Datetime,Open,High,Low,Close,Volume,Dividends,Stock Splits
2025-04-21 09:30:00-04:00,7.269999980926514,7.346499919891357,7.21999979019165,7.234399795532227,283242,0.0,0.0
2025-04-21 09:31:00-04:00,7.222400188446045,7.289999961853027,7.21999979019165,7.289999961853027,44496,0.0,0.0
2025-04-21 09:32:00-04:00,7.260000228881836,7.2718000411987305,7.210000038146973,7.210000038146973,16536,0.0,0.0
2025-04-21 09:33:00-04:00,7.199999809265137,7.199999809265137,7.164999961853027,7.164999961853027,28443,0.0,0.0
2025-04-21 09:34:00-04:00,7.169899940490723,7.169899940490723,7.130000114440918,7.150000095367432,29152,0.0,0.0
2025-04-21 09:35:00-04:00,7.150000095367432,7.159999847412109,7.070000171661377,7.079999923706055,48505,0.0,0.0
2025-04-21 09:36:00-04:00,7.079999923706055,7.119999885559082,7.070000171661377,7.079999923706055,39632,0.0,0.0
2025-04-21 09:37:00-04:00,7.070000171661377,7.139999866485596,7.070000171661377,7.139999866485596,17782,0.0,0.0
2025-04-21 09:38:00-04:00,7.139999866485596,7.140100002288818,7.110000133514404,7.130000114440918,11607,0.0,0.0
2025-04-21 09:39:00-04:00,7.110099792480469,7.129499912261963,7.099999904632568,7.110000133514404,13270,0.0,0.0
2025-04-21 09:40:00-04:00,7.110000133514404,7.119999885559082,7.099999904632568,7.110000133514404,8410,0.0,0.0
2025-04-21 09:41:00-04:00,7.111199855804443,7.119999885559082,7.085000038146973,7.09499979019165,16248,0.0,0.0
2025-04-21 09:42:00-04:00,7.091000080108643,7.091000080108643,7.050000190734863,7.054999828338623,28935,0.0,0.0
2025-04-21 09:43:00-04:00,7.059999942779541,7.059999942779541,7.010000228881836,7.0329999923706055,43430,0.0,0.0
2025-04-21 09:44:00-04:00,7.0269999504089355,7.039999961853027,7.010000228881836,7.034999847412109,14932,0.0,0.0
2025-04-21 09:45:00-04:00,7.039999961853027,7.065000057220459,7.034999847412109,7.039999961853027,14425,0.0,0.0
2025-04-21 09:46:00-04:00,7.039999961853027,7.039999961853027,7.019999980926514,7.03000020980835,34806,0.0,0.0
2025-04-21 09:47:00-04:00,7.0279998779296875,7.065000057220459,7.025000095367432,7.065000057220459,10404,0.0,0.0
2025-04-21 09:48:00-04:00,7.059999942779541,7.070000171661377,7.052499771118164,7.070000171661377,12519,0.0,0.0
2025-04-21 09:49:00-04:00,7.070000171661377,7.099999904632568,7.070000171661377,7.097599983215332,26863,0.0,0.0
2025-04-21 09:50:00-04:00,7.099899768829346,7.099999904632568,7.059999942779541,7.079999923706055,24259,0.0,0.0
2025-04-21 09:51:00-04:00,7.069200038909912,7.085000038146973,7.050000190734863,7.050000190734863,12471,0.0,0.0
2025-04-21 09:52:00-04:00,7.042799949645996,7.048699855804443,7.025000095367432,7.03000020980835,16110,0.0,0.0
2025-04-21 09:53:00-04:00,7.039999961853027,7.039999961853027,7.025000095367432,7.025000095367432,9832,0.0,0.0
2025-04-21 09:54:00-04:00,7.025000095367432,7.039999961853027,7.019999980926514,7.025000095367432,9990,0.0,0.0
2025-04-21 09:55:00-04:00,7.0279998779296875,7.039999961853027,7.010000228881836,7.010000228881836,15050,0.0,0.0
2025-04-21 09:56:00-04:00,7.014999866485596,7.014999866485596,6.965000152587891,6.965000152587891,99148,0.0,0.0
2025-04-21 09:57:00-04:00,6.9664998054504395,6.994999885559082,6.965000152587891,6.985000133514404,15224,0.0,0.0
2025-04-21 09:58:00-04:00,6.980000019073486,7.005000114440918,6.96999979019165,6.989999771118164,54875,0.0,0.0
2025-04-21 09:59:00-04:00,6.989999771118164,6.989999771118164,6.949999809265137,6.965000152587891,76909,0.0,0.0
2025-04-21 10:00:00-04:00,6.960000038146973,6.978700160980225,6.929999828338623,6.934999942779541,43476,0.0,0.0
2025-04-21 10:01:00-04:00,6.931300163269043,6.954999923706055,6.929999828338623,6.940000057220459,51196,0.0,0.0
2025-04-21 10:02:00-04:00,6.945000171661377,6.96999979019165,6.939899921417236,6.965000152587891,278,0.0,0.0
2025-04-21 10:03:00-04:00,6.960000038146973,6.960000038146973,6.940000057220459,6.944399833679199,14075,0.0,0.0
2025-04-21 10:04:00-04:00,6.949999809265137,6.9679999351501465,6.949999809265137,6.960000038146973,14122,0.0,0.0
2025-04-21 10:05:00-04:00,6.954999923706055,6.96999979019165,6.949999809265137,6.968599796295166,12267,0.0,0.0
2025-04-21 10:06:00-04:00,6.967700004577637,6.978499889373779,6.965000152587891,6.96999979019165,10783,0.0,0.0
2025-04-21 10:07:00-04:00,6.96120023727417,6.989999771118164,6.96120023727417,6.980000019073486,11833,0.0,0.0
2025-04-21 10:08:00-04:00,6.980000019073486,6.980000019073486,6.960000038146973,6.96999979019165,66053,0.0,0.0
2025-04-21 10:09:00-04:00,6.980000019073486,6.980000019073486,6.940000057220459,6.940000057220459,61990,0.0,0.0
2025-04-21 10:10:00-04:00,6.940000057220459,6.96999979019165,6.938799858093262,6.968800067901611,62921,0.0,0.0
2025-04-21 10:11:00-04:00,6.960000038146973,6.960000038146973,6.931099891662598,6.959799766540527,68542,0.0,0.0
2025-04-21 10:12:00-04:00,6.954999923706055,6.989999771118164,6.949999809265137,6.989999771118164,10894,0.0,0.0
2025-04-21 10:13:00-04:00,6.980000019073486,6.989999771118164,6.965000152587891,6.985000133514404,10203,0.0,0.0
2025-04-21 10:14:00-04:00,6.985000133514404,6.985000133514404,6.96999979019165,6.978600025177002,3605,0.0,0.0
2025-04-21 10:15:00-04:00,6.980000019073486,6.989999771118164,6.96999979019165,6.96999979019165,5395,0.0,0.0
2025-04-21 10:16:00-04:00,6.976500034332275,6.978700160980225,6.945000171661377,6.945000171661377,11752,0.0,0.0
2025-04-21 10:17:00-04:00,6.949999809265137,6.987800121307373,6.948800086975098,6.987800121307373,8329,0.0,0.0
2025-04-21 10:18:00-04:00,6.96999979019165,6.974999904632568,6.960000038146973,6.974999904632568,15093,0.0,0.0
2025-04-21 10:19:00-04:00,6.974999904632568,7.019999980926514,6.974999904632568,7.019999980926514,21948,0.0,0.0
2025-04-21 10:20:00-04:00,7.019999980926514,7.039999961853027,7.019999980926514,7.03000020980835,13462,0.0,0.0
2025-04-21 10:21:00-04:00,7.025000095367432,7.039999961853027,7.019999980926514,7.039899826049805,12351,0.0,0.0
2025-04-21 10:22:00-04:00,7.03000020980835,7.036499977111816,7.020100116729736,7.034999847412109,13118,0.0,0.0
2025-04-21 10:23:00-04:00,7.028800010681152,7.039899826049805,7.019899845123291,7.019899845123291,12717,0.0,0.0
2025-04-21 10:24:00-04:00,7.019999980926514,7.03000020980835,7.019999980926514,7.019999980926514,3087,0.0,0.0
2025-04-21 10:25:00-04:00,7.019999980926514,7.032400131225586,7.019999980926514,7.03000020980835,4889,0.0,0.0
2025-04-21 10:26:00-04:00,7.025000095367432,7.028800010681152,7.014999866485596,7.019999980926514,3441,0.0,0.0
2025-04-21 10:27:00-04:00,7.019999980926514,7.019999980926514,7.0,7.0,4121,0.0,0.0
2025-04-21 10:28:00-04:00,7.0,7.010000228881836,6.994999885559082,7.005000114440918,7123,0.0,0.0
2025-04-21 10:29:00-04:00,7.005000114440918,7.008900165557861,7.005000114440918,7.008600234985352,2333,0.0,0.0
2025-04-21 10:30:00-04:00,7.005000114440918,7.025000095367432,7.005000114440918,7.023499965667725,4311,0.0,0.0
2025-04-21 10:31:00-04:00,7.019999980926514,7.028500080108643,7.0,7.000100135803223,6611,0.0,0.0
2025-04-21 10:32:00-04:00,6.99560022354126,7.003399848937988,6.989999771118164,6.989999771118164,6641,0.0,0.0
2025-04-21 10:33:00-04:00,6.989999771118164,6.991199970245361,6.989999771118164,6.990099906921387,1916,0.0,0.0
2025-04-21 10:34:00-04:00,6.994999885559082,7.0,6.954999923706055,6.965000152587891,30234,0.0,0.0
2025-04-21 10:35:00-04:00,6.96999979019165,6.974999904632568,6.965000152587891,6.974999904632568,5592,0.0,0.0
2025-04-21 10:36:00-04:00,6.974999904632568,6.978300094604492,6.960000038146973,6.974999904632568,16846,0.0,0.0
2025-04-21 10:37:00-04:00,6.974999904632568,6.974999904632568,6.940100193023682,6.945000171661377,75298,0.0,0.0
2025-04-21 10:38:00-04:00,6.940000057220459,6.949999809265137,6.925000190734863,6.940000057220459,53597,0.0,0.0
2025-04-21 10:39:00-04:00,6.949999809265137,6.979899883270264,6.949999809265137,6.965000152587891,17328,0.0,0.0
2025-04-21 10:40:00-04:00,6.96999979019165,6.989999771118164,6.960899829864502,6.989999771118164,7546,0.0,0.0
2025-04-21 10:41:00-04:00,6.989999771118164,6.989999771118164,6.97629976272583,6.97629976272583,4893,0.0,0.0
2025-04-21 10:42:00-04:00,6.96999979019165,6.980000019073486,6.960000038146973,6.960000038146973,16748,0.0,0.0
2025-04-21 10:43:00-04:00,6.960000038146973,6.960000038146973,6.949999809265137,6.949999809265137,7764,0.0,0.0
2025-04-21 10:44:00-04:00,6.948500156402588,6.948500156402588,6.930099964141846,6.936299800872803,3877,0.0,0.0
2025-04-21 10:45:00-04:00,6.929999828338623,6.938600063323975,6.929999828338623,6.938600063323975,3553,0.0,0.0
2025-04-21 10:46:00-04:00,6.929999828338623,6.929999828338623,6.894999980926514,6.903600215911865,35477,0.0,0.0
2025-04-21 10:47:00-04:00,6.900100231170654,6.90500020980835,6.873000144958496,6.881199836730957,31169,0.0,0.0
2025-04-21 10:48:00-04:00,6.889999866485596,6.909900188446045,6.875,6.875,8610,0.0,0.0
2025-04-21 10:49:00-04:00,6.875,6.879199981689453,6.855000019073486,6.869999885559082,43578,0.0,0.0
2025-04-21 10:50:00-04:00,6.860000133514404,6.869900226593018,6.860000133514404,6.865300178527832,6569,0.0,0.0
2025-04-21 10:51:00-04:00,6.865600109100342,6.869999885559082,6.864999771118164,6.865099906921387,10037,0.0,0.0
2025-04-21 10:52:00-04:00,6.86299991607666,6.875,6.860000133514404,6.875,11317,0.0,0.0
2025-04-21 10:53:00-04:00,6.875,6.898600101470947,6.875,6.898600101470947,9244,0.0,0.0
2025-04-21 10:54:00-04:00,6.900000095367432,6.908899784088135,6.898799896240234,6.898799896240234,10714,0.0,0.0
2025-04-21 10:55:00-04:00,6.889999866485596,6.909999847412109,6.889999866485596,6.90500020980835,14459,0.0,0.0
2025-04-21 10:56:00-04:00,6.898900032043457,6.900000095367432,6.898900032043457,6.900000095367432,4156,0.0,0.0
2025-04-21 10:57:00-04:00,6.889999866485596,6.899099826812744,6.885000228881836,6.899099826812744,3155,0.0,0.0
2025-04-21 10:58:00-04:00,6.895599842071533,6.909999847412109,6.889999866485596,6.909999847412109,32002,0.0,0.0
2025-04-21 10:59:00-04:00,6.909999847412109,6.920000076293945,6.909999847412109,6.914999961853027,4007,0.0,0.0
2025-04-21 11:00:00-04:00,6.911099910736084,6.934999942779541,6.911099910736084,6.934999942779541,3650,0.0,0.0
2025-04-21 11:01:00-04:00,6.940000057220459,6.940000057220459,6.900000095367432,6.90910005569458,13398,0.0,0.0
2025-04-21 11:02:00-04:00,6.90500020980835,6.909900188446045,6.904399871826172,6.906199932098389,1950,0.0,0.0
2025-04-21 11:03:00-04:00,6.90500020980835,6.909900188446045,6.90500020980835,6.90500020980835,2451,0.0,0.0
2025-04-21 11:04:00-04:00,6.909999847412109,6.909999847412109,6.888899803161621,6.888899803161621,13473,0.0,0.0
2025-04-21 11:05:00-04:00,6.889999866485596,6.900000095367432,6.889999866485596,6.900000095367432,20978,0.0,0.0
2025-04-21 11:06:00-04:00,6.900000095367432,6.900000095367432,6.889999866485596,6.896399974822998,22762,0.0,0.0
2025-04-21 11:07:00-04:00,6.900000095367432,6.900000095367432,6.885000228881836,6.888999938964844,3491,0.0,0.0
2025-04-21 11:08:00-04:00,6.888999938964844,6.888999938964844,6.869999885559082,6.869999885559082,24607,0.0,0.0
2025-04-21 11:09:00-04:00,6.879700183868408,6.888999938964844,6.879700183868408,6.888999938964844,4224,0.0,0.0
2025-04-21 11:10:00-04:00,6.889100074768066,6.894999980926514,6.8744001388549805,6.8744001388549805,24342,0.0,0.0
2025-04-21 11:11:00-04:00,6.880000114440918,6.880000114440918,6.873000144958496,6.880000114440918,7044,0.0,0.0
2025-04-21 11:12:00-04:00,6.889999866485596,6.889999866485596,6.883500099182129,6.884399890899658,953,0.0,0.0
2025-04-21 11:13:00-04:00,6.885000228881836,6.889999866485596,6.864999771118164,6.864999771118164,5884,0.0,0.0
2025-04-21 11:14:00-04:00,6.8678998947143555,6.869999885559082,6.8678998947143555,6.869900226593018,4163,0.0,0.0
2025-04-21 11:15:00-04:00,6.864999771118164,6.867199897766113,6.864799976348877,6.867199897766113,1636,0.0,0.0
2025-04-21 11:16:00-04:00,6.869999885559082,6.869999885559082,6.860000133514404,6.864999771118164,3256,0.0,0.0
2025-04-21 11:17:00-04:00,6.864999771118164,6.869999885559082,6.864999771118164,6.869999885559082,3020,0.0,0.0
2025-04-21 11:18:00-04:00,6.869999885559082,6.880000114440918,6.869999885559082,6.8765997886657715,4164,0.0,0.0
2025-04-21 11:19:00-04:00,6.880000114440918,6.889999866485596,6.880000114440918,6.889200210571289,7275,0.0,0.0
2025-04-21 11:20:00-04:00,6.880300045013428,6.885000228881836,6.869999885559082,6.869999885559082,5842,0.0,0.0
2025-04-21 11:21:00-04:00,6.869200229644775,6.880000114440918,6.860099792480469,6.868800163269043,41404,0.0,0.0
2025-04-21 11:22:00-04:00,6.864999771118164,6.869999885559082,6.860000133514404,6.860000133514404,2278,0.0,0.0
2025-04-21 11:23:00-04:00,6.860000133514404,6.879899978637695,6.860000133514404,6.875,7294,0.0,0.0
2025-04-21 11:24:00-04:00,6.876399993896484,6.876399993896484,6.864500045776367,6.864500045776367,9447,0.0,0.0
2025-04-21 11:25:00-04:00,6.864999771118164,6.864999771118164,6.849999904632568,6.860000133514404,34127,0.0,0.0
2025-04-21 11:26:00-04:00,6.849999904632568,6.849999904632568,6.829999923706055,6.84499979019165,27152,0.0,0.0
2025-04-21 11:27:00-04:00,6.848800182342529,6.848800182342529,6.840000152587891,6.840000152587891,2324,0.0,0.0
2025-04-21 11:28:00-04:00,6.831200122833252,6.840000152587891,6.820000171661377,6.828800201416016,9940,0.0,0.0
2025-04-21 11:29:00-04:00,6.829999923706055,6.829999923706055,6.820000171661377,6.820000171661377,2827,0.0,0.0
2025-04-21 11:30:00-04:00,6.829899787902832,6.829899787902832,6.800000190734863,6.809899806976318,24823,0.0,0.0
2025-04-21 11:31:00-04:00,6.808800220489502,6.809000015258789,6.789999961853027,6.795000076293945,21778,0.0,0.0
2025-04-21 11:32:00-04:00,6.795000076293945,6.799699783325195,6.795000076293945,6.795000076293945,3614,0.0,0.0
2025-04-21 11:33:00-04:00,6.795000076293945,6.795000076293945,6.78000020980835,6.784999847412109,16257,0.0,0.0
2025-04-21 11:34:00-04:00,6.784999847412109,6.784999847412109,6.775000095367432,6.78000020980835,4409,0.0,0.0
2025-04-21 11:35:00-04:00,6.775000095367432,6.789999961853027,6.775000095367432,6.789999961853027,5926,0.0,0.0
2025-04-21 11:36:00-04:00,6.788700103759766,6.788700103759766,6.769999980926514,6.775000095367432,7949,0.0,0.0
2025-04-21 11:37:00-04:00,6.775000095367432,6.78000020980835,6.769999980926514,6.775000095367432,8728,0.0,0.0
2025-04-21 11:38:00-04:00,6.775000095367432,6.78000020980835,6.770999908447266,6.775000095367432,8386,0.0,0.0
2025-04-21 11:39:00-04:00,6.770299911499023,6.775000095367432,6.75,6.755000114440918,17776,0.0,0.0
2025-04-21 11:40:00-04:00,6.750100135803223,6.78000020980835,6.750100135803223,6.774400234222412,22210,0.0,0.0
2025-04-21 11:41:00-04:00,6.78000020980835,6.789999961853027,6.772200107574463,6.775000095367432,16245,0.0,0.0
2025-04-21 11:42:00-04:00,6.774400234222412,6.779900074005127,6.760000228881836,6.760000228881836,8124,0.0,0.0
2025-04-21 11:43:00-04:00,6.764999866485596,6.78000020980835,6.764999866485596,6.775000095367432,4423,0.0,0.0
2025-04-21 11:44:00-04:00,6.764999866485596,6.78000020980835,6.760000228881836,6.760000228881836,27863,0.0,0.0
2025-04-21 11:45:00-04:00,6.764999866485596,6.779099941253662,6.764999866485596,6.775000095367432,15416,0.0,0.0
2025-04-21 11:46:00-04:00,6.775000095367432,6.798600196838379,6.775000095367432,6.781099796295166,14863,0.0,0.0
2025-04-21 11:47:00-04:00,6.784999847412109,6.789899826049805,6.78000020980835,6.788700103759766,11619,0.0,0.0
2025-04-21 11:48:00-04:00,6.7895002365112305,6.789999961853027,6.781099796295166,6.789999961853027,6057,0.0,0.0
2025-04-21 11:49:00-04:00,6.785200119018555,6.789999961853027,6.784999847412109,6.784999847412109,3723,0.0,0.0
2025-04-21 11:50:00-04:00,6.789999961853027,6.800000190734863,6.781199932098389,6.795000076293945,17735,0.0,0.0
2025-04-21 11:51:00-04:00,6.7906999588012695,6.799699783325195,6.789999961853027,6.789999961853027,12911,0.0,0.0
2025-04-21 11:52:00-04:00,6.795000076293945,6.795000076293945,6.789899826049805,6.795000076293945,11316,0.0,0.0
2025-04-21 11:53:00-04:00,6.798900127410889,6.804999828338623,6.789999961853027,6.795000076293945,18628,0.0,0.0
2025-04-21 11:54:00-04:00,6.798799991607666,6.820000171661377,6.789999961853027,6.820000171661377,21397,0.0,0.0
2025-04-21 11:55:00-04:00,6.809999942779541,6.809999942779541,6.789999961853027,6.80079984664917,11189,0.0,0.0
2025-04-21 11:56:00-04:00,6.804999828338623,6.815000057220459,6.804999828338623,6.815000057220459,5368,0.0,0.0
2025-04-21 11:57:00-04:00,6.818900108337402,6.818900108337402,6.814899921417236,6.815000057220459,3836,0.0,0.0
2025-04-21 11:58:00-04:00,6.815000057220459,6.829999923706055,6.815000057220459,6.824999809265137,14298,0.0,0.0
2025-04-21 11:59:00-04:00,6.820000171661377,6.820000171661377,6.815000057220459,6.815299987792969,2846,0.0,0.0
2025-04-21 12:00:00-04:00,6.820000171661377,6.829999923706055,6.810100078582764,6.820000171661377,19195,0.0,0.0
2025-04-21 12:01:00-04:00,6.820000171661377,6.840000152587891,6.8144001960754395,6.840000152587891,36370,0.0,0.0
2025-04-21 12:02:00-04:00,6.835000038146973,6.840000152587891,6.835000038146973,6.835000038146973,5608,0.0,0.0
2025-04-21 12:03:00-04:00,6.839900016784668,6.849999904632568,6.835000038146973,6.84499979019165,23798,0.0,0.0
2025-04-21 12:04:00-04:00,6.841000080108643,6.848700046539307,6.840000152587891,6.848599910736084,5658,0.0,0.0
2025-04-21 12:05:00-04:00,6.849999904632568,6.860000133514404,6.849999904632568,6.860000133514404,16657,0.0,0.0
2025-04-21 12:06:00-04:00,6.869999885559082,6.869999885559082,6.864999771118164,6.864999771118164,2600,0.0,0.0
2025-04-21 12:07:00-04:00,6.8643999099731445,6.865200042724609,6.860000133514404,6.860000133514404,8376,0.0,0.0
2025-04-21 12:08:00-04:00,6.858799934387207,6.858799934387207,6.8516998291015625,6.855000019073486,3948,0.0,0.0
2025-04-21 12:09:00-04:00,6.859899997711182,6.864999771118164,6.855000019073486,6.859300136566162,15522,0.0,0.0
2025-04-21 12:10:00-04:00,6.850100040435791,6.850100040435791,6.835000038146973,6.840000152587891,12921,0.0,0.0
2025-04-21 12:12:00-04:00,6.855000019073486,6.860000133514404,6.855000019073486,6.860000133514404,1487,0.0,0.0
2025-04-21 12:13:00-04:00,6.855000019073486,6.860000133514404,6.855000019073486,6.860000133514404,1935,0.0,0.0
2025-04-21 12:14:00-04:00,6.854400157928467,6.860000133514404,6.854400157928467,6.855000019073486,3572,0.0,0.0
2025-04-21 12:15:00-04:00,6.855000019073486,6.860000133514404,6.84499979019165,6.84499979019165,5812,0.0,0.0
2025-04-21 12:16:00-04:00,6.8403000831604,6.8403000831604,6.8379998207092285,6.8379998207092285,3705,0.0,0.0
2025-04-21 12:17:00-04:00,6.840000152587891,6.849999904632568,6.840000152587891,6.849999904632568,3542,0.0,0.0
2025-04-21 12:18:00-04:00,6.840000152587891,6.840000152587891,6.829999923706055,6.829999923706055,12412,0.0,0.0
2025-04-21 12:19:00-04:00,6.829999923706055,6.838900089263916,6.829999923706055,6.835000038146973,4174,0.0,0.0
2025-04-21 12:20:00-04:00,6.8302001953125,6.837699890136719,6.829999923706055,6.836299896240234,6174,0.0,0.0
2025-04-21 12:21:00-04:00,6.838799953460693,6.840000152587891,6.835000038146973,6.840000152587891,3723,0.0,0.0
2025-04-21 12:22:00-04:00,6.840000152587891,6.840000152587891,6.824999809265137,6.8282999992370605,5528,0.0,0.0
2025-04-21 12:23:00-04:00,6.829999923706055,6.840000152587891,6.829999923706055,6.840000152587891,3659,0.0,0.0
2025-04-21 12:25:00-04:00,6.835000038146973,6.836999893188477,6.835000038146973,6.836999893188477,1499,0.0,0.0
2025-04-21 12:26:00-04:00,6.838699817657471,6.838699817657471,6.835000038146973,6.835000038146973,819,0.0,0.0
2025-04-21 12:27:00-04:00,6.840000152587891,6.840000152587891,6.835000038146973,6.835000038146973,1661,0.0,0.0
2025-04-21 12:28:00-04:00,6.835000038146973,6.835000038146973,6.824999809265137,6.835000038146973,11446,0.0,0.0
2025-04-21 12:29:00-04:00,6.840000152587891,6.840000152587891,6.835000038146973,6.835000038146973,2967,0.0,0.0
2025-04-21 12:30:00-04:00,6.849699974060059,6.849999904632568,6.849699974060059,6.849999904632568,3080,0.0,0.0
2025-04-21 12:31:00-04:00,6.855000019073486,6.864999771118164,6.854400157928467,6.864999771118164,7521,0.0,0.0
2025-04-21 12:32:00-04:00,6.861100196838379,6.875,6.861100196838379,6.875,3758,0.0,0.0
2025-04-21 12:33:00-04:00,6.875,6.878900051116943,6.869999885559082,6.875,2535,0.0,0.0
2025-04-21 12:34:00-04:00,6.875,6.875,6.849999904632568,6.855000019073486,16548,0.0,0.0
2025-04-21 12:35:00-04:00,6.855000019073486,6.86899995803833,6.855000019073486,6.86899995803833,3942,0.0,0.0
2025-04-21 12:36:00-04:00,6.869999885559082,6.878799915313721,6.869999885559082,6.878300189971924,4375,0.0,0.0
2025-04-21 12:37:00-04:00,6.878600120544434,6.880000114440918,6.875,6.880000114440918,4367,0.0,0.0
2025-04-21 12:38:00-04:00,6.880000114440918,6.880000114440918,6.874899864196777,6.875,6444,0.0,0.0
2025-04-21 12:39:00-04:00,6.876299858093262,6.880000114440918,6.876299858093262,6.879899978637695,1908,0.0,0.0
2025-04-21 12:40:00-04:00,6.878799915313721,6.878799915313721,6.875,6.875,1011,0.0,0.0
2025-04-21 12:41:00-04:00,6.875,6.880000114440918,6.875,6.880000114440918,2148,0.0,0.0
2025-04-21 12:42:00-04:00,6.875,6.889900207519531,6.875,6.885000228881836,9986,0.0,0.0
2025-04-21 12:43:00-04:00,6.889999866485596,6.889999866485596,6.885000228881836,6.889999866485596,2808,0.0,0.0
2025-04-21 12:44:00-04:00,6.888999938964844,6.889100074768066,6.885000228881836,6.889100074768066,4249,0.0,0.0
2025-04-21 12:45:00-04:00,6.885000228881836,6.885000228881836,6.876100063323975,6.876100063323975,8136,0.0,0.0
2025-04-21 12:46:00-04:00,6.880000114440918,6.889999866485596,6.880000114440918,6.889999866485596,3691,0.0,0.0
2025-04-21 12:47:00-04:00,6.880000114440918,6.880000114440918,6.860000133514404,6.860000133514404,14289,0.0,0.0
2025-04-21 12:48:00-04:00,6.855000019073486,6.860000133514404,6.855000019073486,6.860000133514404,2085,0.0,0.0
2025-04-21 12:49:00-04:00,6.855000019073486,6.855000019073486,6.855000019073486,6.855000019073486,533,0.0,0.0
2025-04-21 12:50:00-04:00,6.855599880218506,6.855599880218506,6.840000152587891,6.84499979019165,3521,0.0,0.0
2025-04-21 12:51:00-04:00,6.849999904632568,6.849999904632568,6.840000152587891,6.840000152587891,5635,0.0,0.0
2025-04-21 12:52:00-04:00,6.84499979019165,6.84499979019165,6.844399929046631,6.844399929046631,1665,0.0,0.0
2025-04-21 12:53:00-04:00,6.84499979019165,6.848700046539307,6.8302998542785645,6.84499979019165,18110,0.0,0.0
2025-04-21 12:54:00-04:00,6.849999904632568,6.849999904632568,6.848700046539307,6.848700046539307,1768,0.0,0.0
2025-04-21 12:55:00-04:00,6.840000152587891,6.84499979019165,6.835000038146973,6.835000038146973,7131,0.0,0.0
2025-04-21 12:56:00-04:00,6.831099987030029,6.838699817657471,6.830999851226807,6.831500053405762,6837,0.0,0.0
2025-04-21 12:57:00-04:00,6.829999923706055,6.829999923706055,6.824999809265137,6.824999809265137,9399,0.0,0.0
2025-04-21 12:58:00-04:00,6.828800201416016,6.831200122833252,6.824999809265137,6.831200122833252,12650,0.0,0.0
2025-04-21 12:59:00-04:00,6.839900016784668,6.839900016784668,6.835000038146973,6.835000038146973,1533,0.0,0.0
2025-04-21 13:00:00-04:00,6.834400177001953,6.869999885559082,6.834400177001953,6.869999885559082,5187,0.0,0.0
2025-04-21 13:01:00-04:00,6.869999885559082,6.880000114440918,6.860000133514404,6.860000133514404,14048,0.0,0.0
2025-04-21 13:02:00-04:00,6.849999904632568,6.849999904632568,6.840000152587891,6.840000152587891,5810,0.0,0.0
2025-04-21 13:03:00-04:00,6.835000038146973,6.835000038146973,6.815000057220459,6.820000171661377,9309,0.0,0.0
2025-04-21 13:04:00-04:00,6.824999809265137,6.8256001472473145,6.814799785614014,6.820000171661377,7400,0.0,0.0
2025-04-21 13:05:00-04:00,6.824999809265137,6.828800201416016,6.824999809265137,6.824999809265137,1120,0.0,0.0
2025-04-21 13:06:00-04:00,6.824999809265137,6.824999809265137,6.820000171661377,6.820000171661377,1587,0.0,0.0
2025-04-21 13:07:00-04:00,6.820000171661377,6.820000171661377,6.814799785614014,6.815000057220459,10106,0.0,0.0
2025-04-21 13:08:00-04:00,6.815000057220459,6.8155999183654785,6.809999942779541,6.809999942779541,3082,0.0,0.0
2025-04-21 13:09:00-04:00,6.820000171661377,6.829999923706055,6.820000171661377,6.824999809265137,5011,0.0,0.0
2025-04-21 13:10:00-04:00,6.829899787902832,6.829899787902832,6.820000171661377,6.820000171661377,1602,0.0,0.0
2025-04-21 13:11:00-04:00,6.824999809265137,6.828700065612793,6.824999809265137,6.824999809265137,869,0.0,0.0
2025-04-21 13:12:00-04:00,6.829800128936768,6.829999923706055,6.824999809265137,6.824999809265137,1439,0.0,0.0
2025-04-21 13:13:00-04:00,6.820000171661377,6.820000171661377,6.815000057220459,6.815000057220459,3766,0.0,0.0
2025-04-21 13:14:00-04:00,6.815000057220459,6.820000171661377,6.815000057220459,6.815000057220459,5361,0.0,0.0
2025-04-21 13:15:00-04:00,6.815000057220459,6.815000057220459,6.804999828338623,6.804999828338623,10369,0.0,0.0
2025-04-21 13:16:00-04:00,6.804999828338623,6.809899806976318,6.804800033569336,6.8094000816345215,19345,0.0,0.0
2025-04-21 13:17:00-04:00,6.804999828338623,6.820000171661377,6.800000190734863,6.820000171661377,18646,0.0,0.0
2025-04-21 13:18:00-04:00,6.815000057220459,6.815000057220459,6.810100078582764,6.810100078582764,1777,0.0,0.0
2025-04-21 13:19:00-04:00,6.820000171661377,6.835999965667725,6.820000171661377,6.835999965667725,8610,0.0,0.0
2025-04-21 13:20:00-04:00,6.829999923706055,6.829999923706055,6.820000171661377,6.829999923706055,3142,0.0,0.0
2025-04-21 13:21:00-04:00,6.835000038146973,6.849999904632568,6.834700107574463,6.849800109863281,11249,0.0,0.0
2025-04-21 13:22:00-04:00,6.84499979019165,6.84499979019165,6.84499979019165,6.84499979019165,463,0.0,0.0
2025-04-21 13:23:00-04:00,6.84499979019165,6.860000133514404,6.84499979019165,6.860000133514404,6358,0.0,0.0
2025-04-21 13:24:00-04:00,6.849999904632568,6.849999904632568,6.835000038146973,6.835000038146973,7821,0.0,0.0
2025-04-21 13:25:00-04:00,6.829999923706055,6.829999923706055,6.829999923706055,6.829999923706055,2219,0.0,0.0
2025-04-21 13:26:00-04:00,6.829999923706055,6.829999923706055,6.824999809265137,6.829999923706055,1666,0.0,0.0
2025-04-21 13:27:00-04:00,6.835000038146973,6.835000038146973,6.835000038146973,6.835000038146973,1048,0.0,0.0
2025-04-21 13:28:00-04:00,6.835000038146973,6.840000152587891,6.829999923706055,6.829999923706055,10358,0.0,0.0
2025-04-21 13:29:00-04:00,6.838900089263916,6.838900089263916,6.838900089263916,6.838900089263916,421,0.0,0.0
2025-04-21 13:30:00-04:00,6.835000038146973,6.839900016784668,6.829999923706055,6.835000038146973,4678,0.0,0.0
2025-04-21 13:31:00-04:00,6.840000152587891,6.84499979019165,6.840000152587891,6.84119987487793,5651,0.0,0.0
2025-04-21 13:32:00-04:00,6.849999904632568,6.855000019073486,6.840000152587891,6.840000152587891,13198,0.0,0.0
2025-04-21 13:33:00-04:00,6.835000038146973,6.838699817657471,6.827000141143799,6.835000038146973,8974,0.0,0.0
2025-04-21 13:34:00-04:00,6.835000038146973,6.838699817657471,6.830100059509277,6.838699817657471,2708,0.0,0.0
2025-04-21 13:35:00-04:00,6.829999923706055,6.8343000411987305,6.820000171661377,6.8343000411987305,7570,0.0,0.0
2025-04-21 13:36:00-04:00,6.8302001953125,6.8302001953125,6.830100059509277,6.830100059509277,2799,0.0,0.0
2025-04-21 13:37:00-04:00,6.829999923706055,6.829999923706055,6.82480001449585,6.824999809265137,13226,0.0,0.0
2025-04-21 13:38:00-04:00,6.829999923706055,6.829999923706055,6.820000171661377,6.824999809265137,1910,0.0,0.0
2025-04-21 13:39:00-04:00,6.82889986038208,6.82889986038208,6.820000171661377,6.820000171661377,4552,0.0,0.0
2025-04-21 13:40:00-04:00,6.828700065612793,6.829999923706055,6.824999809265137,6.829999923706055,3291,0.0,0.0
2025-04-21 13:41:00-04:00,6.821100234985352,6.829899787902832,6.821100234985352,6.829899787902832,3525,0.0,0.0
2025-04-21 13:42:00-04:00,6.829999923706055,6.829999923706055,6.824999809265137,6.829999923706055,7101,0.0,0.0
2025-04-21 13:43:00-04:00,6.824999809265137,6.829999923706055,6.82420015335083,6.82420015335083,3576,0.0,0.0
2025-04-21 13:44:00-04:00,6.820000171661377,6.839000225067139,6.820000171661377,6.839000225067139,3070,0.0,0.0
2025-04-21 13:45:00-04:00,6.835000038146973,6.840000152587891,6.835000038146973,6.835000038146973,4108,0.0,0.0
2025-04-21 13:46:00-04:00,6.840000152587891,6.840000152587891,6.820000171661377,6.820000171661377,9181,0.0,0.0
2025-04-21 13:47:00-04:00,6.815000057220459,6.815000057220459,6.809999942779541,6.815000057220459,5548,0.0,0.0
2025-04-21 13:48:00-04:00,6.815000057220459,6.815000057220459,6.811100006103516,6.815000057220459,1784,0.0,0.0
2025-04-21 13:49:00-04:00,6.815000057220459,6.815000057220459,6.815000057220459,6.815000057220459,390,0.0,0.0
2025-04-21 13:50:00-04:00,6.815000057220459,6.820000171661377,6.815000057220459,6.819900035858154,2834,0.0,0.0
2025-04-21 13:51:00-04:00,6.829999923706055,6.829999923706055,6.824999809265137,6.824999809265137,1739,0.0,0.0
2025-04-21 13:52:00-04:00,6.829999923706055,6.838699817657471,6.827700138092041,6.838699817657471,3668,0.0,0.0
2025-04-21 13:53:00-04:00,6.835000038146973,6.840000152587891,6.835000038146973,6.835000038146973,12058,0.0,0.0
2025-04-21 13:54:00-04:00,6.835000038146973,6.840000152587891,6.835000038146973,6.840000152587891,1323,0.0,0.0
2025-04-21 13:55:00-04:00,6.835000038146973,6.840000152587891,6.835000038146973,6.835000038146973,3135,0.0,0.0
2025-04-21 13:56:00-04:00,6.835000038146973,6.840000152587891,6.829999923706055,6.829999923706055,5153,0.0,0.0
2025-04-21 13:57:00-04:00,6.835000038146973,6.835000038146973,6.835000038146973,6.835000038146973,1363,0.0,0.0
2025-04-21 13:58:00-04:00,6.829999923706055,6.829999923706055,6.824999809265137,6.828999996185303,11718,0.0,0.0
2025-04-21 13:59:00-04:00,6.829999923706055,6.840000152587891,6.829999923706055,6.840000152587891,14267,0.0,0.0
2025-04-21 14:00:00-04:00,6.84499979019165,6.84499979019165,6.84499979019165,6.84499979019165,645,0.0,0.0
2025-04-21 14:01:00-04:00,6.84499979019165,6.848700046539307,6.84499979019165,6.84499979019165,1082,0.0,0.0
2025-04-21 14:02:00-04:00,6.849999904632568,6.864999771118164,6.849999904632568,6.860799789428711,22158,0.0,0.0
2025-04-21 14:03:00-04:00,6.869999885559082,6.880000114440918,6.869999885559082,6.878699779510498,11795,0.0,0.0
2025-04-21 14:04:00-04:00,6.8755998611450195,6.888899803161621,6.874199867248535,6.880000114440918,19656,0.0,0.0
2025-04-21 14:05:00-04:00,6.875,6.875,6.860099792480469,6.860099792480469,6946,0.0,0.0
2025-04-21 14:06:00-04:00,6.869999885559082,6.880000114440918,6.869999885559082,6.870100021362305,2169,0.0,0.0
2025-04-21 14:07:00-04:00,6.880000114440918,6.8805999755859375,6.875,6.875,7298,0.0,0.0
2025-04-21 14:08:00-04:00,6.875,6.880000114440918,6.871099948883057,6.880000114440918,1205,0.0,0.0
2025-04-21 14:09:00-04:00,6.880000114440918,6.889999866485596,6.875,6.889999866485596,10227,0.0,0.0
2025-04-21 14:10:00-04:00,6.888899803161621,6.889900207519531,6.885000228881836,6.885000228881836,2314,0.0,0.0
2025-04-21 14:11:00-04:00,6.884399890899658,6.90500020980835,6.884399890899658,6.90500020980835,15461,0.0,0.0
2025-04-21 14:12:00-04:00,6.900000095367432,6.900000095367432,6.891300201416016,6.900000095367432,10671,0.0,0.0
2025-04-21 14:13:00-04:00,6.89169979095459,6.89169979095459,6.885000228881836,6.889999866485596,7616,0.0,0.0
2025-04-21 14:14:00-04:00,6.888000011444092,6.888000011444092,6.885000228881836,6.885000228881836,1580,0.0,0.0
2025-04-21 14:15:00-04:00,6.885000228881836,6.885000228881836,6.885000228881836,6.885000228881836,1655,0.0,0.0
2025-04-21 14:16:00-04:00,6.885000228881836,6.889999866485596,6.883600234985352,6.889999866485596,6981,0.0,0.0
2025-04-21 14:17:00-04:00,6.89709997177124,6.919899940490723,6.89709997177124,6.919899940490723,39780,0.0,0.0
2025-04-21 14:18:00-04:00,6.915599822998047,6.925000190734863,6.914400100708008,6.925000190734863,3817,0.0,0.0
2025-04-21 14:19:00-04:00,6.920000076293945,6.920000076293945,6.910299777984619,6.914700031280518,5567,0.0,0.0
2025-04-21 14:20:00-04:00,6.918700218200684,6.918700218200684,6.909999847412109,6.909999847412109,3032,0.0,0.0
2025-04-21 14:21:00-04:00,6.90500020980835,6.9096999168396,6.900300025939941,6.9096999168396,4224,0.0,0.0
2025-04-21 14:22:00-04:00,6.90500020980835,6.909999847412109,6.901400089263916,6.901400089263916,865,0.0,0.0
2025-04-21 14:23:00-04:00,6.900000095367432,6.90500020980835,6.890200138092041,6.90500020980835,17403,0.0,0.0
2025-04-21 14:24:00-04:00,6.9054999351501465,6.9054999351501465,6.900000095367432,6.900000095367432,3298,0.0,0.0
2025-04-21 14:25:00-04:00,6.900000095367432,6.900000095367432,6.894999980926514,6.894999980926514,1836,0.0,0.0
2025-04-21 14:26:00-04:00,6.895599842071533,6.904699802398682,6.895599842071533,6.904699802398682,3552,0.0,0.0
2025-04-21 14:27:00-04:00,6.908599853515625,6.920000076293945,6.908599853515625,6.911099910736084,4697,0.0,0.0
2025-04-21 14:28:00-04:00,6.909999847412109,6.909999847412109,6.90500020980835,6.90500020980835,3360,0.0,0.0
2025-04-21 14:29:00-04:00,6.900000095367432,6.909900188446045,6.894999980926514,6.909900188446045,3614,0.0,0.0
2025-04-21 14:30:00-04:00,6.909999847412109,6.920000076293945,6.909999847412109,6.920000076293945,3703,0.0,0.0
2025-04-21 14:31:00-04:00,6.918900012969971,6.920000076293945,6.918900012969971,6.920000076293945,862,0.0,0.0
2025-04-21 14:32:00-04:00,6.920000076293945,6.924699783325195,6.920000076293945,6.9243998527526855,1202,0.0,0.0
2025-04-21 14:33:00-04:00,6.925000190734863,6.929999828338623,6.925000190734863,6.929999828338623,3776,0.0,0.0
2025-04-21 14:34:00-04:00,6.938799858093262,6.938799858093262,6.914999961853027,6.914999961853027,11129,0.0,0.0
2025-04-21 14:35:00-04:00,6.914999961853027,6.929999828338623,6.914999961853027,6.920100212097168,3268,0.0,0.0
2025-04-21 14:36:00-04:00,6.925000190734863,6.925000190734863,6.919000148773193,6.919000148773193,2447,0.0,0.0
2025-04-21 14:37:00-04:00,6.914999961853027,6.914999961853027,6.914999961853027,6.914999961853027,664,0.0,0.0
2025-04-21 14:38:00-04:00,6.920000076293945,6.920000076293945,6.920000076293945,6.920000076293945,3404,0.0,0.0
2025-04-21 14:39:00-04:00,6.909999847412109,6.910200119018555,6.909999847412109,6.909999847412109,1049,0.0,0.0
2025-04-21 14:40:00-04:00,6.909999847412109,6.909999847412109,6.900000095367432,6.901700019836426,12556,0.0,0.0
2025-04-21 14:41:00-04:00,6.908999919891357,6.909999847412109,6.900000095367432,6.909999847412109,26032,0.0,0.0
2025-04-21 14:42:00-04:00,6.90500020980835,6.9096999168396,6.9045000076293945,6.9096999168396,2731,0.0,0.0
2025-04-21 14:43:00-04:00,6.909999847412109,6.914999961853027,6.909999847412109,6.914999961853027,1398,0.0,0.0
2025-04-21 14:44:00-04:00,6.909999847412109,6.920000076293945,6.909999847412109,6.920000076293945,3565,0.0,0.0
2025-04-21 14:45:00-04:00,6.918799877166748,6.920000076293945,6.914999961853027,6.919099807739258,6300,0.0,0.0
2025-04-21 14:46:00-04:00,6.920000076293945,6.925000190734863,6.920000076293945,6.925000190734863,4539,0.0,0.0
2025-04-21 14:47:00-04:00,6.92080020904541,6.92080020904541,6.920000076293945,6.920000076293945,3731,0.0,0.0
2025-04-21 14:48:00-04:00,6.925000190734863,6.938600063323975,6.925000190734863,6.938600063323975,6540,0.0,0.0
2025-04-21 14:49:00-04:00,6.940000057220459,6.954999923706055,6.940000057220459,6.954999923706055,2720,0.0,0.0
2025-04-21 14:50:00-04:00,6.949999809265137,6.954999923706055,6.925000190734863,6.925600051879883,18655,0.0,0.0
2025-04-21 14:51:00-04:00,6.929999828338623,6.929999828338623,6.920000076293945,6.920000076293945,731,0.0,0.0
2025-04-21 14:52:00-04:00,6.920000076293945,6.925600051879883,6.920000076293945,6.925600051879883,6188,0.0,0.0
2025-04-21 14:53:00-04:00,6.920000076293945,6.928999900817871,6.920000076293945,6.920000076293945,13663,0.0,0.0
2025-04-21 14:54:00-04:00,6.914999961853027,6.918900012969971,6.909999847412109,6.914999961853027,1990,0.0,0.0
2025-04-21 14:55:00-04:00,6.911200046539307,6.914999961853027,6.911200046539307,6.914999961853027,1381,0.0,0.0
2025-04-21 14:56:00-04:00,6.914999961853027,6.925000190734863,6.914999961853027,6.925000190734863,7637,0.0,0.0
2025-04-21 14:57:00-04:00,6.928699970245361,6.928699970245361,6.909999847412109,6.91349983215332,6750,0.0,0.0
2025-04-21 14:58:00-04:00,6.910099983215332,6.910099983215332,6.908699989318848,6.908699989318848,4124,0.0,0.0
2025-04-21 14:59:00-04:00,6.90880012512207,6.90880012512207,6.90500020980835,6.90500020980835,791,0.0,0.0
2025-04-21 15:00:00-04:00,6.909999847412109,6.920000076293945,6.909999847412109,6.920000076293945,3681,0.0,0.0
2025-04-21 15:01:00-04:00,6.920100212097168,6.929999828338623,6.920100212097168,6.928800106048584,1749,0.0,0.0
2025-04-21 15:02:00-04:00,6.929999828338623,6.948699951171875,6.929999828338623,6.948699951171875,14983,0.0,0.0
2025-04-21 15:03:00-04:00,6.949999809265137,6.949999809265137,6.946300029754639,6.949999809265137,1275,0.0,0.0
2025-04-21 15:04:00-04:00,6.954999923706055,6.960000038146973,6.954999923706055,6.960000038146973,2406,0.0,0.0
2025-04-21 15:05:00-04:00,6.960000038146973,6.96999979019165,6.960000038146973,6.969900131225586,6898,0.0,0.0
2025-04-21 15:06:00-04:00,6.96999979019165,6.96999979019165,6.964399814605713,6.96999979019165,5897,0.0,0.0
2025-04-21 15:07:00-04:00,6.965000152587891,6.965000152587891,6.954999923706055,6.960000038146973,13383,0.0,0.0
2025-04-21 15:08:00-04:00,6.954999923706055,6.954999923706055,6.940000057220459,6.94890022277832,7667,0.0,0.0
2025-04-21 15:09:00-04:00,6.949999809265137,6.95989990234375,6.940100193023682,6.953700065612793,6200,0.0,0.0
2025-04-21 15:10:00-04:00,6.954999923706055,6.960000038146973,6.954999923706055,6.954999923706055,1739,0.0,0.0
2025-04-21 15:11:00-04:00,6.958799839019775,6.958799839019775,6.949999809265137,6.949999809265137,1860,0.0,0.0
2025-04-21 15:12:00-04:00,6.960000038146973,6.965000152587891,6.954999923706055,6.954999923706055,9189,0.0,0.0
2025-04-21 15:13:00-04:00,6.960000038146973,6.96999979019165,6.954999923706055,6.960000038146973,27235,0.0,0.0
2025-04-21 15:14:00-04:00,6.960000038146973,6.960000038146973,6.954400062561035,6.954999923706055,3264,0.0,0.0
2025-04-21 15:15:00-04:00,6.95989990234375,6.960000038146973,6.945000171661377,6.954999923706055,18109,0.0,0.0
2025-04-21 15:16:00-04:00,6.954999923706055,6.954999923706055,6.944399833679199,6.944399833679199,4752,0.0,0.0
2025-04-21 15:17:00-04:00,6.945000171661377,6.945000171661377,6.945000171661377,6.945000171661377,3064,0.0,0.0
2025-04-21 15:18:00-04:00,6.948500156402588,6.96999979019165,6.944399833679199,6.96999979019165,11119,0.0,0.0
2025-04-21 15:19:00-04:00,6.9629998207092285,6.985000133514404,6.9629998207092285,6.980000019073486,7882,0.0,0.0
2025-04-21 15:20:00-04:00,6.980000019073486,6.980000019073486,6.980000019073486,6.980000019073486,2418,0.0,0.0
2025-04-21 15:21:00-04:00,6.980000019073486,6.980000019073486,6.980000019073486,6.980000019073486,2771,0.0,0.0
2025-04-21 15:22:00-04:00,6.975100040435791,6.985000133514404,6.975100040435791,6.985000133514404,4256,0.0,0.0
2025-04-21 15:23:00-04:00,6.989999771118164,7.0,6.989999771118164,6.998799800872803,40714,0.0,0.0
2025-04-21 15:24:00-04:00,6.998899936676025,6.998899936676025,6.998000144958496,6.998000144958496,1045,0.0,0.0
2025-04-21 15:25:00-04:00,6.998600006103516,6.998899936676025,6.994999885559082,6.994999885559082,4196,0.0,0.0
2025-04-21 15:26:00-04:00,6.998600006103516,7.010000228881836,6.989999771118164,6.989999771118164,45060,0.0,0.0
2025-04-21 15:27:00-04:00,6.985000133514404,6.989099979400635,6.980000019073486,6.98859977722168,13699,0.0,0.0
2025-04-21 15:28:00-04:00,6.989999771118164,6.989999771118164,6.980199813842773,6.980199813842773,13545,0.0,0.0
2025-04-21 15:29:00-04:00,6.980100154876709,6.989999771118164,6.980100154876709,6.989999771118164,773,0.0,0.0
2025-04-21 15:30:00-04:00,6.989999771118164,7.019999980926514,6.989999771118164,7.019999980926514,20872,0.0,0.0
2025-04-21 15:31:00-04:00,7.019999980926514,7.047900199890137,7.014800071716309,7.039999961853027,13033,0.0,0.0
2025-04-21 15:32:00-04:00,7.034999847412109,7.039999961853027,7.019999980926514,7.025000095367432,28973,0.0,0.0
2025-04-21 15:33:00-04:00,7.03000020980835,7.03000020980835,7.025000095367432,7.029799938201904,3769,0.0,0.0
2025-04-21 15:34:00-04:00,7.019999980926514,7.03000020980835,7.0100998878479,7.03000020980835,17292,0.0,0.0
2025-04-21 15:35:00-04:00,7.03000020980835,7.039999961853027,7.019999980926514,7.019999980926514,14272,0.0,0.0
2025-04-21 15:36:00-04:00,7.03000020980835,7.03000020980835,7.019999980926514,7.025000095367432,7196,0.0,0.0
2025-04-21 15:37:00-04:00,7.03000020980835,7.039999961853027,7.025000095367432,7.028600215911865,13580,0.0,0.0
2025-04-21 15:38:00-04:00,7.025000095367432,7.03000020980835,7.014999866485596,7.014999866485596,10307,0.0,0.0
2025-04-21 15:39:00-04:00,7.014999866485596,7.025000095367432,7.014999866485596,7.025000095367432,6384,0.0,0.0
2025-04-21 15:40:00-04:00,7.03000020980835,7.039700031280518,7.025000095367432,7.03000020980835,6323,0.0,0.0
2025-04-21 15:41:00-04:00,7.034999847412109,7.034999847412109,7.025000095367432,7.028900146484375,13077,0.0,0.0
2025-04-21 15:42:00-04:00,7.019999980926514,7.026500225067139,7.019999980926514,7.026500225067139,3302,0.0,0.0
2025-04-21 15:43:00-04:00,7.025000095367432,7.03000020980835,7.025000095367432,7.025000095367432,8027,0.0,0.0
2025-04-21 15:44:00-04:00,7.025000095367432,7.034999847412109,7.025000095367432,7.028900146484375,15742,0.0,0.0
2025-04-21 15:45:00-04:00,7.03000020980835,7.039000034332275,7.03000020980835,7.034999847412109,10676,0.0,0.0
2025-04-21 15:46:00-04:00,7.035600185394287,7.039999961853027,7.010300159454346,7.010300159454346,17042,0.0,0.0
2025-04-21 15:47:00-04:00,7.011300086975098,7.025000095367432,7.010000228881836,7.019999980926514,10668,0.0,0.0
2025-04-21 15:48:00-04:00,7.025000095367432,7.039999961853027,7.025000095367432,7.034999847412109,5359,0.0,0.0
2025-04-21 15:49:00-04:00,7.036900043487549,7.057199954986572,7.036900043487549,7.054999828338623,13033,0.0,0.0
2025-04-21 15:50:00-04:00,7.050000190734863,7.068699836730957,7.039999961853027,7.059999942779541,49915,0.0,0.0
2025-04-21 15:51:00-04:00,7.050000190734863,7.059999942779541,7.045000076293945,7.054999828338623,21758,0.0,0.0
2025-04-21 15:52:00-04:00,7.054999828338623,7.059999942779541,7.039999961853027,7.048600196838379,11077,0.0,0.0
2025-04-21 15:53:00-04:00,7.045000076293945,7.065000057220459,7.045000076293945,7.054999828338623,29239,0.0,0.0
2025-04-21 15:54:00-04:00,7.058899879455566,7.070000171661377,7.050000190734863,7.054999828338623,41725,0.0,0.0
2025-04-21 15:55:00-04:00,7.054999828338623,7.054999828338623,7.039999961853027,7.045000076293945,22442,0.0,0.0
2025-04-21 15:56:00-04:00,7.045599937438965,7.050000190734863,7.039999961853027,7.045000076293945,15930,0.0,0.0
2025-04-21 15:57:00-04:00,7.045000076293945,7.050000190734863,7.039999961853027,7.050000190734863,13856,0.0,0.0
2025-04-21 15:58:00-04:00,7.045000076293945,7.054999828338623,7.039999961853027,7.039999961853027,75546,0.0,0.0
2025-04-21 15:59:00-04:00,7.040299892425537,7.045000076293945,7.019999980926514,7.03000020980835,78647,0.0,0.0
2025-04-22 09:30:00-04:00,7.119999885559082,7.159999847412109,7.119999885559082,7.150000095367432,153109,0.0,0.0
2025-04-22 09:31:00-04:00,7.150000095367432,7.230000019073486,7.150000095367432,7.199999809265137,51765,0.0,0.0
2025-04-22 09:32:00-04:00,7.2093000411987305,7.21999979019165,7.150000095367432,7.159999847412109,91326,0.0,0.0
2025-04-22 09:33:00-04:00,7.159999847412109,7.210000038146973,7.159999847412109,7.195000171661377,27034,0.0,0.0
2025-04-22 09:34:00-04:00,7.195000171661377,7.199999809265137,7.172699928283691,7.172699928283691,20711,0.0,0.0
2025-04-22 09:35:00-04:00,7.179999828338623,7.195000171661377,7.159999847412109,7.190000057220459,16498,0.0,0.0
2025-04-22 09:36:00-04:00,7.179999828338623,7.179999828338623,7.1427998542785645,7.179999828338623,11117,0.0,0.0
2025-04-22 09:37:00-04:00,7.175000190734863,7.195000171661377,7.170000076293945,7.190000057220459,18415,0.0,0.0
2025-04-22 09:38:00-04:00,7.195000171661377,7.199999809265137,7.184999942779541,7.190000057220459,13165,0.0,0.0
2025-04-22 09:39:00-04:00,7.190000057220459,7.199999809265137,7.150000095367432,7.179999828338623,24015,0.0,0.0
2025-04-22 09:40:00-04:00,7.190000057220459,7.190000057220459,7.150000095367432,7.151599884033203,11469,0.0,0.0
2025-04-22 09:41:00-04:00,7.15500020980835,7.175000190734863,7.15500020980835,7.164999961853027,3386,0.0,0.0
2025-04-22 09:42:00-04:00,7.164999961853027,7.199999809265137,7.164999961853027,7.199999809265137,3736,0.0,0.0
2025-04-22 09:43:00-04:00,7.195000171661377,7.230000019073486,7.195000171661377,7.21999979019165,33474,0.0,0.0
2025-04-22 09:44:00-04:00,7.218400001525879,7.289999961853027,7.218400001525879,7.269999980926514,75278,0.0,0.0
2025-04-22 09:45:00-04:00,7.274400234222412,7.289999961853027,7.26230001449585,7.269999980926514,19727,0.0,0.0
2025-04-22 09:46:00-04:00,7.267000198364258,7.300000190734863,7.264999866485596,7.300000190734863,29772,0.0,0.0
2025-04-22 09:47:00-04:00,7.304999828338623,7.315000057220459,7.28000020980835,7.28000020980835,25646,0.0,0.0
2025-04-22 09:48:00-04:00,7.28000020980835,7.300000190734863,7.28000020980835,7.295000076293945,6045,0.0,0.0
2025-04-22 09:49:00-04:00,7.300000190734863,7.304999828338623,7.275000095367432,7.28000020980835,13213,0.0,0.0
2025-04-22 09:50:00-04:00,7.28000020980835,7.284999847412109,7.261199951171875,7.275599956512451,15103,0.0,0.0
2025-04-22 09:51:00-04:00,7.275000095367432,7.275000095367432,7.264999866485596,7.264999866485596,7947,0.0,0.0
2025-04-22 09:52:00-04:00,7.260000228881836,7.260000228881836,7.240200042724609,7.25,18138,0.0,0.0
2025-04-22 09:53:00-04:00,7.244999885559082,7.260000228881836,7.239999771118164,7.25,10634,0.0,0.0
2025-04-22 09:54:00-04:00,7.260000228881836,7.260000228881836,7.235000133514404,7.244999885559082,7971,0.0,0.0
2025-04-22 09:55:00-04:00,7.244999885559082,7.244999885559082,7.21999979019165,7.230000019073486,7352,0.0,0.0
2025-04-22 09:56:00-04:00,7.21999979019165,7.239999771118164,7.21999979019165,7.235000133514404,5600,0.0,0.0
2025-04-22 09:57:00-04:00,7.239999771118164,7.260000228881836,7.210000038146973,7.259900093078613,15371,0.0,0.0
2025-04-22 09:58:00-04:00,7.260000228881836,7.281199932098389,7.260000228881836,7.269999980926514,11776,0.0,0.0
2025-04-22 09:59:00-04:00,7.269999980926514,7.320000171661377,7.269999980926514,7.300000190734863,22955,0.0,0.0
2025-04-22 10:00:00-04:00,7.309999942779541,7.309999942779541,7.295000076293945,7.304999828338623,9094,0.0,0.0
2025-04-22 10:01:00-04:00,7.304999828338623,7.310100078582764,7.275000095367432,7.28000020980835,15063,0.0,0.0
2025-04-22 10:02:00-04:00,7.275899887084961,7.28000020980835,7.25,7.255000114440918,10449,0.0,0.0
2025-04-22 10:03:00-04:00,7.264999866485596,7.269999980926514,7.239999771118164,7.249899864196777,9605,0.0,0.0
2025-04-22 10:04:00-04:00,7.235000133514404,7.239999771118164,7.199999809265137,7.199999809265137,11227,0.0,0.0
2025-04-22 10:05:00-04:00,7.199999809265137,7.204999923706055,7.164999961853027,7.164999961853027,25770,0.0,0.0
2025-04-22 10:06:00-04:00,7.170000076293945,7.195000171661377,7.170000076293945,7.195000171661377,7114,0.0,0.0
2025-04-22 10:07:00-04:00,7.190000057220459,7.190000057220459,7.179999828338623,7.184999942779541,7029,0.0,0.0
2025-04-22 10:08:00-04:00,7.184999942779541,7.204999923706055,7.184999942779541,7.199999809265137,12123,0.0,0.0
2025-04-22 10:09:00-04:00,7.210000038146973,7.235000133514404,7.204999923706055,7.235000133514404,12207,0.0,0.0
2025-04-22 10:10:00-04:00,7.234399795532227,7.238999843597412,7.21999979019165,7.224999904632568,7873,0.0,0.0
2025-04-22 10:11:00-04:00,7.224999904632568,7.255000114440918,7.21999979019165,7.235000133514404,24088,0.0,0.0
2025-04-22 10:12:00-04:00,7.244999885559082,7.25,7.230000019073486,7.230100154876709,5809,0.0,0.0
2025-04-22 10:13:00-04:00,7.235000133514404,7.235000133514404,7.199999809265137,7.204999923706055,8953,0.0,0.0
2025-04-22 10:14:00-04:00,7.210000038146973,7.230000019073486,7.199999809265137,7.224999904632568,10350,0.0,0.0
2025-04-22 10:15:00-04:00,7.218999862670898,7.225599765777588,7.199999809265137,7.225599765777588,12986,0.0,0.0
2025-04-22 10:16:00-04:00,7.224999904632568,7.289999961853027,7.220099925994873,7.275000095367432,81435,0.0,0.0
2025-04-22 10:17:00-04:00,7.275000095367432,7.295000076293945,7.273600101470947,7.28000020980835,8973,0.0,0.0
2025-04-22 10:18:00-04:00,7.269999980926514,7.309999942779541,7.264999866485596,7.309999942779541,16645,0.0,0.0
2025-04-22 10:19:00-04:00,7.320000171661377,7.349999904632568,7.309999942779541,7.324999809265137,33909,0.0,0.0
2025-04-22 10:20:00-04:00,7.324999809265137,7.328700065612793,7.320000171661377,7.320000171661377,4302,0.0,0.0
2025-04-22 10:21:00-04:00,7.329999923706055,7.340000152587891,7.295000076293945,7.309999942779541,43606,0.0,0.0
2025-04-22 10:22:00-04:00,7.309999942779541,7.310100078582764,7.269999980926514,7.269999980926514,6597,0.0,0.0
2025-04-22 10:23:00-04:00,7.289000034332275,7.289000034332275,7.260000228881836,7.260000228881836,4954,0.0,0.0
2025-04-22 10:24:00-04:00,7.260000228881836,7.269999980926514,7.244999885559082,7.244999885559082,4061,0.0,0.0
2025-04-22 10:25:00-04:00,7.244999885559082,7.244999885559082,7.230000019073486,7.230000019073486,6569,0.0,0.0
2025-04-22 10:26:00-04:00,7.224999904632568,7.230000019073486,7.199999809265137,7.228400230407715,11800,0.0,0.0
2025-04-22 10:27:00-04:00,7.230000019073486,7.255000114440918,7.230000019073486,7.25,22837,0.0,0.0
2025-04-22 10:28:00-04:00,7.248499870300293,7.259900093078613,7.244800090789795,7.25,7064,0.0,0.0
2025-04-22 10:29:00-04:00,7.25,7.269999980926514,7.244999885559082,7.269999980926514,5129,0.0,0.0
2025-04-22 10:32:00-04:00,7.260000228881836,7.260000228881836,7.244999885559082,7.25,23503,0.0,0.0
2025-04-22 10:33:00-04:00,7.25,7.255000114440918,7.25,7.255000114440918,3563,0.0,0.0
2025-04-22 10:34:00-04:00,7.255000114440918,7.259900093078613,7.244999885559082,7.244999885559082,14536,0.0,0.0
2025-04-22 10:35:00-04:00,7.244999885559082,7.244999885559082,7.230000019073486,7.230000019073486,9663,0.0,0.0
2025-04-22 10:36:00-04:00,7.230000019073486,7.255000114440918,7.230000019073486,7.255000114440918,6049,0.0,0.0
2025-04-22 10:37:00-04:00,7.254799842834473,7.275000095367432,7.2515997886657715,7.269999980926514,14628,0.0,0.0
2025-04-22 10:38:00-04:00,7.264999866485596,7.264999866485596,7.25,7.25,7474,0.0,0.0
2025-04-22 10:39:00-04:00,7.25,7.264999866485596,7.25,7.255000114440918,4367,0.0,0.0
2025-04-22 10:40:00-04:00,7.25,7.25,7.239999771118164,7.239999771118164,3554,0.0,0.0
2025-04-22 10:41:00-04:00,7.235000133514404,7.255000114440918,7.235000133514404,7.255000114440918,6454,0.0,0.0
2025-04-22 10:42:00-04:00,7.25,7.25,7.244999885559082,7.244999885559082,2139,0.0,0.0
2025-04-22 10:43:00-04:00,7.249199867248535,7.249199867248535,7.235000133514404,7.235000133514404,6163,0.0,0.0
2025-04-22 10:44:00-04:00,7.239999771118164,7.239999771118164,7.235000133514404,7.239999771118164,5646,0.0,0.0
2025-04-22 10:45:00-04:00,7.230000019073486,7.230000019073486,7.21999979019165,7.21999979019165,10636,0.0,0.0
2025-04-22 10:46:00-04:00,7.2204999923706055,7.255000114440918,7.2204999923706055,7.25,16730,0.0,0.0
2025-04-22 10:47:00-04:00,7.25,7.260000228881836,7.239999771118164,7.239999771118164,3477,0.0,0.0
2025-04-22 10:48:00-04:00,7.235000133514404,7.260000228881836,7.235000133514404,7.251200199127197,47972,0.0,0.0
2025-04-22 10:49:00-04:00,7.259799957275391,7.259799957275391,7.255000114440918,7.255000114440918,4378,0.0,0.0
2025-04-22 10:50:00-04:00,7.255000114440918,7.255000114440918,7.233500003814697,7.235000133514404,22045,0.0,0.0
2025-04-22 10:51:00-04:00,7.23859977722168,7.239999771118164,7.2104997634887695,7.21560001373291,5609,0.0,0.0
2025-04-22 10:52:00-04:00,7.2154998779296875,7.2154998779296875,7.202000141143799,7.208000183105469,7782,0.0,0.0
2025-04-22 10:53:00-04:00,7.210000038146973,7.21999979019165,7.210000038146973,7.21999979019165,3482,0.0,0.0
2025-04-22 10:54:00-04:00,7.218999862670898,7.21999979019165,7.204999923706055,7.204999923706055,5999,0.0,0.0
2025-04-22 10:55:00-04:00,7.199999809265137,7.199999809265137,7.175000190734863,7.175000190734863,10694,0.0,0.0
2025-04-22 10:56:00-04:00,7.175000190734863,7.187900066375732,7.164999961853027,7.187900066375732,55275,0.0,0.0
2025-04-22 10:57:00-04:00,7.186500072479248,7.210000038146973,7.186500072479248,7.210000038146973,4684,0.0,0.0
2025-04-22 10:58:00-04:00,7.204999923706055,7.204999923706055,7.191199779510498,7.191199779510498,16041,0.0,0.0
2025-04-22 10:59:00-04:00,7.195000171661377,7.199900150299072,7.195000171661377,7.195000171661377,3695,0.0,0.0
2025-04-22 11:00:00-04:00,7.190000057220459,7.199999809265137,7.184999942779541,7.191199779510498,9270,0.0,0.0
2025-04-22 11:01:00-04:00,7.190000057220459,7.190000057220459,7.184999942779541,7.190000057220459,2533,0.0,0.0
2025-04-22 11:02:00-04:00,7.195000171661377,7.195000171661377,7.184999942779541,7.184999942779541,6201,0.0,0.0
2025-04-22 11:03:00-04:00,7.190000057220459,7.199999809265137,7.190000057220459,7.194200038909912,2435,0.0,0.0
2025-04-22 11:04:00-04:00,7.199999809265137,7.218900203704834,7.195000171661377,7.218900203704834,7873,0.0,0.0
2025-04-22 11:05:00-04:00,7.21999979019165,7.224999904632568,7.204999923706055,7.224999904632568,14944,0.0,0.0
2025-04-22 11:06:00-04:00,7.21999979019165,7.239299774169922,7.21999979019165,7.23799991607666,4913,0.0,0.0
2025-04-22 11:07:00-04:00,7.235000133514404,7.239999771118164,7.224999904632568,7.224999904632568,10598,0.0,0.0
2025-04-22 11:08:00-04:00,7.224999904632568,7.224999904632568,7.224999904632568,7.224999904632568,4836,0.0,0.0
2025-04-22 11:10:00-04:00,7.260000228881836,7.260000228881836,7.255000114440918,7.255000114440918,16325,0.0,0.0
2025-04-22 11:11:00-04:00,7.255000114440918,7.260000228881836,7.255000114440918,7.260000228881836,724,0.0,0.0
2025-04-22 11:12:00-04:00,7.255000114440918,7.269999980926514,7.255000114440918,7.264999866485596,3206,0.0,0.0
2025-04-22 11:13:00-04:00,7.269999980926514,7.269999980926514,7.239999771118164,7.244999885559082,41679,0.0,0.0
2025-04-22 11:14:00-04:00,7.239999771118164,7.239999771118164,7.230000019073486,7.235000133514404,6751,0.0,0.0
2025-04-22 11:15:00-04:00,7.235000133514404,7.235000133514404,7.224999904632568,7.224999904632568,5924,0.0,0.0
2025-04-22 11:16:00-04:00,7.227499961853027,7.230000019073486,7.22189998626709,7.224999904632568,7630,0.0,0.0
2025-04-22 11:17:00-04:00,7.224999904632568,7.244999885559082,7.224999904632568,7.244999885559082,40128,0.0,0.0
2025-04-22 11:18:00-04:00,7.25,7.260000228881836,7.249300003051758,7.260000228881836,13826,0.0,0.0
2025-04-22 11:19:00-04:00,7.269999980926514,7.275000095367432,7.25,7.25,19184,0.0,0.0
2025-04-22 11:20:00-04:00,7.255000114440918,7.255000114440918,7.239999771118164,7.239999771118164,6157,0.0,0.0
2025-04-22 11:21:00-04:00,7.235000133514404,7.235000133514404,7.230000019073486,7.235000133514404,1084,0.0,0.0
2025-04-22 11:22:00-04:00,7.235000133514404,7.244999885559082,7.235000133514404,7.235000133514404,11421,0.0,0.0
2025-04-22 11:23:00-04:00,7.235000133514404,7.2399001121521,7.235000133514404,7.235000133514404,3557,0.0,0.0
2025-04-22 11:24:00-04:00,7.239999771118164,7.239999771118164,7.224400043487549,7.224999904632568,7043,0.0,0.0
2025-04-22 11:25:00-04:00,7.224999904632568,7.230000019073486,7.224999904632568,7.224999904632568,1808,0.0,0.0
2025-04-22 11:26:00-04:00,7.224999904632568,7.230000019073486,7.224999904632568,7.230000019073486,2656,0.0,0.0
2025-04-22 11:27:00-04:00,7.21999979019165,7.21999979019165,7.208700180053711,7.208700180053711,5396,0.0,0.0
2025-04-22 11:28:00-04:00,7.210000038146973,7.215000152587891,7.199999809265137,7.204999923706055,23337,0.0,0.0
2025-04-22 11:29:00-04:00,7.204999923706055,7.219900131225586,7.190000057220459,7.219900131225586,18389,0.0,0.0
2025-04-22 11:30:00-04:00,7.218800067901611,7.21999979019165,7.210000038146973,7.215000152587891,4195,0.0,0.0
2025-04-22 11:31:00-04:00,7.215000152587891,7.229899883270264,7.215000152587891,7.229899883270264,3506,0.0,0.0
2025-04-22 11:32:00-04:00,7.224999904632568,7.230000019073486,7.224999904632568,7.224999904632568,7822,0.0,0.0
2025-04-22 11:33:00-04:00,7.224999904632568,7.239999771118164,7.224999904632568,7.235000133514404,7642,0.0,0.0
2025-04-22 11:34:00-04:00,7.235000133514404,7.244999885559082,7.235000133514404,7.239999771118164,7247,0.0,0.0
2025-04-22 11:35:00-04:00,7.246600151062012,7.25,7.240099906921387,7.25,2985,0.0,0.0
2025-04-22 11:36:00-04:00,7.248799800872803,7.248799800872803,7.224999904632568,7.224999904632568,6703,0.0,0.0
2025-04-22 11:37:00-04:00,7.224999904632568,7.239999771118164,7.224999904632568,7.239999771118164,3055,0.0,0.0
2025-04-22 11:38:00-04:00,7.240300178527832,7.241199970245361,7.240300178527832,7.241199970245361,1552,0.0,0.0
2025-04-22 11:39:00-04:00,7.239999771118164,7.239999771118164,7.224999904632568,7.224999904632568,4735,0.0,0.0
2025-04-22 11:40:00-04:00,7.224999904632568,7.239999771118164,7.224999904632568,7.224999904632568,4689,0.0,0.0
2025-04-22 11:41:00-04:00,7.224999904632568,7.224999904632568,7.220300197601318,7.224999904632568,1717,0.0,0.0
2025-04-22 11:42:00-04:00,7.225599765777588,7.225599765777588,7.204999923706055,7.204999923706055,8540,0.0,0.0
2025-04-22 11:43:00-04:00,7.204999923706055,7.210000038146973,7.199999809265137,7.204999923706055,8067,0.0,0.0
2025-04-22 11:44:00-04:00,7.204999923706055,7.208799839019775,7.195000171661377,7.195000171661377,11280,0.0,0.0
2025-04-22 11:45:00-04:00,7.195000171661377,7.224999904632568,7.195000171661377,7.224999904632568,5830,0.0,0.0
2025-04-22 11:46:00-04:00,7.21999979019165,7.21999979019165,7.21999979019165,7.21999979019165,1405,0.0,0.0
2025-04-22 11:47:00-04:00,7.230000019073486,7.239999771118164,7.230000019073486,7.231299877166748,3325,0.0,0.0
2025-04-22 11:48:00-04:00,7.235599994659424,7.239999771118164,7.230199813842773,7.239999771118164,5994,0.0,0.0
2025-04-22 11:49:00-04:00,7.235000133514404,7.25,7.235000133514404,7.25,3212,0.0,0.0
2025-04-22 11:50:00-04:00,7.25,7.264999866485596,7.240099906921387,7.255000114440918,17105,0.0,0.0
2025-04-22 11:51:00-04:00,7.255000114440918,7.275000095367432,7.255000114440918,7.264999866485596,20317,0.0,0.0
2025-04-22 11:52:00-04:00,7.269999980926514,7.269999980926514,7.255000114440918,7.255000114440918,8132,0.0,0.0
2025-04-22 11:53:00-04:00,7.25,7.25,7.239999771118164,7.239999771118164,2794,0.0,0.0
2025-04-22 11:54:00-04:00,7.235899925231934,7.235899925231934,7.21999979019165,7.224999904632568,10219,0.0,0.0
2025-04-22 11:55:00-04:00,7.228700160980225,7.228700160980225,7.215000152587891,7.215000152587891,2415,0.0,0.0
2025-04-22 11:56:00-04:00,7.215000152587891,7.21999979019165,7.215000152587891,7.215000152587891,3643,0.0,0.0
2025-04-22 11:57:00-04:00,7.219900131225586,7.21999979019165,7.215000152587891,7.215000152587891,2492,0.0,0.0
2025-04-22 11:58:00-04:00,7.218900203704834,7.224999904632568,7.215000152587891,7.224999904632568,11668,0.0,0.0
2025-04-22 11:59:00-04:00,7.230000019073486,7.26639986038208,7.230000019073486,7.264800071716309,11065,0.0,0.0
2025-04-22 12:00:00-04:00,7.264999866485596,7.289999961853027,7.264999866485596,7.289999961853027,17505,0.0,0.0
2025-04-22 12:01:00-04:00,7.289999961853027,7.315000057220459,7.289999961853027,7.300000190734863,10610,0.0,0.0
2025-04-22 12:02:00-04:00,7.295000076293945,7.309999942779541,7.29010009765625,7.304999828338623,7493,0.0,0.0
2025-04-22 12:03:00-04:00,7.300000190734863,7.304999828338623,7.284999847412109,7.304999828338623,10073,0.0,0.0
2025-04-22 12:04:00-04:00,7.309999942779541,7.369999885559082,7.309999942779541,7.369999885559082,21660,0.0,0.0
2025-04-22 12:05:00-04:00,7.365200042724609,7.36899995803833,7.34499979019165,7.34499979019165,14731,0.0,0.0
2025-04-22 12:06:00-04:00,7.349999904632568,7.375,7.349999904632568,7.369999885559082,12556,0.0,0.0
2025-04-22 12:07:00-04:00,7.375,7.400000095367432,7.375,7.389999866485596,22072,0.0,0.0
2025-04-22 12:08:00-04:00,7.385000228881836,7.38640022277832,7.375,7.38640022277832,9867,0.0,0.0
2025-04-22 12:09:00-04:00,7.388999938964844,7.388999938964844,7.36269998550415,7.364999771118164,12687,0.0,0.0
2025-04-22 12:10:00-04:00,7.369999885559082,7.394999980926514,7.369999885559082,7.390100002288818,15807,0.0,0.0
2025-04-22 12:11:00-04:00,7.394999980926514,7.409999847412109,7.389999866485596,7.409999847412109,34665,0.0,0.0
2025-04-22 12:12:00-04:00,7.40500020980835,7.418600082397461,7.400000095367432,7.418600082397461,10333,0.0,0.0
2025-04-22 12:13:00-04:00,7.409999847412109,7.409999847412109,7.380000114440918,7.389999866485596,23837,0.0,0.0
2025-04-22 12:14:00-04:00,7.400000095367432,7.40880012512207,7.400000095367432,7.40880012512207,1524,0.0,0.0
2025-04-22 12:15:00-04:00,7.409999847412109,7.429999828338623,7.409999847412109,7.410099983215332,5828,0.0,0.0
2025-04-22 12:16:00-04:00,7.409999847412109,7.414999961853027,7.369999885559082,7.380000114440918,20210,0.0,0.0
2025-04-22 12:17:00-04:00,7.380000114440918,7.400000095367432,7.380000114440918,7.400000095367432,3815,0.0,0.0
2025-04-22 12:18:00-04:00,7.390699863433838,7.400000095367432,7.385000228881836,7.394999980926514,5882,0.0,0.0
2025-04-22 12:19:00-04:00,7.389999866485596,7.389999866485596,7.385000228881836,7.389999866485596,8568,0.0,0.0
2025-04-22 12:20:00-04:00,7.400000095367432,7.420000076293945,7.400000095367432,7.414999961853027,8229,0.0,0.0
2025-04-22 12:21:00-04:00,7.414999961853027,7.425000190734863,7.414999961853027,7.425000190734863,5051,0.0,0.0
2025-04-22 12:22:00-04:00,7.429999828338623,7.440000057220459,7.429999828338623,7.440000057220459,3902,0.0,0.0
2025-04-22 12:23:00-04:00,7.440000057220459,7.449999809265137,7.438799858093262,7.448800086975098,4312,0.0,0.0
2025-04-22 12:24:00-04:00,7.44890022277832,7.460000038146973,7.440100193023682,7.454999923706055,59765,0.0,0.0
2025-04-22 12:25:00-04:00,7.449999809265137,7.449999809265137,7.414999961853027,7.420000076293945,20828,0.0,0.0
2025-04-22 12:26:00-04:00,7.420000076293945,7.434999942779541,7.414999961853027,7.414999961853027,16665,0.0,0.0
2025-04-22 12:27:00-04:00,7.414999961853027,7.429999828338623,7.414999961853027,7.420000076293945,6130,0.0,0.0
2025-04-22 12:28:00-04:00,7.414999961853027,7.414999961853027,7.414999961853027,7.414999961853027,398,0.0,0.0
2025-04-22 12:29:00-04:00,7.409999847412109,7.409999847412109,7.394999980926514,7.400000095367432,11829,0.0,0.0
2025-04-22 12:30:00-04:00,7.400000095367432,7.40500020980835,7.394999980926514,7.40500020980835,2610,0.0,0.0
2025-04-22 12:31:00-04:00,7.394999980926514,7.409999847412109,7.394999980926514,7.40500020980835,13320,0.0,0.0
2025-04-22 12:32:00-04:00,7.409999847412109,7.429999828338623,7.409999847412109,7.425000190734863,7440,0.0,0.0
2025-04-22 12:33:00-04:00,7.429999828338623,7.429999828338623,7.425000190734863,7.425000190734863,11823,0.0,0.0
2025-04-22 12:34:00-04:00,7.429999828338623,7.429999828338623,7.389999866485596,7.394999980926514,8025,0.0,0.0
2025-04-22 12:35:00-04:00,7.394999980926514,7.40500020980835,7.394999980926514,7.400000095367432,8449,0.0,0.0
2025-04-22 12:36:00-04:00,7.400000095367432,7.400000095367432,7.394999980926514,7.394999980926514,1206,0.0,0.0
2025-04-22 12:37:00-04:00,7.400000095367432,7.40500020980835,7.394999980926514,7.40500020980835,4707,0.0,0.0
2025-04-22 12:38:00-04:00,7.389999866485596,7.40500020980835,7.389999866485596,7.40500020980835,9641,0.0,0.0
2025-04-22 12:39:00-04:00,7.40500020980835,7.40500020980835,7.394999980926514,7.394999980926514,2846,0.0,0.0
2025-04-22 12:40:00-04:00,7.400000095367432,7.400000095367432,7.390100002288818,7.394999980926514,11782,0.0,0.0
2025-04-22 12:41:00-04:00,7.390100002288818,7.400000095367432,7.380000114440918,7.394999980926514,19988,0.0,0.0
2025-04-22 12:42:00-04:00,7.391200065612793,7.40500020980835,7.391200065612793,7.400000095367432,6659,0.0,0.0
2025-04-22 12:43:00-04:00,7.400000095367432,7.40500020980835,7.400000095367432,7.400000095367432,6905,0.0,0.0
2025-04-22 12:44:00-04:00,7.400000095367432,7.40500020980835,7.394999980926514,7.395199775695801,4867,0.0,0.0
2025-04-22 12:45:00-04:00,7.394999980926514,7.394999980926514,7.385000228881836,7.385000228881836,4279,0.0,0.0
2025-04-22 12:46:00-04:00,7.380000114440918,7.380000114440918,7.369999885559082,7.375,6647,0.0,0.0
2025-04-22 12:47:00-04:00,7.369999885559082,7.380000114440918,7.369999885559082,7.380000114440918,2349,0.0,0.0
2025-04-22 12:48:00-04:00,7.378699779510498,7.378699779510498,7.349999904632568,7.355000019073486,14246,0.0,0.0
2025-04-22 12:49:00-04:00,7.360000133514404,7.375,7.360000133514404,7.369999885559082,4373,0.0,0.0
2025-04-22 12:50:00-04:00,7.360000133514404,7.360000133514404,7.349999904632568,7.355000019073486,2648,0.0,0.0
2025-04-22 12:51:00-04:00,7.369999885559082,7.369999885559082,7.355000019073486,7.355000019073486,4334,0.0,0.0
2025-04-22 12:52:00-04:00,7.349999904632568,7.349999904632568,7.324999809265137,7.340000152587891,12774,0.0,0.0
2025-04-22 12:53:00-04:00,7.349999904632568,7.364999771118164,7.34499979019165,7.364999771118164,11741,0.0,0.0
2025-04-22 12:54:00-04:00,7.364999771118164,7.364999771118164,7.355000019073486,7.3597002029418945,4046,0.0,0.0
2025-04-22 12:55:00-04:00,7.355000019073486,7.355000019073486,7.355000019073486,7.355000019073486,758,0.0,0.0
2025-04-22 12:56:00-04:00,7.360000133514404,7.364999771118164,7.355000019073486,7.360000133514404,5012,0.0,0.0
2025-04-22 12:57:00-04:00,7.368000030517578,7.369900226593018,7.364999771118164,7.364999771118164,1764,0.0,0.0
2025-04-22 12:58:00-04:00,7.364999771118164,7.366300106048584,7.360000133514404,7.360000133514404,2544,0.0,0.0
2025-04-22 12:59:00-04:00,7.355000019073486,7.360000133514404,7.355000019073486,7.355000019073486,4201,0.0,0.0
2025-04-22 13:00:00-04:00,7.355000019073486,7.364999771118164,7.355000019073486,7.364999771118164,2269,0.0,0.0
2025-04-22 13:01:00-04:00,7.369999885559082,7.375,7.364999771118164,7.375,5478,0.0,0.0
2025-04-22 13:02:00-04:00,7.375,7.375,7.375,7.375,513,0.0,0.0
2025-04-22 13:03:00-04:00,7.380000114440918,7.388700008392334,7.380000114440918,7.385000228881836,7866,0.0,0.0
2025-04-22 13:04:00-04:00,7.385000228881836,7.385000228881836,7.375,7.385000228881836,5714,0.0,0.0
2025-04-22 13:05:00-04:00,7.385000228881836,7.389999866485596,7.385000228881836,7.385000228881836,4135,0.0,0.0
2025-04-22 13:06:00-04:00,7.385000228881836,7.385000228881836,7.375,7.375,2724,0.0,0.0
2025-04-22 13:07:00-04:00,7.370100021362305,7.370100021362305,7.364999771118164,7.369999885559082,3392,0.0,0.0
2025-04-22 13:08:00-04:00,7.364999771118164,7.385000228881836,7.355000019073486,7.380000114440918,11173,0.0,0.0
2025-04-22 13:09:00-04:00,7.380000114440918,7.385000228881836,7.363699913024902,7.375,9425,0.0,0.0
2025-04-22 13:10:00-04:00,7.369999885559082,7.369999885559082,7.329999923706055,7.340000152587891,24538,0.0,0.0
2025-04-22 13:11:00-04:00,7.340000152587891,7.364999771118164,7.340000152587891,7.349999904632568,12463,0.0,0.0
2025-04-22 13:12:00-04:00,7.340000152587891,7.340000152587891,7.335000038146973,7.340000152587891,8213,0.0,0.0
2025-04-22 13:13:00-04:00,7.34499979019165,7.34499979019165,7.335000038146973,7.335000038146973,2918,0.0,0.0
2025-04-22 13:14:00-04:00,7.335000038146973,7.335000038146973,7.315000057220459,7.315000057220459,6476,0.0,0.0
2025-04-22 13:15:00-04:00,7.320000171661377,7.329999923706055,7.289999961853027,7.289999961853027,16140,0.0,0.0
2025-04-22 13:16:00-04:00,7.284999847412109,7.300000190734863,7.269999980926514,7.300000190734863,13804,0.0,0.0
2025-04-22 13:17:00-04:00,7.295000076293945,7.300000190734863,7.284999847412109,7.284999847412109,8409,0.0,0.0
2025-04-22 13:18:00-04:00,7.284999847412109,7.300000190734863,7.269999980926514,7.284999847412109,17883,0.0,0.0
2025-04-22 13:19:00-04:00,7.289999961853027,7.289999961853027,7.25,7.260000228881836,58340,0.0,0.0
2025-04-22 13:20:00-04:00,7.260000228881836,7.260000228881836,7.230000019073486,7.235000133514404,18643,0.0,0.0
2025-04-22 13:21:00-04:00,7.235000133514404,7.235000133514404,7.210000038146973,7.215000152587891,9747,0.0,0.0
2025-04-22 13:22:00-04:00,7.215000152587891,7.239999771118164,7.215000152587891,7.235000133514404,12872,0.0,0.0
2025-04-22 13:23:00-04:00,7.230000019073486,7.230000019073486,7.210000038146973,7.215000152587891,7042,0.0,0.0
2025-04-22 13:24:00-04:00,7.213600158691406,7.224999904632568,7.213600158691406,7.215000152587891,4632,0.0,0.0
2025-04-22 13:25:00-04:00,7.219900131225586,7.224999904632568,7.215000152587891,7.224999904632568,4619,0.0,0.0
2025-04-22 13:26:00-04:00,7.235000133514404,7.28000020980835,7.224999904632568,7.235000133514404,34841,0.0,0.0
2025-04-22 13:27:00-04:00,7.235000133514404,7.235000133514404,7.210000038146973,7.215000152587891,9023,0.0,0.0
2025-04-22 13:28:00-04:00,7.215000152587891,7.215000152587891,7.199999809265137,7.199999809265137,10724,0.0,0.0
2025-04-22 13:29:00-04:00,7.199999809265137,7.209000110626221,7.195000171661377,7.209000110626221,6436,0.0,0.0
2025-04-22 13:30:00-04:00,7.210000038146973,7.224999904632568,7.210000038146973,7.224999904632568,5276,0.0,0.0
2025-04-22 13:31:00-04:00,7.224999904632568,7.260000228881836,7.21999979019165,7.239999771118164,10661,0.0,0.0
2025-04-22 13:32:00-04:00,7.230000019073486,7.239999771118164,7.22130012512207,7.239999771118164,12434,0.0,0.0
2025-04-22 13:33:00-04:00,7.235000133514404,7.239999771118164,7.235000133514404,7.239999771118164,1961,0.0,0.0
2025-04-22 13:34:00-04:00,7.230000019073486,7.239999771118164,7.21999979019165,7.239999771118164,5079,0.0,0.0
2025-04-22 13:35:00-04:00,7.244999885559082,7.25,7.244999885559082,7.25,1773,0.0,0.0
2025-04-22 13:36:00-04:00,7.260000228881836,7.270100116729736,7.260000228881836,7.269999980926514,5726,0.0,0.0
2025-04-22 13:37:00-04:00,7.275000095367432,7.28000020980835,7.275000095367432,7.28000020980835,1331,0.0,0.0
2025-04-22 13:38:00-04:00,7.284999847412109,7.304999828338623,7.284999847412109,7.304999828338623,8650,0.0,0.0
2025-04-22 13:39:00-04:00,7.300000190734863,7.300000190734863,7.289999961853027,7.289999961853027,6182,0.0,0.0
2025-04-22 13:40:00-04:00,7.300000190734863,7.309999942779541,7.289999961853027,7.295000076293945,7844,0.0,0.0
2025-04-22 13:41:00-04:00,7.284999847412109,7.295000076293945,7.284999847412109,7.289999961853027,2325,0.0,0.0
2025-04-22 13:42:00-04:00,7.289999961853027,7.289999961853027,7.275000095367432,7.275000095367432,5658,0.0,0.0
2025-04-22 13:43:00-04:00,7.275000095367432,7.286399841308594,7.275000095367432,7.284999847412109,3816,0.0,0.0
2025-04-22 13:44:00-04:00,7.289999961853027,7.300000190734863,7.289999961853027,7.295000076293945,7413,0.0,0.0
2025-04-22 13:45:00-04:00,7.295000076293945,7.296000003814697,7.295000076293945,7.296000003814697,1459,0.0,0.0
2025-04-22 13:46:00-04:00,7.295000076293945,7.309999942779541,7.295000076293945,7.309999942779541,2894,0.0,0.0
2025-04-22 13:47:00-04:00,7.304999828338623,7.318900108337402,7.304999828338623,7.318900108337402,4248,0.0,0.0
2025-04-22 13:48:00-04:00,7.319699764251709,7.320000171661377,7.304999828338623,7.304999828338623,4474,0.0,0.0
2025-04-22 13:49:00-04:00,7.300000190734863,7.300000190734863,7.300000190734863,7.300000190734863,1955,0.0,0.0
2025-04-22 13:50:00-04:00,7.295000076293945,7.295499801635742,7.284999847412109,7.289999961853027,8013,0.0,0.0
2025-04-22 13:51:00-04:00,7.289999961853027,7.289999961853027,7.284999847412109,7.284999847412109,1696,0.0,0.0
2025-04-22 13:52:00-04:00,7.289999961853027,7.289999961853027,7.284999847412109,7.289999961853027,1413,0.0,0.0
2025-04-22 13:53:00-04:00,7.284999847412109,7.289999961853027,7.284999847412109,7.289999961853027,3470,0.0,0.0
2025-04-22 13:54:00-04:00,7.300000190734863,7.320000171661377,7.300000190734863,7.320000171661377,3486,0.0,0.0
2025-04-22 13:55:00-04:00,7.315000057220459,7.320000171661377,7.315000057220459,7.320000171661377,2456,0.0,0.0
2025-04-22 13:56:00-04:00,7.316999912261963,7.316999912261963,7.300000190734863,7.300000190734863,7914,0.0,0.0
2025-04-22 13:57:00-04:00,7.295000076293945,7.295000076293945,7.28000020980835,7.28000020980835,3771,0.0,0.0
2025-04-22 13:58:00-04:00,7.28000020980835,7.288899898529053,7.275000095367432,7.284999847412109,3455,0.0,0.0
2025-04-22 13:59:00-04:00,7.284999847412109,7.284999847412109,7.28000020980835,7.28000020980835,2279,0.0,0.0
2025-04-22 14:00:00-04:00,7.275000095367432,7.289999961853027,7.275000095367432,7.289999961853027,967,0.0,0.0
2025-04-22 14:01:00-04:00,7.284999847412109,7.304999828338623,7.284999847412109,7.304999828338623,8366,0.0,0.0
2025-04-22 14:02:00-04:00,7.304999828338623,7.309999942779541,7.290500164031982,7.309999942779541,5613,0.0,0.0
2025-04-22 14:03:00-04:00,7.309999942779541,7.329999923706055,7.309999942779541,7.329999923706055,3015,0.0,0.0
2025-04-22 14:05:00-04:00,7.335000038146973,7.349999904632568,7.335000038146973,7.349999904632568,3507,0.0,0.0
2025-04-22 14:06:00-04:00,7.340099811553955,7.349999904632568,7.340099811553955,7.3470001220703125,7634,0.0,0.0
2025-04-22 14:07:00-04:00,7.349999904632568,7.349999904632568,7.348999977111816,7.348999977111816,1208,0.0,0.0
2025-04-22 14:08:00-04:00,7.340000152587891,7.340000152587891,7.324999809265137,7.324999809265137,5953,0.0,0.0
2025-04-22 14:09:00-04:00,7.329999923706055,7.335000038146973,7.327000141143799,7.335000038146973,3756,0.0,0.0
2025-04-22 14:10:00-04:00,7.335000038146973,7.335000038146973,7.335000038146973,7.335000038146973,4213,0.0,0.0
2025-04-22 14:11:00-04:00,7.340000152587891,7.340000152587891,7.329999923706055,7.335000038146973,12726,0.0,0.0
2025-04-22 14:12:00-04:00,7.335000038146973,7.340000152587891,7.333600044250488,7.335000038146973,3860,0.0,0.0
2025-04-22 14:13:00-04:00,7.335000038146973,7.340000152587891,7.329999923706055,7.340000152587891,6201,0.0,0.0
2025-04-22 14:14:00-04:00,7.349999904632568,7.349999904632568,7.34499979019165,7.34499979019165,4353,0.0,0.0
2025-04-22 14:15:00-04:00,7.349999904632568,7.349999904632568,7.349999904632568,7.349999904632568,6135,0.0,0.0
2025-04-22 14:16:00-04:00,7.349999904632568,7.355000019073486,7.349999904632568,7.355000019073486,3105,0.0,0.0
2025-04-22 14:17:00-04:00,7.355000019073486,7.360000133514404,7.353899955749512,7.355000019073486,3515,0.0,0.0
2025-04-22 14:18:00-04:00,7.360000133514404,7.369999885559082,7.360000133514404,7.36359977722168,12149,0.0,0.0
2025-04-22 14:19:00-04:00,7.369999885559082,7.380000114440918,7.369999885559082,7.375,5324,0.0,0.0
2025-04-22 14:20:00-04:00,7.380000114440918,7.380000114440918,7.369999885559082,7.369999885559082,2394,0.0,0.0
2025-04-22 14:21:00-04:00,7.369999885559082,7.385000228881836,7.369999885559082,7.380000114440918,8424,0.0,0.0
2025-04-22 14:22:00-04:00,7.380000114440918,7.380000114440918,7.372000217437744,7.380000114440918,3436,0.0,0.0
2025-04-22 14:23:00-04:00,7.389999866485596,7.389999866485596,7.389999866485596,7.389999866485596,2221,0.0,0.0
2025-04-22 14:24:00-04:00,7.389999866485596,7.389999866485596,7.375,7.375,7788,0.0,0.0
2025-04-22 14:25:00-04:00,7.380000114440918,7.394999980926514,7.380000114440918,7.389999866485596,4840,0.0,0.0
2025-04-22 14:26:00-04:00,7.400000095367432,7.400000095367432,7.380000114440918,7.380000114440918,8956,0.0,0.0
2025-04-22 14:27:00-04:00,7.385000228881836,7.389999866485596,7.380000114440918,7.389999866485596,2357,0.0,0.0
2025-04-22 14:28:00-04:00,7.389999866485596,7.394999980926514,7.385000228881836,7.385000228881836,3516,0.0,0.0
2025-04-22 14:29:00-04:00,7.389999866485596,7.389999866485596,7.389999866485596,7.389999866485596,1129,0.0,0.0
2025-04-22 14:30:00-04:00,7.385000228881836,7.385000228881836,7.380000114440918,7.380000114440918,5355,0.0,0.0
2025-04-22 14:31:00-04:00,7.380000114440918,7.389999866485596,7.379899978637695,7.380000114440918,5561,0.0,0.0
2025-04-22 14:32:00-04:00,7.385000228881836,7.385000228881836,7.382199764251709,7.385000228881836,1074,0.0,0.0
2025-04-22 14:33:00-04:00,7.385000228881836,7.389999866485596,7.385000228881836,7.389999866485596,1815,0.0,0.0
2025-04-22 14:34:00-04:00,7.389999866485596,7.394999980926514,7.380000114440918,7.385000228881836,7924,0.0,0.0
2025-04-22 14:35:00-04:00,7.389800071716309,7.389999866485596,7.380499839782715,7.385000228881836,6880,0.0,0.0
2025-04-22 14:36:00-04:00,7.385000228881836,7.3979997634887695,7.380000114440918,7.394999980926514,4180,0.0,0.0
2025-04-22 14:37:00-04:00,7.389999866485596,7.389999866485596,7.380000114440918,7.385000228881836,9639,0.0,0.0
2025-04-22 14:38:00-04:00,7.380000114440918,7.380000114440918,7.380000114440918,7.380000114440918,3787,0.0,0.0
2025-04-22 14:39:00-04:00,7.369999885559082,7.369999885559082,7.360000133514404,7.364999771118164,9617,0.0,0.0
2025-04-22 14:40:00-04:00,7.369999885559082,7.375,7.369999885559082,7.375,5521,0.0,0.0
2025-04-22 14:41:00-04:00,7.375,7.384399890899658,7.375,7.384399890899658,3325,0.0,0.0
2025-04-22 14:42:00-04:00,7.389999866485596,7.394999980926514,7.389999866485596,7.394999980926514,8424,0.0,0.0
2025-04-22 14:43:00-04:00,7.394999980926514,7.394999980926514,7.394999980926514,7.394999980926514,430,0.0,0.0
2025-04-22 14:44:00-04:00,7.394999980926514,7.400000095367432,7.394999980926514,7.395100116729736,22697,0.0,0.0
2025-04-22 14:45:00-04:00,7.394999980926514,7.394999980926514,7.394999980926514,7.394999980926514,2984,0.0,0.0
2025-04-22 14:46:00-04:00,7.400000095367432,7.400000095367432,7.394999980926514,7.394999980926514,2007,0.0,0.0
2025-04-22 14:47:00-04:00,7.390699863433838,7.400000095367432,7.390699863433838,7.400000095367432,5924,0.0,0.0
2025-04-22 14:48:00-04:00,7.400000095367432,7.409999847412109,7.400000095367432,7.400000095367432,13246,0.0,0.0
2025-04-22 14:49:00-04:00,7.409999847412109,7.409999847412109,7.40500020980835,7.40500020980835,9782,0.0,0.0
2025-04-22 14:50:00-04:00,7.40500020980835,7.40500020980835,7.394999980926514,7.394999980926514,22604,0.0,0.0
2025-04-22 14:51:00-04:00,7.389999866485596,7.389999866485596,7.389999866485596,7.389999866485596,3987,0.0,0.0
2025-04-22 14:52:00-04:00,7.389999866485596,7.400000095367432,7.389999866485596,7.394999980926514,8959,0.0,0.0
2025-04-22 14:53:00-04:00,7.394999980926514,7.396299839019775,7.389999866485596,7.3902997970581055,1478,0.0,0.0
2025-04-22 14:54:00-04:00,7.399899959564209,7.399899959564209,7.385000228881836,7.385000228881836,4222,0.0,0.0
2025-04-22 14:55:00-04:00,7.380000114440918,7.394999980926514,7.380000114440918,7.394999980926514,1934,0.0,0.0
2025-04-22 14:56:00-04:00,7.394999980926514,7.399899959564209,7.394800186157227,7.394999980926514,2279,0.0,0.0
2025-04-22 14:57:00-04:00,7.400000095367432,7.400000095367432,7.389999866485596,7.389999866485596,417,0.0,0.0
2025-04-22 14:58:00-04:00,7.395599842071533,7.400000095367432,7.393700122833252,7.393700122833252,2752,0.0,0.0
2025-04-22 14:59:00-04:00,7.394999980926514,7.400000095367432,7.388999938964844,7.389999866485596,10258,0.0,0.0
2025-04-22 15:00:00-04:00,7.385000228881836,7.389999866485596,7.385000228881836,7.388999938964844,1515,0.0,0.0
2025-04-22 15:01:00-04:00,7.385000228881836,7.385000228881836,7.375,7.375999927520752,4624,0.0,0.0
2025-04-22 15:02:00-04:00,7.369999885559082,7.369999885559082,7.369999885559082,7.369999885559082,5922,0.0,0.0
2025-04-22 15:03:00-04:00,7.367499828338623,7.367499828338623,7.367499828338623,7.367499828338623,1140,0.0,0.0
2025-04-22 15:04:00-04:00,7.369999885559082,7.369999885559082,7.360000133514404,7.360099792480469,1448,0.0,0.0
2025-04-22 15:05:00-04:00,7.366499900817871,7.377900123596191,7.363100051879883,7.363100051879883,10160,0.0,0.0
2025-04-22 15:06:00-04:00,7.364999771118164,7.364999771118164,7.349999904632568,7.355000019073486,6570,0.0,0.0
2025-04-22 15:07:00-04:00,7.349999904632568,7.360000133514404,7.34499979019165,7.35129976272583,5342,0.0,0.0
2025-04-22 15:08:00-04:00,7.360000133514404,7.360000133514404,7.360000133514404,7.360000133514404,578,0.0,0.0
2025-04-22 15:09:00-04:00,7.349999904632568,7.369999885559082,7.349999904632568,7.364999771118164,4516,0.0,0.0
2025-04-22 15:10:00-04:00,7.364999771118164,7.364999771118164,7.3643999099731445,7.364999771118164,1426,0.0,0.0
2025-04-22 15:11:00-04:00,7.364999771118164,7.364999771118164,7.349999904632568,7.355000019073486,5308,0.0,0.0
2025-04-22 15:12:00-04:00,7.360000133514404,7.360000133514404,7.34499979019165,7.34499979019165,12244,0.0,0.0
2025-04-22 15:13:00-04:00,7.340000152587891,7.34499979019165,7.329999923706055,7.34499979019165,5154,0.0,0.0
2025-04-22 15:14:00-04:00,7.34499979019165,7.349999904632568,7.329999923706055,7.335000038146973,3473,0.0,0.0
2025-04-22 15:15:00-04:00,7.340000152587891,7.349899768829346,7.340000152587891,7.34499979019165,5580,0.0,0.0
2025-04-22 15:16:00-04:00,7.340000152587891,7.340000152587891,7.329999923706055,7.335000038146973,3250,0.0,0.0
2025-04-22 15:17:00-04:00,7.329999923706055,7.335000038146973,7.315000057220459,7.329899787902832,17184,0.0,0.0
2025-04-22 15:18:00-04:00,7.320000171661377,7.320000171661377,7.309999942779541,7.309999942779541,4740,0.0,0.0
2025-04-22 15:19:00-04:00,7.315000057220459,7.335000038146973,7.309999942779541,7.335000038146973,11505,0.0,0.0
2025-04-22 15:20:00-04:00,7.329999923706055,7.329999923706055,7.326399803161621,7.326399803161621,3975,0.0,0.0
2025-04-22 15:21:00-04:00,7.324999809265137,7.324999809265137,7.315000057220459,7.315000057220459,5725,0.0,0.0
2025-04-22 15:22:00-04:00,7.315000057220459,7.315000057220459,7.309999942779541,7.311100006103516,5624,0.0,0.0
2025-04-22 15:23:00-04:00,7.3155999183654785,7.3155999183654785,7.313499927520752,7.315000057220459,1508,0.0,0.0
2025-04-22 15:24:00-04:00,7.315000057220459,7.335000038146973,7.315000057220459,7.335000038146973,9909,0.0,0.0
2025-04-22 15:25:00-04:00,7.335000038146973,7.335000038146973,7.335000038146973,7.335000038146973,2866,0.0,0.0
2025-04-22 15:26:00-04:00,7.335000038146973,7.340000152587891,7.329999923706055,7.329999923706055,8489,0.0,0.0
2025-04-22 15:27:00-04:00,7.320000171661377,7.320000171661377,7.315000057220459,7.315000057220459,4797,0.0,0.0
2025-04-22 15:28:00-04:00,7.320000171661377,7.324999809265137,7.315000057220459,7.324999809265137,2983,0.0,0.0
2025-04-22 15:29:00-04:00,7.329999923706055,7.329999923706055,7.315000057220459,7.320000171661377,4809,0.0,0.0
2025-04-22 15:30:00-04:00,7.315000057220459,7.324100017547607,7.309999942779541,7.324100017547607,7609,0.0,0.0
2025-04-22 15:31:00-04:00,7.329999923706055,7.329999923706055,7.329999923706055,7.329999923706055,1731,0.0,0.0
2025-04-22 15:32:00-04:00,7.340000152587891,7.340000152587891,7.33050012588501,7.340000152587891,4959,0.0,0.0
2025-04-22 15:33:00-04:00,7.335000038146973,7.33519983291626,7.329999923706055,7.335000038146973,7700,0.0,0.0
2025-04-22 15:34:00-04:00,7.335000038146973,7.340000152587891,7.329999923706055,7.329999923706055,2726,0.0,0.0
2025-04-22 15:35:00-04:00,7.329999923706055,7.34499979019165,7.320000171661377,7.34499979019165,15474,0.0,0.0
2025-04-22 15:36:00-04:00,7.34499979019165,7.34499979019165,7.324999809265137,7.324999809265137,9543,0.0,0.0
2025-04-22 15:37:00-04:00,7.329999923706055,7.335000038146973,7.324999809265137,7.335000038146973,4177,0.0,0.0
2025-04-22 15:38:00-04:00,7.340000152587891,7.340000152587891,7.320000171661377,7.320000171661377,8341,0.0,0.0
2025-04-22 15:39:00-04:00,7.309999942779541,7.309999942779541,7.304999828338623,7.304999828338623,4452,0.0,0.0
2025-04-22 15:40:00-04:00,7.309999942779541,7.324999809265137,7.304999828338623,7.309999942779541,12279,0.0,0.0
2025-04-22 15:41:00-04:00,7.319900035858154,7.320000171661377,7.319900035858154,7.320000171661377,2814,0.0,0.0
2025-04-22 15:42:00-04:00,7.329999923706055,7.34499979019165,7.329999923706055,7.34499979019165,7453,0.0,0.0
2025-04-22 15:43:00-04:00,7.34499979019165,7.349999904632568,7.34499979019165,7.349999904632568,9880,0.0,0.0
2025-04-22 15:44:00-04:00,7.349999904632568,7.369999885559082,7.349699974060059,7.355000019073486,20084,0.0,0.0
2025-04-22 15:45:00-04:00,7.349999904632568,7.360000133514404,7.348700046539307,7.360000133514404,5676,0.0,0.0
2025-04-22 15:46:00-04:00,7.360000133514404,7.369900226593018,7.360000133514404,7.364999771118164,6305,0.0,0.0
2025-04-22 15:47:00-04:00,7.36899995803833,7.369999885559082,7.360000133514404,7.364999771118164,8698,0.0,0.0
2025-04-22 15:48:00-04:00,7.364999771118164,7.369999885559082,7.364999771118164,7.36899995803833,3780,0.0,0.0
2025-04-22 15:49:00-04:00,7.364999771118164,7.375,7.364999771118164,7.375,7282,0.0,0.0
2025-04-22 15:50:00-04:00,7.380000114440918,7.380000114440918,7.360000133514404,7.364999771118164,17535,0.0,0.0
2025-04-22 15:51:00-04:00,7.364999771118164,7.36870002746582,7.34499979019165,7.349999904632568,19923,0.0,0.0
2025-04-22 15:52:00-04:00,7.355000019073486,7.355000019073486,7.340000152587891,7.34499979019165,18615,0.0,0.0
2025-04-22 15:53:00-04:00,7.34499979019165,7.34499979019165,7.329999923706055,7.340000152587891,22889,0.0,0.0
2025-04-22 15:54:00-04:00,7.349999904632568,7.360000133514404,7.340099811553955,7.349999904632568,26531,0.0,0.0
2025-04-22 15:55:00-04:00,7.349999904632568,7.355000019073486,7.329999923706055,7.329999923706055,24645,0.0,0.0
2025-04-22 15:56:00-04:00,7.335000038146973,7.340000152587891,7.330100059509277,7.335000038146973,14498,0.0,0.0
2025-04-22 15:57:00-04:00,7.340000152587891,7.349999904632568,7.335000038146973,7.34499979019165,29480,0.0,0.0
2025-04-22 15:58:00-04:00,7.349999904632568,7.360000133514404,7.34499979019165,7.355000019073486,31038,0.0,0.0
2025-04-22 15:59:00-04:00,7.355000019073486,7.360000133514404,7.340000152587891,7.340000152587891,71314,0.0,0.0
2025-04-23 09:30:00-04:00,7.840000152587891,8.109999656677246,7.820000171661377,7.979700088500977,495369,0.0,0.0
2025-04-23 09:31:00-04:00,7.965000152587891,8.009099960327148,7.94890022277832,7.96999979019165,78627,0.0,0.0
2025-04-23 09:32:00-04:00,7.985000133514404,7.999899864196777,7.909999847412109,7.929999828338623,118738,0.0,0.0
2025-04-23 09:33:00-04:00,7.90500020980835,7.96999979019165,7.900100231170654,7.96999979019165,29288,0.0,0.0
2025-04-23 09:34:00-04:00,7.965000152587891,7.96999979019165,7.920000076293945,7.956699848175049,23652,0.0,0.0
2025-04-23 09:35:00-04:00,7.946199893951416,7.946199893951416,7.880000114440918,7.900000095367432,17794,0.0,0.0
2025-04-23 09:36:00-04:00,7.889999866485596,7.900000095367432,7.869999885559082,7.869999885559082,91838,0.0,0.0
2025-04-23 09:37:00-04:00,7.869999885559082,8.010000228881836,7.820000171661377,8.010000228881836,204971,0.0,0.0
2025-04-23 09:38:00-04:00,8.020000457763672,8.020000457763672,7.949999809265137,8.005000114440918,57606,0.0,0.0
2025-04-23 09:39:00-04:00,8.005000114440918,8.005000114440918,7.940000057220459,7.954999923706055,17319,0.0,0.0
2025-04-23 09:40:00-04:00,7.929999828338623,7.940000057220459,7.909999847412109,7.925000190734863,26275,0.0,0.0
2025-04-23 09:41:00-04:00,7.929999828338623,7.96999979019165,7.916999816894531,7.96999979019165,34647,0.0,0.0
2025-04-23 09:42:00-04:00,7.949999809265137,7.949999809265137,7.9243998527526855,7.940000057220459,36432,0.0,0.0
2025-04-23 09:43:00-04:00,7.940000057220459,7.994999885559082,7.938799858093262,7.994999885559082,31904,0.0,0.0
2025-04-23 09:44:00-04:00,7.989999771118164,8.050000190734863,7.980000019073486,8.002699851989746,45966,0.0,0.0
2025-04-23 09:45:00-04:00,8.000399589538574,8.039999961853027,7.96999979019165,8.027700424194336,35707,0.0,0.0
2025-04-23 09:46:00-04:00,8.020000457763672,8.039999961853027,8.010100364685059,8.029999732971191,13223,0.0,0.0
2025-04-23 09:49:00-04:00,8.09000015258789,8.10990047454834,8.079999923706055,8.095000267028809,191521,0.0,0.0
2025-04-23 09:50:00-04:00,8.095000267028809,8.100000381469727,8.069999694824219,8.079999923706055,31827,0.0,0.0
2025-04-23 09:51:00-04:00,8.079999923706055,8.130000114440918,8.079999923706055,8.109999656677246,26941,0.0,0.0
2025-04-23 09:52:00-04:00,8.130000114440918,8.130000114440918,8.039999961853027,8.0600004196167,45340,0.0,0.0
2025-04-23 09:53:00-04:00,8.067700386047363,8.069999694824219,8.02560043334961,8.0600004196167,30857,0.0,0.0
2025-04-23 09:54:00-04:00,8.055000305175781,8.09000015258789,8.050000190734863,8.072500228881836,50229,0.0,0.0
2025-04-23 09:55:00-04:00,8.079999923706055,8.09000015258789,7.989999771118164,8.005599975585938,119674,0.0,0.0
2025-04-23 09:56:00-04:00,8.010000228881836,8.040900230407715,7.992400169372559,8.020000457763672,32595,0.0,0.0
2025-04-23 09:57:00-04:00,8.0,8.010000228881836,7.980000019073486,7.989999771118164,24510,0.0,0.0
2025-04-23 09:58:00-04:00,7.980199813842773,8.0,7.960000038146973,7.980000019073486,27290,0.0,0.0
2025-04-23 09:59:00-04:00,7.989999771118164,8.010000228881836,7.972899913787842,8.010000228881836,20250,0.0,0.0
2025-04-23 10:00:00-04:00,8.009900093078613,8.130000114440918,7.920000076293945,8.039999961853027,209223,0.0,0.0
2025-04-23 10:01:00-04:00,8.040900230407715,8.069999694824219,8.010000228881836,8.010000228881836,13492,0.0,0.0
2025-04-23 10:02:00-04:00,8.015000343322754,8.029999732971191,7.980000019073486,8.010000228881836,42692,0.0,0.0
2025-04-23 10:03:00-04:00,8.010000228881836,8.024999618530273,7.985000133514404,8.0,18010,0.0,0.0
2025-04-23 10:04:00-04:00,8.020000457763672,8.079999923706055,8.020000457763672,8.079999923706055,32876,0.0,0.0
2025-04-23 10:05:00-04:00,8.079999923706055,8.09000015258789,7.989999771118164,7.989999771118164,60434,0.0,0.0
2025-04-23 10:06:00-04:00,7.998700141906738,8.020000457763672,7.980800151824951,7.989999771118164,55270,0.0,0.0
2025-04-23 10:07:00-04:00,7.989999771118164,8.005000114440918,7.980000019073486,7.9903998374938965,13602,0.0,0.0
2025-04-23 10:08:00-04:00,7.974999904632568,8.020000457763672,7.974999904632568,8.0,8972,0.0,0.0
2025-04-23 10:09:00-04:00,8.0,8.000100135803223,7.980000019073486,7.989999771118164,15450,0.0,0.0
2025-04-23 10:10:00-04:00,8.0,8.015000343322754,7.980000019073486,8.015000343322754,22936,0.0,0.0
2025-04-23 10:11:00-04:00,8.029999732971191,8.055000305175781,8.029999732971191,8.045000076293945,49954,0.0,0.0
2025-04-23 10:12:00-04:00,8.04889965057373,8.04889965057373,8.024999618530273,8.029999732971191,19691,0.0,0.0
2025-04-23 10:13:00-04:00,8.03499984741211,8.050000190734863,8.029999732971191,8.03499984741211,34038,0.0,0.0
2025-04-23 10:14:00-04:00,8.03499984741211,8.03499984741211,8.0,8.005000114440918,11142,0.0,0.0
2025-04-23 10:15:00-04:00,8.0,8.0,7.965000152587891,7.985000133514404,28466,0.0,0.0
2025-04-23 10:16:00-04:00,7.985599994659424,7.989999771118164,7.940000057220459,7.940000057220459,36151,0.0,0.0
2025-04-23 10:17:00-04:00,7.940000057220459,7.980000019073486,7.940000057220459,7.96999979019165,25745,0.0,0.0
2025-04-23 10:18:00-04:00,7.974999904632568,7.985000133514404,7.945000171661377,7.954999923706055,38358,0.0,0.0
2025-04-23 10:19:00-04:00,7.96999979019165,8.00879955291748,7.965000152587891,8.005000114440918,18771,0.0,0.0
2025-04-23 10:20:00-04:00,8.0,8.020000457763672,7.980000019073486,8.015000343322754,32260,0.0,0.0
2025-04-23 10:21:00-04:00,8.015000343322754,8.015000343322754,7.960000038146973,7.994999885559082,37383,0.0,0.0
2025-04-23 10:22:00-04:00,7.99970006942749,8.029999732971191,7.989999771118164,8.024999618530273,16139,0.0,0.0
2025-04-23 10:23:00-04:00,8.029999732971191,8.039999961853027,7.994999885559082,8.029999732971191,51665,0.0,0.0
2025-04-23 10:24:00-04:00,8.029999732971191,8.029999732971191,7.989999771118164,8.029999732971191,42919,0.0,0.0
2025-04-23 10:25:00-04:00,8.03499984741211,8.100000381469727,8.029999732971191,8.09000015258789,70119,0.0,0.0
2025-04-23 10:26:00-04:00,8.095000267028809,8.149999618530273,8.095000267028809,8.125,64392,0.0,0.0
2025-04-23 10:27:00-04:00,8.119999885559082,8.119999885559082,8.074999809265137,8.085000038146973,40108,0.0,0.0
2025-04-23 10:28:00-04:00,8.095000267028809,8.119999885559082,8.095000267028809,8.114999771118164,41474,0.0,0.0
2025-04-23 10:29:00-04:00,8.119999885559082,8.135600090026855,8.119999885559082,8.125,10913,0.0,0.0
2025-04-23 10:30:00-04:00,8.125,8.175200462341309,8.109999656677246,8.175200462341309,48945,0.0,0.0
2025-04-23 10:31:00-04:00,8.175000190734863,8.180000305175781,8.145000457763672,8.15999984741211,25324,0.0,0.0
2025-04-23 10:32:00-04:00,8.154999732971191,8.3100004196167,8.154999732971191,8.305000305175781,416321,0.0,0.0
2025-04-23 10:33:00-04:00,8.300000190734863,8.329999923706055,8.239999771118164,8.255000114440918,146054,0.0,0.0
2025-04-23 10:34:00-04:00,8.244999885559082,8.300000190734863,8.244999885559082,8.270000457763672,64807,0.0,0.0
2025-04-23 10:35:00-04:00,8.270000457763672,8.3056001663208,8.270000457763672,8.28909969329834,16454,0.0,0.0
2025-04-23 10:36:00-04:00,8.28499984741211,8.289799690246582,8.255000114440918,8.270000457763672,56720,0.0,0.0
2025-04-23 10:37:00-04:00,8.271200180053711,8.271200180053711,8.210000038146973,8.210000038146973,36987,0.0,0.0
2025-04-23 10:38:00-04:00,8.199999809265137,8.204999923706055,8.180000305175781,8.180000305175781,13745,0.0,0.0
2025-04-23 10:39:00-04:00,8.1850004196167,8.194999694824219,8.152000427246094,8.181300163269043,25270,0.0,0.0
2025-04-23 10:40:00-04:00,8.180000305175781,8.180000305175781,8.130000114440918,8.15999984741211,32064,0.0,0.0
2025-04-23 10:41:00-04:00,8.159299850463867,8.15999984741211,8.140000343322754,8.140000343322754,10769,0.0,0.0
2025-04-23 10:42:00-04:00,8.135000228881836,8.140000343322754,8.125,8.132100105285645,15975,0.0,0.0
2025-04-23 10:43:00-04:00,8.140000343322754,8.15999984741211,8.140000343322754,8.15999984741211,6803,0.0,0.0
2025-04-23 10:44:00-04:00,8.170000076293945,8.1850004196167,8.164999961853027,8.180299758911133,27758,0.0,0.0
2025-04-23 10:45:00-04:00,8.170000076293945,8.170000076293945,8.154999732971191,8.164999961853027,7245,0.0,0.0
2025-04-23 10:46:00-04:00,8.149999618530273,8.164999961853027,8.149999618530273,8.151900291442871,13773,0.0,0.0
2025-04-23 10:47:00-04:00,8.152199745178223,8.170000076293945,8.149999618530273,8.170000076293945,17802,0.0,0.0
2025-04-23 10:48:00-04:00,8.15999984741211,8.15999984741211,8.130000114440918,8.135000228881836,23906,0.0,0.0
2025-04-23 10:49:00-04:00,8.130000114440918,8.130000114440918,8.085000038146973,8.085000038146973,25010,0.0,0.0
2025-04-23 10:50:00-04:00,8.080100059509277,8.09000015258789,8.069999694824219,8.079999923706055,43085,0.0,0.0
2025-04-23 10:51:00-04:00,8.069999694824219,8.09000015258789,8.069999694824219,8.074999809265137,12702,0.0,0.0
2025-04-23 10:52:00-04:00,8.079999923706055,8.104999542236328,8.079999923706055,8.100000381469727,17163,0.0,0.0
2025-04-23 10:53:00-04:00,8.09000015258789,8.09000015258789,8.045000076293945,8.054699897766113,15144,0.0,0.0
2025-04-23 10:54:00-04:00,8.059900283813477,8.079999923706055,8.059900283813477,8.069999694824219,12882,0.0,0.0
2025-04-23 10:55:00-04:00,8.0600004196167,8.079999923706055,8.045000076293945,8.079999923706055,22038,0.0,0.0
2025-04-23 10:56:00-04:00,8.079999923706055,8.079999923706055,8.069999694824219,8.078800201416016,9403,0.0,0.0
2025-04-23 10:57:00-04:00,8.0600004196167,8.074999809265137,8.050000190734863,8.050000190734863,13071,0.0,0.0
2025-04-23 10:58:00-04:00,8.0600004196167,8.079999923706055,8.055000305175781,8.055000305175781,20738,0.0,0.0
2025-04-23 10:59:00-04:00,8.0600004196167,8.074999809265137,8.055000305175781,8.055000305175781,13935,0.0,0.0
2025-04-23 11:00:00-04:00,8.0649995803833,8.079999923706055,8.03499984741211,8.069999694824219,26659,0.0,0.0
2025-04-23 11:01:00-04:00,8.069999694824219,8.114999771118164,8.03499984741211,8.045000076293945,103752,0.0,0.0
2025-04-23 11:02:00-04:00,8.045000076293945,8.050000190734863,8.03499984741211,8.03499984741211,10404,0.0,0.0
2025-04-23 11:03:00-04:00,8.03499984741211,8.055000305175781,8.030099868774414,8.03499984741211,14751,0.0,0.0
2025-04-23 11:04:00-04:00,8.039999961853027,8.07979965209961,8.039999961853027,8.07979965209961,19322,0.0,0.0
2025-04-23 11:05:00-04:00,8.074999809265137,8.079999923706055,8.0649995803833,8.074999809265137,3739,0.0,0.0
2025-04-23 11:08:00-04:00,8.095000267028809,8.095000267028809,8.0600004196167,8.0649995803833,30714,0.0,0.0
2025-04-23 11:09:00-04:00,8.069999694824219,8.077899932861328,8.0649995803833,8.069999694824219,6684,0.0,0.0
2025-04-23 11:10:00-04:00,8.0600004196167,8.069100379943848,8.03499984741211,8.069100379943848,16381,0.0,0.0
2025-04-23 11:11:00-04:00,8.0649995803833,8.079999923706055,8.0649995803833,8.079999923706055,4431,0.0,0.0
2025-04-23 11:12:00-04:00,8.079999923706055,8.089900016784668,8.0649995803833,8.069999694824219,16938,0.0,0.0
2025-04-23 11:13:00-04:00,8.0649995803833,8.0649995803833,8.0649995803833,8.0649995803833,2684,0.0,0.0
2025-04-23 11:14:00-04:00,8.069999694824219,8.079999923706055,8.0649995803833,8.079999923706055,7414,0.0,0.0
2025-04-23 11:15:00-04:00,8.074999809265137,8.074999809265137,8.045000076293945,8.045000076293945,18356,0.0,0.0
2025-04-23 11:16:00-04:00,8.039999961853027,8.039999961853027,8.020000457763672,8.020000457763672,8904,0.0,0.0
2025-04-23 11:17:00-04:00,8.015000343322754,8.020000457763672,7.985000133514404,8.010100364685059,53227,0.0,0.0
2025-04-23 11:18:00-04:00,8.009699821472168,8.010000228881836,7.994999885559082,7.994999885559082,10269,0.0,0.0
2025-04-23 11:19:00-04:00,8.005000114440918,8.010000228881836,7.989999771118164,8.0,9189,0.0,0.0
2025-04-23 11:20:00-04:00,7.994999885559082,7.994999885559082,7.970300197601318,7.980000019073486,41697,0.0,0.0
2025-04-23 11:21:00-04:00,7.980000019073486,7.989999771118164,7.974999904632568,7.989999771118164,9258,0.0,0.0
2025-04-23 11:22:00-04:00,7.994999885559082,7.994999885559082,7.980800151824951,7.989999771118164,4022,0.0,0.0
2025-04-23 11:23:00-04:00,8.0,8.0,7.90500020980835,7.940000057220459,88975,0.0,0.0
2025-04-23 11:24:00-04:00,7.940100193023682,7.960000038146973,7.934999942779541,7.940000057220459,13292,0.0,0.0
2025-04-23 11:25:00-04:00,7.929999828338623,7.929999828338623,7.889999866485596,7.900000095367432,50315,0.0,0.0
2025-04-23 11:26:00-04:00,7.869999885559082,7.885000228881836,7.84499979019165,7.849999904632568,25289,0.0,0.0
2025-04-23 11:27:00-04:00,7.849999904632568,7.849999904632568,7.820000171661377,7.835000038146973,21481,0.0,0.0
2025-04-23 11:28:00-04:00,7.820000171661377,7.824999809265137,7.815000057220459,7.824999809265137,6889,0.0,0.0
2025-04-23 11:29:00-04:00,7.824999809265137,7.840000152587891,7.809999942779541,7.839799880981445,33813,0.0,0.0
2025-04-23 11:30:00-04:00,7.840000152587891,7.875,7.840000152587891,7.869999885559082,31688,0.0,0.0
2025-04-23 11:31:00-04:00,7.860000133514404,7.860000133514404,7.840000152587891,7.849999904632568,13119,0.0,0.0
2025-04-23 11:32:00-04:00,7.849999904632568,7.849999904632568,7.829999923706055,7.835000038146973,9890,0.0,0.0
2025-04-23 11:33:00-04:00,7.829999923706055,7.855000019073486,7.829999923706055,7.855000019073486,7231,0.0,0.0
2025-04-23 11:34:00-04:00,7.855000019073486,7.894999980926514,7.8520002365112305,7.894999980926514,29824,0.0,0.0
2025-04-23 11:35:00-04:00,7.889999866485596,7.889999866485596,7.860000133514404,7.860000133514404,5967,0.0,0.0
2025-04-23 11:36:00-04:00,7.835000038146973,7.864999771118164,7.835000038146973,7.864999771118164,4770,0.0,0.0
2025-04-23 11:37:00-04:00,7.860000133514404,7.860000133514404,7.84499979019165,7.860000133514404,3825,0.0,0.0
2025-04-23 11:38:00-04:00,7.864999771118164,7.875,7.864999771118164,7.875,4186,0.0,0.0
2025-04-23 11:39:00-04:00,7.879700183868408,7.880000114440918,7.869999885559082,7.880000114440918,2691,0.0,0.0
2025-04-23 11:40:00-04:00,7.880000114440918,7.900000095367432,7.880000114440918,7.889999866485596,11774,0.0,0.0
2025-04-23 11:41:00-04:00,7.894999980926514,7.900000095367432,7.894999980926514,7.900000095367432,1683,0.0,0.0
2025-04-23 11:42:00-04:00,7.899799823760986,7.900000095367432,7.880000114440918,7.885000228881836,5752,0.0,0.0
2025-04-23 11:43:00-04:00,7.880000114440918,7.885000228881836,7.869999885559082,7.869999885559082,3769,0.0,0.0
2025-04-23 11:44:00-04:00,7.864999771118164,7.880000114440918,7.860000133514404,7.864999771118164,22904,0.0,0.0
2025-04-23 11:45:00-04:00,7.864999771118164,7.880000114440918,7.860000133514404,7.880000114440918,26892,0.0,0.0
2025-04-23 11:46:00-04:00,7.869999885559082,7.869999885559082,7.849999904632568,7.849999904632568,15738,0.0,0.0
2025-04-23 11:47:00-04:00,7.840000152587891,7.840000152587891,7.820099830627441,7.824999809265137,4396,0.0,0.0
2025-04-23 11:48:00-04:00,7.824999809265137,7.824999809265137,7.78000020980835,7.800000190734863,51160,0.0,0.0
2025-04-23 11:49:00-04:00,7.800000190734863,7.829999923706055,7.800000190734863,7.819200038909912,12316,0.0,0.0
2025-04-23 11:50:00-04:00,7.822199821472168,7.829999923706055,7.81879997253418,7.829999923706055,5485,0.0,0.0
2025-04-23 11:51:00-04:00,7.840000152587891,7.840000152587891,7.820000171661377,7.820000171661377,5781,0.0,0.0
2025-04-23 11:52:00-04:00,7.815000057220459,7.815000057220459,7.804999828338623,7.804999828338623,10082,0.0,0.0
2025-04-23 11:53:00-04:00,7.789999961853027,7.809999942779541,7.784999847412109,7.809999942779541,7037,0.0,0.0
2025-04-23 11:54:00-04:00,7.820000171661377,7.829999923706055,7.820000171661377,7.829999923706055,6978,0.0,0.0
2025-04-23 11:55:00-04:00,7.840000152587891,7.84499979019165,7.835000038146973,7.84499979019165,15033,0.0,0.0
2025-04-23 11:56:00-04:00,7.849999904632568,7.855000019073486,7.843500137329102,7.851200103759766,10203,0.0,0.0
2025-04-23 11:57:00-04:00,7.855000019073486,7.860000133514404,7.84499979019165,7.849999904632568,29346,0.0,0.0
2025-04-23 11:58:00-04:00,7.844900131225586,7.844900131225586,7.835000038146973,7.835299968719482,8550,0.0,0.0
2025-04-23 11:59:00-04:00,7.829999923706055,7.840000152587891,7.824999809265137,7.840000152587891,8204,0.0,0.0
2025-04-23 12:00:00-04:00,7.835000038146973,7.848899841308594,7.835000038146973,7.848899841308594,1880,0.0,0.0
2025-04-23 12:01:00-04:00,7.840000152587891,7.860000133514404,7.840000152587891,7.849999904632568,33248,0.0,0.0
2025-04-23 12:02:00-04:00,7.840000152587891,7.84499979019165,7.835000038146973,7.840000152587891,3233,0.0,0.0
2025-04-23 12:03:00-04:00,7.840000152587891,7.849999904632568,7.840000152587891,7.849999904632568,1736,0.0,0.0
2025-04-23 12:04:00-04:00,7.860000133514404,7.864999771118164,7.860000133514404,7.864999771118164,3525,0.0,0.0
2025-04-23 12:05:00-04:00,7.869999885559082,7.872099876403809,7.869999885559082,7.869999885559082,11259,0.0,0.0
2025-04-23 12:06:00-04:00,7.864999771118164,7.864999771118164,7.849999904632568,7.849999904632568,8959,0.0,0.0
2025-04-23 12:07:00-04:00,7.835000038146973,7.864999771118164,7.835000038146973,7.849999904632568,5013,0.0,0.0
2025-04-23 12:08:00-04:00,7.860000133514404,7.875,7.860000133514404,7.864999771118164,6514,0.0,0.0
2025-04-23 12:09:00-04:00,7.864999771118164,7.866499900817871,7.855000019073486,7.855000019073486,3871,0.0,0.0
2025-04-23 12:10:00-04:00,7.855000019073486,7.869999885559082,7.855000019073486,7.869999885559082,4940,0.0,0.0
2025-04-23 12:11:00-04:00,7.880000114440918,7.885000228881836,7.860000133514404,7.860000133514404,3982,0.0,0.0
2025-04-23 12:12:00-04:00,7.855000019073486,7.855000019073486,7.840000152587891,7.840000152587891,21998,0.0,0.0
2025-04-23 12:13:00-04:00,7.835000038146973,7.869900226593018,7.835000038146973,7.864999771118164,31489,0.0,0.0
2025-04-23 12:14:00-04:00,7.864999771118164,7.875,7.864999771118164,7.871399879455566,2334,0.0,0.0
2025-04-23 12:15:00-04:00,7.869999885559082,7.869999885559082,7.835000038146973,7.840000152587891,15641,0.0,0.0
2025-04-23 12:16:00-04:00,7.840000152587891,7.849800109863281,7.840000152587891,7.849800109863281,3601,0.0,0.0
2025-04-23 12:17:00-04:00,7.840000152587891,7.840000152587891,7.824999809265137,7.824999809265137,16229,0.0,0.0
2025-04-23 12:18:00-04:00,7.829999923706055,7.840000152587891,7.824999809265137,7.829999923706055,8470,0.0,0.0
2025-04-23 12:19:00-04:00,7.820000171661377,7.829999923706055,7.820000171661377,7.822000026702881,4177,0.0,0.0
2025-04-23 12:20:00-04:00,7.824999809265137,7.824999809265137,7.800000190734863,7.820000171661377,28558,0.0,0.0
2025-04-23 12:21:00-04:00,7.820000171661377,7.820099830627441,7.804999828338623,7.804999828338623,9181,0.0,0.0
2025-04-23 12:22:00-04:00,7.804999828338623,7.804999828338623,7.78000020980835,7.78000020980835,29403,0.0,0.0
2025-04-23 12:23:00-04:00,7.789999961853027,7.809999942779541,7.789999961853027,7.804999828338623,12047,0.0,0.0
2025-04-23 12:24:00-04:00,7.809999942779541,7.815000057220459,7.790900230407715,7.795000076293945,5515,0.0,0.0
2025-04-23 12:25:00-04:00,7.789999961853027,7.789999961853027,7.78000020980835,7.78000020980835,9024,0.0,0.0
2025-04-23 12:26:00-04:00,7.775300025939941,7.775300025939941,7.760000228881836,7.760000228881836,5476,0.0,0.0
2025-04-23 12:27:00-04:00,7.769999980926514,7.789999961853027,7.769999980926514,7.789999961853027,17937,0.0,0.0
2025-04-23 12:28:00-04:00,7.800000190734863,7.8221001625061035,7.800000190734863,7.8221001625061035,8617,0.0,0.0
2025-04-23 12:29:00-04:00,7.820000171661377,7.835000038146973,7.815000057220459,7.820000171661377,5324,0.0,0.0
2025-04-23 12:30:00-04:00,7.820000171661377,7.820000171661377,7.815000057220459,7.815000057220459,3299,0.0,0.0
2025-04-23 12:31:00-04:00,7.820000171661377,7.82889986038208,7.820000171661377,7.82889986038208,4351,0.0,0.0
2025-04-23 12:32:00-04:00,7.824999809265137,7.829999923706055,7.820000171661377,7.829999923706055,12648,0.0,0.0
2025-04-23 12:33:00-04:00,7.829999923706055,7.84499979019165,7.829999923706055,7.84499979019165,9693,0.0,0.0
2025-04-23 12:34:00-04:00,7.84499979019165,7.84499979019165,7.815000057220459,7.815000057220459,13863,0.0,0.0
2025-04-23 12:35:00-04:00,7.826499938964844,7.829999923706055,7.820000171661377,7.829999923706055,8851,0.0,0.0
2025-04-23 12:36:00-04:00,7.840000152587891,7.849999904632568,7.840000152587891,7.849999904632568,3079,0.0,0.0
2025-04-23 12:37:00-04:00,7.855000019073486,7.869999885559082,7.849999904632568,7.860000133514404,27894,0.0,0.0
2025-04-23 12:38:00-04:00,7.860000133514404,7.860000133514404,7.840000152587891,7.849999904632568,5709,0.0,0.0
2025-04-23 12:39:00-04:00,7.860000133514404,7.860000133514404,7.851200103759766,7.860000133514404,2377,0.0,0.0
2025-04-23 12:40:00-04:00,7.860000133514404,7.890900135040283,7.860000133514404,7.885000228881836,15264,0.0,0.0
2025-04-23 12:41:00-04:00,7.880000114440918,7.889999866485596,7.880000114440918,7.880099773406982,4935,0.0,0.0
2025-04-23 12:42:00-04:00,7.889999866485596,7.889999866485596,7.875,7.875,3781,0.0,0.0
2025-04-23 12:43:00-04:00,7.880000114440918,7.889999866485596,7.880000114440918,7.889999866485596,13472,0.0,0.0
2025-04-23 12:44:00-04:00,7.889900207519531,7.889999866485596,7.875,7.875,3101,0.0,0.0
2025-04-23 12:45:00-04:00,7.879899978637695,7.880000114440918,7.875,7.880000114440918,12549,0.0,0.0
2025-04-23 12:46:00-04:00,7.869999885559082,7.869999885559082,7.855000019073486,7.869999885559082,3442,0.0,0.0
2025-04-23 12:47:00-04:00,7.880000114440918,7.880000114440918,7.869999885559082,7.869999885559082,2417,0.0,0.0
2025-04-23 12:48:00-04:00,7.860000133514404,7.860000133514404,7.851200103759766,7.855000019073486,3641,0.0,0.0
2025-04-23 12:49:00-04:00,7.849999904632568,7.849999904632568,7.839900016784668,7.839900016784668,3713,0.0,0.0
2025-04-23 12:50:00-04:00,7.855000019073486,7.855100154876709,7.855000019073486,7.855100154876709,2624,0.0,0.0
2025-04-23 12:51:00-04:00,7.860000133514404,7.880000114440918,7.860000133514404,7.880000114440918,1771,0.0,0.0
2025-04-23 12:52:00-04:00,7.875,7.880000114440918,7.874899864196777,7.874899864196777,3512,0.0,0.0
2025-04-23 12:53:00-04:00,7.869999885559082,7.880000114440918,7.869999885559082,7.880000114440918,2466,0.0,0.0
2025-04-23 12:54:00-04:00,7.870500087738037,7.880000114440918,7.870500087738037,7.880000114440918,1635,0.0,0.0
2025-04-23 12:55:00-04:00,7.880000114440918,7.894999980926514,7.880000114440918,7.894999980926514,4316,0.0,0.0
2025-04-23 12:56:00-04:00,7.889999866485596,7.909999847412109,7.889999866485596,7.900000095367432,52318,0.0,0.0
2025-04-23 12:57:00-04:00,7.894999980926514,7.900000095367432,7.894999980926514,7.900000095367432,6672,0.0,0.0
2025-04-23 12:58:00-04:00,7.900000095367432,7.90880012512207,7.890600204467773,7.894999980926514,17207,0.0,0.0
2025-04-23 12:59:00-04:00,7.894999980926514,7.900000095367432,7.880000114440918,7.894999980926514,22823,0.0,0.0
2025-04-23 13:00:00-04:00,7.889999866485596,7.894999980926514,7.820000171661377,7.894999980926514,41282,0.0,0.0
2025-04-23 13:01:00-04:00,7.900000095367432,7.900000095367432,7.894999980926514,7.894999980926514,3640,0.0,0.0
2025-04-23 13:02:00-04:00,7.900000095367432,7.90500020980835,7.89169979095459,7.90500020980835,13092,0.0,0.0
2025-04-23 13:03:00-04:00,7.894999980926514,7.90500020980835,7.894999980926514,7.90500020980835,2635,0.0,0.0
2025-04-23 13:04:00-04:00,7.900000095367432,7.900000095367432,7.880000114440918,7.885000228881836,6901,0.0,0.0
2025-04-23 13:05:00-04:00,7.889999866485596,7.894999980926514,7.889999866485596,7.894999980926514,4093,0.0,0.0
2025-04-23 13:06:00-04:00,7.889999866485596,7.889999866485596,7.880000114440918,7.880000114440918,4844,0.0,0.0
2025-04-23 13:07:00-04:00,7.869999885559082,7.875,7.869999885559082,7.875,1548,0.0,0.0
2025-04-23 13:08:00-04:00,7.889999866485596,7.889999866485596,7.889999866485596,7.889999866485596,3980,0.0,0.0
2025-04-23 13:09:00-04:00,7.894999980926514,7.894999980926514,7.894999980926514,7.894999980926514,1310,0.0,0.0
2025-04-23 13:10:00-04:00,7.894999980926514,7.894999980926514,7.894999980926514,7.894999980926514,1375,0.0,0.0
2025-04-23 13:11:00-04:00,7.889999866485596,7.889999866485596,7.885000228881836,7.885000228881836,2006,0.0,0.0
2025-04-23 13:12:00-04:00,7.885000228881836,7.889999866485596,7.881199836730957,7.889999866485596,9617,0.0,0.0
2025-04-23 13:13:00-04:00,7.880000114440918,7.883600234985352,7.875,7.875,3241,0.0,0.0
2025-04-23 13:14:00-04:00,7.875,7.889999866485596,7.875,7.885300159454346,4457,0.0,0.0
2025-04-23 13:15:00-04:00,7.889999866485596,7.889999866485596,7.875,7.875,23687,0.0,0.0
2025-04-23 13:16:00-04:00,7.869999885559082,7.869999885559082,7.864999771118164,7.864999771118164,3625,0.0,0.0
2025-04-23 13:17:00-04:00,7.860000133514404,7.869999885559082,7.860000133514404,7.869999885559082,2358,0.0,0.0
2025-04-23 13:18:00-04:00,7.8790998458862305,7.880000114440918,7.875,7.880000114440918,11583,0.0,0.0
2025-04-23 13:19:00-04:00,7.880000114440918,7.885000228881836,7.880000114440918,7.880000114440918,3410,0.0,0.0
2025-04-23 13:20:00-04:00,7.875,7.875,7.870100021362305,7.870100021362305,2196,0.0,0.0
2025-04-23 13:21:00-04:00,7.885000228881836,7.885000228881836,7.885000228881836,7.885000228881836,2398,0.0,0.0
2025-04-23 13:22:00-04:00,7.880000114440918,7.880000114440918,7.880000114440918,7.880000114440918,1644,0.0,0.0
2025-04-23 13:23:00-04:00,7.87470006942749,7.87470006942749,7.87470006942749,7.87470006942749,649,0.0,0.0
2025-04-23 13:24:00-04:00,7.875,7.889999866485596,7.875,7.889999866485596,11593,0.0,0.0
2025-04-23 13:25:00-04:00,7.891200065612793,7.9019999504089355,7.891200065612793,7.900000095367432,16513,0.0,0.0
2025-04-23 13:26:00-04:00,7.889999866485596,7.889999866485596,7.889999866485596,7.889999866485596,3665,0.0,0.0
2025-04-23 13:27:00-04:00,7.880000114440918,7.885000228881836,7.880000114440918,7.885000228881836,2725,0.0,0.0
2025-04-23 13:28:00-04:00,7.885000228881836,7.885000228881836,7.880000114440918,7.880000114440918,3927,0.0,0.0
2025-04-23 13:29:00-04:00,7.869999885559082,7.876500129699707,7.864999771118164,7.876500129699707,13347,0.0,0.0
2025-04-23 13:30:00-04:00,7.880000114440918,7.880000114440918,7.875,7.875,5306,0.0,0.0
2025-04-23 13:31:00-04:00,7.869999885559082,7.869999885559082,7.869999885559082,7.869999885559082,1620,0.0,0.0
2025-04-23 13:32:00-04:00,7.864999771118164,7.864999771118164,7.849999904632568,7.855000019073486,9487,0.0,0.0
2025-04-23 13:33:00-04:00,7.855000019073486,7.860000133514404,7.84499979019165,7.860000133514404,11654,0.0,0.0
2025-04-23 13:34:00-04:00,7.851900100708008,7.851900100708008,7.849999904632568,7.849999904632568,4449,0.0,0.0
2025-04-23 13:35:00-04:00,7.855000019073486,7.860000133514404,7.855000019073486,7.855000019073486,4347,0.0,0.0
2025-04-23 13:36:00-04:00,7.860000133514404,7.860000133514404,7.855000019073486,7.860000133514404,2213,0.0,0.0
2025-04-23 13:37:00-04:00,7.849999904632568,7.849999904632568,7.84499979019165,7.84499979019165,1929,0.0,0.0
2025-04-23 13:38:00-04:00,7.835000038146973,7.844699859619141,7.835000038146973,7.840000152587891,7599,0.0,0.0
2025-04-23 13:39:00-04:00,7.84499979019165,7.849999904632568,7.835000038146973,7.840000152587891,2398,0.0,0.0
2025-04-23 13:40:00-04:00,7.849999904632568,7.869999885559082,7.849999904632568,7.869999885559082,8221,0.0,0.0
2025-04-23 13:41:00-04:00,7.855000019073486,7.860000133514404,7.855000019073486,7.860000133514404,3765,0.0,0.0
2025-04-23 13:42:00-04:00,7.864999771118164,7.869999885559082,7.864999771118164,7.869999885559082,495,0.0,0.0
2025-04-23 13:43:00-04:00,7.869999885559082,7.900000095367432,7.869999885559082,7.900000095367432,11675,0.0,0.0
2025-04-23 13:45:00-04:00,7.90500020980835,7.90500020980835,7.889999866485596,7.889999866485596,3627,0.0,0.0
2025-04-23 13:46:00-04:00,7.889999866485596,7.889999866485596,7.880099773406982,7.889200210571289,6391,0.0,0.0
2025-04-23 13:48:00-04:00,7.885000228881836,7.885000228881836,7.872000217437744,7.872000217437744,4281,0.0,0.0
2025-04-23 13:49:00-04:00,7.879899978637695,7.888000011444092,7.875,7.885000228881836,8596,0.0,0.0
2025-04-23 13:50:00-04:00,7.880099773406982,7.885000228881836,7.880000114440918,7.885000228881836,1009,0.0,0.0
2025-04-23 13:51:00-04:00,7.889999866485596,7.894999980926514,7.880000114440918,7.894999980926514,7274,0.0,0.0
2025-04-23 13:52:00-04:00,7.900000095367432,7.900000095367432,7.900000095367432,7.900000095367432,5686,0.0,0.0
2025-04-23 13:53:00-04:00,7.914999961853027,7.920000076293945,7.90500020980835,7.914999961853027,13645,0.0,0.0
2025-04-23 13:54:00-04:00,7.914999961853027,7.929900169372559,7.914999961853027,7.925000190734863,10716,0.0,0.0
2025-04-23 13:55:00-04:00,7.925000190734863,7.925000190734863,7.925000190734863,7.925000190734863,385,0.0,0.0
2025-04-23 13:56:00-04:00,7.920000076293945,7.929999828338623,7.909999847412109,7.929999828338623,10649,0.0,0.0
2025-04-23 13:57:00-04:00,7.940000057220459,7.960000038146973,7.940000057220459,7.954999923706055,15877,0.0,0.0
2025-04-23 13:58:00-04:00,7.965000152587891,7.965000152587891,7.960000038146973,7.965000152587891,6853,0.0,0.0
2025-04-23 13:59:00-04:00,7.960000038146973,7.960000038146973,7.930099964141846,7.934999942779541,11973,0.0,0.0
2025-04-23 14:00:00-04:00,7.929999828338623,7.940000057220459,7.925000190734863,7.934999942779541,8494,0.0,0.0
2025-04-23 14:01:00-04:00,7.940000057220459,7.940000057220459,7.940000057220459,7.940000057220459,3998,0.0,0.0
2025-04-23 14:02:00-04:00,7.949999809265137,7.960000038146973,7.949999809265137,7.949999809265137,7523,0.0,0.0
2025-04-23 14:03:00-04:00,7.945000171661377,7.960000038146973,7.925000190734863,7.960000038146973,19891,0.0,0.0
2025-04-23 14:04:00-04:00,7.958799839019775,7.980000019073486,7.958799839019775,7.980000019073486,6015,0.0,0.0
2025-04-23 14:05:00-04:00,7.989999771118164,8.020000457763672,7.989999771118164,8.0,29753,0.0,0.0
2025-04-23 14:06:00-04:00,7.994999885559082,7.995100021362305,7.980000019073486,7.980000019073486,6385,0.0,0.0
2025-04-23 14:07:00-04:00,7.974999904632568,7.974999904632568,7.960000038146973,7.960000038146973,23559,0.0,0.0
2025-04-23 14:08:00-04:00,7.960000038146973,7.96999979019165,7.960000038146973,7.96999979019165,8455,0.0,0.0
2025-04-23 14:09:00-04:00,7.974999904632568,7.974999904632568,7.974999904632568,7.974999904632568,1981,0.0,0.0
2025-04-23 14:10:00-04:00,7.96999979019165,7.974999904632568,7.96999979019165,7.974999904632568,1940,0.0,0.0
2025-04-23 14:11:00-04:00,7.974999904632568,7.974999904632568,7.974999904632568,7.974999904632568,6038,0.0,0.0
2025-04-23 14:12:00-04:00,7.974999904632568,7.980299949645996,7.974999904632568,7.980000019073486,4679,0.0,0.0
2025-04-23 14:13:00-04:00,7.96999979019165,7.96999979019165,7.964700222015381,7.964700222015381,3986,0.0,0.0
2025-04-23 14:14:00-04:00,7.960000038146973,7.985000133514404,7.945000171661377,7.96999979019165,87557,0.0,0.0
2025-04-23 14:15:00-04:00,7.985000133514404,8.020000457763672,7.985000133514404,8.020000457763672,11540,0.0,0.0
2025-04-23 14:16:00-04:00,8.024999618530273,8.029999732971191,8.020000457763672,8.020000457763672,6926,0.0,0.0
2025-04-23 14:17:00-04:00,8.010000228881836,8.010000228881836,8.0,8.0,3912,0.0,0.0
2025-04-23 14:18:00-04:00,7.996500015258789,7.996500015258789,7.989999771118164,7.994999885559082,3656,0.0,0.0
2025-04-23 14:19:00-04:00,8.0,8.005000114440918,7.9944000244140625,7.994999885559082,5073,0.0,0.0
2025-04-23 14:20:00-04:00,7.989999771118164,7.994200229644775,7.982100009918213,7.989999771118164,8023,0.0,0.0
2025-04-23 14:21:00-04:00,7.989999771118164,7.99560022354126,7.989999771118164,7.99560022354126,4259,0.0,0.0
2025-04-23 14:22:00-04:00,7.989999771118164,8.0,7.989999771118164,7.99970006942749,12277,0.0,0.0
2025-04-23 14:23:00-04:00,7.989999771118164,7.989999771118164,7.960000038146973,7.96999979019165,19385,0.0,0.0
2025-04-23 14:24:00-04:00,7.980000019073486,7.980000019073486,7.973400115966797,7.980000019073486,5794,0.0,0.0
2025-04-23 14:25:00-04:00,7.989999771118164,7.989999771118164,7.980000019073486,7.980000019073486,4375,0.0,0.0
2025-04-23 14:26:00-04:00,7.980000019073486,7.989999771118164,7.96999979019165,7.96999979019165,8820,0.0,0.0
2025-04-23 14:28:00-04:00,7.96999979019165,7.96999979019165,7.960000038146973,7.960000038146973,2600,0.0,0.0
2025-04-23 14:29:00-04:00,7.96999979019165,7.974999904632568,7.965000152587891,7.96999979019165,4775,0.0,0.0
2025-04-23 14:30:00-04:00,7.980000019073486,7.9899001121521,7.980000019073486,7.985000133514404,6061,0.0,0.0
2025-04-23 14:31:00-04:00,7.985000133514404,7.989999771118164,7.980000019073486,7.980000019073486,15183,0.0,0.0
2025-04-23 14:32:00-04:00,7.985000133514404,7.994999885559082,7.985000133514404,7.9878997802734375,1288,0.0,0.0
2025-04-23 14:33:00-04:00,7.980000019073486,7.980000019073486,7.940000057220459,7.940000057220459,79056,0.0,0.0
2025-04-23 14:34:00-04:00,7.929999828338623,7.929999828338623,7.920000076293945,7.929999828338623,5600,0.0,0.0
2025-04-23 14:35:00-04:00,7.925000190734863,7.925300121307373,7.920000076293945,7.920000076293945,1722,0.0,0.0
2025-04-23 14:36:00-04:00,7.920000076293945,7.923600196838379,7.909999847412109,7.909999847412109,14559,0.0,0.0
2025-04-23 14:37:00-04:00,7.90500020980835,7.914999961853027,7.90500020980835,7.914999961853027,7312,0.0,0.0
2025-04-23 14:38:00-04:00,7.9197001457214355,7.9197001457214355,7.914999961853027,7.914999961853027,4326,0.0,0.0
2025-04-23 14:39:00-04:00,7.920000076293945,7.929999828338623,7.914999961853027,7.914999961853027,9223,0.0,0.0
2025-04-23 14:40:00-04:00,7.909999847412109,7.909999847412109,7.875,7.880000114440918,15177,0.0,0.0
2025-04-23 14:41:00-04:00,7.869999885559082,7.869999885559082,7.861000061035156,7.869999885559082,13463,0.0,0.0
2025-04-23 14:42:00-04:00,7.875,7.875,7.875,7.875,989,0.0,0.0
2025-04-23 14:43:00-04:00,7.875,7.879899978637695,7.860000133514404,7.864999771118164,26499,0.0,0.0
2025-04-23 14:44:00-04:00,7.860000133514404,7.860000133514404,7.835000038146973,7.849999904632568,111115,0.0,0.0
2025-04-23 14:45:00-04:00,7.840000152587891,7.84499979019165,7.835000038146973,7.84499979019165,8859,0.0,0.0
2025-04-23 14:46:00-04:00,7.849999904632568,7.875,7.849999904632568,7.864999771118164,7904,0.0,0.0
2025-04-23 14:47:00-04:00,7.880000114440918,7.885300159454346,7.880000114440918,7.885300159454346,1678,0.0,0.0
2025-04-23 14:48:00-04:00,7.884399890899658,7.884799957275391,7.884399890899658,7.884799957275391,10759,0.0,0.0
2025-04-23 14:49:00-04:00,7.869999885559082,7.869999885559082,7.869999885559082,7.869999885559082,3903,0.0,0.0
2025-04-23 14:50:00-04:00,7.860000133514404,7.860000133514404,7.84499979019165,7.8480000495910645,2536,0.0,0.0
2025-04-23 14:51:00-04:00,7.840000152587891,7.840000152587891,7.829999923706055,7.829999923706055,5524,0.0,0.0
2025-04-23 14:52:00-04:00,7.835000038146973,7.839799880981445,7.829999923706055,7.829999923706055,3167,0.0,0.0
2025-04-23 14:53:00-04:00,7.8302998542785645,7.840000152587891,7.829999923706055,7.840000152587891,11734,0.0,0.0
2025-04-23 14:54:00-04:00,7.835000038146973,7.835000038146973,7.815000057220459,7.820000171661377,10281,0.0,0.0
2025-04-23 14:55:00-04:00,7.829999923706055,7.840000152587891,7.829999923706055,7.840000152587891,7175,0.0,0.0
2025-04-23 14:56:00-04:00,7.840000152587891,7.849999904632568,7.840000152587891,7.849999904632568,15546,0.0,0.0
2025-04-23 14:57:00-04:00,7.849999904632568,7.849999904632568,7.848800182342529,7.848800182342529,4056,0.0,0.0
2025-04-23 14:58:00-04:00,7.860000133514404,7.860000133514404,7.860000133514404,7.860000133514404,6388,0.0,0.0
2025-04-23 14:59:00-04:00,7.855000019073486,7.855000019073486,7.855000019073486,7.855000019073486,2350,0.0,0.0
2025-04-23 15:00:00-04:00,7.855000019073486,7.880000114440918,7.855000019073486,7.855000019073486,12378,0.0,0.0
2025-04-23 15:01:00-04:00,7.869999885559082,7.869999885559082,7.860000133514404,7.860000133514404,2583,0.0,0.0
2025-04-23 15:02:00-04:00,7.840000152587891,7.84499979019165,7.840000152587891,7.840000152587891,10143,0.0,0.0
2025-04-23 15:03:00-04:00,7.835000038146973,7.849999904632568,7.835000038146973,7.849999904632568,15978,0.0,0.0
2025-04-23 15:04:00-04:00,7.841599941253662,7.860000133514404,7.841599941253662,7.860000133514404,11570,0.0,0.0
2025-04-23 15:05:00-04:00,7.860000133514404,7.880000114440918,7.855000019073486,7.868800163269043,18787,0.0,0.0
2025-04-23 15:06:00-04:00,7.860000133514404,7.860000133514404,7.854700088500977,7.860000133514404,5340,0.0,0.0
2025-04-23 15:07:00-04:00,7.849999904632568,7.849999904632568,7.84499979019165,7.84499979019165,3539,0.0,0.0
2025-04-23 15:08:00-04:00,7.860000133514404,7.869900226593018,7.860000133514404,7.867000102996826,6963,0.0,0.0
2025-04-23 15:09:00-04:00,7.864999771118164,7.869999885559082,7.860000133514404,7.860000133514404,6654,0.0,0.0
2025-04-23 15:10:00-04:00,7.860000133514404,7.869999885559082,7.860000133514404,7.869999885559082,7363,0.0,0.0
2025-04-23 15:11:00-04:00,7.860000133514404,7.879700183868408,7.860000133514404,7.879700183868408,5666,0.0,0.0
2025-04-23 15:12:00-04:00,7.869999885559082,7.878300189971924,7.855000019073486,7.855000019073486,12820,0.0,0.0
2025-04-23 15:13:00-04:00,7.855000019073486,7.855000019073486,7.84499979019165,7.850100040435791,5700,0.0,0.0
2025-04-23 15:14:00-04:00,7.855000019073486,7.855000019073486,7.835000038146973,7.835000038146973,4365,0.0,0.0
2025-04-23 15:15:00-04:00,7.829999923706055,7.829999923706055,7.824999809265137,7.824999809265137,2434,0.0,0.0
2025-04-23 15:16:00-04:00,7.820099830627441,7.829899787902832,7.815000057220459,7.820000171661377,6568,0.0,0.0
2025-04-23 15:17:00-04:00,7.829999923706055,7.835000038146973,7.820000171661377,7.820000171661377,13872,0.0,0.0
2025-04-23 15:18:00-04:00,7.820000171661377,7.820000171661377,7.820000171661377,7.820000171661377,2444,0.0,0.0
2025-04-23 15:19:00-04:00,7.815000057220459,7.815000057220459,7.795000076293945,7.795000076293945,8802,0.0,0.0
2025-04-23 15:20:00-04:00,7.800000190734863,7.800000190734863,7.78000020980835,7.784999847412109,10951,0.0,0.0
2025-04-23 15:21:00-04:00,7.784999847412109,7.799900054931641,7.781300067901611,7.795000076293945,10268,0.0,0.0
2025-04-23 15:22:00-04:00,7.795000076293945,7.795000076293945,7.78000020980835,7.78000020980835,9667,0.0,0.0
2025-04-23 15:23:00-04:00,7.769999980926514,7.769999980926514,7.769999980926514,7.769999980926514,5485,0.0,0.0
2025-04-23 15:24:00-04:00,7.78000020980835,7.784999847412109,7.78000020980835,7.78000020980835,2553,0.0,0.0
2025-04-23 15:25:00-04:00,7.78000020980835,7.78000020980835,7.760000228881836,7.760000228881836,41412,0.0,0.0
2025-04-23 15:26:00-04:00,7.764999866485596,7.784999847412109,7.764999866485596,7.784999847412109,9592,0.0,0.0
2025-04-23 15:27:00-04:00,7.78000020980835,7.789999961853027,7.78000020980835,7.789999961853027,7102,0.0,0.0
2025-04-23 15:28:00-04:00,7.789999961853027,7.795000076293945,7.784999847412109,7.784999847412109,8251,0.0,0.0
2025-04-23 15:29:00-04:00,7.78879976272583,7.78879976272583,7.769999980926514,7.778200149536133,7589,0.0,0.0
2025-04-23 15:30:00-04:00,7.769999980926514,7.800000190734863,7.769999980926514,7.800000190734863,37730,0.0,0.0
2025-04-23 15:31:00-04:00,7.804999828338623,7.820000171661377,7.802000045776367,7.820000171661377,13151,0.0,0.0
2025-04-23 15:32:00-04:00,7.824999809265137,7.829999923706055,7.820000171661377,7.820000171661377,8022,0.0,0.0
2025-04-23 15:33:00-04:00,7.815000057220459,7.820000171661377,7.804999828338623,7.820000171661377,6894,0.0,0.0
2025-04-23 15:34:00-04:00,7.824999809265137,7.824999809265137,7.800000190734863,7.804999828338623,11819,0.0,0.0
2025-04-23 15:35:00-04:00,7.789999961853027,7.789999961853027,7.775000095367432,7.784999847412109,21917,0.0,0.0
2025-04-23 15:36:00-04:00,7.78000020980835,7.78000020980835,7.775000095367432,7.78000020980835,8976,0.0,0.0
2025-04-23 15:37:00-04:00,7.78000020980835,7.78000020980835,7.760000228881836,7.760000228881836,14069,0.0,0.0
2025-04-23 15:38:00-04:00,7.764999866485596,7.769999980926514,7.7600998878479,7.7600998878479,6175,0.0,0.0
2025-04-23 15:39:00-04:00,7.755000114440918,7.769999980926514,7.75,7.761199951171875,10506,0.0,0.0
2025-04-23 15:40:00-04:00,7.755000114440918,7.78000020980835,7.755000114440918,7.764999866485596,12433,0.0,0.0
2025-04-23 15:41:00-04:00,7.769999980926514,7.779900074005127,7.769999980926514,7.779900074005127,5638,0.0,0.0
2025-04-23 15:42:00-04:00,7.769999980926514,7.789999961853027,7.769999980926514,7.78000020980835,13745,0.0,0.0
2025-04-23 15:43:00-04:00,7.775000095367432,7.775000095367432,7.775000095367432,7.775000095367432,1606,0.0,0.0
2025-04-23 15:44:00-04:00,7.775000095367432,7.784999847412109,7.775000095367432,7.78000020980835,4352,0.0,0.0
2025-04-23 15:45:00-04:00,7.789999961853027,7.795000076293945,7.769999980926514,7.78000020980835,44130,0.0,0.0
2025-04-23 15:46:00-04:00,7.78000020980835,7.78000020980835,7.755000114440918,7.769999980926514,27905,0.0,0.0
2025-04-23 15:47:00-04:00,7.769999980926514,7.789999961853027,7.769999980926514,7.789999961853027,13629,0.0,0.0
2025-04-23 15:48:00-04:00,7.784999847412109,7.789999961853027,7.775000095367432,7.78000020980835,15498,0.0,0.0
2025-04-23 15:49:00-04:00,7.775000095367432,7.784999847412109,7.775000095367432,7.784999847412109,12899,0.0,0.0
2025-04-23 15:50:00-04:00,7.789999961853027,7.809999942779541,7.780200004577637,7.800000190734863,19871,0.0,0.0
2025-04-23 15:51:00-04:00,7.795000076293945,7.800000190734863,7.784999847412109,7.784999847412109,29441,0.0,0.0
2025-04-23 15:52:00-04:00,7.784999847412109,7.824999809265137,7.784999847412109,7.820000171661377,17766,0.0,0.0
2025-04-23 15:53:00-04:00,7.820000171661377,7.824999809265137,7.8144001960754395,7.815000057220459,17550,0.0,0.0
2025-04-23 15:54:00-04:00,7.810200214385986,7.815000057220459,7.789999961853027,7.800000190734863,25570,0.0,0.0
2025-04-23 15:55:00-04:00,7.809999942779541,7.835000038146973,7.809999942779541,7.824999809265137,42883,0.0,0.0
2025-04-23 15:56:00-04:00,7.829899787902832,7.855000019073486,7.824999809265137,7.84499979019165,66051,0.0,0.0
2025-04-23 15:57:00-04:00,7.849999904632568,7.880000114440918,7.84499979019165,7.875,53384,0.0,0.0
2025-04-23 15:58:00-04:00,7.880000114440918,7.880000114440918,7.8744001388549805,7.880000114440918,25842,0.0,0.0
2025-04-23 15:59:00-04:00,7.880000114440918,7.885000228881836,7.840000152587891,7.840000152587891,168345,0.0,0.0
2025-04-24 09:30:00-04:00,7.909999847412109,7.928899765014648,7.809999942779541,7.880000114440918,156278,0.0,0.0
2025-04-24 09:31:00-04:00,7.894999980926514,7.929999828338623,7.894999980926514,7.909999847412109,9600,0.0,0.0
2025-04-24 09:32:00-04:00,7.939700126647949,7.96999979019165,7.929999828338623,7.940999984741211,18637,0.0,0.0
2025-04-24 09:33:00-04:00,7.936500072479248,8.0649995803833,7.934999942779541,8.024800300598145,59261,0.0,0.0
2025-04-24 09:34:00-04:00,8.000100135803223,8.099900245666504,8.000100135803223,8.079999923706055,41068,0.0,0.0
2025-04-24 09:35:00-04:00,8.09000015258789,8.09000015258789,8.050000190734863,8.0600004196167,20431,0.0,0.0
2025-04-24 09:36:00-04:00,8.0600004196167,8.149999618530273,8.050000190734863,8.149999618530273,16900,0.0,0.0
2025-04-24 09:37:00-04:00,8.140000343322754,8.170000076293945,8.116100311279297,8.170000076293945,36249,0.0,0.0
2025-04-24 09:38:00-04:00,8.170000076293945,8.18809986114502,8.129899978637695,8.149999618530273,46520,0.0,0.0
2025-04-24 09:39:00-04:00,8.159700393676758,8.1899995803833,8.133600234985352,8.170000076293945,17544,0.0,0.0
2025-04-24 09:40:00-04:00,8.180000305175781,8.1899995803833,8.146300315856934,8.1899995803833,14069,0.0,0.0
2025-04-24 09:41:00-04:00,8.194999694824219,8.260000228881836,8.194999694824219,8.25,47364,0.0,0.0
2025-04-24 09:42:00-04:00,8.257399559020996,8.300000190734863,8.239999771118164,8.287500381469727,186583,0.0,0.0
2025-04-24 09:43:00-04:00,8.279999732971191,8.369999885559082,8.270000457763672,8.369999885559082,51002,0.0,0.0
2025-04-24 09:44:00-04:00,8.359999656677246,8.40999984741211,8.350000381469727,8.369999885559082,75002,0.0,0.0
2025-04-24 09:45:00-04:00,8.369999885559082,8.4399995803833,8.360799789428711,8.399999618530273,45688,0.0,0.0
2025-04-24 09:46:00-04:00,8.414999961853027,8.430000305175781,8.395000457763672,8.395000457763672,38277,0.0,0.0
2025-04-24 09:47:00-04:00,8.395000457763672,8.399999618530273,8.289999961853027,8.300000190734863,136637,0.0,0.0
2025-04-24 09:48:00-04:00,8.289999961853027,8.289999961853027,8.22070026397705,8.244999885559082,61513,0.0,0.0
2025-04-24 09:49:00-04:00,8.244799613952637,8.295000076293945,8.199999809265137,8.289999961853027,52250,0.0,0.0
2025-04-24 09:50:00-04:00,8.279999732971191,8.329700469970703,8.279000282287598,8.329700469970703,22236,0.0,0.0
2025-04-24 09:51:00-04:00,8.3100004196167,8.3100004196167,8.28499984741211,8.289999961853027,17092,0.0,0.0
2025-04-24 09:52:00-04:00,8.289999961853027,8.289999961853027,8.244999885559082,8.244999885559082,16572,0.0,0.0
2025-04-24 09:53:00-04:00,8.239999771118164,8.260000228881836,8.234999656677246,8.25,12270,0.0,0.0
2025-04-24 09:54:00-04:00,8.229999542236328,8.229999542236328,8.210000038146973,8.210000038146973,16802,0.0,0.0
2025-04-24 09:55:00-04:00,8.20989990234375,8.20989990234375,8.170000076293945,8.1899995803833,36921,0.0,0.0
2025-04-24 09:56:00-04:00,8.192999839782715,8.199999809265137,8.175000190734863,8.17549991607666,25500,0.0,0.0
2025-04-24 09:57:00-04:00,8.170000076293945,8.249899864196777,8.164999961853027,8.225000381469727,49450,0.0,0.0
2025-04-24 09:58:00-04:00,8.239999771118164,8.255000114440918,8.220000267028809,8.25,29111,0.0,0.0
2025-04-24 09:59:00-04:00,8.250900268554688,8.300000190734863,8.250900268554688,8.289999961853027,24237,0.0,0.0
2025-04-24 10:00:00-04:00,8.279999732971191,8.287500381469727,8.255000114440918,8.270000457763672,12121,0.0,0.0
2025-04-24 10:01:00-04:00,8.270000457763672,8.289999961853027,8.229999542236328,8.244999885559082,13235,0.0,0.0
2025-04-24 10:02:00-04:00,8.244999885559082,8.270000457763672,8.244999885559082,8.25879955291748,36158,0.0,0.0
2025-04-24 10:03:00-04:00,8.259400367736816,8.270000457763672,8.234999656677246,8.260000228881836,20478,0.0,0.0
2025-04-24 10:04:00-04:00,8.270000457763672,8.277400016784668,8.220000267028809,8.229999542236328,6823,0.0,0.0
2025-04-24 10:05:00-04:00,8.234999656677246,8.274999618530273,8.234999656677246,8.274999618530273,12805,0.0,0.0
2025-04-24 10:06:00-04:00,8.289999961853027,8.300000190734863,8.279999732971191,8.279999732971191,12507,0.0,0.0
2025-04-24 10:07:00-04:00,8.270000457763672,8.29800033569336,8.265000343322754,8.29259967803955,12159,0.0,0.0
2025-04-24 10:08:00-04:00,8.289999961853027,8.329999923706055,8.289999961853027,8.319999694824219,18451,0.0,0.0
2025-04-24 10:09:00-04:00,8.319999694824219,8.319999694824219,8.300000190734863,8.300000190734863,58506,0.0,0.0
2025-04-24 10:10:00-04:00,8.300000190734863,8.300000190734863,8.260100364685059,8.260100364685059,9505,0.0,0.0
2025-04-24 10:11:00-04:00,8.265000343322754,8.265000343322754,8.220000267028809,8.240099906921387,37902,0.0,0.0
2025-04-24 10:12:00-04:00,8.245100021362305,8.245499610900879,8.21500015258789,8.21500015258789,8921,0.0,0.0
2025-04-24 10:13:00-04:00,8.21500015258789,8.239999771118164,8.210000038146973,8.234999656677246,12496,0.0,0.0
2025-04-24 10:14:00-04:00,8.239899635314941,8.239999771118164,8.199999809265137,8.205499649047852,19196,0.0,0.0
2025-04-24 10:15:00-04:00,8.204999923706055,8.204999923706055,8.1899995803833,8.199999809265137,29255,0.0,0.0
2025-04-24 10:16:00-04:00,8.204999923706055,8.246000289916992,8.204999923706055,8.246000289916992,5849,0.0,0.0
2025-04-24 10:17:00-04:00,8.244999885559082,8.25,8.229999542236328,8.239999771118164,23866,0.0,0.0
2025-04-24 10:18:00-04:00,8.23009967803955,8.300000190734863,8.225000381469727,8.295000076293945,28701,0.0,0.0
2025-04-24 10:19:00-04:00,8.289999961853027,8.309800148010254,8.274999618530273,8.28499984741211,22665,0.0,0.0
2025-04-24 10:20:00-04:00,8.295000076293945,8.305000305175781,8.289999961853027,8.305000305175781,5167,0.0,0.0
2025-04-24 10:21:00-04:00,8.305000305175781,8.319000244140625,8.289999961853027,8.289999961853027,14522,0.0,0.0
2025-04-24 10:22:00-04:00,8.300000190734863,8.329999923706055,8.300000190734863,8.324999809265137,14666,0.0,0.0
2025-04-24 10:23:00-04:00,8.329899787902832,8.34000015258789,8.329899787902832,8.339900016784668,48651,0.0,0.0
2025-04-24 10:24:00-04:00,8.335000038146973,8.349900245666504,8.335000038146973,8.349900245666504,7973,0.0,0.0
2025-04-24 10:25:00-04:00,8.345000267028809,8.355500221252441,8.330100059509277,8.335000038146973,34469,0.0,0.0
2025-04-24 10:26:00-04:00,8.335000038146973,8.345000267028809,8.319999694824219,8.324999809265137,30347,0.0,0.0
2025-04-24 10:27:00-04:00,8.324999809265137,8.34119987487793,8.324999809265137,8.335000038146973,10578,0.0,0.0
2025-04-24 10:28:00-04:00,8.335000038146973,8.354999542236328,8.335000038146973,8.349900245666504,9772,0.0,0.0
2025-04-24 10:29:00-04:00,8.349900245666504,8.359999656677246,8.335000038146973,8.34000015258789,7813,0.0,0.0
2025-04-24 10:30:00-04:00,8.329999923706055,8.335000038146973,8.319999694824219,8.335000038146973,8047,0.0,0.0
2025-04-24 10:31:00-04:00,8.34000015258789,8.355199813842773,8.34000015258789,8.350000381469727,4571,0.0,0.0
2025-04-24 10:32:00-04:00,8.345000267028809,8.349300384521484,8.340999603271484,8.340999603271484,3263,0.0,0.0
2025-04-24 10:33:00-04:00,8.345000267028809,8.350000381469727,8.319999694824219,8.319999694824219,13474,0.0,0.0
2025-04-24 10:36:00-04:00,8.3149995803833,8.329999923706055,8.3149995803833,8.324999809265137,20774,0.0,0.0
2025-04-24 10:37:00-04:00,8.329999923706055,8.369000434875488,8.329999923706055,8.369000434875488,12138,0.0,0.0
2025-04-24 10:38:00-04:00,8.368900299072266,8.380000114440918,8.335000038146973,8.335000038146973,14640,0.0,0.0
2025-04-24 10:39:00-04:00,8.34000015258789,8.34000015258789,8.295000076293945,8.328800201416016,8846,0.0,0.0
2025-04-24 10:40:00-04:00,8.321999549865723,8.339900016784668,8.319999694824219,8.324999809265137,8710,0.0,0.0
2025-04-24 10:41:00-04:00,8.335000038146973,8.359999656677246,8.335000038146973,8.34000015258789,8521,0.0,0.0
2025-04-24 10:42:00-04:00,8.34000015258789,8.354999542236328,8.34000015258789,8.350000381469727,6641,0.0,0.0
2025-04-24 10:43:00-04:00,8.350000381469727,8.350000381469727,8.324999809265137,8.335000038146973,5934,0.0,0.0
2025-04-24 10:44:00-04:00,8.335000038146973,8.335000038146973,8.319999694824219,8.324999809265137,3754,0.0,0.0
2025-04-24 10:45:00-04:00,8.329999923706055,8.335000038146973,8.319999694824219,8.328700065612793,6607,0.0,0.0
2025-04-24 10:46:00-04:00,8.320099830627441,8.338700294494629,8.320099830627441,8.335800170898438,5103,0.0,0.0
2025-04-24 10:47:00-04:00,8.335000038146973,8.350000381469727,8.3100004196167,8.3149995803833,37785,0.0,0.0
2025-04-24 10:48:00-04:00,8.3149995803833,8.3149995803833,8.289999961853027,8.3100004196167,10501,0.0,0.0
2025-04-24 10:49:00-04:00,8.3149995803833,8.319999694824219,8.305000305175781,8.319999694824219,11847,0.0,0.0
2025-04-24 10:50:00-04:00,8.345000267028809,8.345000267028809,8.302399635314941,8.3100004196167,10984,0.0,0.0
2025-04-24 10:51:00-04:00,8.3100004196167,8.34000015258789,8.3100004196167,8.335000038146973,6658,0.0,0.0
2025-04-24 10:52:00-04:00,8.345000267028809,8.345000267028809,8.324999809265137,8.329999923706055,17282,0.0,0.0
2025-04-24 10:53:00-04:00,8.324999809265137,8.354999542236328,8.319999694824219,8.354999542236328,7002,0.0,0.0
2025-04-24 10:54:00-04:00,8.359999656677246,8.36989974975586,8.350000381469727,8.350000381469727,11750,0.0,0.0
2025-04-24 10:55:00-04:00,8.345000267028809,8.345000267028809,8.335000038146973,8.335000038146973,6402,0.0,0.0
2025-04-24 10:56:00-04:00,8.329999923706055,8.354999542236328,8.324999809265137,8.350000381469727,6119,0.0,0.0
2025-04-24 10:57:00-04:00,8.350000381469727,8.359999656677246,8.350000381469727,8.359999656677246,1666,0.0,0.0
2025-04-24 10:58:00-04:00,8.369999885559082,8.369999885559082,8.324999809265137,8.324999809265137,9771,0.0,0.0
2025-04-24 10:59:00-04:00,8.324999809265137,8.34000015258789,8.324999809265137,8.335000038146973,5449,0.0,0.0
2025-04-24 11:00:00-04:00,8.335000038146973,8.335000038146973,8.324299812316895,8.335000038146973,3912,0.0,0.0
2025-04-24 11:01:00-04:00,8.335000038146973,8.335000038146973,8.319999694824219,8.319999694824219,1351,0.0,0.0
2025-04-24 11:02:00-04:00,8.329999923706055,8.329999923706055,8.324999809265137,8.324999809265137,2170,0.0,0.0
2025-04-24 11:03:00-04:00,8.319999694824219,8.320099830627441,8.3149995803833,8.3149995803833,2726,0.0,0.0
2025-04-24 11:04:00-04:00,8.319999694824219,8.34000015258789,8.316499710083008,8.335000038146973,11768,0.0,0.0
2025-04-24 11:05:00-04:00,8.329999923706055,8.329999923706055,8.321100234985352,8.321100234985352,4851,0.0,0.0
2025-04-24 11:06:00-04:00,8.324899673461914,8.324999809265137,8.324899673461914,8.324999809265137,831,0.0,0.0
2025-04-24 11:07:00-04:00,8.329999923706055,8.329999923706055,8.3149995803833,8.3149995803833,3562,0.0,0.0
2025-04-24 11:08:00-04:00,8.319999694824219,8.33549976348877,8.319999694824219,8.324999809265137,7589,0.0,0.0
2025-04-24 11:09:00-04:00,8.324999809265137,8.329899787902832,8.312100410461426,8.319999694824219,7423,0.0,0.0
2025-04-24 11:10:00-04:00,8.305000305175781,8.317999839782715,8.295000076293945,8.295000076293945,10694,0.0,0.0
2025-04-24 11:11:00-04:00,8.295000076293945,8.329999923706055,8.295000076293945,8.329999923706055,10560,0.0,0.0
2025-04-24 11:12:00-04:00,8.329999923706055,8.329999923706055,8.324999809265137,8.329999923706055,1593,0.0,0.0
2025-04-24 11:14:00-04:00,8.324999809265137,8.329999923706055,8.324999809265137,8.329999923706055,20797,0.0,0.0
2025-04-24 11:15:00-04:00,8.324999809265137,8.348799705505371,8.324999809265137,8.341699600219727,3983,0.0,0.0
2025-04-24 11:18:00-04:00,8.319999694824219,8.319999694824219,8.3100004196167,8.318599700927734,17575,0.0,0.0
2025-04-24 11:19:00-04:00,8.319999694824219,8.319999694824219,8.289999961853027,8.289999961853027,15254,0.0,0.0
2025-04-24 11:20:00-04:00,8.29889965057373,8.319999694824219,8.295000076293945,8.319999694824219,10879,0.0,0.0
2025-04-24 11:21:00-04:00,8.319999694824219,8.335000038146973,8.319999694824219,8.319999694824219,8158,0.0,0.0
2025-04-24 11:22:00-04:00,8.319999694824219,8.324999809265137,8.319999694824219,8.319999694824219,4755,0.0,0.0
2025-04-24 11:23:00-04:00,8.3149995803833,8.319999694824219,8.305000305175781,8.3100004196167,4222,0.0,0.0
2025-04-24 11:24:00-04:00,8.3100004196167,8.3100004196167,8.302000045776367,8.305000305175781,3512,0.0,0.0
2025-04-24 11:25:00-04:00,8.305000305175781,8.305000305175781,8.28499984741211,8.28499984741211,3964,0.0,0.0
2025-04-24 11:26:00-04:00,8.265000343322754,8.289999961853027,8.265000343322754,8.289999961853027,9865,0.0,0.0
2025-04-24 11:27:00-04:00,8.299799919128418,8.300000190734863,8.278900146484375,8.278900146484375,8422,0.0,0.0
2025-04-24 11:28:00-04:00,8.279999732971191,8.279999732971191,8.260000228881836,8.265000343322754,2791,0.0,0.0
2025-04-24 11:29:00-04:00,8.26990032196045,8.26990032196045,8.244999885559082,8.251199722290039,13654,0.0,0.0
2025-04-24 11:30:00-04:00,8.255000114440918,8.270000457763672,8.25,8.266500473022461,9386,0.0,0.0
2025-04-24 11:31:00-04:00,8.260000228881836,8.265000343322754,8.251199722290039,8.265000343322754,27084,0.0,0.0
2025-04-24 11:32:00-04:00,8.269800186157227,8.279999732971191,8.269800186157227,8.279999732971191,4368,0.0,0.0
2025-04-24 11:33:00-04:00,8.289999961853027,8.298700332641602,8.289999961853027,8.289999961853027,2437,0.0,0.0
2025-04-24 11:34:00-04:00,8.28499984741211,8.298700332641602,8.279999732971191,8.279999732971191,2706,0.0,0.0
2025-04-24 11:35:00-04:00,8.270000457763672,8.270000457763672,8.244799613952637,8.25,8315,0.0,0.0
2025-04-24 11:36:00-04:00,8.255000114440918,8.260000228881836,8.255000114440918,8.260000228881836,2072,0.0,0.0
2025-04-24 11:37:00-04:00,8.260000228881836,8.279899597167969,8.255000114440918,8.279899597167969,5625,0.0,0.0
2025-04-24 11:38:00-04:00,8.28499984741211,8.295000076293945,8.28499984741211,8.295000076293945,4081,0.0,0.0
2025-04-24 11:39:00-04:00,8.300000190734863,8.319899559020996,8.300000190734863,8.3149995803833,19988,0.0,0.0
2025-04-24 11:40:00-04:00,8.314499855041504,8.319999694824219,8.314499855041504,8.319999694824219,2737,0.0,0.0
2025-04-24 11:41:00-04:00,8.324999809265137,8.324999809265137,8.305000305175781,8.305000305175781,6626,0.0,0.0
2025-04-24 11:42:00-04:00,8.319999694824219,8.324999809265137,8.3149995803833,8.3149995803833,3999,0.0,0.0
2025-04-24 11:43:00-04:00,8.3149995803833,8.3149995803833,8.305000305175781,8.305000305175781,3763,0.0,0.0
2025-04-24 11:44:00-04:00,8.308500289916992,8.308799743652344,8.300000190734863,8.300100326538086,6225,0.0,0.0
2025-04-24 11:45:00-04:00,8.305000305175781,8.3100004196167,8.289999961853027,8.300000190734863,9503,0.0,0.0
2025-04-24 11:46:00-04:00,8.3100004196167,8.3100004196167,8.289999961853027,8.305000305175781,7518,0.0,0.0
2025-04-24 11:47:00-04:00,8.3100004196167,8.3100004196167,8.3100004196167,8.3100004196167,1356,0.0,0.0
2025-04-24 11:48:00-04:00,8.319999694824219,8.319999694824219,8.300000190734863,8.300000190734863,4324,0.0,0.0
2025-04-24 11:49:00-04:00,8.300000190734863,8.305000305175781,8.300000190734863,8.305000305175781,1090,0.0,0.0
2025-04-24 11:50:00-04:00,8.305000305175781,8.305000305175781,8.300000190734863,8.300000190734863,3247,0.0,0.0
2025-04-24 11:51:00-04:00,8.3100004196167,8.319899559020996,8.3100004196167,8.319899559020996,1581,0.0,0.0
2025-04-24 11:52:00-04:00,8.319999694824219,8.345000267028809,8.319999694824219,8.345000267028809,34328,0.0,0.0
2025-04-24 11:53:00-04:00,8.350000381469727,8.354999542236328,8.350000381469727,8.350000381469727,11770,0.0,0.0
2025-04-24 11:54:00-04:00,8.35990047454834,8.35990047454834,8.35990047454834,8.35990047454834,1809,0.0,0.0
2025-04-24 11:55:00-04:00,8.353500366210938,8.357999801635742,8.353500366210938,8.354999542236328,3807,0.0,0.0
2025-04-24 11:56:00-04:00,8.359999656677246,8.369999885559082,8.354999542236328,8.354999542236328,6031,0.0,0.0
2025-04-24 11:57:00-04:00,8.350000381469727,8.350000381469727,8.319999694824219,8.344499588012695,6360,0.0,0.0
2025-04-24 11:58:00-04:00,8.345000267028809,8.350000381469727,8.34000015258789,8.345000267028809,5630,0.0,0.0
2025-04-24 11:59:00-04:00,8.341099739074707,8.345000267028809,8.324999809265137,8.345000267028809,12893,0.0,0.0
2025-04-24 12:00:00-04:00,8.354999542236328,8.359100341796875,8.353099822998047,8.359100341796875,2628,0.0,0.0
2025-04-24 12:01:00-04:00,8.350700378417969,8.354999542236328,8.345000267028809,8.354999542236328,7001,0.0,0.0
2025-04-24 12:02:00-04:00,8.354999542236328,8.375,8.354999542236328,8.375,21834,0.0,0.0
2025-04-24 12:03:00-04:00,8.380000114440918,8.380000114440918,8.369099617004395,8.369099617004395,8995,0.0,0.0
2025-04-24 12:04:00-04:00,8.36989974975586,8.369999885559082,8.359999656677246,8.364999771118164,5844,0.0,0.0
2025-04-24 12:05:00-04:00,8.364999771118164,8.369999885559082,8.350000381469727,8.350000381469727,3661,0.0,0.0
2025-04-24 12:06:00-04:00,8.348999977111816,8.359999656677246,8.345000267028809,8.354999542236328,3812,0.0,0.0
2025-04-24 12:07:00-04:00,8.350000381469727,8.359800338745117,8.345000267028809,8.359800338745117,3994,0.0,0.0
2025-04-24 12:08:00-04:00,8.350000381469727,8.354999542236328,8.340100288391113,8.354999542236328,3947,0.0,0.0
2025-04-24 12:09:00-04:00,8.351099967956543,8.359999656677246,8.351099967956543,8.359999656677246,1276,0.0,0.0
2025-04-24 12:10:00-04:00,8.354999542236328,8.364999771118164,8.354999542236328,8.364999771118164,9336,0.0,0.0
2025-04-24 12:11:00-04:00,8.359999656677246,8.369999885559082,8.358499526977539,8.369999885559082,7984,0.0,0.0
2025-04-24 12:12:00-04:00,8.364999771118164,8.364999771118164,8.364999771118164,8.364999771118164,1257,0.0,0.0
2025-04-24 12:13:00-04:00,8.364999771118164,8.395000457763672,8.364999771118164,8.395000457763672,11950,0.0,0.0
2025-04-24 12:14:00-04:00,8.39799976348877,8.408699989318848,8.395000457763672,8.395000457763672,56289,0.0,0.0
2025-04-24 12:15:00-04:00,8.395000457763672,8.414999961853027,8.395000457763672,8.411199569702148,10916,0.0,0.0
2025-04-24 12:16:00-04:00,8.414999961853027,8.430000305175781,8.414999961853027,8.423700332641602,21956,0.0,0.0
2025-04-24 12:17:00-04:00,8.425000190734863,8.428899765014648,8.414999961853027,8.414999961853027,19531,0.0,0.0
2025-04-24 12:18:00-04:00,8.414999961853027,8.414999961853027,8.390000343322754,8.399900436401367,20815,0.0,0.0
2025-04-24 12:19:00-04:00,8.390000343322754,8.390000343322754,8.345000267028809,8.350000381469727,17108,0.0,0.0
2025-04-24 12:20:00-04:00,8.345000267028809,8.364999771118164,8.34000015258789,8.345000267028809,31668,0.0,0.0
2025-04-24 12:21:00-04:00,8.345000267028809,8.349900245666504,8.312000274658203,8.319999694824219,13975,0.0,0.0
2025-04-24 12:22:00-04:00,8.329999923706055,8.329999923706055,8.319999694824219,8.329999923706055,7196,0.0,0.0
2025-04-24 12:23:00-04:00,8.331999778747559,8.348799705505371,8.331999778747559,8.345000267028809,3156,0.0,0.0
2025-04-24 12:24:00-04:00,8.349900245666504,8.350000381469727,8.319999694824219,8.319999694824219,4153,0.0,0.0
2025-04-24 12:25:00-04:00,8.319999694824219,8.319999694824219,8.3149995803833,8.315500259399414,2538,0.0,0.0
2025-04-24 12:26:00-04:00,8.305000305175781,8.3100004196167,8.305000305175781,8.3100004196167,5678,0.0,0.0
2025-04-24 12:27:00-04:00,8.3100004196167,8.324999809265137,8.3100004196167,8.324999809265137,2412,0.0,0.0
2025-04-24 12:28:00-04:00,8.324999809265137,8.345000267028809,8.319999694824219,8.319999694824219,9784,0.0,0.0
2025-04-24 12:29:00-04:00,8.319999694824219,8.329999923706055,8.3149995803833,8.321200370788574,8232,0.0,0.0
2025-04-24 12:30:00-04:00,8.324999809265137,8.364999771118164,8.324999809265137,8.354499816894531,5446,0.0,0.0
2025-04-24 12:31:00-04:00,8.359999656677246,8.359999656677246,8.350000381469727,8.350000381469727,3075,0.0,0.0
2025-04-24 12:32:00-04:00,8.35099983215332,8.358799934387207,8.350799560546875,8.350799560546875,4585,0.0,0.0
2025-04-24 12:33:00-04:00,8.354499816894531,8.368499755859375,8.354499816894531,8.364999771118164,3058,0.0,0.0
2025-04-24 12:34:00-04:00,8.362299919128418,8.380000114440918,8.362299919128418,8.378899574279785,5300,0.0,0.0
2025-04-24 12:35:00-04:00,8.378899574279785,8.404999732971191,8.378899574279785,8.404999732971191,13672,0.0,0.0
2025-04-24 12:36:00-04:00,8.399999618530273,8.420000076293945,8.399999618530273,8.420000076293945,14407,0.0,0.0
2025-04-24 12:37:00-04:00,8.420000076293945,8.430000305175781,8.404999732971191,8.404999732971191,21202,0.0,0.0
2025-04-24 12:38:00-04:00,8.399999618530273,8.399999618530273,8.380000114440918,8.394499778747559,6356,0.0,0.0
2025-04-24 12:39:00-04:00,8.390000343322754,8.399900436401367,8.390000343322754,8.395000457763672,5304,0.0,0.0
2025-04-24 12:40:00-04:00,8.399999618530273,8.404999732971191,8.399999618530273,8.404999732971191,2770,0.0,0.0
2025-04-24 12:41:00-04:00,8.404999732971191,8.40999984741211,8.394800186157227,8.399999618530273,4633,0.0,0.0
2025-04-24 12:42:00-04:00,8.408900260925293,8.430000305175781,8.404999732971191,8.425000190734863,13063,0.0,0.0
2025-04-24 12:43:00-04:00,8.429900169372559,8.444999694824219,8.425000190734863,8.4399995803833,12435,0.0,0.0
2025-04-24 12:44:00-04:00,8.430000305175781,8.430000305175781,8.410200119018555,8.414999961853027,9624,0.0,0.0
2025-04-24 12:45:00-04:00,8.414999961853027,8.414999961853027,8.404999732971191,8.404999732971191,7257,0.0,0.0
2025-04-24 12:46:00-04:00,8.399999618530273,8.424500465393066,8.395000457763672,8.40999984741211,16501,0.0,0.0
2025-04-24 12:47:00-04:00,8.404999732971191,8.404999732971191,8.399999618530273,8.399999618530273,2454,0.0,0.0
2025-04-24 12:48:00-04:00,8.404999732971191,8.404999732971191,8.390000343322754,8.398799896240234,2046,0.0,0.0
2025-04-24 12:49:00-04:00,8.398599624633789,8.407999992370605,8.390000343322754,8.39009952545166,10302,0.0,0.0
2025-04-24 12:50:00-04:00,8.390000343322754,8.390000343322754,8.37030029296875,8.37030029296875,4085,0.0,0.0
2025-04-24 12:51:00-04:00,8.375,8.390000343322754,8.375,8.388799667358398,5775,0.0,0.0
2025-04-24 12:52:00-04:00,8.380000114440918,8.385000228881836,8.380000114440918,8.380000114440918,5167,0.0,0.0
2025-04-24 12:53:00-04:00,8.385000228881836,8.385000228881836,8.385000228881836,8.385000228881836,441,0.0,0.0
2025-04-24 12:54:00-04:00,8.385000228881836,8.399999618530273,8.385000228881836,8.395000457763672,10544,0.0,0.0
2025-04-24 12:55:00-04:00,8.399999618530273,8.40999984741211,8.399999618530273,8.402600288391113,6065,0.0,0.0
2025-04-24 12:56:00-04:00,8.40999984741211,8.438899993896484,8.40999984741211,8.438899993896484,11924,0.0,0.0
2025-04-24 12:57:00-04:00,8.4350004196167,8.449999809265137,8.4350004196167,8.439000129699707,28774,0.0,0.0
2025-04-24 12:58:00-04:00,8.448800086975098,8.454999923706055,8.441200256347656,8.454999923706055,13632,0.0,0.0
2025-04-24 12:59:00-04:00,8.449999809265137,8.449999809265137,8.420000076293945,8.420000076293945,9807,0.0,0.0
2025-04-24 13:00:00-04:00,8.420000076293945,8.420000076293945,8.404999732971191,8.40999984741211,10267,0.0,0.0
2025-04-24 13:01:00-04:00,8.414999961853027,8.430000305175781,8.414999961853027,8.425000190734863,10225,0.0,0.0
2025-04-24 13:02:00-04:00,8.428600311279297,8.428799629211426,8.425000190734863,8.425000190734863,601,0.0,0.0
2025-04-24 13:03:00-04:00,8.420000076293945,8.425000190734863,8.420000076293945,8.425000190734863,1191,0.0,0.0
2025-04-24 13:04:00-04:00,8.420000076293945,8.420100212097168,8.40999984741211,8.414799690246582,16913,0.0,0.0
2025-04-24 13:05:00-04:00,8.411999702453613,8.414999961853027,8.399999618530273,8.404999732971191,4294,0.0,0.0
2025-04-24 13:06:00-04:00,8.399999618530273,8.399999618530273,8.390000343322754,8.390000343322754,2323,0.0,0.0
2025-04-24 13:07:00-04:00,8.395000457763672,8.395000457763672,8.395000457763672,8.395000457763672,2880,0.0,0.0
2025-04-24 13:08:00-04:00,8.399999618530273,8.414999961853027,8.399900436401367,8.404999732971191,10726,0.0,0.0
2025-04-24 13:09:00-04:00,8.399999618530273,8.399999618530273,8.369999885559082,8.380000114440918,39199,0.0,0.0
2025-04-24 13:10:00-04:00,8.381199836730957,8.390000343322754,8.381199836730957,8.390000343322754,2078,0.0,0.0
2025-04-24 13:11:00-04:00,8.391500473022461,8.399999618530273,8.391500473022461,8.399999618530273,356,0.0,0.0
2025-04-24 13:12:00-04:00,8.390000343322754,8.390000343322754,8.359999656677246,8.364500045776367,8964,0.0,0.0
2025-04-24 13:13:00-04:00,8.369999885559082,8.379799842834473,8.369999885559082,8.369999885559082,5737,0.0,0.0
2025-04-24 13:14:00-04:00,8.375,8.380000114440918,8.375,8.380000114440918,791,0.0,0.0
2025-04-24 13:15:00-04:00,8.375,8.375,8.359999656677246,8.364999771118164,2040,0.0,0.0
2025-04-24 13:16:00-04:00,8.363699913024902,8.378899574279785,8.363699913024902,8.375,4665,0.0,0.0
2025-04-24 13:17:00-04:00,8.369999885559082,8.379899978637695,8.369999885559082,8.379899978637695,1080,0.0,0.0
2025-04-24 13:18:00-04:00,8.369999885559082,8.369999885559082,8.354999542236328,8.359999656677246,10136,0.0,0.0
2025-04-24 13:19:00-04:00,8.359999656677246,8.385000228881836,8.359999656677246,8.385000228881836,6921,0.0,0.0
2025-04-24 13:20:00-04:00,8.380000114440918,8.380000114440918,8.375,8.375,1420,0.0,0.0
2025-04-24 13:21:00-04:00,8.376500129699707,8.380000114440918,8.375,8.380000114440918,1978,0.0,0.0
2025-04-24 13:22:00-04:00,8.390000343322754,8.409500122070312,8.390000343322754,8.3951997756958,5350,0.0,0.0
2025-04-24 13:23:00-04:00,8.395000457763672,8.40999984741211,8.395000457763672,8.404500007629395,5350,0.0,0.0
2025-04-24 13:24:00-04:00,8.404999732971191,8.40999984741211,8.390000343322754,8.390000343322754,5762,0.0,0.0
2025-04-24 13:25:00-04:00,8.390000343322754,8.390000343322754,8.380000114440918,8.390000343322754,7480,0.0,0.0
2025-04-24 13:26:00-04:00,8.385000228881836,8.390000343322754,8.385000228881836,8.390000343322754,2595,0.0,0.0
2025-04-24 13:27:00-04:00,8.395000457763672,8.399999618530273,8.385000228881836,8.385000228881836,4170,0.0,0.0
2025-04-24 13:29:00-04:00,8.385000228881836,8.385000228881836,8.380000114440918,8.380000114440918,2949,0.0,0.0
2025-04-24 13:30:00-04:00,8.375,8.3951997756958,8.375,8.3951997756958,6333,0.0,0.0
2025-04-24 13:31:00-04:00,8.390000343322754,8.395000457763672,8.385000228881836,8.389900207519531,6309,0.0,0.0
2025-04-24 13:32:00-04:00,8.389200210571289,8.389200210571289,8.380000114440918,8.380000114440918,10542,0.0,0.0
2025-04-24 13:33:00-04:00,8.385499954223633,8.388699531555176,8.371000289916992,8.371000289916992,2772,0.0,0.0
2025-04-24 13:34:00-04:00,8.378100395202637,8.378100395202637,8.378100395202637,8.378100395202637,461,0.0,0.0
2025-04-24 13:35:00-04:00,8.369999885559082,8.370100021362305,8.364999771118164,8.370100021362305,4415,0.0,0.0
2025-04-24 13:36:00-04:00,8.369999885559082,8.378899574279785,8.369999885559082,8.378899574279785,3658,0.0,0.0
2025-04-24 13:37:00-04:00,8.380000114440918,8.390000343322754,8.380000114440918,8.388899803161621,4714,0.0,0.0
2025-04-24 13:38:00-04:00,8.388799667358398,8.388799667358398,8.384900093078613,8.385000228881836,1816,0.0,0.0
2025-04-24 13:39:00-04:00,8.380000114440918,8.380000114440918,8.369999885559082,8.374500274658203,2671,0.0,0.0
2025-04-24 13:40:00-04:00,8.369999885559082,8.389900207519531,8.369999885559082,8.389900207519531,3298,0.0,0.0
2025-04-24 13:41:00-04:00,8.380000114440918,8.380000114440918,8.364999771118164,8.369999885559082,7690,0.0,0.0
2025-04-24 13:42:00-04:00,8.364999771118164,8.380000114440918,8.359999656677246,8.373100280761719,5786,0.0,0.0
2025-04-24 13:43:00-04:00,8.375,8.375,8.375,8.375,233,0.0,0.0
2025-04-24 13:44:00-04:00,8.369999885559082,8.375,8.364999771118164,8.375,3912,0.0,0.0
2025-04-24 13:45:00-04:00,8.375,8.380000114440918,8.375,8.378899574279785,4250,0.0,0.0
2025-04-24 13:46:00-04:00,8.380000114440918,8.390000343322754,8.380000114440918,8.385000228881836,857,0.0,0.0
2025-04-24 13:47:00-04:00,8.390000343322754,8.39900016784668,8.390000343322754,8.39900016784668,4129,0.0,0.0
2025-04-24 13:48:00-04:00,8.395000457763672,8.395000457763672,8.390000343322754,8.395000457763672,1473,0.0,0.0
2025-04-24 13:49:00-04:00,8.39009952545166,8.39009952545166,8.385000228881836,8.385000228881836,4110,0.0,0.0
2025-04-24 13:50:00-04:00,8.388699531555176,8.399999618530273,8.388699531555176,8.395000457763672,34395,0.0,0.0
2025-04-24 13:51:00-04:00,8.395000457763672,8.399900436401367,8.390000343322754,8.390000343322754,12108,0.0,0.0
2025-04-24 13:52:00-04:00,8.385000228881836,8.399900436401367,8.385000228881836,8.395000457763672,5538,0.0,0.0
2025-04-24 13:53:00-04:00,8.395000457763672,8.399999618530273,8.395000457763672,8.399900436401367,1813,0.0,0.0
2025-04-24 13:54:00-04:00,8.39009952545166,8.400099754333496,8.39009952545166,8.390999794006348,8770,0.0,0.0
2025-04-24 13:55:00-04:00,8.390000343322754,8.390000343322754,8.380000114440918,8.385000228881836,4941,0.0,0.0
2025-04-24 13:56:00-04:00,8.385000228881836,8.385000228881836,8.385000228881836,8.385000228881836,1076,0.0,0.0
2025-04-24 13:57:00-04:00,8.380000114440918,8.388899803161621,8.380000114440918,8.38010025024414,4017,0.0,0.0
2025-04-24 13:58:00-04:00,8.390000343322754,8.40999984741211,8.390000343322754,8.401200294494629,15471,0.0,0.0
2025-04-24 13:59:00-04:00,8.399999618530273,8.399999618530273,8.385000228881836,8.385000228881836,5989,0.0,0.0
2025-04-24 14:00:00-04:00,8.385000228881836,8.396499633789062,8.384499549865723,8.396499633789062,2835,0.0,0.0
2025-04-24 14:01:00-04:00,8.399999618530273,8.404999732971191,8.399999618530273,8.400099754333496,7176,0.0,0.0
2025-04-24 14:02:00-04:00,8.40999984741211,8.414999961853027,8.40999984741211,8.413599967956543,7105,0.0,0.0
2025-04-24 14:03:00-04:00,8.418000221252441,8.420000076293945,8.410300254821777,8.414999961853027,4031,0.0,0.0
2025-04-24 14:04:00-04:00,8.414999961853027,8.420000076293945,8.404999732971191,8.404999732971191,23571,0.0,0.0
2025-04-24 14:05:00-04:00,8.404999732971191,8.404999732971191,8.395000457763672,8.399100303649902,9461,0.0,0.0
2025-04-24 14:06:00-04:00,8.395000457763672,8.404999732971191,8.395000457763672,8.404999732971191,22131,0.0,0.0
2025-04-24 14:07:00-04:00,8.399999618530273,8.399999618530273,8.395000457763672,8.395000457763672,4874,0.0,0.0
2025-04-24 14:08:00-04:00,8.399999618530273,8.414999961853027,8.399999618530273,8.414999961853027,5308,0.0,0.0
2025-04-24 14:09:00-04:00,8.414999961853027,8.420000076293945,8.40999984741211,8.40999984741211,5948,0.0,0.0
2025-04-24 14:10:00-04:00,8.404999732971191,8.40999984741211,8.399999618530273,8.399999618530273,6278,0.0,0.0
2025-04-24 14:11:00-04:00,8.399999618530273,8.420000076293945,8.399999618530273,8.420000076293945,7973,0.0,0.0
2025-04-24 14:12:00-04:00,8.414999961853027,8.414999961853027,8.40999984741211,8.414999961853027,3641,0.0,0.0
2025-04-24 14:13:00-04:00,8.414999961853027,8.430000305175781,8.414999961853027,8.425000190734863,5387,0.0,0.0
2025-04-24 14:14:00-04:00,8.425000190734863,8.438799858093262,8.425000190734863,8.4350004196167,6166,0.0,0.0
2025-04-24 14:15:00-04:00,8.4350004196167,8.445500373840332,8.4350004196167,8.444999694824219,9671,0.0,0.0
2025-04-24 14:16:00-04:00,8.444999694824219,8.449999809265137,8.44320011138916,8.444999694824219,10831,0.0,0.0
2025-04-24 14:17:00-04:00,8.444999694824219,8.444999694824219,8.414999961853027,8.414999961853027,7760,0.0,0.0
2025-04-24 14:18:00-04:00,8.420000076293945,8.430000305175781,8.411199569702148,8.430000305175781,11591,0.0,0.0
2025-04-24 14:19:00-04:00,8.430299758911133,8.432600021362305,8.430299758911133,8.432600021362305,1380,0.0,0.0
2025-04-24 14:20:00-04:00,8.439900398254395,8.4399995803833,8.43120002746582,8.438899993896484,1875,0.0,0.0
2025-04-24 14:21:00-04:00,8.4350004196167,8.436300277709961,8.425000190734863,8.425000190734863,5573,0.0,0.0
2025-04-24 14:22:00-04:00,8.420000076293945,8.420000076293945,8.414999961853027,8.415200233459473,3961,0.0,0.0
2025-04-24 14:23:00-04:00,8.420000076293945,8.420000076293945,8.411399841308594,8.411399841308594,1266,0.0,0.0
2025-04-24 14:24:00-04:00,8.411199569702148,8.425000190734863,8.411199569702148,8.425000190734863,5027,0.0,0.0
2025-04-24 14:25:00-04:00,8.425000190734863,8.425000190734863,8.400199890136719,8.404999732971191,6390,0.0,0.0
2025-04-24 14:26:00-04:00,8.404999732971191,8.420000076293945,8.404999732971191,8.41450023651123,7827,0.0,0.0
2025-04-24 14:27:00-04:00,8.415300369262695,8.419899940490723,8.41100025177002,8.41100025177002,1069,0.0,0.0
2025-04-24 14:28:00-04:00,8.40999984741211,8.40999984741211,8.404999732971191,8.404999732971191,3106,0.0,0.0
2025-04-24 14:29:00-04:00,8.406399726867676,8.406399726867676,8.390000343322754,8.390000343322754,4677,0.0,0.0
2025-04-24 14:30:00-04:00,8.380200386047363,8.380200386047363,8.375,8.380000114440918,6341,0.0,0.0
2025-04-24 14:31:00-04:00,8.382499694824219,8.385000228881836,8.375,8.375,4808,0.0,0.0
2025-04-24 14:32:00-04:00,8.375,8.375,8.364999771118164,8.364999771118164,12582,0.0,0.0
2025-04-24 14:33:00-04:00,8.369999885559082,8.380000114440918,8.369999885559082,8.375,6851,0.0,0.0
2025-04-24 14:34:00-04:00,8.375,8.380000114440918,8.375,8.375,7283,0.0,0.0
2025-04-24 14:35:00-04:00,8.375,8.395000457763672,8.375,8.395000457763672,9118,0.0,0.0
2025-04-24 14:36:00-04:00,8.395000457763672,8.404999732971191,8.395000457763672,8.404999732971191,2171,0.0,0.0
2025-04-24 14:37:00-04:00,8.407999992370605,8.407999992370605,8.404999732971191,8.404999732971191,3621,0.0,0.0
2025-04-24 14:38:00-04:00,8.404999732971191,8.404999732971191,8.399999618530273,8.399999618530273,3833,0.0,0.0
2025-04-24 14:39:00-04:00,8.39799976348877,8.399999618530273,8.395000457763672,8.399999618530273,5122,0.0,0.0
2025-04-24 14:40:00-04:00,8.395000457763672,8.404999732971191,8.395000457763672,8.404999732971191,2466,0.0,0.0
2025-04-24 14:41:00-04:00,8.408599853515625,8.408599853515625,8.39009952545166,8.39009952545166,5304,0.0,0.0
2025-04-24 14:42:00-04:00,8.390000343322754,8.414999961853027,8.390000343322754,8.413200378417969,8162,0.0,0.0
2025-04-24 14:43:00-04:00,8.420000076293945,8.42590045928955,8.399999618530273,8.40999984741211,22929,0.0,0.0
2025-04-24 14:44:00-04:00,8.40999984741211,8.40999984741211,8.399999618530273,8.40149974822998,4351,0.0,0.0
2025-04-24 14:45:00-04:00,8.404999732971191,8.429900169372559,8.404999732971191,8.429900169372559,4134,0.0,0.0
2025-04-24 14:46:00-04:00,8.430000305175781,8.4350004196167,8.425000190734863,8.425000190734863,6553,0.0,0.0
2025-04-24 14:47:00-04:00,8.425000190734863,8.425000190734863,8.425000190734863,8.425000190734863,1166,0.0,0.0
2025-04-24 14:48:00-04:00,8.428999900817871,8.428999900817871,8.414999961853027,8.420000076293945,5834,0.0,0.0
2025-04-24 14:49:00-04:00,8.414999961853027,8.414999961853027,8.414999961853027,8.414999961853027,545,0.0,0.0
2025-04-24 14:50:00-04:00,8.420000076293945,8.437899589538574,8.420000076293945,8.4350004196167,5158,0.0,0.0
2025-04-24 14:51:00-04:00,8.430000305175781,8.43850040435791,8.428000450134277,8.4350004196167,4889,0.0,0.0
2025-04-24 14:52:00-04:00,8.438799858093262,8.4399995803833,8.4350004196167,8.4399995803833,1367,0.0,0.0
2025-04-24 14:53:00-04:00,8.4399995803833,8.4399995803833,8.4350004196167,8.4350004196167,3533,0.0,0.0
2025-04-24 14:54:00-04:00,8.439900398254395,8.4399995803833,8.4350004196167,8.4350004196167,1924,0.0,0.0
2025-04-24 14:55:00-04:00,8.430000305175781,8.430000305175781,8.410099983215332,8.414999961853027,13715,0.0,0.0
2025-04-24 14:56:00-04:00,8.414999961853027,8.414999961853027,8.404999732971191,8.407999992370605,9359,0.0,0.0
2025-04-24 14:57:00-04:00,8.40999984741211,8.40999984741211,8.404999732971191,8.40999984741211,8943,0.0,0.0
2025-04-24 14:58:00-04:00,8.40999984741211,8.414999961853027,8.40999984741211,8.414999961853027,756,0.0,0.0
2025-04-24 14:59:00-04:00,8.414999961853027,8.420000076293945,8.40999984741211,8.411999702453613,6856,0.0,0.0
2025-04-24 15:00:00-04:00,8.414999961853027,8.414999961853027,8.403499603271484,8.40999984741211,5834,0.0,0.0
2025-04-24 15:01:00-04:00,8.404999732971191,8.408599853515625,8.399999618530273,8.404999732971191,4422,0.0,0.0
2025-04-24 15:02:00-04:00,8.404999732971191,8.420000076293945,8.399999618530273,8.399999618530273,8923,0.0,0.0
2025-04-24 15:03:00-04:00,8.40999984741211,8.40999984741211,8.395000457763672,8.39900016784668,4746,0.0,0.0
2025-04-24 15:04:00-04:00,8.395000457763672,8.395000457763672,8.385000228881836,8.390000343322754,6985,0.0,0.0
2025-04-24 15:05:00-04:00,8.399999618530273,8.404999732971191,8.395000457763672,8.395000457763672,11761,0.0,0.0
2025-04-24 15:06:00-04:00,8.390000343322754,8.390000343322754,8.385000228881836,8.385000228881836,2575,0.0,0.0
2025-04-24 15:07:00-04:00,8.387999534606934,8.387999534606934,8.369999885559082,8.369999885559082,8014,0.0,0.0
2025-04-24 15:08:00-04:00,8.359999656677246,8.371199607849121,8.354999542236328,8.369999885559082,9387,0.0,0.0
2025-04-24 15:09:00-04:00,8.375,8.380000114440918,8.359999656677246,8.359999656677246,5861,0.0,0.0
2025-04-24 15:10:00-04:00,8.364999771118164,8.366399765014648,8.354999542236328,8.359999656677246,6032,0.0,0.0
2025-04-24 15:11:00-04:00,8.353899955749512,8.36870002746582,8.340100288391113,8.36870002746582,7128,0.0,0.0
2025-04-24 15:12:00-04:00,8.359999656677246,8.364999771118164,8.356300354003906,8.364999771118164,2009,0.0,0.0
2025-04-24 15:13:00-04:00,8.359999656677246,8.359999656677246,8.345000267028809,8.345000267028809,3450,0.0,0.0
2025-04-24 15:14:00-04:00,8.345000267028809,8.364999771118164,8.345000267028809,8.364999771118164,9170,0.0,0.0
2025-04-24 15:15:00-04:00,8.364999771118164,8.375,8.350000381469727,8.361300468444824,4277,0.0,0.0
2025-04-24 15:16:00-04:00,8.375,8.378999710083008,8.375,8.375,1137,0.0,0.0
2025-04-24 15:17:00-04:00,8.380000114440918,8.388299942016602,8.369999885559082,8.386699676513672,7177,0.0,0.0
2025-04-24 15:18:00-04:00,8.385000228881836,8.390000343322754,8.369999885559082,8.375,13554,0.0,0.0
2025-04-24 15:19:00-04:00,8.380000114440918,8.385000228881836,8.380000114440918,8.385000228881836,2362,0.0,0.0
2025-04-24 15:20:00-04:00,8.385000228881836,8.390000343322754,8.380000114440918,8.388699531555176,3354,0.0,0.0
2025-04-24 15:21:00-04:00,8.380000114440918,8.403599739074707,8.369999885559082,8.403599739074707,15465,0.0,0.0
2025-04-24 15:22:00-04:00,8.404999732971191,8.419400215148926,8.401800155639648,8.40999984741211,12535,0.0,0.0
2025-04-24 15:23:00-04:00,8.399999618530273,8.404999732971191,8.395000457763672,8.395000457763672,5105,0.0,0.0
2025-04-24 15:24:00-04:00,8.390000343322754,8.390000343322754,8.385000228881836,8.390000343322754,5936,0.0,0.0
2025-04-24 15:25:00-04:00,8.399999618530273,8.404999732971191,8.395000457763672,8.404999732971191,9214,0.0,0.0
2025-04-24 15:26:00-04:00,8.399999618530273,8.409899711608887,8.399999618530273,8.399999618530273,10837,0.0,0.0
2025-04-24 15:27:00-04:00,8.404999732971191,8.404999732971191,8.399999618530273,8.404999732971191,1497,0.0,0.0
2025-04-24 15:28:00-04:00,8.399999618530273,8.399999618530273,8.381999969482422,8.385000228881836,13697,0.0,0.0
2025-04-24 15:29:00-04:00,8.380000114440918,8.380000114440918,8.369999885559082,8.375,7925,0.0,0.0
2025-04-24 15:30:00-04:00,8.369999885559082,8.385000228881836,8.359999656677246,8.385000228881836,16020,0.0,0.0
2025-04-24 15:31:00-04:00,8.385000228881836,8.389800071716309,8.380000114440918,8.380000114440918,4100,0.0,0.0
2025-04-24 15:32:00-04:00,8.385000228881836,8.389900207519531,8.375,8.380000114440918,12369,0.0,0.0
2025-04-24 15:33:00-04:00,8.390000343322754,8.390000343322754,8.385000228881836,8.385000228881836,3759,0.0,0.0
2025-04-24 15:34:00-04:00,8.390000343322754,8.395000457763672,8.390000343322754,8.395000457763672,4881,0.0,0.0
2025-04-24 15:35:00-04:00,8.390000343322754,8.420000076293945,8.385000228881836,8.40999984741211,8910,0.0,0.0
2025-04-24 15:36:00-04:00,8.411100387573242,8.419899940490723,8.411100387573242,8.414999961853027,3409,0.0,0.0
2025-04-24 15:37:00-04:00,8.414999961853027,8.425000190734863,8.414999961853027,8.420100212097168,7062,0.0,0.0
2025-04-24 15:38:00-04:00,8.425000190734863,8.425000190734863,8.399999618530273,8.414999961853027,20223,0.0,0.0
2025-04-24 15:39:00-04:00,8.414999961853027,8.414999961853027,8.404999732971191,8.404999732971191,1118,0.0,0.0
2025-04-24 15:40:00-04:00,8.404999732971191,8.40999984741211,8.400099754333496,8.404999732971191,1444,0.0,0.0
2025-04-24 15:41:00-04:00,8.399999618530273,8.40999984741211,8.399999618530273,8.404999732971191,3454,0.0,0.0
2025-04-24 15:42:00-04:00,8.404999732971191,8.40999984741211,8.399999618530273,8.40369987487793,4538,0.0,0.0
2025-04-24 15:43:00-04:00,8.404999732971191,8.40999984741211,8.404000282287598,8.404000282287598,5442,0.0,0.0
2025-04-24 15:44:00-04:00,8.404999732971191,8.404999732971191,8.390000343322754,8.399999618530273,10745,0.0,0.0
2025-04-24 15:45:00-04:00,8.404999732971191,8.408900260925293,8.390000343322754,8.395000457763672,10578,0.0,0.0
2025-04-24 15:46:00-04:00,8.390000343322754,8.390000343322754,8.380000114440918,8.385000228881836,6856,0.0,0.0
2025-04-24 15:47:00-04:00,8.385000228881836,8.390000343322754,8.385000228881836,8.385000228881836,15383,0.0,0.0
2025-04-24 15:48:00-04:00,8.385000228881836,8.388899803161621,8.385000228881836,8.385000228881836,3184,0.0,0.0
2025-04-24 15:49:00-04:00,8.390000343322754,8.399999618530273,8.385000228881836,8.395000457763672,11755,0.0,0.0
2025-04-24 15:50:00-04:00,8.399999618530273,8.399999618530273,8.380000114440918,8.381199836730957,14274,0.0,0.0
2025-04-24 15:51:00-04:00,8.381199836730957,8.388699531555176,8.369999885559082,8.369999885559082,11502,0.0,0.0
2025-04-24 15:52:00-04:00,8.378800392150879,8.380000114440918,8.369999885559082,8.375,10585,0.0,0.0
2025-04-24 15:53:00-04:00,8.380000114440918,8.380000114440918,8.369999885559082,8.380000114440918,31568,0.0,0.0
2025-04-24 15:54:00-04:00,8.390000343322754,8.414999961853027,8.390000343322754,8.404999732971191,22054,0.0,0.0
2025-04-24 15:55:00-04:00,8.40999984741211,8.40999984741211,8.379500389099121,8.379500389099121,11181,0.0,0.0
2025-04-24 15:56:00-04:00,8.375,8.385000228881836,8.369999885559082,8.38129997253418,32552,0.0,0.0
2025-04-24 15:57:00-04:00,8.385000228881836,8.399999618530273,8.380000114440918,8.399999618530273,40481,0.0,0.0
2025-04-24 15:58:00-04:00,8.395000457763672,8.399999618530273,8.391400337219238,8.399999618530273,26465,0.0,0.0
2025-04-24 15:59:00-04:00,8.395000457763672,8.399999618530273,8.380000114440918,8.380000114440918,74869,0.0,0.0
2025-04-25 09:30:00-04:00,8.430000305175781,8.470000267028809,8.350000381469727,8.364999771118164,193500,0.0,0.0
2025-04-25 09:31:00-04:00,8.364999771118164,8.379899978637695,8.329999923706055,8.349900245666504,16792,0.0,0.0
2025-04-25 09:32:00-04:00,8.34000015258789,8.350000381469727,8.335000038146973,8.34000015258789,3363,0.0,0.0
2025-04-25 09:33:00-04:00,8.350000381469727,8.439299583435059,8.350000381469727,8.420000076293945,17663,0.0,0.0
2025-04-25 09:34:00-04:00,8.430000305175781,8.430000305175781,8.387999534606934,8.414999961853027,8831,0.0,0.0
2025-04-25 09:35:00-04:00,8.4399995803833,8.4399995803833,8.369999885559082,8.390000343322754,38357,0.0,0.0
2025-04-25 09:36:00-04:00,8.369999885559082,8.40999984741211,8.360099792480469,8.399999618530273,31924,0.0,0.0
2025-04-25 09:37:00-04:00,8.420000076293945,8.4399995803833,8.380000114440918,8.4399995803833,18573,0.0,0.0
2025-04-25 09:38:00-04:00,8.430000305175781,8.444999694824219,8.425000190734863,8.425000190734863,18680,0.0,0.0
2025-04-25 09:39:00-04:00,8.430000305175781,8.430000305175781,8.399999618530273,8.399999618530273,12717,0.0,0.0
2025-04-25 09:40:00-04:00,8.399999618530273,8.449999809265137,8.399999618530273,8.420000076293945,21213,0.0,0.0
2025-04-25 09:41:00-04:00,8.420000076293945,8.430000305175781,8.399999618530273,8.414999961853027,8937,0.0,0.0
2025-04-25 09:42:00-04:00,8.414999961853027,8.429100036621094,8.403300285339355,8.414999961853027,10214,0.0,0.0
2025-04-25 09:43:00-04:00,8.420000076293945,8.430000305175781,8.388999938964844,8.40999984741211,19187,0.0,0.0
2025-04-25 09:44:00-04:00,8.40999984741211,8.420000076293945,8.40999984741211,8.420000076293945,3785,0.0,0.0
2025-04-25 09:45:00-04:00,8.420000076293945,8.460000038146973,8.418999671936035,8.430000305175781,49455,0.0,0.0
2025-04-25 09:46:00-04:00,8.430000305175781,8.430000305175781,8.350000381469727,8.359999656677246,71134,0.0,0.0
2025-04-25 09:47:00-04:00,8.354999542236328,8.380000114440918,8.354999542236328,8.359999656677246,11029,0.0,0.0
2025-04-25 09:48:00-04:00,8.364999771118164,8.399999618530273,8.362000465393066,8.399999618530273,11993,0.0,0.0
2025-04-25 09:49:00-04:00,8.399999618530273,8.420000076293945,8.399999618530273,8.40999984741211,13249,0.0,0.0
2025-04-25 09:50:00-04:00,8.400099754333496,8.427599906921387,8.400099754333496,8.40999984741211,8067,0.0,0.0
2025-04-25 09:51:00-04:00,8.414999961853027,8.414999961853027,8.335000038146973,8.335000038146973,14859,0.0,0.0
2025-04-25 09:52:00-04:00,8.34000015258789,8.34000015258789,8.291199684143066,8.291199684143066,49311,0.0,0.0
2025-04-25 09:53:00-04:00,8.3149995803833,8.319999694824219,8.3149995803833,8.319999694824219,48728,0.0,0.0
2025-04-25 09:54:00-04:00,8.319199562072754,8.321200370788574,8.311200141906738,8.319100379943848,3609,0.0,0.0
2025-04-25 09:55:00-04:00,8.3100004196167,8.3100004196167,8.289799690246582,8.300000190734863,27164,0.0,0.0
2025-04-25 09:56:00-04:00,8.3100004196167,8.319999694824219,8.3100004196167,8.3149995803833,3554,0.0,0.0
2025-04-25 09:57:00-04:00,8.319999694824219,8.329999923706055,8.3149995803833,8.329999923706055,5835,0.0,0.0
2025-04-25 09:58:00-04:00,8.31879997253418,8.329999923706055,8.3100004196167,8.323100090026855,11928,0.0,0.0
2025-04-25 09:59:00-04:00,8.319999694824219,8.319999694824219,8.300000190734863,8.300000190734863,4164,0.0,0.0
2025-04-25 10:00:00-04:00,8.3100004196167,8.319999694824219,8.289999961853027,8.319999694824219,10976,0.0,0.0
2025-04-25 10:01:00-04:00,8.329899787902832,8.359999656677246,8.329899787902832,8.354999542236328,5312,0.0,0.0
2025-04-25 10:02:00-04:00,8.369999885559082,8.380000114440918,8.34000015258789,8.34000015258789,10568,0.0,0.0
2025-04-25 10:03:00-04:00,8.348799705505371,8.359999656677246,8.34000015258789,8.350000381469727,5909,0.0,0.0
2025-04-25 10:04:00-04:00,8.345000267028809,8.380000114440918,8.345000267028809,8.354999542236328,14663,0.0,0.0
2025-04-25 10:05:00-04:00,8.351699829101562,8.368599891662598,8.350700378417969,8.353599548339844,8837,0.0,0.0
2025-04-25 10:06:00-04:00,8.359999656677246,8.425000190734863,8.354999542236328,8.425000190734863,20097,0.0,0.0
2025-04-25 10:07:00-04:00,8.425000190734863,8.470000267028809,8.420000076293945,8.470000267028809,35575,0.0,0.0
2025-04-25 10:08:00-04:00,8.479999542236328,8.545000076293945,8.475000381469727,8.539999961853027,65140,0.0,0.0
2025-04-25 10:09:00-04:00,8.529999732971191,8.559100151062012,8.51449966430664,8.52810001373291,19155,0.0,0.0
2025-04-25 10:10:00-04:00,8.515000343322754,8.520000457763672,8.470000267028809,8.479999542236328,28759,0.0,0.0
2025-04-25 10:11:00-04:00,8.479999542236328,8.479999542236328,8.404999732971191,8.444999694824219,14276,0.0,0.0
2025-04-25 10:12:00-04:00,8.444999694824219,8.444999694824219,8.39229965209961,8.40999984741211,14068,0.0,0.0
2025-04-25 10:13:00-04:00,8.40999984741211,8.40999984741211,8.380000114440918,8.380000114440918,11303,0.0,0.0
2025-04-25 10:14:00-04:00,8.388999938964844,8.40999984741211,8.388999938964844,8.404999732971191,12983,0.0,0.0
2025-04-25 10:15:00-04:00,8.399999618530273,8.399999618530273,8.364999771118164,8.369999885559082,12076,0.0,0.0
2025-04-25 10:16:00-04:00,8.359999656677246,8.359999656677246,8.329999923706055,8.345000267028809,19123,0.0,0.0
2025-04-25 10:17:00-04:00,8.345000267028809,8.399900436401367,8.345000267028809,8.395000457763672,8993,0.0,0.0
2025-04-25 10:18:00-04:00,8.399299621582031,8.404999732971191,8.380000114440918,8.402000427246094,9948,0.0,0.0
2025-04-25 10:19:00-04:00,8.399999618530273,8.399999618530273,8.395000457763672,8.399800300598145,2885,0.0,0.0
2025-04-25 10:20:00-04:00,8.40999984741211,8.410799980163574,8.398799896240234,8.409899711608887,5004,0.0,0.0
2025-04-25 10:21:00-04:00,8.417699813842773,8.419899940490723,8.380000114440918,8.380000114440918,16953,0.0,0.0
2025-04-25 10:22:00-04:00,8.350000381469727,8.354700088500977,8.34000015258789,8.34000015258789,6676,0.0,0.0
2025-04-25 10:23:00-04:00,8.335000038146973,8.359999656677246,8.335000038146973,8.354999542236328,9572,0.0,0.0
2025-04-25 10:24:00-04:00,8.369999885559082,8.380000114440918,8.364999771118164,8.369999885559082,4503,0.0,0.0
2025-04-25 10:25:00-04:00,8.358799934387207,8.358799934387207,8.335000038146973,8.335000038146973,7407,0.0,0.0
2025-04-25 10:26:00-04:00,8.34000015258789,8.34000015258789,8.305000305175781,8.305000305175781,8553,0.0,0.0
2025-04-25 10:27:00-04:00,8.3100004196167,8.3100004196167,8.289999961853027,8.289999961853027,6780,0.0,0.0
2025-04-25 10:28:00-04:00,8.289999961853027,8.289999961853027,8.260000228881836,8.279999732971191,12733,0.0,0.0
2025-04-25 10:29:00-04:00,8.282099723815918,8.3149995803833,8.282099723815918,8.3149995803833,4750,0.0,0.0
2025-04-25 10:30:00-04:00,8.319999694824219,8.349900245666504,8.319999694824219,8.34000015258789,14826,0.0,0.0
2025-04-25 10:31:00-04:00,8.329999923706055,8.34000015258789,8.319999694824219,8.329999923706055,22222,0.0,0.0
2025-04-25 10:32:00-04:00,8.319999694824219,8.345000267028809,8.319999694824219,8.345000267028809,2374,0.0,0.0
2025-04-25 10:33:00-04:00,8.345000267028809,8.359999656677246,8.34000015258789,8.359999656677246,11996,0.0,0.0
2025-04-25 10:34:00-04:00,8.354999542236328,8.365099906921387,8.354900360107422,8.354999542236328,7013,0.0,0.0
2025-04-25 10:35:00-04:00,8.354999542236328,8.359999656677246,8.326299667358398,8.326299667358398,5671,0.0,0.0
2025-04-25 10:36:00-04:00,8.329999923706055,8.345000267028809,8.329999923706055,8.34000015258789,5688,0.0,0.0
2025-04-25 10:37:00-04:00,8.329999923706055,8.34000015258789,8.328800201416016,8.34000015258789,2436,0.0,0.0
2025-04-25 10:38:00-04:00,8.329999923706055,8.329999923706055,8.324999809265137,8.329999923706055,2172,0.0,0.0
2025-04-25 10:39:00-04:00,8.34000015258789,8.34000015258789,8.324999809265137,8.324999809265137,3546,0.0,0.0
2025-04-25 10:40:00-04:00,8.329700469970703,8.357799530029297,8.329700469970703,8.357799530029297,9593,0.0,0.0
2025-04-25 10:41:00-04:00,8.354999542236328,8.359999656677246,8.350000381469727,8.359999656677246,4656,0.0,0.0
2025-04-25 10:42:00-04:00,8.354999542236328,8.354999542236328,8.350000381469727,8.354999542236328,6071,0.0,0.0
2025-04-25 10:43:00-04:00,8.359999656677246,8.399999618530273,8.359999656677246,8.395000457763672,7248,0.0,0.0
2025-04-25 10:44:00-04:00,8.390000343322754,8.40999984741211,8.385000228881836,8.40999984741211,14896,0.0,0.0
2025-04-25 10:45:00-04:00,8.404999732971191,8.404999732971191,8.388799667358398,8.39229965209961,4592,0.0,0.0
2025-04-25 10:46:00-04:00,8.390000343322754,8.40530014038086,8.390000343322754,8.390000343322754,6122,0.0,0.0
2025-04-25 10:48:00-04:00,8.395000457763672,8.395000457763672,8.395000457763672,8.395000457763672,22743,0.0,0.0
2025-04-25 10:49:00-04:00,8.38010025024414,8.399999618530273,8.380000114440918,8.399999618530273,2803,0.0,0.0
2025-04-25 10:50:00-04:00,8.399999618530273,8.399999618530273,8.376500129699707,8.376500129699707,6521,0.0,0.0
2025-04-25 10:51:00-04:00,8.375499725341797,8.380000114440918,8.369999885559082,8.379799842834473,6159,0.0,0.0
2025-04-25 10:52:00-04:00,8.385000228881836,8.387700080871582,8.380000114440918,8.380000114440918,7726,0.0,0.0
2025-04-25 10:53:00-04:00,8.385000228881836,8.390000343322754,8.380000114440918,8.390000343322754,1083,0.0,0.0
2025-04-25 10:54:00-04:00,8.389900207519531,8.389900207519531,8.359999656677246,8.359999656677246,14787,0.0,0.0
2025-04-25 10:55:00-04:00,8.359999656677246,8.359999656677246,8.350000381469727,8.354999542236328,10747,0.0,0.0
2025-04-25 10:56:00-04:00,8.359999656677246,8.375,8.359999656677246,8.364999771118164,10786,0.0,0.0
2025-04-25 10:57:00-04:00,8.364999771118164,8.385000228881836,8.359999656677246,8.380000114440918,21869,0.0,0.0
2025-04-25 10:58:00-04:00,8.385000228881836,8.385000228881836,8.380000114440918,8.380000114440918,2880,0.0,0.0
2025-04-25 10:59:00-04:00,8.385000228881836,8.385000228881836,8.364100456237793,8.369999885559082,7961,0.0,0.0
2025-04-25 11:00:00-04:00,8.369999885559082,8.369999885559082,8.368900299072266,8.368900299072266,5197,0.0,0.0
2025-04-25 11:01:00-04:00,8.361100196838379,8.369999885559082,8.361100196838379,8.364999771118164,3875,0.0,0.0
2025-04-25 11:02:00-04:00,8.364999771118164,8.390000343322754,8.364999771118164,8.390000343322754,6355,0.0,0.0
2025-04-25 11:03:00-04:00,8.390000343322754,8.390000343322754,8.385000228881836,8.390000343322754,1724,0.0,0.0
2025-04-25 11:04:00-04:00,8.390000343322754,8.399999618530273,8.390000343322754,8.398900032043457,11713,0.0,0.0
2025-04-25 11:05:00-04:00,8.385000228881836,8.390000343322754,8.385000228881836,8.385000228881836,718,0.0,0.0
2025-04-25 11:06:00-04:00,8.385000228881836,8.390000343322754,8.385000228881836,8.390000343322754,2922,0.0,0.0
2025-04-25 11:07:00-04:00,8.385000228881836,8.390000343322754,8.385000228881836,8.390000343322754,2663,0.0,0.0
2025-04-25 11:08:00-04:00,8.385000228881836,8.390000343322754,8.345000267028809,8.358699798583984,10921,0.0,0.0
2025-04-25 11:09:00-04:00,8.359999656677246,8.369999885559082,8.359999656677246,8.364999771118164,5657,0.0,0.0
2025-04-25 11:10:00-04:00,8.354999542236328,8.354999542236328,8.345000267028809,8.350000381469727,3091,0.0,0.0
2025-04-25 11:11:00-04:00,8.350000381469727,8.369999885559082,8.350000381469727,8.369999885559082,4890,0.0,0.0
2025-04-25 11:12:00-04:00,8.354999542236328,8.354999542236328,8.346199989318848,8.346199989318848,5061,0.0,0.0
2025-04-25 11:13:00-04:00,8.34000015258789,8.350000381469727,8.330100059509277,8.350000381469727,12697,0.0,0.0
2025-04-25 11:14:00-04:00,8.34119987487793,8.354999542236328,8.34119987487793,8.353699684143066,3876,0.0,0.0
2025-04-25 11:15:00-04:00,8.359999656677246,8.359999656677246,8.321000099182129,8.321000099182129,5893,0.0,0.0
2025-04-25 11:16:00-04:00,8.327099800109863,8.34000015258789,8.319999694824219,8.34000015258789,7705,0.0,0.0
2025-04-25 11:17:00-04:00,8.324999809265137,8.324999809265137,8.324999809265137,8.324999809265137,810,0.0,0.0
2025-04-25 11:18:00-04:00,8.320099830627441,8.335000038146973,8.319999694824219,8.335000038146973,2796,0.0,0.0
2025-04-25 11:19:00-04:00,8.335000038146973,8.338299751281738,8.324999809265137,8.324999809265137,1787,0.0,0.0
2025-04-25 11:20:00-04:00,8.324999809265137,8.329099655151367,8.324999809265137,8.329099655151367,1910,0.0,0.0
2025-04-25 11:21:00-04:00,8.324999809265137,8.329999923706055,8.32450008392334,8.324999809265137,16501,0.0,0.0
2025-04-25 11:22:00-04:00,8.335000038146973,8.335000038146973,8.32450008392334,8.324999809265137,7098,0.0,0.0
2025-04-25 11:23:00-04:00,8.324999809265137,8.335000038146973,8.324999809265137,8.335000038146973,7703,0.0,0.0
2025-04-25 11:24:00-04:00,8.338700294494629,8.34000015258789,8.329999923706055,8.329999923706055,5569,0.0,0.0
2025-04-25 11:25:00-04:00,8.324999809265137,8.329999923706055,8.305000305175781,8.3100004196167,9322,0.0,0.0
2025-04-25 11:26:00-04:00,8.309900283813477,8.329999923706055,8.305500030517578,8.324999809265137,9653,0.0,0.0
2025-04-25 11:27:00-04:00,8.324999809265137,8.329999923706055,8.324999809265137,8.324999809265137,4758,0.0,0.0
2025-04-25 11:28:00-04:00,8.329999923706055,8.329999923706055,8.324999809265137,8.329700469970703,2983,0.0,0.0
2025-04-25 11:29:00-04:00,8.319999694824219,8.319999694824219,8.28499984741211,8.295000076293945,7519,0.0,0.0
2025-04-25 11:30:00-04:00,8.291199684143066,8.339900016784668,8.291199684143066,8.339900016784668,11357,0.0,0.0
2025-04-25 11:31:00-04:00,8.34000015258789,8.354999542236328,8.34000015258789,8.354999542236328,2268,0.0,0.0
2025-04-25 11:32:00-04:00,8.354999542236328,8.399900436401367,8.350000381469727,8.374500274658203,24967,0.0,0.0
2025-04-25 11:33:00-04:00,8.362500190734863,8.364999771118164,8.362500190734863,8.364999771118164,341,0.0,0.0
2025-04-25 11:34:00-04:00,8.364800453186035,8.369999885559082,8.360199928283691,8.364999771118164,5572,0.0,0.0
2025-04-25 11:35:00-04:00,8.359999656677246,8.359999656677246,8.345000267028809,8.345000267028809,9402,0.0,0.0
2025-04-25 11:36:00-04:00,8.345000267028809,8.345000267028809,8.324999809265137,8.329899787902832,2426,0.0,0.0
2025-04-25 11:37:00-04:00,8.319999694824219,8.328700065612793,8.319999694824219,8.319999694824219,2821,0.0,0.0
2025-04-25 11:38:00-04:00,8.325499534606934,8.325499534606934,8.311200141906738,8.311200141906738,2453,0.0,0.0
2025-04-25 11:39:00-04:00,8.3100004196167,8.318699836730957,8.3100004196167,8.3149995803833,4244,0.0,0.0
2025-04-25 11:40:00-04:00,8.319999694824219,8.335000038146973,8.319999694824219,8.335000038146973,2870,0.0,0.0
2025-04-25 11:41:00-04:00,8.345000267028809,8.350000381469727,8.343700408935547,8.343700408935547,3408,0.0,0.0
2025-04-25 11:42:00-04:00,8.34000015258789,8.345000267028809,8.34000015258789,8.345000267028809,1070,0.0,0.0
2025-04-25 11:43:00-04:00,8.345000267028809,8.345000267028809,8.329999923706055,8.329999923706055,2454,0.0,0.0
2025-04-25 11:44:00-04:00,8.329999923706055,8.34000015258789,8.329999923706055,8.34000015258789,4758,0.0,0.0
2025-04-25 11:45:00-04:00,8.338000297546387,8.359199523925781,8.335000038146973,8.359199523925781,3105,0.0,0.0
2025-04-25 11:46:00-04:00,8.359999656677246,8.359999656677246,8.359999656677246,8.359999656677246,3272,0.0,0.0
2025-04-25 11:47:00-04:00,8.350000381469727,8.350000381469727,8.34000015258789,8.34000015258789,1546,0.0,0.0
2025-04-25 11:48:00-04:00,8.34119987487793,8.359700202941895,8.34119987487793,8.359700202941895,2721,0.0,0.0
2025-04-25 11:49:00-04:00,8.358799934387207,8.358799934387207,8.350000381469727,8.350000381469727,1566,0.0,0.0
2025-04-25 11:50:00-04:00,8.345000267028809,8.350000381469727,8.345000267028809,8.350000381469727,2273,0.0,0.0
2025-04-25 11:51:00-04:00,8.354999542236328,8.354999542236328,8.354999542236328,8.354999542236328,1598,0.0,0.0
2025-04-25 11:54:00-04:00,8.335000038146973,8.34000015258789,8.335000038146973,8.335000038146973,9332,0.0,0.0
2025-04-25 11:55:00-04:00,8.34000015258789,8.34000015258789,8.329299926757812,8.335000038146973,12077,0.0,0.0
2025-04-25 11:56:00-04:00,8.34000015258789,8.34000015258789,8.34000015258789,8.34000015258789,799,0.0,0.0
2025-04-25 11:57:00-04:00,8.335000038146973,8.33549976348877,8.329999923706055,8.335000038146973,1226,0.0,0.0
2025-04-25 11:58:00-04:00,8.339900016784668,8.34000015258789,8.335000038146973,8.335000038146973,1063,0.0,0.0
2025-04-25 11:59:00-04:00,8.329999923706055,8.329999923706055,8.329999923706055,8.329999923706055,336,0.0,0.0
2025-04-25 12:00:00-04:00,8.335000038146973,8.345000267028809,8.329999923706055,8.345000267028809,3558,0.0,0.0
2025-04-25 12:01:00-04:00,8.345000267028809,8.350000381469727,8.34000015258789,8.350000381469727,1263,0.0,0.0
2025-04-25 12:02:00-04:00,8.345000267028809,8.345000267028809,8.319999694824219,8.319999694824219,4297,0.0,0.0
2025-04-25 12:03:00-04:00,8.329999923706055,8.335000038146973,8.324999809265137,8.324999809265137,2431,0.0,0.0
2025-04-25 12:04:00-04:00,8.329999923706055,8.345000267028809,8.324999809265137,8.345000267028809,1739,0.0,0.0
2025-04-25 12:05:00-04:00,8.348299980163574,8.348299980163574,8.345499992370605,8.345499992370605,1788,0.0,0.0
2025-04-25 12:06:00-04:00,8.345000267028809,8.345000267028809,8.345000267028809,8.345000267028809,1059,0.0,0.0
2025-04-25 12:07:00-04:00,8.335000038146973,8.335000038146973,8.329999923706055,8.329999923706055,1400,0.0,0.0
2025-04-25 12:08:00-04:00,8.34000015258789,8.354999542236328,8.338299751281738,8.354999542236328,5714,0.0,0.0
2025-04-25 12:09:00-04:00,8.354999542236328,8.358799934387207,8.350099563598633,8.354999542236328,5379,0.0,0.0
2025-04-25 12:10:00-04:00,8.358699798583984,8.358699798583984,8.350000381469727,8.350000381469727,3711,0.0,0.0
2025-04-25 12:11:00-04:00,8.350000381469727,8.350000381469727,8.345000267028809,8.347900390625,2071,0.0,0.0
2025-04-25 12:12:00-04:00,8.354999542236328,8.364999771118164,8.350000381469727,8.350000381469727,6422,0.0,0.0
2025-04-25 12:13:00-04:00,8.354999542236328,8.358799934387207,8.350000381469727,8.350000381469727,3528,0.0,0.0
2025-04-25 12:14:00-04:00,8.351200103759766,8.351200103759766,8.329999923706055,8.335000038146973,4249,0.0,0.0
2025-04-25 12:15:00-04:00,8.329999923706055,8.329999923706055,8.329999923706055,8.329999923706055,1036,0.0,0.0
2025-04-25 12:16:00-04:00,8.335000038146973,8.359999656677246,8.330300331115723,8.359999656677246,3144,0.0,0.0
2025-04-25 12:17:00-04:00,8.361000061035156,8.375,8.361000061035156,8.369999885559082,4249,0.0,0.0
2025-04-25 12:19:00-04:00,8.359999656677246,8.359999656677246,8.354999542236328,8.354999542236328,2521,0.0,0.0
2025-04-25 12:20:00-04:00,8.359999656677246,8.359999656677246,8.359999656677246,8.359999656677246,785,0.0,0.0
2025-04-25 12:21:00-04:00,8.354999542236328,8.359999656677246,8.343400001525879,8.343400001525879,2929,0.0,0.0
2025-04-25 12:22:00-04:00,8.350000381469727,8.354999542236328,8.350000381469727,8.354999542236328,3571,0.0,0.0
2025-04-25 12:23:00-04:00,8.357999801635742,8.390000343322754,8.357999801635742,8.380000114440918,10302,0.0,0.0
2025-04-25 12:24:00-04:00,8.378800392150879,8.378800392150879,8.371399879455566,8.371399879455566,456,0.0,0.0
2025-04-25 12:25:00-04:00,8.375,8.389100074768066,8.375,8.380000114440918,6688,0.0,0.0
2025-04-25 12:26:00-04:00,8.385000228881836,8.390000343322754,8.37090015411377,8.37090015411377,5944,0.0,0.0
2025-04-25 12:27:00-04:00,8.375,8.380000114440918,8.375,8.380000114440918,3133,0.0,0.0
2025-04-25 12:28:00-04:00,8.380000114440918,8.385000228881836,8.380000114440918,8.385000228881836,4001,0.0,0.0
2025-04-25 12:29:00-04:00,8.380000114440918,8.380000114440918,8.375,8.375,7560,0.0,0.0
2025-04-25 12:31:00-04:00,8.39009952545166,8.39009952545166,8.39009952545166,8.39009952545166,12447,0.0,0.0
2025-04-25 12:32:00-04:00,8.39009952545166,8.399999618530273,8.39009952545166,8.399999618530273,9281,0.0,0.0
2025-04-25 12:33:00-04:00,8.420000076293945,8.420000076293945,8.400300025939941,8.400300025939941,7665,0.0,0.0
2025-04-25 12:34:00-04:00,8.399999618530273,8.399999618530273,8.397199630737305,8.397199630737305,3170,0.0,0.0
2025-04-25 12:35:00-04:00,8.399999618530273,8.40999984741211,8.399999618530273,8.40999984741211,7938,0.0,0.0
2025-04-25 12:36:00-04:00,8.404999732971191,8.414999961853027,8.404999732971191,8.414999961853027,2740,0.0,0.0
2025-04-25 12:37:00-04:00,8.420000076293945,8.4350004196167,8.420000076293945,8.428899765014648,6309,0.0,0.0
2025-04-25 12:38:00-04:00,8.430000305175781,8.4399995803833,8.430000305175781,8.4399995803833,3399,0.0,0.0
2025-04-25 12:39:00-04:00,8.438799858093262,8.4399995803833,8.430000305175781,8.438899993896484,2664,0.0,0.0
2025-04-25 12:40:00-04:00,8.43910026550293,8.449999809265137,8.4350004196167,8.444999694824219,11556,0.0,0.0
2025-04-25 12:41:00-04:00,8.449999809265137,8.449999809265137,8.444999694824219,8.446700096130371,1535,0.0,0.0
2025-04-25 12:42:00-04:00,8.4399995803833,8.449999809265137,8.4399995803833,8.449999809265137,16892,0.0,0.0
2025-04-25 12:43:00-04:00,8.444299697875977,8.449999809265137,8.4399995803833,8.449999809265137,3951,0.0,0.0
2025-04-25 12:44:00-04:00,8.454999923706055,8.460000038146973,8.454999923706055,8.454999923706055,3394,0.0,0.0
2025-04-25 12:45:00-04:00,8.453499794006348,8.458700180053711,8.433500289916992,8.444999694824219,5111,0.0,0.0
2025-04-25 12:46:00-04:00,8.449999809265137,8.489999771118164,8.449999809265137,8.479999542236328,20538,0.0,0.0
2025-04-25 12:47:00-04:00,8.479999542236328,8.484999656677246,8.46560001373291,8.46560001373291,9279,0.0,0.0
2025-04-25 12:48:00-04:00,8.453900337219238,8.46500015258789,8.449999809265137,8.46500015258789,5890,0.0,0.0
2025-04-25 12:49:00-04:00,8.470000267028809,8.475000381469727,8.470000267028809,8.475000381469727,4073,0.0,0.0
2025-04-25 12:50:00-04:00,8.478599548339844,8.478599548339844,8.46500015258789,8.475000381469727,2603,0.0,0.0
2025-04-25 12:51:00-04:00,8.475000381469727,8.479900360107422,8.475000381469727,8.479900360107422,2090,0.0,0.0
2025-04-25 12:52:00-04:00,8.47819995880127,8.489999771118164,8.47819995880127,8.484999656677246,5048,0.0,0.0
2025-04-25 12:53:00-04:00,8.487700462341309,8.487700462341309,8.479100227355957,8.479100227355957,3687,0.0,0.0
2025-04-25 12:54:00-04:00,8.484999656677246,8.484999656677246,8.484999656677246,8.484999656677246,1443,0.0,0.0
2025-04-25 12:55:00-04:00,8.479999542236328,8.494999885559082,8.479999542236328,8.48740005493164,10227,0.0,0.0
2025-04-25 12:56:00-04:00,8.489999771118164,8.539999961853027,8.489999771118164,8.53950023651123,12092,0.0,0.0
2025-04-25 12:57:00-04:00,8.539999961853027,8.539999961853027,8.524800300598145,8.529999732971191,23274,0.0,0.0
2025-04-25 12:58:00-04:00,8.525500297546387,8.529999732971191,8.505000114440918,8.505000114440918,11058,0.0,0.0
2025-04-25 12:59:00-04:00,8.5,8.5,8.490099906921387,8.491399765014648,2596,0.0,0.0
2025-04-25 13:00:00-04:00,8.494999885559082,8.494999885559082,8.494999885559082,8.494999885559082,3093,0.0,0.0
2025-04-25 13:01:00-04:00,8.509099960327148,8.509099960327148,8.494999885559082,8.5,12423,0.0,0.0
2025-04-25 13:02:00-04:00,8.494999885559082,8.494999885559082,8.489999771118164,8.489999771118164,3687,0.0,0.0
2025-04-25 13:03:00-04:00,8.479999542236328,8.479999542236328,8.46500015258789,8.46500015258789,5135,0.0,0.0
2025-04-25 13:04:00-04:00,8.470000267028809,8.489999771118164,8.470000267028809,8.489999771118164,3411,0.0,0.0
2025-04-25 13:05:00-04:00,8.489999771118164,8.489999771118164,8.484999656677246,8.484999656677246,1585,0.0,0.0
2025-04-25 13:06:00-04:00,8.484999656677246,8.484999656677246,8.470000267028809,8.470000267028809,7179,0.0,0.0
2025-04-25 13:07:00-04:00,8.470000267028809,8.484999656677246,8.470000267028809,8.479999542236328,7467,0.0,0.0
2025-04-25 13:08:00-04:00,8.479999542236328,8.494999885559082,8.479999542236328,8.494999885559082,2967,0.0,0.0
2025-04-25 13:09:00-04:00,8.489999771118164,8.489999771118164,8.474599838256836,8.474599838256836,4434,0.0,0.0
2025-04-25 13:10:00-04:00,8.475000381469727,8.479999542236328,8.46500015258789,8.46500015258789,5226,0.0,0.0
2025-04-25 13:11:00-04:00,8.468799591064453,8.468799591064453,8.461600303649902,8.461600303649902,1465,0.0,0.0
2025-04-25 13:12:00-04:00,8.461199760437012,8.469900131225586,8.461199760437012,8.464500427246094,7827,0.0,0.0
2025-04-25 13:13:00-04:00,8.46500015258789,8.470000267028809,8.454999923706055,8.470000267028809,16759,0.0,0.0
2025-04-25 13:14:00-04:00,8.470000267028809,8.496199607849121,8.470000267028809,8.496199607849121,3945,0.0,0.0
2025-04-25 13:15:00-04:00,8.489999771118164,8.489999771118164,8.478799819946289,8.478799819946289,3629,0.0,0.0
2025-04-25 13:16:00-04:00,8.484999656677246,8.484999656677246,8.484999656677246,8.484999656677246,1376,0.0,0.0
2025-04-25 13:17:00-04:00,8.489999771118164,8.496299743652344,8.489999771118164,8.496299743652344,1069,0.0,0.0
2025-04-25 13:18:00-04:00,8.491499900817871,8.494999885559082,8.489999771118164,8.489999771118164,31715,0.0,0.0
2025-04-25 13:19:00-04:00,8.5,8.510000228881836,8.494999885559082,8.510000228881836,16619,0.0,0.0
2025-04-25 13:20:00-04:00,8.515000343322754,8.520000457763672,8.514699935913086,8.520000457763672,17813,0.0,0.0
2025-04-25 13:21:00-04:00,8.515000343322754,8.529999732971191,8.510000228881836,8.529999732971191,15639,0.0,0.0
2025-04-25 13:22:00-04:00,8.538700103759766,8.538800239562988,8.530099868774414,8.53499984741211,2801,0.0,0.0
2025-04-25 13:23:00-04:00,8.533499717712402,8.545000076293945,8.533499717712402,8.545000076293945,13609,0.0,0.0
2025-04-25 13:24:00-04:00,8.550000190734863,8.579999923706055,8.550000190734863,8.579700469970703,17099,0.0,0.0
2025-04-25 13:25:00-04:00,8.573599815368652,8.579999923706055,8.524999618530273,8.524999618530273,41022,0.0,0.0
2025-04-25 13:26:00-04:00,8.520000457763672,8.545000076293945,8.520000457763672,8.539999961853027,7135,0.0,0.0
2025-04-25 13:27:00-04:00,8.53499984741211,8.538800239562988,8.529999732971191,8.538800239562988,2794,0.0,0.0
2025-04-25 13:28:00-04:00,8.539999961853027,8.539999961853027,8.529999732971191,8.539999961853027,8224,0.0,0.0
2025-04-25 13:29:00-04:00,8.541000366210938,8.5600004196167,8.541000366210938,8.5600004196167,14995,0.0,0.0
2025-04-25 13:30:00-04:00,8.555000305175781,8.555000305175781,8.531200408935547,8.539999961853027,12489,0.0,0.0
2025-04-25 13:31:00-04:00,8.53499984741211,8.539999961853027,8.520000457763672,8.520000457763672,4584,0.0,0.0
2025-04-25 13:32:00-04:00,8.51550006866455,8.529999732971191,8.51550006866455,8.529999732971191,9095,0.0,0.0
2025-04-25 13:33:00-04:00,8.531200408935547,8.539899826049805,8.531200408935547,8.538800239562988,1741,0.0,0.0
2025-04-25 13:34:00-04:00,8.529999732971191,8.53499984741211,8.524999618530273,8.526300430297852,14996,0.0,0.0
2025-04-25 13:35:00-04:00,8.529999732971191,8.529999732971191,8.524999618530273,8.528800010681152,1331,0.0,0.0
2025-04-25 13:36:00-04:00,8.529800415039062,8.529800415039062,8.523099899291992,8.524999618530273,1619,0.0,0.0
2025-04-25 13:38:00-04:00,8.520000457763672,8.520000457763672,8.478699684143066,8.478699684143066,17065,0.0,0.0
2025-04-25 13:39:00-04:00,8.478899955749512,8.478899955749512,8.444999694824219,8.444999694824219,9023,0.0,0.0
2025-04-25 13:40:00-04:00,8.444999694824219,8.461799621582031,8.444999694824219,8.461799621582031,2598,0.0,0.0
2025-04-25 13:41:00-04:00,8.460000038146973,8.484999656677246,8.460000038146973,8.484999656677246,6862,0.0,0.0
2025-04-25 13:42:00-04:00,8.470000267028809,8.470000267028809,8.454500198364258,8.454500198364258,1000,0.0,0.0
2025-04-25 13:43:00-04:00,8.449999809265137,8.450300216674805,8.449999809265137,8.450300216674805,2176,0.0,0.0
2025-04-25 13:44:00-04:00,8.45009994506836,8.46500015258789,8.45009994506836,8.460000038146973,3240,0.0,0.0
2025-04-25 13:45:00-04:00,8.44909954071045,8.44909954071045,8.4350004196167,8.4350004196167,5086,0.0,0.0
2025-04-25 13:46:00-04:00,8.4350004196167,8.4350004196167,8.40999984741211,8.40999984741211,5917,0.0,0.0
2025-04-25 13:47:00-04:00,8.408900260925293,8.408900260925293,8.381199836730957,8.401300430297852,7445,0.0,0.0
2025-04-25 13:48:00-04:00,8.430000305175781,8.430000305175781,8.394200325012207,8.399900436401367,48866,0.0,0.0
2025-04-25 13:49:00-04:00,8.399999618530273,8.425000190734863,8.399999618530273,8.425000190734863,4954,0.0,0.0
2025-04-25 13:50:00-04:00,8.40999984741211,8.40999984741211,8.38949966430664,8.390000343322754,5786,0.0,0.0
2025-04-25 13:51:00-04:00,8.390000343322754,8.419899940490723,8.390000343322754,8.419899940490723,2680,0.0,0.0
2025-04-25 13:52:00-04:00,8.40999984741211,8.40999984741211,8.395000457763672,8.395000457763672,3981,0.0,0.0
2025-04-25 13:53:00-04:00,8.404999732971191,8.40999984741211,8.404999732971191,8.40999984741211,532,0.0,0.0
2025-04-25 13:54:00-04:00,8.40999984741211,8.40999984741211,8.388899803161621,8.388899803161621,3122,0.0,0.0
2025-04-25 13:55:00-04:00,8.38700008392334,8.38700008392334,8.369999885559082,8.375,12518,0.0,0.0
2025-04-25 13:56:00-04:00,8.375,8.375,8.350199699401855,8.364999771118164,9502,0.0,0.0
2025-04-25 13:57:00-04:00,8.369999885559082,8.369999885559082,8.364999771118164,8.369999885559082,2239,0.0,0.0
2025-04-25 13:58:00-04:00,8.369000434875488,8.385000228881836,8.360099792480469,8.385000228881836,10508,0.0,0.0
2025-04-25 13:59:00-04:00,8.390000343322754,8.390000343322754,8.390000343322754,8.390000343322754,1784,0.0,0.0
2025-04-25 14:00:00-04:00,8.390000343322754,8.40999984741211,8.385000228881836,8.390000343322754,12520,0.0,0.0
2025-04-25 14:01:00-04:00,8.385000228881836,8.400799751281738,8.385000228881836,8.400799751281738,6731,0.0,0.0
2025-04-25 14:02:00-04:00,8.409199714660645,8.429100036621094,8.409199714660645,8.429100036621094,1677,0.0,0.0
2025-04-25 14:03:00-04:00,8.425000190734863,8.444999694824219,8.425000190734863,8.444999694824219,8934,0.0,0.0
2025-04-25 14:04:00-04:00,8.4399995803833,8.4399995803833,8.433699607849121,8.4399995803833,2314,0.0,0.0
2025-04-25 14:05:00-04:00,8.4399995803833,8.440099716186523,8.4399995803833,8.4399995803833,3184,0.0,0.0
2025-04-25 14:06:00-04:00,8.4399995803833,8.449999809265137,8.4399995803833,8.449999809265137,6729,0.0,0.0
2025-04-25 14:07:00-04:00,8.46500015258789,8.46500015258789,8.460000038146973,8.460000038146973,2060,0.0,0.0
2025-04-25 14:08:00-04:00,8.454999923706055,8.4552001953125,8.454999923706055,8.4552001953125,1996,0.0,0.0
2025-04-25 14:09:00-04:00,8.454999923706055,8.468700408935547,8.454999923706055,8.468700408935547,2328,0.0,0.0
2025-04-25 14:10:00-04:00,8.46500015258789,8.46500015258789,8.454999923706055,8.454999923706055,6015,0.0,0.0
2025-04-25 14:11:00-04:00,8.45359992980957,8.479999542236328,8.45359992980957,8.468799591064453,5913,0.0,0.0
2025-04-25 14:12:00-04:00,8.460000038146973,8.46500015258789,8.458800315856934,8.460000038146973,3649,0.0,0.0
2025-04-25 14:13:00-04:00,8.460000038146973,8.460000038146973,8.4399995803833,8.444999694824219,5045,0.0,0.0
2025-04-25 14:14:00-04:00,8.444999694824219,8.444999694824219,8.4399995803833,8.4399995803833,3836,0.0,0.0
2025-04-25 14:15:00-04:00,8.4399995803833,8.454999923706055,8.4399995803833,8.454999923706055,2093,0.0,0.0
2025-04-25 14:16:00-04:00,8.449999809265137,8.460000038146973,8.449999809265137,8.460000038146973,1045,0.0,0.0
2025-04-25 14:17:00-04:00,8.454999923706055,8.454999923706055,8.454999923706055,8.454999923706055,1213,0.0,0.0
2025-04-25 14:18:00-04:00,8.460000038146973,8.460000038146973,8.454999923706055,8.454999923706055,2737,0.0,0.0
2025-04-25 14:19:00-04:00,8.454999923706055,8.454999923706055,8.454999923706055,8.454999923706055,427,0.0,0.0
2025-04-25 14:20:00-04:00,8.45989990234375,8.45989990234375,8.449999809265137,8.449999809265137,1749,0.0,0.0
2025-04-25 14:21:00-04:00,8.449999809265137,8.449999809265137,8.444999694824219,8.449999809265137,1487,0.0,0.0
2025-04-25 14:22:00-04:00,8.454999923706055,8.454999923706055,8.449999809265137,8.449999809265137,9791,0.0,0.0
2025-04-25 14:23:00-04:00,8.444999694824219,8.444999694824219,8.424500465393066,8.430000305175781,7496,0.0,0.0
2025-04-25 14:24:00-04:00,8.4350004196167,8.4350004196167,8.4266996383667,8.427800178527832,3002,0.0,0.0
2025-04-25 14:25:00-04:00,8.430000305175781,8.4350004196167,8.425000190734863,8.430000305175781,1935,0.0,0.0
2025-04-25 14:26:00-04:00,8.425000190734863,8.425000190734863,8.414999961853027,8.414999961853027,4805,0.0,0.0
2025-04-25 14:27:00-04:00,8.41450023651123,8.414999961853027,8.412300109863281,8.412300109863281,1580,0.0,0.0
2025-04-25 14:28:00-04:00,8.414999961853027,8.425000190734863,8.414999961853027,8.425000190734863,4955,0.0,0.0
2025-04-25 14:29:00-04:00,8.425000190734863,8.425000190734863,8.425000190734863,8.425000190734863,2979,0.0,0.0
2025-04-25 14:30:00-04:00,8.425000190734863,8.425000190734863,8.420000076293945,8.420000076293945,3308,0.0,0.0
2025-04-25 14:31:00-04:00,8.420000076293945,8.420000076293945,8.414999961853027,8.414999961853027,6944,0.0,0.0
2025-04-25 14:32:00-04:00,8.420000076293945,8.425000190734863,8.414999961853027,8.425000190734863,1877,0.0,0.0
2025-04-25 14:33:00-04:00,8.430000305175781,8.430000305175781,8.42020034790039,8.42020034790039,2409,0.0,0.0
2025-04-25 14:34:00-04:00,8.420000076293945,8.420000076293945,8.40999984741211,8.410099983215332,4834,0.0,0.0
2025-04-25 14:35:00-04:00,8.414999961853027,8.420000076293945,8.414999961853027,8.414999961853027,5265,0.0,0.0
2025-04-25 14:36:00-04:00,8.415499687194824,8.415499687194824,8.414999961853027,8.414999961853027,3580,0.0,0.0
2025-04-25 14:37:00-04:00,8.414999961853027,8.418000221252441,8.40999984741211,8.40999984741211,3589,0.0,0.0
2025-04-25 14:38:00-04:00,8.414999961853027,8.425000190734863,8.414999961853027,8.425000190734863,6281,0.0,0.0
2025-04-25 14:39:00-04:00,8.425000190734863,8.4350004196167,8.425000190734863,8.4350004196167,4987,0.0,0.0
2025-04-25 14:40:00-04:00,8.4399995803833,8.448800086975098,8.4399995803833,8.448800086975098,3898,0.0,0.0
2025-04-25 14:41:00-04:00,8.449999809265137,8.449999809265137,8.444999694824219,8.44849967956543,4419,0.0,0.0
2025-04-25 14:42:00-04:00,8.454999923706055,8.454999923706055,8.454999923706055,8.454999923706055,3070,0.0,0.0
2025-04-25 14:43:00-04:00,8.449999809265137,8.449999809265137,8.444999694824219,8.444999694824219,645,0.0,0.0
2025-04-25 14:44:00-04:00,8.444999694824219,8.444999694824219,8.4399995803833,8.4399995803833,1852,0.0,0.0
2025-04-25 14:45:00-04:00,8.4350004196167,8.4350004196167,8.420100212097168,8.425000190734863,3200,0.0,0.0
2025-04-25 14:46:00-04:00,8.428999900817871,8.435199737548828,8.428999900817871,8.435199737548828,3006,0.0,0.0
2025-04-25 14:47:00-04:00,8.4350004196167,8.438899993896484,8.430299758911133,8.438899993896484,1075,0.0,0.0
2025-04-25 14:48:00-04:00,8.439800262451172,8.444999694824219,8.439299583435059,8.444999694824219,2488,0.0,0.0
2025-04-25 14:49:00-04:00,8.449299812316895,8.449999809265137,8.449299812316895,8.449999809265137,2055,0.0,0.0
2025-04-25 14:50:00-04:00,8.4399995803833,8.4399995803833,8.4350004196167,8.4399995803833,2394,0.0,0.0
2025-04-25 14:51:00-04:00,8.444999694824219,8.444999694824219,8.430100440979004,8.43120002746582,2612,0.0,0.0
2025-04-25 14:52:00-04:00,8.43850040435791,8.43850040435791,8.43850040435791,8.43850040435791,408,0.0,0.0
2025-04-25 14:53:00-04:00,8.4350004196167,8.4399995803833,8.431300163269043,8.4399995803833,4681,0.0,0.0
2025-04-25 14:54:00-04:00,8.444999694824219,8.449999809265137,8.444999694824219,8.449999809265137,1644,0.0,0.0
2025-04-25 14:55:00-04:00,8.449999809265137,8.449999809265137,8.4350004196167,8.4350004196167,2161,0.0,0.0
2025-04-25 14:56:00-04:00,8.430000305175781,8.430000305175781,8.410400390625,8.410400390625,6956,0.0,0.0
2025-04-25 14:57:00-04:00,8.420000076293945,8.420000076293945,8.419899940490723,8.420000076293945,4568,0.0,0.0
2025-04-25 14:58:00-04:00,8.425000190734863,8.4350004196167,8.425000190734863,8.4350004196167,642,0.0,0.0
2025-04-25 14:59:00-04:00,8.438899993896484,8.438899993896484,8.438300132751465,8.438300132751465,1975,0.0,0.0
2025-04-25 15:00:00-04:00,8.4350004196167,8.4350004196167,8.420000076293945,8.420000076293945,14902,0.0,0.0
2025-04-25 15:01:00-04:00,8.420000076293945,8.4350004196167,8.420000076293945,8.4350004196167,2111,0.0,0.0
2025-04-25 15:02:00-04:00,8.4399995803833,8.4399995803833,8.4399995803833,8.4399995803833,492,0.0,0.0
2025-04-25 15:03:00-04:00,8.438799858093262,8.438799858093262,8.438799858093262,8.438799858093262,1057,0.0,0.0
2025-04-25 15:04:00-04:00,8.449999809265137,8.449999809265137,8.4399995803833,8.4399995803833,2960,0.0,0.0
2025-04-25 15:05:00-04:00,8.430000305175781,8.430000305175781,8.423700332641602,8.425000190734863,2059,0.0,0.0
2025-04-25 15:07:00-04:00,8.425000190734863,8.430000305175781,8.425000190734863,8.425000190734863,2843,0.0,0.0
2025-04-25 15:08:00-04:00,8.425000190734863,8.429900169372559,8.425000190734863,8.425000190734863,2321,0.0,0.0
2025-04-25 15:09:00-04:00,8.425000190734863,8.425000190734863,8.420999526977539,8.425000190734863,3055,0.0,0.0
2025-04-25 15:10:00-04:00,8.425000190734863,8.425000190734863,8.414999961853027,8.414999961853027,3509,0.0,0.0
2025-04-25 15:11:00-04:00,8.419699668884277,8.419699668884277,8.404999732971191,8.405200004577637,3872,0.0,0.0
2025-04-25 15:12:00-04:00,8.404999732971191,8.40999984741211,8.404999732971191,8.40999984741211,1286,0.0,0.0
2025-04-25 15:13:00-04:00,8.404999732971191,8.404999732971191,8.404999732971191,8.404999732971191,1529,0.0,0.0
2025-04-25 15:14:00-04:00,8.404999732971191,8.40999984741211,8.404999732971191,8.40999984741211,3001,0.0,0.0
2025-04-25 15:15:00-04:00,8.404999732971191,8.404999732971191,8.395000457763672,8.399999618530273,4395,0.0,0.0
2025-04-25 15:16:00-04:00,8.395000457763672,8.419099807739258,8.395000457763672,8.414999961853027,4793,0.0,0.0
2025-04-25 15:17:00-04:00,8.419899940490723,8.429699897766113,8.419899940490723,8.423800468444824,5525,0.0,0.0
2025-04-25 15:18:00-04:00,8.425000190734863,8.429699897766113,8.425000190734863,8.429699897766113,749,0.0,0.0
2025-04-25 15:19:00-04:00,8.430000305175781,8.4350004196167,8.422599792480469,8.422599792480469,3871,0.0,0.0
2025-04-25 15:20:00-04:00,8.420000076293945,8.425000190734863,8.40999984741211,8.411399841308594,7927,0.0,0.0
2025-04-25 15:21:00-04:00,8.415200233459473,8.428899765014648,8.415200233459473,8.428899765014648,2229,0.0,0.0
2025-04-25 15:22:00-04:00,8.425000190734863,8.425000190734863,8.425000190734863,8.425000190734863,448,0.0,0.0
2025-04-25 15:23:00-04:00,8.430000305175781,8.430000305175781,8.430000305175781,8.430000305175781,11320,0.0,0.0
2025-04-25 15:24:00-04:00,8.425000190734863,8.430000305175781,8.420100212097168,8.430000305175781,3382,0.0,0.0
2025-04-25 15:25:00-04:00,8.430000305175781,8.430000305175781,8.418899536132812,8.418899536132812,5472,0.0,0.0
2025-04-25 15:26:00-04:00,8.40999984741211,8.40999984741211,8.399999618530273,8.404999732971191,6940,0.0,0.0
2025-04-25 15:27:00-04:00,8.428799629211426,8.428799629211426,8.420000076293945,8.420000076293945,1231,0.0,0.0
2025-04-25 15:28:00-04:00,8.40999984741211,8.40999984741211,8.404999732971191,8.404999732971191,19792,0.0,0.0
2025-04-25 15:29:00-04:00,8.414999961853027,8.414999961853027,8.40999984741211,8.40999984741211,2211,0.0,0.0
2025-04-25 15:30:00-04:00,8.399999618530273,8.406299591064453,8.399999618530273,8.406299591064453,6319,0.0,0.0
2025-04-25 15:31:00-04:00,8.40999984741211,8.425000190734863,8.40999984741211,8.420000076293945,4851,0.0,0.0
2025-04-25 15:32:00-04:00,8.40999984741211,8.420000076293945,8.40999984741211,8.420000076293945,4032,0.0,0.0
2025-04-25 15:33:00-04:00,8.425000190734863,8.425000190734863,8.420100212097168,8.425000190734863,1318,0.0,0.0
2025-04-25 15:34:00-04:00,8.430000305175781,8.454999923706055,8.430000305175781,8.454999923706055,33077,0.0,0.0
2025-04-25 15:35:00-04:00,8.449999809265137,8.460000038146973,8.449999809265137,8.45989990234375,17867,0.0,0.0
2025-04-25 15:36:00-04:00,8.454999923706055,8.45680046081543,8.449999809265137,8.4552001953125,5439,0.0,0.0
2025-04-25 15:37:00-04:00,8.444999694824219,8.449999809265137,8.4399995803833,8.444999694824219,4395,0.0,0.0
2025-04-25 15:38:00-04:00,8.448800086975098,8.448800086975098,8.4399995803833,8.4399995803833,4923,0.0,0.0
2025-04-25 15:39:00-04:00,8.4350004196167,8.4350004196167,8.414999961853027,8.414999961853027,6455,0.0,0.0
2025-04-25 15:40:00-04:00,8.420000076293945,8.430000305175781,8.420000076293945,8.428999900817871,3856,0.0,0.0
2025-04-25 15:41:00-04:00,8.425000190734863,8.425000190734863,8.40999984741211,8.425000190734863,17846,0.0,0.0
2025-04-25 15:42:00-04:00,8.430000305175781,8.438899993896484,8.430000305175781,8.4350004196167,6136,0.0,0.0
2025-04-25 15:43:00-04:00,8.4350004196167,8.4350004196167,8.43120002746582,8.4350004196167,1563,0.0,0.0
2025-04-25 15:44:00-04:00,8.4350004196167,8.444999694824219,8.430000305175781,8.4350004196167,8274,0.0,0.0
2025-04-25 15:45:00-04:00,8.444999694824219,8.449999809265137,8.444999694824219,8.444999694824219,4344,0.0,0.0
2025-04-25 15:46:00-04:00,8.444999694824219,8.449999809265137,8.444999694824219,8.449999809265137,7345,0.0,0.0
2025-04-25 15:47:00-04:00,8.444999694824219,8.454999923706055,8.444999694824219,8.444999694824219,8568,0.0,0.0
2025-04-25 15:48:00-04:00,8.444999694824219,8.454999923706055,8.441100120544434,8.454999923706055,5017,0.0,0.0
2025-04-25 15:49:00-04:00,8.449999809265137,8.454999923706055,8.449899673461914,8.454999923706055,6084,0.0,0.0
2025-04-25 15:50:00-04:00,8.460000038146973,8.460000038146973,8.444999694824219,8.460000038146973,22348,0.0,0.0
2025-04-25 15:51:00-04:00,8.454999923706055,8.454999923706055,8.449999809265137,8.451499938964844,7970,0.0,0.0
2025-04-25 15:52:00-04:00,8.454999923706055,8.479999542236328,8.454999923706055,8.475000381469727,25649,0.0,0.0
2025-04-25 15:53:00-04:00,8.475000381469727,8.475000381469727,8.46500015258789,8.470000267028809,14009,0.0,0.0
2025-04-25 15:54:00-04:00,8.475000381469727,8.5,8.475000381469727,8.494999885559082,44453,0.0,0.0
2025-04-25 15:55:00-04:00,8.493800163269043,8.524999618530273,8.493800163269043,8.524999618530273,19070,0.0,0.0
2025-04-25 15:56:00-04:00,8.524999618530273,8.529999732971191,8.514699935913086,8.524999618530273,19929,0.0,0.0
2025-04-25 15:57:00-04:00,8.529999732971191,8.550000190734863,8.529999732971191,8.550000190734863,41656,0.0,0.0
2025-04-25 15:58:00-04:00,8.545000076293945,8.579999923706055,8.545000076293945,8.5649995803833,88787,0.0,0.0
2025-04-25 15:59:00-04:00,8.5649995803833,8.579999923706055,8.560199737548828,8.579999923706055,36315,0.0,0.0
