Datetime,Open,High,Low,Close,Volume,Dividends,Stock Splits
2025-04-21 09:30:00-04:00,4.21999979019165,4.21999979019165,4.21999979019165,4.21999979019165,5132,0.0,0.0
2025-04-21 09:32:00-04:00,4.21999979019165,4.21999979019165,4.215000152587891,4.215000152587891,741,0.0,0.0
2025-04-21 09:33:00-04:00,4.215000152587891,4.215000152587891,4.204999923706055,4.204999923706055,843,0.0,0.0
2025-04-21 09:36:00-04:00,4.195000171661377,4.195000171661377,4.195000171661377,4.195000171661377,358,0.0,0.0
2025-04-21 09:39:00-04:00,4.199999809265137,4.215000152587891,4.199999809265137,4.215000152587891,1767,0.0,0.0
2025-04-21 09:40:00-04:00,4.215000152587891,4.215000152587891,4.215000152587891,4.215000152587891,207,0.0,0.0
2025-04-21 09:43:00-04:00,4.210000038146973,4.210000038146973,4.199999809265137,4.199999809265137,2817,0.0,0.0
2025-04-21 09:44:00-04:00,4.204999923706055,4.204999923706055,4.204999923706055,4.204999923706055,110,0.0,0.0
2025-04-21 09:45:00-04:00,4.204999923706055,4.21999979019165,4.204999923706055,4.21999979019165,7383,0.0,0.0
2025-04-21 09:46:00-04:00,4.215000152587891,4.215000152587891,4.215000152587891,4.215000152587891,3466,0.0,0.0
2025-04-21 09:47:00-04:00,4.210000038146973,4.215000152587891,4.210000038146973,4.210000038146973,663,0.0,0.0
2025-04-21 09:48:00-04:00,4.215000152587891,4.215000152587891,4.215000152587891,4.215000152587891,4540,0.0,0.0
2025-04-21 09:50:00-04:00,4.21999979019165,4.21999979019165,4.215000152587891,4.215000152587891,2447,0.0,0.0
2025-04-21 09:51:00-04:00,4.210000038146973,4.210000038146973,4.210000038146973,4.210000038146973,1979,0.0,0.0
2025-04-21 09:52:00-04:00,4.204999923706055,4.204999923706055,4.204999923706055,4.204999923706055,321,0.0,0.0
2025-04-21 09:53:00-04:00,4.204999923706055,4.204999923706055,4.204999923706055,4.204999923706055,974,0.0,0.0
2025-04-21 09:55:00-04:00,4.204999923706055,4.204999923706055,4.204999923706055,4.204999923706055,350,0.0,0.0
2025-04-21 09:56:00-04:00,4.204999923706055,4.204999923706055,4.204999923706055,4.204999923706055,596,0.0,0.0
2025-04-21 09:57:00-04:00,4.204999923706055,4.204999923706055,4.204999923706055,4.204999923706055,269,0.0,0.0
2025-04-21 09:58:00-04:00,4.199999809265137,4.199999809265137,4.199999809265137,4.199999809265137,300,0.0,0.0
2025-04-21 09:59:00-04:00,4.195000171661377,4.195000171661377,4.195000171661377,4.195000171661377,148,0.0,0.0
2025-04-21 10:00:00-04:00,4.179999828338623,4.184999942779541,4.179999828338623,4.179999828338623,3157,0.0,0.0
2025-04-21 10:01:00-04:00,4.184999942779541,4.184999942779541,4.184999942779541,4.184999942779541,2820,0.0,0.0
2025-04-21 10:02:00-04:00,4.184999942779541,4.190000057220459,4.179999828338623,4.190000057220459,4860,0.0,0.0
2025-04-21 10:03:00-04:00,4.199999809265137,4.199999809265137,4.190000057220459,4.190000057220459,1445,0.0,0.0
2025-04-21 10:04:00-04:00,4.190000057220459,4.190000057220459,4.184999942779541,4.184999942779541,459,0.0,0.0
2025-04-21 10:05:00-04:00,4.190000057220459,4.190000057220459,4.190000057220459,4.190000057220459,696,0.0,0.0
2025-04-21 10:06:00-04:00,4.190000057220459,4.190000057220459,4.184999942779541,4.184999942779541,3072,0.0,0.0
2025-04-21 10:08:00-04:00,4.179999828338623,4.190000057220459,4.179999828338623,4.190000057220459,5866,0.0,0.0
2025-04-21 10:09:00-04:00,4.195000171661377,4.195000171661377,4.195000171661377,4.195000171661377,1375,0.0,0.0
2025-04-21 10:10:00-04:00,4.195000171661377,4.195000171661377,4.195000171661377,4.195000171661377,674,0.0,0.0
2025-04-21 10:12:00-04:00,4.195000171661377,4.210000038146973,4.195000171661377,4.210000038146973,17240,0.0,0.0
2025-04-21 10:13:00-04:00,4.210000038146973,4.230000019073486,4.210000038146973,4.230000019073486,3606,0.0,0.0
2025-04-21 10:14:00-04:00,4.230000019073486,4.239999771118164,4.224999904632568,4.224999904632568,10486,0.0,0.0
2025-04-21 10:15:00-04:00,4.224999904632568,4.224999904632568,4.215000152587891,4.215000152587891,3408,0.0,0.0
2025-04-21 10:16:00-04:00,4.215000152587891,4.215000152587891,4.215000152587891,4.215000152587891,143,0.0,0.0
2025-04-21 10:17:00-04:00,4.210000038146973,4.210000038146973,4.210000038146973,4.210000038146973,221,0.0,0.0
2025-04-21 10:18:00-04:00,4.210000038146973,4.210000038146973,4.210000038146973,4.210000038146973,303,0.0,0.0
2025-04-21 10:19:00-04:00,4.210000038146973,4.210000038146973,4.204999923706055,4.210000038146973,5327,0.0,0.0
2025-04-21 10:20:00-04:00,4.215000152587891,4.21999979019165,4.215000152587891,4.21999979019165,77516,0.0,0.0
2025-04-21 10:21:00-04:00,4.21999979019165,4.21999979019165,4.210000038146973,4.210000038146973,2475,0.0,0.0
2025-04-21 10:22:00-04:00,4.204999923706055,4.210000038146973,4.199999809265137,4.204999923706055,59918,0.0,0.0
2025-04-21 10:24:00-04:00,4.204999923706055,4.204999923706055,4.204999923706055,4.204999923706055,500,0.0,0.0
2025-04-21 10:25:00-04:00,4.204999923706055,4.204999923706055,4.204999923706055,4.204999923706055,8077,0.0,0.0
2025-04-21 10:26:00-04:00,4.204999923706055,4.215000152587891,4.204999923706055,4.215000152587891,40822,0.0,0.0
2025-04-21 10:27:00-04:00,4.215000152587891,4.215000152587891,4.215000152587891,4.215000152587891,645,0.0,0.0
2025-04-21 10:29:00-04:00,4.210000038146973,4.210000038146973,4.210000038146973,4.210000038146973,157,0.0,0.0
2025-04-21 10:30:00-04:00,4.210000038146973,4.215000152587891,4.210000038146973,4.215000152587891,6154,0.0,0.0
2025-04-21 10:31:00-04:00,4.215000152587891,4.215000152587891,4.215000152587891,4.215000152587891,512,0.0,0.0
2025-04-21 10:32:00-04:00,4.210000038146973,4.224999904632568,4.210000038146973,4.224999904632568,16794,0.0,0.0
2025-04-21 10:33:00-04:00,4.224999904632568,4.230000019073486,4.224999904632568,4.230000019073486,2420,0.0,0.0
2025-04-21 10:34:00-04:00,4.230000019073486,4.244999885559082,4.230000019073486,4.235000133514404,20680,0.0,0.0
2025-04-21 10:36:00-04:00,4.230000019073486,4.230000019073486,4.224999904632568,4.224999904632568,1861,0.0,0.0
2025-04-21 10:37:00-04:00,4.224999904632568,4.224999904632568,4.224999904632568,4.224999904632568,712,0.0,0.0
2025-04-21 10:38:00-04:00,4.224999904632568,4.230000019073486,4.224999904632568,4.230000019073486,5162,0.0,0.0
2025-04-21 10:39:00-04:00,4.224999904632568,4.239999771118164,4.224999904632568,4.235000133514404,5710,0.0,0.0
2025-04-21 10:40:00-04:00,4.239999771118164,4.239999771118164,4.239999771118164,4.239999771118164,524,0.0,0.0
2025-04-21 10:41:00-04:00,4.239999771118164,4.244999885559082,4.235000133514404,4.235000133514404,12804,0.0,0.0
2025-04-21 10:42:00-04:00,4.235000133514404,4.235000133514404,4.230000019073486,4.230000019073486,3375,0.0,0.0
2025-04-21 10:43:00-04:00,4.224999904632568,4.224999904632568,4.224999904632568,4.224999904632568,239,0.0,0.0
2025-04-21 10:44:00-04:00,4.224999904632568,4.224999904632568,4.21999979019165,4.224999904632568,9056,0.0,0.0
2025-04-21 10:46:00-04:00,4.224999904632568,4.224999904632568,4.21999979019165,4.224999904632568,5138,0.0,0.0
2025-04-21 10:47:00-04:00,4.224999904632568,4.224999904632568,4.224999904632568,4.224999904632568,226,0.0,0.0
2025-04-21 10:48:00-04:00,4.224999904632568,4.224999904632568,4.21999979019165,4.21999979019165,201,0.0,0.0
2025-04-21 10:49:00-04:00,4.21999979019165,4.21999979019165,4.21999979019165,4.21999979019165,935,0.0,0.0
2025-04-21 10:50:00-04:00,4.21999979019165,4.21999979019165,4.21999979019165,4.21999979019165,2568,0.0,0.0
2025-04-21 10:51:00-04:00,4.21999979019165,4.21999979019165,4.21999979019165,4.21999979019165,326,0.0,0.0
2025-04-21 10:52:00-04:00,4.21999979019165,4.21999979019165,4.215000152587891,4.215000152587891,3048,0.0,0.0
2025-04-21 10:53:00-04:00,4.215000152587891,4.215000152587891,4.210000038146973,4.215000152587891,1266,0.0,0.0
2025-04-21 10:54:00-04:00,4.210000038146973,4.21999979019165,4.204999923706055,4.215000152587891,13223,0.0,0.0
2025-04-21 10:55:00-04:00,4.213099956512451,4.215000152587891,4.213099956512451,4.215000152587891,1205,0.0,0.0
2025-04-21 10:56:00-04:00,4.215000152587891,4.215000152587891,4.215000152587891,4.215000152587891,1243,0.0,0.0
2025-04-21 10:58:00-04:00,4.210000038146973,4.210000038146973,4.210000038146973,4.210000038146973,501,0.0,0.0
2025-04-21 10:59:00-04:00,4.210000038146973,4.210000038146973,4.204999923706055,4.204999923706055,59344,0.0,0.0
2025-04-21 11:00:00-04:00,4.204999923706055,4.210000038146973,4.204999923706055,4.210000038146973,15491,0.0,0.0
2025-04-21 11:01:00-04:00,4.215000152587891,4.21999979019165,4.210000038146973,4.21999979019165,1938,0.0,0.0
2025-04-21 11:03:00-04:00,4.215000152587891,4.215000152587891,4.215000152587891,4.215000152587891,101,0.0,0.0
2025-04-21 11:04:00-04:00,4.210000038146973,4.21999979019165,4.210000038146973,4.215000152587891,8955,0.0,0.0
2025-04-21 11:05:00-04:00,4.21999979019165,4.21999979019165,4.21999979019165,4.21999979019165,4550,0.0,0.0
2025-04-21 11:06:00-04:00,4.224999904632568,4.224999904632568,4.224999904632568,4.224999904632568,3516,0.0,0.0
2025-04-21 11:07:00-04:00,4.224999904632568,4.224999904632568,4.224999904632568,4.224999904632568,101,0.0,0.0
2025-04-21 11:08:00-04:00,4.224999904632568,4.224999904632568,4.224999904632568,4.224999904632568,108,0.0,0.0
2025-04-21 11:09:00-04:00,4.21999979019165,4.21999979019165,4.21999979019165,4.21999979019165,102,0.0,0.0
2025-04-21 11:10:00-04:00,4.224999904632568,4.224999904632568,4.215000152587891,4.215000152587891,21678,0.0,0.0
2025-04-21 11:11:00-04:00,4.215000152587891,4.215000152587891,4.215000152587891,4.215000152587891,200,0.0,0.0
2025-04-21 11:12:00-04:00,4.215000152587891,4.215000152587891,4.210000038146973,4.210000038146973,890,0.0,0.0
2025-04-21 11:13:00-04:00,4.210000038146973,4.210000038146973,4.210000038146973,4.210000038146973,334,0.0,0.0
2025-04-21 11:15:00-04:00,4.218299865722656,4.218299865722656,4.215000152587891,4.215000152587891,515,0.0,0.0
2025-04-21 11:17:00-04:00,4.215000152587891,4.215000152587891,4.210000038146973,4.215000152587891,1298,0.0,0.0
2025-04-21 11:18:00-04:00,4.215000152587891,4.215000152587891,4.215000152587891,4.215000152587891,9009,0.0,0.0
2025-04-21 11:20:00-04:00,4.210000038146973,4.210000038146973,4.210000038146973,4.210000038146973,136,0.0,0.0
2025-04-21 11:21:00-04:00,4.210000038146973,4.215000152587891,4.210000038146973,4.210000038146973,765,0.0,0.0
2025-04-21 11:22:00-04:00,4.210000038146973,4.210000038146973,4.210000038146973,4.210000038146973,300,0.0,0.0
2025-04-21 11:23:00-04:00,4.210000038146973,4.210000038146973,4.210000038146973,4.210000038146973,1877,0.0,0.0
2025-04-21 11:26:00-04:00,4.210000038146973,4.210000038146973,4.210000038146973,4.210000038146973,727,0.0,0.0
2025-04-21 11:27:00-04:00,4.210000038146973,4.215000152587891,4.210000038146973,4.215000152587891,22704,0.0,0.0
2025-04-21 11:31:00-04:00,4.210000038146973,4.210000038146973,4.210000038146973,4.210000038146973,802,0.0,0.0
2025-04-21 11:33:00-04:00,4.210000038146973,4.210000038146973,4.210000038146973,4.210000038146973,216,0.0,0.0
2025-04-21 11:35:00-04:00,4.210000038146973,4.210000038146973,4.210000038146973,4.210000038146973,170,0.0,0.0
2025-04-21 11:36:00-04:00,4.210000038146973,4.210000038146973,4.204999923706055,4.204999923706055,12740,0.0,0.0
2025-04-21 11:38:00-04:00,4.204999923706055,4.204999923706055,4.204999923706055,4.204999923706055,199,0.0,0.0
2025-04-21 11:39:00-04:00,4.204999923706055,4.204999923706055,4.204999923706055,4.204999923706055,1199,0.0,0.0
2025-04-21 11:40:00-04:00,4.204999923706055,4.204999923706055,4.204999923706055,4.204999923706055,510,0.0,0.0
2025-04-21 11:41:00-04:00,4.204999923706055,4.204999923706055,4.199999809265137,4.204999923706055,1225,0.0,0.0
2025-04-21 11:42:00-04:00,4.204999923706055,4.204999923706055,4.204999923706055,4.204999923706055,4597,0.0,0.0
2025-04-21 11:43:00-04:00,4.204999923706055,4.204999923706055,4.199999809265137,4.204999923706055,9878,0.0,0.0
2025-04-21 11:44:00-04:00,4.199999809265137,4.204999923706055,4.199999809265137,4.204999923706055,2565,0.0,0.0
2025-04-21 11:45:00-04:00,4.204999923706055,4.204999923706055,4.204999923706055,4.204999923706055,202,0.0,0.0
2025-04-21 11:46:00-04:00,4.204999923706055,4.204999923706055,4.204999923706055,4.204999923706055,5166,0.0,0.0
2025-04-21 11:47:00-04:00,4.199999809265137,4.210000038146973,4.199999809265137,4.210000038146973,6973,0.0,0.0
2025-04-21 11:48:00-04:00,4.199999809265137,4.199999809265137,4.199999809265137,4.199999809265137,251,0.0,0.0
2025-04-21 11:49:00-04:00,4.204999923706055,4.204999923706055,4.204999923706055,4.204999923706055,135,0.0,0.0
2025-04-21 11:50:00-04:00,4.204999923706055,4.210000038146973,4.204999923706055,4.210000038146973,1023,0.0,0.0
2025-04-21 11:51:00-04:00,4.204999923706055,4.210000038146973,4.204999923706055,4.204999923706055,1877,0.0,0.0
2025-04-21 11:52:00-04:00,4.204999923706055,4.210000038146973,4.199999809265137,4.204999923706055,5422,0.0,0.0
2025-04-21 11:54:00-04:00,4.204999923706055,4.204999923706055,4.199999809265137,4.199999809265137,427,0.0,0.0
2025-04-21 11:55:00-04:00,4.204999923706055,4.204999923706055,4.199999809265137,4.204999923706055,2752,0.0,0.0
2025-04-21 11:57:00-04:00,4.204999923706055,4.204999923706055,4.204999923706055,4.204999923706055,1383,0.0,0.0
2025-04-21 11:58:00-04:00,4.204999923706055,4.204999923706055,4.204999923706055,4.204999923706055,1965,0.0,0.0
2025-04-21 12:00:00-04:00,4.204999923706055,4.204999923706055,4.204999923706055,4.204999923706055,820,0.0,0.0
2025-04-21 12:01:00-04:00,4.204999923706055,4.204999923706055,4.204999923706055,4.204999923706055,128,0.0,0.0
2025-04-21 12:02:00-04:00,4.204999923706055,4.204999923706055,4.204999923706055,4.204999923706055,1009,0.0,0.0
2025-04-21 12:03:00-04:00,4.204999923706055,4.204999923706055,4.199999809265137,4.204999923706055,1304,0.0,0.0
2025-04-21 12:04:00-04:00,4.204999923706055,4.204999923706055,4.204999923706055,4.204999923706055,202,0.0,0.0
2025-04-21 12:05:00-04:00,4.204999923706055,4.204999923706055,4.204999923706055,4.204999923706055,1648,0.0,0.0
2025-04-21 12:06:00-04:00,4.204999923706055,4.204999923706055,4.204999923706055,4.204999923706055,2502,0.0,0.0
2025-04-21 12:09:00-04:00,4.204999923706055,4.204999923706055,4.204999923706055,4.204999923706055,1021,0.0,0.0
2025-04-21 12:10:00-04:00,4.204999923706055,4.204999923706055,4.204999923706055,4.204999923706055,855,0.0,0.0
2025-04-21 12:11:00-04:00,4.199999809265137,4.199999809265137,4.199999809265137,4.199999809265137,249,0.0,0.0
2025-04-21 12:12:00-04:00,4.210000038146973,4.210000038146973,4.204999923706055,4.204999923706055,3395,0.0,0.0
2025-04-21 12:13:00-04:00,4.210000038146973,4.210000038146973,4.210000038146973,4.210000038146973,22300,0.0,0.0
2025-04-21 12:15:00-04:00,4.204999923706055,4.204999923706055,4.204999923706055,4.204999923706055,650,0.0,0.0
2025-04-21 12:16:00-04:00,4.204999923706055,4.210000038146973,4.199999809265137,4.210000038146973,8237,0.0,0.0
2025-04-21 12:17:00-04:00,4.204999923706055,4.204999923706055,4.204999923706055,4.204999923706055,107,0.0,0.0
2025-04-21 12:18:00-04:00,4.199999809265137,4.199999809265137,4.199999809265137,4.199999809265137,229,0.0,0.0
2025-04-21 12:20:00-04:00,4.199999809265137,4.209700107574463,4.199999809265137,4.209700107574463,294,0.0,0.0
2025-04-21 12:22:00-04:00,4.199999809265137,4.199999809265137,4.199999809265137,4.199999809265137,133,0.0,0.0
2025-04-21 12:23:00-04:00,4.204999923706055,4.204999923706055,4.199999809265137,4.199999809265137,375,0.0,0.0
2025-04-21 12:24:00-04:00,4.199999809265137,4.199999809265137,4.199999809265137,4.199999809265137,223,0.0,0.0
2025-04-21 12:25:00-04:00,4.199999809265137,4.199999809265137,4.199999809265137,4.199999809265137,155,0.0,0.0
2025-04-21 12:26:00-04:00,4.199999809265137,4.199999809265137,4.199999809265137,4.199999809265137,330,0.0,0.0
2025-04-21 12:28:00-04:00,4.199999809265137,4.199999809265137,4.199999809265137,4.199999809265137,309,0.0,0.0
2025-04-21 12:29:00-04:00,4.199999809265137,4.199999809265137,4.199999809265137,4.199999809265137,374,0.0,0.0
2025-04-21 12:30:00-04:00,4.204999923706055,4.204999923706055,4.204999923706055,4.204999923706055,387,0.0,0.0
2025-04-21 12:31:00-04:00,4.204999923706055,4.204999923706055,4.204999923706055,4.204999923706055,987,0.0,0.0
2025-04-21 12:32:00-04:00,4.204999923706055,4.204999923706055,4.204999923706055,4.204999923706055,513,0.0,0.0
2025-04-21 12:33:00-04:00,4.210000038146973,4.210000038146973,4.210000038146973,4.210000038146973,1304,0.0,0.0
2025-04-21 12:34:00-04:00,4.204999923706055,4.204999923706055,4.204999923706055,4.204999923706055,285,0.0,0.0
2025-04-21 12:37:00-04:00,4.210000038146973,4.210000038146973,4.204999923706055,4.204999923706055,9082,0.0,0.0
2025-04-21 12:38:00-04:00,4.199999809265137,4.199999809265137,4.199999809265137,4.199999809265137,314,0.0,0.0
2025-04-21 12:39:00-04:00,4.210000038146973,4.210000038146973,4.210000038146973,4.210000038146973,1448,0.0,0.0
2025-04-21 12:40:00-04:00,4.204999923706055,4.204999923706055,4.204999923706055,4.204999923706055,11464,0.0,0.0
2025-04-21 12:41:00-04:00,4.199999809265137,4.199999809265137,4.199999809265137,4.199999809265137,100,0.0,0.0
2025-04-21 12:42:00-04:00,4.204999923706055,4.210000038146973,4.204999923706055,4.204999923706055,3318,0.0,0.0
2025-04-21 12:43:00-04:00,4.204999923706055,4.204999923706055,4.204999923706055,4.204999923706055,500,0.0,0.0
2025-04-21 12:44:00-04:00,4.204999923706055,4.210000038146973,4.199999809265137,4.199999809265137,3267,0.0,0.0
2025-04-21 12:45:00-04:00,4.204999923706055,4.204999923706055,4.204999923706055,4.204999923706055,2545,0.0,0.0
2025-04-21 12:46:00-04:00,4.204999923706055,4.204999923706055,4.199999809265137,4.199999809265137,785,0.0,0.0
2025-04-21 12:47:00-04:00,4.204999923706055,4.204999923706055,4.199999809265137,4.199999809265137,3372,0.0,0.0
2025-04-21 12:48:00-04:00,4.204999923706055,4.204999923706055,4.199999809265137,4.204999923706055,5411,0.0,0.0
2025-04-21 12:49:00-04:00,4.204999923706055,4.204999923706055,4.204999923706055,4.204999923706055,197,0.0,0.0
2025-04-21 12:50:00-04:00,4.199999809265137,4.204999923706055,4.199999809265137,4.204999923706055,3551,0.0,0.0
2025-04-21 12:51:00-04:00,4.199999809265137,4.204999923706055,4.199999809265137,4.204999923706055,4384,0.0,0.0
2025-04-21 12:52:00-04:00,4.204999923706055,4.204999923706055,4.199999809265137,4.199999809265137,15403,0.0,0.0
2025-04-21 12:53:00-04:00,4.204999923706055,4.204999923706055,4.204999923706055,4.204999923706055,1201,0.0,0.0
2025-04-21 12:54:00-04:00,4.204999923706055,4.204999923706055,4.199999809265137,4.204999923706055,1084,0.0,0.0
2025-04-21 12:55:00-04:00,4.204999923706055,4.204999923706055,4.199999809265137,4.204999923706055,3148,0.0,0.0
2025-04-21 12:56:00-04:00,4.204999923706055,4.204999923706055,4.204999923706055,4.204999923706055,1808,0.0,0.0
2025-04-21 12:57:00-04:00,4.204999923706055,4.204999923706055,4.195000171661377,4.199999809265137,29543,0.0,0.0
2025-04-21 12:58:00-04:00,4.204999923706055,4.204999923706055,4.199999809265137,4.199999809265137,1624,0.0,0.0
2025-04-21 12:59:00-04:00,4.204999923706055,4.204999923706055,4.204999923706055,4.204999923706055,1148,0.0,0.0
2025-04-21 13:00:00-04:00,4.199999809265137,4.204999923706055,4.199999809265137,4.199999809265137,1383,0.0,0.0
2025-04-21 13:01:00-04:00,4.204999923706055,4.204999923706055,4.199999809265137,4.204999923706055,3006,0.0,0.0
2025-04-21 13:02:00-04:00,4.204999923706055,4.204999923706055,4.195000171661377,4.199999809265137,18025,0.0,0.0
2025-04-21 13:03:00-04:00,4.195000171661377,4.195000171661377,4.190000057220459,4.190000057220459,967,0.0,0.0
2025-04-21 13:04:00-04:00,4.190000057220459,4.195000171661377,4.190000057220459,4.195000171661377,1998,0.0,0.0
2025-04-21 13:05:00-04:00,4.195000171661377,4.195000171661377,4.190000057220459,4.190000057220459,1305,0.0,0.0
2025-04-21 13:07:00-04:00,4.195000171661377,4.195000171661377,4.190000057220459,4.190000057220459,1206,0.0,0.0
2025-04-21 13:08:00-04:00,4.195000171661377,4.195000171661377,4.195000171661377,4.195000171661377,481,0.0,0.0
2025-04-21 13:09:00-04:00,4.190000057220459,4.195000171661377,4.190000057220459,4.195000171661377,4443,0.0,0.0
2025-04-21 13:10:00-04:00,4.190000057220459,4.190000057220459,4.190000057220459,4.190000057220459,649,0.0,0.0
2025-04-21 13:11:00-04:00,4.195000171661377,4.195000171661377,4.190000057220459,4.190000057220459,4334,0.0,0.0
2025-04-21 13:12:00-04:00,4.195000171661377,4.195000171661377,4.190000057220459,4.190000057220459,819,0.0,0.0
2025-04-21 13:13:00-04:00,4.195000171661377,4.195000171661377,4.190000057220459,4.190000057220459,2231,0.0,0.0
2025-04-21 13:14:00-04:00,4.195000171661377,4.195000171661377,4.195000171661377,4.195000171661377,2739,0.0,0.0
2025-04-21 13:15:00-04:00,4.190000057220459,4.199999809265137,4.190000057220459,4.195000171661377,2022,0.0,0.0
2025-04-21 13:16:00-04:00,4.190000057220459,4.195000171661377,4.190000057220459,4.195000171661377,219,0.0,0.0
2025-04-21 13:17:00-04:00,4.195000171661377,4.195000171661377,4.190000057220459,4.195000171661377,1130,0.0,0.0
2025-04-21 13:18:00-04:00,4.195000171661377,4.195000171661377,4.190000057220459,4.190000057220459,996,0.0,0.0
2025-04-21 13:19:00-04:00,4.195000171661377,4.195000171661377,4.190000057220459,4.190000057220459,917,0.0,0.0
2025-04-21 13:20:00-04:00,4.199999809265137,4.199999809265137,4.190100193023682,4.199999809265137,23985,0.0,0.0
2025-04-21 13:21:00-04:00,4.199999809265137,4.204999923706055,4.195000171661377,4.204999923706055,37784,0.0,0.0
2025-04-21 13:22:00-04:00,4.204999923706055,4.204999923706055,4.204999923706055,4.204999923706055,668,0.0,0.0
2025-04-21 13:23:00-04:00,4.210000038146973,4.210000038146973,4.210000038146973,4.210000038146973,2626,0.0,0.0
2025-04-21 13:24:00-04:00,4.199999809265137,4.204999923706055,4.199999809265137,4.204999923706055,3125,0.0,0.0
2025-04-21 13:25:00-04:00,4.204999923706055,4.204999923706055,4.204999923706055,4.204999923706055,2382,0.0,0.0
2025-04-21 13:26:00-04:00,4.204999923706055,4.204999923706055,4.199999809265137,4.204999923706055,600,0.0,0.0
2025-04-21 13:27:00-04:00,4.204999923706055,4.204999923706055,4.204999923706055,4.204999923706055,349,0.0,0.0
2025-04-21 13:28:00-04:00,4.204999923706055,4.210000038146973,4.199999809265137,4.210000038146973,601,0.0,0.0
2025-04-21 13:29:00-04:00,4.204999923706055,4.204999923706055,4.204999923706055,4.204999923706055,2446,0.0,0.0
2025-04-21 13:30:00-04:00,4.204999923706055,4.204999923706055,4.204999923706055,4.204999923706055,143,0.0,0.0
2025-04-21 13:31:00-04:00,4.204999923706055,4.209799766540527,4.204999923706055,4.204999923706055,1541,0.0,0.0
2025-04-21 13:32:00-04:00,4.204999923706055,4.210000038146973,4.204999923706055,4.20550012588501,4228,0.0,0.0
2025-04-21 13:33:00-04:00,4.204999923706055,4.204999923706055,4.204999923706055,4.204999923706055,1224,0.0,0.0
2025-04-21 13:34:00-04:00,4.204999923706055,4.210000038146973,4.204999923706055,4.2083001136779785,1147,0.0,0.0
2025-04-21 13:35:00-04:00,4.210000038146973,4.210000038146973,4.204999923706055,4.204999923706055,1197,0.0,0.0
2025-04-21 13:36:00-04:00,4.210000038146973,4.210000038146973,4.204999923706055,4.210000038146973,956,0.0,0.0
2025-04-21 13:37:00-04:00,4.210000038146973,4.210000038146973,4.199999809265137,4.210000038146973,1354,0.0,0.0
2025-04-21 13:38:00-04:00,4.204999923706055,4.210000038146973,4.204999923706055,4.210000038146973,681,0.0,0.0
2025-04-21 13:39:00-04:00,4.210000038146973,4.210000038146973,4.204999923706055,4.204999923706055,1611,0.0,0.0
2025-04-21 13:40:00-04:00,4.210000038146973,4.210000038146973,4.2042999267578125,4.210000038146973,12165,0.0,0.0
2025-04-21 13:41:00-04:00,4.204999923706055,4.210000038146973,4.204999923706055,4.210000038146973,1207,0.0,0.0
2025-04-21 13:42:00-04:00,4.210000038146973,4.210000038146973,4.199999809265137,4.199999809265137,1896,0.0,0.0
2025-04-21 13:43:00-04:00,4.204999923706055,4.210000038146973,4.199999809265137,4.199999809265137,13361,0.0,0.0
2025-04-21 13:44:00-04:00,4.204999923706055,4.210000038146973,4.199999809265137,4.204999923706055,24214,0.0,0.0
2025-04-21 13:45:00-04:00,4.204999923706055,4.204999923706055,4.204999923706055,4.204999923706055,8335,0.0,0.0
2025-04-21 13:46:00-04:00,4.204999923706055,4.204999923706055,4.199999809265137,4.204999923706055,8301,0.0,0.0
2025-04-21 13:47:00-04:00,4.204999923706055,4.204999923706055,4.204999923706055,4.204999923706055,5015,0.0,0.0
2025-04-21 13:48:00-04:00,4.204999923706055,4.204999923706055,4.199999809265137,4.204999923706055,1690,0.0,0.0
2025-04-21 13:49:00-04:00,4.199999809265137,4.204999923706055,4.199999809265137,4.204999923706055,827,0.0,0.0
2025-04-21 13:50:00-04:00,4.199999809265137,4.204999923706055,4.195000171661377,4.195000171661377,33833,0.0,0.0
2025-04-21 13:51:00-04:00,4.195000171661377,4.195000171661377,4.195000171661377,4.195000171661377,315,0.0,0.0
2025-04-21 13:52:00-04:00,4.190000057220459,4.190000057220459,4.190000057220459,4.190000057220459,708,0.0,0.0
2025-04-21 13:53:00-04:00,4.190000057220459,4.190000057220459,4.190000057220459,4.190000057220459,129,0.0,0.0
2025-04-21 13:54:00-04:00,4.190000057220459,4.195000171661377,4.190000057220459,4.195000171661377,2832,0.0,0.0
2025-04-21 13:56:00-04:00,4.190000057220459,4.195000171661377,4.184999942779541,4.184999942779541,23964,0.0,0.0
2025-04-21 13:57:00-04:00,4.179999828338623,4.190000057220459,4.179999828338623,4.184999942779541,14525,0.0,0.0
2025-04-21 13:58:00-04:00,4.184999942779541,4.190000057220459,4.184999942779541,4.190000057220459,2426,0.0,0.0
2025-04-21 13:59:00-04:00,4.190000057220459,4.195000171661377,4.190000057220459,4.190000057220459,29749,0.0,0.0
2025-04-21 14:00:00-04:00,4.195000171661377,4.195000171661377,4.195000171661377,4.195000171661377,7832,0.0,0.0
2025-04-21 14:01:00-04:00,4.195000171661377,4.195000171661377,4.195000171661377,4.195000171661377,2510,0.0,0.0
2025-04-21 14:02:00-04:00,4.195000171661377,4.195000171661377,4.195000171661377,4.195000171661377,741,0.0,0.0
2025-04-21 14:03:00-04:00,4.195000171661377,4.195000171661377,4.195000171661377,4.195000171661377,573,0.0,0.0
2025-04-21 14:04:00-04:00,4.195000171661377,4.195000171661377,4.195000171661377,4.195000171661377,219,0.0,0.0
2025-04-21 14:05:00-04:00,4.195000171661377,4.195000171661377,4.195000171661377,4.195000171661377,1058,0.0,0.0
2025-04-21 14:06:00-04:00,4.195000171661377,4.195000171661377,4.195000171661377,4.195000171661377,2212,0.0,0.0
2025-04-21 14:07:00-04:00,4.195000171661377,4.195000171661377,4.190000057220459,4.195000171661377,2733,0.0,0.0
2025-04-21 14:08:00-04:00,4.195000171661377,4.195000171661377,4.190000057220459,4.195000171661377,4225,0.0,0.0
2025-04-21 14:09:00-04:00,4.195000171661377,4.195000171661377,4.195000171661377,4.195000171661377,2835,0.0,0.0
2025-04-21 14:10:00-04:00,4.195000171661377,4.199999809265137,4.190000057220459,4.195000171661377,5038,0.0,0.0
2025-04-21 14:11:00-04:00,4.195000171661377,4.195000171661377,4.195000171661377,4.195000171661377,2097,0.0,0.0
2025-04-21 14:12:00-04:00,4.195000171661377,4.199999809265137,4.195000171661377,4.195000171661377,2409,0.0,0.0
2025-04-21 14:13:00-04:00,4.195000171661377,4.195000171661377,4.195000171661377,4.195000171661377,819,0.0,0.0
2025-04-21 14:14:00-04:00,4.195000171661377,4.195000171661377,4.195000171661377,4.195000171661377,1697,0.0,0.0
2025-04-21 14:15:00-04:00,4.195000171661377,4.195000171661377,4.195000171661377,4.195000171661377,1657,0.0,0.0
2025-04-21 14:16:00-04:00,4.195000171661377,4.195000171661377,4.195000171661377,4.195000171661377,941,0.0,0.0
2025-04-21 14:17:00-04:00,4.195000171661377,4.195000171661377,4.195000171661377,4.195000171661377,497,0.0,0.0
2025-04-21 14:18:00-04:00,4.195000171661377,4.195000171661377,4.195000171661377,4.195000171661377,978,0.0,0.0
2025-04-21 14:19:00-04:00,4.195000171661377,4.195000171661377,4.195000171661377,4.195000171661377,429,0.0,0.0
2025-04-21 14:20:00-04:00,4.195000171661377,4.195000171661377,4.190000057220459,4.195000171661377,1437,0.0,0.0
2025-04-21 14:21:00-04:00,4.195000171661377,4.195000171661377,4.195000171661377,4.195000171661377,568,0.0,0.0
2025-04-21 14:22:00-04:00,4.190000057220459,4.195000171661377,4.190000057220459,4.195000171661377,1057,0.0,0.0
2025-04-21 14:23:00-04:00,4.190000057220459,4.190000057220459,4.190000057220459,4.190000057220459,201,0.0,0.0
2025-04-21 14:24:00-04:00,4.195000171661377,4.195000171661377,4.195000171661377,4.195000171661377,1125,0.0,0.0
2025-04-21 14:25:00-04:00,4.195000171661377,4.195000171661377,4.190000057220459,4.195000171661377,1016,0.0,0.0
2025-04-21 14:26:00-04:00,4.195000171661377,4.195000171661377,4.195000171661377,4.195000171661377,806,0.0,0.0
2025-04-21 14:27:00-04:00,4.195000171661377,4.195000171661377,4.195000171661377,4.195000171661377,103,0.0,0.0
2025-04-21 14:28:00-04:00,4.190000057220459,4.190000057220459,4.190000057220459,4.190000057220459,210,0.0,0.0
2025-04-21 14:29:00-04:00,4.195000171661377,4.195000171661377,4.190000057220459,4.195000171661377,3360,0.0,0.0
2025-04-21 14:30:00-04:00,4.195000171661377,4.195000171661377,4.195000171661377,4.195000171661377,299,0.0,0.0
2025-04-21 14:31:00-04:00,4.195000171661377,4.195000171661377,4.195000171661377,4.195000171661377,1141,0.0,0.0
2025-04-21 14:32:00-04:00,4.195000171661377,4.195000171661377,4.190000057220459,4.195000171661377,991,0.0,0.0
2025-04-21 14:33:00-04:00,4.195000171661377,4.195000171661377,4.190000057220459,4.190000057220459,2942,0.0,0.0
2025-04-21 14:34:00-04:00,4.195000171661377,4.195000171661377,4.195000171661377,4.195000171661377,326,0.0,0.0
2025-04-21 14:35:00-04:00,4.195000171661377,4.195000171661377,4.195000171661377,4.195000171661377,973,0.0,0.0
2025-04-21 14:36:00-04:00,4.195000171661377,4.199999809265137,4.190000057220459,4.195000171661377,2737,0.0,0.0
2025-04-21 14:37:00-04:00,4.195000171661377,4.195000171661377,4.190000057220459,4.190000057220459,982,0.0,0.0
2025-04-21 14:38:00-04:00,4.195000171661377,4.195000171661377,4.190000057220459,4.195000171661377,1108,0.0,0.0
2025-04-21 14:39:00-04:00,4.195000171661377,4.195000171661377,4.195000171661377,4.195000171661377,900,0.0,0.0
2025-04-21 14:40:00-04:00,4.195000171661377,4.195000171661377,4.190000057220459,4.195000171661377,1017,0.0,0.0
2025-04-21 14:41:00-04:00,4.195000171661377,4.195000171661377,4.195000171661377,4.195000171661377,186,0.0,0.0
2025-04-21 14:42:00-04:00,4.195000171661377,4.195000171661377,4.195000171661377,4.195000171661377,1283,0.0,0.0
2025-04-21 14:43:00-04:00,4.190000057220459,4.199999809265137,4.190000057220459,4.195000171661377,867,0.0,0.0
2025-04-21 14:44:00-04:00,4.195000171661377,4.195000171661377,4.195000171661377,4.195000171661377,1142,0.0,0.0
2025-04-21 14:45:00-04:00,4.199999809265137,4.199999809265137,4.199999809265137,4.199999809265137,845,0.0,0.0
2025-04-21 14:46:00-04:00,4.195000171661377,4.195000171661377,4.195000171661377,4.195000171661377,904,0.0,0.0
2025-04-21 14:47:00-04:00,4.195000171661377,4.199999809265137,4.190000057220459,4.195000171661377,1498,0.0,0.0
2025-04-21 14:48:00-04:00,4.195000171661377,4.195000171661377,4.195000171661377,4.195000171661377,1832,0.0,0.0
2025-04-21 14:49:00-04:00,4.195000171661377,4.195000171661377,4.190000057220459,4.195000171661377,3375,0.0,0.0
2025-04-21 14:50:00-04:00,4.195000171661377,4.195000171661377,4.195000171661377,4.195000171661377,185,0.0,0.0
2025-04-21 14:51:00-04:00,4.195000171661377,4.195000171661377,4.190000057220459,4.195000171661377,5183,0.0,0.0
2025-04-21 14:52:00-04:00,4.195000171661377,4.195000171661377,4.190000057220459,4.190000057220459,3045,0.0,0.0
2025-04-21 14:53:00-04:00,4.195000171661377,4.195000171661377,4.195000171661377,4.195000171661377,1305,0.0,0.0
2025-04-21 14:54:00-04:00,4.190000057220459,4.195000171661377,4.190000057220459,4.195000171661377,224,0.0,0.0
2025-04-21 14:55:00-04:00,4.195000171661377,4.195000171661377,4.190000057220459,4.195000171661377,1875,0.0,0.0
2025-04-21 14:56:00-04:00,4.195000171661377,4.195000171661377,4.195000171661377,4.195000171661377,619,0.0,0.0
2025-04-21 14:57:00-04:00,4.195000171661377,4.195000171661377,4.190000057220459,4.190000057220459,668,0.0,0.0
2025-04-21 14:58:00-04:00,4.195000171661377,4.195000171661377,4.179999828338623,4.179999828338623,13062,0.0,0.0
2025-04-21 14:59:00-04:00,4.184999942779541,4.184999942779541,4.184999942779541,4.184999942779541,407,0.0,0.0
2025-04-21 15:01:00-04:00,4.184999942779541,4.184999942779541,4.184999942779541,4.184999942779541,1683,0.0,0.0
2025-04-21 15:02:00-04:00,4.184999942779541,4.195000171661377,4.184999942779541,4.195000171661377,13759,0.0,0.0
2025-04-21 15:03:00-04:00,4.195000171661377,4.195000171661377,4.195000171661377,4.195000171661377,5045,0.0,0.0
2025-04-21 15:04:00-04:00,4.195000171661377,4.199999809265137,4.190000057220459,4.190000057220459,9765,0.0,0.0
2025-04-21 15:05:00-04:00,4.195000171661377,4.195000171661377,4.195000171661377,4.195000171661377,2027,0.0,0.0
2025-04-21 15:06:00-04:00,4.195000171661377,4.195000171661377,4.190000057220459,4.190000057220459,4736,0.0,0.0
2025-04-21 15:07:00-04:00,4.184999942779541,4.184999942779541,4.179999828338623,4.179999828338623,10075,0.0,0.0
2025-04-21 15:08:00-04:00,4.179999828338623,4.184999942779541,4.179999828338623,4.179999828338623,2239,0.0,0.0
2025-04-21 15:09:00-04:00,4.179999828338623,4.184999942779541,4.179999828338623,4.184999942779541,20057,0.0,0.0
2025-04-21 15:10:00-04:00,4.184999942779541,4.195000171661377,4.184999942779541,4.190000057220459,10533,0.0,0.0
2025-04-21 15:11:00-04:00,4.190000057220459,4.190000057220459,4.190000057220459,4.190000057220459,847,0.0,0.0
2025-04-21 15:12:00-04:00,4.195000171661377,4.195000171661377,4.195000171661377,4.195000171661377,492,0.0,0.0
2025-04-21 15:13:00-04:00,4.195000171661377,4.195000171661377,4.190000057220459,4.195000171661377,2671,0.0,0.0
2025-04-21 15:14:00-04:00,4.190000057220459,4.190000057220459,4.190000057220459,4.190000057220459,126,0.0,0.0
2025-04-21 15:15:00-04:00,4.195000171661377,4.195000171661377,4.195000171661377,4.195000171661377,1018,0.0,0.0
2025-04-21 15:17:00-04:00,4.195000171661377,4.195000171661377,4.195000171661377,4.195000171661377,1531,0.0,0.0
2025-04-21 15:18:00-04:00,4.195000171661377,4.204999923706055,4.195000171661377,4.204999923706055,6780,0.0,0.0
2025-04-21 15:20:00-04:00,4.204999923706055,4.204999923706055,4.199999809265137,4.204999923706055,1535,0.0,0.0
2025-04-21 15:22:00-04:00,4.204999923706055,4.204999923706055,4.199999809265137,4.199999809265137,3103,0.0,0.0
2025-04-21 15:24:00-04:00,4.204999923706055,4.204999923706055,4.199999809265137,4.199999809265137,1412,0.0,0.0
2025-04-21 15:25:00-04:00,4.204999923706055,4.204999923706055,4.199999809265137,4.199999809265137,1345,0.0,0.0
2025-04-21 15:26:00-04:00,4.204999923706055,4.204999923706055,4.204999923706055,4.204999923706055,272,0.0,0.0
2025-04-21 15:27:00-04:00,4.210000038146973,4.210000038146973,4.204999923706055,4.204999923706055,1121,0.0,0.0
2025-04-21 15:29:00-04:00,4.210000038146973,4.210000038146973,4.210000038146973,4.210000038146973,4769,0.0,0.0
2025-04-21 15:30:00-04:00,4.204999923706055,4.204999923706055,4.204999923706055,4.204999923706055,214,0.0,0.0
2025-04-21 15:31:00-04:00,4.204999923706055,4.204999923706055,4.204999923706055,4.204999923706055,729,0.0,0.0
2025-04-21 15:32:00-04:00,4.210000038146973,4.215000152587891,4.210000038146973,4.210000038146973,19715,0.0,0.0
2025-04-21 15:33:00-04:00,4.210000038146973,4.210000038146973,4.210000038146973,4.210000038146973,24967,0.0,0.0
2025-04-21 15:34:00-04:00,4.204999923706055,4.204999923706055,4.204999923706055,4.204999923706055,1417,0.0,0.0
2025-04-21 15:35:00-04:00,4.210000038146973,4.215000152587891,4.199999809265137,4.210000038146973,115418,0.0,0.0
2025-04-21 15:36:00-04:00,4.215000152587891,4.215000152587891,4.215000152587891,4.215000152587891,420,0.0,0.0
2025-04-21 15:37:00-04:00,4.215000152587891,4.224999904632568,4.215000152587891,4.224999904632568,37111,0.0,0.0
2025-04-21 15:38:00-04:00,4.224999904632568,4.235000133514404,4.21999979019165,4.235000133514404,22231,0.0,0.0
2025-04-21 15:39:00-04:00,4.235000133514404,4.239999771118164,4.235000133514404,4.235000133514404,2921,0.0,0.0
2025-04-21 15:40:00-04:00,4.235000133514404,4.235000133514404,4.235000133514404,4.235000133514404,1608,0.0,0.0
2025-04-21 15:41:00-04:00,4.239999771118164,4.239999771118164,4.235000133514404,4.235000133514404,2637,0.0,0.0
2025-04-21 15:42:00-04:00,4.239999771118164,4.239999771118164,4.235000133514404,4.235000133514404,3165,0.0,0.0
2025-04-21 15:43:00-04:00,4.235000133514404,4.235000133514404,4.235000133514404,4.235000133514404,14031,0.0,0.0
2025-04-21 15:44:00-04:00,4.235000133514404,4.239999771118164,4.235000133514404,4.239999771118164,4069,0.0,0.0
2025-04-21 15:45:00-04:00,4.235000133514404,4.235000133514404,4.235000133514404,4.235000133514404,3052,0.0,0.0
2025-04-21 15:46:00-04:00,4.239999771118164,4.244999885559082,4.230000019073486,4.235000133514404,25705,0.0,0.0
2025-04-21 15:47:00-04:00,4.235000133514404,4.235000133514404,4.235000133514404,4.235000133514404,9135,0.0,0.0
2025-04-21 15:48:00-04:00,4.235000133514404,4.235000133514404,4.230000019073486,4.230000019073486,1820,0.0,0.0
2025-04-21 15:49:00-04:00,4.235000133514404,4.235000133514404,4.230000019073486,4.235000133514404,3624,0.0,0.0
2025-04-21 15:50:00-04:00,4.230000019073486,4.230000019073486,4.224999904632568,4.230000019073486,8850,0.0,0.0
2025-04-21 15:51:00-04:00,4.224999904632568,4.235000133514404,4.224999904632568,4.235000133514404,18839,0.0,0.0
2025-04-21 15:53:00-04:00,4.230000019073486,4.235000133514404,4.230000019073486,4.230000019073486,2938,0.0,0.0
2025-04-21 15:54:00-04:00,4.235000133514404,4.235000133514404,4.230000019073486,4.230000019073486,3190,0.0,0.0
2025-04-21 15:55:00-04:00,4.235000133514404,4.239999771118164,4.230000019073486,4.235000133514404,11808,0.0,0.0
2025-04-21 15:56:00-04:00,4.235000133514404,4.239999771118164,4.230000019073486,4.235000133514404,8367,0.0,0.0
2025-04-21 15:57:00-04:00,4.235000133514404,4.239999771118164,4.235000133514404,4.239999771118164,16095,0.0,0.0
2025-04-21 15:58:00-04:00,4.235000133514404,4.239999771118164,4.235000133514404,4.238800048828125,19977,0.0,0.0
2025-04-21 15:59:00-04:00,4.235000133514404,4.244999885559082,4.21999979019165,4.21999979019165,130318,0.0,0.0
2025-04-22 09:30:00-04:00,4.300000190734863,4.300000190734863,4.255000114440918,4.269999980926514,10625,0.0,0.0
2025-04-22 09:31:00-04:00,4.269999980926514,4.269999980926514,4.269999980926514,4.269999980926514,2366,0.0,0.0
2025-04-22 09:32:00-04:00,4.289999961853027,4.289999961853027,4.289999961853027,4.289999961853027,728,0.0,0.0
2025-04-22 09:34:00-04:00,4.315000057220459,4.315000057220459,4.315000057220459,4.315000057220459,509,0.0,0.0
2025-04-22 09:35:00-04:00,4.329999923706055,4.329999923706055,4.315000057220459,4.324999809265137,27243,0.0,0.0
2025-04-22 09:36:00-04:00,4.320000171661377,4.320000171661377,4.309999942779541,4.309999942779541,708,0.0,0.0
2025-04-22 09:37:00-04:00,4.320000171661377,4.340000152587891,4.318999767303467,4.340000152587891,6819,0.0,0.0
2025-04-22 09:39:00-04:00,4.335000038146973,4.335000038146973,4.335000038146973,4.335000038146973,509,0.0,0.0
2025-04-22 09:41:00-04:00,4.335000038146973,4.340000152587891,4.335000038146973,4.340000152587891,2822,0.0,0.0
2025-04-22 09:42:00-04:00,4.349999904632568,4.349999904632568,4.34499979019165,4.34499979019165,1309,0.0,0.0
2025-04-22 09:43:00-04:00,4.34499979019165,4.349999904632568,4.34499979019165,4.34499979019165,765,0.0,0.0
2025-04-22 09:44:00-04:00,4.349999904632568,4.349999904632568,4.349999904632568,4.349999904632568,12827,0.0,0.0
2025-04-22 09:45:00-04:00,4.34499979019165,4.34499979019165,4.34499979019165,4.34499979019165,117,0.0,0.0
2025-04-22 09:46:00-04:00,4.34499979019165,4.34499979019165,4.34499979019165,4.34499979019165,137,0.0,0.0
2025-04-22 09:47:00-04:00,4.34499979019165,4.34499979019165,4.340000152587891,4.340000152587891,8080,0.0,0.0
2025-04-22 09:48:00-04:00,4.335000038146973,4.34499979019165,4.335000038146973,4.34499979019165,2802,0.0,0.0
2025-04-22 09:49:00-04:00,4.340000152587891,4.34499979019165,4.340000152587891,4.340000152587891,11373,0.0,0.0
2025-04-22 09:50:00-04:00,4.335000038146973,4.339099884033203,4.335000038146973,4.335000038146973,3223,0.0,0.0
2025-04-22 09:51:00-04:00,4.335000038146973,4.340000152587891,4.329999923706055,4.335000038146973,7790,0.0,0.0
2025-04-22 09:53:00-04:00,4.340000152587891,4.34499979019165,4.335000038146973,4.335000038146973,22251,0.0,0.0
2025-04-22 09:55:00-04:00,4.340000152587891,4.34499979019165,4.340000152587891,4.34499979019165,2851,0.0,0.0
2025-04-22 09:56:00-04:00,4.34499979019165,4.349999904632568,4.34499979019165,4.349999904632568,6650,0.0,0.0
2025-04-22 09:57:00-04:00,4.355000019073486,4.364999771118164,4.355000019073486,4.364999771118164,1967,0.0,0.0
2025-04-22 09:58:00-04:00,4.360000133514404,4.360000133514404,4.349999904632568,4.349999904632568,6663,0.0,0.0
2025-04-22 09:59:00-04:00,4.349999904632568,4.349999904632568,4.349999904632568,4.349999904632568,214,0.0,0.0
2025-04-22 10:00:00-04:00,4.349999904632568,4.355000019073486,4.349999904632568,4.355000019073486,2311,0.0,0.0
2025-04-22 10:01:00-04:00,4.355000019073486,4.355000019073486,4.355000019073486,4.355000019073486,770,0.0,0.0
2025-04-22 10:02:00-04:00,4.355000019073486,4.355000019073486,4.355000019073486,4.355000019073486,477,0.0,0.0
2025-04-22 10:03:00-04:00,4.355000019073486,4.355000019073486,4.355000019073486,4.355000019073486,1036,0.0,0.0
2025-04-22 10:04:00-04:00,4.355000019073486,4.355000019073486,4.349999904632568,4.355000019073486,2986,0.0,0.0
2025-04-22 10:05:00-04:00,4.349999904632568,4.349999904632568,4.34499979019165,4.34499979019165,6416,0.0,0.0
2025-04-22 10:06:00-04:00,4.34499979019165,4.349999904632568,4.34250020980835,4.34250020980835,907,0.0,0.0
2025-04-22 10:07:00-04:00,4.349999904632568,4.349999904632568,4.34499979019165,4.34499979019165,1455,0.0,0.0
2025-04-22 10:08:00-04:00,4.34499979019165,4.34499979019165,4.34499979019165,4.34499979019165,458,0.0,0.0
2025-04-22 10:09:00-04:00,4.34499979019165,4.34499979019165,4.329999923706055,4.335000038146973,4112,0.0,0.0
2025-04-22 10:10:00-04:00,4.335000038146973,4.335000038146973,4.335000038146973,4.335000038146973,246,0.0,0.0
2025-04-22 10:11:00-04:00,4.335000038146973,4.335000038146973,4.324999809265137,4.324999809265137,4412,0.0,0.0
2025-04-22 10:12:00-04:00,4.320000171661377,4.320000171661377,4.309999942779541,4.315000057220459,5318,0.0,0.0
2025-04-22 10:13:00-04:00,4.315000057220459,4.315000057220459,4.315000057220459,4.315000057220459,4680,0.0,0.0
2025-04-22 10:14:00-04:00,4.309999942779541,4.309999942779541,4.304999828338623,4.309000015258789,3198,0.0,0.0
2025-04-22 10:15:00-04:00,4.304999828338623,4.304999828338623,4.295000076293945,4.295000076293945,3798,0.0,0.0
2025-04-22 10:17:00-04:00,4.289999961853027,4.304999828338623,4.289999961853027,4.304999828338623,11031,0.0,0.0
2025-04-22 10:18:00-04:00,4.304999828338623,4.304999828338623,4.304999828338623,4.304999828338623,600,0.0,0.0
2025-04-22 10:19:00-04:00,4.309999942779541,4.309999942779541,4.309999942779541,4.309999942779541,373,0.0,0.0
2025-04-22 10:20:00-04:00,4.304999828338623,4.304999828338623,4.304999828338623,4.304999828338623,505,0.0,0.0
2025-04-22 10:21:00-04:00,4.304999828338623,4.304999828338623,4.304999828338623,4.304999828338623,399,0.0,0.0
2025-04-22 10:22:00-04:00,4.302499771118164,4.304999828338623,4.302499771118164,4.304999828338623,400,0.0,0.0
2025-04-22 10:23:00-04:00,4.304999828338623,4.304999828338623,4.304999828338623,4.304999828338623,897,0.0,0.0
2025-04-22 10:24:00-04:00,4.304999828338623,4.304999828338623,4.304999828338623,4.304999828338623,170,0.0,0.0
2025-04-22 10:25:00-04:00,4.309999942779541,4.309999942779541,4.309999942779541,4.309999942779541,280,0.0,0.0
2025-04-22 10:26:00-04:00,4.304999828338623,4.304999828338623,4.300000190734863,4.300000190734863,800,0.0,0.0
2025-04-22 10:27:00-04:00,4.300000190734863,4.300000190734863,4.295000076293945,4.295000076293945,8101,0.0,0.0
2025-04-22 10:28:00-04:00,4.295000076293945,4.295000076293945,4.295000076293945,4.295000076293945,1411,0.0,0.0
2025-04-22 10:29:00-04:00,4.289999961853027,4.300000190734863,4.289999961853027,4.289999961853027,2127,0.0,0.0
2025-04-22 10:30:00-04:00,4.289999961853027,4.300000190734863,4.289999961853027,4.300000190734863,6229,0.0,0.0
2025-04-22 10:31:00-04:00,4.300000190734863,4.300000190734863,4.295000076293945,4.300000190734863,3436,0.0,0.0
2025-04-22 10:32:00-04:00,4.295000076293945,4.300000190734863,4.295000076293945,4.295000076293945,1609,0.0,0.0
2025-04-22 10:33:00-04:00,4.295000076293945,4.295000076293945,4.295000076293945,4.295000076293945,1388,0.0,0.0
2025-04-22 10:34:00-04:00,4.295000076293945,4.300000190734863,4.295000076293945,4.295000076293945,1584,0.0,0.0
2025-04-22 10:35:00-04:00,4.295000076293945,4.295000076293945,4.295000076293945,4.295000076293945,700,0.0,0.0
2025-04-22 10:36:00-04:00,4.295000076293945,4.300000190734863,4.295000076293945,4.295000076293945,1762,0.0,0.0
2025-04-22 10:37:00-04:00,4.295000076293945,4.300000190734863,4.295000076293945,4.295000076293945,1642,0.0,0.0
2025-04-22 10:38:00-04:00,4.295000076293945,4.295000076293945,4.295000076293945,4.295000076293945,900,0.0,0.0
2025-04-22 10:39:00-04:00,4.295000076293945,4.300000190734863,4.295000076293945,4.295000076293945,1873,0.0,0.0
2025-04-22 10:40:00-04:00,4.295000076293945,4.295000076293945,4.295000076293945,4.295000076293945,1032,0.0,0.0
2025-04-22 10:41:00-04:00,4.295000076293945,4.295000076293945,4.289999961853027,4.295000076293945,1769,0.0,0.0
2025-04-22 10:42:00-04:00,4.295000076293945,4.300000190734863,4.295000076293945,4.300000190734863,2049,0.0,0.0
2025-04-22 10:43:00-04:00,4.295000076293945,4.295000076293945,4.295000076293945,4.295000076293945,1801,0.0,0.0
2025-04-22 10:44:00-04:00,4.295000076293945,4.295000076293945,4.289999961853027,4.295000076293945,3263,0.0,0.0
2025-04-22 10:45:00-04:00,4.289999961853027,4.295000076293945,4.289999961853027,4.295000076293945,1356,0.0,0.0
2025-04-22 10:46:00-04:00,4.295000076293945,4.300000190734863,4.289999961853027,4.295000076293945,3702,0.0,0.0
2025-04-22 10:47:00-04:00,4.295000076293945,4.295000076293945,4.295000076293945,4.295000076293945,1296,0.0,0.0
2025-04-22 10:48:00-04:00,4.295000076293945,4.295000076293945,4.295000076293945,4.295000076293945,824,0.0,0.0
2025-04-22 10:49:00-04:00,4.289999961853027,4.295000076293945,4.289999961853027,4.289999961853027,888,0.0,0.0
2025-04-22 10:50:00-04:00,4.295000076293945,4.295000076293945,4.284999847412109,4.284999847412109,7979,0.0,0.0
2025-04-22 10:51:00-04:00,4.284999847412109,4.284999847412109,4.284999847412109,4.284999847412109,6383,0.0,0.0
2025-04-22 10:52:00-04:00,4.284999847412109,4.284999847412109,4.284999847412109,4.284999847412109,1604,0.0,0.0
2025-04-22 10:53:00-04:00,4.284999847412109,4.284999847412109,4.284999847412109,4.284999847412109,3363,0.0,0.0
2025-04-22 10:54:00-04:00,4.284999847412109,4.284999847412109,4.284999847412109,4.284999847412109,1865,0.0,0.0
2025-04-22 10:55:00-04:00,4.284999847412109,4.284999847412109,4.284999847412109,4.284999847412109,985,0.0,0.0
2025-04-22 10:56:00-04:00,4.284999847412109,4.284999847412109,4.284999847412109,4.284999847412109,1965,0.0,0.0
2025-04-22 10:57:00-04:00,4.284999847412109,4.284999847412109,4.28000020980835,4.284999847412109,2277,0.0,0.0
2025-04-22 10:58:00-04:00,4.284999847412109,4.284999847412109,4.284999847412109,4.284999847412109,2367,0.0,0.0
2025-04-22 10:59:00-04:00,4.284999847412109,4.289999961853027,4.284999847412109,4.284999847412109,2305,0.0,0.0
2025-04-22 11:00:00-04:00,4.289999961853027,4.304999828338623,4.284999847412109,4.304999828338623,14391,0.0,0.0
2025-04-22 11:01:00-04:00,4.309999942779541,4.315000057220459,4.309999942779541,4.315000057220459,4416,0.0,0.0
2025-04-22 11:02:00-04:00,4.315000057220459,4.324999809265137,4.315000057220459,4.324999809265137,6473,0.0,0.0
2025-04-22 11:03:00-04:00,4.324999809265137,4.324999809265137,4.324999809265137,4.324999809265137,402,0.0,0.0
2025-04-22 11:04:00-04:00,4.329999923706055,4.329999923706055,4.329999923706055,4.329999923706055,3162,0.0,0.0
2025-04-22 11:05:00-04:00,4.335000038146973,4.335000038146973,4.335000038146973,4.335000038146973,1107,0.0,0.0
2025-04-22 11:06:00-04:00,4.335000038146973,4.335000038146973,4.335000038146973,4.335000038146973,750,0.0,0.0
2025-04-22 11:07:00-04:00,4.329999923706055,4.329999923706055,4.329999923706055,4.329999923706055,8531,0.0,0.0
2025-04-22 11:08:00-04:00,4.329999923706055,4.329999923706055,4.329999923706055,4.329999923706055,303,0.0,0.0
2025-04-22 11:09:00-04:00,4.329999923706055,4.340000152587891,4.329999923706055,4.340000152587891,11281,0.0,0.0
2025-04-22 11:10:00-04:00,4.34499979019165,4.349999904632568,4.340000152587891,4.349999904632568,8694,0.0,0.0
2025-04-22 11:11:00-04:00,4.349999904632568,4.349999904632568,4.349999904632568,4.349999904632568,275,0.0,0.0
2025-04-22 11:12:00-04:00,4.349999904632568,4.349999904632568,4.349999904632568,4.349999904632568,4697,0.0,0.0
2025-04-22 11:13:00-04:00,4.355000019073486,4.355000019073486,4.355000019073486,4.355000019073486,2500,0.0,0.0
2025-04-22 11:14:00-04:00,4.349999904632568,4.355000019073486,4.349999904632568,4.349999904632568,1839,0.0,0.0
2025-04-22 11:15:00-04:00,4.355000019073486,4.35890007019043,4.349999904632568,4.355000019073486,7281,0.0,0.0
2025-04-22 11:16:00-04:00,4.355000019073486,4.360000133514404,4.355000019073486,4.355000019073486,1219,0.0,0.0
2025-04-22 11:17:00-04:00,4.355000019073486,4.355000019073486,4.355000019073486,4.355000019073486,200,0.0,0.0
2025-04-22 11:18:00-04:00,4.355000019073486,4.355000019073486,4.355000019073486,4.355000019073486,181,0.0,0.0
2025-04-22 11:19:00-04:00,4.360000133514404,4.360000133514404,4.349999904632568,4.355000019073486,30033,0.0,0.0
2025-04-22 11:20:00-04:00,4.349999904632568,4.355000019073486,4.349999904632568,4.349999904632568,1431,0.0,0.0
2025-04-22 11:21:00-04:00,4.349999904632568,4.355000019073486,4.349999904632568,4.355000019073486,4229,0.0,0.0
2025-04-22 11:22:00-04:00,4.355000019073486,4.355000019073486,4.355000019073486,4.355000019073486,623,0.0,0.0
2025-04-22 11:23:00-04:00,4.355000019073486,4.360000133514404,4.355000019073486,4.355000019073486,3997,0.0,0.0
2025-04-22 11:24:00-04:00,4.355000019073486,4.360000133514404,4.355000019073486,4.355000019073486,1070,0.0,0.0
2025-04-22 11:25:00-04:00,4.355000019073486,4.355000019073486,4.355000019073486,4.355000019073486,2068,0.0,0.0
2025-04-22 11:26:00-04:00,4.355000019073486,4.355000019073486,4.355000019073486,4.355000019073486,501,0.0,0.0
2025-04-22 11:27:00-04:00,4.355000019073486,4.355000019073486,4.355000019073486,4.355000019073486,2207,0.0,0.0
2025-04-22 11:28:00-04:00,4.355000019073486,4.355000019073486,4.355000019073486,4.355000019073486,231,0.0,0.0
2025-04-22 11:29:00-04:00,4.355000019073486,4.355000019073486,4.355000019073486,4.355000019073486,100,0.0,0.0
2025-04-22 11:30:00-04:00,4.355000019073486,4.355000019073486,4.34499979019165,4.349999904632568,9377,0.0,0.0
2025-04-22 11:31:00-04:00,4.349999904632568,4.349999904632568,4.340000152587891,4.34499979019165,1941,0.0,0.0
2025-04-22 11:32:00-04:00,4.34499979019165,4.349999904632568,4.34499979019165,4.349999904632568,1990,0.0,0.0
2025-04-22 11:33:00-04:00,4.34499979019165,4.34499979019165,4.34499979019165,4.34499979019165,875,0.0,0.0
2025-04-22 11:34:00-04:00,4.34499979019165,4.34499979019165,4.34499979019165,4.34499979019165,245,0.0,0.0
2025-04-22 11:35:00-04:00,4.34499979019165,4.34499979019165,4.34499979019165,4.34499979019165,318,0.0,0.0
2025-04-22 11:36:00-04:00,4.34499979019165,4.34499979019165,4.34499979019165,4.34499979019165,318,0.0,0.0
2025-04-22 11:37:00-04:00,4.34499979019165,4.34499979019165,4.34499979019165,4.34499979019165,600,0.0,0.0
2025-04-22 11:38:00-04:00,4.34499979019165,4.349999904632568,4.34499979019165,4.34499979019165,574,0.0,0.0
2025-04-22 11:39:00-04:00,4.34499979019165,4.349999904632568,4.340000152587891,4.340000152587891,40799,0.0,0.0
2025-04-22 11:40:00-04:00,4.34499979019165,4.34499979019165,4.340000152587891,4.34499979019165,6946,0.0,0.0
2025-04-22 11:41:00-04:00,4.340000152587891,4.34499979019165,4.335000038146973,4.335000038146973,30604,0.0,0.0
2025-04-22 11:42:00-04:00,4.335000038146973,4.335000038146973,4.329999923706055,4.335000038146973,2073,0.0,0.0
2025-04-22 11:43:00-04:00,4.335000038146973,4.335000038146973,4.335000038146973,4.335000038146973,6850,0.0,0.0
2025-04-22 11:44:00-04:00,4.335000038146973,4.335000038146973,4.335000038146973,4.335000038146973,827,0.0,0.0
2025-04-22 11:45:00-04:00,4.335000038146973,4.335000038146973,4.335000038146973,4.335000038146973,1053,0.0,0.0
2025-04-22 11:46:00-04:00,4.335000038146973,4.335000038146973,4.329999923706055,4.335000038146973,9802,0.0,0.0
2025-04-22 11:47:00-04:00,4.329999923706055,4.335000038146973,4.324999809265137,4.329999923706055,12825,0.0,0.0
2025-04-22 11:48:00-04:00,4.329999923706055,4.335000038146973,4.329999923706055,4.335000038146973,3975,0.0,0.0
2025-04-22 11:49:00-04:00,4.335000038146973,4.335000038146973,4.335000038146973,4.335000038146973,202,0.0,0.0
2025-04-22 11:51:00-04:00,4.335000038146973,4.335000038146973,4.335000038146973,4.335000038146973,136,0.0,0.0
2025-04-22 11:52:00-04:00,4.335000038146973,4.340000152587891,4.335000038146973,4.340000152587891,2340,0.0,0.0
2025-04-22 11:53:00-04:00,4.335000038146973,4.340000152587891,4.335000038146973,4.340000152587891,1628,0.0,0.0
2025-04-22 11:54:00-04:00,4.340000152587891,4.340000152587891,4.340000152587891,4.340000152587891,2516,0.0,0.0
2025-04-22 11:55:00-04:00,4.340000152587891,4.340000152587891,4.335000038146973,4.335000038146973,1800,0.0,0.0
2025-04-22 11:56:00-04:00,4.335000038146973,4.340000152587891,4.335000038146973,4.340000152587891,2319,0.0,0.0
2025-04-22 11:57:00-04:00,4.340000152587891,4.340000152587891,4.340000152587891,4.340000152587891,1594,0.0,0.0
2025-04-22 11:58:00-04:00,4.340000152587891,4.34499979019165,4.340000152587891,4.34499979019165,5691,0.0,0.0
2025-04-22 11:59:00-04:00,4.349999904632568,4.360000133514404,4.349999904632568,4.360000133514404,15603,0.0,0.0
2025-04-22 12:00:00-04:00,4.360000133514404,4.369999885559082,4.360000133514404,4.369999885559082,2337,0.0,0.0
2025-04-22 12:01:00-04:00,4.364999771118164,4.364999771118164,4.364999771118164,4.364999771118164,200,0.0,0.0
2025-04-22 12:02:00-04:00,4.369999885559082,4.380000114440918,4.369999885559082,4.375,27946,0.0,0.0
2025-04-22 12:03:00-04:00,4.375,4.375,4.369999885559082,4.369999885559082,21908,0.0,0.0
2025-04-22 12:04:00-04:00,4.369999885559082,4.375,4.369999885559082,4.375,6321,0.0,0.0
2025-04-22 12:05:00-04:00,4.375,4.375,4.375,4.375,12275,0.0,0.0
2025-04-22 12:06:00-04:00,4.375,4.375,4.375,4.375,100,0.0,0.0
2025-04-22 12:07:00-04:00,4.375,4.375,4.375,4.375,1574,0.0,0.0
2025-04-22 12:08:00-04:00,4.375,4.375,4.375,4.375,800,0.0,0.0
2025-04-22 12:09:00-04:00,4.375,4.375,4.369999885559082,4.375,14296,0.0,0.0
2025-04-22 12:10:00-04:00,4.375,4.375,4.369999885559082,4.369999885559082,24453,0.0,0.0
2025-04-22 12:11:00-04:00,4.369999885559082,4.369999885559082,4.364999771118164,4.369999885559082,2319,0.0,0.0
2025-04-22 12:12:00-04:00,4.364999771118164,4.369999885559082,4.364999771118164,4.369999885559082,6577,0.0,0.0
2025-04-22 12:13:00-04:00,4.375,4.375,4.369999885559082,4.375,30210,0.0,0.0
2025-04-22 12:16:00-04:00,4.375,4.375,4.369999885559082,4.369999885559082,13863,0.0,0.0
2025-04-22 12:17:00-04:00,4.375,4.375,4.369999885559082,4.375,7389,0.0,0.0
2025-04-22 12:18:00-04:00,4.375,4.375,4.369999885559082,4.369999885559082,225,0.0,0.0
2025-04-22 12:19:00-04:00,4.375,4.375,4.375,4.375,100,0.0,0.0
2025-04-22 12:20:00-04:00,4.375,4.375,4.369999885559082,4.375,1306,0.0,0.0
2025-04-22 12:21:00-04:00,4.375,4.375,4.375,4.375,1755,0.0,0.0
2025-04-22 12:22:00-04:00,4.375,4.375,4.369999885559082,4.369999885559082,1800,0.0,0.0
2025-04-22 12:23:00-04:00,4.375,4.375,4.369999885559082,4.369999885559082,3900,0.0,0.0
2025-04-22 12:24:00-04:00,4.375,4.380000114440918,4.375,4.380000114440918,13885,0.0,0.0
2025-04-22 12:25:00-04:00,4.385000228881836,4.389999866485596,4.385000228881836,4.385000228881836,1420,0.0,0.0
2025-04-22 12:26:00-04:00,4.385000228881836,4.389999866485596,4.385000228881836,4.389999866485596,1457,0.0,0.0
2025-04-22 12:27:00-04:00,4.385000228881836,4.389999866485596,4.385000228881836,4.389999866485596,840,0.0,0.0
2025-04-22 12:28:00-04:00,4.389999866485596,4.389999866485596,4.385000228881836,4.385000228881836,4445,0.0,0.0
2025-04-22 12:29:00-04:00,4.385000228881836,4.385000228881836,4.385000228881836,4.385000228881836,1104,0.0,0.0
2025-04-22 12:30:00-04:00,4.385000228881836,4.385000228881836,4.385000228881836,4.385000228881836,1300,0.0,0.0
2025-04-22 12:31:00-04:00,4.385000228881836,4.385000228881836,4.369999885559082,4.380000114440918,27838,0.0,0.0
2025-04-22 12:33:00-04:00,4.375,4.375,4.375,4.375,2204,0.0,0.0
2025-04-22 12:34:00-04:00,4.380000114440918,4.380000114440918,4.369999885559082,4.375,1633,0.0,0.0
2025-04-22 12:35:00-04:00,4.375,4.375,4.375,4.375,667,0.0,0.0
2025-04-22 12:36:00-04:00,4.375,4.375,4.369999885559082,4.369999885559082,1315,0.0,0.0
2025-04-22 12:37:00-04:00,4.375,4.375,4.375,4.375,932,0.0,0.0
2025-04-22 12:38:00-04:00,4.375,4.375,4.369999885559082,4.369999885559082,12373,0.0,0.0
2025-04-22 12:39:00-04:00,4.364999771118164,4.364999771118164,4.360000133514404,4.360000133514404,710,0.0,0.0
2025-04-22 12:40:00-04:00,4.364999771118164,4.364999771118164,4.364999771118164,4.364999771118164,300,0.0,0.0
2025-04-22 12:41:00-04:00,4.364999771118164,4.369999885559082,4.360000133514404,4.364999771118164,4111,0.0,0.0
2025-04-22 12:42:00-04:00,4.360000133514404,4.369999885559082,4.360000133514404,4.369999885559082,1120,0.0,0.0
2025-04-22 12:43:00-04:00,4.364999771118164,4.364999771118164,4.364999771118164,4.364999771118164,215,0.0,0.0
2025-04-22 12:44:00-04:00,4.369999885559082,4.375,4.369999885559082,4.375,10024,0.0,0.0
2025-04-22 12:45:00-04:00,4.369999885559082,4.369999885559082,4.364999771118164,4.364999771118164,4536,0.0,0.0
2025-04-22 12:46:00-04:00,4.364999771118164,4.364999771118164,4.364999771118164,4.364999771118164,478,0.0,0.0
2025-04-22 12:47:00-04:00,4.364999771118164,4.364999771118164,4.360000133514404,4.360000133514404,1911,0.0,0.0
2025-04-22 12:48:00-04:00,4.355000019073486,4.355000019073486,4.349999904632568,4.355000019073486,1312,0.0,0.0
2025-04-22 12:49:00-04:00,4.349999904632568,4.355000019073486,4.349999904632568,4.355000019073486,1431,0.0,0.0
2025-04-22 12:50:00-04:00,4.355000019073486,4.355000019073486,4.355000019073486,4.355000019073486,333,0.0,0.0
2025-04-22 12:51:00-04:00,4.360000133514404,4.360000133514404,4.360000133514404,4.360000133514404,192,0.0,0.0
2025-04-22 12:54:00-04:00,4.360000133514404,4.364999771118164,4.360000133514404,4.364999771118164,5362,0.0,0.0
2025-04-22 12:55:00-04:00,4.364999771118164,4.364999771118164,4.364999771118164,4.364999771118164,100,0.0,0.0
2025-04-22 12:57:00-04:00,4.364999771118164,4.364999771118164,4.364999771118164,4.364999771118164,1055,0.0,0.0
2025-04-22 12:58:00-04:00,4.364999771118164,4.364999771118164,4.364999771118164,4.364999771118164,776,0.0,0.0
2025-04-22 12:59:00-04:00,4.360000133514404,4.360000133514404,4.360000133514404,4.360000133514404,10447,0.0,0.0
2025-04-22 13:00:00-04:00,4.355000019073486,4.360000133514404,4.349999904632568,4.360000133514404,10221,0.0,0.0
2025-04-22 13:01:00-04:00,4.364999771118164,4.364999771118164,4.364999771118164,4.364999771118164,412,0.0,0.0
2025-04-22 13:02:00-04:00,4.369999885559082,4.369999885559082,4.364999771118164,4.364999771118164,869,0.0,0.0
2025-04-22 13:03:00-04:00,4.369999885559082,4.369999885559082,4.369999885559082,4.369999885559082,2508,0.0,0.0
2025-04-22 13:04:00-04:00,4.375,4.375,4.375,4.375,849,0.0,0.0
2025-04-22 13:05:00-04:00,4.375,4.375,4.375,4.375,886,0.0,0.0
2025-04-22 13:06:00-04:00,4.375,4.375,4.375,4.375,712,0.0,0.0
2025-04-22 13:07:00-04:00,4.375,4.375,4.369999885559082,4.369999885559082,4120,0.0,0.0
2025-04-22 13:08:00-04:00,4.375,4.375,4.364999771118164,4.375,9650,0.0,0.0
2025-04-22 13:09:00-04:00,4.375,4.375,4.375,4.375,125,0.0,0.0
2025-04-22 13:10:00-04:00,4.369999885559082,4.369999885559082,4.355000019073486,4.355000019073486,6253,0.0,0.0
2025-04-22 13:12:00-04:00,4.349999904632568,4.355000019073486,4.34499979019165,4.355000019073486,15074,0.0,0.0
2025-04-22 13:13:00-04:00,4.355000019073486,4.355000019073486,4.355000019073486,4.355000019073486,200,0.0,0.0
2025-04-22 13:14:00-04:00,4.355000019073486,4.355000019073486,4.355000019073486,4.355000019073486,854,0.0,0.0
2025-04-22 13:15:00-04:00,4.355000019073486,4.355000019073486,4.349999904632568,4.355000019073486,2101,0.0,0.0
2025-04-22 13:16:00-04:00,4.355000019073486,4.355000019073486,4.355000019073486,4.355000019073486,527,0.0,0.0
2025-04-22 13:17:00-04:00,4.355000019073486,4.355000019073486,4.355000019073486,4.355000019073486,1200,0.0,0.0
2025-04-22 13:18:00-04:00,4.355000019073486,4.355000019073486,4.355000019073486,4.355000019073486,461,0.0,0.0
2025-04-22 13:19:00-04:00,4.349999904632568,4.355000019073486,4.349999904632568,4.349999904632568,1286,0.0,0.0
2025-04-22 13:20:00-04:00,4.355000019073486,4.359000205993652,4.34499979019165,4.349999904632568,41325,0.0,0.0
2025-04-22 13:21:00-04:00,4.340000152587891,4.34499979019165,4.340000152587891,4.34499979019165,2160,0.0,0.0
2025-04-22 13:22:00-04:00,4.34499979019165,4.349999904632568,4.340000152587891,4.34499979019165,1522,0.0,0.0
2025-04-22 13:23:00-04:00,4.34499979019165,4.34499979019165,4.340000152587891,4.34499979019165,1166,0.0,0.0
2025-04-22 13:24:00-04:00,4.34499979019165,4.34499979019165,4.34499979019165,4.34499979019165,915,0.0,0.0
2025-04-22 13:25:00-04:00,4.34499979019165,4.34499979019165,4.34499979019165,4.34499979019165,1249,0.0,0.0
2025-04-22 13:26:00-04:00,4.34499979019165,4.360000133514404,4.34499979019165,4.34499979019165,20395,0.0,0.0
2025-04-22 13:27:00-04:00,4.34499979019165,4.34499979019165,4.335000038146973,4.335599899291992,3312,0.0,0.0
2025-04-22 13:28:00-04:00,4.340000152587891,4.340000152587891,4.329999923706055,4.335000038146973,3605,0.0,0.0
2025-04-22 13:29:00-04:00,4.335000038146973,4.335000038146973,4.329999923706055,4.335000038146973,3330,0.0,0.0
2025-04-22 13:30:00-04:00,4.335000038146973,4.335000038146973,4.335000038146973,4.335000038146973,1022,0.0,0.0
2025-04-22 13:31:00-04:00,4.335000038146973,4.349999904632568,4.329999923706055,4.349999904632568,46496,0.0,0.0
2025-04-22 13:32:00-04:00,4.34499979019165,4.34499979019165,4.34499979019165,4.34499979019165,4459,0.0,0.0
2025-04-22 13:33:00-04:00,4.340000152587891,4.340000152587891,4.335000038146973,4.335000038146973,525,0.0,0.0
2025-04-22 13:34:00-04:00,4.335000038146973,4.34499979019165,4.335000038146973,4.340000152587891,5782,0.0,0.0
2025-04-22 13:35:00-04:00,4.34499979019165,4.34499979019165,4.34499979019165,4.34499979019165,759,0.0,0.0
2025-04-22 13:36:00-04:00,4.34499979019165,4.34499979019165,4.34499979019165,4.34499979019165,600,0.0,0.0
2025-04-22 13:37:00-04:00,4.34499979019165,4.34499979019165,4.34499979019165,4.34499979019165,1504,0.0,0.0
2025-04-22 13:38:00-04:00,4.34499979019165,4.34499979019165,4.34499979019165,4.34499979019165,292,0.0,0.0
2025-04-22 13:39:00-04:00,4.34499979019165,4.34499979019165,4.34499979019165,4.34499979019165,909,0.0,0.0
2025-04-22 13:40:00-04:00,4.34499979019165,4.34499979019165,4.34499979019165,4.34499979019165,555,0.0,0.0
2025-04-22 13:41:00-04:00,4.34499979019165,4.34499979019165,4.34499979019165,4.34499979019165,701,0.0,0.0
2025-04-22 13:42:00-04:00,4.34499979019165,4.34499979019165,4.340000152587891,4.34499979019165,3322,0.0,0.0
2025-04-22 13:43:00-04:00,4.340000152587891,4.34499979019165,4.340000152587891,4.34499979019165,1347,0.0,0.0
2025-04-22 13:44:00-04:00,4.34499979019165,4.34499979019165,4.340000152587891,4.340000152587891,1305,0.0,0.0
2025-04-22 13:45:00-04:00,4.34499979019165,4.34499979019165,4.340000152587891,4.34499979019165,6648,0.0,0.0
2025-04-22 13:46:00-04:00,4.335000038146973,4.340000152587891,4.335000038146973,4.340000152587891,586,0.0,0.0
2025-04-22 13:47:00-04:00,4.335000038146973,4.335000038146973,4.335000038146973,4.335000038146973,2590,0.0,0.0
2025-04-22 13:49:00-04:00,4.335000038146973,4.335000038146973,4.335000038146973,4.335000038146973,950,0.0,0.0
2025-04-22 13:50:00-04:00,4.335000038146973,4.340000152587891,4.335000038146973,4.340000152587891,1967,0.0,0.0
2025-04-22 13:51:00-04:00,4.335000038146973,4.340000152587891,4.335000038146973,4.340000152587891,823,0.0,0.0
2025-04-22 13:52:00-04:00,4.335000038146973,4.340000152587891,4.335000038146973,4.340000152587891,861,0.0,0.0
2025-04-22 13:53:00-04:00,4.335000038146973,4.340000152587891,4.335000038146973,4.340000152587891,952,0.0,0.0
2025-04-22 13:54:00-04:00,4.340000152587891,4.34499979019165,4.335000038146973,4.34499979019165,5434,0.0,0.0
2025-04-22 13:55:00-04:00,4.340000152587891,4.340000152587891,4.335000038146973,4.335000038146973,7868,0.0,0.0
2025-04-22 13:56:00-04:00,4.335000038146973,4.335000038146973,4.335000038146973,4.335000038146973,1100,0.0,0.0
2025-04-22 13:57:00-04:00,4.335000038146973,4.335000038146973,4.329999923706055,4.329999923706055,7272,0.0,0.0
2025-04-22 13:58:00-04:00,4.329999923706055,4.329999923706055,4.329999923706055,4.329999923706055,1427,0.0,0.0
2025-04-22 13:59:00-04:00,4.329999923706055,4.335000038146973,4.329999923706055,4.329999923706055,9452,0.0,0.0
2025-04-22 14:00:00-04:00,4.324999809265137,4.324999809265137,4.324999809265137,4.324999809265137,708,0.0,0.0
2025-04-22 14:01:00-04:00,4.329999923706055,4.329999923706055,4.329999923706055,4.329999923706055,2549,0.0,0.0
2025-04-22 14:02:00-04:00,4.329999923706055,4.329999923706055,4.329999923706055,4.329999923706055,110,0.0,0.0
2025-04-22 14:03:00-04:00,4.335000038146973,4.335000038146973,4.335000038146973,4.335000038146973,619,0.0,0.0
2025-04-22 14:04:00-04:00,4.335000038146973,4.335000038146973,4.335000038146973,4.335000038146973,433,0.0,0.0
2025-04-22 14:05:00-04:00,4.340000152587891,4.340000152587891,4.340000152587891,4.340000152587891,327,0.0,0.0
2025-04-22 14:07:00-04:00,4.340000152587891,4.340000152587891,4.340000152587891,4.340000152587891,351,0.0,0.0
2025-04-22 14:08:00-04:00,4.335000038146973,4.335000038146973,4.335000038146973,4.335000038146973,1122,0.0,0.0
2025-04-22 14:09:00-04:00,4.335000038146973,4.335000038146973,4.335000038146973,4.335000038146973,379,0.0,0.0
2025-04-22 14:11:00-04:00,4.335000038146973,4.335000038146973,4.335000038146973,4.335000038146973,121,0.0,0.0
2025-04-22 14:13:00-04:00,4.335000038146973,4.335000038146973,4.335000038146973,4.335000038146973,116,0.0,0.0
2025-04-22 14:14:00-04:00,4.340000152587891,4.340000152587891,4.340000152587891,4.340000152587891,556,0.0,0.0
2025-04-22 14:16:00-04:00,4.340000152587891,4.340000152587891,4.340000152587891,4.340000152587891,222,0.0,0.0
2025-04-22 14:17:00-04:00,4.335000038146973,4.335000038146973,4.335000038146973,4.335000038146973,661,0.0,0.0
2025-04-22 14:18:00-04:00,4.340000152587891,4.340000152587891,4.335000038146973,4.335000038146973,1075,0.0,0.0
2025-04-22 14:19:00-04:00,4.335000038146973,4.340000152587891,4.335000038146973,4.340000152587891,300,0.0,0.0
2025-04-22 14:20:00-04:00,4.335000038146973,4.335000038146973,4.335000038146973,4.335000038146973,100,0.0,0.0
2025-04-22 14:21:00-04:00,4.339000225067139,4.340000152587891,4.339000225067139,4.340000152587891,689,0.0,0.0
2025-04-22 14:22:00-04:00,4.340000152587891,4.349999904632568,4.340000152587891,4.34499979019165,6229,0.0,0.0
2025-04-22 14:24:00-04:00,4.34499979019165,4.34499979019165,4.34499979019165,4.34499979019165,684,0.0,0.0
2025-04-22 14:25:00-04:00,4.34499979019165,4.34499979019165,4.34499979019165,4.34499979019165,324,0.0,0.0
2025-04-22 14:26:00-04:00,4.348899841308594,4.348899841308594,4.348899841308594,4.348899841308594,184,0.0,0.0
2025-04-22 14:27:00-04:00,4.34499979019165,4.34499979019165,4.34499979019165,4.34499979019165,223,0.0,0.0
2025-04-22 14:28:00-04:00,4.34499979019165,4.34499979019165,4.34499979019165,4.34499979019165,212,0.0,0.0
2025-04-22 14:30:00-04:00,4.34499979019165,4.34499979019165,4.34499979019165,4.34499979019165,206,0.0,0.0
2025-04-22 14:31:00-04:00,4.349999904632568,4.355000019073486,4.349999904632568,4.355000019073486,6110,0.0,0.0
2025-04-22 14:32:00-04:00,4.355000019073486,4.355000019073486,4.349999904632568,4.355000019073486,2025,0.0,0.0
2025-04-22 14:33:00-04:00,4.355000019073486,4.355000019073486,4.355000019073486,4.355000019073486,622,0.0,0.0
2025-04-22 14:37:00-04:00,4.359099864959717,4.359099864959717,4.355000019073486,4.355000019073486,9320,0.0,0.0
2025-04-22 14:38:00-04:00,4.355000019073486,4.355000019073486,4.349999904632568,4.349999904632568,2425,0.0,0.0
2025-04-22 14:39:00-04:00,4.349999904632568,4.349999904632568,4.349999904632568,4.349999904632568,1150,0.0,0.0
2025-04-22 14:40:00-04:00,4.349999904632568,4.355000019073486,4.349999904632568,4.355000019073486,2192,0.0,0.0
2025-04-22 14:41:00-04:00,4.355000019073486,4.355000019073486,4.355000019073486,4.355000019073486,822,0.0,0.0
2025-04-22 14:42:00-04:00,4.355000019073486,4.355000019073486,4.355000019073486,4.355000019073486,200,0.0,0.0
2025-04-22 14:43:00-04:00,4.349999904632568,4.349999904632568,4.349999904632568,4.349999904632568,248,0.0,0.0
2025-04-22 14:44:00-04:00,4.355000019073486,4.355000019073486,4.3520002365112305,4.3520002365112305,208,0.0,0.0
2025-04-22 14:46:00-04:00,4.349999904632568,4.355000019073486,4.349999904632568,4.349999904632568,902,0.0,0.0
2025-04-22 14:47:00-04:00,4.349999904632568,4.355000019073486,4.349999904632568,4.355000019073486,474,0.0,0.0
2025-04-22 14:48:00-04:00,4.349999904632568,4.355000019073486,4.349999904632568,4.355000019073486,659,0.0,0.0
2025-04-22 14:50:00-04:00,4.349999904632568,4.355000019073486,4.349999904632568,4.349999904632568,717,0.0,0.0
2025-04-22 14:51:00-04:00,4.349999904632568,4.355000019073486,4.349999904632568,4.355000019073486,2240,0.0,0.0
2025-04-22 14:52:00-04:00,4.349999904632568,4.355000019073486,4.349999904632568,4.355000019073486,427,0.0,0.0
2025-04-22 14:53:00-04:00,4.355000019073486,4.355000019073486,4.349999904632568,4.349999904632568,638,0.0,0.0
2025-04-22 14:54:00-04:00,4.349999904632568,4.355000019073486,4.349999904632568,4.355000019073486,521,0.0,0.0
2025-04-22 14:55:00-04:00,4.355000019073486,4.355000019073486,4.355000019073486,4.355000019073486,1021,0.0,0.0
2025-04-22 14:56:00-04:00,4.355000019073486,4.355000019073486,4.349999904632568,4.355000019073486,467,0.0,0.0
2025-04-22 14:57:00-04:00,4.349999904632568,4.349999904632568,4.349999904632568,4.349999904632568,1170,0.0,0.0
2025-04-22 14:58:00-04:00,4.349999904632568,4.351799964904785,4.349999904632568,4.349999904632568,859,0.0,0.0
2025-04-22 14:59:00-04:00,4.349999904632568,4.349999904632568,4.349999904632568,4.349999904632568,289,0.0,0.0
2025-04-22 15:00:00-04:00,4.355000019073486,4.355000019073486,4.349999904632568,4.349999904632568,434,0.0,0.0
2025-04-22 15:01:00-04:00,4.349999904632568,4.349999904632568,4.349999904632568,4.349999904632568,194,0.0,0.0
2025-04-22 15:02:00-04:00,4.349999904632568,4.355000019073486,4.34499979019165,4.355000019073486,7164,0.0,0.0
2025-04-22 15:04:00-04:00,4.349999904632568,4.349999904632568,4.349999904632568,4.349999904632568,588,0.0,0.0
2025-04-22 15:05:00-04:00,4.355000019073486,4.355000019073486,4.355000019073486,4.355000019073486,605,0.0,0.0
2025-04-22 15:06:00-04:00,4.355000019073486,4.355000019073486,4.355000019073486,4.355000019073486,1018,0.0,0.0
2025-04-22 15:10:00-04:00,4.355000019073486,4.355000019073486,4.355000019073486,4.355000019073486,208,0.0,0.0
2025-04-22 15:11:00-04:00,4.355000019073486,4.358799934387207,4.355000019073486,4.358799934387207,893,0.0,0.0
2025-04-22 15:12:00-04:00,4.349999904632568,4.349999904632568,4.349999904632568,4.349999904632568,123,0.0,0.0
2025-04-22 15:13:00-04:00,4.349999904632568,4.349999904632568,4.349999904632568,4.349999904632568,616,0.0,0.0
2025-04-22 15:14:00-04:00,4.355000019073486,4.355000019073486,4.355000019073486,4.355000019073486,270,0.0,0.0
2025-04-22 15:15:00-04:00,4.355000019073486,4.355000019073486,4.355000019073486,4.355000019073486,215,0.0,0.0
2025-04-22 15:16:00-04:00,4.353000164031982,4.353000164031982,4.349999904632568,4.349999904632568,343,0.0,0.0
2025-04-22 15:17:00-04:00,4.349999904632568,4.349999904632568,4.34499979019165,4.34499979019165,8836,0.0,0.0
2025-04-22 15:18:00-04:00,4.34499979019165,4.34499979019165,4.34499979019165,4.34499979019165,1273,0.0,0.0
2025-04-22 15:19:00-04:00,4.34499979019165,4.34499979019165,4.340000152587891,4.34499979019165,3489,0.0,0.0
2025-04-22 15:21:00-04:00,4.349999904632568,4.355000019073486,4.349999904632568,4.355000019073486,15790,0.0,0.0
2025-04-22 15:22:00-04:00,4.355000019073486,4.360000133514404,4.353499889373779,4.355000019073486,3197,0.0,0.0
2025-04-22 15:23:00-04:00,4.355000019073486,4.355000019073486,4.355000019073486,4.355000019073486,505,0.0,0.0
2025-04-22 15:24:00-04:00,4.355000019073486,4.360000133514404,4.355000019073486,4.355000019073486,443,0.0,0.0
2025-04-22 15:26:00-04:00,4.355000019073486,4.355000019073486,4.355000019073486,4.355000019073486,2329,0.0,0.0
2025-04-22 15:27:00-04:00,4.355000019073486,4.360000133514404,4.355000019073486,4.360000133514404,19494,0.0,0.0
2025-04-22 15:28:00-04:00,4.355000019073486,4.360000133514404,4.355000019073486,4.355000019073486,541,0.0,0.0
2025-04-22 15:29:00-04:00,4.355000019073486,4.360000133514404,4.355000019073486,4.355000019073486,2603,0.0,0.0
2025-04-22 15:30:00-04:00,4.360000133514404,4.364999771118164,4.355000019073486,4.364999771118164,10245,0.0,0.0
2025-04-22 15:31:00-04:00,4.364999771118164,4.364999771118164,4.360000133514404,4.364999771118164,18439,0.0,0.0
2025-04-22 15:32:00-04:00,4.364999771118164,4.369999885559082,4.360000133514404,4.360000133514404,37226,0.0,0.0
2025-04-22 15:33:00-04:00,4.360000133514404,4.364999771118164,4.360000133514404,4.360000133514404,6719,0.0,0.0
2025-04-22 15:34:00-04:00,4.364999771118164,4.364999771118164,4.360000133514404,4.364999771118164,3560,0.0,0.0
2025-04-22 15:35:00-04:00,4.364999771118164,4.369999885559082,4.360000133514404,4.364999771118164,13423,0.0,0.0
2025-04-22 15:36:00-04:00,4.360000133514404,4.369999885559082,4.360000133514404,4.364999771118164,983,0.0,0.0
2025-04-22 15:37:00-04:00,4.364999771118164,4.364999771118164,4.360000133514404,4.360000133514404,4043,0.0,0.0
2025-04-22 15:38:00-04:00,4.364999771118164,4.364999771118164,4.360000133514404,4.364999771118164,5404,0.0,0.0
2025-04-22 15:39:00-04:00,4.360000133514404,4.364999771118164,4.360000133514404,4.364999771118164,2607,0.0,0.0
2025-04-22 15:40:00-04:00,4.364999771118164,4.364999771118164,4.360000133514404,4.364999771118164,19530,0.0,0.0
2025-04-22 15:41:00-04:00,4.360000133514404,4.364999771118164,4.360000133514404,4.364999771118164,3064,0.0,0.0
2025-04-22 15:42:00-04:00,4.364999771118164,4.364999771118164,4.360000133514404,4.364999771118164,2336,0.0,0.0
2025-04-22 15:43:00-04:00,4.364999771118164,4.364999771118164,4.364999771118164,4.364999771118164,2805,0.0,0.0
2025-04-22 15:44:00-04:00,4.364999771118164,4.369999885559082,4.360000133514404,4.364999771118164,11864,0.0,0.0
2025-04-22 15:45:00-04:00,4.364999771118164,4.375,4.364999771118164,4.375,15697,0.0,0.0
2025-04-22 15:46:00-04:00,4.375,4.380000114440918,4.375,4.375,5412,0.0,0.0
2025-04-22 15:47:00-04:00,4.375,4.380000114440918,4.375,4.375,3040,0.0,0.0
2025-04-22 15:48:00-04:00,4.375,4.380000114440918,4.375,4.375,1889,0.0,0.0
2025-04-22 15:49:00-04:00,4.375,4.375,4.375,4.375,3520,0.0,0.0
2025-04-22 15:50:00-04:00,4.369999885559082,4.375,4.369999885559082,4.375,58834,0.0,0.0
2025-04-22 15:51:00-04:00,4.375,4.375,4.369999885559082,4.375,3564,0.0,0.0
2025-04-22 15:52:00-04:00,4.375,4.375,4.369999885559082,4.375,20054,0.0,0.0
2025-04-22 15:53:00-04:00,4.375,4.375,4.369999885559082,4.375,8512,0.0,0.0
2025-04-22 15:54:00-04:00,4.375,4.380000114440918,4.369999885559082,4.369999885559082,4250,0.0,0.0
2025-04-22 15:55:00-04:00,4.375,4.375,4.369999885559082,4.375,117515,0.0,0.0
2025-04-22 15:56:00-04:00,4.369999885559082,4.375,4.360000133514404,4.364999771118164,23133,0.0,0.0
2025-04-22 15:57:00-04:00,4.360000133514404,4.364999771118164,4.360000133514404,4.360000133514404,18044,0.0,0.0
2025-04-22 15:58:00-04:00,4.360000133514404,4.364999771118164,4.349999904632568,4.349999904632568,61241,0.0,0.0
2025-04-22 15:59:00-04:00,4.349999904632568,4.349999904632568,4.340000152587891,4.340000152587891,121422,0.0,0.0
2025-04-23 09:30:00-04:00,4.440000057220459,4.440000057220459,4.409999847412109,4.409999847412109,5756,0.0,0.0
2025-04-23 09:31:00-04:00,4.425000190734863,4.434999942779541,4.425000190734863,4.434999942779541,4766,0.0,0.0
2025-04-23 09:32:00-04:00,4.434999942779541,4.434999942779541,4.434999942779541,4.434999942779541,411,0.0,0.0
2025-04-23 09:33:00-04:00,4.440000057220459,4.445000171661377,4.414999961853027,4.414999961853027,6383,0.0,0.0
2025-04-23 09:34:00-04:00,4.420000076293945,4.420000076293945,4.420000076293945,4.420000076293945,603,0.0,0.0
2025-04-23 09:35:00-04:00,4.425000190734863,4.425000190734863,4.420000076293945,4.420000076293945,685,0.0,0.0
2025-04-23 09:36:00-04:00,4.420000076293945,4.420000076293945,4.400000095367432,4.400000095367432,4554,0.0,0.0
2025-04-23 09:37:00-04:00,4.400000095367432,4.429999828338623,4.400000095367432,4.429999828338623,8912,0.0,0.0
2025-04-23 09:38:00-04:00,4.440000057220459,4.440000057220459,4.425000190734863,4.425000190734863,4378,0.0,0.0
2025-04-23 09:39:00-04:00,4.420000076293945,4.420000076293945,4.409999847412109,4.414999961853027,2363,0.0,0.0
2025-04-23 09:40:00-04:00,4.420000076293945,4.420000076293945,4.420000076293945,4.420000076293945,1493,0.0,0.0
2025-04-23 09:41:00-04:00,4.420000076293945,4.429999828338623,4.420000076293945,4.429900169372559,1277,0.0,0.0
2025-04-23 09:42:00-04:00,4.420000076293945,4.429999828338623,4.420000076293945,4.425000190734863,10697,0.0,0.0
2025-04-23 09:43:00-04:00,4.425000190734863,4.429999828338623,4.420000076293945,4.429999828338623,8277,0.0,0.0
2025-04-23 09:44:00-04:00,4.434999942779541,4.445000171661377,4.434999942779541,4.445000171661377,3104,0.0,0.0
2025-04-23 09:45:00-04:00,4.449999809265137,4.454999923706055,4.445000171661377,4.449999809265137,9227,0.0,0.0
2025-04-23 09:46:00-04:00,4.445000171661377,4.445000171661377,4.440000057220459,4.440000057220459,2810,0.0,0.0
2025-04-23 09:47:00-04:00,4.449999809265137,4.454999923706055,4.445000171661377,4.454999923706055,2927,0.0,0.0
2025-04-23 09:48:00-04:00,4.449999809265137,4.449999809265137,4.449999809265137,4.449999809265137,210,0.0,0.0
2025-04-23 09:49:00-04:00,4.460000038146973,4.46999979019165,4.454999923706055,4.454999923706055,13264,0.0,0.0
2025-04-23 09:50:00-04:00,4.449999809265137,4.460000038146973,4.449999809265137,4.460000038146973,1917,0.0,0.0
2025-04-23 09:51:00-04:00,4.460000038146973,4.460000038146973,4.460000038146973,4.460000038146973,265,0.0,0.0
2025-04-23 09:52:00-04:00,4.454999923706055,4.454999923706055,4.449999809265137,4.454999923706055,2963,0.0,0.0
2025-04-23 09:53:00-04:00,4.454999923706055,4.454999923706055,4.440000057220459,4.440000057220459,22500,0.0,0.0
2025-04-23 09:54:00-04:00,4.449999809265137,4.449999809265137,4.449999809265137,4.449999809265137,1349,0.0,0.0
2025-04-23 09:56:00-04:00,4.445000171661377,4.445000171661377,4.440000057220459,4.440000057220459,1115,0.0,0.0
2025-04-23 09:58:00-04:00,4.434999942779541,4.434999942779541,4.434999942779541,4.434999942779541,234,0.0,0.0
2025-04-23 09:59:00-04:00,4.434999942779541,4.434999942779541,4.434999942779541,4.434999942779541,793,0.0,0.0
2025-04-23 10:00:00-04:00,4.440000057220459,4.465000152587891,4.420000076293945,4.434999942779541,56700,0.0,0.0
2025-04-23 10:01:00-04:00,4.429999828338623,4.429999828338623,4.414999961853027,4.414999961853027,3901,0.0,0.0
2025-04-23 10:02:00-04:00,4.420000076293945,4.425000190734863,4.420000076293945,4.425000190734863,2788,0.0,0.0
2025-04-23 10:03:00-04:00,4.425000190734863,4.425000190734863,4.425000190734863,4.425000190734863,439,0.0,0.0
2025-04-23 10:04:00-04:00,4.429999828338623,4.429999828338623,4.429999828338623,4.429999828338623,2462,0.0,0.0
2025-04-23 10:05:00-04:00,4.434999942779541,4.434999942779541,4.429999828338623,4.429999828338623,1128,0.0,0.0
2025-04-23 10:06:00-04:00,4.434999942779541,4.434999942779541,4.434999942779541,4.434999942779541,293,0.0,0.0
2025-04-23 10:07:00-04:00,4.434999942779541,4.434999942779541,4.429999828338623,4.434999942779541,1123,0.0,0.0
2025-04-23 10:08:00-04:00,4.434999942779541,4.434999942779541,4.429999828338623,4.429999828338623,1161,0.0,0.0
2025-04-23 10:09:00-04:00,4.434999942779541,4.440000057220459,4.434999942779541,4.440000057220459,3049,0.0,0.0
2025-04-23 10:10:00-04:00,4.440000057220459,4.440000057220459,4.434999942779541,4.434999942779541,3531,0.0,0.0
2025-04-23 10:12:00-04:00,4.429999828338623,4.429999828338623,4.425000190734863,4.425000190734863,2436,0.0,0.0
2025-04-23 10:13:00-04:00,4.429999828338623,4.429999828338623,4.429999828338623,4.429999828338623,243,0.0,0.0
2025-04-23 10:14:00-04:00,4.420000076293945,4.425000190734863,4.414999961853027,4.425000190734863,12891,0.0,0.0
2025-04-23 10:15:00-04:00,4.420000076293945,4.425000190734863,4.414999961853027,4.414999961853027,7067,0.0,0.0
2025-04-23 10:16:00-04:00,4.414999961853027,4.415599822998047,4.414999961853027,4.414999961853027,1449,0.0,0.0
2025-04-23 10:17:00-04:00,4.414999961853027,4.414999961853027,4.409999847412109,4.414999961853027,2009,0.0,0.0
2025-04-23 10:18:00-04:00,4.409999847412109,4.414999961853027,4.409999847412109,4.414999961853027,919,0.0,0.0
2025-04-23 10:19:00-04:00,4.414999961853027,4.420000076293945,4.409999847412109,4.409999847412109,12241,0.0,0.0
2025-04-23 10:20:00-04:00,4.409999847412109,4.409999847412109,4.40500020980835,4.40500020980835,5594,0.0,0.0
2025-04-23 10:21:00-04:00,4.40500020980835,4.40500020980835,4.400000095367432,4.400000095367432,4208,0.0,0.0
2025-04-23 10:22:00-04:00,4.39900016784668,4.400000095367432,4.39900016784668,4.400000095367432,1046,0.0,0.0
2025-04-23 10:23:00-04:00,4.400000095367432,4.40500020980835,4.400000095367432,4.40500020980835,6358,0.0,0.0
2025-04-23 10:24:00-04:00,4.40500020980835,4.40500020980835,4.40500020980835,4.40500020980835,2695,0.0,0.0
2025-04-23 10:25:00-04:00,4.40500020980835,4.40500020980835,4.40500020980835,4.40500020980835,710,0.0,0.0
2025-04-23 10:26:00-04:00,4.409999847412109,4.414999961853027,4.409999847412109,4.414999961853027,5031,0.0,0.0
2025-04-23 10:27:00-04:00,4.414999961853027,4.414999961853027,4.414999961853027,4.414999961853027,707,0.0,0.0
2025-04-23 10:28:00-04:00,4.414999961853027,4.414999961853027,4.409999847412109,4.409999847412109,1051,0.0,0.0
2025-04-23 10:29:00-04:00,4.414999961853027,4.414999961853027,4.414999961853027,4.414999961853027,1273,0.0,0.0
2025-04-23 10:30:00-04:00,4.414999961853027,4.414999961853027,4.414999961853027,4.414999961853027,108,0.0,0.0
2025-04-23 10:31:00-04:00,4.409999847412109,4.409999847412109,4.40500020980835,4.40500020980835,7782,0.0,0.0
2025-04-23 10:32:00-04:00,4.40500020980835,4.40500020980835,4.400000095367432,4.40500020980835,965,0.0,0.0
2025-04-23 10:33:00-04:00,4.40500020980835,4.40500020980835,4.40500020980835,4.40500020980835,1023,0.0,0.0
2025-04-23 10:34:00-04:00,4.409999847412109,4.414999961853027,4.409999847412109,4.414999961853027,3600,0.0,0.0
2025-04-23 10:35:00-04:00,4.414999961853027,4.414999961853027,4.409999847412109,4.414999961853027,4044,0.0,0.0
2025-04-23 10:36:00-04:00,4.414999961853027,4.414999961853027,4.414999961853027,4.414999961853027,692,0.0,0.0
2025-04-23 10:37:00-04:00,4.409999847412109,4.409999847412109,4.400000095367432,4.400000095367432,6636,0.0,0.0
2025-04-23 10:38:00-04:00,4.40500020980835,4.40500020980835,4.40500020980835,4.40500020980835,100,0.0,0.0
2025-04-23 10:39:00-04:00,4.400000095367432,4.40500020980835,4.394999980926514,4.400000095367432,4573,0.0,0.0
2025-04-23 10:40:00-04:00,4.394999980926514,4.400000095367432,4.394999980926514,4.400000095367432,3986,0.0,0.0
2025-04-23 10:41:00-04:00,4.40500020980835,4.40500020980835,4.400000095367432,4.400000095367432,9255,0.0,0.0
2025-04-23 10:42:00-04:00,4.400000095367432,4.400000095367432,4.385000228881836,4.389999866485596,9272,0.0,0.0
2025-04-23 10:43:00-04:00,4.394999980926514,4.394999980926514,4.394999980926514,4.394999980926514,233,0.0,0.0
2025-04-23 10:44:00-04:00,4.389999866485596,4.394999980926514,4.389999866485596,4.394999980926514,1103,0.0,0.0
2025-04-23 10:45:00-04:00,4.394999980926514,4.394999980926514,4.394999980926514,4.394999980926514,423,0.0,0.0
2025-04-23 10:46:00-04:00,4.389999866485596,4.394999980926514,4.389999866485596,4.394999980926514,744,0.0,0.0
2025-04-23 10:47:00-04:00,4.389999866485596,4.394999980926514,4.389999866485596,4.394999980926514,1968,0.0,0.0
2025-04-23 10:48:00-04:00,4.394999980926514,4.394999980926514,4.394999980926514,4.394999980926514,100,0.0,0.0
2025-04-23 10:49:00-04:00,4.394999980926514,4.394999980926514,4.385000228881836,4.385000228881836,8853,0.0,0.0
2025-04-23 10:50:00-04:00,4.385000228881836,4.385000228881836,4.385000228881836,4.385000228881836,1069,0.0,0.0
2025-04-23 10:51:00-04:00,4.385000228881836,4.385000228881836,4.385000228881836,4.385000228881836,2708,0.0,0.0
2025-04-23 10:52:00-04:00,4.389999866485596,4.394999980926514,4.389999866485596,4.394999980926514,9356,0.0,0.0
2025-04-23 10:53:00-04:00,4.394999980926514,4.394999980926514,4.385000228881836,4.385000228881836,14156,0.0,0.0
2025-04-23 10:54:00-04:00,4.389999866485596,4.394999980926514,4.389999866485596,4.394999980926514,3889,0.0,0.0
2025-04-23 10:55:00-04:00,4.389999866485596,4.394999980926514,4.389999866485596,4.389999866485596,384,0.0,0.0
2025-04-23 10:56:00-04:00,4.389999866485596,4.394999980926514,4.389999866485596,4.389999866485596,2382,0.0,0.0
2025-04-23 10:57:00-04:00,4.389999866485596,4.389999866485596,4.380000114440918,4.380000114440918,4543,0.0,0.0
2025-04-23 10:58:00-04:00,4.380000114440918,4.385000228881836,4.375,4.375,6243,0.0,0.0
2025-04-23 10:59:00-04:00,4.375,4.380000114440918,4.375,4.380000114440918,691,0.0,0.0
2025-04-23 11:00:00-04:00,4.380000114440918,4.380000114440918,4.364999771118164,4.375,13938,0.0,0.0
2025-04-23 11:01:00-04:00,4.379700183868408,4.389999866485596,4.369999885559082,4.375,26546,0.0,0.0
2025-04-23 11:02:00-04:00,4.375,4.375,4.369999885559082,4.369999885559082,2319,0.0,0.0
2025-04-23 11:03:00-04:00,4.375,4.375,4.369999885559082,4.369999885559082,2423,0.0,0.0
2025-04-23 11:04:00-04:00,4.375,4.375,4.375,4.375,2534,0.0,0.0
2025-04-23 11:05:00-04:00,4.375,4.375,4.369999885559082,4.375,30309,0.0,0.0
2025-04-23 11:06:00-04:00,4.375,4.375,4.375,4.375,2053,0.0,0.0
2025-04-23 11:07:00-04:00,4.375,4.375,4.375,4.375,1184,0.0,0.0
2025-04-23 11:08:00-04:00,4.375,4.375,4.369999885559082,4.369999885559082,3263,0.0,0.0
2025-04-23 11:09:00-04:00,4.375,4.375,4.369999885559082,4.369999885559082,13767,0.0,0.0
2025-04-23 11:10:00-04:00,4.369999885559082,4.369999885559082,4.364999771118164,4.364999771118164,4477,0.0,0.0
2025-04-23 11:11:00-04:00,4.364999771118164,4.364999771118164,4.360000133514404,4.364999771118164,7709,0.0,0.0
2025-04-23 11:12:00-04:00,4.364999771118164,4.364999771118164,4.360000133514404,4.360000133514404,2111,0.0,0.0
2025-04-23 11:13:00-04:00,4.360000133514404,4.360000133514404,4.355000019073486,4.355000019073486,1923,0.0,0.0
2025-04-23 11:14:00-04:00,4.355000019073486,4.355000019073486,4.355000019073486,4.355000019073486,1283,0.0,0.0
2025-04-23 11:15:00-04:00,4.355000019073486,4.355000019073486,4.355000019073486,4.355000019073486,1881,0.0,0.0
2025-04-23 11:16:00-04:00,4.355000019073486,4.355000019073486,4.355000019073486,4.355000019073486,1809,0.0,0.0
2025-04-23 11:17:00-04:00,4.355000019073486,4.355000019073486,4.349999904632568,4.355000019073486,2354,0.0,0.0
2025-04-23 11:18:00-04:00,4.349999904632568,4.360000133514404,4.349999904632568,4.360000133514404,697,0.0,0.0
2025-04-23 11:19:00-04:00,4.355000019073486,4.355000019073486,4.355000019073486,4.355000019073486,1101,0.0,0.0
2025-04-23 11:20:00-04:00,4.355000019073486,4.355000019073486,4.355000019073486,4.355000019073486,155,0.0,0.0
2025-04-23 11:21:00-04:00,4.355000019073486,4.355000019073486,4.349999904632568,4.355000019073486,5996,0.0,0.0
2025-04-23 11:22:00-04:00,4.349999904632568,4.355000019073486,4.349999904632568,4.349999904632568,2805,0.0,0.0
2025-04-23 11:23:00-04:00,4.349999904632568,4.355000019073486,4.335000038146973,4.34499979019165,25401,0.0,0.0
2025-04-23 11:24:00-04:00,4.349999904632568,4.355000019073486,4.349999904632568,4.355000019073486,7685,0.0,0.0
2025-04-23 11:25:00-04:00,4.355000019073486,4.355000019073486,4.34499979019165,4.349999904632568,19114,0.0,0.0
2025-04-23 11:26:00-04:00,4.349999904632568,4.349999904632568,4.34499979019165,4.34499979019165,1669,0.0,0.0
2025-04-23 11:27:00-04:00,4.340000152587891,4.34060001373291,4.335000038146973,4.335000038146973,6067,0.0,0.0
2025-04-23 11:30:00-04:00,4.340000152587891,4.340000152587891,4.340000152587891,4.340000152587891,913,0.0,0.0
2025-04-23 11:31:00-04:00,4.335000038146973,4.335000038146973,4.335000038146973,4.335000038146973,382,0.0,0.0
2025-04-23 11:33:00-04:00,4.329999923706055,4.329999923706055,4.329999923706055,4.329999923706055,165,0.0,0.0
2025-04-23 11:34:00-04:00,4.335000038146973,4.335000038146973,4.335000038146973,4.335000038146973,647,0.0,0.0
2025-04-23 11:35:00-04:00,4.335000038146973,4.335000038146973,4.335000038146973,4.335000038146973,457,0.0,0.0
2025-04-23 11:36:00-04:00,4.340000152587891,4.340000152587891,4.335000038146973,4.335000038146973,953,0.0,0.0
2025-04-23 11:37:00-04:00,4.329999923706055,4.335000038146973,4.329999923706055,4.335000038146973,893,0.0,0.0
2025-04-23 11:39:00-04:00,4.335000038146973,4.34499979019165,4.335000038146973,4.34499979019165,8964,0.0,0.0
2025-04-23 11:40:00-04:00,4.340000152587891,4.340000152587891,4.340000152587891,4.340000152587891,864,0.0,0.0
2025-04-23 11:42:00-04:00,4.34499979019165,4.34499979019165,4.340000152587891,4.34499979019165,2584,0.0,0.0
2025-04-23 11:43:00-04:00,4.34499979019165,4.34499979019165,4.335000038146973,4.335000038146973,4891,0.0,0.0
2025-04-23 11:44:00-04:00,4.335000038146973,4.335000038146973,4.335000038146973,4.335000038146973,200,0.0,0.0
2025-04-23 11:45:00-04:00,4.340000152587891,4.340000152587891,4.340000152587891,4.340000152587891,4266,0.0,0.0
2025-04-23 11:46:00-04:00,4.34499979019165,4.34499979019165,4.335000038146973,4.335000038146973,7456,0.0,0.0
2025-04-23 11:48:00-04:00,4.335000038146973,4.335000038146973,4.329999923706055,4.335000038146973,7432,0.0,0.0
2025-04-23 11:49:00-04:00,4.335000038146973,4.335000038146973,4.335000038146973,4.335000038146973,2713,0.0,0.0
2025-04-23 11:50:00-04:00,4.333000183105469,4.333000183105469,4.329999923706055,4.329999923706055,1587,0.0,0.0
2025-04-23 11:51:00-04:00,4.329999923706055,4.329999923706055,4.324999809265137,4.324999809265137,5806,0.0,0.0
2025-04-23 11:52:00-04:00,4.324999809265137,4.324999809265137,4.324999809265137,4.324999809265137,399,0.0,0.0
2025-04-23 11:54:00-04:00,4.324999809265137,4.329999923706055,4.324999809265137,4.324999809265137,1271,0.0,0.0
2025-04-23 11:55:00-04:00,4.320000171661377,4.320000171661377,4.320000171661377,4.320000171661377,193,0.0,0.0
2025-04-23 11:57:00-04:00,4.324999809265137,4.324999809265137,4.324999809265137,4.324999809265137,479,0.0,0.0
2025-04-23 11:58:00-04:00,4.329999923706055,4.329999923706055,4.329999923706055,4.329999923706055,754,0.0,0.0
2025-04-23 11:59:00-04:00,4.320000171661377,4.320000171661377,4.320000171661377,4.320000171661377,117,0.0,0.0
2025-04-23 12:00:00-04:00,4.324999809265137,4.324999809265137,4.324999809265137,4.324999809265137,252,0.0,0.0
2025-04-23 12:01:00-04:00,4.324999809265137,4.324999809265137,4.324999809265137,4.324999809265137,144,0.0,0.0
2025-04-23 12:02:00-04:00,4.320000171661377,4.320000171661377,4.320000171661377,4.320000171661377,100,0.0,0.0
2025-04-23 12:03:00-04:00,4.324999809265137,4.329999923706055,4.320000171661377,4.324999809265137,13749,0.0,0.0
2025-04-23 12:04:00-04:00,4.324999809265137,4.324999809265137,4.320000171661377,4.320000171661377,516,0.0,0.0
2025-04-23 12:05:00-04:00,4.324999809265137,4.324999809265137,4.324999809265137,4.324999809265137,100,0.0,0.0
2025-04-23 12:06:00-04:00,4.324999809265137,4.324999809265137,4.320000171661377,4.324999809265137,506,0.0,0.0
2025-04-23 12:07:00-04:00,4.324999809265137,4.324999809265137,4.324999809265137,4.324999809265137,203,0.0,0.0
2025-04-23 12:08:00-04:00,4.324999809265137,4.324999809265137,4.320000171661377,4.320000171661377,1304,0.0,0.0
2025-04-23 12:10:00-04:00,4.324999809265137,4.324999809265137,4.324999809265137,4.324999809265137,273,0.0,0.0
2025-04-23 12:11:00-04:00,4.324999809265137,4.324999809265137,4.324999809265137,4.324999809265137,936,0.0,0.0
2025-04-23 12:12:00-04:00,4.324999809265137,4.324999809265137,4.324999809265137,4.324999809265137,786,0.0,0.0
2025-04-23 12:13:00-04:00,4.320000171661377,4.324999809265137,4.320000171661377,4.324999809265137,207,0.0,0.0
2025-04-23 12:14:00-04:00,4.320000171661377,4.320000171661377,4.320000171661377,4.320000171661377,131,0.0,0.0
2025-04-23 12:15:00-04:00,4.324999809265137,4.324999809265137,4.315000057220459,4.315000057220459,51076,0.0,0.0
2025-04-23 12:16:00-04:00,4.315000057220459,4.315000057220459,4.315000057220459,4.315000057220459,914,0.0,0.0
2025-04-23 12:17:00-04:00,4.315000057220459,4.315000057220459,4.309999942779541,4.315000057220459,2846,0.0,0.0
2025-04-23 12:18:00-04:00,4.315000057220459,4.315000057220459,4.309999942779541,4.315000057220459,5097,0.0,0.0
2025-04-23 12:19:00-04:00,4.309999942779541,4.315000057220459,4.309999942779541,4.315000057220459,6669,0.0,0.0
2025-04-23 12:20:00-04:00,4.315000057220459,4.315000057220459,4.315000057220459,4.315000057220459,1120,0.0,0.0
2025-04-23 12:21:00-04:00,4.315000057220459,4.315000057220459,4.315000057220459,4.315000057220459,774,0.0,0.0
2025-04-23 12:22:00-04:00,4.309999942779541,4.315000057220459,4.309999942779541,4.315000057220459,1115,0.0,0.0
2025-04-23 12:24:00-04:00,4.315000057220459,4.315000057220459,4.315000057220459,4.315000057220459,241,0.0,0.0
2025-04-23 12:25:00-04:00,4.315000057220459,4.315000057220459,4.315000057220459,4.315000057220459,2818,0.0,0.0
2025-04-23 12:26:00-04:00,4.315000057220459,4.315000057220459,4.309999942779541,4.309999942779541,3530,0.0,0.0
2025-04-23 12:27:00-04:00,4.315000057220459,4.315000057220459,4.315000057220459,4.315000057220459,1152,0.0,0.0
2025-04-23 12:28:00-04:00,4.320000171661377,4.324999809265137,4.320000171661377,4.324999809265137,4841,0.0,0.0
2025-04-23 12:29:00-04:00,4.324999809265137,4.324999809265137,4.324999809265137,4.324999809265137,1361,0.0,0.0
2025-04-23 12:30:00-04:00,4.329999923706055,4.329999923706055,4.329999923706055,4.329999923706055,723,0.0,0.0
2025-04-23 12:31:00-04:00,4.329999923706055,4.335000038146973,4.329999923706055,4.335000038146973,7280,0.0,0.0
2025-04-23 12:32:00-04:00,4.335000038146973,4.335000038146973,4.335000038146973,4.335000038146973,2021,0.0,0.0
2025-04-23 12:33:00-04:00,4.335000038146973,4.335000038146973,4.335000038146973,4.335000038146973,627,0.0,0.0
2025-04-23 12:34:00-04:00,4.335000038146973,4.335000038146973,4.335000038146973,4.335000038146973,250,0.0,0.0
2025-04-23 12:35:00-04:00,4.335000038146973,4.335000038146973,4.335000038146973,4.335000038146973,531,0.0,0.0
2025-04-23 12:36:00-04:00,4.335000038146973,4.335000038146973,4.335000038146973,4.335000038146973,150,0.0,0.0
2025-04-23 12:37:00-04:00,4.335000038146973,4.340000152587891,4.335000038146973,4.340000152587891,1658,0.0,0.0
2025-04-23 12:38:00-04:00,4.335000038146973,4.335000038146973,4.335000038146973,4.335000038146973,100,0.0,0.0
2025-04-23 12:39:00-04:00,4.335000038146973,4.335000038146973,4.335000038146973,4.335000038146973,696,0.0,0.0
2025-04-23 12:41:00-04:00,4.335000038146973,4.335000038146973,4.335000038146973,4.335000038146973,1515,0.0,0.0
2025-04-23 12:42:00-04:00,4.335000038146973,4.335000038146973,4.335000038146973,4.335000038146973,824,0.0,0.0
2025-04-23 12:45:00-04:00,4.335000038146973,4.335000038146973,4.329999923706055,4.329999923706055,200,0.0,0.0
2025-04-23 12:46:00-04:00,4.335000038146973,4.335000038146973,4.335000038146973,4.335000038146973,100,0.0,0.0
2025-04-23 12:47:00-04:00,4.335000038146973,4.335000038146973,4.335000038146973,4.335000038146973,672,0.0,0.0
2025-04-23 12:48:00-04:00,4.335000038146973,4.335000038146973,4.329999923706055,4.329999923706055,1994,0.0,0.0
2025-04-23 12:49:00-04:00,4.329999923706055,4.335000038146973,4.324999809265137,4.329999923706055,10995,0.0,0.0
2025-04-23 12:51:00-04:00,4.329999923706055,4.340000152587891,4.329999923706055,4.335000038146973,6246,0.0,0.0
2025-04-23 12:52:00-04:00,4.335000038146973,4.335000038146973,4.335000038146973,4.335000038146973,101,0.0,0.0
2025-04-23 12:53:00-04:00,4.335000038146973,4.335000038146973,4.335000038146973,4.335000038146973,811,0.0,0.0
2025-04-23 12:54:00-04:00,4.335000038146973,4.340000152587891,4.335000038146973,4.340000152587891,1101,0.0,0.0
2025-04-23 12:57:00-04:00,4.340000152587891,4.340000152587891,4.340000152587891,4.340000152587891,338,0.0,0.0
2025-04-23 12:58:00-04:00,4.340000152587891,4.34499979019165,4.340000152587891,4.34499979019165,4149,0.0,0.0
2025-04-23 12:59:00-04:00,4.34499979019165,4.34499979019165,4.34499979019165,4.34499979019165,5205,0.0,0.0
2025-04-23 13:00:00-04:00,4.34499979019165,4.34499979019165,4.335000038146973,4.335000038146973,31343,0.0,0.0
2025-04-23 13:01:00-04:00,4.340000152587891,4.340000152587891,4.340000152587891,4.340000152587891,3418,0.0,0.0
2025-04-23 13:02:00-04:00,4.34499979019165,4.34499979019165,4.34499979019165,4.34499979019165,982,0.0,0.0
2025-04-23 13:05:00-04:00,4.349999904632568,4.349999904632568,4.349999904632568,4.349999904632568,749,0.0,0.0
2025-04-23 13:08:00-04:00,4.349999904632568,4.360000133514404,4.349999904632568,4.355000019073486,5457,0.0,0.0
2025-04-23 13:09:00-04:00,4.355000019073486,4.355000019073486,4.349999904632568,4.349999904632568,823,0.0,0.0
2025-04-23 13:10:00-04:00,4.349999904632568,4.355000019073486,4.349999904632568,4.355000019073486,2991,0.0,0.0
2025-04-23 13:11:00-04:00,4.349999904632568,4.349999904632568,4.34499979019165,4.34499979019165,2885,0.0,0.0
2025-04-23 13:12:00-04:00,4.34499979019165,4.34499979019165,4.34499979019165,4.34499979019165,486,0.0,0.0
2025-04-23 13:13:00-04:00,4.34499979019165,4.34499979019165,4.34499979019165,4.34499979019165,467,0.0,0.0
2025-04-23 13:14:00-04:00,4.349999904632568,4.349999904632568,4.349999904632568,4.349999904632568,3555,0.0,0.0
2025-04-23 13:16:00-04:00,4.349999904632568,4.349999904632568,4.349999904632568,4.349999904632568,397,0.0,0.0
2025-04-23 13:17:00-04:00,4.349999904632568,4.349999904632568,4.349999904632568,4.349999904632568,572,0.0,0.0
2025-04-23 13:18:00-04:00,4.349999904632568,4.349999904632568,4.349999904632568,4.349999904632568,1091,0.0,0.0
2025-04-23 13:19:00-04:00,4.349999904632568,4.349999904632568,4.349999904632568,4.349999904632568,421,0.0,0.0
2025-04-23 13:20:00-04:00,4.349999904632568,4.349999904632568,4.349999904632568,4.349999904632568,426,0.0,0.0
2025-04-23 13:21:00-04:00,4.349999904632568,4.355000019073486,4.349999904632568,4.355000019073486,3893,0.0,0.0
2025-04-23 13:22:00-04:00,4.360000133514404,4.360000133514404,4.349999904632568,4.355000019073486,1539,0.0,0.0
2025-04-23 13:23:00-04:00,4.355000019073486,4.360000133514404,4.355000019073486,4.360000133514404,448,0.0,0.0
2025-04-23 13:24:00-04:00,4.360000133514404,4.360000133514404,4.360000133514404,4.360000133514404,416,0.0,0.0
2025-04-23 13:25:00-04:00,4.360000133514404,4.360000133514404,4.360000133514404,4.360000133514404,651,0.0,0.0
2025-04-23 13:26:00-04:00,4.360000133514404,4.360000133514404,4.360000133514404,4.360000133514404,1268,0.0,0.0
2025-04-23 13:29:00-04:00,4.355000019073486,4.355000019073486,4.355000019073486,4.355000019073486,1862,0.0,0.0
2025-04-23 13:30:00-04:00,4.355000019073486,4.355000019073486,4.355000019073486,4.355000019073486,539,0.0,0.0
2025-04-23 13:31:00-04:00,4.355000019073486,4.355000019073486,4.355000019073486,4.355000019073486,150,0.0,0.0
2025-04-23 13:32:00-04:00,4.349999904632568,4.355000019073486,4.349999904632568,4.355000019073486,1066,0.0,0.0
2025-04-23 13:33:00-04:00,4.355000019073486,4.355000019073486,4.340000152587891,4.340000152587891,5773,0.0,0.0
2025-04-23 13:34:00-04:00,4.340000152587891,4.349999904632568,4.340000152587891,4.348999977111816,4401,0.0,0.0
2025-04-23 13:36:00-04:00,4.34499979019165,4.34499979019165,4.340000152587891,4.340000152587891,580,0.0,0.0
2025-04-23 13:37:00-04:00,4.34499979019165,4.34499979019165,4.340000152587891,4.340000152587891,9471,0.0,0.0
2025-04-23 13:38:00-04:00,4.34499979019165,4.34499979019165,4.34499979019165,4.34499979019165,236,0.0,0.0
2025-04-23 13:39:00-04:00,4.340000152587891,4.34499979019165,4.340000152587891,4.34499979019165,417,0.0,0.0
2025-04-23 13:40:00-04:00,4.34499979019165,4.34499979019165,4.34499979019165,4.34499979019165,845,0.0,0.0
2025-04-23 13:42:00-04:00,4.340000152587891,4.340000152587891,4.340000152587891,4.340000152587891,113,0.0,0.0
2025-04-23 13:43:00-04:00,4.340000152587891,4.340000152587891,4.340000152587891,4.340000152587891,134,0.0,0.0
2025-04-23 13:44:00-04:00,4.34499979019165,4.34499979019165,4.34499979019165,4.34499979019165,782,0.0,0.0
2025-04-23 13:45:00-04:00,4.34499979019165,4.34499979019165,4.34499979019165,4.34499979019165,503,0.0,0.0
2025-04-23 13:46:00-04:00,4.34499979019165,4.34499979019165,4.34499979019165,4.34499979019165,538,0.0,0.0
2025-04-23 13:47:00-04:00,4.34499979019165,4.34499979019165,4.34499979019165,4.34499979019165,575,0.0,0.0
2025-04-23 13:48:00-04:00,4.340000152587891,4.34499979019165,4.340000152587891,4.34499979019165,2717,0.0,0.0
2025-04-23 13:49:00-04:00,4.346499919891357,4.346499919891357,4.340000152587891,4.340000152587891,434,0.0,0.0
2025-04-23 13:50:00-04:00,4.34499979019165,4.34499979019165,4.34499979019165,4.34499979019165,264,0.0,0.0
2025-04-23 13:51:00-04:00,4.34499979019165,4.34499979019165,4.340000152587891,4.340000152587891,477,0.0,0.0
2025-04-23 13:52:00-04:00,4.34499979019165,4.349999904632568,4.340000152587891,4.340000152587891,1163,0.0,0.0
2025-04-23 13:53:00-04:00,4.34499979019165,4.349999904632568,4.34499979019165,4.349999904632568,459,0.0,0.0
2025-04-23 13:54:00-04:00,4.349999904632568,4.349999904632568,4.34499979019165,4.34499979019165,245,0.0,0.0
2025-04-23 13:55:00-04:00,4.349999904632568,4.355000019073486,4.349999904632568,4.355000019073486,3453,0.0,0.0
2025-04-23 13:56:00-04:00,4.355000019073486,4.355000019073486,4.355000019073486,4.355000019073486,747,0.0,0.0
2025-04-23 13:57:00-04:00,4.355000019073486,4.355000019073486,4.355000019073486,4.355000019073486,427,0.0,0.0
2025-04-23 13:58:00-04:00,4.355000019073486,4.355000019073486,4.355000019073486,4.355000019073486,104,0.0,0.0
2025-04-23 13:59:00-04:00,4.355000019073486,4.355000019073486,4.355000019073486,4.355000019073486,1876,0.0,0.0
2025-04-23 14:00:00-04:00,4.355000019073486,4.360000133514404,4.355000019073486,4.355000019073486,1697,0.0,0.0
2025-04-23 14:01:00-04:00,4.355000019073486,4.355000019073486,4.355000019073486,4.355000019073486,164,0.0,0.0
2025-04-23 14:02:00-04:00,4.355000019073486,4.355000019073486,4.355000019073486,4.355000019073486,138,0.0,0.0
2025-04-23 14:03:00-04:00,4.355000019073486,4.355000019073486,4.340000152587891,4.34499979019165,7767,0.0,0.0
2025-04-23 14:04:00-04:00,4.349999904632568,4.349999904632568,4.34499979019165,4.34499979019165,535,0.0,0.0
2025-04-23 14:07:00-04:00,4.349999904632568,4.349999904632568,4.349999904632568,4.349999904632568,858,0.0,0.0
2025-04-23 14:09:00-04:00,4.349999904632568,4.349999904632568,4.349999904632568,4.349999904632568,126,0.0,0.0
2025-04-23 14:10:00-04:00,4.349999904632568,4.349999904632568,4.349999904632568,4.349999904632568,807,0.0,0.0
2025-04-23 14:11:00-04:00,4.34499979019165,4.349999904632568,4.34499979019165,4.349999904632568,243,0.0,0.0
2025-04-23 14:13:00-04:00,4.348999977111816,4.349999904632568,4.348999977111816,4.349999904632568,1375,0.0,0.0
2025-04-23 14:14:00-04:00,4.340000152587891,4.349999904632568,4.340000152587891,4.349999904632568,9349,0.0,0.0
2025-04-23 14:15:00-04:00,4.349999904632568,4.360000133514404,4.349999904632568,4.360000133514404,7829,0.0,0.0
2025-04-23 14:17:00-04:00,4.355000019073486,4.355000019073486,4.355000019073486,4.355000019073486,321,0.0,0.0
2025-04-23 14:18:00-04:00,4.355000019073486,4.355000019073486,4.355000019073486,4.355000019073486,1327,0.0,0.0
2025-04-23 14:19:00-04:00,4.355000019073486,4.35890007019043,4.355000019073486,4.355000019073486,1328,0.0,0.0
2025-04-23 14:20:00-04:00,4.355000019073486,4.360000133514404,4.355000019073486,4.355000019073486,1444,0.0,0.0
2025-04-23 14:21:00-04:00,4.360000133514404,4.360000133514404,4.360000133514404,4.360000133514404,537,0.0,0.0
2025-04-23 14:22:00-04:00,4.360000133514404,4.360000133514404,4.349999904632568,4.349999904632568,666,0.0,0.0
2025-04-23 14:23:00-04:00,4.355000019073486,4.355000019073486,4.349999904632568,4.355000019073486,10121,0.0,0.0
2025-04-23 14:24:00-04:00,4.355000019073486,4.360000133514404,4.355000019073486,4.355000019073486,4159,0.0,0.0
2025-04-23 14:25:00-04:00,4.360000133514404,4.360000133514404,4.355000019073486,4.355000019073486,624,0.0,0.0
2025-04-23 14:26:00-04:00,4.355000019073486,4.360000133514404,4.34499979019165,4.34499979019165,25514,0.0,0.0
2025-04-23 14:28:00-04:00,4.34499979019165,4.34499979019165,4.34499979019165,4.34499979019165,970,0.0,0.0
2025-04-23 14:30:00-04:00,4.34499979019165,4.34499979019165,4.34499979019165,4.34499979019165,421,0.0,0.0
2025-04-23 14:31:00-04:00,4.349999904632568,4.349999904632568,4.349999904632568,4.349999904632568,621,0.0,0.0
2025-04-23 14:32:00-04:00,4.349999904632568,4.349999904632568,4.349999904632568,4.349999904632568,1229,0.0,0.0
2025-04-23 14:33:00-04:00,4.349999904632568,4.349999904632568,4.34499979019165,4.349999904632568,1369,0.0,0.0
2025-04-23 14:34:00-04:00,4.349999904632568,4.349999904632568,4.349999904632568,4.349999904632568,655,0.0,0.0
2025-04-23 14:37:00-04:00,4.34499979019165,4.34499979019165,4.34499979019165,4.34499979019165,825,0.0,0.0
2025-04-23 14:38:00-04:00,4.34499979019165,4.349999904632568,4.34499979019165,4.349999904632568,950,0.0,0.0
2025-04-23 14:40:00-04:00,4.34499979019165,4.34499979019165,4.34499979019165,4.34499979019165,234,0.0,0.0
2025-04-23 14:41:00-04:00,4.34499979019165,4.34499979019165,4.34499979019165,4.34499979019165,145,0.0,0.0
2025-04-23 14:42:00-04:00,4.349999904632568,4.349999904632568,4.340000152587891,4.34499979019165,927,0.0,0.0
2025-04-23 14:43:00-04:00,4.34499979019165,4.34499979019165,4.34499979019165,4.34499979019165,8699,0.0,0.0
2025-04-23 14:44:00-04:00,4.34499979019165,4.34499979019165,4.34499979019165,4.34499979019165,2538,0.0,0.0
2025-04-23 14:45:00-04:00,4.34499979019165,4.349999904632568,4.34499979019165,4.349999904632568,3246,0.0,0.0
2025-04-23 14:46:00-04:00,4.340000152587891,4.349999904632568,4.340000152587891,4.349999904632568,686,0.0,0.0
2025-04-23 14:47:00-04:00,4.34499979019165,4.349999904632568,4.34499979019165,4.34499979019165,1272,0.0,0.0
2025-04-23 14:48:00-04:00,4.349999904632568,4.349999904632568,4.349999904632568,4.349999904632568,262,0.0,0.0
2025-04-23 14:49:00-04:00,4.349999904632568,4.349999904632568,4.349999904632568,4.349999904632568,207,0.0,0.0
2025-04-23 14:50:00-04:00,4.34499979019165,4.349999904632568,4.34499979019165,4.349999904632568,1787,0.0,0.0
2025-04-23 14:51:00-04:00,4.349999904632568,4.349999904632568,4.340000152587891,4.340000152587891,1134,0.0,0.0
2025-04-23 14:52:00-04:00,4.34499979019165,4.349999904632568,4.34499979019165,4.349999904632568,1447,0.0,0.0
2025-04-23 14:53:00-04:00,4.34499979019165,4.34499979019165,4.335000038146973,4.335000038146973,35835,0.0,0.0
2025-04-23 14:54:00-04:00,4.335000038146973,4.335000038146973,4.335000038146973,4.335000038146973,903,0.0,0.0
2025-04-23 14:55:00-04:00,4.335000038146973,4.335000038146973,4.335000038146973,4.335000038146973,1118,0.0,0.0
2025-04-23 14:56:00-04:00,4.335000038146973,4.340000152587891,4.335000038146973,4.335000038146973,1164,0.0,0.0
2025-04-23 14:57:00-04:00,4.335000038146973,4.335000038146973,4.329999923706055,4.335000038146973,738,0.0,0.0
2025-04-23 14:58:00-04:00,4.340000152587891,4.340000152587891,4.335000038146973,4.340000152587891,1759,0.0,0.0
2025-04-23 14:59:00-04:00,4.340000152587891,4.34499979019165,4.340000152587891,4.34499979019165,22145,0.0,0.0
2025-04-23 15:00:00-04:00,4.34499979019165,4.349999904632568,4.34499979019165,4.349999904632568,6588,0.0,0.0
2025-04-23 15:01:00-04:00,4.349999904632568,4.349999904632568,4.349999904632568,4.349999904632568,686,0.0,0.0
2025-04-23 15:02:00-04:00,4.349999904632568,4.349999904632568,4.340000152587891,4.34499979019165,1338,0.0,0.0
2025-04-23 15:03:00-04:00,4.349999904632568,4.349999904632568,4.34499979019165,4.34499979019165,1411,0.0,0.0
2025-04-23 15:04:00-04:00,4.34499979019165,4.34499979019165,4.335000038146973,4.340000152587891,26467,0.0,0.0
2025-04-23 15:05:00-04:00,4.330100059509277,4.34499979019165,4.330100059509277,4.34499979019165,4372,0.0,0.0
2025-04-23 15:08:00-04:00,4.34499979019165,4.349999904632568,4.34499979019165,4.349999904632568,1626,0.0,0.0
2025-04-23 15:10:00-04:00,4.34499979019165,4.34499979019165,4.34499979019165,4.34499979019165,347,0.0,0.0
2025-04-23 15:11:00-04:00,4.349999904632568,4.349999904632568,4.349999904632568,4.349999904632568,411,0.0,0.0
2025-04-23 15:12:00-04:00,4.349999904632568,4.349999904632568,4.349999904632568,4.349999904632568,1089,0.0,0.0
2025-04-23 15:13:00-04:00,4.349999904632568,4.349999904632568,4.349999904632568,4.349999904632568,712,0.0,0.0
2025-04-23 15:14:00-04:00,4.349999904632568,4.349999904632568,4.349999904632568,4.349999904632568,704,0.0,0.0
2025-04-23 15:15:00-04:00,4.349999904632568,4.349999904632568,4.340000152587891,4.340000152587891,1233,0.0,0.0
2025-04-23 15:16:00-04:00,4.34499979019165,4.349999904632568,4.340000152587891,4.349999904632568,1140,0.0,0.0
2025-04-23 15:17:00-04:00,4.34499979019165,4.349999904632568,4.34499979019165,4.34499979019165,4936,0.0,0.0
2025-04-23 15:18:00-04:00,4.349999904632568,4.349999904632568,4.349999904632568,4.349999904632568,106,0.0,0.0
2025-04-23 15:19:00-04:00,4.349999904632568,4.349999904632568,4.34499979019165,4.349999904632568,2228,0.0,0.0
2025-04-23 15:20:00-04:00,4.349999904632568,4.349999904632568,4.335000038146973,4.335000038146973,30531,0.0,0.0
2025-04-23 15:21:00-04:00,4.335000038146973,4.340000152587891,4.335000038146973,4.335000038146973,61681,0.0,0.0
2025-04-23 15:23:00-04:00,4.335000038146973,4.335000038146973,4.324999809265137,4.324999809265137,30607,0.0,0.0
2025-04-23 15:24:00-04:00,4.324999809265137,4.324999809265137,4.320000171661377,4.320000171661377,653,0.0,0.0
2025-04-23 15:25:00-04:00,4.324999809265137,4.329999923706055,4.324999809265137,4.329999923706055,683,0.0,0.0
2025-04-23 15:26:00-04:00,4.329999923706055,4.335000038146973,4.329999923706055,4.335000038146973,8374,0.0,0.0
2025-04-23 15:27:00-04:00,4.335000038146973,4.335000038146973,4.335000038146973,4.335000038146973,10546,0.0,0.0
2025-04-23 15:28:00-04:00,4.335000038146973,4.335000038146973,4.335000038146973,4.335000038146973,2491,0.0,0.0
2025-04-23 15:29:00-04:00,4.335000038146973,4.335000038146973,4.335000038146973,4.335000038146973,1087,0.0,0.0
2025-04-23 15:30:00-04:00,4.335000038146973,4.340000152587891,4.335000038146973,4.340000152587891,8571,0.0,0.0
2025-04-23 15:31:00-04:00,4.340000152587891,4.349999904632568,4.340000152587891,4.34499979019165,15317,0.0,0.0
2025-04-23 15:32:00-04:00,4.349999904632568,4.355000019073486,4.340000152587891,4.355000019073486,85858,0.0,0.0
2025-04-23 15:33:00-04:00,4.355000019073486,4.360000133514404,4.355000019073486,4.360000133514404,4463,0.0,0.0
2025-04-23 15:34:00-04:00,4.355000019073486,4.360000133514404,4.355000019073486,4.355000019073486,1170,0.0,0.0
2025-04-23 15:35:00-04:00,4.355000019073486,4.355000019073486,4.355000019073486,4.355000019073486,12266,0.0,0.0
2025-04-23 15:36:00-04:00,4.360000133514404,4.360000133514404,4.355000019073486,4.355000019073486,1562,0.0,0.0
2025-04-23 15:37:00-04:00,4.355000019073486,4.360000133514404,4.355000019073486,4.360000133514404,2189,0.0,0.0
2025-04-23 15:38:00-04:00,4.360000133514404,4.360000133514404,4.360000133514404,4.360000133514404,5246,0.0,0.0
2025-04-23 15:39:00-04:00,4.355000019073486,4.360000133514404,4.355000019073486,4.360000133514404,4281,0.0,0.0
2025-04-23 15:40:00-04:00,4.355000019073486,4.364999771118164,4.349999904632568,4.364999771118164,33521,0.0,0.0
2025-04-23 15:41:00-04:00,4.364999771118164,4.369999885559082,4.355000019073486,4.355000019073486,51968,0.0,0.0
2025-04-23 15:42:00-04:00,4.355000019073486,4.355000019073486,4.34499979019165,4.34499979019165,35764,0.0,0.0
2025-04-23 15:43:00-04:00,4.349999904632568,4.355000019073486,4.349999904632568,4.355000019073486,17563,0.0,0.0
2025-04-23 15:44:00-04:00,4.355000019073486,4.355000019073486,4.355000019073486,4.355000019073486,4848,0.0,0.0
2025-04-23 15:45:00-04:00,4.355000019073486,4.360000133514404,4.355000019073486,4.355000019073486,9040,0.0,0.0
2025-04-23 15:46:00-04:00,4.355000019073486,4.355000019073486,4.349999904632568,4.349999904632568,4453,0.0,0.0
2025-04-23 15:47:00-04:00,4.355000019073486,4.360000133514404,4.355000019073486,4.355000019073486,10633,0.0,0.0
2025-04-23 15:48:00-04:00,4.360000133514404,4.360000133514404,4.355000019073486,4.355000019073486,8298,0.0,0.0
2025-04-23 15:49:00-04:00,4.355000019073486,4.360000133514404,4.355000019073486,4.355000019073486,33068,0.0,0.0
2025-04-23 15:50:00-04:00,4.360000133514404,4.369999885559082,4.360000133514404,4.364999771118164,23438,0.0,0.0
2025-04-23 15:51:00-04:00,4.364999771118164,4.369999885559082,4.364999771118164,4.364999771118164,15420,0.0,0.0
2025-04-23 15:52:00-04:00,4.364999771118164,4.364999771118164,4.360000133514404,4.364999771118164,12140,0.0,0.0
2025-04-23 15:53:00-04:00,4.364999771118164,4.364999771118164,4.360000133514404,4.364999771118164,7365,0.0,0.0
2025-04-23 15:54:00-04:00,4.364999771118164,4.369999885559082,4.364999771118164,4.369999885559082,349625,0.0,0.0
2025-04-23 15:55:00-04:00,4.369999885559082,4.375,4.369999885559082,4.375,26724,0.0,0.0
2025-04-23 15:56:00-04:00,4.369999885559082,4.375,4.369999885559082,4.375,4391,0.0,0.0
2025-04-23 15:57:00-04:00,4.375,4.375,4.364999771118164,4.364999771118164,40425,0.0,0.0
2025-04-23 15:58:00-04:00,4.360099792480469,4.364999771118164,4.360000133514404,4.364999771118164,17231,0.0,0.0
2025-04-23 15:59:00-04:00,4.360000133514404,4.360000133514404,4.34499979019165,4.349999904632568,150926,0.0,0.0
2025-04-24 09:30:00-04:00,4.329999923706055,4.340000152587891,4.300000190734863,4.320000171661377,5702,0.0,0.0
2025-04-24 09:31:00-04:00,4.300000190734863,4.311500072479248,4.284999847412109,4.289999961853027,8066,0.0,0.0
2025-04-24 09:32:00-04:00,4.28000020980835,4.304999828338623,4.28000020980835,4.304999828338623,8941,0.0,0.0
2025-04-24 09:33:00-04:00,4.304999828338623,4.304999828338623,4.304999828338623,4.304999828338623,400,0.0,0.0
2025-04-24 09:34:00-04:00,4.304999828338623,4.304999828338623,4.304999828338623,4.304999828338623,806,0.0,0.0
2025-04-24 09:35:00-04:00,4.300000190734863,4.304999828338623,4.300000190734863,4.304999828338623,714,0.0,0.0
2025-04-24 09:36:00-04:00,4.309999942779541,4.320000171661377,4.309999942779541,4.315000057220459,1418,0.0,0.0
2025-04-24 09:37:00-04:00,4.315000057220459,4.349999904632568,4.315000057220459,4.349999904632568,13648,0.0,0.0
2025-04-24 09:38:00-04:00,4.355000019073486,4.355000019073486,4.34499979019165,4.34499979019165,2471,0.0,0.0
2025-04-24 09:40:00-04:00,4.34499979019165,4.34499979019165,4.34499979019165,4.34499979019165,156,0.0,0.0
2025-04-24 09:41:00-04:00,4.34499979019165,4.34499979019165,4.34499979019165,4.34499979019165,101,0.0,0.0
2025-04-24 09:42:00-04:00,4.34499979019165,4.34499979019165,4.34499979019165,4.34499979019165,100,0.0,0.0
2025-04-24 09:43:00-04:00,4.34499979019165,4.355000019073486,4.34499979019165,4.355000019073486,2854,0.0,0.0
2025-04-24 09:44:00-04:00,4.349999904632568,4.349999904632568,4.349999904632568,4.349999904632568,1226,0.0,0.0
2025-04-24 09:45:00-04:00,4.349999904632568,4.355000019073486,4.349999904632568,4.355000019073486,4534,0.0,0.0
2025-04-24 09:46:00-04:00,4.355000019073486,4.355000019073486,4.355000019073486,4.355000019073486,596,0.0,0.0
2025-04-24 09:49:00-04:00,4.355000019073486,4.360000133514404,4.355000019073486,4.355000019073486,9887,0.0,0.0
2025-04-24 09:50:00-04:00,4.355000019073486,4.355000019073486,4.355000019073486,4.355000019073486,3688,0.0,0.0
2025-04-24 09:51:00-04:00,4.355000019073486,4.360000133514404,4.355000019073486,4.355000019073486,884,0.0,0.0
2025-04-24 09:53:00-04:00,4.355000019073486,4.360000133514404,4.355000019073486,4.360000133514404,1630,0.0,0.0
2025-04-24 09:54:00-04:00,4.364999771118164,4.364999771118164,4.360300064086914,4.360300064086914,791,0.0,0.0
2025-04-24 09:55:00-04:00,4.364999771118164,4.364999771118164,4.355000019073486,4.355000019073486,4509,0.0,0.0
2025-04-24 09:56:00-04:00,4.355000019073486,4.355000019073486,4.349999904632568,4.349999904632568,7130,0.0,0.0
2025-04-24 09:57:00-04:00,4.349999904632568,4.349999904632568,4.349999904632568,4.349999904632568,619,0.0,0.0
2025-04-24 09:58:00-04:00,4.355000019073486,4.355000019073486,4.349999904632568,4.349999904632568,1063,0.0,0.0
2025-04-24 10:00:00-04:00,4.349999904632568,4.349999904632568,4.340000152587891,4.340000152587891,6115,0.0,0.0
2025-04-24 10:01:00-04:00,4.349999904632568,4.355000019073486,4.349999904632568,4.355000019073486,6422,0.0,0.0
2025-04-24 10:02:00-04:00,4.349999904632568,4.355000019073486,4.34499979019165,4.355000019073486,9492,0.0,0.0
2025-04-24 10:03:00-04:00,4.360000133514404,4.360000133514404,4.360000133514404,4.360000133514404,1467,0.0,0.0
2025-04-24 10:04:00-04:00,4.364999771118164,4.364999771118164,4.364999771118164,4.364999771118164,100,0.0,0.0
2025-04-24 10:06:00-04:00,4.364999771118164,4.364999771118164,4.360000133514404,4.364999771118164,511,0.0,0.0
2025-04-24 10:07:00-04:00,4.360000133514404,4.360000133514404,4.360000133514404,4.360000133514404,2139,0.0,0.0
2025-04-24 10:08:00-04:00,4.360000133514404,4.360000133514404,4.349999904632568,4.360000133514404,1605,0.0,0.0
2025-04-24 10:09:00-04:00,4.355000019073486,4.360000133514404,4.349999904632568,4.355000019073486,1520,0.0,0.0
2025-04-24 10:10:00-04:00,4.355000019073486,4.355000019073486,4.349999904632568,4.349999904632568,2612,0.0,0.0
2025-04-24 10:11:00-04:00,4.349999904632568,4.349999904632568,4.349999904632568,4.349999904632568,230,0.0,0.0
2025-04-24 10:12:00-04:00,4.355000019073486,4.355000019073486,4.340000152587891,4.340000152587891,10073,0.0,0.0
2025-04-24 10:13:00-04:00,4.34499979019165,4.349999904632568,4.34499979019165,4.349999904632568,4425,0.0,0.0
2025-04-24 10:14:00-04:00,4.349999904632568,4.349999904632568,4.349999904632568,4.349999904632568,400,0.0,0.0
2025-04-24 10:15:00-04:00,4.349999904632568,4.349999904632568,4.34499979019165,4.34499979019165,3028,0.0,0.0
2025-04-24 10:16:00-04:00,4.34499979019165,4.34499979019165,4.34499979019165,4.34499979019165,693,0.0,0.0
2025-04-24 10:18:00-04:00,4.340000152587891,4.340000152587891,4.340000152587891,4.340000152587891,336,0.0,0.0
2025-04-24 10:19:00-04:00,4.34499979019165,4.34499979019165,4.34499979019165,4.34499979019165,334,0.0,0.0
2025-04-24 10:20:00-04:00,4.349999904632568,4.349999904632568,4.349999904632568,4.349999904632568,705,0.0,0.0
2025-04-24 10:21:00-04:00,4.34499979019165,4.349999904632568,4.34499979019165,4.349999904632568,848,0.0,0.0
2025-04-24 10:22:00-04:00,4.349999904632568,4.349999904632568,4.349999904632568,4.349999904632568,1375,0.0,0.0
2025-04-24 10:23:00-04:00,4.349999904632568,4.349999904632568,4.349999904632568,4.349999904632568,573,0.0,0.0
2025-04-24 10:24:00-04:00,4.349999904632568,4.349999904632568,4.349999904632568,4.349999904632568,2977,0.0,0.0
2025-04-24 10:25:00-04:00,4.355000019073486,4.355000019073486,4.340000152587891,4.34499979019165,9177,0.0,0.0
2025-04-24 10:26:00-04:00,4.34499979019165,4.34499979019165,4.34499979019165,4.34499979019165,250,0.0,0.0
2025-04-24 10:27:00-04:00,4.34499979019165,4.34499979019165,4.34499979019165,4.34499979019165,290,0.0,0.0
2025-04-24 10:28:00-04:00,4.34499979019165,4.34499979019165,4.34499979019165,4.34499979019165,467,0.0,0.0
2025-04-24 10:29:00-04:00,4.34499979019165,4.34499979019165,4.34499979019165,4.34499979019165,483,0.0,0.0
2025-04-24 10:30:00-04:00,4.34499979019165,4.349999904632568,4.34499979019165,4.349999904632568,573,0.0,0.0
2025-04-24 10:31:00-04:00,4.34499979019165,4.34499979019165,4.340000152587891,4.340000152587891,1196,0.0,0.0
2025-04-24 10:32:00-04:00,4.34499979019165,4.34499979019165,4.34499979019165,4.34499979019165,1495,0.0,0.0
2025-04-24 10:33:00-04:00,4.34499979019165,4.349999904632568,4.340000152587891,4.34499979019165,1074,0.0,0.0
2025-04-24 10:34:00-04:00,4.34499979019165,4.34499979019165,4.34499979019165,4.34499979019165,648,0.0,0.0
2025-04-24 10:35:00-04:00,4.34499979019165,4.34499979019165,4.34499979019165,4.34499979019165,2108,0.0,0.0
2025-04-24 10:36:00-04:00,4.34499979019165,4.34499979019165,4.34499979019165,4.34499979019165,2503,0.0,0.0
2025-04-24 10:37:00-04:00,4.34499979019165,4.34499979019165,4.340000152587891,4.34499979019165,735,0.0,0.0
2025-04-24 10:38:00-04:00,4.34499979019165,4.34499979019165,4.34499979019165,4.34499979019165,280,0.0,0.0
2025-04-24 10:39:00-04:00,4.340000152587891,4.34499979019165,4.329999923706055,4.330100059509277,9074,0.0,0.0
2025-04-24 10:40:00-04:00,4.329999923706055,4.329999923706055,4.329999923706055,4.329999923706055,284,0.0,0.0
2025-04-24 10:41:00-04:00,4.335000038146973,4.335000038146973,4.329999923706055,4.329999923706055,895,0.0,0.0
2025-04-24 10:42:00-04:00,4.335000038146973,4.335000038146973,4.329999923706055,4.329999923706055,840,0.0,0.0
2025-04-24 10:43:00-04:00,4.335000038146973,4.335000038146973,4.329999923706055,4.335000038146973,1372,0.0,0.0
2025-04-24 10:45:00-04:00,4.335000038146973,4.335000038146973,4.329999923706055,4.329999923706055,4428,0.0,0.0
2025-04-24 10:46:00-04:00,4.329999923706055,4.335000038146973,4.329999923706055,4.335000038146973,1107,0.0,0.0
2025-04-24 10:47:00-04:00,4.335000038146973,4.335000038146973,4.329999923706055,4.335000038146973,7036,0.0,0.0
2025-04-24 10:48:00-04:00,4.329999923706055,4.329999923706055,4.324999809265137,4.324999809265137,8732,0.0,0.0
2025-04-24 10:49:00-04:00,4.324999809265137,4.329999923706055,4.324999809265137,4.329999923706055,11831,0.0,0.0
2025-04-24 10:50:00-04:00,4.329999923706055,4.329999923706055,4.324999809265137,4.324999809265137,3774,0.0,0.0
2025-04-24 10:51:00-04:00,4.329999923706055,4.329999923706055,4.329999923706055,4.329999923706055,578,0.0,0.0
2025-04-24 10:52:00-04:00,4.320000171661377,4.324999809265137,4.320000171661377,4.324999809265137,421,0.0,0.0
2025-04-24 10:53:00-04:00,4.324999809265137,4.324999809265137,4.324999809265137,4.324999809265137,1389,0.0,0.0
2025-04-24 10:55:00-04:00,4.324999809265137,4.324999809265137,4.324999809265137,4.324999809265137,917,0.0,0.0
2025-04-24 10:56:00-04:00,4.329999923706055,4.329999923706055,4.329999923706055,4.329999923706055,865,0.0,0.0
2025-04-24 10:57:00-04:00,4.329999923706055,4.329999923706055,4.329999923706055,4.329999923706055,5858,0.0,0.0
2025-04-24 10:58:00-04:00,4.335000038146973,4.335000038146973,4.335000038146973,4.335000038146973,1991,0.0,0.0
2025-04-24 10:59:00-04:00,4.335000038146973,4.335000038146973,4.329999923706055,4.335000038146973,484,0.0,0.0
2025-04-24 11:00:00-04:00,4.335000038146973,4.335000038146973,4.335000038146973,4.335000038146973,1885,0.0,0.0
2025-04-24 11:02:00-04:00,4.335000038146973,4.335000038146973,4.335000038146973,4.335000038146973,105236,0.0,0.0
2025-04-24 11:03:00-04:00,4.335000038146973,4.335000038146973,4.335000038146973,4.335000038146973,421,0.0,0.0
2025-04-24 11:04:00-04:00,4.335000038146973,4.335000038146973,4.320000171661377,4.320000171661377,11548,0.0,0.0
2025-04-24 11:05:00-04:00,4.320000171661377,4.3206000328063965,4.320000171661377,4.320000171661377,926,0.0,0.0
2025-04-24 11:06:00-04:00,4.320000171661377,4.320000171661377,4.320000171661377,4.320000171661377,689,0.0,0.0
2025-04-24 11:07:00-04:00,4.320000171661377,4.320000171661377,4.320000171661377,4.320000171661377,484,0.0,0.0
2025-04-24 11:08:00-04:00,4.320000171661377,4.320000171661377,4.315000057220459,4.315000057220459,5546,0.0,0.0
2025-04-24 11:09:00-04:00,4.309999942779541,4.320000171661377,4.309999942779541,4.315000057220459,431,0.0,0.0
2025-04-24 11:10:00-04:00,4.309999942779541,4.315000057220459,4.309999942779541,4.315000057220459,1728,0.0,0.0
2025-04-24 11:11:00-04:00,4.309999942779541,4.320000171661377,4.309999942779541,4.320000171661377,1390,0.0,0.0
2025-04-24 11:12:00-04:00,4.320000171661377,4.320000171661377,4.309999942779541,4.309999942779541,1318,0.0,0.0
2025-04-24 11:14:00-04:00,4.309999942779541,4.309999942779541,4.284999847412109,4.284999847412109,11320,0.0,0.0
2025-04-24 11:15:00-04:00,4.284999847412109,4.284999847412109,4.28000020980835,4.280700206756592,2926,0.0,0.0
2025-04-24 11:16:00-04:00,4.28000020980835,4.28000020980835,4.28000020980835,4.28000020980835,4989,0.0,0.0
2025-04-24 11:17:00-04:00,4.28000020980835,4.289999961853027,4.28000020980835,4.289999961853027,10137,0.0,0.0
2025-04-24 11:18:00-04:00,4.289999961853027,4.295000076293945,4.289999961853027,4.295000076293945,1418,0.0,0.0
2025-04-24 11:19:00-04:00,4.295000076293945,4.295000076293945,4.289999961853027,4.295000076293945,1876,0.0,0.0
2025-04-24 11:20:00-04:00,4.289999961853027,4.295000076293945,4.289999961853027,4.295000076293945,2465,0.0,0.0
2025-04-24 11:21:00-04:00,4.295000076293945,4.300000190734863,4.295000076293945,4.295000076293945,3826,0.0,0.0
2025-04-24 11:22:00-04:00,4.300000190734863,4.304999828338623,4.295000076293945,4.304999828338623,14368,0.0,0.0
2025-04-24 11:24:00-04:00,4.309999942779541,4.309999942779541,4.309999942779541,4.309999942779541,1328,0.0,0.0
2025-04-24 11:25:00-04:00,4.309999942779541,4.309999942779541,4.309999942779541,4.309999942779541,1710,0.0,0.0
2025-04-24 11:26:00-04:00,4.309999942779541,4.315000057220459,4.309999942779541,4.315000057220459,10959,0.0,0.0
2025-04-24 11:27:00-04:00,4.315000057220459,4.315000057220459,4.309999942779541,4.315000057220459,2052,0.0,0.0
2025-04-24 11:28:00-04:00,4.315000057220459,4.315000057220459,4.315000057220459,4.315000057220459,640,0.0,0.0
2025-04-24 11:29:00-04:00,4.315000057220459,4.315000057220459,4.309999942779541,4.315000057220459,883,0.0,0.0
2025-04-24 11:30:00-04:00,4.315000057220459,4.315000057220459,4.309999942779541,4.315000057220459,2815,0.0,0.0
2025-04-24 11:31:00-04:00,4.309999942779541,4.315000057220459,4.309999942779541,4.315000057220459,5046,0.0,0.0
2025-04-24 11:32:00-04:00,4.309999942779541,4.315000057220459,4.309999942779541,4.315000057220459,561,0.0,0.0
2025-04-24 11:33:00-04:00,4.315000057220459,4.315000057220459,4.309999942779541,4.315000057220459,2305,0.0,0.0
2025-04-24 11:34:00-04:00,4.309999942779541,4.315000057220459,4.309999942779541,4.315000057220459,842,0.0,0.0
2025-04-24 11:35:00-04:00,4.309999942779541,4.315000057220459,4.309999942779541,4.315000057220459,3593,0.0,0.0
2025-04-24 11:36:00-04:00,4.315000057220459,4.315000057220459,4.309999942779541,4.315000057220459,5489,0.0,0.0
2025-04-24 11:37:00-04:00,4.315000057220459,4.315000057220459,4.309999942779541,4.309999942779541,8526,0.0,0.0
2025-04-24 11:38:00-04:00,4.315000057220459,4.315000057220459,4.315000057220459,4.315000057220459,967,0.0,0.0
2025-04-24 11:39:00-04:00,4.315000057220459,4.315000057220459,4.315000057220459,4.315000057220459,7241,0.0,0.0
2025-04-24 11:40:00-04:00,4.315000057220459,4.315000057220459,4.315000057220459,4.315000057220459,9532,0.0,0.0
2025-04-24 11:41:00-04:00,4.315000057220459,4.315000057220459,4.309999942779541,4.315000057220459,5519,0.0,0.0
2025-04-24 11:42:00-04:00,4.315000057220459,4.315000057220459,4.309999942779541,4.309999942779541,4615,0.0,0.0
2025-04-24 11:43:00-04:00,4.315000057220459,4.315000057220459,4.309999942779541,4.315000057220459,3922,0.0,0.0
2025-04-24 11:44:00-04:00,4.315000057220459,4.315000057220459,4.315000057220459,4.315000057220459,4355,0.0,0.0
2025-04-24 11:45:00-04:00,4.315000057220459,4.315000057220459,4.315000057220459,4.315000057220459,2960,0.0,0.0
2025-04-24 11:46:00-04:00,4.315000057220459,4.315000057220459,4.309999942779541,4.315000057220459,4078,0.0,0.0
2025-04-24 11:47:00-04:00,4.315000057220459,4.315000057220459,4.309999942779541,4.309999942779541,7147,0.0,0.0
2025-04-24 11:48:00-04:00,4.315000057220459,4.315000057220459,4.309999942779541,4.315000057220459,12485,0.0,0.0
2025-04-24 11:49:00-04:00,4.315000057220459,4.315000057220459,4.315000057220459,4.315000057220459,6617,0.0,0.0
2025-04-24 11:50:00-04:00,4.315000057220459,4.315000057220459,4.315000057220459,4.315000057220459,4719,0.0,0.0
2025-04-24 11:51:00-04:00,4.315000057220459,4.315000057220459,4.315000057220459,4.315000057220459,8432,0.0,0.0
2025-04-24 11:52:00-04:00,4.315000057220459,4.320000171661377,4.315000057220459,4.320000171661377,11233,0.0,0.0
2025-04-24 11:53:00-04:00,4.320000171661377,4.320000171661377,4.315000057220459,4.320000171661377,3915,0.0,0.0
2025-04-24 11:54:00-04:00,4.315000057220459,4.320000171661377,4.315000057220459,4.315000057220459,3108,0.0,0.0
2025-04-24 11:55:00-04:00,4.315000057220459,4.320000171661377,4.315000057220459,4.320000171661377,3898,0.0,0.0
2025-04-24 11:56:00-04:00,4.320000171661377,4.320000171661377,4.315000057220459,4.315000057220459,5974,0.0,0.0
2025-04-24 11:57:00-04:00,4.315000057220459,4.320000171661377,4.309999942779541,4.315000057220459,4315,0.0,0.0
2025-04-24 11:58:00-04:00,4.315000057220459,4.315000057220459,4.315000057220459,4.315000057220459,472,0.0,0.0
2025-04-24 11:59:00-04:00,4.315000057220459,4.318999767303467,4.309999942779541,4.315000057220459,13298,0.0,0.0
2025-04-24 12:00:00-04:00,4.315000057220459,4.320000171661377,4.315000057220459,4.320000171661377,3148,0.0,0.0
2025-04-24 12:01:00-04:00,4.315000057220459,4.320000171661377,4.309999942779541,4.315000057220459,5587,0.0,0.0
2025-04-24 12:02:00-04:00,4.315000057220459,4.320000171661377,4.315000057220459,4.320000171661377,3160,0.0,0.0
2025-04-24 12:03:00-04:00,4.315000057220459,4.320000171661377,4.315000057220459,4.320000171661377,5496,0.0,0.0
2025-04-24 12:04:00-04:00,4.315000057220459,4.315000057220459,4.309999942779541,4.315000057220459,4580,0.0,0.0
2025-04-24 12:05:00-04:00,4.315000057220459,4.315000057220459,4.315000057220459,4.315000057220459,500,0.0,0.0
2025-04-24 12:06:00-04:00,4.309999942779541,4.315000057220459,4.309999942779541,4.315000057220459,4358,0.0,0.0
2025-04-24 12:07:00-04:00,4.309999942779541,4.315000057220459,4.304999828338623,4.304999828338623,32143,0.0,0.0
2025-04-24 12:08:00-04:00,4.300000190734863,4.309999942779541,4.300000190734863,4.300000190734863,730,0.0,0.0
2025-04-24 12:09:00-04:00,4.300000190734863,4.304999828338623,4.300000190734863,4.304999828338623,5037,0.0,0.0
2025-04-24 12:10:00-04:00,4.304999828338623,4.304999828338623,4.300000190734863,4.304999828338623,6384,0.0,0.0
2025-04-24 12:11:00-04:00,4.300000190734863,4.300000190734863,4.300000190734863,4.300000190734863,1006,0.0,0.0
2025-04-24 12:12:00-04:00,4.304999828338623,4.304999828338623,4.304999828338623,4.304999828338623,2842,0.0,0.0
2025-04-24 12:13:00-04:00,4.300000190734863,4.304999828338623,4.300000190734863,4.304999828338623,5728,0.0,0.0
2025-04-24 12:14:00-04:00,4.309999942779541,4.309999942779541,4.304999828338623,4.304999828338623,1425,0.0,0.0
2025-04-24 12:15:00-04:00,4.309999942779541,4.309999942779541,4.304999828338623,4.309999942779541,2553,0.0,0.0
2025-04-24 12:16:00-04:00,4.309999942779541,4.309999942779541,4.304999828338623,4.304999828338623,3279,0.0,0.0
2025-04-24 12:17:00-04:00,4.309999942779541,4.309999942779541,4.304999828338623,4.304999828338623,6406,0.0,0.0
2025-04-24 12:18:00-04:00,4.304999828338623,4.309999942779541,4.304999828338623,4.309999942779541,3366,0.0,0.0
2025-04-24 12:19:00-04:00,4.309999942779541,4.309999942779541,4.304999828338623,4.309999942779541,3065,0.0,0.0
2025-04-24 12:20:00-04:00,4.309999942779541,4.309999942779541,4.304999828338623,4.304999828338623,2132,0.0,0.0
2025-04-24 12:21:00-04:00,4.309999942779541,4.315000057220459,4.304999828338623,4.315000057220459,14400,0.0,0.0
2025-04-24 12:22:00-04:00,4.315000057220459,4.320000171661377,4.315000057220459,4.320000171661377,4749,0.0,0.0
2025-04-24 12:23:00-04:00,4.315000057220459,4.320000171661377,4.315000057220459,4.320000171661377,3242,0.0,0.0
2025-04-24 12:24:00-04:00,4.315000057220459,4.315000057220459,4.315000057220459,4.315000057220459,3414,0.0,0.0
2025-04-24 12:25:00-04:00,4.315000057220459,4.3180999755859375,4.315000057220459,4.315000057220459,3717,0.0,0.0
2025-04-24 12:26:00-04:00,4.315000057220459,4.315000057220459,4.315000057220459,4.315000057220459,4299,0.0,0.0
2025-04-24 12:27:00-04:00,4.315000057220459,4.315000057220459,4.315000057220459,4.315000057220459,6064,0.0,0.0
2025-04-24 12:28:00-04:00,4.315000057220459,4.320000171661377,4.315000057220459,4.315000057220459,2259,0.0,0.0
2025-04-24 12:29:00-04:00,4.320000171661377,4.320000171661377,4.320000171661377,4.320000171661377,646,0.0,0.0
2025-04-24 12:30:00-04:00,4.320000171661377,4.320000171661377,4.320000171661377,4.320000171661377,890,0.0,0.0
2025-04-24 12:31:00-04:00,4.320000171661377,4.320000171661377,4.315000057220459,4.320000171661377,986,0.0,0.0
2025-04-24 12:32:00-04:00,4.320000171661377,4.320000171661377,4.320000171661377,4.320000171661377,878,0.0,0.0
2025-04-24 12:33:00-04:00,4.320000171661377,4.320000171661377,4.320000171661377,4.320000171661377,797,0.0,0.0
2025-04-24 12:34:00-04:00,4.320000171661377,4.320000171661377,4.315000057220459,4.320000171661377,1444,0.0,0.0
2025-04-24 12:35:00-04:00,4.315000057220459,4.320000171661377,4.315000057220459,4.320000171661377,1216,0.0,0.0
2025-04-24 12:36:00-04:00,4.320000171661377,4.320000171661377,4.320000171661377,4.320000171661377,1261,0.0,0.0
2025-04-24 12:37:00-04:00,4.315000057220459,4.320000171661377,4.315000057220459,4.320000171661377,572,0.0,0.0
2025-04-24 12:38:00-04:00,4.320000171661377,4.320000171661377,4.320000171661377,4.320000171661377,735,0.0,0.0
2025-04-24 12:39:00-04:00,4.320000171661377,4.320000171661377,4.315000057220459,4.315000057220459,1015,0.0,0.0
2025-04-24 12:40:00-04:00,4.320000171661377,4.320000171661377,4.320000171661377,4.320000171661377,4057,0.0,0.0
2025-04-24 12:41:00-04:00,4.320000171661377,4.324999809265137,4.320000171661377,4.324999809265137,2044,0.0,0.0
2025-04-24 12:42:00-04:00,4.324999809265137,4.324999809265137,4.324999809265137,4.324999809265137,1180,0.0,0.0
2025-04-24 12:43:00-04:00,4.324999809265137,4.324999809265137,4.320000171661377,4.324999809265137,1137,0.0,0.0
2025-04-24 12:44:00-04:00,4.324999809265137,4.324999809265137,4.324999809265137,4.324999809265137,1159,0.0,0.0
2025-04-24 12:45:00-04:00,4.324999809265137,4.324999809265137,4.320000171661377,4.320000171661377,4580,0.0,0.0
2025-04-24 12:46:00-04:00,4.320000171661377,4.324999809265137,4.320000171661377,4.324999809265137,1313,0.0,0.0
2025-04-24 12:47:00-04:00,4.320000171661377,4.324999809265137,4.320000171661377,4.320000171661377,530,0.0,0.0
2025-04-24 12:48:00-04:00,4.324999809265137,4.324999809265137,4.324999809265137,4.324999809265137,4228,0.0,0.0
2025-04-24 12:49:00-04:00,4.324999809265137,4.324999809265137,4.320000171661377,4.324999809265137,4868,0.0,0.0
2025-04-24 12:50:00-04:00,4.324999809265137,4.324999809265137,4.320000171661377,4.324999809265137,11942,0.0,0.0
2025-04-24 12:51:00-04:00,4.324999809265137,4.324999809265137,4.320000171661377,4.324999809265137,4076,0.0,0.0
2025-04-24 12:52:00-04:00,4.324999809265137,4.324999809265137,4.324999809265137,4.324999809265137,3099,0.0,0.0
2025-04-24 12:53:00-04:00,4.324999809265137,4.324999809265137,4.324999809265137,4.324999809265137,4218,0.0,0.0
2025-04-24 12:54:00-04:00,4.324999809265137,4.324999809265137,4.320000171661377,4.324999809265137,6403,0.0,0.0
2025-04-24 12:55:00-04:00,4.324999809265137,4.324999809265137,4.324999809265137,4.324999809265137,654,0.0,0.0
2025-04-24 12:56:00-04:00,4.320000171661377,4.324999809265137,4.320000171661377,4.324999809265137,10310,0.0,0.0
2025-04-24 12:57:00-04:00,4.324999809265137,4.324999809265137,4.324999809265137,4.324999809265137,2272,0.0,0.0
2025-04-24 12:58:00-04:00,4.320000171661377,4.324999809265137,4.320000171661377,4.324999809265137,3630,0.0,0.0
2025-04-24 12:59:00-04:00,4.320000171661377,4.324999809265137,4.320000171661377,4.324999809265137,760,0.0,0.0
2025-04-24 13:00:00-04:00,4.320000171661377,4.320000171661377,4.315000057220459,4.315000057220459,9473,0.0,0.0
2025-04-24 13:01:00-04:00,4.315000057220459,4.315000057220459,4.315000057220459,4.315000057220459,989,0.0,0.0
2025-04-24 13:02:00-04:00,4.309999942779541,4.320000171661377,4.309999942779541,4.315000057220459,9648,0.0,0.0
2025-04-24 13:03:00-04:00,4.309999942779541,4.309999942779541,4.309999942779541,4.309999942779541,2772,0.0,0.0
2025-04-24 13:04:00-04:00,4.309999942779541,4.320000171661377,4.309999942779541,4.315000057220459,22067,0.0,0.0
2025-04-24 13:05:00-04:00,4.315000057220459,4.315000057220459,4.309999942779541,4.309999942779541,3053,0.0,0.0
2025-04-24 13:06:00-04:00,4.309999942779541,4.309999942779541,4.309999942779541,4.309999942779541,821,0.0,0.0
2025-04-24 13:07:00-04:00,4.309999942779541,4.309999942779541,4.295000076293945,4.295000076293945,16236,0.0,0.0
2025-04-24 13:08:00-04:00,4.295000076293945,4.295000076293945,4.289999961853027,4.289999961853027,3807,0.0,0.0
2025-04-24 13:09:00-04:00,4.295000076293945,4.295000076293945,4.289999961853027,4.289999961853027,2384,0.0,0.0
2025-04-24 13:10:00-04:00,4.289999961853027,4.295000076293945,4.289999961853027,4.295000076293945,2792,0.0,0.0
2025-04-24 13:11:00-04:00,4.289999961853027,4.295000076293945,4.289999961853027,4.289999961853027,4178,0.0,0.0
2025-04-24 13:12:00-04:00,4.289999961853027,4.289999961853027,4.289999961853027,4.289999961853027,3275,0.0,0.0
2025-04-24 13:13:00-04:00,4.289999961853027,4.289999961853027,4.289999961853027,4.289999961853027,2168,0.0,0.0
2025-04-24 13:14:00-04:00,4.289999961853027,4.289999961853027,4.289999961853027,4.289999961853027,2537,0.0,0.0
2025-04-24 13:15:00-04:00,4.289999961853027,4.289999961853027,4.289999961853027,4.289999961853027,3213,0.0,0.0
2025-04-24 13:16:00-04:00,4.2947001457214355,4.295000076293945,4.28000020980835,4.28000020980835,15685,0.0,0.0
2025-04-24 13:17:00-04:00,4.28000020980835,4.284999847412109,4.28000020980835,4.284999847412109,3242,0.0,0.0
2025-04-24 13:18:00-04:00,4.284999847412109,4.284999847412109,4.28000020980835,4.28000020980835,3695,0.0,0.0
2025-04-24 13:19:00-04:00,4.28000020980835,4.28000020980835,4.275000095367432,4.275000095367432,8505,0.0,0.0
2025-04-24 13:20:00-04:00,4.275000095367432,4.275000095367432,4.269999980926514,4.269999980926514,3396,0.0,0.0
2025-04-24 13:21:00-04:00,4.269999980926514,4.275000095367432,4.269999980926514,4.269999980926514,3101,0.0,0.0
2025-04-24 13:22:00-04:00,4.269999980926514,4.275000095367432,4.269999980926514,4.269999980926514,4440,0.0,0.0
2025-04-24 13:23:00-04:00,4.275000095367432,4.284999847412109,4.275000095367432,4.284999847412109,43549,0.0,0.0
2025-04-24 13:24:00-04:00,4.284999847412109,4.284999847412109,4.28000020980835,4.28000020980835,5753,0.0,0.0
2025-04-24 13:25:00-04:00,4.280099868774414,4.284999847412109,4.280099868774414,4.284999847412109,2747,0.0,0.0
2025-04-24 13:26:00-04:00,4.289999961853027,4.289999961853027,4.284999847412109,4.284999847412109,4609,0.0,0.0
2025-04-24 13:27:00-04:00,4.284999847412109,4.284999847412109,4.284999847412109,4.284999847412109,2561,0.0,0.0
2025-04-24 13:28:00-04:00,4.284999847412109,4.289999961853027,4.284999847412109,4.284999847412109,6503,0.0,0.0
2025-04-24 13:29:00-04:00,4.284999847412109,4.284999847412109,4.284999847412109,4.284999847412109,3355,0.0,0.0
2025-04-24 13:30:00-04:00,4.284999847412109,4.295000076293945,4.284999847412109,4.295000076293945,12806,0.0,0.0
2025-04-24 13:31:00-04:00,4.295000076293945,4.295000076293945,4.295000076293945,4.295000076293945,1140,0.0,0.0
2025-04-24 13:32:00-04:00,4.289999961853027,4.289999961853027,4.289999961853027,4.289999961853027,1507,0.0,0.0
2025-04-24 13:33:00-04:00,4.289999961853027,4.289999961853027,4.284999847412109,4.284999847412109,11985,0.0,0.0
2025-04-24 13:34:00-04:00,4.284999847412109,4.284999847412109,4.284999847412109,4.284999847412109,1669,0.0,0.0
2025-04-24 13:35:00-04:00,4.284999847412109,4.284999847412109,4.284999847412109,4.284999847412109,2509,0.0,0.0
2025-04-24 13:36:00-04:00,4.284999847412109,4.284999847412109,4.28000020980835,4.284999847412109,3103,0.0,0.0
2025-04-24 13:37:00-04:00,4.284999847412109,4.284999847412109,4.28000020980835,4.28000020980835,2993,0.0,0.0
2025-04-24 13:38:00-04:00,4.28000020980835,4.28000020980835,4.28000020980835,4.28000020980835,3431,0.0,0.0
2025-04-24 13:39:00-04:00,4.28000020980835,4.289999961853027,4.28000020980835,4.28000020980835,2366,0.0,0.0
2025-04-24 13:40:00-04:00,4.28000020980835,4.28000020980835,4.28000020980835,4.28000020980835,2823,0.0,0.0
2025-04-24 13:41:00-04:00,4.28000020980835,4.28000020980835,4.28000020980835,4.28000020980835,4540,0.0,0.0
2025-04-24 13:42:00-04:00,4.28000020980835,4.28000020980835,4.269999980926514,4.269999980926514,26890,0.0,0.0
2025-04-24 13:43:00-04:00,4.269999980926514,4.275000095367432,4.269999980926514,4.275000095367432,2248,0.0,0.0
2025-04-24 13:44:00-04:00,4.275000095367432,4.275000095367432,4.269999980926514,4.275000095367432,7741,0.0,0.0
2025-04-24 13:45:00-04:00,4.28000020980835,4.295000076293945,4.28000020980835,4.295000076293945,35531,0.0,0.0
2025-04-24 13:46:00-04:00,4.295000076293945,4.295000076293945,4.295000076293945,4.295000076293945,1492,0.0,0.0
2025-04-24 13:47:00-04:00,4.300000190734863,4.300000190734863,4.295000076293945,4.295000076293945,2860,0.0,0.0
2025-04-24 13:48:00-04:00,4.295000076293945,4.295000076293945,4.295000076293945,4.295000076293945,5942,0.0,0.0
2025-04-24 13:49:00-04:00,4.295000076293945,4.304999828338623,4.295000076293945,4.304999828338623,7779,0.0,0.0
2025-04-24 13:51:00-04:00,4.304999828338623,4.304999828338623,4.304999828338623,4.304999828338623,1656,0.0,0.0
2025-04-24 13:52:00-04:00,4.304999828338623,4.304999828338623,4.300000190734863,4.304999828338623,4589,0.0,0.0
2025-04-24 13:53:00-04:00,4.300000190734863,4.308899879455566,4.300000190734863,4.300000190734863,2442,0.0,0.0
2025-04-24 13:54:00-04:00,4.300000190734863,4.300000190734863,4.300000190734863,4.300000190734863,3862,0.0,0.0
2025-04-24 13:55:00-04:00,4.300000190734863,4.300000190734863,4.295000076293945,4.295000076293945,11486,0.0,0.0
2025-04-24 13:56:00-04:00,4.289999961853027,4.289999961853027,4.289999961853027,4.289999961853027,2630,0.0,0.0
2025-04-24 13:57:00-04:00,4.289999961853027,4.289999961853027,4.289999961853027,4.289999961853027,3004,0.0,0.0
2025-04-24 13:58:00-04:00,4.289999961853027,4.289999961853027,4.289999961853027,4.289999961853027,3423,0.0,0.0
2025-04-24 13:59:00-04:00,4.289999961853027,4.289999961853027,4.289999961853027,4.289999961853027,1877,0.0,0.0
2025-04-24 14:00:00-04:00,4.289999961853027,4.289999961853027,4.289999961853027,4.289999961853027,3301,0.0,0.0
2025-04-24 14:01:00-04:00,4.289999961853027,4.295000076293945,4.289999961853027,4.295000076293945,2539,0.0,0.0
2025-04-24 14:02:00-04:00,4.289999961853027,4.295000076293945,4.289999961853027,4.289999961853027,3328,0.0,0.0
2025-04-24 14:03:00-04:00,4.289999961853027,4.289999961853027,4.289999961853027,4.289999961853027,2799,0.0,0.0
2025-04-24 14:04:00-04:00,4.289999961853027,4.289999961853027,4.289999961853027,4.289999961853027,2886,0.0,0.0
2025-04-24 14:05:00-04:00,4.289999961853027,4.289999961853027,4.289999961853027,4.289999961853027,3113,0.0,0.0
2025-04-24 14:06:00-04:00,4.289999961853027,4.298900127410889,4.289999961853027,4.295000076293945,13845,0.0,0.0
2025-04-24 14:07:00-04:00,4.295000076293945,4.295000076293945,4.289999961853027,4.289999961853027,1597,0.0,0.0
2025-04-24 14:08:00-04:00,4.289999961853027,4.295000076293945,4.284999847412109,4.295000076293945,15645,0.0,0.0
2025-04-24 14:09:00-04:00,4.295000076293945,4.295000076293945,4.289999961853027,4.289999961853027,3042,0.0,0.0
2025-04-24 14:10:00-04:00,4.289999961853027,4.289999961853027,4.289999961853027,4.289999961853027,1305,0.0,0.0
2025-04-24 14:11:00-04:00,4.289999961853027,4.289999961853027,4.289999961853027,4.289999961853027,3365,0.0,0.0
2025-04-24 14:12:00-04:00,4.289999961853027,4.289999961853027,4.289999961853027,4.289999961853027,2456,0.0,0.0
2025-04-24 14:13:00-04:00,4.289999961853027,4.289999961853027,4.289999961853027,4.289999961853027,3925,0.0,0.0
2025-04-24 14:14:00-04:00,4.289999961853027,4.289999961853027,4.289999961853027,4.289999961853027,3109,0.0,0.0
2025-04-24 14:15:00-04:00,4.289999961853027,4.289999961853027,4.289999961853027,4.289999961853027,3362,0.0,0.0
2025-04-24 14:16:00-04:00,4.289999961853027,4.289999961853027,4.284999847412109,4.284999847412109,8901,0.0,0.0
2025-04-24 14:17:00-04:00,4.28000020980835,4.284999847412109,4.28000020980835,4.28000020980835,2565,0.0,0.0
2025-04-24 14:18:00-04:00,4.28000020980835,4.28000020980835,4.28000020980835,4.28000020980835,3315,0.0,0.0
2025-04-24 14:19:00-04:00,4.28000020980835,4.284999847412109,4.28000020980835,4.284999847412109,3409,0.0,0.0
2025-04-24 14:20:00-04:00,4.284999847412109,4.284999847412109,4.28000020980835,4.28000020980835,4070,0.0,0.0
2025-04-24 14:21:00-04:00,4.28000020980835,4.284999847412109,4.28000020980835,4.284999847412109,56245,0.0,0.0
2025-04-24 14:22:00-04:00,4.289999961853027,4.295000076293945,4.289999961853027,4.295000076293945,10380,0.0,0.0
2025-04-24 14:23:00-04:00,4.295000076293945,4.300000190734863,4.295000076293945,4.295000076293945,5163,0.0,0.0
2025-04-24 14:24:00-04:00,4.300000190734863,4.304999828338623,4.300000190734863,4.304999828338623,9839,0.0,0.0
2025-04-24 14:25:00-04:00,4.304999828338623,4.304999828338623,4.304999828338623,4.304999828338623,3871,0.0,0.0
2025-04-24 14:26:00-04:00,4.304999828338623,4.304999828338623,4.304999828338623,4.304999828338623,1368,0.0,0.0
2025-04-24 14:27:00-04:00,4.304999828338623,4.304999828338623,4.304999828338623,4.304999828338623,1605,0.0,0.0
2025-04-24 14:28:00-04:00,4.300000190734863,4.300000190734863,4.300000190734863,4.300000190734863,2556,0.0,0.0
2025-04-24 14:29:00-04:00,4.300000190734863,4.300000190734863,4.300000190734863,4.300000190734863,4652,0.0,0.0
2025-04-24 14:30:00-04:00,4.300000190734863,4.304999828338623,4.300000190734863,4.304999828338623,3853,0.0,0.0
2025-04-24 14:31:00-04:00,4.304999828338623,4.304999828338623,4.300000190734863,4.304999828338623,3331,0.0,0.0
2025-04-24 14:32:00-04:00,4.304999828338623,4.304999828338623,4.300000190734863,4.300000190734863,3001,0.0,0.0
2025-04-24 14:33:00-04:00,4.304999828338623,4.304999828338623,4.304999828338623,4.304999828338623,2696,0.0,0.0
2025-04-24 14:34:00-04:00,4.304999828338623,4.304999828338623,4.304999828338623,4.304999828338623,4522,0.0,0.0
2025-04-24 14:35:00-04:00,4.304999828338623,4.304999828338623,4.304999828338623,4.304999828338623,3307,0.0,0.0
2025-04-24 14:36:00-04:00,4.304999828338623,4.304999828338623,4.300000190734863,4.304999828338623,6657,0.0,0.0
2025-04-24 14:37:00-04:00,4.304999828338623,4.304999828338623,4.304999828338623,4.304999828338623,2596,0.0,0.0
2025-04-24 14:38:00-04:00,4.304999828338623,4.304999828338623,4.300000190734863,4.304999828338623,3786,0.0,0.0
2025-04-24 14:39:00-04:00,4.304999828338623,4.309999942779541,4.304999828338623,4.304999828338623,12212,0.0,0.0
2025-04-24 14:40:00-04:00,4.309999942779541,4.309999942779541,4.304999828338623,4.304999828338623,5352,0.0,0.0
2025-04-24 14:41:00-04:00,4.304999828338623,4.304999828338623,4.300000190734863,4.300000190734863,3767,0.0,0.0
2025-04-24 14:42:00-04:00,4.300000190734863,4.300000190734863,4.300000190734863,4.300000190734863,2521,0.0,0.0
2025-04-24 14:43:00-04:00,4.300000190734863,4.300000190734863,4.284999847412109,4.284999847412109,21436,0.0,0.0
2025-04-24 14:44:00-04:00,4.284999847412109,4.289999961853027,4.284999847412109,4.284999847412109,4060,0.0,0.0
2025-04-24 14:45:00-04:00,4.289999961853027,4.289999961853027,4.284999847412109,4.289999961853027,8525,0.0,0.0
2025-04-24 14:46:00-04:00,4.289999961853027,4.289999961853027,4.289999961853027,4.289999961853027,2686,0.0,0.0
2025-04-24 14:47:00-04:00,4.289999961853027,4.295000076293945,4.289999961853027,4.295000076293945,15265,0.0,0.0
2025-04-24 14:48:00-04:00,4.295000076293945,4.295000076293945,4.295000076293945,4.295000076293945,24323,0.0,0.0
2025-04-24 14:49:00-04:00,4.295000076293945,4.295000076293945,4.295000076293945,4.295000076293945,856,0.0,0.0
2025-04-24 14:50:00-04:00,4.295000076293945,4.304999828338623,4.295000076293945,4.304999828338623,24439,0.0,0.0
2025-04-24 14:51:00-04:00,4.304999828338623,4.304999828338623,4.304999828338623,4.304999828338623,4286,0.0,0.0
2025-04-24 14:52:00-04:00,4.304999828338623,4.309999942779541,4.304999828338623,4.309999942779541,8095,0.0,0.0
2025-04-24 14:53:00-04:00,4.309999942779541,4.309999942779541,4.304999828338623,4.309999942779541,1155,0.0,0.0
2025-04-24 14:54:00-04:00,4.309999942779541,4.309999942779541,4.304999828338623,4.309999942779541,5093,0.0,0.0
2025-04-24 14:55:00-04:00,4.304999828338623,4.309999942779541,4.304999828338623,4.309999942779541,785,0.0,0.0
2025-04-24 14:56:00-04:00,4.304999828338623,4.304999828338623,4.304999828338623,4.304999828338623,25439,0.0,0.0
2025-04-24 14:57:00-04:00,4.300000190734863,4.309999942779541,4.300000190734863,4.309999942779541,9437,0.0,0.0
2025-04-24 14:58:00-04:00,4.309999942779541,4.309999942779541,4.304999828338623,4.309500217437744,972,0.0,0.0
2025-04-24 14:59:00-04:00,4.309999942779541,4.309999942779541,4.304999828338623,4.309999942779541,601,0.0,0.0
2025-04-24 15:00:00-04:00,4.309999942779541,4.309999942779541,4.304999828338623,4.309500217437744,1230,0.0,0.0
2025-04-24 15:01:00-04:00,4.309999942779541,4.320000171661377,4.309999942779541,4.315000057220459,5617,0.0,0.0
2025-04-24 15:02:00-04:00,4.315000057220459,4.31879997253418,4.315000057220459,4.315000057220459,6943,0.0,0.0
2025-04-24 15:03:00-04:00,4.315000057220459,4.315000057220459,4.315000057220459,4.315000057220459,3113,0.0,0.0
2025-04-24 15:04:00-04:00,4.315000057220459,4.315000057220459,4.309999942779541,4.315000057220459,15281,0.0,0.0
2025-04-24 15:05:00-04:00,4.315000057220459,4.315000057220459,4.309999942779541,4.315000057220459,5046,0.0,0.0
2025-04-24 15:06:00-04:00,4.315000057220459,4.320000171661377,4.315000057220459,4.320000171661377,4460,0.0,0.0
2025-04-24 15:07:00-04:00,4.315000057220459,4.320000171661377,4.309999942779541,4.315000057220459,3600,0.0,0.0
2025-04-24 15:08:00-04:00,4.315000057220459,4.315000057220459,4.315000057220459,4.315000057220459,7887,0.0,0.0
2025-04-24 15:09:00-04:00,4.309999942779541,4.320000171661377,4.309999942779541,4.320000171661377,20287,0.0,0.0
2025-04-24 15:10:00-04:00,4.315000057220459,4.315000057220459,4.309999942779541,4.315000057220459,9545,0.0,0.0
2025-04-24 15:11:00-04:00,4.309999942779541,4.315000057220459,4.309999942779541,4.315000057220459,2768,0.0,0.0
2025-04-24 15:12:00-04:00,4.315000057220459,4.320000171661377,4.309999942779541,4.315000057220459,36246,0.0,0.0
2025-04-24 15:13:00-04:00,4.315000057220459,4.315000057220459,4.309999942779541,4.309999942779541,3227,0.0,0.0
2025-04-24 15:14:00-04:00,4.315000057220459,4.320000171661377,4.309999942779541,4.320000171661377,9873,0.0,0.0
2025-04-24 15:15:00-04:00,4.324999809265137,4.324999809265137,4.324999809265137,4.324999809265137,4265,0.0,0.0
2025-04-24 15:16:00-04:00,4.324999809265137,4.329999923706055,4.324999809265137,4.324999809265137,3644,0.0,0.0
2025-04-24 15:17:00-04:00,4.329999923706055,4.329999923706055,4.324999809265137,4.329999923706055,2742,0.0,0.0
2025-04-24 15:18:00-04:00,4.329999923706055,4.329999923706055,4.324999809265137,4.324999809265137,3002,0.0,0.0
2025-04-24 15:19:00-04:00,4.324999809265137,4.329999923706055,4.320000171661377,4.320000171661377,3143,0.0,0.0
2025-04-24 15:20:00-04:00,4.320000171661377,4.324999809265137,4.320000171661377,4.324999809265137,4327,0.0,0.0
2025-04-24 15:21:00-04:00,4.324999809265137,4.329999923706055,4.324999809265137,4.324999809265137,35500,0.0,0.0
2025-04-24 15:22:00-04:00,4.324999809265137,4.329999923706055,4.320000171661377,4.329999923706055,7010,0.0,0.0
2025-04-24 15:23:00-04:00,4.329999923706055,4.329999923706055,4.320000171661377,4.324999809265137,4478,0.0,0.0
2025-04-24 15:24:00-04:00,4.324999809265137,4.329999923706055,4.324999809265137,4.324999809265137,10675,0.0,0.0
2025-04-24 15:25:00-04:00,4.320000171661377,4.324999809265137,4.320000171661377,4.324999809265137,4049,0.0,0.0
2025-04-24 15:26:00-04:00,4.324999809265137,4.329999923706055,4.324999809265137,4.329999923706055,5853,0.0,0.0
2025-04-24 15:27:00-04:00,4.329999923706055,4.329999923706055,4.324999809265137,4.329999923706055,10816,0.0,0.0
2025-04-24 15:28:00-04:00,4.324999809265137,4.324999809265137,4.320000171661377,4.324999809265137,10932,0.0,0.0
2025-04-24 15:29:00-04:00,4.324999809265137,4.324999809265137,4.320000171661377,4.324999809265137,19442,0.0,0.0
2025-04-24 15:30:00-04:00,4.320000171661377,4.324999809265137,4.320000171661377,4.324999809265137,16640,0.0,0.0
2025-04-24 15:31:00-04:00,4.324999809265137,4.324999809265137,4.320000171661377,4.324999809265137,7775,0.0,0.0
2025-04-24 15:32:00-04:00,4.324999809265137,4.324999809265137,4.309999942779541,4.315000057220459,47984,0.0,0.0
2025-04-24 15:33:00-04:00,4.315000057220459,4.315000057220459,4.309999942779541,4.309999942779541,16418,0.0,0.0
2025-04-24 15:34:00-04:00,4.309999942779541,4.315000057220459,4.309999942779541,4.309999942779541,9786,0.0,0.0
2025-04-24 15:35:00-04:00,4.315000057220459,4.320000171661377,4.309999942779541,4.315000057220459,23902,0.0,0.0
2025-04-24 15:36:00-04:00,4.309999942779541,4.315000057220459,4.309999942779541,4.309999942779541,10801,0.0,0.0
2025-04-24 15:37:00-04:00,4.309999942779541,4.315000057220459,4.309999942779541,4.315000057220459,12647,0.0,0.0
2025-04-24 15:38:00-04:00,4.315000057220459,4.315000057220459,4.309999942779541,4.309999942779541,7763,0.0,0.0
2025-04-24 15:39:00-04:00,4.309999942779541,4.320000171661377,4.300000190734863,4.315000057220459,48426,0.0,0.0
2025-04-24 15:40:00-04:00,4.315000057220459,4.315000057220459,4.315000057220459,4.315000057220459,5519,0.0,0.0
2025-04-24 15:41:00-04:00,4.320000171661377,4.329999923706055,4.320000171661377,4.329999923706055,51424,0.0,0.0
2025-04-24 15:42:00-04:00,4.335000038146973,4.340000152587891,4.329999923706055,4.335000038146973,48594,0.0,0.0
2025-04-24 15:43:00-04:00,4.335000038146973,4.34499979019165,4.335000038146973,4.340000152587891,23279,0.0,0.0
2025-04-24 15:44:00-04:00,4.340000152587891,4.340000152587891,4.335000038146973,4.335000038146973,38879,0.0,0.0
2025-04-24 15:45:00-04:00,4.329999923706055,4.329999923706055,4.329999923706055,4.329999923706055,7873,0.0,0.0
2025-04-24 15:46:00-04:00,4.329999923706055,4.335000038146973,4.329999923706055,4.335000038146973,8281,0.0,0.0
2025-04-24 15:47:00-04:00,4.335000038146973,4.340000152587891,4.335000038146973,4.335000038146973,15302,0.0,0.0
2025-04-24 15:48:00-04:00,4.335000038146973,4.340000152587891,4.335000038146973,4.335000038146973,8101,0.0,0.0
2025-04-24 15:49:00-04:00,4.335000038146973,4.340000152587891,4.335000038146973,4.340000152587891,19268,0.0,0.0
2025-04-24 15:50:00-04:00,4.340000152587891,4.340000152587891,4.320000171661377,4.320000171661377,56334,0.0,0.0
2025-04-24 15:51:00-04:00,4.320000171661377,4.320000171661377,4.320000171661377,4.320000171661377,58511,0.0,0.0
2025-04-24 15:52:00-04:00,4.320000171661377,4.324999809265137,4.315000057220459,4.324999809265137,47097,0.0,0.0
2025-04-24 15:53:00-04:00,4.324999809265137,4.329999923706055,4.324999809265137,4.329999923706055,5878,0.0,0.0
2025-04-24 15:54:00-04:00,4.329999923706055,4.340000152587891,4.324999809265137,4.335000038146973,18557,0.0,0.0
2025-04-24 15:55:00-04:00,4.329999923706055,4.335000038146973,4.320000171661377,4.324999809265137,50633,0.0,0.0
2025-04-24 15:56:00-04:00,4.329999923706055,4.340000152587891,4.329999923706055,4.335000038146973,50242,0.0,0.0
2025-04-24 15:57:00-04:00,4.340000152587891,4.340000152587891,4.329999923706055,4.335000038146973,44615,0.0,0.0
2025-04-24 15:58:00-04:00,4.335000038146973,4.340000152587891,4.329999923706055,4.329999923706055,118637,0.0,0.0
2025-04-24 15:59:00-04:00,4.329999923706055,4.331200122833252,4.309999942779541,4.309999942779541,204119,0.0,0.0
2025-04-25 09:30:00-04:00,4.28000020980835,4.28000020980835,4.28000020980835,4.28000020980835,3663,0.0,0.0
2025-04-25 09:31:00-04:00,4.28000020980835,4.304999828338623,4.28000020980835,4.300000190734863,1357,0.0,0.0
2025-04-25 09:33:00-04:00,4.300000190734863,4.304999828338623,4.289999961853027,4.300000190734863,4165,0.0,0.0
2025-04-25 09:34:00-04:00,4.304999828338623,4.304999828338623,4.304999828338623,4.304999828338623,223,0.0,0.0
2025-04-25 09:35:00-04:00,4.320000171661377,4.340000152587891,4.320000171661377,4.329999923706055,1639,0.0,0.0
2025-04-25 09:36:00-04:00,4.324999809265137,4.324999809265137,4.309999942779541,4.320000171661377,4060,0.0,0.0
2025-04-25 09:38:00-04:00,4.320000171661377,4.320000171661377,4.320000171661377,4.320000171661377,0,0.0,0.0
2025-04-25 09:40:00-04:00,4.324999809265137,4.324999809265137,4.324999809265137,4.324999809265137,18312,0.0,0.0
2025-04-25 09:41:00-04:00,4.324999809265137,4.324999809265137,4.324999809265137,4.324999809265137,500,0.0,0.0
2025-04-25 09:42:00-04:00,4.320000171661377,4.320000171661377,4.320000171661377,4.320000171661377,724,0.0,0.0
2025-04-25 09:43:00-04:00,4.309999942779541,4.309999942779541,4.304999828338623,4.304999828338623,2104,0.0,0.0
2025-04-25 09:44:00-04:00,4.304999828338623,4.304999828338623,4.304999828338623,4.304999828338623,293,0.0,0.0
2025-04-25 09:48:00-04:00,4.304999828338623,4.304999828338623,4.304999828338623,4.304999828338623,234,0.0,0.0
2025-04-25 09:49:00-04:00,4.309999942779541,4.315000057220459,4.304999828338623,4.304999828338623,5217,0.0,0.0
2025-04-25 09:50:00-04:00,4.309999942779541,4.315000057220459,4.309999942779541,4.315000057220459,2948,0.0,0.0
2025-04-25 09:51:00-04:00,4.315000057220459,4.315000057220459,4.309999942779541,4.309999942779541,1330,0.0,0.0
2025-04-25 09:54:00-04:00,4.309999942779541,4.309999942779541,4.304999828338623,4.304999828338623,942,0.0,0.0
2025-04-25 09:56:00-04:00,4.304999828338623,4.304999828338623,4.304999828338623,4.304999828338623,952,0.0,0.0
2025-04-25 09:59:00-04:00,4.304999828338623,4.329999923706055,4.304999828338623,4.320000171661377,23026,0.0,0.0
2025-04-25 10:00:00-04:00,4.320000171661377,4.324999809265137,4.315000057220459,4.315000057220459,7844,0.0,0.0
2025-04-25 10:01:00-04:00,4.320000171661377,4.329999923706055,4.320000171661377,4.324999809265137,2530,0.0,0.0
2025-04-25 10:02:00-04:00,4.324999809265137,4.324999809265137,4.324999809265137,4.324999809265137,972,0.0,0.0
2025-04-25 10:03:00-04:00,4.320000171661377,4.320000171661377,4.309999942779541,4.309999942779541,7981,0.0,0.0
2025-04-25 10:04:00-04:00,4.320000171661377,4.324999809265137,4.315000057220459,4.315000057220459,22199,0.0,0.0
2025-04-25 10:05:00-04:00,4.315000057220459,4.315000057220459,4.309999942779541,4.309999942779541,1049,0.0,0.0
2025-04-25 10:06:00-04:00,4.309999942779541,4.309999942779541,4.309999942779541,4.309999942779541,215,0.0,0.0
2025-04-25 10:07:00-04:00,4.315000057220459,4.320000171661377,4.315000057220459,4.320000171661377,36093,0.0,0.0
2025-04-25 10:08:00-04:00,4.320000171661377,4.320000171661377,4.309999942779541,4.309999942779541,4800,0.0,0.0
2025-04-25 10:10:00-04:00,4.315000057220459,4.320000171661377,4.315000057220459,4.320000171661377,1434,0.0,0.0
2025-04-25 10:11:00-04:00,4.309999942779541,4.309999942779541,4.309999942779541,4.309999942779541,305,0.0,0.0
2025-04-25 10:12:00-04:00,4.309999942779541,4.309999942779541,4.309999942779541,4.309999942779541,1572,0.0,0.0
2025-04-25 10:13:00-04:00,4.309999942779541,4.309999942779541,4.309999942779541,4.309999942779541,100,0.0,0.0
2025-04-25 10:14:00-04:00,4.309999942779541,4.335000038146973,4.304999828338623,4.329999923706055,15513,0.0,0.0
2025-04-25 10:15:00-04:00,4.329999923706055,4.329999923706055,4.320000171661377,4.324999809265137,2722,0.0,0.0
2025-04-25 10:16:00-04:00,4.329999923706055,4.34499979019165,4.329999923706055,4.34499979019165,7807,0.0,0.0
2025-04-25 10:17:00-04:00,4.349999904632568,4.349999904632568,4.349999904632568,4.349999904632568,232,0.0,0.0
2025-04-25 10:18:00-04:00,4.349999904632568,4.349999904632568,4.34499979019165,4.34499979019165,1542,0.0,0.0
2025-04-25 10:19:00-04:00,4.340000152587891,4.340000152587891,4.329999923706055,4.335000038146973,57116,0.0,0.0
2025-04-25 10:20:00-04:00,4.324999809265137,4.324999809265137,4.320000171661377,4.324999809265137,810,0.0,0.0
2025-04-25 10:21:00-04:00,4.324999809265137,4.324999809265137,4.320000171661377,4.320000171661377,2421,0.0,0.0
2025-04-25 10:22:00-04:00,4.320000171661377,4.329999923706055,4.315000057220459,4.320000171661377,4762,0.0,0.0
2025-04-25 10:23:00-04:00,4.324999809265137,4.324999809265137,4.324999809265137,4.324999809265137,501,0.0,0.0
2025-04-25 10:24:00-04:00,4.329999923706055,4.329999923706055,4.329999923706055,4.329999923706055,272,0.0,0.0
2025-04-25 10:25:00-04:00,4.324999809265137,4.324999809265137,4.315000057220459,4.315000057220459,29842,0.0,0.0
2025-04-25 10:26:00-04:00,4.315000057220459,4.315000057220459,4.315000057220459,4.315000057220459,2449,0.0,0.0
2025-04-25 10:27:00-04:00,4.315000057220459,4.349999904632568,4.309999942779541,4.340000152587891,68190,0.0,0.0
2025-04-25 10:28:00-04:00,4.34499979019165,4.34499979019165,4.335000038146973,4.335000038146973,4947,0.0,0.0
2025-04-25 10:29:00-04:00,4.340000152587891,4.340000152587891,4.329999923706055,4.335000038146973,12622,0.0,0.0
2025-04-25 10:30:00-04:00,4.335000038146973,4.335000038146973,4.329999923706055,4.335000038146973,1390,0.0,0.0
2025-04-25 10:31:00-04:00,4.335000038146973,4.335000038146973,4.329999923706055,4.329999923706055,5148,0.0,0.0
2025-04-25 10:33:00-04:00,4.329999923706055,4.329999923706055,4.329999923706055,4.329999923706055,149,0.0,0.0
2025-04-25 10:34:00-04:00,4.324999809265137,4.325500011444092,4.324999809265137,4.325500011444092,736,0.0,0.0
2025-04-25 10:35:00-04:00,4.329999923706055,4.329999923706055,4.324999809265137,4.324999809265137,1082,0.0,0.0
2025-04-25 10:36:00-04:00,4.329999923706055,4.329999923706055,4.329999923706055,4.329999923706055,172,0.0,0.0
2025-04-25 10:37:00-04:00,4.324999809265137,4.324999809265137,4.324999809265137,4.324999809265137,223,0.0,0.0
2025-04-25 10:38:00-04:00,4.324999809265137,4.324999809265137,4.320000171661377,4.324999809265137,1634,0.0,0.0
2025-04-25 10:39:00-04:00,4.324999809265137,4.324999809265137,4.320000171661377,4.324999809265137,597,0.0,0.0
2025-04-25 10:41:00-04:00,4.324999809265137,4.329999923706055,4.324999809265137,4.324999809265137,1443,0.0,0.0
2025-04-25 10:42:00-04:00,4.324999809265137,4.324999809265137,4.324999809265137,4.324999809265137,119,0.0,0.0
2025-04-25 10:44:00-04:00,4.329999923706055,4.329999923706055,4.324999809265137,4.324999809265137,711,0.0,0.0
2025-04-25 10:45:00-04:00,4.324999809265137,4.324999809265137,4.320000171661377,4.320000171661377,2114,0.0,0.0
2025-04-25 10:46:00-04:00,4.329999923706055,4.329999923706055,4.324999809265137,4.329999923706055,2281,0.0,0.0
2025-04-25 10:47:00-04:00,4.324999809265137,4.329999923706055,4.324999809265137,4.324999809265137,3617,0.0,0.0
2025-04-25 10:48:00-04:00,4.324999809265137,4.324999809265137,4.324999809265137,4.324999809265137,1727,0.0,0.0
2025-04-25 10:49:00-04:00,4.324999809265137,4.329999923706055,4.324999809265137,4.324999809265137,3688,0.0,0.0
2025-04-25 10:50:00-04:00,4.329999923706055,4.329999923706055,4.324999809265137,4.324999809265137,1650,0.0,0.0
2025-04-25 10:51:00-04:00,4.329999923706055,4.329999923706055,4.324999809265137,4.324999809265137,2483,0.0,0.0
2025-04-25 10:52:00-04:00,4.329999923706055,4.329999923706055,4.324999809265137,4.329999923706055,2705,0.0,0.0
2025-04-25 10:53:00-04:00,4.324999809265137,4.335000038146973,4.324999809265137,4.335000038146973,11881,0.0,0.0
2025-04-25 10:54:00-04:00,4.335000038146973,4.335000038146973,4.335000038146973,4.335000038146973,3201,0.0,0.0
2025-04-25 10:55:00-04:00,4.329999923706055,4.335000038146973,4.329999923706055,4.335000038146973,4618,0.0,0.0
2025-04-25 10:56:00-04:00,4.335000038146973,4.340000152587891,4.335000038146973,4.335000038146973,5125,0.0,0.0
2025-04-25 10:57:00-04:00,4.335000038146973,4.349999904632568,4.335000038146973,4.349999904632568,8638,0.0,0.0
2025-04-25 10:58:00-04:00,4.34499979019165,4.349999904632568,4.34499979019165,4.349999904632568,2521,0.0,0.0
2025-04-25 10:59:00-04:00,4.34499979019165,4.360000133514404,4.34499979019165,4.360000133514404,5402,0.0,0.0
2025-04-25 11:00:00-04:00,4.355000019073486,4.360000133514404,4.355000019073486,4.360000133514404,6121,0.0,0.0
2025-04-25 11:01:00-04:00,4.355000019073486,4.360000133514404,4.355000019073486,4.360000133514404,2553,0.0,0.0
2025-04-25 11:02:00-04:00,4.355000019073486,4.369999885559082,4.355000019073486,4.369999885559082,9783,0.0,0.0
2025-04-25 11:03:00-04:00,4.364999771118164,4.368199825286865,4.364999771118164,4.364999771118164,2667,0.0,0.0
2025-04-25 11:04:00-04:00,4.364999771118164,4.364999771118164,4.364999771118164,4.364999771118164,2863,0.0,0.0
2025-04-25 11:05:00-04:00,4.364999771118164,4.364999771118164,4.360000133514404,4.364999771118164,10794,0.0,0.0
2025-04-25 11:06:00-04:00,4.360000133514404,4.364999771118164,4.360000133514404,4.364999771118164,2265,0.0,0.0
2025-04-25 11:07:00-04:00,4.360000133514404,4.364999771118164,4.349999904632568,4.355000019073486,32189,0.0,0.0
2025-04-25 11:08:00-04:00,4.360000133514404,4.360000133514404,4.355000019073486,4.355000019073486,916,0.0,0.0
2025-04-25 11:10:00-04:00,4.355000019073486,4.360000133514404,4.355000019073486,4.360000133514404,604,0.0,0.0
2025-04-25 11:11:00-04:00,4.355000019073486,4.360000133514404,4.355000019073486,4.360000133514404,520,0.0,0.0
2025-04-25 11:12:00-04:00,4.360000133514404,4.360000133514404,4.360000133514404,4.360000133514404,258,0.0,0.0
2025-04-25 11:13:00-04:00,4.360000133514404,4.360000133514404,4.355000019073486,4.355000019073486,1126,0.0,0.0
2025-04-25 11:14:00-04:00,4.355000019073486,4.355000019073486,4.355000019073486,4.355000019073486,363,0.0,0.0
2025-04-25 11:16:00-04:00,4.355000019073486,4.355000019073486,4.340000152587891,4.34499979019165,27181,0.0,0.0
2025-04-25 11:17:00-04:00,4.34499979019165,4.34499979019165,4.34499979019165,4.34499979019165,608,0.0,0.0
2025-04-25 11:20:00-04:00,4.34499979019165,4.34499979019165,4.340000152587891,4.34499979019165,703,0.0,0.0
2025-04-25 11:21:00-04:00,4.34499979019165,4.34499979019165,4.34499979019165,4.34499979019165,1468,0.0,0.0
2025-04-25 11:23:00-04:00,4.349999904632568,4.349999904632568,4.34499979019165,4.34499979019165,3948,0.0,0.0
2025-04-25 11:24:00-04:00,4.34499979019165,4.34499979019165,4.340000152587891,4.340000152587891,382,0.0,0.0
2025-04-25 11:25:00-04:00,4.34499979019165,4.34499979019165,4.340000152587891,4.34499979019165,2915,0.0,0.0
2025-04-25 11:26:00-04:00,4.340000152587891,4.34499979019165,4.340000152587891,4.34499979019165,426,0.0,0.0
2025-04-25 11:27:00-04:00,4.34499979019165,4.34499979019165,4.34499979019165,4.34499979019165,2579,0.0,0.0
2025-04-25 11:28:00-04:00,4.34499979019165,4.34499979019165,4.340000152587891,4.34499979019165,3769,0.0,0.0
2025-04-25 11:29:00-04:00,4.34499979019165,4.34499979019165,4.34499979019165,4.34499979019165,3005,0.0,0.0
2025-04-25 11:30:00-04:00,4.34499979019165,4.34499979019165,4.34499979019165,4.34499979019165,1440,0.0,0.0
2025-04-25 11:31:00-04:00,4.34499979019165,4.34499979019165,4.34499979019165,4.34499979019165,3263,0.0,0.0
2025-04-25 11:32:00-04:00,4.34499979019165,4.34499979019165,4.340000152587891,4.34499979019165,3958,0.0,0.0
2025-04-25 11:33:00-04:00,4.34499979019165,4.34499979019165,4.335000038146973,4.34499979019165,41447,0.0,0.0
2025-04-25 11:34:00-04:00,4.34499979019165,4.349999904632568,4.34499979019165,4.34499979019165,517,0.0,0.0
2025-04-25 11:35:00-04:00,4.34499979019165,4.34499979019165,4.34499979019165,4.34499979019165,133,0.0,0.0
2025-04-25 11:36:00-04:00,4.34499979019165,4.34499979019165,4.340000152587891,4.34499979019165,2715,0.0,0.0
2025-04-25 11:37:00-04:00,4.34499979019165,4.34499979019165,4.34499979019165,4.34499979019165,293,0.0,0.0
2025-04-25 11:38:00-04:00,4.34499979019165,4.34499979019165,4.340000152587891,4.34499979019165,3178,0.0,0.0
2025-04-25 11:39:00-04:00,4.340000152587891,4.34499979019165,4.340000152587891,4.34499979019165,818,0.0,0.0
2025-04-25 11:40:00-04:00,4.340000152587891,4.349999904632568,4.340000152587891,4.349999904632568,1112,0.0,0.0
2025-04-25 11:41:00-04:00,4.349999904632568,4.355000019073486,4.349999904632568,4.355000019073486,8046,0.0,0.0
2025-04-25 11:42:00-04:00,4.355000019073486,4.355000019073486,4.355000019073486,4.355000019073486,231,0.0,0.0
2025-04-25 11:43:00-04:00,4.355000019073486,4.355000019073486,4.355000019073486,4.355000019073486,3357,0.0,0.0
2025-04-25 11:44:00-04:00,4.355000019073486,4.355000019073486,4.355000019073486,4.355000019073486,853,0.0,0.0
2025-04-25 11:46:00-04:00,4.355000019073486,4.355000019073486,4.355000019073486,4.355000019073486,2935,0.0,0.0
2025-04-25 11:47:00-04:00,4.355000019073486,4.369999885559082,4.355000019073486,4.364999771118164,8928,0.0,0.0
2025-04-25 11:49:00-04:00,4.360000133514404,4.369999885559082,4.360000133514404,4.364999771118164,3268,0.0,0.0
2025-04-25 11:50:00-04:00,4.369999885559082,4.375,4.369999885559082,4.375,9477,0.0,0.0
2025-04-25 11:51:00-04:00,4.375,4.375,4.369999885559082,4.369999885559082,10571,0.0,0.0
2025-04-25 11:52:00-04:00,4.375,4.375,4.375,4.375,377,0.0,0.0
2025-04-25 11:53:00-04:00,4.375,4.375,4.375,4.375,282,0.0,0.0
2025-04-25 11:54:00-04:00,4.375,4.375,4.375,4.375,292,0.0,0.0
2025-04-25 11:55:00-04:00,4.380000114440918,4.380000114440918,4.369999885559082,4.369999885559082,608,0.0,0.0
2025-04-25 11:56:00-04:00,4.375,4.380000114440918,4.369999885559082,4.369999885559082,2879,0.0,0.0
2025-04-25 11:57:00-04:00,4.375,4.375,4.375,4.375,257,0.0,0.0
2025-04-25 11:58:00-04:00,4.375,4.380000114440918,4.369999885559082,4.375,4147,0.0,0.0
2025-04-25 11:59:00-04:00,4.375,4.380000114440918,4.369999885559082,4.375,25433,0.0,0.0
2025-04-25 12:00:00-04:00,4.380000114440918,4.380000114440918,4.375,4.375,1220,0.0,0.0
2025-04-25 12:01:00-04:00,4.379199981689453,4.380000114440918,4.379199981689453,4.380000114440918,1621,0.0,0.0
2025-04-25 12:02:00-04:00,4.375,4.375,4.375,4.375,666,0.0,0.0
2025-04-25 12:03:00-04:00,4.380000114440918,4.380000114440918,4.380000114440918,4.380000114440918,3026,0.0,0.0
2025-04-25 12:04:00-04:00,4.380000114440918,4.380000114440918,4.375,4.375,4851,0.0,0.0
2025-04-25 12:06:00-04:00,4.380000114440918,4.389999866485596,4.380000114440918,4.385000228881836,7081,0.0,0.0
2025-04-25 12:07:00-04:00,4.385000228881836,4.389999866485596,4.385000228881836,4.389999866485596,4302,0.0,0.0
2025-04-25 12:09:00-04:00,4.389999866485596,4.389999866485596,4.389999866485596,4.389999866485596,2809,0.0,0.0
2025-04-25 12:10:00-04:00,4.389999866485596,4.394999980926514,4.385000228881836,4.394999980926514,3739,0.0,0.0
2025-04-25 12:11:00-04:00,4.394999980926514,4.400000095367432,4.389999866485596,4.389999866485596,5965,0.0,0.0
2025-04-25 12:12:00-04:00,4.394999980926514,4.400000095367432,4.394999980926514,4.400000095367432,2811,0.0,0.0
2025-04-25 12:13:00-04:00,4.389999866485596,4.394999980926514,4.389999866485596,4.394999980926514,845,0.0,0.0
2025-04-25 12:14:00-04:00,4.400000095367432,4.400000095367432,4.389999866485596,4.394999980926514,5597,0.0,0.0
2025-04-25 12:15:00-04:00,4.394999980926514,4.394999980926514,4.389999866485596,4.389999866485596,855,0.0,0.0
2025-04-25 12:16:00-04:00,4.394999980926514,4.400000095367432,4.389999866485596,4.394999980926514,2949,0.0,0.0
2025-04-25 12:17:00-04:00,4.394999980926514,4.394999980926514,4.389999866485596,4.394999980926514,978,0.0,0.0
2025-04-25 12:18:00-04:00,4.394999980926514,4.394999980926514,4.394999980926514,4.394999980926514,668,0.0,0.0
2025-04-25 12:19:00-04:00,4.394999980926514,4.394999980926514,4.389999866485596,4.394999980926514,1642,0.0,0.0
2025-04-25 12:20:00-04:00,4.394999980926514,4.394999980926514,4.394999980926514,4.394999980926514,277,0.0,0.0
2025-04-25 12:21:00-04:00,4.394999980926514,4.394999980926514,4.369999885559082,4.375,18428,0.0,0.0
2025-04-25 12:22:00-04:00,4.375,4.380000114440918,4.375,4.380000114440918,269,0.0,0.0
2025-04-25 12:23:00-04:00,4.375,4.375,4.375,4.375,1101,0.0,0.0
2025-04-25 12:24:00-04:00,4.375,4.375,4.369999885559082,4.369999885559082,906,0.0,0.0
2025-04-25 12:25:00-04:00,4.375,4.375,4.375,4.375,228,0.0,0.0
2025-04-25 12:26:00-04:00,4.369999885559082,4.375,4.369999885559082,4.375,757,0.0,0.0
2025-04-25 12:28:00-04:00,4.369999885559082,4.369999885559082,4.360000133514404,4.360000133514404,8419,0.0,0.0
2025-04-25 12:29:00-04:00,4.364999771118164,4.364999771118164,4.364999771118164,4.364999771118164,937,0.0,0.0
2025-04-25 12:32:00-04:00,4.360000133514404,4.360000133514404,4.360000133514404,4.360000133514404,638,0.0,0.0
2025-04-25 12:33:00-04:00,4.360000133514404,4.360000133514404,4.360000133514404,4.360000133514404,111,0.0,0.0
2025-04-25 12:34:00-04:00,4.360000133514404,4.360000133514404,4.360000133514404,4.360000133514404,537,0.0,0.0
2025-04-25 12:35:00-04:00,4.360000133514404,4.360000133514404,4.360000133514404,4.360000133514404,211,0.0,0.0
2025-04-25 12:36:00-04:00,4.360000133514404,4.360000133514404,4.360000133514404,4.360000133514404,300,0.0,0.0
2025-04-25 12:37:00-04:00,4.360000133514404,4.360000133514404,4.360000133514404,4.360000133514404,237,0.0,0.0
2025-04-25 12:38:00-04:00,4.360000133514404,4.360000133514404,4.360000133514404,4.360000133514404,144,0.0,0.0
2025-04-25 12:39:00-04:00,4.364999771118164,4.364999771118164,4.360000133514404,4.364999771118164,886,0.0,0.0
2025-04-25 12:40:00-04:00,4.360000133514404,4.360000133514404,4.355000019073486,4.355000019073486,9765,0.0,0.0
2025-04-25 12:41:00-04:00,4.349999904632568,4.349999904632568,4.349999904632568,4.349999904632568,100,0.0,0.0
2025-04-25 12:42:00-04:00,4.355000019073486,4.355000019073486,4.355000019073486,4.355000019073486,637,0.0,0.0
2025-04-25 12:43:00-04:00,4.355000019073486,4.355000019073486,4.355000019073486,4.355000019073486,250,0.0,0.0
2025-04-25 12:44:00-04:00,4.349999904632568,4.360000133514404,4.349999904632568,4.360000133514404,733,0.0,0.0
2025-04-25 12:45:00-04:00,4.349999904632568,4.355000019073486,4.349999904632568,4.349999904632568,469,0.0,0.0
2025-04-25 12:46:00-04:00,4.355000019073486,4.355000019073486,4.355000019073486,4.355000019073486,485,0.0,0.0
2025-04-25 12:47:00-04:00,4.349999904632568,4.355000019073486,4.349999904632568,4.355000019073486,346,0.0,0.0
2025-04-25 12:48:00-04:00,4.355000019073486,4.360000133514404,4.349999904632568,4.360000133514404,11761,0.0,0.0
2025-04-25 12:49:00-04:00,4.351099967956543,4.355000019073486,4.349999904632568,4.355000019073486,731,0.0,0.0
2025-04-25 12:50:00-04:00,4.349999904632568,4.355000019073486,4.349999904632568,4.355000019073486,2278,0.0,0.0
2025-04-25 12:52:00-04:00,4.355000019073486,4.355000019073486,4.355000019073486,4.355000019073486,277,0.0,0.0
2025-04-25 12:53:00-04:00,4.355000019073486,4.355000019073486,4.355000019073486,4.355000019073486,2265,0.0,0.0
2025-04-25 12:54:00-04:00,4.355000019073486,4.355000019073486,4.355000019073486,4.355000019073486,100,0.0,0.0
2025-04-25 12:55:00-04:00,4.355000019073486,4.355000019073486,4.355000019073486,4.355000019073486,576,0.0,0.0
2025-04-25 12:57:00-04:00,4.355000019073486,4.355000019073486,4.349999904632568,4.355000019073486,14486,0.0,0.0
2025-04-25 12:58:00-04:00,4.355000019073486,4.355000019073486,4.349999904632568,4.349999904632568,1035,0.0,0.0
2025-04-25 12:59:00-04:00,4.349999904632568,4.349999904632568,4.349999904632568,4.349999904632568,478,0.0,0.0
2025-04-25 13:00:00-04:00,4.355000019073486,4.355000019073486,4.349999904632568,4.355000019073486,1054,0.0,0.0
2025-04-25 13:02:00-04:00,4.360000133514404,4.364999771118164,4.360000133514404,4.364999771118164,12338,0.0,0.0
2025-04-25 13:03:00-04:00,4.364999771118164,4.364999771118164,4.364999771118164,4.364999771118164,802,0.0,0.0
2025-04-25 13:06:00-04:00,4.369999885559082,4.369999885559082,4.369999885559082,4.369999885559082,1023,0.0,0.0
2025-04-25 13:07:00-04:00,4.369999885559082,4.369999885559082,4.369999885559082,4.369999885559082,336,0.0,0.0
2025-04-25 13:08:00-04:00,4.369999885559082,4.369999885559082,4.369999885559082,4.369999885559082,100,0.0,0.0
2025-04-25 13:09:00-04:00,4.360000133514404,4.364999771118164,4.360000133514404,4.364999771118164,645,0.0,0.0
2025-04-25 13:12:00-04:00,4.364999771118164,4.364999771118164,4.364999771118164,4.364999771118164,883,0.0,0.0
2025-04-25 13:19:00-04:00,4.369999885559082,4.369999885559082,4.369999885559082,4.369999885559082,380,0.0,0.0
2025-04-25 13:22:00-04:00,4.360000133514404,4.360000133514404,4.360000133514404,4.360000133514404,632,0.0,0.0
2025-04-25 13:23:00-04:00,4.360000133514404,4.364999771118164,4.360000133514404,4.364999771118164,724,0.0,0.0
2025-04-25 13:24:00-04:00,4.364999771118164,4.364999771118164,4.364999771118164,4.364999771118164,260,0.0,0.0
2025-04-25 13:25:00-04:00,4.360000133514404,4.360000133514404,4.360000133514404,4.360000133514404,175,0.0,0.0
2025-04-25 13:27:00-04:00,4.364999771118164,4.369999885559082,4.364999771118164,4.369999885559082,1459,0.0,0.0
2025-04-25 13:28:00-04:00,4.364999771118164,4.364999771118164,4.364999771118164,4.364999771118164,100,0.0,0.0
2025-04-25 13:29:00-04:00,4.369999885559082,4.375,4.369999885559082,4.375,7151,0.0,0.0
2025-04-25 13:30:00-04:00,4.375,4.375,4.349999904632568,4.349999904632568,47435,0.0,0.0
2025-04-25 13:31:00-04:00,4.349999904632568,4.355000019073486,4.349999904632568,4.349999904632568,1282,0.0,0.0
2025-04-25 13:32:00-04:00,4.355000019073486,4.360000133514404,4.355000019073486,4.355000019073486,2048,0.0,0.0
2025-04-25 13:33:00-04:00,4.355000019073486,4.355000019073486,4.355000019073486,4.355000019073486,300,0.0,0.0
2025-04-25 13:34:00-04:00,4.355000019073486,4.355000019073486,4.355000019073486,4.355000019073486,1516,0.0,0.0
2025-04-25 13:35:00-04:00,4.349999904632568,4.355000019073486,4.349999904632568,4.355000019073486,1101,0.0,0.0
2025-04-25 13:36:00-04:00,4.349999904632568,4.349999904632568,4.349999904632568,4.349999904632568,118,0.0,0.0
2025-04-25 13:37:00-04:00,4.349999904632568,4.35890007019043,4.349999904632568,4.355000019073486,2508,0.0,0.0
2025-04-25 13:38:00-04:00,4.355000019073486,4.355000019073486,4.349999904632568,4.349999904632568,24085,0.0,0.0
2025-04-25 13:39:00-04:00,4.355000019073486,4.355000019073486,4.349999904632568,4.355000019073486,11344,0.0,0.0
2025-04-25 13:40:00-04:00,4.355000019073486,4.355000019073486,4.355000019073486,4.355000019073486,799,0.0,0.0
2025-04-25 13:41:00-04:00,4.355000019073486,4.355000019073486,4.349999904632568,4.349999904632568,1867,0.0,0.0
2025-04-25 13:42:00-04:00,4.349999904632568,4.355000019073486,4.349999904632568,4.355000019073486,250,0.0,0.0
2025-04-25 13:43:00-04:00,4.349999904632568,4.349999904632568,4.349999904632568,4.349999904632568,295,0.0,0.0
2025-04-25 13:44:00-04:00,4.349999904632568,4.360000133514404,4.34499979019165,4.349999904632568,21617,0.0,0.0
2025-04-25 13:45:00-04:00,4.349999904632568,4.355000019073486,4.349999904632568,4.349999904632568,1576,0.0,0.0
2025-04-25 13:46:00-04:00,4.349999904632568,4.349999904632568,4.349999904632568,4.349999904632568,977,0.0,0.0
2025-04-25 13:47:00-04:00,4.349999904632568,4.349999904632568,4.349999904632568,4.349999904632568,469,0.0,0.0
2025-04-25 13:48:00-04:00,4.355000019073486,4.355000019073486,4.355000019073486,4.355000019073486,347,0.0,0.0
2025-04-25 13:49:00-04:00,4.355000019073486,4.355000019073486,4.349999904632568,4.355000019073486,13323,0.0,0.0
2025-04-25 13:50:00-04:00,4.349999904632568,4.355000019073486,4.349999904632568,4.355000019073486,769,0.0,0.0
2025-04-25 13:51:00-04:00,4.355000019073486,4.355000019073486,4.349999904632568,4.349999904632568,1337,0.0,0.0
2025-04-25 13:52:00-04:00,4.355000019073486,4.355000019073486,4.349999904632568,4.355000019073486,2938,0.0,0.0
2025-04-25 13:53:00-04:00,4.355000019073486,4.355000019073486,4.349999904632568,4.355000019073486,2654,0.0,0.0
2025-04-25 13:54:00-04:00,4.355000019073486,4.355000019073486,4.349999904632568,4.355000019073486,6924,0.0,0.0
2025-04-25 13:55:00-04:00,4.355000019073486,4.355000019073486,4.349999904632568,4.355000019073486,7901,0.0,0.0
2025-04-25 13:56:00-04:00,4.349999904632568,4.355000019073486,4.349999904632568,4.349999904632568,9859,0.0,0.0
2025-04-25 13:57:00-04:00,4.349999904632568,4.355000019073486,4.349999904632568,4.355000019073486,4200,0.0,0.0
2025-04-25 13:58:00-04:00,4.349999904632568,4.355000019073486,4.349999904632568,4.355000019073486,778,0.0,0.0
2025-04-25 13:59:00-04:00,4.349999904632568,4.355000019073486,4.349999904632568,4.355000019073486,1168,0.0,0.0
2025-04-25 14:00:00-04:00,4.355000019073486,4.355000019073486,4.349999904632568,4.349999904632568,948,0.0,0.0
2025-04-25 14:01:00-04:00,4.355000019073486,4.355000019073486,4.349999904632568,4.349999904632568,1530,0.0,0.0
2025-04-25 14:02:00-04:00,4.355000019073486,4.355000019073486,4.355000019073486,4.355000019073486,3486,0.0,0.0
2025-04-25 14:03:00-04:00,4.354499816894531,4.354499816894531,4.354499816894531,4.354499816894531,414,0.0,0.0
2025-04-25 14:04:00-04:00,4.355000019073486,4.355000019073486,4.349999904632568,4.349999904632568,841,0.0,0.0
2025-04-25 14:05:00-04:00,4.349999904632568,4.355000019073486,4.349999904632568,4.349999904632568,688,0.0,0.0
2025-04-25 14:07:00-04:00,4.355000019073486,4.355000019073486,4.355000019073486,4.355000019073486,1848,0.0,0.0
2025-04-25 14:09:00-04:00,4.360000133514404,4.360000133514404,4.355000019073486,4.355000019073486,566,0.0,0.0
2025-04-25 14:10:00-04:00,4.360000133514404,4.364999771118164,4.360000133514404,4.364999771118164,6073,0.0,0.0
2025-04-25 14:11:00-04:00,4.364999771118164,4.364999771118164,4.364999771118164,4.364999771118164,930,0.0,0.0
2025-04-25 14:13:00-04:00,4.364999771118164,4.369999885559082,4.364999771118164,4.369999885559082,1085,0.0,0.0
2025-04-25 14:14:00-04:00,4.364999771118164,4.369999885559082,4.364999771118164,4.364999771118164,2972,0.0,0.0
2025-04-25 14:15:00-04:00,4.366499900817871,4.366499900817871,4.366499900817871,4.366499900817871,746,0.0,0.0
2025-04-25 14:17:00-04:00,4.369999885559082,4.369999885559082,4.364999771118164,4.369999885559082,1222,0.0,0.0
2025-04-25 14:18:00-04:00,4.364999771118164,4.369999885559082,4.364999771118164,4.369999885559082,2856,0.0,0.0
2025-04-25 14:19:00-04:00,4.369999885559082,4.369999885559082,4.369999885559082,4.369999885559082,926,0.0,0.0
2025-04-25 14:20:00-04:00,4.369999885559082,4.369999885559082,4.369999885559082,4.369999885559082,752,0.0,0.0
2025-04-25 14:21:00-04:00,4.369999885559082,4.369999885559082,4.369999885559082,4.369999885559082,7016,0.0,0.0
2025-04-25 14:22:00-04:00,4.369999885559082,4.375,4.369999885559082,4.375,1543,0.0,0.0
2025-04-25 14:23:00-04:00,4.380000114440918,4.380000114440918,4.375,4.375,2320,0.0,0.0
2025-04-25 14:25:00-04:00,4.380000114440918,4.380000114440918,4.380000114440918,4.380000114440918,1030,0.0,0.0
2025-04-25 14:26:00-04:00,4.369999885559082,4.369999885559082,4.369999885559082,4.369999885559082,224,0.0,0.0
2025-04-25 14:27:00-04:00,4.369999885559082,4.375,4.369999885559082,4.369999885559082,784,0.0,0.0
2025-04-25 14:28:00-04:00,4.375,4.375,4.375,4.375,3527,0.0,0.0
2025-04-25 14:30:00-04:00,4.375,4.378799915313721,4.375,4.378799915313721,882,0.0,0.0
2025-04-25 14:31:00-04:00,4.375,4.375,4.375,4.375,2002,0.0,0.0
2025-04-25 14:32:00-04:00,4.375,4.375,4.375,4.375,2196,0.0,0.0
2025-04-25 14:33:00-04:00,4.375,4.385000228881836,4.369999885559082,4.385000228881836,17120,0.0,0.0
2025-04-25 14:34:00-04:00,4.385000228881836,4.385000228881836,4.385000228881836,4.385000228881836,3311,0.0,0.0
2025-04-25 14:35:00-04:00,4.385000228881836,4.385000228881836,4.369999885559082,4.380000114440918,69449,0.0,0.0
2025-04-25 14:36:00-04:00,4.375,4.389999866485596,4.375,4.385000228881836,7218,0.0,0.0
2025-04-25 14:37:00-04:00,4.385000228881836,4.389999866485596,4.385000228881836,4.389999866485596,466,0.0,0.0
2025-04-25 14:38:00-04:00,4.389999866485596,4.389999866485596,4.389999866485596,4.389999866485596,352,0.0,0.0
2025-04-25 14:39:00-04:00,4.389999866485596,4.389999866485596,4.389999866485596,4.389999866485596,424,0.0,0.0
2025-04-25 14:40:00-04:00,4.389999866485596,4.389999866485596,4.389999866485596,4.389999866485596,549,0.0,0.0
2025-04-25 14:41:00-04:00,4.389999866485596,4.389999866485596,4.389999866485596,4.389999866485596,1921,0.0,0.0
2025-04-25 14:42:00-04:00,4.385000228881836,4.385000228881836,4.385000228881836,4.385000228881836,1468,0.0,0.0
2025-04-25 14:43:00-04:00,4.385000228881836,4.385000228881836,4.385000228881836,4.385000228881836,134,0.0,0.0
2025-04-25 14:44:00-04:00,4.385000228881836,4.385000228881836,4.385000228881836,4.385000228881836,779,0.0,0.0
2025-04-25 14:45:00-04:00,4.385000228881836,4.385000228881836,4.385000228881836,4.385000228881836,1017,0.0,0.0
2025-04-25 14:46:00-04:00,4.385000228881836,4.385000228881836,4.385000228881836,4.385000228881836,703,0.0,0.0
2025-04-25 14:47:00-04:00,4.385000228881836,4.385000228881836,4.385000228881836,4.385000228881836,3611,0.0,0.0
2025-04-25 14:48:00-04:00,4.380000114440918,4.385000228881836,4.380000114440918,4.385000228881836,1602,0.0,0.0
2025-04-25 14:49:00-04:00,4.385000228881836,4.385000228881836,4.385000228881836,4.385000228881836,348,0.0,0.0
2025-04-25 14:50:00-04:00,4.380000114440918,4.385000228881836,4.380000114440918,4.385000228881836,1649,0.0,0.0
2025-04-25 14:51:00-04:00,4.385000228881836,4.385000228881836,4.385000228881836,4.385000228881836,7989,0.0,0.0
2025-04-25 14:52:00-04:00,4.385000228881836,4.385000228881836,4.380000114440918,4.385000228881836,1896,0.0,0.0
2025-04-25 14:53:00-04:00,4.385000228881836,4.385000228881836,4.380000114440918,4.385000228881836,4568,0.0,0.0
2025-04-25 14:54:00-04:00,4.385000228881836,4.385000228881836,4.385000228881836,4.385000228881836,212,0.0,0.0
2025-04-25 14:55:00-04:00,4.385000228881836,4.385000228881836,4.380000114440918,4.385000228881836,1448,0.0,0.0
2025-04-25 14:56:00-04:00,4.385000228881836,4.385000228881836,4.380000114440918,4.385000228881836,1802,0.0,0.0
2025-04-25 14:57:00-04:00,4.385000228881836,4.385000228881836,4.380000114440918,4.385000228881836,3365,0.0,0.0
2025-04-25 14:58:00-04:00,4.380000114440918,4.385000228881836,4.380000114440918,4.380000114440918,7947,0.0,0.0
2025-04-25 14:59:00-04:00,4.385000228881836,4.385000228881836,4.380000114440918,4.385000228881836,2505,0.0,0.0
2025-04-25 15:00:00-04:00,4.385000228881836,4.385000228881836,4.380000114440918,4.380000114440918,10553,0.0,0.0
2025-04-25 15:01:00-04:00,4.380000114440918,4.385000228881836,4.380000114440918,4.380000114440918,5849,0.0,0.0
2025-04-25 15:02:00-04:00,4.385000228881836,4.385000228881836,4.385000228881836,4.385000228881836,1110,0.0,0.0
2025-04-25 15:03:00-04:00,4.380000114440918,4.385000228881836,4.380000114440918,4.380000114440918,906,0.0,0.0
2025-04-25 15:04:00-04:00,4.380000114440918,4.385000228881836,4.380000114440918,4.385000228881836,3768,0.0,0.0
2025-04-25 15:05:00-04:00,4.385000228881836,4.385000228881836,4.380000114440918,4.385000228881836,906,0.0,0.0
2025-04-25 15:06:00-04:00,4.385000228881836,4.385000228881836,4.385000228881836,4.385000228881836,816,0.0,0.0
2025-04-25 15:07:00-04:00,4.385000228881836,4.385000228881836,4.380000114440918,4.385000228881836,18561,0.0,0.0
2025-04-25 15:08:00-04:00,4.385000228881836,4.385000228881836,4.380000114440918,4.385000228881836,12722,0.0,0.0
2025-04-25 15:09:00-04:00,4.385000228881836,4.388800144195557,4.380000114440918,4.380000114440918,1034,0.0,0.0
2025-04-25 15:10:00-04:00,4.385000228881836,4.385000228881836,4.380000114440918,4.380000114440918,947,0.0,0.0
2025-04-25 15:11:00-04:00,4.380000114440918,4.380000114440918,4.380000114440918,4.380000114440918,563,0.0,0.0
2025-04-25 15:12:00-04:00,4.380000114440918,4.389900207519531,4.380000114440918,4.385000228881836,1766,0.0,0.0
2025-04-25 15:13:00-04:00,4.385000228881836,4.385000228881836,4.380000114440918,4.380000114440918,12535,0.0,0.0
2025-04-25 15:14:00-04:00,4.369999885559082,4.369999885559082,4.360000133514404,4.360000133514404,5395,0.0,0.0
2025-04-25 15:15:00-04:00,4.364999771118164,4.364999771118164,4.364999771118164,4.364999771118164,451,0.0,0.0
2025-04-25 15:16:00-04:00,4.364999771118164,4.369999885559082,4.364999771118164,4.369999885559082,8613,0.0,0.0
2025-04-25 15:17:00-04:00,4.375,4.375,4.375,4.375,514,0.0,0.0
2025-04-25 15:18:00-04:00,4.375,4.375,4.375,4.375,578,0.0,0.0
2025-04-25 15:19:00-04:00,4.375,4.375,4.369999885559082,4.375,2615,0.0,0.0
2025-04-25 15:20:00-04:00,4.375,4.375,4.369999885559082,4.369999885559082,534,0.0,0.0
2025-04-25 15:21:00-04:00,4.375,4.380000114440918,4.369999885559082,4.379000186920166,1936,0.0,0.0
2025-04-25 15:23:00-04:00,4.375,4.375,4.375,4.375,2190,0.0,0.0
2025-04-25 15:24:00-04:00,4.380000114440918,4.385000228881836,4.375,4.385000228881836,9228,0.0,0.0
2025-04-25 15:25:00-04:00,4.380000114440918,4.385000228881836,4.380000114440918,4.385000228881836,2225,0.0,0.0
2025-04-25 15:26:00-04:00,4.385000228881836,4.389999866485596,4.385000228881836,4.385000228881836,8163,0.0,0.0
2025-04-25 15:27:00-04:00,4.385000228881836,4.385000228881836,4.380000114440918,4.385000228881836,14154,0.0,0.0
2025-04-25 15:28:00-04:00,4.385000228881836,4.385000228881836,4.375,4.380000114440918,31279,0.0,0.0
2025-04-25 15:29:00-04:00,4.380000114440918,4.380000114440918,4.380000114440918,4.380000114440918,1046,0.0,0.0
2025-04-25 15:30:00-04:00,4.375,4.375,4.369999885559082,4.375,1429,0.0,0.0
2025-04-25 15:31:00-04:00,4.375,4.375,4.375,4.375,1824,0.0,0.0
2025-04-25 15:32:00-04:00,4.369999885559082,4.375,4.369999885559082,4.375,1818,0.0,0.0
2025-04-25 15:33:00-04:00,4.380000114440918,4.380000114440918,4.375,4.380000114440918,2822,0.0,0.0
2025-04-25 15:34:00-04:00,4.380000114440918,4.380000114440918,4.375,4.375,2272,0.0,0.0
2025-04-25 15:35:00-04:00,4.375,4.380000114440918,4.369999885559082,4.369999885559082,10802,0.0,0.0
2025-04-25 15:36:00-04:00,4.375,4.380000114440918,4.375,4.375,2613,0.0,0.0
2025-04-25 15:37:00-04:00,4.375,4.375,4.375,4.375,313,0.0,0.0
2025-04-25 15:38:00-04:00,4.375,4.380000114440918,4.375,4.375,1328,0.0,0.0
2025-04-25 15:39:00-04:00,4.369999885559082,4.375,4.369999885559082,4.375,2955,0.0,0.0
2025-04-25 15:40:00-04:00,4.375,4.380000114440918,4.369999885559082,4.375,10302,0.0,0.0
2025-04-25 15:41:00-04:00,4.369999885559082,4.380000114440918,4.369999885559082,4.375,9336,0.0,0.0
2025-04-25 15:42:00-04:00,4.369999885559082,4.380000114440918,4.369999885559082,4.380000114440918,3025,0.0,0.0
2025-04-25 15:43:00-04:00,4.380000114440918,4.380000114440918,4.375,4.375,3001,0.0,0.0
2025-04-25 15:44:00-04:00,4.375,4.380000114440918,4.375,4.380000114440918,1174,0.0,0.0
2025-04-25 15:45:00-04:00,4.380000114440918,4.389999866485596,4.379499912261963,4.385000228881836,36382,0.0,0.0
2025-04-25 15:46:00-04:00,4.385000228881836,4.385000228881836,4.380000114440918,4.385000228881836,16163,0.0,0.0
2025-04-25 15:47:00-04:00,4.385000228881836,4.389999866485596,4.385000228881836,4.389999866485596,4527,0.0,0.0
2025-04-25 15:48:00-04:00,4.389999866485596,4.389999866485596,4.385000228881836,4.385000228881836,7731,0.0,0.0
2025-04-25 15:49:00-04:00,4.385000228881836,4.389999866485596,4.385000228881836,4.389999866485596,2180,0.0,0.0
2025-04-25 15:50:00-04:00,4.385000228881836,4.389999866485596,4.385000228881836,4.389999866485596,7100,0.0,0.0
2025-04-25 15:51:00-04:00,4.389999866485596,4.400000095367432,4.389500141143799,4.394999980926514,9437,0.0,0.0
2025-04-25 15:52:00-04:00,4.394999980926514,4.400000095367432,4.394999980926514,4.394999980926514,4054,0.0,0.0
2025-04-25 15:53:00-04:00,4.394999980926514,4.400000095367432,4.394999980926514,4.394999980926514,5677,0.0,0.0
2025-04-25 15:54:00-04:00,4.400000095367432,4.400000095367432,4.394999980926514,4.400000095367432,4454,0.0,0.0
2025-04-25 15:55:00-04:00,4.394999980926514,4.399499893188477,4.389999866485596,4.394999980926514,8112,0.0,0.0
2025-04-25 15:56:00-04:00,4.394999980926514,4.400000095367432,4.389999866485596,4.394999980926514,41330,0.0,0.0
2025-04-25 15:57:00-04:00,4.394999980926514,4.400000095367432,4.389999866485596,4.400000095367432,38022,0.0,0.0
2025-04-25 15:58:00-04:00,4.39109992980957,4.400000095367432,4.39109992980957,4.394999980926514,6875,0.0,0.0
2025-04-25 15:59:00-04:00,4.394999980926514,4.400000095367432,4.389999866485596,4.400000095367432,64745,0.0,0.0
