Datetime,Open,High,Low,Close,Volume,Dividends,Stock Splits
2025-04-21 09:30:00-04:00,5.699999809265137,5.75,5.699999809265137,5.75,15263,0.0,0.0
2025-04-21 09:31:00-04:00,5.744999885559082,5.755000114440918,5.74399995803833,5.755000114440918,3201,0.0,0.0
2025-04-21 09:32:00-04:00,5.769999980926514,5.789999961853027,5.739999771118164,5.789999961853027,635,0.0,0.0
2025-04-21 09:33:00-04:00,5.829999923706055,5.829999923706055,5.829999923706055,5.829999923706055,586,0.0,0.0
2025-04-21 09:34:00-04:00,5.909999847412109,5.923999786376953,5.894999980926514,5.909999847412109,4343,0.0,0.0
2025-04-21 09:35:00-04:00,5.929999828338623,5.949999809265137,5.909999847412109,5.949999809265137,3478,0.0,0.0
2025-04-21 09:36:00-04:00,5.940000057220459,5.940000057220459,5.918799877166748,5.918799877166748,2077,0.0,0.0
2025-04-21 09:37:00-04:00,5.920000076293945,5.920000076293945,5.833000183105469,5.833000183105469,4497,0.0,0.0
2025-04-21 09:38:00-04:00,5.860000133514404,5.860000133514404,5.860000133514404,5.860000133514404,1600,0.0,0.0
2025-04-21 09:39:00-04:00,5.860000133514404,5.860000133514404,5.855199813842773,5.860000133514404,632,0.0,0.0
2025-04-21 09:41:00-04:00,5.849999904632568,5.855000019073486,5.848800182342529,5.849999904632568,3720,0.0,0.0
2025-04-21 09:42:00-04:00,5.849999904632568,5.849999904632568,5.849999904632568,5.849999904632568,823,0.0,0.0
2025-04-21 09:45:00-04:00,5.849999904632568,5.849999904632568,5.849999904632568,5.849999904632568,750,0.0,0.0
2025-04-21 09:47:00-04:00,5.860000133514404,5.860000133514404,5.860000133514404,5.860000133514404,274,0.0,0.0
2025-04-21 09:48:00-04:00,5.860000133514404,5.860000133514404,5.860000133514404,5.860000133514404,200,0.0,0.0
2025-04-21 09:49:00-04:00,5.880000114440918,5.889999866485596,5.869999885559082,5.889999866485596,1902,0.0,0.0
2025-04-21 09:50:00-04:00,5.925000190734863,5.933199882507324,5.925000190734863,5.933199882507324,681,0.0,0.0
2025-04-21 09:51:00-04:00,5.960000038146973,5.976900100708008,5.960000038146973,5.965000152587891,4570,0.0,0.0
2025-04-21 09:52:00-04:00,5.96999979019165,6.010000228881836,5.96999979019165,6.010000228881836,2961,0.0,0.0
2025-04-21 09:53:00-04:00,6.005000114440918,6.019999980926514,6.005000114440918,6.005000114440918,4559,0.0,0.0
2025-04-21 09:54:00-04:00,6.005000114440918,6.019999980926514,6.005000114440918,6.010000228881836,960,0.0,0.0
2025-04-21 09:55:00-04:00,6.0096001625061035,6.010000228881836,5.989999771118164,6.0,2515,0.0,0.0
2025-04-21 09:56:00-04:00,5.994999885559082,6.010000228881836,5.988800048828125,5.988800048828125,1285,0.0,0.0
2025-04-21 09:57:00-04:00,6.0,6.0,5.980000019073486,5.980000019073486,4427,0.0,0.0
2025-04-21 09:58:00-04:00,6.0,6.0,5.940000057220459,5.940000057220459,6672,0.0,0.0
2025-04-21 09:59:00-04:00,5.925000190734863,5.929999828338623,5.914999961853027,5.929999828338623,3705,0.0,0.0
2025-04-21 10:00:00-04:00,5.940000057220459,5.940000057220459,5.940000057220459,5.940000057220459,1241,0.0,0.0
2025-04-21 10:01:00-04:00,5.945000171661377,5.989999771118164,5.945000171661377,5.989999771118164,2335,0.0,0.0
2025-04-21 10:02:00-04:00,5.96999979019165,5.989999771118164,5.96999979019165,5.980000019073486,7856,0.0,0.0
2025-04-21 10:03:00-04:00,5.96999979019165,5.980000019073486,5.940000057220459,5.945000171661377,5127,0.0,0.0
2025-04-21 10:04:00-04:00,5.940000057220459,5.940000057220459,5.934999942779541,5.934999942779541,324,0.0,0.0
2025-04-21 10:05:00-04:00,5.934999942779541,5.96999979019165,5.934999942779541,5.96999979019165,5233,0.0,0.0
2025-04-21 10:06:00-04:00,5.980000019073486,5.980000019073486,5.980000019073486,5.980000019073486,578,0.0,0.0
2025-04-21 10:07:00-04:00,5.96999979019165,5.989999771118164,5.96999979019165,5.989999771118164,554,0.0,0.0
2025-04-21 10:08:00-04:00,5.985300064086914,5.985300064086914,5.985300064086914,5.985300064086914,1018,0.0,0.0
2025-04-21 10:09:00-04:00,5.989999771118164,5.989999771118164,5.989999771118164,5.989999771118164,1177,0.0,0.0
2025-04-21 10:10:00-04:00,6.019999980926514,6.034999847412109,6.019999980926514,6.034999847412109,1833,0.0,0.0
2025-04-21 10:11:00-04:00,6.0432000160217285,6.050000190734863,6.03000020980835,6.039999961853027,964,0.0,0.0
2025-04-21 10:12:00-04:00,6.03000020980835,6.039999961853027,6.010000228881836,6.019999980926514,8345,0.0,0.0
2025-04-21 10:13:00-04:00,6.010000228881836,6.050000190734863,6.010000228881836,6.039999961853027,19601,0.0,0.0
2025-04-21 10:15:00-04:00,6.041200160980225,6.050000190734863,6.041200160980225,6.050000190734863,1359,0.0,0.0
2025-04-21 10:17:00-04:00,6.050000190734863,6.090000152587891,6.050000190734863,6.070000171661377,5910,0.0,0.0
2025-04-21 10:18:00-04:00,6.059999942779541,6.059999942779541,6.059999942779541,6.059999942779541,334,0.0,0.0
2025-04-21 10:20:00-04:00,6.059999942779541,6.070000171661377,6.059999942779541,6.059999942779541,1885,0.0,0.0
2025-04-21 10:21:00-04:00,6.059999942779541,6.065000057220459,6.03000020980835,6.03000020980835,5930,0.0,0.0
2025-04-21 10:22:00-04:00,6.039999961853027,6.039999961853027,6.005000114440918,6.005000114440918,2309,0.0,0.0
2025-04-21 10:23:00-04:00,6.019999980926514,6.019999980926514,6.019999980926514,6.019999980926514,396,0.0,0.0
2025-04-21 10:25:00-04:00,6.019999980926514,6.03000020980835,6.019999980926514,6.03000020980835,10833,0.0,0.0
2025-04-21 10:26:00-04:00,6.03000020980835,6.03000020980835,6.019999980926514,6.03000020980835,850,0.0,0.0
2025-04-21 10:27:00-04:00,6.019999980926514,6.019999980926514,6.010000228881836,6.010000228881836,613,0.0,0.0
2025-04-21 10:28:00-04:00,6.010000228881836,6.010000228881836,5.989999771118164,5.989999771118164,2834,0.0,0.0
2025-04-21 10:29:00-04:00,5.96999979019165,5.96999979019165,5.945000171661377,5.949999809265137,976,0.0,0.0
2025-04-21 10:30:00-04:00,5.949999809265137,5.960000038146973,5.945000171661377,5.960000038146973,1863,0.0,0.0
2025-04-21 10:31:00-04:00,5.945000171661377,5.965000152587891,5.945000171661377,5.965000152587891,4923,0.0,0.0
2025-04-21 10:32:00-04:00,5.96999979019165,5.980000019073486,5.96999979019165,5.970099925994873,1412,0.0,0.0
2025-04-21 10:33:00-04:00,5.980000019073486,5.980000019073486,5.980000019073486,5.980000019073486,671,0.0,0.0
2025-04-21 10:34:00-04:00,5.985000133514404,5.989999771118164,5.985000133514404,5.989999771118164,677,0.0,0.0
2025-04-21 10:35:00-04:00,6.0,6.019999980926514,6.0,6.014999866485596,2799,0.0,0.0
2025-04-21 10:36:00-04:00,6.03000020980835,6.039999961853027,6.03000020980835,6.039999961853027,1125,0.0,0.0
2025-04-21 10:37:00-04:00,6.03000020980835,6.039999961853027,6.03000020980835,6.03000020980835,4536,0.0,0.0
2025-04-21 10:38:00-04:00,6.03000020980835,6.039999961853027,6.019999980926514,6.019999980926514,3054,0.0,0.0
2025-04-21 10:39:00-04:00,6.010000228881836,6.014999866485596,6.005000114440918,6.005000114440918,3774,0.0,0.0
2025-04-21 10:40:00-04:00,6.010000228881836,6.010000228881836,6.010000228881836,6.010000228881836,1466,0.0,0.0
2025-04-21 10:41:00-04:00,6.019999980926514,6.019999980926514,6.000100135803223,6.019999980926514,5605,0.0,0.0
2025-04-21 10:42:00-04:00,6.010000228881836,6.019999980926514,5.994999885559082,5.994999885559082,1886,0.0,0.0
2025-04-21 10:43:00-04:00,5.989999771118164,5.989999771118164,5.989999771118164,5.989999771118164,393,0.0,0.0
2025-04-21 10:44:00-04:00,5.980199813842773,6.0,5.980199813842773,6.0,421,0.0,0.0
2025-04-21 10:45:00-04:00,5.994999885559082,5.994999885559082,5.985000133514404,5.989999771118164,1886,0.0,0.0
2025-04-21 10:46:00-04:00,5.980000019073486,5.980000019073486,5.968999862670898,5.968999862670898,1787,0.0,0.0
2025-04-21 10:47:00-04:00,5.96999979019165,5.980000019073486,5.96999979019165,5.96999979019165,908,0.0,0.0
2025-04-21 10:48:00-04:00,5.96999979019165,5.980000019073486,5.954999923706055,5.96999979019165,2745,0.0,0.0
2025-04-21 10:49:00-04:00,5.960000038146973,5.960000038146973,5.949999809265137,5.949999809265137,1444,0.0,0.0
2025-04-21 10:50:00-04:00,5.940000057220459,5.940000057220459,5.909999847412109,5.920000076293945,2125,0.0,0.0
2025-04-21 10:52:00-04:00,5.909999847412109,5.909999847412109,5.889999866485596,5.900000095367432,1268,0.0,0.0
2025-04-21 10:53:00-04:00,5.889999866485596,5.909999847412109,5.889999866485596,5.900000095367432,4254,0.0,0.0
2025-04-21 10:54:00-04:00,5.909999847412109,5.920000076293945,5.909999847412109,5.920000076293945,2178,0.0,0.0
2025-04-21 10:55:00-04:00,5.920000076293945,5.920000076293945,5.920000076293945,5.920000076293945,2123,0.0,0.0
2025-04-21 10:56:00-04:00,5.929999828338623,5.929999828338623,5.929999828338623,5.929999828338623,325,0.0,0.0
2025-04-21 10:57:00-04:00,5.920000076293945,5.920000076293945,5.920000076293945,5.920000076293945,836,0.0,0.0
2025-04-21 10:58:00-04:00,5.909999847412109,5.929999828338623,5.909999847412109,5.929999828338623,2653,0.0,0.0
2025-04-21 10:59:00-04:00,5.939899921417236,5.939899921417236,5.939899921417236,5.939899921417236,481,0.0,0.0
2025-04-21 11:00:00-04:00,5.920000076293945,5.945000171661377,5.920000076293945,5.945000171661377,1101,0.0,0.0
2025-04-21 11:01:00-04:00,5.960000038146973,5.960000038146973,5.950500011444092,5.960000038146973,1629,0.0,0.0
2025-04-21 11:02:00-04:00,5.94950008392334,5.960000038146973,5.94950008392334,5.960000038146973,700,0.0,0.0
2025-04-21 11:03:00-04:00,5.960000038146973,5.989999771118164,5.949999809265137,5.96999979019165,13684,0.0,0.0
2025-04-21 11:04:00-04:00,5.909999847412109,5.929999828338623,5.909999847412109,5.929999828338623,440,0.0,0.0
2025-04-21 11:05:00-04:00,5.929200172424316,5.940000057220459,5.929200172424316,5.940000057220459,2072,0.0,0.0
2025-04-21 11:08:00-04:00,5.920000076293945,5.920000076293945,5.909999847412109,5.920000076293945,2201,0.0,0.0
2025-04-21 11:09:00-04:00,5.929999828338623,5.945000171661377,5.929999828338623,5.940000057220459,1350,0.0,0.0
2025-04-21 11:10:00-04:00,5.934999942779541,5.940000057220459,5.934999942779541,5.940000057220459,780,0.0,0.0
2025-04-21 11:11:00-04:00,5.940000057220459,5.940000057220459,5.940000057220459,5.940000057220459,508,0.0,0.0
2025-04-21 11:12:00-04:00,5.929999828338623,5.929999828338623,5.900000095367432,5.900000095367432,4670,0.0,0.0
2025-04-21 11:14:00-04:00,5.889999866485596,5.889999866485596,5.889999866485596,5.889999866485596,934,0.0,0.0
2025-04-21 11:15:00-04:00,5.889900207519531,5.889999866485596,5.889900207519531,5.889999866485596,1622,0.0,0.0
2025-04-21 11:16:00-04:00,5.880000114440918,5.900000095367432,5.875,5.875,1216,0.0,0.0
2025-04-21 11:17:00-04:00,5.869999885559082,5.880000114440918,5.860199928283691,5.880000114440918,1329,0.0,0.0
2025-04-21 11:18:00-04:00,5.869999885559082,5.880000114440918,5.869999885559082,5.880000114440918,1109,0.0,0.0
2025-04-21 11:19:00-04:00,5.869999885559082,5.869999885559082,5.869999885559082,5.869999885559082,21,0.0,0.0
2025-04-21 11:20:00-04:00,5.869999885559082,5.875,5.869999885559082,5.869999885559082,1042,0.0,0.0
2025-04-21 11:21:00-04:00,5.864999771118164,5.864999771118164,5.849999904632568,5.860000133514404,1415,0.0,0.0
2025-04-21 11:22:00-04:00,5.849999904632568,5.849999904632568,5.840000152587891,5.840000152587891,684,0.0,0.0
2025-04-21 11:23:00-04:00,5.840000152587891,5.849999904632568,5.840000152587891,5.849999904632568,1710,0.0,0.0
2025-04-21 11:24:00-04:00,5.829999923706055,5.840000152587891,5.829999923706055,5.840000152587891,1355,0.0,0.0
2025-04-21 11:25:00-04:00,5.820000171661377,5.820000171661377,5.820000171661377,5.820000171661377,765,0.0,0.0
2025-04-21 11:27:00-04:00,5.809999942779541,5.829999923706055,5.809999942779541,5.829999923706055,3097,0.0,0.0
2025-04-21 11:28:00-04:00,5.829999923706055,5.829999923706055,5.820000171661377,5.829999923706055,1682,0.0,0.0
2025-04-21 11:29:00-04:00,5.824999809265137,5.840000152587891,5.824999809265137,5.840000152587891,1321,0.0,0.0
2025-04-21 11:30:00-04:00,5.840000152587891,5.860000133514404,5.829999923706055,5.860000133514404,9573,0.0,0.0
2025-04-21 11:31:00-04:00,5.860000133514404,5.860000133514404,5.860000133514404,5.860000133514404,1359,0.0,0.0
2025-04-21 11:35:00-04:00,5.860000133514404,5.880000114440918,5.860000133514404,5.875,2690,0.0,0.0
2025-04-21 11:36:00-04:00,5.875,5.875,5.862500190734863,5.862500190734863,1556,0.0,0.0
2025-04-21 11:37:00-04:00,5.869999885559082,5.880000114440918,5.869999885559082,5.880000114440918,1534,0.0,0.0
2025-04-21 11:38:00-04:00,5.880000114440918,5.900000095367432,5.880000114440918,5.900000095367432,2094,0.0,0.0
2025-04-21 11:39:00-04:00,5.909999847412109,5.929999828338623,5.909999847412109,5.927999973297119,2080,0.0,0.0
2025-04-21 11:42:00-04:00,5.927800178527832,5.929999828338623,5.925000190734863,5.925000190734863,1781,0.0,0.0
2025-04-21 11:43:00-04:00,5.920000076293945,5.929999828338623,5.920000076293945,5.925000190734863,1006,0.0,0.0
2025-04-21 11:45:00-04:00,5.925000190734863,5.925000190734863,5.925000190734863,5.925000190734863,104,0.0,0.0
2025-04-21 11:46:00-04:00,5.936999797821045,5.940000057220459,5.925000190734863,5.940000057220459,1354,0.0,0.0
2025-04-21 11:47:00-04:00,5.929999828338623,5.929999828338623,5.929999828338623,5.929999828338623,128,0.0,0.0
2025-04-21 11:48:00-04:00,5.929999828338623,5.929999828338623,5.924499988555908,5.924499988555908,580,0.0,0.0
2025-04-21 11:49:00-04:00,5.920000076293945,5.940000057220459,5.920000076293945,5.929999828338623,4859,0.0,0.0
2025-04-21 11:50:00-04:00,5.925000190734863,5.925000190734863,5.914000034332275,5.914000034332275,2626,0.0,0.0
2025-04-21 11:53:00-04:00,5.920000076293945,5.929999828338623,5.920000076293945,5.929999828338623,5776,0.0,0.0
2025-04-21 11:54:00-04:00,5.929999828338623,5.929999828338623,5.929999828338623,5.929999828338623,1553,0.0,0.0
2025-04-21 11:55:00-04:00,5.929999828338623,5.940000057220459,5.929999828338623,5.940000057220459,704,0.0,0.0
2025-04-21 11:56:00-04:00,5.940000057220459,5.954999923706055,5.940000057220459,5.949999809265137,6450,0.0,0.0
2025-04-21 11:57:00-04:00,5.960000038146973,5.980000019073486,5.960000038146973,5.980000019073486,2728,0.0,0.0
2025-04-21 11:59:00-04:00,5.989999771118164,6.019999980926514,5.96999979019165,5.96999979019165,12002,0.0,0.0
2025-04-21 12:00:00-04:00,5.96999979019165,5.96999979019165,5.96999979019165,5.96999979019165,424,0.0,0.0
2025-04-21 12:02:00-04:00,5.967599868774414,5.967599868774414,5.960000038146973,5.960000038146973,1650,0.0,0.0
2025-04-21 12:03:00-04:00,5.960000038146973,5.960000038146973,5.960000038146973,5.960000038146973,556,0.0,0.0
2025-04-21 12:05:00-04:00,5.960000038146973,5.960000038146973,5.960000038146973,5.960000038146973,924,0.0,0.0
2025-04-21 12:08:00-04:00,5.965000152587891,5.965000152587891,5.960000038146973,5.960000038146973,1183,0.0,0.0
2025-04-21 12:10:00-04:00,5.966400146484375,5.966400146484375,5.949999809265137,5.949999809265137,424,0.0,0.0
2025-04-21 12:11:00-04:00,5.949999809265137,5.949999809265137,5.949999809265137,5.949999809265137,245,0.0,0.0
2025-04-21 12:12:00-04:00,5.960000038146973,5.989999771118164,5.960000038146973,5.960000038146973,9683,0.0,0.0
2025-04-21 12:13:00-04:00,5.949999809265137,5.96999979019165,5.949999809265137,5.960000038146973,6154,0.0,0.0
2025-04-21 12:15:00-04:00,5.96999979019165,5.989999771118164,5.96999979019165,5.989999771118164,1677,0.0,0.0
2025-04-21 12:17:00-04:00,6.0,6.019999980926514,6.0,6.019999980926514,23755,0.0,0.0
2025-04-21 12:20:00-04:00,6.03000020980835,6.03000020980835,6.03000020980835,6.03000020980835,2067,0.0,0.0
2025-04-21 12:26:00-04:00,6.039999961853027,6.039999961853027,6.039999961853027,6.039999961853027,518,0.0,0.0
2025-04-21 12:27:00-04:00,6.050000190734863,6.050000190734863,6.050000190734863,6.050000190734863,74,0.0,0.0
2025-04-21 12:28:00-04:00,6.039999961853027,6.039999961853027,6.039999961853027,6.039999961853027,1780,0.0,0.0
2025-04-21 12:30:00-04:00,6.039999961853027,6.054999828338623,6.039999961853027,6.044400215148926,5943,0.0,0.0
2025-04-21 12:31:00-04:00,6.039999961853027,6.041200160980225,6.03000020980835,6.041200160980225,2785,0.0,0.0
2025-04-21 12:32:00-04:00,6.050000190734863,6.059999942779541,6.050000190734863,6.059999942779541,1851,0.0,0.0
2025-04-21 12:34:00-04:00,6.079999923706055,6.09499979019165,6.079999923706055,6.09499979019165,2965,0.0,0.0
2025-04-21 12:35:00-04:00,6.099999904632568,6.139999866485596,6.090000152587891,6.130000114440918,16217,0.0,0.0
2025-04-21 12:36:00-04:00,6.139999866485596,6.170000076293945,6.139999866485596,6.159999847412109,8765,0.0,0.0
2025-04-21 12:37:00-04:00,6.170000076293945,6.170000076293945,6.169899940490723,6.169899940490723,2651,0.0,0.0
2025-04-21 12:39:00-04:00,6.170000076293945,6.170000076293945,6.170000076293945,6.170000076293945,238,0.0,0.0
2025-04-21 12:40:00-04:00,6.159999847412109,6.159999847412109,6.159999847412109,6.159999847412109,104,0.0,0.0
2025-04-21 12:41:00-04:00,6.159999847412109,6.170000076293945,6.15880012512207,6.159999847412109,1585,0.0,0.0
2025-04-21 12:42:00-04:00,6.159999847412109,6.159999847412109,6.159999847412109,6.159999847412109,374,0.0,0.0
2025-04-21 12:44:00-04:00,6.159999847412109,6.159999847412109,6.139999866485596,6.150000095367432,3788,0.0,0.0
2025-04-21 12:45:00-04:00,6.15500020980835,6.159999847412109,6.139999866485596,6.15500020980835,14752,0.0,0.0
2025-04-21 12:46:00-04:00,6.159999847412109,6.159999847412109,6.150100231170654,6.150100231170654,1126,0.0,0.0
2025-04-21 12:48:00-04:00,6.15500020980835,6.15500020980835,6.15500020980835,6.15500020980835,200,0.0,0.0
2025-04-21 12:49:00-04:00,6.159999847412109,6.159999847412109,6.156499862670898,6.156499862670898,423,0.0,0.0
2025-04-21 12:50:00-04:00,6.150000095367432,6.15500020980835,6.129899978637695,6.150000095367432,7701,0.0,0.0
2025-04-21 12:51:00-04:00,6.15500020980835,6.15500020980835,6.151199817657471,6.151199817657471,439,0.0,0.0
2025-04-21 12:53:00-04:00,6.159999847412109,6.159999847412109,6.159999847412109,6.159999847412109,1533,0.0,0.0
2025-04-21 12:54:00-04:00,6.164999961853027,6.164999961853027,6.164999961853027,6.164999961853027,212,0.0,0.0
2025-04-21 12:55:00-04:00,6.164999961853027,6.164999961853027,6.159999847412109,6.159999847412109,1732,0.0,0.0
2025-04-21 13:00:00-04:00,6.168399810791016,6.168399810791016,6.168399810791016,6.168399810791016,652,0.0,0.0
2025-04-21 13:01:00-04:00,6.170000076293945,6.175000190734863,6.159999847412109,6.170000076293945,4069,0.0,0.0
2025-04-21 13:02:00-04:00,6.159999847412109,6.159999847412109,6.139999866485596,6.139999866485596,2099,0.0,0.0
2025-04-21 13:03:00-04:00,6.130000114440918,6.130000114440918,6.130000114440918,6.130000114440918,645,0.0,0.0
2025-04-21 13:04:00-04:00,6.126399993896484,6.126399993896484,6.126399993896484,6.126399993896484,414,0.0,0.0
2025-04-21 13:05:00-04:00,6.139999866485596,6.139999866485596,6.139999866485596,6.139999866485596,1280,0.0,0.0
2025-04-21 13:07:00-04:00,6.144999980926514,6.144999980926514,6.139999866485596,6.139999866485596,3374,0.0,0.0
2025-04-21 13:13:00-04:00,6.130000114440918,6.130000114440918,6.130000114440918,6.130000114440918,1616,0.0,0.0
2025-04-21 13:15:00-04:00,6.139999866485596,6.150000095367432,6.139999866485596,6.150000095367432,622,0.0,0.0
2025-04-21 13:16:00-04:00,6.144999980926514,6.144999980926514,6.139999866485596,6.139999866485596,1380,0.0,0.0
2025-04-21 13:17:00-04:00,6.139999866485596,6.139999866485596,6.099999904632568,6.099999904632568,3927,0.0,0.0
2025-04-21 13:18:00-04:00,6.099999904632568,6.110000133514404,6.099999904632568,6.110000133514404,2476,0.0,0.0
2025-04-21 13:20:00-04:00,6.110000133514404,6.119999885559082,6.110000133514404,6.119999885559082,940,0.0,0.0
2025-04-21 13:21:00-04:00,6.119999885559082,6.119999885559082,6.119999885559082,6.119999885559082,1374,0.0,0.0
2025-04-21 13:23:00-04:00,6.129899978637695,6.129899978637695,6.125,6.125,1545,0.0,0.0
2025-04-21 13:24:00-04:00,6.119999885559082,6.119999885559082,6.114999771118164,6.114999771118164,1626,0.0,0.0
2025-04-21 13:27:00-04:00,6.118500232696533,6.118500232696533,6.118500232696533,6.118500232696533,1348,0.0,0.0
2025-04-21 13:28:00-04:00,6.116300106048584,6.116300106048584,6.079999923706055,6.079999923706055,3301,0.0,0.0
2025-04-21 13:30:00-04:00,6.070000171661377,6.079999923706055,6.059999942779541,6.079999923706055,10013,0.0,0.0
2025-04-21 13:31:00-04:00,6.070000171661377,6.070000171661377,6.070000171661377,6.070000171661377,400,0.0,0.0
2025-04-21 13:32:00-04:00,6.070000171661377,6.079999923706055,6.070000171661377,6.079999923706055,789,0.0,0.0
2025-04-21 13:33:00-04:00,6.059999942779541,6.059999942779541,6.059999942779541,6.059999942779541,867,0.0,0.0
2025-04-21 13:34:00-04:00,6.054999828338623,6.059999942779541,6.054999828338623,6.059999942779541,354,0.0,0.0
2025-04-21 13:35:00-04:00,6.054999828338623,6.054999828338623,6.045000076293945,6.045000076293945,2668,0.0,0.0
2025-04-21 13:36:00-04:00,6.041200160980225,6.059999942779541,6.041200160980225,6.059999942779541,2988,0.0,0.0
2025-04-21 13:37:00-04:00,6.054999828338623,6.059999942779541,6.050000190734863,6.050000190734863,2879,0.0,0.0
2025-04-21 13:38:00-04:00,6.050000190734863,6.050000190734863,6.03000020980835,6.039999961853027,5206,0.0,0.0
2025-04-21 13:39:00-04:00,6.034999847412109,6.039999961853027,6.03000020980835,6.039999961853027,1755,0.0,0.0
2025-04-21 13:40:00-04:00,6.039999961853027,6.039999961853027,6.035299777984619,6.035299777984619,548,0.0,0.0
2025-04-21 13:43:00-04:00,6.03000020980835,6.03000020980835,6.03000020980835,6.03000020980835,1003,0.0,0.0
2025-04-21 13:45:00-04:00,6.03000020980835,6.03000020980835,6.03000020980835,6.03000020980835,1177,0.0,0.0
2025-04-21 13:46:00-04:00,6.03000020980835,6.039999961853027,6.010000228881836,6.010000228881836,3638,0.0,0.0
2025-04-21 13:47:00-04:00,6.010000228881836,6.010000228881836,6.0,6.0,570,0.0,0.0
2025-04-21 13:48:00-04:00,6.005000114440918,6.005000114440918,6.005000114440918,6.005000114440918,120,0.0,0.0
2025-04-21 13:49:00-04:00,6.005000114440918,6.005000114440918,6.0,6.0,1762,0.0,0.0
2025-04-21 13:50:00-04:00,5.994999885559082,6.0,5.994999885559082,5.994999885559082,1307,0.0,0.0
2025-04-21 13:51:00-04:00,5.994999885559082,5.994999885559082,5.985000133514404,5.985000133514404,1628,0.0,0.0
2025-04-21 13:52:00-04:00,5.989999771118164,5.989999771118164,5.96999979019165,5.96999979019165,7595,0.0,0.0
2025-04-21 13:53:00-04:00,5.96999979019165,5.96999979019165,5.96999979019165,5.96999979019165,190,0.0,0.0
2025-04-21 13:55:00-04:00,5.96999979019165,5.989999771118164,5.96999979019165,5.989999771118164,3090,0.0,0.0
2025-04-21 13:56:00-04:00,5.994999885559082,6.0,5.989999771118164,5.989999771118164,2718,0.0,0.0
2025-04-21 13:57:00-04:00,5.989999771118164,5.989999771118164,5.980000019073486,5.980000019073486,1209,0.0,0.0
2025-04-21 13:58:00-04:00,5.974999904632568,6.025000095367432,5.974999904632568,6.019999980926514,4807,0.0,0.0
2025-04-21 13:59:00-04:00,6.019999980926514,6.019999980926514,6.010000228881836,6.010000228881836,1008,0.0,0.0
2025-04-21 14:00:00-04:00,6.010000228881836,6.010000228881836,6.0,6.0,762,0.0,0.0
2025-04-21 14:01:00-04:00,6.010000228881836,6.010000228881836,6.0,6.0,846,0.0,0.0
2025-04-21 14:02:00-04:00,6.0,6.059999942779541,6.0,6.050000190734863,3583,0.0,0.0
2025-04-21 14:05:00-04:00,6.050000190734863,6.059999942779541,6.046999931335449,6.046999931335449,5882,0.0,0.0
2025-04-21 14:06:00-04:00,6.050000190734863,6.050000190734863,6.014999866485596,6.03000020980835,5370,0.0,0.0
2025-04-21 14:07:00-04:00,6.03000020980835,6.03000020980835,6.03000020980835,6.03000020980835,516,0.0,0.0
2025-04-21 14:08:00-04:00,6.03000020980835,6.03000020980835,6.03000020980835,6.03000020980835,973,0.0,0.0
2025-04-21 14:09:00-04:00,6.039999961853027,6.039999961853027,6.019999980926514,6.031199932098389,7556,0.0,0.0
2025-04-21 14:10:00-04:00,6.019999980926514,6.059999942779541,6.019999980926514,6.059999942779541,2870,0.0,0.0
2025-04-21 14:11:00-04:00,6.059999942779541,6.070000171661377,6.059999942779541,6.070000171661377,562,0.0,0.0
2025-04-21 14:13:00-04:00,6.070000171661377,6.070000171661377,6.070000171661377,6.070000171661377,1160,0.0,0.0
2025-04-21 14:14:00-04:00,6.078000068664551,6.078000068664551,6.070000171661377,6.070000171661377,550,0.0,0.0
2025-04-21 14:15:00-04:00,6.059999942779541,6.070000171661377,6.050000190734863,6.050000190734863,1520,0.0,0.0
2025-04-21 14:16:00-04:00,6.059999942779541,6.070000171661377,6.059999942779541,6.059999942779541,851,0.0,0.0
2025-04-21 14:17:00-04:00,6.070000171661377,6.079999923706055,6.070000171661377,6.079999923706055,1540,0.0,0.0
2025-04-21 14:18:00-04:00,6.090000152587891,6.090000152587891,6.090000152587891,6.090000152587891,565,0.0,0.0
2025-04-21 14:19:00-04:00,6.090000152587891,6.099999904632568,6.090000152587891,6.090000152587891,1337,0.0,0.0
2025-04-21 14:20:00-04:00,6.090000152587891,6.090000152587891,6.070000171661377,6.074999809265137,2371,0.0,0.0
2025-04-21 14:21:00-04:00,6.089099884033203,6.089099884033203,6.089099884033203,6.089099884033203,1021,0.0,0.0
2025-04-21 14:22:00-04:00,6.059999942779541,6.059999942779541,6.050000190734863,6.050000190734863,1723,0.0,0.0
2025-04-21 14:25:00-04:00,6.050000190734863,6.059999942779541,6.050000190734863,6.050000190734863,1102,0.0,0.0
2025-04-21 14:27:00-04:00,6.050000190734863,6.050000190734863,6.039999961853027,6.039999961853027,460,0.0,0.0
2025-04-21 14:29:00-04:00,6.050000190734863,6.050000190734863,6.050000190734863,6.050000190734863,242,0.0,0.0
2025-04-21 14:31:00-04:00,6.054999828338623,6.058700084686279,6.054999828338623,6.058700084686279,3288,0.0,0.0
2025-04-21 14:32:00-04:00,6.050000190734863,6.054999828338623,6.050000190734863,6.050000190734863,2077,0.0,0.0
2025-04-21 14:33:00-04:00,6.045000076293945,6.045000076293945,6.045000076293945,6.045000076293945,202,0.0,0.0
2025-04-21 14:34:00-04:00,6.050000190734863,6.050000190734863,6.050000190734863,6.050000190734863,1611,0.0,0.0
2025-04-21 14:35:00-04:00,6.059999942779541,6.0690999031066895,6.0543999671936035,6.0690999031066895,1520,0.0,0.0
2025-04-21 14:36:00-04:00,6.059999942779541,6.059999942779541,6.059999942779541,6.059999942779541,200,0.0,0.0
2025-04-21 14:37:00-04:00,6.059999942779541,6.059999942779541,6.059999942779541,6.059999942779541,298,0.0,0.0
2025-04-21 14:43:00-04:00,6.059999942779541,6.059999942779541,6.059999942779541,6.059999942779541,206,0.0,0.0
2025-04-21 14:44:00-04:00,6.059000015258789,6.070000171661377,6.059000015258789,6.070000171661377,1460,0.0,0.0
2025-04-21 14:45:00-04:00,6.070000171661377,6.070000171661377,6.050000190734863,6.059999942779541,3328,0.0,0.0
2025-04-21 14:46:00-04:00,6.061200141906738,6.061200141906738,6.059999942779541,6.059999942779541,1220,0.0,0.0
2025-04-21 14:47:00-04:00,6.066800117492676,6.066800117492676,6.059999942779541,6.061200141906738,761,0.0,0.0
2025-04-21 14:48:00-04:00,6.050000190734863,6.050000190734863,6.050000190734863,6.050000190734863,330,0.0,0.0
2025-04-21 14:49:00-04:00,6.061399936676025,6.061399936676025,6.059999942779541,6.059999942779541,702,0.0,0.0
2025-04-21 14:50:00-04:00,6.065000057220459,6.065000057220459,6.050000190734863,6.054999828338623,3071,0.0,0.0
2025-04-21 14:51:00-04:00,6.054999828338623,6.059999942779541,6.050000190734863,6.059999942779541,3547,0.0,0.0
2025-04-21 14:52:00-04:00,6.070000171661377,6.070000171661377,6.059999942779541,6.059999942779541,1318,0.0,0.0
2025-04-21 14:53:00-04:00,6.054999828338623,6.059999942779541,6.054999828338623,6.059999942779541,1227,0.0,0.0
2025-04-21 14:55:00-04:00,6.065000057220459,6.067800045013428,6.059999942779541,6.067800045013428,567,0.0,0.0
2025-04-21 14:56:00-04:00,6.068900108337402,6.070000171661377,6.068900108337402,6.070000171661377,2264,0.0,0.0
2025-04-21 14:58:00-04:00,6.070000171661377,6.074999809265137,6.070000171661377,6.070000171661377,1947,0.0,0.0
2025-04-21 15:00:00-04:00,6.070000171661377,6.070000171661377,6.070000171661377,6.070000171661377,1370,0.0,0.0
2025-04-21 15:04:00-04:00,6.079999923706055,6.110000133514404,6.079999923706055,6.110000133514404,3554,0.0,0.0
2025-04-21 15:05:00-04:00,6.119900226593018,6.130000114440918,6.119900226593018,6.130000114440918,2211,0.0,0.0
2025-04-21 15:07:00-04:00,6.135000228881836,6.135000228881836,6.125,6.125,1732,0.0,0.0
2025-04-21 15:08:00-04:00,6.125,6.125,6.110099792480469,6.110099792480469,1767,0.0,0.0
2025-04-21 15:10:00-04:00,6.119999885559082,6.119999885559082,6.119999885559082,6.119999885559082,3082,0.0,0.0
2025-04-21 15:14:00-04:00,6.119999885559082,6.119999885559082,6.110099792480469,6.110099792480469,511,0.0,0.0
2025-04-21 15:15:00-04:00,6.1265997886657715,6.139999866485596,6.1265997886657715,6.139999866485596,1902,0.0,0.0
2025-04-21 15:16:00-04:00,6.135000228881836,6.135000228881836,6.130000114440918,6.130000114440918,2352,0.0,0.0
2025-04-21 15:18:00-04:00,6.130000114440918,6.139999866485596,6.130000114440918,6.139999866485596,737,0.0,0.0
2025-04-21 15:19:00-04:00,6.144999980926514,6.144999980926514,6.144999980926514,6.144999980926514,303,0.0,0.0
2025-04-21 15:20:00-04:00,6.150000095367432,6.155600070953369,6.150000095367432,6.155600070953369,2592,0.0,0.0
2025-04-21 15:22:00-04:00,6.160099983215332,6.160099983215332,6.144999980926514,6.150000095367432,3905,0.0,0.0
2025-04-21 15:23:00-04:00,6.150000095367432,6.15500020980835,6.150000095367432,6.150000095367432,2413,0.0,0.0
2025-04-21 15:24:00-04:00,6.149899959564209,6.15500020980835,6.149899959564209,6.15500020980835,1864,0.0,0.0
2025-04-21 15:25:00-04:00,6.15500020980835,6.15500020980835,6.149899959564209,6.149899959564209,1779,0.0,0.0
2025-04-21 15:26:00-04:00,6.144999980926514,6.150000095367432,6.144999980926514,6.150000095367432,2217,0.0,0.0
2025-04-21 15:27:00-04:00,6.15500020980835,6.15500020980835,6.15500020980835,6.15500020980835,760,0.0,0.0
2025-04-21 15:29:00-04:00,6.150000095367432,6.15500020980835,6.139999866485596,6.15500020980835,10487,0.0,0.0
2025-04-21 15:30:00-04:00,6.159999847412109,6.159999847412109,6.15500020980835,6.15500020980835,2538,0.0,0.0
2025-04-21 15:31:00-04:00,6.15500020980835,6.159999847412109,6.15500020980835,6.159999847412109,1595,0.0,0.0
2025-04-21 15:32:00-04:00,6.164999961853027,6.164999961853027,6.159999847412109,6.159999847412109,624,0.0,0.0
2025-04-21 15:33:00-04:00,6.150000095367432,6.150000095367432,6.130000114440918,6.130000114440918,2218,0.0,0.0
2025-04-21 15:35:00-04:00,6.130000114440918,6.130000114440918,6.130000114440918,6.130000114440918,869,0.0,0.0
2025-04-21 15:36:00-04:00,6.130000114440918,6.159999847412109,6.130000114440918,6.159999847412109,4046,0.0,0.0
2025-04-21 15:37:00-04:00,6.170000076293945,6.177000045776367,6.170000076293945,6.177000045776367,2706,0.0,0.0
2025-04-21 15:38:00-04:00,6.170000076293945,6.170000076293945,6.170000076293945,6.170000076293945,134,0.0,0.0
2025-04-21 15:39:00-04:00,6.164999961853027,6.170000076293945,6.164999961853027,6.164999961853027,3045,0.0,0.0
2025-04-21 15:40:00-04:00,6.164999961853027,6.164999961853027,6.164999961853027,6.164999961853027,1383,0.0,0.0
2025-04-21 15:41:00-04:00,6.170000076293945,6.170000076293945,6.159999847412109,6.159999847412109,3437,0.0,0.0
2025-04-21 15:42:00-04:00,6.150000095367432,6.150000095367432,6.144999980926514,6.144999980926514,1343,0.0,0.0
2025-04-21 15:43:00-04:00,6.144999980926514,6.148600101470947,6.144999980926514,6.144999980926514,1779,0.0,0.0
2025-04-21 15:44:00-04:00,6.150000095367432,6.170000076293945,6.150000095367432,6.170000076293945,4559,0.0,0.0
2025-04-21 15:45:00-04:00,6.175000190734863,6.175000190734863,6.175000190734863,6.175000190734863,339,0.0,0.0
2025-04-21 15:46:00-04:00,6.179999828338623,6.184999942779541,6.179999828338623,6.184999942779541,8696,0.0,0.0
2025-04-21 15:47:00-04:00,6.184999942779541,6.184999942779541,6.179999828338623,6.179999828338623,6478,0.0,0.0
2025-04-21 15:48:00-04:00,6.183000087738037,6.1855998039245605,6.175000190734863,6.175000190734863,3546,0.0,0.0
2025-04-21 15:49:00-04:00,6.175000190734863,6.175000190734863,6.175000190734863,6.175000190734863,644,0.0,0.0
2025-04-21 15:50:00-04:00,6.170000076293945,6.184999942779541,6.164999961853027,6.184999942779541,5144,0.0,0.0
2025-04-21 15:51:00-04:00,6.184999942779541,6.190000057220459,6.179999828338623,6.189700126647949,4511,0.0,0.0
2025-04-21 15:52:00-04:00,6.179999828338623,6.184999942779541,6.179999828338623,6.179999828338623,4380,0.0,0.0
2025-04-21 15:53:00-04:00,6.175000190734863,6.179900169372559,6.175000190734863,6.179900169372559,1508,0.0,0.0
2025-04-21 15:54:00-04:00,6.175000190734863,6.224999904632568,6.159999847412109,6.224999904632568,21513,0.0,0.0
2025-04-21 15:55:00-04:00,6.230000019073486,6.260000228881836,6.230000019073486,6.260000228881836,11358,0.0,0.0
2025-04-21 15:56:00-04:00,6.260000228881836,6.269999980926514,6.230000019073486,6.235000133514404,19112,0.0,0.0
2025-04-21 15:57:00-04:00,6.239999771118164,6.28000020980835,6.238999843597412,6.244999885559082,23692,0.0,0.0
2025-04-21 15:58:00-04:00,6.244999885559082,6.25,6.21999979019165,6.224999904632568,15795,0.0,0.0
2025-04-21 15:59:00-04:00,6.224999904632568,6.228400230407715,6.190000057220459,6.190000057220459,20649,0.0,0.0
2025-04-22 09:30:00-04:00,6.329999923706055,6.380000114440918,6.329999923706055,6.380000114440918,28286,0.0,0.0
2025-04-22 09:31:00-04:00,6.413599967956543,6.413599967956543,6.413599967956543,6.413599967956543,827,0.0,0.0
2025-04-22 09:32:00-04:00,6.389999866485596,6.409999847412109,6.380000114440918,6.380000114440918,1377,0.0,0.0
2025-04-22 09:33:00-04:00,6.380000114440918,6.380000114440918,6.369999885559082,6.369999885559082,1569,0.0,0.0
2025-04-22 09:34:00-04:00,6.349999904632568,6.349999904632568,6.349999904632568,6.349999904632568,1000,0.0,0.0
2025-04-22 09:35:00-04:00,6.3632001876831055,6.3632001876831055,6.3632001876831055,6.3632001876831055,0,0.0,0.0
2025-04-22 09:36:00-04:00,6.349999904632568,6.380000114440918,6.349999904632568,6.380000114440918,2101,0.0,0.0
2025-04-22 09:37:00-04:00,6.400000095367432,6.400000095367432,6.377600193023682,6.400000095367432,8955,0.0,0.0
2025-04-22 09:38:00-04:00,6.3979997634887695,6.399899959564209,6.3979997634887695,6.399899959564209,0,0.0,0.0
2025-04-22 09:39:00-04:00,6.369999885559082,6.369999885559082,6.369999885559082,6.369999885559082,434,0.0,0.0
2025-04-22 09:40:00-04:00,6.369999885559082,6.389400005340576,6.360000133514404,6.360000133514404,3969,0.0,0.0
2025-04-22 09:41:00-04:00,6.389999866485596,6.389999866485596,6.389999866485596,6.389999866485596,720,0.0,0.0
2025-04-22 09:42:00-04:00,6.400000095367432,6.429999828338623,6.400000095367432,6.4004998207092285,4419,0.0,0.0
2025-04-22 09:45:00-04:00,6.4243998527526855,6.543600082397461,6.4243998527526855,6.539999961853027,9182,0.0,0.0
2025-04-22 09:46:00-04:00,6.519999980926514,6.524499893188477,6.519999980926514,6.524499893188477,3413,0.0,0.0
2025-04-22 09:47:00-04:00,6.5,6.569200038909912,6.489999771118164,6.5,12018,0.0,0.0
2025-04-22 09:48:00-04:00,6.508800029754639,6.514999866485596,6.508800029754639,6.510000228881836,1788,0.0,0.0
2025-04-22 09:49:00-04:00,6.519999980926514,6.539999961853027,6.519999980926514,6.539999961853027,2074,0.0,0.0
2025-04-22 09:50:00-04:00,6.559999942779541,6.559999942779541,6.559999942779541,6.559999942779541,813,0.0,0.0
2025-04-22 09:51:00-04:00,6.550000190734863,6.550000190734863,6.550000190734863,6.550000190734863,389,0.0,0.0
2025-04-22 09:52:00-04:00,6.53000020980835,6.550000190734863,6.5,6.525000095367432,1772,0.0,0.0
2025-04-22 09:53:00-04:00,6.477499961853027,6.53000020980835,6.477499961853027,6.53000020980835,2405,0.0,0.0
2025-04-22 09:54:00-04:00,6.5,6.53000020980835,6.5,6.53000020980835,1387,0.0,0.0
2025-04-22 09:55:00-04:00,6.480000019073486,6.480000019073486,6.460000038146973,6.474999904632568,2104,0.0,0.0
2025-04-22 09:56:00-04:00,6.474999904632568,6.539999961853027,6.460000038146973,6.53000020980835,6470,0.0,0.0
2025-04-22 09:57:00-04:00,6.519999980926514,6.53000020980835,6.5,6.53000020980835,5181,0.0,0.0
2025-04-22 09:58:00-04:00,6.53000020980835,6.550000190734863,6.53000020980835,6.539999961853027,2588,0.0,0.0
2025-04-22 10:00:00-04:00,6.545000076293945,6.550000190734863,6.508399963378906,6.525000095367432,1723,0.0,0.0
2025-04-22 10:01:00-04:00,6.514999866485596,6.53000020980835,6.429999828338623,6.429999828338623,2229,0.0,0.0
2025-04-22 10:02:00-04:00,6.409999847412109,6.409999847412109,6.370100021362305,6.400000095367432,2247,0.0,0.0
2025-04-22 10:03:00-04:00,6.380000114440918,6.420100212097168,6.380000114440918,6.396399974822998,1068,0.0,0.0
2025-04-22 10:04:00-04:00,6.400000095367432,6.400000095367432,6.369999885559082,6.369999885559082,600,0.0,0.0
2025-04-22 10:05:00-04:00,6.400000095367432,6.400000095367432,6.38640022277832,6.38640022277832,2950,0.0,0.0
2025-04-22 10:06:00-04:00,6.389999866485596,6.40500020980835,6.360000133514404,6.40500020980835,11643,0.0,0.0
2025-04-22 10:08:00-04:00,6.389999866485596,6.389999866485596,6.389999866485596,6.389999866485596,217,0.0,0.0
2025-04-22 10:09:00-04:00,6.40500020980835,6.505000114440918,6.400000095367432,6.480000019073486,11355,0.0,0.0
2025-04-22 10:10:00-04:00,6.53000020980835,6.53000020980835,6.53000020980835,6.53000020980835,1278,0.0,0.0
2025-04-22 10:11:00-04:00,6.557600021362305,6.595900058746338,6.555099964141846,6.595900058746338,6043,0.0,0.0
2025-04-22 10:12:00-04:00,6.590000152587891,6.590000152587891,6.590000152587891,6.590000152587891,298,0.0,0.0
2025-04-22 10:13:00-04:00,6.585000038146973,6.585000038146973,6.585000038146973,6.585000038146973,184,0.0,0.0
2025-04-22 10:14:00-04:00,6.570000171661377,6.579999923706055,6.570000171661377,6.579999923706055,2348,0.0,0.0
2025-04-22 10:15:00-04:00,6.579999923706055,6.650000095367432,6.579999923706055,6.650000095367432,26943,0.0,0.0
2025-04-22 10:16:00-04:00,6.650000095367432,6.650000095367432,6.630000114440918,6.649099826812744,4014,0.0,0.0
2025-04-22 10:17:00-04:00,6.635000228881836,6.639999866485596,6.619999885559082,6.635000228881836,2824,0.0,0.0
2025-04-22 10:18:00-04:00,6.635000228881836,6.650000095367432,6.635000228881836,6.639999866485596,2609,0.0,0.0
2025-04-22 10:19:00-04:00,6.639999866485596,6.639999866485596,6.639999866485596,6.639999866485596,1530,0.0,0.0
2025-04-22 10:20:00-04:00,6.650000095367432,6.730000019073486,6.639999866485596,6.730000019073486,4857,0.0,0.0
2025-04-22 10:21:00-04:00,6.710000038146973,6.710000038146973,6.710000038146973,6.710000038146973,854,0.0,0.0
2025-04-22 10:23:00-04:00,6.703199863433838,6.703199863433838,6.703199863433838,6.703199863433838,200,0.0,0.0
2025-04-22 10:24:00-04:00,6.7170000076293945,6.7170000076293945,6.690100193023682,6.704999923706055,1080,0.0,0.0
2025-04-22 10:25:00-04:00,6.710000038146973,6.710000038146973,6.659999847412109,6.679999828338623,5170,0.0,0.0
2025-04-22 10:26:00-04:00,6.659999847412109,6.690000057220459,6.659999847412109,6.670000076293945,9607,0.0,0.0
2025-04-22 10:27:00-04:00,6.661399841308594,6.690000057220459,6.659999847412109,6.679999828338623,3778,0.0,0.0
2025-04-22 10:28:00-04:00,6.670000076293945,6.679999828338623,6.670000076293945,6.679999828338623,1878,0.0,0.0
2025-04-22 10:29:00-04:00,6.670000076293945,6.689700126647949,6.670000076293945,6.679999828338623,720,0.0,0.0
2025-04-22 10:30:00-04:00,6.679999828338623,6.679999828338623,6.650000095367432,6.65500020980835,4088,0.0,0.0
2025-04-22 10:31:00-04:00,6.650000095367432,6.650000095367432,6.650000095367432,6.650000095367432,258,0.0,0.0
2025-04-22 10:32:00-04:00,6.650000095367432,6.650000095367432,6.599999904632568,6.610000133514404,7852,0.0,0.0
2025-04-22 10:34:00-04:00,6.599999904632568,6.605000019073486,6.579999923706055,6.590000152587891,6608,0.0,0.0
2025-04-22 10:35:00-04:00,6.570000171661377,6.570000171661377,6.559999942779541,6.559999942779541,866,0.0,0.0
2025-04-22 10:36:00-04:00,6.550000190734863,6.550000190734863,6.519999980926514,6.543600082397461,1911,0.0,0.0
2025-04-22 10:37:00-04:00,6.510000228881836,6.510000228881836,6.5,6.510000228881836,1840,0.0,0.0
2025-04-22 10:38:00-04:00,6.510000228881836,6.510000228881836,6.510000228881836,6.510000228881836,378,0.0,0.0
2025-04-22 10:39:00-04:00,6.519999980926514,6.554999828338623,6.519999980926514,6.550000190734863,4041,0.0,0.0
2025-04-22 10:40:00-04:00,6.536799907684326,6.536799907684326,6.519999980926514,6.53000020980835,4743,0.0,0.0
2025-04-22 10:41:00-04:00,6.539999961853027,6.539999961853027,6.539999961853027,6.539999961853027,1270,0.0,0.0
2025-04-22 10:42:00-04:00,6.53000020980835,6.550000190734863,6.53000020980835,6.550000190734863,4288,0.0,0.0
2025-04-22 10:43:00-04:00,6.559999942779541,6.559999942779541,6.539999961853027,6.559999942779541,8616,0.0,0.0
2025-04-22 10:46:00-04:00,6.550000190734863,6.559999942779541,6.545000076293945,6.559999942779541,6484,0.0,0.0
2025-04-22 10:48:00-04:00,6.554999828338623,6.570000171661377,6.554999828338623,6.554999828338623,8896,0.0,0.0
2025-04-22 10:49:00-04:00,6.559999942779541,6.570000171661377,6.550000190734863,6.565000057220459,4793,0.0,0.0
2025-04-22 10:50:00-04:00,6.565000057220459,6.565000057220459,6.5,6.5,9035,0.0,0.0
2025-04-22 10:51:00-04:00,6.514999866485596,6.514999866485596,6.511099815368652,6.511099815368652,1765,0.0,0.0
2025-04-22 10:52:00-04:00,6.510000228881836,6.510000228881836,6.510000228881836,6.510000228881836,311,0.0,0.0
2025-04-22 10:53:00-04:00,6.510000228881836,6.514999866485596,6.489999771118164,6.489999771118164,4965,0.0,0.0
2025-04-22 10:54:00-04:00,6.494200229644775,6.494200229644775,6.489999771118164,6.489999771118164,281,0.0,0.0
2025-04-22 10:55:00-04:00,6.489999771118164,6.489999771118164,6.489999771118164,6.489999771118164,948,0.0,0.0
2025-04-22 10:56:00-04:00,6.480000019073486,6.489999771118164,6.480000019073486,6.480000019073486,2995,0.0,0.0
2025-04-22 10:57:00-04:00,6.484399795532227,6.539899826049805,6.484399795532227,6.539899826049805,8380,0.0,0.0
2025-04-22 10:58:00-04:00,6.534999847412109,6.534999847412109,6.534999847412109,6.534999847412109,994,0.0,0.0
2025-04-22 10:59:00-04:00,6.550000190734863,6.559999942779541,6.550000190734863,6.559999942779541,8304,0.0,0.0
2025-04-22 11:00:00-04:00,6.565000057220459,6.570000171661377,6.559999942779541,6.559999942779541,3230,0.0,0.0
2025-04-22 11:01:00-04:00,6.559999942779541,6.559999942779541,6.550000190734863,6.559999942779541,558,0.0,0.0
2025-04-22 11:02:00-04:00,6.557600021362305,6.557600021362305,6.557600021362305,6.557600021362305,223,0.0,0.0
2025-04-22 11:03:00-04:00,6.550000190734863,6.550000190734863,6.550000190734863,6.550000190734863,200,0.0,0.0
2025-04-22 11:04:00-04:00,6.559999942779541,6.59499979019165,6.550000190734863,6.59499979019165,7123,0.0,0.0
2025-04-22 11:05:00-04:00,6.590000152587891,6.599999904632568,6.590000152587891,6.599999904632568,1998,0.0,0.0
2025-04-22 11:06:00-04:00,6.619999885559082,6.629899978637695,6.610000133514404,6.610000133514404,5117,0.0,0.0
2025-04-22 11:07:00-04:00,6.615099906921387,6.615099906921387,6.599999904632568,6.599999904632568,5690,0.0,0.0
2025-04-22 11:08:00-04:00,6.599999904632568,6.605000019073486,6.590000152587891,6.599999904632568,2096,0.0,0.0
2025-04-22 11:09:00-04:00,6.599999904632568,6.625,6.599999904632568,6.619999885559082,2767,0.0,0.0
2025-04-22 11:11:00-04:00,6.670000076293945,6.679999828338623,6.670000076293945,6.670000076293945,1611,0.0,0.0
2025-04-22 11:13:00-04:00,6.679999828338623,6.679999828338623,6.679999828338623,6.679999828338623,2919,0.0,0.0
2025-04-22 11:14:00-04:00,6.690000057220459,6.704999923706055,6.690000057220459,6.704999923706055,7088,0.0,0.0
2025-04-22 11:15:00-04:00,6.699999809265137,6.699999809265137,6.699999809265137,6.699999809265137,2150,0.0,0.0
2025-04-22 11:16:00-04:00,6.710000038146973,6.724999904632568,6.710000038146973,6.71999979019165,1313,0.0,0.0
2025-04-22 11:17:00-04:00,6.730000019073486,6.739999771118164,6.71999979019165,6.735000133514404,3647,0.0,0.0
2025-04-22 11:18:00-04:00,6.730000019073486,6.730000019073486,6.71999979019165,6.730000019073486,1620,0.0,0.0
2025-04-22 11:20:00-04:00,6.739999771118164,6.739999771118164,6.724999904632568,6.725299835205078,1144,0.0,0.0
2025-04-22 11:21:00-04:00,6.715000152587891,6.760000228881836,6.715000152587891,6.760000228881836,12334,0.0,0.0
2025-04-22 11:22:00-04:00,6.769999980926514,6.78000020980835,6.769999980926514,6.78000020980835,3686,0.0,0.0
2025-04-22 11:23:00-04:00,6.776800155639648,6.776800155639648,6.7600998878479,6.7600998878479,6101,0.0,0.0
2025-04-22 11:25:00-04:00,6.789999961853027,6.795000076293945,6.789999961853027,6.795000076293945,0,0.0,0.0
2025-04-22 11:26:00-04:00,6.789999961853027,6.795000076293945,6.789999961853027,6.789999961853027,2815,0.0,0.0
2025-04-22 11:27:00-04:00,6.809999942779541,6.809999942779541,6.809999942779541,6.809999942779541,244,0.0,0.0
2025-04-22 11:28:00-04:00,6.809999942779541,6.840000152587891,6.809999942779541,6.809999942779541,4830,0.0,0.0
2025-04-22 11:30:00-04:00,6.815000057220459,6.815000057220459,6.815000057220459,6.815000057220459,634,0.0,0.0
2025-04-22 11:31:00-04:00,6.813199996948242,6.824999809265137,6.78000020980835,6.824999809265137,12396,0.0,0.0
2025-04-22 11:32:00-04:00,6.824999809265137,6.824999809265137,6.800000190734863,6.809999942779541,2318,0.0,0.0
2025-04-22 11:33:00-04:00,6.800000190734863,6.800000190734863,6.78000020980835,6.78000020980835,2111,0.0,0.0
2025-04-22 11:34:00-04:00,6.775100231170654,6.788700103759766,6.775100231170654,6.788700103759766,4404,0.0,0.0
2025-04-22 11:35:00-04:00,6.795000076293945,6.795000076293945,6.795000076293945,6.795000076293945,490,0.0,0.0
2025-04-22 11:36:00-04:00,6.795000076293945,6.800000190734863,6.795000076293945,6.800000190734863,2365,0.0,0.0
2025-04-22 11:37:00-04:00,6.809999942779541,6.820000171661377,6.769999980926514,6.769999980926514,14334,0.0,0.0
2025-04-22 11:38:00-04:00,6.809999942779541,6.809999942779541,6.809999942779541,6.809999942779541,126,0.0,0.0
2025-04-22 11:39:00-04:00,6.809999942779541,6.809999942779541,6.809999942779541,6.809999942779541,176,0.0,0.0
2025-04-22 11:41:00-04:00,6.809999942779541,6.809999942779541,6.809999942779541,6.809999942779541,125,0.0,0.0
2025-04-22 11:42:00-04:00,6.789999961853027,6.789999961853027,6.789999961853027,6.789999961853027,400,0.0,0.0
2025-04-22 11:43:00-04:00,6.809999942779541,6.809999942779541,6.770100116729736,6.800000190734863,1329,0.0,0.0
2025-04-22 11:44:00-04:00,6.809999942779541,6.809999942779541,6.789999961853027,6.789999961853027,350,0.0,0.0
2025-04-22 11:45:00-04:00,6.789999961853027,6.789999961853027,6.760000228881836,6.764999866485596,3493,0.0,0.0
2025-04-22 11:46:00-04:00,6.769999980926514,6.775000095367432,6.764999866485596,6.775000095367432,1258,0.0,0.0
2025-04-22 11:47:00-04:00,6.769999980926514,6.769999980926514,6.760000228881836,6.760000228881836,2246,0.0,0.0
2025-04-22 11:48:00-04:00,6.775000095367432,6.7779998779296875,6.760000228881836,6.760000228881836,1950,0.0,0.0
2025-04-22 11:49:00-04:00,6.78000020980835,6.78000020980835,6.78000020980835,6.78000020980835,1035,0.0,0.0
2025-04-22 11:51:00-04:00,6.795000076293945,6.795000076293945,6.795000076293945,6.795000076293945,1306,0.0,0.0
2025-04-22 11:52:00-04:00,6.795000076293945,6.795000076293945,6.769999980926514,6.769999980926514,2628,0.0,0.0
2025-04-22 11:53:00-04:00,6.769999980926514,6.769999980926514,6.75,6.75,5394,0.0,0.0
2025-04-22 11:54:00-04:00,6.75,6.78000020980835,6.75,6.775000095367432,4492,0.0,0.0
2025-04-22 11:55:00-04:00,6.775000095367432,6.820000171661377,6.775000095367432,6.815000057220459,5306,0.0,0.0
2025-04-22 11:56:00-04:00,6.815000057220459,6.815000057220459,6.809999942779541,6.809999942779541,1596,0.0,0.0
2025-04-22 11:57:00-04:00,6.809999942779541,6.809999942779541,6.809999942779541,6.809999942779541,1217,0.0,0.0
2025-04-22 11:58:00-04:00,6.809999942779541,6.829999923706055,6.809999942779541,6.820000171661377,17321,0.0,0.0
2025-04-22 11:59:00-04:00,6.824999809265137,6.846799850463867,6.824999809265137,6.846799850463867,2644,0.0,0.0
2025-04-22 12:00:00-04:00,6.860000133514404,6.889999866485596,6.860000133514404,6.880000114440918,4890,0.0,0.0
2025-04-22 12:01:00-04:00,6.889999866485596,6.889999866485596,6.869999885559082,6.869999885559082,6393,0.0,0.0
2025-04-22 12:02:00-04:00,6.875,6.875,6.869999885559082,6.869999885559082,1107,0.0,0.0
2025-04-22 12:03:00-04:00,6.860000133514404,6.860000133514404,6.840000152587891,6.842800140380859,3226,0.0,0.0
2025-04-22 12:04:00-04:00,6.851200103759766,6.900000095367432,6.851200103759766,6.894999980926514,7710,0.0,0.0
2025-04-22 12:05:00-04:00,6.889999866485596,6.889999866485596,6.869999885559082,6.869999885559082,2910,0.0,0.0
2025-04-22 12:06:00-04:00,6.875,6.875,6.860000133514404,6.860000133514404,1483,0.0,0.0
2025-04-22 12:07:00-04:00,6.863999843597412,6.863999843597412,6.860000133514404,6.860000133514404,4693,0.0,0.0
2025-04-22 12:08:00-04:00,6.849999904632568,6.849999904632568,6.849999904632568,6.849999904632568,321,0.0,0.0
2025-04-22 12:09:00-04:00,6.855000019073486,6.855000019073486,6.840000152587891,6.840000152587891,14156,0.0,0.0
2025-04-22 12:10:00-04:00,6.840000152587891,6.84499979019165,6.829999923706055,6.840000152587891,10785,0.0,0.0
2025-04-22 12:11:00-04:00,6.829999923706055,6.829999923706055,6.829999923706055,6.829999923706055,0,0.0,0.0
2025-04-22 12:12:00-04:00,6.820000171661377,6.840000152587891,6.820000171661377,6.840000152587891,11119,0.0,0.0
2025-04-22 12:13:00-04:00,6.835000038146973,6.840000152587891,6.835000038146973,6.840000152587891,1595,0.0,0.0
2025-04-22 12:14:00-04:00,6.840000152587891,6.840000152587891,6.829999923706055,6.840000152587891,14058,0.0,0.0
2025-04-22 12:15:00-04:00,6.840000152587891,6.860000133514404,6.840000152587891,6.860000133514404,17909,0.0,0.0
2025-04-22 12:16:00-04:00,6.849999904632568,6.849999904632568,6.800000190734863,6.809999942779541,10448,0.0,0.0
2025-04-22 12:17:00-04:00,6.796199798583984,6.829999923706055,6.796199798583984,6.810999870300293,8725,0.0,0.0
2025-04-22 12:18:00-04:00,6.829999923706055,6.829999923706055,6.789999961853027,6.789999961853027,2082,0.0,0.0
2025-04-22 12:19:00-04:00,6.789999961853027,6.789999961853027,6.78000020980835,6.789999961853027,1161,0.0,0.0
2025-04-22 12:20:00-04:00,6.78000020980835,6.78000020980835,6.78000020980835,6.78000020980835,181,0.0,0.0
2025-04-22 12:21:00-04:00,6.800000190734863,6.800000190734863,6.800000190734863,6.800000190734863,347,0.0,0.0
2025-04-22 12:22:00-04:00,6.789999961853027,6.789999961853027,6.78000020980835,6.78000020980835,1531,0.0,0.0
2025-04-22 12:25:00-04:00,6.795000076293945,6.800000190734863,6.795000076293945,6.800000190734863,1568,0.0,0.0
2025-04-22 12:27:00-04:00,6.809999942779541,6.809999942779541,6.809999942779541,6.809999942779541,182,0.0,0.0
2025-04-22 12:28:00-04:00,6.800000190734863,6.840000152587891,6.800000190734863,6.840000152587891,7973,0.0,0.0
2025-04-22 12:29:00-04:00,6.835000038146973,6.835000038146973,6.829999923706055,6.829999923706055,1818,0.0,0.0
2025-04-22 12:30:00-04:00,6.829999923706055,6.829999923706055,6.829999923706055,6.829999923706055,24,0.0,0.0
2025-04-22 12:31:00-04:00,6.829999923706055,6.829999923706055,6.829999923706055,6.829999923706055,882,0.0,0.0
2025-04-22 12:32:00-04:00,6.829999923706055,6.829999923706055,6.829999923706055,6.829999923706055,817,0.0,0.0
2025-04-22 12:33:00-04:00,6.829999923706055,6.829999923706055,6.829999923706055,6.829999923706055,1325,0.0,0.0
2025-04-22 12:34:00-04:00,6.829999923706055,6.835000038146973,6.829999923706055,6.829999923706055,724,0.0,0.0
2025-04-22 12:36:00-04:00,6.835000038146973,6.835000038146973,6.829999923706055,6.829999923706055,604,0.0,0.0
2025-04-22 12:37:00-04:00,6.829999923706055,6.849999904632568,6.829999923706055,6.849999904632568,1843,0.0,0.0
2025-04-22 12:38:00-04:00,6.840000152587891,6.858099937438965,6.840000152587891,6.858099937438965,3160,0.0,0.0
2025-04-22 12:39:00-04:00,6.849999904632568,6.849999904632568,6.849999904632568,6.849999904632568,336,0.0,0.0
2025-04-22 12:40:00-04:00,6.855299949645996,6.855299949645996,6.855299949645996,6.855299949645996,210,0.0,0.0
2025-04-22 12:41:00-04:00,6.855000019073486,6.869999885559082,6.855000019073486,6.864999771118164,2204,0.0,0.0
2025-04-22 12:42:00-04:00,6.864999771118164,6.885000228881836,6.864999771118164,6.885000228881836,9726,0.0,0.0
2025-04-22 12:43:00-04:00,6.884200096130371,6.884200096130371,6.884200096130371,6.884200096130371,690,0.0,0.0
2025-04-22 12:45:00-04:00,6.892499923706055,6.900000095367432,6.882999897003174,6.885000228881836,1603,0.0,0.0
2025-04-22 12:46:00-04:00,6.880000114440918,6.880000114440918,6.860000133514404,6.861199855804443,6096,0.0,0.0
2025-04-22 12:50:00-04:00,6.869999885559082,6.869999885559082,6.860000133514404,6.860000133514404,2118,0.0,0.0
2025-04-22 12:51:00-04:00,6.860000133514404,6.860000133514404,6.860000133514404,6.860000133514404,591,0.0,0.0
2025-04-22 12:52:00-04:00,6.860000133514404,6.860000133514404,6.860000133514404,6.860000133514404,200,0.0,0.0
2025-04-22 12:53:00-04:00,6.860000133514404,6.869999885559082,6.860000133514404,6.869999885559082,3114,0.0,0.0
2025-04-22 12:54:00-04:00,6.880000114440918,6.880000114440918,6.875,6.875,2322,0.0,0.0
2025-04-22 12:55:00-04:00,6.875,6.875,6.860099792480469,6.860099792480469,396,0.0,0.0
2025-04-22 12:56:00-04:00,6.889999866485596,6.889999866485596,6.880000114440918,6.885000228881836,2036,0.0,0.0
2025-04-22 12:57:00-04:00,6.892499923706055,6.892499923706055,6.892499923706055,6.892499923706055,348,0.0,0.0
2025-04-22 12:58:00-04:00,6.885000228881836,6.885000228881836,6.869999885559082,6.869999885559082,1325,0.0,0.0
2025-04-22 12:59:00-04:00,6.885000228881836,6.885000228881836,6.885000228881836,6.885000228881836,1943,0.0,0.0
2025-04-22 13:00:00-04:00,6.885000228881836,6.885000228881836,6.885000228881836,6.885000228881836,21,0.0,0.0
2025-04-22 13:02:00-04:00,6.885000228881836,6.885000228881836,6.885000228881836,6.885000228881836,1200,0.0,0.0
2025-04-22 13:03:00-04:00,6.892499923706055,6.892499923706055,6.892499923706055,6.892499923706055,0,0.0,0.0
2025-04-22 13:04:00-04:00,6.885000228881836,6.885000228881836,6.869999885559082,6.869999885559082,4435,0.0,0.0
2025-04-22 13:05:00-04:00,6.880000114440918,6.880000114440918,6.860000133514404,6.860000133514404,1469,0.0,0.0
2025-04-22 13:06:00-04:00,6.860000133514404,6.860000133514404,6.860000133514404,6.860000133514404,1202,0.0,0.0
2025-04-22 13:08:00-04:00,6.8678998947143555,6.885000228881836,6.860000133514404,6.885000228881836,4174,0.0,0.0
2025-04-22 13:09:00-04:00,6.900000095367432,6.900000095367432,6.880000114440918,6.880000114440918,6245,0.0,0.0
2025-04-22 13:10:00-04:00,6.880000114440918,6.880000114440918,6.880000114440918,6.880000114440918,422,0.0,0.0
2025-04-22 13:11:00-04:00,6.869999885559082,6.869999885559082,6.869999885559082,6.869999885559082,513,0.0,0.0
2025-04-22 13:12:00-04:00,6.860000133514404,6.864999771118164,6.860000133514404,6.860000133514404,6533,0.0,0.0
2025-04-22 13:14:00-04:00,6.849999904632568,6.849999904632568,6.849999904632568,6.849999904632568,336,0.0,0.0
2025-04-22 13:15:00-04:00,6.849999904632568,6.849999904632568,6.829999923706055,6.829999923706055,3342,0.0,0.0
2025-04-22 13:16:00-04:00,6.820000171661377,6.840000152587891,6.820000171661377,6.840000152587891,2518,0.0,0.0
2025-04-22 13:17:00-04:00,6.849999904632568,6.855000019073486,6.849999904632568,6.855000019073486,2351,0.0,0.0
2025-04-22 13:18:00-04:00,6.849999904632568,6.860000133514404,6.849999904632568,6.860000133514404,2436,0.0,0.0
2025-04-22 13:19:00-04:00,6.889999866485596,6.897500038146973,6.889999866485596,6.897500038146973,1165,0.0,0.0
2025-04-22 13:20:00-04:00,6.897600173950195,6.897600173950195,6.897600173950195,6.897600173950195,856,0.0,0.0
2025-04-22 13:22:00-04:00,6.899899959564209,6.909999847412109,6.899899959564209,6.909999847412109,2983,0.0,0.0
2025-04-22 13:24:00-04:00,6.920000076293945,6.925000190734863,6.920000076293945,6.925000190734863,857,0.0,0.0
2025-04-22 13:25:00-04:00,6.929999828338623,6.940000057220459,6.929999828338623,6.934999942779541,1562,0.0,0.0
2025-04-22 13:26:00-04:00,6.934999942779541,6.945000171661377,6.934999942779541,6.940000057220459,1965,0.0,0.0
2025-04-22 13:27:00-04:00,6.929999828338623,6.929999828338623,6.920000076293945,6.920000076293945,1489,0.0,0.0
2025-04-22 13:28:00-04:00,6.909999847412109,6.909999847412109,6.909999847412109,6.909999847412109,892,0.0,0.0
2025-04-22 13:30:00-04:00,6.929999828338623,6.929999828338623,6.929999828338623,6.929999828338623,269,0.0,0.0
2025-04-22 13:31:00-04:00,6.920000076293945,6.925000190734863,6.909999847412109,6.909999847412109,1777,0.0,0.0
2025-04-22 13:32:00-04:00,6.929999828338623,6.929999828338623,6.889999866485596,6.889999866485596,3483,0.0,0.0
2025-04-22 13:33:00-04:00,6.885900020599365,6.885900020599365,6.885000228881836,6.885000228881836,1573,0.0,0.0
2025-04-22 13:34:00-04:00,6.869999885559082,6.869999885559082,6.869999885559082,6.869999885559082,669,0.0,0.0
2025-04-22 13:36:00-04:00,6.90500020980835,6.90500020980835,6.90500020980835,6.90500020980835,476,0.0,0.0
2025-04-22 13:37:00-04:00,6.909999847412109,6.909999847412109,6.909999847412109,6.909999847412109,205,0.0,0.0
2025-04-22 13:38:00-04:00,6.909999847412109,6.909999847412109,6.900000095367432,6.900000095367432,3653,0.0,0.0
2025-04-22 13:39:00-04:00,6.90500020980835,6.9197001457214355,6.90500020980835,6.9197001457214355,2199,0.0,0.0
2025-04-22 13:41:00-04:00,6.920000076293945,6.940000057220459,6.920000076293945,6.929999828338623,3177,0.0,0.0
2025-04-22 13:42:00-04:00,6.929999828338623,6.929999828338623,6.929999828338623,6.929999828338623,914,0.0,0.0
2025-04-22 13:43:00-04:00,6.920000076293945,6.920000076293945,6.920000076293945,6.920000076293945,978,0.0,0.0
2025-04-22 13:45:00-04:00,6.920000076293945,6.920000076293945,6.920000076293945,6.920000076293945,600,0.0,0.0
2025-04-22 13:46:00-04:00,6.920000076293945,6.929900169372559,6.920000076293945,6.920000076293945,3463,0.0,0.0
2025-04-22 13:47:00-04:00,6.920000076293945,6.920000076293945,6.920000076293945,6.920000076293945,280,0.0,0.0
2025-04-22 13:48:00-04:00,6.920000076293945,6.920000076293945,6.920000076293945,6.920000076293945,500,0.0,0.0
2025-04-22 13:49:00-04:00,6.919400215148926,6.929999828338623,6.900000095367432,6.909999847412109,3486,0.0,0.0
2025-04-22 13:50:00-04:00,6.90500020980835,6.90500020980835,6.90500020980835,6.90500020980835,946,0.0,0.0
2025-04-22 13:51:00-04:00,6.90500020980835,6.90500020980835,6.889999866485596,6.889999866485596,1251,0.0,0.0
2025-04-22 13:52:00-04:00,6.900000095367432,6.900000095367432,6.900000095367432,6.900000095367432,2438,0.0,0.0
2025-04-22 13:53:00-04:00,6.900000095367432,6.900000095367432,6.900000095367432,6.900000095367432,450,0.0,0.0
2025-04-22 13:55:00-04:00,6.909900188446045,6.909900188446045,6.900000095367432,6.900000095367432,4549,0.0,0.0
2025-04-22 13:56:00-04:00,6.900000095367432,6.900000095367432,6.900000095367432,6.900000095367432,838,0.0,0.0
2025-04-22 13:58:00-04:00,6.920000076293945,6.920000076293945,6.920000076293945,6.920000076293945,2574,0.0,0.0
2025-04-22 13:59:00-04:00,6.920000076293945,6.920000076293945,6.90500020980835,6.90500020980835,2255,0.0,0.0
2025-04-22 14:00:00-04:00,6.909999847412109,6.909999847412109,6.909999847412109,6.909999847412109,651,0.0,0.0
2025-04-22 14:02:00-04:00,6.914999961853027,6.914999961853027,6.914999961853027,6.914999961853027,745,0.0,0.0
2025-04-22 14:03:00-04:00,6.914999961853027,6.929999828338623,6.914999961853027,6.920000076293945,4595,0.0,0.0
2025-04-22 14:04:00-04:00,6.932499885559082,6.932499885559082,6.925000190734863,6.925000190734863,4752,0.0,0.0
2025-04-22 14:05:00-04:00,6.925000190734863,6.934999942779541,6.925000190734863,6.929999828338623,970,0.0,0.0
2025-04-22 14:06:00-04:00,6.929999828338623,6.929999828338623,6.929999828338623,6.929999828338623,2945,0.0,0.0
2025-04-22 14:07:00-04:00,6.934999942779541,6.934999942779541,6.934999942779541,6.934999942779541,1247,0.0,0.0
2025-04-22 14:08:00-04:00,6.932799816131592,6.9375,6.932799816131592,6.9375,1229,0.0,0.0
2025-04-22 14:09:00-04:00,6.934999942779541,6.934999942779541,6.934999942779541,6.934999942779541,1404,0.0,0.0
2025-04-22 14:10:00-04:00,6.934999942779541,6.934999942779541,6.929999828338623,6.929999828338623,2234,0.0,0.0
2025-04-22 14:11:00-04:00,6.925000190734863,6.925000190734863,6.920000076293945,6.925000190734863,829,0.0,0.0
2025-04-22 14:13:00-04:00,6.923500061035156,6.923500061035156,6.923500061035156,6.923500061035156,836,0.0,0.0
2025-04-22 14:15:00-04:00,6.929999828338623,6.940000057220459,6.929999828338623,6.929999828338623,3447,0.0,0.0
2025-04-22 14:16:00-04:00,6.929999828338623,6.929999828338623,6.925000190734863,6.925000190734863,328,0.0,0.0
2025-04-22 14:17:00-04:00,6.920000076293945,6.925000190734863,6.919000148773193,6.920000076293945,6192,0.0,0.0
2025-04-22 14:18:00-04:00,6.920000076293945,6.925000190734863,6.920000076293945,6.920000076293945,2619,0.0,0.0
2025-04-22 14:19:00-04:00,6.925000190734863,6.925000190734863,6.909999847412109,6.920000076293945,6963,0.0,0.0
2025-04-22 14:20:00-04:00,6.920000076293945,6.920000076293945,6.900000095367432,6.900000095367432,4772,0.0,0.0
2025-04-22 14:21:00-04:00,6.900000095367432,6.909999847412109,6.900000095367432,6.909999847412109,673,0.0,0.0
2025-04-22 14:22:00-04:00,6.909999847412109,6.909999847412109,6.900000095367432,6.900000095367432,864,0.0,0.0
2025-04-22 14:23:00-04:00,6.920000076293945,6.920000076293945,6.909999847412109,6.909999847412109,1187,0.0,0.0
2025-04-22 14:24:00-04:00,6.900000095367432,6.900000095367432,6.900000095367432,6.900000095367432,316,0.0,0.0
2025-04-22 14:25:00-04:00,6.909999847412109,6.920000076293945,6.909999847412109,6.909999847412109,1182,0.0,0.0
2025-04-22 14:26:00-04:00,6.909999847412109,6.920000076293945,6.909999847412109,6.909999847412109,513,0.0,0.0
2025-04-22 14:27:00-04:00,6.909999847412109,6.920000076293945,6.909999847412109,6.920000076293945,708,0.0,0.0
2025-04-22 14:28:00-04:00,6.920000076293945,6.920000076293945,6.920000076293945,6.920000076293945,2231,0.0,0.0
2025-04-22 14:29:00-04:00,6.929999828338623,6.949999809265137,6.929999828338623,6.949999809265137,12138,0.0,0.0
2025-04-22 14:30:00-04:00,6.940000057220459,6.960000038146973,6.940000057220459,6.945000171661377,2729,0.0,0.0
2025-04-22 14:31:00-04:00,6.949999809265137,6.980000019073486,6.945000171661377,6.978799819946289,10604,0.0,0.0
2025-04-22 14:32:00-04:00,6.980000019073486,6.985000133514404,6.980000019073486,6.985000133514404,2250,0.0,0.0
2025-04-22 14:33:00-04:00,6.987500190734863,6.987500190734863,6.96999979019165,6.96999979019165,3277,0.0,0.0
2025-04-22 14:34:00-04:00,6.960000038146973,6.960000038146973,6.909999847412109,6.929999828338623,14638,0.0,0.0
2025-04-22 14:35:00-04:00,6.920000076293945,6.920000076293945,6.920000076293945,6.920000076293945,301,0.0,0.0
2025-04-22 14:36:00-04:00,6.920000076293945,6.920000076293945,6.909999847412109,6.920000076293945,6351,0.0,0.0
2025-04-22 14:37:00-04:00,6.909999847412109,6.920000076293945,6.880000114440918,6.909999847412109,13209,0.0,0.0
2025-04-22 14:40:00-04:00,6.909999847412109,6.909999847412109,6.909999847412109,6.909999847412109,734,0.0,0.0
2025-04-22 14:41:00-04:00,6.904799938201904,6.909999847412109,6.904799938201904,6.909999847412109,1374,0.0,0.0
2025-04-22 14:42:00-04:00,6.920000076293945,6.920000076293945,6.900000095367432,6.909999847412109,88506,0.0,0.0
2025-04-22 14:43:00-04:00,6.909999847412109,6.909999847412109,6.880000114440918,6.880000114440918,2351,0.0,0.0
2025-04-22 14:44:00-04:00,6.880000114440918,6.880000114440918,6.880000114440918,6.880000114440918,1799,0.0,0.0
2025-04-22 14:45:00-04:00,6.889999866485596,6.889999866485596,6.869999885559082,6.880000114440918,3747,0.0,0.0
2025-04-22 14:46:00-04:00,6.875,6.889999866485596,6.875,6.889999866485596,882,0.0,0.0
2025-04-22 14:47:00-04:00,6.875899791717529,6.875899791717529,6.874599933624268,6.875,1208,0.0,0.0
2025-04-22 14:49:00-04:00,6.875,6.889999866485596,6.875,6.889999866485596,2821,0.0,0.0
2025-04-22 14:50:00-04:00,6.875,6.875,6.875,6.875,0,0.0,0.0
2025-04-22 14:51:00-04:00,6.860000133514404,6.860000133514404,6.829999923706055,6.829999923706055,5218,0.0,0.0
2025-04-22 14:52:00-04:00,6.84499979019165,6.84499979019165,6.820000171661377,6.820000171661377,976,0.0,0.0
2025-04-22 14:54:00-04:00,6.817399978637695,6.817399978637695,6.817399978637695,6.817399978637695,422,0.0,0.0
2025-04-22 14:55:00-04:00,6.835000038146973,6.835000038146973,6.809999942779541,6.829999923706055,2146,0.0,0.0
2025-04-22 14:56:00-04:00,6.852200031280518,6.852200031280518,6.852200031280518,6.852200031280518,1119,0.0,0.0
2025-04-22 14:58:00-04:00,6.849999904632568,6.849999904632568,6.849999904632568,6.849999904632568,4000,0.0,0.0
2025-04-22 14:59:00-04:00,6.84250020980835,6.84250020980835,6.835000038146973,6.835000038146973,0,0.0,0.0
2025-04-22 15:00:00-04:00,6.829999923706055,6.84499979019165,6.829999923706055,6.84499979019165,3167,0.0,0.0
2025-04-22 15:01:00-04:00,6.849999904632568,6.849999904632568,6.84499979019165,6.84499979019165,445,0.0,0.0
2025-04-22 15:02:00-04:00,6.84499979019165,6.849999904632568,6.84499979019165,6.849999904632568,1430,0.0,0.0
2025-04-22 15:03:00-04:00,6.860000133514404,6.869999885559082,6.858699798583984,6.869999885559082,2238,0.0,0.0
2025-04-22 15:04:00-04:00,6.889999866485596,6.889999866485596,6.889900207519531,6.889999866485596,1127,0.0,0.0
2025-04-22 15:05:00-04:00,6.885000228881836,6.900000095367432,6.876999855041504,6.876999855041504,8569,0.0,0.0
2025-04-22 15:06:00-04:00,6.880000114440918,6.889999866485596,6.880000114440918,6.880000114440918,1395,0.0,0.0
2025-04-22 15:07:00-04:00,6.872900009155273,6.880000114440918,6.872900009155273,6.880000114440918,701,0.0,0.0
2025-04-22 15:08:00-04:00,6.889999866485596,6.929999828338623,6.889999866485596,6.920000076293945,9877,0.0,0.0
2025-04-22 15:09:00-04:00,6.929999828338623,6.940000057220459,6.929999828338623,6.929999828338623,4400,0.0,0.0
2025-04-22 15:10:00-04:00,6.929999828338623,6.929999828338623,6.929999828338623,6.929999828338623,698,0.0,0.0
2025-04-22 15:11:00-04:00,6.929999828338623,6.939899921417236,6.920000076293945,6.929999828338623,5480,0.0,0.0
2025-04-22 15:13:00-04:00,6.937399864196777,6.937399864196777,6.929999828338623,6.929999828338623,766,0.0,0.0
2025-04-22 15:14:00-04:00,6.929999828338623,6.929999828338623,6.920000076293945,6.920000076293945,3961,0.0,0.0
2025-04-22 15:17:00-04:00,6.914999961853027,6.940000057220459,6.909999847412109,6.934999942779541,6791,0.0,0.0
2025-04-22 15:18:00-04:00,6.934999942779541,6.934999942779541,6.920000076293945,6.920000076293945,2467,0.0,0.0
2025-04-22 15:19:00-04:00,6.909999847412109,6.920000076293945,6.909999847412109,6.920000076293945,1851,0.0,0.0
2025-04-22 15:20:00-04:00,6.920000076293945,6.989999771118164,6.920000076293945,6.965000152587891,22733,0.0,0.0
2025-04-22 15:21:00-04:00,6.9847002029418945,6.9847002029418945,6.9847002029418945,6.9847002029418945,529,0.0,0.0
2025-04-22 15:22:00-04:00,6.96999979019165,6.96999979019165,6.949999809265137,6.949999809265137,4022,0.0,0.0
2025-04-22 15:23:00-04:00,6.960000038146973,6.960000038146973,6.949999809265137,6.949999809265137,1020,0.0,0.0
2025-04-22 15:24:00-04:00,6.949999809265137,6.949999809265137,6.949999809265137,6.949999809265137,425,0.0,0.0
2025-04-22 15:25:00-04:00,6.949999809265137,6.949999809265137,6.940000057220459,6.940000057220459,2328,0.0,0.0
2025-04-22 15:26:00-04:00,6.929999828338623,6.929999828338623,6.929999828338623,6.929999828338623,692,0.0,0.0
2025-04-22 15:27:00-04:00,6.925000190734863,6.929500102996826,6.925000190734863,6.929500102996826,1296,0.0,0.0
2025-04-22 15:29:00-04:00,6.920000076293945,6.920000076293945,6.909999847412109,6.909999847412109,3325,0.0,0.0
2025-04-22 15:30:00-04:00,6.909999847412109,6.925000190734863,6.909999847412109,6.925000190734863,6113,0.0,0.0
2025-04-22 15:31:00-04:00,6.940000057220459,6.940000057220459,6.929999828338623,6.934999942779541,4009,0.0,0.0
2025-04-22 15:32:00-04:00,6.934999942779541,6.934999942779541,6.934999942779541,6.934999942779541,839,0.0,0.0
2025-04-22 15:34:00-04:00,6.934999942779541,6.9375,6.929999828338623,6.929999828338623,2844,0.0,0.0
2025-04-22 15:35:00-04:00,6.929999828338623,6.934999942779541,6.925000190734863,6.934999942779541,2882,0.0,0.0
2025-04-22 15:36:00-04:00,6.934999942779541,6.960000038146973,6.934999942779541,6.949999809265137,6915,0.0,0.0
2025-04-22 15:37:00-04:00,6.949999809265137,6.957499980926514,6.949999809265137,6.957499980926514,1476,0.0,0.0
2025-04-22 15:38:00-04:00,6.949999809265137,6.949999809265137,6.940000057220459,6.949999809265137,2384,0.0,0.0
2025-04-22 15:39:00-04:00,6.949999809265137,6.949999809265137,6.929999828338623,6.945000171661377,9612,0.0,0.0
2025-04-22 15:40:00-04:00,6.929999828338623,6.929999828338623,6.929999828338623,6.929999828338623,1641,0.0,0.0
2025-04-22 15:41:00-04:00,6.920000076293945,6.925000190734863,6.909999847412109,6.909999847412109,1916,0.0,0.0
2025-04-22 15:42:00-04:00,6.920000076293945,6.920000076293945,6.920000076293945,6.920000076293945,3288,0.0,0.0
2025-04-22 15:43:00-04:00,6.925000190734863,6.925000190734863,6.925000190734863,6.925000190734863,664,0.0,0.0
2025-04-22 15:44:00-04:00,6.925000190734863,6.937600135803223,6.925000190734863,6.934999942779541,4059,0.0,0.0
2025-04-22 15:45:00-04:00,6.934999942779541,6.934999942779541,6.929999828338623,6.934999942779541,1326,0.0,0.0
2025-04-22 15:46:00-04:00,6.921000003814697,6.934999942779541,6.921000003814697,6.934999942779541,1143,0.0,0.0
2025-04-22 15:47:00-04:00,6.929999828338623,6.934999942779541,6.929999828338623,6.929999828338623,1096,0.0,0.0
2025-04-22 15:48:00-04:00,6.929999828338623,6.954999923706055,6.929999828338623,6.949999809265137,4123,0.0,0.0
2025-04-22 15:49:00-04:00,6.954999923706055,6.954999923706055,6.949999809265137,6.949999809265137,789,0.0,0.0
2025-04-22 15:50:00-04:00,6.949999809265137,6.949999809265137,6.929999828338623,6.929999828338623,10193,0.0,0.0
2025-04-22 15:51:00-04:00,6.934999942779541,6.940000057220459,6.929999828338623,6.929999828338623,6288,0.0,0.0
2025-04-22 15:52:00-04:00,6.929999828338623,6.942399978637695,6.929999828338623,6.942399978637695,11657,0.0,0.0
2025-04-22 15:53:00-04:00,6.949999809265137,7.019999980926514,6.894999980926514,7.019999980926514,43633,0.0,0.0
2025-04-22 15:54:00-04:00,7.03000020980835,7.03000020980835,6.985000133514404,7.025000095367432,30071,0.0,0.0
2025-04-22 15:55:00-04:00,7.039999961853027,7.130000114440918,7.039999961853027,7.079999923706055,38138,0.0,0.0
2025-04-22 15:56:00-04:00,7.079999923706055,7.114999771118164,7.079999923706055,7.114999771118164,13308,0.0,0.0
2025-04-22 15:57:00-04:00,7.118899822235107,7.118899822235107,7.079899787902832,7.079899787902832,19102,0.0,0.0
2025-04-22 15:58:00-04:00,7.074999809265137,7.074999809265137,7.010000228881836,7.025000095367432,43682,0.0,0.0
2025-04-22 15:59:00-04:00,7.025000095367432,7.039999961853027,7.019999980926514,7.019999980926514,29070,0.0,0.0
2025-04-23 09:30:00-04:00,7.320000171661377,7.420000076293945,7.320000171661377,7.385000228881836,59210,0.0,0.0
2025-04-23 09:31:00-04:00,7.389999866485596,7.389999866485596,7.349999904632568,7.351500034332275,6753,0.0,0.0
2025-04-23 09:32:00-04:00,7.300000190734863,7.300000190734863,7.099999904632568,7.114999771118164,39841,0.0,0.0
2025-04-23 09:33:00-04:00,7.090000152587891,7.107500076293945,7.050600051879883,7.050600051879883,2701,0.0,0.0
2025-04-23 09:34:00-04:00,7.071000099182129,7.217400074005127,7.050099849700928,7.190000057220459,1863,0.0,0.0
2025-04-23 09:35:00-04:00,7.170000076293945,7.199900150299072,7.159999847412109,7.159999847412109,7251,0.0,0.0
2025-04-23 09:36:00-04:00,7.130000114440918,7.130000114440918,7.099999904632568,7.110000133514404,14657,0.0,0.0
2025-04-23 09:37:00-04:00,7.099999904632568,7.099999904632568,7.050000190734863,7.085000038146973,3636,0.0,0.0
2025-04-23 09:38:00-04:00,7.085000038146973,7.085000038146973,7.050000190734863,7.085000038146973,2246,0.0,0.0
2025-04-23 09:39:00-04:00,7.118299961090088,7.118299961090088,7.085000038146973,7.085000038146973,2159,0.0,0.0
2025-04-23 09:40:00-04:00,7.110000133514404,7.130000114440918,6.934999942779541,6.934999942779541,19208,0.0,0.0
2025-04-23 09:41:00-04:00,6.900000095367432,7.025000095367432,6.880000114440918,7.025000095367432,40936,0.0,0.0
2025-04-23 09:42:00-04:00,6.989999771118164,7.059999942779541,6.989999771118164,7.010000228881836,1730,0.0,0.0
2025-04-23 09:43:00-04:00,7.0,7.0,6.9552001953125,6.9552001953125,1874,0.0,0.0
2025-04-23 09:44:00-04:00,7.0,7.037499904632568,7.0,7.019999980926514,3149,0.0,0.0
2025-04-23 09:45:00-04:00,7.010000228881836,7.03000020980835,7.010000228881836,7.03000020980835,2368,0.0,0.0
2025-04-23 09:46:00-04:00,7.039999961853027,7.050000190734863,7.019999980926514,7.050000190734863,1587,0.0,0.0
2025-04-23 09:47:00-04:00,7.039999961853027,7.065000057220459,7.019999980926514,7.065000057220459,1441,0.0,0.0
2025-04-23 09:48:00-04:00,7.050000190734863,7.099999904632568,7.050000190734863,7.099999904632568,3418,0.0,0.0
2025-04-23 09:49:00-04:00,7.110000133514404,7.119999885559082,7.079999923706055,7.119999885559082,10697,0.0,0.0
2025-04-23 09:50:00-04:00,7.130000114440918,7.130000114440918,7.059999942779541,7.059999942779541,14304,0.0,0.0
2025-04-23 09:51:00-04:00,7.090000152587891,7.110000133514404,7.090000152587891,7.099999904632568,982,0.0,0.0
2025-04-23 09:52:00-04:00,7.130000114440918,7.130000114440918,7.079999923706055,7.079999923706055,6662,0.0,0.0
2025-04-23 09:53:00-04:00,7.099999904632568,7.099999904632568,7.099999904632568,7.099999904632568,8556,0.0,0.0
2025-04-23 09:54:00-04:00,7.099999904632568,7.139999866485596,7.099999904632568,7.139999866485596,1230,0.0,0.0
2025-04-23 09:55:00-04:00,7.135000228881836,7.135000228881836,7.119999885559082,7.119999885559082,1539,0.0,0.0
2025-04-23 09:57:00-04:00,7.119999885559082,7.150000095367432,7.119999885559082,7.1296000480651855,2692,0.0,0.0
2025-04-23 09:58:00-04:00,7.159999847412109,7.159999847412109,7.159999847412109,7.159999847412109,200,0.0,0.0
2025-04-23 09:59:00-04:00,7.159999847412109,7.159999847412109,7.135000228881836,7.159999847412109,9792,0.0,0.0
2025-04-23 10:00:00-04:00,7.135000228881836,7.175000190734863,7.050000190734863,7.050000190734863,15729,0.0,0.0
2025-04-23 10:01:00-04:00,7.099999904632568,7.099999904632568,7.099999904632568,7.099999904632568,2585,0.0,0.0
2025-04-23 10:02:00-04:00,7.129499912261963,7.129499912261963,7.105000019073486,7.105000019073486,1002,0.0,0.0
2025-04-23 10:03:00-04:00,7.114999771118164,7.114999771118164,7.090000152587891,7.090000152587891,578,0.0,0.0
2025-04-23 10:04:00-04:00,7.110000133514404,7.130000114440918,7.110000133514404,7.130000114440918,1202,0.0,0.0
2025-04-23 10:05:00-04:00,7.150000095367432,7.150000095367432,7.119999885559082,7.125,1183,0.0,0.0
2025-04-23 10:06:00-04:00,7.150000095367432,7.150000095367432,7.150000095367432,7.150000095367432,200,0.0,0.0
2025-04-23 10:07:00-04:00,7.150000095367432,7.150000095367432,7.117599964141846,7.117599964141846,764,0.0,0.0
2025-04-23 10:08:00-04:00,7.150000095367432,7.215000152587891,7.150000095367432,7.215000152587891,18788,0.0,0.0
2025-04-23 10:09:00-04:00,7.199999809265137,7.224999904632568,7.130000114440918,7.224999904632568,26354,0.0,0.0
2025-04-23 10:10:00-04:00,7.210000038146973,7.230000019073486,7.210000038146973,7.229300022125244,3326,0.0,0.0
2025-04-23 10:11:00-04:00,7.230000019073486,7.25,7.20959997177124,7.20959997177124,6524,0.0,0.0
2025-04-23 10:12:00-04:00,7.210000038146973,7.224999904632568,7.210000038146973,7.224999904632568,807,0.0,0.0
2025-04-23 10:13:00-04:00,7.224100112915039,7.224100112915039,7.224100112915039,7.224100112915039,478,0.0,0.0
2025-04-23 10:14:00-04:00,7.21999979019165,7.21999979019165,7.21999979019165,7.21999979019165,407,0.0,0.0
2025-04-23 10:15:00-04:00,7.199999809265137,7.199999809265137,7.195000171661377,7.199999809265137,5557,0.0,0.0
2025-04-23 10:16:00-04:00,7.199999809265137,7.210000038146973,7.195000171661377,7.210000038146973,800,0.0,0.0
2025-04-23 10:17:00-04:00,7.199999809265137,7.199999809265137,7.179999828338623,7.194900035858154,9481,0.0,0.0
2025-04-23 10:18:00-04:00,7.192999839782715,7.300000190734863,7.192999839782715,7.300000190734863,13036,0.0,0.0
2025-04-23 10:19:00-04:00,7.329999923706055,7.354899883270264,7.329999923706055,7.349999904632568,5178,0.0,0.0
2025-04-23 10:20:00-04:00,7.330100059509277,7.330100059509277,7.309999942779541,7.309999942779541,7081,0.0,0.0
2025-04-23 10:21:00-04:00,7.349899768829346,7.349899768829346,7.349899768829346,7.349899768829346,625,0.0,0.0
2025-04-23 10:22:00-04:00,7.324999809265137,7.369999885559082,7.320000171661377,7.369999885559082,1149,0.0,0.0
2025-04-23 10:23:00-04:00,7.380000114440918,7.400000095367432,7.380000114440918,7.400000095367432,10092,0.0,0.0
2025-04-23 10:24:00-04:00,7.400000095367432,7.420000076293945,7.400000095367432,7.420000076293945,1857,0.0,0.0
2025-04-23 10:25:00-04:00,7.446899890899658,7.446899890899658,7.446899890899658,7.446899890899658,2983,0.0,0.0
2025-04-23 10:26:00-04:00,7.46999979019165,7.480000019073486,7.46999979019165,7.46999979019165,7030,0.0,0.0
2025-04-23 10:27:00-04:00,7.479800224304199,7.480000019073486,7.474999904632568,7.474999904632568,3558,0.0,0.0
2025-04-23 10:28:00-04:00,7.460000038146973,7.46999979019165,7.420000076293945,7.420000076293945,9038,0.0,0.0
2025-04-23 10:29:00-04:00,7.409999847412109,7.409999847412109,7.380000114440918,7.380000114440918,2919,0.0,0.0
2025-04-23 10:30:00-04:00,7.374100208282471,7.374100208282471,7.369999885559082,7.369999885559082,3046,0.0,0.0
2025-04-23 10:31:00-04:00,7.380000114440918,7.389999866485596,7.380000114440918,7.389999866485596,1802,0.0,0.0
2025-04-23 10:32:00-04:00,7.389999866485596,7.389999866485596,7.389999866485596,7.389999866485596,200,0.0,0.0
2025-04-23 10:33:00-04:00,7.389999866485596,7.389999866485596,7.369999885559082,7.369999885559082,3664,0.0,0.0
2025-04-23 10:35:00-04:00,7.380000114440918,7.380000114440918,7.380000114440918,7.380000114440918,1473,0.0,0.0
2025-04-23 10:36:00-04:00,7.385000228881836,7.400000095367432,7.385000228881836,7.400000095367432,1512,0.0,0.0
2025-04-23 10:37:00-04:00,7.400000095367432,7.420000076293945,7.380000114440918,7.380000114440918,4950,0.0,0.0
2025-04-23 10:38:00-04:00,7.360000133514404,7.360000133514404,7.360000133514404,7.360000133514404,457,0.0,0.0
2025-04-23 10:39:00-04:00,7.349999904632568,7.349999904632568,7.329999923706055,7.329999923706055,1896,0.0,0.0
2025-04-23 10:41:00-04:00,7.320000171661377,7.320000171661377,7.300000190734863,7.300000190734863,2263,0.0,0.0
2025-04-23 10:43:00-04:00,7.300000190734863,7.300000190734863,7.300000190734863,7.300000190734863,396,0.0,0.0
2025-04-23 10:44:00-04:00,7.309999942779541,7.309999942779541,7.292900085449219,7.292900085449219,407,0.0,0.0
2025-04-23 10:45:00-04:00,7.309999942779541,7.340000152587891,7.309999942779541,7.340000152587891,892,0.0,0.0
2025-04-23 10:46:00-04:00,7.340000152587891,7.340000152587891,7.340000152587891,7.340000152587891,1053,0.0,0.0
2025-04-23 10:47:00-04:00,7.329999923706055,7.340000152587891,7.329999923706055,7.340000152587891,700,0.0,0.0
2025-04-23 10:48:00-04:00,7.320000171661377,7.320000171661377,7.309999942779541,7.309999942779541,1430,0.0,0.0
2025-04-23 10:49:00-04:00,7.300000190734863,7.300000190734863,7.289999961853027,7.289999961853027,1107,0.0,0.0
2025-04-23 10:50:00-04:00,7.289999961853027,7.289999961853027,7.289999961853027,7.289999961853027,1557,0.0,0.0
2025-04-23 10:51:00-04:00,7.28000020980835,7.28000020980835,7.28000020980835,7.28000020980835,621,0.0,0.0
2025-04-23 10:52:00-04:00,7.317299842834473,7.317299842834473,7.317299842834473,7.317299842834473,817,0.0,0.0
2025-04-23 10:53:00-04:00,7.346199989318848,7.346199989318848,7.340000152587891,7.340000152587891,4808,0.0,0.0
2025-04-23 10:54:00-04:00,7.340000152587891,7.340000152587891,7.340000152587891,7.340000152587891,972,0.0,0.0
2025-04-23 10:55:00-04:00,7.335000038146973,7.335000038146973,7.335000038146973,7.335000038146973,1312,0.0,0.0
2025-04-23 10:56:00-04:00,7.340000152587891,7.340000152587891,7.320000171661377,7.340000152587891,11796,0.0,0.0
2025-04-23 10:57:00-04:00,7.360000133514404,7.360000133514404,7.360000133514404,7.360000133514404,1799,0.0,0.0
2025-04-23 10:58:00-04:00,7.375,7.400000095367432,7.375,7.380000114440918,6950,0.0,0.0
2025-04-23 11:00:00-04:00,7.355000019073486,7.355000019073486,7.340000152587891,7.340000152587891,3683,0.0,0.0
2025-04-23 11:01:00-04:00,7.360000133514404,7.360000133514404,7.360000133514404,7.360000133514404,288,0.0,0.0
2025-04-23 11:02:00-04:00,7.355000019073486,7.355000019073486,7.340000152587891,7.340000152587891,838,0.0,0.0
2025-04-23 11:03:00-04:00,7.340000152587891,7.369999885559082,7.340000152587891,7.369999885559082,6441,0.0,0.0
2025-04-23 11:04:00-04:00,7.369999885559082,7.369999885559082,7.369999885559082,7.369999885559082,5672,0.0,0.0
2025-04-23 11:05:00-04:00,7.389999866485596,7.389999866485596,7.389999866485596,7.389999866485596,815,0.0,0.0
2025-04-23 11:06:00-04:00,7.380000114440918,7.409999847412109,7.380000114440918,7.409999847412109,3188,0.0,0.0
2025-04-23 11:07:00-04:00,7.400000095367432,7.420000076293945,7.400000095367432,7.409999847412109,3100,0.0,0.0
2025-04-23 11:08:00-04:00,7.409999847412109,7.409999847412109,7.409999847412109,7.409999847412109,1172,0.0,0.0
2025-04-23 11:09:00-04:00,7.409999847412109,7.414999961853027,7.400000095367432,7.409999847412109,3912,0.0,0.0
2025-04-23 11:10:00-04:00,7.409999847412109,7.409999847412109,7.340000152587891,7.360000133514404,14090,0.0,0.0
2025-04-23 11:14:00-04:00,7.380000114440918,7.380000114440918,7.380000114440918,7.380000114440918,1473,0.0,0.0
2025-04-23 11:15:00-04:00,7.369999885559082,7.375,7.369999885559082,7.375,1265,0.0,0.0
2025-04-23 11:16:00-04:00,7.360000133514404,7.360000133514404,7.355000019073486,7.355000019073486,2323,0.0,0.0
2025-04-23 11:17:00-04:00,7.355000019073486,7.355000019073486,7.355000019073486,7.355000019073486,140,0.0,0.0
2025-04-23 11:18:00-04:00,7.352499961853027,7.352499961853027,7.352499961853027,7.352499961853027,125,0.0,0.0
2025-04-23 11:19:00-04:00,7.352499961853027,7.352499961853027,7.340000152587891,7.340000152587891,10818,0.0,0.0
2025-04-23 11:21:00-04:00,7.315000057220459,7.315000057220459,7.315000057220459,7.315000057220459,548,0.0,0.0
2025-04-23 11:22:00-04:00,7.315000057220459,7.320000171661377,7.315000057220459,7.320000171661377,947,0.0,0.0
2025-04-23 11:23:00-04:00,7.340000152587891,7.340000152587891,7.260000228881836,7.260000228881836,4848,0.0,0.0
2025-04-23 11:26:00-04:00,7.260000228881836,7.289999961853027,7.25,7.289999961853027,2107,0.0,0.0
2025-04-23 11:27:00-04:00,7.269999980926514,7.275000095367432,7.269999980926514,7.275000095367432,890,0.0,0.0
2025-04-23 11:28:00-04:00,7.269999980926514,7.272500038146973,7.269999980926514,7.272500038146973,308,0.0,0.0
2025-04-23 11:29:00-04:00,7.269999980926514,7.275000095367432,7.269999980926514,7.269999980926514,676,0.0,0.0
2025-04-23 11:30:00-04:00,7.28000020980835,7.28000020980835,7.28000020980835,7.28000020980835,717,0.0,0.0
2025-04-23 11:31:00-04:00,7.260000228881836,7.28000020980835,7.255000114440918,7.28000020980835,2234,0.0,0.0
2025-04-23 11:32:00-04:00,7.260000228881836,7.260000228881836,7.255000114440918,7.260000228881836,3223,0.0,0.0
2025-04-23 11:33:00-04:00,7.25,7.25,7.239999771118164,7.239999771118164,1341,0.0,0.0
2025-04-23 11:34:00-04:00,7.260000228881836,7.275000095367432,7.260000228881836,7.275000095367432,1686,0.0,0.0
2025-04-23 11:36:00-04:00,7.28000020980835,7.28000020980835,7.28000020980835,7.28000020980835,876,0.0,0.0
2025-04-23 11:37:00-04:00,7.28000020980835,7.28000020980835,7.28000020980835,7.28000020980835,708,0.0,0.0
2025-04-23 11:38:00-04:00,7.300000190734863,7.320000171661377,7.300000190734863,7.320000171661377,4329,0.0,0.0
2025-04-23 11:39:00-04:00,7.324999809265137,7.324999809265137,7.324999809265137,7.324999809265137,460,0.0,0.0
2025-04-23 11:40:00-04:00,7.324999809265137,7.324999809265137,7.324999809265137,7.324999809265137,700,0.0,0.0
2025-04-23 11:41:00-04:00,7.322500228881836,7.322500228881836,7.322500228881836,7.322500228881836,987,0.0,0.0
2025-04-23 11:42:00-04:00,7.324999809265137,7.324999809265137,7.324999809265137,7.324999809265137,930,0.0,0.0
2025-04-23 11:43:00-04:00,7.320000171661377,7.320000171661377,7.320000171661377,7.320000171661377,1265,0.0,0.0
2025-04-23 11:44:00-04:00,7.309999942779541,7.309999942779541,7.309999942779541,7.309999942779541,243,0.0,0.0
2025-04-23 11:45:00-04:00,7.309999942779541,7.309999942779541,7.289999961853027,7.289999961853027,11889,0.0,0.0
2025-04-23 11:47:00-04:00,7.300000190734863,7.300000190734863,7.28000020980835,7.284999847412109,4136,0.0,0.0
2025-04-23 11:49:00-04:00,7.269999980926514,7.269999980926514,7.269999980926514,7.269999980926514,519,0.0,0.0
2025-04-23 11:50:00-04:00,7.28000020980835,7.289999961853027,7.28000020980835,7.289999961853027,653,0.0,0.0
2025-04-23 11:51:00-04:00,7.289999961853027,7.290999889373779,7.28000020980835,7.28000020980835,10949,0.0,0.0
2025-04-23 11:58:00-04:00,7.309999942779541,7.309999942779541,7.295000076293945,7.295000076293945,363,0.0,0.0
2025-04-23 11:59:00-04:00,7.28000020980835,7.300000190734863,7.28000020980835,7.28000020980835,1763,0.0,0.0
2025-04-23 12:01:00-04:00,7.28000020980835,7.28000020980835,7.269999980926514,7.28000020980835,573,0.0,0.0
2025-04-23 12:02:00-04:00,7.28000020980835,7.289999961853027,7.28000020980835,7.28000020980835,1411,0.0,0.0
2025-04-23 12:03:00-04:00,7.28000020980835,7.289999961853027,7.28000020980835,7.289999961853027,2369,0.0,0.0
2025-04-23 12:04:00-04:00,7.289999961853027,7.289999961853027,7.289999961853027,7.289999961853027,528,0.0,0.0
2025-04-23 12:05:00-04:00,7.300000190734863,7.300000190734863,7.289999961853027,7.289999961853027,2640,0.0,0.0
2025-04-23 12:06:00-04:00,7.28000020980835,7.28000020980835,7.230000019073486,7.239999771118164,5879,0.0,0.0
2025-04-23 12:08:00-04:00,7.25,7.25,7.239999771118164,7.239999771118164,1875,0.0,0.0
2025-04-23 12:10:00-04:00,7.25,7.25,7.25,7.25,720,0.0,0.0
2025-04-23 12:11:00-04:00,7.260000228881836,7.260000228881836,7.260000228881836,7.260000228881836,937,0.0,0.0
2025-04-23 12:12:00-04:00,7.260000228881836,7.260000228881836,7.239999771118164,7.239999771118164,1948,0.0,0.0
2025-04-23 12:13:00-04:00,7.239999771118164,7.239999771118164,7.239999771118164,7.239999771118164,749,0.0,0.0
2025-04-23 12:14:00-04:00,7.25,7.25,7.25,7.25,299,0.0,0.0
2025-04-23 12:15:00-04:00,7.25,7.25,7.25,7.25,108,0.0,0.0
2025-04-23 12:16:00-04:00,7.260000228881836,7.260000228881836,7.260000228881836,7.260000228881836,177,0.0,0.0
2025-04-23 12:17:00-04:00,7.260000228881836,7.260000228881836,7.25,7.25,480,0.0,0.0
2025-04-23 12:18:00-04:00,7.239999771118164,7.239999771118164,7.239999771118164,7.239999771118164,1839,0.0,0.0
2025-04-23 12:22:00-04:00,7.230000019073486,7.230000019073486,7.230000019073486,7.230000019073486,904,0.0,0.0
2025-04-23 12:23:00-04:00,7.239999771118164,7.239999771118164,7.239999771118164,7.239999771118164,864,0.0,0.0
2025-04-23 12:25:00-04:00,7.240099906921387,7.240099906921387,7.240099906921387,7.240099906921387,828,0.0,0.0
2025-04-23 12:26:00-04:00,7.2519001960754395,7.260000228881836,7.25,7.25,1881,0.0,0.0
2025-04-23 12:27:00-04:00,7.260000228881836,7.260000228881836,7.260000228881836,7.260000228881836,2152,0.0,0.0
2025-04-23 12:28:00-04:00,7.264999866485596,7.269999980926514,7.264999866485596,7.269999980926514,512,0.0,0.0
2025-04-23 12:30:00-04:00,7.289999961853027,7.289999961853027,7.289999961853027,7.289999961853027,772,0.0,0.0
2025-04-23 12:31:00-04:00,7.289999961853027,7.289999961853027,7.289999961853027,7.289999961853027,522,0.0,0.0
2025-04-23 12:32:00-04:00,7.284999847412109,7.284999847412109,7.284999847412109,7.284999847412109,521,0.0,0.0
2025-04-23 12:34:00-04:00,7.304999828338623,7.304999828338623,7.300000190734863,7.300000190734863,2779,0.0,0.0
2025-04-23 12:35:00-04:00,7.324999809265137,7.329999923706055,7.324999809265137,7.329999923706055,1592,0.0,0.0
2025-04-23 12:36:00-04:00,7.329999923706055,7.329999923706055,7.329999923706055,7.329999923706055,1845,0.0,0.0
2025-04-23 12:37:00-04:00,7.329999923706055,7.329999923706055,7.329999923706055,7.329999923706055,570,0.0,0.0
2025-04-23 12:38:00-04:00,7.329999923706055,7.329999923706055,7.329999923706055,7.329999923706055,223,0.0,0.0
2025-04-23 12:39:00-04:00,7.329999923706055,7.329999923706055,7.329999923706055,7.329999923706055,1590,0.0,0.0
2025-04-23 12:41:00-04:00,7.309999942779541,7.309999942779541,7.309999942779541,7.309999942779541,2460,0.0,0.0
2025-04-23 12:43:00-04:00,7.340000152587891,7.340000152587891,7.329999923706055,7.329999923706055,1872,0.0,0.0
2025-04-23 12:44:00-04:00,7.329999923706055,7.329999923706055,7.329999923706055,7.329999923706055,350,0.0,0.0
2025-04-23 12:45:00-04:00,7.329999923706055,7.329999923706055,7.329999923706055,7.329999923706055,366,0.0,0.0
2025-04-23 12:46:00-04:00,7.320000171661377,7.329999923706055,7.320000171661377,7.324999809265137,3132,0.0,0.0
2025-04-23 12:47:00-04:00,7.324999809265137,7.324999809265137,7.25,7.25,8806,0.0,0.0
2025-04-23 12:48:00-04:00,7.260000228881836,7.269999980926514,7.260000228881836,7.269999980926514,1221,0.0,0.0
2025-04-23 12:49:00-04:00,7.269999980926514,7.269999980926514,7.269999980926514,7.269999980926514,340,0.0,0.0
2025-04-23 12:50:00-04:00,7.264999866485596,7.264999866485596,7.264999866485596,7.264999866485596,150,0.0,0.0
2025-04-23 12:51:00-04:00,7.260000228881836,7.260000228881836,7.260000228881836,7.260000228881836,1157,0.0,0.0
2025-04-23 12:53:00-04:00,7.260000228881836,7.260000228881836,7.260000228881836,7.260000228881836,518,0.0,0.0
2025-04-23 12:54:00-04:00,7.25,7.255000114440918,7.25,7.255000114440918,2526,0.0,0.0
2025-04-23 12:55:00-04:00,7.25,7.25,7.25,7.25,200,0.0,0.0
2025-04-23 12:57:00-04:00,7.260000228881836,7.269999980926514,7.260000228881836,7.269999980926514,953,0.0,0.0
2025-04-23 12:59:00-04:00,7.289999961853027,7.289999961853027,7.289999961853027,7.289999961853027,1011,0.0,0.0
2025-04-23 13:00:00-04:00,7.269999980926514,7.269999980926514,7.269999980926514,7.269999980926514,2716,0.0,0.0
2025-04-23 13:02:00-04:00,7.289999961853027,7.329999923706055,7.289999961853027,7.329999923706055,6946,0.0,0.0
2025-04-23 13:03:00-04:00,7.329999923706055,7.329999923706055,7.329999923706055,7.329999923706055,102,0.0,0.0
2025-04-23 13:04:00-04:00,7.329999923706055,7.335000038146973,7.329999923706055,7.335000038146973,1153,0.0,0.0
2025-04-23 13:05:00-04:00,7.329999923706055,7.329999923706055,7.329999923706055,7.329999923706055,729,0.0,0.0
2025-04-23 13:06:00-04:00,7.329999923706055,7.329999923706055,7.329999923706055,7.329999923706055,967,0.0,0.0
2025-04-23 13:07:00-04:00,7.320000171661377,7.320000171661377,7.315000057220459,7.317999839782715,1637,0.0,0.0
2025-04-23 13:09:00-04:00,7.320000171661377,7.320000171661377,7.320000171661377,7.320000171661377,930,0.0,0.0
2025-04-23 13:10:00-04:00,7.315000057220459,7.315000057220459,7.300000190734863,7.300000190734863,2429,0.0,0.0
2025-04-23 13:11:00-04:00,7.289999961853027,7.289999961853027,7.289999961853027,7.289999961853027,2360,0.0,0.0
2025-04-23 13:12:00-04:00,7.295000076293945,7.295000076293945,7.295000076293945,7.295000076293945,318,0.0,0.0
2025-04-23 13:14:00-04:00,7.300000190734863,7.300000190734863,7.300000190734863,7.300000190734863,478,0.0,0.0
2025-04-23 13:16:00-04:00,7.309999942779541,7.309999942779541,7.309999942779541,7.309999942779541,132,0.0,0.0
2025-04-23 13:18:00-04:00,7.329999923706055,7.335000038146973,7.329999923706055,7.335000038146973,1662,0.0,0.0
2025-04-23 13:19:00-04:00,7.335000038146973,7.335000038146973,7.335000038146973,7.335000038146973,700,0.0,0.0
2025-04-23 13:20:00-04:00,7.329999923706055,7.329999923706055,7.329999923706055,7.329999923706055,1080,0.0,0.0
2025-04-23 13:21:00-04:00,7.340000152587891,7.340000152587891,7.329999923706055,7.329999923706055,996,0.0,0.0
2025-04-23 13:22:00-04:00,7.329999923706055,7.329999923706055,7.320000171661377,7.320000171661377,2340,0.0,0.0
2025-04-23 13:25:00-04:00,7.320000171661377,7.320000171661377,7.320000171661377,7.320000171661377,4299,0.0,0.0
2025-04-23 13:26:00-04:00,7.320000171661377,7.329999923706055,7.320000171661377,7.320000171661377,1003,0.0,0.0
2025-04-23 13:28:00-04:00,7.329999923706055,7.335000038146973,7.329999923706055,7.335000038146973,630,0.0,0.0
2025-04-23 13:29:00-04:00,7.329999923706055,7.329999923706055,7.329999923706055,7.329999923706055,400,0.0,0.0
2025-04-23 13:30:00-04:00,7.329999923706055,7.329999923706055,7.329999923706055,7.329999923706055,501,0.0,0.0
2025-04-23 13:31:00-04:00,7.335000038146973,7.349999904632568,7.329999923706055,7.329999923706055,1256,0.0,0.0
2025-04-23 13:32:00-04:00,7.335000038146973,7.335000038146973,7.335000038146973,7.335000038146973,315,0.0,0.0
2025-04-23 13:33:00-04:00,7.340000152587891,7.340000152587891,7.320000171661377,7.320000171661377,2784,0.0,0.0
2025-04-23 13:34:00-04:00,7.320000171661377,7.320000171661377,7.309999942779541,7.319900035858154,1214,0.0,0.0
2025-04-23 13:36:00-04:00,7.320000171661377,7.320000171661377,7.300000190734863,7.300000190734863,1587,0.0,0.0
2025-04-23 13:37:00-04:00,7.284999847412109,7.289999961853027,7.284999847412109,7.289999961853027,558,0.0,0.0
2025-04-23 13:41:00-04:00,7.284999847412109,7.284999847412109,7.28000020980835,7.28000020980835,1267,0.0,0.0
2025-04-23 13:42:00-04:00,7.28000020980835,7.28000020980835,7.28000020980835,7.28000020980835,202,0.0,0.0
2025-04-23 13:43:00-04:00,7.289999961853027,7.289999961853027,7.289999961853027,7.289999961853027,1184,0.0,0.0
2025-04-23 13:45:00-04:00,7.289999961853027,7.289999961853027,7.28000020980835,7.28000020980835,4487,0.0,0.0
2025-04-23 13:50:00-04:00,7.300000190734863,7.300000190734863,7.300000190734863,7.300000190734863,2464,0.0,0.0
2025-04-23 13:51:00-04:00,7.300000190734863,7.309999942779541,7.300000190734863,7.300000190734863,1638,0.0,0.0
2025-04-23 13:52:00-04:00,7.309999942779541,7.309999942779541,7.309999942779541,7.309999942779541,166,0.0,0.0
2025-04-23 13:53:00-04:00,7.329999923706055,7.349999904632568,7.315000057220459,7.320000171661377,5427,0.0,0.0
2025-04-23 13:54:00-04:00,7.329999923706055,7.329999923706055,7.329999923706055,7.329999923706055,1018,0.0,0.0
2025-04-23 13:56:00-04:00,7.349999904632568,7.349999904632568,7.320000171661377,7.320000171661377,489,0.0,0.0
2025-04-23 13:58:00-04:00,7.349999904632568,7.380000114440918,7.349999904632568,7.380000114440918,882,0.0,0.0
2025-04-23 13:59:00-04:00,7.364999771118164,7.369999885559082,7.349999904632568,7.349999904632568,1370,0.0,0.0
2025-04-23 14:00:00-04:00,7.364999771118164,7.364999771118164,7.364999771118164,7.364999771118164,1016,0.0,0.0
2025-04-23 14:01:00-04:00,7.360000133514404,7.360000133514404,7.360000133514404,7.360000133514404,1036,0.0,0.0
2025-04-23 14:02:00-04:00,7.369999885559082,7.369999885559082,7.369999885559082,7.369999885559082,1200,0.0,0.0
2025-04-23 14:03:00-04:00,7.355000019073486,7.355000019073486,7.324999809265137,7.330100059509277,4467,0.0,0.0
2025-04-23 14:04:00-04:00,7.340000152587891,7.340000152587891,7.340000152587891,7.340000152587891,207,0.0,0.0
2025-04-23 14:05:00-04:00,7.340000152587891,7.340000152587891,7.340000152587891,7.340000152587891,38,0.0,0.0
2025-04-23 14:06:00-04:00,7.349999904632568,7.349999904632568,7.349999904632568,7.349999904632568,551,0.0,0.0
2025-04-23 14:07:00-04:00,7.34499979019165,7.34499979019165,7.320000171661377,7.320000171661377,3563,0.0,0.0
2025-04-23 14:08:00-04:00,7.320000171661377,7.320000171661377,7.320000171661377,7.320000171661377,1330,0.0,0.0
2025-04-23 14:09:00-04:00,7.320199966430664,7.329999923706055,7.320199966430664,7.329999923706055,1540,0.0,0.0
2025-04-23 14:10:00-04:00,7.320000171661377,7.320000171661377,7.320000171661377,7.320000171661377,1214,0.0,0.0
2025-04-23 14:11:00-04:00,7.309999942779541,7.309999942779541,7.309999942779541,7.309999942779541,465,0.0,0.0
2025-04-23 14:12:00-04:00,7.309999942779541,7.320000171661377,7.309999942779541,7.320000171661377,496,0.0,0.0
2025-04-23 14:13:00-04:00,7.320000171661377,7.320000171661377,7.320000171661377,7.320000171661377,533,0.0,0.0
2025-04-23 14:14:00-04:00,7.309999942779541,7.309999942779541,7.289999961853027,7.295000076293945,2850,0.0,0.0
2025-04-23 14:15:00-04:00,7.309999942779541,7.309999942779541,7.309999942779541,7.309999942779541,876,0.0,0.0
2025-04-23 14:16:00-04:00,7.329999923706055,7.329999923706055,7.329999923706055,7.329999923706055,1523,0.0,0.0
2025-04-23 14:18:00-04:00,7.340000152587891,7.340000152587891,7.340000152587891,7.340000152587891,607,0.0,0.0
2025-04-23 14:19:00-04:00,7.320199966430664,7.340000152587891,7.320199966430664,7.3394999504089355,2420,0.0,0.0
2025-04-23 14:20:00-04:00,7.340000152587891,7.340000152587891,7.340000152587891,7.340000152587891,144,0.0,0.0
2025-04-23 14:21:00-04:00,7.340000152587891,7.340000152587891,7.340000152587891,7.340000152587891,223,0.0,0.0
2025-04-23 14:22:00-04:00,7.340000152587891,7.340000152587891,7.329999923706055,7.329999923706055,437,0.0,0.0
2025-04-23 14:23:00-04:00,7.340000152587891,7.340000152587891,7.340000152587891,7.340000152587891,187,0.0,0.0
2025-04-23 14:24:00-04:00,7.340000152587891,7.340000152587891,7.340000152587891,7.340000152587891,109,0.0,0.0
2025-04-23 14:25:00-04:00,7.340000152587891,7.380000114440918,7.340000152587891,7.380000114440918,4464,0.0,0.0
2025-04-23 14:26:00-04:00,7.380000114440918,7.400000095367432,7.380000114440918,7.385000228881836,9788,0.0,0.0
2025-04-23 14:27:00-04:00,7.380000114440918,7.380000114440918,7.369999885559082,7.369999885559082,3120,0.0,0.0
2025-04-23 14:29:00-04:00,7.360000133514404,7.360000133514404,7.340000152587891,7.340000152587891,2126,0.0,0.0
2025-04-23 14:31:00-04:00,7.340000152587891,7.361199855804443,7.340000152587891,7.361199855804443,795,0.0,0.0
2025-04-23 14:32:00-04:00,7.369999885559082,7.369999885559082,7.349999904632568,7.349999904632568,3984,0.0,0.0
2025-04-23 14:36:00-04:00,7.355000019073486,7.355000019073486,7.355000019073486,7.355000019073486,264,0.0,0.0
2025-04-23 14:37:00-04:00,7.360000133514404,7.360000133514404,7.349999904632568,7.349999904632568,1059,0.0,0.0
2025-04-23 14:38:00-04:00,7.349999904632568,7.349999904632568,7.349999904632568,7.349999904632568,124,0.0,0.0
2025-04-23 14:39:00-04:00,7.349999904632568,7.349999904632568,7.349999904632568,7.349999904632568,417,0.0,0.0
2025-04-23 14:40:00-04:00,7.349999904632568,7.360000133514404,7.349999904632568,7.360000133514404,5843,0.0,0.0
2025-04-23 14:41:00-04:00,7.360000133514404,7.360000133514404,7.360000133514404,7.360000133514404,200,0.0,0.0
2025-04-23 14:42:00-04:00,7.340099811553955,7.360000133514404,7.340099811553955,7.349999904632568,790,0.0,0.0
2025-04-23 14:43:00-04:00,7.360000133514404,7.360000133514404,7.340000152587891,7.340000152587891,4069,0.0,0.0
2025-04-23 14:44:00-04:00,7.34499979019165,7.34499979019165,7.340000152587891,7.340000152587891,499,0.0,0.0
2025-04-23 14:46:00-04:00,7.340000152587891,7.340000152587891,7.340000152587891,7.340000152587891,263,0.0,0.0
2025-04-23 14:47:00-04:00,7.349999904632568,7.360000133514404,7.349999904632568,7.349999904632568,5523,0.0,0.0
2025-04-23 14:48:00-04:00,7.360000133514404,7.364999771118164,7.300000190734863,7.309999942779541,9494,0.0,0.0
2025-04-23 14:49:00-04:00,7.289999961853027,7.289999961853027,7.28000020980835,7.28000020980835,755,0.0,0.0
2025-04-23 14:50:00-04:00,7.269999980926514,7.269999980926514,7.269999980926514,7.269999980926514,304,0.0,0.0
2025-04-23 14:51:00-04:00,7.275000095367432,7.275000095367432,7.275000095367432,7.275000095367432,645,0.0,0.0
2025-04-23 14:52:00-04:00,7.260000228881836,7.260000228881836,7.25,7.260000228881836,4917,0.0,0.0
2025-04-23 14:53:00-04:00,7.230000019073486,7.230000019073486,7.230000019073486,7.230000019073486,1576,0.0,0.0
2025-04-23 14:54:00-04:00,7.230000019073486,7.245500087738037,7.230000019073486,7.245500087738037,1692,0.0,0.0
2025-04-23 14:55:00-04:00,7.28000020980835,7.28000020980835,7.28000020980835,7.28000020980835,1133,0.0,0.0
2025-04-23 14:56:00-04:00,7.269999980926514,7.28000020980835,7.269999980926514,7.28000020980835,246,0.0,0.0
2025-04-23 14:57:00-04:00,7.28000020980835,7.28000020980835,7.28000020980835,7.28000020980835,677,0.0,0.0
2025-04-23 14:58:00-04:00,7.28000020980835,7.28000020980835,7.28000020980835,7.28000020980835,243,0.0,0.0
2025-04-23 14:59:00-04:00,7.300000190734863,7.300000190734863,7.28000020980835,7.28000020980835,349,0.0,0.0
2025-04-23 15:01:00-04:00,7.289999961853027,7.289999961853027,7.289999961853027,7.289999961853027,1000,0.0,0.0
2025-04-23 15:02:00-04:00,7.289999961853027,7.289999961853027,7.289999961853027,7.289999961853027,200,0.0,0.0
2025-04-23 15:03:00-04:00,7.289999961853027,7.289999961853027,7.275000095367432,7.275000095367432,104,0.0,0.0
2025-04-23 15:04:00-04:00,7.289999961853027,7.289999961853027,7.234899997711182,7.234899997711182,5852,0.0,0.0
2025-04-23 15:06:00-04:00,7.260000228881836,7.260000228881836,7.260000228881836,7.260000228881836,1719,0.0,0.0
2025-04-23 15:07:00-04:00,7.25,7.284999847412109,7.25,7.284999847412109,871,0.0,0.0
2025-04-23 15:08:00-04:00,7.284999847412109,7.284999847412109,7.284999847412109,7.284999847412109,188,0.0,0.0
2025-04-23 15:09:00-04:00,7.28000020980835,7.28000020980835,7.28000020980835,7.28000020980835,569,0.0,0.0
2025-04-23 15:10:00-04:00,7.28000020980835,7.284999847412109,7.269999980926514,7.269999980926514,4822,0.0,0.0
2025-04-23 15:11:00-04:00,7.269999980926514,7.269999980926514,7.269999980926514,7.269999980926514,621,0.0,0.0
2025-04-23 15:12:00-04:00,7.28000020980835,7.28000020980835,7.269999980926514,7.269999980926514,2020,0.0,0.0
2025-04-23 15:13:00-04:00,7.260300159454346,7.260300159454346,7.260000228881836,7.260000228881836,3905,0.0,0.0
2025-04-23 15:14:00-04:00,7.264999866485596,7.264999866485596,7.264999866485596,7.264999866485596,351,0.0,0.0
2025-04-23 15:16:00-04:00,7.255000114440918,7.255000114440918,7.25,7.255000114440918,885,0.0,0.0
2025-04-23 15:17:00-04:00,7.25,7.25,7.25,7.25,1699,0.0,0.0
2025-04-23 15:18:00-04:00,7.260000228881836,7.264999866485596,7.260000228881836,7.264999866485596,522,0.0,0.0
2025-04-23 15:19:00-04:00,7.264999866485596,7.264999866485596,7.260000228881836,7.260000228881836,482,0.0,0.0
2025-04-23 15:20:00-04:00,7.260000228881836,7.260000228881836,7.260000228881836,7.260000228881836,999,0.0,0.0
2025-04-23 15:21:00-04:00,7.25,7.25,7.25,7.25,596,0.0,0.0
2025-04-23 15:23:00-04:00,7.260000228881836,7.260000228881836,7.260000228881836,7.260000228881836,338,0.0,0.0
2025-04-23 15:24:00-04:00,7.255000114440918,7.260000228881836,7.255000114440918,7.260000228881836,1675,0.0,0.0
2025-04-23 15:25:00-04:00,7.25,7.25,7.21999979019165,7.21999979019165,4250,0.0,0.0
2025-04-23 15:26:00-04:00,7.213600158691406,7.215000152587891,7.213600158691406,7.215000152587891,6303,0.0,0.0
2025-04-23 15:27:00-04:00,7.210000038146973,7.224999904632568,7.210000038146973,7.224999904632568,3686,0.0,0.0
2025-04-23 15:29:00-04:00,7.224999904632568,7.224999904632568,7.224999904632568,7.224999904632568,950,0.0,0.0
2025-04-23 15:30:00-04:00,7.224999904632568,7.239999771118164,7.224999904632568,7.230000019073486,3430,0.0,0.0
2025-04-23 15:31:00-04:00,7.239999771118164,7.25,7.239999771118164,7.25,2266,0.0,0.0
2025-04-23 15:32:00-04:00,7.25,7.260000228881836,7.25,7.260000228881836,731,0.0,0.0
2025-04-23 15:33:00-04:00,7.239999771118164,7.25,7.235000133514404,7.239999771118164,3291,0.0,0.0
2025-04-23 15:34:00-04:00,7.235000133514404,7.235000133514404,7.21999979019165,7.224999904632568,4174,0.0,0.0
2025-04-23 15:35:00-04:00,7.224999904632568,7.224999904632568,7.210000038146973,7.210000038146973,3299,0.0,0.0
2025-04-23 15:36:00-04:00,7.215000152587891,7.215000152587891,7.195000171661377,7.195000171661377,2640,0.0,0.0
2025-04-23 15:37:00-04:00,7.199999809265137,7.199999809265137,7.190000057220459,7.190000057220459,12598,0.0,0.0
2025-04-23 15:38:00-04:00,7.199999809265137,7.199999809265137,7.199999809265137,7.199999809265137,1885,0.0,0.0
2025-04-23 15:40:00-04:00,7.210000038146973,7.210000038146973,7.190000057220459,7.210000038146973,1570,0.0,0.0
2025-04-23 15:41:00-04:00,7.210000038146973,7.210000038146973,7.199999809265137,7.199999809265137,2336,0.0,0.0
2025-04-23 15:42:00-04:00,7.199999809265137,7.210000038146973,7.199999809265137,7.210000038146973,1098,0.0,0.0
2025-04-23 15:43:00-04:00,7.199999809265137,7.204999923706055,7.199999809265137,7.199999809265137,2389,0.0,0.0
2025-04-23 15:44:00-04:00,7.199999809265137,7.230000019073486,7.199999809265137,7.230000019073486,4780,0.0,0.0
2025-04-23 15:45:00-04:00,7.235000133514404,7.239999771118164,7.235000133514404,7.239999771118164,731,0.0,0.0
2025-04-23 15:46:00-04:00,7.25,7.25,7.21999979019165,7.224999904632568,3833,0.0,0.0
2025-04-23 15:47:00-04:00,7.224999904632568,7.244999885559082,7.210000038146973,7.244999885559082,9886,0.0,0.0
2025-04-23 15:48:00-04:00,7.239999771118164,7.244999885559082,7.239999771118164,7.244999885559082,12018,0.0,0.0
2025-04-23 15:49:00-04:00,7.260000228881836,7.260000228881836,7.199999809265137,7.204999923706055,5173,0.0,0.0
2025-04-23 15:50:00-04:00,7.210000038146973,7.215000152587891,7.199900150299072,7.204999923706055,5089,0.0,0.0
2025-04-23 15:51:00-04:00,7.199999809265137,7.210000038146973,7.175000190734863,7.175000190734863,6953,0.0,0.0
2025-04-23 15:52:00-04:00,7.159999847412109,7.170000076293945,7.159999847412109,7.170000076293945,4731,0.0,0.0
2025-04-23 15:53:00-04:00,7.175000190734863,7.179999828338623,7.170000076293945,7.170000076293945,4068,0.0,0.0
2025-04-23 15:54:00-04:00,7.164999961853027,7.170000076293945,7.164999961853027,7.170000076293945,3567,0.0,0.0
2025-04-23 15:55:00-04:00,7.179999828338623,7.179999828338623,7.170000076293945,7.179999828338623,2605,0.0,0.0
2025-04-23 15:56:00-04:00,7.179999828338623,7.179999828338623,7.170000076293945,7.179999828338623,2014,0.0,0.0
2025-04-23 15:57:00-04:00,7.179999828338623,7.210000038146973,7.179999828338623,7.195000171661377,14481,0.0,0.0
2025-04-23 15:58:00-04:00,7.190000057220459,7.195000171661377,7.170000076293945,7.170000076293945,13226,0.0,0.0
2025-04-23 15:59:00-04:00,7.179999828338623,7.179999828338623,7.110000133514404,7.110000133514404,57555,0.0,0.0
2025-04-24 09:30:00-04:00,7.090000152587891,7.154799938201904,7.079999923706055,7.119999885559082,24798,0.0,0.0
2025-04-24 09:31:00-04:00,7.19980001449585,7.210000038146973,7.150000095367432,7.184999942779541,34743,0.0,0.0
2025-04-24 09:32:00-04:00,7.21999979019165,7.255000114440918,7.215000152587891,7.255000114440918,2453,0.0,0.0
2025-04-24 09:33:00-04:00,7.255000114440918,7.315000057220459,7.255000114440918,7.315000057220459,15977,0.0,0.0
2025-04-24 09:34:00-04:00,7.329999923706055,7.340000152587891,7.315000057220459,7.320000171661377,12676,0.0,0.0
2025-04-24 09:35:00-04:00,7.324999809265137,7.329999923706055,7.295000076293945,7.309999942779541,38688,0.0,0.0
2025-04-24 09:36:00-04:00,7.320000171661377,7.320000171661377,7.320000171661377,7.320000171661377,484,0.0,0.0
2025-04-24 09:37:00-04:00,7.349999904632568,7.355000019073486,7.349999904632568,7.349999904632568,5882,0.0,0.0
2025-04-24 09:38:00-04:00,7.389999866485596,7.440000057220459,7.389999866485596,7.440000057220459,2322,0.0,0.0
2025-04-24 09:39:00-04:00,7.460000038146973,7.460000038146973,7.409999847412109,7.454999923706055,10303,0.0,0.0
2025-04-24 09:40:00-04:00,7.449999809265137,7.519999980926514,7.449999809265137,7.510000228881836,28935,0.0,0.0
2025-04-24 09:41:00-04:00,7.510000228881836,7.53000020980835,7.440000057220459,7.440000057220459,7433,0.0,0.0
2025-04-24 09:42:00-04:00,7.436500072479248,7.436500072479248,7.429999828338623,7.429999828338623,1317,0.0,0.0
2025-04-24 09:43:00-04:00,7.449999809265137,7.480000019073486,7.449999809265137,7.46150016784668,2870,0.0,0.0
2025-04-24 09:44:00-04:00,7.474999904632568,7.480000019073486,7.46999979019165,7.480000019073486,7045,0.0,0.0
2025-04-24 09:45:00-04:00,7.480000019073486,7.53000020980835,7.480000019073486,7.5,15646,0.0,0.0
2025-04-24 09:46:00-04:00,7.5,7.550000190734863,7.480100154876709,7.550000190734863,42505,0.0,0.0
2025-04-24 09:47:00-04:00,7.53000020980835,7.559999942779541,7.53000020980835,7.559999942779541,12965,0.0,0.0
2025-04-24 09:48:00-04:00,7.554999828338623,7.581600189208984,7.53000020980835,7.581600189208984,916,0.0,0.0
2025-04-24 09:49:00-04:00,7.579999923706055,7.590000152587891,7.565000057220459,7.565000057220459,25564,0.0,0.0
2025-04-24 09:50:00-04:00,7.570000171661377,7.570000171661377,7.46999979019165,7.46999979019165,23422,0.0,0.0
2025-04-24 09:51:00-04:00,7.429999828338623,7.429999828338623,7.429999828338623,7.429999828338623,786,0.0,0.0
2025-04-24 09:52:00-04:00,7.449999809265137,7.489999771118164,7.440000057220459,7.489999771118164,12317,0.0,0.0
2025-04-24 09:53:00-04:00,7.440000057220459,7.445000171661377,7.440000057220459,7.445000171661377,1049,0.0,0.0
2025-04-24 09:54:00-04:00,7.409999847412109,7.409999847412109,7.34499979019165,7.3796000480651855,15897,0.0,0.0
2025-04-24 09:55:00-04:00,7.360000133514404,7.380000114440918,7.360000133514404,7.380000114440918,6125,0.0,0.0
2025-04-24 09:56:00-04:00,7.385000228881836,7.409999847412109,7.380000114440918,7.389999866485596,10210,0.0,0.0
2025-04-24 09:57:00-04:00,7.409999847412109,7.409999847412109,7.409999847412109,7.409999847412109,501,0.0,0.0
2025-04-24 09:58:00-04:00,7.389999866485596,7.389999866485596,7.340000152587891,7.340000152587891,4006,0.0,0.0
2025-04-24 09:59:00-04:00,7.369999885559082,7.389999866485596,7.369999885559082,7.389999866485596,1215,0.0,0.0
2025-04-24 10:00:00-04:00,7.40939998626709,7.429999828338623,7.380000114440918,7.429999828338623,4839,0.0,0.0
2025-04-24 10:01:00-04:00,7.449999809265137,7.449999809265137,7.420000076293945,7.425000190734863,4369,0.0,0.0
2025-04-24 10:02:00-04:00,7.420000076293945,7.440000057220459,7.420000076293945,7.440000057220459,1431,0.0,0.0
2025-04-24 10:03:00-04:00,7.449999809265137,7.460000038146973,7.440000057220459,7.440000057220459,2960,0.0,0.0
2025-04-24 10:04:00-04:00,7.434999942779541,7.440000057220459,7.434999942779541,7.440000057220459,541,0.0,0.0
2025-04-24 10:05:00-04:00,7.458000183105469,7.4679999351501465,7.458000183105469,7.460000038146973,1869,0.0,0.0
2025-04-24 10:07:00-04:00,7.434999942779541,7.449999809265137,7.400000095367432,7.445000171661377,16905,0.0,0.0
2025-04-24 10:08:00-04:00,7.429999828338623,7.429999828338623,7.400000095367432,7.422299861907959,1121,0.0,0.0
2025-04-24 10:09:00-04:00,7.440000057220459,7.440000057220459,7.440000057220459,7.440000057220459,1080,0.0,0.0
2025-04-24 10:10:00-04:00,7.440000057220459,7.46999979019165,7.440000057220459,7.46999979019165,6299,0.0,0.0
2025-04-24 10:11:00-04:00,7.46999979019165,7.5,7.46999979019165,7.5,377,0.0,0.0
2025-04-24 10:12:00-04:00,7.510000228881836,7.550000190734863,7.497799873352051,7.534999847412109,5747,0.0,0.0
2025-04-24 10:13:00-04:00,7.539999961853027,7.539999961853027,7.539999961853027,7.539999961853027,500,0.0,0.0
2025-04-24 10:14:00-04:00,7.53000020980835,7.53000020980835,7.489999771118164,7.489999771118164,4592,0.0,0.0
2025-04-24 10:16:00-04:00,7.5,7.5,7.489999771118164,7.5,9972,0.0,0.0
2025-04-24 10:17:00-04:00,7.525000095367432,7.525000095367432,7.5,7.5,7391,0.0,0.0
2025-04-24 10:18:00-04:00,7.510000228881836,7.510000228881836,7.46999979019165,7.480000019073486,5565,0.0,0.0
2025-04-24 10:19:00-04:00,7.480000019073486,7.480000019073486,7.480000019073486,7.480000019073486,223,0.0,0.0
2025-04-24 10:21:00-04:00,7.480000019073486,7.4899001121521,7.480000019073486,7.4899001121521,4823,0.0,0.0
2025-04-24 10:22:00-04:00,7.485000133514404,7.485000133514404,7.449999809265137,7.449999809265137,3492,0.0,0.0
2025-04-24 10:23:00-04:00,7.460000038146973,7.460000038146973,7.429999828338623,7.449999809265137,11897,0.0,0.0
2025-04-24 10:24:00-04:00,7.454999923706055,7.454999923706055,7.454999923706055,7.454999923706055,805,0.0,0.0
2025-04-24 10:25:00-04:00,7.454999923706055,7.46999979019165,7.449999809265137,7.449999809265137,2134,0.0,0.0
2025-04-24 10:26:00-04:00,7.452499866485596,7.454999923706055,7.440000057220459,7.440000057220459,9005,0.0,0.0
2025-04-24 10:27:00-04:00,7.445000171661377,7.449999809265137,7.440000057220459,7.449999809265137,2050,0.0,0.0
2025-04-24 10:28:00-04:00,7.445000171661377,7.445000171661377,7.440000057220459,7.440000057220459,391,0.0,0.0
2025-04-24 10:29:00-04:00,7.440000057220459,7.440000057220459,7.440000057220459,7.440000057220459,29135,0.0,0.0
2025-04-24 10:30:00-04:00,7.449999809265137,7.449999809265137,7.449999809265137,7.449999809265137,1900,0.0,0.0
2025-04-24 10:31:00-04:00,7.445000171661377,7.460000038146973,7.440000057220459,7.445000171661377,3000,0.0,0.0
2025-04-24 10:32:00-04:00,7.449999809265137,7.449999809265137,7.429999828338623,7.440000057220459,2154,0.0,0.0
2025-04-24 10:33:00-04:00,7.440000057220459,7.440000057220459,7.440000057220459,7.440000057220459,725,0.0,0.0
2025-04-24 10:34:00-04:00,7.449999809265137,7.4679999351501465,7.440000057220459,7.440000057220459,4805,0.0,0.0
2025-04-24 10:35:00-04:00,7.4679999351501465,7.4679999351501465,7.449999809265137,7.449999809265137,2149,0.0,0.0
2025-04-24 10:36:00-04:00,7.449999809265137,7.480000019073486,7.440000057220459,7.445000171661377,32166,0.0,0.0
2025-04-24 10:37:00-04:00,7.445000171661377,7.449999809265137,7.440000057220459,7.440000057220459,54578,0.0,0.0
2025-04-24 10:38:00-04:00,7.440000057220459,7.440000057220459,7.440000057220459,7.440000057220459,464,0.0,0.0
2025-04-24 10:39:00-04:00,7.445000171661377,7.46999979019165,7.434999942779541,7.46999979019165,8149,0.0,0.0
2025-04-24 10:40:00-04:00,7.480000019073486,7.480000019073486,7.480000019073486,7.480000019073486,718,0.0,0.0
2025-04-24 10:41:00-04:00,7.480000019073486,7.480000019073486,7.480000019073486,7.480000019073486,2032,0.0,0.0
2025-04-24 10:42:00-04:00,7.480000019073486,7.480000019073486,7.480000019073486,7.480000019073486,1129,0.0,0.0
2025-04-24 10:43:00-04:00,7.480000019073486,7.480000019073486,7.480000019073486,7.480000019073486,2418,0.0,0.0
2025-04-24 10:44:00-04:00,7.474999904632568,7.474999904632568,7.465000152587891,7.465000152587891,1318,0.0,0.0
2025-04-24 10:45:00-04:00,7.460000038146973,7.46999979019165,7.460000038146973,7.46999979019165,2593,0.0,0.0
2025-04-24 10:46:00-04:00,7.480000019073486,7.480000019073486,7.46999979019165,7.480000019073486,5837,0.0,0.0
2025-04-24 10:47:00-04:00,7.480000019073486,7.480000019073486,7.420000076293945,7.420000076293945,12018,0.0,0.0
2025-04-24 10:48:00-04:00,7.420000076293945,7.420000076293945,7.420000076293945,7.420000076293945,529,0.0,0.0
2025-04-24 10:50:00-04:00,7.429999828338623,7.429999828338623,7.429999828338623,7.429999828338623,224,0.0,0.0
2025-04-24 10:51:00-04:00,7.425000190734863,7.429999828338623,7.425000190734863,7.425000190734863,2437,0.0,0.0
2025-04-24 10:52:00-04:00,7.425000190734863,7.425000190734863,7.380000114440918,7.380000114440918,1887,0.0,0.0
2025-04-24 10:53:00-04:00,7.400000095367432,7.400000095367432,7.400000095367432,7.400000095367432,982,0.0,0.0
2025-04-24 10:54:00-04:00,7.400000095367432,7.400000095367432,7.400000095367432,7.400000095367432,1367,0.0,0.0
2025-04-24 10:55:00-04:00,7.389999866485596,7.389999866485596,7.389999866485596,7.389999866485596,1076,0.0,0.0
2025-04-24 10:56:00-04:00,7.389999866485596,7.389999866485596,7.389999866485596,7.389999866485596,439,0.0,0.0
2025-04-24 10:57:00-04:00,7.369999885559082,7.380000114440918,7.369999885559082,7.380000114440918,618,0.0,0.0
2025-04-24 10:58:00-04:00,7.380000114440918,7.380000114440918,7.369999885559082,7.374000072479248,3419,0.0,0.0
2025-04-24 10:59:00-04:00,7.400000095367432,7.400000095367432,7.380000114440918,7.389999866485596,2029,0.0,0.0
2025-04-24 11:00:00-04:00,7.372799873352051,7.400000095367432,7.372799873352051,7.400000095367432,570,0.0,0.0
2025-04-24 11:01:00-04:00,7.400000095367432,7.400000095367432,7.385000228881836,7.385000228881836,1983,0.0,0.0
2025-04-24 11:02:00-04:00,7.385000228881836,7.385000228881836,7.385000228881836,7.385000228881836,567,0.0,0.0
2025-04-24 11:03:00-04:00,7.380000114440918,7.380000114440918,7.340000152587891,7.340000152587891,4603,0.0,0.0
2025-04-24 11:05:00-04:00,7.349999904632568,7.349999904632568,7.349999904632568,7.349999904632568,2178,0.0,0.0
2025-04-24 11:06:00-04:00,7.349999904632568,7.349999904632568,7.289999961853027,7.289999961853027,5288,0.0,0.0
2025-04-24 11:07:00-04:00,7.28000020980835,7.28000020980835,7.269999980926514,7.269999980926514,2777,0.0,0.0
2025-04-24 11:08:00-04:00,7.269999980926514,7.319799900054932,7.269999980926514,7.304999828338623,4504,0.0,0.0
2025-04-24 11:09:00-04:00,7.300000190734863,7.300000190734863,7.300000190734863,7.300000190734863,200,0.0,0.0
2025-04-24 11:10:00-04:00,7.289999961853027,7.289999961853027,7.289999961853027,7.289999961853027,664,0.0,0.0
2025-04-24 11:11:00-04:00,7.307499885559082,7.315000057220459,7.289999961853027,7.289999961853027,4177,0.0,0.0
2025-04-24 11:12:00-04:00,7.300000190734863,7.300000190734863,7.289999961853027,7.289999961853027,889,0.0,0.0
2025-04-24 11:13:00-04:00,7.289999961853027,7.320000171661377,7.2804999351501465,7.2804999351501465,8409,0.0,0.0
2025-04-24 11:14:00-04:00,7.300000190734863,7.329500198364258,7.300000190734863,7.329500198364258,2052,0.0,0.0
2025-04-24 11:15:00-04:00,7.340000152587891,7.340000152587891,7.340000152587891,7.340000152587891,612,0.0,0.0
2025-04-24 11:16:00-04:00,7.349999904632568,7.360000133514404,7.349999904632568,7.360000133514404,618,0.0,0.0
2025-04-24 11:17:00-04:00,7.369999885559082,7.369999885559082,7.369999885559082,7.369999885559082,445,0.0,0.0
2025-04-24 11:18:00-04:00,7.389999866485596,7.389999866485596,7.389999866485596,7.389999866485596,704,0.0,0.0
2025-04-24 11:19:00-04:00,7.40500020980835,7.40500020980835,7.40500020980835,7.40500020980835,809,0.0,0.0
2025-04-24 11:20:00-04:00,7.40500020980835,7.409999847412109,7.400000095367432,7.409999847412109,2020,0.0,0.0
2025-04-24 11:21:00-04:00,7.414999961853027,7.414999961853027,7.414999961853027,7.414999961853027,600,0.0,0.0
2025-04-24 11:22:00-04:00,7.414999961853027,7.429999828338623,7.414999961853027,7.429999828338623,2504,0.0,0.0
2025-04-24 11:23:00-04:00,7.434999942779541,7.440000057220459,7.434999942779541,7.440000057220459,1233,0.0,0.0
2025-04-24 11:24:00-04:00,7.440000057220459,7.440000057220459,7.369999885559082,7.369999885559082,6135,0.0,0.0
2025-04-24 11:28:00-04:00,7.360000133514404,7.369999885559082,7.360000133514404,7.369999885559082,1091,0.0,0.0
2025-04-24 11:29:00-04:00,7.369999885559082,7.369999885559082,7.340000152587891,7.349999904632568,1573,0.0,0.0
2025-04-24 11:31:00-04:00,7.335000038146973,7.335000038146973,7.335000038146973,7.335000038146973,458,0.0,0.0
2025-04-24 11:32:00-04:00,7.340000152587891,7.340000152587891,7.320000171661377,7.329999923706055,1827,0.0,0.0
2025-04-24 11:34:00-04:00,7.355000019073486,7.355000019073486,7.355000019073486,7.355000019073486,250,0.0,0.0
2025-04-24 11:35:00-04:00,7.34499979019165,7.364999771118164,7.34499979019165,7.34499979019165,5883,0.0,0.0
2025-04-24 11:36:00-04:00,7.340000152587891,7.340000152587891,7.340000152587891,7.340000152587891,1009,0.0,0.0
2025-04-24 11:37:00-04:00,7.349999904632568,7.349999904632568,7.329999923706055,7.332399845123291,687,0.0,0.0
2025-04-24 11:38:00-04:00,7.340000152587891,7.349999904632568,7.329999923706055,7.349999904632568,5733,0.0,0.0
2025-04-24 11:39:00-04:00,7.349999904632568,7.349999904632568,7.340000152587891,7.340000152587891,1136,0.0,0.0
2025-04-24 11:40:00-04:00,7.349999904632568,7.349999904632568,7.349999904632568,7.349999904632568,275,0.0,0.0
2025-04-24 11:41:00-04:00,7.349999904632568,7.349999904632568,7.349999904632568,7.349999904632568,1784,0.0,0.0
2025-04-24 11:42:00-04:00,7.355000019073486,7.355000019073486,7.355000019073486,7.355000019073486,624,0.0,0.0
2025-04-24 11:43:00-04:00,7.340000152587891,7.340000152587891,7.329999923706055,7.329999923706055,1404,0.0,0.0
2025-04-24 11:45:00-04:00,7.329999923706055,7.329999923706055,7.329999923706055,7.329999923706055,420,0.0,0.0
2025-04-24 11:46:00-04:00,7.339900016784668,7.339900016784668,7.339900016784668,7.339900016784668,1198,0.0,0.0
2025-04-24 11:48:00-04:00,7.340000152587891,7.349999904632568,7.340000152587891,7.349999904632568,2399,0.0,0.0
2025-04-24 11:49:00-04:00,7.369999885559082,7.369999885559082,7.369999885559082,7.369999885559082,562,0.0,0.0
2025-04-24 11:51:00-04:00,7.366000175476074,7.366000175476074,7.366000175476074,7.366000175476074,1534,0.0,0.0
2025-04-24 11:52:00-04:00,7.369999885559082,7.369999885559082,7.369999885559082,7.369999885559082,402,0.0,0.0
2025-04-24 11:53:00-04:00,7.385000228881836,7.389999866485596,7.385000228881836,7.385000228881836,5202,0.0,0.0
2025-04-24 11:54:00-04:00,7.385000228881836,7.385000228881836,7.380000114440918,7.380000114440918,848,0.0,0.0
2025-04-24 11:55:00-04:00,7.380000114440918,7.425000190734863,7.380000114440918,7.425000190734863,5880,0.0,0.0
2025-04-24 11:56:00-04:00,7.425000190734863,7.434999942779541,7.425000190734863,7.429999828338623,3127,0.0,0.0
2025-04-24 11:57:00-04:00,7.434999942779541,7.46999979019165,7.429999828338623,7.46999979019165,2220,0.0,0.0
2025-04-24 11:58:00-04:00,7.46999979019165,7.474999904632568,7.420000076293945,7.420000076293945,11654,0.0,0.0
2025-04-24 11:59:00-04:00,7.439899921417236,7.439899921417236,7.429999828338623,7.429999828338623,1776,0.0,0.0
2025-04-24 12:00:00-04:00,7.440000057220459,7.440000057220459,7.440000057220459,7.440000057220459,215,0.0,0.0
2025-04-24 12:01:00-04:00,7.440000057220459,7.46999979019165,7.440000057220459,7.465000152587891,1919,0.0,0.0
2025-04-24 12:02:00-04:00,7.465000152587891,7.465000152587891,7.441100120544434,7.454999923706055,3650,0.0,0.0
2025-04-24 12:03:00-04:00,7.460000038146973,7.480000019073486,7.460000038146973,7.480000019073486,9574,0.0,0.0
2025-04-24 12:04:00-04:00,7.480000019073486,7.5,7.480000019073486,7.5,1103,0.0,0.0
2025-04-24 12:05:00-04:00,7.510000228881836,7.510000228881836,7.489999771118164,7.494999885559082,1009,0.0,0.0
2025-04-24 12:06:00-04:00,7.489999771118164,7.489999771118164,7.46999979019165,7.46999979019165,5402,0.0,0.0
2025-04-24 12:07:00-04:00,7.449999809265137,7.449999809265137,7.434999942779541,7.434999942779541,4779,0.0,0.0
2025-04-24 12:08:00-04:00,7.420000076293945,7.420000076293945,7.420000076293945,7.420000076293945,1594,0.0,0.0
2025-04-24 12:09:00-04:00,7.429999828338623,7.451499938964844,7.429999828338623,7.451499938964844,676,0.0,0.0
2025-04-24 12:10:00-04:00,7.465000152587891,7.480000019073486,7.440000057220459,7.440000057220459,8396,0.0,0.0
2025-04-24 12:11:00-04:00,7.400000095367432,7.409999847412109,7.400000095367432,7.40500020980835,26015,0.0,0.0
2025-04-24 12:12:00-04:00,7.409999847412109,7.420000076293945,7.409999847412109,7.409999847412109,545,0.0,0.0
2025-04-24 12:13:00-04:00,7.409999847412109,7.412499904632568,7.409999847412109,7.409999847412109,717,0.0,0.0
2025-04-24 12:14:00-04:00,7.409999847412109,7.409999847412109,7.409999847412109,7.409999847412109,902,0.0,0.0
2025-04-24 12:15:00-04:00,7.409999847412109,7.409999847412109,7.389999866485596,7.40500020980835,1458,0.0,0.0
2025-04-24 12:16:00-04:00,7.420000076293945,7.429999828338623,7.400000095367432,7.409999847412109,6870,0.0,0.0
2025-04-24 12:17:00-04:00,7.409999847412109,7.409999847412109,7.409999847412109,7.409999847412109,2150,0.0,0.0
2025-04-24 12:19:00-04:00,7.400000095367432,7.400000095367432,7.394800186157227,7.394800186157227,700,0.0,0.0
2025-04-24 12:20:00-04:00,7.400000095367432,7.420000076293945,7.400000095367432,7.400000095367432,405,0.0,0.0
2025-04-24 12:21:00-04:00,7.420000076293945,7.420000076293945,7.420000076293945,7.420000076293945,206,0.0,0.0
2025-04-24 12:22:00-04:00,7.420000076293945,7.420000076293945,7.420000076293945,7.420000076293945,204,0.0,0.0
2025-04-24 12:23:00-04:00,7.40500020980835,7.40500020980835,7.389999866485596,7.389999866485596,1410,0.0,0.0
2025-04-24 12:25:00-04:00,7.381999969482422,7.400000095367432,7.381999969482422,7.400000095367432,1899,0.0,0.0
2025-04-24 12:26:00-04:00,7.400000095367432,7.400000095367432,7.380000114440918,7.380000114440918,1691,0.0,0.0
2025-04-24 12:28:00-04:00,7.380000114440918,7.380000114440918,7.369999885559082,7.369999885559082,630,0.0,0.0
2025-04-24 12:30:00-04:00,7.380000114440918,7.380000114440918,7.360000133514404,7.364999771118164,3612,0.0,0.0
2025-04-24 12:31:00-04:00,7.349999904632568,7.349999904632568,7.349999904632568,7.349999904632568,1175,0.0,0.0
2025-04-24 12:33:00-04:00,7.34499979019165,7.34499979019165,7.34499979019165,7.34499979019165,264,0.0,0.0
2025-04-24 12:35:00-04:00,7.364999771118164,7.364999771118164,7.364999771118164,7.364999771118164,223,0.0,0.0
2025-04-24 12:36:00-04:00,7.364999771118164,7.364999771118164,7.364999771118164,7.364999771118164,530,0.0,0.0
2025-04-24 12:38:00-04:00,7.349999904632568,7.355000019073486,7.340000152587891,7.340000152587891,1762,0.0,0.0
2025-04-24 12:39:00-04:00,7.329999923706055,7.329999923706055,7.329999923706055,7.329999923706055,429,0.0,0.0
2025-04-24 12:40:00-04:00,7.329999923706055,7.329999923706055,7.329999923706055,7.329999923706055,406,0.0,0.0
2025-04-24 12:41:00-04:00,7.329999923706055,7.329999923706055,7.329999923706055,7.329999923706055,226,0.0,0.0
2025-04-24 12:42:00-04:00,7.329999923706055,7.329999923706055,7.329999923706055,7.329999923706055,140,0.0,0.0
2025-04-24 12:43:00-04:00,7.329999923706055,7.329999923706055,7.329999923706055,7.329999923706055,2312,0.0,0.0
2025-04-24 12:45:00-04:00,7.355000019073486,7.355000019073486,7.349999904632568,7.349999904632568,1052,0.0,0.0
2025-04-24 12:46:00-04:00,7.349999904632568,7.349999904632568,7.340000152587891,7.340000152587891,1630,0.0,0.0
2025-04-24 12:47:00-04:00,7.349999904632568,7.349999904632568,7.349999904632568,7.349999904632568,471,0.0,0.0
2025-04-24 12:48:00-04:00,7.349999904632568,7.349999904632568,7.349999904632568,7.349999904632568,521,0.0,0.0
2025-04-24 12:52:00-04:00,7.349999904632568,7.349999904632568,7.349999904632568,7.349999904632568,511,0.0,0.0
2025-04-24 12:53:00-04:00,7.360000133514404,7.360000133514404,7.330100059509277,7.330100059509277,9010,0.0,0.0
2025-04-24 12:54:00-04:00,7.349999904632568,7.349999904632568,7.349999904632568,7.349999904632568,158,0.0,0.0
2025-04-24 12:56:00-04:00,7.348800182342529,7.348800182342529,7.348800182342529,7.348800182342529,1073,0.0,0.0
2025-04-24 13:00:00-04:00,7.369999885559082,7.380000114440918,7.369999885559082,7.369999885559082,1216,0.0,0.0
2025-04-24 13:01:00-04:00,7.375,7.375,7.369999885559082,7.369999885559082,1534,0.0,0.0
2025-04-24 13:02:00-04:00,7.360000133514404,7.360000133514404,7.360000133514404,7.360000133514404,1581,0.0,0.0
2025-04-24 13:03:00-04:00,7.364999771118164,7.364999771118164,7.364999771118164,7.364999771118164,310,0.0,0.0
2025-04-24 13:04:00-04:00,7.360000133514404,7.364999771118164,7.360000133514404,7.360000133514404,3089,0.0,0.0
2025-04-24 13:06:00-04:00,7.329999923706055,7.329999923706055,7.300000190734863,7.300000190734863,3241,0.0,0.0
2025-04-24 13:07:00-04:00,7.309999942779541,7.309999942779541,7.300000190734863,7.300000190734863,1718,0.0,0.0
2025-04-24 13:08:00-04:00,7.28000020980835,7.28000020980835,7.25,7.25,4271,0.0,0.0
2025-04-24 13:10:00-04:00,7.269999980926514,7.269999980926514,7.25,7.260000228881836,5875,0.0,0.0
2025-04-24 13:11:00-04:00,7.239999771118164,7.239999771118164,7.230000019073486,7.230000019073486,1677,0.0,0.0
2025-04-24 13:13:00-04:00,7.25,7.25,7.25,7.25,201,0.0,0.0
2025-04-24 13:14:00-04:00,7.260000228881836,7.260000228881836,7.260000228881836,7.260000228881836,258,0.0,0.0
2025-04-24 13:16:00-04:00,7.25,7.28000020980835,7.25,7.28000020980835,5722,0.0,0.0
2025-04-24 13:17:00-04:00,7.275000095367432,7.275000095367432,7.260000228881836,7.260000228881836,936,0.0,0.0
2025-04-24 13:18:00-04:00,7.260000228881836,7.260000228881836,7.260000228881836,7.260000228881836,223,0.0,0.0
2025-04-24 13:19:00-04:00,7.260000228881836,7.269999980926514,7.260000228881836,7.269999980926514,3200,0.0,0.0
2025-04-24 13:20:00-04:00,7.269999980926514,7.269999980926514,7.269999980926514,7.269999980926514,3064,0.0,0.0
2025-04-24 13:21:00-04:00,7.269999980926514,7.270999908447266,7.269999980926514,7.269999980926514,2713,0.0,0.0
2025-04-24 13:22:00-04:00,7.269999980926514,7.269999980926514,7.269999980926514,7.269999980926514,242,0.0,0.0
2025-04-24 13:23:00-04:00,7.269999980926514,7.269999980926514,7.269999980926514,7.269999980926514,119,0.0,0.0
2025-04-24 13:24:00-04:00,7.269999980926514,7.269999980926514,7.269999980926514,7.269999980926514,522,0.0,0.0
2025-04-24 13:25:00-04:00,7.272500038146973,7.272500038146973,7.269999980926514,7.272500038146973,500,0.0,0.0
2025-04-24 13:26:00-04:00,7.269999980926514,7.269999980926514,7.269999980926514,7.269999980926514,527,0.0,0.0
2025-04-24 13:27:00-04:00,7.269999980926514,7.269999980926514,7.269999980926514,7.269999980926514,959,0.0,0.0
2025-04-24 13:28:00-04:00,7.255000114440918,7.270100116729736,7.255000114440918,7.270100116729736,30194,0.0,0.0
2025-04-24 13:29:00-04:00,7.28000020980835,7.309999942779541,7.25,7.28000020980835,6441,0.0,0.0
2025-04-24 13:31:00-04:00,7.28000020980835,7.28000020980835,7.28000020980835,7.28000020980835,229,0.0,0.0
2025-04-24 13:32:00-04:00,7.28000020980835,7.289999961853027,7.28000020980835,7.289999961853027,926,0.0,0.0
2025-04-24 13:33:00-04:00,7.289999961853027,7.289999961853027,7.289999961853027,7.289999961853027,890,0.0,0.0
2025-04-24 13:34:00-04:00,7.309999942779541,7.329999923706055,7.309999942779541,7.329999923706055,8524,0.0,0.0
2025-04-24 13:35:00-04:00,7.309999942779541,7.320000171661377,7.300000190734863,7.300000190734863,4454,0.0,0.0
2025-04-24 13:36:00-04:00,7.302499771118164,7.304999828338623,7.289999961853027,7.289999961853027,1682,0.0,0.0
2025-04-24 13:38:00-04:00,7.284999847412109,7.309999942779541,7.284999847412109,7.295499801635742,7077,0.0,0.0
2025-04-24 13:40:00-04:00,7.289999961853027,7.309999942779541,7.289999961853027,7.309999942779541,769,0.0,0.0
2025-04-24 13:41:00-04:00,7.309999942779541,7.309999942779541,7.309999942779541,7.309999942779541,108,0.0,0.0
2025-04-24 13:42:00-04:00,7.300000190734863,7.300000190734863,7.300000190734863,7.300000190734863,366,0.0,0.0
2025-04-24 13:44:00-04:00,7.309999942779541,7.309999942779541,7.289999961853027,7.289999961853027,740,0.0,0.0
2025-04-24 13:45:00-04:00,7.309999942779541,7.319900035858154,7.309999942779541,7.319900035858154,2283,0.0,0.0
2025-04-24 13:46:00-04:00,7.309999942779541,7.320000171661377,7.309999942779541,7.320000171661377,1213,0.0,0.0
2025-04-24 13:48:00-04:00,7.320000171661377,7.320000171661377,7.309999942779541,7.309999942779541,1024,0.0,0.0
2025-04-24 13:49:00-04:00,7.296000003814697,7.296000003814697,7.296000003814697,7.296000003814697,2081,0.0,0.0
2025-04-24 13:52:00-04:00,7.329899787902832,7.329999923706055,7.31220006942749,7.329999923706055,3039,0.0,0.0
2025-04-24 13:53:00-04:00,7.329999923706055,7.329999923706055,7.329999923706055,7.329999923706055,4380,0.0,0.0
2025-04-24 13:54:00-04:00,7.329999923706055,7.329999923706055,7.329999923706055,7.329999923706055,911,0.0,0.0
2025-04-24 13:56:00-04:00,7.375,7.375,7.355000019073486,7.360000133514404,1780,0.0,0.0
2025-04-24 13:59:00-04:00,7.375,7.375,7.375,7.375,521,0.0,0.0
2025-04-24 14:00:00-04:00,7.375,7.375,7.375,7.375,181,0.0,0.0
2025-04-24 14:01:00-04:00,7.389999866485596,7.400000095367432,7.389999866485596,7.389999866485596,1746,0.0,0.0
2025-04-24 14:02:00-04:00,7.429999828338623,7.429999828338623,7.429999828338623,7.429999828338623,240,0.0,0.0
2025-04-24 14:03:00-04:00,7.420000076293945,7.420000076293945,7.389999866485596,7.389999866485596,4288,0.0,0.0
2025-04-24 14:05:00-04:00,7.389999866485596,7.389999866485596,7.389999866485596,7.389999866485596,400,0.0,0.0
2025-04-24 14:06:00-04:00,7.369999885559082,7.389999866485596,7.340000152587891,7.340000152587891,9603,0.0,0.0
2025-04-24 14:09:00-04:00,7.34250020980835,7.34499979019165,7.340000152587891,7.340000152587891,923,0.0,0.0
2025-04-24 14:10:00-04:00,7.340000152587891,7.340000152587891,7.340000152587891,7.340000152587891,200,0.0,0.0
2025-04-24 14:11:00-04:00,7.340000152587891,7.340000152587891,7.340000152587891,7.340000152587891,300,0.0,0.0
2025-04-24 14:12:00-04:00,7.340000152587891,7.340000152587891,7.340000152587891,7.340000152587891,575,0.0,0.0
2025-04-24 14:14:00-04:00,7.340000152587891,7.349999904632568,7.340000152587891,7.349999904632568,3003,0.0,0.0
2025-04-24 14:18:00-04:00,7.385000228881836,7.385000228881836,7.385000228881836,7.385000228881836,2297,0.0,0.0
2025-04-24 14:20:00-04:00,7.394999980926514,7.394999980926514,7.380000114440918,7.380000114440918,2258,0.0,0.0
2025-04-24 14:21:00-04:00,7.389999866485596,7.400000095367432,7.389999866485596,7.400000095367432,307,0.0,0.0
2025-04-24 14:22:00-04:00,7.394999980926514,7.394999980926514,7.394999980926514,7.394999980926514,376,0.0,0.0
2025-04-24 14:23:00-04:00,7.420000076293945,7.420000076293945,7.420000076293945,7.420000076293945,2282,0.0,0.0
2025-04-24 14:24:00-04:00,7.420000076293945,7.429999828338623,7.416100025177002,7.425000190734863,2100,0.0,0.0
2025-04-24 14:25:00-04:00,7.425000190734863,7.425000190734863,7.409999847412109,7.409999847412109,2257,0.0,0.0
2025-04-24 14:26:00-04:00,7.40500020980835,7.40500020980835,7.40500020980835,7.40500020980835,316,0.0,0.0
2025-04-24 14:29:00-04:00,7.409999847412109,7.409999847412109,7.409999847412109,7.409999847412109,269,0.0,0.0
2025-04-24 14:30:00-04:00,7.429999828338623,7.429999828338623,7.429999828338623,7.429999828338623,416,0.0,0.0
2025-04-24 14:32:00-04:00,7.434999942779541,7.434999942779541,7.389999866485596,7.389999866485596,9907,0.0,0.0
2025-04-24 14:33:00-04:00,7.400000095367432,7.400000095367432,7.400000095367432,7.400000095367432,393,0.0,0.0
2025-04-24 14:36:00-04:00,7.380099773406982,7.400000095367432,7.380000114440918,7.400000095367432,6804,0.0,0.0
2025-04-24 14:37:00-04:00,7.389999866485596,7.389999866485596,7.389999866485596,7.389999866485596,0,0.0,0.0
2025-04-24 14:38:00-04:00,7.409999847412109,7.409999847412109,7.409999847412109,7.409999847412109,327,0.0,0.0
2025-04-24 14:39:00-04:00,7.409999847412109,7.409999847412109,7.409999847412109,7.409999847412109,180,0.0,0.0
2025-04-24 14:40:00-04:00,7.409999847412109,7.409999847412109,7.40500020980835,7.40500020980835,500,0.0,0.0
2025-04-24 14:41:00-04:00,7.409999847412109,7.409999847412109,7.400000095367432,7.400000095367432,146,0.0,0.0
2025-04-24 14:42:00-04:00,7.409999847412109,7.409999847412109,7.403500080108643,7.40500020980835,2219,0.0,0.0
2025-04-24 14:43:00-04:00,7.40500020980835,7.409999847412109,7.400000095367432,7.409999847412109,818,0.0,0.0
2025-04-24 14:44:00-04:00,7.400000095367432,7.400000095367432,7.389999866485596,7.389999866485596,2244,0.0,0.0
2025-04-24 14:45:00-04:00,7.380000114440918,7.380000114440918,7.380000114440918,7.380000114440918,727,0.0,0.0
2025-04-24 14:46:00-04:00,7.398099899291992,7.398099899291992,7.398099899291992,7.398099899291992,1062,0.0,0.0
2025-04-24 14:49:00-04:00,7.409999847412109,7.414999961853027,7.409999847412109,7.414999961853027,950,0.0,0.0
2025-04-24 14:50:00-04:00,7.420000076293945,7.420000076293945,7.409999847412109,7.409999847412109,5695,0.0,0.0
2025-04-24 14:51:00-04:00,7.414999961853027,7.414999961853027,7.414999961853027,7.414999961853027,636,0.0,0.0
2025-04-24 14:52:00-04:00,7.409999847412109,7.409999847412109,7.409999847412109,7.409999847412109,400,0.0,0.0
2025-04-24 14:53:00-04:00,7.425000190734863,7.425000190734863,7.425000190734863,7.425000190734863,1901,0.0,0.0
2025-04-24 14:54:00-04:00,7.440000057220459,7.449999809265137,7.440000057220459,7.449999809265137,679,0.0,0.0
2025-04-24 14:55:00-04:00,7.45550012588501,7.45550012588501,7.429999828338623,7.429999828338623,6837,0.0,0.0
2025-04-24 14:57:00-04:00,7.426199913024902,7.426199913024902,7.420000076293945,7.420000076293945,470,0.0,0.0
2025-04-24 14:58:00-04:00,7.414000034332275,7.420000076293945,7.409999847412109,7.409999847412109,2401,0.0,0.0
2025-04-24 14:59:00-04:00,7.400000095367432,7.400000095367432,7.400000095367432,7.400000095367432,1447,0.0,0.0
2025-04-24 15:00:00-04:00,7.400000095367432,7.400000095367432,7.390999794006348,7.400000095367432,595,0.0,0.0
2025-04-24 15:01:00-04:00,7.389999866485596,7.389999866485596,7.375,7.375,1081,0.0,0.0
2025-04-24 15:02:00-04:00,7.389999866485596,7.389999866485596,7.389999866485596,7.389999866485596,185,0.0,0.0
2025-04-24 15:03:00-04:00,7.389999866485596,7.40500020980835,7.389999866485596,7.40500020980835,3134,0.0,0.0
2025-04-24 15:04:00-04:00,7.400000095367432,7.400000095367432,7.389999866485596,7.389999866485596,1887,0.0,0.0
2025-04-24 15:05:00-04:00,7.400000095367432,7.429999828338623,7.400000095367432,7.429999828338623,2748,0.0,0.0
2025-04-24 15:07:00-04:00,7.445000171661377,7.445000171661377,7.445000171661377,7.445000171661377,456,0.0,0.0
2025-04-24 15:08:00-04:00,7.429999828338623,7.429999828338623,7.420000076293945,7.420000076293945,2588,0.0,0.0
2025-04-24 15:10:00-04:00,7.425000190734863,7.434999942779541,7.420000076293945,7.434999942779541,2924,0.0,0.0
2025-04-24 15:12:00-04:00,7.445000171661377,7.445000171661377,7.445000171661377,7.445000171661377,507,0.0,0.0
2025-04-24 15:14:00-04:00,7.446000099182129,7.46999979019165,7.446000099182129,7.46999979019165,1540,0.0,0.0
2025-04-24 15:17:00-04:00,7.489999771118164,7.505099773406982,7.489999771118164,7.505099773406982,1652,0.0,0.0
2025-04-24 15:18:00-04:00,7.489999771118164,7.510000228881836,7.480000019073486,7.494999885559082,2538,0.0,0.0
2025-04-24 15:19:00-04:00,7.5,7.510000228881836,7.5,7.510000228881836,1139,0.0,0.0
2025-04-24 15:20:00-04:00,7.519999980926514,7.534999847412109,7.505000114440918,7.505000114440918,3850,0.0,0.0
2025-04-24 15:21:00-04:00,7.5,7.510000228881836,7.485000133514404,7.489999771118164,6858,0.0,0.0
2025-04-24 15:26:00-04:00,7.514999866485596,7.514999866485596,7.5,7.5,3496,0.0,0.0
2025-04-24 15:27:00-04:00,7.5,7.5,7.5,7.5,1081,0.0,0.0
2025-04-24 15:28:00-04:00,7.5,7.5,7.5,7.5,229,0.0,0.0
2025-04-24 15:29:00-04:00,7.494999885559082,7.5,7.494999885559082,7.5,629,0.0,0.0
2025-04-24 15:30:00-04:00,7.5,7.510000228881836,7.5,7.510000228881836,1196,0.0,0.0
2025-04-24 15:31:00-04:00,7.5,7.505000114440918,7.5,7.505000114440918,2845,0.0,0.0
2025-04-24 15:34:00-04:00,7.519999980926514,7.519999980926514,7.5,7.5,4586,0.0,0.0
2025-04-24 15:35:00-04:00,7.5,7.5,7.5,7.5,0,0.0,0.0
2025-04-24 15:36:00-04:00,7.510000228881836,7.53000020980835,7.510000228881836,7.519999980926514,8815,0.0,0.0
2025-04-24 15:37:00-04:00,7.539999961853027,7.543000221252441,7.539999961853027,7.543000221252441,7130,0.0,0.0
2025-04-24 15:39:00-04:00,7.53000020980835,7.550000190734863,7.53000020980835,7.550000190734863,3756,0.0,0.0
2025-04-24 15:40:00-04:00,7.550000190734863,7.573400020599365,7.539999961853027,7.539999961853027,19877,0.0,0.0
2025-04-24 15:41:00-04:00,7.545000076293945,7.545000076293945,7.539999961853027,7.539999961853027,2164,0.0,0.0
2025-04-24 15:42:00-04:00,7.534999847412109,7.534999847412109,7.534999847412109,7.534999847412109,641,0.0,0.0
2025-04-24 15:43:00-04:00,7.539000034332275,7.539999961853027,7.53000020980835,7.530099868774414,2688,0.0,0.0
2025-04-24 15:44:00-04:00,7.539999961853027,7.550000190734863,7.539999961853027,7.550000190734863,1910,0.0,0.0
2025-04-24 15:45:00-04:00,7.559999942779541,7.559999942779541,7.559999942779541,7.559999942779541,1258,0.0,0.0
2025-04-24 15:46:00-04:00,7.569699764251709,7.569699764251709,7.550000190734863,7.559999942779541,5807,0.0,0.0
2025-04-24 15:47:00-04:00,7.550000190734863,7.550000190734863,7.550000190734863,7.550000190734863,696,0.0,0.0
2025-04-24 15:48:00-04:00,7.550000190734863,7.590000152587891,7.550000190734863,7.590000152587891,4364,0.0,0.0
2025-04-24 15:49:00-04:00,7.585000038146973,7.585000038146973,7.579999923706055,7.579999923706055,2363,0.0,0.0
2025-04-24 15:50:00-04:00,7.574999809265137,7.574999809265137,7.570000171661377,7.570000171661377,4900,0.0,0.0
2025-04-24 15:51:00-04:00,7.512400150299072,7.534999847412109,7.510000228881836,7.519999980926514,26961,0.0,0.0
2025-04-24 15:52:00-04:00,7.519999980926514,7.53000020980835,7.519999980926514,7.53000020980835,472,0.0,0.0
2025-04-24 15:53:00-04:00,7.534999847412109,7.534999847412109,7.519999980926514,7.519999980926514,2666,0.0,0.0
2025-04-24 15:54:00-04:00,7.53000020980835,7.539999961853027,7.53000020980835,7.53000020980835,2556,0.0,0.0
2025-04-24 15:55:00-04:00,7.525000095367432,7.525000095367432,7.519999980926514,7.525000095367432,2480,0.0,0.0
2025-04-24 15:56:00-04:00,7.525000095367432,7.53000020980835,7.510000228881836,7.514999866485596,7827,0.0,0.0
2025-04-24 15:57:00-04:00,7.514999866485596,7.554999828338623,7.514999866485596,7.539999961853027,7923,0.0,0.0
2025-04-24 15:58:00-04:00,7.545000076293945,7.545000076293945,7.5,7.510000228881836,22584,0.0,0.0
2025-04-24 15:59:00-04:00,7.510000228881836,7.53000020980835,7.5,7.5,24210,0.0,0.0
2025-04-25 09:30:00-04:00,7.860000133514404,7.900000095367432,7.769999980926514,7.864999771118164,254342,0.0,0.0
2025-04-25 09:31:00-04:00,7.849400043487549,7.900000095367432,7.831600189208984,7.831600189208984,7885,0.0,0.0
2025-04-25 09:32:00-04:00,7.820000171661377,7.855000019073486,7.7393999099731445,7.744999885559082,12343,0.0,0.0
2025-04-25 09:33:00-04:00,7.715000152587891,7.715000152587891,7.663000106811523,7.690000057220459,2103,0.0,0.0
2025-04-25 09:34:00-04:00,7.6620001792907715,7.71999979019165,7.550000190734863,7.71999979019165,17235,0.0,0.0
2025-04-25 09:35:00-04:00,7.75,7.880000114440918,7.71999979019165,7.823999881744385,13850,0.0,0.0
2025-04-25 09:36:00-04:00,7.869999885559082,7.899600028991699,7.840000152587891,7.869999885559082,9527,0.0,0.0
2025-04-25 09:37:00-04:00,7.849999904632568,7.880000114440918,7.849999904632568,7.880000114440918,7787,0.0,0.0
2025-04-25 09:38:00-04:00,7.869999885559082,7.880000114440918,7.820000171661377,7.849999904632568,5754,0.0,0.0
2025-04-25 09:39:00-04:00,7.860000133514404,7.864999771118164,7.755000114440918,7.809999942779541,31384,0.0,0.0
2025-04-25 09:40:00-04:00,7.800000190734863,7.869999885559082,7.800000190734863,7.869999885559082,1020,0.0,0.0
2025-04-25 09:41:00-04:00,7.877799987792969,7.926700115203857,7.877799987792969,7.909999847412109,2340,0.0,0.0
2025-04-25 09:42:00-04:00,7.891499996185303,7.927999973297119,7.889999866485596,7.909999847412109,5162,0.0,0.0
2025-04-25 09:43:00-04:00,7.889999866485596,7.889999866485596,7.889999866485596,7.889999866485596,1853,0.0,0.0
2025-04-25 09:44:00-04:00,7.869999885559082,7.889999866485596,7.809999942779541,7.809999942779541,17940,0.0,0.0
2025-04-25 09:45:00-04:00,7.820000171661377,7.8480000495910645,7.820000171661377,7.8480000495910645,3636,0.0,0.0
2025-04-25 09:46:00-04:00,7.806099891662598,7.840000152587891,7.800000190734863,7.820000171661377,8075,0.0,0.0
2025-04-25 09:47:00-04:00,7.824999809265137,7.840000152587891,7.800000190734863,7.800000190734863,4900,0.0,0.0
2025-04-25 09:48:00-04:00,7.849999904632568,7.880000114440918,7.812900066375732,7.812900066375732,11669,0.0,0.0
2025-04-25 09:49:00-04:00,7.834499835968018,7.880000114440918,7.827499866485596,7.84499979019165,5604,0.0,0.0
2025-04-25 09:50:00-04:00,7.880000114440918,7.920000076293945,7.850100040435791,7.850100040435791,7059,0.0,0.0
2025-04-25 09:51:00-04:00,7.880000114440918,7.909999847412109,7.849999904632568,7.889999866485596,2006,0.0,0.0
2025-04-25 09:53:00-04:00,7.8597002029418945,7.869999885559082,7.8597002029418945,7.869999885559082,15563,0.0,0.0
2025-04-25 09:54:00-04:00,7.860000133514404,7.860000133514404,7.809999942779541,7.840000152587891,13114,0.0,0.0
2025-04-25 09:55:00-04:00,7.84499979019165,7.889999866485596,7.829999923706055,7.889999866485596,7765,0.0,0.0
2025-04-25 09:56:00-04:00,7.889999866485596,7.889999866485596,7.883999824523926,7.889999866485596,1808,0.0,0.0
2025-04-25 09:57:00-04:00,7.900000095367432,7.940000057220459,7.900000095367432,7.939899921417236,7679,0.0,0.0
2025-04-25 09:58:00-04:00,7.940000057220459,7.989999771118164,7.920000076293945,7.9899001121521,11196,0.0,0.0
2025-04-25 09:59:00-04:00,7.96999979019165,8.024999618530273,7.960000038146973,8.0,20750,0.0,0.0
2025-04-25 10:00:00-04:00,8.020000457763672,8.079999923706055,8.020000457763672,8.029999732971191,5114,0.0,0.0
2025-04-25 10:01:00-04:00,8.0600004196167,8.119999885559082,8.0600004196167,8.09000015258789,7373,0.0,0.0
2025-04-25 10:02:00-04:00,8.074999809265137,8.083999633789062,8.010000228881836,8.010000228881836,5497,0.0,0.0
2025-04-25 10:03:00-04:00,8.010000228881836,8.050000190734863,7.96999979019165,8.039999961853027,10333,0.0,0.0
2025-04-25 10:04:00-04:00,8.024999618530273,8.075799942016602,8.0,8.075799942016602,5780,0.0,0.0
2025-04-25 10:05:00-04:00,8.050000190734863,8.09000015258789,8.010000228881836,8.09000015258789,7663,0.0,0.0
2025-04-25 10:06:00-04:00,8.074999809265137,8.074999809265137,8.039999961853027,8.0600004196167,10829,0.0,0.0
2025-04-25 10:07:00-04:00,8.039999961853027,8.039999961853027,8.010000228881836,8.020000457763672,11923,0.0,0.0
2025-04-25 10:08:00-04:00,8.00730037689209,8.00730037689209,7.949999809265137,7.949999809265137,7098,0.0,0.0
2025-04-25 10:09:00-04:00,7.980000019073486,8.029999732971191,7.949999809265137,7.960000038146973,23539,0.0,0.0
2025-04-25 10:10:00-04:00,7.989999771118164,8.029999732971191,7.949999809265137,7.96999979019165,27246,0.0,0.0
2025-04-25 10:11:00-04:00,7.989999771118164,7.989999771118164,7.949999809265137,7.989699840545654,1915,0.0,0.0
2025-04-25 10:12:00-04:00,7.960000038146973,7.96999979019165,7.949999809265137,7.960000038146973,6082,0.0,0.0
2025-04-25 10:13:00-04:00,7.974999904632568,8.010000228881836,7.974999904632568,8.010000228881836,2587,0.0,0.0
2025-04-25 10:14:00-04:00,7.989999771118164,7.989999771118164,7.960000038146973,7.960000038146973,1971,0.0,0.0
2025-04-25 10:15:00-04:00,7.949999809265137,7.949999809265137,7.945000171661377,7.949999809265137,7385,0.0,0.0
2025-04-25 10:16:00-04:00,7.920000076293945,7.920000076293945,7.840000152587891,7.860000133514404,6589,0.0,0.0
2025-04-25 10:17:00-04:00,7.875,7.96999979019165,7.875,7.96999979019165,3047,0.0,0.0
2025-04-25 10:18:00-04:00,7.96999979019165,7.96999979019165,7.949999809265137,7.96999979019165,2847,0.0,0.0
2025-04-25 10:19:00-04:00,7.980000019073486,8.0,7.980000019073486,7.980000019073486,3627,0.0,0.0
2025-04-25 10:20:00-04:00,8.010000228881836,8.010000228881836,7.980000019073486,7.989999771118164,8213,0.0,0.0
2025-04-25 10:21:00-04:00,7.989999771118164,8.039999961853027,7.989999771118164,8.015000343322754,4603,0.0,0.0
2025-04-25 10:22:00-04:00,8.02750015258789,8.039999961853027,8.010000228881836,8.020000457763672,5476,0.0,0.0
2025-04-25 10:23:00-04:00,8.0,8.029899597167969,7.949999809265137,7.980000019073486,13820,0.0,0.0
2025-04-25 10:24:00-04:00,7.989999771118164,8.020000457763672,7.989999771118164,8.020000457763672,3854,0.0,0.0
2025-04-25 10:25:00-04:00,8.050000190734863,8.050000190734863,8.0,8.0,1529,0.0,0.0
2025-04-25 10:26:00-04:00,7.960000038146973,7.960000038146973,7.930300235748291,7.938499927520752,1335,0.0,0.0
2025-04-25 10:27:00-04:00,7.940000057220459,7.97599983215332,7.940000057220459,7.97599983215332,1528,0.0,0.0
2025-04-25 10:28:00-04:00,7.956999778747559,7.956999778747559,7.929999828338623,7.929999828338623,1871,0.0,0.0
2025-04-25 10:30:00-04:00,7.900000095367432,7.900000095367432,7.769999980926514,7.771999835968018,12276,0.0,0.0
2025-04-25 10:31:00-04:00,7.720099925994873,7.739999771118164,7.71999979019165,7.739999771118164,817,0.0,0.0
2025-04-25 10:32:00-04:00,7.744999885559082,7.769999980926514,7.710000038146973,7.739999771118164,9026,0.0,0.0
2025-04-25 10:33:00-04:00,7.75,7.78000020980835,7.75,7.750100135803223,2951,0.0,0.0
2025-04-25 10:34:00-04:00,7.788000106811523,7.788000106811523,7.760000228881836,7.764999866485596,2229,0.0,0.0
2025-04-25 10:35:00-04:00,7.78000020980835,7.78000020980835,7.760000228881836,7.760000228881836,3132,0.0,0.0
2025-04-25 10:36:00-04:00,7.75,7.75,7.71619987487793,7.71619987487793,1544,0.0,0.0
2025-04-25 10:37:00-04:00,7.724999904632568,7.724999904632568,7.699999809265137,7.699999809265137,4874,0.0,0.0
2025-04-25 10:38:00-04:00,7.690000057220459,7.73960018157959,7.690000057220459,7.71999979019165,3733,0.0,0.0
2025-04-25 10:39:00-04:00,7.710000038146973,7.710000038146973,7.699999809265137,7.710000038146973,2023,0.0,0.0
2025-04-25 10:40:00-04:00,7.699999809265137,7.769999980926514,7.699999809265137,7.769999980926514,6072,0.0,0.0
2025-04-25 10:41:00-04:00,7.800000190734863,7.800000190734863,7.699999809265137,7.699999809265137,3170,0.0,0.0
2025-04-25 10:42:00-04:00,7.699999809265137,7.70989990234375,7.699999809265137,7.699999809265137,7147,0.0,0.0
2025-04-25 10:43:00-04:00,7.739999771118164,7.739999771118164,7.739999771118164,7.739999771118164,884,0.0,0.0
2025-04-25 10:44:00-04:00,7.739999771118164,7.760000228881836,7.739999771118164,7.760000228881836,1760,0.0,0.0
2025-04-25 10:45:00-04:00,7.742000102996826,7.769999980926514,7.739999771118164,7.769999980926514,3179,0.0,0.0
2025-04-25 10:46:00-04:00,7.760000228881836,7.764999866485596,7.730000019073486,7.764999866485596,6314,0.0,0.0
2025-04-25 10:47:00-04:00,7.789999961853027,7.809999942779541,7.789999961853027,7.809999942779541,1683,0.0,0.0
2025-04-25 10:48:00-04:00,7.784999847412109,7.8308000564575195,7.765699863433838,7.8308000564575195,4281,0.0,0.0
2025-04-25 10:49:00-04:00,7.820499897003174,7.869999885559082,7.813499927520752,7.869999885559082,2961,0.0,0.0
2025-04-25 10:50:00-04:00,7.869999885559082,7.869999885559082,7.840000152587891,7.869999885559082,5484,0.0,0.0
2025-04-25 10:51:00-04:00,7.860000133514404,7.864999771118164,7.809999942779541,7.809999942779541,4136,0.0,0.0
2025-04-25 10:52:00-04:00,7.815000057220459,7.816500186920166,7.769999980926514,7.769999980926514,5494,0.0,0.0
2025-04-25 10:53:00-04:00,7.760000228881836,7.760000228881836,7.708600044250488,7.708600044250488,21861,0.0,0.0
2025-04-25 10:54:00-04:00,7.71999979019165,7.71999979019165,7.670000076293945,7.6875,6088,0.0,0.0
2025-04-25 10:55:00-04:00,7.659999847412109,7.659999847412109,7.633500099182129,7.65500020980835,6449,0.0,0.0
2025-04-25 10:56:00-04:00,7.670000076293945,7.679999828338623,7.670000076293945,7.679999828338623,988,0.0,0.0
2025-04-25 10:57:00-04:00,7.675000190734863,7.699999809265137,7.675000190734863,7.699999809265137,2592,0.0,0.0
2025-04-25 10:58:00-04:00,7.699999809265137,7.710000038146973,7.659999847412109,7.659999847412109,3857,0.0,0.0
2025-04-25 10:59:00-04:00,7.699999809265137,7.699999809265137,7.690000057220459,7.690000057220459,345,0.0,0.0
2025-04-25 11:00:00-04:00,7.679999828338623,7.699999809265137,7.679999828338623,7.699999809265137,467,0.0,0.0
2025-04-25 11:01:00-04:00,7.697299957275391,7.699999809265137,7.684999942779541,7.690000057220459,2933,0.0,0.0
2025-04-25 11:02:00-04:00,7.679999828338623,7.699999809265137,7.679999828338623,7.699999809265137,297,0.0,0.0
2025-04-25 11:03:00-04:00,7.682000160217285,7.70959997177124,7.679999828338623,7.690000057220459,7405,0.0,0.0
2025-04-25 11:04:00-04:00,7.670000076293945,7.670000076293945,7.659999847412109,7.659999847412109,6825,0.0,0.0
2025-04-25 11:06:00-04:00,7.65500020980835,7.769999980926514,7.65500020980835,7.760000228881836,20212,0.0,0.0
2025-04-25 11:07:00-04:00,7.764999866485596,7.769999980926514,7.764999866485596,7.769999980926514,1155,0.0,0.0
2025-04-25 11:08:00-04:00,7.789999961853027,7.789999961853027,7.789999961853027,7.789999961853027,126,0.0,0.0
2025-04-25 11:09:00-04:00,7.775000095367432,7.789999961853027,7.775000095367432,7.789999961853027,541,0.0,0.0
2025-04-25 11:10:00-04:00,7.789999961853027,7.789999961853027,7.789999961853027,7.789999961853027,434,0.0,0.0
2025-04-25 11:11:00-04:00,7.789999961853027,7.789999961853027,7.75,7.764999866485596,5874,0.0,0.0
2025-04-25 11:12:00-04:00,7.75,7.760000228881836,7.730000019073486,7.730000019073486,32853,0.0,0.0
2025-04-25 11:13:00-04:00,7.71999979019165,7.735000133514404,7.710000038146973,7.735000133514404,9942,0.0,0.0
2025-04-25 11:14:00-04:00,7.744999885559082,7.744999885559082,7.744999885559082,7.744999885559082,900,0.0,0.0
2025-04-25 11:15:00-04:00,7.760000228881836,7.789999961853027,7.760000228881836,7.78000020980835,5019,0.0,0.0
2025-04-25 11:16:00-04:00,7.789999961853027,7.789999961853027,7.71999979019165,7.760000228881836,8159,0.0,0.0
2025-04-25 11:17:00-04:00,7.78000020980835,7.78000020980835,7.78000020980835,7.78000020980835,2590,0.0,0.0
2025-04-25 11:18:00-04:00,7.800000190734863,7.800000190734863,7.775000095367432,7.775000095367432,3582,0.0,0.0
2025-04-25 11:19:00-04:00,7.784999847412109,7.789999961853027,7.784999847412109,7.789999961853027,455,0.0,0.0
2025-04-25 11:20:00-04:00,7.800000190734863,7.800000190734863,7.800000190734863,7.800000190734863,257,0.0,0.0
2025-04-25 11:21:00-04:00,7.800000190734863,7.800000190734863,7.775000095367432,7.799900054931641,486,0.0,0.0
2025-04-25 11:22:00-04:00,7.800000190734863,7.800000190734863,7.78000020980835,7.800000190734863,877,0.0,0.0
2025-04-25 11:23:00-04:00,7.800000190734863,7.800000190734863,7.800000190734863,7.800000190734863,192,0.0,0.0
2025-04-25 11:24:00-04:00,7.790999889373779,7.800000190734863,7.789999961853027,7.800000190734863,1623,0.0,0.0
2025-04-25 11:25:00-04:00,7.78000020980835,7.829999923706055,7.769999980926514,7.800000190734863,9630,0.0,0.0
2025-04-25 11:26:00-04:00,7.78000020980835,7.78000020980835,7.78000020980835,7.78000020980835,1403,0.0,0.0
2025-04-25 11:28:00-04:00,7.755000114440918,7.755000114440918,7.73799991607666,7.73799991607666,1101,0.0,0.0
2025-04-25 11:29:00-04:00,7.744999885559082,7.744999885559082,7.739999771118164,7.739999771118164,1154,0.0,0.0
2025-04-25 11:31:00-04:00,7.724999904632568,7.724999904632568,7.724999904632568,7.724999904632568,940,0.0,0.0
2025-04-25 11:32:00-04:00,7.730000019073486,7.730000019073486,7.730000019073486,7.730000019073486,1712,0.0,0.0
2025-04-25 11:33:00-04:00,7.659999847412109,7.659999847412109,7.659999847412109,7.659999847412109,846,0.0,0.0
2025-04-25 11:34:00-04:00,7.670000076293945,7.690000057220459,7.670000076293945,7.679999828338623,2706,0.0,0.0
2025-04-25 11:36:00-04:00,7.650000095367432,7.650000095367432,7.619999885559082,7.644999980926514,9994,0.0,0.0
2025-04-25 11:37:00-04:00,7.599999904632568,7.619999885559082,7.599999904632568,7.614999771118164,1860,0.0,0.0
2025-04-25 11:38:00-04:00,7.639900207519531,7.639999866485596,7.619999885559082,7.639999866485596,2207,0.0,0.0
2025-04-25 11:39:00-04:00,7.659999847412109,7.66349983215332,7.659999847412109,7.66349983215332,1887,0.0,0.0
2025-04-25 11:40:00-04:00,7.65500020980835,7.670000076293945,7.639999866485596,7.659999847412109,1839,0.0,0.0
2025-04-25 11:41:00-04:00,7.64769983291626,7.699999809265137,7.64769983291626,7.699999809265137,4503,0.0,0.0
2025-04-25 11:42:00-04:00,7.699999809265137,7.699999809265137,7.699999809265137,7.699999809265137,1300,0.0,0.0
2025-04-25 11:43:00-04:00,7.699999809265137,7.710000038146973,7.684999942779541,7.710000038146973,3514,0.0,0.0
2025-04-25 11:44:00-04:00,7.704999923706055,7.71999979019165,7.650000095367432,7.650000095367432,5118,0.0,0.0
2025-04-25 11:45:00-04:00,7.628699779510498,7.639999866485596,7.619999885559082,7.639999866485596,2079,0.0,0.0
2025-04-25 11:46:00-04:00,7.619999885559082,7.619999885559082,7.619999885559082,7.619999885559082,994,0.0,0.0
2025-04-25 11:47:00-04:00,7.625,7.639999866485596,7.619999885559082,7.639999866485596,12596,0.0,0.0
2025-04-25 11:48:00-04:00,7.619999885559082,7.619999885559082,7.614999771118164,7.614999771118164,1621,0.0,0.0
2025-04-25 11:49:00-04:00,7.619999885559082,7.619999885559082,7.619999885559082,7.619999885559082,710,0.0,0.0
2025-04-25 11:50:00-04:00,7.630000114440918,7.65500020980835,7.630000114440918,7.65500020980835,3020,0.0,0.0
2025-04-25 11:51:00-04:00,7.644999980926514,7.644999980926514,7.644999980926514,7.644999980926514,826,0.0,0.0
2025-04-25 11:52:00-04:00,7.659999847412109,7.659999847412109,7.650000095367432,7.650000095367432,3636,0.0,0.0
2025-04-25 11:53:00-04:00,7.659999847412109,7.659999847412109,7.659900188446045,7.659900188446045,844,0.0,0.0
2025-04-25 11:54:00-04:00,7.659999847412109,7.670000076293945,7.639999866485596,7.65500020980835,9031,0.0,0.0
2025-04-25 11:55:00-04:00,7.670000076293945,7.690000057220459,7.670000076293945,7.675000190734863,1702,0.0,0.0
2025-04-25 11:56:00-04:00,7.690000057220459,7.760000228881836,7.690000057220459,7.760000228881836,7321,0.0,0.0
2025-04-25 11:57:00-04:00,7.753499984741211,7.769999980926514,7.753499984741211,7.760000228881836,1698,0.0,0.0
2025-04-25 11:58:00-04:00,7.769999980926514,7.769999980926514,7.760000228881836,7.760000228881836,866,0.0,0.0
2025-04-25 11:59:00-04:00,7.760000228881836,7.769999980926514,7.760000228881836,7.769999980926514,876,0.0,0.0
2025-04-25 12:00:00-04:00,7.769999980926514,7.820000171661377,7.75,7.820000171661377,2524,0.0,0.0
2025-04-25 12:01:00-04:00,7.795000076293945,7.809999942779541,7.795000076293945,7.809999942779541,513,0.0,0.0
2025-04-25 12:02:00-04:00,7.809999942779541,7.809999942779541,7.769999980926514,7.78000020980835,4600,0.0,0.0
2025-04-25 12:03:00-04:00,7.800000190734863,7.800000190734863,7.768599987030029,7.768599987030029,2673,0.0,0.0
2025-04-25 12:04:00-04:00,7.775000095367432,7.789999961853027,7.764999866485596,7.769999980926514,3712,0.0,0.0
2025-04-25 12:05:00-04:00,7.78000020980835,7.820000171661377,7.78000020980835,7.820000171661377,5026,0.0,0.0
2025-04-25 12:06:00-04:00,7.829999923706055,7.829999923706055,7.820000171661377,7.820000171661377,694,0.0,0.0
2025-04-25 12:07:00-04:00,7.815000057220459,7.829999923706055,7.811200141906738,7.811200141906738,2589,0.0,0.0
2025-04-25 12:08:00-04:00,7.820000171661377,7.829999923706055,7.810100078582764,7.829999923706055,7938,0.0,0.0
2025-04-25 12:09:00-04:00,7.824999809265137,7.829999923706055,7.824999809265137,7.829999923706055,2460,0.0,0.0
2025-04-25 12:10:00-04:00,7.824999809265137,7.824999809265137,7.824999809265137,7.824999809265137,271,0.0,0.0
2025-04-25 12:11:00-04:00,7.824999809265137,7.840000152587891,7.824999809265137,7.840000152587891,936,0.0,0.0
2025-04-25 12:12:00-04:00,7.824999809265137,7.869999885559082,7.824999809265137,7.869999885559082,5635,0.0,0.0
2025-04-25 12:13:00-04:00,7.900000095367432,7.929999828338623,7.900000095367432,7.900000095367432,4270,0.0,0.0
2025-04-25 12:14:00-04:00,7.940000057220459,7.949999809265137,7.920000076293945,7.934999942779541,5336,0.0,0.0
2025-04-25 12:15:00-04:00,7.934999942779541,7.949999809265137,7.929999828338623,7.929999828338623,1642,0.0,0.0
2025-04-25 12:16:00-04:00,7.949999809265137,7.949999809265137,7.930099964141846,7.949999809265137,3465,0.0,0.0
2025-04-25 12:17:00-04:00,7.931399822235107,7.931399822235107,7.900000095367432,7.900000095367432,3562,0.0,0.0
2025-04-25 12:18:00-04:00,7.900000095367432,7.900000095367432,7.900000095367432,7.900000095367432,704,0.0,0.0
2025-04-25 12:20:00-04:00,7.897500038146973,7.920000076293945,7.870100021362305,7.870100021362305,3189,0.0,0.0
2025-04-25 12:21:00-04:00,7.880000114440918,7.929999828338623,7.880000114440918,7.914999961853027,8473,0.0,0.0
2025-04-25 12:22:00-04:00,7.929999828338623,7.929999828338623,7.860099792480469,7.880000114440918,16807,0.0,0.0
2025-04-25 12:23:00-04:00,7.920000076293945,7.940000057220459,7.900000095367432,7.940000057220459,9107,0.0,0.0
2025-04-25 12:24:00-04:00,7.940000057220459,7.940000057220459,7.920000076293945,7.920000076293945,5229,0.0,0.0
2025-04-25 12:25:00-04:00,7.940000057220459,7.940000057220459,7.940000057220459,7.940000057220459,1007,0.0,0.0
2025-04-25 12:26:00-04:00,7.925000190734863,7.940000057220459,7.849999904632568,7.869999885559082,6253,0.0,0.0
2025-04-25 12:27:00-04:00,7.880000114440918,7.880000114440918,7.869999885559082,7.869999885559082,1382,0.0,0.0
2025-04-25 12:28:00-04:00,7.872499942779541,7.872499942779541,7.872499942779541,7.872499942779541,919,0.0,0.0
2025-04-25 12:29:00-04:00,7.900000095367432,7.900000095367432,7.883500099182129,7.883500099182129,1907,0.0,0.0
2025-04-25 12:30:00-04:00,7.885000228881836,7.885000228881836,7.869999885559082,7.869999885559082,1906,0.0,0.0
2025-04-25 12:31:00-04:00,7.855500221252441,7.855500221252441,7.855500221252441,7.855500221252441,645,0.0,0.0
2025-04-25 12:32:00-04:00,7.889999866485596,7.889999866485596,7.889999866485596,7.889999866485596,214,0.0,0.0
2025-04-25 12:33:00-04:00,7.889999866485596,7.889999866485596,7.889999866485596,7.889999866485596,1420,0.0,0.0
2025-04-25 12:34:00-04:00,7.889999866485596,7.909999847412109,7.889999866485596,7.900000095367432,531,0.0,0.0
2025-04-25 12:35:00-04:00,7.9045000076293945,7.909999847412109,7.889999866485596,7.909999847412109,1108,0.0,0.0
2025-04-25 12:36:00-04:00,7.888000011444092,7.900000095367432,7.888000011444092,7.900000095367432,859,0.0,0.0
2025-04-25 12:37:00-04:00,7.900000095367432,7.900000095367432,7.869999885559082,7.889999866485596,2331,0.0,0.0
2025-04-25 12:38:00-04:00,7.880000114440918,7.889999866485596,7.880000114440918,7.889999866485596,1639,0.0,0.0
2025-04-25 12:39:00-04:00,7.900000095367432,7.900000095367432,7.880000114440918,7.880000114440918,4365,0.0,0.0
2025-04-25 12:40:00-04:00,7.880000114440918,7.900000095367432,7.880000114440918,7.900000095367432,7369,0.0,0.0
2025-04-25 12:43:00-04:00,7.920000076293945,7.940000057220459,7.920000076293945,7.934999942779541,1617,0.0,0.0
2025-04-25 12:44:00-04:00,7.934999942779541,7.96999979019165,7.909999847412109,7.96999979019165,6014,0.0,0.0
2025-04-25 12:46:00-04:00,7.96999979019165,7.96999979019165,7.96999979019165,7.96999979019165,610,0.0,0.0
2025-04-25 12:47:00-04:00,7.960000038146973,7.96999979019165,7.949999809265137,7.96999979019165,8016,0.0,0.0
2025-04-25 12:48:00-04:00,7.960000038146973,8.0,7.949999809265137,7.965000152587891,23649,0.0,0.0
2025-04-25 12:49:00-04:00,7.96999979019165,8.0,7.96999979019165,7.985000133514404,2210,0.0,0.0
2025-04-25 12:50:00-04:00,7.985000133514404,7.985000133514404,7.925000190734863,7.925000190734863,12537,0.0,0.0
2025-04-25 12:51:00-04:00,7.940000057220459,7.949999809265137,7.920000076293945,7.949999809265137,1272,0.0,0.0
2025-04-25 12:52:00-04:00,7.9679999351501465,7.9679999351501465,7.949999809265137,7.949999809265137,1343,0.0,0.0
2025-04-25 12:53:00-04:00,7.960000038146973,7.960000038146973,7.949999809265137,7.949999809265137,784,0.0,0.0
2025-04-25 12:54:00-04:00,7.929999828338623,7.934999942779541,7.920000076293945,7.920000076293945,3585,0.0,0.0
2025-04-25 12:56:00-04:00,7.914999961853027,7.925000190734863,7.914999961853027,7.925000190734863,1180,0.0,0.0
2025-04-25 12:57:00-04:00,7.909999847412109,7.929999828338623,7.909999847412109,7.929999828338623,2605,0.0,0.0
2025-04-25 12:58:00-04:00,7.909999847412109,7.929999828338623,7.894999980926514,7.894999980926514,5268,0.0,0.0
2025-04-25 12:59:00-04:00,7.880000114440918,7.880000114440918,7.875,7.875,1273,0.0,0.0
2025-04-25 13:00:00-04:00,7.880000114440918,7.880000114440918,7.880000114440918,7.880000114440918,611,0.0,0.0
2025-04-25 13:03:00-04:00,7.897500038146973,7.897500038146973,7.897500038146973,7.897500038146973,237,0.0,0.0
2025-04-25 13:04:00-04:00,7.869999885559082,7.885000228881836,7.869999885559082,7.885000228881836,3296,0.0,0.0
2025-04-25 13:05:00-04:00,7.870100021362305,7.870100021362305,7.870100021362305,7.870100021362305,1041,0.0,0.0
2025-04-25 13:06:00-04:00,7.885000228881836,7.885000228881836,7.885000228881836,7.885000228881836,527,0.0,0.0
2025-04-25 13:07:00-04:00,7.899700164794922,7.899700164794922,7.885000228881836,7.885000228881836,1534,0.0,0.0
2025-04-25 13:08:00-04:00,7.900000095367432,7.900000095367432,7.900000095367432,7.900000095367432,136,0.0,0.0
2025-04-25 13:09:00-04:00,7.880000114440918,7.900000095367432,7.880000114440918,7.900000095367432,351,0.0,0.0
2025-04-25 13:10:00-04:00,7.900000095367432,7.900000095367432,7.899899959564209,7.899899959564209,425,0.0,0.0
2025-04-25 13:11:00-04:00,7.885000228881836,7.889999866485596,7.870100021362305,7.889999866485596,1138,0.0,0.0
2025-04-25 13:12:00-04:00,7.880000114440918,7.880000114440918,7.880000114440918,7.880000114440918,200,0.0,0.0
2025-04-25 13:13:00-04:00,7.889999866485596,7.889999866485596,7.869999885559082,7.880000114440918,2965,0.0,0.0
2025-04-25 13:14:00-04:00,7.889999866485596,7.90500020980835,7.882900238037109,7.882900238037109,986,0.0,0.0
2025-04-25 13:15:00-04:00,7.900000095367432,7.900000095367432,7.889999866485596,7.889999866485596,601,0.0,0.0
2025-04-25 13:16:00-04:00,7.900000095367432,7.920000076293945,7.900000095367432,7.909999847412109,2653,0.0,0.0
2025-04-25 13:17:00-04:00,7.909999847412109,7.909999847412109,7.909999847412109,7.909999847412109,383,0.0,0.0
2025-04-25 13:18:00-04:00,7.90500020980835,7.909999847412109,7.90500020980835,7.909999847412109,347,0.0,0.0
2025-04-25 13:19:00-04:00,7.909999847412109,7.914999961853027,7.90500020980835,7.914999961853027,1504,0.0,0.0
2025-04-25 13:20:00-04:00,7.929999828338623,7.949999809265137,7.929999828338623,7.934999942779541,2402,0.0,0.0
2025-04-25 13:21:00-04:00,7.949999809265137,7.949999809265137,7.934999942779541,7.934999942779541,419,0.0,0.0
2025-04-25 13:22:00-04:00,7.920000076293945,7.920000076293945,7.920000076293945,7.920000076293945,2012,0.0,0.0
2025-04-25 13:23:00-04:00,7.909999847412109,7.909999847412109,7.909999847412109,7.909999847412109,324,0.0,0.0
2025-04-25 13:24:00-04:00,7.901100158691406,7.909999847412109,7.901100158691406,7.909999847412109,474,0.0,0.0
2025-04-25 13:25:00-04:00,7.920000076293945,7.920000076293945,7.920000076293945,7.920000076293945,1037,0.0,0.0
2025-04-25 13:26:00-04:00,7.920000076293945,7.920000076293945,7.920000076293945,7.920000076293945,439,0.0,0.0
2025-04-25 13:27:00-04:00,7.920000076293945,7.949999809265137,7.920000076293945,7.949999809265137,1807,0.0,0.0
2025-04-25 13:28:00-04:00,7.949999809265137,7.949999809265137,7.933499813079834,7.933499813079834,711,0.0,0.0
2025-04-25 13:29:00-04:00,7.949999809265137,7.965000152587891,7.949999809265137,7.960000038146973,4656,0.0,0.0
2025-04-25 13:30:00-04:00,7.965000152587891,7.965000152587891,7.940000057220459,7.940000057220459,6163,0.0,0.0
2025-04-25 13:31:00-04:00,7.920000076293945,7.920000076293945,7.909999847412109,7.909999847412109,1112,0.0,0.0
2025-04-25 13:32:00-04:00,7.889999866485596,7.895999908447266,7.889999866485596,7.895999908447266,698,0.0,0.0
2025-04-25 13:33:00-04:00,7.900000095367432,7.920000076293945,7.900000095367432,7.920000076293945,1565,0.0,0.0
2025-04-25 13:36:00-04:00,7.925000190734863,7.929999828338623,7.925000190734863,7.929999828338623,433,0.0,0.0
2025-04-25 13:37:00-04:00,7.929999828338623,7.929999828338623,7.889999866485596,7.889999866485596,4149,0.0,0.0
2025-04-25 13:38:00-04:00,7.869999885559082,7.869999885559082,7.855000019073486,7.864999771118164,3760,0.0,0.0
2025-04-25 13:39:00-04:00,7.864999771118164,7.869999885559082,7.849999904632568,7.849999904632568,6907,0.0,0.0
2025-04-25 13:41:00-04:00,7.860000133514404,7.864999771118164,7.860000133514404,7.864999771118164,3471,0.0,0.0
2025-04-25 13:42:00-04:00,7.849999904632568,7.880000114440918,7.849999904632568,7.860000133514404,2477,0.0,0.0
2025-04-25 13:43:00-04:00,7.85099983215332,7.860000133514404,7.85099983215332,7.860000133514404,344,0.0,0.0
2025-04-25 13:44:00-04:00,7.860000133514404,7.880000114440918,7.860000133514404,7.880000114440918,1153,0.0,0.0
2025-04-25 13:45:00-04:00,7.880000114440918,7.880000114440918,7.820000171661377,7.820000171661377,6812,0.0,0.0
2025-04-25 13:46:00-04:00,7.824999809265137,7.824999809265137,7.769999980926514,7.769999980926514,1952,0.0,0.0
2025-04-25 13:47:00-04:00,7.820000171661377,7.820000171661377,7.789999961853027,7.789999961853027,1052,0.0,0.0
2025-04-25 13:49:00-04:00,7.764999866485596,7.775000095367432,7.764999866485596,7.775000095367432,419,0.0,0.0
2025-04-25 13:50:00-04:00,7.789999961853027,7.809999942779541,7.760000228881836,7.760000228881836,6234,0.0,0.0
2025-04-25 13:51:00-04:00,7.809999942779541,7.809999942779541,7.809999942779541,7.809999942779541,127,0.0,0.0
2025-04-25 13:52:00-04:00,7.809999942779541,7.809999942779541,7.809999942779541,7.809999942779541,400,0.0,0.0
2025-04-25 13:53:00-04:00,7.788000106811523,7.809999942779541,7.788000106811523,7.809999942779541,837,0.0,0.0
2025-04-25 13:54:00-04:00,7.809999942779541,7.809999942779541,7.78000020980835,7.809999942779541,1459,0.0,0.0
2025-04-25 13:55:00-04:00,7.809999942779541,7.829999923706055,7.809999942779541,7.829999923706055,589,0.0,0.0
2025-04-25 13:56:00-04:00,7.820000171661377,7.829999923706055,7.789999961853027,7.829999923706055,3433,0.0,0.0
2025-04-25 13:57:00-04:00,7.815000057220459,7.815000057220459,7.76800012588501,7.76800012588501,2112,0.0,0.0
2025-04-25 13:59:00-04:00,7.795000076293945,7.809999942779541,7.795000076293945,7.809999942779541,597,0.0,0.0
2025-04-25 14:00:00-04:00,7.810999870300293,7.810999870300293,7.809999942779541,7.809999942779541,3019,0.0,0.0
2025-04-25 14:01:00-04:00,7.801700115203857,7.829999923706055,7.801700115203857,7.829999923706055,1000,0.0,0.0
2025-04-25 14:02:00-04:00,7.809999942779541,7.840000152587891,7.809999942779541,7.835000038146973,1555,0.0,0.0
2025-04-25 14:03:00-04:00,7.837500095367432,7.837500095367432,7.820000171661377,7.820000171661377,1319,0.0,0.0
2025-04-25 14:04:00-04:00,7.849999904632568,7.849999904632568,7.829999923706055,7.829999923706055,735,0.0,0.0
2025-04-25 14:06:00-04:00,7.820000171661377,7.829999923706055,7.820000171661377,7.829999923706055,526,0.0,0.0
2025-04-25 14:07:00-04:00,7.829999923706055,7.829999923706055,7.829999923706055,7.829999923706055,113,0.0,0.0
2025-04-25 14:08:00-04:00,7.820000171661377,7.820000171661377,7.789999961853027,7.789999961853027,2086,0.0,0.0
2025-04-25 14:09:00-04:00,7.789999961853027,7.800000190734863,7.789999961853027,7.800000190734863,503,0.0,0.0
2025-04-25 14:10:00-04:00,7.800000190734863,7.800000190734863,7.789400100708008,7.795000076293945,1501,0.0,0.0
2025-04-25 14:12:00-04:00,7.800000190734863,7.800000190734863,7.800000190734863,7.800000190734863,235,0.0,0.0
2025-04-25 14:14:00-04:00,7.800000190734863,7.800000190734863,7.775000095367432,7.775000095367432,3091,0.0,0.0
2025-04-25 14:15:00-04:00,7.760000228881836,7.760000228881836,7.71999979019165,7.71999979019165,3009,0.0,0.0
2025-04-25 14:16:00-04:00,7.739999771118164,7.739999771118164,7.739999771118164,7.739999771118164,507,0.0,0.0
2025-04-25 14:20:00-04:00,7.75,7.75,7.75,7.75,210,0.0,0.0
2025-04-25 14:21:00-04:00,7.75,7.75,7.735000133514404,7.75,1068,0.0,0.0
2025-04-25 14:22:00-04:00,7.739999771118164,7.75,7.739999771118164,7.75,1267,0.0,0.0
2025-04-25 14:23:00-04:00,7.75,7.75,7.75,7.75,461,0.0,0.0
2025-04-25 14:24:00-04:00,7.75,7.75,7.75,7.75,2007,0.0,0.0
2025-04-25 14:25:00-04:00,7.71999979019165,7.71999979019165,7.684999942779541,7.710000038146973,6430,0.0,0.0
2025-04-25 14:26:00-04:00,7.699999809265137,7.710000038146973,7.699999809265137,7.710000038146973,2051,0.0,0.0
2025-04-25 14:27:00-04:00,7.710000038146973,7.71999979019165,7.699999809265137,7.699999809265137,1078,0.0,0.0
2025-04-25 14:28:00-04:00,7.695000171661377,7.710000038146973,7.695000171661377,7.710000038146973,3306,0.0,0.0
2025-04-25 14:30:00-04:00,7.695000171661377,7.710000038146973,7.695000171661377,7.70989990234375,636,0.0,0.0
2025-04-25 14:31:00-04:00,7.695000171661377,7.695000171661377,7.695000171661377,7.695000171661377,38,0.0,0.0
2025-04-25 14:32:00-04:00,7.710000038146973,7.710000038146973,7.706900119781494,7.706900119781494,555,0.0,0.0
2025-04-25 14:33:00-04:00,7.710000038146973,7.710000038146973,7.675000190734863,7.675000190734863,3195,0.0,0.0
2025-04-25 14:34:00-04:00,7.660099983215332,7.675000190734863,7.660099983215332,7.675000190734863,2465,0.0,0.0
2025-04-25 14:35:00-04:00,7.670000076293945,7.670000076293945,7.670000076293945,7.670000076293945,295,0.0,0.0
2025-04-25 14:36:00-04:00,7.679999828338623,7.710000038146973,7.679999828338623,7.710000038146973,2316,0.0,0.0
2025-04-25 14:39:00-04:00,7.71999979019165,7.71999979019165,7.71999979019165,7.71999979019165,566,0.0,0.0
2025-04-25 14:40:00-04:00,7.71999979019165,7.71999979019165,7.71999979019165,7.71999979019165,264,0.0,0.0
2025-04-25 14:41:00-04:00,7.710000038146973,7.71999979019165,7.710000038146973,7.71999979019165,423,0.0,0.0
2025-04-25 14:42:00-04:00,7.71999979019165,7.71999979019165,7.710000038146973,7.710000038146973,222,0.0,0.0
2025-04-25 14:43:00-04:00,7.712600231170654,7.71999979019165,7.699999809265137,7.699999809265137,1358,0.0,0.0
2025-04-25 14:44:00-04:00,7.699999809265137,7.710000038146973,7.699999809265137,7.699999809265137,878,0.0,0.0
2025-04-25 14:45:00-04:00,7.710000038146973,7.710000038146973,7.710000038146973,7.710000038146973,695,0.0,0.0
2025-04-25 14:46:00-04:00,7.710000038146973,7.710000038146973,7.710000038146973,7.710000038146973,200,0.0,0.0
2025-04-25 14:47:00-04:00,7.699999809265137,7.710000038146973,7.699999809265137,7.710000038146973,448,0.0,0.0
2025-04-25 14:48:00-04:00,7.710000038146973,7.760000228881836,7.710000038146973,7.760000228881836,3357,0.0,0.0
2025-04-25 14:49:00-04:00,7.739999771118164,7.760000228881836,7.735000133514404,7.760000228881836,1388,0.0,0.0
2025-04-25 14:50:00-04:00,7.760000228881836,7.760000228881836,7.760000228881836,7.760000228881836,298,0.0,0.0
2025-04-25 14:51:00-04:00,7.760000228881836,7.760000228881836,7.760000228881836,7.760000228881836,300,0.0,0.0
2025-04-25 14:52:00-04:00,7.735000133514404,7.735000133514404,7.699999809265137,7.699999809265137,2844,0.0,0.0
2025-04-25 14:53:00-04:00,7.710000038146973,7.739999771118164,7.704999923706055,7.739999771118164,3707,0.0,0.0
2025-04-25 14:54:00-04:00,7.739999771118164,7.739999771118164,7.739999771118164,7.739999771118164,900,0.0,0.0
2025-04-25 14:57:00-04:00,7.71999979019165,7.71999979019165,7.71999979019165,7.71999979019165,200,0.0,0.0
2025-04-25 14:58:00-04:00,7.71999979019165,7.71999979019165,7.71999979019165,7.71999979019165,200,0.0,0.0
2025-04-25 14:59:00-04:00,7.71999979019165,7.71999979019165,7.704999923706055,7.704999923706055,427,0.0,0.0
2025-04-25 15:00:00-04:00,7.71999979019165,7.71999979019165,7.704999923706055,7.704999923706055,210,0.0,0.0
2025-04-25 15:01:00-04:00,7.71999979019165,7.71999979019165,7.679999828338623,7.699999809265137,5119,0.0,0.0
2025-04-25 15:03:00-04:00,7.695000171661377,7.695000171661377,7.695000171661377,7.695000171661377,2407,0.0,0.0
2025-04-25 15:05:00-04:00,7.695000171661377,7.695000171661377,7.695000171661377,7.695000171661377,200,0.0,0.0
2025-04-25 15:06:00-04:00,7.71999979019165,7.71999979019165,7.71999979019165,7.71999979019165,145,0.0,0.0
2025-04-25 15:07:00-04:00,7.71999979019165,7.71999979019165,7.71999979019165,7.71999979019165,249,0.0,0.0
2025-04-25 15:08:00-04:00,7.71999979019165,7.71999979019165,7.679999828338623,7.680699825286865,4757,0.0,0.0
2025-04-25 15:09:00-04:00,7.676000118255615,7.676000118255615,7.676000118255615,7.676000118255615,686,0.0,0.0
2025-04-25 15:10:00-04:00,7.659999847412109,7.659999847412109,7.659999847412109,7.659999847412109,2995,0.0,0.0
2025-04-25 15:11:00-04:00,7.650000095367432,7.65500020980835,7.650000095367432,7.65500020980835,1959,0.0,0.0
2025-04-25 15:12:00-04:00,7.65500020980835,7.65500020980835,7.65500020980835,7.65500020980835,236,0.0,0.0
2025-04-25 15:14:00-04:00,7.659999847412109,7.659999847412109,7.659999847412109,7.659999847412109,300,0.0,0.0
2025-04-25 15:15:00-04:00,7.659999847412109,7.690000057220459,7.659999847412109,7.679999828338623,2927,0.0,0.0
2025-04-25 15:16:00-04:00,7.679999828338623,7.690000057220459,7.679999828338623,7.687699794769287,1477,0.0,0.0
2025-04-25 15:17:00-04:00,7.690000057220459,7.695000171661377,7.679999828338623,7.690000057220459,3683,0.0,0.0
2025-04-25 15:18:00-04:00,7.710000038146973,7.710000038146973,7.710000038146973,7.710000038146973,574,0.0,0.0
2025-04-25 15:20:00-04:00,7.710000038146973,7.710000038146973,7.710000038146973,7.710000038146973,361,0.0,0.0
2025-04-25 15:21:00-04:00,7.695000171661377,7.710000038146973,7.695000171661377,7.710000038146973,2340,0.0,0.0
2025-04-25 15:22:00-04:00,7.710000038146973,7.710000038146973,7.710000038146973,7.710000038146973,1153,0.0,0.0
2025-04-25 15:23:00-04:00,7.730000019073486,7.730000019073486,7.671000003814697,7.671000003814697,2433,0.0,0.0
2025-04-25 15:24:00-04:00,7.670000076293945,7.670000076293945,7.670000076293945,7.670000076293945,1466,0.0,0.0
2025-04-25 15:26:00-04:00,7.650000095367432,7.650000095367432,7.610000133514404,7.610000133514404,21144,0.0,0.0
2025-04-25 15:27:00-04:00,7.590000152587891,7.610000133514404,7.579999923706055,7.59499979019165,1491,0.0,0.0
2025-04-25 15:28:00-04:00,7.610000133514404,7.610000133514404,7.610000133514404,7.610000133514404,3768,0.0,0.0
2025-04-25 15:29:00-04:00,7.599999904632568,7.599999904632568,7.590000152587891,7.590000152587891,1181,0.0,0.0
2025-04-25 15:30:00-04:00,7.579999923706055,7.579999923706055,7.480000019073486,7.5,49178,0.0,0.0
2025-04-25 15:31:00-04:00,7.489999771118164,7.53000020980835,7.464799880981445,7.53000020980835,10473,0.0,0.0
2025-04-25 15:32:00-04:00,7.510000228881836,7.510000228881836,7.489999771118164,7.5,4691,0.0,0.0
2025-04-25 15:33:00-04:00,7.519999980926514,7.519999980926514,7.510000228881836,7.510000228881836,3285,0.0,0.0
2025-04-25 15:34:00-04:00,7.510000228881836,7.519999980926514,7.510000228881836,7.519999980926514,655,0.0,0.0
2025-04-25 15:35:00-04:00,7.538000106811523,7.539999961853027,7.525000095367432,7.525000095367432,2127,0.0,0.0
2025-04-25 15:37:00-04:00,7.53000020980835,7.53000020980835,7.53000020980835,7.53000020980835,867,0.0,0.0
2025-04-25 15:38:00-04:00,7.539999961853027,7.545000076293945,7.534999847412109,7.534999847412109,8013,0.0,0.0
2025-04-25 15:39:00-04:00,7.550000190734863,7.550000190734863,7.539999961853027,7.550000190734863,712,0.0,0.0
2025-04-25 15:40:00-04:00,7.539999961853027,7.579899787902832,7.534999847412109,7.56279993057251,12551,0.0,0.0
2025-04-25 15:41:00-04:00,7.569900035858154,7.569900035858154,7.525899887084961,7.533699989318848,6283,0.0,0.0
2025-04-25 15:43:00-04:00,7.539999961853027,7.539999961853027,7.510000228881836,7.510000228881836,5108,0.0,0.0
2025-04-25 15:44:00-04:00,7.489999771118164,7.5,7.484799861907959,7.489999771118164,4718,0.0,0.0
2025-04-25 15:45:00-04:00,7.480000019073486,7.480000019073486,7.480000019073486,7.480000019073486,1121,0.0,0.0
2025-04-25 15:46:00-04:00,7.480000019073486,7.486000061035156,7.480000019073486,7.486000061035156,1479,0.0,0.0
2025-04-25 15:47:00-04:00,7.485000133514404,7.510000228881836,7.480000019073486,7.5,54215,0.0,0.0
2025-04-25 15:48:00-04:00,7.510000228881836,7.53000020980835,7.510000228881836,7.53000020980835,13009,0.0,0.0
2025-04-25 15:49:00-04:00,7.53000020980835,7.53000020980835,7.510000228881836,7.510000228881836,4432,0.0,0.0
2025-04-25 15:50:00-04:00,7.5,7.5,7.494999885559082,7.494999885559082,4566,0.0,0.0
2025-04-25 15:51:00-04:00,7.510000228881836,7.539999961853027,7.510000228881836,7.53000020980835,7700,0.0,0.0
2025-04-25 15:52:00-04:00,7.5,7.5,7.460000038146973,7.480000019073486,12421,0.0,0.0
2025-04-25 15:53:00-04:00,7.460000038146973,7.480000019073486,7.460000038146973,7.480000019073486,5184,0.0,0.0
2025-04-25 15:54:00-04:00,7.480000019073486,7.489999771118164,7.480000019073486,7.489999771118164,1077,0.0,0.0
2025-04-25 15:55:00-04:00,7.5,7.505000114440918,7.485000133514404,7.489999771118164,7172,0.0,0.0
2025-04-25 15:56:00-04:00,7.5,7.5,7.489999771118164,7.489999771118164,6633,0.0,0.0
2025-04-25 15:57:00-04:00,7.480000019073486,7.480000019073486,7.46999979019165,7.480000019073486,4489,0.0,0.0
2025-04-25 15:58:00-04:00,7.480000019073486,7.480000019073486,7.46999979019165,7.480000019073486,6915,0.0,0.0
2025-04-25 15:59:00-04:00,7.489999771118164,7.5,7.480000019073486,7.5,23008,0.0,0.0
