Datetime,Open,High,Low,Close,Volume,Dividends,Stock Splits
2025-04-21 09:30:00-04:00,83.0,83.0,83.0,83.0,1569,0.0,0.0
2025-04-21 09:32:00-04:00,82.62000274658203,82.62000274658203,82.62000274658203,82.62000274658203,415,0.0,0.0
2025-04-21 09:33:00-04:00,82.5999984741211,82.5999984741211,82.5999984741211,82.5999984741211,234,0.0,0.0
2025-04-21 09:34:00-04:00,82.80400085449219,82.80400085449219,82.80400085449219,82.80400085449219,208,0.0,0.0
2025-04-21 09:40:00-04:00,83.08999633789062,83.08999633789062,83.08999633789062,83.08999633789062,163,0.0,0.0
2025-04-21 09:44:00-04:00,83.08999633789062,83.08999633789062,83.08999633789062,83.08999633789062,151,0.0,0.0
2025-04-21 09:45:00-04:00,82.91999816894531,83.0199966430664,82.91999816894531,82.9800033569336,2207,0.0,0.0
2025-04-21 09:48:00-04:00,83.0199966430664,83.0199966430664,83.0199966430664,83.0199966430664,115,0.0,0.0
2025-04-21 09:50:00-04:00,83.0199966430664,83.19999694824219,83.0199966430664,83.19999694824219,211,0.0,0.0
2025-04-21 09:53:00-04:00,83.75,83.75,83.75,83.75,355,0.0,0.0
2025-04-21 09:57:00-04:00,83.33999633789062,83.69999694824219,83.33999633789062,83.375,571,0.0,0.0
2025-04-21 09:58:00-04:00,83.75,83.75,83.75,83.75,325,0.0,0.0
2025-04-21 10:01:00-04:00,83.42500305175781,83.42500305175781,83.42500305175781,83.42500305175781,392,0.0,0.0
2025-04-21 10:08:00-04:00,83.75,83.75,83.75,83.75,184,0.0,0.0
2025-04-21 10:11:00-04:00,83.42749786376953,83.42749786376953,83.42749786376953,83.42749786376953,135,0.0,0.0
2025-04-21 10:12:00-04:00,83.58999633789062,83.59500122070312,83.58999633789062,83.59500122070312,774,0.0,0.0
2025-04-21 10:14:00-04:00,83.75,83.75,83.75,83.75,1076,0.0,0.0
2025-04-21 10:18:00-04:00,84.0,84.0,84.0,84.0,193,0.0,0.0
2025-04-21 10:22:00-04:00,83.75,83.75,83.75,83.75,106,0.0,0.0
2025-04-21 10:23:00-04:00,84.0,84.0,84.0,84.0,199,0.0,0.0
2025-04-21 10:27:00-04:00,83.76000213623047,83.76000213623047,83.68070220947266,83.68080139160156,1955,0.0,0.0
2025-04-21 10:28:00-04:00,84.0,84.0,84.0,84.0,111,0.0,0.0
2025-04-21 10:30:00-04:00,83.95950317382812,83.95950317382812,83.95950317382812,83.95950317382812,677,0.0,0.0
2025-04-21 10:39:00-04:00,84.0,84.0,84.0,84.0,464,0.0,0.0
2025-04-21 10:40:00-04:00,84.0,84.125,84.0,84.125,2138,0.0,0.0
2025-04-21 10:44:00-04:00,84.30000305175781,84.30000305175781,84.16000366210938,84.16000366210938,430,0.0,0.0
2025-04-21 10:46:00-04:00,84.19000244140625,84.19000244140625,84.19000244140625,84.19000244140625,152,0.0,0.0
2025-04-21 10:47:00-04:00,84.15499877929688,84.15499877929688,84.15499877929688,84.15499877929688,691,0.0,0.0
2025-04-21 10:50:00-04:00,83.8499984741211,84.37989807128906,83.8499984741211,84.37989807128906,735,0.0,0.0
2025-04-21 10:54:00-04:00,84.05000305175781,84.05000305175781,84.05000305175781,84.05000305175781,187,0.0,0.0
2025-04-21 10:57:00-04:00,83.83000183105469,83.97000122070312,83.80999755859375,83.80999755859375,819,0.0,0.0
2025-04-21 11:02:00-04:00,83.67829895019531,83.70999908447266,83.67829895019531,83.70999908447266,563,0.0,0.0
2025-04-21 11:05:00-04:00,83.52999877929688,83.62999725341797,83.52999877929688,83.62999725341797,380,0.0,0.0
2025-04-21 11:16:00-04:00,83.55000305175781,83.55000305175781,83.55000305175781,83.55000305175781,156,0.0,0.0
2025-04-21 11:21:00-04:00,83.55000305175781,83.55000305175781,83.55000305175781,83.55000305175781,210,0.0,0.0
2025-04-21 11:25:00-04:00,83.55000305175781,83.55000305175781,83.55000305175781,83.55000305175781,449,0.0,0.0
2025-04-21 11:28:00-04:00,83.51000213623047,83.51000213623047,83.51000213623047,83.51000213623047,684,0.0,0.0
2025-04-21 11:30:00-04:00,83.4800033569336,83.4800033569336,83.4800033569336,83.4800033569336,465,0.0,0.0
2025-04-21 11:33:00-04:00,83.48999786376953,83.48999786376953,83.48999786376953,83.48999786376953,664,0.0,0.0
2025-04-21 11:37:00-04:00,83.61000061035156,83.62999725341797,83.61000061035156,83.62999725341797,778,0.0,0.0
2025-04-21 11:39:00-04:00,83.76000213623047,83.76000213623047,83.76000213623047,83.76000213623047,380,0.0,0.0
2025-04-21 11:51:00-04:00,83.71399688720703,83.71399688720703,83.71399688720703,83.71399688720703,1003,0.0,0.0
2025-04-21 12:00:00-04:00,83.83000183105469,83.83499908447266,83.83000183105469,83.83499908447266,397,0.0,0.0
2025-04-21 12:01:00-04:00,83.93499755859375,83.94000244140625,83.87999725341797,83.94000244140625,949,0.0,0.0
2025-04-21 12:05:00-04:00,83.91000366210938,83.91000366210938,83.91000366210938,83.91000366210938,721,0.0,0.0
2025-04-21 12:09:00-04:00,84.0199966430664,84.0199966430664,84.0199966430664,84.0199966430664,137,0.0,0.0
2025-04-21 12:11:00-04:00,83.94999694824219,83.94999694824219,83.94999694824219,83.94999694824219,153,0.0,0.0
2025-04-21 12:15:00-04:00,83.94000244140625,83.94000244140625,83.94000244140625,83.94000244140625,319,0.0,0.0
2025-04-21 12:17:00-04:00,83.8499984741211,83.8499984741211,83.8499984741211,83.8499984741211,896,0.0,0.0
2025-04-21 12:27:00-04:00,83.71499633789062,83.71499633789062,83.71499633789062,83.71499633789062,178,0.0,0.0
2025-04-21 12:29:00-04:00,83.88569641113281,83.88569641113281,83.88569641113281,83.88569641113281,164,0.0,0.0
2025-04-21 12:32:00-04:00,83.76499938964844,83.76499938964844,83.76499938964844,83.76499938964844,275,0.0,0.0
2025-04-21 12:39:00-04:00,83.76499938964844,83.76499938964844,83.76499938964844,83.76499938964844,495,0.0,0.0
2025-04-21 12:42:00-04:00,83.62999725341797,83.65499877929688,83.62999725341797,83.65499877929688,559,0.0,0.0
2025-04-21 12:47:00-04:00,83.5,83.5,83.45500183105469,83.45500183105469,506,0.0,0.0
2025-04-21 12:53:00-04:00,83.2300033569336,83.30000305175781,83.22000122070312,83.30000305175781,762,0.0,0.0
2025-04-21 12:54:00-04:00,83.25499725341797,83.25499725341797,83.25499725341797,83.25499725341797,618,0.0,0.0
2025-04-21 12:55:00-04:00,83.44000244140625,83.44000244140625,83.44000244140625,83.44000244140625,544,0.0,0.0
2025-04-21 12:59:00-04:00,83.48999786376953,83.48999786376953,83.2750015258789,83.33000183105469,779,0.0,0.0
2025-04-21 13:05:00-04:00,83.2750015258789,83.2750015258789,83.2750015258789,83.2750015258789,313,0.0,0.0
2025-04-21 13:10:00-04:00,83.2750015258789,83.2750015258789,83.2750015258789,83.2750015258789,371,0.0,0.0
2025-04-21 13:21:00-04:00,83.2750015258789,83.2750015258789,83.2750015258789,83.2750015258789,257,0.0,0.0
2025-04-21 13:22:00-04:00,83.2699966430664,83.2699966430664,83.2699966430664,83.2699966430664,102,0.0,0.0
2025-04-21 13:23:00-04:00,83.2750015258789,83.2750015258789,83.2750015258789,83.2750015258789,101,0.0,0.0
2025-04-21 13:24:00-04:00,83.2750015258789,83.2750015258789,83.2750015258789,83.2750015258789,131,0.0,0.0
2025-04-21 13:26:00-04:00,83.27249908447266,83.27249908447266,83.03500366210938,83.03500366210938,868,0.0,0.0
2025-04-21 13:29:00-04:00,83.0199966430664,83.0250015258789,83.0199966430664,83.0250015258789,325,0.0,0.0
2025-04-21 13:30:00-04:00,83.0250015258789,83.05000305175781,83.0250015258789,83.05000305175781,1245,0.0,0.0
2025-04-21 13:33:00-04:00,82.91500091552734,82.91500091552734,82.73370361328125,82.73370361328125,666,0.0,0.0
2025-04-21 13:38:00-04:00,82.80000305175781,82.80000305175781,82.80000305175781,82.80000305175781,273,0.0,0.0
2025-04-21 13:39:00-04:00,82.83999633789062,82.83999633789062,82.83999633789062,82.83999633789062,467,0.0,0.0
2025-04-21 13:41:00-04:00,82.86900329589844,82.86900329589844,82.86900329589844,82.86900329589844,456,0.0,0.0
2025-04-21 13:54:00-04:00,82.8550033569336,82.8550033569336,82.8550033569336,82.8550033569336,216,0.0,0.0
2025-04-21 13:55:00-04:00,82.83499908447266,82.83499908447266,82.61499786376953,82.61499786376953,1371,0.0,0.0
2025-04-21 13:56:00-04:00,82.79000091552734,82.79000091552734,82.7699966430664,82.7699966430664,1056,0.0,0.0
2025-04-21 14:09:00-04:00,82.66500091552734,82.66500091552734,82.66500091552734,82.66500091552734,139,0.0,0.0
2025-04-21 14:10:00-04:00,82.80999755859375,82.80999755859375,82.80999755859375,82.80999755859375,489,0.0,0.0
2025-04-21 14:21:00-04:00,82.6500015258789,82.7300033569336,82.49500274658203,82.49500274658203,1701,0.0,0.0
2025-04-21 14:23:00-04:00,82.3499984741211,82.3499984741211,82.3499984741211,82.3499984741211,2078,0.0,0.0
2025-04-21 14:31:00-04:00,82.48999786376953,82.54000091552734,82.48999786376953,82.54000091552734,913,0.0,0.0
2025-04-21 14:47:00-04:00,82.36000061035156,82.36000061035156,82.36000061035156,82.36000061035156,371,0.0,0.0
2025-04-21 14:53:00-04:00,82.43000030517578,82.43000030517578,82.43000030517578,82.43000030517578,1204,0.0,0.0
2025-04-21 14:57:00-04:00,82.43000030517578,82.43000030517578,82.43000030517578,82.43000030517578,362,0.0,0.0
2025-04-21 15:00:00-04:00,82.51029968261719,82.51029968261719,82.51029968261719,82.51029968261719,135,0.0,0.0
2025-04-21 15:01:00-04:00,82.42500305175781,82.42500305175781,82.37000274658203,82.42500305175781,1534,0.0,0.0
2025-04-21 15:03:00-04:00,82.41999816894531,82.41999816894531,82.37999725341797,82.37999725341797,1155,0.0,0.0
2025-04-21 15:06:00-04:00,82.41500091552734,82.44400024414062,82.41000366210938,82.41000366210938,1205,0.0,0.0
2025-04-21 15:07:00-04:00,82.5,82.5199966430664,82.30999755859375,82.41000366210938,4359,0.0,0.0
2025-04-21 15:08:00-04:00,82.3550033569336,82.3550033569336,82.3550033569336,82.3550033569336,468,0.0,0.0
2025-04-21 15:11:00-04:00,82.4800033569336,82.51000213623047,82.4800033569336,82.51000213623047,723,0.0,0.0
2025-04-21 15:13:00-04:00,82.4800033569336,82.4800033569336,82.4800033569336,82.4800033569336,344,0.0,0.0
2025-04-21 15:14:00-04:00,82.54000091552734,82.58999633789062,82.54000091552734,82.58999633789062,514,0.0,0.0
2025-04-21 15:15:00-04:00,82.62000274658203,82.62999725341797,82.62000274658203,82.62999725341797,920,0.0,0.0
2025-04-21 15:22:00-04:00,82.80000305175781,82.93499755859375,82.80000305175781,82.93499755859375,895,0.0,0.0
2025-04-21 15:23:00-04:00,83.11000061035156,83.11000061035156,83.11000061035156,83.11000061035156,290,0.0,0.0
2025-04-21 15:25:00-04:00,83.11499786376953,83.11499786376953,83.11499786376953,83.11499786376953,247,0.0,0.0
2025-04-21 15:26:00-04:00,83.07499694824219,83.07499694824219,83.07499694824219,83.07499694824219,129,0.0,0.0
2025-04-21 15:27:00-04:00,83.09500122070312,83.0999984741211,83.09500122070312,83.0999984741211,502,0.0,0.0
2025-04-21 15:30:00-04:00,82.88099670410156,83.08000183105469,82.88099670410156,83.0199966430664,1768,0.0,0.0
2025-04-21 15:33:00-04:00,83.0199966430664,83.0199966430664,83.0199966430664,83.0199966430664,633,0.0,0.0
2025-04-21 15:34:00-04:00,83.01499938964844,83.01499938964844,83.01499938964844,83.01499938964844,587,0.0,0.0
2025-04-21 15:35:00-04:00,82.9000015258789,82.9000015258789,82.9000015258789,82.9000015258789,362,0.0,0.0
2025-04-21 15:37:00-04:00,82.9800033569336,82.9800033569336,82.96499633789062,82.96499633789062,1294,0.0,0.0
2025-04-21 15:38:00-04:00,82.9749984741211,82.9749984741211,82.9749984741211,82.9749984741211,201,0.0,0.0
2025-04-21 15:40:00-04:00,82.95500183105469,82.95500183105469,82.95500183105469,82.95500183105469,332,0.0,0.0
2025-04-21 15:41:00-04:00,82.86000061035156,82.86000061035156,82.86000061035156,82.86000061035156,116,0.0,0.0
2025-04-21 15:42:00-04:00,82.86000061035156,82.86000061035156,82.86000061035156,82.86000061035156,1519,0.0,0.0
2025-04-21 15:44:00-04:00,82.66000366210938,82.78500366210938,82.66000366210938,82.78500366210938,275,0.0,0.0
2025-04-21 15:45:00-04:00,82.63999938964844,82.66999816894531,82.63999938964844,82.66999816894531,298,0.0,0.0
2025-04-21 15:46:00-04:00,82.47000122070312,82.47000122070312,82.1500015258789,82.47000122070312,2003,0.0,0.0
2025-04-21 15:47:00-04:00,82.46499633789062,82.46499633789062,82.46499633789062,82.46499633789062,294,0.0,0.0
2025-04-21 15:49:00-04:00,82.51000213623047,82.77999877929688,82.23999786376953,82.6050033569336,2337,0.0,0.0
2025-04-21 15:50:00-04:00,82.54000091552734,82.54000091552734,82.54000091552734,82.54000091552734,443,0.0,0.0
2025-04-21 15:51:00-04:00,82.54000091552734,82.54000091552734,82.54000091552734,82.54000091552734,650,0.0,0.0
2025-04-21 15:52:00-04:00,82.83999633789062,82.83999633789062,82.55999755859375,82.55999755859375,651,0.0,0.0
2025-04-21 15:53:00-04:00,82.53500366210938,82.79000091552734,82.53500366210938,82.79000091552734,1068,0.0,0.0
2025-04-21 15:54:00-04:00,82.79000091552734,82.79000091552734,82.53500366210938,82.53500366210938,1106,0.0,0.0
2025-04-21 15:55:00-04:00,82.79000091552734,82.8550033569336,82.73999786376953,82.8550033569336,3361,0.0,0.0
2025-04-21 15:56:00-04:00,82.83499908447266,82.83499908447266,82.83499908447266,82.83499908447266,853,0.0,0.0
2025-04-21 15:57:00-04:00,82.86000061035156,83.04000091552734,82.86000061035156,82.97000122070312,2999,0.0,0.0
2025-04-21 15:58:00-04:00,82.75,82.95999908447266,82.72000122070312,82.95999908447266,2475,0.0,0.0
2025-04-21 15:59:00-04:00,82.90499877929688,82.93000030517578,82.68000030517578,82.93000030517578,10206,0.0,0.0
2025-04-22 09:30:00-04:00,83.87000274658203,83.87000274658203,83.74500274658203,83.74500274658203,2190,0.0,0.0
2025-04-22 09:32:00-04:00,83.0199966430664,83.41999816894531,83.0,83.30000305175781,2709,0.0,0.0
2025-04-22 09:33:00-04:00,83.72000122070312,83.72000122070312,82.94999694824219,82.94999694824219,288,0.0,0.0
2025-04-22 09:38:00-04:00,83.66500091552734,83.66500091552734,83.66500091552734,83.66500091552734,164,0.0,0.0
2025-04-22 09:40:00-04:00,83.66500091552734,83.66500091552734,83.66500091552734,83.66500091552734,189,0.0,0.0
2025-04-22 09:43:00-04:00,84.31999969482422,84.31999969482422,84.31999969482422,84.31999969482422,130,0.0,0.0
2025-04-22 09:45:00-04:00,83.75,83.75,83.75,83.75,215,0.0,0.0
2025-04-22 09:49:00-04:00,83.66500091552734,83.66500091552734,83.66500091552734,83.66500091552734,113,0.0,0.0
2025-04-22 09:50:00-04:00,83.66500091552734,83.66500091552734,83.66500091552734,83.66500091552734,266,0.0,0.0
2025-04-22 09:54:00-04:00,83.61000061035156,83.67500305175781,83.61000061035156,83.67500305175781,919,0.0,0.0
2025-04-22 09:55:00-04:00,84.4800033569336,84.4800033569336,84.4800033569336,84.4800033569336,270,0.0,0.0
2025-04-22 10:02:00-04:00,83.76499938964844,84.48999786376953,83.76499938964844,84.48999786376953,587,0.0,0.0
2025-04-22 10:05:00-04:00,83.68499755859375,83.68499755859375,83.68499755859375,83.68499755859375,146,0.0,0.0
2025-04-22 10:07:00-04:00,84.48999786376953,84.48999786376953,83.76499938964844,83.76499938964844,1623,0.0,0.0
2025-04-22 10:09:00-04:00,83.5199966430664,83.7699966430664,83.30000305175781,83.7699966430664,927,0.0,0.0
2025-04-22 10:11:00-04:00,84.1697998046875,84.1697998046875,84.0199966430664,84.0199966430664,424,0.0,0.0
2025-04-22 10:12:00-04:00,83.55999755859375,83.55999755859375,83.55000305175781,83.55000305175781,1015,0.0,0.0
2025-04-22 10:13:00-04:00,83.44499969482422,83.875,83.31749725341797,83.49500274658203,20110,0.0,0.0
2025-04-22 10:16:00-04:00,83.33999633789062,83.33999633789062,83.33999633789062,83.33999633789062,692,0.0,0.0
2025-04-22 10:19:00-04:00,83.54499816894531,83.54499816894531,83.54499816894531,83.54499816894531,1113,0.0,0.0
2025-04-22 10:22:00-04:00,83.2699966430664,83.2699966430664,83.2699966430664,83.2699966430664,459,0.0,0.0
2025-04-22 10:23:00-04:00,83.57499694824219,83.57499694824219,83.57499694824219,83.57499694824219,464,0.0,0.0
2025-04-22 10:25:00-04:00,83.2300033569336,83.25,83.2300033569336,83.25,822,0.0,0.0
2025-04-22 10:28:00-04:00,83.2300033569336,83.2300033569336,83.22000122070312,83.22000122070312,2362,0.0,0.0
2025-04-22 10:33:00-04:00,83.5999984741211,83.5999984741211,83.5999984741211,83.5999984741211,841,0.0,0.0
2025-04-22 10:34:00-04:00,83.63999938964844,83.63999938964844,83.63999938964844,83.63999938964844,1038,0.0,0.0
2025-04-22 10:38:00-04:00,83.81500244140625,83.81500244140625,83.81500244140625,83.81500244140625,545,0.0,0.0
2025-04-22 10:39:00-04:00,83.81500244140625,83.91000366210938,83.81500244140625,83.91000366210938,2827,0.0,0.0
2025-04-22 10:41:00-04:00,83.87999725341797,83.88500213623047,83.62999725341797,83.62999725341797,2382,0.0,0.0
2025-04-22 10:43:00-04:00,83.62999725341797,83.62999725341797,83.62999725341797,83.62999725341797,305,0.0,0.0
2025-04-22 10:45:00-04:00,83.5999984741211,83.84500122070312,83.58999633789062,83.58999633789062,652,0.0,0.0
2025-04-22 10:46:00-04:00,83.58000183105469,83.58000183105469,83.58000183105469,83.58000183105469,158,0.0,0.0
2025-04-22 10:47:00-04:00,83.58999633789062,83.58999633789062,83.58999633789062,83.58999633789062,119,0.0,0.0
2025-04-22 10:48:00-04:00,83.58000183105469,83.58000183105469,83.55999755859375,83.55999755859375,641,0.0,0.0
2025-04-22 10:49:00-04:00,83.55999755859375,83.55999755859375,83.55999755859375,83.55999755859375,103,0.0,0.0
2025-04-22 10:50:00-04:00,83.83000183105469,83.83000183105469,83.56999969482422,83.56999969482422,369,0.0,0.0
2025-04-22 10:51:00-04:00,83.83000183105469,83.83000183105469,83.83000183105469,83.83000183105469,655,0.0,0.0
2025-04-22 10:52:00-04:00,83.41999816894531,83.41999816894531,83.41999816894531,83.41999816894531,1384,0.0,0.0
2025-04-22 10:56:00-04:00,83.66000366210938,83.66000366210938,83.54000091552734,83.66000366210938,961,0.0,0.0
2025-04-22 10:58:00-04:00,83.74500274658203,83.74500274658203,83.74500274658203,83.74500274658203,649,0.0,0.0
2025-04-22 10:59:00-04:00,83.66999816894531,83.66999816894531,83.66999816894531,83.66999816894531,108,0.0,0.0
2025-04-22 11:00:00-04:00,83.66999816894531,83.8550033569336,83.66999816894531,83.8550033569336,785,0.0,0.0
2025-04-22 11:01:00-04:00,83.94000244140625,83.94000244140625,83.91500091552734,83.91500091552734,437,0.0,0.0
2025-04-22 11:02:00-04:00,84.11000061035156,84.13999938964844,83.95500183105469,84.13999938964844,1884,0.0,0.0
2025-04-22 11:03:00-04:00,84.20999908447266,84.24250030517578,84.18499755859375,84.18499755859375,982,0.0,0.0
2025-04-22 11:04:00-04:00,84.1500015258789,84.20999908447266,84.11000061035156,84.20999908447266,847,0.0,0.0
2025-04-22 11:05:00-04:00,84.26000213623047,84.26000213623047,84.21499633789062,84.21499633789062,553,0.0,0.0
2025-04-22 11:06:00-04:00,84.29000091552734,84.29000091552734,84.29000091552734,84.29000091552734,121,0.0,0.0
2025-04-22 11:07:00-04:00,84.21499633789062,84.25,84.21499633789062,84.25,1019,0.0,0.0
2025-04-22 11:08:00-04:00,84.25,84.25,84.25,84.25,483,0.0,0.0
2025-04-22 11:10:00-04:00,84.2750015258789,84.2750015258789,84.2750015258789,84.2750015258789,249,0.0,0.0
2025-04-22 11:11:00-04:00,84.2750015258789,84.33999633789062,84.2750015258789,84.33999633789062,1141,0.0,0.0
2025-04-22 11:12:00-04:00,84.4800033569336,84.57499694824219,84.33999633789062,84.57499694824219,1850,0.0,0.0
2025-04-22 11:13:00-04:00,84.47000122070312,84.51000213623047,84.47000122070312,84.51000213623047,291,0.0,0.0
2025-04-22 11:14:00-04:00,84.54499816894531,84.54499816894531,84.54499816894531,84.54499816894531,940,0.0,0.0
2025-04-22 11:15:00-04:00,84.41999816894531,84.43000030517578,84.30999755859375,84.30999755859375,884,0.0,0.0
2025-04-22 11:18:00-04:00,84.37000274658203,84.37000274658203,84.37000274658203,84.37000274658203,154,0.0,0.0
2025-04-22 11:20:00-04:00,84.37000274658203,84.37000274658203,84.37000274658203,84.37000274658203,207,0.0,0.0
2025-04-22 11:22:00-04:00,84.375,84.375,84.375,84.375,428,0.0,0.0
2025-04-22 11:23:00-04:00,84.375,84.375,84.375,84.375,114,0.0,0.0
2025-04-22 11:24:00-04:00,84.375,84.375,84.375,84.375,101,0.0,0.0
2025-04-22 11:26:00-04:00,84.375,84.375,84.375,84.375,109,0.0,0.0
2025-04-22 11:27:00-04:00,84.375,84.375,84.375,84.375,207,0.0,0.0
2025-04-22 11:28:00-04:00,84.4800033569336,84.4800033569336,84.47000122070312,84.47000122070312,227,0.0,0.0
2025-04-22 11:29:00-04:00,84.47000122070312,84.47000122070312,84.47000122070312,84.47000122070312,106,0.0,0.0
2025-04-22 11:30:00-04:00,84.41000366210938,84.47000122070312,84.41000366210938,84.47000122070312,440,0.0,0.0
2025-04-22 11:33:00-04:00,84.46499633789062,84.46499633789062,84.46499633789062,84.46499633789062,598,0.0,0.0
2025-04-22 11:34:00-04:00,84.45500183105469,84.45500183105469,84.45500183105469,84.45500183105469,844,0.0,0.0
2025-04-22 11:36:00-04:00,84.37000274658203,84.37000274658203,84.2699966430664,84.2699966430664,1447,0.0,0.0
2025-04-22 11:38:00-04:00,84.38999938964844,84.38999938964844,84.38999938964844,84.38999938964844,313,0.0,0.0
2025-04-22 11:39:00-04:00,84.2300033569336,84.2300033569336,84.1449966430664,84.1449966430664,958,0.0,0.0
2025-04-22 11:40:00-04:00,83.81999969482422,83.81999969482422,83.81999969482422,83.81999969482422,908,0.0,0.0
2025-04-22 11:43:00-04:00,83.51000213623047,83.56500244140625,83.16999816894531,83.3499984741211,2106,0.0,0.0
2025-04-22 11:44:00-04:00,83.52999877929688,83.52999877929688,83.19999694824219,83.19999694824219,302,0.0,0.0
2025-04-22 11:45:00-04:00,83.19000244140625,83.48999786376953,83.19000244140625,83.33000183105469,985,0.0,0.0
2025-04-22 11:46:00-04:00,83.19999694824219,83.19999694824219,83.19999694824219,83.19999694824219,229,0.0,0.0
2025-04-22 11:47:00-04:00,83.48999786376953,83.48999786376953,83.19999694824219,83.48999786376953,759,0.0,0.0
2025-04-22 11:48:00-04:00,83.33499908447266,83.48999786376953,83.33499908447266,83.48999786376953,1206,0.0,0.0
2025-04-22 11:49:00-04:00,83.48999786376953,83.48999786376953,83.44000244140625,83.44000244140625,751,0.0,0.0
2025-04-22 11:50:00-04:00,83.19999694824219,83.48999786376953,83.19999694824219,83.19999694824219,809,0.0,0.0
2025-04-22 11:51:00-04:00,83.48999786376953,83.48999786376953,83.48999786376953,83.48999786376953,951,0.0,0.0
2025-04-22 11:52:00-04:00,83.48999786376953,83.48999786376953,83.36000061035156,83.36000061035156,1828,0.0,0.0
2025-04-22 11:53:00-04:00,83.80000305175781,83.83000183105469,83.5999984741211,83.62000274658203,2171,0.0,0.0
2025-04-22 11:56:00-04:00,83.62999725341797,83.87999725341797,83.62999725341797,83.87999725341797,1301,0.0,0.0
2025-04-22 11:57:00-04:00,83.70999908447266,83.7750015258789,83.6500015258789,83.7750015258789,1497,0.0,0.0
2025-04-22 11:58:00-04:00,83.94999694824219,83.94999694824219,83.91000366210938,83.91000366210938,422,0.0,0.0
2025-04-22 12:00:00-04:00,84.2300033569336,84.2300033569336,84.0,84.20500183105469,1958,0.0,0.0
2025-04-22 12:01:00-04:00,84.08999633789062,84.12999725341797,84.03500366210938,84.12999725341797,746,0.0,0.0
2025-04-22 12:02:00-04:00,84.16000366210938,84.16000366210938,84.16000366210938,84.16000366210938,114,0.0,0.0
2025-04-22 12:03:00-04:00,84.12000274658203,84.12000274658203,84.12000274658203,84.12000274658203,207,0.0,0.0
2025-04-22 12:05:00-04:00,84.0199966430664,84.19499969482422,84.0199966430664,84.19499969482422,387,0.0,0.0
2025-04-22 12:10:00-04:00,84.19499969482422,84.19499969482422,84.19499969482422,84.19499969482422,269,0.0,0.0
2025-04-22 12:13:00-04:00,84.16999816894531,84.16999816894531,84.16999816894531,84.16999816894531,135,0.0,0.0
2025-04-22 12:15:00-04:00,84.16999816894531,84.16999816894531,84.16999816894531,84.16999816894531,509,0.0,0.0
2025-04-22 12:16:00-04:00,84.01000213623047,84.13999938964844,84.01000213623047,84.04000091552734,961,0.0,0.0
2025-04-22 12:21:00-04:00,84.1050033569336,84.1050033569336,84.1050033569336,84.1050033569336,213,0.0,0.0
2025-04-22 12:22:00-04:00,84.125,84.125,84.125,84.125,273,0.0,0.0
2025-04-22 12:24:00-04:00,84.1500015258789,84.16999816894531,84.0250015258789,84.0250015258789,2091,0.0,0.0
2025-04-22 12:25:00-04:00,84.01000213623047,84.0199966430664,84.01000213623047,84.0199966430664,401,0.0,0.0
2025-04-22 12:28:00-04:00,84.0250015258789,84.0250015258789,84.0250015258789,84.0250015258789,373,0.0,0.0
2025-04-22 12:29:00-04:00,84.0,84.15499877929688,83.98999786376953,84.15499877929688,1900,0.0,0.0
2025-04-22 12:33:00-04:00,83.99500274658203,84.04000091552734,83.9800033569336,84.0199966430664,702,0.0,0.0
2025-04-22 12:34:00-04:00,84.0,84.0250015258789,83.94000244140625,83.96499633789062,1396,0.0,0.0
2025-04-22 12:36:00-04:00,84.0250015258789,84.13999938964844,84.0250015258789,84.13999938964844,3090,0.0,0.0
2025-04-22 12:42:00-04:00,84.21499633789062,84.21499633789062,84.21499633789062,84.21499633789062,321,0.0,0.0
2025-04-22 12:43:00-04:00,84.37999725341797,84.37999725341797,84.37999725341797,84.37999725341797,224,0.0,0.0
2025-04-22 12:44:00-04:00,84.4000015258789,84.4000015258789,84.16000366210938,84.16000366210938,238,0.0,0.0
2025-04-22 12:45:00-04:00,84.27999877929688,84.27999877929688,84.27999877929688,84.27999877929688,189,0.0,0.0
2025-04-22 12:46:00-04:00,84.2750015258789,84.2750015258789,84.2750015258789,84.2750015258789,280,0.0,0.0
2025-04-22 12:52:00-04:00,84.36000061035156,84.41500091552734,84.36000061035156,84.4124984741211,1891,0.0,0.0
2025-04-22 12:53:00-04:00,84.43000030517578,84.43000030517578,84.43000030517578,84.43000030517578,196,0.0,0.0
2025-04-22 12:55:00-04:00,84.55999755859375,84.55999755859375,84.55999755859375,84.55999755859375,334,0.0,0.0
2025-04-22 12:56:00-04:00,84.47000122070312,84.48999786376953,84.47000122070312,84.47000122070312,1334,0.0,0.0
2025-04-22 12:58:00-04:00,84.31999969482422,84.41999816894531,84.31999969482422,84.41999816894531,832,0.0,0.0
2025-04-22 13:15:00-04:00,83.9000015258789,83.9000015258789,83.9000015258789,83.9000015258789,528,0.0,0.0
2025-04-22 13:17:00-04:00,83.68000030517578,83.68000030517578,83.68000030517578,83.68000030517578,236,0.0,0.0
2025-04-22 13:20:00-04:00,83.52999877929688,83.52999877929688,83.52999877929688,83.52999877929688,128,0.0,0.0
2025-04-22 13:21:00-04:00,83.5250015258789,83.5250015258789,83.5250015258789,83.5250015258789,607,0.0,0.0
2025-04-22 13:32:00-04:00,83.33000183105469,83.33000183105469,83.33000183105469,83.33000183105469,183,0.0,0.0
2025-04-22 13:37:00-04:00,83.69999694824219,83.69999694824219,83.69999694824219,83.69999694824219,218,0.0,0.0
2025-04-22 13:40:00-04:00,83.59500122070312,83.88999938964844,83.59500122070312,83.8499984741211,12387,0.0,0.0
2025-04-22 13:41:00-04:00,83.59500122070312,83.59500122070312,83.59500122070312,83.59500122070312,179,0.0,0.0
2025-04-22 13:43:00-04:00,83.59500122070312,83.59500122070312,83.59500122070312,83.59500122070312,126,0.0,0.0
2025-04-22 13:44:00-04:00,83.83000183105469,83.83000183105469,83.83000183105469,83.83000183105469,187,0.0,0.0
2025-04-22 13:48:00-04:00,83.83000183105469,83.83000183105469,83.83000183105469,83.83000183105469,330,0.0,0.0
2025-04-22 13:53:00-04:00,83.87999725341797,83.87999725341797,83.87999725341797,83.87999725341797,432,0.0,0.0
2025-04-22 14:00:00-04:00,83.8499984741211,83.8499984741211,83.8499984741211,83.8499984741211,146,0.0,0.0
2025-04-22 14:02:00-04:00,83.79000091552734,83.79000091552734,83.68000030517578,83.68000030517578,1213,0.0,0.0
2025-04-22 14:06:00-04:00,83.86000061035156,83.86000061035156,83.69999694824219,83.69999694824219,1229,0.0,0.0
2025-04-22 14:10:00-04:00,83.6500015258789,83.6500015258789,83.6500015258789,83.6500015258789,239,0.0,0.0
2025-04-22 14:13:00-04:00,83.6500015258789,83.6500015258789,83.6500015258789,83.6500015258789,470,0.0,0.0
2025-04-22 14:18:00-04:00,83.61000061035156,83.62000274658203,83.58999633789062,83.62000274658203,1492,0.0,0.0
2025-04-22 14:21:00-04:00,83.63500213623047,83.63500213623047,83.63500213623047,83.63500213623047,333,0.0,0.0
2025-04-22 14:29:00-04:00,83.72000122070312,83.72000122070312,83.72000122070312,83.72000122070312,100,0.0,0.0
2025-04-22 14:30:00-04:00,83.70999908447266,83.70999908447266,83.70999908447266,83.70999908447266,946,0.0,0.0
2025-04-22 14:33:00-04:00,83.7699966430664,83.87000274658203,83.7699966430664,83.87000274658203,988,0.0,0.0
2025-04-22 14:39:00-04:00,83.79000091552734,83.79000091552734,83.79000091552734,83.79000091552734,262,0.0,0.0
2025-04-22 14:40:00-04:00,83.79000091552734,83.79000091552734,83.79000091552734,83.79000091552734,1321,0.0,0.0
2025-04-22 14:43:00-04:00,83.83000183105469,83.88999938964844,83.83000183105469,83.83000183105469,1543,0.0,0.0
2025-04-22 14:44:00-04:00,83.77999877929688,83.77999877929688,83.76000213623047,83.76000213623047,1266,0.0,0.0
2025-04-22 14:48:00-04:00,83.68499755859375,83.68499755859375,83.68499755859375,83.68499755859375,512,0.0,0.0
2025-04-22 14:55:00-04:00,83.81999969482422,83.81999969482422,83.81999969482422,83.81999969482422,640,0.0,0.0
2025-04-22 15:00:00-04:00,83.76000213623047,83.76000213623047,83.76000213623047,83.76000213623047,161,0.0,0.0
2025-04-22 15:03:00-04:00,83.66000366210938,83.66000366210938,83.66000366210938,83.66000366210938,409,0.0,0.0
2025-04-22 15:05:00-04:00,83.72000122070312,83.72000122070312,83.72000122070312,83.72000122070312,558,0.0,0.0
2025-04-22 15:09:00-04:00,83.71499633789062,83.71499633789062,83.71499633789062,83.71499633789062,960,0.0,0.0
2025-04-22 15:19:00-04:00,83.79000091552734,83.79000091552734,83.79000091552734,83.79000091552734,1721,0.0,0.0
2025-04-22 15:22:00-04:00,83.69999694824219,83.69999694824219,83.69999694824219,83.69999694824219,196,0.0,0.0
2025-04-22 15:23:00-04:00,83.7300033569336,83.78500366210938,83.7300033569336,83.78500366210938,298,0.0,0.0
2025-04-22 15:24:00-04:00,83.79000091552734,83.79000091552734,83.79000091552734,83.79000091552734,394,0.0,0.0
2025-04-22 15:28:00-04:00,83.75,83.75,83.75,83.75,714,0.0,0.0
2025-04-22 15:29:00-04:00,83.7300033569336,83.7300033569336,83.7300033569336,83.7300033569336,595,0.0,0.0
2025-04-22 15:32:00-04:00,83.80500030517578,83.80500030517578,83.80500030517578,83.80500030517578,503,0.0,0.0
2025-04-22 15:33:00-04:00,83.87000274658203,83.9000015258789,83.81999969482422,83.9000015258789,3688,0.0,0.0
2025-04-22 15:34:00-04:00,83.90499877929688,83.93499755859375,83.90499877929688,83.93499755859375,484,0.0,0.0
2025-04-22 15:35:00-04:00,83.95999908447266,83.95999908447266,83.95999908447266,83.95999908447266,420,0.0,0.0
2025-04-22 15:36:00-04:00,83.9800033569336,83.9800033569336,83.88999938964844,83.88999938964844,544,0.0,0.0
2025-04-22 15:37:00-04:00,83.95999908447266,83.95999908447266,83.95999908447266,83.95999908447266,640,0.0,0.0
2025-04-22 15:38:00-04:00,83.87999725341797,83.8949966430664,83.87999725341797,83.87999725341797,566,0.0,0.0
2025-04-22 15:40:00-04:00,83.88500213623047,83.88500213623047,83.83000183105469,83.83000183105469,1208,0.0,0.0
2025-04-22 15:41:00-04:00,83.83499908447266,83.88999938964844,83.83499908447266,83.88999938964844,2045,0.0,0.0
2025-04-22 15:42:00-04:00,83.8499984741211,83.9000015258789,83.8499984741211,83.8499984741211,1922,0.0,0.0
2025-04-22 15:43:00-04:00,83.98999786376953,83.98999786376953,83.98999786376953,83.98999786376953,1343,0.0,0.0
2025-04-22 15:44:00-04:00,84.20999908447266,84.20999908447266,84.20999908447266,84.20999908447266,131,0.0,0.0
2025-04-22 15:45:00-04:00,84.3499984741211,84.38999938964844,84.3499984741211,84.38999938964844,462,0.0,0.0
2025-04-22 15:46:00-04:00,84.45999908447266,84.51499938964844,84.37999725341797,84.51499938964844,2219,0.0,0.0
2025-04-22 15:47:00-04:00,84.43000030517578,84.4800033569336,84.43000030517578,84.4800033569336,1935,0.0,0.0
2025-04-22 15:48:00-04:00,84.54000091552734,84.63999938964844,84.54000091552734,84.63999938964844,603,0.0,0.0
2025-04-22 15:49:00-04:00,84.66999816894531,84.66999816894531,84.66999816894531,84.66999816894531,116,0.0,0.0
2025-04-22 15:50:00-04:00,84.66999816894531,84.69999694824219,84.58000183105469,84.66999816894531,2296,0.0,0.0
2025-04-22 15:51:00-04:00,84.5999984741211,84.66500091552734,84.5999984741211,84.66500091552734,1751,0.0,0.0
2025-04-22 15:52:00-04:00,84.63999938964844,84.63999938964844,84.63999938964844,84.63999938964844,667,0.0,0.0
2025-04-22 15:53:00-04:00,84.63999938964844,84.63999938964844,84.62999725341797,84.63999938964844,675,0.0,0.0
2025-04-22 15:54:00-04:00,84.6449966430664,84.75499725341797,84.55000305175781,84.55999755859375,6416,0.0,0.0
2025-04-22 15:55:00-04:00,84.45999908447266,84.57499694824219,84.41999816894531,84.41999816894531,1559,0.0,0.0
2025-04-22 15:56:00-04:00,84.55000305175781,84.55000305175781,84.30999755859375,84.33000183105469,1530,0.0,0.0
2025-04-22 15:57:00-04:00,84.4800033569336,84.4800033569336,84.30999755859375,84.43000030517578,4385,0.0,0.0
2025-04-22 15:58:00-04:00,84.33000183105469,84.42500305175781,84.12999725341797,84.1500015258789,4815,0.0,0.0
2025-04-22 15:59:00-04:00,84.1500015258789,84.26000213623047,84.0,84.18000030517578,10060,0.0,0.0
2025-04-23 09:30:00-04:00,84.80999755859375,84.92739868164062,84.80999755859375,84.92739868164062,1785,0.0,0.0
2025-04-23 09:31:00-04:00,85.29000091552734,85.29000091552734,85.0999984741211,85.0999984741211,1405,0.0,0.0
2025-04-23 09:32:00-04:00,84.62999725341797,84.62999725341797,84.62999725341797,84.62999725341797,266,0.0,0.0
2025-04-23 09:33:00-04:00,84.56999969482422,85.2699966430664,84.56999969482422,85.2699966430664,824,0.0,0.0
2025-04-23 09:36:00-04:00,84.51000213623047,84.51000213623047,84.51000213623047,84.51000213623047,348,0.0,0.0
2025-04-23 09:40:00-04:00,84.93499755859375,84.93499755859375,84.93499755859375,84.93499755859375,125,0.0,0.0
2025-04-23 09:42:00-04:00,84.41000366210938,84.41000366210938,84.41000366210938,84.41000366210938,266,0.0,0.0
2025-04-23 09:49:00-04:00,84.81500244140625,84.81500244140625,84.81500244140625,84.81500244140625,115,0.0,0.0
2025-04-23 09:51:00-04:00,84.79499816894531,84.79499816894531,84.79499816894531,84.79499816894531,132,0.0,0.0
2025-04-23 09:54:00-04:00,84.70999908447266,84.70999908447266,84.70999908447266,84.70999908447266,221,0.0,0.0
2025-04-23 09:59:00-04:00,84.63999938964844,84.63999938964844,84.63999938964844,84.63999938964844,468,0.0,0.0
2025-04-23 10:01:00-04:00,84.62000274658203,84.62999725341797,84.62000274658203,84.62999725341797,1405,0.0,0.0
2025-04-23 10:05:00-04:00,84.69999694824219,84.69999694824219,84.69999694824219,84.69999694824219,332,0.0,0.0
2025-04-23 10:09:00-04:00,85.41000366210938,85.41000366210938,85.41000366210938,85.41000366210938,457,0.0,0.0
2025-04-23 10:13:00-04:00,84.94499969482422,84.94499969482422,84.5,84.5,513,0.0,0.0
2025-04-23 10:15:00-04:00,84.4800033569336,84.55999755859375,84.4800033569336,84.5,965,0.0,0.0
2025-04-23 10:18:00-04:00,84.4800033569336,84.4800033569336,84.4800033569336,84.4800033569336,653,0.0,0.0
2025-04-23 10:20:00-04:00,84.5199966430664,84.5199966430664,84.5199966430664,84.5199966430664,217,0.0,0.0
2025-04-23 10:21:00-04:00,84.45999908447266,84.45999908447266,84.45999908447266,84.45999908447266,228,0.0,0.0
2025-04-23 10:28:00-04:00,84.63500213623047,84.63500213623047,84.63500213623047,84.63500213623047,813,0.0,0.0
2025-04-23 10:38:00-04:00,84.7300033569336,84.7300033569336,84.7300033569336,84.7300033569336,335,0.0,0.0
2025-04-23 10:42:00-04:00,84.7249984741211,84.7249984741211,84.7249984741211,84.7249984741211,741,0.0,0.0
2025-04-23 10:57:00-04:00,84.86000061035156,84.86000061035156,84.86000061035156,84.86000061035156,291,0.0,0.0
2025-04-23 10:58:00-04:00,84.69999694824219,84.69999694824219,84.69999694824219,84.69999694824219,506,0.0,0.0
2025-04-23 10:59:00-04:00,84.61000061035156,84.73500061035156,84.61000061035156,84.73500061035156,414,0.0,0.0
2025-04-23 11:00:00-04:00,84.44999694824219,84.54000091552734,84.44000244140625,84.54000091552734,790,0.0,0.0
2025-04-23 11:01:00-04:00,84.7300033569336,84.7300033569336,84.7300033569336,84.7300033569336,319,0.0,0.0
2025-04-23 11:02:00-04:00,84.69000244140625,84.69000244140625,84.69000244140625,84.69000244140625,834,0.0,0.0
2025-04-23 11:09:00-04:00,84.54499816894531,84.54499816894531,84.54499816894531,84.54499816894531,538,0.0,0.0
2025-04-23 11:11:00-04:00,84.45999908447266,84.45999908447266,84.45999908447266,84.45999908447266,273,0.0,0.0
2025-04-23 11:16:00-04:00,84.5,84.5199966430664,84.5,84.5199966430664,1573,0.0,0.0
2025-04-23 11:23:00-04:00,84.42500305175781,84.43000030517578,84.26000213623047,84.26000213623047,1240,0.0,0.0
2025-04-23 11:28:00-04:00,84.23999786376953,84.23999786376953,84.23999786376953,84.23999786376953,255,0.0,0.0
2025-04-23 11:35:00-04:00,84.51000213623047,84.55500030517578,84.26000213623047,84.41000366210938,2460,0.0,0.0
2025-04-23 11:36:00-04:00,84.4749984741211,84.5199966430664,84.3499984741211,84.3499984741211,2915,0.0,0.0
2025-04-23 11:40:00-04:00,84.41500091552734,84.41500091552734,84.41500091552734,84.41500091552734,1214,0.0,0.0
2025-04-23 11:41:00-04:00,84.51000213623047,84.51000213623047,84.51000213623047,84.51000213623047,217,0.0,0.0
2025-04-23 11:43:00-04:00,84.73999786376953,84.7699966430664,84.73999786376953,84.7699966430664,550,0.0,0.0
2025-04-23 11:45:00-04:00,84.80999755859375,84.80999755859375,84.80999755859375,84.80999755859375,372,0.0,0.0
2025-04-23 11:46:00-04:00,84.81999969482422,84.81999969482422,84.76000213623047,84.77999877929688,658,0.0,0.0
2025-04-23 11:49:00-04:00,84.7699966430664,84.7699966430664,84.7699966430664,84.7699966430664,356,0.0,0.0
2025-04-23 11:50:00-04:00,84.80999755859375,84.87999725341797,84.75,84.80000305175781,1007,0.0,0.0
2025-04-23 11:55:00-04:00,84.78359985351562,84.78359985351562,84.78359985351562,84.78359985351562,657,0.0,0.0
2025-04-23 11:57:00-04:00,84.93499755859375,84.93499755859375,84.93499755859375,84.93499755859375,841,0.0,0.0
2025-04-23 12:01:00-04:00,84.83999633789062,84.83999633789062,84.83999633789062,84.83999633789062,843,0.0,0.0
2025-04-23 12:07:00-04:00,84.84500122070312,84.84500122070312,84.84500122070312,84.84500122070312,393,0.0,0.0
2025-04-23 12:12:00-04:00,84.84500122070312,84.84500122070312,84.84500122070312,84.84500122070312,171,0.0,0.0
2025-04-23 12:15:00-04:00,84.84500122070312,84.84500122070312,84.4800033569336,84.4800033569336,2409,0.0,0.0
2025-04-23 12:18:00-04:00,84.2699966430664,84.2699966430664,84.2699966430664,84.2699966430664,461,0.0,0.0
2025-04-23 12:19:00-04:00,84.16000366210938,84.16000366210938,84.16000366210938,84.16000366210938,296,0.0,0.0
2025-04-23 12:20:00-04:00,84.30999755859375,84.30999755859375,84.30999755859375,84.30999755859375,1465,0.0,0.0
2025-04-23 12:29:00-04:00,84.55000305175781,84.55000305175781,84.55000305175781,84.55000305175781,192,0.0,0.0
2025-04-23 12:30:00-04:00,84.51000213623047,84.51000213623047,84.26000213623047,84.26000213623047,947,0.0,0.0
2025-04-23 12:32:00-04:00,84.26000213623047,84.26000213623047,84.26000213623047,84.26000213623047,256,0.0,0.0
2025-04-23 12:35:00-04:00,84.41000366210938,84.43499755859375,84.41000366210938,84.43499755859375,2042,0.0,0.0
2025-04-23 12:37:00-04:00,84.62000274658203,84.66000366210938,84.62000274658203,84.66000366210938,363,0.0,0.0
2025-04-23 12:40:00-04:00,84.6447982788086,84.6447982788086,84.61000061035156,84.61000061035156,654,0.0,0.0
2025-04-23 12:46:00-04:00,84.50499725341797,84.50499725341797,84.50499725341797,84.50499725341797,2305,0.0,0.0
2025-04-23 12:48:00-04:00,84.69000244140625,84.69000244140625,84.69000244140625,84.69000244140625,269,0.0,0.0
2025-04-23 12:53:00-04:00,84.69000244140625,84.69000244140625,84.45999908447266,84.45999908447266,854,0.0,0.0
2025-04-23 12:57:00-04:00,84.69000244140625,84.69000244140625,84.69000244140625,84.69000244140625,512,0.0,0.0
2025-04-23 13:00:00-04:00,84.52999877929688,84.7300033569336,84.52999877929688,84.7300033569336,2102,0.0,0.0
2025-04-23 13:02:00-04:00,84.9000015258789,84.9000015258789,84.9000015258789,84.9000015258789,1146,0.0,0.0
2025-04-23 13:10:00-04:00,85.16000366210938,85.16000366210938,85.16000366210938,85.16000366210938,276,0.0,0.0
2025-04-23 13:14:00-04:00,85.16000366210938,85.16000366210938,85.16000366210938,85.16000366210938,126,0.0,0.0
2025-04-23 13:19:00-04:00,85.16000366210938,85.16000366210938,85.16000366210938,85.16000366210938,179,0.0,0.0
2025-04-23 13:23:00-04:00,85.16000366210938,85.16000366210938,85.16000366210938,85.16000366210938,499,0.0,0.0
2025-04-23 13:32:00-04:00,85.16000366210938,85.16000366210938,85.16000366210938,85.16000366210938,261,0.0,0.0
2025-04-23 13:35:00-04:00,84.9583969116211,85.08999633789062,84.9583969116211,85.08999633789062,561,0.0,0.0
2025-04-23 13:36:00-04:00,85.16000366210938,85.16000366210938,85.16000366210938,85.16000366210938,321,0.0,0.0
2025-04-23 13:39:00-04:00,85.0250015258789,85.0250015258789,85.0250015258789,85.0250015258789,450,0.0,0.0
2025-04-23 13:45:00-04:00,85.16000366210938,85.16000366210938,84.94999694824219,84.95999908447266,2474,0.0,0.0
2025-04-23 13:46:00-04:00,84.91000366210938,84.91000366210938,84.91000366210938,84.91000366210938,136,0.0,0.0
2025-04-23 13:47:00-04:00,84.77999877929688,84.77999877929688,84.70500183105469,84.70500183105469,1372,0.0,0.0
2025-04-23 13:53:00-04:00,84.68209838867188,84.68209838867188,84.68209838867188,84.68209838867188,750,0.0,0.0
2025-04-23 14:03:00-04:00,84.91000366210938,84.91000366210938,84.63999938964844,84.63999938964844,740,0.0,0.0
2025-04-23 14:10:00-04:00,84.70500183105469,84.70500183105469,84.70500183105469,84.70500183105469,253,0.0,0.0
2025-04-23 14:12:00-04:00,84.54100036621094,84.69499969482422,84.54100036621094,84.69499969482422,412,0.0,0.0
2025-04-23 14:14:00-04:00,84.5,84.56999969482422,84.5,84.56999969482422,907,0.0,0.0
2025-04-23 14:17:00-04:00,84.48500061035156,84.48500061035156,84.22000122070312,84.22000122070312,446,0.0,0.0
2025-04-23 14:18:00-04:00,84.22000122070312,84.22000122070312,84.22000122070312,84.22000122070312,327,0.0,0.0
2025-04-23 14:19:00-04:00,84.25,84.25,84.25,84.25,150,0.0,0.0
2025-04-23 14:20:00-04:00,84.22000122070312,84.22000122070312,84.22000122070312,84.22000122070312,849,0.0,0.0
2025-04-23 14:29:00-04:00,84.41999816894531,84.41999816894531,84.41999816894531,84.41999816894531,730,0.0,0.0
2025-04-23 14:33:00-04:00,84.55000305175781,84.55000305175781,84.55000305175781,84.55000305175781,269,0.0,0.0
2025-04-23 14:37:00-04:00,84.52999877929688,84.52999877929688,84.52999877929688,84.52999877929688,270,0.0,0.0
2025-04-23 14:39:00-04:00,84.61499786376953,84.61499786376953,84.61499786376953,84.61499786376953,468,0.0,0.0
2025-04-23 14:40:00-04:00,84.61499786376953,84.61499786376953,84.44999694824219,84.51000213623047,2415,0.0,0.0
2025-04-23 14:53:00-04:00,84.08000183105469,84.08000183105469,84.0,84.0250015258789,1473,0.0,0.0
2025-04-23 14:54:00-04:00,83.88999938964844,83.88999938964844,83.88999938964844,83.88999938964844,124,0.0,0.0
2025-04-23 14:57:00-04:00,83.67009735107422,83.88500213623047,83.67009735107422,83.88500213623047,1380,0.0,0.0
2025-04-23 15:03:00-04:00,83.93000030517578,83.93000030517578,83.93000030517578,83.93000030517578,395,0.0,0.0
2025-04-23 15:04:00-04:00,84.0999984741211,84.0999984741211,84.0999984741211,84.0999984741211,307,0.0,0.0
2025-04-23 15:08:00-04:00,84.11000061035156,84.11000061035156,84.11000061035156,84.11000061035156,377,0.0,0.0
2025-04-23 15:12:00-04:00,84.11000061035156,84.16000366210938,84.11000061035156,84.16000366210938,722,0.0,0.0
2025-04-23 15:13:00-04:00,84.2750015258789,84.2750015258789,84.2750015258789,84.2750015258789,186,0.0,0.0
2025-04-23 15:15:00-04:00,84.27999877929688,84.27999877929688,84.27999877929688,84.27999877929688,137,0.0,0.0
2025-04-23 15:16:00-04:00,84.27999877929688,84.27999877929688,84.27999877929688,84.27999877929688,159,0.0,0.0
2025-04-23 15:17:00-04:00,84.27999877929688,84.27999877929688,84.27999877929688,84.27999877929688,158,0.0,0.0
2025-04-23 15:18:00-04:00,84.16000366210938,84.20480346679688,84.13999938964844,84.20480346679688,1090,0.0,0.0
2025-04-23 15:19:00-04:00,84.21499633789062,84.21499633789062,84.21499633789062,84.21499633789062,607,0.0,0.0
2025-04-23 15:21:00-04:00,84.19000244140625,84.19000244140625,84.19000244140625,84.19000244140625,347,0.0,0.0
2025-04-23 15:22:00-04:00,84.1500015258789,84.18000030517578,84.12999725341797,84.18000030517578,1674,0.0,0.0
2025-04-23 15:25:00-04:00,84.29000091552734,84.29000091552734,84.29000091552734,84.29000091552734,1984,0.0,0.0
2025-04-23 15:31:00-04:00,84.54000091552734,84.54000091552734,84.54000091552734,84.54000091552734,606,0.0,0.0
2025-04-23 15:33:00-04:00,84.54000091552734,84.54000091552734,84.54000091552734,84.54000091552734,738,0.0,0.0
2025-04-23 15:34:00-04:00,84.63500213623047,84.63500213623047,84.63500213623047,84.63500213623047,1188,0.0,0.0
2025-04-23 15:38:00-04:00,84.5999984741211,84.5999984741211,84.5999984741211,84.5999984741211,300,0.0,0.0
2025-04-23 15:39:00-04:00,84.5999984741211,84.69999694824219,84.5999984741211,84.69999694824219,1989,0.0,0.0
2025-04-23 15:44:00-04:00,84.83719635009766,84.83719635009766,84.83719635009766,84.83719635009766,113,0.0,0.0
2025-04-23 15:45:00-04:00,84.86000061035156,84.86000061035156,84.86000061035156,84.86000061035156,100,0.0,0.0
2025-04-23 15:47:00-04:00,84.80000305175781,84.80000305175781,84.73999786376953,84.80000305175781,2113,0.0,0.0
2025-04-23 15:48:00-04:00,84.9000015258789,84.9000015258789,84.9000015258789,84.9000015258789,1348,0.0,0.0
2025-04-23 15:49:00-04:00,84.9000015258789,84.91000366210938,84.69000244140625,84.7300033569336,3528,0.0,0.0
2025-04-23 15:50:00-04:00,84.63999938964844,84.87000274658203,84.63999938964844,84.87000274658203,501,0.0,0.0
2025-04-23 15:51:00-04:00,84.75,84.75,84.58000183105469,84.5999984741211,1282,0.0,0.0
2025-04-23 15:52:00-04:00,84.55999755859375,84.55999755859375,84.55999755859375,84.55999755859375,665,0.0,0.0
2025-04-23 15:53:00-04:00,84.56999969482422,84.56999969482422,84.56999969482422,84.56999969482422,608,0.0,0.0
2025-04-23 15:54:00-04:00,84.6449966430664,84.72000122070312,84.6449966430664,84.72000122070312,1188,0.0,0.0
2025-04-23 15:55:00-04:00,84.65499877929688,84.68000030517578,84.58999633789062,84.68000030517578,4650,0.0,0.0
2025-04-23 15:56:00-04:00,84.5999984741211,84.7750015258789,84.5999984741211,84.7750015258789,2016,0.0,0.0
2025-04-23 15:57:00-04:00,84.69000244140625,84.69000244140625,84.58999633789062,84.58999633789062,1845,0.0,0.0
2025-04-23 15:58:00-04:00,84.66999816894531,84.73999786376953,84.58999633789062,84.58999633789062,1210,0.0,0.0
2025-04-23 15:59:00-04:00,84.75,84.88999938964844,84.51000213623047,84.52999877929688,9024,0.0,0.0
2025-04-24 09:30:00-04:00,84.0,84.45999908447266,83.76000213623047,84.45999908447266,1983,0.0,0.0
2025-04-24 09:33:00-04:00,84.23100280761719,84.41999816894531,84.23100280761719,84.41999816894531,480,0.0,0.0
2025-04-24 09:34:00-04:00,83.61000061035156,83.61000061035156,83.5999984741211,83.5999984741211,693,0.0,0.0
2025-04-24 09:37:00-04:00,83.7699966430664,84.0,83.7699966430664,84.0,448,0.0,0.0
2025-04-24 09:45:00-04:00,83.18000030517578,83.18000030517578,83.18000030517578,83.18000030517578,323,0.0,0.0
2025-04-24 09:50:00-04:00,83.6050033569336,83.6050033569336,83.6050033569336,83.6050033569336,781,0.0,0.0
2025-04-24 09:55:00-04:00,83.62000274658203,83.62000274658203,83.62000274658203,83.62000274658203,188,0.0,0.0
2025-04-24 09:59:00-04:00,83.62000274658203,83.62000274658203,83.62000274658203,83.62000274658203,1129,0.0,0.0
2025-04-24 10:00:00-04:00,83.62000274658203,83.62000274658203,83.62000274658203,83.62000274658203,246,0.0,0.0
2025-04-24 10:02:00-04:00,83.7249984741211,83.7249984741211,83.7249984741211,83.7249984741211,441,0.0,0.0
2025-04-24 10:04:00-04:00,84.13999938964844,84.26499938964844,84.02999877929688,84.26499938964844,354,0.0,0.0
2025-04-24 10:05:00-04:00,84.23999786376953,84.2699966430664,84.23999786376953,84.2699966430664,531,0.0,0.0
2025-04-24 10:08:00-04:00,84.05000305175781,84.05000305175781,84.05000305175781,84.05000305175781,198,0.0,0.0
2025-04-24 10:09:00-04:00,83.98500061035156,83.98500061035156,83.98500061035156,83.98500061035156,268,0.0,0.0
2025-04-24 10:10:00-04:00,83.91999816894531,84.0,83.91999816894531,84.0,588,0.0,0.0
2025-04-24 10:13:00-04:00,84.11000061035156,84.11000061035156,84.11000061035156,84.11000061035156,103,0.0,0.0
2025-04-24 10:15:00-04:00,84.08999633789062,84.08999633789062,84.08999633789062,84.08999633789062,132,0.0,0.0
2025-04-24 10:17:00-04:00,84.11000061035156,84.11000061035156,84.11000061035156,84.11000061035156,411,0.0,0.0
2025-04-24 10:20:00-04:00,84.37000274658203,84.5199966430664,84.37000274658203,84.5199966430664,242,0.0,0.0
2025-04-24 10:25:00-04:00,84.31999969482422,84.31999969482422,84.31999969482422,84.31999969482422,393,0.0,0.0
2025-04-24 10:27:00-04:00,84.69499969482422,84.69499969482422,84.52999877929688,84.52999877929688,275,0.0,0.0
2025-04-24 10:29:00-04:00,84.69000244140625,84.69000244140625,84.6050033569336,84.6050033569336,203,0.0,0.0
2025-04-24 10:30:00-04:00,84.5199966430664,84.5199966430664,84.5199966430664,84.5199966430664,244,0.0,0.0
2025-04-24 10:34:00-04:00,84.69999694824219,84.76000213623047,84.69999694824219,84.76000213623047,893,0.0,0.0
2025-04-24 10:35:00-04:00,84.55999755859375,84.55999755859375,84.48999786376953,84.51000213623047,1674,0.0,0.0
2025-04-24 10:40:00-04:00,84.50499725341797,84.50499725341797,84.50499725341797,84.50499725341797,112,0.0,0.0
2025-04-24 10:41:00-04:00,84.27999877929688,84.27999877929688,84.27999877929688,84.27999877929688,116,0.0,0.0
2025-04-24 10:42:00-04:00,84.48500061035156,84.48500061035156,84.48500061035156,84.48500061035156,168,0.0,0.0
2025-04-24 10:46:00-04:00,84.25,84.25,84.25,84.25,144,0.0,0.0
2025-04-24 10:47:00-04:00,84.16999816894531,84.45500183105469,84.16999816894531,84.45500183105469,431,0.0,0.0
2025-04-24 10:49:00-04:00,84.34500122070312,84.34500122070312,84.19999694824219,84.19999694824219,233,0.0,0.0
2025-04-24 10:51:00-04:00,84.19999694824219,84.19999694824219,84.19999694824219,84.19999694824219,281,0.0,0.0
2025-04-24 10:54:00-04:00,84.32499694824219,84.32499694824219,84.32499694824219,84.32499694824219,125,0.0,0.0
2025-04-24 10:57:00-04:00,84.12999725341797,84.12999725341797,84.12999725341797,84.12999725341797,174,0.0,0.0
2025-04-24 10:59:00-04:00,84.30000305175781,84.30000305175781,84.30000305175781,84.30000305175781,211,0.0,0.0
2025-04-24 11:02:00-04:00,84.12000274658203,84.28500366210938,84.12000274658203,84.28500366210938,204,0.0,0.0
2025-04-24 11:05:00-04:00,84.28500366210938,84.28500366210938,84.28500366210938,84.28500366210938,145,0.0,0.0
2025-04-24 11:07:00-04:00,84.20999908447266,84.20999908447266,84.20999908447266,84.20999908447266,241,0.0,0.0
2025-04-24 11:10:00-04:00,84.12999725341797,84.29000091552734,83.88999938964844,83.88999938964844,2051,0.0,0.0
2025-04-24 11:12:00-04:00,83.8550033569336,83.8550033569336,83.8550033569336,83.8550033569336,235,0.0,0.0
2025-04-24 11:13:00-04:00,84.0,84.0,84.0,84.0,638,0.0,0.0
2025-04-24 11:16:00-04:00,83.88500213623047,83.88500213623047,83.88500213623047,83.88500213623047,154,0.0,0.0
2025-04-24 11:21:00-04:00,83.81999969482422,83.81999969482422,83.81999969482422,83.81999969482422,146,0.0,0.0
2025-04-24 11:23:00-04:00,83.81999969482422,83.81999969482422,83.81999969482422,83.81999969482422,131,0.0,0.0
2025-04-24 11:26:00-04:00,83.84500122070312,83.84500122070312,83.84500122070312,83.84500122070312,123,0.0,0.0
2025-04-24 11:27:00-04:00,83.8499984741211,84.0,83.8499984741211,84.0,1073,0.0,0.0
2025-04-24 11:30:00-04:00,83.98500061035156,83.98500061035156,83.98500061035156,83.98500061035156,246,0.0,0.0
2025-04-24 11:33:00-04:00,84.125,84.125,84.125,84.125,101,0.0,0.0
2025-04-24 11:34:00-04:00,84.12999725341797,84.12999725341797,84.12999725341797,84.12999725341797,221,0.0,0.0
2025-04-24 11:35:00-04:00,84.12999725341797,84.12999725341797,84.12999725341797,84.12999725341797,247,0.0,0.0
2025-04-24 11:37:00-04:00,84.19000244140625,84.19000244140625,84.19000244140625,84.19000244140625,128,0.0,0.0
2025-04-24 11:39:00-04:00,84.16999816894531,84.16999816894531,84.16999816894531,84.16999816894531,122,0.0,0.0
2025-04-24 11:41:00-04:00,84.19999694824219,84.19999694824219,84.19999694824219,84.19999694824219,140,0.0,0.0
2025-04-24 11:44:00-04:00,84.08999633789062,84.20999908447266,84.08999633789062,84.20999908447266,400,0.0,0.0
2025-04-24 11:45:00-04:00,84.19999694824219,84.19999694824219,84.19999694824219,84.19999694824219,388,0.0,0.0
2025-04-24 11:48:00-04:00,84.19999694824219,84.23500061035156,84.19999694824219,84.23500061035156,233,0.0,0.0
2025-04-24 11:49:00-04:00,84.2300033569336,84.2300033569336,84.08999633789062,84.2300033569336,372,0.0,0.0
2025-04-24 11:51:00-04:00,84.23999786376953,84.23999786376953,84.14600372314453,84.23500061035156,520,0.0,0.0
2025-04-24 11:55:00-04:00,84.2300033569336,84.25499725341797,84.12000274658203,84.25499725341797,392,0.0,0.0
2025-04-24 11:57:00-04:00,84.25499725341797,84.25499725341797,84.25499725341797,84.25499725341797,262,0.0,0.0
2025-04-24 11:59:00-04:00,84.27999877929688,84.27999877929688,84.27999877929688,84.27999877929688,108,0.0,0.0
2025-04-24 12:00:00-04:00,84.19999694824219,84.19999694824219,84.19999694824219,84.19999694824219,104,0.0,0.0
2025-04-24 12:01:00-04:00,84.30000305175781,84.47000122070312,84.30000305175781,84.47000122070312,437,0.0,0.0
2025-04-24 12:03:00-04:00,84.34500122070312,84.34500122070312,84.34500122070312,84.34500122070312,162,0.0,0.0
2025-04-24 12:05:00-04:00,84.20999908447266,84.20999908447266,84.20999908447266,84.20999908447266,272,0.0,0.0
2025-04-24 12:06:00-04:00,84.4749984741211,84.4749984741211,84.38999938964844,84.38999938964844,558,0.0,0.0
2025-04-24 12:07:00-04:00,84.40499877929688,84.40499877929688,84.40499877929688,84.40499877929688,252,0.0,0.0
2025-04-24 12:10:00-04:00,84.26000213623047,84.26000213623047,84.26000213623047,84.26000213623047,310,0.0,0.0
2025-04-24 12:13:00-04:00,84.31500244140625,84.31500244140625,84.31500244140625,84.31500244140625,400,0.0,0.0
2025-04-24 12:15:00-04:00,84.31500244140625,84.31500244140625,84.31500244140625,84.31500244140625,101,0.0,0.0
2025-04-24 12:16:00-04:00,84.41000366210938,84.41000366210938,84.41000366210938,84.41000366210938,196,0.0,0.0
2025-04-24 12:19:00-04:00,84.3550033569336,84.3550033569336,84.3550033569336,84.3550033569336,139,0.0,0.0
2025-04-24 12:20:00-04:00,84.19999694824219,84.19999694824219,84.19999694824219,84.19999694824219,277,0.0,0.0
2025-04-24 12:21:00-04:00,84.29000091552734,84.29000091552734,84.29000091552734,84.29000091552734,260,0.0,0.0
2025-04-24 12:25:00-04:00,84.5199966430664,84.5199966430664,84.5199966430664,84.5199966430664,147,0.0,0.0
2025-04-24 12:26:00-04:00,84.2699966430664,84.2699966430664,84.2699966430664,84.2699966430664,284,0.0,0.0
2025-04-24 12:27:00-04:00,84.36000061035156,84.36000061035156,84.36000061035156,84.36000061035156,151,0.0,0.0
2025-04-24 12:31:00-04:00,84.5199966430664,84.5199966430664,84.27999877929688,84.27999877929688,221,0.0,0.0
2025-04-24 12:32:00-04:00,84.36000061035156,84.36000061035156,84.36000061035156,84.36000061035156,536,0.0,0.0
2025-04-24 12:36:00-04:00,84.31749725341797,84.31749725341797,84.13500213623047,84.13500213623047,1091,0.0,0.0
2025-04-24 12:42:00-04:00,84.0199966430664,84.0199966430664,84.0199966430664,84.0199966430664,453,0.0,0.0
2025-04-24 12:45:00-04:00,84.20500183105469,84.20500183105469,84.08999633789062,84.20500183105469,1545,0.0,0.0
2025-04-24 12:47:00-04:00,84.0,84.0999984741211,84.0,84.0999984741211,379,0.0,0.0
2025-04-24 12:48:00-04:00,84.0999984741211,84.0999984741211,84.0999984741211,84.0999984741211,200,0.0,0.0
2025-04-24 12:52:00-04:00,84.08000183105469,84.08000183105469,84.08000183105469,84.08000183105469,221,0.0,0.0
2025-04-24 12:55:00-04:00,84.0999984741211,84.0999984741211,84.06500244140625,84.06500244140625,513,0.0,0.0
2025-04-24 12:58:00-04:00,84.06500244140625,84.06500244140625,84.06500244140625,84.06500244140625,104,0.0,0.0
2025-04-24 12:59:00-04:00,83.96499633789062,84.03500366210938,83.94999694824219,84.03500366210938,1352,0.0,0.0
2025-04-24 13:00:00-04:00,83.88999938964844,83.88999938964844,83.88999938964844,83.88999938964844,264,0.0,0.0
2025-04-24 13:01:00-04:00,83.83000183105469,83.83000183105469,83.83000183105469,83.83000183105469,409,0.0,0.0
2025-04-24 13:05:00-04:00,83.7300033569336,83.7300033569336,83.7300033569336,83.7300033569336,1007,0.0,0.0
2025-04-24 13:18:00-04:00,83.7300033569336,83.7300033569336,83.62000274658203,83.62000274658203,713,0.0,0.0
2025-04-24 13:20:00-04:00,83.40499877929688,83.54000091552734,83.40499877929688,83.54000091552734,559,0.0,0.0
2025-04-24 13:27:00-04:00,83.54000091552734,83.54000091552734,83.54000091552734,83.54000091552734,101,0.0,0.0
2025-04-24 13:28:00-04:00,83.55000305175781,83.55000305175781,83.55000305175781,83.55000305175781,196,0.0,0.0
2025-04-24 13:30:00-04:00,83.55500030517578,83.55500030517578,83.55500030517578,83.55500030517578,141,0.0,0.0
2025-04-24 13:31:00-04:00,83.59500122070312,83.59500122070312,83.59500122070312,83.59500122070312,139,0.0,0.0
2025-04-24 13:32:00-04:00,83.51000213623047,83.51000213623047,83.51000213623047,83.51000213623047,939,0.0,0.0
2025-04-24 13:36:00-04:00,83.52999877929688,83.52999877929688,83.4800033569336,83.4800033569336,294,0.0,0.0
2025-04-24 13:38:00-04:00,83.50499725341797,83.50499725341797,83.50499725341797,83.50499725341797,117,0.0,0.0
2025-04-24 13:39:00-04:00,83.50499725341797,83.50499725341797,83.50499725341797,83.50499725341797,142,0.0,0.0
2025-04-24 13:41:00-04:00,83.50499725341797,83.50499725341797,83.50499725341797,83.50499725341797,101,0.0,0.0
2025-04-24 13:42:00-04:00,83.50499725341797,83.50499725341797,83.50499725341797,83.50499725341797,124,0.0,0.0
2025-04-24 13:43:00-04:00,83.50499725341797,83.50499725341797,83.50499725341797,83.50499725341797,252,0.0,0.0
2025-04-24 13:48:00-04:00,83.53800201416016,83.53800201416016,83.50499725341797,83.50499725341797,460,0.0,0.0
2025-04-24 13:51:00-04:00,83.5250015258789,83.5250015258789,83.5250015258789,83.5250015258789,131,0.0,0.0
2025-04-24 13:52:00-04:00,83.52999877929688,83.52999877929688,83.5250015258789,83.5250015258789,681,0.0,0.0
2025-04-24 13:53:00-04:00,83.5250015258789,83.5250015258789,83.5250015258789,83.5250015258789,1180,0.0,0.0
2025-04-24 13:54:00-04:00,83.55500030517578,83.55500030517578,83.55500030517578,83.55500030517578,133,0.0,0.0
2025-04-24 13:56:00-04:00,83.55000305175781,83.55000305175781,83.55000305175781,83.55000305175781,246,0.0,0.0
2025-04-24 13:58:00-04:00,83.62999725341797,83.62999725341797,83.62999725341797,83.62999725341797,940,0.0,0.0
2025-04-24 14:03:00-04:00,83.71499633789062,83.71499633789062,83.71499633789062,83.71499633789062,224,0.0,0.0
2025-04-24 14:06:00-04:00,83.81999969482422,83.81999969482422,83.81999969482422,83.81999969482422,622,0.0,0.0
2025-04-24 14:11:00-04:00,83.80000305175781,83.80000305175781,83.80000305175781,83.80000305175781,411,0.0,0.0
2025-04-24 14:14:00-04:00,83.83999633789062,83.83999633789062,83.83999633789062,83.83999633789062,285,0.0,0.0
2025-04-24 14:18:00-04:00,83.80000305175781,83.80000305175781,83.80000305175781,83.80000305175781,124,0.0,0.0
2025-04-24 14:19:00-04:00,83.81999969482422,83.81999969482422,83.81999969482422,83.81999969482422,159,0.0,0.0
2025-04-24 14:21:00-04:00,83.83000183105469,83.83000183105469,83.83000183105469,83.83000183105469,157,0.0,0.0
2025-04-24 14:24:00-04:00,83.77999877929688,83.87000274658203,83.77999877929688,83.87000274658203,243,0.0,0.0
2025-04-24 14:27:00-04:00,83.9000015258789,83.9000015258789,83.9000015258789,83.9000015258789,537,0.0,0.0
2025-04-24 14:30:00-04:00,83.80000305175781,83.80000305175781,83.80000305175781,83.80000305175781,358,0.0,0.0
2025-04-24 14:35:00-04:00,83.99500274658203,84.0,83.99500274658203,84.0,433,0.0,0.0
2025-04-24 14:36:00-04:00,84.0,84.0,84.0,84.0,240,0.0,0.0
2025-04-24 14:37:00-04:00,84.04499816894531,84.04499816894531,84.04499816894531,84.04499816894531,197,0.0,0.0
2025-04-24 14:38:00-04:00,84.02999877929688,84.02999877929688,84.02999877929688,84.02999877929688,153,0.0,0.0
2025-04-24 14:41:00-04:00,84.0,84.0,84.0,84.0,246,0.0,0.0
2025-04-24 14:42:00-04:00,84.08999633789062,84.08999633789062,84.08999633789062,84.08999633789062,206,0.0,0.0
2025-04-24 14:43:00-04:00,84.0,84.0,84.0,84.0,297,0.0,0.0
2025-04-24 14:45:00-04:00,84.0,84.0,83.91649627685547,83.91649627685547,466,0.0,0.0
2025-04-24 14:46:00-04:00,84.0,84.0,84.0,84.0,535,0.0,0.0
2025-04-24 14:48:00-04:00,84.25,84.28500366210938,84.1500015258789,84.25,1146,0.0,0.0
2025-04-24 14:49:00-04:00,84.16000366210938,84.19000244140625,84.11000061035156,84.19000244140625,2914,0.0,0.0
2025-04-24 14:50:00-04:00,84.23999786376953,84.23999786376953,84.23999786376953,84.23999786376953,508,0.0,0.0
2025-04-24 14:51:00-04:00,84.23999786376953,84.23999786376953,84.23999786376953,84.23999786376953,152,0.0,0.0
2025-04-24 14:53:00-04:00,84.2300033569336,84.2300033569336,84.2249984741211,84.2249984741211,274,0.0,0.0
2025-04-24 14:55:00-04:00,84.2300033569336,84.2300033569336,84.2300033569336,84.2300033569336,100,0.0,0.0
2025-04-24 14:56:00-04:00,84.18000030517578,84.18000030517578,84.18000030517578,84.18000030517578,130,0.0,0.0
2025-04-24 14:58:00-04:00,84.2300033569336,84.2300033569336,84.12999725341797,84.12999725341797,436,0.0,0.0
2025-04-24 15:00:00-04:00,84.25,84.25,84.25,84.25,183,0.0,0.0
2025-04-24 15:01:00-04:00,84.25,84.25,84.25,84.25,183,0.0,0.0
2025-04-24 15:03:00-04:00,84.25,84.25,84.25,84.25,128,0.0,0.0
2025-04-24 15:04:00-04:00,84.22000122070312,84.2249984741211,84.22000122070312,84.2249984741211,328,0.0,0.0
2025-04-24 15:05:00-04:00,84.33999633789062,84.33999633789062,84.23500061035156,84.23500061035156,228,0.0,0.0
2025-04-24 15:06:00-04:00,84.29499816894531,84.29499816894531,84.22000122070312,84.29000091552734,720,0.0,0.0
2025-04-24 15:07:00-04:00,84.19999694824219,84.20999908447266,84.08599853515625,84.13999938964844,2522,0.0,0.0
2025-04-24 15:08:00-04:00,84.13999938964844,84.13999938964844,84.13500213623047,84.13500213623047,597,0.0,0.0
2025-04-24 15:09:00-04:00,84.06999969482422,84.11499786376953,84.01000213623047,84.11499786376953,945,0.0,0.0
2025-04-24 15:10:00-04:00,83.94999694824219,83.94999694824219,83.94999694824219,83.94999694824219,791,0.0,0.0
2025-04-24 15:11:00-04:00,83.83999633789062,83.86000061035156,83.83999633789062,83.86000061035156,245,0.0,0.0
2025-04-24 15:12:00-04:00,83.87000274658203,83.87000274658203,83.87000274658203,83.87000274658203,237,0.0,0.0
2025-04-24 15:14:00-04:00,83.87000274658203,83.87000274658203,83.87000274658203,83.87000274658203,329,0.0,0.0
2025-04-24 15:17:00-04:00,84.0,84.0,83.87000274658203,83.87000274658203,371,0.0,0.0
2025-04-24 15:18:00-04:00,84.0,84.01000213623047,83.93499755859375,83.93499755859375,790,0.0,0.0
2025-04-24 15:19:00-04:00,83.9749984741211,83.9749984741211,83.9749984741211,83.9749984741211,348,0.0,0.0
2025-04-24 15:20:00-04:00,83.91500091552734,83.91500091552734,83.91500091552734,83.91500091552734,502,0.0,0.0
2025-04-24 15:23:00-04:00,84.0,84.0,84.0,84.0,138,0.0,0.0
2025-04-24 15:24:00-04:00,83.94499969482422,83.94499969482422,83.94499969482422,83.94499969482422,484,0.0,0.0
2025-04-24 15:26:00-04:00,84.0,84.0,84.0,84.0,237,0.0,0.0
2025-04-24 15:27:00-04:00,83.91500091552734,83.94999694824219,83.91500091552734,83.94999694824219,456,0.0,0.0
2025-04-24 15:29:00-04:00,83.94999694824219,84.0,83.94999694824219,84.0,328,0.0,0.0
2025-04-24 15:30:00-04:00,84.0,84.01000213623047,83.9749984741211,83.9749984741211,1082,0.0,0.0
2025-04-24 15:32:00-04:00,84.05000305175781,84.05000305175781,84.05000305175781,84.05000305175781,790,0.0,0.0
2025-04-24 15:33:00-04:00,84.0,84.04000091552734,84.0,84.04000091552734,670,0.0,0.0
2025-04-24 15:34:00-04:00,84.12000274658203,84.12000274658203,84.04000091552734,84.04000091552734,424,0.0,0.0
2025-04-24 15:35:00-04:00,83.97000122070312,83.97000122070312,83.83999633789062,83.83999633789062,1048,0.0,0.0
2025-04-24 15:36:00-04:00,83.8550033569336,83.8550033569336,83.8550033569336,83.8550033569336,135,0.0,0.0
2025-04-24 15:37:00-04:00,83.86499786376953,83.86499786376953,83.86499786376953,83.86499786376953,260,0.0,0.0
2025-04-24 15:38:00-04:00,83.9000015258789,83.9000015258789,83.9000015258789,83.9000015258789,302,0.0,0.0
2025-04-24 15:39:00-04:00,83.88999938964844,83.88999938964844,83.88999938964844,83.88999938964844,171,0.0,0.0
2025-04-24 15:40:00-04:00,83.88999938964844,83.88999938964844,83.88999938964844,83.88999938964844,170,0.0,0.0
2025-04-24 15:41:00-04:00,83.88999938964844,83.9800033569336,83.88999938964844,83.9800033569336,637,0.0,0.0
2025-04-24 15:42:00-04:00,83.97000122070312,84.0,83.97000122070312,84.0,849,0.0,0.0
2025-04-24 15:44:00-04:00,84.02999877929688,84.02999877929688,83.96499633789062,83.96499633789062,505,0.0,0.0
2025-04-24 15:45:00-04:00,83.96499633789062,83.96499633789062,83.94999694824219,83.94999694824219,352,0.0,0.0
2025-04-24 15:46:00-04:00,83.94999694824219,83.94999694824219,83.94999694824219,83.94999694824219,234,0.0,0.0
2025-04-24 15:47:00-04:00,83.94999694824219,84.0,83.94999694824219,84.0,502,0.0,0.0
2025-04-24 15:48:00-04:00,84.0,84.04499816894531,84.0,84.04499816894531,934,0.0,0.0
2025-04-24 15:49:00-04:00,84.04499816894531,84.13999938964844,84.03500366210938,84.03500366210938,393,0.0,0.0
2025-04-24 15:50:00-04:00,84.01499938964844,84.0999984741211,84.01499938964844,84.0999984741211,699,0.0,0.0
2025-04-24 15:51:00-04:00,84.01499938964844,84.16999816894531,83.83999633789062,84.16500091552734,7479,0.0,0.0
2025-04-24 15:52:00-04:00,84.09500122070312,84.2300033569336,84.09500122070312,84.2300033569336,646,0.0,0.0
2025-04-24 15:53:00-04:00,84.11499786376953,84.20999908447266,84.11499786376953,84.20999908447266,532,0.0,0.0
2025-04-24 15:54:00-04:00,84.11499786376953,84.19999694824219,84.0999984741211,84.11000061035156,977,0.0,0.0
2025-04-24 15:55:00-04:00,84.09500122070312,84.0999984741211,84.0199966430664,84.0199966430664,4457,0.0,0.0
2025-04-24 15:56:00-04:00,83.98999786376953,84.06999969482422,83.95999908447266,84.05000305175781,1646,0.0,0.0
2025-04-24 15:57:00-04:00,83.92500305175781,83.92500305175781,83.8499984741211,83.86499786376953,758,0.0,0.0
2025-04-24 15:58:00-04:00,83.80999755859375,83.97000122070312,83.80999755859375,83.97000122070312,1912,0.0,0.0
2025-04-24 15:59:00-04:00,84.0,84.16000366210938,83.97000122070312,83.97000122070312,8046,0.0,0.0
2025-04-25 09:30:00-04:00,83.61000061035156,83.61000061035156,83.26000213623047,83.26000213623047,796,0.0,0.0
2025-04-25 09:33:00-04:00,83.19000244140625,83.19000244140625,83.19000244140625,83.19000244140625,150,0.0,0.0
2025-04-25 09:34:00-04:00,83.19999694824219,83.19999694824219,83.19999694824219,83.19999694824219,148,0.0,0.0
2025-04-25 09:45:00-04:00,83.38999938964844,83.38999938964844,83.38999938964844,83.38999938964844,484,0.0,0.0
2025-04-25 09:57:00-04:00,83.02999877929688,83.02999877929688,83.02999877929688,83.02999877929688,145,0.0,0.0
2025-04-25 09:59:00-04:00,83.20999908447266,83.20999908447266,83.20999908447266,83.20999908447266,239,0.0,0.0
2025-04-25 10:02:00-04:00,83.3550033569336,83.3550033569336,83.3550033569336,83.3550033569336,282,0.0,0.0
2025-04-25 10:03:00-04:00,83.3550033569336,83.3550033569336,83.3550033569336,83.3550033569336,265,0.0,0.0
2025-04-25 10:05:00-04:00,83.3499984741211,83.3499984741211,83.3499984741211,83.3499984741211,363,0.0,0.0
2025-04-25 10:07:00-04:00,83.30000305175781,83.30000305175781,83.30000305175781,83.30000305175781,611,0.0,0.0
2025-04-25 10:13:00-04:00,83.27999877929688,83.27999877929688,83.27999877929688,83.27999877929688,564,0.0,0.0
2025-04-25 10:15:00-04:00,83.29000091552734,83.29000091552734,83.21499633789062,83.21499633789062,1241,0.0,0.0
2025-04-25 10:21:00-04:00,83.08499908447266,83.08499908447266,83.08499908447266,83.08499908447266,172,0.0,0.0
2025-04-25 10:22:00-04:00,82.94000244140625,83.08499908447266,82.72000122070312,82.72000122070312,3095,0.0,0.0
2025-04-25 10:23:00-04:00,82.81999969482422,82.81999969482422,82.81999969482422,82.81999969482422,385,0.0,0.0
2025-04-25 10:29:00-04:00,82.69499969482422,82.69499969482422,82.69499969482422,82.69499969482422,131,0.0,0.0
2025-04-25 10:31:00-04:00,82.54000091552734,82.54000091552734,82.38999938964844,82.38999938964844,1076,0.0,0.0
2025-04-25 10:42:00-04:00,82.62999725341797,82.68000030517578,82.62999725341797,82.68000030517578,544,0.0,0.0
2025-04-25 10:45:00-04:00,82.66999816894531,82.66999816894531,82.66999816894531,82.66999816894531,454,0.0,0.0
2025-04-25 10:47:00-04:00,82.98999786376953,82.98999786376953,82.98999786376953,82.98999786376953,154,0.0,0.0
2025-04-25 10:52:00-04:00,82.98999786376953,82.98999786376953,82.98999786376953,82.98999786376953,284,0.0,0.0
2025-04-25 10:57:00-04:00,82.98999786376953,82.98999786376953,82.98999786376953,82.98999786376953,265,0.0,0.0
2025-04-25 11:02:00-04:00,82.9800033569336,82.9800033569336,82.9800033569336,82.9800033569336,101,0.0,0.0
2025-04-25 11:03:00-04:00,82.88999938964844,82.88999938964844,82.88999938964844,82.88999938964844,134,0.0,0.0
2025-04-25 11:07:00-04:00,82.9000015258789,82.9000015258789,82.9000015258789,82.9000015258789,156,0.0,0.0
2025-04-25 11:12:00-04:00,82.9000015258789,82.9000015258789,82.9000015258789,82.9000015258789,180,0.0,0.0
2025-04-25 11:17:00-04:00,82.9000015258789,82.9000015258789,82.9000015258789,82.9000015258789,255,0.0,0.0
2025-04-25 11:23:00-04:00,82.69999694824219,82.69999694824219,82.69999694824219,82.69999694824219,644,0.0,0.0
2025-04-25 11:24:00-04:00,82.5,82.69999694824219,82.44999694824219,82.44999694824219,1578,0.0,0.0
2025-04-25 11:26:00-04:00,82.375,82.375,82.375,82.375,651,0.0,0.0
2025-04-25 11:31:00-04:00,82.18000030517578,82.18000030517578,81.9177017211914,81.9177017211914,1520,0.0,0.0
2025-04-25 11:44:00-04:00,81.7699966430664,81.86000061035156,81.7699966430664,81.86000061035156,581,0.0,0.0
2025-04-25 11:50:00-04:00,81.84500122070312,81.84500122070312,81.84500122070312,81.84500122070312,224,0.0,0.0
2025-04-25 11:53:00-04:00,81.79000091552734,81.84500122070312,81.79000091552734,81.84500122070312,378,0.0,0.0
2025-04-25 11:54:00-04:00,81.66999816894531,81.66999816894531,81.66999816894531,81.66999816894531,460,0.0,0.0
2025-04-25 12:00:00-04:00,82.0199966430664,82.0199966430664,82.0199966430664,82.0199966430664,178,0.0,0.0
2025-04-25 12:05:00-04:00,82.01000213623047,82.01000213623047,82.01000213623047,82.01000213623047,133,0.0,0.0
2025-04-25 12:07:00-04:00,81.9800033569336,81.9800033569336,81.9800033569336,81.9800033569336,602,0.0,0.0
2025-04-25 12:08:00-04:00,82.0199966430664,82.20500183105469,82.0199966430664,82.20500183105469,1333,0.0,0.0
2025-04-25 12:10:00-04:00,82.3499984741211,82.3499984741211,82.3499984741211,82.3499984741211,282,0.0,0.0
2025-04-25 12:15:00-04:00,82.29000091552734,82.29000091552734,82.29000091552734,82.29000091552734,132,0.0,0.0
2025-04-25 12:18:00-04:00,82.125,82.125,82.125,82.125,173,0.0,0.0
2025-04-25 12:21:00-04:00,82.29000091552734,82.29000091552734,82.16999816894531,82.25499725341797,2221,0.0,0.0
2025-04-25 12:27:00-04:00,82.3499984741211,82.3499984741211,82.3499984741211,82.3499984741211,136,0.0,0.0
2025-04-25 12:28:00-04:00,82.25499725341797,82.25499725341797,82.16000366210938,82.18000030517578,3260,0.0,0.0
2025-04-25 12:37:00-04:00,82.11000061035156,82.12000274658203,81.98999786376953,82.05500030517578,2862,0.0,0.0
2025-04-25 12:43:00-04:00,82.01499938964844,82.01499938964844,82.01499938964844,82.01499938964844,261,0.0,0.0
2025-04-25 12:47:00-04:00,82.0250015258789,82.0250015258789,82.0250015258789,82.0250015258789,300,0.0,0.0
2025-04-25 12:48:00-04:00,82.0250015258789,82.0250015258789,82.0250015258789,82.0250015258789,179,0.0,0.0
2025-04-25 12:49:00-04:00,82.12000274658203,82.19000244140625,82.07499694824219,82.07499694824219,1095,0.0,0.0
2025-04-25 12:50:00-04:00,82.07499694824219,82.07499694824219,82.07499694824219,82.07499694824219,714,0.0,0.0
2025-04-25 12:55:00-04:00,82.22000122070312,82.22000122070312,82.22000122070312,82.22000122070312,155,0.0,0.0
2025-04-25 12:56:00-04:00,82.04100036621094,82.04100036621094,82.04100036621094,82.04100036621094,255,0.0,0.0
2025-04-25 13:01:00-04:00,82.22000122070312,82.22000122070312,82.22000122070312,82.22000122070312,156,0.0,0.0
2025-04-25 13:06:00-04:00,82.22000122070312,82.22000122070312,82.22000122070312,82.22000122070312,113,0.0,0.0
2025-04-25 13:07:00-04:00,82.19000244140625,82.19000244140625,82.06999969482422,82.06999969482422,3005,0.0,0.0
2025-04-25 13:08:00-04:00,81.94999694824219,81.94999694824219,81.68000030517578,81.68000030517578,446,0.0,0.0
2025-04-25 13:11:00-04:00,81.68000030517578,81.68000030517578,81.68000030517578,81.68000030517578,988,0.0,0.0
2025-04-25 13:28:00-04:00,81.8499984741211,81.8499984741211,81.8499984741211,81.8499984741211,260,0.0,0.0
2025-04-25 13:33:00-04:00,81.8499984741211,81.8499984741211,81.8499984741211,81.8499984741211,156,0.0,0.0
2025-04-25 13:35:00-04:00,81.8499984741211,81.93000030517578,81.84500122070312,81.84500122070312,1344,0.0,0.0
2025-04-25 13:38:00-04:00,81.83999633789062,81.83999633789062,81.83999633789062,81.83999633789062,512,0.0,0.0
2025-04-25 13:39:00-04:00,81.83999633789062,81.83999633789062,81.83999633789062,81.83999633789062,106,0.0,0.0
2025-04-25 13:40:00-04:00,81.83999633789062,81.83999633789062,81.83999633789062,81.83999633789062,182,0.0,0.0
2025-04-25 13:43:00-04:00,81.83999633789062,81.83999633789062,81.83999633789062,81.83999633789062,382,0.0,0.0
2025-04-25 13:45:00-04:00,81.83499908447266,81.83499908447266,81.83499908447266,81.83499908447266,458,0.0,0.0
2025-04-25 13:46:00-04:00,81.83499908447266,81.83499908447266,81.83499908447266,81.83499908447266,512,0.0,0.0
2025-04-25 13:53:00-04:00,81.83499908447266,81.83499908447266,81.83499908447266,81.83499908447266,331,0.0,0.0
2025-04-25 13:54:00-04:00,81.6500015258789,81.72000122070312,81.5,81.54000091552734,1750,0.0,0.0
2025-04-25 13:59:00-04:00,81.31999969482422,81.31999969482422,81.2699966430664,81.2699966430664,635,0.0,0.0
2025-04-25 14:02:00-04:00,81.48049926757812,81.48049926757812,81.27999877929688,81.30999755859375,604,0.0,0.0
2025-04-25 14:03:00-04:00,81.19999694824219,81.19999694824219,81.19999694824219,81.19999694824219,545,0.0,0.0
2025-04-25 14:16:00-04:00,81.20610046386719,81.20610046386719,81.20610046386719,81.20610046386719,262,0.0,0.0
2025-04-25 14:23:00-04:00,81.6500015258789,81.6500015258789,81.44249725341797,81.6500015258789,808,0.0,0.0
2025-04-25 14:26:00-04:00,81.625,81.63500213623047,81.625,81.63500213623047,599,0.0,0.0
2025-04-25 14:29:00-04:00,81.7699966430664,81.7699966430664,81.7699966430664,81.7699966430664,200,0.0,0.0
2025-04-25 14:34:00-04:00,81.75,81.75,81.75,81.75,230,0.0,0.0
2025-04-25 14:40:00-04:00,81.73999786376953,81.73999786376953,81.73999786376953,81.73999786376953,195,0.0,0.0
2025-04-25 14:45:00-04:00,81.73999786376953,81.73999786376953,81.73999786376953,81.73999786376953,461,0.0,0.0
2025-04-25 14:50:00-04:00,81.73999786376953,81.73999786376953,81.73999786376953,81.73999786376953,399,0.0,0.0
2025-04-25 14:51:00-04:00,81.68000030517578,81.68000030517578,81.68000030517578,81.68000030517578,265,0.0,0.0
2025-04-25 14:53:00-04:00,81.52999877929688,81.81999969482422,81.51000213623047,81.66999816894531,6009,0.0,0.0
2025-04-25 14:55:00-04:00,81.83999633789062,81.83999633789062,81.81999969482422,81.81999969482422,456,0.0,0.0
2025-04-25 14:57:00-04:00,81.8499984741211,81.8499984741211,81.8499984741211,81.8499984741211,169,0.0,0.0
2025-04-25 14:58:00-04:00,81.8499984741211,81.8499984741211,81.8499984741211,81.8499984741211,212,0.0,0.0
2025-04-25 14:59:00-04:00,81.91000366210938,81.91000366210938,81.91000366210938,81.91000366210938,272,0.0,0.0
2025-04-25 15:01:00-04:00,81.91999816894531,81.91999816894531,81.91999816894531,81.91999816894531,325,0.0,0.0
2025-04-25 15:04:00-04:00,81.91999816894531,81.91999816894531,81.91999816894531,81.91999816894531,196,0.0,0.0
2025-04-25 15:08:00-04:00,81.88999938964844,81.88999938964844,81.88999938964844,81.88999938964844,136,0.0,0.0
2025-04-25 15:10:00-04:00,81.71499633789062,81.71499633789062,81.71499633789062,81.71499633789062,1214,0.0,0.0
2025-04-25 15:11:00-04:00,81.66999816894531,81.66999816894531,81.66999816894531,81.66999816894531,264,0.0,0.0
2025-04-25 15:12:00-04:00,81.79000091552734,81.79000091552734,81.79000091552734,81.79000091552734,325,0.0,0.0
2025-04-25 15:13:00-04:00,81.6449966430664,81.6449966430664,81.62999725341797,81.62999725341797,460,0.0,0.0
2025-04-25 15:14:00-04:00,81.62999725341797,81.62999725341797,81.44000244140625,81.51000213623047,3056,0.0,0.0
2025-04-25 15:16:00-04:00,81.45500183105469,81.45500183105469,81.45500183105469,81.45500183105469,184,0.0,0.0
2025-04-25 15:18:00-04:00,81.45500183105469,81.45500183105469,81.40499877929688,81.40499877929688,263,0.0,0.0
2025-04-25 15:19:00-04:00,81.375,81.375,81.29000091552734,81.29000091552734,935,0.0,0.0
2025-04-25 15:20:00-04:00,81.33999633789062,81.47000122070312,81.33999633789062,81.4000015258789,1548,0.0,0.0
2025-04-25 15:21:00-04:00,81.62999725341797,81.62999725341797,81.62999725341797,81.62999725341797,228,0.0,0.0
2025-04-25 15:23:00-04:00,81.49500274658203,81.62999725341797,81.49500274658203,81.62999725341797,343,0.0,0.0
2025-04-25 15:26:00-04:00,81.58999633789062,81.58999633789062,81.58999633789062,81.58999633789062,344,0.0,0.0
2025-04-25 15:29:00-04:00,81.58999633789062,81.58999633789062,81.43000030517578,81.43000030517578,453,0.0,0.0
2025-04-25 15:31:00-04:00,81.58999633789062,81.58999633789062,81.58999633789062,81.58999633789062,321,0.0,0.0
2025-04-25 15:33:00-04:00,81.5999984741211,81.5999984741211,81.5999984741211,81.5999984741211,348,0.0,0.0
2025-04-25 15:35:00-04:00,81.48500061035156,81.48500061035156,81.48500061035156,81.48500061035156,315,0.0,0.0
2025-04-25 15:36:00-04:00,81.51000213623047,81.58999633789062,81.51000213623047,81.58999633789062,1570,0.0,0.0
2025-04-25 15:37:00-04:00,81.62000274658203,81.72000122070312,81.62000274658203,81.72000122070312,544,0.0,0.0
2025-04-25 15:38:00-04:00,81.73999786376953,81.73999786376953,81.73999786376953,81.73999786376953,461,0.0,0.0
2025-04-25 15:40:00-04:00,81.76000213623047,81.76000213623047,81.76000213623047,81.76000213623047,1482,0.0,0.0
2025-04-25 15:44:00-04:00,81.76000213623047,81.76000213623047,81.76000213623047,81.76000213623047,135,0.0,0.0
2025-04-25 15:45:00-04:00,81.76000213623047,81.93000030517578,81.76000213623047,81.93000030517578,1228,0.0,0.0
2025-04-25 15:47:00-04:00,81.88999938964844,81.88999938964844,81.88999938964844,81.88999938964844,329,0.0,0.0
2025-04-25 15:48:00-04:00,81.8499984741211,81.8499984741211,81.8499984741211,81.8499984741211,611,0.0,0.0
2025-04-25 15:49:00-04:00,81.88999938964844,81.88999938964844,81.8499984741211,81.8499984741211,1147,0.0,0.0
2025-04-25 15:50:00-04:00,81.83000183105469,81.83000183105469,81.66000366210938,81.72000122070312,1763,0.0,0.0
2025-04-25 15:51:00-04:00,81.5999984741211,81.5999984741211,81.5999984741211,81.5999984741211,395,0.0,0.0
2025-04-25 15:52:00-04:00,81.69000244140625,81.71499633789062,81.69000244140625,81.69000244140625,1268,0.0,0.0
2025-04-25 15:53:00-04:00,81.71499633789062,81.71499633789062,81.71499633789062,81.71499633789062,316,0.0,0.0
2025-04-25 15:54:00-04:00,81.76000213623047,81.8499984741211,81.76000213623047,81.80500030517578,2454,0.0,0.0
2025-04-25 15:55:00-04:00,81.80000305175781,81.80000305175781,81.58000183105469,81.58000183105469,3534,0.0,0.0
2025-04-25 15:56:00-04:00,81.58999633789062,81.68000030517578,81.5,81.5,3793,0.0,0.0
2025-04-25 15:57:00-04:00,81.47000122070312,81.56999969482422,81.47000122070312,81.56500244140625,806,0.0,0.0
2025-04-25 15:58:00-04:00,81.45999908447266,81.61000061035156,81.45999908447266,81.61000061035156,3824,0.0,0.0
2025-04-25 15:59:00-04:00,81.58999633789062,81.61499786376953,81.44999694824219,81.44999694824219,5109,0.0,0.0
