Datetime,Open,High,Low,Close,Volume,Dividends,Stock Splits
2022-07-28 09:00:00+09:00,924.0,924.0,907.0,907.0,700,0.0,0.0
2022-07-28 10:00:00+09:00,906.0,906.0,906.0,906.0,500,0.0,0.0
2022-07-28 11:00:00+09:00,904.0,904.0,904.0,904.0,0,0.0,0.0
2022-07-28 14:00:00+09:00,902.0,902.0,900.0,900.0,2400,0.0,0.0
2022-07-29 09:00:00+09:00,905.0,905.0,905.0,905.0,100,0.0,0.0
2022-07-29 10:00:00+09:00,907.0,908.0,907.0,908.0,300,0.0,0.0
2022-07-29 11:00:00+09:00,908.0,908.0,908.0,908.0,0,0.0,0.0
2022-07-29 12:00:00+09:00,902.0,902.0,902.0,902.0,800,0.0,0.0
2022-07-29 13:00:00+09:00,902.0,902.0,902.0,902.0,300,0.0,0.0
2022-07-29 14:00:00+09:00,901.0,901.0,899.0,900.0,1500,0.0,0.0
2022-08-01 09:00:00+09:00,902.0,909.0,891.0,907.0,0,0.0,0.0
2022-08-01 10:00:00+09:00,906.0,929.0,900.0,928.0,6000,0.0,0.0
2022-08-01 11:00:00+09:00,928.0,928.0,928.0,928.0,0,0.0,0.0
2022-08-01 12:00:00+09:00,928.0,928.0,928.0,928.0,8200,0.0,0.0
2022-08-01 14:00:00+09:00,926.0,926.0,909.0,917.0,2800,0.0,0.0
2022-08-02 09:00:00+09:00,913.0,940.0,901.0,934.0,0,0.0,0.0
2022-08-02 11:00:00+09:00,934.0,934.0,934.0,934.0,0,0.0,0.0
2022-08-02 12:00:00+09:00,933.0,933.0,933.0,933.0,3600,0.0,0.0
2022-08-02 13:00:00+09:00,939.0,955.0,939.0,955.0,2400,0.0,0.0
2022-08-02 14:00:00+09:00,951.0,956.0,950.0,956.0,2900,0.0,0.0
2022-08-03 09:00:00+09:00,960.0,1001.0,960.0,989.0,7400,0.0,0.0
2022-08-03 10:00:00+09:00,988.0,990.0,976.0,990.0,3700,0.0,0.0
2022-08-03 11:00:00+09:00,989.0,995.0,989.0,995.0,0,0.0,0.0
2022-08-03 12:00:00+09:00,990.0,991.0,986.0,986.0,14100,0.0,0.0
2022-08-03 13:00:00+09:00,986.0,986.0,959.0,973.0,6100,0.0,0.0
2022-08-03 14:00:00+09:00,976.0,976.0,976.0,976.0,100,0.0,0.0
2022-08-04 09:00:00+09:00,977.0,987.0,963.0,981.0,2300,0.0,0.0
2022-08-04 10:00:00+09:00,981.0,983.0,952.0,952.0,3900,0.0,0.0
2022-08-04 11:00:00+09:00,950.0,951.0,940.0,946.0,0,0.0,0.0
2022-08-04 12:00:00+09:00,943.0,943.0,943.0,943.0,7200,0.0,0.0
2022-08-04 13:00:00+09:00,950.0,955.0,950.0,950.0,900,0.0,0.0
2022-08-04 14:00:00+09:00,954.0,954.0,954.0,954.0,100,0.0,0.0
2022-08-05 09:00:00+09:00,932.0,932.0,932.0,932.0,1000,0.0,0.0
2022-08-05 10:00:00+09:00,932.0,941.0,928.0,941.0,300,0.0,0.0
2022-08-05 11:00:00+09:00,935.0,935.0,934.0,934.0,0,0.0,0.0
2022-08-05 13:00:00+09:00,935.0,935.0,935.0,935.0,2000,0.0,0.0
2022-08-05 14:00:00+09:00,935.0,935.0,912.0,912.0,1600,0.0,0.0
2022-08-08 09:00:00+09:00,954.0,954.0,894.0,907.0,500,0.0,0.0
2022-08-08 10:00:00+09:00,922.0,922.0,922.0,922.0,100,0.0,0.0
2022-08-08 11:00:00+09:00,928.0,928.0,928.0,928.0,0,0.0,0.0
2022-08-08 14:00:00+09:00,929.0,929.0,905.0,905.0,5200,0.0,0.0
2022-08-09 09:00:00+09:00,902.0,902.0,889.0,902.0,400,0.0,0.0
2022-08-09 10:00:00+09:00,902.0,902.0,902.0,902.0,100,0.0,0.0
2022-08-09 11:00:00+09:00,895.0,906.0,894.0,906.0,0,0.0,0.0
2022-08-09 14:00:00+09:00,906.0,906.0,888.0,888.0,2000,0.0,0.0
2022-08-10 09:00:00+09:00,887.0,887.0,856.0,873.0,3300,0.0,0.0
2022-08-10 11:00:00+09:00,873.0,873.0,863.0,863.0,0,0.0,0.0
2022-08-10 12:00:00+09:00,863.0,863.0,853.0,853.0,4400,0.0,0.0
2022-08-10 13:00:00+09:00,851.0,851.0,838.0,838.0,4800,0.0,0.0
2022-08-10 14:00:00+09:00,838.0,860.0,838.0,855.0,3800,0.0,0.0
2022-08-12 09:00:00+09:00,852.0,869.0,852.0,869.0,0,0.0,0.0
2022-08-12 11:00:00+09:00,884.0,884.0,884.0,884.0,0,0.0,0.0
2022-08-12 13:00:00+09:00,880.0,880.0,880.0,880.0,1000,0.0,0.0
2022-08-12 14:00:00+09:00,870.0,870.0,869.0,869.0,500,0.0,0.0
2022-08-15 09:00:00+09:00,863.0,863.0,850.0,850.0,0,0.0,0.0
2022-08-15 10:00:00+09:00,851.0,851.0,849.0,849.0,700,0.0,0.0
2022-08-15 11:00:00+09:00,849.0,849.0,849.0,849.0,0,0.0,0.0
2022-08-15 12:00:00+09:00,851.0,851.0,849.0,849.0,2000,0.0,0.0
2022-08-15 13:00:00+09:00,849.0,849.0,848.0,848.0,200,0.0,0.0
2022-08-15 14:00:00+09:00,848.0,848.0,848.0,848.0,100,0.0,0.0
2022-08-16 09:00:00+09:00,846.0,852.0,840.0,850.0,2000,0.0,0.0
2022-08-16 11:00:00+09:00,849.0,849.0,849.0,849.0,0,0.0,0.0
2022-08-16 12:00:00+09:00,849.0,849.0,849.0,849.0,2400,0.0,0.0
2022-08-16 14:00:00+09:00,849.0,850.0,849.0,850.0,500,0.0,0.0
2022-08-17 09:00:00+09:00,850.0,850.0,850.0,850.0,100,0.0,0.0
2022-08-17 10:00:00+09:00,850.0,856.0,850.0,855.0,500,0.0,0.0
2022-08-17 11:00:00+09:00,855.0,855.0,855.0,855.0,0,0.0,0.0
2022-08-17 12:00:00+09:00,852.0,852.0,849.0,849.0,1100,0.0,0.0
2022-08-17 14:00:00+09:00,851.0,851.0,850.0,850.0,500,0.0,0.0
2022-08-18 09:00:00+09:00,847.0,847.0,847.0,847.0,200,0.0,0.0
2022-08-18 10:00:00+09:00,850.0,850.0,850.0,850.0,100,0.0,0.0
2022-08-18 11:00:00+09:00,850.0,850.0,850.0,850.0,0,0.0,0.0
2022-08-18 12:00:00+09:00,850.0,850.0,848.0,848.0,500,0.0,0.0
2022-08-18 13:00:00+09:00,848.0,848.0,848.0,848.0,100,0.0,0.0
2022-08-18 14:00:00+09:00,848.0,848.0,848.0,848.0,300,0.0,0.0
2022-08-19 09:00:00+09:00,848.0,850.0,848.0,850.0,1100,0.0,0.0
2022-08-19 10:00:00+09:00,850.0,850.0,849.0,849.0,300,0.0,0.0
2022-08-19 11:00:00+09:00,850.0,850.0,850.0,850.0,0,0.0,0.0
2022-08-19 12:00:00+09:00,849.0,849.0,849.0,849.0,1600,0.0,0.0
2022-08-19 13:00:00+09:00,850.0,850.0,848.0,848.0,900,0.0,0.0
2022-08-22 09:00:00+09:00,849.0,856.0,849.0,856.0,0,0.0,0.0
2022-08-22 10:00:00+09:00,849.0,849.0,849.0,849.0,100,0.0,0.0
2022-08-22 11:00:00+09:00,849.0,849.0,849.0,849.0,0,0.0,0.0
2022-08-22 12:00:00+09:00,850.0,850.0,850.0,850.0,600,0.0,0.0
2022-08-22 13:00:00+09:00,850.0,850.0,850.0,850.0,900,0.0,0.0
2022-08-22 14:00:00+09:00,850.0,850.0,850.0,850.0,100,0.0,0.0
2022-08-23 09:00:00+09:00,849.0,849.0,849.0,849.0,100,0.0,0.0
2022-08-23 11:00:00+09:00,849.0,849.0,849.0,849.0,0,0.0,0.0
2022-08-23 12:00:00+09:00,849.0,849.0,849.0,849.0,300,0.0,0.0
2022-08-23 14:00:00+09:00,853.0,870.0,849.0,865.0,2700,0.0,0.0
2022-08-24 09:00:00+09:00,856.0,856.0,856.0,856.0,100,0.0,0.0
2022-08-24 10:00:00+09:00,858.0,858.0,858.0,858.0,100,0.0,0.0
2022-08-24 11:00:00+09:00,858.0,858.0,858.0,858.0,0,0.0,0.0
2022-08-24 12:00:00+09:00,857.0,857.0,857.0,857.0,400,0.0,0.0
2022-08-24 13:00:00+09:00,862.0,862.0,861.0,861.0,400,0.0,0.0
2022-08-24 14:00:00+09:00,858.0,863.0,858.0,861.0,500,0.0,0.0
2022-08-25 09:00:00+09:00,854.0,922.0,854.0,922.0,6300,0.0,0.0
2022-08-25 10:00:00+09:00,937.0,947.0,888.0,905.0,4100,0.0,0.0
2022-08-25 11:00:00+09:00,905.0,905.0,905.0,905.0,0,0.0,0.0
2022-08-25 12:00:00+09:00,904.0,920.0,904.0,920.0,11100,0.0,0.0
2022-08-25 13:00:00+09:00,911.0,911.0,910.0,911.0,400,0.0,0.0
2022-08-25 14:00:00+09:00,911.0,911.0,910.0,911.0,300,0.0,0.0
2022-08-26 09:00:00+09:00,913.0,914.0,883.0,883.0,1000,0.0,0.0
2022-08-26 10:00:00+09:00,894.0,898.0,894.0,898.0,400,0.0,0.0
2022-08-26 11:00:00+09:00,900.0,900.0,900.0,900.0,0,0.0,0.0
2022-08-26 12:00:00+09:00,891.0,899.0,891.0,899.0,2800,0.0,0.0
2022-08-26 13:00:00+09:00,902.0,903.0,902.0,903.0,200,0.0,0.0
2022-08-29 09:00:00+09:00,900.0,900.0,874.0,874.0,1400,0.0,0.0
2022-08-29 10:00:00+09:00,865.0,875.0,865.0,875.0,300,0.0,0.0
2022-08-29 11:00:00+09:00,875.0,875.0,875.0,875.0,0,0.0,0.0
2022-08-29 12:00:00+09:00,875.0,875.0,875.0,875.0,1900,0.0,0.0
2022-08-29 14:00:00+09:00,874.0,880.0,873.0,880.0,300,0.0,0.0
2022-08-30 09:00:00+09:00,869.0,884.0,869.0,884.0,300,0.0,0.0
2022-08-30 10:00:00+09:00,873.0,873.0,864.0,871.0,1000,0.0,0.0
2022-08-30 11:00:00+09:00,871.0,871.0,871.0,871.0,0,0.0,0.0
2022-08-30 12:00:00+09:00,871.0,871.0,871.0,871.0,1400,0.0,0.0
2022-08-30 13:00:00+09:00,876.0,876.0,876.0,876.0,600,0.0,0.0
2022-08-31 09:00:00+09:00,864.0,881.0,864.0,881.0,0,0.0,0.0
2022-08-31 10:00:00+09:00,880.0,891.0,871.0,871.0,0,0.0,0.0
2022-08-31 11:00:00+09:00,871.0,871.0,871.0,871.0,0,0.0,0.0
2022-08-31 12:00:00+09:00,862.0,862.0,862.0,862.0,2700,0.0,0.0
2022-08-31 13:00:00+09:00,867.0,867.0,867.0,867.0,100,0.0,0.0
2022-08-31 14:00:00+09:00,862.0,862.0,860.0,860.0,200,0.0,0.0
2022-09-01 09:00:00+09:00,858.0,858.0,850.0,853.0,3300,0.0,0.0
2022-09-01 10:00:00+09:00,860.0,894.0,860.0,879.0,6000,0.0,0.0
2022-09-01 11:00:00+09:00,882.0,910.0,871.0,871.0,0,0.0,0.0
2022-09-01 12:00:00+09:00,864.0,879.0,864.0,867.0,15200,0.0,0.0
2022-09-01 13:00:00+09:00,872.0,876.0,868.0,868.0,900,0.0,0.0
2022-09-01 14:00:00+09:00,868.0,868.0,860.0,860.0,700,0.0,0.0
2022-09-02 10:00:00+09:00,856.0,856.0,856.0,856.0,300,0.0,0.0
2022-09-02 11:00:00+09:00,856.0,856.0,855.0,855.0,0,0.0,0.0
2022-09-02 12:00:00+09:00,855.0,855.0,855.0,855.0,600,0.0,0.0
2022-09-02 14:00:00+09:00,856.0,856.0,856.0,856.0,100,0.0,0.0
2022-09-05 09:00:00+09:00,857.0,857.0,857.0,857.0,0,0.0,0.0
2022-09-05 10:00:00+09:00,859.0,866.0,859.0,866.0,0,0.0,0.0
2022-09-05 11:00:00+09:00,868.0,868.0,868.0,868.0,0,0.0,0.0
2022-09-05 12:00:00+09:00,869.0,869.0,864.0,864.0,2200,0.0,0.0
2022-09-05 13:00:00+09:00,875.0,875.0,875.0,875.0,300,0.0,0.0
2022-09-05 14:00:00+09:00,878.0,883.0,863.0,863.0,1000,0.0,0.0
2022-09-06 09:00:00+09:00,869.0,869.0,869.0,869.0,100,0.0,0.0
2022-09-06 11:00:00+09:00,883.0,885.0,873.0,873.0,0,0.0,0.0
2022-09-06 13:00:00+09:00,877.0,877.0,872.0,872.0,1100,0.0,0.0
2022-09-07 09:00:00+09:00,872.0,872.0,872.0,872.0,300,0.0,0.0
2022-09-07 10:00:00+09:00,871.0,871.0,849.0,850.0,3700,0.0,0.0
2022-09-07 11:00:00+09:00,849.0,849.0,845.0,845.0,0,0.0,0.0
2022-09-07 12:00:00+09:00,845.0,846.0,845.0,846.0,6400,0.0,0.0
2022-09-07 13:00:00+09:00,847.0,847.0,839.0,839.0,1700,0.0,0.0
2022-09-07 14:00:00+09:00,840.0,840.0,840.0,840.0,100,0.0,0.0
2022-09-08 09:00:00+09:00,850.0,851.0,848.0,851.0,1500,0.0,0.0
2022-09-08 11:00:00+09:00,850.0,850.0,850.0,850.0,0,0.0,0.0
2022-09-08 12:00:00+09:00,850.0,850.0,850.0,850.0,2100,0.0,0.0
2022-09-08 13:00:00+09:00,851.0,851.0,851.0,851.0,100,0.0,0.0
2022-09-08 14:00:00+09:00,851.0,851.0,850.0,850.0,600,0.0,0.0
2022-09-09 09:00:00+09:00,831.0,835.0,829.0,830.0,4600,0.0,0.0
2022-09-09 10:00:00+09:00,832.0,841.0,832.0,841.0,600,0.0,0.0
2022-09-09 11:00:00+09:00,841.0,841.0,841.0,841.0,0,0.0,0.0
2022-09-12 09:00:00+09:00,836.0,837.0,836.0,837.0,0,0.0,0.0
2022-09-12 11:00:00+09:00,837.0,837.0,837.0,837.0,0,0.0,0.0
2022-09-12 12:00:00+09:00,912.0,926.0,846.0,858.0,21800,0.0,0.0
2022-09-12 13:00:00+09:00,865.0,870.0,854.0,855.0,7700,0.0,0.0
2022-09-12 14:00:00+09:00,858.0,860.0,851.0,851.0,4500,0.0,0.0
2022-09-13 09:00:00+09:00,854.0,854.0,848.0,854.0,1900,0.0,0.0
2022-09-13 10:00:00+09:00,851.0,855.0,850.0,850.0,500,0.0,0.0
2022-09-13 11:00:00+09:00,849.0,849.0,849.0,849.0,0,0.0,0.0
2022-09-13 12:00:00+09:00,859.0,859.0,859.0,859.0,2700,0.0,0.0
2022-09-13 14:00:00+09:00,856.0,856.0,850.0,853.0,800,0.0,0.0
2022-09-14 09:00:00+09:00,851.0,851.0,833.0,841.0,2200,0.0,0.0
2022-09-14 10:00:00+09:00,842.0,844.0,842.0,843.0,300,0.0,0.0
2022-09-14 11:00:00+09:00,843.0,843.0,843.0,843.0,0,0.0,0.0
2022-09-14 12:00:00+09:00,873.0,873.0,853.0,853.0,10600,0.0,0.0
2022-09-14 13:00:00+09:00,859.0,889.0,859.0,872.0,8800,0.0,0.0
2022-09-14 14:00:00+09:00,873.0,874.0,864.0,864.0,1900,0.0,0.0
2022-09-15 09:00:00+09:00,861.0,861.0,851.0,858.0,3400,0.0,0.0
2022-09-15 10:00:00+09:00,865.0,865.0,865.0,865.0,100,0.0,0.0
2022-09-15 11:00:00+09:00,865.0,865.0,865.0,865.0,0,0.0,0.0
2022-09-15 12:00:00+09:00,860.0,860.0,855.0,860.0,4700,0.0,0.0
2022-09-15 13:00:00+09:00,862.0,862.0,862.0,862.0,400,0.0,0.0
2022-09-16 09:00:00+09:00,860.0,860.0,860.0,860.0,100,0.0,0.0
2022-09-16 10:00:00+09:00,861.0,861.0,854.0,854.0,900,0.0,0.0
2022-09-16 11:00:00+09:00,854.0,854.0,851.0,851.0,0,0.0,0.0
2022-09-16 13:00:00+09:00,851.0,855.0,850.0,855.0,3100,0.0,0.0
2022-09-16 14:00:00+09:00,853.0,853.0,852.0,852.0,200,0.0,0.0
2022-09-20 09:00:00+09:00,861.0,861.0,860.0,860.0,300,0.0,0.0
2022-09-20 10:00:00+09:00,857.0,857.0,857.0,857.0,100,0.0,0.0
2022-09-20 11:00:00+09:00,857.0,857.0,857.0,857.0,0,0.0,0.0
2022-09-20 12:00:00+09:00,855.0,855.0,840.0,840.0,2200,0.0,0.0
2022-09-20 13:00:00+09:00,842.0,850.0,841.0,843.0,0,0.0,0.0
2022-09-20 14:00:00+09:00,845.0,845.0,845.0,845.0,3500,0.0,0.0
2022-09-21 10:00:00+09:00,846.0,846.0,846.0,846.0,700,0.0,0.0
2022-09-21 11:00:00+09:00,846.0,846.0,846.0,846.0,0,0.0,0.0
2022-09-22 09:00:00+09:00,849.0,849.0,840.0,840.0,900,0.0,0.0
2022-09-22 10:00:00+09:00,841.0,841.0,840.0,840.0,700,0.0,0.0
2022-09-22 11:00:00+09:00,840.0,840.0,840.0,840.0,0,0.0,0.0
2022-09-22 12:00:00+09:00,840.0,840.0,840.0,840.0,1700,0.0,0.0
2022-09-22 14:00:00+09:00,843.0,845.0,840.0,840.0,800,0.0,0.0
2022-09-26 09:00:00+09:00,840.0,840.0,827.0,827.0,0,0.0,0.0
2022-09-26 10:00:00+09:00,828.0,828.0,825.0,825.0,900,0.0,0.0
2022-09-26 11:00:00+09:00,826.0,826.0,826.0,826.0,0,0.0,0.0
2022-09-26 13:00:00+09:00,826.0,826.0,825.0,825.0,3200,0.0,0.0
2022-09-26 14:00:00+09:00,825.0,825.0,825.0,825.0,200,0.0,0.0
2022-09-27 09:00:00+09:00,830.0,830.0,830.0,830.0,100,0.0,0.0
2022-09-27 11:00:00+09:00,830.0,830.0,830.0,830.0,0,0.0,0.0
2022-09-27 13:00:00+09:00,830.0,830.0,821.0,821.0,400,0.0,0.0
2022-09-28 10:00:00+09:00,818.0,818.0,818.0,818.0,100,0.0,0.0
2022-09-28 11:00:00+09:00,818.0,818.0,813.0,813.0,0,0.0,0.0
2022-09-28 12:00:00+09:00,814.0,814.0,806.0,806.0,1200,0.0,0.0
2022-09-28 13:00:00+09:00,814.0,814.0,814.0,814.0,100,0.0,0.0
2022-09-29 09:00:00+09:00,825.0,825.0,825.0,825.0,500,0.0,0.0
2022-09-29 10:00:00+09:00,822.0,822.0,822.0,822.0,100,0.0,0.0
2022-09-29 11:00:00+09:00,822.0,822.0,822.0,822.0,0,0.0,0.0
2022-09-29 12:00:00+09:00,820.0,820.0,820.0,820.0,700,0.0,0.0
2022-09-30 09:00:00+09:00,813.0,813.0,812.0,812.0,200,0.0,0.0
2022-09-30 11:00:00+09:00,810.0,810.0,810.0,810.0,0,0.0,0.0
2022-09-30 12:00:00+09:00,804.0,804.0,803.0,803.0,1200,0.0,0.0
2022-09-30 13:00:00+09:00,804.0,807.0,801.0,802.0,1100,0.0,0.0
2022-09-30 14:00:00+09:00,802.0,802.0,802.0,802.0,200,0.0,0.0
2022-10-03 09:00:00+09:00,804.0,804.0,804.0,804.0,200,0.0,0.0
2022-10-03 10:00:00+09:00,804.0,804.0,801.0,801.0,600,0.0,0.0
2022-10-03 11:00:00+09:00,801.0,801.0,801.0,801.0,0,0.0,0.0
2022-10-03 13:00:00+09:00,808.0,808.0,801.0,808.0,1100,0.0,0.0
2022-10-04 09:00:00+09:00,811.0,813.0,811.0,812.0,500,0.0,0.0
2022-10-04 10:00:00+09:00,816.0,816.0,808.0,808.0,300,0.0,0.0
2022-10-04 11:00:00+09:00,808.0,808.0,805.0,805.0,0,0.0,0.0
2022-10-04 13:00:00+09:00,812.0,812.0,812.0,812.0,1100,0.0,0.0
2022-10-04 14:00:00+09:00,805.0,805.0,775.0,788.0,3900,0.0,0.0
2022-10-05 09:00:00+09:00,801.0,801.0,801.0,801.0,200,0.0,0.0
2022-10-05 10:00:00+09:00,806.0,806.0,806.0,806.0,100,0.0,0.0
2022-10-05 11:00:00+09:00,806.0,806.0,806.0,806.0,0,0.0,0.0
2022-10-05 12:00:00+09:00,797.0,797.0,797.0,797.0,500,0.0,0.0
2022-10-06 09:00:00+09:00,812.0,812.0,812.0,812.0,100,0.0,0.0
2022-10-06 10:00:00+09:00,805.0,812.0,805.0,812.0,200,0.0,0.0
2022-10-06 11:00:00+09:00,812.0,812.0,812.0,812.0,0,0.0,0.0
2022-10-06 13:00:00+09:00,800.0,800.0,800.0,800.0,400,0.0,0.0
2022-10-06 14:00:00+09:00,808.0,808.0,808.0,808.0,100,0.0,0.0
2022-10-07 09:00:00+09:00,809.0,809.0,809.0,809.0,200,0.0,0.0
2022-10-07 10:00:00+09:00,794.0,794.0,793.0,793.0,200,0.0,0.0
2022-10-07 11:00:00+09:00,793.0,793.0,793.0,793.0,0,0.0,0.0
2022-10-07 13:00:00+09:00,808.0,808.0,808.0,808.0,500,0.0,0.0
2022-10-12 13:00:00+09:00,795.0,795.0,795.0,795.0,0,0.0,0.0
2022-10-13 09:00:00+09:00,784.0,784.0,784.0,784.0,600,0.0,0.0
2022-10-13 11:00:00+09:00,784.0,784.0,784.0,784.0,0,0.0,0.0
2022-10-13 12:00:00+09:00,784.0,784.0,784.0,784.0,700,0.0,0.0
2022-10-13 14:00:00+09:00,786.0,786.0,772.0,772.0,2700,0.0,0.0
2022-10-14 09:00:00+09:00,788.0,788.0,788.0,788.0,200,0.0,0.0
2022-10-14 11:00:00+09:00,788.0,788.0,788.0,788.0,0,0.0,0.0
2022-10-14 13:00:00+09:00,787.0,787.0,787.0,787.0,400,0.0,0.0
2022-10-14 14:00:00+09:00,786.0,786.0,786.0,786.0,100,0.0,0.0
2022-10-17 09:00:00+09:00,774.0,774.0,772.0,772.0,0,0.0,0.0
2022-10-17 10:00:00+09:00,774.0,774.0,772.0,772.0,1000,0.0,0.0
2022-10-17 11:00:00+09:00,772.0,772.0,772.0,772.0,0,0.0,0.0
2022-10-17 12:00:00+09:00,772.0,780.0,772.0,780.0,0,0.0,0.0
2022-10-17 14:00:00+09:00,772.0,772.0,760.0,765.0,4000,0.0,0.0
2022-10-18 11:00:00+09:00,780.0,780.0,780.0,780.0,100,0.0,0.0
2022-10-18 14:00:00+09:00,781.0,781.0,775.0,775.0,300,0.0,0.0
2022-10-19 13:00:00+09:00,780.0,780.0,766.0,766.0,500,0.0,0.0
2022-10-19 14:00:00+09:00,779.0,780.0,779.0,780.0,400,0.0,0.0
2022-10-20 09:00:00+09:00,769.0,780.0,769.0,780.0,200,0.0,0.0
2022-10-20 11:00:00+09:00,780.0,780.0,780.0,780.0,0,0.0,0.0
2022-10-20 14:00:00+09:00,780.0,780.0,780.0,780.0,300,0.0,0.0
2022-10-21 09:00:00+09:00,776.0,776.0,776.0,776.0,200,0.0,0.0
2022-10-21 10:00:00+09:00,780.0,780.0,780.0,780.0,100,0.0,0.0
2022-10-21 11:00:00+09:00,780.0,780.0,780.0,780.0,0,0.0,0.0
2022-10-24 09:00:00+09:00,795.0,795.0,784.0,794.0,400,0.0,0.0
2022-10-24 11:00:00+09:00,794.0,794.0,794.0,794.0,0,0.0,0.0
2022-10-24 12:00:00+09:00,794.0,794.0,794.0,794.0,600,0.0,0.0
2022-10-24 14:00:00+09:00,789.0,789.0,789.0,789.0,100,0.0,0.0
2022-10-25 09:00:00+09:00,793.0,793.0,792.0,792.0,700,0.0,0.0
2022-10-25 10:00:00+09:00,795.0,795.0,795.0,795.0,400,0.0,0.0
2022-10-25 11:00:00+09:00,795.0,795.0,795.0,795.0,0,0.0,0.0
2022-10-25 12:00:00+09:00,799.0,810.0,796.0,796.0,2600,0.0,0.0
2022-10-25 14:00:00+09:00,800.0,807.0,797.0,797.0,400,0.0,0.0
2022-10-26 09:00:00+09:00,790.0,790.0,790.0,790.0,500,0.0,0.0
2022-10-26 10:00:00+09:00,786.0,786.0,786.0,786.0,100,0.0,0.0
2022-10-26 11:00:00+09:00,786.0,786.0,786.0,786.0,0,0.0,0.0
2022-10-26 14:00:00+09:00,800.0,800.0,782.0,782.0,1000,0.0,0.0
2022-10-28 13:00:00+09:00,775.0,775.0,775.0,775.0,100,0.0,0.0
2022-10-31 11:00:00+09:00,790.0,790.0,790.0,790.0,0,0.0,0.0
2022-11-01 10:00:00+09:00,792.0,798.0,792.0,798.0,300,0.0,0.0
2022-11-01 11:00:00+09:00,798.0,798.0,798.0,798.0,0,0.0,0.0
2022-11-01 12:00:00+09:00,796.0,796.0,796.0,796.0,400,0.0,0.0
2022-11-01 14:00:00+09:00,791.0,791.0,790.0,790.0,300,0.0,0.0
2022-11-02 09:00:00+09:00,795.0,795.0,795.0,795.0,100,0.0,0.0
2022-11-02 11:00:00+09:00,795.0,795.0,795.0,795.0,0,0.0,0.0
2022-11-02 12:00:00+09:00,780.0,809.0,780.0,809.0,5200,0.0,0.0
2022-11-02 14:00:00+09:00,804.0,816.0,804.0,812.0,1300,0.0,0.0
2022-11-04 09:00:00+09:00,797.0,797.0,779.0,794.0,3300,0.0,0.0
2022-11-04 10:00:00+09:00,798.0,798.0,798.0,798.0,100,0.0,0.0
2022-11-04 11:00:00+09:00,798.0,798.0,798.0,798.0,0,0.0,0.0
2022-11-04 14:00:00+09:00,797.0,797.0,797.0,797.0,3800,0.0,0.0
2022-11-07 09:00:00+09:00,782.0,783.0,780.0,780.0,0,0.0,0.0
2022-11-07 10:00:00+09:00,795.0,795.0,795.0,795.0,200,0.0,0.0
2022-11-07 11:00:00+09:00,796.0,796.0,796.0,796.0,0,0.0,0.0
2022-11-07 13:00:00+09:00,787.0,787.0,787.0,787.0,1900,0.0,0.0
2022-11-07 14:00:00+09:00,794.0,794.0,794.0,794.0,100,0.0,0.0
2022-11-08 09:00:00+09:00,797.0,806.0,797.0,806.0,800,0.0,0.0
2022-11-08 10:00:00+09:00,803.0,803.0,800.0,800.0,1200,0.0,0.0
2022-11-08 11:00:00+09:00,809.0,809.0,809.0,809.0,0,0.0,0.0
2022-11-08 12:00:00+09:00,809.0,810.0,809.0,810.0,2400,0.0,0.0
2022-11-08 14:00:00+09:00,807.0,807.0,807.0,807.0,300,0.0,0.0
2022-11-09 12:00:00+09:00,807.0,807.0,807.0,807.0,100,0.0,0.0
2022-11-10 09:00:00+09:00,809.0,809.0,809.0,809.0,300,0.0,0.0
2022-11-10 11:00:00+09:00,809.0,809.0,809.0,809.0,0,0.0,0.0
2022-11-10 12:00:00+09:00,801.0,801.0,801.0,801.0,500,0.0,0.0
2022-11-10 13:00:00+09:00,809.0,809.0,809.0,809.0,100,0.0,0.0
2022-11-10 14:00:00+09:00,809.0,809.0,809.0,809.0,100,0.0,0.0
2022-11-11 09:00:00+09:00,824.0,824.0,821.0,824.0,1200,0.0,0.0
2022-11-11 10:00:00+09:00,811.0,828.0,811.0,828.0,1000,0.0,0.0
2022-11-11 11:00:00+09:00,828.0,828.0,828.0,828.0,0,0.0,0.0
2022-11-11 12:00:00+09:00,828.0,828.0,822.0,828.0,4700,0.0,0.0
2022-11-11 13:00:00+09:00,828.0,828.0,823.0,823.0,600,0.0,0.0
2022-11-11 14:00:00+09:00,830.0,830.0,830.0,830.0,200,0.0,0.0
2022-11-14 09:00:00+09:00,830.0,830.0,830.0,830.0,100,0.0,0.0
2022-11-14 10:00:00+09:00,830.0,830.0,830.0,830.0,100,0.0,0.0
2022-11-14 11:00:00+09:00,830.0,830.0,830.0,830.0,0,0.0,0.0
2022-11-14 14:00:00+09:00,831.0,831.0,831.0,831.0,300,0.0,0.0
2022-11-15 09:00:00+09:00,839.0,840.0,839.0,840.0,300,0.0,0.0
2022-11-15 10:00:00+09:00,841.0,841.0,841.0,841.0,100,0.0,0.0
2022-11-15 11:00:00+09:00,841.0,841.0,841.0,841.0,0,0.0,0.0
2022-11-15 12:00:00+09:00,836.0,836.0,836.0,836.0,0,0.0,0.0
2022-11-15 13:00:00+09:00,834.0,834.0,828.0,828.0,0,0.0,0.0
2022-11-15 14:00:00+09:00,835.0,835.0,831.0,831.0,1400,0.0,0.0
2022-11-16 09:00:00+09:00,827.0,828.0,827.0,828.0,400,0.0,0.0
2022-11-16 11:00:00+09:00,828.0,828.0,828.0,828.0,0,0.0,0.0
2022-11-16 12:00:00+09:00,828.0,828.0,827.0,827.0,600,0.0,0.0
2022-11-17 09:00:00+09:00,833.0,834.0,833.0,834.0,500,0.0,0.0
2022-11-17 10:00:00+09:00,838.0,838.0,838.0,838.0,200,0.0,0.0
2022-11-17 11:00:00+09:00,840.0,850.0,840.0,850.0,0,0.0,0.0
2022-11-17 12:00:00+09:00,850.0,850.0,850.0,850.0,1200,0.0,0.0
2022-11-17 13:00:00+09:00,851.0,852.0,846.0,850.0,1400,0.0,0.0
2022-11-18 09:00:00+09:00,851.0,851.0,839.0,844.0,1600,0.0,0.0
2022-11-18 10:00:00+09:00,844.0,851.0,844.0,846.0,600,0.0,0.0
2022-11-18 11:00:00+09:00,846.0,846.0,846.0,846.0,0,0.0,0.0
2022-11-18 12:00:00+09:00,839.0,839.0,838.0,838.0,2400,0.0,0.0
2022-11-18 14:00:00+09:00,840.0,840.0,840.0,840.0,100,0.0,0.0
2022-11-21 09:00:00+09:00,836.0,836.0,833.0,833.0,0,0.0,0.0
2022-11-21 10:00:00+09:00,828.0,843.0,828.0,843.0,300,0.0,0.0
2022-11-21 11:00:00+09:00,836.0,836.0,836.0,836.0,0,0.0,0.0
2022-11-21 12:00:00+09:00,826.0,826.0,826.0,826.0,1000,0.0,0.0
2022-11-21 14:00:00+09:00,835.0,835.0,835.0,835.0,100,0.0,0.0
2022-11-22 09:00:00+09:00,830.0,830.0,830.0,830.0,200,0.0,0.0
2022-11-22 11:00:00+09:00,830.0,830.0,830.0,830.0,0,0.0,0.0
2022-11-22 12:00:00+09:00,833.0,840.0,833.0,840.0,500,0.0,0.0
2022-11-22 13:00:00+09:00,846.0,846.0,839.0,839.0,300,0.0,0.0
2022-11-22 14:00:00+09:00,839.0,840.0,836.0,836.0,700,0.0,0.0
2022-11-24 09:00:00+09:00,842.0,854.0,842.0,854.0,400,0.0,0.0
2022-11-24 11:00:00+09:00,848.0,850.0,848.0,849.0,0,0.0,0.0
2022-11-24 12:00:00+09:00,850.0,851.0,850.0,851.0,2600,0.0,0.0
2022-11-24 13:00:00+09:00,852.0,852.0,852.0,852.0,100,0.0,0.0
2022-11-25 09:00:00+09:00,850.0,850.0,840.0,840.0,1800,0.0,0.0
2022-11-25 11:00:00+09:00,838.0,838.0,838.0,838.0,0,0.0,0.0
2022-11-25 12:00:00+09:00,838.0,838.0,838.0,838.0,2100,0.0,0.0
2022-11-25 13:00:00+09:00,839.0,839.0,839.0,839.0,100,0.0,0.0
2022-11-28 09:00:00+09:00,841.0,841.0,841.0,841.0,200,0.0,0.0
2022-11-28 10:00:00+09:00,841.0,841.0,840.0,840.0,700,0.0,0.0
2022-11-28 11:00:00+09:00,840.0,840.0,840.0,840.0,0,0.0,0.0
2022-11-28 12:00:00+09:00,841.0,845.0,838.0,845.0,2200,0.0,0.0
2022-11-28 13:00:00+09:00,841.0,842.0,840.0,840.0,800,0.0,0.0
2022-11-29 10:00:00+09:00,840.0,840.0,840.0,840.0,100,0.0,0.0
2022-11-29 11:00:00+09:00,840.0,840.0,840.0,840.0,0,0.0,0.0
2022-11-30 09:00:00+09:00,847.0,847.0,840.0,840.0,1400,0.0,0.0
2022-11-30 11:00:00+09:00,840.0,840.0,840.0,840.0,0,0.0,0.0
2022-11-30 12:00:00+09:00,840.0,840.0,840.0,840.0,2300,0.0,0.0
2022-11-30 13:00:00+09:00,836.0,836.0,836.0,836.0,100,0.0,0.0
2022-11-30 14:00:00+09:00,837.0,841.0,837.0,841.0,300,0.0,0.0
2022-12-01 09:00:00+09:00,840.0,841.0,833.0,833.0,1300,0.0,0.0
2022-12-01 10:00:00+09:00,839.0,839.0,839.0,839.0,100,0.0,0.0
2022-12-01 11:00:00+09:00,840.0,840.0,840.0,840.0,0,0.0,0.0
2022-12-01 12:00:00+09:00,844.0,844.0,833.0,833.0,2300,0.0,0.0
2022-12-01 14:00:00+09:00,834.0,840.0,830.0,840.0,2100,0.0,0.0
2022-12-02 09:00:00+09:00,854.0,854.0,840.0,843.0,2600,0.0,0.0
2022-12-02 10:00:00+09:00,846.0,846.0,845.0,845.0,400,0.0,0.0
2022-12-02 11:00:00+09:00,845.0,845.0,845.0,845.0,0,0.0,0.0
2022-12-02 12:00:00+09:00,846.0,846.0,846.0,846.0,4600,0.0,0.0
2022-12-02 14:00:00+09:00,843.0,843.0,838.0,838.0,1200,0.0,0.0
2022-12-05 09:00:00+09:00,847.0,847.0,839.0,839.0,1100,0.0,0.0
2022-12-05 11:00:00+09:00,836.0,838.0,831.0,838.0,0,0.0,0.0
2022-12-05 12:00:00+09:00,843.0,843.0,836.0,843.0,4600,0.0,0.0
2022-12-05 13:00:00+09:00,844.0,869.0,844.0,862.0,3500,0.0,0.0
2022-12-05 14:00:00+09:00,859.0,863.0,859.0,861.0,1300,0.0,0.0
2022-12-06 09:00:00+09:00,867.0,867.0,848.0,853.0,3500,0.0,0.0
2022-12-06 11:00:00+09:00,858.0,858.0,851.0,857.0,0,0.0,0.0
2022-12-06 12:00:00+09:00,853.0,855.0,853.0,855.0,4000,0.0,0.0
2022-12-06 13:00:00+09:00,853.0,857.0,853.0,857.0,200,0.0,0.0
2022-12-07 14:00:00+09:00,850.0,850.0,850.0,850.0,500,0.0,0.0
2022-12-08 10:00:00+09:00,845.0,845.0,845.0,845.0,0,0.0,0.0
2022-12-08 11:00:00+09:00,845.0,845.0,845.0,845.0,0,0.0,0.0
2022-12-09 09:00:00+09:00,845.0,845.0,845.0,845.0,100,0.0,0.0
2022-12-09 11:00:00+09:00,845.0,845.0,845.0,845.0,0,0.0,0.0
2022-12-09 12:00:00+09:00,851.0,851.0,851.0,851.0,1200,0.0,0.0
2022-12-09 13:00:00+09:00,850.0,850.0,850.0,850.0,100,0.0,0.0
2022-12-09 14:00:00+09:00,849.0,849.0,842.0,847.0,1200,0.0,0.0
2022-12-12 09:00:00+09:00,851.0,851.0,851.0,851.0,0,0.0,0.0
2022-12-12 11:00:00+09:00,851.0,851.0,851.0,851.0,0,0.0,0.0
2022-12-12 12:00:00+09:00,852.0,853.0,851.0,853.0,3000,0.0,0.0
2022-12-12 14:00:00+09:00,853.0,853.0,847.0,850.0,0,0.0,0.0
2022-12-13 12:00:00+09:00,840.0,848.0,838.0,848.0,1100,0.0,0.0
2022-12-13 13:00:00+09:00,843.0,843.0,826.0,835.0,1400,0.0,0.0
2022-12-13 14:00:00+09:00,834.0,835.0,826.0,835.0,1100,0.0,0.0
2022-12-14 09:00:00+09:00,838.0,838.0,838.0,838.0,100,0.0,0.0
2022-12-14 11:00:00+09:00,838.0,838.0,838.0,838.0,0,0.0,0.0
2022-12-14 13:00:00+09:00,835.0,842.0,835.0,842.0,800,0.0,0.0
2022-12-14 14:00:00+09:00,836.0,836.0,832.0,835.0,600,0.0,0.0
2022-12-15 09:00:00+09:00,843.0,843.0,842.0,842.0,4500,0.0,0.0
2022-12-15 10:00:00+09:00,842.0,842.0,842.0,842.0,100,0.0,0.0
2022-12-15 11:00:00+09:00,842.0,842.0,842.0,842.0,0,0.0,0.0
2022-12-15 12:00:00+09:00,832.0,832.0,832.0,832.0,4700,0.0,0.0
2022-12-16 09:00:00+09:00,835.0,835.0,835.0,835.0,0,0.0,0.0
2022-12-16 10:00:00+09:00,836.0,845.0,830.0,830.0,5900,0.0,0.0
2022-12-16 11:00:00+09:00,830.0,830.0,830.0,830.0,0,0.0,0.0
2022-12-16 12:00:00+09:00,828.0,830.0,828.0,830.0,6300,0.0,0.0
2022-12-16 14:00:00+09:00,830.0,830.0,830.0,830.0,300,0.0,0.0
2022-12-19 09:00:00+09:00,833.0,833.0,833.0,833.0,200,0.0,0.0
2022-12-19 11:00:00+09:00,833.0,833.0,833.0,833.0,0,0.0,0.0
2022-12-19 13:00:00+09:00,828.0,837.0,822.0,836.0,7800,0.0,0.0
2022-12-19 14:00:00+09:00,825.0,832.0,825.0,832.0,300,0.0,0.0
2022-12-20 09:00:00+09:00,830.0,832.0,829.0,831.0,900,0.0,0.0
2022-12-20 11:00:00+09:00,828.0,828.0,828.0,828.0,0,0.0,0.0
2022-12-20 12:00:00+09:00,822.0,822.0,820.0,820.0,2100,0.0,0.0
2022-12-20 13:00:00+09:00,819.0,819.0,750.0,767.0,17400,0.0,0.0
2022-12-20 14:00:00+09:00,771.0,792.0,753.0,787.0,6700,0.0,0.0
2022-12-21 09:00:00+09:00,761.0,774.0,757.0,768.0,8100,0.0,0.0
2022-12-21 10:00:00+09:00,763.0,769.0,763.0,769.0,400,0.0,0.0
2022-12-21 11:00:00+09:00,772.0,778.0,772.0,773.0,0,0.0,0.0
2022-12-21 12:00:00+09:00,761.0,761.0,761.0,761.0,10000,0.0,0.0
2022-12-21 13:00:00+09:00,763.0,764.0,762.0,762.0,0,0.0,0.0
2022-12-21 14:00:00+09:00,763.0,764.0,755.0,764.0,16000,0.0,0.0
2022-12-22 09:00:00+09:00,770.0,770.0,764.0,764.0,300,0.0,0.0
2022-12-22 11:00:00+09:00,764.0,764.0,764.0,764.0,0,0.0,0.0
2022-12-22 13:00:00+09:00,763.0,763.0,763.0,763.0,400,0.0,0.0
2022-12-23 09:00:00+09:00,772.0,772.0,762.0,762.0,2700,0.0,0.0
2022-12-23 11:00:00+09:00,762.0,762.0,762.0,762.0,0,0.0,0.0
2022-12-23 14:00:00+09:00,761.0,761.0,761.0,761.0,3000,0.0,0.0
2022-12-26 09:00:00+09:00,769.0,769.0,754.0,768.0,0,0.0,0.0
2022-12-26 11:00:00+09:00,768.0,768.0,768.0,768.0,0,0.0,0.0
2022-12-26 13:00:00+09:00,769.0,769.0,769.0,769.0,2300,0.0,0.0
2022-12-27 09:00:00+09:00,765.0,765.0,765.0,765.0,300,0.0,0.0
2022-12-27 11:00:00+09:00,765.0,765.0,765.0,765.0,0,0.0,0.0
2022-12-27 12:00:00+09:00,765.0,765.0,765.0,765.0,400,0.0,0.0
2022-12-27 13:00:00+09:00,760.0,760.0,746.0,750.0,2800,0.0,0.0
2022-12-27 14:00:00+09:00,750.0,753.0,748.0,753.0,600,0.0,0.0
2022-12-28 09:00:00+09:00,777.0,777.0,758.0,758.0,2000,0.0,0.0
2022-12-28 10:00:00+09:00,759.0,759.0,759.0,759.0,0,0.0,0.0
2022-12-28 11:00:00+09:00,757.0,759.0,757.0,759.0,0,0.0,0.0
2022-12-28 14:00:00+09:00,764.0,764.0,764.0,764.0,2600,0.0,0.0
2022-12-29 09:00:00+09:00,767.0,767.0,764.0,764.0,300,0.0,0.0
2022-12-29 10:00:00+09:00,766.0,787.0,766.0,777.0,2000,0.0,0.0
2022-12-29 11:00:00+09:00,772.0,772.0,771.0,771.0,0,0.0,0.0
2022-12-30 09:00:00+09:00,763.0,763.0,763.0,763.0,300,0.0,0.0
2022-12-30 11:00:00+09:00,767.0,796.0,767.0,796.0,0,0.0,0.0
2022-12-30 13:00:00+09:00,795.0,795.0,795.0,795.0,1900,0.0,0.0
2023-01-04 09:00:00+09:00,782.0,785.0,777.0,785.0,0,0.0,0.0
2023-01-04 10:00:00+09:00,785.0,785.0,785.0,785.0,200,0.0,0.0
2023-01-04 11:00:00+09:00,785.0,785.0,785.0,785.0,0,0.0,0.0
2023-01-04 13:00:00+09:00,788.0,788.0,788.0,788.0,2300,0.0,0.0
2023-01-04 14:00:00+09:00,784.0,784.0,783.0,783.0,300,0.0,0.0
2023-01-05 09:00:00+09:00,781.0,781.0,781.0,781.0,300,0.0,0.0
2023-01-05 10:00:00+09:00,781.0,781.0,781.0,781.0,100,0.0,0.0
2023-01-05 11:00:00+09:00,781.0,781.0,781.0,781.0,0,0.0,0.0
2023-01-05 14:00:00+09:00,775.0,775.0,775.0,775.0,500,0.0,0.0
2023-01-06 10:00:00+09:00,761.0,763.0,761.0,763.0,400,0.0,0.0
2023-01-06 11:00:00+09:00,767.0,767.0,767.0,767.0,0,0.0,0.0
2023-01-06 12:00:00+09:00,774.0,774.0,774.0,774.0,600,0.0,0.0
2023-01-10 09:00:00+09:00,772.0,772.0,772.0,772.0,0,0.0,0.0
2023-01-10 10:00:00+09:00,772.0,773.0,772.0,773.0,200,0.0,0.0
2023-01-10 11:00:00+09:00,773.0,773.0,773.0,773.0,0,0.0,0.0
2023-01-10 14:00:00+09:00,773.0,776.0,773.0,776.0,700,0.0,0.0
2023-01-11 09:00:00+09:00,776.0,776.0,776.0,776.0,100,0.0,0.0
2023-01-11 10:00:00+09:00,775.0,775.0,775.0,775.0,100,0.0,0.0
2023-01-11 11:00:00+09:00,775.0,775.0,775.0,775.0,0,0.0,0.0
2023-01-11 13:00:00+09:00,775.0,780.0,775.0,775.0,600,0.0,0.0
2023-01-12 09:00:00+09:00,778.0,784.0,778.0,778.0,900,0.0,0.0
2023-01-12 11:00:00+09:00,778.0,778.0,778.0,778.0,0,0.0,0.0
2023-01-12 12:00:00+09:00,777.0,777.0,777.0,777.0,1000,0.0,0.0
2023-01-13 09:00:00+09:00,773.0,773.0,773.0,773.0,300,0.0,0.0
2023-01-13 11:00:00+09:00,773.0,773.0,773.0,773.0,0,0.0,0.0
2023-01-16 09:00:00+09:00,772.0,772.0,771.0,771.0,400,0.0,0.0
2023-01-16 10:00:00+09:00,777.0,780.0,772.0,780.0,400,0.0,0.0
2023-01-16 11:00:00+09:00,780.0,780.0,780.0,780.0,0,0.0,0.0
2023-01-16 12:00:00+09:00,777.0,777.0,777.0,777.0,900,0.0,0.0
2023-01-17 09:00:00+09:00,787.0,787.0,787.0,787.0,100,0.0,0.0
2023-01-17 11:00:00+09:00,781.0,781.0,780.0,780.0,0,0.0,0.0
2023-01-17 12:00:00+09:00,779.0,779.0,779.0,779.0,500,0.0,0.0
2023-01-18 09:00:00+09:00,785.0,786.0,785.0,786.0,600,0.0,0.0
2023-01-18 11:00:00+09:00,786.0,786.0,786.0,786.0,0,0.0,0.0
2023-01-18 14:00:00+09:00,783.0,783.0,783.0,783.0,900,0.0,0.0
2023-01-19 09:00:00+09:00,783.0,785.0,783.0,785.0,600,0.0,0.0
2023-01-19 11:00:00+09:00,785.0,785.0,785.0,785.0,0,0.0,0.0
2023-01-19 12:00:00+09:00,788.0,788.0,788.0,788.0,700,0.0,0.0
2023-01-19 14:00:00+09:00,790.0,790.0,790.0,790.0,200,0.0,0.0
2023-01-20 09:00:00+09:00,790.0,790.0,790.0,790.0,100,0.0,0.0
2023-01-20 10:00:00+09:00,791.0,791.0,790.0,791.0,700,0.0,0.0
2023-01-20 11:00:00+09:00,791.0,791.0,791.0,791.0,0,0.0,0.0
2023-01-20 12:00:00+09:00,796.0,804.0,796.0,800.0,2100,0.0,0.0
2023-01-23 09:00:00+09:00,807.0,807.0,798.0,800.0,1100,0.0,0.0
2023-01-23 10:00:00+09:00,802.0,802.0,796.0,800.0,500,0.0,0.0
2023-01-23 11:00:00+09:00,800.0,800.0,800.0,800.0,0,0.0,0.0
2023-01-24 09:00:00+09:00,801.0,801.0,801.0,801.0,400,0.0,0.0
2023-01-24 10:00:00+09:00,800.0,800.0,799.0,799.0,500,0.0,0.0
2023-01-24 11:00:00+09:00,799.0,799.0,799.0,799.0,0,0.0,0.0
2023-01-24 12:00:00+09:00,799.0,799.0,799.0,799.0,1000,0.0,0.0
2023-01-24 13:00:00+09:00,792.0,792.0,792.0,792.0,100,0.0,0.0
2023-01-25 09:00:00+09:00,799.0,799.0,799.0,799.0,900,0.0,0.0
2023-01-25 10:00:00+09:00,793.0,793.0,793.0,793.0,100,0.0,0.0
2023-01-25 11:00:00+09:00,793.0,793.0,793.0,793.0,0,0.0,0.0
2023-01-25 12:00:00+09:00,797.0,797.0,797.0,797.0,1100,0.0,0.0
2023-01-25 13:00:00+09:00,798.0,798.0,798.0,798.0,200,0.0,0.0
2023-01-25 14:00:00+09:00,795.0,795.0,795.0,795.0,500,0.0,0.0
2023-01-26 09:00:00+09:00,797.0,798.0,797.0,798.0,400,0.0,0.0
2023-01-26 10:00:00+09:00,794.0,800.0,793.0,800.0,600,0.0,0.0
2023-01-26 11:00:00+09:00,800.0,800.0,800.0,800.0,0,0.0,0.0
2023-01-26 12:00:00+09:00,800.0,800.0,800.0,800.0,0,0.0,0.0
2023-01-27 09:00:00+09:00,800.0,804.0,800.0,804.0,10400,0.0,0.0
2023-01-27 10:00:00+09:00,807.0,821.0,807.0,821.0,1800,0.0,0.0
2023-01-27 11:00:00+09:00,821.0,821.0,819.0,820.0,0,0.0,0.0
2023-01-27 12:00:00+09:00,805.0,805.0,805.0,805.0,12700,0.0,0.0
2023-01-27 13:00:00+09:00,804.0,804.0,803.0,803.0,200,0.0,0.0
2023-01-27 14:00:00+09:00,803.0,803.0,803.0,803.0,100,0.0,0.0
2023-01-30 09:00:00+09:00,806.0,806.0,804.0,804.0,200,0.0,0.0
2023-01-30 11:00:00+09:00,804.0,804.0,804.0,804.0,0,0.0,0.0
2023-01-30 12:00:00+09:00,808.0,808.0,808.0,808.0,400,0.0,0.0
2023-01-30 13:00:00+09:00,804.0,804.0,804.0,804.0,100,0.0,0.0
2023-01-30 14:00:00+09:00,804.0,804.0,804.0,804.0,100,0.0,0.0
2023-01-31 09:00:00+09:00,803.0,805.0,803.0,805.0,200,0.0,0.0
2023-01-31 11:00:00+09:00,804.0,806.0,803.0,806.0,0,0.0,0.0
2023-01-31 12:00:00+09:00,806.0,806.0,806.0,806.0,600,0.0,0.0
2023-01-31 13:00:00+09:00,803.0,803.0,803.0,803.0,100,0.0,0.0
2023-02-01 09:00:00+09:00,805.0,805.0,803.0,803.0,200,0.0,0.0
2023-02-01 11:00:00+09:00,803.0,803.0,803.0,803.0,0,0.0,0.0
2023-02-01 12:00:00+09:00,805.0,807.0,805.0,807.0,400,0.0,0.0
2023-02-01 13:00:00+09:00,804.0,804.0,804.0,804.0,0,0.0,0.0
2023-02-01 14:00:00+09:00,807.0,807.0,807.0,807.0,700,0.0,0.0
2023-02-02 09:00:00+09:00,806.0,806.0,806.0,806.0,100,0.0,0.0
2023-02-02 11:00:00+09:00,806.0,806.0,806.0,806.0,0,0.0,0.0
2023-02-02 12:00:00+09:00,806.0,806.0,806.0,806.0,200,0.0,0.0
2023-02-02 13:00:00+09:00,805.0,805.0,805.0,805.0,100,0.0,0.0
2023-02-02 14:00:00+09:00,804.0,804.0,803.0,803.0,200,0.0,0.0
2023-02-03 09:00:00+09:00,805.0,806.0,803.0,806.0,800,0.0,0.0
2023-02-03 11:00:00+09:00,806.0,806.0,806.0,806.0,0,0.0,0.0
2023-02-03 13:00:00+09:00,805.0,805.0,805.0,805.0,1000,0.0,0.0
2023-02-03 14:00:00+09:00,804.0,804.0,802.0,802.0,500,0.0,0.0
2023-02-06 09:00:00+09:00,807.0,807.0,807.0,807.0,300,0.0,0.0
2023-02-06 10:00:00+09:00,808.0,819.0,808.0,815.0,0,0.0,0.0
2023-02-06 11:00:00+09:00,815.0,815.0,815.0,815.0,0,0.0,0.0
2023-02-06 12:00:00+09:00,815.0,815.0,815.0,815.0,1300,0.0,0.0
2023-02-06 13:00:00+09:00,810.0,837.0,810.0,834.0,3900,0.0,0.0
2023-02-06 14:00:00+09:00,834.0,837.0,827.0,827.0,1400,0.0,0.0
2023-02-07 09:00:00+09:00,823.0,823.0,817.0,822.0,1900,0.0,0.0
2023-02-07 11:00:00+09:00,816.0,816.0,816.0,816.0,0,0.0,0.0
2023-02-07 14:00:00+09:00,822.0,822.0,810.0,819.0,5500,0.0,0.0
2023-02-08 09:00:00+09:00,839.0,850.0,835.0,845.0,3000,0.0,0.0
2023-02-08 11:00:00+09:00,844.0,844.0,844.0,844.0,0,0.0,0.0
2023-02-08 12:00:00+09:00,843.0,843.0,841.0,841.0,3300,0.0,0.0
2023-02-08 14:00:00+09:00,840.0,849.0,840.0,849.0,1500,0.0,0.0
2023-02-09 09:00:00+09:00,851.0,851.0,847.0,847.0,5900,0.0,0.0
2023-02-09 10:00:00+09:00,844.0,886.0,844.0,881.0,4300,0.0,0.0
2023-02-09 11:00:00+09:00,880.0,880.0,875.0,875.0,0,0.0,0.0
2023-02-09 12:00:00+09:00,875.0,875.0,875.0,875.0,11000,0.0,0.0
2023-02-09 14:00:00+09:00,876.0,893.0,876.0,889.0,2300,0.0,0.0
2023-02-10 09:00:00+09:00,873.0,873.0,872.0,872.0,800,0.0,0.0
2023-02-10 10:00:00+09:00,876.0,878.0,876.0,878.0,400,0.0,0.0
2023-02-10 11:00:00+09:00,881.0,883.0,881.0,883.0,0,0.0,0.0
2023-02-10 12:00:00+09:00,883.0,924.0,880.0,912.0,5200,0.0,0.0
2023-02-10 13:00:00+09:00,908.0,913.0,899.0,899.0,4700,0.0,0.0
2023-02-10 14:00:00+09:00,898.0,900.0,898.0,899.0,500,0.0,0.0
2023-02-13 09:00:00+09:00,889.0,902.0,889.0,902.0,900,0.0,0.0
2023-02-13 10:00:00+09:00,911.0,911.0,908.0,908.0,300,0.0,0.0
2023-02-13 11:00:00+09:00,908.0,908.0,908.0,908.0,0,0.0,0.0
2023-02-13 12:00:00+09:00,901.0,941.0,897.0,935.0,5100,0.0,0.0
2023-02-13 13:00:00+09:00,935.0,943.0,925.0,940.0,3900,0.0,0.0
2023-02-13 14:00:00+09:00,939.0,947.0,939.0,940.0,1800,0.0,0.0
2023-02-14 09:00:00+09:00,926.0,940.0,926.0,938.0,3500,0.0,0.0
2023-02-14 10:00:00+09:00,940.0,952.0,940.0,950.0,2400,0.0,0.0
2023-02-14 11:00:00+09:00,952.0,984.0,952.0,969.0,0,0.0,0.0
2023-02-14 12:00:00+09:00,966.0,974.0,966.0,974.0,8500,0.0,0.0
2023-02-14 13:00:00+09:00,972.0,976.0,972.0,976.0,200,0.0,0.0
2023-02-14 14:00:00+09:00,972.0,973.0,972.0,973.0,200,0.0,0.0
2023-02-15 09:00:00+09:00,966.0,1020.0,966.0,1002.0,6600,0.0,0.0
2023-02-15 10:00:00+09:00,1001.0,1001.0,1001.0,1001.0,100,0.0,0.0
2023-02-15 11:00:00+09:00,1004.0,1008.0,1004.0,1008.0,0,0.0,0.0
2023-02-15 12:00:00+09:00,1002.0,1006.0,1002.0,1006.0,7400,0.0,0.0
2023-02-15 14:00:00+09:00,1007.0,1041.0,1006.0,1024.0,2000,0.0,0.0
2023-02-16 09:00:00+09:00,984.0,1011.0,981.0,989.0,0,0.0,0.0
2023-02-16 10:00:00+09:00,985.0,985.0,963.0,971.0,14000,0.0,0.0
2023-02-16 11:00:00+09:00,971.0,973.0,964.0,973.0,0,0.0,0.0
2023-02-16 12:00:00+09:00,971.0,972.0,943.0,943.0,18600,0.0,0.0
2023-02-16 13:00:00+09:00,943.0,948.0,942.0,947.0,2100,0.0,0.0
2023-02-16 14:00:00+09:00,942.0,946.0,920.0,932.0,7700,0.0,0.0
2023-02-17 09:00:00+09:00,927.0,970.0,927.0,965.0,2700,0.0,0.0
2023-02-17 10:00:00+09:00,971.0,971.0,970.0,970.0,200,0.0,0.0
2023-02-17 11:00:00+09:00,970.0,970.0,969.0,969.0,0,0.0,0.0
2023-02-17 13:00:00+09:00,970.0,970.0,970.0,970.0,3200,0.0,0.0
2023-02-17 14:00:00+09:00,958.0,958.0,958.0,958.0,100,0.0,0.0
2023-02-20 09:00:00+09:00,958.0,958.0,947.0,947.0,400,0.0,0.0
2023-02-20 11:00:00+09:00,947.0,947.0,947.0,947.0,0,0.0,0.0
2023-02-20 12:00:00+09:00,948.0,959.0,948.0,959.0,700,0.0,0.0
2023-02-20 14:00:00+09:00,960.0,960.0,960.0,960.0,100,0.0,0.0
2023-02-21 09:00:00+09:00,960.0,960.0,960.0,960.0,100,0.0,0.0
2023-02-21 10:00:00+09:00,961.0,961.0,960.0,960.0,400,0.0,0.0
2023-02-21 11:00:00+09:00,960.0,960.0,960.0,960.0,0,0.0,0.0
2023-02-21 13:00:00+09:00,961.0,961.0,961.0,961.0,600,0.0,0.0
2023-02-21 14:00:00+09:00,967.0,969.0,967.0,969.0,200,0.0,0.0
2023-02-22 09:00:00+09:00,970.0,970.0,970.0,970.0,200,0.0,0.0
2023-02-22 11:00:00+09:00,970.0,970.0,970.0,970.0,0,0.0,0.0
2023-02-22 12:00:00+09:00,975.0,975.0,975.0,975.0,300,0.0,0.0
2023-02-22 13:00:00+09:00,976.0,977.0,976.0,977.0,300,0.0,0.0
2023-02-22 14:00:00+09:00,976.0,980.0,974.0,978.0,800,0.0,0.0
2023-02-24 09:00:00+09:00,979.0,979.0,975.0,979.0,0,0.0,0.0
2023-02-24 10:00:00+09:00,980.0,991.0,980.0,991.0,700,0.0,0.0
2023-02-24 11:00:00+09:00,997.0,1039.0,997.0,1016.0,0,0.0,0.0
2023-02-24 12:00:00+09:00,1016.0,1044.0,1016.0,1044.0,6900,0.0,0.0
2023-02-24 13:00:00+09:00,1044.0,1045.0,1026.0,1026.0,800,0.0,0.0
2023-02-24 14:00:00+09:00,1028.0,1030.0,1015.0,1015.0,1400,0.0,0.0
2023-02-27 09:00:00+09:00,1011.0,1011.0,1011.0,1011.0,0,0.0,0.0
2023-02-27 10:00:00+09:00,1010.0,1012.0,1010.0,1010.0,600,0.0,0.0
2023-02-27 11:00:00+09:00,1010.0,1010.0,1010.0,1010.0,0,0.0,0.0
2023-02-27 13:00:00+09:00,1010.0,1010.0,1009.0,1010.0,1600,0.0,0.0
2023-02-28 09:00:00+09:00,1010.0,1010.0,981.0,990.0,1000,0.0,0.0
2023-02-28 10:00:00+09:00,991.0,999.0,991.0,998.0,400,0.0,0.0
2023-02-28 11:00:00+09:00,998.0,998.0,998.0,998.0,0,0.0,0.0
2023-02-28 12:00:00+09:00,1011.0,1011.0,1011.0,1011.0,1500,0.0,0.0
2023-02-28 14:00:00+09:00,1012.0,1020.0,1010.0,1010.0,600,0.0,0.0
2023-03-01 09:00:00+09:00,995.0,1000.0,995.0,1000.0,900,0.0,0.0
2023-03-01 10:00:00+09:00,995.0,995.0,995.0,995.0,200,0.0,0.0
2023-03-01 11:00:00+09:00,995.0,995.0,995.0,995.0,0,0.0,0.0
2023-03-02 09:00:00+09:00,986.0,999.0,986.0,999.0,400,0.0,0.0
2023-03-02 11:00:00+09:00,999.0,999.0,999.0,999.0,0,0.0,0.0
2023-03-02 14:00:00+09:00,1005.0,1005.0,1005.0,1005.0,500,0.0,0.0
2023-03-03 09:00:00+09:00,1005.0,1005.0,1000.0,1000.0,300,0.0,0.0
2023-03-03 10:00:00+09:00,998.0,998.0,998.0,998.0,100,0.0,0.0
2023-03-03 11:00:00+09:00,998.0,998.0,998.0,998.0,0,0.0,0.0
2023-03-03 13:00:00+09:00,1010.0,1010.0,1010.0,1010.0,800,0.0,0.0
2023-03-03 14:00:00+09:00,1010.0,1011.0,1000.0,1000.0,1000,0.0,0.0
2023-03-06 09:00:00+09:00,1016.0,1016.0,1016.0,1016.0,300,0.0,0.0
2023-03-06 10:00:00+09:00,1011.0,1011.0,1007.0,1007.0,400,0.0,0.0
2023-03-06 11:00:00+09:00,1007.0,1007.0,1007.0,1007.0,0,0.0,0.0
2023-03-06 13:00:00+09:00,1016.0,1017.0,1016.0,1017.0,0,0.0,0.0
2023-03-06 14:00:00+09:00,1016.0,1016.0,1016.0,1016.0,0,0.0,0.0
2023-03-07 09:00:00+09:00,1016.0,1018.0,1016.0,1018.0,500,0.0,0.0
2023-03-07 10:00:00+09:00,1020.0,1028.0,1020.0,1028.0,400,0.0,0.0
2023-03-07 11:00:00+09:00,1028.0,1028.0,1028.0,1028.0,0,0.0,0.0
2023-03-07 12:00:00+09:00,1030.0,1030.0,1030.0,1030.0,1000,0.0,0.0
2023-03-08 09:00:00+09:00,1031.0,1037.0,1031.0,1037.0,200,0.0,0.0
2023-03-08 11:00:00+09:00,1037.0,1037.0,1037.0,1037.0,0,0.0,0.0
2023-03-08 12:00:00+09:00,1040.0,1040.0,1040.0,1040.0,400,0.0,0.0
2023-03-08 13:00:00+09:00,1041.0,1041.0,1040.0,1040.0,300,0.0,0.0
2023-03-08 14:00:00+09:00,1040.0,1041.0,1040.0,1040.0,400,0.0,0.0
2023-03-09 09:00:00+09:00,1041.0,1041.0,1036.0,1036.0,4900,0.0,0.0
2023-03-09 10:00:00+09:00,1038.0,1044.0,1038.0,1043.0,700,0.0,0.0
2023-03-09 11:00:00+09:00,1038.0,1038.0,1038.0,1038.0,0,0.0,0.0
2023-03-09 12:00:00+09:00,1035.0,1035.0,1035.0,1035.0,5800,0.0,0.0
2023-03-09 14:00:00+09:00,1035.0,1035.0,1035.0,1035.0,100,0.0,0.0
2023-03-10 09:00:00+09:00,1035.0,1035.0,1010.0,1021.0,1400,0.0,0.0
2023-03-10 11:00:00+09:00,1020.0,1020.0,1020.0,1020.0,0,0.0,0.0
2023-03-10 14:00:00+09:00,1016.0,1016.0,1016.0,1016.0,1800,0.0,0.0
2023-03-13 09:00:00+09:00,990.0,995.0,990.0,991.0,0,0.0,0.0
2023-03-13 10:00:00+09:00,982.0,982.0,973.0,981.0,2500,0.0,0.0
2023-03-13 11:00:00+09:00,981.0,981.0,981.0,981.0,0,0.0,0.0
2023-03-13 12:00:00+09:00,981.0,986.0,981.0,986.0,4600,0.0,0.0
2023-03-13 14:00:00+09:00,987.0,991.0,987.0,991.0,200,0.0,0.0
2023-03-14 09:00:00+09:00,966.0,966.0,965.0,965.0,1000,0.0,0.0
2023-03-14 11:00:00+09:00,965.0,965.0,965.0,965.0,0,0.0,0.0
2023-03-14 12:00:00+09:00,972.0,972.0,972.0,972.0,1200,0.0,0.0
2023-03-14 13:00:00+09:00,972.0,972.0,972.0,972.0,200,0.0,0.0
2023-03-14 14:00:00+09:00,972.0,972.0,972.0,972.0,100,0.0,0.0
2023-03-15 09:00:00+09:00,990.0,990.0,976.0,985.0,1800,0.0,0.0
2023-03-15 10:00:00+09:00,995.0,1000.0,980.0,982.0,700,0.0,0.0
2023-03-15 11:00:00+09:00,982.0,982.0,982.0,982.0,0,0.0,0.0
2023-03-15 12:00:00+09:00,981.0,981.0,980.0,980.0,2700,0.0,0.0
2023-03-15 14:00:00+09:00,981.0,981.0,981.0,981.0,100,0.0,0.0
2023-03-16 09:00:00+09:00,981.0,1003.0,981.0,1002.0,1900,0.0,0.0
2023-03-16 10:00:00+09:00,1006.0,1020.0,1004.0,1014.0,800,0.0,0.0
2023-03-16 11:00:00+09:00,1014.0,1014.0,1014.0,1014.0,0,0.0,0.0
2023-03-16 13:00:00+09:00,1027.0,1027.0,1026.0,1026.0,3800,0.0,0.0
2023-03-16 14:00:00+09:00,1024.0,1025.0,1018.0,1018.0,400,0.0,0.0
2023-03-17 11:00:00+09:00,1011.0,1011.0,992.0,992.0,200,0.0,0.0
2023-03-17 12:00:00+09:00,992.0,995.0,966.0,966.0,2000,0.0,0.0
2023-03-17 13:00:00+09:00,972.0,972.0,971.0,971.0,200,0.0,0.0
2023-03-20 11:00:00+09:00,981.0,981.0,981.0,981.0,100,0.0,0.0
2023-03-20 12:00:00+09:00,994.0,994.0,994.0,994.0,200,0.0,0.0
2023-03-20 14:00:00+09:00,981.0,981.0,981.0,981.0,100,0.0,0.0
2023-03-22 09:00:00+09:00,999.0,1003.0,998.0,1003.0,800,0.0,0.0
2023-03-22 11:00:00+09:00,1007.0,1008.0,1006.0,1008.0,0,0.0,0.0
2023-03-22 12:00:00+09:00,1020.0,1020.0,1020.0,1020.0,1600,0.0,0.0
2023-03-22 14:00:00+09:00,1020.0,1020.0,1020.0,1020.0,200,0.0,0.0
2023-03-23 09:00:00+09:00,1029.0,1029.0,1029.0,1029.0,300,0.0,0.0
2023-03-23 11:00:00+09:00,1029.0,1029.0,1029.0,1029.0,0,0.0,0.0
2023-03-23 14:00:00+09:00,1029.0,1060.0,1029.0,1060.0,2300,0.0,0.0
2023-03-24 09:00:00+09:00,1068.0,1069.0,1058.0,1058.0,700,0.0,0.0
2023-03-24 10:00:00+09:00,1061.0,1061.0,1061.0,1061.0,100,0.0,0.0
2023-03-24 11:00:00+09:00,1061.0,1061.0,1061.0,1061.0,0,0.0,0.0
2023-03-24 12:00:00+09:00,1059.0,1059.0,1059.0,1059.0,1200,0.0,0.0
2023-03-24 13:00:00+09:00,1055.0,1055.0,1055.0,1055.0,100,0.0,0.0
2023-03-24 14:00:00+09:00,1055.0,1088.0,1055.0,1075.0,1800,0.0,0.0
2023-03-27 09:00:00+09:00,1080.0,1092.0,1080.0,1092.0,800,0.0,0.0
2023-03-27 10:00:00+09:00,1095.0,1106.0,1082.0,1082.0,1600,0.0,0.0
2023-03-27 11:00:00+09:00,1082.0,1082.0,1082.0,1082.0,0,0.0,0.0
2023-03-27 13:00:00+09:00,1080.0,1080.0,1072.0,1072.0,3000,0.0,0.0
2023-03-28 09:00:00+09:00,1077.0,1077.0,1074.0,1074.0,300,0.0,0.0
2023-03-28 11:00:00+09:00,1074.0,1074.0,1074.0,1074.0,0,0.0,0.0
2023-03-28 12:00:00+09:00,1062.0,1062.0,1062.0,1062.0,400,0.0,0.0
2023-03-29 09:00:00+09:00,1061.0,1062.0,1061.0,1062.0,200,0.0,0.0
2023-03-29 11:00:00+09:00,1062.0,1062.0,1062.0,1062.0,0,0.0,0.0
2023-03-30 09:00:00+09:00,1040.0,1058.0,1040.0,1058.0,1000,0.0,0.0
2023-03-30 10:00:00+09:00,1051.0,1059.0,1050.0,1059.0,800,0.0,0.0
2023-03-30 11:00:00+09:00,1059.0,1059.0,1059.0,1059.0,0,0.0,0.0
2023-03-30 12:00:00+09:00,1059.0,1059.0,1059.0,1059.0,2100,0.0,0.0
2023-03-30 13:00:00+09:00,1055.0,1055.0,1055.0,1055.0,100,0.0,0.0
2023-03-30 14:00:00+09:00,1054.0,1059.0,1054.0,1059.0,200,0.0,0.0
2023-03-31 09:00:00+09:00,1060.0,1060.0,1059.0,1059.0,400,0.0,0.0
2023-03-31 11:00:00+09:00,1059.0,1059.0,1059.0,1059.0,0,0.0,0.0
2023-04-03 09:00:00+09:00,1050.0,1050.0,1050.0,1050.0,1200,0.0,0.0
2023-04-03 11:00:00+09:00,1050.0,1050.0,1050.0,1050.0,0,0.0,0.0
2023-04-03 12:00:00+09:00,1059.0,1059.0,1055.0,1055.0,1500,0.0,0.0
2023-04-04 09:00:00+09:00,1055.0,1055.0,1055.0,1055.0,800,0.0,0.0
2023-04-04 10:00:00+09:00,1058.0,1058.0,1058.0,1058.0,100,0.0,0.0
2023-04-04 11:00:00+09:00,1058.0,1058.0,1058.0,1058.0,0,0.0,0.0
2023-04-05 09:00:00+09:00,1056.0,1056.0,1056.0,1056.0,100,0.0,0.0
2023-04-05 10:00:00+09:00,1050.0,1057.0,1050.0,1057.0,300,0.0,0.0
2023-04-05 11:00:00+09:00,1057.0,1057.0,1057.0,1057.0,0,0.0,0.0
2023-04-05 12:00:00+09:00,1060.0,1060.0,1060.0,1060.0,500,0.0,0.0
2023-04-05 14:00:00+09:00,1054.0,1054.0,1053.0,1053.0,200,0.0,0.0
2023-04-06 09:00:00+09:00,1055.0,1055.0,1055.0,1055.0,100,0.0,0.0
2023-04-06 10:00:00+09:00,1047.0,1047.0,1047.0,1047.0,100,0.0,0.0
2023-04-06 11:00:00+09:00,1047.0,1047.0,1047.0,1047.0,0,0.0,0.0
2023-04-06 12:00:00+09:00,1045.0,1045.0,1045.0,1045.0,300,0.0,0.0
2023-04-06 13:00:00+09:00,1037.0,1037.0,1037.0,1037.0,100,0.0,0.0
2023-04-07 09:00:00+09:00,1006.0,1006.0,1006.0,1006.0,100,0.0,0.0
2023-04-07 11:00:00+09:00,1006.0,1006.0,1006.0,1006.0,0,0.0,0.0
2023-04-07 12:00:00+09:00,1006.0,1006.0,1003.0,1003.0,300,0.0,0.0
2023-04-07 13:00:00+09:00,1003.0,1025.0,1003.0,1025.0,600,0.0,0.0
2023-04-07 14:00:00+09:00,1042.0,1042.0,1042.0,1042.0,100,0.0,0.0
2023-04-10 09:00:00+09:00,1037.0,1037.0,1015.0,1015.0,0,0.0,0.0
2023-04-10 11:00:00+09:00,1015.0,1015.0,1015.0,1015.0,0,0.0,0.0
2023-04-10 13:00:00+09:00,1026.0,1031.0,1019.0,1019.0,1500,0.0,0.0
2023-04-11 09:00:00+09:00,1016.0,1017.0,1015.0,1017.0,700,0.0,0.0
2023-04-11 11:00:00+09:00,1017.0,1017.0,1017.0,1017.0,0,0.0,0.0
2023-04-11 13:00:00+09:00,1017.0,1017.0,1017.0,1017.0,900,0.0,0.0
2023-04-12 11:00:00+09:00,1016.0,1016.0,1016.0,1016.0,100,0.0,0.0
2023-04-12 12:00:00+09:00,1016.0,1016.0,1016.0,1016.0,200,0.0,0.0
2023-04-13 09:00:00+09:00,1015.0,1015.0,1015.0,1015.0,100,0.0,0.0
2023-04-13 11:00:00+09:00,1015.0,1015.0,1015.0,1015.0,0,0.0,0.0
2023-04-13 12:00:00+09:00,1017.0,1017.0,1017.0,1017.0,200,0.0,0.0
2023-04-14 09:00:00+09:00,1034.0,1034.0,1034.0,1034.0,100,0.0,0.0
2023-04-14 10:00:00+09:00,1033.0,1046.0,1021.0,1046.0,1400,0.0,0.0
2023-04-14 11:00:00+09:00,1051.0,1051.0,1043.0,1043.0,0,0.0,0.0
2023-04-14 12:00:00+09:00,1033.0,1057.0,1032.0,1043.0,3400,0.0,0.0
2023-04-14 14:00:00+09:00,1050.0,1050.0,1039.0,1039.0,300,0.0,0.0
2023-04-17 13:00:00+09:00,1040.0,1040.0,1039.0,1039.0,200,0.0,0.0
2023-04-18 09:00:00+09:00,1039.0,1039.0,1032.0,1032.0,1600,0.0,0.0
2023-04-18 11:00:00+09:00,1032.0,1032.0,1032.0,1032.0,0,0.0,0.0
2023-04-18 12:00:00+09:00,1020.0,1020.0,1020.0,1020.0,1700,0.0,0.0
2023-04-18 13:00:00+09:00,1020.0,1022.0,1020.0,1022.0,600,0.0,0.0
2023-04-18 14:00:00+09:00,1034.0,1034.0,1033.0,1033.0,200,0.0,0.0
2023-04-19 09:00:00+09:00,1024.0,1024.0,1024.0,1024.0,100,0.0,0.0
2023-04-19 11:00:00+09:00,1024.0,1024.0,1024.0,1024.0,0,0.0,0.0
2023-04-19 14:00:00+09:00,1024.0,1033.0,1024.0,1033.0,300,0.0,0.0
2023-04-20 14:00:00+09:00,1030.0,1030.0,1022.0,1022.0,300,0.0,0.0
2023-04-21 10:00:00+09:00,1022.0,1022.0,1022.0,1022.0,100,0.0,0.0
2023-04-21 11:00:00+09:00,1027.0,1027.0,1027.0,1027.0,0,0.0,0.0
2023-04-21 13:00:00+09:00,1029.0,1029.0,1029.0,1029.0,300,0.0,0.0
2023-04-21 14:00:00+09:00,1033.0,1033.0,1033.0,1033.0,100,0.0,0.0
2023-04-24 09:00:00+09:00,1032.0,1032.0,1032.0,1032.0,100,0.0,0.0
2023-04-24 11:00:00+09:00,1032.0,1032.0,1032.0,1032.0,0,0.0,0.0
2023-04-24 12:00:00+09:00,1040.0,1040.0,1040.0,1040.0,200,0.0,0.0
2023-04-24 13:00:00+09:00,1045.0,1049.0,1045.0,1049.0,200,0.0,0.0
2023-04-24 14:00:00+09:00,1050.0,1050.0,1050.0,1050.0,100,0.0,0.0
2023-04-25 09:00:00+09:00,1062.0,1075.0,1062.0,1075.0,600,0.0,0.0
2023-04-25 11:00:00+09:00,1075.0,1075.0,1075.0,1075.0,0,0.0,0.0
2023-04-26 09:00:00+09:00,1087.0,1087.0,1081.0,1081.0,400,0.0,0.0
2023-04-26 11:00:00+09:00,1081.0,1081.0,1081.0,1081.0,0,0.0,0.0
2023-04-26 13:00:00+09:00,1068.0,1068.0,1067.0,1067.0,600,0.0,0.0
2023-04-27 09:00:00+09:00,1053.0,1053.0,1053.0,1053.0,100,0.0,0.0
2023-04-27 11:00:00+09:00,1053.0,1053.0,1053.0,1053.0,0,0.0,0.0
2023-04-27 12:00:00+09:00,1053.0,1053.0,1051.0,1051.0,1100,0.0,0.0
2023-04-27 14:00:00+09:00,1051.0,1051.0,1051.0,1051.0,100,0.0,0.0
2023-04-28 09:00:00+09:00,1050.0,1050.0,1050.0,1050.0,0,0.0,0.0
2023-04-28 11:00:00+09:00,1050.0,1050.0,1050.0,1050.0,0,0.0,0.0
2023-05-01 09:00:00+09:00,1044.0,1044.0,1044.0,1044.0,100,0.0,0.0
2023-05-01 11:00:00+09:00,1044.0,1044.0,1044.0,1044.0,0,0.0,0.0
2023-05-01 12:00:00+09:00,1039.0,1039.0,1039.0,1039.0,200,0.0,0.0
2023-05-01 13:00:00+09:00,1036.0,1036.0,1036.0,1036.0,100,0.0,0.0
2023-05-01 14:00:00+09:00,1035.0,1048.0,1034.0,1048.0,1300,0.0,0.0
2023-05-02 09:00:00+09:00,1050.0,1057.0,1050.0,1057.0,1300,0.0,0.0
2023-05-02 11:00:00+09:00,1050.0,1050.0,1033.0,1033.0,0,0.0,0.0
2023-05-02 12:00:00+09:00,1033.0,1033.0,1033.0,1033.0,2500,0.0,0.0
2023-05-02 13:00:00+09:00,1032.0,1032.0,1010.0,1032.0,900,0.0,0.0
2023-05-02 14:00:00+09:00,1030.0,1030.0,1029.0,1029.0,300,0.0,0.0
2023-05-08 09:00:00+09:00,1034.0,1037.0,1034.0,1034.0,0,0.0,0.0
2023-05-08 11:00:00+09:00,1034.0,1034.0,1034.0,1034.0,0,0.0,0.0
2023-05-08 14:00:00+09:00,1015.0,1015.0,1015.0,1015.0,1000,0.0,0.0
2023-05-09 09:00:00+09:00,1026.0,1026.0,1026.0,1026.0,2000,0.0,0.0
2023-05-09 10:00:00+09:00,1028.0,1028.0,1028.0,1028.0,100,0.0,0.0
2023-05-09 11:00:00+09:00,1028.0,1028.0,1028.0,1028.0,0,0.0,0.0
2023-05-09 12:00:00+09:00,1030.0,1030.0,1030.0,1030.0,3400,0.0,0.0
2023-05-09 14:00:00+09:00,1032.0,1038.0,1032.0,1032.0,1000,0.0,0.0
2023-05-10 09:00:00+09:00,1032.0,1032.0,1032.0,1032.0,1400,0.0,0.0
2023-05-10 11:00:00+09:00,1032.0,1032.0,1032.0,1032.0,0,0.0,0.0
2023-05-10 12:00:00+09:00,1032.0,1032.0,1032.0,1032.0,1500,0.0,0.0
2023-05-10 13:00:00+09:00,1031.0,1031.0,1031.0,1031.0,100,0.0,0.0
2023-05-11 09:00:00+09:00,1031.0,1041.0,1031.0,1041.0,2000,0.0,0.0
2023-05-11 10:00:00+09:00,1048.0,1050.0,1048.0,1050.0,500,0.0,0.0
2023-05-11 11:00:00+09:00,1050.0,1050.0,1050.0,1050.0,0,0.0,0.0
2023-05-11 12:00:00+09:00,1041.0,1041.0,1041.0,1041.0,2600,0.0,0.0
2023-05-11 14:00:00+09:00,1051.0,1051.0,1050.0,1050.0,200,0.0,0.0
2023-05-12 09:00:00+09:00,1016.0,1029.0,1005.0,1005.0,1800,0.0,0.0
2023-05-12 11:00:00+09:00,1001.0,1001.0,1001.0,1001.0,0,0.0,0.0
2023-05-12 12:00:00+09:00,990.0,1010.0,982.0,1010.0,4200,0.0,0.0
2023-05-12 13:00:00+09:00,1025.0,1029.0,1025.0,1029.0,300,0.0,0.0
2023-05-12 14:00:00+09:00,1030.0,1030.0,1030.0,1030.0,100,0.0,0.0
2023-05-15 09:00:00+09:00,1020.0,1020.0,991.0,991.0,0,0.0,0.0
2023-05-15 10:00:00+09:00,983.0,992.0,981.0,981.0,300,0.0,0.0
2023-05-15 11:00:00+09:00,1008.0,1008.0,1008.0,1008.0,0,0.0,0.0
2023-05-15 12:00:00+09:00,1008.0,1008.0,997.0,997.0,3400,0.0,0.0
2023-05-15 14:00:00+09:00,990.0,990.0,990.0,990.0,100,0.0,0.0
2023-05-16 09:00:00+09:00,987.0,995.0,987.0,995.0,1000,0.0,0.0
2023-05-16 11:00:00+09:00,1006.0,1006.0,1006.0,1006.0,0,0.0,0.0
2023-05-16 12:00:00+09:00,997.0,997.0,997.0,997.0,1200,0.0,0.0
2023-05-16 13:00:00+09:00,991.0,991.0,991.0,991.0,100,0.0,0.0
2023-05-17 09:00:00+09:00,980.0,980.0,980.0,980.0,100,0.0,0.0
2023-05-17 11:00:00+09:00,980.0,980.0,980.0,980.0,0,0.0,0.0
2023-05-17 12:00:00+09:00,965.0,966.0,965.0,966.0,400,0.0,0.0
2023-05-17 14:00:00+09:00,968.0,968.0,968.0,968.0,100,0.0,0.0
2023-05-18 09:00:00+09:00,967.0,967.0,952.0,952.0,0,0.0,0.0
2023-05-18 10:00:00+09:00,952.0,952.0,886.0,903.0,12600,0.0,0.0
2023-05-18 11:00:00+09:00,893.0,893.0,885.0,891.0,0,0.0,0.0
2023-05-18 12:00:00+09:00,890.0,890.0,890.0,890.0,0,0.0,0.0
2023-05-18 13:00:00+09:00,894.0,898.0,886.0,888.0,16600,0.0,0.0
2023-05-18 14:00:00+09:00,887.0,887.0,870.0,872.0,2900,0.0,0.0
2023-05-19 09:00:00+09:00,898.0,898.0,876.0,876.0,2900,0.0,0.0
2023-05-19 10:00:00+09:00,890.0,899.0,890.0,898.0,1400,0.0,0.0
2023-05-19 11:00:00+09:00,898.0,898.0,898.0,898.0,0,0.0,0.0
2023-05-19 13:00:00+09:00,890.0,890.0,890.0,890.0,4800,0.0,0.0
2023-05-19 14:00:00+09:00,889.0,889.0,882.0,882.0,200,0.0,0.0
2023-05-22 09:00:00+09:00,880.0,880.0,880.0,880.0,300,0.0,0.0
2023-05-22 11:00:00+09:00,880.0,880.0,880.0,880.0,0,0.0,0.0
2023-05-22 14:00:00+09:00,880.0,880.0,880.0,880.0,1500,0.0,0.0
2023-05-23 09:00:00+09:00,870.0,879.0,870.0,879.0,1200,0.0,0.0
2023-05-23 11:00:00+09:00,879.0,879.0,879.0,879.0,0,0.0,0.0
2023-05-23 14:00:00+09:00,881.0,881.0,881.0,881.0,1300,0.0,0.0
2023-05-24 09:00:00+09:00,881.0,881.0,875.0,876.0,600,0.0,0.0
2023-05-24 11:00:00+09:00,876.0,876.0,876.0,876.0,0,0.0,0.0
2023-05-24 14:00:00+09:00,889.0,890.0,889.0,890.0,1000,0.0,0.0
2023-05-25 09:00:00+09:00,920.0,920.0,910.0,910.0,2900,0.0,0.0
2023-05-25 11:00:00+09:00,909.0,910.0,909.0,910.0,0,0.0,0.0
2023-05-25 13:00:00+09:00,900.0,900.0,900.0,900.0,3200,0.0,0.0
2023-05-26 09:00:00+09:00,936.0,936.0,918.0,918.0,1900,0.0,0.0
2023-05-26 10:00:00+09:00,906.0,910.0,905.0,910.0,300,0.0,0.0
2023-05-26 11:00:00+09:00,910.0,910.0,910.0,910.0,0,0.0,0.0
2023-05-29 09:00:00+09:00,907.0,907.0,907.0,907.0,200,0.0,0.0
2023-05-29 11:00:00+09:00,907.0,907.0,907.0,907.0,0,0.0,0.0
2023-05-29 13:00:00+09:00,909.0,909.0,909.0,909.0,300,0.0,0.0
2023-05-30 13:00:00+09:00,908.0,908.0,908.0,908.0,100,0.0,0.0
2023-05-31 09:00:00+09:00,907.0,907.0,907.0,907.0,100,0.0,0.0
2023-05-31 11:00:00+09:00,907.0,907.0,907.0,907.0,0,0.0,0.0
2023-06-01 09:00:00+09:00,917.0,917.0,917.0,917.0,0,0.0,0.0
2023-06-01 11:00:00+09:00,917.0,917.0,917.0,917.0,0,0.0,0.0
2023-06-01 14:00:00+09:00,917.0,917.0,913.0,913.0,300,0.0,0.0
2023-06-02 09:00:00+09:00,916.0,916.0,916.0,916.0,100,0.0,0.0
2023-06-02 11:00:00+09:00,919.0,919.0,919.0,919.0,0,0.0,0.0
2023-06-02 12:00:00+09:00,919.0,920.0,919.0,920.0,400,0.0,0.0
2023-06-05 09:00:00+09:00,920.0,920.0,920.0,920.0,300,0.0,0.0
2023-06-05 11:00:00+09:00,920.0,920.0,920.0,920.0,0,0.0,0.0
2023-06-06 09:00:00+09:00,920.0,920.0,920.0,920.0,100,0.0,0.0
2023-06-06 11:00:00+09:00,920.0,920.0,920.0,920.0,0,0.0,0.0
2023-06-07 09:00:00+09:00,935.0,940.0,935.0,935.0,300,0.0,0.0
2023-06-07 10:00:00+09:00,934.0,958.0,934.0,958.0,1200,0.0,0.0
2023-06-07 11:00:00+09:00,946.0,946.0,946.0,946.0,0,0.0,0.0
2023-06-07 12:00:00+09:00,931.0,931.0,931.0,931.0,1700,0.0,0.0
2023-06-08 09:00:00+09:00,936.0,936.0,936.0,936.0,400,0.0,0.0
2023-06-08 11:00:00+09:00,936.0,936.0,936.0,936.0,0,0.0,0.0
2023-06-08 12:00:00+09:00,937.0,937.0,937.0,937.0,500,0.0,0.0
2023-06-09 09:00:00+09:00,937.0,937.0,937.0,937.0,0,0.0,0.0
2023-06-09 11:00:00+09:00,937.0,937.0,937.0,937.0,0,0.0,0.0
2023-06-12 09:00:00+09:00,952.0,952.0,952.0,952.0,500,0.0,0.0
2023-06-12 11:00:00+09:00,952.0,952.0,952.0,952.0,0,0.0,0.0
2023-06-12 12:00:00+09:00,950.0,950.0,950.0,950.0,600,0.0,0.0
2023-06-13 09:00:00+09:00,950.0,966.0,950.0,964.0,500,0.0,0.0
2023-06-13 11:00:00+09:00,964.0,964.0,964.0,964.0,0,0.0,0.0
2023-06-14 09:00:00+09:00,965.0,969.0,961.0,969.0,800,0.0,0.0
2023-06-14 11:00:00+09:00,969.0,969.0,969.0,969.0,0,0.0,0.0
2023-06-14 13:00:00+09:00,970.0,970.0,970.0,970.0,900,0.0,0.0
2023-06-15 09:00:00+09:00,970.0,970.0,970.0,970.0,100,0.0,0.0
2023-06-15 11:00:00+09:00,970.0,970.0,970.0,970.0,0,0.0,0.0
2023-06-15 14:00:00+09:00,970.0,970.0,970.0,970.0,500,0.0,0.0
2023-06-16 09:00:00+09:00,970.0,984.0,970.0,983.0,400,0.0,0.0
2023-06-16 10:00:00+09:00,984.0,1017.0,984.0,1017.0,2800,0.0,0.0
2023-06-16 11:00:00+09:00,1005.0,1038.0,1005.0,1030.0,0,0.0,0.0
2023-06-16 12:00:00+09:00,1006.0,1006.0,1006.0,1006.0,3800,0.0,0.0
2023-06-16 13:00:00+09:00,992.0,1030.0,992.0,1030.0,300,0.0,0.0
2023-06-16 14:00:00+09:00,1038.0,1043.0,1035.0,1035.0,500,0.0,0.0
2023-06-19 09:00:00+09:00,1081.0,1081.0,1080.0,1081.0,1100,0.0,0.0
2023-06-19 11:00:00+09:00,1081.0,1081.0,1081.0,1081.0,0,0.0,0.0
2023-06-19 13:00:00+09:00,1081.0,1081.0,1081.0,1081.0,1200,0.0,0.0
2023-06-19 14:00:00+09:00,1077.0,1077.0,1052.0,1052.0,500,0.0,0.0
2023-06-20 09:00:00+09:00,1059.0,1059.0,1057.0,1057.0,0,0.0,0.0
2023-06-20 11:00:00+09:00,1057.0,1057.0,1057.0,1057.0,0,0.0,0.0
2023-06-20 13:00:00+09:00,1080.0,1080.0,1080.0,1080.0,300,0.0,0.0
2023-06-21 09:00:00+09:00,1052.0,1052.0,1052.0,1052.0,100,0.0,0.0
2023-06-21 11:00:00+09:00,1052.0,1052.0,1052.0,1052.0,0,0.0,0.0
2023-06-22 09:00:00+09:00,1052.0,1062.0,1052.0,1062.0,300,0.0,0.0
2023-06-22 10:00:00+09:00,1074.0,1074.0,1074.0,1074.0,100,0.0,0.0
2023-06-22 11:00:00+09:00,1074.0,1074.0,1074.0,1074.0,0,0.0,0.0
2023-06-22 13:00:00+09:00,1066.0,1066.0,1066.0,1066.0,500,0.0,0.0
2023-06-23 09:00:00+09:00,1096.0,1096.0,1096.0,1096.0,1000,0.0,0.0
2023-06-23 10:00:00+09:00,1080.0,1080.0,1080.0,1080.0,100,0.0,0.0
2023-06-23 11:00:00+09:00,1080.0,1080.0,1080.0,1080.0,0,0.0,0.0
2023-06-23 14:00:00+09:00,1077.0,1077.0,1059.0,1059.0,2000,0.0,0.0
2023-06-26 09:00:00+09:00,1053.0,1053.0,1053.0,1053.0,0,0.0,0.0
2023-06-26 11:00:00+09:00,1053.0,1053.0,1053.0,1053.0,0,0.0,0.0
2023-06-27 09:00:00+09:00,1047.0,1047.0,1047.0,1047.0,100,0.0,0.0
2023-06-27 10:00:00+09:00,1037.0,1037.0,1037.0,1037.0,100,0.0,0.0
2023-06-27 11:00:00+09:00,1037.0,1037.0,1037.0,1037.0,0,0.0,0.0
2023-06-28 09:00:00+09:00,1046.0,1056.0,1046.0,1056.0,300,0.0,0.0
2023-06-28 11:00:00+09:00,1056.0,1056.0,1056.0,1056.0,0,0.0,0.0
2023-06-29 09:00:00+09:00,1060.0,1088.0,1060.0,1088.0,400,0.0,0.0
2023-06-29 10:00:00+09:00,1089.0,1089.0,1089.0,1089.0,100,0.0,0.0
2023-06-29 11:00:00+09:00,1085.0,1085.0,1085.0,1085.0,0,0.0,0.0
2023-06-29 12:00:00+09:00,1085.0,1085.0,1085.0,1085.0,700,0.0,0.0
2023-06-30 09:00:00+09:00,1085.0,1085.0,1054.0,1054.0,300,0.0,0.0
2023-06-30 11:00:00+09:00,1054.0,1054.0,1054.0,1054.0,0,0.0,0.0
2023-06-30 13:00:00+09:00,1056.0,1056.0,1056.0,1056.0,500,0.0,0.0
2023-07-03 09:00:00+09:00,1083.0,1083.0,1083.0,1083.0,0,0.0,0.0
2023-07-03 11:00:00+09:00,1083.0,1083.0,1083.0,1083.0,0,0.0,0.0
2023-07-03 12:00:00+09:00,1083.0,1083.0,1083.0,1083.0,300,0.0,0.0
2023-07-03 13:00:00+09:00,1083.0,1083.0,1083.0,1083.0,100,0.0,0.0
2023-07-03 14:00:00+09:00,1060.0,1060.0,1050.0,1052.0,400,0.0,0.0
2023-07-04 13:00:00+09:00,1079.0,1079.0,1049.0,1049.0,200,0.0,0.0
2023-07-04 14:00:00+09:00,1051.0,1051.0,1051.0,1051.0,100,0.0,0.0
2023-07-05 09:00:00+09:00,1045.0,1045.0,1045.0,1045.0,100,0.0,0.0
2023-07-05 11:00:00+09:00,1045.0,1045.0,1045.0,1045.0,0,0.0,0.0
2023-07-06 09:00:00+09:00,1044.0,1053.0,1044.0,1053.0,200,0.0,0.0
2023-07-06 11:00:00+09:00,1053.0,1053.0,1053.0,1053.0,0,0.0,0.0
2023-07-06 14:00:00+09:00,1054.0,1054.0,1054.0,1054.0,400,0.0,0.0
2023-07-10 12:00:00+09:00,1048.0,1048.0,1048.0,1048.0,100,0.0,0.0
2023-07-11 13:00:00+09:00,1050.0,1050.0,1050.0,1050.0,100,0.0,0.0
2023-07-12 09:00:00+09:00,1028.0,1028.0,1028.0,1028.0,100,0.0,0.0
2023-07-12 10:00:00+09:00,1028.0,1028.0,1028.0,1028.0,200,0.0,0.0
2023-07-12 11:00:00+09:00,1028.0,1028.0,1028.0,1028.0,0,0.0,0.0
2023-07-12 13:00:00+09:00,1028.0,1061.0,1008.0,1061.0,1200,0.0,0.0
2023-07-12 14:00:00+09:00,1050.0,1050.0,1050.0,1050.0,100,0.0,0.0
2023-07-13 13:00:00+09:00,1050.0,1050.0,1050.0,1050.0,100,0.0,0.0
2023-07-13 14:00:00+09:00,1044.0,1044.0,1044.0,1044.0,100,0.0,0.0
2023-07-18 09:00:00+09:00,1049.0,1049.0,1049.0,1049.0,500,0.0,0.0
2023-07-18 11:00:00+09:00,1049.0,1049.0,1049.0,1049.0,0,0.0,0.0
2023-07-18 13:00:00+09:00,1025.0,1025.0,1023.0,1023.0,1100,0.0,0.0
2023-07-18 14:00:00+09:00,1025.0,1025.0,1025.0,1025.0,300,0.0,0.0
2023-07-19 13:00:00+09:00,1025.0,1025.0,1025.0,1025.0,200,0.0,0.0
2023-07-20 13:00:00+09:00,1030.0,1030.0,1030.0,1030.0,100,0.0,0.0
2023-07-21 09:00:00+09:00,1030.0,1030.0,1030.0,1030.0,10100,0.0,0.0
2023-07-21 10:00:00+09:00,1030.0,1030.0,1030.0,1030.0,100,0.0,0.0
2023-07-21 11:00:00+09:00,1030.0,1030.0,1030.0,1030.0,0,0.0,0.0
2023-07-21 12:00:00+09:00,1030.0,1030.0,1030.0,1030.0,10500,0.0,0.0
2023-07-21 13:00:00+09:00,1030.0,1030.0,1030.0,1030.0,100,0.0,0.0
2023-07-21 14:00:00+09:00,1048.0,1048.0,1048.0,1048.0,100,0.0,0.0
2023-07-24 09:00:00+09:00,1048.0,1048.0,1031.0,1040.0,500,0.0,0.0
2023-07-24 11:00:00+09:00,1040.0,1040.0,1040.0,1040.0,0,0.0,0.0
2023-07-25 09:00:00+09:00,1050.0,1050.0,1030.0,1030.0,900,0.0,0.0
2023-07-25 11:00:00+09:00,1030.0,1030.0,1030.0,1030.0,0,0.0,0.0
2023-07-26 11:00:00+09:00,1049.0,1049.0,1049.0,1049.0,200,0.0,0.0
2023-07-26 13:00:00+09:00,1050.0,1050.0,1050.0,1050.0,300,0.0,0.0
2023-07-27 09:00:00+09:00,1022.0,1031.0,1020.0,1022.0,1300,0.0,0.0
2023-07-27 11:00:00+09:00,1022.0,1022.0,1022.0,1022.0,0,0.0,0.0
2023-07-28 09:00:00+09:00,1022.0,1022.0,1022.0,1022.0,100,0.0,0.0
2023-07-28 11:00:00+09:00,1022.0,1022.0,1022.0,1022.0,0,0.0,0.0
2023-08-01 11:00:00+09:00,1008.0,1038.0,1008.0,1038.0,1200,0.0,0.0
2023-08-01 12:00:00+09:00,1008.0,1008.0,1008.0,1008.0,1400,0.0,0.0
2023-08-01 14:00:00+09:00,1020.0,1020.0,1020.0,1020.0,1200,0.0,0.0
2023-08-02 09:00:00+09:00,1012.0,1025.0,1011.0,1011.0,700,0.0,0.0
2023-08-02 10:00:00+09:00,1024.0,1024.0,1024.0,1024.0,100,0.0,0.0
2023-08-02 11:00:00+09:00,1024.0,1024.0,1024.0,1024.0,0,0.0,0.0
2023-08-03 09:00:00+09:00,1018.0,1019.0,988.0,1019.0,5600,0.0,0.0
2023-08-03 11:00:00+09:00,1019.0,1019.0,1019.0,1019.0,0,0.0,0.0
2023-08-03 14:00:00+09:00,1019.0,1019.0,1014.0,1014.0,5900,0.0,0.0
2023-08-04 09:00:00+09:00,1016.0,1019.0,1013.0,1019.0,3100,0.0,0.0
2023-08-04 10:00:00+09:00,1019.0,1019.0,1019.0,1019.0,100,0.0,0.0
2023-08-04 11:00:00+09:00,1019.0,1019.0,1019.0,1019.0,0,0.0,0.0
2023-08-04 12:00:00+09:00,1018.0,1018.0,1018.0,1018.0,3400,0.0,0.0
2023-08-07 12:00:00+09:00,980.0,980.0,980.0,980.0,100,0.0,0.0
2023-08-07 14:00:00+09:00,1000.0,1024.0,1000.0,1024.0,200,0.0,0.0
2023-08-09 10:00:00+09:00,1007.0,1007.0,1007.0,1007.0,100,0.0,0.0
2023-08-09 11:00:00+09:00,1007.0,1007.0,1007.0,1007.0,0,0.0,0.0
2023-08-10 09:00:00+09:00,998.0,998.0,998.0,998.0,100,0.0,0.0
2023-08-10 11:00:00+09:00,998.0,998.0,998.0,998.0,0,0.0,0.0
2023-08-10 14:00:00+09:00,998.0,998.0,998.0,998.0,300,0.0,0.0
2023-08-14 09:00:00+09:00,999.0,999.0,999.0,999.0,100,0.0,0.0
2023-08-14 11:00:00+09:00,1000.0,1000.0,1000.0,1000.0,0,0.0,0.0
2023-08-14 13:00:00+09:00,1019.0,1019.0,1019.0,1019.0,300,0.0,0.0
2023-08-15 09:00:00+09:00,989.0,989.0,961.0,961.0,2300,0.0,0.0
2023-08-15 11:00:00+09:00,961.0,961.0,961.0,961.0,0,0.0,0.0
2023-08-15 12:00:00+09:00,961.0,979.0,960.0,979.0,3000,0.0,0.0
2023-08-15 13:00:00+09:00,978.0,978.0,978.0,978.0,100,0.0,0.0
2023-08-16 09:00:00+09:00,973.0,973.0,973.0,973.0,100,0.0,0.0
2023-08-16 11:00:00+09:00,973.0,973.0,973.0,973.0,0,0.0,0.0
2023-08-16 13:00:00+09:00,977.0,980.0,977.0,980.0,1100,0.0,0.0
2023-08-16 14:00:00+09:00,971.0,971.0,970.0,970.0,700,0.0,0.0
2023-08-17 09:00:00+09:00,956.0,956.0,956.0,956.0,400,0.0,0.0
2023-08-17 11:00:00+09:00,956.0,956.0,956.0,956.0,0,0.0,0.0
2023-08-18 14:00:00+09:00,973.0,973.0,973.0,973.0,100,0.0,0.0
2023-08-21 09:00:00+09:00,958.0,958.0,943.0,943.0,0,0.0,0.0
2023-08-21 11:00:00+09:00,943.0,943.0,943.0,943.0,0,0.0,0.0
2023-08-21 14:00:00+09:00,950.0,950.0,950.0,950.0,500,0.0,0.0
2023-08-22 09:00:00+09:00,945.0,945.0,945.0,945.0,100,0.0,0.0
2023-08-22 11:00:00+09:00,945.0,945.0,945.0,945.0,0,0.0,0.0
2023-08-22 12:00:00+09:00,945.0,945.0,945.0,945.0,200,0.0,0.0
2023-08-23 09:00:00+09:00,943.0,943.0,943.0,943.0,100,0.0,0.0
2023-08-23 11:00:00+09:00,943.0,943.0,943.0,943.0,0,0.0,0.0
2023-08-23 14:00:00+09:00,951.0,951.0,951.0,951.0,200,0.0,0.0
2023-08-24 10:00:00+09:00,961.0,961.0,961.0,961.0,100,0.0,0.0
2023-08-24 11:00:00+09:00,961.0,961.0,961.0,961.0,0,0.0,0.0
2023-08-25 09:00:00+09:00,980.0,988.0,980.0,988.0,900,0.0,0.0
2023-08-25 10:00:00+09:00,988.0,1004.0,988.0,1004.0,400,0.0,0.0
2023-08-25 11:00:00+09:00,1004.0,1005.0,1004.0,1005.0,0,0.0,0.0
2023-08-25 12:00:00+09:00,1005.0,1010.0,1005.0,1010.0,1800,0.0,0.0
2023-08-25 13:00:00+09:00,1024.0,1024.0,979.0,979.0,700,0.0,0.0
2023-08-25 14:00:00+09:00,994.0,994.0,994.0,994.0,100,0.0,0.0
2023-08-28 09:00:00+09:00,950.0,950.0,950.0,950.0,400,0.0,0.0
2023-08-28 11:00:00+09:00,950.0,950.0,950.0,950.0,0,0.0,0.0
2023-08-28 12:00:00+09:00,950.0,960.0,950.0,960.0,1000,0.0,0.0
2023-08-28 14:00:00+09:00,985.0,985.0,964.0,964.0,0,0.0,0.0
2023-08-29 09:00:00+09:00,956.0,956.0,956.0,956.0,100,0.0,0.0
2023-08-29 11:00:00+09:00,956.0,956.0,956.0,956.0,0,0.0,0.0
2023-08-29 12:00:00+09:00,949.0,949.0,949.0,949.0,0,0.0,0.0
2023-08-30 09:00:00+09:00,951.0,951.0,951.0,951.0,100,0.0,0.0
2023-08-30 10:00:00+09:00,936.0,936.0,934.0,934.0,300,0.0,0.0
2023-08-30 11:00:00+09:00,934.0,934.0,934.0,934.0,0,0.0,0.0
2023-08-30 13:00:00+09:00,950.0,950.0,950.0,950.0,600,0.0,0.0
2023-08-31 09:00:00+09:00,946.0,950.0,946.0,950.0,500,0.0,0.0
2023-08-31 11:00:00+09:00,950.0,950.0,950.0,950.0,0,0.0,0.0
2023-09-01 09:00:00+09:00,940.0,940.0,940.0,940.0,100,0.0,0.0
2023-09-01 10:00:00+09:00,988.0,989.0,974.0,974.0,700,0.0,0.0
2023-09-01 11:00:00+09:00,974.0,974.0,974.0,974.0,0,0.0,0.0
2023-09-01 13:00:00+09:00,980.0,980.0,960.0,967.0,1800,0.0,0.0
2023-09-04 09:00:00+09:00,960.0,960.0,960.0,960.0,100,0.0,0.0
2023-09-04 10:00:00+09:00,974.0,974.0,974.0,974.0,100,0.0,0.0
2023-09-04 11:00:00+09:00,974.0,974.0,974.0,974.0,0,0.0,0.0
2023-09-04 12:00:00+09:00,974.0,975.0,974.0,975.0,1000,0.0,0.0
2023-09-05 09:00:00+09:00,980.0,980.0,980.0,980.0,700,0.0,0.0
2023-09-05 11:00:00+09:00,980.0,980.0,980.0,980.0,0,0.0,0.0
2023-09-05 12:00:00+09:00,975.0,975.0,975.0,975.0,800,0.0,0.0
2023-09-06 09:00:00+09:00,975.0,975.0,975.0,975.0,1100,0.0,0.0
2023-09-06 11:00:00+09:00,978.0,980.0,978.0,980.0,0,0.0,0.0
2023-09-06 12:00:00+09:00,975.0,975.0,975.0,975.0,1700,0.0,0.0
2023-09-07 11:00:00+09:00,975.0,975.0,975.0,975.0,100,0.0,0.0
2023-09-07 13:00:00+09:00,960.0,960.0,960.0,960.0,300,0.0,0.0
2023-09-08 09:00:00+09:00,946.0,946.0,946.0,946.0,100,0.0,0.0
2023-09-08 11:00:00+09:00,946.0,946.0,946.0,946.0,0,0.0,0.0
2023-09-08 13:00:00+09:00,953.0,953.0,953.0,953.0,200,0.0,0.0
2023-09-11 10:00:00+09:00,964.0,964.0,964.0,964.0,100,0.0,0.0
2023-09-11 11:00:00+09:00,973.0,974.0,965.0,965.0,0,0.0,0.0
2023-09-11 14:00:00+09:00,963.0,974.0,963.0,974.0,900,0.0,0.0
2023-09-12 09:00:00+09:00,975.0,1020.0,975.0,1000.0,1500,0.0,0.0
2023-09-12 10:00:00+09:00,1000.0,1000.0,1000.0,1000.0,900,0.0,0.0
2023-09-12 11:00:00+09:00,1000.0,1000.0,1000.0,1000.0,0,0.0,0.0
2023-09-12 12:00:00+09:00,999.0,999.0,999.0,999.0,2600,0.0,0.0
2023-09-13 09:00:00+09:00,991.0,1000.0,990.0,1000.0,4300,0.0,0.0
2023-09-13 11:00:00+09:00,1000.0,1000.0,1000.0,1000.0,0,0.0,0.0
2023-09-13 12:00:00+09:00,998.0,998.0,998.0,998.0,4400,0.0,0.0
2023-09-13 13:00:00+09:00,986.0,990.0,986.0,990.0,200,0.0,0.0
2023-09-13 14:00:00+09:00,990.0,990.0,990.0,990.0,100,0.0,0.0
2023-09-14 12:00:00+09:00,990.0,990.0,990.0,990.0,0,0.0,0.0
2023-09-14 13:00:00+09:00,1000.0,1000.0,1000.0,1000.0,900,0.0,0.0
2023-09-14 14:00:00+09:00,991.0,991.0,991.0,991.0,100,0.0,0.0
2023-09-15 09:00:00+09:00,998.0,1000.0,998.0,1000.0,200,0.0,0.0
2023-09-15 10:00:00+09:00,990.0,990.0,980.0,980.0,800,0.0,0.0
2023-09-15 11:00:00+09:00,980.0,980.0,980.0,980.0,0,0.0,0.0
2023-09-15 12:00:00+09:00,1000.0,1000.0,1000.0,1000.0,1100,0.0,0.0
2023-09-15 14:00:00+09:00,1000.0,1000.0,1000.0,1000.0,300,0.0,0.0
2023-09-20 09:00:00+09:00,991.0,991.0,991.0,991.0,100,0.0,0.0
2023-09-20 11:00:00+09:00,991.0,991.0,991.0,991.0,0,0.0,0.0
2023-09-21 09:00:00+09:00,961.0,985.0,961.0,985.0,1600,0.0,0.0
2023-09-21 11:00:00+09:00,985.0,985.0,985.0,985.0,0,0.0,0.0
2023-09-21 14:00:00+09:00,980.0,985.0,980.0,985.0,2900,0.0,0.0
2023-09-22 10:00:00+09:00,998.0,998.0,998.0,998.0,200,0.0,0.0
2023-09-22 11:00:00+09:00,998.0,998.0,998.0,998.0,0,0.0,0.0
2023-09-22 13:00:00+09:00,994.0,994.0,994.0,994.0,300,0.0,0.0
2023-09-22 14:00:00+09:00,999.0,999.0,999.0,999.0,300,0.0,0.0
2023-09-25 09:00:00+09:00,1023.0,1026.0,1023.0,1025.0,1500,0.0,0.0
2023-09-25 11:00:00+09:00,1025.0,1025.0,1025.0,1025.0,0,0.0,0.0
2023-09-25 12:00:00+09:00,1018.0,1018.0,1018.0,1018.0,1800,0.0,0.0
2023-09-25 13:00:00+09:00,1019.0,1019.0,1019.0,1019.0,100,0.0,0.0
2023-09-26 09:00:00+09:00,998.0,998.0,992.0,992.0,800,0.0,0.0
2023-09-26 10:00:00+09:00,993.0,993.0,992.0,992.0,1500,0.0,0.0
2023-09-26 11:00:00+09:00,991.0,991.0,978.0,978.0,0,0.0,0.0
2023-09-27 09:00:00+09:00,983.0,983.0,981.0,981.0,0,0.0,0.0
2023-09-27 11:00:00+09:00,981.0,981.0,981.0,981.0,0,0.0,0.0
2023-09-28 12:00:00+09:00,969.0,969.0,954.0,954.0,1000,0.0,0.0
2023-09-28 13:00:00+09:00,969.0,972.0,960.0,960.0,1200,0.0,0.0
2023-10-04 10:00:00+09:00,1004.0,1004.0,1004.0,1004.0,100,0.0,0.0
2023-10-04 11:00:00+09:00,1004.0,1004.0,1004.0,1004.0,0,0.0,0.0
2023-10-04 12:00:00+09:00,974.0,974.0,974.0,974.0,200,0.0,0.0
2023-10-04 14:00:00+09:00,990.0,990.0,990.0,990.0,0,0.0,0.0
2023-10-05 10:00:00+09:00,969.0,969.0,969.0,969.0,300,0.0,0.0
2023-10-05 11:00:00+09:00,969.0,969.0,969.0,969.0,0,0.0,0.0
2023-10-06 09:00:00+09:00,984.0,984.0,973.0,973.0,1600,0.0,0.0
2023-10-06 11:00:00+09:00,973.0,973.0,973.0,973.0,0,0.0,0.0
2023-10-06 13:00:00+09:00,973.0,973.0,973.0,973.0,1700,0.0,0.0
2023-10-10 09:00:00+09:00,973.0,980.0,973.0,980.0,600,0.0,0.0
2023-10-10 11:00:00+09:00,980.0,980.0,980.0,980.0,0,0.0,0.0
2023-10-10 12:00:00+09:00,980.0,980.0,980.0,980.0,700,0.0,0.0
2023-10-10 14:00:00+09:00,975.0,980.0,975.0,980.0,200,0.0,0.0
2023-10-11 09:00:00+09:00,980.0,980.0,980.0,980.0,100,0.0,0.0
2023-10-11 10:00:00+09:00,976.0,982.0,976.0,982.0,200,0.0,0.0
2023-10-11 11:00:00+09:00,982.0,982.0,982.0,982.0,0,0.0,0.0
2023-10-16 09:00:00+09:00,983.0,983.0,982.0,982.0,0,0.0,0.0
2023-10-16 10:00:00+09:00,978.0,978.0,977.0,977.0,800,0.0,0.0
2023-10-16 11:00:00+09:00,977.0,977.0,977.0,977.0,0,0.0,0.0
2023-10-16 12:00:00+09:00,977.0,977.0,977.0,977.0,1000,0.0,0.0
2023-10-17 09:00:00+09:00,980.0,980.0,933.0,949.0,0,0.0,0.0
2023-10-17 11:00:00+09:00,949.0,949.0,949.0,949.0,0,0.0,0.0
2023-10-17 13:00:00+09:00,979.0,979.0,977.0,977.0,2300,0.0,0.0
2023-10-17 14:00:00+09:00,976.0,976.0,976.0,976.0,100,0.0,0.0
2023-10-18 12:00:00+09:00,979.0,979.0,979.0,979.0,300,0.0,0.0
2023-10-18 14:00:00+09:00,980.0,980.0,980.0,980.0,100,0.0,0.0
2023-10-19 09:00:00+09:00,981.0,981.0,981.0,981.0,300,0.0,0.0
2023-10-19 11:00:00+09:00,981.0,981.0,981.0,981.0,0,0.0,0.0
2023-10-19 13:00:00+09:00,981.0,981.0,981.0,981.0,400,0.0,0.0
2023-10-20 13:00:00+09:00,976.0,978.0,971.0,971.0,400,0.0,0.0
2023-10-23 09:00:00+09:00,996.0,996.0,996.0,996.0,100,0.0,0.0
2023-10-23 10:00:00+09:00,981.0,981.0,981.0,981.0,100,0.0,0.0
2023-10-23 11:00:00+09:00,981.0,981.0,981.0,981.0,0,0.0,0.0
2023-10-23 12:00:00+09:00,981.0,981.0,973.0,973.0,2300,0.0,0.0
2023-10-23 13:00:00+09:00,972.0,972.0,972.0,972.0,500,0.0,0.0
2023-10-23 14:00:00+09:00,978.0,978.0,978.0,978.0,100,0.0,0.0
2023-10-24 09:00:00+09:00,972.0,972.0,971.0,971.0,500,0.0,0.0
2023-10-24 11:00:00+09:00,971.0,971.0,971.0,971.0,0,0.0,0.0
2023-10-24 14:00:00+09:00,986.0,986.0,986.0,986.0,600,0.0,0.0
2023-10-25 09:00:00+09:00,1007.0,1011.0,1007.0,1011.0,3500,0.0,0.0
2023-10-25 11:00:00+09:00,1011.0,1011.0,1011.0,1011.0,0,0.0,0.0
2023-10-25 12:00:00+09:00,999.0,1005.0,999.0,1005.0,4800,0.0,0.0
2023-10-25 14:00:00+09:00,1008.0,1025.0,1008.0,1025.0,200,0.0,0.0
2023-10-26 09:00:00+09:00,1024.0,1024.0,1024.0,1024.0,1100,0.0,0.0
2023-10-26 11:00:00+09:00,1024.0,1024.0,1024.0,1024.0,0,0.0,0.0
2023-10-26 12:00:00+09:00,1019.0,1019.0,974.0,974.0,2600,0.0,0.0
2023-10-26 14:00:00+09:00,989.0,989.0,989.0,989.0,200,0.0,0.0
2023-10-27 09:00:00+09:00,1011.0,1011.0,1011.0,1011.0,0,0.0,0.0
2023-10-27 11:00:00+09:00,1011.0,1011.0,1011.0,1011.0,0,0.0,0.0
2023-10-27 12:00:00+09:00,1011.0,1011.0,1011.0,1011.0,5900,0.0,0.0
2023-10-27 14:00:00+09:00,1013.0,1013.0,1013.0,1013.0,200,0.0,0.0
2023-10-30 09:00:00+09:00,1015.0,1026.0,1015.0,1025.0,0,0.0,0.0
2023-10-30 11:00:00+09:00,1025.0,1025.0,1025.0,1025.0,0,0.0,0.0
2023-10-30 12:00:00+09:00,1002.0,1002.0,1002.0,1002.0,3300,0.0,0.0
2023-10-31 09:00:00+09:00,996.0,996.0,996.0,996.0,100,0.0,0.0
2023-10-31 11:00:00+09:00,996.0,996.0,996.0,996.0,0,0.0,0.0
2023-10-31 13:00:00+09:00,996.0,1011.0,996.0,1011.0,300,0.0,0.0
2023-10-31 14:00:00+09:00,991.0,991.0,991.0,991.0,100,0.0,0.0
2023-11-01 09:00:00+09:00,993.0,993.0,993.0,993.0,500,0.0,0.0
2023-11-01 11:00:00+09:00,993.0,993.0,993.0,993.0,0,0.0,0.0
2023-11-02 12:00:00+09:00,998.0,998.0,998.0,998.0,100,0.0,0.0
2023-11-06 09:00:00+09:00,996.0,996.0,996.0,996.0,100,0.0,0.0
2023-11-06 11:00:00+09:00,996.0,996.0,996.0,996.0,0,0.0,0.0
2023-11-06 12:00:00+09:00,1021.0,1021.0,1021.0,1021.0,200,0.0,0.0
2023-11-06 13:00:00+09:00,1023.0,1023.0,1023.0,1023.0,100,0.0,0.0
2023-11-06 14:00:00+09:00,1018.0,1018.0,1018.0,1018.0,0,0.0,0.0
2023-11-07 09:00:00+09:00,1016.0,1018.0,1016.0,1018.0,2100,0.0,0.0
2023-11-07 10:00:00+09:00,1026.0,1038.0,1026.0,1038.0,300,0.0,0.0
2023-11-07 11:00:00+09:00,1038.0,1038.0,1038.0,1038.0,0,0.0,0.0
2023-11-08 09:00:00+09:00,1020.0,1022.0,1020.0,1022.0,200,0.0,0.0
2023-11-08 11:00:00+09:00,1022.0,1022.0,1022.0,1022.0,0,0.0,0.0
2023-11-08 14:00:00+09:00,993.0,993.0,993.0,993.0,500,0.0,0.0
2023-11-09 09:00:00+09:00,992.0,992.0,991.0,991.0,200,0.0,0.0
2023-11-09 11:00:00+09:00,991.0,991.0,991.0,991.0,0,0.0,0.0
2023-11-09 12:00:00+09:00,1000.0,1000.0,1000.0,1000.0,400,0.0,0.0
2023-11-14 09:00:00+09:00,999.0,999.0,999.0,999.0,1400,0.0,0.0
2023-11-14 11:00:00+09:00,999.0,999.0,999.0,999.0,0,0.0,0.0
2023-11-14 14:00:00+09:00,988.0,988.0,988.0,988.0,1600,0.0,0.0
2023-11-15 09:00:00+09:00,989.0,1014.0,989.0,1014.0,300,0.0,0.0
2023-11-15 11:00:00+09:00,1014.0,1014.0,1014.0,1014.0,0,0.0,0.0
2023-11-15 12:00:00+09:00,997.0,998.0,997.0,998.0,1100,0.0,0.0
2023-11-15 13:00:00+09:00,998.0,998.0,998.0,998.0,400,0.0,0.0
2023-11-15 14:00:00+09:00,997.0,997.0,997.0,997.0,200,0.0,0.0
2023-11-16 09:00:00+09:00,987.0,988.0,987.0,988.0,300,0.0,0.0
2023-11-16 10:00:00+09:00,1003.0,1003.0,984.0,984.0,200,0.0,0.0
2023-11-16 11:00:00+09:00,984.0,984.0,984.0,984.0,0,0.0,0.0
2023-11-16 12:00:00+09:00,980.0,980.0,980.0,980.0,600,0.0,0.0
2023-11-17 09:00:00+09:00,965.0,965.0,965.0,965.0,100,0.0,0.0
2023-11-17 11:00:00+09:00,965.0,965.0,965.0,965.0,0,0.0,0.0
2023-11-17 14:00:00+09:00,996.0,996.0,981.0,981.0,300,0.0,0.0
2023-11-20 09:00:00+09:00,965.0,973.0,965.0,973.0,300,0.0,0.0
2023-11-20 10:00:00+09:00,974.0,976.0,961.0,961.0,300,0.0,0.0
2023-11-20 11:00:00+09:00,961.0,961.0,961.0,961.0,0,0.0,0.0
2023-11-21 09:00:00+09:00,961.0,961.0,961.0,961.0,100,0.0,0.0
2023-11-21 11:00:00+09:00,961.0,961.0,961.0,961.0,0,0.0,0.0
2023-11-21 12:00:00+09:00,961.0,961.0,961.0,961.0,200,0.0,0.0
2023-11-22 09:00:00+09:00,961.0,961.0,961.0,961.0,100,0.0,0.0
2023-11-22 11:00:00+09:00,961.0,961.0,961.0,961.0,0,0.0,0.0
2023-11-24 09:00:00+09:00,987.0,987.0,971.0,972.0,800,0.0,0.0
2023-11-24 10:00:00+09:00,966.0,966.0,966.0,966.0,100,0.0,0.0
2023-11-24 11:00:00+09:00,966.0,966.0,966.0,966.0,0,0.0,0.0
2023-11-24 12:00:00+09:00,972.0,972.0,972.0,972.0,1000,0.0,0.0
2023-11-27 09:00:00+09:00,982.0,982.0,982.0,982.0,300,0.0,0.0
2023-11-27 10:00:00+09:00,997.0,997.0,982.0,982.0,0,0.0,0.0
2023-11-27 11:00:00+09:00,982.0,982.0,967.0,977.0,0,0.0,0.0
2023-11-27 14:00:00+09:00,974.0,974.0,959.0,959.0,1600,0.0,0.0
2023-11-28 09:00:00+09:00,950.0,952.0,950.0,952.0,300,0.0,0.0
2023-11-28 11:00:00+09:00,952.0,952.0,952.0,952.0,0,0.0,0.0
2023-11-28 12:00:00+09:00,943.0,943.0,943.0,943.0,400,0.0,0.0
2023-11-29 09:00:00+09:00,936.0,943.0,936.0,943.0,400,0.0,0.0
2023-11-29 11:00:00+09:00,943.0,943.0,943.0,943.0,0,0.0,0.0
2023-11-29 12:00:00+09:00,958.0,965.0,958.0,965.0,600,0.0,0.0
2023-11-30 09:00:00+09:00,962.0,962.0,962.0,962.0,100,0.0,0.0
2023-11-30 11:00:00+09:00,962.0,962.0,962.0,962.0,0,0.0,0.0
2023-12-01 09:00:00+09:00,959.0,959.0,959.0,959.0,100,0.0,0.0
2023-12-01 11:00:00+09:00,959.0,959.0,959.0,959.0,0,0.0,0.0
2023-12-01 14:00:00+09:00,964.0,964.0,964.0,964.0,0,0.0,0.0
2023-12-04 09:00:00+09:00,949.0,949.0,945.0,945.0,500,0.0,0.0
2023-12-04 11:00:00+09:00,945.0,945.0,945.0,945.0,0,0.0,0.0
2023-12-04 12:00:00+09:00,954.0,954.0,954.0,954.0,600,0.0,0.0
2023-12-05 09:00:00+09:00,942.0,942.0,942.0,942.0,100,0.0,0.0
2023-12-05 11:00:00+09:00,942.0,942.0,942.0,942.0,0,0.0,0.0
2023-12-05 14:00:00+09:00,943.0,973.0,943.0,959.0,1200,0.0,0.0
2023-12-06 09:00:00+09:00,989.0,989.0,974.0,974.0,1500,0.0,0.0
2023-12-06 11:00:00+09:00,974.0,974.0,974.0,974.0,0,0.0,0.0
2023-12-06 12:00:00+09:00,960.0,960.0,960.0,960.0,1600,0.0,0.0
2023-12-07 09:00:00+09:00,947.0,947.0,947.0,947.0,100,0.0,0.0
2023-12-07 11:00:00+09:00,947.0,947.0,947.0,947.0,0,0.0,0.0
2023-12-07 12:00:00+09:00,948.0,948.0,948.0,948.0,200,0.0,0.0
2023-12-07 13:00:00+09:00,949.0,949.0,940.0,940.0,700,0.0,0.0
2023-12-07 14:00:00+09:00,955.0,955.0,955.0,955.0,100,0.0,0.0
2023-12-08 09:00:00+09:00,955.0,955.0,955.0,955.0,100,0.0,0.0
2023-12-08 11:00:00+09:00,940.0,940.0,940.0,940.0,0,0.0,0.0
2023-12-11 12:00:00+09:00,954.0,954.0,954.0,954.0,100,0.0,0.0
2023-12-12 13:00:00+09:00,936.0,955.0,929.0,929.0,3700,0.0,0.0
2023-12-12 14:00:00+09:00,914.0,928.0,905.0,928.0,900,0.0,0.0
2023-12-13 09:00:00+09:00,914.0,916.0,911.0,911.0,1300,0.0,0.0
2023-12-13 10:00:00+09:00,912.0,912.0,911.0,911.0,400,0.0,0.0
2023-12-13 11:00:00+09:00,911.0,911.0,911.0,911.0,0,0.0,0.0
2023-12-13 12:00:00+09:00,917.0,917.0,912.0,912.0,2200,0.0,0.0
2023-12-14 09:00:00+09:00,912.0,912.0,900.0,900.0,1100,0.0,0.0
2023-12-14 11:00:00+09:00,886.0,888.0,863.0,888.0,0,0.0,0.0
2023-12-14 12:00:00+09:00,889.0,893.0,888.0,888.0,3700,0.0,0.0
2023-12-14 13:00:00+09:00,873.0,873.0,873.0,873.0,100,0.0,0.0
2023-12-14 14:00:00+09:00,876.0,876.0,875.0,875.0,200,0.0,0.0
2023-12-15 14:00:00+09:00,908.0,908.0,908.0,908.0,100,0.0,0.0
2023-12-18 09:00:00+09:00,898.0,898.0,890.0,890.0,200,0.0,0.0
2023-12-18 10:00:00+09:00,875.0,875.0,875.0,875.0,100,0.0,0.0
2023-12-18 11:00:00+09:00,875.0,875.0,875.0,875.0,0,0.0,0.0
2023-12-19 12:00:00+09:00,887.0,888.0,887.0,888.0,200,0.0,0.0
2023-12-20 09:00:00+09:00,857.0,857.0,857.0,857.0,3800,0.0,0.0
2023-12-20 10:00:00+09:00,857.0,860.0,856.0,860.0,800,0.0,0.0
2023-12-20 11:00:00+09:00,862.0,862.0,857.0,857.0,0,0.0,0.0
2023-12-20 12:00:00+09:00,858.0,862.0,858.0,862.0,29300,0.0,0.0
2023-12-20 13:00:00+09:00,860.0,860.0,859.0,859.0,200,0.0,0.0
2023-12-20 14:00:00+09:00,859.0,859.0,857.0,857.0,900,0.0,0.0
2023-12-21 09:00:00+09:00,857.0,857.0,857.0,857.0,100,0.0,0.0
2023-12-21 11:00:00+09:00,862.0,862.0,862.0,862.0,0,0.0,0.0
2023-12-21 12:00:00+09:00,862.0,862.0,850.0,850.0,500,0.0,0.0
2023-12-21 13:00:00+09:00,865.0,866.0,851.0,851.0,600,0.0,0.0
2023-12-21 14:00:00+09:00,866.0,866.0,866.0,866.0,200,0.0,0.0
2023-12-22 10:00:00+09:00,860.0,860.0,860.0,860.0,100,0.0,0.0
2023-12-22 11:00:00+09:00,860.0,860.0,860.0,860.0,0,0.0,0.0
2023-12-22 13:00:00+09:00,915.0,920.0,866.0,866.0,900,0.0,0.0
2023-12-25 09:00:00+09:00,881.0,881.0,866.0,866.0,1400,0.0,0.0
2023-12-25 11:00:00+09:00,866.0,866.0,866.0,866.0,0,0.0,0.0
2023-12-25 13:00:00+09:00,891.0,891.0,891.0,891.0,1500,0.0,0.0
2023-12-26 09:00:00+09:00,890.0,890.0,890.0,890.0,300,0.0,0.0
2023-12-26 10:00:00+09:00,887.0,887.0,872.0,872.0,200,0.0,0.0
2023-12-26 11:00:00+09:00,872.0,872.0,872.0,872.0,0,0.0,0.0
2023-12-26 14:00:00+09:00,888.0,888.0,873.0,888.0,800,0.0,0.0
2023-12-27 09:00:00+09:00,876.0,876.0,876.0,876.0,100,0.0,0.0
2023-12-27 11:00:00+09:00,876.0,876.0,876.0,876.0,0,0.0,0.0
2023-12-27 14:00:00+09:00,891.0,906.0,891.0,896.0,400,0.0,0.0
2023-12-28 09:00:00+09:00,892.0,915.0,892.0,893.0,0,0.0,0.0
2023-12-28 11:00:00+09:00,893.0,893.0,893.0,893.0,0,0.0,0.0
2023-12-28 14:00:00+09:00,919.0,919.0,919.0,919.0,600,0.0,0.0
2024-01-04 09:00:00+09:00,906.0,906.0,906.0,906.0,100,0.0,0.0
2024-01-04 11:00:00+09:00,906.0,906.0,906.0,906.0,0,0.0,0.0
2024-01-05 09:00:00+09:00,900.0,900.0,890.0,890.0,200,0.0,0.0
2024-01-05 11:00:00+09:00,905.0,905.0,905.0,905.0,0,0.0,0.0
2024-01-09 09:00:00+09:00,901.0,901.0,894.0,894.0,400,0.0,0.0
2024-01-09 10:00:00+09:00,888.0,888.0,888.0,888.0,300,0.0,0.0
2024-01-09 11:00:00+09:00,888.0,888.0,888.0,888.0,0,0.0,0.0
2024-01-09 14:00:00+09:00,888.0,888.0,888.0,888.0,800,0.0,0.0
2024-01-10 09:00:00+09:00,896.0,913.0,896.0,913.0,200,0.0,0.0
2024-01-10 11:00:00+09:00,913.0,913.0,913.0,913.0,0,0.0,0.0
2024-01-10 12:00:00+09:00,911.0,911.0,911.0,911.0,400,0.0,0.0
2024-01-10 14:00:00+09:00,909.0,909.0,909.0,909.0,100,0.0,0.0
2024-01-11 10:00:00+09:00,901.0,901.0,901.0,901.0,100,0.0,0.0
2024-01-11 11:00:00+09:00,901.0,901.0,901.0,901.0,0,0.0,0.0
2024-01-11 14:00:00+09:00,900.0,900.0,900.0,900.0,600,0.0,0.0
2024-01-12 13:00:00+09:00,887.0,887.0,887.0,887.0,0,0.0,0.0
2024-01-12 14:00:00+09:00,900.0,900.0,900.0,900.0,100,0.0,0.0
2024-01-17 09:00:00+09:00,885.0,885.0,873.0,873.0,10300,0.0,0.0
2024-01-17 11:00:00+09:00,876.0,876.0,876.0,876.0,0,0.0,0.0
2024-01-17 12:00:00+09:00,876.0,876.0,876.0,876.0,10500,0.0,0.0
2024-01-17 13:00:00+09:00,876.0,876.0,876.0,876.0,100,0.0,0.0
2024-01-17 14:00:00+09:00,906.0,913.0,883.0,883.0,600,0.0,0.0
2024-01-18 14:00:00+09:00,895.0,900.0,885.0,900.0,1700,0.0,0.0
2024-01-19 10:00:00+09:00,891.0,891.0,891.0,891.0,100,0.0,0.0
2024-01-19 11:00:00+09:00,891.0,891.0,891.0,891.0,0,0.0,0.0
2024-01-19 14:00:00+09:00,891.0,891.0,890.0,890.0,300,0.0,0.0
2024-01-22 09:00:00+09:00,889.0,889.0,889.0,889.0,0,0.0,0.0
2024-01-22 10:00:00+09:00,888.0,888.0,888.0,888.0,100,0.0,0.0
2024-01-22 11:00:00+09:00,888.0,888.0,888.0,888.0,0,0.0,0.0
2024-01-22 12:00:00+09:00,889.0,902.0,889.0,902.0,800,0.0,0.0
2024-01-22 13:00:00+09:00,968.0,1035.0,953.0,1011.0,8800,0.0,0.0
2024-01-22 14:00:00+09:00,989.0,1035.0,950.0,952.0,9800,0.0,0.0
2024-01-23 09:00:00+09:00,991.0,1007.0,962.0,1007.0,4900,0.0,0.0
2024-01-23 10:00:00+09:00,1015.0,1020.0,990.0,1010.0,4000,0.0,0.0
2024-01-23 11:00:00+09:00,1010.0,1010.0,1010.0,1010.0,0,0.0,0.0
2024-01-23 12:00:00+09:00,1010.0,1014.0,1001.0,1014.0,10200,0.0,0.0
2024-01-23 13:00:00+09:00,1018.0,1023.0,992.0,992.0,1300,0.0,0.0
2024-01-23 14:00:00+09:00,991.0,1002.0,985.0,987.0,0,0.0,0.0
2024-01-24 09:00:00+09:00,990.0,990.0,979.0,979.0,300,0.0,0.0
2024-01-24 11:00:00+09:00,979.0,979.0,979.0,979.0,0,0.0,0.0
2024-01-24 12:00:00+09:00,979.0,979.0,976.0,976.0,700,0.0,0.0
2024-01-24 13:00:00+09:00,976.0,976.0,976.0,976.0,100,0.0,0.0
2024-01-24 14:00:00+09:00,976.0,997.0,976.0,997.0,500,0.0,0.0
2024-01-25 09:00:00+09:00,997.0,997.0,997.0,997.0,600,0.0,0.0
2024-01-25 10:00:00+09:00,987.0,987.0,987.0,987.0,200,0.0,0.0
2024-01-25 11:00:00+09:00,987.0,987.0,987.0,987.0,0,0.0,0.0
2024-01-25 12:00:00+09:00,996.0,1000.0,996.0,1000.0,1700,0.0,0.0
2024-01-25 14:00:00+09:00,980.0,1000.0,980.0,1000.0,600,0.0,0.0
2024-01-26 09:00:00+09:00,979.0,1009.0,979.0,1009.0,600,0.0,0.0
2024-01-26 10:00:00+09:00,1012.0,1030.0,1012.0,1030.0,500,0.0,0.0
2024-01-26 11:00:00+09:00,1030.0,1030.0,1030.0,1030.0,0,0.0,0.0
2024-01-26 12:00:00+09:00,1019.0,1019.0,1019.0,1019.0,1200,0.0,0.0
2024-01-26 13:00:00+09:00,1003.0,1003.0,985.0,985.0,300,0.0,0.0
2024-01-29 09:00:00+09:00,990.0,990.0,990.0,990.0,100,0.0,0.0
2024-01-29 11:00:00+09:00,1000.0,1000.0,1000.0,1000.0,0,0.0,0.0
2024-01-29 14:00:00+09:00,991.0,991.0,991.0,991.0,300,0.0,0.0
2024-01-30 09:00:00+09:00,988.0,988.0,988.0,988.0,100,0.0,0.0
2024-01-30 11:00:00+09:00,988.0,988.0,988.0,988.0,0,0.0,0.0
2024-01-30 12:00:00+09:00,990.0,990.0,960.0,960.0,900,0.0,0.0
2024-01-31 09:00:00+09:00,975.0,990.0,975.0,990.0,900,0.0,0.0
2024-01-31 11:00:00+09:00,990.0,990.0,990.0,990.0,0,0.0,0.0
2024-01-31 12:00:00+09:00,975.0,990.0,975.0,990.0,1100,0.0,0.0
2024-02-05 09:00:00+09:00,952.0,962.0,928.0,932.0,3400,0.0,0.0
2024-02-05 11:00:00+09:00,932.0,932.0,932.0,932.0,0,0.0,0.0
2024-02-05 12:00:00+09:00,947.0,947.0,932.0,932.0,4000,0.0,0.0
2024-02-05 13:00:00+09:00,930.0,930.0,930.0,930.0,200,0.0,0.0
2024-02-05 14:00:00+09:00,936.0,936.0,936.0,936.0,100,0.0,0.0
2024-02-06 09:00:00+09:00,929.0,929.0,920.0,920.0,600,0.0,0.0
2024-02-06 10:00:00+09:00,934.0,934.0,934.0,934.0,100,0.0,0.0
2024-02-06 11:00:00+09:00,934.0,934.0,934.0,934.0,0,0.0,0.0
2024-02-06 12:00:00+09:00,933.0,933.0,933.0,933.0,800,0.0,0.0
2024-02-06 14:00:00+09:00,927.0,927.0,915.0,915.0,300,0.0,0.0
2024-02-07 10:00:00+09:00,911.0,911.0,911.0,911.0,400,0.0,0.0
2024-02-07 11:00:00+09:00,911.0,911.0,911.0,911.0,0,0.0,0.0
2024-02-08 09:00:00+09:00,1096.0,1141.0,1066.0,1089.0,38400,0.0,0.0
2024-02-08 10:00:00+09:00,1066.0,1103.0,1025.0,1029.0,10700,0.0,0.0
2024-02-08 11:00:00+09:00,1038.0,1038.0,991.0,1006.0,0,0.0,0.0
2024-02-08 12:00:00+09:00,1006.0,1028.0,1000.0,1004.0,59700,0.0,0.0
2024-02-08 13:00:00+09:00,1000.0,1030.0,1000.0,1016.0,4300,0.0,0.0
2024-02-08 14:00:00+09:00,1021.0,1035.0,1000.0,1029.0,5200,0.0,0.0
2024-02-09 09:00:00+09:00,1023.0,1023.0,977.0,1002.0,4400,0.0,0.0
2024-02-09 11:00:00+09:00,1001.0,1027.0,997.0,1016.0,0,0.0,0.0
2024-02-09 12:00:00+09:00,997.0,997.0,972.0,985.0,8900,0.0,0.0
2024-02-09 13:00:00+09:00,990.0,1000.0,986.0,986.0,1200,0.0,0.0
2024-02-09 14:00:00+09:00,982.0,995.0,964.0,964.0,3300,0.0,0.0
2024-02-13 09:00:00+09:00,966.0,1112.0,966.0,1102.0,27900,0.0,0.0
2024-02-13 10:00:00+09:00,1103.0,1112.0,1100.0,1112.0,3400,0.0,0.0
2024-02-13 11:00:00+09:00,1112.0,1112.0,1112.0,1112.0,0,0.0,0.0
2024-02-14 09:00:00+09:00,1052.0,1099.0,1016.0,1070.0,18700,0.0,0.0
2024-02-14 10:00:00+09:00,1060.0,1060.0,1018.0,1018.0,1700,0.0,0.0
2024-02-14 11:00:00+09:00,1018.0,1019.0,1018.0,1019.0,0,0.0,0.0
2024-02-14 12:00:00+09:00,1001.0,1408.0,991.0,1398.0,241900,0.0,0.0
2024-02-14 13:00:00+09:00,1399.0,1412.0,1362.0,1412.0,165200,0.0,0.0
2024-02-14 14:00:00+09:00,1412.0,1412.0,1412.0,1412.0,2400,0.0,0.0
2024-02-15 09:00:00+09:00,1400.0,1500.0,1390.0,1500.0,368000,0.0,0.0
2024-02-15 10:00:00+09:00,1500.0,1575.0,1138.0,1155.0,356600,0.0,0.0
2024-02-15 11:00:00+09:00,1149.0,1154.0,1112.0,1122.0,0,0.0,0.0
2024-02-15 12:00:00+09:00,1135.0,1170.0,1122.0,1150.0,839400,0.0,0.0
2024-02-15 13:00:00+09:00,1159.0,1190.0,1112.0,1112.0,27500,0.0,0.0
2024-02-15 14:00:00+09:00,1112.0,1240.0,1112.0,1178.0,74500,0.0,0.0
2024-02-16 09:00:00+09:00,1115.0,1221.0,1047.0,1060.0,80700,0.0,0.0
2024-02-16 10:00:00+09:00,1059.0,1133.0,1048.0,1096.0,22000,0.0,0.0
2024-02-16 11:00:00+09:00,1098.0,1120.0,1060.0,1071.0,0,0.0,0.0
2024-02-16 12:00:00+09:00,1076.0,1076.0,1021.0,1039.0,132300,0.0,0.0
2024-02-16 13:00:00+09:00,1039.0,1047.0,1022.0,1024.0,12700,0.0,0.0
2024-02-16 14:00:00+09:00,1024.0,1120.0,1005.0,1030.0,48600,0.0,0.0
2024-02-19 09:00:00+09:00,1046.0,1104.0,1029.0,1104.0,18800,0.0,0.0
2024-02-19 10:00:00+09:00,1104.0,1104.0,1051.0,1051.0,6200,0.0,0.0
2024-02-19 11:00:00+09:00,1051.0,1052.0,1043.0,1048.0,0,0.0,0.0
2024-02-19 12:00:00+09:00,1048.0,1055.0,1043.0,1044.0,30600,0.0,0.0
2024-02-19 13:00:00+09:00,1043.0,1095.0,1032.0,1076.0,6200,0.0,0.0
2024-02-19 14:00:00+09:00,1075.0,1095.0,1072.0,1092.0,3300,0.0,0.0
2024-02-20 09:00:00+09:00,1098.0,1098.0,1011.0,1022.0,37100,0.0,0.0
2024-02-20 10:00:00+09:00,1022.0,1031.0,1013.0,1015.0,9400,0.0,0.0
2024-02-20 11:00:00+09:00,1015.0,1016.0,1013.0,1016.0,0,0.0,0.0
2024-02-20 12:00:00+09:00,1017.0,1050.0,1014.0,1050.0,57900,0.0,0.0
2024-02-20 13:00:00+09:00,1031.0,1050.0,1024.0,1028.0,5500,0.0,0.0
2024-02-20 14:00:00+09:00,1025.0,1032.0,1015.0,1015.0,8500,0.0,0.0
2024-02-21 09:00:00+09:00,1017.0,1031.0,1014.0,1023.0,7800,0.0,0.0
2024-02-21 10:00:00+09:00,1021.0,1021.0,1013.0,1013.0,2600,0.0,0.0
2024-02-21 11:00:00+09:00,1012.0,1016.0,1011.0,1015.0,0,0.0,0.0
2024-02-21 12:00:00+09:00,1013.0,1020.0,1013.0,1020.0,16700,0.0,0.0
2024-02-21 13:00:00+09:00,1014.0,1021.0,1013.0,1013.0,1600,0.0,0.0
2024-02-21 14:00:00+09:00,1013.0,1016.0,1004.0,1011.0,15800,0.0,0.0
2024-02-22 09:00:00+09:00,1010.0,1020.0,990.0,1015.0,17700,0.0,0.0
2024-02-22 10:00:00+09:00,1005.0,1014.0,1003.0,1006.0,2000,0.0,0.0
2024-02-22 11:00:00+09:00,1005.0,1005.0,1001.0,1001.0,0,0.0,0.0
2024-02-22 12:00:00+09:00,1001.0,1005.0,1001.0,1005.0,20700,0.0,0.0
2024-02-22 13:00:00+09:00,1001.0,1007.0,980.0,989.0,12000,0.0,0.0
2024-02-22 14:00:00+09:00,992.0,1007.0,987.0,1007.0,3400,0.0,0.0
2024-02-26 09:00:00+09:00,998.0,1024.0,984.0,1001.0,12300,0.0,0.0
2024-02-26 10:00:00+09:00,1001.0,1021.0,995.0,1007.0,5400,0.0,0.0
2024-02-26 11:00:00+09:00,1007.0,1007.0,1007.0,1007.0,0,0.0,0.0
2024-02-26 12:00:00+09:00,1007.0,1007.0,1006.0,1006.0,17900,0.0,0.0
2024-02-26 13:00:00+09:00,1007.0,1007.0,998.0,998.0,1000,0.0,0.0
2024-02-26 14:00:00+09:00,998.0,1001.0,976.0,991.0,7600,0.0,0.0
2024-02-27 09:00:00+09:00,1049.0,1125.0,1009.0,1009.0,59200,0.0,0.0
2024-02-27 10:00:00+09:00,1008.0,1009.0,990.0,1008.0,14200,0.0,0.0
2024-02-27 11:00:00+09:00,1000.0,1004.0,998.0,1004.0,0,0.0,0.0
2024-02-27 12:00:00+09:00,1001.0,1054.0,1001.0,1037.0,94400,0.0,0.0
2024-02-27 13:00:00+09:00,1030.0,1045.0,1001.0,1022.0,8400,0.0,0.0
2024-02-27 14:00:00+09:00,1022.0,1023.0,1010.0,1013.0,4800,0.0,0.0
2024-02-28 09:00:00+09:00,1012.0,1013.0,998.0,1004.0,5600,0.0,0.0
2024-02-28 10:00:00+09:00,1000.0,1004.0,999.0,1000.0,700,0.0,0.0
2024-02-28 11:00:00+09:00,1005.0,1019.0,1005.0,1019.0,0,0.0,0.0
2024-02-28 12:00:00+09:00,1019.0,1137.0,1008.0,1015.0,82300,0.0,0.0
2024-02-28 13:00:00+09:00,1014.0,1021.0,1007.0,1014.0,11900,0.0,0.0
2024-02-28 14:00:00+09:00,1009.0,1018.0,1004.0,1008.0,9500,0.0,0.0
2024-02-29 09:00:00+09:00,1010.0,1019.0,1003.0,1006.0,6500,0.0,0.0
2024-02-29 10:00:00+09:00,1010.0,1010.0,999.0,1005.0,3800,0.0,0.0
2024-02-29 11:00:00+09:00,1001.0,1001.0,999.0,999.0,0,0.0,0.0
2024-02-29 12:00:00+09:00,999.0,1000.0,993.0,995.0,15000,0.0,0.0
2024-02-29 13:00:00+09:00,997.0,1001.0,997.0,1001.0,1100,0.0,0.0
2024-02-29 14:00:00+09:00,1001.0,1001.0,993.0,993.0,3600,0.0,0.0
2024-03-01 09:00:00+09:00,981.0,992.0,981.0,992.0,5600,0.0,0.0
2024-03-01 10:00:00+09:00,992.0,1051.0,992.0,998.0,19500,0.0,0.0
2024-03-01 11:00:00+09:00,999.0,1000.0,995.0,995.0,0,0.0,0.0
2024-03-01 12:00:00+09:00,996.0,1001.0,996.0,1001.0,27600,0.0,0.0
2024-03-01 13:00:00+09:00,998.0,1011.0,990.0,1004.0,7000,0.0,0.0
2024-03-01 14:00:00+09:00,1000.0,1001.0,993.0,996.0,2900,0.0,0.0
2024-03-04 09:00:00+09:00,1004.0,1004.0,987.0,996.0,5100,0.0,0.0
2024-03-04 10:00:00+09:00,999.0,1047.0,995.0,1014.0,12500,0.0,0.0
2024-03-04 11:00:00+09:00,1014.0,1028.0,1013.0,1028.0,0,0.0,0.0
2024-03-04 12:00:00+09:00,1020.0,1020.0,1004.0,1004.0,22900,0.0,0.0
2024-03-04 13:00:00+09:00,1009.0,1014.0,1009.0,1014.0,500,0.0,0.0
2024-03-04 14:00:00+09:00,1012.0,1013.0,1004.0,1004.0,800,0.0,0.0
2024-03-05 09:00:00+09:00,1033.0,1077.0,1026.0,1044.0,20100,0.0,0.0
2024-03-05 10:00:00+09:00,1047.0,1144.0,1047.0,1139.0,17800,0.0,0.0
2024-03-05 11:00:00+09:00,1130.0,1133.0,1079.0,1118.0,0,0.0,0.0
2024-03-05 12:00:00+09:00,1113.0,1150.0,1084.0,1111.0,73000,0.0,0.0
2024-03-05 13:00:00+09:00,1115.0,1128.0,1090.0,1116.0,10100,0.0,0.0
2024-03-05 14:00:00+09:00,1122.0,1125.0,1109.0,1113.0,5000,0.0,0.0
2024-03-06 09:00:00+09:00,1127.0,1270.0,1120.0,1258.0,46100,0.0,0.0
2024-03-06 10:00:00+09:00,1256.0,1405.0,1206.0,1261.0,98900,0.0,0.0
2024-03-06 11:00:00+09:00,1261.0,1295.0,1251.0,1283.0,0,0.0,0.0
2024-03-06 12:00:00+09:00,1371.0,1395.0,1303.0,1308.0,177400,0.0,0.0
2024-03-06 13:00:00+09:00,1308.0,1330.0,1266.0,1277.0,21800,0.0,0.0
2024-03-06 14:00:00+09:00,1266.0,1267.0,1222.0,1241.0,20800,0.0,0.0
2024-03-07 09:00:00+09:00,1274.0,1485.0,1274.0,1380.0,119900,0.0,0.0
2024-03-07 10:00:00+09:00,1385.0,1449.0,1332.0,1350.0,34700,0.0,0.0
2024-03-07 11:00:00+09:00,1350.0,1354.0,1288.0,1304.0,0,0.0,0.0
2024-03-07 12:00:00+09:00,1306.0,1380.0,1290.0,1380.0,171300,0.0,0.0
2024-03-07 13:00:00+09:00,1396.0,1400.0,1327.0,1327.0,11700,0.0,0.0
2024-03-07 14:00:00+09:00,1328.0,1405.0,1321.0,1325.0,17800,0.0,0.0
2024-03-08 09:00:00+09:00,1240.0,1284.0,1176.0,1180.0,40700,0.0,0.0
2024-03-08 10:00:00+09:00,1180.0,1180.0,1140.0,1141.0,12300,0.0,0.0
2024-03-08 11:00:00+09:00,1142.0,1170.0,1131.0,1170.0,0,0.0,0.0
2024-03-08 12:00:00+09:00,1170.0,1175.0,1170.0,1175.0,61700,0.0,0.0
2024-03-08 13:00:00+09:00,1171.0,1171.0,1118.0,1137.0,7700,0.0,0.0
2024-03-08 14:00:00+09:00,1137.0,1138.0,1103.0,1115.0,0,0.0,0.0
2024-03-11 09:00:00+09:00,1131.0,1198.0,1055.0,1080.0,22700,0.0,0.0
2024-03-11 10:00:00+09:00,1081.0,1198.0,1081.0,1154.0,16500,0.0,0.0
2024-03-11 11:00:00+09:00,1150.0,1150.0,1138.0,1138.0,0,0.0,0.0
2024-03-11 12:00:00+09:00,1318.0,1380.0,1207.0,1271.0,83000,0.0,0.0
2024-03-11 13:00:00+09:00,1264.0,1269.0,1144.0,1154.0,24600,0.0,0.0
2024-03-11 14:00:00+09:00,1145.0,1212.0,1140.0,1209.0,6200,0.0,0.0
2024-03-12 09:00:00+09:00,1242.0,1242.0,1134.0,1150.0,15000,0.0,0.0
2024-03-12 10:00:00+09:00,1149.0,1151.0,1126.0,1143.0,4800,0.0,0.0
2024-03-12 11:00:00+09:00,1146.0,1146.0,1141.0,1141.0,0,0.0,0.0
2024-03-12 12:00:00+09:00,1141.0,1172.0,1141.0,1171.0,24300,0.0,0.0
2024-03-12 13:00:00+09:00,1162.0,1162.0,1141.0,1145.0,3100,0.0,0.0
2024-03-12 14:00:00+09:00,1145.0,1164.0,1143.0,1156.0,3300,0.0,0.0
2024-03-13 09:00:00+09:00,1175.0,1242.0,1170.0,1170.0,14400,0.0,0.0
2024-03-13 10:00:00+09:00,1162.0,1162.0,1149.0,1152.0,2300,0.0,0.0
2024-03-13 11:00:00+09:00,1161.0,1161.0,1161.0,1161.0,0,0.0,0.0
2024-03-13 12:00:00+09:00,1160.0,1160.0,1143.0,1143.0,19600,0.0,0.0
2024-03-13 13:00:00+09:00,1148.0,1151.0,1148.0,1151.0,600,0.0,0.0
2024-03-13 14:00:00+09:00,1163.0,1176.0,1151.0,1176.0,1100,0.0,0.0
2024-03-14 09:00:00+09:00,1148.0,1152.0,1135.0,1152.0,4200,0.0,0.0
2024-03-14 10:00:00+09:00,1141.0,1141.0,1126.0,1127.0,1300,0.0,0.0
2024-03-14 11:00:00+09:00,1134.0,1135.0,1129.0,1129.0,0,0.0,0.0
2024-03-14 12:00:00+09:00,1129.0,1130.0,1129.0,1129.0,7100,0.0,0.0
2024-03-14 13:00:00+09:00,1131.0,1143.0,1131.0,1143.0,1200,0.0,0.0
2024-03-15 09:00:00+09:00,1132.0,1132.0,1105.0,1105.0,3500,0.0,0.0
2024-03-15 10:00:00+09:00,1102.0,1109.0,1102.0,1108.0,1100,0.0,0.0
2024-03-15 11:00:00+09:00,1113.0,1113.0,1112.0,1112.0,0,0.0,0.0
2024-03-15 12:00:00+09:00,1112.0,1112.0,1101.0,1101.0,8300,0.0,0.0
2024-03-15 13:00:00+09:00,1101.0,1101.0,1080.0,1080.0,2500,0.0,0.0
2024-03-15 14:00:00+09:00,1081.0,1090.0,1077.0,1077.0,1200,0.0,0.0
2024-03-18 09:00:00+09:00,1053.0,1098.0,1053.0,1082.0,8100,0.0,0.0
2024-03-18 10:00:00+09:00,1066.0,1067.0,1057.0,1067.0,1700,0.0,0.0
2024-03-18 11:00:00+09:00,1069.0,1069.0,1069.0,1069.0,0,0.0,0.0
2024-03-18 12:00:00+09:00,1070.0,1073.0,1070.0,1073.0,10300,0.0,0.0
2024-03-18 13:00:00+09:00,1073.0,1073.0,1065.0,1066.0,1100,0.0,0.0
2024-03-18 14:00:00+09:00,1067.0,1136.0,1067.0,1102.0,19100,0.0,0.0
2024-03-19 09:00:00+09:00,1075.0,1107.0,1075.0,1076.0,2500,0.0,0.0
2024-03-19 10:00:00+09:00,1084.0,1084.0,1084.0,1084.0,100,0.0,0.0
2024-03-19 11:00:00+09:00,1076.0,1080.0,1075.0,1080.0,0,0.0,0.0
2024-03-19 12:00:00+09:00,1070.0,1110.0,1070.0,1109.0,8900,0.0,0.0
2024-03-19 13:00:00+09:00,1099.0,1150.0,1046.0,1135.0,17600,0.0,0.0
2024-03-19 14:00:00+09:00,1124.0,1124.0,1033.0,1052.0,32600,0.0,0.0
2024-03-21 09:00:00+09:00,1084.0,1140.0,1072.0,1138.0,18000,0.0,0.0
2024-03-21 10:00:00+09:00,1138.0,1248.0,1115.0,1126.0,48900,0.0,0.0
2024-03-21 11:00:00+09:00,1121.0,1130.0,1100.0,1101.0,0,0.0,0.0
2024-03-21 12:00:00+09:00,1102.0,1130.0,1096.0,1129.0,78800,0.0,0.0
2024-03-21 13:00:00+09:00,1130.0,1191.0,1130.0,1156.0,9100,0.0,0.0
2024-03-21 14:00:00+09:00,1143.0,1154.0,1127.0,1151.0,4900,0.0,0.0
2024-03-22 09:00:00+09:00,1132.0,1165.0,1096.0,1104.0,5100,0.0,0.0
2024-03-22 10:00:00+09:00,1108.0,1108.0,1093.0,1093.0,2100,0.0,0.0
2024-03-22 11:00:00+09:00,1094.0,1097.0,1094.0,1097.0,0,0.0,0.0
2024-03-22 12:00:00+09:00,1097.0,1097.0,1095.0,1095.0,8000,0.0,0.0
2024-03-22 13:00:00+09:00,1094.0,1095.0,1093.0,1094.0,600,0.0,0.0
2024-03-22 14:00:00+09:00,1093.0,1107.0,1093.0,1107.0,700,0.0,0.0
2024-03-25 09:00:00+09:00,1112.0,1177.0,1105.0,1167.0,6600,0.0,0.0
2024-03-25 10:00:00+09:00,1166.0,1169.0,1117.0,1169.0,10600,0.0,0.0
2024-03-25 11:00:00+09:00,1156.0,1156.0,1138.0,1146.0,0,0.0,0.0
2024-03-25 12:00:00+09:00,1146.0,1146.0,1145.0,1145.0,19400,0.0,0.0
2024-03-25 13:00:00+09:00,1145.0,1168.0,1145.0,1155.0,4500,0.0,0.0
2024-03-25 14:00:00+09:00,1155.0,1160.0,1152.0,1152.0,1700,0.0,0.0
2024-03-26 09:00:00+09:00,1184.0,1184.0,1131.0,1161.0,14700,0.0,0.0
2024-03-26 10:00:00+09:00,1154.0,1154.0,1130.0,1130.0,700,0.0,0.0
2024-03-26 11:00:00+09:00,1130.0,1130.0,1060.0,1100.0,0,0.0,0.0
2024-03-26 12:00:00+09:00,1100.0,1119.0,1095.0,1100.0,36800,0.0,0.0
2024-03-26 13:00:00+09:00,1101.0,1138.0,1101.0,1115.0,2600,0.0,0.0
2024-03-26 14:00:00+09:00,1116.0,1139.0,1116.0,1121.0,2100,0.0,0.0
2024-03-27 09:00:00+09:00,1124.0,1124.0,1114.0,1114.0,700,0.0,0.0
2024-03-27 10:00:00+09:00,1114.0,1118.0,1111.0,1117.0,400,0.0,0.0
2024-03-27 11:00:00+09:00,1117.0,1117.0,1117.0,1117.0,0,0.0,0.0
2024-03-27 12:00:00+09:00,1118.0,1118.0,1117.0,1117.0,1300,0.0,0.0
2024-03-27 13:00:00+09:00,1118.0,1118.0,1106.0,1106.0,2600,0.0,0.0
2024-03-27 14:00:00+09:00,1106.0,1106.0,1102.0,1104.0,1300,0.0,0.0
2024-03-28 09:00:00+09:00,1086.0,1108.0,1073.0,1073.0,3700,0.0,0.0
2024-03-28 10:00:00+09:00,1073.0,1073.0,1060.0,1072.0,3400,0.0,0.0
2024-03-28 11:00:00+09:00,1065.0,1065.0,1063.0,1063.0,0,0.0,0.0
2024-03-28 12:00:00+09:00,1061.0,1061.0,1061.0,1061.0,7800,0.0,0.0
2024-03-28 13:00:00+09:00,1068.0,1076.0,1068.0,1076.0,600,0.0,0.0
2024-03-28 14:00:00+09:00,1066.0,1066.0,1066.0,1066.0,0,0.0,0.0
2024-03-29 09:00:00+09:00,1083.0,1083.0,1069.0,1079.0,900,0.0,0.0
2024-03-29 10:00:00+09:00,1079.0,1079.0,1079.0,1079.0,100,0.0,0.0
2024-03-29 11:00:00+09:00,1069.0,1079.0,1069.0,1079.0,0,0.0,0.0
2024-03-29 12:00:00+09:00,1079.0,1079.0,1079.0,1079.0,0,0.0,0.0
2024-03-29 13:00:00+09:00,1065.0,1075.0,1062.0,1075.0,2300,0.0,0.0
2024-03-29 14:00:00+09:00,1070.0,1078.0,1069.0,1078.0,600,0.0,0.0
2024-04-01 09:00:00+09:00,1092.0,1092.0,1071.0,1072.0,1000,0.0,0.0
2024-04-01 10:00:00+09:00,1079.0,1079.0,1079.0,1079.0,100,0.0,0.0
2024-04-01 11:00:00+09:00,1079.0,1079.0,1079.0,1079.0,0,0.0,0.0
2024-04-01 12:00:00+09:00,1076.0,1076.0,1076.0,1076.0,1200,0.0,0.0
2024-04-01 13:00:00+09:00,1075.0,1079.0,1072.0,1078.0,800,0.0,0.0
2024-04-01 14:00:00+09:00,1073.0,1080.0,1073.0,1075.0,1500,0.0,0.0
2024-04-02 09:00:00+09:00,1080.0,1089.0,1074.0,1074.0,700,0.0,0.0
2024-04-02 10:00:00+09:00,1073.0,1074.0,1066.0,1074.0,2700,0.0,0.0
2024-04-02 11:00:00+09:00,1071.0,1071.0,1071.0,1071.0,0,0.0,0.0
2024-04-02 12:00:00+09:00,1071.0,1078.0,1071.0,1071.0,4900,0.0,0.0
2024-04-02 13:00:00+09:00,1071.0,1073.0,1070.0,1070.0,0,0.0,0.0
2024-04-02 14:00:00+09:00,1070.0,1076.0,1070.0,1076.0,0,0.0,0.0
2024-04-03 09:00:00+09:00,1066.0,1066.0,1066.0,1066.0,300,0.0,0.0
2024-04-03 10:00:00+09:00,1061.0,1061.0,1061.0,1061.0,300,0.0,0.0
2024-04-03 11:00:00+09:00,1061.0,1061.0,1061.0,1061.0,0,0.0,0.0
2024-04-03 12:00:00+09:00,1052.0,1052.0,1050.0,1050.0,1000,0.0,0.0
2024-04-03 13:00:00+09:00,1043.0,1071.0,1043.0,1060.0,5000,0.0,0.0
2024-04-03 14:00:00+09:00,1065.0,1075.0,1065.0,1075.0,500,0.0,0.0
2024-04-04 09:00:00+09:00,1062.0,1070.0,1062.0,1070.0,1100,0.0,0.0
2024-04-04 10:00:00+09:00,1069.0,1073.0,1069.0,1073.0,1300,0.0,0.0
2024-04-04 11:00:00+09:00,1070.0,1070.0,1069.0,1069.0,0,0.0,0.0
2024-04-04 12:00:00+09:00,1069.0,1074.0,1069.0,1074.0,2900,0.0,0.0
2024-04-04 13:00:00+09:00,1075.0,1075.0,1075.0,1075.0,100,0.0,0.0
2024-04-04 14:00:00+09:00,1070.0,1070.0,1070.0,1070.0,200,0.0,0.0
2024-04-05 09:00:00+09:00,1062.0,1072.0,1061.0,1072.0,2200,0.0,0.0
2024-04-05 10:00:00+09:00,1063.0,1063.0,1061.0,1061.0,5000,0.0,0.0
2024-04-05 11:00:00+09:00,1042.0,1042.0,1041.0,1041.0,0,0.0,0.0
2024-04-05 12:00:00+09:00,1042.0,1051.0,1042.0,1045.0,7800,0.0,0.0
2024-04-08 09:00:00+09:00,1047.0,1054.0,1045.0,1054.0,1000,0.0,0.0
2024-04-08 10:00:00+09:00,1054.0,1054.0,1054.0,1054.0,200,0.0,0.0
2024-04-08 11:00:00+09:00,1054.0,1054.0,1054.0,1054.0,0,0.0,0.0
2024-04-08 12:00:00+09:00,1048.0,1048.0,1048.0,1048.0,2300,0.0,0.0
2024-04-08 13:00:00+09:00,1043.0,1049.0,1043.0,1049.0,800,0.0,0.0
2024-04-08 14:00:00+09:00,1050.0,1065.0,1050.0,1064.0,1600,0.0,0.0
2024-04-09 09:00:00+09:00,1062.0,1093.0,1062.0,1089.0,2200,0.0,0.0
2024-04-09 10:00:00+09:00,1089.0,1097.0,1077.0,1097.0,2600,0.0,0.0
2024-04-09 11:00:00+09:00,1105.0,1105.0,1103.0,1105.0,0,0.0,0.0
2024-04-09 12:00:00+09:00,1104.0,1130.0,1104.0,1127.0,8000,0.0,0.0
2024-04-09 13:00:00+09:00,1127.0,1138.0,1113.0,1129.0,2400,0.0,0.0
2024-04-09 14:00:00+09:00,1129.0,1139.0,1117.0,1138.0,6500,0.0,0.0
2024-04-10 09:00:00+09:00,1155.0,1201.0,1148.0,1161.0,13000,0.0,0.0
2024-04-10 10:00:00+09:00,1145.0,1145.0,1119.0,1126.0,3800,0.0,0.0
2024-04-10 11:00:00+09:00,1121.0,1121.0,1100.0,1110.0,0,0.0,0.0
2024-04-10 12:00:00+09:00,1106.0,1129.0,1106.0,1129.0,20200,0.0,0.0
2024-04-10 13:00:00+09:00,1129.0,1129.0,1129.0,1129.0,400,0.0,0.0
2024-04-10 14:00:00+09:00,1110.0,1114.0,1091.0,1100.0,4600,0.0,0.0
2024-04-11 09:00:00+09:00,1083.0,1084.0,1083.0,1083.0,300,0.0,0.0
2024-04-11 10:00:00+09:00,1085.0,1085.0,1084.0,1084.0,200,0.0,0.0
2024-04-11 11:00:00+09:00,1084.0,1084.0,1083.0,1083.0,0,0.0,0.0
2024-04-11 13:00:00+09:00,1083.0,1083.0,1083.0,1083.0,1300,0.0,0.0
2024-04-11 14:00:00+09:00,1083.0,1083.0,1083.0,1083.0,200,0.0,0.0
2024-04-12 09:00:00+09:00,1083.0,1083.0,1083.0,1083.0,100,0.0,0.0
2024-04-12 10:00:00+09:00,1081.0,1082.0,1080.0,1082.0,500,0.0,0.0
2024-04-12 11:00:00+09:00,1082.0,1082.0,1082.0,1082.0,0,0.0,0.0
2024-04-12 12:00:00+09:00,1086.0,1086.0,1075.0,1075.0,1500,0.0,0.0
2024-04-12 13:00:00+09:00,1072.0,1072.0,1072.0,1072.0,100,0.0,0.0
2024-04-12 14:00:00+09:00,1071.0,1071.0,1071.0,1071.0,100,0.0,0.0
2024-04-15 09:00:00+09:00,1064.0,1069.0,1058.0,1058.0,1000,0.0,0.0
2024-04-15 10:00:00+09:00,1060.0,1060.0,1058.0,1058.0,300,0.0,0.0
2024-04-15 11:00:00+09:00,1058.0,1058.0,1058.0,1058.0,0,0.0,0.0
2024-04-15 12:00:00+09:00,1059.0,1059.0,1055.0,1055.0,2000,0.0,0.0
2024-04-15 13:00:00+09:00,1050.0,1050.0,1050.0,1050.0,400,0.0,0.0
2024-04-15 14:00:00+09:00,1050.0,1069.0,1050.0,1056.0,2300,0.0,0.0
2024-04-16 09:00:00+09:00,1050.0,1057.0,1050.0,1057.0,700,0.0,0.0
2024-04-16 11:00:00+09:00,1051.0,1051.0,1051.0,1051.0,0,0.0,0.0
2024-04-16 12:00:00+09:00,1043.0,1043.0,1010.0,1028.0,11600,0.0,0.0
2024-04-16 13:00:00+09:00,1032.0,1037.0,1023.0,1037.0,1100,0.0,0.0
2024-04-16 14:00:00+09:00,1030.0,1030.0,1030.0,1030.0,100,0.0,0.0
2024-04-17 09:00:00+09:00,1030.0,1060.0,1030.0,1050.0,3500,0.0,0.0
2024-04-17 10:00:00+09:00,1044.0,1044.0,1042.0,1042.0,200,0.0,0.0
2024-04-17 11:00:00+09:00,1042.0,1042.0,1042.0,1042.0,0,0.0,0.0
2024-04-17 12:00:00+09:00,1043.0,1056.0,1043.0,1056.0,3900,0.0,0.0
2024-04-17 13:00:00+09:00,1059.0,1079.0,1059.0,1079.0,1400,0.0,0.0
2024-04-17 14:00:00+09:00,1076.0,1076.0,1059.0,1059.0,400,0.0,0.0
2024-04-18 09:00:00+09:00,1055.0,1059.0,1040.0,1056.0,2000,0.0,0.0
2024-04-18 10:00:00+09:00,1057.0,1058.0,1039.0,1058.0,2200,0.0,0.0
2024-04-18 11:00:00+09:00,1058.0,1058.0,1058.0,1058.0,0,0.0,0.0
2024-04-18 13:00:00+09:00,1054.0,1054.0,1046.0,1048.0,4800,0.0,0.0
2024-04-18 14:00:00+09:00,1049.0,1049.0,1037.0,1039.0,800,0.0,0.0
2024-04-19 09:00:00+09:00,1039.0,1056.0,1039.0,1044.0,900,0.0,0.0
2024-04-19 10:00:00+09:00,1054.0,1054.0,1020.0,1024.0,4000,0.0,0.0
2024-04-19 11:00:00+09:00,1021.0,1021.0,1010.0,1010.0,0,0.0,0.0
2024-04-19 12:00:00+09:00,1002.0,1016.0,956.0,1007.0,14200,0.0,0.0
2024-04-19 13:00:00+09:00,990.0,990.0,990.0,990.0,200,0.0,0.0
2024-04-19 14:00:00+09:00,1002.0,1002.0,1002.0,1002.0,300,0.0,0.0
2024-04-22 09:00:00+09:00,993.0,994.0,992.0,993.0,1600,0.0,0.0
2024-04-22 11:00:00+09:00,994.0,994.0,991.0,991.0,0,0.0,0.0
2024-04-22 12:00:00+09:00,992.0,992.0,992.0,992.0,3000,0.0,0.0
2024-04-23 10:00:00+09:00,1002.0,1002.0,1000.0,1000.0,200,0.0,0.0
2024-04-23 11:00:00+09:00,1000.0,1000.0,1000.0,1000.0,0,0.0,0.0
2024-04-23 12:00:00+09:00,1001.0,1001.0,1001.0,1001.0,400,0.0,0.0
2024-04-23 14:00:00+09:00,1001.0,1001.0,1001.0,1001.0,100,0.0,0.0
2024-04-24 09:00:00+09:00,1020.0,1020.0,1011.0,1011.0,1700,0.0,0.0
2024-04-24 11:00:00+09:00,1013.0,1013.0,1013.0,1013.0,0,0.0,0.0
2024-04-24 12:00:00+09:00,1015.0,1020.0,1009.0,1020.0,3600,0.0,0.0
2024-04-24 14:00:00+09:00,1019.0,1023.0,1005.0,1018.0,2600,0.0,0.0
2024-04-25 09:00:00+09:00,1014.0,1014.0,1014.0,1014.0,800,0.0,0.0
2024-04-25 10:00:00+09:00,1018.0,1038.0,1018.0,1035.0,2700,0.0,0.0
2024-04-25 11:00:00+09:00,1035.0,1035.0,1035.0,1035.0,0,0.0,0.0
2024-04-25 12:00:00+09:00,1040.0,1040.0,1039.0,1039.0,5900,0.0,0.0
2024-04-25 13:00:00+09:00,1036.0,1037.0,1036.0,1037.0,500,0.0,0.0
2024-04-25 14:00:00+09:00,1023.0,1037.0,1022.0,1037.0,800,0.0,0.0
2024-04-26 09:00:00+09:00,1038.0,1038.0,1038.0,1038.0,200,0.0,0.0
2024-04-26 10:00:00+09:00,1036.0,1037.0,1018.0,1018.0,300,0.0,0.0
2024-04-26 11:00:00+09:00,1018.0,1018.0,1018.0,1018.0,0,0.0,0.0
2024-04-26 12:00:00+09:00,1016.0,1016.0,1016.0,1016.0,800,0.0,0.0
2024-04-26 14:00:00+09:00,1019.0,1019.0,1019.0,1019.0,100,0.0,0.0
2024-04-30 09:00:00+09:00,1038.0,1038.0,1019.0,1019.0,700,0.0,0.0
2024-04-30 11:00:00+09:00,1029.0,1029.0,1029.0,1029.0,0,0.0,0.0
2024-04-30 12:00:00+09:00,1038.0,1038.0,1038.0,1038.0,1000,0.0,0.0
2024-05-01 09:00:00+09:00,1038.0,1038.0,1038.0,1038.0,400,0.0,0.0
2024-05-01 10:00:00+09:00,1025.0,1025.0,1025.0,1025.0,100,0.0,0.0
2024-05-01 11:00:00+09:00,1025.0,1025.0,1025.0,1025.0,0,0.0,0.0
2024-05-01 12:00:00+09:00,1025.0,1025.0,1025.0,1025.0,800,0.0,0.0
2024-05-01 13:00:00+09:00,1041.0,1041.0,1039.0,1039.0,200,0.0,0.0
2024-05-02 09:00:00+09:00,1027.0,1037.0,1027.0,1037.0,500,0.0,0.0
2024-05-02 10:00:00+09:00,1037.0,1037.0,1030.0,1030.0,200,0.0,0.0
2024-05-02 11:00:00+09:00,1030.0,1030.0,1030.0,1030.0,0,0.0,0.0
2024-05-02 13:00:00+09:00,1032.0,1032.0,1001.0,1001.0,4600,0.0,0.0
2024-05-02 14:00:00+09:00,1000.0,1013.0,1000.0,1013.0,300,0.0,0.0
2024-05-07 09:00:00+09:00,1002.0,1009.0,990.0,999.0,2500,0.0,0.0
2024-05-07 10:00:00+09:00,1008.0,1017.0,1003.0,1003.0,1200,0.0,0.0
2024-05-07 11:00:00+09:00,1000.0,1000.0,1000.0,1000.0,0,0.0,0.0
2024-05-07 12:00:00+09:00,1001.0,1015.0,994.0,1015.0,5800,0.0,0.0
2024-05-07 13:00:00+09:00,1005.0,1006.0,1005.0,1006.0,200,0.0,0.0
2024-05-07 14:00:00+09:00,1005.0,1005.0,998.0,998.0,600,0.0,0.0
2024-05-08 09:00:00+09:00,1003.0,1003.0,1003.0,1003.0,100,0.0,0.0
2024-05-08 11:00:00+09:00,1003.0,1003.0,1003.0,1003.0,0,0.0,0.0
2024-05-08 12:00:00+09:00,999.0,999.0,999.0,999.0,200,0.0,0.0
2024-05-09 09:00:00+09:00,1000.0,1008.0,1000.0,1001.0,500,0.0,0.0
2024-05-09 10:00:00+09:00,1001.0,1001.0,993.0,993.0,300,0.0,0.0
2024-05-09 11:00:00+09:00,993.0,993.0,993.0,993.0,0,0.0,0.0
2024-05-09 13:00:00+09:00,1013.0,1013.0,1008.0,1008.0,1000,0.0,0.0
2024-05-10 09:00:00+09:00,1016.0,1016.0,1016.0,1016.0,100,0.0,0.0
2024-05-10 10:00:00+09:00,1014.0,1015.0,1014.0,1015.0,200,0.0,0.0
2024-05-10 11:00:00+09:00,1015.0,1015.0,1015.0,1015.0,0,0.0,0.0
2024-05-10 12:00:00+09:00,1005.0,1005.0,1001.0,1001.0,600,0.0,0.0
2024-05-10 13:00:00+09:00,1001.0,1012.0,991.0,994.0,2500,0.0,0.0
2024-05-10 14:00:00+09:00,1008.0,1018.0,1008.0,1010.0,600,0.0,0.0
2024-05-13 09:00:00+09:00,994.0,1011.0,967.0,972.0,5700,0.0,0.0
2024-05-13 10:00:00+09:00,979.0,979.0,979.0,979.0,100,0.0,0.0
2024-05-13 11:00:00+09:00,981.0,981.0,981.0,981.0,0,0.0,0.0
2024-05-13 12:00:00+09:00,980.0,980.0,980.0,980.0,0,0.0,0.0
2024-05-13 13:00:00+09:00,978.0,982.0,950.0,982.0,0,0.0,0.0
2024-05-13 14:00:00+09:00,980.0,980.0,964.0,975.0,8500,0.0,0.0
2024-05-14 09:00:00+09:00,971.0,971.0,971.0,971.0,1100,0.0,0.0
2024-05-14 10:00:00+09:00,976.0,987.0,976.0,987.0,200,0.0,0.0
2024-05-14 11:00:00+09:00,987.0,987.0,987.0,987.0,0,0.0,0.0
2024-05-14 12:00:00+09:00,985.0,985.0,985.0,985.0,1400,0.0,0.0
2024-05-14 14:00:00+09:00,985.0,985.0,985.0,985.0,400,0.0,0.0
2024-05-15 09:00:00+09:00,985.0,990.0,984.0,984.0,2000,0.0,0.0
2024-05-15 11:00:00+09:00,984.0,984.0,984.0,984.0,0,0.0,0.0
2024-05-15 12:00:00+09:00,984.0,984.0,984.0,984.0,2100,0.0,0.0
2024-05-15 13:00:00+09:00,984.0,993.0,984.0,993.0,400,0.0,0.0
2024-05-15 14:00:00+09:00,983.0,983.0,983.0,983.0,100,0.0,0.0
2024-05-16 09:00:00+09:00,968.0,968.0,953.0,960.0,0,0.0,0.0
2024-05-16 10:00:00+09:00,959.0,959.0,959.0,959.0,1800,0.0,0.0
2024-05-16 11:00:00+09:00,959.0,959.0,959.0,959.0,0,0.0,0.0
2024-05-16 12:00:00+09:00,953.0,953.0,953.0,953.0,2000,0.0,0.0
2024-05-17 09:00:00+09:00,953.0,964.0,951.0,952.0,1800,0.0,0.0
2024-05-17 10:00:00+09:00,953.0,961.0,953.0,961.0,500,0.0,0.0
2024-05-17 11:00:00+09:00,961.0,961.0,961.0,961.0,0,0.0,0.0
2024-05-17 13:00:00+09:00,969.0,969.0,969.0,969.0,2400,0.0,0.0
2024-05-20 09:00:00+09:00,968.0,974.0,968.0,974.0,200,0.0,0.0
2024-05-20 11:00:00+09:00,983.0,998.0,983.0,998.0,0,0.0,0.0
2024-05-20 13:00:00+09:00,990.0,999.0,988.0,999.0,3200,0.0,0.0
2024-05-20 14:00:00+09:00,998.0,1011.0,998.0,1011.0,600,0.0,0.0
2024-05-21 10:00:00+09:00,1004.0,1004.0,1004.0,1004.0,100,0.0,0.0
2024-05-21 11:00:00+09:00,1004.0,1004.0,1004.0,1004.0,0,0.0,0.0
2024-05-21 12:00:00+09:00,998.0,1004.0,998.0,1004.0,300,0.0,0.0
2024-05-21 13:00:00+09:00,1004.0,1008.0,1004.0,1008.0,500,0.0,0.0
2024-05-21 14:00:00+09:00,1000.0,1004.0,997.0,997.0,800,0.0,0.0
2024-05-22 09:00:00+09:00,992.0,992.0,992.0,992.0,100,0.0,0.0
2024-05-22 10:00:00+09:00,999.0,999.0,999.0,999.0,100,0.0,0.0
2024-05-22 11:00:00+09:00,1000.0,1000.0,1000.0,1000.0,0,0.0,0.0
2024-05-22 14:00:00+09:00,995.0,995.0,995.0,995.0,400,0.0,0.0
2024-05-23 09:00:00+09:00,1011.0,1014.0,1011.0,1014.0,700,0.0,0.0
2024-05-23 10:00:00+09:00,1004.0,1004.0,1002.0,1002.0,700,0.0,0.0
2024-05-23 11:00:00+09:00,1002.0,1002.0,1002.0,1002.0,0,0.0,0.0
2024-05-23 14:00:00+09:00,1006.0,1006.0,1003.0,1003.0,1700,0.0,0.0
2024-05-24 09:00:00+09:00,993.0,993.0,993.0,993.0,600,0.0,0.0
2024-05-24 11:00:00+09:00,993.0,993.0,993.0,993.0,0,0.0,0.0
2024-05-24 12:00:00+09:00,996.0,996.0,996.0,996.0,700,0.0,0.0
2024-05-24 14:00:00+09:00,996.0,1000.0,996.0,1000.0,200,0.0,0.0
2024-05-27 09:00:00+09:00,996.0,996.0,992.0,992.0,300,0.0,0.0
2024-05-27 10:00:00+09:00,980.0,980.0,980.0,980.0,100,0.0,0.0
2024-05-27 11:00:00+09:00,980.0,980.0,980.0,980.0,0,0.0,0.0
2024-05-27 12:00:00+09:00,980.0,980.0,980.0,980.0,500,0.0,0.0
2024-05-28 09:00:00+09:00,980.0,980.0,980.0,980.0,100,0.0,0.0
2024-05-28 10:00:00+09:00,994.0,994.0,994.0,994.0,300,0.0,0.0
2024-05-28 11:00:00+09:00,994.0,994.0,994.0,994.0,0,0.0,0.0
2024-05-29 09:00:00+09:00,989.0,989.0,965.0,969.0,1200,0.0,0.0
2024-05-29 10:00:00+09:00,971.0,971.0,971.0,971.0,100,0.0,0.0
2024-05-29 11:00:00+09:00,971.0,971.0,971.0,971.0,0,0.0,0.0
2024-05-29 14:00:00+09:00,956.0,956.0,952.0,952.0,3200,0.0,0.0
2024-05-30 09:00:00+09:00,950.0,950.0,935.0,935.0,300,0.0,0.0
2024-05-30 11:00:00+09:00,947.0,947.0,947.0,947.0,0,0.0,0.0
2024-05-30 12:00:00+09:00,962.0,962.0,962.0,962.0,500,0.0,0.0
2024-05-30 13:00:00+09:00,957.0,957.0,957.0,957.0,100,0.0,0.0
2024-05-31 09:00:00+09:00,963.0,963.0,963.0,963.0,500,0.0,0.0
2024-05-31 11:00:00+09:00,963.0,963.0,963.0,963.0,0,0.0,0.0
2024-05-31 12:00:00+09:00,961.0,961.0,961.0,961.0,600,0.0,0.0
2024-05-31 13:00:00+09:00,963.0,963.0,962.0,962.0,400,0.0,0.0
2024-06-03 13:00:00+09:00,966.0,966.0,966.0,966.0,500,0.0,0.0
2024-06-03 14:00:00+09:00,956.0,957.0,943.0,944.0,0,0.0,0.0
2024-06-04 09:00:00+09:00,947.0,957.0,947.0,947.0,1000,0.0,0.0
2024-06-04 10:00:00+09:00,945.0,945.0,940.0,940.0,500,0.0,0.0
2024-06-04 11:00:00+09:00,940.0,940.0,939.0,939.0,0,0.0,0.0
2024-06-04 12:00:00+09:00,938.0,938.0,936.0,936.0,2000,0.0,0.0
2024-06-04 13:00:00+09:00,935.0,939.0,931.0,939.0,1100,0.0,0.0
2024-06-04 14:00:00+09:00,931.0,932.0,930.0,930.0,1500,0.0,0.0
2024-06-05 09:00:00+09:00,929.0,930.0,921.0,921.0,800,0.0,0.0
2024-06-05 10:00:00+09:00,920.0,921.0,906.0,916.0,3200,0.0,0.0
2024-06-05 11:00:00+09:00,916.0,916.0,916.0,916.0,0,0.0,0.0
2024-06-05 12:00:00+09:00,912.0,912.0,880.0,897.0,22400,0.0,0.0
2024-06-05 13:00:00+09:00,889.0,892.0,881.0,892.0,1900,0.0,0.0
2024-06-05 14:00:00+09:00,881.0,887.0,861.0,873.0,2500,0.0,0.0
2024-06-06 09:00:00+09:00,867.0,879.0,862.0,870.0,0,0.0,0.0
2024-06-06 10:00:00+09:00,870.0,870.0,868.0,868.0,3600,0.0,0.0
2024-06-06 11:00:00+09:00,868.0,868.0,868.0,868.0,0,0.0,0.0
2024-06-07 10:00:00+09:00,883.0,883.0,880.0,880.0,300,0.0,0.0
2024-06-07 11:00:00+09:00,889.0,889.0,889.0,889.0,0,0.0,0.0
2024-06-07 12:00:00+09:00,900.0,900.0,900.0,900.0,500,0.0,0.0
2024-06-07 13:00:00+09:00,888.0,897.0,882.0,897.0,500,0.0,0.0
2024-06-10 09:00:00+09:00,882.0,890.0,882.0,890.0,500,0.0,0.0
2024-06-10 10:00:00+09:00,890.0,896.0,890.0,896.0,300,0.0,0.0
2024-06-10 11:00:00+09:00,904.0,904.0,904.0,904.0,0,0.0,0.0
2024-06-10 12:00:00+09:00,894.0,894.0,880.0,880.0,2500,0.0,0.0
2024-06-10 13:00:00+09:00,883.0,883.0,883.0,883.0,100,0.0,0.0
2024-06-10 14:00:00+09:00,883.0,893.0,882.0,893.0,600,0.0,0.0
2024-06-11 09:00:00+09:00,882.0,893.0,882.0,893.0,200,0.0,0.0
2024-06-11 10:00:00+09:00,893.0,893.0,893.0,893.0,100,0.0,0.0
2024-06-11 11:00:00+09:00,900.0,900.0,900.0,900.0,0,0.0,0.0
2024-06-11 12:00:00+09:00,900.0,900.0,900.0,900.0,900,0.0,0.0
2024-06-11 13:00:00+09:00,899.0,899.0,899.0,899.0,100,0.0,0.0
2024-06-11 14:00:00+09:00,899.0,899.0,886.0,893.0,600,0.0,0.0
2024-06-12 09:00:00+09:00,901.0,901.0,901.0,901.0,200,0.0,0.0
2024-06-12 11:00:00+09:00,901.0,901.0,901.0,901.0,0,0.0,0.0
2024-06-13 09:00:00+09:00,886.0,896.0,881.0,881.0,0,0.0,0.0
2024-06-13 10:00:00+09:00,883.0,886.0,883.0,885.0,1800,0.0,0.0
2024-06-13 11:00:00+09:00,885.0,885.0,885.0,885.0,0,0.0,0.0
2024-06-13 12:00:00+09:00,885.0,885.0,885.0,885.0,1900,0.0,0.0
2024-06-13 13:00:00+09:00,880.0,880.0,880.0,880.0,100,0.0,0.0
2024-06-14 10:00:00+09:00,895.0,895.0,895.0,895.0,100,0.0,0.0
2024-06-14 11:00:00+09:00,900.0,900.0,892.0,892.0,0,0.0,0.0
2024-06-14 13:00:00+09:00,899.0,899.0,899.0,899.0,500,0.0,0.0
2024-06-14 14:00:00+09:00,900.0,900.0,900.0,900.0,100,0.0,0.0
2024-06-18 09:00:00+09:00,902.0,902.0,896.0,896.0,200,0.0,0.0
2024-06-18 11:00:00+09:00,896.0,896.0,896.0,896.0,0,0.0,0.0
2024-06-18 12:00:00+09:00,896.0,896.0,896.0,896.0,300,0.0,0.0
2024-06-18 13:00:00+09:00,903.0,903.0,895.0,895.0,200,0.0,0.0
2024-06-18 14:00:00+09:00,896.0,896.0,895.0,895.0,200,0.0,0.0
2024-06-19 13:00:00+09:00,899.0,899.0,899.0,899.0,100,0.0,0.0
2024-06-20 09:00:00+09:00,886.0,886.0,886.0,886.0,1100,0.0,0.0
2024-06-20 11:00:00+09:00,886.0,886.0,886.0,886.0,0,0.0,0.0
2024-06-21 12:00:00+09:00,881.0,893.0,881.0,893.0,300,0.0,0.0
2024-06-21 13:00:00+09:00,880.0,892.0,877.0,877.0,400,0.0,0.0
2024-06-24 14:00:00+09:00,879.0,884.0,879.0,884.0,500,0.0,0.0
2024-06-25 09:00:00+09:00,904.0,904.0,889.0,889.0,2200,0.0,0.0
2024-06-25 11:00:00+09:00,880.0,880.0,880.0,880.0,0,0.0,0.0
2024-06-27 09:00:00+09:00,867.0,889.0,867.0,889.0,400,0.0,0.0
2024-06-27 10:00:00+09:00,874.0,874.0,874.0,874.0,100,0.0,0.0
2024-06-27 11:00:00+09:00,887.0,887.0,887.0,887.0,0,0.0,0.0
2024-06-27 12:00:00+09:00,888.0,888.0,888.0,888.0,800,0.0,0.0
2024-06-27 14:00:00+09:00,882.0,882.0,881.0,881.0,300,0.0,0.0
2024-06-28 09:00:00+09:00,880.0,880.0,880.0,880.0,1000,0.0,0.0
2024-06-28 10:00:00+09:00,883.0,883.0,882.0,882.0,200,0.0,0.0
2024-06-28 11:00:00+09:00,882.0,882.0,882.0,882.0,0,0.0,0.0
2024-06-28 12:00:00+09:00,881.0,882.0,881.0,882.0,1400,0.0,0.0
2024-06-28 13:00:00+09:00,883.0,883.0,882.0,882.0,300,0.0,0.0
2024-06-28 14:00:00+09:00,881.0,881.0,881.0,881.0,100,0.0,0.0
2024-07-01 09:00:00+09:00,881.0,900.0,881.0,900.0,300,0.0,0.0
2024-07-01 11:00:00+09:00,898.0,898.0,889.0,889.0,0,0.0,0.0
2024-07-01 13:00:00+09:00,898.0,898.0,898.0,898.0,700,0.0,0.0
2024-07-01 14:00:00+09:00,894.0,894.0,894.0,894.0,100,0.0,0.0
2024-07-02 09:00:00+09:00,879.0,879.0,879.0,879.0,100,0.0,0.0
2024-07-02 10:00:00+09:00,876.0,876.0,875.0,875.0,0,0.0,0.0
2024-07-02 11:00:00+09:00,875.0,875.0,875.0,875.0,0,0.0,0.0
2024-07-02 14:00:00+09:00,890.0,890.0,890.0,890.0,900,0.0,0.0
2024-07-03 14:00:00+09:00,880.0,880.0,880.0,880.0,100,0.0,0.0
2024-07-04 09:00:00+09:00,885.0,885.0,885.0,885.0,100,0.0,0.0
2024-07-04 10:00:00+09:00,880.0,880.0,880.0,880.0,100,0.0,0.0
2024-07-04 11:00:00+09:00,880.0,880.0,880.0,880.0,0,0.0,0.0
2024-07-04 12:00:00+09:00,880.0,880.0,880.0,880.0,300,0.0,0.0
2024-07-04 13:00:00+09:00,882.0,882.0,878.0,878.0,300,0.0,0.0
2024-07-04 14:00:00+09:00,877.0,879.0,876.0,876.0,600,0.0,0.0
2024-07-05 09:00:00+09:00,879.0,883.0,879.0,883.0,400,0.0,0.0
2024-07-05 10:00:00+09:00,883.0,883.0,883.0,883.0,200,0.0,0.0
2024-07-05 11:00:00+09:00,883.0,883.0,883.0,883.0,0,0.0,0.0
2024-07-05 12:00:00+09:00,887.0,889.0,884.0,884.0,1000,0.0,0.0
2024-07-08 09:00:00+09:00,884.0,884.0,884.0,884.0,200,0.0,0.0
2024-07-08 10:00:00+09:00,881.0,881.0,881.0,881.0,200,0.0,0.0
2024-07-08 11:00:00+09:00,881.0,881.0,881.0,881.0,0,0.0,0.0
2024-07-08 12:00:00+09:00,884.0,884.0,884.0,884.0,500,0.0,0.0
2024-07-08 14:00:00+09:00,883.0,883.0,883.0,883.0,100,0.0,0.0
2024-07-09 09:00:00+09:00,888.0,888.0,876.0,876.0,2200,0.0,0.0
2024-07-09 11:00:00+09:00,876.0,876.0,876.0,876.0,0,0.0,0.0
2024-07-09 12:00:00+09:00,875.0,882.0,874.0,882.0,3300,0.0,0.0
2024-07-09 13:00:00+09:00,881.0,883.0,881.0,883.0,600,0.0,0.0
2024-07-09 14:00:00+09:00,880.0,880.0,880.0,880.0,100,0.0,0.0
2024-07-10 09:00:00+09:00,878.0,882.0,878.0,882.0,400,0.0,0.0
2024-07-10 10:00:00+09:00,876.0,876.0,875.0,875.0,200,0.0,0.0
2024-07-10 11:00:00+09:00,875.0,875.0,875.0,875.0,0,0.0,0.0
2024-07-10 13:00:00+09:00,875.0,875.0,875.0,875.0,700,0.0,0.0
2024-07-11 09:00:00+09:00,880.0,880.0,880.0,880.0,100,0.0,0.0
2024-07-11 10:00:00+09:00,875.0,881.0,874.0,881.0,2200,0.0,0.0
2024-07-11 11:00:00+09:00,881.0,881.0,881.0,881.0,0,0.0,0.0
2024-07-11 12:00:00+09:00,879.0,879.0,879.0,879.0,2400,0.0,0.0
2024-07-11 13:00:00+09:00,876.0,876.0,876.0,876.0,100,0.0,0.0
2024-07-11 14:00:00+09:00,877.0,877.0,877.0,877.0,100,0.0,0.0
2024-07-12 10:00:00+09:00,874.0,877.0,874.0,877.0,200,0.0,0.0
2024-07-12 11:00:00+09:00,877.0,877.0,877.0,877.0,0,0.0,0.0
2024-07-12 12:00:00+09:00,877.0,877.0,877.0,877.0,300,0.0,0.0
2024-07-12 14:00:00+09:00,874.0,874.0,870.0,870.0,2500,0.0,0.0
2024-07-16 09:00:00+09:00,877.0,877.0,877.0,877.0,300,0.0,0.0
2024-07-16 11:00:00+09:00,878.0,878.0,878.0,878.0,0,0.0,0.0
2024-07-16 12:00:00+09:00,879.0,879.0,879.0,879.0,700,0.0,0.0
2024-07-17 09:00:00+09:00,880.0,882.0,880.0,882.0,10200,0.0,0.0
2024-07-17 11:00:00+09:00,897.0,897.0,897.0,897.0,0,0.0,0.0
2024-07-17 14:00:00+09:00,896.0,896.0,896.0,896.0,10400,0.0,0.0
2024-07-18 09:00:00+09:00,890.0,890.0,877.0,877.0,300,0.0,0.0
2024-07-18 10:00:00+09:00,881.0,882.0,880.0,880.0,500,0.0,0.0
2024-07-18 11:00:00+09:00,882.0,883.0,880.0,880.0,0,0.0,0.0
2024-07-18 12:00:00+09:00,877.0,877.0,875.0,875.0,5500,0.0,0.0
2024-07-18 13:00:00+09:00,879.0,879.0,879.0,879.0,200,0.0,0.0
2024-07-18 14:00:00+09:00,876.0,888.0,876.0,888.0,1300,0.0,0.0
2024-07-19 10:00:00+09:00,877.0,877.0,877.0,877.0,100,0.0,0.0
2024-07-19 11:00:00+09:00,877.0,877.0,877.0,877.0,0,0.0,0.0
2024-07-19 12:00:00+09:00,878.0,878.0,878.0,878.0,200,0.0,0.0
2024-07-22 09:00:00+09:00,878.0,878.0,869.0,869.0,600,0.0,0.0
2024-07-22 10:00:00+09:00,868.0,868.0,848.0,848.0,2400,0.0,0.0
2024-07-22 11:00:00+09:00,845.0,845.0,840.0,840.0,0,0.0,0.0
2024-07-22 12:00:00+09:00,851.0,853.0,851.0,853.0,3600,0.0,0.0
2024-07-22 13:00:00+09:00,853.0,862.0,851.0,851.0,1200,0.0,0.0
2024-07-23 09:00:00+09:00,851.0,860.0,851.0,860.0,700,0.0,0.0
2024-07-23 10:00:00+09:00,865.0,865.0,865.0,865.0,100,0.0,0.0
2024-07-23 11:00:00+09:00,865.0,865.0,865.0,865.0,0,0.0,0.0
2024-07-23 13:00:00+09:00,858.0,858.0,847.0,847.0,1100,0.0,0.0
2024-07-23 14:00:00+09:00,858.0,863.0,858.0,863.0,200,0.0,0.0
2024-07-24 09:00:00+09:00,863.0,863.0,863.0,863.0,100,0.0,0.0
2024-07-24 11:00:00+09:00,863.0,863.0,863.0,863.0,0,0.0,0.0
2024-07-24 12:00:00+09:00,859.0,859.0,859.0,859.0,200,0.0,0.0
2024-07-24 13:00:00+09:00,857.0,861.0,857.0,861.0,200,0.0,0.0
2024-07-25 09:00:00+09:00,847.0,847.0,840.0,847.0,1900,0.0,0.0
2024-07-25 10:00:00+09:00,840.0,840.0,840.0,840.0,100,0.0,0.0
2024-07-25 11:00:00+09:00,840.0,840.0,840.0,840.0,0,0.0,0.0
2024-07-25 13:00:00+09:00,839.0,839.0,839.0,839.0,2200,0.0,0.0
2024-07-25 14:00:00+09:00,838.0,838.0,829.0,829.0,1000,0.0,0.0
2024-07-26 10:00:00+09:00,838.0,843.0,838.0,843.0,200,0.0,0.0
2024-07-26 11:00:00+09:00,843.0,843.0,843.0,843.0,0,0.0,0.0
2024-07-26 12:00:00+09:00,839.0,839.0,834.0,834.0,600,0.0,0.0
2024-07-26 14:00:00+09:00,831.0,831.0,831.0,831.0,100,0.0,0.0
