Datetime,Open,High,Low,Close,Volume,Dividends,Stock Splits
2022-07-28 09:00:00+09:00,396.0,398.0,391.0,391.0,184000,0.0,0.0
2022-07-28 10:00:00+09:00,391.0,391.0,389.0,390.0,153300,0.0,0.0
2022-07-28 11:00:00+09:00,390.0,390.0,388.0,389.0,0,0.0,0.0
2022-07-28 12:00:00+09:00,388.0,389.0,387.0,387.0,514800,0.0,0.0
2022-07-28 13:00:00+09:00,387.0,388.0,386.0,388.0,72700,0.0,0.0
2022-07-28 14:00:00+09:00,389.0,390.0,388.0,388.0,132800,0.0,0.0
2022-07-29 09:00:00+09:00,390.0,391.0,388.0,389.0,113800,0.0,0.0
2022-07-29 10:00:00+09:00,389.0,392.0,389.0,391.0,54000,0.0,0.0
2022-07-29 11:00:00+09:00,391.0,392.0,391.0,391.0,0,0.0,0.0
2022-07-29 12:00:00+09:00,391.0,391.0,388.0,388.0,271800,0.0,0.0
2022-07-29 13:00:00+09:00,387.0,387.0,385.0,386.0,62700,0.0,0.0
2022-07-29 14:00:00+09:00,386.0,388.0,386.0,387.0,109200,0.0,0.0
2022-08-01 09:00:00+09:00,389.0,394.0,387.0,393.0,222600,0.0,0.0
2022-08-01 10:00:00+09:00,393.0,394.0,392.0,392.0,66100,0.0,0.0
2022-08-01 11:00:00+09:00,392.0,393.0,392.0,392.0,0,0.0,0.0
2022-08-01 12:00:00+09:00,393.0,395.0,393.0,395.0,412700,0.0,0.0
2022-08-01 13:00:00+09:00,394.0,395.0,393.0,394.0,70200,0.0,0.0
2022-08-01 14:00:00+09:00,394.0,394.0,392.0,392.0,65600,0.0,0.0
2022-08-02 09:00:00+09:00,391.0,392.0,383.0,383.0,244000,0.0,0.0
2022-08-02 10:00:00+09:00,383.0,385.0,382.0,383.0,101300,0.0,0.0
2022-08-02 11:00:00+09:00,382.0,384.0,382.0,383.0,0,0.0,0.0
2022-08-02 12:00:00+09:00,383.0,383.0,381.0,382.0,514000,0.0,0.0
2022-08-02 13:00:00+09:00,382.0,383.0,382.0,383.0,79700,0.0,0.0
2022-08-02 14:00:00+09:00,384.0,384.0,382.0,382.0,149800,0.0,0.0
2022-08-03 09:00:00+09:00,382.0,383.0,377.0,380.0,295400,0.0,0.0
2022-08-03 10:00:00+09:00,380.0,382.0,380.0,382.0,70600,0.0,0.0
2022-08-03 11:00:00+09:00,382.0,382.0,381.0,382.0,0,0.0,0.0
2022-08-03 12:00:00+09:00,383.0,383.0,381.0,381.0,457700,0.0,0.0
2022-08-03 13:00:00+09:00,382.0,383.0,381.0,382.0,63200,0.0,0.0
2022-08-03 14:00:00+09:00,383.0,387.0,383.0,386.0,220500,0.0,0.0
2022-08-04 09:00:00+09:00,388.0,389.0,385.0,386.0,138700,0.0,0.0
2022-08-04 10:00:00+09:00,387.0,388.0,386.0,388.0,53700,0.0,0.0
2022-08-04 11:00:00+09:00,388.0,389.0,388.0,389.0,0,0.0,0.0
2022-08-04 12:00:00+09:00,388.0,390.0,388.0,390.0,339800,0.0,0.0
2022-08-04 13:00:00+09:00,390.0,393.0,390.0,393.0,125200,0.0,0.0
2022-08-04 14:00:00+09:00,393.0,393.0,391.0,392.0,138200,0.0,0.0
2022-08-05 09:00:00+09:00,394.0,395.0,388.0,393.0,260600,0.0,0.0
2022-08-05 10:00:00+09:00,393.0,397.0,392.0,396.0,256700,0.0,0.0
2022-08-05 11:00:00+09:00,395.0,397.0,395.0,397.0,0,0.0,0.0
2022-08-05 12:00:00+09:00,397.0,398.0,396.0,396.0,661600,0.0,0.0
2022-08-05 13:00:00+09:00,397.0,400.0,397.0,397.0,145500,0.0,0.0
2022-08-05 14:00:00+09:00,398.0,398.0,395.0,396.0,168600,0.0,0.0
2022-08-08 09:00:00+09:00,426.0,468.0,420.0,465.0,3574700,0.0,0.0
2022-08-08 10:00:00+09:00,465.0,470.0,456.0,469.0,1335700,0.0,0.0
2022-08-08 11:00:00+09:00,468.0,471.0,464.0,471.0,0,0.0,0.0
2022-08-08 12:00:00+09:00,469.0,473.0,469.0,471.0,6262900,0.0,0.0
2022-08-08 13:00:00+09:00,470.0,473.0,469.0,471.0,518500,0.0,0.0
2022-08-08 14:00:00+09:00,472.0,472.0,464.0,464.0,1371700,0.0,0.0
2022-08-09 09:00:00+09:00,457.0,484.0,455.0,484.0,1859700,0.0,0.0
2022-08-09 10:00:00+09:00,484.0,485.0,475.0,483.0,640500,0.0,0.0
2022-08-09 11:00:00+09:00,483.0,484.0,477.0,478.0,0,0.0,0.0
2022-08-09 12:00:00+09:00,476.0,492.0,476.0,492.0,3511700,0.0,0.0
2022-08-09 13:00:00+09:00,492.0,498.0,485.0,488.0,979900,0.0,0.0
2022-08-09 14:00:00+09:00,487.0,491.0,486.0,488.0,725400,0.0,0.0
2022-08-10 09:00:00+09:00,486.0,495.0,482.0,489.0,830700,0.0,0.0
2022-08-10 10:00:00+09:00,489.0,491.0,485.0,485.0,282700,0.0,0.0
2022-08-10 11:00:00+09:00,485.0,486.0,482.0,484.0,0,0.0,0.0
2022-08-10 12:00:00+09:00,485.0,487.0,483.0,486.0,1557200,0.0,0.0
2022-08-10 13:00:00+09:00,487.0,490.0,484.0,484.0,239500,0.0,0.0
2022-08-10 14:00:00+09:00,484.0,485.0,480.0,482.0,408400,0.0,0.0
2022-08-12 09:00:00+09:00,490.0,495.0,481.0,482.0,577400,0.0,0.0
2022-08-12 10:00:00+09:00,482.0,486.0,481.0,486.0,203000,0.0,0.0
2022-08-12 11:00:00+09:00,487.0,487.0,484.0,484.0,0,0.0,0.0
2022-08-12 12:00:00+09:00,484.0,487.0,481.0,481.0,950200,0.0,0.0
2022-08-12 13:00:00+09:00,481.0,485.0,481.0,483.0,205900,0.0,0.0
2022-08-12 14:00:00+09:00,483.0,485.0,482.0,484.0,254500,0.0,0.0
2022-08-15 09:00:00+09:00,486.0,490.0,482.0,490.0,403000,0.0,0.0
2022-08-15 10:00:00+09:00,489.0,491.0,484.0,491.0,228400,0.0,0.0
2022-08-15 11:00:00+09:00,491.0,491.0,490.0,491.0,0,0.0,0.0
2022-08-15 12:00:00+09:00,491.0,494.0,491.0,493.0,820400,0.0,0.0
2022-08-15 13:00:00+09:00,493.0,500.0,493.0,498.0,570000,0.0,0.0
2022-08-15 14:00:00+09:00,498.0,500.0,497.0,499.0,354400,0.0,0.0
2022-08-16 09:00:00+09:00,498.0,504.0,489.0,501.0,795000,0.0,0.0
2022-08-16 10:00:00+09:00,501.0,505.0,500.0,502.0,217400,0.0,0.0
2022-08-16 11:00:00+09:00,503.0,505.0,502.0,502.0,0,0.0,0.0
2022-08-16 12:00:00+09:00,505.0,505.0,498.0,499.0,1304400,0.0,0.0
2022-08-16 13:00:00+09:00,499.0,501.0,494.0,495.0,262000,0.0,0.0
2022-08-16 14:00:00+09:00,495.0,499.0,493.0,498.0,240000,0.0,0.0
2022-08-17 09:00:00+09:00,503.0,533.0,503.0,531.0,1252100,0.0,0.0
2022-08-17 10:00:00+09:00,530.0,531.0,523.0,525.0,442200,0.0,0.0
2022-08-17 11:00:00+09:00,525.0,527.0,524.0,526.0,0,0.0,0.0
2022-08-17 12:00:00+09:00,528.0,530.0,527.0,529.0,2021700,0.0,0.0
2022-08-17 13:00:00+09:00,530.0,533.0,529.0,530.0,335200,0.0,0.0
2022-08-17 14:00:00+09:00,531.0,532.0,528.0,530.0,337800,0.0,0.0
2022-08-18 09:00:00+09:00,532.0,554.0,531.0,542.0,2058800,0.0,0.0
2022-08-18 10:00:00+09:00,542.0,557.0,541.0,556.0,726900,0.0,0.0
2022-08-18 11:00:00+09:00,556.0,558.0,554.0,557.0,0,0.0,0.0
2022-08-18 12:00:00+09:00,558.0,559.0,555.0,559.0,3330300,0.0,0.0
2022-08-18 13:00:00+09:00,559.0,562.0,558.0,560.0,630800,0.0,0.0
2022-08-18 14:00:00+09:00,559.0,560.0,556.0,557.0,755300,0.0,0.0
2022-08-19 09:00:00+09:00,553.0,554.0,543.0,543.0,975900,0.0,0.0
2022-08-19 10:00:00+09:00,543.0,546.0,541.0,542.0,370400,0.0,0.0
2022-08-19 11:00:00+09:00,542.0,548.0,542.0,547.0,0,0.0,0.0
2022-08-19 12:00:00+09:00,549.0,551.0,546.0,546.0,1674600,0.0,0.0
2022-08-19 13:00:00+09:00,546.0,546.0,543.0,543.0,184300,0.0,0.0
2022-08-19 14:00:00+09:00,544.0,544.0,537.0,544.0,474800,0.0,0.0
2022-08-22 09:00:00+09:00,533.0,534.0,523.0,533.0,690700,0.0,0.0
2022-08-22 10:00:00+09:00,532.0,537.0,531.0,533.0,218800,0.0,0.0
2022-08-22 11:00:00+09:00,534.0,535.0,533.0,535.0,0,0.0,0.0
2022-08-22 12:00:00+09:00,533.0,534.0,531.0,532.0,1057500,0.0,0.0
2022-08-22 13:00:00+09:00,532.0,532.0,529.0,530.0,177300,0.0,0.0
2022-08-22 14:00:00+09:00,530.0,530.0,526.0,529.0,226500,0.0,0.0
2022-08-23 09:00:00+09:00,525.0,526.0,514.0,516.0,808000,0.0,0.0
2022-08-23 10:00:00+09:00,516.0,519.0,515.0,517.0,194500,0.0,0.0
2022-08-23 11:00:00+09:00,517.0,518.0,517.0,518.0,0,0.0,0.0
2022-08-23 12:00:00+09:00,518.0,519.0,514.0,514.0,1237600,0.0,0.0
2022-08-23 13:00:00+09:00,515.0,518.0,514.0,517.0,178100,0.0,0.0
2022-08-23 14:00:00+09:00,518.0,519.0,513.0,515.0,287700,0.0,0.0
2022-08-24 09:00:00+09:00,515.0,523.0,514.0,519.0,501300,0.0,0.0
2022-08-24 10:00:00+09:00,518.0,520.0,518.0,520.0,124100,0.0,0.0
2022-08-24 11:00:00+09:00,520.0,522.0,519.0,519.0,0,0.0,0.0
2022-08-24 12:00:00+09:00,520.0,524.0,520.0,521.0,806100,0.0,0.0
2022-08-24 13:00:00+09:00,521.0,524.0,521.0,524.0,95000,0.0,0.0
2022-08-24 14:00:00+09:00,524.0,525.0,523.0,524.0,107400,0.0,0.0
2022-08-25 09:00:00+09:00,521.0,522.0,514.0,518.0,320100,0.0,0.0
2022-08-25 10:00:00+09:00,519.0,523.0,518.0,522.0,179600,0.0,0.0
2022-08-25 11:00:00+09:00,522.0,523.0,522.0,523.0,0,0.0,0.0
2022-08-25 12:00:00+09:00,523.0,524.0,520.0,524.0,630400,0.0,0.0
2022-08-25 13:00:00+09:00,524.0,525.0,523.0,524.0,75100,0.0,0.0
2022-08-25 14:00:00+09:00,525.0,525.0,521.0,522.0,104400,0.0,0.0
2022-08-26 09:00:00+09:00,530.0,532.0,523.0,526.0,253500,0.0,0.0
2022-08-26 10:00:00+09:00,526.0,527.0,524.0,525.0,129100,0.0,0.0
2022-08-26 11:00:00+09:00,525.0,527.0,525.0,527.0,0,0.0,0.0
2022-08-26 12:00:00+09:00,525.0,526.0,524.0,526.0,441000,0.0,0.0
2022-08-26 13:00:00+09:00,525.0,529.0,525.0,526.0,92100,0.0,0.0
2022-08-26 14:00:00+09:00,527.0,527.0,523.0,523.0,64300,0.0,0.0
2022-08-29 09:00:00+09:00,507.0,514.0,506.0,511.0,363700,0.0,0.0
2022-08-29 10:00:00+09:00,511.0,511.0,509.0,511.0,111600,0.0,0.0
2022-08-29 11:00:00+09:00,511.0,512.0,511.0,511.0,0,0.0,0.0
2022-08-29 12:00:00+09:00,511.0,511.0,509.0,509.0,543700,0.0,0.0
2022-08-29 13:00:00+09:00,510.0,515.0,510.0,515.0,131600,0.0,0.0
2022-08-29 14:00:00+09:00,515.0,516.0,514.0,516.0,117700,0.0,0.0
2022-08-30 09:00:00+09:00,520.0,531.0,520.0,529.0,379500,0.0,0.0
2022-08-30 10:00:00+09:00,528.0,530.0,526.0,528.0,188800,0.0,0.0
2022-08-30 11:00:00+09:00,529.0,530.0,527.0,527.0,0,0.0,0.0
2022-08-30 12:00:00+09:00,529.0,530.0,527.0,529.0,679700,0.0,0.0
2022-08-30 13:00:00+09:00,530.0,530.0,527.0,527.0,91100,0.0,0.0
2022-08-30 14:00:00+09:00,528.0,531.0,527.0,529.0,138600,0.0,0.0
2022-08-31 09:00:00+09:00,535.0,548.0,535.0,543.0,700100,0.0,0.0
2022-08-31 10:00:00+09:00,543.0,544.0,533.0,534.0,219400,0.0,0.0
2022-08-31 11:00:00+09:00,534.0,535.0,531.0,532.0,0,0.0,0.0
2022-08-31 12:00:00+09:00,534.0,536.0,532.0,535.0,1138400,0.0,0.0
2022-08-31 13:00:00+09:00,535.0,537.0,534.0,536.0,156500,0.0,0.0
2022-08-31 14:00:00+09:00,536.0,538.0,534.0,536.0,207400,0.0,0.0
2022-09-01 09:00:00+09:00,528.0,540.0,526.0,538.0,373400,0.0,0.0
2022-09-01 10:00:00+09:00,538.0,541.0,537.0,538.0,146600,0.0,0.0
2022-09-01 11:00:00+09:00,538.0,538.0,537.0,537.0,0,0.0,0.0
2022-09-01 12:00:00+09:00,538.0,540.0,536.0,540.0,656000,0.0,0.0
2022-09-01 13:00:00+09:00,540.0,546.0,540.0,545.0,278400,0.0,0.0
2022-09-01 14:00:00+09:00,546.0,547.0,544.0,544.0,257000,0.0,0.0
2022-09-02 09:00:00+09:00,545.0,545.0,534.0,540.0,400000,0.0,0.0
2022-09-02 10:00:00+09:00,540.0,547.0,540.0,547.0,244900,0.0,0.0
2022-09-02 11:00:00+09:00,547.0,550.0,544.0,549.0,0,0.0,0.0
2022-09-02 12:00:00+09:00,550.0,551.0,547.0,548.0,988500,0.0,0.0
2022-09-02 13:00:00+09:00,548.0,550.0,546.0,549.0,220800,0.0,0.0
2022-09-02 14:00:00+09:00,549.0,550.0,546.0,549.0,189300,0.0,0.0
2022-09-05 09:00:00+09:00,549.0,554.0,541.0,547.0,0,0.0,0.0
2022-09-05 10:00:00+09:00,548.0,551.0,548.0,551.0,447300,0.0,0.0
2022-09-05 11:00:00+09:00,552.0,555.0,552.0,554.0,0,0.0,0.0
2022-09-05 12:00:00+09:00,555.0,555.0,550.0,552.0,729900,0.0,0.0
2022-09-05 13:00:00+09:00,552.0,552.0,549.0,550.0,123500,0.0,0.0
2022-09-05 14:00:00+09:00,550.0,551.0,548.0,549.0,173000,0.0,0.0
2022-09-06 09:00:00+09:00,554.0,562.0,545.0,560.0,510200,0.0,0.0
2022-09-06 10:00:00+09:00,560.0,561.0,556.0,556.0,136700,0.0,0.0
2022-09-06 11:00:00+09:00,556.0,558.0,555.0,556.0,0,0.0,0.0
2022-09-06 12:00:00+09:00,556.0,558.0,555.0,556.0,842300,0.0,0.0
2022-09-06 13:00:00+09:00,556.0,559.0,556.0,557.0,114900,0.0,0.0
2022-09-06 14:00:00+09:00,557.0,559.0,554.0,558.0,259500,0.0,0.0
2022-09-07 09:00:00+09:00,560.0,562.0,541.0,551.0,574600,0.0,0.0
2022-09-07 10:00:00+09:00,551.0,552.0,548.0,550.0,116900,0.0,0.0
2022-09-07 11:00:00+09:00,550.0,555.0,550.0,555.0,0,0.0,0.0
2022-09-07 12:00:00+09:00,554.0,554.0,550.0,553.0,816400,0.0,0.0
2022-09-07 13:00:00+09:00,552.0,554.0,552.0,553.0,101000,0.0,0.0
2022-09-07 14:00:00+09:00,554.0,556.0,553.0,555.0,104500,0.0,0.0
2022-09-08 09:00:00+09:00,558.0,564.0,552.0,562.0,465600,0.0,0.0
2022-09-08 10:00:00+09:00,562.0,568.0,561.0,566.0,333900,0.0,0.0
2022-09-08 11:00:00+09:00,566.0,575.0,566.0,572.0,0,0.0,0.0
2022-09-08 12:00:00+09:00,572.0,572.0,569.0,571.0,1269500,0.0,0.0
2022-09-08 13:00:00+09:00,571.0,572.0,570.0,572.0,115700,0.0,0.0
2022-09-08 14:00:00+09:00,572.0,577.0,571.0,575.0,366200,0.0,0.0
2022-09-09 09:00:00+09:00,575.0,580.0,572.0,575.0,671000,0.0,0.0
2022-09-09 10:00:00+09:00,574.0,575.0,570.0,572.0,187600,0.0,0.0
2022-09-09 11:00:00+09:00,573.0,573.0,570.0,571.0,0,0.0,0.0
2022-09-09 12:00:00+09:00,572.0,573.0,570.0,572.0,1040400,0.0,0.0
2022-09-09 13:00:00+09:00,572.0,576.0,572.0,575.0,130600,0.0,0.0
2022-09-09 14:00:00+09:00,575.0,576.0,573.0,574.0,144800,0.0,0.0
2022-09-12 09:00:00+09:00,580.0,599.0,579.0,596.0,737800,0.0,0.0
2022-09-12 10:00:00+09:00,596.0,597.0,586.0,590.0,206500,0.0,0.0
2022-09-12 11:00:00+09:00,590.0,591.0,588.0,590.0,0,0.0,0.0
2022-09-12 12:00:00+09:00,591.0,591.0,586.0,587.0,1115800,0.0,0.0
2022-09-12 13:00:00+09:00,587.0,589.0,585.0,589.0,150200,0.0,0.0
2022-09-12 14:00:00+09:00,589.0,589.0,587.0,587.0,95000,0.0,0.0
2022-09-13 09:00:00+09:00,590.0,590.0,585.0,588.0,262500,0.0,0.0
2022-09-13 10:00:00+09:00,588.0,593.0,586.0,587.0,191900,0.0,0.0
2022-09-13 11:00:00+09:00,587.0,587.0,582.0,583.0,0,0.0,0.0
2022-09-13 12:00:00+09:00,583.0,584.0,581.0,584.0,552500,0.0,0.0
2022-09-13 13:00:00+09:00,584.0,585.0,580.0,580.0,97400,0.0,0.0
2022-09-13 14:00:00+09:00,581.0,582.0,579.0,581.0,157100,0.0,0.0
2022-09-14 09:00:00+09:00,565.0,578.0,564.0,573.0,312500,0.0,0.0
2022-09-14 10:00:00+09:00,573.0,577.0,572.0,577.0,158600,0.0,0.0
2022-09-14 11:00:00+09:00,576.0,578.0,576.0,576.0,0,0.0,0.0
2022-09-14 12:00:00+09:00,575.0,579.0,575.0,577.0,574400,0.0,0.0
2022-09-14 13:00:00+09:00,578.0,580.0,577.0,579.0,55900,0.0,0.0
2022-09-14 14:00:00+09:00,579.0,581.0,578.0,581.0,75100,0.0,0.0
2022-09-15 09:00:00+09:00,577.0,581.0,570.0,579.0,236200,0.0,0.0
2022-09-15 10:00:00+09:00,579.0,579.0,574.0,577.0,130000,0.0,0.0
2022-09-15 11:00:00+09:00,577.0,581.0,576.0,581.0,0,0.0,0.0
2022-09-15 12:00:00+09:00,581.0,581.0,577.0,580.0,475000,0.0,0.0
2022-09-15 13:00:00+09:00,579.0,581.0,579.0,580.0,44000,0.0,0.0
2022-09-15 14:00:00+09:00,580.0,581.0,577.0,578.0,110100,0.0,0.0
2022-09-16 09:00:00+09:00,574.0,581.0,573.0,575.0,240500,0.0,0.0
2022-09-16 10:00:00+09:00,575.0,583.0,575.0,583.0,319200,0.0,0.0
2022-09-16 11:00:00+09:00,583.0,585.0,583.0,583.0,0,0.0,0.0
2022-09-16 12:00:00+09:00,582.0,585.0,580.0,581.0,762700,0.0,0.0
2022-09-16 13:00:00+09:00,582.0,582.0,572.0,576.0,184300,0.0,0.0
2022-09-16 14:00:00+09:00,576.0,580.0,576.0,580.0,125100,0.0,0.0
2022-09-20 09:00:00+09:00,583.0,592.0,580.0,584.0,440700,0.0,0.0
2022-09-20 10:00:00+09:00,583.0,583.0,578.0,580.0,139000,0.0,0.0
2022-09-20 11:00:00+09:00,580.0,583.0,580.0,581.0,0,0.0,0.0
2022-09-20 12:00:00+09:00,581.0,584.0,578.0,583.0,720500,0.0,0.0
2022-09-20 13:00:00+09:00,582.0,582.0,576.0,579.0,105500,0.0,0.0
2022-09-20 14:00:00+09:00,580.0,580.0,576.0,577.0,86500,0.0,0.0
2022-09-21 09:00:00+09:00,572.0,572.0,563.0,564.0,273500,0.0,0.0
2022-09-21 10:00:00+09:00,564.0,565.0,561.0,562.0,140000,0.0,0.0
2022-09-21 11:00:00+09:00,562.0,566.0,562.0,566.0,0,0.0,0.0
2022-09-21 12:00:00+09:00,566.0,569.0,565.0,566.0,535500,0.0,0.0
2022-09-21 13:00:00+09:00,566.0,569.0,563.0,568.0,129000,0.0,0.0
2022-09-21 14:00:00+09:00,568.0,569.0,566.0,567.0,93900,0.0,0.0
2022-09-22 09:00:00+09:00,557.0,566.0,553.0,563.0,311100,0.0,0.0
2022-09-22 10:00:00+09:00,563.0,564.0,560.0,563.0,109200,0.0,0.0
2022-09-22 11:00:00+09:00,562.0,563.0,561.0,562.0,0,0.0,0.0
2022-09-22 12:00:00+09:00,562.0,565.0,562.0,564.0,555400,0.0,0.0
2022-09-22 13:00:00+09:00,564.0,567.0,563.0,566.0,104000,0.0,0.0
2022-09-22 14:00:00+09:00,566.0,569.0,566.0,567.0,148500,0.0,0.0
2022-09-26 09:00:00+09:00,561.0,561.0,537.0,542.0,681600,0.0,0.0
2022-09-26 10:00:00+09:00,542.0,547.0,542.0,546.0,281900,0.0,0.0
2022-09-26 11:00:00+09:00,546.0,548.0,545.0,547.0,0,0.0,0.0
2022-09-26 12:00:00+09:00,547.0,547.0,544.0,547.0,1223000,0.0,0.0
2022-09-26 13:00:00+09:00,547.0,547.0,542.0,542.0,156600,0.0,0.0
2022-09-26 14:00:00+09:00,543.0,547.0,542.0,547.0,266700,0.0,0.0
2022-09-27 09:00:00+09:00,542.0,552.0,533.0,550.0,297000,0.0,0.0
2022-09-27 10:00:00+09:00,550.0,550.0,546.0,547.0,143500,0.0,0.0
2022-09-27 11:00:00+09:00,548.0,549.0,548.0,549.0,0,0.0,0.0
2022-09-27 12:00:00+09:00,550.0,552.0,548.0,550.0,575600,0.0,0.0
2022-09-27 13:00:00+09:00,550.0,550.0,548.0,549.0,29700,0.0,0.0
2022-09-27 14:00:00+09:00,550.0,554.0,549.0,550.0,224700,0.0,0.0
2022-09-28 09:00:00+09:00,547.0,549.0,535.0,535.0,344800,0.0,0.0
2022-09-28 10:00:00+09:00,535.0,536.0,518.0,520.0,411200,0.0,0.0
2022-09-28 11:00:00+09:00,520.0,520.0,511.0,512.0,0,0.0,0.0
2022-09-28 12:00:00+09:00,512.0,518.0,510.0,517.0,1520500,0.0,0.0
2022-09-28 13:00:00+09:00,517.0,520.0,515.0,518.0,205300,0.0,0.0
2022-09-28 14:00:00+09:00,518.0,524.0,517.0,523.0,401700,0.0,0.0
2022-09-29 09:00:00+09:00,530.0,539.0,528.0,532.0,317700,0.0,0.0
2022-09-29 10:00:00+09:00,532.0,534.0,528.0,528.0,148200,0.0,0.0
2022-09-29 11:00:00+09:00,528.0,531.0,523.0,524.0,0,0.0,0.0
2022-09-29 12:00:00+09:00,525.0,530.0,525.0,529.0,701600,0.0,0.0
2022-09-29 13:00:00+09:00,528.0,531.0,528.0,530.0,184100,0.0,0.0
2022-09-29 14:00:00+09:00,529.0,531.0,525.0,531.0,310500,0.0,0.0
2022-09-30 09:00:00+09:00,529.0,529.0,512.0,516.0,294600,0.0,0.0
2022-09-30 10:00:00+09:00,516.0,519.0,513.0,515.0,148400,0.0,0.0
2022-09-30 11:00:00+09:00,515.0,516.0,511.0,513.0,0,0.0,0.0
2022-09-30 12:00:00+09:00,512.0,514.0,511.0,512.0,631800,0.0,0.0
2022-09-30 13:00:00+09:00,512.0,514.0,510.0,513.0,218500,0.0,0.0
2022-09-30 14:00:00+09:00,513.0,515.0,511.0,512.0,292100,0.0,0.0
2022-10-03 09:00:00+09:00,511.0,520.0,509.0,510.0,269200,0.0,0.0
2022-10-03 10:00:00+09:00,509.0,527.0,508.0,526.0,273300,0.0,0.0
2022-10-03 11:00:00+09:00,526.0,526.0,521.0,523.0,0,0.0,0.0
2022-10-03 12:00:00+09:00,522.0,524.0,519.0,524.0,661000,0.0,0.0
2022-10-03 13:00:00+09:00,524.0,533.0,523.0,531.0,183400,0.0,0.0
2022-10-03 14:00:00+09:00,530.0,540.0,530.0,538.0,409400,0.0,0.0
2022-10-04 09:00:00+09:00,555.0,579.0,554.0,577.0,901200,0.0,0.0
2022-10-04 10:00:00+09:00,576.0,583.0,576.0,580.0,522200,0.0,0.0
2022-10-04 11:00:00+09:00,579.0,583.0,578.0,583.0,0,0.0,0.0
2022-10-04 12:00:00+09:00,583.0,590.0,583.0,588.0,2068900,0.0,0.0
2022-10-04 13:00:00+09:00,588.0,590.0,586.0,587.0,418100,0.0,0.0
2022-10-04 14:00:00+09:00,587.0,587.0,581.0,583.0,455400,0.0,0.0
2022-10-05 09:00:00+09:00,587.0,589.0,563.0,565.0,628500,0.0,0.0
2022-10-05 10:00:00+09:00,565.0,569.0,562.0,564.0,200700,0.0,0.0
2022-10-05 11:00:00+09:00,564.0,568.0,563.0,567.0,0,0.0,0.0
2022-10-05 12:00:00+09:00,566.0,566.0,558.0,559.0,1125400,0.0,0.0
2022-10-05 13:00:00+09:00,559.0,559.0,554.0,556.0,171400,0.0,0.0
2022-10-05 14:00:00+09:00,557.0,559.0,556.0,556.0,185600,0.0,0.0
2022-10-06 09:00:00+09:00,557.0,575.0,556.0,565.0,385500,0.0,0.0
2022-10-06 10:00:00+09:00,564.0,565.0,554.0,556.0,159100,0.0,0.0
2022-10-06 11:00:00+09:00,555.0,557.0,553.0,555.0,0,0.0,0.0
2022-10-06 12:00:00+09:00,554.0,556.0,554.0,556.0,710600,0.0,0.0
2022-10-06 13:00:00+09:00,557.0,557.0,553.0,554.0,100200,0.0,0.0
2022-10-06 14:00:00+09:00,554.0,556.0,554.0,555.0,97200,0.0,0.0
2022-10-07 09:00:00+09:00,544.0,555.0,542.0,552.0,224300,0.0,0.0
2022-10-07 10:00:00+09:00,552.0,557.0,552.0,556.0,135300,0.0,0.0
2022-10-07 11:00:00+09:00,556.0,557.0,554.0,555.0,0,0.0,0.0
2022-10-07 12:00:00+09:00,553.0,555.0,551.0,555.0,446200,0.0,0.0
2022-10-07 13:00:00+09:00,555.0,557.0,554.0,555.0,77400,0.0,0.0
2022-10-07 14:00:00+09:00,555.0,555.0,551.0,553.0,85900,0.0,0.0
2022-10-11 09:00:00+09:00,548.0,551.0,538.0,543.0,572400,0.0,0.0
2022-10-11 10:00:00+09:00,543.0,543.0,538.0,538.0,133600,0.0,0.0
2022-10-11 11:00:00+09:00,538.0,538.0,536.0,537.0,0,0.0,0.0
2022-10-11 12:00:00+09:00,537.0,539.0,535.0,536.0,869700,0.0,0.0
2022-10-11 13:00:00+09:00,536.0,537.0,535.0,537.0,43900,0.0,0.0
2022-10-11 14:00:00+09:00,536.0,539.0,536.0,539.0,140300,0.0,0.0
2022-10-12 09:00:00+09:00,537.0,540.0,534.0,539.0,227700,0.0,0.0
2022-10-12 10:00:00+09:00,539.0,541.0,534.0,540.0,169000,0.0,0.0
2022-10-12 11:00:00+09:00,540.0,540.0,536.0,538.0,0,0.0,0.0
2022-10-12 12:00:00+09:00,540.0,541.0,538.0,539.0,485300,0.0,0.0
2022-10-12 13:00:00+09:00,539.0,547.0,538.0,544.0,195100,0.0,0.0
2022-10-12 14:00:00+09:00,545.0,548.0,543.0,546.0,130800,0.0,0.0
2022-10-13 09:00:00+09:00,547.0,550.0,539.0,540.0,247900,0.0,0.0
2022-10-13 10:00:00+09:00,540.0,545.0,539.0,545.0,134100,0.0,0.0
2022-10-13 11:00:00+09:00,546.0,546.0,544.0,544.0,0,0.0,0.0
2022-10-13 12:00:00+09:00,545.0,547.0,544.0,545.0,445400,0.0,0.0
2022-10-13 13:00:00+09:00,546.0,550.0,545.0,547.0,59400,0.0,0.0
2022-10-13 14:00:00+09:00,547.0,549.0,546.0,546.0,85400,0.0,0.0
2022-10-14 09:00:00+09:00,560.0,565.0,556.0,564.0,331000,0.0,0.0
2022-10-14 10:00:00+09:00,565.0,571.0,565.0,569.0,166000,0.0,0.0
2022-10-14 11:00:00+09:00,569.0,569.0,568.0,569.0,0,0.0,0.0
2022-10-14 12:00:00+09:00,567.0,571.0,567.0,571.0,712800,0.0,0.0
2022-10-14 13:00:00+09:00,571.0,572.0,568.0,568.0,105300,0.0,0.0
2022-10-14 14:00:00+09:00,568.0,570.0,566.0,566.0,106300,0.0,0.0
2022-10-17 09:00:00+09:00,559.0,565.0,557.0,558.0,256500,0.0,0.0
2022-10-17 10:00:00+09:00,558.0,559.0,555.0,556.0,80900,0.0,0.0
2022-10-17 11:00:00+09:00,556.0,557.0,555.0,555.0,0,0.0,0.0
2022-10-17 12:00:00+09:00,555.0,557.0,555.0,556.0,426300,0.0,0.0
2022-10-17 13:00:00+09:00,556.0,556.0,553.0,556.0,73400,0.0,0.0
2022-10-17 14:00:00+09:00,555.0,555.0,551.0,553.0,90500,0.0,0.0
2022-10-18 09:00:00+09:00,564.0,564.0,550.0,551.0,215900,0.0,0.0
2022-10-18 10:00:00+09:00,550.0,551.0,547.0,549.0,79600,0.0,0.0
2022-10-18 11:00:00+09:00,549.0,551.0,549.0,550.0,0,0.0,0.0
2022-10-18 12:00:00+09:00,552.0,554.0,552.0,552.0,376600,0.0,0.0
2022-10-18 13:00:00+09:00,552.0,556.0,552.0,554.0,45000,0.0,0.0
2022-10-18 14:00:00+09:00,554.0,555.0,551.0,552.0,83100,0.0,0.0
2022-10-19 09:00:00+09:00,547.0,551.0,545.0,547.0,126300,0.0,0.0
2022-10-19 10:00:00+09:00,547.0,549.0,545.0,549.0,88800,0.0,0.0
2022-10-19 11:00:00+09:00,549.0,550.0,547.0,548.0,0,0.0,0.0
2022-10-19 12:00:00+09:00,549.0,551.0,548.0,549.0,282500,0.0,0.0
2022-10-19 13:00:00+09:00,550.0,550.0,549.0,549.0,18700,0.0,0.0
2022-10-19 14:00:00+09:00,549.0,550.0,547.0,548.0,56200,0.0,0.0
2022-10-20 09:00:00+09:00,541.0,547.0,537.0,539.0,140900,0.0,0.0
2022-10-20 10:00:00+09:00,539.0,540.0,538.0,538.0,65900,0.0,0.0
2022-10-20 11:00:00+09:00,537.0,539.0,536.0,539.0,0,0.0,0.0
2022-10-20 12:00:00+09:00,538.0,539.0,537.0,538.0,299000,0.0,0.0
2022-10-20 13:00:00+09:00,537.0,542.0,536.0,540.0,149300,0.0,0.0
2022-10-20 14:00:00+09:00,539.0,542.0,539.0,541.0,72100,0.0,0.0
2022-10-21 09:00:00+09:00,536.0,539.0,533.0,537.0,208200,0.0,0.0
2022-10-21 10:00:00+09:00,537.0,537.0,534.0,536.0,72700,0.0,0.0
2022-10-21 11:00:00+09:00,536.0,539.0,536.0,538.0,0,0.0,0.0
2022-10-21 12:00:00+09:00,539.0,539.0,534.0,534.0,397500,0.0,0.0
2022-10-21 13:00:00+09:00,534.0,534.0,528.0,529.0,135200,0.0,0.0
2022-10-21 14:00:00+09:00,530.0,531.0,528.0,528.0,164900,0.0,0.0
2022-10-24 09:00:00+09:00,538.0,540.0,530.0,536.0,169900,0.0,0.0
2022-10-24 10:00:00+09:00,536.0,539.0,534.0,536.0,94500,0.0,0.0
2022-10-24 11:00:00+09:00,536.0,536.0,533.0,534.0,0,0.0,0.0
2022-10-24 12:00:00+09:00,531.0,534.0,529.0,533.0,338700,0.0,0.0
2022-10-24 13:00:00+09:00,533.0,535.0,532.0,533.0,66400,0.0,0.0
2022-10-24 14:00:00+09:00,533.0,534.0,531.0,531.0,79800,0.0,0.0
2022-10-25 09:00:00+09:00,535.0,538.0,533.0,533.0,138000,0.0,0.0
2022-10-25 10:00:00+09:00,534.0,534.0,527.0,529.0,87600,0.0,0.0
2022-10-25 11:00:00+09:00,530.0,530.0,529.0,529.0,0,0.0,0.0
2022-10-25 12:00:00+09:00,533.0,534.0,530.0,533.0,299100,0.0,0.0
2022-10-25 13:00:00+09:00,533.0,537.0,532.0,536.0,55600,0.0,0.0
2022-10-25 14:00:00+09:00,535.0,536.0,533.0,535.0,70000,0.0,0.0
2022-10-26 09:00:00+09:00,538.0,538.0,530.0,537.0,170200,0.0,0.0
2022-10-26 10:00:00+09:00,536.0,541.0,536.0,537.0,154800,0.0,0.0
2022-10-26 11:00:00+09:00,537.0,538.0,537.0,537.0,0,0.0,0.0
2022-10-26 12:00:00+09:00,538.0,540.0,536.0,537.0,393500,0.0,0.0
2022-10-26 13:00:00+09:00,537.0,539.0,536.0,538.0,99700,0.0,0.0
2022-10-26 14:00:00+09:00,538.0,540.0,537.0,540.0,76700,0.0,0.0
2022-10-27 09:00:00+09:00,535.0,539.0,533.0,539.0,100200,0.0,0.0
2022-10-27 10:00:00+09:00,539.0,541.0,538.0,538.0,102300,0.0,0.0
2022-10-27 11:00:00+09:00,538.0,538.0,535.0,536.0,0,0.0,0.0
2022-10-27 12:00:00+09:00,536.0,539.0,535.0,538.0,279600,0.0,0.0
2022-10-27 13:00:00+09:00,538.0,540.0,538.0,540.0,0,0.0,0.0
2022-10-27 14:00:00+09:00,540.0,542.0,540.0,541.0,400900,0.0,0.0
2022-10-28 09:00:00+09:00,533.0,541.0,529.0,541.0,274600,0.0,0.0
2022-10-28 10:00:00+09:00,541.0,541.0,538.0,538.0,76300,0.0,0.0
2022-10-28 11:00:00+09:00,537.0,539.0,536.0,538.0,0,0.0,0.0
2022-10-28 12:00:00+09:00,537.0,542.0,536.0,541.0,473300,0.0,0.0
2022-10-28 13:00:00+09:00,540.0,540.0,536.0,538.0,119500,0.0,0.0
2022-10-28 14:00:00+09:00,537.0,537.0,534.0,534.0,166900,0.0,0.0
2022-10-31 09:00:00+09:00,543.0,552.0,539.0,552.0,301700,0.0,0.0
2022-10-31 10:00:00+09:00,552.0,558.0,550.0,553.0,197400,0.0,0.0
2022-10-31 11:00:00+09:00,553.0,555.0,552.0,554.0,0,0.0,0.0
2022-10-31 12:00:00+09:00,553.0,555.0,551.0,554.0,610400,0.0,0.0
2022-10-31 13:00:00+09:00,554.0,556.0,553.0,556.0,77500,0.0,0.0
2022-10-31 14:00:00+09:00,556.0,558.0,552.0,555.0,218200,0.0,0.0
2022-11-01 09:00:00+09:00,560.0,562.0,550.0,552.0,200700,0.0,0.0
2022-11-01 10:00:00+09:00,552.0,558.0,551.0,558.0,41500,0.0,0.0
2022-11-01 11:00:00+09:00,559.0,562.0,559.0,561.0,0,0.0,0.0
2022-11-01 12:00:00+09:00,559.0,560.0,557.0,559.0,370900,0.0,0.0
2022-11-01 13:00:00+09:00,559.0,564.0,558.0,563.0,182300,0.0,0.0
2022-11-01 14:00:00+09:00,563.0,566.0,562.0,566.0,168500,0.0,0.0
2022-11-02 09:00:00+09:00,564.0,585.0,564.0,582.0,442600,0.0,0.0
2022-11-02 10:00:00+09:00,582.0,582.0,577.0,578.0,124300,0.0,0.0
2022-11-02 11:00:00+09:00,578.0,579.0,577.0,578.0,0,0.0,0.0
2022-11-02 12:00:00+09:00,577.0,578.0,574.0,575.0,643200,0.0,0.0
2022-11-02 13:00:00+09:00,575.0,577.0,574.0,577.0,70900,0.0,0.0
2022-11-02 14:00:00+09:00,576.0,576.0,573.0,574.0,110900,0.0,0.0
2022-11-04 09:00:00+09:00,564.0,570.0,556.0,556.0,423800,0.0,0.0
2022-11-04 10:00:00+09:00,555.0,557.0,550.0,554.0,220300,0.0,0.0
2022-11-04 11:00:00+09:00,554.0,554.0,551.0,553.0,0,0.0,0.0
2022-11-04 12:00:00+09:00,554.0,554.0,551.0,553.0,808800,0.0,0.0
2022-11-04 13:00:00+09:00,552.0,552.0,546.0,547.0,139600,0.0,0.0
2022-11-04 14:00:00+09:00,548.0,549.0,541.0,542.0,279300,0.0,0.0
2022-11-07 09:00:00+09:00,543.0,543.0,532.0,541.0,257700,0.0,0.0
2022-11-07 10:00:00+09:00,541.0,545.0,539.0,544.0,88200,0.0,0.0
2022-11-07 11:00:00+09:00,543.0,543.0,541.0,541.0,0,0.0,0.0
2022-11-07 12:00:00+09:00,544.0,550.0,543.0,549.0,472800,0.0,0.0
2022-11-07 13:00:00+09:00,549.0,554.0,549.0,553.0,82400,0.0,0.0
2022-11-07 14:00:00+09:00,553.0,555.0,552.0,554.0,147100,0.0,0.0
2022-11-08 09:00:00+09:00,555.0,564.0,553.0,564.0,194100,0.0,0.0
2022-11-08 10:00:00+09:00,564.0,566.0,562.0,565.0,140500,0.0,0.0
2022-11-08 11:00:00+09:00,566.0,566.0,564.0,565.0,0,0.0,0.0
2022-11-08 12:00:00+09:00,566.0,569.0,566.0,568.0,509100,0.0,0.0
2022-11-08 13:00:00+09:00,568.0,568.0,566.0,566.0,64500,0.0,0.0
2022-11-08 14:00:00+09:00,566.0,569.0,566.0,569.0,79100,0.0,0.0
2022-11-09 09:00:00+09:00,569.0,573.0,559.0,563.0,224200,0.0,0.0
2022-11-09 10:00:00+09:00,564.0,566.0,562.0,564.0,55800,0.0,0.0
2022-11-09 11:00:00+09:00,563.0,564.0,562.0,564.0,0,0.0,0.0
2022-11-09 12:00:00+09:00,561.0,564.0,561.0,562.0,354300,0.0,0.0
2022-11-09 13:00:00+09:00,562.0,564.0,560.0,561.0,65500,0.0,0.0
2022-11-09 14:00:00+09:00,561.0,565.0,561.0,565.0,119700,0.0,0.0
2022-11-10 09:00:00+09:00,558.0,565.0,557.0,561.0,237000,0.0,0.0
2022-11-10 10:00:00+09:00,561.0,564.0,559.0,562.0,96700,0.0,0.0
2022-11-10 11:00:00+09:00,561.0,562.0,559.0,559.0,0,0.0,0.0
2022-11-10 12:00:00+09:00,563.0,570.0,562.0,568.0,517500,0.0,0.0
2022-11-10 13:00:00+09:00,569.0,573.0,567.0,569.0,194900,0.0,0.0
2022-11-10 14:00:00+09:00,569.0,572.0,568.0,570.0,235600,0.0,0.0
2022-11-11 09:00:00+09:00,558.0,578.0,534.0,539.0,2859100,0.0,0.0
2022-11-11 10:00:00+09:00,540.0,549.0,535.0,541.0,654900,0.0,0.0
2022-11-11 11:00:00+09:00,542.0,542.0,535.0,538.0,0,0.0,0.0
2022-11-11 12:00:00+09:00,538.0,546.0,536.0,541.0,3962200,0.0,0.0
2022-11-11 13:00:00+09:00,541.0,549.0,537.0,547.0,334400,0.0,0.0
2022-11-11 14:00:00+09:00,548.0,563.0,548.0,557.0,764000,0.0,0.0
2022-11-14 09:00:00+09:00,552.0,567.0,539.0,551.0,483800,0.0,0.0
2022-11-14 10:00:00+09:00,552.0,570.0,543.0,569.0,390500,0.0,0.0
2022-11-14 11:00:00+09:00,570.0,575.0,566.0,571.0,0,0.0,0.0
2022-11-14 12:00:00+09:00,569.0,573.0,561.0,562.0,1355200,0.0,0.0
2022-11-14 13:00:00+09:00,562.0,562.0,552.0,552.0,212800,0.0,0.0
2022-11-14 14:00:00+09:00,552.0,553.0,542.0,544.0,413500,0.0,0.0
2022-11-15 09:00:00+09:00,542.0,544.0,536.0,542.0,394000,0.0,0.0
2022-11-15 10:00:00+09:00,542.0,551.0,541.0,547.0,177300,0.0,0.0
2022-11-15 11:00:00+09:00,547.0,548.0,546.0,546.0,0,0.0,0.0
2022-11-15 12:00:00+09:00,548.0,552.0,548.0,552.0,690600,0.0,0.0
2022-11-15 13:00:00+09:00,552.0,556.0,551.0,556.0,107900,0.0,0.0
2022-11-15 14:00:00+09:00,556.0,558.0,554.0,556.0,127000,0.0,0.0
2022-11-16 09:00:00+09:00,555.0,558.0,549.0,557.0,292000,0.0,0.0
2022-11-16 10:00:00+09:00,558.0,561.0,557.0,560.0,85200,0.0,0.0
2022-11-16 11:00:00+09:00,560.0,562.0,559.0,562.0,0,0.0,0.0
2022-11-16 12:00:00+09:00,562.0,562.0,557.0,559.0,492100,0.0,0.0
2022-11-16 13:00:00+09:00,559.0,560.0,557.0,557.0,72900,0.0,0.0
2022-11-16 14:00:00+09:00,557.0,558.0,554.0,556.0,132100,0.0,0.0
2022-11-17 09:00:00+09:00,548.0,564.0,547.0,563.0,240200,0.0,0.0
2022-11-17 10:00:00+09:00,563.0,564.0,561.0,563.0,89900,0.0,0.0
2022-11-17 11:00:00+09:00,563.0,563.0,562.0,562.0,0,0.0,0.0
2022-11-17 12:00:00+09:00,563.0,564.0,561.0,564.0,416000,0.0,0.0
2022-11-17 13:00:00+09:00,565.0,566.0,564.0,565.0,99500,0.0,0.0
2022-11-17 14:00:00+09:00,565.0,567.0,563.0,566.0,124300,0.0,0.0
2022-11-18 09:00:00+09:00,572.0,573.0,567.0,570.0,165900,0.0,0.0
2022-11-18 10:00:00+09:00,570.0,570.0,566.0,567.0,121700,0.0,0.0
2022-11-18 11:00:00+09:00,567.0,568.0,567.0,568.0,0,0.0,0.0
2022-11-18 12:00:00+09:00,567.0,571.0,566.0,571.0,390300,0.0,0.0
2022-11-18 13:00:00+09:00,571.0,571.0,567.0,567.0,92800,0.0,0.0
2022-11-18 14:00:00+09:00,567.0,567.0,562.0,562.0,166200,0.0,0.0
2022-11-21 09:00:00+09:00,557.0,559.0,545.0,547.0,511700,0.0,0.0
2022-11-21 10:00:00+09:00,547.0,547.0,544.0,547.0,193200,0.0,0.0
2022-11-21 11:00:00+09:00,547.0,547.0,546.0,546.0,0,0.0,0.0
2022-11-21 12:00:00+09:00,546.0,548.0,546.0,547.0,919000,0.0,0.0
2022-11-21 13:00:00+09:00,548.0,550.0,547.0,549.0,185800,0.0,0.0
2022-11-21 14:00:00+09:00,549.0,551.0,549.0,549.0,292500,0.0,0.0
2022-11-22 09:00:00+09:00,554.0,567.0,551.0,566.0,372200,0.0,0.0
2022-11-22 10:00:00+09:00,566.0,572.0,566.0,570.0,297000,0.0,0.0
2022-11-22 11:00:00+09:00,570.0,575.0,570.0,573.0,0,0.0,0.0
2022-11-22 12:00:00+09:00,574.0,585.0,574.0,585.0,1280500,0.0,0.0
2022-11-22 13:00:00+09:00,585.0,598.0,584.0,598.0,701200,0.0,0.0
2022-11-22 14:00:00+09:00,597.0,604.0,594.0,604.0,1062400,0.0,0.0
2022-11-24 09:00:00+09:00,608.0,630.0,608.0,618.0,1540200,0.0,0.0
2022-11-24 10:00:00+09:00,618.0,620.0,611.0,620.0,492100,0.0,0.0
2022-11-24 11:00:00+09:00,619.0,621.0,615.0,616.0,0,0.0,0.0
2022-11-24 12:00:00+09:00,617.0,622.0,615.0,616.0,2296300,0.0,0.0
2022-11-24 13:00:00+09:00,616.0,617.0,614.0,614.0,134000,0.0,0.0
2022-11-24 14:00:00+09:00,614.0,617.0,614.0,615.0,234000,0.0,0.0
2022-11-25 09:00:00+09:00,620.0,623.0,608.0,608.0,365800,0.0,0.0
2022-11-25 10:00:00+09:00,607.0,608.0,603.0,607.0,227500,0.0,0.0
2022-11-25 11:00:00+09:00,606.0,606.0,603.0,604.0,0,0.0,0.0
2022-11-25 12:00:00+09:00,602.0,607.0,602.0,607.0,756800,0.0,0.0
2022-11-25 13:00:00+09:00,606.0,609.0,603.0,604.0,130300,0.0,0.0
2022-11-25 14:00:00+09:00,604.0,606.0,604.0,605.0,97900,0.0,0.0
2022-11-28 09:00:00+09:00,606.0,606.0,594.0,595.0,310600,0.0,0.0
2022-11-28 10:00:00+09:00,595.0,598.0,594.0,597.0,96200,0.0,0.0
2022-11-28 11:00:00+09:00,597.0,599.0,597.0,598.0,0,0.0,0.0
2022-11-28 12:00:00+09:00,598.0,599.0,598.0,598.0,483200,0.0,0.0
2022-11-28 13:00:00+09:00,599.0,602.0,597.0,602.0,131300,0.0,0.0
2022-11-28 14:00:00+09:00,601.0,604.0,600.0,604.0,117400,0.0,0.0
2022-11-29 09:00:00+09:00,603.0,603.0,594.0,601.0,198100,0.0,0.0
2022-11-29 10:00:00+09:00,602.0,604.0,602.0,603.0,65100,0.0,0.0
2022-11-29 11:00:00+09:00,603.0,603.0,600.0,602.0,0,0.0,0.0
2022-11-29 12:00:00+09:00,603.0,603.0,601.0,603.0,349700,0.0,0.0
2022-11-29 13:00:00+09:00,603.0,611.0,603.0,607.0,211100,0.0,0.0
2022-11-29 14:00:00+09:00,607.0,610.0,607.0,610.0,148100,0.0,0.0
2022-11-30 09:00:00+09:00,605.0,613.0,605.0,612.0,253600,0.0,0.0
2022-11-30 10:00:00+09:00,612.0,612.0,607.0,609.0,91900,0.0,0.0
2022-11-30 11:00:00+09:00,609.0,609.0,607.0,608.0,0,0.0,0.0
2022-11-30 12:00:00+09:00,608.0,610.0,607.0,608.0,470500,0.0,0.0
2022-11-30 13:00:00+09:00,608.0,608.0,605.0,608.0,156000,0.0,0.0
2022-11-30 14:00:00+09:00,607.0,607.0,603.0,605.0,233100,0.0,0.0
2022-12-01 09:00:00+09:00,614.0,626.0,608.0,624.0,498000,0.0,0.0
2022-12-01 10:00:00+09:00,625.0,625.0,618.0,618.0,279000,0.0,0.0
2022-12-01 11:00:00+09:00,620.0,622.0,618.0,618.0,0,0.0,0.0
2022-12-01 12:00:00+09:00,618.0,620.0,618.0,619.0,1009600,0.0,0.0
2022-12-01 13:00:00+09:00,619.0,621.0,617.0,620.0,216100,0.0,0.0
2022-12-01 14:00:00+09:00,620.0,623.0,619.0,622.0,189600,0.0,0.0
2022-12-02 09:00:00+09:00,615.0,615.0,602.0,604.0,372000,0.0,0.0
2022-12-02 10:00:00+09:00,604.0,606.0,601.0,602.0,124800,0.0,0.0
2022-12-02 11:00:00+09:00,602.0,604.0,602.0,604.0,0,0.0,0.0
2022-12-02 12:00:00+09:00,604.0,611.0,604.0,610.0,638700,0.0,0.0
2022-12-02 13:00:00+09:00,610.0,610.0,607.0,610.0,65500,0.0,0.0
2022-12-02 14:00:00+09:00,609.0,611.0,606.0,610.0,127700,0.0,0.0
2022-12-05 09:00:00+09:00,613.0,613.0,606.0,607.0,122600,0.0,0.0
2022-12-05 10:00:00+09:00,607.0,609.0,605.0,609.0,75700,0.0,0.0
2022-12-05 11:00:00+09:00,609.0,610.0,608.0,608.0,0,0.0,0.0
2022-12-05 12:00:00+09:00,607.0,611.0,607.0,611.0,270200,0.0,0.0
2022-12-05 13:00:00+09:00,611.0,612.0,610.0,612.0,42500,0.0,0.0
2022-12-05 14:00:00+09:00,611.0,616.0,610.0,616.0,91500,0.0,0.0
2022-12-06 09:00:00+09:00,606.0,615.0,596.0,601.0,412300,0.0,0.0
2022-12-06 10:00:00+09:00,601.0,601.0,596.0,597.0,122500,0.0,0.0
2022-12-06 11:00:00+09:00,597.0,601.0,597.0,601.0,0,0.0,0.0
2022-12-06 12:00:00+09:00,602.0,610.0,601.0,609.0,659700,0.0,0.0
2022-12-06 13:00:00+09:00,609.0,610.0,607.0,608.0,62100,0.0,0.0
2022-12-06 14:00:00+09:00,608.0,611.0,607.0,610.0,83700,0.0,0.0
2022-12-07 09:00:00+09:00,605.0,613.0,605.0,612.0,203200,0.0,0.0
2022-12-07 10:00:00+09:00,612.0,616.0,610.0,613.0,98100,0.0,0.0
2022-12-07 11:00:00+09:00,613.0,613.0,610.0,611.0,0,0.0,0.0
2022-12-07 12:00:00+09:00,612.0,612.0,609.0,611.0,350700,0.0,0.0
2022-12-07 13:00:00+09:00,612.0,612.0,608.0,609.0,76200,0.0,0.0
2022-12-07 14:00:00+09:00,608.0,609.0,602.0,602.0,170000,0.0,0.0
2022-12-08 09:00:00+09:00,600.0,602.0,593.0,594.0,253200,0.0,0.0
2022-12-08 10:00:00+09:00,594.0,596.0,594.0,595.0,45000,0.0,0.0
2022-12-08 11:00:00+09:00,595.0,595.0,595.0,595.0,0,0.0,0.0
2022-12-08 12:00:00+09:00,595.0,598.0,595.0,598.0,385300,0.0,0.0
2022-12-08 13:00:00+09:00,598.0,602.0,598.0,600.0,78300,0.0,0.0
2022-12-08 14:00:00+09:00,600.0,604.0,600.0,603.0,80400,0.0,0.0
2022-12-09 09:00:00+09:00,608.0,613.0,608.0,610.0,182300,0.0,0.0
2022-12-09 10:00:00+09:00,610.0,610.0,607.0,609.0,57300,0.0,0.0
2022-12-09 11:00:00+09:00,609.0,610.0,609.0,609.0,0,0.0,0.0
2022-12-09 12:00:00+09:00,609.0,610.0,608.0,608.0,310600,0.0,0.0
2022-12-09 13:00:00+09:00,608.0,609.0,607.0,608.0,43500,0.0,0.0
2022-12-09 14:00:00+09:00,607.0,609.0,606.0,607.0,66100,0.0,0.0
2022-12-12 09:00:00+09:00,606.0,609.0,603.0,606.0,109400,0.0,0.0
2022-12-12 10:00:00+09:00,605.0,609.0,605.0,608.0,56800,0.0,0.0
2022-12-12 11:00:00+09:00,607.0,608.0,607.0,608.0,0,0.0,0.0
2022-12-12 12:00:00+09:00,606.0,608.0,606.0,607.0,199900,0.0,0.0
2022-12-12 13:00:00+09:00,607.0,614.0,606.0,613.0,55600,0.0,0.0
2022-12-12 14:00:00+09:00,612.0,612.0,610.0,610.0,56900,0.0,0.0
2022-12-13 09:00:00+09:00,615.0,623.0,615.0,616.0,170600,0.0,0.0
2022-12-13 10:00:00+09:00,616.0,619.0,615.0,618.0,37800,0.0,0.0
2022-12-13 11:00:00+09:00,618.0,619.0,617.0,619.0,0,0.0,0.0
2022-12-13 12:00:00+09:00,620.0,620.0,616.0,617.0,276200,0.0,0.0
2022-12-13 13:00:00+09:00,616.0,617.0,613.0,616.0,53000,0.0,0.0
2022-12-13 14:00:00+09:00,617.0,619.0,616.0,619.0,80000,0.0,0.0
2022-12-14 09:00:00+09:00,620.0,643.0,617.0,638.0,769400,0.0,0.0
2022-12-14 10:00:00+09:00,639.0,640.0,635.0,639.0,139900,0.0,0.0
2022-12-14 11:00:00+09:00,639.0,639.0,635.0,637.0,0,0.0,0.0
2022-12-14 12:00:00+09:00,636.0,637.0,635.0,635.0,1068300,0.0,0.0
2022-12-14 13:00:00+09:00,635.0,635.0,630.0,631.0,125300,0.0,0.0
2022-12-14 14:00:00+09:00,631.0,631.0,628.0,630.0,187000,0.0,0.0
2022-12-15 09:00:00+09:00,631.0,637.0,628.0,633.0,196900,0.0,0.0
2022-12-15 10:00:00+09:00,633.0,634.0,630.0,632.0,67900,0.0,0.0
2022-12-15 11:00:00+09:00,632.0,632.0,630.0,631.0,0,0.0,0.0
2022-12-15 12:00:00+09:00,630.0,632.0,630.0,631.0,323500,0.0,0.0
2022-12-15 13:00:00+09:00,631.0,631.0,630.0,630.0,13700,0.0,0.0
2022-12-15 14:00:00+09:00,631.0,632.0,629.0,630.0,121600,0.0,0.0
2022-12-16 09:00:00+09:00,621.0,631.0,619.0,628.0,266300,0.0,0.0
2022-12-16 10:00:00+09:00,628.0,631.0,628.0,629.0,60500,0.0,0.0
2022-12-16 11:00:00+09:00,628.0,631.0,628.0,630.0,0,0.0,0.0
2022-12-16 12:00:00+09:00,628.0,631.0,628.0,631.0,386000,0.0,0.0
2022-12-16 13:00:00+09:00,631.0,631.0,629.0,630.0,40600,0.0,0.0
2022-12-16 14:00:00+09:00,630.0,630.0,625.0,625.0,176800,0.0,0.0
2022-12-19 09:00:00+09:00,619.0,621.0,611.0,617.0,0,0.0,0.0
2022-12-19 10:00:00+09:00,616.0,616.0,612.0,613.0,278900,0.0,0.0
2022-12-19 11:00:00+09:00,614.0,618.0,614.0,615.0,0,0.0,0.0
2022-12-19 12:00:00+09:00,615.0,618.0,615.0,618.0,374400,0.0,0.0
2022-12-19 13:00:00+09:00,617.0,617.0,615.0,616.0,43700,0.0,0.0
2022-12-19 14:00:00+09:00,617.0,617.0,613.0,614.0,109900,0.0,0.0
2022-12-20 09:00:00+09:00,612.0,613.0,606.0,609.0,161100,0.0,0.0
2022-12-20 10:00:00+09:00,610.0,614.0,609.0,614.0,59900,0.0,0.0
2022-12-20 11:00:00+09:00,614.0,614.0,610.0,611.0,0,0.0,0.0
2022-12-20 12:00:00+09:00,605.0,605.0,600.0,600.0,543700,0.0,0.0
2022-12-20 13:00:00+09:00,600.0,602.0,596.0,600.0,173000,0.0,0.0
2022-12-20 14:00:00+09:00,600.0,602.0,597.0,602.0,204100,0.0,0.0
2022-12-21 09:00:00+09:00,598.0,601.0,589.0,591.0,262400,0.0,0.0
2022-12-21 10:00:00+09:00,591.0,596.0,590.0,592.0,77500,0.0,0.0
2022-12-21 11:00:00+09:00,592.0,595.0,592.0,592.0,0,0.0,0.0
2022-12-21 12:00:00+09:00,592.0,592.0,586.0,586.0,489000,0.0,0.0
2022-12-21 13:00:00+09:00,586.0,588.0,584.0,585.0,145900,0.0,0.0
2022-12-21 14:00:00+09:00,585.0,586.0,582.0,582.0,188100,0.0,0.0
2022-12-22 09:00:00+09:00,585.0,590.0,573.0,573.0,259000,0.0,0.0
2022-12-22 10:00:00+09:00,573.0,574.0,562.0,565.0,297900,0.0,0.0
2022-12-22 11:00:00+09:00,566.0,566.0,564.0,565.0,0,0.0,0.0
2022-12-22 12:00:00+09:00,565.0,565.0,559.0,560.0,867700,0.0,0.0
2022-12-22 13:00:00+09:00,559.0,567.0,559.0,565.0,159800,0.0,0.0
2022-12-22 14:00:00+09:00,565.0,574.0,565.0,572.0,202800,0.0,0.0
2022-12-23 09:00:00+09:00,569.0,570.0,558.0,562.0,172000,0.0,0.0
2022-12-23 10:00:00+09:00,563.0,564.0,562.0,563.0,58300,0.0,0.0
2022-12-23 11:00:00+09:00,563.0,563.0,558.0,558.0,0,0.0,0.0
2022-12-23 12:00:00+09:00,558.0,558.0,556.0,556.0,451200,0.0,0.0
2022-12-23 13:00:00+09:00,556.0,556.0,552.0,553.0,95500,0.0,0.0
2022-12-23 14:00:00+09:00,553.0,556.0,550.0,551.0,225100,0.0,0.0
2022-12-26 09:00:00+09:00,556.0,559.0,548.0,555.0,199700,0.0,0.0
2022-12-26 10:00:00+09:00,555.0,555.0,550.0,551.0,71300,0.0,0.0
2022-12-26 11:00:00+09:00,551.0,551.0,548.0,549.0,0,0.0,0.0
2022-12-26 12:00:00+09:00,549.0,551.0,549.0,550.0,330300,0.0,0.0
2022-12-26 13:00:00+09:00,551.0,552.0,550.0,552.0,51400,0.0,0.0
2022-12-26 14:00:00+09:00,552.0,552.0,549.0,550.0,70400,0.0,0.0
2022-12-27 09:00:00+09:00,555.0,558.0,553.0,554.0,108300,0.0,0.0
2022-12-27 10:00:00+09:00,555.0,558.0,554.0,555.0,78600,0.0,0.0
2022-12-27 11:00:00+09:00,555.0,558.0,555.0,558.0,0,0.0,0.0
2022-12-27 12:00:00+09:00,557.0,564.0,556.0,563.0,311300,0.0,0.0
2022-12-27 13:00:00+09:00,563.0,563.0,562.0,563.0,51400,0.0,0.0
2022-12-27 14:00:00+09:00,563.0,563.0,560.0,561.0,84600,0.0,0.0
2022-12-28 09:00:00+09:00,561.0,572.0,561.0,570.0,195600,0.0,0.0
2022-12-28 10:00:00+09:00,570.0,573.0,569.0,570.0,104600,0.0,0.0
2022-12-28 11:00:00+09:00,569.0,570.0,567.0,570.0,0,0.0,0.0
2022-12-28 12:00:00+09:00,569.0,571.0,568.0,571.0,405400,0.0,0.0
2022-12-28 13:00:00+09:00,571.0,577.0,571.0,576.0,138300,0.0,0.0
2022-12-28 14:00:00+09:00,577.0,580.0,576.0,579.0,122200,0.0,0.0
2022-12-29 09:00:00+09:00,579.0,579.0,560.0,566.0,222200,0.0,0.0
2022-12-29 10:00:00+09:00,566.0,568.0,557.0,557.0,81200,0.0,0.0
2022-12-29 11:00:00+09:00,557.0,558.0,557.0,558.0,0,0.0,0.0
2022-12-29 12:00:00+09:00,556.0,559.0,556.0,559.0,401000,0.0,0.0
2022-12-29 13:00:00+09:00,559.0,562.0,556.0,556.0,99900,0.0,0.0
2022-12-29 14:00:00+09:00,555.0,558.0,553.0,557.0,222800,0.0,0.0
2022-12-30 09:00:00+09:00,558.0,573.0,558.0,567.0,174800,0.0,0.0
2022-12-30 10:00:00+09:00,567.0,569.0,566.0,568.0,56100,0.0,0.0
2022-12-30 11:00:00+09:00,568.0,569.0,566.0,568.0,0,0.0,0.0
2022-12-30 12:00:00+09:00,569.0,571.0,569.0,569.0,297700,0.0,0.0
2022-12-30 13:00:00+09:00,570.0,571.0,569.0,569.0,39700,0.0,0.0
2022-12-30 14:00:00+09:00,570.0,570.0,564.0,566.0,65900,0.0,0.0
2023-01-04 09:00:00+09:00,558.0,598.0,556.0,590.0,614200,0.0,0.0
2023-01-04 10:00:00+09:00,591.0,594.0,580.0,589.0,225000,0.0,0.0
2023-01-04 11:00:00+09:00,589.0,591.0,588.0,591.0,0,0.0,0.0
2023-01-04 12:00:00+09:00,591.0,597.0,588.0,593.0,1171300,0.0,0.0
2023-01-04 13:00:00+09:00,592.0,596.0,591.0,593.0,204200,0.0,0.0
2023-01-04 14:00:00+09:00,593.0,596.0,591.0,594.0,227900,0.0,0.0
2023-01-05 09:00:00+09:00,596.0,632.0,595.0,628.0,1235700,0.0,0.0
2023-01-05 10:00:00+09:00,628.0,639.0,624.0,635.0,622100,0.0,0.0
2023-01-05 11:00:00+09:00,635.0,639.0,633.0,638.0,0,0.0,0.0
2023-01-05 12:00:00+09:00,636.0,642.0,635.0,641.0,2349200,0.0,0.0
2023-01-05 13:00:00+09:00,641.0,641.0,633.0,634.0,289800,0.0,0.0
2023-01-05 14:00:00+09:00,634.0,638.0,632.0,638.0,348600,0.0,0.0
2023-01-06 09:00:00+09:00,630.0,630.0,610.0,610.0,1076900,0.0,0.0
2023-01-06 10:00:00+09:00,611.0,645.0,610.0,643.0,516000,0.0,0.0
2023-01-06 11:00:00+09:00,643.0,657.0,643.0,657.0,0,0.0,0.0
2023-01-06 12:00:00+09:00,657.0,665.0,657.0,662.0,2906700,0.0,0.0
2023-01-06 13:00:00+09:00,663.0,665.0,654.0,654.0,422300,0.0,0.0
2023-01-06 14:00:00+09:00,654.0,655.0,645.0,647.0,595900,0.0,0.0
2023-01-10 09:00:00+09:00,648.0,650.0,635.0,641.0,583200,0.0,0.0
2023-01-10 10:00:00+09:00,641.0,647.0,637.0,639.0,218200,0.0,0.0
2023-01-10 11:00:00+09:00,639.0,639.0,635.0,635.0,0,0.0,0.0
2023-01-10 12:00:00+09:00,629.0,641.0,627.0,641.0,1154300,0.0,0.0
2023-01-10 13:00:00+09:00,640.0,644.0,639.0,641.0,143500,0.0,0.0
2023-01-10 14:00:00+09:00,640.0,645.0,640.0,643.0,184000,0.0,0.0
2023-01-11 09:00:00+09:00,645.0,652.0,638.0,648.0,254600,0.0,0.0
2023-01-11 10:00:00+09:00,648.0,649.0,644.0,646.0,116600,0.0,0.0
2023-01-11 11:00:00+09:00,646.0,647.0,644.0,646.0,0,0.0,0.0
2023-01-11 12:00:00+09:00,647.0,650.0,646.0,647.0,545000,0.0,0.0
2023-01-11 13:00:00+09:00,647.0,649.0,641.0,643.0,161100,0.0,0.0
2023-01-11 14:00:00+09:00,644.0,649.0,643.0,649.0,223800,0.0,0.0
2023-01-12 09:00:00+09:00,650.0,658.0,641.0,642.0,0,0.0,0.0
2023-01-12 10:00:00+09:00,641.0,652.0,639.0,644.0,699900,0.0,0.0
2023-01-12 11:00:00+09:00,644.0,648.0,644.0,648.0,0,0.0,0.0
2023-01-12 12:00:00+09:00,648.0,648.0,645.0,645.0,859800,0.0,0.0
2023-01-12 13:00:00+09:00,645.0,649.0,644.0,646.0,96000,0.0,0.0
2023-01-12 14:00:00+09:00,646.0,646.0,642.0,645.0,302700,0.0,0.0
2023-01-13 09:00:00+09:00,635.0,635.0,622.0,624.0,648200,0.0,0.0
2023-01-13 10:00:00+09:00,623.0,624.0,615.0,620.0,352000,0.0,0.0
2023-01-13 11:00:00+09:00,621.0,621.0,619.0,619.0,0,0.0,0.0
2023-01-13 12:00:00+09:00,617.0,619.0,616.0,616.0,1130800,0.0,0.0
2023-01-13 13:00:00+09:00,616.0,619.0,616.0,617.0,190000,0.0,0.0
2023-01-13 14:00:00+09:00,616.0,616.0,611.0,613.0,352500,0.0,0.0
2023-01-16 09:00:00+09:00,601.0,608.0,600.0,607.0,374000,0.0,0.0
2023-01-16 10:00:00+09:00,608.0,609.0,597.0,601.0,228500,0.0,0.0
2023-01-16 11:00:00+09:00,601.0,601.0,596.0,597.0,0,0.0,0.0
2023-01-16 12:00:00+09:00,596.0,597.0,594.0,596.0,755500,0.0,0.0
2023-01-16 13:00:00+09:00,596.0,602.0,596.0,600.0,104100,0.0,0.0
2023-01-16 14:00:00+09:00,599.0,599.0,594.0,594.0,163200,0.0,0.0
2023-01-17 09:00:00+09:00,596.0,604.0,596.0,604.0,272000,0.0,0.0
2023-01-17 10:00:00+09:00,604.0,614.0,603.0,607.0,169600,0.0,0.0
2023-01-17 11:00:00+09:00,607.0,608.0,606.0,606.0,0,0.0,0.0
2023-01-17 12:00:00+09:00,606.0,606.0,603.0,606.0,531600,0.0,0.0
2023-01-17 13:00:00+09:00,606.0,607.0,605.0,606.0,42900,0.0,0.0
2023-01-17 14:00:00+09:00,606.0,607.0,603.0,606.0,114800,0.0,0.0
2023-01-18 09:00:00+09:00,601.0,602.0,593.0,595.0,305200,0.0,0.0
2023-01-18 10:00:00+09:00,596.0,601.0,595.0,600.0,79900,0.0,0.0
2023-01-18 11:00:00+09:00,600.0,601.0,600.0,600.0,0,0.0,0.0
2023-01-18 12:00:00+09:00,610.0,620.0,609.0,615.0,674800,0.0,0.0
2023-01-18 13:00:00+09:00,615.0,615.0,612.0,613.0,81500,0.0,0.0
2023-01-18 14:00:00+09:00,612.0,614.0,610.0,614.0,152300,0.0,0.0
2023-01-19 09:00:00+09:00,603.0,609.0,602.0,602.0,201900,0.0,0.0
2023-01-19 10:00:00+09:00,602.0,602.0,597.0,597.0,87500,0.0,0.0
2023-01-19 11:00:00+09:00,597.0,597.0,595.0,596.0,0,0.0,0.0
2023-01-19 12:00:00+09:00,595.0,596.0,590.0,591.0,454200,0.0,0.0
2023-01-19 13:00:00+09:00,590.0,591.0,587.0,589.0,153700,0.0,0.0
2023-01-19 14:00:00+09:00,588.0,589.0,584.0,584.0,228500,0.0,0.0
2023-01-20 09:00:00+09:00,577.0,583.0,573.0,583.0,312100,0.0,0.0
2023-01-20 10:00:00+09:00,582.0,588.0,582.0,587.0,100500,0.0,0.0
2023-01-20 11:00:00+09:00,588.0,592.0,587.0,592.0,0,0.0,0.0
2023-01-20 12:00:00+09:00,591.0,595.0,589.0,589.0,603000,0.0,0.0
2023-01-20 13:00:00+09:00,590.0,593.0,589.0,592.0,97100,0.0,0.0
2023-01-20 14:00:00+09:00,593.0,597.0,592.0,596.0,142100,0.0,0.0
2023-01-23 09:00:00+09:00,607.0,608.0,594.0,595.0,286900,0.0,0.0
2023-01-23 10:00:00+09:00,596.0,600.0,595.0,600.0,96400,0.0,0.0
2023-01-23 11:00:00+09:00,599.0,599.0,597.0,598.0,0,0.0,0.0
2023-01-23 12:00:00+09:00,598.0,601.0,598.0,600.0,472700,0.0,0.0
2023-01-23 13:00:00+09:00,600.0,601.0,598.0,598.0,134500,0.0,0.0
2023-01-23 14:00:00+09:00,599.0,599.0,596.0,596.0,76800,0.0,0.0
2023-01-24 09:00:00+09:00,603.0,604.0,596.0,596.0,152300,0.0,0.0
2023-01-24 10:00:00+09:00,596.0,597.0,593.0,594.0,142900,0.0,0.0
2023-01-24 11:00:00+09:00,595.0,595.0,592.0,592.0,0,0.0,0.0
2023-01-24 12:00:00+09:00,592.0,595.0,592.0,595.0,403000,0.0,0.0
2023-01-24 13:00:00+09:00,595.0,596.0,594.0,595.0,54100,0.0,0.0
2023-01-24 14:00:00+09:00,595.0,598.0,595.0,598.0,71000,0.0,0.0
2023-01-25 09:00:00+09:00,599.0,601.0,594.0,596.0,106500,0.0,0.0
2023-01-25 10:00:00+09:00,596.0,597.0,593.0,596.0,40700,0.0,0.0
2023-01-25 11:00:00+09:00,595.0,597.0,595.0,597.0,0,0.0,0.0
2023-01-25 12:00:00+09:00,597.0,599.0,597.0,599.0,188800,0.0,0.0
2023-01-25 13:00:00+09:00,599.0,599.0,598.0,598.0,33900,0.0,0.0
2023-01-25 14:00:00+09:00,598.0,612.0,598.0,612.0,446800,0.0,0.0
2023-01-26 09:00:00+09:00,614.0,634.0,612.0,629.0,557700,0.0,0.0
2023-01-26 10:00:00+09:00,629.0,629.0,622.0,622.0,151700,0.0,0.0
2023-01-26 11:00:00+09:00,622.0,625.0,620.0,621.0,0,0.0,0.0
2023-01-26 12:00:00+09:00,622.0,624.0,620.0,621.0,808700,0.0,0.0
2023-01-26 13:00:00+09:00,621.0,625.0,620.0,623.0,117300,0.0,0.0
2023-01-26 14:00:00+09:00,623.0,628.0,623.0,625.0,245600,0.0,0.0
2023-01-27 09:00:00+09:00,635.0,638.0,628.0,633.0,294300,0.0,0.0
2023-01-27 10:00:00+09:00,632.0,633.0,626.0,629.0,113600,0.0,0.0
2023-01-27 11:00:00+09:00,629.0,633.0,629.0,630.0,0,0.0,0.0
2023-01-27 12:00:00+09:00,632.0,637.0,631.0,632.0,572800,0.0,0.0
2023-01-27 13:00:00+09:00,632.0,632.0,630.0,632.0,58900,0.0,0.0
2023-01-27 14:00:00+09:00,632.0,633.0,631.0,632.0,106800,0.0,0.0
2023-01-30 09:00:00+09:00,631.0,631.0,618.0,622.0,274100,0.0,0.0
2023-01-30 10:00:00+09:00,622.0,627.0,621.0,627.0,62300,0.0,0.0
2023-01-30 11:00:00+09:00,627.0,627.0,625.0,626.0,0,0.0,0.0
2023-01-30 12:00:00+09:00,625.0,626.0,622.0,622.0,412200,0.0,0.0
2023-01-30 13:00:00+09:00,622.0,623.0,620.0,622.0,75300,0.0,0.0
2023-01-30 14:00:00+09:00,622.0,624.0,620.0,622.0,117500,0.0,0.0
2023-01-31 09:00:00+09:00,625.0,626.0,618.0,618.0,114000,0.0,0.0
2023-01-31 10:00:00+09:00,618.0,619.0,616.0,619.0,72000,0.0,0.0
2023-01-31 11:00:00+09:00,620.0,623.0,618.0,623.0,0,0.0,0.0
2023-01-31 12:00:00+09:00,623.0,628.0,623.0,627.0,366900,0.0,0.0
2023-01-31 13:00:00+09:00,626.0,630.0,624.0,624.0,57800,0.0,0.0
2023-01-31 14:00:00+09:00,624.0,626.0,623.0,626.0,65300,0.0,0.0
2023-02-01 09:00:00+09:00,628.0,633.0,627.0,629.0,152900,0.0,0.0
2023-02-01 10:00:00+09:00,629.0,631.0,629.0,630.0,40200,0.0,0.0
2023-02-01 11:00:00+09:00,630.0,630.0,629.0,630.0,0,0.0,0.0
2023-02-01 12:00:00+09:00,628.0,636.0,628.0,636.0,330900,0.0,0.0
2023-02-01 13:00:00+09:00,635.0,635.0,631.0,631.0,82900,0.0,0.0
2023-02-01 14:00:00+09:00,631.0,631.0,628.0,631.0,86800,0.0,0.0
2023-02-02 09:00:00+09:00,628.0,630.0,622.0,622.0,141700,0.0,0.0
2023-02-02 10:00:00+09:00,622.0,625.0,620.0,625.0,193500,0.0,0.0
2023-02-02 11:00:00+09:00,626.0,628.0,625.0,627.0,0,0.0,0.0
2023-02-02 12:00:00+09:00,627.0,627.0,623.0,626.0,425900,0.0,0.0
2023-02-02 13:00:00+09:00,626.0,626.0,625.0,626.0,21100,0.0,0.0
2023-02-02 14:00:00+09:00,627.0,628.0,625.0,625.0,69300,0.0,0.0
2023-02-03 09:00:00+09:00,624.0,629.0,621.0,627.0,65900,0.0,0.0
2023-02-03 10:00:00+09:00,628.0,628.0,623.0,624.0,77500,0.0,0.0
2023-02-03 11:00:00+09:00,624.0,624.0,620.0,620.0,0,0.0,0.0
2023-02-03 12:00:00+09:00,620.0,625.0,620.0,624.0,220500,0.0,0.0
2023-02-03 13:00:00+09:00,623.0,624.0,621.0,623.0,0,0.0,0.0
2023-02-03 14:00:00+09:00,623.0,624.0,621.0,621.0,289400,0.0,0.0
2023-02-06 09:00:00+09:00,630.0,640.0,626.0,640.0,343200,0.0,0.0
2023-02-06 10:00:00+09:00,639.0,641.0,636.0,637.0,146200,0.0,0.0
2023-02-06 11:00:00+09:00,636.0,636.0,634.0,635.0,0,0.0,0.0
2023-02-06 12:00:00+09:00,635.0,637.0,634.0,637.0,584900,0.0,0.0
2023-02-06 13:00:00+09:00,636.0,639.0,636.0,638.0,97200,0.0,0.0
2023-02-06 14:00:00+09:00,638.0,638.0,634.0,638.0,86400,0.0,0.0
2023-02-07 09:00:00+09:00,640.0,649.0,638.0,648.0,363200,0.0,0.0
2023-02-07 10:00:00+09:00,648.0,655.0,647.0,654.0,402500,0.0,0.0
2023-02-07 11:00:00+09:00,654.0,658.0,653.0,654.0,0,0.0,0.0
2023-02-07 12:00:00+09:00,653.0,653.0,648.0,649.0,1133900,0.0,0.0
2023-02-07 13:00:00+09:00,649.0,653.0,647.0,648.0,153100,0.0,0.0
2023-02-07 14:00:00+09:00,649.0,651.0,646.0,646.0,152800,0.0,0.0
2023-02-08 09:00:00+09:00,650.0,650.0,636.0,641.0,423300,0.0,0.0
2023-02-08 10:00:00+09:00,641.0,642.0,634.0,637.0,109700,0.0,0.0
2023-02-08 11:00:00+09:00,637.0,639.0,636.0,637.0,0,0.0,0.0
2023-02-08 12:00:00+09:00,636.0,640.0,636.0,639.0,675300,0.0,0.0
2023-02-08 13:00:00+09:00,639.0,642.0,639.0,639.0,81500,0.0,0.0
2023-02-08 14:00:00+09:00,639.0,640.0,636.0,638.0,122200,0.0,0.0
2023-02-09 09:00:00+09:00,635.0,638.0,626.0,635.0,285900,0.0,0.0
2023-02-09 10:00:00+09:00,635.0,645.0,631.0,643.0,227200,0.0,0.0
2023-02-09 11:00:00+09:00,643.0,643.0,639.0,640.0,0,0.0,0.0
2023-02-09 12:00:00+09:00,640.0,645.0,640.0,644.0,641400,0.0,0.0
2023-02-09 13:00:00+09:00,644.0,647.0,643.0,647.0,103400,0.0,0.0
2023-02-09 14:00:00+09:00,647.0,666.0,646.0,665.0,489700,0.0,0.0
2023-02-10 09:00:00+09:00,680.0,704.0,668.0,695.0,1652100,0.0,0.0
2023-02-10 10:00:00+09:00,695.0,703.0,690.0,693.0,571100,0.0,0.0
2023-02-10 11:00:00+09:00,694.0,696.0,692.0,692.0,0,0.0,0.0
2023-02-10 12:00:00+09:00,692.0,699.0,690.0,698.0,2623200,0.0,0.0
2023-02-10 13:00:00+09:00,697.0,700.0,695.0,700.0,222800,0.0,0.0
2023-02-10 14:00:00+09:00,699.0,699.0,691.0,697.0,280400,0.0,0.0
2023-02-13 09:00:00+09:00,692.0,703.0,683.0,685.0,454700,0.0,0.0
2023-02-13 10:00:00+09:00,685.0,686.0,678.0,680.0,248400,0.0,0.0
2023-02-13 11:00:00+09:00,680.0,682.0,680.0,682.0,0,0.0,0.0
2023-02-13 12:00:00+09:00,682.0,684.0,676.0,677.0,861500,0.0,0.0
2023-02-13 13:00:00+09:00,677.0,679.0,676.0,678.0,110200,0.0,0.0
2023-02-13 14:00:00+09:00,679.0,679.0,676.0,676.0,108700,0.0,0.0
2023-02-14 09:00:00+09:00,681.0,681.0,669.0,677.0,274700,0.0,0.0
2023-02-14 10:00:00+09:00,677.0,681.0,676.0,679.0,103100,0.0,0.0
2023-02-14 11:00:00+09:00,678.0,682.0,678.0,682.0,0,0.0,0.0
2023-02-14 12:00:00+09:00,682.0,683.0,680.0,681.0,518000,0.0,0.0
2023-02-14 13:00:00+09:00,681.0,681.0,675.0,675.0,133300,0.0,0.0
2023-02-14 14:00:00+09:00,675.0,676.0,669.0,672.0,297600,0.0,0.0
2023-02-15 09:00:00+09:00,677.0,678.0,667.0,668.0,144100,0.0,0.0
2023-02-15 10:00:00+09:00,668.0,676.0,668.0,669.0,202400,0.0,0.0
2023-02-15 11:00:00+09:00,669.0,669.0,666.0,666.0,0,0.0,0.0
2023-02-15 12:00:00+09:00,666.0,667.0,661.0,664.0,512900,0.0,0.0
2023-02-15 13:00:00+09:00,664.0,667.0,663.0,667.0,87600,0.0,0.0
2023-02-15 14:00:00+09:00,666.0,666.0,664.0,665.0,91000,0.0,0.0
2023-02-16 09:00:00+09:00,666.0,672.0,661.0,665.0,179800,0.0,0.0
2023-02-16 10:00:00+09:00,665.0,669.0,663.0,668.0,77800,0.0,0.0
2023-02-16 11:00:00+09:00,668.0,670.0,668.0,670.0,0,0.0,0.0
2023-02-16 12:00:00+09:00,669.0,670.0,668.0,669.0,314200,0.0,0.0
2023-02-16 13:00:00+09:00,670.0,674.0,669.0,674.0,105600,0.0,0.0
2023-02-16 14:00:00+09:00,673.0,674.0,672.0,674.0,64300,0.0,0.0
2023-02-17 09:00:00+09:00,666.0,675.0,665.0,675.0,82100,0.0,0.0
2023-02-17 10:00:00+09:00,675.0,678.0,675.0,677.0,64200,0.0,0.0
2023-02-17 11:00:00+09:00,677.0,677.0,674.0,675.0,0,0.0,0.0
2023-02-17 12:00:00+09:00,676.0,678.0,675.0,677.0,221000,0.0,0.0
2023-02-17 13:00:00+09:00,677.0,677.0,675.0,675.0,57000,0.0,0.0
2023-02-17 14:00:00+09:00,675.0,678.0,675.0,677.0,51900,0.0,0.0
2023-02-20 09:00:00+09:00,681.0,684.0,675.0,678.0,114900,0.0,0.0
2023-02-20 10:00:00+09:00,678.0,682.0,677.0,682.0,75500,0.0,0.0
2023-02-20 11:00:00+09:00,682.0,683.0,682.0,683.0,0,0.0,0.0
2023-02-20 12:00:00+09:00,683.0,691.0,682.0,689.0,303400,0.0,0.0
2023-02-20 13:00:00+09:00,689.0,693.0,689.0,693.0,108000,0.0,0.0
2023-02-20 14:00:00+09:00,693.0,696.0,693.0,696.0,146800,0.0,0.0
2023-02-21 09:00:00+09:00,701.0,704.0,698.0,700.0,288100,0.0,0.0
2023-02-21 10:00:00+09:00,699.0,721.0,698.0,719.0,472300,0.0,0.0
2023-02-21 11:00:00+09:00,719.0,722.0,717.0,721.0,0,0.0,0.0
2023-02-21 12:00:00+09:00,722.0,730.0,721.0,730.0,1109800,0.0,0.0
2023-02-21 13:00:00+09:00,730.0,732.0,727.0,729.0,228500,0.0,0.0
2023-02-21 14:00:00+09:00,730.0,732.0,726.0,728.0,311800,0.0,0.0
2023-02-22 09:00:00+09:00,725.0,727.0,716.0,720.0,400800,0.0,0.0
2023-02-22 10:00:00+09:00,719.0,719.0,709.0,711.0,161500,0.0,0.0
2023-02-22 11:00:00+09:00,710.0,713.0,709.0,709.0,0,0.0,0.0
2023-02-22 12:00:00+09:00,709.0,710.0,708.0,708.0,725000,0.0,0.0
2023-02-22 13:00:00+09:00,708.0,709.0,707.0,708.0,59600,0.0,0.0
2023-02-22 14:00:00+09:00,707.0,708.0,702.0,703.0,233700,0.0,0.0
2023-02-24 09:00:00+09:00,716.0,719.0,701.0,704.0,349700,0.0,0.0
2023-02-24 10:00:00+09:00,704.0,710.0,704.0,706.0,139400,0.0,0.0
2023-02-24 11:00:00+09:00,705.0,708.0,703.0,707.0,0,0.0,0.0
2023-02-24 12:00:00+09:00,710.0,710.0,702.0,704.0,619200,0.0,0.0
2023-02-24 13:00:00+09:00,704.0,710.0,703.0,706.0,86900,0.0,0.0
2023-02-24 14:00:00+09:00,706.0,707.0,705.0,705.0,70300,0.0,0.0
2023-02-27 09:00:00+09:00,705.0,708.0,703.0,705.0,155700,0.0,0.0
2023-02-27 10:00:00+09:00,705.0,708.0,701.0,706.0,182100,0.0,0.0
2023-02-27 11:00:00+09:00,705.0,707.0,705.0,706.0,0,0.0,0.0
2023-02-27 12:00:00+09:00,706.0,707.0,705.0,705.0,431900,0.0,0.0
2023-02-27 13:00:00+09:00,706.0,706.0,700.0,702.0,125700,0.0,0.0
2023-02-27 14:00:00+09:00,702.0,702.0,700.0,700.0,118100,0.0,0.0
2023-02-28 09:00:00+09:00,704.0,705.0,698.0,699.0,158700,0.0,0.0
2023-02-28 10:00:00+09:00,699.0,700.0,693.0,700.0,161900,0.0,0.0
2023-02-28 11:00:00+09:00,699.0,703.0,699.0,703.0,0,0.0,0.0
2023-02-28 12:00:00+09:00,705.0,706.0,701.0,701.0,418000,0.0,0.0
2023-02-28 13:00:00+09:00,700.0,704.0,700.0,703.0,76700,0.0,0.0
2023-02-28 14:00:00+09:00,703.0,705.0,700.0,700.0,184200,0.0,0.0
2023-03-01 09:00:00+09:00,699.0,700.0,688.0,697.0,209000,0.0,0.0
2023-03-01 10:00:00+09:00,697.0,698.0,693.0,696.0,105400,0.0,0.0
2023-03-01 11:00:00+09:00,697.0,698.0,696.0,697.0,0,0.0,0.0
2023-03-01 12:00:00+09:00,696.0,704.0,696.0,702.0,442200,0.0,0.0
2023-03-01 13:00:00+09:00,701.0,702.0,696.0,698.0,96100,0.0,0.0
2023-03-01 14:00:00+09:00,698.0,698.0,695.0,697.0,120500,0.0,0.0
2023-03-02 09:00:00+09:00,696.0,705.0,691.0,699.0,189800,0.0,0.0
2023-03-02 10:00:00+09:00,699.0,716.0,699.0,707.0,329000,0.0,0.0
2023-03-02 11:00:00+09:00,707.0,708.0,702.0,705.0,0,0.0,0.0
2023-03-02 12:00:00+09:00,705.0,712.0,705.0,712.0,726200,0.0,0.0
2023-03-02 13:00:00+09:00,712.0,726.0,711.0,726.0,255300,0.0,0.0
2023-03-02 14:00:00+09:00,726.0,735.0,724.0,735.0,612000,0.0,0.0
2023-03-03 09:00:00+09:00,738.0,741.0,720.0,727.0,439500,0.0,0.0
2023-03-03 10:00:00+09:00,727.0,737.0,727.0,731.0,227600,0.0,0.0
2023-03-03 11:00:00+09:00,731.0,732.0,729.0,729.0,0,0.0,0.0
2023-03-03 12:00:00+09:00,728.0,731.0,726.0,729.0,800000,0.0,0.0
2023-03-03 13:00:00+09:00,730.0,741.0,730.0,731.0,231000,0.0,0.0
2023-03-03 14:00:00+09:00,730.0,737.0,728.0,734.0,201000,0.0,0.0
2023-03-06 09:00:00+09:00,738.0,761.0,736.0,749.0,509100,0.0,0.0
2023-03-06 10:00:00+09:00,749.0,754.0,745.0,746.0,139200,0.0,0.0
2023-03-06 11:00:00+09:00,746.0,747.0,743.0,744.0,0,0.0,0.0
2023-03-06 12:00:00+09:00,745.0,745.0,738.0,739.0,793000,0.0,0.0
2023-03-06 13:00:00+09:00,738.0,739.0,733.0,734.0,91100,0.0,0.0
2023-03-06 14:00:00+09:00,734.0,742.0,734.0,740.0,143200,0.0,0.0
2023-03-07 09:00:00+09:00,742.0,753.0,739.0,752.0,183600,0.0,0.0
2023-03-07 10:00:00+09:00,751.0,757.0,751.0,754.0,129300,0.0,0.0
2023-03-07 11:00:00+09:00,754.0,754.0,751.0,751.0,0,0.0,0.0
2023-03-07 12:00:00+09:00,754.0,754.0,749.0,750.0,443900,0.0,0.0
2023-03-07 13:00:00+09:00,750.0,750.0,746.0,750.0,83700,0.0,0.0
2023-03-07 14:00:00+09:00,750.0,752.0,746.0,747.0,93300,0.0,0.0
2023-03-08 09:00:00+09:00,744.0,748.0,735.0,740.0,202000,0.0,0.0
2023-03-08 10:00:00+09:00,740.0,740.0,736.0,737.0,108200,0.0,0.0
2023-03-08 11:00:00+09:00,737.0,738.0,736.0,737.0,0,0.0,0.0
2023-03-08 12:00:00+09:00,737.0,739.0,737.0,737.0,373600,0.0,0.0
2023-03-08 13:00:00+09:00,737.0,740.0,735.0,739.0,110300,0.0,0.0
2023-03-08 14:00:00+09:00,740.0,741.0,738.0,739.0,71300,0.0,0.0
2023-03-09 09:00:00+09:00,741.0,744.0,732.0,733.0,234400,0.0,0.0
2023-03-09 10:00:00+09:00,732.0,737.0,732.0,735.0,69400,0.0,0.0
2023-03-09 11:00:00+09:00,736.0,736.0,734.0,735.0,0,0.0,0.0
2023-03-09 12:00:00+09:00,733.0,734.0,730.0,731.0,383000,0.0,0.0
2023-03-09 13:00:00+09:00,731.0,731.0,724.0,725.0,175100,0.0,0.0
2023-03-09 14:00:00+09:00,725.0,725.0,718.0,721.0,256800,0.0,0.0
2023-03-10 09:00:00+09:00,715.0,729.0,714.0,717.0,441400,0.0,0.0
2023-03-10 10:00:00+09:00,717.0,719.0,714.0,714.0,105600,0.0,0.0
2023-03-10 11:00:00+09:00,714.0,717.0,712.0,717.0,0,0.0,0.0
2023-03-10 12:00:00+09:00,715.0,719.0,712.0,713.0,678900,0.0,0.0
2023-03-10 13:00:00+09:00,713.0,717.0,712.0,712.0,101900,0.0,0.0
2023-03-10 14:00:00+09:00,712.0,712.0,709.0,709.0,162800,0.0,0.0
2023-03-13 09:00:00+09:00,693.0,695.0,681.0,683.0,246400,0.0,0.0
2023-03-13 10:00:00+09:00,682.0,682.0,672.0,678.0,153000,0.0,0.0
2023-03-13 11:00:00+09:00,679.0,682.0,679.0,679.0,0,0.0,0.0
2023-03-13 12:00:00+09:00,681.0,681.0,678.0,679.0,506200,0.0,0.0
2023-03-13 13:00:00+09:00,678.0,679.0,673.0,674.0,131300,0.0,0.0
2023-03-13 14:00:00+09:00,673.0,680.0,672.0,679.0,298700,0.0,0.0
2023-03-14 09:00:00+09:00,660.0,660.0,644.0,648.0,492800,0.0,0.0
2023-03-14 10:00:00+09:00,647.0,652.0,645.0,651.0,203700,0.0,0.0
2023-03-14 11:00:00+09:00,651.0,655.0,650.0,654.0,0,0.0,0.0
2023-03-14 12:00:00+09:00,655.0,657.0,651.0,652.0,818700,0.0,0.0
2023-03-14 13:00:00+09:00,652.0,654.0,649.0,653.0,98500,0.0,0.0
2023-03-14 14:00:00+09:00,652.0,653.0,648.0,648.0,235400,0.0,0.0
2023-03-15 09:00:00+09:00,660.0,666.0,647.0,652.0,204200,0.0,0.0
2023-03-15 10:00:00+09:00,652.0,660.0,652.0,659.0,69600,0.0,0.0
2023-03-15 11:00:00+09:00,659.0,659.0,655.0,655.0,0,0.0,0.0
2023-03-15 12:00:00+09:00,655.0,658.0,655.0,655.0,313400,0.0,0.0
2023-03-15 13:00:00+09:00,655.0,656.0,653.0,656.0,36200,0.0,0.0
2023-03-15 14:00:00+09:00,657.0,657.0,647.0,654.0,128500,0.0,0.0
2023-03-16 09:00:00+09:00,632.0,634.0,618.0,628.0,477100,0.0,0.0
2023-03-16 10:00:00+09:00,629.0,632.0,618.0,620.0,196800,0.0,0.0
2023-03-16 11:00:00+09:00,620.0,622.0,619.0,620.0,0,0.0,0.0
2023-03-16 12:00:00+09:00,620.0,621.0,618.0,619.0,824800,0.0,0.0
2023-03-16 13:00:00+09:00,619.0,625.0,619.0,623.0,96100,0.0,0.0
2023-03-16 14:00:00+09:00,622.0,625.0,621.0,624.0,103700,0.0,0.0
2023-03-17 09:00:00+09:00,625.0,628.0,607.0,613.0,297900,0.0,0.0
2023-03-17 10:00:00+09:00,613.0,614.0,606.0,611.0,89400,0.0,0.0
2023-03-17 11:00:00+09:00,611.0,612.0,610.0,611.0,0,0.0,0.0
2023-03-17 12:00:00+09:00,610.0,613.0,610.0,610.0,454300,0.0,0.0
2023-03-17 13:00:00+09:00,610.0,614.0,609.0,610.0,0,0.0,0.0
2023-03-17 14:00:00+09:00,610.0,610.0,608.0,609.0,671800,0.0,0.0
2023-03-20 09:00:00+09:00,600.0,612.0,596.0,609.0,214600,0.0,0.0
2023-03-20 10:00:00+09:00,608.0,610.0,601.0,604.0,143300,0.0,0.0
2023-03-20 11:00:00+09:00,605.0,606.0,603.0,603.0,0,0.0,0.0
2023-03-20 12:00:00+09:00,604.0,604.0,599.0,601.0,532100,0.0,0.0
2023-03-20 13:00:00+09:00,600.0,603.0,598.0,600.0,63700,0.0,0.0
2023-03-20 14:00:00+09:00,600.0,605.0,599.0,603.0,81000,0.0,0.0
2023-03-22 09:00:00+09:00,620.0,621.0,612.0,613.0,218700,0.0,0.0
2023-03-22 10:00:00+09:00,613.0,615.0,609.0,613.0,104200,0.0,0.0
2023-03-22 11:00:00+09:00,613.0,615.0,610.0,610.0,0,0.0,0.0
2023-03-22 12:00:00+09:00,609.0,609.0,603.0,603.0,434000,0.0,0.0
2023-03-22 13:00:00+09:00,603.0,607.0,603.0,606.0,53300,0.0,0.0
2023-03-22 14:00:00+09:00,606.0,606.0,602.0,604.0,119600,0.0,0.0
2023-03-23 09:00:00+09:00,592.0,595.0,586.0,586.0,274800,0.0,0.0
2023-03-23 10:00:00+09:00,586.0,588.0,584.0,585.0,134700,0.0,0.0
2023-03-23 11:00:00+09:00,586.0,589.0,585.0,589.0,0,0.0,0.0
2023-03-23 12:00:00+09:00,588.0,588.0,584.0,586.0,564700,0.0,0.0
2023-03-23 13:00:00+09:00,586.0,588.0,584.0,588.0,115700,0.0,0.0
2023-03-23 14:00:00+09:00,588.0,590.0,586.0,590.0,154700,0.0,0.0
2023-03-24 09:00:00+09:00,584.0,588.0,580.0,581.0,272600,0.0,0.0
2023-03-24 10:00:00+09:00,580.0,583.0,576.0,583.0,209700,0.0,0.0
2023-03-24 11:00:00+09:00,582.0,586.0,581.0,583.0,0,0.0,0.0
2023-03-24 12:00:00+09:00,583.0,590.0,583.0,586.0,586700,0.0,0.0
2023-03-24 13:00:00+09:00,586.0,592.0,586.0,591.0,45600,0.0,0.0
2023-03-24 14:00:00+09:00,591.0,597.0,590.0,596.0,110600,0.0,0.0
2023-03-27 09:00:00+09:00,602.0,612.0,599.0,604.0,364700,0.0,0.0
2023-03-27 10:00:00+09:00,604.0,605.0,601.0,604.0,99000,0.0,0.0
2023-03-27 11:00:00+09:00,604.0,604.0,603.0,603.0,0,0.0,0.0
2023-03-27 12:00:00+09:00,603.0,603.0,598.0,598.0,589100,0.0,0.0
2023-03-27 13:00:00+09:00,598.0,599.0,595.0,595.0,70200,0.0,0.0
2023-03-27 14:00:00+09:00,595.0,597.0,593.0,595.0,132700,0.0,0.0
2023-03-28 09:00:00+09:00,604.0,609.0,600.0,601.0,222700,0.0,0.0
2023-03-28 10:00:00+09:00,601.0,602.0,598.0,601.0,76700,0.0,0.0
2023-03-28 11:00:00+09:00,600.0,600.0,599.0,599.0,0,0.0,0.0
2023-03-28 12:00:00+09:00,599.0,599.0,595.0,598.0,359000,0.0,0.0
2023-03-28 13:00:00+09:00,598.0,599.0,597.0,599.0,33500,0.0,0.0
2023-03-28 14:00:00+09:00,599.0,602.0,598.0,600.0,115700,0.0,0.0
2023-03-29 09:00:00+09:00,609.0,612.0,602.0,607.0,314100,0.0,0.0
2023-03-29 10:00:00+09:00,607.0,611.0,606.0,609.0,128400,0.0,0.0
2023-03-29 11:00:00+09:00,609.0,609.0,606.0,606.0,0,0.0,0.0
2023-03-29 12:00:00+09:00,606.0,609.0,606.0,608.0,514400,0.0,0.0
2023-03-29 13:00:00+09:00,608.0,609.0,606.0,606.0,51100,0.0,0.0
2023-03-29 14:00:00+09:00,605.0,623.0,603.0,619.0,716600,0.0,0.0
2023-03-30 09:00:00+09:00,629.0,639.0,624.0,626.0,430800,0.0,0.0
2023-03-30 10:00:00+09:00,626.0,631.0,626.0,629.0,104700,0.0,0.0
2023-03-30 11:00:00+09:00,628.0,630.0,627.0,627.0,0,0.0,0.0
2023-03-30 12:00:00+09:00,626.0,627.0,622.0,622.0,708400,0.0,0.0
2023-03-30 13:00:00+09:00,623.0,624.0,620.0,621.0,50600,0.0,0.0
2023-03-30 14:00:00+09:00,621.0,628.0,621.0,627.0,166100,0.0,0.0
2023-03-31 09:00:00+09:00,630.0,643.0,630.0,640.0,229400,0.0,0.0
2023-03-31 10:00:00+09:00,640.0,640.0,636.0,636.0,64200,0.0,0.0
2023-03-31 11:00:00+09:00,635.0,635.0,634.0,634.0,0,0.0,0.0
2023-03-31 12:00:00+09:00,632.0,638.0,632.0,637.0,347900,0.0,0.0
2023-03-31 13:00:00+09:00,637.0,640.0,637.0,639.0,45200,0.0,0.0
2023-03-31 14:00:00+09:00,638.0,638.0,631.0,633.0,116700,0.0,0.0
2023-04-03 09:00:00+09:00,644.0,662.0,640.0,661.0,306900,0.0,0.0
2023-04-03 10:00:00+09:00,662.0,665.0,654.0,655.0,136600,0.0,0.0
2023-04-03 11:00:00+09:00,656.0,660.0,656.0,659.0,0,0.0,0.0
2023-04-03 12:00:00+09:00,659.0,663.0,659.0,662.0,564800,0.0,0.0
2023-04-03 13:00:00+09:00,661.0,668.0,660.0,668.0,155400,0.0,0.0
2023-04-03 14:00:00+09:00,668.0,677.0,667.0,676.0,236600,0.0,0.0
2023-04-04 09:00:00+09:00,675.0,685.0,666.0,680.0,300500,0.0,0.0
2023-04-04 10:00:00+09:00,680.0,684.0,674.0,675.0,134600,0.0,0.0
2023-04-04 11:00:00+09:00,675.0,677.0,673.0,673.0,0,0.0,0.0
2023-04-04 12:00:00+09:00,675.0,679.0,671.0,672.0,548400,0.0,0.0
2023-04-04 13:00:00+09:00,672.0,673.0,666.0,667.0,105500,0.0,0.0
2023-04-04 14:00:00+09:00,668.0,670.0,663.0,666.0,132500,0.0,0.0
2023-04-05 09:00:00+09:00,660.0,664.0,642.0,649.0,228600,0.0,0.0
2023-04-05 10:00:00+09:00,649.0,649.0,642.0,646.0,121900,0.0,0.0
2023-04-05 11:00:00+09:00,646.0,647.0,645.0,645.0,0,0.0,0.0
2023-04-05 12:00:00+09:00,646.0,649.0,643.0,643.0,462900,0.0,0.0
2023-04-05 13:00:00+09:00,643.0,645.0,642.0,642.0,87400,0.0,0.0
2023-04-05 14:00:00+09:00,643.0,646.0,642.0,643.0,63900,0.0,0.0
2023-04-06 09:00:00+09:00,632.0,636.0,627.0,635.0,215900,0.0,0.0
2023-04-06 10:00:00+09:00,635.0,638.0,632.0,637.0,60400,0.0,0.0
2023-04-06 11:00:00+09:00,637.0,637.0,632.0,633.0,0,0.0,0.0
2023-04-06 12:00:00+09:00,630.0,631.0,626.0,626.0,441600,0.0,0.0
2023-04-06 13:00:00+09:00,627.0,628.0,626.0,627.0,58000,0.0,0.0
2023-04-06 14:00:00+09:00,627.0,631.0,626.0,629.0,85200,0.0,0.0
2023-04-07 09:00:00+09:00,631.0,637.0,629.0,635.0,173100,0.0,0.0
2023-04-07 10:00:00+09:00,635.0,638.0,631.0,631.0,52100,0.0,0.0
2023-04-07 11:00:00+09:00,631.0,635.0,631.0,633.0,0,0.0,0.0
2023-04-07 12:00:00+09:00,634.0,634.0,631.0,634.0,267600,0.0,0.0
2023-04-07 13:00:00+09:00,634.0,638.0,633.0,635.0,47700,0.0,0.0
2023-04-07 14:00:00+09:00,635.0,641.0,635.0,639.0,97800,0.0,0.0
2023-04-10 09:00:00+09:00,642.0,645.0,636.0,636.0,117000,0.0,0.0
2023-04-10 10:00:00+09:00,637.0,639.0,629.0,630.0,119000,0.0,0.0
2023-04-10 11:00:00+09:00,629.0,631.0,626.0,626.0,0,0.0,0.0
2023-04-10 12:00:00+09:00,626.0,629.0,626.0,627.0,344400,0.0,0.0
2023-04-10 13:00:00+09:00,626.0,628.0,626.0,626.0,72200,0.0,0.0
2023-04-10 14:00:00+09:00,627.0,628.0,624.0,624.0,98900,0.0,0.0
2023-04-11 09:00:00+09:00,635.0,638.0,628.0,632.0,146900,0.0,0.0
2023-04-11 10:00:00+09:00,632.0,636.0,632.0,635.0,69700,0.0,0.0
2023-04-11 11:00:00+09:00,635.0,636.0,634.0,635.0,0,0.0,0.0
2023-04-11 12:00:00+09:00,636.0,640.0,635.0,639.0,320600,0.0,0.0
2023-04-11 13:00:00+09:00,639.0,640.0,634.0,635.0,47900,0.0,0.0
2023-04-11 14:00:00+09:00,635.0,636.0,633.0,636.0,71500,0.0,0.0
2023-04-12 09:00:00+09:00,640.0,648.0,639.0,642.0,90500,0.0,0.0
2023-04-12 10:00:00+09:00,641.0,648.0,641.0,647.0,53000,0.0,0.0
2023-04-12 11:00:00+09:00,647.0,649.0,645.0,647.0,0,0.0,0.0
2023-04-12 12:00:00+09:00,648.0,648.0,644.0,645.0,225200,0.0,0.0
2023-04-12 13:00:00+09:00,645.0,645.0,643.0,643.0,18500,0.0,0.0
2023-04-12 14:00:00+09:00,644.0,647.0,643.0,646.0,72500,0.0,0.0
2023-04-13 09:00:00+09:00,644.0,644.0,634.0,639.0,89900,0.0,0.0
2023-04-13 10:00:00+09:00,638.0,643.0,637.0,641.0,34500,0.0,0.0
2023-04-13 11:00:00+09:00,642.0,643.0,641.0,641.0,0,0.0,0.0
2023-04-13 12:00:00+09:00,641.0,643.0,641.0,641.0,172900,0.0,0.0
2023-04-13 13:00:00+09:00,641.0,643.0,640.0,641.0,30700,0.0,0.0
2023-04-13 14:00:00+09:00,641.0,641.0,637.0,638.0,130100,0.0,0.0
2023-04-14 09:00:00+09:00,651.0,651.0,639.0,642.0,127400,0.0,0.0
2023-04-14 10:00:00+09:00,643.0,643.0,640.0,641.0,39200,0.0,0.0
2023-04-14 11:00:00+09:00,641.0,645.0,641.0,644.0,0,0.0,0.0
2023-04-14 12:00:00+09:00,644.0,649.0,642.0,648.0,240800,0.0,0.0
2023-04-14 13:00:00+09:00,647.0,648.0,644.0,646.0,69700,0.0,0.0
2023-04-14 14:00:00+09:00,646.0,646.0,643.0,645.0,82800,0.0,0.0
2023-04-17 09:00:00+09:00,650.0,650.0,634.0,636.0,195800,0.0,0.0
2023-04-17 10:00:00+09:00,636.0,638.0,631.0,636.0,106300,0.0,0.0
2023-04-17 11:00:00+09:00,636.0,638.0,635.0,637.0,0,0.0,0.0
2023-04-17 12:00:00+09:00,637.0,639.0,635.0,637.0,376300,0.0,0.0
2023-04-17 13:00:00+09:00,637.0,641.0,637.0,638.0,74300,0.0,0.0
2023-04-17 14:00:00+09:00,639.0,643.0,637.0,640.0,150000,0.0,0.0
2023-04-18 09:00:00+09:00,640.0,645.0,640.0,645.0,70900,0.0,0.0
2023-04-18 10:00:00+09:00,644.0,648.0,644.0,647.0,68500,0.0,0.0
2023-04-18 11:00:00+09:00,647.0,648.0,647.0,648.0,0,0.0,0.0
2023-04-18 12:00:00+09:00,648.0,649.0,644.0,645.0,197700,0.0,0.0
2023-04-18 13:00:00+09:00,645.0,648.0,644.0,646.0,37400,0.0,0.0
2023-04-18 14:00:00+09:00,645.0,648.0,645.0,647.0,64600,0.0,0.0
2023-04-19 09:00:00+09:00,646.0,658.0,645.0,650.0,269400,0.0,0.0
2023-04-19 10:00:00+09:00,650.0,652.0,647.0,647.0,125600,0.0,0.0
2023-04-19 11:00:00+09:00,647.0,652.0,645.0,650.0,0,0.0,0.0
2023-04-19 12:00:00+09:00,651.0,655.0,650.0,655.0,576200,0.0,0.0
2023-04-19 13:00:00+09:00,654.0,656.0,653.0,656.0,98300,0.0,0.0
2023-04-19 14:00:00+09:00,656.0,670.0,656.0,670.0,330100,0.0,0.0
2023-04-20 09:00:00+09:00,670.0,682.0,666.0,676.0,346900,0.0,0.0
2023-04-20 10:00:00+09:00,676.0,679.0,673.0,678.0,107800,0.0,0.0
2023-04-20 11:00:00+09:00,678.0,679.0,675.0,675.0,0,0.0,0.0
2023-04-20 12:00:00+09:00,675.0,677.0,673.0,676.0,537300,0.0,0.0
2023-04-20 13:00:00+09:00,677.0,679.0,672.0,676.0,69900,0.0,0.0
2023-04-20 14:00:00+09:00,677.0,677.0,671.0,672.0,81100,0.0,0.0
2023-04-21 09:00:00+09:00,669.0,676.0,664.0,676.0,150700,0.0,0.0
2023-04-21 10:00:00+09:00,676.0,681.0,675.0,680.0,81500,0.0,0.0
2023-04-21 11:00:00+09:00,679.0,680.0,673.0,674.0,0,0.0,0.0
2023-04-21 12:00:00+09:00,674.0,675.0,668.0,670.0,358500,0.0,0.0
2023-04-21 13:00:00+09:00,670.0,670.0,667.0,669.0,76600,0.0,0.0
2023-04-21 14:00:00+09:00,669.0,671.0,666.0,667.0,117900,0.0,0.0
2023-04-24 09:00:00+09:00,670.0,676.0,668.0,675.0,93600,0.0,0.0
2023-04-24 10:00:00+09:00,675.0,680.0,675.0,677.0,57700,0.0,0.0
2023-04-24 11:00:00+09:00,677.0,679.0,676.0,679.0,0,0.0,0.0
2023-04-24 12:00:00+09:00,679.0,679.0,676.0,677.0,204500,0.0,0.0
2023-04-24 13:00:00+09:00,677.0,680.0,677.0,679.0,47100,0.0,0.0
2023-04-24 14:00:00+09:00,679.0,679.0,674.0,675.0,112000,0.0,0.0
2023-04-25 09:00:00+09:00,678.0,680.0,668.0,670.0,147400,0.0,0.0
2023-04-25 10:00:00+09:00,669.0,673.0,667.0,670.0,78000,0.0,0.0
2023-04-25 11:00:00+09:00,669.0,672.0,668.0,671.0,0,0.0,0.0
2023-04-25 12:00:00+09:00,672.0,672.0,667.0,670.0,298200,0.0,0.0
2023-04-25 13:00:00+09:00,671.0,671.0,667.0,668.0,24900,0.0,0.0
2023-04-25 14:00:00+09:00,667.0,668.0,666.0,667.0,58900,0.0,0.0
2023-04-26 09:00:00+09:00,663.0,665.0,658.0,663.0,100600,0.0,0.0
2023-04-26 10:00:00+09:00,662.0,665.0,658.0,664.0,90800,0.0,0.0
2023-04-26 11:00:00+09:00,664.0,667.0,662.0,666.0,0,0.0,0.0
2023-04-26 12:00:00+09:00,666.0,668.0,664.0,664.0,259400,0.0,0.0
2023-04-26 13:00:00+09:00,664.0,667.0,662.0,666.0,48600,0.0,0.0
2023-04-26 14:00:00+09:00,667.0,668.0,659.0,660.0,217500,0.0,0.0
2023-04-27 09:00:00+09:00,660.0,662.0,649.0,662.0,0,0.0,0.0
2023-04-27 10:00:00+09:00,662.0,662.0,654.0,655.0,303200,0.0,0.0
2023-04-27 11:00:00+09:00,655.0,655.0,650.0,650.0,0,0.0,0.0
2023-04-27 12:00:00+09:00,650.0,651.0,645.0,646.0,480200,0.0,0.0
2023-04-27 13:00:00+09:00,646.0,648.0,643.0,648.0,139700,0.0,0.0
2023-04-27 14:00:00+09:00,648.0,648.0,641.0,642.0,241200,0.0,0.0
2023-04-28 09:00:00+09:00,657.0,661.0,643.0,645.0,145600,0.0,0.0
2023-04-28 10:00:00+09:00,645.0,654.0,644.0,653.0,86400,0.0,0.0
2023-04-28 11:00:00+09:00,653.0,655.0,651.0,654.0,0,0.0,0.0
2023-04-28 12:00:00+09:00,652.0,653.0,649.0,649.0,283200,0.0,0.0
2023-04-28 13:00:00+09:00,649.0,654.0,648.0,649.0,79300,0.0,0.0
2023-04-28 14:00:00+09:00,649.0,653.0,647.0,653.0,100500,0.0,0.0
2023-05-01 09:00:00+09:00,658.0,659.0,646.0,655.0,205100,0.0,0.0
2023-05-01 10:00:00+09:00,655.0,658.0,655.0,656.0,63200,0.0,0.0
2023-05-01 11:00:00+09:00,656.0,657.0,655.0,655.0,0,0.0,0.0
2023-05-01 12:00:00+09:00,657.0,657.0,651.0,651.0,337400,0.0,0.0
2023-05-01 13:00:00+09:00,651.0,653.0,649.0,651.0,60300,0.0,0.0
2023-05-01 14:00:00+09:00,651.0,652.0,649.0,651.0,137500,0.0,0.0
2023-05-02 09:00:00+09:00,651.0,652.0,643.0,644.0,168700,0.0,0.0
2023-05-02 10:00:00+09:00,644.0,649.0,644.0,649.0,63400,0.0,0.0
2023-05-02 11:00:00+09:00,648.0,648.0,644.0,646.0,0,0.0,0.0
2023-05-02 12:00:00+09:00,644.0,653.0,644.0,653.0,345000,0.0,0.0
2023-05-02 13:00:00+09:00,652.0,661.0,652.0,661.0,119600,0.0,0.0
2023-05-02 14:00:00+09:00,660.0,663.0,658.0,661.0,203400,0.0,0.0
2023-05-08 09:00:00+09:00,662.0,664.0,649.0,651.0,176600,0.0,0.0
2023-05-08 10:00:00+09:00,652.0,655.0,649.0,650.0,93800,0.0,0.0
2023-05-08 11:00:00+09:00,650.0,651.0,647.0,648.0,0,0.0,0.0
2023-05-08 12:00:00+09:00,648.0,650.0,644.0,646.0,434900,0.0,0.0
2023-05-08 13:00:00+09:00,647.0,653.0,647.0,652.0,75800,0.0,0.0
2023-05-08 14:00:00+09:00,651.0,653.0,650.0,653.0,148800,0.0,0.0
2023-05-09 09:00:00+09:00,653.0,654.0,645.0,653.0,0,0.0,0.0
2023-05-09 10:00:00+09:00,654.0,654.0,646.0,647.0,199900,0.0,0.0
2023-05-09 11:00:00+09:00,646.0,647.0,645.0,646.0,0,0.0,0.0
2023-05-09 12:00:00+09:00,646.0,647.0,643.0,646.0,345400,0.0,0.0
2023-05-09 13:00:00+09:00,647.0,653.0,647.0,651.0,126900,0.0,0.0
2023-05-09 14:00:00+09:00,651.0,652.0,646.0,648.0,178200,0.0,0.0
2023-05-10 09:00:00+09:00,653.0,653.0,645.0,646.0,118400,0.0,0.0
2023-05-10 10:00:00+09:00,646.0,652.0,646.0,650.0,55900,0.0,0.0
2023-05-10 11:00:00+09:00,651.0,651.0,647.0,648.0,0,0.0,0.0
2023-05-10 12:00:00+09:00,651.0,651.0,648.0,648.0,273400,0.0,0.0
2023-05-10 13:00:00+09:00,648.0,654.0,648.0,654.0,108000,0.0,0.0
2023-05-10 14:00:00+09:00,654.0,656.0,652.0,656.0,107500,0.0,0.0
2023-05-11 09:00:00+09:00,650.0,654.0,636.0,638.0,304900,0.0,0.0
2023-05-11 10:00:00+09:00,637.0,638.0,631.0,632.0,129000,0.0,0.0
2023-05-11 11:00:00+09:00,631.0,634.0,630.0,632.0,0,0.0,0.0
2023-05-11 12:00:00+09:00,633.0,634.0,631.0,632.0,535900,0.0,0.0
2023-05-11 13:00:00+09:00,632.0,633.0,631.0,633.0,85100,0.0,0.0
2023-05-11 14:00:00+09:00,633.0,634.0,630.0,631.0,153600,0.0,0.0
2023-05-12 09:00:00+09:00,635.0,647.0,630.0,635.0,315000,0.0,0.0
2023-05-12 10:00:00+09:00,634.0,640.0,634.0,638.0,108600,0.0,0.0
2023-05-12 11:00:00+09:00,638.0,642.0,637.0,641.0,0,0.0,0.0
2023-05-12 12:00:00+09:00,641.0,642.0,638.0,640.0,576400,0.0,0.0
2023-05-12 13:00:00+09:00,640.0,642.0,639.0,641.0,94300,0.0,0.0
2023-05-12 14:00:00+09:00,640.0,643.0,639.0,642.0,184300,0.0,0.0
2023-05-15 09:00:00+09:00,660.0,692.0,660.0,686.0,1177100,0.0,0.0
2023-05-15 10:00:00+09:00,686.0,688.0,678.0,685.0,281600,0.0,0.0
2023-05-15 11:00:00+09:00,685.0,692.0,683.0,691.0,0,0.0,0.0
2023-05-15 12:00:00+09:00,691.0,697.0,687.0,691.0,1840800,0.0,0.0
2023-05-15 13:00:00+09:00,691.0,692.0,685.0,685.0,177000,0.0,0.0
2023-05-15 14:00:00+09:00,685.0,688.0,683.0,688.0,257000,0.0,0.0
2023-05-16 09:00:00+09:00,688.0,690.0,672.0,673.0,298900,0.0,0.0
2023-05-16 10:00:00+09:00,673.0,684.0,673.0,680.0,112900,0.0,0.0
2023-05-16 11:00:00+09:00,680.0,680.0,676.0,676.0,0,0.0,0.0
2023-05-16 12:00:00+09:00,676.0,677.0,668.0,672.0,600400,0.0,0.0
2023-05-16 13:00:00+09:00,672.0,673.0,667.0,668.0,136200,0.0,0.0
2023-05-16 14:00:00+09:00,667.0,672.0,665.0,670.0,151700,0.0,0.0
2023-05-17 09:00:00+09:00,664.0,667.0,651.0,656.0,214000,0.0,0.0
2023-05-17 10:00:00+09:00,656.0,657.0,652.0,652.0,93500,0.0,0.0
2023-05-17 11:00:00+09:00,652.0,654.0,651.0,653.0,0,0.0,0.0
2023-05-17 12:00:00+09:00,655.0,655.0,648.0,650.0,501100,0.0,0.0
2023-05-17 13:00:00+09:00,649.0,652.0,648.0,649.0,70200,0.0,0.0
2023-05-17 14:00:00+09:00,649.0,649.0,643.0,645.0,159700,0.0,0.0
2023-05-18 09:00:00+09:00,646.0,652.0,644.0,647.0,189800,0.0,0.0
2023-05-18 10:00:00+09:00,647.0,650.0,644.0,644.0,127200,0.0,0.0
2023-05-18 11:00:00+09:00,644.0,648.0,644.0,647.0,0,0.0,0.0
2023-05-18 12:00:00+09:00,649.0,649.0,645.0,648.0,387300,0.0,0.0
2023-05-18 13:00:00+09:00,648.0,649.0,645.0,645.0,82800,0.0,0.0
2023-05-18 14:00:00+09:00,645.0,646.0,643.0,644.0,128900,0.0,0.0
2023-05-19 09:00:00+09:00,643.0,651.0,641.0,643.0,212800,0.0,0.0
2023-05-19 10:00:00+09:00,643.0,644.0,639.0,639.0,168600,0.0,0.0
2023-05-19 11:00:00+09:00,639.0,647.0,639.0,645.0,0,0.0,0.0
2023-05-19 12:00:00+09:00,644.0,646.0,638.0,639.0,528900,0.0,0.0
2023-05-19 13:00:00+09:00,638.0,640.0,636.0,636.0,85900,0.0,0.0
2023-05-19 14:00:00+09:00,636.0,638.0,635.0,637.0,142200,0.0,0.0
2023-05-22 09:00:00+09:00,636.0,636.0,628.0,631.0,158500,0.0,0.0
2023-05-22 10:00:00+09:00,631.0,633.0,624.0,624.0,207600,0.0,0.0
2023-05-22 11:00:00+09:00,624.0,625.0,623.0,625.0,0,0.0,0.0
2023-05-22 12:00:00+09:00,625.0,626.0,624.0,625.0,463000,0.0,0.0
2023-05-22 13:00:00+09:00,625.0,633.0,625.0,631.0,76300,0.0,0.0
2023-05-22 14:00:00+09:00,631.0,634.0,631.0,633.0,135800,0.0,0.0
2023-05-23 09:00:00+09:00,633.0,636.0,628.0,629.0,188800,0.0,0.0
2023-05-23 10:00:00+09:00,630.0,632.0,628.0,630.0,101800,0.0,0.0
2023-05-23 11:00:00+09:00,629.0,630.0,627.0,628.0,0,0.0,0.0
2023-05-23 12:00:00+09:00,627.0,630.0,619.0,622.0,494800,0.0,0.0
2023-05-23 13:00:00+09:00,622.0,622.0,616.0,621.0,138100,0.0,0.0
2023-05-23 14:00:00+09:00,620.0,621.0,617.0,620.0,150100,0.0,0.0
2023-05-24 09:00:00+09:00,615.0,626.0,615.0,620.0,131300,0.0,0.0
2023-05-24 10:00:00+09:00,620.0,621.0,617.0,618.0,93300,0.0,0.0
2023-05-24 11:00:00+09:00,617.0,620.0,616.0,619.0,0,0.0,0.0
2023-05-24 12:00:00+09:00,617.0,618.0,616.0,616.0,357700,0.0,0.0
2023-05-24 13:00:00+09:00,617.0,618.0,615.0,615.0,54800,0.0,0.0
2023-05-24 14:00:00+09:00,615.0,615.0,610.0,612.0,199200,0.0,0.0
2023-05-25 09:00:00+09:00,603.0,604.0,598.0,604.0,226100,0.0,0.0
2023-05-25 10:00:00+09:00,604.0,605.0,600.0,603.0,72100,0.0,0.0
2023-05-25 11:00:00+09:00,603.0,607.0,603.0,606.0,0,0.0,0.0
2023-05-25 12:00:00+09:00,606.0,607.0,604.0,605.0,410600,0.0,0.0
2023-05-25 13:00:00+09:00,605.0,610.0,605.0,607.0,96100,0.0,0.0
2023-05-25 14:00:00+09:00,607.0,611.0,607.0,609.0,94500,0.0,0.0
2023-05-26 09:00:00+09:00,608.0,613.0,607.0,610.0,172800,0.0,0.0
2023-05-26 10:00:00+09:00,610.0,614.0,610.0,611.0,73600,0.0,0.0
2023-05-26 11:00:00+09:00,611.0,612.0,610.0,610.0,0,0.0,0.0
2023-05-26 12:00:00+09:00,611.0,611.0,607.0,608.0,344400,0.0,0.0
2023-05-26 13:00:00+09:00,607.0,608.0,603.0,603.0,69800,0.0,0.0
2023-05-26 14:00:00+09:00,603.0,605.0,602.0,604.0,74400,0.0,0.0
2023-05-29 09:00:00+09:00,613.0,613.0,606.0,613.0,143400,0.0,0.0
2023-05-29 10:00:00+09:00,613.0,618.0,612.0,618.0,60500,0.0,0.0
2023-05-29 11:00:00+09:00,617.0,618.0,613.0,615.0,0,0.0,0.0
2023-05-29 12:00:00+09:00,614.0,615.0,605.0,606.0,349300,0.0,0.0
2023-05-29 13:00:00+09:00,606.0,610.0,606.0,608.0,58100,0.0,0.0
2023-05-29 14:00:00+09:00,608.0,610.0,607.0,610.0,98800,0.0,0.0
2023-05-30 09:00:00+09:00,609.0,613.0,601.0,602.0,149100,0.0,0.0
2023-05-30 10:00:00+09:00,602.0,602.0,598.0,598.0,126600,0.0,0.0
2023-05-30 11:00:00+09:00,599.0,601.0,598.0,600.0,0,0.0,0.0
2023-05-30 12:00:00+09:00,599.0,600.0,596.0,600.0,439700,0.0,0.0
2023-05-30 13:00:00+09:00,600.0,604.0,599.0,603.0,83600,0.0,0.0
2023-05-30 14:00:00+09:00,603.0,605.0,602.0,605.0,99600,0.0,0.0
2023-05-31 09:00:00+09:00,598.0,599.0,590.0,595.0,274400,0.0,0.0
2023-05-31 10:00:00+09:00,594.0,595.0,592.0,594.0,71400,0.0,0.0
2023-05-31 11:00:00+09:00,593.0,593.0,591.0,591.0,0,0.0,0.0
2023-05-31 12:00:00+09:00,591.0,594.0,591.0,593.0,468000,0.0,0.0
2023-05-31 13:00:00+09:00,593.0,594.0,590.0,592.0,102800,0.0,0.0
2023-05-31 14:00:00+09:00,592.0,593.0,588.0,588.0,191100,0.0,0.0
2023-06-01 09:00:00+09:00,584.0,592.0,582.0,587.0,178000,0.0,0.0
2023-06-01 10:00:00+09:00,587.0,590.0,584.0,586.0,0,0.0,0.0
2023-06-01 11:00:00+09:00,586.0,586.0,583.0,583.0,0,0.0,0.0
2023-06-01 12:00:00+09:00,583.0,586.0,583.0,585.0,343700,0.0,0.0
2023-06-01 13:00:00+09:00,585.0,586.0,583.0,585.0,84500,0.0,0.0
2023-06-01 14:00:00+09:00,585.0,587.0,585.0,585.0,94400,0.0,0.0
2023-06-02 09:00:00+09:00,585.0,592.0,582.0,586.0,165300,0.0,0.0
2023-06-02 10:00:00+09:00,586.0,593.0,586.0,593.0,49800,0.0,0.0
2023-06-02 11:00:00+09:00,593.0,593.0,591.0,591.0,0,0.0,0.0
2023-06-02 12:00:00+09:00,593.0,593.0,590.0,592.0,317300,0.0,0.0
2023-06-02 13:00:00+09:00,592.0,594.0,587.0,587.0,93800,0.0,0.0
2023-06-02 14:00:00+09:00,587.0,591.0,587.0,590.0,154900,0.0,0.0
2023-06-05 09:00:00+09:00,601.0,603.0,597.0,600.0,215800,0.0,0.0
2023-06-05 10:00:00+09:00,600.0,600.0,594.0,594.0,123300,0.0,0.0
2023-06-05 11:00:00+09:00,595.0,596.0,593.0,594.0,0,0.0,0.0
2023-06-05 12:00:00+09:00,593.0,595.0,590.0,593.0,494000,0.0,0.0
2023-06-05 13:00:00+09:00,593.0,595.0,592.0,595.0,92100,0.0,0.0
2023-06-05 14:00:00+09:00,595.0,596.0,593.0,593.0,156400,0.0,0.0
2023-06-06 09:00:00+09:00,589.0,589.0,579.0,584.0,352200,0.0,0.0
2023-06-06 10:00:00+09:00,584.0,586.0,582.0,583.0,84400,0.0,0.0
2023-06-06 11:00:00+09:00,583.0,583.0,581.0,582.0,0,0.0,0.0
2023-06-06 12:00:00+09:00,581.0,585.0,578.0,585.0,715200,0.0,0.0
2023-06-06 13:00:00+09:00,585.0,586.0,582.0,585.0,180300,0.0,0.0
2023-06-06 14:00:00+09:00,585.0,586.0,582.0,584.0,182300,0.0,0.0
2023-06-07 09:00:00+09:00,589.0,599.0,587.0,591.0,398400,0.0,0.0
2023-06-07 10:00:00+09:00,591.0,591.0,583.0,590.0,172900,0.0,0.0
2023-06-07 11:00:00+09:00,589.0,590.0,587.0,590.0,0,0.0,0.0
2023-06-07 12:00:00+09:00,591.0,594.0,590.0,594.0,734800,0.0,0.0
2023-06-07 13:00:00+09:00,595.0,597.0,590.0,596.0,215500,0.0,0.0
2023-06-07 14:00:00+09:00,596.0,597.0,592.0,593.0,178300,0.0,0.0
2023-06-08 09:00:00+09:00,597.0,598.0,589.0,594.0,172800,0.0,0.0
2023-06-08 10:00:00+09:00,594.0,597.0,591.0,592.0,76800,0.0,0.0
2023-06-08 11:00:00+09:00,592.0,594.0,592.0,592.0,0,0.0,0.0
2023-06-08 12:00:00+09:00,591.0,591.0,584.0,587.0,441900,0.0,0.0
2023-06-08 13:00:00+09:00,586.0,586.0,582.0,583.0,132800,0.0,0.0
2023-06-08 14:00:00+09:00,583.0,588.0,581.0,587.0,146200,0.0,0.0
2023-06-09 09:00:00+09:00,590.0,590.0,585.0,587.0,260400,0.0,0.0
2023-06-09 10:00:00+09:00,588.0,588.0,584.0,585.0,63200,0.0,0.0
2023-06-09 11:00:00+09:00,585.0,586.0,583.0,586.0,0,0.0,0.0
2023-06-09 12:00:00+09:00,587.0,588.0,584.0,584.0,420400,0.0,0.0
2023-06-09 13:00:00+09:00,584.0,586.0,584.0,585.0,40000,0.0,0.0
2023-06-09 14:00:00+09:00,585.0,586.0,583.0,585.0,147200,0.0,0.0
2023-06-12 09:00:00+09:00,589.0,593.0,586.0,592.0,246700,0.0,0.0
2023-06-12 10:00:00+09:00,592.0,594.0,592.0,592.0,90800,0.0,0.0
2023-06-12 11:00:00+09:00,593.0,598.0,593.0,597.0,0,0.0,0.0
2023-06-12 12:00:00+09:00,598.0,605.0,596.0,603.0,730400,0.0,0.0
2023-06-12 13:00:00+09:00,603.0,604.0,601.0,603.0,102000,0.0,0.0
2023-06-12 14:00:00+09:00,603.0,606.0,602.0,606.0,227700,0.0,0.0
2023-06-13 09:00:00+09:00,610.0,610.0,602.0,602.0,252800,0.0,0.0
2023-06-13 10:00:00+09:00,602.0,604.0,600.0,603.0,169500,0.0,0.0
2023-06-13 11:00:00+09:00,604.0,605.0,602.0,605.0,0,0.0,0.0
2023-06-13 12:00:00+09:00,603.0,605.0,603.0,604.0,549900,0.0,0.0
2023-06-13 13:00:00+09:00,603.0,603.0,600.0,600.0,91700,0.0,0.0
2023-06-13 14:00:00+09:00,601.0,602.0,599.0,600.0,119200,0.0,0.0
2023-06-14 09:00:00+09:00,608.0,613.0,603.0,605.0,291000,0.0,0.0
2023-06-14 10:00:00+09:00,606.0,609.0,604.0,606.0,111200,0.0,0.0
2023-06-14 11:00:00+09:00,607.0,610.0,605.0,610.0,0,0.0,0.0
2023-06-14 12:00:00+09:00,609.0,621.0,607.0,620.0,776900,0.0,0.0
2023-06-14 13:00:00+09:00,620.0,624.0,620.0,624.0,245900,0.0,0.0
2023-06-14 14:00:00+09:00,624.0,631.0,623.0,629.0,346400,0.0,0.0
2023-06-15 09:00:00+09:00,630.0,630.0,618.0,624.0,314100,0.0,0.0
2023-06-15 10:00:00+09:00,624.0,634.0,624.0,631.0,262000,0.0,0.0
2023-06-15 11:00:00+09:00,631.0,636.0,631.0,636.0,0,0.0,0.0
2023-06-15 12:00:00+09:00,635.0,640.0,634.0,639.0,878900,0.0,0.0
2023-06-15 13:00:00+09:00,639.0,641.0,634.0,636.0,164800,0.0,0.0
2023-06-15 14:00:00+09:00,635.0,635.0,628.0,629.0,175700,0.0,0.0
2023-06-16 09:00:00+09:00,628.0,628.0,619.0,619.0,249700,0.0,0.0
2023-06-16 10:00:00+09:00,620.0,620.0,615.0,619.0,122500,0.0,0.0
2023-06-16 11:00:00+09:00,620.0,623.0,620.0,622.0,0,0.0,0.0
2023-06-16 12:00:00+09:00,623.0,627.0,623.0,624.0,478700,0.0,0.0
2023-06-16 13:00:00+09:00,624.0,624.0,622.0,622.0,47100,0.0,0.0
2023-06-16 14:00:00+09:00,622.0,627.0,622.0,626.0,180000,0.0,0.0
2023-06-19 09:00:00+09:00,632.0,633.0,626.0,628.0,191500,0.0,0.0
2023-06-19 10:00:00+09:00,629.0,630.0,625.0,626.0,83000,0.0,0.0
2023-06-19 11:00:00+09:00,626.0,626.0,623.0,626.0,0,0.0,0.0
2023-06-19 12:00:00+09:00,626.0,626.0,620.0,623.0,480000,0.0,0.0
2023-06-19 13:00:00+09:00,622.0,624.0,621.0,624.0,74800,0.0,0.0
2023-06-19 14:00:00+09:00,624.0,626.0,623.0,626.0,85600,0.0,0.0
2023-06-20 09:00:00+09:00,625.0,629.0,617.0,628.0,250300,0.0,0.0
2023-06-20 10:00:00+09:00,627.0,635.0,627.0,631.0,184500,0.0,0.0
2023-06-20 11:00:00+09:00,631.0,633.0,628.0,630.0,0,0.0,0.0
2023-06-20 12:00:00+09:00,630.0,633.0,628.0,631.0,555800,0.0,0.0
2023-06-20 13:00:00+09:00,631.0,632.0,629.0,631.0,69200,0.0,0.0
2023-06-20 14:00:00+09:00,631.0,631.0,627.0,629.0,87200,0.0,0.0
2023-06-21 09:00:00+09:00,625.0,626.0,621.0,625.0,83500,0.0,0.0
2023-06-21 10:00:00+09:00,626.0,627.0,625.0,626.0,56100,0.0,0.0
2023-06-21 11:00:00+09:00,626.0,630.0,626.0,629.0,0,0.0,0.0
2023-06-21 12:00:00+09:00,629.0,629.0,623.0,628.0,209300,0.0,0.0
2023-06-21 13:00:00+09:00,628.0,629.0,627.0,627.0,48100,0.0,0.0
2023-06-21 14:00:00+09:00,628.0,630.0,626.0,629.0,86200,0.0,0.0
2023-06-22 09:00:00+09:00,631.0,649.0,631.0,646.0,327600,0.0,0.0
2023-06-22 10:00:00+09:00,645.0,648.0,644.0,648.0,187800,0.0,0.0
2023-06-22 11:00:00+09:00,648.0,649.0,646.0,648.0,0,0.0,0.0
2023-06-22 12:00:00+09:00,648.0,648.0,643.0,645.0,649800,0.0,0.0
2023-06-22 13:00:00+09:00,644.0,645.0,640.0,644.0,107300,0.0,0.0
2023-06-22 14:00:00+09:00,644.0,645.0,639.0,642.0,118500,0.0,0.0
2023-06-23 09:00:00+09:00,638.0,652.0,638.0,644.0,246000,0.0,0.0
2023-06-23 10:00:00+09:00,643.0,643.0,627.0,632.0,191600,0.0,0.0
2023-06-23 11:00:00+09:00,633.0,633.0,630.0,630.0,0,0.0,0.0
2023-06-23 12:00:00+09:00,631.0,634.0,628.0,633.0,576900,0.0,0.0
2023-06-23 13:00:00+09:00,633.0,634.0,630.0,632.0,90900,0.0,0.0
2023-06-23 14:00:00+09:00,632.0,634.0,631.0,633.0,97400,0.0,0.0
2023-06-26 09:00:00+09:00,630.0,634.0,608.0,625.0,569300,0.0,0.0
2023-06-26 10:00:00+09:00,624.0,633.0,621.0,632.0,144800,0.0,0.0
2023-06-26 11:00:00+09:00,632.0,636.0,631.0,634.0,0,0.0,0.0
2023-06-26 12:00:00+09:00,635.0,636.0,630.0,632.0,817300,0.0,0.0
2023-06-26 13:00:00+09:00,632.0,634.0,631.0,633.0,99400,0.0,0.0
2023-06-26 14:00:00+09:00,632.0,635.0,631.0,633.0,122600,0.0,0.0
2023-06-27 09:00:00+09:00,640.0,644.0,634.0,637.0,303200,0.0,0.0
2023-06-27 10:00:00+09:00,637.0,637.0,630.0,633.0,126800,0.0,0.0
2023-06-27 11:00:00+09:00,633.0,633.0,631.0,632.0,0,0.0,0.0
2023-06-27 12:00:00+09:00,631.0,632.0,626.0,627.0,558100,0.0,0.0
2023-06-27 13:00:00+09:00,628.0,632.0,627.0,631.0,71300,0.0,0.0
2023-06-27 14:00:00+09:00,631.0,631.0,628.0,630.0,83900,0.0,0.0
2023-06-28 09:00:00+09:00,640.0,652.0,640.0,643.0,315800,0.0,0.0
2023-06-28 10:00:00+09:00,643.0,688.0,642.0,674.0,1308000,0.0,0.0
2023-06-28 11:00:00+09:00,674.0,683.0,671.0,681.0,0,0.0,0.0
2023-06-28 12:00:00+09:00,682.0,697.0,682.0,696.0,2661600,0.0,0.0
2023-06-28 13:00:00+09:00,696.0,697.0,676.0,679.0,677900,0.0,0.0
2023-06-28 14:00:00+09:00,680.0,683.0,676.0,679.0,413900,0.0,0.0
2023-06-29 09:00:00+09:00,677.0,686.0,675.0,679.0,351200,0.0,0.0
2023-06-29 10:00:00+09:00,680.0,689.0,679.0,680.0,217700,0.0,0.0
2023-06-29 11:00:00+09:00,681.0,687.0,677.0,687.0,0,0.0,0.0
2023-06-29 12:00:00+09:00,688.0,692.0,684.0,690.0,1007600,0.0,0.0
2023-06-29 13:00:00+09:00,690.0,695.0,689.0,693.0,275400,0.0,0.0
2023-06-29 14:00:00+09:00,694.0,694.0,688.0,690.0,206300,0.0,0.0
2023-06-30 09:00:00+09:00,691.0,692.0,680.0,680.0,228500,0.0,0.0
2023-06-30 10:00:00+09:00,680.0,681.0,674.0,678.0,244900,0.0,0.0
2023-06-30 11:00:00+09:00,678.0,678.0,672.0,673.0,0,0.0,0.0
2023-06-30 12:00:00+09:00,672.0,678.0,672.0,674.0,686200,0.0,0.0
2023-06-30 13:00:00+09:00,674.0,676.0,671.0,672.0,165600,0.0,0.0
2023-06-30 14:00:00+09:00,672.0,675.0,670.0,672.0,191200,0.0,0.0
2023-07-03 09:00:00+09:00,675.0,683.0,673.0,681.0,196400,0.0,0.0
2023-07-03 10:00:00+09:00,681.0,688.0,680.0,687.0,224100,0.0,0.0
2023-07-03 11:00:00+09:00,687.0,690.0,687.0,688.0,0,0.0,0.0
2023-07-03 12:00:00+09:00,687.0,689.0,684.0,687.0,610500,0.0,0.0
2023-07-03 13:00:00+09:00,687.0,687.0,676.0,681.0,194400,0.0,0.0
2023-07-03 14:00:00+09:00,681.0,683.0,679.0,683.0,76300,0.0,0.0
2023-07-04 09:00:00+09:00,686.0,689.0,671.0,674.0,206700,0.0,0.0
2023-07-04 10:00:00+09:00,673.0,678.0,673.0,674.0,78900,0.0,0.0
2023-07-04 11:00:00+09:00,674.0,676.0,672.0,676.0,0,0.0,0.0
2023-07-04 12:00:00+09:00,673.0,677.0,673.0,675.0,346100,0.0,0.0
2023-07-04 13:00:00+09:00,675.0,679.0,674.0,676.0,54800,0.0,0.0
2023-07-04 14:00:00+09:00,677.0,678.0,675.0,675.0,62300,0.0,0.0
2023-07-05 09:00:00+09:00,671.0,683.0,670.0,675.0,289500,0.0,0.0
2023-07-05 10:00:00+09:00,674.0,678.0,673.0,674.0,69900,0.0,0.0
2023-07-05 11:00:00+09:00,673.0,673.0,667.0,667.0,0,0.0,0.0
2023-07-05 12:00:00+09:00,667.0,675.0,667.0,673.0,595700,0.0,0.0
2023-07-05 13:00:00+09:00,673.0,673.0,667.0,667.0,59600,0.0,0.0
2023-07-05 14:00:00+09:00,666.0,668.0,664.0,666.0,191700,0.0,0.0
2023-07-06 09:00:00+09:00,657.0,664.0,654.0,663.0,257200,0.0,0.0
2023-07-06 10:00:00+09:00,663.0,665.0,661.0,663.0,65700,0.0,0.0
2023-07-06 11:00:00+09:00,665.0,665.0,660.0,662.0,0,0.0,0.0
2023-07-06 12:00:00+09:00,658.0,660.0,654.0,655.0,516800,0.0,0.0
2023-07-06 13:00:00+09:00,654.0,659.0,654.0,659.0,79200,0.0,0.0
2023-07-06 14:00:00+09:00,659.0,659.0,654.0,656.0,73300,0.0,0.0
2023-07-07 09:00:00+09:00,648.0,649.0,637.0,648.0,372000,0.0,0.0
2023-07-07 10:00:00+09:00,648.0,653.0,647.0,650.0,109600,0.0,0.0
2023-07-07 11:00:00+09:00,650.0,652.0,649.0,652.0,0,0.0,0.0
2023-07-07 12:00:00+09:00,651.0,652.0,647.0,648.0,570800,0.0,0.0
2023-07-07 13:00:00+09:00,648.0,650.0,647.0,648.0,54200,0.0,0.0
2023-07-07 14:00:00+09:00,647.0,649.0,644.0,644.0,125600,0.0,0.0
2023-07-10 09:00:00+09:00,650.0,653.0,643.0,644.0,140100,0.0,0.0
2023-07-10 10:00:00+09:00,645.0,646.0,639.0,641.0,125900,0.0,0.0
2023-07-10 11:00:00+09:00,641.0,642.0,639.0,639.0,0,0.0,0.0
2023-07-10 12:00:00+09:00,639.0,639.0,634.0,638.0,378500,0.0,0.0
2023-07-10 13:00:00+09:00,638.0,641.0,637.0,640.0,78200,0.0,0.0
2023-07-10 14:00:00+09:00,641.0,642.0,635.0,636.0,107400,0.0,0.0
2023-07-11 09:00:00+09:00,636.0,641.0,634.0,640.0,118200,0.0,0.0
2023-07-11 10:00:00+09:00,640.0,640.0,636.0,636.0,46900,0.0,0.0
2023-07-11 11:00:00+09:00,635.0,636.0,633.0,633.0,0,0.0,0.0
2023-07-11 12:00:00+09:00,634.0,636.0,633.0,633.0,272200,0.0,0.0
2023-07-11 13:00:00+09:00,633.0,633.0,627.0,628.0,184800,0.0,0.0
2023-07-11 14:00:00+09:00,628.0,630.0,625.0,625.0,154400,0.0,0.0
2023-07-12 09:00:00+09:00,630.0,630.0,613.0,619.0,266500,0.0,0.0
2023-07-12 10:00:00+09:00,618.0,621.0,615.0,619.0,99200,0.0,0.0
2023-07-12 11:00:00+09:00,619.0,625.0,619.0,622.0,0,0.0,0.0
2023-07-12 12:00:00+09:00,622.0,625.0,620.0,625.0,464300,0.0,0.0
2023-07-12 13:00:00+09:00,625.0,625.0,620.0,620.0,70500,0.0,0.0
2023-07-12 14:00:00+09:00,621.0,622.0,619.0,619.0,80200,0.0,0.0
2023-07-13 09:00:00+09:00,620.0,622.0,614.0,620.0,173000,0.0,0.0
2023-07-13 10:00:00+09:00,620.0,621.0,617.0,618.0,85300,0.0,0.0
2023-07-13 11:00:00+09:00,619.0,619.0,617.0,617.0,0,0.0,0.0
2023-07-13 12:00:00+09:00,615.0,621.0,615.0,621.0,396300,0.0,0.0
2023-07-13 13:00:00+09:00,620.0,620.0,616.0,616.0,71700,0.0,0.0
2023-07-13 14:00:00+09:00,616.0,618.0,615.0,617.0,104000,0.0,0.0
2023-07-14 09:00:00+09:00,613.0,616.0,604.0,604.0,304900,0.0,0.0
2023-07-14 10:00:00+09:00,604.0,607.0,602.0,606.0,160700,0.0,0.0
2023-07-14 11:00:00+09:00,606.0,607.0,605.0,606.0,0,0.0,0.0
2023-07-14 12:00:00+09:00,606.0,611.0,606.0,611.0,618700,0.0,0.0
2023-07-14 13:00:00+09:00,611.0,611.0,607.0,608.0,94600,0.0,0.0
2023-07-14 14:00:00+09:00,608.0,613.0,608.0,612.0,122800,0.0,0.0
2023-07-18 09:00:00+09:00,618.0,621.0,610.0,619.0,176300,0.0,0.0
2023-07-18 10:00:00+09:00,618.0,622.0,617.0,620.0,92700,0.0,0.0
2023-07-18 11:00:00+09:00,619.0,619.0,614.0,615.0,0,0.0,0.0
2023-07-18 12:00:00+09:00,615.0,617.0,614.0,615.0,350500,0.0,0.0
2023-07-18 13:00:00+09:00,615.0,618.0,614.0,617.0,70400,0.0,0.0
2023-07-18 14:00:00+09:00,616.0,619.0,615.0,619.0,73200,0.0,0.0
2023-07-19 09:00:00+09:00,625.0,629.0,624.0,626.0,145600,0.0,0.0
2023-07-19 10:00:00+09:00,625.0,626.0,623.0,626.0,82000,0.0,0.0
2023-07-19 11:00:00+09:00,625.0,627.0,625.0,627.0,0,0.0,0.0
2023-07-19 12:00:00+09:00,625.0,626.0,622.0,623.0,281000,0.0,0.0
2023-07-19 13:00:00+09:00,623.0,625.0,622.0,624.0,58000,0.0,0.0
2023-07-19 14:00:00+09:00,624.0,629.0,624.0,629.0,104200,0.0,0.0
2023-07-20 09:00:00+09:00,631.0,637.0,628.0,630.0,155400,0.0,0.0
2023-07-20 10:00:00+09:00,629.0,629.0,626.0,627.0,38200,0.0,0.0
2023-07-20 11:00:00+09:00,628.0,628.0,627.0,628.0,0,0.0,0.0
2023-07-20 12:00:00+09:00,627.0,629.0,627.0,629.0,225600,0.0,0.0
2023-07-20 13:00:00+09:00,628.0,629.0,627.0,627.0,19700,0.0,0.0
2023-07-20 14:00:00+09:00,627.0,627.0,624.0,625.0,105100,0.0,0.0
2023-07-21 09:00:00+09:00,623.0,626.0,616.0,624.0,177500,0.0,0.0
2023-07-21 10:00:00+09:00,624.0,627.0,623.0,624.0,52700,0.0,0.0
2023-07-21 11:00:00+09:00,625.0,627.0,624.0,627.0,0,0.0,0.0
2023-07-21 12:00:00+09:00,627.0,628.0,623.0,626.0,303700,0.0,0.0
2023-07-21 13:00:00+09:00,625.0,625.0,623.0,625.0,38400,0.0,0.0
2023-07-21 14:00:00+09:00,625.0,626.0,622.0,625.0,148200,0.0,0.0
2023-07-24 09:00:00+09:00,627.0,633.0,622.0,632.0,180400,0.0,0.0
2023-07-24 10:00:00+09:00,632.0,633.0,627.0,629.0,81100,0.0,0.0
2023-07-24 11:00:00+09:00,629.0,631.0,628.0,630.0,0,0.0,0.0
2023-07-24 12:00:00+09:00,630.0,631.0,627.0,628.0,326200,0.0,0.0
2023-07-24 13:00:00+09:00,628.0,628.0,626.0,627.0,33200,0.0,0.0
2023-07-24 14:00:00+09:00,628.0,629.0,625.0,627.0,65800,0.0,0.0
2023-07-25 09:00:00+09:00,629.0,631.0,626.0,629.0,97400,0.0,0.0
2023-07-25 10:00:00+09:00,629.0,631.0,628.0,630.0,47700,0.0,0.0
2023-07-25 11:00:00+09:00,630.0,631.0,629.0,631.0,0,0.0,0.0
2023-07-25 12:00:00+09:00,631.0,636.0,631.0,635.0,298800,0.0,0.0
2023-07-25 13:00:00+09:00,635.0,642.0,633.0,641.0,153500,0.0,0.0
2023-07-25 14:00:00+09:00,641.0,648.0,641.0,647.0,281200,0.0,0.0
2023-07-26 09:00:00+09:00,654.0,656.0,648.0,653.0,293700,0.0,0.0
2023-07-26 10:00:00+09:00,652.0,659.0,652.0,658.0,163000,0.0,0.0
2023-07-26 11:00:00+09:00,658.0,661.0,658.0,660.0,0,0.0,0.0
2023-07-26 12:00:00+09:00,660.0,662.0,657.0,659.0,650300,0.0,0.0
2023-07-26 13:00:00+09:00,660.0,661.0,656.0,656.0,84900,0.0,0.0
2023-07-26 14:00:00+09:00,657.0,660.0,655.0,659.0,111500,0.0,0.0
2023-07-27 09:00:00+09:00,658.0,674.0,654.0,670.0,374000,0.0,0.0
2023-07-27 10:00:00+09:00,671.0,672.0,667.0,668.0,157400,0.0,0.0
2023-07-27 11:00:00+09:00,668.0,669.0,668.0,669.0,0,0.0,0.0
2023-07-27 12:00:00+09:00,668.0,671.0,666.0,666.0,734900,0.0,0.0
2023-07-27 13:00:00+09:00,666.0,667.0,662.0,664.0,147300,0.0,0.0
2023-07-27 14:00:00+09:00,663.0,667.0,663.0,666.0,127400,0.0,0.0
2023-07-28 09:00:00+09:00,658.0,663.0,655.0,658.0,169400,0.0,0.0
2023-07-28 10:00:00+09:00,658.0,659.0,649.0,650.0,150500,0.0,0.0
2023-07-28 11:00:00+09:00,651.0,651.0,649.0,650.0,0,0.0,0.0
2023-07-28 12:00:00+09:00,649.0,657.0,644.0,644.0,515000,0.0,0.0
2023-07-28 13:00:00+09:00,645.0,646.0,633.0,636.0,377500,0.0,0.0
2023-07-28 14:00:00+09:00,636.0,648.0,635.0,648.0,333700,0.0,0.0
2023-07-31 09:00:00+09:00,655.0,660.0,648.0,650.0,249100,0.0,0.0
2023-07-31 10:00:00+09:00,649.0,654.0,649.0,651.0,137400,0.0,0.0
2023-07-31 11:00:00+09:00,651.0,653.0,650.0,650.0,0,0.0,0.0
2023-07-31 12:00:00+09:00,649.0,650.0,647.0,649.0,529400,0.0,0.0
2023-07-31 13:00:00+09:00,649.0,649.0,645.0,647.0,123200,0.0,0.0
2023-07-31 14:00:00+09:00,646.0,649.0,646.0,646.0,131800,0.0,0.0
2023-08-01 09:00:00+09:00,645.0,646.0,638.0,641.0,176500,0.0,0.0
2023-08-01 10:00:00+09:00,641.0,648.0,640.0,646.0,71800,0.0,0.0
2023-08-01 11:00:00+09:00,645.0,650.0,645.0,649.0,0,0.0,0.0
2023-08-01 12:00:00+09:00,648.0,656.0,647.0,656.0,396100,0.0,0.0
2023-08-01 13:00:00+09:00,655.0,657.0,652.0,653.0,82600,0.0,0.0
2023-08-01 14:00:00+09:00,652.0,655.0,652.0,654.0,68900,0.0,0.0
2023-08-02 09:00:00+09:00,648.0,650.0,640.0,650.0,209000,0.0,0.0
2023-08-02 10:00:00+09:00,650.0,651.0,646.0,649.0,67500,0.0,0.0
2023-08-02 11:00:00+09:00,650.0,650.0,645.0,645.0,0,0.0,0.0
2023-08-02 12:00:00+09:00,644.0,644.0,640.0,641.0,384300,0.0,0.0
2023-08-02 13:00:00+09:00,641.0,642.0,638.0,638.0,131400,0.0,0.0
2023-08-02 14:00:00+09:00,638.0,638.0,634.0,634.0,187900,0.0,0.0
2023-08-03 09:00:00+09:00,627.0,627.0,622.0,625.0,313100,0.0,0.0
2023-08-03 10:00:00+09:00,625.0,625.0,619.0,620.0,117900,0.0,0.0
2023-08-03 11:00:00+09:00,620.0,621.0,618.0,620.0,0,0.0,0.0
2023-08-03 12:00:00+09:00,617.0,625.0,617.0,623.0,563300,0.0,0.0
2023-08-03 13:00:00+09:00,624.0,626.0,617.0,618.0,131500,0.0,0.0
2023-08-03 14:00:00+09:00,619.0,621.0,615.0,615.0,128800,0.0,0.0
2023-08-04 09:00:00+09:00,610.0,621.0,608.0,621.0,152000,0.0,0.0
2023-08-04 10:00:00+09:00,620.0,620.0,617.0,618.0,42500,0.0,0.0
2023-08-04 11:00:00+09:00,617.0,619.0,616.0,619.0,0,0.0,0.0
2023-08-04 12:00:00+09:00,619.0,622.0,619.0,622.0,257100,0.0,0.0
2023-08-04 13:00:00+09:00,622.0,626.0,621.0,625.0,41000,0.0,0.0
2023-08-04 14:00:00+09:00,625.0,626.0,622.0,623.0,79600,0.0,0.0
2023-08-07 09:00:00+09:00,615.0,618.0,612.0,616.0,157200,0.0,0.0
2023-08-07 10:00:00+09:00,616.0,619.0,616.0,619.0,65100,0.0,0.0
2023-08-07 11:00:00+09:00,619.0,620.0,618.0,618.0,0,0.0,0.0
2023-08-07 12:00:00+09:00,619.0,620.0,617.0,620.0,288300,0.0,0.0
2023-08-07 13:00:00+09:00,620.0,621.0,617.0,618.0,36100,0.0,0.0
2023-08-07 14:00:00+09:00,618.0,622.0,615.0,620.0,121400,0.0,0.0
2023-08-08 09:00:00+09:00,625.0,631.0,625.0,628.0,164800,0.0,0.0
2023-08-08 10:00:00+09:00,628.0,628.0,624.0,624.0,65500,0.0,0.0
2023-08-08 11:00:00+09:00,624.0,625.0,623.0,625.0,0,0.0,0.0
2023-08-08 12:00:00+09:00,626.0,626.0,623.0,624.0,277600,0.0,0.0
2023-08-08 13:00:00+09:00,624.0,626.0,624.0,624.0,42500,0.0,0.0
2023-08-08 14:00:00+09:00,624.0,625.0,620.0,620.0,88500,0.0,0.0
2023-08-09 09:00:00+09:00,624.0,627.0,620.0,627.0,253300,0.0,0.0
2023-08-09 10:00:00+09:00,627.0,633.0,625.0,626.0,193000,0.0,0.0
2023-08-09 11:00:00+09:00,626.0,629.0,624.0,627.0,0,0.0,0.0
2023-08-09 12:00:00+09:00,628.0,628.0,625.0,626.0,673600,0.0,0.0
2023-08-09 13:00:00+09:00,627.0,629.0,625.0,628.0,132300,0.0,0.0
2023-08-09 14:00:00+09:00,628.0,640.0,628.0,639.0,317900,0.0,0.0
2023-08-10 09:00:00+09:00,739.0,739.0,735.0,739.0,2193000,0.0,0.0
2023-08-10 10:00:00+09:00,739.0,739.0,739.0,739.0,111700,0.0,0.0
2023-08-10 11:00:00+09:00,739.0,739.0,739.0,739.0,0,0.0,0.0
2023-08-14 09:00:00+09:00,756.0,857.0,735.0,857.0,4998700,0.0,0.0
2023-08-14 10:00:00+09:00,856.0,858.0,815.0,820.0,2285300,0.0,0.0
2023-08-14 11:00:00+09:00,820.0,823.0,809.0,819.0,0,0.0,0.0
2023-08-14 12:00:00+09:00,819.0,830.0,808.0,823.0,8414600,0.0,0.0
2023-08-14 13:00:00+09:00,822.0,824.0,807.0,809.0,587000,0.0,0.0
2023-08-14 14:00:00+09:00,810.0,826.0,808.0,818.0,636400,0.0,0.0
2023-08-15 09:00:00+09:00,805.0,821.0,777.0,806.0,1618000,0.0,0.0
2023-08-15 10:00:00+09:00,806.0,823.0,805.0,814.0,531600,0.0,0.0
2023-08-15 11:00:00+09:00,815.0,821.0,813.0,816.0,0,0.0,0.0
2023-08-15 12:00:00+09:00,814.0,816.0,802.0,806.0,2629000,0.0,0.0
2023-08-15 13:00:00+09:00,806.0,814.0,805.0,810.0,524300,0.0,0.0
2023-08-15 14:00:00+09:00,810.0,817.0,805.0,806.0,422600,0.0,0.0
2023-08-16 09:00:00+09:00,798.0,803.0,758.0,761.0,1423100,0.0,0.0
2023-08-16 10:00:00+09:00,761.0,767.0,755.0,762.0,485900,0.0,0.0
2023-08-16 11:00:00+09:00,761.0,765.0,760.0,765.0,0,0.0,0.0
2023-08-16 12:00:00+09:00,764.0,769.0,763.0,766.0,2143500,0.0,0.0
2023-08-16 13:00:00+09:00,766.0,770.0,759.0,760.0,228100,0.0,0.0
2023-08-16 14:00:00+09:00,760.0,764.0,756.0,757.0,330000,0.0,0.0
2023-08-17 09:00:00+09:00,751.0,756.0,736.0,741.0,630200,0.0,0.0
2023-08-17 10:00:00+09:00,741.0,748.0,738.0,748.0,238300,0.0,0.0
2023-08-17 11:00:00+09:00,748.0,755.0,747.0,750.0,0,0.0,0.0
2023-08-17 12:00:00+09:00,752.0,762.0,752.0,762.0,1220000,0.0,0.0
2023-08-17 13:00:00+09:00,761.0,768.0,760.0,766.0,191700,0.0,0.0
2023-08-17 14:00:00+09:00,766.0,774.0,765.0,773.0,376800,0.0,0.0
2023-08-18 09:00:00+09:00,760.0,769.0,751.0,755.0,468200,0.0,0.0
2023-08-18 10:00:00+09:00,755.0,755.0,747.0,753.0,161300,0.0,0.0
2023-08-18 11:00:00+09:00,752.0,758.0,752.0,756.0,0,0.0,0.0
2023-08-18 12:00:00+09:00,754.0,766.0,752.0,763.0,847500,0.0,0.0
2023-08-18 13:00:00+09:00,763.0,765.0,747.0,747.0,240900,0.0,0.0
2023-08-18 14:00:00+09:00,747.0,758.0,746.0,757.0,256300,0.0,0.0
2023-08-21 09:00:00+09:00,760.0,785.0,758.0,759.0,511300,0.0,0.0
2023-08-21 10:00:00+09:00,759.0,761.0,750.0,753.0,226000,0.0,0.0
2023-08-21 11:00:00+09:00,753.0,761.0,752.0,760.0,0,0.0,0.0
2023-08-21 12:00:00+09:00,760.0,761.0,755.0,759.0,946500,0.0,0.0
2023-08-21 13:00:00+09:00,759.0,762.0,757.0,758.0,98800,0.0,0.0
2023-08-21 14:00:00+09:00,758.0,759.0,748.0,749.0,228300,0.0,0.0
2023-08-22 09:00:00+09:00,752.0,755.0,742.0,748.0,462300,0.0,0.0
2023-08-22 10:00:00+09:00,749.0,757.0,748.0,753.0,127700,0.0,0.0
2023-08-22 11:00:00+09:00,752.0,752.0,749.0,750.0,0,0.0,0.0
2023-08-22 12:00:00+09:00,750.0,753.0,749.0,750.0,718800,0.0,0.0
2023-08-22 13:00:00+09:00,750.0,756.0,749.0,754.0,121200,0.0,0.0
2023-08-22 14:00:00+09:00,753.0,760.0,753.0,760.0,201100,0.0,0.0
2023-08-23 09:00:00+09:00,755.0,773.0,749.0,769.0,346300,0.0,0.0
2023-08-23 10:00:00+09:00,770.0,770.0,761.0,763.0,156100,0.0,0.0
2023-08-23 11:00:00+09:00,763.0,765.0,761.0,761.0,0,0.0,0.0
2023-08-23 12:00:00+09:00,760.0,760.0,744.0,745.0,812100,0.0,0.0
2023-08-23 13:00:00+09:00,745.0,746.0,718.0,727.0,850600,0.0,0.0
2023-08-23 14:00:00+09:00,727.0,735.0,717.0,719.0,633300,0.0,0.0
2023-08-24 09:00:00+09:00,707.0,717.0,706.0,707.0,657300,0.0,0.0
2023-08-24 10:00:00+09:00,706.0,722.0,706.0,717.0,291500,0.0,0.0
2023-08-24 11:00:00+09:00,718.0,720.0,716.0,720.0,0,0.0,0.0
2023-08-24 12:00:00+09:00,720.0,724.0,717.0,719.0,1166900,0.0,0.0
2023-08-24 13:00:00+09:00,719.0,725.0,716.0,724.0,171700,0.0,0.0
2023-08-24 14:00:00+09:00,724.0,725.0,722.0,722.0,153600,0.0,0.0
2023-08-25 09:00:00+09:00,718.0,720.0,710.0,719.0,244700,0.0,0.0
2023-08-25 10:00:00+09:00,719.0,724.0,713.0,714.0,141400,0.0,0.0
2023-08-25 11:00:00+09:00,715.0,715.0,712.0,714.0,0,0.0,0.0
2023-08-25 12:00:00+09:00,712.0,716.0,712.0,716.0,547700,0.0,0.0
2023-08-25 13:00:00+09:00,716.0,716.0,712.0,712.0,107200,0.0,0.0
2023-08-25 14:00:00+09:00,712.0,720.0,711.0,717.0,225900,0.0,0.0
2023-08-28 09:00:00+09:00,721.0,744.0,721.0,739.0,531300,0.0,0.0
2023-08-28 10:00:00+09:00,740.0,746.0,735.0,736.0,201600,0.0,0.0
2023-08-28 11:00:00+09:00,736.0,741.0,736.0,739.0,0,0.0,0.0
2023-08-28 12:00:00+09:00,737.0,741.0,733.0,735.0,915100,0.0,0.0
2023-08-28 13:00:00+09:00,735.0,735.0,727.0,728.0,160000,0.0,0.0
2023-08-28 14:00:00+09:00,729.0,735.0,728.0,735.0,119900,0.0,0.0
2023-08-29 09:00:00+09:00,746.0,770.0,741.0,766.0,934700,0.0,0.0
2023-08-29 10:00:00+09:00,766.0,773.0,759.0,762.0,483800,0.0,0.0
2023-08-29 11:00:00+09:00,761.0,767.0,756.0,756.0,0,0.0,0.0
2023-08-29 12:00:00+09:00,756.0,765.0,756.0,761.0,1573200,0.0,0.0
2023-08-29 13:00:00+09:00,761.0,765.0,760.0,763.0,62400,0.0,0.0
2023-08-29 14:00:00+09:00,764.0,765.0,754.0,761.0,243000,0.0,0.0
2023-08-30 09:00:00+09:00,780.0,784.0,767.0,780.0,643400,0.0,0.0
2023-08-30 10:00:00+09:00,780.0,783.0,774.0,776.0,127900,0.0,0.0
2023-08-30 11:00:00+09:00,775.0,775.0,768.0,771.0,0,0.0,0.0
2023-08-30 12:00:00+09:00,770.0,771.0,763.0,765.0,1036700,0.0,0.0
2023-08-30 13:00:00+09:00,765.0,769.0,763.0,767.0,73000,0.0,0.0
2023-08-30 14:00:00+09:00,766.0,769.0,763.0,764.0,152800,0.0,0.0
2023-08-31 09:00:00+09:00,763.0,775.0,761.0,764.0,248400,0.0,0.0
2023-08-31 10:00:00+09:00,763.0,769.0,763.0,766.0,63200,0.0,0.0
2023-08-31 11:00:00+09:00,767.0,769.0,766.0,766.0,0,0.0,0.0
2023-08-31 12:00:00+09:00,766.0,769.0,766.0,767.0,386600,0.0,0.0
2023-08-31 13:00:00+09:00,767.0,770.0,766.0,767.0,93800,0.0,0.0
2023-08-31 14:00:00+09:00,767.0,770.0,762.0,764.0,220900,0.0,0.0
2023-09-01 09:00:00+09:00,769.0,784.0,762.0,784.0,403900,0.0,0.0
2023-09-01 10:00:00+09:00,784.0,789.0,778.0,779.0,304900,0.0,0.0
2023-09-01 11:00:00+09:00,780.0,782.0,777.0,782.0,0,0.0,0.0
2023-09-01 12:00:00+09:00,777.0,782.0,776.0,780.0,852700,0.0,0.0
2023-09-01 13:00:00+09:00,779.0,782.0,778.0,780.0,118200,0.0,0.0
2023-09-01 14:00:00+09:00,780.0,782.0,777.0,779.0,202600,0.0,0.0
2023-09-04 09:00:00+09:00,788.0,788.0,773.0,779.0,347700,0.0,0.0
2023-09-04 10:00:00+09:00,778.0,780.0,775.0,776.0,98300,0.0,0.0
2023-09-04 11:00:00+09:00,777.0,779.0,776.0,777.0,0,0.0,0.0
2023-09-04 12:00:00+09:00,777.0,780.0,775.0,775.0,538100,0.0,0.0
2023-09-04 13:00:00+09:00,775.0,778.0,773.0,776.0,91500,0.0,0.0
2023-09-04 14:00:00+09:00,777.0,781.0,774.0,781.0,143400,0.0,0.0
2023-09-05 09:00:00+09:00,785.0,815.0,783.0,791.0,1309000,0.0,0.0
2023-09-05 10:00:00+09:00,791.0,802.0,789.0,795.0,256900,0.0,0.0
2023-09-05 11:00:00+09:00,794.0,795.0,789.0,789.0,0,0.0,0.0
2023-09-05 12:00:00+09:00,789.0,801.0,787.0,800.0,1874300,0.0,0.0
2023-09-05 13:00:00+09:00,800.0,806.0,800.0,801.0,204500,0.0,0.0
2023-09-05 14:00:00+09:00,801.0,807.0,798.0,805.0,352200,0.0,0.0
2023-09-06 09:00:00+09:00,795.0,805.0,792.0,805.0,457200,0.0,0.0
2023-09-06 10:00:00+09:00,805.0,809.0,803.0,807.0,238200,0.0,0.0
2023-09-06 11:00:00+09:00,807.0,815.0,807.0,812.0,0,0.0,0.0
2023-09-06 12:00:00+09:00,814.0,820.0,811.0,816.0,999700,0.0,0.0
2023-09-06 13:00:00+09:00,816.0,817.0,810.0,811.0,122400,0.0,0.0
2023-09-06 14:00:00+09:00,810.0,814.0,809.0,811.0,143600,0.0,0.0
2023-09-07 09:00:00+09:00,809.0,837.0,805.0,829.0,675800,0.0,0.0
2023-09-07 10:00:00+09:00,828.0,839.0,828.0,832.0,298400,0.0,0.0
2023-09-07 11:00:00+09:00,832.0,834.0,826.0,834.0,0,0.0,0.0
2023-09-07 12:00:00+09:00,833.0,843.0,830.0,842.0,1466300,0.0,0.0
2023-09-07 13:00:00+09:00,842.0,844.0,837.0,842.0,352600,0.0,0.0
2023-09-07 14:00:00+09:00,842.0,843.0,831.0,831.0,503600,0.0,0.0
2023-09-08 09:00:00+09:00,828.0,833.0,806.0,812.0,713300,0.0,0.0
2023-09-08 10:00:00+09:00,813.0,817.0,810.0,810.0,158700,0.0,0.0
2023-09-08 11:00:00+09:00,810.0,812.0,805.0,810.0,0,0.0,0.0
2023-09-08 12:00:00+09:00,810.0,816.0,808.0,809.0,1147000,0.0,0.0
2023-09-08 13:00:00+09:00,809.0,811.0,807.0,811.0,160900,0.0,0.0
2023-09-08 14:00:00+09:00,810.0,811.0,806.0,808.0,257100,0.0,0.0
2023-09-11 09:00:00+09:00,813.0,816.0,801.0,812.0,263200,0.0,0.0
2023-09-11 10:00:00+09:00,812.0,815.0,805.0,809.0,137400,0.0,0.0
2023-09-11 11:00:00+09:00,809.0,810.0,806.0,808.0,0,0.0,0.0
2023-09-11 12:00:00+09:00,806.0,808.0,798.0,799.0,525000,0.0,0.0
2023-09-11 13:00:00+09:00,800.0,803.0,799.0,800.0,73400,0.0,0.0
2023-09-11 14:00:00+09:00,801.0,806.0,799.0,803.0,120400,0.0,0.0
2023-09-12 09:00:00+09:00,803.0,818.0,803.0,814.0,193900,0.0,0.0
2023-09-12 10:00:00+09:00,814.0,824.0,812.0,824.0,227400,0.0,0.0
2023-09-12 11:00:00+09:00,824.0,829.0,822.0,826.0,0,0.0,0.0
2023-09-12 12:00:00+09:00,829.0,837.0,827.0,829.0,807500,0.0,0.0
2023-09-12 13:00:00+09:00,828.0,829.0,824.0,825.0,107900,0.0,0.0
2023-09-12 14:00:00+09:00,825.0,831.0,825.0,829.0,142700,0.0,0.0
2023-09-13 09:00:00+09:00,833.0,882.0,829.0,842.0,1474400,0.0,0.0
2023-09-13 10:00:00+09:00,841.0,850.0,841.0,843.0,241500,0.0,0.0
2023-09-13 11:00:00+09:00,841.0,848.0,839.0,842.0,0,0.0,0.0
2023-09-13 12:00:00+09:00,844.0,844.0,839.0,841.0,1963800,0.0,0.0
2023-09-13 13:00:00+09:00,841.0,841.0,831.0,837.0,283600,0.0,0.0
2023-09-13 14:00:00+09:00,837.0,842.0,835.0,840.0,264600,0.0,0.0
2023-09-14 09:00:00+09:00,836.0,852.0,833.0,844.0,685200,0.0,0.0
2023-09-14 10:00:00+09:00,844.0,849.0,839.0,839.0,178500,0.0,0.0
2023-09-14 11:00:00+09:00,840.0,845.0,840.0,840.0,0,0.0,0.0
2023-09-14 12:00:00+09:00,842.0,842.0,837.0,837.0,1106700,0.0,0.0
2023-09-14 13:00:00+09:00,837.0,844.0,836.0,839.0,166700,0.0,0.0
2023-09-14 14:00:00+09:00,839.0,843.0,838.0,841.0,136400,0.0,0.0
2023-09-15 09:00:00+09:00,841.0,848.0,826.0,830.0,574300,0.0,0.0
2023-09-15 10:00:00+09:00,830.0,833.0,819.0,825.0,230600,0.0,0.0
2023-09-15 11:00:00+09:00,826.0,826.0,822.0,823.0,0,0.0,0.0
2023-09-15 12:00:00+09:00,824.0,825.0,820.0,821.0,951600,0.0,0.0
2023-09-15 13:00:00+09:00,821.0,822.0,811.0,812.0,255000,0.0,0.0
2023-09-15 14:00:00+09:00,813.0,815.0,809.0,813.0,267700,0.0,0.0
2023-09-19 09:00:00+09:00,821.0,850.0,819.0,835.0,706400,0.0,0.0
2023-09-19 10:00:00+09:00,835.0,836.0,826.0,827.0,234100,0.0,0.0
2023-09-19 11:00:00+09:00,828.0,837.0,828.0,834.0,0,0.0,0.0
2023-09-19 12:00:00+09:00,838.0,838.0,832.0,836.0,1124200,0.0,0.0
2023-09-19 13:00:00+09:00,837.0,841.0,837.0,839.0,123000,0.0,0.0
2023-09-19 14:00:00+09:00,839.0,846.0,829.0,837.0,503100,0.0,0.0
2023-09-20 09:00:00+09:00,835.0,843.0,825.0,836.0,437500,0.0,0.0
2023-09-20 10:00:00+09:00,836.0,837.0,831.0,836.0,91900,0.0,0.0
2023-09-20 11:00:00+09:00,836.0,836.0,832.0,832.0,0,0.0,0.0
2023-09-20 12:00:00+09:00,830.0,832.0,823.0,827.0,656600,0.0,0.0
2023-09-20 13:00:00+09:00,827.0,830.0,819.0,821.0,148800,0.0,0.0
2023-09-20 14:00:00+09:00,822.0,828.0,819.0,825.0,184500,0.0,0.0
2023-09-21 09:00:00+09:00,822.0,840.0,822.0,830.0,278600,0.0,0.0
2023-09-21 10:00:00+09:00,832.0,835.0,830.0,834.0,111900,0.0,0.0
2023-09-21 11:00:00+09:00,833.0,833.0,827.0,828.0,0,0.0,0.0
2023-09-21 12:00:00+09:00,828.0,837.0,828.0,834.0,575400,0.0,0.0
2023-09-21 13:00:00+09:00,834.0,843.0,832.0,840.0,171300,0.0,0.0
2023-09-21 14:00:00+09:00,840.0,841.0,835.0,838.0,226700,0.0,0.0
2023-09-22 09:00:00+09:00,822.0,822.0,801.0,813.0,611200,0.0,0.0
2023-09-22 10:00:00+09:00,812.0,813.0,807.0,809.0,107000,0.0,0.0
2023-09-22 11:00:00+09:00,810.0,817.0,810.0,813.0,0,0.0,0.0
2023-09-22 12:00:00+09:00,816.0,819.0,814.0,815.0,864600,0.0,0.0
2023-09-22 13:00:00+09:00,815.0,816.0,809.0,816.0,136500,0.0,0.0
2023-09-22 14:00:00+09:00,816.0,822.0,815.0,817.0,183500,0.0,0.0
2023-09-25 09:00:00+09:00,815.0,834.0,815.0,831.0,227100,0.0,0.0
2023-09-25 10:00:00+09:00,831.0,839.0,831.0,834.0,278700,0.0,0.0
2023-09-25 11:00:00+09:00,833.0,837.0,832.0,832.0,0,0.0,0.0
2023-09-25 12:00:00+09:00,833.0,837.0,833.0,837.0,615600,0.0,0.0
2023-09-25 13:00:00+09:00,837.0,839.0,835.0,835.0,95200,0.0,0.0
2023-09-25 14:00:00+09:00,836.0,836.0,830.0,832.0,156700,0.0,0.0
2023-09-26 09:00:00+09:00,826.0,828.0,816.0,819.0,302800,0.0,0.0
2023-09-26 10:00:00+09:00,820.0,827.0,820.0,823.0,153700,0.0,0.0
2023-09-26 11:00:00+09:00,822.0,825.0,820.0,820.0,0,0.0,0.0
2023-09-26 12:00:00+09:00,821.0,827.0,821.0,823.0,551100,0.0,0.0
2023-09-26 13:00:00+09:00,823.0,827.0,821.0,827.0,57200,0.0,0.0
2023-09-26 14:00:00+09:00,826.0,832.0,824.0,825.0,200500,0.0,0.0
2023-09-27 09:00:00+09:00,820.0,820.0,808.0,808.0,0,0.0,0.0
2023-09-27 10:00:00+09:00,809.0,816.0,809.0,815.0,434500,0.0,0.0
2023-09-27 11:00:00+09:00,814.0,817.0,813.0,814.0,0,0.0,0.0
2023-09-27 12:00:00+09:00,816.0,817.0,813.0,814.0,559400,0.0,0.0
2023-09-27 13:00:00+09:00,813.0,819.0,812.0,815.0,109700,0.0,0.0
2023-09-27 14:00:00+09:00,814.0,815.0,811.0,815.0,141000,0.0,0.0
2023-09-28 09:00:00+09:00,830.0,830.0,814.0,817.0,206500,0.0,0.0
2023-09-28 10:00:00+09:00,817.0,826.0,816.0,821.0,100700,0.0,0.0
2023-09-28 11:00:00+09:00,821.0,822.0,815.0,815.0,0,0.0,0.0
2023-09-28 12:00:00+09:00,815.0,817.0,806.0,817.0,559000,0.0,0.0
2023-09-28 13:00:00+09:00,817.0,818.0,814.0,815.0,81900,0.0,0.0
2023-09-28 14:00:00+09:00,814.0,822.0,810.0,814.0,309300,0.0,0.0
2023-09-29 09:00:00+09:00,817.0,832.0,812.0,826.0,236500,0.0,0.0
2023-09-29 10:00:00+09:00,826.0,829.0,811.0,812.0,172300,0.0,0.0
2023-09-29 11:00:00+09:00,812.0,813.0,806.0,808.0,0,0.0,0.0
2023-09-29 12:00:00+09:00,808.0,811.0,805.0,806.0,824600,0.0,0.0
2023-09-29 13:00:00+09:00,806.0,807.0,803.0,804.0,241200,0.0,0.0
2023-09-29 14:00:00+09:00,805.0,807.0,795.0,807.0,848200,0.0,0.0
2023-10-02 09:00:00+09:00,813.0,830.0,804.0,826.0,446900,0.0,0.0
2023-10-02 10:00:00+09:00,825.0,838.0,823.0,831.0,267100,0.0,0.0
2023-10-02 11:00:00+09:00,831.0,832.0,824.0,825.0,0,0.0,0.0
2023-10-02 12:00:00+09:00,826.0,827.0,822.0,822.0,895500,0.0,0.0
2023-10-02 13:00:00+09:00,822.0,826.0,816.0,818.0,188100,0.0,0.0
2023-10-02 14:00:00+09:00,819.0,820.0,811.0,812.0,164000,0.0,0.0
2023-10-03 09:00:00+09:00,803.0,803.0,773.0,773.0,753800,0.0,0.0
2023-10-03 10:00:00+09:00,773.0,780.0,768.0,770.0,290500,0.0,0.0
2023-10-03 11:00:00+09:00,769.0,773.0,767.0,772.0,0,0.0,0.0
2023-10-03 12:00:00+09:00,770.0,775.0,764.0,764.0,1417500,0.0,0.0
2023-10-03 13:00:00+09:00,764.0,766.0,761.0,762.0,198100,0.0,0.0
2023-10-03 14:00:00+09:00,762.0,765.0,759.0,760.0,227700,0.0,0.0
2023-10-04 09:00:00+09:00,744.0,754.0,739.0,744.0,533300,0.0,0.0
2023-10-04 10:00:00+09:00,745.0,752.0,741.0,747.0,243900,0.0,0.0
2023-10-04 11:00:00+09:00,745.0,745.0,741.0,742.0,0,0.0,0.0
2023-10-04 12:00:00+09:00,742.0,745.0,729.0,735.0,1086300,0.0,0.0
2023-10-04 13:00:00+09:00,735.0,745.0,732.0,738.0,164400,0.0,0.0
2023-10-04 14:00:00+09:00,737.0,738.0,725.0,725.0,295500,0.0,0.0
2023-10-05 09:00:00+09:00,740.0,749.0,725.0,730.0,431100,0.0,0.0
2023-10-05 10:00:00+09:00,730.0,734.0,728.0,732.0,118100,0.0,0.0
2023-10-05 11:00:00+09:00,732.0,739.0,732.0,737.0,0,0.0,0.0
2023-10-05 12:00:00+09:00,737.0,741.0,734.0,741.0,743600,0.0,0.0
2023-10-05 13:00:00+09:00,740.0,747.0,740.0,744.0,113600,0.0,0.0
2023-10-05 14:00:00+09:00,744.0,745.0,739.0,742.0,243700,0.0,0.0
2023-10-06 09:00:00+09:00,743.0,751.0,738.0,744.0,283600,0.0,0.0
2023-10-06 10:00:00+09:00,744.0,751.0,743.0,743.0,121600,0.0,0.0
2023-10-06 11:00:00+09:00,744.0,745.0,742.0,743.0,0,0.0,0.0
2023-10-06 12:00:00+09:00,741.0,743.0,739.0,741.0,518600,0.0,0.0
2023-10-06 13:00:00+09:00,741.0,746.0,741.0,744.0,64200,0.0,0.0
2023-10-06 14:00:00+09:00,744.0,744.0,738.0,740.0,140600,0.0,0.0
2023-10-10 09:00:00+09:00,752.0,754.0,744.0,751.0,0,0.0,0.0
2023-10-10 10:00:00+09:00,751.0,753.0,742.0,743.0,434100,0.0,0.0
2023-10-10 11:00:00+09:00,742.0,745.0,739.0,743.0,0,0.0,0.0
2023-10-10 12:00:00+09:00,742.0,742.0,737.0,740.0,644600,0.0,0.0
2023-10-10 13:00:00+09:00,741.0,741.0,739.0,739.0,63700,0.0,0.0
2023-10-10 14:00:00+09:00,740.0,743.0,739.0,741.0,117800,0.0,0.0
2023-10-11 09:00:00+09:00,744.0,746.0,733.0,745.0,247100,0.0,0.0
2023-10-11 10:00:00+09:00,745.0,745.0,739.0,739.0,71300,0.0,0.0
2023-10-11 11:00:00+09:00,739.0,740.0,737.0,738.0,0,0.0,0.0
2023-10-11 12:00:00+09:00,737.0,738.0,735.0,736.0,478200,0.0,0.0
2023-10-11 13:00:00+09:00,736.0,740.0,734.0,735.0,83700,0.0,0.0
2023-10-11 14:00:00+09:00,735.0,735.0,723.0,725.0,294700,0.0,0.0
2023-10-12 09:00:00+09:00,739.0,751.0,737.0,745.0,435700,0.0,0.0
2023-10-12 10:00:00+09:00,745.0,746.0,739.0,744.0,107300,0.0,0.0
2023-10-12 11:00:00+09:00,745.0,749.0,744.0,748.0,0,0.0,0.0
2023-10-12 12:00:00+09:00,748.0,750.0,742.0,742.0,698300,0.0,0.0
2023-10-12 13:00:00+09:00,742.0,744.0,740.0,740.0,112600,0.0,0.0
2023-10-12 14:00:00+09:00,741.0,743.0,737.0,737.0,167000,0.0,0.0
2023-10-13 09:00:00+09:00,730.0,734.0,726.0,727.0,250400,0.0,0.0
2023-10-13 10:00:00+09:00,727.0,730.0,724.0,726.0,114600,0.0,0.0
2023-10-13 11:00:00+09:00,726.0,730.0,725.0,727.0,0,0.0,0.0
2023-10-13 12:00:00+09:00,725.0,726.0,721.0,722.0,609200,0.0,0.0
2023-10-13 13:00:00+09:00,722.0,722.0,718.0,718.0,153500,0.0,0.0
2023-10-13 14:00:00+09:00,718.0,720.0,717.0,718.0,130500,0.0,0.0
2023-10-16 09:00:00+09:00,709.0,714.0,702.0,704.0,350600,0.0,0.0
2023-10-16 10:00:00+09:00,705.0,709.0,704.0,706.0,109100,0.0,0.0
2023-10-16 11:00:00+09:00,705.0,707.0,704.0,706.0,0,0.0,0.0
2023-10-16 12:00:00+09:00,705.0,711.0,703.0,708.0,714000,0.0,0.0
2023-10-16 13:00:00+09:00,708.0,714.0,707.0,712.0,111100,0.0,0.0
2023-10-16 14:00:00+09:00,712.0,718.0,709.0,718.0,184800,0.0,0.0
2023-10-17 09:00:00+09:00,728.0,729.0,718.0,721.0,149600,0.0,0.0
2023-10-17 10:00:00+09:00,720.0,720.0,712.0,712.0,111800,0.0,0.0
2023-10-17 11:00:00+09:00,712.0,713.0,710.0,711.0,0,0.0,0.0
2023-10-17 12:00:00+09:00,711.0,711.0,704.0,706.0,428700,0.0,0.0
2023-10-17 13:00:00+09:00,706.0,708.0,704.0,705.0,72200,0.0,0.0
2023-10-17 14:00:00+09:00,705.0,714.0,703.0,712.0,147700,0.0,0.0
2023-10-18 09:00:00+09:00,717.0,717.0,700.0,702.0,321100,0.0,0.0
2023-10-18 10:00:00+09:00,702.0,702.0,693.0,698.0,264900,0.0,0.0
2023-10-18 11:00:00+09:00,698.0,700.0,697.0,700.0,0,0.0,0.0
2023-10-18 12:00:00+09:00,697.0,700.0,695.0,698.0,735600,0.0,0.0
2023-10-18 13:00:00+09:00,698.0,704.0,698.0,703.0,149300,0.0,0.0
2023-10-18 14:00:00+09:00,703.0,708.0,702.0,704.0,140500,0.0,0.0
2023-10-19 09:00:00+09:00,688.0,692.0,681.0,691.0,410300,0.0,0.0
2023-10-19 10:00:00+09:00,692.0,693.0,685.0,686.0,82700,0.0,0.0
2023-10-19 11:00:00+09:00,687.0,690.0,687.0,688.0,0,0.0,0.0
2023-10-19 12:00:00+09:00,687.0,695.0,687.0,694.0,647100,0.0,0.0
2023-10-19 13:00:00+09:00,694.0,703.0,693.0,700.0,101700,0.0,0.0
2023-10-19 14:00:00+09:00,700.0,702.0,698.0,698.0,108600,0.0,0.0
2023-10-20 09:00:00+09:00,690.0,693.0,682.0,686.0,254300,0.0,0.0
2023-10-20 10:00:00+09:00,687.0,688.0,683.0,686.0,100000,0.0,0.0
2023-10-20 11:00:00+09:00,686.0,690.0,685.0,688.0,0,0.0,0.0
2023-10-20 12:00:00+09:00,687.0,689.0,680.0,682.0,746400,0.0,0.0
2023-10-20 13:00:00+09:00,683.0,689.0,677.0,686.0,328600,0.0,0.0
2023-10-20 14:00:00+09:00,686.0,691.0,686.0,687.0,139500,0.0,0.0
2023-10-23 09:00:00+09:00,681.0,683.0,667.0,671.0,329600,0.0,0.0
2023-10-23 10:00:00+09:00,671.0,671.0,664.0,669.0,234400,0.0,0.0
2023-10-23 11:00:00+09:00,668.0,668.0,662.0,662.0,0,0.0,0.0
2023-10-23 12:00:00+09:00,662.0,664.0,658.0,660.0,804600,0.0,0.0
2023-10-23 13:00:00+09:00,659.0,660.0,653.0,659.0,271400,0.0,0.0
2023-10-23 14:00:00+09:00,658.0,662.0,656.0,658.0,314900,0.0,0.0
2023-10-24 09:00:00+09:00,656.0,660.0,643.0,643.0,317600,0.0,0.0
2023-10-24 10:00:00+09:00,643.0,647.0,638.0,643.0,191700,0.0,0.0
2023-10-24 11:00:00+09:00,642.0,651.0,642.0,646.0,0,0.0,0.0
2023-10-24 12:00:00+09:00,645.0,646.0,641.0,643.0,763200,0.0,0.0
2023-10-24 13:00:00+09:00,643.0,650.0,643.0,648.0,197000,0.0,0.0
2023-10-24 14:00:00+09:00,649.0,653.0,648.0,651.0,192300,0.0,0.0
2023-10-25 09:00:00+09:00,656.0,668.0,652.0,657.0,273300,0.0,0.0
2023-10-25 10:00:00+09:00,657.0,662.0,656.0,661.0,74700,0.0,0.0
2023-10-25 11:00:00+09:00,660.0,661.0,658.0,660.0,0,0.0,0.0
2023-10-25 12:00:00+09:00,660.0,664.0,658.0,663.0,526800,0.0,0.0
2023-10-25 13:00:00+09:00,662.0,682.0,662.0,678.0,490000,0.0,0.0
2023-10-25 14:00:00+09:00,679.0,686.0,666.0,667.0,563200,0.0,0.0
2023-10-26 09:00:00+09:00,659.0,666.0,656.0,657.0,333300,0.0,0.0
2023-10-26 10:00:00+09:00,658.0,662.0,654.0,656.0,215600,0.0,0.0
2023-10-26 11:00:00+09:00,656.0,657.0,653.0,653.0,0,0.0,0.0
2023-10-26 12:00:00+09:00,652.0,655.0,652.0,653.0,696000,0.0,0.0
2023-10-26 13:00:00+09:00,653.0,656.0,650.0,652.0,70900,0.0,0.0
2023-10-26 14:00:00+09:00,652.0,654.0,650.0,651.0,135600,0.0,0.0
2023-10-27 09:00:00+09:00,657.0,665.0,655.0,663.0,0,0.0,0.0
2023-10-27 10:00:00+09:00,662.0,670.0,662.0,665.0,505100,0.0,0.0
2023-10-27 11:00:00+09:00,665.0,670.0,665.0,667.0,0,0.0,0.0
2023-10-27 12:00:00+09:00,668.0,668.0,664.0,667.0,648900,0.0,0.0
2023-10-27 13:00:00+09:00,667.0,675.0,666.0,671.0,98900,0.0,0.0
2023-10-27 14:00:00+09:00,671.0,677.0,668.0,676.0,159600,0.0,0.0
2023-10-30 09:00:00+09:00,664.0,664.0,655.0,657.0,310500,0.0,0.0
2023-10-30 10:00:00+09:00,657.0,658.0,654.0,656.0,141100,0.0,0.0
2023-10-30 11:00:00+09:00,656.0,656.0,652.0,654.0,0,0.0,0.0
2023-10-30 12:00:00+09:00,654.0,655.0,653.0,653.0,643800,0.0,0.0
2023-10-30 13:00:00+09:00,652.0,653.0,649.0,650.0,108400,0.0,0.0
2023-10-30 14:00:00+09:00,651.0,657.0,650.0,655.0,166500,0.0,0.0
2023-10-31 09:00:00+09:00,659.0,659.0,649.0,652.0,173800,0.0,0.0
2023-10-31 10:00:00+09:00,652.0,653.0,643.0,648.0,209700,0.0,0.0
2023-10-31 11:00:00+09:00,648.0,650.0,646.0,648.0,0,0.0,0.0
2023-10-31 12:00:00+09:00,653.0,654.0,648.0,653.0,582200,0.0,0.0
2023-10-31 13:00:00+09:00,653.0,663.0,648.0,650.0,371100,0.0,0.0
2023-10-31 14:00:00+09:00,650.0,656.0,647.0,653.0,161100,0.0,0.0
2023-11-01 09:00:00+09:00,675.0,675.0,661.0,665.0,224500,0.0,0.0
2023-11-01 10:00:00+09:00,665.0,665.0,658.0,659.0,110400,0.0,0.0
2023-11-01 11:00:00+09:00,658.0,662.0,658.0,662.0,0,0.0,0.0
2023-11-01 12:00:00+09:00,664.0,664.0,660.0,663.0,434600,0.0,0.0
2023-11-01 13:00:00+09:00,662.0,669.0,660.0,669.0,82500,0.0,0.0
2023-11-01 14:00:00+09:00,670.0,681.0,668.0,681.0,550700,0.0,0.0
2023-11-02 09:00:00+09:00,688.0,692.0,680.0,686.0,344100,0.0,0.0
2023-11-02 10:00:00+09:00,686.0,688.0,682.0,682.0,203600,0.0,0.0
2023-11-02 11:00:00+09:00,681.0,684.0,681.0,684.0,0,0.0,0.0
2023-11-02 12:00:00+09:00,683.0,683.0,677.0,681.0,729900,0.0,0.0
2023-11-02 13:00:00+09:00,680.0,683.0,678.0,679.0,106700,0.0,0.0
2023-11-02 14:00:00+09:00,679.0,683.0,679.0,683.0,113000,0.0,0.0
2023-11-06 09:00:00+09:00,700.0,701.0,690.0,699.0,370900,0.0,0.0
2023-11-06 10:00:00+09:00,698.0,704.0,696.0,701.0,248100,0.0,0.0
2023-11-06 11:00:00+09:00,701.0,704.0,701.0,704.0,0,0.0,0.0
2023-11-06 12:00:00+09:00,703.0,710.0,702.0,709.0,834400,0.0,0.0
2023-11-06 13:00:00+09:00,709.0,718.0,709.0,715.0,184200,0.0,0.0
2023-11-06 14:00:00+09:00,714.0,718.0,710.0,714.0,280900,0.0,0.0
2023-11-07 09:00:00+09:00,716.0,722.0,706.0,719.0,375000,0.0,0.0
2023-11-07 10:00:00+09:00,719.0,720.0,716.0,717.0,80500,0.0,0.0
2023-11-07 11:00:00+09:00,717.0,718.0,713.0,713.0,0,0.0,0.0
2023-11-07 12:00:00+09:00,714.0,717.0,713.0,713.0,557800,0.0,0.0
2023-11-07 13:00:00+09:00,713.0,716.0,710.0,714.0,146100,0.0,0.0
2023-11-07 14:00:00+09:00,714.0,715.0,704.0,705.0,272100,0.0,0.0
2023-11-08 09:00:00+09:00,707.0,711.0,697.0,698.0,300000,0.0,0.0
2023-11-08 10:00:00+09:00,698.0,700.0,692.0,696.0,213200,0.0,0.0
2023-11-08 11:00:00+09:00,696.0,697.0,693.0,695.0,0,0.0,0.0
2023-11-08 12:00:00+09:00,692.0,694.0,681.0,684.0,827100,0.0,0.0
2023-11-08 13:00:00+09:00,685.0,688.0,682.0,686.0,150800,0.0,0.0
2023-11-08 14:00:00+09:00,686.0,691.0,683.0,690.0,259900,0.0,0.0
2023-11-09 09:00:00+09:00,691.0,703.0,691.0,700.0,384300,0.0,0.0
2023-11-09 10:00:00+09:00,700.0,707.0,698.0,700.0,187700,0.0,0.0
2023-11-09 11:00:00+09:00,700.0,705.0,700.0,703.0,0,0.0,0.0
2023-11-09 12:00:00+09:00,703.0,710.0,702.0,710.0,781100,0.0,0.0
2023-11-09 13:00:00+09:00,710.0,716.0,709.0,716.0,300200,0.0,0.0
2023-11-09 14:00:00+09:00,715.0,724.0,713.0,717.0,518200,0.0,0.0
2023-11-10 09:00:00+09:00,648.0,656.0,619.0,634.0,1887700,0.0,0.0
2023-11-10 10:00:00+09:00,634.0,640.0,632.0,637.0,512900,0.0,0.0
2023-11-10 11:00:00+09:00,636.0,639.0,628.0,638.0,0,0.0,0.0
2023-11-10 12:00:00+09:00,637.0,637.0,631.0,633.0,3209800,0.0,0.0
2023-11-10 13:00:00+09:00,633.0,636.0,632.0,635.0,301400,0.0,0.0
2023-11-10 14:00:00+09:00,635.0,636.0,633.0,636.0,517000,0.0,0.0
2023-11-13 09:00:00+09:00,656.0,658.0,642.0,657.0,959800,0.0,0.0
2023-11-13 10:00:00+09:00,658.0,661.0,646.0,647.0,336800,0.0,0.0
2023-11-13 11:00:00+09:00,647.0,647.0,641.0,643.0,0,0.0,0.0
2023-11-13 12:00:00+09:00,643.0,643.0,636.0,639.0,1921100,0.0,0.0
2023-11-13 13:00:00+09:00,640.0,640.0,636.0,639.0,205100,0.0,0.0
2023-11-13 14:00:00+09:00,638.0,639.0,636.0,636.0,198800,0.0,0.0
2023-11-14 09:00:00+09:00,639.0,645.0,628.0,631.0,558900,0.0,0.0
2023-11-14 10:00:00+09:00,631.0,632.0,628.0,630.0,155400,0.0,0.0
2023-11-14 11:00:00+09:00,631.0,631.0,623.0,625.0,0,0.0,0.0
2023-11-14 12:00:00+09:00,625.0,626.0,621.0,625.0,1149600,0.0,0.0
2023-11-14 13:00:00+09:00,625.0,627.0,621.0,627.0,218500,0.0,0.0
2023-11-14 14:00:00+09:00,627.0,627.0,624.0,624.0,186100,0.0,0.0
2023-11-15 09:00:00+09:00,626.0,633.0,621.0,625.0,487400,0.0,0.0
2023-11-15 10:00:00+09:00,625.0,628.0,622.0,626.0,213700,0.0,0.0
2023-11-15 11:00:00+09:00,626.0,627.0,626.0,627.0,0,0.0,0.0
2023-11-15 12:00:00+09:00,627.0,628.0,623.0,626.0,877900,0.0,0.0
2023-11-15 13:00:00+09:00,625.0,625.0,617.0,620.0,369700,0.0,0.0
2023-11-15 14:00:00+09:00,621.0,624.0,620.0,624.0,366400,0.0,0.0
2023-11-16 09:00:00+09:00,625.0,644.0,623.0,641.0,941000,0.0,0.0
2023-11-16 10:00:00+09:00,640.0,641.0,634.0,635.0,174600,0.0,0.0
2023-11-16 11:00:00+09:00,635.0,639.0,632.0,635.0,0,0.0,0.0
2023-11-16 12:00:00+09:00,635.0,641.0,635.0,639.0,1495800,0.0,0.0
2023-11-16 13:00:00+09:00,640.0,654.0,639.0,652.0,592400,0.0,0.0
2023-11-16 14:00:00+09:00,652.0,657.0,649.0,651.0,465000,0.0,0.0
2023-11-17 09:00:00+09:00,646.0,651.0,638.0,639.0,333900,0.0,0.0
2023-11-17 10:00:00+09:00,639.0,641.0,637.0,639.0,164000,0.0,0.0
2023-11-17 11:00:00+09:00,638.0,639.0,634.0,638.0,0,0.0,0.0
2023-11-17 12:00:00+09:00,638.0,645.0,636.0,640.0,866400,0.0,0.0
2023-11-17 13:00:00+09:00,641.0,641.0,637.0,638.0,113100,0.0,0.0
2023-11-17 14:00:00+09:00,638.0,648.0,638.0,645.0,184000,0.0,0.0
2023-11-20 09:00:00+09:00,649.0,657.0,648.0,650.0,369900,0.0,0.0
2023-11-20 10:00:00+09:00,650.0,651.0,643.0,643.0,182700,0.0,0.0
2023-11-20 11:00:00+09:00,643.0,645.0,642.0,642.0,0,0.0,0.0
2023-11-20 12:00:00+09:00,642.0,643.0,638.0,639.0,720300,0.0,0.0
2023-11-20 13:00:00+09:00,639.0,640.0,637.0,639.0,154400,0.0,0.0
2023-11-20 14:00:00+09:00,639.0,642.0,637.0,638.0,166200,0.0,0.0
2023-11-21 09:00:00+09:00,634.0,634.0,624.0,625.0,595300,0.0,0.0
2023-11-21 10:00:00+09:00,625.0,628.0,622.0,626.0,178000,0.0,0.0
2023-11-21 11:00:00+09:00,626.0,628.0,624.0,624.0,0,0.0,0.0
2023-11-21 12:00:00+09:00,624.0,626.0,623.0,624.0,941900,0.0,0.0
2023-11-21 13:00:00+09:00,624.0,626.0,623.0,625.0,85800,0.0,0.0
2023-11-21 14:00:00+09:00,625.0,630.0,625.0,626.0,192900,0.0,0.0
2023-11-22 09:00:00+09:00,651.0,663.0,648.0,656.0,1390900,0.0,0.0
2023-11-22 10:00:00+09:00,656.0,656.0,645.0,645.0,444900,0.0,0.0
2023-11-22 11:00:00+09:00,644.0,653.0,644.0,649.0,0,0.0,0.0
2023-11-22 12:00:00+09:00,650.0,655.0,650.0,653.0,2155700,0.0,0.0
2023-11-22 13:00:00+09:00,653.0,653.0,648.0,653.0,144600,0.0,0.0
2023-11-22 14:00:00+09:00,652.0,655.0,645.0,648.0,355200,0.0,0.0
2023-11-24 09:00:00+09:00,652.0,678.0,652.0,666.0,979100,0.0,0.0
2023-11-24 10:00:00+09:00,666.0,666.0,660.0,664.0,172300,0.0,0.0
2023-11-24 11:00:00+09:00,663.0,663.0,658.0,660.0,0,0.0,0.0
2023-11-24 12:00:00+09:00,662.0,665.0,658.0,664.0,1384100,0.0,0.0
2023-11-24 13:00:00+09:00,664.0,668.0,659.0,660.0,260400,0.0,0.0
2023-11-24 14:00:00+09:00,660.0,662.0,658.0,659.0,218200,0.0,0.0
2023-11-27 09:00:00+09:00,661.0,667.0,658.0,664.0,255400,0.0,0.0
2023-11-27 10:00:00+09:00,663.0,666.0,657.0,658.0,166600,0.0,0.0
2023-11-27 11:00:00+09:00,658.0,658.0,653.0,654.0,0,0.0,0.0
2023-11-27 12:00:00+09:00,653.0,653.0,650.0,651.0,561700,0.0,0.0
2023-11-27 13:00:00+09:00,651.0,653.0,650.0,653.0,58200,0.0,0.0
2023-11-27 14:00:00+09:00,653.0,653.0,648.0,650.0,155700,0.0,0.0
2023-11-28 09:00:00+09:00,652.0,657.0,651.0,655.0,169600,0.0,0.0
2023-11-28 10:00:00+09:00,654.0,656.0,653.0,653.0,76000,0.0,0.0
2023-11-28 11:00:00+09:00,653.0,653.0,651.0,651.0,0,0.0,0.0
2023-11-28 12:00:00+09:00,650.0,652.0,648.0,649.0,373600,0.0,0.0
2023-11-28 13:00:00+09:00,648.0,651.0,646.0,650.0,121700,0.0,0.0
2023-11-28 14:00:00+09:00,650.0,652.0,646.0,649.0,133700,0.0,0.0
2023-11-29 09:00:00+09:00,648.0,654.0,643.0,648.0,177300,0.0,0.0
2023-11-29 10:00:00+09:00,648.0,650.0,644.0,646.0,105000,0.0,0.0
2023-11-29 11:00:00+09:00,647.0,649.0,647.0,647.0,0,0.0,0.0
2023-11-29 12:00:00+09:00,647.0,649.0,645.0,647.0,353000,0.0,0.0
2023-11-29 13:00:00+09:00,646.0,647.0,645.0,645.0,56000,0.0,0.0
2023-11-29 14:00:00+09:00,646.0,647.0,641.0,642.0,180300,0.0,0.0
2023-11-30 09:00:00+09:00,645.0,648.0,641.0,643.0,144000,0.0,0.0
2023-11-30 10:00:00+09:00,642.0,643.0,640.0,641.0,62900,0.0,0.0
2023-11-30 11:00:00+09:00,642.0,644.0,642.0,642.0,0,0.0,0.0
2023-11-30 12:00:00+09:00,642.0,643.0,641.0,641.0,277900,0.0,0.0
2023-11-30 13:00:00+09:00,641.0,645.0,641.0,644.0,45900,0.0,0.0
2023-11-30 14:00:00+09:00,644.0,645.0,642.0,644.0,108500,0.0,0.0
2023-12-01 09:00:00+09:00,651.0,652.0,642.0,644.0,196100,0.0,0.0
2023-12-01 10:00:00+09:00,643.0,645.0,642.0,644.0,42500,0.0,0.0
2023-12-01 11:00:00+09:00,644.0,645.0,643.0,643.0,0,0.0,0.0
2023-12-01 12:00:00+09:00,643.0,649.0,643.0,648.0,367600,0.0,0.0
2023-12-01 13:00:00+09:00,649.0,649.0,646.0,648.0,69200,0.0,0.0
2023-12-01 14:00:00+09:00,647.0,647.0,643.0,643.0,115900,0.0,0.0
2023-12-04 09:00:00+09:00,641.0,642.0,630.0,635.0,439800,0.0,0.0
2023-12-04 10:00:00+09:00,634.0,638.0,632.0,635.0,111400,0.0,0.0
2023-12-04 11:00:00+09:00,636.0,636.0,633.0,633.0,0,0.0,0.0
2023-12-04 12:00:00+09:00,633.0,633.0,626.0,629.0,859400,0.0,0.0
2023-12-04 13:00:00+09:00,629.0,632.0,629.0,631.0,77800,0.0,0.0
2023-12-04 14:00:00+09:00,631.0,631.0,625.0,625.0,219300,0.0,0.0
2023-12-05 09:00:00+09:00,623.0,628.0,621.0,625.0,190400,0.0,0.0
2023-12-05 10:00:00+09:00,625.0,628.0,621.0,622.0,225500,0.0,0.0
2023-12-05 11:00:00+09:00,622.0,623.0,618.0,620.0,0,0.0,0.0
2023-12-05 12:00:00+09:00,619.0,620.0,618.0,619.0,664100,0.0,0.0
2023-12-05 13:00:00+09:00,619.0,623.0,619.0,621.0,101300,0.0,0.0
2023-12-05 14:00:00+09:00,621.0,622.0,618.0,620.0,150800,0.0,0.0
2023-12-06 09:00:00+09:00,615.0,624.0,613.0,621.0,263000,0.0,0.0
2023-12-06 10:00:00+09:00,621.0,623.0,620.0,620.0,74000,0.0,0.0
2023-12-06 11:00:00+09:00,620.0,621.0,620.0,620.0,0,0.0,0.0
2023-12-06 12:00:00+09:00,622.0,622.0,619.0,619.0,477800,0.0,0.0
2023-12-06 13:00:00+09:00,620.0,621.0,616.0,617.0,186600,0.0,0.0
2023-12-06 14:00:00+09:00,617.0,618.0,615.0,616.0,195700,0.0,0.0
2023-12-07 09:00:00+09:00,614.0,616.0,611.0,612.0,247600,0.0,0.0
2023-12-07 10:00:00+09:00,611.0,612.0,608.0,609.0,265100,0.0,0.0
2023-12-07 11:00:00+09:00,609.0,610.0,607.0,608.0,0,0.0,0.0
2023-12-07 12:00:00+09:00,608.0,610.0,608.0,609.0,691600,0.0,0.0
2023-12-07 13:00:00+09:00,609.0,611.0,609.0,610.0,71800,0.0,0.0
2023-12-07 14:00:00+09:00,610.0,612.0,608.0,608.0,153100,0.0,0.0
2023-12-08 09:00:00+09:00,600.0,600.0,573.0,574.0,1261800,0.0,0.0
2023-12-08 10:00:00+09:00,573.0,575.0,568.0,569.0,475900,0.0,0.0
2023-12-08 11:00:00+09:00,569.0,571.0,567.0,567.0,0,0.0,0.0
2023-12-08 12:00:00+09:00,569.0,571.0,568.0,570.0,2183100,0.0,0.0
2023-12-08 13:00:00+09:00,570.0,571.0,566.0,566.0,250300,0.0,0.0
2023-12-08 14:00:00+09:00,567.0,575.0,564.0,574.0,729300,0.0,0.0
2023-12-11 09:00:00+09:00,580.0,585.0,575.0,581.0,554800,0.0,0.0
2023-12-11 10:00:00+09:00,580.0,587.0,580.0,583.0,199000,0.0,0.0
2023-12-11 11:00:00+09:00,584.0,584.0,581.0,582.0,0,0.0,0.0
2023-12-11 12:00:00+09:00,582.0,583.0,575.0,575.0,910400,0.0,0.0
2023-12-11 13:00:00+09:00,576.0,578.0,571.0,571.0,289500,0.0,0.0
2023-12-11 14:00:00+09:00,571.0,574.0,569.0,573.0,292600,0.0,0.0
2023-12-12 09:00:00+09:00,578.0,578.0,572.0,573.0,290500,0.0,0.0
2023-12-12 10:00:00+09:00,573.0,575.0,569.0,569.0,123800,0.0,0.0
2023-12-12 11:00:00+09:00,569.0,570.0,568.0,570.0,0,0.0,0.0
2023-12-12 12:00:00+09:00,569.0,569.0,566.0,568.0,581000,0.0,0.0
2023-12-12 13:00:00+09:00,568.0,568.0,565.0,566.0,99400,0.0,0.0
2023-12-12 14:00:00+09:00,566.0,568.0,563.0,568.0,154300,0.0,0.0
2023-12-13 09:00:00+09:00,562.0,568.0,558.0,561.0,365300,0.0,0.0
2023-12-13 10:00:00+09:00,561.0,562.0,558.0,559.0,152600,0.0,0.0
2023-12-13 11:00:00+09:00,558.0,560.0,557.0,557.0,0,0.0,0.0
2023-12-13 12:00:00+09:00,557.0,559.0,556.0,559.0,769000,0.0,0.0
2023-12-13 13:00:00+09:00,558.0,564.0,557.0,564.0,208400,0.0,0.0
2023-12-13 14:00:00+09:00,563.0,567.0,562.0,562.0,216000,0.0,0.0
2023-12-14 09:00:00+09:00,556.0,557.0,542.0,543.0,565900,0.0,0.0
2023-12-14 10:00:00+09:00,543.0,545.0,541.0,542.0,170100,0.0,0.0
2023-12-14 11:00:00+09:00,543.0,546.0,543.0,543.0,0,0.0,0.0
2023-12-14 12:00:00+09:00,542.0,542.0,538.0,539.0,1036900,0.0,0.0
2023-12-14 13:00:00+09:00,538.0,543.0,536.0,540.0,172700,0.0,0.0
2023-12-14 14:00:00+09:00,540.0,541.0,538.0,540.0,122000,0.0,0.0
2023-12-15 09:00:00+09:00,539.0,548.0,539.0,546.0,325400,0.0,0.0
2023-12-15 10:00:00+09:00,546.0,551.0,544.0,550.0,200200,0.0,0.0
2023-12-15 11:00:00+09:00,551.0,554.0,550.0,551.0,0,0.0,0.0
2023-12-15 12:00:00+09:00,553.0,553.0,551.0,552.0,685600,0.0,0.0
2023-12-15 13:00:00+09:00,553.0,554.0,550.0,551.0,86300,0.0,0.0
2023-12-15 14:00:00+09:00,551.0,553.0,549.0,552.0,180100,0.0,0.0
2023-12-18 09:00:00+09:00,544.0,545.0,538.0,541.0,391800,0.0,0.0
2023-12-18 10:00:00+09:00,542.0,543.0,539.0,540.0,102300,0.0,0.0
2023-12-18 11:00:00+09:00,540.0,542.0,539.0,540.0,0,0.0,0.0
2023-12-18 12:00:00+09:00,541.0,548.0,541.0,546.0,753300,0.0,0.0
2023-12-18 13:00:00+09:00,547.0,550.0,546.0,550.0,82600,0.0,0.0
2023-12-18 14:00:00+09:00,550.0,554.0,549.0,554.0,155600,0.0,0.0
2023-12-19 09:00:00+09:00,550.0,551.0,546.0,550.0,197000,0.0,0.0
2023-12-19 10:00:00+09:00,549.0,550.0,546.0,547.0,130300,0.0,0.0
2023-12-19 11:00:00+09:00,547.0,548.0,546.0,547.0,0,0.0,0.0
2023-12-19 12:00:00+09:00,549.0,554.0,549.0,550.0,482600,0.0,0.0
2023-12-19 13:00:00+09:00,550.0,550.0,547.0,547.0,92200,0.0,0.0
2023-12-19 14:00:00+09:00,547.0,548.0,543.0,546.0,168800,0.0,0.0
2023-12-20 09:00:00+09:00,546.0,550.0,545.0,549.0,308500,0.0,0.0
2023-12-20 10:00:00+09:00,550.0,556.0,548.0,553.0,223100,0.0,0.0
2023-12-20 11:00:00+09:00,553.0,555.0,552.0,552.0,0,0.0,0.0
2023-12-20 12:00:00+09:00,553.0,553.0,550.0,551.0,639000,0.0,0.0
2023-12-20 13:00:00+09:00,551.0,552.0,549.0,551.0,64800,0.0,0.0
2023-12-20 14:00:00+09:00,551.0,552.0,549.0,550.0,100200,0.0,0.0
2023-12-21 09:00:00+09:00,547.0,547.0,541.0,542.0,292700,0.0,0.0
2023-12-21 10:00:00+09:00,542.0,542.0,539.0,540.0,172900,0.0,0.0
2023-12-21 11:00:00+09:00,539.0,541.0,538.0,541.0,0,0.0,0.0
2023-12-21 12:00:00+09:00,542.0,542.0,539.0,540.0,585400,0.0,0.0
2023-12-21 13:00:00+09:00,540.0,545.0,539.0,544.0,125200,0.0,0.0
2023-12-21 14:00:00+09:00,543.0,544.0,539.0,540.0,128300,0.0,0.0
2023-12-22 09:00:00+09:00,543.0,548.0,538.0,545.0,304400,0.0,0.0
2023-12-22 10:00:00+09:00,545.0,546.0,544.0,544.0,70000,0.0,0.0
2023-12-22 11:00:00+09:00,543.0,545.0,543.0,543.0,0,0.0,0.0
2023-12-22 12:00:00+09:00,543.0,544.0,542.0,543.0,443300,0.0,0.0
2023-12-22 13:00:00+09:00,543.0,547.0,542.0,542.0,78000,0.0,0.0
2023-12-22 14:00:00+09:00,542.0,545.0,541.0,542.0,84800,0.0,0.0
2023-12-25 09:00:00+09:00,550.0,554.0,548.0,552.0,313000,0.0,0.0
2023-12-25 10:00:00+09:00,551.0,553.0,548.0,549.0,139600,0.0,0.0
2023-12-25 11:00:00+09:00,549.0,549.0,548.0,549.0,0,0.0,0.0
2023-12-25 12:00:00+09:00,549.0,550.0,546.0,547.0,550500,0.0,0.0
2023-12-25 13:00:00+09:00,548.0,549.0,545.0,547.0,53400,0.0,0.0
2023-12-25 14:00:00+09:00,547.0,552.0,545.0,551.0,303800,0.0,0.0
2023-12-26 09:00:00+09:00,553.0,559.0,552.0,553.0,246400,0.0,0.0
2023-12-26 10:00:00+09:00,553.0,554.0,551.0,552.0,61900,0.0,0.0
2023-12-26 11:00:00+09:00,552.0,552.0,548.0,549.0,0,0.0,0.0
2023-12-26 12:00:00+09:00,548.0,550.0,547.0,547.0,488500,0.0,0.0
2023-12-26 13:00:00+09:00,547.0,549.0,546.0,549.0,120300,0.0,0.0
2023-12-26 14:00:00+09:00,547.0,549.0,547.0,547.0,80900,0.0,0.0
2023-12-27 09:00:00+09:00,546.0,555.0,546.0,553.0,203900,0.0,0.0
2023-12-27 10:00:00+09:00,553.0,559.0,553.0,559.0,305100,0.0,0.0
2023-12-27 11:00:00+09:00,558.0,560.0,557.0,557.0,0,0.0,0.0
2023-12-27 12:00:00+09:00,557.0,559.0,557.0,558.0,621900,0.0,0.0
2023-12-27 13:00:00+09:00,558.0,559.0,557.0,559.0,62500,0.0,0.0
2023-12-27 14:00:00+09:00,559.0,561.0,556.0,558.0,257200,0.0,0.0
2023-12-28 09:00:00+09:00,557.0,562.0,555.0,561.0,174400,0.0,0.0
2023-12-28 10:00:00+09:00,561.0,561.0,559.0,559.0,74600,0.0,0.0
2023-12-28 11:00:00+09:00,559.0,560.0,558.0,559.0,0,0.0,0.0
2023-12-28 12:00:00+09:00,559.0,561.0,558.0,559.0,391200,0.0,0.0
2023-12-28 13:00:00+09:00,559.0,560.0,559.0,559.0,45600,0.0,0.0
2023-12-28 14:00:00+09:00,559.0,564.0,559.0,559.0,191900,0.0,0.0
2023-12-29 09:00:00+09:00,573.0,574.0,566.0,569.0,519300,0.0,0.0
2023-12-29 10:00:00+09:00,569.0,576.0,568.0,572.0,306000,0.0,0.0
2023-12-29 11:00:00+09:00,573.0,574.0,572.0,573.0,0,0.0,0.0
2023-12-29 12:00:00+09:00,574.0,575.0,572.0,573.0,1055200,0.0,0.0
2023-12-29 13:00:00+09:00,574.0,575.0,572.0,575.0,148400,0.0,0.0
2023-12-29 14:00:00+09:00,575.0,578.0,572.0,574.0,322400,0.0,0.0
2024-01-04 09:00:00+09:00,578.0,585.0,568.0,584.0,574700,0.0,0.0
2024-01-04 10:00:00+09:00,585.0,588.0,584.0,587.0,234600,0.0,0.0
2024-01-04 11:00:00+09:00,587.0,588.0,585.0,587.0,0,0.0,0.0
2024-01-04 12:00:00+09:00,587.0,590.0,586.0,590.0,1056300,0.0,0.0
2024-01-04 13:00:00+09:00,590.0,597.0,589.0,597.0,323000,0.0,0.0
2024-01-04 14:00:00+09:00,596.0,603.0,596.0,599.0,350300,0.0,0.0
2024-01-05 09:00:00+09:00,600.0,602.0,596.0,598.0,466400,0.0,0.0
2024-01-05 10:00:00+09:00,598.0,603.0,598.0,601.0,235400,0.0,0.0
2024-01-05 11:00:00+09:00,600.0,602.0,598.0,602.0,0,0.0,0.0
2024-01-05 12:00:00+09:00,602.0,602.0,599.0,600.0,937500,0.0,0.0
2024-01-05 13:00:00+09:00,601.0,602.0,599.0,600.0,85800,0.0,0.0
2024-01-05 14:00:00+09:00,600.0,603.0,598.0,602.0,283300,0.0,0.0
2024-01-09 09:00:00+09:00,608.0,611.0,604.0,608.0,451500,0.0,0.0
2024-01-09 10:00:00+09:00,608.0,609.0,605.0,605.0,119400,0.0,0.0
2024-01-09 11:00:00+09:00,606.0,606.0,604.0,606.0,0,0.0,0.0
2024-01-09 12:00:00+09:00,606.0,607.0,604.0,606.0,719200,0.0,0.0
2024-01-09 13:00:00+09:00,606.0,606.0,601.0,603.0,149700,0.0,0.0
2024-01-09 14:00:00+09:00,603.0,605.0,602.0,603.0,131000,0.0,0.0
2024-01-10 09:00:00+09:00,604.0,605.0,599.0,602.0,272400,0.0,0.0
2024-01-10 10:00:00+09:00,603.0,604.0,602.0,604.0,65500,0.0,0.0
2024-01-10 11:00:00+09:00,604.0,607.0,604.0,606.0,0,0.0,0.0
2024-01-10 12:00:00+09:00,606.0,607.0,603.0,604.0,500100,0.0,0.0
2024-01-10 13:00:00+09:00,604.0,604.0,601.0,602.0,105400,0.0,0.0
2024-01-10 14:00:00+09:00,601.0,604.0,600.0,602.0,316600,0.0,0.0
2024-01-11 09:00:00+09:00,609.0,613.0,607.0,607.0,486700,0.0,0.0
2024-01-11 10:00:00+09:00,608.0,609.0,604.0,604.0,234900,0.0,0.0
2024-01-11 11:00:00+09:00,604.0,604.0,602.0,603.0,0,0.0,0.0
2024-01-11 12:00:00+09:00,603.0,603.0,601.0,601.0,926900,0.0,0.0
2024-01-11 13:00:00+09:00,601.0,602.0,599.0,601.0,192300,0.0,0.0
2024-01-11 14:00:00+09:00,602.0,604.0,600.0,600.0,167900,0.0,0.0
2024-01-12 09:00:00+09:00,605.0,608.0,601.0,604.0,0,0.0,0.0
2024-01-12 10:00:00+09:00,604.0,605.0,601.0,602.0,204300,0.0,0.0
2024-01-12 11:00:00+09:00,602.0,608.0,602.0,606.0,0,0.0,0.0
2024-01-12 12:00:00+09:00,606.0,609.0,606.0,609.0,944900,0.0,0.0
2024-01-12 13:00:00+09:00,609.0,610.0,605.0,605.0,175500,0.0,0.0
2024-01-12 14:00:00+09:00,606.0,608.0,606.0,607.0,233400,0.0,0.0
2024-01-15 09:00:00+09:00,615.0,629.0,615.0,629.0,723600,0.0,0.0
2024-01-15 10:00:00+09:00,629.0,631.0,625.0,626.0,228300,0.0,0.0
2024-01-15 11:00:00+09:00,626.0,627.0,626.0,626.0,0,0.0,0.0
2024-01-15 12:00:00+09:00,628.0,628.0,623.0,627.0,1201800,0.0,0.0
2024-01-15 13:00:00+09:00,627.0,628.0,621.0,621.0,156000,0.0,0.0
2024-01-15 14:00:00+09:00,621.0,622.0,615.0,617.0,264400,0.0,0.0
2024-01-16 09:00:00+09:00,618.0,620.0,614.0,616.0,293700,0.0,0.0
2024-01-16 10:00:00+09:00,616.0,617.0,613.0,616.0,86900,0.0,0.0
2024-01-16 11:00:00+09:00,616.0,621.0,615.0,620.0,0,0.0,0.0
2024-01-16 12:00:00+09:00,621.0,621.0,616.0,618.0,539100,0.0,0.0
2024-01-16 13:00:00+09:00,619.0,623.0,618.0,619.0,148000,0.0,0.0
2024-01-16 14:00:00+09:00,620.0,622.0,618.0,618.0,149600,0.0,0.0
2024-01-17 09:00:00+09:00,620.0,623.0,617.0,622.0,199700,0.0,0.0
2024-01-17 10:00:00+09:00,622.0,627.0,618.0,619.0,313800,0.0,0.0
2024-01-17 11:00:00+09:00,619.0,619.0,613.0,615.0,0,0.0,0.0
2024-01-17 12:00:00+09:00,613.0,613.0,603.0,603.0,1097200,0.0,0.0
2024-01-17 13:00:00+09:00,604.0,609.0,603.0,608.0,151300,0.0,0.0
2024-01-17 14:00:00+09:00,608.0,609.0,605.0,606.0,212900,0.0,0.0
2024-01-18 09:00:00+09:00,608.0,609.0,604.0,608.0,174500,0.0,0.0
2024-01-18 10:00:00+09:00,608.0,610.0,605.0,609.0,95100,0.0,0.0
2024-01-18 11:00:00+09:00,609.0,609.0,606.0,606.0,0,0.0,0.0
2024-01-18 12:00:00+09:00,606.0,606.0,604.0,605.0,364600,0.0,0.0
2024-01-18 13:00:00+09:00,605.0,605.0,600.0,601.0,105300,0.0,0.0
2024-01-18 14:00:00+09:00,600.0,603.0,599.0,600.0,201200,0.0,0.0
2024-01-19 09:00:00+09:00,606.0,606.0,601.0,601.0,193100,0.0,0.0
2024-01-19 10:00:00+09:00,602.0,604.0,601.0,603.0,80100,0.0,0.0
2024-01-19 11:00:00+09:00,602.0,602.0,599.0,601.0,0,0.0,0.0
2024-01-19 12:00:00+09:00,600.0,602.0,599.0,600.0,576800,0.0,0.0
2024-01-19 13:00:00+09:00,600.0,601.0,598.0,601.0,135500,0.0,0.0
2024-01-19 14:00:00+09:00,601.0,604.0,601.0,601.0,129800,0.0,0.0
2024-01-22 09:00:00+09:00,603.0,605.0,599.0,602.0,211000,0.0,0.0
2024-01-22 10:00:00+09:00,601.0,602.0,598.0,599.0,186600,0.0,0.0
2024-01-22 11:00:00+09:00,598.0,600.0,598.0,599.0,0,0.0,0.0
2024-01-22 12:00:00+09:00,600.0,603.0,600.0,602.0,483000,0.0,0.0
2024-01-22 13:00:00+09:00,602.0,603.0,599.0,603.0,108300,0.0,0.0
2024-01-22 14:00:00+09:00,602.0,603.0,600.0,602.0,94600,0.0,0.0
2024-01-23 09:00:00+09:00,603.0,605.0,600.0,601.0,172900,0.0,0.0
2024-01-23 10:00:00+09:00,600.0,602.0,600.0,602.0,0,0.0,0.0
2024-01-23 11:00:00+09:00,602.0,604.0,602.0,603.0,0,0.0,0.0
2024-01-23 12:00:00+09:00,602.0,604.0,598.0,598.0,549400,0.0,0.0
2024-01-23 13:00:00+09:00,599.0,601.0,599.0,600.0,106600,0.0,0.0
2024-01-23 14:00:00+09:00,600.0,600.0,594.0,595.0,244500,0.0,0.0
2024-01-24 09:00:00+09:00,595.0,599.0,590.0,592.0,329400,0.0,0.0
2024-01-24 10:00:00+09:00,592.0,592.0,583.0,585.0,522100,0.0,0.0
2024-01-24 11:00:00+09:00,586.0,587.0,585.0,586.0,0,0.0,0.0
2024-01-24 12:00:00+09:00,585.0,586.0,582.0,585.0,1022000,0.0,0.0
2024-01-24 13:00:00+09:00,585.0,585.0,584.0,584.0,0,0.0,0.0
2024-01-24 14:00:00+09:00,584.0,588.0,582.0,586.0,1371600,0.0,0.0
2024-01-25 09:00:00+09:00,590.0,591.0,584.0,585.0,177200,0.0,0.0
2024-01-25 10:00:00+09:00,584.0,586.0,580.0,584.0,312000,0.0,0.0
2024-01-25 11:00:00+09:00,584.0,586.0,583.0,585.0,0,0.0,0.0
2024-01-25 12:00:00+09:00,585.0,590.0,585.0,588.0,591700,0.0,0.0
2024-01-25 13:00:00+09:00,589.0,592.0,589.0,592.0,110100,0.0,0.0
2024-01-25 14:00:00+09:00,592.0,593.0,591.0,591.0,114900,0.0,0.0
2024-01-26 09:00:00+09:00,600.0,606.0,594.0,602.0,570600,0.0,0.0
2024-01-26 10:00:00+09:00,603.0,608.0,603.0,607.0,136800,0.0,0.0
2024-01-26 11:00:00+09:00,607.0,607.0,603.0,604.0,0,0.0,0.0
2024-01-26 12:00:00+09:00,604.0,607.0,604.0,605.0,861800,0.0,0.0
2024-01-26 13:00:00+09:00,606.0,608.0,605.0,605.0,198900,0.0,0.0
2024-01-26 14:00:00+09:00,605.0,611.0,605.0,607.0,317100,0.0,0.0
2024-01-29 09:00:00+09:00,611.0,612.0,605.0,610.0,277900,0.0,0.0
2024-01-29 10:00:00+09:00,610.0,612.0,609.0,612.0,53800,0.0,0.0
2024-01-29 11:00:00+09:00,611.0,612.0,607.0,607.0,0,0.0,0.0
2024-01-29 12:00:00+09:00,608.0,611.0,608.0,611.0,440800,0.0,0.0
2024-01-29 13:00:00+09:00,611.0,612.0,610.0,611.0,30900,0.0,0.0
2024-01-29 14:00:00+09:00,611.0,613.0,610.0,611.0,101600,0.0,0.0
2024-01-30 09:00:00+09:00,613.0,615.0,608.0,610.0,200400,0.0,0.0
2024-01-30 10:00:00+09:00,610.0,610.0,604.0,606.0,116600,0.0,0.0
2024-01-30 11:00:00+09:00,607.0,607.0,605.0,607.0,0,0.0,0.0
2024-01-30 12:00:00+09:00,606.0,606.0,604.0,606.0,385800,0.0,0.0
2024-01-30 13:00:00+09:00,607.0,609.0,606.0,609.0,62300,0.0,0.0
2024-01-30 14:00:00+09:00,609.0,610.0,608.0,609.0,147800,0.0,0.0
2024-01-31 09:00:00+09:00,607.0,611.0,606.0,608.0,127100,0.0,0.0
2024-01-31 10:00:00+09:00,608.0,609.0,608.0,609.0,45800,0.0,0.0
2024-01-31 11:00:00+09:00,609.0,610.0,608.0,609.0,0,0.0,0.0
2024-01-31 12:00:00+09:00,608.0,610.0,607.0,610.0,292100,0.0,0.0
2024-01-31 13:00:00+09:00,610.0,612.0,610.0,612.0,54000,0.0,0.0
2024-01-31 14:00:00+09:00,612.0,614.0,610.0,613.0,216800,0.0,0.0
2024-02-01 09:00:00+09:00,606.0,609.0,601.0,602.0,321800,0.0,0.0
2024-02-01 10:00:00+09:00,601.0,603.0,601.0,603.0,57700,0.0,0.0
2024-02-01 11:00:00+09:00,602.0,604.0,602.0,603.0,0,0.0,0.0
2024-02-01 12:00:00+09:00,602.0,604.0,602.0,604.0,482800,0.0,0.0
2024-02-01 13:00:00+09:00,604.0,606.0,603.0,605.0,65200,0.0,0.0
2024-02-01 14:00:00+09:00,606.0,607.0,604.0,604.0,107500,0.0,0.0
2024-02-02 09:00:00+09:00,603.0,604.0,599.0,601.0,232900,0.0,0.0
2024-02-02 10:00:00+09:00,601.0,607.0,601.0,607.0,68400,0.0,0.0
2024-02-02 11:00:00+09:00,606.0,607.0,605.0,606.0,0,0.0,0.0
2024-02-02 12:00:00+09:00,606.0,607.0,605.0,605.0,372200,0.0,0.0
2024-02-02 13:00:00+09:00,605.0,609.0,604.0,607.0,108300,0.0,0.0
2024-02-02 14:00:00+09:00,608.0,610.0,604.0,605.0,114300,0.0,0.0
2024-02-05 09:00:00+09:00,608.0,612.0,608.0,609.0,164700,0.0,0.0
2024-02-05 10:00:00+09:00,610.0,612.0,609.0,610.0,69500,0.0,0.0
2024-02-05 11:00:00+09:00,611.0,614.0,611.0,614.0,0,0.0,0.0
2024-02-05 12:00:00+09:00,614.0,615.0,612.0,613.0,439300,0.0,0.0
2024-02-05 13:00:00+09:00,613.0,614.0,611.0,611.0,87500,0.0,0.0
2024-02-05 14:00:00+09:00,611.0,615.0,611.0,615.0,172800,0.0,0.0
2024-02-06 09:00:00+09:00,615.0,615.0,607.0,608.0,181800,0.0,0.0
2024-02-06 10:00:00+09:00,609.0,610.0,607.0,610.0,91100,0.0,0.0
2024-02-06 11:00:00+09:00,609.0,609.0,608.0,608.0,0,0.0,0.0
2024-02-06 12:00:00+09:00,608.0,608.0,605.0,606.0,396500,0.0,0.0
2024-02-06 13:00:00+09:00,606.0,610.0,606.0,609.0,107200,0.0,0.0
2024-02-06 14:00:00+09:00,609.0,611.0,606.0,607.0,118300,0.0,0.0
2024-02-07 09:00:00+09:00,607.0,614.0,604.0,613.0,219100,0.0,0.0
2024-02-07 10:00:00+09:00,613.0,615.0,612.0,612.0,68700,0.0,0.0
2024-02-07 11:00:00+09:00,612.0,613.0,610.0,611.0,0,0.0,0.0
2024-02-07 12:00:00+09:00,610.0,610.0,605.0,605.0,415100,0.0,0.0
2024-02-07 13:00:00+09:00,605.0,608.0,605.0,607.0,107000,0.0,0.0
2024-02-07 14:00:00+09:00,606.0,608.0,606.0,607.0,128400,0.0,0.0
2024-02-08 09:00:00+09:00,605.0,606.0,590.0,593.0,855100,0.0,0.0
2024-02-08 10:00:00+09:00,593.0,596.0,591.0,596.0,179100,0.0,0.0
2024-02-08 11:00:00+09:00,597.0,598.0,596.0,598.0,0,0.0,0.0
2024-02-08 12:00:00+09:00,599.0,603.0,599.0,602.0,1229400,0.0,0.0
2024-02-08 13:00:00+09:00,602.0,603.0,601.0,601.0,95700,0.0,0.0
2024-02-08 14:00:00+09:00,602.0,605.0,599.0,599.0,202700,0.0,0.0
2024-02-09 09:00:00+09:00,602.0,618.0,599.0,615.0,703800,0.0,0.0
2024-02-09 10:00:00+09:00,614.0,614.0,610.0,612.0,190300,0.0,0.0
2024-02-09 11:00:00+09:00,612.0,612.0,607.0,608.0,0,0.0,0.0
2024-02-09 12:00:00+09:00,610.0,612.0,608.0,608.0,1144900,0.0,0.0
2024-02-09 13:00:00+09:00,609.0,609.0,604.0,606.0,175900,0.0,0.0
2024-02-09 14:00:00+09:00,606.0,609.0,603.0,608.0,248100,0.0,0.0
2024-02-13 09:00:00+09:00,550.0,570.0,544.0,556.0,1695500,0.0,0.0
2024-02-13 10:00:00+09:00,555.0,560.0,552.0,552.0,406000,0.0,0.0
2024-02-13 11:00:00+09:00,552.0,553.0,551.0,551.0,0,0.0,0.0
2024-02-13 12:00:00+09:00,552.0,552.0,551.0,552.0,2596800,0.0,0.0
2024-02-13 13:00:00+09:00,552.0,552.0,548.0,548.0,500700,0.0,0.0
2024-02-13 14:00:00+09:00,548.0,549.0,547.0,547.0,556000,0.0,0.0
2024-02-14 09:00:00+09:00,548.0,548.0,537.0,537.0,758000,0.0,0.0
2024-02-14 10:00:00+09:00,537.0,538.0,519.0,519.0,1054000,0.0,0.0
2024-02-14 11:00:00+09:00,519.0,523.0,515.0,516.0,0,0.0,0.0
2024-02-14 12:00:00+09:00,516.0,526.0,512.0,520.0,2721600,0.0,0.0
2024-02-14 13:00:00+09:00,520.0,523.0,518.0,520.0,278200,0.0,0.0
2024-02-14 14:00:00+09:00,519.0,526.0,519.0,525.0,391800,0.0,0.0
2024-02-15 09:00:00+09:00,525.0,526.0,510.0,510.0,637400,0.0,0.0
2024-02-15 10:00:00+09:00,511.0,514.0,505.0,505.0,421600,0.0,0.0
2024-02-15 11:00:00+09:00,507.0,510.0,506.0,506.0,0,0.0,0.0
2024-02-15 12:00:00+09:00,506.0,506.0,500.0,503.0,1592000,0.0,0.0
2024-02-15 13:00:00+09:00,503.0,507.0,502.0,505.0,227700,0.0,0.0
2024-02-15 14:00:00+09:00,505.0,511.0,503.0,504.0,570600,0.0,0.0
2024-02-16 09:00:00+09:00,503.0,513.0,499.0,506.0,608900,0.0,0.0
2024-02-16 10:00:00+09:00,507.0,515.0,507.0,513.0,201000,0.0,0.0
2024-02-16 11:00:00+09:00,513.0,517.0,513.0,517.0,0,0.0,0.0
2024-02-16 12:00:00+09:00,517.0,518.0,514.0,515.0,1117400,0.0,0.0
2024-02-16 13:00:00+09:00,514.0,517.0,513.0,513.0,148100,0.0,0.0
2024-02-16 14:00:00+09:00,514.0,516.0,512.0,513.0,210000,0.0,0.0
2024-02-19 09:00:00+09:00,516.0,530.0,515.0,530.0,578900,0.0,0.0
2024-02-19 10:00:00+09:00,529.0,532.0,529.0,532.0,297900,0.0,0.0
2024-02-19 11:00:00+09:00,532.0,534.0,531.0,534.0,0,0.0,0.0
2024-02-19 12:00:00+09:00,535.0,540.0,533.0,539.0,1184200,0.0,0.0
2024-02-19 13:00:00+09:00,540.0,542.0,538.0,542.0,255900,0.0,0.0
2024-02-19 14:00:00+09:00,541.0,546.0,540.0,540.0,444100,0.0,0.0
2024-02-20 09:00:00+09:00,551.0,553.0,540.0,544.0,507100,0.0,0.0
2024-02-20 10:00:00+09:00,543.0,544.0,538.0,538.0,160600,0.0,0.0
2024-02-20 11:00:00+09:00,538.0,539.0,536.0,538.0,0,0.0,0.0
2024-02-20 12:00:00+09:00,537.0,537.0,533.0,534.0,825800,0.0,0.0
2024-02-20 13:00:00+09:00,535.0,537.0,533.0,537.0,120900,0.0,0.0
2024-02-20 14:00:00+09:00,537.0,540.0,535.0,537.0,206100,0.0,0.0
2024-02-21 09:00:00+09:00,539.0,540.0,531.0,531.0,282500,0.0,0.0
2024-02-21 10:00:00+09:00,531.0,533.0,528.0,532.0,266500,0.0,0.0
2024-02-21 11:00:00+09:00,531.0,531.0,529.0,529.0,0,0.0,0.0
2024-02-21 12:00:00+09:00,529.0,529.0,526.0,528.0,732100,0.0,0.0
2024-02-21 13:00:00+09:00,527.0,531.0,527.0,528.0,114100,0.0,0.0
2024-02-21 14:00:00+09:00,529.0,534.0,529.0,532.0,242800,0.0,0.0
2024-02-22 09:00:00+09:00,532.0,535.0,529.0,530.0,174800,0.0,0.0
2024-02-22 10:00:00+09:00,530.0,531.0,528.0,530.0,144400,0.0,0.0
2024-02-22 11:00:00+09:00,530.0,531.0,529.0,529.0,0,0.0,0.0
2024-02-22 12:00:00+09:00,529.0,530.0,526.0,527.0,485500,0.0,0.0
2024-02-22 13:00:00+09:00,527.0,527.0,524.0,524.0,162200,0.0,0.0
2024-02-22 14:00:00+09:00,524.0,529.0,524.0,529.0,212300,0.0,0.0
2024-02-26 09:00:00+09:00,530.0,531.0,525.0,529.0,278200,0.0,0.0
2024-02-26 10:00:00+09:00,530.0,532.0,529.0,530.0,127600,0.0,0.0
2024-02-26 11:00:00+09:00,530.0,531.0,529.0,529.0,0,0.0,0.0
2024-02-26 12:00:00+09:00,529.0,530.0,527.0,530.0,546400,0.0,0.0
2024-02-26 13:00:00+09:00,529.0,529.0,526.0,527.0,73900,0.0,0.0
2024-02-26 14:00:00+09:00,527.0,528.0,521.0,522.0,514600,0.0,0.0
2024-02-27 09:00:00+09:00,521.0,535.0,521.0,533.0,455300,0.0,0.0
2024-02-27 10:00:00+09:00,533.0,537.0,532.0,536.0,225500,0.0,0.0
2024-02-27 11:00:00+09:00,537.0,539.0,535.0,537.0,0,0.0,0.0
2024-02-27 12:00:00+09:00,537.0,538.0,536.0,537.0,879000,0.0,0.0
2024-02-27 13:00:00+09:00,537.0,538.0,535.0,536.0,100100,0.0,0.0
2024-02-27 14:00:00+09:00,535.0,536.0,533.0,534.0,179700,0.0,0.0
2024-02-28 09:00:00+09:00,530.0,539.0,525.0,538.0,307900,0.0,0.0
2024-02-28 10:00:00+09:00,538.0,541.0,536.0,537.0,172700,0.0,0.0
2024-02-28 11:00:00+09:00,537.0,540.0,536.0,537.0,0,0.0,0.0
2024-02-28 12:00:00+09:00,537.0,542.0,537.0,541.0,701500,0.0,0.0
2024-02-28 13:00:00+09:00,541.0,543.0,540.0,542.0,108400,0.0,0.0
2024-02-28 14:00:00+09:00,541.0,542.0,535.0,535.0,226700,0.0,0.0
2024-02-29 09:00:00+09:00,534.0,534.0,523.0,526.0,368500,0.0,0.0
2024-02-29 10:00:00+09:00,525.0,526.0,523.0,525.0,155200,0.0,0.0
2024-02-29 11:00:00+09:00,525.0,526.0,524.0,526.0,0,0.0,0.0
2024-02-29 12:00:00+09:00,526.0,527.0,525.0,527.0,711800,0.0,0.0
2024-02-29 13:00:00+09:00,527.0,529.0,526.0,528.0,79200,0.0,0.0
2024-02-29 14:00:00+09:00,528.0,531.0,528.0,528.0,231500,0.0,0.0
2024-03-01 09:00:00+09:00,526.0,527.0,522.0,524.0,309600,0.0,0.0
2024-03-01 10:00:00+09:00,524.0,524.0,516.0,517.0,586500,0.0,0.0
2024-03-01 11:00:00+09:00,517.0,518.0,516.0,517.0,0,0.0,0.0
2024-03-01 12:00:00+09:00,517.0,519.0,516.0,517.0,1102000,0.0,0.0
2024-03-01 13:00:00+09:00,517.0,519.0,516.0,518.0,169200,0.0,0.0
2024-03-01 14:00:00+09:00,518.0,520.0,516.0,519.0,210000,0.0,0.0
2024-03-04 09:00:00+09:00,520.0,521.0,513.0,517.0,313600,0.0,0.0
2024-03-04 10:00:00+09:00,517.0,520.0,515.0,515.0,131700,0.0,0.0
2024-03-04 11:00:00+09:00,515.0,516.0,513.0,515.0,0,0.0,0.0
2024-03-04 12:00:00+09:00,515.0,516.0,513.0,514.0,638900,0.0,0.0
2024-03-04 13:00:00+09:00,513.0,515.0,512.0,515.0,182200,0.0,0.0
2024-03-04 14:00:00+09:00,514.0,516.0,514.0,516.0,156300,0.0,0.0
2024-03-05 09:00:00+09:00,511.0,512.0,508.0,508.0,243700,0.0,0.0
2024-03-05 10:00:00+09:00,508.0,511.0,507.0,510.0,124400,0.0,0.0
2024-03-05 11:00:00+09:00,510.0,511.0,510.0,511.0,0,0.0,0.0
2024-03-05 12:00:00+09:00,510.0,511.0,509.0,510.0,438600,0.0,0.0
2024-03-05 13:00:00+09:00,511.0,512.0,511.0,512.0,30800,0.0,0.0
2024-03-05 14:00:00+09:00,511.0,512.0,509.0,511.0,123700,0.0,0.0
2024-03-06 09:00:00+09:00,510.0,526.0,508.0,526.0,639500,0.0,0.0
2024-03-06 10:00:00+09:00,526.0,526.0,523.0,526.0,213400,0.0,0.0
2024-03-06 11:00:00+09:00,525.0,526.0,524.0,525.0,0,0.0,0.0
2024-03-06 12:00:00+09:00,526.0,528.0,524.0,527.0,1125800,0.0,0.0
2024-03-06 13:00:00+09:00,527.0,529.0,526.0,528.0,207800,0.0,0.0
2024-03-06 14:00:00+09:00,529.0,530.0,525.0,525.0,222200,0.0,0.0
2024-03-07 09:00:00+09:00,527.0,528.0,524.0,526.0,372300,0.0,0.0
2024-03-07 10:00:00+09:00,525.0,525.0,521.0,521.0,263500,0.0,0.0
2024-03-07 11:00:00+09:00,521.0,522.0,519.0,519.0,0,0.0,0.0
2024-03-07 12:00:00+09:00,517.0,519.0,515.0,517.0,965600,0.0,0.0
2024-03-07 13:00:00+09:00,517.0,518.0,515.0,516.0,173200,0.0,0.0
2024-03-07 14:00:00+09:00,516.0,517.0,514.0,514.0,274200,0.0,0.0
2024-03-08 09:00:00+09:00,511.0,516.0,509.0,515.0,411200,0.0,0.0
2024-03-08 10:00:00+09:00,515.0,519.0,515.0,516.0,136600,0.0,0.0
2024-03-08 11:00:00+09:00,515.0,516.0,515.0,516.0,0,0.0,0.0
2024-03-08 12:00:00+09:00,516.0,518.0,515.0,517.0,623700,0.0,0.0
2024-03-08 13:00:00+09:00,517.0,518.0,515.0,515.0,109000,0.0,0.0
2024-03-08 14:00:00+09:00,515.0,515.0,512.0,513.0,225000,0.0,0.0
2024-03-11 09:00:00+09:00,509.0,510.0,505.0,505.0,614600,0.0,0.0
2024-03-11 10:00:00+09:00,505.0,509.0,505.0,507.0,112100,0.0,0.0
2024-03-11 11:00:00+09:00,507.0,508.0,505.0,507.0,0,0.0,0.0
2024-03-11 12:00:00+09:00,506.0,506.0,500.0,501.0,1055800,0.0,0.0
2024-03-11 13:00:00+09:00,501.0,501.0,496.0,496.0,508300,0.0,0.0
2024-03-11 14:00:00+09:00,497.0,499.0,492.0,498.0,530800,0.0,0.0
2024-03-12 09:00:00+09:00,499.0,503.0,492.0,501.0,340300,0.0,0.0
2024-03-12 10:00:00+09:00,501.0,503.0,499.0,499.0,85800,0.0,0.0
2024-03-12 11:00:00+09:00,499.0,504.0,499.0,504.0,0,0.0,0.0
2024-03-12 12:00:00+09:00,504.0,507.0,504.0,505.0,547900,0.0,0.0
2024-03-12 13:00:00+09:00,506.0,509.0,506.0,508.0,157200,0.0,0.0
2024-03-12 14:00:00+09:00,508.0,510.0,505.0,508.0,235400,0.0,0.0
2024-03-13 09:00:00+09:00,509.0,512.0,508.0,508.0,239000,0.0,0.0
2024-03-13 10:00:00+09:00,508.0,508.0,506.0,506.0,82500,0.0,0.0
2024-03-13 11:00:00+09:00,508.0,509.0,508.0,508.0,0,0.0,0.0
2024-03-13 12:00:00+09:00,509.0,509.0,506.0,507.0,450200,0.0,0.0
2024-03-13 13:00:00+09:00,507.0,509.0,507.0,509.0,48200,0.0,0.0
2024-03-13 14:00:00+09:00,509.0,509.0,507.0,507.0,77000,0.0,0.0
2024-03-14 09:00:00+09:00,507.0,513.0,505.0,512.0,291000,0.0,0.0
2024-03-14 10:00:00+09:00,511.0,514.0,510.0,513.0,87300,0.0,0.0
2024-03-14 11:00:00+09:00,513.0,514.0,512.0,513.0,0,0.0,0.0
2024-03-14 12:00:00+09:00,512.0,515.0,512.0,514.0,481900,0.0,0.0
2024-03-14 13:00:00+09:00,514.0,514.0,511.0,514.0,58700,0.0,0.0
2024-03-14 14:00:00+09:00,514.0,518.0,513.0,517.0,183800,0.0,0.0
2024-03-15 09:00:00+09:00,513.0,517.0,511.0,514.0,127600,0.0,0.0
2024-03-15 10:00:00+09:00,514.0,515.0,512.0,515.0,49100,0.0,0.0
2024-03-15 11:00:00+09:00,515.0,516.0,514.0,515.0,0,0.0,0.0
2024-03-15 12:00:00+09:00,516.0,516.0,515.0,515.0,257900,0.0,0.0
2024-03-15 13:00:00+09:00,515.0,515.0,513.0,514.0,80900,0.0,0.0
2024-03-15 14:00:00+09:00,515.0,517.0,514.0,517.0,140800,0.0,0.0
2024-03-18 09:00:00+09:00,520.0,526.0,518.0,523.0,358500,0.0,0.0
2024-03-18 10:00:00+09:00,523.0,526.0,523.0,524.0,101500,0.0,0.0
2024-03-18 11:00:00+09:00,524.0,526.0,523.0,526.0,0,0.0,0.0
2024-03-18 12:00:00+09:00,525.0,527.0,525.0,526.0,558700,0.0,0.0
2024-03-18 13:00:00+09:00,526.0,526.0,522.0,524.0,90700,0.0,0.0
2024-03-18 14:00:00+09:00,524.0,525.0,521.0,521.0,111300,0.0,0.0
2024-03-19 09:00:00+09:00,518.0,520.0,514.0,519.0,195100,0.0,0.0
2024-03-19 10:00:00+09:00,518.0,520.0,517.0,517.0,78700,0.0,0.0
2024-03-19 11:00:00+09:00,517.0,517.0,516.0,517.0,0,0.0,0.0
2024-03-19 12:00:00+09:00,516.0,521.0,513.0,520.0,521900,0.0,0.0
2024-03-19 13:00:00+09:00,520.0,522.0,520.0,522.0,71400,0.0,0.0
2024-03-19 14:00:00+09:00,521.0,525.0,521.0,523.0,109400,0.0,0.0
2024-03-21 09:00:00+09:00,527.0,530.0,524.0,525.0,412900,0.0,0.0
2024-03-21 10:00:00+09:00,526.0,527.0,524.0,527.0,148200,0.0,0.0
2024-03-21 11:00:00+09:00,527.0,529.0,527.0,528.0,0,0.0,0.0
2024-03-21 12:00:00+09:00,528.0,528.0,525.0,526.0,706100,0.0,0.0
2024-03-21 13:00:00+09:00,525.0,528.0,525.0,527.0,123700,0.0,0.0
2024-03-21 14:00:00+09:00,527.0,527.0,525.0,527.0,114300,0.0,0.0
2024-03-22 09:00:00+09:00,527.0,529.0,523.0,524.0,348800,0.0,0.0
2024-03-22 10:00:00+09:00,524.0,532.0,524.0,529.0,323100,0.0,0.0
2024-03-22 11:00:00+09:00,530.0,531.0,528.0,531.0,0,0.0,0.0
2024-03-22 12:00:00+09:00,531.0,531.0,528.0,528.0,785400,0.0,0.0
2024-03-22 13:00:00+09:00,528.0,529.0,527.0,528.0,27000,0.0,0.0
2024-03-22 14:00:00+09:00,528.0,528.0,526.0,528.0,52100,0.0,0.0
2024-03-25 09:00:00+09:00,528.0,530.0,525.0,529.0,155600,0.0,0.0
2024-03-25 10:00:00+09:00,530.0,531.0,528.0,529.0,82300,0.0,0.0
2024-03-25 11:00:00+09:00,528.0,530.0,527.0,530.0,0,0.0,0.0
2024-03-25 12:00:00+09:00,528.0,530.0,528.0,528.0,342800,0.0,0.0
2024-03-25 13:00:00+09:00,528.0,529.0,527.0,527.0,71900,0.0,0.0
2024-03-25 14:00:00+09:00,527.0,527.0,524.0,524.0,139300,0.0,0.0
2024-03-26 09:00:00+09:00,525.0,525.0,519.0,524.0,354500,0.0,0.0
2024-03-26 10:00:00+09:00,524.0,526.0,523.0,525.0,93700,0.0,0.0
2024-03-26 11:00:00+09:00,525.0,528.0,524.0,528.0,0,0.0,0.0
2024-03-26 12:00:00+09:00,528.0,529.0,526.0,527.0,643600,0.0,0.0
2024-03-26 13:00:00+09:00,527.0,529.0,526.0,527.0,72900,0.0,0.0
2024-03-26 14:00:00+09:00,527.0,527.0,523.0,524.0,111300,0.0,0.0
2024-03-27 09:00:00+09:00,528.0,528.0,524.0,526.0,136400,0.0,0.0
2024-03-27 10:00:00+09:00,527.0,529.0,526.0,527.0,102600,0.0,0.0
2024-03-27 11:00:00+09:00,528.0,528.0,527.0,527.0,0,0.0,0.0
2024-03-27 12:00:00+09:00,528.0,528.0,526.0,527.0,325100,0.0,0.0
2024-03-27 13:00:00+09:00,526.0,526.0,524.0,524.0,49000,0.0,0.0
2024-03-27 14:00:00+09:00,524.0,528.0,523.0,527.0,141500,0.0,0.0
2024-03-28 09:00:00+09:00,526.0,529.0,521.0,526.0,263500,0.0,0.0
2024-03-28 10:00:00+09:00,525.0,528.0,524.0,524.0,94500,0.0,0.0
2024-03-28 11:00:00+09:00,524.0,525.0,524.0,525.0,0,0.0,0.0
2024-03-28 12:00:00+09:00,525.0,525.0,523.0,524.0,450600,0.0,0.0
2024-03-28 13:00:00+09:00,523.0,524.0,522.0,523.0,59300,0.0,0.0
2024-03-28 14:00:00+09:00,523.0,524.0,516.0,516.0,308200,0.0,0.0
2024-03-29 09:00:00+09:00,520.0,534.0,520.0,527.0,523700,0.0,0.0
2024-03-29 10:00:00+09:00,527.0,528.0,527.0,527.0,50500,0.0,0.0
2024-03-29 11:00:00+09:00,528.0,529.0,527.0,528.0,0,0.0,0.0
2024-03-29 12:00:00+09:00,527.0,528.0,527.0,528.0,704700,0.0,0.0
2024-03-29 13:00:00+09:00,527.0,529.0,527.0,528.0,76800,0.0,0.0
2024-03-29 14:00:00+09:00,529.0,529.0,527.0,528.0,91000,0.0,0.0
2024-04-01 09:00:00+09:00,533.0,533.0,525.0,526.0,256300,0.0,0.0
2024-04-01 10:00:00+09:00,526.0,527.0,522.0,522.0,159400,0.0,0.0
2024-04-01 11:00:00+09:00,522.0,522.0,520.0,522.0,0,0.0,0.0
2024-04-01 12:00:00+09:00,521.0,525.0,521.0,525.0,586400,0.0,0.0
2024-04-01 13:00:00+09:00,525.0,525.0,523.0,524.0,57800,0.0,0.0
2024-04-01 14:00:00+09:00,523.0,524.0,522.0,522.0,190200,0.0,0.0
2024-04-02 09:00:00+09:00,525.0,525.0,518.0,523.0,181900,0.0,0.0
2024-04-02 10:00:00+09:00,524.0,524.0,519.0,520.0,121300,0.0,0.0
2024-04-02 11:00:00+09:00,519.0,519.0,517.0,517.0,0,0.0,0.0
2024-04-02 12:00:00+09:00,518.0,519.0,516.0,518.0,465800,0.0,0.0
2024-04-02 13:00:00+09:00,517.0,517.0,515.0,517.0,83700,0.0,0.0
2024-04-02 14:00:00+09:00,517.0,519.0,515.0,519.0,145900,0.0,0.0
2024-04-03 09:00:00+09:00,511.0,521.0,511.0,520.0,292700,0.0,0.0
2024-04-03 10:00:00+09:00,521.0,522.0,517.0,520.0,102500,0.0,0.0
2024-04-03 11:00:00+09:00,520.0,520.0,519.0,519.0,0,0.0,0.0
2024-04-03 12:00:00+09:00,521.0,524.0,520.0,523.0,515300,0.0,0.0
2024-04-03 13:00:00+09:00,523.0,524.0,519.0,520.0,98800,0.0,0.0
2024-04-03 14:00:00+09:00,519.0,519.0,515.0,517.0,120200,0.0,0.0
2024-04-04 09:00:00+09:00,518.0,519.0,515.0,518.0,278900,0.0,0.0
2024-04-04 10:00:00+09:00,518.0,521.0,517.0,519.0,95300,0.0,0.0
2024-04-04 11:00:00+09:00,519.0,519.0,512.0,514.0,0,0.0,0.0
2024-04-04 12:00:00+09:00,514.0,516.0,513.0,516.0,883500,0.0,0.0
2024-04-04 13:00:00+09:00,516.0,517.0,514.0,515.0,128000,0.0,0.0
2024-04-04 14:00:00+09:00,516.0,516.0,514.0,514.0,124300,0.0,0.0
2024-04-05 09:00:00+09:00,511.0,515.0,510.0,514.0,259500,0.0,0.0
2024-04-05 10:00:00+09:00,514.0,514.0,510.0,512.0,132700,0.0,0.0
2024-04-05 11:00:00+09:00,513.0,514.0,513.0,514.0,0,0.0,0.0
2024-04-05 12:00:00+09:00,515.0,521.0,514.0,521.0,584800,0.0,0.0
2024-04-05 13:00:00+09:00,520.0,522.0,517.0,518.0,102100,0.0,0.0
2024-04-05 14:00:00+09:00,518.0,519.0,513.0,517.0,327700,0.0,0.0
2024-04-08 09:00:00+09:00,521.0,527.0,517.0,519.0,160600,0.0,0.0
2024-04-08 10:00:00+09:00,519.0,521.0,519.0,520.0,45300,0.0,0.0
2024-04-08 11:00:00+09:00,521.0,522.0,519.0,522.0,0,0.0,0.0
2024-04-08 12:00:00+09:00,522.0,522.0,518.0,519.0,345200,0.0,0.0
2024-04-08 13:00:00+09:00,519.0,522.0,519.0,521.0,63200,0.0,0.0
2024-04-08 14:00:00+09:00,521.0,522.0,520.0,521.0,76800,0.0,0.0
2024-04-09 09:00:00+09:00,524.0,524.0,521.0,521.0,92500,0.0,0.0
2024-04-09 10:00:00+09:00,521.0,522.0,520.0,522.0,68000,0.0,0.0
2024-04-09 11:00:00+09:00,522.0,528.0,522.0,526.0,0,0.0,0.0
2024-04-09 12:00:00+09:00,527.0,529.0,526.0,529.0,399700,0.0,0.0
2024-04-09 13:00:00+09:00,529.0,531.0,527.0,528.0,350000,0.0,0.0
2024-04-09 14:00:00+09:00,529.0,532.0,529.0,529.0,210400,0.0,0.0
2024-04-10 09:00:00+09:00,529.0,537.0,529.0,535.0,328500,0.0,0.0
2024-04-10 10:00:00+09:00,536.0,538.0,534.0,538.0,146600,0.0,0.0
2024-04-10 11:00:00+09:00,538.0,540.0,538.0,539.0,0,0.0,0.0
2024-04-10 12:00:00+09:00,540.0,541.0,538.0,538.0,782200,0.0,0.0
2024-04-10 13:00:00+09:00,538.0,538.0,535.0,536.0,139800,0.0,0.0
2024-04-10 14:00:00+09:00,535.0,537.0,532.0,532.0,146200,0.0,0.0
2024-04-11 09:00:00+09:00,525.0,526.0,519.0,525.0,399300,0.0,0.0
2024-04-11 10:00:00+09:00,526.0,526.0,523.0,523.0,54400,0.0,0.0
2024-04-11 11:00:00+09:00,523.0,525.0,523.0,524.0,0,0.0,0.0
2024-04-11 12:00:00+09:00,524.0,527.0,524.0,525.0,570800,0.0,0.0
2024-04-11 13:00:00+09:00,525.0,526.0,522.0,524.0,145100,0.0,0.0
2024-04-11 14:00:00+09:00,524.0,525.0,522.0,525.0,70700,0.0,0.0
2024-04-12 09:00:00+09:00,525.0,531.0,523.0,531.0,277500,0.0,0.0
2024-04-12 10:00:00+09:00,530.0,530.0,527.0,529.0,55200,0.0,0.0
2024-04-12 11:00:00+09:00,529.0,529.0,528.0,528.0,0,0.0,0.0
2024-04-12 12:00:00+09:00,528.0,529.0,527.0,527.0,404900,0.0,0.0
2024-04-12 13:00:00+09:00,527.0,528.0,526.0,528.0,60600,0.0,0.0
2024-04-12 14:00:00+09:00,528.0,529.0,527.0,529.0,79300,0.0,0.0
2024-04-15 09:00:00+09:00,525.0,529.0,523.0,527.0,0,0.0,0.0
2024-04-15 10:00:00+09:00,527.0,531.0,526.0,530.0,394900,0.0,0.0
2024-04-15 11:00:00+09:00,530.0,531.0,526.0,526.0,0,0.0,0.0
2024-04-15 12:00:00+09:00,526.0,528.0,526.0,526.0,500700,0.0,0.0
2024-04-15 13:00:00+09:00,527.0,527.0,525.0,525.0,34000,0.0,0.0
2024-04-15 14:00:00+09:00,525.0,527.0,525.0,526.0,75000,0.0,0.0
2024-04-16 09:00:00+09:00,524.0,525.0,514.0,516.0,380100,0.0,0.0
2024-04-16 10:00:00+09:00,516.0,518.0,514.0,516.0,107400,0.0,0.0
2024-04-16 11:00:00+09:00,516.0,517.0,513.0,513.0,0,0.0,0.0
2024-04-16 12:00:00+09:00,514.0,514.0,511.0,514.0,722300,0.0,0.0
2024-04-16 13:00:00+09:00,514.0,514.0,512.0,513.0,76000,0.0,0.0
2024-04-16 14:00:00+09:00,513.0,516.0,513.0,513.0,189600,0.0,0.0
2024-04-17 09:00:00+09:00,513.0,515.0,500.0,503.0,438600,0.0,0.0
2024-04-17 10:00:00+09:00,503.0,503.0,498.0,502.0,299300,0.0,0.0
2024-04-17 11:00:00+09:00,502.0,504.0,502.0,504.0,0,0.0,0.0
2024-04-17 12:00:00+09:00,506.0,507.0,504.0,507.0,833000,0.0,0.0
2024-04-17 13:00:00+09:00,506.0,507.0,504.0,505.0,61500,0.0,0.0
2024-04-17 14:00:00+09:00,505.0,506.0,502.0,502.0,118900,0.0,0.0
2024-04-18 09:00:00+09:00,499.0,506.0,498.0,503.0,214500,0.0,0.0
2024-04-18 10:00:00+09:00,503.0,506.0,503.0,506.0,95400,0.0,0.0
2024-04-18 11:00:00+09:00,506.0,509.0,506.0,509.0,0,0.0,0.0
2024-04-18 12:00:00+09:00,509.0,511.0,508.0,510.0,388200,0.0,0.0
2024-04-18 13:00:00+09:00,510.0,514.0,509.0,509.0,106000,0.0,0.0
2024-04-18 14:00:00+09:00,509.0,511.0,508.0,509.0,124900,0.0,0.0
2024-04-19 09:00:00+09:00,509.0,509.0,503.0,505.0,119700,0.0,0.0
2024-04-19 10:00:00+09:00,504.0,505.0,497.0,498.0,414900,0.0,0.0
2024-04-19 11:00:00+09:00,498.0,499.0,494.0,495.0,0,0.0,0.0
2024-04-19 12:00:00+09:00,496.0,501.0,496.0,499.0,750800,0.0,0.0
2024-04-19 13:00:00+09:00,499.0,500.0,497.0,498.0,73500,0.0,0.0
2024-04-19 14:00:00+09:00,498.0,500.0,497.0,497.0,117100,0.0,0.0
2024-04-22 09:00:00+09:00,506.0,510.0,503.0,508.0,281100,0.0,0.0
2024-04-22 10:00:00+09:00,508.0,512.0,506.0,509.0,142400,0.0,0.0
2024-04-22 11:00:00+09:00,510.0,514.0,510.0,514.0,0,0.0,0.0
2024-04-22 12:00:00+09:00,513.0,514.0,510.0,512.0,718400,0.0,0.0
2024-04-22 13:00:00+09:00,512.0,514.0,511.0,512.0,69800,0.0,0.0
2024-04-22 14:00:00+09:00,512.0,513.0,509.0,510.0,125700,0.0,0.0
2024-04-23 09:00:00+09:00,517.0,517.0,512.0,513.0,153100,0.0,0.0
2024-04-23 10:00:00+09:00,513.0,513.0,510.0,510.0,36400,0.0,0.0
2024-04-23 11:00:00+09:00,510.0,512.0,509.0,512.0,0,0.0,0.0
2024-04-23 12:00:00+09:00,511.0,513.0,511.0,511.0,242900,0.0,0.0
2024-04-23 13:00:00+09:00,511.0,512.0,511.0,511.0,20000,0.0,0.0
2024-04-23 14:00:00+09:00,512.0,513.0,510.0,510.0,63000,0.0,0.0
2024-04-24 09:00:00+09:00,514.0,515.0,511.0,513.0,119700,0.0,0.0
2024-04-24 10:00:00+09:00,513.0,517.0,512.0,516.0,213300,0.0,0.0
2024-04-24 11:00:00+09:00,516.0,520.0,516.0,519.0,0,0.0,0.0
2024-04-24 12:00:00+09:00,517.0,521.0,517.0,519.0,526400,0.0,0.0
2024-04-24 13:00:00+09:00,520.0,520.0,517.0,517.0,50100,0.0,0.0
2024-04-24 14:00:00+09:00,517.0,520.0,517.0,518.0,107500,0.0,0.0
2024-04-25 09:00:00+09:00,518.0,518.0,514.0,517.0,106800,0.0,0.0
2024-04-25 10:00:00+09:00,517.0,518.0,516.0,516.0,33200,0.0,0.0
2024-04-25 11:00:00+09:00,517.0,518.0,516.0,518.0,0,0.0,0.0
2024-04-25 12:00:00+09:00,517.0,518.0,516.0,518.0,187000,0.0,0.0
2024-04-25 13:00:00+09:00,519.0,519.0,516.0,516.0,47700,0.0,0.0
2024-04-25 14:00:00+09:00,516.0,516.0,514.0,515.0,65900,0.0,0.0
2024-04-26 09:00:00+09:00,514.0,514.0,507.0,508.0,235500,0.0,0.0
2024-04-26 10:00:00+09:00,508.0,512.0,507.0,510.0,75100,0.0,0.0
2024-04-26 11:00:00+09:00,510.0,512.0,510.0,511.0,0,0.0,0.0
2024-04-26 12:00:00+09:00,512.0,516.0,512.0,514.0,402300,0.0,0.0
2024-04-26 13:00:00+09:00,514.0,518.0,514.0,517.0,64400,0.0,0.0
2024-04-26 14:00:00+09:00,517.0,519.0,516.0,518.0,76900,0.0,0.0
2024-04-30 09:00:00+09:00,523.0,532.0,522.0,531.0,573800,0.0,0.0
2024-04-30 10:00:00+09:00,531.0,531.0,528.0,530.0,99500,0.0,0.0
2024-04-30 11:00:00+09:00,530.0,531.0,527.0,527.0,0,0.0,0.0
2024-04-30 12:00:00+09:00,526.0,530.0,525.0,528.0,777700,0.0,0.0
2024-04-30 13:00:00+09:00,528.0,529.0,526.0,528.0,49400,0.0,0.0
2024-04-30 14:00:00+09:00,529.0,530.0,526.0,529.0,237000,0.0,0.0
2024-05-01 09:00:00+09:00,525.0,526.0,521.0,523.0,191400,0.0,0.0
2024-05-01 10:00:00+09:00,522.0,524.0,520.0,522.0,70600,0.0,0.0
2024-05-01 11:00:00+09:00,522.0,524.0,522.0,524.0,0,0.0,0.0
2024-05-01 12:00:00+09:00,522.0,525.0,522.0,525.0,311600,0.0,0.0
2024-05-01 13:00:00+09:00,525.0,525.0,523.0,523.0,47700,0.0,0.0
2024-05-01 14:00:00+09:00,523.0,527.0,523.0,525.0,174400,0.0,0.0
2024-05-02 09:00:00+09:00,522.0,523.0,518.0,519.0,175500,0.0,0.0
2024-05-02 10:00:00+09:00,519.0,520.0,517.0,520.0,92300,0.0,0.0
2024-05-02 11:00:00+09:00,520.0,522.0,520.0,521.0,0,0.0,0.0
2024-05-02 12:00:00+09:00,522.0,525.0,522.0,524.0,367000,0.0,0.0
2024-05-02 13:00:00+09:00,524.0,524.0,523.0,523.0,14600,0.0,0.0
2024-05-02 14:00:00+09:00,523.0,524.0,520.0,520.0,106800,0.0,0.0
2024-05-07 09:00:00+09:00,524.0,525.0,520.0,521.0,161400,0.0,0.0
2024-05-07 10:00:00+09:00,522.0,525.0,522.0,523.0,150400,0.0,0.0
2024-05-07 11:00:00+09:00,524.0,525.0,523.0,524.0,0,0.0,0.0
2024-05-07 12:00:00+09:00,523.0,526.0,523.0,525.0,384300,0.0,0.0
2024-05-07 13:00:00+09:00,524.0,527.0,524.0,524.0,76200,0.0,0.0
2024-05-07 14:00:00+09:00,524.0,526.0,524.0,525.0,85100,0.0,0.0
2024-05-08 09:00:00+09:00,528.0,532.0,526.0,532.0,280500,0.0,0.0
2024-05-08 10:00:00+09:00,531.0,532.0,527.0,528.0,78100,0.0,0.0
2024-05-08 11:00:00+09:00,527.0,528.0,526.0,527.0,0,0.0,0.0
2024-05-08 12:00:00+09:00,526.0,528.0,526.0,528.0,456300,0.0,0.0
2024-05-08 13:00:00+09:00,528.0,528.0,514.0,518.0,442500,0.0,0.0
2024-05-08 14:00:00+09:00,518.0,520.0,517.0,518.0,111600,0.0,0.0
2024-05-09 09:00:00+09:00,520.0,521.0,511.0,511.0,309500,0.0,0.0
2024-05-09 10:00:00+09:00,511.0,517.0,511.0,517.0,147200,0.0,0.0
2024-05-09 11:00:00+09:00,516.0,520.0,516.0,519.0,0,0.0,0.0
2024-05-09 12:00:00+09:00,519.0,521.0,517.0,517.0,610600,0.0,0.0
2024-05-09 13:00:00+09:00,518.0,520.0,517.0,518.0,115600,0.0,0.0
2024-05-09 14:00:00+09:00,518.0,519.0,515.0,515.0,177400,0.0,0.0
2024-05-10 09:00:00+09:00,522.0,526.0,519.0,523.0,217700,0.0,0.0
2024-05-10 10:00:00+09:00,523.0,524.0,520.0,522.0,136000,0.0,0.0
2024-05-10 11:00:00+09:00,521.0,524.0,520.0,523.0,0,0.0,0.0
2024-05-10 12:00:00+09:00,523.0,523.0,518.0,521.0,530100,0.0,0.0
2024-05-10 13:00:00+09:00,521.0,522.0,519.0,522.0,105200,0.0,0.0
2024-05-10 14:00:00+09:00,521.0,524.0,520.0,524.0,269200,0.0,0.0
2024-05-13 09:00:00+09:00,477.0,480.0,462.0,465.0,1682200,0.0,0.0
2024-05-13 10:00:00+09:00,465.0,466.0,461.0,462.0,408200,0.0,0.0
2024-05-13 11:00:00+09:00,462.0,462.0,461.0,462.0,0,0.0,0.0
2024-05-13 12:00:00+09:00,462.0,462.0,461.0,462.0,2717400,0.0,0.0
2024-05-13 13:00:00+09:00,462.0,462.0,457.0,457.0,933000,0.0,0.0
2024-05-13 14:00:00+09:00,457.0,458.0,456.0,458.0,917900,0.0,0.0
2024-05-14 09:00:00+09:00,456.0,474.0,454.0,461.0,1046800,0.0,0.0
2024-05-14 10:00:00+09:00,461.0,462.0,460.0,460.0,109000,0.0,0.0
2024-05-14 11:00:00+09:00,460.0,461.0,459.0,459.0,0,0.0,0.0
2024-05-14 12:00:00+09:00,460.0,460.0,458.0,460.0,1395400,0.0,0.0
2024-05-14 13:00:00+09:00,460.0,463.0,460.0,461.0,292900,0.0,0.0
2024-05-14 14:00:00+09:00,461.0,463.0,460.0,462.0,265100,0.0,0.0
2024-05-15 09:00:00+09:00,462.0,476.0,461.0,475.0,659200,0.0,0.0
2024-05-15 10:00:00+09:00,476.0,476.0,470.0,472.0,214300,0.0,0.0
2024-05-15 11:00:00+09:00,473.0,473.0,468.0,468.0,0,0.0,0.0
2024-05-15 12:00:00+09:00,469.0,471.0,468.0,469.0,1118100,0.0,0.0
2024-05-15 13:00:00+09:00,469.0,469.0,466.0,466.0,93400,0.0,0.0
2024-05-15 14:00:00+09:00,466.0,467.0,462.0,463.0,259800,0.0,0.0
2024-05-16 09:00:00+09:00,462.0,463.0,451.0,452.0,650700,0.0,0.0
2024-05-16 10:00:00+09:00,451.0,452.0,447.0,449.0,331300,0.0,0.0
2024-05-16 11:00:00+09:00,450.0,451.0,448.0,450.0,0,0.0,0.0
2024-05-16 12:00:00+09:00,450.0,454.0,450.0,453.0,1271500,0.0,0.0
2024-05-16 13:00:00+09:00,453.0,453.0,448.0,450.0,165300,0.0,0.0
2024-05-16 14:00:00+09:00,449.0,452.0,449.0,450.0,138700,0.0,0.0
2024-05-17 09:00:00+09:00,446.0,450.0,443.0,449.0,359700,0.0,0.0
2024-05-17 10:00:00+09:00,449.0,456.0,449.0,455.0,170600,0.0,0.0
2024-05-17 11:00:00+09:00,455.0,456.0,453.0,454.0,0,0.0,0.0
2024-05-17 12:00:00+09:00,454.0,458.0,452.0,457.0,617800,0.0,0.0
2024-05-17 13:00:00+09:00,457.0,459.0,454.0,456.0,127000,0.0,0.0
2024-05-17 14:00:00+09:00,456.0,456.0,453.0,456.0,66200,0.0,0.0
2024-05-20 09:00:00+09:00,455.0,469.0,455.0,465.0,372700,0.0,0.0
2024-05-20 10:00:00+09:00,464.0,467.0,463.0,466.0,131600,0.0,0.0
2024-05-20 11:00:00+09:00,466.0,468.0,466.0,467.0,0,0.0,0.0
2024-05-20 12:00:00+09:00,467.0,468.0,465.0,465.0,610000,0.0,0.0
2024-05-20 13:00:00+09:00,465.0,466.0,463.0,463.0,43400,0.0,0.0
2024-05-20 14:00:00+09:00,463.0,464.0,461.0,464.0,138500,0.0,0.0
2024-05-21 09:00:00+09:00,463.0,466.0,455.0,455.0,346900,0.0,0.0
2024-05-21 10:00:00+09:00,455.0,456.0,452.0,452.0,170100,0.0,0.0
2024-05-21 11:00:00+09:00,452.0,452.0,450.0,452.0,0,0.0,0.0
2024-05-21 12:00:00+09:00,451.0,452.0,451.0,451.0,731000,0.0,0.0
2024-05-21 13:00:00+09:00,451.0,451.0,445.0,446.0,514400,0.0,0.0
2024-05-21 14:00:00+09:00,446.0,448.0,443.0,446.0,509500,0.0,0.0
2024-05-22 09:00:00+09:00,440.0,442.0,432.0,434.0,665000,0.0,0.0
2024-05-22 10:00:00+09:00,434.0,436.0,432.0,433.0,189700,0.0,0.0
2024-05-22 11:00:00+09:00,433.0,434.0,433.0,433.0,0,0.0,0.0
2024-05-22 12:00:00+09:00,433.0,435.0,433.0,435.0,1134000,0.0,0.0
2024-05-22 13:00:00+09:00,435.0,436.0,434.0,435.0,80100,0.0,0.0
2024-05-22 14:00:00+09:00,435.0,441.0,435.0,438.0,280400,0.0,0.0
2024-05-23 09:00:00+09:00,439.0,448.0,438.0,447.0,383900,0.0,0.0
2024-05-23 10:00:00+09:00,447.0,451.0,447.0,449.0,244000,0.0,0.0
2024-05-23 11:00:00+09:00,450.0,454.0,449.0,452.0,0,0.0,0.0
2024-05-23 12:00:00+09:00,453.0,453.0,447.0,450.0,942400,0.0,0.0
2024-05-23 13:00:00+09:00,449.0,453.0,447.0,452.0,288700,0.0,0.0
2024-05-23 14:00:00+09:00,452.0,454.0,449.0,452.0,447500,0.0,0.0
2024-05-24 09:00:00+09:00,448.0,453.0,444.0,453.0,205700,0.0,0.0
2024-05-24 10:00:00+09:00,453.0,458.0,453.0,457.0,210100,0.0,0.0
2024-05-24 11:00:00+09:00,457.0,459.0,457.0,457.0,0,0.0,0.0
2024-05-24 12:00:00+09:00,458.0,463.0,458.0,461.0,710200,0.0,0.0
2024-05-24 13:00:00+09:00,462.0,463.0,458.0,459.0,224200,0.0,0.0
2024-05-24 14:00:00+09:00,460.0,462.0,458.0,460.0,259000,0.0,0.0
2024-05-27 09:00:00+09:00,462.0,471.0,461.0,466.0,392200,0.0,0.0
2024-05-27 10:00:00+09:00,466.0,466.0,464.0,466.0,71300,0.0,0.0
2024-05-27 11:00:00+09:00,466.0,466.0,465.0,466.0,0,0.0,0.0
2024-05-27 12:00:00+09:00,464.0,465.0,462.0,463.0,556000,0.0,0.0
2024-05-27 13:00:00+09:00,463.0,466.0,463.0,464.0,77000,0.0,0.0
2024-05-27 14:00:00+09:00,464.0,468.0,463.0,468.0,191900,0.0,0.0
2024-05-28 09:00:00+09:00,467.0,477.0,461.0,464.0,399800,0.0,0.0
2024-05-28 10:00:00+09:00,464.0,465.0,463.0,465.0,144300,0.0,0.0
2024-05-28 11:00:00+09:00,465.0,466.0,463.0,465.0,0,0.0,0.0
2024-05-28 12:00:00+09:00,466.0,466.0,464.0,465.0,709200,0.0,0.0
2024-05-28 13:00:00+09:00,465.0,465.0,463.0,464.0,94500,0.0,0.0
2024-05-28 14:00:00+09:00,464.0,465.0,461.0,464.0,265600,0.0,0.0
2024-05-29 09:00:00+09:00,460.0,465.0,457.0,458.0,252900,0.0,0.0
2024-05-29 10:00:00+09:00,457.0,458.0,454.0,456.0,134100,0.0,0.0
2024-05-29 11:00:00+09:00,455.0,458.0,455.0,457.0,0,0.0,0.0
2024-05-29 12:00:00+09:00,456.0,458.0,456.0,456.0,456800,0.0,0.0
2024-05-29 13:00:00+09:00,456.0,458.0,456.0,457.0,73300,0.0,0.0
2024-05-29 14:00:00+09:00,457.0,459.0,456.0,459.0,220600,0.0,0.0
2024-05-30 09:00:00+09:00,453.0,453.0,444.0,445.0,304700,0.0,0.0
2024-05-30 10:00:00+09:00,445.0,448.0,445.0,446.0,63400,0.0,0.0
2024-05-30 11:00:00+09:00,446.0,448.0,446.0,446.0,0,0.0,0.0
2024-05-30 12:00:00+09:00,447.0,450.0,446.0,449.0,521100,0.0,0.0
2024-05-30 13:00:00+09:00,449.0,451.0,449.0,449.0,72800,0.0,0.0
2024-05-30 14:00:00+09:00,449.0,451.0,447.0,451.0,106800,0.0,0.0
2024-05-31 09:00:00+09:00,450.0,457.0,450.0,457.0,188000,0.0,0.0
2024-05-31 10:00:00+09:00,457.0,457.0,455.0,456.0,59400,0.0,0.0
2024-05-31 11:00:00+09:00,457.0,461.0,457.0,461.0,0,0.0,0.0
2024-05-31 12:00:00+09:00,461.0,468.0,461.0,465.0,530700,0.0,0.0
2024-05-31 13:00:00+09:00,465.0,466.0,461.0,466.0,106200,0.0,0.0
2024-05-31 14:00:00+09:00,466.0,466.0,461.0,464.0,230200,0.0,0.0
2024-06-03 09:00:00+09:00,453.0,464.0,453.0,464.0,343800,0.0,0.0
2024-06-03 10:00:00+09:00,464.0,467.0,461.0,462.0,89600,0.0,0.0
2024-06-03 11:00:00+09:00,462.0,463.0,461.0,462.0,0,0.0,0.0
2024-06-03 12:00:00+09:00,462.0,464.0,462.0,463.0,497900,0.0,0.0
2024-06-03 13:00:00+09:00,463.0,463.0,460.0,461.0,71700,0.0,0.0
2024-06-03 14:00:00+09:00,461.0,464.0,459.0,462.0,188500,0.0,0.0
2024-06-04 09:00:00+09:00,457.0,462.0,457.0,459.0,182100,0.0,0.0
2024-06-04 10:00:00+09:00,460.0,460.0,458.0,458.0,64700,0.0,0.0
2024-06-04 11:00:00+09:00,458.0,459.0,458.0,459.0,0,0.0,0.0
2024-06-04 12:00:00+09:00,458.0,458.0,456.0,458.0,325100,0.0,0.0
2024-06-04 13:00:00+09:00,458.0,459.0,458.0,459.0,23000,0.0,0.0
2024-06-04 14:00:00+09:00,459.0,459.0,458.0,458.0,45900,0.0,0.0
2024-06-05 09:00:00+09:00,455.0,460.0,453.0,458.0,223800,0.0,0.0
2024-06-05 10:00:00+09:00,458.0,459.0,457.0,458.0,71300,0.0,0.0
2024-06-05 11:00:00+09:00,458.0,458.0,458.0,458.0,0,0.0,0.0
2024-06-05 12:00:00+09:00,458.0,460.0,457.0,457.0,331200,0.0,0.0
2024-06-05 13:00:00+09:00,457.0,458.0,456.0,456.0,40300,0.0,0.0
2024-06-05 14:00:00+09:00,456.0,457.0,455.0,456.0,85300,0.0,0.0
2024-06-06 09:00:00+09:00,456.0,457.0,450.0,451.0,246600,0.0,0.0
2024-06-06 10:00:00+09:00,450.0,453.0,449.0,452.0,129600,0.0,0.0
2024-06-06 11:00:00+09:00,452.0,452.0,450.0,451.0,0,0.0,0.0
2024-06-06 12:00:00+09:00,451.0,452.0,451.0,451.0,441800,0.0,0.0
2024-06-06 13:00:00+09:00,451.0,451.0,450.0,450.0,64300,0.0,0.0
2024-06-06 14:00:00+09:00,450.0,452.0,449.0,450.0,169300,0.0,0.0
2024-06-07 09:00:00+09:00,450.0,451.0,445.0,445.0,185300,0.0,0.0
2024-06-07 10:00:00+09:00,446.0,447.0,444.0,445.0,344300,0.0,0.0
2024-06-07 11:00:00+09:00,445.0,448.0,445.0,448.0,0,0.0,0.0
2024-06-07 12:00:00+09:00,448.0,449.0,448.0,448.0,650400,0.0,0.0
2024-06-07 13:00:00+09:00,448.0,449.0,447.0,447.0,45800,0.0,0.0
2024-06-07 14:00:00+09:00,448.0,449.0,447.0,448.0,41000,0.0,0.0
2024-06-10 09:00:00+09:00,446.0,450.0,445.0,449.0,327400,0.0,0.0
2024-06-10 10:00:00+09:00,449.0,452.0,449.0,452.0,85200,0.0,0.0
2024-06-10 11:00:00+09:00,452.0,453.0,451.0,452.0,0,0.0,0.0
2024-06-10 12:00:00+09:00,451.0,453.0,450.0,451.0,531000,0.0,0.0
2024-06-10 13:00:00+09:00,450.0,452.0,450.0,451.0,39200,0.0,0.0
2024-06-10 14:00:00+09:00,451.0,452.0,450.0,451.0,295900,0.0,0.0
2024-06-11 09:00:00+09:00,450.0,450.0,447.0,448.0,180900,0.0,0.0
2024-06-11 10:00:00+09:00,447.0,448.0,442.0,443.0,297300,0.0,0.0
2024-06-11 11:00:00+09:00,442.0,443.0,442.0,442.0,0,0.0,0.0
2024-06-11 12:00:00+09:00,444.0,444.0,441.0,443.0,642500,0.0,0.0
2024-06-11 13:00:00+09:00,443.0,443.0,440.0,441.0,137600,0.0,0.0
2024-06-11 14:00:00+09:00,441.0,443.0,440.0,441.0,332400,0.0,0.0
2024-06-12 09:00:00+09:00,441.0,448.0,440.0,447.0,232200,0.0,0.0
2024-06-12 10:00:00+09:00,447.0,447.0,443.0,443.0,62600,0.0,0.0
2024-06-12 11:00:00+09:00,443.0,444.0,441.0,443.0,0,0.0,0.0
2024-06-12 12:00:00+09:00,444.0,446.0,444.0,445.0,411000,0.0,0.0
2024-06-12 13:00:00+09:00,445.0,446.0,443.0,445.0,59900,0.0,0.0
2024-06-12 14:00:00+09:00,446.0,446.0,442.0,442.0,204200,0.0,0.0
2024-06-13 09:00:00+09:00,444.0,444.0,433.0,435.0,513300,0.0,0.0
2024-06-13 10:00:00+09:00,435.0,436.0,432.0,433.0,113000,0.0,0.0
2024-06-13 11:00:00+09:00,433.0,433.0,432.0,432.0,0,0.0,0.0
2024-06-13 12:00:00+09:00,432.0,432.0,431.0,432.0,772900,0.0,0.0
2024-06-13 13:00:00+09:00,432.0,434.0,432.0,434.0,96600,0.0,0.0
2024-06-13 14:00:00+09:00,433.0,435.0,432.0,433.0,245600,0.0,0.0
2024-06-14 09:00:00+09:00,430.0,438.0,428.0,435.0,541000,0.0,0.0
2024-06-14 10:00:00+09:00,435.0,438.0,435.0,436.0,112400,0.0,0.0
2024-06-14 11:00:00+09:00,436.0,437.0,435.0,436.0,0,0.0,0.0
2024-06-14 12:00:00+09:00,437.0,440.0,436.0,439.0,826800,0.0,0.0
2024-06-14 13:00:00+09:00,438.0,439.0,435.0,438.0,128600,0.0,0.0
2024-06-14 14:00:00+09:00,438.0,438.0,433.0,434.0,264700,0.0,0.0
2024-06-17 09:00:00+09:00,422.0,425.0,414.0,417.0,576500,0.0,0.0
2024-06-17 10:00:00+09:00,417.0,420.0,413.0,420.0,303000,0.0,0.0
2024-06-17 11:00:00+09:00,420.0,421.0,419.0,419.0,0,0.0,0.0
2024-06-17 12:00:00+09:00,420.0,421.0,418.0,418.0,1225300,0.0,0.0
2024-06-17 13:00:00+09:00,419.0,419.0,416.0,417.0,88700,0.0,0.0
2024-06-17 14:00:00+09:00,417.0,421.0,415.0,418.0,591700,0.0,0.0
2024-06-18 09:00:00+09:00,417.0,424.0,416.0,418.0,345700,0.0,0.0
2024-06-18 10:00:00+09:00,418.0,421.0,417.0,421.0,176900,0.0,0.0
2024-06-18 11:00:00+09:00,420.0,424.0,420.0,422.0,0,0.0,0.0
2024-06-18 12:00:00+09:00,420.0,422.0,420.0,422.0,762500,0.0,0.0
2024-06-18 13:00:00+09:00,421.0,421.0,419.0,420.0,45200,0.0,0.0
2024-06-18 14:00:00+09:00,419.0,420.0,417.0,417.0,185600,0.0,0.0
2024-06-19 09:00:00+09:00,421.0,430.0,418.0,428.0,296800,0.0,0.0
2024-06-19 10:00:00+09:00,429.0,429.0,427.0,428.0,79500,0.0,0.0
2024-06-19 11:00:00+09:00,427.0,427.0,424.0,425.0,0,0.0,0.0
2024-06-19 12:00:00+09:00,423.0,425.0,423.0,424.0,499400,0.0,0.0
2024-06-19 13:00:00+09:00,424.0,425.0,422.0,422.0,94900,0.0,0.0
2024-06-19 14:00:00+09:00,422.0,423.0,420.0,421.0,174100,0.0,0.0
2024-06-20 09:00:00+09:00,422.0,423.0,420.0,423.0,103000,0.0,0.0
2024-06-20 10:00:00+09:00,423.0,423.0,421.0,422.0,49000,0.0,0.0
2024-06-20 11:00:00+09:00,422.0,423.0,421.0,423.0,0,0.0,0.0
2024-06-20 12:00:00+09:00,423.0,424.0,422.0,424.0,181700,0.0,0.0
2024-06-20 13:00:00+09:00,423.0,427.0,423.0,427.0,52400,0.0,0.0
2024-06-20 14:00:00+09:00,427.0,427.0,422.0,422.0,209200,0.0,0.0
2024-06-21 09:00:00+09:00,425.0,430.0,425.0,428.0,97200,0.0,0.0
2024-06-21 10:00:00+09:00,428.0,428.0,426.0,426.0,60800,0.0,0.0
2024-06-21 11:00:00+09:00,427.0,427.0,422.0,425.0,0,0.0,0.0
2024-06-21 12:00:00+09:00,425.0,426.0,424.0,426.0,320300,0.0,0.0
2024-06-21 13:00:00+09:00,426.0,426.0,425.0,426.0,31100,0.0,0.0
2024-06-21 14:00:00+09:00,426.0,426.0,424.0,424.0,90200,0.0,0.0
2024-06-24 09:00:00+09:00,426.0,428.0,424.0,426.0,136600,0.0,0.0
2024-06-24 10:00:00+09:00,426.0,427.0,424.0,425.0,79900,0.0,0.0
2024-06-24 11:00:00+09:00,426.0,426.0,424.0,424.0,0,0.0,0.0
2024-06-24 12:00:00+09:00,424.0,426.0,424.0,426.0,265600,0.0,0.0
2024-06-24 13:00:00+09:00,427.0,431.0,426.0,431.0,132500,0.0,0.0
2024-06-24 14:00:00+09:00,431.0,433.0,430.0,432.0,180500,0.0,0.0
2024-06-25 09:00:00+09:00,435.0,436.0,433.0,434.0,101400,0.0,0.0
2024-06-25 10:00:00+09:00,433.0,434.0,432.0,433.0,34800,0.0,0.0
2024-06-25 11:00:00+09:00,433.0,435.0,433.0,435.0,0,0.0,0.0
2024-06-25 12:00:00+09:00,434.0,435.0,431.0,431.0,237400,0.0,0.0
2024-06-25 13:00:00+09:00,431.0,432.0,430.0,430.0,51000,0.0,0.0
2024-06-25 14:00:00+09:00,430.0,433.0,429.0,431.0,151500,0.0,0.0
2024-06-26 09:00:00+09:00,429.0,429.0,426.0,427.0,116300,0.0,0.0
2024-06-26 10:00:00+09:00,428.0,428.0,427.0,428.0,30300,0.0,0.0
2024-06-26 11:00:00+09:00,429.0,429.0,426.0,427.0,0,0.0,0.0
2024-06-26 12:00:00+09:00,428.0,428.0,426.0,427.0,280700,0.0,0.0
2024-06-26 13:00:00+09:00,427.0,428.0,427.0,427.0,38600,0.0,0.0
2024-06-26 14:00:00+09:00,427.0,427.0,424.0,426.0,190400,0.0,0.0
2024-06-27 09:00:00+09:00,424.0,426.0,423.0,426.0,169500,0.0,0.0
2024-06-27 10:00:00+09:00,426.0,426.0,424.0,425.0,66800,0.0,0.0
2024-06-27 11:00:00+09:00,425.0,427.0,425.0,426.0,0,0.0,0.0
2024-06-27 12:00:00+09:00,425.0,429.0,424.0,428.0,382400,0.0,0.0
2024-06-27 13:00:00+09:00,427.0,428.0,426.0,426.0,45400,0.0,0.0
2024-06-27 14:00:00+09:00,427.0,427.0,424.0,425.0,121700,0.0,0.0
2024-06-28 09:00:00+09:00,425.0,427.0,422.0,422.0,188700,0.0,0.0
2024-06-28 10:00:00+09:00,422.0,422.0,419.0,420.0,207800,0.0,0.0
2024-06-28 11:00:00+09:00,420.0,420.0,418.0,419.0,0,0.0,0.0
2024-06-28 12:00:00+09:00,418.0,419.0,418.0,419.0,523700,0.0,0.0
2024-06-28 13:00:00+09:00,419.0,421.0,418.0,421.0,91900,0.0,0.0
2024-06-28 14:00:00+09:00,421.0,424.0,420.0,424.0,208000,0.0,0.0
2024-07-01 09:00:00+09:00,424.0,425.0,422.0,424.0,151500,0.0,0.0
2024-07-01 10:00:00+09:00,424.0,427.0,424.0,425.0,100400,0.0,0.0
2024-07-01 11:00:00+09:00,425.0,426.0,425.0,425.0,0,0.0,0.0
2024-07-01 12:00:00+09:00,425.0,425.0,423.0,423.0,299200,0.0,0.0
2024-07-01 13:00:00+09:00,424.0,424.0,422.0,424.0,48600,0.0,0.0
2024-07-01 14:00:00+09:00,424.0,425.0,421.0,423.0,111600,0.0,0.0
2024-07-02 09:00:00+09:00,420.0,422.0,417.0,418.0,242400,0.0,0.0
2024-07-02 10:00:00+09:00,419.0,421.0,419.0,420.0,72500,0.0,0.0
2024-07-02 11:00:00+09:00,420.0,420.0,420.0,420.0,0,0.0,0.0
2024-07-02 12:00:00+09:00,420.0,421.0,419.0,420.0,368900,0.0,0.0
2024-07-02 13:00:00+09:00,420.0,422.0,420.0,421.0,55800,0.0,0.0
2024-07-02 14:00:00+09:00,421.0,422.0,417.0,420.0,298200,0.0,0.0
2024-07-03 09:00:00+09:00,422.0,422.0,417.0,418.0,123000,0.0,0.0
2024-07-03 10:00:00+09:00,418.0,418.0,416.0,417.0,75400,0.0,0.0
2024-07-03 11:00:00+09:00,417.0,417.0,416.0,417.0,0,0.0,0.0
2024-07-03 12:00:00+09:00,417.0,420.0,416.0,420.0,389600,0.0,0.0
2024-07-03 13:00:00+09:00,419.0,423.0,419.0,423.0,167100,0.0,0.0
2024-07-03 14:00:00+09:00,422.0,423.0,420.0,420.0,173800,0.0,0.0
2024-07-04 09:00:00+09:00,422.0,427.0,422.0,425.0,299500,0.0,0.0
2024-07-04 10:00:00+09:00,425.0,426.0,423.0,424.0,95200,0.0,0.0
2024-07-04 11:00:00+09:00,423.0,425.0,422.0,423.0,0,0.0,0.0
2024-07-04 12:00:00+09:00,422.0,423.0,422.0,423.0,469000,0.0,0.0
2024-07-04 13:00:00+09:00,423.0,423.0,421.0,422.0,61400,0.0,0.0
2024-07-04 14:00:00+09:00,421.0,424.0,420.0,423.0,147500,0.0,0.0
2024-07-05 09:00:00+09:00,423.0,423.0,419.0,419.0,179100,0.0,0.0
2024-07-05 10:00:00+09:00,419.0,420.0,417.0,420.0,157900,0.0,0.0
2024-07-05 11:00:00+09:00,419.0,420.0,419.0,419.0,0,0.0,0.0
2024-07-05 12:00:00+09:00,419.0,419.0,417.0,419.0,448800,0.0,0.0
2024-07-05 13:00:00+09:00,418.0,419.0,417.0,418.0,94900,0.0,0.0
2024-07-05 14:00:00+09:00,419.0,419.0,417.0,418.0,110500,0.0,0.0
2024-07-08 09:00:00+09:00,417.0,417.0,409.0,409.0,570900,0.0,0.0
2024-07-08 10:00:00+09:00,410.0,412.0,409.0,412.0,101900,0.0,0.0
2024-07-08 11:00:00+09:00,412.0,414.0,411.0,412.0,0,0.0,0.0
2024-07-08 12:00:00+09:00,413.0,415.0,413.0,414.0,854700,0.0,0.0
2024-07-08 13:00:00+09:00,414.0,415.0,414.0,415.0,62700,0.0,0.0
2024-07-08 14:00:00+09:00,414.0,417.0,413.0,416.0,172100,0.0,0.0
2024-07-09 09:00:00+09:00,417.0,419.0,411.0,411.0,287400,0.0,0.0
2024-07-09 10:00:00+09:00,411.0,412.0,410.0,412.0,161200,0.0,0.0
2024-07-09 11:00:00+09:00,412.0,414.0,412.0,413.0,0,0.0,0.0
2024-07-09 12:00:00+09:00,414.0,415.0,414.0,415.0,529500,0.0,0.0
2024-07-09 13:00:00+09:00,415.0,415.0,414.0,414.0,28800,0.0,0.0
2024-07-09 14:00:00+09:00,415.0,416.0,415.0,415.0,78900,0.0,0.0
2024-07-10 09:00:00+09:00,415.0,416.0,413.0,413.0,147600,0.0,0.0
2024-07-10 10:00:00+09:00,413.0,414.0,413.0,414.0,49900,0.0,0.0
2024-07-10 11:00:00+09:00,414.0,415.0,413.0,415.0,0,0.0,0.0
2024-07-10 12:00:00+09:00,414.0,415.0,414.0,415.0,247400,0.0,0.0
2024-07-10 13:00:00+09:00,414.0,415.0,412.0,412.0,62300,0.0,0.0
2024-07-10 14:00:00+09:00,412.0,416.0,412.0,415.0,115400,0.0,0.0
2024-07-11 09:00:00+09:00,415.0,420.0,415.0,416.0,263400,0.0,0.0
2024-07-11 10:00:00+09:00,416.0,422.0,416.0,422.0,221200,0.0,0.0
2024-07-11 11:00:00+09:00,422.0,423.0,421.0,421.0,0,0.0,0.0
2024-07-11 12:00:00+09:00,421.0,424.0,421.0,422.0,662100,0.0,0.0
2024-07-11 13:00:00+09:00,422.0,423.0,421.0,422.0,91400,0.0,0.0
2024-07-11 14:00:00+09:00,421.0,423.0,418.0,419.0,290100,0.0,0.0
2024-07-12 09:00:00+09:00,418.0,428.0,417.0,428.0,408200,0.0,0.0
2024-07-12 10:00:00+09:00,428.0,430.0,427.0,428.0,172900,0.0,0.0
2024-07-12 11:00:00+09:00,427.0,428.0,425.0,427.0,0,0.0,0.0
2024-07-12 12:00:00+09:00,427.0,427.0,425.0,426.0,684800,0.0,0.0
2024-07-12 13:00:00+09:00,426.0,427.0,424.0,426.0,120100,0.0,0.0
2024-07-12 14:00:00+09:00,426.0,426.0,423.0,423.0,164500,0.0,0.0
2024-07-16 09:00:00+09:00,424.0,424.0,419.0,421.0,186600,0.0,0.0
2024-07-16 10:00:00+09:00,421.0,421.0,418.0,419.0,141600,0.0,0.0
2024-07-16 11:00:00+09:00,418.0,420.0,418.0,419.0,0,0.0,0.0
2024-07-16 12:00:00+09:00,419.0,420.0,417.0,419.0,502400,0.0,0.0
2024-07-16 13:00:00+09:00,420.0,420.0,418.0,418.0,63900,0.0,0.0
2024-07-16 14:00:00+09:00,419.0,421.0,418.0,421.0,123400,0.0,0.0
2024-07-17 09:00:00+09:00,424.0,430.0,423.0,424.0,301800,0.0,0.0
2024-07-17 10:00:00+09:00,425.0,426.0,424.0,426.0,105300,0.0,0.0
2024-07-17 11:00:00+09:00,426.0,427.0,426.0,426.0,0,0.0,0.0
2024-07-17 12:00:00+09:00,426.0,426.0,424.0,425.0,477500,0.0,0.0
2024-07-17 13:00:00+09:00,424.0,425.0,423.0,424.0,49400,0.0,0.0
2024-07-17 14:00:00+09:00,424.0,426.0,424.0,425.0,119900,0.0,0.0
2024-07-18 09:00:00+09:00,421.0,425.0,421.0,424.0,169000,0.0,0.0
2024-07-18 10:00:00+09:00,424.0,425.0,422.0,425.0,76200,0.0,0.0
2024-07-18 11:00:00+09:00,425.0,426.0,424.0,426.0,0,0.0,0.0
2024-07-18 12:00:00+09:00,426.0,427.0,426.0,427.0,326800,0.0,0.0
2024-07-18 13:00:00+09:00,427.0,427.0,424.0,424.0,64700,0.0,0.0
2024-07-18 14:00:00+09:00,425.0,425.0,422.0,423.0,59300,0.0,0.0
2024-07-19 09:00:00+09:00,421.0,422.0,417.0,419.0,224300,0.0,0.0
2024-07-19 10:00:00+09:00,419.0,419.0,417.0,417.0,131800,0.0,0.0
2024-07-19 11:00:00+09:00,417.0,418.0,416.0,417.0,0,0.0,0.0
2024-07-19 12:00:00+09:00,417.0,417.0,414.0,415.0,588900,0.0,0.0
2024-07-19 13:00:00+09:00,415.0,416.0,415.0,416.0,31200,0.0,0.0
2024-07-19 14:00:00+09:00,417.0,417.0,416.0,417.0,96400,0.0,0.0
2024-07-22 09:00:00+09:00,415.0,416.0,410.0,411.0,280000,0.0,0.0
2024-07-22 10:00:00+09:00,411.0,412.0,409.0,409.0,306500,0.0,0.0
2024-07-22 11:00:00+09:00,410.0,411.0,410.0,411.0,0,0.0,0.0
2024-07-22 12:00:00+09:00,412.0,412.0,409.0,410.0,752500,0.0,0.0
2024-07-22 13:00:00+09:00,410.0,410.0,408.0,409.0,110400,0.0,0.0
2024-07-22 14:00:00+09:00,409.0,412.0,408.0,410.0,246600,0.0,0.0
2024-07-23 09:00:00+09:00,412.0,418.0,412.0,412.0,325400,0.0,0.0
2024-07-23 10:00:00+09:00,412.0,414.0,412.0,412.0,51000,0.0,0.0
2024-07-23 11:00:00+09:00,412.0,413.0,411.0,412.0,0,0.0,0.0
2024-07-23 12:00:00+09:00,411.0,412.0,411.0,411.0,500300,0.0,0.0
2024-07-23 13:00:00+09:00,412.0,412.0,411.0,411.0,6700,0.0,0.0
2024-07-23 14:00:00+09:00,412.0,413.0,410.0,410.0,158800,0.0,0.0
2024-07-24 09:00:00+09:00,410.0,412.0,407.0,409.0,231100,0.0,0.0
2024-07-24 10:00:00+09:00,408.0,409.0,405.0,406.0,218200,0.0,0.0
2024-07-24 11:00:00+09:00,406.0,408.0,406.0,408.0,0,0.0,0.0
2024-07-24 12:00:00+09:00,406.0,408.0,406.0,406.0,577900,0.0,0.0
2024-07-24 13:00:00+09:00,407.0,407.0,404.0,405.0,166600,0.0,0.0
2024-07-24 14:00:00+09:00,404.0,408.0,403.0,405.0,477100,0.0,0.0
2024-07-25 09:00:00+09:00,402.0,410.0,400.0,405.0,559700,0.0,0.0
2024-07-25 10:00:00+09:00,405.0,405.0,401.0,403.0,142000,0.0,0.0
2024-07-25 11:00:00+09:00,403.0,405.0,403.0,405.0,0,0.0,0.0
2024-07-25 12:00:00+09:00,405.0,406.0,404.0,405.0,817000,0.0,0.0
2024-07-25 13:00:00+09:00,405.0,408.0,405.0,406.0,69900,0.0,0.0
2024-07-25 14:00:00+09:00,405.0,406.0,404.0,404.0,134700,0.0,0.0
2024-07-26 09:00:00+09:00,408.0,412.0,406.0,411.0,341800,0.0,0.0
2024-07-26 10:00:00+09:00,411.0,413.0,410.0,412.0,117100,0.0,0.0
2024-07-26 11:00:00+09:00,413.0,414.0,411.0,412.0,0,0.0,0.0
2024-07-26 12:00:00+09:00,413.0,415.0,412.0,413.0,702900,0.0,0.0
2024-07-26 13:00:00+09:00,413.0,413.0,409.0,410.0,98900,0.0,0.0
2024-07-26 14:00:00+09:00,411.0,411.0,404.0,406.0,233400,0.0,0.0
