Datetime,Open,High,Low,Close,Volume,Dividends,Stock Splits
2022-07-28 09:00:00+09:00,5040.0,5050.0,5030.0,5040.0,1400,0.0,0.0
2022-07-28 10:00:00+09:00,5040.0,5050.0,5040.0,5050.0,500,0.0,0.0
2022-07-28 11:00:00+09:00,5050.0,5050.0,5040.0,5040.0,0,0.0,0.0
2022-07-28 12:00:00+09:00,5040.0,5040.0,5040.0,5040.0,3500,0.0,0.0
2022-07-28 13:00:00+09:00,5040.0,5070.0,5040.0,5070.0,2200,0.0,0.0
2022-07-28 14:00:00+09:00,5070.0,5090.0,5070.0,5070.0,1200,0.0,0.0
2022-07-29 09:00:00+09:00,5090.0,5090.0,5050.0,5050.0,500,0.0,0.0
2022-07-29 11:00:00+09:00,5050.0,5050.0,5050.0,5050.0,0,0.0,0.0
2022-07-29 13:00:00+09:00,5050.0,5050.0,5050.0,5050.0,800,0.0,0.0
2022-07-29 14:00:00+09:00,5060.0,5080.0,5050.0,5080.0,500,0.0,0.0
2022-08-01 09:00:00+09:00,5090.0,5090.0,5070.0,5090.0,700,0.0,0.0
2022-08-01 10:00:00+09:00,5100.0,5100.0,5100.0,5100.0,900,0.0,0.0
2022-08-01 11:00:00+09:00,5100.0,5100.0,5100.0,5100.0,0,0.0,0.0
2022-08-01 12:00:00+09:00,5100.0,5110.0,5100.0,5110.0,1900,0.0,0.0
2022-08-01 13:00:00+09:00,5110.0,5110.0,5100.0,5100.0,300,0.0,0.0
2022-08-01 14:00:00+09:00,5100.0,5110.0,5090.0,5090.0,300,0.0,0.0
2022-08-02 09:00:00+09:00,5100.0,5100.0,5080.0,5080.0,500,0.0,0.0
2022-08-02 10:00:00+09:00,5090.0,5090.0,5090.0,5090.0,300,0.0,0.0
2022-08-02 11:00:00+09:00,5100.0,5100.0,5100.0,5100.0,0,0.0,0.0
2022-08-02 12:00:00+09:00,5100.0,5100.0,5100.0,5100.0,1100,0.0,0.0
2022-08-02 13:00:00+09:00,5090.0,5090.0,5090.0,5090.0,200,0.0,0.0
2022-08-02 14:00:00+09:00,5100.0,5150.0,5100.0,5150.0,2000,0.0,0.0
2022-08-03 09:00:00+09:00,5120.0,5130.0,5120.0,5130.0,200,0.0,0.0
2022-08-03 10:00:00+09:00,5160.0,5170.0,5160.0,5170.0,400,0.0,0.0
2022-08-03 11:00:00+09:00,5170.0,5170.0,5170.0,5170.0,0,0.0,0.0
2022-08-03 13:00:00+09:00,5160.0,5180.0,5140.0,5180.0,1600,0.0,0.0
2022-08-03 14:00:00+09:00,5170.0,5180.0,5160.0,5180.0,900,0.0,0.0
2022-08-04 09:00:00+09:00,5200.0,5470.0,5200.0,5350.0,7700,0.0,0.0
2022-08-04 10:00:00+09:00,5340.0,5360.0,5270.0,5340.0,2500,0.0,0.0
2022-08-04 11:00:00+09:00,5340.0,5350.0,5300.0,5300.0,0,0.0,0.0
2022-08-04 12:00:00+09:00,5320.0,5410.0,5320.0,5410.0,12500,0.0,0.0
2022-08-04 13:00:00+09:00,5410.0,5420.0,5380.0,5400.0,1700,0.0,0.0
2022-08-04 14:00:00+09:00,5400.0,5410.0,5380.0,5380.0,1700,0.0,0.0
2022-08-05 09:00:00+09:00,5290.0,5310.0,5230.0,5310.0,1100,0.0,0.0
2022-08-05 10:00:00+09:00,5310.0,5380.0,5310.0,5350.0,800,0.0,0.0
2022-08-05 11:00:00+09:00,5350.0,5370.0,5350.0,5370.0,0,0.0,0.0
2022-08-05 12:00:00+09:00,5360.0,5360.0,5360.0,5360.0,2200,0.0,0.0
2022-08-05 13:00:00+09:00,5310.0,5340.0,5310.0,5330.0,300,0.0,0.0
2022-08-05 14:00:00+09:00,5340.0,5370.0,5310.0,5370.0,700,0.0,0.0
2022-08-08 09:00:00+09:00,5330.0,5400.0,5260.0,5260.0,0,0.0,0.0
2022-08-08 10:00:00+09:00,5310.0,5330.0,5310.0,5330.0,2600,0.0,0.0
2022-08-08 11:00:00+09:00,5330.0,5330.0,5330.0,5330.0,0,0.0,0.0
2022-08-08 13:00:00+09:00,5310.0,5350.0,5310.0,5350.0,3000,0.0,0.0
2022-08-08 14:00:00+09:00,5350.0,5380.0,5330.0,5360.0,1700,0.0,0.0
2022-08-09 09:00:00+09:00,5420.0,5420.0,5360.0,5370.0,600,0.0,0.0
2022-08-09 10:00:00+09:00,5420.0,5450.0,5400.0,5410.0,1200,0.0,0.0
2022-08-09 11:00:00+09:00,5410.0,5410.0,5410.0,5410.0,0,0.0,0.0
2022-08-09 12:00:00+09:00,5440.0,5450.0,5430.0,5450.0,4300,0.0,0.0
2022-08-09 13:00:00+09:00,5450.0,5450.0,5440.0,5440.0,300,0.0,0.0
2022-08-09 14:00:00+09:00,5440.0,5460.0,5410.0,5440.0,1700,0.0,0.0
2022-08-10 09:00:00+09:00,5400.0,5440.0,5400.0,5440.0,3100,0.0,0.0
2022-08-10 10:00:00+09:00,5440.0,5460.0,5440.0,5440.0,1800,0.0,0.0
2022-08-10 11:00:00+09:00,5440.0,5460.0,5440.0,5460.0,0,0.0,0.0
2022-08-10 12:00:00+09:00,5480.0,5480.0,5400.0,5400.0,7500,0.0,0.0
2022-08-10 13:00:00+09:00,5460.0,5530.0,5460.0,5500.0,3800,0.0,0.0
2022-08-10 14:00:00+09:00,5470.0,5480.0,5460.0,5460.0,700,0.0,0.0
2022-08-12 09:00:00+09:00,5800.0,5810.0,5660.0,5690.0,11100,0.0,0.0
2022-08-12 10:00:00+09:00,5700.0,5700.0,5650.0,5690.0,3000,0.0,0.0
2022-08-12 11:00:00+09:00,5690.0,5690.0,5660.0,5660.0,0,0.0,0.0
2022-08-12 12:00:00+09:00,5670.0,5700.0,5650.0,5650.0,16700,0.0,0.0
2022-08-12 13:00:00+09:00,5680.0,5700.0,5680.0,5690.0,1000,0.0,0.0
2022-08-12 14:00:00+09:00,5660.0,5700.0,5660.0,5700.0,1300,0.0,0.0
2022-08-15 09:00:00+09:00,5760.0,5970.0,5760.0,5930.0,9100,0.0,0.0
2022-08-15 10:00:00+09:00,5950.0,5970.0,5890.0,5970.0,2100,0.0,0.0
2022-08-15 11:00:00+09:00,5960.0,5960.0,5940.0,5950.0,0,0.0,0.0
2022-08-15 12:00:00+09:00,5950.0,6000.0,5950.0,6000.0,17500,0.0,0.0
2022-08-15 13:00:00+09:00,6000.0,6110.0,6000.0,6080.0,8300,0.0,0.0
2022-08-15 14:00:00+09:00,6080.0,6080.0,6000.0,6060.0,6700,0.0,0.0
2022-08-16 09:00:00+09:00,6030.0,6180.0,6030.0,6150.0,5300,0.0,0.0
2022-08-16 10:00:00+09:00,6130.0,6150.0,6100.0,6120.0,2300,0.0,0.0
2022-08-16 11:00:00+09:00,6130.0,6170.0,6130.0,6160.0,0,0.0,0.0
2022-08-16 12:00:00+09:00,6120.0,6130.0,6120.0,6120.0,10200,0.0,0.0
2022-08-16 13:00:00+09:00,6120.0,6130.0,6120.0,6130.0,1800,0.0,0.0
2022-08-16 14:00:00+09:00,6130.0,6130.0,6090.0,6110.0,2200,0.0,0.0
2022-08-17 09:00:00+09:00,6110.0,6160.0,6050.0,6130.0,2100,0.0,0.0
2022-08-17 10:00:00+09:00,6150.0,6150.0,6110.0,6110.0,400,0.0,0.0
2022-08-17 11:00:00+09:00,6140.0,6160.0,6140.0,6160.0,0,0.0,0.0
2022-08-17 12:00:00+09:00,6120.0,6140.0,6110.0,6140.0,4000,0.0,0.0
2022-08-17 13:00:00+09:00,6140.0,6160.0,6140.0,6150.0,800,0.0,0.0
2022-08-17 14:00:00+09:00,6150.0,6150.0,6100.0,6140.0,2100,0.0,0.0
2022-08-18 09:00:00+09:00,6190.0,6190.0,6120.0,6160.0,1800,0.0,0.0
2022-08-18 10:00:00+09:00,6160.0,6190.0,6160.0,6190.0,600,0.0,0.0
2022-08-18 11:00:00+09:00,6170.0,6280.0,6170.0,6250.0,0,0.0,0.0
2022-08-18 12:00:00+09:00,6250.0,6260.0,6240.0,6250.0,9000,0.0,0.0
2022-08-18 13:00:00+09:00,6250.0,6250.0,6230.0,6230.0,1300,0.0,0.0
2022-08-18 14:00:00+09:00,6240.0,6270.0,6220.0,6270.0,1500,0.0,0.0
2022-08-19 09:00:00+09:00,6350.0,6370.0,6280.0,6300.0,6200,0.0,0.0
2022-08-19 10:00:00+09:00,6310.0,6310.0,6290.0,6290.0,800,0.0,0.0
2022-08-19 11:00:00+09:00,6300.0,6310.0,6300.0,6310.0,0,0.0,0.0
2022-08-19 12:00:00+09:00,6310.0,6310.0,6300.0,6300.0,8000,0.0,0.0
2022-08-19 13:00:00+09:00,6290.0,6290.0,6220.0,6220.0,1300,0.0,0.0
2022-08-19 14:00:00+09:00,6230.0,6230.0,6190.0,6220.0,1200,0.0,0.0
2022-08-22 09:00:00+09:00,6110.0,6120.0,5980.0,6060.0,3800,0.0,0.0
2022-08-22 10:00:00+09:00,6100.0,6120.0,6090.0,6090.0,700,0.0,0.0
2022-08-22 11:00:00+09:00,6090.0,6120.0,6060.0,6090.0,0,0.0,0.0
2022-08-22 12:00:00+09:00,6120.0,6130.0,6090.0,6120.0,6000,0.0,0.0
2022-08-22 13:00:00+09:00,6140.0,6150.0,6110.0,6110.0,300,0.0,0.0
2022-08-22 14:00:00+09:00,6140.0,6140.0,6050.0,6080.0,1700,0.0,0.0
2022-08-23 09:00:00+09:00,5980.0,6020.0,5980.0,6020.0,900,0.0,0.0
2022-08-23 10:00:00+09:00,6000.0,6030.0,5990.0,6030.0,800,0.0,0.0
2022-08-23 11:00:00+09:00,6030.0,6030.0,6030.0,6030.0,0,0.0,0.0
2022-08-23 12:00:00+09:00,6070.0,6070.0,6060.0,6070.0,2200,0.0,0.0
2022-08-23 13:00:00+09:00,6030.0,6030.0,6030.0,6030.0,100,0.0,0.0
2022-08-23 14:00:00+09:00,6040.0,6070.0,6040.0,6070.0,800,0.0,0.0
2022-08-24 09:00:00+09:00,6050.0,6070.0,6050.0,6060.0,500,0.0,0.0
2022-08-24 10:00:00+09:00,6090.0,6130.0,6090.0,6090.0,1100,0.0,0.0
2022-08-24 11:00:00+09:00,6080.0,6090.0,6070.0,6070.0,0,0.0,0.0
2022-08-24 12:00:00+09:00,6090.0,6090.0,6060.0,6060.0,2400,0.0,0.0
2022-08-24 13:00:00+09:00,6050.0,6050.0,6040.0,6040.0,700,0.0,0.0
2022-08-24 14:00:00+09:00,6040.0,6080.0,6040.0,6050.0,1800,0.0,0.0
2022-08-25 09:00:00+09:00,6090.0,6100.0,6040.0,6100.0,700,0.0,0.0
2022-08-25 10:00:00+09:00,6090.0,6090.0,6090.0,6090.0,300,0.0,0.0
2022-08-25 11:00:00+09:00,6070.0,6070.0,6030.0,6040.0,0,0.0,0.0
2022-08-25 12:00:00+09:00,6060.0,6060.0,6060.0,6060.0,1600,0.0,0.0
2022-08-25 13:00:00+09:00,6070.0,6070.0,6050.0,6050.0,200,0.0,0.0
2022-08-25 14:00:00+09:00,6070.0,6070.0,6070.0,6070.0,100,0.0,0.0
2022-08-26 09:00:00+09:00,6120.0,6150.0,6120.0,6120.0,1700,0.0,0.0
2022-08-26 10:00:00+09:00,6130.0,6130.0,6120.0,6120.0,300,0.0,0.0
2022-08-26 11:00:00+09:00,6120.0,6120.0,6120.0,6120.0,0,0.0,0.0
2022-08-26 12:00:00+09:00,6070.0,6070.0,6070.0,6070.0,2200,0.0,0.0
2022-08-26 13:00:00+09:00,6110.0,6130.0,6110.0,6130.0,800,0.0,0.0
2022-08-26 14:00:00+09:00,6130.0,6140.0,6130.0,6140.0,500,0.0,0.0
2022-08-29 09:00:00+09:00,6070.0,6070.0,6030.0,6030.0,1000,0.0,0.0
2022-08-29 10:00:00+09:00,6030.0,6060.0,6030.0,6060.0,400,0.0,0.0
2022-08-29 11:00:00+09:00,6020.0,6060.0,6010.0,6060.0,0,0.0,0.0
2022-08-29 12:00:00+09:00,6050.0,6080.0,6050.0,6050.0,3000,0.0,0.0
2022-08-29 13:00:00+09:00,6080.0,6170.0,6080.0,6150.0,1200,0.0,0.0
2022-08-29 14:00:00+09:00,6170.0,6170.0,6050.0,6080.0,1500,0.0,0.0
2022-08-30 10:00:00+09:00,6110.0,6110.0,6110.0,6110.0,100,0.0,0.0
2022-08-30 11:00:00+09:00,6110.0,6110.0,6110.0,6110.0,0,0.0,0.0
2022-08-30 12:00:00+09:00,6110.0,6110.0,5920.0,5970.0,5500,0.0,0.0
2022-08-30 13:00:00+09:00,5970.0,6020.0,5960.0,6020.0,1300,0.0,0.0
2022-08-30 14:00:00+09:00,6030.0,6040.0,6000.0,6000.0,800,0.0,0.0
2022-08-31 09:00:00+09:00,6020.0,6020.0,5970.0,5980.0,400,0.0,0.0
2022-08-31 10:00:00+09:00,5980.0,5990.0,5960.0,5960.0,500,0.0,0.0
2022-08-31 11:00:00+09:00,5980.0,5980.0,5960.0,5960.0,0,0.0,0.0
2022-08-31 12:00:00+09:00,5960.0,5980.0,5960.0,5980.0,1600,0.0,0.0
2022-08-31 13:00:00+09:00,5990.0,6020.0,5990.0,6020.0,1100,0.0,0.0
2022-08-31 14:00:00+09:00,6040.0,6110.0,6020.0,6090.0,2600,0.0,0.0
2022-09-01 09:00:00+09:00,6010.0,6010.0,5970.0,5970.0,1100,0.0,0.0
2022-09-01 10:00:00+09:00,5970.0,6020.0,5960.0,6020.0,900,0.0,0.0
2022-09-01 11:00:00+09:00,6020.0,6020.0,6010.0,6010.0,0,0.0,0.0
2022-09-01 14:00:00+09:00,6050.0,6050.0,6020.0,6020.0,3700,0.0,0.0
2022-09-02 09:00:00+09:00,6080.0,6080.0,6030.0,6040.0,2300,0.0,0.0
2022-09-02 10:00:00+09:00,6040.0,6060.0,6040.0,6060.0,300,0.0,0.0
2022-09-02 11:00:00+09:00,6060.0,6060.0,6060.0,6060.0,0,0.0,0.0
2022-09-02 12:00:00+09:00,6080.0,6080.0,6060.0,6060.0,3000,0.0,0.0
2022-09-02 13:00:00+09:00,6060.0,6060.0,6060.0,6060.0,100,0.0,0.0
2022-09-02 14:00:00+09:00,6090.0,6090.0,6090.0,6090.0,100,0.0,0.0
2022-09-05 09:00:00+09:00,6040.0,6050.0,6030.0,6050.0,500,0.0,0.0
2022-09-05 10:00:00+09:00,6070.0,6080.0,6070.0,6080.0,300,0.0,0.0
2022-09-05 11:00:00+09:00,6080.0,6080.0,6080.0,6080.0,0,0.0,0.0
2022-09-05 14:00:00+09:00,6060.0,6060.0,6000.0,6000.0,1200,0.0,0.0
2022-09-06 09:00:00+09:00,6010.0,6010.0,6010.0,6010.0,200,0.0,0.0
2022-09-06 10:00:00+09:00,6050.0,6050.0,5990.0,6030.0,3300,0.0,0.0
2022-09-06 11:00:00+09:00,6030.0,6030.0,6030.0,6030.0,0,0.0,0.0
2022-09-06 14:00:00+09:00,6020.0,6020.0,5980.0,5980.0,3700,0.0,0.0
2022-09-07 09:00:00+09:00,5980.0,6020.0,5980.0,6000.0,1100,0.0,0.0
2022-09-07 10:00:00+09:00,6000.0,6030.0,5980.0,6020.0,1900,0.0,0.0
2022-09-07 11:00:00+09:00,6010.0,6010.0,6010.0,6010.0,0,0.0,0.0
2022-09-07 13:00:00+09:00,6000.0,6010.0,6000.0,6010.0,3500,0.0,0.0
2022-09-07 14:00:00+09:00,6000.0,6020.0,6000.0,6020.0,200,0.0,0.0
2022-09-08 09:00:00+09:00,6010.0,6050.0,6010.0,6020.0,1300,0.0,0.0
2022-09-08 10:00:00+09:00,6020.0,6110.0,6020.0,6060.0,1800,0.0,0.0
2022-09-08 11:00:00+09:00,6080.0,6080.0,6050.0,6050.0,0,0.0,0.0
2022-09-08 12:00:00+09:00,6100.0,6100.0,6090.0,6100.0,4800,0.0,0.0
2022-09-08 13:00:00+09:00,6100.0,6210.0,6100.0,6210.0,1900,0.0,0.0
2022-09-08 14:00:00+09:00,6230.0,6230.0,6160.0,6200.0,1900,0.0,0.0
2022-09-09 09:00:00+09:00,6220.0,6350.0,6220.0,6350.0,3600,0.0,0.0
2022-09-09 10:00:00+09:00,6370.0,6410.0,6240.0,6290.0,3600,0.0,0.0
2022-09-09 11:00:00+09:00,6300.0,6300.0,6260.0,6270.0,0,0.0,0.0
2022-09-09 12:00:00+09:00,6270.0,6270.0,6230.0,6260.0,9400,0.0,0.0
2022-09-09 13:00:00+09:00,6270.0,6270.0,6270.0,6270.0,300,0.0,0.0
2022-09-09 14:00:00+09:00,6270.0,6270.0,6240.0,6250.0,700,0.0,0.0
2022-09-12 09:00:00+09:00,6270.0,6350.0,6260.0,6350.0,1400,0.0,0.0
2022-09-12 10:00:00+09:00,6330.0,6350.0,6260.0,6350.0,2000,0.0,0.0
2022-09-12 11:00:00+09:00,6350.0,6350.0,6350.0,6350.0,0,0.0,0.0
2022-09-12 12:00:00+09:00,6350.0,6350.0,6300.0,6300.0,4000,0.0,0.0
2022-09-12 13:00:00+09:00,6310.0,6350.0,6300.0,6300.0,2000,0.0,0.0
2022-09-12 14:00:00+09:00,6300.0,6380.0,6300.0,6380.0,2500,0.0,0.0
2022-09-13 09:00:00+09:00,6390.0,6460.0,6390.0,6430.0,3700,0.0,0.0
2022-09-13 10:00:00+09:00,6410.0,6420.0,6390.0,6390.0,5100,0.0,0.0
2022-09-13 11:00:00+09:00,6410.0,6430.0,6380.0,6380.0,0,0.0,0.0
2022-09-13 12:00:00+09:00,6390.0,6440.0,6390.0,6440.0,10400,0.0,0.0
2022-09-13 13:00:00+09:00,6440.0,6440.0,6420.0,6420.0,300,0.0,0.0
2022-09-13 14:00:00+09:00,6410.0,6410.0,6370.0,6370.0,1700,0.0,0.0
2022-09-14 09:00:00+09:00,6210.0,6350.0,6200.0,6350.0,3100,0.0,0.0
2022-09-14 10:00:00+09:00,6310.0,6400.0,6310.0,6400.0,1000,0.0,0.0
2022-09-14 11:00:00+09:00,6400.0,6400.0,6400.0,6400.0,0,0.0,0.0
2022-09-14 12:00:00+09:00,6280.0,6340.0,6280.0,6340.0,4700,0.0,0.0
2022-09-14 13:00:00+09:00,6380.0,6380.0,6260.0,6260.0,1300,0.0,0.0
2022-09-14 14:00:00+09:00,6240.0,6270.0,6210.0,6270.0,1000,0.0,0.0
2022-09-15 09:00:00+09:00,6340.0,6340.0,6120.0,6180.0,3600,0.0,0.0
2022-09-15 10:00:00+09:00,6190.0,6210.0,6190.0,6210.0,700,0.0,0.0
2022-09-15 11:00:00+09:00,6190.0,6190.0,6170.0,6170.0,0,0.0,0.0
2022-09-15 12:00:00+09:00,6210.0,6210.0,6210.0,6210.0,4700,0.0,0.0
2022-09-15 14:00:00+09:00,6190.0,6190.0,6150.0,6150.0,500,0.0,0.0
2022-09-16 09:00:00+09:00,6060.0,6140.0,6060.0,6130.0,1300,0.0,0.0
2022-09-16 10:00:00+09:00,6140.0,6140.0,6140.0,6140.0,100,0.0,0.0
2022-09-16 11:00:00+09:00,6130.0,6150.0,6120.0,6150.0,0,0.0,0.0
2022-09-16 13:00:00+09:00,6150.0,6160.0,6150.0,6160.0,2200,0.0,0.0
2022-09-16 14:00:00+09:00,6140.0,6140.0,6140.0,6140.0,400,0.0,0.0
2022-09-20 09:00:00+09:00,6160.0,6290.0,6160.0,6290.0,0,0.0,0.0
2022-09-20 10:00:00+09:00,6260.0,6310.0,6210.0,6310.0,3700,0.0,0.0
2022-09-20 11:00:00+09:00,6310.0,6310.0,6310.0,6310.0,0,0.0,0.0
2022-09-20 12:00:00+09:00,6310.0,6310.0,6280.0,6310.0,4600,0.0,0.0
2022-09-20 13:00:00+09:00,6290.0,6340.0,6290.0,6340.0,1400,0.0,0.0
2022-09-20 14:00:00+09:00,6350.0,6390.0,6280.0,6360.0,3900,0.0,0.0
2022-09-21 09:00:00+09:00,6280.0,6380.0,6280.0,6380.0,1800,0.0,0.0
2022-09-21 10:00:00+09:00,6370.0,6420.0,6370.0,6390.0,1800,0.0,0.0
2022-09-21 11:00:00+09:00,6380.0,6380.0,6350.0,6350.0,0,0.0,0.0
2022-09-21 12:00:00+09:00,6350.0,6350.0,6260.0,6320.0,11200,0.0,0.0
2022-09-21 14:00:00+09:00,6290.0,6390.0,6280.0,6390.0,800,0.0,0.0
2022-09-22 09:00:00+09:00,6340.0,6440.0,6340.0,6420.0,1900,0.0,0.0
2022-09-22 10:00:00+09:00,6400.0,6400.0,6350.0,6360.0,1300,0.0,0.0
2022-09-22 11:00:00+09:00,6350.0,6380.0,6340.0,6380.0,0,0.0,0.0
2022-09-22 13:00:00+09:00,6370.0,6370.0,6340.0,6340.0,4400,0.0,0.0
2022-09-22 14:00:00+09:00,6340.0,6350.0,6330.0,6350.0,2300,0.0,0.0
2022-09-26 09:00:00+09:00,6200.0,6300.0,6200.0,6200.0,1900,0.0,0.0
2022-09-26 10:00:00+09:00,6200.0,6200.0,6120.0,6120.0,800,0.0,0.0
2022-09-26 11:00:00+09:00,6130.0,6130.0,6130.0,6130.0,0,0.0,0.0
2022-09-26 12:00:00+09:00,6200.0,6200.0,6170.0,6200.0,3500,0.0,0.0
2022-09-26 13:00:00+09:00,6260.0,6260.0,6260.0,6260.0,100,0.0,0.0
2022-09-26 14:00:00+09:00,6210.0,6300.0,6180.0,6300.0,2500,0.0,0.0
2022-09-27 10:00:00+09:00,6210.0,6220.0,6200.0,6220.0,500,0.0,0.0
2022-09-27 11:00:00+09:00,6220.0,6220.0,6220.0,6220.0,0,0.0,0.0
2022-09-27 12:00:00+09:00,6150.0,6150.0,6150.0,6150.0,800,0.0,0.0
2022-09-27 13:00:00+09:00,6170.0,6170.0,6170.0,6170.0,100,0.0,0.0
2022-09-27 14:00:00+09:00,6150.0,6150.0,6050.0,6080.0,1800,0.0,0.0
2022-09-28 09:00:00+09:00,6050.0,6090.0,5960.0,5960.0,1400,0.0,0.0
2022-09-28 10:00:00+09:00,6000.0,6000.0,5940.0,5940.0,600,0.0,0.0
2022-09-28 11:00:00+09:00,5940.0,5940.0,5940.0,5940.0,0,0.0,0.0
2022-09-28 12:00:00+09:00,5900.0,5900.0,5780.0,5790.0,3500,0.0,0.0
2022-09-28 13:00:00+09:00,5870.0,5980.0,5870.0,5980.0,500,0.0,0.0
2022-09-28 14:00:00+09:00,5960.0,5960.0,5920.0,5920.0,500,0.0,0.0
2022-09-29 09:00:00+09:00,5910.0,5910.0,5910.0,5910.0,100,0.0,0.0
2022-09-29 11:00:00+09:00,5910.0,5910.0,5910.0,5910.0,0,0.0,0.0
2022-09-29 12:00:00+09:00,6030.0,6060.0,6010.0,6010.0,3500,0.0,0.0
2022-09-29 14:00:00+09:00,5930.0,5930.0,5920.0,5920.0,200,0.0,0.0
2022-09-30 09:00:00+09:00,5880.0,5970.0,5860.0,5970.0,400,0.0,0.0
2022-09-30 10:00:00+09:00,6000.0,6000.0,5980.0,5980.0,200,0.0,0.0
2022-09-30 11:00:00+09:00,5980.0,5980.0,5980.0,5980.0,0,0.0,0.0
2022-09-30 12:00:00+09:00,5980.0,6010.0,5950.0,5950.0,1200,0.0,0.0
2022-09-30 13:00:00+09:00,5950.0,5950.0,5950.0,5950.0,200,0.0,0.0
2022-09-30 14:00:00+09:00,5990.0,5990.0,5990.0,5990.0,100,0.0,0.0
2022-10-03 09:00:00+09:00,5900.0,5930.0,5790.0,5930.0,1500,0.0,0.0
2022-10-03 10:00:00+09:00,5830.0,5900.0,5830.0,5830.0,300,0.0,0.0
2022-10-03 11:00:00+09:00,5830.0,5830.0,5830.0,5830.0,0,0.0,0.0
2022-10-03 12:00:00+09:00,5930.0,6050.0,5930.0,6050.0,4100,0.0,0.0
2022-10-03 13:00:00+09:00,5950.0,6120.0,5950.0,6120.0,2100,0.0,0.0
2022-10-03 14:00:00+09:00,6030.0,6250.0,5960.0,5960.0,6300,0.0,0.0
2022-10-04 09:00:00+09:00,6020.0,6200.0,6020.0,6090.0,6500,0.0,0.0
2022-10-04 11:00:00+09:00,6170.0,6170.0,6170.0,6170.0,0,0.0,0.0
2022-10-04 12:00:00+09:00,6170.0,6170.0,6170.0,6170.0,6700,0.0,0.0
2022-10-04 13:00:00+09:00,6120.0,6120.0,6090.0,6090.0,700,0.0,0.0
2022-10-04 14:00:00+09:00,6060.0,6060.0,6060.0,6060.0,100,0.0,0.0
2022-10-05 09:00:00+09:00,6060.0,6060.0,6060.0,6060.0,700,0.0,0.0
2022-10-05 10:00:00+09:00,6060.0,6060.0,5970.0,5970.0,700,0.0,0.0
2022-10-05 11:00:00+09:00,5970.0,5970.0,5970.0,5970.0,0,0.0,0.0
2022-10-05 12:00:00+09:00,6070.0,6070.0,6070.0,6070.0,1800,0.0,0.0
2022-10-05 13:00:00+09:00,6080.0,6080.0,6080.0,6080.0,100,0.0,0.0
2022-10-05 14:00:00+09:00,6030.0,6100.0,6020.0,6100.0,500,0.0,0.0
2022-10-06 09:00:00+09:00,5990.0,5990.0,5990.0,5990.0,400,0.0,0.0
2022-10-06 10:00:00+09:00,6030.0,6030.0,6000.0,6000.0,200,0.0,0.0
2022-10-06 11:00:00+09:00,6000.0,6000.0,6000.0,6000.0,0,0.0,0.0
2022-10-06 12:00:00+09:00,6090.0,6090.0,6090.0,6090.0,700,0.0,0.0
2022-10-06 14:00:00+09:00,6090.0,6180.0,5970.0,6070.0,6400,0.0,0.0
2022-10-07 09:00:00+09:00,6070.0,6150.0,6070.0,6100.0,2300,0.0,0.0
2022-10-07 11:00:00+09:00,6100.0,6100.0,6100.0,6100.0,0,0.0,0.0
2022-10-07 12:00:00+09:00,6100.0,6100.0,6100.0,6100.0,2400,0.0,0.0
2022-10-07 13:00:00+09:00,6100.0,6150.0,6100.0,6140.0,500,0.0,0.0
2022-10-07 14:00:00+09:00,6070.0,6070.0,6070.0,6070.0,200,0.0,0.0
2022-10-11 09:00:00+09:00,6200.0,6250.0,6100.0,6230.0,7000,0.0,0.0
2022-10-11 10:00:00+09:00,6220.0,6310.0,6220.0,6250.0,2900,0.0,0.0
2022-10-11 11:00:00+09:00,6330.0,6330.0,6330.0,6330.0,0,0.0,0.0
2022-10-11 12:00:00+09:00,6230.0,6250.0,6230.0,6240.0,11500,0.0,0.0
2022-10-11 14:00:00+09:00,6240.0,6280.0,6240.0,6250.0,800,0.0,0.0
2022-10-12 09:00:00+09:00,6310.0,6310.0,6180.0,6280.0,1600,0.0,0.0
2022-10-12 10:00:00+09:00,6220.0,6220.0,6160.0,6210.0,1200,0.0,0.0
2022-10-12 11:00:00+09:00,6210.0,6210.0,6210.0,6210.0,0,0.0,0.0
2022-10-12 12:00:00+09:00,6170.0,6170.0,6170.0,6170.0,3100,0.0,0.0
2022-10-12 13:00:00+09:00,6190.0,6200.0,6190.0,6200.0,1100,0.0,0.0
2022-10-12 14:00:00+09:00,6220.0,6240.0,6160.0,6160.0,700,0.0,0.0
2022-10-13 09:00:00+09:00,6160.0,6260.0,6160.0,6260.0,300,0.0,0.0
2022-10-13 10:00:00+09:00,6200.0,6200.0,6200.0,6200.0,200,0.0,0.0
2022-10-13 11:00:00+09:00,6250.0,6270.0,6250.0,6270.0,0,0.0,0.0
2022-10-13 13:00:00+09:00,6240.0,6240.0,6240.0,6240.0,1100,0.0,0.0
2022-10-13 14:00:00+09:00,6220.0,6260.0,6220.0,6260.0,200,0.0,0.0
2022-10-14 09:00:00+09:00,6290.0,6310.0,6220.0,6310.0,1600,0.0,0.0
2022-10-14 10:00:00+09:00,6310.0,6360.0,6310.0,6310.0,2200,0.0,0.0
2022-10-14 11:00:00+09:00,6310.0,6330.0,6310.0,6320.0,0,0.0,0.0
2022-10-14 12:00:00+09:00,6310.0,6340.0,6310.0,6340.0,4400,0.0,0.0
2022-10-14 13:00:00+09:00,6300.0,6320.0,6300.0,6320.0,500,0.0,0.0
2022-10-14 14:00:00+09:00,6290.0,6310.0,6220.0,6300.0,700,0.0,0.0
2022-10-17 09:00:00+09:00,6270.0,6380.0,6270.0,6310.0,1400,0.0,0.0
2022-10-17 10:00:00+09:00,6340.0,6350.0,6320.0,6320.0,700,0.0,0.0
2022-10-17 11:00:00+09:00,6320.0,6330.0,6320.0,6330.0,0,0.0,0.0
2022-10-17 12:00:00+09:00,6340.0,6340.0,6340.0,6340.0,3000,0.0,0.0
2022-10-17 13:00:00+09:00,6360.0,6360.0,6350.0,6350.0,1200,0.0,0.0
2022-10-17 14:00:00+09:00,6310.0,6340.0,6300.0,6320.0,1200,0.0,0.0
2022-10-18 09:00:00+09:00,6380.0,6410.0,6300.0,6380.0,3600,0.0,0.0
2022-10-18 10:00:00+09:00,6360.0,6380.0,6340.0,6380.0,400,0.0,0.0
2022-10-18 11:00:00+09:00,6370.0,6370.0,6370.0,6370.0,0,0.0,0.0
2022-10-18 12:00:00+09:00,6380.0,6380.0,6380.0,6380.0,4200,0.0,0.0
2022-10-18 13:00:00+09:00,6380.0,6380.0,6370.0,6370.0,1200,0.0,0.0
2022-10-18 14:00:00+09:00,6370.0,6390.0,6360.0,6360.0,900,0.0,0.0
2022-10-19 09:00:00+09:00,6380.0,6410.0,6340.0,6340.0,0,0.0,0.0
2022-10-19 10:00:00+09:00,6410.0,6440.0,6390.0,6390.0,5100,0.0,0.0
2022-10-19 11:00:00+09:00,6410.0,6410.0,6390.0,6390.0,0,0.0,0.0
2022-10-19 12:00:00+09:00,6410.0,6450.0,6410.0,6440.0,6700,0.0,0.0
2022-10-19 13:00:00+09:00,6440.0,6510.0,6430.0,6480.0,2700,0.0,0.0
2022-10-19 14:00:00+09:00,6500.0,6600.0,6500.0,6600.0,7900,0.0,0.0
2022-10-20 09:00:00+09:00,6590.0,6590.0,6530.0,6550.0,2100,0.0,0.0
2022-10-20 10:00:00+09:00,6590.0,6660.0,6590.0,6640.0,1400,0.0,0.0
2022-10-20 11:00:00+09:00,6610.0,6610.0,6610.0,6610.0,0,0.0,0.0
2022-10-20 12:00:00+09:00,6610.0,6610.0,6610.0,6610.0,4000,0.0,0.0
2022-10-20 13:00:00+09:00,6580.0,6600.0,6570.0,6600.0,700,0.0,0.0
2022-10-20 14:00:00+09:00,6590.0,6610.0,6480.0,6530.0,3700,0.0,0.0
2022-10-21 09:00:00+09:00,6550.0,6580.0,6550.0,6580.0,900,0.0,0.0
2022-10-21 10:00:00+09:00,6570.0,6580.0,6550.0,6580.0,500,0.0,0.0
2022-10-21 11:00:00+09:00,6580.0,6580.0,6580.0,6580.0,0,0.0,0.0
2022-10-21 12:00:00+09:00,6590.0,6590.0,6560.0,6560.0,2800,0.0,0.0
2022-10-21 13:00:00+09:00,6550.0,6550.0,6510.0,6550.0,1000,0.0,0.0
2022-10-21 14:00:00+09:00,6530.0,6560.0,6500.0,6500.0,700,0.0,0.0
2022-10-24 09:00:00+09:00,6600.0,6610.0,6520.0,6530.0,600,0.0,0.0
2022-10-24 10:00:00+09:00,6570.0,6600.0,6560.0,6590.0,800,0.0,0.0
2022-10-24 11:00:00+09:00,6600.0,6600.0,6600.0,6600.0,0,0.0,0.0
2022-10-24 12:00:00+09:00,6610.0,6610.0,6600.0,6600.0,1900,0.0,0.0
2022-10-24 13:00:00+09:00,6600.0,6660.0,6590.0,6660.0,1500,0.0,0.0
2022-10-24 14:00:00+09:00,6660.0,6760.0,6600.0,6760.0,3300,0.0,0.0
2022-10-25 09:00:00+09:00,6730.0,6800.0,6730.0,6760.0,2500,0.0,0.0
2022-10-25 10:00:00+09:00,6760.0,6770.0,6710.0,6710.0,1300,0.0,0.0
2022-10-25 11:00:00+09:00,6770.0,6780.0,6740.0,6740.0,0,0.0,0.0
2022-10-25 12:00:00+09:00,6740.0,6790.0,6660.0,6730.0,5500,0.0,0.0
2022-10-25 13:00:00+09:00,6750.0,6790.0,6720.0,6760.0,800,0.0,0.0
2022-10-25 14:00:00+09:00,6760.0,6760.0,6630.0,6660.0,1400,0.0,0.0
2022-10-26 09:00:00+09:00,6780.0,6790.0,6720.0,6790.0,2000,0.0,0.0
2022-10-26 10:00:00+09:00,6790.0,6790.0,6770.0,6780.0,500,0.0,0.0
2022-10-26 11:00:00+09:00,6780.0,6780.0,6760.0,6760.0,0,0.0,0.0
2022-10-26 12:00:00+09:00,6770.0,6790.0,6760.0,6770.0,4100,0.0,0.0
2022-10-26 13:00:00+09:00,6780.0,6780.0,6740.0,6750.0,1100,0.0,0.0
2022-10-26 14:00:00+09:00,6730.0,6790.0,6710.0,6770.0,2800,0.0,0.0
2022-10-27 09:00:00+09:00,6770.0,6770.0,6720.0,6720.0,1000,0.0,0.0
2022-10-27 10:00:00+09:00,6760.0,6840.0,6760.0,6840.0,3000,0.0,0.0
2022-10-27 11:00:00+09:00,6840.0,6840.0,6840.0,6840.0,0,0.0,0.0
2022-10-27 12:00:00+09:00,6840.0,6840.0,6810.0,6810.0,5000,0.0,0.0
2022-10-27 13:00:00+09:00,6840.0,6880.0,6840.0,6860.0,0,0.0,0.0
2022-10-27 14:00:00+09:00,6840.0,6870.0,6820.0,6830.0,9300,0.0,0.0
2022-10-28 09:00:00+09:00,6870.0,6870.0,6780.0,6780.0,2100,0.0,0.0
2022-10-28 10:00:00+09:00,6770.0,6850.0,6770.0,6850.0,1200,0.0,0.0
2022-10-28 11:00:00+09:00,6840.0,6850.0,6820.0,6820.0,0,0.0,0.0
2022-10-28 12:00:00+09:00,6860.0,6860.0,6860.0,6860.0,4100,0.0,0.0
2022-10-28 13:00:00+09:00,6850.0,6870.0,6820.0,6860.0,1800,0.0,0.0
2022-10-28 14:00:00+09:00,6840.0,6840.0,6770.0,6800.0,2100,0.0,0.0
2022-10-31 09:00:00+09:00,6760.0,6850.0,6750.0,6800.0,3700,0.0,0.0
2022-10-31 10:00:00+09:00,6850.0,6860.0,6850.0,6860.0,200,0.0,0.0
2022-10-31 11:00:00+09:00,6880.0,6880.0,6860.0,6880.0,0,0.0,0.0
2022-10-31 12:00:00+09:00,6880.0,6890.0,6880.0,6890.0,5300,0.0,0.0
2022-10-31 13:00:00+09:00,6890.0,6950.0,6890.0,6950.0,4200,0.0,0.0
2022-10-31 14:00:00+09:00,6960.0,6970.0,6860.0,6860.0,1200,0.0,0.0
2022-11-01 09:00:00+09:00,6850.0,6930.0,6850.0,6900.0,1200,0.0,0.0
2022-11-01 10:00:00+09:00,6890.0,6890.0,6870.0,6870.0,700,0.0,0.0
2022-11-01 11:00:00+09:00,6930.0,6930.0,6930.0,6930.0,0,0.0,0.0
2022-11-01 12:00:00+09:00,6960.0,6960.0,6920.0,6920.0,2500,0.0,0.0
2022-11-01 13:00:00+09:00,6920.0,6950.0,6920.0,6950.0,300,0.0,0.0
2022-11-01 14:00:00+09:00,6950.0,6950.0,6910.0,6910.0,800,0.0,0.0
2022-11-02 09:00:00+09:00,6920.0,7120.0,6920.0,7070.0,7000,0.0,0.0
2022-11-02 10:00:00+09:00,7080.0,7100.0,7050.0,7070.0,2100,0.0,0.0
2022-11-02 11:00:00+09:00,7070.0,7070.0,7040.0,7070.0,0,0.0,0.0
2022-11-02 12:00:00+09:00,7060.0,7080.0,7050.0,7050.0,14700,0.0,0.0
2022-11-02 13:00:00+09:00,7060.0,7060.0,7050.0,7060.0,600,0.0,0.0
2022-11-02 14:00:00+09:00,7060.0,7060.0,7020.0,7040.0,600,0.0,0.0
2022-11-04 09:00:00+09:00,6980.0,7020.0,6960.0,7010.0,3000,0.0,0.0
2022-11-04 10:00:00+09:00,7020.0,7020.0,6800.0,6930.0,2900,0.0,0.0
2022-11-04 11:00:00+09:00,6890.0,6910.0,6850.0,6860.0,0,0.0,0.0
2022-11-04 12:00:00+09:00,6870.0,6880.0,6860.0,6880.0,8700,0.0,0.0
2022-11-04 13:00:00+09:00,6880.0,6900.0,6850.0,6900.0,3400,0.0,0.0
2022-11-04 14:00:00+09:00,6910.0,6930.0,6870.0,6890.0,1600,0.0,0.0
2022-11-07 09:00:00+09:00,6970.0,7030.0,6900.0,7030.0,3600,0.0,0.0
2022-11-07 10:00:00+09:00,7050.0,7160.0,7020.0,7130.0,10500,0.0,0.0
2022-11-07 11:00:00+09:00,7130.0,7140.0,7080.0,7090.0,0,0.0,0.0
2022-11-07 12:00:00+09:00,7090.0,7090.0,7050.0,7050.0,17500,0.0,0.0
2022-11-07 13:00:00+09:00,7060.0,7080.0,7040.0,7040.0,2000,0.0,0.0
2022-11-07 14:00:00+09:00,7040.0,7040.0,7020.0,7030.0,2000,0.0,0.0
2022-11-08 09:00:00+09:00,7100.0,7120.0,7030.0,7110.0,0,0.0,0.0
2022-11-08 10:00:00+09:00,7080.0,7080.0,7040.0,7060.0,10300,0.0,0.0
2022-11-08 11:00:00+09:00,7060.0,7060.0,7040.0,7040.0,0,0.0,0.0
2022-11-08 12:00:00+09:00,7060.0,7060.0,6970.0,6970.0,14000,0.0,0.0
2022-11-08 13:00:00+09:00,7000.0,7050.0,7000.0,7050.0,1200,0.0,0.0
2022-11-08 14:00:00+09:00,7040.0,7040.0,6990.0,7000.0,3300,0.0,0.0
2022-11-09 09:00:00+09:00,7010.0,7060.0,6990.0,7030.0,2800,0.0,0.0
2022-11-09 10:00:00+09:00,7050.0,7150.0,7050.0,7100.0,4900,0.0,0.0
2022-11-09 11:00:00+09:00,7080.0,7090.0,7080.0,7090.0,0,0.0,0.0
2022-11-09 12:00:00+09:00,7050.0,7150.0,7050.0,7150.0,11000,0.0,0.0
2022-11-09 13:00:00+09:00,7150.0,7150.0,7080.0,7100.0,3000,0.0,0.0
2022-11-09 14:00:00+09:00,7070.0,7070.0,7000.0,7000.0,2700,0.0,0.0
2022-11-10 09:00:00+09:00,7040.0,7080.0,6950.0,7070.0,3000,0.0,0.0
2022-11-10 10:00:00+09:00,7050.0,7050.0,7030.0,7040.0,1500,0.0,0.0
2022-11-10 11:00:00+09:00,7030.0,7030.0,7020.0,7020.0,0,0.0,0.0
2022-11-10 12:00:00+09:00,7030.0,7050.0,7030.0,7030.0,5300,0.0,0.0
2022-11-10 13:00:00+09:00,7020.0,7020.0,6990.0,6990.0,1500,0.0,0.0
2022-11-10 14:00:00+09:00,6990.0,7020.0,6900.0,7000.0,3200,0.0,0.0
2022-11-11 09:00:00+09:00,7140.0,7140.0,6840.0,6890.0,5900,0.0,0.0
2022-11-11 10:00:00+09:00,6900.0,6900.0,6830.0,6830.0,3600,0.0,0.0
2022-11-11 11:00:00+09:00,6870.0,6890.0,6850.0,6860.0,0,0.0,0.0
2022-11-11 12:00:00+09:00,6870.0,6920.0,6870.0,6900.0,12500,0.0,0.0
2022-11-11 13:00:00+09:00,6930.0,6960.0,6870.0,6880.0,3500,0.0,0.0
2022-11-11 14:00:00+09:00,6870.0,6880.0,6830.0,6830.0,3600,0.0,0.0
2022-11-14 09:00:00+09:00,7000.0,7000.0,6800.0,6900.0,0,0.0,0.0
2022-11-14 10:00:00+09:00,6900.0,6900.0,6650.0,6890.0,23700,0.0,0.0
2022-11-14 11:00:00+09:00,6790.0,6860.0,6660.0,6710.0,0,0.0,0.0
2022-11-14 12:00:00+09:00,6710.0,6750.0,6680.0,6750.0,27800,0.0,0.0
2022-11-14 13:00:00+09:00,6760.0,6820.0,6730.0,6770.0,1700,0.0,0.0
2022-11-14 14:00:00+09:00,6800.0,6820.0,6770.0,6780.0,1600,0.0,0.0
2022-11-15 09:00:00+09:00,6860.0,6950.0,6740.0,6940.0,7600,0.0,0.0
2022-11-15 10:00:00+09:00,6950.0,6970.0,6810.0,6840.0,6800,0.0,0.0
2022-11-15 11:00:00+09:00,6840.0,6860.0,6840.0,6860.0,0,0.0,0.0
2022-11-15 12:00:00+09:00,6900.0,6920.0,6800.0,6800.0,16400,0.0,0.0
2022-11-15 13:00:00+09:00,6840.0,6920.0,6800.0,6850.0,4900,0.0,0.0
2022-11-15 14:00:00+09:00,6860.0,6860.0,6800.0,6800.0,3100,0.0,0.0
2022-11-16 09:00:00+09:00,6740.0,6820.0,6680.0,6740.0,3200,0.0,0.0
2022-11-16 10:00:00+09:00,6760.0,6810.0,6740.0,6810.0,1300,0.0,0.0
2022-11-16 11:00:00+09:00,6820.0,6840.0,6800.0,6820.0,0,0.0,0.0
2022-11-16 12:00:00+09:00,6820.0,6830.0,6800.0,6810.0,9500,0.0,0.0
2022-11-16 13:00:00+09:00,6810.0,6810.0,6780.0,6790.0,1600,0.0,0.0
2022-11-16 14:00:00+09:00,6830.0,6840.0,6800.0,6820.0,3500,0.0,0.0
2022-11-17 09:00:00+09:00,6800.0,6800.0,6780.0,6780.0,5500,0.0,0.0
2022-11-17 10:00:00+09:00,6780.0,6840.0,6770.0,6840.0,600,0.0,0.0
2022-11-17 11:00:00+09:00,6800.0,6800.0,6750.0,6780.0,0,0.0,0.0
2022-11-17 12:00:00+09:00,6800.0,6840.0,6790.0,6810.0,18000,0.0,0.0
2022-11-17 13:00:00+09:00,6840.0,6900.0,6800.0,6880.0,3900,0.0,0.0
2022-11-17 14:00:00+09:00,6910.0,6950.0,6870.0,6940.0,3900,0.0,0.0
2022-11-18 09:00:00+09:00,6970.0,7090.0,6950.0,7020.0,11900,0.0,0.0
2022-11-18 10:00:00+09:00,7020.0,7020.0,6930.0,6970.0,2300,0.0,0.0
2022-11-18 11:00:00+09:00,6950.0,6970.0,6920.0,6920.0,0,0.0,0.0
2022-11-18 12:00:00+09:00,6930.0,6950.0,6860.0,6900.0,19900,0.0,0.0
2022-11-18 13:00:00+09:00,6910.0,6930.0,6900.0,6930.0,2700,0.0,0.0
2022-11-18 14:00:00+09:00,6920.0,6940.0,6880.0,6910.0,8700,0.0,0.0
2022-11-21 09:00:00+09:00,6870.0,6890.0,6750.0,6750.0,8600,0.0,0.0
2022-11-21 10:00:00+09:00,6750.0,6790.0,6750.0,6770.0,1300,0.0,0.0
2022-11-21 11:00:00+09:00,6770.0,6780.0,6730.0,6730.0,0,0.0,0.0
2022-11-21 12:00:00+09:00,6710.0,6750.0,6690.0,6720.0,12600,0.0,0.0
2022-11-21 13:00:00+09:00,6740.0,6760.0,6730.0,6730.0,1700,0.0,0.0
2022-11-21 14:00:00+09:00,6720.0,6780.0,6720.0,6740.0,3600,0.0,0.0
2022-11-22 09:00:00+09:00,6690.0,6760.0,6610.0,6680.0,13100,0.0,0.0
2022-11-22 10:00:00+09:00,6650.0,6700.0,6650.0,6670.0,2700,0.0,0.0
2022-11-22 11:00:00+09:00,6670.0,6700.0,6670.0,6670.0,0,0.0,0.0
2022-11-22 12:00:00+09:00,6660.0,6700.0,6650.0,6650.0,17800,0.0,0.0
2022-11-22 13:00:00+09:00,6630.0,6650.0,6620.0,6650.0,1300,0.0,0.0
2022-11-22 14:00:00+09:00,6650.0,6740.0,6600.0,6680.0,10800,0.0,0.0
2022-11-24 09:00:00+09:00,6620.0,6740.0,6620.0,6740.0,9000,0.0,0.0
2022-11-24 10:00:00+09:00,6730.0,6730.0,6710.0,6730.0,2500,0.0,0.0
2022-11-24 11:00:00+09:00,6730.0,6730.0,6720.0,6720.0,0,0.0,0.0
2022-11-24 12:00:00+09:00,6710.0,6730.0,6710.0,6720.0,12700,0.0,0.0
2022-11-24 13:00:00+09:00,6710.0,6710.0,6680.0,6690.0,1900,0.0,0.0
2022-11-24 14:00:00+09:00,6700.0,6710.0,6650.0,6690.0,3000,0.0,0.0
2022-11-25 09:00:00+09:00,6680.0,6680.0,6620.0,6640.0,2200,0.0,0.0
2022-11-25 10:00:00+09:00,6650.0,6670.0,6640.0,6650.0,1200,0.0,0.0
2022-11-25 11:00:00+09:00,6670.0,6680.0,6660.0,6660.0,0,0.0,0.0
2022-11-25 12:00:00+09:00,6640.0,6660.0,6640.0,6660.0,5200,0.0,0.0
2022-11-25 13:00:00+09:00,6650.0,6670.0,6650.0,6650.0,600,0.0,0.0
2022-11-25 14:00:00+09:00,6670.0,6670.0,6620.0,6620.0,1100,0.0,0.0
2022-11-28 09:00:00+09:00,6620.0,6790.0,6620.0,6770.0,7900,0.0,0.0
2022-11-28 10:00:00+09:00,6790.0,6790.0,6770.0,6790.0,700,0.0,0.0
2022-11-28 11:00:00+09:00,6790.0,6880.0,6790.0,6860.0,0,0.0,0.0
2022-11-28 12:00:00+09:00,6880.0,6960.0,6860.0,6930.0,14400,0.0,0.0
2022-11-28 13:00:00+09:00,6920.0,6920.0,6820.0,6890.0,5500,0.0,0.0
2022-11-28 14:00:00+09:00,6890.0,6910.0,6870.0,6870.0,3400,0.0,0.0
2022-11-29 09:00:00+09:00,6790.0,6830.0,6790.0,6810.0,2200,0.0,0.0
2022-11-29 10:00:00+09:00,6800.0,6830.0,6790.0,6800.0,2600,0.0,0.0
2022-11-29 11:00:00+09:00,6800.0,6800.0,6780.0,6780.0,0,0.0,0.0
2022-11-29 12:00:00+09:00,6780.0,6800.0,6780.0,6790.0,5800,0.0,0.0
2022-11-29 13:00:00+09:00,6780.0,6790.0,6750.0,6750.0,1100,0.0,0.0
2022-11-29 14:00:00+09:00,6770.0,6780.0,6730.0,6730.0,1700,0.0,0.0
2022-11-30 09:00:00+09:00,6710.0,6800.0,6680.0,6800.0,3000,0.0,0.0
2022-11-30 10:00:00+09:00,6810.0,6830.0,6810.0,6830.0,400,0.0,0.0
2022-11-30 11:00:00+09:00,6810.0,6840.0,6790.0,6840.0,0,0.0,0.0
2022-11-30 12:00:00+09:00,6790.0,6870.0,6790.0,6840.0,5500,0.0,0.0
2022-11-30 13:00:00+09:00,6840.0,6860.0,6820.0,6840.0,1300,0.0,0.0
2022-11-30 14:00:00+09:00,6850.0,6960.0,6820.0,6960.0,6600,0.0,0.0
2022-12-01 09:00:00+09:00,6950.0,7000.0,6910.0,6930.0,1200,0.0,0.0
2022-12-01 10:00:00+09:00,6910.0,6920.0,6910.0,6920.0,300,0.0,0.0
2022-12-01 11:00:00+09:00,6920.0,6920.0,6920.0,6920.0,0,0.0,0.0
2022-12-01 12:00:00+09:00,6940.0,6940.0,6940.0,6940.0,2600,0.0,0.0
2022-12-01 13:00:00+09:00,6910.0,6940.0,6900.0,6940.0,600,0.0,0.0
2022-12-01 14:00:00+09:00,6910.0,6940.0,6900.0,6920.0,2200,0.0,0.0
2022-12-02 09:00:00+09:00,6910.0,6910.0,6710.0,6780.0,3900,0.0,0.0
2022-12-02 10:00:00+09:00,6790.0,6800.0,6710.0,6750.0,2400,0.0,0.0
2022-12-02 11:00:00+09:00,6770.0,6790.0,6760.0,6790.0,0,0.0,0.0
2022-12-02 12:00:00+09:00,6770.0,6850.0,6770.0,6850.0,8000,0.0,0.0
2022-12-02 13:00:00+09:00,6840.0,6860.0,6830.0,6850.0,1100,0.0,0.0
2022-12-02 14:00:00+09:00,6850.0,6900.0,6840.0,6900.0,2000,0.0,0.0
2022-12-05 09:00:00+09:00,6790.0,6890.0,6780.0,6890.0,1300,0.0,0.0
2022-12-05 10:00:00+09:00,6850.0,6880.0,6840.0,6880.0,300,0.0,0.0
2022-12-05 11:00:00+09:00,6880.0,6880.0,6880.0,6880.0,0,0.0,0.0
2022-12-05 13:00:00+09:00,6790.0,6800.0,6790.0,6800.0,2000,0.0,0.0
2022-12-05 14:00:00+09:00,6790.0,6820.0,6790.0,6800.0,700,0.0,0.0
2022-12-06 09:00:00+09:00,6780.0,6810.0,6780.0,6810.0,400,0.0,0.0
2022-12-06 10:00:00+09:00,6800.0,6820.0,6770.0,6820.0,1000,0.0,0.0
2022-12-06 11:00:00+09:00,6850.0,6890.0,6850.0,6870.0,0,0.0,0.0
2022-12-06 14:00:00+09:00,6840.0,6880.0,6840.0,6880.0,3200,0.0,0.0
2022-12-07 09:00:00+09:00,6720.0,6870.0,6720.0,6870.0,1400,0.0,0.0
2022-12-07 10:00:00+09:00,6840.0,6870.0,6830.0,6870.0,0,0.0,0.0
2022-12-07 11:00:00+09:00,6860.0,6860.0,6850.0,6850.0,0,0.0,0.0
2022-12-07 12:00:00+09:00,6800.0,6840.0,6800.0,6840.0,2400,0.0,0.0
2022-12-07 14:00:00+09:00,6820.0,6900.0,6820.0,6900.0,2300,0.0,0.0
2022-12-08 09:00:00+09:00,6860.0,6890.0,6810.0,6830.0,1300,0.0,0.0
2022-12-08 10:00:00+09:00,6850.0,6880.0,6850.0,6860.0,300,0.0,0.0
2022-12-08 11:00:00+09:00,6860.0,6860.0,6860.0,6860.0,0,0.0,0.0
2022-12-08 12:00:00+09:00,6870.0,6870.0,6870.0,6870.0,1700,0.0,0.0
2022-12-08 13:00:00+09:00,6860.0,6860.0,6850.0,6850.0,400,0.0,0.0
2022-12-08 14:00:00+09:00,6840.0,6880.0,6840.0,6880.0,1200,0.0,0.0
2022-12-09 09:00:00+09:00,6880.0,6930.0,6870.0,6930.0,1400,0.0,0.0
2022-12-09 10:00:00+09:00,6940.0,6940.0,6930.0,6940.0,800,0.0,0.0
2022-12-09 11:00:00+09:00,6940.0,6940.0,6940.0,6940.0,0,0.0,0.0
2022-12-09 12:00:00+09:00,6900.0,6910.0,6890.0,6910.0,2900,0.0,0.0
2022-12-09 13:00:00+09:00,6910.0,6970.0,6910.0,6970.0,2500,0.0,0.0
2022-12-09 14:00:00+09:00,6980.0,6990.0,6940.0,6970.0,1800,0.0,0.0
2022-12-12 09:00:00+09:00,6980.0,6980.0,6840.0,6840.0,3800,0.0,0.0
2022-12-12 10:00:00+09:00,6860.0,6890.0,6830.0,6890.0,1500,0.0,0.0
2022-12-12 11:00:00+09:00,6890.0,6890.0,6890.0,6890.0,0,0.0,0.0
2022-12-12 12:00:00+09:00,6870.0,6870.0,6870.0,6870.0,5400,0.0,0.0
2022-12-12 13:00:00+09:00,6900.0,6910.0,6890.0,6900.0,700,0.0,0.0
2022-12-12 14:00:00+09:00,6910.0,6920.0,6840.0,6840.0,2800,0.0,0.0
2022-12-13 09:00:00+09:00,6920.0,6920.0,6910.0,6910.0,400,0.0,0.0
2022-12-13 10:00:00+09:00,6890.0,6910.0,6860.0,6900.0,1600,0.0,0.0
2022-12-13 11:00:00+09:00,6900.0,6900.0,6900.0,6900.0,0,0.0,0.0
2022-12-13 12:00:00+09:00,6900.0,6900.0,6860.0,6860.0,2700,0.0,0.0
2022-12-13 13:00:00+09:00,6860.0,6880.0,6830.0,6880.0,1000,0.0,0.0
2022-12-13 14:00:00+09:00,6860.0,6900.0,6860.0,6880.0,900,0.0,0.0
2022-12-14 09:00:00+09:00,6860.0,7060.0,6860.0,6940.0,5800,0.0,0.0
2022-12-14 10:00:00+09:00,6980.0,7000.0,6980.0,7000.0,400,0.0,0.0
2022-12-14 11:00:00+09:00,6960.0,6960.0,6960.0,6960.0,0,0.0,0.0
2022-12-14 12:00:00+09:00,6950.0,6950.0,6950.0,6950.0,6600,0.0,0.0
2022-12-14 13:00:00+09:00,6930.0,6930.0,6930.0,6930.0,100,0.0,0.0
2022-12-14 14:00:00+09:00,6930.0,7040.0,6930.0,7010.0,5100,0.0,0.0
2022-12-15 09:00:00+09:00,6990.0,7140.0,6960.0,7130.0,0,0.0,0.0
2022-12-15 10:00:00+09:00,7130.0,7190.0,7130.0,7160.0,10000,0.0,0.0
2022-12-15 11:00:00+09:00,7160.0,7160.0,7160.0,7160.0,0,0.0,0.0
2022-12-15 12:00:00+09:00,7160.0,7160.0,7130.0,7130.0,11000,0.0,0.0
2022-12-15 13:00:00+09:00,7120.0,7150.0,7110.0,7110.0,1100,0.0,0.0
2022-12-15 14:00:00+09:00,7110.0,7200.0,7110.0,7200.0,5200,0.0,0.0
2022-12-16 09:00:00+09:00,7080.0,7270.0,7020.0,7190.0,9300,0.0,0.0
2022-12-16 10:00:00+09:00,7170.0,7180.0,7130.0,7130.0,3400,0.0,0.0
2022-12-16 11:00:00+09:00,7190.0,7190.0,7190.0,7190.0,0,0.0,0.0
2022-12-16 12:00:00+09:00,7250.0,7250.0,7180.0,7230.0,15600,0.0,0.0
2022-12-16 13:00:00+09:00,7220.0,7230.0,7170.0,7170.0,1900,0.0,0.0
2022-12-16 14:00:00+09:00,7180.0,7200.0,7120.0,7200.0,3500,0.0,0.0
2022-12-19 09:00:00+09:00,7170.0,7180.0,7120.0,7150.0,1300,0.0,0.0
2022-12-19 10:00:00+09:00,7140.0,7180.0,7140.0,7180.0,1100,0.0,0.0
2022-12-19 11:00:00+09:00,7180.0,7180.0,7170.0,7170.0,0,0.0,0.0
2022-12-19 12:00:00+09:00,7180.0,7180.0,7150.0,7170.0,3000,0.0,0.0
2022-12-19 13:00:00+09:00,7180.0,7230.0,7180.0,7220.0,1300,0.0,0.0
2022-12-19 14:00:00+09:00,7210.0,7290.0,7210.0,7230.0,4200,0.0,0.0
2022-12-20 09:00:00+09:00,7310.0,7330.0,7210.0,7280.0,7300,0.0,0.0
2022-12-20 10:00:00+09:00,7290.0,7370.0,7290.0,7370.0,2500,0.0,0.0
2022-12-20 11:00:00+09:00,7350.0,7370.0,7350.0,7370.0,0,0.0,0.0
2022-12-20 12:00:00+09:00,7200.0,7220.0,7140.0,7140.0,15200,0.0,0.0
2022-12-20 13:00:00+09:00,7150.0,7170.0,7040.0,7070.0,4800,0.0,0.0
2022-12-20 14:00:00+09:00,7080.0,7080.0,7010.0,7060.0,7000,0.0,0.0
2022-12-21 09:00:00+09:00,6920.0,7050.0,6910.0,6970.0,4500,0.0,0.0
2022-12-21 10:00:00+09:00,7000.0,7080.0,6970.0,7030.0,2600,0.0,0.0
2022-12-21 11:00:00+09:00,7060.0,7070.0,7050.0,7050.0,0,0.0,0.0
2022-12-21 12:00:00+09:00,7040.0,7070.0,7040.0,7060.0,8200,0.0,0.0
2022-12-21 13:00:00+09:00,7050.0,7050.0,7030.0,7050.0,800,0.0,0.0
2022-12-21 14:00:00+09:00,7050.0,7050.0,7010.0,7010.0,2100,0.0,0.0
2022-12-22 09:00:00+09:00,7150.0,7240.0,7120.0,7240.0,5900,0.0,0.0
2022-12-22 10:00:00+09:00,7200.0,7200.0,7190.0,7190.0,400,0.0,0.0
2022-12-22 11:00:00+09:00,7220.0,7230.0,7190.0,7190.0,0,0.0,0.0
2022-12-22 12:00:00+09:00,7190.0,7190.0,7130.0,7130.0,6800,0.0,0.0
2022-12-22 14:00:00+09:00,7130.0,7130.0,7080.0,7090.0,2100,0.0,0.0
2022-12-23 09:00:00+09:00,7090.0,7200.0,7080.0,7200.0,3900,0.0,0.0
2022-12-23 10:00:00+09:00,7230.0,7230.0,7200.0,7220.0,700,0.0,0.0
2022-12-23 11:00:00+09:00,7240.0,7240.0,7200.0,7200.0,0,0.0,0.0
2022-12-23 12:00:00+09:00,7240.0,7240.0,7240.0,7240.0,5400,0.0,0.0
2022-12-23 13:00:00+09:00,7230.0,7230.0,7230.0,7230.0,200,0.0,0.0
2022-12-23 14:00:00+09:00,7230.0,7250.0,7210.0,7230.0,1500,0.0,0.0
2022-12-26 09:00:00+09:00,7200.0,7210.0,7200.0,7210.0,900,0.0,0.0
2022-12-26 10:00:00+09:00,7250.0,7250.0,7220.0,7230.0,400,0.0,0.0
2022-12-26 11:00:00+09:00,7230.0,7230.0,7220.0,7220.0,0,0.0,0.0
2022-12-26 12:00:00+09:00,7210.0,7210.0,7200.0,7200.0,2600,0.0,0.0
2022-12-26 13:00:00+09:00,7220.0,7230.0,7220.0,7230.0,300,0.0,0.0
2022-12-26 14:00:00+09:00,7230.0,7230.0,7200.0,7200.0,500,0.0,0.0
2022-12-27 09:00:00+09:00,7200.0,7200.0,7040.0,7140.0,1800,0.0,0.0
2022-12-27 10:00:00+09:00,7120.0,7140.0,7110.0,7140.0,400,0.0,0.0
2022-12-27 11:00:00+09:00,7160.0,7160.0,7150.0,7150.0,0,0.0,0.0
2022-12-27 12:00:00+09:00,7110.0,7130.0,7100.0,7130.0,3100,0.0,0.0
2022-12-27 13:00:00+09:00,7100.0,7140.0,7100.0,7110.0,400,0.0,0.0
2022-12-27 14:00:00+09:00,7140.0,7140.0,7070.0,7070.0,2600,0.0,0.0
2022-12-28 09:00:00+09:00,7020.0,7060.0,6890.0,7030.0,7100,0.0,0.0
2022-12-28 10:00:00+09:00,7020.0,7120.0,7020.0,7090.0,1500,0.0,0.0
2022-12-28 11:00:00+09:00,7110.0,7110.0,7090.0,7090.0,0,0.0,0.0
2022-12-28 12:00:00+09:00,7090.0,7090.0,7000.0,7080.0,11100,0.0,0.0
2022-12-28 13:00:00+09:00,7100.0,7110.0,7040.0,7110.0,1700,0.0,0.0
2022-12-28 14:00:00+09:00,7090.0,7120.0,7080.0,7080.0,900,0.0,0.0
2022-12-29 09:00:00+09:00,7120.0,7120.0,6960.0,7000.0,800,0.0,0.0
2022-12-29 10:00:00+09:00,7010.0,7010.0,7000.0,7000.0,200,0.0,0.0
2022-12-29 11:00:00+09:00,6990.0,6990.0,6990.0,6990.0,0,0.0,0.0
2022-12-29 12:00:00+09:00,6990.0,6990.0,6980.0,6980.0,1500,0.0,0.0
2022-12-29 13:00:00+09:00,6990.0,7060.0,6990.0,7060.0,400,0.0,0.0
2022-12-29 14:00:00+09:00,7040.0,7040.0,7010.0,7010.0,300,0.0,0.0
2022-12-30 12:00:00+09:00,7070.0,7120.0,7010.0,7120.0,1500,0.0,0.0
2022-12-30 13:00:00+09:00,7140.0,7160.0,7130.0,7130.0,800,0.0,0.0
2022-12-30 14:00:00+09:00,7170.0,7180.0,7090.0,7120.0,4300,0.0,0.0
2023-01-04 09:00:00+09:00,7090.0,7090.0,7000.0,7000.0,600,0.0,0.0
2023-01-04 10:00:00+09:00,7000.0,7010.0,7000.0,7000.0,2500,0.0,0.0
2023-01-04 11:00:00+09:00,6990.0,6990.0,6950.0,6950.0,0,0.0,0.0
2023-01-04 12:00:00+09:00,6950.0,6980.0,6770.0,6840.0,8800,0.0,0.0
2023-01-04 13:00:00+09:00,6880.0,6890.0,6770.0,6770.0,3700,0.0,0.0
2023-01-04 14:00:00+09:00,6800.0,6810.0,6690.0,6690.0,6100,0.0,0.0
2023-01-05 09:00:00+09:00,6870.0,6930.0,6770.0,6900.0,5200,0.0,0.0
2023-01-05 10:00:00+09:00,6920.0,6990.0,6920.0,6970.0,1500,0.0,0.0
2023-01-05 11:00:00+09:00,6940.0,6950.0,6930.0,6930.0,0,0.0,0.0
2023-01-05 12:00:00+09:00,6960.0,6970.0,6850.0,6890.0,10200,0.0,0.0
2023-01-05 13:00:00+09:00,6870.0,6910.0,6870.0,6900.0,1400,0.0,0.0
2023-01-05 14:00:00+09:00,6920.0,6970.0,6910.0,6940.0,3100,0.0,0.0
2023-01-06 09:00:00+09:00,6880.0,6880.0,6880.0,6880.0,500,0.0,0.0
2023-01-06 11:00:00+09:00,6880.0,6880.0,6880.0,6880.0,0,0.0,0.0
2023-01-06 12:00:00+09:00,6930.0,6940.0,6930.0,6940.0,1100,0.0,0.0
2023-01-06 13:00:00+09:00,6920.0,6920.0,6920.0,6920.0,100,0.0,0.0
2023-01-06 14:00:00+09:00,6910.0,6910.0,6860.0,6860.0,1100,0.0,0.0
2023-01-10 09:00:00+09:00,6890.0,6970.0,6840.0,6940.0,4300,0.0,0.0
2023-01-10 10:00:00+09:00,6940.0,6940.0,6930.0,6930.0,200,0.0,0.0
2023-01-10 11:00:00+09:00,6930.0,6930.0,6930.0,6930.0,0,0.0,0.0
2023-01-10 12:00:00+09:00,6890.0,6890.0,6890.0,6890.0,4600,0.0,0.0
2023-01-10 13:00:00+09:00,6910.0,6920.0,6910.0,6920.0,200,0.0,0.0
2023-01-10 14:00:00+09:00,6910.0,6920.0,6890.0,6890.0,500,0.0,0.0
2023-01-11 09:00:00+09:00,6890.0,6910.0,6880.0,6910.0,400,0.0,0.0
2023-01-11 10:00:00+09:00,6890.0,6910.0,6890.0,6910.0,400,0.0,0.0
2023-01-11 11:00:00+09:00,6930.0,6930.0,6930.0,6930.0,0,0.0,0.0
2023-01-11 13:00:00+09:00,6930.0,6930.0,6830.0,6890.0,2800,0.0,0.0
2023-01-11 14:00:00+09:00,6890.0,6900.0,6860.0,6890.0,2600,0.0,0.0
2023-01-12 09:00:00+09:00,6920.0,6920.0,6920.0,6920.0,700,0.0,0.0
2023-01-12 10:00:00+09:00,6880.0,6880.0,6870.0,6870.0,400,0.0,0.0
2023-01-12 11:00:00+09:00,6880.0,6930.0,6880.0,6930.0,0,0.0,0.0
2023-01-12 12:00:00+09:00,6930.0,6950.0,6920.0,6930.0,2800,0.0,0.0
2023-01-12 13:00:00+09:00,6920.0,6920.0,6910.0,6910.0,300,0.0,0.0
2023-01-12 14:00:00+09:00,6890.0,6890.0,6880.0,6880.0,300,0.0,0.0
2023-01-13 09:00:00+09:00,6890.0,6940.0,6890.0,6910.0,2300,0.0,0.0
2023-01-13 10:00:00+09:00,6870.0,6870.0,6830.0,6850.0,1100,0.0,0.0
2023-01-13 11:00:00+09:00,6830.0,6850.0,6810.0,6810.0,0,0.0,0.0
2023-01-13 12:00:00+09:00,6810.0,6870.0,6810.0,6870.0,4300,0.0,0.0
2023-01-13 13:00:00+09:00,6850.0,6850.0,6850.0,6850.0,100,0.0,0.0
2023-01-13 14:00:00+09:00,6860.0,6860.0,6800.0,6840.0,2000,0.0,0.0
2023-01-16 09:00:00+09:00,6780.0,6840.0,6780.0,6820.0,900,0.0,0.0
2023-01-16 11:00:00+09:00,6800.0,6800.0,6800.0,6800.0,0,0.0,0.0
2023-01-16 12:00:00+09:00,6790.0,6830.0,6770.0,6830.0,2100,0.0,0.0
2023-01-16 13:00:00+09:00,6810.0,6810.0,6760.0,6810.0,600,0.0,0.0
2023-01-16 14:00:00+09:00,6810.0,6840.0,6770.0,6800.0,2300,0.0,0.0
2023-01-17 09:00:00+09:00,6800.0,6820.0,6800.0,6820.0,800,0.0,0.0
2023-01-17 10:00:00+09:00,6790.0,6850.0,6780.0,6830.0,1100,0.0,0.0
2023-01-17 11:00:00+09:00,6830.0,6830.0,6830.0,6830.0,0,0.0,0.0
2023-01-17 12:00:00+09:00,6840.0,6840.0,6840.0,6840.0,2000,0.0,0.0
2023-01-17 13:00:00+09:00,6800.0,6830.0,6750.0,6830.0,1700,0.0,0.0
2023-01-17 14:00:00+09:00,6820.0,6830.0,6790.0,6830.0,1400,0.0,0.0
2023-01-18 09:00:00+09:00,6790.0,6810.0,6790.0,6810.0,200,0.0,0.0
2023-01-18 11:00:00+09:00,6810.0,6810.0,6810.0,6810.0,0,0.0,0.0
2023-01-18 12:00:00+09:00,6810.0,6870.0,6810.0,6860.0,2700,0.0,0.0
2023-01-18 13:00:00+09:00,6880.0,6880.0,6870.0,6870.0,200,0.0,0.0
2023-01-18 14:00:00+09:00,6880.0,6890.0,6840.0,6850.0,1500,0.0,0.0
2023-01-19 09:00:00+09:00,6860.0,6860.0,6810.0,6850.0,800,0.0,0.0
2023-01-19 10:00:00+09:00,6840.0,6880.0,6840.0,6860.0,600,0.0,0.0
2023-01-19 11:00:00+09:00,6860.0,6870.0,6850.0,6870.0,0,0.0,0.0
2023-01-19 12:00:00+09:00,6880.0,6890.0,6880.0,6890.0,2000,0.0,0.0
2023-01-19 14:00:00+09:00,6850.0,6850.0,6820.0,6830.0,1100,0.0,0.0
2023-01-20 09:00:00+09:00,6850.0,6850.0,6760.0,6810.0,1400,0.0,0.0
2023-01-20 11:00:00+09:00,6810.0,6810.0,6810.0,6810.0,0,0.0,0.0
2023-01-20 12:00:00+09:00,6820.0,6820.0,6820.0,6820.0,1500,0.0,0.0
2023-01-20 13:00:00+09:00,6840.0,6880.0,6840.0,6880.0,700,0.0,0.0
2023-01-20 14:00:00+09:00,6880.0,6900.0,6870.0,6870.0,1300,0.0,0.0
2023-01-23 09:00:00+09:00,6900.0,6910.0,6890.0,6890.0,400,0.0,0.0
2023-01-23 10:00:00+09:00,6880.0,6880.0,6830.0,6830.0,1600,0.0,0.0
2023-01-23 11:00:00+09:00,6830.0,6850.0,6830.0,6850.0,0,0.0,0.0
2023-01-23 12:00:00+09:00,6870.0,6870.0,6870.0,6870.0,3500,0.0,0.0
2023-01-23 13:00:00+09:00,6870.0,6900.0,6860.0,6870.0,2500,0.0,0.0
2023-01-23 14:00:00+09:00,6870.0,6890.0,6840.0,6840.0,1000,0.0,0.0
2023-01-24 09:00:00+09:00,6850.0,6900.0,6840.0,6900.0,800,0.0,0.0
2023-01-24 10:00:00+09:00,6910.0,6960.0,6910.0,6960.0,1000,0.0,0.0
2023-01-24 11:00:00+09:00,6970.0,7030.0,6970.0,7030.0,0,0.0,0.0
2023-01-24 12:00:00+09:00,7030.0,7030.0,7010.0,7020.0,5700,0.0,0.0
2023-01-24 13:00:00+09:00,7020.0,7080.0,7010.0,7070.0,3800,0.0,0.0
2023-01-24 14:00:00+09:00,7070.0,7130.0,7070.0,7130.0,3000,0.0,0.0
2023-01-25 09:00:00+09:00,6990.0,7040.0,6980.0,6990.0,2400,0.0,0.0
2023-01-25 10:00:00+09:00,7060.0,7070.0,7040.0,7040.0,500,0.0,0.0
2023-01-25 11:00:00+09:00,7040.0,7040.0,7040.0,7040.0,0,0.0,0.0
2023-01-25 12:00:00+09:00,6990.0,7000.0,6960.0,7000.0,5000,0.0,0.0
2023-01-25 13:00:00+09:00,6990.0,7030.0,6990.0,7030.0,900,0.0,0.0
2023-01-25 14:00:00+09:00,7010.0,7010.0,6980.0,6980.0,3100,0.0,0.0
2023-01-26 09:00:00+09:00,7020.0,7040.0,7000.0,7040.0,1700,0.0,0.0
2023-01-26 10:00:00+09:00,7050.0,7050.0,7050.0,7050.0,100,0.0,0.0
2023-01-26 11:00:00+09:00,7040.0,7050.0,7040.0,7040.0,0,0.0,0.0
2023-01-26 12:00:00+09:00,7050.0,7060.0,7050.0,7050.0,3900,0.0,0.0
2023-01-26 14:00:00+09:00,7050.0,7090.0,7040.0,7060.0,1900,0.0,0.0
2023-01-27 09:00:00+09:00,7090.0,7090.0,7070.0,7070.0,200,0.0,0.0
2023-01-27 10:00:00+09:00,7060.0,7060.0,7020.0,7050.0,1400,0.0,0.0
2023-01-27 11:00:00+09:00,7050.0,7080.0,7050.0,7080.0,0,0.0,0.0
2023-01-27 12:00:00+09:00,7050.0,7050.0,7050.0,7050.0,2400,0.0,0.0
2023-01-27 13:00:00+09:00,7060.0,7060.0,7060.0,7060.0,100,0.0,0.0
2023-01-27 14:00:00+09:00,7060.0,7090.0,7060.0,7090.0,900,0.0,0.0
2023-01-30 09:00:00+09:00,7070.0,7150.0,7070.0,7120.0,2400,0.0,0.0
2023-01-30 10:00:00+09:00,7140.0,7140.0,7130.0,7130.0,600,0.0,0.0
2023-01-30 11:00:00+09:00,7130.0,7130.0,7130.0,7130.0,0,0.0,0.0
2023-01-30 12:00:00+09:00,7120.0,7200.0,7120.0,7200.0,4500,0.0,0.0
2023-01-30 13:00:00+09:00,7180.0,7210.0,7180.0,7210.0,400,0.0,0.0
2023-01-30 14:00:00+09:00,7190.0,7200.0,7180.0,7180.0,1900,0.0,0.0
2023-01-31 09:00:00+09:00,7120.0,7120.0,7060.0,7080.0,800,0.0,0.0
2023-01-31 10:00:00+09:00,7080.0,7080.0,7080.0,7080.0,200,0.0,0.0
2023-01-31 11:00:00+09:00,7080.0,7080.0,7080.0,7080.0,0,0.0,0.0
2023-01-31 12:00:00+09:00,7080.0,7080.0,7080.0,7080.0,1200,0.0,0.0
2023-01-31 13:00:00+09:00,7070.0,7080.0,7070.0,7080.0,600,0.0,0.0
2023-01-31 14:00:00+09:00,7060.0,7100.0,7060.0,7090.0,2200,0.0,0.0
2023-02-01 09:00:00+09:00,7090.0,7140.0,7090.0,7140.0,500,0.0,0.0
2023-02-01 10:00:00+09:00,7150.0,7190.0,7150.0,7160.0,600,0.0,0.0
2023-02-01 11:00:00+09:00,7160.0,7170.0,7160.0,7170.0,0,0.0,0.0
2023-02-01 12:00:00+09:00,7160.0,7180.0,7160.0,7180.0,2200,0.0,0.0
2023-02-01 13:00:00+09:00,7160.0,7160.0,7060.0,7160.0,2400,0.0,0.0
2023-02-01 14:00:00+09:00,7130.0,7140.0,7110.0,7110.0,1300,0.0,0.0
2023-02-02 09:00:00+09:00,7160.0,7260.0,7160.0,7260.0,2500,0.0,0.0
2023-02-02 10:00:00+09:00,7270.0,7310.0,7260.0,7310.0,2100,0.0,0.0
2023-02-02 11:00:00+09:00,7310.0,7340.0,7300.0,7340.0,0,0.0,0.0
2023-02-02 12:00:00+09:00,7340.0,7350.0,7240.0,7330.0,8400,0.0,0.0
2023-02-02 13:00:00+09:00,7340.0,7410.0,7320.0,7410.0,3400,0.0,0.0
2023-02-02 14:00:00+09:00,7430.0,7480.0,7410.0,7460.0,4700,0.0,0.0
2023-02-03 09:00:00+09:00,7450.0,7450.0,7320.0,7350.0,2100,0.0,0.0
2023-02-03 10:00:00+09:00,7350.0,7380.0,7290.0,7380.0,6500,0.0,0.0
2023-02-03 11:00:00+09:00,7380.0,7380.0,7380.0,7380.0,0,0.0,0.0
2023-02-03 12:00:00+09:00,7380.0,7380.0,7350.0,7350.0,11800,0.0,0.0
2023-02-03 13:00:00+09:00,7310.0,7320.0,7300.0,7320.0,600,0.0,0.0
2023-02-03 14:00:00+09:00,7320.0,7330.0,7300.0,7300.0,1300,0.0,0.0
2023-02-06 09:00:00+09:00,7390.0,7430.0,7330.0,7400.0,0,0.0,0.0
2023-02-06 10:00:00+09:00,7410.0,7430.0,7410.0,7420.0,3600,0.0,0.0
2023-02-06 11:00:00+09:00,7400.0,7400.0,7380.0,7390.0,0,0.0,0.0
2023-02-06 12:00:00+09:00,7350.0,7380.0,7350.0,7380.0,4700,0.0,0.0
2023-02-06 13:00:00+09:00,7340.0,7360.0,7340.0,7350.0,700,0.0,0.0
2023-02-06 14:00:00+09:00,7370.0,7370.0,7350.0,7360.0,1300,0.0,0.0
2023-02-07 09:00:00+09:00,7300.0,7360.0,7300.0,7360.0,1000,0.0,0.0
2023-02-07 10:00:00+09:00,7370.0,7370.0,7360.0,7370.0,1200,0.0,0.0
2023-02-07 11:00:00+09:00,7370.0,7370.0,7370.0,7370.0,0,0.0,0.0
2023-02-07 12:00:00+09:00,7370.0,7380.0,7350.0,7360.0,2800,0.0,0.0
2023-02-07 13:00:00+09:00,7340.0,7350.0,7340.0,7350.0,300,0.0,0.0
2023-02-07 14:00:00+09:00,7350.0,7360.0,7320.0,7320.0,700,0.0,0.0
2023-02-08 09:00:00+09:00,7380.0,7380.0,7210.0,7280.0,2100,0.0,0.0
2023-02-08 10:00:00+09:00,7280.0,7360.0,7280.0,7340.0,0,0.0,0.0
2023-02-08 11:00:00+09:00,7360.0,7360.0,7340.0,7340.0,0,0.0,0.0
2023-02-08 12:00:00+09:00,7350.0,7360.0,7340.0,7340.0,6900,0.0,0.0
2023-02-08 13:00:00+09:00,7330.0,7360.0,7330.0,7360.0,200,0.0,0.0
2023-02-08 14:00:00+09:00,7320.0,7330.0,7320.0,7320.0,1100,0.0,0.0
2023-02-09 09:00:00+09:00,7350.0,7360.0,7290.0,7360.0,1300,0.0,0.0
2023-02-09 10:00:00+09:00,7310.0,7330.0,7290.0,7330.0,600,0.0,0.0
2023-02-09 11:00:00+09:00,7270.0,7310.0,7250.0,7310.0,0,0.0,0.0
2023-02-09 12:00:00+09:00,7320.0,7320.0,7300.0,7300.0,3700,0.0,0.0
2023-02-09 13:00:00+09:00,7330.0,7350.0,7330.0,7350.0,300,0.0,0.0
2023-02-09 14:00:00+09:00,7350.0,7380.0,7350.0,7360.0,700,0.0,0.0
2023-02-10 09:00:00+09:00,7340.0,7550.0,7340.0,7510.0,0,0.0,0.0
2023-02-10 10:00:00+09:00,7500.0,7500.0,7420.0,7420.0,0,0.0,0.0
2023-02-10 11:00:00+09:00,7410.0,7440.0,7400.0,7440.0,0,0.0,0.0
2023-02-10 12:00:00+09:00,7400.0,7410.0,7380.0,7380.0,19800,0.0,0.0
2023-02-10 13:00:00+09:00,7390.0,7450.0,7390.0,7450.0,0,0.0,0.0
2023-02-10 14:00:00+09:00,7410.0,7440.0,7380.0,7430.0,26700,0.0,0.0
2023-02-13 09:00:00+09:00,7390.0,7390.0,7200.0,7250.0,7000,0.0,0.0
2023-02-13 10:00:00+09:00,7300.0,7300.0,7190.0,7230.0,5300,0.0,0.0
2023-02-13 11:00:00+09:00,7220.0,7230.0,7220.0,7230.0,0,0.0,0.0
2023-02-13 12:00:00+09:00,7290.0,7340.0,7290.0,7340.0,14700,0.0,0.0
2023-02-13 13:00:00+09:00,7350.0,7400.0,7340.0,7370.0,2200,0.0,0.0
2023-02-13 14:00:00+09:00,7340.0,7410.0,7340.0,7390.0,5200,0.0,0.0
2023-02-14 09:00:00+09:00,7760.0,8080.0,7710.0,8080.0,50400,0.0,0.0
2023-02-14 10:00:00+09:00,8060.0,8080.0,7870.0,7930.0,13300,0.0,0.0
2023-02-14 11:00:00+09:00,7930.0,8000.0,7900.0,7980.0,0,0.0,0.0
2023-02-14 12:00:00+09:00,7970.0,8030.0,7950.0,7970.0,78200,0.0,0.0
2023-02-14 13:00:00+09:00,7950.0,8000.0,7930.0,7970.0,2800,0.0,0.0
2023-02-14 14:00:00+09:00,7960.0,8090.0,7960.0,8090.0,10800,0.0,0.0
2023-02-15 09:00:00+09:00,7950.0,8050.0,7870.0,8010.0,9700,0.0,0.0
2023-02-15 10:00:00+09:00,7970.0,8000.0,7960.0,7980.0,1600,0.0,0.0
2023-02-15 11:00:00+09:00,7980.0,7990.0,7910.0,7910.0,0,0.0,0.0
2023-02-15 12:00:00+09:00,7900.0,7900.0,7870.0,7870.0,14800,0.0,0.0
2023-02-15 13:00:00+09:00,7870.0,7890.0,7830.0,7840.0,1500,0.0,0.0
2023-02-15 14:00:00+09:00,7820.0,7830.0,7800.0,7800.0,2400,0.0,0.0
2023-02-16 09:00:00+09:00,7810.0,7920.0,7810.0,7920.0,2700,0.0,0.0
2023-02-16 10:00:00+09:00,7930.0,7940.0,7890.0,7940.0,900,0.0,0.0
2023-02-16 11:00:00+09:00,7940.0,7970.0,7930.0,7960.0,0,0.0,0.0
2023-02-16 12:00:00+09:00,7980.0,8000.0,7930.0,7980.0,6600,0.0,0.0
2023-02-16 13:00:00+09:00,7980.0,7990.0,7920.0,7920.0,1800,0.0,0.0
2023-02-16 14:00:00+09:00,7940.0,7960.0,7890.0,7890.0,2000,0.0,0.0
2023-02-17 09:00:00+09:00,7900.0,7960.0,7900.0,7950.0,2200,0.0,0.0
2023-02-17 10:00:00+09:00,7930.0,7930.0,7890.0,7900.0,0,0.0,0.0
2023-02-17 11:00:00+09:00,7910.0,7910.0,7910.0,7910.0,0,0.0,0.0
2023-02-17 12:00:00+09:00,7890.0,7920.0,7890.0,7920.0,4100,0.0,0.0
2023-02-17 13:00:00+09:00,7890.0,7920.0,7860.0,7920.0,1300,0.0,0.0
2023-02-17 14:00:00+09:00,7920.0,7950.0,7910.0,7950.0,1200,0.0,0.0
2023-02-20 09:00:00+09:00,7980.0,8030.0,7930.0,8020.0,4500,0.0,0.0
2023-02-20 10:00:00+09:00,8020.0,8170.0,8010.0,8170.0,8300,0.0,0.0
2023-02-20 11:00:00+09:00,8150.0,8170.0,8120.0,8150.0,0,0.0,0.0
2023-02-20 12:00:00+09:00,8180.0,8220.0,8180.0,8210.0,19500,0.0,0.0
2023-02-20 13:00:00+09:00,8190.0,8230.0,8190.0,8230.0,4000,0.0,0.0
2023-02-20 14:00:00+09:00,8240.0,8300.0,8240.0,8240.0,3800,0.0,0.0
2023-02-21 09:00:00+09:00,8360.0,8360.0,8200.0,8200.0,5900,0.0,0.0
2023-02-21 10:00:00+09:00,8240.0,8310.0,8240.0,8310.0,1000,0.0,0.0
2023-02-21 11:00:00+09:00,8330.0,8330.0,8300.0,8300.0,0,0.0,0.0
2023-02-21 12:00:00+09:00,8310.0,8320.0,8270.0,8270.0,7800,0.0,0.0
2023-02-21 13:00:00+09:00,8280.0,8310.0,8280.0,8310.0,500,0.0,0.0
2023-02-21 14:00:00+09:00,8320.0,8390.0,8320.0,8350.0,4000,0.0,0.0
2023-02-22 09:00:00+09:00,8250.0,8250.0,8160.0,8240.0,5900,0.0,0.0
2023-02-22 10:00:00+09:00,8210.0,8220.0,8150.0,8160.0,2900,0.0,0.0
2023-02-22 11:00:00+09:00,8150.0,8170.0,8150.0,8150.0,0,0.0,0.0
2023-02-22 12:00:00+09:00,8150.0,8150.0,8150.0,8150.0,9300,0.0,0.0
2023-02-22 13:00:00+09:00,8130.0,8140.0,8050.0,8050.0,4100,0.0,0.0
2023-02-22 14:00:00+09:00,8070.0,8150.0,8050.0,8130.0,6500,0.0,0.0
2023-02-24 09:00:00+09:00,8140.0,8160.0,8120.0,8120.0,0,0.0,0.0
2023-02-24 10:00:00+09:00,8100.0,8160.0,8080.0,8160.0,5400,0.0,0.0
2023-02-24 11:00:00+09:00,8180.0,8190.0,8170.0,8170.0,0,0.0,0.0
2023-02-24 12:00:00+09:00,8170.0,8190.0,8130.0,8190.0,6200,0.0,0.0
2023-02-24 13:00:00+09:00,8130.0,8190.0,8130.0,8190.0,700,0.0,0.0
2023-02-24 14:00:00+09:00,8170.0,8200.0,8160.0,8160.0,1100,0.0,0.0
2023-02-27 09:00:00+09:00,8200.0,8360.0,8200.0,8360.0,7500,0.0,0.0
2023-02-27 10:00:00+09:00,8370.0,8390.0,8370.0,8390.0,1000,0.0,0.0
2023-02-27 11:00:00+09:00,8400.0,8630.0,8400.0,8630.0,0,0.0,0.0
2023-02-27 12:00:00+09:00,8670.0,8780.0,8670.0,8730.0,21700,0.0,0.0
2023-02-27 13:00:00+09:00,8730.0,8800.0,8700.0,8750.0,3800,0.0,0.0
2023-02-27 14:00:00+09:00,8750.0,8770.0,8680.0,8690.0,3600,0.0,0.0
2023-02-28 09:00:00+09:00,8780.0,8940.0,8540.0,8680.0,6200,0.0,0.0
2023-02-28 10:00:00+09:00,8690.0,8720.0,8620.0,8650.0,1700,0.0,0.0
2023-02-28 11:00:00+09:00,8710.0,8730.0,8670.0,8710.0,0,0.0,0.0
2023-02-28 12:00:00+09:00,8710.0,8770.0,8710.0,8710.0,9400,0.0,0.0
2023-02-28 13:00:00+09:00,8700.0,8730.0,8690.0,8720.0,900,0.0,0.0
2023-02-28 14:00:00+09:00,8710.0,8710.0,8590.0,8650.0,3400,0.0,0.0
2023-03-01 09:00:00+09:00,8570.0,8720.0,8570.0,8720.0,3200,0.0,0.0
2023-03-01 10:00:00+09:00,8700.0,8770.0,8680.0,8750.0,1700,0.0,0.0
2023-03-01 11:00:00+09:00,8770.0,8770.0,8770.0,8770.0,0,0.0,0.0
2023-03-01 12:00:00+09:00,8860.0,8880.0,8810.0,8810.0,5900,0.0,0.0
2023-03-01 13:00:00+09:00,8800.0,8880.0,8800.0,8840.0,2000,0.0,0.0
2023-03-01 14:00:00+09:00,8830.0,8880.0,8820.0,8880.0,1300,0.0,0.0
2023-03-02 09:00:00+09:00,8900.0,9110.0,8900.0,8990.0,0,0.0,0.0
2023-03-02 10:00:00+09:00,9020.0,9050.0,8970.0,8990.0,6500,0.0,0.0
2023-03-02 11:00:00+09:00,9020.0,9020.0,8960.0,8960.0,0,0.0,0.0
2023-03-02 12:00:00+09:00,8960.0,8960.0,8880.0,8880.0,9100,0.0,0.0
2023-03-02 13:00:00+09:00,8890.0,8890.0,8840.0,8850.0,1000,0.0,0.0
2023-03-02 14:00:00+09:00,8840.0,8840.0,8720.0,8810.0,4600,0.0,0.0
2023-03-03 09:00:00+09:00,8870.0,8890.0,8770.0,8850.0,5400,0.0,0.0
2023-03-03 10:00:00+09:00,8880.0,8990.0,8880.0,8940.0,1800,0.0,0.0
2023-03-03 11:00:00+09:00,8950.0,8970.0,8940.0,8970.0,0,0.0,0.0
2023-03-03 12:00:00+09:00,8960.0,8960.0,8930.0,8930.0,8300,0.0,0.0
2023-03-03 13:00:00+09:00,8910.0,8910.0,8910.0,8910.0,200,0.0,0.0
2023-03-03 14:00:00+09:00,8900.0,8950.0,8900.0,8930.0,1300,0.0,0.0
2023-03-06 09:00:00+09:00,8980.0,8990.0,8950.0,8950.0,2000,0.0,0.0
2023-03-06 10:00:00+09:00,8950.0,8990.0,8950.0,8950.0,1300,0.0,0.0
2023-03-06 11:00:00+09:00,8970.0,8970.0,8950.0,8950.0,0,0.0,0.0
2023-03-06 12:00:00+09:00,8950.0,9040.0,8950.0,9020.0,5900,0.0,0.0
2023-03-06 13:00:00+09:00,9020.0,9050.0,9020.0,9040.0,700,0.0,0.0
2023-03-06 14:00:00+09:00,9010.0,9030.0,8990.0,8990.0,800,0.0,0.0
2023-03-07 09:00:00+09:00,9020.0,9130.0,9020.0,9100.0,1500,0.0,0.0
2023-03-07 10:00:00+09:00,9080.0,9110.0,9070.0,9080.0,400,0.0,0.0
2023-03-07 11:00:00+09:00,9110.0,9110.0,9060.0,9070.0,0,0.0,0.0
2023-03-07 12:00:00+09:00,9030.0,9080.0,9020.0,9050.0,0,0.0,0.0
2023-03-07 13:00:00+09:00,9010.0,9010.0,8920.0,8920.0,5600,0.0,0.0
2023-03-07 14:00:00+09:00,8960.0,8970.0,8940.0,8950.0,1400,0.0,0.0
2023-03-08 09:00:00+09:00,8900.0,9030.0,8900.0,8990.0,3400,0.0,0.0
2023-03-08 10:00:00+09:00,8980.0,8980.0,8980.0,8980.0,100,0.0,0.0
2023-03-08 11:00:00+09:00,8970.0,8970.0,8970.0,8970.0,0,0.0,0.0
2023-03-08 12:00:00+09:00,9000.0,9070.0,8950.0,8960.0,5400,0.0,0.0
2023-03-08 13:00:00+09:00,8930.0,8960.0,8860.0,8930.0,5100,0.0,0.0
2023-03-08 14:00:00+09:00,8940.0,8960.0,8900.0,8900.0,2500,0.0,0.0
2023-03-09 09:00:00+09:00,8900.0,8920.0,8810.0,8810.0,2300,0.0,0.0
2023-03-09 10:00:00+09:00,8800.0,8830.0,8750.0,8830.0,0,0.0,0.0
2023-03-09 11:00:00+09:00,8850.0,8900.0,8840.0,8840.0,0,0.0,0.0
2023-03-09 12:00:00+09:00,8800.0,8800.0,8800.0,8800.0,7600,0.0,0.0
2023-03-09 13:00:00+09:00,8810.0,8820.0,8760.0,8780.0,2500,0.0,0.0
2023-03-09 14:00:00+09:00,8750.0,8770.0,8720.0,8750.0,3200,0.0,0.0
2023-03-10 09:00:00+09:00,8620.0,8730.0,8600.0,8720.0,4700,0.0,0.0
2023-03-10 10:00:00+09:00,8680.0,8710.0,8680.0,8710.0,200,0.0,0.0
2023-03-10 11:00:00+09:00,8720.0,8720.0,8720.0,8720.0,0,0.0,0.0
2023-03-10 12:00:00+09:00,8700.0,8710.0,8660.0,8660.0,6300,0.0,0.0
2023-03-10 13:00:00+09:00,8640.0,8640.0,8580.0,8580.0,2800,0.0,0.0
2023-03-10 14:00:00+09:00,8560.0,8680.0,8560.0,8680.0,1400,0.0,0.0
2023-03-13 09:00:00+09:00,8500.0,8500.0,8260.0,8360.0,11900,0.0,0.0
2023-03-13 10:00:00+09:00,8400.0,8570.0,8300.0,8570.0,7400,0.0,0.0
2023-03-13 11:00:00+09:00,8430.0,8480.0,8430.0,8480.0,0,0.0,0.0
2023-03-13 12:00:00+09:00,8440.0,8550.0,8440.0,8540.0,20200,0.0,0.0
2023-03-13 13:00:00+09:00,8450.0,8450.0,8420.0,8420.0,300,0.0,0.0
2023-03-13 14:00:00+09:00,8420.0,8440.0,8300.0,8410.0,4000,0.0,0.0
2023-03-14 09:00:00+09:00,8320.0,8320.0,8070.0,8110.0,6200,0.0,0.0
2023-03-14 10:00:00+09:00,8110.0,8140.0,8080.0,8140.0,1600,0.0,0.0
2023-03-14 11:00:00+09:00,8140.0,8250.0,8140.0,8250.0,0,0.0,0.0
2023-03-14 12:00:00+09:00,8250.0,8280.0,8210.0,8280.0,11700,0.0,0.0
2023-03-14 13:00:00+09:00,8260.0,8270.0,8240.0,8260.0,1900,0.0,0.0
2023-03-14 14:00:00+09:00,8260.0,8260.0,8190.0,8210.0,2300,0.0,0.0
2023-03-15 09:00:00+09:00,8350.0,8420.0,8300.0,8390.0,2200,0.0,0.0
2023-03-15 10:00:00+09:00,8410.0,8500.0,8400.0,8500.0,3400,0.0,0.0
2023-03-15 11:00:00+09:00,8550.0,8560.0,8500.0,8520.0,0,0.0,0.0
2023-03-15 12:00:00+09:00,8560.0,8560.0,8550.0,8550.0,7400,0.0,0.0
2023-03-15 13:00:00+09:00,8560.0,8590.0,8540.0,8550.0,1000,0.0,0.0
2023-03-15 14:00:00+09:00,8550.0,8610.0,8490.0,8610.0,1600,0.0,0.0
2023-03-16 09:00:00+09:00,8310.0,8340.0,8220.0,8340.0,2400,0.0,0.0
2023-03-16 10:00:00+09:00,8350.0,8430.0,8350.0,8370.0,2900,0.0,0.0
2023-03-16 11:00:00+09:00,8390.0,8410.0,8390.0,8410.0,0,0.0,0.0
2023-03-16 12:00:00+09:00,8320.0,8450.0,8320.0,8400.0,8200,0.0,0.0
2023-03-16 13:00:00+09:00,8370.0,8410.0,8330.0,8340.0,2900,0.0,0.0
2023-03-16 14:00:00+09:00,8340.0,8340.0,8320.0,8340.0,1300,0.0,0.0
2023-03-17 09:00:00+09:00,8400.0,8500.0,8310.0,8320.0,3800,0.0,0.0
2023-03-17 10:00:00+09:00,8270.0,8270.0,8200.0,8200.0,1600,0.0,0.0
2023-03-17 11:00:00+09:00,8220.0,8220.0,8220.0,8220.0,0,0.0,0.0
2023-03-17 12:00:00+09:00,8220.0,8220.0,8210.0,8210.0,6400,0.0,0.0
2023-03-17 13:00:00+09:00,8210.0,8330.0,8200.0,8300.0,2800,0.0,0.0
2023-03-17 14:00:00+09:00,8280.0,8330.0,8270.0,8280.0,1100,0.0,0.0
2023-03-20 09:00:00+09:00,8300.0,8300.0,8240.0,8250.0,0,0.0,0.0
2023-03-20 10:00:00+09:00,8230.0,8230.0,8200.0,8200.0,1200,0.0,0.0
2023-03-20 11:00:00+09:00,8220.0,8220.0,8160.0,8160.0,0,0.0,0.0
2023-03-20 12:00:00+09:00,8150.0,8190.0,8100.0,8190.0,5400,0.0,0.0
2023-03-20 13:00:00+09:00,8190.0,8200.0,8120.0,8120.0,1300,0.0,0.0
2023-03-20 14:00:00+09:00,8110.0,8110.0,8040.0,8040.0,2400,0.0,0.0
2023-03-22 09:00:00+09:00,8180.0,8340.0,8180.0,8270.0,2900,0.0,0.0
2023-03-22 10:00:00+09:00,8280.0,8300.0,8280.0,8300.0,700,0.0,0.0
2023-03-22 11:00:00+09:00,8300.0,8300.0,8260.0,8260.0,0,0.0,0.0
2023-03-22 12:00:00+09:00,8260.0,8270.0,8260.0,8270.0,4000,0.0,0.0
2023-03-22 13:00:00+09:00,8250.0,8260.0,8240.0,8260.0,600,0.0,0.0
2023-03-22 14:00:00+09:00,8240.0,8320.0,8240.0,8310.0,1100,0.0,0.0
2023-03-23 09:00:00+09:00,8270.0,8270.0,8190.0,8190.0,1200,0.0,0.0
2023-03-23 10:00:00+09:00,8150.0,8150.0,8060.0,8130.0,2500,0.0,0.0
2023-03-23 11:00:00+09:00,8190.0,8220.0,8190.0,8200.0,0,0.0,0.0
2023-03-23 12:00:00+09:00,8290.0,8290.0,8290.0,8290.0,4300,0.0,0.0
2023-03-23 13:00:00+09:00,8290.0,8290.0,8290.0,8290.0,0,0.0,0.0
2023-03-23 14:00:00+09:00,8240.0,8250.0,8220.0,8220.0,5000,0.0,0.0
2023-03-24 09:00:00+09:00,8280.0,8280.0,8180.0,8220.0,1300,0.0,0.0
2023-03-24 10:00:00+09:00,8190.0,8190.0,8190.0,8190.0,100,0.0,0.0
2023-03-24 11:00:00+09:00,8230.0,8230.0,8210.0,8210.0,0,0.0,0.0
2023-03-24 12:00:00+09:00,8210.0,8210.0,8210.0,8210.0,1800,0.0,0.0
2023-03-24 14:00:00+09:00,8220.0,8260.0,8220.0,8240.0,300,0.0,0.0
2023-03-27 09:00:00+09:00,8230.0,8310.0,8230.0,8270.0,700,0.0,0.0
2023-03-27 10:00:00+09:00,8240.0,8240.0,8210.0,8210.0,200,0.0,0.0
2023-03-27 11:00:00+09:00,8210.0,8210.0,8210.0,8210.0,0,0.0,0.0
2023-03-27 12:00:00+09:00,8260.0,8260.0,8240.0,8260.0,1200,0.0,0.0
2023-03-27 13:00:00+09:00,8250.0,8260.0,8250.0,8260.0,200,0.0,0.0
2023-03-27 14:00:00+09:00,8220.0,8220.0,8170.0,8220.0,1700,0.0,0.0
2023-03-28 09:00:00+09:00,8250.0,8250.0,8140.0,8140.0,1100,0.0,0.0
2023-03-28 10:00:00+09:00,8170.0,8170.0,8080.0,8110.0,1900,0.0,0.0
2023-03-28 11:00:00+09:00,8110.0,8130.0,8110.0,8130.0,0,0.0,0.0
2023-03-28 12:00:00+09:00,8130.0,8130.0,8130.0,8130.0,4000,0.0,0.0
2023-03-28 13:00:00+09:00,8120.0,8200.0,8120.0,8160.0,0,0.0,0.0
2023-03-28 14:00:00+09:00,8180.0,8260.0,8170.0,8260.0,9800,0.0,0.0
2023-03-29 09:00:00+09:00,8240.0,8300.0,8240.0,8300.0,300,0.0,0.0
2023-03-29 10:00:00+09:00,8340.0,8340.0,8340.0,8340.0,100,0.0,0.0
2023-03-29 11:00:00+09:00,8340.0,8340.0,8340.0,8340.0,0,0.0,0.0
2023-03-29 12:00:00+09:00,8340.0,8410.0,8340.0,8360.0,2600,0.0,0.0
2023-03-29 13:00:00+09:00,8320.0,8320.0,8320.0,8320.0,100,0.0,0.0
2023-03-29 14:00:00+09:00,8390.0,8450.0,8360.0,8430.0,5100,0.0,0.0
2023-03-30 09:00:00+09:00,8400.0,8400.0,8340.0,8340.0,400,0.0,0.0
2023-03-30 10:00:00+09:00,8350.0,8350.0,8350.0,8350.0,100,0.0,0.0
2023-03-30 11:00:00+09:00,8360.0,8390.0,8360.0,8390.0,0,0.0,0.0
2023-03-30 12:00:00+09:00,8330.0,8400.0,8320.0,8400.0,2000,0.0,0.0
2023-03-30 13:00:00+09:00,8380.0,8380.0,8340.0,8350.0,800,0.0,0.0
2023-03-30 14:00:00+09:00,8370.0,8550.0,8370.0,8530.0,6700,0.0,0.0
2023-03-31 09:00:00+09:00,8500.0,8590.0,8460.0,8550.0,2000,0.0,0.0
2023-03-31 10:00:00+09:00,8570.0,8600.0,8540.0,8600.0,1700,0.0,0.0
2023-03-31 11:00:00+09:00,8600.0,8600.0,8600.0,8600.0,0,0.0,0.0
2023-03-31 12:00:00+09:00,8600.0,8600.0,8600.0,8600.0,3900,0.0,0.0
2023-03-31 13:00:00+09:00,8650.0,8760.0,8650.0,8700.0,0,0.0,0.0
2023-03-31 14:00:00+09:00,8680.0,8740.0,8680.0,8740.0,6900,0.0,0.0
2023-04-03 09:00:00+09:00,8890.0,8950.0,8780.0,8890.0,4900,0.0,0.0
2023-04-03 10:00:00+09:00,8880.0,8900.0,8790.0,8820.0,1300,0.0,0.0
2023-04-03 11:00:00+09:00,8810.0,8810.0,8670.0,8720.0,0,0.0,0.0
2023-04-03 12:00:00+09:00,8690.0,8780.0,8690.0,8780.0,8800,0.0,0.0
2023-04-03 13:00:00+09:00,8740.0,8770.0,8670.0,8770.0,700,0.0,0.0
2023-04-03 14:00:00+09:00,8780.0,8780.0,8650.0,8650.0,1200,0.0,0.0
2023-04-04 09:00:00+09:00,8660.0,8700.0,8650.0,8660.0,0,0.0,0.0
2023-04-04 10:00:00+09:00,8690.0,8700.0,8690.0,8700.0,1400,0.0,0.0
2023-04-04 11:00:00+09:00,8700.0,8700.0,8680.0,8680.0,0,0.0,0.0
2023-04-04 12:00:00+09:00,8710.0,8710.0,8610.0,8610.0,1800,0.0,0.0
2023-04-04 13:00:00+09:00,8640.0,8640.0,8630.0,8630.0,400,0.0,0.0
2023-04-04 14:00:00+09:00,8630.0,8690.0,8620.0,8650.0,1300,0.0,0.0
2023-04-05 09:00:00+09:00,8510.0,8510.0,8400.0,8460.0,2600,0.0,0.0
2023-04-05 10:00:00+09:00,8440.0,8440.0,8380.0,8380.0,400,0.0,0.0
2023-04-05 11:00:00+09:00,8380.0,8380.0,8380.0,8380.0,0,0.0,0.0
2023-04-05 12:00:00+09:00,8380.0,8380.0,8310.0,8310.0,3500,0.0,0.0
2023-04-05 13:00:00+09:00,8390.0,8390.0,8330.0,8380.0,500,0.0,0.0
2023-04-05 14:00:00+09:00,8350.0,8360.0,8300.0,8300.0,800,0.0,0.0
2023-04-06 09:00:00+09:00,8180.0,8270.0,8160.0,8220.0,1700,0.0,0.0
2023-04-06 10:00:00+09:00,8210.0,8210.0,8210.0,8210.0,100,0.0,0.0
2023-04-06 11:00:00+09:00,8200.0,8200.0,8160.0,8170.0,0,0.0,0.0
2023-04-06 12:00:00+09:00,8150.0,8190.0,8150.0,8170.0,3400,0.0,0.0
2023-04-06 13:00:00+09:00,8110.0,8130.0,8090.0,8120.0,800,0.0,0.0
2023-04-06 14:00:00+09:00,8110.0,8130.0,8080.0,8080.0,1300,0.0,0.0
2023-04-07 09:00:00+09:00,8110.0,8250.0,8110.0,8250.0,1000,0.0,0.0
2023-04-07 10:00:00+09:00,8280.0,8300.0,8280.0,8290.0,900,0.0,0.0
2023-04-07 11:00:00+09:00,8250.0,8280.0,8250.0,8280.0,0,0.0,0.0
2023-04-07 12:00:00+09:00,8270.0,8270.0,8250.0,8250.0,3000,0.0,0.0
2023-04-07 14:00:00+09:00,8240.0,8300.0,8240.0,8300.0,200,0.0,0.0
2023-04-10 09:00:00+09:00,8400.0,8450.0,8350.0,8420.0,1700,0.0,0.0
2023-04-10 10:00:00+09:00,8390.0,8390.0,8380.0,8380.0,300,0.0,0.0
2023-04-10 11:00:00+09:00,8380.0,8390.0,8380.0,8390.0,0,0.0,0.0
2023-04-10 12:00:00+09:00,8420.0,8420.0,8420.0,8420.0,2900,0.0,0.0
2023-04-10 13:00:00+09:00,8450.0,8470.0,8440.0,8440.0,1100,0.0,0.0
2023-04-10 14:00:00+09:00,8430.0,8430.0,8430.0,8430.0,300,0.0,0.0
2023-04-11 12:00:00+09:00,8500.0,8500.0,8500.0,8500.0,200,0.0,0.0
2023-04-11 13:00:00+09:00,8450.0,8450.0,8450.0,8450.0,100,0.0,0.0
2023-04-11 14:00:00+09:00,8470.0,8470.0,8430.0,8430.0,300,0.0,0.0
2023-04-12 09:00:00+09:00,8420.0,8490.0,8420.0,8490.0,0,0.0,0.0
2023-04-12 10:00:00+09:00,8480.0,8480.0,8480.0,8480.0,1700,0.0,0.0
2023-04-12 11:00:00+09:00,8480.0,8480.0,8470.0,8470.0,0,0.0,0.0
2023-04-12 12:00:00+09:00,8490.0,8490.0,8410.0,8410.0,2100,0.0,0.0
2023-04-12 13:00:00+09:00,8470.0,8470.0,8470.0,8470.0,100,0.0,0.0
2023-04-12 14:00:00+09:00,8470.0,8470.0,8390.0,8390.0,600,0.0,0.0
2023-04-13 09:00:00+09:00,8320.0,8440.0,8320.0,8440.0,2000,0.0,0.0
2023-04-13 10:00:00+09:00,8470.0,8470.0,8440.0,8440.0,500,0.0,0.0
2023-04-13 11:00:00+09:00,8430.0,8430.0,8430.0,8430.0,0,0.0,0.0
2023-04-13 12:00:00+09:00,8430.0,8460.0,8410.0,8450.0,3300,0.0,0.0
2023-04-13 13:00:00+09:00,8430.0,8430.0,8430.0,8430.0,100,0.0,0.0
2023-04-13 14:00:00+09:00,8410.0,8420.0,8390.0,8420.0,300,0.0,0.0
2023-04-14 09:00:00+09:00,8310.0,8310.0,8310.0,8310.0,500,0.0,0.0
2023-04-14 11:00:00+09:00,8310.0,8310.0,8310.0,8310.0,0,0.0,0.0
2023-04-14 12:00:00+09:00,8300.0,8310.0,8280.0,8280.0,2000,0.0,0.0
2023-04-14 13:00:00+09:00,8320.0,8320.0,8320.0,8320.0,600,0.0,0.0
2023-04-14 14:00:00+09:00,8310.0,8340.0,8290.0,8290.0,400,0.0,0.0
2023-04-17 09:00:00+09:00,8260.0,8320.0,8260.0,8320.0,1600,0.0,0.0
2023-04-17 11:00:00+09:00,8300.0,8340.0,8280.0,8300.0,0,0.0,0.0
2023-04-17 13:00:00+09:00,8320.0,8320.0,8310.0,8320.0,3500,0.0,0.0
2023-04-17 14:00:00+09:00,8360.0,8390.0,8350.0,8390.0,1300,0.0,0.0
2023-04-18 09:00:00+09:00,8400.0,8410.0,8330.0,8350.0,2700,0.0,0.0
2023-04-18 10:00:00+09:00,8390.0,8390.0,8370.0,8370.0,300,0.0,0.0
2023-04-18 11:00:00+09:00,8410.0,8440.0,8390.0,8390.0,0,0.0,0.0
2023-04-18 12:00:00+09:00,8390.0,8390.0,8390.0,8390.0,3600,0.0,0.0
2023-04-18 14:00:00+09:00,8390.0,8440.0,8390.0,8440.0,600,0.0,0.0
2023-04-19 09:00:00+09:00,8380.0,8450.0,8380.0,8450.0,1100,0.0,0.0
2023-04-19 10:00:00+09:00,8480.0,8490.0,8480.0,8490.0,300,0.0,0.0
2023-04-19 11:00:00+09:00,8490.0,8490.0,8490.0,8490.0,0,0.0,0.0
2023-04-19 13:00:00+09:00,8480.0,8500.0,8480.0,8500.0,1900,0.0,0.0
2023-04-19 14:00:00+09:00,8530.0,8580.0,8530.0,8550.0,2600,0.0,0.0
2023-04-20 09:00:00+09:00,8560.0,8660.0,8490.0,8620.0,0,0.0,0.0
2023-04-20 10:00:00+09:00,8660.0,8690.0,8660.0,8690.0,2200,0.0,0.0
2023-04-20 11:00:00+09:00,8690.0,8690.0,8690.0,8690.0,0,0.0,0.0
2023-04-20 12:00:00+09:00,8650.0,8670.0,8650.0,8670.0,2700,0.0,0.0
2023-04-20 13:00:00+09:00,8670.0,8680.0,8670.0,8680.0,200,0.0,0.0
2023-04-20 14:00:00+09:00,8680.0,8680.0,8540.0,8540.0,300,0.0,0.0
2023-04-21 09:00:00+09:00,8610.0,8680.0,8550.0,8640.0,2500,0.0,0.0
2023-04-21 10:00:00+09:00,8660.0,8690.0,8660.0,8690.0,200,0.0,0.0
2023-04-21 11:00:00+09:00,8700.0,8700.0,8700.0,8700.0,0,0.0,0.0
2023-04-21 13:00:00+09:00,8600.0,8700.0,8600.0,8690.0,3300,0.0,0.0
2023-04-21 14:00:00+09:00,8700.0,8700.0,8560.0,8560.0,1100,0.0,0.0
2023-04-24 09:00:00+09:00,8600.0,8600.0,8540.0,8600.0,1200,0.0,0.0
2023-04-24 10:00:00+09:00,8640.0,8640.0,8580.0,8590.0,600,0.0,0.0
2023-04-24 11:00:00+09:00,8660.0,8660.0,8660.0,8660.0,0,0.0,0.0
2023-04-24 12:00:00+09:00,8640.0,8650.0,8600.0,8600.0,2700,0.0,0.0
2023-04-24 13:00:00+09:00,8660.0,8660.0,8600.0,8640.0,600,0.0,0.0
2023-04-24 14:00:00+09:00,8610.0,8640.0,8600.0,8620.0,800,0.0,0.0
2023-04-25 09:00:00+09:00,8610.0,8700.0,8590.0,8620.0,900,0.0,0.0
2023-04-25 10:00:00+09:00,8590.0,8680.0,8590.0,8680.0,300,0.0,0.0
2023-04-25 11:00:00+09:00,8680.0,8680.0,8600.0,8600.0,0,0.0,0.0
2023-04-25 12:00:00+09:00,8660.0,8660.0,8580.0,8600.0,2300,0.0,0.0
2023-04-25 13:00:00+09:00,8640.0,8640.0,8550.0,8600.0,500,0.0,0.0
2023-04-25 14:00:00+09:00,8560.0,8560.0,8530.0,8530.0,900,0.0,0.0
2023-04-26 09:00:00+09:00,8460.0,8530.0,8460.0,8530.0,1800,0.0,0.0
2023-04-26 10:00:00+09:00,8540.0,8560.0,8540.0,8540.0,700,0.0,0.0
2023-04-26 11:00:00+09:00,8560.0,8560.0,8560.0,8560.0,0,0.0,0.0
2023-04-26 12:00:00+09:00,8460.0,8460.0,8450.0,8460.0,3500,0.0,0.0
2023-04-26 13:00:00+09:00,8520.0,8520.0,8450.0,8500.0,600,0.0,0.0
2023-04-26 14:00:00+09:00,8510.0,8550.0,8430.0,8470.0,1400,0.0,0.0
2023-04-27 09:00:00+09:00,8420.0,8580.0,8420.0,8540.0,2200,0.0,0.0
2023-04-27 10:00:00+09:00,8590.0,8610.0,8520.0,8560.0,1800,0.0,0.0
2023-04-27 11:00:00+09:00,8610.0,8610.0,8570.0,8570.0,0,0.0,0.0
2023-04-27 13:00:00+09:00,8510.0,8600.0,8470.0,8500.0,4800,0.0,0.0
2023-04-27 14:00:00+09:00,8510.0,8530.0,8500.0,8500.0,600,0.0,0.0
2023-04-28 09:00:00+09:00,8860.0,8960.0,8800.0,8870.0,11100,0.0,0.0
2023-04-28 10:00:00+09:00,8870.0,9110.0,8860.0,9110.0,5700,0.0,0.0
2023-04-28 11:00:00+09:00,9110.0,9200.0,9110.0,9130.0,0,0.0,0.0
2023-04-28 12:00:00+09:00,9160.0,9160.0,8940.0,8980.0,24300,0.0,0.0
2023-04-28 13:00:00+09:00,8980.0,9070.0,8950.0,9030.0,1700,0.0,0.0
2023-04-28 14:00:00+09:00,9000.0,9010.0,8930.0,8970.0,3900,0.0,0.0
2023-05-01 09:00:00+09:00,9050.0,9180.0,8950.0,8990.0,4700,0.0,0.0
2023-05-01 10:00:00+09:00,8950.0,8950.0,8830.0,8830.0,2300,0.0,0.0
2023-05-01 11:00:00+09:00,8830.0,8920.0,8830.0,8920.0,0,0.0,0.0
2023-05-01 12:00:00+09:00,8910.0,8920.0,8830.0,8830.0,8600,0.0,0.0
2023-05-01 13:00:00+09:00,8900.0,8930.0,8900.0,8930.0,300,0.0,0.0
2023-05-01 14:00:00+09:00,8910.0,8910.0,8840.0,8850.0,900,0.0,0.0
2023-05-02 09:00:00+09:00,8870.0,8910.0,8870.0,8900.0,500,0.0,0.0
2023-05-02 10:00:00+09:00,8920.0,9000.0,8890.0,8950.0,1900,0.0,0.0
2023-05-02 11:00:00+09:00,8970.0,8990.0,8970.0,8970.0,0,0.0,0.0
2023-05-02 12:00:00+09:00,8980.0,9000.0,8980.0,9000.0,3200,0.0,0.0
2023-05-02 13:00:00+09:00,9010.0,9030.0,8970.0,8970.0,1600,0.0,0.0
2023-05-02 14:00:00+09:00,8990.0,8990.0,8950.0,8950.0,200,0.0,0.0
2023-05-08 09:00:00+09:00,8910.0,8990.0,8900.0,8920.0,1400,0.0,0.0
2023-05-08 10:00:00+09:00,8910.0,8940.0,8910.0,8930.0,0,0.0,0.0
2023-05-08 11:00:00+09:00,8950.0,8980.0,8950.0,8980.0,0,0.0,0.0
2023-05-08 12:00:00+09:00,9000.0,9000.0,8990.0,9000.0,5900,0.0,0.0
2023-05-08 13:00:00+09:00,9000.0,9000.0,8980.0,9000.0,500,0.0,0.0
2023-05-08 14:00:00+09:00,9010.0,9040.0,9010.0,9040.0,900,0.0,0.0
2023-05-09 09:00:00+09:00,9050.0,9140.0,9000.0,9140.0,2000,0.0,0.0
2023-05-09 10:00:00+09:00,9110.0,9110.0,9100.0,9110.0,300,0.0,0.0
2023-05-09 11:00:00+09:00,9130.0,9190.0,9130.0,9160.0,0,0.0,0.0
2023-05-09 12:00:00+09:00,9160.0,9250.0,9160.0,9250.0,5800,0.0,0.0
2023-05-09 13:00:00+09:00,9240.0,9330.0,9240.0,9300.0,2300,0.0,0.0
2023-05-09 14:00:00+09:00,9330.0,9350.0,9330.0,9350.0,1200,0.0,0.0
2023-05-10 09:00:00+09:00,9470.0,9530.0,9350.0,9350.0,4400,0.0,0.0
2023-05-10 10:00:00+09:00,9340.0,9370.0,9330.0,9330.0,400,0.0,0.0
2023-05-10 11:00:00+09:00,9330.0,9330.0,9320.0,9320.0,0,0.0,0.0
2023-05-10 12:00:00+09:00,9300.0,9300.0,9230.0,9230.0,6100,0.0,0.0
2023-05-10 13:00:00+09:00,9260.0,9300.0,9250.0,9300.0,300,0.0,0.0
2023-05-10 14:00:00+09:00,9290.0,9320.0,9230.0,9260.0,1300,0.0,0.0
2023-05-11 09:00:00+09:00,9300.0,9340.0,9000.0,9330.0,3300,0.0,0.0
2023-05-11 10:00:00+09:00,9330.0,9340.0,9260.0,9260.0,600,0.0,0.0
2023-05-11 11:00:00+09:00,9240.0,9310.0,9240.0,9310.0,0,0.0,0.0
2023-05-11 12:00:00+09:00,9220.0,9320.0,9140.0,9140.0,5900,0.0,0.0
2023-05-11 13:00:00+09:00,9180.0,9190.0,9180.0,9190.0,200,0.0,0.0
2023-05-11 14:00:00+09:00,9130.0,9200.0,9090.0,9130.0,2100,0.0,0.0
2023-05-12 09:00:00+09:00,9250.0,9250.0,9050.0,9090.0,2800,0.0,0.0
2023-05-12 10:00:00+09:00,9100.0,9100.0,9040.0,9040.0,900,0.0,0.0
2023-05-12 11:00:00+09:00,9090.0,9090.0,9090.0,9090.0,0,0.0,0.0
2023-05-12 12:00:00+09:00,9150.0,9150.0,8980.0,9090.0,6200,0.0,0.0
2023-05-12 13:00:00+09:00,9040.0,9080.0,8980.0,9060.0,2000,0.0,0.0
2023-05-12 14:00:00+09:00,9030.0,9120.0,8910.0,9120.0,6200,0.0,0.0
2023-05-15 09:00:00+09:00,9250.0,9540.0,9250.0,9300.0,11900,0.0,0.0
2023-05-15 10:00:00+09:00,9300.0,9390.0,9280.0,9390.0,3500,0.0,0.0
2023-05-15 11:00:00+09:00,9350.0,9410.0,9350.0,9410.0,0,0.0,0.0
2023-05-15 12:00:00+09:00,9340.0,9360.0,9340.0,9360.0,16600,0.0,0.0
2023-05-15 13:00:00+09:00,9400.0,9430.0,9380.0,9420.0,500,0.0,0.0
2023-05-15 14:00:00+09:00,9380.0,9400.0,9250.0,9340.0,7000,0.0,0.0
2023-05-16 09:00:00+09:00,9400.0,9430.0,9310.0,9310.0,1700,0.0,0.0
2023-05-16 10:00:00+09:00,9320.0,9380.0,9300.0,9320.0,2000,0.0,0.0
2023-05-16 11:00:00+09:00,9310.0,9310.0,9310.0,9310.0,0,0.0,0.0
2023-05-16 12:00:00+09:00,9300.0,9300.0,9220.0,9220.0,4600,0.0,0.0
2023-05-16 13:00:00+09:00,9230.0,9320.0,9230.0,9270.0,600,0.0,0.0
2023-05-16 14:00:00+09:00,9270.0,9310.0,9250.0,9250.0,500,0.0,0.0
2023-05-17 09:00:00+09:00,9250.0,9290.0,9250.0,9280.0,700,0.0,0.0
2023-05-17 10:00:00+09:00,9290.0,9380.0,9290.0,9330.0,1800,0.0,0.0
2023-05-17 11:00:00+09:00,9350.0,9350.0,9280.0,9280.0,0,0.0,0.0
2023-05-17 12:00:00+09:00,9250.0,9320.0,9250.0,9270.0,3600,0.0,0.0
2023-05-17 13:00:00+09:00,9320.0,9330.0,9320.0,9330.0,300,0.0,0.0
2023-05-17 14:00:00+09:00,9330.0,9350.0,9280.0,9350.0,1400,0.0,0.0
2023-05-18 09:00:00+09:00,9360.0,9370.0,9150.0,9150.0,3100,0.0,0.0
2023-05-18 10:00:00+09:00,9160.0,9230.0,9160.0,9230.0,800,0.0,0.0
2023-05-18 11:00:00+09:00,9250.0,9250.0,9250.0,9250.0,0,0.0,0.0
2023-05-18 12:00:00+09:00,9250.0,9250.0,9200.0,9200.0,4400,0.0,0.0
2023-05-18 13:00:00+09:00,9170.0,9170.0,9170.0,9170.0,200,0.0,0.0
2023-05-18 14:00:00+09:00,9190.0,9280.0,9190.0,9270.0,1400,0.0,0.0
2023-05-19 09:00:00+09:00,9300.0,9300.0,9190.0,9250.0,1300,0.0,0.0
2023-05-19 10:00:00+09:00,9280.0,9320.0,9280.0,9320.0,500,0.0,0.0
2023-05-19 11:00:00+09:00,9350.0,9360.0,9300.0,9360.0,0,0.0,0.0
2023-05-19 12:00:00+09:00,9350.0,9360.0,9280.0,9280.0,4100,0.0,0.0
2023-05-19 13:00:00+09:00,9330.0,9330.0,9260.0,9270.0,900,0.0,0.0
2023-05-19 14:00:00+09:00,9260.0,9260.0,9210.0,9210.0,2700,0.0,0.0
2023-05-22 09:00:00+09:00,9300.0,9390.0,9300.0,9360.0,1600,0.0,0.0
2023-05-22 10:00:00+09:00,9340.0,9360.0,9330.0,9360.0,500,0.0,0.0
2023-05-22 11:00:00+09:00,9360.0,9360.0,9360.0,9360.0,0,0.0,0.0
2023-05-22 12:00:00+09:00,9380.0,9430.0,9380.0,9420.0,3500,0.0,0.0
2023-05-22 13:00:00+09:00,9380.0,9440.0,9380.0,9440.0,1200,0.0,0.0
2023-05-22 14:00:00+09:00,9430.0,9470.0,9420.0,9460.0,2100,0.0,0.0
2023-05-23 09:00:00+09:00,9470.0,9470.0,9380.0,9400.0,1800,0.0,0.0
2023-05-23 10:00:00+09:00,9400.0,9400.0,9350.0,9350.0,300,0.0,0.0
2023-05-23 11:00:00+09:00,9350.0,9350.0,9350.0,9350.0,0,0.0,0.0
2023-05-23 12:00:00+09:00,9330.0,9330.0,9180.0,9250.0,4200,0.0,0.0
2023-05-23 13:00:00+09:00,9210.0,9210.0,9050.0,9080.0,2400,0.0,0.0
2023-05-23 14:00:00+09:00,9120.0,9190.0,9030.0,9190.0,2400,0.0,0.0
2023-05-24 09:00:00+09:00,9040.0,9290.0,9020.0,9290.0,3000,0.0,0.0
2023-05-24 10:00:00+09:00,9320.0,9320.0,9260.0,9290.0,1500,0.0,0.0
2023-05-24 11:00:00+09:00,9320.0,9320.0,9290.0,9320.0,0,0.0,0.0
2023-05-24 12:00:00+09:00,9180.0,9300.0,9180.0,9280.0,5300,0.0,0.0
2023-05-24 13:00:00+09:00,9300.0,9310.0,9230.0,9280.0,600,0.0,0.0
2023-05-24 14:00:00+09:00,9270.0,9330.0,9260.0,9310.0,2000,0.0,0.0
2023-05-25 10:00:00+09:00,9300.0,9300.0,9250.0,9250.0,300,0.0,0.0
2023-05-25 11:00:00+09:00,9280.0,9290.0,9250.0,9250.0,0,0.0,0.0
2023-05-25 12:00:00+09:00,9290.0,9290.0,9250.0,9250.0,1100,0.0,0.0
2023-05-25 13:00:00+09:00,9300.0,9360.0,9300.0,9310.0,1700,0.0,0.0
2023-05-25 14:00:00+09:00,9340.0,9360.0,9310.0,9310.0,500,0.0,0.0
2023-05-26 09:00:00+09:00,9300.0,9320.0,9300.0,9320.0,200,0.0,0.0
2023-05-26 10:00:00+09:00,9350.0,9370.0,9350.0,9370.0,200,0.0,0.0
2023-05-26 11:00:00+09:00,9340.0,9350.0,9330.0,9350.0,0,0.0,0.0
2023-05-26 12:00:00+09:00,9310.0,9340.0,9310.0,9340.0,1100,0.0,0.0
2023-05-26 13:00:00+09:00,9300.0,9300.0,9300.0,9300.0,200,0.0,0.0
2023-05-26 14:00:00+09:00,9300.0,9340.0,9300.0,9340.0,300,0.0,0.0
2023-05-29 09:00:00+09:00,9390.0,9390.0,9340.0,9360.0,1100,0.0,0.0
2023-05-29 10:00:00+09:00,9360.0,9410.0,9360.0,9410.0,900,0.0,0.0
2023-05-29 11:00:00+09:00,9360.0,9360.0,9360.0,9360.0,0,0.0,0.0
2023-05-29 12:00:00+09:00,9280.0,9320.0,9270.0,9320.0,3200,0.0,0.0
2023-05-29 13:00:00+09:00,9250.0,9310.0,9230.0,9310.0,1100,0.0,0.0
2023-05-29 14:00:00+09:00,9320.0,9330.0,9250.0,9280.0,1000,0.0,0.0
2023-05-30 09:00:00+09:00,9250.0,9340.0,9200.0,9200.0,0,0.0,0.0
2023-05-30 10:00:00+09:00,9220.0,9230.0,9200.0,9230.0,1900,0.0,0.0
2023-05-30 11:00:00+09:00,9250.0,9300.0,9250.0,9260.0,0,0.0,0.0
2023-05-30 12:00:00+09:00,9260.0,9290.0,9240.0,9260.0,3000,0.0,0.0
2023-05-30 13:00:00+09:00,9260.0,9260.0,9220.0,9260.0,800,0.0,0.0
2023-05-30 14:00:00+09:00,9240.0,9260.0,9210.0,9260.0,1000,0.0,0.0
2023-05-31 09:00:00+09:00,9250.0,9250.0,9150.0,9150.0,0,0.0,0.0
2023-05-31 10:00:00+09:00,9110.0,9210.0,9110.0,9210.0,1600,0.0,0.0
2023-05-31 11:00:00+09:00,9250.0,9250.0,9250.0,9250.0,0,0.0,0.0
2023-05-31 13:00:00+09:00,9110.0,9240.0,9100.0,9230.0,2700,0.0,0.0
2023-05-31 14:00:00+09:00,9180.0,9210.0,9130.0,9170.0,1100,0.0,0.0
2023-06-01 09:00:00+09:00,9060.0,9190.0,9060.0,9130.0,0,0.0,0.0
2023-06-01 10:00:00+09:00,9160.0,9160.0,9120.0,9160.0,0,0.0,0.0
2023-06-01 11:00:00+09:00,9160.0,9170.0,9160.0,9170.0,0,0.0,0.0
2023-06-01 12:00:00+09:00,9170.0,9170.0,9130.0,9170.0,5000,0.0,0.0
2023-06-01 13:00:00+09:00,9200.0,9210.0,9190.0,9210.0,400,0.0,0.0
2023-06-01 14:00:00+09:00,9210.0,9210.0,9120.0,9120.0,1300,0.0,0.0
2023-06-02 09:00:00+09:00,9220.0,9220.0,9120.0,9190.0,2500,0.0,0.0
2023-06-02 10:00:00+09:00,9170.0,9230.0,9160.0,9230.0,0,0.0,0.0
2023-06-02 11:00:00+09:00,9230.0,9230.0,9230.0,9230.0,0,0.0,0.0
2023-06-02 12:00:00+09:00,9180.0,9180.0,9160.0,9160.0,3600,0.0,0.0
2023-06-02 13:00:00+09:00,9170.0,9170.0,9170.0,9170.0,100,0.0,0.0
2023-06-02 14:00:00+09:00,9210.0,9220.0,9200.0,9200.0,400,0.0,0.0
2023-06-05 09:00:00+09:00,9160.0,9210.0,9140.0,9210.0,1600,0.0,0.0
2023-06-05 10:00:00+09:00,9170.0,9210.0,9170.0,9210.0,300,0.0,0.0
2023-06-05 11:00:00+09:00,9210.0,9210.0,9210.0,9210.0,0,0.0,0.0
2023-06-05 14:00:00+09:00,9190.0,9200.0,9190.0,9200.0,2300,0.0,0.0
2023-06-06 09:00:00+09:00,9080.0,9280.0,8940.0,9190.0,3200,0.0,0.0
2023-06-06 10:00:00+09:00,9140.0,9140.0,9140.0,9140.0,100,0.0,0.0
2023-06-06 11:00:00+09:00,9140.0,9140.0,9140.0,9140.0,0,0.0,0.0
2023-06-06 12:00:00+09:00,9090.0,9160.0,9090.0,9160.0,3500,0.0,0.0
2023-06-06 13:00:00+09:00,9160.0,9160.0,9000.0,9150.0,600,0.0,0.0
2023-06-06 14:00:00+09:00,9100.0,9110.0,9060.0,9060.0,900,0.0,0.0
2023-06-07 09:00:00+09:00,9160.0,9160.0,9070.0,9110.0,1600,0.0,0.0
2023-06-07 10:00:00+09:00,9050.0,9110.0,9030.0,9090.0,800,0.0,0.0
2023-06-07 11:00:00+09:00,9080.0,9080.0,9080.0,9080.0,0,0.0,0.0
2023-06-07 13:00:00+09:00,9130.0,9210.0,9130.0,9200.0,4700,0.0,0.0
2023-06-07 14:00:00+09:00,9210.0,9210.0,9100.0,9170.0,800,0.0,0.0
2023-06-08 09:00:00+09:00,9100.0,9130.0,9100.0,9130.0,400,0.0,0.0
2023-06-08 10:00:00+09:00,9110.0,9110.0,9110.0,9110.0,100,0.0,0.0
2023-06-08 11:00:00+09:00,9110.0,9110.0,9110.0,9110.0,0,0.0,0.0
2023-06-08 12:00:00+09:00,9100.0,9100.0,9050.0,9050.0,1500,0.0,0.0
2023-06-08 13:00:00+09:00,9050.0,9080.0,9040.0,9080.0,500,0.0,0.0
2023-06-08 14:00:00+09:00,9040.0,9040.0,9030.0,9030.0,200,0.0,0.0
2023-06-09 09:00:00+09:00,9040.0,9120.0,9040.0,9090.0,400,0.0,0.0
2023-06-09 10:00:00+09:00,9080.0,9080.0,9080.0,9080.0,100,0.0,0.0
2023-06-09 11:00:00+09:00,9040.0,9040.0,9040.0,9040.0,0,0.0,0.0
2023-06-09 12:00:00+09:00,9050.0,9050.0,9050.0,9050.0,700,0.0,0.0
2023-06-09 13:00:00+09:00,9070.0,9070.0,9070.0,9070.0,100,0.0,0.0
2023-06-09 14:00:00+09:00,9060.0,9070.0,9060.0,9070.0,400,0.0,0.0
2023-06-12 09:00:00+09:00,9060.0,9130.0,9060.0,9130.0,500,0.0,0.0
2023-06-12 10:00:00+09:00,9100.0,9200.0,9100.0,9200.0,1300,0.0,0.0
2023-06-12 11:00:00+09:00,9200.0,9220.0,9200.0,9210.0,0,0.0,0.0
2023-06-12 12:00:00+09:00,9180.0,9190.0,9150.0,9190.0,2600,0.0,0.0
2023-06-12 13:00:00+09:00,9200.0,9210.0,9200.0,9210.0,900,0.0,0.0
2023-06-12 14:00:00+09:00,9170.0,9180.0,9110.0,9110.0,2800,0.0,0.0
2023-06-13 09:00:00+09:00,9200.0,9270.0,9200.0,9210.0,2800,0.0,0.0
2023-06-13 11:00:00+09:00,9210.0,9210.0,9210.0,9210.0,0,0.0,0.0
2023-06-13 12:00:00+09:00,9210.0,9210.0,9190.0,9210.0,4500,0.0,0.0
2023-06-13 13:00:00+09:00,9210.0,9210.0,9210.0,9210.0,100,0.0,0.0
2023-06-13 14:00:00+09:00,9210.0,9210.0,9210.0,9210.0,300,0.0,0.0
2023-06-14 09:00:00+09:00,9230.0,9250.0,9200.0,9250.0,3800,0.0,0.0
2023-06-14 10:00:00+09:00,9230.0,9230.0,9230.0,9230.0,300,0.0,0.0
2023-06-14 11:00:00+09:00,9230.0,9230.0,9230.0,9230.0,0,0.0,0.0
2023-06-14 12:00:00+09:00,9210.0,9230.0,9210.0,9230.0,5100,0.0,0.0
2023-06-14 13:00:00+09:00,9230.0,9300.0,9230.0,9230.0,1700,0.0,0.0
2023-06-14 14:00:00+09:00,9270.0,9280.0,9230.0,9230.0,1000,0.0,0.0
2023-06-15 09:00:00+09:00,9230.0,9340.0,9230.0,9310.0,1300,0.0,0.0
2023-06-15 10:00:00+09:00,9310.0,9350.0,9260.0,9260.0,700,0.0,0.0
2023-06-15 11:00:00+09:00,9330.0,9330.0,9270.0,9270.0,0,0.0,0.0
2023-06-15 12:00:00+09:00,9280.0,9280.0,9280.0,9280.0,2500,0.0,0.0
2023-06-15 13:00:00+09:00,9280.0,9330.0,9280.0,9330.0,200,0.0,0.0
2023-06-15 14:00:00+09:00,9310.0,9310.0,9310.0,9310.0,100,0.0,0.0
2023-06-16 09:00:00+09:00,9320.0,9330.0,9270.0,9330.0,800,0.0,0.0
2023-06-16 10:00:00+09:00,9310.0,9310.0,9300.0,9300.0,400,0.0,0.0
2023-06-16 11:00:00+09:00,9300.0,9300.0,9300.0,9300.0,0,0.0,0.0
2023-06-16 12:00:00+09:00,9320.0,9370.0,9320.0,9330.0,5200,0.0,0.0
2023-06-16 13:00:00+09:00,9370.0,9370.0,9370.0,9370.0,100,0.0,0.0
2023-06-16 14:00:00+09:00,9330.0,9370.0,9290.0,9370.0,900,0.0,0.0
2023-06-19 09:00:00+09:00,9360.0,9360.0,9330.0,9330.0,1400,0.0,0.0
2023-06-19 10:00:00+09:00,9360.0,9480.0,9360.0,9460.0,3400,0.0,0.0
2023-06-19 11:00:00+09:00,9460.0,9460.0,9460.0,9460.0,0,0.0,0.0
2023-06-19 12:00:00+09:00,9390.0,9410.0,9370.0,9370.0,5600,0.0,0.0
2023-06-19 14:00:00+09:00,9350.0,9420.0,9340.0,9420.0,1100,0.0,0.0
2023-06-20 09:00:00+09:00,9510.0,9900.0,9510.0,9900.0,10400,0.0,0.0
2023-06-20 10:00:00+09:00,9930.0,10000.0,9870.0,9950.0,7900,0.0,0.0
2023-06-20 11:00:00+09:00,10000.0,10020.0,9930.0,9930.0,0,0.0,0.0
2023-06-20 12:00:00+09:00,9890.0,9890.0,9720.0,9720.0,22000,0.0,0.0
2023-06-20 13:00:00+09:00,9750.0,9810.0,9710.0,9760.0,2000,0.0,0.0
2023-06-20 14:00:00+09:00,9760.0,9790.0,9450.0,9450.0,4800,0.0,0.0
2023-06-21 09:00:00+09:00,9630.0,9700.0,9630.0,9700.0,600,0.0,0.0
2023-06-21 10:00:00+09:00,9730.0,9820.0,9650.0,9770.0,3600,0.0,0.0
2023-06-21 11:00:00+09:00,9770.0,9810.0,9770.0,9810.0,0,0.0,0.0
2023-06-21 12:00:00+09:00,9810.0,9810.0,9770.0,9770.0,5300,0.0,0.0
2023-06-21 13:00:00+09:00,9810.0,9810.0,9790.0,9790.0,1300,0.0,0.0
2023-06-21 14:00:00+09:00,9790.0,9800.0,9730.0,9800.0,1800,0.0,0.0
2023-06-22 09:00:00+09:00,9810.0,9940.0,9800.0,9800.0,1300,0.0,0.0
2023-06-22 10:00:00+09:00,9800.0,9800.0,9760.0,9760.0,400,0.0,0.0
2023-06-22 11:00:00+09:00,9840.0,9840.0,9800.0,9800.0,0,0.0,0.0
2023-06-22 12:00:00+09:00,9840.0,9840.0,9840.0,9840.0,3100,0.0,0.0
2023-06-22 13:00:00+09:00,9810.0,9820.0,9750.0,9820.0,2200,0.0,0.0
2023-06-22 14:00:00+09:00,9770.0,9770.0,9670.0,9770.0,3300,0.0,0.0
2023-06-23 09:00:00+09:00,9800.0,9800.0,9720.0,9720.0,1300,0.0,0.0
2023-06-23 10:00:00+09:00,9770.0,9800.0,9600.0,9600.0,4500,0.0,0.0
2023-06-23 11:00:00+09:00,9660.0,9660.0,9600.0,9610.0,0,0.0,0.0
2023-06-23 12:00:00+09:00,9630.0,9770.0,9600.0,9670.0,8000,0.0,0.0
2023-06-23 13:00:00+09:00,9720.0,9720.0,9650.0,9710.0,400,0.0,0.0
2023-06-23 14:00:00+09:00,9660.0,9700.0,9620.0,9620.0,500,0.0,0.0
2023-06-26 09:00:00+09:00,9760.0,9810.0,9680.0,9740.0,1900,0.0,0.0
2023-06-26 10:00:00+09:00,9790.0,9880.0,9780.0,9850.0,3500,0.0,0.0
2023-06-26 11:00:00+09:00,9850.0,9940.0,9850.0,9900.0,0,0.0,0.0
2023-06-26 12:00:00+09:00,9930.0,9940.0,9900.0,9900.0,7000,0.0,0.0
2023-06-26 13:00:00+09:00,9900.0,9940.0,9900.0,9940.0,500,0.0,0.0
2023-06-26 14:00:00+09:00,9930.0,9930.0,9800.0,9800.0,2000,0.0,0.0
2023-06-27 09:00:00+09:00,9800.0,9800.0,9770.0,9770.0,600,0.0,0.0
2023-06-27 10:00:00+09:00,9800.0,9800.0,9780.0,9800.0,1100,0.0,0.0
2023-06-27 11:00:00+09:00,9810.0,9810.0,9770.0,9770.0,0,0.0,0.0
2023-06-27 12:00:00+09:00,9760.0,9770.0,9700.0,9730.0,3600,0.0,0.0
2023-06-27 13:00:00+09:00,9780.0,9790.0,9780.0,9790.0,200,0.0,0.0
2023-06-27 14:00:00+09:00,9800.0,9800.0,9780.0,9790.0,1200,0.0,0.0
2023-06-28 09:00:00+09:00,9850.0,10400.0,9850.0,10330.0,14100,0.0,0.0
2023-06-28 10:00:00+09:00,10400.0,10450.0,10250.0,10250.0,3600,0.0,0.0
2023-06-28 11:00:00+09:00,10300.0,10370.0,10150.0,10240.0,0,0.0,0.0
2023-06-28 12:00:00+09:00,10380.0,10430.0,10370.0,10400.0,23900,0.0,0.0
2023-06-28 13:00:00+09:00,10400.0,10400.0,10340.0,10370.0,800,0.0,0.0
2023-06-28 14:00:00+09:00,10320.0,10370.0,10300.0,10350.0,1600,0.0,0.0
2023-06-29 09:00:00+09:00,10400.0,10420.0,10300.0,10300.0,2500,0.0,0.0
2023-06-29 10:00:00+09:00,10300.0,10300.0,10250.0,10250.0,300,0.0,0.0
2023-06-29 11:00:00+09:00,10270.0,10270.0,10200.0,10250.0,0,0.0,0.0
2023-06-29 12:00:00+09:00,10240.0,10240.0,10150.0,10190.0,4400,0.0,0.0
2023-06-29 13:00:00+09:00,10230.0,10230.0,10160.0,10160.0,1000,0.0,0.0
2023-06-29 14:00:00+09:00,10200.0,10230.0,10200.0,10200.0,500,0.0,0.0
2023-06-30 09:00:00+09:00,10290.0,10580.0,10260.0,10560.0,5200,0.0,0.0
2023-06-30 10:00:00+09:00,10560.0,10560.0,10380.0,10460.0,2200,0.0,0.0
2023-06-30 11:00:00+09:00,10470.0,10480.0,10400.0,10430.0,0,0.0,0.0
2023-06-30 12:00:00+09:00,10430.0,10440.0,10400.0,10400.0,9500,0.0,0.0
2023-06-30 13:00:00+09:00,10400.0,10460.0,10390.0,10460.0,1000,0.0,0.0
2023-06-30 14:00:00+09:00,10430.0,10580.0,10430.0,10570.0,5500,0.0,0.0
2023-07-03 09:00:00+09:00,10700.0,10820.0,10690.0,10800.0,5500,0.0,0.0
2023-07-03 10:00:00+09:00,10770.0,10800.0,10570.0,10700.0,5000,0.0,0.0
2023-07-03 11:00:00+09:00,10700.0,10780.0,10690.0,10780.0,0,0.0,0.0
2023-07-03 12:00:00+09:00,10780.0,10800.0,10770.0,10800.0,12100,0.0,0.0
2023-07-03 13:00:00+09:00,10780.0,10820.0,10780.0,10810.0,700,0.0,0.0
2023-07-03 14:00:00+09:00,10800.0,10850.0,10730.0,10830.0,3300,0.0,0.0
2023-07-04 09:00:00+09:00,10830.0,10850.0,10650.0,10710.0,2400,0.0,0.0
2023-07-04 10:00:00+09:00,10710.0,10720.0,10600.0,10680.0,2100,0.0,0.0
2023-07-04 11:00:00+09:00,10680.0,10680.0,10680.0,10680.0,0,0.0,0.0
2023-07-04 12:00:00+09:00,10680.0,10750.0,10680.0,10750.0,5000,0.0,0.0
2023-07-04 13:00:00+09:00,10750.0,10750.0,10710.0,10710.0,200,0.0,0.0
2023-07-04 14:00:00+09:00,10690.0,10700.0,10660.0,10660.0,1900,0.0,0.0
2023-07-05 09:00:00+09:00,10540.0,10570.0,10300.0,10390.0,5400,0.0,0.0
2023-07-05 10:00:00+09:00,10440.0,10490.0,10400.0,10480.0,2400,0.0,0.0
2023-07-05 11:00:00+09:00,10500.0,10500.0,10500.0,10500.0,0,0.0,0.0
2023-07-05 12:00:00+09:00,10480.0,10570.0,10480.0,10540.0,8700,0.0,0.0
2023-07-05 13:00:00+09:00,10580.0,10580.0,10550.0,10550.0,200,0.0,0.0
2023-07-05 14:00:00+09:00,10580.0,10590.0,10570.0,10590.0,700,0.0,0.0
2023-07-06 09:00:00+09:00,10430.0,10460.0,10430.0,10450.0,2500,0.0,0.0
2023-07-06 10:00:00+09:00,10430.0,10430.0,10280.0,10330.0,2800,0.0,0.0
2023-07-06 11:00:00+09:00,10320.0,10370.0,10320.0,10370.0,0,0.0,0.0
2023-07-06 12:00:00+09:00,10310.0,10310.0,10110.0,10110.0,7200,0.0,0.0
2023-07-06 13:00:00+09:00,10210.0,10280.0,10130.0,10280.0,400,0.0,0.0
2023-07-06 14:00:00+09:00,10260.0,10260.0,10260.0,10260.0,100,0.0,0.0
2023-07-07 09:00:00+09:00,10090.0,10370.0,10020.0,10370.0,4200,0.0,0.0
2023-07-07 10:00:00+09:00,10300.0,10440.0,10300.0,10440.0,1700,0.0,0.0
2023-07-07 11:00:00+09:00,10450.0,10490.0,10410.0,10420.0,0,0.0,0.0
2023-07-07 12:00:00+09:00,10420.0,10470.0,10410.0,10410.0,8000,0.0,0.0
2023-07-07 13:00:00+09:00,10400.0,10460.0,10400.0,10400.0,900,0.0,0.0
2023-07-07 14:00:00+09:00,10410.0,10440.0,10290.0,10330.0,2000,0.0,0.0
2023-07-10 09:00:00+09:00,10590.0,10590.0,10420.0,10530.0,1000,0.0,0.0
2023-07-10 10:00:00+09:00,10500.0,10560.0,10340.0,10360.0,1900,0.0,0.0
2023-07-10 11:00:00+09:00,10360.0,10360.0,10360.0,10360.0,0,0.0,0.0
2023-07-10 12:00:00+09:00,10470.0,10500.0,10450.0,10500.0,3500,0.0,0.0
2023-07-10 13:00:00+09:00,10480.0,10480.0,10320.0,10340.0,1700,0.0,0.0
2023-07-10 14:00:00+09:00,10320.0,10400.0,10300.0,10400.0,800,0.0,0.0
2023-07-11 09:00:00+09:00,10460.0,10520.0,10410.0,10430.0,2900,0.0,0.0
2023-07-11 10:00:00+09:00,10400.0,10420.0,10400.0,10420.0,200,0.0,0.0
2023-07-11 11:00:00+09:00,10430.0,10430.0,10430.0,10430.0,0,0.0,0.0
2023-07-11 12:00:00+09:00,10430.0,10500.0,10430.0,10460.0,5400,0.0,0.0
2023-07-11 13:00:00+09:00,10460.0,10460.0,10440.0,10440.0,200,0.0,0.0
2023-07-11 14:00:00+09:00,10430.0,10450.0,10400.0,10450.0,900,0.0,0.0
2023-07-12 09:00:00+09:00,10490.0,10490.0,10330.0,10330.0,1900,0.0,0.0
2023-07-12 10:00:00+09:00,10340.0,10350.0,10320.0,10350.0,600,0.0,0.0
2023-07-12 11:00:00+09:00,10350.0,10370.0,10350.0,10350.0,0,0.0,0.0
2023-07-12 12:00:00+09:00,10390.0,10390.0,10350.0,10350.0,4700,0.0,0.0
2023-07-12 13:00:00+09:00,10320.0,10320.0,10250.0,10250.0,2200,0.0,0.0
2023-07-12 14:00:00+09:00,10200.0,10300.0,10110.0,10210.0,2700,0.0,0.0
2023-07-13 09:00:00+09:00,10480.0,10480.0,10240.0,10320.0,2300,0.0,0.0
2023-07-13 10:00:00+09:00,10270.0,10440.0,10260.0,10440.0,400,0.0,0.0
2023-07-13 11:00:00+09:00,10360.0,10360.0,10360.0,10360.0,0,0.0,0.0
2023-07-13 12:00:00+09:00,10360.0,10430.0,10360.0,10410.0,3200,0.0,0.0
2023-07-13 13:00:00+09:00,10410.0,10410.0,10270.0,10270.0,3200,0.0,0.0
2023-07-13 14:00:00+09:00,10320.0,10360.0,10230.0,10360.0,2700,0.0,0.0
2023-07-14 09:00:00+09:00,10430.0,10430.0,10230.0,10320.0,0,0.0,0.0
2023-07-14 10:00:00+09:00,10290.0,10290.0,10240.0,10260.0,3700,0.0,0.0
2023-07-14 11:00:00+09:00,10260.0,10270.0,10260.0,10270.0,0,0.0,0.0
2023-07-14 12:00:00+09:00,10310.0,10360.0,10310.0,10360.0,4200,0.0,0.0
2023-07-14 13:00:00+09:00,10370.0,10370.0,10370.0,10370.0,100,0.0,0.0
2023-07-14 14:00:00+09:00,10380.0,10380.0,10310.0,10320.0,500,0.0,0.0
2023-07-18 09:00:00+09:00,10340.0,10590.0,10340.0,10360.0,3000,0.0,0.0
2023-07-18 10:00:00+09:00,10440.0,10570.0,10440.0,10570.0,0,0.0,0.0
2023-07-18 11:00:00+09:00,10440.0,10530.0,10440.0,10530.0,0,0.0,0.0
2023-07-18 12:00:00+09:00,10530.0,10550.0,10500.0,10540.0,4300,0.0,0.0
2023-07-18 13:00:00+09:00,10480.0,10480.0,10480.0,10480.0,100,0.0,0.0
2023-07-18 14:00:00+09:00,10530.0,10540.0,10490.0,10540.0,600,0.0,0.0
2023-07-19 09:00:00+09:00,10570.0,10800.0,10570.0,10750.0,2700,0.0,0.0
2023-07-19 10:00:00+09:00,10730.0,10730.0,10620.0,10720.0,1200,0.0,0.0
2023-07-19 11:00:00+09:00,10720.0,10720.0,10660.0,10660.0,0,0.0,0.0
2023-07-19 12:00:00+09:00,10720.0,10720.0,10620.0,10620.0,5000,0.0,0.0
2023-07-19 13:00:00+09:00,10660.0,10660.0,10660.0,10660.0,100,0.0,0.0
2023-07-19 14:00:00+09:00,10670.0,10730.0,10660.0,10730.0,1200,0.0,0.0
2023-07-20 09:00:00+09:00,10780.0,10840.0,10780.0,10800.0,0,0.0,0.0
2023-07-20 10:00:00+09:00,10760.0,10760.0,10700.0,10760.0,2600,0.0,0.0
2023-07-20 11:00:00+09:00,10720.0,10720.0,10720.0,10720.0,0,0.0,0.0
2023-07-20 12:00:00+09:00,10720.0,10780.0,10720.0,10780.0,2900,0.0,0.0
2023-07-20 13:00:00+09:00,10780.0,10780.0,10770.0,10770.0,200,0.0,0.0
2023-07-20 14:00:00+09:00,10780.0,10800.0,10760.0,10800.0,600,0.0,0.0
2023-07-21 09:00:00+09:00,10810.0,10810.0,10650.0,10650.0,0,0.0,0.0
2023-07-21 10:00:00+09:00,10700.0,10700.0,10630.0,10660.0,1400,0.0,0.0
2023-07-21 11:00:00+09:00,10620.0,10650.0,10600.0,10650.0,0,0.0,0.0
2023-07-21 12:00:00+09:00,10570.0,10670.0,10570.0,10670.0,2800,0.0,0.0
2023-07-21 13:00:00+09:00,10620.0,10640.0,10570.0,10570.0,500,0.0,0.0
2023-07-21 14:00:00+09:00,10560.0,10620.0,10510.0,10510.0,2200,0.0,0.0
2023-07-24 09:00:00+09:00,10510.0,10680.0,10510.0,10680.0,800,0.0,0.0
2023-07-24 10:00:00+09:00,10680.0,10700.0,10600.0,10650.0,800,0.0,0.0
2023-07-24 11:00:00+09:00,10600.0,10630.0,10600.0,10630.0,0,0.0,0.0
2023-07-24 12:00:00+09:00,10630.0,10690.0,10630.0,10690.0,2100,0.0,0.0
2023-07-24 13:00:00+09:00,10650.0,10660.0,10540.0,10620.0,1000,0.0,0.0
2023-07-24 14:00:00+09:00,10580.0,10590.0,10510.0,10510.0,600,0.0,0.0
2023-07-25 09:00:00+09:00,10670.0,10670.0,10620.0,10660.0,600,0.0,0.0
2023-07-25 10:00:00+09:00,10600.0,10660.0,10600.0,10660.0,900,0.0,0.0
2023-07-25 11:00:00+09:00,10660.0,10660.0,10660.0,10660.0,0,0.0,0.0
2023-07-25 12:00:00+09:00,10660.0,10660.0,10660.0,10660.0,1600,0.0,0.0
2023-07-25 13:00:00+09:00,10630.0,10630.0,10630.0,10630.0,100,0.0,0.0
2023-07-25 14:00:00+09:00,10600.0,10630.0,10560.0,10600.0,1600,0.0,0.0
2023-07-26 09:00:00+09:00,10510.0,10550.0,10470.0,10550.0,0,0.0,0.0
2023-07-26 10:00:00+09:00,10590.0,10650.0,10590.0,10650.0,0,0.0,0.0
2023-07-26 11:00:00+09:00,10650.0,10650.0,10650.0,10650.0,0,0.0,0.0
2023-07-26 12:00:00+09:00,10540.0,10560.0,10510.0,10510.0,2700,0.0,0.0
2023-07-26 13:00:00+09:00,10540.0,10540.0,10530.0,10540.0,400,0.0,0.0
2023-07-26 14:00:00+09:00,10520.0,10550.0,10510.0,10550.0,400,0.0,0.0
2023-07-27 09:00:00+09:00,10500.0,10520.0,10380.0,10490.0,4000,0.0,0.0
2023-07-27 10:00:00+09:00,10510.0,10550.0,10470.0,10470.0,600,0.0,0.0
2023-07-27 11:00:00+09:00,10470.0,10470.0,10470.0,10470.0,0,0.0,0.0
2023-07-27 12:00:00+09:00,10470.0,10550.0,10470.0,10550.0,5000,0.0,0.0
2023-07-27 13:00:00+09:00,10500.0,10590.0,10500.0,10590.0,300,0.0,0.0
2023-07-27 14:00:00+09:00,10610.0,10620.0,10550.0,10550.0,0,0.0,0.0
2023-07-28 09:00:00+09:00,10580.0,10580.0,10500.0,10560.0,0,0.0,0.0
2023-07-28 10:00:00+09:00,10480.0,10540.0,10480.0,10540.0,1200,0.0,0.0
2023-07-28 11:00:00+09:00,10540.0,10540.0,10540.0,10540.0,0,0.0,0.0
2023-07-28 12:00:00+09:00,10450.0,10450.0,10450.0,10450.0,1300,0.0,0.0
2023-07-28 13:00:00+09:00,10450.0,10490.0,10420.0,10450.0,1200,0.0,0.0
2023-07-28 14:00:00+09:00,10450.0,10530.0,10450.0,10530.0,700,0.0,0.0
2023-07-31 09:00:00+09:00,10580.0,10740.0,10530.0,10740.0,1800,0.0,0.0
2023-07-31 10:00:00+09:00,10640.0,10710.0,10630.0,10700.0,500,0.0,0.0
2023-07-31 11:00:00+09:00,10650.0,10650.0,10650.0,10650.0,0,0.0,0.0
2023-07-31 12:00:00+09:00,10630.0,10630.0,10630.0,10630.0,2500,0.0,0.0
2023-07-31 13:00:00+09:00,10640.0,10650.0,10610.0,10610.0,300,0.0,0.0
2023-07-31 14:00:00+09:00,10600.0,10640.0,10600.0,10640.0,200,0.0,0.0
2023-08-01 09:00:00+09:00,10620.0,10770.0,10600.0,10750.0,2300,0.0,0.0
2023-08-01 10:00:00+09:00,10750.0,10830.0,10710.0,10830.0,3100,0.0,0.0
2023-08-01 11:00:00+09:00,10840.0,10940.0,10830.0,10920.0,0,0.0,0.0
2023-08-01 12:00:00+09:00,10900.0,10930.0,10900.0,10930.0,9200,0.0,0.0
2023-08-01 13:00:00+09:00,10940.0,11000.0,10900.0,10980.0,4300,0.0,0.0
2023-08-01 14:00:00+09:00,11000.0,11090.0,10990.0,11090.0,3200,0.0,0.0
2023-08-02 09:00:00+09:00,10940.0,11100.0,10800.0,10950.0,3400,0.0,0.0
2023-08-02 10:00:00+09:00,11000.0,11020.0,10960.0,11020.0,900,0.0,0.0
2023-08-02 11:00:00+09:00,11030.0,11030.0,11030.0,11030.0,0,0.0,0.0
2023-08-02 12:00:00+09:00,10950.0,10970.0,10950.0,10970.0,4700,0.0,0.0
2023-08-02 13:00:00+09:00,10980.0,11030.0,10910.0,10910.0,900,0.0,0.0
2023-08-02 14:00:00+09:00,10910.0,10910.0,10870.0,10910.0,2300,0.0,0.0
2023-08-03 09:00:00+09:00,10660.0,10890.0,10570.0,10890.0,2700,0.0,0.0
2023-08-03 10:00:00+09:00,10880.0,10880.0,10830.0,10840.0,1200,0.0,0.0
2023-08-03 11:00:00+09:00,10840.0,10840.0,10840.0,10840.0,0,0.0,0.0
2023-08-03 12:00:00+09:00,10740.0,10840.0,10740.0,10840.0,4700,0.0,0.0
2023-08-03 13:00:00+09:00,10840.0,10860.0,10810.0,10820.0,500,0.0,0.0
2023-08-03 14:00:00+09:00,10870.0,10870.0,10840.0,10840.0,500,0.0,0.0
2023-08-04 09:00:00+09:00,10800.0,10920.0,10780.0,10920.0,2500,0.0,0.0
2023-08-04 10:00:00+09:00,10930.0,10930.0,10880.0,10890.0,400,0.0,0.0
2023-08-04 11:00:00+09:00,10900.0,10900.0,10900.0,10900.0,0,0.0,0.0
2023-08-04 12:00:00+09:00,10900.0,10900.0,10900.0,10900.0,3200,0.0,0.0
2023-08-04 13:00:00+09:00,10910.0,11000.0,10910.0,11000.0,900,0.0,0.0
2023-08-04 14:00:00+09:00,11000.0,11000.0,10960.0,10960.0,1200,0.0,0.0
2023-08-07 09:00:00+09:00,10850.0,11070.0,10850.0,11070.0,1200,0.0,0.0
2023-08-07 10:00:00+09:00,11030.0,11030.0,10980.0,10980.0,200,0.0,0.0
2023-08-07 11:00:00+09:00,11030.0,11070.0,11030.0,11070.0,0,0.0,0.0
2023-08-07 12:00:00+09:00,11040.0,11040.0,11030.0,11030.0,3400,0.0,0.0
2023-08-07 13:00:00+09:00,11050.0,11050.0,11050.0,11050.0,100,0.0,0.0
2023-08-07 14:00:00+09:00,11050.0,11150.0,11050.0,11150.0,0,0.0,0.0
2023-08-08 09:00:00+09:00,11130.0,11180.0,11100.0,11150.0,1700,0.0,0.0
2023-08-08 11:00:00+09:00,11150.0,11150.0,11150.0,11150.0,0,0.0,0.0
2023-08-08 12:00:00+09:00,11100.0,11100.0,11100.0,11100.0,2500,0.0,0.0
2023-08-08 13:00:00+09:00,11100.0,11100.0,11000.0,11050.0,2500,0.0,0.0
2023-08-08 14:00:00+09:00,11050.0,11060.0,10950.0,10950.0,1600,0.0,0.0
2023-08-09 09:00:00+09:00,10950.0,11050.0,10860.0,11000.0,3600,0.0,0.0
2023-08-09 10:00:00+09:00,11060.0,11110.0,11000.0,11000.0,2300,0.0,0.0
2023-08-09 11:00:00+09:00,11000.0,11000.0,11000.0,11000.0,0,0.0,0.0
2023-08-09 12:00:00+09:00,11010.0,11090.0,10990.0,11060.0,7800,0.0,0.0
2023-08-09 13:00:00+09:00,11080.0,11090.0,11030.0,11040.0,900,0.0,0.0
2023-08-09 14:00:00+09:00,11000.0,11090.0,10980.0,11080.0,2200,0.0,0.0
2023-08-10 09:00:00+09:00,11110.0,11840.0,11110.0,11700.0,14300,0.0,0.0
2023-08-10 10:00:00+09:00,11590.0,11590.0,11350.0,11350.0,3100,0.0,0.0
2023-08-10 11:00:00+09:00,11400.0,11550.0,11400.0,11450.0,0,0.0,0.0
2023-08-10 12:00:00+09:00,11520.0,11520.0,11400.0,11400.0,19600,0.0,0.0
2023-08-10 13:00:00+09:00,11490.0,11750.0,11400.0,11460.0,2500,0.0,0.0
2023-08-10 14:00:00+09:00,11450.0,11510.0,11400.0,11470.0,3400,0.0,0.0
2023-08-14 09:00:00+09:00,11760.0,12130.0,11690.0,11980.0,15000,0.0,0.0
2023-08-14 10:00:00+09:00,11990.0,12050.0,11940.0,12050.0,5800,0.0,0.0
2023-08-14 11:00:00+09:00,12030.0,12090.0,12030.0,12090.0,0,0.0,0.0
2023-08-14 12:00:00+09:00,12100.0,12130.0,12050.0,12050.0,25800,0.0,0.0
2023-08-14 13:00:00+09:00,12060.0,12150.0,12030.0,12100.0,2900,0.0,0.0
2023-08-14 14:00:00+09:00,12100.0,12170.0,11970.0,12170.0,6500,0.0,0.0
2023-08-15 09:00:00+09:00,12170.0,12170.0,11820.0,12050.0,3300,0.0,0.0
2023-08-15 10:00:00+09:00,12060.0,12060.0,12040.0,12050.0,500,0.0,0.0
2023-08-15 11:00:00+09:00,12090.0,12110.0,12060.0,12110.0,0,0.0,0.0
2023-08-15 12:00:00+09:00,12160.0,12160.0,12160.0,12160.0,4400,0.0,0.0
2023-08-15 13:00:00+09:00,12120.0,12160.0,12090.0,12150.0,600,0.0,0.0
2023-08-15 14:00:00+09:00,12140.0,12140.0,11980.0,12040.0,1200,0.0,0.0
2023-08-16 09:00:00+09:00,11860.0,12090.0,11600.0,11970.0,9700,0.0,0.0
2023-08-16 10:00:00+09:00,11900.0,11930.0,11900.0,11910.0,500,0.0,0.0
2023-08-16 11:00:00+09:00,11970.0,12050.0,11970.0,12020.0,0,0.0,0.0
2023-08-16 12:00:00+09:00,12020.0,12140.0,12020.0,12090.0,13900,0.0,0.0
2023-08-16 13:00:00+09:00,12030.0,12090.0,12030.0,12090.0,500,0.0,0.0
2023-08-16 14:00:00+09:00,12110.0,12110.0,12020.0,12050.0,1800,0.0,0.0
2023-08-17 09:00:00+09:00,12000.0,12000.0,11210.0,11470.0,15900,0.0,0.0
2023-08-17 10:00:00+09:00,11500.0,11500.0,11250.0,11280.0,5300,0.0,0.0
2023-08-17 11:00:00+09:00,11230.0,11280.0,11220.0,11280.0,0,0.0,0.0
2023-08-17 12:00:00+09:00,11290.0,11380.0,11220.0,11360.0,27100,0.0,0.0
2023-08-17 13:00:00+09:00,11450.0,11510.0,11350.0,11460.0,4700,0.0,0.0
2023-08-17 14:00:00+09:00,11500.0,11520.0,11380.0,11410.0,4500,0.0,0.0
2023-08-18 09:00:00+09:00,11170.0,11370.0,11170.0,11370.0,3200,0.0,0.0
2023-08-18 10:00:00+09:00,11380.0,11380.0,11330.0,11370.0,400,0.0,0.0
2023-08-18 11:00:00+09:00,11380.0,11380.0,11320.0,11320.0,0,0.0,0.0
2023-08-18 12:00:00+09:00,11390.0,11400.0,11390.0,11400.0,4400,0.0,0.0
2023-08-18 13:00:00+09:00,11390.0,11440.0,11340.0,11380.0,2300,0.0,0.0
2023-08-18 14:00:00+09:00,11380.0,11390.0,11310.0,11310.0,2100,0.0,0.0
2023-08-21 09:00:00+09:00,11300.0,11390.0,11230.0,11390.0,0,0.0,0.0
2023-08-21 10:00:00+09:00,11400.0,11490.0,11320.0,11320.0,0,0.0,0.0
2023-08-21 11:00:00+09:00,11400.0,11400.0,11400.0,11400.0,0,0.0,0.0
2023-08-21 12:00:00+09:00,11340.0,11400.0,11330.0,11360.0,2600,0.0,0.0
2023-08-21 13:00:00+09:00,11360.0,11360.0,11360.0,11360.0,100,0.0,0.0
2023-08-21 14:00:00+09:00,11360.0,11360.0,11230.0,11300.0,3200,0.0,0.0
2023-08-22 09:00:00+09:00,11250.0,11380.0,11250.0,11380.0,400,0.0,0.0
2023-08-22 10:00:00+09:00,11300.0,11300.0,11200.0,11200.0,2000,0.0,0.0
2023-08-22 11:00:00+09:00,11200.0,11200.0,11200.0,11200.0,0,0.0,0.0
2023-08-22 12:00:00+09:00,11200.0,11200.0,11200.0,11200.0,3000,0.0,0.0
2023-08-22 13:00:00+09:00,11220.0,11230.0,11220.0,11230.0,200,0.0,0.0
2023-08-22 14:00:00+09:00,11190.0,11200.0,11190.0,11200.0,0,0.0,0.0
2023-08-23 09:00:00+09:00,11200.0,11200.0,11170.0,11180.0,600,0.0,0.0
2023-08-23 10:00:00+09:00,11130.0,11130.0,10900.0,10900.0,7700,0.0,0.0
2023-08-23 11:00:00+09:00,10900.0,11000.0,10770.0,11000.0,0,0.0,0.0
2023-08-23 12:00:00+09:00,11000.0,11040.0,11000.0,11030.0,12200,0.0,0.0
2023-08-23 13:00:00+09:00,11010.0,11030.0,10960.0,10980.0,1200,0.0,0.0
2023-08-23 14:00:00+09:00,10980.0,11070.0,10970.0,11020.0,2500,0.0,0.0
2023-08-24 09:00:00+09:00,11100.0,11340.0,11090.0,11340.0,1900,0.0,0.0
2023-08-24 10:00:00+09:00,11330.0,11330.0,11320.0,11320.0,400,0.0,0.0
2023-08-24 11:00:00+09:00,11300.0,11300.0,11260.0,11260.0,0,0.0,0.0
2023-08-24 12:00:00+09:00,11330.0,11420.0,11330.0,11420.0,2700,0.0,0.0
2023-08-24 13:00:00+09:00,11400.0,11530.0,11400.0,11530.0,2400,0.0,0.0
2023-08-24 14:00:00+09:00,11520.0,11640.0,11460.0,11620.0,3600,0.0,0.0
2023-08-25 09:00:00+09:00,11480.0,11480.0,11240.0,11350.0,1600,0.0,0.0
2023-08-25 10:00:00+09:00,11440.0,11590.0,11440.0,11450.0,300,0.0,0.0
2023-08-25 11:00:00+09:00,11500.0,11500.0,11500.0,11500.0,0,0.0,0.0
2023-08-25 12:00:00+09:00,11510.0,11510.0,11510.0,11510.0,2100,0.0,0.0
2023-08-25 13:00:00+09:00,11450.0,11450.0,11420.0,11420.0,800,0.0,0.0
2023-08-25 14:00:00+09:00,11420.0,11450.0,11390.0,11420.0,1200,0.0,0.0
2023-08-28 09:00:00+09:00,11360.0,11640.0,11360.0,11640.0,1900,0.0,0.0
2023-08-28 10:00:00+09:00,11600.0,11620.0,11600.0,11620.0,0,0.0,0.0
2023-08-28 11:00:00+09:00,11630.0,11650.0,11630.0,11650.0,0,0.0,0.0
2023-08-28 12:00:00+09:00,11670.0,11720.0,11650.0,11720.0,3100,0.0,0.0
2023-08-28 13:00:00+09:00,11700.0,11720.0,11550.0,11640.0,1000,0.0,0.0
2023-08-28 14:00:00+09:00,11640.0,11710.0,11620.0,11710.0,800,0.0,0.0
2023-08-29 09:00:00+09:00,11620.0,11720.0,11600.0,11720.0,0,0.0,0.0
2023-08-29 10:00:00+09:00,11720.0,11720.0,11720.0,11720.0,2200,0.0,0.0
2023-08-29 11:00:00+09:00,11700.0,11700.0,11650.0,11700.0,0,0.0,0.0
2023-08-29 13:00:00+09:00,11640.0,11640.0,11640.0,11640.0,3100,0.0,0.0
2023-08-29 14:00:00+09:00,11630.0,11630.0,11630.0,11630.0,100,0.0,0.0
2023-08-30 09:00:00+09:00,11750.0,11750.0,11610.0,11620.0,1600,0.0,0.0
2023-08-30 10:00:00+09:00,11620.0,11620.0,11580.0,11580.0,200,0.0,0.0
2023-08-30 11:00:00+09:00,11580.0,11600.0,11580.0,11590.0,0,0.0,0.0
2023-08-30 12:00:00+09:00,11600.0,11670.0,11600.0,11670.0,2800,0.0,0.0
2023-08-30 13:00:00+09:00,11670.0,11710.0,11670.0,11710.0,200,0.0,0.0
2023-08-30 14:00:00+09:00,11710.0,11750.0,11680.0,11700.0,1100,0.0,0.0
2023-08-31 09:00:00+09:00,11600.0,11670.0,11410.0,11620.0,0,0.0,0.0
2023-08-31 10:00:00+09:00,11610.0,11610.0,11590.0,11590.0,3400,0.0,0.0
2023-08-31 11:00:00+09:00,11660.0,11670.0,11660.0,11670.0,0,0.0,0.0
2023-08-31 13:00:00+09:00,11610.0,11620.0,11600.0,11620.0,3900,0.0,0.0
2023-08-31 14:00:00+09:00,11610.0,11680.0,11530.0,11550.0,3200,0.0,0.0
2023-09-01 09:00:00+09:00,11550.0,11620.0,11480.0,11620.0,300,0.0,0.0
2023-09-01 10:00:00+09:00,11600.0,11600.0,11600.0,11600.0,100,0.0,0.0
2023-09-01 11:00:00+09:00,11600.0,11600.0,11600.0,11600.0,0,0.0,0.0
2023-09-01 12:00:00+09:00,11570.0,11570.0,11570.0,11570.0,500,0.0,0.0
2023-09-01 13:00:00+09:00,11620.0,11630.0,11620.0,11630.0,300,0.0,0.0
2023-09-01 14:00:00+09:00,11650.0,11710.0,11650.0,11710.0,2100,0.0,0.0
2023-09-04 09:00:00+09:00,11840.0,12440.0,11710.0,12370.0,11500,0.0,0.0
2023-09-04 10:00:00+09:00,12250.0,12340.0,12250.0,12260.0,1600,0.0,0.0
2023-09-04 11:00:00+09:00,12250.0,12300.0,12250.0,12250.0,0,0.0,0.0
2023-09-04 12:00:00+09:00,12200.0,12200.0,12110.0,12190.0,17700,0.0,0.0
2023-09-04 13:00:00+09:00,12170.0,12190.0,12170.0,12190.0,400,0.0,0.0
2023-09-04 14:00:00+09:00,12160.0,12490.0,12160.0,12320.0,6100,0.0,0.0
2023-09-05 09:00:00+09:00,12320.0,12350.0,12060.0,12220.0,5500,0.0,0.0
2023-09-05 10:00:00+09:00,12280.0,12300.0,12250.0,12250.0,600,0.0,0.0
2023-09-05 11:00:00+09:00,12290.0,12290.0,12290.0,12290.0,0,0.0,0.0
2023-09-05 13:00:00+09:00,12300.0,12350.0,12300.0,12350.0,6800,0.0,0.0
2023-09-05 14:00:00+09:00,12380.0,12520.0,12380.0,12500.0,5900,0.0,0.0
2023-09-06 09:00:00+09:00,12490.0,12590.0,12350.0,12500.0,2900,0.0,0.0
2023-09-06 10:00:00+09:00,12520.0,12550.0,12490.0,12510.0,1600,0.0,0.0
2023-09-06 11:00:00+09:00,12510.0,12580.0,12510.0,12580.0,0,0.0,0.0
2023-09-06 12:00:00+09:00,12580.0,12650.0,12580.0,12650.0,5900,0.0,0.0
2023-09-06 13:00:00+09:00,12650.0,12970.0,12650.0,12950.0,5400,0.0,0.0
2023-09-06 14:00:00+09:00,12920.0,13250.0,12910.0,13250.0,13500,0.0,0.0
2023-09-07 09:00:00+09:00,12940.0,13130.0,12680.0,13070.0,6000,0.0,0.0
2023-09-07 10:00:00+09:00,13050.0,13120.0,12960.0,12960.0,0,0.0,0.0
2023-09-07 11:00:00+09:00,12950.0,13050.0,12930.0,13050.0,0,0.0,0.0
2023-09-07 12:00:00+09:00,12930.0,13030.0,12930.0,12970.0,10300,0.0,0.0
2023-09-07 13:00:00+09:00,13020.0,13020.0,12960.0,12970.0,900,0.0,0.0
2023-09-07 14:00:00+09:00,12980.0,13010.0,12960.0,12960.0,1700,0.0,0.0
2023-09-08 09:00:00+09:00,12700.0,13010.0,12700.0,12890.0,2000,0.0,0.0
2023-09-08 10:00:00+09:00,12970.0,12970.0,12910.0,12960.0,500,0.0,0.0
2023-09-08 11:00:00+09:00,12980.0,12980.0,12980.0,12980.0,0,0.0,0.0
2023-09-08 12:00:00+09:00,12890.0,12940.0,12890.0,12940.0,3300,0.0,0.0
2023-09-08 13:00:00+09:00,12960.0,13000.0,12910.0,12910.0,800,0.0,0.0
2023-09-08 14:00:00+09:00,12920.0,13260.0,12900.0,13260.0,4100,0.0,0.0
2023-09-11 09:00:00+09:00,13240.0,13610.0,13240.0,13600.0,3900,0.0,0.0
2023-09-11 10:00:00+09:00,13600.0,13700.0,13570.0,13700.0,2200,0.0,0.0
2023-09-11 11:00:00+09:00,13670.0,13730.0,13670.0,13730.0,0,0.0,0.0
2023-09-11 12:00:00+09:00,13730.0,13730.0,13420.0,13440.0,8300,0.0,0.0
2023-09-11 13:00:00+09:00,13440.0,13570.0,13430.0,13510.0,0,0.0,0.0
2023-09-11 14:00:00+09:00,13530.0,13550.0,13430.0,13490.0,17800,0.0,0.0
2023-09-12 09:00:00+09:00,13500.0,13640.0,13420.0,13450.0,4600,0.0,0.0
2023-09-12 10:00:00+09:00,13450.0,13450.0,13250.0,13250.0,5400,0.0,0.0
2023-09-12 11:00:00+09:00,13250.0,13250.0,12810.0,13090.0,0,0.0,0.0
2023-09-12 12:00:00+09:00,13350.0,13350.0,13100.0,13240.0,19500,0.0,0.0
2023-09-12 13:00:00+09:00,13300.0,13380.0,13150.0,13380.0,3100,0.0,0.0
2023-09-12 14:00:00+09:00,13290.0,13290.0,13120.0,13230.0,3000,0.0,0.0
2023-09-13 09:00:00+09:00,13140.0,13340.0,12810.0,12970.0,4600,0.0,0.0
2023-09-13 10:00:00+09:00,12970.0,13060.0,12850.0,12960.0,3400,0.0,0.0
2023-09-13 11:00:00+09:00,12960.0,12960.0,12830.0,12830.0,0,0.0,0.0
2023-09-13 12:00:00+09:00,13000.0,13000.0,12720.0,12780.0,12300,0.0,0.0
2023-09-13 13:00:00+09:00,12770.0,12810.0,12710.0,12810.0,1100,0.0,0.0
2023-09-13 14:00:00+09:00,12910.0,12910.0,12770.0,12770.0,2700,0.0,0.0
2023-09-14 09:00:00+09:00,12930.0,12930.0,12900.0,12910.0,0,0.0,0.0
2023-09-14 10:00:00+09:00,12970.0,12970.0,12840.0,12930.0,2500,0.0,0.0
2023-09-14 11:00:00+09:00,12840.0,13100.0,12830.0,13000.0,0,0.0,0.0
2023-09-14 12:00:00+09:00,13000.0,13130.0,13000.0,13080.0,6800,0.0,0.0
2023-09-14 13:00:00+09:00,13080.0,13170.0,13030.0,13170.0,1800,0.0,0.0
2023-09-14 14:00:00+09:00,13140.0,13300.0,13140.0,13260.0,2200,0.0,0.0
2023-09-15 09:00:00+09:00,13360.0,13530.0,13240.0,13490.0,2600,0.0,0.0
2023-09-15 10:00:00+09:00,13450.0,13600.0,13300.0,13420.0,5300,0.0,0.0
2023-09-15 11:00:00+09:00,13460.0,13470.0,13410.0,13470.0,0,0.0,0.0
2023-09-15 12:00:00+09:00,13480.0,13480.0,13400.0,13400.0,8700,0.0,0.0
2023-09-15 13:00:00+09:00,13390.0,13400.0,13300.0,13350.0,1500,0.0,0.0
2023-09-15 14:00:00+09:00,13300.0,13480.0,13210.0,13210.0,800,0.0,0.0
2023-09-19 09:00:00+09:00,13350.0,13810.0,13300.0,13750.0,0,0.0,0.0
2023-09-19 10:00:00+09:00,13720.0,13850.0,13720.0,13780.0,17600,0.0,0.0
2023-09-19 11:00:00+09:00,13770.0,13850.0,13770.0,13850.0,0,0.0,0.0
2023-09-19 12:00:00+09:00,13850.0,13980.0,13820.0,13940.0,26000,0.0,0.0
2023-09-19 13:00:00+09:00,14000.0,14000.0,13760.0,13980.0,5000,0.0,0.0
2023-09-19 14:00:00+09:00,13960.0,14030.0,13800.0,13800.0,5400,0.0,0.0
2023-09-20 09:00:00+09:00,14020.0,14020.0,13650.0,13650.0,6400,0.0,0.0
2023-09-20 10:00:00+09:00,13640.0,13700.0,13540.0,13610.0,2100,0.0,0.0
2023-09-20 11:00:00+09:00,13570.0,13620.0,13550.0,13580.0,0,0.0,0.0
2023-09-20 12:00:00+09:00,13760.0,13760.0,13550.0,13600.0,10800,0.0,0.0
2023-09-20 13:00:00+09:00,13620.0,13790.0,13590.0,13670.0,3100,0.0,0.0
2023-09-20 14:00:00+09:00,13700.0,13770.0,13570.0,13630.0,2900,0.0,0.0
2023-09-21 09:00:00+09:00,13580.0,13990.0,13580.0,13920.0,4000,0.0,0.0
2023-09-21 10:00:00+09:00,13840.0,13840.0,13830.0,13830.0,200,0.0,0.0
2023-09-21 11:00:00+09:00,13610.0,13870.0,13610.0,13790.0,0,0.0,0.0
2023-09-21 12:00:00+09:00,13750.0,13970.0,13700.0,13700.0,6500,0.0,0.0
2023-09-21 13:00:00+09:00,13720.0,13750.0,13720.0,13750.0,400,0.0,0.0
2023-09-21 14:00:00+09:00,13730.0,13830.0,13690.0,13810.0,1400,0.0,0.0
2023-09-22 09:00:00+09:00,13800.0,13820.0,13700.0,13710.0,0,0.0,0.0
2023-09-22 10:00:00+09:00,13780.0,13780.0,13770.0,13770.0,3700,0.0,0.0
2023-09-22 11:00:00+09:00,13800.0,13830.0,13800.0,13830.0,0,0.0,0.0
2023-09-22 12:00:00+09:00,13880.0,14070.0,13860.0,13970.0,7900,0.0,0.0
2023-09-22 13:00:00+09:00,13870.0,13920.0,13800.0,13920.0,500,0.0,0.0
2023-09-22 14:00:00+09:00,13920.0,13920.0,13850.0,13900.0,400,0.0,0.0
2023-09-25 09:00:00+09:00,13840.0,13930.0,13740.0,13830.0,3200,0.0,0.0
2023-09-25 10:00:00+09:00,13820.0,13900.0,13820.0,13890.0,900,0.0,0.0
2023-09-25 11:00:00+09:00,13880.0,13990.0,13880.0,13970.0,0,0.0,0.0
2023-09-25 12:00:00+09:00,13920.0,13920.0,13890.0,13890.0,6200,0.0,0.0
2023-09-25 13:00:00+09:00,13910.0,13960.0,13910.0,13930.0,1000,0.0,0.0
2023-09-25 14:00:00+09:00,13960.0,13960.0,13840.0,13840.0,1500,0.0,0.0
2023-09-26 09:00:00+09:00,13980.0,14130.0,13930.0,13930.0,2200,0.0,0.0
2023-09-26 10:00:00+09:00,13850.0,13850.0,13850.0,13850.0,100,0.0,0.0
2023-09-26 11:00:00+09:00,13850.0,13870.0,13850.0,13870.0,0,0.0,0.0
2023-09-26 12:00:00+09:00,13890.0,13930.0,13870.0,13930.0,3000,0.0,0.0
2023-09-26 13:00:00+09:00,13880.0,13910.0,13810.0,13880.0,1500,0.0,0.0
2023-09-26 14:00:00+09:00,13830.0,13830.0,13800.0,13800.0,300,0.0,0.0
2023-09-27 09:00:00+09:00,13650.0,14220.0,13600.0,13720.0,0,0.0,0.0
2023-09-27 10:00:00+09:00,13900.0,14000.0,13850.0,14000.0,4500,0.0,0.0
2023-09-27 11:00:00+09:00,13980.0,14000.0,13980.0,14000.0,0,0.0,0.0
2023-09-27 12:00:00+09:00,14010.0,14010.0,13970.0,13970.0,5700,0.0,0.0
2023-09-27 13:00:00+09:00,14000.0,14040.0,14000.0,14030.0,0,0.0,0.0
2023-09-27 14:00:00+09:00,14030.0,14030.0,13900.0,13900.0,8100,0.0,0.0
2023-09-28 09:00:00+09:00,13970.0,14050.0,13660.0,14030.0,2000,0.0,0.0
2023-09-28 10:00:00+09:00,13930.0,14090.0,13910.0,14030.0,2500,0.0,0.0
2023-09-28 11:00:00+09:00,14000.0,14000.0,13730.0,13790.0,0,0.0,0.0
2023-09-28 12:00:00+09:00,13810.0,13840.0,13750.0,13800.0,6300,0.0,0.0
2023-09-28 13:00:00+09:00,13780.0,13840.0,13780.0,13800.0,400,0.0,0.0
2023-09-28 14:00:00+09:00,13850.0,13940.0,13780.0,13850.0,1600,0.0,0.0
2023-09-29 09:00:00+09:00,13880.0,14150.0,13880.0,14110.0,4100,0.0,0.0
2023-09-29 10:00:00+09:00,14150.0,14430.0,14130.0,14370.0,6000,0.0,0.0
2023-09-29 11:00:00+09:00,14410.0,14500.0,14410.0,14500.0,0,0.0,0.0
2023-09-29 12:00:00+09:00,14510.0,14640.0,14300.0,14300.0,13600,0.0,0.0
2023-09-29 13:00:00+09:00,14320.0,14630.0,14300.0,14380.0,2800,0.0,0.0
2023-09-29 14:00:00+09:00,14310.0,14390.0,14240.0,14350.0,3200,0.0,0.0
2023-10-02 09:00:00+09:00,14550.0,14830.0,14310.0,14720.0,9800,0.0,0.0
2023-10-02 10:00:00+09:00,14720.0,14830.0,14610.0,14610.0,1600,0.0,0.0
2023-10-02 11:00:00+09:00,14610.0,14660.0,14610.0,14660.0,0,0.0,0.0
2023-10-02 12:00:00+09:00,14760.0,14770.0,14620.0,14710.0,13900,0.0,0.0
2023-10-02 13:00:00+09:00,14610.0,14700.0,14550.0,14550.0,2200,0.0,0.0
2023-10-02 14:00:00+09:00,14650.0,14650.0,14410.0,14510.0,2400,0.0,0.0
2023-10-03 09:00:00+09:00,14410.0,14410.0,14020.0,14130.0,6900,0.0,0.0
2023-10-03 10:00:00+09:00,14120.0,14190.0,13950.0,13950.0,3000,0.0,0.0
2023-10-03 11:00:00+09:00,13990.0,13990.0,13950.0,13990.0,0,0.0,0.0
2023-10-03 12:00:00+09:00,14070.0,14070.0,13750.0,13850.0,12800,0.0,0.0
2023-10-03 13:00:00+09:00,13850.0,13980.0,13850.0,13940.0,1400,0.0,0.0
2023-10-03 14:00:00+09:00,13900.0,13950.0,13780.0,13950.0,3800,0.0,0.0
2023-10-04 09:00:00+09:00,13180.0,13610.0,13150.0,13300.0,13100,0.0,0.0
2023-10-04 10:00:00+09:00,13300.0,13320.0,13150.0,13250.0,5600,0.0,0.0
2023-10-04 11:00:00+09:00,13150.0,13150.0,13100.0,13100.0,0,0.0,0.0
2023-10-04 12:00:00+09:00,13100.0,13230.0,13070.0,13200.0,23900,0.0,0.0
2023-10-04 13:00:00+09:00,13170.0,13270.0,13050.0,13240.0,3300,0.0,0.0
2023-10-04 14:00:00+09:00,13200.0,13280.0,13050.0,13050.0,3300,0.0,0.0
2023-10-05 09:00:00+09:00,13300.0,13670.0,13200.0,13470.0,4000,0.0,0.0
2023-10-05 10:00:00+09:00,13460.0,13580.0,13460.0,13580.0,1400,0.0,0.0
2023-10-05 11:00:00+09:00,13570.0,13590.0,13400.0,13400.0,0,0.0,0.0
2023-10-05 12:00:00+09:00,13450.0,13580.0,13450.0,13580.0,7000,0.0,0.0
2023-10-05 13:00:00+09:00,13520.0,13530.0,13470.0,13530.0,1000,0.0,0.0
2023-10-05 14:00:00+09:00,13530.0,13550.0,13430.0,13550.0,2200,0.0,0.0
2023-10-06 09:00:00+09:00,13750.0,13750.0,13430.0,13500.0,3000,0.0,0.0
2023-10-06 10:00:00+09:00,13500.0,13650.0,13500.0,13600.0,1800,0.0,0.0
2023-10-06 11:00:00+09:00,13640.0,13650.0,13590.0,13650.0,0,0.0,0.0
2023-10-06 12:00:00+09:00,13710.0,13710.0,13580.0,13580.0,5600,0.0,0.0
2023-10-06 13:00:00+09:00,13550.0,13640.0,13550.0,13590.0,1000,0.0,0.0
2023-10-06 14:00:00+09:00,13570.0,13600.0,13560.0,13560.0,800,0.0,0.0
2023-10-10 09:00:00+09:00,13630.0,13820.0,13630.0,13820.0,1800,0.0,0.0
2023-10-10 10:00:00+09:00,13800.0,13850.0,13770.0,13830.0,2000,0.0,0.0
2023-10-10 11:00:00+09:00,13780.0,13780.0,13650.0,13730.0,0,0.0,0.0
2023-10-10 12:00:00+09:00,13730.0,13730.0,13580.0,13600.0,8900,0.0,0.0
2023-10-10 13:00:00+09:00,13590.0,13590.0,13360.0,13560.0,4400,0.0,0.0
2023-10-10 14:00:00+09:00,13550.0,13800.0,13550.0,13690.0,4600,0.0,0.0
2023-10-11 09:00:00+09:00,13710.0,14150.0,13710.0,13900.0,7800,0.0,0.0
2023-10-11 10:00:00+09:00,13910.0,13920.0,13740.0,13740.0,2200,0.0,0.0
2023-10-11 11:00:00+09:00,13720.0,13750.0,13680.0,13750.0,0,0.0,0.0
2023-10-11 12:00:00+09:00,13840.0,13840.0,13750.0,13780.0,12100,0.0,0.0
2023-10-11 13:00:00+09:00,13790.0,13800.0,13700.0,13720.0,1100,0.0,0.0
2023-10-11 14:00:00+09:00,13730.0,13730.0,13660.0,13660.0,2100,0.0,0.0
2023-10-12 09:00:00+09:00,14250.0,14500.0,13930.0,13930.0,15400,0.0,0.0
2023-10-12 10:00:00+09:00,13950.0,13950.0,13760.0,13840.0,3400,0.0,0.0
2023-10-12 11:00:00+09:00,13900.0,13940.0,13900.0,13930.0,0,0.0,0.0
2023-10-12 12:00:00+09:00,13940.0,14150.0,13940.0,14100.0,22200,0.0,0.0
2023-10-12 13:00:00+09:00,14100.0,14240.0,14090.0,14090.0,3700,0.0,0.0
2023-10-12 14:00:00+09:00,14160.0,14200.0,14090.0,14180.0,2400,0.0,0.0
2023-10-13 09:00:00+09:00,14180.0,14400.0,14060.0,14220.0,5200,0.0,0.0
2023-10-13 10:00:00+09:00,14250.0,14350.0,14180.0,14220.0,3400,0.0,0.0
2023-10-13 11:00:00+09:00,14230.0,14230.0,14140.0,14170.0,0,0.0,0.0
2023-10-13 12:00:00+09:00,14240.0,14240.0,14150.0,14180.0,11000,0.0,0.0
2023-10-13 13:00:00+09:00,14150.0,14150.0,14000.0,14050.0,3300,0.0,0.0
2023-10-13 14:00:00+09:00,14050.0,14100.0,14030.0,14100.0,1700,0.0,0.0
2023-10-16 09:00:00+09:00,14060.0,14150.0,13900.0,14020.0,2800,0.0,0.0
2023-10-16 10:00:00+09:00,13960.0,13980.0,13960.0,13970.0,500,0.0,0.0
2023-10-16 11:00:00+09:00,13970.0,14070.0,13850.0,14070.0,0,0.0,0.0
2023-10-16 12:00:00+09:00,14090.0,14090.0,13910.0,13960.0,6400,0.0,0.0
2023-10-16 13:00:00+09:00,13900.0,14000.0,13900.0,13980.0,1000,0.0,0.0
2023-10-16 14:00:00+09:00,14000.0,14070.0,13950.0,14070.0,3100,0.0,0.0
2023-10-17 09:00:00+09:00,14270.0,14400.0,14160.0,14250.0,0,0.0,0.0
2023-10-17 10:00:00+09:00,14200.0,14200.0,14130.0,14150.0,4700,0.0,0.0
2023-10-17 11:00:00+09:00,14090.0,14130.0,14030.0,14130.0,0,0.0,0.0
2023-10-17 12:00:00+09:00,14120.0,14120.0,14080.0,14080.0,5600,0.0,0.0
2023-10-17 13:00:00+09:00,14100.0,14170.0,14100.0,14130.0,700,0.0,0.0
2023-10-17 14:00:00+09:00,14130.0,14190.0,14070.0,14150.0,1600,0.0,0.0
2023-10-18 09:00:00+09:00,14330.0,14330.0,14180.0,14300.0,3900,0.0,0.0
2023-10-18 10:00:00+09:00,14290.0,14290.0,14130.0,14210.0,1300,0.0,0.0
2023-10-18 11:00:00+09:00,14170.0,14230.0,14170.0,14230.0,0,0.0,0.0
2023-10-18 12:00:00+09:00,14230.0,14230.0,14000.0,14000.0,8400,0.0,0.0
2023-10-18 13:00:00+09:00,14010.0,14080.0,13960.0,14000.0,3600,0.0,0.0
2023-10-18 14:00:00+09:00,14040.0,14040.0,13960.0,14000.0,4600,0.0,0.0
2023-10-19 09:00:00+09:00,13860.0,14020.0,13760.0,13910.0,0,0.0,0.0
2023-10-19 10:00:00+09:00,13850.0,13900.0,13800.0,13800.0,4700,0.0,0.0
2023-10-19 11:00:00+09:00,13780.0,13810.0,13740.0,13740.0,0,0.0,0.0
2023-10-19 12:00:00+09:00,13750.0,13760.0,13650.0,13710.0,9900,0.0,0.0
2023-10-19 13:00:00+09:00,13710.0,13800.0,13680.0,13800.0,500,0.0,0.0
2023-10-19 14:00:00+09:00,13800.0,13900.0,13740.0,13900.0,1400,0.0,0.0
2023-10-20 09:00:00+09:00,13840.0,13840.0,13460.0,13480.0,4100,0.0,0.0
2023-10-20 10:00:00+09:00,13490.0,13490.0,13260.0,13320.0,3800,0.0,0.0
2023-10-20 11:00:00+09:00,13350.0,13380.0,13350.0,13380.0,0,0.0,0.0
2023-10-20 12:00:00+09:00,13480.0,13520.0,13480.0,13510.0,9700,0.0,0.0
2023-10-20 13:00:00+09:00,13550.0,13560.0,13490.0,13560.0,700,0.0,0.0
2023-10-20 14:00:00+09:00,13470.0,13550.0,13460.0,13550.0,1100,0.0,0.0
2023-10-23 09:00:00+09:00,12980.0,13060.0,12350.0,13060.0,18500,0.0,0.0
2023-10-23 10:00:00+09:00,13100.0,13100.0,12880.0,12950.0,2100,0.0,0.0
2023-10-23 11:00:00+09:00,12900.0,12900.0,12730.0,12890.0,0,0.0,0.0
2023-10-23 12:00:00+09:00,12890.0,13050.0,12850.0,12850.0,25300,0.0,0.0
2023-10-23 13:00:00+09:00,12900.0,13000.0,12780.0,12900.0,5000,0.0,0.0
2023-10-23 14:00:00+09:00,12910.0,13000.0,12760.0,12840.0,4500,0.0,0.0
2023-10-24 09:00:00+09:00,12740.0,12940.0,12650.0,12700.0,4400,0.0,0.0
2023-10-24 10:00:00+09:00,12660.0,12660.0,12350.0,12540.0,6800,0.0,0.0
2023-10-24 11:00:00+09:00,12500.0,12930.0,12500.0,12800.0,0,0.0,0.0
2023-10-24 12:00:00+09:00,12920.0,12960.0,12890.0,12890.0,14200,0.0,0.0
2023-10-24 13:00:00+09:00,12950.0,13070.0,12950.0,12990.0,0,0.0,0.0
2023-10-24 14:00:00+09:00,13020.0,13180.0,13020.0,13120.0,17500,0.0,0.0
2023-10-25 09:00:00+09:00,13010.0,13300.0,13010.0,13160.0,1400,0.0,0.0
2023-10-25 10:00:00+09:00,13250.0,13250.0,13200.0,13200.0,200,0.0,0.0
2023-10-25 11:00:00+09:00,13250.0,13290.0,13250.0,13250.0,0,0.0,0.0
2023-10-25 12:00:00+09:00,13240.0,13390.0,13200.0,13390.0,3500,0.0,0.0
2023-10-25 13:00:00+09:00,13300.0,13430.0,13290.0,13430.0,1400,0.0,0.0
2023-10-25 14:00:00+09:00,13460.0,13460.0,13170.0,13170.0,1600,0.0,0.0
2023-10-26 09:00:00+09:00,13060.0,13080.0,13050.0,13080.0,1300,0.0,0.0
2023-10-26 10:00:00+09:00,13080.0,13080.0,12980.0,13060.0,1900,0.0,0.0
2023-10-26 11:00:00+09:00,13000.0,13000.0,12960.0,12960.0,0,0.0,0.0
2023-10-26 12:00:00+09:00,12950.0,12950.0,12900.0,12910.0,5100,0.0,0.0
2023-10-26 13:00:00+09:00,12900.0,12900.0,12780.0,12780.0,1000,0.0,0.0
2023-10-26 14:00:00+09:00,12780.0,12880.0,12780.0,12800.0,1400,0.0,0.0
2023-10-27 09:00:00+09:00,12700.0,13250.0,12700.0,13010.0,4800,0.0,0.0
2023-10-27 10:00:00+09:00,13040.0,13150.0,13000.0,13150.0,1400,0.0,0.0
2023-10-27 11:00:00+09:00,13080.0,13290.0,13080.0,13080.0,0,0.0,0.0
2023-10-27 12:00:00+09:00,13020.0,13210.0,13020.0,13210.0,9800,0.0,0.0
2023-10-27 13:00:00+09:00,13210.0,13230.0,13210.0,13230.0,500,0.0,0.0
2023-10-27 14:00:00+09:00,13250.0,13390.0,13100.0,13300.0,3100,0.0,0.0
2023-10-30 09:00:00+09:00,13430.0,13430.0,13090.0,13160.0,2000,0.0,0.0
2023-10-30 10:00:00+09:00,13060.0,13090.0,13020.0,13040.0,600,0.0,0.0
2023-10-30 11:00:00+09:00,13040.0,13040.0,13000.0,13000.0,0,0.0,0.0
2023-10-30 12:00:00+09:00,13000.0,13080.0,13000.0,13080.0,3300,0.0,0.0
2023-10-30 13:00:00+09:00,13030.0,13050.0,13010.0,13030.0,800,0.0,0.0
2023-10-30 14:00:00+09:00,13050.0,13230.0,13050.0,13230.0,0,0.0,0.0
2023-10-31 09:00:00+09:00,13330.0,13330.0,13330.0,13330.0,100,0.0,0.0
2023-10-31 10:00:00+09:00,13040.0,13040.0,13030.0,13030.0,200,0.0,0.0
2023-10-31 11:00:00+09:00,13030.0,13030.0,12900.0,12900.0,0,0.0,0.0
2023-10-31 12:00:00+09:00,12910.0,13230.0,12910.0,12980.0,2700,0.0,0.0
2023-10-31 13:00:00+09:00,13250.0,13270.0,13060.0,13150.0,2100,0.0,0.0
2023-10-31 14:00:00+09:00,13150.0,13390.0,13150.0,13390.0,4000,0.0,0.0
2023-11-01 09:00:00+09:00,13290.0,13630.0,13290.0,13620.0,2300,0.0,0.0
2023-11-01 10:00:00+09:00,13620.0,13620.0,13530.0,13530.0,300,0.0,0.0
2023-11-01 11:00:00+09:00,13350.0,13350.0,13350.0,13350.0,0,0.0,0.0
2023-11-01 12:00:00+09:00,13440.0,13440.0,13430.0,13430.0,2900,0.0,0.0
2023-11-01 13:00:00+09:00,13480.0,13500.0,13480.0,13500.0,200,0.0,0.0
2023-11-01 14:00:00+09:00,13550.0,13580.0,13500.0,13580.0,800,0.0,0.0
2023-11-02 09:00:00+09:00,13930.0,14240.0,13930.0,14050.0,10800,0.0,0.0
2023-11-02 10:00:00+09:00,14050.0,14070.0,13840.0,13840.0,4300,0.0,0.0
2023-11-02 11:00:00+09:00,13800.0,13850.0,13800.0,13850.0,0,0.0,0.0
2023-11-02 12:00:00+09:00,13900.0,13900.0,13800.0,13800.0,16700,0.0,0.0
2023-11-02 13:00:00+09:00,13760.0,13890.0,13720.0,13890.0,1600,0.0,0.0
2023-11-02 14:00:00+09:00,13790.0,13880.0,13790.0,13870.0,2100,0.0,0.0
2023-11-06 09:00:00+09:00,13890.0,13900.0,13640.0,13800.0,0,0.0,0.0
2023-11-06 10:00:00+09:00,13770.0,14000.0,13710.0,13950.0,7800,0.0,0.0
2023-11-06 11:00:00+09:00,14000.0,14040.0,14000.0,14040.0,0,0.0,0.0
2023-11-06 12:00:00+09:00,14040.0,14140.0,14040.0,14140.0,10400,0.0,0.0
2023-11-06 13:00:00+09:00,14140.0,14240.0,14110.0,14120.0,5500,0.0,0.0
2023-11-06 14:00:00+09:00,14130.0,14180.0,14060.0,14110.0,1800,0.0,0.0
2023-11-07 09:00:00+09:00,14210.0,14340.0,14060.0,14270.0,3900,0.0,0.0
2023-11-07 10:00:00+09:00,14250.0,14280.0,14210.0,14220.0,800,0.0,0.0
2023-11-07 11:00:00+09:00,14200.0,14200.0,14070.0,14170.0,0,0.0,0.0
2023-11-07 12:00:00+09:00,14230.0,14230.0,14210.0,14230.0,6600,0.0,0.0
2023-11-07 13:00:00+09:00,14170.0,14250.0,14140.0,14250.0,2200,0.0,0.0
2023-11-07 14:00:00+09:00,14250.0,14290.0,14200.0,14200.0,1500,0.0,0.0
2023-11-08 09:00:00+09:00,14160.0,14160.0,13510.0,13540.0,6400,0.0,0.0
2023-11-08 10:00:00+09:00,13500.0,13510.0,13240.0,13410.0,17600,0.0,0.0
2023-11-08 11:00:00+09:00,13400.0,13400.0,13280.0,13290.0,0,0.0,0.0
2023-11-08 12:00:00+09:00,13360.0,13360.0,13060.0,13130.0,37800,0.0,0.0
2023-11-08 13:00:00+09:00,13110.0,13370.0,13090.0,13340.0,4500,0.0,0.0
2023-11-08 14:00:00+09:00,13270.0,13410.0,13220.0,13280.0,5000,0.0,0.0
2023-11-09 09:00:00+09:00,13280.0,13370.0,13100.0,13150.0,6600,0.0,0.0
2023-11-09 10:00:00+09:00,13120.0,13200.0,13000.0,13020.0,4200,0.0,0.0
2023-11-09 11:00:00+09:00,13010.0,13080.0,13010.0,13070.0,0,0.0,0.0
2023-11-09 12:00:00+09:00,13100.0,13100.0,13060.0,13060.0,12200,0.0,0.0
2023-11-09 13:00:00+09:00,13060.0,13080.0,12960.0,13020.0,2700,0.0,0.0
2023-11-09 14:00:00+09:00,13040.0,13100.0,12990.0,12990.0,1900,0.0,0.0
2023-11-10 09:00:00+09:00,12940.0,12980.0,12550.0,12730.0,5800,0.0,0.0
2023-11-10 10:00:00+09:00,12740.0,12980.0,12740.0,12830.0,2500,0.0,0.0
2023-11-10 11:00:00+09:00,12840.0,12940.0,12840.0,12910.0,0,0.0,0.0
2023-11-10 12:00:00+09:00,12910.0,12910.0,12820.0,12820.0,9900,0.0,0.0
2023-11-10 13:00:00+09:00,12850.0,12920.0,12770.0,12770.0,2100,0.0,0.0
2023-11-10 14:00:00+09:00,12810.0,12930.0,12810.0,12820.0,3600,0.0,0.0
2023-11-13 09:00:00+09:00,12910.0,12980.0,12100.0,12270.0,9700,0.0,0.0
2023-11-13 10:00:00+09:00,12270.0,12270.0,12010.0,12060.0,4900,0.0,0.0
2023-11-13 11:00:00+09:00,12120.0,12120.0,12060.0,12070.0,0,0.0,0.0
2023-11-13 12:00:00+09:00,12010.0,12020.0,11900.0,11950.0,22700,0.0,0.0
2023-11-13 13:00:00+09:00,11950.0,12090.0,11930.0,12030.0,3400,0.0,0.0
2023-11-13 14:00:00+09:00,12010.0,12130.0,11980.0,12100.0,5200,0.0,0.0
2023-11-14 09:00:00+09:00,11880.0,12070.0,11880.0,11910.0,5600,0.0,0.0
2023-11-14 10:00:00+09:00,11910.0,11960.0,11880.0,11960.0,2500,0.0,0.0
2023-11-14 11:00:00+09:00,11980.0,11980.0,11770.0,11800.0,0,0.0,0.0
2023-11-14 12:00:00+09:00,11770.0,11770.0,11680.0,11770.0,18300,0.0,0.0
2023-11-14 13:00:00+09:00,11770.0,11920.0,11700.0,11920.0,5400,0.0,0.0
2023-11-14 14:00:00+09:00,11930.0,11980.0,11760.0,11780.0,2200,0.0,0.0
2023-11-15 09:00:00+09:00,12040.0,12040.0,11860.0,11980.0,4800,0.0,0.0
2023-11-15 10:00:00+09:00,11860.0,11970.0,11820.0,11910.0,2500,0.0,0.0
2023-11-15 11:00:00+09:00,11900.0,12000.0,11900.0,11980.0,0,0.0,0.0
2023-11-15 12:00:00+09:00,11980.0,12010.0,11960.0,11960.0,9100,0.0,0.0
2023-11-15 13:00:00+09:00,12020.0,12030.0,11940.0,12010.0,1400,0.0,0.0
2023-11-15 14:00:00+09:00,12020.0,12200.0,12020.0,12170.0,3600,0.0,0.0
2023-11-16 09:00:00+09:00,12340.0,12480.0,12220.0,12320.0,3400,0.0,0.0
2023-11-16 10:00:00+09:00,12380.0,12420.0,12280.0,12300.0,2400,0.0,0.0
2023-11-16 11:00:00+09:00,12250.0,12250.0,12240.0,12240.0,0,0.0,0.0
2023-11-16 12:00:00+09:00,12320.0,12330.0,12240.0,12240.0,7100,0.0,0.0
2023-11-16 13:00:00+09:00,12300.0,12340.0,12290.0,12340.0,1300,0.0,0.0
2023-11-16 14:00:00+09:00,12350.0,12420.0,12350.0,12400.0,1900,0.0,0.0
2023-11-17 09:00:00+09:00,12390.0,12600.0,12350.0,12600.0,7200,0.0,0.0
2023-11-17 10:00:00+09:00,12520.0,12550.0,12460.0,12490.0,3600,0.0,0.0
2023-11-17 11:00:00+09:00,12540.0,12540.0,12510.0,12510.0,0,0.0,0.0
2023-11-17 12:00:00+09:00,12560.0,12570.0,12470.0,12570.0,12800,0.0,0.0
2023-11-17 13:00:00+09:00,12570.0,12600.0,12570.0,12600.0,800,0.0,0.0
2023-11-17 14:00:00+09:00,12630.0,12900.0,12630.0,12890.0,4800,0.0,0.0
2023-11-20 09:00:00+09:00,13020.0,13020.0,12540.0,12730.0,3200,0.0,0.0
2023-11-20 10:00:00+09:00,12730.0,12730.0,12600.0,12610.0,2500,0.0,0.0
2023-11-20 11:00:00+09:00,12630.0,12630.0,12580.0,12600.0,0,0.0,0.0
2023-11-20 12:00:00+09:00,12640.0,12690.0,12600.0,12600.0,8800,0.0,0.0
2023-11-20 13:00:00+09:00,12590.0,12600.0,12570.0,12600.0,700,0.0,0.0
2023-11-20 14:00:00+09:00,12610.0,12680.0,12580.0,12650.0,3100,0.0,0.0
2023-11-21 09:00:00+09:00,12560.0,12610.0,12500.0,12510.0,1600,0.0,0.0
2023-11-21 10:00:00+09:00,12490.0,12600.0,12410.0,12600.0,1900,0.0,0.0
2023-11-21 11:00:00+09:00,12610.0,12620.0,12600.0,12600.0,0,0.0,0.0
2023-11-21 12:00:00+09:00,12600.0,12600.0,12510.0,12510.0,5100,0.0,0.0
2023-11-21 13:00:00+09:00,12520.0,12610.0,12520.0,12520.0,1100,0.0,0.0
2023-11-21 14:00:00+09:00,12530.0,12610.0,12530.0,12600.0,1100,0.0,0.0
2023-11-22 09:00:00+09:00,12500.0,12650.0,12450.0,12450.0,4700,0.0,0.0
2023-11-22 10:00:00+09:00,12450.0,12450.0,12380.0,12390.0,2500,0.0,0.0
2023-11-22 11:00:00+09:00,12360.0,12360.0,12320.0,12330.0,0,0.0,0.0
2023-11-22 12:00:00+09:00,12300.0,12330.0,12210.0,12250.0,10000,0.0,0.0
2023-11-22 13:00:00+09:00,12220.0,12310.0,12210.0,12280.0,2200,0.0,0.0
2023-11-22 14:00:00+09:00,12290.0,12310.0,12260.0,12270.0,2300,0.0,0.0
2023-11-24 09:00:00+09:00,12380.0,12600.0,12380.0,12500.0,0,0.0,0.0
2023-11-24 10:00:00+09:00,12480.0,12480.0,12390.0,12390.0,12800,0.0,0.0
2023-11-24 11:00:00+09:00,12400.0,12470.0,12400.0,12470.0,0,0.0,0.0
2023-11-24 12:00:00+09:00,12470.0,12530.0,12440.0,12480.0,14600,0.0,0.0
2023-11-24 13:00:00+09:00,12480.0,12530.0,12460.0,12530.0,1700,0.0,0.0
2023-11-24 14:00:00+09:00,12530.0,12540.0,12400.0,12400.0,2800,0.0,0.0
2023-11-27 09:00:00+09:00,12530.0,12550.0,12400.0,12440.0,3400,0.0,0.0
2023-11-27 10:00:00+09:00,12480.0,12480.0,12350.0,12350.0,1100,0.0,0.0
2023-11-27 11:00:00+09:00,12350.0,12350.0,12350.0,12350.0,0,0.0,0.0
2023-11-27 12:00:00+09:00,12350.0,12350.0,12250.0,12280.0,5500,0.0,0.0
2023-11-27 13:00:00+09:00,12260.0,12260.0,12220.0,12230.0,800,0.0,0.0
2023-11-27 14:00:00+09:00,12280.0,12400.0,12200.0,12400.0,2100,0.0,0.0
2023-11-28 09:00:00+09:00,12370.0,12370.0,12130.0,12130.0,0,0.0,0.0
2023-11-28 10:00:00+09:00,12180.0,12180.0,12120.0,12120.0,5800,0.0,0.0
2023-11-28 11:00:00+09:00,12100.0,12130.0,12070.0,12070.0,0,0.0,0.0
2023-11-28 12:00:00+09:00,12090.0,12090.0,12070.0,12070.0,7400,0.0,0.0
2023-11-28 13:00:00+09:00,12070.0,12080.0,12050.0,12080.0,900,0.0,0.0
2023-11-28 14:00:00+09:00,12070.0,12130.0,12070.0,12090.0,1800,0.0,0.0
2023-11-29 09:00:00+09:00,11860.0,12170.0,11850.0,11980.0,5500,0.0,0.0
2023-11-29 10:00:00+09:00,12010.0,12080.0,12000.0,12030.0,600,0.0,0.0
2023-11-29 11:00:00+09:00,12070.0,12150.0,12070.0,12110.0,0,0.0,0.0
2023-11-29 12:00:00+09:00,12250.0,12270.0,12180.0,12250.0,9900,0.0,0.0
2023-11-29 13:00:00+09:00,12210.0,12210.0,12150.0,12160.0,2400,0.0,0.0
2023-11-29 14:00:00+09:00,12160.0,12230.0,12140.0,12230.0,4300,0.0,0.0
2023-11-30 09:00:00+09:00,12240.0,12380.0,12180.0,12370.0,4900,0.0,0.0
2023-11-30 10:00:00+09:00,12390.0,12470.0,12370.0,12470.0,1400,0.0,0.0
2023-11-30 11:00:00+09:00,12500.0,12550.0,12500.0,12550.0,0,0.0,0.0
2023-11-30 12:00:00+09:00,12490.0,12520.0,12360.0,12360.0,11200,0.0,0.0
2023-11-30 13:00:00+09:00,12440.0,12540.0,12440.0,12540.0,3500,0.0,0.0
2023-11-30 14:00:00+09:00,12470.0,12590.0,12430.0,12520.0,10000,0.0,0.0
2023-12-01 09:00:00+09:00,12500.0,12500.0,12230.0,12250.0,4200,0.0,0.0
2023-12-01 10:00:00+09:00,12250.0,12270.0,12220.0,12270.0,1500,0.0,0.0
2023-12-01 11:00:00+09:00,12220.0,12260.0,12180.0,12260.0,0,0.0,0.0
2023-12-01 12:00:00+09:00,12260.0,12260.0,12200.0,12200.0,9500,0.0,0.0
2023-12-01 13:00:00+09:00,12210.0,12210.0,12150.0,12150.0,1800,0.0,0.0
2023-12-01 14:00:00+09:00,12130.0,12210.0,12100.0,12150.0,2800,0.0,0.0
2023-12-04 09:00:00+09:00,12110.0,12320.0,12050.0,12250.0,6200,0.0,0.0
2023-12-04 10:00:00+09:00,12250.0,12250.0,12230.0,12230.0,400,0.0,0.0
2023-12-04 11:00:00+09:00,12230.0,12300.0,12230.0,12300.0,0,0.0,0.0
2023-12-04 12:00:00+09:00,12240.0,12280.0,12240.0,12280.0,7100,0.0,0.0
2023-12-04 13:00:00+09:00,12220.0,12320.0,12220.0,12230.0,10100,0.0,0.0
2023-12-04 14:00:00+09:00,12230.0,12230.0,12180.0,12230.0,1500,0.0,0.0
2023-12-05 09:00:00+09:00,12140.0,12140.0,12010.0,12010.0,1800,0.0,0.0
2023-12-05 10:00:00+09:00,12000.0,12080.0,11950.0,12000.0,3200,0.0,0.0
2023-12-05 11:00:00+09:00,12000.0,12000.0,11960.0,11980.0,0,0.0,0.0
2023-12-05 12:00:00+09:00,11980.0,12000.0,11910.0,11930.0,8600,0.0,0.0
2023-12-05 13:00:00+09:00,11920.0,11950.0,11860.0,11860.0,3100,0.0,0.0
2023-12-05 14:00:00+09:00,11890.0,11890.0,11760.0,11760.0,5900,0.0,0.0
2023-12-06 09:00:00+09:00,11880.0,12150.0,11880.0,12080.0,10200,0.0,0.0
2023-12-06 10:00:00+09:00,12090.0,12090.0,11970.0,11980.0,1700,0.0,0.0
2023-12-06 11:00:00+09:00,11960.0,12030.0,11960.0,12030.0,0,0.0,0.0
2023-12-06 12:00:00+09:00,12080.0,12080.0,12050.0,12050.0,13500,0.0,0.0
2023-12-06 13:00:00+09:00,12080.0,12100.0,12020.0,12020.0,2400,0.0,0.0
2023-12-06 14:00:00+09:00,12050.0,12110.0,12050.0,12110.0,2500,0.0,0.0
2023-12-07 09:00:00+09:00,12110.0,12120.0,11840.0,11840.0,2300,0.0,0.0
2023-12-07 10:00:00+09:00,11850.0,11900.0,11750.0,11790.0,3600,0.0,0.0
2023-12-07 11:00:00+09:00,11800.0,11900.0,11800.0,11900.0,0,0.0,0.0
2023-12-07 12:00:00+09:00,11900.0,11900.0,11900.0,11900.0,7500,0.0,0.0
2023-12-07 13:00:00+09:00,11900.0,11920.0,11900.0,11920.0,700,0.0,0.0
2023-12-07 14:00:00+09:00,11900.0,11960.0,11860.0,11960.0,1800,0.0,0.0
2023-12-08 09:00:00+09:00,11810.0,11960.0,11810.0,11900.0,2300,0.0,0.0
2023-12-08 10:00:00+09:00,11850.0,11890.0,11810.0,11860.0,5600,0.0,0.0
2023-12-08 11:00:00+09:00,11800.0,11800.0,11750.0,11770.0,0,0.0,0.0
2023-12-08 12:00:00+09:00,11770.0,11780.0,11710.0,11710.0,11900,0.0,0.0
2023-12-08 13:00:00+09:00,11720.0,11720.0,11650.0,11660.0,4000,0.0,0.0
2023-12-08 14:00:00+09:00,11660.0,11700.0,11580.0,11700.0,3900,0.0,0.0
2023-12-11 09:00:00+09:00,11920.0,11940.0,11760.0,11840.0,5500,0.0,0.0
2023-12-11 10:00:00+09:00,11830.0,11890.0,11830.0,11880.0,2300,0.0,0.0
2023-12-11 11:00:00+09:00,11850.0,11880.0,11780.0,11780.0,0,0.0,0.0
2023-12-11 12:00:00+09:00,11800.0,11800.0,11750.0,11750.0,14500,0.0,0.0
2023-12-11 13:00:00+09:00,11740.0,11780.0,11710.0,11720.0,1000,0.0,0.0
2023-12-11 14:00:00+09:00,11700.0,11840.0,11660.0,11840.0,1400,0.0,0.0
2023-12-12 09:00:00+09:00,11810.0,11990.0,11800.0,11800.0,4700,0.0,0.0
2023-12-12 10:00:00+09:00,11830.0,11900.0,11830.0,11860.0,700,0.0,0.0
2023-12-12 11:00:00+09:00,11830.0,11830.0,11800.0,11800.0,0,0.0,0.0
2023-12-12 12:00:00+09:00,11820.0,11890.0,11740.0,11750.0,7500,0.0,0.0
2023-12-12 13:00:00+09:00,11740.0,11740.0,11580.0,11600.0,3700,0.0,0.0
2023-12-12 14:00:00+09:00,11600.0,11690.0,11500.0,11690.0,2200,0.0,0.0
2023-12-13 09:00:00+09:00,11640.0,11860.0,11640.0,11790.0,3200,0.0,0.0
2023-12-13 11:00:00+09:00,11840.0,11840.0,11840.0,11840.0,0,0.0,0.0
2023-12-13 12:00:00+09:00,11690.0,11880.0,11690.0,11880.0,3600,0.0,0.0
2023-12-13 13:00:00+09:00,11830.0,11880.0,11830.0,11880.0,200,0.0,0.0
2023-12-13 14:00:00+09:00,11880.0,11920.0,11820.0,11860.0,1800,0.0,0.0
2023-12-14 09:00:00+09:00,11920.0,11990.0,11660.0,11760.0,4300,0.0,0.0
2023-12-14 10:00:00+09:00,11680.0,11680.0,11570.0,11610.0,1900,0.0,0.0
2023-12-14 11:00:00+09:00,11640.0,11640.0,11620.0,11620.0,0,0.0,0.0
2023-12-14 12:00:00+09:00,11580.0,11590.0,11440.0,11510.0,11100,0.0,0.0
2023-12-14 13:00:00+09:00,11510.0,11550.0,11450.0,11540.0,2700,0.0,0.0
2023-12-14 14:00:00+09:00,11530.0,11540.0,11450.0,11470.0,1900,0.0,0.0
2023-12-15 09:00:00+09:00,11400.0,11500.0,11260.0,11380.0,8000,0.0,0.0
2023-12-15 10:00:00+09:00,11430.0,11430.0,11330.0,11330.0,1400,0.0,0.0
2023-12-15 11:00:00+09:00,11380.0,11380.0,11330.0,11330.0,0,0.0,0.0
2023-12-15 12:00:00+09:00,11310.0,11410.0,11310.0,11410.0,12200,0.0,0.0
2023-12-15 13:00:00+09:00,11360.0,11410.0,11310.0,11310.0,1700,0.0,0.0
2023-12-15 14:00:00+09:00,11330.0,11360.0,11300.0,11360.0,2400,0.0,0.0
2023-12-18 09:00:00+09:00,11200.0,11200.0,11010.0,11190.0,0,0.0,0.0
2023-12-18 10:00:00+09:00,11190.0,11190.0,11060.0,11100.0,10800,0.0,0.0
2023-12-18 11:00:00+09:00,11110.0,11140.0,11110.0,11120.0,0,0.0,0.0
2023-12-18 12:00:00+09:00,11070.0,11200.0,11070.0,11200.0,12600,0.0,0.0
2023-12-18 13:00:00+09:00,11230.0,11230.0,11100.0,11230.0,3100,0.0,0.0
2023-12-18 14:00:00+09:00,11260.0,11440.0,11200.0,11200.0,2500,0.0,0.0
2023-12-19 09:00:00+09:00,11370.0,11370.0,11140.0,11140.0,700,0.0,0.0
2023-12-19 10:00:00+09:00,11140.0,11140.0,11040.0,11120.0,1400,0.0,0.0
2023-12-19 11:00:00+09:00,11120.0,11120.0,11120.0,11120.0,0,0.0,0.0
2023-12-19 12:00:00+09:00,11130.0,11260.0,11130.0,11260.0,3500,0.0,0.0
2023-12-19 13:00:00+09:00,11210.0,11230.0,11210.0,11220.0,600,0.0,0.0
2023-12-19 14:00:00+09:00,11240.0,11330.0,11240.0,11310.0,2100,0.0,0.0
2023-12-20 09:00:00+09:00,11390.0,11420.0,11270.0,11420.0,2000,0.0,0.0
2023-12-20 10:00:00+09:00,11420.0,11460.0,11390.0,11400.0,700,0.0,0.0
2023-12-20 11:00:00+09:00,11400.0,11410.0,11360.0,11400.0,0,0.0,0.0
2023-12-20 12:00:00+09:00,11400.0,11450.0,11400.0,11430.0,4400,0.0,0.0
2023-12-20 13:00:00+09:00,11420.0,11450.0,11400.0,11450.0,600,0.0,0.0
2023-12-20 14:00:00+09:00,11390.0,11440.0,11390.0,11440.0,1200,0.0,0.0
2023-12-21 09:00:00+09:00,11290.0,11300.0,11200.0,11200.0,1500,0.0,0.0
2023-12-21 10:00:00+09:00,11240.0,11240.0,11130.0,11190.0,2000,0.0,0.0
2023-12-21 11:00:00+09:00,11180.0,11180.0,11180.0,11180.0,0,0.0,0.0
2023-12-21 12:00:00+09:00,11190.0,11200.0,11190.0,11200.0,5100,0.0,0.0
2023-12-21 13:00:00+09:00,11240.0,11270.0,11220.0,11270.0,600,0.0,0.0
2023-12-21 14:00:00+09:00,11280.0,11280.0,11200.0,11200.0,2000,0.0,0.0
2023-12-22 09:00:00+09:00,11300.0,11800.0,11260.0,11630.0,8100,0.0,0.0
2023-12-22 10:00:00+09:00,11580.0,11690.0,11580.0,11600.0,2200,0.0,0.0
2023-12-22 11:00:00+09:00,11620.0,11650.0,11610.0,11650.0,0,0.0,0.0
2023-12-22 12:00:00+09:00,11650.0,11650.0,11560.0,11590.0,14200,0.0,0.0
2023-12-22 13:00:00+09:00,11550.0,11590.0,11530.0,11550.0,700,0.0,0.0
2023-12-22 14:00:00+09:00,11540.0,11560.0,11500.0,11540.0,3400,0.0,0.0
2023-12-25 09:00:00+09:00,11580.0,11580.0,11370.0,11430.0,3800,0.0,0.0
2023-12-25 10:00:00+09:00,11480.0,11480.0,11390.0,11400.0,1700,0.0,0.0
2023-12-25 11:00:00+09:00,11430.0,11440.0,11430.0,11440.0,0,0.0,0.0
2023-12-25 12:00:00+09:00,11430.0,11470.0,11370.0,11470.0,8600,0.0,0.0
2023-12-25 13:00:00+09:00,11450.0,11450.0,11390.0,11390.0,1400,0.0,0.0
2023-12-25 14:00:00+09:00,11400.0,11420.0,11350.0,11350.0,3700,0.0,0.0
2023-12-26 09:00:00+09:00,11360.0,11480.0,11350.0,11430.0,2100,0.0,0.0
2023-12-26 10:00:00+09:00,11360.0,11360.0,11300.0,11360.0,1200,0.0,0.0
2023-12-26 11:00:00+09:00,11370.0,11370.0,11310.0,11310.0,0,0.0,0.0
2023-12-26 12:00:00+09:00,11360.0,11430.0,11360.0,11370.0,4500,0.0,0.0
2023-12-26 13:00:00+09:00,11430.0,11490.0,11400.0,11490.0,1300,0.0,0.0
2023-12-26 14:00:00+09:00,11450.0,11450.0,11360.0,11390.0,2500,0.0,0.0
2023-12-27 09:00:00+09:00,11390.0,11390.0,11220.0,11280.0,5000,0.0,0.0
2023-12-27 10:00:00+09:00,11320.0,11370.0,11320.0,11330.0,800,0.0,0.0
2023-12-27 11:00:00+09:00,11320.0,11430.0,11320.0,11380.0,0,0.0,0.0
2023-12-27 12:00:00+09:00,11350.0,11420.0,11350.0,11380.0,9800,0.0,0.0
2023-12-27 13:00:00+09:00,11390.0,11440.0,11390.0,11430.0,2400,0.0,0.0
2023-12-27 14:00:00+09:00,11430.0,11500.0,11410.0,11500.0,4500,0.0,0.0
2023-12-28 09:00:00+09:00,2298.0,2300.0,2241.0,2280.0,16800,0.0,0.0
2023-12-28 10:00:00+09:00,2279.0,2299.0,2272.0,2286.0,6600,0.0,0.0
2023-12-28 11:00:00+09:00,2287.0,2294.0,2287.0,2287.0,0,0.0,0.0
2023-12-28 12:00:00+09:00,2287.0,2299.0,2287.0,2289.0,27700,0.0,0.0
2023-12-28 13:00:00+09:00,2287.0,2291.0,2277.0,2280.0,0,0.0,0.0
2023-12-28 14:00:00+09:00,2286.0,2298.0,2281.0,2298.0,40900,0.0,0.0
2023-12-29 09:00:00+09:00,2280.0,2307.0,2260.0,2288.0,15800,0.0,0.0
2023-12-29 10:00:00+09:00,2299.0,2314.0,2295.0,2303.0,2300,0.0,0.0
2023-12-29 11:00:00+09:00,2305.0,2330.0,2303.0,2313.0,0,0.0,0.0
2023-12-29 12:00:00+09:00,2320.0,2334.0,2319.0,2333.0,23900,0.0,0.0
2023-12-29 13:00:00+09:00,2326.0,2348.0,2325.0,2338.0,10300,0.0,0.0
2023-12-29 14:00:00+09:00,2337.0,2346.0,2330.0,2340.0,18300,0.0,0.0
2024-01-04 09:00:00+09:00,2345.0,2350.0,2271.0,2311.0,77800,0.0,0.0
2024-01-04 10:00:00+09:00,2310.0,2353.0,2306.0,2345.0,13500,0.0,0.0
2024-01-04 11:00:00+09:00,2345.0,2350.0,2323.0,2323.0,0,0.0,0.0
2024-01-04 12:00:00+09:00,2323.0,2339.0,2318.0,2339.0,107600,0.0,0.0
2024-01-04 13:00:00+09:00,2331.0,2353.0,2330.0,2353.0,8200,0.0,0.0
2024-01-04 14:00:00+09:00,2352.0,2358.0,2344.0,2351.0,17500,0.0,0.0
2024-01-05 09:00:00+09:00,2340.0,2401.0,2340.0,2397.0,20600,0.0,0.0
2024-01-05 10:00:00+09:00,2397.0,2410.0,2394.0,2402.0,14400,0.0,0.0
2024-01-05 11:00:00+09:00,2404.0,2409.0,2392.0,2403.0,0,0.0,0.0
2024-01-05 12:00:00+09:00,2397.0,2413.0,2397.0,2411.0,48300,0.0,0.0
2024-01-05 13:00:00+09:00,2411.0,2438.0,2411.0,2430.0,12500,0.0,0.0
2024-01-05 14:00:00+09:00,2433.0,2455.0,2430.0,2441.0,21000,0.0,0.0
2024-01-09 09:00:00+09:00,2500.0,2520.0,2450.0,2479.0,49400,0.0,0.0
2024-01-09 10:00:00+09:00,2477.0,2484.0,2454.0,2467.0,12700,0.0,0.0
2024-01-09 11:00:00+09:00,2463.0,2467.0,2456.0,2457.0,0,0.0,0.0
2024-01-09 12:00:00+09:00,2457.0,2530.0,2450.0,2520.0,96900,0.0,0.0
2024-01-09 13:00:00+09:00,2527.0,2530.0,2500.0,2519.0,11900,0.0,0.0
2024-01-09 14:00:00+09:00,2522.0,2555.0,2522.0,2554.0,29000,0.0,0.0
2024-01-10 09:00:00+09:00,2555.0,2585.0,2546.0,2573.0,56300,0.0,0.0
2024-01-10 10:00:00+09:00,2574.0,2621.0,2573.0,2585.0,43800,0.0,0.0
2024-01-10 11:00:00+09:00,2586.0,2598.0,2581.0,2598.0,0,0.0,0.0
2024-01-10 12:00:00+09:00,2590.0,2596.0,2551.0,2577.0,125600,0.0,0.0
2024-01-10 13:00:00+09:00,2578.0,2590.0,2575.0,2590.0,12200,0.0,0.0
2024-01-10 14:00:00+09:00,2593.0,2605.0,2564.0,2564.0,26800,0.0,0.0
2024-01-11 09:00:00+09:00,2610.0,2632.0,2582.0,2605.0,38200,0.0,0.0
2024-01-11 10:00:00+09:00,2599.0,2610.0,2594.0,2607.0,8900,0.0,0.0
2024-01-11 11:00:00+09:00,2616.0,2638.0,2616.0,2636.0,0,0.0,0.0
2024-01-11 12:00:00+09:00,2620.0,2629.0,2616.0,2626.0,64200,0.0,0.0
2024-01-11 13:00:00+09:00,2625.0,2638.0,2623.0,2638.0,10800,0.0,0.0
2024-01-11 14:00:00+09:00,2635.0,2635.0,2605.0,2605.0,21500,0.0,0.0
2024-01-12 09:00:00+09:00,2605.0,2615.0,2566.0,2569.0,0,0.0,0.0
2024-01-12 10:00:00+09:00,2574.0,2593.0,2552.0,2584.0,19500,0.0,0.0
2024-01-12 11:00:00+09:00,2583.0,2590.0,2575.0,2581.0,0,0.0,0.0
2024-01-12 12:00:00+09:00,2574.0,2580.0,2569.0,2577.0,57000,0.0,0.0
2024-01-12 13:00:00+09:00,2580.0,2587.0,2580.0,2584.0,7800,0.0,0.0
2024-01-12 14:00:00+09:00,2585.0,2594.0,2568.0,2569.0,15300,0.0,0.0
2024-01-15 09:00:00+09:00,2567.0,2625.0,2567.0,2625.0,27800,0.0,0.0
2024-01-15 10:00:00+09:00,2624.0,2635.0,2617.0,2632.0,12200,0.0,0.0
2024-01-15 11:00:00+09:00,2629.0,2639.0,2617.0,2631.0,0,0.0,0.0
2024-01-15 12:00:00+09:00,2631.0,2637.0,2622.0,2637.0,61500,0.0,0.0
2024-01-15 13:00:00+09:00,2637.0,2650.0,2622.0,2631.0,40300,0.0,0.0
2024-01-15 14:00:00+09:00,2631.0,2631.0,2616.0,2616.0,10000,0.0,0.0
2024-01-16 09:00:00+09:00,2644.0,2645.0,2601.0,2620.0,22900,0.0,0.0
2024-01-16 10:00:00+09:00,2617.0,2635.0,2596.0,2630.0,19100,0.0,0.0
2024-01-16 11:00:00+09:00,2630.0,2635.0,2629.0,2635.0,0,0.0,0.0
2024-01-16 12:00:00+09:00,2615.0,2634.0,2610.0,2630.0,48600,0.0,0.0
2024-01-16 13:00:00+09:00,2632.0,2632.0,2610.0,2625.0,8600,0.0,0.0
2024-01-16 14:00:00+09:00,2630.0,2634.0,2622.0,2628.0,9500,0.0,0.0
2024-01-17 09:00:00+09:00,2638.0,2640.0,2621.0,2625.0,9800,0.0,0.0
2024-01-17 10:00:00+09:00,2625.0,2636.0,2608.0,2608.0,17700,0.0,0.0
2024-01-17 11:00:00+09:00,2615.0,2616.0,2570.0,2575.0,0,0.0,0.0
2024-01-17 12:00:00+09:00,2563.0,2580.0,2543.0,2543.0,43700,0.0,0.0
2024-01-17 13:00:00+09:00,2554.0,2566.0,2546.0,2556.0,6700,0.0,0.0
2024-01-17 14:00:00+09:00,2551.0,2557.0,2524.0,2524.0,19200,0.0,0.0
2024-01-18 09:00:00+09:00,2550.0,2594.0,2541.0,2580.0,19300,0.0,0.0
2024-01-18 10:00:00+09:00,2581.0,2582.0,2557.0,2582.0,14500,0.0,0.0
2024-01-18 11:00:00+09:00,2579.0,2585.0,2567.0,2573.0,0,0.0,0.0
2024-01-18 12:00:00+09:00,2583.0,2583.0,2557.0,2563.0,39500,0.0,0.0
2024-01-18 13:00:00+09:00,2562.0,2570.0,2551.0,2555.0,8300,0.0,0.0
2024-01-18 14:00:00+09:00,2560.0,2563.0,2549.0,2551.0,9700,0.0,0.0
2024-01-19 09:00:00+09:00,2573.0,2574.0,2533.0,2564.0,15400,0.0,0.0
2024-01-19 10:00:00+09:00,2563.0,2578.0,2560.0,2560.0,7600,0.0,0.0
2024-01-19 11:00:00+09:00,2570.0,2570.0,2561.0,2566.0,0,0.0,0.0
2024-01-19 12:00:00+09:00,2561.0,2561.0,2538.0,2549.0,39500,0.0,0.0
2024-01-19 13:00:00+09:00,2546.0,2546.0,2540.0,2541.0,8300,0.0,0.0
2024-01-19 14:00:00+09:00,2541.0,2543.0,2525.0,2534.0,17900,0.0,0.0
2024-01-22 09:00:00+09:00,2557.0,2568.0,2548.0,2568.0,6500,0.0,0.0
2024-01-22 10:00:00+09:00,2561.0,2566.0,2546.0,2555.0,11700,0.0,0.0
2024-01-22 11:00:00+09:00,2553.0,2565.0,2553.0,2563.0,0,0.0,0.0
2024-01-22 12:00:00+09:00,2567.0,2575.0,2557.0,2571.0,27800,0.0,0.0
2024-01-22 13:00:00+09:00,2577.0,2581.0,2569.0,2570.0,10100,0.0,0.0
2024-01-22 14:00:00+09:00,2570.0,2580.0,2563.0,2577.0,9300,0.0,0.0
2024-01-23 09:00:00+09:00,2557.0,2576.0,2542.0,2542.0,15600,0.0,0.0
2024-01-23 10:00:00+09:00,2540.0,2540.0,2520.0,2534.0,13100,0.0,0.0
2024-01-23 11:00:00+09:00,2538.0,2544.0,2533.0,2544.0,0,0.0,0.0
2024-01-23 12:00:00+09:00,2530.0,2551.0,2527.0,2527.0,39100,0.0,0.0
2024-01-23 13:00:00+09:00,2527.0,2549.0,2527.0,2546.0,4600,0.0,0.0
2024-01-23 14:00:00+09:00,2544.0,2548.0,2531.0,2531.0,9900,0.0,0.0
2024-01-24 09:00:00+09:00,2530.0,2537.0,2507.0,2523.0,15300,0.0,0.0
2024-01-24 10:00:00+09:00,2525.0,2532.0,2518.0,2522.0,4300,0.0,0.0
2024-01-24 11:00:00+09:00,2522.0,2522.0,2520.0,2521.0,0,0.0,0.0
2024-01-24 12:00:00+09:00,2520.0,2521.0,2514.0,2520.0,23400,0.0,0.0
2024-01-24 13:00:00+09:00,2519.0,2526.0,2512.0,2516.0,2500,0.0,0.0
2024-01-24 14:00:00+09:00,2516.0,2530.0,2513.0,2526.0,4900,0.0,0.0
2024-01-25 09:00:00+09:00,2527.0,2550.0,2520.0,2544.0,8800,0.0,0.0
2024-01-25 10:00:00+09:00,2541.0,2547.0,2531.0,2531.0,3500,0.0,0.0
2024-01-25 11:00:00+09:00,2531.0,2545.0,2531.0,2545.0,0,0.0,0.0
2024-01-25 12:00:00+09:00,2548.0,2601.0,2548.0,2593.0,31200,0.0,0.0
2024-01-25 13:00:00+09:00,2595.0,2610.0,2580.0,2583.0,20800,0.0,0.0
2024-01-25 14:00:00+09:00,2586.0,2597.0,2586.0,2595.0,20700,0.0,0.0
2024-01-26 09:00:00+09:00,2545.0,2595.0,2545.0,2567.0,13700,0.0,0.0
2024-01-26 10:00:00+09:00,2567.0,2582.0,2566.0,2582.0,3600,0.0,0.0
2024-01-26 11:00:00+09:00,2581.0,2585.0,2577.0,2577.0,0,0.0,0.0
2024-01-26 12:00:00+09:00,2587.0,2587.0,2576.0,2580.0,23400,0.0,0.0
2024-01-26 13:00:00+09:00,2580.0,2580.0,2573.0,2579.0,6300,0.0,0.0
2024-01-26 14:00:00+09:00,2578.0,2593.0,2577.0,2577.0,9100,0.0,0.0
2024-01-29 09:00:00+09:00,2585.0,2610.0,2579.0,2600.0,7400,0.0,0.0
2024-01-29 10:00:00+09:00,2600.0,2632.0,2598.0,2614.0,23100,0.0,0.0
2024-01-29 11:00:00+09:00,2612.0,2615.0,2610.0,2615.0,0,0.0,0.0
2024-01-29 12:00:00+09:00,2611.0,2618.0,2606.0,2610.0,35100,0.0,0.0
2024-01-29 13:00:00+09:00,2617.0,2618.0,2598.0,2609.0,0,0.0,0.0
2024-01-29 14:00:00+09:00,2606.0,2613.0,2592.0,2592.0,48700,0.0,0.0
2024-01-30 09:00:00+09:00,2605.0,2605.0,2568.0,2586.0,5200,0.0,0.0
2024-01-30 10:00:00+09:00,2589.0,2602.0,2589.0,2592.0,6000,0.0,0.0
2024-01-30 11:00:00+09:00,2592.0,2592.0,2580.0,2585.0,0,0.0,0.0
2024-01-30 12:00:00+09:00,2585.0,2604.0,2585.0,2596.0,16400,0.0,0.0
2024-01-30 13:00:00+09:00,2604.0,2608.0,2598.0,2599.0,5200,0.0,0.0
2024-01-30 14:00:00+09:00,2604.0,2606.0,2589.0,2597.0,11100,0.0,0.0
2024-01-31 09:00:00+09:00,2585.0,2596.0,2561.0,2573.0,0,0.0,0.0
2024-01-31 10:00:00+09:00,2575.0,2586.0,2575.0,2581.0,9900,0.0,0.0
2024-01-31 11:00:00+09:00,2580.0,2585.0,2580.0,2585.0,0,0.0,0.0
2024-01-31 12:00:00+09:00,2590.0,2590.0,2580.0,2580.0,12600,0.0,0.0
2024-01-31 13:00:00+09:00,2582.0,2590.0,2578.0,2590.0,1100,0.0,0.0
2024-01-31 14:00:00+09:00,2588.0,2590.0,2577.0,2583.0,5400,0.0,0.0
2024-02-01 09:00:00+09:00,2551.0,2565.0,2550.0,2555.0,16200,0.0,0.0
2024-02-01 10:00:00+09:00,2556.0,2561.0,2554.0,2554.0,1800,0.0,0.0
2024-02-01 11:00:00+09:00,2557.0,2557.0,2552.0,2552.0,0,0.0,0.0
2024-02-01 12:00:00+09:00,2553.0,2560.0,2538.0,2545.0,32000,0.0,0.0
2024-02-01 13:00:00+09:00,2552.0,2555.0,2543.0,2546.0,7700,0.0,0.0
2024-02-01 14:00:00+09:00,2546.0,2548.0,2538.0,2539.0,12700,0.0,0.0
2024-02-02 09:00:00+09:00,2550.0,2550.0,2538.0,2548.0,6300,0.0,0.0
2024-02-02 10:00:00+09:00,2550.0,2574.0,2549.0,2565.0,2900,0.0,0.0
2024-02-02 11:00:00+09:00,2566.0,2578.0,2566.0,2575.0,0,0.0,0.0
2024-02-02 12:00:00+09:00,2574.0,2581.0,2572.0,2576.0,16800,0.0,0.0
2024-02-02 13:00:00+09:00,2576.0,2606.0,2570.0,2606.0,10800,0.0,0.0
2024-02-02 14:00:00+09:00,2605.0,2613.0,2595.0,2595.0,13600,0.0,0.0
2024-02-05 09:00:00+09:00,2600.0,2610.0,2577.0,2610.0,14200,0.0,0.0
2024-02-05 10:00:00+09:00,2606.0,2668.0,2606.0,2668.0,16200,0.0,0.0
2024-02-05 11:00:00+09:00,2670.0,2671.0,2655.0,2662.0,0,0.0,0.0
2024-02-05 12:00:00+09:00,2660.0,2660.0,2644.0,2648.0,43800,0.0,0.0
2024-02-05 13:00:00+09:00,2649.0,2655.0,2644.0,2655.0,5100,0.0,0.0
2024-02-05 14:00:00+09:00,2652.0,2665.0,2649.0,2659.0,18600,0.0,0.0
2024-02-06 09:00:00+09:00,2648.0,2668.0,2638.0,2652.0,15600,0.0,0.0
2024-02-06 10:00:00+09:00,2660.0,2661.0,2650.0,2661.0,5600,0.0,0.0
2024-02-06 11:00:00+09:00,2664.0,2679.0,2663.0,2666.0,0,0.0,0.0
2024-02-06 12:00:00+09:00,2666.0,2672.0,2654.0,2658.0,34800,0.0,0.0
2024-02-06 13:00:00+09:00,2657.0,2670.0,2650.0,2670.0,5200,0.0,0.0
2024-02-06 14:00:00+09:00,2666.0,2684.0,2664.0,2677.0,12900,0.0,0.0
2024-02-07 09:00:00+09:00,2675.0,2701.0,2662.0,2699.0,0,0.0,0.0
2024-02-07 10:00:00+09:00,2700.0,2702.0,2684.0,2694.0,15700,0.0,0.0
2024-02-07 11:00:00+09:00,2694.0,2702.0,2686.0,2686.0,0,0.0,0.0
2024-02-07 12:00:00+09:00,2680.0,2692.0,2652.0,2666.0,23500,0.0,0.0
2024-02-07 13:00:00+09:00,2664.0,2682.0,2660.0,2682.0,4100,0.0,0.0
2024-02-07 14:00:00+09:00,2684.0,2699.0,2680.0,2684.0,6800,0.0,0.0
2024-02-08 09:00:00+09:00,2660.0,2661.0,2620.0,2639.0,0,0.0,0.0
2024-02-08 10:00:00+09:00,2646.0,2664.0,2644.0,2659.0,19100,0.0,0.0
2024-02-08 11:00:00+09:00,2659.0,2672.0,2652.0,2661.0,0,0.0,0.0
2024-02-08 12:00:00+09:00,2656.0,2694.0,2656.0,2680.0,23100,0.0,0.0
2024-02-08 13:00:00+09:00,2677.0,2678.0,2665.0,2675.0,2200,0.0,0.0
2024-02-08 14:00:00+09:00,2671.0,2689.0,2669.0,2677.0,8000,0.0,0.0
2024-02-09 09:00:00+09:00,2651.0,2737.0,2651.0,2722.0,28600,0.0,0.0
2024-02-09 10:00:00+09:00,2719.0,2720.0,2688.0,2688.0,7300,0.0,0.0
2024-02-09 11:00:00+09:00,2688.0,2697.0,2681.0,2697.0,0,0.0,0.0
2024-02-09 12:00:00+09:00,2690.0,2706.0,2690.0,2704.0,45500,0.0,0.0
2024-02-09 13:00:00+09:00,2704.0,2719.0,2699.0,2708.0,8100,0.0,0.0
2024-02-09 14:00:00+09:00,2711.0,2711.0,2687.0,2687.0,20300,0.0,0.0
2024-02-13 09:00:00+09:00,2730.0,2765.0,2716.0,2744.0,41700,0.0,0.0
2024-02-13 10:00:00+09:00,2742.0,2772.0,2741.0,2761.0,29900,0.0,0.0
2024-02-13 11:00:00+09:00,2768.0,2789.0,2768.0,2777.0,0,0.0,0.0
2024-02-13 12:00:00+09:00,2785.0,2799.0,2784.0,2794.0,104000,0.0,0.0
2024-02-13 13:00:00+09:00,2794.0,2796.0,2780.0,2788.0,18900,0.0,0.0
2024-02-13 14:00:00+09:00,2788.0,2809.0,2720.0,2800.0,73000,0.0,0.0
2024-02-14 09:00:00+09:00,2930.0,3070.0,2927.0,3045.0,352600,0.0,0.0
2024-02-14 10:00:00+09:00,3040.0,3055.0,2970.0,2970.0,99100,0.0,0.0
2024-02-14 11:00:00+09:00,2972.0,3000.0,2965.0,2990.0,0,0.0,0.0
2024-02-14 12:00:00+09:00,2988.0,3025.0,2977.0,3005.0,514300,0.0,0.0
2024-02-14 13:00:00+09:00,3005.0,3015.0,2980.0,3010.0,39400,0.0,0.0
2024-02-14 14:00:00+09:00,3010.0,3015.0,2984.0,3015.0,74500,0.0,0.0
2024-02-15 09:00:00+09:00,3010.0,3010.0,2855.0,2865.0,102400,0.0,0.0
2024-02-15 10:00:00+09:00,2867.0,2918.0,2761.0,2803.0,75900,0.0,0.0
2024-02-15 11:00:00+09:00,2810.0,2810.0,2754.0,2776.0,0,0.0,0.0
2024-02-15 12:00:00+09:00,2798.0,2798.0,2768.0,2788.0,242000,0.0,0.0
2024-02-15 13:00:00+09:00,2790.0,2805.0,2760.0,2760.0,27100,0.0,0.0
2024-02-15 14:00:00+09:00,2758.0,2789.0,2747.0,2775.0,34900,0.0,0.0
2024-02-16 09:00:00+09:00,2831.0,2874.0,2807.0,2841.0,62300,0.0,0.0
2024-02-16 10:00:00+09:00,2842.0,2887.0,2840.0,2857.0,33300,0.0,0.0
2024-02-16 11:00:00+09:00,2855.0,2886.0,2847.0,2885.0,0,0.0,0.0
2024-02-16 12:00:00+09:00,2885.0,2928.0,2885.0,2928.0,144100,0.0,0.0
2024-02-16 13:00:00+09:00,2923.0,2950.0,2923.0,2926.0,33400,0.0,0.0
2024-02-16 14:00:00+09:00,2932.0,2940.0,2914.0,2934.0,25900,0.0,0.0
2024-02-19 09:00:00+09:00,2930.0,2947.0,2895.0,2923.0,26300,0.0,0.0
2024-02-19 10:00:00+09:00,2929.0,2933.0,2910.0,2910.0,7900,0.0,0.0
2024-02-19 11:00:00+09:00,2910.0,2910.0,2890.0,2899.0,0,0.0,0.0
2024-02-19 12:00:00+09:00,2888.0,2888.0,2870.0,2876.0,51900,0.0,0.0
2024-02-19 13:00:00+09:00,2876.0,2898.0,2866.0,2881.0,11600,0.0,0.0
2024-02-19 14:00:00+09:00,2885.0,2897.0,2879.0,2897.0,12800,0.0,0.0
2024-02-20 09:00:00+09:00,2899.0,2925.0,2882.0,2891.0,14000,0.0,0.0
2024-02-20 10:00:00+09:00,2890.0,2911.0,2890.0,2904.0,6500,0.0,0.0
2024-02-20 11:00:00+09:00,2903.0,2903.0,2862.0,2862.0,0,0.0,0.0
2024-02-20 12:00:00+09:00,2863.0,2872.0,2859.0,2866.0,34900,0.0,0.0
2024-02-20 13:00:00+09:00,2866.0,2871.0,2854.0,2856.0,7200,0.0,0.0
2024-02-20 14:00:00+09:00,2856.0,2871.0,2854.0,2854.0,10100,0.0,0.0
2024-02-21 09:00:00+09:00,2852.0,2886.0,2840.0,2854.0,14000,0.0,0.0
2024-02-21 10:00:00+09:00,2846.0,2855.0,2837.0,2839.0,3900,0.0,0.0
2024-02-21 11:00:00+09:00,2839.0,2839.0,2831.0,2831.0,0,0.0,0.0
2024-02-21 12:00:00+09:00,2831.0,2831.0,2806.0,2825.0,31500,0.0,0.0
2024-02-21 13:00:00+09:00,2826.0,2843.0,2821.0,2830.0,3800,0.0,0.0
2024-02-21 14:00:00+09:00,2830.0,2830.0,2814.0,2822.0,9700,0.0,0.0
2024-02-22 09:00:00+09:00,2820.0,2850.0,2796.0,2814.0,18300,0.0,0.0
2024-02-22 10:00:00+09:00,2810.0,2814.0,2801.0,2805.0,5400,0.0,0.0
2024-02-22 11:00:00+09:00,2805.0,2812.0,2800.0,2803.0,0,0.0,0.0
2024-02-22 12:00:00+09:00,2800.0,2800.0,2795.0,2796.0,35000,0.0,0.0
2024-02-22 13:00:00+09:00,2799.0,2799.0,2780.0,2792.0,16800,0.0,0.0
2024-02-22 14:00:00+09:00,2797.0,2819.0,2793.0,2818.0,15600,0.0,0.0
2024-02-26 09:00:00+09:00,2807.0,2814.0,2755.0,2787.0,0,0.0,0.0
2024-02-26 10:00:00+09:00,2788.0,2791.0,2781.0,2788.0,35200,0.0,0.0
2024-02-26 11:00:00+09:00,2787.0,2791.0,2781.0,2781.0,0,0.0,0.0
2024-02-26 12:00:00+09:00,2788.0,2839.0,2779.0,2835.0,55900,0.0,0.0
2024-02-26 13:00:00+09:00,2837.0,2837.0,2821.0,2822.0,15300,0.0,0.0
2024-02-26 14:00:00+09:00,2821.0,2835.0,2814.0,2814.0,15700,0.0,0.0
2024-02-27 09:00:00+09:00,2810.0,2865.0,2800.0,2849.0,26900,0.0,0.0
2024-02-27 10:00:00+09:00,2851.0,2857.0,2830.0,2857.0,7500,0.0,0.0
2024-02-27 11:00:00+09:00,2858.0,2862.0,2842.0,2851.0,0,0.0,0.0
2024-02-27 12:00:00+09:00,2870.0,2870.0,2850.0,2860.0,47000,0.0,0.0
2024-02-27 13:00:00+09:00,2862.0,2869.0,2853.0,2861.0,9000,0.0,0.0
2024-02-27 14:00:00+09:00,2862.0,2862.0,2843.0,2846.0,8600,0.0,0.0
2024-02-28 09:00:00+09:00,2865.0,2892.0,2846.0,2874.0,27500,0.0,0.0
2024-02-28 10:00:00+09:00,2862.0,2869.0,2835.0,2838.0,10500,0.0,0.0
2024-02-28 11:00:00+09:00,2838.0,2838.0,2821.0,2821.0,0,0.0,0.0
2024-02-28 12:00:00+09:00,2821.0,2840.0,2820.0,2832.0,46900,0.0,0.0
2024-02-28 13:00:00+09:00,2836.0,2836.0,2825.0,2828.0,4100,0.0,0.0
2024-02-28 14:00:00+09:00,2828.0,2838.0,2825.0,2825.0,9100,0.0,0.0
2024-02-29 09:00:00+09:00,2790.0,2809.0,2763.0,2783.0,26200,0.0,0.0
2024-02-29 10:00:00+09:00,2780.0,2780.0,2752.0,2755.0,16000,0.0,0.0
2024-02-29 11:00:00+09:00,2756.0,2769.0,2745.0,2769.0,0,0.0,0.0
2024-02-29 12:00:00+09:00,2766.0,2766.0,2750.0,2764.0,57300,0.0,0.0
2024-02-29 13:00:00+09:00,2764.0,2772.0,2758.0,2766.0,7800,0.0,0.0
2024-02-29 14:00:00+09:00,2768.0,2770.0,2760.0,2760.0,8800,0.0,0.0
2024-03-01 09:00:00+09:00,2752.0,2775.0,2733.0,2746.0,26600,0.0,0.0
2024-03-01 10:00:00+09:00,2744.0,2745.0,2735.0,2737.0,5700,0.0,0.0
2024-03-01 11:00:00+09:00,2735.0,2744.0,2735.0,2738.0,0,0.0,0.0
2024-03-01 12:00:00+09:00,2743.0,2756.0,2743.0,2747.0,44800,0.0,0.0
2024-03-01 13:00:00+09:00,2747.0,2761.0,2746.0,2746.0,12600,0.0,0.0
2024-03-01 14:00:00+09:00,2750.0,2754.0,2746.0,2746.0,15400,0.0,0.0
2024-03-04 09:00:00+09:00,2743.0,2763.0,2717.0,2742.0,0,0.0,0.0
2024-03-04 10:00:00+09:00,2739.0,2742.0,2720.0,2725.0,46000,0.0,0.0
2024-03-04 11:00:00+09:00,2721.0,2726.0,2720.0,2720.0,0,0.0,0.0
2024-03-04 12:00:00+09:00,2722.0,2722.0,2696.0,2701.0,68600,0.0,0.0
2024-03-04 13:00:00+09:00,2706.0,2714.0,2705.0,2714.0,8200,0.0,0.0
2024-03-04 14:00:00+09:00,2714.0,2717.0,2700.0,2717.0,16100,0.0,0.0
2024-03-05 09:00:00+09:00,2703.0,2703.0,2672.0,2679.0,0,0.0,0.0
2024-03-05 10:00:00+09:00,2683.0,2698.0,2671.0,2698.0,27200,0.0,0.0
2024-03-05 11:00:00+09:00,2696.0,2707.0,2693.0,2697.0,0,0.0,0.0
2024-03-05 12:00:00+09:00,2706.0,2715.0,2704.0,2704.0,41800,0.0,0.0
2024-03-05 13:00:00+09:00,2702.0,2714.0,2701.0,2709.0,7200,0.0,0.0
2024-03-05 14:00:00+09:00,2709.0,2715.0,2701.0,2709.0,7400,0.0,0.0
2024-03-06 09:00:00+09:00,2680.0,2730.0,2680.0,2720.0,14300,0.0,0.0
2024-03-06 10:00:00+09:00,2720.0,2720.0,2698.0,2699.0,5200,0.0,0.0
2024-03-06 11:00:00+09:00,2701.0,2701.0,2683.0,2695.0,0,0.0,0.0
2024-03-06 12:00:00+09:00,2690.0,2708.0,2690.0,2708.0,26600,0.0,0.0
2024-03-06 13:00:00+09:00,2707.0,2710.0,2699.0,2708.0,5500,0.0,0.0
2024-03-06 14:00:00+09:00,2707.0,2715.0,2700.0,2700.0,10600,0.0,0.0
2024-03-07 09:00:00+09:00,2705.0,2717.0,2677.0,2696.0,22300,0.0,0.0
2024-03-07 10:00:00+09:00,2694.0,2694.0,2656.0,2660.0,15300,0.0,0.0
2024-03-07 11:00:00+09:00,2661.0,2661.0,2640.0,2649.0,0,0.0,0.0
2024-03-07 12:00:00+09:00,2651.0,2655.0,2639.0,2654.0,67200,0.0,0.0
2024-03-07 13:00:00+09:00,2655.0,2661.0,2642.0,2646.0,7500,0.0,0.0
2024-03-07 14:00:00+09:00,2646.0,2655.0,2639.0,2640.0,17500,0.0,0.0
2024-03-08 09:00:00+09:00,2658.0,2697.0,2640.0,2692.0,12100,0.0,0.0
2024-03-08 10:00:00+09:00,2687.0,2692.0,2676.0,2690.0,2400,0.0,0.0
2024-03-08 11:00:00+09:00,2691.0,2701.0,2691.0,2701.0,0,0.0,0.0
2024-03-08 12:00:00+09:00,2701.0,2710.0,2698.0,2707.0,28800,0.0,0.0
2024-03-08 13:00:00+09:00,2708.0,2721.0,2704.0,2709.0,9800,0.0,0.0
2024-03-08 14:00:00+09:00,2710.0,2715.0,2695.0,2695.0,12000,0.0,0.0
2024-03-11 09:00:00+09:00,2640.0,2668.0,2626.0,2632.0,25200,0.0,0.0
2024-03-11 10:00:00+09:00,2631.0,2661.0,2621.0,2621.0,11800,0.0,0.0
2024-03-11 11:00:00+09:00,2623.0,2623.0,2616.0,2616.0,0,0.0,0.0
2024-03-11 12:00:00+09:00,2624.0,2624.0,2590.0,2590.0,66200,0.0,0.0
2024-03-11 13:00:00+09:00,2590.0,2597.0,2585.0,2588.0,6700,0.0,0.0
2024-03-11 14:00:00+09:00,2589.0,2599.0,2570.0,2599.0,19800,0.0,0.0
2024-03-12 09:00:00+09:00,2573.0,2586.0,2536.0,2560.0,19800,0.0,0.0
2024-03-12 10:00:00+09:00,2564.0,2571.0,2560.0,2563.0,3000,0.0,0.0
2024-03-12 11:00:00+09:00,2561.0,2576.0,2560.0,2576.0,0,0.0,0.0
2024-03-12 12:00:00+09:00,2597.0,2609.0,2588.0,2605.0,32400,0.0,0.0
2024-03-12 13:00:00+09:00,2608.0,2616.0,2600.0,2605.0,4600,0.0,0.0
2024-03-12 14:00:00+09:00,2608.0,2614.0,2605.0,2611.0,5600,0.0,0.0
2024-03-13 09:00:00+09:00,2661.0,2661.0,2623.0,2623.0,23500,0.0,0.0
2024-03-13 10:00:00+09:00,2625.0,2629.0,2611.0,2626.0,13200,0.0,0.0
2024-03-13 11:00:00+09:00,2627.0,2627.0,2614.0,2614.0,0,0.0,0.0
2024-03-13 12:00:00+09:00,2615.0,2615.0,2598.0,2600.0,48700,0.0,0.0
2024-03-13 13:00:00+09:00,2605.0,2610.0,2599.0,2609.0,2600,0.0,0.0
2024-03-13 14:00:00+09:00,2614.0,2625.0,2612.0,2623.0,8000,0.0,0.0
2024-03-14 09:00:00+09:00,2607.0,2625.0,2601.0,2610.0,5500,0.0,0.0
2024-03-14 10:00:00+09:00,2612.0,2620.0,2603.0,2615.0,3500,0.0,0.0
2024-03-14 11:00:00+09:00,2613.0,2615.0,2610.0,2615.0,0,0.0,0.0
2024-03-14 12:00:00+09:00,2625.0,2627.0,2620.0,2620.0,11600,0.0,0.0
2024-03-14 13:00:00+09:00,2627.0,2634.0,2606.0,2633.0,9600,0.0,0.0
2024-03-14 14:00:00+09:00,2634.0,2642.0,2624.0,2632.0,6200,0.0,0.0
2024-03-15 09:00:00+09:00,2611.0,2634.0,2600.0,2620.0,6800,0.0,0.0
2024-03-15 10:00:00+09:00,2620.0,2620.0,2600.0,2609.0,8600,0.0,0.0
2024-03-15 11:00:00+09:00,2612.0,2620.0,2605.0,2606.0,0,0.0,0.0
2024-03-15 12:00:00+09:00,2604.0,2636.0,2604.0,2625.0,29500,0.0,0.0
2024-03-15 13:00:00+09:00,2624.0,2625.0,2604.0,2604.0,10200,0.0,0.0
2024-03-15 14:00:00+09:00,2605.0,2649.0,2605.0,2646.0,10600,0.0,0.0
2024-03-18 09:00:00+09:00,2664.0,2664.0,2639.0,2662.0,26500,0.0,0.0
2024-03-18 10:00:00+09:00,2662.0,2678.0,2660.0,2671.0,11200,0.0,0.0
2024-03-18 11:00:00+09:00,2663.0,2663.0,2652.0,2660.0,0,0.0,0.0
2024-03-18 12:00:00+09:00,2662.0,2662.0,2653.0,2655.0,40500,0.0,0.0
2024-03-18 13:00:00+09:00,2652.0,2658.0,2647.0,2647.0,3800,0.0,0.0
2024-03-18 14:00:00+09:00,2649.0,2655.0,2639.0,2642.0,7200,0.0,0.0
2024-03-19 09:00:00+09:00,2614.0,2634.0,2605.0,2616.0,16900,0.0,0.0
2024-03-19 10:00:00+09:00,2619.0,2622.0,2608.0,2612.0,6900,0.0,0.0
2024-03-19 11:00:00+09:00,2613.0,2618.0,2612.0,2616.0,0,0.0,0.0
2024-03-19 12:00:00+09:00,2616.0,2624.0,2606.0,2624.0,30100,0.0,0.0
2024-03-19 13:00:00+09:00,2627.0,2690.0,2627.0,2674.0,0,0.0,0.0
2024-03-19 14:00:00+09:00,2674.0,2680.0,2666.0,2667.0,64900,0.0,0.0
2024-03-21 09:00:00+09:00,2712.0,2720.0,2685.0,2710.0,38600,0.0,0.0
2024-03-21 10:00:00+09:00,2705.0,2705.0,2696.0,2698.0,3800,0.0,0.0
2024-03-21 11:00:00+09:00,2700.0,2710.0,2695.0,2710.0,0,0.0,0.0
2024-03-21 12:00:00+09:00,2710.0,2710.0,2695.0,2696.0,46400,0.0,0.0
2024-03-21 13:00:00+09:00,2702.0,2709.0,2696.0,2696.0,5400,0.0,0.0
2024-03-21 14:00:00+09:00,2698.0,2703.0,2695.0,2701.0,5000,0.0,0.0
2024-03-22 09:00:00+09:00,2710.0,2713.0,2677.0,2687.0,11500,0.0,0.0
2024-03-22 10:00:00+09:00,2690.0,2700.0,2680.0,2684.0,6700,0.0,0.0
2024-03-22 11:00:00+09:00,2679.0,2681.0,2677.0,2681.0,0,0.0,0.0
2024-03-22 12:00:00+09:00,2681.0,2682.0,2660.0,2671.0,28200,0.0,0.0
2024-03-22 13:00:00+09:00,2668.0,2685.0,2667.0,2672.0,8500,0.0,0.0
2024-03-22 14:00:00+09:00,2671.0,2675.0,2666.0,2668.0,6200,0.0,0.0
2024-03-25 09:00:00+09:00,2669.0,2681.0,2641.0,2680.0,23600,0.0,0.0
2024-03-25 10:00:00+09:00,2682.0,2682.0,2658.0,2660.0,4300,0.0,0.0
2024-03-25 11:00:00+09:00,2665.0,2665.0,2650.0,2651.0,0,0.0,0.0
2024-03-25 12:00:00+09:00,2660.0,2660.0,2646.0,2647.0,38800,0.0,0.0
2024-03-25 13:00:00+09:00,2645.0,2650.0,2642.0,2644.0,7200,0.0,0.0
2024-03-25 14:00:00+09:00,2644.0,2646.0,2629.0,2632.0,15900,0.0,0.0
2024-03-26 09:00:00+09:00,2632.0,2649.0,2620.0,2636.0,16400,0.0,0.0
2024-03-26 10:00:00+09:00,2636.0,2638.0,2633.0,2638.0,0,0.0,0.0
2024-03-26 11:00:00+09:00,2638.0,2641.0,2638.0,2640.0,0,0.0,0.0
2024-03-26 12:00:00+09:00,2640.0,2645.0,2631.0,2631.0,22000,0.0,0.0
2024-03-26 13:00:00+09:00,2637.0,2649.0,2633.0,2639.0,8400,0.0,0.0
2024-03-26 14:00:00+09:00,2643.0,2655.0,2643.0,2646.0,4900,0.0,0.0
2024-03-27 09:00:00+09:00,2650.0,2666.0,2635.0,2657.0,18500,0.0,0.0
2024-03-27 10:00:00+09:00,2644.0,2663.0,2644.0,2651.0,5400,0.0,0.0
2024-03-27 11:00:00+09:00,2656.0,2670.0,2656.0,2670.0,0,0.0,0.0
2024-03-27 12:00:00+09:00,2672.0,2684.0,2671.0,2684.0,36400,0.0,0.0
2024-03-27 13:00:00+09:00,2684.0,2687.0,2658.0,2669.0,17400,0.0,0.0
2024-03-27 14:00:00+09:00,2670.0,2670.0,2643.0,2649.0,15500,0.0,0.0
2024-03-28 09:00:00+09:00,2652.0,2688.0,2639.0,2640.0,0,0.0,0.0
2024-03-28 10:00:00+09:00,2646.0,2654.0,2636.0,2649.0,67200,0.0,0.0
2024-03-28 11:00:00+09:00,2654.0,2661.0,2653.0,2655.0,0,0.0,0.0
2024-03-28 12:00:00+09:00,2660.0,2674.0,2660.0,2665.0,89500,0.0,0.0
2024-03-28 13:00:00+09:00,2666.0,2671.0,2649.0,2654.0,13600,0.0,0.0
2024-03-28 14:00:00+09:00,2653.0,2653.0,2620.0,2629.0,19200,0.0,0.0
2024-03-29 09:00:00+09:00,2631.0,2638.0,2601.0,2604.0,17300,0.0,0.0
2024-03-29 10:00:00+09:00,2601.0,2602.0,2588.0,2599.0,13100,0.0,0.0
2024-03-29 11:00:00+09:00,2599.0,2618.0,2596.0,2618.0,0,0.0,0.0
2024-03-29 12:00:00+09:00,2620.0,2626.0,2618.0,2626.0,36300,0.0,0.0
2024-03-29 13:00:00+09:00,2628.0,2631.0,2618.0,2626.0,2000,0.0,0.0
2024-03-29 14:00:00+09:00,2625.0,2628.0,2615.0,2628.0,6900,0.0,0.0
2024-04-01 09:00:00+09:00,2645.0,2650.0,2624.0,2628.0,18600,0.0,0.0
2024-04-01 10:00:00+09:00,2626.0,2626.0,2585.0,2588.0,10100,0.0,0.0
2024-04-01 11:00:00+09:00,2584.0,2584.0,2573.0,2578.0,0,0.0,0.0
2024-04-01 12:00:00+09:00,2582.0,2621.0,2578.0,2621.0,48100,0.0,0.0
2024-04-01 13:00:00+09:00,2619.0,2622.0,2613.0,2621.0,5800,0.0,0.0
2024-04-01 14:00:00+09:00,2620.0,2620.0,2591.0,2595.0,11000,0.0,0.0
2024-04-02 09:00:00+09:00,2591.0,2591.0,2554.0,2554.0,21700,0.0,0.0
2024-04-02 10:00:00+09:00,2555.0,2556.0,2537.0,2541.0,7500,0.0,0.0
2024-04-02 11:00:00+09:00,2537.0,2538.0,2527.0,2527.0,0,0.0,0.0
2024-04-02 12:00:00+09:00,2543.0,2543.0,2515.0,2526.0,41400,0.0,0.0
2024-04-02 13:00:00+09:00,2529.0,2532.0,2521.0,2526.0,6200,0.0,0.0
2024-04-02 14:00:00+09:00,2524.0,2524.0,2506.0,2514.0,13800,0.0,0.0
2024-04-03 09:00:00+09:00,2492.0,2515.0,2457.0,2515.0,24600,0.0,0.0
2024-04-03 10:00:00+09:00,2510.0,2510.0,2501.0,2510.0,3700,0.0,0.0
2024-04-03 11:00:00+09:00,2504.0,2507.0,2500.0,2501.0,0,0.0,0.0
2024-04-03 12:00:00+09:00,2516.0,2526.0,2516.0,2521.0,33200,0.0,0.0
2024-04-03 13:00:00+09:00,2520.0,2526.0,2503.0,2508.0,4100,0.0,0.0
2024-04-03 14:00:00+09:00,2504.0,2507.0,2496.0,2502.0,5300,0.0,0.0
2024-04-04 09:00:00+09:00,2523.0,2523.0,2500.0,2508.0,4500,0.0,0.0
2024-04-04 10:00:00+09:00,2509.0,2512.0,2496.0,2496.0,4800,0.0,0.0
2024-04-04 11:00:00+09:00,2500.0,2504.0,2500.0,2500.0,0,0.0,0.0
2024-04-04 12:00:00+09:00,2518.0,2534.0,2510.0,2526.0,23400,0.0,0.0
2024-04-04 13:00:00+09:00,2525.0,2533.0,2525.0,2526.0,4900,0.0,0.0
2024-04-04 14:00:00+09:00,2524.0,2531.0,2517.0,2518.0,7300,0.0,0.0
2024-04-05 09:00:00+09:00,2502.0,2506.0,2490.0,2490.0,6000,0.0,0.0
2024-04-05 10:00:00+09:00,2494.0,2495.0,2472.0,2472.0,6600,0.0,0.0
2024-04-05 11:00:00+09:00,2476.0,2482.0,2464.0,2467.0,0,0.0,0.0
2024-04-05 12:00:00+09:00,2464.0,2504.0,2464.0,2501.0,25900,0.0,0.0
2024-04-05 13:00:00+09:00,2503.0,2506.0,2493.0,2493.0,4600,0.0,0.0
2024-04-05 14:00:00+09:00,2497.0,2501.0,2489.0,2497.0,5500,0.0,0.0
2024-04-08 09:00:00+09:00,2506.0,2507.0,2476.0,2492.0,13200,0.0,0.0
2024-04-08 10:00:00+09:00,2487.0,2505.0,2485.0,2503.0,3500,0.0,0.0
2024-04-08 11:00:00+09:00,2503.0,2505.0,2493.0,2503.0,0,0.0,0.0
2024-04-08 12:00:00+09:00,2506.0,2506.0,2476.0,2488.0,33200,0.0,0.0
2024-04-08 13:00:00+09:00,2489.0,2504.0,2484.0,2503.0,4000,0.0,0.0
2024-04-08 14:00:00+09:00,2501.0,2508.0,2497.0,2500.0,5900,0.0,0.0
2024-04-09 09:00:00+09:00,2522.0,2525.0,2490.0,2516.0,10500,0.0,0.0
2024-04-09 10:00:00+09:00,2515.0,2523.0,2514.0,2517.0,4300,0.0,0.0
2024-04-09 11:00:00+09:00,2517.0,2528.0,2515.0,2528.0,0,0.0,0.0
2024-04-09 12:00:00+09:00,2528.0,2534.0,2523.0,2534.0,20500,0.0,0.0
2024-04-09 13:00:00+09:00,2530.0,2539.0,2530.0,2539.0,5000,0.0,0.0
2024-04-09 14:00:00+09:00,2539.0,2545.0,2529.0,2529.0,11100,0.0,0.0
2024-04-10 09:00:00+09:00,2535.0,2570.0,2535.0,2564.0,10100,0.0,0.0
2024-04-10 10:00:00+09:00,2564.0,2574.0,2564.0,2574.0,5000,0.0,0.0
2024-04-10 11:00:00+09:00,2575.0,2580.0,2574.0,2580.0,0,0.0,0.0
2024-04-10 12:00:00+09:00,2580.0,2589.0,2562.0,2563.0,27000,0.0,0.0
2024-04-10 13:00:00+09:00,2568.0,2581.0,2568.0,2573.0,7100,0.0,0.0
2024-04-10 14:00:00+09:00,2573.0,2579.0,2568.0,2577.0,6300,0.0,0.0
2024-04-11 09:00:00+09:00,2565.0,2574.0,2545.0,2568.0,0,0.0,0.0
2024-04-11 10:00:00+09:00,2569.0,2570.0,2560.0,2566.0,24900,0.0,0.0
2024-04-11 11:00:00+09:00,2569.0,2577.0,2564.0,2567.0,0,0.0,0.0
2024-04-11 12:00:00+09:00,2580.0,2597.0,2580.0,2591.0,39300,0.0,0.0
2024-04-11 13:00:00+09:00,2590.0,2603.0,2585.0,2592.0,29900,0.0,0.0
2024-04-11 14:00:00+09:00,2600.0,2600.0,2585.0,2595.0,17000,0.0,0.0
2024-04-12 09:00:00+09:00,2605.0,2612.0,2586.0,2600.0,15400,0.0,0.0
2024-04-12 10:00:00+09:00,2600.0,2614.0,2586.0,2604.0,7300,0.0,0.0
2024-04-12 11:00:00+09:00,2605.0,2606.0,2597.0,2599.0,0,0.0,0.0
2024-04-12 12:00:00+09:00,2600.0,2601.0,2594.0,2597.0,29700,0.0,0.0
2024-04-12 13:00:00+09:00,2598.0,2599.0,2592.0,2596.0,6100,0.0,0.0
2024-04-12 14:00:00+09:00,2598.0,2599.0,2592.0,2599.0,6100,0.0,0.0
2024-04-15 09:00:00+09:00,2580.0,2585.0,2560.0,2571.0,0,0.0,0.0
2024-04-15 10:00:00+09:00,2574.0,2585.0,2571.0,2584.0,16800,0.0,0.0
2024-04-15 11:00:00+09:00,2580.0,2580.0,2562.0,2569.0,0,0.0,0.0
2024-04-15 12:00:00+09:00,2569.0,2570.0,2559.0,2568.0,23200,0.0,0.0
2024-04-15 13:00:00+09:00,2567.0,2568.0,2556.0,2560.0,0,0.0,0.0
2024-04-15 14:00:00+09:00,2560.0,2580.0,2560.0,2580.0,37900,0.0,0.0
2024-04-16 09:00:00+09:00,2552.0,2553.0,2503.0,2517.0,20200,0.0,0.0
2024-04-16 10:00:00+09:00,2511.0,2511.0,2502.0,2502.0,4700,0.0,0.0
2024-04-16 11:00:00+09:00,2501.0,2501.0,2481.0,2481.0,0,0.0,0.0
2024-04-16 12:00:00+09:00,2480.0,2484.0,2473.0,2478.0,42000,0.0,0.0
2024-04-16 13:00:00+09:00,2482.0,2487.0,2469.0,2476.0,9800,0.0,0.0
2024-04-16 14:00:00+09:00,2475.0,2489.0,2473.0,2485.0,16100,0.0,0.0
2024-04-17 09:00:00+09:00,2488.0,2490.0,2421.0,2444.0,28600,0.0,0.0
2024-04-17 10:00:00+09:00,2443.0,2459.0,2439.0,2459.0,2300,0.0,0.0
2024-04-17 11:00:00+09:00,2464.0,2467.0,2458.0,2458.0,0,0.0,0.0
2024-04-17 12:00:00+09:00,2474.0,2474.0,2458.0,2465.0,38300,0.0,0.0
2024-04-17 13:00:00+09:00,2465.0,2466.0,2435.0,2440.0,20600,0.0,0.0
2024-04-17 14:00:00+09:00,2440.0,2444.0,2426.0,2433.0,20800,0.0,0.0
2024-04-18 09:00:00+09:00,2410.0,2444.0,2403.0,2439.0,12400,0.0,0.0
2024-04-18 10:00:00+09:00,2439.0,2450.0,2437.0,2450.0,2600,0.0,0.0
2024-04-18 11:00:00+09:00,2449.0,2461.0,2449.0,2459.0,0,0.0,0.0
2024-04-18 12:00:00+09:00,2465.0,2468.0,2464.0,2467.0,19400,0.0,0.0
2024-04-18 13:00:00+09:00,2468.0,2474.0,2466.0,2469.0,2100,0.0,0.0
2024-04-18 14:00:00+09:00,2465.0,2472.0,2462.0,2472.0,3200,0.0,0.0
2024-04-19 09:00:00+09:00,2433.0,2439.0,2405.0,2415.0,8700,0.0,0.0
2024-04-19 10:00:00+09:00,2410.0,2417.0,2380.0,2390.0,22600,0.0,0.0
2024-04-19 11:00:00+09:00,2391.0,2393.0,2357.0,2369.0,0,0.0,0.0
2024-04-19 12:00:00+09:00,2369.0,2410.0,2369.0,2405.0,48500,0.0,0.0
2024-04-19 13:00:00+09:00,2404.0,2407.0,2397.0,2400.0,4000,0.0,0.0
2024-04-19 14:00:00+09:00,2402.0,2407.0,2395.0,2407.0,9100,0.0,0.0
2024-04-22 09:00:00+09:00,2418.0,2420.0,2395.0,2397.0,19900,0.0,0.0
2024-04-22 10:00:00+09:00,2396.0,2411.0,2382.0,2397.0,6600,0.0,0.0
2024-04-22 11:00:00+09:00,2393.0,2409.0,2393.0,2403.0,0,0.0,0.0
2024-04-22 12:00:00+09:00,2403.0,2407.0,2393.0,2400.0,30100,0.0,0.0
2024-04-22 13:00:00+09:00,2397.0,2405.0,2397.0,2405.0,3900,0.0,0.0
2024-04-22 14:00:00+09:00,2405.0,2413.0,2398.0,2413.0,5700,0.0,0.0
2024-04-23 09:00:00+09:00,2430.0,2430.0,2406.0,2411.0,6100,0.0,0.0
2024-04-23 10:00:00+09:00,2415.0,2415.0,2392.0,2396.0,13500,0.0,0.0
2024-04-23 11:00:00+09:00,2394.0,2405.0,2391.0,2405.0,0,0.0,0.0
2024-04-23 12:00:00+09:00,2402.0,2410.0,2402.0,2405.0,23200,0.0,0.0
2024-04-23 13:00:00+09:00,2402.0,2412.0,2402.0,2407.0,4000,0.0,0.0
2024-04-23 14:00:00+09:00,2410.0,2410.0,2403.0,2405.0,4700,0.0,0.0
2024-04-24 09:00:00+09:00,2420.0,2430.0,2401.0,2413.0,20100,0.0,0.0
2024-04-24 10:00:00+09:00,2416.0,2422.0,2406.0,2422.0,2900,0.0,0.0
2024-04-24 11:00:00+09:00,2420.0,2427.0,2420.0,2424.0,0,0.0,0.0
2024-04-24 12:00:00+09:00,2424.0,2433.0,2422.0,2429.0,28700,0.0,0.0
2024-04-24 13:00:00+09:00,2428.0,2428.0,2421.0,2425.0,900,0.0,0.0
2024-04-24 14:00:00+09:00,2426.0,2430.0,2424.0,2425.0,7000,0.0,0.0
2024-04-25 09:00:00+09:00,2428.0,2428.0,2395.0,2403.0,11500,0.0,0.0
2024-04-25 10:00:00+09:00,2404.0,2405.0,2391.0,2396.0,6800,0.0,0.0
2024-04-25 11:00:00+09:00,2393.0,2399.0,2393.0,2399.0,0,0.0,0.0
2024-04-25 12:00:00+09:00,2396.0,2402.0,2395.0,2402.0,22200,0.0,0.0
2024-04-25 13:00:00+09:00,2400.0,2403.0,2394.0,2394.0,3800,0.0,0.0
2024-04-25 14:00:00+09:00,2393.0,2400.0,2390.0,2390.0,12200,0.0,0.0
2024-04-26 09:00:00+09:00,2390.0,2402.0,2383.0,2402.0,13400,0.0,0.0
2024-04-26 10:00:00+09:00,2402.0,2410.0,2402.0,2404.0,3000,0.0,0.0
2024-04-26 11:00:00+09:00,2406.0,2412.0,2404.0,2409.0,0,0.0,0.0
2024-04-26 12:00:00+09:00,2413.0,2428.0,2413.0,2422.0,24900,0.0,0.0
2024-04-26 13:00:00+09:00,2428.0,2435.0,2420.0,2428.0,6300,0.0,0.0
2024-04-26 14:00:00+09:00,2429.0,2431.0,2424.0,2431.0,8500,0.0,0.0
2024-04-30 09:00:00+09:00,2462.0,2500.0,2450.0,2495.0,36200,0.0,0.0
2024-04-30 10:00:00+09:00,2498.0,2533.0,2496.0,2533.0,11000,0.0,0.0
2024-04-30 11:00:00+09:00,2530.0,2538.0,2530.0,2530.0,0,0.0,0.0
2024-04-30 12:00:00+09:00,2526.0,2549.0,2525.0,2549.0,55600,0.0,0.0
2024-04-30 13:00:00+09:00,2549.0,2565.0,2544.0,2561.0,15200,0.0,0.0
2024-04-30 14:00:00+09:00,2565.0,2567.0,2550.0,2552.0,14100,0.0,0.0
2024-05-01 09:00:00+09:00,2531.0,2531.0,2500.0,2500.0,7700,0.0,0.0
2024-05-01 10:00:00+09:00,2506.0,2511.0,2500.0,2509.0,2100,0.0,0.0
2024-05-01 11:00:00+09:00,2505.0,2511.0,2503.0,2503.0,0,0.0,0.0
2024-05-01 12:00:00+09:00,2509.0,2528.0,2509.0,2528.0,16900,0.0,0.0
2024-05-01 13:00:00+09:00,2520.0,2521.0,2508.0,2520.0,3400,0.0,0.0
2024-05-01 14:00:00+09:00,2520.0,2520.0,2505.0,2505.0,3400,0.0,0.0
2024-05-02 09:00:00+09:00,2518.0,2520.0,2506.0,2519.0,3600,0.0,0.0
2024-05-02 10:00:00+09:00,2515.0,2516.0,2498.0,2510.0,6100,0.0,0.0
2024-05-02 11:00:00+09:00,2509.0,2519.0,2509.0,2519.0,0,0.0,0.0
2024-05-02 12:00:00+09:00,2517.0,2528.0,2505.0,2521.0,15000,0.0,0.0
2024-05-02 13:00:00+09:00,2520.0,2533.0,2520.0,2533.0,2000,0.0,0.0
2024-05-02 14:00:00+09:00,2538.0,2538.0,2521.0,2523.0,3800,0.0,0.0
2024-05-07 09:00:00+09:00,2573.0,2589.0,2537.0,2546.0,32000,0.0,0.0
2024-05-07 10:00:00+09:00,2546.0,2568.0,2546.0,2561.0,9200,0.0,0.0
2024-05-07 11:00:00+09:00,2564.0,2573.0,2564.0,2573.0,0,0.0,0.0
2024-05-07 12:00:00+09:00,2573.0,2580.0,2573.0,2575.0,55100,0.0,0.0
2024-05-07 13:00:00+09:00,2573.0,2575.0,2569.0,2570.0,4000,0.0,0.0
2024-05-07 14:00:00+09:00,2568.0,2579.0,2566.0,2579.0,11300,0.0,0.0
2024-05-08 09:00:00+09:00,2582.0,2598.0,2577.0,2586.0,0,0.0,0.0
2024-05-08 10:00:00+09:00,2580.0,2580.0,2566.0,2567.0,10600,0.0,0.0
2024-05-08 11:00:00+09:00,2569.0,2569.0,2557.0,2557.0,0,0.0,0.0
2024-05-08 12:00:00+09:00,2584.0,2584.0,2559.0,2569.0,15600,0.0,0.0
2024-05-08 13:00:00+09:00,2570.0,2571.0,2557.0,2557.0,3300,0.0,0.0
2024-05-08 14:00:00+09:00,2557.0,2560.0,2540.0,2543.0,17200,0.0,0.0
2024-05-09 09:00:00+09:00,2536.0,2540.0,2515.0,2528.0,7000,0.0,0.0
2024-05-09 10:00:00+09:00,2531.0,2537.0,2524.0,2533.0,4300,0.0,0.0
2024-05-09 11:00:00+09:00,2531.0,2531.0,2530.0,2530.0,0,0.0,0.0
2024-05-09 12:00:00+09:00,2535.0,2544.0,2534.0,2541.0,22000,0.0,0.0
2024-05-09 13:00:00+09:00,2538.0,2544.0,2534.0,2541.0,14800,0.0,0.0
2024-05-09 14:00:00+09:00,2544.0,2545.0,2528.0,2528.0,7300,0.0,0.0
2024-05-10 09:00:00+09:00,2517.0,2531.0,2503.0,2503.0,15200,0.0,0.0
2024-05-10 10:00:00+09:00,2505.0,2509.0,2490.0,2490.0,5400,0.0,0.0
2024-05-10 11:00:00+09:00,2492.0,2492.0,2482.0,2482.0,0,0.0,0.0
2024-05-10 12:00:00+09:00,2482.0,2482.0,2460.0,2480.0,31500,0.0,0.0
2024-05-10 13:00:00+09:00,2480.0,2495.0,2478.0,2479.0,5800,0.0,0.0
2024-05-10 14:00:00+09:00,2479.0,2485.0,2472.0,2482.0,9400,0.0,0.0
2024-05-13 09:00:00+09:00,2470.0,2472.0,2426.0,2465.0,30100,0.0,0.0
2024-05-13 10:00:00+09:00,2467.0,2469.0,2459.0,2466.0,2700,0.0,0.0
2024-05-13 11:00:00+09:00,2463.0,2470.0,2456.0,2467.0,0,0.0,0.0
2024-05-13 12:00:00+09:00,2455.0,2472.0,2453.0,2464.0,41700,0.0,0.0
2024-05-13 13:00:00+09:00,2464.0,2464.0,2451.0,2451.0,2100,0.0,0.0
2024-05-13 14:00:00+09:00,2450.0,2459.0,2430.0,2438.0,25400,0.0,0.0
2024-05-14 09:00:00+09:00,2457.0,2457.0,2387.0,2392.0,31900,0.0,0.0
2024-05-14 10:00:00+09:00,2394.0,2394.0,2377.0,2393.0,13100,0.0,0.0
2024-05-14 11:00:00+09:00,2396.0,2411.0,2396.0,2401.0,0,0.0,0.0
2024-05-14 12:00:00+09:00,2417.0,2418.0,2399.0,2410.0,55900,0.0,0.0
2024-05-14 13:00:00+09:00,2410.0,2416.0,2392.0,2397.0,8600,0.0,0.0
2024-05-14 14:00:00+09:00,2397.0,2420.0,2392.0,2411.0,17700,0.0,0.0
2024-05-15 09:00:00+09:00,2440.0,2479.0,2385.0,2397.0,72500,0.0,0.0
2024-05-15 10:00:00+09:00,2397.0,2402.0,2395.0,2402.0,2500,0.0,0.0
2024-05-15 11:00:00+09:00,2399.0,2411.0,2399.0,2408.0,0,0.0,0.0
2024-05-15 12:00:00+09:00,2412.0,2437.0,2406.0,2419.0,87400,0.0,0.0
2024-05-15 13:00:00+09:00,2418.0,2418.0,2395.0,2400.0,8600,0.0,0.0
2024-05-15 14:00:00+09:00,2402.0,2410.0,2396.0,2410.0,7700,0.0,0.0
2024-05-16 09:00:00+09:00,2403.0,2424.0,2392.0,2413.0,9500,0.0,0.0
2024-05-16 10:00:00+09:00,2406.0,2416.0,2400.0,2414.0,6200,0.0,0.0
2024-05-16 11:00:00+09:00,2404.0,2407.0,2388.0,2388.0,0,0.0,0.0
2024-05-16 12:00:00+09:00,2387.0,2403.0,2382.0,2391.0,26500,0.0,0.0
2024-05-16 13:00:00+09:00,2392.0,2418.0,2384.0,2410.0,7800,0.0,0.0
2024-05-16 14:00:00+09:00,2412.0,2424.0,2406.0,2418.0,7800,0.0,0.0
2024-05-17 09:00:00+09:00,2385.0,2413.0,2382.0,2413.0,10500,0.0,0.0
2024-05-17 10:00:00+09:00,2410.0,2418.0,2405.0,2409.0,2400,0.0,0.0
2024-05-17 11:00:00+09:00,2409.0,2409.0,2397.0,2397.0,0,0.0,0.0
2024-05-17 12:00:00+09:00,2394.0,2398.0,2392.0,2396.0,17900,0.0,0.0
2024-05-17 13:00:00+09:00,2398.0,2399.0,2390.0,2393.0,5200,0.0,0.0
2024-05-17 14:00:00+09:00,2391.0,2399.0,2390.0,2399.0,5700,0.0,0.0
2024-05-20 09:00:00+09:00,2391.0,2412.0,2391.0,2407.0,8700,0.0,0.0
2024-05-20 10:00:00+09:00,2407.0,2408.0,2403.0,2408.0,1300,0.0,0.0
2024-05-20 11:00:00+09:00,2408.0,2409.0,2408.0,2409.0,0,0.0,0.0
2024-05-20 12:00:00+09:00,2405.0,2407.0,2404.0,2404.0,13200,0.0,0.0
2024-05-20 13:00:00+09:00,2402.0,2402.0,2385.0,2388.0,9400,0.0,0.0
2024-05-20 14:00:00+09:00,2387.0,2393.0,2381.0,2387.0,6300,0.0,0.0
2024-05-21 09:00:00+09:00,2407.0,2440.0,2395.0,2395.0,21300,0.0,0.0
2024-05-21 10:00:00+09:00,2395.0,2406.0,2392.0,2400.0,11500,0.0,0.0
2024-05-21 11:00:00+09:00,2401.0,2401.0,2395.0,2398.0,0,0.0,0.0
2024-05-21 12:00:00+09:00,2398.0,2406.0,2398.0,2402.0,35800,0.0,0.0
2024-05-21 13:00:00+09:00,2398.0,2400.0,2392.0,2396.0,1900,0.0,0.0
2024-05-21 14:00:00+09:00,2398.0,2399.0,2385.0,2385.0,5300,0.0,0.0
2024-05-22 09:00:00+09:00,2386.0,2388.0,2371.0,2377.0,8800,0.0,0.0
2024-05-22 10:00:00+09:00,2378.0,2378.0,2360.0,2360.0,5100,0.0,0.0
2024-05-22 11:00:00+09:00,2363.0,2365.0,2351.0,2356.0,0,0.0,0.0
2024-05-22 12:00:00+09:00,2356.0,2361.0,2356.0,2361.0,19800,0.0,0.0
2024-05-22 13:00:00+09:00,2355.0,2357.0,2343.0,2347.0,11500,0.0,0.0
2024-05-22 14:00:00+09:00,2346.0,2349.0,2334.0,2334.0,9800,0.0,0.0
2024-05-23 09:00:00+09:00,2333.0,2333.0,2300.0,2330.0,13700,0.0,0.0
2024-05-23 10:00:00+09:00,2332.0,2361.0,2330.0,2352.0,5700,0.0,0.0
2024-05-23 11:00:00+09:00,2348.0,2355.0,2348.0,2353.0,0,0.0,0.0
2024-05-23 12:00:00+09:00,2359.0,2368.0,2356.0,2368.0,25300,0.0,0.0
2024-05-23 13:00:00+09:00,2368.0,2368.0,2356.0,2362.0,2000,0.0,0.0
2024-05-23 14:00:00+09:00,2358.0,2362.0,2349.0,2352.0,5900,0.0,0.0
2024-05-24 09:00:00+09:00,2328.0,2343.0,2307.0,2336.0,4800,0.0,0.0
2024-05-24 10:00:00+09:00,2331.0,2331.0,2325.0,2325.0,3000,0.0,0.0
2024-05-24 11:00:00+09:00,2326.0,2330.0,2326.0,2330.0,0,0.0,0.0
2024-05-24 12:00:00+09:00,2330.0,2338.0,2330.0,2332.0,10000,0.0,0.0
2024-05-24 13:00:00+09:00,2334.0,2337.0,2330.0,2335.0,3200,0.0,0.0
2024-05-24 14:00:00+09:00,2336.0,2336.0,2318.0,2318.0,6000,0.0,0.0
2024-05-27 09:00:00+09:00,2318.0,2336.0,2317.0,2324.0,11100,0.0,0.0
2024-05-27 10:00:00+09:00,2323.0,2329.0,2319.0,2326.0,2000,0.0,0.0
2024-05-27 11:00:00+09:00,2326.0,2332.0,2326.0,2328.0,0,0.0,0.0
2024-05-27 12:00:00+09:00,2319.0,2327.0,2313.0,2325.0,21300,0.0,0.0
2024-05-27 13:00:00+09:00,2325.0,2336.0,2320.0,2331.0,4800,0.0,0.0
2024-05-27 14:00:00+09:00,2334.0,2340.0,2329.0,2339.0,5800,0.0,0.0
2024-05-28 09:00:00+09:00,2339.0,2367.0,2335.0,2366.0,6300,0.0,0.0
2024-05-28 10:00:00+09:00,2367.0,2368.0,2352.0,2364.0,6400,0.0,0.0
2024-05-28 11:00:00+09:00,2363.0,2365.0,2356.0,2357.0,0,0.0,0.0
2024-05-28 12:00:00+09:00,2346.0,2356.0,2346.0,2348.0,18300,0.0,0.0
2024-05-28 13:00:00+09:00,2349.0,2354.0,2349.0,2353.0,2400,0.0,0.0
2024-05-28 14:00:00+09:00,2353.0,2361.0,2350.0,2354.0,7700,0.0,0.0
2024-05-29 09:00:00+09:00,2350.0,2356.0,2340.0,2340.0,4000,0.0,0.0
2024-05-29 10:00:00+09:00,2339.0,2339.0,2314.0,2314.0,5200,0.0,0.0
2024-05-29 11:00:00+09:00,2316.0,2320.0,2315.0,2320.0,0,0.0,0.0
2024-05-29 12:00:00+09:00,2317.0,2322.0,2317.0,2320.0,15100,0.0,0.0
2024-05-29 13:00:00+09:00,2322.0,2322.0,2303.0,2303.0,6200,0.0,0.0
2024-05-29 14:00:00+09:00,2305.0,2310.0,2293.0,2294.0,12500,0.0,0.0
2024-05-30 09:00:00+09:00,2268.0,2280.0,2257.0,2258.0,33300,0.0,0.0
2024-05-30 10:00:00+09:00,2263.0,2280.0,2263.0,2278.0,3000,0.0,0.0
2024-05-30 11:00:00+09:00,2280.0,2290.0,2275.0,2290.0,0,0.0,0.0
2024-05-30 12:00:00+09:00,2290.0,2295.0,2288.0,2290.0,45200,0.0,0.0
2024-05-30 13:00:00+09:00,2290.0,2294.0,2287.0,2294.0,1300,0.0,0.0
2024-05-30 14:00:00+09:00,2294.0,2295.0,2283.0,2287.0,5000,0.0,0.0
2024-05-31 09:00:00+09:00,2305.0,2334.0,2305.0,2326.0,21800,0.0,0.0
2024-05-31 10:00:00+09:00,2330.0,2335.0,2325.0,2331.0,4000,0.0,0.0
2024-05-31 11:00:00+09:00,2332.0,2332.0,2331.0,2331.0,0,0.0,0.0
2024-05-31 12:00:00+09:00,2331.0,2345.0,2331.0,2345.0,28900,0.0,0.0
2024-05-31 13:00:00+09:00,2343.0,2350.0,2331.0,2349.0,2800,0.0,0.0
2024-05-31 14:00:00+09:00,2352.0,2359.0,2348.0,2359.0,5100,0.0,0.0
2024-06-03 09:00:00+09:00,2355.0,2376.0,2349.0,2361.0,8500,0.0,0.0
2024-06-03 10:00:00+09:00,2362.0,2375.0,2362.0,2365.0,4200,0.0,0.0
2024-06-03 11:00:00+09:00,2369.0,2373.0,2365.0,2373.0,0,0.0,0.0
2024-06-03 12:00:00+09:00,2373.0,2374.0,2367.0,2374.0,17900,0.0,0.0
2024-06-03 13:00:00+09:00,2375.0,2375.0,2369.0,2372.0,2300,0.0,0.0
2024-06-03 14:00:00+09:00,2371.0,2372.0,2360.0,2361.0,6100,0.0,0.0
2024-06-04 09:00:00+09:00,2372.0,2382.0,2365.0,2368.0,0,0.0,0.0
2024-06-04 10:00:00+09:00,2370.0,2370.0,2356.0,2361.0,10500,0.0,0.0
2024-06-04 11:00:00+09:00,2357.0,2357.0,2355.0,2355.0,0,0.0,0.0
2024-06-04 12:00:00+09:00,2364.0,2364.0,2355.0,2362.0,12800,0.0,0.0
2024-06-04 13:00:00+09:00,2360.0,2365.0,2359.0,2359.0,700,0.0,0.0
2024-06-04 14:00:00+09:00,2358.0,2367.0,2357.0,2359.0,5400,0.0,0.0
2024-06-05 09:00:00+09:00,2353.0,2357.0,2340.0,2343.0,7200,0.0,0.0
2024-06-05 10:00:00+09:00,2343.0,2357.0,2343.0,2355.0,2100,0.0,0.0
2024-06-05 11:00:00+09:00,2348.0,2357.0,2348.0,2356.0,0,0.0,0.0
2024-06-05 12:00:00+09:00,2369.0,2369.0,2355.0,2361.0,15200,0.0,0.0
2024-06-05 13:00:00+09:00,2364.0,2371.0,2350.0,2352.0,3400,0.0,0.0
2024-06-05 14:00:00+09:00,2352.0,2362.0,2346.0,2357.0,6400,0.0,0.0
2024-06-06 09:00:00+09:00,2378.0,2400.0,2372.0,2386.0,13400,0.0,0.0
2024-06-06 10:00:00+09:00,2381.0,2392.0,2377.0,2391.0,7100,0.0,0.0
2024-06-06 11:00:00+09:00,2391.0,2391.0,2385.0,2387.0,0,0.0,0.0
2024-06-06 12:00:00+09:00,2383.0,2383.0,2373.0,2376.0,27500,0.0,0.0
2024-06-06 13:00:00+09:00,2370.0,2376.0,2355.0,2364.0,6300,0.0,0.0
2024-06-06 14:00:00+09:00,2361.0,2372.0,2360.0,2368.0,6900,0.0,0.0
2024-06-07 09:00:00+09:00,2341.0,2380.0,2341.0,2376.0,0,0.0,0.0
2024-06-07 10:00:00+09:00,2373.0,2375.0,2368.0,2368.0,7600,0.0,0.0
2024-06-07 11:00:00+09:00,2366.0,2366.0,2366.0,2366.0,0,0.0,0.0
2024-06-07 12:00:00+09:00,2372.0,2372.0,2366.0,2366.0,8400,0.0,0.0
2024-06-07 13:00:00+09:00,2367.0,2367.0,2356.0,2367.0,5300,0.0,0.0
2024-06-07 14:00:00+09:00,2364.0,2372.0,2362.0,2372.0,4400,0.0,0.0
2024-06-10 09:00:00+09:00,2375.0,2400.0,2374.0,2378.0,14100,0.0,0.0
2024-06-10 10:00:00+09:00,2376.0,2397.0,2376.0,2395.0,2900,0.0,0.0
2024-06-10 11:00:00+09:00,2394.0,2398.0,2394.0,2398.0,0,0.0,0.0
2024-06-10 12:00:00+09:00,2398.0,2429.0,2398.0,2418.0,27800,0.0,0.0
2024-06-10 13:00:00+09:00,2419.0,2440.0,2419.0,2440.0,8400,0.0,0.0
2024-06-10 14:00:00+09:00,2440.0,2445.0,2435.0,2445.0,7900,0.0,0.0
2024-06-11 09:00:00+09:00,2440.0,2505.0,2440.0,2504.0,24200,0.0,0.0
2024-06-11 10:00:00+09:00,2501.0,2513.0,2498.0,2504.0,9200,0.0,0.0
2024-06-11 11:00:00+09:00,2503.0,2504.0,2481.0,2482.0,0,0.0,0.0
2024-06-11 12:00:00+09:00,2487.0,2491.0,2472.0,2485.0,44700,0.0,0.0
2024-06-11 13:00:00+09:00,2488.0,2490.0,2474.0,2486.0,7200,0.0,0.0
2024-06-11 14:00:00+09:00,2482.0,2491.0,2475.0,2480.0,15800,0.0,0.0
2024-06-12 09:00:00+09:00,2500.0,2519.0,2500.0,2507.0,26700,0.0,0.0
2024-06-12 10:00:00+09:00,2509.0,2516.0,2481.0,2481.0,18000,0.0,0.0
2024-06-12 11:00:00+09:00,2480.0,2487.0,2476.0,2483.0,0,0.0,0.0
2024-06-12 12:00:00+09:00,2501.0,2501.0,2480.0,2497.0,52300,0.0,0.0
2024-06-12 13:00:00+09:00,2497.0,2500.0,2494.0,2498.0,4100,0.0,0.0
2024-06-12 14:00:00+09:00,2497.0,2504.0,2497.0,2502.0,9700,0.0,0.0
2024-06-13 09:00:00+09:00,2525.0,2535.0,2464.0,2475.0,21700,0.0,0.0
2024-06-13 10:00:00+09:00,2470.0,2470.0,2454.0,2461.0,5100,0.0,0.0
2024-06-13 11:00:00+09:00,2460.0,2460.0,2441.0,2442.0,0,0.0,0.0
2024-06-13 12:00:00+09:00,2440.0,2448.0,2420.0,2443.0,44600,0.0,0.0
2024-06-13 13:00:00+09:00,2443.0,2447.0,2431.0,2434.0,7400,0.0,0.0
2024-06-13 14:00:00+09:00,2432.0,2449.0,2428.0,2428.0,14100,0.0,0.0
2024-06-14 09:00:00+09:00,2419.0,2463.0,2419.0,2448.0,0,0.0,0.0
2024-06-14 10:00:00+09:00,2444.0,2453.0,2440.0,2449.0,12100,0.0,0.0
2024-06-14 11:00:00+09:00,2453.0,2456.0,2451.0,2452.0,0,0.0,0.0
2024-06-14 12:00:00+09:00,2468.0,2475.0,2457.0,2471.0,19000,0.0,0.0
2024-06-14 13:00:00+09:00,2473.0,2490.0,2468.0,2478.0,5500,0.0,0.0
2024-06-14 14:00:00+09:00,2478.0,2485.0,2474.0,2485.0,8100,0.0,0.0
2024-06-17 09:00:00+09:00,2490.0,2492.0,2448.0,2448.0,15400,0.0,0.0
2024-06-17 10:00:00+09:00,2447.0,2447.0,2420.0,2438.0,5500,0.0,0.0
2024-06-17 11:00:00+09:00,2439.0,2449.0,2431.0,2431.0,0,0.0,0.0
2024-06-17 12:00:00+09:00,2426.0,2434.0,2408.0,2430.0,29400,0.0,0.0
2024-06-17 13:00:00+09:00,2421.0,2434.0,2421.0,2431.0,3800,0.0,0.0
2024-06-17 14:00:00+09:00,2426.0,2437.0,2426.0,2431.0,5800,0.0,0.0
2024-06-18 09:00:00+09:00,2435.0,2468.0,2435.0,2452.0,5300,0.0,0.0
2024-06-18 10:00:00+09:00,2453.0,2467.0,2453.0,2467.0,4500,0.0,0.0
2024-06-18 11:00:00+09:00,2467.0,2471.0,2465.0,2465.0,0,0.0,0.0
2024-06-18 12:00:00+09:00,2469.0,2478.0,2469.0,2478.0,13500,0.0,0.0
2024-06-18 13:00:00+09:00,2477.0,2477.0,2457.0,2457.0,2000,0.0,0.0
2024-06-18 14:00:00+09:00,2459.0,2464.0,2452.0,2456.0,2800,0.0,0.0
2024-06-19 09:00:00+09:00,2478.0,2500.0,2473.0,2495.0,0,0.0,0.0
2024-06-19 10:00:00+09:00,2490.0,2498.0,2488.0,2491.0,19300,0.0,0.0
2024-06-19 11:00:00+09:00,2491.0,2492.0,2489.0,2489.0,0,0.0,0.0
2024-06-19 12:00:00+09:00,2489.0,2492.0,2482.0,2492.0,22700,0.0,0.0
2024-06-19 13:00:00+09:00,2486.0,2492.0,2484.0,2487.0,2800,0.0,0.0
2024-06-19 14:00:00+09:00,2484.0,2495.0,2482.0,2495.0,5400,0.0,0.0
2024-06-20 09:00:00+09:00,2504.0,2528.0,2500.0,2505.0,22600,0.0,0.0
2024-06-20 10:00:00+09:00,2505.0,2505.0,2491.0,2495.0,5400,0.0,0.0
2024-06-20 11:00:00+09:00,2495.0,2495.0,2490.0,2490.0,0,0.0,0.0
2024-06-20 12:00:00+09:00,2499.0,2499.0,2488.0,2498.0,32900,0.0,0.0
2024-06-20 13:00:00+09:00,2500.0,2520.0,2499.0,2518.0,6200,0.0,0.0
2024-06-20 14:00:00+09:00,2518.0,2518.0,2505.0,2513.0,8800,0.0,0.0
2024-06-21 09:00:00+09:00,2520.0,2528.0,2487.0,2499.0,15900,0.0,0.0
2024-06-21 10:00:00+09:00,2492.0,2505.0,2490.0,2503.0,5100,0.0,0.0
2024-06-21 11:00:00+09:00,2500.0,2510.0,2500.0,2505.0,0,0.0,0.0
2024-06-21 12:00:00+09:00,2518.0,2527.0,2490.0,2505.0,33600,0.0,0.0
2024-06-21 13:00:00+09:00,2505.0,2518.0,2505.0,2514.0,4500,0.0,0.0
2024-06-21 14:00:00+09:00,2511.0,2511.0,2495.0,2510.0,12600,0.0,0.0
2024-06-24 09:00:00+09:00,2521.0,2525.0,2507.0,2507.0,10200,0.0,0.0
2024-06-24 10:00:00+09:00,2510.0,2510.0,2486.0,2502.0,5700,0.0,0.0
2024-06-24 11:00:00+09:00,2498.0,2498.0,2491.0,2491.0,0,0.0,0.0
2024-06-24 12:00:00+09:00,2497.0,2499.0,2491.0,2499.0,20100,0.0,0.0
2024-06-24 13:00:00+09:00,2498.0,2515.0,2498.0,2515.0,3400,0.0,0.0
2024-06-24 14:00:00+09:00,2518.0,2518.0,2507.0,2510.0,5400,0.0,0.0
2024-06-25 09:00:00+09:00,2524.0,2529.0,2502.0,2503.0,0,0.0,0.0
2024-06-25 10:00:00+09:00,2513.0,2516.0,2506.0,2516.0,17200,0.0,0.0
2024-06-25 11:00:00+09:00,2515.0,2519.0,2512.0,2514.0,0,0.0,0.0
2024-06-25 12:00:00+09:00,2513.0,2519.0,2510.0,2510.0,22600,0.0,0.0
2024-06-25 13:00:00+09:00,2504.0,2508.0,2500.0,2503.0,4100,0.0,0.0
2024-06-25 14:00:00+09:00,2503.0,2514.0,2490.0,2495.0,22800,0.0,0.0
2024-06-26 09:00:00+09:00,2504.0,2505.0,2485.0,2498.0,12500,0.0,0.0
2024-06-26 10:00:00+09:00,2497.0,2505.0,2491.0,2505.0,6400,0.0,0.0
2024-06-26 11:00:00+09:00,2502.0,2502.0,2502.0,2502.0,0,0.0,0.0
2024-06-26 12:00:00+09:00,2502.0,2502.0,2475.0,2490.0,26100,0.0,0.0
2024-06-26 13:00:00+09:00,2487.0,2487.0,2480.0,2485.0,1100,0.0,0.0
2024-06-26 14:00:00+09:00,2484.0,2489.0,2471.0,2475.0,8800,0.0,0.0
2024-06-27 09:00:00+09:00,2493.0,2520.0,2487.0,2520.0,0,0.0,0.0
2024-06-27 10:00:00+09:00,2518.0,2525.0,2515.0,2523.0,23900,0.0,0.0
2024-06-27 11:00:00+09:00,2524.0,2534.0,2524.0,2534.0,0,0.0,0.0
2024-06-27 12:00:00+09:00,2532.0,2545.0,2532.0,2538.0,36200,0.0,0.0
2024-06-27 13:00:00+09:00,2540.0,2543.0,2528.0,2535.0,10500,0.0,0.0
2024-06-27 14:00:00+09:00,2531.0,2548.0,2525.0,2547.0,14600,0.0,0.0
2024-06-28 09:00:00+09:00,2552.0,2560.0,2537.0,2550.0,12500,0.0,0.0
2024-06-28 10:00:00+09:00,2551.0,2551.0,2533.0,2541.0,8800,0.0,0.0
2024-06-28 11:00:00+09:00,2541.0,2543.0,2535.0,2535.0,0,0.0,0.0
2024-06-28 12:00:00+09:00,2547.0,2547.0,2536.0,2542.0,24400,0.0,0.0
2024-06-28 13:00:00+09:00,2539.0,2563.0,2539.0,2548.0,9000,0.0,0.0
2024-06-28 14:00:00+09:00,2546.0,2546.0,2535.0,2535.0,4600,0.0,0.0
2024-07-01 09:00:00+09:00,2544.0,2555.0,2515.0,2517.0,9900,0.0,0.0
2024-07-01 10:00:00+09:00,2518.0,2526.0,2507.0,2512.0,6300,0.0,0.0
2024-07-01 11:00:00+09:00,2512.0,2516.0,2511.0,2511.0,0,0.0,0.0
2024-07-01 12:00:00+09:00,2510.0,2517.0,2504.0,2509.0,21000,0.0,0.0
2024-07-01 13:00:00+09:00,2509.0,2513.0,2503.0,2505.0,3900,0.0,0.0
2024-07-01 14:00:00+09:00,2503.0,2503.0,2480.0,2484.0,17600,0.0,0.0
2024-07-02 09:00:00+09:00,2500.0,2510.0,2475.0,2477.0,15700,0.0,0.0
2024-07-02 10:00:00+09:00,2479.0,2491.0,2479.0,2484.0,5900,0.0,0.0
2024-07-02 11:00:00+09:00,2482.0,2485.0,2476.0,2484.0,0,0.0,0.0
2024-07-02 12:00:00+09:00,2479.0,2481.0,2468.0,2477.0,29700,0.0,0.0
2024-07-02 13:00:00+09:00,2477.0,2484.0,2474.0,2482.0,6600,0.0,0.0
2024-07-02 14:00:00+09:00,2479.0,2499.0,2478.0,2489.0,7200,0.0,0.0
2024-07-03 09:00:00+09:00,2495.0,2537.0,2492.0,2533.0,19100,0.0,0.0
2024-07-03 10:00:00+09:00,2533.0,2559.0,2529.0,2554.0,12800,0.0,0.0
2024-07-03 11:00:00+09:00,2554.0,2581.0,2554.0,2578.0,0,0.0,0.0
2024-07-03 12:00:00+09:00,2586.0,2597.0,2582.0,2594.0,43300,0.0,0.0
2024-07-03 13:00:00+09:00,2593.0,2612.0,2590.0,2592.0,23700,0.0,0.0
2024-07-03 14:00:00+09:00,2592.0,2596.0,2581.0,2588.0,17800,0.0,0.0
2024-07-04 09:00:00+09:00,2619.0,2639.0,2612.0,2625.0,22500,0.0,0.0
2024-07-04 10:00:00+09:00,2621.0,2629.0,2620.0,2621.0,8100,0.0,0.0
2024-07-04 11:00:00+09:00,2621.0,2621.0,2606.0,2617.0,0,0.0,0.0
2024-07-04 12:00:00+09:00,2622.0,2622.0,2609.0,2617.0,39500,0.0,0.0
2024-07-04 13:00:00+09:00,2621.0,2626.0,2609.0,2626.0,5700,0.0,0.0
2024-07-04 14:00:00+09:00,2625.0,2630.0,2613.0,2630.0,16400,0.0,0.0
2024-07-05 09:00:00+09:00,2683.0,2694.0,2604.0,2619.0,29400,0.0,0.0
2024-07-05 10:00:00+09:00,2623.0,2627.0,2609.0,2612.0,5100,0.0,0.0
2024-07-05 11:00:00+09:00,2613.0,2613.0,2601.0,2610.0,0,0.0,0.0
2024-07-05 12:00:00+09:00,2612.0,2613.0,2600.0,2600.0,40700,0.0,0.0
2024-07-05 13:00:00+09:00,2604.0,2608.0,2594.0,2598.0,5800,0.0,0.0
2024-07-05 14:00:00+09:00,2598.0,2602.0,2591.0,2598.0,8800,0.0,0.0
2024-07-08 09:00:00+09:00,2590.0,2590.0,2543.0,2555.0,12500,0.0,0.0
2024-07-08 10:00:00+09:00,2555.0,2558.0,2547.0,2550.0,2400,0.0,0.0
2024-07-08 11:00:00+09:00,2545.0,2556.0,2522.0,2542.0,0,0.0,0.0
2024-07-08 12:00:00+09:00,2540.0,2554.0,2535.0,2539.0,31100,0.0,0.0
2024-07-08 13:00:00+09:00,2540.0,2542.0,2536.0,2538.0,2300,0.0,0.0
2024-07-08 14:00:00+09:00,2538.0,2538.0,2527.0,2529.0,11200,0.0,0.0
2024-07-09 09:00:00+09:00,2525.0,2539.0,2518.0,2518.0,6600,0.0,0.0
2024-07-09 10:00:00+09:00,2520.0,2527.0,2495.0,2507.0,25000,0.0,0.0
2024-07-09 11:00:00+09:00,2502.0,2508.0,2500.0,2508.0,0,0.0,0.0
2024-07-09 12:00:00+09:00,2508.0,2514.0,2504.0,2509.0,35200,0.0,0.0
2024-07-09 13:00:00+09:00,2515.0,2516.0,2504.0,2504.0,0,0.0,0.0
2024-07-09 14:00:00+09:00,2504.0,2508.0,2503.0,2504.0,41500,0.0,0.0
2024-07-10 09:00:00+09:00,2483.0,2497.0,2473.0,2484.0,17600,0.0,0.0
2024-07-10 10:00:00+09:00,2475.0,2482.0,2466.0,2466.0,3700,0.0,0.0
2024-07-10 11:00:00+09:00,2467.0,2472.0,2466.0,2472.0,0,0.0,0.0
2024-07-10 12:00:00+09:00,2475.0,2475.0,2455.0,2455.0,28700,0.0,0.0
2024-07-10 13:00:00+09:00,2458.0,2460.0,2453.0,2460.0,3800,0.0,0.0
2024-07-10 14:00:00+09:00,2462.0,2462.0,2455.0,2461.0,5700,0.0,0.0
2024-07-11 09:00:00+09:00,2476.0,2476.0,2439.0,2442.0,6700,0.0,0.0
2024-07-11 10:00:00+09:00,2444.0,2457.0,2442.0,2457.0,3900,0.0,0.0
2024-07-11 11:00:00+09:00,2453.0,2455.0,2448.0,2448.0,0,0.0,0.0
2024-07-11 12:00:00+09:00,2448.0,2475.0,2448.0,2475.0,17300,0.0,0.0
2024-07-11 13:00:00+09:00,2470.0,2470.0,2465.0,2469.0,4700,0.0,0.0
2024-07-11 14:00:00+09:00,2469.0,2474.0,2463.0,2467.0,7500,0.0,0.0
2024-07-12 09:00:00+09:00,2450.0,2479.0,2448.0,2451.0,0,0.0,0.0
2024-07-12 10:00:00+09:00,2456.0,2462.0,2450.0,2450.0,15600,0.0,0.0
2024-07-12 11:00:00+09:00,2453.0,2455.0,2448.0,2454.0,0,0.0,0.0
2024-07-12 12:00:00+09:00,2454.0,2456.0,2445.0,2445.0,21700,0.0,0.0
2024-07-12 13:00:00+09:00,2447.0,2451.0,2446.0,2447.0,3100,0.0,0.0
2024-07-12 14:00:00+09:00,2449.0,2454.0,2444.0,2448.0,7500,0.0,0.0
2024-07-16 09:00:00+09:00,2459.0,2480.0,2459.0,2475.0,4900,0.0,0.0
2024-07-16 10:00:00+09:00,2475.0,2479.0,2462.0,2462.0,1400,0.0,0.0
2024-07-16 11:00:00+09:00,2470.0,2471.0,2470.0,2471.0,0,0.0,0.0
2024-07-16 12:00:00+09:00,2474.0,2474.0,2468.0,2470.0,8800,0.0,0.0
2024-07-16 13:00:00+09:00,2470.0,2474.0,2464.0,2464.0,3400,0.0,0.0
2024-07-16 14:00:00+09:00,2462.0,2475.0,2461.0,2475.0,0,0.0,0.0
2024-07-17 09:00:00+09:00,2476.0,2503.0,2476.0,2503.0,13900,0.0,0.0
2024-07-17 10:00:00+09:00,2500.0,2502.0,2495.0,2500.0,3300,0.0,0.0
2024-07-17 11:00:00+09:00,2501.0,2505.0,2499.0,2501.0,0,0.0,0.0
2024-07-17 12:00:00+09:00,2490.0,2491.0,2475.0,2488.0,28400,0.0,0.0
2024-07-17 13:00:00+09:00,2488.0,2494.0,2485.0,2485.0,5600,0.0,0.0
2024-07-17 14:00:00+09:00,2487.0,2492.0,2479.0,2485.0,10100,0.0,0.0
2024-07-18 09:00:00+09:00,2471.0,2471.0,2442.0,2450.0,12600,0.0,0.0
2024-07-18 10:00:00+09:00,2450.0,2452.0,2445.0,2445.0,3300,0.0,0.0
2024-07-18 11:00:00+09:00,2445.0,2445.0,2428.0,2440.0,0,0.0,0.0
2024-07-18 12:00:00+09:00,2434.0,2434.0,2422.0,2425.0,30500,0.0,0.0
2024-07-18 13:00:00+09:00,2429.0,2430.0,2416.0,2416.0,7300,0.0,0.0
2024-07-18 14:00:00+09:00,2417.0,2426.0,2411.0,2421.0,10200,0.0,0.0
2024-07-19 09:00:00+09:00,2421.0,2421.0,2388.0,2406.0,19100,0.0,0.0
2024-07-19 10:00:00+09:00,2406.0,2412.0,2392.0,2392.0,6300,0.0,0.0
2024-07-19 11:00:00+09:00,2394.0,2401.0,2394.0,2396.0,0,0.0,0.0
2024-07-19 12:00:00+09:00,2398.0,2398.0,2390.0,2398.0,31800,0.0,0.0
2024-07-19 13:00:00+09:00,2402.0,2412.0,2397.0,2411.0,3600,0.0,0.0
2024-07-19 14:00:00+09:00,2411.0,2415.0,2406.0,2406.0,7700,0.0,0.0
2024-07-22 09:00:00+09:00,2415.0,2415.0,2362.0,2370.0,11100,0.0,0.0
2024-07-22 10:00:00+09:00,2367.0,2376.0,2363.0,2367.0,8000,0.0,0.0
2024-07-22 11:00:00+09:00,2370.0,2370.0,2366.0,2366.0,0,0.0,0.0
2024-07-22 12:00:00+09:00,2380.0,2380.0,2366.0,2370.0,23400,0.0,0.0
2024-07-22 13:00:00+09:00,2371.0,2372.0,2360.0,2370.0,7900,0.0,0.0
2024-07-22 14:00:00+09:00,2370.0,2381.0,2368.0,2377.0,10300,0.0,0.0
2024-07-23 09:00:00+09:00,2397.0,2406.0,2379.0,2381.0,11900,0.0,0.0
2024-07-23 10:00:00+09:00,2385.0,2399.0,2376.0,2376.0,5700,0.0,0.0
2024-07-23 11:00:00+09:00,2374.0,2378.0,2373.0,2377.0,0,0.0,0.0
2024-07-23 12:00:00+09:00,2384.0,2384.0,2370.0,2372.0,23900,0.0,0.0
2024-07-23 13:00:00+09:00,2374.0,2383.0,2369.0,2383.0,7000,0.0,0.0
2024-07-23 14:00:00+09:00,2384.0,2387.0,2381.0,2386.0,6700,0.0,0.0
2024-07-24 09:00:00+09:00,2386.0,2386.0,2373.0,2381.0,4000,0.0,0.0
2024-07-24 10:00:00+09:00,2380.0,2380.0,2365.0,2370.0,9600,0.0,0.0
2024-07-24 11:00:00+09:00,2368.0,2369.0,2365.0,2369.0,0,0.0,0.0
2024-07-24 12:00:00+09:00,2382.0,2382.0,2365.0,2365.0,17400,0.0,0.0
2024-07-24 13:00:00+09:00,2366.0,2366.0,2348.0,2357.0,10400,0.0,0.0
2024-07-24 14:00:00+09:00,2353.0,2355.0,2345.0,2350.0,4900,0.0,0.0
2024-07-25 09:00:00+09:00,2332.0,2333.0,2292.0,2308.0,27500,0.0,0.0
2024-07-25 10:00:00+09:00,2308.0,2313.0,2300.0,2308.0,4700,0.0,0.0
2024-07-25 11:00:00+09:00,2307.0,2317.0,2302.0,2317.0,0,0.0,0.0
2024-07-25 12:00:00+09:00,2312.0,2317.0,2305.0,2305.0,36700,0.0,0.0
2024-07-25 13:00:00+09:00,2310.0,2323.0,2309.0,2313.0,4300,0.0,0.0
2024-07-25 14:00:00+09:00,2311.0,2316.0,2302.0,2302.0,8700,0.0,0.0
2024-07-26 09:00:00+09:00,2299.0,2309.0,2294.0,2309.0,15500,0.0,0.0
2024-07-26 10:00:00+09:00,2309.0,2316.0,2307.0,2307.0,2300,0.0,0.0
2024-07-26 11:00:00+09:00,2310.0,2322.0,2310.0,2322.0,0,0.0,0.0
2024-07-26 12:00:00+09:00,2322.0,2323.0,2316.0,2322.0,25000,0.0,0.0
2024-07-26 13:00:00+09:00,2323.0,2323.0,2310.0,2312.0,3300,0.0,0.0
2024-07-26 14:00:00+09:00,2310.0,2311.0,2295.0,2295.0,11900,0.0,0.0
