Datetime,Open,High,Low,Close,Volume,Dividends,Stock Splits
2022-07-28 09:00:00+09:00,1928.0,1933.0,1901.0,1910.0,19000,0.0,0.0
2022-07-28 10:00:00+09:00,1909.0,1909.0,1889.0,1900.0,10800,0.0,0.0
2022-07-28 11:00:00+09:00,1899.0,1904.0,1894.0,1901.0,0,0.0,0.0
2022-07-28 12:00:00+09:00,1901.0,1908.0,1900.0,1902.0,40500,0.0,0.0
2022-07-28 13:00:00+09:00,1902.0,1910.0,1899.0,1908.0,9100,0.0,0.0
2022-07-28 14:00:00+09:00,1910.0,1925.0,1909.0,1918.0,24500,0.0,0.0
2022-07-29 09:00:00+09:00,1926.0,1926.0,1896.0,1902.0,13200,0.0,0.0
2022-07-29 10:00:00+09:00,1904.0,1904.0,1895.0,1903.0,4000,0.0,0.0
2022-07-29 11:00:00+09:00,1899.0,1899.0,1892.0,1895.0,0,0.0,0.0
2022-07-29 12:00:00+09:00,1889.0,1893.0,1878.0,1879.0,28200,0.0,0.0
2022-07-29 13:00:00+09:00,1878.0,1887.0,1875.0,1885.0,13100,0.0,0.0
2022-07-29 14:00:00+09:00,1888.0,1890.0,1879.0,1882.0,19900,0.0,0.0
2022-08-01 09:00:00+09:00,1900.0,1905.0,1883.0,1900.0,16200,0.0,0.0
2022-08-01 10:00:00+09:00,1898.0,1914.0,1894.0,1914.0,10600,0.0,0.0
2022-08-01 11:00:00+09:00,1915.0,1915.0,1909.0,1910.0,0,0.0,0.0
2022-08-01 12:00:00+09:00,1909.0,1924.0,1909.0,1917.0,39100,0.0,0.0
2022-08-01 13:00:00+09:00,1918.0,1923.0,1914.0,1919.0,6900,0.0,0.0
2022-08-01 14:00:00+09:00,1921.0,1922.0,1913.0,1919.0,17700,0.0,0.0
2022-08-02 09:00:00+09:00,1914.0,1914.0,1875.0,1875.0,6000,0.0,0.0
2022-08-02 10:00:00+09:00,1875.0,1881.0,1866.0,1867.0,7500,0.0,0.0
2022-08-02 11:00:00+09:00,1871.0,1871.0,1862.0,1864.0,0,0.0,0.0
2022-08-02 12:00:00+09:00,1860.0,1864.0,1857.0,1857.0,19800,0.0,0.0
2022-08-02 13:00:00+09:00,1855.0,1873.0,1855.0,1866.0,9700,0.0,0.0
2022-08-02 14:00:00+09:00,1868.0,1872.0,1864.0,1866.0,6300,0.0,0.0
2022-08-03 09:00:00+09:00,1877.0,1882.0,1841.0,1851.0,17600,0.0,0.0
2022-08-03 10:00:00+09:00,1846.0,1854.0,1842.0,1854.0,6300,0.0,0.0
2022-08-03 11:00:00+09:00,1854.0,1857.0,1850.0,1850.0,0,0.0,0.0
2022-08-03 12:00:00+09:00,1845.0,1850.0,1843.0,1848.0,32500,0.0,0.0
2022-08-03 13:00:00+09:00,1847.0,1852.0,1845.0,1852.0,8100,0.0,0.0
2022-08-03 14:00:00+09:00,1852.0,1857.0,1850.0,1856.0,10500,0.0,0.0
2022-08-04 09:00:00+09:00,1884.0,1896.0,1874.0,1890.0,10000,0.0,0.0
2022-08-04 10:00:00+09:00,1892.0,1900.0,1890.0,1898.0,8700,0.0,0.0
2022-08-04 11:00:00+09:00,1898.0,1902.0,1894.0,1894.0,0,0.0,0.0
2022-08-04 12:00:00+09:00,1888.0,1894.0,1885.0,1892.0,27700,0.0,0.0
2022-08-04 13:00:00+09:00,1892.0,1906.0,1891.0,1900.0,10700,0.0,0.0
2022-08-04 14:00:00+09:00,1901.0,1904.0,1889.0,1889.0,13800,0.0,0.0
2022-08-05 09:00:00+09:00,1860.0,1905.0,1860.0,1900.0,15000,0.0,0.0
2022-08-05 10:00:00+09:00,1901.0,1915.0,1899.0,1914.0,11300,0.0,0.0
2022-08-05 11:00:00+09:00,1913.0,1914.0,1906.0,1912.0,0,0.0,0.0
2022-08-05 12:00:00+09:00,1910.0,1922.0,1906.0,1922.0,45200,0.0,0.0
2022-08-05 13:00:00+09:00,1922.0,1927.0,1915.0,1920.0,15800,0.0,0.0
2022-08-05 14:00:00+09:00,1919.0,1920.0,1904.0,1908.0,25800,0.0,0.0
2022-08-08 12:00:00+09:00,2310.0,2310.0,2304.0,2310.0,326600,0.0,0.0
2022-08-08 13:00:00+09:00,2310.0,2310.0,2309.0,2310.0,36300,0.0,0.0
2022-08-09 09:00:00+09:00,2273.0,2350.0,2241.0,2299.0,198400,0.0,0.0
2022-08-09 10:00:00+09:00,2296.0,2296.0,2256.0,2256.0,72500,0.0,0.0
2022-08-09 11:00:00+09:00,2258.0,2295.0,2258.0,2295.0,0,0.0,0.0
2022-08-09 12:00:00+09:00,2295.0,2309.0,2280.0,2288.0,389400,0.0,0.0
2022-08-09 13:00:00+09:00,2290.0,2298.0,2286.0,2291.0,50800,0.0,0.0
2022-08-09 14:00:00+09:00,2291.0,2319.0,2290.0,2312.0,85000,0.0,0.0
2022-08-10 09:00:00+09:00,2298.0,2375.0,2281.0,2372.0,89000,0.0,0.0
2022-08-10 10:00:00+09:00,2371.0,2439.0,2370.0,2429.0,68600,0.0,0.0
2022-08-10 11:00:00+09:00,2428.0,2428.0,2369.0,2400.0,0,0.0,0.0
2022-08-10 12:00:00+09:00,2428.0,2431.0,2404.0,2404.0,231900,0.0,0.0
2022-08-10 13:00:00+09:00,2403.0,2426.0,2394.0,2404.0,31500,0.0,0.0
2022-08-10 14:00:00+09:00,2401.0,2421.0,2396.0,2421.0,55900,0.0,0.0
2022-08-12 09:00:00+09:00,2424.0,2438.0,2387.0,2410.0,91700,0.0,0.0
2022-08-12 10:00:00+09:00,2411.0,2423.0,2395.0,2406.0,22000,0.0,0.0
2022-08-12 11:00:00+09:00,2407.0,2411.0,2398.0,2403.0,0,0.0,0.0
2022-08-12 12:00:00+09:00,2403.0,2423.0,2403.0,2419.0,138300,0.0,0.0
2022-08-12 13:00:00+09:00,2418.0,2425.0,2398.0,2400.0,24000,0.0,0.0
2022-08-12 14:00:00+09:00,2399.0,2411.0,2391.0,2397.0,44600,0.0,0.0
2022-08-15 09:00:00+09:00,2387.0,2420.0,2363.0,2410.0,35000,0.0,0.0
2022-08-15 10:00:00+09:00,2404.0,2409.0,2393.0,2400.0,14700,0.0,0.0
2022-08-15 11:00:00+09:00,2401.0,2403.0,2380.0,2388.0,0,0.0,0.0
2022-08-15 12:00:00+09:00,2399.0,2400.0,2377.0,2377.0,78200,0.0,0.0
2022-08-15 13:00:00+09:00,2378.0,2380.0,2354.0,2363.0,25900,0.0,0.0
2022-08-15 14:00:00+09:00,2365.0,2373.0,2334.0,2344.0,56100,0.0,0.0
2022-08-16 09:00:00+09:00,2323.0,2357.0,2323.0,2349.0,29900,0.0,0.0
2022-08-16 10:00:00+09:00,2357.0,2364.0,2330.0,2334.0,26800,0.0,0.0
2022-08-16 11:00:00+09:00,2333.0,2338.0,2331.0,2338.0,0,0.0,0.0
2022-08-16 12:00:00+09:00,2338.0,2338.0,2328.0,2333.0,91800,0.0,0.0
2022-08-16 13:00:00+09:00,2335.0,2342.0,2329.0,2341.0,22600,0.0,0.0
2022-08-16 14:00:00+09:00,2340.0,2342.0,2324.0,2337.0,39700,0.0,0.0
2022-08-17 09:00:00+09:00,2357.0,2368.0,2338.0,2353.0,25200,0.0,0.0
2022-08-17 10:00:00+09:00,2354.0,2359.0,2347.0,2353.0,11400,0.0,0.0
2022-08-17 11:00:00+09:00,2357.0,2361.0,2350.0,2361.0,0,0.0,0.0
2022-08-17 12:00:00+09:00,2360.0,2361.0,2356.0,2356.0,53500,0.0,0.0
2022-08-17 13:00:00+09:00,2358.0,2358.0,2344.0,2351.0,18900,0.0,0.0
2022-08-17 14:00:00+09:00,2352.0,2357.0,2350.0,2350.0,16100,0.0,0.0
2022-08-18 09:00:00+09:00,2316.0,2337.0,2311.0,2329.0,18600,0.0,0.0
2022-08-18 10:00:00+09:00,2328.0,2347.0,2328.0,2334.0,10600,0.0,0.0
2022-08-18 11:00:00+09:00,2334.0,2341.0,2331.0,2332.0,0,0.0,0.0
2022-08-18 12:00:00+09:00,2339.0,2339.0,2328.0,2329.0,50000,0.0,0.0
2022-08-18 13:00:00+09:00,2329.0,2338.0,2326.0,2337.0,9200,0.0,0.0
2022-08-18 14:00:00+09:00,2336.0,2349.0,2332.0,2349.0,23800,0.0,0.0
2022-08-19 09:00:00+09:00,2355.0,2361.0,2341.0,2343.0,28100,0.0,0.0
2022-08-19 10:00:00+09:00,2347.0,2348.0,2299.0,2300.0,31300,0.0,0.0
2022-08-19 11:00:00+09:00,2300.0,2304.0,2293.0,2300.0,0,0.0,0.0
2022-08-19 12:00:00+09:00,2299.0,2300.0,2289.0,2291.0,89800,0.0,0.0
2022-08-19 13:00:00+09:00,2292.0,2321.0,2289.0,2317.0,17200,0.0,0.0
2022-08-19 14:00:00+09:00,2317.0,2320.0,2311.0,2312.0,16100,0.0,0.0
2022-08-22 09:00:00+09:00,2268.0,2268.0,2245.0,2259.0,38500,0.0,0.0
2022-08-22 10:00:00+09:00,2260.0,2276.0,2257.0,2263.0,10200,0.0,0.0
2022-08-22 11:00:00+09:00,2263.0,2272.0,2262.0,2263.0,0,0.0,0.0
2022-08-22 12:00:00+09:00,2267.0,2271.0,2262.0,2265.0,60100,0.0,0.0
2022-08-22 13:00:00+09:00,2265.0,2271.0,2260.0,2264.0,10000,0.0,0.0
2022-08-22 14:00:00+09:00,2264.0,2267.0,2255.0,2262.0,27300,0.0,0.0
2022-08-23 09:00:00+09:00,2306.0,2334.0,2294.0,2302.0,36100,0.0,0.0
2022-08-23 10:00:00+09:00,2302.0,2317.0,2302.0,2304.0,8700,0.0,0.0
2022-08-23 11:00:00+09:00,2304.0,2308.0,2298.0,2300.0,0,0.0,0.0
2022-08-23 12:00:00+09:00,2300.0,2324.0,2295.0,2324.0,67400,0.0,0.0
2022-08-23 13:00:00+09:00,2324.0,2325.0,2302.0,2311.0,16800,0.0,0.0
2022-08-23 14:00:00+09:00,2310.0,2320.0,2305.0,2319.0,18600,0.0,0.0
2022-08-24 09:00:00+09:00,2301.0,2327.0,2293.0,2306.0,38900,0.0,0.0
2022-08-24 10:00:00+09:00,2305.0,2307.0,2252.0,2254.0,26400,0.0,0.0
2022-08-24 11:00:00+09:00,2254.0,2254.0,2241.0,2244.0,0,0.0,0.0
2022-08-24 12:00:00+09:00,2244.0,2264.0,2235.0,2258.0,88100,0.0,0.0
2022-08-24 13:00:00+09:00,2256.0,2256.0,2240.0,2248.0,24400,0.0,0.0
2022-08-24 14:00:00+09:00,2248.0,2251.0,2233.0,2243.0,46600,0.0,0.0
2022-08-25 09:00:00+09:00,2255.0,2269.0,2235.0,2265.0,21800,0.0,0.0
2022-08-25 10:00:00+09:00,2271.0,2274.0,2265.0,2272.0,3700,0.0,0.0
2022-08-25 11:00:00+09:00,2274.0,2274.0,2268.0,2272.0,0,0.0,0.0
2022-08-25 12:00:00+09:00,2272.0,2275.0,2267.0,2275.0,36500,0.0,0.0
2022-08-25 13:00:00+09:00,2274.0,2274.0,2264.0,2272.0,14700,0.0,0.0
2022-08-25 14:00:00+09:00,2272.0,2277.0,2269.0,2273.0,21800,0.0,0.0
2022-08-26 09:00:00+09:00,2290.0,2305.0,2282.0,2294.0,12000,0.0,0.0
2022-08-26 10:00:00+09:00,2291.0,2301.0,2291.0,2296.0,8000,0.0,0.0
2022-08-26 11:00:00+09:00,2294.0,2297.0,2293.0,2297.0,0,0.0,0.0
2022-08-26 12:00:00+09:00,2300.0,2301.0,2289.0,2295.0,33300,0.0,0.0
2022-08-26 13:00:00+09:00,2295.0,2300.0,2292.0,2292.0,6800,0.0,0.0
2022-08-26 14:00:00+09:00,2291.0,2293.0,2282.0,2288.0,13200,0.0,0.0
2022-08-29 09:00:00+09:00,2200.0,2219.0,2186.0,2194.0,37800,0.0,0.0
2022-08-29 10:00:00+09:00,2194.0,2210.0,2193.0,2210.0,11900,0.0,0.0
2022-08-29 11:00:00+09:00,2208.0,2214.0,2205.0,2209.0,0,0.0,0.0
2022-08-29 12:00:00+09:00,2210.0,2215.0,2205.0,2213.0,61400,0.0,0.0
2022-08-29 13:00:00+09:00,2213.0,2218.0,2207.0,2209.0,9100,0.0,0.0
2022-08-29 14:00:00+09:00,2210.0,2216.0,2205.0,2209.0,14900,0.0,0.0
2022-08-30 09:00:00+09:00,2205.0,2230.0,2197.0,2207.0,20200,0.0,0.0
2022-08-30 10:00:00+09:00,2207.0,2225.0,2205.0,2225.0,14700,0.0,0.0
2022-08-30 11:00:00+09:00,2225.0,2225.0,2212.0,2221.0,0,0.0,0.0
2022-08-30 12:00:00+09:00,2228.0,2234.0,2222.0,2234.0,48600,0.0,0.0
2022-08-30 13:00:00+09:00,2231.0,2232.0,2225.0,2229.0,10300,0.0,0.0
2022-08-30 14:00:00+09:00,2228.0,2231.0,2215.0,2229.0,19000,0.0,0.0
2022-08-31 09:00:00+09:00,2205.0,2218.0,2196.0,2215.0,17200,0.0,0.0
2022-08-31 10:00:00+09:00,2216.0,2246.0,2215.0,2241.0,15700,0.0,0.0
2022-08-31 11:00:00+09:00,2242.0,2255.0,2241.0,2250.0,0,0.0,0.0
2022-08-31 12:00:00+09:00,2258.0,2269.0,2254.0,2262.0,53400,0.0,0.0
2022-08-31 13:00:00+09:00,2259.0,2261.0,2246.0,2250.0,11600,0.0,0.0
2022-08-31 14:00:00+09:00,2249.0,2278.0,2244.0,2278.0,39200,0.0,0.0
2022-09-01 09:00:00+09:00,2235.0,2262.0,2230.0,2249.0,17800,0.0,0.0
2022-09-01 10:00:00+09:00,2252.0,2259.0,2244.0,2259.0,12100,0.0,0.0
2022-09-01 11:00:00+09:00,2260.0,2270.0,2260.0,2270.0,0,0.0,0.0
2022-09-01 12:00:00+09:00,2270.0,2270.0,2257.0,2258.0,53200,0.0,0.0
2022-09-01 13:00:00+09:00,2259.0,2273.0,2255.0,2257.0,16300,0.0,0.0
2022-09-01 14:00:00+09:00,2257.0,2259.0,2245.0,2246.0,28400,0.0,0.0
2022-09-02 09:00:00+09:00,2250.0,2265.0,2223.0,2243.0,34800,0.0,0.0
2022-09-02 10:00:00+09:00,2246.0,2254.0,2245.0,2251.0,13600,0.0,0.0
2022-09-02 11:00:00+09:00,2246.0,2259.0,2235.0,2241.0,0,0.0,0.0
2022-09-02 12:00:00+09:00,2242.0,2254.0,2236.0,2251.0,78000,0.0,0.0
2022-09-02 13:00:00+09:00,2252.0,2255.0,2248.0,2254.0,0,0.0,0.0
2022-09-02 14:00:00+09:00,2254.0,2254.0,2242.0,2245.0,115800,0.0,0.0
2022-09-05 09:00:00+09:00,2200.0,2239.0,2183.0,2217.0,21500,0.0,0.0
2022-09-05 10:00:00+09:00,2217.0,2226.0,2214.0,2225.0,9300,0.0,0.0
2022-09-05 11:00:00+09:00,2223.0,2227.0,2222.0,2227.0,0,0.0,0.0
2022-09-05 12:00:00+09:00,2220.0,2238.0,2220.0,2230.0,42700,0.0,0.0
2022-09-05 13:00:00+09:00,2229.0,2232.0,2223.0,2228.0,8100,0.0,0.0
2022-09-05 14:00:00+09:00,2229.0,2235.0,2221.0,2227.0,14800,0.0,0.0
2022-09-06 09:00:00+09:00,2222.0,2251.0,2202.0,2244.0,18100,0.0,0.0
2022-09-06 10:00:00+09:00,2244.0,2247.0,2227.0,2233.0,7600,0.0,0.0
2022-09-06 11:00:00+09:00,2233.0,2236.0,2225.0,2233.0,0,0.0,0.0
2022-09-06 12:00:00+09:00,2230.0,2234.0,2213.0,2217.0,37700,0.0,0.0
2022-09-06 13:00:00+09:00,2217.0,2231.0,2216.0,2226.0,10000,0.0,0.0
2022-09-06 14:00:00+09:00,2227.0,2236.0,2220.0,2225.0,28800,0.0,0.0
2022-09-07 09:00:00+09:00,2227.0,2227.0,2185.0,2204.0,12700,0.0,0.0
2022-09-07 10:00:00+09:00,2204.0,2205.0,2188.0,2196.0,16400,0.0,0.0
2022-09-07 11:00:00+09:00,2197.0,2209.0,2197.0,2209.0,0,0.0,0.0
2022-09-07 12:00:00+09:00,2213.0,2215.0,2202.0,2213.0,39000,0.0,0.0
2022-09-07 13:00:00+09:00,2214.0,2220.0,2208.0,2218.0,6500,0.0,0.0
2022-09-07 14:00:00+09:00,2218.0,2223.0,2213.0,2217.0,18100,0.0,0.0
2022-09-08 09:00:00+09:00,2270.0,2271.0,2251.0,2265.0,38700,0.0,0.0
2022-09-08 10:00:00+09:00,2265.0,2278.0,2265.0,2273.0,14100,0.0,0.0
2022-09-08 11:00:00+09:00,2272.0,2302.0,2268.0,2297.0,0,0.0,0.0
2022-09-08 12:00:00+09:00,2297.0,2302.0,2289.0,2302.0,119100,0.0,0.0
2022-09-08 13:00:00+09:00,2302.0,2302.0,2289.0,2296.0,13500,0.0,0.0
2022-09-08 14:00:00+09:00,2298.0,2301.0,2294.0,2300.0,16100,0.0,0.0
2022-09-09 09:00:00+09:00,2349.0,2378.0,2340.0,2362.0,72600,0.0,0.0
2022-09-09 10:00:00+09:00,2358.0,2359.0,2341.0,2346.0,15600,0.0,0.0
2022-09-09 11:00:00+09:00,2346.0,2352.0,2343.0,2350.0,0,0.0,0.0
2022-09-09 12:00:00+09:00,2350.0,2350.0,2338.0,2339.0,119800,0.0,0.0
2022-09-09 13:00:00+09:00,2340.0,2345.0,2335.0,2338.0,14300,0.0,0.0
2022-09-09 14:00:00+09:00,2338.0,2341.0,2327.0,2327.0,31500,0.0,0.0
2022-09-12 09:00:00+09:00,2376.0,2406.0,2341.0,2346.0,41200,0.0,0.0
2022-09-12 10:00:00+09:00,2346.0,2384.0,2341.0,2381.0,22400,0.0,0.0
2022-09-12 11:00:00+09:00,2383.0,2385.0,2371.0,2377.0,0,0.0,0.0
2022-09-12 12:00:00+09:00,2366.0,2370.0,2363.0,2363.0,83400,0.0,0.0
2022-09-12 13:00:00+09:00,2364.0,2387.0,2362.0,2362.0,33600,0.0,0.0
2022-09-12 14:00:00+09:00,2361.0,2372.0,2354.0,2361.0,31200,0.0,0.0
2022-09-13 09:00:00+09:00,2378.0,2409.0,2371.0,2393.0,62000,0.0,0.0
2022-09-13 10:00:00+09:00,2394.0,2403.0,2386.0,2394.0,24000,0.0,0.0
2022-09-13 11:00:00+09:00,2392.0,2400.0,2390.0,2400.0,0,0.0,0.0
2022-09-13 12:00:00+09:00,2390.0,2399.0,2387.0,2398.0,105900,0.0,0.0
2022-09-13 13:00:00+09:00,2397.0,2410.0,2397.0,2400.0,29800,0.0,0.0
2022-09-13 14:00:00+09:00,2399.0,2409.0,2397.0,2397.0,30800,0.0,0.0
2022-09-14 09:00:00+09:00,2301.0,2379.0,2301.0,2379.0,27800,0.0,0.0
2022-09-14 10:00:00+09:00,2376.0,2390.0,2373.0,2382.0,14000,0.0,0.0
2022-09-14 11:00:00+09:00,2381.0,2394.0,2377.0,2389.0,0,0.0,0.0
2022-09-14 12:00:00+09:00,2380.0,2391.0,2371.0,2371.0,58800,0.0,0.0
2022-09-14 13:00:00+09:00,2371.0,2379.0,2361.0,2362.0,10400,0.0,0.0
2022-09-14 14:00:00+09:00,2361.0,2369.0,2355.0,2361.0,21100,0.0,0.0
2022-09-15 09:00:00+09:00,2368.0,2383.0,2352.0,2383.0,19800,0.0,0.0
2022-09-15 10:00:00+09:00,2380.0,2381.0,2363.0,2364.0,8100,0.0,0.0
2022-09-15 11:00:00+09:00,2362.0,2366.0,2356.0,2366.0,0,0.0,0.0
2022-09-15 12:00:00+09:00,2365.0,2365.0,2349.0,2352.0,40000,0.0,0.0
2022-09-15 13:00:00+09:00,2354.0,2360.0,2348.0,2355.0,8600,0.0,0.0
2022-09-15 14:00:00+09:00,2355.0,2360.0,2354.0,2355.0,12000,0.0,0.0
2022-09-16 09:00:00+09:00,2363.0,2380.0,2348.0,2351.0,0,0.0,0.0
2022-09-16 10:00:00+09:00,2349.0,2356.0,2341.0,2341.0,46900,0.0,0.0
2022-09-16 11:00:00+09:00,2341.0,2351.0,2341.0,2351.0,0,0.0,0.0
2022-09-16 12:00:00+09:00,2358.0,2363.0,2352.0,2363.0,65800,0.0,0.0
2022-09-16 13:00:00+09:00,2365.0,2366.0,2356.0,2363.0,20500,0.0,0.0
2022-09-16 14:00:00+09:00,2363.0,2370.0,2361.0,2370.0,37400,0.0,0.0
2022-09-20 09:00:00+09:00,2370.0,2389.0,2366.0,2372.0,30300,0.0,0.0
2022-09-20 10:00:00+09:00,2371.0,2378.0,2357.0,2371.0,17200,0.0,0.0
2022-09-20 11:00:00+09:00,2375.0,2380.0,2373.0,2375.0,0,0.0,0.0
2022-09-20 12:00:00+09:00,2372.0,2372.0,2365.0,2371.0,66800,0.0,0.0
2022-09-20 13:00:00+09:00,2371.0,2372.0,2359.0,2366.0,10600,0.0,0.0
2022-09-20 14:00:00+09:00,2365.0,2368.0,2352.0,2352.0,26800,0.0,0.0
2022-09-21 09:00:00+09:00,2319.0,2319.0,2283.0,2284.0,33500,0.0,0.0
2022-09-21 10:00:00+09:00,2283.0,2284.0,2262.0,2262.0,16000,0.0,0.0
2022-09-21 11:00:00+09:00,2261.0,2265.0,2258.0,2259.0,0,0.0,0.0
2022-09-21 12:00:00+09:00,2267.0,2267.0,2262.0,2266.0,66800,0.0,0.0
2022-09-21 13:00:00+09:00,2265.0,2271.0,2261.0,2271.0,15700,0.0,0.0
2022-09-21 14:00:00+09:00,2273.0,2280.0,2266.0,2270.0,25600,0.0,0.0
2022-09-22 09:00:00+09:00,2239.0,2244.0,2227.0,2240.0,19300,0.0,0.0
2022-09-22 10:00:00+09:00,2242.0,2251.0,2237.0,2247.0,11000,0.0,0.0
2022-09-22 11:00:00+09:00,2248.0,2265.0,2248.0,2265.0,0,0.0,0.0
2022-09-22 12:00:00+09:00,2275.0,2295.0,2273.0,2290.0,47400,0.0,0.0
2022-09-22 13:00:00+09:00,2289.0,2299.0,2286.0,2288.0,8500,0.0,0.0
2022-09-22 14:00:00+09:00,2290.0,2292.0,2272.0,2281.0,17800,0.0,0.0
2022-09-26 09:00:00+09:00,2232.0,2244.0,2223.0,2228.0,16200,0.0,0.0
2022-09-26 10:00:00+09:00,2227.0,2237.0,2222.0,2235.0,7200,0.0,0.0
2022-09-26 11:00:00+09:00,2237.0,2246.0,2236.0,2244.0,0,0.0,0.0
2022-09-26 12:00:00+09:00,2228.0,2231.0,2213.0,2219.0,38000,0.0,0.0
2022-09-26 13:00:00+09:00,2217.0,2219.0,2201.0,2201.0,9600,0.0,0.0
2022-09-26 14:00:00+09:00,2201.0,2210.0,2199.0,2206.0,20400,0.0,0.0
2022-09-27 09:00:00+09:00,2212.0,2223.0,2169.0,2181.0,25400,0.0,0.0
2022-09-27 10:00:00+09:00,2181.0,2207.0,2181.0,2207.0,8200,0.0,0.0
2022-09-27 11:00:00+09:00,2204.0,2211.0,2200.0,2211.0,0,0.0,0.0
2022-09-27 12:00:00+09:00,2208.0,2208.0,2191.0,2191.0,41400,0.0,0.0
2022-09-27 13:00:00+09:00,2192.0,2200.0,2191.0,2197.0,9800,0.0,0.0
2022-09-27 14:00:00+09:00,2197.0,2200.0,2180.0,2185.0,20300,0.0,0.0
2022-09-28 09:00:00+09:00,2175.0,2195.0,2167.0,2183.0,8900,0.0,0.0
2022-09-28 10:00:00+09:00,2186.0,2191.0,2142.0,2148.0,13200,0.0,0.0
2022-09-28 11:00:00+09:00,2148.0,2148.0,2131.0,2135.0,0,0.0,0.0
2022-09-28 12:00:00+09:00,2127.0,2130.0,2111.0,2125.0,44700,0.0,0.0
2022-09-28 13:00:00+09:00,2123.0,2127.0,2116.0,2123.0,27600,0.0,0.0
2022-09-28 14:00:00+09:00,2123.0,2152.0,2117.0,2151.0,31400,0.0,0.0
2022-09-29 09:00:00+09:00,2204.0,2208.0,2162.0,2172.0,80500,0.0,0.0
2022-09-29 10:00:00+09:00,2171.0,2180.0,2152.0,2152.0,34800,0.0,0.0
2022-09-29 11:00:00+09:00,2154.0,2155.0,2141.0,2141.0,0,0.0,0.0
2022-09-29 12:00:00+09:00,2143.0,2157.0,2141.0,2149.0,134700,0.0,0.0
2022-09-29 13:00:00+09:00,2150.0,2154.0,2148.0,2154.0,14100,0.0,0.0
2022-09-29 14:00:00+09:00,2152.0,2154.0,2144.0,2150.0,37100,0.0,0.0
2022-09-30 09:00:00+09:00,2133.0,2148.0,2107.0,2132.0,24900,0.0,0.0
2022-09-30 10:00:00+09:00,2131.0,2134.0,2085.0,2089.0,19700,0.0,0.0
2022-09-30 11:00:00+09:00,2088.0,2095.0,2087.0,2093.0,0,0.0,0.0
2022-09-30 12:00:00+09:00,2085.0,2089.0,2065.0,2070.0,76400,0.0,0.0
2022-09-30 13:00:00+09:00,2068.0,2085.0,2067.0,2082.0,23500,0.0,0.0
2022-09-30 14:00:00+09:00,2083.0,2090.0,2077.0,2090.0,63100,0.0,0.0
2022-10-03 09:00:00+09:00,2077.0,2127.0,2077.0,2088.0,22800,0.0,0.0
2022-10-03 10:00:00+09:00,2091.0,2149.0,2091.0,2149.0,15200,0.0,0.0
2022-10-03 11:00:00+09:00,2150.0,2153.0,2144.0,2147.0,0,0.0,0.0
2022-10-03 12:00:00+09:00,2147.0,2153.0,2143.0,2145.0,48900,0.0,0.0
2022-10-03 13:00:00+09:00,2145.0,2145.0,2132.0,2132.0,13800,0.0,0.0
2022-10-03 14:00:00+09:00,2131.0,2152.0,2127.0,2150.0,20900,0.0,0.0
2022-10-04 09:00:00+09:00,2200.0,2209.0,2178.0,2204.0,24100,0.0,0.0
2022-10-04 10:00:00+09:00,2203.0,2216.0,2200.0,2200.0,13100,0.0,0.0
2022-10-04 11:00:00+09:00,2198.0,2202.0,2190.0,2201.0,0,0.0,0.0
2022-10-04 12:00:00+09:00,2210.0,2210.0,2195.0,2198.0,57700,0.0,0.0
2022-10-04 13:00:00+09:00,2198.0,2211.0,2197.0,2205.0,12900,0.0,0.0
2022-10-04 14:00:00+09:00,2204.0,2206.0,2186.0,2186.0,23800,0.0,0.0
2022-10-05 09:00:00+09:00,2231.0,2231.0,2188.0,2195.0,14000,0.0,0.0
2022-10-05 10:00:00+09:00,2194.0,2210.0,2194.0,2195.0,6700,0.0,0.0
2022-10-05 11:00:00+09:00,2195.0,2206.0,2194.0,2201.0,0,0.0,0.0
2022-10-05 12:00:00+09:00,2201.0,2207.0,2194.0,2198.0,30000,0.0,0.0
2022-10-05 13:00:00+09:00,2198.0,2209.0,2198.0,2205.0,8200,0.0,0.0
2022-10-05 14:00:00+09:00,2204.0,2209.0,2199.0,2201.0,15900,0.0,0.0
2022-10-06 09:00:00+09:00,2217.0,2251.0,2217.0,2227.0,20100,0.0,0.0
2022-10-06 10:00:00+09:00,2226.0,2228.0,2214.0,2220.0,6300,0.0,0.0
2022-10-06 11:00:00+09:00,2221.0,2227.0,2216.0,2218.0,0,0.0,0.0
2022-10-06 12:00:00+09:00,2218.0,2221.0,2208.0,2209.0,40300,0.0,0.0
2022-10-06 13:00:00+09:00,2206.0,2214.0,2203.0,2205.0,19000,0.0,0.0
2022-10-06 14:00:00+09:00,2207.0,2219.0,2200.0,2216.0,31300,0.0,0.0
2022-10-07 09:00:00+09:00,2180.0,2195.0,2165.0,2179.0,11000,0.0,0.0
2022-10-07 10:00:00+09:00,2178.0,2189.0,2165.0,2189.0,6500,0.0,0.0
2022-10-07 11:00:00+09:00,2189.0,2189.0,2179.0,2179.0,0,0.0,0.0
2022-10-07 12:00:00+09:00,2180.0,2185.0,2169.0,2171.0,23300,0.0,0.0
2022-10-07 13:00:00+09:00,2171.0,2180.0,2170.0,2170.0,3800,0.0,0.0
2022-10-07 14:00:00+09:00,2169.0,2180.0,2169.0,2172.0,15300,0.0,0.0
2022-10-11 09:00:00+09:00,2135.0,2146.0,2126.0,2142.0,32500,0.0,0.0
2022-10-11 10:00:00+09:00,2144.0,2154.0,2120.0,2120.0,25300,0.0,0.0
2022-10-11 11:00:00+09:00,2121.0,2123.0,2111.0,2114.0,0,0.0,0.0
2022-10-11 12:00:00+09:00,2110.0,2113.0,2106.0,2108.0,71100,0.0,0.0
2022-10-11 13:00:00+09:00,2111.0,2111.0,2086.0,2092.0,34500,0.0,0.0
2022-10-11 14:00:00+09:00,2092.0,2102.0,2090.0,2102.0,20300,0.0,0.0
2022-10-12 09:00:00+09:00,2097.0,2109.0,2080.0,2086.0,18300,0.0,0.0
2022-10-12 10:00:00+09:00,2085.0,2087.0,2039.0,2051.0,19000,0.0,0.0
2022-10-12 11:00:00+09:00,2050.0,2056.0,2047.0,2048.0,0,0.0,0.0
2022-10-12 12:00:00+09:00,2044.0,2044.0,2037.0,2040.0,52700,0.0,0.0
2022-10-12 13:00:00+09:00,2043.0,2056.0,2043.0,2053.0,12500,0.0,0.0
2022-10-12 14:00:00+09:00,2054.0,2065.0,2045.0,2049.0,29400,0.0,0.0
2022-10-13 09:00:00+09:00,2041.0,2081.0,2036.0,2081.0,17000,0.0,0.0
2022-10-13 10:00:00+09:00,2081.0,2090.0,2068.0,2079.0,19700,0.0,0.0
2022-10-13 11:00:00+09:00,2083.0,2084.0,2073.0,2074.0,0,0.0,0.0
2022-10-13 12:00:00+09:00,2068.0,2076.0,2062.0,2066.0,44600,0.0,0.0
2022-10-13 13:00:00+09:00,2066.0,2076.0,2059.0,2062.0,8700,0.0,0.0
2022-10-13 14:00:00+09:00,2060.0,2063.0,2049.0,2051.0,17100,0.0,0.0
2022-10-14 09:00:00+09:00,2118.0,2118.0,2089.0,2109.0,30700,0.0,0.0
2022-10-14 10:00:00+09:00,2110.0,2132.0,2106.0,2126.0,16300,0.0,0.0
2022-10-14 11:00:00+09:00,2127.0,2136.0,2127.0,2136.0,0,0.0,0.0
2022-10-14 12:00:00+09:00,2138.0,2138.0,2129.0,2136.0,62300,0.0,0.0
2022-10-14 13:00:00+09:00,2135.0,2137.0,2122.0,2122.0,12300,0.0,0.0
2022-10-14 14:00:00+09:00,2122.0,2131.0,2121.0,2122.0,19000,0.0,0.0
2022-10-17 09:00:00+09:00,2079.0,2128.0,2079.0,2122.0,33200,0.0,0.0
2022-10-17 10:00:00+09:00,2123.0,2133.0,2113.0,2130.0,10400,0.0,0.0
2022-10-17 11:00:00+09:00,2127.0,2129.0,2121.0,2128.0,0,0.0,0.0
2022-10-17 12:00:00+09:00,2128.0,2133.0,2124.0,2124.0,55500,0.0,0.0
2022-10-17 13:00:00+09:00,2124.0,2124.0,2100.0,2118.0,11500,0.0,0.0
2022-10-17 14:00:00+09:00,2117.0,2128.0,2108.0,2128.0,25900,0.0,0.0
2022-10-18 09:00:00+09:00,2159.0,2178.0,2141.0,2147.0,20400,0.0,0.0
2022-10-18 10:00:00+09:00,2146.0,2148.0,2126.0,2130.0,22300,0.0,0.0
2022-10-18 11:00:00+09:00,2130.0,2135.0,2130.0,2132.0,0,0.0,0.0
2022-10-18 12:00:00+09:00,2132.0,2158.0,2130.0,2158.0,55200,0.0,0.0
2022-10-18 13:00:00+09:00,2158.0,2165.0,2156.0,2163.0,9900,0.0,0.0
2022-10-18 14:00:00+09:00,2165.0,2169.0,2157.0,2162.0,24500,0.0,0.0
2022-10-19 09:00:00+09:00,2160.0,2162.0,2136.0,2146.0,8600,0.0,0.0
2022-10-19 10:00:00+09:00,2144.0,2155.0,2133.0,2151.0,7000,0.0,0.0
2022-10-19 11:00:00+09:00,2153.0,2158.0,2151.0,2153.0,0,0.0,0.0
2022-10-19 12:00:00+09:00,2150.0,2150.0,2144.0,2146.0,22300,0.0,0.0
2022-10-19 13:00:00+09:00,2146.0,2156.0,2138.0,2141.0,13800,0.0,0.0
2022-10-19 14:00:00+09:00,2140.0,2145.0,2124.0,2139.0,24700,0.0,0.0
2022-10-20 09:00:00+09:00,2101.0,2112.0,2076.0,2078.0,24600,0.0,0.0
2022-10-20 10:00:00+09:00,2074.0,2088.0,2072.0,2086.0,14300,0.0,0.0
2022-10-20 11:00:00+09:00,2087.0,2089.0,2084.0,2084.0,0,0.0,0.0
2022-10-20 12:00:00+09:00,2080.0,2089.0,2073.0,2074.0,55500,0.0,0.0
2022-10-20 13:00:00+09:00,2076.0,2091.0,2068.0,2091.0,24900,0.0,0.0
2022-10-20 14:00:00+09:00,2094.0,2097.0,2080.0,2097.0,38400,0.0,0.0
2022-10-21 09:00:00+09:00,2094.0,2126.0,2093.0,2109.0,39600,0.0,0.0
2022-10-21 10:00:00+09:00,2110.0,2110.0,2093.0,2097.0,14300,0.0,0.0
2022-10-21 11:00:00+09:00,2098.0,2107.0,2098.0,2105.0,0,0.0,0.0
2022-10-21 12:00:00+09:00,2100.0,2112.0,2100.0,2103.0,70000,0.0,0.0
2022-10-21 13:00:00+09:00,2105.0,2106.0,2096.0,2097.0,14400,0.0,0.0
2022-10-21 14:00:00+09:00,2098.0,2098.0,2088.0,2090.0,18300,0.0,0.0
2022-10-24 09:00:00+09:00,2121.0,2129.0,2112.0,2123.0,34300,0.0,0.0
2022-10-24 10:00:00+09:00,2120.0,2127.0,2112.0,2113.0,33800,0.0,0.0
2022-10-24 11:00:00+09:00,2112.0,2119.0,2111.0,2113.0,0,0.0,0.0
2022-10-24 12:00:00+09:00,2109.0,2118.0,2105.0,2118.0,83700,0.0,0.0
2022-10-24 13:00:00+09:00,2119.0,2122.0,2106.0,2118.0,16600,0.0,0.0
2022-10-24 14:00:00+09:00,2118.0,2120.0,2104.0,2113.0,24200,0.0,0.0
2022-10-25 09:00:00+09:00,2115.0,2132.0,2101.0,2128.0,24600,0.0,0.0
2022-10-25 10:00:00+09:00,2130.0,2134.0,2125.0,2130.0,13800,0.0,0.0
2022-10-25 11:00:00+09:00,2131.0,2131.0,2123.0,2126.0,0,0.0,0.0
2022-10-25 12:00:00+09:00,2135.0,2136.0,2130.0,2132.0,54500,0.0,0.0
2022-10-25 13:00:00+09:00,2132.0,2136.0,2127.0,2129.0,15900,0.0,0.0
2022-10-25 14:00:00+09:00,2129.0,2131.0,2126.0,2130.0,31900,0.0,0.0
2022-10-26 09:00:00+09:00,2120.0,2133.0,2096.0,2097.0,42000,0.0,0.0
2022-10-26 10:00:00+09:00,2096.0,2112.0,2096.0,2101.0,26300,0.0,0.0
2022-10-26 11:00:00+09:00,2101.0,2103.0,2092.0,2094.0,0,0.0,0.0
2022-10-26 12:00:00+09:00,2094.0,2096.0,2084.0,2096.0,102000,0.0,0.0
2022-10-26 13:00:00+09:00,2097.0,2109.0,2095.0,2106.0,22600,0.0,0.0
2022-10-26 14:00:00+09:00,2106.0,2115.0,2101.0,2105.0,29500,0.0,0.0
2022-10-27 09:00:00+09:00,2101.0,2122.0,2099.0,2099.0,23300,0.0,0.0
2022-10-27 10:00:00+09:00,2100.0,2109.0,2085.0,2089.0,17200,0.0,0.0
2022-10-27 11:00:00+09:00,2088.0,2088.0,2067.0,2067.0,0,0.0,0.0
2022-10-27 12:00:00+09:00,2052.0,2066.0,2052.0,2061.0,68000,0.0,0.0
2022-10-27 13:00:00+09:00,2060.0,2064.0,2058.0,2064.0,17800,0.0,0.0
2022-10-27 14:00:00+09:00,2064.0,2064.0,2043.0,2055.0,62200,0.0,0.0
2022-10-28 09:00:00+09:00,2028.0,2028.0,1996.0,2006.0,43300,0.0,0.0
2022-10-28 10:00:00+09:00,2007.0,2042.0,2004.0,2039.0,21400,0.0,0.0
2022-10-28 11:00:00+09:00,2040.0,2042.0,2037.0,2037.0,0,0.0,0.0
2022-10-28 12:00:00+09:00,2037.0,2039.0,2024.0,2035.0,91200,0.0,0.0
2022-10-28 13:00:00+09:00,2035.0,2042.0,2031.0,2040.0,26300,0.0,0.0
2022-10-28 14:00:00+09:00,2039.0,2041.0,2020.0,2026.0,60500,0.0,0.0
2022-10-31 09:00:00+09:00,2079.0,2109.0,2068.0,2101.0,26100,0.0,0.0
2022-10-31 10:00:00+09:00,2100.0,2121.0,2095.0,2115.0,14000,0.0,0.0
2022-10-31 11:00:00+09:00,2115.0,2121.0,2114.0,2117.0,0,0.0,0.0
2022-10-31 12:00:00+09:00,2117.0,2122.0,2104.0,2106.0,58000,0.0,0.0
2022-10-31 13:00:00+09:00,2104.0,2113.0,2099.0,2110.0,26100,0.0,0.0
2022-10-31 14:00:00+09:00,2110.0,2118.0,2099.0,2115.0,29000,0.0,0.0
2022-11-01 09:00:00+09:00,2114.0,2114.0,2089.0,2096.0,10700,0.0,0.0
2022-11-01 10:00:00+09:00,2099.0,2106.0,2094.0,2104.0,8400,0.0,0.0
2022-11-01 11:00:00+09:00,2104.0,2106.0,2102.0,2106.0,0,0.0,0.0
2022-11-01 12:00:00+09:00,2100.0,2113.0,2098.0,2111.0,32800,0.0,0.0
2022-11-01 13:00:00+09:00,2109.0,2109.0,2105.0,2107.0,7200,0.0,0.0
2022-11-01 14:00:00+09:00,2106.0,2120.0,2104.0,2117.0,22300,0.0,0.0
2022-11-02 09:00:00+09:00,2090.0,2118.0,2081.0,2105.0,17400,0.0,0.0
2022-11-02 10:00:00+09:00,2103.0,2108.0,2099.0,2105.0,10400,0.0,0.0
2022-11-02 11:00:00+09:00,2106.0,2107.0,2090.0,2094.0,0,0.0,0.0
2022-11-02 12:00:00+09:00,2088.0,2093.0,2087.0,2093.0,41300,0.0,0.0
2022-11-02 13:00:00+09:00,2094.0,2100.0,2089.0,2098.0,10000,0.0,0.0
2022-11-02 14:00:00+09:00,2097.0,2105.0,2092.0,2096.0,18900,0.0,0.0
2022-11-04 09:00:00+09:00,2067.0,2084.0,2060.0,2064.0,13700,0.0,0.0
2022-11-04 10:00:00+09:00,2064.0,2070.0,2051.0,2067.0,12400,0.0,0.0
2022-11-04 11:00:00+09:00,2066.0,2066.0,2062.0,2065.0,0,0.0,0.0
2022-11-04 12:00:00+09:00,2069.0,2072.0,2062.0,2062.0,36500,0.0,0.0
2022-11-04 13:00:00+09:00,2060.0,2066.0,2056.0,2062.0,8500,0.0,0.0
2022-11-04 14:00:00+09:00,2063.0,2066.0,2058.0,2064.0,16300,0.0,0.0
2022-11-07 09:00:00+09:00,2071.0,2084.0,2056.0,2066.0,20400,0.0,0.0
2022-11-07 10:00:00+09:00,2067.0,2074.0,2060.0,2072.0,9200,0.0,0.0
2022-11-07 11:00:00+09:00,2073.0,2073.0,2064.0,2065.0,0,0.0,0.0
2022-11-07 12:00:00+09:00,2065.0,2084.0,2060.0,2081.0,55800,0.0,0.0
2022-11-07 13:00:00+09:00,2080.0,2082.0,2075.0,2080.0,10100,0.0,0.0
2022-11-07 14:00:00+09:00,2080.0,2086.0,2074.0,2086.0,21000,0.0,0.0
2022-11-08 09:00:00+09:00,2100.0,2113.0,2085.0,2112.0,12300,0.0,0.0
2022-11-08 10:00:00+09:00,2111.0,2124.0,2110.0,2123.0,12700,0.0,0.0
2022-11-08 11:00:00+09:00,2124.0,2124.0,2116.0,2118.0,0,0.0,0.0
2022-11-08 12:00:00+09:00,2132.0,2132.0,2119.0,2124.0,38000,0.0,0.0
2022-11-08 13:00:00+09:00,2124.0,2140.0,2119.0,2140.0,20800,0.0,0.0
2022-11-08 14:00:00+09:00,2139.0,2150.0,2122.0,2146.0,53400,0.0,0.0
2022-11-09 09:00:00+09:00,2150.0,2170.0,2142.0,2170.0,37100,0.0,0.0
2022-11-09 10:00:00+09:00,2169.0,2185.0,2157.0,2181.0,25600,0.0,0.0
2022-11-09 11:00:00+09:00,2179.0,2191.0,2179.0,2191.0,0,0.0,0.0
2022-11-09 12:00:00+09:00,2192.0,2194.0,2182.0,2187.0,89700,0.0,0.0
2022-11-09 13:00:00+09:00,2187.0,2193.0,2181.0,2192.0,26800,0.0,0.0
2022-11-09 14:00:00+09:00,2192.0,2193.0,2183.0,2187.0,36600,0.0,0.0
2022-11-10 09:00:00+09:00,2157.0,2180.0,2141.0,2155.0,68400,0.0,0.0
2022-11-10 10:00:00+09:00,2157.0,2170.0,2151.0,2151.0,29500,0.0,0.0
2022-11-10 11:00:00+09:00,2150.0,2151.0,2139.0,2139.0,0,0.0,0.0
2022-11-10 12:00:00+09:00,2140.0,2165.0,2140.0,2159.0,131900,0.0,0.0
2022-11-10 13:00:00+09:00,2160.0,2162.0,2154.0,2158.0,23300,0.0,0.0
2022-11-10 14:00:00+09:00,2156.0,2171.0,2155.0,2171.0,43700,0.0,0.0
2022-11-11 09:00:00+09:00,2610.0,2667.0,2551.0,2651.0,603700,0.0,0.0
2022-11-11 10:00:00+09:00,2656.0,2667.0,2636.0,2649.0,428500,0.0,0.0
2022-11-11 11:00:00+09:00,2647.0,2655.0,2618.0,2652.0,0,0.0,0.0
2022-11-11 12:00:00+09:00,2634.0,2657.0,2622.0,2649.0,1314600,0.0,0.0
2022-11-11 13:00:00+09:00,2649.0,2667.0,2637.0,2658.0,217200,0.0,0.0
2022-11-11 14:00:00+09:00,2658.0,2667.0,2645.0,2667.0,255200,0.0,0.0
2022-11-14 09:00:00+09:00,2701.0,2738.0,2638.0,2653.0,435000,0.0,0.0
2022-11-14 10:00:00+09:00,2654.0,2698.0,2580.0,2601.0,161900,0.0,0.0
2022-11-14 11:00:00+09:00,2601.0,2601.0,2572.0,2574.0,0,0.0,0.0
2022-11-14 12:00:00+09:00,2570.0,2584.0,2512.0,2518.0,722900,0.0,0.0
2022-11-14 13:00:00+09:00,2517.0,2542.0,2494.0,2510.0,78200,0.0,0.0
2022-11-14 14:00:00+09:00,2512.0,2519.0,2485.0,2485.0,136800,0.0,0.0
2022-11-15 09:00:00+09:00,2510.0,2555.0,2510.0,2544.0,82600,0.0,0.0
2022-11-15 10:00:00+09:00,2547.0,2570.0,2511.0,2558.0,39700,0.0,0.0
2022-11-15 11:00:00+09:00,2553.0,2576.0,2548.0,2576.0,0,0.0,0.0
2022-11-15 12:00:00+09:00,2583.0,2606.0,2581.0,2605.0,175100,0.0,0.0
2022-11-15 13:00:00+09:00,2606.0,2610.0,2584.0,2588.0,25700,0.0,0.0
2022-11-15 14:00:00+09:00,2590.0,2596.0,2571.0,2576.0,46500,0.0,0.0
2022-11-16 09:00:00+09:00,2563.0,2637.0,2541.0,2637.0,49400,0.0,0.0
2022-11-16 10:00:00+09:00,2635.0,2670.0,2621.0,2661.0,50800,0.0,0.0
2022-11-16 11:00:00+09:00,2660.0,2684.0,2660.0,2684.0,0,0.0,0.0
2022-11-16 12:00:00+09:00,2684.0,2684.0,2655.0,2660.0,150100,0.0,0.0
2022-11-16 13:00:00+09:00,2658.0,2669.0,2649.0,2660.0,32700,0.0,0.0
2022-11-16 14:00:00+09:00,2659.0,2670.0,2653.0,2656.0,45500,0.0,0.0
2022-11-17 09:00:00+09:00,2634.0,2677.0,2591.0,2654.0,88700,0.0,0.0
2022-11-17 10:00:00+09:00,2657.0,2726.0,2654.0,2659.0,76500,0.0,0.0
2022-11-17 11:00:00+09:00,2656.0,2660.0,2637.0,2640.0,0,0.0,0.0
2022-11-17 12:00:00+09:00,2650.0,2681.0,2650.0,2676.0,209200,0.0,0.0
2022-11-17 13:00:00+09:00,2676.0,2705.0,2672.0,2691.0,41100,0.0,0.0
2022-11-17 14:00:00+09:00,2691.0,2700.0,2681.0,2692.0,38100,0.0,0.0
2022-11-18 09:00:00+09:00,2713.0,2738.0,2683.0,2726.0,61700,0.0,0.0
2022-11-18 10:00:00+09:00,2729.0,2774.0,2719.0,2766.0,77100,0.0,0.0
2022-11-18 11:00:00+09:00,2765.0,2767.0,2706.0,2715.0,0,0.0,0.0
2022-11-18 12:00:00+09:00,2715.0,2730.0,2698.0,2717.0,183400,0.0,0.0
2022-11-18 13:00:00+09:00,2716.0,2719.0,2690.0,2690.0,23800,0.0,0.0
2022-11-18 14:00:00+09:00,2690.0,2699.0,2680.0,2696.0,31600,0.0,0.0
2022-11-21 09:00:00+09:00,2692.0,2692.0,2627.0,2630.0,60100,0.0,0.0
2022-11-21 10:00:00+09:00,2630.0,2644.0,2622.0,2625.0,15900,0.0,0.0
2022-11-21 11:00:00+09:00,2627.0,2635.0,2626.0,2630.0,0,0.0,0.0
2022-11-21 12:00:00+09:00,2635.0,2641.0,2627.0,2640.0,91100,0.0,0.0
2022-11-21 13:00:00+09:00,2640.0,2645.0,2622.0,2623.0,16700,0.0,0.0
2022-11-21 14:00:00+09:00,2624.0,2629.0,2615.0,2626.0,26000,0.0,0.0
2022-11-22 09:00:00+09:00,2674.0,2674.0,2626.0,2658.0,70600,0.0,0.0
2022-11-22 10:00:00+09:00,2657.0,2669.0,2630.0,2654.0,42500,0.0,0.0
2022-11-22 11:00:00+09:00,2652.0,2669.0,2652.0,2666.0,0,0.0,0.0
2022-11-22 12:00:00+09:00,2664.0,2668.0,2652.0,2667.0,131400,0.0,0.0
2022-11-22 13:00:00+09:00,2666.0,2666.0,2649.0,2652.0,14700,0.0,0.0
2022-11-22 14:00:00+09:00,2653.0,2654.0,2629.0,2640.0,40500,0.0,0.0
2022-11-24 09:00:00+09:00,2665.0,2668.0,2587.0,2590.0,109200,0.0,0.0
2022-11-24 10:00:00+09:00,2589.0,2622.0,2580.0,2610.0,52500,0.0,0.0
2022-11-24 11:00:00+09:00,2609.0,2623.0,2609.0,2621.0,0,0.0,0.0
2022-11-24 12:00:00+09:00,2627.0,2648.0,2620.0,2646.0,196000,0.0,0.0
2022-11-24 13:00:00+09:00,2646.0,2655.0,2644.0,2651.0,22300,0.0,0.0
2022-11-24 14:00:00+09:00,2651.0,2653.0,2634.0,2638.0,39300,0.0,0.0
2022-11-25 09:00:00+09:00,2660.0,2667.0,2610.0,2636.0,41100,0.0,0.0
2022-11-25 10:00:00+09:00,2637.0,2665.0,2630.0,2660.0,17900,0.0,0.0
2022-11-25 11:00:00+09:00,2659.0,2659.0,2648.0,2653.0,0,0.0,0.0
2022-11-25 12:00:00+09:00,2648.0,2659.0,2648.0,2657.0,80400,0.0,0.0
2022-11-25 13:00:00+09:00,2658.0,2668.0,2655.0,2667.0,16700,0.0,0.0
2022-11-25 14:00:00+09:00,2667.0,2667.0,2653.0,2666.0,18500,0.0,0.0
2022-11-28 09:00:00+09:00,2668.0,2682.0,2577.0,2585.0,75100,0.0,0.0
2022-11-28 10:00:00+09:00,2585.0,2596.0,2574.0,2581.0,22700,0.0,0.0
2022-11-28 11:00:00+09:00,2582.0,2588.0,2580.0,2581.0,0,0.0,0.0
2022-11-28 12:00:00+09:00,2590.0,2598.0,2577.0,2578.0,126900,0.0,0.0
2022-11-28 13:00:00+09:00,2577.0,2590.0,2577.0,2588.0,24200,0.0,0.0
2022-11-28 14:00:00+09:00,2588.0,2590.0,2557.0,2573.0,55900,0.0,0.0
2022-11-29 09:00:00+09:00,2535.0,2555.0,2513.0,2547.0,46500,0.0,0.0
2022-11-29 10:00:00+09:00,2549.0,2557.0,2539.0,2554.0,12300,0.0,0.0
2022-11-29 11:00:00+09:00,2554.0,2564.0,2554.0,2560.0,0,0.0,0.0
2022-11-29 12:00:00+09:00,2550.0,2564.0,2531.0,2564.0,96900,0.0,0.0
2022-11-29 13:00:00+09:00,2564.0,2569.0,2551.0,2561.0,20100,0.0,0.0
2022-11-29 14:00:00+09:00,2560.0,2561.0,2544.0,2558.0,37500,0.0,0.0
2022-11-30 09:00:00+09:00,2521.0,2531.0,2479.0,2504.0,86200,0.0,0.0
2022-11-30 10:00:00+09:00,2502.0,2508.0,2496.0,2501.0,24300,0.0,0.0
2022-11-30 11:00:00+09:00,2500.0,2505.0,2497.0,2504.0,0,0.0,0.0
2022-11-30 12:00:00+09:00,2520.0,2520.0,2503.0,2506.0,141900,0.0,0.0
2022-11-30 13:00:00+09:00,2506.0,2532.0,2506.0,2532.0,25500,0.0,0.0
2022-11-30 14:00:00+09:00,2533.0,2547.0,2530.0,2544.0,40900,0.0,0.0
2022-12-01 09:00:00+09:00,2592.0,2615.0,2550.0,2567.0,51900,0.0,0.0
2022-12-01 10:00:00+09:00,2565.0,2576.0,2545.0,2572.0,32600,0.0,0.0
2022-12-01 11:00:00+09:00,2573.0,2575.0,2570.0,2574.0,0,0.0,0.0
2022-12-01 12:00:00+09:00,2575.0,2581.0,2571.0,2580.0,99700,0.0,0.0
2022-12-01 13:00:00+09:00,2579.0,2585.0,2574.0,2582.0,15000,0.0,0.0
2022-12-01 14:00:00+09:00,2583.0,2587.0,2565.0,2579.0,32200,0.0,0.0
2022-12-02 09:00:00+09:00,2503.0,2553.0,2480.0,2522.0,33600,0.0,0.0
2022-12-02 10:00:00+09:00,2520.0,2543.0,2517.0,2527.0,20500,0.0,0.0
2022-12-02 11:00:00+09:00,2526.0,2526.0,2518.0,2518.0,0,0.0,0.0
2022-12-02 12:00:00+09:00,2525.0,2545.0,2520.0,2541.0,67500,0.0,0.0
2022-12-02 13:00:00+09:00,2540.0,2545.0,2533.0,2536.0,13000,0.0,0.0
2022-12-02 14:00:00+09:00,2535.0,2535.0,2517.0,2533.0,48200,0.0,0.0
2022-12-05 09:00:00+09:00,2529.0,2546.0,2472.0,2501.0,58900,0.0,0.0
2022-12-05 10:00:00+09:00,2499.0,2512.0,2493.0,2496.0,16700,0.0,0.0
2022-12-05 11:00:00+09:00,2496.0,2499.0,2490.0,2493.0,0,0.0,0.0
2022-12-05 12:00:00+09:00,2491.0,2501.0,2491.0,2500.0,89400,0.0,0.0
2022-12-05 13:00:00+09:00,2500.0,2501.0,2493.0,2496.0,11000,0.0,0.0
2022-12-05 14:00:00+09:00,2496.0,2497.0,2482.0,2491.0,22200,0.0,0.0
2022-12-06 09:00:00+09:00,2482.0,2537.0,2481.0,2525.0,32200,0.0,0.0
2022-12-06 10:00:00+09:00,2524.0,2528.0,2507.0,2517.0,38600,0.0,0.0
2022-12-06 11:00:00+09:00,2516.0,2530.0,2509.0,2520.0,0,0.0,0.0
2022-12-06 12:00:00+09:00,2530.0,2533.0,2518.0,2528.0,99800,0.0,0.0
2022-12-06 13:00:00+09:00,2527.0,2528.0,2515.0,2517.0,0,0.0,0.0
2022-12-06 14:00:00+09:00,2517.0,2525.0,2515.0,2525.0,146500,0.0,0.0
2022-12-07 09:00:00+09:00,2455.0,2477.0,2405.0,2428.0,91000,0.0,0.0
2022-12-07 10:00:00+09:00,2428.0,2464.0,2424.0,2453.0,26400,0.0,0.0
2022-12-07 11:00:00+09:00,2453.0,2468.0,2453.0,2463.0,0,0.0,0.0
2022-12-07 12:00:00+09:00,2460.0,2470.0,2447.0,2449.0,141400,0.0,0.0
2022-12-07 13:00:00+09:00,2450.0,2459.0,2439.0,2442.0,18200,0.0,0.0
2022-12-07 14:00:00+09:00,2442.0,2442.0,2423.0,2428.0,31400,0.0,0.0
2022-12-08 09:00:00+09:00,2430.0,2430.0,2398.0,2405.0,29400,0.0,0.0
2022-12-08 10:00:00+09:00,2404.0,2414.0,2400.0,2413.0,17700,0.0,0.0
2022-12-08 11:00:00+09:00,2413.0,2431.0,2412.0,2431.0,0,0.0,0.0
2022-12-08 12:00:00+09:00,2432.0,2445.0,2424.0,2433.0,80400,0.0,0.0
2022-12-08 13:00:00+09:00,2434.0,2437.0,2425.0,2425.0,14100,0.0,0.0
2022-12-08 14:00:00+09:00,2425.0,2436.0,2422.0,2436.0,27600,0.0,0.0
2022-12-09 09:00:00+09:00,2437.0,2486.0,2435.0,2480.0,51100,0.0,0.0
2022-12-09 10:00:00+09:00,2479.0,2495.0,2476.0,2492.0,12200,0.0,0.0
2022-12-09 11:00:00+09:00,2493.0,2506.0,2493.0,2506.0,0,0.0,0.0
2022-12-09 12:00:00+09:00,2505.0,2507.0,2482.0,2486.0,88000,0.0,0.0
2022-12-09 13:00:00+09:00,2487.0,2502.0,2486.0,2490.0,15800,0.0,0.0
2022-12-09 14:00:00+09:00,2489.0,2489.0,2474.0,2485.0,23000,0.0,0.0
2022-12-12 09:00:00+09:00,2447.0,2472.0,2432.0,2457.0,0,0.0,0.0
2022-12-12 10:00:00+09:00,2457.0,2466.0,2452.0,2462.0,58500,0.0,0.0
2022-12-12 11:00:00+09:00,2462.0,2462.0,2451.0,2451.0,0,0.0,0.0
2022-12-12 12:00:00+09:00,2448.0,2459.0,2448.0,2457.0,74300,0.0,0.0
2022-12-12 13:00:00+09:00,2457.0,2462.0,2453.0,2459.0,12400,0.0,0.0
2022-12-12 14:00:00+09:00,2458.0,2466.0,2454.0,2461.0,25500,0.0,0.0
2022-12-13 09:00:00+09:00,2507.0,2507.0,2472.0,2482.0,32600,0.0,0.0
2022-12-13 10:00:00+09:00,2482.0,2482.0,2460.0,2460.0,11900,0.0,0.0
2022-12-13 11:00:00+09:00,2460.0,2464.0,2459.0,2459.0,0,0.0,0.0
2022-12-13 12:00:00+09:00,2462.0,2462.0,2456.0,2461.0,52200,0.0,0.0
2022-12-13 13:00:00+09:00,2462.0,2472.0,2453.0,2465.0,12700,0.0,0.0
2022-12-13 14:00:00+09:00,2466.0,2471.0,2460.0,2462.0,18800,0.0,0.0
2022-12-14 09:00:00+09:00,2453.0,2466.0,2438.0,2446.0,35700,0.0,0.0
2022-12-14 10:00:00+09:00,2446.0,2453.0,2439.0,2447.0,17000,0.0,0.0
2022-12-14 11:00:00+09:00,2447.0,2448.0,2436.0,2436.0,0,0.0,0.0
2022-12-14 12:00:00+09:00,2443.0,2447.0,2438.0,2447.0,71900,0.0,0.0
2022-12-14 13:00:00+09:00,2448.0,2452.0,2445.0,2449.0,15200,0.0,0.0
2022-12-14 14:00:00+09:00,2448.0,2452.0,2439.0,2445.0,26600,0.0,0.0
2022-12-15 09:00:00+09:00,2421.0,2427.0,2402.0,2425.0,20000,0.0,0.0
2022-12-15 10:00:00+09:00,2422.0,2429.0,2418.0,2419.0,10000,0.0,0.0
2022-12-15 11:00:00+09:00,2421.0,2443.0,2421.0,2435.0,0,0.0,0.0
2022-12-15 12:00:00+09:00,2447.0,2447.0,2434.0,2434.0,59300,0.0,0.0
2022-12-15 13:00:00+09:00,2435.0,2444.0,2432.0,2433.0,13400,0.0,0.0
2022-12-15 14:00:00+09:00,2434.0,2438.0,2430.0,2436.0,20100,0.0,0.0
2022-12-16 09:00:00+09:00,2411.0,2467.0,2395.0,2458.0,47000,0.0,0.0
2022-12-16 10:00:00+09:00,2459.0,2459.0,2434.0,2448.0,24100,0.0,0.0
2022-12-16 11:00:00+09:00,2449.0,2449.0,2443.0,2448.0,0,0.0,0.0
2022-12-16 12:00:00+09:00,2450.0,2450.0,2437.0,2440.0,84600,0.0,0.0
2022-12-16 13:00:00+09:00,2439.0,2439.0,2424.0,2425.0,17300,0.0,0.0
2022-12-16 14:00:00+09:00,2425.0,2434.0,2419.0,2434.0,37600,0.0,0.0
2022-12-19 09:00:00+09:00,2425.0,2463.0,2425.0,2458.0,39800,0.0,0.0
2022-12-19 10:00:00+09:00,2459.0,2461.0,2448.0,2450.0,33200,0.0,0.0
2022-12-19 11:00:00+09:00,2450.0,2457.0,2450.0,2453.0,0,0.0,0.0
2022-12-19 12:00:00+09:00,2460.0,2460.0,2450.0,2451.0,95000,0.0,0.0
2022-12-19 13:00:00+09:00,2451.0,2451.0,2427.0,2428.0,19300,0.0,0.0
2022-12-19 14:00:00+09:00,2427.0,2431.0,2421.0,2421.0,21600,0.0,0.0
2022-12-20 09:00:00+09:00,2421.0,2444.0,2415.0,2444.0,31400,0.0,0.0
2022-12-20 10:00:00+09:00,2443.0,2449.0,2433.0,2449.0,15400,0.0,0.0
2022-12-20 11:00:00+09:00,2449.0,2453.0,2443.0,2448.0,0,0.0,0.0
2022-12-20 12:00:00+09:00,2409.0,2410.0,2362.0,2362.0,114200,0.0,0.0
2022-12-20 13:00:00+09:00,2360.0,2362.0,2346.0,2353.0,39100,0.0,0.0
2022-12-20 14:00:00+09:00,2352.0,2376.0,2346.0,2376.0,56200,0.0,0.0
2022-12-21 09:00:00+09:00,2350.0,2361.0,2311.0,2326.0,55200,0.0,0.0
2022-12-21 10:00:00+09:00,2324.0,2377.0,2323.0,2358.0,52700,0.0,0.0
2022-12-21 11:00:00+09:00,2357.0,2360.0,2347.0,2350.0,0,0.0,0.0
2022-12-21 12:00:00+09:00,2348.0,2349.0,2327.0,2327.0,127100,0.0,0.0
2022-12-21 13:00:00+09:00,2328.0,2331.0,2318.0,2323.0,14300,0.0,0.0
2022-12-21 14:00:00+09:00,2323.0,2328.0,2317.0,2317.0,26000,0.0,0.0
2022-12-22 09:00:00+09:00,2334.0,2336.0,2288.0,2290.0,31000,0.0,0.0
2022-12-22 10:00:00+09:00,2289.0,2290.0,2268.0,2273.0,24500,0.0,0.0
2022-12-22 11:00:00+09:00,2272.0,2284.0,2271.0,2277.0,0,0.0,0.0
2022-12-22 12:00:00+09:00,2283.0,2290.0,2273.0,2290.0,74800,0.0,0.0
2022-12-22 13:00:00+09:00,2289.0,2306.0,2288.0,2305.0,14400,0.0,0.0
2022-12-22 14:00:00+09:00,2305.0,2320.0,2305.0,2313.0,32000,0.0,0.0
2022-12-23 09:00:00+09:00,2295.0,2297.0,2265.0,2266.0,26700,0.0,0.0
2022-12-23 10:00:00+09:00,2268.0,2272.0,2260.0,2270.0,17000,0.0,0.0
2022-12-23 11:00:00+09:00,2271.0,2275.0,2267.0,2272.0,0,0.0,0.0
2022-12-23 12:00:00+09:00,2297.0,2297.0,2271.0,2288.0,60000,0.0,0.0
2022-12-23 13:00:00+09:00,2286.0,2288.0,2270.0,2275.0,32100,0.0,0.0
2022-12-23 14:00:00+09:00,2276.0,2280.0,2269.0,2269.0,23000,0.0,0.0
2022-12-26 09:00:00+09:00,2268.0,2304.0,2268.0,2299.0,24900,0.0,0.0
2022-12-26 10:00:00+09:00,2299.0,2319.0,2291.0,2313.0,30000,0.0,0.0
2022-12-26 11:00:00+09:00,2313.0,2321.0,2313.0,2321.0,0,0.0,0.0
2022-12-26 12:00:00+09:00,2350.0,2350.0,2327.0,2335.0,83700,0.0,0.0
2022-12-26 13:00:00+09:00,2336.0,2338.0,2310.0,2313.0,26500,0.0,0.0
2022-12-26 14:00:00+09:00,2314.0,2321.0,2310.0,2321.0,15100,0.0,0.0
2022-12-27 09:00:00+09:00,2330.0,2334.0,2298.0,2301.0,212800,0.0,0.0
2022-12-27 10:00:00+09:00,2304.0,2312.0,2304.0,2309.0,6100,0.0,0.0
2022-12-27 11:00:00+09:00,2309.0,2311.0,2308.0,2311.0,0,0.0,0.0
2022-12-27 12:00:00+09:00,2316.0,2316.0,2302.0,2305.0,228300,0.0,0.0
2022-12-27 13:00:00+09:00,2306.0,2308.0,2300.0,2305.0,11300,0.0,0.0
2022-12-27 14:00:00+09:00,2305.0,2319.0,2305.0,2319.0,13600,0.0,0.0
2022-12-28 09:00:00+09:00,2281.0,2302.0,2250.0,2260.0,71900,0.0,0.0
2022-12-28 10:00:00+09:00,2260.0,2267.0,2247.0,2267.0,30700,0.0,0.0
2022-12-28 11:00:00+09:00,2265.0,2288.0,2264.0,2288.0,0,0.0,0.0
2022-12-28 12:00:00+09:00,2288.0,2297.0,2285.0,2286.0,141400,0.0,0.0
2022-12-28 13:00:00+09:00,2285.0,2295.0,2283.0,2293.0,6900,0.0,0.0
2022-12-28 14:00:00+09:00,2294.0,2304.0,2288.0,2302.0,19100,0.0,0.0
2022-12-29 09:00:00+09:00,2238.0,2254.0,2228.0,2251.0,20400,0.0,0.0
2022-12-29 10:00:00+09:00,2255.0,2255.0,2228.0,2232.0,10800,0.0,0.0
2022-12-29 11:00:00+09:00,2229.0,2234.0,2228.0,2234.0,0,0.0,0.0
2022-12-29 12:00:00+09:00,2239.0,2249.0,2239.0,2249.0,40800,0.0,0.0
2022-12-29 13:00:00+09:00,2248.0,2271.0,2246.0,2251.0,41700,0.0,0.0
2022-12-29 14:00:00+09:00,2252.0,2254.0,2249.0,2254.0,20800,0.0,0.0
2022-12-30 09:00:00+09:00,2263.0,2294.0,2263.0,2286.0,12800,0.0,0.0
2022-12-30 10:00:00+09:00,2285.0,2286.0,2263.0,2268.0,10200,0.0,0.0
2022-12-30 11:00:00+09:00,2272.0,2276.0,2272.0,2276.0,0,0.0,0.0
2022-12-30 12:00:00+09:00,2276.0,2276.0,2261.0,2261.0,31800,0.0,0.0
2022-12-30 13:00:00+09:00,2262.0,2262.0,2249.0,2255.0,11300,0.0,0.0
2022-12-30 14:00:00+09:00,2255.0,2261.0,2242.0,2242.0,29700,0.0,0.0
2023-01-04 09:00:00+09:00,2292.0,2292.0,2240.0,2259.0,28000,0.0,0.0
2023-01-04 10:00:00+09:00,2258.0,2272.0,2257.0,2266.0,9500,0.0,0.0
2023-01-04 11:00:00+09:00,2264.0,2264.0,2251.0,2255.0,0,0.0,0.0
2023-01-04 12:00:00+09:00,2244.0,2250.0,2238.0,2246.0,52100,0.0,0.0
2023-01-04 13:00:00+09:00,2247.0,2257.0,2238.0,2240.0,10700,0.0,0.0
2023-01-04 14:00:00+09:00,2237.0,2239.0,2224.0,2224.0,15000,0.0,0.0
2023-01-05 09:00:00+09:00,2216.0,2269.0,2216.0,2251.0,36600,0.0,0.0
2023-01-05 10:00:00+09:00,2250.0,2263.0,2243.0,2245.0,18300,0.0,0.0
2023-01-05 11:00:00+09:00,2245.0,2245.0,2221.0,2224.0,0,0.0,0.0
2023-01-05 12:00:00+09:00,2217.0,2233.0,2217.0,2232.0,79300,0.0,0.0
2023-01-05 13:00:00+09:00,2232.0,2246.0,2225.0,2239.0,14500,0.0,0.0
2023-01-05 14:00:00+09:00,2238.0,2240.0,2231.0,2236.0,19500,0.0,0.0
2023-01-06 09:00:00+09:00,2275.0,2322.0,2262.0,2317.0,0,0.0,0.0
2023-01-06 10:00:00+09:00,2318.0,2361.0,2315.0,2358.0,105200,0.0,0.0
2023-01-06 11:00:00+09:00,2360.0,2372.0,2353.0,2370.0,0,0.0,0.0
2023-01-06 12:00:00+09:00,2374.0,2378.0,2360.0,2364.0,147800,0.0,0.0
2023-01-06 13:00:00+09:00,2363.0,2385.0,2359.0,2378.0,46100,0.0,0.0
2023-01-06 14:00:00+09:00,2375.0,2402.0,2368.0,2395.0,79200,0.0,0.0
2023-01-10 09:00:00+09:00,2410.0,2485.0,2401.0,2473.0,65400,0.0,0.0
2023-01-10 10:00:00+09:00,2473.0,2517.0,2461.0,2514.0,52400,0.0,0.0
2023-01-10 11:00:00+09:00,2512.0,2524.0,2496.0,2496.0,0,0.0,0.0
2023-01-10 12:00:00+09:00,2494.0,2496.0,2467.0,2484.0,181200,0.0,0.0
2023-01-10 13:00:00+09:00,2486.0,2486.0,2470.0,2474.0,28700,0.0,0.0
2023-01-10 14:00:00+09:00,2474.0,2476.0,2466.0,2466.0,36000,0.0,0.0
2023-01-11 09:00:00+09:00,2444.0,2517.0,2434.0,2511.0,175200,0.0,0.0
2023-01-11 10:00:00+09:00,2512.0,2599.0,2512.0,2565.0,96200,0.0,0.0
2023-01-11 11:00:00+09:00,2569.0,2579.0,2563.0,2571.0,0,0.0,0.0
2023-01-11 12:00:00+09:00,2566.0,2575.0,2538.0,2543.0,324700,0.0,0.0
2023-01-11 13:00:00+09:00,2543.0,2550.0,2535.0,2538.0,25000,0.0,0.0
2023-01-11 14:00:00+09:00,2536.0,2539.0,2525.0,2539.0,30600,0.0,0.0
2023-01-12 09:00:00+09:00,2537.0,2561.0,2507.0,2549.0,0,0.0,0.0
2023-01-12 10:00:00+09:00,2550.0,2563.0,2543.0,2557.0,36000,0.0,0.0
2023-01-12 11:00:00+09:00,2560.0,2560.0,2550.0,2552.0,0,0.0,0.0
2023-01-12 12:00:00+09:00,2530.0,2555.0,2530.0,2551.0,50100,0.0,0.0
2023-01-12 13:00:00+09:00,2552.0,2560.0,2540.0,2544.0,15200,0.0,0.0
2023-01-12 14:00:00+09:00,2544.0,2544.0,2531.0,2533.0,18900,0.0,0.0
2023-01-13 09:00:00+09:00,2520.0,2577.0,2492.0,2568.0,32300,0.0,0.0
2023-01-13 10:00:00+09:00,2568.0,2568.0,2511.0,2536.0,25700,0.0,0.0
2023-01-13 11:00:00+09:00,2537.0,2538.0,2520.0,2523.0,0,0.0,0.0
2023-01-13 12:00:00+09:00,2513.0,2513.0,2481.0,2485.0,89800,0.0,0.0
2023-01-13 13:00:00+09:00,2485.0,2487.0,2470.0,2471.0,28100,0.0,0.0
2023-01-13 14:00:00+09:00,2472.0,2475.0,2460.0,2472.0,41600,0.0,0.0
2023-01-16 09:00:00+09:00,2446.0,2453.0,2406.0,2412.0,41500,0.0,0.0
2023-01-16 10:00:00+09:00,2413.0,2422.0,2410.0,2420.0,16800,0.0,0.0
2023-01-16 11:00:00+09:00,2421.0,2421.0,2412.0,2412.0,0,0.0,0.0
2023-01-16 12:00:00+09:00,2404.0,2415.0,2404.0,2413.0,73000,0.0,0.0
2023-01-16 13:00:00+09:00,2413.0,2422.0,2413.0,2419.0,9000,0.0,0.0
2023-01-16 14:00:00+09:00,2418.0,2422.0,2401.0,2403.0,16100,0.0,0.0
2023-01-17 09:00:00+09:00,2378.0,2434.0,2371.0,2417.0,37400,0.0,0.0
2023-01-17 10:00:00+09:00,2416.0,2428.0,2413.0,2414.0,16600,0.0,0.0
2023-01-17 11:00:00+09:00,2415.0,2422.0,2400.0,2401.0,0,0.0,0.0
2023-01-17 12:00:00+09:00,2400.0,2427.0,2400.0,2427.0,77600,0.0,0.0
2023-01-17 13:00:00+09:00,2427.0,2428.0,2419.0,2423.0,13000,0.0,0.0
2023-01-17 14:00:00+09:00,2424.0,2425.0,2406.0,2415.0,33600,0.0,0.0
2023-01-18 09:00:00+09:00,2415.0,2425.0,2379.0,2407.0,32800,0.0,0.0
2023-01-18 10:00:00+09:00,2408.0,2420.0,2401.0,2408.0,13500,0.0,0.0
2023-01-18 11:00:00+09:00,2411.0,2412.0,2398.0,2399.0,0,0.0,0.0
2023-01-18 12:00:00+09:00,2438.0,2455.0,2415.0,2422.0,81900,0.0,0.0
2023-01-18 13:00:00+09:00,2426.0,2443.0,2426.0,2443.0,21300,0.0,0.0
2023-01-18 14:00:00+09:00,2443.0,2444.0,2428.0,2432.0,37300,0.0,0.0
2023-01-19 09:00:00+09:00,2460.0,2480.0,2449.0,2468.0,38800,0.0,0.0
2023-01-19 10:00:00+09:00,2468.0,2470.0,2453.0,2461.0,12700,0.0,0.0
2023-01-19 11:00:00+09:00,2461.0,2472.0,2461.0,2467.0,0,0.0,0.0
2023-01-19 12:00:00+09:00,2467.0,2468.0,2457.0,2460.0,71200,0.0,0.0
2023-01-19 13:00:00+09:00,2459.0,2469.0,2453.0,2455.0,19200,0.0,0.0
2023-01-19 14:00:00+09:00,2455.0,2456.0,2444.0,2447.0,25000,0.0,0.0
2023-01-20 09:00:00+09:00,2448.0,2495.0,2439.0,2465.0,50300,0.0,0.0
2023-01-20 10:00:00+09:00,2467.0,2485.0,2462.0,2485.0,20400,0.0,0.0
2023-01-20 11:00:00+09:00,2483.0,2506.0,2483.0,2486.0,0,0.0,0.0
2023-01-20 12:00:00+09:00,2489.0,2514.0,2478.0,2510.0,166400,0.0,0.0
2023-01-20 13:00:00+09:00,2512.0,2518.0,2483.0,2486.0,41600,0.0,0.0
2023-01-20 14:00:00+09:00,2489.0,2498.0,2488.0,2494.0,21600,0.0,0.0
2023-01-23 09:00:00+09:00,2540.0,2561.0,2531.0,2540.0,53900,0.0,0.0
2023-01-23 10:00:00+09:00,2541.0,2553.0,2532.0,2533.0,17800,0.0,0.0
2023-01-23 11:00:00+09:00,2533.0,2533.0,2516.0,2525.0,0,0.0,0.0
2023-01-23 12:00:00+09:00,2520.0,2521.0,2503.0,2518.0,102000,0.0,0.0
2023-01-23 13:00:00+09:00,2517.0,2541.0,2517.0,2529.0,18200,0.0,0.0
2023-01-23 14:00:00+09:00,2528.0,2539.0,2523.0,2529.0,42400,0.0,0.0
2023-01-24 09:00:00+09:00,2594.0,2610.0,2583.0,2599.0,61200,0.0,0.0
2023-01-24 10:00:00+09:00,2598.0,2632.0,2584.0,2623.0,55600,0.0,0.0
2023-01-24 11:00:00+09:00,2622.0,2644.0,2622.0,2639.0,0,0.0,0.0
2023-01-24 12:00:00+09:00,2639.0,2640.0,2620.0,2624.0,183200,0.0,0.0
2023-01-24 13:00:00+09:00,2624.0,2629.0,2610.0,2616.0,24700,0.0,0.0
2023-01-24 14:00:00+09:00,2618.0,2623.0,2605.0,2605.0,44800,0.0,0.0
2023-01-25 09:00:00+09:00,2586.0,2609.0,2564.0,2593.0,26000,0.0,0.0
2023-01-25 10:00:00+09:00,2592.0,2605.0,2592.0,2605.0,10900,0.0,0.0
2023-01-25 11:00:00+09:00,2603.0,2619.0,2601.0,2616.0,0,0.0,0.0
2023-01-25 12:00:00+09:00,2620.0,2620.0,2604.0,2604.0,55100,0.0,0.0
2023-01-25 13:00:00+09:00,2605.0,2614.0,2600.0,2606.0,25400,0.0,0.0
2023-01-25 14:00:00+09:00,2606.0,2614.0,2604.0,2607.0,23200,0.0,0.0
2023-01-26 09:00:00+09:00,2600.0,2600.0,2557.0,2561.0,21600,0.0,0.0
2023-01-26 10:00:00+09:00,2563.0,2566.0,2537.0,2544.0,18800,0.0,0.0
2023-01-26 11:00:00+09:00,2545.0,2554.0,2542.0,2544.0,0,0.0,0.0
2023-01-26 12:00:00+09:00,2539.0,2545.0,2538.0,2545.0,65400,0.0,0.0
2023-01-26 13:00:00+09:00,2545.0,2550.0,2539.0,2541.0,18400,0.0,0.0
2023-01-26 14:00:00+09:00,2543.0,2554.0,2540.0,2548.0,31700,0.0,0.0
2023-01-27 09:00:00+09:00,2536.0,2539.0,2506.0,2517.0,64300,0.0,0.0
2023-01-27 10:00:00+09:00,2518.0,2518.0,2496.0,2497.0,41100,0.0,0.0
2023-01-27 11:00:00+09:00,2499.0,2500.0,2488.0,2490.0,0,0.0,0.0
2023-01-27 12:00:00+09:00,2497.0,2508.0,2483.0,2489.0,152500,0.0,0.0
2023-01-27 13:00:00+09:00,2490.0,2506.0,2488.0,2490.0,37800,0.0,0.0
2023-01-27 14:00:00+09:00,2490.0,2512.0,2490.0,2503.0,56300,0.0,0.0
2023-01-30 09:00:00+09:00,2469.0,2471.0,2448.0,2457.0,56100,0.0,0.0
2023-01-30 10:00:00+09:00,2458.0,2473.0,2458.0,2466.0,39600,0.0,0.0
2023-01-30 11:00:00+09:00,2467.0,2479.0,2465.0,2471.0,0,0.0,0.0
2023-01-30 12:00:00+09:00,2471.0,2488.0,2469.0,2483.0,129400,0.0,0.0
2023-01-30 13:00:00+09:00,2483.0,2488.0,2473.0,2483.0,32200,0.0,0.0
2023-01-30 14:00:00+09:00,2483.0,2490.0,2466.0,2488.0,38900,0.0,0.0
2023-01-31 09:00:00+09:00,2497.0,2550.0,2488.0,2550.0,54100,0.0,0.0
2023-01-31 10:00:00+09:00,2549.0,2549.0,2527.0,2533.0,19800,0.0,0.0
2023-01-31 11:00:00+09:00,2533.0,2537.0,2532.0,2537.0,0,0.0,0.0
2023-01-31 12:00:00+09:00,2537.0,2540.0,2528.0,2538.0,88900,0.0,0.0
2023-01-31 13:00:00+09:00,2537.0,2569.0,2535.0,2547.0,33100,0.0,0.0
2023-01-31 14:00:00+09:00,2548.0,2558.0,2537.0,2545.0,37600,0.0,0.0
2023-02-01 09:00:00+09:00,2563.0,2595.0,2544.0,2548.0,38400,0.0,0.0
2023-02-01 10:00:00+09:00,2552.0,2563.0,2548.0,2550.0,20000,0.0,0.0
2023-02-01 11:00:00+09:00,2549.0,2567.0,2549.0,2558.0,0,0.0,0.0
2023-02-01 12:00:00+09:00,2546.0,2554.0,2544.0,2547.0,83500,0.0,0.0
2023-02-01 13:00:00+09:00,2546.0,2575.0,2538.0,2570.0,45500,0.0,0.0
2023-02-01 14:00:00+09:00,2570.0,2570.0,2557.0,2560.0,49800,0.0,0.0
2023-02-02 09:00:00+09:00,2575.0,2584.0,2559.0,2576.0,24500,0.0,0.0
2023-02-02 10:00:00+09:00,2572.0,2574.0,2554.0,2554.0,11000,0.0,0.0
2023-02-02 11:00:00+09:00,2557.0,2562.0,2545.0,2546.0,0,0.0,0.0
2023-02-02 12:00:00+09:00,2536.0,2551.0,2536.0,2550.0,50700,0.0,0.0
2023-02-02 13:00:00+09:00,2551.0,2555.0,2548.0,2549.0,10000,0.0,0.0
2023-02-02 14:00:00+09:00,2549.0,2551.0,2536.0,2539.0,30300,0.0,0.0
2023-02-03 09:00:00+09:00,2526.0,2578.0,2513.0,2578.0,19600,0.0,0.0
2023-02-03 10:00:00+09:00,2576.0,2579.0,2561.0,2569.0,9300,0.0,0.0
2023-02-03 11:00:00+09:00,2570.0,2571.0,2563.0,2565.0,0,0.0,0.0
2023-02-03 12:00:00+09:00,2556.0,2556.0,2547.0,2550.0,43700,0.0,0.0
2023-02-03 13:00:00+09:00,2552.0,2552.0,2542.0,2546.0,13500,0.0,0.0
2023-02-03 14:00:00+09:00,2545.0,2547.0,2539.0,2547.0,16700,0.0,0.0
2023-02-06 09:00:00+09:00,2570.0,2570.0,2528.0,2528.0,38800,0.0,0.0
2023-02-06 10:00:00+09:00,2527.0,2531.0,2513.0,2515.0,16500,0.0,0.0
2023-02-06 11:00:00+09:00,2517.0,2518.0,2506.0,2510.0,0,0.0,0.0
2023-02-06 12:00:00+09:00,2501.0,2509.0,2492.0,2493.0,84100,0.0,0.0
2023-02-06 13:00:00+09:00,2492.0,2511.0,2485.0,2510.0,40500,0.0,0.0
2023-02-06 14:00:00+09:00,2511.0,2524.0,2505.0,2520.0,37400,0.0,0.0
2023-02-07 09:00:00+09:00,2549.0,2555.0,2489.0,2517.0,0,0.0,0.0
2023-02-07 10:00:00+09:00,2517.0,2517.0,2507.0,2516.0,59900,0.0,0.0
2023-02-07 11:00:00+09:00,2514.0,2517.0,2508.0,2508.0,0,0.0,0.0
2023-02-07 12:00:00+09:00,2514.0,2515.0,2498.0,2498.0,87700,0.0,0.0
2023-02-07 13:00:00+09:00,2498.0,2498.0,2490.0,2492.0,28400,0.0,0.0
2023-02-07 14:00:00+09:00,2492.0,2503.0,2491.0,2503.0,34800,0.0,0.0
2023-02-08 09:00:00+09:00,2505.0,2521.0,2486.0,2519.0,40400,0.0,0.0
2023-02-08 10:00:00+09:00,2520.0,2527.0,2510.0,2515.0,22800,0.0,0.0
2023-02-08 11:00:00+09:00,2515.0,2525.0,2512.0,2525.0,0,0.0,0.0
2023-02-08 12:00:00+09:00,2518.0,2529.0,2516.0,2529.0,86800,0.0,0.0
2023-02-08 13:00:00+09:00,2528.0,2529.0,2520.0,2523.0,18600,0.0,0.0
2023-02-08 14:00:00+09:00,2522.0,2535.0,2521.0,2532.0,28700,0.0,0.0
2023-02-09 09:00:00+09:00,2516.0,2530.0,2491.0,2512.0,21000,0.0,0.0
2023-02-09 10:00:00+09:00,2510.0,2513.0,2496.0,2501.0,10900,0.0,0.0
2023-02-09 11:00:00+09:00,2502.0,2520.0,2492.0,2506.0,0,0.0,0.0
2023-02-09 12:00:00+09:00,2506.0,2511.0,2500.0,2510.0,64700,0.0,0.0
2023-02-09 13:00:00+09:00,2511.0,2518.0,2511.0,2514.0,11900,0.0,0.0
2023-02-09 14:00:00+09:00,2513.0,2515.0,2503.0,2508.0,23100,0.0,0.0
2023-02-10 09:00:00+09:00,2508.0,2565.0,2506.0,2551.0,0,0.0,0.0
2023-02-10 10:00:00+09:00,2552.0,2578.0,2548.0,2553.0,72200,0.0,0.0
2023-02-10 11:00:00+09:00,2551.0,2554.0,2535.0,2536.0,0,0.0,0.0
2023-02-10 12:00:00+09:00,2532.0,2536.0,2517.0,2524.0,91100,0.0,0.0
2023-02-10 13:00:00+09:00,2529.0,2537.0,2521.0,2534.0,11600,0.0,0.0
2023-02-10 14:00:00+09:00,2535.0,2540.0,2527.0,2539.0,31100,0.0,0.0
2023-02-13 09:00:00+09:00,2521.0,2533.0,2512.0,2520.0,70800,0.0,0.0
2023-02-13 10:00:00+09:00,2519.0,2520.0,2475.0,2494.0,49900,0.0,0.0
2023-02-13 11:00:00+09:00,2493.0,2493.0,2479.0,2479.0,0,0.0,0.0
2023-02-13 12:00:00+09:00,2479.0,2492.0,2479.0,2486.0,156300,0.0,0.0
2023-02-13 13:00:00+09:00,2485.0,2491.0,2477.0,2483.0,25700,0.0,0.0
2023-02-13 14:00:00+09:00,2483.0,2502.0,2483.0,2490.0,41400,0.0,0.0
2023-02-15 09:00:00+09:00,2003.0,2020.0,1932.0,1941.0,401100,0.0,0.0
2023-02-15 10:00:00+09:00,1940.0,1943.0,1930.0,1933.0,111700,0.0,0.0
2023-02-15 11:00:00+09:00,1934.0,1935.0,1909.0,1911.0,0,0.0,0.0
2023-02-15 12:00:00+09:00,1907.0,1910.0,1891.0,1894.0,705300,0.0,0.0
2023-02-15 13:00:00+09:00,1894.0,1894.0,1869.0,1873.0,142900,0.0,0.0
2023-02-15 14:00:00+09:00,1873.0,1886.0,1868.0,1868.0,124200,0.0,0.0
2023-02-16 09:00:00+09:00,1931.0,2001.0,1930.0,2001.0,336000,0.0,0.0
2023-02-16 10:00:00+09:00,2001.0,2006.0,1974.0,1981.0,125800,0.0,0.0
2023-02-16 11:00:00+09:00,1982.0,2009.0,1982.0,2007.0,0,0.0,0.0
2023-02-16 12:00:00+09:00,2009.0,2017.0,1999.0,2007.0,611900,0.0,0.0
2023-02-16 13:00:00+09:00,2007.0,2021.0,2000.0,2011.0,84500,0.0,0.0
2023-02-16 14:00:00+09:00,2011.0,2025.0,2007.0,2022.0,91900,0.0,0.0
2023-02-17 09:00:00+09:00,2060.0,2104.0,2049.0,2078.0,288600,0.0,0.0
2023-02-17 10:00:00+09:00,2078.0,2088.0,2066.0,2066.0,71900,0.0,0.0
2023-02-17 11:00:00+09:00,2066.0,2074.0,2058.0,2074.0,0,0.0,0.0
2023-02-17 12:00:00+09:00,2068.0,2072.0,2030.0,2044.0,480500,0.0,0.0
2023-02-17 13:00:00+09:00,2045.0,2053.0,2030.0,2037.0,80400,0.0,0.0
2023-02-17 14:00:00+09:00,2038.0,2050.0,2034.0,2041.0,97400,0.0,0.0
2023-02-20 09:00:00+09:00,2072.0,2100.0,2064.0,2075.0,0,0.0,0.0
2023-02-20 10:00:00+09:00,2074.0,2082.0,2073.0,2081.0,129000,0.0,0.0
2023-02-20 11:00:00+09:00,2080.0,2081.0,2073.0,2080.0,0,0.0,0.0
2023-02-20 12:00:00+09:00,2076.0,2084.0,2074.0,2080.0,155400,0.0,0.0
2023-02-20 13:00:00+09:00,2084.0,2094.0,2084.0,2093.0,38300,0.0,0.0
2023-02-20 14:00:00+09:00,2093.0,2099.0,2087.0,2098.0,101600,0.0,0.0
2023-02-21 09:00:00+09:00,2105.0,2142.0,2101.0,2131.0,70100,0.0,0.0
2023-02-21 10:00:00+09:00,2130.0,2139.0,2128.0,2138.0,26400,0.0,0.0
2023-02-21 11:00:00+09:00,2138.0,2140.0,2132.0,2140.0,0,0.0,0.0
2023-02-21 12:00:00+09:00,2148.0,2150.0,2138.0,2141.0,134500,0.0,0.0
2023-02-21 13:00:00+09:00,2141.0,2141.0,2134.0,2134.0,26400,0.0,0.0
2023-02-21 14:00:00+09:00,2134.0,2135.0,2125.0,2130.0,62500,0.0,0.0
2023-02-22 09:00:00+09:00,2090.0,2150.0,2081.0,2150.0,80400,0.0,0.0
2023-02-22 10:00:00+09:00,2150.0,2157.0,2135.0,2146.0,39200,0.0,0.0
2023-02-22 11:00:00+09:00,2147.0,2149.0,2137.0,2148.0,0,0.0,0.0
2023-02-22 12:00:00+09:00,2154.0,2154.0,2144.0,2144.0,160800,0.0,0.0
2023-02-22 13:00:00+09:00,2144.0,2149.0,2138.0,2142.0,31100,0.0,0.0
2023-02-22 14:00:00+09:00,2142.0,2142.0,2130.0,2138.0,54500,0.0,0.0
2023-02-24 09:00:00+09:00,2159.0,2174.0,2157.0,2172.0,66700,0.0,0.0
2023-02-24 10:00:00+09:00,2172.0,2179.0,2164.0,2172.0,37900,0.0,0.0
2023-02-24 11:00:00+09:00,2172.0,2175.0,2167.0,2175.0,0,0.0,0.0
2023-02-24 12:00:00+09:00,2178.0,2184.0,2177.0,2184.0,151800,0.0,0.0
2023-02-24 13:00:00+09:00,2184.0,2184.0,2171.0,2175.0,26200,0.0,0.0
2023-02-24 14:00:00+09:00,2175.0,2175.0,2152.0,2164.0,40800,0.0,0.0
2023-02-27 09:00:00+09:00,2151.0,2170.0,2147.0,2164.0,58300,0.0,0.0
2023-02-27 10:00:00+09:00,2164.0,2195.0,2164.0,2191.0,28400,0.0,0.0
2023-02-27 11:00:00+09:00,2192.0,2200.0,2190.0,2200.0,0,0.0,0.0
2023-02-27 12:00:00+09:00,2201.0,2207.0,2194.0,2201.0,122300,0.0,0.0
2023-02-27 13:00:00+09:00,2202.0,2209.0,2201.0,2202.0,30500,0.0,0.0
2023-02-27 14:00:00+09:00,2203.0,2216.0,2201.0,2213.0,44100,0.0,0.0
2023-02-28 09:00:00+09:00,2212.0,2237.0,2195.0,2215.0,0,0.0,0.0
2023-02-28 10:00:00+09:00,2218.0,2224.0,2212.0,2218.0,73000,0.0,0.0
2023-02-28 11:00:00+09:00,2218.0,2226.0,2214.0,2223.0,0,0.0,0.0
2023-02-28 12:00:00+09:00,2222.0,2230.0,2220.0,2229.0,103600,0.0,0.0
2023-02-28 13:00:00+09:00,2227.0,2229.0,2217.0,2226.0,25100,0.0,0.0
2023-02-28 14:00:00+09:00,2227.0,2232.0,2219.0,2230.0,40600,0.0,0.0
2023-03-01 09:00:00+09:00,2219.0,2251.0,2205.0,2209.0,51300,0.0,0.0
2023-03-01 10:00:00+09:00,2210.0,2215.0,2192.0,2203.0,41400,0.0,0.0
2023-03-01 11:00:00+09:00,2204.0,2207.0,2198.0,2205.0,0,0.0,0.0
2023-03-01 12:00:00+09:00,2205.0,2221.0,2205.0,2214.0,124500,0.0,0.0
2023-03-01 13:00:00+09:00,2213.0,2224.0,2208.0,2220.0,22300,0.0,0.0
2023-03-01 14:00:00+09:00,2222.0,2229.0,2213.0,2223.0,40600,0.0,0.0
2023-03-02 09:00:00+09:00,2251.0,2251.0,2234.0,2235.0,27200,0.0,0.0
2023-03-02 10:00:00+09:00,2237.0,2244.0,2222.0,2227.0,14500,0.0,0.0
2023-03-02 11:00:00+09:00,2227.0,2253.0,2227.0,2253.0,0,0.0,0.0
2023-03-02 12:00:00+09:00,2255.0,2255.0,2229.0,2231.0,73000,0.0,0.0
2023-03-02 13:00:00+09:00,2230.0,2240.0,2226.0,2227.0,15300,0.0,0.0
2023-03-02 14:00:00+09:00,2227.0,2230.0,2199.0,2212.0,45200,0.0,0.0
2023-03-03 09:00:00+09:00,2255.0,2264.0,2235.0,2252.0,65200,0.0,0.0
2023-03-03 10:00:00+09:00,2253.0,2254.0,2213.0,2224.0,38600,0.0,0.0
2023-03-03 11:00:00+09:00,2227.0,2228.0,2218.0,2220.0,0,0.0,0.0
2023-03-03 12:00:00+09:00,2224.0,2225.0,2208.0,2210.0,152400,0.0,0.0
2023-03-03 13:00:00+09:00,2209.0,2227.0,2209.0,2222.0,32900,0.0,0.0
2023-03-03 14:00:00+09:00,2224.0,2237.0,2224.0,2233.0,42400,0.0,0.0
2023-03-06 09:00:00+09:00,2231.0,2248.0,2229.0,2248.0,27700,0.0,0.0
2023-03-06 10:00:00+09:00,2247.0,2268.0,2247.0,2263.0,26400,0.0,0.0
2023-03-06 11:00:00+09:00,2265.0,2277.0,2264.0,2275.0,0,0.0,0.0
2023-03-06 12:00:00+09:00,2283.0,2292.0,2277.0,2290.0,89500,0.0,0.0
2023-03-06 13:00:00+09:00,2289.0,2293.0,2275.0,2279.0,21800,0.0,0.0
2023-03-06 14:00:00+09:00,2280.0,2291.0,2279.0,2288.0,36600,0.0,0.0
2023-03-07 09:00:00+09:00,2271.0,2328.0,2271.0,2319.0,51500,0.0,0.0
2023-03-07 10:00:00+09:00,2320.0,2320.0,2291.0,2300.0,30000,0.0,0.0
2023-03-07 11:00:00+09:00,2299.0,2311.0,2296.0,2296.0,0,0.0,0.0
2023-03-07 12:00:00+09:00,2302.0,2302.0,2290.0,2300.0,110800,0.0,0.0
2023-03-07 13:00:00+09:00,2299.0,2300.0,2289.0,2292.0,23600,0.0,0.0
2023-03-07 14:00:00+09:00,2293.0,2303.0,2289.0,2301.0,43400,0.0,0.0
2023-03-08 09:00:00+09:00,2285.0,2338.0,2274.0,2337.0,48600,0.0,0.0
2023-03-08 10:00:00+09:00,2339.0,2339.0,2322.0,2322.0,13800,0.0,0.0
2023-03-08 11:00:00+09:00,2324.0,2325.0,2313.0,2313.0,0,0.0,0.0
2023-03-08 12:00:00+09:00,2317.0,2317.0,2302.0,2305.0,89900,0.0,0.0
2023-03-08 13:00:00+09:00,2305.0,2313.0,2303.0,2303.0,15900,0.0,0.0
2023-03-08 14:00:00+09:00,2304.0,2310.0,2294.0,2305.0,33100,0.0,0.0
2023-03-09 09:00:00+09:00,2331.0,2348.0,2314.0,2320.0,48000,0.0,0.0
2023-03-09 10:00:00+09:00,2320.0,2326.0,2317.0,2319.0,12900,0.0,0.0
2023-03-09 11:00:00+09:00,2320.0,2330.0,2320.0,2323.0,0,0.0,0.0
2023-03-09 12:00:00+09:00,2324.0,2326.0,2316.0,2319.0,80100,0.0,0.0
2023-03-09 13:00:00+09:00,2321.0,2330.0,2320.0,2321.0,9900,0.0,0.0
2023-03-09 14:00:00+09:00,2321.0,2333.0,2320.0,2327.0,21100,0.0,0.0
2023-03-10 09:00:00+09:00,2294.0,2308.0,2283.0,2283.0,64800,0.0,0.0
2023-03-10 10:00:00+09:00,2283.0,2285.0,2265.0,2274.0,21900,0.0,0.0
2023-03-10 11:00:00+09:00,2274.0,2276.0,2266.0,2266.0,0,0.0,0.0
2023-03-10 12:00:00+09:00,2268.0,2291.0,2267.0,2267.0,109300,0.0,0.0
2023-03-10 13:00:00+09:00,2266.0,2273.0,2263.0,2268.0,23300,0.0,0.0
2023-03-10 14:00:00+09:00,2270.0,2276.0,2265.0,2265.0,13500,0.0,0.0
2023-03-13 09:00:00+09:00,2216.0,2233.0,2181.0,2204.0,0,0.0,0.0
2023-03-13 10:00:00+09:00,2204.0,2210.0,2184.0,2205.0,104000,0.0,0.0
2023-03-13 11:00:00+09:00,2206.0,2209.0,2202.0,2208.0,0,0.0,0.0
2023-03-13 12:00:00+09:00,2208.0,2225.0,2208.0,2208.0,125400,0.0,0.0
2023-03-13 13:00:00+09:00,2208.0,2213.0,2198.0,2206.0,15200,0.0,0.0
2023-03-13 14:00:00+09:00,2206.0,2217.0,2200.0,2217.0,28700,0.0,0.0
2023-03-14 09:00:00+09:00,2169.0,2175.0,2118.0,2118.0,69700,0.0,0.0
2023-03-14 10:00:00+09:00,2120.0,2162.0,2120.0,2154.0,34700,0.0,0.0
2023-03-14 11:00:00+09:00,2155.0,2173.0,2153.0,2162.0,0,0.0,0.0
2023-03-14 12:00:00+09:00,2160.0,2164.0,2150.0,2154.0,134700,0.0,0.0
2023-03-14 13:00:00+09:00,2152.0,2152.0,2143.0,2144.0,19800,0.0,0.0
2023-03-14 14:00:00+09:00,2143.0,2144.0,2127.0,2131.0,31900,0.0,0.0
2023-03-15 09:00:00+09:00,2184.0,2184.0,2113.0,2128.0,104800,0.0,0.0
2023-03-15 10:00:00+09:00,2130.0,2173.0,2128.0,2172.0,36200,0.0,0.0
2023-03-15 11:00:00+09:00,2176.0,2190.0,2170.0,2186.0,0,0.0,0.0
2023-03-15 12:00:00+09:00,2186.0,2186.0,2161.0,2164.0,161500,0.0,0.0
2023-03-15 13:00:00+09:00,2163.0,2167.0,2153.0,2155.0,15300,0.0,0.0
2023-03-15 14:00:00+09:00,2155.0,2155.0,2135.0,2147.0,39400,0.0,0.0
2023-03-16 09:00:00+09:00,2091.0,2145.0,2081.0,2141.0,50900,0.0,0.0
2023-03-16 10:00:00+09:00,2140.0,2147.0,2118.0,2119.0,26800,0.0,0.0
2023-03-16 11:00:00+09:00,2124.0,2133.0,2113.0,2128.0,0,0.0,0.0
2023-03-16 12:00:00+09:00,2121.0,2134.0,2116.0,2121.0,107700,0.0,0.0
2023-03-16 13:00:00+09:00,2121.0,2131.0,2114.0,2130.0,22200,0.0,0.0
2023-03-16 14:00:00+09:00,2127.0,2133.0,2122.0,2131.0,26600,0.0,0.0
2023-03-17 09:00:00+09:00,2170.0,2181.0,2152.0,2172.0,40900,0.0,0.0
2023-03-17 10:00:00+09:00,2173.0,2175.0,2160.0,2169.0,15900,0.0,0.0
2023-03-17 11:00:00+09:00,2167.0,2168.0,2162.0,2162.0,0,0.0,0.0
2023-03-17 12:00:00+09:00,2157.0,2178.0,2156.0,2174.0,80600,0.0,0.0
2023-03-17 13:00:00+09:00,2173.0,2183.0,2164.0,2167.0,0,0.0,0.0
2023-03-17 14:00:00+09:00,2169.0,2169.0,2153.0,2153.0,138600,0.0,0.0
2023-03-20 09:00:00+09:00,2142.0,2147.0,2120.0,2127.0,52700,0.0,0.0
2023-03-20 10:00:00+09:00,2129.0,2129.0,2105.0,2114.0,19800,0.0,0.0
2023-03-20 11:00:00+09:00,2115.0,2120.0,2113.0,2116.0,0,0.0,0.0
2023-03-20 12:00:00+09:00,2106.0,2121.0,2096.0,2115.0,106400,0.0,0.0
2023-03-20 13:00:00+09:00,2116.0,2121.0,2101.0,2110.0,23300,0.0,0.0
2023-03-20 14:00:00+09:00,2110.0,2110.0,2097.0,2107.0,43300,0.0,0.0
2023-03-22 09:00:00+09:00,2155.0,2163.0,2120.0,2124.0,60600,0.0,0.0
2023-03-22 10:00:00+09:00,2126.0,2145.0,2112.0,2137.0,33100,0.0,0.0
2023-03-22 11:00:00+09:00,2138.0,2139.0,2128.0,2135.0,0,0.0,0.0
2023-03-22 12:00:00+09:00,2139.0,2139.0,2120.0,2125.0,123800,0.0,0.0
2023-03-22 13:00:00+09:00,2126.0,2135.0,2125.0,2135.0,17100,0.0,0.0
2023-03-22 14:00:00+09:00,2136.0,2138.0,2130.0,2138.0,35800,0.0,0.0
2023-03-23 09:00:00+09:00,2131.0,2151.0,2129.0,2146.0,24400,0.0,0.0
2023-03-23 10:00:00+09:00,2147.0,2158.0,2145.0,2152.0,14800,0.0,0.0
2023-03-23 11:00:00+09:00,2152.0,2156.0,2151.0,2154.0,0,0.0,0.0
2023-03-23 12:00:00+09:00,2160.0,2164.0,2159.0,2160.0,57600,0.0,0.0
2023-03-23 13:00:00+09:00,2161.0,2164.0,2156.0,2162.0,13800,0.0,0.0
2023-03-23 14:00:00+09:00,2163.0,2175.0,2159.0,2175.0,28900,0.0,0.0
2023-03-24 09:00:00+09:00,2155.0,2172.0,2150.0,2159.0,0,0.0,0.0
2023-03-24 10:00:00+09:00,2155.0,2155.0,2138.0,2144.0,28800,0.0,0.0
2023-03-24 11:00:00+09:00,2143.0,2148.0,2139.0,2141.0,0,0.0,0.0
2023-03-24 12:00:00+09:00,2141.0,2146.0,2125.0,2127.0,43500,0.0,0.0
2023-03-24 13:00:00+09:00,2128.0,2137.0,2128.0,2133.0,10200,0.0,0.0
2023-03-24 14:00:00+09:00,2132.0,2139.0,2131.0,2136.0,18600,0.0,0.0
2023-03-27 09:00:00+09:00,2152.0,2160.0,2117.0,2148.0,26000,0.0,0.0
2023-03-27 10:00:00+09:00,2147.0,2166.0,2146.0,2164.0,12700,0.0,0.0
2023-03-27 11:00:00+09:00,2162.0,2164.0,2156.0,2158.0,0,0.0,0.0
2023-03-27 12:00:00+09:00,2163.0,2169.0,2161.0,2164.0,55300,0.0,0.0
2023-03-27 13:00:00+09:00,2161.0,2167.0,2157.0,2161.0,10200,0.0,0.0
2023-03-27 14:00:00+09:00,2162.0,2163.0,2153.0,2156.0,17000,0.0,0.0
2023-03-28 09:00:00+09:00,2157.0,2157.0,2112.0,2119.0,28400,0.0,0.0
2023-03-28 10:00:00+09:00,2119.0,2124.0,2111.0,2111.0,11900,0.0,0.0
2023-03-28 11:00:00+09:00,2110.0,2115.0,2106.0,2115.0,0,0.0,0.0
2023-03-28 12:00:00+09:00,2116.0,2123.0,2112.0,2121.0,59200,0.0,0.0
2023-03-28 13:00:00+09:00,2122.0,2130.0,2122.0,2128.0,10100,0.0,0.0
2023-03-28 14:00:00+09:00,2127.0,2130.0,2123.0,2130.0,18100,0.0,0.0
2023-03-29 09:00:00+09:00,2125.0,2125.0,2090.0,2099.0,23900,0.0,0.0
2023-03-29 10:00:00+09:00,2099.0,2109.0,2098.0,2109.0,12200,0.0,0.0
2023-03-29 11:00:00+09:00,2109.0,2112.0,2104.0,2112.0,0,0.0,0.0
2023-03-29 12:00:00+09:00,2114.0,2126.0,2114.0,2123.0,53700,0.0,0.0
2023-03-29 13:00:00+09:00,2123.0,2134.0,2123.0,2133.0,13700,0.0,0.0
2023-03-29 14:00:00+09:00,2133.0,2154.0,2130.0,2154.0,33700,0.0,0.0
2023-03-30 09:00:00+09:00,2180.0,2189.0,2155.0,2162.0,26700,0.0,0.0
2023-03-30 10:00:00+09:00,2161.0,2167.0,2152.0,2152.0,14300,0.0,0.0
2023-03-30 11:00:00+09:00,2153.0,2154.0,2147.0,2153.0,0,0.0,0.0
2023-03-30 12:00:00+09:00,2147.0,2161.0,2144.0,2159.0,55800,0.0,0.0
2023-03-30 13:00:00+09:00,2160.0,2170.0,2159.0,2166.0,14700,0.0,0.0
2023-03-30 14:00:00+09:00,2167.0,2180.0,2164.0,2172.0,34800,0.0,0.0
2023-03-31 09:00:00+09:00,2210.0,2230.0,2195.0,2223.0,37100,0.0,0.0
2023-03-31 10:00:00+09:00,2222.0,2230.0,2221.0,2226.0,14400,0.0,0.0
2023-03-31 11:00:00+09:00,2224.0,2224.0,2197.0,2201.0,0,0.0,0.0
2023-03-31 12:00:00+09:00,2204.0,2211.0,2202.0,2206.0,73300,0.0,0.0
2023-03-31 13:00:00+09:00,2207.0,2219.0,2207.0,2215.0,13200,0.0,0.0
2023-03-31 14:00:00+09:00,2213.0,2216.0,2208.0,2216.0,27000,0.0,0.0
2023-04-03 09:00:00+09:00,2224.0,2224.0,2172.0,2179.0,26500,0.0,0.0
2023-04-03 10:00:00+09:00,2181.0,2186.0,2169.0,2172.0,13700,0.0,0.0
2023-04-03 11:00:00+09:00,2172.0,2180.0,2172.0,2180.0,0,0.0,0.0
2023-04-03 12:00:00+09:00,2180.0,2189.0,2180.0,2185.0,59700,0.0,0.0
2023-04-03 13:00:00+09:00,2185.0,2185.0,2177.0,2179.0,12300,0.0,0.0
2023-04-03 14:00:00+09:00,2178.0,2185.0,2173.0,2177.0,26100,0.0,0.0
2023-04-04 09:00:00+09:00,2150.0,2172.0,2146.0,2162.0,18200,0.0,0.0
2023-04-04 10:00:00+09:00,2163.0,2163.0,2145.0,2149.0,13600,0.0,0.0
2023-04-04 11:00:00+09:00,2149.0,2151.0,2145.0,2150.0,0,0.0,0.0
2023-04-04 12:00:00+09:00,2152.0,2157.0,2149.0,2154.0,43100,0.0,0.0
2023-04-04 13:00:00+09:00,2154.0,2163.0,2151.0,2155.0,15200,0.0,0.0
2023-04-04 14:00:00+09:00,2154.0,2161.0,2151.0,2153.0,21900,0.0,0.0
2023-04-05 09:00:00+09:00,2117.0,2125.0,2105.0,2114.0,32700,0.0,0.0
2023-04-05 10:00:00+09:00,2115.0,2119.0,2108.0,2111.0,12800,0.0,0.0
2023-04-05 11:00:00+09:00,2110.0,2115.0,2108.0,2111.0,0,0.0,0.0
2023-04-05 12:00:00+09:00,2111.0,2112.0,2098.0,2100.0,68200,0.0,0.0
2023-04-05 13:00:00+09:00,2100.0,2103.0,2097.0,2100.0,8200,0.0,0.0
2023-04-05 14:00:00+09:00,2100.0,2105.0,2098.0,2101.0,21400,0.0,0.0
2023-04-06 09:00:00+09:00,2058.0,2065.0,2043.0,2057.0,32800,0.0,0.0
2023-04-06 10:00:00+09:00,2059.0,2059.0,2041.0,2049.0,13000,0.0,0.0
2023-04-06 11:00:00+09:00,2049.0,2051.0,2044.0,2050.0,0,0.0,0.0
2023-04-06 12:00:00+09:00,2050.0,2055.0,2046.0,2047.0,59800,0.0,0.0
2023-04-06 13:00:00+09:00,2046.0,2048.0,2038.0,2041.0,8500,0.0,0.0
2023-04-06 14:00:00+09:00,2041.0,2047.0,2036.0,2040.0,16900,0.0,0.0
2023-04-07 09:00:00+09:00,2042.0,2065.0,2042.0,2064.0,15900,0.0,0.0
2023-04-07 10:00:00+09:00,2063.0,2067.0,2052.0,2052.0,15100,0.0,0.0
2023-04-07 11:00:00+09:00,2052.0,2057.0,2050.0,2054.0,0,0.0,0.0
2023-04-07 12:00:00+09:00,2052.0,2057.0,2045.0,2057.0,53100,0.0,0.0
2023-04-07 13:00:00+09:00,2058.0,2066.0,2058.0,2064.0,12700,0.0,0.0
2023-04-07 14:00:00+09:00,2064.0,2073.0,2064.0,2066.0,19700,0.0,0.0
2023-04-10 09:00:00+09:00,2081.0,2092.0,2052.0,2083.0,40800,0.0,0.0
2023-04-10 10:00:00+09:00,2084.0,2084.0,2067.0,2077.0,13100,0.0,0.0
2023-04-10 11:00:00+09:00,2077.0,2080.0,2075.0,2079.0,0,0.0,0.0
2023-04-10 12:00:00+09:00,2073.0,2082.0,2073.0,2079.0,66800,0.0,0.0
2023-04-10 13:00:00+09:00,2080.0,2085.0,2079.0,2081.0,9100,0.0,0.0
2023-04-10 14:00:00+09:00,2081.0,2085.0,2076.0,2083.0,11400,0.0,0.0
2023-04-11 09:00:00+09:00,2124.0,2130.0,2104.0,2110.0,17600,0.0,0.0
2023-04-11 10:00:00+09:00,2106.0,2121.0,2106.0,2118.0,19100,0.0,0.0
2023-04-11 11:00:00+09:00,2120.0,2121.0,2114.0,2118.0,0,0.0,0.0
2023-04-11 12:00:00+09:00,2113.0,2120.0,2110.0,2120.0,57500,0.0,0.0
2023-04-11 13:00:00+09:00,2119.0,2121.0,2116.0,2117.0,6400,0.0,0.0
2023-04-11 14:00:00+09:00,2116.0,2124.0,2116.0,2123.0,16800,0.0,0.0
2023-04-12 09:00:00+09:00,2179.0,2180.0,2142.0,2162.0,47000,0.0,0.0
2023-04-12 10:00:00+09:00,2161.0,2164.0,2145.0,2151.0,20100,0.0,0.0
2023-04-12 11:00:00+09:00,2152.0,2161.0,2152.0,2159.0,0,0.0,0.0
2023-04-12 12:00:00+09:00,2166.0,2172.0,2161.0,2171.0,86100,0.0,0.0
2023-04-12 13:00:00+09:00,2171.0,2175.0,2168.0,2169.0,16000,0.0,0.0
2023-04-12 14:00:00+09:00,2170.0,2177.0,2167.0,2172.0,27100,0.0,0.0
2023-04-13 09:00:00+09:00,2131.0,2131.0,2118.0,2121.0,23300,0.0,0.0
2023-04-13 10:00:00+09:00,2120.0,2132.0,2120.0,2123.0,15700,0.0,0.0
2023-04-13 11:00:00+09:00,2124.0,2126.0,2121.0,2126.0,0,0.0,0.0
2023-04-13 12:00:00+09:00,2126.0,2130.0,2120.0,2124.0,54200,0.0,0.0
2023-04-13 13:00:00+09:00,2125.0,2138.0,2124.0,2136.0,0,0.0,0.0
2023-04-13 14:00:00+09:00,2137.0,2143.0,2137.0,2140.0,93300,0.0,0.0
2023-04-14 09:00:00+09:00,2169.0,2169.0,2134.0,2138.0,21700,0.0,0.0
2023-04-14 10:00:00+09:00,2137.0,2137.0,2124.0,2126.0,14900,0.0,0.0
2023-04-14 11:00:00+09:00,2127.0,2130.0,2122.0,2126.0,0,0.0,0.0
2023-04-14 12:00:00+09:00,2133.0,2138.0,2130.0,2137.0,50600,0.0,0.0
2023-04-14 13:00:00+09:00,2137.0,2137.0,2130.0,2135.0,13000,0.0,0.0
2023-04-14 14:00:00+09:00,2135.0,2143.0,2132.0,2135.0,30400,0.0,0.0
2023-04-17 09:00:00+09:00,2137.0,2147.0,2122.0,2122.0,0,0.0,0.0
2023-04-17 10:00:00+09:00,2120.0,2128.0,2117.0,2123.0,23500,0.0,0.0
2023-04-17 11:00:00+09:00,2122.0,2127.0,2122.0,2124.0,0,0.0,0.0
2023-04-17 12:00:00+09:00,2127.0,2127.0,2117.0,2123.0,34000,0.0,0.0
2023-04-17 13:00:00+09:00,2122.0,2132.0,2122.0,2128.0,11100,0.0,0.0
2023-04-17 14:00:00+09:00,2127.0,2139.0,2125.0,2135.0,15600,0.0,0.0
2023-04-18 09:00:00+09:00,2130.0,2130.0,2100.0,2104.0,32100,0.0,0.0
2023-04-18 10:00:00+09:00,2103.0,2110.0,2101.0,2103.0,10800,0.0,0.0
2023-04-18 11:00:00+09:00,2105.0,2108.0,2101.0,2101.0,0,0.0,0.0
2023-04-18 12:00:00+09:00,2106.0,2107.0,2086.0,2090.0,61100,0.0,0.0
2023-04-18 13:00:00+09:00,2090.0,2094.0,2087.0,2088.0,10200,0.0,0.0
2023-04-18 14:00:00+09:00,2088.0,2095.0,2087.0,2093.0,15900,0.0,0.0
2023-04-19 09:00:00+09:00,2090.0,2109.0,2082.0,2082.0,22000,0.0,0.0
2023-04-19 10:00:00+09:00,2081.0,2086.0,2071.0,2075.0,11600,0.0,0.0
2023-04-19 11:00:00+09:00,2075.0,2080.0,2074.0,2078.0,0,0.0,0.0
2023-04-19 12:00:00+09:00,2073.0,2080.0,2072.0,2079.0,43100,0.0,0.0
2023-04-19 13:00:00+09:00,2080.0,2086.0,2078.0,2086.0,6300,0.0,0.0
2023-04-19 14:00:00+09:00,2087.0,2094.0,2084.0,2093.0,17400,0.0,0.0
2023-04-20 09:00:00+09:00,2060.0,2086.0,2059.0,2077.0,20400,0.0,0.0
2023-04-20 10:00:00+09:00,2079.0,2084.0,2076.0,2082.0,13200,0.0,0.0
2023-04-20 11:00:00+09:00,2081.0,2090.0,2081.0,2090.0,0,0.0,0.0
2023-04-20 12:00:00+09:00,2090.0,2096.0,2090.0,2092.0,47100,0.0,0.0
2023-04-20 13:00:00+09:00,2093.0,2096.0,2091.0,2091.0,5900,0.0,0.0
2023-04-20 14:00:00+09:00,2092.0,2092.0,2082.0,2084.0,14900,0.0,0.0
2023-04-21 09:00:00+09:00,2081.0,2138.0,2078.0,2138.0,21500,0.0,0.0
2023-04-21 10:00:00+09:00,2138.0,2155.0,2138.0,2152.0,19100,0.0,0.0
2023-04-21 11:00:00+09:00,2153.0,2153.0,2146.0,2151.0,0,0.0,0.0
2023-04-21 12:00:00+09:00,2154.0,2154.0,2129.0,2129.0,59800,0.0,0.0
2023-04-21 13:00:00+09:00,2127.0,2127.0,2103.0,2103.0,0,0.0,0.0
2023-04-21 14:00:00+09:00,2103.0,2113.0,2102.0,2112.0,99700,0.0,0.0
2023-04-24 09:00:00+09:00,2112.0,2122.0,2093.0,2098.0,21100,0.0,0.0
2023-04-24 10:00:00+09:00,2099.0,2122.0,2099.0,2113.0,12800,0.0,0.0
2023-04-24 11:00:00+09:00,2114.0,2117.0,2111.0,2112.0,0,0.0,0.0
2023-04-24 12:00:00+09:00,2116.0,2117.0,2100.0,2104.0,44500,0.0,0.0
2023-04-24 13:00:00+09:00,2105.0,2113.0,2104.0,2109.0,6900,0.0,0.0
2023-04-24 14:00:00+09:00,2108.0,2108.0,2101.0,2104.0,13000,0.0,0.0
2023-04-25 09:00:00+09:00,2125.0,2127.0,2093.0,2096.0,26700,0.0,0.0
2023-04-25 10:00:00+09:00,2096.0,2102.0,2093.0,2095.0,11500,0.0,0.0
2023-04-25 11:00:00+09:00,2094.0,2095.0,2091.0,2093.0,0,0.0,0.0
2023-04-25 12:00:00+09:00,2090.0,2093.0,2080.0,2082.0,53500,0.0,0.0
2023-04-25 13:00:00+09:00,2080.0,2084.0,2077.0,2081.0,14200,0.0,0.0
2023-04-25 14:00:00+09:00,2080.0,2081.0,2071.0,2075.0,13600,0.0,0.0
2023-04-26 09:00:00+09:00,2060.0,2066.0,2027.0,2036.0,22000,0.0,0.0
2023-04-26 10:00:00+09:00,2037.0,2043.0,2030.0,2043.0,17200,0.0,0.0
2023-04-26 11:00:00+09:00,2043.0,2052.0,2043.0,2049.0,0,0.0,0.0
2023-04-26 12:00:00+09:00,2055.0,2055.0,2039.0,2039.0,55300,0.0,0.0
2023-04-26 13:00:00+09:00,2038.0,2052.0,2035.0,2052.0,15200,0.0,0.0
2023-04-26 14:00:00+09:00,2052.0,2054.0,2048.0,2048.0,20400,0.0,0.0
2023-04-27 09:00:00+09:00,2043.0,2043.0,2016.0,2033.0,20800,0.0,0.0
2023-04-27 10:00:00+09:00,2036.0,2043.0,2032.0,2037.0,12800,0.0,0.0
2023-04-27 11:00:00+09:00,2038.0,2039.0,2028.0,2034.0,0,0.0,0.0
2023-04-27 12:00:00+09:00,2039.0,2040.0,2026.0,2026.0,49300,0.0,0.0
2023-04-27 13:00:00+09:00,2027.0,2034.0,2027.0,2030.0,11400,0.0,0.0
2023-04-27 14:00:00+09:00,2032.0,2039.0,2032.0,2034.0,21500,0.0,0.0
2023-04-28 09:00:00+09:00,2079.0,2079.0,2030.0,2055.0,22900,0.0,0.0
2023-04-28 10:00:00+09:00,2053.0,2054.0,2040.0,2053.0,10400,0.0,0.0
2023-04-28 11:00:00+09:00,2053.0,2055.0,2046.0,2055.0,0,0.0,0.0
2023-04-28 12:00:00+09:00,2056.0,2057.0,2045.0,2047.0,45100,0.0,0.0
2023-04-28 13:00:00+09:00,2045.0,2059.0,2040.0,2055.0,22500,0.0,0.0
2023-04-28 14:00:00+09:00,2055.0,2060.0,2053.0,2058.0,19800,0.0,0.0
2023-05-01 09:00:00+09:00,2089.0,2118.0,2089.0,2093.0,38300,0.0,0.0
2023-05-01 10:00:00+09:00,2093.0,2093.0,2080.0,2085.0,13500,0.0,0.0
2023-05-01 11:00:00+09:00,2086.0,2097.0,2086.0,2097.0,0,0.0,0.0
2023-05-01 12:00:00+09:00,2100.0,2104.0,2096.0,2100.0,79000,0.0,0.0
2023-05-01 13:00:00+09:00,2097.0,2105.0,2095.0,2098.0,14800,0.0,0.0
2023-05-01 14:00:00+09:00,2098.0,2109.0,2097.0,2106.0,19300,0.0,0.0
2023-05-02 09:00:00+09:00,2107.0,2120.0,2102.0,2110.0,12700,0.0,0.0
2023-05-02 10:00:00+09:00,2108.0,2123.0,2108.0,2119.0,14900,0.0,0.0
2023-05-02 11:00:00+09:00,2120.0,2120.0,2114.0,2115.0,0,0.0,0.0
2023-05-02 12:00:00+09:00,2115.0,2121.0,2115.0,2118.0,41500,0.0,0.0
2023-05-02 13:00:00+09:00,2119.0,2129.0,2115.0,2122.0,17900,0.0,0.0
2023-05-02 14:00:00+09:00,2121.0,2127.0,2119.0,2126.0,14900,0.0,0.0
2023-05-08 09:00:00+09:00,2122.0,2122.0,2093.0,2105.0,30700,0.0,0.0
2023-05-08 10:00:00+09:00,2106.0,2117.0,2102.0,2103.0,11300,0.0,0.0
2023-05-08 11:00:00+09:00,2104.0,2114.0,2104.0,2110.0,0,0.0,0.0
2023-05-08 12:00:00+09:00,2106.0,2109.0,2101.0,2106.0,62200,0.0,0.0
2023-05-08 13:00:00+09:00,2107.0,2115.0,2106.0,2113.0,20300,0.0,0.0
2023-05-08 14:00:00+09:00,2112.0,2117.0,2110.0,2113.0,18400,0.0,0.0
2023-05-09 09:00:00+09:00,2122.0,2124.0,2103.0,2110.0,19400,0.0,0.0
2023-05-09 10:00:00+09:00,2112.0,2115.0,2103.0,2108.0,12300,0.0,0.0
2023-05-09 11:00:00+09:00,2107.0,2107.0,2101.0,2103.0,0,0.0,0.0
2023-05-09 12:00:00+09:00,2105.0,2107.0,2097.0,2100.0,79800,0.0,0.0
2023-05-09 13:00:00+09:00,2102.0,2104.0,2096.0,2101.0,16900,0.0,0.0
2023-05-09 14:00:00+09:00,2101.0,2104.0,2099.0,2101.0,27500,0.0,0.0
2023-05-10 09:00:00+09:00,2066.0,2082.0,2061.0,2070.0,22500,0.0,0.0
2023-05-10 10:00:00+09:00,2069.0,2072.0,2056.0,2061.0,15000,0.0,0.0
2023-05-10 11:00:00+09:00,2062.0,2066.0,2061.0,2063.0,0,0.0,0.0
2023-05-10 12:00:00+09:00,2060.0,2069.0,2060.0,2067.0,51400,0.0,0.0
2023-05-10 13:00:00+09:00,2069.0,2073.0,2065.0,2067.0,19900,0.0,0.0
2023-05-10 14:00:00+09:00,2066.0,2075.0,2055.0,2055.0,45500,0.0,0.0
2023-05-11 09:00:00+09:00,2063.0,2086.0,2051.0,2053.0,35400,0.0,0.0
2023-05-11 10:00:00+09:00,2053.0,2058.0,2051.0,2057.0,15500,0.0,0.0
2023-05-11 11:00:00+09:00,2058.0,2064.0,2058.0,2061.0,0,0.0,0.0
2023-05-11 12:00:00+09:00,2061.0,2075.0,2059.0,2063.0,81000,0.0,0.0
2023-05-11 13:00:00+09:00,2064.0,2071.0,2061.0,2062.0,14600,0.0,0.0
2023-05-11 14:00:00+09:00,2062.0,2062.0,2045.0,2049.0,42900,0.0,0.0
2023-05-12 09:00:00+09:00,2224.0,2300.0,2190.0,2194.0,187200,0.0,0.0
2023-05-12 10:00:00+09:00,2194.0,2224.0,2178.0,2179.0,82900,0.0,0.0
2023-05-12 11:00:00+09:00,2175.0,2184.0,2165.0,2172.0,0,0.0,0.0
2023-05-12 12:00:00+09:00,2182.0,2194.0,2172.0,2188.0,334700,0.0,0.0
2023-05-12 13:00:00+09:00,2187.0,2206.0,2172.0,2185.0,58600,0.0,0.0
2023-05-12 14:00:00+09:00,2186.0,2204.0,2184.0,2204.0,62900,0.0,0.0
2023-05-15 09:00:00+09:00,2189.0,2190.0,2132.0,2143.0,66000,0.0,0.0
2023-05-15 10:00:00+09:00,2144.0,2195.0,2144.0,2180.0,36700,0.0,0.0
2023-05-15 11:00:00+09:00,2179.0,2179.0,2156.0,2156.0,0,0.0,0.0
2023-05-15 12:00:00+09:00,2166.0,2186.0,2161.0,2181.0,137400,0.0,0.0
2023-05-15 13:00:00+09:00,2181.0,2182.0,2162.0,2171.0,32200,0.0,0.0
2023-05-15 14:00:00+09:00,2172.0,2189.0,2171.0,2189.0,41300,0.0,0.0
2023-05-16 09:00:00+09:00,2201.0,2242.0,2195.0,2219.0,51000,0.0,0.0
2023-05-16 10:00:00+09:00,2217.0,2221.0,2203.0,2213.0,19200,0.0,0.0
2023-05-16 11:00:00+09:00,2213.0,2236.0,2210.0,2234.0,0,0.0,0.0
2023-05-16 12:00:00+09:00,2240.0,2240.0,2227.0,2236.0,99300,0.0,0.0
2023-05-16 13:00:00+09:00,2235.0,2241.0,2228.0,2236.0,18800,0.0,0.0
2023-05-16 14:00:00+09:00,2236.0,2250.0,2232.0,2245.0,35100,0.0,0.0
2023-05-17 09:00:00+09:00,2245.0,2255.0,2215.0,2224.0,25400,0.0,0.0
2023-05-17 10:00:00+09:00,2226.0,2254.0,2226.0,2243.0,30100,0.0,0.0
2023-05-17 11:00:00+09:00,2240.0,2246.0,2240.0,2243.0,0,0.0,0.0
2023-05-17 12:00:00+09:00,2245.0,2246.0,2220.0,2227.0,80400,0.0,0.0
2023-05-17 13:00:00+09:00,2226.0,2237.0,2219.0,2223.0,25400,0.0,0.0
2023-05-17 14:00:00+09:00,2222.0,2229.0,2212.0,2222.0,42500,0.0,0.0
2023-05-18 09:00:00+09:00,2272.0,2285.0,2250.0,2251.0,86600,0.0,0.0
2023-05-18 10:00:00+09:00,2254.0,2280.0,2250.0,2268.0,26000,0.0,0.0
2023-05-18 11:00:00+09:00,2267.0,2278.0,2265.0,2278.0,0,0.0,0.0
2023-05-18 12:00:00+09:00,2289.0,2289.0,2274.0,2281.0,156600,0.0,0.0
2023-05-18 13:00:00+09:00,2283.0,2312.0,2283.0,2312.0,75200,0.0,0.0
2023-05-18 14:00:00+09:00,2312.0,2319.0,2308.0,2309.0,37600,0.0,0.0
2023-05-19 09:00:00+09:00,2315.0,2338.0,2285.0,2285.0,34200,0.0,0.0
2023-05-19 10:00:00+09:00,2289.0,2302.0,2277.0,2301.0,11700,0.0,0.0
2023-05-19 11:00:00+09:00,2301.0,2304.0,2291.0,2301.0,0,0.0,0.0
2023-05-19 12:00:00+09:00,2309.0,2309.0,2281.0,2285.0,69500,0.0,0.0
2023-05-19 13:00:00+09:00,2282.0,2297.0,2282.0,2292.0,23300,0.0,0.0
2023-05-19 14:00:00+09:00,2292.0,2300.0,2289.0,2299.0,28800,0.0,0.0
2023-05-22 09:00:00+09:00,2267.0,2279.0,2262.0,2279.0,16300,0.0,0.0
2023-05-22 10:00:00+09:00,2279.0,2282.0,2273.0,2281.0,7300,0.0,0.0
2023-05-22 11:00:00+09:00,2282.0,2286.0,2280.0,2285.0,0,0.0,0.0
2023-05-22 12:00:00+09:00,2290.0,2290.0,2279.0,2281.0,36900,0.0,0.0
2023-05-22 13:00:00+09:00,2283.0,2298.0,2283.0,2297.0,17600,0.0,0.0
2023-05-22 14:00:00+09:00,2296.0,2300.0,2293.0,2293.0,20700,0.0,0.0
2023-05-23 09:00:00+09:00,2320.0,2325.0,2280.0,2314.0,33100,0.0,0.0
2023-05-23 10:00:00+09:00,2315.0,2330.0,2315.0,2323.0,15400,0.0,0.0
2023-05-23 11:00:00+09:00,2322.0,2322.0,2293.0,2298.0,0,0.0,0.0
2023-05-23 12:00:00+09:00,2305.0,2308.0,2270.0,2282.0,91800,0.0,0.0
2023-05-23 13:00:00+09:00,2284.0,2284.0,2265.0,2272.0,24800,0.0,0.0
2023-05-23 14:00:00+09:00,2271.0,2287.0,2270.0,2282.0,30300,0.0,0.0
2023-05-24 09:00:00+09:00,2260.0,2296.0,2250.0,2280.0,13900,0.0,0.0
2023-05-24 10:00:00+09:00,2279.0,2280.0,2267.0,2269.0,8000,0.0,0.0
2023-05-24 11:00:00+09:00,2268.0,2268.0,2260.0,2263.0,0,0.0,0.0
2023-05-24 12:00:00+09:00,2260.0,2274.0,2259.0,2274.0,34300,0.0,0.0
2023-05-24 13:00:00+09:00,2275.0,2282.0,2275.0,2280.0,3800,0.0,0.0
2023-05-24 14:00:00+09:00,2281.0,2287.0,2275.0,2275.0,18100,0.0,0.0
2023-05-25 09:00:00+09:00,2283.0,2327.0,2283.0,2314.0,37600,0.0,0.0
2023-05-25 10:00:00+09:00,2309.0,2317.0,2307.0,2317.0,13000,0.0,0.0
2023-05-25 11:00:00+09:00,2316.0,2343.0,2316.0,2343.0,0,0.0,0.0
2023-05-25 12:00:00+09:00,2337.0,2350.0,2337.0,2349.0,93900,0.0,0.0
2023-05-25 13:00:00+09:00,2348.0,2359.0,2332.0,2335.0,33500,0.0,0.0
2023-05-25 14:00:00+09:00,2332.0,2341.0,2324.0,2335.0,30200,0.0,0.0
2023-05-26 09:00:00+09:00,2357.0,2393.0,2337.0,2382.0,44700,0.0,0.0
2023-05-26 10:00:00+09:00,2384.0,2418.0,2383.0,2412.0,39500,0.0,0.0
2023-05-26 11:00:00+09:00,2412.0,2420.0,2409.0,2418.0,0,0.0,0.0
2023-05-26 12:00:00+09:00,2418.0,2419.0,2405.0,2411.0,115300,0.0,0.0
2023-05-26 13:00:00+09:00,2410.0,2426.0,2410.0,2424.0,36100,0.0,0.0
2023-05-26 14:00:00+09:00,2423.0,2430.0,2394.0,2397.0,42100,0.0,0.0
2023-05-29 09:00:00+09:00,2460.0,2475.0,2409.0,2411.0,41300,0.0,0.0
2023-05-29 10:00:00+09:00,2412.0,2424.0,2399.0,2409.0,20400,0.0,0.0
2023-05-29 11:00:00+09:00,2410.0,2431.0,2410.0,2431.0,0,0.0,0.0
2023-05-29 12:00:00+09:00,2433.0,2433.0,2387.0,2389.0,93400,0.0,0.0
2023-05-29 13:00:00+09:00,2389.0,2398.0,2357.0,2375.0,25600,0.0,0.0
2023-05-29 14:00:00+09:00,2374.0,2376.0,2364.0,2373.0,39600,0.0,0.0
2023-05-30 09:00:00+09:00,2376.0,2391.0,2339.0,2347.0,20600,0.0,0.0
2023-05-30 10:00:00+09:00,2349.0,2368.0,2348.0,2363.0,8000,0.0,0.0
2023-05-30 11:00:00+09:00,2364.0,2373.0,2359.0,2369.0,0,0.0,0.0
2023-05-30 12:00:00+09:00,2370.0,2372.0,2360.0,2365.0,45000,0.0,0.0
2023-05-30 13:00:00+09:00,2369.0,2382.0,2364.0,2368.0,17600,0.0,0.0
2023-05-30 14:00:00+09:00,2369.0,2377.0,2359.0,2359.0,31200,0.0,0.0
2023-05-31 09:00:00+09:00,2339.0,2354.0,2317.0,2352.0,22200,0.0,0.0
2023-05-31 10:00:00+09:00,2353.0,2367.0,2348.0,2358.0,15000,0.0,0.0
2023-05-31 11:00:00+09:00,2357.0,2357.0,2333.0,2333.0,0,0.0,0.0
2023-05-31 12:00:00+09:00,2322.0,2340.0,2322.0,2336.0,61900,0.0,0.0
2023-05-31 13:00:00+09:00,2337.0,2338.0,2318.0,2321.0,11600,0.0,0.0
2023-05-31 14:00:00+09:00,2319.0,2323.0,2314.0,2319.0,19400,0.0,0.0
2023-06-01 09:00:00+09:00,2301.0,2365.0,2300.0,2335.0,22000,0.0,0.0
2023-06-01 10:00:00+09:00,2333.0,2346.0,2315.0,2325.0,15900,0.0,0.0
2023-06-01 11:00:00+09:00,2326.0,2337.0,2322.0,2336.0,0,0.0,0.0
2023-06-01 12:00:00+09:00,2334.0,2343.0,2327.0,2342.0,76200,0.0,0.0
2023-06-01 13:00:00+09:00,2341.0,2347.0,2334.0,2343.0,11200,0.0,0.0
2023-06-01 14:00:00+09:00,2342.0,2365.0,2342.0,2365.0,33600,0.0,0.0
2023-06-02 09:00:00+09:00,2371.0,2372.0,2337.0,2343.0,30100,0.0,0.0
2023-06-02 10:00:00+09:00,2344.0,2360.0,2343.0,2354.0,16600,0.0,0.0
2023-06-02 11:00:00+09:00,2354.0,2370.0,2352.0,2353.0,0,0.0,0.0
2023-06-02 12:00:00+09:00,2344.0,2350.0,2328.0,2337.0,79400,0.0,0.0
2023-06-02 13:00:00+09:00,2339.0,2350.0,2334.0,2346.0,19300,0.0,0.0
2023-06-02 14:00:00+09:00,2347.0,2347.0,2330.0,2340.0,28400,0.0,0.0
2023-06-05 09:00:00+09:00,2396.0,2396.0,2336.0,2351.0,21600,0.0,0.0
2023-06-05 10:00:00+09:00,2353.0,2361.0,2337.0,2355.0,14800,0.0,0.0
2023-06-05 11:00:00+09:00,2354.0,2357.0,2351.0,2356.0,0,0.0,0.0
2023-06-05 12:00:00+09:00,2360.0,2366.0,2356.0,2360.0,53900,0.0,0.0
2023-06-05 13:00:00+09:00,2359.0,2379.0,2358.0,2363.0,28100,0.0,0.0
2023-06-05 14:00:00+09:00,2364.0,2369.0,2359.0,2366.0,34100,0.0,0.0
2023-06-06 09:00:00+09:00,2342.0,2355.0,2305.0,2342.0,39400,0.0,0.0
2023-06-06 10:00:00+09:00,2340.0,2352.0,2336.0,2349.0,27400,0.0,0.0
2023-06-06 11:00:00+09:00,2348.0,2364.0,2341.0,2364.0,0,0.0,0.0
2023-06-06 12:00:00+09:00,2365.0,2365.0,2346.0,2356.0,103500,0.0,0.0
2023-06-06 13:00:00+09:00,2355.0,2360.0,2344.0,2353.0,36000,0.0,0.0
2023-06-06 14:00:00+09:00,2356.0,2366.0,2355.0,2359.0,27900,0.0,0.0
2023-06-07 09:00:00+09:00,2392.0,2392.0,2311.0,2311.0,21600,0.0,0.0
2023-06-07 10:00:00+09:00,2314.0,2316.0,2288.0,2308.0,15700,0.0,0.0
2023-06-07 11:00:00+09:00,2305.0,2307.0,2299.0,2301.0,0,0.0,0.0
2023-06-07 12:00:00+09:00,2301.0,2322.0,2300.0,2322.0,54500,0.0,0.0
2023-06-07 13:00:00+09:00,2321.0,2322.0,2293.0,2310.0,21300,0.0,0.0
2023-06-07 14:00:00+09:00,2309.0,2309.0,2272.0,2274.0,30900,0.0,0.0
2023-06-08 09:00:00+09:00,2281.0,2304.0,2274.0,2290.0,15500,0.0,0.0
2023-06-08 10:00:00+09:00,2291.0,2307.0,2290.0,2295.0,8800,0.0,0.0
2023-06-08 11:00:00+09:00,2295.0,2297.0,2293.0,2294.0,0,0.0,0.0
2023-06-08 12:00:00+09:00,2294.0,2295.0,2277.0,2277.0,34500,0.0,0.0
2023-06-08 13:00:00+09:00,2275.0,2284.0,2264.0,2266.0,16800,0.0,0.0
2023-06-08 14:00:00+09:00,2267.0,2282.0,2265.0,2281.0,33000,0.0,0.0
2023-06-09 09:00:00+09:00,2288.0,2295.0,2265.0,2276.0,44400,0.0,0.0
2023-06-09 10:00:00+09:00,2280.0,2294.0,2276.0,2292.0,9700,0.0,0.0
2023-06-09 11:00:00+09:00,2291.0,2296.0,2288.0,2296.0,0,0.0,0.0
2023-06-09 12:00:00+09:00,2290.0,2318.0,2290.0,2318.0,74000,0.0,0.0
2023-06-09 13:00:00+09:00,2316.0,2321.0,2311.0,2311.0,15300,0.0,0.0
2023-06-09 14:00:00+09:00,2314.0,2320.0,2311.0,2313.0,17500,0.0,0.0
2023-06-12 09:00:00+09:00,2349.0,2357.0,2313.0,2356.0,25700,0.0,0.0
2023-06-12 10:00:00+09:00,2355.0,2365.0,2354.0,2356.0,12500,0.0,0.0
2023-06-12 11:00:00+09:00,2356.0,2356.0,2346.0,2349.0,0,0.0,0.0
2023-06-12 12:00:00+09:00,2346.0,2362.0,2346.0,2361.0,54100,0.0,0.0
2023-06-12 13:00:00+09:00,2363.0,2373.0,2355.0,2358.0,18200,0.0,0.0
2023-06-12 14:00:00+09:00,2358.0,2368.0,2354.0,2365.0,18900,0.0,0.0
2023-06-13 09:00:00+09:00,2396.0,2428.0,2391.0,2416.0,29800,0.0,0.0
2023-06-13 10:00:00+09:00,2412.0,2424.0,2409.0,2413.0,19700,0.0,0.0
2023-06-13 11:00:00+09:00,2416.0,2417.0,2403.0,2404.0,0,0.0,0.0
2023-06-13 12:00:00+09:00,2415.0,2458.0,2415.0,2450.0,110200,0.0,0.0
2023-06-13 13:00:00+09:00,2450.0,2453.0,2416.0,2423.0,19700,0.0,0.0
2023-06-13 14:00:00+09:00,2422.0,2426.0,2414.0,2420.0,30700,0.0,0.0
2023-06-14 09:00:00+09:00,2469.0,2470.0,2380.0,2383.0,44400,0.0,0.0
2023-06-14 10:00:00+09:00,2385.0,2405.0,2380.0,2388.0,19600,0.0,0.0
2023-06-14 11:00:00+09:00,2386.0,2387.0,2366.0,2374.0,0,0.0,0.0
2023-06-14 12:00:00+09:00,2374.0,2388.0,2363.0,2385.0,90200,0.0,0.0
2023-06-14 13:00:00+09:00,2384.0,2400.0,2376.0,2400.0,18600,0.0,0.0
2023-06-14 14:00:00+09:00,2400.0,2412.0,2394.0,2410.0,44300,0.0,0.0
2023-06-15 09:00:00+09:00,2412.0,2480.0,2412.0,2469.0,60800,0.0,0.0
2023-06-15 10:00:00+09:00,2467.0,2467.0,2441.0,2456.0,23000,0.0,0.0
2023-06-15 11:00:00+09:00,2454.0,2462.0,2451.0,2455.0,0,0.0,0.0
2023-06-15 12:00:00+09:00,2452.0,2475.0,2452.0,2467.0,114200,0.0,0.0
2023-06-15 13:00:00+09:00,2467.0,2483.0,2449.0,2454.0,36400,0.0,0.0
2023-06-15 14:00:00+09:00,2453.0,2460.0,2446.0,2451.0,41800,0.0,0.0
2023-06-16 09:00:00+09:00,2467.0,2467.0,2421.0,2455.0,34400,0.0,0.0
2023-06-16 10:00:00+09:00,2453.0,2459.0,2437.0,2446.0,14000,0.0,0.0
2023-06-16 11:00:00+09:00,2446.0,2453.0,2446.0,2449.0,0,0.0,0.0
2023-06-16 12:00:00+09:00,2467.0,2489.0,2456.0,2487.0,79300,0.0,0.0
2023-06-16 13:00:00+09:00,2489.0,2491.0,2469.0,2476.0,27200,0.0,0.0
2023-06-16 14:00:00+09:00,2476.0,2492.0,2476.0,2484.0,37000,0.0,0.0
2023-06-19 09:00:00+09:00,2450.0,2463.0,2425.0,2450.0,30200,0.0,0.0
2023-06-19 10:00:00+09:00,2451.0,2469.0,2451.0,2453.0,13300,0.0,0.0
2023-06-19 11:00:00+09:00,2454.0,2464.0,2444.0,2464.0,0,0.0,0.0
2023-06-19 12:00:00+09:00,2455.0,2457.0,2436.0,2444.0,68700,0.0,0.0
2023-06-19 13:00:00+09:00,2443.0,2444.0,2425.0,2428.0,22000,0.0,0.0
2023-06-19 14:00:00+09:00,2427.0,2433.0,2425.0,2427.0,23400,0.0,0.0
2023-06-20 09:00:00+09:00,2415.0,2439.0,2392.0,2400.0,22100,0.0,0.0
2023-06-20 10:00:00+09:00,2401.0,2417.0,2395.0,2407.0,14000,0.0,0.0
2023-06-20 11:00:00+09:00,2409.0,2423.0,2409.0,2417.0,0,0.0,0.0
2023-06-20 12:00:00+09:00,2421.0,2455.0,2421.0,2455.0,62000,0.0,0.0
2023-06-20 13:00:00+09:00,2456.0,2459.0,2436.0,2443.0,19600,0.0,0.0
2023-06-20 14:00:00+09:00,2442.0,2452.0,2439.0,2451.0,24500,0.0,0.0
2023-06-21 09:00:00+09:00,2438.0,2443.0,2422.0,2435.0,14900,0.0,0.0
2023-06-21 10:00:00+09:00,2440.0,2450.0,2438.0,2450.0,8500,0.0,0.0
2023-06-21 11:00:00+09:00,2447.0,2454.0,2442.0,2454.0,0,0.0,0.0
2023-06-21 12:00:00+09:00,2465.0,2503.0,2459.0,2492.0,65200,0.0,0.0
2023-06-21 13:00:00+09:00,2492.0,2497.0,2468.0,2468.0,19500,0.0,0.0
2023-06-21 14:00:00+09:00,2468.0,2474.0,2457.0,2460.0,37000,0.0,0.0
2023-06-22 09:00:00+09:00,2464.0,2485.0,2445.0,2452.0,33700,0.0,0.0
2023-06-22 10:00:00+09:00,2454.0,2456.0,2445.0,2451.0,7100,0.0,0.0
2023-06-22 11:00:00+09:00,2451.0,2453.0,2438.0,2443.0,0,0.0,0.0
2023-06-22 12:00:00+09:00,2437.0,2455.0,2436.0,2455.0,56700,0.0,0.0
2023-06-22 13:00:00+09:00,2452.0,2453.0,2440.0,2448.0,13100,0.0,0.0
2023-06-22 14:00:00+09:00,2445.0,2449.0,2418.0,2427.0,48500,0.0,0.0
2023-06-23 09:00:00+09:00,2433.0,2464.0,2427.0,2442.0,12200,0.0,0.0
2023-06-23 10:00:00+09:00,2444.0,2444.0,2398.0,2424.0,34900,0.0,0.0
2023-06-23 11:00:00+09:00,2422.0,2422.0,2399.0,2407.0,0,0.0,0.0
2023-06-23 12:00:00+09:00,2406.0,2416.0,2392.0,2412.0,69900,0.0,0.0
2023-06-23 13:00:00+09:00,2412.0,2412.0,2399.0,2399.0,13500,0.0,0.0
2023-06-23 14:00:00+09:00,2396.0,2418.0,2393.0,2418.0,24700,0.0,0.0
2023-06-26 09:00:00+09:00,2390.0,2420.0,2376.0,2419.0,14900,0.0,0.0
2023-06-26 10:00:00+09:00,2415.0,2421.0,2401.0,2413.0,7800,0.0,0.0
2023-06-26 11:00:00+09:00,2414.0,2426.0,2411.0,2422.0,0,0.0,0.0
2023-06-26 12:00:00+09:00,2422.0,2429.0,2397.0,2400.0,32400,0.0,0.0
2023-06-26 13:00:00+09:00,2404.0,2412.0,2401.0,2403.0,7000,0.0,0.0
2023-06-26 14:00:00+09:00,2402.0,2404.0,2391.0,2399.0,17500,0.0,0.0
2023-06-27 09:00:00+09:00,2383.0,2386.0,2366.0,2373.0,23200,0.0,0.0
2023-06-27 10:00:00+09:00,2372.0,2374.0,2360.0,2369.0,16000,0.0,0.0
2023-06-27 11:00:00+09:00,2369.0,2369.0,2357.0,2360.0,0,0.0,0.0
2023-06-27 12:00:00+09:00,2355.0,2363.0,2352.0,2363.0,69600,0.0,0.0
2023-06-27 13:00:00+09:00,2364.0,2379.0,2364.0,2376.0,16700,0.0,0.0
2023-06-27 14:00:00+09:00,2378.0,2384.0,2372.0,2375.0,20700,0.0,0.0
2023-06-28 09:00:00+09:00,2408.0,2417.0,2399.0,2407.0,0,0.0,0.0
2023-06-28 10:00:00+09:00,2407.0,2420.0,2396.0,2409.0,29300,0.0,0.0
2023-06-28 11:00:00+09:00,2405.0,2415.0,2405.0,2414.0,0,0.0,0.0
2023-06-28 12:00:00+09:00,2418.0,2437.0,2418.0,2435.0,53900,0.0,0.0
2023-06-28 13:00:00+09:00,2436.0,2436.0,2426.0,2435.0,14200,0.0,0.0
2023-06-28 14:00:00+09:00,2436.0,2454.0,2436.0,2454.0,20300,0.0,0.0
2023-06-29 09:00:00+09:00,2447.0,2458.0,2428.0,2431.0,11700,0.0,0.0
2023-06-29 10:00:00+09:00,2428.0,2461.0,2423.0,2454.0,15300,0.0,0.0
2023-06-29 11:00:00+09:00,2453.0,2457.0,2441.0,2453.0,0,0.0,0.0
2023-06-29 12:00:00+09:00,2443.0,2455.0,2437.0,2453.0,43900,0.0,0.0
2023-06-29 13:00:00+09:00,2452.0,2458.0,2442.0,2450.0,16400,0.0,0.0
2023-06-29 14:00:00+09:00,2451.0,2460.0,2447.0,2459.0,24300,0.0,0.0
2023-06-30 09:00:00+09:00,2455.0,2455.0,2400.0,2413.0,16800,0.0,0.0
2023-06-30 10:00:00+09:00,2411.0,2436.0,2411.0,2433.0,9500,0.0,0.0
2023-06-30 11:00:00+09:00,2434.0,2435.0,2425.0,2427.0,0,0.0,0.0
2023-06-30 12:00:00+09:00,2417.0,2430.0,2412.0,2427.0,42600,0.0,0.0
2023-06-30 13:00:00+09:00,2426.0,2433.0,2419.0,2431.0,9800,0.0,0.0
2023-06-30 14:00:00+09:00,2432.0,2438.0,2422.0,2427.0,20200,0.0,0.0
2023-07-03 09:00:00+09:00,2450.0,2529.0,2449.0,2520.0,59800,0.0,0.0
2023-07-03 10:00:00+09:00,2521.0,2527.0,2517.0,2517.0,25300,0.0,0.0
2023-07-03 11:00:00+09:00,2515.0,2518.0,2505.0,2512.0,0,0.0,0.0
2023-07-03 12:00:00+09:00,2502.0,2507.0,2488.0,2494.0,105900,0.0,0.0
2023-07-03 13:00:00+09:00,2493.0,2495.0,2479.0,2482.0,23400,0.0,0.0
2023-07-03 14:00:00+09:00,2482.0,2484.0,2469.0,2476.0,40000,0.0,0.0
2023-07-04 09:00:00+09:00,2445.0,2461.0,2418.0,2456.0,16200,0.0,0.0
2023-07-04 10:00:00+09:00,2453.0,2464.0,2442.0,2443.0,7700,0.0,0.0
2023-07-04 11:00:00+09:00,2444.0,2450.0,2438.0,2450.0,0,0.0,0.0
2023-07-04 12:00:00+09:00,2444.0,2451.0,2443.0,2443.0,32100,0.0,0.0
2023-07-04 13:00:00+09:00,2442.0,2442.0,2428.0,2432.0,12300,0.0,0.0
2023-07-04 14:00:00+09:00,2433.0,2435.0,2424.0,2425.0,16200,0.0,0.0
2023-07-05 09:00:00+09:00,2428.0,2428.0,2387.0,2404.0,35500,0.0,0.0
2023-07-05 10:00:00+09:00,2403.0,2411.0,2402.0,2406.0,13500,0.0,0.0
2023-07-05 11:00:00+09:00,2405.0,2412.0,2402.0,2412.0,0,0.0,0.0
2023-07-05 12:00:00+09:00,2406.0,2412.0,2404.0,2404.0,70500,0.0,0.0
2023-07-05 13:00:00+09:00,2404.0,2407.0,2392.0,2392.0,24600,0.0,0.0
2023-07-05 14:00:00+09:00,2392.0,2399.0,2385.0,2386.0,33000,0.0,0.0
2023-07-06 09:00:00+09:00,2337.0,2346.0,2322.0,2322.0,25100,0.0,0.0
2023-07-06 10:00:00+09:00,2325.0,2333.0,2319.0,2328.0,13900,0.0,0.0
2023-07-06 11:00:00+09:00,2329.0,2332.0,2326.0,2331.0,0,0.0,0.0
2023-07-06 12:00:00+09:00,2323.0,2356.0,2317.0,2348.0,76200,0.0,0.0
2023-07-06 13:00:00+09:00,2350.0,2358.0,2341.0,2356.0,20200,0.0,0.0
2023-07-06 14:00:00+09:00,2357.0,2365.0,2354.0,2358.0,34700,0.0,0.0
2023-07-07 09:00:00+09:00,2317.0,2346.0,2317.0,2338.0,14100,0.0,0.0
2023-07-07 10:00:00+09:00,2339.0,2339.0,2302.0,2308.0,10800,0.0,0.0
2023-07-07 11:00:00+09:00,2305.0,2309.0,2299.0,2304.0,0,0.0,0.0
2023-07-07 12:00:00+09:00,2300.0,2314.0,2300.0,2305.0,46100,0.0,0.0
2023-07-07 13:00:00+09:00,2304.0,2304.0,2290.0,2292.0,10600,0.0,0.0
2023-07-07 14:00:00+09:00,2291.0,2297.0,2287.0,2288.0,28600,0.0,0.0
2023-07-10 09:00:00+09:00,2288.0,2313.0,2277.0,2305.0,23600,0.0,0.0
2023-07-10 10:00:00+09:00,2308.0,2313.0,2282.0,2290.0,13900,0.0,0.0
2023-07-10 11:00:00+09:00,2288.0,2291.0,2283.0,2283.0,0,0.0,0.0
2023-07-10 12:00:00+09:00,2293.0,2293.0,2275.0,2275.0,54200,0.0,0.0
2023-07-10 13:00:00+09:00,2278.0,2292.0,2275.0,2282.0,12500,0.0,0.0
2023-07-10 14:00:00+09:00,2284.0,2289.0,2260.0,2266.0,26400,0.0,0.0
2023-07-11 09:00:00+09:00,2298.0,2300.0,2236.0,2237.0,34000,0.0,0.0
2023-07-11 10:00:00+09:00,2241.0,2257.0,2239.0,2246.0,23600,0.0,0.0
2023-07-11 11:00:00+09:00,2248.0,2254.0,2245.0,2250.0,0,0.0,0.0
2023-07-11 12:00:00+09:00,2245.0,2248.0,2232.0,2234.0,80800,0.0,0.0
2023-07-11 13:00:00+09:00,2233.0,2258.0,2224.0,2258.0,37800,0.0,0.0
2023-07-11 14:00:00+09:00,2258.0,2262.0,2246.0,2249.0,54000,0.0,0.0
2023-07-12 09:00:00+09:00,2280.0,2280.0,2221.0,2230.0,25100,0.0,0.0
2023-07-12 10:00:00+09:00,2229.0,2236.0,2220.0,2225.0,25000,0.0,0.0
2023-07-12 11:00:00+09:00,2222.0,2228.0,2215.0,2222.0,0,0.0,0.0
2023-07-12 12:00:00+09:00,2222.0,2228.0,2217.0,2224.0,72200,0.0,0.0
2023-07-12 13:00:00+09:00,2224.0,2225.0,2214.0,2219.0,17500,0.0,0.0
2023-07-12 14:00:00+09:00,2218.0,2219.0,2208.0,2210.0,28700,0.0,0.0
2023-07-13 09:00:00+09:00,2200.0,2219.0,2181.0,2208.0,34100,0.0,0.0
2023-07-13 10:00:00+09:00,2208.0,2220.0,2208.0,2218.0,23000,0.0,0.0
2023-07-13 11:00:00+09:00,2219.0,2230.0,2218.0,2224.0,0,0.0,0.0
2023-07-13 12:00:00+09:00,2230.0,2244.0,2228.0,2243.0,96100,0.0,0.0
2023-07-13 13:00:00+09:00,2242.0,2251.0,2230.0,2249.0,33700,0.0,0.0
2023-07-13 14:00:00+09:00,2251.0,2256.0,2247.0,2251.0,50900,0.0,0.0
2023-07-14 09:00:00+09:00,2284.0,2298.0,2243.0,2243.0,32900,0.0,0.0
2023-07-14 10:00:00+09:00,2242.0,2255.0,2238.0,2253.0,14400,0.0,0.0
2023-07-14 11:00:00+09:00,2251.0,2257.0,2251.0,2252.0,0,0.0,0.0
2023-07-14 12:00:00+09:00,2264.0,2273.0,2259.0,2267.0,72500,0.0,0.0
2023-07-14 13:00:00+09:00,2266.0,2283.0,2265.0,2278.0,25000,0.0,0.0
2023-07-14 14:00:00+09:00,2279.0,2289.0,2273.0,2286.0,42600,0.0,0.0
2023-07-18 09:00:00+09:00,2292.0,2318.0,2278.0,2313.0,32900,0.0,0.0
2023-07-18 10:00:00+09:00,2312.0,2314.0,2306.0,2311.0,16300,0.0,0.0
2023-07-18 11:00:00+09:00,2311.0,2311.0,2303.0,2306.0,0,0.0,0.0
2023-07-18 12:00:00+09:00,2313.0,2319.0,2295.0,2297.0,68100,0.0,0.0
2023-07-18 13:00:00+09:00,2298.0,2320.0,2293.0,2316.0,19500,0.0,0.0
2023-07-18 14:00:00+09:00,2315.0,2315.0,2307.0,2313.0,19900,0.0,0.0
2023-07-19 09:00:00+09:00,2337.0,2344.0,2308.0,2321.0,20700,0.0,0.0
2023-07-19 10:00:00+09:00,2320.0,2328.0,2304.0,2304.0,12900,0.0,0.0
2023-07-19 11:00:00+09:00,2305.0,2308.0,2302.0,2304.0,0,0.0,0.0
2023-07-19 12:00:00+09:00,2306.0,2322.0,2306.0,2322.0,51100,0.0,0.0
2023-07-19 13:00:00+09:00,2322.0,2322.0,2316.0,2321.0,13700,0.0,0.0
2023-07-19 14:00:00+09:00,2321.0,2341.0,2321.0,2341.0,30500,0.0,0.0
2023-07-20 09:00:00+09:00,2337.0,2345.0,2312.0,2328.0,23100,0.0,0.0
2023-07-20 10:00:00+09:00,2327.0,2337.0,2323.0,2329.0,14900,0.0,0.0
2023-07-20 11:00:00+09:00,2328.0,2328.0,2313.0,2318.0,0,0.0,0.0
2023-07-20 12:00:00+09:00,2318.0,2322.0,2310.0,2321.0,59500,0.0,0.0
2023-07-20 13:00:00+09:00,2322.0,2326.0,2317.0,2322.0,26900,0.0,0.0
2023-07-20 14:00:00+09:00,2323.0,2324.0,2314.0,2314.0,39300,0.0,0.0
2023-07-21 09:00:00+09:00,2294.0,2319.0,2267.0,2312.0,34700,0.0,0.0
2023-07-21 10:00:00+09:00,2314.0,2314.0,2294.0,2303.0,12700,0.0,0.0
2023-07-21 11:00:00+09:00,2306.0,2322.0,2306.0,2322.0,0,0.0,0.0
2023-07-21 12:00:00+09:00,2329.0,2329.0,2304.0,2305.0,67400,0.0,0.0
2023-07-21 13:00:00+09:00,2305.0,2305.0,2292.0,2293.0,8500,0.0,0.0
2023-07-21 14:00:00+09:00,2294.0,2298.0,2291.0,2292.0,24800,0.0,0.0
2023-07-24 09:00:00+09:00,2335.0,2350.0,2310.0,2343.0,34300,0.0,0.0
2023-07-24 10:00:00+09:00,2342.0,2348.0,2323.0,2335.0,21700,0.0,0.0
2023-07-24 11:00:00+09:00,2334.0,2336.0,2325.0,2333.0,0,0.0,0.0
2023-07-24 12:00:00+09:00,2348.0,2350.0,2335.0,2336.0,78900,0.0,0.0
2023-07-24 13:00:00+09:00,2335.0,2343.0,2329.0,2341.0,22100,0.0,0.0
2023-07-24 14:00:00+09:00,2342.0,2345.0,2337.0,2344.0,19300,0.0,0.0
2023-07-25 09:00:00+09:00,2343.0,2343.0,2305.0,2313.0,26000,0.0,0.0
2023-07-25 10:00:00+09:00,2314.0,2332.0,2314.0,2332.0,17400,0.0,0.0
2023-07-25 11:00:00+09:00,2330.0,2331.0,2318.0,2319.0,0,0.0,0.0
2023-07-25 12:00:00+09:00,2315.0,2318.0,2310.0,2313.0,60700,0.0,0.0
2023-07-25 13:00:00+09:00,2312.0,2318.0,2312.0,2317.0,11100,0.0,0.0
2023-07-25 14:00:00+09:00,2317.0,2321.0,2315.0,2321.0,20500,0.0,0.0
2023-07-26 09:00:00+09:00,2305.0,2341.0,2305.0,2339.0,14600,0.0,0.0
2023-07-26 10:00:00+09:00,2339.0,2339.0,2331.0,2335.0,6200,0.0,0.0
2023-07-26 11:00:00+09:00,2334.0,2334.0,2329.0,2330.0,0,0.0,0.0
2023-07-26 12:00:00+09:00,2330.0,2332.0,2320.0,2320.0,28100,0.0,0.0
2023-07-26 13:00:00+09:00,2317.0,2323.0,2309.0,2309.0,9700,0.0,0.0
2023-07-26 14:00:00+09:00,2310.0,2319.0,2309.0,2312.0,21000,0.0,0.0
2023-07-27 09:00:00+09:00,2322.0,2326.0,2294.0,2296.0,18900,0.0,0.0
2023-07-27 10:00:00+09:00,2295.0,2323.0,2295.0,2323.0,18000,0.0,0.0
2023-07-27 11:00:00+09:00,2320.0,2329.0,2320.0,2325.0,0,0.0,0.0
2023-07-27 12:00:00+09:00,2324.0,2328.0,2322.0,2326.0,51100,0.0,0.0
2023-07-27 13:00:00+09:00,2327.0,2340.0,2326.0,2339.0,15200,0.0,0.0
2023-07-27 14:00:00+09:00,2338.0,2351.0,2336.0,2343.0,26300,0.0,0.0
2023-07-28 09:00:00+09:00,2291.0,2339.0,2285.0,2314.0,35200,0.0,0.0
2023-07-28 10:00:00+09:00,2313.0,2324.0,2306.0,2321.0,20100,0.0,0.0
2023-07-28 11:00:00+09:00,2320.0,2324.0,2312.0,2324.0,0,0.0,0.0
2023-07-28 12:00:00+09:00,2321.0,2356.0,2321.0,2323.0,87200,0.0,0.0
2023-07-28 13:00:00+09:00,2325.0,2326.0,2298.0,2310.0,36000,0.0,0.0
2023-07-28 14:00:00+09:00,2309.0,2343.0,2307.0,2324.0,98700,0.0,0.0
2023-07-31 09:00:00+09:00,2353.0,2378.0,2332.0,2364.0,34700,0.0,0.0
2023-07-31 10:00:00+09:00,2366.0,2378.0,2363.0,2376.0,19900,0.0,0.0
2023-07-31 11:00:00+09:00,2374.0,2375.0,2363.0,2367.0,0,0.0,0.0
2023-07-31 12:00:00+09:00,2369.0,2370.0,2354.0,2367.0,88200,0.0,0.0
2023-07-31 13:00:00+09:00,2368.0,2369.0,2350.0,2350.0,29200,0.0,0.0
2023-07-31 14:00:00+09:00,2349.0,2366.0,2348.0,2360.0,63200,0.0,0.0
2023-08-01 09:00:00+09:00,2346.0,2369.0,2335.0,2359.0,37100,0.0,0.0
2023-08-01 10:00:00+09:00,2359.0,2365.0,2351.0,2364.0,13000,0.0,0.0
2023-08-01 11:00:00+09:00,2365.0,2368.0,2360.0,2362.0,0,0.0,0.0
2023-08-01 12:00:00+09:00,2355.0,2373.0,2350.0,2362.0,71000,0.0,0.0
2023-08-01 13:00:00+09:00,2365.0,2374.0,2364.0,2369.0,14100,0.0,0.0
2023-08-01 14:00:00+09:00,2371.0,2372.0,2358.0,2367.0,44400,0.0,0.0
2023-08-02 09:00:00+09:00,2335.0,2361.0,2335.0,2355.0,11700,0.0,0.0
2023-08-02 10:00:00+09:00,2353.0,2353.0,2337.0,2339.0,6500,0.0,0.0
2023-08-02 11:00:00+09:00,2338.0,2338.0,2324.0,2324.0,0,0.0,0.0
2023-08-02 12:00:00+09:00,2324.0,2332.0,2322.0,2325.0,32900,0.0,0.0
2023-08-02 13:00:00+09:00,2326.0,2333.0,2322.0,2322.0,14000,0.0,0.0
2023-08-02 14:00:00+09:00,2320.0,2331.0,2315.0,2328.0,39400,0.0,0.0
2023-08-03 09:00:00+09:00,2280.0,2280.0,2234.0,2251.0,23600,0.0,0.0
2023-08-03 10:00:00+09:00,2248.0,2260.0,2238.0,2255.0,13100,0.0,0.0
2023-08-03 11:00:00+09:00,2253.0,2262.0,2250.0,2250.0,0,0.0,0.0
2023-08-03 12:00:00+09:00,2250.0,2261.0,2246.0,2261.0,51100,0.0,0.0
2023-08-03 13:00:00+09:00,2262.0,2270.0,2255.0,2260.0,18200,0.0,0.0
2023-08-03 14:00:00+09:00,2261.0,2266.0,2243.0,2249.0,30000,0.0,0.0
2023-08-04 09:00:00+09:00,2226.0,2255.0,2222.0,2255.0,26500,0.0,0.0
2023-08-04 10:00:00+09:00,2253.0,2253.0,2228.0,2230.0,27100,0.0,0.0
2023-08-04 11:00:00+09:00,2229.0,2233.0,2228.0,2228.0,0,0.0,0.0
2023-08-04 12:00:00+09:00,2232.0,2240.0,2232.0,2234.0,70400,0.0,0.0
2023-08-04 13:00:00+09:00,2234.0,2238.0,2229.0,2236.0,9900,0.0,0.0
2023-08-04 14:00:00+09:00,2235.0,2237.0,2224.0,2229.0,32400,0.0,0.0
2023-08-07 09:00:00+09:00,2205.0,2205.0,2168.0,2173.0,24800,0.0,0.0
2023-08-07 10:00:00+09:00,2173.0,2185.0,2166.0,2183.0,12400,0.0,0.0
2023-08-07 11:00:00+09:00,2185.0,2196.0,2184.0,2193.0,0,0.0,0.0
2023-08-07 12:00:00+09:00,2202.0,2209.0,2199.0,2208.0,55500,0.0,0.0
2023-08-07 13:00:00+09:00,2206.0,2216.0,2202.0,2210.0,13000,0.0,0.0
2023-08-07 14:00:00+09:00,2210.0,2225.0,2208.0,2224.0,32300,0.0,0.0
2023-08-08 09:00:00+09:00,2213.0,2215.0,2188.0,2211.0,29200,0.0,0.0
2023-08-08 10:00:00+09:00,2211.0,2212.0,2188.0,2188.0,23300,0.0,0.0
2023-08-08 11:00:00+09:00,2187.0,2192.0,2186.0,2188.0,0,0.0,0.0
2023-08-08 12:00:00+09:00,2193.0,2203.0,2182.0,2184.0,74200,0.0,0.0
2023-08-08 13:00:00+09:00,2183.0,2193.0,2181.0,2187.0,23700,0.0,0.0
2023-08-08 14:00:00+09:00,2188.0,2192.0,2171.0,2173.0,45600,0.0,0.0
2023-08-09 09:00:00+09:00,2163.0,2184.0,2126.0,2181.0,65300,0.0,0.0
2023-08-09 10:00:00+09:00,2180.0,2192.0,2168.0,2172.0,30900,0.0,0.0
2023-08-09 11:00:00+09:00,2172.0,2182.0,2170.0,2170.0,0,0.0,0.0
2023-08-09 12:00:00+09:00,2166.0,2178.0,2166.0,2176.0,125600,0.0,0.0
2023-08-09 13:00:00+09:00,2176.0,2179.0,2166.0,2175.0,31000,0.0,0.0
2023-08-09 14:00:00+09:00,2175.0,2175.0,2166.0,2169.0,44600,0.0,0.0
2023-08-10 09:00:00+09:00,2000.0,2002.0,1837.0,1945.0,284200,0.0,0.0
2023-08-10 10:00:00+09:00,1944.0,1944.0,1897.0,1930.0,138400,0.0,0.0
2023-08-10 11:00:00+09:00,1929.0,1937.0,1924.0,1925.0,0,0.0,0.0
2023-08-10 12:00:00+09:00,1920.0,1924.0,1886.0,1886.0,616700,0.0,0.0
2023-08-10 13:00:00+09:00,1885.0,1911.0,1881.0,1909.0,116900,0.0,0.0
2023-08-10 14:00:00+09:00,1908.0,1927.0,1905.0,1925.0,160000,0.0,0.0
2023-08-14 09:00:00+09:00,1940.0,1956.0,1910.0,1917.0,97100,0.0,0.0
2023-08-14 10:00:00+09:00,1915.0,1921.0,1905.0,1916.0,37700,0.0,0.0
2023-08-14 11:00:00+09:00,1914.0,1914.0,1903.0,1907.0,0,0.0,0.0
2023-08-14 12:00:00+09:00,1906.0,1906.0,1890.0,1891.0,193000,0.0,0.0
2023-08-14 13:00:00+09:00,1890.0,1892.0,1887.0,1887.0,25900,0.0,0.0
2023-08-14 14:00:00+09:00,1888.0,1903.0,1888.0,1900.0,62600,0.0,0.0
2023-08-15 09:00:00+09:00,1921.0,1924.0,1883.0,1900.0,70500,0.0,0.0
2023-08-15 10:00:00+09:00,1900.0,1906.0,1888.0,1891.0,28600,0.0,0.0
2023-08-15 11:00:00+09:00,1890.0,1892.0,1878.0,1881.0,0,0.0,0.0
2023-08-15 12:00:00+09:00,1881.0,1890.0,1881.0,1885.0,155900,0.0,0.0
2023-08-15 13:00:00+09:00,1885.0,1890.0,1881.0,1889.0,32500,0.0,0.0
2023-08-15 14:00:00+09:00,1890.0,1897.0,1890.0,1893.0,34500,0.0,0.0
2023-08-16 09:00:00+09:00,1880.0,1902.0,1867.0,1872.0,63600,0.0,0.0
2023-08-16 10:00:00+09:00,1871.0,1882.0,1869.0,1873.0,24300,0.0,0.0
2023-08-16 11:00:00+09:00,1871.0,1880.0,1869.0,1880.0,0,0.0,0.0
2023-08-16 12:00:00+09:00,1883.0,1892.0,1881.0,1881.0,117300,0.0,0.0
2023-08-16 13:00:00+09:00,1881.0,1884.0,1876.0,1881.0,19500,0.0,0.0
2023-08-16 14:00:00+09:00,1881.0,1884.0,1869.0,1870.0,46300,0.0,0.0
2023-08-17 09:00:00+09:00,1856.0,1877.0,1845.0,1861.0,63600,0.0,0.0
2023-08-17 10:00:00+09:00,1861.0,1861.0,1845.0,1849.0,26500,0.0,0.0
2023-08-17 11:00:00+09:00,1849.0,1855.0,1846.0,1852.0,0,0.0,0.0
2023-08-17 12:00:00+09:00,1857.0,1872.0,1857.0,1872.0,116100,0.0,0.0
2023-08-17 13:00:00+09:00,1872.0,1873.0,1866.0,1866.0,15400,0.0,0.0
2023-08-17 14:00:00+09:00,1867.0,1870.0,1860.0,1862.0,35400,0.0,0.0
2023-08-18 09:00:00+09:00,1843.0,1843.0,1827.0,1830.0,87100,0.0,0.0
2023-08-18 10:00:00+09:00,1830.0,1850.0,1829.0,1848.0,33100,0.0,0.0
2023-08-18 11:00:00+09:00,1848.0,1859.0,1848.0,1852.0,0,0.0,0.0
2023-08-18 12:00:00+09:00,1850.0,1850.0,1839.0,1848.0,167000,0.0,0.0
2023-08-18 13:00:00+09:00,1848.0,1859.0,1848.0,1858.0,32000,0.0,0.0
2023-08-18 14:00:00+09:00,1859.0,1867.0,1845.0,1864.0,68500,0.0,0.0
2023-08-21 09:00:00+09:00,1870.0,1884.0,1863.0,1878.0,33400,0.0,0.0
2023-08-21 10:00:00+09:00,1879.0,1881.0,1863.0,1866.0,21900,0.0,0.0
2023-08-21 11:00:00+09:00,1863.0,1870.0,1861.0,1867.0,0,0.0,0.0
2023-08-21 12:00:00+09:00,1871.0,1879.0,1868.0,1869.0,71600,0.0,0.0
2023-08-21 13:00:00+09:00,1869.0,1878.0,1869.0,1874.0,16700,0.0,0.0
2023-08-21 14:00:00+09:00,1875.0,1883.0,1874.0,1881.0,25900,0.0,0.0
2023-08-22 09:00:00+09:00,1901.0,1908.0,1884.0,1885.0,55500,0.0,0.0
2023-08-22 10:00:00+09:00,1884.0,1894.0,1873.0,1877.0,37800,0.0,0.0
2023-08-22 11:00:00+09:00,1876.0,1877.0,1873.0,1874.0,0,0.0,0.0
2023-08-22 12:00:00+09:00,1873.0,1878.0,1872.0,1874.0,122600,0.0,0.0
2023-08-22 13:00:00+09:00,1875.0,1879.0,1871.0,1873.0,22100,0.0,0.0
2023-08-22 14:00:00+09:00,1874.0,1882.0,1874.0,1881.0,38700,0.0,0.0
2023-08-23 09:00:00+09:00,1858.0,1862.0,1846.0,1855.0,34800,0.0,0.0
2023-08-23 10:00:00+09:00,1854.0,1857.0,1849.0,1852.0,12400,0.0,0.0
2023-08-23 11:00:00+09:00,1853.0,1857.0,1852.0,1855.0,0,0.0,0.0
2023-08-23 12:00:00+09:00,1855.0,1863.0,1854.0,1856.0,65000,0.0,0.0
2023-08-23 13:00:00+09:00,1856.0,1864.0,1856.0,1864.0,13400,0.0,0.0
2023-08-23 14:00:00+09:00,1864.0,1871.0,1863.0,1869.0,23500,0.0,0.0
2023-08-24 09:00:00+09:00,1875.0,1890.0,1869.0,1873.0,40300,0.0,0.0
2023-08-24 10:00:00+09:00,1872.0,1873.0,1856.0,1860.0,37200,0.0,0.0
2023-08-24 11:00:00+09:00,1859.0,1865.0,1859.0,1863.0,0,0.0,0.0
2023-08-24 12:00:00+09:00,1864.0,1867.0,1857.0,1859.0,100900,0.0,0.0
2023-08-24 13:00:00+09:00,1858.0,1860.0,1855.0,1860.0,21400,0.0,0.0
2023-08-24 14:00:00+09:00,1860.0,1872.0,1860.0,1869.0,48000,0.0,0.0
2023-08-25 09:00:00+09:00,1847.0,1851.0,1828.0,1847.0,61700,0.0,0.0
2023-08-25 10:00:00+09:00,1846.0,1846.0,1831.0,1845.0,34900,0.0,0.0
2023-08-25 11:00:00+09:00,1845.0,1846.0,1840.0,1840.0,0,0.0,0.0
2023-08-25 12:00:00+09:00,1843.0,1848.0,1842.0,1844.0,119900,0.0,0.0
2023-08-25 13:00:00+09:00,1844.0,1850.0,1841.0,1846.0,20000,0.0,0.0
2023-08-25 14:00:00+09:00,1846.0,1850.0,1840.0,1843.0,43100,0.0,0.0
2023-08-28 09:00:00+09:00,1840.0,1854.0,1829.0,1853.0,69200,0.0,0.0
2023-08-28 10:00:00+09:00,1852.0,1864.0,1852.0,1862.0,22700,0.0,0.0
2023-08-28 11:00:00+09:00,1861.0,1868.0,1861.0,1865.0,0,0.0,0.0
2023-08-28 12:00:00+09:00,1867.0,1867.0,1855.0,1857.0,114200,0.0,0.0
2023-08-28 13:00:00+09:00,1856.0,1864.0,1854.0,1864.0,16000,0.0,0.0
2023-08-28 14:00:00+09:00,1865.0,1870.0,1862.0,1869.0,31900,0.0,0.0
2023-08-29 09:00:00+09:00,1875.0,1879.0,1868.0,1869.0,42300,0.0,0.0
2023-08-29 10:00:00+09:00,1868.0,1868.0,1857.0,1859.0,20100,0.0,0.0
2023-08-29 11:00:00+09:00,1858.0,1868.0,1858.0,1867.0,0,0.0,0.0
2023-08-29 12:00:00+09:00,1862.0,1873.0,1862.0,1866.0,82700,0.0,0.0
2023-08-29 13:00:00+09:00,1866.0,1873.0,1866.0,1871.0,15700,0.0,0.0
2023-08-29 14:00:00+09:00,1871.0,1875.0,1869.0,1873.0,32100,0.0,0.0
2023-08-30 09:00:00+09:00,1913.0,1915.0,1887.0,1888.0,47200,0.0,0.0
2023-08-30 10:00:00+09:00,1887.0,1898.0,1883.0,1898.0,24300,0.0,0.0
2023-08-30 11:00:00+09:00,1898.0,1898.0,1891.0,1892.0,0,0.0,0.0
2023-08-30 12:00:00+09:00,1892.0,1902.0,1890.0,1899.0,103400,0.0,0.0
2023-08-30 13:00:00+09:00,1900.0,1904.0,1900.0,1901.0,25000,0.0,0.0
2023-08-30 14:00:00+09:00,1901.0,1908.0,1897.0,1908.0,62600,0.0,0.0
2023-08-31 09:00:00+09:00,1920.0,1951.0,1913.0,1951.0,76500,0.0,0.0
2023-08-31 10:00:00+09:00,1949.0,1961.0,1947.0,1961.0,27000,0.0,0.0
2023-08-31 11:00:00+09:00,1961.0,1965.0,1961.0,1965.0,0,0.0,0.0
2023-08-31 12:00:00+09:00,1965.0,1968.0,1950.0,1950.0,146200,0.0,0.0
2023-08-31 13:00:00+09:00,1950.0,1960.0,1950.0,1959.0,23600,0.0,0.0
2023-08-31 14:00:00+09:00,1960.0,1964.0,1956.0,1957.0,40100,0.0,0.0
2023-09-01 09:00:00+09:00,1946.0,1962.0,1935.0,1952.0,35700,0.0,0.0
2023-09-01 10:00:00+09:00,1953.0,1964.0,1953.0,1962.0,14300,0.0,0.0
2023-09-01 11:00:00+09:00,1963.0,1963.0,1956.0,1959.0,0,0.0,0.0
2023-09-01 12:00:00+09:00,1954.0,1960.0,1950.0,1952.0,79900,0.0,0.0
2023-09-01 13:00:00+09:00,1952.0,1956.0,1948.0,1954.0,15300,0.0,0.0
2023-09-01 14:00:00+09:00,1954.0,1956.0,1950.0,1954.0,27800,0.0,0.0
2023-09-04 09:00:00+09:00,1970.0,1975.0,1956.0,1971.0,57500,0.0,0.0
2023-09-04 10:00:00+09:00,1971.0,1978.0,1970.0,1978.0,18300,0.0,0.0
2023-09-04 11:00:00+09:00,1978.0,1980.0,1975.0,1980.0,0,0.0,0.0
2023-09-04 12:00:00+09:00,1980.0,1987.0,1980.0,1987.0,100600,0.0,0.0
2023-09-04 13:00:00+09:00,1987.0,1991.0,1983.0,1989.0,23900,0.0,0.0
2023-09-04 14:00:00+09:00,1989.0,1995.0,1986.0,1993.0,36600,0.0,0.0
2023-09-05 09:00:00+09:00,1985.0,1993.0,1972.0,1987.0,26600,0.0,0.0
2023-09-05 10:00:00+09:00,1987.0,2007.0,1987.0,2003.0,18600,0.0,0.0
2023-09-05 11:00:00+09:00,2006.0,2008.0,2001.0,2001.0,0,0.0,0.0
2023-09-05 12:00:00+09:00,2005.0,2007.0,1994.0,1996.0,65100,0.0,0.0
2023-09-05 13:00:00+09:00,1995.0,2001.0,1992.0,1998.0,19900,0.0,0.0
2023-09-05 14:00:00+09:00,1998.0,2007.0,1998.0,2005.0,27400,0.0,0.0
2023-09-06 09:00:00+09:00,2007.0,2014.0,1982.0,1988.0,38000,0.0,0.0
2023-09-06 10:00:00+09:00,1988.0,1995.0,1975.0,1977.0,24200,0.0,0.0
2023-09-06 11:00:00+09:00,1977.0,1988.0,1973.0,1985.0,0,0.0,0.0
2023-09-06 12:00:00+09:00,1985.0,1985.0,1974.0,1977.0,100100,0.0,0.0
2023-09-06 13:00:00+09:00,1976.0,1981.0,1973.0,1975.0,21000,0.0,0.0
2023-09-06 14:00:00+09:00,1976.0,1984.0,1975.0,1982.0,43700,0.0,0.0
2023-09-07 09:00:00+09:00,1970.0,1981.0,1946.0,1948.0,48300,0.0,0.0
2023-09-07 10:00:00+09:00,1949.0,1950.0,1933.0,1933.0,39600,0.0,0.0
2023-09-07 11:00:00+09:00,1934.0,1944.0,1933.0,1944.0,0,0.0,0.0
2023-09-07 12:00:00+09:00,1945.0,1946.0,1939.0,1943.0,141200,0.0,0.0
2023-09-07 13:00:00+09:00,1944.0,1949.0,1940.0,1946.0,48200,0.0,0.0
2023-09-07 14:00:00+09:00,1946.0,1947.0,1930.0,1935.0,63900,0.0,0.0
2023-09-08 09:00:00+09:00,1908.0,1924.0,1890.0,1899.0,97300,0.0,0.0
2023-09-08 10:00:00+09:00,1899.0,1900.0,1881.0,1888.0,21800,0.0,0.0
2023-09-08 11:00:00+09:00,1887.0,1896.0,1887.0,1896.0,0,0.0,0.0
2023-09-08 12:00:00+09:00,1894.0,1894.0,1885.0,1887.0,152600,0.0,0.0
2023-09-08 13:00:00+09:00,1886.0,1888.0,1880.0,1883.0,27300,0.0,0.0
2023-09-08 14:00:00+09:00,1884.0,1895.0,1882.0,1889.0,32100,0.0,0.0
2023-09-11 09:00:00+09:00,1875.0,1879.0,1850.0,1853.0,81600,0.0,0.0
2023-09-11 10:00:00+09:00,1853.0,1859.0,1849.0,1850.0,35300,0.0,0.0
2023-09-11 11:00:00+09:00,1850.0,1850.0,1845.0,1847.0,0,0.0,0.0
2023-09-11 12:00:00+09:00,1847.0,1853.0,1843.0,1846.0,164800,0.0,0.0
2023-09-11 13:00:00+09:00,1845.0,1847.0,1840.0,1841.0,31200,0.0,0.0
2023-09-11 14:00:00+09:00,1841.0,1843.0,1834.0,1838.0,44200,0.0,0.0
2023-09-12 09:00:00+09:00,1855.0,1884.0,1855.0,1876.0,72400,0.0,0.0
2023-09-12 10:00:00+09:00,1877.0,1877.0,1841.0,1844.0,43200,0.0,0.0
2023-09-12 11:00:00+09:00,1843.0,1857.0,1843.0,1857.0,0,0.0,0.0
2023-09-12 12:00:00+09:00,1854.0,1868.0,1854.0,1863.0,170400,0.0,0.0
2023-09-12 13:00:00+09:00,1863.0,1869.0,1859.0,1868.0,34600,0.0,0.0
2023-09-12 14:00:00+09:00,1869.0,1888.0,1864.0,1888.0,40600,0.0,0.0
2023-09-13 09:00:00+09:00,1900.0,1914.0,1895.0,1914.0,61100,0.0,0.0
2023-09-13 10:00:00+09:00,1914.0,1914.0,1884.0,1886.0,31600,0.0,0.0
2023-09-13 11:00:00+09:00,1887.0,1887.0,1878.0,1878.0,0,0.0,0.0
2023-09-13 12:00:00+09:00,1874.0,1877.0,1861.0,1864.0,134200,0.0,0.0
2023-09-13 13:00:00+09:00,1864.0,1878.0,1863.0,1877.0,26100,0.0,0.0
2023-09-13 14:00:00+09:00,1878.0,1879.0,1872.0,1876.0,34700,0.0,0.0
2023-09-14 09:00:00+09:00,1878.0,1889.0,1862.0,1875.0,46900,0.0,0.0
2023-09-14 10:00:00+09:00,1875.0,1888.0,1873.0,1885.0,27400,0.0,0.0
2023-09-14 11:00:00+09:00,1883.0,1887.0,1882.0,1885.0,0,0.0,0.0
2023-09-14 12:00:00+09:00,1885.0,1888.0,1875.0,1877.0,99900,0.0,0.0
2023-09-14 13:00:00+09:00,1877.0,1879.0,1857.0,1866.0,43200,0.0,0.0
2023-09-14 14:00:00+09:00,1866.0,1872.0,1864.0,1869.0,49200,0.0,0.0
2023-09-15 09:00:00+09:00,1885.0,1886.0,1862.0,1876.0,56500,0.0,0.0
2023-09-15 10:00:00+09:00,1876.0,1883.0,1872.0,1882.0,25600,0.0,0.0
2023-09-15 11:00:00+09:00,1882.0,1887.0,1880.0,1885.0,0,0.0,0.0
2023-09-15 12:00:00+09:00,1889.0,1896.0,1886.0,1889.0,114200,0.0,0.0
2023-09-15 13:00:00+09:00,1889.0,1893.0,1886.0,1890.0,22500,0.0,0.0
2023-09-15 14:00:00+09:00,1890.0,1895.0,1878.0,1883.0,48300,0.0,0.0
2023-09-19 09:00:00+09:00,1886.0,1889.0,1855.0,1857.0,58400,0.0,0.0
2023-09-19 10:00:00+09:00,1860.0,1862.0,1844.0,1845.0,38900,0.0,0.0
2023-09-19 11:00:00+09:00,1845.0,1848.0,1843.0,1844.0,0,0.0,0.0
2023-09-19 12:00:00+09:00,1845.0,1854.0,1845.0,1849.0,133000,0.0,0.0
2023-09-19 13:00:00+09:00,1848.0,1858.0,1846.0,1855.0,21600,0.0,0.0
2023-09-19 14:00:00+09:00,1853.0,1859.0,1849.0,1859.0,34200,0.0,0.0
2023-09-20 09:00:00+09:00,1845.0,1860.0,1838.0,1844.0,50600,0.0,0.0
2023-09-20 10:00:00+09:00,1844.0,1855.0,1843.0,1844.0,15700,0.0,0.0
2023-09-20 11:00:00+09:00,1844.0,1844.0,1836.0,1840.0,0,0.0,0.0
2023-09-20 12:00:00+09:00,1843.0,1856.0,1842.0,1855.0,102800,0.0,0.0
2023-09-20 13:00:00+09:00,1854.0,1855.0,1844.0,1844.0,25200,0.0,0.0
2023-09-20 14:00:00+09:00,1844.0,1848.0,1841.0,1842.0,40000,0.0,0.0
2023-09-21 09:00:00+09:00,1841.0,1861.0,1840.0,1846.0,41300,0.0,0.0
2023-09-21 10:00:00+09:00,1846.0,1847.0,1838.0,1843.0,25300,0.0,0.0
2023-09-21 11:00:00+09:00,1843.0,1844.0,1839.0,1840.0,0,0.0,0.0
2023-09-21 12:00:00+09:00,1840.0,1844.0,1839.0,1841.0,91900,0.0,0.0
2023-09-21 13:00:00+09:00,1842.0,1845.0,1841.0,1843.0,17300,0.0,0.0
2023-09-21 14:00:00+09:00,1841.0,1849.0,1838.0,1847.0,28600,0.0,0.0
2023-09-22 09:00:00+09:00,1833.0,1840.0,1815.0,1831.0,66700,0.0,0.0
2023-09-22 10:00:00+09:00,1828.0,1851.0,1825.0,1846.0,24800,0.0,0.0
2023-09-22 11:00:00+09:00,1847.0,1858.0,1846.0,1855.0,0,0.0,0.0
2023-09-22 12:00:00+09:00,1855.0,1859.0,1850.0,1854.0,132600,0.0,0.0
2023-09-22 13:00:00+09:00,1853.0,1854.0,1840.0,1845.0,18100,0.0,0.0
2023-09-22 14:00:00+09:00,1844.0,1851.0,1841.0,1841.0,27400,0.0,0.0
2023-09-25 09:00:00+09:00,1849.0,1849.0,1826.0,1839.0,61800,0.0,0.0
2023-09-25 10:00:00+09:00,1837.0,1862.0,1836.0,1860.0,46500,0.0,0.0
2023-09-25 11:00:00+09:00,1858.0,1859.0,1850.0,1858.0,0,0.0,0.0
2023-09-25 12:00:00+09:00,1861.0,1861.0,1848.0,1855.0,139800,0.0,0.0
2023-09-25 13:00:00+09:00,1855.0,1859.0,1853.0,1857.0,21400,0.0,0.0
2023-09-25 14:00:00+09:00,1856.0,1866.0,1854.0,1861.0,33700,0.0,0.0
2023-09-26 09:00:00+09:00,1857.0,1862.0,1839.0,1850.0,39300,0.0,0.0
2023-09-26 10:00:00+09:00,1851.0,1851.0,1836.0,1837.0,29500,0.0,0.0
2023-09-26 11:00:00+09:00,1837.0,1841.0,1837.0,1838.0,0,0.0,0.0
2023-09-26 12:00:00+09:00,1837.0,1847.0,1837.0,1844.0,102200,0.0,0.0
2023-09-26 13:00:00+09:00,1843.0,1843.0,1834.0,1838.0,22100,0.0,0.0
2023-09-26 14:00:00+09:00,1837.0,1842.0,1833.0,1833.0,35300,0.0,0.0
2023-09-27 09:00:00+09:00,1831.0,1860.0,1820.0,1858.0,52500,0.0,0.0
2023-09-27 10:00:00+09:00,1860.0,1860.0,1846.0,1847.0,14500,0.0,0.0
2023-09-27 11:00:00+09:00,1849.0,1853.0,1848.0,1848.0,0,0.0,0.0
2023-09-27 12:00:00+09:00,1842.0,1851.0,1842.0,1851.0,85000,0.0,0.0
2023-09-27 13:00:00+09:00,1853.0,1854.0,1847.0,1852.0,19600,0.0,0.0
2023-09-27 14:00:00+09:00,1852.0,1860.0,1851.0,1860.0,29000,0.0,0.0
2023-09-28 09:00:00+09:00,1846.0,1849.0,1825.0,1837.0,71700,0.0,0.0
2023-09-28 10:00:00+09:00,1837.0,1842.0,1836.0,1841.0,21900,0.0,0.0
2023-09-28 11:00:00+09:00,1841.0,1841.0,1817.0,1817.0,0,0.0,0.0
2023-09-28 12:00:00+09:00,1816.0,1820.0,1808.0,1818.0,145500,0.0,0.0
2023-09-28 13:00:00+09:00,1818.0,1819.0,1815.0,1817.0,26100,0.0,0.0
2023-09-28 14:00:00+09:00,1817.0,1828.0,1817.0,1820.0,31900,0.0,0.0
2023-09-29 09:00:00+09:00,1835.0,1846.0,1830.0,1830.0,44400,0.0,0.0
2023-09-29 10:00:00+09:00,1832.0,1853.0,1832.0,1849.0,33500,0.0,0.0
2023-09-29 11:00:00+09:00,1848.0,1853.0,1845.0,1851.0,0,0.0,0.0
2023-09-29 12:00:00+09:00,1854.0,1859.0,1851.0,1852.0,109800,0.0,0.0
2023-09-29 13:00:00+09:00,1852.0,1856.0,1837.0,1839.0,39000,0.0,0.0
2023-09-29 14:00:00+09:00,1839.0,1840.0,1831.0,1837.0,36500,0.0,0.0
2023-10-02 09:00:00+09:00,1850.0,1863.0,1839.0,1856.0,66000,0.0,0.0
2023-10-02 10:00:00+09:00,1856.0,1864.0,1851.0,1859.0,30400,0.0,0.0
2023-10-02 11:00:00+09:00,1859.0,1869.0,1854.0,1869.0,0,0.0,0.0
2023-10-02 12:00:00+09:00,1870.0,1870.0,1844.0,1844.0,149600,0.0,0.0
2023-10-02 13:00:00+09:00,1844.0,1845.0,1824.0,1835.0,45300,0.0,0.0
2023-10-02 14:00:00+09:00,1836.0,1842.0,1824.0,1826.0,50000,0.0,0.0
2023-10-03 09:00:00+09:00,1850.0,1871.0,1812.0,1820.0,92800,0.0,0.0
2023-10-03 10:00:00+09:00,1820.0,1822.0,1806.0,1807.0,48900,0.0,0.0
2023-10-03 11:00:00+09:00,1807.0,1807.0,1801.0,1803.0,0,0.0,0.0
2023-10-03 12:00:00+09:00,1803.0,1812.0,1801.0,1806.0,200300,0.0,0.0
2023-10-03 13:00:00+09:00,1806.0,1806.0,1795.0,1796.0,51300,0.0,0.0
2023-10-03 14:00:00+09:00,1796.0,1798.0,1783.0,1783.0,62400,0.0,0.0
2023-10-04 09:00:00+09:00,1770.0,1777.0,1754.0,1761.0,61800,0.0,0.0
2023-10-04 10:00:00+09:00,1762.0,1764.0,1745.0,1754.0,41200,0.0,0.0
2023-10-04 11:00:00+09:00,1754.0,1758.0,1750.0,1750.0,0,0.0,0.0
2023-10-04 12:00:00+09:00,1753.0,1761.0,1746.0,1748.0,147600,0.0,0.0
2023-10-04 13:00:00+09:00,1749.0,1775.0,1746.0,1768.0,39700,0.0,0.0
2023-10-04 14:00:00+09:00,1769.0,1773.0,1754.0,1756.0,57700,0.0,0.0
2023-10-05 09:00:00+09:00,1777.0,1784.0,1756.0,1768.0,37200,0.0,0.0
2023-10-05 10:00:00+09:00,1766.0,1774.0,1764.0,1773.0,15000,0.0,0.0
2023-10-05 11:00:00+09:00,1772.0,1778.0,1770.0,1778.0,0,0.0,0.0
2023-10-05 12:00:00+09:00,1783.0,1783.0,1775.0,1780.0,75500,0.0,0.0
2023-10-05 13:00:00+09:00,1780.0,1787.0,1778.0,1787.0,22400,0.0,0.0
2023-10-05 14:00:00+09:00,1786.0,1786.0,1777.0,1786.0,28400,0.0,0.0
2023-10-06 09:00:00+09:00,1783.0,1791.0,1770.0,1785.0,34800,0.0,0.0
2023-10-06 10:00:00+09:00,1784.0,1789.0,1770.0,1772.0,21200,0.0,0.0
2023-10-06 11:00:00+09:00,1773.0,1774.0,1768.0,1771.0,0,0.0,0.0
2023-10-06 12:00:00+09:00,1774.0,1779.0,1771.0,1778.0,78700,0.0,0.0
2023-10-06 13:00:00+09:00,1778.0,1784.0,1778.0,1783.0,15200,0.0,0.0
2023-10-06 14:00:00+09:00,1784.0,1788.0,1780.0,1785.0,32600,0.0,0.0
2023-10-10 09:00:00+09:00,1819.0,1835.0,1800.0,1825.0,66300,0.0,0.0
2023-10-10 10:00:00+09:00,1826.0,1830.0,1820.0,1827.0,21700,0.0,0.0
2023-10-10 11:00:00+09:00,1827.0,1833.0,1827.0,1833.0,0,0.0,0.0
2023-10-10 12:00:00+09:00,1826.0,1831.0,1821.0,1830.0,116900,0.0,0.0
2023-10-10 13:00:00+09:00,1830.0,1830.0,1820.0,1823.0,22000,0.0,0.0
2023-10-10 14:00:00+09:00,1823.0,1826.0,1819.0,1823.0,22700,0.0,0.0
2023-10-11 09:00:00+09:00,1837.0,1847.0,1822.0,1844.0,32100,0.0,0.0
2023-10-11 10:00:00+09:00,1842.0,1842.0,1826.0,1826.0,10900,0.0,0.0
2023-10-11 11:00:00+09:00,1825.0,1826.0,1819.0,1825.0,0,0.0,0.0
2023-10-11 12:00:00+09:00,1820.0,1839.0,1820.0,1839.0,63200,0.0,0.0
2023-10-11 13:00:00+09:00,1839.0,1843.0,1832.0,1838.0,14700,0.0,0.0
2023-10-11 14:00:00+09:00,1837.0,1846.0,1837.0,1839.0,31200,0.0,0.0
2023-10-12 09:00:00+09:00,1848.0,1888.0,1839.0,1881.0,76900,0.0,0.0
2023-10-12 10:00:00+09:00,1881.0,1884.0,1876.0,1877.0,30700,0.0,0.0
2023-10-12 11:00:00+09:00,1877.0,1882.0,1876.0,1879.0,0,0.0,0.0
2023-10-12 12:00:00+09:00,1879.0,1888.0,1879.0,1888.0,142400,0.0,0.0
2023-10-12 13:00:00+09:00,1887.0,1890.0,1883.0,1885.0,20500,0.0,0.0
2023-10-12 14:00:00+09:00,1884.0,1889.0,1883.0,1886.0,33700,0.0,0.0
2023-10-13 09:00:00+09:00,1884.0,1898.0,1876.0,1886.0,53000,0.0,0.0
2023-10-13 10:00:00+09:00,1884.0,1891.0,1882.0,1886.0,17900,0.0,0.0
2023-10-13 11:00:00+09:00,1888.0,1893.0,1886.0,1886.0,0,0.0,0.0
2023-10-13 12:00:00+09:00,1885.0,1888.0,1868.0,1868.0,101000,0.0,0.0
2023-10-13 13:00:00+09:00,1868.0,1868.0,1858.0,1862.0,20200,0.0,0.0
2023-10-13 14:00:00+09:00,1862.0,1866.0,1858.0,1863.0,23800,0.0,0.0
2023-10-16 09:00:00+09:00,1830.0,1834.0,1805.0,1818.0,39100,0.0,0.0
2023-10-16 10:00:00+09:00,1818.0,1830.0,1817.0,1822.0,14000,0.0,0.0
2023-10-16 11:00:00+09:00,1821.0,1822.0,1816.0,1821.0,0,0.0,0.0
2023-10-16 12:00:00+09:00,1821.0,1826.0,1818.0,1826.0,72500,0.0,0.0
2023-10-16 13:00:00+09:00,1826.0,1826.0,1820.0,1821.0,0,0.0,0.0
2023-10-16 14:00:00+09:00,1822.0,1823.0,1814.0,1822.0,106500,0.0,0.0
2023-10-17 09:00:00+09:00,1848.0,1867.0,1848.0,1855.0,24800,0.0,0.0
2023-10-17 10:00:00+09:00,1856.0,1859.0,1839.0,1839.0,20100,0.0,0.0
2023-10-17 11:00:00+09:00,1840.0,1840.0,1828.0,1831.0,0,0.0,0.0
2023-10-17 12:00:00+09:00,1827.0,1835.0,1827.0,1832.0,60700,0.0,0.0
2023-10-17 13:00:00+09:00,1835.0,1836.0,1829.0,1829.0,10700,0.0,0.0
2023-10-17 14:00:00+09:00,1829.0,1836.0,1824.0,1836.0,15400,0.0,0.0
2023-10-18 09:00:00+09:00,1835.0,1845.0,1824.0,1836.0,17300,0.0,0.0
2023-10-18 10:00:00+09:00,1834.0,1847.0,1834.0,1839.0,7300,0.0,0.0
2023-10-18 11:00:00+09:00,1841.0,1847.0,1841.0,1845.0,0,0.0,0.0
2023-10-18 12:00:00+09:00,1843.0,1845.0,1838.0,1844.0,35300,0.0,0.0
2023-10-18 13:00:00+09:00,1844.0,1859.0,1844.0,1856.0,12200,0.0,0.0
2023-10-18 14:00:00+09:00,1852.0,1852.0,1842.0,1849.0,13900,0.0,0.0
2023-10-19 09:00:00+09:00,1810.0,1829.0,1808.0,1829.0,23100,0.0,0.0
2023-10-19 10:00:00+09:00,1829.0,1829.0,1818.0,1819.0,7900,0.0,0.0
2023-10-19 11:00:00+09:00,1819.0,1822.0,1813.0,1817.0,0,0.0,0.0
2023-10-19 12:00:00+09:00,1810.0,1821.0,1810.0,1819.0,49100,0.0,0.0
2023-10-19 13:00:00+09:00,1820.0,1840.0,1820.0,1840.0,14000,0.0,0.0
2023-10-19 14:00:00+09:00,1839.0,1845.0,1833.0,1838.0,23900,0.0,0.0
2023-10-20 09:00:00+09:00,1828.0,1838.0,1818.0,1828.0,28200,0.0,0.0
2023-10-20 10:00:00+09:00,1827.0,1831.0,1814.0,1827.0,13600,0.0,0.0
2023-10-20 11:00:00+09:00,1824.0,1831.0,1823.0,1828.0,0,0.0,0.0
2023-10-20 12:00:00+09:00,1825.0,1834.0,1825.0,1826.0,54400,0.0,0.0
2023-10-20 13:00:00+09:00,1827.0,1837.0,1826.0,1828.0,10500,0.0,0.0
2023-10-20 14:00:00+09:00,1829.0,1838.0,1829.0,1831.0,19200,0.0,0.0
2023-10-23 09:00:00+09:00,1813.0,1824.0,1810.0,1814.0,34200,0.0,0.0
2023-10-23 10:00:00+09:00,1815.0,1818.0,1799.0,1801.0,27400,0.0,0.0
2023-10-23 11:00:00+09:00,1803.0,1806.0,1791.0,1791.0,0,0.0,0.0
2023-10-23 12:00:00+09:00,1793.0,1796.0,1788.0,1793.0,86600,0.0,0.0
2023-10-23 13:00:00+09:00,1791.0,1795.0,1785.0,1790.0,22600,0.0,0.0
2023-10-23 14:00:00+09:00,1790.0,1795.0,1783.0,1785.0,32300,0.0,0.0
2023-10-24 09:00:00+09:00,1781.0,1790.0,1766.0,1773.0,0,0.0,0.0
2023-10-24 10:00:00+09:00,1774.0,1779.0,1750.0,1757.0,80100,0.0,0.0
2023-10-24 11:00:00+09:00,1757.0,1784.0,1756.0,1778.0,0,0.0,0.0
2023-10-24 12:00:00+09:00,1768.0,1780.0,1765.0,1769.0,105100,0.0,0.0
2023-10-24 13:00:00+09:00,1771.0,1788.0,1769.0,1788.0,0,0.0,0.0
2023-10-24 14:00:00+09:00,1788.0,1800.0,1788.0,1796.0,152400,0.0,0.0
2023-10-25 09:00:00+09:00,1786.0,1792.0,1770.0,1789.0,75900,0.0,0.0
2023-10-25 10:00:00+09:00,1790.0,1804.0,1788.0,1796.0,36700,0.0,0.0
2023-10-25 11:00:00+09:00,1796.0,1802.0,1793.0,1800.0,0,0.0,0.0
2023-10-25 12:00:00+09:00,1793.0,1801.0,1792.0,1792.0,153300,0.0,0.0
2023-10-25 13:00:00+09:00,1793.0,1797.0,1789.0,1796.0,24000,0.0,0.0
2023-10-25 14:00:00+09:00,1796.0,1796.0,1773.0,1778.0,52100,0.0,0.0
2023-10-26 09:00:00+09:00,1733.0,1738.0,1717.0,1717.0,113900,0.0,0.0
2023-10-26 10:00:00+09:00,1717.0,1742.0,1717.0,1735.0,35200,0.0,0.0
2023-10-26 11:00:00+09:00,1735.0,1735.0,1723.0,1723.0,0,0.0,0.0
2023-10-26 12:00:00+09:00,1720.0,1727.0,1720.0,1724.0,180000,0.0,0.0
2023-10-26 13:00:00+09:00,1723.0,1723.0,1715.0,1715.0,36700,0.0,0.0
2023-10-26 14:00:00+09:00,1716.0,1722.0,1713.0,1720.0,43600,0.0,0.0
2023-10-27 09:00:00+09:00,1732.0,1734.0,1715.0,1729.0,53800,0.0,0.0
2023-10-27 10:00:00+09:00,1728.0,1732.0,1725.0,1731.0,26800,0.0,0.0
2023-10-27 11:00:00+09:00,1732.0,1739.0,1729.0,1735.0,0,0.0,0.0
2023-10-27 12:00:00+09:00,1731.0,1734.0,1716.0,1722.0,125800,0.0,0.0
2023-10-27 13:00:00+09:00,1722.0,1722.0,1710.0,1720.0,44200,0.0,0.0
2023-10-27 14:00:00+09:00,1720.0,1726.0,1713.0,1726.0,54500,0.0,0.0
2023-10-30 09:00:00+09:00,1720.0,1724.0,1708.0,1714.0,43900,0.0,0.0
2023-10-30 10:00:00+09:00,1714.0,1715.0,1704.0,1715.0,29500,0.0,0.0
2023-10-30 11:00:00+09:00,1713.0,1716.0,1702.0,1705.0,0,0.0,0.0
2023-10-30 12:00:00+09:00,1709.0,1712.0,1706.0,1706.0,99600,0.0,0.0
2023-10-30 13:00:00+09:00,1705.0,1709.0,1695.0,1698.0,37200,0.0,0.0
2023-10-30 14:00:00+09:00,1698.0,1712.0,1697.0,1710.0,59300,0.0,0.0
2023-10-31 09:00:00+09:00,1710.0,1711.0,1680.0,1693.0,87800,0.0,0.0
2023-10-31 10:00:00+09:00,1693.0,1700.0,1688.0,1698.0,28600,0.0,0.0
2023-10-31 11:00:00+09:00,1699.0,1699.0,1688.0,1692.0,0,0.0,0.0
2023-10-31 12:00:00+09:00,1701.0,1722.0,1697.0,1708.0,156700,0.0,0.0
2023-10-31 13:00:00+09:00,1707.0,1725.0,1707.0,1715.0,36900,0.0,0.0
2023-10-31 14:00:00+09:00,1714.0,1731.0,1711.0,1725.0,52600,0.0,0.0
2023-11-01 09:00:00+09:00,1761.0,1774.0,1751.0,1764.0,66500,0.0,0.0
2023-11-01 10:00:00+09:00,1765.0,1779.0,1756.0,1771.0,43000,0.0,0.0
2023-11-01 11:00:00+09:00,1770.0,1770.0,1760.0,1767.0,0,0.0,0.0
2023-11-01 12:00:00+09:00,1765.0,1767.0,1757.0,1758.0,147100,0.0,0.0
2023-11-01 13:00:00+09:00,1758.0,1766.0,1757.0,1766.0,23800,0.0,0.0
2023-11-01 14:00:00+09:00,1766.0,1768.0,1763.0,1766.0,36900,0.0,0.0
2023-11-02 09:00:00+09:00,1782.0,1783.0,1766.0,1769.0,64800,0.0,0.0
2023-11-02 10:00:00+09:00,1769.0,1779.0,1763.0,1765.0,21000,0.0,0.0
2023-11-02 11:00:00+09:00,1767.0,1768.0,1761.0,1764.0,0,0.0,0.0
2023-11-02 12:00:00+09:00,1761.0,1761.0,1749.0,1754.0,121900,0.0,0.0
2023-11-02 13:00:00+09:00,1755.0,1758.0,1750.0,1751.0,28500,0.0,0.0
2023-11-02 14:00:00+09:00,1752.0,1759.0,1750.0,1755.0,40700,0.0,0.0
2023-11-06 09:00:00+09:00,1800.0,1805.0,1778.0,1783.0,53900,0.0,0.0
2023-11-06 10:00:00+09:00,1784.0,1791.0,1777.0,1786.0,53700,0.0,0.0
2023-11-06 11:00:00+09:00,1786.0,1789.0,1783.0,1787.0,0,0.0,0.0
2023-11-06 12:00:00+09:00,1787.0,1791.0,1784.0,1789.0,142900,0.0,0.0
2023-11-06 13:00:00+09:00,1789.0,1790.0,1784.0,1788.0,28200,0.0,0.0
2023-11-06 14:00:00+09:00,1787.0,1796.0,1786.0,1793.0,41700,0.0,0.0
2023-11-07 09:00:00+09:00,1778.0,1778.0,1750.0,1761.0,87400,0.0,0.0
2023-11-07 10:00:00+09:00,1759.0,1759.0,1749.0,1752.0,37700,0.0,0.0
2023-11-07 11:00:00+09:00,1752.0,1752.0,1741.0,1741.0,0,0.0,0.0
2023-11-07 12:00:00+09:00,1741.0,1748.0,1740.0,1748.0,173100,0.0,0.0
2023-11-07 13:00:00+09:00,1748.0,1751.0,1741.0,1742.0,29400,0.0,0.0
2023-11-07 14:00:00+09:00,1742.0,1745.0,1740.0,1741.0,50800,0.0,0.0
2023-11-08 09:00:00+09:00,1767.0,1769.0,1750.0,1753.0,100300,0.0,0.0
2023-11-08 10:00:00+09:00,1753.0,1762.0,1746.0,1760.0,73100,0.0,0.0
2023-11-08 11:00:00+09:00,1762.0,1769.0,1760.0,1762.0,0,0.0,0.0
2023-11-08 12:00:00+09:00,1764.0,1764.0,1750.0,1752.0,232800,0.0,0.0
2023-11-08 13:00:00+09:00,1751.0,1758.0,1750.0,1757.0,30400,0.0,0.0
2023-11-08 14:00:00+09:00,1756.0,1756.0,1750.0,1752.0,78700,0.0,0.0
2023-11-09 09:00:00+09:00,1775.0,1785.0,1753.0,1769.0,64500,0.0,0.0
2023-11-09 10:00:00+09:00,1771.0,1781.0,1764.0,1764.0,70100,0.0,0.0
2023-11-09 11:00:00+09:00,1763.0,1771.0,1762.0,1767.0,0,0.0,0.0
2023-11-09 12:00:00+09:00,1767.0,1770.0,1765.0,1765.0,182500,0.0,0.0
2023-11-09 13:00:00+09:00,1767.0,1777.0,1764.0,1777.0,32000,0.0,0.0
2023-11-09 14:00:00+09:00,1778.0,1790.0,1775.0,1775.0,59300,0.0,0.0
2023-11-10 09:00:00+09:00,1762.0,1777.0,1756.0,1776.0,64000,0.0,0.0
2023-11-10 10:00:00+09:00,1775.0,1776.0,1763.0,1768.0,31700,0.0,0.0
2023-11-10 11:00:00+09:00,1768.0,1776.0,1767.0,1771.0,0,0.0,0.0
2023-11-10 12:00:00+09:00,1774.0,1776.0,1770.0,1773.0,147900,0.0,0.0
2023-11-10 13:00:00+09:00,1773.0,1785.0,1773.0,1780.0,53300,0.0,0.0
2023-11-10 14:00:00+09:00,1779.0,1790.0,1779.0,1787.0,66600,0.0,0.0
2023-11-13 09:00:00+09:00,1826.0,1840.0,1821.0,1822.0,102500,0.0,0.0
2023-11-13 10:00:00+09:00,1822.0,1827.0,1807.0,1817.0,65100,0.0,0.0
2023-11-13 11:00:00+09:00,1817.0,1824.0,1816.0,1818.0,0,0.0,0.0
2023-11-13 12:00:00+09:00,1819.0,1821.0,1805.0,1805.0,218300,0.0,0.0
2023-11-13 13:00:00+09:00,1806.0,1806.0,1797.0,1798.0,42400,0.0,0.0
2023-11-13 14:00:00+09:00,1797.0,1802.0,1791.0,1797.0,57600,0.0,0.0
2023-11-14 09:00:00+09:00,1570.0,1578.0,1420.0,1578.0,531300,0.0,0.0
2023-11-14 10:00:00+09:00,1578.0,1579.0,1545.0,1570.0,205900,0.0,0.0
2023-11-14 11:00:00+09:00,1572.0,1572.0,1530.0,1538.0,0,0.0,0.0
2023-11-14 12:00:00+09:00,1538.0,1558.0,1526.0,1552.0,960000,0.0,0.0
2023-11-14 13:00:00+09:00,1552.0,1569.0,1543.0,1565.0,126900,0.0,0.0
2023-11-14 14:00:00+09:00,1564.0,1565.0,1541.0,1547.0,184800,0.0,0.0
2023-11-15 09:00:00+09:00,1575.0,1600.0,1544.0,1583.0,202100,0.0,0.0
2023-11-15 10:00:00+09:00,1583.0,1611.0,1583.0,1611.0,90600,0.0,0.0
2023-11-15 11:00:00+09:00,1611.0,1624.0,1610.0,1610.0,0,0.0,0.0
2023-11-15 12:00:00+09:00,1618.0,1628.0,1612.0,1626.0,373100,0.0,0.0
2023-11-15 13:00:00+09:00,1626.0,1630.0,1621.0,1627.0,42200,0.0,0.0
2023-11-15 14:00:00+09:00,1627.0,1636.0,1626.0,1631.0,86100,0.0,0.0
2023-11-16 09:00:00+09:00,1671.0,1674.0,1638.0,1652.0,120500,0.0,0.0
2023-11-16 10:00:00+09:00,1652.0,1666.0,1646.0,1646.0,45100,0.0,0.0
2023-11-16 11:00:00+09:00,1646.0,1654.0,1636.0,1654.0,0,0.0,0.0
2023-11-16 12:00:00+09:00,1652.0,1665.0,1650.0,1654.0,234900,0.0,0.0
2023-11-16 13:00:00+09:00,1654.0,1659.0,1652.0,1659.0,41500,0.0,0.0
2023-11-16 14:00:00+09:00,1659.0,1670.0,1659.0,1665.0,56200,0.0,0.0
2023-11-17 09:00:00+09:00,1658.0,1668.0,1633.0,1660.0,96100,0.0,0.0
2023-11-17 10:00:00+09:00,1660.0,1660.0,1642.0,1649.0,29700,0.0,0.0
2023-11-17 11:00:00+09:00,1649.0,1651.0,1638.0,1642.0,0,0.0,0.0
2023-11-17 12:00:00+09:00,1640.0,1645.0,1631.0,1644.0,165600,0.0,0.0
2023-11-17 13:00:00+09:00,1645.0,1651.0,1642.0,1650.0,24400,0.0,0.0
2023-11-17 14:00:00+09:00,1650.0,1661.0,1636.0,1645.0,52800,0.0,0.0
2023-11-20 09:00:00+09:00,1645.0,1658.0,1627.0,1628.0,88000,0.0,0.0
2023-11-20 10:00:00+09:00,1626.0,1633.0,1607.0,1612.0,94300,0.0,0.0
2023-11-20 11:00:00+09:00,1611.0,1625.0,1611.0,1618.0,0,0.0,0.0
2023-11-20 12:00:00+09:00,1615.0,1624.0,1609.0,1611.0,264600,0.0,0.0
2023-11-20 13:00:00+09:00,1610.0,1615.0,1607.0,1609.0,68400,0.0,0.0
2023-11-20 14:00:00+09:00,1610.0,1627.0,1609.0,1625.0,71100,0.0,0.0
2023-11-21 09:00:00+09:00,1652.0,1654.0,1606.0,1610.0,145800,0.0,0.0
2023-11-21 10:00:00+09:00,1608.0,1640.0,1607.0,1632.0,57800,0.0,0.0
2023-11-21 11:00:00+09:00,1632.0,1644.0,1632.0,1641.0,0,0.0,0.0
2023-11-21 12:00:00+09:00,1645.0,1647.0,1633.0,1635.0,267700,0.0,0.0
2023-11-21 13:00:00+09:00,1636.0,1642.0,1626.0,1640.0,53900,0.0,0.0
2023-11-21 14:00:00+09:00,1640.0,1654.0,1639.0,1654.0,69200,0.0,0.0
2023-11-22 09:00:00+09:00,1621.0,1635.0,1607.0,1623.0,83000,0.0,0.0
2023-11-22 10:00:00+09:00,1622.0,1626.0,1616.0,1622.0,33600,0.0,0.0
2023-11-22 11:00:00+09:00,1621.0,1624.0,1618.0,1621.0,0,0.0,0.0
2023-11-22 12:00:00+09:00,1618.0,1623.0,1613.0,1613.0,152900,0.0,0.0
2023-11-22 13:00:00+09:00,1614.0,1616.0,1604.0,1605.0,57100,0.0,0.0
2023-11-22 14:00:00+09:00,1604.0,1613.0,1597.0,1612.0,105000,0.0,0.0
2023-11-24 09:00:00+09:00,1622.0,1643.0,1608.0,1638.0,107700,0.0,0.0
2023-11-24 10:00:00+09:00,1638.0,1640.0,1624.0,1632.0,50900,0.0,0.0
2023-11-24 11:00:00+09:00,1631.0,1633.0,1621.0,1623.0,0,0.0,0.0
2023-11-24 12:00:00+09:00,1625.0,1632.0,1623.0,1629.0,208000,0.0,0.0
2023-11-24 13:00:00+09:00,1630.0,1637.0,1627.0,1635.0,39300,0.0,0.0
2023-11-24 14:00:00+09:00,1635.0,1640.0,1631.0,1636.0,65900,0.0,0.0
2023-11-27 09:00:00+09:00,1632.0,1645.0,1625.0,1628.0,65200,0.0,0.0
2023-11-27 10:00:00+09:00,1629.0,1633.0,1615.0,1617.0,61700,0.0,0.0
2023-11-27 11:00:00+09:00,1618.0,1618.0,1611.0,1613.0,0,0.0,0.0
2023-11-27 12:00:00+09:00,1617.0,1617.0,1605.0,1612.0,175800,0.0,0.0
2023-11-27 13:00:00+09:00,1613.0,1617.0,1610.0,1617.0,29800,0.0,0.0
2023-11-27 14:00:00+09:00,1618.0,1624.0,1611.0,1624.0,37400,0.0,0.0
2023-11-28 09:00:00+09:00,1626.0,1642.0,1620.0,1630.0,66200,0.0,0.0
2023-11-28 10:00:00+09:00,1630.0,1634.0,1616.0,1616.0,46400,0.0,0.0
2023-11-28 11:00:00+09:00,1616.0,1621.0,1612.0,1619.0,0,0.0,0.0
2023-11-28 12:00:00+09:00,1620.0,1624.0,1614.0,1618.0,162400,0.0,0.0
2023-11-28 13:00:00+09:00,1617.0,1627.0,1615.0,1627.0,35600,0.0,0.0
2023-11-28 14:00:00+09:00,1626.0,1632.0,1620.0,1632.0,53200,0.0,0.0
2023-11-29 09:00:00+09:00,1630.0,1637.0,1619.0,1620.0,38500,0.0,0.0
2023-11-29 10:00:00+09:00,1620.0,1634.0,1619.0,1625.0,39300,0.0,0.0
2023-11-29 11:00:00+09:00,1627.0,1630.0,1624.0,1625.0,0,0.0,0.0
2023-11-29 12:00:00+09:00,1630.0,1630.0,1622.0,1627.0,111200,0.0,0.0
2023-11-29 13:00:00+09:00,1627.0,1629.0,1621.0,1621.0,30600,0.0,0.0
2023-11-29 14:00:00+09:00,1620.0,1621.0,1612.0,1617.0,48600,0.0,0.0
2023-11-30 09:00:00+09:00,1617.0,1627.0,1606.0,1617.0,54500,0.0,0.0
2023-11-30 10:00:00+09:00,1618.0,1626.0,1612.0,1613.0,38400,0.0,0.0
2023-11-30 11:00:00+09:00,1615.0,1621.0,1613.0,1616.0,0,0.0,0.0
2023-11-30 12:00:00+09:00,1614.0,1625.0,1614.0,1625.0,128200,0.0,0.0
2023-11-30 13:00:00+09:00,1625.0,1626.0,1621.0,1621.0,26400,0.0,0.0
2023-11-30 14:00:00+09:00,1621.0,1628.0,1620.0,1625.0,47500,0.0,0.0
2023-12-01 09:00:00+09:00,1626.0,1628.0,1610.0,1627.0,97300,0.0,0.0
2023-12-01 10:00:00+09:00,1627.0,1630.0,1621.0,1621.0,45300,0.0,0.0
2023-12-01 11:00:00+09:00,1622.0,1622.0,1611.0,1614.0,0,0.0,0.0
2023-12-01 12:00:00+09:00,1612.0,1619.0,1610.0,1619.0,213100,0.0,0.0
2023-12-01 13:00:00+09:00,1619.0,1621.0,1614.0,1615.0,25800,0.0,0.0
2023-12-01 14:00:00+09:00,1615.0,1618.0,1612.0,1618.0,54800,0.0,0.0
2023-12-04 09:00:00+09:00,1610.0,1616.0,1592.0,1604.0,104900,0.0,0.0
2023-12-04 10:00:00+09:00,1604.0,1607.0,1600.0,1601.0,38400,0.0,0.0
2023-12-04 11:00:00+09:00,1600.0,1601.0,1596.0,1600.0,0,0.0,0.0
2023-12-04 12:00:00+09:00,1595.0,1596.0,1586.0,1586.0,202200,0.0,0.0
2023-12-04 13:00:00+09:00,1586.0,1590.0,1584.0,1590.0,43900,0.0,0.0
2023-12-04 14:00:00+09:00,1589.0,1590.0,1579.0,1588.0,99900,0.0,0.0
2023-12-05 09:00:00+09:00,1567.0,1576.0,1548.0,1553.0,147900,0.0,0.0
2023-12-05 10:00:00+09:00,1553.0,1555.0,1543.0,1548.0,87600,0.0,0.0
2023-12-05 11:00:00+09:00,1548.0,1555.0,1547.0,1553.0,0,0.0,0.0
2023-12-05 12:00:00+09:00,1549.0,1554.0,1540.0,1545.0,305200,0.0,0.0
2023-12-05 13:00:00+09:00,1546.0,1551.0,1542.0,1544.0,61000,0.0,0.0
2023-12-05 14:00:00+09:00,1544.0,1552.0,1542.0,1551.0,86700,0.0,0.0
2023-12-06 09:00:00+09:00,1550.0,1568.0,1543.0,1560.0,122000,0.0,0.0
2023-12-06 10:00:00+09:00,1560.0,1571.0,1559.0,1568.0,65100,0.0,0.0
2023-12-06 11:00:00+09:00,1568.0,1570.0,1566.0,1570.0,0,0.0,0.0
2023-12-06 12:00:00+09:00,1570.0,1584.0,1569.0,1581.0,256100,0.0,0.0
2023-12-06 13:00:00+09:00,1581.0,1594.0,1578.0,1590.0,48500,0.0,0.0
2023-12-06 14:00:00+09:00,1590.0,1603.0,1589.0,1601.0,72000,0.0,0.0
2023-12-07 09:00:00+09:00,1592.0,1602.0,1581.0,1592.0,73400,0.0,0.0
2023-12-07 10:00:00+09:00,1591.0,1591.0,1577.0,1580.0,68900,0.0,0.0
2023-12-07 11:00:00+09:00,1579.0,1582.0,1574.0,1575.0,0,0.0,0.0
2023-12-07 12:00:00+09:00,1571.0,1578.0,1570.0,1573.0,206000,0.0,0.0
2023-12-07 13:00:00+09:00,1574.0,1579.0,1571.0,1579.0,45700,0.0,0.0
2023-12-07 14:00:00+09:00,1580.0,1589.0,1577.0,1587.0,95700,0.0,0.0
2023-12-08 09:00:00+09:00,1603.0,1609.0,1578.0,1584.0,94900,0.0,0.0
2023-12-08 10:00:00+09:00,1583.0,1584.0,1565.0,1570.0,0,0.0,0.0
2023-12-08 11:00:00+09:00,1569.0,1569.0,1561.0,1561.0,0,0.0,0.0
2023-12-08 12:00:00+09:00,1560.0,1569.0,1559.0,1563.0,185600,0.0,0.0
2023-12-08 13:00:00+09:00,1564.0,1567.0,1551.0,1553.0,39700,0.0,0.0
2023-12-08 14:00:00+09:00,1553.0,1567.0,1551.0,1567.0,76300,0.0,0.0
2023-12-11 09:00:00+09:00,1567.0,1584.0,1550.0,1581.0,130800,0.0,0.0
2023-12-11 10:00:00+09:00,1581.0,1608.0,1580.0,1601.0,70900,0.0,0.0
2023-12-11 11:00:00+09:00,1601.0,1603.0,1599.0,1600.0,0,0.0,0.0
2023-12-11 12:00:00+09:00,1598.0,1603.0,1598.0,1603.0,253700,0.0,0.0
2023-12-11 13:00:00+09:00,1604.0,1605.0,1600.0,1601.0,35100,0.0,0.0
2023-12-11 14:00:00+09:00,1600.0,1616.0,1599.0,1616.0,74800,0.0,0.0
2023-12-12 09:00:00+09:00,1638.0,1640.0,1616.0,1620.0,85800,0.0,0.0
2023-12-12 10:00:00+09:00,1618.0,1623.0,1610.0,1620.0,34900,0.0,0.0
2023-12-12 11:00:00+09:00,1620.0,1626.0,1618.0,1621.0,0,0.0,0.0
2023-12-12 12:00:00+09:00,1615.0,1620.0,1612.0,1613.0,166700,0.0,0.0
2023-12-12 13:00:00+09:00,1614.0,1614.0,1608.0,1612.0,43100,0.0,0.0
2023-12-12 14:00:00+09:00,1611.0,1617.0,1600.0,1616.0,50100,0.0,0.0
2023-12-13 09:00:00+09:00,1623.0,1648.0,1615.0,1647.0,99600,0.0,0.0
2023-12-13 10:00:00+09:00,1646.0,1659.0,1644.0,1655.0,66800,0.0,0.0
2023-12-13 11:00:00+09:00,1654.0,1665.0,1653.0,1665.0,0,0.0,0.0
2023-12-13 12:00:00+09:00,1667.0,1668.0,1657.0,1658.0,226600,0.0,0.0
2023-12-13 13:00:00+09:00,1660.0,1667.0,1659.0,1666.0,32900,0.0,0.0
2023-12-13 14:00:00+09:00,1665.0,1676.0,1665.0,1666.0,62100,0.0,0.0
2023-12-14 09:00:00+09:00,1674.0,1678.0,1660.0,1666.0,76500,0.0,0.0
2023-12-14 10:00:00+09:00,1665.0,1671.0,1660.0,1661.0,41100,0.0,0.0
2023-12-14 11:00:00+09:00,1661.0,1664.0,1657.0,1662.0,0,0.0,0.0
2023-12-14 12:00:00+09:00,1662.0,1662.0,1643.0,1646.0,169100,0.0,0.0
2023-12-14 13:00:00+09:00,1647.0,1649.0,1634.0,1641.0,39700,0.0,0.0
2023-12-14 14:00:00+09:00,1642.0,1646.0,1634.0,1644.0,65000,0.0,0.0
2023-12-15 09:00:00+09:00,1700.0,1719.0,1664.0,1671.0,113800,0.0,0.0
2023-12-15 10:00:00+09:00,1672.0,1684.0,1672.0,1681.0,18700,0.0,0.0
2023-12-15 11:00:00+09:00,1681.0,1684.0,1677.0,1684.0,0,0.0,0.0
2023-12-15 12:00:00+09:00,1680.0,1684.0,1680.0,1684.0,146000,0.0,0.0
2023-12-15 13:00:00+09:00,1684.0,1684.0,1678.0,1680.0,33300,0.0,0.0
2023-12-15 14:00:00+09:00,1680.0,1690.0,1674.0,1686.0,50500,0.0,0.0
2023-12-18 09:00:00+09:00,1684.0,1685.0,1673.0,1683.0,0,0.0,0.0
2023-12-18 10:00:00+09:00,1683.0,1686.0,1679.0,1679.0,131300,0.0,0.0
2023-12-18 11:00:00+09:00,1681.0,1690.0,1681.0,1688.0,0,0.0,0.0
2023-12-18 12:00:00+09:00,1691.0,1709.0,1690.0,1702.0,222200,0.0,0.0
2023-12-18 13:00:00+09:00,1702.0,1706.0,1700.0,1705.0,49100,0.0,0.0
2023-12-18 14:00:00+09:00,1705.0,1716.0,1704.0,1712.0,73500,0.0,0.0
2023-12-19 09:00:00+09:00,1711.0,1720.0,1685.0,1708.0,71100,0.0,0.0
2023-12-19 10:00:00+09:00,1709.0,1717.0,1706.0,1714.0,34400,0.0,0.0
2023-12-19 11:00:00+09:00,1715.0,1717.0,1709.0,1709.0,0,0.0,0.0
2023-12-19 12:00:00+09:00,1722.0,1734.0,1721.0,1728.0,175900,0.0,0.0
2023-12-19 13:00:00+09:00,1728.0,1728.0,1716.0,1721.0,33000,0.0,0.0
2023-12-19 14:00:00+09:00,1721.0,1723.0,1715.0,1719.0,35900,0.0,0.0
2023-12-20 09:00:00+09:00,1745.0,1748.0,1728.0,1731.0,90800,0.0,0.0
2023-12-20 10:00:00+09:00,1731.0,1731.0,1719.0,1720.0,31100,0.0,0.0
2023-12-20 11:00:00+09:00,1721.0,1721.0,1711.0,1711.0,0,0.0,0.0
2023-12-20 12:00:00+09:00,1714.0,1727.0,1714.0,1722.0,156300,0.0,0.0
2023-12-20 13:00:00+09:00,1721.0,1724.0,1717.0,1722.0,31100,0.0,0.0
2023-12-20 14:00:00+09:00,1721.0,1726.0,1712.0,1714.0,47500,0.0,0.0
2023-12-21 09:00:00+09:00,1685.0,1690.0,1674.0,1679.0,71500,0.0,0.0
2023-12-21 10:00:00+09:00,1678.0,1689.0,1673.0,1678.0,39800,0.0,0.0
2023-12-21 11:00:00+09:00,1679.0,1679.0,1674.0,1678.0,0,0.0,0.0
2023-12-21 12:00:00+09:00,1679.0,1684.0,1679.0,1682.0,134000,0.0,0.0
2023-12-21 13:00:00+09:00,1681.0,1683.0,1680.0,1681.0,15000,0.0,0.0
2023-12-21 14:00:00+09:00,1681.0,1683.0,1672.0,1676.0,79500,0.0,0.0
2023-12-22 09:00:00+09:00,1689.0,1694.0,1676.0,1679.0,55700,0.0,0.0
2023-12-22 10:00:00+09:00,1679.0,1689.0,1679.0,1683.0,23300,0.0,0.0
2023-12-22 11:00:00+09:00,1682.0,1685.0,1681.0,1683.0,0,0.0,0.0
2023-12-22 12:00:00+09:00,1685.0,1689.0,1679.0,1683.0,112400,0.0,0.0
2023-12-22 13:00:00+09:00,1683.0,1685.0,1682.0,1684.0,17100,0.0,0.0
2023-12-22 14:00:00+09:00,1683.0,1693.0,1682.0,1692.0,40100,0.0,0.0
2023-12-25 09:00:00+09:00,1687.0,1694.0,1673.0,1676.0,90300,0.0,0.0
2023-12-25 10:00:00+09:00,1677.0,1679.0,1674.0,1675.0,42700,0.0,0.0
2023-12-25 11:00:00+09:00,1676.0,1678.0,1674.0,1676.0,0,0.0,0.0
2023-12-25 12:00:00+09:00,1674.0,1675.0,1667.0,1667.0,190000,0.0,0.0
2023-12-25 13:00:00+09:00,1667.0,1667.0,1656.0,1658.0,37500,0.0,0.0
2023-12-25 14:00:00+09:00,1658.0,1660.0,1648.0,1651.0,64400,0.0,0.0
2023-12-26 09:00:00+09:00,1649.0,1675.0,1649.0,1667.0,71100,0.0,0.0
2023-12-26 10:00:00+09:00,1667.0,1671.0,1662.0,1662.0,24300,0.0,0.0
2023-12-26 11:00:00+09:00,1662.0,1662.0,1658.0,1658.0,0,0.0,0.0
2023-12-26 12:00:00+09:00,1656.0,1668.0,1656.0,1664.0,139000,0.0,0.0
2023-12-26 13:00:00+09:00,1664.0,1667.0,1663.0,1663.0,20000,0.0,0.0
2023-12-26 14:00:00+09:00,1663.0,1669.0,1663.0,1665.0,37700,0.0,0.0
2023-12-27 09:00:00+09:00,1670.0,1671.0,1657.0,1661.0,112100,0.0,0.0
2023-12-27 10:00:00+09:00,1660.0,1663.0,1653.0,1658.0,46200,0.0,0.0
2023-12-27 11:00:00+09:00,1657.0,1668.0,1654.0,1656.0,0,0.0,0.0
2023-12-27 12:00:00+09:00,1656.0,1670.0,1653.0,1670.0,316300,0.0,0.0
2023-12-27 13:00:00+09:00,1670.0,1671.0,1664.0,1671.0,82200,0.0,0.0
2023-12-27 14:00:00+09:00,1671.0,1674.0,1666.0,1671.0,55200,0.0,0.0
2023-12-28 09:00:00+09:00,1613.0,1621.0,1598.0,1615.0,108400,0.0,0.0
2023-12-28 10:00:00+09:00,1617.0,1622.0,1616.0,1619.0,35100,0.0,0.0
2023-12-28 11:00:00+09:00,1620.0,1635.0,1620.0,1635.0,0,0.0,0.0
2023-12-28 12:00:00+09:00,1634.0,1640.0,1634.0,1638.0,187600,0.0,0.0
2023-12-28 13:00:00+09:00,1639.0,1640.0,1634.0,1636.0,20400,0.0,0.0
2023-12-28 14:00:00+09:00,1637.0,1641.0,1635.0,1640.0,52600,0.0,0.0
2023-12-29 09:00:00+09:00,1642.0,1642.0,1616.0,1624.0,104200,0.0,0.0
2023-12-29 10:00:00+09:00,1624.0,1637.0,1622.0,1637.0,38300,0.0,0.0
2023-12-29 11:00:00+09:00,1637.0,1638.0,1626.0,1635.0,0,0.0,0.0
2023-12-29 12:00:00+09:00,1632.0,1633.0,1625.0,1627.0,185700,0.0,0.0
2023-12-29 13:00:00+09:00,1627.0,1630.0,1621.0,1626.0,32800,0.0,0.0
2023-12-29 14:00:00+09:00,1627.0,1629.0,1622.0,1628.0,55100,0.0,0.0
2024-01-04 09:00:00+09:00,1606.0,1616.0,1586.0,1601.0,108400,0.0,0.0
2024-01-04 10:00:00+09:00,1602.0,1610.0,1602.0,1603.0,46300,0.0,0.0
2024-01-04 11:00:00+09:00,1602.0,1602.0,1595.0,1598.0,0,0.0,0.0
2024-01-04 12:00:00+09:00,1604.0,1607.0,1598.0,1605.0,225700,0.0,0.0
2024-01-04 13:00:00+09:00,1604.0,1626.0,1604.0,1623.0,48100,0.0,0.0
2024-01-04 14:00:00+09:00,1623.0,1626.0,1618.0,1625.0,58700,0.0,0.0
2024-01-05 09:00:00+09:00,1631.0,1635.0,1606.0,1618.0,62700,0.0,0.0
2024-01-05 10:00:00+09:00,1617.0,1619.0,1598.0,1599.0,72000,0.0,0.0
2024-01-05 11:00:00+09:00,1599.0,1602.0,1596.0,1600.0,0,0.0,0.0
2024-01-05 12:00:00+09:00,1603.0,1604.0,1597.0,1599.0,168600,0.0,0.0
2024-01-05 13:00:00+09:00,1599.0,1610.0,1597.0,1605.0,66400,0.0,0.0
2024-01-05 14:00:00+09:00,1604.0,1613.0,1604.0,1612.0,55300,0.0,0.0
2024-01-09 09:00:00+09:00,1630.0,1651.0,1624.0,1647.0,65900,0.0,0.0
2024-01-09 10:00:00+09:00,1649.0,1652.0,1642.0,1642.0,33800,0.0,0.0
2024-01-09 11:00:00+09:00,1642.0,1644.0,1639.0,1640.0,0,0.0,0.0
2024-01-09 12:00:00+09:00,1638.0,1640.0,1628.0,1628.0,132000,0.0,0.0
2024-01-09 13:00:00+09:00,1629.0,1629.0,1613.0,1621.0,49600,0.0,0.0
2024-01-09 14:00:00+09:00,1622.0,1637.0,1622.0,1636.0,32000,0.0,0.0
2024-01-10 09:00:00+09:00,1664.0,1680.0,1647.0,1649.0,71600,0.0,0.0
2024-01-10 10:00:00+09:00,1648.0,1659.0,1647.0,1655.0,26800,0.0,0.0
2024-01-10 11:00:00+09:00,1656.0,1661.0,1656.0,1658.0,0,0.0,0.0
2024-01-10 12:00:00+09:00,1658.0,1662.0,1654.0,1661.0,130900,0.0,0.0
2024-01-10 13:00:00+09:00,1660.0,1664.0,1655.0,1658.0,33800,0.0,0.0
2024-01-10 14:00:00+09:00,1658.0,1661.0,1651.0,1651.0,36500,0.0,0.0
2024-01-11 09:00:00+09:00,1630.0,1630.0,1603.0,1605.0,155900,0.0,0.0
2024-01-11 10:00:00+09:00,1605.0,1613.0,1603.0,1610.0,49600,0.0,0.0
2024-01-11 11:00:00+09:00,1610.0,1611.0,1606.0,1606.0,0,0.0,0.0
2024-01-11 12:00:00+09:00,1607.0,1616.0,1607.0,1612.0,250500,0.0,0.0
2024-01-11 13:00:00+09:00,1611.0,1618.0,1610.0,1618.0,33100,0.0,0.0
2024-01-11 14:00:00+09:00,1618.0,1622.0,1615.0,1616.0,50600,0.0,0.0
2024-01-12 09:00:00+09:00,1631.0,1634.0,1606.0,1606.0,0,0.0,0.0
2024-01-12 10:00:00+09:00,1606.0,1615.0,1605.0,1610.0,45200,0.0,0.0
2024-01-12 11:00:00+09:00,1609.0,1611.0,1607.0,1609.0,0,0.0,0.0
2024-01-12 12:00:00+09:00,1606.0,1618.0,1606.0,1617.0,155300,0.0,0.0
2024-01-12 13:00:00+09:00,1616.0,1626.0,1616.0,1626.0,31200,0.0,0.0
2024-01-12 14:00:00+09:00,1625.0,1635.0,1625.0,1629.0,59600,0.0,0.0
2024-01-15 09:00:00+09:00,1625.0,1625.0,1605.0,1607.0,72400,0.0,0.0
2024-01-15 10:00:00+09:00,1607.0,1608.0,1596.0,1597.0,59300,0.0,0.0
2024-01-15 11:00:00+09:00,1598.0,1604.0,1598.0,1604.0,0,0.0,0.0
2024-01-15 12:00:00+09:00,1606.0,1608.0,1601.0,1604.0,185000,0.0,0.0
2024-01-15 13:00:00+09:00,1605.0,1611.0,1604.0,1609.0,43900,0.0,0.0
2024-01-15 14:00:00+09:00,1609.0,1610.0,1606.0,1607.0,34100,0.0,0.0
2024-01-16 09:00:00+09:00,1600.0,1615.0,1594.0,1597.0,50000,0.0,0.0
2024-01-16 10:00:00+09:00,1598.0,1600.0,1593.0,1595.0,29100,0.0,0.0
2024-01-16 11:00:00+09:00,1594.0,1600.0,1594.0,1596.0,0,0.0,0.0
2024-01-16 12:00:00+09:00,1599.0,1599.0,1595.0,1596.0,99400,0.0,0.0
2024-01-16 13:00:00+09:00,1596.0,1597.0,1591.0,1595.0,12800,0.0,0.0
2024-01-16 14:00:00+09:00,1594.0,1594.0,1578.0,1579.0,60900,0.0,0.0
2024-01-17 09:00:00+09:00,1581.0,1593.0,1580.0,1587.0,34500,0.0,0.0
2024-01-17 10:00:00+09:00,1587.0,1589.0,1578.0,1580.0,44700,0.0,0.0
2024-01-17 11:00:00+09:00,1581.0,1583.0,1574.0,1580.0,0,0.0,0.0
2024-01-17 12:00:00+09:00,1575.0,1576.0,1568.0,1569.0,117900,0.0,0.0
2024-01-17 13:00:00+09:00,1569.0,1577.0,1568.0,1574.0,16500,0.0,0.0
2024-01-17 14:00:00+09:00,1574.0,1575.0,1563.0,1565.0,32000,0.0,0.0
2024-01-18 09:00:00+09:00,1562.0,1588.0,1562.0,1588.0,46200,0.0,0.0
2024-01-18 10:00:00+09:00,1587.0,1623.0,1581.0,1619.0,125900,0.0,0.0
2024-01-18 11:00:00+09:00,1618.0,1623.0,1612.0,1619.0,0,0.0,0.0
2024-01-18 12:00:00+09:00,1619.0,1640.0,1617.0,1635.0,278100,0.0,0.0
2024-01-18 13:00:00+09:00,1635.0,1643.0,1626.0,1628.0,60700,0.0,0.0
2024-01-18 14:00:00+09:00,1629.0,1646.0,1629.0,1646.0,94200,0.0,0.0
2024-01-19 09:00:00+09:00,1672.0,1715.0,1657.0,1705.0,178500,0.0,0.0
2024-01-19 10:00:00+09:00,1705.0,1711.0,1696.0,1699.0,33200,0.0,0.0
2024-01-19 11:00:00+09:00,1698.0,1727.0,1696.0,1719.0,0,0.0,0.0
2024-01-19 12:00:00+09:00,1725.0,1732.0,1710.0,1710.0,346500,0.0,0.0
2024-01-19 13:00:00+09:00,1711.0,1716.0,1701.0,1712.0,38500,0.0,0.0
2024-01-19 14:00:00+09:00,1713.0,1729.0,1711.0,1729.0,63700,0.0,0.0
2024-01-22 09:00:00+09:00,1751.0,1762.0,1742.0,1754.0,0,0.0,0.0
2024-01-22 10:00:00+09:00,1753.0,1772.0,1749.0,1755.0,83900,0.0,0.0
2024-01-22 11:00:00+09:00,1754.0,1766.0,1742.0,1762.0,0,0.0,0.0
2024-01-22 12:00:00+09:00,1756.0,1769.0,1752.0,1764.0,268900,0.0,0.0
2024-01-22 13:00:00+09:00,1763.0,1764.0,1758.0,1762.0,28100,0.0,0.0
2024-01-22 14:00:00+09:00,1761.0,1784.0,1760.0,1783.0,99400,0.0,0.0
2024-01-23 09:00:00+09:00,1790.0,1790.0,1752.0,1763.0,72300,0.0,0.0
2024-01-23 10:00:00+09:00,1763.0,1781.0,1762.0,1780.0,23900,0.0,0.0
2024-01-23 11:00:00+09:00,1781.0,1784.0,1776.0,1781.0,0,0.0,0.0
2024-01-23 12:00:00+09:00,1781.0,1781.0,1747.0,1760.0,166700,0.0,0.0
2024-01-23 13:00:00+09:00,1760.0,1765.0,1755.0,1762.0,23500,0.0,0.0
2024-01-23 14:00:00+09:00,1761.0,1762.0,1750.0,1750.0,34100,0.0,0.0
2024-01-24 09:00:00+09:00,1764.0,1780.0,1753.0,1778.0,63200,0.0,0.0
2024-01-24 10:00:00+09:00,1778.0,1780.0,1769.0,1773.0,22500,0.0,0.0
2024-01-24 11:00:00+09:00,1774.0,1774.0,1769.0,1772.0,0,0.0,0.0
2024-01-24 12:00:00+09:00,1768.0,1775.0,1763.0,1771.0,109900,0.0,0.0
2024-01-24 13:00:00+09:00,1771.0,1771.0,1764.0,1770.0,22200,0.0,0.0
2024-01-24 14:00:00+09:00,1770.0,1779.0,1769.0,1771.0,26600,0.0,0.0
2024-01-25 09:00:00+09:00,1765.0,1767.0,1749.0,1752.0,31200,0.0,0.0
2024-01-25 10:00:00+09:00,1750.0,1751.0,1730.0,1745.0,48000,0.0,0.0
2024-01-25 11:00:00+09:00,1744.0,1753.0,1744.0,1749.0,0,0.0,0.0
2024-01-25 12:00:00+09:00,1746.0,1748.0,1741.0,1744.0,100700,0.0,0.0
2024-01-25 13:00:00+09:00,1744.0,1753.0,1743.0,1752.0,20000,0.0,0.0
2024-01-25 14:00:00+09:00,1751.0,1764.0,1749.0,1762.0,32500,0.0,0.0
2024-01-26 09:00:00+09:00,1735.0,1755.0,1723.0,1743.0,0,0.0,0.0
2024-01-26 10:00:00+09:00,1742.0,1754.0,1740.0,1748.0,66800,0.0,0.0
2024-01-26 11:00:00+09:00,1748.0,1751.0,1746.0,1747.0,0,0.0,0.0
2024-01-26 12:00:00+09:00,1742.0,1750.0,1738.0,1744.0,106400,0.0,0.0
2024-01-26 13:00:00+09:00,1743.0,1749.0,1740.0,1740.0,41100,0.0,0.0
2024-01-26 14:00:00+09:00,1741.0,1755.0,1740.0,1743.0,53500,0.0,0.0
2024-01-29 09:00:00+09:00,1752.0,1767.0,1744.0,1756.0,52000,0.0,0.0
2024-01-29 10:00:00+09:00,1755.0,1763.0,1754.0,1763.0,21800,0.0,0.0
2024-01-29 11:00:00+09:00,1763.0,1764.0,1757.0,1757.0,0,0.0,0.0
2024-01-29 12:00:00+09:00,1754.0,1761.0,1746.0,1761.0,109300,0.0,0.0
2024-01-29 13:00:00+09:00,1760.0,1765.0,1758.0,1758.0,19300,0.0,0.0
2024-01-29 14:00:00+09:00,1759.0,1760.0,1752.0,1760.0,42100,0.0,0.0
2024-01-30 09:00:00+09:00,1757.0,1760.0,1748.0,1758.0,37000,0.0,0.0
2024-01-30 10:00:00+09:00,1757.0,1758.0,1743.0,1745.0,14900,0.0,0.0
2024-01-30 11:00:00+09:00,1743.0,1744.0,1735.0,1737.0,0,0.0,0.0
2024-01-30 12:00:00+09:00,1734.0,1740.0,1727.0,1737.0,80300,0.0,0.0
2024-01-30 13:00:00+09:00,1737.0,1749.0,1735.0,1748.0,20200,0.0,0.0
2024-01-30 14:00:00+09:00,1748.0,1755.0,1747.0,1753.0,39000,0.0,0.0
2024-01-31 09:00:00+09:00,1735.0,1746.0,1715.0,1726.0,50800,0.0,0.0
2024-01-31 10:00:00+09:00,1726.0,1734.0,1712.0,1722.0,38700,0.0,0.0
2024-01-31 11:00:00+09:00,1721.0,1723.0,1713.0,1713.0,0,0.0,0.0
2024-01-31 12:00:00+09:00,1714.0,1721.0,1712.0,1713.0,111100,0.0,0.0
2024-01-31 13:00:00+09:00,1712.0,1723.0,1711.0,1719.0,18300,0.0,0.0
2024-01-31 14:00:00+09:00,1719.0,1728.0,1718.0,1721.0,39300,0.0,0.0
2024-02-01 09:00:00+09:00,1702.0,1711.0,1697.0,1706.0,50800,0.0,0.0
2024-02-01 10:00:00+09:00,1707.0,1715.0,1701.0,1704.0,17800,0.0,0.0
2024-02-01 11:00:00+09:00,1705.0,1708.0,1704.0,1706.0,0,0.0,0.0
2024-02-01 12:00:00+09:00,1700.0,1709.0,1700.0,1704.0,86400,0.0,0.0
2024-02-01 13:00:00+09:00,1704.0,1714.0,1703.0,1710.0,14400,0.0,0.0
2024-02-01 14:00:00+09:00,1709.0,1715.0,1708.0,1709.0,23500,0.0,0.0
2024-02-02 09:00:00+09:00,1705.0,1730.0,1701.0,1730.0,48500,0.0,0.0
2024-02-02 10:00:00+09:00,1729.0,1746.0,1729.0,1745.0,25900,0.0,0.0
2024-02-02 11:00:00+09:00,1745.0,1745.0,1739.0,1739.0,0,0.0,0.0
2024-02-02 12:00:00+09:00,1737.0,1746.0,1737.0,1739.0,100400,0.0,0.0
2024-02-02 13:00:00+09:00,1738.0,1750.0,1736.0,1750.0,20200,0.0,0.0
2024-02-02 14:00:00+09:00,1749.0,1750.0,1741.0,1742.0,26700,0.0,0.0
2024-02-05 09:00:00+09:00,1757.0,1763.0,1742.0,1746.0,33800,0.0,0.0
2024-02-05 10:00:00+09:00,1746.0,1747.0,1734.0,1737.0,14800,0.0,0.0
2024-02-05 11:00:00+09:00,1738.0,1738.0,1728.0,1730.0,0,0.0,0.0
2024-02-05 12:00:00+09:00,1727.0,1730.0,1722.0,1723.0,73000,0.0,0.0
2024-02-05 13:00:00+09:00,1724.0,1730.0,1722.0,1730.0,28400,0.0,0.0
2024-02-05 14:00:00+09:00,1729.0,1737.0,1727.0,1737.0,39900,0.0,0.0
2024-02-06 09:00:00+09:00,1724.0,1745.0,1721.0,1745.0,47700,0.0,0.0
2024-02-06 10:00:00+09:00,1745.0,1753.0,1740.0,1747.0,32600,0.0,0.0
2024-02-06 11:00:00+09:00,1747.0,1756.0,1747.0,1750.0,0,0.0,0.0
2024-02-06 12:00:00+09:00,1745.0,1754.0,1745.0,1754.0,103900,0.0,0.0
2024-02-06 13:00:00+09:00,1752.0,1761.0,1751.0,1759.0,26800,0.0,0.0
2024-02-06 14:00:00+09:00,1761.0,1766.0,1756.0,1759.0,38000,0.0,0.0
2024-02-07 09:00:00+09:00,1750.0,1755.0,1737.0,1752.0,33300,0.0,0.0
2024-02-07 10:00:00+09:00,1753.0,1754.0,1743.0,1751.0,19000,0.0,0.0
2024-02-07 11:00:00+09:00,1749.0,1752.0,1746.0,1750.0,0,0.0,0.0
2024-02-07 12:00:00+09:00,1749.0,1749.0,1729.0,1732.0,83100,0.0,0.0
2024-02-07 13:00:00+09:00,1733.0,1742.0,1733.0,1741.0,17900,0.0,0.0
2024-02-07 14:00:00+09:00,1742.0,1748.0,1740.0,1744.0,38300,0.0,0.0
2024-02-08 09:00:00+09:00,1743.0,1745.0,1729.0,1739.0,40600,0.0,0.0
2024-02-08 10:00:00+09:00,1738.0,1751.0,1738.0,1750.0,35700,0.0,0.0
2024-02-08 11:00:00+09:00,1751.0,1757.0,1751.0,1756.0,0,0.0,0.0
2024-02-08 12:00:00+09:00,1755.0,1771.0,1753.0,1771.0,127400,0.0,0.0
2024-02-08 13:00:00+09:00,1770.0,1773.0,1767.0,1770.0,28800,0.0,0.0
2024-02-08 14:00:00+09:00,1770.0,1771.0,1761.0,1764.0,38400,0.0,0.0
2024-02-09 09:00:00+09:00,1775.0,1791.0,1759.0,1767.0,51600,0.0,0.0
2024-02-09 10:00:00+09:00,1767.0,1772.0,1756.0,1756.0,13500,0.0,0.0
2024-02-09 11:00:00+09:00,1756.0,1762.0,1754.0,1760.0,0,0.0,0.0
2024-02-09 12:00:00+09:00,1758.0,1770.0,1756.0,1768.0,86500,0.0,0.0
2024-02-09 13:00:00+09:00,1766.0,1771.0,1765.0,1769.0,13900,0.0,0.0
2024-02-09 14:00:00+09:00,1769.0,1772.0,1765.0,1767.0,37200,0.0,0.0
2024-02-13 09:00:00+09:00,1780.0,1796.0,1769.0,1770.0,70300,0.0,0.0
2024-02-13 10:00:00+09:00,1771.0,1786.0,1771.0,1782.0,42600,0.0,0.0
2024-02-13 11:00:00+09:00,1782.0,1788.0,1779.0,1788.0,0,0.0,0.0
2024-02-13 12:00:00+09:00,1788.0,1808.0,1784.0,1800.0,202900,0.0,0.0
2024-02-13 13:00:00+09:00,1800.0,1812.0,1790.0,1811.0,64600,0.0,0.0
2024-02-13 14:00:00+09:00,1810.0,1821.0,1806.0,1821.0,87600,0.0,0.0
2024-02-14 09:00:00+09:00,1683.0,1791.0,1683.0,1767.0,217000,0.0,0.0
2024-02-14 10:00:00+09:00,1765.0,1770.0,1739.0,1760.0,72300,0.0,0.0
2024-02-14 11:00:00+09:00,1760.0,1779.0,1759.0,1765.0,0,0.0,0.0
2024-02-14 12:00:00+09:00,1779.0,1809.0,1774.0,1774.0,412700,0.0,0.0
2024-02-14 13:00:00+09:00,1774.0,1778.0,1761.0,1769.0,70200,0.0,0.0
2024-02-14 14:00:00+09:00,1770.0,1783.0,1768.0,1778.0,83300,0.0,0.0
2024-02-15 09:00:00+09:00,1850.0,1880.0,1791.0,1795.0,151100,0.0,0.0
2024-02-15 10:00:00+09:00,1795.0,1801.0,1763.0,1767.0,69400,0.0,0.0
2024-02-15 11:00:00+09:00,1769.0,1770.0,1760.0,1766.0,0,0.0,0.0
2024-02-15 12:00:00+09:00,1764.0,1768.0,1724.0,1727.0,278900,0.0,0.0
2024-02-15 13:00:00+09:00,1727.0,1753.0,1727.0,1740.0,49800,0.0,0.0
2024-02-15 14:00:00+09:00,1740.0,1758.0,1737.0,1750.0,60000,0.0,0.0
2024-02-16 09:00:00+09:00,1762.0,1810.0,1755.0,1803.0,91700,0.0,0.0
2024-02-16 10:00:00+09:00,1803.0,1806.0,1766.0,1773.0,74700,0.0,0.0
2024-02-16 11:00:00+09:00,1770.0,1786.0,1770.0,1786.0,0,0.0,0.0
2024-02-16 12:00:00+09:00,1788.0,1806.0,1787.0,1806.0,229900,0.0,0.0
2024-02-16 13:00:00+09:00,1807.0,1807.0,1795.0,1795.0,45700,0.0,0.0
2024-02-16 14:00:00+09:00,1794.0,1797.0,1785.0,1794.0,57700,0.0,0.0
2024-02-19 09:00:00+09:00,1820.0,1835.0,1798.0,1799.0,0,0.0,0.0
2024-02-19 10:00:00+09:00,1798.0,1806.0,1786.0,1796.0,99600,0.0,0.0
2024-02-19 11:00:00+09:00,1795.0,1798.0,1790.0,1795.0,0,0.0,0.0
2024-02-19 12:00:00+09:00,1796.0,1803.0,1793.0,1796.0,141000,0.0,0.0
2024-02-19 13:00:00+09:00,1796.0,1800.0,1791.0,1797.0,23800,0.0,0.0
2024-02-19 14:00:00+09:00,1796.0,1802.0,1788.0,1791.0,36800,0.0,0.0
2024-02-20 09:00:00+09:00,1815.0,1857.0,1803.0,1839.0,74000,0.0,0.0
2024-02-20 10:00:00+09:00,1839.0,1852.0,1837.0,1846.0,30800,0.0,0.0
2024-02-20 11:00:00+09:00,1846.0,1846.0,1840.0,1846.0,0,0.0,0.0
2024-02-20 12:00:00+09:00,1845.0,1853.0,1840.0,1849.0,147700,0.0,0.0
2024-02-20 13:00:00+09:00,1849.0,1852.0,1825.0,1828.0,30200,0.0,0.0
2024-02-20 14:00:00+09:00,1829.0,1843.0,1827.0,1843.0,50500,0.0,0.0
2024-02-21 09:00:00+09:00,1878.0,1907.0,1868.0,1883.0,175100,0.0,0.0
2024-02-21 10:00:00+09:00,1884.0,1896.0,1883.0,1890.0,58100,0.0,0.0
2024-02-21 11:00:00+09:00,1891.0,1894.0,1887.0,1891.0,0,0.0,0.0
2024-02-21 12:00:00+09:00,1889.0,1890.0,1876.0,1879.0,319600,0.0,0.0
2024-02-21 13:00:00+09:00,1879.0,1880.0,1870.0,1875.0,46200,0.0,0.0
2024-02-21 14:00:00+09:00,1875.0,1880.0,1872.0,1872.0,90200,0.0,0.0
2024-02-22 09:00:00+09:00,1902.0,1908.0,1828.0,1849.0,79300,0.0,0.0
2024-02-22 10:00:00+09:00,1848.0,1856.0,1839.0,1843.0,26800,0.0,0.0
2024-02-22 11:00:00+09:00,1844.0,1856.0,1843.0,1856.0,0,0.0,0.0
2024-02-22 12:00:00+09:00,1863.0,1863.0,1844.0,1844.0,123800,0.0,0.0
2024-02-22 13:00:00+09:00,1844.0,1846.0,1818.0,1823.0,36700,0.0,0.0
2024-02-22 14:00:00+09:00,1823.0,1827.0,1822.0,1823.0,29600,0.0,0.0
2024-02-26 09:00:00+09:00,1823.0,1903.0,1811.0,1896.0,204500,0.0,0.0
2024-02-26 10:00:00+09:00,1894.0,1911.0,1881.0,1906.0,83800,0.0,0.0
2024-02-26 11:00:00+09:00,1906.0,1906.0,1890.0,1892.0,0,0.0,0.0
2024-02-26 12:00:00+09:00,1892.0,1920.0,1886.0,1919.0,392700,0.0,0.0
2024-02-26 13:00:00+09:00,1919.0,1920.0,1896.0,1904.0,41700,0.0,0.0
2024-02-26 14:00:00+09:00,1904.0,1907.0,1897.0,1899.0,81900,0.0,0.0
2024-02-27 09:00:00+09:00,1920.0,1921.0,1887.0,1906.0,89900,0.0,0.0
2024-02-27 10:00:00+09:00,1905.0,1922.0,1899.0,1913.0,61200,0.0,0.0
2024-02-27 11:00:00+09:00,1911.0,1917.0,1902.0,1909.0,0,0.0,0.0
2024-02-27 12:00:00+09:00,1906.0,1922.0,1902.0,1915.0,200500,0.0,0.0
2024-02-27 13:00:00+09:00,1915.0,1922.0,1915.0,1920.0,27500,0.0,0.0
2024-02-27 14:00:00+09:00,1919.0,1924.0,1906.0,1911.0,43500,0.0,0.0
2024-02-28 09:00:00+09:00,1907.0,1954.0,1898.0,1945.0,81600,0.0,0.0
2024-02-28 10:00:00+09:00,1946.0,1948.0,1939.0,1941.0,31800,0.0,0.0
2024-02-28 11:00:00+09:00,1942.0,1944.0,1930.0,1933.0,0,0.0,0.0
2024-02-28 12:00:00+09:00,1933.0,1935.0,1922.0,1924.0,180300,0.0,0.0
2024-02-28 13:00:00+09:00,1924.0,1928.0,1922.0,1923.0,33400,0.0,0.0
2024-02-28 14:00:00+09:00,1924.0,1941.0,1923.0,1941.0,76400,0.0,0.0
2024-02-29 09:00:00+09:00,1949.0,2027.0,1949.0,2027.0,219300,0.0,0.0
2024-02-29 10:00:00+09:00,2024.0,2033.0,2012.0,2024.0,158200,0.0,0.0
2024-02-29 11:00:00+09:00,2023.0,2027.0,2007.0,2019.0,0,0.0,0.0
2024-02-29 12:00:00+09:00,2019.0,2030.0,2002.0,2021.0,534000,0.0,0.0
2024-02-29 13:00:00+09:00,2022.0,2038.0,2011.0,2036.0,63600,0.0,0.0
2024-02-29 14:00:00+09:00,2037.0,2042.0,2032.0,2034.0,102500,0.0,0.0
2024-03-01 09:00:00+09:00,2033.0,2052.0,2018.0,2032.0,72600,0.0,0.0
2024-03-01 10:00:00+09:00,2032.0,2053.0,2025.0,2037.0,53200,0.0,0.0
2024-03-01 11:00:00+09:00,2037.0,2041.0,2033.0,2036.0,0,0.0,0.0
2024-03-01 12:00:00+09:00,2037.0,2037.0,2022.0,2022.0,169400,0.0,0.0
2024-03-01 13:00:00+09:00,2022.0,2042.0,2017.0,2041.0,58400,0.0,0.0
2024-03-01 14:00:00+09:00,2039.0,2043.0,2035.0,2040.0,72600,0.0,0.0
2024-03-04 09:00:00+09:00,2078.0,2078.0,2026.0,2028.0,82900,0.0,0.0
2024-03-04 10:00:00+09:00,2026.0,2036.0,2014.0,2015.0,35300,0.0,0.0
2024-03-04 11:00:00+09:00,2016.0,2029.0,2008.0,2029.0,0,0.0,0.0
2024-03-04 12:00:00+09:00,2029.0,2039.0,2023.0,2037.0,168300,0.0,0.0
2024-03-04 13:00:00+09:00,2038.0,2044.0,2033.0,2042.0,36600,0.0,0.0
2024-03-04 14:00:00+09:00,2043.0,2045.0,2032.0,2038.0,45500,0.0,0.0
2024-03-05 09:00:00+09:00,2016.0,2035.0,2009.0,2025.0,54600,0.0,0.0
2024-03-05 10:00:00+09:00,2024.0,2042.0,2021.0,2040.0,22500,0.0,0.0
2024-03-05 11:00:00+09:00,2041.0,2045.0,2036.0,2044.0,0,0.0,0.0
2024-03-05 12:00:00+09:00,2046.0,2057.0,2036.0,2053.0,98700,0.0,0.0
2024-03-05 13:00:00+09:00,2054.0,2054.0,2049.0,2052.0,17300,0.0,0.0
2024-03-05 14:00:00+09:00,2053.0,2059.0,2050.0,2056.0,34400,0.0,0.0
2024-03-06 09:00:00+09:00,2018.0,2060.0,2015.0,2053.0,47000,0.0,0.0
2024-03-06 10:00:00+09:00,2053.0,2056.0,2035.0,2041.0,19300,0.0,0.0
2024-03-06 11:00:00+09:00,2043.0,2044.0,2035.0,2040.0,0,0.0,0.0
2024-03-06 12:00:00+09:00,2040.0,2054.0,2037.0,2050.0,87800,0.0,0.0
2024-03-06 13:00:00+09:00,2052.0,2055.0,2047.0,2052.0,29100,0.0,0.0
2024-03-06 14:00:00+09:00,2053.0,2058.0,2051.0,2054.0,34400,0.0,0.0
2024-03-07 09:00:00+09:00,2066.0,2069.0,2048.0,2067.0,67900,0.0,0.0
2024-03-07 10:00:00+09:00,2065.0,2067.0,2039.0,2042.0,48900,0.0,0.0
2024-03-07 11:00:00+09:00,2043.0,2044.0,2031.0,2042.0,0,0.0,0.0
2024-03-07 12:00:00+09:00,2045.0,2055.0,2033.0,2055.0,171300,0.0,0.0
2024-03-07 13:00:00+09:00,2054.0,2056.0,2046.0,2052.0,34500,0.0,0.0
2024-03-07 14:00:00+09:00,2053.0,2059.0,2043.0,2054.0,66300,0.0,0.0
2024-03-08 09:00:00+09:00,2030.0,2117.0,2029.0,2093.0,176800,0.0,0.0
2024-03-08 10:00:00+09:00,2092.0,2115.0,2081.0,2114.0,64600,0.0,0.0
2024-03-08 11:00:00+09:00,2111.0,2114.0,2107.0,2113.0,0,0.0,0.0
2024-03-08 12:00:00+09:00,2115.0,2124.0,2108.0,2110.0,281700,0.0,0.0
2024-03-08 13:00:00+09:00,2110.0,2117.0,2107.0,2111.0,37500,0.0,0.0
2024-03-08 14:00:00+09:00,2111.0,2113.0,2100.0,2105.0,56000,0.0,0.0
2024-03-11 09:00:00+09:00,2056.0,2056.0,2006.0,2007.0,68600,0.0,0.0
2024-03-11 10:00:00+09:00,2007.0,2017.0,1990.0,2011.0,57300,0.0,0.0
2024-03-11 11:00:00+09:00,2011.0,2021.0,2010.0,2016.0,0,0.0,0.0
2024-03-11 12:00:00+09:00,2000.0,2012.0,1993.0,1998.0,168700,0.0,0.0
2024-03-11 13:00:00+09:00,1998.0,2019.0,1998.0,2019.0,62900,0.0,0.0
2024-03-11 14:00:00+09:00,2020.0,2033.0,2017.0,2030.0,66800,0.0,0.0
2024-03-12 09:00:00+09:00,2018.0,2037.0,1979.0,2011.0,71500,0.0,0.0
2024-03-12 10:00:00+09:00,2013.0,2026.0,2001.0,2011.0,29200,0.0,0.0
2024-03-12 11:00:00+09:00,2013.0,2022.0,2006.0,2009.0,0,0.0,0.0
2024-03-12 12:00:00+09:00,2009.0,2026.0,2009.0,2023.0,141700,0.0,0.0
2024-03-12 13:00:00+09:00,2021.0,2025.0,2013.0,2018.0,26100,0.0,0.0
2024-03-12 14:00:00+09:00,2017.0,2028.0,2017.0,2024.0,34500,0.0,0.0
2024-03-13 09:00:00+09:00,2047.0,2084.0,2043.0,2065.0,122200,0.0,0.0
2024-03-13 10:00:00+09:00,2055.0,2071.0,2040.0,2057.0,54400,0.0,0.0
2024-03-13 11:00:00+09:00,2057.0,2059.0,2050.0,2051.0,0,0.0,0.0
2024-03-13 12:00:00+09:00,2042.0,2064.0,2037.0,2061.0,218100,0.0,0.0
2024-03-13 13:00:00+09:00,2061.0,2091.0,2054.0,2091.0,63200,0.0,0.0
2024-03-13 14:00:00+09:00,2091.0,2095.0,2083.0,2095.0,67500,0.0,0.0
2024-03-14 09:00:00+09:00,2044.0,2086.0,2041.0,2080.0,136700,0.0,0.0
2024-03-14 10:00:00+09:00,2074.0,2110.0,2065.0,2110.0,66200,0.0,0.0
2024-03-14 11:00:00+09:00,2110.0,2112.0,2100.0,2104.0,0,0.0,0.0
2024-03-14 12:00:00+09:00,2098.0,2114.0,2083.0,2110.0,235800,0.0,0.0
2024-03-14 13:00:00+09:00,2110.0,2134.0,2106.0,2130.0,68600,0.0,0.0
2024-03-14 14:00:00+09:00,2132.0,2138.0,2125.0,2126.0,76300,0.0,0.0
2024-03-15 09:00:00+09:00,2091.0,2091.0,2041.0,2049.0,144800,0.0,0.0
2024-03-15 10:00:00+09:00,2049.0,2072.0,2046.0,2070.0,52500,0.0,0.0
2024-03-15 11:00:00+09:00,2069.0,2072.0,2059.0,2067.0,0,0.0,0.0
2024-03-15 12:00:00+09:00,2060.0,2085.0,2060.0,2080.0,245600,0.0,0.0
2024-03-15 13:00:00+09:00,2080.0,2096.0,2080.0,2096.0,48300,0.0,0.0
2024-03-15 14:00:00+09:00,2095.0,2106.0,2095.0,2101.0,68400,0.0,0.0
2024-03-18 09:00:00+09:00,2109.0,2158.0,2104.0,2156.0,119800,0.0,0.0
2024-03-18 10:00:00+09:00,2159.0,2164.0,2140.0,2142.0,61300,0.0,0.0
2024-03-18 11:00:00+09:00,2143.0,2144.0,2129.0,2131.0,0,0.0,0.0
2024-03-18 12:00:00+09:00,2127.0,2143.0,2126.0,2139.0,250400,0.0,0.0
2024-03-18 13:00:00+09:00,2139.0,2141.0,2134.0,2139.0,31700,0.0,0.0
2024-03-18 14:00:00+09:00,2140.0,2147.0,2137.0,2147.0,44300,0.0,0.0
2024-03-19 09:00:00+09:00,2106.0,2110.0,2095.0,2101.0,55700,0.0,0.0
2024-03-19 10:00:00+09:00,2100.0,2101.0,2091.0,2096.0,26700,0.0,0.0
2024-03-19 11:00:00+09:00,2097.0,2099.0,2096.0,2098.0,0,0.0,0.0
2024-03-19 12:00:00+09:00,2098.0,2117.0,2093.0,2107.0,111400,0.0,0.0
2024-03-19 13:00:00+09:00,2108.0,2117.0,2108.0,2112.0,24000,0.0,0.0
2024-03-19 14:00:00+09:00,2111.0,2116.0,2103.0,2103.0,33300,0.0,0.0
2024-03-21 09:00:00+09:00,2151.0,2165.0,2140.0,2151.0,46600,0.0,0.0
2024-03-21 10:00:00+09:00,2150.0,2151.0,2131.0,2133.0,20200,0.0,0.0
2024-03-21 11:00:00+09:00,2135.0,2137.0,2130.0,2136.0,0,0.0,0.0
2024-03-21 12:00:00+09:00,2136.0,2148.0,2135.0,2140.0,84300,0.0,0.0
2024-03-21 13:00:00+09:00,2140.0,2142.0,2132.0,2140.0,20700,0.0,0.0
2024-03-21 14:00:00+09:00,2142.0,2142.0,2129.0,2132.0,32700,0.0,0.0
2024-03-22 09:00:00+09:00,2148.0,2148.0,2107.0,2123.0,38400,0.0,0.0
2024-03-22 10:00:00+09:00,2123.0,2129.0,2119.0,2123.0,9900,0.0,0.0
2024-03-22 11:00:00+09:00,2122.0,2123.0,2117.0,2119.0,0,0.0,0.0
2024-03-22 12:00:00+09:00,2119.0,2120.0,2107.0,2115.0,65900,0.0,0.0
2024-03-22 13:00:00+09:00,2113.0,2121.0,2108.0,2114.0,14100,0.0,0.0
2024-03-22 14:00:00+09:00,2113.0,2115.0,2100.0,2107.0,35000,0.0,0.0
2024-03-25 09:00:00+09:00,2107.0,2116.0,2082.0,2083.0,38300,0.0,0.0
2024-03-25 10:00:00+09:00,2083.0,2083.0,2052.0,2059.0,47700,0.0,0.0
2024-03-25 11:00:00+09:00,2057.0,2064.0,2049.0,2061.0,0,0.0,0.0
2024-03-25 12:00:00+09:00,2060.0,2065.0,2054.0,2064.0,116000,0.0,0.0
2024-03-25 13:00:00+09:00,2063.0,2064.0,2054.0,2056.0,19000,0.0,0.0
2024-03-25 14:00:00+09:00,2055.0,2055.0,2039.0,2039.0,41400,0.0,0.0
2024-03-26 09:00:00+09:00,2046.0,2076.0,2041.0,2073.0,26300,0.0,0.0
2024-03-26 10:00:00+09:00,2072.0,2074.0,2058.0,2060.0,13100,0.0,0.0
2024-03-26 11:00:00+09:00,2058.0,2060.0,2053.0,2060.0,0,0.0,0.0
2024-03-26 12:00:00+09:00,2065.0,2067.0,2060.0,2065.0,54900,0.0,0.0
2024-03-26 13:00:00+09:00,2067.0,2070.0,2058.0,2058.0,11400,0.0,0.0
2024-03-26 14:00:00+09:00,2059.0,2069.0,2059.0,2066.0,18300,0.0,0.0
2024-03-27 09:00:00+09:00,2061.0,2084.0,2040.0,2079.0,46300,0.0,0.0
2024-03-27 10:00:00+09:00,2078.0,2078.0,2067.0,2068.0,17700,0.0,0.0
2024-03-27 11:00:00+09:00,2070.0,2072.0,2067.0,2072.0,0,0.0,0.0
2024-03-27 12:00:00+09:00,2073.0,2074.0,2062.0,2063.0,84300,0.0,0.0
2024-03-27 13:00:00+09:00,2064.0,2072.0,2059.0,2072.0,21000,0.0,0.0
2024-03-27 14:00:00+09:00,2071.0,2071.0,2060.0,2060.0,33700,0.0,0.0
2024-03-28 09:00:00+09:00,2053.0,2062.0,2043.0,2052.0,17300,0.0,0.0
2024-03-28 10:00:00+09:00,2052.0,2060.0,2048.0,2060.0,15100,0.0,0.0
2024-03-28 11:00:00+09:00,2061.0,2063.0,2060.0,2062.0,0,0.0,0.0
2024-03-28 12:00:00+09:00,2068.0,2071.0,2059.0,2070.0,47600,0.0,0.0
2024-03-28 13:00:00+09:00,2071.0,2071.0,2065.0,2066.0,13700,0.0,0.0
2024-03-28 14:00:00+09:00,2065.0,2065.0,2048.0,2051.0,25600,0.0,0.0
2024-03-29 09:00:00+09:00,2058.0,2084.0,2057.0,2063.0,23500,0.0,0.0
2024-03-29 10:00:00+09:00,2063.0,2069.0,2062.0,2064.0,11900,0.0,0.0
2024-03-29 11:00:00+09:00,2063.0,2072.0,2063.0,2072.0,0,0.0,0.0
2024-03-29 12:00:00+09:00,2065.0,2069.0,2059.0,2066.0,56000,0.0,0.0
2024-03-29 13:00:00+09:00,2066.0,2066.0,2058.0,2061.0,16600,0.0,0.0
2024-03-29 14:00:00+09:00,2060.0,2070.0,2060.0,2063.0,25700,0.0,0.0
2024-04-01 09:00:00+09:00,2079.0,2086.0,2056.0,2057.0,21400,0.0,0.0
2024-04-01 10:00:00+09:00,2056.0,2057.0,2021.0,2025.0,33900,0.0,0.0
2024-04-01 11:00:00+09:00,2020.0,2025.0,2016.0,2021.0,0,0.0,0.0
2024-04-01 12:00:00+09:00,2021.0,2036.0,2019.0,2033.0,78600,0.0,0.0
2024-04-01 13:00:00+09:00,2034.0,2037.0,2026.0,2032.0,10300,0.0,0.0
2024-04-01 14:00:00+09:00,2031.0,2031.0,2011.0,2011.0,34100,0.0,0.0
2024-04-02 09:00:00+09:00,2016.0,2017.0,1992.0,2014.0,31800,0.0,0.0
2024-04-02 10:00:00+09:00,2014.0,2018.0,2000.0,2012.0,19600,0.0,0.0
2024-04-02 11:00:00+09:00,2012.0,2020.0,2012.0,2014.0,0,0.0,0.0
2024-04-02 12:00:00+09:00,2026.0,2026.0,2011.0,2012.0,74800,0.0,0.0
2024-04-02 13:00:00+09:00,2013.0,2017.0,2007.0,2007.0,29100,0.0,0.0
2024-04-02 14:00:00+09:00,2008.0,2013.0,2002.0,2002.0,29600,0.0,0.0
2024-04-03 09:00:00+09:00,1981.0,2008.0,1943.0,2005.0,68000,0.0,0.0
2024-04-03 10:00:00+09:00,2004.0,2007.0,1988.0,1990.0,27200,0.0,0.0
2024-04-03 11:00:00+09:00,1990.0,1992.0,1984.0,1991.0,0,0.0,0.0
2024-04-03 12:00:00+09:00,1999.0,2009.0,1995.0,2008.0,128200,0.0,0.0
2024-04-03 13:00:00+09:00,2008.0,2008.0,2001.0,2001.0,24500,0.0,0.0
2024-04-03 14:00:00+09:00,2002.0,2002.0,1990.0,1992.0,38700,0.0,0.0
2024-04-04 09:00:00+09:00,2000.0,2045.0,2000.0,2036.0,34000,0.0,0.0
2024-04-04 10:00:00+09:00,2035.0,2056.0,2034.0,2053.0,18700,0.0,0.0
2024-04-04 11:00:00+09:00,2053.0,2056.0,2046.0,2051.0,0,0.0,0.0
2024-04-04 12:00:00+09:00,2047.0,2050.0,2036.0,2047.0,76900,0.0,0.0
2024-04-04 13:00:00+09:00,2047.0,2049.0,2035.0,2037.0,18800,0.0,0.0
2024-04-04 14:00:00+09:00,2037.0,2037.0,2024.0,2026.0,26900,0.0,0.0
2024-04-05 09:00:00+09:00,2000.0,2035.0,1995.0,2023.0,36100,0.0,0.0
2024-04-05 10:00:00+09:00,2020.0,2043.0,2020.0,2023.0,25800,0.0,0.0
2024-04-05 11:00:00+09:00,2027.0,2032.0,2020.0,2021.0,0,0.0,0.0
2024-04-05 12:00:00+09:00,2018.0,2041.0,2018.0,2039.0,82600,0.0,0.0
2024-04-05 13:00:00+09:00,2038.0,2041.0,2032.0,2036.0,14300,0.0,0.0
2024-04-05 14:00:00+09:00,2036.0,2045.0,2034.0,2042.0,25800,0.0,0.0
2024-04-08 09:00:00+09:00,2043.0,2045.0,2009.0,2019.0,38600,0.0,0.0
2024-04-08 10:00:00+09:00,2019.0,2034.0,2017.0,2024.0,10800,0.0,0.0
2024-04-08 11:00:00+09:00,2023.0,2026.0,2018.0,2019.0,0,0.0,0.0
2024-04-08 12:00:00+09:00,2010.0,2010.0,1979.0,1979.0,79600,0.0,0.0
2024-04-08 13:00:00+09:00,1981.0,1989.0,1975.0,1985.0,16300,0.0,0.0
2024-04-08 14:00:00+09:00,1985.0,1986.0,1970.0,1977.0,42700,0.0,0.0
2024-04-09 09:00:00+09:00,1975.0,1983.0,1965.0,1965.0,24300,0.0,0.0
2024-04-09 10:00:00+09:00,1965.0,1971.0,1951.0,1956.0,25600,0.0,0.0
2024-04-09 11:00:00+09:00,1954.0,1966.0,1954.0,1963.0,0,0.0,0.0
2024-04-09 12:00:00+09:00,1962.0,1979.0,1962.0,1977.0,88200,0.0,0.0
2024-04-09 13:00:00+09:00,1978.0,1993.0,1977.0,1985.0,33000,0.0,0.0
2024-04-09 14:00:00+09:00,1985.0,1985.0,1977.0,1982.0,41200,0.0,0.0
2024-04-10 09:00:00+09:00,1960.0,1987.0,1948.0,1965.0,53900,0.0,0.0
2024-04-10 10:00:00+09:00,1965.0,1976.0,1965.0,1976.0,22900,0.0,0.0
2024-04-10 11:00:00+09:00,1976.0,1984.0,1976.0,1980.0,0,0.0,0.0
2024-04-10 12:00:00+09:00,1982.0,1986.0,1976.0,1978.0,102400,0.0,0.0
2024-04-10 13:00:00+09:00,1978.0,1979.0,1972.0,1974.0,17200,0.0,0.0
2024-04-10 14:00:00+09:00,1974.0,1993.0,1972.0,1986.0,47400,0.0,0.0
2024-04-11 09:00:00+09:00,1946.0,1950.0,1922.0,1936.0,54700,0.0,0.0
2024-04-11 10:00:00+09:00,1937.0,1949.0,1935.0,1945.0,18500,0.0,0.0
2024-04-11 11:00:00+09:00,1946.0,1948.0,1943.0,1948.0,0,0.0,0.0
2024-04-11 12:00:00+09:00,1947.0,1955.0,1942.0,1949.0,93300,0.0,0.0
2024-04-11 13:00:00+09:00,1951.0,1952.0,1935.0,1939.0,20500,0.0,0.0
2024-04-11 14:00:00+09:00,1941.0,1943.0,1931.0,1933.0,51400,0.0,0.0
2024-04-12 09:00:00+09:00,1963.0,1968.0,1943.0,1947.0,52900,0.0,0.0
2024-04-12 10:00:00+09:00,1946.0,1948.0,1938.0,1946.0,18400,0.0,0.0
2024-04-12 11:00:00+09:00,1946.0,1949.0,1944.0,1946.0,0,0.0,0.0
2024-04-12 12:00:00+09:00,1940.0,1945.0,1935.0,1942.0,93500,0.0,0.0
2024-04-12 13:00:00+09:00,1942.0,1942.0,1934.0,1935.0,17000,0.0,0.0
2024-04-12 14:00:00+09:00,1934.0,1943.0,1934.0,1939.0,36000,0.0,0.0
2024-04-15 09:00:00+09:00,1916.0,1963.0,1916.0,1958.0,28000,0.0,0.0
2024-04-15 10:00:00+09:00,1960.0,1977.0,1956.0,1975.0,9800,0.0,0.0
2024-04-15 11:00:00+09:00,1974.0,1974.0,1959.0,1959.0,0,0.0,0.0
2024-04-15 12:00:00+09:00,1958.0,1967.0,1958.0,1964.0,53600,0.0,0.0
2024-04-15 13:00:00+09:00,1965.0,1969.0,1964.0,1969.0,7400,0.0,0.0
2024-04-15 14:00:00+09:00,1969.0,1970.0,1961.0,1967.0,15400,0.0,0.0
2024-04-16 09:00:00+09:00,1927.0,1954.0,1917.0,1927.0,38600,0.0,0.0
2024-04-16 10:00:00+09:00,1925.0,1932.0,1925.0,1932.0,10500,0.0,0.0
2024-04-16 11:00:00+09:00,1930.0,1932.0,1927.0,1927.0,0,0.0,0.0
2024-04-16 12:00:00+09:00,1927.0,1930.0,1922.0,1925.0,61500,0.0,0.0
2024-04-16 13:00:00+09:00,1925.0,1929.0,1922.0,1928.0,12700,0.0,0.0
2024-04-16 14:00:00+09:00,1928.0,1936.0,1927.0,1929.0,18600,0.0,0.0
2024-04-17 09:00:00+09:00,1924.0,1946.0,1910.0,1924.0,43900,0.0,0.0
2024-04-17 10:00:00+09:00,1918.0,1935.0,1918.0,1933.0,11300,0.0,0.0
2024-04-17 11:00:00+09:00,1934.0,1938.0,1932.0,1936.0,0,0.0,0.0
2024-04-17 12:00:00+09:00,1932.0,1937.0,1930.0,1936.0,68800,0.0,0.0
2024-04-17 13:00:00+09:00,1936.0,1936.0,1929.0,1933.0,10200,0.0,0.0
2024-04-17 14:00:00+09:00,1932.0,1932.0,1910.0,1910.0,37500,0.0,0.0
2024-04-18 09:00:00+09:00,1912.0,1928.0,1890.0,1923.0,22800,0.0,0.0
2024-04-18 10:00:00+09:00,1924.0,1928.0,1920.0,1926.0,8600,0.0,0.0
2024-04-18 11:00:00+09:00,1927.0,1940.0,1927.0,1939.0,0,0.0,0.0
2024-04-18 12:00:00+09:00,1935.0,1943.0,1934.0,1935.0,43700,0.0,0.0
2024-04-18 13:00:00+09:00,1935.0,1944.0,1934.0,1937.0,10300,0.0,0.0
2024-04-18 14:00:00+09:00,1938.0,1943.0,1934.0,1935.0,20700,0.0,0.0
2024-04-19 09:00:00+09:00,1900.0,1923.0,1896.0,1915.0,29600,0.0,0.0
2024-04-19 10:00:00+09:00,1915.0,1915.0,1898.0,1901.0,32700,0.0,0.0
2024-04-19 11:00:00+09:00,1902.0,1902.0,1877.0,1877.0,0,0.0,0.0
2024-04-19 12:00:00+09:00,1874.0,1919.0,1874.0,1909.0,120200,0.0,0.0
2024-04-19 13:00:00+09:00,1912.0,1918.0,1907.0,1912.0,19400,0.0,0.0
2024-04-19 14:00:00+09:00,1913.0,1923.0,1907.0,1907.0,76600,0.0,0.0
2024-04-22 09:00:00+09:00,1910.0,1912.0,1875.0,1880.0,65700,0.0,0.0
2024-04-22 10:00:00+09:00,1880.0,1895.0,1869.0,1894.0,36000,0.0,0.0
2024-04-22 11:00:00+09:00,1895.0,1899.0,1890.0,1890.0,0,0.0,0.0
2024-04-22 12:00:00+09:00,1887.0,1895.0,1882.0,1887.0,150900,0.0,0.0
2024-04-22 13:00:00+09:00,1885.0,1888.0,1883.0,1887.0,30000,0.0,0.0
2024-04-22 14:00:00+09:00,1888.0,1891.0,1877.0,1891.0,68200,0.0,0.0
2024-04-23 09:00:00+09:00,1904.0,1926.0,1898.0,1924.0,54200,0.0,0.0
2024-04-23 10:00:00+09:00,1923.0,1926.0,1893.0,1895.0,39700,0.0,0.0
2024-04-23 11:00:00+09:00,1893.0,1896.0,1889.0,1894.0,0,0.0,0.0
2024-04-23 12:00:00+09:00,1889.0,1900.0,1885.0,1887.0,125900,0.0,0.0
2024-04-23 13:00:00+09:00,1888.0,1890.0,1881.0,1882.0,25500,0.0,0.0
2024-04-23 14:00:00+09:00,1882.0,1884.0,1869.0,1879.0,45100,0.0,0.0
2024-04-24 09:00:00+09:00,1919.0,1944.0,1912.0,1936.0,41100,0.0,0.0
2024-04-24 10:00:00+09:00,1937.0,1943.0,1931.0,1932.0,22500,0.0,0.0
2024-04-24 11:00:00+09:00,1931.0,1931.0,1923.0,1929.0,0,0.0,0.0
2024-04-24 12:00:00+09:00,1929.0,1933.0,1924.0,1927.0,90200,0.0,0.0
2024-04-24 13:00:00+09:00,1926.0,1928.0,1917.0,1918.0,17800,0.0,0.0
2024-04-24 14:00:00+09:00,1917.0,1924.0,1915.0,1924.0,27900,0.0,0.0
2024-04-25 09:00:00+09:00,1890.0,1894.0,1876.0,1881.0,27100,0.0,0.0
2024-04-25 10:00:00+09:00,1882.0,1917.0,1876.0,1915.0,28900,0.0,0.0
2024-04-25 11:00:00+09:00,1914.0,1922.0,1909.0,1922.0,0,0.0,0.0
2024-04-25 12:00:00+09:00,1914.0,1927.0,1909.0,1922.0,78700,0.0,0.0
2024-04-25 13:00:00+09:00,1922.0,1923.0,1913.0,1913.0,13700,0.0,0.0
2024-04-25 14:00:00+09:00,1912.0,1918.0,1906.0,1910.0,29600,0.0,0.0
2024-04-26 09:00:00+09:00,1920.0,1925.0,1895.0,1900.0,27100,0.0,0.0
2024-04-26 10:00:00+09:00,1899.0,1921.0,1899.0,1921.0,17100,0.0,0.0
2024-04-26 11:00:00+09:00,1920.0,1930.0,1914.0,1923.0,0,0.0,0.0
2024-04-26 12:00:00+09:00,1923.0,1944.0,1923.0,1936.0,79500,0.0,0.0
2024-04-26 13:00:00+09:00,1934.0,1936.0,1928.0,1928.0,10600,0.0,0.0
2024-04-26 14:00:00+09:00,1929.0,1934.0,1919.0,1920.0,32000,0.0,0.0
2024-04-30 09:00:00+09:00,1954.0,1954.0,1925.0,1939.0,32000,0.0,0.0
2024-04-30 10:00:00+09:00,1941.0,1963.0,1936.0,1963.0,11500,0.0,0.0
2024-04-30 11:00:00+09:00,1962.0,1970.0,1961.0,1965.0,0,0.0,0.0
2024-04-30 12:00:00+09:00,1960.0,1977.0,1960.0,1968.0,64100,0.0,0.0
2024-04-30 13:00:00+09:00,1969.0,1975.0,1965.0,1970.0,17900,0.0,0.0
2024-04-30 14:00:00+09:00,1968.0,1969.0,1955.0,1962.0,25400,0.0,0.0
2024-05-01 09:00:00+09:00,1920.0,1949.0,1919.0,1927.0,26400,0.0,0.0
2024-05-01 10:00:00+09:00,1929.0,1942.0,1925.0,1936.0,11900,0.0,0.0
2024-05-01 11:00:00+09:00,1935.0,1937.0,1932.0,1937.0,0,0.0,0.0
2024-05-01 12:00:00+09:00,1937.0,1952.0,1937.0,1942.0,62300,0.0,0.0
2024-05-01 13:00:00+09:00,1942.0,1944.0,1936.0,1939.0,22000,0.0,0.0
2024-05-01 14:00:00+09:00,1938.0,1944.0,1934.0,1937.0,40900,0.0,0.0
2024-05-02 09:00:00+09:00,1953.0,1969.0,1936.0,1964.0,30500,0.0,0.0
2024-05-02 10:00:00+09:00,1965.0,1965.0,1942.0,1946.0,16300,0.0,0.0
2024-05-02 11:00:00+09:00,1946.0,1952.0,1944.0,1946.0,0,0.0,0.0
2024-05-02 12:00:00+09:00,1945.0,1967.0,1945.0,1966.0,73600,0.0,0.0
2024-05-02 13:00:00+09:00,1964.0,1964.0,1957.0,1960.0,15000,0.0,0.0
2024-05-02 14:00:00+09:00,1961.0,1965.0,1956.0,1959.0,26600,0.0,0.0
2024-05-07 09:00:00+09:00,1977.0,1989.0,1962.0,1963.0,31500,0.0,0.0
2024-05-07 10:00:00+09:00,1963.0,1971.0,1960.0,1971.0,9200,0.0,0.0
2024-05-07 11:00:00+09:00,1971.0,1976.0,1968.0,1971.0,0,0.0,0.0
2024-05-07 12:00:00+09:00,1968.0,1989.0,1968.0,1985.0,62000,0.0,0.0
2024-05-07 13:00:00+09:00,1984.0,1988.0,1981.0,1986.0,10400,0.0,0.0
2024-05-07 14:00:00+09:00,1987.0,1994.0,1986.0,1991.0,23700,0.0,0.0
2024-05-08 09:00:00+09:00,1989.0,2012.0,1989.0,1993.0,18900,0.0,0.0
2024-05-08 10:00:00+09:00,1992.0,2009.0,1991.0,2004.0,13600,0.0,0.0
2024-05-08 11:00:00+09:00,2003.0,2005.0,1988.0,1988.0,0,0.0,0.0
2024-05-08 12:00:00+09:00,1984.0,1993.0,1984.0,1993.0,46800,0.0,0.0
2024-05-08 13:00:00+09:00,1992.0,1995.0,1990.0,1993.0,5100,0.0,0.0
2024-05-08 14:00:00+09:00,1991.0,1996.0,1986.0,1994.0,17800,0.0,0.0
2024-05-09 09:00:00+09:00,2014.0,2021.0,2003.0,2013.0,18400,0.0,0.0
2024-05-09 10:00:00+09:00,2011.0,2014.0,2005.0,2005.0,7400,0.0,0.0
2024-05-09 11:00:00+09:00,2007.0,2011.0,2007.0,2007.0,0,0.0,0.0
2024-05-09 12:00:00+09:00,2007.0,2014.0,1988.0,1994.0,49500,0.0,0.0
2024-05-09 13:00:00+09:00,1994.0,2002.0,1990.0,1998.0,20000,0.0,0.0
2024-05-09 14:00:00+09:00,1999.0,2004.0,1992.0,1997.0,36700,0.0,0.0
2024-05-10 09:00:00+09:00,2001.0,2021.0,1996.0,2001.0,19200,0.0,0.0
2024-05-10 10:00:00+09:00,2002.0,2006.0,1989.0,1995.0,9800,0.0,0.0
2024-05-10 11:00:00+09:00,1994.0,2002.0,1993.0,1993.0,0,0.0,0.0
2024-05-10 12:00:00+09:00,1996.0,2007.0,1995.0,2006.0,106800,0.0,0.0
2024-05-10 13:00:00+09:00,2006.0,2012.0,2005.0,2010.0,11300,0.0,0.0
2024-05-10 14:00:00+09:00,2012.0,2014.0,1998.0,2009.0,32500,0.0,0.0
2024-05-13 09:00:00+09:00,2055.0,2090.0,2055.0,2090.0,101800,0.0,0.0
2024-05-13 10:00:00+09:00,2090.0,2090.0,2076.0,2081.0,30000,0.0,0.0
2024-05-13 11:00:00+09:00,2081.0,2091.0,2081.0,2084.0,0,0.0,0.0
2024-05-13 12:00:00+09:00,2081.0,2082.0,2055.0,2055.0,182600,0.0,0.0
2024-05-13 13:00:00+09:00,2055.0,2059.0,2040.0,2050.0,0,0.0,0.0
2024-05-13 14:00:00+09:00,2050.0,2077.0,2050.0,2077.0,280400,0.0,0.0
2024-05-14 09:00:00+09:00,2568.0,2568.0,2425.0,2480.0,949100,0.0,0.0
2024-05-14 10:00:00+09:00,2488.0,2500.0,2324.0,2343.0,556100,0.0,0.0
2024-05-14 11:00:00+09:00,2343.0,2344.0,2302.0,2338.0,0,0.0,0.0
2024-05-14 12:00:00+09:00,2335.0,2354.0,2317.0,2319.0,1828200,0.0,0.0
2024-05-14 13:00:00+09:00,2320.0,2347.0,2221.0,2264.0,455500,0.0,0.0
2024-05-14 14:00:00+09:00,2267.0,2284.0,2219.0,2224.0,283900,0.0,0.0
2024-05-15 09:00:00+09:00,2243.0,2288.0,2195.0,2200.0,260500,0.0,0.0
2024-05-15 10:00:00+09:00,2201.0,2204.0,2150.0,2163.0,112700,0.0,0.0
2024-05-15 11:00:00+09:00,2164.0,2166.0,2088.0,2112.0,0,0.0,0.0
2024-05-15 12:00:00+09:00,2101.0,2143.0,2062.0,2082.0,1150800,0.0,0.0
2024-05-15 13:00:00+09:00,2084.0,2086.0,2001.0,2030.0,268700,0.0,0.0
2024-05-15 14:00:00+09:00,2026.0,2062.0,2022.0,2058.0,130300,0.0,0.0
2024-05-16 09:00:00+09:00,2080.0,2096.0,2020.0,2062.0,153400,0.0,0.0
2024-05-16 10:00:00+09:00,2061.0,2086.0,2050.0,2086.0,41600,0.0,0.0
2024-05-16 11:00:00+09:00,2086.0,2155.0,2079.0,2151.0,0,0.0,0.0
2024-05-16 12:00:00+09:00,2165.0,2166.0,2128.0,2145.0,436800,0.0,0.0
2024-05-16 13:00:00+09:00,2145.0,2172.0,2113.0,2128.0,150200,0.0,0.0
2024-05-16 14:00:00+09:00,2130.0,2146.0,2120.0,2146.0,125100,0.0,0.0
2024-05-17 09:00:00+09:00,2130.0,2151.0,2100.0,2122.0,74900,0.0,0.0
2024-05-17 10:00:00+09:00,2121.0,2145.0,2121.0,2138.0,25700,0.0,0.0
2024-05-17 11:00:00+09:00,2138.0,2169.0,2138.0,2144.0,0,0.0,0.0
2024-05-17 12:00:00+09:00,2149.0,2196.0,2139.0,2159.0,200800,0.0,0.0
2024-05-17 13:00:00+09:00,2161.0,2164.0,2129.0,2137.0,71400,0.0,0.0
2024-05-17 14:00:00+09:00,2136.0,2142.0,2123.0,2136.0,102000,0.0,0.0
2024-05-20 09:00:00+09:00,2121.0,2145.0,2106.0,2139.0,61700,0.0,0.0
2024-05-20 10:00:00+09:00,2138.0,2142.0,2130.0,2142.0,18200,0.0,0.0
2024-05-20 11:00:00+09:00,2140.0,2140.0,2103.0,2109.0,0,0.0,0.0
2024-05-20 12:00:00+09:00,2106.0,2109.0,2085.0,2105.0,170500,0.0,0.0
2024-05-20 13:00:00+09:00,2104.0,2113.0,2091.0,2093.0,32600,0.0,0.0
2024-05-20 14:00:00+09:00,2093.0,2098.0,2083.0,2096.0,56100,0.0,0.0
2024-05-21 09:00:00+09:00,2082.0,2109.0,2066.0,2099.0,45300,0.0,0.0
2024-05-21 10:00:00+09:00,2099.0,2146.0,2086.0,2090.0,67100,0.0,0.0
2024-05-21 11:00:00+09:00,2087.0,2094.0,2083.0,2083.0,0,0.0,0.0
2024-05-21 12:00:00+09:00,2092.0,2094.0,2081.0,2086.0,151000,0.0,0.0
2024-05-21 13:00:00+09:00,2086.0,2087.0,2065.0,2067.0,32300,0.0,0.0
2024-05-21 14:00:00+09:00,2068.0,2068.0,2038.0,2045.0,100100,0.0,0.0
2024-05-22 09:00:00+09:00,2039.0,2081.0,2022.0,2065.0,78900,0.0,0.0
2024-05-22 10:00:00+09:00,2066.0,2104.0,2063.0,2100.0,53800,0.0,0.0
2024-05-22 11:00:00+09:00,2101.0,2114.0,2101.0,2111.0,0,0.0,0.0
2024-05-22 12:00:00+09:00,2109.0,2121.0,2102.0,2119.0,203000,0.0,0.0
2024-05-22 13:00:00+09:00,2119.0,2125.0,2098.0,2098.0,45100,0.0,0.0
2024-05-22 14:00:00+09:00,2096.0,2104.0,2076.0,2080.0,42200,0.0,0.0
2024-05-23 09:00:00+09:00,2113.0,2137.0,2082.0,2109.0,76800,0.0,0.0
2024-05-23 10:00:00+09:00,2109.0,2120.0,2088.0,2103.0,28300,0.0,0.0
2024-05-23 11:00:00+09:00,2105.0,2105.0,2092.0,2098.0,0,0.0,0.0
2024-05-23 12:00:00+09:00,2107.0,2111.0,2082.0,2085.0,137700,0.0,0.0
2024-05-23 13:00:00+09:00,2085.0,2085.0,2063.0,2076.0,37000,0.0,0.0
2024-05-23 14:00:00+09:00,2076.0,2084.0,2070.0,2079.0,46200,0.0,0.0
2024-05-24 09:00:00+09:00,2030.0,2054.0,2016.0,2048.0,93000,0.0,0.0
2024-05-24 10:00:00+09:00,2048.0,2060.0,2045.0,2054.0,24100,0.0,0.0
2024-05-24 11:00:00+09:00,2054.0,2069.0,2052.0,2069.0,0,0.0,0.0
2024-05-24 12:00:00+09:00,2069.0,2087.0,2068.0,2084.0,149200,0.0,0.0
2024-05-24 13:00:00+09:00,2084.0,2102.0,2082.0,2101.0,26300,0.0,0.0
2024-05-24 14:00:00+09:00,2102.0,2116.0,2098.0,2114.0,67200,0.0,0.0
2024-05-27 09:00:00+09:00,2130.0,2152.0,2104.0,2147.0,95200,0.0,0.0
2024-05-27 10:00:00+09:00,2148.0,2177.0,2140.0,2176.0,44000,0.0,0.0
2024-05-27 11:00:00+09:00,2177.0,2195.0,2168.0,2195.0,0,0.0,0.0
2024-05-27 12:00:00+09:00,2195.0,2209.0,2180.0,2196.0,285500,0.0,0.0
2024-05-27 13:00:00+09:00,2194.0,2194.0,2151.0,2167.0,66600,0.0,0.0
2024-05-27 14:00:00+09:00,2164.0,2189.0,2155.0,2182.0,119900,0.0,0.0
2024-05-28 09:00:00+09:00,2201.0,2223.0,2178.0,2190.0,54900,0.0,0.0
2024-05-28 10:00:00+09:00,2187.0,2187.0,2158.0,2162.0,29200,0.0,0.0
2024-05-28 11:00:00+09:00,2162.0,2162.0,2143.0,2152.0,0,0.0,0.0
2024-05-28 12:00:00+09:00,2150.0,2179.0,2150.0,2174.0,130200,0.0,0.0
2024-05-28 13:00:00+09:00,2175.0,2182.0,2168.0,2174.0,20100,0.0,0.0
2024-05-28 14:00:00+09:00,2175.0,2179.0,2159.0,2169.0,38800,0.0,0.0
2024-05-29 09:00:00+09:00,2143.0,2192.0,2095.0,2122.0,128100,0.0,0.0
2024-05-29 10:00:00+09:00,2123.0,2135.0,2096.0,2102.0,56100,0.0,0.0
2024-05-29 11:00:00+09:00,2103.0,2120.0,2091.0,2107.0,0,0.0,0.0
2024-05-29 12:00:00+09:00,2103.0,2108.0,2094.0,2106.0,231100,0.0,0.0
2024-05-29 13:00:00+09:00,2107.0,2115.0,2099.0,2107.0,25400,0.0,0.0
2024-05-29 14:00:00+09:00,2110.0,2110.0,2086.0,2089.0,46400,0.0,0.0
2024-05-30 09:00:00+09:00,2056.0,2072.0,2044.0,2069.0,59300,0.0,0.0
2024-05-30 10:00:00+09:00,2068.0,2113.0,2068.0,2110.0,59000,0.0,0.0
2024-05-30 11:00:00+09:00,2114.0,2139.0,2114.0,2134.0,0,0.0,0.0
2024-05-30 12:00:00+09:00,2135.0,2149.0,2135.0,2146.0,160100,0.0,0.0
2024-05-30 13:00:00+09:00,2146.0,2158.0,2139.0,2153.0,29700,0.0,0.0
2024-05-30 14:00:00+09:00,2153.0,2158.0,2132.0,2145.0,50900,0.0,0.0
2024-05-31 09:00:00+09:00,2166.0,2174.0,2132.0,2139.0,75900,0.0,0.0
2024-05-31 10:00:00+09:00,2139.0,2140.0,2114.0,2124.0,39700,0.0,0.0
2024-05-31 11:00:00+09:00,2124.0,2132.0,2117.0,2117.0,0,0.0,0.0
2024-05-31 12:00:00+09:00,2122.0,2139.0,2109.0,2134.0,162500,0.0,0.0
2024-05-31 13:00:00+09:00,2133.0,2141.0,2117.0,2133.0,31000,0.0,0.0
2024-05-31 14:00:00+09:00,2130.0,2132.0,2114.0,2130.0,67500,0.0,0.0
2024-06-03 09:00:00+09:00,2112.0,2144.0,2073.0,2085.0,0,0.0,0.0
2024-06-03 10:00:00+09:00,2082.0,2086.0,2073.0,2081.0,104300,0.0,0.0
2024-06-03 11:00:00+09:00,2081.0,2081.0,2067.0,2067.0,0,0.0,0.0
2024-06-03 12:00:00+09:00,2071.0,2087.0,2069.0,2085.0,146400,0.0,0.0
2024-06-03 13:00:00+09:00,2084.0,2102.0,2083.0,2098.0,28400,0.0,0.0
2024-06-03 14:00:00+09:00,2099.0,2101.0,2087.0,2100.0,38300,0.0,0.0
2024-06-04 09:00:00+09:00,2080.0,2116.0,2070.0,2109.0,40200,0.0,0.0
2024-06-04 10:00:00+09:00,2110.0,2111.0,2101.0,2101.0,16400,0.0,0.0
2024-06-04 11:00:00+09:00,2103.0,2104.0,2092.0,2093.0,0,0.0,0.0
2024-06-04 12:00:00+09:00,2088.0,2091.0,2070.0,2081.0,84400,0.0,0.0
2024-06-04 13:00:00+09:00,2083.0,2095.0,2081.0,2088.0,18800,0.0,0.0
2024-06-04 14:00:00+09:00,2086.0,2086.0,2068.0,2070.0,38200,0.0,0.0
2024-06-05 09:00:00+09:00,2044.0,2047.0,2004.0,2009.0,156700,0.0,0.0
2024-06-05 10:00:00+09:00,2010.0,2011.0,1975.0,2001.0,132100,0.0,0.0
2024-06-05 11:00:00+09:00,2000.0,2025.0,1995.0,1997.0,0,0.0,0.0
2024-06-05 12:00:00+09:00,1999.0,2008.0,1998.0,2006.0,360600,0.0,0.0
2024-06-05 13:00:00+09:00,2005.0,2008.0,1999.0,2004.0,39200,0.0,0.0
2024-06-05 14:00:00+09:00,2004.0,2009.0,2002.0,2006.0,50500,0.0,0.0
2024-06-06 09:00:00+09:00,2044.0,2054.0,1971.0,1978.0,119300,0.0,0.0
2024-06-06 10:00:00+09:00,1978.0,2002.0,1969.0,2001.0,31300,0.0,0.0
2024-06-06 11:00:00+09:00,2001.0,2002.0,1992.0,1998.0,0,0.0,0.0
2024-06-06 12:00:00+09:00,1998.0,1998.0,1984.0,1984.0,171300,0.0,0.0
2024-06-06 13:00:00+09:00,1985.0,1987.0,1973.0,1976.0,30800,0.0,0.0
2024-06-06 14:00:00+09:00,1977.0,1996.0,1968.0,1991.0,63500,0.0,0.0
2024-06-07 09:00:00+09:00,1990.0,2027.0,1982.0,1997.0,30200,0.0,0.0
2024-06-07 10:00:00+09:00,1995.0,2019.0,1995.0,2006.0,22000,0.0,0.0
2024-06-07 11:00:00+09:00,2007.0,2009.0,2000.0,2004.0,0,0.0,0.0
2024-06-07 12:00:00+09:00,2001.0,2007.0,2000.0,2006.0,68700,0.0,0.0
2024-06-07 13:00:00+09:00,2006.0,2014.0,1992.0,1993.0,17900,0.0,0.0
2024-06-07 14:00:00+09:00,1994.0,2013.0,1994.0,2011.0,37000,0.0,0.0
2024-06-10 09:00:00+09:00,2022.0,2048.0,2020.0,2035.0,52300,0.0,0.0
2024-06-10 10:00:00+09:00,2035.0,2044.0,2030.0,2038.0,14800,0.0,0.0
2024-06-10 11:00:00+09:00,2037.0,2041.0,2034.0,2034.0,0,0.0,0.0
2024-06-10 12:00:00+09:00,2039.0,2044.0,2033.0,2036.0,82900,0.0,0.0
2024-06-10 13:00:00+09:00,2035.0,2043.0,2028.0,2028.0,22400,0.0,0.0
2024-06-10 14:00:00+09:00,2027.0,2037.0,2024.0,2036.0,25600,0.0,0.0
2024-06-11 09:00:00+09:00,2046.0,2059.0,2028.0,2056.0,49000,0.0,0.0
2024-06-11 10:00:00+09:00,2055.0,2068.0,2047.0,2059.0,27000,0.0,0.0
2024-06-11 11:00:00+09:00,2059.0,2065.0,2054.0,2054.0,0,0.0,0.0
2024-06-11 12:00:00+09:00,2055.0,2062.0,2043.0,2048.0,122100,0.0,0.0
2024-06-11 13:00:00+09:00,2049.0,2049.0,2027.0,2029.0,23200,0.0,0.0
2024-06-11 14:00:00+09:00,2028.0,2044.0,2028.0,2039.0,44500,0.0,0.0
2024-06-12 09:00:00+09:00,2034.0,2078.0,2025.0,2063.0,46300,0.0,0.0
2024-06-12 10:00:00+09:00,2063.0,2063.0,2049.0,2051.0,11200,0.0,0.0
2024-06-12 11:00:00+09:00,2050.0,2062.0,2049.0,2055.0,0,0.0,0.0
2024-06-12 12:00:00+09:00,2063.0,2094.0,2062.0,2092.0,117900,0.0,0.0
2024-06-12 13:00:00+09:00,2092.0,2099.0,2047.0,2053.0,50600,0.0,0.0
2024-06-12 14:00:00+09:00,2054.0,2059.0,2031.0,2032.0,88600,0.0,0.0
2024-06-13 09:00:00+09:00,2055.0,2070.0,2015.0,2042.0,57900,0.0,0.0
2024-06-13 10:00:00+09:00,2043.0,2050.0,2031.0,2035.0,14800,0.0,0.0
2024-06-13 11:00:00+09:00,2034.0,2036.0,2024.0,2032.0,0,0.0,0.0
2024-06-13 12:00:00+09:00,2032.0,2037.0,2023.0,2037.0,95300,0.0,0.0
2024-06-13 13:00:00+09:00,2035.0,2044.0,2030.0,2041.0,10300,0.0,0.0
2024-06-13 14:00:00+09:00,2039.0,2048.0,2030.0,2043.0,55300,0.0,0.0
2024-06-14 09:00:00+09:00,2026.0,2054.0,2020.0,2029.0,74100,0.0,0.0
2024-06-14 10:00:00+09:00,2027.0,2036.0,2023.0,2025.0,18400,0.0,0.0
2024-06-14 11:00:00+09:00,2025.0,2028.0,2012.0,2028.0,0,0.0,0.0
2024-06-14 12:00:00+09:00,2042.0,2045.0,2036.0,2045.0,157900,0.0,0.0
2024-06-14 13:00:00+09:00,2043.0,2045.0,2029.0,2030.0,56300,0.0,0.0
2024-06-14 14:00:00+09:00,2031.0,2048.0,2031.0,2048.0,33100,0.0,0.0
2024-06-17 09:00:00+09:00,2048.0,2066.0,2026.0,2057.0,48800,0.0,0.0
2024-06-17 10:00:00+09:00,2054.0,2059.0,2028.0,2055.0,27500,0.0,0.0
2024-06-17 11:00:00+09:00,2056.0,2061.0,2047.0,2051.0,0,0.0,0.0
2024-06-17 12:00:00+09:00,2054.0,2058.0,2039.0,2039.0,105800,0.0,0.0
2024-06-17 13:00:00+09:00,2039.0,2040.0,2012.0,2017.0,48800,0.0,0.0
2024-06-17 14:00:00+09:00,2018.0,2026.0,2007.0,2024.0,45500,0.0,0.0
2024-06-18 09:00:00+09:00,2050.0,2074.0,2046.0,2069.0,44300,0.0,0.0
2024-06-18 10:00:00+09:00,2068.0,2078.0,2058.0,2078.0,15900,0.0,0.0
2024-06-18 11:00:00+09:00,2075.0,2122.0,2074.0,2118.0,0,0.0,0.0
2024-06-18 12:00:00+09:00,2119.0,2150.0,2102.0,2143.0,182700,0.0,0.0
2024-06-18 13:00:00+09:00,2141.0,2141.0,2110.0,2111.0,54900,0.0,0.0
2024-06-18 14:00:00+09:00,2111.0,2113.0,2090.0,2104.0,84300,0.0,0.0
2024-06-19 09:00:00+09:00,2116.0,2140.0,2095.0,2095.0,38400,0.0,0.0
2024-06-19 10:00:00+09:00,2094.0,2096.0,2080.0,2085.0,18000,0.0,0.0
2024-06-19 11:00:00+09:00,2084.0,2086.0,2058.0,2070.0,0,0.0,0.0
2024-06-19 12:00:00+09:00,2061.0,2065.0,2036.0,2047.0,129600,0.0,0.0
2024-06-19 13:00:00+09:00,2048.0,2049.0,2027.0,2029.0,80200,0.0,0.0
2024-06-19 14:00:00+09:00,2029.0,2046.0,2022.0,2045.0,60400,0.0,0.0
2024-06-20 09:00:00+09:00,2048.0,2069.0,2047.0,2063.0,31600,0.0,0.0
2024-06-20 10:00:00+09:00,2065.0,2098.0,2057.0,2082.0,33500,0.0,0.0
2024-06-20 11:00:00+09:00,2082.0,2084.0,2077.0,2084.0,0,0.0,0.0
2024-06-20 12:00:00+09:00,2084.0,2088.0,2079.0,2079.0,82800,0.0,0.0
2024-06-20 13:00:00+09:00,2079.0,2108.0,2075.0,2097.0,25300,0.0,0.0
2024-06-20 14:00:00+09:00,2097.0,2107.0,2085.0,2099.0,39300,0.0,0.0
2024-06-21 09:00:00+09:00,2100.0,2115.0,2080.0,2094.0,30300,0.0,0.0
2024-06-21 10:00:00+09:00,2097.0,2098.0,2083.0,2088.0,16400,0.0,0.0
2024-06-21 11:00:00+09:00,2088.0,2088.0,2074.0,2083.0,0,0.0,0.0
2024-06-21 12:00:00+09:00,2075.0,2084.0,2062.0,2068.0,91300,0.0,0.0
2024-06-21 13:00:00+09:00,2068.0,2076.0,2061.0,2067.0,41400,0.0,0.0
2024-06-21 14:00:00+09:00,2067.0,2090.0,2062.0,2077.0,92600,0.0,0.0
2024-06-24 09:00:00+09:00,2084.0,2086.0,2052.0,2077.0,61800,0.0,0.0
2024-06-24 10:00:00+09:00,2075.0,2076.0,2042.0,2045.0,33700,0.0,0.0
2024-06-24 11:00:00+09:00,2044.0,2044.0,2015.0,2020.0,0,0.0,0.0
2024-06-24 12:00:00+09:00,2028.0,2036.0,2024.0,2030.0,194400,0.0,0.0
2024-06-24 13:00:00+09:00,2030.0,2035.0,2011.0,2012.0,70800,0.0,0.0
2024-06-24 14:00:00+09:00,2011.0,2022.0,2009.0,2017.0,106900,0.0,0.0
2024-06-25 09:00:00+09:00,1988.0,2016.0,1976.0,2000.0,74600,0.0,0.0
2024-06-25 10:00:00+09:00,2001.0,2018.0,1998.0,2006.0,42000,0.0,0.0
2024-06-25 11:00:00+09:00,2005.0,2006.0,1997.0,1998.0,0,0.0,0.0
2024-06-25 12:00:00+09:00,2001.0,2005.0,1995.0,1998.0,167900,0.0,0.0
2024-06-25 13:00:00+09:00,1997.0,2005.0,1996.0,2001.0,27800,0.0,0.0
2024-06-25 14:00:00+09:00,2002.0,2009.0,1982.0,2009.0,105700,0.0,0.0
2024-06-26 09:00:00+09:00,2013.0,2015.0,1995.0,2013.0,0,0.0,0.0
2024-06-26 10:00:00+09:00,2013.0,2041.0,2011.0,2041.0,88300,0.0,0.0
2024-06-26 11:00:00+09:00,2040.0,2045.0,2039.0,2045.0,0,0.0,0.0
2024-06-26 12:00:00+09:00,2046.0,2046.0,2033.0,2040.0,131900,0.0,0.0
2024-06-26 13:00:00+09:00,2041.0,2051.0,2037.0,2045.0,42700,0.0,0.0
2024-06-26 14:00:00+09:00,2044.0,2048.0,2042.0,2045.0,53800,0.0,0.0
2024-06-27 09:00:00+09:00,2012.0,2047.0,2004.0,2038.0,33700,0.0,0.0
2024-06-27 10:00:00+09:00,2040.0,2056.0,2032.0,2052.0,29500,0.0,0.0
2024-06-27 11:00:00+09:00,2052.0,2056.0,2049.0,2056.0,0,0.0,0.0
2024-06-27 12:00:00+09:00,2058.0,2058.0,2039.0,2039.0,100500,0.0,0.0
2024-06-27 13:00:00+09:00,2037.0,2044.0,2028.0,2029.0,50600,0.0,0.0
2024-06-27 14:00:00+09:00,2029.0,2032.0,2019.0,2025.0,39900,0.0,0.0
2024-06-28 09:00:00+09:00,2031.0,2037.0,1997.0,2017.0,69500,0.0,0.0
2024-06-28 10:00:00+09:00,2017.0,2027.0,2016.0,2022.0,13300,0.0,0.0
2024-06-28 11:00:00+09:00,2021.0,2028.0,2019.0,2027.0,0,0.0,0.0
2024-06-28 12:00:00+09:00,2029.0,2032.0,2009.0,2014.0,111700,0.0,0.0
2024-06-28 13:00:00+09:00,2014.0,2023.0,2010.0,2015.0,29300,0.0,0.0
2024-06-28 14:00:00+09:00,2015.0,2021.0,2010.0,2015.0,40200,0.0,0.0
2024-07-01 09:00:00+09:00,2039.0,2042.0,2012.0,2018.0,40500,0.0,0.0
2024-07-01 10:00:00+09:00,2019.0,2029.0,2006.0,2006.0,26400,0.0,0.0
2024-07-01 11:00:00+09:00,2005.0,2018.0,2004.0,2018.0,0,0.0,0.0
2024-07-01 12:00:00+09:00,2025.0,2027.0,2017.0,2024.0,104800,0.0,0.0
2024-07-01 13:00:00+09:00,2024.0,2024.0,2012.0,2016.0,31100,0.0,0.0
2024-07-01 14:00:00+09:00,2016.0,2016.0,2005.0,2008.0,38600,0.0,0.0
2024-07-02 09:00:00+09:00,2005.0,2020.0,1994.0,2000.0,44300,0.0,0.0
2024-07-02 10:00:00+09:00,2002.0,2022.0,2001.0,2015.0,31300,0.0,0.0
2024-07-02 11:00:00+09:00,2015.0,2016.0,2001.0,2002.0,0,0.0,0.0
2024-07-02 12:00:00+09:00,2002.0,2007.0,1999.0,2005.0,109900,0.0,0.0
2024-07-02 13:00:00+09:00,2005.0,2019.0,2004.0,2017.0,33700,0.0,0.0
2024-07-02 14:00:00+09:00,2016.0,2023.0,2014.0,2023.0,38300,0.0,0.0
2024-07-03 09:00:00+09:00,2027.0,2106.0,2025.0,2102.0,134000,0.0,0.0
2024-07-03 10:00:00+09:00,2103.0,2132.0,2103.0,2131.0,65600,0.0,0.0
2024-07-03 11:00:00+09:00,2131.0,2161.0,2129.0,2157.0,0,0.0,0.0
2024-07-03 12:00:00+09:00,2157.0,2159.0,2136.0,2150.0,279100,0.0,0.0
2024-07-03 13:00:00+09:00,2150.0,2157.0,2146.0,2146.0,48400,0.0,0.0
2024-07-03 14:00:00+09:00,2148.0,2163.0,2148.0,2151.0,85900,0.0,0.0
2024-07-04 09:00:00+09:00,2190.0,2225.0,2140.0,2152.0,180600,0.0,0.0
2024-07-04 10:00:00+09:00,2153.0,2193.0,2151.0,2162.0,64200,0.0,0.0
2024-07-04 11:00:00+09:00,2165.0,2177.0,2165.0,2177.0,0,0.0,0.0
2024-07-04 12:00:00+09:00,2178.0,2195.0,2173.0,2194.0,279300,0.0,0.0
2024-07-04 13:00:00+09:00,2194.0,2198.0,2174.0,2174.0,43200,0.0,0.0
2024-07-04 14:00:00+09:00,2174.0,2200.0,2174.0,2176.0,65700,0.0,0.0
2024-07-05 09:00:00+09:00,2155.0,2157.0,2115.0,2132.0,50400,0.0,0.0
2024-07-05 10:00:00+09:00,2134.0,2136.0,2115.0,2120.0,25000,0.0,0.0
2024-07-05 11:00:00+09:00,2120.0,2132.0,2120.0,2128.0,0,0.0,0.0
2024-07-05 12:00:00+09:00,2117.0,2118.0,2101.0,2104.0,123800,0.0,0.0
2024-07-05 13:00:00+09:00,2104.0,2107.0,2095.0,2102.0,25200,0.0,0.0
2024-07-05 14:00:00+09:00,2102.0,2109.0,2090.0,2101.0,53800,0.0,0.0
2024-07-08 09:00:00+09:00,2132.0,2200.0,2130.0,2177.0,199900,0.0,0.0
2024-07-08 10:00:00+09:00,2179.0,2185.0,2165.0,2172.0,34600,0.0,0.0
2024-07-08 11:00:00+09:00,2172.0,2172.0,2145.0,2159.0,0,0.0,0.0
2024-07-08 12:00:00+09:00,2157.0,2167.0,2152.0,2162.0,295600,0.0,0.0
2024-07-08 13:00:00+09:00,2162.0,2185.0,2160.0,2183.0,54400,0.0,0.0
2024-07-08 14:00:00+09:00,2181.0,2183.0,2162.0,2175.0,81600,0.0,0.0
2024-07-09 09:00:00+09:00,2191.0,2220.0,2173.0,2174.0,86700,0.0,0.0
2024-07-09 10:00:00+09:00,2173.0,2173.0,2157.0,2166.0,45400,0.0,0.0
2024-07-09 11:00:00+09:00,2167.0,2198.0,2167.0,2192.0,0,0.0,0.0
2024-07-09 12:00:00+09:00,2205.0,2221.0,2199.0,2201.0,207400,0.0,0.0
2024-07-09 13:00:00+09:00,2202.0,2211.0,2199.0,2207.0,48900,0.0,0.0
2024-07-09 14:00:00+09:00,2208.0,2212.0,2204.0,2212.0,59000,0.0,0.0
2024-07-10 09:00:00+09:00,2192.0,2232.0,2180.0,2228.0,46600,0.0,0.0
2024-07-10 10:00:00+09:00,2228.0,2245.0,2228.0,2229.0,53000,0.0,0.0
2024-07-10 11:00:00+09:00,2230.0,2245.0,2225.0,2231.0,0,0.0,0.0
2024-07-10 12:00:00+09:00,2231.0,2231.0,2188.0,2202.0,183900,0.0,0.0
2024-07-10 13:00:00+09:00,2200.0,2205.0,2182.0,2203.0,41200,0.0,0.0
2024-07-10 14:00:00+09:00,2203.0,2207.0,2198.0,2198.0,46800,0.0,0.0
2024-07-11 09:00:00+09:00,2203.0,2216.0,2181.0,2201.0,55800,0.0,0.0
2024-07-11 10:00:00+09:00,2201.0,2240.0,2182.0,2240.0,39300,0.0,0.0
2024-07-11 11:00:00+09:00,2238.0,2244.0,2226.0,2230.0,0,0.0,0.0
2024-07-11 12:00:00+09:00,2230.0,2234.0,2205.0,2213.0,136800,0.0,0.0
2024-07-11 13:00:00+09:00,2215.0,2215.0,2209.0,2215.0,12200,0.0,0.0
2024-07-11 14:00:00+09:00,2215.0,2215.0,2198.0,2198.0,43700,0.0,0.0
2024-07-12 09:00:00+09:00,2125.0,2169.0,2119.0,2123.0,186100,0.0,0.0
2024-07-12 10:00:00+09:00,2124.0,2136.0,2116.0,2127.0,83900,0.0,0.0
2024-07-12 11:00:00+09:00,2126.0,2138.0,2124.0,2136.0,0,0.0,0.0
2024-07-12 12:00:00+09:00,2130.0,2137.0,2123.0,2126.0,347000,0.0,0.0
2024-07-12 13:00:00+09:00,2126.0,2130.0,2121.0,2125.0,49600,0.0,0.0
2024-07-12 14:00:00+09:00,2125.0,2128.0,2117.0,2121.0,88800,0.0,0.0
2024-07-16 09:00:00+09:00,2123.0,2161.0,2118.0,2146.0,62300,0.0,0.0
2024-07-16 10:00:00+09:00,2145.0,2150.0,2135.0,2148.0,25800,0.0,0.0
2024-07-16 11:00:00+09:00,2150.0,2151.0,2142.0,2146.0,0,0.0,0.0
2024-07-16 12:00:00+09:00,2142.0,2159.0,2142.0,2159.0,132700,0.0,0.0
2024-07-16 13:00:00+09:00,2160.0,2185.0,2156.0,2184.0,46300,0.0,0.0
2024-07-16 14:00:00+09:00,2186.0,2189.0,2172.0,2183.0,0,0.0,0.0
2024-07-17 09:00:00+09:00,2197.0,2213.0,2168.0,2176.0,65800,0.0,0.0
2024-07-17 10:00:00+09:00,2175.0,2186.0,2175.0,2181.0,19600,0.0,0.0
2024-07-17 11:00:00+09:00,2179.0,2182.0,2165.0,2170.0,0,0.0,0.0
2024-07-17 12:00:00+09:00,2176.0,2184.0,2155.0,2160.0,153200,0.0,0.0
2024-07-17 13:00:00+09:00,2161.0,2165.0,2139.0,2144.0,59300,0.0,0.0
2024-07-17 14:00:00+09:00,2145.0,2157.0,2138.0,2152.0,47200,0.0,0.0
2024-07-18 09:00:00+09:00,2087.0,2087.0,2038.0,2062.0,210000,0.0,0.0
2024-07-18 10:00:00+09:00,2062.0,2066.0,2041.0,2065.0,47100,0.0,0.0
2024-07-18 11:00:00+09:00,2065.0,2068.0,2060.0,2066.0,0,0.0,0.0
2024-07-18 12:00:00+09:00,2070.0,2080.0,2048.0,2050.0,322200,0.0,0.0
2024-07-18 13:00:00+09:00,2050.0,2083.0,2046.0,2079.0,73300,0.0,0.0
2024-07-18 14:00:00+09:00,2076.0,2082.0,2046.0,2046.0,93900,0.0,0.0
2024-07-19 09:00:00+09:00,2038.0,2080.0,2032.0,2075.0,51500,0.0,0.0
2024-07-19 10:00:00+09:00,2075.0,2077.0,2068.0,2071.0,13500,0.0,0.0
2024-07-19 11:00:00+09:00,2071.0,2074.0,2057.0,2063.0,0,0.0,0.0
2024-07-19 12:00:00+09:00,2053.0,2062.0,2050.0,2058.0,94400,0.0,0.0
2024-07-19 13:00:00+09:00,2058.0,2065.0,2053.0,2064.0,16000,0.0,0.0
2024-07-19 14:00:00+09:00,2065.0,2066.0,2052.0,2054.0,29900,0.0,0.0
2024-07-22 09:00:00+09:00,2045.0,2070.0,2016.0,2021.0,69800,0.0,0.0
2024-07-22 10:00:00+09:00,2022.0,2041.0,2014.0,2029.0,27500,0.0,0.0
2024-07-22 11:00:00+09:00,2028.0,2037.0,2022.0,2027.0,0,0.0,0.0
2024-07-22 12:00:00+09:00,2028.0,2033.0,2026.0,2026.0,130900,0.0,0.0
2024-07-22 13:00:00+09:00,2024.0,2027.0,2019.0,2024.0,15100,0.0,0.0
2024-07-22 14:00:00+09:00,2024.0,2027.0,2017.0,2017.0,51600,0.0,0.0
2024-07-23 09:00:00+09:00,2055.0,2064.0,2020.0,2026.0,44700,0.0,0.0
2024-07-23 10:00:00+09:00,2025.0,2037.0,2011.0,2019.0,31800,0.0,0.0
2024-07-23 11:00:00+09:00,2022.0,2050.0,2022.0,2041.0,0,0.0,0.0
2024-07-23 12:00:00+09:00,2044.0,2050.0,2025.0,2027.0,155800,0.0,0.0
2024-07-23 13:00:00+09:00,2027.0,2041.0,2027.0,2036.0,30800,0.0,0.0
2024-07-23 14:00:00+09:00,2035.0,2043.0,2032.0,2040.0,43800,0.0,0.0
2024-07-24 09:00:00+09:00,2023.0,2037.0,2012.0,2021.0,45100,0.0,0.0
2024-07-24 10:00:00+09:00,2022.0,2038.0,2022.0,2030.0,13700,0.0,0.0
2024-07-24 11:00:00+09:00,2030.0,2030.0,2019.0,2022.0,0,0.0,0.0
2024-07-24 12:00:00+09:00,2015.0,2026.0,2008.0,2011.0,97000,0.0,0.0
2024-07-24 13:00:00+09:00,2010.0,2014.0,1995.0,1998.0,69400,0.0,0.0
2024-07-24 14:00:00+09:00,1998.0,1998.0,1983.0,1989.0,60400,0.0,0.0
2024-07-25 09:00:00+09:00,1932.0,1954.0,1890.0,1921.0,175100,0.0,0.0
2024-07-25 10:00:00+09:00,1920.0,1927.0,1900.0,1914.0,42800,0.0,0.0
2024-07-25 11:00:00+09:00,1915.0,1921.0,1901.0,1918.0,0,0.0,0.0
2024-07-25 12:00:00+09:00,1910.0,1921.0,1900.0,1906.0,292400,0.0,0.0
2024-07-25 13:00:00+09:00,1906.0,1929.0,1906.0,1910.0,32600,0.0,0.0
2024-07-25 14:00:00+09:00,1909.0,1912.0,1892.0,1893.0,38800,0.0,0.0
2024-07-26 09:00:00+09:00,1900.0,1921.0,1880.0,1892.0,70100,0.0,0.0
2024-07-26 10:00:00+09:00,1896.0,1911.0,1887.0,1903.0,27600,0.0,0.0
2024-07-26 11:00:00+09:00,1901.0,1918.0,1900.0,1917.0,0,0.0,0.0
2024-07-26 12:00:00+09:00,1921.0,1929.0,1910.0,1916.0,143500,0.0,0.0
2024-07-26 13:00:00+09:00,1916.0,1921.0,1910.0,1916.0,18800,0.0,0.0
2024-07-26 14:00:00+09:00,1917.0,1919.0,1881.0,1882.0,47900,0.0,0.0
