Datetime,Open,High,Low,Close,Volume,Dividends,Stock Splits
2022-07-28 09:00:00+09:00,19280.0,19380.0,19015.0,19025.0,140400,0.0,0.0
2022-07-28 10:00:00+09:00,19030.0,19035.0,18855.0,18905.0,54300,0.0,0.0
2022-07-28 11:00:00+09:00,18900.0,18935.0,18860.0,18920.0,0,0.0,0.0
2022-07-28 12:00:00+09:00,18895.0,18990.0,18885.0,18945.0,246000,0.0,0.0
2022-07-28 13:00:00+09:00,18940.0,18955.0,18870.0,18880.0,39300,0.0,0.0
2022-07-28 14:00:00+09:00,18880.0,18935.0,18830.0,18935.0,88500,0.0,0.0
2022-07-29 09:00:00+09:00,18655.0,18820.0,18535.0,18570.0,323900,0.0,0.0
2022-07-29 10:00:00+09:00,18565.0,18655.0,18405.0,18435.0,171000,0.0,0.0
2022-07-29 11:00:00+09:00,18435.0,18460.0,18355.0,18460.0,0,0.0,0.0
2022-07-29 12:00:00+09:00,18435.0,18465.0,18360.0,18365.0,620800,0.0,0.0
2022-07-29 13:00:00+09:00,18360.0,18420.0,18310.0,18420.0,86700,0.0,0.0
2022-07-29 14:00:00+09:00,18425.0,18545.0,18400.0,18515.0,133500,0.0,0.0
2022-08-01 09:00:00+09:00,16915.0,17180.0,16705.0,17155.0,555400,0.0,0.0
2022-08-01 10:00:00+09:00,17155.0,17190.0,17020.0,17125.0,195600,0.0,0.0
2022-08-01 11:00:00+09:00,17125.0,17145.0,16970.0,17135.0,0,0.0,0.0
2022-08-01 12:00:00+09:00,17175.0,17175.0,17090.0,17145.0,957600,0.0,0.0
2022-08-01 13:00:00+09:00,17140.0,17325.0,17135.0,17290.0,134100,0.0,0.0
2022-08-01 14:00:00+09:00,17290.0,17350.0,17240.0,17285.0,202700,0.0,0.0
2022-08-02 09:00:00+09:00,17370.0,17470.0,17090.0,17095.0,246500,0.0,0.0
2022-08-02 10:00:00+09:00,17085.0,17120.0,16980.0,17085.0,137600,0.0,0.0
2022-08-02 11:00:00+09:00,17095.0,17195.0,17075.0,17135.0,0,0.0,0.0
2022-08-02 12:00:00+09:00,17145.0,17210.0,17090.0,17095.0,508700,0.0,0.0
2022-08-02 13:00:00+09:00,17095.0,17135.0,17050.0,17095.0,78600,0.0,0.0
2022-08-02 14:00:00+09:00,17095.0,17105.0,17030.0,17030.0,140800,0.0,0.0
2022-08-03 09:00:00+09:00,17140.0,17470.0,17130.0,17460.0,275200,0.0,0.0
2022-08-03 10:00:00+09:00,17460.0,17620.0,17395.0,17480.0,111200,0.0,0.0
2022-08-03 11:00:00+09:00,17475.0,17515.0,17415.0,17435.0,0,0.0,0.0
2022-08-03 12:00:00+09:00,17410.0,17485.0,17410.0,17450.0,482000,0.0,0.0
2022-08-03 13:00:00+09:00,17445.0,17445.0,17365.0,17385.0,72100,0.0,0.0
2022-08-03 14:00:00+09:00,17385.0,17470.0,17385.0,17445.0,106200,0.0,0.0
2022-08-04 09:00:00+09:00,17590.0,17605.0,17400.0,17470.0,144000,0.0,0.0
2022-08-04 10:00:00+09:00,17470.0,17585.0,17465.0,17540.0,66300,0.0,0.0
2022-08-04 11:00:00+09:00,17550.0,17565.0,17490.0,17490.0,0,0.0,0.0
2022-08-04 12:00:00+09:00,17480.0,17540.0,17455.0,17490.0,283500,0.0,0.0
2022-08-04 13:00:00+09:00,17495.0,17505.0,17430.0,17440.0,57900,0.0,0.0
2022-08-04 14:00:00+09:00,17440.0,17450.0,17380.0,17390.0,115100,0.0,0.0
2022-08-05 09:00:00+09:00,17350.0,17560.0,17330.0,17480.0,111500,0.0,0.0
2022-08-05 10:00:00+09:00,17465.0,17580.0,17435.0,17545.0,48300,0.0,0.0
2022-08-05 11:00:00+09:00,17560.0,17600.0,17550.0,17565.0,0,0.0,0.0
2022-08-05 12:00:00+09:00,17600.0,17715.0,17575.0,17680.0,238700,0.0,0.0
2022-08-05 13:00:00+09:00,17685.0,17715.0,17645.0,17680.0,45000,0.0,0.0
2022-08-05 14:00:00+09:00,17675.0,17715.0,17665.0,17710.0,87500,0.0,0.0
2022-08-08 09:00:00+09:00,17565.0,17750.0,17480.0,17635.0,120800,0.0,0.0
2022-08-08 10:00:00+09:00,17630.0,17685.0,17550.0,17685.0,62000,0.0,0.0
2022-08-08 11:00:00+09:00,17685.0,17690.0,17650.0,17665.0,0,0.0,0.0
2022-08-08 12:00:00+09:00,17665.0,17700.0,17645.0,17670.0,222600,0.0,0.0
2022-08-08 13:00:00+09:00,17665.0,17710.0,17650.0,17705.0,27100,0.0,0.0
2022-08-08 14:00:00+09:00,17710.0,17780.0,17710.0,17770.0,60400,0.0,0.0
2022-08-09 09:00:00+09:00,17870.0,17995.0,17815.0,17960.0,111200,0.0,0.0
2022-08-09 10:00:00+09:00,17965.0,17980.0,17840.0,17845.0,53500,0.0,0.0
2022-08-09 11:00:00+09:00,17840.0,17890.0,17810.0,17840.0,0,0.0,0.0
2022-08-09 12:00:00+09:00,17840.0,17870.0,17815.0,17815.0,212000,0.0,0.0
2022-08-09 13:00:00+09:00,17820.0,17875.0,17795.0,17865.0,32700,0.0,0.0
2022-08-09 14:00:00+09:00,17865.0,17870.0,17780.0,17815.0,64700,0.0,0.0
2022-08-10 09:00:00+09:00,17340.0,17395.0,17130.0,17250.0,206300,0.0,0.0
2022-08-10 10:00:00+09:00,17250.0,17305.0,17190.0,17190.0,101400,0.0,0.0
2022-08-10 11:00:00+09:00,17190.0,17215.0,17170.0,17195.0,0,0.0,0.0
2022-08-10 12:00:00+09:00,17190.0,17215.0,17165.0,17165.0,399700,0.0,0.0
2022-08-10 13:00:00+09:00,17170.0,17195.0,17140.0,17160.0,59400,0.0,0.0
2022-08-10 14:00:00+09:00,17155.0,17155.0,17080.0,17155.0,146000,0.0,0.0
2022-08-12 09:00:00+09:00,17200.0,17255.0,17125.0,17195.0,406000,0.0,0.0
2022-08-12 10:00:00+09:00,17195.0,17280.0,17165.0,17180.0,204500,0.0,0.0
2022-08-12 11:00:00+09:00,17180.0,17200.0,17120.0,17175.0,0,0.0,0.0
2022-08-12 12:00:00+09:00,17185.0,17200.0,17150.0,17180.0,767900,0.0,0.0
2022-08-12 13:00:00+09:00,17180.0,17185.0,17095.0,17170.0,122800,0.0,0.0
2022-08-12 14:00:00+09:00,17165.0,17195.0,17110.0,17160.0,217400,0.0,0.0
2022-08-15 09:00:00+09:00,17000.0,17035.0,16770.0,16935.0,452200,0.0,0.0
2022-08-15 10:00:00+09:00,16940.0,17060.0,16935.0,16990.0,211300,0.0,0.0
2022-08-15 11:00:00+09:00,16990.0,17005.0,16980.0,17000.0,0,0.0,0.0
2022-08-15 12:00:00+09:00,17000.0,17050.0,16985.0,17035.0,869400,0.0,0.0
2022-08-15 13:00:00+09:00,17040.0,17040.0,16990.0,17000.0,108100,0.0,0.0
2022-08-15 14:00:00+09:00,17000.0,17005.0,16985.0,17000.0,138800,0.0,0.0
2022-08-16 09:00:00+09:00,17000.0,17020.0,16855.0,16990.0,252700,0.0,0.0
2022-08-16 10:00:00+09:00,16985.0,17000.0,16935.0,16995.0,85000,0.0,0.0
2022-08-16 11:00:00+09:00,16990.0,17005.0,16980.0,16985.0,0,0.0,0.0
2022-08-16 12:00:00+09:00,16990.0,17010.0,16950.0,16975.0,415500,0.0,0.0
2022-08-16 13:00:00+09:00,16975.0,17010.0,16960.0,16995.0,74500,0.0,0.0
2022-08-16 14:00:00+09:00,17000.0,17005.0,16975.0,16985.0,121000,0.0,0.0
2022-08-17 09:00:00+09:00,16950.0,17005.0,16870.0,16980.0,153700,0.0,0.0
2022-08-17 10:00:00+09:00,16980.0,17010.0,16960.0,16990.0,107700,0.0,0.0
2022-08-17 11:00:00+09:00,16995.0,17000.0,16960.0,17000.0,0,0.0,0.0
2022-08-17 12:00:00+09:00,17000.0,17005.0,16985.0,16995.0,362100,0.0,0.0
2022-08-17 13:00:00+09:00,17000.0,17005.0,16990.0,16995.0,66900,0.0,0.0
2022-08-17 14:00:00+09:00,17000.0,17030.0,16970.0,16980.0,152200,0.0,0.0
2022-08-18 09:00:00+09:00,16980.0,17020.0,16820.0,16910.0,273400,0.0,0.0
2022-08-18 10:00:00+09:00,16905.0,17010.0,16900.0,16975.0,95100,0.0,0.0
2022-08-18 11:00:00+09:00,16975.0,17015.0,16965.0,16970.0,0,0.0,0.0
2022-08-18 12:00:00+09:00,16975.0,16990.0,16965.0,16975.0,471100,0.0,0.0
2022-08-18 13:00:00+09:00,16975.0,16985.0,16935.0,16950.0,42400,0.0,0.0
2022-08-18 14:00:00+09:00,16945.0,16965.0,16915.0,16935.0,75800,0.0,0.0
2022-08-19 09:00:00+09:00,16935.0,17000.0,16920.0,16970.0,173200,0.0,0.0
2022-08-19 10:00:00+09:00,16965.0,16980.0,16860.0,16980.0,79600,0.0,0.0
2022-08-19 11:00:00+09:00,16970.0,17000.0,16960.0,16975.0,0,0.0,0.0
2022-08-19 12:00:00+09:00,16975.0,16980.0,16955.0,16960.0,335200,0.0,0.0
2022-08-19 13:00:00+09:00,16955.0,16990.0,16955.0,16970.0,45300,0.0,0.0
2022-08-19 14:00:00+09:00,16970.0,16995.0,16970.0,16985.0,79600,0.0,0.0
2022-08-22 09:00:00+09:00,16930.0,16955.0,16885.0,16935.0,103500,0.0,0.0
2022-08-22 10:00:00+09:00,16925.0,16970.0,16915.0,16940.0,44100,0.0,0.0
2022-08-22 11:00:00+09:00,16945.0,16955.0,16935.0,16935.0,0,0.0,0.0
2022-08-22 12:00:00+09:00,16950.0,16955.0,16925.0,16935.0,215000,0.0,0.0
2022-08-22 13:00:00+09:00,16935.0,16955.0,16935.0,16950.0,27800,0.0,0.0
2022-08-22 14:00:00+09:00,16950.0,16990.0,16940.0,16990.0,70100,0.0,0.0
2022-08-23 09:00:00+09:00,16925.0,16935.0,16810.0,16815.0,178300,0.0,0.0
2022-08-23 10:00:00+09:00,16810.0,16925.0,16790.0,16890.0,117800,0.0,0.0
2022-08-23 11:00:00+09:00,16905.0,16920.0,16895.0,16920.0,0,0.0,0.0
2022-08-23 12:00:00+09:00,16925.0,16950.0,16910.0,16915.0,398700,0.0,0.0
2022-08-23 13:00:00+09:00,16915.0,16940.0,16910.0,16925.0,50200,0.0,0.0
2022-08-23 14:00:00+09:00,16925.0,16975.0,16920.0,16935.0,138800,0.0,0.0
2022-08-24 09:00:00+09:00,16950.0,16995.0,16820.0,16895.0,218000,0.0,0.0
2022-08-24 10:00:00+09:00,16900.0,16905.0,16745.0,16785.0,80200,0.0,0.0
2022-08-24 11:00:00+09:00,16790.0,16795.0,16740.0,16775.0,0,0.0,0.0
2022-08-24 12:00:00+09:00,16775.0,16775.0,16645.0,16660.0,390800,0.0,0.0
2022-08-24 13:00:00+09:00,16650.0,16700.0,16620.0,16695.0,52300,0.0,0.0
2022-08-24 14:00:00+09:00,16685.0,16700.0,16625.0,16625.0,108600,0.0,0.0
2022-08-25 09:00:00+09:00,16740.0,16865.0,16645.0,16845.0,140100,0.0,0.0
2022-08-25 10:00:00+09:00,16845.0,16860.0,16780.0,16855.0,51500,0.0,0.0
2022-08-25 11:00:00+09:00,16850.0,16905.0,16850.0,16900.0,0,0.0,0.0
2022-08-25 12:00:00+09:00,16930.0,16945.0,16875.0,16915.0,277700,0.0,0.0
2022-08-25 13:00:00+09:00,16920.0,16980.0,16910.0,16980.0,61300,0.0,0.0
2022-08-25 14:00:00+09:00,16980.0,17110.0,16980.0,17095.0,184600,0.0,0.0
2022-08-26 09:00:00+09:00,17080.0,17100.0,16965.0,16985.0,133100,0.0,0.0
2022-08-26 10:00:00+09:00,16990.0,17010.0,16940.0,17010.0,40300,0.0,0.0
2022-08-26 11:00:00+09:00,17000.0,17015.0,17000.0,17015.0,0,0.0,0.0
2022-08-26 12:00:00+09:00,17000.0,17005.0,16970.0,16975.0,217700,0.0,0.0
2022-08-26 13:00:00+09:00,16975.0,16975.0,16860.0,16870.0,51500,0.0,0.0
2022-08-26 14:00:00+09:00,16870.0,16885.0,16800.0,16800.0,95600,0.0,0.0
2022-08-29 09:00:00+09:00,16290.0,16365.0,16225.0,16270.0,176700,0.0,0.0
2022-08-29 10:00:00+09:00,16270.0,16285.0,16210.0,16255.0,68300,0.0,0.0
2022-08-29 11:00:00+09:00,16250.0,16280.0,16245.0,16280.0,0,0.0,0.0
2022-08-29 12:00:00+09:00,16295.0,16330.0,16270.0,16330.0,303600,0.0,0.0
2022-08-29 13:00:00+09:00,16330.0,16380.0,16325.0,16335.0,38100,0.0,0.0
2022-08-29 14:00:00+09:00,16335.0,16360.0,16280.0,16290.0,79600,0.0,0.0
2022-08-30 09:00:00+09:00,16425.0,16730.0,16370.0,16705.0,143000,0.0,0.0
2022-08-30 10:00:00+09:00,16720.0,16740.0,16670.0,16690.0,54600,0.0,0.0
2022-08-30 11:00:00+09:00,16695.0,16740.0,16680.0,16710.0,0,0.0,0.0
2022-08-30 12:00:00+09:00,16715.0,16755.0,16705.0,16720.0,263700,0.0,0.0
2022-08-30 13:00:00+09:00,16720.0,16770.0,16690.0,16740.0,68000,0.0,0.0
2022-08-30 14:00:00+09:00,16740.0,16765.0,16725.0,16740.0,98700,0.0,0.0
2022-08-31 09:00:00+09:00,16500.0,16660.0,16495.0,16570.0,101000,0.0,0.0
2022-08-31 10:00:00+09:00,16570.0,16590.0,16505.0,16520.0,41200,0.0,0.0
2022-08-31 11:00:00+09:00,16520.0,16585.0,16520.0,16555.0,0,0.0,0.0
2022-08-31 12:00:00+09:00,16610.0,16625.0,16595.0,16620.0,194800,0.0,0.0
2022-08-31 13:00:00+09:00,16615.0,16615.0,16545.0,16595.0,41000,0.0,0.0
2022-08-31 14:00:00+09:00,16600.0,16610.0,16530.0,16565.0,113200,0.0,0.0
2022-09-01 09:00:00+09:00,16200.0,16300.0,16130.0,16165.0,247900,0.0,0.0
2022-09-01 10:00:00+09:00,16170.0,16230.0,16160.0,16205.0,80800,0.0,0.0
2022-09-01 11:00:00+09:00,16210.0,16230.0,16200.0,16230.0,0,0.0,0.0
2022-09-01 12:00:00+09:00,16225.0,16240.0,16190.0,16205.0,410600,0.0,0.0
2022-09-01 13:00:00+09:00,16210.0,16210.0,16155.0,16170.0,54300,0.0,0.0
2022-09-01 14:00:00+09:00,16170.0,16190.0,16135.0,16170.0,138200,0.0,0.0
2022-09-02 09:00:00+09:00,16160.0,16190.0,15950.0,15990.0,218300,0.0,0.0
2022-09-02 10:00:00+09:00,15985.0,16065.0,15970.0,16065.0,76400,0.0,0.0
2022-09-02 11:00:00+09:00,16065.0,16065.0,16010.0,16010.0,0,0.0,0.0
2022-09-02 12:00:00+09:00,16045.0,16060.0,16025.0,16060.0,353600,0.0,0.0
2022-09-02 13:00:00+09:00,16060.0,16080.0,16035.0,16045.0,0,0.0,0.0
2022-09-02 14:00:00+09:00,16050.0,16065.0,16025.0,16065.0,482800,0.0,0.0
2022-09-05 09:00:00+09:00,16050.0,16350.0,16045.0,16335.0,167200,0.0,0.0
2022-09-05 10:00:00+09:00,16330.0,16360.0,16245.0,16280.0,66400,0.0,0.0
2022-09-05 11:00:00+09:00,16280.0,16295.0,16240.0,16255.0,0,0.0,0.0
2022-09-05 12:00:00+09:00,16280.0,16290.0,16230.0,16240.0,293700,0.0,0.0
2022-09-05 13:00:00+09:00,16240.0,16320.0,16235.0,16290.0,53100,0.0,0.0
2022-09-05 14:00:00+09:00,16285.0,16300.0,16260.0,16280.0,94700,0.0,0.0
2022-09-06 09:00:00+09:00,16240.0,16325.0,16055.0,16310.0,133900,0.0,0.0
2022-09-06 10:00:00+09:00,16305.0,16305.0,16225.0,16235.0,54600,0.0,0.0
2022-09-06 11:00:00+09:00,16225.0,16250.0,16180.0,16210.0,0,0.0,0.0
2022-09-06 12:00:00+09:00,16225.0,16225.0,16185.0,16195.0,242700,0.0,0.0
2022-09-06 13:00:00+09:00,16195.0,16200.0,16145.0,16155.0,30300,0.0,0.0
2022-09-06 14:00:00+09:00,16155.0,16180.0,16105.0,16115.0,81500,0.0,0.0
2022-09-07 09:00:00+09:00,15945.0,16025.0,15885.0,15950.0,199100,0.0,0.0
2022-09-07 10:00:00+09:00,15945.0,16005.0,15860.0,15955.0,78300,0.0,0.0
2022-09-07 11:00:00+09:00,15955.0,15975.0,15935.0,15975.0,0,0.0,0.0
2022-09-07 12:00:00+09:00,15980.0,15995.0,15935.0,15995.0,346600,0.0,0.0
2022-09-07 13:00:00+09:00,15995.0,16055.0,15985.0,16040.0,53300,0.0,0.0
2022-09-07 14:00:00+09:00,16040.0,16070.0,16010.0,16060.0,111500,0.0,0.0
2022-09-08 09:00:00+09:00,16375.0,16590.0,16310.0,16505.0,236700,0.0,0.0
2022-09-08 10:00:00+09:00,16500.0,16520.0,16445.0,16475.0,64100,0.0,0.0
2022-09-08 11:00:00+09:00,16480.0,16505.0,16455.0,16475.0,0,0.0,0.0
2022-09-08 12:00:00+09:00,16505.0,16505.0,16455.0,16470.0,388500,0.0,0.0
2022-09-08 13:00:00+09:00,16460.0,16470.0,16440.0,16445.0,62600,0.0,0.0
2022-09-08 14:00:00+09:00,16450.0,16520.0,16445.0,16500.0,150300,0.0,0.0
2022-09-09 09:00:00+09:00,16425.0,16595.0,16385.0,16485.0,382600,0.0,0.0
2022-09-09 10:00:00+09:00,16480.0,16530.0,16380.0,16385.0,55600,0.0,0.0
2022-09-09 11:00:00+09:00,16380.0,16445.0,16380.0,16445.0,0,0.0,0.0
2022-09-09 12:00:00+09:00,16445.0,16520.0,16420.0,16485.0,522600,0.0,0.0
2022-09-09 13:00:00+09:00,16480.0,16545.0,16465.0,16525.0,53200,0.0,0.0
2022-09-09 14:00:00+09:00,16525.0,16530.0,16485.0,16505.0,85300,0.0,0.0
2022-09-12 09:00:00+09:00,16770.0,16770.0,16605.0,16610.0,107600,0.0,0.0
2022-09-12 10:00:00+09:00,16605.0,16615.0,16540.0,16595.0,37500,0.0,0.0
2022-09-12 11:00:00+09:00,16600.0,16620.0,16590.0,16610.0,0,0.0,0.0
2022-09-12 12:00:00+09:00,16615.0,16640.0,16595.0,16635.0,189300,0.0,0.0
2022-09-12 13:00:00+09:00,16640.0,16680.0,16605.0,16650.0,59100,0.0,0.0
2022-09-12 14:00:00+09:00,16655.0,16680.0,16640.0,16650.0,86000,0.0,0.0
2022-09-13 09:00:00+09:00,16700.0,16710.0,16645.0,16685.0,63500,0.0,0.0
2022-09-13 10:00:00+09:00,16685.0,16750.0,16675.0,16715.0,56800,0.0,0.0
2022-09-13 11:00:00+09:00,16715.0,16715.0,16675.0,16690.0,0,0.0,0.0
2022-09-13 12:00:00+09:00,16695.0,16705.0,16620.0,16630.0,162900,0.0,0.0
2022-09-13 13:00:00+09:00,16640.0,16670.0,16620.0,16665.0,16200,0.0,0.0
2022-09-13 14:00:00+09:00,16660.0,16670.0,16620.0,16650.0,41600,0.0,0.0
2022-09-14 09:00:00+09:00,16065.0,16270.0,16060.0,16270.0,149000,0.0,0.0
2022-09-14 10:00:00+09:00,16270.0,16315.0,16200.0,16245.0,55500,0.0,0.0
2022-09-14 11:00:00+09:00,16240.0,16300.0,16240.0,16285.0,0,0.0,0.0
2022-09-14 12:00:00+09:00,16285.0,16305.0,16275.0,16300.0,258300,0.0,0.0
2022-09-14 13:00:00+09:00,16305.0,16305.0,16240.0,16285.0,49100,0.0,0.0
2022-09-14 14:00:00+09:00,16280.0,16325.0,16265.0,16280.0,80900,0.0,0.0
2022-09-15 09:00:00+09:00,16315.0,16365.0,16245.0,16350.0,86000,0.0,0.0
2022-09-15 10:00:00+09:00,16345.0,16400.0,16310.0,16385.0,33700,0.0,0.0
2022-09-15 11:00:00+09:00,16390.0,16395.0,16375.0,16395.0,0,0.0,0.0
2022-09-15 12:00:00+09:00,16400.0,16400.0,16310.0,16315.0,150200,0.0,0.0
2022-09-15 13:00:00+09:00,16310.0,16310.0,16280.0,16300.0,24400,0.0,0.0
2022-09-15 14:00:00+09:00,16300.0,16310.0,16285.0,16295.0,64800,0.0,0.0
2022-09-16 09:00:00+09:00,16010.0,16050.0,15960.0,16000.0,123900,0.0,0.0
2022-09-16 10:00:00+09:00,15995.0,16015.0,15945.0,15960.0,49800,0.0,0.0
2022-09-16 11:00:00+09:00,15965.0,16005.0,15960.0,16000.0,0,0.0,0.0
2022-09-16 12:00:00+09:00,15980.0,16000.0,15955.0,15965.0,222800,0.0,0.0
2022-09-16 13:00:00+09:00,15965.0,15975.0,15920.0,15965.0,43900,0.0,0.0
2022-09-16 14:00:00+09:00,15970.0,15975.0,15910.0,15910.0,98400,0.0,0.0
2022-09-20 09:00:00+09:00,16240.0,16380.0,16080.0,16215.0,240900,0.0,0.0
2022-09-20 10:00:00+09:00,16215.0,16215.0,15990.0,16025.0,67000,0.0,0.0
2022-09-20 11:00:00+09:00,16025.0,16045.0,16000.0,16020.0,0,0.0,0.0
2022-09-20 12:00:00+09:00,16000.0,16025.0,15995.0,16015.0,371600,0.0,0.0
2022-09-20 13:00:00+09:00,16020.0,16030.0,15990.0,16025.0,48700,0.0,0.0
2022-09-20 14:00:00+09:00,16025.0,16060.0,16010.0,16040.0,116600,0.0,0.0
2022-09-21 09:00:00+09:00,15965.0,16000.0,15905.0,15950.0,117500,0.0,0.0
2022-09-21 10:00:00+09:00,15945.0,15965.0,15835.0,15845.0,74100,0.0,0.0
2022-09-21 11:00:00+09:00,15845.0,15865.0,15795.0,15800.0,0,0.0,0.0
2022-09-21 12:00:00+09:00,15800.0,15815.0,15770.0,15780.0,258000,0.0,0.0
2022-09-21 13:00:00+09:00,15780.0,15830.0,15735.0,15830.0,55100,0.0,0.0
2022-09-21 14:00:00+09:00,15830.0,15880.0,15810.0,15825.0,78500,0.0,0.0
2022-09-22 09:00:00+09:00,15625.0,15730.0,15535.0,15705.0,132400,0.0,0.0
2022-09-22 10:00:00+09:00,15700.0,15745.0,15640.0,15745.0,59700,0.0,0.0
2022-09-22 11:00:00+09:00,15750.0,15770.0,15735.0,15745.0,0,0.0,0.0
2022-09-22 12:00:00+09:00,15750.0,15810.0,15750.0,15785.0,262500,0.0,0.0
2022-09-22 13:00:00+09:00,15785.0,15830.0,15780.0,15785.0,48700,0.0,0.0
2022-09-22 14:00:00+09:00,15785.0,15805.0,15730.0,15755.0,93700,0.0,0.0
2022-09-26 09:00:00+09:00,15380.0,15565.0,15380.0,15515.0,173600,0.0,0.0
2022-09-26 10:00:00+09:00,15515.0,15545.0,15450.0,15480.0,70400,0.0,0.0
2022-09-26 11:00:00+09:00,15475.0,15525.0,15470.0,15510.0,0,0.0,0.0
2022-09-26 12:00:00+09:00,15450.0,15480.0,15440.0,15440.0,319400,0.0,0.0
2022-09-26 13:00:00+09:00,15440.0,15440.0,15355.0,15370.0,95200,0.0,0.0
2022-09-26 14:00:00+09:00,15360.0,15385.0,15320.0,15330.0,140800,0.0,0.0
2022-09-27 09:00:00+09:00,15560.0,15605.0,15355.0,15455.0,169100,0.0,0.0
2022-09-27 10:00:00+09:00,15455.0,15590.0,15455.0,15540.0,53900,0.0,0.0
2022-09-27 11:00:00+09:00,15540.0,15565.0,15525.0,15565.0,0,0.0,0.0
2022-09-27 12:00:00+09:00,15545.0,15550.0,15430.0,15430.0,279600,0.0,0.0
2022-09-27 13:00:00+09:00,15440.0,15480.0,15425.0,15425.0,40500,0.0,0.0
2022-09-27 14:00:00+09:00,15430.0,15485.0,15410.0,15485.0,110900,0.0,0.0
2022-09-28 09:00:00+09:00,15390.0,15825.0,15355.0,15680.0,228900,0.0,0.0
2022-09-28 10:00:00+09:00,15680.0,15715.0,15470.0,15505.0,79800,0.0,0.0
2022-09-28 11:00:00+09:00,15515.0,15515.0,15410.0,15475.0,0,0.0,0.0
2022-09-28 12:00:00+09:00,15460.0,15545.0,15460.0,15540.0,395300,0.0,0.0
2022-09-28 13:00:00+09:00,15545.0,15560.0,15485.0,15525.0,58300,0.0,0.0
2022-09-28 14:00:00+09:00,15520.0,15630.0,15495.0,15615.0,115500,0.0,0.0
2022-09-29 09:00:00+09:00,15810.0,15890.0,15600.0,15620.0,202800,0.0,0.0
2022-09-29 10:00:00+09:00,15615.0,15750.0,15610.0,15685.0,58200,0.0,0.0
2022-09-29 11:00:00+09:00,15695.0,15735.0,15660.0,15680.0,0,0.0,0.0
2022-09-29 12:00:00+09:00,15665.0,15715.0,15655.0,15710.0,333400,0.0,0.0
2022-09-29 13:00:00+09:00,15715.0,15840.0,15700.0,15830.0,67000,0.0,0.0
2022-09-29 14:00:00+09:00,15835.0,15860.0,15760.0,15820.0,138400,0.0,0.0
2022-09-30 09:00:00+09:00,15740.0,16035.0,15740.0,15985.0,184900,0.0,0.0
2022-09-30 10:00:00+09:00,15995.0,15995.0,15795.0,15830.0,75100,0.0,0.0
2022-09-30 11:00:00+09:00,15825.0,15835.0,15760.0,15835.0,0,0.0,0.0
2022-09-30 12:00:00+09:00,15795.0,15870.0,15770.0,15855.0,349400,0.0,0.0
2022-09-30 13:00:00+09:00,15855.0,15875.0,15795.0,15875.0,64700,0.0,0.0
2022-09-30 14:00:00+09:00,15875.0,15895.0,15790.0,15790.0,170300,0.0,0.0
2022-10-03 09:00:00+09:00,15785.0,15900.0,15635.0,15660.0,146300,0.0,0.0
2022-10-03 10:00:00+09:00,15665.0,15980.0,15655.0,15945.0,81100,0.0,0.0
2022-10-03 11:00:00+09:00,15960.0,15960.0,15860.0,15870.0,0,0.0,0.0
2022-10-03 12:00:00+09:00,15875.0,15875.0,15775.0,15790.0,280500,0.0,0.0
2022-10-03 13:00:00+09:00,15800.0,15800.0,15715.0,15790.0,39400,0.0,0.0
2022-10-03 14:00:00+09:00,15795.0,15845.0,15730.0,15845.0,94400,0.0,0.0
2022-10-04 09:00:00+09:00,16155.0,16405.0,16120.0,16395.0,178900,0.0,0.0
2022-10-04 10:00:00+09:00,16395.0,16425.0,16365.0,16375.0,54600,0.0,0.0
2022-10-04 11:00:00+09:00,16375.0,16380.0,16300.0,16315.0,0,0.0,0.0
2022-10-04 12:00:00+09:00,16345.0,16375.0,16320.0,16365.0,300200,0.0,0.0
2022-10-04 13:00:00+09:00,16365.0,16480.0,16360.0,16445.0,70600,0.0,0.0
2022-10-04 14:00:00+09:00,16445.0,16455.0,16420.0,16440.0,102200,0.0,0.0
2022-10-05 09:00:00+09:00,16600.0,16780.0,16515.0,16600.0,183000,0.0,0.0
2022-10-05 10:00:00+09:00,16595.0,16600.0,16475.0,16515.0,54100,0.0,0.0
2022-10-05 11:00:00+09:00,16520.0,16530.0,16470.0,16505.0,0,0.0,0.0
2022-10-05 12:00:00+09:00,16490.0,16490.0,16405.0,16440.0,315200,0.0,0.0
2022-10-05 13:00:00+09:00,16440.0,16460.0,16405.0,16425.0,53700,0.0,0.0
2022-10-05 14:00:00+09:00,16425.0,16480.0,16405.0,16415.0,108100,0.0,0.0
2022-10-06 09:00:00+09:00,16435.0,16505.0,16385.0,16475.0,207200,0.0,0.0
2022-10-06 10:00:00+09:00,16475.0,16505.0,16445.0,16465.0,104600,0.0,0.0
2022-10-06 11:00:00+09:00,16470.0,16500.0,16460.0,16460.0,0,0.0,0.0
2022-10-06 12:00:00+09:00,16470.0,16490.0,16445.0,16455.0,377800,0.0,0.0
2022-10-06 13:00:00+09:00,16455.0,16480.0,16420.0,16445.0,45100,0.0,0.0
2022-10-06 14:00:00+09:00,16445.0,16470.0,16400.0,16430.0,59200,0.0,0.0
2022-10-07 09:00:00+09:00,16120.0,16160.0,16045.0,16160.0,152000,0.0,0.0
2022-10-07 10:00:00+09:00,16165.0,16175.0,16065.0,16175.0,68700,0.0,0.0
2022-10-07 11:00:00+09:00,16170.0,16195.0,16160.0,16180.0,0,0.0,0.0
2022-10-07 12:00:00+09:00,16150.0,16210.0,16140.0,16190.0,320400,0.0,0.0
2022-10-07 13:00:00+09:00,16185.0,16255.0,16180.0,16240.0,72300,0.0,0.0
2022-10-07 14:00:00+09:00,16245.0,16290.0,16235.0,16250.0,85200,0.0,0.0
2022-10-11 09:00:00+09:00,15965.0,15995.0,15810.0,15925.0,138600,0.0,0.0
2022-10-11 10:00:00+09:00,15925.0,15990.0,15840.0,15860.0,57800,0.0,0.0
2022-10-11 11:00:00+09:00,15870.0,15945.0,15870.0,15940.0,0,0.0,0.0
2022-10-11 12:00:00+09:00,15930.0,15975.0,15815.0,15815.0,271000,0.0,0.0
2022-10-11 13:00:00+09:00,15820.0,15825.0,15755.0,15780.0,67400,0.0,0.0
2022-10-11 14:00:00+09:00,15780.0,15825.0,15760.0,15815.0,83100,0.0,0.0
2022-10-12 09:00:00+09:00,15850.0,16100.0,15850.0,16020.0,116600,0.0,0.0
2022-10-12 10:00:00+09:00,16020.0,16065.0,15895.0,15970.0,48700,0.0,0.0
2022-10-12 11:00:00+09:00,15970.0,15970.0,15920.0,15925.0,0,0.0,0.0
2022-10-12 12:00:00+09:00,15900.0,15935.0,15885.0,15900.0,207800,0.0,0.0
2022-10-12 13:00:00+09:00,15905.0,15955.0,15890.0,15925.0,31100,0.0,0.0
2022-10-12 14:00:00+09:00,15925.0,15955.0,15875.0,15930.0,71600,0.0,0.0
2022-10-13 09:00:00+09:00,15930.0,15985.0,15820.0,15835.0,78200,0.0,0.0
2022-10-13 10:00:00+09:00,15840.0,15870.0,15785.0,15850.0,56400,0.0,0.0
2022-10-13 11:00:00+09:00,15855.0,15875.0,15835.0,15870.0,0,0.0,0.0
2022-10-13 12:00:00+09:00,15900.0,15940.0,15885.0,15925.0,183500,0.0,0.0
2022-10-13 13:00:00+09:00,15925.0,15935.0,15870.0,15875.0,39300,0.0,0.0
2022-10-13 14:00:00+09:00,15875.0,15875.0,15790.0,15795.0,73200,0.0,0.0
2022-10-14 09:00:00+09:00,16145.0,16295.0,16130.0,16240.0,174800,0.0,0.0
2022-10-14 10:00:00+09:00,16240.0,16345.0,16215.0,16330.0,49000,0.0,0.0
2022-10-14 11:00:00+09:00,16335.0,16350.0,16315.0,16345.0,0,0.0,0.0
2022-10-14 12:00:00+09:00,16395.0,16435.0,16375.0,16435.0,283600,0.0,0.0
2022-10-14 13:00:00+09:00,16435.0,16440.0,16375.0,16380.0,53100,0.0,0.0
2022-10-14 14:00:00+09:00,16375.0,16415.0,16355.0,16365.0,81400,0.0,0.0
2022-10-17 09:00:00+09:00,16015.0,16085.0,15900.0,15905.0,129800,0.0,0.0
2022-10-17 10:00:00+09:00,15910.0,15960.0,15900.0,15935.0,48000,0.0,0.0
2022-10-17 11:00:00+09:00,15935.0,15970.0,15930.0,15960.0,0,0.0,0.0
2022-10-17 12:00:00+09:00,15975.0,16005.0,15925.0,15925.0,228600,0.0,0.0
2022-10-17 13:00:00+09:00,15925.0,15925.0,15865.0,15885.0,49700,0.0,0.0
2022-10-17 14:00:00+09:00,15880.0,15915.0,15875.0,15905.0,86200,0.0,0.0
2022-10-18 09:00:00+09:00,16280.0,16355.0,16240.0,16295.0,123100,0.0,0.0
2022-10-18 10:00:00+09:00,16290.0,16290.0,16095.0,16115.0,56100,0.0,0.0
2022-10-18 11:00:00+09:00,16115.0,16125.0,16090.0,16125.0,0,0.0,0.0
2022-10-18 12:00:00+09:00,16165.0,16240.0,16155.0,16230.0,224400,0.0,0.0
2022-10-18 13:00:00+09:00,16225.0,16245.0,16200.0,16225.0,41100,0.0,0.0
2022-10-18 14:00:00+09:00,16230.0,16240.0,16180.0,16230.0,70100,0.0,0.0
2022-10-19 09:00:00+09:00,16205.0,16340.0,16180.0,16295.0,97600,0.0,0.0
2022-10-19 10:00:00+09:00,16295.0,16335.0,16245.0,16325.0,36900,0.0,0.0
2022-10-19 11:00:00+09:00,16325.0,16355.0,16305.0,16355.0,0,0.0,0.0
2022-10-19 12:00:00+09:00,16370.0,16370.0,16330.0,16340.0,183300,0.0,0.0
2022-10-19 13:00:00+09:00,16340.0,16350.0,16310.0,16335.0,24900,0.0,0.0
2022-10-19 14:00:00+09:00,16340.0,16355.0,16305.0,16340.0,58800,0.0,0.0
2022-10-20 09:00:00+09:00,16145.0,16220.0,16070.0,16100.0,83600,0.0,0.0
2022-10-20 10:00:00+09:00,16105.0,16150.0,16070.0,16140.0,36400,0.0,0.0
2022-10-20 11:00:00+09:00,16135.0,16135.0,16100.0,16125.0,0,0.0,0.0
2022-10-20 12:00:00+09:00,16125.0,16130.0,16090.0,16105.0,154000,0.0,0.0
2022-10-20 13:00:00+09:00,16100.0,16235.0,16085.0,16170.0,55200,0.0,0.0
2022-10-20 14:00:00+09:00,16170.0,16215.0,16135.0,16185.0,68900,0.0,0.0
2022-10-21 09:00:00+09:00,16175.0,16230.0,16080.0,16145.0,104800,0.0,0.0
2022-10-21 10:00:00+09:00,16140.0,16175.0,16100.0,16155.0,57400,0.0,0.0
2022-10-21 11:00:00+09:00,16155.0,16170.0,16140.0,16145.0,0,0.0,0.0
2022-10-21 12:00:00+09:00,16130.0,16155.0,16075.0,16085.0,223300,0.0,0.0
2022-10-21 13:00:00+09:00,16085.0,16095.0,16070.0,16080.0,46100,0.0,0.0
2022-10-21 14:00:00+09:00,16080.0,16090.0,16055.0,16075.0,87300,0.0,0.0
2022-10-24 09:00:00+09:00,16320.0,16395.0,16245.0,16370.0,93500,0.0,0.0
2022-10-24 10:00:00+09:00,16365.0,16430.0,16320.0,16365.0,56500,0.0,0.0
2022-10-24 11:00:00+09:00,16375.0,16375.0,16350.0,16375.0,0,0.0,0.0
2022-10-24 12:00:00+09:00,16255.0,16345.0,16255.0,16345.0,198100,0.0,0.0
2022-10-24 13:00:00+09:00,16345.0,16350.0,16295.0,16300.0,38300,0.0,0.0
2022-10-24 14:00:00+09:00,16295.0,16305.0,16240.0,16240.0,67100,0.0,0.0
2022-10-25 09:00:00+09:00,16435.0,16490.0,16360.0,16430.0,188300,0.0,0.0
2022-10-25 10:00:00+09:00,16430.0,16445.0,16360.0,16410.0,71900,0.0,0.0
2022-10-25 11:00:00+09:00,16410.0,16415.0,16380.0,16390.0,0,0.0,0.0
2022-10-25 12:00:00+09:00,16480.0,16495.0,16450.0,16495.0,325700,0.0,0.0
2022-10-25 13:00:00+09:00,16495.0,16530.0,16460.0,16460.0,60000,0.0,0.0
2022-10-25 14:00:00+09:00,16460.0,16470.0,16385.0,16420.0,87800,0.0,0.0
2022-10-26 09:00:00+09:00,16700.0,16820.0,16665.0,16785.0,153500,0.0,0.0
2022-10-26 10:00:00+09:00,16790.0,16805.0,16730.0,16790.0,74700,0.0,0.0
2022-10-26 11:00:00+09:00,16790.0,16825.0,16785.0,16805.0,0,0.0,0.0
2022-10-26 12:00:00+09:00,16825.0,16840.0,16800.0,16820.0,310900,0.0,0.0
2022-10-26 13:00:00+09:00,16820.0,16940.0,16820.0,16895.0,120300,0.0,0.0
2022-10-26 14:00:00+09:00,16895.0,16910.0,16845.0,16885.0,125200,0.0,0.0
2022-10-27 09:00:00+09:00,16720.0,16830.0,16675.0,16700.0,267100,0.0,0.0
2022-10-27 10:00:00+09:00,16725.0,16740.0,16690.0,16710.0,125500,0.0,0.0
2022-10-27 11:00:00+09:00,16710.0,16735.0,16655.0,16655.0,0,0.0,0.0
2022-10-27 12:00:00+09:00,16665.0,16725.0,16650.0,16720.0,508800,0.0,0.0
2022-10-27 13:00:00+09:00,16720.0,16765.0,16720.0,16750.0,71000,0.0,0.0
2022-10-27 14:00:00+09:00,16745.0,16755.0,16685.0,16740.0,158500,0.0,0.0
2022-10-28 09:00:00+09:00,16900.0,17065.0,16665.0,17010.0,498000,0.0,0.0
2022-10-28 10:00:00+09:00,17010.0,17140.0,17005.0,17120.0,199500,0.0,0.0
2022-10-28 11:00:00+09:00,17115.0,17115.0,17050.0,17085.0,0,0.0,0.0
2022-10-28 12:00:00+09:00,17085.0,17225.0,17020.0,17180.0,926700,0.0,0.0
2022-10-28 13:00:00+09:00,17180.0,17340.0,17170.0,17315.0,206800,0.0,0.0
2022-10-28 14:00:00+09:00,17310.0,17375.0,17150.0,17225.0,348400,0.0,0.0
2022-10-31 09:00:00+09:00,17240.0,17420.0,17020.0,17265.0,296200,0.0,0.0
2022-10-31 10:00:00+09:00,17265.0,17280.0,17075.0,17165.0,82600,0.0,0.0
2022-10-31 11:00:00+09:00,17170.0,17170.0,17110.0,17120.0,0,0.0,0.0
2022-10-31 12:00:00+09:00,17100.0,17190.0,17080.0,17145.0,471800,0.0,0.0
2022-10-31 13:00:00+09:00,17140.0,17175.0,17125.0,17170.0,67100,0.0,0.0
2022-10-31 14:00:00+09:00,17165.0,17170.0,17100.0,17135.0,113200,0.0,0.0
2022-11-01 09:00:00+09:00,17125.0,17325.0,17125.0,17220.0,142100,0.0,0.0
2022-11-01 10:00:00+09:00,17225.0,17250.0,17160.0,17185.0,85800,0.0,0.0
2022-11-01 11:00:00+09:00,17195.0,17205.0,17175.0,17180.0,0,0.0,0.0
2022-11-01 12:00:00+09:00,17180.0,17225.0,17175.0,17200.0,325800,0.0,0.0
2022-11-01 13:00:00+09:00,17200.0,17225.0,17165.0,17200.0,88600,0.0,0.0
2022-11-01 14:00:00+09:00,17195.0,17260.0,17170.0,17260.0,113100,0.0,0.0
2022-11-02 09:00:00+09:00,17300.0,17805.0,17250.0,17770.0,379700,0.0,0.0
2022-11-02 10:00:00+09:00,17770.0,17885.0,17750.0,17810.0,179800,0.0,0.0
2022-11-02 11:00:00+09:00,17815.0,17840.0,17710.0,17725.0,0,0.0,0.0
2022-11-02 12:00:00+09:00,17685.0,17695.0,17615.0,17625.0,665700,0.0,0.0
2022-11-02 13:00:00+09:00,17620.0,17650.0,17595.0,17625.0,59300,0.0,0.0
2022-11-02 14:00:00+09:00,17630.0,17635.0,17565.0,17570.0,107000,0.0,0.0
2022-11-04 09:00:00+09:00,17285.0,17355.0,17225.0,17230.0,215900,0.0,0.0
2022-11-04 10:00:00+09:00,17225.0,17270.0,17170.0,17225.0,131200,0.0,0.0
2022-11-04 11:00:00+09:00,17220.0,17265.0,17200.0,17265.0,0,0.0,0.0
2022-11-04 12:00:00+09:00,17255.0,17290.0,17230.0,17280.0,447900,0.0,0.0
2022-11-04 13:00:00+09:00,17275.0,17275.0,17210.0,17225.0,65700,0.0,0.0
2022-11-04 14:00:00+09:00,17225.0,17295.0,17180.0,17235.0,170200,0.0,0.0
2022-11-07 09:00:00+09:00,17165.0,17390.0,17145.0,17370.0,118500,0.0,0.0
2022-11-07 10:00:00+09:00,17370.0,17525.0,17340.0,17510.0,63200,0.0,0.0
2022-11-07 11:00:00+09:00,17515.0,17515.0,17470.0,17480.0,0,0.0,0.0
2022-11-07 12:00:00+09:00,17505.0,17530.0,17470.0,17485.0,260300,0.0,0.0
2022-11-07 13:00:00+09:00,17495.0,17515.0,17465.0,17500.0,52600,0.0,0.0
2022-11-07 14:00:00+09:00,17505.0,17560.0,17500.0,17560.0,142000,0.0,0.0
2022-11-08 09:00:00+09:00,17515.0,17720.0,17510.0,17545.0,158500,0.0,0.0
2022-11-08 10:00:00+09:00,17545.0,17635.0,17520.0,17610.0,70800,0.0,0.0
2022-11-08 11:00:00+09:00,17615.0,17630.0,17595.0,17620.0,0,0.0,0.0
2022-11-08 12:00:00+09:00,17630.0,17675.0,17630.0,17665.0,288200,0.0,0.0
2022-11-08 13:00:00+09:00,17665.0,17690.0,17605.0,17635.0,49000,0.0,0.0
2022-11-08 14:00:00+09:00,17630.0,17630.0,17585.0,17585.0,103200,0.0,0.0
2022-11-09 09:00:00+09:00,17510.0,17560.0,17425.0,17465.0,147400,0.0,0.0
2022-11-09 10:00:00+09:00,17460.0,17465.0,17410.0,17435.0,45900,0.0,0.0
2022-11-09 11:00:00+09:00,17435.0,17455.0,17435.0,17445.0,0,0.0,0.0
2022-11-09 12:00:00+09:00,17410.0,17430.0,17405.0,17420.0,229800,0.0,0.0
2022-11-09 13:00:00+09:00,17425.0,17460.0,17390.0,17460.0,39900,0.0,0.0
2022-11-09 14:00:00+09:00,17455.0,17455.0,17395.0,17420.0,62900,0.0,0.0
2022-11-10 09:00:00+09:00,17200.0,17250.0,17090.0,17125.0,113500,0.0,0.0
2022-11-10 10:00:00+09:00,17125.0,17180.0,17120.0,17160.0,51400,0.0,0.0
2022-11-10 11:00:00+09:00,17155.0,17175.0,17135.0,17145.0,0,0.0,0.0
2022-11-10 12:00:00+09:00,17145.0,17210.0,17145.0,17200.0,217200,0.0,0.0
2022-11-10 13:00:00+09:00,17200.0,17270.0,17195.0,17255.0,42000,0.0,0.0
2022-11-10 14:00:00+09:00,17250.0,17260.0,17205.0,17215.0,84900,0.0,0.0
2022-11-11 09:00:00+09:00,17675.0,17835.0,17640.0,17790.0,290900,0.0,0.0
2022-11-11 10:00:00+09:00,17790.0,17870.0,17770.0,17780.0,98200,0.0,0.0
2022-11-11 11:00:00+09:00,17790.0,17840.0,17775.0,17825.0,0,0.0,0.0
2022-11-11 12:00:00+09:00,17810.0,17945.0,17810.0,17945.0,462300,0.0,0.0
2022-11-11 13:00:00+09:00,17945.0,18025.0,17945.0,18025.0,109600,0.0,0.0
2022-11-11 14:00:00+09:00,18015.0,18065.0,17990.0,18030.0,200100,0.0,0.0
2022-11-14 09:00:00+09:00,18015.0,18115.0,17930.0,17970.0,175100,0.0,0.0
2022-11-14 10:00:00+09:00,17970.0,18035.0,17965.0,17995.0,56200,0.0,0.0
2022-11-14 11:00:00+09:00,18000.0,18015.0,17970.0,17980.0,0,0.0,0.0
2022-11-14 12:00:00+09:00,17960.0,18005.0,17955.0,18000.0,289200,0.0,0.0
2022-11-14 13:00:00+09:00,17995.0,18005.0,17985.0,18000.0,38600,0.0,0.0
2022-11-14 14:00:00+09:00,17995.0,18020.0,17970.0,17980.0,114700,0.0,0.0
2022-11-15 09:00:00+09:00,17920.0,17920.0,17730.0,17775.0,170800,0.0,0.0
2022-11-15 10:00:00+09:00,17775.0,17790.0,17710.0,17760.0,65700,0.0,0.0
2022-11-15 11:00:00+09:00,17760.0,17785.0,17755.0,17775.0,0,0.0,0.0
2022-11-15 12:00:00+09:00,17765.0,17875.0,17760.0,17875.0,297100,0.0,0.0
2022-11-15 13:00:00+09:00,17870.0,17945.0,17865.0,17905.0,57900,0.0,0.0
2022-11-15 14:00:00+09:00,17905.0,17935.0,17815.0,17850.0,94300,0.0,0.0
2022-11-16 09:00:00+09:00,17835.0,17915.0,17730.0,17895.0,113700,0.0,0.0
2022-11-16 10:00:00+09:00,17895.0,18065.0,17895.0,18065.0,61700,0.0,0.0
2022-11-16 11:00:00+09:00,18055.0,18085.0,18050.0,18075.0,0,0.0,0.0
2022-11-16 12:00:00+09:00,18070.0,18190.0,18065.0,18135.0,253800,0.0,0.0
2022-11-16 13:00:00+09:00,18135.0,18175.0,18110.0,18155.0,40600,0.0,0.0
2022-11-16 14:00:00+09:00,18160.0,18190.0,18130.0,18145.0,102800,0.0,0.0
2022-11-17 09:00:00+09:00,18360.0,18565.0,18360.0,18525.0,224600,0.0,0.0
2022-11-17 10:00:00+09:00,18520.0,18600.0,18500.0,18545.0,80700,0.0,0.0
2022-11-17 11:00:00+09:00,18550.0,18550.0,18500.0,18510.0,0,0.0,0.0
2022-11-17 12:00:00+09:00,18510.0,18545.0,18495.0,18525.0,377600,0.0,0.0
2022-11-17 13:00:00+09:00,18520.0,18575.0,18510.0,18550.0,67000,0.0,0.0
2022-11-17 14:00:00+09:00,18545.0,18585.0,18515.0,18545.0,84700,0.0,0.0
2022-11-18 09:00:00+09:00,18580.0,18865.0,18550.0,18790.0,221900,0.0,0.0
2022-11-18 10:00:00+09:00,18790.0,18800.0,18725.0,18745.0,81400,0.0,0.0
2022-11-18 11:00:00+09:00,18745.0,18755.0,18735.0,18745.0,0,0.0,0.0
2022-11-18 12:00:00+09:00,18790.0,18790.0,18720.0,18725.0,361300,0.0,0.0
2022-11-18 13:00:00+09:00,18730.0,18755.0,18695.0,18735.0,62400,0.0,0.0
2022-11-18 14:00:00+09:00,18735.0,18735.0,18610.0,18610.0,93500,0.0,0.0
2022-11-21 09:00:00+09:00,18455.0,18610.0,18455.0,18535.0,101900,0.0,0.0
2022-11-21 10:00:00+09:00,18530.0,18530.0,18415.0,18425.0,72200,0.0,0.0
2022-11-21 11:00:00+09:00,18425.0,18470.0,18425.0,18460.0,0,0.0,0.0
2022-11-21 12:00:00+09:00,18490.0,18525.0,18485.0,18520.0,213400,0.0,0.0
2022-11-21 13:00:00+09:00,18515.0,18545.0,18495.0,18495.0,30500,0.0,0.0
2022-11-21 14:00:00+09:00,18500.0,18570.0,18495.0,18530.0,79600,0.0,0.0
2022-11-22 09:00:00+09:00,18625.0,18820.0,18550.0,18705.0,149900,0.0,0.0
2022-11-22 10:00:00+09:00,18705.0,18730.0,18685.0,18710.0,48600,0.0,0.0
2022-11-22 11:00:00+09:00,18700.0,18710.0,18680.0,18695.0,0,0.0,0.0
2022-11-22 12:00:00+09:00,18680.0,18695.0,18640.0,18655.0,248900,0.0,0.0
2022-11-22 13:00:00+09:00,18650.0,18650.0,18580.0,18605.0,35200,0.0,0.0
2022-11-22 14:00:00+09:00,18605.0,18610.0,18535.0,18540.0,82000,0.0,0.0
2022-11-24 09:00:00+09:00,18800.0,19030.0,18790.0,18980.0,244300,0.0,0.0
2022-11-24 10:00:00+09:00,18980.0,19005.0,18925.0,18965.0,60700,0.0,0.0
2022-11-24 11:00:00+09:00,18960.0,18985.0,18955.0,18965.0,0,0.0,0.0
2022-11-24 12:00:00+09:00,18975.0,18995.0,18970.0,18975.0,359600,0.0,0.0
2022-11-24 13:00:00+09:00,18980.0,19005.0,18975.0,19000.0,54600,0.0,0.0
2022-11-24 14:00:00+09:00,19000.0,19005.0,18965.0,18975.0,81100,0.0,0.0
2022-11-25 09:00:00+09:00,18925.0,18980.0,18820.0,18940.0,115100,0.0,0.0
2022-11-25 10:00:00+09:00,18940.0,18965.0,18905.0,18960.0,50700,0.0,0.0
2022-11-25 11:00:00+09:00,18955.0,18965.0,18900.0,18900.0,0,0.0,0.0
2022-11-25 12:00:00+09:00,18860.0,18910.0,18860.0,18910.0,221800,0.0,0.0
2022-11-25 13:00:00+09:00,18910.0,18910.0,18860.0,18875.0,28300,0.0,0.0
2022-11-25 14:00:00+09:00,18875.0,18875.0,18800.0,18825.0,92200,0.0,0.0
2022-11-28 09:00:00+09:00,18825.0,18900.0,18720.0,18740.0,102800,0.0,0.0
2022-11-28 10:00:00+09:00,18735.0,18795.0,18730.0,18755.0,33400,0.0,0.0
2022-11-28 11:00:00+09:00,18760.0,18790.0,18740.0,18780.0,0,0.0,0.0
2022-11-28 12:00:00+09:00,18790.0,18820.0,18790.0,18800.0,173300,0.0,0.0
2022-11-28 13:00:00+09:00,18800.0,18805.0,18760.0,18775.0,33900,0.0,0.0
2022-11-28 14:00:00+09:00,18780.0,18800.0,18760.0,18800.0,67700,0.0,0.0
2022-11-29 09:00:00+09:00,18750.0,18815.0,18710.0,18780.0,133600,0.0,0.0
2022-11-29 10:00:00+09:00,18785.0,18830.0,18770.0,18810.0,51500,0.0,0.0
2022-11-29 11:00:00+09:00,18810.0,18815.0,18770.0,18780.0,0,0.0,0.0
2022-11-29 12:00:00+09:00,18780.0,18785.0,18740.0,18760.0,240400,0.0,0.0
2022-11-29 13:00:00+09:00,18760.0,18775.0,18725.0,18730.0,43000,0.0,0.0
2022-11-29 14:00:00+09:00,18730.0,18770.0,18685.0,18760.0,105100,0.0,0.0
2022-11-30 09:00:00+09:00,18455.0,18455.0,18320.0,18405.0,177300,0.0,0.0
2022-11-30 10:00:00+09:00,18405.0,18410.0,18365.0,18390.0,66000,0.0,0.0
2022-11-30 11:00:00+09:00,18395.0,18410.0,18390.0,18410.0,0,0.0,0.0
2022-11-30 12:00:00+09:00,18410.0,18455.0,18390.0,18395.0,329400,0.0,0.0
2022-11-30 13:00:00+09:00,18400.0,18475.0,18385.0,18465.0,67800,0.0,0.0
2022-11-30 14:00:00+09:00,18460.0,18515.0,18455.0,18480.0,175000,0.0,0.0
2022-12-01 09:00:00+09:00,18910.0,18965.0,18755.0,18755.0,244900,0.0,0.0
2022-12-01 10:00:00+09:00,18755.0,18760.0,18655.0,18675.0,77700,0.0,0.0
2022-12-01 11:00:00+09:00,18680.0,18725.0,18650.0,18700.0,0,0.0,0.0
2022-12-01 12:00:00+09:00,18680.0,18730.0,18670.0,18730.0,379800,0.0,0.0
2022-12-01 13:00:00+09:00,18730.0,18755.0,18715.0,18725.0,48000,0.0,0.0
2022-12-01 14:00:00+09:00,18730.0,18760.0,18695.0,18700.0,87100,0.0,0.0
2022-12-02 09:00:00+09:00,18645.0,18645.0,18425.0,18465.0,167300,0.0,0.0
2022-12-02 10:00:00+09:00,18460.0,18500.0,18440.0,18455.0,59500,0.0,0.0
2022-12-02 11:00:00+09:00,18445.0,18490.0,18440.0,18455.0,0,0.0,0.0
2022-12-02 12:00:00+09:00,18480.0,18565.0,18475.0,18555.0,283800,0.0,0.0
2022-12-02 13:00:00+09:00,18550.0,18625.0,18540.0,18615.0,38800,0.0,0.0
2022-12-02 14:00:00+09:00,18615.0,18665.0,18575.0,18590.0,109800,0.0,0.0
2022-12-05 09:00:00+09:00,18525.0,18555.0,18415.0,18500.0,102600,0.0,0.0
2022-12-05 10:00:00+09:00,18510.0,18525.0,18460.0,18480.0,43900,0.0,0.0
2022-12-05 11:00:00+09:00,18465.0,18510.0,18465.0,18485.0,0,0.0,0.0
2022-12-05 12:00:00+09:00,18485.0,18490.0,18450.0,18485.0,196400,0.0,0.0
2022-12-05 13:00:00+09:00,18480.0,18530.0,18480.0,18530.0,21700,0.0,0.0
2022-12-05 14:00:00+09:00,18530.0,18545.0,18485.0,18535.0,66400,0.0,0.0
2022-12-06 09:00:00+09:00,18485.0,18750.0,18465.0,18680.0,152400,0.0,0.0
2022-12-06 10:00:00+09:00,18685.0,18690.0,18590.0,18625.0,58900,0.0,0.0
2022-12-06 11:00:00+09:00,18630.0,18660.0,18610.0,18650.0,0,0.0,0.0
2022-12-06 12:00:00+09:00,18650.0,18665.0,18605.0,18610.0,308700,0.0,0.0
2022-12-06 13:00:00+09:00,18610.0,18625.0,18540.0,18575.0,95700,0.0,0.0
2022-12-06 14:00:00+09:00,18575.0,18590.0,18500.0,18505.0,186300,0.0,0.0
2022-12-07 09:00:00+09:00,18300.0,18410.0,18245.0,18405.0,138000,0.0,0.0
2022-12-07 10:00:00+09:00,18405.0,18445.0,18370.0,18425.0,39800,0.0,0.0
2022-12-07 11:00:00+09:00,18420.0,18460.0,18400.0,18445.0,0,0.0,0.0
2022-12-07 12:00:00+09:00,18420.0,18465.0,18420.0,18455.0,219100,0.0,0.0
2022-12-07 13:00:00+09:00,18455.0,18475.0,18430.0,18465.0,30800,0.0,0.0
2022-12-07 14:00:00+09:00,18465.0,18525.0,18450.0,18455.0,92700,0.0,0.0
2022-12-08 09:00:00+09:00,18280.0,18310.0,18170.0,18220.0,127900,0.0,0.0
2022-12-08 10:00:00+09:00,18220.0,18225.0,18165.0,18195.0,40700,0.0,0.0
2022-12-08 11:00:00+09:00,18190.0,18190.0,18170.0,18185.0,0,0.0,0.0
2022-12-08 12:00:00+09:00,18180.0,18235.0,18145.0,18235.0,224300,0.0,0.0
2022-12-08 13:00:00+09:00,18235.0,18240.0,18210.0,18215.0,34000,0.0,0.0
2022-12-08 14:00:00+09:00,18210.0,18275.0,18175.0,18230.0,112200,0.0,0.0
2022-12-09 09:00:00+09:00,18270.0,18570.0,18250.0,18535.0,270700,0.0,0.0
2022-12-09 10:00:00+09:00,18535.0,18535.0,18460.0,18485.0,59100,0.0,0.0
2022-12-09 11:00:00+09:00,18490.0,18525.0,18475.0,18505.0,0,0.0,0.0
2022-12-09 12:00:00+09:00,18505.0,18520.0,18480.0,18515.0,386700,0.0,0.0
2022-12-09 13:00:00+09:00,18510.0,18530.0,18510.0,18530.0,41900,0.0,0.0
2022-12-09 14:00:00+09:00,18525.0,18535.0,18490.0,18495.0,103900,0.0,0.0
2022-12-12 09:00:00+09:00,18410.0,18525.0,18360.0,18480.0,157400,0.0,0.0
2022-12-12 10:00:00+09:00,18480.0,18555.0,18470.0,18540.0,47100,0.0,0.0
2022-12-12 11:00:00+09:00,18545.0,18565.0,18525.0,18525.0,0,0.0,0.0
2022-12-12 12:00:00+09:00,18520.0,18540.0,18510.0,18510.0,244900,0.0,0.0
2022-12-12 13:00:00+09:00,18510.0,18540.0,18505.0,18520.0,22700,0.0,0.0
2022-12-12 14:00:00+09:00,18520.0,18535.0,18490.0,18490.0,63300,0.0,0.0
2022-12-13 09:00:00+09:00,18625.0,18690.0,18515.0,18525.0,114000,0.0,0.0
2022-12-13 10:00:00+09:00,18525.0,18525.0,18410.0,18410.0,43500,0.0,0.0
2022-12-13 11:00:00+09:00,18405.0,18420.0,18385.0,18395.0,0,0.0,0.0
2022-12-13 12:00:00+09:00,18370.0,18380.0,18350.0,18360.0,213800,0.0,0.0
2022-12-13 13:00:00+09:00,18365.0,18440.0,18360.0,18425.0,42700,0.0,0.0
2022-12-13 14:00:00+09:00,18420.0,18465.0,18410.0,18415.0,98100,0.0,0.0
2022-12-14 09:00:00+09:00,18525.0,18565.0,18380.0,18410.0,105200,0.0,0.0
2022-12-14 10:00:00+09:00,18410.0,18455.0,18385.0,18455.0,45700,0.0,0.0
2022-12-14 11:00:00+09:00,18455.0,18470.0,18440.0,18465.0,0,0.0,0.0
2022-12-14 12:00:00+09:00,18480.0,18510.0,18465.0,18465.0,202700,0.0,0.0
2022-12-14 13:00:00+09:00,18470.0,18525.0,18460.0,18465.0,48700,0.0,0.0
2022-12-14 14:00:00+09:00,18465.0,18480.0,18435.0,18470.0,100500,0.0,0.0
2022-12-15 09:00:00+09:00,18325.0,18440.0,18300.0,18390.0,94300,0.0,0.0
2022-12-15 10:00:00+09:00,18390.0,18405.0,18355.0,18370.0,44300,0.0,0.0
2022-12-15 11:00:00+09:00,18375.0,18400.0,18370.0,18385.0,0,0.0,0.0
2022-12-15 12:00:00+09:00,18350.0,18380.0,18350.0,18365.0,187300,0.0,0.0
2022-12-15 13:00:00+09:00,18370.0,18370.0,18310.0,18315.0,46100,0.0,0.0
2022-12-15 14:00:00+09:00,18315.0,18330.0,18235.0,18235.0,102000,0.0,0.0
2022-12-16 09:00:00+09:00,18085.0,18235.0,18055.0,18235.0,149100,0.0,0.0
2022-12-16 10:00:00+09:00,18240.0,18285.0,18225.0,18275.0,72600,0.0,0.0
2022-12-16 11:00:00+09:00,18270.0,18320.0,18270.0,18285.0,0,0.0,0.0
2022-12-16 12:00:00+09:00,18250.0,18290.0,18250.0,18285.0,297600,0.0,0.0
2022-12-16 13:00:00+09:00,18285.0,18315.0,18265.0,18295.0,80600,0.0,0.0
2022-12-16 14:00:00+09:00,18295.0,18430.0,18265.0,18360.0,281600,0.0,0.0
2022-12-19 09:00:00+09:00,18180.0,18355.0,18140.0,18180.0,165000,0.0,0.0
2022-12-19 10:00:00+09:00,18180.0,18200.0,18060.0,18065.0,65000,0.0,0.0
2022-12-19 11:00:00+09:00,18065.0,18065.0,18015.0,18015.0,0,0.0,0.0
2022-12-19 12:00:00+09:00,18000.0,18005.0,17880.0,17925.0,337700,0.0,0.0
2022-12-19 13:00:00+09:00,17925.0,17935.0,17880.0,17885.0,45800,0.0,0.0
2022-12-19 14:00:00+09:00,17885.0,17935.0,17860.0,17870.0,116300,0.0,0.0
2022-12-20 09:00:00+09:00,17825.0,17885.0,17700.0,17875.0,106500,0.0,0.0
2022-12-20 10:00:00+09:00,17875.0,17885.0,17810.0,17845.0,34000,0.0,0.0
2022-12-20 11:00:00+09:00,17840.0,17855.0,17805.0,17835.0,0,0.0,0.0
2022-12-20 12:00:00+09:00,17555.0,17650.0,17525.0,17535.0,282300,0.0,0.0
2022-12-20 13:00:00+09:00,17530.0,17540.0,17425.0,17435.0,85900,0.0,0.0
2022-12-20 14:00:00+09:00,17430.0,17475.0,17365.0,17465.0,113600,0.0,0.0
2022-12-21 09:00:00+09:00,17410.0,17450.0,17345.0,17425.0,140400,0.0,0.0
2022-12-21 10:00:00+09:00,17415.0,17610.0,17410.0,17545.0,60900,0.0,0.0
2022-12-21 11:00:00+09:00,17540.0,17590.0,17490.0,17590.0,0,0.0,0.0
2022-12-21 12:00:00+09:00,17570.0,17575.0,17505.0,17535.0,278800,0.0,0.0
2022-12-21 13:00:00+09:00,17535.0,17535.0,17470.0,17535.0,51100,0.0,0.0
2022-12-21 14:00:00+09:00,17525.0,17600.0,17495.0,17510.0,100100,0.0,0.0
2022-12-22 09:00:00+09:00,17500.0,17680.0,17470.0,17635.0,137500,0.0,0.0
2022-12-22 10:00:00+09:00,17630.0,17715.0,17575.0,17700.0,63700,0.0,0.0
2022-12-22 11:00:00+09:00,17700.0,17745.0,17685.0,17685.0,0,0.0,0.0
2022-12-22 12:00:00+09:00,17685.0,17820.0,17645.0,17810.0,286800,0.0,0.0
2022-12-22 13:00:00+09:00,17805.0,17845.0,17785.0,17820.0,42900,0.0,0.0
2022-12-22 14:00:00+09:00,17825.0,17885.0,17800.0,17850.0,145200,0.0,0.0
2022-12-23 09:00:00+09:00,17695.0,17900.0,17670.0,17800.0,191300,0.0,0.0
2022-12-23 10:00:00+09:00,17805.0,17980.0,17785.0,17875.0,84100,0.0,0.0
2022-12-23 11:00:00+09:00,17875.0,17935.0,17875.0,17915.0,0,0.0,0.0
2022-12-23 12:00:00+09:00,17950.0,18010.0,17935.0,17975.0,353600,0.0,0.0
2022-12-23 13:00:00+09:00,17975.0,18010.0,17935.0,17970.0,55500,0.0,0.0
2022-12-23 14:00:00+09:00,17965.0,17980.0,17930.0,17965.0,108300,0.0,0.0
2022-12-26 09:00:00+09:00,17935.0,18020.0,17825.0,17865.0,63400,0.0,0.0
2022-12-26 10:00:00+09:00,17865.0,17900.0,17845.0,17885.0,19800,0.0,0.0
2022-12-26 11:00:00+09:00,17895.0,17895.0,17840.0,17840.0,0,0.0,0.0
2022-12-26 12:00:00+09:00,17800.0,17820.0,17775.0,17800.0,118000,0.0,0.0
2022-12-26 13:00:00+09:00,17805.0,17840.0,17770.0,17785.0,20900,0.0,0.0
2022-12-26 14:00:00+09:00,17785.0,17840.0,17780.0,17815.0,35800,0.0,0.0
2022-12-27 09:00:00+09:00,17980.0,17980.0,17780.0,17785.0,61700,0.0,0.0
2022-12-27 10:00:00+09:00,17785.0,17875.0,17785.0,17870.0,20900,0.0,0.0
2022-12-27 11:00:00+09:00,17870.0,17875.0,17830.0,17845.0,0,0.0,0.0
2022-12-27 12:00:00+09:00,17810.0,17815.0,17745.0,17755.0,120100,0.0,0.0
2022-12-27 13:00:00+09:00,17750.0,17750.0,17720.0,17740.0,25000,0.0,0.0
2022-12-27 14:00:00+09:00,17740.0,17740.0,17685.0,17685.0,50900,0.0,0.0
2022-12-28 09:00:00+09:00,17590.0,17620.0,17485.0,17525.0,41900,0.0,0.0
2022-12-28 10:00:00+09:00,17525.0,17620.0,17500.0,17580.0,11700,0.0,0.0
2022-12-28 11:00:00+09:00,17580.0,17590.0,17565.0,17565.0,0,0.0,0.0
2022-12-28 12:00:00+09:00,17510.0,17590.0,17510.0,17570.0,82700,0.0,0.0
2022-12-28 13:00:00+09:00,17570.0,17595.0,17560.0,17590.0,22000,0.0,0.0
2022-12-28 14:00:00+09:00,17585.0,17650.0,17565.0,17635.0,45400,0.0,0.0
2022-12-29 09:00:00+09:00,17600.0,17830.0,17555.0,17830.0,89500,0.0,0.0
2022-12-29 10:00:00+09:00,17820.0,17845.0,17760.0,17785.0,35700,0.0,0.0
2022-12-29 11:00:00+09:00,17795.0,17795.0,17750.0,17770.0,0,0.0,0.0
2022-12-29 12:00:00+09:00,17760.0,17805.0,17755.0,17805.0,155300,0.0,0.0
2022-12-29 13:00:00+09:00,17805.0,17840.0,17800.0,17830.0,19500,0.0,0.0
2022-12-29 14:00:00+09:00,17825.0,17850.0,17805.0,17805.0,48000,0.0,0.0
2022-12-30 09:00:00+09:00,17785.0,17955.0,17730.0,17770.0,116300,0.0,0.0
2022-12-30 10:00:00+09:00,17780.0,17780.0,17660.0,17705.0,26900,0.0,0.0
2022-12-30 11:00:00+09:00,17715.0,17780.0,17715.0,17740.0,0,0.0,0.0
2022-12-30 12:00:00+09:00,17710.0,17770.0,17710.0,17725.0,171400,0.0,0.0
2022-12-30 13:00:00+09:00,17725.0,17750.0,17675.0,17675.0,22800,0.0,0.0
2022-12-30 14:00:00+09:00,17680.0,17695.0,17595.0,17630.0,53500,0.0,0.0
2023-01-04 09:00:00+09:00,17455.0,17570.0,17270.0,17435.0,126900,0.0,0.0
2023-01-04 10:00:00+09:00,17430.0,17620.0,17415.0,17550.0,90300,0.0,0.0
2023-01-04 11:00:00+09:00,17545.0,17575.0,17530.0,17560.0,0,0.0,0.0
2023-01-04 12:00:00+09:00,17550.0,17600.0,17520.0,17585.0,263200,0.0,0.0
2023-01-04 13:00:00+09:00,17585.0,17625.0,17585.0,17620.0,37400,0.0,0.0
2023-01-04 14:00:00+09:00,17615.0,17615.0,17500.0,17500.0,93500,0.0,0.0
2023-01-05 09:00:00+09:00,17500.0,17715.0,17475.0,17700.0,225100,0.0,0.0
2023-01-05 10:00:00+09:00,17700.0,17790.0,17690.0,17720.0,88400,0.0,0.0
2023-01-05 11:00:00+09:00,17720.0,17730.0,17690.0,17715.0,0,0.0,0.0
2023-01-05 12:00:00+09:00,17625.0,17705.0,17615.0,17670.0,437300,0.0,0.0
2023-01-05 13:00:00+09:00,17670.0,17670.0,17565.0,17595.0,66300,0.0,0.0
2023-01-05 14:00:00+09:00,17590.0,17605.0,17530.0,17550.0,145200,0.0,0.0
2023-01-06 09:00:00+09:00,17320.0,17345.0,17135.0,17245.0,172300,0.0,0.0
2023-01-06 10:00:00+09:00,17255.0,17580.0,17245.0,17525.0,143700,0.0,0.0
2023-01-06 11:00:00+09:00,17525.0,17560.0,17485.0,17535.0,0,0.0,0.0
2023-01-06 12:00:00+09:00,17465.0,17555.0,17455.0,17470.0,398100,0.0,0.0
2023-01-06 13:00:00+09:00,17465.0,17465.0,17380.0,17390.0,67000,0.0,0.0
2023-01-06 14:00:00+09:00,17390.0,17400.0,17350.0,17395.0,120700,0.0,0.0
2023-01-10 09:00:00+09:00,17650.0,17725.0,17600.0,17650.0,268100,0.0,0.0
2023-01-10 10:00:00+09:00,17650.0,17675.0,17605.0,17640.0,86300,0.0,0.0
2023-01-10 11:00:00+09:00,17640.0,17680.0,17635.0,17675.0,0,0.0,0.0
2023-01-10 12:00:00+09:00,17615.0,17685.0,17615.0,17685.0,432800,0.0,0.0
2023-01-10 13:00:00+09:00,17685.0,17690.0,17655.0,17680.0,68400,0.0,0.0
2023-01-10 14:00:00+09:00,17680.0,17720.0,17650.0,17655.0,135000,0.0,0.0
2023-01-11 09:00:00+09:00,17595.0,18195.0,17580.0,18175.0,303500,0.0,0.0
2023-01-11 10:00:00+09:00,18170.0,18350.0,18150.0,18270.0,199800,0.0,0.0
2023-01-11 11:00:00+09:00,18270.0,18335.0,18270.0,18295.0,0,0.0,0.0
2023-01-11 12:00:00+09:00,18270.0,18395.0,18265.0,18355.0,647000,0.0,0.0
2023-01-11 13:00:00+09:00,18355.0,18460.0,18300.0,18430.0,143200,0.0,0.0
2023-01-11 14:00:00+09:00,18435.0,18540.0,18420.0,18515.0,262800,0.0,0.0
2023-01-12 09:00:00+09:00,18275.0,18335.0,18170.0,18330.0,284700,0.0,0.0
2023-01-12 10:00:00+09:00,18325.0,18405.0,18265.0,18390.0,105600,0.0,0.0
2023-01-12 11:00:00+09:00,18385.0,18385.0,18340.0,18365.0,0,0.0,0.0
2023-01-12 12:00:00+09:00,18310.0,18460.0,18300.0,18450.0,492700,0.0,0.0
2023-01-12 13:00:00+09:00,18450.0,18470.0,18375.0,18425.0,89700,0.0,0.0
2023-01-12 14:00:00+09:00,18420.0,18460.0,18345.0,18355.0,213800,0.0,0.0
2023-01-13 09:00:00+09:00,18460.0,18615.0,18435.0,18460.0,259100,0.0,0.0
2023-01-13 10:00:00+09:00,18465.0,18465.0,18310.0,18380.0,97200,0.0,0.0
2023-01-13 11:00:00+09:00,18375.0,18390.0,18295.0,18295.0,0,0.0,0.0
2023-01-13 12:00:00+09:00,18270.0,18295.0,18230.0,18255.0,452600,0.0,0.0
2023-01-13 13:00:00+09:00,18255.0,18275.0,18195.0,18235.0,88300,0.0,0.0
2023-01-13 14:00:00+09:00,18230.0,18330.0,18200.0,18310.0,157200,0.0,0.0
2023-01-16 09:00:00+09:00,18100.0,18135.0,17880.0,17980.0,157200,0.0,0.0
2023-01-16 10:00:00+09:00,17980.0,18030.0,17935.0,17940.0,46600,0.0,0.0
2023-01-16 11:00:00+09:00,17935.0,17955.0,17880.0,17935.0,0,0.0,0.0
2023-01-16 12:00:00+09:00,17900.0,17950.0,17890.0,17915.0,270400,0.0,0.0
2023-01-16 13:00:00+09:00,17915.0,17915.0,17855.0,17915.0,42400,0.0,0.0
2023-01-16 14:00:00+09:00,17910.0,17950.0,17885.0,17950.0,76500,0.0,0.0
2023-01-17 09:00:00+09:00,17945.0,18235.0,17940.0,18130.0,159200,0.0,0.0
2023-01-17 10:00:00+09:00,18130.0,18140.0,18090.0,18110.0,75900,0.0,0.0
2023-01-17 11:00:00+09:00,18110.0,18155.0,18105.0,18115.0,0,0.0,0.0
2023-01-17 12:00:00+09:00,18105.0,18125.0,18100.0,18100.0,287100,0.0,0.0
2023-01-17 13:00:00+09:00,18100.0,18120.0,18100.0,18105.0,31000,0.0,0.0
2023-01-17 14:00:00+09:00,18105.0,18140.0,18095.0,18115.0,87700,0.0,0.0
2023-01-18 09:00:00+09:00,18220.0,18300.0,18165.0,18180.0,95700,0.0,0.0
2023-01-18 10:00:00+09:00,18180.0,18240.0,18170.0,18235.0,26900,0.0,0.0
2023-01-18 11:00:00+09:00,18235.0,18325.0,18235.0,18300.0,0,0.0,0.0
2023-01-18 12:00:00+09:00,18500.0,18590.0,18400.0,18475.0,212400,0.0,0.0
2023-01-18 13:00:00+09:00,18480.0,18515.0,18450.0,18510.0,46000,0.0,0.0
2023-01-18 14:00:00+09:00,18510.0,18515.0,18445.0,18445.0,98900,0.0,0.0
2023-01-19 09:00:00+09:00,18300.0,18465.0,18240.0,18465.0,128400,0.0,0.0
2023-01-19 10:00:00+09:00,18470.0,18515.0,18445.0,18490.0,58400,0.0,0.0
2023-01-19 11:00:00+09:00,18485.0,18505.0,18455.0,18455.0,0,0.0,0.0
2023-01-19 12:00:00+09:00,18420.0,18425.0,18365.0,18385.0,276200,0.0,0.0
2023-01-19 13:00:00+09:00,18385.0,18455.0,18375.0,18435.0,65500,0.0,0.0
2023-01-19 14:00:00+09:00,18435.0,18480.0,18425.0,18470.0,117200,0.0,0.0
2023-01-20 09:00:00+09:00,18490.0,18520.0,18280.0,18305.0,106400,0.0,0.0
2023-01-20 10:00:00+09:00,18310.0,18320.0,18265.0,18320.0,38000,0.0,0.0
2023-01-20 11:00:00+09:00,18320.0,18325.0,18270.0,18270.0,0,0.0,0.0
2023-01-20 12:00:00+09:00,18255.0,18270.0,18215.0,18225.0,206700,0.0,0.0
2023-01-20 13:00:00+09:00,18225.0,18280.0,18225.0,18280.0,21200,0.0,0.0
2023-01-20 14:00:00+09:00,18280.0,18305.0,18270.0,18295.0,61500,0.0,0.0
2023-01-23 09:00:00+09:00,18550.0,18660.0,18515.0,18540.0,121500,0.0,0.0
2023-01-23 10:00:00+09:00,18550.0,18585.0,18545.0,18580.0,43500,0.0,0.0
2023-01-23 11:00:00+09:00,18575.0,18580.0,18555.0,18560.0,0,0.0,0.0
2023-01-23 12:00:00+09:00,18570.0,18600.0,18560.0,18595.0,215400,0.0,0.0
2023-01-23 13:00:00+09:00,18595.0,18615.0,18565.0,18575.0,37500,0.0,0.0
2023-01-23 14:00:00+09:00,18575.0,18580.0,18550.0,18550.0,106100,0.0,0.0
2023-01-24 09:00:00+09:00,18695.0,18830.0,18675.0,18730.0,120000,0.0,0.0
2023-01-24 10:00:00+09:00,18735.0,18810.0,18715.0,18810.0,44900,0.0,0.0
2023-01-24 11:00:00+09:00,18810.0,18865.0,18805.0,18855.0,0,0.0,0.0
2023-01-24 12:00:00+09:00,18840.0,18845.0,18795.0,18840.0,236900,0.0,0.0
2023-01-24 13:00:00+09:00,18840.0,18910.0,18835.0,18890.0,57500,0.0,0.0
2023-01-24 14:00:00+09:00,18890.0,18900.0,18850.0,18875.0,89500,0.0,0.0
2023-01-25 09:00:00+09:00,18750.0,18855.0,18725.0,18840.0,113500,0.0,0.0
2023-01-25 10:00:00+09:00,18835.0,18865.0,18800.0,18805.0,36100,0.0,0.0
2023-01-25 11:00:00+09:00,18805.0,18835.0,18800.0,18800.0,0,0.0,0.0
2023-01-25 12:00:00+09:00,18800.0,18840.0,18795.0,18815.0,193100,0.0,0.0
2023-01-25 13:00:00+09:00,18820.0,18825.0,18775.0,18805.0,65000,0.0,0.0
2023-01-25 14:00:00+09:00,18805.0,18855.0,18800.0,18845.0,73400,0.0,0.0
2023-01-26 09:00:00+09:00,18850.0,18960.0,18825.0,18900.0,79400,0.0,0.0
2023-01-26 10:00:00+09:00,18905.0,18905.0,18840.0,18855.0,52100,0.0,0.0
2023-01-26 11:00:00+09:00,18855.0,18855.0,18820.0,18835.0,0,0.0,0.0
2023-01-26 12:00:00+09:00,18830.0,18835.0,18780.0,18780.0,167900,0.0,0.0
2023-01-26 13:00:00+09:00,18780.0,18795.0,18710.0,18710.0,42100,0.0,0.0
2023-01-26 14:00:00+09:00,18705.0,18740.0,18690.0,18720.0,82100,0.0,0.0
2023-01-27 09:00:00+09:00,18775.0,18790.0,18690.0,18755.0,70200,0.0,0.0
2023-01-27 10:00:00+09:00,18750.0,18750.0,18585.0,18640.0,64600,0.0,0.0
2023-01-27 11:00:00+09:00,18635.0,18670.0,18585.0,18590.0,0,0.0,0.0
2023-01-27 12:00:00+09:00,18580.0,18605.0,18540.0,18545.0,210800,0.0,0.0
2023-01-27 13:00:00+09:00,18540.0,18615.0,18535.0,18600.0,38500,0.0,0.0
2023-01-27 14:00:00+09:00,18605.0,18665.0,18590.0,18655.0,95400,0.0,0.0
2023-01-30 09:00:00+09:00,18750.0,18765.0,18640.0,18665.0,86100,0.0,0.0
2023-01-30 10:00:00+09:00,18670.0,18725.0,18655.0,18710.0,38400,0.0,0.0
2023-01-30 11:00:00+09:00,18715.0,18760.0,18700.0,18750.0,0,0.0,0.0
2023-01-30 12:00:00+09:00,18755.0,18775.0,18595.0,18605.0,257700,0.0,0.0
2023-01-30 13:00:00+09:00,18600.0,18660.0,18520.0,18640.0,68400,0.0,0.0
2023-01-30 14:00:00+09:00,18640.0,18680.0,18575.0,18655.0,88300,0.0,0.0
2023-01-31 09:00:00+09:00,18750.0,18915.0,18660.0,18685.0,354500,0.0,0.0
2023-01-31 10:00:00+09:00,18680.0,18700.0,18640.0,18650.0,59400,0.0,0.0
2023-01-31 11:00:00+09:00,18655.0,18710.0,18625.0,18705.0,0,0.0,0.0
2023-01-31 12:00:00+09:00,18690.0,18690.0,18650.0,18675.0,485200,0.0,0.0
2023-01-31 13:00:00+09:00,18675.0,18675.0,18595.0,18600.0,51100,0.0,0.0
2023-01-31 14:00:00+09:00,18595.0,18620.0,18485.0,18500.0,133200,0.0,0.0
2023-02-01 09:00:00+09:00,18625.0,18720.0,18385.0,18690.0,256100,0.0,0.0
2023-02-01 10:00:00+09:00,18680.0,18760.0,18635.0,18720.0,83100,0.0,0.0
2023-02-01 11:00:00+09:00,18715.0,18720.0,18660.0,18700.0,0,0.0,0.0
2023-02-01 12:00:00+09:00,18600.0,18650.0,18475.0,18475.0,463100,0.0,0.0
2023-02-01 13:00:00+09:00,18470.0,18495.0,18435.0,18475.0,58200,0.0,0.0
2023-02-01 14:00:00+09:00,18470.0,18535.0,18450.0,18515.0,87800,0.0,0.0
2023-02-02 09:00:00+09:00,18595.0,18765.0,18470.0,18760.0,424800,0.0,0.0
2023-02-02 10:00:00+09:00,18760.0,18845.0,18760.0,18820.0,70400,0.0,0.0
2023-02-02 11:00:00+09:00,18820.0,18825.0,18650.0,18665.0,0,0.0,0.0
2023-02-02 12:00:00+09:00,18700.0,18785.0,18660.0,18785.0,592000,0.0,0.0
2023-02-02 13:00:00+09:00,18785.0,18800.0,18745.0,18780.0,62400,0.0,0.0
2023-02-02 14:00:00+09:00,18785.0,18785.0,18650.0,18670.0,155100,0.0,0.0
2023-02-03 09:00:00+09:00,18595.0,18670.0,18575.0,18620.0,139300,0.0,0.0
2023-02-03 10:00:00+09:00,18615.0,18635.0,18595.0,18615.0,68400,0.0,0.0
2023-02-03 11:00:00+09:00,18615.0,18620.0,18530.0,18530.0,0,0.0,0.0
2023-02-03 12:00:00+09:00,18510.0,18550.0,18500.0,18550.0,293900,0.0,0.0
2023-02-03 13:00:00+09:00,18545.0,18555.0,18520.0,18545.0,30300,0.0,0.0
2023-02-03 14:00:00+09:00,18540.0,18540.0,18475.0,18490.0,88600,0.0,0.0
2023-02-06 09:00:00+09:00,18555.0,18580.0,18400.0,18425.0,157900,0.0,0.0
2023-02-06 10:00:00+09:00,18425.0,18480.0,18415.0,18460.0,72800,0.0,0.0
2023-02-06 11:00:00+09:00,18465.0,18580.0,18465.0,18560.0,0,0.0,0.0
2023-02-06 12:00:00+09:00,18500.0,18550.0,18460.0,18460.0,301700,0.0,0.0
2023-02-06 13:00:00+09:00,18465.0,18470.0,18415.0,18415.0,48800,0.0,0.0
2023-02-06 14:00:00+09:00,18420.0,18445.0,18385.0,18435.0,91900,0.0,0.0
2023-02-07 09:00:00+09:00,18300.0,18470.0,18285.0,18420.0,142700,0.0,0.0
2023-02-07 10:00:00+09:00,18420.0,18420.0,18240.0,18265.0,70000,0.0,0.0
2023-02-07 11:00:00+09:00,18260.0,18265.0,18185.0,18195.0,0,0.0,0.0
2023-02-07 12:00:00+09:00,18100.0,18165.0,17935.0,17950.0,398700,0.0,0.0
2023-02-07 13:00:00+09:00,17955.0,17975.0,17885.0,17975.0,85200,0.0,0.0
2023-02-07 14:00:00+09:00,17970.0,17975.0,17895.0,17895.0,130500,0.0,0.0
2023-02-08 09:00:00+09:00,17960.0,18100.0,17960.0,18045.0,133400,0.0,0.0
2023-02-08 10:00:00+09:00,18045.0,18050.0,17920.0,17950.0,70200,0.0,0.0
2023-02-08 11:00:00+09:00,17950.0,18005.0,17940.0,17985.0,0,0.0,0.0
2023-02-08 12:00:00+09:00,17960.0,18035.0,17960.0,18030.0,268500,0.0,0.0
2023-02-08 13:00:00+09:00,18025.0,18035.0,18005.0,18030.0,34000,0.0,0.0
2023-02-08 14:00:00+09:00,18030.0,18090.0,18005.0,18090.0,90000,0.0,0.0
2023-02-09 09:00:00+09:00,17880.0,17940.0,17825.0,17940.0,96200,0.0,0.0
2023-02-09 10:00:00+09:00,17945.0,17965.0,17890.0,17920.0,30900,0.0,0.0
2023-02-09 11:00:00+09:00,17915.0,17925.0,17885.0,17895.0,0,0.0,0.0
2023-02-09 12:00:00+09:00,17930.0,18085.0,17930.0,18065.0,190400,0.0,0.0
2023-02-09 13:00:00+09:00,18070.0,18110.0,18060.0,18105.0,38100,0.0,0.0
2023-02-09 14:00:00+09:00,18105.0,18200.0,18105.0,18195.0,101100,0.0,0.0
2023-02-10 09:00:00+09:00,18160.0,18250.0,17990.0,18220.0,165400,0.0,0.0
2023-02-10 10:00:00+09:00,18215.0,18220.0,18155.0,18155.0,59900,0.0,0.0
2023-02-10 11:00:00+09:00,18155.0,18155.0,18080.0,18105.0,0,0.0,0.0
2023-02-10 12:00:00+09:00,18055.0,18055.0,18015.0,18040.0,302500,0.0,0.0
2023-02-10 13:00:00+09:00,18040.0,18065.0,18015.0,18045.0,45800,0.0,0.0
2023-02-10 14:00:00+09:00,18040.0,18070.0,18000.0,18055.0,142600,0.0,0.0
2023-02-13 09:00:00+09:00,18055.0,18135.0,18000.0,18025.0,92500,0.0,0.0
2023-02-13 10:00:00+09:00,18025.0,18040.0,17890.0,18035.0,63400,0.0,0.0
2023-02-13 11:00:00+09:00,18030.0,18055.0,17990.0,18055.0,0,0.0,0.0
2023-02-13 12:00:00+09:00,18055.0,18075.0,18005.0,18020.0,223300,0.0,0.0
2023-02-13 13:00:00+09:00,18015.0,18040.0,18005.0,18010.0,35800,0.0,0.0
2023-02-13 14:00:00+09:00,18015.0,18070.0,18010.0,18045.0,84200,0.0,0.0
2023-02-14 09:00:00+09:00,18165.0,18195.0,18000.0,18080.0,117600,0.0,0.0
2023-02-14 10:00:00+09:00,18075.0,18090.0,17950.0,17950.0,40900,0.0,0.0
2023-02-14 11:00:00+09:00,17955.0,17980.0,17925.0,17965.0,0,0.0,0.0
2023-02-14 12:00:00+09:00,18000.0,18020.0,17975.0,17980.0,211700,0.0,0.0
2023-02-14 13:00:00+09:00,17975.0,18085.0,17975.0,18075.0,39100,0.0,0.0
2023-02-14 14:00:00+09:00,18070.0,18070.0,18005.0,18035.0,61000,0.0,0.0
2023-02-15 09:00:00+09:00,18025.0,18085.0,17890.0,17935.0,130700,0.0,0.0
2023-02-15 10:00:00+09:00,17930.0,17930.0,17855.0,17855.0,54900,0.0,0.0
2023-02-15 11:00:00+09:00,17855.0,17865.0,17810.0,17810.0,0,0.0,0.0
2023-02-15 12:00:00+09:00,17795.0,17815.0,17765.0,17805.0,247100,0.0,0.0
2023-02-15 13:00:00+09:00,17805.0,17830.0,17800.0,17820.0,30300,0.0,0.0
2023-02-15 14:00:00+09:00,17815.0,17840.0,17795.0,17840.0,70100,0.0,0.0
2023-02-16 09:00:00+09:00,17925.0,17930.0,17775.0,17880.0,94400,0.0,0.0
2023-02-16 10:00:00+09:00,17875.0,17930.0,17870.0,17895.0,34000,0.0,0.0
2023-02-16 11:00:00+09:00,17895.0,17905.0,17875.0,17895.0,0,0.0,0.0
2023-02-16 12:00:00+09:00,17890.0,17940.0,17875.0,17915.0,181500,0.0,0.0
2023-02-16 13:00:00+09:00,17915.0,17915.0,17875.0,17890.0,37600,0.0,0.0
2023-02-16 14:00:00+09:00,17890.0,17980.0,17885.0,17980.0,90800,0.0,0.0
2023-02-17 09:00:00+09:00,17690.0,17835.0,17660.0,17740.0,202500,0.0,0.0
2023-02-17 10:00:00+09:00,17750.0,17785.0,17710.0,17715.0,77700,0.0,0.0
2023-02-17 11:00:00+09:00,17710.0,17720.0,17660.0,17715.0,0,0.0,0.0
2023-02-17 12:00:00+09:00,17685.0,17730.0,17665.0,17715.0,387200,0.0,0.0
2023-02-17 13:00:00+09:00,17710.0,17740.0,17670.0,17705.0,50500,0.0,0.0
2023-02-17 14:00:00+09:00,17705.0,17715.0,17685.0,17695.0,136200,0.0,0.0
2023-02-20 09:00:00+09:00,17660.0,17660.0,17490.0,17500.0,185800,0.0,0.0
2023-02-20 10:00:00+09:00,17495.0,17585.0,17490.0,17575.0,69700,0.0,0.0
2023-02-20 11:00:00+09:00,17580.0,17580.0,17530.0,17530.0,0,0.0,0.0
2023-02-20 12:00:00+09:00,17500.0,17545.0,17490.0,17490.0,338000,0.0,0.0
2023-02-20 13:00:00+09:00,17490.0,17520.0,17485.0,17505.0,54900,0.0,0.0
2023-02-20 14:00:00+09:00,17505.0,17515.0,17485.0,17515.0,119900,0.0,0.0
2023-02-21 09:00:00+09:00,17520.0,17590.0,17465.0,17500.0,140000,0.0,0.0
2023-02-21 10:00:00+09:00,17490.0,17550.0,17465.0,17515.0,55600,0.0,0.0
2023-02-21 11:00:00+09:00,17515.0,17545.0,17510.0,17530.0,0,0.0,0.0
2023-02-21 12:00:00+09:00,17525.0,17525.0,17465.0,17470.0,282900,0.0,0.0
2023-02-21 13:00:00+09:00,17465.0,17490.0,17440.0,17485.0,61400,0.0,0.0
2023-02-21 14:00:00+09:00,17485.0,17510.0,17455.0,17465.0,132300,0.0,0.0
2023-02-22 09:00:00+09:00,17220.0,17370.0,17150.0,17305.0,236700,0.0,0.0
2023-02-22 10:00:00+09:00,17295.0,17295.0,17240.0,17265.0,63500,0.0,0.0
2023-02-22 11:00:00+09:00,17265.0,17265.0,17245.0,17250.0,0,0.0,0.0
2023-02-22 12:00:00+09:00,17240.0,17275.0,17240.0,17270.0,378100,0.0,0.0
2023-02-22 13:00:00+09:00,17265.0,17270.0,17230.0,17255.0,44000,0.0,0.0
2023-02-22 14:00:00+09:00,17255.0,17280.0,17240.0,17280.0,83700,0.0,0.0
2023-02-24 09:00:00+09:00,17220.0,17325.0,17175.0,17300.0,180000,0.0,0.0
2023-02-24 10:00:00+09:00,17300.0,17410.0,17295.0,17390.0,56100,0.0,0.0
2023-02-24 11:00:00+09:00,17385.0,17400.0,17360.0,17360.0,0,0.0,0.0
2023-02-24 12:00:00+09:00,17350.0,17365.0,17320.0,17365.0,289700,0.0,0.0
2023-02-24 13:00:00+09:00,17365.0,17385.0,17355.0,17385.0,30600,0.0,0.0
2023-02-24 14:00:00+09:00,17385.0,17430.0,17370.0,17420.0,95300,0.0,0.0
2023-02-27 09:00:00+09:00,17350.0,17395.0,17280.0,17340.0,137000,0.0,0.0
2023-02-27 10:00:00+09:00,17335.0,17365.0,17285.0,17345.0,67600,0.0,0.0
2023-02-27 11:00:00+09:00,17350.0,17350.0,17325.0,17325.0,0,0.0,0.0
2023-02-27 12:00:00+09:00,17325.0,17365.0,17315.0,17355.0,277600,0.0,0.0
2023-02-27 13:00:00+09:00,17360.0,17380.0,17355.0,17365.0,46700,0.0,0.0
2023-02-27 14:00:00+09:00,17370.0,17430.0,17350.0,17430.0,87100,0.0,0.0
2023-02-28 09:00:00+09:00,17395.0,17510.0,17390.0,17490.0,126900,0.0,0.0
2023-02-28 10:00:00+09:00,17490.0,17490.0,17450.0,17460.0,61500,0.0,0.0
2023-02-28 11:00:00+09:00,17455.0,17470.0,17435.0,17465.0,0,0.0,0.0
2023-02-28 12:00:00+09:00,17480.0,17480.0,17465.0,17470.0,250000,0.0,0.0
2023-02-28 13:00:00+09:00,17465.0,17480.0,17430.0,17465.0,43600,0.0,0.0
2023-02-28 14:00:00+09:00,17465.0,17515.0,17435.0,17500.0,83400,0.0,0.0
2023-03-01 09:00:00+09:00,17330.0,17395.0,17250.0,17310.0,119900,0.0,0.0
2023-03-01 10:00:00+09:00,17305.0,17390.0,17280.0,17370.0,50400,0.0,0.0
2023-03-01 11:00:00+09:00,17375.0,17385.0,17360.0,17380.0,0,0.0,0.0
2023-03-01 12:00:00+09:00,17370.0,17415.0,17370.0,17380.0,235100,0.0,0.0
2023-03-01 13:00:00+09:00,17385.0,17420.0,17360.0,17390.0,42100,0.0,0.0
2023-03-01 14:00:00+09:00,17390.0,17410.0,17355.0,17405.0,89000,0.0,0.0
2023-03-02 09:00:00+09:00,17495.0,17610.0,17460.0,17575.0,117100,0.0,0.0
2023-03-02 10:00:00+09:00,17575.0,17680.0,17560.0,17595.0,59800,0.0,0.0
2023-03-02 11:00:00+09:00,17595.0,17640.0,17595.0,17625.0,0,0.0,0.0
2023-03-02 12:00:00+09:00,17610.0,17685.0,17605.0,17670.0,239400,0.0,0.0
2023-03-02 13:00:00+09:00,17675.0,17800.0,17675.0,17795.0,73600,0.0,0.0
2023-03-02 14:00:00+09:00,17800.0,17915.0,17790.0,17915.0,131100,0.0,0.0
2023-03-03 09:00:00+09:00,18000.0,18440.0,17970.0,18415.0,261400,0.0,0.0
2023-03-03 10:00:00+09:00,18415.0,18645.0,18410.0,18610.0,191700,0.0,0.0
2023-03-03 11:00:00+09:00,18615.0,18640.0,18580.0,18640.0,0,0.0,0.0
2023-03-03 12:00:00+09:00,18605.0,18620.0,18550.0,18555.0,554700,0.0,0.0
2023-03-03 13:00:00+09:00,18560.0,18565.0,18365.0,18365.0,208400,0.0,0.0
2023-03-03 14:00:00+09:00,18370.0,18415.0,18370.0,18390.0,112000,0.0,0.0
2023-03-06 09:00:00+09:00,18485.0,18545.0,18335.0,18350.0,130600,0.0,0.0
2023-03-06 10:00:00+09:00,18345.0,18375.0,18245.0,18320.0,70100,0.0,0.0
2023-03-06 11:00:00+09:00,18325.0,18340.0,18295.0,18315.0,0,0.0,0.0
2023-03-06 12:00:00+09:00,18300.0,18340.0,18290.0,18340.0,270500,0.0,0.0
2023-03-06 13:00:00+09:00,18345.0,18355.0,18305.0,18310.0,58500,0.0,0.0
2023-03-06 14:00:00+09:00,18305.0,18345.0,18265.0,18345.0,110100,0.0,0.0
2023-03-07 09:00:00+09:00,18255.0,18400.0,18220.0,18395.0,106800,0.0,0.0
2023-03-07 10:00:00+09:00,18395.0,18510.0,18395.0,18440.0,46700,0.0,0.0
2023-03-07 11:00:00+09:00,18450.0,18480.0,18340.0,18350.0,0,0.0,0.0
2023-03-07 12:00:00+09:00,18320.0,18375.0,18320.0,18370.0,228700,0.0,0.0
2023-03-07 13:00:00+09:00,18370.0,18375.0,18275.0,18280.0,34400,0.0,0.0
2023-03-07 14:00:00+09:00,18285.0,18320.0,18270.0,18320.0,59200,0.0,0.0
2023-03-08 09:00:00+09:00,18255.0,18465.0,18255.0,18450.0,104400,0.0,0.0
2023-03-08 10:00:00+09:00,18450.0,18540.0,18385.0,18395.0,113000,0.0,0.0
2023-03-08 11:00:00+09:00,18395.0,18470.0,18390.0,18470.0,0,0.0,0.0
2023-03-08 12:00:00+09:00,18465.0,18570.0,18465.0,18550.0,354600,0.0,0.0
2023-03-08 13:00:00+09:00,18560.0,18565.0,18420.0,18505.0,123100,0.0,0.0
2023-03-08 14:00:00+09:00,18510.0,18555.0,18505.0,18520.0,63400,0.0,0.0
2023-03-09 09:00:00+09:00,18500.0,18625.0,18465.0,18545.0,99000,0.0,0.0
2023-03-09 10:00:00+09:00,18540.0,18585.0,18450.0,18490.0,136900,0.0,0.0
2023-03-09 11:00:00+09:00,18490.0,18535.0,18490.0,18510.0,0,0.0,0.0
2023-03-09 12:00:00+09:00,18505.0,18535.0,18505.0,18520.0,265100,0.0,0.0
2023-03-09 13:00:00+09:00,18520.0,18520.0,18475.0,18495.0,25900,0.0,0.0
2023-03-09 14:00:00+09:00,18500.0,18575.0,18500.0,18540.0,33100,0.0,0.0
2023-03-10 09:00:00+09:00,18350.0,18485.0,18340.0,18410.0,323000,0.0,0.0
2023-03-10 10:00:00+09:00,18415.0,18470.0,18410.0,18425.0,18100,0.0,0.0
2023-03-10 11:00:00+09:00,18425.0,18450.0,18405.0,18415.0,0,0.0,0.0
2023-03-10 12:00:00+09:00,18400.0,18450.0,18365.0,18375.0,379100,0.0,0.0
2023-03-10 13:00:00+09:00,18370.0,18420.0,18340.0,18395.0,0,0.0,0.0
2023-03-10 14:00:00+09:00,18390.0,18430.0,18370.0,18370.0,437600,0.0,0.0
2023-03-13 09:00:00+09:00,18220.0,18260.0,17985.0,17990.0,156800,0.0,0.0
2023-03-13 10:00:00+09:00,17990.0,18045.0,17960.0,17995.0,53800,0.0,0.0
2023-03-13 11:00:00+09:00,17990.0,18060.0,17980.0,18050.0,0,0.0,0.0
2023-03-13 12:00:00+09:00,18070.0,18140.0,18070.0,18100.0,267200,0.0,0.0
2023-03-13 13:00:00+09:00,18095.0,18120.0,18045.0,18075.0,41000,0.0,0.0
2023-03-13 14:00:00+09:00,18080.0,18205.0,18060.0,18205.0,65500,0.0,0.0
2023-03-14 09:00:00+09:00,18010.0,18025.0,17805.0,17820.0,174800,0.0,0.0
2023-03-14 10:00:00+09:00,17825.0,17905.0,17805.0,17895.0,70300,0.0,0.0
2023-03-14 11:00:00+09:00,17900.0,18000.0,17900.0,17950.0,0,0.0,0.0
2023-03-14 12:00:00+09:00,17905.0,18025.0,17895.0,17910.0,327500,0.0,0.0
2023-03-14 13:00:00+09:00,17910.0,17925.0,17860.0,17865.0,39000,0.0,0.0
2023-03-14 14:00:00+09:00,17865.0,17895.0,17825.0,17855.0,93500,0.0,0.0
2023-03-15 09:00:00+09:00,17855.0,17875.0,17725.0,17755.0,136400,0.0,0.0
2023-03-15 10:00:00+09:00,17760.0,17865.0,17755.0,17865.0,33300,0.0,0.0
2023-03-15 11:00:00+09:00,17860.0,17865.0,17820.0,17820.0,0,0.0,0.0
2023-03-15 12:00:00+09:00,17805.0,17830.0,17760.0,17765.0,216500,0.0,0.0
2023-03-15 13:00:00+09:00,17760.0,17790.0,17745.0,17775.0,41000,0.0,0.0
2023-03-15 14:00:00+09:00,17775.0,17775.0,17690.0,17770.0,78400,0.0,0.0
2023-03-16 09:00:00+09:00,17500.0,17910.0,17485.0,17910.0,173900,0.0,0.0
2023-03-16 10:00:00+09:00,17905.0,17965.0,17820.0,17860.0,75900,0.0,0.0
2023-03-16 11:00:00+09:00,17865.0,17940.0,17865.0,17925.0,0,0.0,0.0
2023-03-16 12:00:00+09:00,17910.0,17940.0,17875.0,17905.0,325500,0.0,0.0
2023-03-16 13:00:00+09:00,17910.0,17970.0,17905.0,17960.0,51500,0.0,0.0
2023-03-16 14:00:00+09:00,17965.0,17970.0,17910.0,17910.0,85600,0.0,0.0
2023-03-17 09:00:00+09:00,17980.0,18210.0,17980.0,18125.0,147900,0.0,0.0
2023-03-17 10:00:00+09:00,18125.0,18200.0,18070.0,18170.0,85500,0.0,0.0
2023-03-17 11:00:00+09:00,18175.0,18215.0,18175.0,18185.0,0,0.0,0.0
2023-03-17 12:00:00+09:00,18165.0,18210.0,18165.0,18195.0,293700,0.0,0.0
2023-03-17 13:00:00+09:00,18190.0,18310.0,18190.0,18300.0,69900,0.0,0.0
2023-03-17 14:00:00+09:00,18300.0,18385.0,18295.0,18350.0,100500,0.0,0.0
2023-03-20 09:00:00+09:00,18355.0,18355.0,18135.0,18325.0,64500,0.0,0.0
2023-03-20 10:00:00+09:00,18325.0,18325.0,18255.0,18315.0,33100,0.0,0.0
2023-03-20 11:00:00+09:00,18320.0,18355.0,18290.0,18290.0,0,0.0,0.0
2023-03-20 12:00:00+09:00,18250.0,18270.0,18220.0,18255.0,127500,0.0,0.0
2023-03-20 13:00:00+09:00,18255.0,18255.0,18180.0,18200.0,32800,0.0,0.0
2023-03-20 14:00:00+09:00,18195.0,18210.0,18110.0,18115.0,69200,0.0,0.0
2023-03-22 09:00:00+09:00,18450.0,18450.0,18240.0,18250.0,117700,0.0,0.0
2023-03-22 10:00:00+09:00,18250.0,18260.0,18110.0,18190.0,80300,0.0,0.0
2023-03-22 11:00:00+09:00,18190.0,18190.0,18135.0,18170.0,0,0.0,0.0
2023-03-22 12:00:00+09:00,18100.0,18205.0,18100.0,18195.0,260500,0.0,0.0
2023-03-22 13:00:00+09:00,18200.0,18205.0,18165.0,18185.0,38400,0.0,0.0
2023-03-22 14:00:00+09:00,18190.0,18240.0,18145.0,18170.0,106800,0.0,0.0
2023-03-23 09:00:00+09:00,17965.0,17975.0,17735.0,17790.0,136000,0.0,0.0
2023-03-23 10:00:00+09:00,17795.0,17830.0,17680.0,17690.0,71400,0.0,0.0
2023-03-23 11:00:00+09:00,17690.0,17740.0,17670.0,17705.0,0,0.0,0.0
2023-03-23 12:00:00+09:00,17690.0,17815.0,17690.0,17750.0,292200,0.0,0.0
2023-03-23 13:00:00+09:00,17750.0,17755.0,17705.0,17745.0,39900,0.0,0.0
2023-03-23 14:00:00+09:00,17740.0,17790.0,17720.0,17735.0,95900,0.0,0.0
2023-03-24 09:00:00+09:00,17600.0,17650.0,17435.0,17550.0,194300,0.0,0.0
2023-03-24 10:00:00+09:00,17545.0,17595.0,17515.0,17585.0,106800,0.0,0.0
2023-03-24 11:00:00+09:00,17575.0,17610.0,17555.0,17565.0,0,0.0,0.0
2023-03-24 12:00:00+09:00,17555.0,17610.0,17555.0,17570.0,386400,0.0,0.0
2023-03-24 13:00:00+09:00,17575.0,17590.0,17550.0,17570.0,64100,0.0,0.0
2023-03-24 14:00:00+09:00,17565.0,17610.0,17560.0,17600.0,111200,0.0,0.0
2023-03-27 09:00:00+09:00,17535.0,17625.0,17500.0,17545.0,108200,0.0,0.0
2023-03-27 10:00:00+09:00,17545.0,17635.0,17495.0,17625.0,51500,0.0,0.0
2023-03-27 11:00:00+09:00,17625.0,17635.0,17605.0,17620.0,0,0.0,0.0
2023-03-27 12:00:00+09:00,17575.0,17655.0,17575.0,17610.0,217800,0.0,0.0
2023-03-27 13:00:00+09:00,17605.0,17610.0,17530.0,17535.0,32000,0.0,0.0
2023-03-27 14:00:00+09:00,17535.0,17555.0,17505.0,17550.0,74700,0.0,0.0
2023-03-28 09:00:00+09:00,17595.0,17650.0,17490.0,17555.0,102700,0.0,0.0
2023-03-28 10:00:00+09:00,17550.0,17610.0,17520.0,17520.0,56100,0.0,0.0
2023-03-28 11:00:00+09:00,17520.0,17520.0,17460.0,17495.0,0,0.0,0.0
2023-03-28 12:00:00+09:00,17460.0,17540.0,17460.0,17520.0,228300,0.0,0.0
2023-03-28 13:00:00+09:00,17525.0,17535.0,17495.0,17525.0,42400,0.0,0.0
2023-03-28 14:00:00+09:00,17525.0,17610.0,17520.0,17595.0,91400,0.0,0.0
2023-03-29 09:00:00+09:00,17575.0,17580.0,17460.0,17500.0,111400,0.0,0.0
2023-03-29 10:00:00+09:00,17500.0,17505.0,17430.0,17450.0,82400,0.0,0.0
2023-03-29 11:00:00+09:00,17450.0,17460.0,17415.0,17430.0,0,0.0,0.0
2023-03-29 12:00:00+09:00,17430.0,17525.0,17430.0,17495.0,297600,0.0,0.0
2023-03-29 13:00:00+09:00,17500.0,17530.0,17490.0,17510.0,63500,0.0,0.0
2023-03-29 14:00:00+09:00,17510.0,17620.0,17505.0,17620.0,192100,0.0,0.0
2023-03-30 09:00:00+09:00,17650.0,17720.0,17490.0,17665.0,133100,0.0,0.0
2023-03-30 10:00:00+09:00,17670.0,17715.0,17655.0,17695.0,46100,0.0,0.0
2023-03-30 11:00:00+09:00,17690.0,17700.0,17645.0,17660.0,0,0.0,0.0
2023-03-30 12:00:00+09:00,17630.0,17650.0,17595.0,17610.0,231000,0.0,0.0
2023-03-30 13:00:00+09:00,17610.0,17655.0,17595.0,17650.0,44700,0.0,0.0
2023-03-30 14:00:00+09:00,17650.0,17720.0,17635.0,17705.0,100200,0.0,0.0
2023-03-31 09:00:00+09:00,17900.0,18045.0,17870.0,17890.0,143000,0.0,0.0
2023-03-31 10:00:00+09:00,17890.0,17890.0,17770.0,17770.0,51200,0.0,0.0
2023-03-31 11:00:00+09:00,17775.0,17775.0,17695.0,17740.0,0,0.0,0.0
2023-03-31 12:00:00+09:00,17715.0,17800.0,17690.0,17780.0,251300,0.0,0.0
2023-03-31 13:00:00+09:00,17780.0,17840.0,17755.0,17820.0,34600,0.0,0.0
2023-03-31 14:00:00+09:00,17830.0,17850.0,17770.0,17845.0,120600,0.0,0.0
2023-04-03 09:00:00+09:00,18070.0,18355.0,18010.0,18310.0,210100,0.0,0.0
2023-04-03 10:00:00+09:00,18305.0,18315.0,18205.0,18235.0,56400,0.0,0.0
2023-04-03 11:00:00+09:00,18235.0,18265.0,18210.0,18220.0,0,0.0,0.0
2023-04-03 12:00:00+09:00,18230.0,18285.0,18190.0,18235.0,334700,0.0,0.0
2023-04-03 13:00:00+09:00,18230.0,18255.0,18170.0,18170.0,46900,0.0,0.0
2023-04-03 14:00:00+09:00,18180.0,18255.0,18170.0,18255.0,94100,0.0,0.0
2023-04-04 09:00:00+09:00,18180.0,18260.0,18070.0,18115.0,112800,0.0,0.0
2023-04-04 10:00:00+09:00,18120.0,18325.0,18110.0,18275.0,54500,0.0,0.0
2023-04-04 11:00:00+09:00,18270.0,18300.0,18250.0,18300.0,0,0.0,0.0
2023-04-04 12:00:00+09:00,18310.0,18320.0,18260.0,18270.0,228700,0.0,0.0
2023-04-04 13:00:00+09:00,18265.0,18290.0,18245.0,18270.0,34400,0.0,0.0
2023-04-04 14:00:00+09:00,18270.0,18305.0,18255.0,18290.0,63900,0.0,0.0
2023-04-05 09:00:00+09:00,18250.0,18260.0,18135.0,18205.0,85700,0.0,0.0
2023-04-05 10:00:00+09:00,18210.0,18210.0,18015.0,18030.0,55000,0.0,0.0
2023-04-05 11:00:00+09:00,18025.0,18050.0,18005.0,18010.0,0,0.0,0.0
2023-04-05 12:00:00+09:00,18005.0,18015.0,17960.0,17975.0,185200,0.0,0.0
2023-04-05 13:00:00+09:00,17975.0,17975.0,17910.0,17935.0,29300,0.0,0.0
2023-04-05 14:00:00+09:00,17930.0,17950.0,17890.0,17940.0,62500,0.0,0.0
2023-04-06 09:00:00+09:00,17550.0,17575.0,17245.0,17395.0,220100,0.0,0.0
2023-04-06 10:00:00+09:00,17400.0,17410.0,17270.0,17290.0,87900,0.0,0.0
2023-04-06 11:00:00+09:00,17300.0,17300.0,17220.0,17250.0,0,0.0,0.0
2023-04-06 12:00:00+09:00,17245.0,17300.0,17230.0,17290.0,401600,0.0,0.0
2023-04-06 13:00:00+09:00,17280.0,17285.0,17230.0,17240.0,42100,0.0,0.0
2023-04-06 14:00:00+09:00,17240.0,17245.0,17130.0,17155.0,125500,0.0,0.0
2023-04-07 09:00:00+09:00,17200.0,17270.0,17150.0,17210.0,77400,0.0,0.0
2023-04-07 10:00:00+09:00,17205.0,17215.0,17190.0,17205.0,24900,0.0,0.0
2023-04-07 11:00:00+09:00,17205.0,17205.0,17065.0,17070.0,0,0.0,0.0
2023-04-07 12:00:00+09:00,17070.0,17135.0,17040.0,17125.0,168500,0.0,0.0
2023-04-07 13:00:00+09:00,17130.0,17150.0,17035.0,17060.0,51600,0.0,0.0
2023-04-07 14:00:00+09:00,17060.0,17135.0,17060.0,17105.0,54700,0.0,0.0
2023-04-10 09:00:00+09:00,17155.0,17210.0,17010.0,17035.0,74000,0.0,0.0
2023-04-10 10:00:00+09:00,17040.0,17040.0,16955.0,16975.0,56500,0.0,0.0
2023-04-10 11:00:00+09:00,16970.0,16985.0,16945.0,16980.0,0,0.0,0.0
2023-04-10 12:00:00+09:00,16985.0,17020.0,16985.0,16995.0,172800,0.0,0.0
2023-04-10 13:00:00+09:00,16990.0,17075.0,16990.0,17045.0,32700,0.0,0.0
2023-04-10 14:00:00+09:00,17040.0,17095.0,17015.0,17095.0,70700,0.0,0.0
2023-04-11 09:00:00+09:00,17250.0,17340.0,17250.0,17320.0,77200,0.0,0.0
2023-04-11 10:00:00+09:00,17320.0,17410.0,17300.0,17385.0,58200,0.0,0.0
2023-04-11 11:00:00+09:00,17390.0,17435.0,17350.0,17365.0,0,0.0,0.0
2023-04-11 12:00:00+09:00,17415.0,17415.0,17310.0,17390.0,190400,0.0,0.0
2023-04-11 13:00:00+09:00,17390.0,17485.0,17365.0,17485.0,56300,0.0,0.0
2023-04-11 14:00:00+09:00,17485.0,17495.0,17455.0,17480.0,78500,0.0,0.0
2023-04-12 09:00:00+09:00,17410.0,17465.0,17330.0,17400.0,52300,0.0,0.0
2023-04-12 10:00:00+09:00,17405.0,17435.0,17385.0,17435.0,21300,0.0,0.0
2023-04-12 11:00:00+09:00,17440.0,17480.0,17420.0,17455.0,0,0.0,0.0
2023-04-12 12:00:00+09:00,17485.0,17495.0,17455.0,17480.0,107500,0.0,0.0
2023-04-12 13:00:00+09:00,17485.0,17545.0,17485.0,17495.0,25600,0.0,0.0
2023-04-12 14:00:00+09:00,17500.0,17540.0,17500.0,17540.0,35500,0.0,0.0
2023-04-13 09:00:00+09:00,17570.0,17585.0,17475.0,17545.0,75500,0.0,0.0
2023-04-13 10:00:00+09:00,17550.0,17680.0,17525.0,17630.0,47200,0.0,0.0
2023-04-13 11:00:00+09:00,17635.0,17660.0,17615.0,17620.0,0,0.0,0.0
2023-04-13 12:00:00+09:00,17615.0,17640.0,17585.0,17585.0,164600,0.0,0.0
2023-04-13 13:00:00+09:00,17590.0,17625.0,17570.0,17620.0,35000,0.0,0.0
2023-04-13 14:00:00+09:00,17620.0,17650.0,17575.0,17590.0,69200,0.0,0.0
2023-04-14 09:00:00+09:00,17785.0,17840.0,17700.0,17780.0,137400,0.0,0.0
2023-04-14 10:00:00+09:00,17775.0,17840.0,17775.0,17800.0,42200,0.0,0.0
2023-04-14 11:00:00+09:00,17795.0,17810.0,17765.0,17775.0,0,0.0,0.0
2023-04-14 12:00:00+09:00,17805.0,17805.0,17770.0,17795.0,215000,0.0,0.0
2023-04-14 13:00:00+09:00,17795.0,17815.0,17775.0,17810.0,29200,0.0,0.0
2023-04-14 14:00:00+09:00,17810.0,17820.0,17785.0,17795.0,51200,0.0,0.0
2023-04-17 09:00:00+09:00,17955.0,17965.0,17850.0,17855.0,81800,0.0,0.0
2023-04-17 10:00:00+09:00,17850.0,17950.0,17845.0,17910.0,29200,0.0,0.0
2023-04-17 11:00:00+09:00,17905.0,17930.0,17900.0,17915.0,0,0.0,0.0
2023-04-17 12:00:00+09:00,17925.0,17930.0,17875.0,17915.0,142400,0.0,0.0
2023-04-17 13:00:00+09:00,17915.0,17950.0,17905.0,17940.0,21300,0.0,0.0
2023-04-17 14:00:00+09:00,17945.0,17960.0,17920.0,17955.0,43800,0.0,0.0
2023-04-18 09:00:00+09:00,18000.0,18120.0,17955.0,18110.0,142600,0.0,0.0
2023-04-18 10:00:00+09:00,18115.0,18125.0,18070.0,18085.0,33000,0.0,0.0
2023-04-18 11:00:00+09:00,18090.0,18095.0,18070.0,18075.0,0,0.0,0.0
2023-04-18 12:00:00+09:00,18085.0,18090.0,18025.0,18030.0,205500,0.0,0.0
2023-04-18 13:00:00+09:00,18035.0,18075.0,18025.0,18040.0,20200,0.0,0.0
2023-04-18 14:00:00+09:00,18040.0,18110.0,18040.0,18110.0,49300,0.0,0.0
2023-04-19 09:00:00+09:00,17910.0,17990.0,17860.0,17940.0,106300,0.0,0.0
2023-04-19 10:00:00+09:00,17940.0,17995.0,17890.0,17965.0,36700,0.0,0.0
2023-04-19 11:00:00+09:00,17965.0,17975.0,17925.0,17935.0,0,0.0,0.0
2023-04-19 12:00:00+09:00,17925.0,17945.0,17900.0,17945.0,184800,0.0,0.0
2023-04-19 13:00:00+09:00,17940.0,17975.0,17935.0,17950.0,30200,0.0,0.0
2023-04-19 14:00:00+09:00,17950.0,17970.0,17920.0,17970.0,51400,0.0,0.0
2023-04-20 09:00:00+09:00,17880.0,17975.0,17850.0,17935.0,94300,0.0,0.0
2023-04-20 10:00:00+09:00,17930.0,18095.0,17915.0,18075.0,43600,0.0,0.0
2023-04-20 11:00:00+09:00,18075.0,18120.0,18070.0,18115.0,0,0.0,0.0
2023-04-20 12:00:00+09:00,18115.0,18175.0,18115.0,18150.0,201000,0.0,0.0
2023-04-20 13:00:00+09:00,18160.0,18175.0,18145.0,18165.0,47200,0.0,0.0
2023-04-20 14:00:00+09:00,18160.0,18240.0,18135.0,18205.0,136900,0.0,0.0
2023-04-21 09:00:00+09:00,18240.0,18295.0,18165.0,18295.0,92000,0.0,0.0
2023-04-21 10:00:00+09:00,18300.0,18315.0,18120.0,18175.0,64500,0.0,0.0
2023-04-21 11:00:00+09:00,18170.0,18185.0,18150.0,18160.0,0,0.0,0.0
2023-04-21 12:00:00+09:00,18160.0,18170.0,18105.0,18110.0,233100,0.0,0.0
2023-04-21 13:00:00+09:00,18110.0,18110.0,17990.0,18050.0,61800,0.0,0.0
2023-04-21 14:00:00+09:00,18055.0,18150.0,18050.0,18120.0,74900,0.0,0.0
2023-04-24 09:00:00+09:00,18205.0,18245.0,18125.0,18160.0,67500,0.0,0.0
2023-04-24 10:00:00+09:00,18160.0,18235.0,18145.0,18210.0,43000,0.0,0.0
2023-04-24 11:00:00+09:00,18205.0,18215.0,18160.0,18180.0,0,0.0,0.0
2023-04-24 12:00:00+09:00,18135.0,18185.0,18125.0,18185.0,147100,0.0,0.0
2023-04-24 13:00:00+09:00,18185.0,18195.0,18165.0,18165.0,34500,0.0,0.0
2023-04-24 14:00:00+09:00,18160.0,18195.0,18115.0,18165.0,51100,0.0,0.0
2023-04-25 09:00:00+09:00,18235.0,18315.0,18150.0,18190.0,0,0.0,0.0
2023-04-25 10:00:00+09:00,18200.0,18220.0,18140.0,18210.0,151600,0.0,0.0
2023-04-25 11:00:00+09:00,18215.0,18215.0,18190.0,18205.0,0,0.0,0.0
2023-04-25 12:00:00+09:00,18210.0,18245.0,18195.0,18220.0,198300,0.0,0.0
2023-04-25 13:00:00+09:00,18230.0,18250.0,18205.0,18240.0,32200,0.0,0.0
2023-04-25 14:00:00+09:00,18245.0,18290.0,18215.0,18280.0,74800,0.0,0.0
2023-04-26 09:00:00+09:00,18330.0,18330.0,18195.0,18240.0,95600,0.0,0.0
2023-04-26 10:00:00+09:00,18250.0,18275.0,18205.0,18205.0,23700,0.0,0.0
2023-04-26 11:00:00+09:00,18210.0,18230.0,18165.0,18190.0,0,0.0,0.0
2023-04-26 12:00:00+09:00,18150.0,18210.0,18130.0,18155.0,160600,0.0,0.0
2023-04-26 13:00:00+09:00,18145.0,18200.0,18140.0,18195.0,27700,0.0,0.0
2023-04-26 14:00:00+09:00,18200.0,18225.0,18180.0,18220.0,48000,0.0,0.0
2023-04-27 09:00:00+09:00,18170.0,18195.0,17955.0,17955.0,129200,0.0,0.0
2023-04-27 10:00:00+09:00,17960.0,18060.0,17955.0,18060.0,53200,0.0,0.0
2023-04-27 11:00:00+09:00,18055.0,18085.0,18030.0,18030.0,0,0.0,0.0
2023-04-27 12:00:00+09:00,18030.0,18080.0,18030.0,18065.0,241100,0.0,0.0
2023-04-27 13:00:00+09:00,18065.0,18150.0,18065.0,18140.0,45600,0.0,0.0
2023-04-27 14:00:00+09:00,18135.0,18220.0,18125.0,18205.0,88500,0.0,0.0
2023-04-28 09:00:00+09:00,17970.0,18055.0,17655.0,17675.0,421900,0.0,0.0
2023-04-28 10:00:00+09:00,17680.0,17865.0,17640.0,17835.0,146600,0.0,0.0
2023-04-28 11:00:00+09:00,17835.0,17955.0,17825.0,17930.0,0,0.0,0.0
2023-04-28 12:00:00+09:00,17930.0,18030.0,17880.0,17975.0,712400,0.0,0.0
2023-04-28 13:00:00+09:00,17980.0,18145.0,17875.0,17885.0,143500,0.0,0.0
2023-04-28 14:00:00+09:00,17885.0,18065.0,17880.0,18050.0,147800,0.0,0.0
2023-05-01 09:00:00+09:00,18215.0,18580.0,18215.0,18495.0,222200,0.0,0.0
2023-05-01 10:00:00+09:00,18490.0,18570.0,18475.0,18550.0,86100,0.0,0.0
2023-05-01 11:00:00+09:00,18545.0,18620.0,18525.0,18560.0,0,0.0,0.0
2023-05-01 12:00:00+09:00,18560.0,18595.0,18530.0,18545.0,394600,0.0,0.0
2023-05-01 13:00:00+09:00,18550.0,18640.0,18530.0,18625.0,62200,0.0,0.0
2023-05-01 14:00:00+09:00,18625.0,18790.0,18625.0,18760.0,139400,0.0,0.0
2023-05-02 09:00:00+09:00,18615.0,18805.0,18605.0,18635.0,108700,0.0,0.0
2023-05-02 10:00:00+09:00,18625.0,18685.0,18475.0,18560.0,61000,0.0,0.0
2023-05-02 11:00:00+09:00,18555.0,18560.0,18480.0,18500.0,0,0.0,0.0
2023-05-02 12:00:00+09:00,18485.0,18500.0,18410.0,18475.0,250600,0.0,0.0
2023-05-02 13:00:00+09:00,18480.0,18505.0,18425.0,18465.0,45500,0.0,0.0
2023-05-02 14:00:00+09:00,18465.0,18495.0,18385.0,18400.0,96000,0.0,0.0
2023-05-08 09:00:00+09:00,18150.0,18280.0,17935.0,18160.0,271900,0.0,0.0
2023-05-08 10:00:00+09:00,18155.0,18160.0,17995.0,17995.0,75600,0.0,0.0
2023-05-08 11:00:00+09:00,18005.0,18015.0,17955.0,17985.0,0,0.0,0.0
2023-05-08 12:00:00+09:00,17980.0,18000.0,17935.0,17950.0,443600,0.0,0.0
2023-05-08 13:00:00+09:00,17945.0,18010.0,17940.0,17985.0,50200,0.0,0.0
2023-05-08 14:00:00+09:00,17990.0,18015.0,17965.0,17995.0,101400,0.0,0.0
2023-05-09 09:00:00+09:00,18095.0,18265.0,18070.0,18220.0,0,0.0,0.0
2023-05-09 10:00:00+09:00,18215.0,18370.0,18210.0,18290.0,207900,0.0,0.0
2023-05-09 11:00:00+09:00,18280.0,18280.0,18185.0,18215.0,0,0.0,0.0
2023-05-09 12:00:00+09:00,18185.0,18215.0,18150.0,18195.0,296400,0.0,0.0
2023-05-09 13:00:00+09:00,18195.0,18265.0,18145.0,18235.0,64900,0.0,0.0
2023-05-09 14:00:00+09:00,18230.0,18245.0,18180.0,18180.0,85800,0.0,0.0
2023-05-10 09:00:00+09:00,18120.0,18200.0,17955.0,17965.0,117500,0.0,0.0
2023-05-10 10:00:00+09:00,17960.0,17970.0,17870.0,17885.0,84900,0.0,0.0
2023-05-10 11:00:00+09:00,17885.0,17885.0,17865.0,17870.0,0,0.0,0.0
2023-05-10 12:00:00+09:00,17870.0,17875.0,17810.0,17820.0,283500,0.0,0.0
2023-05-10 13:00:00+09:00,17825.0,17905.0,17825.0,17890.0,61400,0.0,0.0
2023-05-10 14:00:00+09:00,17900.0,17905.0,17835.0,17860.0,87800,0.0,0.0
2023-05-11 09:00:00+09:00,17890.0,17955.0,17845.0,17950.0,153600,0.0,0.0
2023-05-11 10:00:00+09:00,17945.0,17970.0,17915.0,17925.0,57000,0.0,0.0
2023-05-11 11:00:00+09:00,17920.0,17935.0,17900.0,17900.0,0,0.0,0.0
2023-05-11 12:00:00+09:00,17930.0,17930.0,17870.0,17920.0,262600,0.0,0.0
2023-05-11 13:00:00+09:00,17915.0,17915.0,17855.0,17870.0,52200,0.0,0.0
2023-05-11 14:00:00+09:00,17870.0,17895.0,17810.0,17830.0,91300,0.0,0.0
2023-05-12 09:00:00+09:00,17770.0,17915.0,17760.0,17890.0,140400,0.0,0.0
2023-05-12 10:00:00+09:00,17885.0,17930.0,17795.0,17800.0,61300,0.0,0.0
2023-05-12 11:00:00+09:00,17805.0,17825.0,17780.0,17805.0,0,0.0,0.0
2023-05-12 12:00:00+09:00,17815.0,17850.0,17745.0,17755.0,306600,0.0,0.0
2023-05-12 13:00:00+09:00,17745.0,17905.0,17730.0,17900.0,85100,0.0,0.0
2023-05-12 14:00:00+09:00,17905.0,17995.0,17880.0,17980.0,102200,0.0,0.0
2023-05-15 09:00:00+09:00,18180.0,18260.0,18075.0,18180.0,122700,0.0,0.0
2023-05-15 10:00:00+09:00,18190.0,18230.0,18175.0,18210.0,55700,0.0,0.0
2023-05-15 11:00:00+09:00,18210.0,18220.0,18195.0,18200.0,0,0.0,0.0
2023-05-15 12:00:00+09:00,18250.0,18275.0,18220.0,18235.0,254900,0.0,0.0
2023-05-15 13:00:00+09:00,18235.0,18250.0,18220.0,18220.0,53400,0.0,0.0
2023-05-15 14:00:00+09:00,18220.0,18250.0,18200.0,18225.0,79300,0.0,0.0
2023-05-16 09:00:00+09:00,18345.0,18475.0,18285.0,18435.0,158500,0.0,0.0
2023-05-16 10:00:00+09:00,18445.0,18475.0,18370.0,18405.0,65700,0.0,0.0
2023-05-16 11:00:00+09:00,18415.0,18415.0,18320.0,18370.0,0,0.0,0.0
2023-05-16 12:00:00+09:00,18395.0,18405.0,18305.0,18315.0,291100,0.0,0.0
2023-05-16 13:00:00+09:00,18315.0,18355.0,18290.0,18335.0,66900,0.0,0.0
2023-05-16 14:00:00+09:00,18335.0,18375.0,18275.0,18320.0,104500,0.0,0.0
2023-05-17 09:00:00+09:00,18200.0,18255.0,18095.0,18175.0,138500,0.0,0.0
2023-05-17 10:00:00+09:00,18175.0,18270.0,18155.0,18235.0,64200,0.0,0.0
2023-05-17 11:00:00+09:00,18235.0,18275.0,18225.0,18250.0,0,0.0,0.0
2023-05-17 12:00:00+09:00,18270.0,18270.0,18175.0,18180.0,276400,0.0,0.0
2023-05-17 13:00:00+09:00,18175.0,18210.0,18135.0,18145.0,54900,0.0,0.0
2023-05-17 14:00:00+09:00,18140.0,18175.0,18095.0,18175.0,101200,0.0,0.0
2023-05-18 09:00:00+09:00,17840.0,18360.0,17820.0,18235.0,225400,0.0,0.0
2023-05-18 10:00:00+09:00,18235.0,18410.0,18230.0,18350.0,66200,0.0,0.0
2023-05-18 11:00:00+09:00,18360.0,18405.0,18355.0,18385.0,0,0.0,0.0
2023-05-18 12:00:00+09:00,18400.0,18460.0,18395.0,18420.0,369300,0.0,0.0
2023-05-18 13:00:00+09:00,18425.0,18430.0,18390.0,18410.0,43400,0.0,0.0
2023-05-18 14:00:00+09:00,18415.0,18475.0,18400.0,18415.0,86000,0.0,0.0
2023-05-19 09:00:00+09:00,18440.0,18480.0,18235.0,18290.0,111800,0.0,0.0
2023-05-19 10:00:00+09:00,18295.0,18345.0,18280.0,18315.0,40100,0.0,0.0
2023-05-19 11:00:00+09:00,18320.0,18375.0,18320.0,18360.0,0,0.0,0.0
2023-05-19 12:00:00+09:00,18360.0,18370.0,18300.0,18315.0,202400,0.0,0.0
2023-05-19 13:00:00+09:00,18315.0,18315.0,18150.0,18180.0,90400,0.0,0.0
2023-05-19 14:00:00+09:00,18175.0,18180.0,17980.0,18105.0,158800,0.0,0.0
2023-05-22 09:00:00+09:00,18110.0,18245.0,18085.0,18210.0,114600,0.0,0.0
2023-05-22 10:00:00+09:00,18200.0,18200.0,18100.0,18145.0,57800,0.0,0.0
2023-05-22 11:00:00+09:00,18140.0,18150.0,18125.0,18130.0,0,0.0,0.0
2023-05-22 12:00:00+09:00,18135.0,18180.0,18110.0,18175.0,243900,0.0,0.0
2023-05-22 13:00:00+09:00,18175.0,18245.0,18150.0,18240.0,65500,0.0,0.0
2023-05-22 14:00:00+09:00,18235.0,18405.0,18235.0,18385.0,166400,0.0,0.0
2023-05-23 09:00:00+09:00,18510.0,18575.0,18420.0,18510.0,148600,0.0,0.0
2023-05-23 10:00:00+09:00,18520.0,18625.0,18505.0,18560.0,99800,0.0,0.0
2023-05-23 11:00:00+09:00,18555.0,18670.0,18540.0,18645.0,0,0.0,0.0
2023-05-23 12:00:00+09:00,18635.0,18660.0,18470.0,18520.0,376400,0.0,0.0
2023-05-23 13:00:00+09:00,18515.0,18535.0,18415.0,18500.0,96000,0.0,0.0
2023-05-23 14:00:00+09:00,18495.0,18570.0,18485.0,18555.0,122100,0.0,0.0
2023-05-24 09:00:00+09:00,18500.0,18500.0,18270.0,18315.0,111800,0.0,0.0
2023-05-24 10:00:00+09:00,18325.0,18380.0,18310.0,18320.0,42500,0.0,0.0
2023-05-24 11:00:00+09:00,18320.0,18360.0,18320.0,18350.0,0,0.0,0.0
2023-05-24 12:00:00+09:00,18370.0,18385.0,18315.0,18385.0,209000,0.0,0.0
2023-05-24 13:00:00+09:00,18390.0,18495.0,18390.0,18455.0,47100,0.0,0.0
2023-05-24 14:00:00+09:00,18460.0,18485.0,18400.0,18430.0,73400,0.0,0.0
2023-05-25 09:00:00+09:00,18110.0,18440.0,18070.0,18175.0,274100,0.0,0.0
2023-05-25 10:00:00+09:00,18170.0,18200.0,18000.0,18170.0,135000,0.0,0.0
2023-05-25 11:00:00+09:00,18165.0,18230.0,18155.0,18195.0,0,0.0,0.0
2023-05-25 12:00:00+09:00,18170.0,18225.0,18170.0,18185.0,507600,0.0,0.0
2023-05-25 13:00:00+09:00,18180.0,18180.0,18125.0,18130.0,71400,0.0,0.0
2023-05-25 14:00:00+09:00,18130.0,18165.0,18080.0,18105.0,115400,0.0,0.0
2023-05-26 09:00:00+09:00,18155.0,18215.0,17990.0,18045.0,151900,0.0,0.0
2023-05-26 10:00:00+09:00,18050.0,18140.0,18005.0,18110.0,73900,0.0,0.0
2023-05-26 11:00:00+09:00,18115.0,18120.0,18085.0,18095.0,0,0.0,0.0
2023-05-26 12:00:00+09:00,18050.0,18090.0,18005.0,18015.0,303700,0.0,0.0
2023-05-26 13:00:00+09:00,18010.0,18030.0,17990.0,18000.0,71200,0.0,0.0
2023-05-26 14:00:00+09:00,17995.0,18040.0,17990.0,18040.0,126000,0.0,0.0
2023-05-29 09:00:00+09:00,18300.0,18300.0,18090.0,18125.0,130600,0.0,0.0
2023-05-29 10:00:00+09:00,18110.0,18120.0,18045.0,18075.0,51500,0.0,0.0
2023-05-29 11:00:00+09:00,18070.0,18090.0,18045.0,18070.0,0,0.0,0.0
2023-05-29 12:00:00+09:00,18060.0,18120.0,18050.0,18070.0,259600,0.0,0.0
2023-05-29 13:00:00+09:00,18065.0,18075.0,18030.0,18065.0,48900,0.0,0.0
2023-05-29 14:00:00+09:00,18060.0,18080.0,18000.0,18035.0,105200,0.0,0.0
2023-05-30 09:00:00+09:00,17900.0,18000.0,17825.0,17835.0,137300,0.0,0.0
2023-05-30 10:00:00+09:00,17840.0,17885.0,17790.0,17795.0,50800,0.0,0.0
2023-05-30 11:00:00+09:00,17800.0,17805.0,17740.0,17740.0,0,0.0,0.0
2023-05-30 12:00:00+09:00,17740.0,17855.0,17740.0,17855.0,255300,0.0,0.0
2023-05-30 13:00:00+09:00,17855.0,17930.0,17830.0,17905.0,58400,0.0,0.0
2023-05-30 14:00:00+09:00,17905.0,17925.0,17835.0,17905.0,91000,0.0,0.0
2023-05-31 09:00:00+09:00,17820.0,17900.0,17690.0,17725.0,248300,0.0,0.0
2023-05-31 10:00:00+09:00,17720.0,17830.0,17720.0,17805.0,113200,0.0,0.0
2023-05-31 11:00:00+09:00,17805.0,17810.0,17740.0,17740.0,0,0.0,0.0
2023-05-31 12:00:00+09:00,17720.0,17810.0,17720.0,17780.0,487300,0.0,0.0
2023-05-31 13:00:00+09:00,17780.0,17795.0,17750.0,17750.0,87600,0.0,0.0
2023-05-31 14:00:00+09:00,17745.0,17770.0,17670.0,17730.0,219500,0.0,0.0
2023-06-01 09:00:00+09:00,17765.0,18370.0,17710.0,18355.0,270400,0.0,0.0
2023-06-01 10:00:00+09:00,18360.0,18435.0,18310.0,18355.0,128300,0.0,0.0
2023-06-01 11:00:00+09:00,18360.0,18395.0,18310.0,18330.0,0,0.0,0.0
2023-06-01 12:00:00+09:00,18290.0,19250.0,18240.0,19230.0,771100,0.0,0.0
2023-06-01 13:00:00+09:00,19245.0,19400.0,18610.0,18675.0,813500,0.0,0.0
2023-06-01 14:00:00+09:00,18680.0,18950.0,18650.0,18880.0,301500,0.0,0.0
2023-06-02 09:00:00+09:00,18530.0,18800.0,18385.0,18480.0,337000,0.0,0.0
2023-06-02 10:00:00+09:00,18475.0,18800.0,18410.0,18755.0,140300,0.0,0.0
2023-06-02 11:00:00+09:00,18750.0,18765.0,18690.0,18740.0,0,0.0,0.0
2023-06-02 12:00:00+09:00,18710.0,18815.0,18675.0,18680.0,608500,0.0,0.0
2023-06-02 13:00:00+09:00,18680.0,18770.0,18670.0,18760.0,92200,0.0,0.0
2023-06-02 14:00:00+09:00,18750.0,18835.0,18740.0,18835.0,115600,0.0,0.0
2023-06-05 09:00:00+09:00,19080.0,19160.0,18900.0,19060.0,167500,0.0,0.0
2023-06-05 10:00:00+09:00,19050.0,19150.0,19030.0,19150.0,74700,0.0,0.0
2023-06-05 11:00:00+09:00,19150.0,19165.0,19090.0,19160.0,0,0.0,0.0
2023-06-05 12:00:00+09:00,19200.0,19250.0,19165.0,19165.0,364700,0.0,0.0
2023-06-05 13:00:00+09:00,19180.0,19250.0,19165.0,19240.0,57200,0.0,0.0
2023-06-05 14:00:00+09:00,19240.0,19280.0,19175.0,19260.0,94800,0.0,0.0
2023-06-06 09:00:00+09:00,19225.0,19225.0,19055.0,19195.0,138300,0.0,0.0
2023-06-06 10:00:00+09:00,19190.0,19280.0,19180.0,19210.0,41800,0.0,0.0
2023-06-06 11:00:00+09:00,19205.0,19265.0,19205.0,19240.0,0,0.0,0.0
2023-06-06 12:00:00+09:00,19265.0,19305.0,19190.0,19290.0,244500,0.0,0.0
2023-06-06 13:00:00+09:00,19290.0,19485.0,19265.0,19345.0,124700,0.0,0.0
2023-06-06 14:00:00+09:00,19345.0,19440.0,19310.0,19400.0,97500,0.0,0.0
2023-06-07 09:00:00+09:00,19390.0,19745.0,19320.0,19435.0,304100,0.0,0.0
2023-06-07 10:00:00+09:00,19440.0,19465.0,19250.0,19465.0,111800,0.0,0.0
2023-06-07 11:00:00+09:00,19460.0,19470.0,19315.0,19360.0,0,0.0,0.0
2023-06-07 12:00:00+09:00,19305.0,19475.0,19285.0,19415.0,505200,0.0,0.0
2023-06-07 13:00:00+09:00,19410.0,19440.0,19120.0,19320.0,91200,0.0,0.0
2023-06-07 14:00:00+09:00,19340.0,19430.0,19215.0,19230.0,98000,0.0,0.0
2023-06-08 09:00:00+09:00,19025.0,19115.0,18875.0,18880.0,116200,0.0,0.0
2023-06-08 10:00:00+09:00,18880.0,19055.0,18880.0,18960.0,59200,0.0,0.0
2023-06-08 11:00:00+09:00,18960.0,18960.0,18900.0,18905.0,0,0.0,0.0
2023-06-08 12:00:00+09:00,18875.0,18915.0,18805.0,18810.0,245100,0.0,0.0
2023-06-08 13:00:00+09:00,18805.0,18815.0,18750.0,18765.0,82800,0.0,0.0
2023-06-08 14:00:00+09:00,18765.0,18885.0,18755.0,18820.0,111500,0.0,0.0
2023-06-09 09:00:00+09:00,18830.0,19090.0,18830.0,19045.0,381800,0.0,0.0
2023-06-09 10:00:00+09:00,19050.0,19120.0,19040.0,19070.0,45700,0.0,0.0
2023-06-09 11:00:00+09:00,19065.0,19070.0,18965.0,19030.0,0,0.0,0.0
2023-06-09 12:00:00+09:00,19010.0,19060.0,18995.0,19040.0,479300,0.0,0.0
2023-06-09 13:00:00+09:00,19040.0,19065.0,18950.0,18960.0,35000,0.0,0.0
2023-06-09 14:00:00+09:00,18955.0,19035.0,18945.0,18970.0,73500,0.0,0.0
2023-06-12 09:00:00+09:00,19125.0,19220.0,18990.0,19055.0,95500,0.0,0.0
2023-06-12 10:00:00+09:00,19055.0,19145.0,19030.0,19100.0,32200,0.0,0.0
2023-06-12 11:00:00+09:00,19105.0,19165.0,19105.0,19150.0,0,0.0,0.0
2023-06-12 12:00:00+09:00,19135.0,19190.0,19040.0,19120.0,177500,0.0,0.0
2023-06-12 13:00:00+09:00,19120.0,19175.0,19090.0,19150.0,43000,0.0,0.0
2023-06-12 14:00:00+09:00,19145.0,19165.0,19090.0,19105.0,57100,0.0,0.0
2023-06-13 09:00:00+09:00,19230.0,19340.0,19160.0,19275.0,115800,0.0,0.0
2023-06-13 10:00:00+09:00,19270.0,19440.0,19265.0,19435.0,68700,0.0,0.0
2023-06-13 11:00:00+09:00,19445.0,19470.0,19340.0,19410.0,0,0.0,0.0
2023-06-13 12:00:00+09:00,19450.0,19670.0,19445.0,19635.0,357100,0.0,0.0
2023-06-13 13:00:00+09:00,19630.0,19635.0,19495.0,19525.0,103900,0.0,0.0
2023-06-13 14:00:00+09:00,19520.0,19555.0,19410.0,19435.0,91900,0.0,0.0
2023-06-14 09:00:00+09:00,19670.0,19780.0,19495.0,19505.0,185500,0.0,0.0
2023-06-14 10:00:00+09:00,19510.0,19725.0,19490.0,19585.0,74600,0.0,0.0
2023-06-14 11:00:00+09:00,19585.0,19590.0,19485.0,19530.0,0,0.0,0.0
2023-06-14 12:00:00+09:00,19515.0,19535.0,19430.0,19535.0,350200,0.0,0.0
2023-06-14 13:00:00+09:00,19535.0,19625.0,19520.0,19625.0,90900,0.0,0.0
2023-06-14 14:00:00+09:00,19625.0,19715.0,19595.0,19680.0,182800,0.0,0.0
2023-06-15 09:00:00+09:00,19520.0,19615.0,19470.0,19550.0,124600,0.0,0.0
2023-06-15 10:00:00+09:00,19550.0,19555.0,19390.0,19475.0,65000,0.0,0.0
2023-06-15 11:00:00+09:00,19470.0,19495.0,19440.0,19465.0,0,0.0,0.0
2023-06-15 12:00:00+09:00,19430.0,19430.0,19175.0,19235.0,381800,0.0,0.0
2023-06-15 13:00:00+09:00,19235.0,19295.0,19120.0,19135.0,165700,0.0,0.0
2023-06-15 14:00:00+09:00,19135.0,19200.0,19030.0,19075.0,174500,0.0,0.0
2023-06-16 09:00:00+09:00,18980.0,19040.0,18830.0,18945.0,142900,0.0,0.0
2023-06-16 10:00:00+09:00,18945.0,18945.0,18770.0,18825.0,64800,0.0,0.0
2023-06-16 11:00:00+09:00,18825.0,18910.0,18825.0,18840.0,0,0.0,0.0
2023-06-16 12:00:00+09:00,18890.0,18975.0,18885.0,18930.0,310800,0.0,0.0
2023-06-16 13:00:00+09:00,18930.0,18935.0,18815.0,18830.0,63600,0.0,0.0
2023-06-16 14:00:00+09:00,18825.0,18985.0,18810.0,18975.0,145300,0.0,0.0
2023-06-19 09:00:00+09:00,19085.0,19090.0,18875.0,19005.0,126300,0.0,0.0
2023-06-19 10:00:00+09:00,19005.0,19020.0,18935.0,18975.0,41600,0.0,0.0
2023-06-19 11:00:00+09:00,18980.0,19010.0,18945.0,18975.0,0,0.0,0.0
2023-06-19 12:00:00+09:00,18955.0,19000.0,18825.0,18900.0,235000,0.0,0.0
2023-06-19 13:00:00+09:00,18890.0,18900.0,18825.0,18850.0,55400,0.0,0.0
2023-06-19 14:00:00+09:00,18850.0,18930.0,18810.0,18910.0,91300,0.0,0.0
2023-06-20 09:00:00+09:00,18645.0,18645.0,18380.0,18570.0,248900,0.0,0.0
2023-06-20 10:00:00+09:00,18565.0,18660.0,18475.0,18535.0,80700,0.0,0.0
2023-06-20 11:00:00+09:00,18530.0,18550.0,18485.0,18485.0,0,0.0,0.0
2023-06-20 12:00:00+09:00,18470.0,18555.0,18455.0,18525.0,393400,0.0,0.0
2023-06-20 13:00:00+09:00,18530.0,18540.0,18385.0,18435.0,80400,0.0,0.0
2023-06-20 14:00:00+09:00,18425.0,18505.0,18385.0,18505.0,131600,0.0,0.0
2023-06-21 09:00:00+09:00,18395.0,18520.0,18305.0,18455.0,178500,0.0,0.0
2023-06-21 10:00:00+09:00,18450.0,18460.0,18365.0,18410.0,65700,0.0,0.0
2023-06-21 11:00:00+09:00,18405.0,18445.0,18375.0,18420.0,0,0.0,0.0
2023-06-21 12:00:00+09:00,18435.0,18485.0,18385.0,18450.0,320900,0.0,0.0
2023-06-21 13:00:00+09:00,18445.0,18485.0,18410.0,18455.0,61900,0.0,0.0
2023-06-21 14:00:00+09:00,18455.0,18475.0,18410.0,18460.0,88600,0.0,0.0
2023-06-22 09:00:00+09:00,18570.0,18860.0,18505.0,18855.0,211800,0.0,0.0
2023-06-22 10:00:00+09:00,18855.0,18910.0,18750.0,18800.0,82600,0.0,0.0
2023-06-22 11:00:00+09:00,18790.0,18825.0,18765.0,18805.0,0,0.0,0.0
2023-06-22 12:00:00+09:00,18790.0,18830.0,18775.0,18810.0,365900,0.0,0.0
2023-06-22 13:00:00+09:00,18805.0,18825.0,18725.0,18795.0,68600,0.0,0.0
2023-06-22 14:00:00+09:00,18790.0,18795.0,18680.0,18725.0,119400,0.0,0.0
2023-06-23 09:00:00+09:00,18750.0,18845.0,18655.0,18710.0,121300,0.0,0.0
2023-06-23 10:00:00+09:00,18710.0,18715.0,18480.0,18535.0,78900,0.0,0.0
2023-06-23 11:00:00+09:00,18525.0,18580.0,18485.0,18495.0,0,0.0,0.0
2023-06-23 12:00:00+09:00,18475.0,18520.0,18435.0,18485.0,281700,0.0,0.0
2023-06-23 13:00:00+09:00,18485.0,18515.0,18425.0,18475.0,67800,0.0,0.0
2023-06-23 14:00:00+09:00,18470.0,18550.0,18470.0,18530.0,84800,0.0,0.0
2023-06-26 09:00:00+09:00,18210.0,18430.0,18180.0,18360.0,163700,0.0,0.0
2023-06-26 10:00:00+09:00,18355.0,18365.0,18285.0,18295.0,74500,0.0,0.0
2023-06-26 11:00:00+09:00,18285.0,18320.0,18280.0,18300.0,0,0.0,0.0
2023-06-26 12:00:00+09:00,18300.0,18335.0,18280.0,18310.0,303900,0.0,0.0
2023-06-26 13:00:00+09:00,18300.0,18325.0,18285.0,18305.0,47900,0.0,0.0
2023-06-26 14:00:00+09:00,18305.0,18350.0,18270.0,18285.0,103400,0.0,0.0
2023-06-27 09:00:00+09:00,18170.0,18215.0,18060.0,18095.0,112900,0.0,0.0
2023-06-27 10:00:00+09:00,18095.0,18105.0,18015.0,18055.0,54100,0.0,0.0
2023-06-27 11:00:00+09:00,18055.0,18055.0,18005.0,18025.0,0,0.0,0.0
2023-06-27 12:00:00+09:00,18000.0,18080.0,17970.0,18025.0,250800,0.0,0.0
2023-06-27 13:00:00+09:00,18020.0,18160.0,18020.0,18135.0,55000,0.0,0.0
2023-06-27 14:00:00+09:00,18140.0,18200.0,18115.0,18170.0,91700,0.0,0.0
2023-06-28 09:00:00+09:00,18220.0,18345.0,18215.0,18275.0,122400,0.0,0.0
2023-06-28 10:00:00+09:00,18280.0,18290.0,18210.0,18225.0,49100,0.0,0.0
2023-06-28 11:00:00+09:00,18215.0,18245.0,18180.0,18245.0,0,0.0,0.0
2023-06-28 12:00:00+09:00,18295.0,18425.0,18285.0,18425.0,247600,0.0,0.0
2023-06-28 13:00:00+09:00,18430.0,18450.0,18395.0,18425.0,43200,0.0,0.0
2023-06-28 14:00:00+09:00,18420.0,18465.0,18400.0,18465.0,75700,0.0,0.0
2023-06-29 09:00:00+09:00,18725.0,18930.0,18725.0,18830.0,190700,0.0,0.0
2023-06-29 10:00:00+09:00,18830.0,18860.0,18765.0,18820.0,53800,0.0,0.0
2023-06-29 11:00:00+09:00,18820.0,18830.0,18705.0,18745.0,0,0.0,0.0
2023-06-29 12:00:00+09:00,18695.0,18740.0,18645.0,18710.0,324200,0.0,0.0
2023-06-29 13:00:00+09:00,18710.0,18730.0,18670.0,18730.0,52800,0.0,0.0
2023-06-29 14:00:00+09:00,18730.0,18760.0,18685.0,18730.0,102200,0.0,0.0
2023-06-30 09:00:00+09:00,18575.0,18600.0,18375.0,18395.0,130300,0.0,0.0
2023-06-30 10:00:00+09:00,18390.0,18460.0,18380.0,18400.0,33700,0.0,0.0
2023-06-30 11:00:00+09:00,18405.0,18465.0,18400.0,18415.0,0,0.0,0.0
2023-06-30 12:00:00+09:00,18395.0,18540.0,18390.0,18495.0,233100,0.0,0.0
2023-06-30 13:00:00+09:00,18495.0,18540.0,18485.0,18525.0,43300,0.0,0.0
2023-06-30 14:00:00+09:00,18530.0,18620.0,18520.0,18600.0,88600,0.0,0.0
2023-07-03 09:00:00+09:00,18595.0,18820.0,18595.0,18810.0,140300,0.0,0.0
2023-07-03 10:00:00+09:00,18810.0,18845.0,18710.0,18760.0,60200,0.0,0.0
2023-07-03 11:00:00+09:00,18755.0,18785.0,18730.0,18750.0,0,0.0,0.0
2023-07-03 12:00:00+09:00,18750.0,18755.0,18665.0,18710.0,272200,0.0,0.0
2023-07-03 13:00:00+09:00,18710.0,18785.0,18690.0,18755.0,50300,0.0,0.0
2023-07-03 14:00:00+09:00,18760.0,18775.0,18635.0,18670.0,95600,0.0,0.0
2023-07-04 09:00:00+09:00,18360.0,18485.0,18285.0,18340.0,145800,0.0,0.0
2023-07-04 10:00:00+09:00,18340.0,18360.0,18305.0,18350.0,69000,0.0,0.0
2023-07-04 11:00:00+09:00,18355.0,18380.0,18350.0,18380.0,0,0.0,0.0
2023-07-04 12:00:00+09:00,18365.0,18445.0,18360.0,18400.0,275200,0.0,0.0
2023-07-04 13:00:00+09:00,18400.0,18410.0,18340.0,18410.0,45900,0.0,0.0
2023-07-04 14:00:00+09:00,18415.0,18420.0,18325.0,18340.0,85900,0.0,0.0
2023-07-05 09:00:00+09:00,18230.0,18260.0,18115.0,18235.0,88400,0.0,0.0
2023-07-05 10:00:00+09:00,18235.0,18320.0,18215.0,18260.0,38200,0.0,0.0
2023-07-05 11:00:00+09:00,18250.0,18280.0,18240.0,18280.0,0,0.0,0.0
2023-07-05 12:00:00+09:00,18280.0,18300.0,18245.0,18250.0,180100,0.0,0.0
2023-07-05 13:00:00+09:00,18255.0,18260.0,18200.0,18240.0,33900,0.0,0.0
2023-07-05 14:00:00+09:00,18240.0,18270.0,18230.0,18245.0,45400,0.0,0.0
2023-07-06 09:00:00+09:00,18265.0,18570.0,18265.0,18515.0,223200,0.0,0.0
2023-07-06 10:00:00+09:00,18515.0,18615.0,18490.0,18605.0,91400,0.0,0.0
2023-07-06 11:00:00+09:00,18610.0,18610.0,18485.0,18495.0,0,0.0,0.0
2023-07-06 12:00:00+09:00,18380.0,18435.0,18335.0,18375.0,423800,0.0,0.0
2023-07-06 13:00:00+09:00,18370.0,18490.0,18310.0,18445.0,77900,0.0,0.0
2023-07-06 14:00:00+09:00,18445.0,18445.0,18390.0,18405.0,105600,0.0,0.0
2023-07-07 09:00:00+09:00,18300.0,18475.0,18260.0,18470.0,131700,0.0,0.0
2023-07-07 10:00:00+09:00,18475.0,18585.0,18445.0,18445.0,75200,0.0,0.0
2023-07-07 11:00:00+09:00,18450.0,18525.0,18445.0,18520.0,0,0.0,0.0
2023-07-07 12:00:00+09:00,18515.0,18550.0,18490.0,18505.0,281400,0.0,0.0
2023-07-07 13:00:00+09:00,18510.0,18515.0,18460.0,18475.0,47500,0.0,0.0
2023-07-07 14:00:00+09:00,18480.0,18490.0,18270.0,18270.0,126500,0.0,0.0
2023-07-10 09:00:00+09:00,18320.0,18350.0,18070.0,18085.0,104400,0.0,0.0
2023-07-10 10:00:00+09:00,18090.0,18125.0,17965.0,18015.0,90400,0.0,0.0
2023-07-10 11:00:00+09:00,18020.0,18090.0,18015.0,18050.0,0,0.0,0.0
2023-07-10 12:00:00+09:00,18030.0,18060.0,17985.0,18020.0,262500,0.0,0.0
2023-07-10 13:00:00+09:00,18015.0,18135.0,17985.0,18100.0,55200,0.0,0.0
2023-07-10 14:00:00+09:00,18100.0,18110.0,18000.0,18020.0,114800,0.0,0.0
2023-07-11 09:00:00+09:00,18165.0,18290.0,18160.0,18270.0,80800,0.0,0.0
2023-07-11 10:00:00+09:00,18270.0,18275.0,18175.0,18200.0,36300,0.0,0.0
2023-07-11 11:00:00+09:00,18200.0,18210.0,18180.0,18185.0,0,0.0,0.0
2023-07-11 12:00:00+09:00,18160.0,18215.0,18140.0,18185.0,169000,0.0,0.0
2023-07-11 13:00:00+09:00,18180.0,18180.0,18120.0,18155.0,35100,0.0,0.0
2023-07-11 14:00:00+09:00,18155.0,18165.0,18080.0,18100.0,65100,0.0,0.0
2023-07-12 09:00:00+09:00,18110.0,18170.0,18040.0,18165.0,98800,0.0,0.0
2023-07-12 10:00:00+09:00,18170.0,18175.0,18085.0,18145.0,47900,0.0,0.0
2023-07-12 11:00:00+09:00,18150.0,18190.0,18140.0,18160.0,0,0.0,0.0
2023-07-12 12:00:00+09:00,18185.0,18235.0,18170.0,18215.0,214600,0.0,0.0
2023-07-12 13:00:00+09:00,18215.0,18220.0,18175.0,18190.0,49400,0.0,0.0
2023-07-12 14:00:00+09:00,18190.0,18220.0,18150.0,18150.0,90500,0.0,0.0
2023-07-13 09:00:00+09:00,18295.0,18465.0,18270.0,18395.0,111000,0.0,0.0
2023-07-13 10:00:00+09:00,18385.0,18420.0,18320.0,18405.0,48600,0.0,0.0
2023-07-13 11:00:00+09:00,18400.0,18430.0,18400.0,18430.0,0,0.0,0.0
2023-07-13 12:00:00+09:00,18450.0,18480.0,18390.0,18475.0,216900,0.0,0.0
2023-07-13 13:00:00+09:00,18475.0,18485.0,18440.0,18465.0,48800,0.0,0.0
2023-07-13 14:00:00+09:00,18470.0,18490.0,18435.0,18440.0,67100,0.0,0.0
2023-07-14 09:00:00+09:00,18570.0,18620.0,18340.0,18385.0,114100,0.0,0.0
2023-07-14 10:00:00+09:00,18395.0,18440.0,18350.0,18435.0,31000,0.0,0.0
2023-07-14 11:00:00+09:00,18440.0,18525.0,18430.0,18505.0,0,0.0,0.0
2023-07-14 12:00:00+09:00,18560.0,18610.0,18530.0,18590.0,205600,0.0,0.0
2023-07-14 13:00:00+09:00,18590.0,18610.0,18570.0,18590.0,31500,0.0,0.0
2023-07-14 14:00:00+09:00,18595.0,18600.0,18490.0,18510.0,87800,0.0,0.0
2023-07-18 09:00:00+09:00,18410.0,18560.0,18390.0,18450.0,97300,0.0,0.0
2023-07-18 10:00:00+09:00,18445.0,18445.0,18380.0,18410.0,47800,0.0,0.0
2023-07-18 11:00:00+09:00,18410.0,18410.0,18370.0,18370.0,0,0.0,0.0
2023-07-18 12:00:00+09:00,18320.0,18375.0,18320.0,18330.0,185900,0.0,0.0
2023-07-18 13:00:00+09:00,18330.0,18390.0,18315.0,18380.0,32600,0.0,0.0
2023-07-18 14:00:00+09:00,18380.0,18425.0,18370.0,18425.0,67400,0.0,0.0
2023-07-19 09:00:00+09:00,18545.0,18590.0,18470.0,18470.0,56100,0.0,0.0
2023-07-19 10:00:00+09:00,18465.0,18535.0,18435.0,18530.0,26900,0.0,0.0
2023-07-19 11:00:00+09:00,18535.0,18550.0,18485.0,18490.0,0,0.0,0.0
2023-07-19 12:00:00+09:00,18425.0,18450.0,18405.0,18430.0,113700,0.0,0.0
2023-07-19 13:00:00+09:00,18420.0,18435.0,18390.0,18405.0,33200,0.0,0.0
2023-07-19 14:00:00+09:00,18405.0,18415.0,18355.0,18390.0,106500,0.0,0.0
2023-07-20 09:00:00+09:00,18480.0,18490.0,18385.0,18405.0,52800,0.0,0.0
2023-07-20 10:00:00+09:00,18400.0,18400.0,18260.0,18265.0,47600,0.0,0.0
2023-07-20 11:00:00+09:00,18265.0,18265.0,18155.0,18160.0,0,0.0,0.0
2023-07-20 12:00:00+09:00,18115.0,18165.0,18105.0,18145.0,172200,0.0,0.0
2023-07-20 13:00:00+09:00,18135.0,18155.0,18095.0,18115.0,41600,0.0,0.0
2023-07-20 14:00:00+09:00,18115.0,18160.0,18095.0,18105.0,77900,0.0,0.0
2023-07-21 09:00:00+09:00,18100.0,18245.0,18085.0,18215.0,119500,0.0,0.0
2023-07-21 10:00:00+09:00,18220.0,18275.0,18140.0,18230.0,69100,0.0,0.0
2023-07-21 11:00:00+09:00,18230.0,18275.0,18230.0,18265.0,0,0.0,0.0
2023-07-21 12:00:00+09:00,18240.0,18285.0,18200.0,18280.0,272400,0.0,0.0
2023-07-21 13:00:00+09:00,18275.0,18320.0,18245.0,18265.0,62700,0.0,0.0
2023-07-21 14:00:00+09:00,18265.0,18265.0,18175.0,18210.0,85900,0.0,0.0
2023-07-24 09:00:00+09:00,18450.0,18515.0,18360.0,18430.0,125500,0.0,0.0
2023-07-24 10:00:00+09:00,18430.0,18450.0,18375.0,18380.0,54500,0.0,0.0
2023-07-24 11:00:00+09:00,18385.0,18390.0,18340.0,18385.0,0,0.0,0.0
2023-07-24 12:00:00+09:00,18435.0,18435.0,18365.0,18385.0,245500,0.0,0.0
2023-07-24 13:00:00+09:00,18380.0,18410.0,18340.0,18405.0,68000,0.0,0.0
2023-07-24 14:00:00+09:00,18405.0,18410.0,18300.0,18370.0,95500,0.0,0.0
2023-07-25 09:00:00+09:00,18395.0,18435.0,18335.0,18405.0,142600,0.0,0.0
2023-07-25 10:00:00+09:00,18400.0,18435.0,18365.0,18395.0,61200,0.0,0.0
2023-07-25 11:00:00+09:00,18405.0,18420.0,18375.0,18390.0,0,0.0,0.0
2023-07-25 12:00:00+09:00,18375.0,18385.0,18305.0,18350.0,273300,0.0,0.0
2023-07-25 13:00:00+09:00,18345.0,18405.0,18325.0,18380.0,62900,0.0,0.0
2023-07-25 14:00:00+09:00,18380.0,18435.0,18370.0,18425.0,72900,0.0,0.0
2023-07-26 09:00:00+09:00,18470.0,18535.0,18410.0,18535.0,113600,0.0,0.0
2023-07-26 10:00:00+09:00,18535.0,18605.0,18510.0,18585.0,75800,0.0,0.0
2023-07-26 11:00:00+09:00,18585.0,18595.0,18555.0,18565.0,0,0.0,0.0
2023-07-26 12:00:00+09:00,18580.0,18585.0,18525.0,18575.0,255400,0.0,0.0
2023-07-26 13:00:00+09:00,18580.0,18630.0,18570.0,18620.0,65800,0.0,0.0
2023-07-26 14:00:00+09:00,18620.0,18670.0,18590.0,18595.0,106000,0.0,0.0
2023-07-27 09:00:00+09:00,18690.0,18690.0,18515.0,18600.0,172600,0.0,0.0
2023-07-27 10:00:00+09:00,18605.0,18625.0,18460.0,18460.0,86800,0.0,0.0
2023-07-27 11:00:00+09:00,18460.0,18485.0,18390.0,18475.0,0,0.0,0.0
2023-07-27 12:00:00+09:00,18500.0,18680.0,18485.0,18680.0,367300,0.0,0.0
2023-07-27 13:00:00+09:00,18675.0,18745.0,18630.0,18745.0,97900,0.0,0.0
2023-07-27 14:00:00+09:00,18740.0,18870.0,18735.0,18835.0,214500,0.0,0.0
2023-07-28 09:00:00+09:00,17985.0,18080.0,17690.0,18060.0,589600,0.0,0.0
2023-07-28 10:00:00+09:00,18050.0,18050.0,17915.0,17945.0,146500,0.0,0.0
2023-07-28 11:00:00+09:00,17945.0,17945.0,17875.0,17880.0,0,0.0,0.0
2023-07-28 12:00:00+09:00,17895.0,18130.0,17875.0,17935.0,957000,0.0,0.0
2023-07-28 13:00:00+09:00,17940.0,17945.0,17845.0,17880.0,168700,0.0,0.0
2023-07-28 14:00:00+09:00,17875.0,18130.0,17865.0,18110.0,223500,0.0,0.0
2023-07-31 09:00:00+09:00,18300.0,18650.0,18155.0,18630.0,283100,0.0,0.0
2023-07-31 10:00:00+09:00,18635.0,18685.0,18530.0,18580.0,104200,0.0,0.0
2023-07-31 11:00:00+09:00,18575.0,18600.0,18455.0,18470.0,0,0.0,0.0
2023-07-31 12:00:00+09:00,18425.0,18495.0,18410.0,18460.0,476300,0.0,0.0
2023-07-31 13:00:00+09:00,18460.0,18505.0,18330.0,18330.0,75700,0.0,0.0
2023-07-31 14:00:00+09:00,18330.0,18390.0,18285.0,18385.0,147500,0.0,0.0
2023-08-01 09:00:00+09:00,18460.0,18460.0,18200.0,18220.0,128400,0.0,0.0
2023-08-01 10:00:00+09:00,18215.0,18270.0,18185.0,18230.0,49500,0.0,0.0
2023-08-01 11:00:00+09:00,18235.0,18300.0,18235.0,18280.0,0,0.0,0.0
2023-08-01 12:00:00+09:00,18235.0,18255.0,18215.0,18255.0,232100,0.0,0.0
2023-08-01 13:00:00+09:00,18250.0,18270.0,18180.0,18200.0,58800,0.0,0.0
2023-08-01 14:00:00+09:00,18195.0,18200.0,18135.0,18155.0,104300,0.0,0.0
2023-08-02 09:00:00+09:00,18000.0,18100.0,17975.0,18015.0,121800,0.0,0.0
2023-08-02 10:00:00+09:00,18015.0,18125.0,18005.0,18055.0,46500,0.0,0.0
2023-08-02 11:00:00+09:00,18050.0,18075.0,18015.0,18015.0,0,0.0,0.0
2023-08-02 12:00:00+09:00,17990.0,18000.0,17925.0,17935.0,271500,0.0,0.0
2023-08-02 13:00:00+09:00,17935.0,18060.0,17930.0,17985.0,66600,0.0,0.0
2023-08-02 14:00:00+09:00,17975.0,18115.0,17960.0,18050.0,116400,0.0,0.0
2023-08-03 09:00:00+09:00,18010.0,18270.0,17965.0,18265.0,188700,0.0,0.0
2023-08-03 10:00:00+09:00,18265.0,18280.0,18155.0,18230.0,88900,0.0,0.0
2023-08-03 11:00:00+09:00,18235.0,18255.0,18175.0,18185.0,0,0.0,0.0
2023-08-03 12:00:00+09:00,18225.0,18280.0,18210.0,18240.0,394700,0.0,0.0
2023-08-03 13:00:00+09:00,18235.0,18290.0,18210.0,18230.0,101100,0.0,0.0
2023-08-03 14:00:00+09:00,18230.0,18250.0,18115.0,18130.0,123300,0.0,0.0
2023-08-04 09:00:00+09:00,18225.0,18225.0,18000.0,18090.0,118900,0.0,0.0
2023-08-04 10:00:00+09:00,18090.0,18210.0,18070.0,18185.0,65000,0.0,0.0
2023-08-04 11:00:00+09:00,18185.0,18200.0,18115.0,18135.0,0,0.0,0.0
2023-08-04 12:00:00+09:00,18130.0,18190.0,18095.0,18125.0,237400,0.0,0.0
2023-08-04 13:00:00+09:00,18125.0,18150.0,18075.0,18100.0,39800,0.0,0.0
2023-08-04 14:00:00+09:00,18095.0,18155.0,18080.0,18140.0,64100,0.0,0.0
2023-08-07 09:00:00+09:00,18030.0,18210.0,18020.0,18210.0,77200,0.0,0.0
2023-08-07 10:00:00+09:00,18195.0,18410.0,18170.0,18375.0,105200,0.0,0.0
2023-08-07 11:00:00+09:00,18360.0,18400.0,18340.0,18400.0,0,0.0,0.0
2023-08-07 12:00:00+09:00,18395.0,18470.0,18375.0,18415.0,263100,0.0,0.0
2023-08-07 13:00:00+09:00,18400.0,18430.0,18305.0,18305.0,46100,0.0,0.0
2023-08-07 14:00:00+09:00,18305.0,18450.0,18305.0,18450.0,99200,0.0,0.0
2023-08-08 09:00:00+09:00,18545.0,18550.0,18270.0,18400.0,138200,0.0,0.0
2023-08-08 10:00:00+09:00,18400.0,18430.0,18310.0,18360.0,94400,0.0,0.0
2023-08-08 11:00:00+09:00,18355.0,18400.0,18315.0,18385.0,0,0.0,0.0
2023-08-08 12:00:00+09:00,18370.0,18435.0,18370.0,18395.0,306300,0.0,0.0
2023-08-08 13:00:00+09:00,18395.0,18425.0,18380.0,18405.0,52900,0.0,0.0
2023-08-08 14:00:00+09:00,18405.0,18530.0,18395.0,18500.0,131400,0.0,0.0
2023-08-09 09:00:00+09:00,18350.0,18350.0,18165.0,18210.0,117100,0.0,0.0
2023-08-09 10:00:00+09:00,18220.0,18275.0,18190.0,18245.0,46400,0.0,0.0
2023-08-09 11:00:00+09:00,18240.0,18270.0,18180.0,18185.0,0,0.0,0.0
2023-08-09 12:00:00+09:00,18165.0,18205.0,18165.0,18175.0,236700,0.0,0.0
2023-08-09 13:00:00+09:00,18170.0,18200.0,18160.0,18165.0,47600,0.0,0.0
2023-08-09 14:00:00+09:00,18165.0,18235.0,18165.0,18215.0,69400,0.0,0.0
2023-08-10 09:00:00+09:00,18060.0,18100.0,17930.0,18080.0,169200,0.0,0.0
2023-08-10 10:00:00+09:00,18080.0,18125.0,18020.0,18055.0,48200,0.0,0.0
2023-08-10 11:00:00+09:00,18065.0,18090.0,18040.0,18075.0,0,0.0,0.0
2023-08-10 12:00:00+09:00,18070.0,18075.0,17990.0,18050.0,302000,0.0,0.0
2023-08-10 13:00:00+09:00,18045.0,18055.0,17985.0,18015.0,57600,0.0,0.0
2023-08-10 14:00:00+09:00,18010.0,18075.0,17980.0,18075.0,114000,0.0,0.0
2023-08-14 09:00:00+09:00,18020.0,18215.0,18005.0,18105.0,107500,0.0,0.0
2023-08-14 10:00:00+09:00,18110.0,18135.0,18075.0,18100.0,59300,0.0,0.0
2023-08-14 11:00:00+09:00,18100.0,18135.0,18035.0,18040.0,0,0.0,0.0
2023-08-14 12:00:00+09:00,18040.0,18080.0,18020.0,18055.0,243700,0.0,0.0
2023-08-14 13:00:00+09:00,18050.0,18080.0,18035.0,18070.0,70700,0.0,0.0
2023-08-14 14:00:00+09:00,18070.0,18100.0,18045.0,18045.0,102500,0.0,0.0
2023-08-15 09:00:00+09:00,18150.0,18210.0,18065.0,18160.0,79700,0.0,0.0
2023-08-15 10:00:00+09:00,18155.0,18170.0,18115.0,18155.0,28000,0.0,0.0
2023-08-15 11:00:00+09:00,18145.0,18150.0,18115.0,18120.0,0,0.0,0.0
2023-08-15 12:00:00+09:00,18100.0,18140.0,18100.0,18130.0,146600,0.0,0.0
2023-08-15 13:00:00+09:00,18125.0,18155.0,18120.0,18135.0,34400,0.0,0.0
2023-08-15 14:00:00+09:00,18130.0,18160.0,18115.0,18130.0,75800,0.0,0.0
2023-08-16 09:00:00+09:00,18000.0,18005.0,17830.0,17890.0,194200,0.0,0.0
2023-08-16 10:00:00+09:00,17895.0,17905.0,17775.0,17795.0,103400,0.0,0.0
2023-08-16 11:00:00+09:00,17795.0,17820.0,17785.0,17805.0,0,0.0,0.0
2023-08-16 12:00:00+09:00,17810.0,17840.0,17775.0,17780.0,364400,0.0,0.0
2023-08-16 13:00:00+09:00,17785.0,17785.0,17725.0,17755.0,62500,0.0,0.0
2023-08-16 14:00:00+09:00,17755.0,17820.0,17735.0,17740.0,98200,0.0,0.0
2023-08-17 09:00:00+09:00,17700.0,17725.0,17515.0,17650.0,128200,0.0,0.0
2023-08-17 10:00:00+09:00,17670.0,17725.0,17535.0,17670.0,116100,0.0,0.0
2023-08-17 11:00:00+09:00,17665.0,17700.0,17655.0,17680.0,0,0.0,0.0
2023-08-17 12:00:00+09:00,17720.0,17785.0,17700.0,17770.0,302800,0.0,0.0
2023-08-17 13:00:00+09:00,17770.0,17805.0,17745.0,17750.0,49800,0.0,0.0
2023-08-17 14:00:00+09:00,17745.0,17755.0,17710.0,17750.0,68700,0.0,0.0
2023-08-18 09:00:00+09:00,17550.0,17605.0,17460.0,17510.0,107500,0.0,0.0
2023-08-18 10:00:00+09:00,17505.0,17610.0,17495.0,17590.0,45300,0.0,0.0
2023-08-18 11:00:00+09:00,17590.0,17635.0,17570.0,17570.0,0,0.0,0.0
2023-08-18 12:00:00+09:00,17560.0,17610.0,17510.0,17580.0,205100,0.0,0.0
2023-08-18 13:00:00+09:00,17580.0,17595.0,17515.0,17535.0,31500,0.0,0.0
2023-08-18 14:00:00+09:00,17540.0,17560.0,17475.0,17555.0,66700,0.0,0.0
2023-08-21 09:00:00+09:00,17720.0,17740.0,17570.0,17710.0,134800,0.0,0.0
2023-08-21 10:00:00+09:00,17710.0,17710.0,17565.0,17665.0,65800,0.0,0.0
2023-08-21 11:00:00+09:00,17665.0,17735.0,17660.0,17715.0,0,0.0,0.0
2023-08-21 12:00:00+09:00,17715.0,17735.0,17670.0,17705.0,268100,0.0,0.0
2023-08-21 13:00:00+09:00,17695.0,17715.0,17660.0,17670.0,53600,0.0,0.0
2023-08-21 14:00:00+09:00,17660.0,17675.0,17585.0,17610.0,89900,0.0,0.0
2023-08-22 09:00:00+09:00,17805.0,17900.0,17705.0,17895.0,103000,0.0,0.0
2023-08-22 10:00:00+09:00,17890.0,17970.0,17840.0,17955.0,78700,0.0,0.0
2023-08-22 11:00:00+09:00,17960.0,17990.0,17950.0,17975.0,0,0.0,0.0
2023-08-22 12:00:00+09:00,17995.0,18045.0,17965.0,18020.0,267400,0.0,0.0
2023-08-22 13:00:00+09:00,18010.0,18030.0,17970.0,18025.0,46400,0.0,0.0
2023-08-22 14:00:00+09:00,18030.0,18085.0,18005.0,18055.0,95800,0.0,0.0
2023-08-23 09:00:00+09:00,17970.0,17980.0,17905.0,17920.0,62200,0.0,0.0
2023-08-23 10:00:00+09:00,17915.0,17925.0,17840.0,17870.0,32600,0.0,0.0
2023-08-23 11:00:00+09:00,17870.0,17900.0,17860.0,17895.0,0,0.0,0.0
2023-08-23 12:00:00+09:00,17865.0,17900.0,17865.0,17865.0,121800,0.0,0.0
2023-08-23 13:00:00+09:00,17870.0,17935.0,17870.0,17935.0,21000,0.0,0.0
2023-08-23 14:00:00+09:00,17940.0,17975.0,17915.0,17970.0,49300,0.0,0.0
2023-08-24 09:00:00+09:00,17990.0,18015.0,17885.0,17940.0,56600,0.0,0.0
2023-08-24 10:00:00+09:00,17940.0,17960.0,17905.0,17905.0,27900,0.0,0.0
2023-08-24 11:00:00+09:00,17915.0,17940.0,17900.0,17930.0,0,0.0,0.0
2023-08-24 12:00:00+09:00,17945.0,17950.0,17885.0,17905.0,124100,0.0,0.0
2023-08-24 13:00:00+09:00,17900.0,18010.0,17895.0,18005.0,45300,0.0,0.0
2023-08-24 14:00:00+09:00,18000.0,18065.0,17990.0,18000.0,93900,0.0,0.0
2023-08-25 09:00:00+09:00,17685.0,17980.0,17660.0,17940.0,94500,0.0,0.0
2023-08-25 10:00:00+09:00,17940.0,18040.0,17915.0,17970.0,51100,0.0,0.0
2023-08-25 11:00:00+09:00,17975.0,17975.0,17905.0,17910.0,0,0.0,0.0
2023-08-25 12:00:00+09:00,17950.0,18000.0,17920.0,18000.0,188800,0.0,0.0
2023-08-25 13:00:00+09:00,18000.0,18015.0,17955.0,17990.0,43100,0.0,0.0
2023-08-25 14:00:00+09:00,17995.0,17995.0,17935.0,17940.0,66200,0.0,0.0
2023-08-28 09:00:00+09:00,18170.0,18185.0,18040.0,18125.0,72200,0.0,0.0
2023-08-28 10:00:00+09:00,18130.0,18150.0,18100.0,18140.0,25800,0.0,0.0
2023-08-28 11:00:00+09:00,18145.0,18155.0,18105.0,18130.0,0,0.0,0.0
2023-08-28 12:00:00+09:00,18130.0,18135.0,18100.0,18120.0,123900,0.0,0.0
2023-08-28 13:00:00+09:00,18120.0,18165.0,18100.0,18165.0,33600,0.0,0.0
2023-08-28 14:00:00+09:00,18160.0,18265.0,18160.0,18245.0,95600,0.0,0.0
2023-08-29 09:00:00+09:00,18130.0,18150.0,18045.0,18100.0,84200,0.0,0.0
2023-08-29 10:00:00+09:00,18095.0,18120.0,18070.0,18095.0,26900,0.0,0.0
2023-08-29 11:00:00+09:00,18090.0,18120.0,18090.0,18120.0,0,0.0,0.0
2023-08-29 12:00:00+09:00,18110.0,18130.0,18080.0,18085.0,142500,0.0,0.0
2023-08-29 13:00:00+09:00,18085.0,18100.0,18030.0,18040.0,52200,0.0,0.0
2023-08-29 14:00:00+09:00,18040.0,18050.0,17995.0,18000.0,107500,0.0,0.0
2023-08-30 09:00:00+09:00,18090.0,18180.0,18050.0,18055.0,106100,0.0,0.0
2023-08-30 10:00:00+09:00,18050.0,18115.0,18040.0,18115.0,30800,0.0,0.0
2023-08-30 11:00:00+09:00,18110.0,18115.0,18085.0,18100.0,0,0.0,0.0
2023-08-30 12:00:00+09:00,18105.0,18105.0,18070.0,18070.0,167000,0.0,0.0
2023-08-30 13:00:00+09:00,18070.0,18090.0,18050.0,18075.0,27700,0.0,0.0
2023-08-30 14:00:00+09:00,18070.0,18090.0,18025.0,18075.0,56400,0.0,0.0
2023-08-31 09:00:00+09:00,18150.0,18310.0,18120.0,18260.0,109200,0.0,0.0
2023-08-31 10:00:00+09:00,18260.0,18285.0,18220.0,18240.0,33200,0.0,0.0
2023-08-31 11:00:00+09:00,18245.0,18295.0,18245.0,18295.0,0,0.0,0.0
2023-08-31 12:00:00+09:00,18295.0,18310.0,18265.0,18295.0,206000,0.0,0.0
2023-08-31 13:00:00+09:00,18285.0,18300.0,18230.0,18270.0,46200,0.0,0.0
2023-08-31 14:00:00+09:00,18270.0,18295.0,18200.0,18200.0,69300,0.0,0.0
2023-09-01 09:00:00+09:00,18250.0,18465.0,18205.0,18405.0,142500,0.0,0.0
2023-09-01 10:00:00+09:00,18410.0,18445.0,18360.0,18405.0,55600,0.0,0.0
2023-09-01 11:00:00+09:00,18410.0,18430.0,18385.0,18385.0,0,0.0,0.0
2023-09-01 12:00:00+09:00,18325.0,18380.0,18315.0,18370.0,256400,0.0,0.0
2023-09-01 13:00:00+09:00,18360.0,18420.0,18360.0,18415.0,49700,0.0,0.0
2023-09-01 14:00:00+09:00,18420.0,18450.0,18375.0,18385.0,99700,0.0,0.0
2023-09-04 09:00:00+09:00,18400.0,18485.0,18335.0,18480.0,113200,0.0,0.0
2023-09-04 10:00:00+09:00,18480.0,18495.0,18435.0,18475.0,44300,0.0,0.0
2023-09-04 11:00:00+09:00,18475.0,18495.0,18455.0,18465.0,0,0.0,0.0
2023-09-04 12:00:00+09:00,18455.0,18475.0,18430.0,18460.0,194500,0.0,0.0
2023-09-04 13:00:00+09:00,18455.0,18465.0,18430.0,18445.0,30100,0.0,0.0
2023-09-04 14:00:00+09:00,18440.0,18520.0,18440.0,18500.0,72200,0.0,0.0
2023-09-05 09:00:00+09:00,18600.0,18735.0,18525.0,18610.0,139100,0.0,0.0
2023-09-05 10:00:00+09:00,18605.0,18610.0,18510.0,18520.0,54300,0.0,0.0
2023-09-05 11:00:00+09:00,18525.0,18560.0,18500.0,18515.0,0,0.0,0.0
2023-09-05 12:00:00+09:00,18540.0,18575.0,18520.0,18560.0,253800,0.0,0.0
2023-09-05 13:00:00+09:00,18560.0,18610.0,18550.0,18570.0,46000,0.0,0.0
2023-09-05 14:00:00+09:00,18575.0,18680.0,18565.0,18670.0,93200,0.0,0.0
2023-09-06 09:00:00+09:00,18730.0,18860.0,18690.0,18805.0,130600,0.0,0.0
2023-09-06 10:00:00+09:00,18805.0,18920.0,18790.0,18835.0,94700,0.0,0.0
2023-09-06 11:00:00+09:00,18840.0,18880.0,18830.0,18880.0,0,0.0,0.0
2023-09-06 12:00:00+09:00,18835.0,18870.0,18825.0,18870.0,291100,0.0,0.0
2023-09-06 13:00:00+09:00,18860.0,18860.0,18810.0,18820.0,47300,0.0,0.0
2023-09-06 14:00:00+09:00,18820.0,18860.0,18810.0,18850.0,78200,0.0,0.0
2023-09-07 09:00:00+09:00,18865.0,18935.0,18830.0,18835.0,95800,0.0,0.0
2023-09-07 10:00:00+09:00,18835.0,18860.0,18740.0,18775.0,44500,0.0,0.0
2023-09-07 11:00:00+09:00,18775.0,18780.0,18735.0,18735.0,0,0.0,0.0
2023-09-07 12:00:00+09:00,18740.0,18800.0,18740.0,18795.0,186200,0.0,0.0
2023-09-07 13:00:00+09:00,18800.0,18815.0,18765.0,18765.0,36400,0.0,0.0
2023-09-07 14:00:00+09:00,18765.0,18835.0,18760.0,18830.0,89800,0.0,0.0
2023-09-08 09:00:00+09:00,18630.0,18825.0,18615.0,18750.0,295700,0.0,0.0
2023-09-08 10:00:00+09:00,18750.0,18765.0,18610.0,18640.0,37800,0.0,0.0
2023-09-08 11:00:00+09:00,18645.0,18645.0,18610.0,18610.0,0,0.0,0.0
2023-09-08 12:00:00+09:00,18600.0,18615.0,18560.0,18570.0,383200,0.0,0.0
2023-09-08 13:00:00+09:00,18565.0,18565.0,18465.0,18465.0,55100,0.0,0.0
2023-09-08 14:00:00+09:00,18460.0,18560.0,18460.0,18540.0,60100,0.0,0.0
2023-09-11 09:00:00+09:00,18575.0,18590.0,18320.0,18400.0,82000,0.0,0.0
2023-09-11 10:00:00+09:00,18405.0,18405.0,18275.0,18365.0,42000,0.0,0.0
2023-09-11 11:00:00+09:00,18370.0,18370.0,18320.0,18350.0,0,0.0,0.0
2023-09-11 12:00:00+09:00,18280.0,18355.0,18280.0,18355.0,162500,0.0,0.0
2023-09-11 13:00:00+09:00,18355.0,18365.0,18300.0,18335.0,29800,0.0,0.0
2023-09-11 14:00:00+09:00,18340.0,18345.0,18310.0,18325.0,43900,0.0,0.0
2023-09-12 09:00:00+09:00,18345.0,18540.0,18320.0,18480.0,76200,0.0,0.0
2023-09-12 10:00:00+09:00,18480.0,18480.0,18410.0,18415.0,24800,0.0,0.0
2023-09-12 11:00:00+09:00,18410.0,18475.0,18405.0,18475.0,0,0.0,0.0
2023-09-12 12:00:00+09:00,18455.0,18475.0,18435.0,18440.0,137600,0.0,0.0
2023-09-12 13:00:00+09:00,18435.0,18450.0,18410.0,18445.0,31700,0.0,0.0
2023-09-12 14:00:00+09:00,18450.0,18520.0,18430.0,18505.0,76200,0.0,0.0
2023-09-13 09:00:00+09:00,18310.0,18455.0,18245.0,18325.0,87300,0.0,0.0
2023-09-13 10:00:00+09:00,18330.0,18330.0,18260.0,18305.0,40800,0.0,0.0
2023-09-13 11:00:00+09:00,18310.0,18335.0,18295.0,18305.0,0,0.0,0.0
2023-09-13 12:00:00+09:00,18280.0,18315.0,18270.0,18315.0,172600,0.0,0.0
2023-09-13 13:00:00+09:00,18310.0,18485.0,18295.0,18470.0,55000,0.0,0.0
2023-09-13 14:00:00+09:00,18485.0,18490.0,18395.0,18395.0,88000,0.0,0.0
2023-09-14 09:00:00+09:00,18455.0,18535.0,18410.0,18470.0,65200,0.0,0.0
2023-09-14 10:00:00+09:00,18470.0,18500.0,18445.0,18490.0,25800,0.0,0.0
2023-09-14 11:00:00+09:00,18485.0,18495.0,18450.0,18490.0,0,0.0,0.0
2023-09-14 12:00:00+09:00,18520.0,18570.0,18515.0,18550.0,134000,0.0,0.0
2023-09-14 13:00:00+09:00,18545.0,18635.0,18540.0,18625.0,43200,0.0,0.0
2023-09-14 14:00:00+09:00,18620.0,18645.0,18580.0,18580.0,85400,0.0,0.0
2023-09-15 09:00:00+09:00,18510.0,18645.0,18480.0,18630.0,93400,0.0,0.0
2023-09-15 10:00:00+09:00,18630.0,18630.0,18505.0,18605.0,41900,0.0,0.0
2023-09-15 11:00:00+09:00,18610.0,18650.0,18610.0,18650.0,0,0.0,0.0
2023-09-15 12:00:00+09:00,18675.0,18690.0,18655.0,18690.0,189500,0.0,0.0
2023-09-15 13:00:00+09:00,18690.0,18720.0,18665.0,18690.0,38100,0.0,0.0
2023-09-15 14:00:00+09:00,18695.0,18780.0,18670.0,18725.0,112400,0.0,0.0
2023-09-19 09:00:00+09:00,18660.0,18885.0,18650.0,18845.0,125800,0.0,0.0
2023-09-19 10:00:00+09:00,18840.0,18845.0,18730.0,18745.0,77900,0.0,0.0
2023-09-19 11:00:00+09:00,18750.0,18780.0,18695.0,18710.0,0,0.0,0.0
2023-09-19 12:00:00+09:00,18710.0,18750.0,18630.0,18630.0,288200,0.0,0.0
2023-09-19 13:00:00+09:00,18630.0,18670.0,18610.0,18625.0,47300,0.0,0.0
2023-09-19 14:00:00+09:00,18620.0,18685.0,18555.0,18685.0,94700,0.0,0.0
2023-09-20 09:00:00+09:00,18590.0,18645.0,18525.0,18585.0,69200,0.0,0.0
2023-09-20 10:00:00+09:00,18580.0,18585.0,18435.0,18440.0,58500,0.0,0.0
2023-09-20 11:00:00+09:00,18445.0,18450.0,18380.0,18380.0,0,0.0,0.0
2023-09-20 12:00:00+09:00,18385.0,18400.0,18320.0,18325.0,189500,0.0,0.0
2023-09-20 13:00:00+09:00,18330.0,18415.0,18325.0,18365.0,46200,0.0,0.0
2023-09-20 14:00:00+09:00,18365.0,18365.0,18280.0,18295.0,92900,0.0,0.0
2023-09-21 09:00:00+09:00,18250.0,18350.0,18215.0,18270.0,107800,0.0,0.0
2023-09-21 10:00:00+09:00,18265.0,18365.0,18240.0,18280.0,62500,0.0,0.0
2023-09-21 11:00:00+09:00,18280.0,18300.0,18240.0,18250.0,0,0.0,0.0
2023-09-21 12:00:00+09:00,18230.0,18270.0,18205.0,18230.0,241000,0.0,0.0
2023-09-21 13:00:00+09:00,18235.0,18255.0,18190.0,18195.0,52700,0.0,0.0
2023-09-21 14:00:00+09:00,18190.0,18245.0,18135.0,18245.0,110700,0.0,0.0
2023-09-22 09:00:00+09:00,18065.0,18255.0,18005.0,18230.0,95400,0.0,0.0
2023-09-22 10:00:00+09:00,18230.0,18295.0,18210.0,18270.0,43400,0.0,0.0
2023-09-22 11:00:00+09:00,18260.0,18305.0,18245.0,18280.0,0,0.0,0.0
2023-09-22 12:00:00+09:00,18365.0,18370.0,18280.0,18285.0,209800,0.0,0.0
2023-09-22 13:00:00+09:00,18290.0,18290.0,18185.0,18240.0,75200,0.0,0.0
2023-09-22 14:00:00+09:00,18245.0,18340.0,18130.0,18155.0,171700,0.0,0.0
2023-09-25 09:00:00+09:00,18345.0,18380.0,18280.0,18365.0,57900,0.0,0.0
2023-09-25 10:00:00+09:00,18365.0,18415.0,18315.0,18365.0,42400,0.0,0.0
2023-09-25 11:00:00+09:00,18360.0,18390.0,18345.0,18345.0,0,0.0,0.0
2023-09-25 12:00:00+09:00,18365.0,18370.0,18315.0,18365.0,133900,0.0,0.0
2023-09-25 13:00:00+09:00,18370.0,18425.0,18370.0,18400.0,36500,0.0,0.0
2023-09-25 14:00:00+09:00,18400.0,18465.0,18390.0,18415.0,71400,0.0,0.0
2023-09-26 09:00:00+09:00,18345.0,18345.0,18085.0,18130.0,130400,0.0,0.0
2023-09-26 10:00:00+09:00,18130.0,18170.0,18110.0,18110.0,37200,0.0,0.0
2023-09-26 11:00:00+09:00,18115.0,18155.0,18115.0,18130.0,0,0.0,0.0
2023-09-26 12:00:00+09:00,18150.0,18185.0,18130.0,18180.0,237300,0.0,0.0
2023-09-26 13:00:00+09:00,18180.0,18250.0,18145.0,18245.0,47900,0.0,0.0
2023-09-26 14:00:00+09:00,18240.0,18290.0,18185.0,18185.0,106800,0.0,0.0
2023-09-27 09:00:00+09:00,18060.0,18360.0,18050.0,18265.0,129400,0.0,0.0
2023-09-27 10:00:00+09:00,18245.0,18280.0,18120.0,18155.0,54500,0.0,0.0
2023-09-27 11:00:00+09:00,18165.0,18240.0,18160.0,18235.0,0,0.0,0.0
2023-09-27 12:00:00+09:00,18230.0,18235.0,18120.0,18235.0,280000,0.0,0.0
2023-09-27 13:00:00+09:00,18230.0,18315.0,18225.0,18290.0,71100,0.0,0.0
2023-09-27 14:00:00+09:00,18290.0,18350.0,18260.0,18335.0,115900,0.0,0.0
2023-09-28 09:00:00+09:00,18115.0,18220.0,18035.0,18135.0,84500,0.0,0.0
2023-09-28 10:00:00+09:00,18145.0,18205.0,18065.0,18125.0,47200,0.0,0.0
2023-09-28 11:00:00+09:00,18130.0,18130.0,17950.0,17955.0,0,0.0,0.0
2023-09-28 12:00:00+09:00,17930.0,17940.0,17855.0,17905.0,227800,0.0,0.0
2023-09-28 13:00:00+09:00,17900.0,17930.0,17900.0,17925.0,32800,0.0,0.0
2023-09-28 14:00:00+09:00,17930.0,18020.0,17920.0,17955.0,83000,0.0,0.0
2023-09-29 09:00:00+09:00,17870.0,17900.0,17655.0,17675.0,179500,0.0,0.0
2023-09-29 10:00:00+09:00,17680.0,17715.0,17610.0,17635.0,74200,0.0,0.0
2023-09-29 11:00:00+09:00,17630.0,17720.0,17630.0,17680.0,0,0.0,0.0
2023-09-29 12:00:00+09:00,17680.0,17765.0,17670.0,17690.0,335100,0.0,0.0
2023-09-29 13:00:00+09:00,17690.0,17695.0,17570.0,17580.0,82500,0.0,0.0
2023-09-29 14:00:00+09:00,17585.0,17640.0,17550.0,17585.0,136700,0.0,0.0
2023-10-02 09:00:00+09:00,17675.0,17930.0,17655.0,17815.0,93900,0.0,0.0
2023-10-02 10:00:00+09:00,17825.0,17905.0,17820.0,17845.0,31500,0.0,0.0
2023-10-02 11:00:00+09:00,17845.0,17890.0,17825.0,17875.0,0,0.0,0.0
2023-10-02 12:00:00+09:00,17855.0,17875.0,17730.0,17735.0,178300,0.0,0.0
2023-10-02 13:00:00+09:00,17740.0,17760.0,17610.0,17655.0,69400,0.0,0.0
2023-10-02 14:00:00+09:00,17660.0,17680.0,17555.0,17590.0,66800,0.0,0.0
2023-10-03 09:00:00+09:00,17500.0,17555.0,17255.0,17315.0,138700,0.0,0.0
2023-10-03 10:00:00+09:00,17305.0,17370.0,17275.0,17360.0,47000,0.0,0.0
2023-10-03 11:00:00+09:00,17355.0,17465.0,17340.0,17465.0,0,0.0,0.0
2023-10-03 12:00:00+09:00,17485.0,17550.0,17435.0,17505.0,265500,0.0,0.0
2023-10-03 13:00:00+09:00,17500.0,17500.0,17380.0,17380.0,65000,0.0,0.0
2023-10-03 14:00:00+09:00,17375.0,17440.0,17330.0,17435.0,100900,0.0,0.0
2023-10-04 09:00:00+09:00,17245.0,17340.0,17180.0,17265.0,123800,0.0,0.0
2023-10-04 10:00:00+09:00,17265.0,17330.0,17205.0,17220.0,51200,0.0,0.0
2023-10-04 11:00:00+09:00,17230.0,17275.0,17225.0,17240.0,0,0.0,0.0
2023-10-04 12:00:00+09:00,17320.0,17320.0,17190.0,17225.0,234900,0.0,0.0
2023-10-04 13:00:00+09:00,17215.0,17305.0,17175.0,17245.0,45700,0.0,0.0
2023-10-04 14:00:00+09:00,17245.0,17280.0,17150.0,17195.0,98200,0.0,0.0
2023-10-05 09:00:00+09:00,17400.0,17415.0,17240.0,17380.0,82000,0.0,0.0
2023-10-05 10:00:00+09:00,17365.0,17365.0,17315.0,17350.0,24800,0.0,0.0
2023-10-05 11:00:00+09:00,17350.0,17360.0,17315.0,17350.0,0,0.0,0.0
2023-10-05 12:00:00+09:00,17390.0,17465.0,17375.0,17460.0,160000,0.0,0.0
2023-10-05 13:00:00+09:00,17465.0,17525.0,17450.0,17500.0,45200,0.0,0.0
2023-10-05 14:00:00+09:00,17505.0,17525.0,17420.0,17480.0,64600,0.0,0.0
2023-10-06 09:00:00+09:00,17420.0,17550.0,17420.0,17540.0,54600,0.0,0.0
2023-10-06 10:00:00+09:00,17535.0,17600.0,17525.0,17560.0,26600,0.0,0.0
2023-10-06 11:00:00+09:00,17565.0,17585.0,17525.0,17550.0,0,0.0,0.0
2023-10-06 12:00:00+09:00,17570.0,17570.0,17545.0,17555.0,112600,0.0,0.0
2023-10-06 13:00:00+09:00,17560.0,17600.0,17515.0,17545.0,36100,0.0,0.0
2023-10-06 14:00:00+09:00,17550.0,17555.0,17460.0,17475.0,59900,0.0,0.0
2023-10-10 09:00:00+09:00,17675.0,17750.0,17575.0,17700.0,114000,0.0,0.0
2023-10-10 10:00:00+09:00,17705.0,17765.0,17645.0,17690.0,52100,0.0,0.0
2023-10-10 11:00:00+09:00,17690.0,17790.0,17665.0,17790.0,0,0.0,0.0
2023-10-10 12:00:00+09:00,17760.0,17760.0,17710.0,17715.0,219900,0.0,0.0
2023-10-10 13:00:00+09:00,17720.0,17755.0,17700.0,17750.0,48200,0.0,0.0
2023-10-10 14:00:00+09:00,17745.0,17750.0,17715.0,17715.0,82600,0.0,0.0
2023-10-11 09:00:00+09:00,17575.0,17705.0,17410.0,17425.0,105800,0.0,0.0
2023-10-11 10:00:00+09:00,17425.0,17460.0,17375.0,17420.0,47100,0.0,0.0
2023-10-11 11:00:00+09:00,17430.0,17500.0,17425.0,17490.0,0,0.0,0.0
2023-10-11 12:00:00+09:00,17470.0,17505.0,17425.0,17500.0,218600,0.0,0.0
2023-10-11 13:00:00+09:00,17505.0,17535.0,17490.0,17500.0,37100,0.0,0.0
2023-10-11 14:00:00+09:00,17495.0,17510.0,17435.0,17440.0,78900,0.0,0.0
2023-10-12 09:00:00+09:00,17425.0,17485.0,17345.0,17405.0,103300,0.0,0.0
2023-10-12 10:00:00+09:00,17400.0,17405.0,17335.0,17380.0,62600,0.0,0.0
2023-10-12 11:00:00+09:00,17380.0,17420.0,17360.0,17360.0,0,0.0,0.0
2023-10-12 12:00:00+09:00,17365.0,17465.0,17365.0,17445.0,265900,0.0,0.0
2023-10-12 13:00:00+09:00,17445.0,17455.0,17405.0,17410.0,65400,0.0,0.0
2023-10-12 14:00:00+09:00,17410.0,17425.0,17385.0,17385.0,133700,0.0,0.0
2023-10-13 09:00:00+09:00,17325.0,17335.0,17130.0,17150.0,187700,0.0,0.0
2023-10-13 10:00:00+09:00,17145.0,17215.0,17125.0,17155.0,47900,0.0,0.0
2023-10-13 11:00:00+09:00,17150.0,17190.0,17130.0,17130.0,0,0.0,0.0
2023-10-13 12:00:00+09:00,17100.0,17120.0,17075.0,17095.0,346400,0.0,0.0
2023-10-13 13:00:00+09:00,17095.0,17140.0,17070.0,17090.0,73500,0.0,0.0
2023-10-13 14:00:00+09:00,17090.0,17230.0,17090.0,17220.0,126300,0.0,0.0
2023-10-16 09:00:00+09:00,17215.0,17245.0,17055.0,17075.0,113000,0.0,0.0
2023-10-16 10:00:00+09:00,17075.0,17110.0,16980.0,17040.0,81400,0.0,0.0
2023-10-16 11:00:00+09:00,17035.0,17040.0,16935.0,16955.0,0,0.0,0.0
2023-10-16 12:00:00+09:00,16980.0,17100.0,16955.0,17095.0,282900,0.0,0.0
2023-10-16 13:00:00+09:00,17100.0,17110.0,17055.0,17110.0,42300,0.0,0.0
2023-10-16 14:00:00+09:00,17105.0,17110.0,17020.0,17075.0,96000,0.0,0.0
2023-10-17 09:00:00+09:00,17250.0,17350.0,17160.0,17200.0,91600,0.0,0.0
2023-10-17 10:00:00+09:00,17235.0,17240.0,17150.0,17185.0,55700,0.0,0.0
2023-10-17 11:00:00+09:00,17185.0,17185.0,17125.0,17170.0,0,0.0,0.0
2023-10-17 12:00:00+09:00,17210.0,17225.0,17175.0,17220.0,198100,0.0,0.0
2023-10-17 13:00:00+09:00,17220.0,17230.0,17165.0,17180.0,39100,0.0,0.0
2023-10-17 14:00:00+09:00,17170.0,17320.0,17150.0,17270.0,171800,0.0,0.0
2023-10-18 09:00:00+09:00,17285.0,17525.0,17250.0,17340.0,193500,0.0,0.0
2023-10-18 10:00:00+09:00,17340.0,17405.0,17290.0,17385.0,73400,0.0,0.0
2023-10-18 11:00:00+09:00,17385.0,17450.0,17265.0,17285.0,0,0.0,0.0
2023-10-18 12:00:00+09:00,17285.0,17305.0,17215.0,17305.0,376100,0.0,0.0
2023-10-18 13:00:00+09:00,17310.0,17325.0,17265.0,17265.0,42500,0.0,0.0
2023-10-18 14:00:00+09:00,17260.0,17315.0,17230.0,17305.0,84900,0.0,0.0
2023-10-19 09:00:00+09:00,17045.0,17205.0,17005.0,17195.0,0,0.0,0.0
2023-10-19 10:00:00+09:00,17160.0,17180.0,17065.0,17085.0,140800,0.0,0.0
2023-10-19 11:00:00+09:00,17085.0,17085.0,17040.0,17070.0,0,0.0,0.0
2023-10-19 12:00:00+09:00,17055.0,17090.0,17030.0,17065.0,195200,0.0,0.0
2023-10-19 13:00:00+09:00,17070.0,17165.0,17055.0,17160.0,36100,0.0,0.0
2023-10-19 14:00:00+09:00,17155.0,17170.0,17110.0,17145.0,83900,0.0,0.0
2023-10-20 09:00:00+09:00,16895.0,16950.0,16845.0,16930.0,115900,0.0,0.0
2023-10-20 10:00:00+09:00,16930.0,16990.0,16895.0,16950.0,36700,0.0,0.0
2023-10-20 11:00:00+09:00,16950.0,17000.0,16945.0,16960.0,0,0.0,0.0
2023-10-20 12:00:00+09:00,17050.0,17090.0,17000.0,17085.0,197800,0.0,0.0
2023-10-20 13:00:00+09:00,17090.0,17125.0,17050.0,17095.0,44300,0.0,0.0
2023-10-20 14:00:00+09:00,17095.0,17105.0,17025.0,17035.0,74300,0.0,0.0
2023-10-23 09:00:00+09:00,16990.0,17045.0,16925.0,17045.0,86400,0.0,0.0
2023-10-23 10:00:00+09:00,17045.0,17065.0,16985.0,17020.0,39100,0.0,0.0
2023-10-23 11:00:00+09:00,17020.0,17040.0,16970.0,16970.0,0,0.0,0.0
2023-10-23 12:00:00+09:00,17020.0,17035.0,16995.0,17000.0,171900,0.0,0.0
2023-10-23 13:00:00+09:00,17000.0,17045.0,16970.0,17020.0,50300,0.0,0.0
2023-10-23 14:00:00+09:00,17015.0,17045.0,16940.0,16940.0,78500,0.0,0.0
2023-10-24 09:00:00+09:00,17010.0,17010.0,16700.0,16700.0,129100,0.0,0.0
2023-10-24 10:00:00+09:00,16700.0,16730.0,16570.0,16720.0,100200,0.0,0.0
2023-10-24 11:00:00+09:00,16720.0,16895.0,16720.0,16825.0,0,0.0,0.0
2023-10-24 12:00:00+09:00,16840.0,16880.0,16790.0,16820.0,331300,0.0,0.0
2023-10-24 13:00:00+09:00,16820.0,16910.0,16800.0,16900.0,60200,0.0,0.0
2023-10-24 14:00:00+09:00,16900.0,17000.0,16900.0,16940.0,99300,0.0,0.0
2023-10-25 09:00:00+09:00,16955.0,17040.0,16925.0,16985.0,71200,0.0,0.0
2023-10-25 10:00:00+09:00,16985.0,17085.0,16960.0,17075.0,51100,0.0,0.0
2023-10-25 11:00:00+09:00,17085.0,17105.0,17060.0,17105.0,0,0.0,0.0
2023-10-25 12:00:00+09:00,17140.0,17140.0,17045.0,17055.0,179100,0.0,0.0
2023-10-25 13:00:00+09:00,17055.0,17105.0,17050.0,17100.0,44100,0.0,0.0
2023-10-25 14:00:00+09:00,17105.0,17115.0,16985.0,17040.0,76200,0.0,0.0
2023-10-26 09:00:00+09:00,16745.0,16945.0,16745.0,16760.0,99600,0.0,0.0
2023-10-26 10:00:00+09:00,16765.0,16815.0,16730.0,16750.0,67700,0.0,0.0
2023-10-26 11:00:00+09:00,16750.0,16775.0,16675.0,16685.0,0,0.0,0.0
2023-10-26 12:00:00+09:00,16670.0,16760.0,16670.0,16725.0,237900,0.0,0.0
2023-10-26 13:00:00+09:00,16725.0,16785.0,16710.0,16780.0,58000,0.0,0.0
2023-10-26 14:00:00+09:00,16780.0,16805.0,16725.0,16775.0,113100,0.0,0.0
2023-10-27 09:00:00+09:00,18760.0,18900.0,18490.0,18690.0,1209600,0.0,0.0
2023-10-27 10:00:00+09:00,18690.0,18845.0,18650.0,18655.0,369600,0.0,0.0
2023-10-27 11:00:00+09:00,18665.0,18665.0,18590.0,18620.0,0,0.0,0.0
2023-10-27 12:00:00+09:00,18580.0,18610.0,18500.0,18555.0,1822100,0.0,0.0
2023-10-27 13:00:00+09:00,18555.0,18675.0,18500.0,18650.0,176400,0.0,0.0
2023-10-27 14:00:00+09:00,18645.0,18780.0,18625.0,18780.0,283700,0.0,0.0
2023-10-30 09:00:00+09:00,18700.0,19010.0,18560.0,18800.0,367800,0.0,0.0
2023-10-30 10:00:00+09:00,18785.0,18980.0,18750.0,18975.0,138400,0.0,0.0
2023-10-30 11:00:00+09:00,18970.0,19200.0,18970.0,19195.0,0,0.0,0.0
2023-10-30 12:00:00+09:00,19160.0,19160.0,19030.0,19040.0,794800,0.0,0.0
2023-10-30 13:00:00+09:00,19045.0,19105.0,18950.0,18965.0,152800,0.0,0.0
2023-10-30 14:00:00+09:00,18970.0,19140.0,18890.0,19140.0,289500,0.0,0.0
2023-10-31 09:00:00+09:00,19295.0,19500.0,19160.0,19390.0,358300,0.0,0.0
2023-10-31 10:00:00+09:00,19380.0,19485.0,19275.0,19305.0,127900,0.0,0.0
2023-10-31 11:00:00+09:00,19300.0,19360.0,19255.0,19350.0,0,0.0,0.0
2023-10-31 12:00:00+09:00,19425.0,19560.0,19385.0,19430.0,709500,0.0,0.0
2023-10-31 13:00:00+09:00,19445.0,19530.0,19405.0,19425.0,129500,0.0,0.0
2023-10-31 14:00:00+09:00,19415.0,19520.0,19350.0,19505.0,219500,0.0,0.0
2023-11-01 09:00:00+09:00,19710.0,19840.0,19580.0,19725.0,297400,0.0,0.0
2023-11-01 10:00:00+09:00,19720.0,19750.0,19630.0,19645.0,125300,0.0,0.0
2023-11-01 11:00:00+09:00,19640.0,19690.0,19590.0,19690.0,0,0.0,0.0
2023-11-01 12:00:00+09:00,19720.0,19730.0,19605.0,19675.0,584000,0.0,0.0
2023-11-01 13:00:00+09:00,19675.0,19750.0,19670.0,19745.0,116500,0.0,0.0
2023-11-01 14:00:00+09:00,19730.0,19745.0,19640.0,19640.0,193900,0.0,0.0
2023-11-02 09:00:00+09:00,19710.0,19745.0,19525.0,19660.0,172900,0.0,0.0
2023-11-02 10:00:00+09:00,19650.0,19740.0,19645.0,19705.0,99100,0.0,0.0
2023-11-02 11:00:00+09:00,19710.0,19760.0,19660.0,19675.0,0,0.0,0.0
2023-11-02 12:00:00+09:00,19620.0,19650.0,19535.0,19540.0,431700,0.0,0.0
2023-11-02 13:00:00+09:00,19535.0,19565.0,19435.0,19460.0,141200,0.0,0.0
2023-11-02 14:00:00+09:00,19460.0,19505.0,19405.0,19405.0,203000,0.0,0.0
2023-11-06 09:00:00+09:00,19990.0,20125.0,19845.0,19845.0,373600,0.0,0.0
2023-11-06 10:00:00+09:00,19845.0,19885.0,19785.0,19790.0,190100,0.0,0.0
2023-11-06 11:00:00+09:00,19805.0,19895.0,19800.0,19860.0,0,0.0,0.0
2023-11-06 12:00:00+09:00,19850.0,19885.0,19825.0,19870.0,750500,0.0,0.0
2023-11-06 13:00:00+09:00,19865.0,19910.0,19850.0,19865.0,110000,0.0,0.0
2023-11-06 14:00:00+09:00,19870.0,19885.0,19770.0,19785.0,169700,0.0,0.0
2023-11-07 09:00:00+09:00,19580.0,19645.0,19430.0,19465.0,150700,0.0,0.0
2023-11-07 10:00:00+09:00,19460.0,19500.0,19400.0,19415.0,78400,0.0,0.0
2023-11-07 11:00:00+09:00,19410.0,19415.0,19360.0,19375.0,0,0.0,0.0
2023-11-07 12:00:00+09:00,19360.0,19370.0,19315.0,19320.0,312400,0.0,0.0
2023-11-07 13:00:00+09:00,19325.0,19365.0,19285.0,19310.0,72100,0.0,0.0
2023-11-07 14:00:00+09:00,19310.0,19345.0,19280.0,19310.0,126000,0.0,0.0
2023-11-08 09:00:00+09:00,19410.0,19430.0,19235.0,19360.0,107300,0.0,0.0
2023-11-08 10:00:00+09:00,19355.0,19475.0,19305.0,19390.0,74800,0.0,0.0
2023-11-08 11:00:00+09:00,19380.0,19435.0,19350.0,19365.0,0,0.0,0.0
2023-11-08 12:00:00+09:00,19375.0,19510.0,19370.0,19455.0,291300,0.0,0.0
2023-11-08 13:00:00+09:00,19465.0,19600.0,19450.0,19600.0,107700,0.0,0.0
2023-11-08 14:00:00+09:00,19600.0,19675.0,19495.0,19540.0,174200,0.0,0.0
2023-11-09 09:00:00+09:00,19695.0,19695.0,19430.0,19460.0,104500,0.0,0.0
2023-11-09 10:00:00+09:00,19460.0,19515.0,19420.0,19425.0,43500,0.0,0.0
2023-11-09 11:00:00+09:00,19435.0,19465.0,19380.0,19395.0,0,0.0,0.0
2023-11-09 12:00:00+09:00,19370.0,19460.0,19360.0,19430.0,216400,0.0,0.0
2023-11-09 13:00:00+09:00,19440.0,19570.0,19405.0,19555.0,92600,0.0,0.0
2023-11-09 14:00:00+09:00,19550.0,19665.0,19545.0,19625.0,95800,0.0,0.0
2023-11-10 09:00:00+09:00,19640.0,19640.0,19480.0,19565.0,109700,0.0,0.0
2023-11-10 10:00:00+09:00,19560.0,19605.0,19435.0,19445.0,53700,0.0,0.0
2023-11-10 11:00:00+09:00,19445.0,19570.0,19440.0,19500.0,0,0.0,0.0
2023-11-10 12:00:00+09:00,19550.0,19555.0,19500.0,19525.0,232700,0.0,0.0
2023-11-10 13:00:00+09:00,19525.0,19690.0,19500.0,19680.0,78300,0.0,0.0
2023-11-10 14:00:00+09:00,19685.0,19700.0,19645.0,19695.0,84900,0.0,0.0
2023-11-13 09:00:00+09:00,19775.0,19795.0,19575.0,19580.0,93000,0.0,0.0
2023-11-13 10:00:00+09:00,19585.0,19635.0,19555.0,19570.0,54000,0.0,0.0
2023-11-13 11:00:00+09:00,19580.0,19610.0,19570.0,19575.0,0,0.0,0.0
2023-11-13 12:00:00+09:00,19525.0,19585.0,19460.0,19500.0,213300,0.0,0.0
2023-11-13 13:00:00+09:00,19500.0,19530.0,19435.0,19440.0,47400,0.0,0.0
2023-11-13 14:00:00+09:00,19445.0,19500.0,19395.0,19435.0,106500,0.0,0.0
2023-11-14 09:00:00+09:00,19640.0,19640.0,19435.0,19490.0,76600,0.0,0.0
2023-11-14 10:00:00+09:00,19490.0,19530.0,19465.0,19520.0,33100,0.0,0.0
2023-11-14 11:00:00+09:00,19525.0,19535.0,19455.0,19470.0,0,0.0,0.0
2023-11-14 12:00:00+09:00,19405.0,19590.0,19400.0,19560.0,172500,0.0,0.0
2023-11-14 13:00:00+09:00,19560.0,19605.0,19545.0,19570.0,40500,0.0,0.0
2023-11-14 14:00:00+09:00,19565.0,19565.0,19515.0,19515.0,58500,0.0,0.0
2023-11-15 09:00:00+09:00,19750.0,19795.0,19630.0,19740.0,91500,0.0,0.0
2023-11-15 10:00:00+09:00,19730.0,19765.0,19660.0,19745.0,41300,0.0,0.0
2023-11-15 11:00:00+09:00,19750.0,19790.0,19725.0,19735.0,0,0.0,0.0
2023-11-15 12:00:00+09:00,19735.0,19770.0,19725.0,19770.0,183600,0.0,0.0
2023-11-15 13:00:00+09:00,19775.0,19795.0,19745.0,19770.0,49000,0.0,0.0
2023-11-15 14:00:00+09:00,19765.0,19850.0,19745.0,19835.0,113600,0.0,0.0
2023-11-16 09:00:00+09:00,19835.0,20355.0,19800.0,20140.0,322700,0.0,0.0
2023-11-16 10:00:00+09:00,20140.0,20240.0,20115.0,20145.0,94800,0.0,0.0
2023-11-16 11:00:00+09:00,20140.0,20150.0,20085.0,20145.0,0,0.0,0.0
2023-11-16 12:00:00+09:00,20080.0,20090.0,19965.0,20005.0,507100,0.0,0.0
2023-11-16 13:00:00+09:00,20010.0,20045.0,19995.0,20040.0,53400,0.0,0.0
2023-11-16 14:00:00+09:00,20035.0,20115.0,20035.0,20055.0,112200,0.0,0.0
2023-11-17 09:00:00+09:00,20005.0,20485.0,20000.0,20395.0,194100,0.0,0.0
2023-11-17 10:00:00+09:00,20395.0,20410.0,20285.0,20370.0,64900,0.0,0.0
2023-11-17 11:00:00+09:00,20375.0,20430.0,20350.0,20410.0,0,0.0,0.0
2023-11-17 12:00:00+09:00,20410.0,20460.0,20370.0,20445.0,338200,0.0,0.0
2023-11-17 13:00:00+09:00,20440.0,20485.0,20410.0,20475.0,66600,0.0,0.0
2023-11-17 14:00:00+09:00,20475.0,20615.0,20470.0,20615.0,180800,0.0,0.0
2023-11-20 09:00:00+09:00,20700.0,20865.0,20520.0,20830.0,162100,0.0,0.0
2023-11-20 10:00:00+09:00,20830.0,20860.0,20695.0,20775.0,83600,0.0,0.0
2023-11-20 11:00:00+09:00,20770.0,20780.0,20720.0,20755.0,0,0.0,0.0
2023-11-20 12:00:00+09:00,20705.0,20710.0,20640.0,20655.0,308200,0.0,0.0
2023-11-20 13:00:00+09:00,20645.0,20715.0,20600.0,20710.0,55100,0.0,0.0
2023-11-20 14:00:00+09:00,20705.0,20730.0,20615.0,20615.0,138000,0.0,0.0
2023-11-21 09:00:00+09:00,20580.0,20735.0,20565.0,20685.0,97300,0.0,0.0
2023-11-21 10:00:00+09:00,20695.0,20745.0,20620.0,20725.0,62700,0.0,0.0
2023-11-21 11:00:00+09:00,20730.0,20770.0,20720.0,20720.0,0,0.0,0.0
2023-11-21 12:00:00+09:00,20720.0,20820.0,20705.0,20750.0,224300,0.0,0.0
2023-11-21 13:00:00+09:00,20740.0,20780.0,20730.0,20740.0,33900,0.0,0.0
2023-11-21 14:00:00+09:00,20735.0,20790.0,20700.0,20705.0,72100,0.0,0.0
2023-11-22 09:00:00+09:00,20750.0,20810.0,20605.0,20780.0,69600,0.0,0.0
2023-11-22 10:00:00+09:00,20780.0,20855.0,20735.0,20775.0,54800,0.0,0.0
2023-11-22 11:00:00+09:00,20770.0,20775.0,20685.0,20685.0,0,0.0,0.0
2023-11-22 12:00:00+09:00,20650.0,20680.0,20635.0,20675.0,171800,0.0,0.0
2023-11-22 13:00:00+09:00,20680.0,20685.0,20600.0,20645.0,49500,0.0,0.0
2023-11-22 14:00:00+09:00,20635.0,20690.0,20565.0,20605.0,84800,0.0,0.0
2023-11-24 09:00:00+09:00,20750.0,20940.0,20670.0,20900.0,123000,0.0,0.0
2023-11-24 10:00:00+09:00,20905.0,20905.0,20835.0,20900.0,45100,0.0,0.0
2023-11-24 11:00:00+09:00,20900.0,20900.0,20875.0,20895.0,0,0.0,0.0
2023-11-24 12:00:00+09:00,20895.0,21025.0,20875.0,20985.0,306700,0.0,0.0
2023-11-24 13:00:00+09:00,20975.0,21035.0,20940.0,21020.0,82500,0.0,0.0
2023-11-24 14:00:00+09:00,21020.0,21145.0,21020.0,21145.0,198300,0.0,0.0
2023-11-27 09:00:00+09:00,21125.0,21300.0,21110.0,21205.0,166000,0.0,0.0
2023-11-27 10:00:00+09:00,21210.0,21215.0,21130.0,21145.0,77700,0.0,0.0
2023-11-27 11:00:00+09:00,21150.0,21185.0,21100.0,21100.0,0,0.0,0.0
2023-11-27 12:00:00+09:00,21080.0,21155.0,21055.0,21140.0,339600,0.0,0.0
2023-11-27 13:00:00+09:00,21135.0,21185.0,21120.0,21185.0,59800,0.0,0.0
2023-11-27 14:00:00+09:00,21185.0,21205.0,21150.0,21170.0,131600,0.0,0.0
2023-11-28 09:00:00+09:00,21165.0,21255.0,20930.0,21015.0,119800,0.0,0.0
2023-11-28 10:00:00+09:00,21005.0,21035.0,20975.0,20995.0,38700,0.0,0.0
2023-11-28 11:00:00+09:00,21005.0,21025.0,20995.0,21010.0,0,0.0,0.0
2023-11-28 12:00:00+09:00,21000.0,21030.0,20990.0,21010.0,210400,0.0,0.0
2023-11-28 13:00:00+09:00,21010.0,21040.0,20990.0,21025.0,36500,0.0,0.0
2023-11-28 14:00:00+09:00,21035.0,21040.0,20950.0,20985.0,67700,0.0,0.0
2023-11-29 09:00:00+09:00,20900.0,21025.0,20825.0,20900.0,101700,0.0,0.0
2023-11-29 10:00:00+09:00,20900.0,20970.0,20880.0,20925.0,62000,0.0,0.0
2023-11-29 11:00:00+09:00,20930.0,20985.0,20920.0,20940.0,0,0.0,0.0
2023-11-29 12:00:00+09:00,20915.0,21080.0,20915.0,21020.0,223800,0.0,0.0
2023-11-29 13:00:00+09:00,21030.0,21040.0,20980.0,20985.0,45700,0.0,0.0
2023-11-29 14:00:00+09:00,20985.0,21005.0,20925.0,20965.0,79000,0.0,0.0
2023-11-30 09:00:00+09:00,21050.0,21170.0,21040.0,21125.0,93200,0.0,0.0
2023-11-30 10:00:00+09:00,21130.0,21135.0,21000.0,21030.0,66500,0.0,0.0
2023-11-30 11:00:00+09:00,21030.0,21095.0,21020.0,21075.0,0,0.0,0.0
2023-11-30 12:00:00+09:00,21060.0,21215.0,21060.0,21210.0,249900,0.0,0.0
2023-11-30 13:00:00+09:00,21215.0,21220.0,21145.0,21170.0,67100,0.0,0.0
2023-11-30 14:00:00+09:00,21170.0,21195.0,21055.0,21115.0,199000,0.0,0.0
2023-12-01 09:00:00+09:00,21160.0,21160.0,20970.0,21050.0,111100,0.0,0.0
2023-12-01 10:00:00+09:00,21040.0,21110.0,20980.0,21005.0,82100,0.0,0.0
2023-12-01 11:00:00+09:00,21010.0,21060.0,21010.0,21040.0,0,0.0,0.0
2023-12-01 12:00:00+09:00,21035.0,21090.0,21030.0,21085.0,240400,0.0,0.0
2023-12-01 13:00:00+09:00,21090.0,21110.0,21040.0,21045.0,34100,0.0,0.0
2023-12-01 14:00:00+09:00,21050.0,21105.0,21020.0,21080.0,81600,0.0,0.0
2023-12-04 09:00:00+09:00,21050.0,21120.0,20935.0,21120.0,85300,0.0,0.0
2023-12-04 10:00:00+09:00,21120.0,21185.0,21100.0,21140.0,49200,0.0,0.0
2023-12-04 11:00:00+09:00,21130.0,21130.0,21080.0,21105.0,0,0.0,0.0
2023-12-04 12:00:00+09:00,21095.0,21110.0,21070.0,21100.0,195200,0.0,0.0
2023-12-04 13:00:00+09:00,21100.0,21130.0,21090.0,21120.0,41900,0.0,0.0
2023-12-04 14:00:00+09:00,21115.0,21135.0,21085.0,21125.0,74400,0.0,0.0
2023-12-05 09:00:00+09:00,21070.0,21145.0,21015.0,21100.0,126200,0.0,0.0
2023-12-05 10:00:00+09:00,21095.0,21175.0,21045.0,21110.0,54100,0.0,0.0
2023-12-05 11:00:00+09:00,21120.0,21140.0,21085.0,21130.0,0,0.0,0.0
2023-12-05 12:00:00+09:00,21070.0,21090.0,21050.0,21070.0,243400,0.0,0.0
2023-12-05 13:00:00+09:00,21065.0,21120.0,21055.0,21070.0,44500,0.0,0.0
2023-12-05 14:00:00+09:00,21070.0,21105.0,21045.0,21065.0,97000,0.0,0.0
2023-12-06 09:00:00+09:00,21250.0,21855.0,21250.0,21720.0,305700,0.0,0.0
2023-12-06 10:00:00+09:00,21735.0,21795.0,21690.0,21735.0,60900,0.0,0.0
2023-12-06 11:00:00+09:00,21730.0,21790.0,21725.0,21760.0,0,0.0,0.0
2023-12-06 12:00:00+09:00,21800.0,21900.0,21690.0,21720.0,497100,0.0,0.0
2023-12-06 13:00:00+09:00,21720.0,21730.0,21685.0,21695.0,53800,0.0,0.0
2023-12-06 14:00:00+09:00,21700.0,21790.0,21690.0,21780.0,124600,0.0,0.0
2023-12-07 09:00:00+09:00,21620.0,21730.0,21565.0,21635.0,121400,0.0,0.0
2023-12-07 10:00:00+09:00,21630.0,21690.0,21570.0,21585.0,56600,0.0,0.0
2023-12-07 11:00:00+09:00,21580.0,21625.0,21565.0,21585.0,0,0.0,0.0
2023-12-07 12:00:00+09:00,21530.0,21585.0,21530.0,21570.0,259600,0.0,0.0
2023-12-07 13:00:00+09:00,21560.0,21635.0,21560.0,21615.0,49200,0.0,0.0
2023-12-07 14:00:00+09:00,21615.0,21625.0,21490.0,21505.0,135500,0.0,0.0
2023-12-08 09:00:00+09:00,21535.0,21635.0,21455.0,21555.0,246200,0.0,0.0
2023-12-08 10:00:00+09:00,21555.0,21555.0,21475.0,21505.0,68100,0.0,0.0
2023-12-08 11:00:00+09:00,21505.0,21510.0,21420.0,21475.0,0,0.0,0.0
2023-12-08 12:00:00+09:00,21485.0,21535.0,21450.0,21525.0,400900,0.0,0.0
2023-12-08 13:00:00+09:00,21535.0,21540.0,21500.0,21530.0,46800,0.0,0.0
2023-12-08 14:00:00+09:00,21535.0,21550.0,21475.0,21535.0,137200,0.0,0.0
2023-12-11 09:00:00+09:00,21685.0,21840.0,21580.0,21690.0,116100,0.0,0.0
2023-12-11 10:00:00+09:00,21695.0,21710.0,21580.0,21615.0,54800,0.0,0.0
2023-12-11 11:00:00+09:00,21615.0,21665.0,21615.0,21640.0,0,0.0,0.0
2023-12-11 12:00:00+09:00,21600.0,21685.0,21600.0,21625.0,229200,0.0,0.0
2023-12-11 13:00:00+09:00,21630.0,21715.0,21630.0,21665.0,43500,0.0,0.0
2023-12-11 14:00:00+09:00,21665.0,21730.0,21625.0,21690.0,66400,0.0,0.0
2023-12-12 09:00:00+09:00,21730.0,21890.0,21730.0,21795.0,124800,0.0,0.0
2023-12-12 10:00:00+09:00,21775.0,21835.0,21750.0,21760.0,44600,0.0,0.0
2023-12-12 11:00:00+09:00,21760.0,21805.0,21750.0,21760.0,0,0.0,0.0
2023-12-12 12:00:00+09:00,21760.0,21795.0,21735.0,21765.0,233200,0.0,0.0
2023-12-12 13:00:00+09:00,21765.0,21785.0,21730.0,21770.0,55100,0.0,0.0
2023-12-12 14:00:00+09:00,21770.0,22295.0,21730.0,22205.0,321700,0.0,0.0
2023-12-13 09:00:00+09:00,21250.0,21880.0,21030.0,21820.0,553400,0.0,0.0
2023-12-13 10:00:00+09:00,21825.0,21860.0,21700.0,21700.0,124500,0.0,0.0
2023-12-13 11:00:00+09:00,21700.0,21735.0,21600.0,21600.0,0,0.0,0.0
2023-12-13 12:00:00+09:00,21635.0,21660.0,21560.0,21615.0,789900,0.0,0.0
2023-12-13 13:00:00+09:00,21620.0,21670.0,21430.0,21445.0,121500,0.0,0.0
2023-12-13 14:00:00+09:00,21445.0,21505.0,21310.0,21460.0,257300,0.0,0.0
2023-12-14 09:00:00+09:00,21355.0,21575.0,21295.0,21310.0,133600,0.0,0.0
2023-12-14 10:00:00+09:00,21310.0,21425.0,21305.0,21340.0,50400,0.0,0.0
2023-12-14 11:00:00+09:00,21340.0,21420.0,21330.0,21365.0,0,0.0,0.0
2023-12-14 12:00:00+09:00,21305.0,21315.0,21205.0,21270.0,313600,0.0,0.0
2023-12-14 13:00:00+09:00,21260.0,21370.0,21260.0,21355.0,47600,0.0,0.0
2023-12-14 14:00:00+09:00,21355.0,21375.0,21185.0,21185.0,104800,0.0,0.0
2023-12-15 09:00:00+09:00,21000.0,21320.0,20940.0,20990.0,179900,0.0,0.0
2023-12-15 10:00:00+09:00,20985.0,21080.0,20820.0,20960.0,97700,0.0,0.0
2023-12-15 11:00:00+09:00,20970.0,20985.0,20830.0,20830.0,0,0.0,0.0
2023-12-15 12:00:00+09:00,20750.0,20900.0,20750.0,20870.0,407100,0.0,0.0
2023-12-15 13:00:00+09:00,20870.0,20875.0,20725.0,20745.0,76200,0.0,0.0
2023-12-15 14:00:00+09:00,20745.0,20830.0,20645.0,20715.0,158000,0.0,0.0
2023-12-18 09:00:00+09:00,20785.0,20900.0,20600.0,20630.0,0,0.0,0.0
2023-12-18 10:00:00+09:00,20625.0,20745.0,20560.0,20635.0,138200,0.0,0.0
2023-12-18 11:00:00+09:00,20640.0,20720.0,20615.0,20710.0,0,0.0,0.0
2023-12-18 12:00:00+09:00,20740.0,20810.0,20730.0,20790.0,188200,0.0,0.0
2023-12-18 13:00:00+09:00,20785.0,20790.0,20710.0,20760.0,32000,0.0,0.0
2023-12-18 14:00:00+09:00,20765.0,20865.0,20755.0,20830.0,104200,0.0,0.0
2023-12-19 09:00:00+09:00,21000.0,21085.0,20925.0,21020.0,92300,0.0,0.0
2023-12-19 10:00:00+09:00,21015.0,21045.0,20960.0,21005.0,34500,0.0,0.0
2023-12-19 11:00:00+09:00,21000.0,21095.0,21000.0,21055.0,0,0.0,0.0
2023-12-19 12:00:00+09:00,21145.0,21255.0,21120.0,21145.0,223200,0.0,0.0
2023-12-19 13:00:00+09:00,21140.0,21145.0,21070.0,21100.0,42300,0.0,0.0
2023-12-19 14:00:00+09:00,21095.0,21160.0,21040.0,21115.0,88300,0.0,0.0
2023-12-20 09:00:00+09:00,21045.0,21195.0,20935.0,20985.0,126400,0.0,0.0
2023-12-20 10:00:00+09:00,20985.0,21075.0,20895.0,20915.0,93400,0.0,0.0
2023-12-20 11:00:00+09:00,20920.0,20970.0,20860.0,20870.0,0,0.0,0.0
2023-12-20 12:00:00+09:00,20835.0,20920.0,20820.0,20825.0,299900,0.0,0.0
2023-12-20 13:00:00+09:00,20830.0,20845.0,20780.0,20800.0,69500,0.0,0.0
2023-12-20 14:00:00+09:00,20800.0,20815.0,20685.0,20685.0,157500,0.0,0.0
2023-12-21 09:00:00+09:00,20580.0,20670.0,20485.0,20555.0,80600,0.0,0.0
2023-12-21 10:00:00+09:00,20565.0,20715.0,20555.0,20700.0,38700,0.0,0.0
2023-12-21 11:00:00+09:00,20695.0,20710.0,20630.0,20690.0,0,0.0,0.0
2023-12-21 12:00:00+09:00,20690.0,20720.0,20665.0,20665.0,160900,0.0,0.0
2023-12-21 13:00:00+09:00,20660.0,20705.0,20615.0,20695.0,41800,0.0,0.0
2023-12-21 14:00:00+09:00,20690.0,20810.0,20690.0,20790.0,103400,0.0,0.0
2023-12-22 09:00:00+09:00,20570.0,20850.0,20550.0,20755.0,72300,0.0,0.0
2023-12-22 10:00:00+09:00,20765.0,20840.0,20755.0,20795.0,31800,0.0,0.0
2023-12-22 11:00:00+09:00,20790.0,20810.0,20770.0,20785.0,0,0.0,0.0
2023-12-22 12:00:00+09:00,20810.0,20915.0,20795.0,20915.0,149700,0.0,0.0
2023-12-22 13:00:00+09:00,20915.0,20920.0,20865.0,20900.0,31700,0.0,0.0
2023-12-22 14:00:00+09:00,20895.0,20980.0,20870.0,20915.0,73800,0.0,0.0
2023-12-25 09:00:00+09:00,21000.0,21095.0,20955.0,21000.0,57700,0.0,0.0
2023-12-25 10:00:00+09:00,21005.0,21030.0,20920.0,20965.0,29300,0.0,0.0
2023-12-25 11:00:00+09:00,20970.0,21000.0,20970.0,20975.0,0,0.0,0.0
2023-12-25 12:00:00+09:00,20970.0,21015.0,20970.0,20985.0,111700,0.0,0.0
2023-12-25 13:00:00+09:00,20980.0,20980.0,20920.0,20960.0,22100,0.0,0.0
2023-12-25 14:00:00+09:00,20965.0,21020.0,20965.0,21010.0,40100,0.0,0.0
2023-12-26 09:00:00+09:00,21040.0,21130.0,21015.0,21060.0,90600,0.0,0.0
2023-12-26 10:00:00+09:00,21050.0,21095.0,21030.0,21095.0,38900,0.0,0.0
2023-12-26 11:00:00+09:00,21095.0,21100.0,21070.0,21085.0,0,0.0,0.0
2023-12-26 12:00:00+09:00,21125.0,21125.0,21025.0,21035.0,169900,0.0,0.0
2023-12-26 13:00:00+09:00,21035.0,21040.0,20975.0,21020.0,33800,0.0,0.0
2023-12-26 14:00:00+09:00,21015.0,21045.0,20985.0,21025.0,56500,0.0,0.0
2023-12-27 09:00:00+09:00,21150.0,21280.0,21150.0,21265.0,86400,0.0,0.0
2023-12-27 10:00:00+09:00,21260.0,21320.0,21230.0,21250.0,41500,0.0,0.0
2023-12-27 11:00:00+09:00,21255.0,21340.0,21255.0,21310.0,0,0.0,0.0
2023-12-27 12:00:00+09:00,21310.0,21335.0,21260.0,21275.0,180100,0.0,0.0
2023-12-27 13:00:00+09:00,21280.0,21360.0,21280.0,21290.0,64000,0.0,0.0
2023-12-27 14:00:00+09:00,21285.0,21330.0,21235.0,21260.0,62100,0.0,0.0
2023-12-28 09:00:00+09:00,21180.0,21295.0,21150.0,21270.0,54400,0.0,0.0
2023-12-28 10:00:00+09:00,21275.0,21340.0,21275.0,21305.0,29600,0.0,0.0
2023-12-28 11:00:00+09:00,21310.0,21345.0,21290.0,21330.0,0,0.0,0.0
2023-12-28 12:00:00+09:00,21350.0,21370.0,21305.0,21320.0,122900,0.0,0.0
2023-12-28 13:00:00+09:00,21325.0,21330.0,21260.0,21310.0,26700,0.0,0.0
2023-12-28 14:00:00+09:00,21315.0,21345.0,21265.0,21265.0,41800,0.0,0.0
2023-12-29 09:00:00+09:00,21315.0,21365.0,21210.0,21305.0,63200,0.0,0.0
2023-12-29 10:00:00+09:00,21310.0,21355.0,21270.0,21290.0,35300,0.0,0.0
2023-12-29 11:00:00+09:00,21290.0,21290.0,21235.0,21275.0,0,0.0,0.0
2023-12-29 12:00:00+09:00,21300.0,21305.0,21255.0,21290.0,145400,0.0,0.0
2023-12-29 13:00:00+09:00,21290.0,21290.0,21175.0,21220.0,51300,0.0,0.0
2023-12-29 14:00:00+09:00,21225.0,21260.0,21145.0,21260.0,60200,0.0,0.0
2024-01-04 09:00:00+09:00,21300.0,21305.0,21115.0,21290.0,123000,0.0,0.0
2024-01-04 10:00:00+09:00,21290.0,21295.0,21235.0,21245.0,62200,0.0,0.0
2024-01-04 11:00:00+09:00,21245.0,21265.0,21225.0,21240.0,0,0.0,0.0
2024-01-04 12:00:00+09:00,21250.0,21270.0,21185.0,21255.0,279800,0.0,0.0
2024-01-04 13:00:00+09:00,21255.0,21385.0,21255.0,21385.0,35500,0.0,0.0
2024-01-04 14:00:00+09:00,21385.0,21440.0,21355.0,21440.0,70700,0.0,0.0
2024-01-05 09:00:00+09:00,21340.0,21350.0,21215.0,21250.0,100600,0.0,0.0
2024-01-05 10:00:00+09:00,21250.0,21260.0,21215.0,21220.0,65200,0.0,0.0
2024-01-05 11:00:00+09:00,21225.0,21270.0,21210.0,21270.0,0,0.0,0.0
2024-01-05 12:00:00+09:00,21315.0,21355.0,21290.0,21310.0,238600,0.0,0.0
2024-01-05 13:00:00+09:00,21315.0,21405.0,21315.0,21330.0,43600,0.0,0.0
2024-01-05 14:00:00+09:00,21330.0,21355.0,21235.0,21250.0,70400,0.0,0.0
2024-01-09 09:00:00+09:00,21360.0,21415.0,21120.0,21200.0,262000,0.0,0.0
2024-01-09 10:00:00+09:00,21205.0,21225.0,21105.0,21105.0,136800,0.0,0.0
2024-01-09 11:00:00+09:00,21110.0,21115.0,21055.0,21095.0,0,0.0,0.0
2024-01-09 12:00:00+09:00,21090.0,21120.0,20985.0,21015.0,542000,0.0,0.0
2024-01-09 13:00:00+09:00,21010.0,21075.0,20965.0,21065.0,82200,0.0,0.0
2024-01-09 14:00:00+09:00,21065.0,21170.0,21060.0,21105.0,104200,0.0,0.0
2024-01-10 09:00:00+09:00,21060.0,21060.0,20620.0,20620.0,372500,0.0,0.0
2024-01-10 10:00:00+09:00,20625.0,20795.0,20570.0,20650.0,241700,0.0,0.0
2024-01-10 11:00:00+09:00,20640.0,20650.0,20590.0,20615.0,0,0.0,0.0
2024-01-10 12:00:00+09:00,20600.0,20615.0,20470.0,20550.0,852600,0.0,0.0
2024-01-10 13:00:00+09:00,20550.0,20585.0,20435.0,20485.0,203000,0.0,0.0
2024-01-10 14:00:00+09:00,20485.0,20715.0,20485.0,20710.0,236600,0.0,0.0
2024-01-11 09:00:00+09:00,20200.0,20610.0,20150.0,20490.0,691200,0.0,0.0
2024-01-11 10:00:00+09:00,20490.0,20650.0,20415.0,20535.0,195400,0.0,0.0
2024-01-11 11:00:00+09:00,20525.0,20625.0,20495.0,20570.0,0,0.0,0.0
2024-01-11 12:00:00+09:00,20525.0,20730.0,20525.0,20695.0,1158200,0.0,0.0
2024-01-11 13:00:00+09:00,20690.0,20765.0,20655.0,20745.0,173500,0.0,0.0
2024-01-11 14:00:00+09:00,20745.0,20790.0,20705.0,20770.0,210800,0.0,0.0
2024-01-12 09:00:00+09:00,20905.0,20925.0,20510.0,20625.0,0,0.0,0.0
2024-01-12 10:00:00+09:00,20620.0,20710.0,20600.0,20605.0,107500,0.0,0.0
2024-01-12 11:00:00+09:00,20605.0,20665.0,20500.0,20505.0,0,0.0,0.0
2024-01-12 12:00:00+09:00,20535.0,20825.0,20535.0,20750.0,659000,0.0,0.0
2024-01-12 13:00:00+09:00,20750.0,20800.0,20735.0,20745.0,120100,0.0,0.0
2024-01-12 14:00:00+09:00,20755.0,20855.0,20745.0,20840.0,156200,0.0,0.0
2024-01-15 09:00:00+09:00,20760.0,20840.0,20655.0,20690.0,166300,0.0,0.0
2024-01-15 10:00:00+09:00,20695.0,20870.0,20695.0,20835.0,82100,0.0,0.0
2024-01-15 11:00:00+09:00,20830.0,20835.0,20800.0,20810.0,0,0.0,0.0
2024-01-15 12:00:00+09:00,20810.0,20830.0,20755.0,20775.0,348000,0.0,0.0
2024-01-15 13:00:00+09:00,20780.0,20805.0,20760.0,20795.0,77200,0.0,0.0
2024-01-15 14:00:00+09:00,20795.0,20795.0,20755.0,20755.0,117700,0.0,0.0
2024-01-16 09:00:00+09:00,20700.0,20725.0,20380.0,20440.0,218700,0.0,0.0
2024-01-16 10:00:00+09:00,20430.0,20450.0,20405.0,20410.0,92200,0.0,0.0
2024-01-16 11:00:00+09:00,20410.0,20420.0,20300.0,20320.0,0,0.0,0.0
2024-01-16 12:00:00+09:00,20300.0,20315.0,20240.0,20270.0,478900,0.0,0.0
2024-01-16 13:00:00+09:00,20275.0,20325.0,20260.0,20290.0,80200,0.0,0.0
2024-01-16 14:00:00+09:00,20290.0,20340.0,20260.0,20310.0,160100,0.0,0.0
2024-01-17 09:00:00+09:00,20000.0,20130.0,19690.0,19715.0,600400,0.0,0.0
2024-01-17 10:00:00+09:00,19715.0,19785.0,19655.0,19675.0,317100,0.0,0.0
2024-01-17 11:00:00+09:00,19670.0,19685.0,19520.0,19555.0,0,0.0,0.0
2024-01-17 12:00:00+09:00,19495.0,19525.0,19415.0,19485.0,1201800,0.0,0.0
2024-01-17 13:00:00+09:00,19480.0,19625.0,19480.0,19595.0,140900,0.0,0.0
2024-01-17 14:00:00+09:00,19590.0,19610.0,19455.0,19460.0,261300,0.0,0.0
2024-01-18 09:00:00+09:00,19170.0,19645.0,19150.0,19545.0,422400,0.0,0.0
2024-01-18 10:00:00+09:00,19545.0,19710.0,19515.0,19710.0,158800,0.0,0.0
2024-01-18 11:00:00+09:00,19705.0,19905.0,19685.0,19845.0,0,0.0,0.0
2024-01-18 12:00:00+09:00,19850.0,20095.0,19845.0,19930.0,934200,0.0,0.0
2024-01-18 13:00:00+09:00,19925.0,19925.0,19790.0,19835.0,126700,0.0,0.0
2024-01-18 14:00:00+09:00,19835.0,19875.0,19715.0,19755.0,249800,0.0,0.0
2024-01-19 09:00:00+09:00,19700.0,19915.0,19685.0,19855.0,307600,0.0,0.0
2024-01-19 10:00:00+09:00,19860.0,19930.0,19830.0,19890.0,130200,0.0,0.0
2024-01-19 11:00:00+09:00,19890.0,19900.0,19835.0,19870.0,0,0.0,0.0
2024-01-19 12:00:00+09:00,19835.0,19970.0,19835.0,19935.0,560000,0.0,0.0
2024-01-19 13:00:00+09:00,19945.0,20030.0,19925.0,20010.0,125700,0.0,0.0
2024-01-19 14:00:00+09:00,20010.0,20120.0,19990.0,20100.0,179500,0.0,0.0
2024-01-22 09:00:00+09:00,19950.0,20275.0,19925.0,20205.0,233200,0.0,0.0
2024-01-22 10:00:00+09:00,20200.0,20225.0,20160.0,20190.0,81000,0.0,0.0
2024-01-22 11:00:00+09:00,20185.0,20265.0,20175.0,20265.0,0,0.0,0.0
2024-01-22 12:00:00+09:00,20265.0,20425.0,20260.0,20360.0,432600,0.0,0.0
2024-01-22 13:00:00+09:00,20365.0,20410.0,20320.0,20400.0,81900,0.0,0.0
2024-01-22 14:00:00+09:00,20400.0,20545.0,20380.0,20520.0,146700,0.0,0.0
2024-01-23 09:00:00+09:00,21005.0,21325.0,20930.0,21050.0,329300,0.0,0.0
2024-01-23 10:00:00+09:00,21055.0,21160.0,21030.0,21095.0,120100,0.0,0.0
2024-01-23 11:00:00+09:00,21095.0,21180.0,21075.0,21135.0,0,0.0,0.0
2024-01-23 12:00:00+09:00,21170.0,21170.0,20980.0,21025.0,623000,0.0,0.0
2024-01-23 13:00:00+09:00,21020.0,21120.0,21010.0,21045.0,88600,0.0,0.0
2024-01-23 14:00:00+09:00,21040.0,21050.0,20870.0,20885.0,137300,0.0,0.0
2024-01-24 09:00:00+09:00,20855.0,21340.0,20845.0,21310.0,340700,0.0,0.0
2024-01-24 10:00:00+09:00,21310.0,21320.0,21100.0,21110.0,126600,0.0,0.0
2024-01-24 11:00:00+09:00,21115.0,21140.0,21030.0,21135.0,0,0.0,0.0
2024-01-24 12:00:00+09:00,21090.0,21125.0,21025.0,21060.0,585100,0.0,0.0
2024-01-24 13:00:00+09:00,21070.0,21095.0,21040.0,21060.0,80900,0.0,0.0
2024-01-24 14:00:00+09:00,21065.0,21270.0,21050.0,21255.0,178600,0.0,0.0
2024-01-25 09:00:00+09:00,21190.0,21215.0,20915.0,20950.0,168400,0.0,0.0
2024-01-25 10:00:00+09:00,20945.0,20980.0,20810.0,20860.0,90300,0.0,0.0
2024-01-25 11:00:00+09:00,20860.0,20975.0,20860.0,20950.0,0,0.0,0.0
2024-01-25 12:00:00+09:00,20995.0,21050.0,20970.0,21040.0,377000,0.0,0.0
2024-01-25 13:00:00+09:00,21035.0,21065.0,21015.0,21020.0,58400,0.0,0.0
2024-01-25 14:00:00+09:00,21020.0,21045.0,20950.0,20950.0,142900,0.0,0.0
2024-01-26 09:00:00+09:00,20710.0,20855.0,20690.0,20765.0,153500,0.0,0.0
2024-01-26 10:00:00+09:00,20765.0,20890.0,20750.0,20870.0,62600,0.0,0.0
2024-01-26 11:00:00+09:00,20875.0,20935.0,20865.0,20870.0,0,0.0,0.0
2024-01-26 12:00:00+09:00,20820.0,20865.0,20775.0,20780.0,290700,0.0,0.0
2024-01-26 13:00:00+09:00,20775.0,20810.0,20660.0,20675.0,50700,0.0,0.0
2024-01-26 14:00:00+09:00,20675.0,20730.0,20625.0,20625.0,85100,0.0,0.0
2024-01-29 09:00:00+09:00,20650.0,20685.0,20520.0,20620.0,134200,0.0,0.0
2024-01-29 10:00:00+09:00,20615.0,20770.0,20600.0,20745.0,52400,0.0,0.0
2024-01-29 11:00:00+09:00,20740.0,20745.0,20675.0,20675.0,0,0.0,0.0
2024-01-29 12:00:00+09:00,20710.0,20765.0,20710.0,20745.0,254800,0.0,0.0
2024-01-29 13:00:00+09:00,20745.0,20750.0,20705.0,20710.0,0,0.0,0.0
2024-01-29 14:00:00+09:00,20700.0,20750.0,20675.0,20750.0,384000,0.0,0.0
2024-01-30 09:00:00+09:00,20960.0,20990.0,20820.0,20965.0,101900,0.0,0.0
2024-01-30 10:00:00+09:00,20960.0,20995.0,20940.0,20960.0,40800,0.0,0.0
2024-01-30 11:00:00+09:00,20960.0,20960.0,20915.0,20920.0,0,0.0,0.0
2024-01-30 12:00:00+09:00,20920.0,20960.0,20905.0,20915.0,198700,0.0,0.0
2024-01-30 13:00:00+09:00,20915.0,20970.0,20915.0,20920.0,41900,0.0,0.0
2024-01-30 14:00:00+09:00,20925.0,20930.0,20775.0,20780.0,109800,0.0,0.0
2024-01-31 09:00:00+09:00,20735.0,20955.0,20710.0,20735.0,175500,0.0,0.0
2024-01-31 10:00:00+09:00,20725.0,20760.0,20695.0,20745.0,58900,0.0,0.0
2024-01-31 11:00:00+09:00,20745.0,20775.0,20725.0,20735.0,0,0.0,0.0
2024-01-31 12:00:00+09:00,20730.0,20810.0,20730.0,20775.0,293600,0.0,0.0
2024-01-31 13:00:00+09:00,20775.0,20790.0,20735.0,20780.0,51400,0.0,0.0
2024-01-31 14:00:00+09:00,20785.0,20910.0,20785.0,20895.0,112000,0.0,0.0
2024-02-01 09:00:00+09:00,21500.0,21715.0,20790.0,20845.0,667400,0.0,0.0
2024-02-01 10:00:00+09:00,20850.0,21045.0,20560.0,20630.0,252300,0.0,0.0
2024-02-01 11:00:00+09:00,20635.0,20750.0,20560.0,20680.0,0,0.0,0.0
2024-02-01 12:00:00+09:00,20680.0,20810.0,20675.0,20735.0,1078100,0.0,0.0
2024-02-01 13:00:00+09:00,20740.0,20770.0,20615.0,20730.0,89800,0.0,0.0
2024-02-01 14:00:00+09:00,20735.0,21100.0,20730.0,21100.0,215100,0.0,0.0
2024-02-02 09:00:00+09:00,21200.0,21875.0,21175.0,21720.0,414200,0.0,0.0
2024-02-02 10:00:00+09:00,21730.0,21905.0,21715.0,21890.0,128600,0.0,0.0
2024-02-02 11:00:00+09:00,21890.0,21930.0,21860.0,21905.0,0,0.0,0.0
2024-02-02 12:00:00+09:00,21920.0,22025.0,21890.0,22015.0,743700,0.0,0.0
2024-02-02 13:00:00+09:00,22020.0,22380.0,21960.0,22350.0,203800,0.0,0.0
2024-02-02 14:00:00+09:00,22355.0,22425.0,22250.0,22320.0,274900,0.0,0.0
2024-02-05 09:00:00+09:00,22650.0,23950.0,22650.0,23785.0,697900,0.0,0.0
2024-02-05 10:00:00+09:00,23780.0,24050.0,23710.0,23915.0,318600,0.0,0.0
2024-02-05 11:00:00+09:00,23920.0,24025.0,23890.0,23995.0,0,0.0,0.0
2024-02-05 12:00:00+09:00,24000.0,24005.0,23850.0,23885.0,1294100,0.0,0.0
2024-02-05 13:00:00+09:00,23885.0,23920.0,23615.0,23620.0,178600,0.0,0.0
2024-02-05 14:00:00+09:00,23620.0,23750.0,23490.0,23490.0,259000,0.0,0.0
2024-02-06 09:00:00+09:00,23460.0,23485.0,22965.0,23020.0,312500,0.0,0.0
2024-02-06 10:00:00+09:00,23025.0,23195.0,22995.0,23100.0,105700,0.0,0.0
2024-02-06 11:00:00+09:00,23095.0,23265.0,23090.0,23235.0,0,0.0,0.0
2024-02-06 12:00:00+09:00,23240.0,23410.0,23195.0,23370.0,540800,0.0,0.0
2024-02-06 13:00:00+09:00,23365.0,23370.0,23195.0,23235.0,100400,0.0,0.0
2024-02-06 14:00:00+09:00,23235.0,23265.0,23150.0,23155.0,159500,0.0,0.0
2024-02-07 09:00:00+09:00,23460.0,23475.0,23075.0,23390.0,184900,0.0,0.0
2024-02-07 10:00:00+09:00,23390.0,23475.0,23215.0,23225.0,120300,0.0,0.0
2024-02-07 11:00:00+09:00,23225.0,23265.0,23130.0,23255.0,0,0.0,0.0
2024-02-07 12:00:00+09:00,23215.0,23215.0,22990.0,23045.0,426100,0.0,0.0
2024-02-07 13:00:00+09:00,23040.0,23075.0,23010.0,23010.0,45200,0.0,0.0
2024-02-07 14:00:00+09:00,23015.0,23070.0,22965.0,23005.0,122000,0.0,0.0
2024-02-08 09:00:00+09:00,23120.0,23250.0,22960.0,23030.0,140000,0.0,0.0
2024-02-08 10:00:00+09:00,23035.0,23105.0,22980.0,23060.0,70700,0.0,0.0
2024-02-08 11:00:00+09:00,23060.0,23180.0,23055.0,23105.0,0,0.0,0.0
2024-02-08 12:00:00+09:00,23045.0,23095.0,23000.0,23010.0,329700,0.0,0.0
2024-02-08 13:00:00+09:00,23005.0,23090.0,23000.0,23045.0,94300,0.0,0.0
2024-02-08 14:00:00+09:00,23040.0,23045.0,22945.0,22990.0,185700,0.0,0.0
2024-02-09 09:00:00+09:00,22810.0,23100.0,22745.0,22960.0,198200,0.0,0.0
2024-02-09 10:00:00+09:00,22965.0,23040.0,22920.0,22950.0,70200,0.0,0.0
2024-02-09 11:00:00+09:00,22950.0,23040.0,22935.0,23000.0,0,0.0,0.0
2024-02-09 12:00:00+09:00,23000.0,23065.0,22990.0,22990.0,338000,0.0,0.0
2024-02-09 13:00:00+09:00,22995.0,23025.0,22930.0,22960.0,64900,0.0,0.0
2024-02-09 14:00:00+09:00,22965.0,23015.0,22900.0,22910.0,94100,0.0,0.0
2024-02-13 09:00:00+09:00,23190.0,23285.0,22890.0,22950.0,146200,0.0,0.0
2024-02-13 10:00:00+09:00,22955.0,23110.0,22945.0,23110.0,75900,0.0,0.0
2024-02-13 11:00:00+09:00,23110.0,23195.0,23065.0,23195.0,0,0.0,0.0
2024-02-13 12:00:00+09:00,23185.0,23240.0,23095.0,23220.0,337700,0.0,0.0
2024-02-13 13:00:00+09:00,23220.0,23220.0,23040.0,23045.0,107800,0.0,0.0
2024-02-13 14:00:00+09:00,23045.0,23115.0,23030.0,23095.0,186700,0.0,0.0
2024-02-14 09:00:00+09:00,23140.0,23140.0,22650.0,22655.0,141400,0.0,0.0
2024-02-14 10:00:00+09:00,22655.0,22770.0,22650.0,22725.0,57900,0.0,0.0
2024-02-14 11:00:00+09:00,22720.0,22725.0,22660.0,22690.0,0,0.0,0.0
2024-02-14 12:00:00+09:00,22670.0,22820.0,22670.0,22775.0,271600,0.0,0.0
2024-02-14 13:00:00+09:00,22770.0,22795.0,22720.0,22780.0,68200,0.0,0.0
2024-02-14 14:00:00+09:00,22775.0,22830.0,22740.0,22750.0,138800,0.0,0.0
2024-02-15 09:00:00+09:00,22990.0,22990.0,22820.0,22890.0,112100,0.0,0.0
2024-02-15 10:00:00+09:00,22890.0,22980.0,22885.0,22925.0,46000,0.0,0.0
2024-02-15 11:00:00+09:00,22920.0,22955.0,22900.0,22900.0,0,0.0,0.0
2024-02-15 12:00:00+09:00,22900.0,22960.0,22895.0,22940.0,209500,0.0,0.0
2024-02-15 13:00:00+09:00,22940.0,23030.0,22905.0,22965.0,50600,0.0,0.0
2024-02-15 14:00:00+09:00,22965.0,23055.0,22960.0,22995.0,97200,0.0,0.0
2024-02-16 09:00:00+09:00,23390.0,23820.0,23300.0,23720.0,350800,0.0,0.0
2024-02-16 10:00:00+09:00,23720.0,23785.0,23520.0,23610.0,157200,0.0,0.0
2024-02-16 11:00:00+09:00,23605.0,23645.0,23570.0,23645.0,0,0.0,0.0
2024-02-16 12:00:00+09:00,23695.0,23790.0,23625.0,23790.0,651300,0.0,0.0
2024-02-16 13:00:00+09:00,23785.0,23815.0,23575.0,23585.0,113500,0.0,0.0
2024-02-16 14:00:00+09:00,23580.0,23675.0,23575.0,23635.0,165600,0.0,0.0
2024-02-19 09:00:00+09:00,23660.0,23680.0,23390.0,23425.0,0,0.0,0.0
2024-02-19 10:00:00+09:00,23420.0,23425.0,23285.0,23290.0,248900,0.0,0.0
2024-02-19 11:00:00+09:00,23295.0,23325.0,23275.0,23315.0,0,0.0,0.0
2024-02-19 12:00:00+09:00,23380.0,23465.0,23310.0,23360.0,336200,0.0,0.0
2024-02-19 13:00:00+09:00,23360.0,23400.0,23335.0,23375.0,57600,0.0,0.0
2024-02-19 14:00:00+09:00,23370.0,23455.0,23355.0,23425.0,89000,0.0,0.0
2024-02-20 09:00:00+09:00,23510.0,23530.0,23265.0,23325.0,83700,0.0,0.0
2024-02-20 10:00:00+09:00,23335.0,23335.0,23130.0,23150.0,64000,0.0,0.0
2024-02-20 11:00:00+09:00,23140.0,23155.0,23100.0,23115.0,0,0.0,0.0
2024-02-20 12:00:00+09:00,23090.0,23140.0,23055.0,23060.0,215000,0.0,0.0
2024-02-20 13:00:00+09:00,23055.0,23075.0,22960.0,22965.0,81600,0.0,0.0
2024-02-20 14:00:00+09:00,22970.0,23105.0,22965.0,23065.0,132600,0.0,0.0
2024-02-21 09:00:00+09:00,22750.0,22855.0,22600.0,22755.0,176100,0.0,0.0
2024-02-21 10:00:00+09:00,22750.0,22750.0,22610.0,22610.0,80900,0.0,0.0
2024-02-21 11:00:00+09:00,22620.0,22625.0,22525.0,22540.0,0,0.0,0.0
2024-02-21 12:00:00+09:00,22530.0,22580.0,22485.0,22520.0,368300,0.0,0.0
2024-02-21 13:00:00+09:00,22510.0,22575.0,22500.0,22525.0,71300,0.0,0.0
2024-02-21 14:00:00+09:00,22525.0,22600.0,22520.0,22580.0,112300,0.0,0.0
2024-02-22 09:00:00+09:00,22760.0,22835.0,22480.0,22495.0,170400,0.0,0.0
2024-02-22 10:00:00+09:00,22500.0,22565.0,22490.0,22535.0,72200,0.0,0.0
2024-02-22 11:00:00+09:00,22535.0,22650.0,22530.0,22620.0,0,0.0,0.0
2024-02-22 12:00:00+09:00,22680.0,22685.0,22610.0,22620.0,324400,0.0,0.0
2024-02-22 13:00:00+09:00,22620.0,22630.0,22545.0,22610.0,89900,0.0,0.0
2024-02-22 14:00:00+09:00,22615.0,22785.0,22615.0,22730.0,121600,0.0,0.0
2024-02-26 09:00:00+09:00,22780.0,23015.0,22720.0,22790.0,196100,0.0,0.0
2024-02-26 10:00:00+09:00,22795.0,23055.0,22790.0,22945.0,81500,0.0,0.0
2024-02-26 11:00:00+09:00,22950.0,22990.0,22925.0,22935.0,0,0.0,0.0
2024-02-26 12:00:00+09:00,22925.0,22960.0,22855.0,22870.0,365400,0.0,0.0
2024-02-26 13:00:00+09:00,22875.0,22970.0,22860.0,22965.0,58400,0.0,0.0
2024-02-26 14:00:00+09:00,22965.0,22980.0,22895.0,22905.0,108300,0.0,0.0
2024-02-27 09:00:00+09:00,23000.0,23020.0,22850.0,22895.0,109500,0.0,0.0
2024-02-27 10:00:00+09:00,22900.0,22990.0,22880.0,22985.0,39500,0.0,0.0
2024-02-27 11:00:00+09:00,22995.0,23040.0,22950.0,22995.0,0,0.0,0.0
2024-02-27 12:00:00+09:00,22985.0,23085.0,22980.0,23045.0,232900,0.0,0.0
2024-02-27 13:00:00+09:00,23040.0,23220.0,23035.0,23155.0,97900,0.0,0.0
2024-02-27 14:00:00+09:00,23155.0,23210.0,23085.0,23190.0,109300,0.0,0.0
2024-02-28 09:00:00+09:00,23250.0,23335.0,23120.0,23310.0,133000,0.0,0.0
2024-02-28 10:00:00+09:00,23325.0,23475.0,23305.0,23430.0,101500,0.0,0.0
2024-02-28 11:00:00+09:00,23415.0,23625.0,23415.0,23550.0,0,0.0,0.0
2024-02-28 12:00:00+09:00,23580.0,23725.0,23550.0,23660.0,416000,0.0,0.0
2024-02-28 13:00:00+09:00,23660.0,23695.0,23570.0,23685.0,74200,0.0,0.0
2024-02-28 14:00:00+09:00,23675.0,23715.0,23520.0,23535.0,136300,0.0,0.0
2024-02-29 09:00:00+09:00,23250.0,23370.0,23115.0,23160.0,134700,0.0,0.0
2024-02-29 10:00:00+09:00,23160.0,23160.0,23065.0,23090.0,108900,0.0,0.0
2024-02-29 11:00:00+09:00,23095.0,23145.0,23090.0,23125.0,0,0.0,0.0
2024-02-29 12:00:00+09:00,23115.0,23190.0,23075.0,23155.0,317400,0.0,0.0
2024-02-29 13:00:00+09:00,23155.0,23305.0,23130.0,23295.0,64800,0.0,0.0
2024-02-29 14:00:00+09:00,23285.0,23420.0,23285.0,23415.0,144800,0.0,0.0
2024-03-01 09:00:00+09:00,23400.0,23650.0,23390.0,23630.0,96500,0.0,0.0
2024-03-01 10:00:00+09:00,23630.0,23775.0,23620.0,23730.0,62500,0.0,0.0
2024-03-01 11:00:00+09:00,23730.0,23810.0,23715.0,23740.0,0,0.0,0.0
2024-03-01 12:00:00+09:00,23740.0,23775.0,23635.0,23660.0,254100,0.0,0.0
2024-03-01 13:00:00+09:00,23665.0,23685.0,23625.0,23660.0,47900,0.0,0.0
2024-03-01 14:00:00+09:00,23660.0,23695.0,23630.0,23670.0,85500,0.0,0.0
2024-03-04 09:00:00+09:00,23590.0,23635.0,23170.0,23355.0,226200,0.0,0.0
2024-03-04 10:00:00+09:00,23355.0,23775.0,23345.0,23700.0,130600,0.0,0.0
2024-03-04 11:00:00+09:00,23690.0,23750.0,23655.0,23750.0,0,0.0,0.0
2024-03-04 12:00:00+09:00,23740.0,23790.0,23665.0,23780.0,441700,0.0,0.0
2024-03-04 13:00:00+09:00,23780.0,23815.0,23735.0,23815.0,61900,0.0,0.0
2024-03-04 14:00:00+09:00,23820.0,23840.0,23720.0,23760.0,119600,0.0,0.0
2024-03-05 09:00:00+09:00,23940.0,24400.0,23840.0,24380.0,235700,0.0,0.0
2024-03-05 10:00:00+09:00,24375.0,24390.0,24225.0,24360.0,82800,0.0,0.0
2024-03-05 11:00:00+09:00,24360.0,24365.0,24320.0,24340.0,0,0.0,0.0
2024-03-05 12:00:00+09:00,24340.0,24465.0,24300.0,24395.0,413100,0.0,0.0
2024-03-05 13:00:00+09:00,24400.0,24525.0,24350.0,24500.0,84100,0.0,0.0
2024-03-05 14:00:00+09:00,24495.0,24635.0,24495.0,24570.0,204500,0.0,0.0
2024-03-06 09:00:00+09:00,24190.0,24405.0,23920.0,24385.0,238700,0.0,0.0
2024-03-06 10:00:00+09:00,24390.0,24415.0,24230.0,24400.0,121900,0.0,0.0
2024-03-06 11:00:00+09:00,24395.0,24560.0,24390.0,24495.0,0,0.0,0.0
2024-03-06 12:00:00+09:00,24530.0,24605.0,24495.0,24545.0,506900,0.0,0.0
2024-03-06 13:00:00+09:00,24540.0,24580.0,24535.0,24555.0,65900,0.0,0.0
2024-03-06 14:00:00+09:00,24555.0,24650.0,24525.0,24625.0,134500,0.0,0.0
2024-03-07 09:00:00+09:00,24585.0,25110.0,24585.0,24860.0,287000,0.0,0.0
2024-03-07 10:00:00+09:00,24855.0,24975.0,24765.0,24765.0,151300,0.0,0.0
2024-03-07 11:00:00+09:00,24770.0,24860.0,24675.0,24860.0,0,0.0,0.0
2024-03-07 12:00:00+09:00,24835.0,24915.0,24795.0,24915.0,585000,0.0,0.0
2024-03-07 13:00:00+09:00,24915.0,24930.0,24815.0,24930.0,98400,0.0,0.0
2024-03-07 14:00:00+09:00,24925.0,24980.0,24785.0,24850.0,243800,0.0,0.0
2024-03-08 09:00:00+09:00,24600.0,24720.0,24370.0,24400.0,360200,0.0,0.0
2024-03-08 10:00:00+09:00,24395.0,24560.0,24280.0,24540.0,86900,0.0,0.0
2024-03-08 11:00:00+09:00,24540.0,24555.0,24510.0,24530.0,0,0.0,0.0
2024-03-08 12:00:00+09:00,24510.0,24605.0,24490.0,24570.0,505600,0.0,0.0
2024-03-08 13:00:00+09:00,24565.0,24585.0,24450.0,24460.0,56200,0.0,0.0
2024-03-08 14:00:00+09:00,24465.0,24465.0,24340.0,24360.0,150900,0.0,0.0
2024-03-11 09:00:00+09:00,24270.0,24365.0,24165.0,24240.0,141200,0.0,0.0
2024-03-11 10:00:00+09:00,24230.0,24290.0,24140.0,24275.0,79200,0.0,0.0
2024-03-11 11:00:00+09:00,24270.0,24310.0,24260.0,24285.0,0,0.0,0.0
2024-03-11 12:00:00+09:00,24280.0,24305.0,24185.0,24225.0,297400,0.0,0.0
2024-03-11 13:00:00+09:00,24225.0,24310.0,24180.0,24240.0,81100,0.0,0.0
2024-03-11 14:00:00+09:00,24240.0,24325.0,24140.0,24315.0,135400,0.0,0.0
2024-03-12 09:00:00+09:00,24050.0,24050.0,23525.0,23625.0,222400,0.0,0.0
2024-03-12 10:00:00+09:00,23630.0,23780.0,23580.0,23770.0,98500,0.0,0.0
2024-03-12 11:00:00+09:00,23765.0,23900.0,23760.0,23890.0,0,0.0,0.0
2024-03-12 12:00:00+09:00,23865.0,24035.0,23860.0,24030.0,406100,0.0,0.0
2024-03-12 13:00:00+09:00,24025.0,24110.0,24010.0,24095.0,41700,0.0,0.0
2024-03-12 14:00:00+09:00,24095.0,24250.0,24095.0,24250.0,94700,0.0,0.0
2024-03-13 09:00:00+09:00,24365.0,24890.0,24335.0,24795.0,253900,0.0,0.0
2024-03-13 10:00:00+09:00,24790.0,24805.0,24560.0,24600.0,120100,0.0,0.0
2024-03-13 11:00:00+09:00,24600.0,24670.0,24580.0,24610.0,0,0.0,0.0
2024-03-13 12:00:00+09:00,24595.0,24645.0,24510.0,24635.0,474100,0.0,0.0
2024-03-13 13:00:00+09:00,24640.0,24820.0,24625.0,24820.0,82300,0.0,0.0
2024-03-13 14:00:00+09:00,24815.0,24845.0,24690.0,24710.0,143900,0.0,0.0
2024-03-14 09:00:00+09:00,24585.0,24685.0,23950.0,24200.0,221400,0.0,0.0
2024-03-14 10:00:00+09:00,24200.0,24240.0,24070.0,24210.0,57100,0.0,0.0
2024-03-14 11:00:00+09:00,24220.0,24250.0,24185.0,24230.0,0,0.0,0.0
2024-03-14 12:00:00+09:00,24225.0,24310.0,24215.0,24235.0,350300,0.0,0.0
2024-03-14 13:00:00+09:00,24235.0,24305.0,24205.0,24285.0,54500,0.0,0.0
2024-03-14 14:00:00+09:00,24280.0,24320.0,24205.0,24250.0,121700,0.0,0.0
2024-03-15 09:00:00+09:00,24245.0,24440.0,24215.0,24305.0,140700,0.0,0.0
2024-03-15 10:00:00+09:00,24310.0,24465.0,24285.0,24460.0,50600,0.0,0.0
2024-03-15 11:00:00+09:00,24460.0,24590.0,24450.0,24540.0,0,0.0,0.0
2024-03-15 12:00:00+09:00,24480.0,24615.0,24480.0,24600.0,315500,0.0,0.0
2024-03-15 13:00:00+09:00,24595.0,24610.0,24440.0,24465.0,93800,0.0,0.0
2024-03-15 14:00:00+09:00,24465.0,24490.0,24410.0,24450.0,131000,0.0,0.0
2024-03-18 09:00:00+09:00,24430.0,24865.0,24405.0,24865.0,151400,0.0,0.0
2024-03-18 10:00:00+09:00,24860.0,24950.0,24810.0,24940.0,64400,0.0,0.0
2024-03-18 11:00:00+09:00,24955.0,25025.0,24950.0,24980.0,0,0.0,0.0
2024-03-18 12:00:00+09:00,24980.0,25125.0,24980.0,25095.0,352100,0.0,0.0
2024-03-18 13:00:00+09:00,25095.0,25170.0,25095.0,25105.0,87700,0.0,0.0
2024-03-18 14:00:00+09:00,25100.0,25160.0,25070.0,25145.0,169400,0.0,0.0
2024-03-19 09:00:00+09:00,25170.0,25390.0,25115.0,25195.0,170500,0.0,0.0
2024-03-19 10:00:00+09:00,25200.0,25245.0,24980.0,25005.0,131800,0.0,0.0
2024-03-19 11:00:00+09:00,25005.0,25125.0,24990.0,25125.0,0,0.0,0.0
2024-03-19 12:00:00+09:00,25120.0,25315.0,25060.0,25305.0,392200,0.0,0.0
2024-03-19 13:00:00+09:00,25310.0,25350.0,25220.0,25350.0,69700,0.0,0.0
2024-03-19 14:00:00+09:00,25345.0,25395.0,25275.0,25370.0,113300,0.0,0.0
2024-03-21 09:00:00+09:00,25550.0,25790.0,25530.0,25590.0,162600,0.0,0.0
2024-03-21 10:00:00+09:00,25590.0,25640.0,25565.0,25610.0,67100,0.0,0.0
2024-03-21 11:00:00+09:00,25615.0,25655.0,25525.0,25655.0,0,0.0,0.0
2024-03-21 12:00:00+09:00,25590.0,25610.0,25440.0,25520.0,344200,0.0,0.0
2024-03-21 13:00:00+09:00,25515.0,25585.0,25500.0,25570.0,46600,0.0,0.0
2024-03-21 14:00:00+09:00,25570.0,25745.0,25545.0,25745.0,158000,0.0,0.0
2024-03-22 09:00:00+09:00,25710.0,26025.0,25680.0,25990.0,152100,0.0,0.0
2024-03-22 10:00:00+09:00,26000.0,26025.0,25945.0,25995.0,69800,0.0,0.0
2024-03-22 11:00:00+09:00,26005.0,26035.0,25910.0,25910.0,0,0.0,0.0
2024-03-22 12:00:00+09:00,25910.0,25920.0,25820.0,25890.0,301600,0.0,0.0
2024-03-22 13:00:00+09:00,25895.0,26010.0,25895.0,26010.0,76200,0.0,0.0
2024-03-22 14:00:00+09:00,26005.0,26085.0,26005.0,26085.0,93100,0.0,0.0
2024-03-25 09:00:00+09:00,26000.0,26000.0,25365.0,25480.0,149300,0.0,0.0
2024-03-25 10:00:00+09:00,25480.0,25485.0,25100.0,25410.0,164600,0.0,0.0
2024-03-25 11:00:00+09:00,25395.0,25440.0,25285.0,25330.0,0,0.0,0.0
2024-03-25 12:00:00+09:00,25325.0,25350.0,25200.0,25265.0,395400,0.0,0.0
2024-03-25 13:00:00+09:00,25265.0,25315.0,25180.0,25265.0,71000,0.0,0.0
2024-03-25 14:00:00+09:00,25260.0,25325.0,25135.0,25135.0,122300,0.0,0.0
2024-03-26 09:00:00+09:00,25080.0,25085.0,24720.0,24765.0,153700,0.0,0.0
2024-03-26 10:00:00+09:00,24765.0,24915.0,24670.0,24670.0,99100,0.0,0.0
2024-03-26 11:00:00+09:00,24670.0,24740.0,24640.0,24735.0,0,0.0,0.0
2024-03-26 12:00:00+09:00,24700.0,24770.0,24620.0,24655.0,341600,0.0,0.0
2024-03-26 13:00:00+09:00,24660.0,24805.0,24635.0,24790.0,66600,0.0,0.0
2024-03-26 14:00:00+09:00,24785.0,24805.0,24720.0,24720.0,123600,0.0,0.0
2024-03-27 09:00:00+09:00,25060.0,25080.0,24540.0,24750.0,174100,0.0,0.0
2024-03-27 10:00:00+09:00,24755.0,24845.0,24710.0,24825.0,94900,0.0,0.0
2024-03-27 11:00:00+09:00,24830.0,24920.0,24830.0,24910.0,0,0.0,0.0
2024-03-27 12:00:00+09:00,24915.0,24940.0,24760.0,24760.0,362200,0.0,0.0
2024-03-27 13:00:00+09:00,24755.0,24875.0,24745.0,24800.0,92600,0.0,0.0
2024-03-27 14:00:00+09:00,24795.0,24825.0,24705.0,24745.0,149300,0.0,0.0
2024-03-28 09:00:00+09:00,2500.0,2503.5,2432.0,2452.0,1775300,0.0,0.0
2024-03-28 10:00:00+09:00,2452.5,2472.0,2411.5,2418.5,741400,0.0,0.0
2024-03-28 11:00:00+09:00,2420.0,2448.0,2420.0,2437.0,0,0.0,0.0
2024-03-28 12:00:00+09:00,2435.0,2445.0,2425.0,2444.0,3177100,0.0,0.0
2024-03-28 13:00:00+09:00,2443.0,2447.0,2435.0,2439.5,361500,0.0,0.0
2024-03-28 14:00:00+09:00,2439.5,2442.5,2419.5,2425.0,1081200,0.0,0.0
2024-03-29 09:00:00+09:00,2457.5,2493.0,2445.5,2488.5,1628200,0.0,0.0
2024-03-29 10:00:00+09:00,2489.0,2504.5,2482.5,2487.5,850500,0.0,0.0
2024-03-29 11:00:00+09:00,2487.5,2496.5,2486.0,2493.5,0,0.0,0.0
2024-03-29 12:00:00+09:00,2490.0,2492.0,2474.0,2485.5,3348100,0.0,0.0
2024-03-29 13:00:00+09:00,2485.5,2500.0,2484.0,2487.5,722900,0.0,0.0
2024-03-29 14:00:00+09:00,2486.5,2499.0,2485.5,2491.5,952600,0.0,0.0
2024-04-01 09:00:00+09:00,2497.0,2499.5,2404.0,2416.0,2510200,0.0,0.0
2024-04-01 10:00:00+09:00,2416.0,2435.5,2378.0,2404.0,2045800,0.0,0.0
2024-04-01 11:00:00+09:00,2404.5,2430.0,2400.0,2429.5,0,0.0,0.0
2024-04-01 12:00:00+09:00,2430.0,2463.0,2423.5,2462.5,5835500,0.0,0.0
2024-04-01 13:00:00+09:00,2463.5,2477.0,2439.5,2455.5,821400,0.0,0.0
2024-04-01 14:00:00+09:00,2455.5,2471.0,2449.0,2458.0,1436700,0.0,0.0
2024-04-02 09:00:00+09:00,2474.0,2507.5,2444.5,2497.5,1638700,0.0,0.0
2024-04-02 10:00:00+09:00,2498.0,2502.5,2476.5,2484.0,1073700,0.0,0.0
2024-04-02 11:00:00+09:00,2484.0,2484.0,2471.0,2477.0,0,0.0,0.0
2024-04-02 12:00:00+09:00,2490.0,2493.0,2480.0,2491.5,3817500,0.0,0.0
2024-04-02 13:00:00+09:00,2491.0,2491.5,2465.0,2466.0,996800,0.0,0.0
2024-04-02 14:00:00+09:00,2465.5,2487.5,2462.5,2468.0,1466100,0.0,0.0
2024-04-03 09:00:00+09:00,2468.0,2475.0,2421.5,2475.0,2065300,0.0,0.0
2024-04-03 10:00:00+09:00,2474.5,2476.5,2443.5,2453.5,973700,0.0,0.0
2024-04-03 11:00:00+09:00,2453.5,2460.5,2435.0,2436.5,0,0.0,0.0
2024-04-03 12:00:00+09:00,2456.0,2469.0,2445.0,2466.0,3866300,0.0,0.0
2024-04-03 13:00:00+09:00,2466.0,2472.5,2460.0,2467.5,416400,0.0,0.0
2024-04-03 14:00:00+09:00,2467.5,2470.0,2447.0,2447.0,870100,0.0,0.0
2024-04-04 09:00:00+09:00,2453.5,2459.0,2417.0,2421.0,1060200,0.0,0.0
2024-04-04 10:00:00+09:00,2421.5,2440.5,2415.0,2426.0,719500,0.0,0.0
2024-04-04 11:00:00+09:00,2427.0,2431.5,2413.0,2423.5,0,0.0,0.0
2024-04-04 12:00:00+09:00,2423.5,2439.5,2418.0,2434.0,2606400,0.0,0.0
2024-04-04 13:00:00+09:00,2433.5,2436.5,2426.0,2428.0,563500,0.0,0.0
2024-04-04 14:00:00+09:00,2428.0,2433.0,2414.0,2423.5,1107300,0.0,0.0
2024-04-05 09:00:00+09:00,2400.0,2407.0,2381.5,2397.5,1095700,0.0,0.0
2024-04-05 10:00:00+09:00,2396.5,2414.0,2365.0,2367.5,558900,0.0,0.0
2024-04-05 11:00:00+09:00,2367.0,2381.5,2366.5,2375.5,0,0.0,0.0
2024-04-05 12:00:00+09:00,2383.5,2403.5,2376.5,2403.0,2271700,0.0,0.0
2024-04-05 13:00:00+09:00,2402.0,2403.0,2377.0,2377.5,353100,0.0,0.0
2024-04-05 14:00:00+09:00,2378.0,2391.0,2376.0,2387.0,644500,0.0,0.0
2024-04-08 09:00:00+09:00,2503.0,2536.5,2495.0,2534.0,2340400,0.0,0.0
2024-04-08 10:00:00+09:00,2533.0,2536.5,2518.0,2523.5,628500,0.0,0.0
2024-04-08 11:00:00+09:00,2522.5,2528.0,2518.0,2527.5,0,0.0,0.0
2024-04-08 12:00:00+09:00,2510.0,2518.5,2470.0,2471.5,3785900,0.0,0.0
2024-04-08 13:00:00+09:00,2471.5,2488.5,2464.0,2469.0,449200,0.0,0.0
2024-04-08 14:00:00+09:00,2468.0,2483.5,2465.5,2469.0,609500,0.0,0.0
2024-04-09 09:00:00+09:00,2485.0,2507.5,2471.5,2482.5,899300,0.0,0.0
2024-04-09 10:00:00+09:00,2482.0,2484.0,2466.5,2472.0,373700,0.0,0.0
2024-04-09 11:00:00+09:00,2472.0,2485.0,2469.0,2482.0,0,0.0,0.0
2024-04-09 12:00:00+09:00,2485.0,2488.5,2477.5,2483.5,1589900,0.0,0.0
2024-04-09 13:00:00+09:00,2485.0,2491.5,2479.5,2489.5,314300,0.0,0.0
2024-04-09 14:00:00+09:00,2490.0,2503.0,2488.5,2492.0,765600,0.0,0.0
2024-04-10 09:00:00+09:00,2492.0,2515.0,2490.5,2503.0,638800,0.0,0.0
2024-04-10 10:00:00+09:00,2504.0,2504.5,2476.0,2484.0,308900,0.0,0.0
2024-04-10 11:00:00+09:00,2484.5,2489.0,2481.0,2485.0,0,0.0,0.0
2024-04-10 12:00:00+09:00,2484.0,2500.0,2480.5,2496.5,1313400,0.0,0.0
2024-04-10 13:00:00+09:00,2496.5,2497.5,2471.0,2472.0,282900,0.0,0.0
2024-04-10 14:00:00+09:00,2471.5,2482.0,2466.0,2467.5,767100,0.0,0.0
2024-04-11 09:00:00+09:00,2439.0,2490.0,2433.0,2489.0,1159200,0.0,0.0
2024-04-11 10:00:00+09:00,2488.5,2500.0,2484.0,2490.0,562900,0.0,0.0
2024-04-11 11:00:00+09:00,2490.0,2497.0,2485.5,2493.5,0,0.0,0.0
2024-04-11 12:00:00+09:00,2498.0,2506.5,2494.0,2494.5,2264500,0.0,0.0
2024-04-11 13:00:00+09:00,2494.5,2502.0,2494.0,2498.5,332800,0.0,0.0
2024-04-11 14:00:00+09:00,2499.5,2502.5,2489.0,2492.5,788900,0.0,0.0
2024-04-12 09:00:00+09:00,2536.0,2577.0,2532.5,2557.0,3339300,0.0,0.0
2024-04-12 10:00:00+09:00,2557.0,2558.0,2542.5,2553.5,745000,0.0,0.0
2024-04-12 11:00:00+09:00,2553.0,2556.0,2547.0,2547.5,0,0.0,0.0
2024-04-12 12:00:00+09:00,2548.5,2549.0,2528.0,2530.5,5116100,0.0,0.0
2024-04-12 13:00:00+09:00,2531.0,2531.5,2518.0,2521.5,653600,0.0,0.0
2024-04-12 14:00:00+09:00,2521.5,2527.0,2515.5,2517.5,929300,0.0,0.0
2024-04-15 09:00:00+09:00,2500.5,2520.5,2490.5,2510.5,1345400,0.0,0.0
2024-04-15 10:00:00+09:00,2511.0,2541.5,2509.5,2538.5,747200,0.0,0.0
2024-04-15 11:00:00+09:00,2538.5,2541.5,2531.5,2533.0,0,0.0,0.0
2024-04-15 12:00:00+09:00,2525.0,2532.5,2525.0,2530.0,2953800,0.0,0.0
2024-04-15 13:00:00+09:00,2530.0,2541.0,2520.5,2524.5,831100,0.0,0.0
2024-04-15 14:00:00+09:00,2524.5,2526.0,2516.0,2526.0,837100,0.0,0.0
2024-04-16 09:00:00+09:00,2503.5,2519.0,2480.0,2516.5,928500,0.0,0.0
2024-04-16 10:00:00+09:00,2516.0,2519.0,2495.5,2508.0,419000,0.0,0.0
2024-04-16 11:00:00+09:00,2508.0,2518.0,2502.5,2503.0,0,0.0,0.0
2024-04-16 12:00:00+09:00,2506.0,2507.0,2495.5,2504.0,1858100,0.0,0.0
2024-04-16 13:00:00+09:00,2504.0,2504.5,2490.5,2493.0,386900,0.0,0.0
2024-04-16 14:00:00+09:00,2492.0,2498.5,2487.5,2489.0,805700,0.0,0.0
2024-04-17 09:00:00+09:00,2494.5,2505.5,2472.0,2492.0,1257100,0.0,0.0
2024-04-17 10:00:00+09:00,2491.0,2502.5,2480.5,2499.0,429400,0.0,0.0
2024-04-17 11:00:00+09:00,2499.0,2505.0,2490.0,2505.0,0,0.0,0.0
2024-04-17 12:00:00+09:00,2505.0,2515.0,2501.0,2507.5,2179800,0.0,0.0
2024-04-17 13:00:00+09:00,2508.0,2509.5,2491.5,2496.0,312000,0.0,0.0
2024-04-17 14:00:00+09:00,2495.5,2497.0,2486.0,2493.0,777700,0.0,0.0
2024-04-18 09:00:00+09:00,2494.5,2521.5,2481.0,2499.5,1319400,0.0,0.0
2024-04-18 10:00:00+09:00,2500.0,2502.5,2488.5,2499.5,528700,0.0,0.0
2024-04-18 11:00:00+09:00,2499.0,2512.5,2497.5,2504.0,0,0.0,0.0
2024-04-18 12:00:00+09:00,2505.5,2506.0,2492.5,2499.5,2562300,0.0,0.0
2024-04-18 13:00:00+09:00,2499.5,2501.0,2492.5,2493.5,381600,0.0,0.0
2024-04-18 14:00:00+09:00,2493.5,2496.5,2468.5,2474.0,787900,0.0,0.0
2024-04-19 09:00:00+09:00,2470.0,2493.0,2437.0,2441.0,1515400,0.0,0.0
2024-04-19 10:00:00+09:00,2441.0,2449.5,2410.5,2426.5,909200,0.0,0.0
2024-04-19 11:00:00+09:00,2425.5,2426.5,2410.0,2415.5,0,0.0,0.0
2024-04-19 12:00:00+09:00,2421.0,2436.0,2420.5,2436.0,3383000,0.0,0.0
2024-04-19 13:00:00+09:00,2435.5,2444.0,2428.0,2433.5,588400,0.0,0.0
2024-04-19 14:00:00+09:00,2434.0,2457.0,2430.0,2448.0,925800,0.0,0.0
2024-04-22 09:00:00+09:00,2461.0,2498.0,2460.5,2467.0,1690400,0.0,0.0
2024-04-22 10:00:00+09:00,2467.0,2479.0,2464.0,2470.5,789200,0.0,0.0
2024-04-22 11:00:00+09:00,2470.5,2477.5,2468.5,2474.0,0,0.0,0.0
2024-04-22 12:00:00+09:00,2478.0,2479.0,2465.0,2465.0,3160800,0.0,0.0
2024-04-22 13:00:00+09:00,2465.5,2472.0,2462.5,2468.0,502700,0.0,0.0
2024-04-22 14:00:00+09:00,2468.0,2474.0,2459.5,2463.0,1173500,0.0,0.0
2024-04-23 09:00:00+09:00,2471.0,2482.0,2454.0,2466.5,1539700,0.0,0.0
2024-04-23 10:00:00+09:00,2465.5,2472.0,2437.5,2438.0,716700,0.0,0.0
2024-04-23 11:00:00+09:00,2438.0,2450.0,2429.5,2448.5,0,0.0,0.0
2024-04-23 12:00:00+09:00,2442.5,2461.0,2441.5,2454.0,3167900,0.0,0.0
2024-04-23 13:00:00+09:00,2453.0,2460.0,2451.5,2454.0,562700,0.0,0.0
2024-04-23 14:00:00+09:00,2454.0,2465.5,2450.0,2465.5,1117000,0.0,0.0
2024-04-24 09:00:00+09:00,2461.5,2543.0,2459.5,2528.0,1945100,0.0,0.0
2024-04-24 10:00:00+09:00,2527.0,2553.0,2525.0,2550.0,1109500,0.0,0.0
2024-04-24 11:00:00+09:00,2549.5,2550.0,2528.0,2530.0,0,0.0,0.0
2024-04-24 12:00:00+09:00,2530.0,2538.0,2525.0,2528.0,3836500,0.0,0.0
2024-04-24 13:00:00+09:00,2527.5,2534.5,2519.0,2526.5,538700,0.0,0.0
2024-04-24 14:00:00+09:00,2526.5,2533.0,2517.0,2522.0,1058700,0.0,0.0
2024-04-25 09:00:00+09:00,2494.5,2522.0,2475.0,2491.5,1425900,0.0,0.0
2024-04-25 10:00:00+09:00,2491.5,2504.0,2480.5,2482.0,762000,0.0,0.0
2024-04-25 11:00:00+09:00,2481.5,2484.5,2472.0,2480.5,0,0.0,0.0
2024-04-25 12:00:00+09:00,2482.5,2501.0,2476.0,2478.0,3048200,0.0,0.0
2024-04-25 13:00:00+09:00,2477.5,2488.0,2473.0,2481.5,581100,0.0,0.0
2024-04-25 14:00:00+09:00,2481.5,2493.0,2471.0,2485.5,1205100,0.0,0.0
2024-04-26 09:00:00+09:00,2350.0,2387.5,2250.0,2359.0,6035700,0.0,0.0
2024-04-26 10:00:00+09:00,2359.5,2398.0,2356.5,2383.5,2396200,0.0,0.0
2024-04-26 11:00:00+09:00,2383.0,2414.0,2383.0,2390.0,0,0.0,0.0
2024-04-26 12:00:00+09:00,2411.0,2419.5,2393.0,2408.5,10493500,0.0,0.0
2024-04-26 13:00:00+09:00,2408.5,2447.0,2407.0,2419.0,1466600,0.0,0.0
2024-04-26 14:00:00+09:00,2419.0,2433.5,2404.0,2427.5,2012500,0.0,0.0
2024-04-30 09:00:00+09:00,2472.5,2481.5,2422.0,2449.5,2885500,0.0,0.0
2024-04-30 10:00:00+09:00,2449.5,2466.0,2433.0,2444.0,1062100,0.0,0.0
2024-04-30 11:00:00+09:00,2443.0,2450.0,2424.0,2428.0,0,0.0,0.0
2024-04-30 12:00:00+09:00,2424.0,2429.5,2410.5,2413.5,5149300,0.0,0.0
2024-04-30 13:00:00+09:00,2413.5,2434.0,2412.0,2427.5,884300,0.0,0.0
2024-04-30 14:00:00+09:00,2427.0,2438.5,2423.0,2427.5,1307600,0.0,0.0
2024-05-01 09:00:00+09:00,2400.5,2408.5,2368.5,2399.5,2520300,0.0,0.0
2024-05-01 10:00:00+09:00,2399.5,2405.0,2383.5,2385.0,1203100,0.0,0.0
2024-05-01 11:00:00+09:00,2385.5,2395.0,2382.0,2392.0,0,0.0,0.0
2024-05-01 12:00:00+09:00,2392.0,2412.5,2390.0,2412.5,4978100,0.0,0.0
2024-05-01 13:00:00+09:00,2413.0,2432.5,2411.0,2426.5,646400,0.0,0.0
2024-05-01 14:00:00+09:00,2426.0,2431.5,2424.0,2431.0,815400,0.0,0.0
2024-05-02 09:00:00+09:00,2446.0,2467.0,2431.5,2448.0,1775700,0.0,0.0
2024-05-02 10:00:00+09:00,2448.5,2468.0,2445.0,2463.5,653900,0.0,0.0
2024-05-02 11:00:00+09:00,2463.5,2479.5,2455.5,2457.0,0,0.0,0.0
2024-05-02 12:00:00+09:00,2459.0,2460.5,2449.0,2455.5,3192900,0.0,0.0
2024-05-02 13:00:00+09:00,2455.0,2457.0,2446.5,2455.5,342800,0.0,0.0
2024-05-02 14:00:00+09:00,2455.5,2463.5,2449.0,2461.5,806700,0.0,0.0
2024-05-07 09:00:00+09:00,2510.0,2525.0,2434.0,2436.5,2545500,0.0,0.0
2024-05-07 10:00:00+09:00,2436.5,2444.5,2416.0,2442.0,1072000,0.0,0.0
2024-05-07 11:00:00+09:00,2443.0,2449.5,2437.5,2449.5,0,0.0,0.0
2024-05-07 12:00:00+09:00,2445.0,2461.5,2432.5,2461.5,4340100,0.0,0.0
2024-05-07 13:00:00+09:00,2461.5,2466.0,2447.5,2450.0,532300,0.0,0.0
2024-05-07 14:00:00+09:00,2450.0,2455.5,2443.0,2455.5,1161400,0.0,0.0
2024-05-08 09:00:00+09:00,2443.0,2450.5,2397.5,2402.5,967100,0.0,0.0
2024-05-08 10:00:00+09:00,2402.0,2404.5,2377.5,2379.5,502600,0.0,0.0
2024-05-08 11:00:00+09:00,2379.5,2383.0,2366.5,2367.0,0,0.0,0.0
2024-05-08 12:00:00+09:00,2363.0,2372.5,2361.5,2363.0,2269500,0.0,0.0
2024-05-08 13:00:00+09:00,2363.0,2374.5,2355.5,2362.5,583200,0.0,0.0
2024-05-08 14:00:00+09:00,2361.5,2362.0,2326.5,2326.5,1284700,0.0,0.0
2024-05-09 09:00:00+09:00,2367.5,2389.5,2357.5,2370.5,1323000,0.0,0.0
2024-05-09 10:00:00+09:00,2370.5,2379.0,2349.5,2377.5,603000,0.0,0.0
2024-05-09 11:00:00+09:00,2377.5,2387.0,2376.0,2385.5,0,0.0,0.0
2024-05-09 12:00:00+09:00,2385.0,2396.5,2381.0,2392.5,2619400,0.0,0.0
2024-05-09 13:00:00+09:00,2392.0,2393.0,2370.5,2372.0,527100,0.0,0.0
2024-05-09 14:00:00+09:00,2372.0,2375.0,2362.0,2373.0,827700,0.0,0.0
2024-05-10 09:00:00+09:00,2399.5,2422.0,2380.5,2403.0,1169400,0.0,0.0
2024-05-10 10:00:00+09:00,2403.0,2409.5,2358.0,2361.5,744900,0.0,0.0
2024-05-10 11:00:00+09:00,2361.0,2362.0,2345.5,2356.5,0,0.0,0.0
2024-05-10 12:00:00+09:00,2354.5,2354.5,2338.5,2344.5,2483300,0.0,0.0
2024-05-10 13:00:00+09:00,2343.5,2354.5,2340.0,2344.0,354300,0.0,0.0
2024-05-10 14:00:00+09:00,2344.0,2350.5,2340.5,2347.0,477100,0.0,0.0
2024-05-13 09:00:00+09:00,2320.0,2348.5,2320.0,2338.0,731100,0.0,0.0
2024-05-13 10:00:00+09:00,2338.0,2344.0,2328.0,2342.0,302100,0.0,0.0
2024-05-13 11:00:00+09:00,2342.5,2351.0,2341.0,2347.5,0,0.0,0.0
2024-05-13 12:00:00+09:00,2345.0,2345.0,2336.0,2337.5,1350900,0.0,0.0
2024-05-13 13:00:00+09:00,2337.5,2351.0,2332.5,2350.5,281600,0.0,0.0
2024-05-13 14:00:00+09:00,2351.0,2361.5,2345.5,2359.5,352900,0.0,0.0
2024-05-14 09:00:00+09:00,2380.0,2383.5,2338.5,2339.0,879900,0.0,0.0
2024-05-14 10:00:00+09:00,2339.0,2348.5,2331.5,2337.0,461300,0.0,0.0
2024-05-14 11:00:00+09:00,2337.0,2339.5,2332.5,2336.0,0,0.0,0.0
2024-05-14 12:00:00+09:00,2330.0,2336.0,2323.5,2331.0,1939800,0.0,0.0
2024-05-14 13:00:00+09:00,2331.0,2336.0,2326.0,2328.5,405700,0.0,0.0
2024-05-14 14:00:00+09:00,2328.5,2336.0,2323.5,2336.0,919500,0.0,0.0
2024-05-15 09:00:00+09:00,2334.5,2349.5,2326.0,2328.5,851200,0.0,0.0
2024-05-15 10:00:00+09:00,2328.5,2333.5,2326.0,2328.5,289000,0.0,0.0
2024-05-15 11:00:00+09:00,2328.5,2330.0,2320.0,2324.0,0,0.0,0.0
2024-05-15 12:00:00+09:00,2326.0,2336.0,2325.0,2326.0,1468500,0.0,0.0
2024-05-15 13:00:00+09:00,2326.0,2328.5,2322.5,2327.0,187500,0.0,0.0
2024-05-15 14:00:00+09:00,2326.5,2336.0,2324.0,2329.0,437500,0.0,0.0
2024-05-16 09:00:00+09:00,2344.0,2344.0,2320.5,2329.0,605600,0.0,0.0
2024-05-16 10:00:00+09:00,2328.5,2331.5,2306.0,2313.5,400800,0.0,0.0
2024-05-16 11:00:00+09:00,2313.5,2322.5,2309.5,2315.0,0,0.0,0.0
2024-05-16 12:00:00+09:00,2317.5,2349.0,2317.5,2326.0,1693700,0.0,0.0
2024-05-16 13:00:00+09:00,2326.0,2329.0,2317.5,2324.0,401700,0.0,0.0
2024-05-16 14:00:00+09:00,2324.5,2348.5,2322.5,2336.5,978700,0.0,0.0
2024-05-17 09:00:00+09:00,2325.5,2365.0,2325.5,2352.5,875700,0.0,0.0
2024-05-17 10:00:00+09:00,2352.5,2365.0,2348.5,2354.0,455200,0.0,0.0
2024-05-17 11:00:00+09:00,2353.5,2358.0,2353.0,2355.5,0,0.0,0.0
2024-05-17 12:00:00+09:00,2356.0,2363.5,2352.5,2356.5,1727800,0.0,0.0
2024-05-17 13:00:00+09:00,2356.5,2359.0,2353.0,2353.5,283200,0.0,0.0
2024-05-17 14:00:00+09:00,2353.5,2362.5,2347.5,2360.5,744400,0.0,0.0
2024-05-20 09:00:00+09:00,2342.5,2354.0,2330.5,2352.0,560000,0.0,0.0
2024-05-20 10:00:00+09:00,2353.0,2363.0,2348.0,2359.5,376200,0.0,0.0
2024-05-20 11:00:00+09:00,2359.5,2361.5,2350.5,2353.0,0,0.0,0.0
2024-05-20 12:00:00+09:00,2353.0,2354.5,2339.5,2343.5,1336500,0.0,0.0
2024-05-20 13:00:00+09:00,2343.0,2345.5,2335.0,2336.0,250000,0.0,0.0
2024-05-20 14:00:00+09:00,2335.5,2341.5,2330.5,2335.0,556500,0.0,0.0
2024-05-21 09:00:00+09:00,2353.5,2359.5,2339.0,2351.0,510500,0.0,0.0
2024-05-21 10:00:00+09:00,2350.5,2351.5,2341.0,2348.0,236500,0.0,0.0
2024-05-21 11:00:00+09:00,2347.5,2348.0,2342.5,2345.0,0,0.0,0.0
2024-05-21 12:00:00+09:00,2340.5,2347.0,2337.5,2339.5,984300,0.0,0.0
2024-05-21 13:00:00+09:00,2339.5,2341.5,2336.0,2338.5,140000,0.0,0.0
2024-05-21 14:00:00+09:00,2338.5,2344.0,2333.0,2341.5,359500,0.0,0.0
2024-05-22 09:00:00+09:00,2302.0,2329.0,2296.5,2321.0,795100,0.0,0.0
2024-05-22 10:00:00+09:00,2321.0,2325.0,2305.5,2308.0,321500,0.0,0.0
2024-05-22 11:00:00+09:00,2308.5,2319.0,2308.5,2319.0,0,0.0,0.0
2024-05-22 12:00:00+09:00,2319.0,2329.5,2317.5,2326.5,1465600,0.0,0.0
2024-05-22 13:00:00+09:00,2326.0,2330.0,2316.5,2318.5,251700,0.0,0.0
2024-05-22 14:00:00+09:00,2318.5,2322.5,2314.0,2321.0,495900,0.0,0.0
2024-05-23 09:00:00+09:00,2348.5,2349.0,2314.5,2334.0,638300,0.0,0.0
2024-05-23 10:00:00+09:00,2334.5,2340.0,2315.5,2319.5,274900,0.0,0.0
2024-05-23 11:00:00+09:00,2319.0,2325.5,2316.0,2321.0,0,0.0,0.0
2024-05-23 12:00:00+09:00,2330.5,2348.0,2324.0,2346.0,1544300,0.0,0.0
2024-05-23 13:00:00+09:00,2345.5,2349.5,2333.0,2343.0,345400,0.0,0.0
2024-05-23 14:00:00+09:00,2343.0,2357.5,2336.5,2357.5,658900,0.0,0.0
2024-05-24 09:00:00+09:00,2316.5,2339.5,2304.5,2335.5,513300,0.0,0.0
2024-05-24 10:00:00+09:00,2336.0,2348.5,2335.5,2339.0,262500,0.0,0.0
2024-05-24 11:00:00+09:00,2339.5,2347.0,2338.0,2347.0,0,0.0,0.0
2024-05-24 12:00:00+09:00,2348.0,2351.5,2338.0,2339.5,993600,0.0,0.0
2024-05-24 13:00:00+09:00,2339.5,2346.5,2338.0,2344.5,131400,0.0,0.0
2024-05-24 14:00:00+09:00,2344.0,2344.5,2327.5,2331.5,446200,0.0,0.0
2024-05-27 09:00:00+09:00,2327.0,2332.5,2309.0,2322.5,694000,0.0,0.0
2024-05-27 10:00:00+09:00,2323.0,2325.0,2302.5,2307.0,654000,0.0,0.0
2024-05-27 11:00:00+09:00,2307.0,2309.5,2303.0,2308.0,0,0.0,0.0
2024-05-27 12:00:00+09:00,2303.0,2320.0,2303.0,2317.5,1776000,0.0,0.0
2024-05-27 13:00:00+09:00,2318.0,2321.5,2317.0,2320.5,188000,0.0,0.0
2024-05-27 14:00:00+09:00,2320.5,2327.0,2317.0,2320.0,422700,0.0,0.0
2024-05-28 09:00:00+09:00,2305.0,2316.0,2283.5,2301.0,725300,0.0,0.0
2024-05-28 10:00:00+09:00,2300.5,2300.5,2277.0,2277.5,489600,0.0,0.0
2024-05-28 11:00:00+09:00,2277.5,2278.0,2271.0,2273.0,0,0.0,0.0
2024-05-28 12:00:00+09:00,2273.0,2279.5,2271.5,2278.5,1621000,0.0,0.0
2024-05-28 13:00:00+09:00,2277.5,2291.5,2276.0,2287.5,215100,0.0,0.0
2024-05-28 14:00:00+09:00,2287.5,2289.0,2277.0,2284.0,641600,0.0,0.0
2024-05-29 09:00:00+09:00,2267.5,2283.0,2258.0,2260.0,1011700,0.0,0.0
2024-05-29 10:00:00+09:00,2260.5,2271.0,2258.0,2267.5,462600,0.0,0.0
2024-05-29 11:00:00+09:00,2267.5,2273.0,2263.5,2270.5,0,0.0,0.0
2024-05-29 12:00:00+09:00,2265.5,2267.0,2248.5,2251.0,2104200,0.0,0.0
2024-05-29 13:00:00+09:00,2251.5,2262.5,2251.0,2261.5,424200,0.0,0.0
2024-05-29 14:00:00+09:00,2261.5,2263.5,2249.5,2251.0,1057300,0.0,0.0
2024-05-30 09:00:00+09:00,2225.0,2232.0,2203.5,2208.5,1086000,0.0,0.0
2024-05-30 10:00:00+09:00,2207.5,2237.5,2206.5,2234.0,495200,0.0,0.0
2024-05-30 11:00:00+09:00,2234.5,2240.5,2233.0,2239.0,0,0.0,0.0
2024-05-30 12:00:00+09:00,2245.0,2254.5,2241.0,2250.0,2021300,0.0,0.0
2024-05-30 13:00:00+09:00,2249.0,2251.0,2243.0,2248.0,308700,0.0,0.0
2024-05-30 14:00:00+09:00,2248.0,2253.0,2244.0,2252.0,694000,0.0,0.0
2024-05-31 09:00:00+09:00,2257.5,2286.0,2257.0,2276.0,806300,0.0,0.0
2024-05-31 10:00:00+09:00,2276.0,2281.5,2268.5,2275.5,238300,0.0,0.0
2024-05-31 11:00:00+09:00,2275.5,2277.0,2264.0,2266.0,0,0.0,0.0
2024-05-31 12:00:00+09:00,2272.5,2281.0,2271.0,2274.0,1433400,0.0,0.0
2024-05-31 13:00:00+09:00,2274.0,2277.5,2266.0,2271.5,332400,0.0,0.0
2024-05-31 14:00:00+09:00,2271.0,2274.0,2268.5,2270.0,640400,0.0,0.0
2024-06-03 09:00:00+09:00,2297.0,2308.0,2284.5,2294.0,642900,0.0,0.0
2024-06-03 10:00:00+09:00,2293.5,2301.5,2275.5,2276.0,240500,0.0,0.0
2024-06-03 11:00:00+09:00,2276.0,2279.5,2271.5,2275.5,0,0.0,0.0
2024-06-03 12:00:00+09:00,2278.5,2280.0,2275.0,2279.0,1105700,0.0,0.0
2024-06-03 13:00:00+09:00,2279.0,2292.0,2277.0,2291.5,224600,0.0,0.0
2024-06-03 14:00:00+09:00,2291.5,2293.5,2284.0,2293.0,396400,0.0,0.0
2024-06-04 09:00:00+09:00,2284.0,2397.0,2281.0,2393.0,2570600,0.0,0.0
2024-06-04 10:00:00+09:00,2393.5,2401.0,2361.0,2394.0,1237000,0.0,0.0
2024-06-04 11:00:00+09:00,2394.0,2399.5,2383.0,2384.5,0,0.0,0.0
2024-06-04 12:00:00+09:00,2384.5,2387.0,2375.5,2381.0,4561200,0.0,0.0
2024-06-04 13:00:00+09:00,2381.0,2398.5,2381.0,2387.5,596000,0.0,0.0
2024-06-04 14:00:00+09:00,2387.5,2392.0,2365.5,2369.0,737000,0.0,0.0
2024-06-05 09:00:00+09:00,2375.5,2390.0,2348.5,2353.5,917500,0.0,0.0
2024-06-05 10:00:00+09:00,2354.0,2364.5,2349.0,2351.5,352500,0.0,0.0
2024-06-05 11:00:00+09:00,2352.5,2366.0,2352.5,2362.5,0,0.0,0.0
2024-06-05 12:00:00+09:00,2365.5,2373.5,2362.0,2364.0,1672300,0.0,0.0
2024-06-05 13:00:00+09:00,2364.0,2369.5,2358.0,2360.5,287700,0.0,0.0
2024-06-05 14:00:00+09:00,2360.5,2363.5,2349.5,2355.5,514900,0.0,0.0
2024-06-06 09:00:00+09:00,2400.0,2418.0,2390.0,2405.0,1512700,0.0,0.0
2024-06-06 10:00:00+09:00,2405.0,2407.0,2394.0,2397.5,594800,0.0,0.0
2024-06-06 11:00:00+09:00,2396.5,2403.0,2392.0,2394.0,0,0.0,0.0
2024-06-06 12:00:00+09:00,2390.0,2405.0,2390.0,2395.0,2710100,0.0,0.0
2024-06-06 13:00:00+09:00,2395.5,2395.5,2378.0,2381.5,349700,0.0,0.0
2024-06-06 14:00:00+09:00,2382.0,2386.0,2374.0,2382.0,670500,0.0,0.0
2024-06-07 09:00:00+09:00,2371.5,2431.5,2362.5,2428.5,1515600,0.0,0.0
2024-06-07 10:00:00+09:00,2429.0,2432.5,2404.0,2414.5,901800,0.0,0.0
2024-06-07 11:00:00+09:00,2413.5,2428.0,2409.5,2425.0,0,0.0,0.0
2024-06-07 12:00:00+09:00,2429.0,2429.0,2409.5,2416.0,3169300,0.0,0.0
2024-06-07 13:00:00+09:00,2416.0,2418.5,2408.0,2417.5,512300,0.0,0.0
2024-06-07 14:00:00+09:00,2417.5,2431.5,2413.0,2431.5,1380300,0.0,0.0
2024-06-10 09:00:00+09:00,2459.0,2502.5,2454.5,2494.0,1888200,0.0,0.0
2024-06-10 10:00:00+09:00,2494.5,2512.0,2492.5,2510.5,898400,0.0,0.0
2024-06-10 11:00:00+09:00,2510.5,2513.0,2500.5,2501.5,0,0.0,0.0
2024-06-10 12:00:00+09:00,2506.0,2508.0,2494.5,2501.0,3658000,0.0,0.0
2024-06-10 13:00:00+09:00,2501.0,2501.0,2481.5,2494.0,579000,0.0,0.0
2024-06-10 14:00:00+09:00,2494.0,2500.0,2477.5,2480.0,892300,0.0,0.0
2024-06-11 09:00:00+09:00,2470.0,2512.5,2456.0,2498.5,1084300,0.0,0.0
2024-06-11 10:00:00+09:00,2497.5,2497.5,2476.0,2481.5,562300,0.0,0.0
2024-06-11 11:00:00+09:00,2481.5,2482.0,2476.5,2478.0,0,0.0,0.0
2024-06-11 12:00:00+09:00,2476.5,2477.5,2462.0,2468.0,2160200,0.0,0.0
2024-06-11 13:00:00+09:00,2468.0,2470.0,2451.5,2458.0,380200,0.0,0.0
2024-06-11 14:00:00+09:00,2458.0,2466.5,2449.0,2450.0,839600,0.0,0.0
2024-06-12 09:00:00+09:00,2430.0,2435.0,2401.5,2412.0,931700,0.0,0.0
2024-06-12 10:00:00+09:00,2412.0,2412.5,2402.0,2407.5,301600,0.0,0.0
2024-06-12 11:00:00+09:00,2407.0,2410.5,2406.5,2407.0,0,0.0,0.0
2024-06-12 12:00:00+09:00,2402.0,2412.5,2401.0,2406.0,1539700,0.0,0.0
2024-06-12 13:00:00+09:00,2406.0,2408.5,2403.5,2406.0,250900,0.0,0.0
2024-06-12 14:00:00+09:00,2406.0,2414.5,2405.5,2411.0,439700,0.0,0.0
2024-06-13 09:00:00+09:00,2444.5,2476.5,2439.5,2462.0,1234600,0.0,0.0
2024-06-13 10:00:00+09:00,2462.0,2463.0,2443.5,2447.5,444300,0.0,0.0
2024-06-13 11:00:00+09:00,2448.5,2455.0,2444.5,2446.5,0,0.0,0.0
2024-06-13 12:00:00+09:00,2440.5,2479.5,2439.0,2479.5,2178400,0.0,0.0
2024-06-13 13:00:00+09:00,2479.0,2479.0,2458.0,2460.5,427700,0.0,0.0
2024-06-13 14:00:00+09:00,2460.5,2463.0,2444.5,2445.0,842300,0.0,0.0
2024-06-14 09:00:00+09:00,2425.0,2444.5,2408.5,2416.0,2970800,0.0,0.0
2024-06-14 10:00:00+09:00,2416.0,2431.0,2411.5,2430.0,366500,0.0,0.0
2024-06-14 11:00:00+09:00,2429.5,2432.0,2425.5,2430.5,0,0.0,0.0
2024-06-14 12:00:00+09:00,2445.5,2449.5,2433.5,2439.5,3750200,0.0,0.0
2024-06-14 13:00:00+09:00,2439.5,2441.0,2425.0,2431.5,287700,0.0,0.0
2024-06-14 14:00:00+09:00,2431.5,2437.5,2415.0,2415.0,572700,0.0,0.0
2024-06-17 09:00:00+09:00,2424.5,2428.5,2391.5,2397.0,636000,0.0,0.0
2024-06-17 10:00:00+09:00,2396.5,2398.0,2363.5,2375.5,549800,0.0,0.0
2024-06-17 11:00:00+09:00,2376.0,2389.0,2376.0,2383.5,0,0.0,0.0
2024-06-17 12:00:00+09:00,2379.5,2386.5,2378.0,2380.5,1567900,0.0,0.0
2024-06-17 13:00:00+09:00,2380.5,2381.5,2373.0,2373.5,262900,0.0,0.0
2024-06-17 14:00:00+09:00,2373.5,2384.5,2373.0,2379.0,515200,0.0,0.0
2024-06-18 09:00:00+09:00,2421.5,2457.5,2414.5,2437.0,1194200,0.0,0.0
2024-06-18 10:00:00+09:00,2436.5,2456.0,2434.5,2442.5,521300,0.0,0.0
2024-06-18 11:00:00+09:00,2443.5,2447.5,2440.5,2443.0,0,0.0,0.0
2024-06-18 12:00:00+09:00,2437.5,2442.0,2432.5,2441.5,2191500,0.0,0.0
2024-06-18 13:00:00+09:00,2441.5,2441.5,2437.0,2441.5,376400,0.0,0.0
2024-06-18 14:00:00+09:00,2442.0,2452.0,2437.0,2452.0,833800,0.0,0.0
2024-06-19 09:00:00+09:00,2446.0,2452.0,2426.5,2434.5,653800,0.0,0.0
2024-06-19 10:00:00+09:00,2434.0,2441.0,2428.5,2432.0,237700,0.0,0.0
2024-06-19 11:00:00+09:00,2432.0,2435.5,2430.0,2435.5,0,0.0,0.0
2024-06-19 12:00:00+09:00,2427.5,2431.0,2413.0,2421.0,1245000,0.0,0.0
2024-06-19 13:00:00+09:00,2421.5,2423.5,2417.0,2419.0,198700,0.0,0.0
2024-06-19 14:00:00+09:00,2419.5,2433.5,2415.0,2426.5,540400,0.0,0.0
2024-06-20 09:00:00+09:00,2407.0,2413.0,2370.5,2387.0,717800,0.0,0.0
2024-06-20 10:00:00+09:00,2387.0,2388.5,2368.5,2376.0,321500,0.0,0.0
2024-06-20 11:00:00+09:00,2375.5,2391.5,2375.0,2388.0,0,0.0,0.0
2024-06-20 12:00:00+09:00,2392.0,2402.5,2389.5,2390.5,1399900,0.0,0.0
2024-06-20 13:00:00+09:00,2390.0,2395.0,2384.5,2388.5,270500,0.0,0.0
2024-06-20 14:00:00+09:00,2389.5,2410.0,2388.5,2395.0,530700,0.0,0.0
2024-06-21 09:00:00+09:00,2397.0,2428.0,2378.5,2381.5,1237400,0.0,0.0
2024-06-21 10:00:00+09:00,2382.0,2395.0,2373.0,2383.5,824200,0.0,0.0
2024-06-21 11:00:00+09:00,2383.5,2387.5,2381.5,2385.5,0,0.0,0.0
2024-06-21 12:00:00+09:00,2381.0,2392.5,2373.5,2391.5,2737200,0.0,0.0
2024-06-21 13:00:00+09:00,2391.5,2401.5,2384.0,2384.0,485600,0.0,0.0
2024-06-21 14:00:00+09:00,2384.5,2392.0,2382.0,2391.0,906800,0.0,0.0
2024-06-24 09:00:00+09:00,2397.5,2441.0,2397.5,2437.5,975000,0.0,0.0
2024-06-24 10:00:00+09:00,2437.5,2441.0,2422.5,2440.5,285400,0.0,0.0
2024-06-24 11:00:00+09:00,2440.5,2449.5,2436.5,2439.0,0,0.0,0.0
2024-06-24 12:00:00+09:00,2441.5,2446.5,2437.0,2444.0,1689900,0.0,0.0
2024-06-24 13:00:00+09:00,2444.0,2446.5,2437.5,2442.5,307700,0.0,0.0
2024-06-24 14:00:00+09:00,2443.0,2447.5,2438.0,2440.5,553000,0.0,0.0
2024-06-25 09:00:00+09:00,2430.0,2453.5,2423.0,2436.0,782600,0.0,0.0
2024-06-25 10:00:00+09:00,2436.0,2449.0,2426.0,2442.0,419200,0.0,0.0
2024-06-25 11:00:00+09:00,2442.0,2443.5,2432.5,2432.5,0,0.0,0.0
2024-06-25 12:00:00+09:00,2440.0,2442.5,2418.5,2420.0,1612900,0.0,0.0
2024-06-25 13:00:00+09:00,2420.0,2421.5,2414.0,2421.0,250300,0.0,0.0
2024-06-25 14:00:00+09:00,2421.0,2432.0,2416.0,2429.5,422400,0.0,0.0
2024-06-26 09:00:00+09:00,2446.5,2450.0,2428.0,2435.5,922300,0.0,0.0
2024-06-26 10:00:00+09:00,2436.0,2461.5,2435.5,2458.0,612400,0.0,0.0
2024-06-26 11:00:00+09:00,2459.0,2463.5,2451.0,2453.0,0,0.0,0.0
2024-06-26 12:00:00+09:00,2449.5,2452.0,2440.5,2449.5,2164100,0.0,0.0
2024-06-26 13:00:00+09:00,2450.0,2451.0,2440.5,2441.0,257500,0.0,0.0
2024-06-26 14:00:00+09:00,2441.0,2459.0,2441.0,2455.0,656300,0.0,0.0
2024-06-27 09:00:00+09:00,2454.5,2483.5,2449.0,2479.0,986800,0.0,0.0
2024-06-27 10:00:00+09:00,2478.5,2492.0,2475.5,2479.0,470200,0.0,0.0
2024-06-27 11:00:00+09:00,2479.0,2486.0,2476.0,2481.0,0,0.0,0.0
2024-06-27 12:00:00+09:00,2481.0,2500.0,2478.5,2490.0,2079700,0.0,0.0
2024-06-27 13:00:00+09:00,2491.0,2498.0,2484.5,2496.0,308900,0.0,0.0
2024-06-27 14:00:00+09:00,2496.5,2506.5,2494.0,2504.5,826200,0.0,0.0
2024-06-28 09:00:00+09:00,2531.0,2536.5,2512.0,2532.5,1220200,0.0,0.0
2024-06-28 10:00:00+09:00,2532.5,2549.5,2530.0,2533.5,573700,0.0,0.0
2024-06-28 11:00:00+09:00,2533.5,2533.5,2520.0,2529.5,0,0.0,0.0
2024-06-28 12:00:00+09:00,2531.5,2535.0,2527.5,2530.5,2329900,0.0,0.0
2024-06-28 13:00:00+09:00,2530.5,2530.5,2515.5,2519.5,398900,0.0,0.0
2024-06-28 14:00:00+09:00,2519.0,2519.0,2508.0,2509.5,779500,0.0,0.0
2024-07-01 09:00:00+09:00,2540.0,2555.5,2528.0,2547.0,1025900,0.0,0.0
2024-07-01 10:00:00+09:00,2547.0,2554.5,2527.5,2528.5,488400,0.0,0.0
2024-07-01 11:00:00+09:00,2529.0,2531.0,2520.0,2520.5,0,0.0,0.0
2024-07-01 12:00:00+09:00,2517.5,2537.0,2516.5,2532.0,2110500,0.0,0.0
2024-07-01 13:00:00+09:00,2532.0,2538.0,2530.0,2532.0,344000,0.0,0.0
2024-07-01 14:00:00+09:00,2532.0,2554.5,2528.5,2549.0,880800,0.0,0.0
2024-07-02 09:00:00+09:00,2560.0,2572.5,2542.0,2563.0,919800,0.0,0.0
2024-07-02 10:00:00+09:00,2564.0,2577.0,2562.5,2568.5,486600,0.0,0.0
2024-07-02 11:00:00+09:00,2569.0,2572.0,2560.0,2560.5,0,0.0,0.0
2024-07-02 12:00:00+09:00,2555.0,2576.0,2553.0,2575.5,1901400,0.0,0.0
2024-07-02 13:00:00+09:00,2576.0,2607.5,2572.0,2607.5,1194600,0.0,0.0
2024-07-02 14:00:00+09:00,2607.0,2614.0,2585.0,2585.5,1655900,0.0,0.0
2024-07-03 09:00:00+09:00,2597.5,2637.0,2596.5,2616.0,1701400,0.0,0.0
2024-07-03 10:00:00+09:00,2616.0,2616.0,2597.0,2605.5,671900,0.0,0.0
2024-07-03 11:00:00+09:00,2605.0,2619.5,2603.5,2617.5,0,0.0,0.0
2024-07-03 12:00:00+09:00,2618.0,2642.5,2614.0,2637.0,3171300,0.0,0.0
2024-07-03 13:00:00+09:00,2637.0,2648.0,2634.0,2638.0,569600,0.0,0.0
2024-07-03 14:00:00+09:00,2638.5,2672.0,2638.5,2664.0,1446100,0.0,0.0
2024-07-04 09:00:00+09:00,2670.5,2694.5,2650.5,2680.0,1273500,0.0,0.0
2024-07-04 10:00:00+09:00,2679.5,2681.5,2662.0,2662.0,495500,0.0,0.0
2024-07-04 11:00:00+09:00,2662.0,2670.0,2656.0,2667.5,0,0.0,0.0
2024-07-04 12:00:00+09:00,2663.0,2666.0,2656.5,2661.0,2170900,0.0,0.0
2024-07-04 13:00:00+09:00,2661.5,2674.0,2657.0,2663.0,365100,0.0,0.0
2024-07-04 14:00:00+09:00,2663.0,2667.0,2649.5,2649.5,687400,0.0,0.0
2024-07-05 09:00:00+09:00,2638.0,2658.0,2621.0,2630.0,733600,0.0,0.0
2024-07-05 10:00:00+09:00,2630.0,2639.0,2625.0,2635.0,247800,0.0,0.0
2024-07-05 11:00:00+09:00,2634.5,2635.0,2625.5,2625.5,0,0.0,0.0
2024-07-05 12:00:00+09:00,2617.5,2625.0,2613.5,2621.5,1437000,0.0,0.0
2024-07-05 13:00:00+09:00,2622.0,2633.0,2622.0,2628.5,212000,0.0,0.0
2024-07-05 14:00:00+09:00,2629.0,2634.0,2624.0,2627.0,446400,0.0,0.0
2024-07-08 09:00:00+09:00,2623.0,2641.0,2610.5,2622.0,606600,0.0,0.0
2024-07-08 10:00:00+09:00,2621.5,2632.5,2618.0,2632.5,159300,0.0,0.0
2024-07-08 11:00:00+09:00,2632.0,2632.0,2623.0,2623.0,0,0.0,0.0
2024-07-08 12:00:00+09:00,2622.0,2635.5,2621.0,2627.5,1062800,0.0,0.0
2024-07-08 13:00:00+09:00,2628.0,2631.0,2621.0,2624.5,255400,0.0,0.0
2024-07-08 14:00:00+09:00,2624.5,2635.5,2622.0,2627.0,534100,0.0,0.0
2024-07-09 09:00:00+09:00,2638.0,2638.0,2615.0,2626.5,553100,0.0,0.0
2024-07-09 10:00:00+09:00,2626.0,2630.0,2621.0,2627.5,245900,0.0,0.0
2024-07-09 11:00:00+09:00,2627.5,2638.5,2621.0,2638.5,0,0.0,0.0
2024-07-09 12:00:00+09:00,2636.0,2653.0,2631.0,2648.5,1437900,0.0,0.0
2024-07-09 13:00:00+09:00,2648.0,2662.0,2646.0,2655.0,434700,0.0,0.0
2024-07-09 14:00:00+09:00,2654.5,2666.5,2645.5,2649.5,796800,0.0,0.0
2024-07-10 09:00:00+09:00,2645.5,2649.5,2617.0,2634.5,1381800,0.0,0.0
2024-07-10 10:00:00+09:00,2635.0,2648.5,2631.0,2645.0,480400,0.0,0.0
2024-07-10 11:00:00+09:00,2645.5,2647.0,2636.5,2640.5,0,0.0,0.0
2024-07-10 12:00:00+09:00,2635.0,2642.5,2628.0,2634.5,2489800,0.0,0.0
2024-07-10 13:00:00+09:00,2635.0,2645.0,2628.5,2644.5,333600,0.0,0.0
2024-07-10 14:00:00+09:00,2644.5,2665.5,2643.5,2656.0,759500,0.0,0.0
2024-07-11 09:00:00+09:00,2680.5,2705.5,2660.0,2666.5,1301100,0.0,0.0
2024-07-11 10:00:00+09:00,2666.5,2675.5,2646.5,2667.0,589100,0.0,0.0
2024-07-11 11:00:00+09:00,2667.0,2669.0,2658.5,2662.0,0,0.0,0.0
2024-07-11 12:00:00+09:00,2660.0,2682.0,2659.0,2679.0,2606500,0.0,0.0
2024-07-11 13:00:00+09:00,2679.5,2683.0,2661.5,2666.0,534400,0.0,0.0
2024-07-11 14:00:00+09:00,2666.0,2669.5,2659.0,2665.5,731800,0.0,0.0
2024-07-12 09:00:00+09:00,2617.5,2640.5,2590.0,2603.0,1604400,0.0,0.0
2024-07-12 10:00:00+09:00,2603.0,2614.5,2594.5,2604.0,435600,0.0,0.0
2024-07-12 11:00:00+09:00,2604.5,2606.0,2596.5,2600.5,0,0.0,0.0
2024-07-12 12:00:00+09:00,2610.0,2610.5,2600.5,2602.5,2472500,0.0,0.0
2024-07-12 13:00:00+09:00,2602.5,2607.0,2597.5,2599.5,303400,0.0,0.0
2024-07-12 14:00:00+09:00,2599.5,2602.0,2592.0,2593.0,572200,0.0,0.0
2024-07-16 09:00:00+09:00,2620.0,2654.5,2615.0,2649.0,1050400,0.0,0.0
2024-07-16 10:00:00+09:00,2648.5,2655.0,2636.0,2651.0,477300,0.0,0.0
2024-07-16 11:00:00+09:00,2651.0,2665.5,2650.5,2657.5,0,0.0,0.0
2024-07-16 12:00:00+09:00,2656.0,2666.0,2650.0,2660.5,2018000,0.0,0.0
2024-07-16 13:00:00+09:00,2660.5,2660.5,2649.0,2651.5,346100,0.0,0.0
2024-07-16 14:00:00+09:00,2651.5,2659.5,2650.0,2653.5,627600,0.0,0.0
2024-07-17 09:00:00+09:00,2665.5,2675.0,2656.0,2663.0,960800,0.0,0.0
2024-07-17 10:00:00+09:00,2663.0,2675.0,2651.0,2655.5,584800,0.0,0.0
2024-07-17 11:00:00+09:00,2656.0,2663.0,2649.5,2651.0,0,0.0,0.0
2024-07-17 12:00:00+09:00,2655.0,2659.5,2651.0,2654.5,2208700,0.0,0.0
2024-07-17 13:00:00+09:00,2655.0,2656.5,2648.0,2652.0,834300,0.0,0.0
2024-07-17 14:00:00+09:00,2652.0,2666.0,2650.5,2650.5,839700,0.0,0.0
2024-07-18 09:00:00+09:00,2631.0,2656.0,2626.0,2656.0,934900,0.0,0.0
2024-07-18 10:00:00+09:00,2656.0,2663.0,2646.0,2659.0,286300,0.0,0.0
2024-07-18 11:00:00+09:00,2659.5,2661.5,2651.0,2655.0,0,0.0,0.0
2024-07-18 12:00:00+09:00,2664.5,2664.5,2649.0,2653.0,1682100,0.0,0.0
2024-07-18 13:00:00+09:00,2653.5,2655.5,2635.0,2636.0,436900,0.0,0.0
2024-07-18 14:00:00+09:00,2636.0,2648.0,2635.0,2639.0,710100,0.0,0.0
2024-07-19 09:00:00+09:00,2627.0,2672.0,2619.5,2660.5,1017000,0.0,0.0
2024-07-19 10:00:00+09:00,2660.0,2669.0,2648.5,2649.5,468100,0.0,0.0
2024-07-19 11:00:00+09:00,2650.0,2654.5,2641.0,2641.0,0,0.0,0.0
2024-07-19 12:00:00+09:00,2642.5,2650.5,2638.5,2648.5,2008100,0.0,0.0
2024-07-19 13:00:00+09:00,2648.5,2653.5,2639.0,2652.0,338300,0.0,0.0
2024-07-19 14:00:00+09:00,2651.5,2653.5,2640.0,2644.5,859300,0.0,0.0
2024-07-22 09:00:00+09:00,2650.0,2658.0,2610.0,2620.0,644500,0.0,0.0
2024-07-22 10:00:00+09:00,2620.0,2622.5,2605.5,2612.5,363600,0.0,0.0
2024-07-22 11:00:00+09:00,2613.0,2627.5,2608.0,2622.5,0,0.0,0.0
2024-07-22 12:00:00+09:00,2627.5,2630.5,2605.0,2605.5,1455000,0.0,0.0
2024-07-22 13:00:00+09:00,2606.0,2616.5,2601.5,2615.5,265700,0.0,0.0
2024-07-22 14:00:00+09:00,2615.5,2625.0,2611.5,2623.0,555400,0.0,0.0
2024-07-23 09:00:00+09:00,2632.5,2634.5,2613.0,2623.5,566000,0.0,0.0
2024-07-23 10:00:00+09:00,2623.0,2633.5,2617.0,2626.5,330600,0.0,0.0
2024-07-23 11:00:00+09:00,2626.5,2626.5,2617.0,2621.5,0,0.0,0.0
2024-07-23 12:00:00+09:00,2610.5,2617.0,2601.5,2604.5,1355400,0.0,0.0
2024-07-23 13:00:00+09:00,2605.0,2606.5,2598.5,2604.5,305800,0.0,0.0
2024-07-23 14:00:00+09:00,2604.5,2608.5,2595.5,2599.0,671000,0.0,0.0
2024-07-24 09:00:00+09:00,2583.0,2585.5,2563.0,2580.0,1318900,0.0,0.0
2024-07-24 10:00:00+09:00,2580.5,2587.5,2573.5,2581.0,525700,0.0,0.0
2024-07-24 11:00:00+09:00,2581.0,2586.5,2579.5,2586.5,0,0.0,0.0
2024-07-24 12:00:00+09:00,2581.0,2586.0,2568.0,2571.0,2491500,0.0,0.0
2024-07-24 13:00:00+09:00,2570.5,2571.0,2557.0,2567.0,669500,0.0,0.0
2024-07-24 14:00:00+09:00,2567.5,2568.0,2544.5,2549.5,1052600,0.0,0.0
2024-07-25 09:00:00+09:00,2468.0,2486.0,2450.5,2472.0,1283900,0.0,0.0
2024-07-25 10:00:00+09:00,2472.0,2474.5,2447.0,2451.5,697000,0.0,0.0
2024-07-25 11:00:00+09:00,2451.5,2466.5,2448.5,2451.0,0,0.0,0.0
2024-07-25 12:00:00+09:00,2435.0,2453.0,2426.5,2430.5,2822600,0.0,0.0
2024-07-25 13:00:00+09:00,2430.5,2435.5,2419.0,2423.0,731000,0.0,0.0
2024-07-25 14:00:00+09:00,2423.0,2443.0,2420.5,2438.5,1150600,0.0,0.0
2024-07-26 09:00:00+09:00,2678.0,2682.5,2597.0,2681.5,5189800,0.0,0.0
2024-07-26 10:00:00+09:00,2682.5,2715.5,2665.5,2712.0,2752400,0.0,0.0
2024-07-26 11:00:00+09:00,2712.5,2722.5,2685.0,2691.5,0,0.0,0.0
2024-07-26 12:00:00+09:00,2694.0,2704.0,2672.5,2683.0,10310100,0.0,0.0
2024-07-26 13:00:00+09:00,2683.0,2696.0,2672.0,2690.0,1301600,0.0,0.0
2024-07-26 14:00:00+09:00,2690.5,2700.0,2683.0,2693.5,1700700,0.0,0.0
