Datetime,Open,High,Low,Close,Volume,Dividends,Stock Splits
2024-08-21 09:30:00-04:00,7.670000076293945,7.670000076293945,7.570000171661377,7.570000171661377,0,0.0,0.0
2024-08-21 09:40:00-04:00,7.684999942779541,7.684999942779541,7.684999942779541,7.684999942779541,103,0.0,0.0
2024-08-21 09:45:00-04:00,7.579699993133545,7.579699993133545,7.579699993133545,7.579699993133545,497,0.0,0.0
2024-08-21 09:55:00-04:00,7.695000171661377,7.695000171661377,7.695000171661377,7.695000171661377,767,0.0,0.0
2024-08-21 10:00:00-04:00,7.684999942779541,7.684999942779541,7.6722002029418945,7.6722002029418945,1141,0.0,0.0
2024-08-21 10:05:00-04:00,7.708600044250488,7.708600044250488,7.639999866485596,7.639999866485596,1246,0.0,0.0
2024-08-21 10:10:00-04:00,7.639999866485596,7.650000095367432,7.610000133514404,7.610000133514404,1096,0.0,0.0
2024-08-21 10:20:00-04:00,7.585000038146973,7.619999885559082,7.585000038146973,7.59499979019165,12230,0.0,0.0
2024-08-21 10:25:00-04:00,7.59499979019165,7.639999866485596,7.570000171661377,7.599999904632568,26703,0.0,0.0
2024-08-21 10:30:00-04:00,7.605000019073486,7.605000019073486,7.605000019073486,7.605000019073486,486,0.0,0.0
2024-08-21 10:35:00-04:00,7.619999885559082,7.630000114440918,7.599999904632568,7.605000019073486,1053,0.0,0.0
2024-08-21 10:40:00-04:00,7.630000114440918,7.630000114440918,7.590000152587891,7.590000152587891,658,0.0,0.0
2024-08-21 10:45:00-04:00,7.605000019073486,7.605000019073486,7.579999923706055,7.579999923706055,321,0.0,0.0
2024-08-21 10:50:00-04:00,7.570000171661377,7.599999904632568,7.570000171661377,7.590000152587891,392,0.0,0.0
2024-08-21 10:55:00-04:00,7.590000152587891,7.639999866485596,7.590000152587891,7.599999904632568,1343,0.0,0.0
2024-08-21 11:00:00-04:00,7.639999866485596,7.639999866485596,7.619999885559082,7.619999885559082,425,0.0,0.0
2024-08-21 11:10:00-04:00,7.619999885559082,7.619999885559082,7.619999885559082,7.619999885559082,299,0.0,0.0
2024-08-21 11:15:00-04:00,7.619999885559082,7.619999885559082,7.599999904632568,7.610000133514404,6723,0.0,0.0
2024-08-21 11:20:00-04:00,7.610000133514404,7.610000133514404,7.610000133514404,7.610000133514404,290,0.0,0.0
2024-08-21 11:25:00-04:00,7.590000152587891,7.590000152587891,7.590000152587891,7.590000152587891,312,0.0,0.0
2024-08-21 11:30:00-04:00,7.619999885559082,7.619999885559082,7.619999885559082,7.619999885559082,186,0.0,0.0
2024-08-21 11:35:00-04:00,7.599999904632568,7.614999771118164,7.599999904632568,7.614999771118164,409,0.0,0.0
2024-08-21 11:45:00-04:00,7.590000152587891,7.590000152587891,7.590000152587891,7.590000152587891,138,0.0,0.0
2024-08-21 11:50:00-04:00,7.619999885559082,7.619999885559082,7.599999904632568,7.599999904632568,703,0.0,0.0
2024-08-21 11:55:00-04:00,7.619999885559082,7.619999885559082,7.619999885559082,7.619999885559082,268,0.0,0.0
2024-08-21 12:00:00-04:00,7.619999885559082,7.619999885559082,7.619999885559082,7.619999885559082,186,0.0,0.0
2024-08-21 12:05:00-04:00,7.619999885559082,7.619999885559082,7.619999885559082,7.619999885559082,301,0.0,0.0
2024-08-21 12:10:00-04:00,7.619999885559082,7.619999885559082,7.579999923706055,7.579999923706055,1066,0.0,0.0
2024-08-21 12:30:00-04:00,7.614999771118164,7.614999771118164,7.614999771118164,7.614999771118164,262,0.0,0.0
2024-08-21 12:40:00-04:00,7.610000133514404,7.625,7.610000133514404,7.610000133514404,3183,0.0,0.0
2024-08-21 12:45:00-04:00,7.610000133514404,7.630000114440918,7.605000019073486,7.605000019073486,5943,0.0,0.0
2024-08-21 12:50:00-04:00,7.605000019073486,7.605000019073486,7.579999923706055,7.605000019073486,682,0.0,0.0
2024-08-21 12:55:00-04:00,7.605000019073486,7.605000019073486,7.579999923706055,7.579999923706055,828,0.0,0.0
2024-08-21 13:05:00-04:00,7.605000019073486,7.605000019073486,7.605000019073486,7.605000019073486,1022,0.0,0.0
2024-08-21 13:45:00-04:00,7.590000152587891,7.590000152587891,7.590000152587891,7.590000152587891,141,0.0,0.0
2024-08-21 13:50:00-04:00,7.590000152587891,7.590000152587891,7.590000152587891,7.590000152587891,1249,0.0,0.0
2024-08-21 14:00:00-04:00,7.570000171661377,7.570000171661377,7.570000171661377,7.570000171661377,293,0.0,0.0
2024-08-21 14:10:00-04:00,7.559999942779541,7.559999942779541,7.559999942779541,7.559999942779541,183,0.0,0.0
2024-08-21 14:15:00-04:00,7.559999942779541,7.559999942779541,7.559999942779541,7.559999942779541,726,0.0,0.0
2024-08-21 14:20:00-04:00,7.550000190734863,7.550000190734863,7.550000190734863,7.550000190734863,265,0.0,0.0
2024-08-21 14:25:00-04:00,7.550000190734863,7.579999923706055,7.550000190734863,7.579999923706055,545,0.0,0.0
2024-08-21 14:35:00-04:00,7.53000020980835,7.599999904632568,7.53000020980835,7.579999923706055,6284,0.0,0.0
2024-08-21 14:40:00-04:00,7.570000171661377,7.585000038146973,7.570000171661377,7.579999923706055,334,0.0,0.0
2024-08-21 14:45:00-04:00,7.579999923706055,7.579999923706055,7.579999923706055,7.579999923706055,243,0.0,0.0
2024-08-21 15:00:00-04:00,7.599999904632568,7.599999904632568,7.550000190734863,7.550000190734863,2273,0.0,0.0
2024-08-21 15:05:00-04:00,7.539999961853027,7.559999942779541,7.539999961853027,7.559999942779541,867,0.0,0.0
2024-08-21 15:20:00-04:00,7.539999961853027,7.539999961853027,7.539999961853027,7.539999961853027,293,0.0,0.0
2024-08-21 15:25:00-04:00,7.539999961853027,7.559999942779541,7.539999961853027,7.559999942779541,1985,0.0,0.0
2024-08-21 15:35:00-04:00,7.545000076293945,7.545000076293945,7.545000076293945,7.545000076293945,1813,0.0,0.0
2024-08-21 15:40:00-04:00,7.539999961853027,7.539999961853027,7.514999866485596,7.514999866485596,914,0.0,0.0
2024-08-21 15:45:00-04:00,7.510000228881836,7.510000228881836,7.510000228881836,7.510000228881836,361,0.0,0.0
2024-08-21 15:50:00-04:00,7.510000228881836,7.510000228881836,7.5,7.510000228881836,1736,0.0,0.0
2024-08-21 15:55:00-04:00,7.510000228881836,7.550000190734863,7.5,7.53000020980835,10858,0.0,0.0
2024-08-22 09:30:00-04:00,7.409999847412109,7.409999847412109,7.409999847412109,7.409999847412109,3080,0.0,0.0
2024-08-22 09:35:00-04:00,7.409999847412109,7.409999847412109,7.360000133514404,7.360000133514404,819,0.0,0.0
2024-08-22 09:50:00-04:00,7.570000171661377,7.570000171661377,7.360000133514404,7.360000133514404,965,0.0,0.0
2024-08-22 09:55:00-04:00,7.380000114440918,7.400000095367432,7.25,7.400000095367432,10429,0.0,0.0
2024-08-22 10:00:00-04:00,7.409999847412109,7.425000190734863,7.400000095367432,7.400000095367432,6630,0.0,0.0
2024-08-22 10:05:00-04:00,7.400000095367432,7.400000095367432,7.349999904632568,7.349999904632568,6046,0.0,0.0
2024-08-22 10:10:00-04:00,7.349999904632568,7.449999809265137,7.329999923706055,7.329999923706055,3518,0.0,0.0
2024-08-22 10:15:00-04:00,7.329999923706055,7.329999923706055,7.329999923706055,7.329999923706055,100,0.0,0.0
2024-08-22 10:20:00-04:00,7.394999980926514,7.394999980926514,7.394999980926514,7.394999980926514,132,0.0,0.0
2024-08-22 10:25:00-04:00,7.420000076293945,7.420000076293945,7.420000076293945,7.420000076293945,208,0.0,0.0
2024-08-22 10:40:00-04:00,7.340000152587891,7.349999904632568,7.324999809265137,7.335000038146973,3891,0.0,0.0
2024-08-22 10:45:00-04:00,7.329999923706055,7.329999923706055,7.329999923706055,7.329999923706055,2474,0.0,0.0
2024-08-22 10:50:00-04:00,7.320000171661377,7.320000171661377,7.320000171661377,7.320000171661377,159,0.0,0.0
2024-08-22 10:55:00-04:00,7.309999942779541,7.329999923706055,7.309999942779541,7.309999942779541,2593,0.0,0.0
2024-08-22 11:00:00-04:00,7.309999942779541,7.329999923706055,7.269999980926514,7.309999942779541,12047,0.0,0.0
2024-08-22 11:05:00-04:00,7.269999980926514,7.269999980926514,7.269999980926514,7.269999980926514,206,0.0,0.0
2024-08-22 11:20:00-04:00,7.269999980926514,7.28000020980835,7.230000019073486,7.230000019073486,9265,0.0,0.0
2024-08-22 11:30:00-04:00,7.230000019073486,7.239999771118164,7.230000019073486,7.239999771118164,278,0.0,0.0
2024-08-22 11:35:00-04:00,7.239999771118164,7.309999942779541,7.21999979019165,7.309999942779541,2581,0.0,0.0
2024-08-22 11:40:00-04:00,7.300000190734863,7.300000190734863,7.300000190734863,7.300000190734863,800,0.0,0.0
2024-08-22 11:50:00-04:00,7.324999809265137,7.329999923706055,7.300000190734863,7.320000171661377,725,0.0,0.0
2024-08-22 11:55:00-04:00,7.329999923706055,7.329999923706055,7.315000057220459,7.315000057220459,620,0.0,0.0
2024-08-22 12:20:00-04:00,7.300000190734863,7.320000171661377,7.300000190734863,7.300000190734863,6609,0.0,0.0
2024-08-22 12:25:00-04:00,7.300000190734863,7.315000057220459,7.289999961853027,7.289999961853027,43799,0.0,0.0
2024-08-22 12:40:00-04:00,7.300000190734863,7.300000190734863,7.289999961853027,7.289999961853027,1257,0.0,0.0
2024-08-22 12:45:00-04:00,7.300000190734863,7.300000190734863,7.289999961853027,7.289999961853027,1422,0.0,0.0
2024-08-22 12:50:00-04:00,7.300000190734863,7.300000190734863,7.289999961853027,7.289999961853027,201,0.0,0.0
2024-08-22 12:55:00-04:00,7.295000076293945,7.295000076293945,7.269999980926514,7.269999980926514,7140,0.0,0.0
2024-08-22 13:00:00-04:00,7.269999980926514,7.300000190734863,7.269999980926514,7.300000190734863,16358,0.0,0.0
2024-08-22 13:05:00-04:00,7.320000171661377,7.335000038146973,7.309999942779541,7.335000038146973,2061,0.0,0.0
2024-08-22 13:10:00-04:00,7.335000038146973,7.335000038146973,7.335000038146973,7.335000038146973,201,0.0,0.0
2024-08-22 13:15:00-04:00,7.335000038146973,7.335000038146973,7.335000038146973,7.335000038146973,202,0.0,0.0
2024-08-22 13:20:00-04:00,7.349999904632568,7.360000133514404,7.329999923706055,7.329999923706055,2015,0.0,0.0
2024-08-22 13:25:00-04:00,7.360000133514404,7.360000133514404,7.360000133514404,7.360000133514404,123,0.0,0.0
2024-08-22 13:30:00-04:00,7.349999904632568,7.349999904632568,7.260000228881836,7.269999980926514,37850,0.0,0.0
2024-08-22 13:35:00-04:00,7.269999980926514,7.269999980926514,7.260000228881836,7.260000228881836,1189,0.0,0.0
2024-08-22 13:40:00-04:00,7.260000228881836,7.269999980926514,7.260000228881836,7.260000228881836,3872,0.0,0.0
2024-08-22 13:45:00-04:00,7.28000020980835,7.28000020980835,7.28000020980835,7.28000020980835,279,0.0,0.0
2024-08-22 13:50:00-04:00,7.300000190734863,7.300000190734863,7.260000228881836,7.269999980926514,4131,0.0,0.0
2024-08-22 13:55:00-04:00,7.269999980926514,7.28000020980835,7.25,7.260000228881836,61464,0.0,0.0
2024-08-22 14:00:00-04:00,7.275000095367432,7.275000095367432,7.260000228881836,7.260000228881836,336,0.0,0.0
2024-08-22 14:05:00-04:00,7.260000228881836,7.28000020980835,7.25,7.260000228881836,35076,0.0,0.0
2024-08-22 14:10:00-04:00,7.25,7.25,7.25,7.25,1774,0.0,0.0
2024-08-22 14:15:00-04:00,7.25,7.269999980926514,7.25,7.269999980926514,1206,0.0,0.0
2024-08-22 14:20:00-04:00,7.260000228881836,7.309999942779541,7.260000228881836,7.309999942779541,3688,0.0,0.0
2024-08-22 14:25:00-04:00,7.309999942779541,7.309999942779541,7.309999942779541,7.309999942779541,500,0.0,0.0
2024-08-22 14:30:00-04:00,7.340000152587891,7.340000152587891,7.315000057220459,7.315000057220459,421,0.0,0.0
2024-08-22 14:40:00-04:00,7.360000133514404,7.360000133514404,7.360000133514404,7.360000133514404,150,0.0,0.0
2024-08-22 14:45:00-04:00,7.360000133514404,7.360000133514404,7.360000133514404,7.360000133514404,113,0.0,0.0
2024-08-22 14:50:00-04:00,7.309999942779541,7.309999942779541,7.309999942779541,7.309999942779541,124,0.0,0.0
2024-08-22 14:55:00-04:00,7.360000133514404,7.360000133514404,7.34499979019165,7.34499979019165,1260,0.0,0.0
2024-08-22 15:00:00-04:00,7.369999885559082,7.380000114440918,7.355000019073486,7.380000114440918,584,0.0,0.0
2024-08-22 15:05:00-04:00,7.400000095367432,7.409999847412109,7.400000095367432,7.409999847412109,200,0.0,0.0
2024-08-22 15:10:00-04:00,7.409999847412109,7.409999847412109,7.380000114440918,7.409999847412109,769,0.0,0.0
2024-08-22 15:15:00-04:00,7.420000076293945,7.46999979019165,7.420000076293945,7.46999979019165,500,0.0,0.0
2024-08-22 15:20:00-04:00,7.46999979019165,7.53000020980835,7.440000057220459,7.525000095367432,7474,0.0,0.0
2024-08-22 15:25:00-04:00,7.514999866485596,7.550000190734863,7.514999866485596,7.550000190734863,609,0.0,0.0
2024-08-22 15:30:00-04:00,7.53000020980835,7.53000020980835,7.519999980926514,7.519999980926514,818,0.0,0.0
2024-08-22 15:35:00-04:00,7.510000228881836,7.550000190734863,7.497499942779541,7.5,9372,0.0,0.0
2024-08-22 15:40:00-04:00,7.5,7.519999980926514,7.5,7.5,2270,0.0,0.0
2024-08-22 15:45:00-04:00,7.53000020980835,7.53000020980835,7.514999866485596,7.514999866485596,200,0.0,0.0
2024-08-22 15:50:00-04:00,7.519999980926514,7.550000190734863,7.510000228881836,7.519999980926514,4668,0.0,0.0
2024-08-22 15:55:00-04:00,7.53000020980835,7.550000190734863,7.5,7.510000228881836,9053,0.0,0.0
2024-08-23 09:30:00-04:00,7.599999904632568,7.599999904632568,7.599999904632568,7.599999904632568,1607,0.0,0.0
2024-08-23 09:55:00-04:00,7.599999904632568,7.610000133514404,7.590000152587891,7.610000133514404,4247,0.0,0.0
2024-08-23 10:00:00-04:00,7.40500020980835,7.440000057220459,7.40500020980835,7.440000057220459,1043,0.0,0.0
2024-08-23 10:15:00-04:00,7.514100074768066,7.635000228881836,7.514100074768066,7.635000228881836,3789,0.0,0.0
2024-08-23 10:25:00-04:00,7.639999866485596,7.639999866485596,7.639999866485596,7.639999866485596,507,0.0,0.0
2024-08-23 10:30:00-04:00,7.644999980926514,7.710000038146973,7.644999980926514,7.644999980926514,5903,0.0,0.0
2024-08-23 10:35:00-04:00,7.644999980926514,7.644999980926514,7.639999866485596,7.639999866485596,645,0.0,0.0
2024-08-23 10:40:00-04:00,7.639999866485596,7.639999866485596,7.639999866485596,7.639999866485596,207,0.0,0.0
2024-08-23 10:45:00-04:00,7.65500020980835,7.679999828338623,7.644999980926514,7.65500020980835,3715,0.0,0.0
2024-08-23 10:50:00-04:00,7.65500020980835,7.65500020980835,7.65500020980835,7.65500020980835,301,0.0,0.0
2024-08-23 10:55:00-04:00,7.630000114440918,7.630000114440918,7.630000114440918,7.630000114440918,532,0.0,0.0
2024-08-23 11:00:00-04:00,7.630000114440918,7.630000114440918,7.630000114440918,7.630000114440918,593,0.0,0.0
2024-08-23 11:10:00-04:00,7.630000114440918,7.630000114440918,7.630000114440918,7.630000114440918,309,0.0,0.0
2024-08-23 11:20:00-04:00,7.630000114440918,7.630000114440918,7.630000114440918,7.630000114440918,101,0.0,0.0
2024-08-23 11:25:00-04:00,7.630000114440918,7.650000095367432,7.630000114440918,7.650000095367432,751,0.0,0.0
2024-08-23 11:30:00-04:00,7.630000114440918,7.690000057220459,7.630000114440918,7.690000057220459,1888,0.0,0.0
2024-08-23 11:35:00-04:00,7.686500072479248,7.686500072479248,7.670000076293945,7.670000076293945,643,0.0,0.0
2024-08-23 11:40:00-04:00,7.659999847412109,7.659999847412109,7.659999847412109,7.659999847412109,256,0.0,0.0
2024-08-23 11:50:00-04:00,7.690000057220459,7.6981000900268555,7.679999828338623,7.679999828338623,2058,0.0,0.0
2024-08-23 11:55:00-04:00,7.699999809265137,7.699999809265137,7.679999828338623,7.679999828338623,606,0.0,0.0
2024-08-23 12:00:00-04:00,7.679999828338623,7.699999809265137,7.664999961853027,7.679999828338623,1466,0.0,0.0
2024-08-23 12:05:00-04:00,7.679999828338623,7.679999828338623,7.679999828338623,7.679999828338623,150,0.0,0.0
2024-08-23 12:10:00-04:00,7.679999828338623,7.679999828338623,7.679999828338623,7.679999828338623,101,0.0,0.0
2024-08-23 12:15:00-04:00,7.679999828338623,7.679999828338623,7.679999828338623,7.679999828338623,441,0.0,0.0
2024-08-23 12:55:00-04:00,7.659999847412109,7.659999847412109,7.659999847412109,7.659999847412109,3116,0.0,0.0
2024-08-23 13:00:00-04:00,7.650000095367432,7.65500020980835,7.650000095367432,7.65500020980835,792,0.0,0.0
2024-08-23 13:05:00-04:00,7.679999828338623,7.679999828338623,7.65500020980835,7.65500020980835,359,0.0,0.0
2024-08-23 13:10:00-04:00,7.690000057220459,7.690000057220459,7.690000057220459,7.690000057220459,589,0.0,0.0
2024-08-23 13:25:00-04:00,7.670000076293945,7.670000076293945,7.670000076293945,7.670000076293945,269,0.0,0.0
2024-08-23 13:50:00-04:00,7.670000076293945,7.670000076293945,7.670000076293945,7.670000076293945,203,0.0,0.0
2024-08-23 14:05:00-04:00,7.650000095367432,7.650000095367432,7.650000095367432,7.650000095367432,124,0.0,0.0
2024-08-23 14:10:00-04:00,7.659999847412109,7.659999847412109,7.659999847412109,7.659999847412109,497,0.0,0.0
2024-08-23 15:00:00-04:00,7.639999866485596,7.639999866485596,7.639999866485596,7.639999866485596,203,0.0,0.0
2024-08-23 15:35:00-04:00,7.65500020980835,7.65500020980835,7.65500020980835,7.65500020980835,100,0.0,0.0
2024-08-23 15:40:00-04:00,7.679999828338623,7.679999828338623,7.664999961853027,7.664999961853027,1506,0.0,0.0
2024-08-23 15:45:00-04:00,7.679999828338623,7.699999809265137,7.664999961853027,7.695000171661377,3558,0.0,0.0
2024-08-23 15:50:00-04:00,7.71999979019165,7.71999979019165,7.695000171661377,7.71999979019165,501,0.0,0.0
2024-08-23 15:55:00-04:00,7.695000171661377,7.739999771118164,7.690000057220459,7.739999771118164,5768,0.0,0.0
2024-08-26 09:30:00-04:00,7.820000171661377,7.849999904632568,7.670000076293945,7.755000114440918,0,0.0,0.0
2024-08-26 09:55:00-04:00,7.800000190734863,7.800000190734863,7.760000228881836,7.760000228881836,4527,0.0,0.0
2024-08-26 10:00:00-04:00,7.800000190734863,7.800000190734863,7.75,7.75,394,0.0,0.0
2024-08-26 10:05:00-04:00,7.800000190734863,7.800000190734863,7.800000190734863,7.800000190734863,232,0.0,0.0
2024-08-26 10:10:00-04:00,7.804999828338623,7.804999828338623,7.804999828338623,7.804999828338623,144,0.0,0.0
2024-08-26 10:15:00-04:00,7.760000228881836,7.760000228881836,7.760000228881836,7.760000228881836,151,0.0,0.0
2024-08-26 10:30:00-04:00,7.739999771118164,7.739999771118164,7.739999771118164,7.739999771118164,174,0.0,0.0
2024-08-26 10:50:00-04:00,7.75,7.75,7.75,7.75,101,0.0,0.0
2024-08-26 11:00:00-04:00,7.760000228881836,7.760000228881836,7.760000228881836,7.760000228881836,107,0.0,0.0
2024-08-26 11:05:00-04:00,7.769999980926514,7.804999828338623,7.71999979019165,7.71999979019165,3945,0.0,0.0
2024-08-26 11:10:00-04:00,7.71999979019165,7.71999979019165,7.689599990844727,7.71999979019165,2382,0.0,0.0
2024-08-26 11:15:00-04:00,7.679999828338623,7.679999828338623,7.679999828338623,7.679999828338623,173,0.0,0.0
2024-08-26 11:25:00-04:00,7.679999828338623,7.679999828338623,7.679999828338623,7.679999828338623,159,0.0,0.0
2024-08-26 11:35:00-04:00,7.670000076293945,7.670000076293945,7.670000076293945,7.670000076293945,275,0.0,0.0
2024-08-26 11:40:00-04:00,7.670499801635742,7.670499801635742,7.599999904632568,7.599999904632568,383,0.0,0.0
2024-08-26 11:45:00-04:00,7.559999942779541,7.559999942779541,7.559999942779541,7.559999942779541,220,0.0,0.0
2024-08-26 11:50:00-04:00,7.599999904632568,7.630000114440918,7.590000152587891,7.630000114440918,1409,0.0,0.0
2024-08-26 12:30:00-04:00,7.590000152587891,7.590000152587891,7.590000152587891,7.590000152587891,136,0.0,0.0
2024-08-26 12:35:00-04:00,7.590000152587891,7.590000152587891,7.590000152587891,7.590000152587891,348,0.0,0.0
2024-08-26 12:45:00-04:00,7.590000152587891,7.590000152587891,7.570000171661377,7.570000171661377,216,0.0,0.0
2024-08-26 12:50:00-04:00,7.59499979019165,7.59499979019165,7.59499979019165,7.59499979019165,113,0.0,0.0
2024-08-26 13:30:00-04:00,7.579999923706055,7.579999923706055,7.570000171661377,7.570000171661377,526,0.0,0.0
2024-08-26 13:45:00-04:00,7.559999942779541,7.559999942779541,7.559999942779541,7.559999942779541,221,0.0,0.0
2024-08-26 14:00:00-04:00,7.505000114440918,7.550000190734863,7.480000019073486,7.519999980926514,1828,0.0,0.0
2024-08-26 14:15:00-04:00,7.480000019073486,7.480000019073486,7.480000019073486,7.480000019073486,114,0.0,0.0
2024-08-26 14:45:00-04:00,7.53000020980835,7.53000020980835,7.53000020980835,7.53000020980835,404,0.0,0.0
2024-08-26 14:55:00-04:00,7.514999866485596,7.514999866485596,7.514999866485596,7.514999866485596,125,0.0,0.0
2024-08-26 15:00:00-04:00,7.514999866485596,7.514999866485596,7.514999866485596,7.514999866485596,153,0.0,0.0
2024-08-26 15:05:00-04:00,7.53000020980835,7.53000020980835,7.510000228881836,7.510000228881836,462,0.0,0.0
2024-08-26 15:25:00-04:00,7.510000228881836,7.510000228881836,7.5,7.5,1316,0.0,0.0
2024-08-26 15:30:00-04:00,7.46999979019165,7.46999979019165,7.460000038146973,7.46999979019165,682,0.0,0.0
2024-08-26 15:35:00-04:00,7.460000038146973,7.46999979019165,7.460000038146973,7.46999979019165,355,0.0,0.0
2024-08-26 15:40:00-04:00,7.46999979019165,7.46999979019165,7.449999809265137,7.449999809265137,757,0.0,0.0
2024-08-26 15:45:00-04:00,7.460000038146973,7.464700222015381,7.449999809265137,7.460000038146973,1150,0.0,0.0
2024-08-26 15:50:00-04:00,7.460000038146973,7.460000038146973,7.434999942779541,7.434999942779541,1799,0.0,0.0
2024-08-26 15:55:00-04:00,7.434999942779541,7.460000038146973,7.420000076293945,7.449999809265137,4870,0.0,0.0
2024-08-27 09:30:00-04:00,7.440000057220459,7.449999809265137,7.400000095367432,7.400000095367432,0,0.0,0.0
2024-08-27 09:55:00-04:00,7.440000057220459,7.690000057220459,7.440000057220459,7.440000057220459,828,0.0,0.0
2024-08-27 10:25:00-04:00,7.505000114440918,7.505000114440918,7.505000114440918,7.505000114440918,350,0.0,0.0
2024-08-27 11:05:00-04:00,7.360000133514404,7.360000133514404,7.360000133514404,7.360000133514404,300,0.0,0.0
2024-08-27 11:15:00-04:00,7.364999771118164,7.364999771118164,7.329999923706055,7.329999923706055,950,0.0,0.0
2024-08-27 11:45:00-04:00,7.324999809265137,7.324999809265137,7.300000190734863,7.300000190734863,2199,0.0,0.0
2024-08-27 11:50:00-04:00,7.28000020980835,7.28000020980835,7.28000020980835,7.28000020980835,208,0.0,0.0
2024-08-27 12:00:00-04:00,7.260000228881836,7.260000228881836,7.241600036621094,7.241600036621094,705,0.0,0.0
2024-08-27 12:25:00-04:00,7.25,7.25,7.21999979019165,7.25,2079,0.0,0.0
2024-08-27 12:30:00-04:00,7.21999979019165,7.21999979019165,7.21999979019165,7.21999979019165,231,0.0,0.0
2024-08-27 12:35:00-04:00,7.264999866485596,7.28000020980835,7.264999866485596,7.264999866485596,616,0.0,0.0
2024-08-27 12:40:00-04:00,7.264999866485596,7.264999866485596,7.264999866485596,7.264999866485596,244,0.0,0.0
2024-08-27 12:55:00-04:00,7.289999961853027,7.324999809265137,7.28000020980835,7.28000020980835,1563,0.0,0.0
2024-08-27 13:00:00-04:00,7.320000171661377,7.340000152587891,7.289999961853027,7.315000057220459,4256,0.0,0.0
2024-08-27 13:10:00-04:00,7.320000171661377,7.320000171661377,7.320000171661377,7.320000171661377,106,0.0,0.0
2024-08-27 13:15:00-04:00,7.320000171661377,7.320000171661377,7.320000171661377,7.320000171661377,280,0.0,0.0
2024-08-27 13:50:00-04:00,7.340000152587891,7.349999904632568,7.340000152587891,7.340000152587891,865,0.0,0.0
2024-08-27 13:55:00-04:00,7.329999923706055,7.329999923706055,7.329999923706055,7.329999923706055,186,0.0,0.0
2024-08-27 14:00:00-04:00,7.329999923706055,7.329999923706055,7.329999923706055,7.329999923706055,296,0.0,0.0
2024-08-27 15:15:00-04:00,7.369999885559082,7.380000114440918,7.369999885559082,7.369999885559082,540,0.0,0.0
2024-08-27 15:20:00-04:00,7.380000114440918,7.380000114440918,7.380000114440918,7.380000114440918,791,0.0,0.0
2024-08-27 15:25:00-04:00,7.360000133514404,7.360000133514404,7.329999923706055,7.329999923706055,968,0.0,0.0
2024-08-27 15:30:00-04:00,7.360000133514404,7.360000133514404,7.360000133514404,7.360000133514404,100,0.0,0.0
2024-08-27 15:35:00-04:00,7.360000133514404,7.360000133514404,7.360000133514404,7.360000133514404,112,0.0,0.0
2024-08-27 15:45:00-04:00,7.349999904632568,7.360000133514404,7.340000152587891,7.340000152587891,868,0.0,0.0
2024-08-27 15:50:00-04:00,7.340000152587891,7.364999771118164,7.329999923706055,7.364999771118164,918,0.0,0.0
2024-08-27 15:55:00-04:00,7.376999855041504,7.380000114440918,7.349999904632568,7.360000133514404,3045,0.0,0.0
2024-08-28 09:30:00-04:00,7.300000190734863,7.300000190734863,7.300000190734863,7.300000190734863,293,0.0,0.0
2024-08-28 09:50:00-04:00,7.360000133514404,7.360000133514404,7.360000133514404,7.360000133514404,527,0.0,0.0
2024-08-28 09:55:00-04:00,7.309999942779541,7.309999942779541,7.309999942779541,7.309999942779541,200,0.0,0.0
2024-08-28 10:00:00-04:00,7.300000190734863,7.300000190734863,7.25,7.25,2072,0.0,0.0
2024-08-28 10:05:00-04:00,7.25,7.25,7.199999809265137,7.25,3599,0.0,0.0
2024-08-28 10:10:00-04:00,7.215000152587891,7.28000020980835,6.920000076293945,7.200099945068359,57166,0.0,0.0
2024-08-28 10:15:00-04:00,7.199999809265137,7.239999771118164,7.190000057220459,7.190000057220459,8133,0.0,0.0
2024-08-28 10:20:00-04:00,7.190000057220459,7.190000057220459,7.190000057220459,7.190000057220459,317,0.0,0.0
2024-08-28 10:25:00-04:00,7.179999828338623,7.179999828338623,7.179999828338623,7.179999828338623,753,0.0,0.0
2024-08-28 10:35:00-04:00,7.159999847412109,7.159999847412109,7.159999847412109,7.159999847412109,278,0.0,0.0
2024-08-28 10:45:00-04:00,7.179500102996826,7.190000057220459,7.179500102996826,7.190000057220459,509,0.0,0.0
2024-08-28 10:55:00-04:00,7.139999866485596,7.139999866485596,7.125,7.125,593,0.0,0.0
2024-08-28 11:05:00-04:00,7.039999961853027,7.039999961853027,7.039999961853027,7.039999961853027,239,0.0,0.0
2024-08-28 11:15:00-04:00,7.010000228881836,7.010000228881836,7.0,7.0,338,0.0,0.0
2024-08-28 11:20:00-04:00,7.0,7.0,7.0,7.0,293,0.0,0.0
2024-08-28 11:30:00-04:00,7.067500114440918,7.067500114440918,7.0,7.000100135803223,2607,0.0,0.0
2024-08-28 11:40:00-04:00,7.010000228881836,7.010000228881836,7.010000228881836,7.010000228881836,743,0.0,0.0
2024-08-28 12:10:00-04:00,7.070000171661377,7.070000171661377,7.010000228881836,7.010000228881836,334,0.0,0.0
2024-08-28 12:25:00-04:00,7.019999980926514,7.019999980926514,6.940000057220459,6.940000057220459,5637,0.0,0.0
2024-08-28 12:30:00-04:00,6.949999809265137,6.989999771118164,6.949999809265137,6.989999771118164,3269,0.0,0.0
2024-08-28 12:35:00-04:00,6.989999771118164,6.989999771118164,6.989999771118164,6.989999771118164,802,0.0,0.0
2024-08-28 12:55:00-04:00,6.980000019073486,6.980000019073486,6.980000019073486,6.980000019073486,303,0.0,0.0
2024-08-28 13:10:00-04:00,6.980000019073486,6.980000019073486,6.96999979019165,6.96999979019165,626,0.0,0.0
2024-08-28 13:15:00-04:00,6.980000019073486,6.980000019073486,6.965000152587891,6.980000019073486,1122,0.0,0.0
2024-08-28 13:20:00-04:00,6.980000019073486,6.980000019073486,6.980000019073486,6.980000019073486,212,0.0,0.0
2024-08-28 13:55:00-04:00,6.980000019073486,6.980000019073486,6.929999828338623,6.929999828338623,1945,0.0,0.0
2024-08-28 14:00:00-04:00,6.929999828338623,6.929999828338623,6.920000076293945,6.920000076293945,1853,0.0,0.0
2024-08-28 14:05:00-04:00,6.920000076293945,6.920000076293945,6.829999923706055,6.84499979019165,7986,0.0,0.0
2024-08-28 14:10:00-04:00,6.820000171661377,6.820000171661377,6.820000171661377,6.820000171661377,105,0.0,0.0
2024-08-28 14:15:00-04:00,6.829999923706055,6.829999923706055,6.820799827575684,6.820799827575684,537,0.0,0.0
2024-08-28 14:30:00-04:00,6.820000171661377,6.840000152587891,6.800000190734863,6.840000152587891,3598,0.0,0.0
2024-08-28 14:35:00-04:00,6.840000152587891,6.900000095367432,6.840000152587891,6.900000095367432,1215,0.0,0.0
2024-08-28 14:40:00-04:00,6.889999866485596,6.920000076293945,6.889999866485596,6.920000076293945,200,0.0,0.0
2024-08-28 14:45:00-04:00,6.885000228881836,6.885000228881836,6.885000228881836,6.885000228881836,101,0.0,0.0
2024-08-28 14:50:00-04:00,6.885000228881836,6.885000228881836,6.885000228881836,6.885000228881836,293,0.0,0.0
2024-08-28 14:55:00-04:00,6.885000228881836,6.885000228881836,6.885000228881836,6.885000228881836,101,0.0,0.0
2024-08-28 15:00:00-04:00,6.875,6.875,6.875,6.875,115,0.0,0.0
2024-08-28 15:05:00-04:00,6.860000133514404,6.925000190734863,6.860000133514404,6.925000190734863,2758,0.0,0.0
2024-08-28 15:10:00-04:00,6.960000038146973,6.960000038146973,6.960000038146973,6.960000038146973,567,0.0,0.0
2024-08-28 15:40:00-04:00,6.900000095367432,6.900000095367432,6.900000095367432,6.900000095367432,714,0.0,0.0
2024-08-28 15:45:00-04:00,6.900000095367432,6.900000095367432,6.880000114440918,6.889999866485596,2772,0.0,0.0
2024-08-28 15:50:00-04:00,6.894999980926514,6.894999980926514,6.869999885559082,6.869999885559082,1340,0.0,0.0
2024-08-28 15:55:00-04:00,6.860000133514404,6.869999885559082,6.800000190734863,6.800000190734863,10315,0.0,0.0
2024-08-29 09:30:00-04:00,6.900000095367432,6.900000095367432,6.800000190734863,6.800000190734863,1496,0.0,0.0
2024-08-29 09:35:00-04:00,6.760000228881836,6.760000228881836,6.760000228881836,6.760000228881836,110,0.0,0.0
2024-08-29 09:40:00-04:00,6.800000190734863,6.800000190734863,6.800000190734863,6.800000190734863,100,0.0,0.0
2024-08-29 09:45:00-04:00,6.75,6.78000020980835,6.75,6.78000020980835,672,0.0,0.0
2024-08-29 09:50:00-04:00,6.75,6.75,6.670000076293945,6.71619987487793,4094,0.0,0.0
2024-08-29 10:05:00-04:00,6.71999979019165,6.760000228881836,6.71999979019165,6.760000228881836,13474,0.0,0.0
2024-08-29 10:10:00-04:00,6.784999847412109,6.789999961853027,6.784999847412109,6.789999961853027,14426,0.0,0.0
2024-08-29 10:15:00-04:00,6.75,6.804999828338623,6.75,6.804999828338623,51920,0.0,0.0
2024-08-29 10:20:00-04:00,6.808599948883057,6.849999904632568,6.804999828338623,6.840000152587891,3331,0.0,0.0
2024-08-29 10:25:00-04:00,6.840000152587891,6.900000095367432,6.840000152587891,6.849999904632568,14931,0.0,0.0
2024-08-29 10:30:00-04:00,6.849999904632568,6.849999904632568,6.849999904632568,6.849999904632568,965,0.0,0.0
2024-08-29 10:35:00-04:00,6.820000171661377,6.849999904632568,6.800000190734863,6.800000190734863,5763,0.0,0.0
2024-08-29 10:45:00-04:00,6.800000190734863,6.800000190734863,6.800000190734863,6.800000190734863,885,0.0,0.0
2024-08-29 10:50:00-04:00,6.769999980926514,6.769999980926514,6.769999980926514,6.769999980926514,154,0.0,0.0
2024-08-29 10:55:00-04:00,6.760000228881836,6.777400016784668,6.760000228881836,6.777400016784668,1143,0.0,0.0
2024-08-29 11:00:00-04:00,6.78000020980835,6.78000020980835,6.760000228881836,6.760000228881836,1500,0.0,0.0
2024-08-29 11:05:00-04:00,6.804999828338623,6.804999828338623,6.804999828338623,6.804999828338623,248,0.0,0.0
2024-08-29 11:15:00-04:00,6.769999980926514,6.769999980926514,6.769999980926514,6.769999980926514,100,0.0,0.0
2024-08-29 11:20:00-04:00,6.78000020980835,6.800000190734863,6.78000020980835,6.800000190734863,484,0.0,0.0
2024-08-29 11:25:00-04:00,6.784999847412109,6.784999847412109,6.784999847412109,6.784999847412109,100,0.0,0.0
2024-08-29 11:30:00-04:00,6.760000228881836,6.769999980926514,6.760000228881836,6.769999980926514,1400,0.0,0.0
2024-08-29 11:35:00-04:00,6.800000190734863,6.800000190734863,6.784999847412109,6.784999847412109,1376,0.0,0.0
2024-08-29 11:45:00-04:00,6.78000020980835,6.78000020980835,6.78000020980835,6.78000020980835,280,0.0,0.0
2024-08-29 11:50:00-04:00,6.769999980926514,6.809999942779541,6.769999980926514,6.800000190734863,3988,0.0,0.0
2024-08-29 11:55:00-04:00,6.860000133514404,6.860000133514404,6.860000133514404,6.860000133514404,1932,0.0,0.0
2024-08-29 12:05:00-04:00,6.804999828338623,6.820000171661377,6.800000190734863,6.820000171661377,2217,0.0,0.0
2024-08-29 12:15:00-04:00,6.789999961853027,6.789999961853027,6.789999961853027,6.789999961853027,216,0.0,0.0
2024-08-29 12:20:00-04:00,6.820000171661377,6.820000171661377,6.800000190734863,6.800000190734863,287,0.0,0.0
2024-08-29 12:25:00-04:00,6.840000152587891,6.840000152587891,6.840000152587891,6.840000152587891,408,0.0,0.0
2024-08-29 12:30:00-04:00,6.789999961853027,6.789999961853027,6.78000020980835,6.78000020980835,303,0.0,0.0
2024-08-29 12:40:00-04:00,6.760000228881836,6.760000228881836,6.760000228881836,6.760000228881836,403,0.0,0.0
2024-08-29 12:50:00-04:00,6.760000228881836,6.769999980926514,6.760000228881836,6.769999980926514,1179,0.0,0.0
2024-08-29 12:55:00-04:00,6.75,6.75,6.75,6.75,100,0.0,0.0
2024-08-29 13:00:00-04:00,6.764999866485596,6.78000020980835,6.764999866485596,6.764999866485596,2303,0.0,0.0
2024-08-29 13:25:00-04:00,6.764999866485596,6.764999866485596,6.75,6.75,2369,0.0,0.0
2024-08-29 13:35:00-04:00,6.75,6.769999980926514,6.75,6.769999980926514,5468,0.0,0.0
2024-08-29 13:50:00-04:00,6.78000020980835,6.78000020980835,6.78000020980835,6.78000020980835,408,0.0,0.0
2024-08-29 14:00:00-04:00,6.75,6.75,6.75,6.75,215,0.0,0.0
2024-08-29 14:10:00-04:00,6.75,6.75,6.75,6.75,8090,0.0,0.0
2024-08-29 14:15:00-04:00,6.75,6.75,6.75,6.75,301,0.0,0.0
2024-08-29 14:20:00-04:00,6.75,6.75,6.75,6.75,101,0.0,0.0
2024-08-29 14:25:00-04:00,6.75,6.75,6.75,6.75,200,0.0,0.0
2024-08-29 14:30:00-04:00,6.75,6.75,6.75,6.75,111,0.0,0.0
2024-08-29 14:35:00-04:00,6.75,6.75,6.75,6.75,1219,0.0,0.0
2024-08-29 14:40:00-04:00,6.75,6.75,6.75,6.75,202,0.0,0.0
2024-08-29 14:45:00-04:00,6.75,6.760000228881836,6.75,6.760000228881836,8022,0.0,0.0
2024-08-29 14:50:00-04:00,6.760000228881836,6.760000228881836,6.760000228881836,6.760000228881836,387,0.0,0.0
2024-08-29 15:00:00-04:00,6.764999866485596,6.804999828338623,6.760000228881836,6.78000020980835,13498,0.0,0.0
2024-08-29 15:05:00-04:00,6.78000020980835,6.78000020980835,6.78000020980835,6.78000020980835,200,0.0,0.0
2024-08-29 15:10:00-04:00,6.760000228881836,6.775000095367432,6.760000228881836,6.760000228881836,425,0.0,0.0
2024-08-29 15:15:00-04:00,6.75,6.75,6.75,6.75,100,0.0,0.0
2024-08-29 15:20:00-04:00,6.775000095367432,6.789999961853027,6.75,6.75,514,0.0,0.0
2024-08-29 15:25:00-04:00,6.75,6.75,6.75,6.75,100,0.0,0.0
2024-08-29 15:30:00-04:00,6.769999980926514,6.800000190734863,6.75,6.800000190734863,2812,0.0,0.0
2024-08-29 15:35:00-04:00,6.800000190734863,6.829999923706055,6.789999961853027,6.800000190734863,2516,0.0,0.0
2024-08-29 15:40:00-04:00,6.804999828338623,6.820000171661377,6.800000190734863,6.800000190734863,4503,0.0,0.0
2024-08-29 15:45:00-04:00,6.800000190734863,6.800000190734863,6.78000020980835,6.78000020980835,1085,0.0,0.0
2024-08-29 15:50:00-04:00,6.769999980926514,6.78000020980835,6.769999980926514,6.78000020980835,1038,0.0,0.0
2024-08-29 15:55:00-04:00,6.789999961853027,6.800000190734863,6.78000020980835,6.800000190734863,6136,0.0,0.0
2024-08-30 09:30:00-04:00,6.840000152587891,6.840000152587891,6.840000152587891,6.840000152587891,932,0.0,0.0
2024-08-30 10:05:00-04:00,6.835000038146973,6.835000038146973,6.835000038146973,6.835000038146973,499,0.0,0.0
2024-08-30 10:25:00-04:00,6.75,6.75,6.75,6.75,140,0.0,0.0
2024-08-30 10:35:00-04:00,6.760000228881836,6.760000228881836,6.75,6.75,630,0.0,0.0
2024-08-30 10:50:00-04:00,6.75,6.75,6.744999885559082,6.75,4048,0.0,0.0
2024-08-30 10:55:00-04:00,6.764999866485596,6.764999866485596,6.764999866485596,6.764999866485596,703,0.0,0.0
2024-08-30 11:00:00-04:00,6.75,6.75,6.75,6.75,104,0.0,0.0
2024-08-30 11:05:00-04:00,6.75,6.75,6.75,6.75,910,0.0,0.0
2024-08-30 11:15:00-04:00,6.7758002281188965,6.78000020980835,6.769199848175049,6.78000020980835,3139,0.0,0.0
2024-08-30 11:25:00-04:00,6.78000020980835,6.78000020980835,6.775000095367432,6.775000095367432,1183,0.0,0.0
2024-08-30 11:30:00-04:00,6.760000228881836,6.760000228881836,6.760000228881836,6.760000228881836,383,0.0,0.0
2024-08-30 12:05:00-04:00,6.730000019073486,6.730000019073486,6.730000019073486,6.730000019073486,100,0.0,0.0
2024-08-30 12:15:00-04:00,6.730000019073486,6.730000019073486,6.730000019073486,6.730000019073486,101,0.0,0.0
2024-08-30 12:30:00-04:00,6.71999979019165,6.71999979019165,6.71999979019165,6.71999979019165,264,0.0,0.0
2024-08-30 12:45:00-04:00,6.71999979019165,6.71999979019165,6.679999828338623,6.679999828338623,1747,0.0,0.0
2024-08-30 13:00:00-04:00,6.659999847412109,6.659999847412109,6.659999847412109,6.659999847412109,100,0.0,0.0
2024-08-30 13:10:00-04:00,6.659999847412109,6.659999847412109,6.659999847412109,6.659999847412109,187,0.0,0.0
2024-08-30 13:15:00-04:00,6.659999847412109,6.659999847412109,6.659999847412109,6.659999847412109,126,0.0,0.0
2024-08-30 13:20:00-04:00,6.659999847412109,6.659999847412109,6.659999847412109,6.659999847412109,424,0.0,0.0
2024-08-30 13:25:00-04:00,6.679999828338623,6.679999828338623,6.679999828338623,6.679999828338623,600,0.0,0.0
2024-08-30 13:35:00-04:00,6.659999847412109,6.659999847412109,6.659999847412109,6.659999847412109,194,0.0,0.0
2024-08-30 13:45:00-04:00,6.675000190734863,6.675000190734863,6.675000190734863,6.675000190734863,380,0.0,0.0
2024-08-30 14:00:00-04:00,6.659999847412109,6.659999847412109,6.659999847412109,6.659999847412109,195,0.0,0.0
2024-08-30 14:05:00-04:00,6.670000076293945,6.690000057220459,6.670000076293945,6.690000057220459,1020,0.0,0.0
2024-08-30 14:20:00-04:00,6.690000057220459,6.690000057220459,6.679999828338623,6.679999828338623,1628,0.0,0.0
2024-08-30 14:45:00-04:00,6.659999847412109,6.659999847412109,6.659999847412109,6.659999847412109,182,0.0,0.0
2024-08-30 14:50:00-04:00,6.659999847412109,6.659999847412109,6.630000114440918,6.630000114440918,2925,0.0,0.0
2024-08-30 14:55:00-04:00,6.630000114440918,6.630000114440918,6.630000114440918,6.630000114440918,242,0.0,0.0
2024-08-30 15:00:00-04:00,6.639999866485596,6.639999866485596,6.639999866485596,6.639999866485596,179,0.0,0.0
2024-08-30 15:05:00-04:00,6.619999885559082,6.619999885559082,6.619999885559082,6.619999885559082,120,0.0,0.0
2024-08-30 15:10:00-04:00,6.610000133514404,6.610000133514404,6.610000133514404,6.610000133514404,202,0.0,0.0
2024-08-30 15:20:00-04:00,6.627799987792969,6.639999866485596,6.610000133514404,6.630000114440918,1895,0.0,0.0
2024-08-30 15:25:00-04:00,6.610000133514404,6.610000133514404,6.610000133514404,6.610000133514404,137,0.0,0.0
2024-08-30 15:30:00-04:00,6.610000133514404,6.610000133514404,6.610000133514404,6.610000133514404,461,0.0,0.0
2024-08-30 15:35:00-04:00,6.599999904632568,6.599999904632568,6.599999904632568,6.599999904632568,2543,0.0,0.0
2024-08-30 15:40:00-04:00,6.590000152587891,6.590000152587891,6.579999923706055,6.579999923706055,485,0.0,0.0
2024-08-30 15:45:00-04:00,6.579999923706055,6.597599983215332,6.579999923706055,6.579999923706055,432,0.0,0.0
2024-08-30 15:50:00-04:00,6.579999923706055,6.610000133514404,6.579999923706055,6.599999904632568,464,0.0,0.0
2024-08-30 15:55:00-04:00,6.590000152587891,6.610000133514404,6.579999923706055,6.579999923706055,4185,0.0,0.0
2024-09-03 09:30:00-04:00,6.5,6.619999885559082,6.5,6.619999885559082,4383,0.0,0.0
2024-09-03 09:35:00-04:00,6.619999885559082,6.619999885559082,6.619999885559082,6.619999885559082,107,0.0,0.0
2024-09-03 09:40:00-04:00,6.650000095367432,6.650000095367432,6.650000095367432,6.650000095367432,200,0.0,0.0
2024-09-03 09:45:00-04:00,6.650000095367432,6.659999847412109,6.614999771118164,6.644999980926514,2045,0.0,0.0
2024-09-03 09:50:00-04:00,6.699999809265137,6.699999809265137,6.639999866485596,6.639999866485596,221,0.0,0.0
2024-09-03 09:55:00-04:00,6.639999866485596,6.639999866485596,6.639999866485596,6.639999866485596,100,0.0,0.0
2024-09-03 10:00:00-04:00,6.639999866485596,6.699999809265137,6.59499979019165,6.59499979019165,3915,0.0,0.0
2024-09-03 10:05:00-04:00,6.610000133514404,6.630000114440918,6.599999904632568,6.630000114440918,607,0.0,0.0
2024-09-03 10:10:00-04:00,6.590000152587891,6.590000152587891,6.590000152587891,6.590000152587891,4754,0.0,0.0
2024-09-03 10:15:00-04:00,6.559999942779541,6.599999904632568,6.559999942779541,6.579999923706055,1558,0.0,0.0
2024-09-03 10:20:00-04:00,6.5731000900268555,6.630000114440918,6.5731000900268555,6.619999885559082,2517,0.0,0.0
2024-09-03 10:25:00-04:00,6.639999866485596,6.639999866485596,6.639999866485596,6.639999866485596,102,0.0,0.0
2024-09-03 10:30:00-04:00,6.650000095367432,6.650000095367432,6.650000095367432,6.650000095367432,257,0.0,0.0
2024-09-03 10:35:00-04:00,6.619999885559082,6.639999866485596,6.619999885559082,6.619999885559082,302,0.0,0.0
2024-09-03 10:40:00-04:00,6.650000095367432,6.650000095367432,6.619999885559082,6.635000228881836,1808,0.0,0.0
2024-09-03 10:45:00-04:00,6.619999885559082,6.65500020980835,6.619999885559082,6.650000095367432,1525,0.0,0.0
2024-09-03 10:50:00-04:00,6.650000095367432,6.650000095367432,6.644999980926514,6.650000095367432,571,0.0,0.0
2024-09-03 10:55:00-04:00,6.639999866485596,6.650000095367432,6.630000114440918,6.650000095367432,514,0.0,0.0
2024-09-03 11:00:00-04:00,6.650000095367432,6.662300109863281,6.650000095367432,6.650000095367432,2586,0.0,0.0
2024-09-03 11:10:00-04:00,6.650000095367432,6.65500020980835,6.639999866485596,6.650000095367432,3707,0.0,0.0
2024-09-03 11:15:00-04:00,6.619999885559082,6.659999847412109,6.619999885559082,6.650000095367432,1977,0.0,0.0
2024-09-03 11:20:00-04:00,6.650000095367432,6.659999847412109,6.630000114440918,6.630000114440918,3639,0.0,0.0
2024-09-03 11:25:00-04:00,6.659999847412109,6.659999847412109,6.639999866485596,6.639999866485596,1301,0.0,0.0
2024-09-03 11:30:00-04:00,6.650000095367432,6.650000095367432,6.650000095367432,6.650000095367432,100,0.0,0.0
2024-09-03 11:35:00-04:00,6.650000095367432,6.659999847412109,6.619999885559082,6.659999847412109,500,0.0,0.0
2024-09-03 11:40:00-04:00,6.639999866485596,6.639999866485596,6.639999866485596,6.639999866485596,100,0.0,0.0
2024-09-03 11:45:00-04:00,6.619999885559082,6.650000095367432,6.619999885559082,6.630000114440918,1118,0.0,0.0
2024-09-03 11:50:00-04:00,6.639999866485596,6.659999847412109,6.635000228881836,6.650000095367432,3200,0.0,0.0
2024-09-03 11:55:00-04:00,6.650000095367432,6.650000095367432,6.650000095367432,6.650000095367432,100,0.0,0.0
2024-09-03 12:00:00-04:00,6.650000095367432,6.650000095367432,6.650000095367432,6.650000095367432,202,0.0,0.0
2024-09-03 12:05:00-04:00,6.659999847412109,6.699999809265137,6.650000095367432,6.695000171661377,4705,0.0,0.0
2024-09-03 12:10:00-04:00,6.699999809265137,6.710000038146973,6.684999942779541,6.699999809265137,11805,0.0,0.0
2024-09-03 12:15:00-04:00,6.704999923706055,6.704999923706055,6.704999923706055,6.704999923706055,110,0.0,0.0
2024-09-03 12:20:00-04:00,6.699999809265137,6.715000152587891,6.699999809265137,6.715000152587891,2126,0.0,0.0
2024-09-03 12:25:00-04:00,6.699999809265137,6.699999809265137,6.699999809265137,6.699999809265137,512,0.0,0.0
2024-09-03 12:30:00-04:00,6.699999809265137,6.699999809265137,6.699999809265137,6.699999809265137,145,0.0,0.0
2024-09-03 12:35:00-04:00,6.690000057220459,6.800000190734863,6.690000057220459,6.800000190734863,8506,0.0,0.0
2024-09-03 12:40:00-04:00,6.840000152587891,6.869900226593018,6.78000020980835,6.789999961853027,615,0.0,0.0
2024-09-03 12:45:00-04:00,6.815000057220459,6.840000152587891,6.809999942779541,6.840000152587891,1480,0.0,0.0
2024-09-03 12:50:00-04:00,6.829999923706055,6.849999904632568,6.829999923706055,6.840000152587891,420,0.0,0.0
2024-09-03 12:55:00-04:00,6.820000171661377,6.835000038146973,6.820000171661377,6.835000038146973,502,0.0,0.0
2024-09-03 13:00:00-04:00,6.840000152587891,6.840000152587891,6.809999942779541,6.829999923706055,1070,0.0,0.0
2024-09-03 13:05:00-04:00,6.815000057220459,6.829999923706055,6.809999942779541,6.809999942779541,1318,0.0,0.0
2024-09-03 13:10:00-04:00,6.809999942779541,6.809999942779541,6.784999847412109,6.800000190734863,3089,0.0,0.0
2024-09-03 13:15:00-04:00,6.789999961853027,6.789999961853027,6.769999980926514,6.769999980926514,400,0.0,0.0
2024-09-03 13:20:00-04:00,6.784999847412109,6.800000190734863,6.78000020980835,6.784999847412109,986,0.0,0.0
2024-09-03 13:25:00-04:00,6.78000020980835,6.78000020980835,6.760000228881836,6.775000095367432,811,0.0,0.0
2024-09-03 13:30:00-04:00,6.760000228881836,6.78000020980835,6.760000228881836,6.78000020980835,863,0.0,0.0
2024-09-03 13:35:00-04:00,6.769999980926514,6.789999961853027,6.769999980926514,6.769999980926514,907,0.0,0.0
2024-09-03 13:40:00-04:00,6.789999961853027,6.789999961853027,6.78000020980835,6.78000020980835,200,0.0,0.0
2024-09-03 13:45:00-04:00,6.800000190734863,6.800000190734863,6.760000228881836,6.760000228881836,353,0.0,0.0
2024-09-03 13:50:00-04:00,6.760000228881836,6.800000190734863,6.75,6.800000190734863,4869,0.0,0.0
2024-09-03 13:55:00-04:00,6.804999828338623,6.804999828338623,6.804999828338623,6.804999828338623,200,0.0,0.0
2024-09-03 14:00:00-04:00,6.800000190734863,6.819900035858154,6.800000190734863,6.800000190734863,1200,0.0,0.0
2024-09-03 14:05:00-04:00,6.800000190734863,6.800000190734863,6.795000076293945,6.795000076293945,200,0.0,0.0
2024-09-03 14:10:00-04:00,6.780200004577637,6.800000190734863,6.78000020980835,6.78000020980835,2900,0.0,0.0
2024-09-03 14:15:00-04:00,6.775000095367432,6.775000095367432,6.75,6.75,555,0.0,0.0
2024-09-03 14:20:00-04:00,6.769999980926514,6.78000020980835,6.769999980926514,6.775000095367432,4954,0.0,0.0
2024-09-03 14:25:00-04:00,6.78000020980835,6.78000020980835,6.769999980926514,6.769999980926514,400,0.0,0.0
2024-09-03 14:30:00-04:00,6.775000095367432,6.775000095367432,6.775000095367432,6.775000095367432,100,0.0,0.0
2024-09-03 14:35:00-04:00,6.760000228881836,6.769999980926514,6.760000228881836,6.769999980926514,650,0.0,0.0
2024-09-03 14:40:00-04:00,6.764999866485596,6.769999980926514,6.75,6.75,4547,0.0,0.0
2024-09-03 14:45:00-04:00,6.764999866485596,6.769999980926514,6.764999866485596,6.764999866485596,6381,0.0,0.0
2024-09-03 14:50:00-04:00,6.75,6.769999980926514,6.75,6.75,550,0.0,0.0
2024-09-03 14:55:00-04:00,6.75,6.760000228881836,6.75,6.755000114440918,3439,0.0,0.0
2024-09-03 15:00:00-04:00,6.755000114440918,6.869999885559082,6.755000114440918,6.840000152587891,6750,0.0,0.0
2024-09-03 15:05:00-04:00,6.869999885559082,6.869999885559082,6.840000152587891,6.840000152587891,200,0.0,0.0
2024-09-03 15:10:00-04:00,6.820000171661377,6.820000171661377,6.820000171661377,6.820000171661377,100,0.0,0.0
2024-09-03 15:15:00-04:00,6.869999885559082,6.869999885559082,6.829999923706055,6.849999904632568,2025,0.0,0.0
2024-09-03 15:20:00-04:00,6.849999904632568,6.849999904632568,6.840000152587891,6.840000152587891,900,0.0,0.0
2024-09-03 15:25:00-04:00,6.84499979019165,6.849999904632568,6.840000152587891,6.849999904632568,1900,0.0,0.0
2024-09-03 15:30:00-04:00,6.849999904632568,6.849999904632568,6.840000152587891,6.840000152587891,300,0.0,0.0
2024-09-03 15:35:00-04:00,6.84499979019165,6.849999904632568,6.820000171661377,6.820000171661377,5015,0.0,0.0
2024-09-03 15:40:00-04:00,6.809999942779541,6.829999923706055,6.809999942779541,6.820000171661377,915,0.0,0.0
2024-09-03 15:45:00-04:00,6.829999923706055,6.829999923706055,6.800000190734863,6.804999828338623,11206,0.0,0.0
2024-09-03 15:50:00-04:00,6.800000190734863,6.880000114440918,6.784999847412109,6.849999904632568,45560,0.0,0.0
2024-09-03 15:55:00-04:00,6.860000133514404,6.869999885559082,6.820000171661377,6.822500228881836,27213,0.0,0.0
2024-09-04 09:40:00-04:00,7.050000190734863,7.050000190734863,7.050000190734863,7.050000190734863,772,0.0,0.0
2024-09-04 09:50:00-04:00,6.885000228881836,6.885000228881836,6.885000228881836,6.885000228881836,133,0.0,0.0
2024-09-04 09:55:00-04:00,6.869999885559082,6.869999885559082,6.869999885559082,6.869999885559082,498,0.0,0.0
2024-09-04 10:15:00-04:00,6.869999885559082,6.869999885559082,6.869999885559082,6.869999885559082,635,0.0,0.0
2024-09-04 10:45:00-04:00,6.809999942779541,6.909999847412109,6.809999942779541,6.909999847412109,5429,0.0,0.0
2024-09-04 10:55:00-04:00,6.809999942779541,6.809999942779541,6.809999942779541,6.809999942779541,2348,0.0,0.0
2024-09-04 11:00:00-04:00,6.800000190734863,6.829999923706055,6.800000190734863,6.829999923706055,699,0.0,0.0
2024-09-04 11:05:00-04:00,6.829999923706055,6.829999923706055,6.829999923706055,6.829999923706055,206,0.0,0.0
2024-09-04 11:10:00-04:00,6.829999923706055,6.829999923706055,6.829999923706055,6.829999923706055,346,0.0,0.0
2024-09-04 11:30:00-04:00,6.900000095367432,6.900000095367432,6.900000095367432,6.900000095367432,5012,0.0,0.0
2024-09-04 11:35:00-04:00,6.820000171661377,6.820000171661377,6.820000171661377,6.820000171661377,112,0.0,0.0
2024-09-04 11:40:00-04:00,6.829999923706055,6.860000133514404,6.829999923706055,6.860000133514404,585,0.0,0.0
2024-09-04 11:45:00-04:00,6.860000133514404,6.927499771118164,6.860000133514404,6.860000133514404,25448,0.0,0.0
2024-09-04 11:50:00-04:00,6.900000095367432,6.900000095367432,6.900000095367432,6.900000095367432,374,0.0,0.0
2024-09-04 11:55:00-04:00,6.900000095367432,6.909999847412109,6.897500038146973,6.909999847412109,3675,0.0,0.0
2024-09-04 12:00:00-04:00,6.900000095367432,6.920000076293945,6.900000095367432,6.909999847412109,3738,0.0,0.0
2024-09-04 12:05:00-04:00,6.909999847412109,6.914999961853027,6.9070000648498535,6.9070000648498535,2814,0.0,0.0
2024-09-04 12:15:00-04:00,6.909999847412109,6.909999847412109,6.900000095367432,6.900000095367432,724,0.0,0.0
2024-09-04 12:20:00-04:00,6.900000095367432,6.900000095367432,6.900000095367432,6.900000095367432,303,0.0,0.0
2024-09-04 12:25:00-04:00,6.900000095367432,6.900000095367432,6.900000095367432,6.900000095367432,138,0.0,0.0
2024-09-04 12:30:00-04:00,7.0,7.010000228881836,6.909999847412109,7.0,12375,0.0,0.0
2024-09-04 13:05:00-04:00,6.945000171661377,6.945000171661377,6.945000171661377,6.945000171661377,397,0.0,0.0
2024-09-04 13:10:00-04:00,6.940000057220459,6.940000057220459,6.909999847412109,6.909999847412109,1230,0.0,0.0
2024-09-04 13:20:00-04:00,6.900000095367432,6.949999809265137,6.900000095367432,6.949999809265137,308,0.0,0.0
2024-09-04 13:30:00-04:00,6.900000095367432,6.900000095367432,6.900000095367432,6.900000095367432,301,0.0,0.0
2024-09-04 13:35:00-04:00,6.900000095367432,6.900000095367432,6.869999885559082,6.900000095367432,8173,0.0,0.0
2024-09-04 13:40:00-04:00,6.900000095367432,6.919899940490723,6.900000095367432,6.900000095367432,3150,0.0,0.0
2024-09-04 13:55:00-04:00,6.900000095367432,6.900000095367432,6.900000095367432,6.900000095367432,672,0.0,0.0
2024-09-04 14:00:00-04:00,6.900000095367432,6.900000095367432,6.900000095367432,6.900000095367432,639,0.0,0.0
2024-09-04 14:10:00-04:00,6.902500152587891,6.902500152587891,6.880000114440918,6.880000114440918,1893,0.0,0.0
2024-09-04 14:15:00-04:00,6.869999885559082,6.869999885559082,6.860000133514404,6.860000133514404,400,0.0,0.0
2024-09-04 14:25:00-04:00,6.860000133514404,6.860000133514404,6.860000133514404,6.860000133514404,169,0.0,0.0
2024-09-04 14:40:00-04:00,6.8979997634887695,6.900000095367432,6.880000114440918,6.880000114440918,1310,0.0,0.0
2024-09-04 14:45:00-04:00,6.869999885559082,6.900000095367432,6.869999885559082,6.889999866485596,2805,0.0,0.0
2024-09-04 15:15:00-04:00,6.889999866485596,6.889999866485596,6.889999866485596,6.889999866485596,100,0.0,0.0
2024-09-04 15:20:00-04:00,6.889999866485596,6.889999866485596,6.889999866485596,6.889999866485596,100,0.0,0.0
2024-09-04 15:25:00-04:00,6.889999866485596,6.889999866485596,6.889999866485596,6.889999866485596,221,0.0,0.0
2024-09-04 15:30:00-04:00,6.889999866485596,6.889999866485596,6.889999866485596,6.889999866485596,263,0.0,0.0
2024-09-04 15:40:00-04:00,6.869999885559082,6.909999847412109,6.869999885559082,6.909999847412109,28818,0.0,0.0
2024-09-04 15:45:00-04:00,6.900000095367432,6.900000095367432,6.900000095367432,6.900000095367432,1409,0.0,0.0
2024-09-04 15:50:00-04:00,6.900000095367432,6.909999847412109,6.880000114440918,6.880000114440918,4533,0.0,0.0
2024-09-04 15:55:00-04:00,6.894999980926514,6.914999961853027,6.894999980926514,6.900000095367432,20351,0.0,0.0
2024-09-05 09:30:00-04:00,6.880000114440918,6.880000114440918,6.880000114440918,6.880000114440918,502,0.0,0.0
2024-09-05 09:50:00-04:00,6.900000095367432,7.065000057220459,6.880000114440918,6.885000228881836,1808,0.0,0.0
2024-09-05 09:55:00-04:00,6.965000152587891,6.965000152587891,6.965000152587891,6.965000152587891,387,0.0,0.0
2024-09-05 10:20:00-04:00,6.954999923706055,6.965000152587891,6.889999866485596,6.889999866485596,1966,0.0,0.0
2024-09-05 10:25:00-04:00,6.909999847412109,6.909999847412109,6.869999885559082,6.869999885559082,1056,0.0,0.0
2024-09-05 10:40:00-04:00,6.869999885559082,6.869999885559082,6.849999904632568,6.869999885559082,5472,0.0,0.0
2024-09-05 10:55:00-04:00,6.789999961853027,6.860000133514404,6.789999961853027,6.860000133514404,10851,0.0,0.0
2024-09-05 11:00:00-04:00,6.849999904632568,6.860000133514404,6.849999904632568,6.849999904632568,2262,0.0,0.0
2024-09-05 11:10:00-04:00,6.849999904632568,6.849999904632568,6.849999904632568,6.849999904632568,103,0.0,0.0
2024-09-05 11:20:00-04:00,6.860000133514404,6.860000133514404,6.860000133514404,6.860000133514404,0,0.0,0.0
2024-09-05 11:25:00-04:00,6.860000133514404,6.860000133514404,6.860000133514404,6.860000133514404,26510,0.0,0.0
2024-09-05 11:35:00-04:00,6.849999904632568,6.860000133514404,6.849999904632568,6.857800006866455,1905,0.0,0.0
2024-09-05 11:40:00-04:00,6.855000019073486,6.855000019073486,6.855000019073486,6.855000019073486,113,0.0,0.0
2024-09-05 11:50:00-04:00,6.860000133514404,6.860000133514404,6.860000133514404,6.860000133514404,251,0.0,0.0
2024-09-05 12:00:00-04:00,6.849999904632568,6.849999904632568,6.804999828338623,6.804999828338623,2817,0.0,0.0
2024-09-05 12:05:00-04:00,6.809999942779541,6.809999942779541,6.809999942779541,6.809999942779541,100,0.0,0.0
2024-09-05 12:10:00-04:00,6.815000057220459,6.815000057220459,6.800000190734863,6.800000190734863,610,0.0,0.0
2024-09-05 12:35:00-04:00,6.800000190734863,6.800000190734863,6.800000190734863,6.800000190734863,417,0.0,0.0
2024-09-05 12:50:00-04:00,6.800000190734863,6.829999923706055,6.800000190734863,6.820000171661377,3706,0.0,0.0
2024-09-05 12:55:00-04:00,6.809999942779541,6.809999942779541,6.809999942779541,6.809999942779541,200,0.0,0.0
2024-09-05 13:15:00-04:00,6.800000190734863,6.800000190734863,6.800000190734863,6.800000190734863,350,0.0,0.0
2024-09-05 13:20:00-04:00,6.804999828338623,6.804999828338623,6.804999828338623,6.804999828338623,101,0.0,0.0
2024-09-05 13:25:00-04:00,6.800000190734863,6.800000190734863,6.800000190734863,6.800000190734863,146,0.0,0.0
2024-09-05 13:30:00-04:00,6.804999828338623,6.824999809265137,6.804999828338623,6.824999809265137,501,0.0,0.0
2024-09-05 13:45:00-04:00,6.800000190734863,6.800000190734863,6.800000190734863,6.800000190734863,7384,0.0,0.0
2024-09-05 13:50:00-04:00,6.800000190734863,6.800000190734863,6.769999980926514,6.78000020980835,3172,0.0,0.0
2024-09-05 14:20:00-04:00,6.789999961853027,6.800000190734863,6.789999961853027,6.800000190734863,569,0.0,0.0
2024-09-05 14:45:00-04:00,6.789999961853027,6.789999961853027,6.789999961853027,6.789999961853027,110,0.0,0.0
2024-09-05 14:50:00-04:00,6.800000190734863,6.800000190734863,6.789999961853027,6.789999961853027,200,0.0,0.0
2024-09-05 14:55:00-04:00,6.78000020980835,6.78000020980835,6.78000020980835,6.78000020980835,298,0.0,0.0
2024-09-05 15:15:00-04:00,6.78000020980835,6.78000020980835,6.78000020980835,6.78000020980835,265,0.0,0.0
2024-09-05 15:20:00-04:00,6.769999980926514,6.78000020980835,6.769999980926514,6.78000020980835,536,0.0,0.0
2024-09-05 15:30:00-04:00,6.784999847412109,6.784999847412109,6.78000020980835,6.78000020980835,1414,0.0,0.0
2024-09-05 15:35:00-04:00,6.78000020980835,6.784999847412109,6.769999980926514,6.784999847412109,2677,0.0,0.0
2024-09-05 15:40:00-04:00,6.769999980926514,6.78000020980835,6.769999980926514,6.78000020980835,1408,0.0,0.0
2024-09-05 15:45:00-04:00,6.770299911499023,6.800000190734863,6.770299911499023,6.789999961853027,1127,0.0,0.0
2024-09-05 15:50:00-04:00,6.78000020980835,6.809999942779541,6.769999980926514,6.800000190734863,2431,0.0,0.0
2024-09-05 15:55:00-04:00,6.804999828338623,6.804999828338623,6.800000190734863,6.800000190734863,2241,0.0,0.0
2024-09-06 09:40:00-04:00,6.789999961853027,6.789999961853027,6.789999961853027,6.789999961853027,403,0.0,0.0
2024-09-06 10:10:00-04:00,6.800000190734863,6.84499979019165,6.800000190734863,6.840000152587891,1597,0.0,0.0
2024-09-06 10:15:00-04:00,6.820000171661377,6.820000171661377,6.820000171661377,6.820000171661377,765,0.0,0.0
2024-09-06 10:25:00-04:00,6.800000190734863,6.809999942779541,6.800000190734863,6.804999828338623,4722,0.0,0.0
2024-09-06 10:30:00-04:00,6.75,6.75,6.75,6.75,300,0.0,0.0
2024-09-06 10:35:00-04:00,6.75,6.75,6.75,6.75,608,0.0,0.0
2024-09-06 10:40:00-04:00,6.75,6.769999980926514,6.75,6.755000114440918,3630,0.0,0.0
2024-09-06 10:45:00-04:00,6.75,6.760000228881836,6.735000133514404,6.760000228881836,7113,0.0,0.0
2024-09-06 10:50:00-04:00,6.75,6.75,6.75,6.75,328,0.0,0.0
2024-09-06 11:00:00-04:00,6.760000228881836,6.769999980926514,6.760000228881836,6.769999980926514,630,0.0,0.0
2024-09-06 11:40:00-04:00,6.784999847412109,6.784999847412109,6.784999847412109,6.784999847412109,890,0.0,0.0
2024-09-06 11:55:00-04:00,6.769999980926514,6.769999980926514,6.769999980926514,6.769999980926514,239,0.0,0.0
2024-09-06 12:00:00-04:00,6.75,6.769999980926514,6.75,6.769999980926514,11441,0.0,0.0
2024-09-06 12:05:00-04:00,6.769999980926514,6.769999980926514,6.747499942779541,6.760000228881836,5029,0.0,0.0
2024-09-06 12:10:00-04:00,6.760000228881836,6.78000020980835,6.760000228881836,6.78000020980835,1617,0.0,0.0
2024-09-06 12:20:00-04:00,6.784999847412109,6.785999774932861,6.784999847412109,6.785999774932861,1110,0.0,0.0
2024-09-06 12:25:00-04:00,6.789999961853027,6.789999961853027,6.784999847412109,6.784999847412109,202,0.0,0.0
2024-09-06 12:30:00-04:00,6.784999847412109,6.784999847412109,6.784999847412109,6.784999847412109,1000,0.0,0.0
2024-09-06 12:35:00-04:00,6.789999961853027,6.789999961853027,6.789999961853027,6.789999961853027,224,0.0,0.0
2024-09-06 12:45:00-04:00,6.800000190734863,6.800000190734863,6.789999961853027,6.800000190734863,933,0.0,0.0
2024-09-06 12:55:00-04:00,6.800000190734863,6.800000190734863,6.800000190734863,6.800000190734863,375,0.0,0.0
2024-09-06 13:15:00-04:00,6.800000190734863,6.800000190734863,6.769999980926514,6.78000020980835,4283,0.0,0.0
2024-09-06 13:30:00-04:00,6.775000095367432,6.78000020980835,6.764999866485596,6.78000020980835,3331,0.0,0.0
2024-09-06 13:45:00-04:00,6.78000020980835,6.78000020980835,6.78000020980835,6.78000020980835,379,0.0,0.0
2024-09-06 14:10:00-04:00,6.789999961853027,6.789999961853027,6.78000020980835,6.78000020980835,405,0.0,0.0
2024-09-06 15:10:00-04:00,6.78000020980835,6.800000190734863,6.78000020980835,6.800000190734863,15039,0.0,0.0
2024-09-06 15:15:00-04:00,6.800000190734863,6.800000190734863,6.800000190734863,6.800000190734863,975,0.0,0.0
2024-09-06 15:20:00-04:00,6.789999961853027,6.789999961853027,6.789999961853027,6.789999961853027,1000,0.0,0.0
2024-09-06 15:25:00-04:00,6.800000190734863,6.809999942779541,6.775000095367432,6.804999828338623,13471,0.0,0.0
2024-09-06 15:30:00-04:00,6.809999942779541,6.809999942779541,6.789999961853027,6.789999961853027,1944,0.0,0.0
2024-09-06 15:35:00-04:00,6.78000020980835,6.789899826049805,6.78000020980835,6.78000020980835,1813,0.0,0.0
2024-09-06 15:40:00-04:00,6.769999980926514,6.769999980926514,6.769999980926514,6.769999980926514,769,0.0,0.0
2024-09-06 15:45:00-04:00,6.769999980926514,6.779799938201904,6.769999980926514,6.775000095367432,1006,0.0,0.0
2024-09-06 15:50:00-04:00,6.784999847412109,6.804999828338623,6.784999847412109,6.800000190734863,12363,0.0,0.0
2024-09-06 15:55:00-04:00,6.800000190734863,6.800000190734863,6.757999897003174,6.760000228881836,6496,0.0,0.0
2024-09-09 09:30:00-04:00,6.739999771118164,6.944300174713135,6.739999771118164,6.824999809265137,0,0.0,0.0
2024-09-09 09:35:00-04:00,6.699999809265137,6.699999809265137,6.699999809265137,6.699999809265137,843,0.0,0.0
2024-09-09 10:00:00-04:00,6.909999847412109,6.920000076293945,6.800000190734863,6.800000190734863,641,0.0,0.0
2024-09-09 10:25:00-04:00,6.789999961853027,6.789999961853027,6.789999961853027,6.789999961853027,120,0.0,0.0
2024-09-09 10:55:00-04:00,6.78000020980835,6.78000020980835,6.78000020980835,6.78000020980835,619,0.0,0.0
2024-09-09 11:00:00-04:00,6.710000038146973,6.710000038146973,6.710000038146973,6.710000038146973,633,0.0,0.0
2024-09-09 11:10:00-04:00,6.699999809265137,6.699999809265137,6.690000057220459,6.690000057220459,668,0.0,0.0
2024-09-09 11:20:00-04:00,6.699999809265137,6.699999809265137,6.699999809265137,6.699999809265137,142,0.0,0.0
2024-09-09 11:35:00-04:00,6.690000057220459,6.690000057220459,6.690000057220459,6.690000057220459,256,0.0,0.0
2024-09-09 11:45:00-04:00,6.690000057220459,6.699999809265137,6.679999828338623,6.679999828338623,5820,0.0,0.0
2024-09-09 11:50:00-04:00,6.699999809265137,6.699999809265137,6.692699909210205,6.692699909210205,2486,0.0,0.0
2024-09-09 12:05:00-04:00,6.699999809265137,6.699999809265137,6.699999809265137,6.699999809265137,100,0.0,0.0
2024-09-09 12:10:00-04:00,6.699999809265137,6.704999923706055,6.699999809265137,6.704999923706055,2054,0.0,0.0
2024-09-09 12:20:00-04:00,6.699999809265137,6.710000038146973,6.697500228881836,6.697500228881836,9226,0.0,0.0
2024-09-09 12:25:00-04:00,6.715000152587891,6.71999979019165,6.710000038146973,6.715000152587891,2012,0.0,0.0
2024-09-09 12:35:00-04:00,6.699999809265137,6.710000038146973,6.699999809265137,6.710000038146973,842,0.0,0.0
2024-09-09 12:40:00-04:00,6.71999979019165,6.769999980926514,6.710000038146973,6.71999979019165,5523,0.0,0.0
2024-09-09 12:45:00-04:00,6.71750020980835,6.71999979019165,6.715000152587891,6.71999979019165,1357,0.0,0.0
2024-09-09 12:50:00-04:00,6.71750020980835,6.71750020980835,6.71750020980835,6.71750020980835,109,0.0,0.0
2024-09-09 12:55:00-04:00,6.710000038146973,6.710000038146973,6.710000038146973,6.710000038146973,131,0.0,0.0
2024-09-09 13:00:00-04:00,6.699999809265137,6.699999809265137,6.699999809265137,6.699999809265137,335,0.0,0.0
2024-09-09 13:05:00-04:00,6.704999923706055,6.704999923706055,6.704999923706055,6.704999923706055,132,0.0,0.0
2024-09-09 13:15:00-04:00,6.699999809265137,6.710000038146973,6.695000171661377,6.710000038146973,1615,0.0,0.0
2024-09-09 13:25:00-04:00,6.710000038146973,6.710000038146973,6.704999923706055,6.704999923706055,1427,0.0,0.0
2024-09-09 13:30:00-04:00,6.710000038146973,6.710000038146973,6.710000038146973,6.710000038146973,390,0.0,0.0
2024-09-09 13:35:00-04:00,6.710000038146973,6.710000038146973,6.704999923706055,6.710000038146973,1488,0.0,0.0
2024-09-09 13:45:00-04:00,6.699999809265137,6.710000038146973,6.699999809265137,6.710000038146973,1511,0.0,0.0
2024-09-09 13:50:00-04:00,6.704999923706055,6.704999923706055,6.704999923706055,6.704999923706055,156,0.0,0.0
2024-09-09 13:55:00-04:00,6.707499980926514,6.710000038146973,6.704999923706055,6.710000038146973,2048,0.0,0.0
2024-09-09 14:00:00-04:00,6.704999923706055,6.710000038146973,6.704999923706055,6.710000038146973,1645,0.0,0.0
2024-09-09 14:10:00-04:00,6.710000038146973,6.710000038146973,6.699999809265137,6.699999809265137,2310,0.0,0.0
2024-09-09 14:15:00-04:00,6.699999809265137,6.699999809265137,6.699999809265137,6.699999809265137,201,0.0,0.0
2024-09-09 14:20:00-04:00,6.710000038146973,6.71999979019165,6.704999923706055,6.71999979019165,4051,0.0,0.0
2024-09-09 14:25:00-04:00,6.71999979019165,6.71999979019165,6.71999979019165,6.71999979019165,200,0.0,0.0
2024-09-09 14:35:00-04:00,6.71999979019165,6.760000228881836,6.71999979019165,6.75,5136,0.0,0.0
2024-09-09 14:40:00-04:00,6.75,6.75,6.75,6.75,309,0.0,0.0
2024-09-09 14:50:00-04:00,6.75,6.75,6.739999771118164,6.75,5965,0.0,0.0
2024-09-09 14:55:00-04:00,6.71999979019165,6.71999979019165,6.71999979019165,6.71999979019165,1115,0.0,0.0
2024-09-09 15:05:00-04:00,6.71999979019165,6.71999979019165,6.71999979019165,6.71999979019165,131,0.0,0.0
2024-09-09 15:15:00-04:00,6.710000038146973,6.710000038146973,6.710000038146973,6.710000038146973,808,0.0,0.0
2024-09-09 15:25:00-04:00,6.699999809265137,6.699999809265137,6.699999809265137,6.699999809265137,512,0.0,0.0
2024-09-09 15:40:00-04:00,6.690000057220459,6.739999771118164,6.690000057220459,6.724999904632568,6301,0.0,0.0
2024-09-09 15:45:00-04:00,6.71999979019165,6.75,6.71999979019165,6.730000019073486,3574,0.0,0.0
2024-09-09 15:50:00-04:00,6.71999979019165,6.71999979019165,6.699999809265137,6.699999809265137,1926,0.0,0.0
2024-09-09 15:55:00-04:00,6.699999809265137,6.710000038146973,6.699999809265137,6.699999809265137,3280,0.0,0.0
2024-09-10 09:30:00-04:00,6.71999979019165,6.71999979019165,6.71999979019165,6.71999979019165,505,0.0,0.0
2024-09-10 09:40:00-04:00,6.699999809265137,6.699999809265137,6.699999809265137,6.699999809265137,926,0.0,0.0
2024-09-10 09:45:00-04:00,6.699999809265137,6.699999809265137,6.699999809265137,6.699999809265137,134,0.0,0.0
2024-09-10 09:55:00-04:00,6.710000038146973,6.71999979019165,6.710000038146973,6.710000038146973,3159,0.0,0.0
2024-09-10 10:05:00-04:00,6.71999979019165,6.71999979019165,6.71999979019165,6.71999979019165,7756,0.0,0.0
2024-09-10 10:10:00-04:00,6.699999809265137,6.699999809265137,6.699999809265137,6.699999809265137,426,0.0,0.0
2024-09-10 10:15:00-04:00,6.699999809265137,6.699999809265137,6.679999828338623,6.699999809265137,3651,0.0,0.0
2024-09-10 10:20:00-04:00,6.699999809265137,6.699999809265137,6.699999809265137,6.699999809265137,700,0.0,0.0
2024-09-10 10:25:00-04:00,6.699999809265137,6.699999809265137,6.699999809265137,6.699999809265137,301,0.0,0.0
2024-09-10 10:30:00-04:00,6.71999979019165,6.71999979019165,6.71999979019165,6.71999979019165,4258,0.0,0.0
2024-09-10 10:40:00-04:00,6.742499828338623,6.742499828338623,6.742499828338623,6.742499828338623,149,0.0,0.0
2024-09-10 10:45:00-04:00,6.739999771118164,6.75,6.739999771118164,6.739999771118164,781,0.0,0.0
2024-09-10 10:50:00-04:00,6.730000019073486,6.730000019073486,6.71999979019165,6.730000019073486,938,0.0,0.0
2024-09-10 11:05:00-04:00,6.71999979019165,6.739999771118164,6.71999979019165,6.730000019073486,2528,0.0,0.0
2024-09-10 11:20:00-04:00,6.71999979019165,6.739999771118164,6.71999979019165,6.71999979019165,790,0.0,0.0
2024-09-10 11:25:00-04:00,6.71999979019165,6.71999979019165,6.71999979019165,6.71999979019165,601,0.0,0.0
2024-09-10 11:30:00-04:00,6.724999904632568,6.724999904632568,6.71999979019165,6.71999979019165,301,0.0,0.0
2024-09-10 11:35:00-04:00,6.730000019073486,6.730000019073486,6.71999979019165,6.71999979019165,1124,0.0,0.0
2024-09-10 11:50:00-04:00,6.71999979019165,6.71999979019165,6.71999979019165,6.71999979019165,1489,0.0,0.0
2024-09-10 11:55:00-04:00,6.71999979019165,6.71999979019165,6.71999979019165,6.71999979019165,510,0.0,0.0
2024-09-10 12:00:00-04:00,6.71999979019165,6.724999904632568,6.71999979019165,6.724999904632568,400,0.0,0.0
2024-09-10 12:05:00-04:00,6.730000019073486,6.730000019073486,6.730000019073486,6.730000019073486,980,0.0,0.0
2024-09-10 12:15:00-04:00,6.71999979019165,6.71999979019165,6.71999979019165,6.71999979019165,601,0.0,0.0
2024-09-10 12:25:00-04:00,6.739999771118164,6.75,6.71999979019165,6.724999904632568,4584,0.0,0.0
2024-09-10 12:35:00-04:00,6.739999771118164,6.75,6.71999979019165,6.75,1011,0.0,0.0
2024-09-10 12:45:00-04:00,6.75,6.75,6.75,6.75,110,0.0,0.0
2024-09-10 12:55:00-04:00,6.75,6.75,6.75,6.75,5300,0.0,0.0
2024-09-10 13:05:00-04:00,6.75,6.78000020980835,6.75,6.78000020980835,22563,0.0,0.0
2024-09-10 13:10:00-04:00,6.78000020980835,6.78000020980835,6.769999980926514,6.78000020980835,318,0.0,0.0
2024-09-10 13:15:00-04:00,6.769999980926514,6.769999980926514,6.75,6.75,337,0.0,0.0
2024-09-10 13:20:00-04:00,6.760000228881836,6.760000228881836,6.760000228881836,6.760000228881836,1241,0.0,0.0
2024-09-10 13:35:00-04:00,6.75,6.75,6.75,6.75,106,0.0,0.0
2024-09-10 13:40:00-04:00,6.75,6.75,6.739999771118164,6.75,5879,0.0,0.0
2024-09-10 13:55:00-04:00,6.75,6.75,6.75,6.75,3124,0.0,0.0
2024-09-10 14:05:00-04:00,6.760000228881836,6.760000228881836,6.760000228881836,6.760000228881836,100,0.0,0.0
2024-09-10 14:15:00-04:00,6.730000019073486,6.730000019073486,6.730000019073486,6.730000019073486,100,0.0,0.0
2024-09-10 14:25:00-04:00,6.749899864196777,6.75,6.749899864196777,6.75,2430,0.0,0.0
2024-09-10 14:30:00-04:00,6.75,6.820000171661377,6.75,6.820000171661377,20200,0.0,0.0
2024-09-10 14:35:00-04:00,6.820000171661377,6.820000171661377,6.800000190734863,6.800000190734863,1196,0.0,0.0
2024-09-10 14:40:00-04:00,6.820000171661377,6.820000171661377,6.800000190734863,6.800000190734863,979,0.0,0.0
2024-09-10 14:45:00-04:00,6.820000171661377,6.820000171661377,6.820000171661377,6.820000171661377,410,0.0,0.0
2024-09-10 14:50:00-04:00,6.824999809265137,6.824999809265137,6.800000190734863,6.800000190734863,2151,0.0,0.0
2024-09-10 14:55:00-04:00,6.789999961853027,6.789999961853027,6.789999961853027,6.789999961853027,100,0.0,0.0
2024-09-10 15:00:00-04:00,6.809899806976318,6.809899806976318,6.789999961853027,6.800000190734863,2600,0.0,0.0
2024-09-10 15:10:00-04:00,6.789999961853027,6.789999961853027,6.789999961853027,6.789999961853027,182,0.0,0.0
2024-09-10 15:15:00-04:00,6.78000020980835,6.78000020980835,6.78000020980835,6.78000020980835,700,0.0,0.0
2024-09-10 15:20:00-04:00,6.800000190734863,6.800000190734863,6.800000190734863,6.800000190734863,852,0.0,0.0
2024-09-10 15:25:00-04:00,6.800000190734863,6.800000190734863,6.789999961853027,6.789999961853027,388,0.0,0.0
2024-09-10 15:30:00-04:00,6.800000190734863,6.800000190734863,6.800000190734863,6.800000190734863,300,0.0,0.0
2024-09-10 15:35:00-04:00,6.800000190734863,6.809999942779541,6.800000190734863,6.809999942779541,2039,0.0,0.0
2024-09-10 15:40:00-04:00,6.800000190734863,6.849999904632568,6.800000190734863,6.849999904632568,19168,0.0,0.0
2024-09-10 15:45:00-04:00,6.849999904632568,6.860000133514404,6.840000152587891,6.840000152587891,977,0.0,0.0
2024-09-10 15:50:00-04:00,6.829999923706055,6.829999923706055,6.804999828338623,6.809999942779541,1885,0.0,0.0
2024-09-10 15:55:00-04:00,6.809999942779541,6.820000171661377,6.789999961853027,6.789999961853027,21524,0.0,0.0
2024-09-11 09:30:00-04:00,6.78000020980835,6.78000020980835,6.78000020980835,6.78000020980835,0,0.0,0.0
2024-09-11 09:35:00-04:00,6.928100109100342,6.928100109100342,6.928100109100342,6.928100109100342,10000,0.0,0.0
2024-09-11 09:40:00-04:00,6.869999885559082,6.869999885559082,6.869999885559082,6.869999885559082,1364,0.0,0.0
2024-09-11 10:40:00-04:00,6.920000076293945,6.920000076293945,6.920000076293945,6.920000076293945,1000,0.0,0.0
2024-09-11 10:45:00-04:00,6.860000133514404,6.869999885559082,6.849999904632568,6.869999885559082,5611,0.0,0.0
2024-09-11 10:50:00-04:00,6.860000133514404,6.860000133514404,6.860000133514404,6.860000133514404,100,0.0,0.0
2024-09-11 11:00:00-04:00,6.840000152587891,6.840000152587891,6.840000152587891,6.840000152587891,300,0.0,0.0
2024-09-11 11:05:00-04:00,6.869999885559082,6.869999885559082,6.840000152587891,6.840000152587891,24661,0.0,0.0
2024-09-11 11:20:00-04:00,6.855000019073486,6.855000019073486,6.855000019073486,6.855000019073486,351,0.0,0.0
2024-09-11 11:25:00-04:00,6.855000019073486,6.855000019073486,6.840000152587891,6.849999904632568,1410,0.0,0.0
2024-09-11 11:30:00-04:00,6.849999904632568,6.849999904632568,6.849999904632568,6.849999904632568,484,0.0,0.0
2024-09-11 11:35:00-04:00,6.849999904632568,6.849999904632568,6.849999904632568,6.849999904632568,555,0.0,0.0
2024-09-11 11:40:00-04:00,6.860000133514404,6.909999847412109,6.860000133514404,6.900000095367432,21727,0.0,0.0
2024-09-11 11:45:00-04:00,6.900000095367432,6.900000095367432,6.889999866485596,6.889999866485596,258,0.0,0.0
2024-09-11 11:55:00-04:00,6.900000095367432,6.914999961853027,6.900000095367432,6.900000095367432,4445,0.0,0.0
2024-09-11 12:00:00-04:00,6.929500102996826,7.03000020980835,6.929500102996826,7.03000020980835,3977,0.0,0.0
2024-09-11 12:10:00-04:00,7.079999923706055,7.079999923706055,7.079999923706055,7.079999923706055,130,0.0,0.0
2024-09-11 12:15:00-04:00,7.050000190734863,7.059999942779541,7.050000190734863,7.050000190734863,785,0.0,0.0
2024-09-11 12:25:00-04:00,7.039999961853027,7.039999961853027,7.039999961853027,7.039999961853027,1061,0.0,0.0
2024-09-11 12:40:00-04:00,7.039999961853027,7.059999942779541,7.014999866485596,7.019999980926514,13842,0.0,0.0
2024-09-11 12:45:00-04:00,7.03000020980835,7.03000020980835,7.010000228881836,7.010000228881836,231,0.0,0.0
2024-09-11 12:50:00-04:00,7.03000020980835,7.050000190734863,7.03000020980835,7.03000020980835,2122,0.0,0.0
2024-09-11 12:55:00-04:00,7.050000190734863,7.050000190734863,7.019999980926514,7.039999961853027,3700,0.0,0.0
2024-09-11 13:00:00-04:00,7.050000190734863,7.050000190734863,7.03000020980835,7.039000034332275,2145,0.0,0.0
2024-09-11 13:05:00-04:00,7.030099868774414,7.034999847412109,7.030099868774414,7.034999847412109,1100,0.0,0.0
2024-09-11 13:10:00-04:00,7.03000020980835,7.070000171661377,7.03000020980835,7.059999942779541,9014,0.0,0.0
2024-09-11 13:15:00-04:00,7.070000171661377,7.070000171661377,7.039999961853027,7.050000190734863,2690,0.0,0.0
2024-09-11 13:25:00-04:00,7.039999961853027,7.039999961853027,7.039999961853027,7.039999961853027,100,0.0,0.0
2024-09-11 13:30:00-04:00,7.050000190734863,7.159999847412109,7.050000190734863,7.099999904632568,40962,0.0,0.0
2024-09-11 13:35:00-04:00,7.114999771118164,7.119999885559082,7.099999904632568,7.119999885559082,7675,0.0,0.0
2024-09-11 13:40:00-04:00,7.110000133514404,7.110000133514404,7.110000133514404,7.110000133514404,916,0.0,0.0
2024-09-11 13:45:00-04:00,7.099999904632568,7.114999771118164,7.090000152587891,7.099999904632568,34825,0.0,0.0
2024-09-11 13:50:00-04:00,7.110000133514404,7.139999866485596,7.099999904632568,7.130000114440918,6260,0.0,0.0
2024-09-11 13:55:00-04:00,7.119999885559082,7.132500171661377,7.099999904632568,7.099999904632568,1440,0.0,0.0
2024-09-11 14:00:00-04:00,7.105000019073486,7.110000133514404,7.099999904632568,7.110000133514404,650,0.0,0.0
2024-09-11 14:05:00-04:00,7.119999885559082,7.139999866485596,7.110000133514404,7.114999771118164,3092,0.0,0.0
2024-09-11 14:10:00-04:00,7.110000133514404,7.110000133514404,7.110000133514404,7.110000133514404,107,0.0,0.0
2024-09-11 14:15:00-04:00,7.110000133514404,7.110000133514404,7.110000133514404,7.110000133514404,411,0.0,0.0
2024-09-11 14:20:00-04:00,7.094799995422363,7.094799995422363,7.094799995422363,7.094799995422363,650,0.0,0.0
2024-09-11 14:25:00-04:00,7.090000152587891,7.090000152587891,7.090000152587891,7.090000152587891,654,0.0,0.0
2024-09-11 14:30:00-04:00,7.090000152587891,7.090000152587891,7.090000152587891,7.090000152587891,354,0.0,0.0
2024-09-11 14:50:00-04:00,7.090000152587891,7.090000152587891,7.090000152587891,7.090000152587891,419,0.0,0.0
2024-09-11 15:00:00-04:00,7.079999923706055,7.090000152587891,7.079999923706055,7.090000152587891,276,0.0,0.0
2024-09-11 15:05:00-04:00,7.079999923706055,7.079999923706055,7.079999923706055,7.079999923706055,237,0.0,0.0
2024-09-11 15:10:00-04:00,7.090000152587891,7.090000152587891,7.079999923706055,7.079999923706055,320,0.0,0.0
2024-09-11 15:15:00-04:00,7.079999923706055,7.079999923706055,7.079999923706055,7.079999923706055,700,0.0,0.0
2024-09-11 15:20:00-04:00,7.079999923706055,7.090000152587891,7.079999923706055,7.079999923706055,1612,0.0,0.0
2024-09-11 15:25:00-04:00,7.079999923706055,7.079999923706055,7.059999942779541,7.059999942779541,1046,0.0,0.0
2024-09-11 15:30:00-04:00,7.059999942779541,7.070000171661377,7.059999942779541,7.070000171661377,900,0.0,0.0
2024-09-11 15:40:00-04:00,7.065000057220459,7.070000171661377,7.065000057220459,7.070000171661377,432,0.0,0.0
2024-09-11 15:45:00-04:00,7.065000057220459,7.070000171661377,7.065000057220459,7.065000057220459,1382,0.0,0.0
2024-09-11 15:50:00-04:00,7.065000057220459,7.065000057220459,7.065000057220459,7.065000057220459,678,0.0,0.0
2024-09-11 15:55:00-04:00,7.070000171661377,7.070000171661377,7.0,7.0,54436,0.0,0.0
2024-09-12 09:30:00-04:00,7.070000171661377,7.070000171661377,7.070000171661377,7.070000171661377,0,0.0,0.0
2024-09-12 09:50:00-04:00,7.059999942779541,7.059999942779541,7.059999942779541,7.059999942779541,279,0.0,0.0
2024-09-12 10:20:00-04:00,7.059999942779541,7.059999942779541,7.059999942779541,7.059999942779541,592,0.0,0.0
2024-09-12 10:25:00-04:00,7.099999904632568,7.099999904632568,7.099999904632568,7.099999904632568,976,0.0,0.0
2024-09-12 10:35:00-04:00,7.149899959564209,7.149899959564209,7.099999904632568,7.099999904632568,4206,0.0,0.0
2024-09-12 10:40:00-04:00,7.125,7.125,7.125,7.125,406,0.0,0.0
2024-09-12 10:55:00-04:00,7.099999904632568,7.099999904632568,7.060999870300293,7.060999870300293,3876,0.0,0.0
2024-09-12 11:00:00-04:00,7.070000171661377,7.119999885559082,7.070000171661377,7.119999885559082,1939,0.0,0.0
2024-09-12 11:30:00-04:00,7.150000095367432,7.164999961853027,7.150000095367432,7.164999961853027,339,0.0,0.0
2024-09-12 11:45:00-04:00,7.150000095367432,7.1641998291015625,7.150000095367432,7.150000095367432,565,0.0,0.0
2024-09-12 12:15:00-04:00,7.164999961853027,7.164999961853027,7.164999961853027,7.164999961853027,930,0.0,0.0
2024-09-12 12:35:00-04:00,7.179999828338623,7.179999828338623,7.179999828338623,7.179999828338623,1102,0.0,0.0
2024-09-12 12:50:00-04:00,7.239999771118164,7.239999771118164,7.239999771118164,7.239999771118164,285,0.0,0.0
2024-09-12 13:30:00-04:00,7.270100116729736,7.270100116729736,7.270100116729736,7.270100116729736,1177,0.0,0.0
2024-09-12 13:45:00-04:00,7.28000020980835,7.28000020980835,7.28000020980835,7.28000020980835,107,0.0,0.0
2024-09-12 13:50:00-04:00,7.289999961853027,7.289999961853027,7.289999961853027,7.289999961853027,775,0.0,0.0
2024-09-12 14:05:00-04:00,7.340000152587891,7.340000152587891,7.340000152587891,7.340000152587891,115,0.0,0.0
2024-09-12 14:10:00-04:00,7.340000152587891,7.340000152587891,7.340000152587891,7.340000152587891,381,0.0,0.0
2024-09-12 14:40:00-04:00,7.329999923706055,7.440000057220459,7.329999923706055,7.440000057220459,8649,0.0,0.0
2024-09-12 14:45:00-04:00,7.440000057220459,7.440000057220459,7.440000057220459,7.440000057220459,100,0.0,0.0
2024-09-12 14:55:00-04:00,7.400000095367432,7.425000190734863,7.400000095367432,7.425000190734863,1183,0.0,0.0
2024-09-12 15:00:00-04:00,7.440000057220459,7.440000057220459,7.440000057220459,7.440000057220459,100,0.0,0.0
2024-09-12 15:10:00-04:00,7.409999847412109,7.409999847412109,7.409999847412109,7.409999847412109,200,0.0,0.0
2024-09-12 15:20:00-04:00,7.409999847412109,7.440000057220459,7.394999980926514,7.440000057220459,3942,0.0,0.0
2024-09-12 15:25:00-04:00,7.460000038146973,7.559999942779541,7.460000038146973,7.550000190734863,5768,0.0,0.0
2024-09-12 15:30:00-04:00,7.550000190734863,7.559999942779541,7.550000190734863,7.559999942779541,634,0.0,0.0
2024-09-12 15:35:00-04:00,7.550000190734863,7.550000190734863,7.550000190734863,7.550000190734863,139,0.0,0.0
2024-09-12 15:45:00-04:00,7.559999942779541,7.619999885559082,7.559999942779541,7.619999885559082,1578,0.0,0.0
2024-09-12 15:50:00-04:00,7.635000228881836,7.78000020980835,7.635000228881836,7.78000020980835,11563,0.0,0.0
2024-09-12 15:55:00-04:00,7.71999979019165,7.75,7.659999847412109,7.699999809265137,4821,0.0,0.0
2024-09-13 09:30:00-04:00,7.670000076293945,7.78000020980835,7.670000076293945,7.78000020980835,1203,0.0,0.0
2024-09-13 09:35:00-04:00,7.590000152587891,7.590000152587891,7.590000152587891,7.590000152587891,424,0.0,0.0
2024-09-13 09:40:00-04:00,7.590000152587891,7.590000152587891,7.550000190734863,7.550000190734863,767,0.0,0.0
2024-09-13 09:50:00-04:00,7.514999866485596,7.514999866485596,7.514999866485596,7.514999866485596,921,0.0,0.0
2024-09-13 09:55:00-04:00,7.590000152587891,7.590000152587891,7.585999965667725,7.585999965667725,887,0.0,0.0
2024-09-13 10:10:00-04:00,7.630000114440918,7.678299903869629,7.610000133514404,7.619999885559082,2211,0.0,0.0
2024-09-13 10:15:00-04:00,7.610000133514404,7.610000133514404,7.610000133514404,7.610000133514404,314,0.0,0.0
2024-09-13 10:20:00-04:00,7.619999885559082,7.619999885559082,7.579999923706055,7.579999923706055,1127,0.0,0.0
2024-09-13 10:25:00-04:00,7.550000190734863,7.550000190734863,7.519999980926514,7.519999980926514,511,0.0,0.0
2024-09-13 10:30:00-04:00,7.519999980926514,7.519999980926514,7.510000228881836,7.510000228881836,419,0.0,0.0
2024-09-13 10:35:00-04:00,7.494999885559082,7.53000020980835,7.494999885559082,7.510000228881836,2126,0.0,0.0
2024-09-13 10:40:00-04:00,7.519999980926514,7.519999980926514,7.519999980926514,7.519999980926514,411,0.0,0.0
2024-09-13 10:45:00-04:00,7.5,7.514999866485596,7.5,7.514999866485596,334,0.0,0.0
2024-09-13 10:50:00-04:00,7.489999771118164,7.489999771118164,7.489999771118164,7.489999771118164,201,0.0,0.0
2024-09-13 10:55:00-04:00,7.480000019073486,7.480000019073486,7.454999923706055,7.454999923706055,1235,0.0,0.0
2024-09-13 11:00:00-04:00,7.465000152587891,7.480000019073486,7.440000057220459,7.440000057220459,4916,0.0,0.0
2024-09-13 11:05:00-04:00,7.449999809265137,7.510000228881836,7.449999809265137,7.510000228881836,1106,0.0,0.0
2024-09-13 11:15:00-04:00,7.480000019073486,7.480000019073486,7.429999828338623,7.429999828338623,1478,0.0,0.0
2024-09-13 11:25:00-04:00,7.420000076293945,7.420000076293945,7.369999885559082,7.369999885559082,2448,0.0,0.0
2024-09-13 11:45:00-04:00,7.360000133514404,7.360000133514404,7.349999904632568,7.349999904632568,482,0.0,0.0
2024-09-13 11:50:00-04:00,7.349999904632568,7.349999904632568,7.349999904632568,7.349999904632568,103,0.0,0.0
2024-09-13 11:55:00-04:00,7.360000133514404,7.369999885559082,7.360000133514404,7.369999885559082,1041,0.0,0.0
2024-09-13 12:00:00-04:00,7.389999866485596,7.389999866485596,7.389999866485596,7.389999866485596,105,0.0,0.0
2024-09-13 12:05:00-04:00,7.389900207519531,7.389900207519531,7.389900207519531,7.389900207519531,1035,0.0,0.0
2024-09-13 12:10:00-04:00,7.389999866485596,7.394999980926514,7.389999866485596,7.394999980926514,567,0.0,0.0
2024-09-13 12:25:00-04:00,7.409999847412109,7.420000076293945,7.4095001220703125,7.420000076293945,1444,0.0,0.0
2024-09-13 12:30:00-04:00,7.409999847412109,7.420000076293945,7.400000095367432,7.420000076293945,2905,0.0,0.0
2024-09-13 12:35:00-04:00,7.425000190734863,7.425000190734863,7.420000076293945,7.420000076293945,200,0.0,0.0
2024-09-13 12:40:00-04:00,7.409999847412109,7.409999847412109,7.409999847412109,7.409999847412109,800,0.0,0.0
2024-09-13 12:50:00-04:00,7.380000114440918,7.380000114440918,7.380000114440918,7.380000114440918,470,0.0,0.0
2024-09-13 13:15:00-04:00,7.369999885559082,7.369999885559082,7.369999885559082,7.369999885559082,357,0.0,0.0
2024-09-13 13:20:00-04:00,7.369999885559082,7.369999885559082,7.369999885559082,7.369999885559082,170,0.0,0.0
2024-09-13 13:25:00-04:00,7.369999885559082,7.369999885559082,7.369999885559082,7.369999885559082,708,0.0,0.0
2024-09-13 13:40:00-04:00,7.369999885559082,7.369999885559082,7.369999885559082,7.369999885559082,250,0.0,0.0
2024-09-13 13:45:00-04:00,7.380000114440918,7.380000114440918,7.380000114440918,7.380000114440918,184,0.0,0.0
2024-09-13 13:55:00-04:00,7.369999885559082,7.369999885559082,7.369999885559082,7.369999885559082,221,0.0,0.0
2024-09-13 14:10:00-04:00,7.369999885559082,7.369999885559082,7.369999885559082,7.369999885559082,442,0.0,0.0
2024-09-13 14:30:00-04:00,7.349999904632568,7.349999904632568,7.320000171661377,7.320000171661377,1443,0.0,0.0
2024-09-13 14:40:00-04:00,7.28000020980835,7.28000020980835,7.28000020980835,7.28000020980835,193,0.0,0.0
2024-09-13 14:50:00-04:00,7.269999980926514,7.269999980926514,7.25,7.25,610,0.0,0.0
2024-09-13 14:55:00-04:00,7.25,7.300000190734863,7.25,7.269999980926514,3130,0.0,0.0
2024-09-13 15:00:00-04:00,7.300000190734863,7.300000190734863,7.28000020980835,7.28000020980835,511,0.0,0.0
2024-09-13 15:05:00-04:00,7.289999961853027,7.289999961853027,7.28000020980835,7.289999961853027,902,0.0,0.0
2024-09-13 15:25:00-04:00,7.28000020980835,7.28000020980835,7.28000020980835,7.28000020980835,107,0.0,0.0
2024-09-13 15:30:00-04:00,7.295000076293945,7.309999942779541,7.295000076293945,7.309999942779541,807,0.0,0.0
2024-09-13 15:40:00-04:00,7.300000190734863,7.300000190734863,7.300000190734863,7.300000190734863,300,0.0,0.0
2024-09-13 15:45:00-04:00,7.304999828338623,7.329999923706055,7.304999828338623,7.329999923706055,1537,0.0,0.0
2024-09-13 15:50:00-04:00,7.320000171661377,7.320000171661377,7.309999942779541,7.315000057220459,763,0.0,0.0
2024-09-13 15:55:00-04:00,7.315000057220459,7.329999923706055,7.300000190734863,7.309999942779541,5497,0.0,0.0
2024-09-16 09:30:00-04:00,7.260000228881836,7.260000228881836,7.260000228881836,7.260000228881836,368,0.0,0.0
2024-09-16 10:00:00-04:00,7.079999923706055,7.079999923706055,7.079999923706055,7.079999923706055,934,0.0,0.0
2024-09-16 10:15:00-04:00,7.159999847412109,7.159999847412109,7.159999847412109,7.159999847412109,119,0.0,0.0
2024-09-16 10:20:00-04:00,7.179999828338623,7.179999828338623,7.150000095367432,7.150000095367432,2194,0.0,0.0
2024-09-16 10:25:00-04:00,7.099999904632568,7.159999847412109,7.098999977111816,7.139999866485596,1960,0.0,0.0
2024-09-16 10:30:00-04:00,7.159999847412109,7.170000076293945,7.159999847412109,7.164999961853027,920,0.0,0.0
2024-09-16 10:50:00-04:00,7.159999847412109,7.159999847412109,7.159999847412109,7.159999847412109,376,0.0,0.0
2024-09-16 10:55:00-04:00,7.159999847412109,7.159999847412109,7.130000114440918,7.130000114440918,1727,0.0,0.0
2024-09-16 11:05:00-04:00,7.110000133514404,7.150000095367432,7.110000133514404,7.150000095367432,1738,0.0,0.0
2024-09-16 11:20:00-04:00,7.190000057220459,7.190000057220459,7.190000057220459,7.190000057220459,1279,0.0,0.0
2024-09-16 11:40:00-04:00,7.204999923706055,7.204999923706055,7.204999923706055,7.204999923706055,387,0.0,0.0
2024-09-16 11:45:00-04:00,7.210000038146973,7.260000228881836,7.199999809265137,7.199999809265137,2205,0.0,0.0
2024-09-16 12:00:00-04:00,7.25,7.309999942779541,7.25,7.309999942779541,652,0.0,0.0
2024-09-16 13:00:00-04:00,7.287199974060059,7.289999961853027,7.28000020980835,7.28000020980835,1008,0.0,0.0
2024-09-16 13:15:00-04:00,7.269999980926514,7.269999980926514,7.239999771118164,7.239999771118164,2356,0.0,0.0
2024-09-16 14:30:00-04:00,7.239999771118164,7.260000228881836,7.239999771118164,7.260000228881836,992,0.0,0.0
2024-09-16 14:50:00-04:00,7.25,7.25,7.239999771118164,7.239999771118164,919,0.0,0.0
2024-09-16 15:00:00-04:00,7.230000019073486,7.28000020980835,7.230000019073486,7.28000020980835,2739,0.0,0.0
2024-09-16 15:35:00-04:00,7.260000228881836,7.260000228881836,7.260000228881836,7.260000228881836,343,0.0,0.0
2024-09-16 15:40:00-04:00,7.250100135803223,7.250100135803223,7.250100135803223,7.250100135803223,500,0.0,0.0
2024-09-16 15:45:00-04:00,7.25,7.264999866485596,7.25,7.260000228881836,1316,0.0,0.0
2024-09-16 15:50:00-04:00,7.28000020980835,7.28000020980835,7.28000020980835,7.28000020980835,221,0.0,0.0
2024-09-16 15:55:00-04:00,7.28000020980835,7.289999961853027,7.275000095367432,7.289999961853027,2497,0.0,0.0
2024-09-17 09:30:00-04:00,7.320000171661377,7.320000171661377,7.25,7.320000171661377,0,0.0,0.0
2024-09-17 09:55:00-04:00,7.389999866485596,7.389999866485596,7.389999866485596,7.389999866485596,368,0.0,0.0
2024-09-17 10:10:00-04:00,7.349999904632568,7.349999904632568,7.349999904632568,7.349999904632568,830,0.0,0.0
2024-09-17 10:35:00-04:00,7.389999866485596,7.400000095367432,7.369999885559082,7.369999885559082,550,0.0,0.0
2024-09-17 10:40:00-04:00,7.375,7.375,7.375,7.375,1002,0.0,0.0
2024-09-17 10:45:00-04:00,7.360533237457275,7.360533237457275,7.360533237457275,7.360533237457275,195,0.0,0.0
2024-09-17 11:00:00-04:00,7.420000076293945,7.429999828338623,7.420000076293945,7.429999828338623,345,0.0,0.0
2024-09-17 11:20:00-04:00,7.460000038146973,7.460000038146973,7.460000038146973,7.460000038146973,153,0.0,0.0
2024-09-17 11:25:00-04:00,7.449999809265137,7.449999809265137,7.449999809265137,7.449999809265137,340,0.0,0.0
2024-09-17 11:35:00-04:00,7.4045000076293945,7.4045000076293945,7.4045000076293945,7.4045000076293945,654,0.0,0.0
2024-09-17 11:50:00-04:00,7.409999847412109,7.449999809265137,7.409999847412109,7.409999847412109,1152,0.0,0.0
2024-09-17 11:55:00-04:00,7.400000095367432,7.400000095367432,7.400000095367432,7.400000095367432,223,0.0,0.0
2024-09-17 12:00:00-04:00,7.389999866485596,7.389999866485596,7.380000114440918,7.380000114440918,988,0.0,0.0
2024-09-17 12:05:00-04:00,7.400000095367432,7.400000095367432,7.400000095367432,7.400000095367432,100,0.0,0.0
2024-09-17 12:15:00-04:00,7.364999771118164,7.364999771118164,7.364999771118164,7.364999771118164,677,0.0,0.0
2024-09-17 13:05:00-04:00,7.349999904632568,7.349999904632568,7.349999904632568,7.349999904632568,2097,0.0,0.0
2024-09-17 13:15:00-04:00,7.360000133514404,7.369999885559082,7.360000133514404,7.369999885559082,785,0.0,0.0
2024-09-17 13:20:00-04:00,7.364999771118164,7.364999771118164,7.364999771118164,7.364999771118164,100,0.0,0.0
2024-09-17 13:25:00-04:00,7.364999771118164,7.364999771118164,7.364999771118164,7.364999771118164,103,0.0,0.0
2024-09-17 13:30:00-04:00,7.369999885559082,7.380000114440918,7.369999885559082,7.380000114440918,357,0.0,0.0
2024-09-17 13:45:00-04:00,7.369999885559082,7.369999885559082,7.369999885559082,7.369999885559082,219,0.0,0.0
2024-09-17 13:50:00-04:00,7.380000114440918,7.380000114440918,7.360000133514404,7.360000133514404,939,0.0,0.0
2024-09-17 14:05:00-04:00,7.380000114440918,7.380000114440918,7.360000133514404,7.360000133514404,1510,0.0,0.0
2024-09-17 14:15:00-04:00,7.3470001220703125,7.380000114440918,7.3470001220703125,7.380000114440918,1193,0.0,0.0
2024-09-17 14:25:00-04:00,7.355000019073486,7.355000019073486,7.355000019073486,7.355000019073486,201,0.0,0.0
2024-09-17 14:30:00-04:00,7.355000019073486,7.369999885559082,7.355000019073486,7.369999885559082,316,0.0,0.0
2024-09-17 14:35:00-04:00,7.380000114440918,7.380000114440918,7.380000114440918,7.380000114440918,200,0.0,0.0
2024-09-17 14:40:00-04:00,7.380000114440918,7.380000114440918,7.380000114440918,7.380000114440918,200,0.0,0.0
2024-09-17 14:45:00-04:00,7.380000114440918,7.380000114440918,7.380000114440918,7.380000114440918,160,0.0,0.0
2024-09-17 14:50:00-04:00,7.380000114440918,7.380000114440918,7.380000114440918,7.380000114440918,283,0.0,0.0
2024-09-17 15:00:00-04:00,7.355000019073486,7.355000019073486,7.355000019073486,7.355000019073486,110,0.0,0.0
2024-09-17 15:05:00-04:00,7.349999904632568,7.349999904632568,7.289999961853027,7.289999961853027,8360,0.0,0.0
2024-09-17 15:20:00-04:00,7.190000057220459,7.190000057220459,7.179999828338623,7.179999828338623,938,0.0,0.0
2024-09-17 15:25:00-04:00,7.159999847412109,7.159999847412109,7.159999847412109,7.159999847412109,529,0.0,0.0
2024-09-17 15:30:00-04:00,7.179999828338623,7.179999828338623,7.179999828338623,7.179999828338623,181,0.0,0.0
2024-09-17 15:35:00-04:00,7.179999828338623,7.179999828338623,7.179999828338623,7.179999828338623,883,0.0,0.0
2024-09-17 15:40:00-04:00,7.179999828338623,7.184999942779541,7.179999828338623,7.184999942779541,690,0.0,0.0
2024-09-17 15:50:00-04:00,7.190000057220459,7.190000057220459,7.170000076293945,7.170000076293945,631,0.0,0.0
2024-09-17 15:55:00-04:00,7.159999847412109,7.199999809265137,7.159999847412109,7.199999809265137,0,0.0,0.0
2024-09-18 09:30:00-04:00,7.159999847412109,7.159999847412109,7.159999847412109,7.159999847412109,126,0.0,0.0
2024-09-18 09:40:00-04:00,7.210000038146973,7.210000038146973,7.210000038146973,7.210000038146973,138,0.0,0.0
2024-09-18 10:35:00-04:00,7.21999979019165,7.21999979019165,7.21999979019165,7.21999979019165,100,0.0,0.0
2024-09-18 10:45:00-04:00,7.230000019073486,7.25,7.21999979019165,7.21999979019165,913,0.0,0.0
2024-09-18 10:50:00-04:00,7.28249979019165,7.28249979019165,7.28249979019165,7.28249979019165,359,0.0,0.0
2024-09-18 11:25:00-04:00,7.349999904632568,7.480000019073486,7.349999904632568,7.420000076293945,5722,0.0,0.0
2024-09-18 11:45:00-04:00,7.420000076293945,7.460000038146973,7.420000076293945,7.460000038146973,1600,0.0,0.0
2024-09-18 11:55:00-04:00,7.400000095367432,7.400000095367432,7.400000095367432,7.400000095367432,364,0.0,0.0
2024-09-18 12:20:00-04:00,7.429999828338623,7.429999828338623,7.429999828338623,7.429999828338623,155,0.0,0.0
2024-09-18 12:30:00-04:00,7.400000095367432,7.460000038146973,7.400000095367432,7.460000038146973,1233,0.0,0.0
2024-09-18 12:40:00-04:00,7.420000076293945,7.420000076293945,7.414999961853027,7.414999961853027,1441,0.0,0.0
2024-09-18 12:50:00-04:00,7.429999828338623,7.429999828338623,7.420000076293945,7.420000076293945,1226,0.0,0.0
2024-09-18 13:05:00-04:00,7.409999847412109,7.409999847412109,7.369999885559082,7.369999885559082,2226,0.0,0.0
2024-09-18 13:10:00-04:00,7.369999885559082,7.369999885559082,7.349999904632568,7.349999904632568,1159,0.0,0.0
2024-09-18 13:15:00-04:00,7.349999904632568,7.349999904632568,7.349999904632568,7.349999904632568,523,0.0,0.0
2024-09-18 13:20:00-04:00,7.329999923706055,7.340000152587891,7.329999923706055,7.340000152587891,608,0.0,0.0
2024-09-18 13:50:00-04:00,7.3480000495910645,7.3480000495910645,7.3480000495910645,7.3480000495910645,113,0.0,0.0
2024-09-18 14:00:00-04:00,7.349999904632568,7.409999847412109,7.349999904632568,7.385000228881836,1115,0.0,0.0
2024-09-18 15:00:00-04:00,7.360000133514404,7.449999809265137,7.360000133514404,7.449999809265137,3292,0.0,0.0
2024-09-18 15:20:00-04:00,7.5,7.5,7.465000152587891,7.465000152587891,860,0.0,0.0
2024-09-18 15:25:00-04:00,7.465000152587891,7.465000152587891,7.465000152587891,7.465000152587891,432,0.0,0.0
2024-09-18 15:35:00-04:00,7.460000038146973,7.460000038146973,7.460000038146973,7.460000038146973,1265,0.0,0.0
2024-09-18 15:50:00-04:00,7.480000019073486,7.5,7.46999979019165,7.485000133514404,1970,0.0,0.0
2024-09-18 15:55:00-04:00,7.5,7.5,7.440000057220459,7.449999809265137,3124,0.0,0.0
2024-09-19 09:30:00-04:00,7.599999904632568,7.599999904632568,7.599999904632568,7.599999904632568,181,0.0,0.0
2024-09-19 09:45:00-04:00,7.590000152587891,7.590000152587891,7.46999979019165,7.46999979019165,521,0.0,0.0
2024-09-19 10:30:00-04:00,7.46999979019165,7.46999979019165,7.46999979019165,7.46999979019165,150,0.0,0.0
2024-09-19 10:45:00-04:00,7.46999979019165,7.46999979019165,7.409999847412109,7.429999828338623,5619,0.0,0.0
2024-09-19 10:50:00-04:00,7.449999809265137,7.449999809265137,7.429999828338623,7.429999828338623,610,0.0,0.0
2024-09-19 10:55:00-04:00,7.440000057220459,7.440000057220459,7.440000057220459,7.440000057220459,1267,0.0,0.0
2024-09-19 11:00:00-04:00,7.440000057220459,7.440000057220459,7.440000057220459,7.440000057220459,200,0.0,0.0
2024-09-19 11:05:00-04:00,7.440000057220459,7.440000057220459,7.440000057220459,7.440000057220459,206,0.0,0.0
2024-09-19 11:30:00-04:00,7.449999809265137,7.449999809265137,7.449999809265137,7.449999809265137,236,0.0,0.0
2024-09-19 11:45:00-04:00,7.480000019073486,7.489999771118164,7.480000019073486,7.489999771118164,972,0.0,0.0
2024-09-19 13:25:00-04:00,7.449999809265137,7.449999809265137,7.449999809265137,7.449999809265137,177,0.0,0.0
2024-09-19 13:50:00-04:00,7.429999828338623,7.429999828338623,7.429999828338623,7.429999828338623,1066,0.0,0.0
2024-09-19 13:55:00-04:00,7.420000076293945,7.420000076293945,7.409999847412109,7.409999847412109,1901,0.0,0.0
2024-09-19 14:05:00-04:00,7.409999847412109,7.429999828338623,7.409999847412109,7.429999828338623,565,0.0,0.0
2024-09-19 14:10:00-04:00,7.420000076293945,7.420000076293945,7.409999847412109,7.409999847412109,200,0.0,0.0
2024-09-19 14:20:00-04:00,7.409999847412109,7.409999847412109,7.409999847412109,7.409999847412109,188,0.0,0.0
2024-09-19 14:55:00-04:00,7.400000095367432,7.400000095367432,7.400000095367432,7.400000095367432,174,0.0,0.0
2024-09-19 15:00:00-04:00,7.420000076293945,7.420000076293945,7.419899940490723,7.419899940490723,1075,0.0,0.0
2024-09-19 15:05:00-04:00,7.480000019073486,7.480000019073486,7.480000019073486,7.480000019073486,331,0.0,0.0
2024-09-19 15:15:00-04:00,7.489999771118164,7.53000020980835,7.489999771118164,7.5,3347,0.0,0.0
2024-09-19 15:25:00-04:00,7.480000019073486,7.480000019073486,7.460000038146973,7.480000019073486,2648,0.0,0.0
2024-09-19 15:30:00-04:00,7.46999979019165,7.46999979019165,7.46999979019165,7.46999979019165,342,0.0,0.0
2024-09-19 15:40:00-04:00,7.480000019073486,7.480000019073486,7.46999979019165,7.46999979019165,393,0.0,0.0
2024-09-19 15:45:00-04:00,7.480000019073486,7.480000019073486,7.46999979019165,7.46999979019165,465,0.0,0.0
2024-09-19 15:50:00-04:00,7.46999979019165,7.46999979019165,7.460000038146973,7.460000038146973,400,0.0,0.0
2024-09-19 15:55:00-04:00,7.460000038146973,7.46999979019165,7.449999809265137,7.460000038146973,1719,0.0,0.0
2024-09-20 09:30:00-04:00,7.340000152587891,7.340000152587891,7.340000152587891,7.340000152587891,0,0.0,0.0
2024-09-20 09:35:00-04:00,7.349999904632568,7.349999904632568,7.349999904632568,7.349999904632568,104,0.0,0.0
2024-09-20 09:40:00-04:00,7.46999979019165,7.46999979019165,7.46999979019165,7.46999979019165,231,0.0,0.0
2024-09-20 10:10:00-04:00,7.389999866485596,7.400000095367432,7.389999866485596,7.400000095367432,898,0.0,0.0
2024-09-20 10:25:00-04:00,7.440000057220459,7.5,7.440000057220459,7.5,781,0.0,0.0
2024-09-20 10:55:00-04:00,7.519999980926514,7.519999980926514,7.500999927520752,7.519999980926514,2501,0.0,0.0
2024-09-20 11:10:00-04:00,7.5,7.5,7.480000019073486,7.480000019073486,652,0.0,0.0
2024-09-20 11:15:00-04:00,7.46999979019165,7.46999979019165,7.449999809265137,7.449999809265137,210,0.0,0.0
2024-09-20 11:35:00-04:00,7.46999979019165,7.46999979019165,7.46999979019165,7.46999979019165,239,0.0,0.0
2024-09-20 12:30:00-04:00,7.477399826049805,7.480000019073486,7.477399826049805,7.480000019073486,1100,0.0,0.0
2024-09-20 12:35:00-04:00,7.473199844360352,7.473199844360352,7.460000038146973,7.460000038146973,2185,0.0,0.0
2024-09-20 12:40:00-04:00,7.460000038146973,7.460000038146973,7.460000038146973,7.460000038146973,399,0.0,0.0
2024-09-20 12:50:00-04:00,7.460000038146973,7.460000038146973,7.460000038146973,7.460000038146973,181,0.0,0.0
2024-09-20 13:10:00-04:00,7.46999979019165,7.480000019073486,7.46999979019165,7.480000019073486,629,0.0,0.0
2024-09-20 14:00:00-04:00,7.460000038146973,7.460000038146973,7.460000038146973,7.460000038146973,171,0.0,0.0
2024-09-20 14:15:00-04:00,7.449999809265137,7.449999809265137,7.449999809265137,7.449999809265137,368,0.0,0.0
2024-09-20 14:25:00-04:00,7.449999809265137,7.449999809265137,7.449999809265137,7.449999809265137,116,0.0,0.0
2024-09-20 14:45:00-04:00,7.440000057220459,7.440000057220459,7.440000057220459,7.440000057220459,688,0.0,0.0
2024-09-20 14:55:00-04:00,7.429999828338623,7.429999828338623,7.429999828338623,7.429999828338623,513,0.0,0.0
2024-09-20 15:00:00-04:00,7.420000076293945,7.420000076293945,7.420000076293945,7.420000076293945,781,0.0,0.0
2024-09-20 15:05:00-04:00,7.429999828338623,7.46999979019165,7.429999828338623,7.46999979019165,1649,0.0,0.0
2024-09-20 15:10:00-04:00,7.460000038146973,7.460000038146973,7.460000038146973,7.460000038146973,271,0.0,0.0
2024-09-20 15:25:00-04:00,7.480000019073486,7.53000020980835,7.480000019073486,7.53000020980835,1746,0.0,0.0
2024-09-20 15:30:00-04:00,7.53000020980835,7.53000020980835,7.510000228881836,7.510000228881836,1164,0.0,0.0
2024-09-20 15:35:00-04:00,7.510000228881836,7.514999866485596,7.505000114440918,7.514999866485596,1011,0.0,0.0
2024-09-20 15:45:00-04:00,7.510000228881836,7.510000228881836,7.510000228881836,7.510000228881836,100,0.0,0.0
2024-09-20 15:50:00-04:00,7.510000228881836,7.510000228881836,7.489999771118164,7.489999771118164,939,0.0,0.0
2024-09-20 15:55:00-04:00,7.489999771118164,7.489999771118164,7.449999809265137,7.449999809265137,2978,0.0,0.0
