Datetime,Open,High,Low,Close,Volume,Dividends,Stock Splits
2024-08-22 09:30:00-04:00,39.470001220703125,39.470001220703125,39.470001220703125,39.470001220703125,0,0.0,0.0
2024-08-22 09:35:00-04:00,39.529998779296875,39.529998779296875,39.0900993347168,39.0900993347168,493,0.0,0.0
2024-08-22 09:40:00-04:00,39.5,39.5,39.5,39.5,34,0.0,0.0
2024-08-22 09:45:00-04:00,39.5,39.5,39.5,39.5,1104,0.0,0.0
2024-08-22 10:15:00-04:00,39.18000030517578,39.18000030517578,39.18000030517578,39.18000030517578,324,0.0,0.0
2024-08-22 10:25:00-04:00,39.220001220703125,39.220001220703125,39.220001220703125,39.220001220703125,546,0.0,0.0
2024-08-22 10:30:00-04:00,39.22999954223633,39.22999954223633,39.22999954223633,39.22999954223633,261,0.0,0.0
2024-08-22 10:40:00-04:00,39.16999816894531,39.18000030517578,39.095001220703125,39.095001220703125,943,0.0,0.0
2024-08-22 10:45:00-04:00,39.09000015258789,39.09000015258789,39.09000015258789,39.09000015258789,433,0.0,0.0
2024-08-22 10:55:00-04:00,39.064998626708984,39.064998626708984,39.064998626708984,39.064998626708984,513,0.0,0.0
2024-08-22 11:00:00-04:00,39.119998931884766,39.119998931884766,39.119998931884766,39.119998931884766,212,0.0,0.0
2024-08-22 11:15:00-04:00,39.04499816894531,39.04499816894531,39.04499816894531,39.04499816894531,784,0.0,0.0
2024-08-22 11:40:00-04:00,39.03499984741211,39.03499984741211,39.03499984741211,39.03499984741211,405,0.0,0.0
2024-08-22 11:55:00-04:00,39.06999969482422,39.06999969482422,39.06999969482422,39.06999969482422,1010,0.0,0.0
2024-08-22 12:25:00-04:00,39.09000015258789,39.119998931884766,39.09000015258789,39.119998931884766,998,0.0,0.0
2024-08-22 12:35:00-04:00,39.099998474121094,39.099998474121094,39.084999084472656,39.084999084472656,1192,0.0,0.0
2024-08-22 12:40:00-04:00,39.09000015258789,39.09000015258789,39.07500076293945,39.07500076293945,811,0.0,0.0
2024-08-22 12:45:00-04:00,39.08000183105469,39.08000183105469,39.06999969482422,39.06999969482422,1322,0.0,0.0
2024-08-22 12:50:00-04:00,39.05500030517578,39.05500030517578,39.02000045776367,39.02000045776367,1145,0.0,0.0
2024-08-22 13:00:00-04:00,38.959999084472656,38.959999084472656,38.959999084472656,38.959999084472656,337,0.0,0.0
2024-08-22 13:05:00-04:00,38.959999084472656,38.959999084472656,38.959999084472656,38.959999084472656,300,0.0,0.0
2024-08-22 13:10:00-04:00,38.959999084472656,38.959999084472656,38.94499969482422,38.94499969482422,520,0.0,0.0
2024-08-22 13:15:00-04:00,38.970001220703125,38.970001220703125,38.904998779296875,38.904998779296875,417,0.0,0.0
2024-08-22 13:20:00-04:00,38.900001525878906,38.939998626708984,38.900001525878906,38.939998626708984,967,0.0,0.0
2024-08-22 13:25:00-04:00,38.8849983215332,38.8849983215332,38.8849983215332,38.8849983215332,308,0.0,0.0
2024-08-22 13:30:00-04:00,38.875,38.875,38.81999969482422,38.845001220703125,1468,0.0,0.0
2024-08-22 13:35:00-04:00,38.845001220703125,38.90999984741211,38.82820129394531,38.90999984741211,1860,0.0,0.0
2024-08-22 13:40:00-04:00,38.90999984741211,38.90999984741211,38.904998779296875,38.904998779296875,109,0.0,0.0
2024-08-22 13:45:00-04:00,38.904998779296875,38.904998779296875,38.8650016784668,38.8650016784668,1022,0.0,0.0
2024-08-22 14:05:00-04:00,38.90999984741211,38.90999984741211,38.90999984741211,38.90999984741211,975,0.0,0.0
2024-08-22 14:20:00-04:00,38.869998931884766,38.869998931884766,38.83000183105469,38.83000183105469,3170,0.0,0.0
2024-08-22 14:25:00-04:00,38.720001220703125,38.720001220703125,38.689998626708984,38.689998626708984,1000,0.0,0.0
2024-08-22 14:30:00-04:00,38.63999938964844,38.63999938964844,38.56999969482422,38.599998474121094,584,0.0,0.0
2024-08-22 14:35:00-04:00,38.540000915527344,38.540000915527344,38.47999954223633,38.540000915527344,1277,0.0,0.0
2024-08-22 14:55:00-04:00,38.650001525878906,38.650001525878906,38.64500045776367,38.64500045776367,239,0.0,0.0
2024-08-22 15:00:00-04:00,38.61000061035156,38.68000030517578,38.61000061035156,38.68000030517578,713,0.0,0.0
2024-08-22 15:10:00-04:00,38.689998626708984,38.79999923706055,38.689998626708984,38.724998474121094,7085,0.0,0.0
2024-08-22 15:15:00-04:00,38.75,38.76499938964844,38.7400016784668,38.7400016784668,832,0.0,0.0
2024-08-22 15:20:00-04:00,38.73500061035156,38.73500061035156,38.6349983215332,38.6349983215332,773,0.0,0.0
2024-08-22 15:30:00-04:00,38.58000183105469,38.630001068115234,38.58000183105469,38.630001068115234,1099,0.0,0.0
2024-08-22 15:35:00-04:00,38.65999984741211,38.65999984741211,38.65999984741211,38.65999984741211,136,0.0,0.0
2024-08-22 15:40:00-04:00,38.65999984741211,38.65999984741211,38.6150016784668,38.6150016784668,1578,0.0,0.0
2024-08-22 15:45:00-04:00,38.58000183105469,38.599998474121094,38.58000183105469,38.599998474121094,894,0.0,0.0
2024-08-22 15:50:00-04:00,38.58000183105469,38.58000183105469,38.4900016784668,38.4900016784668,2060,0.0,0.0
2024-08-22 15:55:00-04:00,38.45000076293945,38.52000045776367,38.38999938964844,38.52000045776367,9740,0.0,0.0
2024-08-23 09:30:00-04:00,38.75,38.75,38.689998626708984,38.689998626708984,0,0.0,0.0
2024-08-23 09:40:00-04:00,38.814998626708984,38.814998626708984,38.814998626708984,38.814998626708984,152,0.0,0.0
2024-08-23 10:00:00-04:00,38.810001373291016,38.900001525878906,38.810001373291016,38.900001525878906,1630,0.0,0.0
2024-08-23 10:05:00-04:00,38.91999816894531,38.91999816894531,38.91999816894531,38.91999816894531,193,0.0,0.0
2024-08-23 10:10:00-04:00,39.09000015258789,39.099998474121094,39.09000015258789,39.099998474121094,835,0.0,0.0
2024-08-23 10:15:00-04:00,39.119998931884766,39.119998931884766,38.970001220703125,38.98500061035156,1187,0.0,0.0
2024-08-23 10:20:00-04:00,38.95600128173828,39.02000045776367,38.95000076293945,39.02000045776367,3006,0.0,0.0
2024-08-23 10:35:00-04:00,38.939998626708984,38.939998626708984,38.939998626708984,38.939998626708984,137,0.0,0.0
2024-08-23 10:40:00-04:00,39.0099983215332,39.0099983215332,39.0099983215332,39.0099983215332,687,0.0,0.0
2024-08-23 10:45:00-04:00,38.970001220703125,38.970001220703125,38.90999984741211,38.91999816894531,752,0.0,0.0
2024-08-23 11:05:00-04:00,39.02000045776367,39.02000045776367,39.02000045776367,39.02000045776367,307,0.0,0.0
2024-08-23 11:15:00-04:00,39.06999969482422,39.099998474121094,39.06999969482422,39.099998474121094,2546,0.0,0.0
2024-08-23 11:40:00-04:00,39.040000915527344,39.06999969482422,39.040000915527344,39.06999969482422,821,0.0,0.0
2024-08-23 11:45:00-04:00,39.0,39.0,39.0,39.0,108,0.0,0.0
2024-08-23 11:50:00-04:00,38.91999816894531,38.939998626708984,38.900001525878906,38.939998626708984,819,0.0,0.0
2024-08-23 12:00:00-04:00,38.7599983215332,38.7599983215332,38.66999816894531,38.66999816894531,706,0.0,0.0
2024-08-23 12:05:00-04:00,38.76499938964844,38.76499938964844,38.76499938964844,38.76499938964844,1210,0.0,0.0
2024-08-23 12:40:00-04:00,38.790000915527344,38.790000915527344,38.7599983215332,38.77000045776367,1639,0.0,0.0
2024-08-23 12:50:00-04:00,38.81999969482422,38.83000183105469,38.81999969482422,38.82500076293945,875,0.0,0.0
2024-08-23 12:55:00-04:00,38.880001068115234,38.880001068115234,38.880001068115234,38.880001068115234,667,0.0,0.0
2024-08-23 13:00:00-04:00,38.95000076293945,38.95000076293945,38.95000076293945,38.95000076293945,332,0.0,0.0
2024-08-23 13:05:00-04:00,38.88999938964844,38.88999938964844,38.88999938964844,38.88999938964844,1147,0.0,0.0
2024-08-23 14:10:00-04:00,38.970001220703125,38.970001220703125,38.939998626708984,38.939998626708984,442,0.0,0.0
2024-08-23 14:20:00-04:00,38.90999984741211,38.90999984741211,38.900001525878906,38.900001525878906,722,0.0,0.0
2024-08-23 14:25:00-04:00,38.91999816894531,38.91999816894531,38.91999816894531,38.91999816894531,872,0.0,0.0
2024-08-23 14:55:00-04:00,38.86000061035156,38.869998931884766,38.86000061035156,38.8650016784668,2104,0.0,0.0
2024-08-23 15:10:00-04:00,38.88999938964844,38.88999938964844,38.8849983215332,38.8849983215332,945,0.0,0.0
2024-08-23 15:35:00-04:00,38.88999938964844,38.88999938964844,38.880001068115234,38.880001068115234,2026,0.0,0.0
2024-08-23 15:40:00-04:00,38.90999984741211,38.90999984741211,38.90999984741211,38.90999984741211,921,0.0,0.0
2024-08-23 15:45:00-04:00,38.869998931884766,38.869998931884766,38.869998931884766,38.869998931884766,319,0.0,0.0
2024-08-23 15:50:00-04:00,38.849998474121094,38.849998474121094,38.84000015258789,38.84000015258789,1138,0.0,0.0
2024-08-23 15:55:00-04:00,38.81999969482422,38.849998474121094,38.7599983215332,38.84000015258789,6426,0.0,0.0
2024-08-26 09:30:00-04:00,38.79999923706055,38.79999923706055,38.79999923706055,38.79999923706055,405,0.0,0.0
2024-08-26 09:40:00-04:00,38.93000030517578,38.93000030517578,38.93000030517578,38.93000030517578,1073,0.0,0.0
2024-08-26 09:50:00-04:00,38.86000061035156,38.880001068115234,38.83000183105469,38.83000183105469,1180,0.0,0.0
2024-08-26 10:15:00-04:00,38.78499984741211,38.78499984741211,38.70000076293945,38.70000076293945,478,0.0,0.0
2024-08-26 10:35:00-04:00,38.540000915527344,38.540000915527344,38.540000915527344,38.540000915527344,289,0.0,0.0
2024-08-26 11:15:00-04:00,38.47999954223633,38.47999954223633,38.47999954223633,38.47999954223633,824,0.0,0.0
2024-08-26 11:40:00-04:00,38.540000915527344,38.540000915527344,38.540000915527344,38.540000915527344,456,0.0,0.0
2024-08-26 11:45:00-04:00,38.459999084472656,38.459999084472656,38.459999084472656,38.459999084472656,419,0.0,0.0
2024-08-26 12:15:00-04:00,38.400001525878906,38.400001525878906,38.400001525878906,38.400001525878906,691,0.0,0.0
2024-08-26 12:25:00-04:00,38.40290069580078,38.40290069580078,38.3650016784668,38.3650016784668,540,0.0,0.0
2024-08-26 12:30:00-04:00,38.3650016784668,38.3650016784668,38.3650016784668,38.3650016784668,138,0.0,0.0
2024-08-26 12:40:00-04:00,38.380001068115234,38.43000030517578,38.36000061035156,38.43000030517578,1411,0.0,0.0
2024-08-26 12:45:00-04:00,38.43000030517578,38.43000030517578,38.43000030517578,38.43000030517578,1007,0.0,0.0
2024-08-26 12:50:00-04:00,38.560001373291016,38.560001373291016,38.560001373291016,38.560001373291016,477,0.0,0.0
2024-08-26 13:05:00-04:00,38.58000183105469,38.58000183105469,38.58000183105469,38.58000183105469,241,0.0,0.0
2024-08-26 13:15:00-04:00,38.6150016784668,38.6150016784668,38.6150016784668,38.6150016784668,328,0.0,0.0
2024-08-26 13:25:00-04:00,38.66999816894531,38.66999816894531,38.66999816894531,38.66999816894531,329,0.0,0.0
2024-08-26 13:30:00-04:00,38.689998626708984,38.709999084472656,38.689998626708984,38.709999084472656,620,0.0,0.0
2024-08-26 13:35:00-04:00,38.68000030517578,38.689998626708984,38.68000030517578,38.689998626708984,524,0.0,0.0
2024-08-26 13:45:00-04:00,38.689998626708984,38.689998626708984,38.6349983215332,38.689998626708984,1584,0.0,0.0
2024-08-26 13:55:00-04:00,38.65999984741211,38.65999984741211,38.65999984741211,38.65999984741211,326,0.0,0.0
2024-08-26 14:00:00-04:00,38.65999984741211,38.70000076293945,38.65999984741211,38.70000076293945,1508,0.0,0.0
2024-08-26 14:05:00-04:00,38.709999084472656,38.77000045776367,38.709999084472656,38.720001220703125,3226,0.0,0.0
2024-08-26 14:15:00-04:00,38.68170166015625,38.7599983215332,38.68170166015625,38.7599983215332,1645,0.0,0.0
2024-08-26 14:20:00-04:00,38.7599983215332,38.7599983215332,38.7599983215332,38.7599983215332,206,0.0,0.0
2024-08-26 14:25:00-04:00,38.7599983215332,38.79999923706055,38.7599983215332,38.79999923706055,1241,0.0,0.0
2024-08-26 14:35:00-04:00,38.810001373291016,38.845001220703125,38.810001373291016,38.845001220703125,998,0.0,0.0
2024-08-26 14:50:00-04:00,38.90999984741211,38.91999816894531,38.90999984741211,38.91999816894531,693,0.0,0.0
2024-08-26 15:00:00-04:00,38.95000076293945,38.970001220703125,38.93000030517578,38.93000030517578,1264,0.0,0.0
2024-08-26 15:10:00-04:00,38.959999084472656,38.974998474121094,38.95000076293945,38.970001220703125,1176,0.0,0.0
2024-08-26 15:15:00-04:00,38.939998626708984,38.98500061035156,38.939998626708984,38.98500061035156,2401,0.0,0.0
2024-08-26 15:20:00-04:00,38.98500061035156,38.98500061035156,38.95000076293945,38.95000076293945,1929,0.0,0.0
2024-08-26 15:25:00-04:00,38.880001068115234,38.880001068115234,38.880001068115234,38.880001068115234,238,0.0,0.0
2024-08-26 15:30:00-04:00,38.91999816894531,39.0,38.91999816894531,39.0,2674,0.0,0.0
2024-08-26 15:35:00-04:00,38.95000076293945,39.0,38.939998626708984,38.959999084472656,16609,0.0,0.0
2024-08-26 15:40:00-04:00,38.94499969482422,38.970001220703125,38.91999816894531,38.93000030517578,5556,0.0,0.0
2024-08-26 15:45:00-04:00,38.93000030517578,39.0,38.93000030517578,39.0,8291,0.0,0.0
2024-08-26 15:50:00-04:00,39.0099983215332,39.0099983215332,38.91999816894531,38.91999816894531,2551,0.0,0.0
2024-08-26 15:55:00-04:00,38.939998626708984,38.95000076293945,38.90999984741211,38.95000076293945,4553,0.0,0.0
2024-08-27 09:30:00-04:00,38.970001220703125,38.970001220703125,38.90999984741211,38.90999984741211,1309,0.0,0.0
2024-08-27 10:00:00-04:00,39.040000915527344,39.040000915527344,39.040000915527344,39.040000915527344,328,0.0,0.0
2024-08-27 10:10:00-04:00,39.040000915527344,39.040000915527344,38.97999954223633,38.97999954223633,737,0.0,0.0
2024-08-27 10:15:00-04:00,39.02000045776367,39.02000045776367,39.02000045776367,39.02000045776367,570,0.0,0.0
2024-08-27 10:30:00-04:00,39.11000061035156,39.11000061035156,39.084999084472656,39.084999084472656,898,0.0,0.0
2024-08-27 10:40:00-04:00,39.2599983215332,39.2599983215332,39.2599983215332,39.2599983215332,507,0.0,0.0
2024-08-27 11:05:00-04:00,39.32500076293945,39.32500076293945,39.32500076293945,39.32500076293945,404,0.0,0.0
2024-08-27 11:15:00-04:00,39.25,39.25,39.25,39.25,1118,0.0,0.0
2024-08-27 11:20:00-04:00,39.2400016784668,39.2400016784668,39.2400016784668,39.2400016784668,138,0.0,0.0
2024-08-27 11:25:00-04:00,39.2400016784668,39.2400016784668,39.2400016784668,39.2400016784668,376,0.0,0.0
2024-08-27 11:40:00-04:00,39.290000915527344,39.290000915527344,39.290000915527344,39.290000915527344,201,0.0,0.0
2024-08-27 11:45:00-04:00,39.290000915527344,39.290000915527344,39.290000915527344,39.290000915527344,152,0.0,0.0
2024-08-27 11:55:00-04:00,39.224998474121094,39.224998474121094,39.224998474121094,39.224998474121094,193,0.0,0.0
2024-08-27 12:05:00-04:00,39.15010070800781,39.40999984741211,39.15010070800781,39.40999984741211,1358,0.0,0.0
2024-08-27 12:10:00-04:00,39.40999984741211,39.40999984741211,39.40999984741211,39.40999984741211,313,0.0,0.0
2024-08-27 12:25:00-04:00,39.40999984741211,39.40999984741211,39.40999984741211,39.40999984741211,699,0.0,0.0
2024-08-27 12:35:00-04:00,39.4900016784668,39.4900016784668,39.41999816894531,39.41999816894531,1082,0.0,0.0
2024-08-27 12:55:00-04:00,39.435001373291016,39.459999084472656,39.435001373291016,39.459999084472656,922,0.0,0.0
2024-08-27 13:35:00-04:00,39.459999084472656,39.459999084472656,39.40999984741211,39.40999984741211,1388,0.0,0.0
2024-08-27 14:00:00-04:00,39.560001373291016,39.560001373291016,39.560001373291016,39.560001373291016,104,0.0,0.0
2024-08-27 14:05:00-04:00,39.56999969482422,39.56999969482422,39.56999969482422,39.56999969482422,919,0.0,0.0
2024-08-27 14:10:00-04:00,39.619998931884766,39.619998931884766,39.619998931884766,39.619998931884766,218,0.0,0.0
2024-08-27 14:15:00-04:00,39.6150016784668,39.6150016784668,39.6150016784668,39.6150016784668,145,0.0,0.0
2024-08-27 14:25:00-04:00,39.619998931884766,39.650001525878906,39.619998931884766,39.650001525878906,474,0.0,0.0
2024-08-27 14:30:00-04:00,39.619998931884766,39.619998931884766,39.619998931884766,39.619998931884766,212,0.0,0.0
2024-08-27 14:45:00-04:00,39.599998474121094,39.599998474121094,39.599998474121094,39.599998474121094,179,0.0,0.0
2024-08-27 14:50:00-04:00,39.59000015258789,39.61000061035156,39.59000015258789,39.61000061035156,1179,0.0,0.0
2024-08-27 15:00:00-04:00,39.61600112915039,39.61600112915039,39.61600112915039,39.61600112915039,359,0.0,0.0
2024-08-27 15:05:00-04:00,39.63999938964844,39.63999938964844,39.63999938964844,39.63999938964844,258,0.0,0.0
2024-08-27 15:10:00-04:00,39.650001525878906,39.66999816894531,39.650001525878906,39.65999984741211,1103,0.0,0.0
2024-08-27 15:15:00-04:00,39.619998931884766,39.619998931884766,39.619998931884766,39.619998931884766,402,0.0,0.0
2024-08-27 15:20:00-04:00,39.58000183105469,39.58000183105469,39.58000183105469,39.58000183105469,147,0.0,0.0
2024-08-27 15:25:00-04:00,39.630001068115234,39.630001068115234,39.630001068115234,39.630001068115234,125,0.0,0.0
2024-08-27 15:30:00-04:00,39.56999969482422,39.595001220703125,39.56999969482422,39.595001220703125,890,0.0,0.0
2024-08-27 15:35:00-04:00,39.52000045776367,39.52000045776367,39.4900016784668,39.4900016784668,591,0.0,0.0
2024-08-27 15:40:00-04:00,39.52000045776367,39.52000045776367,39.52000045776367,39.52000045776367,1414,0.0,0.0
2024-08-27 15:50:00-04:00,39.529998779296875,39.560001373291016,39.5,39.5099983215332,2410,0.0,0.0
2024-08-27 15:55:00-04:00,39.5099983215332,39.5099983215332,39.38999938964844,39.43000030517578,4504,0.0,0.0
2024-08-28 09:30:00-04:00,39.560001373291016,39.560001373291016,39.560001373291016,39.560001373291016,547,0.0,0.0
2024-08-28 10:15:00-04:00,39.470001220703125,39.470001220703125,39.470001220703125,39.470001220703125,113,0.0,0.0
2024-08-28 10:30:00-04:00,39.42399978637695,39.42399978637695,39.42399978637695,39.42399978637695,839,0.0,0.0
2024-08-28 10:55:00-04:00,39.650001525878906,39.650001525878906,39.650001525878906,39.650001525878906,329,0.0,0.0
2024-08-28 11:00:00-04:00,39.529998779296875,39.529998779296875,39.5,39.5,1350,0.0,0.0
2024-08-28 11:35:00-04:00,39.54999923706055,39.54999923706055,39.54999923706055,39.54999923706055,295,0.0,0.0
2024-08-28 11:50:00-04:00,39.59000015258789,39.68000030517578,39.59000015258789,39.68000030517578,2125,0.0,0.0
2024-08-28 12:15:00-04:00,39.56999969482422,39.56999969482422,39.55500030517578,39.564998626708984,804,0.0,0.0
2024-08-28 12:25:00-04:00,39.470001220703125,39.470001220703125,39.470001220703125,39.470001220703125,370,0.0,0.0
2024-08-28 12:30:00-04:00,39.52000045776367,39.52000045776367,39.52000045776367,39.52000045776367,105,0.0,0.0
2024-08-28 12:35:00-04:00,39.52000045776367,39.54999923706055,39.5099983215332,39.52000045776367,878,0.0,0.0
2024-08-28 12:40:00-04:00,39.52000045776367,39.52000045776367,39.52000045776367,39.52000045776367,272,0.0,0.0
2024-08-28 12:55:00-04:00,39.529998779296875,39.529998779296875,39.529998779296875,39.529998779296875,234,0.0,0.0
2024-08-28 13:10:00-04:00,39.540000915527344,39.540000915527344,39.525001525878906,39.525001525878906,601,0.0,0.0
2024-08-28 13:30:00-04:00,39.560001373291016,39.560001373291016,39.560001373291016,39.560001373291016,639,0.0,0.0
2024-08-28 13:35:00-04:00,39.619998931884766,39.619998931884766,39.619998931884766,39.619998931884766,309,0.0,0.0
2024-08-28 13:45:00-04:00,39.619998931884766,39.619998931884766,39.61000061035156,39.6150016784668,711,0.0,0.0
2024-08-28 13:55:00-04:00,39.59000015258789,39.59000015258789,39.560001373291016,39.560001373291016,1276,0.0,0.0
2024-08-28 14:10:00-04:00,39.54999923706055,39.54999923706055,39.54999923706055,39.54999923706055,143,0.0,0.0
2024-08-28 14:25:00-04:00,39.54499816894531,39.54499816894531,39.45000076293945,39.47999954223633,1001,0.0,0.0
2024-08-28 14:30:00-04:00,39.5,39.5,39.47999954223633,39.47999954223633,781,0.0,0.0
2024-08-28 14:35:00-04:00,39.4900016784668,39.4900016784668,39.470001220703125,39.470001220703125,1017,0.0,0.0
2024-08-28 14:40:00-04:00,39.4900016784668,39.4900016784668,39.47999954223633,39.47999954223633,1457,0.0,0.0
2024-08-28 14:50:00-04:00,39.540000915527344,39.59000015258789,39.540000915527344,39.59000015258789,436,0.0,0.0
2024-08-28 14:55:00-04:00,39.59000015258789,39.630001068115234,39.59000015258789,39.630001068115234,657,0.0,0.0
2024-08-28 15:00:00-04:00,39.65999984741211,39.689998626708984,39.65999984741211,39.689998626708984,413,0.0,0.0
2024-08-28 15:05:00-04:00,39.68000030517578,39.68000030517578,39.599998474121094,39.599998474121094,1481,0.0,0.0
2024-08-28 15:10:00-04:00,39.58000183105469,39.58000183105469,39.505001068115234,39.505001068115234,826,0.0,0.0
2024-08-28 15:15:00-04:00,39.54499816894531,39.54499816894531,39.525001525878906,39.525001525878906,636,0.0,0.0
2024-08-28 15:20:00-04:00,39.54999923706055,39.564998626708984,39.529998779296875,39.540000915527344,1188,0.0,0.0
2024-08-28 15:25:00-04:00,39.56999969482422,39.57500076293945,39.540000915527344,39.57500076293945,671,0.0,0.0
2024-08-28 15:30:00-04:00,39.58000183105469,39.58000183105469,39.560001373291016,39.564998626708984,947,0.0,0.0
2024-08-28 15:35:00-04:00,39.529998779296875,39.59000015258789,39.5099983215332,39.59000015258789,1903,0.0,0.0
2024-08-28 15:40:00-04:00,39.529998779296875,39.540000915527344,39.529998779296875,39.540000915527344,1500,0.0,0.0
2024-08-28 15:45:00-04:00,39.560001373291016,39.61000061035156,39.560001373291016,39.60499954223633,2374,0.0,0.0
2024-08-28 15:50:00-04:00,39.540000915527344,39.59000015258789,39.525001525878906,39.54999923706055,2609,0.0,0.0
2024-08-28 15:55:00-04:00,39.630001068115234,39.689998626708984,39.58000183105469,39.58000183105469,5185,0.0,0.0
2024-08-29 09:30:00-04:00,39.880001068115234,39.880001068115234,39.880001068115234,39.880001068115234,1176,0.0,0.0
2024-08-29 10:05:00-04:00,40.02000045776367,40.02000045776367,39.970001220703125,40.01499938964844,1458,0.0,0.0
2024-08-29 10:10:00-04:00,40.0,40.0,40.0,40.0,205,0.0,0.0
2024-08-29 10:15:00-04:00,39.904998779296875,39.904998779296875,39.904998779296875,39.904998779296875,874,0.0,0.0
2024-08-29 10:35:00-04:00,40.08000183105469,40.20000076293945,40.08000183105469,40.20000076293945,392,0.0,0.0
2024-08-29 10:45:00-04:00,40.2150993347168,40.2150993347168,40.2150993347168,40.2150993347168,120,0.0,0.0
2024-08-29 10:50:00-04:00,40.27000045776367,40.27000045776367,40.27000045776367,40.27000045776367,926,0.0,0.0
2024-08-29 11:05:00-04:00,40.33000183105469,40.380001068115234,40.27000045776367,40.34000015258789,2472,0.0,0.0
2024-08-29 11:50:00-04:00,40.3849983215332,40.3849983215332,40.3849983215332,40.3849983215332,391,0.0,0.0
2024-08-29 12:00:00-04:00,40.47999954223633,40.47999954223633,40.47999954223633,40.47999954223633,459,0.0,0.0
2024-08-29 12:05:00-04:00,40.61000061035156,40.61000061035156,40.61000061035156,40.61000061035156,1868,0.0,0.0
2024-08-29 12:10:00-04:00,40.72999954223633,40.76499938964844,40.72999954223633,40.76499938964844,281,0.0,0.0
2024-08-29 12:15:00-04:00,40.71500015258789,40.71500015258789,40.65999984741211,40.709999084472656,1810,0.0,0.0
2024-08-29 12:20:00-04:00,40.65999984741211,40.65999984741211,40.6349983215332,40.6349983215332,508,0.0,0.0
2024-08-29 12:25:00-04:00,40.56999969482422,40.61000061035156,40.56999969482422,40.61000061035156,845,0.0,0.0
2024-08-29 12:50:00-04:00,40.099998474121094,40.10499954223633,40.06999969482422,40.06999969482422,1222,0.0,0.0
2024-08-29 12:55:00-04:00,40.06999969482422,40.08000183105469,40.06999969482422,40.08000183105469,869,0.0,0.0
2024-08-29 13:05:00-04:00,40.093299865722656,40.093299865722656,40.093299865722656,40.093299865722656,222,0.0,0.0
2024-08-29 13:10:00-04:00,40.02000045776367,40.06999969482422,39.970001220703125,40.06999969482422,819,0.0,0.0
2024-08-29 13:20:00-04:00,39.97999954223633,39.97999954223633,39.97999954223633,39.97999954223633,116,0.0,0.0
2024-08-29 13:25:00-04:00,39.970001220703125,39.970001220703125,39.970001220703125,39.970001220703125,237,0.0,0.0
2024-08-29 13:35:00-04:00,39.95000076293945,39.9900016784668,39.939998626708984,39.970001220703125,2448,0.0,0.0
2024-08-29 13:45:00-04:00,39.974998474121094,40.0,39.974998474121094,40.0,203,0.0,0.0
2024-08-29 13:50:00-04:00,40.029998779296875,40.040000915527344,40.029998779296875,40.040000915527344,549,0.0,0.0
2024-08-29 14:00:00-04:00,40.11000061035156,40.11000061035156,40.11000061035156,40.11000061035156,482,0.0,0.0
2024-08-29 14:10:00-04:00,40.06999969482422,40.06999969482422,40.06999969482422,40.06999969482422,403,0.0,0.0
2024-08-29 14:15:00-04:00,40.04999923706055,40.04999923706055,39.970001220703125,39.970001220703125,3736,0.0,0.0
2024-08-29 14:25:00-04:00,39.939998626708984,39.939998626708984,39.849998474121094,39.849998474121094,631,0.0,0.0
2024-08-29 14:30:00-04:00,39.779998779296875,39.779998779296875,39.779998779296875,39.779998779296875,204,0.0,0.0
2024-08-29 14:35:00-04:00,39.689998626708984,39.689998626708984,39.689998626708984,39.689998626708984,156,0.0,0.0
2024-08-29 14:40:00-04:00,39.70399856567383,39.70399856567383,39.70399856567383,39.70399856567383,275,0.0,0.0
2024-08-29 14:50:00-04:00,39.61000061035156,39.63999938964844,39.61000061035156,39.63999938964844,1175,0.0,0.0
2024-08-29 14:55:00-04:00,39.66999816894531,39.68000030517578,39.66999816894531,39.68000030517578,1078,0.0,0.0
2024-08-29 15:00:00-04:00,39.68000030517578,39.83000183105469,39.68000030517578,39.83000183105469,6676,0.0,0.0
2024-08-29 15:05:00-04:00,39.77000045776367,39.77000045776367,39.77000045776367,39.77000045776367,269,0.0,0.0
2024-08-29 15:10:00-04:00,39.72999954223633,39.72999954223633,39.65999984741211,39.65999984741211,2623,0.0,0.0
2024-08-29 15:15:00-04:00,39.68000030517578,39.79999923706055,39.68000030517578,39.7599983215332,1734,0.0,0.0
2024-08-29 15:45:00-04:00,39.54999923706055,39.689998626708984,39.54999923706055,39.63999938964844,3942,0.0,0.0
2024-08-29 15:50:00-04:00,39.58000183105469,39.58000183105469,39.52000045776367,39.52000045776367,1022,0.0,0.0
2024-08-29 15:55:00-04:00,39.56999969482422,39.56999969482422,39.40999984741211,39.52000045776367,7845,0.0,0.0
2024-08-30 09:45:00-04:00,39.7599983215332,39.7599983215332,39.630001068115234,39.630001068115234,1534,0.0,0.0
2024-08-30 10:10:00-04:00,39.64500045776367,39.64500045776367,39.630001068115234,39.630001068115234,296,0.0,0.0
2024-08-30 10:15:00-04:00,39.6349983215332,39.6349983215332,39.6349983215332,39.6349983215332,410,0.0,0.0
2024-08-30 10:20:00-04:00,39.45000076293945,39.45000076293945,39.45000076293945,39.45000076293945,995,0.0,0.0
2024-08-30 10:30:00-04:00,39.41999816894531,39.41999816894531,39.41999816894531,39.41999816894531,198,0.0,0.0
2024-08-30 10:45:00-04:00,39.5,39.5,39.5,39.5,110,0.0,0.0
2024-08-30 10:50:00-04:00,39.5,39.5,39.47999954223633,39.47999954223633,1110,0.0,0.0
2024-08-30 10:55:00-04:00,39.439998626708984,39.439998626708984,39.43000030517578,39.43000030517578,790,0.0,0.0
2024-08-30 11:10:00-04:00,39.46500015258789,39.46500015258789,39.46500015258789,39.46500015258789,221,0.0,0.0
2024-08-30 11:15:00-04:00,39.43000030517578,39.43000030517578,39.43000030517578,39.43000030517578,249,0.0,0.0
2024-08-30 11:20:00-04:00,39.349998474121094,39.349998474121094,39.349998474121094,39.349998474121094,453,0.0,0.0
2024-08-30 11:30:00-04:00,39.33000183105469,39.33000183105469,39.33000183105469,39.33000183105469,396,0.0,0.0
2024-08-30 11:45:00-04:00,39.35100173950195,39.35100173950195,39.33000183105469,39.33000183105469,756,0.0,0.0
2024-08-30 12:05:00-04:00,39.54999923706055,39.54999923706055,39.54999923706055,39.54999923706055,161,0.0,0.0
2024-08-30 12:10:00-04:00,39.560001373291016,39.56999969482422,39.560001373291016,39.56999969482422,566,0.0,0.0
2024-08-30 12:15:00-04:00,39.56999969482422,39.56999969482422,39.56999969482422,39.56999969482422,298,0.0,0.0
2024-08-30 12:20:00-04:00,39.58000183105469,39.59000015258789,39.58000183105469,39.584999084472656,1179,0.0,0.0
2024-08-30 12:35:00-04:00,39.439998626708984,39.439998626708984,39.439998626708984,39.439998626708984,285,0.0,0.0
2024-08-30 13:00:00-04:00,39.619998931884766,39.619998931884766,39.619998931884766,39.619998931884766,756,0.0,0.0
2024-08-30 13:25:00-04:00,39.61399841308594,39.61399841308594,39.61399841308594,39.61399841308594,263,0.0,0.0
2024-08-30 13:30:00-04:00,39.56999969482422,39.56999969482422,39.560001373291016,39.560001373291016,943,0.0,0.0
2024-08-30 13:45:00-04:00,39.59000015258789,39.61000061035156,39.59000015258789,39.61000061035156,2203,0.0,0.0
2024-08-30 14:25:00-04:00,39.7599983215332,39.77000045776367,39.7599983215332,39.77000045776367,822,0.0,0.0
2024-08-30 14:30:00-04:00,39.7400016784668,39.7400016784668,39.72999954223633,39.72999954223633,676,0.0,0.0
2024-08-30 14:40:00-04:00,39.709999084472656,39.709999084472656,39.709999084472656,39.709999084472656,495,0.0,0.0
2024-08-30 14:45:00-04:00,39.720001220703125,39.720001220703125,39.720001220703125,39.720001220703125,232,0.0,0.0
2024-08-30 14:50:00-04:00,39.75,39.75,39.75,39.75,505,0.0,0.0
2024-08-30 14:55:00-04:00,39.70000076293945,39.70000076293945,39.70000076293945,39.70000076293945,474,0.0,0.0
2024-08-30 15:00:00-04:00,39.70000076293945,39.70000076293945,39.70000076293945,39.70000076293945,182,0.0,0.0
2024-08-30 15:05:00-04:00,39.69900131225586,39.69900131225586,39.69900131225586,39.69900131225586,563,0.0,0.0
2024-08-30 15:15:00-04:00,39.619998931884766,39.65999984741211,39.619998931884766,39.65999984741211,722,0.0,0.0
2024-08-30 15:20:00-04:00,39.75,39.75,39.75,39.75,356,0.0,0.0
2024-08-30 15:30:00-04:00,39.81999969482422,39.81999969482422,39.81999969482422,39.81999969482422,1353,0.0,0.0
2024-08-30 15:40:00-04:00,39.810001373291016,39.810001373291016,39.810001373291016,39.810001373291016,1421,0.0,0.0
2024-08-30 15:45:00-04:00,39.77000045776367,39.86000061035156,39.77000045776367,39.86000061035156,2266,0.0,0.0
2024-08-30 15:50:00-04:00,39.84000015258789,39.84000015258789,39.810001373291016,39.810001373291016,3086,0.0,0.0
2024-08-30 15:55:00-04:00,39.72999954223633,39.75,39.619998931884766,39.619998931884766,5270,0.0,0.0
2024-09-03 09:30:00-04:00,39.290000915527344,39.290000915527344,39.16999816894531,39.16999816894531,816,0.0,0.0
2024-09-03 09:50:00-04:00,39.52000045776367,39.60499954223633,39.494998931884766,39.494998931884766,1065,0.0,0.0
2024-09-03 10:00:00-04:00,39.41999816894531,39.41999816894531,39.41999816894531,39.41999816894531,620,0.0,0.0
2024-09-03 10:10:00-04:00,39.45000076293945,39.45000076293945,39.45000076293945,39.45000076293945,810,0.0,0.0
2024-09-03 10:20:00-04:00,39.439998626708984,39.439998626708984,39.439998626708984,39.439998626708984,304,0.0,0.0
2024-09-03 10:25:00-04:00,39.56999969482422,39.56999969482422,39.56999969482422,39.56999969482422,249,0.0,0.0
2024-09-03 10:30:00-04:00,39.56999969482422,39.56999969482422,39.56999969482422,39.56999969482422,628,0.0,0.0
2024-09-03 10:40:00-04:00,39.43000030517578,39.43000030517578,39.43000030517578,39.43000030517578,522,0.0,0.0
2024-09-03 10:45:00-04:00,39.47999954223633,39.47999954223633,39.470001220703125,39.470001220703125,480,0.0,0.0
2024-09-03 10:50:00-04:00,39.5,39.5,39.494998931884766,39.494998931884766,495,0.0,0.0
2024-09-03 11:00:00-04:00,39.54999923706055,39.599998474121094,39.54999923706055,39.56999969482422,1046,0.0,0.0
2024-09-03 11:10:00-04:00,39.68000030517578,39.68000030517578,39.68000030517578,39.68000030517578,235,0.0,0.0
2024-09-03 11:25:00-04:00,39.599998474121094,39.599998474121094,39.59000015258789,39.59000015258789,1053,0.0,0.0
2024-09-03 11:40:00-04:00,39.380001068115234,39.380001068115234,39.380001068115234,39.380001068115234,388,0.0,0.0
2024-09-03 11:50:00-04:00,39.34000015258789,39.34000015258789,39.34000015258789,39.34000015258789,504,0.0,0.0
2024-09-03 12:05:00-04:00,39.310001373291016,39.310001373291016,39.310001373291016,39.310001373291016,345,0.0,0.0
2024-09-03 12:10:00-04:00,39.26499938964844,39.26499938964844,39.26499938964844,39.26499938964844,1469,0.0,0.0
2024-09-03 13:05:00-04:00,38.779998779296875,38.81999969482422,38.619998931884766,38.790000915527344,2050,0.0,0.0
2024-09-03 13:10:00-04:00,38.869998931884766,38.869998931884766,38.869998931884766,38.869998931884766,233,0.0,0.0
2024-09-03 13:15:00-04:00,38.76499938964844,38.76499938964844,38.650001525878906,38.70000076293945,1586,0.0,0.0
2024-09-03 13:20:00-04:00,38.72999954223633,38.7599983215332,38.72999954223633,38.7599983215332,961,0.0,0.0
2024-09-03 13:30:00-04:00,38.75,38.75,38.689998626708984,38.70500183105469,1089,0.0,0.0
2024-09-03 13:45:00-04:00,38.68000030517578,38.68000030517578,38.68000030517578,38.68000030517578,104,0.0,0.0
2024-09-03 13:50:00-04:00,38.68000030517578,38.869998931884766,38.68000030517578,38.869998931884766,1746,0.0,0.0
2024-09-03 13:55:00-04:00,38.7400016784668,38.7400016784668,38.7400016784668,38.7400016784668,165,0.0,0.0
2024-09-03 14:00:00-04:00,38.77399826049805,38.77399826049805,38.77399826049805,38.77399826049805,715,0.0,0.0
2024-09-03 14:15:00-04:00,38.66999816894531,38.66999816894531,38.66999816894531,38.66999816894531,885,0.0,0.0
2024-09-03 14:45:00-04:00,38.529998779296875,38.529998779296875,38.529998779296875,38.529998779296875,610,0.0,0.0
2024-09-03 14:50:00-04:00,38.56999969482422,38.619998931884766,38.56999969482422,38.619998931884766,1266,0.0,0.0
2024-09-03 15:10:00-04:00,38.505001068115234,38.505001068115234,38.505001068115234,38.505001068115234,207,0.0,0.0
2024-09-03 15:15:00-04:00,38.47999954223633,38.5,38.47999954223633,38.5,302,0.0,0.0
2024-09-03 15:20:00-04:00,38.45000076293945,38.45000076293945,38.40999984741211,38.40999984741211,672,0.0,0.0
2024-09-03 15:40:00-04:00,38.23500061035156,38.45000076293945,38.23500061035156,38.45000076293945,4627,0.0,0.0
2024-09-03 15:45:00-04:00,38.380001068115234,38.459999084472656,38.380001068115234,38.459999084472656,1116,0.0,0.0
2024-09-03 15:50:00-04:00,38.43000030517578,38.43000030517578,38.43000030517578,38.43000030517578,766,0.0,0.0
2024-09-03 15:55:00-04:00,38.470001220703125,38.5,38.470001220703125,38.47999954223633,4250,0.0,0.0
2024-09-04 09:35:00-04:00,38.564998626708984,38.564998626708984,38.564998626708984,38.564998626708984,0,0.0,0.0
2024-09-04 09:55:00-04:00,38.810001373291016,38.849998474121094,38.810001373291016,38.849998474121094,1014,0.0,0.0
2024-09-04 10:00:00-04:00,38.75,38.75,38.619998931884766,38.68000030517578,995,0.0,0.0
2024-09-04 10:05:00-04:00,38.65999984741211,38.75,38.65999984741211,38.75,1547,0.0,0.0
2024-09-04 10:15:00-04:00,38.665000915527344,38.665000915527344,38.665000915527344,38.665000915527344,265,0.0,0.0
2024-09-04 10:30:00-04:00,38.70000076293945,38.70000076293945,38.70000076293945,38.70000076293945,222,0.0,0.0
2024-09-04 10:35:00-04:00,38.66999816894531,38.66999816894531,38.66999816894531,38.66999816894531,281,0.0,0.0
2024-09-04 10:40:00-04:00,38.7599983215332,38.79999923706055,38.7599983215332,38.79999923706055,1046,0.0,0.0
2024-09-04 11:00:00-04:00,38.89500045776367,38.89500045776367,38.875,38.875,840,0.0,0.0
2024-09-04 11:10:00-04:00,38.875,38.875,38.79999923706055,38.79999923706055,1026,0.0,0.0
2024-09-04 11:15:00-04:00,38.72999954223633,38.72999954223633,38.72999954223633,38.72999954223633,139,0.0,0.0
2024-09-04 11:20:00-04:00,38.72999954223633,38.72999954223633,38.72999954223633,38.72999954223633,658,0.0,0.0
2024-09-04 11:25:00-04:00,38.68000030517578,38.720001220703125,38.68000030517578,38.68000030517578,1693,0.0,0.0
2024-09-04 11:30:00-04:00,38.599998474121094,38.599998474121094,38.599998474121094,38.599998474121094,474,0.0,0.0
2024-09-04 11:50:00-04:00,38.619998931884766,38.619998931884766,38.619998931884766,38.619998931884766,1082,0.0,0.0
2024-09-04 11:55:00-04:00,38.560001373291016,38.630001068115234,38.560001373291016,38.630001068115234,601,0.0,0.0
2024-09-04 12:00:00-04:00,38.599998474121094,38.599998474121094,38.599998474121094,38.599998474121094,656,0.0,0.0
2024-09-04 12:15:00-04:00,38.599998474121094,38.599998474121094,38.599998474121094,38.599998474121094,1689,0.0,0.0
2024-09-04 12:40:00-04:00,38.60499954223633,38.60499954223633,38.60499954223633,38.60499954223633,503,0.0,0.0
2024-09-04 12:50:00-04:00,38.630001068115234,38.630001068115234,38.630001068115234,38.630001068115234,522,0.0,0.0
2024-09-04 13:00:00-04:00,38.54999923706055,38.54999923706055,38.54999923706055,38.54999923706055,427,0.0,0.0
2024-09-04 13:10:00-04:00,38.54999923706055,38.54999923706055,38.54999923706055,38.54999923706055,469,0.0,0.0
2024-09-04 13:25:00-04:00,38.540000915527344,38.540000915527344,38.540000915527344,38.540000915527344,234,0.0,0.0
2024-09-04 13:30:00-04:00,38.5,38.5,38.5,38.5,799,0.0,0.0
2024-09-04 13:50:00-04:00,38.369998931884766,38.369998931884766,38.369998931884766,38.369998931884766,543,0.0,0.0
2024-09-04 13:55:00-04:00,38.34000015258789,38.38999938964844,38.34000015258789,38.38999938964844,1387,0.0,0.0
2024-09-04 14:00:00-04:00,38.40999984741211,38.40999984741211,38.40999984741211,38.40999984741211,559,0.0,0.0
2024-09-04 14:05:00-04:00,38.39500045776367,38.400001525878906,38.39500045776367,38.400001525878906,322,0.0,0.0
2024-09-04 14:10:00-04:00,38.409000396728516,38.41999816894531,38.409000396728516,38.41999816894531,1269,0.0,0.0
2024-09-04 14:15:00-04:00,38.470001220703125,38.470001220703125,38.470001220703125,38.470001220703125,277,0.0,0.0
2024-09-04 14:25:00-04:00,38.47999954223633,38.47999954223633,38.47999954223633,38.47999954223633,1100,0.0,0.0
2024-09-04 14:50:00-04:00,38.36000061035156,38.36000061035156,38.36000061035156,38.36000061035156,816,0.0,0.0
2024-09-04 15:10:00-04:00,38.290000915527344,38.290000915527344,38.290000915527344,38.290000915527344,1136,0.0,0.0
2024-09-04 15:15:00-04:00,38.310001373291016,38.310001373291016,38.279998779296875,38.279998779296875,939,0.0,0.0
2024-09-04 15:20:00-04:00,38.33000183105469,38.33000183105469,38.33000183105469,38.33000183105469,840,0.0,0.0
2024-09-04 15:25:00-04:00,38.40999984741211,38.470001220703125,38.40999984741211,38.470001220703125,3810,0.0,0.0
2024-09-04 15:30:00-04:00,38.47999954223633,38.47999954223633,38.400001525878906,38.400001525878906,1030,0.0,0.0
2024-09-04 15:40:00-04:00,38.4900016784668,38.5,38.4900016784668,38.5,1123,0.0,0.0
2024-09-04 15:45:00-04:00,38.494998931884766,38.54999923706055,38.494998931884766,38.54999923706055,1018,0.0,0.0
2024-09-04 15:50:00-04:00,38.56999969482422,38.56999969482422,38.459999084472656,38.459999084472656,2571,0.0,0.0
2024-09-04 15:55:00-04:00,38.459999084472656,38.459999084472656,38.45000076293945,38.45000076293945,2913,0.0,0.0
2024-09-05 09:30:00-04:00,38.380001068115234,38.380001068115234,38.380001068115234,38.380001068115234,435,0.0,0.0
2024-09-05 09:35:00-04:00,38.41999816894531,38.41999816894531,38.41999816894531,38.41999816894531,243,0.0,0.0
2024-09-05 09:45:00-04:00,38.29999923706055,38.29999923706055,38.29999923706055,38.29999923706055,338,0.0,0.0
2024-09-05 09:50:00-04:00,38.38999938964844,38.38999938964844,38.38999938964844,38.38999938964844,1142,0.0,0.0
2024-09-05 10:00:00-04:00,38.560001373291016,38.619998931884766,38.560001373291016,38.599998474121094,932,0.0,0.0
2024-09-05 10:05:00-04:00,38.560001373291016,38.59000015258789,38.5099983215332,38.5099983215332,4558,0.0,0.0
2024-09-05 10:10:00-04:00,38.5099983215332,38.52000045776367,38.439998626708984,38.52000045776367,2558,0.0,0.0
2024-09-05 10:15:00-04:00,38.5,38.52000045776367,38.5,38.52000045776367,907,0.0,0.0
2024-09-05 10:20:00-04:00,38.529998779296875,38.58000183105469,38.529998779296875,38.56999969482422,2120,0.0,0.0
2024-09-05 10:25:00-04:00,38.54999923706055,38.54999923706055,38.47999954223633,38.47999954223633,1160,0.0,0.0
2024-09-05 10:30:00-04:00,38.45000076293945,38.49700164794922,38.45000076293945,38.49700164794922,456,0.0,0.0
2024-09-05 10:35:00-04:00,38.3849983215332,38.3849983215332,38.3849983215332,38.3849983215332,664,0.0,0.0
2024-09-05 10:40:00-04:00,38.529998779296875,38.529998779296875,38.529998779296875,38.529998779296875,738,0.0,0.0
2024-09-05 10:50:00-04:00,38.34000015258789,38.34000015258789,38.34000015258789,38.34000015258789,345,0.0,0.0
2024-09-05 11:10:00-04:00,38.290000915527344,38.290000915527344,38.290000915527344,38.290000915527344,693,0.0,0.0
2024-09-05 11:50:00-04:00,38.16999816894531,38.16999816894531,38.16999816894531,38.16999816894531,290,0.0,0.0
2024-09-05 12:05:00-04:00,38.02000045776367,38.02000045776367,38.02000045776367,38.02000045776367,857,0.0,0.0
2024-09-05 12:10:00-04:00,38.01499938964844,38.01499938964844,37.93000030517578,37.93000030517578,1551,0.0,0.0
2024-09-05 12:15:00-04:00,37.935001373291016,37.9900016784668,37.935001373291016,37.9900016784668,648,0.0,0.0
2024-09-05 12:25:00-04:00,37.97999954223633,37.97999954223633,37.97999954223633,37.97999954223633,1503,0.0,0.0
2024-09-05 12:40:00-04:00,37.790000915527344,37.875,37.790000915527344,37.875,3179,0.0,0.0
2024-09-05 12:45:00-04:00,37.875,37.875,37.81999969482422,37.849998474121094,1758,0.0,0.0
2024-09-05 12:55:00-04:00,37.80500030517578,37.849998474121094,37.80500030517578,37.80500030517578,2954,0.0,0.0
2024-09-05 13:00:00-04:00,37.84000015258789,37.970001220703125,37.84000015258789,37.970001220703125,4420,0.0,0.0
2024-09-05 13:05:00-04:00,37.96500015258789,38.029998779296875,37.95000076293945,37.95000076293945,5832,0.0,0.0
2024-09-05 13:15:00-04:00,37.880001068115234,37.880001068115234,37.880001068115234,37.880001068115234,330,0.0,0.0
2024-09-05 13:25:00-04:00,37.90999984741211,37.90999984741211,37.900001525878906,37.900001525878906,1478,0.0,0.0
2024-09-05 13:35:00-04:00,37.939998626708984,38.09000015258789,37.939998626708984,38.09000015258789,2690,0.0,0.0
2024-09-05 13:45:00-04:00,38.20000076293945,38.244998931884766,38.20000076293945,38.244998931884766,716,0.0,0.0
2024-09-05 13:50:00-04:00,38.2400016784668,38.2400016784668,38.2400016784668,38.2400016784668,1236,0.0,0.0
2024-09-05 14:15:00-04:00,38.20000076293945,38.20000076293945,38.20000076293945,38.20000076293945,260,0.0,0.0
2024-09-05 14:20:00-04:00,38.20000076293945,38.20000076293945,38.18000030517578,38.18000030517578,1227,0.0,0.0
2024-09-05 14:30:00-04:00,38.20000076293945,38.209999084472656,38.20000076293945,38.209999084472656,955,0.0,0.0
2024-09-05 14:35:00-04:00,38.244998931884766,38.244998931884766,38.244998931884766,38.244998931884766,261,0.0,0.0
2024-09-05 14:40:00-04:00,38.279998779296875,38.345001220703125,38.279998779296875,38.345001220703125,1017,0.0,0.0
2024-09-05 15:10:00-04:00,38.290000915527344,38.290000915527344,38.290000915527344,38.290000915527344,768,0.0,0.0
2024-09-05 15:15:00-04:00,38.18000030517578,38.18000030517578,38.18000030517578,38.18000030517578,584,0.0,0.0
2024-09-05 15:20:00-04:00,38.15999984741211,38.15999984741211,38.15999984741211,38.15999984741211,220,0.0,0.0
2024-09-05 15:25:00-04:00,38.189998626708984,38.20000076293945,38.189998626708984,38.20000076293945,1296,0.0,0.0
2024-09-05 15:35:00-04:00,38.375,38.375,38.31999969482422,38.31999969482422,1559,0.0,0.0
2024-09-05 15:45:00-04:00,38.2599983215332,38.29999923706055,38.2599983215332,38.29999923706055,929,0.0,0.0
2024-09-05 15:50:00-04:00,38.30500030517578,38.30500030517578,38.189998626708984,38.2400016784668,2229,0.0,0.0
2024-09-05 15:55:00-04:00,38.2400016784668,38.2400016784668,38.16999816894531,38.18000030517578,4162,0.0,0.0
2024-09-06 09:35:00-04:00,38.3849983215332,38.3849983215332,38.3849983215332,38.3849983215332,0,0.0,0.0
2024-09-06 09:45:00-04:00,38.25,38.25,38.24250030517578,38.244998931884766,437,0.0,0.0
2024-09-06 09:50:00-04:00,38.244998931884766,38.244998931884766,38.224998474121094,38.224998474121094,265,0.0,0.0
2024-09-06 10:00:00-04:00,38.119998931884766,38.119998931884766,38.10499954223633,38.10499954223633,772,0.0,0.0
2024-09-06 10:05:00-04:00,38.022499084472656,38.04999923706055,38.022499084472656,38.04999923706055,595,0.0,0.0
2024-09-06 10:20:00-04:00,37.849998474121094,37.849998474121094,37.849998474121094,37.849998474121094,123,0.0,0.0
2024-09-06 10:25:00-04:00,37.81999969482422,37.81999969482422,37.65999984741211,37.720001220703125,2387,0.0,0.0
2024-09-06 10:30:00-04:00,37.7400016784668,37.75,37.724998474121094,37.724998474121094,3059,0.0,0.0
2024-09-06 10:35:00-04:00,37.71500015258789,37.72999954223633,37.68000030517578,37.71500015258789,2200,0.0,0.0
2024-09-06 10:40:00-04:00,37.560001373291016,37.560001373291016,37.560001373291016,37.560001373291016,480,0.0,0.0
2024-09-06 10:45:00-04:00,37.55500030517578,37.55500030517578,37.55500030517578,37.55500030517578,274,0.0,0.0
2024-09-06 10:50:00-04:00,37.470001220703125,37.540000915527344,37.400001525878906,37.45500183105469,2246,0.0,0.0
2024-09-06 10:55:00-04:00,37.45000076293945,37.540000915527344,37.45000076293945,37.540000915527344,2313,0.0,0.0
2024-09-06 11:00:00-04:00,37.61000061035156,37.83000183105469,37.61000061035156,37.79499816894531,5656,0.0,0.0
2024-09-06 11:05:00-04:00,37.790000915527344,37.790000915527344,37.75,37.75,2673,0.0,0.0
2024-09-06 11:10:00-04:00,37.75,37.75,37.63999938964844,37.63999938964844,4756,0.0,0.0
2024-09-06 11:15:00-04:00,37.63999938964844,37.63999938964844,37.540000915527344,37.625,3385,0.0,0.0
2024-09-06 11:20:00-04:00,37.59000015258789,37.59000015258789,37.59000015258789,37.59000015258789,200,0.0,0.0
2024-09-06 11:25:00-04:00,37.595001220703125,37.595001220703125,37.540000915527344,37.54999923706055,4579,0.0,0.0
2024-09-06 11:30:00-04:00,37.540000915527344,37.599998474121094,37.540000915527344,37.54499816894531,1165,0.0,0.0
2024-09-06 11:35:00-04:00,37.53499984741211,37.53499984741211,37.45000076293945,37.45000076293945,1162,0.0,0.0
2024-09-06 11:40:00-04:00,37.470001220703125,37.529998779296875,37.470001220703125,37.529998779296875,1933,0.0,0.0
2024-09-06 11:45:00-04:00,37.53499984741211,37.53499984741211,37.51250076293945,37.51250076293945,787,0.0,0.0
2024-09-06 11:50:00-04:00,37.505001068115234,37.505001068115234,37.45000076293945,37.45000076293945,1652,0.0,0.0
2024-09-06 11:55:00-04:00,37.5099983215332,37.5099983215332,37.5099983215332,37.5099983215332,304,0.0,0.0
2024-09-06 12:00:00-04:00,37.560001373291016,37.56999969482422,37.54999923706055,37.54999923706055,3406,0.0,0.0
2024-09-06 12:05:00-04:00,37.59000015258789,37.59000015258789,37.57500076293945,37.57500076293945,1834,0.0,0.0
2024-09-06 12:10:00-04:00,37.470001220703125,37.470001220703125,37.470001220703125,37.470001220703125,1340,0.0,0.0
2024-09-06 12:20:00-04:00,37.415000915527344,37.415000915527344,37.415000915527344,37.415000915527344,198,0.0,0.0
2024-09-06 12:25:00-04:00,37.400001525878906,37.400001525878906,37.400001525878906,37.400001525878906,594,0.0,0.0
2024-09-06 12:30:00-04:00,37.369998931884766,37.400001525878906,37.369998931884766,37.380001068115234,2859,0.0,0.0
2024-09-06 12:35:00-04:00,37.40999984741211,37.41999816894531,37.380001068115234,37.380001068115234,2004,0.0,0.0
2024-09-06 12:40:00-04:00,37.36000061035156,37.380001068115234,37.36000061035156,37.380001068115234,1093,0.0,0.0
2024-09-06 12:45:00-04:00,37.349998474121094,37.349998474121094,37.345001220703125,37.345001220703125,2189,0.0,0.0
2024-09-06 12:55:00-04:00,37.34000015258789,37.47999954223633,37.34000015258789,37.45650100708008,5062,0.0,0.0
2024-09-06 13:00:00-04:00,37.45000076293945,37.45000076293945,37.45000076293945,37.45000076293945,213,0.0,0.0
2024-09-06 13:05:00-04:00,37.5,37.709999084472656,37.5,37.709999084472656,2215,0.0,0.0
2024-09-06 13:20:00-04:00,37.720001220703125,37.869998931884766,37.720001220703125,37.869998931884766,1743,0.0,0.0
2024-09-06 13:25:00-04:00,37.81999969482422,37.8650016784668,37.779998779296875,37.779998779296875,1612,0.0,0.0
2024-09-06 13:35:00-04:00,37.779998779296875,37.779998779296875,37.779998779296875,37.779998779296875,373,0.0,0.0
2024-09-06 13:40:00-04:00,37.83000183105469,37.84000015258789,37.790000915527344,37.790000915527344,1265,0.0,0.0
2024-09-06 13:50:00-04:00,37.79999923706055,37.79999923706055,37.790000915527344,37.79999923706055,1050,0.0,0.0
2024-09-06 13:55:00-04:00,37.81999969482422,37.86000061035156,37.779998779296875,37.779998779296875,2589,0.0,0.0
2024-09-06 14:00:00-04:00,37.75,37.79999923706055,37.70000076293945,37.70000076293945,2095,0.0,0.0
2024-09-06 14:05:00-04:00,37.70899963378906,37.7400016784668,37.70899963378906,37.7400016784668,463,0.0,0.0
2024-09-06 14:10:00-04:00,37.75,37.79999923706055,37.7400016784668,37.790000915527344,3500,0.0,0.0
2024-09-06 14:20:00-04:00,37.779998779296875,37.79999923706055,37.689998626708984,37.72999954223633,4469,0.0,0.0
2024-09-06 14:25:00-04:00,37.720001220703125,37.79999923706055,37.665000915527344,37.665000915527344,3965,0.0,0.0
2024-09-06 14:35:00-04:00,37.689998626708984,37.720001220703125,37.689998626708984,37.720001220703125,1816,0.0,0.0
2024-09-06 14:40:00-04:00,37.7599983215332,37.77000045776367,37.7599983215332,37.77000045776367,584,0.0,0.0
2024-09-06 14:45:00-04:00,37.814998626708984,37.814998626708984,37.814998626708984,37.814998626708984,1356,0.0,0.0
2024-09-06 14:55:00-04:00,37.8650016784668,37.8650016784668,37.8650016784668,37.8650016784668,795,0.0,0.0
2024-09-06 15:00:00-04:00,37.86000061035156,37.89500045776367,37.849998474121094,37.849998474121094,1364,0.0,0.0
2024-09-06 15:05:00-04:00,37.88999938964844,37.900001525878906,37.88999938964844,37.900001525878906,1172,0.0,0.0
2024-09-06 15:10:00-04:00,37.93000030517578,37.93000030517578,37.93000030517578,37.93000030517578,1331,0.0,0.0
2024-09-06 15:20:00-04:00,37.849998474121094,37.849998474121094,37.83000183105469,37.83000183105469,560,0.0,0.0
2024-09-06 15:25:00-04:00,37.88999938964844,37.88999938964844,37.88999938964844,37.88999938964844,636,0.0,0.0
2024-09-06 15:30:00-04:00,37.849998474121094,37.86000061035156,37.814998626708984,37.86000061035156,1699,0.0,0.0
2024-09-06 15:35:00-04:00,37.86000061035156,37.86000061035156,37.86000061035156,37.86000061035156,1150,0.0,0.0
2024-09-06 15:45:00-04:00,37.7400016784668,37.77000045776367,37.7400016784668,37.77000045776367,644,0.0,0.0
2024-09-06 15:50:00-04:00,37.75,37.790000915527344,37.72999954223633,37.7599983215332,5175,0.0,0.0
2024-09-06 15:55:00-04:00,37.779998779296875,37.869998931884766,37.779998779296875,37.869998931884766,4290,0.0,0.0
2024-09-09 09:35:00-04:00,38.165000915527344,38.165000915527344,38.165000915527344,38.165000915527344,929,0.0,0.0
2024-09-09 09:40:00-04:00,38.29999923706055,38.310001373291016,38.29999923706055,38.310001373291016,605,0.0,0.0
2024-09-09 09:45:00-04:00,38.20000076293945,38.20000076293945,38.20000076293945,38.20000076293945,651,0.0,0.0
2024-09-09 10:00:00-04:00,38.41999816894531,38.45000076293945,38.41999816894531,38.439998626708984,954,0.0,0.0
2024-09-09 10:10:00-04:00,38.5099983215332,38.5099983215332,38.5099983215332,38.5099983215332,367,0.0,0.0
2024-09-09 10:15:00-04:00,38.584999084472656,38.61000061035156,38.47999954223633,38.61000061035156,2471,0.0,0.0
2024-09-09 10:30:00-04:00,38.459999084472656,38.459999084472656,38.45000076293945,38.45000076293945,1374,0.0,0.0
2024-09-09 10:35:00-04:00,38.41899871826172,38.41899871826172,38.20000076293945,38.29999923706055,9145,0.0,0.0
2024-09-09 10:40:00-04:00,38.349998474121094,38.349998474121094,38.349998474121094,38.349998474121094,832,0.0,0.0
2024-09-09 10:45:00-04:00,38.380001068115234,38.41999816894531,38.380001068115234,38.41999816894531,783,0.0,0.0
2024-09-09 10:50:00-04:00,38.52000045776367,38.529998779296875,38.52000045776367,38.529998779296875,491,0.0,0.0
2024-09-09 11:05:00-04:00,38.63999938964844,38.63999938964844,38.619998931884766,38.630001068115234,714,0.0,0.0
2024-09-09 11:10:00-04:00,38.650001525878906,38.650001525878906,38.4900016784668,38.5099983215332,1665,0.0,0.0
2024-09-09 11:15:00-04:00,38.599998474121094,38.599998474121094,38.599998474121094,38.599998474121094,314,0.0,0.0
2024-09-09 11:20:00-04:00,38.650001525878906,38.650001525878906,38.61629867553711,38.61629867553711,867,0.0,0.0
2024-09-09 11:30:00-04:00,38.7599983215332,38.7599983215332,38.68840026855469,38.75,1626,0.0,0.0
2024-09-09 11:35:00-04:00,38.81999969482422,38.81999969482422,38.81999969482422,38.81999969482422,602,0.0,0.0
2024-09-09 11:40:00-04:00,38.849998474121094,38.849998474121094,38.810001373291016,38.810001373291016,838,0.0,0.0
2024-09-09 11:45:00-04:00,38.779998779296875,38.779998779296875,38.77000045776367,38.77000045776367,376,0.0,0.0
2024-09-09 11:50:00-04:00,38.7599983215332,38.7599983215332,38.7599983215332,38.7599983215332,293,0.0,0.0
2024-09-09 12:00:00-04:00,38.77000045776367,38.77000045776367,38.77000045776367,38.77000045776367,674,0.0,0.0
2024-09-09 12:15:00-04:00,38.810001373291016,38.810001373291016,38.810001373291016,38.810001373291016,201,0.0,0.0
2024-09-09 12:20:00-04:00,38.79119873046875,38.939998626708984,38.79119873046875,38.939998626708984,652,0.0,0.0
2024-09-09 12:25:00-04:00,38.967498779296875,38.970001220703125,38.939998626708984,38.939998626708984,1188,0.0,0.0
2024-09-09 12:30:00-04:00,38.900901794433594,38.900901794433594,38.900001525878906,38.900001525878906,618,0.0,0.0
2024-09-09 12:40:00-04:00,38.741600036621094,38.741600036621094,38.741600036621094,38.741600036621094,855,0.0,0.0
2024-09-09 13:00:00-04:00,38.77000045776367,38.810001373291016,38.77000045776367,38.810001373291016,1007,0.0,0.0
2024-09-09 13:05:00-04:00,38.79999923706055,38.83000183105469,38.79999923706055,38.83000183105469,575,0.0,0.0
2024-09-09 13:10:00-04:00,38.810001373291016,38.810001373291016,38.810001373291016,38.810001373291016,980,0.0,0.0
2024-09-09 13:40:00-04:00,38.56999969482422,38.56999969482422,38.560001373291016,38.560001373291016,840,0.0,0.0
2024-09-09 13:45:00-04:00,38.44499969482422,38.459999084472656,38.44499969482422,38.459999084472656,542,0.0,0.0
2024-09-09 13:50:00-04:00,38.52000045776367,38.54999923706055,38.52000045776367,38.54999923706055,581,0.0,0.0
2024-09-09 13:55:00-04:00,38.560001373291016,38.56999969482422,38.560001373291016,38.564998626708984,1204,0.0,0.0
2024-09-09 14:05:00-04:00,38.47999954223633,38.5,38.47999954223633,38.494998931884766,1224,0.0,0.0
2024-09-09 14:15:00-04:00,38.494998931884766,38.5,38.47999954223633,38.5,1385,0.0,0.0
2024-09-09 14:20:00-04:00,38.5,38.54499816894531,38.5,38.54499816894531,910,0.0,0.0
2024-09-09 14:25:00-04:00,38.56999969482422,38.59000015258789,38.56999969482422,38.57500076293945,607,0.0,0.0
2024-09-09 14:35:00-04:00,38.61000061035156,38.61000061035156,38.540000915527344,38.540000915527344,427,0.0,0.0
2024-09-09 14:40:00-04:00,38.58000183105469,38.58000183105469,38.58000183105469,38.58000183105469,508,0.0,0.0
2024-09-09 14:50:00-04:00,38.595001220703125,38.599998474121094,38.595001220703125,38.599998474121094,460,0.0,0.0
2024-09-09 14:55:00-04:00,38.599998474121094,38.599998474121094,38.599998474121094,38.599998474121094,455,0.0,0.0
2024-09-09 15:00:00-04:00,38.494998931884766,38.494998931884766,38.494998931884766,38.494998931884766,468,0.0,0.0
2024-09-09 15:10:00-04:00,38.5,38.5,38.459999084472656,38.494998931884766,913,0.0,0.0
2024-09-09 15:15:00-04:00,38.540000915527344,38.55500030517578,38.48500061035156,38.48500061035156,1996,0.0,0.0
2024-09-09 15:25:00-04:00,38.459999084472656,38.5,38.459999084472656,38.5,976,0.0,0.0
2024-09-09 15:30:00-04:00,38.5,38.5099983215332,38.4900016784668,38.5099983215332,1182,0.0,0.0
2024-09-09 15:35:00-04:00,38.505001068115234,38.505001068115234,38.47999954223633,38.494998931884766,1557,0.0,0.0
2024-09-09 15:40:00-04:00,38.4900016784668,38.4900016784668,38.38999938964844,38.40999984741211,2554,0.0,0.0
2024-09-09 15:45:00-04:00,38.380001068115234,38.470001220703125,38.31999969482422,38.43000030517578,7025,0.0,0.0
2024-09-09 15:50:00-04:00,38.470001220703125,38.470001220703125,38.33000183105469,38.33000183105469,1069,0.0,0.0
2024-09-09 15:55:00-04:00,38.36000061035156,38.5,38.314998626708984,38.369998931884766,11362,0.0,0.0
2024-09-10 09:30:00-04:00,38.439998626708984,38.439998626708984,38.439998626708984,38.439998626708984,972,0.0,0.0
2024-09-10 09:50:00-04:00,38.33000183105469,38.380001068115234,38.33000183105469,38.380001068115234,594,0.0,0.0
2024-09-10 10:00:00-04:00,38.36000061035156,38.5,38.349998474121094,38.4900016784668,2485,0.0,0.0
2024-09-10 10:10:00-04:00,38.27000045776367,38.27000045776367,38.20000076293945,38.20000076293945,1278,0.0,0.0
2024-09-10 10:20:00-04:00,38.04499816894531,38.099998474121094,38.005001068115234,38.08000183105469,4591,0.0,0.0
2024-09-10 10:25:00-04:00,38.08000183105469,38.18000030517578,38.08000183105469,38.18000030517578,2544,0.0,0.0
2024-09-10 10:30:00-04:00,38.119998931884766,38.16999816894531,38.11899948120117,38.11899948120117,1741,0.0,0.0
2024-09-10 10:35:00-04:00,38.029998779296875,38.029998779296875,38.029998779296875,38.029998779296875,102,0.0,0.0
2024-09-10 10:40:00-04:00,38.0,38.0,38.0,38.0,332,0.0,0.0
2024-09-10 10:45:00-04:00,38.09000015258789,38.16999816894531,38.09000015258789,38.125,1137,0.0,0.0
2024-09-10 10:50:00-04:00,38.06999969482422,38.06999969482422,38.06999969482422,38.06999969482422,275,0.0,0.0
2024-09-10 10:55:00-04:00,38.07500076293945,38.220001220703125,38.07500076293945,38.220001220703125,4397,0.0,0.0
2024-09-10 11:00:00-04:00,38.224998474121094,38.224998474121094,38.150001525878906,38.150001525878906,833,0.0,0.0
2024-09-10 11:10:00-04:00,38.290000915527344,38.29999923706055,38.290000915527344,38.29999923706055,2514,0.0,0.0
2024-09-10 11:15:00-04:00,38.19160079956055,38.19160079956055,38.19160079956055,38.19160079956055,593,0.0,0.0
2024-09-10 11:25:00-04:00,38.319698333740234,38.350799560546875,38.319698333740234,38.350799560546875,736,0.0,0.0
2024-09-10 11:30:00-04:00,38.31999969482422,38.31999969482422,38.31999969482422,38.31999969482422,326,0.0,0.0
2024-09-10 11:35:00-04:00,38.30500030517578,38.30500030517578,38.2599983215332,38.2599983215332,1876,0.0,0.0
2024-09-10 11:40:00-04:00,38.209999084472656,38.209999084472656,38.209999084472656,38.209999084472656,503,0.0,0.0
2024-09-10 11:45:00-04:00,38.119998931884766,38.119998931884766,38.09000015258789,38.09000015258789,737,0.0,0.0
2024-09-10 11:50:00-04:00,38.0,38.0,38.0,38.0,842,0.0,0.0
2024-09-10 11:55:00-04:00,38.0,38.0,38.0,38.0,494,0.0,0.0
2024-09-10 12:00:00-04:00,38.0,38.0099983215332,37.95000076293945,37.95000076293945,4360,0.0,0.0
2024-09-10 12:05:00-04:00,37.994998931884766,38.0,37.95000076293945,37.95000076293945,2519,0.0,0.0
2024-09-10 12:10:00-04:00,37.88999938964844,37.88999938964844,37.88999938964844,37.88999938964844,1330,0.0,0.0
2024-09-10 12:15:00-04:00,37.93000030517578,37.93000030517578,37.880001068115234,37.880001068115234,362,0.0,0.0
2024-09-10 12:20:00-04:00,37.93000030517578,37.93000030517578,37.849998474121094,37.849998474121094,204,0.0,0.0
2024-09-10 12:25:00-04:00,37.93000030517578,38.0099983215332,37.93000030517578,38.0099983215332,3481,0.0,0.0
2024-09-10 12:30:00-04:00,38.040000915527344,38.04999923706055,37.900001525878906,37.95000076293945,10581,0.0,0.0
2024-09-10 12:35:00-04:00,37.94499969482422,38.040000915527344,37.94499969482422,37.994998931884766,5168,0.0,0.0
2024-09-10 12:40:00-04:00,37.974998474121094,37.97999954223633,37.939998626708984,37.939998626708984,642,0.0,0.0
2024-09-10 12:45:00-04:00,37.939998626708984,37.939998626708984,37.90999984741211,37.93000030517578,789,0.0,0.0
2024-09-10 12:50:00-04:00,37.935001373291016,38.029998779296875,37.935001373291016,38.029998779296875,1279,0.0,0.0
2024-09-10 12:55:00-04:00,38.150001525878906,38.150001525878906,38.150001525878906,38.150001525878906,456,0.0,0.0
2024-09-10 13:10:00-04:00,38.22999954223633,38.22999954223633,38.22999954223633,38.22999954223633,647,0.0,0.0
2024-09-10 13:15:00-04:00,38.22999954223633,38.22999954223633,38.22999954223633,38.22999954223633,1204,0.0,0.0
2024-09-10 13:20:00-04:00,38.34000015258789,38.369998931884766,38.34000015258789,38.369998931884766,727,0.0,0.0
2024-09-10 13:35:00-04:00,38.380001068115234,38.380001068115234,38.380001068115234,38.380001068115234,322,0.0,0.0
2024-09-10 13:40:00-04:00,38.40999984741211,38.40999984741211,38.34000015258789,38.375,1503,0.0,0.0
2024-09-10 13:45:00-04:00,38.380001068115234,38.380001068115234,38.380001068115234,38.380001068115234,158,0.0,0.0
2024-09-10 13:50:00-04:00,38.40999984741211,38.45000076293945,38.40999984741211,38.45000076293945,3831,0.0,0.0
2024-09-10 14:15:00-04:00,38.625,38.689998626708984,38.625,38.689998626708984,1184,0.0,0.0
2024-09-10 14:25:00-04:00,38.77000045776367,38.77000045776367,38.77000045776367,38.77000045776367,555,0.0,0.0
2024-09-10 14:35:00-04:00,38.86000061035156,38.86000061035156,38.86000061035156,38.86000061035156,653,0.0,0.0
2024-09-10 14:40:00-04:00,38.86000061035156,38.880001068115234,38.86000061035156,38.880001068115234,805,0.0,0.0
2024-09-10 14:45:00-04:00,38.900001525878906,38.900001525878906,38.900001525878906,38.900001525878906,453,0.0,0.0
2024-09-10 14:50:00-04:00,38.91999816894531,38.91999816894531,38.90999984741211,38.90999984741211,372,0.0,0.0
2024-09-10 14:55:00-04:00,38.880001068115234,38.880001068115234,38.849998474121094,38.849998474121094,1321,0.0,0.0
2024-09-10 15:05:00-04:00,38.83000183105469,38.83000183105469,38.83000183105469,38.83000183105469,389,0.0,0.0
2024-09-10 15:10:00-04:00,38.79999923706055,38.79999923706055,38.79999923706055,38.79999923706055,420,0.0,0.0
2024-09-10 15:15:00-04:00,38.84000015258789,38.84000015258789,38.84000015258789,38.84000015258789,350,0.0,0.0
2024-09-10 15:25:00-04:00,38.79999923706055,38.81999969482422,38.77000045776367,38.77000045776367,877,0.0,0.0
2024-09-10 15:30:00-04:00,38.7599983215332,38.7599983215332,38.7599983215332,38.7599983215332,416,0.0,0.0
2024-09-10 15:35:00-04:00,38.7599983215332,38.779998779296875,38.7599983215332,38.77000045776367,1228,0.0,0.0
2024-09-10 15:40:00-04:00,38.84000015258789,38.84000015258789,38.81999969482422,38.81999969482422,1101,0.0,0.0
2024-09-10 15:45:00-04:00,38.86000061035156,38.970001220703125,38.849998474121094,38.970001220703125,1531,0.0,0.0
2024-09-10 15:50:00-04:00,38.93000030517578,38.939998626708984,38.91999816894531,38.939998626708984,3359,0.0,0.0
2024-09-10 15:55:00-04:00,38.97999954223633,38.9900016784668,38.90999984741211,38.91999816894531,2990,0.0,0.0
2024-09-11 09:35:00-04:00,38.7599983215332,38.7599983215332,38.7599983215332,38.7599983215332,0,0.0,0.0
2024-09-11 09:55:00-04:00,38.779998779296875,38.779998779296875,38.779998779296875,38.779998779296875,395,0.0,0.0
2024-09-11 10:10:00-04:00,38.709999084472656,38.709999084472656,38.584999084472656,38.584999084472656,1275,0.0,0.0
2024-09-11 10:15:00-04:00,38.63999938964844,38.63999938964844,38.564998626708984,38.564998626708984,1144,0.0,0.0
2024-09-11 10:25:00-04:00,38.529998779296875,38.529998779296875,38.529998779296875,38.529998779296875,711,0.0,0.0
2024-09-11 10:30:00-04:00,38.494998931884766,38.494998931884766,38.494998931884766,38.494998931884766,180,0.0,0.0
2024-09-11 10:35:00-04:00,38.54999923706055,38.599998474121094,38.54999923706055,38.599998474121094,740,0.0,0.0
2024-09-11 10:40:00-04:00,38.58000183105469,38.58000183105469,38.58000183105469,38.58000183105469,817,0.0,0.0
2024-09-11 10:55:00-04:00,38.68000030517578,38.68000030517578,38.65999984741211,38.65999984741211,713,0.0,0.0
2024-09-11 11:05:00-04:00,38.79999923706055,38.939998626708984,38.79999923706055,38.939998626708984,514,0.0,0.0
2024-09-11 11:10:00-04:00,38.915000915527344,38.9900016784668,38.915000915527344,38.9900016784668,949,0.0,0.0
2024-09-11 11:20:00-04:00,38.994998931884766,38.994998931884766,38.994998931884766,38.994998931884766,538,0.0,0.0
2024-09-11 11:30:00-04:00,39.08000183105469,39.08000183105469,39.08000183105469,39.08000183105469,399,0.0,0.0
2024-09-11 11:35:00-04:00,39.16999816894531,39.16999816894531,39.16999816894531,39.16999816894531,604,0.0,0.0
2024-09-11 11:40:00-04:00,39.2599983215332,39.2599983215332,39.2599983215332,39.2599983215332,127,0.0,0.0
2024-09-11 11:45:00-04:00,39.290000915527344,39.290000915527344,39.209999084472656,39.209999084472656,1855,0.0,0.0
2024-09-11 11:55:00-04:00,39.119998931884766,39.119998931884766,39.119998931884766,39.119998931884766,338,0.0,0.0
2024-09-11 12:00:00-04:00,39.20000076293945,39.25,39.20000076293945,39.25,395,0.0,0.0
2024-09-11 12:05:00-04:00,39.310001373291016,39.310001373291016,39.310001373291016,39.310001373291016,638,0.0,0.0
2024-09-11 12:15:00-04:00,39.2400016784668,39.2400016784668,39.2400016784668,39.2400016784668,396,0.0,0.0
2024-09-11 12:20:00-04:00,39.15999984741211,39.15999984741211,39.150001525878906,39.150001525878906,332,0.0,0.0
2024-09-11 12:25:00-04:00,39.15999984741211,39.16999816894531,39.15999984741211,39.16999816894531,716,0.0,0.0
2024-09-11 12:40:00-04:00,39.22999954223633,39.22999954223633,39.22999954223633,39.22999954223633,481,0.0,0.0
2024-09-11 12:45:00-04:00,39.27000045776367,39.27000045776367,39.22999954223633,39.22999954223633,1613,0.0,0.0
2024-09-11 13:00:00-04:00,39.27000045776367,39.290000915527344,39.2400016784668,39.290000915527344,1606,0.0,0.0
2024-09-11 13:05:00-04:00,39.439998626708984,39.439998626708984,39.439998626708984,39.439998626708984,861,0.0,0.0
2024-09-11 13:10:00-04:00,39.45000076293945,39.58000183105469,39.40999984741211,39.58000183105469,10760,0.0,0.0
2024-09-11 13:15:00-04:00,39.599998474121094,39.70000076293945,39.59000015258789,39.70000076293945,1850,0.0,0.0
2024-09-11 13:20:00-04:00,39.7599983215332,39.88999938964844,39.75,39.790000915527344,3623,0.0,0.0
2024-09-11 13:25:00-04:00,39.82500076293945,39.82500076293945,39.82500076293945,39.82500076293945,101,0.0,0.0
2024-09-11 13:30:00-04:00,39.77000045776367,39.77000045776367,39.7400016784668,39.7400016784668,756,0.0,0.0
2024-09-11 13:35:00-04:00,39.7400016784668,39.7400016784668,39.7400016784668,39.7400016784668,143,0.0,0.0
2024-09-11 13:40:00-04:00,39.790000915527344,39.790000915527344,39.650001525878906,39.650001525878906,2515,0.0,0.0
2024-09-11 13:45:00-04:00,39.55500030517578,39.55500030517578,39.55500030517578,39.55500030517578,233,0.0,0.0
2024-09-11 13:50:00-04:00,39.5099983215332,39.5099983215332,39.5,39.5,3729,0.0,0.0
2024-09-11 13:55:00-04:00,39.474998474121094,39.474998474121094,39.474998474121094,39.474998474121094,777,0.0,0.0
2024-09-11 14:10:00-04:00,39.39500045776367,39.39500045776367,39.39500045776367,39.39500045776367,385,0.0,0.0
2024-09-11 14:20:00-04:00,39.310001373291016,39.369998931884766,39.310001373291016,39.369998931884766,1020,0.0,0.0
2024-09-11 14:25:00-04:00,39.380001068115234,39.380001068115234,39.380001068115234,39.380001068115234,389,0.0,0.0
2024-09-11 14:30:00-04:00,39.45000076293945,39.470001220703125,39.45000076293945,39.470001220703125,761,0.0,0.0
2024-09-11 14:35:00-04:00,39.47999954223633,39.47999954223633,39.47999954223633,39.47999954223633,806,0.0,0.0
2024-09-11 14:40:00-04:00,39.58000183105469,39.619998931884766,39.58000183105469,39.619998931884766,1474,0.0,0.0
2024-09-11 14:45:00-04:00,39.6150016784668,39.627498626708984,39.6150016784668,39.627498626708984,602,0.0,0.0
2024-09-11 14:50:00-04:00,39.689998626708984,39.689998626708984,39.63999938964844,39.63999938964844,1700,0.0,0.0
2024-09-11 14:55:00-04:00,39.66999816894531,39.66999816894531,39.63999938964844,39.654998779296875,1880,0.0,0.0
2024-09-11 15:00:00-04:00,39.654998779296875,39.654998779296875,39.57500076293945,39.57500076293945,1712,0.0,0.0
2024-09-11 15:05:00-04:00,39.619998931884766,39.689998626708984,39.61000061035156,39.689998626708984,1528,0.0,0.0
2024-09-11 15:10:00-04:00,39.654998779296875,39.68000030517578,39.654998779296875,39.68000030517578,849,0.0,0.0
2024-09-11 15:15:00-04:00,39.689998626708984,39.689998626708984,39.650001525878906,39.66999816894531,1317,0.0,0.0
2024-09-11 15:20:00-04:00,39.689998626708984,39.70000076293945,39.654701232910156,39.70000076293945,1166,0.0,0.0
2024-09-11 15:25:00-04:00,39.65999984741211,39.65999984741211,39.650001525878906,39.650001525878906,1313,0.0,0.0
2024-09-11 15:30:00-04:00,39.63999938964844,39.65999984741211,39.494998931884766,39.494998931884766,2646,0.0,0.0
2024-09-11 15:35:00-04:00,39.44499969482422,39.45500183105469,39.44499969482422,39.45500183105469,1514,0.0,0.0
2024-09-11 15:40:00-04:00,39.40999984741211,39.40999984741211,39.334999084472656,39.334999084472656,3037,0.0,0.0
2024-09-11 15:45:00-04:00,39.369998931884766,39.369998931884766,39.28499984741211,39.310001373291016,2722,0.0,0.0
2024-09-11 15:50:00-04:00,39.34000015258789,39.34000015258789,39.22999954223633,39.31999969482422,4679,0.0,0.0
2024-09-11 15:55:00-04:00,39.369998931884766,39.47999954223633,39.33000183105469,39.439998626708984,14630,0.0,0.0
2024-09-12 09:35:00-04:00,39.7599983215332,39.80500030517578,39.619998931884766,39.619998931884766,5981,0.0,0.0
2024-09-12 09:40:00-04:00,39.560001373291016,39.630001068115234,39.560001373291016,39.560001373291016,715,0.0,0.0
2024-09-12 09:45:00-04:00,39.689998626708984,39.689998626708984,39.29999923706055,39.29999923706055,2494,0.0,0.0
2024-09-12 09:50:00-04:00,39.279998779296875,39.400001525878906,39.279998779296875,39.3650016784668,2146,0.0,0.0
2024-09-12 09:55:00-04:00,39.41999816894531,39.41999816894531,39.30500030517578,39.30500030517578,1182,0.0,0.0
2024-09-12 10:00:00-04:00,39.33000183105469,39.33000183105469,39.2599983215332,39.2599983215332,1130,0.0,0.0
2024-09-12 10:05:00-04:00,39.45000076293945,39.4900016784668,39.44499969482422,39.4900016784668,1721,0.0,0.0
2024-09-12 10:10:00-04:00,39.400001525878906,39.47999954223633,39.400001525878906,39.47999954223633,2229,0.0,0.0
2024-09-12 10:15:00-04:00,39.599998474121094,39.619998931884766,39.47999954223633,39.47999954223633,1502,0.0,0.0
2024-09-12 10:20:00-04:00,39.56999969482422,39.56999969482422,39.529998779296875,39.529998779296875,1788,0.0,0.0
2024-09-12 10:25:00-04:00,39.51499938964844,39.51499938964844,39.51499938964844,39.51499938964844,504,0.0,0.0
2024-09-12 10:30:00-04:00,39.58000183105469,39.58000183105469,39.5,39.5099983215332,2039,0.0,0.0
2024-09-12 10:35:00-04:00,39.505001068115234,39.505001068115234,39.400001525878906,39.5,1455,0.0,0.0
2024-09-12 10:40:00-04:00,39.470001220703125,39.470001220703125,39.470001220703125,39.470001220703125,540,0.0,0.0
2024-09-12 10:45:00-04:00,39.52000045776367,39.58000183105469,39.472999572753906,39.58000183105469,930,0.0,0.0
2024-09-12 10:50:00-04:00,39.564998626708984,39.564998626708984,39.459999084472656,39.459999084472656,1352,0.0,0.0
2024-09-12 10:55:00-04:00,39.439998626708984,39.44499969482422,39.400001525878906,39.400001525878906,1185,0.0,0.0
2024-09-12 11:00:00-04:00,39.404998779296875,39.404998779296875,39.3849983215332,39.3849983215332,954,0.0,0.0
2024-09-12 11:05:00-04:00,39.439998626708984,39.439998626708984,39.38999938964844,39.38999938964844,882,0.0,0.0
2024-09-12 11:10:00-04:00,39.45500183105469,39.470001220703125,39.45500183105469,39.470001220703125,784,0.0,0.0
2024-09-12 11:15:00-04:00,39.5,39.5,39.41999816894531,39.41999816894531,1415,0.0,0.0
2024-09-12 11:20:00-04:00,39.474998474121094,39.560001373291016,39.474998474121094,39.560001373291016,1031,0.0,0.0
2024-09-12 11:25:00-04:00,39.560001373291016,39.560001373291016,39.470001220703125,39.47999954223633,3597,0.0,0.0
2024-09-12 11:30:00-04:00,39.4900016784668,39.4900016784668,39.48500061035156,39.48500061035156,1260,0.0,0.0
2024-09-12 11:35:00-04:00,39.47999954223633,39.47999954223633,39.42499923706055,39.42499923706055,753,0.0,0.0
2024-09-12 11:40:00-04:00,39.5,39.5,39.345001220703125,39.345001220703125,1913,0.0,0.0
2024-09-12 11:45:00-04:00,39.334999084472656,39.334999084472656,39.244998931884766,39.244998931884766,1866,0.0,0.0
2024-09-12 11:50:00-04:00,39.23500061035156,39.23500061035156,39.20000076293945,39.20500183105469,2458,0.0,0.0
2024-09-12 11:55:00-04:00,39.2400016784668,39.2599983215332,39.150001525878906,39.150001525878906,3160,0.0,0.0
2024-09-12 12:00:00-04:00,39.14500045776367,39.20500183105469,39.130001068115234,39.20500183105469,2934,0.0,0.0
2024-09-12 12:05:00-04:00,39.20500183105469,39.20500183105469,39.150001525878906,39.165000915527344,1929,0.0,0.0
2024-09-12 12:10:00-04:00,39.15999984741211,39.15999984741211,39.099998474121094,39.11000061035156,1615,0.0,0.0
2024-09-12 12:15:00-04:00,39.15999984741211,39.16999816894531,39.15999984741211,39.16999816894531,2377,0.0,0.0
2024-09-12 12:20:00-04:00,39.185001373291016,39.224998474121094,39.185001373291016,39.19499969482422,5089,0.0,0.0
2024-09-12 12:35:00-04:00,39.2400016784668,39.439998626708984,39.2400016784668,39.439998626708984,2037,0.0,0.0
2024-09-12 12:40:00-04:00,39.380001068115234,39.5099983215332,39.380001068115234,39.5099983215332,3310,0.0,0.0
2024-09-12 12:45:00-04:00,39.404998779296875,39.45000076293945,39.404998779296875,39.45000076293945,759,0.0,0.0
2024-09-12 12:50:00-04:00,39.404998779296875,39.47999954223633,39.404998779296875,39.47999954223633,1086,0.0,0.0
2024-09-12 12:55:00-04:00,39.48500061035156,39.52000045776367,39.48500061035156,39.52000045776367,938,0.0,0.0
2024-09-12 13:00:00-04:00,39.55500030517578,39.55500030517578,39.55500030517578,39.55500030517578,1273,0.0,0.0
2024-09-12 13:05:00-04:00,39.56999969482422,39.56999969482422,39.529998779296875,39.529998779296875,1343,0.0,0.0
2024-09-12 13:10:00-04:00,39.560001373291016,39.560001373291016,39.560001373291016,39.560001373291016,659,0.0,0.0
2024-09-12 13:15:00-04:00,39.52000045776367,39.52000045776367,39.52000045776367,39.52000045776367,262,0.0,0.0
2024-09-12 13:20:00-04:00,39.52000045776367,39.560001373291016,39.5,39.560001373291016,2414,0.0,0.0
2024-09-12 13:25:00-04:00,39.57500076293945,39.57500076293945,39.57500076293945,39.57500076293945,497,0.0,0.0
2024-09-12 13:30:00-04:00,39.57500076293945,39.57500076293945,39.52000045776367,39.564998626708984,983,0.0,0.0
2024-09-12 13:35:00-04:00,39.58000183105469,39.58000183105469,39.58000183105469,39.58000183105469,740,0.0,0.0
2024-09-12 13:40:00-04:00,39.58000183105469,39.650001525878906,39.58000183105469,39.650001525878906,4045,0.0,0.0
2024-09-12 13:45:00-04:00,39.619998931884766,39.619998931884766,39.619998931884766,39.619998931884766,417,0.0,0.0
2024-09-12 13:50:00-04:00,39.68000030517578,39.68000030517578,39.68000030517578,39.68000030517578,932,0.0,0.0
2024-09-12 13:55:00-04:00,39.779998779296875,39.779998779296875,39.7599983215332,39.7599983215332,634,0.0,0.0
2024-09-12 14:00:00-04:00,39.724998474121094,39.724998474121094,39.65999984741211,39.65999984741211,2050,0.0,0.0
2024-09-12 14:05:00-04:00,39.68000030517578,39.68000030517578,39.68000030517578,39.68000030517578,1069,0.0,0.0
2024-09-12 14:10:00-04:00,39.65999984741211,39.68000030517578,39.63999938964844,39.68000030517578,995,0.0,0.0
2024-09-12 14:15:00-04:00,39.68000030517578,39.68000030517578,39.68000030517578,39.68000030517578,546,0.0,0.0
2024-09-12 14:20:00-04:00,39.625,39.650001525878906,39.58000183105469,39.650001525878906,3323,0.0,0.0
2024-09-12 14:30:00-04:00,39.709999084472656,39.709999084472656,39.654998779296875,39.654998779296875,1522,0.0,0.0
2024-09-12 14:40:00-04:00,39.630001068115234,39.630001068115234,39.630001068115234,39.630001068115234,389,0.0,0.0
2024-09-12 14:45:00-04:00,39.599998474121094,39.599998474121094,39.599998474121094,39.599998474121094,616,0.0,0.0
2024-09-12 14:50:00-04:00,39.55500030517578,39.55500030517578,39.5,39.5,1406,0.0,0.0
2024-09-12 14:55:00-04:00,39.52000045776367,39.52000045776367,39.52000045776367,39.52000045776367,1280,0.0,0.0
2024-09-12 15:00:00-04:00,39.59000015258789,39.59000015258789,39.59000015258789,39.59000015258789,1461,0.0,0.0
2024-09-12 15:05:00-04:00,39.540000915527344,39.540000915527344,39.540000915527344,39.540000915527344,294,0.0,0.0
2024-09-12 15:10:00-04:00,39.59000015258789,39.59000015258789,39.470001220703125,39.470001220703125,1946,0.0,0.0
2024-09-12 15:15:00-04:00,39.5,39.59000015258789,39.49850082397461,39.59000015258789,2113,0.0,0.0
2024-09-12 15:20:00-04:00,39.58000183105469,39.59000015258789,39.459999084472656,39.459999084472656,7991,0.0,0.0
2024-09-12 15:25:00-04:00,39.48500061035156,39.48500061035156,39.48500061035156,39.48500061035156,2095,0.0,0.0
2024-09-12 15:30:00-04:00,39.459999084472656,39.52000045776367,39.459999084472656,39.4900016784668,1754,0.0,0.0
2024-09-12 15:35:00-04:00,39.41999816894531,39.505001068115234,39.41999816894531,39.4900016784668,3274,0.0,0.0
2024-09-12 15:40:00-04:00,39.5099983215332,39.525001525878906,39.5,39.5,3457,0.0,0.0
2024-09-12 15:45:00-04:00,39.47999954223633,39.47999954223633,39.400001525878906,39.40999984741211,5277,0.0,0.0
2024-09-12 15:50:00-04:00,39.435001373291016,39.435001373291016,39.34000015258789,39.41999816894531,4913,0.0,0.0
2024-09-12 15:55:00-04:00,39.41999816894531,39.540000915527344,39.35499954223633,39.52000045776367,11735,0.0,0.0
2024-09-13 09:35:00-04:00,39.91999816894531,39.91999816894531,39.91999816894531,39.91999816894531,0,0.0,0.0
2024-09-13 09:45:00-04:00,39.86000061035156,40.130001068115234,39.86000061035156,40.130001068115234,2066,0.0,0.0
2024-09-13 09:55:00-04:00,40.165000915527344,40.165000915527344,40.154998779296875,40.154998779296875,423,0.0,0.0
2024-09-13 10:00:00-04:00,40.154998779296875,40.154998779296875,40.1349983215332,40.1349983215332,961,0.0,0.0
2024-09-13 10:05:00-04:00,40.125,40.125,40.11000061035156,40.11000061035156,1142,0.0,0.0
2024-09-13 10:15:00-04:00,40.16999816894531,40.20500183105469,40.16999816894531,40.20500183105469,1911,0.0,0.0
2024-09-13 10:20:00-04:00,40.09000015258789,40.09000015258789,40.09000015258789,40.09000015258789,300,0.0,0.0
2024-09-13 10:25:00-04:00,40.084999084472656,40.084999084472656,40.02000045776367,40.084999084472656,491,0.0,0.0
2024-09-13 10:30:00-04:00,40.064998626708984,40.064998626708984,40.064998626708984,40.064998626708984,391,0.0,0.0
2024-09-13 10:35:00-04:00,40.04499816894531,40.04499816894531,40.04499816894531,40.04499816894531,484,0.0,0.0
2024-09-13 10:40:00-04:00,40.11000061035156,40.22999954223633,40.11000061035156,40.22999954223633,1998,0.0,0.0
2024-09-13 10:45:00-04:00,40.25,40.25,40.25,40.25,126,0.0,0.0
2024-09-13 10:50:00-04:00,40.17499923706055,40.17499923706055,39.97999954223633,39.9900016784668,2223,0.0,0.0
2024-09-13 10:55:00-04:00,40.02000045776367,40.029998779296875,39.97999954223633,39.97999954223633,1262,0.0,0.0
2024-09-13 11:00:00-04:00,39.974998474121094,39.974998474121094,39.974998474121094,39.974998474121094,131,0.0,0.0
2024-09-13 11:05:00-04:00,39.970001220703125,39.970001220703125,39.970001220703125,39.970001220703125,144,0.0,0.0
2024-09-13 11:10:00-04:00,39.974998474121094,39.974998474121094,39.974998474121094,39.974998474121094,462,0.0,0.0
2024-09-13 11:15:00-04:00,39.91999816894531,39.96500015258789,39.86000061035156,39.935001373291016,2234,0.0,0.0
2024-09-13 11:25:00-04:00,39.935001373291016,39.935001373291016,39.935001373291016,39.935001373291016,364,0.0,0.0
2024-09-13 11:35:00-04:00,39.939998626708984,39.939998626708984,39.939998626708984,39.939998626708984,340,0.0,0.0
2024-09-13 11:40:00-04:00,40.0,40.0,40.0,40.0,1109,0.0,0.0
2024-09-13 11:45:00-04:00,39.96500015258789,39.96500015258789,39.96500015258789,39.96500015258789,330,0.0,0.0
2024-09-13 11:55:00-04:00,39.95000076293945,39.95500183105469,39.88999938964844,39.92499923706055,2722,0.0,0.0
2024-09-13 12:00:00-04:00,39.95000076293945,39.95000076293945,39.95000076293945,39.95000076293945,133,0.0,0.0
2024-09-13 12:05:00-04:00,39.939998626708984,39.939998626708984,39.939998626708984,39.939998626708984,568,0.0,0.0
2024-09-13 12:10:00-04:00,39.95500183105469,39.959999084472656,39.88999938964844,39.88999938964844,740,0.0,0.0
2024-09-13 12:25:00-04:00,39.9900016784668,39.9900016784668,39.88999938964844,39.900001525878906,1711,0.0,0.0
2024-09-13 12:30:00-04:00,39.900001525878906,39.900001525878906,39.880001068115234,39.880001068115234,724,0.0,0.0
2024-09-13 12:35:00-04:00,39.83000183105469,39.8650016784668,39.83000183105469,39.8650016784668,521,0.0,0.0
2024-09-13 12:40:00-04:00,39.79999923706055,39.79999923706055,39.79999923706055,39.79999923706055,415,0.0,0.0
2024-09-13 12:45:00-04:00,39.814998626708984,39.814998626708984,39.77000045776367,39.790000915527344,1981,0.0,0.0
2024-09-13 13:05:00-04:00,39.93000030517578,39.93000030517578,39.91999816894531,39.91999816894531,472,0.0,0.0
2024-09-13 13:20:00-04:00,39.93000030517578,39.939998626708984,39.93000030517578,39.939998626708984,760,0.0,0.0
2024-09-13 13:25:00-04:00,39.97999954223633,39.97999954223633,39.97999954223633,39.97999954223633,449,0.0,0.0
2024-09-13 13:30:00-04:00,40.099998474121094,40.16999816894531,40.099998474121094,40.16999816894531,802,0.0,0.0
2024-09-13 13:35:00-04:00,40.13999938964844,40.13999938964844,40.13999938964844,40.13999938964844,419,0.0,0.0
2024-09-13 13:45:00-04:00,40.1349983215332,40.1349983215332,40.1349983215332,40.1349983215332,584,0.0,0.0
2024-09-13 13:55:00-04:00,40.099998474121094,40.150001525878906,40.099998474121094,40.150001525878906,1235,0.0,0.0
2024-09-13 14:00:00-04:00,40.14500045776367,40.14500045776367,40.099998474121094,40.1349983215332,1578,0.0,0.0
2024-09-13 14:10:00-04:00,40.095001220703125,40.095001220703125,40.095001220703125,40.095001220703125,451,0.0,0.0
2024-09-13 14:20:00-04:00,40.02000045776367,40.025001525878906,40.02000045776367,40.025001525878906,1598,0.0,0.0
2024-09-13 14:30:00-04:00,39.93000030517578,39.93000030517578,39.93000030517578,39.93000030517578,692,0.0,0.0
2024-09-13 14:35:00-04:00,39.875,39.875,39.875,39.875,422,0.0,0.0
2024-09-13 14:40:00-04:00,39.79999923706055,39.849998474121094,39.79999923706055,39.849998474121094,261,0.0,0.0
2024-09-13 14:45:00-04:00,39.869998931884766,39.900001525878906,39.869998931884766,39.88999938964844,1279,0.0,0.0
2024-09-13 14:55:00-04:00,39.904998779296875,39.904998779296875,39.904998779296875,39.904998779296875,212,0.0,0.0
2024-09-13 15:00:00-04:00,39.84000015258789,39.869998931884766,39.81999969482422,39.849998474121094,1808,0.0,0.0
2024-09-13 15:05:00-04:00,39.849998474121094,39.8650016784668,39.849998474121094,39.8650016784668,658,0.0,0.0
2024-09-13 15:10:00-04:00,39.869998931884766,39.869998931884766,39.845001220703125,39.869998931884766,847,0.0,0.0
2024-09-13 15:15:00-04:00,39.91999816894531,39.91999816894531,39.91999816894531,39.91999816894531,450,0.0,0.0
2024-09-13 15:20:00-04:00,39.880001068115234,39.91999816894531,39.880001068115234,39.91999816894531,652,0.0,0.0
2024-09-13 15:25:00-04:00,39.900001525878906,39.900001525878906,39.900001525878906,39.900001525878906,536,0.0,0.0
2024-09-13 15:30:00-04:00,39.88999938964844,39.88999938964844,39.88999938964844,39.88999938964844,378,0.0,0.0
2024-09-13 15:35:00-04:00,39.900001525878906,40.0099983215332,39.88999938964844,40.0099983215332,5835,0.0,0.0
2024-09-13 15:40:00-04:00,39.95000076293945,39.95000076293945,39.95000076293945,39.95000076293945,1147,0.0,0.0
2024-09-13 15:45:00-04:00,40.029998779296875,40.04999923706055,40.029998779296875,40.04499816894531,1877,0.0,0.0
2024-09-13 15:50:00-04:00,39.97999954223633,40.119998931884766,39.97999954223633,40.119998931884766,1247,0.0,0.0
2024-09-13 15:55:00-04:00,40.18000030517578,40.18000030517578,40.15999984741211,40.15999984741211,2131,0.0,0.0
2024-09-16 09:30:00-04:00,40.59000015258789,40.59000015258789,40.59000015258789,40.59000015258789,798,0.0,0.0
2024-09-16 09:35:00-04:00,40.79999923706055,40.79999923706055,40.68000030517578,40.68000030517578,1622,0.0,0.0
2024-09-16 09:40:00-04:00,40.78499984741211,40.78499984741211,40.78499984741211,40.78499984741211,853,0.0,0.0
2024-09-16 09:45:00-04:00,40.54999923706055,40.599998474121094,40.540000915527344,40.54999923706055,1357,0.0,0.0
2024-09-16 09:50:00-04:00,40.709999084472656,40.779998779296875,40.689998626708984,40.7400016784668,1546,0.0,0.0
2024-09-16 10:00:00-04:00,40.72999954223633,40.72999954223633,40.4900016784668,40.4900016784668,2834,0.0,0.0
2024-09-16 10:20:00-04:00,40.64500045776367,40.66999816894531,40.64500045776367,40.66999816894531,911,0.0,0.0
2024-09-16 10:25:00-04:00,40.619998931884766,40.619998931884766,40.58000183105469,40.58000183105469,2227,0.0,0.0
2024-09-16 10:30:00-04:00,40.529998779296875,40.529998779296875,40.529998779296875,40.529998779296875,541,0.0,0.0
2024-09-16 10:35:00-04:00,40.66999816894531,40.7400016784668,40.66999816894531,40.7400016784668,1721,0.0,0.0
2024-09-16 10:45:00-04:00,40.790000915527344,40.79999923706055,40.75,40.75,750,0.0,0.0
2024-09-16 10:50:00-04:00,40.93000030517578,41.0099983215332,40.869998931884766,41.0099983215332,1562,0.0,0.0
2024-09-16 10:55:00-04:00,41.0,41.01499938964844,41.0,41.01499938964844,971,0.0,0.0
2024-09-16 11:10:00-04:00,40.959999084472656,41.0099983215332,40.959999084472656,41.0099983215332,1026,0.0,0.0
2024-09-16 11:20:00-04:00,40.9900016784668,41.06999969482422,40.9900016784668,41.06999969482422,1506,0.0,0.0
2024-09-16 11:30:00-04:00,41.08000183105469,41.09000015258789,40.970001220703125,40.98500061035156,2555,0.0,0.0
2024-09-16 11:35:00-04:00,40.98500061035156,40.994998931884766,40.98500061035156,40.994998931884766,583,0.0,0.0
2024-09-16 11:40:00-04:00,41.0,41.119998931884766,41.0,41.09000015258789,1016,0.0,0.0
2024-09-16 11:45:00-04:00,41.18000030517578,41.18000030517578,41.16999816894531,41.16999816894531,1133,0.0,0.0
2024-09-16 11:50:00-04:00,41.279998779296875,41.279998779296875,41.279998779296875,41.279998779296875,1265,0.0,0.0
2024-09-16 11:55:00-04:00,41.369998931884766,41.369998931884766,41.33000183105469,41.33000183105469,2785,0.0,0.0
2024-09-16 12:00:00-04:00,41.2599983215332,41.30500030517578,41.2599983215332,41.30500030517578,1069,0.0,0.0
2024-09-16 12:05:00-04:00,41.36000061035156,41.369998931884766,41.31999969482422,41.369998931884766,639,0.0,0.0
2024-09-16 12:10:00-04:00,41.33000183105469,41.33000183105469,41.290000915527344,41.29999923706055,1928,0.0,0.0
2024-09-16 12:15:00-04:00,41.2400016784668,41.2400016784668,41.142601013183594,41.142601013183594,6261,0.0,0.0
2024-09-16 12:20:00-04:00,41.16999816894531,41.189998626708984,41.16999816894531,41.189998626708984,1456,0.0,0.0
2024-09-16 12:25:00-04:00,41.18000030517578,41.224998474121094,41.165000915527344,41.224998474121094,4211,0.0,0.0
2024-09-16 12:35:00-04:00,41.15999984741211,41.15999984741211,41.08000183105469,41.08000183105469,2905,0.0,0.0
2024-09-16 12:55:00-04:00,40.91999816894531,40.91999816894531,40.689998626708984,40.689998626708984,2546,0.0,0.0
2024-09-16 13:00:00-04:00,40.70000076293945,40.70000076293945,40.70000076293945,40.70000076293945,716,0.0,0.0
2024-09-16 13:05:00-04:00,40.72999954223633,40.72999954223633,40.72999954223633,40.72999954223633,292,0.0,0.0
2024-09-16 13:10:00-04:00,40.7400016784668,40.814998626708984,40.7400016784668,40.814998626708984,1191,0.0,0.0
2024-09-16 13:15:00-04:00,40.78499984741211,40.78499984741211,40.78499984741211,40.78499984741211,257,0.0,0.0
2024-09-16 13:20:00-04:00,40.790000915527344,40.790000915527344,40.709999084472656,40.709999084472656,558,0.0,0.0
2024-09-16 13:25:00-04:00,40.58000183105469,40.58000183105469,40.58000183105469,40.58000183105469,459,0.0,0.0
2024-09-16 13:35:00-04:00,40.66999816894531,40.66999816894531,40.66999816894531,40.66999816894531,832,0.0,0.0
2024-09-16 13:40:00-04:00,40.65999984741211,40.65999984741211,40.65999984741211,40.65999984741211,254,0.0,0.0
2024-09-16 13:50:00-04:00,40.75,40.76499938964844,40.75,40.76499938964844,963,0.0,0.0
2024-09-16 13:55:00-04:00,40.790000915527344,40.790000915527344,40.790000915527344,40.790000915527344,642,0.0,0.0
2024-09-16 14:00:00-04:00,40.790000915527344,40.790000915527344,40.70000076293945,40.70000076293945,2268,0.0,0.0
2024-09-16 14:15:00-04:00,40.689998626708984,40.72999954223633,40.65999984741211,40.720001220703125,3997,0.0,0.0
2024-09-16 14:20:00-04:00,40.75,40.75,40.744998931884766,40.744998931884766,436,0.0,0.0
2024-09-16 14:25:00-04:00,40.75,40.7599983215332,40.75,40.75,883,0.0,0.0
2024-09-16 14:30:00-04:00,40.689998626708984,40.689998626708984,40.689998626708984,40.689998626708984,769,0.0,0.0
2024-09-16 14:35:00-04:00,40.654998779296875,40.654998779296875,40.64500045776367,40.64500045776367,2806,0.0,0.0
2024-09-16 14:40:00-04:00,40.689998626708984,40.689998626708984,40.689998626708984,40.689998626708984,493,0.0,0.0
2024-09-16 14:45:00-04:00,40.70000076293945,40.709999084472656,40.70000076293945,40.709999084472656,1173,0.0,0.0
2024-09-16 14:50:00-04:00,40.709999084472656,40.75,40.709999084472656,40.72999954223633,2191,0.0,0.0
2024-09-16 14:55:00-04:00,40.72999954223633,40.849998474121094,40.72999954223633,40.79999923706055,4849,0.0,0.0
2024-09-16 15:00:00-04:00,40.790000915527344,40.790000915527344,40.7599983215332,40.7599983215332,1428,0.0,0.0
2024-09-16 15:05:00-04:00,40.7400016784668,40.869998931884766,40.7400016784668,40.86000061035156,4570,0.0,0.0
2024-09-16 15:10:00-04:00,40.86000061035156,40.86000061035156,40.849998474121094,40.86000061035156,1284,0.0,0.0
2024-09-16 15:15:00-04:00,40.86000061035156,40.880001068115234,40.83000183105469,40.880001068115234,2061,0.0,0.0
2024-09-16 15:20:00-04:00,40.880001068115234,40.880001068115234,40.869998931884766,40.869998931884766,1233,0.0,0.0
2024-09-16 15:25:00-04:00,40.88999938964844,40.88999938964844,40.845001220703125,40.845001220703125,2573,0.0,0.0
2024-09-16 15:30:00-04:00,40.88999938964844,40.9900016784668,40.88999938964844,40.970001220703125,5094,0.0,0.0
2024-09-16 15:35:00-04:00,40.88999938964844,40.90999984741211,40.849998474121094,40.88999938964844,4745,0.0,0.0
2024-09-16 15:40:00-04:00,40.88999938964844,40.95000076293945,40.869998931884766,40.95000076293945,3369,0.0,0.0
2024-09-16 15:45:00-04:00,40.939998626708984,40.959999084472656,40.93000030517578,40.959999084472656,4035,0.0,0.0
2024-09-16 15:50:00-04:00,41.01499938964844,41.13999938964844,40.970001220703125,41.099998474121094,5937,0.0,0.0
2024-09-16 15:55:00-04:00,41.099998474121094,41.099998474121094,41.02000045776367,41.02000045776367,5508,0.0,0.0
2024-09-17 09:35:00-04:00,41.5,41.5,41.5,41.5,568,0.0,0.0
2024-09-17 09:45:00-04:00,41.47999954223633,41.529998779296875,41.46500015258789,41.46500015258789,562,0.0,0.0
2024-09-17 09:50:00-04:00,41.44499969482422,41.44499969482422,41.44499969482422,41.44499969482422,923,0.0,0.0
2024-09-17 10:00:00-04:00,41.58000183105469,41.58000183105469,41.58000183105469,41.58000183105469,1037,0.0,0.0
2024-09-17 10:15:00-04:00,41.65999984741211,41.709999084472656,41.65999984741211,41.709999084472656,861,0.0,0.0
2024-09-17 10:25:00-04:00,41.630001068115234,41.630001068115234,41.56999969482422,41.56999969482422,665,0.0,0.0
2024-09-17 10:35:00-04:00,41.625,41.625,41.625,41.625,154,0.0,0.0
2024-09-17 10:40:00-04:00,41.65999984741211,41.65999984741211,41.65999984741211,41.65999984741211,615,0.0,0.0
2024-09-17 10:50:00-04:00,41.685001373291016,41.685001373291016,41.685001373291016,41.685001373291016,402,0.0,0.0
2024-09-17 11:00:00-04:00,41.58000183105469,41.58000183105469,41.4900016784668,41.4900016784668,1253,0.0,0.0
2024-09-17 11:20:00-04:00,41.45000076293945,41.45000076293945,41.45000076293945,41.45000076293945,244,0.0,0.0
2024-09-17 11:25:00-04:00,41.540000915527344,41.540000915527344,41.540000915527344,41.540000915527344,646,0.0,0.0
2024-09-17 11:30:00-04:00,41.470001220703125,41.470001220703125,41.400001525878906,41.400001525878906,664,0.0,0.0
2024-09-17 11:45:00-04:00,41.380001068115234,41.404998779296875,41.380001068115234,41.404998779296875,1064,0.0,0.0
2024-09-17 12:00:00-04:00,41.599998474121094,41.599998474121094,41.599998474121094,41.599998474121094,244,0.0,0.0
2024-09-17 12:10:00-04:00,41.59000015258789,41.59000015258789,41.59000015258789,41.59000015258789,2147,0.0,0.0
2024-09-17 12:40:00-04:00,41.52870178222656,41.52870178222656,41.52870178222656,41.52870178222656,800,0.0,0.0
2024-09-17 12:55:00-04:00,41.5,41.540000915527344,41.5,41.540000915527344,1924,0.0,0.0
2024-09-17 13:20:00-04:00,41.5,41.58000183105469,41.5,41.58000183105469,1449,0.0,0.0
2024-09-17 13:40:00-04:00,41.58000183105469,41.58000183105469,41.58000183105469,41.58000183105469,1386,0.0,0.0
2024-09-17 13:50:00-04:00,41.650001525878906,41.650001525878906,41.650001525878906,41.650001525878906,529,0.0,0.0
2024-09-17 13:55:00-04:00,41.75,41.75,41.75,41.75,507,0.0,0.0
2024-09-17 14:00:00-04:00,41.775001525878906,41.775001525878906,41.775001525878906,41.775001525878906,455,0.0,0.0
2024-09-17 14:15:00-04:00,41.72999954223633,41.72999954223633,41.72999954223633,41.72999954223633,1315,0.0,0.0
2024-09-17 14:45:00-04:00,41.709999084472656,41.709999084472656,41.709999084472656,41.709999084472656,1389,0.0,0.0
2024-09-17 14:55:00-04:00,41.720001220703125,41.720001220703125,41.720001220703125,41.720001220703125,1724,0.0,0.0
2024-09-17 15:15:00-04:00,41.779998779296875,41.779998779296875,41.779998779296875,41.779998779296875,1424,0.0,0.0
2024-09-17 15:25:00-04:00,41.7599983215332,41.7599983215332,41.7599983215332,41.7599983215332,513,0.0,0.0
2024-09-17 15:30:00-04:00,41.79999923706055,41.84000015258789,41.79999923706055,41.84000015258789,1137,0.0,0.0
2024-09-17 15:35:00-04:00,41.86000061035156,41.86000061035156,41.86000061035156,41.86000061035156,400,0.0,0.0
2024-09-17 15:40:00-04:00,41.86000061035156,41.86000061035156,41.84000015258789,41.84000015258789,1118,0.0,0.0
2024-09-17 15:45:00-04:00,41.810001373291016,41.810001373291016,41.810001373291016,41.810001373291016,614,0.0,0.0
2024-09-17 15:50:00-04:00,41.81999969482422,41.84000015258789,41.79999923706055,41.84000015258789,1848,0.0,0.0
2024-09-17 15:55:00-04:00,41.869998931884766,41.97999954223633,41.869998931884766,41.880001068115234,4044,0.0,0.0
2024-09-18 09:30:00-04:00,41.95000076293945,41.95000076293945,41.95000076293945,41.95000076293945,289,0.0,0.0
2024-09-18 09:50:00-04:00,41.76499938964844,41.76499938964844,41.76499938964844,41.76499938964844,326,0.0,0.0
2024-09-18 09:55:00-04:00,41.744998931884766,41.744998931884766,41.744998931884766,41.744998931884766,110,0.0,0.0
2024-09-18 10:00:00-04:00,41.7400016784668,41.7400016784668,41.720001220703125,41.720001220703125,738,0.0,0.0
2024-09-18 10:05:00-04:00,41.665000915527344,41.834999084472656,41.665000915527344,41.834999084472656,931,0.0,0.0
2024-09-18 10:10:00-04:00,41.790000915527344,41.91999816894531,41.790000915527344,41.91999816894531,255,0.0,0.0
2024-09-18 10:15:00-04:00,42.0,42.0,41.92499923706055,41.92499923706055,503,0.0,0.0
2024-09-18 10:20:00-04:00,41.92499923706055,41.92499923706055,41.89500045776367,41.89500045776367,490,0.0,0.0
2024-09-18 10:25:00-04:00,41.900001525878906,41.900001525878906,41.900001525878906,41.900001525878906,351,0.0,0.0
2024-09-18 10:30:00-04:00,42.0,42.09000015258789,42.0,42.07500076293945,1726,0.0,0.0
2024-09-18 10:35:00-04:00,42.0099983215332,42.0099983215332,42.0099983215332,42.0099983215332,546,0.0,0.0
2024-09-18 10:40:00-04:00,42.0,42.0,42.0,42.0,175,0.0,0.0
2024-09-18 10:45:00-04:00,42.0099983215332,42.0099983215332,42.0099983215332,42.0099983215332,384,0.0,0.0
2024-09-18 10:50:00-04:00,42.119998931884766,42.125,42.119998931884766,42.125,861,0.0,0.0
2024-09-18 10:55:00-04:00,42.125,42.125,42.125,42.125,137,0.0,0.0
2024-09-18 11:00:00-04:00,42.125,42.1349983215332,42.125,42.1349983215332,420,0.0,0.0
2024-09-18 11:05:00-04:00,42.1349983215332,42.1349983215332,42.08000183105469,42.08000183105469,2286,0.0,0.0
2024-09-18 11:10:00-04:00,42.029998779296875,42.029998779296875,42.029998779296875,42.029998779296875,201,0.0,0.0
2024-09-18 11:15:00-04:00,42.029998779296875,42.029998779296875,42.0099983215332,42.0099983215332,637,0.0,0.0
2024-09-18 11:20:00-04:00,41.994998931884766,41.994998931884766,41.994998931884766,41.994998931884766,231,0.0,0.0
2024-09-18 11:25:00-04:00,41.994998931884766,41.994998931884766,41.994998931884766,41.994998931884766,243,0.0,0.0
2024-09-18 11:30:00-04:00,42.0,42.0,41.96500015258789,41.96500015258789,1226,0.0,0.0
2024-09-18 11:35:00-04:00,41.845001220703125,41.845001220703125,41.845001220703125,41.845001220703125,127,0.0,0.0
2024-09-18 11:40:00-04:00,41.845001220703125,41.8650016784668,41.76499938964844,41.76499938964844,881,0.0,0.0
2024-09-18 11:45:00-04:00,41.76499938964844,41.77000045776367,41.76499938964844,41.77000045776367,744,0.0,0.0
2024-09-18 11:50:00-04:00,41.810001373291016,41.85499954223633,41.779998779296875,41.779998779296875,8004,0.0,0.0
2024-09-18 11:55:00-04:00,41.80500030517578,41.80500030517578,41.7400016784668,41.7400016784668,1644,0.0,0.0
2024-09-18 12:00:00-04:00,41.66999816894531,41.66999816894531,41.650001525878906,41.650001525878906,545,0.0,0.0
2024-09-18 12:05:00-04:00,41.619998931884766,41.619998931884766,41.619998931884766,41.619998931884766,439,0.0,0.0
2024-09-18 12:10:00-04:00,41.70000076293945,41.70000076293945,41.70000076293945,41.70000076293945,1338,0.0,0.0
2024-09-18 12:15:00-04:00,41.76499938964844,41.775001525878906,41.76499938964844,41.775001525878906,10486,0.0,0.0
2024-09-18 12:20:00-04:00,41.915000915527344,41.915000915527344,41.915000915527344,41.915000915527344,311,0.0,0.0
2024-09-18 12:25:00-04:00,41.90999984741211,41.90999984741211,41.88999938964844,41.88999938964844,824,0.0,0.0
2024-09-18 12:30:00-04:00,41.8849983215332,41.8849983215332,41.8849983215332,41.8849983215332,943,0.0,0.0
2024-09-18 12:40:00-04:00,41.8849983215332,41.8849983215332,41.8849983215332,41.8849983215332,362,0.0,0.0
2024-09-18 12:45:00-04:00,41.8849983215332,41.959999084472656,41.8849983215332,41.959999084472656,1135,0.0,0.0
2024-09-18 12:55:00-04:00,41.97999954223633,42.040000915527344,41.97999954223633,42.040000915527344,490,0.0,0.0
2024-09-18 13:00:00-04:00,42.0099983215332,42.02000045776367,42.0099983215332,42.02000045776367,246,0.0,0.0
2024-09-18 13:05:00-04:00,42.025001525878906,42.025001525878906,42.025001525878906,42.025001525878906,591,0.0,0.0
2024-09-18 13:10:00-04:00,42.025001525878906,42.08000183105469,42.025001525878906,42.08000183105469,535,0.0,0.0
2024-09-18 13:15:00-04:00,42.14500045776367,42.14500045776367,42.14500045776367,42.14500045776367,229,0.0,0.0
2024-09-18 13:20:00-04:00,42.119998931884766,42.119998931884766,42.10499954223633,42.10499954223633,482,0.0,0.0
2024-09-18 13:25:00-04:00,42.11000061035156,42.15999984741211,42.11000061035156,42.15999984741211,564,0.0,0.0
2024-09-18 13:35:00-04:00,42.220001220703125,42.224998474121094,42.220001220703125,42.224998474121094,722,0.0,0.0
2024-09-18 13:40:00-04:00,42.224998474121094,42.224998474121094,42.040000915527344,42.040000915527344,2396,0.0,0.0
2024-09-18 13:45:00-04:00,42.037498474121094,42.037498474121094,42.037498474121094,42.037498474121094,292,0.0,0.0
2024-09-18 13:50:00-04:00,42.025001525878906,42.025001525878906,42.025001525878906,42.025001525878906,710,0.0,0.0
2024-09-18 13:55:00-04:00,42.01499938964844,42.029998779296875,41.82500076293945,41.82500076293945,1859,0.0,0.0
2024-09-18 14:00:00-04:00,41.91999816894531,42.63999938964844,41.91999816894531,42.470001220703125,2959,0.0,0.0
2024-09-18 14:05:00-04:00,42.41999816894531,42.439998626708984,42.369998931884766,42.369998931884766,829,0.0,0.0
2024-09-18 14:10:00-04:00,42.35499954223633,42.35499954223633,42.2599983215332,42.2599983215332,1330,0.0,0.0
2024-09-18 14:15:00-04:00,42.29999923706055,42.40999984741211,42.29999923706055,42.40999984741211,650,0.0,0.0
2024-09-18 14:20:00-04:00,42.2775993347168,42.3650016784668,42.2775993347168,42.3650016784668,594,0.0,0.0
2024-09-18 14:25:00-04:00,42.3650016784668,42.459999084472656,42.3650016784668,42.459999084472656,1169,0.0,0.0
2024-09-18 14:30:00-04:00,42.400001525878906,42.400001525878906,42.400001525878906,42.400001525878906,161,0.0,0.0
2024-09-18 14:35:00-04:00,42.470001220703125,42.525001525878906,42.2599983215332,42.525001525878906,1451,0.0,0.0
2024-09-18 14:40:00-04:00,42.349998474121094,42.459999084472656,42.349998474121094,42.459999084472656,3285,0.0,0.0
2024-09-18 14:45:00-04:00,42.470001220703125,42.470001220703125,42.404998779296875,42.404998779296875,631,0.0,0.0
2024-09-18 14:50:00-04:00,42.52000045776367,42.52000045776367,42.52000045776367,42.52000045776367,488,0.0,0.0
2024-09-18 14:55:00-04:00,42.59000015258789,42.59000015258789,42.38999938964844,42.38999938964844,1665,0.0,0.0
2024-09-18 15:00:00-04:00,42.32500076293945,42.345001220703125,42.32500076293945,42.345001220703125,549,0.0,0.0
2024-09-18 15:05:00-04:00,42.209999084472656,42.209999084472656,42.20500183105469,42.20500183105469,961,0.0,0.0
2024-09-18 15:10:00-04:00,42.34000015258789,42.42499923706055,42.34000015258789,42.42499923706055,649,0.0,0.0
2024-09-18 15:15:00-04:00,42.404998779296875,42.439998626708984,42.400001525878906,42.439998626708984,1478,0.0,0.0
2024-09-18 15:20:00-04:00,42.19499969482422,42.19499969482422,42.150001525878906,42.150001525878906,2440,0.0,0.0
2024-09-18 15:30:00-04:00,42.39500045776367,42.39500045776367,42.39500045776367,42.39500045776367,1994,0.0,0.0
2024-09-18 15:40:00-04:00,42.05500030517578,42.05500030517578,42.05500030517578,42.05500030517578,1456,0.0,0.0
2024-09-18 15:45:00-04:00,42.02000045776367,42.064998626708984,42.02000045776367,42.064998626708984,2053,0.0,0.0
2024-09-18 15:50:00-04:00,42.16999816894531,42.16999816894531,42.040000915527344,42.119998931884766,4115,0.0,0.0
2024-09-18 15:55:00-04:00,42.189998626708984,42.189998626708984,41.959999084472656,41.96500015258789,4564,0.0,0.0
2024-09-19 09:40:00-04:00,42.88999938964844,42.91999816894531,42.88999938964844,42.91999816894531,751,0.0,0.0
2024-09-19 09:55:00-04:00,42.86000061035156,43.0,42.86000061035156,43.0,1594,0.0,0.0
2024-09-19 10:05:00-04:00,43.06999969482422,43.220001220703125,43.0,43.220001220703125,1695,0.0,0.0
2024-09-19 10:20:00-04:00,42.93000030517578,42.93000030517578,42.93000030517578,42.93000030517578,1218,0.0,0.0
2024-09-19 10:25:00-04:00,42.88999938964844,42.88999938964844,42.88999938964844,42.88999938964844,208,0.0,0.0
2024-09-19 10:35:00-04:00,43.0099983215332,43.02000045776367,43.0099983215332,43.02000045776367,724,0.0,0.0
2024-09-19 10:40:00-04:00,43.02000045776367,43.02000045776367,42.90999984741211,42.93000030517578,1730,0.0,0.0
2024-09-19 10:45:00-04:00,42.79999923706055,42.79999923706055,42.79999923706055,42.79999923706055,368,0.0,0.0
2024-09-19 10:50:00-04:00,42.90999984741211,42.90999984741211,42.90999984741211,42.90999984741211,483,0.0,0.0
2024-09-19 11:05:00-04:00,42.810001373291016,42.810001373291016,42.810001373291016,42.810001373291016,354,0.0,0.0
2024-09-19 11:15:00-04:00,42.95000076293945,42.95000076293945,42.95000076293945,42.95000076293945,591,0.0,0.0
2024-09-19 11:25:00-04:00,43.08000183105469,43.11000061035156,43.08000183105469,43.11000061035156,1523,0.0,0.0
2024-09-19 11:30:00-04:00,42.90999984741211,42.90999984741211,42.90999984741211,42.90999984741211,848,0.0,0.0
2024-09-19 11:40:00-04:00,42.790000915527344,42.79999923706055,42.790000915527344,42.79999923706055,849,0.0,0.0
2024-09-19 11:50:00-04:00,42.68000030517578,42.68000030517578,42.66999816894531,42.66999816894531,1819,0.0,0.0
2024-09-19 12:00:00-04:00,42.79999923706055,42.79999923706055,42.79999923706055,42.79999923706055,107,0.0,0.0
2024-09-19 12:05:00-04:00,42.79499816894531,42.79499816894531,42.79499816894531,42.79499816894531,640,0.0,0.0
2024-09-19 12:20:00-04:00,42.7400016784668,42.7400016784668,42.7400016784668,42.7400016784668,1021,0.0,0.0
2024-09-19 12:35:00-04:00,42.77000045776367,42.77000045776367,42.77000045776367,42.77000045776367,316,0.0,0.0
2024-09-19 12:40:00-04:00,42.7599983215332,42.7599983215332,42.75,42.75,1797,0.0,0.0
2024-09-19 12:45:00-04:00,42.72999954223633,42.7400016784668,42.72999954223633,42.7400016784668,450,0.0,0.0
2024-09-19 12:50:00-04:00,42.72999954223633,42.72999954223633,42.72999954223633,42.72999954223633,562,0.0,0.0
2024-09-19 13:05:00-04:00,42.72999954223633,42.72999954223633,42.720001220703125,42.720001220703125,1075,0.0,0.0
2024-09-19 13:10:00-04:00,42.630001068115234,42.630001068115234,42.630001068115234,42.630001068115234,886,0.0,0.0
2024-09-19 13:15:00-04:00,42.689998626708984,42.689998626708984,42.689998626708984,42.689998626708984,1413,0.0,0.0
2024-09-19 13:35:00-04:00,42.57500076293945,42.57500076293945,42.57500076293945,42.57500076293945,157,0.0,0.0
2024-09-19 13:40:00-04:00,42.630001068115234,42.630001068115234,42.60499954223633,42.619998931884766,1933,0.0,0.0
2024-09-19 13:50:00-04:00,42.72999954223633,42.779998779296875,42.709999084472656,42.779998779296875,1082,0.0,0.0
2024-09-19 14:00:00-04:00,42.70000076293945,42.70000076293945,42.70000076293945,42.70000076293945,1126,0.0,0.0
2024-09-19 14:10:00-04:00,42.66999816894531,42.70000076293945,42.66999816894531,42.68000030517578,1878,0.0,0.0
2024-09-19 14:15:00-04:00,42.599998474121094,42.599998474121094,42.56999969482422,42.599998474121094,2242,0.0,0.0
2024-09-19 14:20:00-04:00,42.689998626708984,42.7400016784668,42.630001068115234,42.720001220703125,2862,0.0,0.0
2024-09-19 14:25:00-04:00,42.77000045776367,42.83000183105469,42.77000045776367,42.83000183105469,1809,0.0,0.0
2024-09-19 14:30:00-04:00,42.845001220703125,42.845001220703125,42.845001220703125,42.845001220703125,149,0.0,0.0
2024-09-19 14:35:00-04:00,42.7599983215332,42.77000045776367,42.689998626708984,42.720001220703125,1637,0.0,0.0
2024-09-19 14:40:00-04:00,42.72999954223633,42.72999954223633,42.619998931884766,42.619998931884766,2302,0.0,0.0
2024-09-19 14:45:00-04:00,42.619998931884766,42.619998931884766,42.619998931884766,42.619998931884766,3319,0.0,0.0
2024-09-19 14:50:00-04:00,42.529998779296875,42.529998779296875,42.43000030517578,42.44499969482422,2332,0.0,0.0
2024-09-19 14:55:00-04:00,42.44499969482422,42.470001220703125,42.40999984741211,42.439998626708984,5043,0.0,0.0
2024-09-19 15:00:00-04:00,42.560001373291016,42.56999969482422,42.459999084472656,42.459999084472656,2530,0.0,0.0
2024-09-19 15:05:00-04:00,42.4900016784668,42.5,42.41999816894531,42.470001220703125,4260,0.0,0.0
2024-09-19 15:10:00-04:00,42.459999084472656,42.47999954223633,42.41999816894531,42.41999816894531,2464,0.0,0.0
2024-09-19 15:15:00-04:00,42.41999816894531,42.52000045776367,42.40999984741211,42.40999984741211,2771,0.0,0.0
2024-09-19 15:20:00-04:00,42.40999984741211,42.41999816894531,42.380001068115234,42.41999816894531,3145,0.0,0.0
2024-09-19 15:25:00-04:00,42.380001068115234,42.400001525878906,42.349998474121094,42.38999938964844,2359,0.0,0.0
2024-09-19 15:30:00-04:00,42.290000915527344,42.43000030517578,42.19499969482422,42.43000030517578,26468,0.0,0.0
2024-09-19 15:35:00-04:00,42.38999938964844,42.435001373291016,42.38999938964844,42.41999816894531,4548,0.0,0.0
2024-09-19 15:40:00-04:00,42.400001525878906,42.400001525878906,42.29999923706055,42.310001373291016,2786,0.0,0.0
2024-09-19 15:45:00-04:00,42.34000015258789,42.45750045776367,42.29999923706055,42.45000076293945,13792,0.0,0.0
2024-09-19 15:50:00-04:00,42.400001525878906,42.45000076293945,42.34000015258789,42.439998626708984,5249,0.0,0.0
2024-09-19 15:55:00-04:00,42.41999816894531,42.56999969482422,42.41999816894531,42.47999954223633,7206,0.0,0.0
2024-09-20 09:30:00-04:00,42.349998474121094,42.349998474121094,42.349998474121094,42.349998474121094,0,0.0,0.0
2024-09-20 09:45:00-04:00,42.375,42.375,42.290000915527344,42.290000915527344,600,0.0,0.0
2024-09-20 09:50:00-04:00,42.290000915527344,42.29999923706055,42.290000915527344,42.29999923706055,797,0.0,0.0
2024-09-20 09:55:00-04:00,42.209999084472656,42.209999084472656,42.20000076293945,42.20000076293945,562,0.0,0.0
2024-09-20 10:00:00-04:00,42.36000061035156,42.36000061035156,42.31999969482422,42.31999969482422,1165,0.0,0.0
2024-09-20 10:05:00-04:00,42.31999969482422,42.369998931884766,42.31999969482422,42.369998931884766,676,0.0,0.0
2024-09-20 10:10:00-04:00,42.20000076293945,42.20000076293945,42.20000076293945,42.20000076293945,555,0.0,0.0
2024-09-20 10:25:00-04:00,42.34000015258789,42.34000015258789,42.290000915527344,42.34000015258789,926,0.0,0.0
2024-09-20 10:40:00-04:00,42.20000076293945,42.20000076293945,42.20000076293945,42.20000076293945,1032,0.0,0.0
2024-09-20 10:50:00-04:00,42.08000183105469,42.13999938964844,42.08000183105469,42.119998931884766,1406,0.0,0.0
2024-09-20 11:05:00-04:00,41.84000015258789,41.84000015258789,41.84000015258789,41.84000015258789,399,0.0,0.0
2024-09-20 11:10:00-04:00,41.939998626708984,41.939998626708984,41.939998626708984,41.939998626708984,422,0.0,0.0
2024-09-20 11:25:00-04:00,41.95000076293945,41.95000076293945,41.95000076293945,41.95000076293945,1059,0.0,0.0
2024-09-20 11:35:00-04:00,42.09000015258789,42.09000015258789,42.09000015258789,42.09000015258789,784,0.0,0.0
2024-09-20 12:10:00-04:00,41.9900016784668,41.9900016784668,41.9900016784668,41.9900016784668,324,0.0,0.0
2024-09-20 12:25:00-04:00,42.08000183105469,42.20759963989258,42.08000183105469,42.20759963989258,753,0.0,0.0
2024-09-20 12:40:00-04:00,42.2400016784668,42.25,42.2400016784668,42.25,1056,0.0,0.0
2024-09-20 13:00:00-04:00,42.209999084472656,42.209999084472656,42.20500183105469,42.20500183105469,1366,0.0,0.0
2024-09-20 13:30:00-04:00,42.09000015258789,42.130001068115234,42.05580139160156,42.130001068115234,1455,0.0,0.0
2024-09-20 14:00:00-04:00,42.10499954223633,42.10499954223633,42.10499954223633,42.10499954223633,664,0.0,0.0
2024-09-20 14:10:00-04:00,42.02000045776367,42.02000045776367,42.02000045776367,42.02000045776367,753,0.0,0.0
2024-09-20 14:20:00-04:00,42.11000061035156,42.11000061035156,42.11000061035156,42.11000061035156,255,0.0,0.0
2024-09-20 14:25:00-04:00,42.11000061035156,42.11000061035156,42.11000061035156,42.11000061035156,140,0.0,0.0
2024-09-20 14:30:00-04:00,42.10499954223633,42.10499954223633,42.04999923706055,42.04999923706055,523,0.0,0.0
2024-09-20 14:35:00-04:00,42.06999969482422,42.06999969482422,42.060001373291016,42.060001373291016,1056,0.0,0.0
2024-09-20 14:50:00-04:00,42.25,42.25,42.25,42.25,236,0.0,0.0
2024-09-20 14:55:00-04:00,42.18000030517578,42.29999923706055,42.18000030517578,42.29999923706055,704,0.0,0.0
2024-09-20 15:05:00-04:00,42.32500076293945,42.32500076293945,42.244998931884766,42.244998931884766,1120,0.0,0.0
2024-09-20 15:10:00-04:00,42.13999938964844,42.13999938964844,42.119998931884766,42.119998931884766,1051,0.0,0.0
2024-09-20 15:15:00-04:00,42.2400016784668,42.2400016784668,42.2400016784668,42.2400016784668,342,0.0,0.0
2024-09-20 15:20:00-04:00,42.29999923706055,42.29999923706055,42.2400016784668,42.2400016784668,967,0.0,0.0
2024-09-20 15:25:00-04:00,42.290000915527344,42.290000915527344,42.290000915527344,42.290000915527344,719,0.0,0.0
2024-09-20 15:30:00-04:00,42.18000030517578,42.19499969482422,42.18000030517578,42.19499969482422,2476,0.0,0.0
2024-09-20 15:45:00-04:00,42.224998474121094,42.224998474121094,42.224998474121094,42.224998474121094,306,0.0,0.0
2024-09-20 15:50:00-04:00,42.220001220703125,42.38999938964844,42.189998626708984,42.310001373291016,6054,0.0,0.0
2024-09-20 15:55:00-04:00,42.310001373291016,42.310001373291016,42.18000030517578,42.220001220703125,7102,0.0,0.0
