Datetime,Open,High,Low,Close,Volume,Dividends,Stock Splits
2024-08-22 09:30:00-04:00,27.959999084472656,27.979999542236328,27.940000534057617,27.969999313354492,22890,0.0,0.0
2024-08-22 09:35:00-04:00,27.979999542236328,28.010000228881836,27.9606990814209,28.010000228881836,4795,0.0,0.0
2024-08-22 09:40:00-04:00,28.030000686645508,28.040000915527344,28.020000457763672,28.020000457763672,4629,0.0,0.0
2024-08-22 09:45:00-04:00,28.03499984741211,28.03499984741211,27.989999771118164,28.0,3218,0.0,0.0
2024-08-22 09:50:00-04:00,27.989999771118164,28.0,27.985000610351562,28.0,7494,0.0,0.0
2024-08-22 09:55:00-04:00,28.0,28.0,27.969999313354492,27.989999771118164,4148,0.0,0.0
2024-08-22 10:00:00-04:00,28.0,28.024999618530273,27.985000610351562,28.010000228881836,7737,0.0,0.0
2024-08-22 10:05:00-04:00,28.0,28.0,27.940000534057617,27.954999923706055,4897,0.0,0.0
2024-08-22 10:10:00-04:00,27.96500015258789,27.969999313354492,27.93000030517578,27.93000030517578,5336,0.0,0.0
2024-08-22 10:15:00-04:00,27.920000076293945,27.920000076293945,27.8799991607666,27.8799991607666,4995,0.0,0.0
2024-08-22 10:20:00-04:00,27.875,27.875,27.84000015258789,27.850000381469727,4171,0.0,0.0
2024-08-22 10:25:00-04:00,27.860000610351562,27.885000228881836,27.860000610351562,27.8799991607666,6635,0.0,0.0
2024-08-22 10:30:00-04:00,27.8799991607666,27.915000915527344,27.86050033569336,27.8799991607666,5725,0.0,0.0
2024-08-22 10:35:00-04:00,27.885000228881836,27.920000076293945,27.8700008392334,27.920000076293945,3364,0.0,0.0
2024-08-22 10:40:00-04:00,27.93000030517578,27.934999465942383,27.920000076293945,27.920000076293945,6979,0.0,0.0
2024-08-22 10:45:00-04:00,27.920000076293945,27.940000534057617,27.9158992767334,27.924999237060547,6983,0.0,0.0
2024-08-22 10:50:00-04:00,27.920000076293945,28.0,27.915000915527344,27.975000381469727,10779,0.0,0.0
2024-08-22 10:55:00-04:00,27.979999542236328,28.014999389648438,27.979999542236328,27.985000610351562,4442,0.0,0.0
2024-08-22 11:00:00-04:00,27.989999771118164,28.03499984741211,27.985000610351562,28.010000228881836,11271,0.0,0.0
2024-08-22 11:05:00-04:00,28.010000228881836,28.040000915527344,28.0049991607666,28.03499984741211,18123,0.0,0.0
2024-08-22 11:10:00-04:00,28.03499984741211,28.040000915527344,28.0049991607666,28.040000915527344,13198,0.0,0.0
2024-08-22 11:15:00-04:00,28.045000076293945,28.059999465942383,28.030000686645508,28.05500030517578,40714,0.0,0.0
2024-08-22 11:20:00-04:00,28.05500030517578,28.059999465942383,28.020000457763672,28.03499984741211,31841,0.0,0.0
2024-08-22 11:25:00-04:00,28.040000915527344,28.079999923706055,28.03499984741211,28.059999465942383,79884,0.0,0.0
2024-08-22 11:30:00-04:00,28.065000534057617,28.084999084472656,28.059999465942383,28.075000762939453,12463,0.0,0.0
2024-08-22 11:35:00-04:00,28.075000762939453,28.104999542236328,28.059999465942383,28.100000381469727,37610,0.0,0.0
2024-08-22 11:40:00-04:00,28.100000381469727,28.1299991607666,28.084999084472656,28.100000381469727,24727,0.0,0.0
2024-08-22 11:45:00-04:00,28.094999313354492,28.100000381469727,28.049999237060547,28.049999237060547,15213,0.0,0.0
2024-08-22 11:50:00-04:00,28.040000915527344,28.045000076293945,28.020000457763672,28.024999618530273,10855,0.0,0.0
2024-08-22 11:55:00-04:00,28.020000457763672,28.065000534057617,28.0049991607666,28.010000228881836,15155,0.0,0.0
2024-08-22 12:00:00-04:00,28.010000228881836,28.014999389648438,27.989999771118164,28.0,6830,0.0,0.0
2024-08-22 12:05:00-04:00,28.010000228881836,28.024999618530273,28.0,28.0049991607666,9628,0.0,0.0
2024-08-22 12:10:00-04:00,28.0049991607666,28.0049991607666,27.989999771118164,27.989999771118164,4643,0.0,0.0
2024-08-22 12:15:00-04:00,27.989999771118164,27.989999771118164,27.969999313354492,27.975000381469727,6725,0.0,0.0
2024-08-22 12:20:00-04:00,27.979999542236328,27.9950008392334,27.969999313354492,27.9950008392334,12319,0.0,0.0
2024-08-22 12:25:00-04:00,28.0,28.010000228881836,27.9950008392334,28.010000228881836,9000,0.0,0.0
2024-08-22 12:30:00-04:00,28.0,28.024999618530273,27.979999542236328,28.024999618530273,8665,0.0,0.0
2024-08-22 12:35:00-04:00,28.030000686645508,28.049999237060547,28.020000457763672,28.045000076293945,3963,0.0,0.0
2024-08-22 12:40:00-04:00,28.049999237060547,28.05500030517578,28.030000686645508,28.030000686645508,4945,0.0,0.0
2024-08-22 12:45:00-04:00,28.030000686645508,28.030000686645508,27.989999771118164,28.0,7481,0.0,0.0
2024-08-22 12:50:00-04:00,28.0,28.0049991607666,27.959999084472656,27.959999084472656,5123,0.0,0.0
2024-08-22 12:55:00-04:00,27.954999923706055,27.969999313354492,27.94499969482422,27.959999084472656,6823,0.0,0.0
2024-08-22 13:00:00-04:00,27.969999313354492,27.969999313354492,27.950000762939453,27.954999923706055,1857,0.0,0.0
2024-08-22 13:05:00-04:00,27.950000762939453,27.975000381469727,27.940000534057617,27.969999313354492,8046,0.0,0.0
2024-08-22 13:10:00-04:00,27.96500015258789,27.979999542236328,27.950000762939453,27.954999923706055,8152,0.0,0.0
2024-08-22 13:15:00-04:00,27.959999084472656,27.985000610351562,27.95949935913086,27.979999542236328,4051,0.0,0.0
2024-08-22 13:20:00-04:00,27.985000610351562,27.985000610351562,27.969999313354492,27.969999313354492,3207,0.0,0.0
2024-08-22 13:25:00-04:00,27.969999313354492,27.975000381469727,27.940000534057617,27.94499969482422,6240,0.0,0.0
2024-08-22 13:30:00-04:00,27.940000534057617,27.979999542236328,27.90999984741211,27.969999313354492,40388,0.0,0.0
2024-08-22 13:35:00-04:00,27.959999084472656,27.985000610351562,27.959999084472656,27.985000610351562,2512,0.0,0.0
2024-08-22 13:40:00-04:00,27.979999542236328,27.979999542236328,27.959999084472656,27.975000381469727,4553,0.0,0.0
2024-08-22 13:45:00-04:00,27.975000381469727,27.989999771118164,27.96500015258789,27.96500015258789,2417,0.0,0.0
2024-08-22 13:50:00-04:00,27.969999313354492,27.9950008392334,27.959999084472656,27.959999084472656,7504,0.0,0.0
2024-08-22 13:55:00-04:00,27.959999084472656,27.959999084472656,27.940000534057617,27.94499969482422,3771,0.0,0.0
2024-08-22 14:00:00-04:00,27.94499969482422,27.954999923706055,27.940000534057617,27.954999923706055,4009,0.0,0.0
2024-08-22 14:05:00-04:00,27.954999923706055,27.969999313354492,27.954999923706055,27.959999084472656,5416,0.0,0.0
2024-08-22 14:10:00-04:00,27.969999313354492,27.989999771118164,27.969999313354492,27.989999771118164,7155,0.0,0.0
2024-08-22 14:15:00-04:00,28.0,28.010000228881836,27.979999542236328,28.010000228881836,18930,0.0,0.0
2024-08-22 14:20:00-04:00,28.010000228881836,28.020000457763672,27.985000610351562,27.985000610351562,7131,0.0,0.0
2024-08-22 14:25:00-04:00,27.985000610351562,27.985000610351562,27.975000381469727,27.979999542236328,2959,0.0,0.0
2024-08-22 14:30:00-04:00,27.985000610351562,27.985000610351562,27.959999084472656,27.975000381469727,8233,0.0,0.0
2024-08-22 14:35:00-04:00,27.969999313354492,27.979999542236328,27.969999313354492,27.969999313354492,3985,0.0,0.0
2024-08-22 14:40:00-04:00,27.96500015258789,27.96500015258789,27.940000534057617,27.940000534057617,11180,0.0,0.0
2024-08-22 14:45:00-04:00,27.934999465942383,27.954999923706055,27.934999465942383,27.950000762939453,12168,0.0,0.0
2024-08-22 14:50:00-04:00,27.94499969482422,27.950000762939453,27.940000534057617,27.94499969482422,4698,0.0,0.0
2024-08-22 14:55:00-04:00,27.94499969482422,27.950000762939453,27.93000030517578,27.934999465942383,8755,0.0,0.0
2024-08-22 15:00:00-04:00,27.934999465942383,28.010000228881836,27.934999465942383,27.975000381469727,48550,0.0,0.0
2024-08-22 15:05:00-04:00,27.975000381469727,27.979999542236328,27.969999313354492,27.975000381469727,6200,0.0,0.0
2024-08-22 15:10:00-04:00,27.979999542236328,27.989999771118164,27.979999542236328,27.985000610351562,7569,0.0,0.0
2024-08-22 15:15:00-04:00,27.985000610351562,27.989999771118164,27.969999313354492,27.975000381469727,14644,0.0,0.0
2024-08-22 15:20:00-04:00,27.975000381469727,27.975000381469727,27.967500686645508,27.969999313354492,12160,0.0,0.0
2024-08-22 15:25:00-04:00,27.969999313354492,27.979999542236328,27.969999313354492,27.975000381469727,6876,0.0,0.0
2024-08-22 15:30:00-04:00,27.969999313354492,27.979999542236328,27.969999313354492,27.975000381469727,9823,0.0,0.0
2024-08-22 15:35:00-04:00,27.969999313354492,27.979999542236328,27.96500015258789,27.975000381469727,24428,0.0,0.0
2024-08-22 15:40:00-04:00,27.969999313354492,27.979999542236328,27.940000534057617,27.940000534057617,23950,0.0,0.0
2024-08-22 15:45:00-04:00,27.940000534057617,27.940000534057617,27.90999984741211,27.915000915527344,19006,0.0,0.0
2024-08-22 15:50:00-04:00,27.915000915527344,27.975000381469727,27.899999618530273,27.950000762939453,77659,0.0,0.0
2024-08-22 15:55:00-04:00,27.950000762939453,27.985000610351562,27.94499969482422,27.979999542236328,139126,0.0,0.0
2024-08-23 09:30:00-04:00,28.149999618530273,28.200000762939453,28.149999618530273,28.18000030517578,15837,0.0,0.0
2024-08-23 09:35:00-04:00,28.18000030517578,28.229999542236328,28.18000030517578,28.200000762939453,11541,0.0,0.0
2024-08-23 09:40:00-04:00,28.204999923706055,28.209999084472656,28.15999984741211,28.18000030517578,3153,0.0,0.0
2024-08-23 09:45:00-04:00,28.183399200439453,28.183399200439453,28.15999984741211,28.18000030517578,9833,0.0,0.0
2024-08-23 09:50:00-04:00,28.170000076293945,28.170000076293945,28.139999389648438,28.139999389648438,3465,0.0,0.0
2024-08-23 09:55:00-04:00,28.1299991607666,28.149999618530273,28.125,28.149999618530273,34005,0.0,0.0
2024-08-23 10:00:00-04:00,28.15999984741211,28.31999969482422,28.15999984741211,28.31999969482422,15417,0.0,0.0
2024-08-23 10:05:00-04:00,28.31999969482422,28.31999969482422,28.239999771118164,28.28499984741211,10365,0.0,0.0
2024-08-23 10:10:00-04:00,28.280000686645508,28.385000228881836,28.280000686645508,28.3799991607666,6107,0.0,0.0
2024-08-23 10:15:00-04:00,28.3700008392334,28.3700008392334,28.280000686645508,28.280000686645508,4864,0.0,0.0
2024-08-23 10:20:00-04:00,28.299999237060547,28.350000381469727,28.2549991607666,28.350000381469727,36359,0.0,0.0
2024-08-23 10:25:00-04:00,28.350000381469727,28.3799991607666,28.329999923706055,28.3799991607666,4914,0.0,0.0
2024-08-23 10:30:00-04:00,28.360000610351562,28.395000457763672,28.360000610351562,28.389999389648438,10478,0.0,0.0
2024-08-23 10:35:00-04:00,28.375,28.389999389648438,28.364999771118164,28.3799991607666,4375,0.0,0.0
2024-08-23 10:40:00-04:00,28.375,28.434999465942383,28.364999771118164,28.434999465942383,10026,0.0,0.0
2024-08-23 10:45:00-04:00,28.434999465942383,28.440000534057617,28.399999618530273,28.415000915527344,15973,0.0,0.0
2024-08-23 10:50:00-04:00,28.395000457763672,28.395000457763672,28.340099334716797,28.360000610351562,6944,0.0,0.0
2024-08-23 10:55:00-04:00,28.364999771118164,28.424999237060547,28.364999771118164,28.399999618530273,7613,0.0,0.0
2024-08-23 11:00:00-04:00,28.375,28.420000076293945,28.375,28.389999389648438,18543,0.0,0.0
2024-08-23 11:05:00-04:00,28.399999618530273,28.43000030517578,28.399999618530273,28.420000076293945,3360,0.0,0.0
2024-08-23 11:10:00-04:00,28.40999984741211,28.450000762939453,28.405000686645508,28.450000762939453,11797,0.0,0.0
2024-08-23 11:15:00-04:00,28.450000762939453,28.469999313354492,28.450000762939453,28.459999084472656,8506,0.0,0.0
2024-08-23 11:20:00-04:00,28.459999084472656,28.479999542236328,28.44499969482422,28.46500015258789,6901,0.0,0.0
2024-08-23 11:25:00-04:00,28.469999313354492,28.475000381469727,28.450000762939453,28.459999084472656,3361,0.0,0.0
2024-08-23 11:30:00-04:00,28.44499969482422,28.450000762939453,28.424999237060547,28.424999237060547,2840,0.0,0.0
2024-08-23 11:35:00-04:00,28.420000076293945,28.420000076293945,28.405000686645508,28.40999984741211,2657,0.0,0.0
2024-08-23 11:40:00-04:00,28.420000076293945,28.450000762939453,28.40999984741211,28.40999984741211,5608,0.0,0.0
2024-08-23 11:45:00-04:00,28.399999618530273,28.434999465942383,28.399999618530273,28.434999465942383,4545,0.0,0.0
2024-08-23 11:50:00-04:00,28.43000030517578,28.43000030517578,28.385000228881836,28.385000228881836,2437,0.0,0.0
2024-08-23 11:55:00-04:00,28.3799991607666,28.389999389648438,28.364999771118164,28.3799991607666,2774,0.0,0.0
2024-08-23 12:00:00-04:00,28.375,28.389999389648438,28.364999771118164,28.389999389648438,6362,0.0,0.0
2024-08-23 12:05:00-04:00,28.389999389648438,28.399999618530273,28.360000610351562,28.389999389648438,3733,0.0,0.0
2024-08-23 12:10:00-04:00,28.389999389648438,28.389999389648438,28.344999313354492,28.344999313354492,3129,0.0,0.0
2024-08-23 12:15:00-04:00,28.354999542236328,28.354999542236328,28.325000762939453,28.350000381469727,4803,0.0,0.0
2024-08-23 12:20:00-04:00,28.360000610351562,28.364999771118164,28.360000610351562,28.364999771118164,2188,0.0,0.0
2024-08-23 12:25:00-04:00,28.360000610351562,28.3700008392334,28.360000610351562,28.3700008392334,2077,0.0,0.0
2024-08-23 12:30:00-04:00,28.375,28.40999984741211,28.375,28.40999984741211,18937,0.0,0.0
2024-08-23 12:35:00-04:00,28.420000076293945,28.43000030517578,28.40999984741211,28.40999984741211,9983,0.0,0.0
2024-08-23 12:40:00-04:00,28.420000076293945,28.420000076293945,28.389999389648438,28.389999389648438,11696,0.0,0.0
2024-08-23 12:45:00-04:00,28.385000228881836,28.389999389648438,28.36400032043457,28.389999389648438,4942,0.0,0.0
2024-08-23 12:50:00-04:00,28.389999389648438,28.43000030517578,28.389999389648438,28.43000030517578,4541,0.0,0.0
2024-08-23 12:55:00-04:00,28.440000534057617,28.46500015258789,28.440000534057617,28.459999084472656,1350,0.0,0.0
2024-08-23 13:00:00-04:00,28.450000762939453,28.469999313354492,28.450000762939453,28.450000762939453,4256,0.0,0.0
2024-08-23 13:05:00-04:00,28.479999542236328,28.485000610351562,28.475000381469727,28.485000610351562,2164,0.0,0.0
2024-08-23 13:10:00-04:00,28.485000610351562,28.485000610351562,28.469999313354492,28.475000381469727,3049,0.0,0.0
2024-08-23 13:15:00-04:00,28.485000610351562,28.485000610351562,28.46500015258789,28.475000381469727,7706,0.0,0.0
2024-08-23 13:20:00-04:00,28.479999542236328,28.5,28.479999542236328,28.485000610351562,4935,0.0,0.0
2024-08-23 13:25:00-04:00,28.4950008392334,28.5,28.489999771118164,28.489999771118164,1781,0.0,0.0
2024-08-23 13:30:00-04:00,28.489999771118164,28.489999771118164,28.469999313354492,28.469999313354492,4607,0.0,0.0
2024-08-23 13:35:00-04:00,28.485000610351562,28.485000610351562,28.469999313354492,28.469999313354492,2303,0.0,0.0
2024-08-23 13:40:00-04:00,28.459999084472656,28.459999084472656,28.450000762939453,28.454999923706055,1803,0.0,0.0
2024-08-23 13:45:00-04:00,28.450000762939453,28.450000762939453,28.43000030517578,28.450000762939453,1574,0.0,0.0
2024-08-23 13:50:00-04:00,28.44499969482422,28.450000762939453,28.440000534057617,28.450000762939453,2232,0.0,0.0
2024-08-23 13:55:00-04:00,28.440000534057617,28.44499969482422,28.440000534057617,28.44499969482422,1414,0.0,0.0
2024-08-23 14:00:00-04:00,28.450000762939453,28.454999923706055,28.434999465942383,28.44499969482422,6714,0.0,0.0
2024-08-23 14:05:00-04:00,28.440000534057617,28.44499969482422,28.440000534057617,28.44499969482422,2750,0.0,0.0
2024-08-23 14:10:00-04:00,28.44499969482422,28.454999923706055,28.440000534057617,28.454999923706055,2793,0.0,0.0
2024-08-23 14:15:00-04:00,28.459999084472656,28.46500015258789,28.450000762939453,28.46500015258789,4452,0.0,0.0
2024-08-23 14:20:00-04:00,28.46500015258789,28.46500015258789,28.43000030517578,28.46500015258789,4264,0.0,0.0
2024-08-23 14:25:00-04:00,28.469999313354492,28.475000381469727,28.450000762939453,28.454999923706055,8425,0.0,0.0
2024-08-23 14:30:00-04:00,28.450000762939453,28.469999313354492,28.440000534057617,28.469999313354492,13456,0.0,0.0
2024-08-23 14:35:00-04:00,28.479999542236328,28.4950008392334,28.479999542236328,28.4950008392334,4824,0.0,0.0
2024-08-23 14:40:00-04:00,28.489999771118164,28.489999771118164,28.479999542236328,28.485000610351562,4453,0.0,0.0
2024-08-23 14:45:00-04:00,28.485000610351562,28.485000610351562,28.479999542236328,28.485000610351562,11447,0.0,0.0
2024-08-23 14:50:00-04:00,28.475000381469727,28.520000457763672,28.475000381469727,28.520000457763672,22899,0.0,0.0
2024-08-23 14:55:00-04:00,28.524999618530273,28.53499984741211,28.489999771118164,28.4950008392334,15106,0.0,0.0
2024-08-23 15:00:00-04:00,28.4950008392334,28.5,28.475000381469727,28.475000381469727,7075,0.0,0.0
2024-08-23 15:05:00-04:00,28.469999313354492,28.475000381469727,28.46500015258789,28.46500015258789,4004,0.0,0.0
2024-08-23 15:10:00-04:00,28.462200164794922,28.5,28.462200164794922,28.4950008392334,8654,0.0,0.0
2024-08-23 15:15:00-04:00,28.4950008392334,28.5,28.479999542236328,28.4950008392334,5777,0.0,0.0
2024-08-23 15:20:00-04:00,28.4950008392334,28.4950008392334,28.489999771118164,28.4950008392334,8477,0.0,0.0
2024-08-23 15:25:00-04:00,28.4950008392334,28.4950008392334,28.485000610351562,28.489999771118164,6953,0.0,0.0
2024-08-23 15:30:00-04:00,28.479999542236328,28.5049991607666,28.475000381469727,28.4950008392334,16264,0.0,0.0
2024-08-23 15:35:00-04:00,28.4950008392334,28.4950008392334,28.469999313354492,28.469999313354492,8024,0.0,0.0
2024-08-23 15:40:00-04:00,28.475000381469727,28.4950008392334,28.46500015258789,28.489999771118164,33074,0.0,0.0
2024-08-23 15:45:00-04:00,28.489999771118164,28.5049991607666,28.479999542236328,28.5,17688,0.0,0.0
2024-08-23 15:50:00-04:00,28.489999771118164,28.514999389648438,28.485000610351562,28.4950008392334,51532,0.0,0.0
2024-08-23 15:55:00-04:00,28.4950008392334,28.5049991607666,28.450000762939453,28.450000762939453,104080,0.0,0.0
2024-08-26 09:30:00-04:00,28.65999984741211,28.739999771118164,28.649999618530273,28.65999984741211,92252,0.0,0.0
2024-08-26 09:35:00-04:00,28.65999984741211,28.700000762939453,28.6299991607666,28.690000534057617,18633,0.0,0.0
2024-08-26 09:40:00-04:00,28.68000030517578,28.80500030517578,28.68000030517578,28.799999237060547,40132,0.0,0.0
2024-08-26 09:45:00-04:00,28.805999755859375,28.889999389648438,28.799999237060547,28.885000228881836,29712,0.0,0.0
2024-08-26 09:50:00-04:00,28.885000228881836,28.915000915527344,28.860000610351562,28.8700008392334,24837,0.0,0.0
2024-08-26 09:55:00-04:00,28.8799991607666,28.950000762939453,28.8799991607666,28.950000762939453,42431,0.0,0.0
2024-08-26 10:00:00-04:00,28.940000534057617,28.959999084472656,28.899999618530273,28.959999084472656,33375,0.0,0.0
2024-08-26 10:05:00-04:00,28.950000762939453,29.0049991607666,28.94499969482422,29.0049991607666,24420,0.0,0.0
2024-08-26 10:10:00-04:00,29.0,29.05500030517578,28.979999542236328,29.0,30661,0.0,0.0
2024-08-26 10:15:00-04:00,29.0,29.024999618530273,28.950000762939453,28.954999923706055,13184,0.0,0.0
2024-08-26 10:20:00-04:00,28.950000762939453,28.969999313354492,28.915000915527344,28.915000915527344,10692,0.0,0.0
2024-08-26 10:25:00-04:00,28.920000076293945,28.950000762939453,28.90999984741211,28.940000534057617,14276,0.0,0.0
2024-08-26 10:30:00-04:00,28.940000534057617,28.940000534057617,28.899999618530273,28.899999618530273,6280,0.0,0.0
2024-08-26 10:35:00-04:00,28.895000457763672,28.905000686645508,28.8700008392334,28.889999389648438,13439,0.0,0.0
2024-08-26 10:40:00-04:00,28.8700008392334,28.8700008392334,28.790000915527344,28.799999237060547,16574,0.0,0.0
2024-08-26 10:45:00-04:00,28.799999237060547,28.829999923706055,28.799999237060547,28.799999237060547,5816,0.0,0.0
2024-08-26 10:50:00-04:00,28.799999237060547,28.84000015258789,28.799999237060547,28.829999923706055,8467,0.0,0.0
2024-08-26 10:55:00-04:00,28.825000762939453,28.829999923706055,28.799999237060547,28.809999465942383,19998,0.0,0.0
2024-08-26 11:00:00-04:00,28.80500030517578,28.80500030517578,28.780000686645508,28.80500030517578,15415,0.0,0.0
2024-08-26 11:05:00-04:00,28.809999465942383,28.809999465942383,28.75,28.7549991607666,30593,0.0,0.0
2024-08-26 11:10:00-04:00,28.7549991607666,28.764999389648438,28.7450008392334,28.75,13054,0.0,0.0
2024-08-26 11:15:00-04:00,28.7450008392334,28.7450008392334,28.725000381469727,28.7450008392334,14419,0.0,0.0
2024-08-26 11:20:00-04:00,28.740699768066406,28.7450008392334,28.704999923706055,28.725000381469727,20010,0.0,0.0
2024-08-26 11:25:00-04:00,28.719999313354492,28.729999542236328,28.719999313354492,28.729999542236328,17979,0.0,0.0
2024-08-26 11:30:00-04:00,28.735000610351562,28.75,28.71500015258789,28.71500015258789,14838,0.0,0.0
2024-08-26 11:35:00-04:00,28.71500015258789,28.729999542236328,28.700000762939453,28.729999542236328,29927,0.0,0.0
2024-08-26 11:40:00-04:00,28.729999542236328,28.774999618530273,28.665000915527344,28.68000030517578,23337,0.0,0.0
2024-08-26 11:45:00-04:00,28.68000030517578,28.68000030517578,28.635000228881836,28.635000228881836,12017,0.0,0.0
2024-08-26 11:50:00-04:00,28.639999389648438,28.690000534057617,28.639999389648438,28.665000915527344,7402,0.0,0.0
2024-08-26 11:55:00-04:00,28.665000915527344,28.665000915527344,28.645000457763672,28.65999984741211,7025,0.0,0.0
2024-08-26 12:00:00-04:00,28.649999618530273,28.65999984741211,28.649999618530273,28.655000686645508,2120,0.0,0.0
2024-08-26 12:05:00-04:00,28.655000686645508,28.655000686645508,28.6299991607666,28.635000228881836,3809,0.0,0.0
2024-08-26 12:10:00-04:00,28.6299991607666,28.645000457763672,28.625,28.635000228881836,5198,0.0,0.0
2024-08-26 12:15:00-04:00,28.635000228881836,28.670000076293945,28.635000228881836,28.655000686645508,5004,0.0,0.0
2024-08-26 12:20:00-04:00,28.655000686645508,28.68000030517578,28.649999618530273,28.649999618530273,18651,0.0,0.0
2024-08-26 12:25:00-04:00,28.655000686645508,28.65999984741211,28.639999389648438,28.639999389648438,10937,0.0,0.0
2024-08-26 12:30:00-04:00,28.645000457763672,28.674999237060547,28.6299991607666,28.665000915527344,19589,0.0,0.0
2024-08-26 12:35:00-04:00,28.65999984741211,28.670000076293945,28.65999984741211,28.665000915527344,7084,0.0,0.0
2024-08-26 12:40:00-04:00,28.665000915527344,28.674999237060547,28.649999618530273,28.674999237060547,7357,0.0,0.0
2024-08-26 12:45:00-04:00,28.674999237060547,28.700000762939453,28.670000076293945,28.700000762939453,16248,0.0,0.0
2024-08-26 12:50:00-04:00,28.704999923706055,28.719999313354492,28.69499969482422,28.719999313354492,5142,0.0,0.0
2024-08-26 12:55:00-04:00,28.719999313354492,28.729999542236328,28.704999923706055,28.71500015258789,11537,0.0,0.0
2024-08-26 13:00:00-04:00,28.71500015258789,28.739999771118164,28.71500015258789,28.735000610351562,6298,0.0,0.0
2024-08-26 13:05:00-04:00,28.735000610351562,28.7549991607666,28.729999542236328,28.7450008392334,23403,0.0,0.0
2024-08-26 13:10:00-04:00,28.7450008392334,28.770000457763672,28.7450008392334,28.7549991607666,16573,0.0,0.0
2024-08-26 13:15:00-04:00,28.760000228881836,28.770000457763672,28.7450008392334,28.749900817871094,10799,0.0,0.0
2024-08-26 13:20:00-04:00,28.7450008392334,28.7549991607666,28.7450008392334,28.75,7041,0.0,0.0
2024-08-26 13:25:00-04:00,28.7549991607666,28.760000228881836,28.7450008392334,28.7549991607666,8472,0.0,0.0
2024-08-26 13:30:00-04:00,28.75,28.7549991607666,28.725000381469727,28.729999542236328,7328,0.0,0.0
2024-08-26 13:35:00-04:00,28.729999542236328,28.739999771118164,28.71500015258789,28.719999313354492,11239,0.0,0.0
2024-08-26 13:40:00-04:00,28.71500015258789,28.75,28.704999923706055,28.75,14329,0.0,0.0
2024-08-26 13:45:00-04:00,28.7549991607666,28.780000686645508,28.75,28.780000686645508,20459,0.0,0.0
2024-08-26 13:50:00-04:00,28.780000686645508,28.780000686645508,28.729999542236328,28.75,10098,0.0,0.0
2024-08-26 13:55:00-04:00,28.7549991607666,28.775999069213867,28.7549991607666,28.774999618530273,5776,0.0,0.0
2024-08-26 14:00:00-04:00,28.774999618530273,28.799999237060547,28.760000228881836,28.774999618530273,7924,0.0,0.0
2024-08-26 14:05:00-04:00,28.78499984741211,28.78499984741211,28.764999389648438,28.774999618530273,4669,0.0,0.0
2024-08-26 14:10:00-04:00,28.774999618530273,28.799999237060547,28.774999618530273,28.799999237060547,9956,0.0,0.0
2024-08-26 14:15:00-04:00,28.80500030517578,28.829999923706055,28.80500030517578,28.825000762939453,13527,0.0,0.0
2024-08-26 14:20:00-04:00,28.825000762939453,28.84000015258789,28.780000686645508,28.780000686645508,14720,0.0,0.0
2024-08-26 14:25:00-04:00,28.780000686645508,28.780000686645508,28.7450008392334,28.780000686645508,10385,0.0,0.0
2024-08-26 14:30:00-04:00,28.795000076293945,28.795000076293945,28.7549991607666,28.764999389648438,10138,0.0,0.0
2024-08-26 14:35:00-04:00,28.764999389648438,28.774999618530273,28.760000228881836,28.774999618530273,15719,0.0,0.0
2024-08-26 14:40:00-04:00,28.774999618530273,28.790000915527344,28.774999618530273,28.774999618530273,5042,0.0,0.0
2024-08-26 14:45:00-04:00,28.774999618530273,28.774999618530273,28.739999771118164,28.7450008392334,6183,0.0,0.0
2024-08-26 14:50:00-04:00,28.7450008392334,28.7450008392334,28.735000610351562,28.735000610351562,3665,0.0,0.0
2024-08-26 14:55:00-04:00,28.735000610351562,28.75,28.735000610351562,28.75,7764,0.0,0.0
2024-08-26 15:00:00-04:00,28.75,28.7549991607666,28.729999542236328,28.735000610351562,8386,0.0,0.0
2024-08-26 15:05:00-04:00,28.730499267578125,28.75,28.719999313354492,28.7450008392334,9783,0.0,0.0
2024-08-26 15:10:00-04:00,28.7450008392334,28.7549991607666,28.735000610351562,28.735000610351562,7345,0.0,0.0
2024-08-26 15:15:00-04:00,28.735000610351562,28.75,28.71500015258789,28.7450008392334,13852,0.0,0.0
2024-08-26 15:20:00-04:00,28.7450008392334,28.75,28.735000610351562,28.735000610351562,4967,0.0,0.0
2024-08-26 15:25:00-04:00,28.735000610351562,28.7450008392334,28.735000610351562,28.7450008392334,10852,0.0,0.0
2024-08-26 15:30:00-04:00,28.739999771118164,28.739999771118164,28.71500015258789,28.735000610351562,13908,0.0,0.0
2024-08-26 15:35:00-04:00,28.739999771118164,28.7450008392334,28.719999313354492,28.725000381469727,10364,0.0,0.0
2024-08-26 15:40:00-04:00,28.725000381469727,28.739999771118164,28.71500015258789,28.71500015258789,12605,0.0,0.0
2024-08-26 15:45:00-04:00,28.719999313354492,28.725000381469727,28.700000762939453,28.704999923706055,10534,0.0,0.0
2024-08-26 15:50:00-04:00,28.709999084472656,28.725000381469727,28.68000030517578,28.684999465942383,33976,0.0,0.0
2024-08-26 15:55:00-04:00,28.68000030517578,28.709999084472656,28.655000686645508,28.709999084472656,66312,0.0,0.0
2024-08-27 09:30:00-04:00,28.56999969482422,28.600000381469727,28.520000457763672,28.539400100708008,100769,0.0,0.0
2024-08-27 09:35:00-04:00,28.530000686645508,28.53499984741211,28.514999389648438,28.514999389648438,4687,0.0,0.0
2024-08-27 09:40:00-04:00,28.520000457763672,28.520000457763672,28.479999542236328,28.489999771118164,8725,0.0,0.0
2024-08-27 09:45:00-04:00,28.4950008392334,28.530000686645508,28.4950008392334,28.530000686645508,10448,0.0,0.0
2024-08-27 09:50:00-04:00,28.5,28.510000228881836,28.469999313354492,28.478300094604492,15553,0.0,0.0
2024-08-27 09:55:00-04:00,28.469999313354492,28.5,28.415000915527344,28.41900062561035,70196,0.0,0.0
2024-08-27 10:00:00-04:00,28.40999984741211,28.40999984741211,28.360000610351562,28.389999389648438,24480,0.0,0.0
2024-08-27 10:05:00-04:00,28.395000457763672,28.395000457763672,28.350000381469727,28.375,6709,0.0,0.0
2024-08-27 10:10:00-04:00,28.389999389648438,28.44499969482422,28.389999389648438,28.420000076293945,316387,0.0,0.0
2024-08-27 10:15:00-04:00,28.43000030517578,28.450000762939453,28.40999984741211,28.440000534057617,12274,0.0,0.0
2024-08-27 10:20:00-04:00,28.450000762939453,28.46500015258789,28.446699142456055,28.459999084472656,18670,0.0,0.0
2024-08-27 10:25:00-04:00,28.459999084472656,28.479999542236328,28.434999465942383,28.475000381469727,11333,0.0,0.0
2024-08-27 10:30:00-04:00,28.469999313354492,28.479999542236328,28.434999465942383,28.440000534057617,18971,0.0,0.0
2024-08-27 10:35:00-04:00,28.434999465942383,28.434999465942383,28.3700008392334,28.3799991607666,88168,0.0,0.0
2024-08-27 10:40:00-04:00,28.3799991607666,28.40999984741211,28.364999771118164,28.389999389648438,91784,0.0,0.0
2024-08-27 10:45:00-04:00,28.385000228881836,28.395000457763672,28.375,28.389999389648438,33153,0.0,0.0
2024-08-27 10:50:00-04:00,28.399999618530273,28.415000915527344,28.395000457763672,28.395000457763672,21690,0.0,0.0
2024-08-27 10:55:00-04:00,28.399999618530273,28.415000915527344,28.3799991607666,28.399999618530273,13210,0.0,0.0
2024-08-27 11:00:00-04:00,28.395000457763672,28.399999618530273,28.344999313354492,28.350000381469727,16902,0.0,0.0
2024-08-27 11:05:00-04:00,28.34000015258789,28.344999313354492,28.325000762939453,28.334999084472656,22036,0.0,0.0
2024-08-27 11:10:00-04:00,28.334999084472656,28.344999313354492,28.309999465942383,28.309999465942383,15163,0.0,0.0
2024-08-27 11:15:00-04:00,28.30500030517578,28.30500030517578,28.229999542236328,28.2549991607666,155008,0.0,0.0
2024-08-27 11:20:00-04:00,28.25,28.290000915527344,28.229999542236328,28.229999542236328,88093,0.0,0.0
2024-08-27 11:25:00-04:00,28.229999542236328,28.325000762939453,28.229999542236328,28.309999465942383,96639,0.0,0.0
2024-08-27 11:30:00-04:00,28.299999237060547,28.31999969482422,28.25,28.280000686645508,41620,0.0,0.0
2024-08-27 11:35:00-04:00,28.290000915527344,28.30500030517578,28.25,28.25,22499,0.0,0.0
2024-08-27 11:40:00-04:00,28.25,28.25,28.229999542236328,28.2450008392334,6851,0.0,0.0
2024-08-27 11:45:00-04:00,28.2450008392334,28.264999389648438,28.2450008392334,28.25,3009,0.0,0.0
2024-08-27 11:50:00-04:00,28.260000228881836,28.260000228881836,28.225000381469727,28.229999542236328,18027,0.0,0.0
2024-08-27 11:55:00-04:00,28.229999542236328,28.229999542236328,28.20009994506836,28.20009994506836,4980,0.0,0.0
2024-08-27 12:00:00-04:00,28.204999923706055,28.209999084472656,28.200000762939453,28.20949935913086,11665,0.0,0.0
2024-08-27 12:05:00-04:00,28.200000762939453,28.200000762939453,28.19499969482422,28.19499969482422,7542,0.0,0.0
2024-08-27 12:10:00-04:00,28.19499969482422,28.219999313354492,28.19409942626953,28.219999313354492,22186,0.0,0.0
2024-08-27 12:15:00-04:00,28.229999542236328,28.235000610351562,28.225000381469727,28.225000381469727,4360,0.0,0.0
2024-08-27 12:20:00-04:00,28.229999542236328,28.229999542236328,28.184999465942383,28.184999465942383,37407,0.0,0.0
2024-08-27 12:25:00-04:00,28.18079948425293,28.190000534057617,28.145000457763672,28.149999618530273,33339,0.0,0.0
2024-08-27 12:30:00-04:00,28.145000457763672,28.145000457763672,28.114999771118164,28.139999389648438,18196,0.0,0.0
2024-08-27 12:35:00-04:00,28.135000228881836,28.135000228881836,28.104999542236328,28.104999542236328,21442,0.0,0.0
2024-08-27 12:40:00-04:00,28.104999542236328,28.110000610351562,28.065000534057617,28.065000534057617,27658,0.0,0.0
2024-08-27 12:45:00-04:00,28.065000534057617,28.110000610351562,28.065000534057617,28.079999923706055,23659,0.0,0.0
2024-08-27 12:50:00-04:00,28.084999084472656,28.09000015258789,28.059999465942383,28.065000534057617,92958,0.0,0.0
2024-08-27 12:55:00-04:00,28.065000534057617,28.065000534057617,28.010000228881836,28.010000228881836,26926,0.0,0.0
2024-08-27 13:00:00-04:00,28.014999389648438,28.06999969482422,28.0,28.06999969482422,95274,0.0,0.0
2024-08-27 13:05:00-04:00,28.065000534057617,28.084999084472656,28.049999237060547,28.049999237060547,19990,0.0,0.0
2024-08-27 13:10:00-04:00,28.05500030517578,28.079999923706055,28.049999237060547,28.079999923706055,12539,0.0,0.0
2024-08-27 13:15:00-04:00,28.084999084472656,28.09000015258789,28.079999923706055,28.079999923706055,18116,0.0,0.0
2024-08-27 13:20:00-04:00,28.084999084472656,28.094999313354492,28.079999923706055,28.088699340820312,13602,0.0,0.0
2024-08-27 13:25:00-04:00,28.084999084472656,28.09000015258789,28.079999923706055,28.079999923706055,7824,0.0,0.0
2024-08-27 13:30:00-04:00,28.084999084472656,28.09000015258789,28.059999465942383,28.059999465942383,16669,0.0,0.0
2024-08-27 13:35:00-04:00,28.059999465942383,28.059999465942383,28.024999618530273,28.049999237060547,37146,0.0,0.0
2024-08-27 13:40:00-04:00,28.045000076293945,28.06999969482422,28.045000076293945,28.059999465942383,20165,0.0,0.0
2024-08-27 13:45:00-04:00,28.059999465942383,28.06999969482422,28.03499984741211,28.059999465942383,32660,0.0,0.0
2024-08-27 13:50:00-04:00,28.05500030517578,28.059999465942383,28.014999389648438,28.03499984741211,61242,0.0,0.0
2024-08-27 13:55:00-04:00,28.03499984741211,28.03499984741211,27.9950008392334,28.0049991607666,33218,0.0,0.0
2024-08-27 14:00:00-04:00,28.0049991607666,28.020000457763672,28.0049991607666,28.014999389648438,23810,0.0,0.0
2024-08-27 14:05:00-04:00,28.020000457763672,28.020000457763672,28.0049991607666,28.010000228881836,29340,0.0,0.0
2024-08-27 14:10:00-04:00,28.0,28.020000457763672,28.0,28.010000228881836,52036,0.0,0.0
2024-08-27 14:15:00-04:00,28.020000457763672,28.030000686645508,27.989999771118164,27.9950008392334,50720,0.0,0.0
2024-08-27 14:20:00-04:00,27.989999771118164,28.014999389648438,27.975000381469727,27.979999542236328,35783,0.0,0.0
2024-08-27 14:25:00-04:00,27.985000610351562,28.010000228881836,27.969999313354492,28.010000228881836,32537,0.0,0.0
2024-08-27 14:30:00-04:00,28.010000228881836,28.03499984741211,28.0,28.03499984741211,25705,0.0,0.0
2024-08-27 14:35:00-04:00,28.03499984741211,28.040000915527344,28.0,28.0049991607666,23191,0.0,0.0
2024-08-27 14:40:00-04:00,28.0,28.010000228881836,27.975000381469727,27.979999542236328,20603,0.0,0.0
2024-08-27 14:45:00-04:00,27.975000381469727,27.9950008392334,27.969999313354492,27.9950008392334,22576,0.0,0.0
2024-08-27 14:50:00-04:00,27.989999771118164,28.0049991607666,27.979999542236328,27.985000610351562,32315,0.0,0.0
2024-08-27 14:55:00-04:00,27.979999542236328,27.989999771118164,27.954999923706055,27.954999923706055,38213,0.0,0.0
2024-08-27 15:00:00-04:00,27.954999923706055,27.959999084472656,27.940000534057617,27.954999923706055,32429,0.0,0.0
2024-08-27 15:05:00-04:00,27.954999923706055,27.989999771118164,27.953699111938477,27.985000610351562,31995,0.0,0.0
2024-08-27 15:10:00-04:00,27.985000610351562,28.010000228881836,27.979999542236328,28.0049991607666,35881,0.0,0.0
2024-08-27 15:15:00-04:00,28.0049991607666,28.059999465942383,28.0049991607666,28.049999237060547,87615,0.0,0.0
2024-08-27 15:20:00-04:00,28.049999237060547,28.079999923706055,28.03499984741211,28.049999237060547,132945,0.0,0.0
2024-08-27 15:25:00-04:00,28.05500030517578,28.06999969482422,28.024999618530273,28.024999618530273,50084,0.0,0.0
2024-08-27 15:30:00-04:00,28.030000686645508,28.07900047302246,28.024999618530273,28.075000762939453,54919,0.0,0.0
2024-08-27 15:35:00-04:00,28.075000762939453,28.100000381469727,28.06999969482422,28.075000762939453,51497,0.0,0.0
2024-08-27 15:40:00-04:00,28.075000762939453,28.09000015258789,28.059999465942383,28.065000534057617,55397,0.0,0.0
2024-08-27 15:45:00-04:00,28.06999969482422,28.09000015258789,28.059999465942383,28.084999084472656,80368,0.0,0.0
2024-08-27 15:50:00-04:00,28.09000015258789,28.110000610351562,28.06999969482422,28.084999084472656,108966,0.0,0.0
2024-08-27 15:55:00-04:00,28.084999084472656,28.1299991607666,28.065000534057617,28.1200008392334,249674,0.0,0.0
2024-08-28 09:30:00-04:00,27.809999465942383,27.809999465942383,27.635000228881836,27.665000915527344,55784,0.0,0.0
2024-08-28 09:35:00-04:00,27.670000076293945,27.760000228881836,27.639999389648438,27.75,29113,0.0,0.0
2024-08-28 09:40:00-04:00,27.75,27.75,27.68000030517578,27.739999771118164,27429,0.0,0.0
2024-08-28 09:45:00-04:00,27.729999542236328,27.75,27.71500015258789,27.75,14170,0.0,0.0
2024-08-28 09:50:00-04:00,27.739999771118164,27.780000686645508,27.739999771118164,27.770000457763672,11107,0.0,0.0
2024-08-28 09:55:00-04:00,27.770000457763672,27.795000076293945,27.75,27.75,16703,0.0,0.0
2024-08-28 10:00:00-04:00,27.760000228881836,27.790000915527344,27.75,27.790000915527344,35762,0.0,0.0
2024-08-28 10:05:00-04:00,27.790000915527344,27.790000915527344,27.7549991607666,27.759899139404297,8959,0.0,0.0
2024-08-28 10:10:00-04:00,27.7549991607666,27.7549991607666,27.684999465942383,27.69499969482422,17169,0.0,0.0
2024-08-28 10:15:00-04:00,27.69499969482422,27.735000610351562,27.690000534057617,27.735000610351562,11976,0.0,0.0
2024-08-28 10:20:00-04:00,27.739999771118164,27.739999771118164,27.699499130249023,27.709999084472656,15758,0.0,0.0
2024-08-28 10:25:00-04:00,27.704999923706055,27.725000381469727,27.69499969482422,27.719999313354492,25362,0.0,0.0
2024-08-28 10:30:00-04:00,27.709999084472656,27.774999618530273,27.700000762939453,27.770000457763672,29022,0.0,0.0
2024-08-28 10:35:00-04:00,27.774999618530273,27.834999084472656,27.770000457763672,27.829999923706055,7265,0.0,0.0
2024-08-28 10:40:00-04:00,27.834999084472656,27.84000015258789,27.799999237060547,27.84000015258789,11929,0.0,0.0
2024-08-28 10:45:00-04:00,27.84000015258789,27.860000610351562,27.829999923706055,27.834999084472656,10719,0.0,0.0
2024-08-28 10:50:00-04:00,27.84000015258789,27.850000381469727,27.81999969482422,27.829999923706055,18740,0.0,0.0
2024-08-28 10:55:00-04:00,27.829999923706055,27.860000610351562,27.809999465942383,27.854999542236328,20265,0.0,0.0
2024-08-28 11:00:00-04:00,27.850000381469727,27.854999542236328,27.809999465942383,27.834999084472656,20546,0.0,0.0
2024-08-28 11:05:00-04:00,27.850000381469727,27.8700008392334,27.850000381469727,27.864999771118164,6127,0.0,0.0
2024-08-28 11:10:00-04:00,27.864999771118164,27.8700008392334,27.844999313354492,27.8700008392334,9573,0.0,0.0
2024-08-28 11:15:00-04:00,27.8799991607666,27.889999389648438,27.829999923706055,27.829999923706055,12344,0.0,0.0
2024-08-28 11:20:00-04:00,27.829999923706055,27.829999923706055,27.790000915527344,27.790000915527344,6857,0.0,0.0
2024-08-28 11:25:00-04:00,27.799999237060547,27.799999237060547,27.760000228881836,27.774999618530273,5032,0.0,0.0
2024-08-28 11:30:00-04:00,27.770000457763672,27.774999618530273,27.764999389648438,27.774999618530273,2775,0.0,0.0
2024-08-28 11:35:00-04:00,27.770000457763672,27.815000534057617,27.770000457763672,27.80500030517578,7520,0.0,0.0
2024-08-28 11:40:00-04:00,27.80500030517578,27.80500030517578,27.79990005493164,27.799999237060547,1496,0.0,0.0
2024-08-28 11:45:00-04:00,27.799999237060547,27.80500030517578,27.790000915527344,27.790000915527344,4525,0.0,0.0
2024-08-28 11:50:00-04:00,27.790000915527344,27.825000762939453,27.790000915527344,27.81999969482422,6688,0.0,0.0
2024-08-28 11:55:00-04:00,27.81999969482422,27.825000762939453,27.809999465942383,27.809999465942383,7856,0.0,0.0
2024-08-28 12:00:00-04:00,27.799999237060547,27.80500030517578,27.780000686645508,27.799999237060547,2799,0.0,0.0
2024-08-28 12:05:00-04:00,27.790000915527344,27.799999237060547,27.760000228881836,27.780000686645508,73497,0.0,0.0
2024-08-28 12:10:00-04:00,27.78499984741211,27.799999237060547,27.78499984741211,27.799999237060547,5615,0.0,0.0
2024-08-28 12:15:00-04:00,27.799999237060547,27.799999237060547,27.7450008392334,27.750499725341797,5117,0.0,0.0
2024-08-28 12:20:00-04:00,27.735000610351562,27.735000610351562,27.704999923706055,27.704999923706055,5045,0.0,0.0
2024-08-28 12:25:00-04:00,27.719900131225586,27.729999542236328,27.71500015258789,27.719999313354492,3933,0.0,0.0
2024-08-28 12:30:00-04:00,27.719999313354492,27.7549991607666,27.719999313354492,27.7549991607666,3329,0.0,0.0
2024-08-28 12:35:00-04:00,27.7549991607666,27.7549991607666,27.735000610351562,27.735000610351562,2450,0.0,0.0
2024-08-28 12:40:00-04:00,27.735000610351562,27.774999618530273,27.735000610351562,27.764999389648438,4926,0.0,0.0
2024-08-28 12:45:00-04:00,27.770000457763672,27.795000076293945,27.770000457763672,27.795000076293945,6828,0.0,0.0
2024-08-28 12:50:00-04:00,27.7987003326416,27.81999969482422,27.7987003326416,27.815000534057617,6132,0.0,0.0
2024-08-28 12:55:00-04:00,27.809999465942383,27.809999465942383,27.780000686645508,27.78499984741211,5865,0.0,0.0
2024-08-28 13:00:00-04:00,27.78890037536621,27.799999237060547,27.78499984741211,27.798999786376953,3713,0.0,0.0
2024-08-28 13:05:00-04:00,27.790000915527344,27.790000915527344,27.770000457763672,27.780000686645508,1335,0.0,0.0
2024-08-28 13:10:00-04:00,27.770000457763672,27.770000457763672,27.735000610351562,27.75,17116,0.0,0.0
2024-08-28 13:15:00-04:00,27.75,27.764999389648438,27.75,27.764999389648438,105059,0.0,0.0
2024-08-28 13:20:00-04:00,27.770000457763672,27.780000686645508,27.760000228881836,27.764999389648438,6640,0.0,0.0
2024-08-28 13:25:00-04:00,27.760000228881836,27.774999618530273,27.75,27.75,6681,0.0,0.0
2024-08-28 13:30:00-04:00,27.770000457763672,27.790000915527344,27.770000457763672,27.790000915527344,2203,0.0,0.0
2024-08-28 13:35:00-04:00,27.780000686645508,27.780000686645508,27.760000228881836,27.760000228881836,4638,0.0,0.0
2024-08-28 13:40:00-04:00,27.75,27.764999389648438,27.729999542236328,27.729999542236328,6880,0.0,0.0
2024-08-28 13:45:00-04:00,27.729999542236328,27.739999771118164,27.729999542236328,27.735000610351562,2331,0.0,0.0
2024-08-28 13:50:00-04:00,27.729999542236328,27.760000228881836,27.719999313354492,27.7549991607666,36200,0.0,0.0
2024-08-28 13:55:00-04:00,27.760000228881836,27.760000228881836,27.735000610351562,27.75,20129,0.0,0.0
2024-08-28 14:00:00-04:00,27.760000228881836,27.764999389648438,27.75,27.760000228881836,6785,0.0,0.0
2024-08-28 14:05:00-04:00,27.760000228881836,27.799999237060547,27.760000228881836,27.799999237060547,7020,0.0,0.0
2024-08-28 14:10:00-04:00,27.799999237060547,27.80500030517578,27.780000686645508,27.78499984741211,5181,0.0,0.0
2024-08-28 14:15:00-04:00,27.790000915527344,27.790000915527344,27.780000686645508,27.780000686645508,3686,0.0,0.0
2024-08-28 14:20:00-04:00,27.780000686645508,27.780000686645508,27.760000228881836,27.760000228881836,7426,0.0,0.0
2024-08-28 14:25:00-04:00,27.7549991607666,27.760000228881836,27.75,27.7549991607666,6051,0.0,0.0
2024-08-28 14:30:00-04:00,27.760000228881836,27.760000228881836,27.75,27.7549991607666,22630,0.0,0.0
2024-08-28 14:35:00-04:00,27.7549991607666,27.764999389648438,27.7549991607666,27.764999389648438,4442,0.0,0.0
2024-08-28 14:40:00-04:00,27.764999389648438,27.764999389648438,27.735000610351562,27.735000610351562,8493,0.0,0.0
2024-08-28 14:45:00-04:00,27.735000610351562,27.735000610351562,27.725000381469727,27.729999542236328,5057,0.0,0.0
2024-08-28 14:50:00-04:00,27.735000610351562,27.799999237060547,27.735000610351562,27.799999237060547,16423,0.0,0.0
2024-08-28 14:55:00-04:00,27.795000076293945,27.809999465942383,27.78499984741211,27.80500030517578,13609,0.0,0.0
2024-08-28 15:00:00-04:00,27.80500030517578,27.829999923706055,27.80500030517578,27.829999923706055,6846,0.0,0.0
2024-08-28 15:05:00-04:00,27.829999923706055,27.829999923706055,27.809999465942383,27.81999969482422,14918,0.0,0.0
2024-08-28 15:10:00-04:00,27.825000762939453,27.825000762939453,27.809999465942383,27.825000762939453,14176,0.0,0.0
2024-08-28 15:15:00-04:00,27.825000762939453,27.844999313354492,27.81999969482422,27.829999923706055,22260,0.0,0.0
2024-08-28 15:20:00-04:00,27.825000762939453,27.829999923706055,27.815000534057617,27.829999923706055,12065,0.0,0.0
2024-08-28 15:25:00-04:00,27.829999923706055,27.860000610351562,27.81999969482422,27.860000610351562,24403,0.0,0.0
2024-08-28 15:30:00-04:00,27.860000610351562,27.8700008392334,27.850000381469727,27.850000381469727,24153,0.0,0.0
2024-08-28 15:35:00-04:00,27.854999542236328,27.858600616455078,27.84000015258789,27.850000381469727,26649,0.0,0.0
2024-08-28 15:40:00-04:00,27.854999542236328,27.875,27.850000381469727,27.875,21886,0.0,0.0
2024-08-28 15:45:00-04:00,27.875,27.90999984741211,27.875,27.895000457763672,63886,0.0,0.0
2024-08-28 15:50:00-04:00,27.899999618530273,27.924999237060547,27.895000457763672,27.90999984741211,108788,0.0,0.0
2024-08-28 15:55:00-04:00,27.905000686645508,27.950000762939453,27.905000686645508,27.90999984741211,260527,0.0,0.0
2024-08-29 09:30:00-04:00,28.770000457763672,28.854999542236328,28.65999984741211,28.665000915527344,437259,0.0,0.0
2024-08-29 09:35:00-04:00,28.65999984741211,28.65999984741211,28.6200008392334,28.6299991607666,78793,0.0,0.0
2024-08-29 09:40:00-04:00,28.6299991607666,28.649999618530273,28.579999923706055,28.59000015258789,110067,0.0,0.0
2024-08-29 09:45:00-04:00,28.579999923706055,28.579999923706055,28.479999542236328,28.479999542236328,186356,0.0,0.0
2024-08-29 09:50:00-04:00,28.469999313354492,28.520000457763672,28.459999084472656,28.520000457763672,15295,0.0,0.0
2024-08-29 09:55:00-04:00,28.530000686645508,28.639999389648438,28.530000686645508,28.628999710083008,30350,0.0,0.0
2024-08-29 10:00:00-04:00,28.6299991607666,28.764999389648438,28.6200008392334,28.75,52455,0.0,0.0
2024-08-29 10:05:00-04:00,28.75,28.844999313354492,28.739999771118164,28.84000015258789,51545,0.0,0.0
2024-08-29 10:10:00-04:00,28.850000381469727,28.895000457763672,28.834999084472656,28.889999389648438,59603,0.0,0.0
2024-08-29 10:15:00-04:00,28.885000228881836,28.940000534057617,28.860000610351562,28.920000076293945,124171,0.0,0.0
2024-08-29 10:20:00-04:00,28.92009925842285,29.09000015258789,28.920000076293945,29.06999969482422,112125,0.0,0.0
2024-08-29 10:25:00-04:00,29.079999923706055,29.09000015258789,28.979999542236328,29.0,72613,0.0,0.0
2024-08-29 10:30:00-04:00,29.0,29.0,28.94499969482422,28.989999771118164,33578,0.0,0.0
2024-08-29 10:35:00-04:00,28.96500015258789,29.040000915527344,28.96500015258789,29.024999618530273,36077,0.0,0.0
2024-08-29 10:40:00-04:00,29.020099639892578,29.020099639892578,28.94499969482422,28.969999313354492,18821,0.0,0.0
2024-08-29 10:45:00-04:00,28.969999313354492,29.010000228881836,28.969999313354492,29.010000228881836,44530,0.0,0.0
2024-08-29 10:50:00-04:00,29.010000228881836,29.024999618530273,29.0,29.0,38874,0.0,0.0
2024-08-29 10:55:00-04:00,29.010000228881836,29.024999618530273,29.010000228881836,29.024999618530273,6155,0.0,0.0
2024-08-29 11:00:00-04:00,29.020000457763672,29.05500030517578,29.0,29.0,18902,0.0,0.0
2024-08-29 11:05:00-04:00,29.010000228881836,29.020000457763672,28.989999771118164,28.989999771118164,31062,0.0,0.0
2024-08-29 11:10:00-04:00,28.989999771118164,29.094999313354492,28.982500076293945,29.09000015258789,37705,0.0,0.0
2024-08-29 11:15:00-04:00,29.100000381469727,29.1200008392334,29.079999923706055,29.094999313354492,32585,0.0,0.0
2024-08-29 11:20:00-04:00,29.100000381469727,29.149999618530273,29.100000381469727,29.114999771118164,56666,0.0,0.0
2024-08-29 11:25:00-04:00,29.1200008392334,29.165000915527344,29.1200008392334,29.15999984741211,56706,0.0,0.0
2024-08-29 11:30:00-04:00,29.170000076293945,29.204999923706055,29.170000076293945,29.200000762939453,16754,0.0,0.0
2024-08-29 11:35:00-04:00,29.204999923706055,29.209999084472656,29.170000076293945,29.209999084472656,17868,0.0,0.0
2024-08-29 11:40:00-04:00,29.204999923706055,29.225000381469727,29.204999923706055,29.21500015258789,8120,0.0,0.0
2024-08-29 11:45:00-04:00,29.219999313354492,29.25,29.19499969482422,29.22010040283203,60886,0.0,0.0
2024-08-29 11:50:00-04:00,29.229999542236328,29.274999618530273,29.219999313354492,29.274999618530273,78481,0.0,0.0
2024-08-29 11:55:00-04:00,29.274999618530273,29.274999618530273,29.25,29.2549991607666,32185,0.0,0.0
2024-08-29 12:00:00-04:00,29.25,29.28499984741211,29.239999771118164,29.28499984741211,22600,0.0,0.0
2024-08-29 12:05:00-04:00,29.280000686645508,29.31999969482422,29.280000686645508,29.309999465942383,31936,0.0,0.0
2024-08-29 12:10:00-04:00,29.309999465942383,29.329999923706055,29.290000915527344,29.329999923706055,19031,0.0,0.0
2024-08-29 12:15:00-04:00,29.329999923706055,29.350000381469727,29.325000762939453,29.350000381469727,18357,0.0,0.0
2024-08-29 12:20:00-04:00,29.350000381469727,29.3700008392334,29.344999313354492,29.3700008392334,7304,0.0,0.0
2024-08-29 12:25:00-04:00,29.36949920654297,29.3700008392334,29.325000762939453,29.325000762939453,20549,0.0,0.0
2024-08-29 12:30:00-04:00,29.325000762939453,29.325000762939453,29.295000076293945,29.295000076293945,18228,0.0,0.0
2024-08-29 12:35:00-04:00,29.290000915527344,29.31999969482422,29.264999389648438,29.270000457763672,17083,0.0,0.0
2024-08-29 12:40:00-04:00,29.274999618530273,29.290000915527344,29.264999389648438,29.274999618530273,28562,0.0,0.0
2024-08-29 12:45:00-04:00,29.280000686645508,29.280000686645508,29.260000228881836,29.260000228881836,15359,0.0,0.0
2024-08-29 12:50:00-04:00,29.264999389648438,29.295000076293945,29.2549991607666,29.295000076293945,37537,0.0,0.0
2024-08-29 12:55:00-04:00,29.299999237060547,29.329999923706055,29.295000076293945,29.315000534057617,12463,0.0,0.0
2024-08-29 13:00:00-04:00,29.309999465942383,29.309999465942383,29.2549991607666,29.270000457763672,24231,0.0,0.0
2024-08-29 13:05:00-04:00,29.280000686645508,29.30500030517578,29.25,29.2549991607666,25428,0.0,0.0
2024-08-29 13:10:00-04:00,29.2549991607666,29.290000915527344,29.25,29.260000228881836,16078,0.0,0.0
2024-08-29 13:15:00-04:00,29.264999389648438,29.309999465942383,29.264999389648438,29.299999237060547,15284,0.0,0.0
2024-08-29 13:20:00-04:00,29.295000076293945,29.309999465942383,29.270000457763672,29.270000457763672,8794,0.0,0.0
2024-08-29 13:25:00-04:00,29.270000457763672,29.289199829101562,29.264999389648438,29.28499984741211,13097,0.0,0.0
2024-08-29 13:30:00-04:00,29.28499984741211,29.309999465942383,29.28499984741211,29.295000076293945,21003,0.0,0.0
2024-08-29 13:35:00-04:00,29.2992000579834,29.309999465942383,29.270000457763672,29.280000686645508,38219,0.0,0.0
2024-08-29 13:40:00-04:00,29.290000915527344,29.299999237060547,29.280000686645508,29.299999237060547,10423,0.0,0.0
2024-08-29 13:45:00-04:00,29.295000076293945,29.299999237060547,29.290000915527344,29.299999237060547,8029,0.0,0.0
2024-08-29 13:50:00-04:00,29.295000076293945,29.31999969482422,29.270000457763672,29.30500030517578,61565,0.0,0.0
2024-08-29 13:55:00-04:00,29.30500030517578,29.325000762939453,29.299999237060547,29.309999465942383,24634,0.0,0.0
2024-08-29 14:00:00-04:00,29.309999465942383,29.315000534057617,29.270000457763672,29.274999618530273,8865,0.0,0.0
2024-08-29 14:05:00-04:00,29.274999618530273,29.274999618530273,29.2450008392334,29.2549991607666,12261,0.0,0.0
2024-08-29 14:10:00-04:00,29.2549991607666,29.2549991607666,29.235000610351562,29.235000610351562,17891,0.0,0.0
2024-08-29 14:15:00-04:00,29.235000610351562,29.25950050354004,29.23200035095215,29.2450008392334,18133,0.0,0.0
2024-08-29 14:20:00-04:00,29.249500274658203,29.2549991607666,29.209999084472656,29.21500015258789,47567,0.0,0.0
2024-08-29 14:25:00-04:00,29.219999313354492,29.235000610351562,29.18000030517578,29.19499969482422,20836,0.0,0.0
2024-08-29 14:30:00-04:00,29.19499969482422,29.209999084472656,29.174999237060547,29.184999465942383,11902,0.0,0.0
2024-08-29 14:35:00-04:00,29.18000030517578,29.18000030517578,29.141199111938477,29.155000686645508,9847,0.0,0.0
2024-08-29 14:40:00-04:00,29.149999618530273,29.170000076293945,29.145000457763672,29.165000915527344,13097,0.0,0.0
2024-08-29 14:45:00-04:00,29.170000076293945,29.190000534057617,29.135000228881836,29.184999465942383,21217,0.0,0.0
2024-08-29 14:50:00-04:00,29.174999237060547,29.18000030517578,29.139999389648438,29.18000030517578,14934,0.0,0.0
2024-08-29 14:55:00-04:00,29.170000076293945,29.174999237060547,29.145000457763672,29.165000915527344,23507,0.0,0.0
2024-08-29 15:00:00-04:00,29.15999984741211,29.174999237060547,29.139999389648438,29.165000915527344,26856,0.0,0.0
2024-08-29 15:05:00-04:00,29.15999984741211,29.19499969482422,29.15999984741211,29.19499969482422,223466,0.0,0.0
2024-08-29 15:10:00-04:00,29.19499969482422,29.225000381469727,29.190000534057617,29.21500015258789,19893,0.0,0.0
2024-08-29 15:15:00-04:00,29.21500015258789,29.229999542236328,29.190000534057617,29.229999542236328,58430,0.0,0.0
2024-08-29 15:20:00-04:00,29.229999542236328,29.274999618530273,29.229999542236328,29.264999389648438,21282,0.0,0.0
2024-08-29 15:25:00-04:00,29.260000228881836,29.290000915527344,29.2450008392334,29.28499984741211,20496,0.0,0.0
2024-08-29 15:30:00-04:00,29.30500030517578,29.31999969482422,29.290000915527344,29.30500030517578,33163,0.0,0.0
2024-08-29 15:35:00-04:00,29.30500030517578,29.34000015258789,29.290000915527344,29.290000915527344,31539,0.0,0.0
2024-08-29 15:40:00-04:00,29.290000915527344,29.290000915527344,29.2450008392334,29.2450008392334,27506,0.0,0.0
2024-08-29 15:45:00-04:00,29.25,29.260000228881836,29.219999313354492,29.219999313354492,26595,0.0,0.0
2024-08-29 15:50:00-04:00,29.229999542236328,29.25,29.209999084472656,29.229999542236328,95369,0.0,0.0
2024-08-29 15:55:00-04:00,29.235000610351562,29.260000228881836,29.209999084472656,29.25,205871,0.0,0.0
2024-08-30 09:30:00-04:00,29.06999969482422,29.079999923706055,28.989999771118164,29.040000915527344,393724,0.0,0.0
2024-08-30 09:35:00-04:00,29.020000457763672,29.110000610351562,29.020000457763672,29.09000015258789,11003,0.0,0.0
2024-08-30 09:40:00-04:00,29.110000610351562,29.125,29.084999084472656,29.110000610351562,9298,0.0,0.0
2024-08-30 09:45:00-04:00,29.110000610351562,29.145000457763672,29.090499877929688,29.1200008392334,127471,0.0,0.0
2024-08-30 09:50:00-04:00,29.120100021362305,29.15999984741211,29.100000381469727,29.15999984741211,11547,0.0,0.0
2024-08-30 09:55:00-04:00,29.15999984741211,29.15999984741211,29.1200008392334,29.139999389648438,14735,0.0,0.0
2024-08-30 10:00:00-04:00,29.145000457763672,29.155000686645508,29.06999969482422,29.104999542236328,148302,0.0,0.0
2024-08-30 10:05:00-04:00,29.094999313354492,29.165000915527344,29.06999969482422,29.165000915527344,28028,0.0,0.0
2024-08-30 10:10:00-04:00,29.170000076293945,29.219999313354492,29.155000686645508,29.155000686645508,27414,0.0,0.0
2024-08-30 10:15:00-04:00,29.155000686645508,29.235000610351562,29.139999389648438,29.219999313354492,21826,0.0,0.0
2024-08-30 10:20:00-04:00,29.225000381469727,29.225000381469727,29.18000030517578,29.18000030517578,16415,0.0,0.0
2024-08-30 10:25:00-04:00,29.190000534057617,29.200000762939453,29.149999618530273,29.15999984741211,24042,0.0,0.0
2024-08-30 10:30:00-04:00,29.170000076293945,29.235000610351562,29.170000076293945,29.219999313354492,51706,0.0,0.0
2024-08-30 10:35:00-04:00,29.229999542236328,29.28499984741211,29.229999542236328,29.280000686645508,26357,0.0,0.0
2024-08-30 10:40:00-04:00,29.280000686645508,29.329999923706055,29.260000228881836,29.260000228881836,18200,0.0,0.0
2024-08-30 10:45:00-04:00,29.239999771118164,29.260000228881836,29.219999313354492,29.239999771118164,17510,0.0,0.0
2024-08-30 10:50:00-04:00,29.2450008392334,29.260000228881836,29.184999465942383,29.219999313354492,170254,0.0,0.0
2024-08-30 10:55:00-04:00,29.21500015258789,29.25,29.200000762939453,29.204999923706055,23192,0.0,0.0
2024-08-30 11:00:00-04:00,29.200000762939453,29.260000228881836,29.200000762939453,29.24049949645996,15650,0.0,0.0
2024-08-30 11:05:00-04:00,29.239999771118164,29.25,29.219999313354492,29.2450008392334,119785,0.0,0.0
2024-08-30 11:10:00-04:00,29.2450008392334,29.260000228881836,29.235000610351562,29.235000610351562,10714,0.0,0.0
2024-08-30 11:15:00-04:00,29.239999771118164,29.2549991607666,29.190000534057617,29.19499969482422,18193,0.0,0.0
2024-08-30 11:20:00-04:00,29.19499969482422,29.219999313354492,29.190000534057617,29.21500015258789,23076,0.0,0.0
2024-08-30 11:25:00-04:00,29.209999084472656,29.235000610351562,29.200000762939453,29.21500015258789,141296,0.0,0.0
2024-08-30 11:30:00-04:00,29.219999313354492,29.25,29.200000762939453,29.200000762939453,26446,0.0,0.0
2024-08-30 11:35:00-04:00,29.184999465942383,29.190000534057617,29.149999618530273,29.155000686645508,30878,0.0,0.0
2024-08-30 11:40:00-04:00,29.149999618530273,29.2549991607666,29.149999618530273,29.2549991607666,228511,0.0,0.0
2024-08-30 11:45:00-04:00,29.25,29.31999969482422,29.25,29.315000534057617,48716,0.0,0.0
2024-08-30 11:50:00-04:00,29.315000534057617,29.415000915527344,29.309999465942383,29.40999984741211,57936,0.0,0.0
2024-08-30 11:55:00-04:00,29.415000915527344,29.46500015258789,29.3799991607666,29.44499969482422,106372,0.0,0.0
2024-08-30 12:00:00-04:00,29.44499969482422,29.6200008392334,29.440000534057617,29.579999923706055,132594,0.0,0.0
2024-08-30 12:05:00-04:00,29.584999084472656,29.674999237060547,29.565000534057617,29.674999237060547,822008,0.0,0.0
2024-08-30 12:10:00-04:00,29.674999237060547,29.729999542236328,29.655000686645508,29.709999084472656,99056,0.0,0.0
2024-08-30 12:15:00-04:00,29.704999923706055,29.709999084472656,29.625,29.635000228881836,78663,0.0,0.0
2024-08-30 12:20:00-04:00,29.635000228881836,29.635000228881836,29.4950008392334,29.565000534057617,69429,0.0,0.0
2024-08-30 12:25:00-04:00,29.579999923706055,29.600000381469727,29.53499984741211,29.55500030517578,166455,0.0,0.0
2024-08-30 12:30:00-04:00,29.55500030517578,29.56999969482422,29.520000457763672,29.540000915527344,48846,0.0,0.0
2024-08-30 12:35:00-04:00,29.540000915527344,29.56999969482422,29.469999313354492,29.489999771118164,126088,0.0,0.0
2024-08-30 12:40:00-04:00,29.4950008392334,29.510000228881836,29.459999084472656,29.4950008392334,96235,0.0,0.0
2024-08-30 12:45:00-04:00,29.4950008392334,29.510000228881836,29.479999542236328,29.5,52993,0.0,0.0
2024-08-30 12:50:00-04:00,29.5,29.514999389648438,29.479999542236328,29.489999771118164,55826,0.0,0.0
2024-08-30 12:55:00-04:00,29.485000610351562,29.5,29.479999542236328,29.5,20161,0.0,0.0
2024-08-30 13:00:00-04:00,29.5,29.50749969482422,29.489999771118164,29.5,89211,0.0,0.0
2024-08-30 13:05:00-04:00,29.5,29.510000228881836,29.485000610351562,29.5,80201,0.0,0.0
2024-08-30 13:10:00-04:00,29.489999771118164,29.510000228881836,29.479999542236328,29.479999542236328,73777,0.0,0.0
2024-08-30 13:15:00-04:00,29.485000610351562,29.489999771118164,29.454999923706055,29.454999923706055,22196,0.0,0.0
2024-08-30 13:20:00-04:00,29.459999084472656,29.479999542236328,29.454999923706055,29.479999542236328,18793,0.0,0.0
2024-08-30 13:25:00-04:00,29.479999542236328,29.5049991607666,29.47599983215332,29.4950008392334,56273,0.0,0.0
2024-08-30 13:30:00-04:00,29.4950008392334,29.5049991607666,29.489999771118164,29.5,38513,0.0,0.0
2024-08-30 13:35:00-04:00,29.4950008392334,29.600000381469727,29.489999771118164,29.559999465942383,72322,0.0,0.0
2024-08-30 13:40:00-04:00,29.559999465942383,29.559999465942383,29.540000915527344,29.545000076293945,60567,0.0,0.0
2024-08-30 13:45:00-04:00,29.549999237060547,29.55500030517578,29.540000915527344,29.549999237060547,28551,0.0,0.0
2024-08-30 13:50:00-04:00,29.549999237060547,29.55500030517578,29.530000686645508,29.540000915527344,35872,0.0,0.0
2024-08-30 13:55:00-04:00,29.540000915527344,29.55500030517578,29.514999389648438,29.524999618530273,22708,0.0,0.0
2024-08-30 14:00:00-04:00,29.524999618530273,29.55500030517578,29.520000457763672,29.549999237060547,42965,0.0,0.0
2024-08-30 14:05:00-04:00,29.549999237060547,29.6200008392334,29.520000457763672,29.6200008392334,190533,0.0,0.0
2024-08-30 14:10:00-04:00,29.6200008392334,29.670000076293945,29.610000610351562,29.625,108317,0.0,0.0
2024-08-30 14:15:00-04:00,29.6299991607666,29.645000457763672,29.53499984741211,29.53499984741211,76927,0.0,0.0
2024-08-30 14:20:00-04:00,29.530000686645508,29.55500030517578,29.520000457763672,29.549999237060547,41754,0.0,0.0
2024-08-30 14:25:00-04:00,29.549999237060547,29.559999465942383,29.514999389648438,29.530000686645508,73154,0.0,0.0
2024-08-30 14:30:00-04:00,29.530000686645508,29.549999237060547,29.524999618530273,29.549999237060547,16025,0.0,0.0
2024-08-30 14:35:00-04:00,29.549999237060547,29.604999542236328,29.549999237060547,29.594999313354492,71490,0.0,0.0
2024-08-30 14:40:00-04:00,29.59000015258789,29.594999313354492,29.540000915527344,29.549999237060547,39473,0.0,0.0
2024-08-30 14:45:00-04:00,29.549999237060547,29.5575008392334,29.524999618530273,29.524999618530273,38091,0.0,0.0
2024-08-30 14:50:00-04:00,29.524999618530273,29.540000915527344,29.520000457763672,29.524999618530273,18828,0.0,0.0
2024-08-30 14:55:00-04:00,29.520000457763672,29.530000686645508,29.5,29.5049991607666,36029,0.0,0.0
2024-08-30 15:00:00-04:00,29.5049991607666,29.55500030517578,29.5,29.549999237060547,42887,0.0,0.0
2024-08-30 15:05:00-04:00,29.549999237060547,29.549999237060547,29.530000686645508,29.53499984741211,31909,0.0,0.0
2024-08-30 15:10:00-04:00,29.53499984741211,29.540000915527344,29.524999618530273,29.53499984741211,24355,0.0,0.0
2024-08-30 15:15:00-04:00,29.540000915527344,29.540000915527344,29.514999389648438,29.514999389648438,33114,0.0,0.0
2024-08-30 15:20:00-04:00,29.520000457763672,29.549999237060547,29.514999389648438,29.549999237060547,36485,0.0,0.0
2024-08-30 15:25:00-04:00,29.549999237060547,29.55500030517578,29.540000915527344,29.545000076293945,61098,0.0,0.0
2024-08-30 15:30:00-04:00,29.549999237060547,29.549999237060547,29.520000457763672,29.524999618530273,74141,0.0,0.0
2024-08-30 15:35:00-04:00,29.530000686645508,29.55500030517578,29.510000228881836,29.55500030517578,70782,0.0,0.0
2024-08-30 15:40:00-04:00,29.545000076293945,29.55500030517578,29.540000915527344,29.549999237060547,80983,0.0,0.0
2024-08-30 15:45:00-04:00,29.549999237060547,29.594999313354492,29.540199279785156,29.549999237060547,120613,0.0,0.0
2024-08-30 15:50:00-04:00,29.545000076293945,29.690000534057617,29.545000076293945,29.684999465942383,261870,0.0,0.0
2024-08-30 15:55:00-04:00,29.684999465942383,29.725000381469727,29.68000030517578,29.68000030517578,343160,0.0,0.0
2024-09-03 09:30:00-04:00,29.290000915527344,29.385000228881836,29.209999084472656,29.34000015258789,125830,0.0,0.0
2024-09-03 09:35:00-04:00,29.350000381469727,29.420000076293945,29.329999923706055,29.34000015258789,47802,0.0,0.0
2024-09-03 09:40:00-04:00,29.350000381469727,29.385000228881836,29.25,29.25,50440,0.0,0.0
2024-09-03 09:45:00-04:00,29.25,29.28499984741211,29.229999542236328,29.260000228881836,39251,0.0,0.0
2024-09-03 09:50:00-04:00,29.260000228881836,29.260000228881836,29.21500015258789,29.2450008392334,50104,0.0,0.0
2024-09-03 09:55:00-04:00,29.2450008392334,29.270000457763672,29.190000534057617,29.239999771118164,48858,0.0,0.0
2024-09-03 10:00:00-04:00,29.229999542236328,29.239999771118164,29.110000610351562,29.1299991607666,111315,0.0,0.0
2024-09-03 10:05:00-04:00,29.125,29.165000915527344,29.114999771118164,29.145000457763672,77235,0.0,0.0
2024-09-03 10:10:00-04:00,29.135000228881836,29.15999984741211,29.079999923706055,29.094999313354492,87513,0.0,0.0
2024-09-03 10:15:00-04:00,29.100000381469727,29.125,29.079999923706055,29.1200008392334,142420,0.0,0.0
2024-09-03 10:20:00-04:00,29.125,29.1299991607666,29.049999237060547,29.075000762939453,164022,0.0,0.0
2024-09-03 10:25:00-04:00,29.075000762939453,29.09000015258789,28.9950008392334,29.024999618530273,175875,0.0,0.0
2024-09-03 10:30:00-04:00,29.020000457763672,29.06999969482422,28.985000610351562,29.05500030517578,44903,0.0,0.0
2024-09-03 10:35:00-04:00,29.049999237060547,29.079999923706055,29.010000228881836,29.079999923706055,48230,0.0,0.0
2024-09-03 10:40:00-04:00,29.075000762939453,29.100000381469727,29.059999465942383,29.084999084472656,31085,0.0,0.0
2024-09-03 10:45:00-04:00,29.09000015258789,29.110000610351562,29.059999465942383,29.075000762939453,38595,0.0,0.0
2024-09-03 10:50:00-04:00,29.079999923706055,29.079999923706055,29.024999618530273,29.059999465942383,64460,0.0,0.0
2024-09-03 10:55:00-04:00,29.065000534057617,29.079999923706055,29.059999465942383,29.075000762939453,17512,0.0,0.0
2024-09-03 11:00:00-04:00,29.072500228881836,29.100000381469727,29.059999465942383,29.065000534057617,51374,0.0,0.0
2024-09-03 11:05:00-04:00,29.065000534057617,29.155000686645508,29.0625,29.155000686645508,102786,0.0,0.0
2024-09-03 11:10:00-04:00,29.165000915527344,29.200000762939453,29.15999984741211,29.184999465942383,60253,0.0,0.0
2024-09-03 11:15:00-04:00,29.184999465942383,29.184999465942383,29.139999389648438,29.15999984741211,43943,0.0,0.0
2024-09-03 11:20:00-04:00,29.15999984741211,29.280000686645508,29.15999984741211,29.280000686645508,94866,0.0,0.0
2024-09-03 11:25:00-04:00,29.280000686645508,29.280000686645508,29.209999084472656,29.21500015258789,64877,0.0,0.0
2024-09-03 11:30:00-04:00,29.21500015258789,29.225000381469727,29.174999237060547,29.204999923706055,371219,0.0,0.0
2024-09-03 11:35:00-04:00,29.209999084472656,29.260000228881836,29.190000534057617,29.190000534057617,139889,0.0,0.0
2024-09-03 11:40:00-04:00,29.19499969482422,29.2450008392334,29.18000030517578,29.2450008392334,68614,0.0,0.0
2024-09-03 11:45:00-04:00,29.2450008392334,29.274999618530273,29.2450008392334,29.25,12627,0.0,0.0
2024-09-03 11:50:00-04:00,29.239999771118164,29.264999389648438,29.235000610351562,29.264999389648438,11414,0.0,0.0
2024-09-03 11:55:00-04:00,29.270000457763672,29.270000457763672,29.219999313354492,29.219999313354492,12123,0.0,0.0
2024-09-03 12:00:00-04:00,29.225000381469727,29.28499984741211,29.225000381469727,29.260000228881836,16101,0.0,0.0
2024-09-03 12:05:00-04:00,29.260000228881836,29.264999389648438,29.229999542236328,29.229999542236328,7660,0.0,0.0
2024-09-03 12:10:00-04:00,29.235000610351562,29.270000457763672,29.235000610351562,29.25,22330,0.0,0.0
2024-09-03 12:15:00-04:00,29.25,29.25,29.219999313354492,29.225000381469727,24443,0.0,0.0
2024-09-03 12:20:00-04:00,29.225000381469727,29.239999771118164,29.174999237060547,29.18000030517578,22901,0.0,0.0
2024-09-03 12:25:00-04:00,29.184999465942383,29.235000610351562,29.184999465942383,29.235000610351562,22209,0.0,0.0
2024-09-03 12:30:00-04:00,29.235000610351562,29.235000610351562,29.18000030517578,29.18000030517578,15627,0.0,0.0
2024-09-03 12:35:00-04:00,29.18000030517578,29.229999542236328,29.18000030517578,29.229999542236328,14399,0.0,0.0
2024-09-03 12:40:00-04:00,29.219999313354492,29.239999771118164,29.21500015258789,29.225000381469727,46705,0.0,0.0
2024-09-03 12:45:00-04:00,29.219999313354492,29.225000381469727,29.209999084472656,29.21500015258789,11564,0.0,0.0
2024-09-03 12:50:00-04:00,29.21500015258789,29.235000610351562,29.209999084472656,29.229999542236328,19398,0.0,0.0
2024-09-03 12:55:00-04:00,29.229999542236328,29.235000610351562,29.21500015258789,29.229999542236328,16778,0.0,0.0
2024-09-03 13:00:00-04:00,29.235000610351562,29.236499786376953,29.219999313354492,29.235000610351562,35878,0.0,0.0
2024-09-03 13:05:00-04:00,29.229999542236328,29.239999771118164,29.229999542236328,29.235000610351562,4848,0.0,0.0
2024-09-03 13:10:00-04:00,29.235000610351562,29.239999771118164,29.229999542236328,29.235000610351562,29084,0.0,0.0
2024-09-03 13:15:00-04:00,29.235000610351562,29.25,29.229999542236328,29.2450008392334,32799,0.0,0.0
2024-09-03 13:20:00-04:00,29.2450008392334,29.280000686645508,29.2450008392334,29.280000686645508,17782,0.0,0.0
2024-09-03 13:25:00-04:00,29.274999618530273,29.274999618530273,29.264999389648438,29.264999389648438,26177,0.0,0.0
2024-09-03 13:30:00-04:00,29.264999389648438,29.270000457763672,29.25,29.2549991607666,14929,0.0,0.0
2024-09-03 13:35:00-04:00,29.2549991607666,29.274999618530273,29.2549991607666,29.274999618530273,18976,0.0,0.0
2024-09-03 13:40:00-04:00,29.274999618530273,29.28499984741211,29.2549991607666,29.264999389648438,32104,0.0,0.0
2024-09-03 13:45:00-04:00,29.264999389648438,29.264999389648438,29.2450008392334,29.2450008392334,12020,0.0,0.0
2024-09-03 13:50:00-04:00,29.2450008392334,29.25,29.229999542236328,29.235000610351562,15064,0.0,0.0
2024-09-03 13:55:00-04:00,29.239999771118164,29.239999771118164,29.229999542236328,29.235000610351562,18822,0.0,0.0
2024-09-03 14:00:00-04:00,29.235000610351562,29.25,29.229999542236328,29.2450008392334,23312,0.0,0.0
2024-09-03 14:05:00-04:00,29.2450008392334,29.260000228881836,29.239999771118164,29.2549991607666,17248,0.0,0.0
2024-09-03 14:10:00-04:00,29.260000228881836,29.329999923706055,29.260000228881836,29.329999923706055,17316,0.0,0.0
2024-09-03 14:15:00-04:00,29.329999923706055,29.334999084472656,29.28499984741211,29.28499984741211,33901,0.0,0.0
2024-09-03 14:20:00-04:00,29.290000915527344,29.299999237060547,29.2450008392334,29.2549991607666,29962,0.0,0.0
2024-09-03 14:25:00-04:00,29.2549991607666,29.290000915527344,29.25,29.28499984741211,9354,0.0,0.0
2024-09-03 14:30:00-04:00,29.290000915527344,29.295000076293945,29.264999389648438,29.264999389648438,26391,0.0,0.0
2024-09-03 14:35:00-04:00,29.270000457763672,29.295000076293945,29.2549991607666,29.28499984741211,27719,0.0,0.0
2024-09-03 14:40:00-04:00,29.28499984741211,29.290000915527344,29.274999618530273,29.28499984741211,16817,0.0,0.0
2024-09-03 14:45:00-04:00,29.28499984741211,29.28499984741211,29.270000457763672,29.274999618530273,13668,0.0,0.0
2024-09-03 14:50:00-04:00,29.274999618530273,29.280000686645508,29.270000457763672,29.274999618530273,4824,0.0,0.0
2024-09-03 14:55:00-04:00,29.274999618530273,29.278900146484375,29.229999542236328,29.229999542236328,46426,0.0,0.0
2024-09-03 15:00:00-04:00,29.229999542236328,29.25,29.229999542236328,29.2450008392334,24606,0.0,0.0
2024-09-03 15:05:00-04:00,29.2450008392334,29.274999618530273,29.2450008392334,29.264999389648438,23570,0.0,0.0
2024-09-03 15:10:00-04:00,29.264999389648438,29.299999237060547,29.264999389648438,29.280000686645508,31752,0.0,0.0
2024-09-03 15:15:00-04:00,29.274999618530273,29.28499984741211,29.264999389648438,29.280000686645508,18120,0.0,0.0
2024-09-03 15:20:00-04:00,29.280000686645508,29.280000686645508,29.2549991607666,29.2549991607666,10636,0.0,0.0
2024-09-03 15:25:00-04:00,29.2549991607666,29.270000457763672,29.25,29.25,20271,0.0,0.0
2024-09-03 15:30:00-04:00,29.25,29.270000457763672,29.25,29.270000457763672,27588,0.0,0.0
2024-09-03 15:35:00-04:00,29.270000457763672,29.270000457763672,29.229999542236328,29.229999542236328,28287,0.0,0.0
2024-09-03 15:40:00-04:00,29.235000610351562,29.264999389648438,29.229999542236328,29.260000228881836,63978,0.0,0.0
2024-09-03 15:45:00-04:00,29.2549991607666,29.329999923706055,29.2549991607666,29.329999923706055,119336,0.0,0.0
2024-09-03 15:50:00-04:00,29.325000762939453,29.34000015258789,29.229999542236328,29.235000610351562,419192,0.0,0.0
2024-09-03 15:55:00-04:00,29.235000610351562,29.329999923706055,29.235000610351562,29.299999237060547,228935,0.0,0.0
2024-09-04 09:30:00-04:00,29.3799991607666,29.565000534057617,29.3700008392334,29.565000534057617,47771,0.0,0.0
2024-09-04 09:35:00-04:00,29.56999969482422,29.700000762939453,29.56999969482422,29.69499969482422,52097,0.0,0.0
2024-09-04 09:40:00-04:00,29.700000762939453,29.709999084472656,29.610000610351562,29.614999771118164,28147,0.0,0.0
2024-09-04 09:45:00-04:00,29.614999771118164,29.614999771118164,29.575000762939453,29.579999923706055,10527,0.0,0.0
2024-09-04 09:50:00-04:00,29.579999923706055,29.625,29.56999969482422,29.625,17782,0.0,0.0
2024-09-04 09:55:00-04:00,29.625,29.68000030517578,29.600000381469727,29.649999618530273,26769,0.0,0.0
2024-09-04 10:00:00-04:00,29.649999618530273,29.649999618530273,29.559999465942383,29.6200008392334,25728,0.0,0.0
2024-09-04 10:05:00-04:00,29.614999771118164,29.635000228881836,29.579999923706055,29.625,20364,0.0,0.0
2024-09-04 10:10:00-04:00,29.625,29.635000228881836,29.559999465942383,29.575000762939453,18592,0.0,0.0
2024-09-04 10:15:00-04:00,29.579999923706055,29.59000015258789,29.549999237060547,29.565000534057617,13461,0.0,0.0
2024-09-04 10:20:00-04:00,29.565000534057617,29.594999313354492,29.560100555419922,29.594999313354492,10685,0.0,0.0
2024-09-04 10:25:00-04:00,29.594999313354492,29.600000381469727,29.489999771118164,29.510000228881836,16595,0.0,0.0
2024-09-04 10:30:00-04:00,29.5,29.520000457763672,29.469999313354492,29.520000457763672,12856,0.0,0.0
2024-09-04 10:35:00-04:00,29.514999389648438,29.549999237060547,29.485000610351562,29.5,21995,0.0,0.0
2024-09-04 10:40:00-04:00,29.4950008392334,29.56999969482422,29.485000610351562,29.56999969482422,11247,0.0,0.0
2024-09-04 10:45:00-04:00,29.579999923706055,29.635000228881836,29.549999237060547,29.549999237060547,27443,0.0,0.0
2024-09-04 10:50:00-04:00,29.559999465942383,29.565000534057617,29.524999618530273,29.55500030517578,809053,0.0,0.0
2024-09-04 10:55:00-04:00,29.55500030517578,29.55500030517578,29.514999389648438,29.545000076293945,7198,0.0,0.0
2024-09-04 11:00:00-04:00,29.545000076293945,29.579999923706055,29.545000076293945,29.549999237060547,36744,0.0,0.0
2024-09-04 11:05:00-04:00,29.549999237060547,29.559999465942383,29.540000915527344,29.549999237060547,60865,0.0,0.0
2024-09-04 11:10:00-04:00,29.545000076293945,29.54990005493164,29.469999313354492,29.469999313354492,15880,0.0,0.0
2024-09-04 11:15:00-04:00,29.459999084472656,29.46500015258789,29.44499969482422,29.450000762939453,6373,0.0,0.0
2024-09-04 11:20:00-04:00,29.450000762939453,29.5,29.40999984741211,29.454999923706055,45279,0.0,0.0
2024-09-04 11:25:00-04:00,29.459999084472656,29.459999084472656,29.43000030517578,29.440000534057617,8283,0.0,0.0
2024-09-04 11:30:00-04:00,29.43000030517578,29.440000534057617,29.40999984741211,29.420000076293945,12304,0.0,0.0
2024-09-04 11:35:00-04:00,29.420000076293945,29.43000030517578,29.40999984741211,29.420000076293945,6808,0.0,0.0
2024-09-04 11:40:00-04:00,29.415000915527344,29.415000915527344,29.395000457763672,29.40999984741211,5085,0.0,0.0
2024-09-04 11:45:00-04:00,29.399999618530273,29.399999618530273,29.329999923706055,29.329999923706055,4603,0.0,0.0
2024-09-04 11:50:00-04:00,29.329999923706055,29.3799991607666,29.315000534057617,29.3799991607666,221756,0.0,0.0
2024-09-04 11:55:00-04:00,29.389999389648438,29.415000915527344,29.389999389648438,29.399999618530273,7755,0.0,0.0
2024-09-04 12:00:00-04:00,29.399999618530273,29.420000076293945,29.389999389648438,29.399999618530273,5331,0.0,0.0
2024-09-04 12:05:00-04:00,29.395000457763672,29.415000915527344,29.389999389648438,29.415000915527344,4417,0.0,0.0
2024-09-04 12:10:00-04:00,29.415000915527344,29.415000915527344,29.375,29.385000228881836,7007,0.0,0.0
2024-09-04 12:15:00-04:00,29.3799991607666,29.3799991607666,29.360000610351562,29.375,10114,0.0,0.0
2024-09-04 12:20:00-04:00,29.3700008392334,29.399999618530273,29.364999771118164,29.399999618530273,15003,0.0,0.0
2024-09-04 12:25:00-04:00,29.395000457763672,29.399999618530273,29.350000381469727,29.350000381469727,9946,0.0,0.0
2024-09-04 12:30:00-04:00,29.360000610351562,29.389999389648438,29.350000381469727,29.360000610351562,10233,0.0,0.0
2024-09-04 12:35:00-04:00,29.354999542236328,29.375,29.350000381469727,29.375,14281,0.0,0.0
2024-09-04 12:40:00-04:00,29.375,29.3799991607666,29.31999969482422,29.325000762939453,6405,0.0,0.0
2024-09-04 12:45:00-04:00,29.329999923706055,29.329999923706055,29.309999465942383,29.309999465942383,4289,0.0,0.0
2024-09-04 12:50:00-04:00,29.309999465942383,29.364999771118164,29.309999465942383,29.364999771118164,33894,0.0,0.0
2024-09-04 12:55:00-04:00,29.3700008392334,29.389999389648438,29.3700008392334,29.3799991607666,5396,0.0,0.0
2024-09-04 13:00:00-04:00,29.3799991607666,29.389999389648438,29.360000610351562,29.360000610351562,7858,0.0,0.0
2024-09-04 13:05:00-04:00,29.364999771118164,29.385000228881836,29.360000610351562,29.385000228881836,4961,0.0,0.0
2024-09-04 13:10:00-04:00,29.385000228881836,29.389999389648438,29.360000610351562,29.364999771118164,6413,0.0,0.0
2024-09-04 13:15:00-04:00,29.3700008392334,29.3700008392334,29.34000015258789,29.344999313354492,7864,0.0,0.0
2024-09-04 13:20:00-04:00,29.34000015258789,29.350000381469727,29.309999465942383,29.334999084472656,37646,0.0,0.0
2024-09-04 13:25:00-04:00,29.334999084472656,29.34000015258789,29.315000534057617,29.325000762939453,11295,0.0,0.0
2024-09-04 13:30:00-04:00,29.31999969482422,29.325000762939453,29.290000915527344,29.299999237060547,7191,0.0,0.0
2024-09-04 13:35:00-04:00,29.299999237060547,29.31999969482422,29.28499984741211,29.30500030517578,16495,0.0,0.0
2024-09-04 13:40:00-04:00,29.30500030517578,29.309999465942383,29.290000915527344,29.290000915527344,6709,0.0,0.0
2024-09-04 13:45:00-04:00,29.290000915527344,29.30500030517578,29.270000457763672,29.274999618530273,5693,0.0,0.0
2024-09-04 13:50:00-04:00,29.274999618530273,29.280000686645508,29.229999542236328,29.239999771118164,15022,0.0,0.0
2024-09-04 13:55:00-04:00,29.229999542236328,29.239999771118164,29.225000381469727,29.235000610351562,4087,0.0,0.0
2024-09-04 14:00:00-04:00,29.235000610351562,29.2450008392334,29.21500015258789,29.21500015258789,8983,0.0,0.0
2024-09-04 14:05:00-04:00,29.21500015258789,29.239999771118164,29.209999084472656,29.21500015258789,11514,0.0,0.0
2024-09-04 14:10:00-04:00,29.219999313354492,29.2450008392334,29.209999084472656,29.239999771118164,7047,0.0,0.0
2024-09-04 14:15:00-04:00,29.2450008392334,29.2549991607666,29.229999542236328,29.229999542236328,9678,0.0,0.0
2024-09-04 14:20:00-04:00,29.225000381469727,29.225000381469727,29.190000534057617,29.204999923706055,11143,0.0,0.0
2024-09-04 14:25:00-04:00,29.204999923706055,29.239999771118164,29.200000762939453,29.235000610351562,11309,0.0,0.0
2024-09-04 14:30:00-04:00,29.239999771118164,29.239999771118164,29.225000381469727,29.229999542236328,9052,0.0,0.0
2024-09-04 14:35:00-04:00,29.229999542236328,29.235000610351562,29.19499969482422,29.19499969482422,15562,0.0,0.0
2024-09-04 14:40:00-04:00,29.200000762939453,29.209999084472656,29.19499969482422,29.209999084472656,9845,0.0,0.0
2024-09-04 14:45:00-04:00,29.209999084472656,29.219999313354492,29.200000762939453,29.204999923706055,9504,0.0,0.0
2024-09-04 14:50:00-04:00,29.21500015258789,29.219999313354492,29.204999923706055,29.209999084472656,8513,0.0,0.0
2024-09-04 14:55:00-04:00,29.21500015258789,29.219999313354492,29.18000030517578,29.184999465942383,8614,0.0,0.0
2024-09-04 15:00:00-04:00,29.18000030517578,29.18000030517578,29.15999984741211,29.174999237060547,19781,0.0,0.0
2024-09-04 15:05:00-04:00,29.170000076293945,29.170000076293945,29.127500534057617,29.145000457763672,22059,0.0,0.0
2024-09-04 15:10:00-04:00,29.139999389648438,29.149999618530273,29.125,29.1299991607666,34463,0.0,0.0
2024-09-04 15:15:00-04:00,29.1299991607666,29.139999389648438,29.094999313354492,29.094999313354492,18266,0.0,0.0
2024-09-04 15:20:00-04:00,29.094999313354492,29.1200008392334,29.09000015258789,29.114999771118164,20614,0.0,0.0
2024-09-04 15:25:00-04:00,29.1200008392334,29.1299991607666,29.104999542236328,29.110000610351562,25667,0.0,0.0
2024-09-04 15:30:00-04:00,29.110000610351562,29.1200008392334,29.0,29.0,46893,0.0,0.0
2024-09-04 15:35:00-04:00,28.989999771118164,28.989999771118164,28.934999465942383,28.94499969482422,132764,0.0,0.0
2024-09-04 15:40:00-04:00,28.94499969482422,28.94499969482422,28.90999984741211,28.93000030517578,85971,0.0,0.0
2024-09-04 15:45:00-04:00,28.93000030517578,28.979999542236328,28.924999237060547,28.969999313354492,44350,0.0,0.0
2024-09-04 15:50:00-04:00,28.975000381469727,29.040000915527344,28.975000381469727,29.0049991607666,113023,0.0,0.0
2024-09-04 15:55:00-04:00,29.0049991607666,29.0049991607666,28.940000534057617,29.0,347112,0.0,0.0
2024-09-05 09:30:00-04:00,29.170000076293945,29.219999313354492,29.010000228881836,29.010000228881836,56918,0.0,0.0
2024-09-05 09:35:00-04:00,29.030000686645508,29.030000686645508,28.920000076293945,28.920000076293945,12776,0.0,0.0
2024-09-05 09:40:00-04:00,28.920000076293945,28.979999542236328,28.90999984741211,28.959999084472656,2903,0.0,0.0
2024-09-05 09:45:00-04:00,28.989999771118164,28.989999771118164,28.90999984741211,28.940000534057617,10050,0.0,0.0
2024-09-05 09:50:00-04:00,28.920000076293945,28.93000030517578,28.8799991607666,28.8799991607666,14779,0.0,0.0
2024-09-05 09:55:00-04:00,28.889999389648438,28.905000686645508,28.850000381469727,28.889999389648438,15187,0.0,0.0
2024-09-05 10:00:00-04:00,28.899999618530273,29.050500869750977,28.8799991607666,29.050500869750977,72516,0.0,0.0
2024-09-05 10:05:00-04:00,29.049999237060547,29.079999923706055,29.045000076293945,29.06999969482422,29205,0.0,0.0
2024-09-05 10:10:00-04:00,29.06999969482422,29.06999969482422,29.010000228881836,29.014999389648438,24783,0.0,0.0
2024-09-05 10:15:00-04:00,29.0,29.020000457763672,28.985000610351562,29.010000228881836,23665,0.0,0.0
2024-09-05 10:20:00-04:00,29.024999618530273,29.06999969482422,29.010000228881836,29.05500030517578,5825,0.0,0.0
2024-09-05 10:25:00-04:00,29.059999465942383,29.059999465942383,29.030000686645508,29.030000686645508,11784,0.0,0.0
2024-09-05 10:30:00-04:00,29.024999618530273,29.06999969482422,29.024999618530273,29.06999969482422,15897,0.0,0.0
2024-09-05 10:35:00-04:00,29.09000015258789,29.110000610351562,29.065000534057617,29.110000610351562,9359,0.0,0.0
2024-09-05 10:40:00-04:00,29.110000610351562,29.114999771118164,29.09000015258789,29.09000015258789,9841,0.0,0.0
2024-09-05 10:45:00-04:00,29.079999923706055,29.100000381469727,29.065000534057617,29.100000381469727,5187,0.0,0.0
2024-09-05 10:50:00-04:00,29.09000015258789,29.094999313354492,29.06999969482422,29.09000015258789,10014,0.0,0.0
2024-09-05 10:55:00-04:00,29.094999313354492,29.135000228881836,29.09000015258789,29.114999771118164,10391,0.0,0.0
2024-09-05 11:00:00-04:00,29.125,29.135000228881836,29.05500030517578,29.059999465942383,12375,0.0,0.0
2024-09-05 11:05:00-04:00,29.059999465942383,29.06999969482422,29.040000915527344,29.045000076293945,8089,0.0,0.0
2024-09-05 11:10:00-04:00,29.040000915527344,29.045000076293945,28.9950008392334,29.0,7548,0.0,0.0
2024-09-05 11:15:00-04:00,29.000499725341797,29.010000228881836,28.985000610351562,29.010000228881836,16715,0.0,0.0
2024-09-05 11:20:00-04:00,29.010000228881836,29.030000686645508,28.985000610351562,29.0,29589,0.0,0.0
2024-09-05 11:25:00-04:00,29.0049991607666,29.014999389648438,28.979999542236328,28.985000610351562,26464,0.0,0.0
2024-09-05 11:30:00-04:00,28.989999771118164,29.010000228881836,28.979999542236328,28.985000610351562,5452,0.0,0.0
2024-09-05 11:35:00-04:00,28.979999542236328,29.010000228881836,28.950000762939453,28.992000579833984,26785,0.0,0.0
2024-09-05 11:40:00-04:00,28.989999771118164,29.049999237060547,28.975000381469727,29.03499984741211,21978,0.0,0.0
2024-09-05 11:45:00-04:00,29.030000686645508,29.065000534057617,29.020000457763672,29.059999465942383,13791,0.0,0.0
2024-09-05 11:50:00-04:00,29.059999465942383,29.065000534057617,29.014999389648438,29.014999389648438,9725,0.0,0.0
2024-09-05 11:55:00-04:00,29.024999618530273,29.03499984741211,29.010000228881836,29.01810073852539,6477,0.0,0.0
2024-09-05 12:00:00-04:00,29.010000228881836,29.024999618530273,29.010000228881836,29.010000228881836,9169,0.0,0.0
2024-09-05 12:05:00-04:00,29.014999389648438,29.020000457763672,28.989999771118164,28.989999771118164,5324,0.0,0.0
2024-09-05 12:10:00-04:00,28.989999771118164,29.010000228881836,28.985000610351562,29.010000228881836,6725,0.0,0.0
2024-09-05 12:15:00-04:00,29.010000228881836,29.020000457763672,29.0,29.0,4125,0.0,0.0
2024-09-05 12:20:00-04:00,29.010000228881836,29.049999237060547,29.010000228881836,29.045000076293945,6622,0.0,0.0
2024-09-05 12:25:00-04:00,29.049999237060547,29.077499389648438,29.045000076293945,29.045000076293945,5367,0.0,0.0
2024-09-05 12:30:00-04:00,29.045000076293945,29.059999465942383,29.040000915527344,29.040000915527344,9039,0.0,0.0
2024-09-05 12:35:00-04:00,29.045000076293945,29.049999237060547,29.030000686645508,29.030000686645508,3494,0.0,0.0
2024-09-05 12:40:00-04:00,29.020000457763672,29.030000686645508,29.010000228881836,29.010000228881836,4410,0.0,0.0
2024-09-05 12:45:00-04:00,29.014999389648438,29.030000686645508,29.0,29.010000228881836,9609,0.0,0.0
2024-09-05 12:50:00-04:00,29.010000228881836,29.020000457763672,29.0049991607666,29.014999389648438,18180,0.0,0.0
2024-09-05 12:55:00-04:00,29.014999389648438,29.020000457763672,28.9950008392334,29.0,19292,0.0,0.0
2024-09-05 13:00:00-04:00,29.0049991607666,29.030000686645508,29.0049991607666,29.020000457763672,7307,0.0,0.0
2024-09-05 13:05:00-04:00,29.010000228881836,29.010000228881836,28.985000610351562,29.0,12728,0.0,0.0
2024-09-05 13:10:00-04:00,29.0,29.0,28.989999771118164,28.9950008392334,17876,0.0,0.0
2024-09-05 13:15:00-04:00,28.9950008392334,29.020000457763672,28.970500946044922,29.020000457763672,111834,0.0,0.0
2024-09-05 13:20:00-04:00,29.020000457763672,29.030000686645508,28.9950008392334,28.9950008392334,13926,0.0,0.0
2024-09-05 13:25:00-04:00,29.0,29.010000228881836,28.989999771118164,28.9950008392334,39609,0.0,0.0
2024-09-05 13:30:00-04:00,28.989999771118164,29.020000457763672,28.985000610351562,29.020000457763672,27804,0.0,0.0
2024-09-05 13:35:00-04:00,29.030000686645508,29.040000915527344,29.014999389648438,29.020000457763672,14753,0.0,0.0
2024-09-05 13:40:00-04:00,29.024999618530273,29.030000686645508,29.0,29.030000686645508,12075,0.0,0.0
2024-09-05 13:45:00-04:00,29.030000686645508,29.06999969482422,29.030000686645508,29.06999969482422,6183,0.0,0.0
2024-09-05 13:50:00-04:00,29.059999465942383,29.059999465942383,29.045000076293945,29.045000076293945,4736,0.0,0.0
2024-09-05 13:55:00-04:00,29.049999237060547,29.1200008392334,29.040000915527344,29.1200008392334,23373,0.0,0.0
2024-09-05 14:00:00-04:00,29.1200008392334,29.1200008392334,29.094999313354492,29.094999313354492,9104,0.0,0.0
2024-09-05 14:05:00-04:00,29.094999313354492,29.100000381469727,29.075000762939453,29.084999084472656,7228,0.0,0.0
2024-09-05 14:10:00-04:00,29.084999084472656,29.100000381469727,29.06999969482422,29.079999923706055,11479,0.0,0.0
2024-09-05 14:15:00-04:00,29.075000762939453,29.079999923706055,29.06999969482422,29.075000762939453,8353,0.0,0.0
2024-09-05 14:20:00-04:00,29.075000762939453,29.079999923706055,29.049999237060547,29.050500869750977,11688,0.0,0.0
2024-09-05 14:25:00-04:00,29.05500030517578,29.05500030517578,28.979999542236328,28.979999542236328,73832,0.0,0.0
2024-09-05 14:30:00-04:00,28.980499267578125,29.0,28.969999313354492,29.0,17048,0.0,0.0
2024-09-05 14:35:00-04:00,28.9950008392334,29.0,28.975000381469727,28.979999542236328,12629,0.0,0.0
2024-09-05 14:40:00-04:00,28.989999771118164,28.9950008392334,28.979999542236328,28.9950008392334,3653,0.0,0.0
2024-09-05 14:45:00-04:00,28.9950008392334,29.0049991607666,28.9950008392334,29.0,6095,0.0,0.0
2024-09-05 14:50:00-04:00,29.0049991607666,29.028900146484375,28.989999771118164,28.9950008392334,14166,0.0,0.0
2024-09-05 14:55:00-04:00,28.989999771118164,29.0,28.969999313354492,28.969999313354492,10277,0.0,0.0
2024-09-05 15:00:00-04:00,28.969999313354492,28.979999542236328,28.940000534057617,28.940000534057617,13165,0.0,0.0
2024-09-05 15:05:00-04:00,28.940000534057617,28.954999923706055,28.940000534057617,28.950000762939453,5440,0.0,0.0
2024-09-05 15:10:00-04:00,28.94499969482422,28.950000762939453,28.94499969482422,28.950000762939453,4438,0.0,0.0
2024-09-05 15:15:00-04:00,28.94499969482422,28.950000762939453,28.895000457763672,28.899999618530273,46998,0.0,0.0
2024-09-05 15:20:00-04:00,28.90999984741211,28.920000076293945,28.90999984741211,28.920000076293945,13649,0.0,0.0
2024-09-05 15:25:00-04:00,28.924999237060547,28.93000030517578,28.920000076293945,28.93000030517578,9370,0.0,0.0
2024-09-05 15:30:00-04:00,28.924999237060547,28.93000030517578,28.899999618530273,28.915000915527344,25016,0.0,0.0
2024-09-05 15:35:00-04:00,28.915000915527344,28.920000076293945,28.84000015258789,28.844999313354492,42438,0.0,0.0
2024-09-05 15:40:00-04:00,28.844999313354492,28.844999313354492,28.790000915527344,28.790000915527344,40284,0.0,0.0
2024-09-05 15:45:00-04:00,28.790000915527344,28.825000762939453,28.770000457763672,28.81999969482422,70092,0.0,0.0
2024-09-05 15:50:00-04:00,28.825000762939453,28.844999313354492,28.78499984741211,28.78499984741211,89976,0.0,0.0
2024-09-05 15:55:00-04:00,28.78499984741211,28.799999237060547,28.729999542236328,28.770000457763672,242551,0.0,0.0
2024-09-06 09:30:00-04:00,28.780000686645508,28.815000534057617,28.729999542236328,28.815000534057617,53403,0.0,0.0
2024-09-06 09:35:00-04:00,28.829999923706055,28.8700008392334,28.809999465942383,28.829999923706055,33026,0.0,0.0
2024-09-06 09:40:00-04:00,28.790000915527344,28.850000381469727,28.790000915527344,28.829999923706055,2744,0.0,0.0
2024-09-06 09:45:00-04:00,28.829999923706055,28.87689971923828,28.799999237060547,28.8700008392334,7056,0.0,0.0
2024-09-06 09:50:00-04:00,28.889999389648438,28.91200065612793,28.84000015258789,28.850000381469727,16019,0.0,0.0
2024-09-06 09:55:00-04:00,28.84000015258789,28.850000381469727,28.809999465942383,28.809999465942383,1783,0.0,0.0
2024-09-06 10:00:00-04:00,28.780000686645508,28.795000076293945,28.739999771118164,28.739999771118164,15123,0.0,0.0
2024-09-06 10:05:00-04:00,28.75,28.764999389648438,28.719999313354492,28.760000228881836,13638,0.0,0.0
2024-09-06 10:10:00-04:00,28.764999389648438,28.780000686645508,28.739999771118164,28.739999771118164,8535,0.0,0.0
2024-09-06 10:15:00-04:00,28.75,28.75,28.725000381469727,28.75,4448,0.0,0.0
2024-09-06 10:20:00-04:00,28.760000228881836,28.764999389648438,28.729999542236328,28.729999542236328,7684,0.0,0.0
2024-09-06 10:25:00-04:00,28.729999542236328,28.729999542236328,28.665000915527344,28.68000030517578,50188,0.0,0.0
2024-09-06 10:30:00-04:00,28.68000030517578,28.68000030517578,28.6200008392334,28.625,36593,0.0,0.0
2024-09-06 10:35:00-04:00,28.6200008392334,28.649999618530273,28.600000381469727,28.635000228881836,76342,0.0,0.0
2024-09-06 10:40:00-04:00,28.639999389648438,28.670000076293945,28.610000610351562,28.610000610351562,38634,0.0,0.0
2024-09-06 10:45:00-04:00,28.604999542236328,28.6200008392334,28.56999969482422,28.584999084472656,42135,0.0,0.0
2024-09-06 10:50:00-04:00,28.579999923706055,28.584999084472656,28.510000228881836,28.510000228881836,75279,0.0,0.0
2024-09-06 10:55:00-04:00,28.520000457763672,28.56999969482422,28.510000228881836,28.565000534057617,34506,0.0,0.0
2024-09-06 11:00:00-04:00,28.56999969482422,28.729999542236328,28.565000534057617,28.690000534057617,101390,0.0,0.0
2024-09-06 11:05:00-04:00,28.690000534057617,28.700000762939453,28.610000610351562,28.614999771118164,27442,0.0,0.0
2024-09-06 11:10:00-04:00,28.6200008392334,28.649999618530273,28.610000610351562,28.6200008392334,13195,0.0,0.0
2024-09-06 11:15:00-04:00,28.59000015258789,28.6200008392334,28.559999465942383,28.56999969482422,13513,0.0,0.0
2024-09-06 11:20:00-04:00,28.579999923706055,28.584999084472656,28.549999237060547,28.575000762939453,10630,0.0,0.0
2024-09-06 11:25:00-04:00,28.575000762939453,28.579999923706055,28.530000686645508,28.549999237060547,17653,0.0,0.0
2024-09-06 11:30:00-04:00,28.53499984741211,28.579999923706055,28.53499984741211,28.56999969482422,13603,0.0,0.0
2024-09-06 11:35:00-04:00,28.56999969482422,28.594999313354492,28.565000534057617,28.594999313354492,25042,0.0,0.0
2024-09-06 11:40:00-04:00,28.59000015258789,28.59000015258789,28.575000762939453,28.584999084472656,4837,0.0,0.0
2024-09-06 11:45:00-04:00,28.56999969482422,28.56999969482422,28.52989959716797,28.559999465942383,5685,0.0,0.0
2024-09-06 11:50:00-04:00,28.549999237060547,28.549999237060547,28.514999389648438,28.524999618530273,3800,0.0,0.0
2024-09-06 11:55:00-04:00,28.530000686645508,28.549999237060547,28.514999389648438,28.53499984741211,5030,0.0,0.0
2024-09-06 12:00:00-04:00,28.530000686645508,28.559999465942383,28.514999389648438,28.514999389648438,5781,0.0,0.0
2024-09-06 12:05:00-04:00,28.510000228881836,28.530000686645508,28.5,28.510000228881836,9276,0.0,0.0
2024-09-06 12:10:00-04:00,28.510000228881836,28.53499984741211,28.4950008392334,28.5049991607666,9826,0.0,0.0
2024-09-06 12:15:00-04:00,28.510000228881836,28.514999389648438,28.450000762939453,28.450000762939453,14055,0.0,0.0
2024-09-06 12:20:00-04:00,28.454999923706055,28.454999923706055,28.440000534057617,28.454999923706055,7508,0.0,0.0
2024-09-06 12:25:00-04:00,28.454999923706055,28.5,28.454999923706055,28.46500015258789,20871,0.0,0.0
2024-09-06 12:30:00-04:00,28.459999084472656,28.479999542236328,28.44499969482422,28.479999542236328,4949,0.0,0.0
2024-09-06 12:35:00-04:00,28.479999542236328,28.5,28.459999084472656,28.46500015258789,5570,0.0,0.0
2024-09-06 12:40:00-04:00,28.459999084472656,28.475000381469727,28.450000762939453,28.469999313354492,5622,0.0,0.0
2024-09-06 12:45:00-04:00,28.459999084472656,28.469999313354492,28.44499969482422,28.454999923706055,7895,0.0,0.0
2024-09-06 12:50:00-04:00,28.459999084472656,28.46500015258789,28.440000534057617,28.454999923706055,6817,0.0,0.0
2024-09-06 12:55:00-04:00,28.459999084472656,28.5,28.454999923706055,28.489999771118164,7913,0.0,0.0
2024-09-06 13:00:00-04:00,28.5,28.510000228881836,28.475000381469727,28.510000228881836,12292,0.0,0.0
2024-09-06 13:05:00-04:00,28.510000228881836,28.540000915527344,28.5049991607666,28.53499984741211,9748,0.0,0.0
2024-09-06 13:10:00-04:00,28.53499984741211,28.55500030517578,28.530000686645508,28.530000686645508,7345,0.0,0.0
2024-09-06 13:15:00-04:00,28.530000686645508,28.53499984741211,28.5,28.524999618530273,10212,0.0,0.0
2024-09-06 13:20:00-04:00,28.520000457763672,28.55500030517578,28.520000457763672,28.549999237060547,6034,0.0,0.0
2024-09-06 13:25:00-04:00,28.559999465942383,28.559999465942383,28.520000457763672,28.520000457763672,8152,0.0,0.0
2024-09-06 13:30:00-04:00,28.514999389648438,28.524999618530273,28.5,28.510000228881836,11730,0.0,0.0
2024-09-06 13:35:00-04:00,28.510000228881836,28.514999389648438,28.459999084472656,28.469999313354492,24508,0.0,0.0
2024-09-06 13:40:00-04:00,28.469999313354492,28.469999313354492,28.450000762939453,28.450000762939453,6161,0.0,0.0
2024-09-06 13:45:00-04:00,28.450000762939453,28.479999542236328,28.450000762939453,28.469999313354492,9839,0.0,0.0
2024-09-06 13:50:00-04:00,28.475000381469727,28.485000610351562,28.469999313354492,28.475000381469727,10324,0.0,0.0
2024-09-06 13:55:00-04:00,28.479999542236328,28.5049991607666,28.469999313354492,28.475000381469727,7429,0.0,0.0
2024-09-06 14:00:00-04:00,28.475000381469727,28.475000381469727,28.434999465942383,28.468000411987305,14072,0.0,0.0
2024-09-06 14:05:00-04:00,28.469999313354492,28.479999542236328,28.450000762939453,28.459999084472656,14139,0.0,0.0
2024-09-06 14:10:00-04:00,28.459999084472656,28.479999542236328,28.454999923706055,28.46500015258789,11689,0.0,0.0
2024-09-06 14:15:00-04:00,28.46500015258789,28.479999542236328,28.454999923706055,28.459999084472656,19118,0.0,0.0
2024-09-06 14:20:00-04:00,28.469999313354492,28.469999313354492,28.43000030517578,28.440000534057617,12415,0.0,0.0
2024-09-06 14:25:00-04:00,28.440000534057617,28.440000534057617,28.420000076293945,28.420000076293945,10241,0.0,0.0
2024-09-06 14:30:00-04:00,28.420000076293945,28.424999237060547,28.399999618530273,28.399999618530273,9227,0.0,0.0
2024-09-06 14:35:00-04:00,28.405000686645508,28.405000686645508,28.3700008392334,28.3700008392334,18021,0.0,0.0
2024-09-06 14:40:00-04:00,28.3700008392334,28.40999984741211,28.360000610351562,28.40999984741211,8638,0.0,0.0
2024-09-06 14:45:00-04:00,28.399999618530273,28.40999984741211,28.389999389648438,28.405000686645508,5183,0.0,0.0
2024-09-06 14:50:00-04:00,28.405000686645508,28.43000030517578,28.389999389648438,28.424999237060547,11143,0.0,0.0
2024-09-06 14:55:00-04:00,28.43000030517578,28.459999084472656,28.43000030517578,28.459999084472656,9948,0.0,0.0
2024-09-06 15:00:00-04:00,28.469999313354492,28.479999542236328,28.459999084472656,28.475000381469727,13617,0.0,0.0
2024-09-06 15:05:00-04:00,28.479999542236328,28.510000228881836,28.479999542236328,28.5049991607666,10259,0.0,0.0
2024-09-06 15:10:00-04:00,28.510000228881836,28.510000228881836,28.479999542236328,28.489999771118164,13951,0.0,0.0
2024-09-06 15:15:00-04:00,28.5,28.510000228881836,28.4950008392334,28.4950008392334,7320,0.0,0.0
2024-09-06 15:20:00-04:00,28.4950008392334,28.530000686645508,28.489999771118164,28.530000686645508,23770,0.0,0.0
2024-09-06 15:25:00-04:00,28.530000686645508,28.579999923706055,28.530000686645508,28.55500030517578,20752,0.0,0.0
2024-09-06 15:30:00-04:00,28.55500030517578,28.55500030517578,28.530000686645508,28.530000686645508,20586,0.0,0.0
2024-09-06 15:35:00-04:00,28.530000686645508,28.549999237060547,28.510000228881836,28.53499984741211,35250,0.0,0.0
2024-09-06 15:40:00-04:00,28.53499984741211,28.559999465942383,28.520000457763672,28.540000915527344,27049,0.0,0.0
2024-09-06 15:45:00-04:00,28.540000915527344,28.579999923706055,28.540000915527344,28.575000762939453,27635,0.0,0.0
2024-09-06 15:50:00-04:00,28.579999923706055,28.610000610351562,28.530000686645508,28.545000076293945,123273,0.0,0.0
2024-09-06 15:55:00-04:00,28.545000076293945,28.594999313354492,28.540000915527344,28.549999237060547,180917,0.0,0.0
2024-09-09 09:30:00-04:00,28.8799991607666,28.889999389648438,28.81999969482422,28.84000015258789,44721,0.0,0.0
2024-09-09 09:35:00-04:00,28.84000015258789,28.8799991607666,28.809999465942383,28.815000534057617,19401,0.0,0.0
2024-09-09 09:40:00-04:00,28.815000534057617,28.81999969482422,28.719999313354492,28.719999313354492,25852,0.0,0.0
2024-09-09 09:45:00-04:00,28.719999313354492,28.739999771118164,28.6200008392334,28.670000076293945,9817,0.0,0.0
2024-09-09 09:50:00-04:00,28.65999984741211,28.700000762939453,28.649999618530273,28.690000534057617,27801,0.0,0.0
2024-09-09 09:55:00-04:00,28.690000534057617,28.69499969482422,28.655000686645508,28.670000076293945,18163,0.0,0.0
2024-09-09 10:00:00-04:00,28.674999237060547,28.704999923706055,28.65999984741211,28.690000534057617,25764,0.0,0.0
2024-09-09 10:05:00-04:00,28.690000534057617,28.739999771118164,28.690000534057617,28.739999771118164,11554,0.0,0.0
2024-09-09 10:10:00-04:00,28.729999542236328,28.799999237060547,28.729999542236328,28.790000915527344,13408,0.0,0.0
2024-09-09 10:15:00-04:00,28.790000915527344,28.825000762939453,28.790000915527344,28.809999465942383,12741,0.0,0.0
2024-09-09 10:20:00-04:00,28.81999969482422,28.825000762939453,28.764999389648438,28.774999618530273,7601,0.0,0.0
2024-09-09 10:25:00-04:00,28.780000686645508,28.795000076293945,28.760000228881836,28.760000228881836,5730,0.0,0.0
2024-09-09 10:30:00-04:00,28.760000228881836,28.760000228881836,28.729999542236328,28.7549991607666,8363,0.0,0.0
2024-09-09 10:35:00-04:00,28.75,28.774999618530273,28.739999771118164,28.760000228881836,19187,0.0,0.0
2024-09-09 10:40:00-04:00,28.75,28.770000457763672,28.7450008392334,28.7549991607666,14924,0.0,0.0
2024-09-09 10:45:00-04:00,28.75,28.78499984741211,28.75,28.780000686645508,9837,0.0,0.0
2024-09-09 10:50:00-04:00,28.799999237060547,28.799999237060547,28.739999771118164,28.75,10045,0.0,0.0
2024-09-09 10:55:00-04:00,28.75,28.780000686645508,28.75,28.75,9040,0.0,0.0
2024-09-09 11:00:00-04:00,28.75,28.799999237060547,28.75,28.780000686645508,10586,0.0,0.0
2024-09-09 11:05:00-04:00,28.774999618530273,28.780000686645508,28.7450008392334,28.760000228881836,4456,0.0,0.0
2024-09-09 11:10:00-04:00,28.75,28.75,28.719999313354492,28.719999313354492,6395,0.0,0.0
2024-09-09 11:15:00-04:00,28.719999313354492,28.729999542236328,28.709999084472656,28.71500015258789,9287,0.0,0.0
2024-09-09 11:20:00-04:00,28.719999313354492,28.739999771118164,28.709999084472656,28.729999542236328,11160,0.0,0.0
2024-09-09 11:25:00-04:00,28.719999313354492,28.729999542236328,28.709999084472656,28.729999542236328,9828,0.0,0.0
2024-09-09 11:30:00-04:00,28.729999542236328,28.760000228881836,28.709999084472656,28.709999084472656,31125,0.0,0.0
2024-09-09 11:35:00-04:00,28.684999465942383,28.704999923706055,28.674999237060547,28.69499969482422,8305,0.0,0.0
2024-09-09 11:40:00-04:00,28.69499969482422,28.719999313354492,28.690000534057617,28.71500015258789,6789,0.0,0.0
2024-09-09 11:45:00-04:00,28.71500015258789,28.729999542236328,28.690000534057617,28.690000534057617,8126,0.0,0.0
2024-09-09 11:50:00-04:00,28.700000762939453,28.719999313354492,28.700000762939453,28.704999923706055,6614,0.0,0.0
2024-09-09 11:55:00-04:00,28.700000762939453,28.709999084472656,28.690000534057617,28.690000534057617,6740,0.0,0.0
2024-09-09 12:00:00-04:00,28.69499969482422,28.7450008392334,28.690000534057617,28.7450008392334,11709,0.0,0.0
2024-09-09 12:05:00-04:00,28.75,28.760000228881836,28.739999771118164,28.7549991607666,4631,0.0,0.0
2024-09-09 12:10:00-04:00,28.760000228881836,28.764999389648438,28.735000610351562,28.735000610351562,6287,0.0,0.0
2024-09-09 12:15:00-04:00,28.725000381469727,28.764999389648438,28.71500015258789,28.7549991607666,13142,0.0,0.0
2024-09-09 12:20:00-04:00,28.7549991607666,28.760000228881836,28.7450008392334,28.7450008392334,4880,0.0,0.0
2024-09-09 12:25:00-04:00,28.739999771118164,28.75,28.729999542236328,28.735000610351562,6766,0.0,0.0
2024-09-09 12:30:00-04:00,28.735000610351562,28.7450008392334,28.729999542236328,28.7450008392334,6913,0.0,0.0
2024-09-09 12:35:00-04:00,28.7450008392334,28.770000457763672,28.7450008392334,28.764999389648438,9113,0.0,0.0
2024-09-09 12:40:00-04:00,28.764999389648438,28.780000686645508,28.760000228881836,28.774999618530273,8690,0.0,0.0
2024-09-09 12:45:00-04:00,28.770000457763672,28.780000686645508,28.75,28.75,6436,0.0,0.0
2024-09-09 12:50:00-04:00,28.739999771118164,28.760000228881836,28.735000610351562,28.75,13590,0.0,0.0
2024-09-09 12:55:00-04:00,28.7549991607666,28.844999313354492,28.7549991607666,28.809999465942383,9854,0.0,0.0
2024-09-09 13:00:00-04:00,28.809999465942383,28.84000015258789,28.809999465942383,28.809999465942383,5015,0.0,0.0
2024-09-09 13:05:00-04:00,28.799999237060547,28.81999969482422,28.799999237060547,28.809999465942383,3206,0.0,0.0
2024-09-09 13:10:00-04:00,28.799999237060547,28.815000534057617,28.799999237060547,28.809999465942383,2532,0.0,0.0
2024-09-09 13:15:00-04:00,28.799999237060547,28.799999237060547,28.774999618530273,28.780000686645508,3446,0.0,0.0
2024-09-09 13:20:00-04:00,28.770000457763672,28.780000686645508,28.763999938964844,28.780000686645508,2365,0.0,0.0
2024-09-09 13:25:00-04:00,28.770000457763672,28.790000915527344,28.764999389648438,28.790000915527344,5327,0.0,0.0
2024-09-09 13:30:00-04:00,28.780000686645508,28.790000915527344,28.739999771118164,28.7549991607666,4808,0.0,0.0
2024-09-09 13:35:00-04:00,28.7549991607666,28.764999389648438,28.75,28.764999389648438,1963,0.0,0.0
2024-09-09 13:40:00-04:00,28.770000457763672,28.770000457763672,28.69499969482422,28.719999313354492,6185,0.0,0.0
2024-09-09 13:45:00-04:00,28.719999313354492,28.75,28.71500015258789,28.75,4832,0.0,0.0
2024-09-09 13:50:00-04:00,28.739999771118164,28.75,28.735000610351562,28.7450008392334,3102,0.0,0.0
2024-09-09 13:55:00-04:00,28.75,28.764999389648438,28.75,28.75,2600,0.0,0.0
2024-09-09 14:00:00-04:00,28.7450008392334,28.75,28.729999542236328,28.739999771118164,6346,0.0,0.0
2024-09-09 14:05:00-04:00,28.735000610351562,28.739999771118164,28.719999313354492,28.719999313354492,2439,0.0,0.0
2024-09-09 14:10:00-04:00,28.725000381469727,28.729999542236328,28.725000381469727,28.725000381469727,2677,0.0,0.0
2024-09-09 14:15:00-04:00,28.725000381469727,28.739999771118164,28.725000381469727,28.739999771118164,5438,0.0,0.0
2024-09-09 14:20:00-04:00,28.739999771118164,28.739999771118164,28.729999542236328,28.729999542236328,3551,0.0,0.0
2024-09-09 14:25:00-04:00,28.735000610351562,28.739999771118164,28.709999084472656,28.719999313354492,5090,0.0,0.0
2024-09-09 14:30:00-04:00,28.71500015258789,28.719999313354492,28.700000762939453,28.700000762939453,2480,0.0,0.0
2024-09-09 14:35:00-04:00,28.70009994506836,28.725000381469727,28.674999237060547,28.68000030517578,6578,0.0,0.0
2024-09-09 14:40:00-04:00,28.684999465942383,28.735000610351562,28.684999465942383,28.725000381469727,5955,0.0,0.0
2024-09-09 14:45:00-04:00,28.725000381469727,28.739999771118164,28.709999084472656,28.729900360107422,6442,0.0,0.0
2024-09-09 14:50:00-04:00,28.719999313354492,28.7549991607666,28.719999313354492,28.75,15452,0.0,0.0
2024-09-09 14:55:00-04:00,28.739999771118164,28.774999618530273,28.739999771118164,28.764999389648438,16252,0.0,0.0
2024-09-09 15:00:00-04:00,28.764999389648438,28.770000457763672,28.760000228881836,28.764999389648438,5987,0.0,0.0
2024-09-09 15:05:00-04:00,28.760000228881836,28.764999389648438,28.7549991607666,28.760000228881836,5799,0.0,0.0
2024-09-09 15:10:00-04:00,28.760000228881836,28.78499984741211,28.75,28.78499984741211,5164,0.0,0.0
2024-09-09 15:15:00-04:00,28.780000686645508,28.780000686645508,28.770000457763672,28.770000457763672,5280,0.0,0.0
2024-09-09 15:20:00-04:00,28.770000457763672,28.774999618530273,28.764999389648438,28.764999389648438,3616,0.0,0.0
2024-09-09 15:25:00-04:00,28.770000457763672,28.78499984741211,28.770000457763672,28.774999618530273,4339,0.0,0.0
2024-09-09 15:30:00-04:00,28.774999618530273,28.774999618530273,28.719999313354492,28.737499237060547,21904,0.0,0.0
2024-09-09 15:35:00-04:00,28.735000610351562,28.739999771118164,28.709999084472656,28.71500015258789,23485,0.0,0.0
2024-09-09 15:40:00-04:00,28.719999313354492,28.719999313354492,28.690000534057617,28.709999084472656,39238,0.0,0.0
2024-09-09 15:45:00-04:00,28.704999923706055,28.71500015258789,28.649999618530273,28.649999618530273,50042,0.0,0.0
2024-09-09 15:50:00-04:00,28.639999389648438,28.649999618530273,28.600000381469727,28.6200008392334,66414,0.0,0.0
2024-09-09 15:55:00-04:00,28.614999771118164,28.639999389648438,28.59000015258789,28.6299991607666,153570,0.0,0.0
2024-09-10 09:30:00-04:00,28.530000686645508,28.540000915527344,28.280000686645508,28.309999465942383,51633,0.0,0.0
2024-09-10 09:35:00-04:00,28.299999237060547,28.360000610351562,28.290000915527344,28.329999923706055,16244,0.0,0.0
2024-09-10 09:40:00-04:00,28.329999923706055,28.34000015258789,28.31999969482422,28.34000015258789,2366,0.0,0.0
2024-09-10 09:45:00-04:00,28.34000015258789,28.34000015258789,28.239999771118164,28.260000228881836,6062,0.0,0.0
2024-09-10 09:50:00-04:00,28.25,28.270000457763672,28.229999542236328,28.270000457763672,10236,0.0,0.0
2024-09-10 09:55:00-04:00,28.25,28.270000457763672,28.229999542236328,28.260000228881836,9130,0.0,0.0
2024-09-10 10:00:00-04:00,28.25,28.280000686645508,28.235000610351562,28.274999618530273,10897,0.0,0.0
2024-09-10 10:05:00-04:00,28.25,28.25,28.170000076293945,28.170000076293945,17826,0.0,0.0
2024-09-10 10:10:00-04:00,28.170000076293945,28.190000534057617,28.110000610351562,28.1299991607666,31259,0.0,0.0
2024-09-10 10:15:00-04:00,28.125,28.165000915527344,28.1200008392334,28.125,12037,0.0,0.0
2024-09-10 10:20:00-04:00,28.1200008392334,28.1299991607666,28.06999969482422,28.125,15131,0.0,0.0
2024-09-10 10:25:00-04:00,28.114999771118164,28.114999771118164,28.06999969482422,28.114999771118164,10303,0.0,0.0
2024-09-10 10:30:00-04:00,28.110000610351562,28.110000610351562,28.059999465942383,28.059999465942383,13264,0.0,0.0
2024-09-10 10:35:00-04:00,28.06999969482422,28.165000915527344,28.059999465942383,28.165000915527344,5474,0.0,0.0
2024-09-10 10:40:00-04:00,28.170000076293945,28.18000030517578,28.149999618530273,28.165000915527344,7942,0.0,0.0
2024-09-10 10:45:00-04:00,28.15999984741211,28.229999542236328,28.15999984741211,28.229999542236328,11417,0.0,0.0
2024-09-10 10:50:00-04:00,28.219999313354492,28.229999542236328,28.100000381469727,28.104999542236328,38090,0.0,0.0
2024-09-10 10:55:00-04:00,28.100000381469727,28.1200008392334,27.979999542236328,27.979999542236328,28853,0.0,0.0
2024-09-10 11:00:00-04:00,27.979999542236328,27.979999542236328,27.93000030517578,27.94499969482422,31489,0.0,0.0
2024-09-10 11:05:00-04:00,27.93000030517578,27.979999542236328,27.93000030517578,27.959999084472656,39070,0.0,0.0
2024-09-10 11:10:00-04:00,27.959999084472656,28.049999237060547,27.959999084472656,28.049999237060547,27420,0.0,0.0
2024-09-10 11:15:00-04:00,28.06999969482422,28.06999969482422,28.040000915527344,28.06999969482422,13319,0.0,0.0
2024-09-10 11:20:00-04:00,28.059999465942383,28.065000534057617,28.0,28.030000686645508,19270,0.0,0.0
2024-09-10 11:25:00-04:00,28.024999618530273,28.040000915527344,28.010000228881836,28.030000686645508,37936,0.0,0.0
2024-09-10 11:30:00-04:00,28.030000686645508,28.030000686645508,28.010000228881836,28.020000457763672,43097,0.0,0.0
2024-09-10 11:35:00-04:00,28.014999389648438,28.020000457763672,27.94499969482422,27.954999923706055,23655,0.0,0.0
2024-09-10 11:40:00-04:00,27.950000762939453,27.95949935913086,27.93000030517578,27.93000030517578,4373,0.0,0.0
2024-09-10 11:45:00-04:00,27.915000915527344,27.940000534057617,27.915000915527344,27.924999237060547,5657,0.0,0.0
2024-09-10 11:50:00-04:00,27.924999237060547,27.950000762939453,27.90999984741211,27.950000762939453,9063,0.0,0.0
2024-09-10 11:55:00-04:00,27.950000762939453,27.950000762939453,27.899999618530273,27.907499313354492,7003,0.0,0.0
2024-09-10 12:00:00-04:00,27.90999984741211,27.920000076293945,27.899999618530273,27.915000915527344,11591,0.0,0.0
2024-09-10 12:05:00-04:00,27.915000915527344,27.959999084472656,27.915000915527344,27.950000762939453,105225,0.0,0.0
2024-09-10 12:10:00-04:00,27.940000534057617,27.940000534057617,27.924999237060547,27.924999237060547,3806,0.0,0.0
2024-09-10 12:15:00-04:00,27.93000030517578,27.934999465942383,27.920000076293945,27.924999237060547,3368,0.0,0.0
2024-09-10 12:20:00-04:00,27.93000030517578,27.93000030517578,27.899999618530273,27.90999984741211,9956,0.0,0.0
2024-09-10 12:25:00-04:00,27.90999984741211,27.920000076293945,27.905000686645508,27.920000076293945,2758,0.0,0.0
2024-09-10 12:30:00-04:00,27.920000076293945,27.950000762939453,27.915000915527344,27.950000762939453,5146,0.0,0.0
2024-09-10 12:35:00-04:00,27.950000762939453,27.96500015258789,27.950000762939453,27.950000762939453,7163,0.0,0.0
2024-09-10 12:40:00-04:00,27.950000762939453,27.950000762939453,27.93000030517578,27.934999465942383,4365,0.0,0.0
2024-09-10 12:45:00-04:00,27.940000534057617,27.940000534057617,27.899999618530273,27.905000686645508,11312,0.0,0.0
2024-09-10 12:50:00-04:00,27.905000686645508,27.959999084472656,27.899999618530273,27.950000762939453,11736,0.0,0.0
2024-09-10 12:55:00-04:00,27.950000762939453,27.950000762939453,27.93000030517578,27.940000534057617,1905,0.0,0.0
2024-09-10 13:00:00-04:00,27.93000030517578,27.93000030517578,27.90999984741211,27.920000076293945,7320,0.0,0.0
2024-09-10 13:05:00-04:00,27.920000076293945,27.93000030517578,27.899999618530273,27.90999984741211,6367,0.0,0.0
2024-09-10 13:10:00-04:00,27.905000686645508,27.920000076293945,27.899999618530273,27.920000076293945,6918,0.0,0.0
2024-09-10 13:15:00-04:00,27.915000915527344,27.940000534057617,27.90999984741211,27.90999984741211,9640,0.0,0.0
2024-09-10 13:20:00-04:00,27.899999618530273,27.909900665283203,27.860000610351562,27.899999618530273,19463,0.0,0.0
2024-09-10 13:25:00-04:00,27.895000457763672,27.899999618530273,27.891000747680664,27.895000457763672,7288,0.0,0.0
2024-09-10 13:30:00-04:00,27.895000457763672,27.90999984741211,27.889999389648438,27.905000686645508,10142,0.0,0.0
2024-09-10 13:35:00-04:00,27.905000686645508,27.924999237060547,27.899999618530273,27.924999237060547,10144,0.0,0.0
2024-09-10 13:40:00-04:00,27.93000030517578,27.93000030517578,27.920000076293945,27.924999237060547,10276,0.0,0.0
2024-09-10 13:45:00-04:00,27.920000076293945,27.93000030517578,27.90999984741211,27.924999237060547,15335,0.0,0.0
2024-09-10 13:50:00-04:00,27.924999237060547,27.93000030517578,27.889999389648438,27.895000457763672,11534,0.0,0.0
2024-09-10 13:55:00-04:00,27.899999618530273,27.90999984741211,27.889999389648438,27.899999618530273,7736,0.0,0.0
2024-09-10 14:00:00-04:00,27.899999618530273,27.920000076293945,27.899999618530273,27.920000076293945,13449,0.0,0.0
2024-09-10 14:05:00-04:00,27.90999984741211,27.915000915527344,27.885000228881836,27.899999618530273,10384,0.0,0.0
2024-09-10 14:10:00-04:00,27.899999618530273,27.920000076293945,27.895000457763672,27.91370964050293,10715,0.0,0.0
2024-09-10 14:15:00-04:00,27.920000076293945,27.93000030517578,27.90999984741211,27.93000030517578,8470,0.0,0.0
2024-09-10 14:20:00-04:00,27.93000030517578,27.940000534057617,27.905000686645508,27.93000030517578,8682,0.0,0.0
2024-09-10 14:25:00-04:00,27.920000076293945,27.950000762939453,27.915000915527344,27.950000762939453,10203,0.0,0.0
2024-09-10 14:30:00-04:00,27.94499969482422,27.959999084472656,27.940000534057617,27.959999084472656,8465,0.0,0.0
2024-09-10 14:35:00-04:00,27.950000762939453,27.969999313354492,27.950000762939453,27.96500015258789,7373,0.0,0.0
2024-09-10 14:40:00-04:00,27.959999084472656,27.969999313354492,27.954999923706055,27.969999313354492,5546,0.0,0.0
2024-09-10 14:45:00-04:00,27.969999313354492,27.979999542236328,27.969999313354492,27.975000381469727,3449,0.0,0.0
2024-09-10 14:50:00-04:00,27.979999542236328,28.0,27.975000381469727,27.9950008392334,13072,0.0,0.0
2024-09-10 14:55:00-04:00,28.0,28.0049991607666,27.989999771118164,28.0,4969,0.0,0.0
2024-09-10 15:00:00-04:00,27.9950008392334,28.0,27.979999542236328,28.0,10350,0.0,0.0
2024-09-10 15:05:00-04:00,27.9950008392334,28.010000228881836,27.985000610351562,27.985000610351562,10544,0.0,0.0
2024-09-10 15:10:00-04:00,27.979999542236328,27.979999542236328,27.959999084472656,27.96500015258789,13347,0.0,0.0
2024-09-10 15:15:00-04:00,27.96500015258789,27.969999313354492,27.950000762939453,27.96500015258789,29085,0.0,0.0
2024-09-10 15:20:00-04:00,27.96500015258789,28.010000228881836,27.96500015258789,28.0049991607666,16975,0.0,0.0
2024-09-10 15:25:00-04:00,28.0,28.030000686645508,27.9950008392334,28.024999618530273,9570,0.0,0.0
2024-09-10 15:30:00-04:00,28.024999618530273,28.040000915527344,28.010000228881836,28.014999389648438,14589,0.0,0.0
2024-09-10 15:35:00-04:00,28.020000457763672,28.06999969482422,28.014999389648438,28.06999969482422,20825,0.0,0.0
2024-09-10 15:40:00-04:00,28.075000762939453,28.1200008392334,28.075000762939453,28.114999771118164,16245,0.0,0.0
2024-09-10 15:45:00-04:00,28.114999771118164,28.1200008392334,28.094999313354492,28.094999313354492,16051,0.0,0.0
2024-09-10 15:50:00-04:00,28.09000015258789,28.094999313354492,28.065000534057617,28.084999084472656,42845,0.0,0.0
2024-09-10 15:55:00-04:00,28.084999084472656,28.125,28.06999969482422,28.100000381469727,170462,0.0,0.0
2024-09-11 09:30:00-04:00,28.25,28.25,28.1299991607666,28.1299991607666,37875,0.0,0.0
2024-09-11 09:35:00-04:00,28.1299991607666,28.139999389648438,28.09000015258789,28.09000015258789,26733,0.0,0.0
2024-09-11 09:40:00-04:00,28.100000381469727,28.100000381469727,28.05500030517578,28.060199737548828,21581,0.0,0.0
2024-09-11 09:45:00-04:00,28.06999969482422,28.084999084472656,28.030000686645508,28.06999969482422,12632,0.0,0.0
2024-09-11 09:50:00-04:00,28.065000534057617,28.065000534057617,27.959999084472656,27.959999084472656,41188,0.0,0.0
2024-09-11 09:55:00-04:00,27.959999084472656,27.959999084472656,27.889999389648438,27.899999618530273,77372,0.0,0.0
2024-09-11 10:00:00-04:00,27.899999618530273,27.90999984741211,27.80500030517578,27.809999465942383,31394,0.0,0.0
2024-09-11 10:05:00-04:00,27.80500030517578,27.844999313354492,27.780000686645508,27.844999313354492,16505,0.0,0.0
2024-09-11 10:10:00-04:00,27.84000015258789,27.860000610351562,27.795000076293945,27.809999465942383,20861,0.0,0.0
2024-09-11 10:15:00-04:00,27.80500030517578,27.829999923706055,27.790000915527344,27.81999969482422,30642,0.0,0.0
2024-09-11 10:20:00-04:00,27.81999969482422,27.8700008392334,27.78499984741211,27.829999923706055,28469,0.0,0.0
2024-09-11 10:25:00-04:00,27.834999084472656,27.850000381469727,27.809999465942383,27.81999969482422,23583,0.0,0.0
2024-09-11 10:30:00-04:00,27.81999969482422,27.81999969482422,27.665000915527344,27.68000030517578,59324,0.0,0.0
2024-09-11 10:35:00-04:00,27.684999465942383,27.700000762939453,27.604999542236328,27.610000610351562,82177,0.0,0.0
2024-09-11 10:40:00-04:00,27.6200008392334,27.639999389648438,27.594999313354492,27.635000228881836,66189,0.0,0.0
2024-09-11 10:45:00-04:00,27.635000228881836,27.635000228881836,27.59000015258789,27.600000381469727,21555,0.0,0.0
2024-09-11 10:50:00-04:00,27.600000381469727,27.65999984741211,27.600000381469727,27.649999618530273,95825,0.0,0.0
2024-09-11 10:55:00-04:00,27.649999618530273,27.690000534057617,27.6200008392334,27.684999465942383,71814,0.0,0.0
2024-09-11 11:00:00-04:00,27.690000534057617,27.760000228881836,27.684999465942383,27.7549991607666,22064,0.0,0.0
2024-09-11 11:05:00-04:00,27.75,27.809999465942383,27.7450008392334,27.764999389648438,31022,0.0,0.0
2024-09-11 11:10:00-04:00,27.770000457763672,27.899999618530273,27.770000457763672,27.899999618530273,27695,0.0,0.0
2024-09-11 11:15:00-04:00,27.899999618530273,27.93000030517578,27.8799991607666,27.889999389648438,25395,0.0,0.0
2024-09-11 11:20:00-04:00,27.899999618530273,27.920000076293945,27.8700008392334,27.889999389648438,15412,0.0,0.0
2024-09-11 11:25:00-04:00,27.899999618530273,27.915000915527344,27.8799991607666,27.889999389648438,223683,0.0,0.0
2024-09-11 11:30:00-04:00,27.889999389648438,27.920000076293945,27.889999389648438,27.889999389648438,100594,0.0,0.0
2024-09-11 11:35:00-04:00,27.895000457763672,27.924999237060547,27.850000381469727,27.920000076293945,111719,0.0,0.0
2024-09-11 11:40:00-04:00,27.90999984741211,27.959999084472656,27.90999984741211,27.954999923706055,15775,0.0,0.0
2024-09-11 11:45:00-04:00,27.959999084472656,27.959999084472656,27.920000076293945,27.940000534057617,8578,0.0,0.0
2024-09-11 11:50:00-04:00,27.940000534057617,27.969999313354492,27.934999465942383,27.949800491333008,7660,0.0,0.0
2024-09-11 11:55:00-04:00,27.940000534057617,27.94499969482422,27.889999389648438,27.93000030517578,6943,0.0,0.0
2024-09-11 12:00:00-04:00,27.93000030517578,27.950000762939453,27.90999984741211,27.950000762939453,9311,0.0,0.0
2024-09-11 12:05:00-04:00,27.950000762939453,27.979999542236328,27.950000762939453,27.969999313354492,4907,0.0,0.0
2024-09-11 12:10:00-04:00,27.979999542236328,28.0,27.979999542236328,28.0,8045,0.0,0.0
2024-09-11 12:15:00-04:00,28.0,28.0,27.979999542236328,27.9950008392334,4640,0.0,0.0
2024-09-11 12:20:00-04:00,28.0,28.0,27.985000610351562,27.989999771118164,5028,0.0,0.0
2024-09-11 12:25:00-04:00,27.989999771118164,27.989999771118164,27.969999313354492,27.969999313354492,5492,0.0,0.0
2024-09-11 12:30:00-04:00,27.979999542236328,28.020000457763672,27.979999542236328,28.020000457763672,6807,0.0,0.0
2024-09-11 12:35:00-04:00,28.020000457763672,28.040000915527344,28.020000457763672,28.040000915527344,3231,0.0,0.0
2024-09-11 12:40:00-04:00,28.049999237060547,28.06999969482422,28.049999237060547,28.059999465942383,3451,0.0,0.0
2024-09-11 12:45:00-04:00,28.065000534057617,28.110000610351562,28.065000534057617,28.110000610351562,3272,0.0,0.0
2024-09-11 12:50:00-04:00,28.104999542236328,28.125,28.09000015258789,28.100000381469727,12988,0.0,0.0
2024-09-11 12:55:00-04:00,28.100000381469727,28.100000381469727,28.05500030517578,28.05500030517578,3388,0.0,0.0
2024-09-11 13:00:00-04:00,28.059999465942383,28.09000015258789,28.059999465942383,28.09000015258789,4328,0.0,0.0
2024-09-11 13:05:00-04:00,28.079999923706055,28.100000381469727,28.079999923706055,28.09000015258789,6426,0.0,0.0
2024-09-11 13:10:00-04:00,28.09000015258789,28.110000610351562,28.09000015258789,28.110000610351562,5449,0.0,0.0
2024-09-11 13:15:00-04:00,28.110000610351562,28.114999771118164,28.075000762939453,28.075000762939453,27922,0.0,0.0
2024-09-11 13:20:00-04:00,28.06999969482422,28.06999969482422,28.03499984741211,28.03499984741211,14396,0.0,0.0
2024-09-11 13:25:00-04:00,28.040000915527344,28.049999237060547,28.024999618530273,28.030000686645508,11144,0.0,0.0
2024-09-11 13:30:00-04:00,28.030000686645508,28.079999923706055,28.030000686645508,28.079999923706055,7301,0.0,0.0
2024-09-11 13:35:00-04:00,28.079999923706055,28.09000015258789,28.06999969482422,28.09000015258789,6058,0.0,0.0
2024-09-11 13:40:00-04:00,28.100000381469727,28.110000610351562,28.100000381469727,28.110000610351562,4923,0.0,0.0
2024-09-11 13:45:00-04:00,28.104999542236328,28.125,28.100000381469727,28.104999542236328,10684,0.0,0.0
2024-09-11 13:50:00-04:00,28.104999542236328,28.104999542236328,28.040000915527344,28.040000915527344,9547,0.0,0.0
2024-09-11 13:55:00-04:00,28.040000915527344,28.05500030517578,28.024999618530273,28.049999237060547,8602,0.0,0.0
2024-09-11 14:00:00-04:00,28.040000915527344,28.05500030517578,28.03499984741211,28.03499984741211,20250,0.0,0.0
2024-09-11 14:05:00-04:00,28.03499984741211,28.094999313354492,28.030000686645508,28.094999313354492,7670,0.0,0.0
2024-09-11 14:10:00-04:00,28.094999313354492,28.100000381469727,28.059999465942383,28.059999465942383,5129,0.0,0.0
2024-09-11 14:15:00-04:00,28.06999969482422,28.110000610351562,28.06999969482422,28.110000610351562,6807,0.0,0.0
2024-09-11 14:20:00-04:00,28.110000610351562,28.125,28.110000610351562,28.114999771118164,13232,0.0,0.0
2024-09-11 14:25:00-04:00,28.114999771118164,28.125,28.100000381469727,28.100000381469727,23630,0.0,0.0
2024-09-11 14:30:00-04:00,28.104999542236328,28.125,28.100000381469727,28.1200008392334,34801,0.0,0.0
2024-09-11 14:35:00-04:00,28.114999771118164,28.149999618530273,28.104999542236328,28.145000457763672,42680,0.0,0.0
2024-09-11 14:40:00-04:00,28.149999618530273,28.184999465942383,28.149999618530273,28.184999465942383,44494,0.0,0.0
2024-09-11 14:45:00-04:00,28.18000030517578,28.189899444580078,28.165000915527344,28.170000076293945,10298,0.0,0.0
2024-09-11 14:50:00-04:00,28.165000915527344,28.170000076293945,28.155000686645508,28.155000686645508,9899,0.0,0.0
2024-09-11 14:55:00-04:00,28.155000686645508,28.170000076293945,28.149999618530273,28.15999984741211,7090,0.0,0.0
2024-09-11 15:00:00-04:00,28.149999618530273,28.170000076293945,28.145000457763672,28.155000686645508,11632,0.0,0.0
2024-09-11 15:05:00-04:00,28.155000686645508,28.190000534057617,28.155000686645508,28.18000030517578,17573,0.0,0.0
2024-09-11 15:10:00-04:00,28.18000030517578,28.190000534057617,28.170000076293945,28.184999465942383,8197,0.0,0.0
2024-09-11 15:15:00-04:00,28.184999465942383,28.200000762939453,28.170000076293945,28.174999237060547,17943,0.0,0.0
2024-09-11 15:20:00-04:00,28.174999237060547,28.21500015258789,28.174999237060547,28.21500015258789,20813,0.0,0.0
2024-09-11 15:25:00-04:00,28.21500015258789,28.229999542236328,28.209999084472656,28.225000381469727,17386,0.0,0.0
2024-09-11 15:30:00-04:00,28.229999542236328,28.239999771118164,28.209999084472656,28.229999542236328,21776,0.0,0.0
2024-09-11 15:35:00-04:00,28.235000610351562,28.239999771118164,28.204999923706055,28.204999923706055,14849,0.0,0.0
2024-09-11 15:40:00-04:00,28.209999084472656,28.209999084472656,28.15999984741211,28.18000030517578,16002,0.0,0.0
2024-09-11 15:45:00-04:00,28.18000030517578,28.190000534057617,28.15999984741211,28.190000534057617,29731,0.0,0.0
2024-09-11 15:50:00-04:00,28.184999465942383,28.184999465942383,28.1299991607666,28.135000228881836,53748,0.0,0.0
2024-09-11 15:55:00-04:00,28.139999389648438,28.209999084472656,28.139999389648438,28.209999084472656,165451,0.0,0.0
2024-09-12 09:30:00-04:00,28.170000076293945,28.270000457763672,28.170000076293945,28.260000228881836,37211,0.0,0.0
2024-09-12 09:35:00-04:00,28.25,28.295000076293945,28.229999542236328,28.280000686645508,6399,0.0,0.0
2024-09-12 09:40:00-04:00,28.290000915527344,28.31999969482422,28.260000228881836,28.309999465942383,13534,0.0,0.0
2024-09-12 09:45:00-04:00,28.309999465942383,28.31999969482422,28.149999618530273,28.149999618530273,20367,0.0,0.0
2024-09-12 09:50:00-04:00,28.170000076293945,28.18000030517578,28.1299991607666,28.18000030517578,12970,0.0,0.0
2024-09-12 09:55:00-04:00,28.170499801635742,28.190000534057617,28.110000610351562,28.110000610351562,5329,0.0,0.0
2024-09-12 10:00:00-04:00,28.110000610351562,28.110000610351562,28.06999969482422,28.06999969482422,17713,0.0,0.0
2024-09-12 10:05:00-04:00,28.069900512695312,28.200000762939453,28.069900512695312,28.19499969482422,11200,0.0,0.0
2024-09-12 10:10:00-04:00,28.200000762939453,28.260000228881836,28.184999465942383,28.2450008392334,9866,0.0,0.0
2024-09-12 10:15:00-04:00,28.239999771118164,28.290000915527344,28.239999771118164,28.2549991607666,57036,0.0,0.0
2024-09-12 10:20:00-04:00,28.2549991607666,28.299999237060547,28.2450008392334,28.25,19934,0.0,0.0
2024-09-12 10:25:00-04:00,28.2450008392334,28.28499984741211,28.209999084472656,28.239999771118164,47255,0.0,0.0
2024-09-12 10:30:00-04:00,28.239999771118164,28.25,28.204999923706055,28.209999084472656,23177,0.0,0.0
2024-09-12 10:35:00-04:00,28.200000762939453,28.209999084472656,28.170000076293945,28.200000762939453,21129,0.0,0.0
2024-09-12 10:40:00-04:00,28.200000762939453,28.235000610351562,28.200000762939453,28.235000610351562,11742,0.0,0.0
2024-09-12 10:45:00-04:00,28.239999771118164,28.270000457763672,28.235000610351562,28.264999389648438,17131,0.0,0.0
2024-09-12 10:50:00-04:00,28.264999389648438,28.270000457763672,28.229999542236328,28.25,41472,0.0,0.0
2024-09-12 10:55:00-04:00,28.2450008392334,28.280000686645508,28.2450008392334,28.2450008392334,19065,0.0,0.0
2024-09-12 11:00:00-04:00,28.2450008392334,28.264999389648438,28.239999771118164,28.2549991607666,21203,0.0,0.0
2024-09-12 11:05:00-04:00,28.260000228881836,28.28499984741211,28.2549991607666,28.264999389648438,34256,0.0,0.0
2024-09-12 11:10:00-04:00,28.270000457763672,28.30500030517578,28.270000457763672,28.28499984741211,24022,0.0,0.0
2024-09-12 11:15:00-04:00,28.290000915527344,28.309999465942383,28.264999389648438,28.270000457763672,54967,0.0,0.0
2024-09-12 11:20:00-04:00,28.270000457763672,28.3799991607666,28.264999389648438,28.34000015258789,177074,0.0,0.0
2024-09-12 11:25:00-04:00,28.350000381469727,28.395000457763672,28.34000015258789,28.3799991607666,35245,0.0,0.0
2024-09-12 11:30:00-04:00,28.360000610351562,28.450000762939453,28.354999542236328,28.450000762939453,35869,0.0,0.0
2024-09-12 11:35:00-04:00,28.450000762939453,28.469999313354492,28.389999389648438,28.415000915527344,23739,0.0,0.0
2024-09-12 11:40:00-04:00,28.40999984741211,28.415000915527344,28.360000610351562,28.375,48144,0.0,0.0
2024-09-12 11:45:00-04:00,28.3799991607666,28.385000228881836,28.360000610351562,28.385000228881836,10091,0.0,0.0
2024-09-12 11:50:00-04:00,28.3799991607666,28.3799991607666,28.350000381469727,28.350000381469727,9337,0.0,0.0
2024-09-12 11:55:00-04:00,28.350000381469727,28.350000381469727,28.329999923706055,28.34000015258789,10376,0.0,0.0
2024-09-12 12:00:00-04:00,28.329999923706055,28.364999771118164,28.325000762939453,28.364999771118164,10021,0.0,0.0
2024-09-12 12:05:00-04:00,28.364999771118164,28.364999771118164,28.354999542236328,28.364999771118164,2502,0.0,0.0
2024-09-12 12:10:00-04:00,28.364999771118164,28.395000457763672,28.364999771118164,28.395000457763672,7314,0.0,0.0
2024-09-12 12:15:00-04:00,28.399999618530273,28.424999237060547,28.399999618530273,28.424999237060547,4376,0.0,0.0
2024-09-12 12:20:00-04:00,28.43000030517578,28.44499969482422,28.420000076293945,28.420000076293945,13237,0.0,0.0
2024-09-12 12:25:00-04:00,28.420000076293945,28.420000076293945,28.389999389648438,28.389999389648438,4409,0.0,0.0
2024-09-12 12:30:00-04:00,28.389999389648438,28.399999618530273,28.3799991607666,28.399999618530273,6370,0.0,0.0
2024-09-12 12:35:00-04:00,28.399999618530273,28.415000915527344,28.385000228881836,28.399999618530273,8701,0.0,0.0
2024-09-12 12:40:00-04:00,28.389999389648438,28.415000915527344,28.385000228881836,28.415000915527344,7718,0.0,0.0
2024-09-12 12:45:00-04:00,28.420000076293945,28.44499969482422,28.405000686645508,28.44499969482422,6888,0.0,0.0
2024-09-12 12:50:00-04:00,28.440000534057617,28.479999542236328,28.434999465942383,28.459999084472656,12153,0.0,0.0
2024-09-12 12:55:00-04:00,28.46500015258789,28.485000610351562,28.454999923706055,28.479999542236328,8848,0.0,0.0
2024-09-12 13:00:00-04:00,28.475000381469727,28.5049991607666,28.475000381469727,28.5,10831,0.0,0.0
2024-09-12 13:05:00-04:00,28.489999771118164,28.489999771118164,28.46500015258789,28.46500015258789,5727,0.0,0.0
2024-09-12 13:10:00-04:00,28.469999313354492,28.469999313354492,28.454999923706055,28.46500015258789,5312,0.0,0.0
2024-09-12 13:15:00-04:00,28.469999313354492,28.485000610351562,28.46500015258789,28.46500015258789,12926,0.0,0.0
2024-09-12 13:20:00-04:00,28.459999084472656,28.46500015258789,28.450000762939453,28.459999084472656,5847,0.0,0.0
2024-09-12 13:25:00-04:00,28.469999313354492,28.475000381469727,28.46500015258789,28.475000381469727,2403,0.0,0.0
2024-09-12 13:30:00-04:00,28.475000381469727,28.510000228881836,28.475000381469727,28.5,8261,0.0,0.0
2024-09-12 13:35:00-04:00,28.5049991607666,28.510000228881836,28.4950008392334,28.5,3071,0.0,0.0
2024-09-12 13:40:00-04:00,28.4950008392334,28.510000228881836,28.489999771118164,28.489999771118164,11709,0.0,0.0
2024-09-12 13:45:00-04:00,28.489999771118164,28.5,28.469999313354492,28.469999313354492,4685,0.0,0.0
2024-09-12 13:50:00-04:00,28.469999313354492,28.479999542236328,28.459999084472656,28.459999084472656,2700,0.0,0.0
2024-09-12 13:55:00-04:00,28.459999084472656,28.475000381469727,28.459999084472656,28.475000381469727,8342,0.0,0.0
2024-09-12 14:00:00-04:00,28.475000381469727,28.5,28.475000381469727,28.4950008392334,5454,0.0,0.0
2024-09-12 14:05:00-04:00,28.489999771118164,28.489999771118164,28.440000534057617,28.440000534057617,11312,0.0,0.0
2024-09-12 14:10:00-04:00,28.440000534057617,28.485000610351562,28.440000534057617,28.485000610351562,6537,0.0,0.0
2024-09-12 14:15:00-04:00,28.485000610351562,28.4950008392334,28.479999542236328,28.485000610351562,8939,0.0,0.0
2024-09-12 14:20:00-04:00,28.479999542236328,28.4950008392334,28.475000381469727,28.4950008392334,9271,0.0,0.0
2024-09-12 14:25:00-04:00,28.489999771118164,28.5,28.469999313354492,28.469999313354492,5411,0.0,0.0
2024-09-12 14:30:00-04:00,28.479999542236328,28.479999542236328,28.450000762939453,28.46500015258789,8479,0.0,0.0
2024-09-12 14:35:00-04:00,28.46500015258789,28.46500015258789,28.44499969482422,28.44499969482422,8313,0.0,0.0
2024-09-12 14:40:00-04:00,28.450000762939453,28.459999084472656,28.440000534057617,28.44499969482422,21807,0.0,0.0
2024-09-12 14:45:00-04:00,28.44499969482422,28.44499969482422,28.43000030517578,28.440000534057617,8725,0.0,0.0
2024-09-12 14:50:00-04:00,28.420000076293945,28.420000076293945,28.354999542236328,28.375,13256,0.0,0.0
2024-09-12 14:55:00-04:00,28.3799991607666,28.385000228881836,28.309999465942383,28.334999084472656,56266,0.0,0.0
2024-09-12 15:00:00-04:00,28.334999084472656,28.344999313354492,28.295000076293945,28.315000534057617,61039,0.0,0.0
2024-09-12 15:05:00-04:00,28.315000534057617,28.364999771118164,28.315000534057617,28.350000381469727,38871,0.0,0.0
2024-09-12 15:10:00-04:00,28.350000381469727,28.364999771118164,28.344999313354492,28.360000610351562,14632,0.0,0.0
2024-09-12 15:15:00-04:00,28.360000610351562,28.360000610351562,28.34000015258789,28.350000381469727,14477,0.0,0.0
2024-09-12 15:20:00-04:00,28.344999313354492,28.364999771118164,28.31999969482422,28.350000381469727,21537,0.0,0.0
2024-09-12 15:25:00-04:00,28.350000381469727,28.3700008392334,28.344999313354492,28.364999771118164,17440,0.0,0.0
2024-09-12 15:30:00-04:00,28.364999771118164,28.375,28.350000381469727,28.354999542236328,47466,0.0,0.0
2024-09-12 15:35:00-04:00,28.360000610351562,28.3700008392334,28.34000015258789,28.364999771118164,46976,0.0,0.0
2024-09-12 15:40:00-04:00,28.364999771118164,28.3700008392334,28.334999084472656,28.334999084472656,29611,0.0,0.0
2024-09-12 15:45:00-04:00,28.334999084472656,28.350000381469727,28.309999465942383,28.309999465942383,45790,0.0,0.0
2024-09-12 15:50:00-04:00,28.309999465942383,28.325000762939453,28.264999389648438,28.270000457763672,109310,0.0,0.0
2024-09-12 15:55:00-04:00,28.274999618530273,28.350000381469727,28.274999618530273,28.350000381469727,249940,0.0,0.0
2024-09-13 09:30:00-04:00,28.559999465942383,28.600000381469727,28.530000686645508,28.59000015258789,37838,0.0,0.0
2024-09-13 09:35:00-04:00,28.610000610351562,28.639999389648438,28.56999969482422,28.56999969482422,15553,0.0,0.0
2024-09-13 09:40:00-04:00,28.559999465942383,28.59000015258789,28.524999618530273,28.549999237060547,44229,0.0,0.0
2024-09-13 09:45:00-04:00,28.545000076293945,28.579999923706055,28.545000076293945,28.56999969482422,15639,0.0,0.0
2024-09-13 09:50:00-04:00,28.575000762939453,28.579999923706055,28.53499984741211,28.559999465942383,20878,0.0,0.0
2024-09-13 09:55:00-04:00,28.55500030517578,28.575000762939453,28.52750015258789,28.540000915527344,22372,0.0,0.0
2024-09-13 10:00:00-04:00,28.530000686645508,28.549999237060547,28.420000076293945,28.424999237060547,54695,0.0,0.0
2024-09-13 10:05:00-04:00,28.424999237060547,28.450000762939453,28.405000686645508,28.440000534057617,33362,0.0,0.0
2024-09-13 10:10:00-04:00,28.44499969482422,28.489999771118164,28.44499969482422,28.479999542236328,18947,0.0,0.0
2024-09-13 10:15:00-04:00,28.475000381469727,28.5,28.46500015258789,28.485000610351562,18028,0.0,0.0
2024-09-13 10:20:00-04:00,28.5,28.56999969482422,28.489999771118164,28.565000534057617,21783,0.0,0.0
2024-09-13 10:25:00-04:00,28.565000534057617,28.56999969482422,28.5049991607666,28.510000228881836,36576,0.0,0.0
2024-09-13 10:30:00-04:00,28.514999389648438,28.545000076293945,28.485000610351562,28.53499984741211,25359,0.0,0.0
2024-09-13 10:35:00-04:00,28.530000686645508,28.559999465942383,28.524999618530273,28.559999465942383,12348,0.0,0.0
2024-09-13 10:40:00-04:00,28.565000534057617,28.579999923706055,28.53499984741211,28.56999969482422,20175,0.0,0.0
2024-09-13 10:45:00-04:00,28.559999465942383,28.565000534057617,28.524999618530273,28.549999237060547,22139,0.0,0.0
2024-09-13 10:50:00-04:00,28.549999237060547,28.549999237060547,28.520000457763672,28.524999618530273,18611,0.0,0.0
2024-09-13 10:55:00-04:00,28.524999618530273,28.55500030517578,28.514999389648438,28.524999618530273,19017,0.0,0.0
2024-09-13 11:00:00-04:00,28.524999618530273,28.530000686645508,28.420000076293945,28.43000030517578,50263,0.0,0.0
2024-09-13 11:05:00-04:00,28.424999237060547,28.440000534057617,28.389999389648438,28.395000457763672,41156,0.0,0.0
2024-09-13 11:10:00-04:00,28.395000457763672,28.405000686645508,28.3799991607666,28.389999389648438,52117,0.0,0.0
2024-09-13 11:15:00-04:00,28.385000228881836,28.420000076293945,28.385000228881836,28.420000076293945,23041,0.0,0.0
2024-09-13 11:20:00-04:00,28.415000915527344,28.469999313354492,28.399999618530273,28.459999084472656,33474,0.0,0.0
2024-09-13 11:25:00-04:00,28.459999084472656,28.469999313354492,28.440000534057617,28.454999923706055,42387,0.0,0.0
2024-09-13 11:30:00-04:00,28.459999084472656,28.459999084472656,28.420000076293945,28.43000030517578,16305,0.0,0.0
2024-09-13 11:35:00-04:00,28.43000030517578,28.44499969482422,28.420000076293945,28.424999237060547,7204,0.0,0.0
2024-09-13 11:40:00-04:00,28.424999237060547,28.434999465942383,28.405000686645508,28.424999237060547,24424,0.0,0.0
2024-09-13 11:45:00-04:00,28.424999237060547,28.43000030517578,28.399999618530273,28.405000686645508,6982,0.0,0.0
2024-09-13 11:50:00-04:00,28.405000686645508,28.454999923706055,28.405000686645508,28.434999465942383,8221,0.0,0.0
2024-09-13 11:55:00-04:00,28.434999465942383,28.450000762939453,28.424999237060547,28.424999237060547,6299,0.0,0.0
2024-09-13 12:00:00-04:00,28.424999237060547,28.43000030517578,28.375,28.385000228881836,18353,0.0,0.0
2024-09-13 12:05:00-04:00,28.3799991607666,28.424999237060547,28.3799991607666,28.424999237060547,13002,0.0,0.0
2024-09-13 12:10:00-04:00,28.420000076293945,28.420000076293945,28.354999542236328,28.354999542236328,9553,0.0,0.0
2024-09-13 12:15:00-04:00,28.3700008392334,28.389999389648438,28.364999771118164,28.385000228881836,8263,0.0,0.0
2024-09-13 12:20:00-04:00,28.395000457763672,28.395000457763672,28.3700008392334,28.3700008392334,8536,0.0,0.0
2024-09-13 12:25:00-04:00,28.3700008392334,28.3700008392334,28.350000381469727,28.350000381469727,47192,0.0,0.0
2024-09-13 12:30:00-04:00,28.329999923706055,28.34000015258789,28.325000762939453,28.325000762939453,3704,0.0,0.0
2024-09-13 12:35:00-04:00,28.329999923706055,28.329999923706055,28.299999237060547,28.299999237060547,4864,0.0,0.0
2024-09-13 12:40:00-04:00,28.295000076293945,28.309999465942383,28.295000076293945,28.30500030517578,8405,0.0,0.0
2024-09-13 12:45:00-04:00,28.30500030517578,28.309999465942383,28.28499984741211,28.295000076293945,10352,0.0,0.0
2024-09-13 12:50:00-04:00,28.290700912475586,28.295000076293945,28.280000686645508,28.280000686645508,22963,0.0,0.0
2024-09-13 12:55:00-04:00,28.28499984741211,28.290000915527344,28.260000228881836,28.280000686645508,8436,0.0,0.0
2024-09-13 13:00:00-04:00,28.270000457763672,28.280000686645508,28.260000228881836,28.264999389648438,11356,0.0,0.0
2024-09-13 13:05:00-04:00,28.270000457763672,28.280000686645508,28.25,28.274999618530273,14356,0.0,0.0
2024-09-13 13:10:00-04:00,28.280000686645508,28.299999237060547,28.274999618530273,28.295000076293945,8285,0.0,0.0
2024-09-13 13:15:00-04:00,28.290000915527344,28.295000076293945,28.280000686645508,28.28499984741211,7103,0.0,0.0
2024-09-13 13:20:00-04:00,28.28499984741211,28.290000915527344,28.260000228881836,28.264999389648438,19321,0.0,0.0
2024-09-13 13:25:00-04:00,28.264999389648438,28.290000915527344,28.264999389648438,28.264999389648438,6920,0.0,0.0
2024-09-13 13:30:00-04:00,28.264999389648438,28.280000686645508,28.264999389648438,28.274999618530273,8160,0.0,0.0
2024-09-13 13:35:00-04:00,28.274999618530273,28.30500030517578,28.270000457763672,28.299999237060547,14378,0.0,0.0
2024-09-13 13:40:00-04:00,28.299999237060547,28.309999465942383,28.290000915527344,28.295000076293945,5633,0.0,0.0
2024-09-13 13:45:00-04:00,28.290000915527344,28.295000076293945,28.270000457763672,28.274999618530273,8875,0.0,0.0
2024-09-13 13:50:00-04:00,28.274999618530273,28.280000686645508,28.2549991607666,28.2549991607666,8739,0.0,0.0
2024-09-13 13:55:00-04:00,28.2549991607666,28.260000228881836,28.239999771118164,28.239999771118164,8448,0.0,0.0
2024-09-13 14:00:00-04:00,28.2450008392334,28.2450008392334,28.19499969482422,28.19499969482422,34103,0.0,0.0
2024-09-13 14:05:00-04:00,28.19499969482422,28.270000457763672,28.19499969482422,28.264999389648438,12115,0.0,0.0
2024-09-13 14:10:00-04:00,28.264999389648438,28.280000686645508,28.25,28.270000457763672,21620,0.0,0.0
2024-09-13 14:15:00-04:00,28.274999618530273,28.290000915527344,28.2549991607666,28.260000228881836,10712,0.0,0.0
2024-09-13 14:20:00-04:00,28.260000228881836,28.260000228881836,28.219999313354492,28.219999313354492,12527,0.0,0.0
2024-09-13 14:25:00-04:00,28.219999313354492,28.225000381469727,28.209999084472656,28.21500015258789,10047,0.0,0.0
2024-09-13 14:30:00-04:00,28.209999084472656,28.229999542236328,28.209999084472656,28.225000381469727,9786,0.0,0.0
2024-09-13 14:35:00-04:00,28.225000381469727,28.25,28.225000381469727,28.235000610351562,13352,0.0,0.0
2024-09-13 14:40:00-04:00,28.229999542236328,28.235000610351562,28.219999313354492,28.225000381469727,12663,0.0,0.0
2024-09-13 14:45:00-04:00,28.225000381469727,28.229999542236328,28.19499969482422,28.200000762939453,14924,0.0,0.0
2024-09-13 14:50:00-04:00,28.200000762939453,28.204999923706055,28.174999237060547,28.19499969482422,13967,0.0,0.0
2024-09-13 14:55:00-04:00,28.19499969482422,28.209999084472656,28.19499969482422,28.204999923706055,8047,0.0,0.0
2024-09-13 15:00:00-04:00,28.200000762939453,28.219999313354492,28.200000762939453,28.200000762939453,9718,0.0,0.0
2024-09-13 15:05:00-04:00,28.204999923706055,28.209999084472656,28.200000762939453,28.204999923706055,10959,0.0,0.0
2024-09-13 15:10:00-04:00,28.209999084472656,28.235000610351562,28.204999923706055,28.229999542236328,16473,0.0,0.0
2024-09-13 15:15:00-04:00,28.225000381469727,28.2549991607666,28.225000381469727,28.2450008392334,10388,0.0,0.0
2024-09-13 15:20:00-04:00,28.2450008392334,28.25,28.239999771118164,28.2450008392334,5398,0.0,0.0
2024-09-13 15:25:00-04:00,28.25,28.260000228881836,28.2450008392334,28.2549991607666,11530,0.0,0.0
2024-09-13 15:30:00-04:00,28.2549991607666,28.280000686645508,28.239999771118164,28.280000686645508,23507,0.0,0.0
2024-09-13 15:35:00-04:00,28.274999618530273,28.28499984741211,28.2549991607666,28.2549991607666,27756,0.0,0.0
2024-09-13 15:40:00-04:00,28.2549991607666,28.290000915527344,28.25,28.280000686645508,38613,0.0,0.0
2024-09-13 15:45:00-04:00,28.274999618530273,28.280000686645508,28.260000228881836,28.260000228881836,25999,0.0,0.0
2024-09-13 15:50:00-04:00,28.260000228881836,28.274999618530273,28.229999542236328,28.270000457763672,74302,0.0,0.0
2024-09-13 15:55:00-04:00,28.270000457763672,28.309999465942383,28.260000228881836,28.309999465942383,156000,0.0,0.0
2024-09-16 09:30:00-04:00,28.610000610351562,28.68000030517578,28.510000228881836,28.56999969482422,65424,0.0,0.0
2024-09-16 09:35:00-04:00,28.559999465942383,28.559999465942383,28.440000534057617,28.5,14200,0.0,0.0
2024-09-16 09:40:00-04:00,28.479999542236328,28.479999542236328,28.375,28.3799991607666,27423,0.0,0.0
2024-09-16 09:45:00-04:00,28.350000381469727,28.350000381469727,28.309999465942383,28.34000015258789,12769,0.0,0.0
2024-09-16 09:50:00-04:00,28.34000015258789,28.440000534057617,28.329999923706055,28.440000534057617,13292,0.0,0.0
2024-09-16 09:55:00-04:00,28.440000534057617,28.540000915527344,28.440000534057617,28.540000915527344,13018,0.0,0.0
2024-09-16 10:00:00-04:00,28.540000915527344,28.559999465942383,28.450000762939453,28.489999771118164,17347,0.0,0.0
2024-09-16 10:05:00-04:00,28.5,28.548900604248047,28.485000610351562,28.53499984741211,9035,0.0,0.0
2024-09-16 10:10:00-04:00,28.530000686645508,28.56999969482422,28.520000457763672,28.549999237060547,10126,0.0,0.0
2024-09-16 10:15:00-04:00,28.540000915527344,28.559999465942383,28.520000457763672,28.540000915527344,8932,0.0,0.0
2024-09-16 10:20:00-04:00,28.549999237060547,28.55500030517578,28.489999771118164,28.489999771118164,8631,0.0,0.0
2024-09-16 10:25:00-04:00,28.4950008392334,28.530000686645508,28.4950008392334,28.520000457763672,7599,0.0,0.0
2024-09-16 10:30:00-04:00,28.520000457763672,28.520000457763672,28.434999465942383,28.450000762939453,17005,0.0,0.0
2024-09-16 10:35:00-04:00,28.459999084472656,28.479999542236328,28.450000762939453,28.459999084472656,13460,0.0,0.0
2024-09-16 10:40:00-04:00,28.459999084472656,28.46500015258789,28.44499969482422,28.459999084472656,5360,0.0,0.0
2024-09-16 10:45:00-04:00,28.450000762939453,28.459999084472656,28.434999465942383,28.459999084472656,5438,0.0,0.0
2024-09-16 10:50:00-04:00,28.459999084472656,28.469999313354492,28.44499969482422,28.44499969482422,7714,0.0,0.0
2024-09-16 10:55:00-04:00,28.450000762939453,28.479999542236328,28.450000762939453,28.459999084472656,6735,0.0,0.0
2024-09-16 11:00:00-04:00,28.459999084472656,28.479999542236328,28.450000762939453,28.46500015258789,7545,0.0,0.0
2024-09-16 11:05:00-04:00,28.469999313354492,28.5049991607666,28.440000534057617,28.5,11592,0.0,0.0
2024-09-16 11:10:00-04:00,28.5049991607666,28.520000457763672,28.4950008392334,28.4950008392334,6537,0.0,0.0
2024-09-16 11:15:00-04:00,28.5,28.514999389648438,28.479999542236328,28.479999542236328,7252,0.0,0.0
2024-09-16 11:20:00-04:00,28.489999771118164,28.510000228881836,28.479999542236328,28.485000610351562,13927,0.0,0.0
2024-09-16 11:25:00-04:00,28.489999771118164,28.5,28.44499969482422,28.454999923706055,10576,0.0,0.0
2024-09-16 11:30:00-04:00,28.454999923706055,28.479999542236328,28.450000762939453,28.46500015258789,7901,0.0,0.0
2024-09-16 11:35:00-04:00,28.46500015258789,28.479999542236328,28.454999923706055,28.479999542236328,4274,0.0,0.0
2024-09-16 11:40:00-04:00,28.479999542236328,28.489999771118164,28.479999542236328,28.489999771118164,2726,0.0,0.0
2024-09-16 11:45:00-04:00,28.489999771118164,28.510000228881836,28.489999771118164,28.5049991607666,3024,0.0,0.0
2024-09-16 11:50:00-04:00,28.510000228881836,28.545000076293945,28.510000228881836,28.545000076293945,1664,0.0,0.0
2024-09-16 11:55:00-04:00,28.545000076293945,28.549999237060547,28.4950008392334,28.5,16507,0.0,0.0
2024-09-16 12:00:00-04:00,28.5,28.5049991607666,28.489999771118164,28.489999771118164,2876,0.0,0.0
2024-09-16 12:05:00-04:00,28.479999542236328,28.479999542236328,28.46500015258789,28.475000381469727,2281,0.0,0.0
2024-09-16 12:10:00-04:00,28.469999313354492,28.469999313354492,28.434999465942383,28.44499969482422,2962,0.0,0.0
2024-09-16 12:15:00-04:00,28.44499969482422,28.44499969482422,28.434999465942383,28.44499969482422,2615,0.0,0.0
2024-09-16 12:20:00-04:00,28.450000762939453,28.46500015258789,28.440000534057617,28.44499969482422,7682,0.0,0.0
2024-09-16 12:25:00-04:00,28.44499969482422,28.454999923706055,28.44499969482422,28.454999923706055,4294,0.0,0.0
2024-09-16 12:30:00-04:00,28.44499969482422,28.44499969482422,28.43000030517578,28.434999465942383,6774,0.0,0.0
2024-09-16 12:35:00-04:00,28.434999465942383,28.450000762939453,28.43000030517578,28.450000762939453,5315,0.0,0.0
2024-09-16 12:40:00-04:00,28.450000762939453,28.469999313354492,28.450000762939453,28.454999923706055,3976,0.0,0.0
2024-09-16 12:45:00-04:00,28.459999084472656,28.479999542236328,28.454999923706055,28.479999542236328,5676,0.0,0.0
2024-09-16 12:50:00-04:00,28.475000381469727,28.4950008392334,28.475000381469727,28.489999771118164,3840,0.0,0.0
2024-09-16 12:55:00-04:00,28.4950008392334,28.4950008392334,28.479999542236328,28.489999771118164,2979,0.0,0.0
2024-09-16 13:00:00-04:00,28.489999771118164,28.5049991607666,28.489999771118164,28.5049991607666,2238,0.0,0.0
2024-09-16 13:05:00-04:00,28.5049991607666,28.524999618530273,28.5049991607666,28.524999618530273,3267,0.0,0.0
2024-09-16 13:10:00-04:00,28.524999618530273,28.530000686645508,28.514999389648438,28.524999618530273,3674,0.0,0.0
2024-09-16 13:15:00-04:00,28.524999618530273,28.53499984741211,28.524999618530273,28.53499984741211,2530,0.0,0.0
2024-09-16 13:20:00-04:00,28.540000915527344,28.549999237060547,28.520000457763672,28.540000915527344,16883,0.0,0.0
2024-09-16 13:25:00-04:00,28.53499984741211,28.53499984741211,28.5049991607666,28.5049991607666,4494,0.0,0.0
2024-09-16 13:30:00-04:00,28.5,28.5049991607666,28.489999771118164,28.489999771118164,3915,0.0,0.0
2024-09-16 13:35:00-04:00,28.4950008392334,28.524999618530273,28.4950008392334,28.524999618530273,4692,0.0,0.0
2024-09-16 13:40:00-04:00,28.520000457763672,28.520000457763672,28.514999389648438,28.517499923706055,2895,0.0,0.0
2024-09-16 13:45:00-04:00,28.510000228881836,28.520000457763672,28.5049991607666,28.520000457763672,2693,0.0,0.0
2024-09-16 13:50:00-04:00,28.520000457763672,28.545000076293945,28.520000457763672,28.53499984741211,5933,0.0,0.0
2024-09-16 13:55:00-04:00,28.540000915527344,28.545000076293945,28.530000686645508,28.545000076293945,2667,0.0,0.0
2024-09-16 14:00:00-04:00,28.54050064086914,28.545000076293945,28.540000915527344,28.545000076293945,3008,0.0,0.0
2024-09-16 14:05:00-04:00,28.545000076293945,28.559999465942383,28.540000915527344,28.55500030517578,9806,0.0,0.0
2024-09-16 14:10:00-04:00,28.55500030517578,28.559999465942383,28.524999618530273,28.545000076293945,10068,0.0,0.0
2024-09-16 14:15:00-04:00,28.540000915527344,28.540000915527344,28.510099411010742,28.510099411010742,4621,0.0,0.0
2024-09-16 14:20:00-04:00,28.514999389648438,28.524999618530273,28.5049991607666,28.5049991607666,12354,0.0,0.0
2024-09-16 14:25:00-04:00,28.5049991607666,28.514999389648438,28.5,28.5049991607666,7615,0.0,0.0
2024-09-16 14:30:00-04:00,28.510000228881836,28.545000076293945,28.510000228881836,28.540000915527344,12425,0.0,0.0
2024-09-16 14:35:00-04:00,28.53499984741211,28.545000076293945,28.53499984741211,28.545000076293945,7408,0.0,0.0
2024-09-16 14:40:00-04:00,28.540000915527344,28.545000076293945,28.53499984741211,28.540000915527344,4204,0.0,0.0
2024-09-16 14:45:00-04:00,28.540000915527344,28.540000915527344,28.524999618530273,28.53499984741211,4455,0.0,0.0
2024-09-16 14:50:00-04:00,28.53499984741211,28.53499984741211,28.514999389648438,28.514999389648438,4566,0.0,0.0
2024-09-16 14:55:00-04:00,28.520000457763672,28.549999237060547,28.514999389648438,28.549999237060547,15153,0.0,0.0
2024-09-16 15:00:00-04:00,28.549999237060547,28.55500030517578,28.540000915527344,28.540000915527344,13094,0.0,0.0
2024-09-16 15:05:00-04:00,28.540000915527344,28.549999237060547,28.53499984741211,28.545000076293945,8785,0.0,0.0
2024-09-16 15:10:00-04:00,28.54949951171875,28.55500030517578,28.545000076293945,28.545000076293945,12436,0.0,0.0
2024-09-16 15:15:00-04:00,28.545000076293945,28.56999969482422,28.545000076293945,28.56999969482422,13518,0.0,0.0
2024-09-16 15:20:00-04:00,28.559999465942383,28.584999084472656,28.549999237060547,28.584999084472656,6498,0.0,0.0
2024-09-16 15:25:00-04:00,28.579999923706055,28.6200008392334,28.579999923706055,28.6200008392334,5996,0.0,0.0
2024-09-16 15:30:00-04:00,28.614999771118164,28.690000534057617,28.614999771118164,28.665000915527344,25790,0.0,0.0
2024-09-16 15:35:00-04:00,28.665000915527344,28.690000534057617,28.655000686645508,28.684999465942383,25269,0.0,0.0
2024-09-16 15:40:00-04:00,28.690000534057617,28.709999084472656,28.690000534057617,28.704999923706055,28017,0.0,0.0
2024-09-16 15:45:00-04:00,28.709999084472656,28.7549991607666,28.709999084472656,28.719999313354492,55021,0.0,0.0
2024-09-16 15:50:00-04:00,28.729999542236328,28.7450008392334,28.670000076293945,28.729999542236328,69995,0.0,0.0
2024-09-16 15:55:00-04:00,28.735000610351562,28.75,28.709999084472656,28.729999542236328,161705,0.0,0.0
2024-09-17 09:30:00-04:00,28.8799991607666,28.940000534057617,28.84000015258789,28.940000534057617,50591,0.0,0.0
2024-09-17 09:35:00-04:00,28.940000534057617,29.110000610351562,28.940000534057617,29.104999542236328,11107,0.0,0.0
2024-09-17 09:40:00-04:00,29.100000381469727,29.139999389648438,29.071199417114258,29.139999389648438,22012,0.0,0.0
2024-09-17 09:45:00-04:00,29.18000030517578,29.190000534057617,29.149999618530273,29.170000076293945,11691,0.0,0.0
2024-09-17 09:50:00-04:00,29.170000076293945,29.200000762939453,29.1299991607666,29.135000228881836,10289,0.0,0.0
2024-09-17 09:55:00-04:00,29.139999389648438,29.170000076293945,29.084999084472656,29.100000381469727,13200,0.0,0.0
2024-09-17 10:00:00-04:00,29.1299991607666,29.135000228881836,29.094999313354492,29.135000228881836,10331,0.0,0.0
2024-09-17 10:05:00-04:00,29.139999389648438,29.2549991607666,29.139999389648438,29.229999542236328,12813,0.0,0.0
2024-09-17 10:10:00-04:00,29.229999542236328,29.290000915527344,29.229999542236328,29.290000915527344,20927,0.0,0.0
2024-09-17 10:15:00-04:00,29.290000915527344,29.329999923706055,29.290000915527344,29.325000762939453,39108,0.0,0.0
2024-09-17 10:20:00-04:00,29.325000762939453,29.360000610351562,29.31999969482422,29.360000610351562,28641,0.0,0.0
2024-09-17 10:25:00-04:00,29.354999542236328,29.364999771118164,29.34000015258789,29.34000015258789,23180,0.0,0.0
2024-09-17 10:30:00-04:00,29.334999084472656,29.334999084472656,29.28499984741211,29.31999969482422,12654,0.0,0.0
2024-09-17 10:35:00-04:00,29.329999923706055,29.329999923706055,29.309999465942383,29.325000762939453,8754,0.0,0.0
2024-09-17 10:40:00-04:00,29.325000762939453,29.325000762939453,29.280000686645508,29.280000686645508,11162,0.0,0.0
2024-09-17 10:45:00-04:00,29.28499984741211,29.329999923706055,29.280000686645508,29.329999923706055,13119,0.0,0.0
2024-09-17 10:50:00-04:00,29.329999923706055,29.3700008392334,29.31999969482422,29.31999969482422,21170,0.0,0.0
2024-09-17 10:55:00-04:00,29.31999969482422,29.325000762939453,29.260000228881836,29.270000457763672,11126,0.0,0.0
2024-09-17 11:00:00-04:00,29.280000686645508,29.295000076293945,29.270000457763672,29.270000457763672,20368,0.0,0.0
2024-09-17 11:05:00-04:00,29.269500732421875,29.309999465942383,29.269500732421875,29.290000915527344,26316,0.0,0.0
2024-09-17 11:10:00-04:00,29.290000915527344,29.329999923706055,29.280000686645508,29.325000762939453,20808,0.0,0.0
2024-09-17 11:15:00-04:00,29.31999969482422,29.3700008392334,29.3169002532959,29.34000015258789,18772,0.0,0.0
2024-09-17 11:20:00-04:00,29.334999084472656,29.364999771118164,29.329700469970703,29.360000610351562,19496,0.0,0.0
2024-09-17 11:25:00-04:00,29.354999542236328,29.354999542236328,29.329999923706055,29.329999923706055,7209,0.0,0.0
2024-09-17 11:30:00-04:00,29.334999084472656,29.34000015258789,29.31999969482422,29.31999969482422,7318,0.0,0.0
2024-09-17 11:35:00-04:00,29.329999923706055,29.34000015258789,29.329999923706055,29.334999084472656,7730,0.0,0.0
2024-09-17 11:40:00-04:00,29.334999084472656,29.3799991607666,29.329999923706055,29.3799991607666,13520,0.0,0.0
2024-09-17 11:45:00-04:00,29.3799991607666,29.389999389648438,29.3799991607666,29.389999389648438,2532,0.0,0.0
2024-09-17 11:50:00-04:00,29.389999389648438,29.399999618530273,29.3799991607666,29.3799991607666,12228,0.0,0.0
2024-09-17 11:55:00-04:00,29.385000228881836,29.389999389648438,29.360000610351562,29.360000610351562,4813,0.0,0.0
2024-09-17 12:00:00-04:00,29.354999542236328,29.360000610351562,29.299999237060547,29.299999237060547,31173,0.0,0.0
2024-09-17 12:05:00-04:00,29.290000915527344,29.290000915527344,29.280000686645508,29.28499984741211,3147,0.0,0.0
2024-09-17 12:10:00-04:00,29.28499984741211,29.299999237060547,29.280000686645508,29.295000076293945,6350,0.0,0.0
2024-09-17 12:15:00-04:00,29.290000915527344,29.290000915527344,29.25,29.261199951171875,18296,0.0,0.0
2024-09-17 12:20:00-04:00,29.264999389648438,29.28499984741211,29.264999389648438,29.28499984741211,7944,0.0,0.0
2024-09-17 12:25:00-04:00,29.28499984741211,29.329999923706055,29.28499984741211,29.325000762939453,8540,0.0,0.0
2024-09-17 12:30:00-04:00,29.329999923706055,29.360000610351562,29.31999969482422,29.34000015258789,32115,0.0,0.0
2024-09-17 12:35:00-04:00,29.329999923706055,29.329999923706055,29.30500030517578,29.321399688720703,5581,0.0,0.0
2024-09-17 12:40:00-04:00,29.329999923706055,29.329999923706055,29.299999237060547,29.309999465942383,7506,0.0,0.0
2024-09-17 12:45:00-04:00,29.309999465942383,29.31999969482422,29.2549991607666,29.2549991607666,6740,0.0,0.0
2024-09-17 12:50:00-04:00,29.25,29.290000915527344,29.239999771118164,29.290000915527344,7784,0.0,0.0
2024-09-17 12:55:00-04:00,29.295000076293945,29.31999969482422,29.295000076293945,29.30500030517578,8708,0.0,0.0
2024-09-17 13:00:00-04:00,29.309999465942383,29.31999969482422,29.299999237060547,29.30500030517578,7665,0.0,0.0
2024-09-17 13:05:00-04:00,29.299999237060547,29.31999969482422,29.299999237060547,29.31999969482422,9845,0.0,0.0
2024-09-17 13:10:00-04:00,29.31999969482422,29.329999923706055,29.290000915527344,29.315000534057617,11797,0.0,0.0
2024-09-17 13:15:00-04:00,29.309999465942383,29.329999923706055,29.299999237060547,29.325000762939453,2674,0.0,0.0
2024-09-17 13:20:00-04:00,29.329999923706055,29.350000381469727,29.325000762939453,29.344999313354492,5537,0.0,0.0
2024-09-17 13:25:00-04:00,29.344999313354492,29.354999542236328,29.34000015258789,29.350000381469727,9543,0.0,0.0
2024-09-17 13:30:00-04:00,29.344999313354492,29.354999542236328,29.344999313354492,29.350000381469727,11047,0.0,0.0
2024-09-17 13:35:00-04:00,29.354999542236328,29.399999618530273,29.354999542236328,29.399999618530273,15286,0.0,0.0
2024-09-17 13:40:00-04:00,29.399999618530273,29.405000686645508,29.350000381469727,29.360000610351562,14226,0.0,0.0
2024-09-17 13:45:00-04:00,29.354999542236328,29.395000457763672,29.350000381469727,29.395000457763672,18896,0.0,0.0
2024-09-17 13:50:00-04:00,29.389999389648438,29.420000076293945,29.385000228881836,29.399999618530273,16770,0.0,0.0
2024-09-17 13:55:00-04:00,29.395000457763672,29.40999984741211,29.389999389648438,29.405000686645508,6058,0.0,0.0
2024-09-17 14:00:00-04:00,29.399999618530273,29.40999984741211,29.389999389648438,29.399999618530273,10321,0.0,0.0
2024-09-17 14:05:00-04:00,29.399999618530273,29.40999984741211,29.399999618530273,29.40999984741211,10105,0.0,0.0
2024-09-17 14:10:00-04:00,29.405000686645508,29.424999237060547,29.399999618530273,29.405000686645508,16205,0.0,0.0
2024-09-17 14:15:00-04:00,29.405000686645508,29.43000030517578,29.405000686645508,29.415000915527344,12763,0.0,0.0
2024-09-17 14:20:00-04:00,29.415000915527344,29.43000030517578,29.415000915527344,29.43000030517578,9312,0.0,0.0
2024-09-17 14:25:00-04:00,29.43000030517578,29.440000534057617,29.43000030517578,29.434999465942383,14099,0.0,0.0
2024-09-17 14:30:00-04:00,29.43000030517578,29.43000030517578,29.420000076293945,29.424999237060547,8111,0.0,0.0
2024-09-17 14:35:00-04:00,29.43000030517578,29.440000534057617,29.420000076293945,29.434999465942383,8519,0.0,0.0
2024-09-17 14:40:00-04:00,29.43000030517578,29.434999465942383,29.420000076293945,29.420000076293945,10871,0.0,0.0
2024-09-17 14:45:00-04:00,29.420000076293945,29.424999237060547,29.3799991607666,29.399999618530273,11546,0.0,0.0
2024-09-17 14:50:00-04:00,29.389999389648438,29.40999984741211,29.389999389648438,29.40999984741211,8529,0.0,0.0
2024-09-17 14:55:00-04:00,29.40999984741211,29.415000915527344,29.405000686645508,29.415000915527344,8278,0.0,0.0
2024-09-17 15:00:00-04:00,29.40999984741211,29.415000915527344,29.399999618530273,29.399999618530273,6986,0.0,0.0
2024-09-17 15:05:00-04:00,29.395000457763672,29.399999618530273,29.395000457763672,29.399999618530273,5214,0.0,0.0
2024-09-17 15:10:00-04:00,29.395000457763672,29.405000686645508,29.3799991607666,29.399999618530273,18453,0.0,0.0
2024-09-17 15:15:00-04:00,29.399999618530273,29.399999618530273,29.364999771118164,29.364999771118164,12337,0.0,0.0
2024-09-17 15:20:00-04:00,29.364999771118164,29.364999771118164,29.31999969482422,29.329999923706055,12172,0.0,0.0
2024-09-17 15:25:00-04:00,29.329999923706055,29.3700008392334,29.329999923706055,29.360000610351562,17641,0.0,0.0
2024-09-17 15:30:00-04:00,29.360000610351562,29.3700008392334,29.334999084472656,29.34000015258789,19482,0.0,0.0
2024-09-17 15:35:00-04:00,29.334999084472656,29.350000381469727,29.329999923706055,29.34000015258789,15363,0.0,0.0
2024-09-17 15:40:00-04:00,29.334999084472656,29.350000381469727,29.299999237060547,29.30500030517578,19693,0.0,0.0
2024-09-17 15:45:00-04:00,29.30500030517578,29.309999465942383,29.291000366210938,29.299999237060547,39908,0.0,0.0
2024-09-17 15:50:00-04:00,29.30500030517578,29.30500030517578,29.280000686645508,29.295000076293945,63409,0.0,0.0
2024-09-17 15:55:00-04:00,29.295000076293945,29.360000610351562,29.290000915527344,29.30500030517578,160410,0.0,0.0
2024-09-18 09:30:00-04:00,29.43000030517578,29.440000534057617,29.350000381469727,29.43000030517578,39475,0.0,0.0
2024-09-18 09:35:00-04:00,29.40999984741211,29.469999313354492,29.399999618530273,29.459999084472656,14852,0.0,0.0
2024-09-18 09:40:00-04:00,29.46500015258789,29.46500015258789,29.38129997253418,29.40999984741211,14474,0.0,0.0
2024-09-18 09:45:00-04:00,29.420000076293945,29.440000534057617,29.399999618530273,29.420000076293945,5673,0.0,0.0
2024-09-18 09:50:00-04:00,29.420000076293945,29.420000076293945,29.364999771118164,29.3799991607666,10244,0.0,0.0
2024-09-18 09:55:00-04:00,29.375,29.375,29.299999237060547,29.30500030517578,9939,0.0,0.0
2024-09-18 10:00:00-04:00,29.299999237060547,29.31999969482422,29.270000457763672,29.290000915527344,16462,0.0,0.0
2024-09-18 10:05:00-04:00,29.280000686645508,29.30500030517578,29.280000686645508,29.295000076293945,9759,0.0,0.0
2024-09-18 10:10:00-04:00,29.295000076293945,29.31999969482422,29.280000686645508,29.290000915527344,12271,0.0,0.0
2024-09-18 10:15:00-04:00,29.290000915527344,29.31999969482422,29.260000228881836,29.260000228881836,19456,0.0,0.0
2024-09-18 10:20:00-04:00,29.260000228881836,29.260000228881836,29.229999542236328,29.2450008392334,10308,0.0,0.0
2024-09-18 10:25:00-04:00,29.239999771118164,29.290000915527344,29.229999542236328,29.280000686645508,16774,0.0,0.0
2024-09-18 10:30:00-04:00,29.270000457763672,29.315000534057617,29.235000610351562,29.25,32358,0.0,0.0
2024-09-18 10:35:00-04:00,29.25,29.260000228881836,29.235000610351562,29.239999771118164,17973,0.0,0.0
2024-09-18 10:40:00-04:00,29.239999771118164,29.260000228881836,29.21500015258789,29.219999313354492,37888,0.0,0.0
2024-09-18 10:45:00-04:00,29.225000381469727,29.225000381469727,29.184999465942383,29.219999313354492,39334,0.0,0.0
2024-09-18 10:50:00-04:00,29.219999313354492,29.219999313354492,29.184999465942383,29.204999923706055,25656,0.0,0.0
2024-09-18 10:55:00-04:00,29.204999923706055,29.209999084472656,29.18000030517578,29.204999923706055,22399,0.0,0.0
2024-09-18 11:00:00-04:00,29.21500015258789,29.2549991607666,29.21500015258789,29.25,12878,0.0,0.0
2024-09-18 11:05:00-04:00,29.25,29.2549991607666,29.225000381469727,29.225000381469727,7806,0.0,0.0
2024-09-18 11:10:00-04:00,29.219999313354492,29.290000915527344,29.219999313354492,29.290000915527344,12589,0.0,0.0
2024-09-18 11:15:00-04:00,29.290000915527344,29.290000915527344,29.25,29.28499984741211,9867,0.0,0.0
2024-09-18 11:20:00-04:00,29.28499984741211,29.28499984741211,29.260000228881836,29.270000457763672,6495,0.0,0.0
2024-09-18 11:25:00-04:00,29.270000457763672,29.299999237060547,29.270000457763672,29.299999237060547,6120,0.0,0.0
2024-09-18 11:30:00-04:00,29.290000915527344,29.290000915527344,29.270000457763672,29.270000457763672,20326,0.0,0.0
2024-09-18 11:35:00-04:00,29.264999389648438,29.290000915527344,29.25,29.25,26321,0.0,0.0
2024-09-18 11:40:00-04:00,29.229999542236328,29.229999542236328,29.209999084472656,29.219999313354492,16400,0.0,0.0
2024-09-18 11:45:00-04:00,29.219999313354492,29.219999313354492,29.18000030517578,29.209999084472656,8556,0.0,0.0
2024-09-18 11:50:00-04:00,29.219999313354492,29.225000381469727,29.209999084472656,29.21500015258789,10835,0.0,0.0
2024-09-18 11:55:00-04:00,29.219999313354492,29.260000228881836,29.219999313354492,29.239999771118164,18318,0.0,0.0
2024-09-18 12:00:00-04:00,29.239999771118164,29.2450008392334,29.219999313354492,29.235000610351562,14910,0.0,0.0
2024-09-18 12:05:00-04:00,29.239999771118164,29.295000076293945,29.239999771118164,29.295000076293945,14598,0.0,0.0
2024-09-18 12:10:00-04:00,29.295000076293945,29.295000076293945,29.274999618530273,29.280000686645508,6065,0.0,0.0
2024-09-18 12:15:00-04:00,29.28499984741211,29.30500030517578,29.25,29.25,19785,0.0,0.0
2024-09-18 12:20:00-04:00,29.25,29.25,29.204999923706055,29.21500015258789,14781,0.0,0.0
2024-09-18 12:25:00-04:00,29.21500015258789,29.225000381469727,29.174999237060547,29.190000534057617,65012,0.0,0.0
2024-09-18 12:30:00-04:00,29.190000534057617,29.239999771118164,29.190000534057617,29.239999771118164,8285,0.0,0.0
2024-09-18 12:35:00-04:00,29.239999771118164,29.25,29.229999542236328,29.2450008392334,6859,0.0,0.0
2024-09-18 12:40:00-04:00,29.239999771118164,29.260000228881836,29.239999771118164,29.2549991607666,5214,0.0,0.0
2024-09-18 12:45:00-04:00,29.2549991607666,29.264999389648438,29.25,29.260000228881836,4325,0.0,0.0
2024-09-18 12:50:00-04:00,29.261699676513672,29.28499984741211,29.260000228881836,29.274999618530273,5904,0.0,0.0
2024-09-18 12:55:00-04:00,29.270000457763672,29.274999618530273,29.270000457763672,29.274999618530273,2834,0.0,0.0
2024-09-18 13:00:00-04:00,29.274999618530273,29.295000076293945,29.270000457763672,29.295000076293945,3954,0.0,0.0
2024-09-18 13:05:00-04:00,29.290000915527344,29.31999969482422,29.290000915527344,29.31999969482422,3116,0.0,0.0
2024-09-18 13:10:00-04:00,29.325000762939453,29.325000762939453,29.295000076293945,29.299999237060547,5273,0.0,0.0
2024-09-18 13:15:00-04:00,29.295000076293945,29.295000076293945,29.295000076293945,29.295000076293945,1723,0.0,0.0
2024-09-18 13:20:00-04:00,29.290000915527344,29.300100326538086,29.28499984741211,29.295000076293945,7137,0.0,0.0
2024-09-18 13:25:00-04:00,29.295000076293945,29.295000076293945,29.295000076293945,29.295000076293945,5350,0.0,0.0
2024-09-18 13:30:00-04:00,29.295000076293945,29.344999313354492,29.295000076293945,29.344999313354492,19541,0.0,0.0
2024-09-18 13:35:00-04:00,29.344999313354492,29.375,29.325000762939453,29.325000762939453,23007,0.0,0.0
2024-09-18 13:40:00-04:00,29.31999969482422,29.325000762939453,29.315000534057617,29.31999969482422,3555,0.0,0.0
2024-09-18 13:45:00-04:00,29.325000762939453,29.325000762939453,29.270000457763672,29.270000457763672,2493,0.0,0.0
2024-09-18 13:50:00-04:00,29.270000457763672,29.274999618530273,29.260000228881836,29.264999389648438,3770,0.0,0.0
2024-09-18 13:55:00-04:00,29.25,29.2549991607666,29.25,29.25,5436,0.0,0.0
2024-09-18 14:00:00-04:00,29.239999771118164,29.600000381469727,29.239999771118164,29.520000457763672,53279,0.0,0.0
2024-09-18 14:05:00-04:00,29.530000686645508,29.579999923706055,29.440000534057617,29.440000534057617,25305,0.0,0.0
2024-09-18 14:10:00-04:00,29.440000534057617,29.459999084472656,29.360000610351562,29.399999618530273,34506,0.0,0.0
2024-09-18 14:15:00-04:00,29.399999618530273,29.459999084472656,29.389999389648438,29.44499969482422,36498,0.0,0.0
2024-09-18 14:20:00-04:00,29.44499969482422,29.479999542236328,29.43000030517578,29.454999923706055,36515,0.0,0.0
2024-09-18 14:25:00-04:00,29.459999084472656,29.489999771118164,29.43000030517578,29.485000610351562,24596,0.0,0.0
2024-09-18 14:30:00-04:00,29.485000610351562,29.53499984741211,29.479999542236328,29.53499984741211,44434,0.0,0.0
2024-09-18 14:35:00-04:00,29.530000686645508,29.530000686645508,29.3799991607666,29.520000457763672,62911,0.0,0.0
2024-09-18 14:40:00-04:00,29.514999389648438,29.520000457763672,29.3799991607666,29.385000228881836,29330,0.0,0.0
2024-09-18 14:45:00-04:00,29.3799991607666,29.43000030517578,29.325000762939453,29.389999389648438,24307,0.0,0.0
2024-09-18 14:50:00-04:00,29.389999389648438,29.520000457763672,29.3799991607666,29.489999771118164,26435,0.0,0.0
2024-09-18 14:55:00-04:00,29.479999542236328,29.520000457763672,29.389999389648438,29.395000457763672,27253,0.0,0.0
2024-09-18 15:00:00-04:00,29.3799991607666,29.3799991607666,29.31999969482422,29.360000610351562,30354,0.0,0.0
2024-09-18 15:05:00-04:00,29.350000381469727,29.350000381469727,29.270000457763672,29.290000915527344,20415,0.0,0.0
2024-09-18 15:10:00-04:00,29.274999618530273,29.489999771118164,29.274999618530273,29.454999923706055,47828,0.0,0.0
2024-09-18 15:15:00-04:00,29.450000762939453,29.479999542236328,29.415000915527344,29.434999465942383,24773,0.0,0.0
2024-09-18 15:20:00-04:00,29.434999465942383,29.434999465942383,29.31999969482422,29.3700008392334,37654,0.0,0.0
2024-09-18 15:25:00-04:00,29.3799991607666,29.485000610351562,29.3799991607666,29.447500228881836,21728,0.0,0.0
2024-09-18 15:30:00-04:00,29.44499969482422,29.46500015258789,29.334999084472656,29.34000015258789,21241,0.0,0.0
2024-09-18 15:35:00-04:00,29.34000015258789,29.364999771118164,29.30500030517578,29.350000381469727,18199,0.0,0.0
2024-09-18 15:40:00-04:00,29.354999542236328,29.354999542236328,29.290000915527344,29.295000076293945,16034,0.0,0.0
2024-09-18 15:45:00-04:00,29.25,29.299999237060547,29.25,29.270000457763672,31578,0.0,0.0
2024-09-18 15:50:00-04:00,29.25,29.295000076293945,29.25,29.280000686645508,45920,0.0,0.0
2024-09-18 15:55:00-04:00,29.28499984741211,29.295000076293945,29.200000762939453,29.209999084472656,79535,0.0,0.0
2024-09-19 09:30:00-04:00,29.889999389648438,29.940000534057617,29.770000457763672,29.780000686645508,63465,0.0,0.0
2024-09-19 09:35:00-04:00,29.780000686645508,29.829999923706055,29.760000228881836,29.799999237060547,8493,0.0,0.0
2024-09-19 09:40:00-04:00,29.799999237060547,29.829999923706055,29.65999984741211,29.65999984741211,14966,0.0,0.0
2024-09-19 09:45:00-04:00,29.65999984741211,29.65999984741211,29.55500030517578,29.565000534057617,39002,0.0,0.0
2024-09-19 09:50:00-04:00,29.559999465942383,29.579999923706055,29.469999313354492,29.575000762939453,52856,0.0,0.0
2024-09-19 09:55:00-04:00,29.59000015258789,29.639999389648438,29.59000015258789,29.6200008392334,11139,0.0,0.0
2024-09-19 10:00:00-04:00,29.6299991607666,29.649999618530273,29.579999923706055,29.649999618530273,7958,0.0,0.0
2024-09-19 10:05:00-04:00,29.649999618530273,29.674999237060547,29.6200008392334,29.670000076293945,11788,0.0,0.0
2024-09-19 10:10:00-04:00,29.649999618530273,29.670000076293945,29.6299991607666,29.6299991607666,6853,0.0,0.0
2024-09-19 10:15:00-04:00,29.639999389648438,29.639999389648438,29.579999923706055,29.610000610351562,90290,0.0,0.0
2024-09-19 10:20:00-04:00,29.614999771118164,29.68000030517578,29.600000381469727,29.670000076293945,11813,0.0,0.0
2024-09-19 10:25:00-04:00,29.690000534057617,29.709999084472656,29.684999465942383,29.709999084472656,4547,0.0,0.0
2024-09-19 10:30:00-04:00,29.709999084472656,29.709999084472656,29.65999984741211,29.65999984741211,7891,0.0,0.0
2024-09-19 10:35:00-04:00,29.68000030517578,29.690000534057617,29.639999389648438,29.649999618530273,5539,0.0,0.0
2024-09-19 10:40:00-04:00,29.65999984741211,29.670000076293945,29.610000610351562,29.625,9850,0.0,0.0
2024-09-19 10:45:00-04:00,29.6200008392334,29.6200008392334,29.559999465942383,29.579999923706055,8643,0.0,0.0
2024-09-19 10:50:00-04:00,29.59000015258789,29.6299991607666,29.59000015258789,29.6200008392334,4217,0.0,0.0
2024-09-19 10:55:00-04:00,29.6200008392334,29.649999618530273,29.6200008392334,29.635000228881836,4498,0.0,0.0
2024-09-19 11:00:00-04:00,29.635000228881836,29.670000076293945,29.625,29.65999984741211,6087,0.0,0.0
2024-09-19 11:05:00-04:00,29.649999618530273,29.665000915527344,29.6200008392334,29.6299991607666,7301,0.0,0.0
2024-09-19 11:10:00-04:00,29.649999618530273,29.655000686645508,29.639999389648438,29.649999618530273,6479,0.0,0.0
2024-09-19 11:15:00-04:00,29.649999618530273,29.69499969482422,29.649999618530273,29.690000534057617,5973,0.0,0.0
2024-09-19 11:20:00-04:00,29.69499969482422,29.75,29.691099166870117,29.7450008392334,14415,0.0,0.0
2024-09-19 11:25:00-04:00,29.760000228881836,29.770000457763672,29.725000381469727,29.7549991607666,9273,0.0,0.0
2024-09-19 11:30:00-04:00,29.760000228881836,29.760000228881836,29.71500015258789,29.739999771118164,16507,0.0,0.0
2024-09-19 11:35:00-04:00,29.764999389648438,29.844999313354492,29.764999389648438,29.81999969482422,24799,0.0,0.0
2024-09-19 11:40:00-04:00,29.829999923706055,29.829999923706055,29.799999237060547,29.809999465942383,30130,0.0,0.0
2024-09-19 11:45:00-04:00,29.81999969482422,29.844999313354492,29.81999969482422,29.844999313354492,6293,0.0,0.0
2024-09-19 11:50:00-04:00,29.84000015258789,29.84000015258789,29.81999969482422,29.829999923706055,5957,0.0,0.0
2024-09-19 11:55:00-04:00,29.84000015258789,29.850000381469727,29.834999084472656,29.844999313354492,4659,0.0,0.0
2024-09-19 12:00:00-04:00,29.850000381469727,29.8799991607666,29.84000015258789,29.8799991607666,4631,0.0,0.0
2024-09-19 12:05:00-04:00,29.8700008392334,29.889999389648438,29.8700008392334,29.885000228881836,5320,0.0,0.0
2024-09-19 12:10:00-04:00,29.8799991607666,29.8799991607666,29.825000762939453,29.834999084472656,6840,0.0,0.0
2024-09-19 12:15:00-04:00,29.834999084472656,29.8700008392334,29.834999084472656,29.860000610351562,4279,0.0,0.0
2024-09-19 12:20:00-04:00,29.84000015258789,29.854999542236328,29.834999084472656,29.834999084472656,2946,0.0,0.0
2024-09-19 12:25:00-04:00,29.844999313354492,29.864999771118164,29.84000015258789,29.844999313354492,4183,0.0,0.0
2024-09-19 12:30:00-04:00,29.864999771118164,29.875,29.84000015258789,29.84000015258789,5925,0.0,0.0
2024-09-19 12:35:00-04:00,29.84000015258789,29.844999313354492,29.81999969482422,29.825000762939453,7555,0.0,0.0
2024-09-19 12:40:00-04:00,29.825000762939453,29.834999084472656,29.809999465942383,29.825000762939453,6464,0.0,0.0
2024-09-19 12:45:00-04:00,29.825000762939453,29.834999084472656,29.809999465942383,29.809999465942383,5952,0.0,0.0
2024-09-19 12:50:00-04:00,29.809999465942383,29.84000015258789,29.80500030517578,29.84000015258789,5594,0.0,0.0
2024-09-19 12:55:00-04:00,29.829999923706055,29.834999084472656,29.81999969482422,29.829999923706055,8999,0.0,0.0
2024-09-19 13:00:00-04:00,29.834999084472656,29.844999313354492,29.825000762939453,29.844999313354492,34260,0.0,0.0
2024-09-19 13:05:00-04:00,29.84000015258789,29.864999771118164,29.84000015258789,29.850000381469727,27802,0.0,0.0
2024-09-19 13:10:00-04:00,29.850000381469727,29.850000381469727,29.815000534057617,29.815000534057617,9356,0.0,0.0
2024-09-19 13:15:00-04:00,29.809999465942383,29.834999084472656,29.809999465942383,29.81999969482422,4274,0.0,0.0
2024-09-19 13:20:00-04:00,29.81999969482422,29.834999084472656,29.815000534057617,29.81999969482422,7799,0.0,0.0
2024-09-19 13:25:00-04:00,29.81999969482422,29.850000381469727,29.81999969482422,29.834999084472656,34191,0.0,0.0
2024-09-19 13:30:00-04:00,29.84000015258789,29.885000228881836,29.84000015258789,29.8799991607666,11512,0.0,0.0
2024-09-19 13:35:00-04:00,29.885000228881836,29.885000228881836,29.860000610351562,29.864999771118164,11012,0.0,0.0
2024-09-19 13:40:00-04:00,29.864999771118164,29.885000228881836,29.85260009765625,29.885000228881836,15281,0.0,0.0
2024-09-19 13:45:00-04:00,29.8799991607666,29.90999984741211,29.8700008392334,29.905000686645508,11570,0.0,0.0
2024-09-19 13:50:00-04:00,29.905000686645508,29.90999984741211,29.8799991607666,29.899999618530273,8236,0.0,0.0
2024-09-19 13:55:00-04:00,29.895000457763672,29.905000686645508,29.885000228881836,29.905000686645508,3142,0.0,0.0
2024-09-19 14:00:00-04:00,29.905000686645508,29.905000686645508,29.860000610351562,29.860000610351562,18186,0.0,0.0
2024-09-19 14:05:00-04:00,29.864999771118164,29.864999771118164,29.81839942932129,29.81839942932129,5308,0.0,0.0
2024-09-19 14:10:00-04:00,29.809999465942383,29.825000762939453,29.805999755859375,29.809999465942383,8833,0.0,0.0
2024-09-19 14:15:00-04:00,29.809999465942383,29.809999465942383,29.774999618530273,29.78499984741211,15711,0.0,0.0
2024-09-19 14:20:00-04:00,29.78499984741211,29.799999237060547,29.774999618530273,29.799999237060547,5624,0.0,0.0
2024-09-19 14:25:00-04:00,29.790000915527344,29.81999969482422,29.780000686645508,29.815000534057617,6570,0.0,0.0
2024-09-19 14:30:00-04:00,29.809999465942383,29.809999465942383,29.774999618530273,29.774999618530273,7393,0.0,0.0
2024-09-19 14:35:00-04:00,29.774999618530273,29.795000076293945,29.770000457763672,29.795000076293945,6293,0.0,0.0
2024-09-19 14:40:00-04:00,29.790000915527344,29.799999237060547,29.770000457763672,29.790000915527344,8377,0.0,0.0
2024-09-19 14:45:00-04:00,29.78499984741211,29.790000915527344,29.739999771118164,29.739999771118164,8955,0.0,0.0
2024-09-19 14:50:00-04:00,29.739999771118164,29.75,29.719999313354492,29.75,11856,0.0,0.0
2024-09-19 14:55:00-04:00,29.75,29.7549991607666,29.719999313354492,29.7450008392334,13248,0.0,0.0
2024-09-19 15:00:00-04:00,29.739999771118164,29.7549991607666,29.729999542236328,29.7549991607666,10253,0.0,0.0
2024-09-19 15:05:00-04:00,29.75,29.760000228881836,29.729999542236328,29.75749969482422,10220,0.0,0.0
2024-09-19 15:10:00-04:00,29.7549991607666,29.764999389648438,29.7450008392334,29.7549991607666,10029,0.0,0.0
2024-09-19 15:15:00-04:00,29.7549991607666,29.774999618530273,29.7450008392334,29.7450008392334,12163,0.0,0.0
2024-09-19 15:20:00-04:00,29.739999771118164,29.7450008392334,29.719999313354492,29.735000610351562,18812,0.0,0.0
2024-09-19 15:25:00-04:00,29.735000610351562,29.739999771118164,29.704999923706055,29.704999923706055,25603,0.0,0.0
2024-09-19 15:30:00-04:00,29.700000762939453,29.735000610351562,29.700000762939453,29.735000610351562,17840,0.0,0.0
2024-09-19 15:35:00-04:00,29.729999542236328,29.739999771118164,29.69499969482422,29.704999923706055,15816,0.0,0.0
2024-09-19 15:40:00-04:00,29.700000762939453,29.719999313354492,29.674999237060547,29.674999237060547,19526,0.0,0.0
2024-09-19 15:45:00-04:00,29.674999237060547,29.684999465942383,29.65999984741211,29.665000915527344,27631,0.0,0.0
2024-09-19 15:50:00-04:00,29.670000076293945,29.670000076293945,29.6299991607666,29.655000686645508,61055,0.0,0.0
2024-09-19 15:55:00-04:00,29.655000686645508,29.729999542236328,29.650100708007812,29.719999313354492,128941,0.0,0.0
2024-09-20 09:30:00-04:00,29.315000534057617,29.334999084472656,29.239999771118164,29.25,77623,0.0,0.0
2024-09-20 09:35:00-04:00,29.25,29.270000457763672,29.18000030517578,29.25,31085,0.0,0.0
2024-09-20 09:40:00-04:00,29.260000228881836,29.329999923706055,29.225000381469727,29.260000228881836,8611,0.0,0.0
2024-09-20 09:45:00-04:00,29.25,29.260000228881836,29.219999313354492,29.219999313354492,16659,0.0,0.0
2024-09-20 09:50:00-04:00,29.209999084472656,29.25,29.190000534057617,29.19499969482422,22610,0.0,0.0
2024-09-20 09:55:00-04:00,29.190000534057617,29.204999923706055,29.165000915527344,29.18000030517578,17248,0.0,0.0
2024-09-20 10:00:00-04:00,29.18000030517578,29.219999313354492,29.155000686645508,29.170000076293945,72140,0.0,0.0
2024-09-20 10:05:00-04:00,29.170000076293945,29.25,29.165000915527344,29.25,34009,0.0,0.0
2024-09-20 10:10:00-04:00,29.260000228881836,29.260000228881836,29.170000076293945,29.200000762939453,16228,0.0,0.0
2024-09-20 10:15:00-04:00,29.204999923706055,29.30500030517578,29.200000762939453,29.299999237060547,15790,0.0,0.0
2024-09-20 10:20:00-04:00,29.280000686645508,29.30500030517578,29.270000457763672,29.290000915527344,7185,0.0,0.0
2024-09-20 10:25:00-04:00,29.280000686645508,29.329999923706055,29.280000686645508,29.325000762939453,11363,0.0,0.0
2024-09-20 10:30:00-04:00,29.334999084472656,29.399999618530273,29.329999923706055,29.3700008392334,18780,0.0,0.0
2024-09-20 10:35:00-04:00,29.360000610351562,29.3700008392334,29.325000762939453,29.360000610351562,9253,0.0,0.0
2024-09-20 10:40:00-04:00,29.360000610351562,29.385000228881836,29.334999084472656,29.334999084472656,10773,0.0,0.0
2024-09-20 10:45:00-04:00,29.34000015258789,29.385000228881836,29.334999084472656,29.354999542236328,11418,0.0,0.0
2024-09-20 10:50:00-04:00,29.350000381469727,29.389999389648438,29.309999465942383,29.315000534057617,42535,0.0,0.0
2024-09-20 10:55:00-04:00,29.31999969482422,29.31999969482422,29.264999389648438,29.270000457763672,12837,0.0,0.0
2024-09-20 11:00:00-04:00,29.270000457763672,29.309999465942383,29.270000457763672,29.274999618530273,18303,0.0,0.0
2024-09-20 11:05:00-04:00,29.274999618530273,29.309999465942383,29.274999618530273,29.309999465942383,7415,0.0,0.0
2024-09-20 11:10:00-04:00,29.309999465942383,29.315000534057617,29.28499984741211,29.28499984741211,5746,0.0,0.0
2024-09-20 11:15:00-04:00,29.28499984741211,29.334999084472656,29.274999618530273,29.329999923706055,6576,0.0,0.0
2024-09-20 11:20:00-04:00,29.329999923706055,29.348800659179688,29.31999969482422,29.34000015258789,6730,0.0,0.0
2024-09-20 11:25:00-04:00,29.34000015258789,29.34000015258789,29.31999969482422,29.34000015258789,5225,0.0,0.0
2024-09-20 11:30:00-04:00,29.329999923706055,29.3799991607666,29.309999465942383,29.3700008392334,74470,0.0,0.0
2024-09-20 11:35:00-04:00,29.375,29.43000030517578,29.364999771118164,29.43000030517578,58744,0.0,0.0
2024-09-20 11:40:00-04:00,29.43000030517578,29.469999313354492,29.420000076293945,29.454999923706055,6705,0.0,0.0
2024-09-20 11:45:00-04:00,29.454999923706055,29.469999313354492,29.440000534057617,29.459999084472656,6379,0.0,0.0
2024-09-20 11:50:00-04:00,29.469999313354492,29.475000381469727,29.450000762939453,29.469999313354492,4318,0.0,0.0
2024-09-20 11:55:00-04:00,29.46500015258789,29.485000610351562,29.459999084472656,29.459999084472656,4197,0.0,0.0
2024-09-20 12:00:00-04:00,29.46500015258789,29.469999313354492,29.40999984741211,29.420000076293945,18017,0.0,0.0
2024-09-20 12:05:00-04:00,29.40999984741211,29.5,29.40999984741211,29.5,11846,0.0,0.0
2024-09-20 12:10:00-04:00,29.489999771118164,29.4950008392334,29.44499969482422,29.459999084472656,6132,0.0,0.0
2024-09-20 12:15:00-04:00,29.454999923706055,29.479999542236328,29.454999923706055,29.469999313354492,8825,0.0,0.0
2024-09-20 12:20:00-04:00,29.485000610351562,29.510099411010742,29.469999313354492,29.494300842285156,5987,0.0,0.0
2024-09-20 12:25:00-04:00,29.485000610351562,29.489999771118164,29.450000762939453,29.489999771118164,6552,0.0,0.0
2024-09-20 12:30:00-04:00,29.489999771118164,29.489999771118164,29.469999313354492,29.475000381469727,3814,0.0,0.0
2024-09-20 12:35:00-04:00,29.475000381469727,29.510000228881836,29.475000381469727,29.5049991607666,12798,0.0,0.0
2024-09-20 12:40:00-04:00,29.510000228881836,29.530000686645508,29.5,29.530000686645508,6608,0.0,0.0
2024-09-20 12:45:00-04:00,29.530000686645508,29.530000686645508,29.4950008392334,29.514999389648438,6680,0.0,0.0
2024-09-20 12:50:00-04:00,29.520000457763672,29.545000076293945,29.514999389648438,29.540000915527344,12209,0.0,0.0
2024-09-20 12:55:00-04:00,29.549999237060547,29.549999237060547,29.530000686645508,29.549999237060547,7546,0.0,0.0
2024-09-20 13:00:00-04:00,29.540000915527344,29.545000076293945,29.514999389648438,29.514999389648438,2973,0.0,0.0
2024-09-20 13:05:00-04:00,29.510000228881836,29.530000686645508,29.510000228881836,29.510000228881836,2845,0.0,0.0
2024-09-20 13:10:00-04:00,29.514999389648438,29.540000915527344,29.514999389648438,29.540000915527344,4024,0.0,0.0
2024-09-20 13:15:00-04:00,29.53499984741211,29.545000076293945,29.514999389648438,29.53499984741211,12075,0.0,0.0
2024-09-20 13:20:00-04:00,29.530000686645508,29.540000915527344,29.514999389648438,29.524999618530273,7845,0.0,0.0
2024-09-20 13:25:00-04:00,29.530000686645508,29.540000915527344,29.514999389648438,29.530000686645508,8431,0.0,0.0
2024-09-20 13:30:00-04:00,29.540000915527344,29.549999237060547,29.530000686645508,29.545000076293945,3412,0.0,0.0
2024-09-20 13:35:00-04:00,29.540000915527344,29.549999237060547,29.53499984741211,29.53499984741211,3748,0.0,0.0
2024-09-20 13:40:00-04:00,29.53499984741211,29.549999237060547,29.530000686645508,29.549999237060547,3447,0.0,0.0
2024-09-20 13:45:00-04:00,29.540000915527344,29.540000915527344,29.5,29.510000228881836,13343,0.0,0.0
2024-09-20 13:50:00-04:00,29.514999389648438,29.514999389648438,29.493146896362305,29.509899139404297,9037,0.0,0.0
2024-09-20 13:55:00-04:00,29.5049991607666,29.524999618530273,29.5049991607666,29.520000457763672,5619,0.0,0.0
2024-09-20 14:00:00-04:00,29.514999389648438,29.514999389648438,29.44499969482422,29.454999923706055,9499,0.0,0.0
2024-09-20 14:05:00-04:00,29.450000762939453,29.450000762939453,29.424999237060547,29.424999237060547,6171,0.0,0.0
2024-09-20 14:10:00-04:00,29.43000030517578,29.450000762939453,29.43000030517578,29.44499969482422,3098,0.0,0.0
2024-09-20 14:15:00-04:00,29.440000534057617,29.44499969482422,29.434999465942383,29.44499969482422,3522,0.0,0.0
2024-09-20 14:20:00-04:00,29.440000534057617,29.450000762939453,29.43000030517578,29.434999465942383,4269,0.0,0.0
2024-09-20 14:25:00-04:00,29.43000030517578,29.43000030517578,29.415000915527344,29.424999237060547,6407,0.0,0.0
2024-09-20 14:30:00-04:00,29.420000076293945,29.424999237060547,29.405000686645508,29.424999237060547,7980,0.0,0.0
2024-09-20 14:35:00-04:00,29.420000076293945,29.43000030517578,29.420000076293945,29.43000030517578,4867,0.0,0.0
2024-09-20 14:40:00-04:00,29.43000030517578,29.450000762939453,29.420000076293945,29.450000762939453,3967,0.0,0.0
2024-09-20 14:45:00-04:00,29.440000534057617,29.450000762939453,29.43000030517578,29.450000762939453,9572,0.0,0.0
2024-09-20 14:50:00-04:00,29.450000762939453,29.479999542236328,29.44499969482422,29.479999542236328,6665,0.0,0.0
2024-09-20 14:55:00-04:00,29.485000610351562,29.489999771118164,29.469999313354492,29.469999313354492,5408,0.0,0.0
2024-09-20 15:00:00-04:00,29.469999313354492,29.510000228881836,29.469999313354492,29.5049991607666,12642,0.0,0.0
2024-09-20 15:05:00-04:00,29.5049991607666,29.510000228881836,29.479999542236328,29.489999771118164,6097,0.0,0.0
2024-09-20 15:10:00-04:00,29.5,29.5,29.475000381469727,29.4950008392334,12265,0.0,0.0
2024-09-20 15:15:00-04:00,29.5,29.510000228881836,29.5,29.510000228881836,9656,0.0,0.0
2024-09-20 15:20:00-04:00,29.514999389648438,29.53499984741211,29.5049991607666,29.514999389648438,7730,0.0,0.0
2024-09-20 15:25:00-04:00,29.520000457763672,29.55500030517578,29.520000457763672,29.545000076293945,6768,0.0,0.0
2024-09-20 15:30:00-04:00,29.545000076293945,29.594999313354492,29.524999618530273,29.594999313354492,27252,0.0,0.0
2024-09-20 15:35:00-04:00,29.594999313354492,29.6299991607666,29.561500549316406,29.6200008392334,15663,0.0,0.0
2024-09-20 15:40:00-04:00,29.610000610351562,29.649999618530273,29.604999542236328,29.645000457763672,29186,0.0,0.0
2024-09-20 15:45:00-04:00,29.639999389648438,29.639999389648438,29.600000381469727,29.604999542236328,22222,0.0,0.0
2024-09-20 15:50:00-04:00,29.579999923706055,29.600000381469727,29.514999389648438,29.530000686645508,47914,0.0,0.0
2024-09-20 15:55:00-04:00,29.530000686645508,29.530000686645508,29.469999313354492,29.510000228881836,120027,0.0,0.0
