Datetime,Open,High,Low,Close,Volume,Dividends,Stock Splits
2024-07-17 09:30:00-04:00,1.059999942779541,1.059999942779541,1.059999942779541,1.059999942779541,5353,0.0,0.0
2024-07-17 09:40:00-04:00,1.0399999618530273,1.0399999618530273,1.0399999618530273,1.0399999618530273,3100,0.0,0.0
2024-07-17 10:00:00-04:00,1.034999966621399,1.059999942779541,1.0299999713897705,1.059999942779541,3033,0.0,0.0
2024-07-17 10:30:00-04:00,1.0800000429153442,1.0800000429153442,1.0800000429153442,1.0800000429153442,653,0.0,0.0
2024-07-17 11:15:00-04:00,1.0800000429153442,1.0800000429153442,1.0800000429153442,1.0800000429153442,200,0.0,0.0
2024-07-17 11:20:00-04:00,1.080199956893921,1.080199956893921,1.080199956893921,1.080199956893921,255,0.0,0.0
2024-07-17 11:25:00-04:00,1.0800000429153442,1.0800000429153442,1.0800000429153442,1.0800000429153442,1546,0.0,0.0
2024-07-17 11:30:00-04:00,1.0800000429153442,1.0800000429153442,1.0800000429153442,1.0800000429153442,19965,0.0,0.0
2024-07-17 11:35:00-04:00,1.0850000381469727,1.0850000381469727,1.0800000429153442,1.0800000429153442,21635,0.0,0.0
2024-07-17 11:40:00-04:00,1.089900016784668,1.089900016784668,1.089900016784668,1.089900016784668,1920,0.0,0.0
2024-07-17 11:45:00-04:00,1.0800000429153442,1.0800000429153442,1.0700000524520874,1.0700000524520874,9064,0.0,0.0
2024-07-17 11:50:00-04:00,1.089900016784668,1.089900016784668,1.089900016784668,1.089900016784668,3075,0.0,0.0
2024-07-17 12:35:00-04:00,1.0700000524520874,1.0700000524520874,1.0700000524520874,1.0700000524520874,382,0.0,0.0
2024-07-17 12:40:00-04:00,1.061400055885315,1.061400055885315,1.061400055885315,1.061400055885315,1252,0.0,0.0
2024-07-17 13:55:00-04:00,1.0667999982833862,1.0667999982833862,1.0667999982833862,1.0667999982833862,1006,0.0,0.0
2024-07-17 14:30:00-04:00,1.0700000524520874,1.0700000524520874,1.0700000524520874,1.0700000524520874,400,0.0,0.0
2024-07-17 14:35:00-04:00,1.065000057220459,1.065000057220459,1.065000057220459,1.065000057220459,400,0.0,0.0
2024-07-17 15:10:00-04:00,1.0700000524520874,1.0700000524520874,1.0700000524520874,1.0700000524520874,1160,0.0,0.0
2024-07-17 15:15:00-04:00,1.0700000524520874,1.0700000524520874,1.0700000524520874,1.0700000524520874,1013,0.0,0.0
2024-07-17 15:20:00-04:00,1.069700002670288,1.0799000263214111,1.059999942779541,1.0799000263214111,4124,0.0,0.0
2024-07-17 15:25:00-04:00,1.0700000524520874,1.0700000524520874,1.0700000524520874,1.0700000524520874,1678,0.0,0.0
2024-07-17 15:55:00-04:00,1.070099949836731,1.0750000476837158,1.0700000524520874,1.070199966430664,1974,0.0,0.0
2024-07-18 09:30:00-04:00,1.0499999523162842,1.0499999523162842,1.0499999523162842,1.0499999523162842,5032,0.0,0.0
2024-07-18 09:35:00-04:00,1.090000033378601,1.090000033378601,1.090000033378601,1.090000033378601,2808,0.0,0.0
2024-07-18 09:40:00-04:00,1.100000023841858,1.100000023841858,1.100000023841858,1.100000023841858,481,0.0,0.0
2024-07-18 09:45:00-04:00,1.090000033378601,1.090000033378601,1.090000033378601,1.090000033378601,573,0.0,0.0
2024-07-18 09:50:00-04:00,1.090000033378601,1.090000033378601,1.090000033378601,1.090000033378601,1116,0.0,0.0
2024-07-18 10:10:00-04:00,1.100000023841858,1.100000023841858,1.100000023841858,1.100000023841858,969,0.0,0.0
2024-07-18 10:15:00-04:00,1.100000023841858,1.100000023841858,1.090000033378601,1.090000033378601,5268,0.0,0.0
2024-07-18 10:55:00-04:00,1.0999000072479248,1.0999000072479248,1.0999000072479248,1.0999000072479248,2227,0.0,0.0
2024-07-18 11:00:00-04:00,1.0901000499725342,1.0950000286102295,1.090000033378601,1.0901000499725342,7050,0.0,0.0
2024-07-18 11:05:00-04:00,1.0901000499725342,1.0992000102996826,1.0901000499725342,1.0992000102996826,3345,0.0,0.0
2024-07-18 11:25:00-04:00,1.100000023841858,1.100000023841858,1.100000023841858,1.100000023841858,43336,0.0,0.0
2024-07-18 12:05:00-04:00,1.0808000564575195,1.0808000564575195,1.0808000564575195,1.0808000564575195,708,0.0,0.0
2024-07-18 13:40:00-04:00,1.097499966621399,1.097499966621399,1.097499966621399,1.097499966621399,764,0.0,0.0
2024-07-18 14:35:00-04:00,1.0901000499725342,1.0901000499725342,1.0901000499725342,1.0901000499725342,5311,0.0,0.0
2024-07-18 15:10:00-04:00,1.0901000499725342,1.0901000499725342,1.0901000499725342,1.0901000499725342,363,0.0,0.0
2024-07-18 15:30:00-04:00,1.0901000499725342,1.0901000499725342,1.0901000499725342,1.0901000499725342,2217,0.0,0.0
2024-07-18 15:55:00-04:00,1.0967999696731567,1.0989999771118164,1.0967999696731567,1.0989999771118164,474,0.0,0.0
2024-07-19 09:30:00-04:00,1.100000023841858,1.100000023841858,1.100000023841858,1.100000023841858,1259,0.0,0.0
2024-07-19 11:20:00-04:00,1.090000033378601,1.090000033378601,1.090000033378601,1.090000033378601,1200,0.0,0.0
2024-07-19 11:30:00-04:00,1.0830999612808228,1.0830999612808228,1.0830999612808228,1.0830999612808228,4645,0.0,0.0
2024-07-19 11:45:00-04:00,1.090000033378601,1.090000033378601,1.090000033378601,1.090000033378601,0,0.0,0.0
2024-07-19 13:40:00-04:00,1.0850000381469727,1.0850000381469727,1.0850000381469727,1.0850000381469727,805,0.0,0.0
2024-07-19 13:45:00-04:00,1.090000033378601,1.090000033378601,1.090000033378601,1.090000033378601,0,0.0,0.0
2024-07-19 14:15:00-04:00,1.0801000595092773,1.0801000595092773,1.0801000595092773,1.0801000595092773,2200,0.0,0.0
2024-07-19 14:40:00-04:00,1.089900016784668,1.089900016784668,1.089900016784668,1.089900016784668,6901,0.0,0.0
2024-07-19 15:25:00-04:00,1.0800000429153442,1.0800000429153442,1.059999942779541,1.0700000524520874,13906,0.0,0.0
2024-07-19 15:40:00-04:00,1.0800000429153442,1.100000023841858,1.0800000429153442,1.100000023841858,12455,0.0,0.0
2024-07-19 15:45:00-04:00,1.100000023841858,1.100000023841858,1.100000023841858,1.100000023841858,362,0.0,0.0
2024-07-19 15:50:00-04:00,1.100000023841858,1.100000023841858,1.100000023841858,1.100000023841858,3417,0.0,0.0
2024-07-19 15:55:00-04:00,1.100000023841858,1.100000023841858,1.090000033378601,1.100000023841858,9767,0.0,0.0
2024-07-22 09:40:00-04:00,1.1090999841690063,1.1090999841690063,1.1090999841690063,1.1090999841690063,10700,0.0,0.0
2024-07-22 10:25:00-04:00,1.1050000190734863,1.149999976158142,1.1050000190734863,1.149999976158142,9090,0.0,0.0
2024-07-22 10:45:00-04:00,1.1299999952316284,1.1299999952316284,1.1200000047683716,1.1200000047683716,653,0.0,0.0
2024-07-22 10:55:00-04:00,1.1375999450683594,1.1375999450683594,1.1375999450683594,1.1375999450683594,200,0.0,0.0
2024-07-22 11:10:00-04:00,1.1301000118255615,1.1399999856948853,1.1301000118255615,1.1399999856948853,1730,0.0,0.0
2024-07-22 11:40:00-04:00,1.1398999691009521,1.1398999691009521,1.1398999691009521,1.1398999691009521,1133,0.0,0.0
2024-07-22 11:50:00-04:00,1.1349999904632568,1.1399999856948853,1.1349999904632568,1.1399999856948853,1000,0.0,0.0
2024-07-22 11:55:00-04:00,1.1399999856948853,1.1399999856948853,1.1399999856948853,1.1399999856948853,667,0.0,0.0
2024-07-22 12:00:00-04:00,1.1394000053405762,1.1394000053405762,1.1394000053405762,1.1394000053405762,227,0.0,0.0
2024-07-22 12:20:00-04:00,1.149899959564209,1.149899959564209,1.149899959564209,1.149899959564209,2230,0.0,0.0
2024-07-22 12:25:00-04:00,1.1449999809265137,1.149899959564209,1.1401000022888184,1.1401000022888184,2673,0.0,0.0
2024-07-22 12:40:00-04:00,1.149899959564209,1.149899959564209,1.149899959564209,1.149899959564209,1229,0.0,0.0
2024-07-22 12:50:00-04:00,1.1449999809265137,1.149999976158142,1.1449999809265137,1.149899959564209,15657,0.0,0.0
2024-07-22 13:00:00-04:00,1.149999976158142,1.149999976158142,1.149999976158142,1.149999976158142,0,0.0,0.0
2024-07-22 13:10:00-04:00,1.170799970626831,1.170799970626831,1.170799970626831,1.170799970626831,2110,0.0,0.0
2024-07-22 13:20:00-04:00,1.1699999570846558,1.1699999570846558,1.1699999570846558,1.1699999570846558,1454,0.0,0.0
2024-07-22 13:30:00-04:00,1.1899000406265259,1.190000057220459,1.1868000030517578,1.1868000030517578,1448,0.0,0.0
2024-07-22 13:35:00-04:00,1.1799999475479126,1.1799999475479126,1.1799999475479126,1.1799999475479126,196,0.0,0.0
2024-07-22 13:40:00-04:00,1.1899000406265259,1.1899000406265259,1.1899000406265259,1.1899000406265259,1075,0.0,0.0
2024-07-22 14:20:00-04:00,1.1800999641418457,1.1800999641418457,1.1800999641418457,1.1800999641418457,349,0.0,0.0
2024-07-22 14:40:00-04:00,1.1899000406265259,1.1899000406265259,1.1899000406265259,1.1899000406265259,800,0.0,0.0
2024-07-22 14:45:00-04:00,1.184999942779541,1.184999942779541,1.184999942779541,1.184999942779541,2500,0.0,0.0
2024-07-22 14:55:00-04:00,1.184999942779541,1.184999942779541,1.184999942779541,1.184999942779541,0,0.0,0.0
2024-07-22 15:15:00-04:00,1.180299997329712,1.180299997329712,1.180299997329712,1.180299997329712,110,0.0,0.0
2024-07-22 15:25:00-04:00,1.190000057220459,1.190000057220459,1.190000057220459,1.190000057220459,817,0.0,0.0
2024-07-22 15:30:00-04:00,1.1899000406265259,1.1899000406265259,1.184999942779541,1.184999942779541,2592,0.0,0.0
2024-07-22 15:40:00-04:00,1.1902999877929688,1.1950000524520874,1.1902999877929688,1.1950000524520874,1426,0.0,0.0
2024-07-22 15:45:00-04:00,1.1950000524520874,1.1950000524520874,1.1950000524520874,1.1950000524520874,10101,0.0,0.0
2024-07-22 15:50:00-04:00,1.1900999546051025,1.1950000524520874,1.190000057220459,1.190000057220459,6676,0.0,0.0
2024-07-22 15:55:00-04:00,1.190000057220459,1.2000000476837158,1.190000057220459,1.2000000476837158,24532,0.0,0.0
2024-07-23 09:30:00-04:00,1.2000000476837158,1.2000000476837158,1.149999976158142,1.149999976158142,5911,0.0,0.0
2024-07-23 09:50:00-04:00,1.1699999570846558,1.1699999570846558,1.1699999570846558,1.1699999570846558,5717,0.0,0.0
2024-07-23 10:10:00-04:00,1.1699999570846558,1.1699999570846558,1.1699999570846558,1.1699999570846558,543,0.0,0.0
2024-07-23 10:35:00-04:00,1.1699999570846558,1.1799999475479126,1.1699999570846558,1.1799999475479126,9633,0.0,0.0
2024-07-23 10:45:00-04:00,1.160099983215332,1.1780999898910522,1.1399999856948853,1.1399999856948853,18080,0.0,0.0
2024-07-23 10:50:00-04:00,1.1410000324249268,1.149999976158142,1.1200000047683716,1.1200000047683716,0,0.0,0.0
2024-07-23 10:55:00-04:00,1.125,1.125,1.100000023841858,1.1200000047683716,14501,0.0,0.0
2024-07-23 11:00:00-04:00,1.100000023841858,1.1399999856948853,1.100000023841858,1.1200000047683716,6220,0.0,0.0
2024-07-23 11:15:00-04:00,1.1298999786376953,1.1298999786376953,1.1298999786376953,1.1298999786376953,9012,0.0,0.0
2024-07-23 11:35:00-04:00,1.1100000143051147,1.1100000143051147,1.1100000143051147,1.1100000143051147,4828,0.0,0.0
2024-07-23 11:40:00-04:00,1.100000023841858,1.100000023841858,1.100000023841858,1.100000023841858,12164,0.0,0.0
2024-07-23 11:45:00-04:00,1.1150000095367432,1.1150000095367432,1.1150000095367432,1.1150000095367432,0,0.0,0.0
2024-07-23 11:50:00-04:00,1.100100040435791,1.100100040435791,1.100100040435791,1.100100040435791,5020,0.0,0.0
2024-07-23 12:15:00-04:00,1.1298999786376953,1.1299999952316284,1.1200000047683716,1.1200000047683716,2964,0.0,0.0
2024-07-23 12:20:00-04:00,1.1398999691009521,1.1398999691009521,1.1398999691009521,1.1398999691009521,498,0.0,0.0
2024-07-23 12:50:00-04:00,1.1299999952316284,1.1299999952316284,1.1299999952316284,1.1299999952316284,568,0.0,0.0
2024-07-23 13:10:00-04:00,1.125,1.125,1.125,1.125,457,0.0,0.0
2024-07-23 14:05:00-04:00,1.1349999904632568,1.1349999904632568,1.1349999904632568,1.1349999904632568,144,0.0,0.0
2024-07-23 14:10:00-04:00,1.1302000284194946,1.1302000284194946,1.1302000284194946,1.1302000284194946,200,0.0,0.0
2024-07-23 14:30:00-04:00,1.1398999691009521,1.1398999691009521,1.1299999952316284,1.1299999952316284,306,0.0,0.0
2024-07-23 14:50:00-04:00,1.1399999856948853,1.1399999856948853,1.1399999856948853,1.1399999856948853,7998,0.0,0.0
2024-07-23 14:55:00-04:00,1.1349999904632568,1.1349999904632568,1.1349999904632568,1.1349999904632568,0,0.0,0.0
2024-07-23 15:00:00-04:00,1.1301000118255615,1.1349999904632568,1.1301000118255615,1.1302000284194946,932,0.0,0.0
2024-07-23 15:05:00-04:00,1.1200000047683716,1.1200000047683716,1.1200000047683716,1.1200000047683716,833,0.0,0.0
2024-07-23 15:45:00-04:00,1.1100000143051147,1.1200000047683716,1.1100000143051147,1.1200000047683716,3096,0.0,0.0
2024-07-23 15:55:00-04:00,1.1200000047683716,1.125,1.1200000047683716,1.125,1753,0.0,0.0
2024-07-24 09:35:00-04:00,1.100000023841858,1.100000023841858,1.100000023841858,1.100000023841858,608,0.0,0.0
2024-07-24 10:35:00-04:00,1.1100000143051147,1.1100000143051147,1.1100000143051147,1.1100000143051147,1826,0.0,0.0
2024-07-24 11:05:00-04:00,1.090000033378601,1.090000033378601,1.0499999523162842,1.0499999523162842,6116,0.0,0.0
2024-07-24 11:15:00-04:00,1.0500999689102173,1.0500999689102173,1.0499999523162842,1.0499999523162842,3771,0.0,0.0
2024-07-24 11:30:00-04:00,1.0700000524520874,1.0700000524520874,1.0700000524520874,1.0700000524520874,600,0.0,0.0
2024-07-24 11:35:00-04:00,1.0700000524520874,1.0700000524520874,1.0700000524520874,1.0700000524520874,1037,0.0,0.0
2024-07-24 11:55:00-04:00,1.065999984741211,1.065999984741211,1.0199999809265137,1.0299999713897705,27633,0.0,0.0
2024-07-24 12:00:00-04:00,1.0499999523162842,1.0499999523162842,1.0399999618530273,1.0399999618530273,5208,0.0,0.0
2024-07-24 12:05:00-04:00,1.0367000102996826,1.0367000102996826,1.0199999809265137,1.0199999809265137,2652,0.0,0.0
2024-07-24 12:15:00-04:00,1.0099999904632568,1.0199999809265137,1.0098999738693237,1.0098999738693237,4705,0.0,0.0
2024-07-24 12:20:00-04:00,1.0049999952316284,1.0049999952316284,1.0049999952316284,1.0049999952316284,6917,0.0,0.0
2024-07-24 12:30:00-04:00,1.0049999952316284,1.0049999952316284,1.0,1.0,9150,0.0,0.0
2024-07-24 12:40:00-04:00,1.0119999647140503,1.0119999647140503,1.0019999742507935,1.0019999742507935,0,0.0,0.0
2024-07-24 12:50:00-04:00,1.0199999809265137,1.0199999809265137,1.0199999809265137,1.0199999809265137,506,0.0,0.0
2024-07-24 13:20:00-04:00,1.0199999809265137,1.0199999809265137,1.0003999471664429,1.0003999471664429,3431,0.0,0.0
2024-07-24 13:25:00-04:00,1.000100016593933,1.011199951171875,1.000100016593933,1.01010000705719,16145,0.0,0.0
2024-07-24 13:30:00-04:00,1.0099999904632568,1.0099999904632568,1.0099999904632568,1.0099999904632568,1098,0.0,0.0
2024-07-24 14:10:00-04:00,1.0099999904632568,1.0199999809265137,1.0099999904632568,1.0199999809265137,10892,0.0,0.0
2024-07-24 14:15:00-04:00,1.0049999952316284,1.0049999952316284,1.0,1.0,4473,0.0,0.0
2024-07-24 14:20:00-04:00,1.0,1.0,0.9800999760627747,0.9800999760627747,882,0.0,0.0
2024-07-24 15:10:00-04:00,1.0299999713897705,1.0299999713897705,1.0199999809265137,1.0199999809265137,4456,0.0,0.0
2024-07-24 15:15:00-04:00,1.0099999904632568,1.0099999904632568,0.9894999861717224,0.9894999861717224,200,0.0,0.0
2024-07-24 15:20:00-04:00,1.0299999713897705,1.0299999713897705,1.0299999713897705,1.0299999713897705,10517,0.0,0.0
2024-07-24 15:40:00-04:00,1.0149999856948853,1.0149999856948853,1.0149999856948853,1.0149999856948853,0,0.0,0.0
2024-07-24 15:45:00-04:00,1.0160000324249268,1.0160000324249268,1.0160000324249268,1.0160000324249268,129,0.0,0.0
2024-07-24 15:55:00-04:00,1.0199999809265137,1.024999976158142,1.0199999809265137,1.024999976158142,1156,0.0,0.0
2024-07-25 09:40:00-04:00,1.0,1.0,1.0,1.0,3834,0.0,0.0
2024-07-25 09:45:00-04:00,1.0160000324249268,1.0299999713897705,1.0160000324249268,1.0299999713897705,0,0.0,0.0
2024-07-25 10:15:00-04:00,1.0149999856948853,1.0149999856948853,1.0149999856948853,1.0149999856948853,105,0.0,0.0
2024-07-25 10:25:00-04:00,1.0149999856948853,1.0149999856948853,1.0149999856948853,1.0149999856948853,200,0.0,0.0
2024-07-25 11:20:00-04:00,1.0149999856948853,1.0149999856948853,1.0149999856948853,1.0149999856948853,2551,0.0,0.0
2024-07-25 11:30:00-04:00,1.0149999856948853,1.0149999856948853,1.0149999856948853,1.0149999856948853,79,0.0,0.0
2024-07-25 12:25:00-04:00,1.0099999904632568,1.0099999904632568,1.0099999904632568,1.0099999904632568,2890,0.0,0.0
2024-07-25 13:20:00-04:00,0.9900000095367432,0.9900000095367432,0.9900000095367432,0.9900000095367432,580,0.0,0.0
2024-07-25 13:45:00-04:00,1.0099999904632568,1.0099999904632568,0.9901000261306763,0.9901000261306763,1266,0.0,0.0
2024-07-25 13:55:00-04:00,1.0298999547958374,1.0298999547958374,1.0298999547958374,1.0298999547958374,1298,0.0,0.0
2024-07-25 14:45:00-04:00,0.9921000003814697,0.9921000003814697,0.9921000003814697,0.9921000003814697,2630,0.0,0.0
2024-07-25 15:05:00-04:00,0.9952999949455261,0.9952999949455261,0.9952999949455261,0.9952999949455261,4000,0.0,0.0
2024-07-25 15:30:00-04:00,0.9998000264167786,0.9998000264167786,0.9998000264167786,0.9998000264167786,0,0.0,0.0
2024-07-25 15:40:00-04:00,0.9997000098228455,0.9998000264167786,0.9997000098228455,0.9998000264167786,1394,0.0,0.0
2024-07-25 15:45:00-04:00,0.9948999881744385,1.0099999904632568,0.9900000095367432,1.0099999904632568,10488,0.0,0.0
2024-07-25 15:50:00-04:00,1.0199999809265137,1.0499999523162842,1.0199999809265137,1.0499999523162842,2000,0.0,0.0
2024-07-25 15:55:00-04:00,0.9921000003814697,1.0299999713897705,0.9921000003814697,1.0299999713897705,1041,0.0,0.0
2024-07-26 09:40:00-04:00,1.0300999879837036,1.0300999879837036,1.0300999879837036,1.0300999879837036,1087,0.0,0.0
2024-07-26 09:55:00-04:00,1.034999966621399,1.034999966621399,1.034999966621399,1.034999966621399,764,0.0,0.0
2024-07-26 10:05:00-04:00,1.0397000312805176,1.0397000312805176,1.0397000312805176,1.0397000312805176,0,0.0,0.0
2024-07-26 10:30:00-04:00,1.0299999713897705,1.0300999879837036,1.0299999713897705,1.0300999879837036,13905,0.0,0.0
2024-07-26 10:45:00-04:00,0.9987000226974487,0.9987000226974487,0.9987000226974487,0.9987000226974487,0,0.0,0.0
2024-07-26 11:10:00-04:00,1.0299999713897705,1.0299999713897705,1.0299999713897705,1.0299999713897705,114,0.0,0.0
2024-07-26 11:25:00-04:00,1.0199999809265137,1.0199999809265137,1.0199999809265137,1.0199999809265137,1328,0.0,0.0
2024-07-26 13:20:00-04:00,1.010599970817566,1.010599970817566,1.010599970817566,1.010599970817566,439,0.0,0.0
2024-07-26 13:35:00-04:00,1.0032000541687012,1.0032000541687012,1.0032000541687012,1.0032000541687012,797,0.0,0.0
2024-07-26 13:40:00-04:00,1.000100016593933,1.000100016593933,1.0,1.0,5540,0.0,0.0
2024-07-26 13:50:00-04:00,1.0049999952316284,1.0049999952316284,1.0049999952316284,1.0049999952316284,1717,0.0,0.0
2024-07-26 14:45:00-04:00,1.0,1.0,1.0,1.0,1201,0.0,0.0
2024-07-26 14:55:00-04:00,1.0,1.0,1.0,1.0,2988,0.0,0.0
2024-07-26 15:15:00-04:00,0.9940000176429749,0.9940000176429749,0.9940000176429749,0.9940000176429749,560,0.0,0.0
2024-07-26 15:35:00-04:00,1.0099999904632568,1.0099999904632568,1.0099999904632568,1.0099999904632568,143,0.0,0.0
2024-07-26 15:45:00-04:00,0.9998999834060669,0.9998999834060669,0.9998999834060669,0.9998999834060669,3739,0.0,0.0
2024-07-29 09:30:00-04:00,1.0,1.0,1.0,1.0,3507,0.0,0.0
2024-07-29 09:45:00-04:00,0.9702000021934509,0.9702000021934509,0.9702000021934509,0.9702000021934509,856,0.0,0.0
2024-07-29 09:50:00-04:00,0.9700000286102295,0.9700000286102295,0.8999999761581421,0.949999988079071,17335,0.0,0.0
2024-07-29 09:55:00-04:00,0.910099983215332,0.9199000000953674,0.910099983215332,0.9199000000953674,4734,0.0,0.0
2024-07-29 10:40:00-04:00,0.9799000024795532,0.9799000024795532,0.9799000024795532,0.9799000024795532,4006,0.0,0.0
2024-07-29 10:55:00-04:00,0.9700000286102295,0.9700000286102295,0.8899999856948853,0.8899999856948853,39543,0.0,0.0
2024-07-29 11:05:00-04:00,0.8949999809265137,0.8949999809265137,0.8949999809265137,0.8949999809265137,0,0.0,0.0
2024-07-29 11:10:00-04:00,0.9057999849319458,0.9057999849319458,0.9057999849319458,0.9057999849319458,1300,0.0,0.0
2024-07-29 12:10:00-04:00,0.949999988079071,0.949999988079071,0.949999988079071,0.949999988079071,164,0.0,0.0
2024-07-29 12:15:00-04:00,0.9200000166893005,0.9200000166893005,0.9200000166893005,0.9200000166893005,1057,0.0,0.0
2024-07-29 12:50:00-04:00,0.9351000189781189,0.9351000189781189,0.9351000189781189,0.9351000189781189,1779,0.0,0.0
2024-07-29 14:05:00-04:00,0.9302999973297119,0.9302999973297119,0.9200000166893005,0.9200000166893005,1378,0.0,0.0
2024-07-29 14:10:00-04:00,0.9199000000953674,0.9199000000953674,0.9199000000953674,0.9199000000953674,4410,0.0,0.0
2024-07-29 14:15:00-04:00,0.9214000105857849,0.9214000105857849,0.9214000105857849,0.9214000105857849,1136,0.0,0.0
2024-07-29 14:35:00-04:00,0.9175000190734863,0.9175000190734863,0.9175000190734863,0.9175000190734863,700,0.0,0.0
2024-07-29 14:45:00-04:00,0.9100000262260437,0.9279999732971191,0.8999999761581421,0.9279999732971191,3601,0.0,0.0
2024-07-29 15:50:00-04:00,0.9151999950408936,0.9151999950408936,0.9151999950408936,0.9151999950408936,530,0.0,0.0
2024-07-29 15:55:00-04:00,0.9151999950408936,0.9151999950408936,0.9151999950408936,0.9151999950408936,472,0.0,0.0
2024-07-30 09:30:00-04:00,0.9100000262260437,0.9100000262260437,0.9100000262260437,0.9100000262260437,446,0.0,0.0
2024-07-30 10:35:00-04:00,0.9128999710083008,0.9128999710083008,0.9128999710083008,0.9128999710083008,251,0.0,0.0
2024-07-30 10:50:00-04:00,0.9480000138282776,0.9480000138282776,0.9290000200271606,0.9290000200271606,2004,0.0,0.0
2024-07-30 11:15:00-04:00,0.9290000200271606,0.9290000200271606,0.9290000200271606,0.9290000200271606,0,0.0,0.0
2024-07-30 11:30:00-04:00,0.9480000138282776,0.9480000138282776,0.9480000138282776,0.9480000138282776,3846,0.0,0.0
2024-07-30 13:00:00-04:00,0.9300000071525574,0.9300000071525574,0.8999999761581421,0.8999999761581421,3018,0.0,0.0
2024-07-30 13:10:00-04:00,0.9000999927520752,0.9000999927520752,0.9000999927520752,0.9000999927520752,12510,0.0,0.0
2024-07-30 13:25:00-04:00,0.8999999761581421,0.8999999761581421,0.8999000191688538,0.8999000191688538,246,0.0,0.0
2024-07-30 13:40:00-04:00,0.8991000056266785,0.8991000056266785,0.8991000056266785,0.8991000056266785,8314,0.0,0.0
2024-07-30 14:15:00-04:00,0.8801000118255615,0.8989999890327454,0.8801000118255615,0.8989999890327454,1900,0.0,0.0
2024-07-30 14:25:00-04:00,0.9100000262260437,0.9100000262260437,0.9100000262260437,0.9100000262260437,2163,0.0,0.0
2024-07-30 15:00:00-04:00,0.9160000085830688,0.9160000085830688,0.9160000085830688,0.9160000085830688,800,0.0,0.0
2024-07-30 15:15:00-04:00,0.9160000085830688,0.9160000085830688,0.9160000085830688,0.9160000085830688,0,0.0,0.0
2024-07-30 15:30:00-04:00,0.9070000052452087,0.9070000052452087,0.9070000052452087,0.9070000052452087,217,0.0,0.0
2024-07-30 15:45:00-04:00,0.9020000100135803,0.9020000100135803,0.9020000100135803,0.9020000100135803,0,0.0,0.0
2024-07-31 09:40:00-04:00,0.9100000262260437,0.9100000262260437,0.9100000262260437,0.9100000262260437,1757,0.0,0.0
2024-07-31 10:35:00-04:00,0.9100000262260437,0.9271000027656555,0.9100000262260437,0.9271000027656555,3423,0.0,0.0
2024-07-31 10:50:00-04:00,0.9449999928474426,0.9459999799728394,0.9399999976158142,0.9399999976158142,25728,0.0,0.0
2024-07-31 11:10:00-04:00,0.9440000057220459,0.9440000057220459,0.9440000057220459,0.9440000057220459,400,0.0,0.0
2024-07-31 11:15:00-04:00,0.9438999891281128,0.9438999891281128,0.9438999891281128,0.9438999891281128,37,0.0,0.0
2024-07-31 11:25:00-04:00,0.9248999953269958,0.9248999953269958,0.9248999953269958,0.9248999953269958,200,0.0,0.0
2024-07-31 12:00:00-04:00,0.9419000148773193,0.9419000148773193,0.9419000148773193,0.9419000148773193,0,0.0,0.0
2024-07-31 13:05:00-04:00,0.8999999761581421,0.9089999794960022,0.8999999761581421,0.9089999794960022,42530,0.0,0.0
2024-07-31 13:20:00-04:00,0.8996000289916992,0.8996000289916992,0.8996000289916992,0.8996000289916992,334,0.0,0.0
2024-07-31 13:30:00-04:00,0.8999000191688538,0.8999000191688538,0.8999000191688538,0.8999000191688538,2307,0.0,0.0
2024-07-31 13:35:00-04:00,0.8901000022888184,0.8901000022888184,0.8901000022888184,0.8901000022888184,0,0.0,0.0
2024-07-31 14:15:00-04:00,0.8899999856948853,0.8899999856948853,0.8899999856948853,0.8899999856948853,5025,0.0,0.0
2024-07-31 14:25:00-04:00,0.8999999761581421,0.9000999927520752,0.8949999809265137,0.8949999809265137,1532,0.0,0.0
2024-07-31 14:40:00-04:00,0.8999000191688538,0.8999999761581421,0.8999000191688538,0.8999999761581421,7413,0.0,0.0
2024-07-31 15:30:00-04:00,0.9182999730110168,0.9182999730110168,0.9182999730110168,0.9182999730110168,225,0.0,0.0
2024-07-31 15:45:00-04:00,0.9200999736785889,0.9200999736785889,0.9200999736785889,0.9200999736785889,120,0.0,0.0
2024-08-01 09:45:00-04:00,0.9430000185966492,0.9430000185966492,0.9430000185966492,0.9430000185966492,420,0.0,0.0
2024-08-01 10:00:00-04:00,0.9424999952316284,0.9424999952316284,0.9424999952316284,0.9424999952316284,2262,0.0,0.0
2024-08-01 10:25:00-04:00,0.9398999810218811,0.949999988079071,0.9398999810218811,0.949999988079071,17148,0.0,0.0
2024-08-01 11:40:00-04:00,0.9610000252723694,0.9610000252723694,0.9610000252723694,0.9610000252723694,6425,0.0,0.0
2024-08-01 12:35:00-04:00,0.949999988079071,0.949999988079071,0.949999988079071,0.949999988079071,0,0.0,0.0
2024-08-01 13:05:00-04:00,0.9697999954223633,0.9975000023841858,0.9697999954223633,0.9975000023841858,45751,0.0,0.0
2024-08-01 13:10:00-04:00,0.9890000224113464,0.9980000257492065,0.9890000224113464,0.9980000257492065,468,0.0,0.0
2024-08-01 13:25:00-04:00,0.9800000190734863,0.9800000190734863,0.9800000190734863,0.9800000190734863,510,0.0,0.0
2024-08-01 13:40:00-04:00,0.9800000190734863,0.9800000190734863,0.9800000190734863,0.9800000190734863,1460,0.0,0.0
2024-08-01 13:50:00-04:00,0.9979000091552734,0.9979000091552734,0.9979000091552734,0.9979000091552734,325,0.0,0.0
2024-08-01 14:30:00-04:00,0.9980000257492065,0.9980000257492065,0.9980000257492065,0.9980000257492065,2023,0.0,0.0
2024-08-01 14:45:00-04:00,0.9810000061988831,0.9810000061988831,0.9810000061988831,0.9810000061988831,4000,0.0,0.0
2024-08-01 15:45:00-04:00,0.9800000190734863,0.9800000190734863,0.9800000190734863,0.9800000190734863,0,0.0,0.0
2024-08-01 15:55:00-04:00,0.9736999869346619,0.9740999937057495,0.9589999914169312,0.9589999914169312,56023,0.0,0.0
2024-08-02 09:30:00-04:00,0.9401000142097473,0.9401000142097473,0.9100000262260437,0.910099983215332,7384,0.0,0.0
2024-08-02 10:25:00-04:00,0.9151999950408936,0.9151999950408936,0.9150999784469604,0.9150999784469604,6149,0.0,0.0
2024-08-02 10:30:00-04:00,0.9150999784469604,0.9150999784469604,0.9150999784469604,0.9150999784469604,480,0.0,0.0
2024-08-02 10:40:00-04:00,0.9172000288963318,0.9172000288963318,0.9172000288963318,0.9172000288963318,5020,0.0,0.0
2024-08-02 10:50:00-04:00,0.9390000104904175,0.9390000104904175,0.9390000104904175,0.9390000104904175,204,0.0,0.0
2024-08-02 11:05:00-04:00,0.9401000142097473,0.9567000269889832,0.9401000142097473,0.9567000269889832,745,0.0,0.0
2024-08-02 11:25:00-04:00,0.9355000257492065,0.9355000257492065,0.9355000257492065,0.9355000257492065,9820,0.0,0.0
2024-08-02 11:35:00-04:00,0.9539999961853027,0.9539999961853027,0.9539999961853027,0.9539999961853027,0,0.0,0.0
2024-08-02 11:40:00-04:00,0.9779999852180481,0.9779999852180481,0.9779999852180481,0.9779999852180481,0,0.0,0.0
2024-08-02 11:55:00-04:00,0.9779000282287598,0.9779000282287598,0.9779000282287598,0.9779000282287598,1020,0.0,0.0
2024-08-02 12:15:00-04:00,0.9305999875068665,0.9305999875068665,0.9305999875068665,0.9305999875068665,10531,0.0,0.0
2024-08-02 12:55:00-04:00,0.9480999708175659,0.9480999708175659,0.9480999708175659,0.9480999708175659,2678,0.0,0.0
2024-08-02 13:45:00-04:00,0.9307000041007996,0.9307000041007996,0.9307000041007996,0.9307000041007996,2045,0.0,0.0
2024-08-02 14:10:00-04:00,0.930899977684021,0.930899977684021,0.930899977684021,0.930899977684021,1131,0.0,0.0
2024-08-02 14:50:00-04:00,0.9200999736785889,0.9200999736785889,0.9200999736785889,0.9200999736785889,4351,0.0,0.0
2024-08-02 15:00:00-04:00,0.9200000166893005,0.9200000166893005,0.9200000166893005,0.9200000166893005,14,0.0,0.0
2024-08-02 15:10:00-04:00,0.9100000262260437,0.9100000262260437,0.9100000262260437,0.9100000262260437,3895,0.0,0.0
2024-08-02 15:15:00-04:00,0.9097999930381775,0.9097999930381775,0.9097999930381775,0.9097999930381775,2094,0.0,0.0
2024-08-02 15:35:00-04:00,0.909600019454956,0.909600019454956,0.909600019454956,0.909600019454956,110,0.0,0.0
2024-08-02 15:40:00-04:00,0.8999999761581421,0.8999999761581421,0.8999999761581421,0.8999999761581421,840,0.0,0.0
2024-08-02 15:55:00-04:00,0.902899980545044,0.902899980545044,0.902899980545044,0.902899980545044,1407,0.0,0.0
2024-08-05 09:30:00-04:00,0.8600000143051147,0.8600000143051147,0.8500000238418579,0.8500000238418579,33683,0.0,0.0
2024-08-05 09:35:00-04:00,0.8248999714851379,0.824999988079071,0.8105000257492065,0.8105000257492065,3924,0.0,0.0
2024-08-05 09:40:00-04:00,0.8149999976158142,0.8149999976158142,0.8149999976158142,0.8149999976158142,359,0.0,0.0
2024-08-05 09:45:00-04:00,0.8151000142097473,0.8377000093460083,0.8151000142097473,0.8377000093460083,2218,0.0,0.0
2024-08-05 09:50:00-04:00,0.8300999999046326,0.8300999999046326,0.8300999999046326,0.8300999999046326,1769,0.0,0.0
2024-08-05 10:05:00-04:00,0.8495000004768372,0.8495000004768372,0.8495000004768372,0.8495000004768372,420,0.0,0.0
2024-08-05 10:10:00-04:00,0.8495000004768372,0.8495000004768372,0.8399999737739563,0.8399999737739563,1040,0.0,0.0
2024-08-05 10:25:00-04:00,0.8539999723434448,0.8539999723434448,0.8539999723434448,0.8539999723434448,1360,0.0,0.0
2024-08-05 10:30:00-04:00,0.8700000047683716,0.8700000047683716,0.8700000047683716,0.8700000047683716,2970,0.0,0.0
2024-08-05 10:35:00-04:00,0.8973000049591064,0.8973000049591064,0.8690000176429749,0.8690000176429749,0,0.0,0.0
2024-08-05 10:55:00-04:00,0.8500999808311462,0.8500999808311462,0.8500999808311462,0.8500999808311462,4912,0.0,0.0
2024-08-05 11:00:00-04:00,0.8500999808311462,0.8500999808311462,0.8500999808311462,0.8500999808311462,4752,0.0,0.0
2024-08-05 11:05:00-04:00,0.8504999876022339,0.8504999876022339,0.8504999876022339,0.8504999876022339,0,0.0,0.0
2024-08-05 11:10:00-04:00,0.8600000143051147,0.8600000143051147,0.8600000143051147,0.8600000143051147,200,0.0,0.0
2024-08-05 11:20:00-04:00,0.8698999881744385,0.8698999881744385,0.8698999881744385,0.8698999881744385,316,0.0,0.0
2024-08-05 11:40:00-04:00,0.8955000042915344,0.8955000042915344,0.8500000238418579,0.8500000238418579,18197,0.0,0.0
2024-08-05 11:50:00-04:00,0.8698999881744385,0.8698999881744385,0.8500000238418579,0.8500000238418579,10900,0.0,0.0
2024-08-05 11:55:00-04:00,0.8500000238418579,0.8500000238418579,0.8500000238418579,0.8500000238418579,15215,0.0,0.0
2024-08-05 12:10:00-04:00,0.8600000143051147,0.8600000143051147,0.8600000143051147,0.8600000143051147,18544,0.0,0.0
2024-08-05 12:30:00-04:00,0.8500000238418579,0.8698999881744385,0.8500000238418579,0.8698999881744385,700,0.0,0.0
2024-08-05 12:55:00-04:00,0.8500000238418579,0.8500000238418579,0.8500000238418579,0.8500000238418579,0,0.0,0.0
2024-08-05 13:00:00-04:00,0.8600000143051147,0.8600000143051147,0.8600000143051147,0.8600000143051147,222,0.0,0.0
2024-08-05 13:05:00-04:00,0.8500999808311462,0.8600000143051147,0.8500999808311462,0.8600000143051147,1089,0.0,0.0
2024-08-05 13:20:00-04:00,0.8698999881744385,0.8698999881744385,0.8698999881744385,0.8698999881744385,649,0.0,0.0
2024-08-05 13:40:00-04:00,0.8500000238418579,0.8500000238418579,0.8500000238418579,0.8500000238418579,10007,0.0,0.0
2024-08-05 13:45:00-04:00,0.8600000143051147,0.8600000143051147,0.8600000143051147,0.8600000143051147,0,0.0,0.0
2024-08-05 13:55:00-04:00,0.8700000047683716,0.8700000047683716,0.8600000143051147,0.8600000143051147,0,0.0,0.0
2024-08-05 14:05:00-04:00,0.8600000143051147,0.8600000143051147,0.8600000143051147,0.8600000143051147,704,0.0,0.0
2024-08-05 14:10:00-04:00,0.8690000176429749,0.8690000176429749,0.8690000176429749,0.8690000176429749,397,0.0,0.0
2024-08-05 15:00:00-04:00,0.8640000224113464,0.8640000224113464,0.8640000224113464,0.8640000224113464,241,0.0,0.0
2024-08-05 15:15:00-04:00,0.8600000143051147,0.8600000143051147,0.8600000143051147,0.8600000143051147,780,0.0,0.0
2024-08-05 15:25:00-04:00,0.8679999709129333,0.8679999709129333,0.8500999808311462,0.8500999808311462,930,0.0,0.0
2024-08-06 09:30:00-04:00,0.8500000238418579,0.8500000238418579,0.8500000238418579,0.8500000238418579,3579,0.0,0.0
2024-08-06 09:40:00-04:00,0.8824999928474426,0.8824999928474426,0.8824999928474426,0.8824999928474426,11131,0.0,0.0
2024-08-06 10:35:00-04:00,0.8501999974250793,0.8501999974250793,0.8501999974250793,0.8501999974250793,1157,0.0,0.0
2024-08-06 12:15:00-04:00,0.8399999737739563,0.8399999737739563,0.8399999737739563,0.8399999737739563,2282,0.0,0.0
2024-08-06 12:30:00-04:00,0.8248999714851379,0.8248999714851379,0.8248999714851379,0.8248999714851379,946,0.0,0.0
2024-08-06 12:35:00-04:00,0.8296999931335449,0.8296999931335449,0.8296999931335449,0.8296999931335449,4146,0.0,0.0
2024-08-06 13:10:00-04:00,0.8295000195503235,0.8295000195503235,0.8295000195503235,0.8295000195503235,1629,0.0,0.0
2024-08-06 13:25:00-04:00,0.8292999863624573,0.8292999863624573,0.8292999863624573,0.8292999863624573,2487,0.0,0.0
2024-08-06 14:20:00-04:00,0.8288999795913696,0.8289999961853027,0.8288999795913696,0.8289999961853027,991,0.0,0.0
2024-08-06 14:25:00-04:00,0.8289999961853027,0.833899974822998,0.8289999961853027,0.833899974822998,7606,0.0,0.0
2024-08-06 14:30:00-04:00,0.8339999914169312,0.8339999914169312,0.8339999914169312,0.8339999914169312,575,0.0,0.0
2024-08-06 15:30:00-04:00,0.8580999970436096,0.8580999970436096,0.8580999970436096,0.8580999970436096,689,0.0,0.0
2024-08-06 15:35:00-04:00,0.8309000134468079,0.8309000134468079,0.8309000134468079,0.8309000134468079,0,0.0,0.0
2024-08-06 15:40:00-04:00,0.8303999900817871,0.8303999900817871,0.8303999900817871,0.8303999900817871,1185,0.0,0.0
2024-08-06 15:55:00-04:00,0.840399980545044,0.840399980545044,0.840399980545044,0.840399980545044,1717,0.0,0.0
2024-08-07 09:35:00-04:00,0.8201000094413757,0.8201000094413757,0.8201000094413757,0.8201000094413757,546,0.0,0.0
2024-08-07 09:50:00-04:00,0.8360000252723694,0.8360000252723694,0.8360000252723694,0.8360000252723694,1176,0.0,0.0
2024-08-07 10:05:00-04:00,0.8300999999046326,0.8300999999046326,0.8300999999046326,0.8300999999046326,270,0.0,0.0
2024-08-07 10:20:00-04:00,0.839900016784668,0.839900016784668,0.839900016784668,0.839900016784668,391,0.0,0.0
2024-08-07 10:30:00-04:00,0.839900016784668,0.839900016784668,0.839900016784668,0.839900016784668,200,0.0,0.0
2024-08-07 10:35:00-04:00,0.8349000215530396,0.8799999952316284,0.8349000215530396,0.8799999952316284,13841,0.0,0.0
2024-08-07 10:45:00-04:00,0.8999999761581421,0.8999999761581421,0.835099995136261,0.8675000071525574,4318,0.0,0.0
2024-08-07 10:55:00-04:00,0.8999999761581421,0.8999999761581421,0.8999999761581421,0.8999999761581421,150,0.0,0.0
2024-08-07 11:15:00-04:00,0.8700000047683716,0.8716999888420105,0.8700000047683716,0.8716999888420105,1102,0.0,0.0
2024-08-07 11:30:00-04:00,0.8700000047683716,0.8700000047683716,0.8700000047683716,0.8700000047683716,500,0.0,0.0
2024-08-07 11:35:00-04:00,0.8357999920845032,0.8357999920845032,0.8015000224113464,0.8015000224113464,18791,0.0,0.0
2024-08-07 11:45:00-04:00,0.8050000071525574,0.8050000071525574,0.800000011920929,0.800000011920929,16248,0.0,0.0
2024-08-07 11:50:00-04:00,0.8199999928474426,0.8299000263214111,0.8199999928474426,0.8299000263214111,401,0.0,0.0
2024-08-07 11:55:00-04:00,0.828000009059906,0.8639000058174133,0.8195000290870667,0.8582000136375427,6411,0.0,0.0
2024-08-07 12:00:00-04:00,0.8974000215530396,0.8974000215530396,0.8974000215530396,0.8974000215530396,1875,0.0,0.0
2024-08-07 12:10:00-04:00,0.8996999859809875,0.8996999859809875,0.8996999859809875,0.8996999859809875,45,0.0,0.0
2024-08-07 12:15:00-04:00,0.8399999737739563,0.8399999737739563,0.8399999737739563,0.8399999737739563,10118,0.0,0.0
2024-08-07 12:35:00-04:00,0.8737000226974487,0.8808000087738037,0.8737000226974487,0.8808000087738037,3175,0.0,0.0
2024-08-07 13:20:00-04:00,0.8450000286102295,0.8799999952316284,0.8450000286102295,0.8799999952316284,19385,0.0,0.0
2024-08-07 13:55:00-04:00,0.8725000023841858,0.8725000023841858,0.8725000023841858,0.8725000023841858,2401,0.0,0.0
2024-08-07 14:30:00-04:00,0.8500000238418579,0.8500000238418579,0.8500000238418579,0.8500000238418579,3028,0.0,0.0
2024-08-07 14:35:00-04:00,0.8500999808311462,0.8500999808311462,0.8500999808311462,0.8500999808311462,2616,0.0,0.0
2024-08-07 15:00:00-04:00,0.8799999952316284,0.8799999952316284,0.8799999952316284,0.8799999952316284,1655,0.0,0.0
2024-08-07 15:15:00-04:00,0.8600999712944031,0.8600999712944031,0.8600999712944031,0.8600999712944031,206,0.0,0.0
2024-08-07 15:25:00-04:00,0.8600999712944031,0.8790000081062317,0.8600000143051147,0.8790000081062317,8732,0.0,0.0
2024-08-07 15:30:00-04:00,0.8799999952316284,0.8799999952316284,0.8799999952316284,0.8799999952316284,911,0.0,0.0
2024-08-07 15:35:00-04:00,0.8798999786376953,0.8798999786376953,0.8798999786376953,0.8798999786376953,500,0.0,0.0
2024-08-07 15:40:00-04:00,0.8798999786376953,0.8798999786376953,0.879800021648407,0.8798999786376953,7061,0.0,0.0
2024-08-07 15:45:00-04:00,0.862500011920929,0.862500011920929,0.862500011920929,0.862500011920929,289,0.0,0.0
2024-08-07 15:55:00-04:00,0.8597000241279602,0.8650000095367432,0.8597000241279602,0.8650000095367432,0,0.0,0.0
2024-08-08 09:30:00-04:00,0.8899999856948853,0.8978999853134155,0.8899999856948853,0.8978999853134155,2830,0.0,0.0
2024-08-08 09:35:00-04:00,0.885699987411499,0.885699987411499,0.885699987411499,0.885699987411499,0,0.0,0.0
2024-08-08 09:40:00-04:00,0.8899999856948853,0.8899999856948853,0.8899999856948853,0.8899999856948853,1002,0.0,0.0
2024-08-08 10:00:00-04:00,0.8111000061035156,0.8111000061035156,0.8111000061035156,0.8111000061035156,1000,0.0,0.0
2024-08-08 10:05:00-04:00,0.8450000286102295,0.8450000286102295,0.8100000023841858,0.8100000023841858,11569,0.0,0.0
2024-08-08 10:20:00-04:00,0.8300999999046326,0.8300999999046326,0.8300999999046326,0.8300999999046326,10014,0.0,0.0
2024-08-08 10:30:00-04:00,0.8300999999046326,0.8300999999046326,0.8300999999046326,0.8300999999046326,20324,0.0,0.0
2024-08-08 10:40:00-04:00,0.8888999819755554,0.8888999819755554,0.8888999819755554,0.8888999819755554,3002,0.0,0.0
2024-08-08 10:45:00-04:00,0.8596000075340271,0.8881999850273132,0.859499990940094,0.8712999820709229,4528,0.0,0.0
2024-08-08 10:50:00-04:00,0.8596000075340271,0.8596000075340271,0.8596000075340271,0.8596000075340271,289,0.0,0.0
2024-08-08 11:45:00-04:00,0.8884999752044678,0.8884999752044678,0.8884999752044678,0.8884999752044678,1174,0.0,0.0
2024-08-08 11:50:00-04:00,0.8888000249862671,0.8888999819755554,0.8700000047683716,0.8799999952316284,9093,0.0,0.0
2024-08-08 11:55:00-04:00,0.8799999952316284,0.8799999952316284,0.8799999952316284,0.8799999952316284,686,0.0,0.0
2024-08-08 12:05:00-04:00,0.8889999985694885,0.8889999985694885,0.8889999985694885,0.8889999985694885,1130,0.0,0.0
2024-08-08 12:15:00-04:00,0.8898000121116638,0.8898000121116638,0.8898000121116638,0.8898000121116638,0,0.0,0.0
2024-08-08 12:40:00-04:00,0.8799999952316284,0.8799999952316284,0.8701000213623047,0.8701000213623047,83750,0.0,0.0
2024-08-08 12:45:00-04:00,0.8799999952316284,0.8999999761581421,0.8799999952316284,0.8899999856948853,12050,0.0,0.0
2024-08-08 13:20:00-04:00,0.8999999761581421,0.8999999761581421,0.8849999904632568,0.8849999904632568,0,0.0,0.0
2024-08-08 13:40:00-04:00,0.8999000191688538,0.8999000191688538,0.8999000191688538,0.8999000191688538,300,0.0,0.0
2024-08-08 13:45:00-04:00,0.8999000191688538,0.8999000191688538,0.8998000025749207,0.8999000191688538,4861,0.0,0.0
2024-08-08 13:50:00-04:00,0.8999000191688538,0.9100000262260437,0.8986999988555908,0.9100000262260437,13618,0.0,0.0
2024-08-08 13:55:00-04:00,0.9041000008583069,0.9041000008583069,0.902400016784668,0.902400016784668,2940,0.0,0.0
2024-08-08 14:05:00-04:00,0.9199000000953674,0.9199000000953674,0.9199000000953674,0.9199000000953674,11857,0.0,0.0
2024-08-08 14:45:00-04:00,0.9197999835014343,0.9300000071525574,0.9197999835014343,0.9300000071525574,4543,0.0,0.0
2024-08-08 14:50:00-04:00,0.9300000071525574,0.9300000071525574,0.9300000071525574,0.9300000071525574,4038,0.0,0.0
2024-08-08 15:40:00-04:00,0.9075000286102295,0.9075000286102295,0.9075000286102295,0.9075000286102295,2000,0.0,0.0
2024-08-08 15:45:00-04:00,0.9254999756813049,0.9254999756813049,0.9254999756813049,0.9254999756813049,771,0.0,0.0
2024-08-08 15:50:00-04:00,0.8799999952316284,0.9100000262260437,0.8799999952316284,0.9100000262260437,1703,0.0,0.0
2024-08-09 09:30:00-04:00,0.9300000071525574,0.949999988079071,0.9300000071525574,0.949999988079071,5861,0.0,0.0
2024-08-09 09:35:00-04:00,0.9399999976158142,0.9399999976158142,0.9100000262260437,0.9100000262260437,5332,0.0,0.0
2024-08-09 09:40:00-04:00,0.8801000118255615,0.8801000118255615,0.8801000118255615,0.8801000118255615,1093,0.0,0.0
2024-08-09 09:45:00-04:00,0.8801000118255615,0.8801000118255615,0.8801000118255615,0.8801000118255615,200,0.0,0.0
2024-08-09 09:50:00-04:00,0.8801000118255615,0.9200000166893005,0.8801000118255615,0.906000018119812,1311,0.0,0.0
2024-08-09 09:55:00-04:00,0.9315999746322632,0.9316999912261963,0.906000018119812,0.9316999912261963,0,0.0,0.0
2024-08-09 10:00:00-04:00,0.9194999933242798,0.9194999933242798,0.9190000295639038,0.9190000295639038,14845,0.0,0.0
2024-08-09 10:05:00-04:00,0.9315999746322632,0.9315999746322632,0.9315999746322632,0.9315999746322632,350,0.0,0.0
2024-08-09 10:25:00-04:00,0.9115999937057495,0.9498999714851379,0.9115999937057495,0.9498999714851379,11420,0.0,0.0
2024-08-09 10:30:00-04:00,0.9343000054359436,0.9343000054359436,0.914900004863739,0.914900004863739,410,0.0,0.0
2024-08-09 10:50:00-04:00,0.9180999994277954,0.9180999994277954,0.9180999994277954,0.9180999994277954,3139,0.0,0.0
2024-08-09 10:55:00-04:00,0.9199000000953674,0.9199000000953674,0.9199000000953674,0.9199000000953674,706,0.0,0.0
2024-08-09 11:05:00-04:00,0.9492999911308289,0.9492999911308289,0.9490000009536743,0.9490000009536743,4797,0.0,0.0
2024-08-09 11:10:00-04:00,0.9487000107765198,0.9611999988555908,0.9485999941825867,0.9611999988555908,2559,0.0,0.0
2024-08-09 11:40:00-04:00,0.9527999758720398,0.9527999758720398,0.9527999758720398,0.9527999758720398,2007,0.0,0.0
2024-08-09 12:10:00-04:00,0.9602000117301941,0.9602000117301941,0.9602000117301941,0.9602000117301941,7566,0.0,0.0
2024-08-09 12:30:00-04:00,0.9603000283241272,0.9603000283241272,0.9603000283241272,0.9603000283241272,106,0.0,0.0
2024-08-09 12:35:00-04:00,0.9603000283241272,0.9603000283241272,0.9603000283241272,0.9603000283241272,5000,0.0,0.0
2024-08-09 12:40:00-04:00,0.9603000283241272,0.9603000283241272,0.9602000117301941,0.9602000117301941,12004,0.0,0.0
2024-08-09 12:45:00-04:00,0.9603000283241272,0.9603000283241272,0.9603000283241272,0.9603000283241272,4812,0.0,0.0
2024-08-09 12:50:00-04:00,0.9351000189781189,0.9603000283241272,0.9351000189781189,0.9603000283241272,768,0.0,0.0
2024-08-09 13:55:00-04:00,0.9351000189781189,0.9351999759674072,0.9351000189781189,0.9351999759674072,801,0.0,0.0
2024-08-09 14:05:00-04:00,0.9275000095367432,0.9275000095367432,0.9275000095367432,0.9275000095367432,873,0.0,0.0
2024-08-09 14:50:00-04:00,0.9337999820709229,0.933899998664856,0.9223999977111816,0.9315000176429749,2527,0.0,0.0
2024-08-09 14:55:00-04:00,0.9330000281333923,0.933899998664856,0.9330000281333923,0.9337999820709229,3440,0.0,0.0
2024-08-09 15:15:00-04:00,0.9398999810218811,0.9398999810218811,0.9398999810218811,0.9398999810218811,1015,0.0,0.0
2024-08-09 15:25:00-04:00,0.9398999810218811,0.9398999810218811,0.9369999766349792,0.9369999766349792,657,0.0,0.0
2024-08-09 15:30:00-04:00,0.9424999952316284,0.9424999952316284,0.9424999952316284,0.9424999952316284,3052,0.0,0.0
2024-08-09 15:40:00-04:00,0.9449999928474426,0.9449999928474426,0.9449999928474426,0.9449999928474426,817,0.0,0.0
2024-08-09 15:45:00-04:00,0.9449999928474426,0.9449999928474426,0.9449999928474426,0.9449999928474426,166,0.0,0.0
2024-08-12 09:30:00-04:00,0.9800000190734863,1.0,0.963699996471405,0.9998999834060669,29645,0.0,0.0
2024-08-12 09:35:00-04:00,0.9998999834060669,0.9998999834060669,0.9553999900817871,0.9599999785423279,0,0.0,0.0
2024-08-12 10:00:00-04:00,0.9800000190734863,0.9800000190734863,0.9800000190734863,0.9800000190734863,25555,0.0,0.0
2024-08-12 10:05:00-04:00,0.9825000166893005,0.9848999977111816,0.9731000065803528,0.9731000065803528,2124,0.0,0.0
2024-08-12 10:15:00-04:00,0.9599999785423279,0.9725000262260437,0.9599999785423279,0.9725000262260437,2415,0.0,0.0
2024-08-12 10:35:00-04:00,0.9998999834060669,1.0099999904632568,0.9998999834060669,1.0099999904632568,9024,0.0,0.0
2024-08-12 10:40:00-04:00,1.0099999904632568,1.0299999713897705,1.0099999904632568,1.0299999713897705,3813,0.0,0.0
2024-08-12 11:00:00-04:00,1.0299999713897705,1.0299999713897705,1.0299999713897705,1.0299999713897705,1341,0.0,0.0
2024-08-12 11:25:00-04:00,1.0499999523162842,1.0499999523162842,1.0499999523162842,1.0499999523162842,5092,0.0,0.0
2024-08-12 11:30:00-04:00,1.0399999618530273,1.0399999618530273,1.0399999618530273,1.0399999618530273,1302,0.0,0.0
2024-08-12 11:35:00-04:00,1.0499999523162842,1.065000057220459,1.0427000522613525,1.065000057220459,1545,0.0,0.0
2024-08-12 11:40:00-04:00,1.089900016784668,1.089900016784668,1.059999942779541,1.059999942779541,1371,0.0,0.0
2024-08-12 11:50:00-04:00,1.0499999523162842,1.0499999523162842,1.0498000383377075,1.0498000383377075,5204,0.0,0.0
2024-08-12 12:00:00-04:00,1.034999966621399,1.034999966621399,1.034999966621399,1.034999966621399,201,0.0,0.0
2024-08-12 12:15:00-04:00,1.0200999975204468,1.0200999975204468,1.0200999975204468,1.0200999975204468,1830,0.0,0.0
2024-08-12 12:50:00-04:00,1.0299999713897705,1.0371999740600586,1.0299999713897705,1.0371999740600586,2677,0.0,0.0
2024-08-12 12:55:00-04:00,1.0499999523162842,1.0499999523162842,1.0499999523162842,1.0499999523162842,508,0.0,0.0
2024-08-12 13:10:00-04:00,1.0399999618530273,1.0399999618530273,1.0399999618530273,1.0399999618530273,1919,0.0,0.0
2024-08-12 13:35:00-04:00,1.0399999618530273,1.0399999618530273,1.0399999618530273,1.0399999618530273,396,0.0,0.0
2024-08-12 13:55:00-04:00,1.0384999513626099,1.0384999513626099,1.0384999513626099,1.0384999513626099,1359,0.0,0.0
2024-08-12 14:30:00-04:00,1.034999966621399,1.034999966621399,1.034999966621399,1.034999966621399,1590,0.0,0.0
2024-08-12 14:40:00-04:00,1.0399999618530273,1.0496000051498413,1.0399999618530273,1.0496000051498413,2470,0.0,0.0
2024-08-12 14:45:00-04:00,1.0410000085830688,1.0410000085830688,1.0410000085830688,1.0410000085830688,424,0.0,0.0
2024-08-12 14:50:00-04:00,1.042199969291687,1.042199969291687,1.042199969291687,1.042199969291687,2138,0.0,0.0
2024-08-12 14:55:00-04:00,1.0499000549316406,1.0499000549316406,1.0499000549316406,1.0499000549316406,3408,0.0,0.0
2024-08-12 15:00:00-04:00,1.0399999618530273,1.0399999618530273,1.0394999980926514,1.0394999980926514,4646,0.0,0.0
2024-08-12 15:05:00-04:00,1.0398000478744507,1.0398000478744507,1.0398000478744507,1.0398000478744507,1187,0.0,0.0
2024-08-12 15:20:00-04:00,1.0399999618530273,1.0399999618530273,1.0299999713897705,1.0299999713897705,1180,0.0,0.0
2024-08-12 15:25:00-04:00,1.0399999618530273,1.0399999618530273,1.0399999618530273,1.0399999618530273,402,0.0,0.0
2024-08-12 15:30:00-04:00,1.0299999713897705,1.0299999713897705,1.0299999713897705,1.0299999713897705,208,0.0,0.0
2024-08-12 15:40:00-04:00,1.0299999713897705,1.0299999713897705,1.0299999713897705,1.0299999713897705,12032,0.0,0.0
2024-08-12 15:50:00-04:00,1.0399999618530273,1.0399999618530273,1.0299999713897705,1.0399999618530273,2189,0.0,0.0
2024-08-13 09:30:00-04:00,1.0499999523162842,1.0499999523162842,1.01010000705719,1.01010000705719,20246,0.0,0.0
2024-08-13 09:35:00-04:00,1.0299999713897705,1.0591000318527222,1.0299999713897705,1.0499999523162842,8805,0.0,0.0
2024-08-13 09:40:00-04:00,1.0700000524520874,1.0800000429153442,1.0499999523162842,1.0499999523162842,8989,0.0,0.0
2024-08-13 09:45:00-04:00,1.0520000457763672,1.0520000457763672,1.0520000457763672,1.0520000457763672,0,0.0,0.0
2024-08-13 09:50:00-04:00,1.0800000429153442,1.100000023841858,1.059999942779541,1.0700000524520874,3337,0.0,0.0
2024-08-13 09:55:00-04:00,1.0999000072479248,1.0999000072479248,1.0999000072479248,1.0999000072479248,631,0.0,0.0
2024-08-13 10:00:00-04:00,1.098099946975708,1.0999000072479248,1.0743999481201172,1.0743999481201172,585,0.0,0.0
2024-08-13 10:05:00-04:00,1.0800000429153442,1.0800000429153442,1.0599000453948975,1.0599000453948975,8689,0.0,0.0
2024-08-13 10:10:00-04:00,1.0700000524520874,1.0700000524520874,1.0700000524520874,1.0700000524520874,0,0.0,0.0
2024-08-13 10:15:00-04:00,1.0700000524520874,1.0700000524520874,1.0700000524520874,1.0700000524520874,244,0.0,0.0
2024-08-13 10:30:00-04:00,1.0800000429153442,1.0800000429153442,1.0800000429153442,1.0800000429153442,1000,0.0,0.0
2024-08-13 10:35:00-04:00,1.0800000429153442,1.0800000429153442,1.0800000429153442,1.0800000429153442,1,0.0,0.0
2024-08-13 10:50:00-04:00,1.089900016784668,1.089900016784668,1.089900016784668,1.089900016784668,1067,0.0,0.0
2024-08-13 10:55:00-04:00,1.090000033378601,1.090000033378601,1.0894999504089355,1.0894999504089355,5203,0.0,0.0
2024-08-13 11:00:00-04:00,1.0814000368118286,1.0814000368118286,1.0814000368118286,1.0814000368118286,6572,0.0,0.0
2024-08-13 11:05:00-04:00,1.1100000143051147,1.1299999952316284,1.106600046157837,1.1299999952316284,1226,0.0,0.0
2024-08-13 11:10:00-04:00,1.138700008392334,1.1398999691009521,1.138700008392334,1.1398999691009521,1500,0.0,0.0
2024-08-13 11:15:00-04:00,1.1490000486373901,1.1799999475479126,1.1299999952316284,1.179900050163269,18890,0.0,0.0
2024-08-13 11:25:00-04:00,1.149999976158142,1.159999966621399,1.149999976158142,1.159999966621399,3248,0.0,0.0
2024-08-13 11:30:00-04:00,1.149999976158142,1.149999976158142,1.149999976158142,1.149999976158142,2000,0.0,0.0
2024-08-13 11:35:00-04:00,1.1612999439239502,1.1612999439239502,1.1612999439239502,1.1612999439239502,0,0.0,0.0
2024-08-13 11:40:00-04:00,1.1699999570846558,1.190000057220459,1.1699999570846558,1.1799999475479126,9460,0.0,0.0
2024-08-13 11:45:00-04:00,1.1699999570846558,1.1799999475479126,1.1699999570846558,1.1799999475479126,659,0.0,0.0
2024-08-13 11:50:00-04:00,1.1799999475479126,1.190000057220459,1.1799999475479126,1.1899000406265259,12287,0.0,0.0
2024-08-13 11:55:00-04:00,1.190000057220459,1.190000057220459,1.1799999475479126,1.1799999475479126,4005,0.0,0.0
2024-08-13 12:00:00-04:00,1.1855000257492065,1.190000057220459,1.1799999475479126,1.1799999475479126,15275,0.0,0.0
2024-08-13 12:05:00-04:00,1.190000057220459,1.2000000476837158,1.1799999475479126,1.1950000524520874,8843,0.0,0.0
2024-08-13 12:10:00-04:00,1.190000057220459,1.190000057220459,1.190000057220459,1.190000057220459,200,0.0,0.0
2024-08-13 12:15:00-04:00,1.190000057220459,1.190000057220459,1.190000057220459,1.190000057220459,531,0.0,0.0
2024-08-13 12:20:00-04:00,1.1749999523162842,1.190000057220459,1.1749999523162842,1.190000057220459,6519,0.0,0.0
2024-08-13 12:25:00-04:00,1.1699999570846558,1.1799999475479126,1.1699999570846558,1.1799999475479126,353,0.0,0.0
2024-08-13 12:30:00-04:00,1.1950000524520874,1.1950000524520874,1.1950000524520874,1.1950000524520874,1015,0.0,0.0
2024-08-13 12:35:00-04:00,1.1950000524520874,1.1950000524520874,1.1200000047683716,1.1207000017166138,11229,0.0,0.0
2024-08-13 12:40:00-04:00,1.1200000047683716,1.1200000047683716,1.100000023841858,1.100000023841858,756,0.0,0.0
2024-08-13 12:45:00-04:00,1.0801000595092773,1.0801000595092773,1.0801000595092773,1.0801000595092773,400,0.0,0.0
2024-08-13 13:00:00-04:00,1.1299999952316284,1.1390000581741333,1.1299999952316284,1.1390000581741333,4754,0.0,0.0
2024-08-13 13:10:00-04:00,1.128999948501587,1.128999948501587,1.128999948501587,1.128999948501587,470,0.0,0.0
2024-08-13 13:20:00-04:00,1.1200000047683716,1.1200000047683716,1.1200000047683716,1.1200000047683716,200,0.0,0.0
2024-08-13 13:25:00-04:00,1.1200000047683716,1.1200000047683716,1.1200000047683716,1.1200000047683716,1581,0.0,0.0
2024-08-13 13:30:00-04:00,1.0800000429153442,1.0800000429153442,1.0800000429153442,1.0800000429153442,156,0.0,0.0
2024-08-13 13:35:00-04:00,1.1197999715805054,1.1197999715805054,1.1197999715805054,1.1197999715805054,853,0.0,0.0
2024-08-13 13:40:00-04:00,1.1100000143051147,1.1100000143051147,1.0950000286102295,1.100000023841858,4164,0.0,0.0
2024-08-13 13:45:00-04:00,1.1100000143051147,1.1100000143051147,1.1100000143051147,1.1100000143051147,770,0.0,0.0
2024-08-13 13:50:00-04:00,1.1200000047683716,1.1200000047683716,1.1200000047683716,1.1200000047683716,990,0.0,0.0
2024-08-13 13:55:00-04:00,1.1466000080108643,1.1466000080108643,1.1299999952316284,1.1299999952316284,2132,0.0,0.0
2024-08-13 14:00:00-04:00,1.1200000047683716,1.1200000047683716,1.1200000047683716,1.1200000047683716,0,0.0,0.0
2024-08-13 14:05:00-04:00,1.1197999715805054,1.149999976158142,1.1197999715805054,1.149999976158142,11656,0.0,0.0
2024-08-13 14:10:00-04:00,1.1349999904632568,1.1349999904632568,1.1200000047683716,1.1200000047683716,700,0.0,0.0
2024-08-13 14:15:00-04:00,1.1299999952316284,1.1597000360488892,1.1299999952316284,1.1299999952316284,658,0.0,0.0
2024-08-13 14:20:00-04:00,1.1299999952316284,1.159999966621399,1.1299999952316284,1.159999966621399,2767,0.0,0.0
2024-08-13 14:25:00-04:00,1.149999976158142,1.149999976158142,1.1410000324249268,1.1416000127792358,1900,0.0,0.0
2024-08-13 14:35:00-04:00,1.1399999856948853,1.1789000034332275,1.1399999856948853,1.1399999856948853,955,0.0,0.0
2024-08-13 14:40:00-04:00,1.1181999444961548,1.1699999570846558,1.1181999444961548,1.1399999856948853,2820,0.0,0.0
2024-08-13 14:45:00-04:00,1.1299999952316284,1.1399999856948853,1.1100000143051147,1.1399999856948853,3000,0.0,0.0
2024-08-13 14:50:00-04:00,1.1399999856948853,1.1399999856948853,1.1399999856948853,1.1399999856948853,2,0.0,0.0
2024-08-13 15:05:00-04:00,1.1299999952316284,1.1299999952316284,1.1200000047683716,1.1200000047683716,2711,0.0,0.0
2024-08-13 15:15:00-04:00,1.1200000047683716,1.1299999952316284,1.1200000047683716,1.1299999952316284,1099,0.0,0.0
2024-08-13 15:20:00-04:00,1.1200000047683716,1.1399999856948853,1.1200000047683716,1.1200000047683716,4552,0.0,0.0
2024-08-13 15:25:00-04:00,1.1200000047683716,1.1299999952316284,1.1200000047683716,1.1299999952316284,801,0.0,0.0
2024-08-13 15:30:00-04:00,1.1200000047683716,1.1200000047683716,1.1200000047683716,1.1200000047683716,401,0.0,0.0
2024-08-13 15:35:00-04:00,1.1299999952316284,1.1299999952316284,1.1299999952316284,1.1299999952316284,3269,0.0,0.0
2024-08-13 15:50:00-04:00,1.1349999904632568,1.13919997215271,1.1349999904632568,1.13919997215271,4623,0.0,0.0
2024-08-13 15:55:00-04:00,1.1349999904632568,1.1349999904632568,1.1299999952316284,1.1299999952316284,2600,0.0,0.0
2024-08-14 09:30:00-04:00,1.2000000476837158,1.2000000476837158,1.1950000524520874,1.2000000476837158,35291,0.0,0.0
2024-08-14 09:35:00-04:00,1.2000000476837158,1.2000000476837158,1.190000057220459,1.1950000524520874,8636,0.0,0.0
2024-08-14 09:40:00-04:00,1.1900999546051025,1.1900999546051025,1.1699999570846558,1.1699999570846558,4195,0.0,0.0
2024-08-14 09:55:00-04:00,1.1699999570846558,1.1699999570846558,1.1699999570846558,1.1699999570846558,1364,0.0,0.0
2024-08-14 10:00:00-04:00,1.1899000406265259,1.1899000406265259,1.184999942779541,1.184999942779541,2494,0.0,0.0
2024-08-14 10:05:00-04:00,1.1892999410629272,1.1892999410629272,1.1799999475479126,1.1799999475479126,0,0.0,0.0
2024-08-14 10:15:00-04:00,1.190000057220459,1.2000000476837158,1.190000057220459,1.1965999603271484,4196,0.0,0.0
2024-08-14 10:25:00-04:00,1.2000000476837158,1.2199000120162964,1.2000000476837158,1.2000000476837158,9013,0.0,0.0
2024-08-14 10:30:00-04:00,1.215000033378601,1.215000033378601,1.2000000476837158,1.2135000228881836,7407,0.0,0.0
2024-08-14 10:35:00-04:00,1.215000033378601,1.2300000190734863,1.215000033378601,1.2300000190734863,4674,0.0,0.0
2024-08-14 10:40:00-04:00,1.25,1.25,1.2300000190734863,1.2441999912261963,12732,0.0,0.0
2024-08-14 10:45:00-04:00,1.25,1.2898999452590942,1.2300000190734863,1.2898999452590942,8647,0.0,0.0
2024-08-14 10:50:00-04:00,1.2640000581741333,1.2799999713897705,1.2400000095367432,1.2799999713897705,2250,0.0,0.0
2024-08-14 10:55:00-04:00,1.2698999643325806,1.2698999643325806,1.2698999643325806,1.2698999643325806,1796,0.0,0.0
2024-08-14 11:10:00-04:00,1.2400000095367432,1.2999999523162842,1.2400000095367432,1.2955000400543213,19737,0.0,0.0
2024-08-14 11:15:00-04:00,1.2899999618530273,1.2999999523162842,1.2799999713897705,1.2899999618530273,21073,0.0,0.0
2024-08-14 11:20:00-04:00,1.3098000288009644,1.3098000288009644,1.2999999523162842,1.2999999523162842,4900,0.0,0.0
2024-08-14 11:25:00-04:00,1.2999999523162842,1.2999999523162842,1.2899999618530273,1.2899999618530273,1005,0.0,0.0
2024-08-14 11:30:00-04:00,1.3049999475479126,1.340000033378601,1.2699999809265137,1.3000999689102173,11138,0.0,0.0
2024-08-14 11:35:00-04:00,1.340000033378601,1.3799999952316284,1.3300000429153442,1.375,5211,0.0,0.0
2024-08-14 11:40:00-04:00,1.3997000455856323,1.399999976158142,1.3700000047683716,1.3799999952316284,15739,0.0,0.0
2024-08-14 11:45:00-04:00,1.3700000047683716,1.3799999952316284,1.3000999689102173,1.3798999786376953,27714,0.0,0.0
2024-08-14 11:50:00-04:00,1.3200000524520874,1.3700000047683716,1.3200000524520874,1.3700000047683716,601,0.0,0.0
2024-08-14 11:55:00-04:00,1.3550000190734863,1.3550000190734863,1.3300000429153442,1.350000023841858,2188,0.0,0.0
2024-08-14 12:05:00-04:00,1.350000023841858,1.399999976158142,1.350000023841858,1.399999976158142,6983,0.0,0.0
2024-08-14 12:10:00-04:00,1.3849999904632568,1.3899999856948853,1.371000051498413,1.371000051498413,43308,0.0,0.0
2024-08-14 12:15:00-04:00,1.3700000047683716,1.3799999952316284,1.3700000047683716,1.3799999952316284,7963,0.0,0.0
2024-08-14 12:20:00-04:00,1.3650000095367432,1.3799999952316284,1.3420000076293945,1.3420000076293945,6756,0.0,0.0
2024-08-14 12:35:00-04:00,1.340000033378601,1.3700000047683716,1.3300000429153442,1.350000023841858,18013,0.0,0.0
2024-08-14 12:45:00-04:00,1.3135000467300415,1.3200000524520874,1.3135000467300415,1.3200000524520874,530,0.0,0.0
2024-08-14 12:50:00-04:00,1.309999942779541,1.3200000524520874,1.309999942779541,1.3200000524520874,839,0.0,0.0
2024-08-14 12:55:00-04:00,1.3200000524520874,1.329699993133545,1.3200000524520874,1.329699993133545,338,0.0,0.0
2024-08-14 13:00:00-04:00,1.313099980354309,1.313099980354309,1.313099980354309,1.313099980354309,1100,0.0,0.0
2024-08-14 13:05:00-04:00,1.3200000524520874,1.3200000524520874,1.3200000524520874,1.3200000524520874,3116,0.0,0.0
2024-08-14 13:10:00-04:00,1.3200000524520874,1.3223999738693237,1.2400000095367432,1.2401000261306763,73805,0.0,0.0
2024-08-14 13:15:00-04:00,1.274999976158142,1.274999976158142,1.2100000381469727,1.2101000547409058,0,0.0,0.0
2024-08-14 13:20:00-04:00,1.2400000095367432,1.3250000476837158,1.2400000095367432,1.2599999904632568,7913,0.0,0.0
2024-08-14 13:25:00-04:00,1.2949999570846558,1.2949999570846558,1.25,1.25,424,0.0,0.0
2024-08-14 13:30:00-04:00,1.3299000263214111,1.3299000263214111,1.3299000263214111,1.3299000263214111,300,0.0,0.0
2024-08-14 13:35:00-04:00,1.2999999523162842,1.2999999523162842,1.2899999618530273,1.2999999523162842,1544,0.0,0.0
2024-08-14 13:40:00-04:00,1.2699999809265137,1.274999976158142,1.25,1.25,3586,0.0,0.0
2024-08-14 13:45:00-04:00,1.2300000190734863,1.2599999904632568,1.2300000190734863,1.2599999904632568,11137,0.0,0.0
2024-08-14 13:50:00-04:00,1.259600043296814,1.2599999904632568,1.2589999437332153,1.2598999738693237,1442,0.0,0.0
2024-08-14 13:55:00-04:00,1.25,1.25,1.25,1.25,221,0.0,0.0
2024-08-14 14:00:00-04:00,1.2838000059127808,1.2838000059127808,1.2599999904632568,1.2699999809265137,1300,0.0,0.0
2024-08-14 14:05:00-04:00,1.2699999809265137,1.274999976158142,1.25,1.2599999904632568,3010,0.0,0.0
2024-08-14 14:10:00-04:00,1.2699999809265137,1.2699999809265137,1.2699999809265137,1.2699999809265137,255,0.0,0.0
2024-08-14 14:15:00-04:00,1.2699999809265137,1.2699999809265137,1.2599999904632568,1.2599999904632568,265,0.0,0.0
2024-08-14 14:20:00-04:00,1.284000039100647,1.284000039100647,1.2699999809265137,1.2699999809265137,563,0.0,0.0
2024-08-14 14:30:00-04:00,1.2699999809265137,1.2699999809265137,1.2599999904632568,1.2699999809265137,3684,0.0,0.0
2024-08-14 14:35:00-04:00,1.2699999809265137,1.2699999809265137,1.2599999904632568,1.2599999904632568,438,0.0,0.0
2024-08-14 14:40:00-04:00,1.2599999904632568,1.2599999904632568,1.2599999904632568,1.2599999904632568,81,0.0,0.0
2024-08-14 14:45:00-04:00,1.2652000188827515,1.2652000188827515,1.2599999904632568,1.2599999904632568,520,0.0,0.0
2024-08-14 14:50:00-04:00,1.284000039100647,1.284000039100647,1.2699999809265137,1.2699999809265137,1155,0.0,0.0
2024-08-14 14:55:00-04:00,1.2699999809265137,1.2699999809265137,1.2599999904632568,1.2599999904632568,1302,0.0,0.0
2024-08-14 15:00:00-04:00,1.2660000324249268,1.2660000324249268,1.2660000324249268,1.2660000324249268,275,0.0,0.0
2024-08-14 15:05:00-04:00,1.2599999904632568,1.2891000509262085,1.2599999904632568,1.2699999809265137,4609,0.0,0.0
2024-08-14 15:10:00-04:00,1.274999976158142,1.274999976158142,1.2699999809265137,1.2699999809265137,650,0.0,0.0
2024-08-14 15:15:00-04:00,1.2799999713897705,1.2899999618530273,1.2699999809265137,1.284999966621399,1883,0.0,0.0
2024-08-14 15:25:00-04:00,1.2899999618530273,1.2992000579833984,1.2799999713897705,1.2799999713897705,9629,0.0,0.0
2024-08-14 15:30:00-04:00,1.2899999618530273,1.2899999618530273,1.2699999809265137,1.2699999809265137,10477,0.0,0.0
2024-08-14 15:35:00-04:00,1.2899999618530273,1.2899999618530273,1.242400050163269,1.242400050163269,7064,0.0,0.0
2024-08-14 15:40:00-04:00,1.2300000190734863,1.2599999904632568,1.2300000190734863,1.2599999904632568,1025,0.0,0.0
2024-08-14 15:45:00-04:00,1.2599999904632568,1.2599999904632568,1.2599999904632568,1.2599999904632568,283,0.0,0.0
2024-08-14 15:50:00-04:00,1.2896000146865845,1.2896000146865845,1.2300000190734863,1.2300000190734863,2744,0.0,0.0
2024-08-14 15:55:00-04:00,1.25,1.25,1.2400000095367432,1.2400000095367432,5805,0.0,0.0
2024-08-15 09:30:00-04:00,1.3700000047683716,1.3797999620437622,1.3200000524520874,1.3200000524520874,49166,0.0,0.0
2024-08-15 09:35:00-04:00,1.3389999866485596,1.339900016784668,1.2999999523162842,1.3200000524520874,22623,0.0,0.0
2024-08-15 09:40:00-04:00,1.2899999618530273,1.2899999618530273,1.2800999879837036,1.2800999879837036,8120,0.0,0.0
2024-08-15 09:45:00-04:00,1.2996000051498413,1.3200000524520874,1.2899999618530273,1.2899999618530273,8099,0.0,0.0
2024-08-15 09:50:00-04:00,1.3049999475479126,1.3200000524520874,1.2899999618530273,1.3200000524520874,5982,0.0,0.0
2024-08-15 09:55:00-04:00,1.3198000192642212,1.3200000524520874,1.2999999523162842,1.2999999523162842,1355,0.0,0.0
2024-08-15 10:00:00-04:00,1.2999999523162842,1.309999942779541,1.2999999523162842,1.3009999990463257,13246,0.0,0.0
2024-08-15 10:05:00-04:00,1.2999999523162842,1.2999999523162842,1.2999999523162842,1.2999999523162842,726,0.0,0.0
2024-08-15 10:10:00-04:00,1.2999999523162842,1.309999942779541,1.2999999523162842,1.309999942779541,700,0.0,0.0
2024-08-15 10:15:00-04:00,1.309999942779541,1.309999942779541,1.2999999523162842,1.309999942779541,3200,0.0,0.0
2024-08-15 10:20:00-04:00,1.3200000524520874,1.3200000524520874,1.2999999523162842,1.2999999523162842,4135,0.0,0.0
2024-08-15 10:25:00-04:00,1.309999942779541,1.309999942779541,1.294100046157837,1.294100046157837,5693,0.0,0.0
2024-08-15 10:30:00-04:00,1.2799999713897705,1.2999999523162842,1.2799999713897705,1.2999999523162842,4577,0.0,0.0
2024-08-15 10:35:00-04:00,1.2999999523162842,1.3071000576019287,1.2999999523162842,1.3071000576019287,5552,0.0,0.0
2024-08-15 10:40:00-04:00,1.2900999784469604,1.2900999784469604,1.2900999784469604,1.2900999784469604,101,0.0,0.0
2024-08-15 10:45:00-04:00,1.2899999618530273,1.2999000549316406,1.198799967765808,1.2400000095367432,48491,0.0,0.0
2024-08-15 10:50:00-04:00,1.2989000082015991,1.2989000082015991,1.2000000476837158,1.2908999919891357,3828,0.0,0.0
2024-08-15 10:55:00-04:00,1.2000000476837158,1.2200000286102295,1.149999976158142,1.2050000429153442,33729,0.0,0.0
2024-08-15 11:00:00-04:00,1.1799999475479126,1.1799999475479126,1.1799999475479126,1.1799999475479126,2811,0.0,0.0
2024-08-15 11:05:00-04:00,1.1900999546051025,1.1900999546051025,1.190000057220459,1.190000057220459,3724,0.0,0.0
2024-08-15 11:10:00-04:00,1.2200000286102295,1.2299000024795532,1.2200000286102295,1.2299000024795532,2106,0.0,0.0
2024-08-15 11:15:00-04:00,1.190000057220459,1.190000057220459,1.190000057220459,1.190000057220459,200,0.0,0.0
2024-08-15 11:20:00-04:00,1.2000000476837158,1.2000000476837158,1.2000000476837158,1.2000000476837158,1113,0.0,0.0
2024-08-15 11:25:00-04:00,1.2100000381469727,1.2200000286102295,1.1399999856948853,1.149899959564209,12552,0.0,0.0
2024-08-15 11:30:00-04:00,1.1399999856948853,1.1399999856948853,1.1399999856948853,1.1399999856948853,869,0.0,0.0
2024-08-15 11:35:00-04:00,1.1399999856948853,1.1399999856948853,1.1301000118255615,1.1301000118255615,16025,0.0,0.0
2024-08-15 11:40:00-04:00,1.1299999952316284,1.1299999952316284,1.0700000524520874,1.070099949836731,10081,0.0,0.0
2024-08-15 11:45:00-04:00,1.1096999645233154,1.1097999811172485,1.0299999713897705,1.0960999727249146,123493,0.0,0.0
2024-08-15 11:50:00-04:00,1.0299999713897705,1.100000023841858,1.0299999713897705,1.0800000429153442,23061,0.0,0.0
2024-08-15 11:55:00-04:00,1.0700000524520874,1.0800000429153442,1.0700000524520874,1.0700000524520874,5279,0.0,0.0
2024-08-15 12:00:00-04:00,1.089900016784668,1.089900016784668,1.0700000524520874,1.0800000429153442,720,0.0,0.0
2024-08-15 12:05:00-04:00,1.090000033378601,1.0950000286102295,1.090000033378601,1.0950000286102295,597,0.0,0.0
2024-08-15 12:10:00-04:00,1.0880000591278076,1.100000023841858,1.0880000591278076,1.100000023841858,3093,0.0,0.0
2024-08-15 12:15:00-04:00,1.0801000595092773,1.100000023841858,1.0800000429153442,1.100000023841858,0,0.0,0.0
2024-08-15 12:20:00-04:00,1.0800000429153442,1.090000033378601,1.0800000429153442,1.0850000381469727,2461,0.0,0.0
2024-08-15 12:30:00-04:00,1.089900016784668,1.090000033378601,1.0850000381469727,1.090000033378601,6130,0.0,0.0
2024-08-15 12:35:00-04:00,1.089900016784668,1.089900016784668,1.0800000429153442,1.0891000032424927,2758,0.0,0.0
2024-08-15 12:40:00-04:00,1.0800000429153442,1.0898000001907349,1.0800000429153442,1.0850000381469727,1651,0.0,0.0
2024-08-15 12:45:00-04:00,1.089900016784668,1.090000033378601,1.0800000429153442,1.0800000429153442,924,0.0,0.0
2024-08-15 12:50:00-04:00,1.0800000429153442,1.0800000429153442,1.0099999904632568,1.0099999904632568,36513,0.0,0.0
2024-08-15 12:55:00-04:00,1.0199999809265137,1.0199999809265137,1.0099999904632568,1.0199999809265137,71543,0.0,0.0
2024-08-15 13:00:00-04:00,1.0299999713897705,1.0799000263214111,1.0099999904632568,1.0099999904632568,27537,0.0,0.0
2024-08-15 13:05:00-04:00,1.0199999809265137,1.0199999809265137,1.0,1.0099999904632568,11061,0.0,0.0
2024-08-15 13:10:00-04:00,1.006500005722046,1.0098999738693237,1.0,1.0049999952316284,11269,0.0,0.0
2024-08-15 13:15:00-04:00,1.006500005722046,1.006500005722046,1.0,1.0,2500,0.0,0.0
2024-08-15 13:20:00-04:00,1.0049999952316284,1.0049999952316284,1.0,1.0,3112,0.0,0.0
2024-08-15 13:25:00-04:00,1.0049999952316284,1.0051000118255615,1.0049999952316284,1.0051000118255615,4202,0.0,0.0
2024-08-15 13:30:00-04:00,1.0,1.0049999952316284,1.0,1.0049999952316284,0,0.0,0.0
2024-08-15 13:40:00-04:00,1.0,1.0,1.0,1.0,200,0.0,0.0
2024-08-15 13:45:00-04:00,1.0,1.0,1.0,1.0,201,0.0,0.0
2024-08-15 13:50:00-04:00,1.0097999572753906,1.0098999738693237,1.0,1.0,1622,0.0,0.0
2024-08-15 13:55:00-04:00,1.0,1.0,0.9901000261306763,0.9901000261306763,17428,0.0,0.0
2024-08-15 14:00:00-04:00,0.9901999831199646,0.9998999834060669,0.9900000095367432,0.9995999932289124,8157,0.0,0.0
2024-08-15 14:15:00-04:00,0.9997000098228455,0.9997000098228455,0.9901000261306763,0.9950000047683716,12819,0.0,0.0
2024-08-15 14:20:00-04:00,0.9950000047683716,0.9959999918937683,0.9900000095367432,0.9901000261306763,19382,0.0,0.0
2024-08-15 14:25:00-04:00,0.9900000095367432,0.9900000095367432,0.9800000190734863,0.9800000190734863,23843,0.0,0.0
2024-08-15 14:30:00-04:00,0.9814000129699707,0.9814000129699707,0.9800000190734863,0.9800999760627747,7695,0.0,0.0
2024-08-15 14:35:00-04:00,0.9800999760627747,0.9800999760627747,0.9800999760627747,0.9800999760627747,4300,0.0,0.0
2024-08-15 14:40:00-04:00,0.9800000190734863,0.9800999760627747,0.9800000190734863,0.9800999760627747,290,0.0,0.0
2024-08-15 14:45:00-04:00,0.9929999709129333,1.0,0.9800999760627747,0.984000027179718,13846,0.0,0.0
2024-08-15 14:50:00-04:00,1.0,1.0,0.9900000095367432,0.9900000095367432,0,0.0,0.0
2024-08-15 14:55:00-04:00,0.9948999881744385,1.0,0.9948999881744385,1.0,5349,0.0,0.0
2024-08-15 15:00:00-04:00,1.0149999856948853,1.0299999713897705,1.0149999856948853,1.0299999713897705,1645,0.0,0.0
2024-08-15 15:10:00-04:00,1.0099999904632568,1.0149999856948853,1.0099999904632568,1.0149999856948853,732,0.0,0.0
2024-08-15 15:15:00-04:00,1.0099999904632568,1.0099999904632568,1.0099999904632568,1.0099999904632568,765,0.0,0.0
2024-08-15 15:20:00-04:00,1.0299999713897705,1.0299999713897705,1.0299999713897705,1.0299999713897705,981,0.0,0.0
2024-08-15 15:25:00-04:00,1.0199999809265137,1.0499999523162842,1.0199999809265137,1.0499000549316406,17490,0.0,0.0
2024-08-15 15:35:00-04:00,1.0399999618530273,1.0499999523162842,1.0399999618530273,1.0499000549316406,2993,0.0,0.0
2024-08-15 15:45:00-04:00,1.0399999618530273,1.0449999570846558,1.0399999618530273,1.0449999570846558,9641,0.0,0.0
2024-08-15 15:50:00-04:00,1.0399999618530273,1.0400999784469604,1.0099999904632568,1.0099999904632568,5862,0.0,0.0
2024-08-15 15:55:00-04:00,1.0099999904632568,1.0399999618530273,1.0099999904632568,1.0099999904632568,11205,0.0,0.0
2024-08-16 09:30:00-04:00,1.0,1.0099999904632568,1.0,1.0099999904632568,2983,0.0,0.0
2024-08-16 09:40:00-04:00,1.0,1.0,1.0,1.0,371,0.0,0.0
2024-08-16 09:50:00-04:00,1.0097999572753906,1.0099999904632568,1.0049999952316284,1.0056999921798706,63641,0.0,0.0
2024-08-16 09:55:00-04:00,1.0499000549316406,1.0499000549316406,1.0049999952316284,1.0049999952316284,11909,0.0,0.0
2024-08-16 10:00:00-04:00,1.0099999904632568,1.0099999904632568,1.0,1.0006999969482422,30470,0.0,0.0
2024-08-16 10:05:00-04:00,1.003499984741211,1.003499984741211,1.003499984741211,1.003499984741211,0,0.0,0.0
2024-08-16 10:10:00-04:00,1.0099999904632568,1.0099999904632568,1.0099999904632568,1.0099999904632568,992,0.0,0.0
2024-08-16 10:15:00-04:00,1.0,1.0,0.9800000190734863,0.9800999760627747,21250,0.0,0.0
2024-08-16 10:20:00-04:00,0.9800999760627747,0.9800999760627747,0.9700000286102295,0.9700000286102295,19764,0.0,0.0
2024-08-16 10:25:00-04:00,0.9800000190734863,0.9800000190734863,0.9800000190734863,0.9800000190734863,618,0.0,0.0
2024-08-16 10:35:00-04:00,0.9697999954223633,0.9697999954223633,0.9697999954223633,0.9697999954223633,3912,0.0,0.0
2024-08-16 10:55:00-04:00,0.960099995136261,0.960099995136261,0.960099995136261,0.960099995136261,627,0.0,0.0
2024-08-16 11:05:00-04:00,0.9401000142097473,0.9401000142097473,0.9401000142097473,0.9401000142097473,44848,0.0,0.0
2024-08-16 11:15:00-04:00,0.9542999863624573,0.9542999863624573,0.9542999863624573,0.9542999863624573,5175,0.0,0.0
2024-08-16 11:20:00-04:00,0.949999988079071,0.949999988079071,0.949999988079071,0.949999988079071,773,0.0,0.0
2024-08-16 11:25:00-04:00,0.9401000142097473,0.949999988079071,0.9401000142097473,0.949999988079071,918,0.0,0.0
2024-08-16 11:30:00-04:00,0.949999988079071,0.949999988079071,0.949999988079071,0.949999988079071,1,0.0,0.0
2024-08-16 11:35:00-04:00,0.9599999785423279,0.9599999785423279,0.9599000215530396,0.9599000215530396,330,0.0,0.0
2024-08-16 11:40:00-04:00,0.949999988079071,0.949999988079071,0.949999988079071,0.949999988079071,1142,0.0,0.0
2024-08-16 11:45:00-04:00,0.9520000219345093,0.9520000219345093,0.9520000219345093,0.9520000219345093,549,0.0,0.0
2024-08-16 11:55:00-04:00,0.944100022315979,0.944100022315979,0.9440000057220459,0.9440000057220459,1700,0.0,0.0
2024-08-16 12:00:00-04:00,0.9399999976158142,0.9399999976158142,0.9399999976158142,0.9399999976158142,300,0.0,0.0
2024-08-16 12:05:00-04:00,0.9401000142097473,0.9401000142097473,0.9399999976158142,0.9399999976158142,7595,0.0,0.0
2024-08-16 12:10:00-04:00,0.9399999976158142,0.9401000142097473,0.9399999976158142,0.9401000142097473,0,0.0,0.0
2024-08-16 12:20:00-04:00,0.9401000142097473,0.9401000142097473,0.9401000142097473,0.9401000142097473,206,0.0,0.0
2024-08-16 12:25:00-04:00,0.9401000142097473,0.9401000142097473,0.9399999976158142,0.9401000142097473,603,0.0,0.0
2024-08-16 12:30:00-04:00,0.9399999976158142,0.9399999976158142,0.9399999976158142,0.9399999976158142,6532,0.0,0.0
2024-08-16 12:35:00-04:00,0.9305999875068665,0.9305999875068665,0.8999999761581421,0.9100000262260437,8675,0.0,0.0
2024-08-16 12:40:00-04:00,0.9150000214576721,0.9150000214576721,0.9150000214576721,0.9150000214576721,133,0.0,0.0
2024-08-16 12:45:00-04:00,0.9199000000953674,0.9199000000953674,0.9199000000953674,0.9199000000953674,2333,0.0,0.0
2024-08-16 12:50:00-04:00,0.9200000166893005,0.9200000166893005,0.8999999761581421,0.8999999761581421,9585,0.0,0.0
2024-08-16 12:55:00-04:00,0.9000999927520752,0.9000999927520752,0.9000999927520752,0.9000999927520752,250,0.0,0.0
2024-08-16 13:05:00-04:00,0.9000999927520752,0.9000999927520752,0.9000999927520752,0.9000999927520752,300,0.0,0.0
2024-08-16 13:10:00-04:00,0.9121000170707703,0.9121000170707703,0.8999999761581421,0.8999999761581421,2210,0.0,0.0
2024-08-16 13:15:00-04:00,0.9079999923706055,0.910099983215332,0.9079999923706055,0.910099983215332,6140,0.0,0.0
2024-08-16 13:20:00-04:00,0.910099983215332,0.910099983215332,0.910099983215332,0.910099983215332,1131,0.0,0.0
2024-08-16 13:25:00-04:00,0.910099983215332,0.910099983215332,0.9100000262260437,0.9100000262260437,3182,0.0,0.0
2024-08-16 13:30:00-04:00,0.910099983215332,0.910099983215332,0.910099983215332,0.910099983215332,0,0.0,0.0
2024-08-16 13:35:00-04:00,0.910099983215332,0.910099983215332,0.910099983215332,0.910099983215332,1749,0.0,0.0
2024-08-16 13:40:00-04:00,0.910099983215332,0.910099983215332,0.9100000262260437,0.9100000262260437,1441,0.0,0.0
2024-08-16 13:45:00-04:00,0.910099983215332,0.910099983215332,0.9100000262260437,0.910099983215332,2871,0.0,0.0
2024-08-16 14:00:00-04:00,0.9399999976158142,0.9399999976158142,0.9399999976158142,0.9399999976158142,1888,0.0,0.0
2024-08-16 14:10:00-04:00,0.9599999785423279,0.9599999785423279,0.9200999736785889,0.9599000215530396,4992,0.0,0.0
2024-08-16 14:30:00-04:00,0.9599999785423279,0.9599999785423279,0.9599999785423279,0.9599999785423279,1650,0.0,0.0
2024-08-16 14:40:00-04:00,0.9300000071525574,0.9300000071525574,0.9300000071525574,0.9300000071525574,1703,0.0,0.0
2024-08-16 14:50:00-04:00,0.949999988079071,0.949999988079071,0.9200999736785889,0.9200999736785889,26407,0.0,0.0
2024-08-16 14:55:00-04:00,0.9200999736785889,0.9200999736785889,0.9150000214576721,0.9150000214576721,3700,0.0,0.0
2024-08-16 15:00:00-04:00,0.9150999784469604,0.9150999784469604,0.9150000214576721,0.9150000214576721,12239,0.0,0.0
2024-08-16 15:05:00-04:00,0.9150999784469604,0.9150999784469604,0.9150999784469604,0.9150999784469604,876,0.0,0.0
2024-08-16 15:10:00-04:00,0.9150000214576721,0.9150999784469604,0.9150000214576721,0.9150999784469604,5204,0.0,0.0
2024-08-16 15:15:00-04:00,0.953499972820282,0.953499972820282,0.953499972820282,0.953499972820282,400,0.0,0.0
2024-08-16 15:20:00-04:00,0.9322999715805054,0.9322999715805054,0.9322999715805054,0.9322999715805054,1808,0.0,0.0
2024-08-16 15:35:00-04:00,0.9284999966621399,0.9284999966621399,0.9284999966621399,0.9284999966621399,1258,0.0,0.0
2024-08-16 15:40:00-04:00,0.9358000159263611,0.9358000159263611,0.9358000159263611,0.9358000159263611,1574,0.0,0.0
2024-08-16 15:50:00-04:00,0.9300000071525574,0.9300000071525574,0.9300000071525574,0.9300000071525574,6748,0.0,0.0
