Datetime,Open,High,Low,Close,Volume,Dividends,Stock Splits
2024-07-17 09:30:00-04:00,18.719999313354492,19.15999984741211,18.719999313354492,19.110000610351562,0,0.0,0.0
2024-07-17 09:35:00-04:00,19.15999984741211,19.15999984741211,19.15999984741211,19.15999984741211,482,0.0,0.0
2024-07-17 09:40:00-04:00,19.15880012512207,19.15880012512207,19.15880012512207,19.15880012512207,544,0.0,0.0
2024-07-17 09:45:00-04:00,19.15999984741211,19.299999237060547,19.15999984741211,19.25,3436,0.0,0.0
2024-07-17 09:50:00-04:00,19.280000686645508,19.280000686645508,19.280000686645508,19.280000686645508,547,0.0,0.0
2024-07-17 09:55:00-04:00,19.31999969482422,19.3700008392334,19.309999465942383,19.3700008392334,6769,0.0,0.0
2024-07-17 10:20:00-04:00,19.309999465942383,19.309999465942383,19.299999237060547,19.299999237060547,1158,0.0,0.0
2024-07-17 10:25:00-04:00,19.25,19.25,19.18000030517578,19.18000030517578,977,0.0,0.0
2024-07-17 10:30:00-04:00,19.219999313354492,19.219999313354492,19.219999313354492,19.219999313354492,545,0.0,0.0
2024-07-17 10:35:00-04:00,19.149999618530273,19.15999984741211,19.100000381469727,19.139999389648438,1995,0.0,0.0
2024-07-17 10:40:00-04:00,19.16990089416504,19.16990089416504,19.16990089416504,19.16990089416504,406,0.0,0.0
2024-07-17 11:25:00-04:00,19.110000610351562,19.110000610351562,19.079999923706055,19.079999923706055,1152,0.0,0.0
2024-07-17 11:35:00-04:00,19.020000457763672,19.020000457763672,18.959999084472656,19.0,2402,0.0,0.0
2024-07-17 11:40:00-04:00,19.010000228881836,19.040000915527344,19.0,19.040000915527344,725,0.0,0.0
2024-07-17 11:50:00-04:00,19.014999389648438,19.014999389648438,19.014999389648438,19.014999389648438,216,0.0,0.0
2024-07-17 12:00:00-04:00,19.040000915527344,19.049999237060547,19.010000228881836,19.020000457763672,2763,0.0,0.0
2024-07-17 12:05:00-04:00,18.989999771118164,18.989999771118164,18.989999771118164,18.989999771118164,360,0.0,0.0
2024-07-17 12:30:00-04:00,18.969999313354492,18.969999313354492,18.969999313354492,18.969999313354492,372,0.0,0.0
2024-07-17 12:45:00-04:00,18.954999923706055,18.954999923706055,18.954999923706055,18.954999923706055,686,0.0,0.0
2024-07-17 13:25:00-04:00,18.950000762939453,18.950000762939453,18.950000762939453,18.950000762939453,137,0.0,0.0
2024-07-17 13:30:00-04:00,18.950000762939453,18.950000762939453,18.950000762939453,18.950000762939453,247,0.0,0.0
2024-07-17 13:50:00-04:00,18.979999542236328,18.979999542236328,18.979999542236328,18.979999542236328,252,0.0,0.0
2024-07-17 14:10:00-04:00,19.0,19.0,19.0,19.0,2469,0.0,0.0
2024-07-17 14:15:00-04:00,19.030000686645508,19.139999389648438,19.030000686645508,19.100000381469727,5590,0.0,0.0
2024-07-17 14:50:00-04:00,19.110000610351562,19.1200008392334,19.110000610351562,19.1200008392334,450,0.0,0.0
2024-07-17 14:55:00-04:00,19.09000015258789,19.09000015258789,19.09000015258789,19.09000015258789,309,0.0,0.0
2024-07-17 15:00:00-04:00,19.079999923706055,19.18000030517578,19.079999923706055,19.139999389648438,6383,0.0,0.0
2024-07-17 15:10:00-04:00,19.139999389648438,19.15999984741211,19.139999389648438,19.15999984741211,1000,0.0,0.0
2024-07-17 15:30:00-04:00,19.18000030517578,19.19499969482422,19.110000610351562,19.110000610351562,3281,0.0,0.0
2024-07-17 15:45:00-04:00,19.139999389648438,19.139999389648438,19.139999389648438,19.139999389648438,244,0.0,0.0
2024-07-17 15:50:00-04:00,19.139999389648438,19.15999984741211,19.1200008392334,19.139999389648438,2791,0.0,0.0
2024-07-17 15:55:00-04:00,19.139999389648438,19.139999389648438,19.1200008392334,19.139999389648438,2305,0.0,0.0
2024-07-18 09:30:00-04:00,19.299999237060547,19.350000381469727,19.299999237060547,19.350000381469727,1672,0.0,0.0
2024-07-18 09:35:00-04:00,19.170000076293945,19.170000076293945,19.170000076293945,19.170000076293945,656,0.0,0.0
2024-07-18 09:50:00-04:00,19.299999237060547,19.329999923706055,19.170000076293945,19.2450008392334,7122,0.0,0.0
2024-07-18 10:00:00-04:00,19.290000915527344,19.290000915527344,19.290000915527344,19.290000915527344,218,0.0,0.0
2024-07-18 10:05:00-04:00,19.290000915527344,19.290000915527344,19.290000915527344,19.290000915527344,337,0.0,0.0
2024-07-18 10:10:00-04:00,19.290000915527344,19.290000915527344,19.290000915527344,19.290000915527344,205,0.0,0.0
2024-07-18 10:15:00-04:00,19.295000076293945,19.350000381469727,19.28499984741211,19.350000381469727,3357,0.0,0.0
2024-07-18 10:35:00-04:00,19.270000457763672,19.270000457763672,19.270000457763672,19.270000457763672,156,0.0,0.0
2024-07-18 10:40:00-04:00,19.260000228881836,19.260000228881836,19.200000762939453,19.200000762939453,1253,0.0,0.0
2024-07-18 10:45:00-04:00,19.200000762939453,19.235000610351562,19.190000534057617,19.235000610351562,1096,0.0,0.0
2024-07-18 10:50:00-04:00,19.209999084472656,19.209999084472656,19.209999084472656,19.209999084472656,271,0.0,0.0
2024-07-18 11:05:00-04:00,19.245500564575195,19.25,19.245500564575195,19.25,1060,0.0,0.0
2024-07-18 11:15:00-04:00,19.190000534057617,19.190000534057617,19.18000030517578,19.18000030517578,255,0.0,0.0
2024-07-18 11:25:00-04:00,19.204999923706055,19.204999923706055,19.200000762939453,19.200000762939453,487,0.0,0.0
2024-07-18 11:30:00-04:00,19.190000534057617,19.239999771118164,19.190000534057617,19.21500015258789,731,0.0,0.0
2024-07-18 11:45:00-04:00,19.25,19.25,19.25,19.25,933,0.0,0.0
2024-07-18 12:10:00-04:00,19.25,19.25,19.25,19.25,664,0.0,0.0
2024-07-18 12:20:00-04:00,19.25,19.260000228881836,19.25,19.260000228881836,504,0.0,0.0
2024-07-18 12:25:00-04:00,19.25,19.25,19.25,19.25,667,0.0,0.0
2024-07-18 12:30:00-04:00,19.270000457763672,19.270000457763672,19.270000457763672,19.270000457763672,718,0.0,0.0
2024-07-18 12:55:00-04:00,19.280000686645508,19.290000915527344,19.270000457763672,19.270000457763672,1013,0.0,0.0
2024-07-18 13:00:00-04:00,19.299999237060547,19.299999237060547,19.299999237060547,19.299999237060547,243,0.0,0.0
2024-07-18 13:05:00-04:00,19.315000534057617,19.315000534057617,19.280000686645508,19.280000686645508,948,0.0,0.0
2024-07-18 13:10:00-04:00,19.270000457763672,19.270000457763672,19.270000457763672,19.270000457763672,206,0.0,0.0
2024-07-18 13:25:00-04:00,19.229999542236328,19.239999771118164,19.229999542236328,19.239999771118164,308,0.0,0.0
2024-07-18 13:55:00-04:00,19.200000762939453,19.200000762939453,19.139999389648438,19.139999389648438,1344,0.0,0.0
2024-07-18 14:10:00-04:00,19.09000015258789,19.09000015258789,19.079999923706055,19.079999923706055,872,0.0,0.0
2024-07-18 14:15:00-04:00,19.079999923706055,19.079999923706055,19.049999237060547,19.079999923706055,1002,0.0,0.0
2024-07-18 14:25:00-04:00,19.100000381469727,19.1299991607666,19.100000381469727,19.1299991607666,1826,0.0,0.0
2024-07-18 14:35:00-04:00,19.079999923706055,19.079999923706055,19.059999465942383,19.059999465942383,1583,0.0,0.0
2024-07-18 14:40:00-04:00,19.040000915527344,19.040000915527344,19.040000915527344,19.040000915527344,523,0.0,0.0
2024-07-18 14:50:00-04:00,19.030000686645508,19.030000686645508,19.030000686645508,19.030000686645508,777,0.0,0.0
2024-07-18 14:55:00-04:00,19.06999969482422,19.06999969482422,19.06999969482422,19.06999969482422,320,0.0,0.0
2024-07-18 15:00:00-04:00,19.09000015258789,19.09000015258789,19.09000015258789,19.09000015258789,3799,0.0,0.0
2024-07-18 15:05:00-04:00,19.06999969482422,19.084999084472656,19.06999969482422,19.06999969482422,758,0.0,0.0
2024-07-18 15:10:00-04:00,19.06999969482422,19.06999969482422,19.030000686645508,19.030000686645508,772,0.0,0.0
2024-07-18 15:15:00-04:00,19.040000915527344,19.1200008392334,19.040000915527344,19.09000015258789,3436,0.0,0.0
2024-07-18 15:20:00-04:00,19.065000534057617,19.079999923706055,19.065000534057617,19.079999923706055,1345,0.0,0.0
2024-07-18 15:25:00-04:00,19.110000610351562,19.110000610351562,19.110000610351562,19.110000610351562,826,0.0,0.0
2024-07-18 15:35:00-04:00,19.139999389648438,19.190000534057617,19.139999389648438,19.170000076293945,2692,0.0,0.0
2024-07-18 15:40:00-04:00,19.190000534057617,19.209999084472656,19.18000030517578,19.19499969482422,1985,0.0,0.0
2024-07-18 15:45:00-04:00,19.18000030517578,19.19499969482422,19.18000030517578,19.190000534057617,2544,0.0,0.0
2024-07-18 15:50:00-04:00,19.209999084472656,19.209999084472656,19.190000534057617,19.190000534057617,2562,0.0,0.0
2024-07-18 15:55:00-04:00,19.18000030517578,19.219999313354492,19.18000030517578,19.200000762939453,7721,0.0,0.0
2024-07-19 09:30:00-04:00,19.06999969482422,19.139999389648438,18.940000534057617,19.030000686645508,6006,0.0,0.0
2024-07-19 09:35:00-04:00,18.989999771118164,18.989999771118164,18.989999771118164,18.989999771118164,624,0.0,0.0
2024-07-19 09:40:00-04:00,18.985000610351562,18.985000610351562,18.940000534057617,18.950000762939453,1081,0.0,0.0
2024-07-19 09:45:00-04:00,18.940000534057617,18.969999313354492,18.940000534057617,18.950000762939453,1140,0.0,0.0
2024-07-19 09:50:00-04:00,19.0,19.0,19.0,19.0,343,0.0,0.0
2024-07-19 10:05:00-04:00,18.96500015258789,18.96500015258789,18.96500015258789,18.96500015258789,1427,0.0,0.0
2024-07-19 10:15:00-04:00,18.954999923706055,18.954999923706055,18.94499969482422,18.94499969482422,1660,0.0,0.0
2024-07-19 10:25:00-04:00,18.950000762939453,18.969999313354492,18.895000457763672,18.895000457763672,2838,0.0,0.0
2024-07-19 10:30:00-04:00,18.889999389648438,18.889999389648438,18.889999389648438,18.889999389648438,263,0.0,0.0
2024-07-19 10:45:00-04:00,18.860000610351562,18.860000610351562,18.860000610351562,18.860000610351562,590,0.0,0.0
2024-07-19 11:05:00-04:00,18.864999771118164,18.864999771118164,18.864999771118164,18.864999771118164,104,0.0,0.0
2024-07-19 11:15:00-04:00,18.8700008392334,18.8700008392334,18.8700008392334,18.8700008392334,462,0.0,0.0
2024-07-19 11:20:00-04:00,18.842500686645508,18.842500686645508,18.842500686645508,18.842500686645508,200,0.0,0.0
2024-07-19 11:25:00-04:00,18.844999313354492,18.844999313354492,18.844999313354492,18.844999313354492,3,0.0,0.0
2024-07-19 11:35:00-04:00,18.854999542236328,18.854999542236328,18.854999542236328,18.854999542236328,291,0.0,0.0
2024-07-19 11:45:00-04:00,18.8799991607666,18.920000076293945,18.8799991607666,18.920000076293945,516,0.0,0.0
2024-07-19 12:00:00-04:00,18.940000534057617,18.940000534057617,18.940000534057617,18.940000534057617,985,0.0,0.0
2024-07-19 12:25:00-04:00,18.989999771118164,18.989999771118164,18.979999542236328,18.979999542236328,567,0.0,0.0
2024-07-19 12:55:00-04:00,18.989999771118164,18.989999771118164,18.989999771118164,18.989999771118164,236,0.0,0.0
2024-07-19 13:10:00-04:00,19.040000915527344,19.040000915527344,19.040000915527344,19.040000915527344,427,0.0,0.0
2024-07-19 13:30:00-04:00,19.030000686645508,19.030000686645508,19.020000457763672,19.020000457763672,300,0.0,0.0
2024-07-19 13:35:00-04:00,19.030000686645508,19.030000686645508,19.030000686645508,19.030000686645508,292,0.0,0.0
2024-07-19 13:45:00-04:00,19.040000915527344,19.040000915527344,18.979999542236328,18.989999771118164,2223,0.0,0.0
2024-07-19 13:50:00-04:00,18.989999771118164,18.989999771118164,18.975000381469727,18.989999771118164,914,0.0,0.0
2024-07-19 14:20:00-04:00,18.989999771118164,18.989999771118164,18.989999771118164,18.989999771118164,153,0.0,0.0
2024-07-19 14:45:00-04:00,18.979999542236328,18.979999542236328,18.975000381469727,18.975000381469727,602,0.0,0.0
2024-07-19 15:05:00-04:00,18.969999313354492,18.969999313354492,18.969999313354492,18.969999313354492,581,0.0,0.0
2024-07-19 15:20:00-04:00,18.969999313354492,18.969999313354492,18.950000762939453,18.950000762939453,1104,0.0,0.0
2024-07-19 15:35:00-04:00,18.899999618530273,18.899999618530273,18.889999389648438,18.889999389648438,892,0.0,0.0
2024-07-19 15:45:00-04:00,18.885000228881836,18.920000076293945,18.875,18.8799991607666,5208,0.0,0.0
2024-07-19 15:50:00-04:00,18.899999618530273,18.93000030517578,18.889999389648438,18.93000030517578,2057,0.0,0.0
2024-07-19 15:55:00-04:00,18.940000534057617,18.940000534057617,18.895000457763672,18.93000030517578,5378,0.0,0.0
2024-07-22 09:30:00-04:00,19.6299991607666,20.0,19.6299991607666,19.950000762939453,0,0.0,0.0
2024-07-22 09:35:00-04:00,19.889999389648438,19.950000762939453,19.81999969482422,19.878000259399414,4858,0.0,0.0
2024-07-22 09:40:00-04:00,19.8799991607666,19.8799991607666,19.829999923706055,19.829999923706055,3353,0.0,0.0
2024-07-22 09:45:00-04:00,19.81999969482422,19.920000076293945,19.81999969482422,19.920000076293945,4680,0.0,0.0
2024-07-22 09:50:00-04:00,19.915000915527344,19.915000915527344,19.8799991607666,19.899999618530273,3358,0.0,0.0
2024-07-22 09:55:00-04:00,19.940000534057617,19.940000534057617,19.940000534057617,19.940000534057617,513,0.0,0.0
2024-07-22 10:00:00-04:00,19.93000030517578,19.93000030517578,19.93000030517578,19.93000030517578,779,0.0,0.0
2024-07-22 10:05:00-04:00,19.899999618530273,19.939899444580078,19.899999618530273,19.899999618530273,635,0.0,0.0
2024-07-22 10:10:00-04:00,19.899999618530273,19.959999084472656,19.860000610351562,19.915000915527344,7236,0.0,0.0
2024-07-22 10:15:00-04:00,19.959999084472656,19.959999084472656,19.959999084472656,19.959999084472656,430,0.0,0.0
2024-07-22 10:20:00-04:00,19.989999771118164,20.0,19.950000762939453,19.950000762939453,6777,0.0,0.0
2024-07-22 10:30:00-04:00,19.93000030517578,19.950000762939453,19.889999389648438,19.920000076293945,1775,0.0,0.0
2024-07-22 10:35:00-04:00,19.889999389648438,19.889999389648438,19.8799991607666,19.889999389648438,2016,0.0,0.0
2024-07-22 10:40:00-04:00,19.889999389648438,19.920000076293945,19.860000610351562,19.899999618530273,3282,0.0,0.0
2024-07-22 10:50:00-04:00,19.88800048828125,19.88800048828125,19.88800048828125,19.88800048828125,483,0.0,0.0
2024-07-22 10:55:00-04:00,19.940000534057617,19.959999084472656,19.940000534057617,19.959999084472656,626,0.0,0.0
2024-07-22 11:00:00-04:00,19.954999923706055,19.954999923706055,19.954999923706055,19.954999923706055,6125,0.0,0.0
2024-07-22 11:15:00-04:00,20.0,20.0,20.0,20.0,162,0.0,0.0
2024-07-22 11:25:00-04:00,19.979999542236328,19.979999542236328,19.959999084472656,19.959999084472656,2506,0.0,0.0
2024-07-22 11:30:00-04:00,19.989999771118164,19.989999771118164,19.969999313354492,19.969999313354492,1702,0.0,0.0
2024-07-22 11:35:00-04:00,19.959999084472656,19.959999084472656,19.959999084472656,19.959999084472656,655,0.0,0.0
2024-07-22 11:50:00-04:00,20.010000228881836,20.010000228881836,20.010000228881836,20.010000228881836,467,0.0,0.0
2024-07-22 11:55:00-04:00,20.020000457763672,20.020000457763672,20.020000457763672,20.020000457763672,815,0.0,0.0
2024-07-22 12:00:00-04:00,20.030000686645508,20.040000915527344,20.030000686645508,20.040000915527344,794,0.0,0.0
2024-07-22 12:05:00-04:00,20.09000015258789,20.09000015258789,20.079999923706055,20.079999923706055,877,0.0,0.0
2024-07-22 12:10:00-04:00,20.109500885009766,20.109500885009766,20.109500885009766,20.109500885009766,883,0.0,0.0
2024-07-22 12:20:00-04:00,20.110000610351562,20.110000610351562,20.110000610351562,20.110000610351562,1051,0.0,0.0
2024-07-22 12:50:00-04:00,20.219999313354492,20.34000015258789,20.219999313354492,20.299999237060547,7245,0.0,0.0
2024-07-22 12:55:00-04:00,20.280000686645508,20.280000686645508,20.260000228881836,20.260000228881836,1916,0.0,0.0
2024-07-22 13:00:00-04:00,20.309999465942383,20.31999969482422,20.280000686645508,20.280000686645508,1557,0.0,0.0
2024-07-22 13:05:00-04:00,20.34000015258789,20.34000015258789,20.299999237060547,20.299999237060547,735,0.0,0.0
2024-07-22 13:10:00-04:00,20.270000457763672,20.270000457763672,20.270000457763672,20.270000457763672,302,0.0,0.0
2024-07-22 13:15:00-04:00,20.270000457763672,20.329999923706055,20.25,20.329999923706055,1324,0.0,0.0
2024-07-22 13:20:00-04:00,20.309999465942383,20.309999465942383,20.309999465942383,20.309999465942383,513,0.0,0.0
2024-07-22 13:25:00-04:00,20.309999465942383,20.315000534057617,20.299999237060547,20.315000534057617,860,0.0,0.0
2024-07-22 13:30:00-04:00,20.290000915527344,20.31999969482422,20.260000228881836,20.295000076293945,1446,0.0,0.0
2024-07-22 13:35:00-04:00,20.270000457763672,20.270000457763672,20.270000457763672,20.270000457763672,603,0.0,0.0
2024-07-22 13:40:00-04:00,20.270000457763672,20.270000457763672,20.270000457763672,20.270000457763672,790,0.0,0.0
2024-07-22 13:45:00-04:00,20.25,20.25,20.25,20.25,428,0.0,0.0
2024-07-22 13:50:00-04:00,20.25,20.25,20.239999771118164,20.239999771118164,514,0.0,0.0
2024-07-22 14:00:00-04:00,20.19499969482422,20.19499969482422,20.19499969482422,20.19499969482422,206,0.0,0.0
2024-07-22 14:10:00-04:00,20.229299545288086,20.229299545288086,20.219999313354492,20.219999313354492,1501,0.0,0.0
2024-07-22 14:20:00-04:00,20.239999771118164,20.25,20.239999771118164,20.239999771118164,719,0.0,0.0
2024-07-22 14:25:00-04:00,20.239999771118164,20.239999771118164,20.18000030517578,20.18000030517578,1165,0.0,0.0
2024-07-22 14:40:00-04:00,20.15999984741211,20.15999984741211,20.15999984741211,20.15999984741211,197,0.0,0.0
2024-07-22 14:50:00-04:00,20.16710090637207,20.16710090637207,20.16710090637207,20.16710090637207,119,0.0,0.0
2024-07-22 14:55:00-04:00,20.190000534057617,20.219999313354492,20.190000534057617,20.19499969482422,1726,0.0,0.0
2024-07-22 15:00:00-04:00,20.18000030517578,20.18000030517578,20.15999984741211,20.18000030517578,976,0.0,0.0
2024-07-22 15:20:00-04:00,20.184999465942383,20.19499969482422,20.18199920654297,20.18199920654297,1369,0.0,0.0
2024-07-22 15:25:00-04:00,20.209999084472656,20.209999084472656,20.209999084472656,20.209999084472656,122,0.0,0.0
2024-07-22 15:30:00-04:00,20.209999084472656,20.209999084472656,20.200000762939453,20.200000762939453,857,0.0,0.0
2024-07-22 15:35:00-04:00,20.219999313354492,20.239999771118164,20.200000762939453,20.209999084472656,2281,0.0,0.0
2024-07-22 15:40:00-04:00,20.219999313354492,20.219999313354492,20.219999313354492,20.219999313354492,122,0.0,0.0
2024-07-22 15:45:00-04:00,20.181499481201172,20.219999313354492,20.181499481201172,20.219999313354492,1406,0.0,0.0
2024-07-22 15:50:00-04:00,20.219999313354492,20.219999313354492,20.200000762939453,20.219999313354492,2577,0.0,0.0
2024-07-22 15:55:00-04:00,20.20479965209961,20.209999084472656,20.18000030517578,20.209999084472656,4265,0.0,0.0
2024-07-23 09:30:00-04:00,18.93000030517578,18.94499969482422,18.739999771118164,18.739999771118164,6270,0.0,0.0
2024-07-23 09:35:00-04:00,18.8799991607666,19.010000228881836,18.8799991607666,19.010000228881836,1809,0.0,0.0
2024-07-23 09:40:00-04:00,19.170000076293945,19.170000076293945,18.979999542236328,19.0,1449,0.0,0.0
2024-07-23 09:45:00-04:00,19.0,19.100000381469727,19.0,19.100000381469727,3466,0.0,0.0
2024-07-23 10:00:00-04:00,19.049999237060547,19.049999237060547,19.049999237060547,19.049999237060547,1107,0.0,0.0
2024-07-23 10:15:00-04:00,19.0,19.0,18.950000762939453,18.969999313354492,2586,0.0,0.0
2024-07-23 10:20:00-04:00,18.950000762939453,19.010000228881836,18.950000762939453,18.950000762939453,3371,0.0,0.0
2024-07-23 10:25:00-04:00,18.950000762939453,18.959999084472656,18.889999389648438,18.940000534057617,3613,0.0,0.0
2024-07-23 10:30:00-04:00,19.0,19.0,19.0,19.0,578,0.0,0.0
2024-07-23 10:35:00-04:00,18.985000610351562,19.030000686645508,18.985000610351562,19.030000686645508,507,0.0,0.0
2024-07-23 10:40:00-04:00,19.0,19.0,18.96500015258789,18.96500015258789,258,0.0,0.0
2024-07-23 10:50:00-04:00,18.989999771118164,19.0,18.989999771118164,19.0,1346,0.0,0.0
2024-07-23 10:55:00-04:00,19.0,19.010000228881836,19.0,19.0,950,0.0,0.0
2024-07-23 11:00:00-04:00,19.010000228881836,19.010000228881836,19.0,19.0,658,0.0,0.0
2024-07-23 11:10:00-04:00,18.989999771118164,18.989999771118164,18.989999771118164,18.989999771118164,224,0.0,0.0
2024-07-23 11:15:00-04:00,19.0,19.0,19.0,19.0,1164,0.0,0.0
2024-07-23 11:20:00-04:00,19.0,19.0,19.0,19.0,1418,0.0,0.0
2024-07-23 11:25:00-04:00,19.0,19.010000228881836,19.0,19.0,2880,0.0,0.0
2024-07-23 11:50:00-04:00,18.950000762939453,18.950000762939453,18.950000762939453,18.950000762939453,258,0.0,0.0
2024-07-23 11:55:00-04:00,18.959999084472656,18.959999084472656,18.959999084472656,18.959999084472656,207,0.0,0.0
2024-07-23 12:00:00-04:00,18.950000762939453,18.950000762939453,18.950000762939453,18.950000762939453,121,0.0,0.0
2024-07-23 12:05:00-04:00,18.920000076293945,18.920000076293945,18.920000076293945,18.920000076293945,333,0.0,0.0
2024-07-23 12:10:00-04:00,18.90999984741211,18.920000076293945,18.90999984741211,18.90999984741211,308,0.0,0.0
2024-07-23 12:15:00-04:00,18.90999984741211,18.90999984741211,18.90999984741211,18.90999984741211,229,0.0,0.0
2024-07-23 12:20:00-04:00,18.905399322509766,18.905399322509766,18.899999618530273,18.899999618530273,748,0.0,0.0
2024-07-23 12:25:00-04:00,18.8799991607666,18.8799991607666,18.8700008392334,18.8700008392334,420,0.0,0.0
2024-07-23 12:30:00-04:00,18.889999389648438,18.889999389648438,18.8700008392334,18.8700008392334,944,0.0,0.0
2024-07-23 12:40:00-04:00,18.850000381469727,18.8799991607666,18.850000381469727,18.850000381469727,433,0.0,0.0
2024-07-23 12:45:00-04:00,18.850000381469727,18.850000381469727,18.850000381469727,18.850000381469727,925,0.0,0.0
2024-07-23 12:50:00-04:00,18.850000381469727,18.850000381469727,18.850000381469727,18.850000381469727,711,0.0,0.0
2024-07-23 12:55:00-04:00,18.850000381469727,18.850000381469727,18.850000381469727,18.850000381469727,110,0.0,0.0
2024-07-23 13:00:00-04:00,18.850000381469727,18.850000381469727,18.850000381469727,18.850000381469727,209,0.0,0.0
2024-07-23 13:05:00-04:00,18.850000381469727,18.850000381469727,18.850000381469727,18.850000381469727,352,0.0,0.0
2024-07-23 13:10:00-04:00,18.84000015258789,18.84000015258789,18.84000015258789,18.84000015258789,506,0.0,0.0
2024-07-23 13:15:00-04:00,18.84000015258789,18.84000015258789,18.84000015258789,18.84000015258789,200,0.0,0.0
2024-07-23 13:20:00-04:00,18.850000381469727,18.850000381469727,18.84000015258789,18.84000015258789,200,0.0,0.0
2024-07-23 13:25:00-04:00,18.84000015258789,18.84000015258789,18.829999923706055,18.829999923706055,220,0.0,0.0
2024-07-23 13:30:00-04:00,18.81999969482422,18.860000610351562,18.81999969482422,18.860000610351562,1541,0.0,0.0
2024-07-23 13:35:00-04:00,18.8799991607666,18.899999618530273,18.8700008392334,18.889999389648438,576,0.0,0.0
2024-07-23 13:40:00-04:00,18.860000610351562,18.8700008392334,18.860000610351562,18.8700008392334,232,0.0,0.0
2024-07-23 13:45:00-04:00,18.889999389648438,18.889999389648438,18.860000610351562,18.860000610351562,477,0.0,0.0
2024-07-23 13:50:00-04:00,18.90999984741211,18.940000534057617,18.90999984741211,18.934999465942383,1378,0.0,0.0
2024-07-23 13:55:00-04:00,18.950000762939453,18.950000762939453,18.910999298095703,18.934999465942383,2618,0.0,0.0
2024-07-23 14:00:00-04:00,18.899999618530273,18.93000030517578,18.899999618530273,18.93000030517578,654,0.0,0.0
2024-07-23 14:05:00-04:00,18.93000030517578,18.940000534057617,18.93000030517578,18.940000534057617,109,0.0,0.0
2024-07-23 14:10:00-04:00,18.940000534057617,18.940000534057617,18.940000534057617,18.940000534057617,247,0.0,0.0
2024-07-23 14:15:00-04:00,18.920000076293945,18.920000076293945,18.920000076293945,18.920000076293945,104,0.0,0.0
2024-07-23 14:20:00-04:00,18.934999465942383,18.934999465942383,18.934999465942383,18.934999465942383,300,0.0,0.0
2024-07-23 14:25:00-04:00,18.90999984741211,18.959999084472656,18.90999984741211,18.959999084472656,847,0.0,0.0
2024-07-23 14:30:00-04:00,18.90999984741211,18.934999465942383,18.90999984741211,18.934999465942383,922,0.0,0.0
2024-07-23 14:35:00-04:00,18.934999465942383,18.934999465942383,18.915000915527344,18.915000915527344,380,0.0,0.0
2024-07-23 14:40:00-04:00,18.889999389648438,18.889999389648438,18.8700008392334,18.8700008392334,374,0.0,0.0
2024-07-23 14:45:00-04:00,18.8700008392334,18.8700008392334,18.8700008392334,18.8700008392334,650,0.0,0.0
2024-07-23 14:50:00-04:00,18.889999389648438,18.889999389648438,18.889999389648438,18.889999389648438,103,0.0,0.0
2024-07-23 14:55:00-04:00,18.90999984741211,18.950000762939453,18.90999984741211,18.950000762939453,1265,0.0,0.0
2024-07-23 15:00:00-04:00,18.93000030517578,18.93000030517578,18.93000030517578,18.93000030517578,331,0.0,0.0
2024-07-23 15:05:00-04:00,18.920000076293945,18.950000762939453,18.899999618530273,18.899999618530273,686,0.0,0.0
2024-07-23 15:10:00-04:00,18.899999618530273,18.950000762939453,18.8799991607666,18.950000762939453,572,0.0,0.0
2024-07-23 15:15:00-04:00,18.93000030517578,18.989999771118164,18.93000030517578,18.989999771118164,2541,0.0,0.0
2024-07-23 15:20:00-04:00,18.959999084472656,18.969999313354492,18.950000762939453,18.950000762939453,368,0.0,0.0
2024-07-23 15:25:00-04:00,18.96500015258789,18.96500015258789,18.93000030517578,18.93000030517578,600,0.0,0.0
2024-07-23 15:30:00-04:00,18.96500015258789,19.010000228881836,18.940000534057617,19.010000228881836,1876,0.0,0.0
2024-07-23 15:35:00-04:00,19.0,19.0,18.979999542236328,19.0,626,0.0,0.0
2024-07-23 15:40:00-04:00,18.979999542236328,18.979999542236328,18.940000534057617,18.96500015258789,825,0.0,0.0
2024-07-23 15:45:00-04:00,18.940000534057617,18.989999771118164,18.940000534057617,18.969999313354492,1057,0.0,0.0
2024-07-23 15:50:00-04:00,18.93000030517578,18.969999313354492,18.93000030517578,18.940000534057617,1979,0.0,0.0
2024-07-23 15:55:00-04:00,18.94499969482422,18.94499969482422,18.90999984741211,18.90999984741211,7105,0.0,0.0
2024-07-24 09:30:00-04:00,18.799999237060547,18.799999237060547,18.530000686645508,18.770000457763672,3719,0.0,0.0
2024-07-24 09:35:00-04:00,18.809999465942383,18.809999465942383,18.809999465942383,18.809999465942383,878,0.0,0.0
2024-07-24 09:40:00-04:00,18.934999465942383,18.934999465942383,18.934999465942383,18.934999465942383,736,0.0,0.0
2024-07-24 09:50:00-04:00,18.920000076293945,18.920000076293945,18.860000610351562,18.860000610351562,1338,0.0,0.0
2024-07-24 09:55:00-04:00,18.899999618530273,18.959999084472656,18.899999618530273,18.950000762939453,2839,0.0,0.0
2024-07-24 10:05:00-04:00,18.940000534057617,18.97249984741211,18.940000534057617,18.97249984741211,655,0.0,0.0
2024-07-24 10:10:00-04:00,18.959999084472656,18.959999084472656,18.959999084472656,18.959999084472656,247,0.0,0.0
2024-07-24 10:15:00-04:00,18.959999084472656,18.959999084472656,18.950000762939453,18.950000762939453,708,0.0,0.0
2024-07-24 10:25:00-04:00,18.989999771118164,19.0,18.987499237060547,18.987499237060547,889,0.0,0.0
2024-07-24 10:30:00-04:00,18.950000762939453,18.950000762939453,18.950000762939453,18.950000762939453,234,0.0,0.0
2024-07-24 10:45:00-04:00,18.989500045776367,19.079999923706055,18.979999542236328,19.079999923706055,8034,0.0,0.0
2024-07-24 10:50:00-04:00,19.010000228881836,19.010000228881836,19.010000228881836,19.010000228881836,214,0.0,0.0
2024-07-24 10:55:00-04:00,19.030000686645508,19.059999465942383,19.020000457763672,19.020000457763672,2449,0.0,0.0
2024-07-24 11:05:00-04:00,19.010000228881836,19.010000228881836,19.010000228881836,19.010000228881836,5526,0.0,0.0
2024-07-24 11:10:00-04:00,19.0,19.0,19.0,19.0,409,0.0,0.0
2024-07-24 11:15:00-04:00,19.010000228881836,19.020000457763672,18.989999771118164,18.989999771118164,459,0.0,0.0
2024-07-24 11:20:00-04:00,19.0,19.030000686645508,19.0,19.010000228881836,1764,0.0,0.0
2024-07-24 11:25:00-04:00,19.049999237060547,19.059999465942383,19.049999237060547,19.059999465942383,811,0.0,0.0
2024-07-24 11:30:00-04:00,19.09000015258789,19.09000015258789,19.059999465942383,19.059999465942383,1354,0.0,0.0
2024-07-24 11:35:00-04:00,19.059999465942383,19.059999465942383,19.059999465942383,19.059999465942383,331,0.0,0.0
2024-07-24 11:40:00-04:00,19.06999969482422,19.06999969482422,19.06999969482422,19.06999969482422,425,0.0,0.0
2024-07-24 11:45:00-04:00,19.06999969482422,19.100000381469727,19.0,19.0,3069,0.0,0.0
2024-07-24 11:50:00-04:00,18.989999771118164,18.989999771118164,18.959999084472656,18.959999084472656,1211,0.0,0.0
2024-07-24 11:55:00-04:00,18.975000381469727,18.989999771118164,18.975000381469727,18.989999771118164,447,0.0,0.0
2024-07-24 12:10:00-04:00,19.020000457763672,19.020000457763672,19.020000457763672,19.020000457763672,228,0.0,0.0
2024-07-24 12:15:00-04:00,19.0,19.0,19.0,19.0,316,0.0,0.0
2024-07-24 12:20:00-04:00,19.010000228881836,19.010000228881836,19.010000228881836,19.010000228881836,458,0.0,0.0
2024-07-24 12:35:00-04:00,19.010000228881836,19.010000228881836,19.010000228881836,19.010000228881836,889,0.0,0.0
2024-07-24 12:50:00-04:00,18.9950008392334,18.9950008392334,18.9950008392334,18.9950008392334,324,0.0,0.0
2024-07-24 13:00:00-04:00,18.924999237060547,18.924999237060547,18.924999237060547,18.924999237060547,348,0.0,0.0
2024-07-24 13:05:00-04:00,18.969999313354492,18.969999313354492,18.969999313354492,18.969999313354492,277,0.0,0.0
2024-07-24 13:25:00-04:00,18.979999542236328,19.010000228881836,18.975000381469727,19.010000228881836,1473,0.0,0.0
2024-07-24 14:00:00-04:00,19.0,19.0,19.0,19.0,401,0.0,0.0
2024-07-24 14:05:00-04:00,19.0,19.0,19.0,19.0,376,0.0,0.0
2024-07-24 14:20:00-04:00,18.979999542236328,18.979999542236328,18.979999542236328,18.979999542236328,1001,0.0,0.0
2024-07-24 14:30:00-04:00,18.96500015258789,18.979999542236328,18.96500015258789,18.96500015258789,1284,0.0,0.0
2024-07-24 14:40:00-04:00,18.93000030517578,18.93000030517578,18.889999389648438,18.90999984741211,1340,0.0,0.0
2024-07-24 14:45:00-04:00,18.899999618530273,18.899999618530273,18.899999618530273,18.899999618530273,506,0.0,0.0
2024-07-24 14:55:00-04:00,18.889999389648438,18.889999389648438,18.84000015258789,18.84000015258789,2754,0.0,0.0
2024-07-24 15:10:00-04:00,18.899999618530273,18.899999618530273,18.899999618530273,18.899999618530273,756,0.0,0.0
2024-07-24 15:20:00-04:00,18.899999618530273,18.924999237060547,18.799999237060547,18.81999969482422,12822,0.0,0.0
2024-07-24 15:25:00-04:00,18.84000015258789,18.84000015258789,18.809999465942383,18.809999465942383,1076,0.0,0.0
2024-07-24 15:30:00-04:00,18.790000915527344,18.850000381469727,18.790000915527344,18.81999969482422,2315,0.0,0.0
2024-07-24 15:35:00-04:00,18.829999923706055,18.834999084472656,18.829999923706055,18.829999923706055,1088,0.0,0.0
2024-07-24 15:40:00-04:00,18.80500030517578,18.80500030517578,18.80500030517578,18.80500030517578,559,0.0,0.0
2024-07-24 15:45:00-04:00,18.825000762939453,18.850000381469727,18.770000457763672,18.780000686645508,6753,0.0,0.0
2024-07-24 15:50:00-04:00,18.770000457763672,18.790000915527344,18.770000457763672,18.780000686645508,2024,0.0,0.0
2024-07-24 15:55:00-04:00,18.760000228881836,18.769899368286133,18.719999313354492,18.739999771118164,3944,0.0,0.0
2024-07-25 09:30:00-04:00,18.200000762939453,18.200000762939453,17.850000381469727,18.040000915527344,6990,0.0,0.0
2024-07-25 09:35:00-04:00,18.049999237060547,18.049999237060547,18.049999237060547,18.049999237060547,2031,0.0,0.0
2024-07-25 09:40:00-04:00,18.145000457763672,18.145000457763672,18.145000457763672,18.145000457763672,175,0.0,0.0
2024-07-25 09:45:00-04:00,18.06999969482422,18.06999969482422,17.969999313354492,17.979999542236328,6695,0.0,0.0
2024-07-25 09:50:00-04:00,18.014999389648438,18.020000457763672,18.014999389648438,18.020000457763672,706,0.0,0.0
2024-07-25 10:00:00-04:00,18.049999237060547,18.06999969482422,18.049999237060547,18.06999969482422,2202,0.0,0.0
2024-07-25 10:10:00-04:00,18.079999923706055,18.079999923706055,18.040000915527344,18.040000915527344,3542,0.0,0.0
2024-07-25 10:15:00-04:00,18.059999465942383,18.079999923706055,18.059999465942383,18.079999923706055,1447,0.0,0.0
2024-07-25 10:25:00-04:00,18.149999618530273,18.18000030517578,18.149999618530273,18.18000030517578,2010,0.0,0.0
2024-07-25 10:30:00-04:00,18.149999618530273,18.209999084472656,18.149999618530273,18.200000762939453,3885,0.0,0.0
2024-07-25 10:35:00-04:00,18.25,18.25,18.219999313354492,18.219999313354492,492,0.0,0.0
2024-07-25 10:40:00-04:00,18.200000762939453,18.200000762939453,18.200000762939453,18.200000762939453,511,0.0,0.0
2024-07-25 10:45:00-04:00,18.239999771118164,18.239999771118164,18.225000381469727,18.225000381469727,520,0.0,0.0
2024-07-25 10:50:00-04:00,18.239999771118164,18.260000228881836,18.239999771118164,18.239999771118164,1505,0.0,0.0
2024-07-25 10:55:00-04:00,18.239999771118164,18.270000457763672,18.239999771118164,18.239999771118164,2803,0.0,0.0
2024-07-25 11:00:00-04:00,18.239999771118164,18.239999771118164,18.225000381469727,18.229999542236328,828,0.0,0.0
2024-07-25 11:05:00-04:00,18.239999771118164,18.239999771118164,18.229999542236328,18.229999542236328,1910,0.0,0.0
2024-07-25 11:10:00-04:00,18.239999771118164,18.260000228881836,18.239999771118164,18.239999771118164,1369,0.0,0.0
2024-07-25 11:15:00-04:00,18.239999771118164,18.280000686645508,18.239999771118164,18.239999771118164,2421,0.0,0.0
2024-07-25 11:25:00-04:00,18.25,18.25,18.25,18.25,742,0.0,0.0
2024-07-25 11:30:00-04:00,18.209999084472656,18.239999771118164,18.209999084472656,18.209999084472656,1682,0.0,0.0
2024-07-25 11:45:00-04:00,18.219999313354492,18.219999313354492,18.209999084472656,18.209999084472656,629,0.0,0.0
2024-07-25 12:00:00-04:00,18.190000534057617,18.219999313354492,18.1200008392334,18.1200008392334,9303,0.0,0.0
2024-07-25 12:05:00-04:00,18.15999984741211,18.184999465942383,18.15999984741211,18.184999465942383,1471,0.0,0.0
2024-07-25 12:35:00-04:00,18.239999771118164,18.239999771118164,18.239999771118164,18.239999771118164,514,0.0,0.0
2024-07-25 12:40:00-04:00,18.200000762939453,18.21500015258789,18.18000030517578,18.209999084472656,1029,0.0,0.0
2024-07-25 12:45:00-04:00,18.18000030517578,18.190000534057617,18.18000030517578,18.190000534057617,804,0.0,0.0
2024-07-25 12:50:00-04:00,18.170000076293945,18.170000076293945,18.170000076293945,18.170000076293945,901,0.0,0.0
2024-07-25 12:55:00-04:00,18.15999984741211,18.15999984741211,18.15999984741211,18.15999984741211,590,0.0,0.0
2024-07-25 13:00:00-04:00,18.149999618530273,18.149999618530273,18.149999618530273,18.149999618530273,280,0.0,0.0
2024-07-25 13:05:00-04:00,18.149999618530273,18.149999618530273,18.149999618530273,18.149999618530273,541,0.0,0.0
2024-07-25 13:15:00-04:00,18.149999618530273,18.149999618530273,18.149999618530273,18.149999618530273,226,0.0,0.0
2024-07-25 13:20:00-04:00,18.1299991607666,18.1299991607666,18.1299991607666,18.1299991607666,116,0.0,0.0
2024-07-25 13:25:00-04:00,18.1200008392334,18.15999984741211,18.1200008392334,18.13599967956543,631,0.0,0.0
2024-07-25 13:30:00-04:00,18.1200008392334,18.1200008392334,18.1200008392334,18.1200008392334,250,0.0,0.0
2024-07-25 13:35:00-04:00,18.1200008392334,18.1200008392334,18.1200008392334,18.1200008392334,114,0.0,0.0
2024-07-25 13:40:00-04:00,18.1200008392334,18.1200008392334,18.1200008392334,18.1200008392334,324,0.0,0.0
2024-07-25 13:45:00-04:00,18.1299991607666,18.149999618530273,18.110000610351562,18.110000610351562,2213,0.0,0.0
2024-07-25 13:50:00-04:00,18.1299991607666,18.139999389648438,18.1299991607666,18.1299991607666,480,0.0,0.0
2024-07-25 13:55:00-04:00,18.110000610351562,18.110000610351562,18.110000610351562,18.110000610351562,1316,0.0,0.0
2024-07-25 14:05:00-04:00,18.114999771118164,18.114999771118164,18.09000015258789,18.09000015258789,640,0.0,0.0
2024-07-25 14:10:00-04:00,18.1299991607666,18.1299991607666,18.1299991607666,18.1299991607666,696,0.0,0.0
2024-07-25 14:15:00-04:00,18.079999923706055,18.079999923706055,18.079999923706055,18.079999923706055,135,0.0,0.0
2024-07-25 14:20:00-04:00,18.079999923706055,18.079999923706055,18.079999923706055,18.079999923706055,250,0.0,0.0
2024-07-25 14:25:00-04:00,18.079999923706055,18.079999923706055,18.079999923706055,18.079999923706055,347,0.0,0.0
2024-07-25 14:30:00-04:00,18.079999923706055,18.079999923706055,18.079999923706055,18.079999923706055,249,0.0,0.0
2024-07-25 14:35:00-04:00,18.09000015258789,18.09000015258789,18.09000015258789,18.09000015258789,269,0.0,0.0
2024-07-25 14:40:00-04:00,18.09000015258789,18.09000015258789,18.06999969482422,18.06999969482422,798,0.0,0.0
2024-07-25 14:45:00-04:00,18.049999237060547,18.049999237060547,18.049999237060547,18.049999237060547,879,0.0,0.0
2024-07-25 14:50:00-04:00,18.059999465942383,18.059999465942383,18.020000457763672,18.049999237060547,1217,0.0,0.0
2024-07-25 14:55:00-04:00,18.020000457763672,18.045000076293945,18.020000457763672,18.045000076293945,379,0.0,0.0
2024-07-25 15:00:00-04:00,18.020000457763672,18.030000686645508,18.020000457763672,18.030000686645508,211,0.0,0.0
2024-07-25 15:05:00-04:00,18.020000457763672,18.07990074157715,18.020000457763672,18.049999237060547,739,0.0,0.0
2024-07-25 15:10:00-04:00,18.030000686645508,18.030000686645508,18.020000457763672,18.020000457763672,284,0.0,0.0
2024-07-25 15:15:00-04:00,18.059999465942383,18.100000381469727,18.020000457763672,18.100000381469727,932,0.0,0.0
2024-07-25 15:20:00-04:00,18.059999465942383,18.110000610351562,18.059999465942383,18.079999923706055,405,0.0,0.0
2024-07-25 15:25:00-04:00,18.059999465942383,18.094999313354492,18.059999465942383,18.059999465942383,521,0.0,0.0
2024-07-25 15:30:00-04:00,18.059999465942383,18.1200008392334,18.059999465942383,18.079999923706055,880,0.0,0.0
2024-07-25 15:35:00-04:00,18.079999923706055,18.110000610351562,18.079999923706055,18.094999313354492,453,0.0,0.0
2024-07-25 15:40:00-04:00,18.079999923706055,18.079999923706055,18.079999923706055,18.079999923706055,349,0.0,0.0
2024-07-25 15:45:00-04:00,18.06999969482422,18.079999923706055,18.010000228881836,18.059999465942383,5432,0.0,0.0
2024-07-25 15:50:00-04:00,18.020000457763672,18.06999969482422,18.020000457763672,18.06999969482422,1332,0.0,0.0
2024-07-25 15:55:00-04:00,18.075000762939453,18.079999923706055,18.020000457763672,18.020000457763672,3778,0.0,0.0
2024-07-26 09:30:00-04:00,18.010000228881836,18.459999084472656,18.010000228881836,18.270000457763672,2805,0.0,0.0
2024-07-26 09:40:00-04:00,18.34000015258789,18.34000015258789,18.34000015258789,18.34000015258789,431,0.0,0.0
2024-07-26 09:45:00-04:00,18.329999923706055,18.34000015258789,18.31999969482422,18.34000015258789,1459,0.0,0.0
2024-07-26 09:50:00-04:00,18.329999923706055,18.329999923706055,18.329999923706055,18.329999923706055,176,0.0,0.0
2024-07-26 10:00:00-04:00,18.385000228881836,18.5,18.385000228881836,18.5,460,0.0,0.0
2024-07-26 10:05:00-04:00,18.510000228881836,18.510000228881836,18.510000228881836,18.510000228881836,380,0.0,0.0
2024-07-26 10:25:00-04:00,18.399999618530273,18.469999313354492,18.399999618530273,18.469999313354492,3032,0.0,0.0
2024-07-26 10:30:00-04:00,18.479999542236328,18.510000228881836,18.469999313354492,18.469999313354492,2299,0.0,0.0
2024-07-26 10:35:00-04:00,18.459999084472656,18.459999084472656,18.459999084472656,18.459999084472656,688,0.0,0.0
2024-07-26 10:45:00-04:00,18.4950008392334,18.4950008392334,18.4950008392334,18.4950008392334,119,0.0,0.0
2024-07-26 10:50:00-04:00,18.440000534057617,18.440000534057617,18.440000534057617,18.440000534057617,570,0.0,0.0
2024-07-26 11:00:00-04:00,18.479999542236328,18.479999542236328,18.479999542236328,18.479999542236328,710,0.0,0.0
2024-07-26 11:30:00-04:00,18.459999084472656,18.459999084472656,18.459999084472656,18.459999084472656,898,0.0,0.0
2024-07-26 12:10:00-04:00,18.520000457763672,18.520000457763672,18.520000457763672,18.520000457763672,159,0.0,0.0
2024-07-26 12:40:00-04:00,18.530000686645508,18.530000686645508,18.530000686645508,18.530000686645508,786,0.0,0.0
2024-07-26 13:10:00-04:00,18.5,18.549999237060547,18.5,18.549999237060547,811,0.0,0.0
2024-07-26 13:20:00-04:00,18.55500030517578,18.55500030517578,18.55500030517578,18.55500030517578,208,0.0,0.0
2024-07-26 13:30:00-04:00,18.520000457763672,18.520000457763672,18.520000457763672,18.520000457763672,722,0.0,0.0
2024-07-26 13:35:00-04:00,18.510000228881836,18.510000228881836,18.510000228881836,18.510000228881836,595,0.0,0.0
2024-07-26 14:20:00-04:00,18.489999771118164,18.489999771118164,18.489999771118164,18.489999771118164,571,0.0,0.0
2024-07-26 14:50:00-04:00,18.469999313354492,18.469999313354492,18.469999313354492,18.469999313354492,186,0.0,0.0
2024-07-26 15:00:00-04:00,18.454999923706055,18.454999923706055,18.454999923706055,18.454999923706055,204,0.0,0.0
2024-07-26 15:10:00-04:00,18.44499969482422,18.459999084472656,18.44499969482422,18.459999084472656,865,0.0,0.0
2024-07-26 15:30:00-04:00,18.450000762939453,18.450000762939453,18.450000762939453,18.450000762939453,284,0.0,0.0
2024-07-26 15:40:00-04:00,18.469999313354492,18.469999313354492,18.469999313354492,18.469999313354492,447,0.0,0.0
2024-07-26 15:45:00-04:00,18.479999542236328,18.479999542236328,18.479999542236328,18.479999542236328,1137,0.0,0.0
2024-07-26 15:50:00-04:00,18.479999542236328,18.530000686645508,18.479999542236328,18.530000686645508,1276,0.0,0.0
2024-07-26 15:55:00-04:00,18.559999465942383,18.559999465942383,18.524999618530273,18.549999237060547,4674,0.0,0.0
2024-07-29 09:30:00-04:00,18.610000610351562,18.610000610351562,18.40999984741211,18.450000762939453,4183,0.0,0.0
2024-07-29 09:40:00-04:00,18.270000457763672,18.270000457763672,18.270000457763672,18.270000457763672,587,0.0,0.0
2024-07-29 10:05:00-04:00,18.334999084472656,18.334999084472656,18.334999084472656,18.334999084472656,2812,0.0,0.0
2024-07-29 10:25:00-04:00,18.270000457763672,18.270000457763672,18.270000457763672,18.270000457763672,279,0.0,0.0
2024-07-29 10:30:00-04:00,18.219999313354492,18.219999313354492,18.190000534057617,18.190000534057617,1446,0.0,0.0
2024-07-29 10:50:00-04:00,18.25,18.25,18.25,18.25,510,0.0,0.0
2024-07-29 11:00:00-04:00,18.209999084472656,18.209999084472656,18.209999084472656,18.209999084472656,1304,0.0,0.0
2024-07-29 11:25:00-04:00,18.239999771118164,18.239999771118164,18.239999771118164,18.239999771118164,1203,0.0,0.0
2024-07-29 11:40:00-04:00,18.15999984741211,18.15999984741211,18.15999984741211,18.15999984741211,717,0.0,0.0
2024-07-29 11:50:00-04:00,18.190000534057617,18.190000534057617,18.190000534057617,18.190000534057617,1472,0.0,0.0
2024-07-29 12:25:00-04:00,18.200000762939453,18.200000762939453,18.200000762939453,18.200000762939453,986,0.0,0.0
2024-07-29 12:50:00-04:00,18.219999313354492,18.219999313354492,18.219999313354492,18.219999313354492,1369,0.0,0.0
2024-07-29 13:10:00-04:00,18.219999313354492,18.219999313354492,18.219999313354492,18.219999313354492,471,0.0,0.0
2024-07-29 13:30:00-04:00,18.209999084472656,18.209999084472656,18.209999084472656,18.209999084472656,420,0.0,0.0
2024-07-29 13:40:00-04:00,18.209999084472656,18.209999084472656,18.209999084472656,18.209999084472656,399,0.0,0.0
2024-07-29 13:50:00-04:00,18.209999084472656,18.229999542236328,18.209999084472656,18.229999542236328,1202,0.0,0.0
2024-07-29 13:55:00-04:00,18.200000762939453,18.200000762939453,18.200000762939453,18.200000762939453,773,0.0,0.0
2024-07-29 14:00:00-04:00,18.190000534057617,18.200000762939453,18.190000534057617,18.200000762939453,1931,0.0,0.0
2024-07-29 14:10:00-04:00,18.209999084472656,18.209999084472656,18.209999084472656,18.209999084472656,1017,0.0,0.0
2024-07-29 14:30:00-04:00,18.190000534057617,18.200000762939453,18.190000534057617,18.19499969482422,1304,0.0,0.0
2024-07-29 14:35:00-04:00,18.18000030517578,18.190000534057617,18.18000030517578,18.190000534057617,1053,0.0,0.0
2024-07-29 14:40:00-04:00,18.195999145507812,18.200000762939453,18.18000030517578,18.18000030517578,1383,0.0,0.0
2024-07-29 14:50:00-04:00,18.18000030517578,18.209999084472656,18.18000030517578,18.204999923706055,1621,0.0,0.0
2024-07-29 14:55:00-04:00,18.209999084472656,18.209999084472656,18.209999084472656,18.209999084472656,798,0.0,0.0
2024-07-29 15:00:00-04:00,18.209999084472656,18.209999084472656,18.209999084472656,18.209999084472656,445,0.0,0.0
2024-07-29 15:10:00-04:00,18.200000762939453,18.200000762939453,18.200000762939453,18.200000762939453,558,0.0,0.0
2024-07-29 15:20:00-04:00,18.219999313354492,18.219999313354492,18.219999313354492,18.219999313354492,420,0.0,0.0
2024-07-29 15:30:00-04:00,18.239999771118164,18.25,18.239999771118164,18.239999771118164,1076,0.0,0.0
2024-07-29 15:35:00-04:00,18.260000228881836,18.260000228881836,18.260000228881836,18.260000228881836,1566,0.0,0.0
2024-07-29 15:50:00-04:00,18.280000686645508,18.280000686645508,18.280000686645508,18.280000686645508,513,0.0,0.0
2024-07-29 15:55:00-04:00,18.290000915527344,18.31999969482422,18.280000686645508,18.290000915527344,2120,0.0,0.0
2024-07-30 09:30:00-04:00,18.0,18.0,18.0,18.0,0,0.0,0.0
2024-07-30 09:40:00-04:00,18.139999389648438,18.139999389648438,18.139999389648438,18.139999389648438,444,0.0,0.0
2024-07-30 09:45:00-04:00,18.020000457763672,18.020000457763672,18.020000457763672,18.020000457763672,925,0.0,0.0
2024-07-30 09:50:00-04:00,17.979999542236328,17.979999542236328,17.979999542236328,17.979999542236328,3045,0.0,0.0
2024-07-30 10:00:00-04:00,18.045000076293945,18.045000076293945,18.045000076293945,18.045000076293945,261,0.0,0.0
2024-07-30 10:10:00-04:00,18.03499984741211,18.03499984741211,18.03499984741211,18.03499984741211,152,0.0,0.0
2024-07-30 10:15:00-04:00,18.030000686645508,18.079999923706055,18.030000686645508,18.079999923706055,1021,0.0,0.0
2024-07-30 10:25:00-04:00,18.06999969482422,18.06999969482422,18.06999969482422,18.06999969482422,1287,0.0,0.0
2024-07-30 10:40:00-04:00,18.09000015258789,18.09000015258789,18.09000015258789,18.09000015258789,353,0.0,0.0
2024-07-30 10:50:00-04:00,18.020000457763672,18.020000457763672,18.010000228881836,18.010000228881836,1136,0.0,0.0
2024-07-30 10:55:00-04:00,18.0,18.010000228881836,18.0,18.010000228881836,1072,0.0,0.0
2024-07-30 11:00:00-04:00,18.0,18.0,17.940000534057617,17.940000534057617,1780,0.0,0.0
2024-07-30 11:05:00-04:00,17.940000534057617,17.979999542236328,17.940000534057617,17.979999542236328,2875,0.0,0.0
2024-07-30 11:20:00-04:00,17.979999542236328,18.030000686645508,17.979999542236328,18.030000686645508,2819,0.0,0.0
2024-07-30 11:30:00-04:00,18.030000686645508,18.030000686645508,18.030000686645508,18.030000686645508,903,0.0,0.0
2024-07-30 12:10:00-04:00,18.0,18.0,18.0,18.0,118,0.0,0.0
2024-07-30 12:15:00-04:00,18.020000457763672,18.020000457763672,17.959999084472656,17.959999084472656,2135,0.0,0.0
2024-07-30 12:25:00-04:00,17.989999771118164,17.989999771118164,17.989999771118164,17.989999771118164,463,0.0,0.0
2024-07-30 12:35:00-04:00,17.979999542236328,17.979999542236328,17.940000534057617,17.940000534057617,2029,0.0,0.0
2024-07-30 12:40:00-04:00,17.950000762939453,17.950000762939453,17.940000534057617,17.940000534057617,1579,0.0,0.0
2024-07-30 12:45:00-04:00,17.93000030517578,17.93000030517578,17.90999984741211,17.90999984741211,1388,0.0,0.0
2024-07-30 12:50:00-04:00,17.889999389648438,17.889999389648438,17.84000015258789,17.84000015258789,3277,0.0,0.0
2024-07-30 12:55:00-04:00,17.834999084472656,17.834999084472656,17.81999969482422,17.81999969482422,551,0.0,0.0
2024-07-30 13:00:00-04:00,17.81999969482422,17.81999969482422,17.81999969482422,17.81999969482422,938,0.0,0.0
2024-07-30 13:05:00-04:00,17.799999237060547,17.809999465942383,17.799999237060547,17.809999465942383,880,0.0,0.0
2024-07-30 13:15:00-04:00,17.81999969482422,17.81999969482422,17.799999237060547,17.799999237060547,2134,0.0,0.0
2024-07-30 13:40:00-04:00,17.899999618530273,17.899999618530273,17.899999618530273,17.899999618530273,1316,0.0,0.0
2024-07-30 13:45:00-04:00,17.93000030517578,17.93000030517578,17.924999237060547,17.924999237060547,805,0.0,0.0
2024-07-30 13:50:00-04:00,17.90999984741211,17.90999984741211,17.90999984741211,17.90999984741211,105,0.0,0.0
2024-07-30 13:55:00-04:00,17.93000030517578,17.93000030517578,17.93000030517578,17.93000030517578,623,0.0,0.0
2024-07-30 14:20:00-04:00,17.920000076293945,17.920000076293945,17.920000076293945,17.920000076293945,404,0.0,0.0
2024-07-30 14:25:00-04:00,17.90999984741211,17.90999984741211,17.90999984741211,17.90999984741211,748,0.0,0.0
2024-07-30 14:30:00-04:00,17.90999984741211,17.90999984741211,17.90999984741211,17.90999984741211,205,0.0,0.0
2024-07-30 14:35:00-04:00,17.905000686645508,17.905000686645508,17.905000686645508,17.905000686645508,335,0.0,0.0
2024-07-30 14:50:00-04:00,17.93000030517578,17.93000030517578,17.93000030517578,17.93000030517578,1433,0.0,0.0
2024-07-30 15:05:00-04:00,17.93000030517578,17.940000534057617,17.93000030517578,17.940000534057617,1005,0.0,0.0
2024-07-30 15:10:00-04:00,17.950000762939453,17.950000762939453,17.950000762939453,17.950000762939453,777,0.0,0.0
2024-07-30 15:25:00-04:00,17.940000534057617,17.950000762939453,17.940000534057617,17.950000762939453,362,0.0,0.0
2024-07-30 15:30:00-04:00,17.959999084472656,17.959999084472656,17.959999084472656,17.959999084472656,762,0.0,0.0
2024-07-30 15:35:00-04:00,17.969999313354492,17.969999313354492,17.959999084472656,17.959999084472656,762,0.0,0.0
2024-07-30 15:40:00-04:00,17.969999313354492,17.969999313354492,17.954999923706055,17.954999923706055,674,0.0,0.0
2024-07-30 15:50:00-04:00,17.979999542236328,18.030000686645508,17.979999542236328,18.020000457763672,10028,0.0,0.0
2024-07-30 15:55:00-04:00,18.0,18.0,17.959999084472656,17.989999771118164,7402,0.0,0.0
2024-07-31 09:30:00-04:00,18.799999237060547,18.799999237060547,18.799999237060547,18.799999237060547,1700,0.0,0.0
2024-07-31 09:35:00-04:00,19.200000762939453,19.200000762939453,18.68000030517578,18.709999084472656,12067,0.0,0.0
2024-07-31 09:40:00-04:00,18.770000457763672,18.770000457763672,18.770000457763672,18.770000457763672,1077,0.0,0.0
2024-07-31 09:45:00-04:00,18.690000534057617,18.690000534057617,18.59000015258789,18.670000076293945,1442,0.0,0.0
2024-07-31 09:50:00-04:00,18.65999984741211,18.959999084472656,18.65999984741211,18.940000534057617,4752,0.0,0.0
2024-07-31 10:00:00-04:00,18.940000534057617,19.010000228881836,18.940000534057617,19.010000228881836,2234,0.0,0.0
2024-07-31 10:10:00-04:00,18.8799991607666,18.8799991607666,18.84000015258789,18.84000015258789,1269,0.0,0.0
2024-07-31 10:15:00-04:00,18.780000686645508,18.780000686645508,18.780000686645508,18.780000686645508,200,0.0,0.0
2024-07-31 10:20:00-04:00,18.760000228881836,18.799999237060547,18.760000228881836,18.799999237060547,1005,0.0,0.0
2024-07-31 10:30:00-04:00,18.84000015258789,18.84000015258789,18.84000015258789,18.84000015258789,788,0.0,0.0
2024-07-31 10:35:00-04:00,18.84000015258789,18.84000015258789,18.84000015258789,18.84000015258789,733,0.0,0.0
2024-07-31 11:05:00-04:00,18.68000030517578,18.68000030517578,18.68000030517578,18.68000030517578,988,0.0,0.0
2024-07-31 11:25:00-04:00,18.899999618530273,18.950000762939453,18.864999771118164,18.950000762939453,1862,0.0,0.0
2024-07-31 11:40:00-04:00,18.975000381469727,18.975000381469727,18.975000381469727,18.975000381469727,271,0.0,0.0
2024-07-31 11:45:00-04:00,19.030000686645508,19.030000686645508,19.030000686645508,19.030000686645508,2749,0.0,0.0
2024-07-31 11:55:00-04:00,19.040000915527344,19.049999237060547,19.040000915527344,19.040000915527344,3713,0.0,0.0
2024-07-31 12:00:00-04:00,19.100000381469727,19.100000381469727,19.100000381469727,19.100000381469727,2452,0.0,0.0
2024-07-31 12:05:00-04:00,19.079999923706055,19.079999923706055,19.079999923706055,19.079999923706055,472,0.0,0.0
2024-07-31 12:10:00-04:00,19.059999465942383,19.139999389648438,19.059999465942383,19.139999389648438,2939,0.0,0.0
2024-07-31 12:15:00-04:00,19.10770034790039,19.10770034790039,19.10770034790039,19.10770034790039,617,0.0,0.0
2024-07-31 12:30:00-04:00,19.18000030517578,19.190000534057617,19.1299991607666,19.1299991607666,4113,0.0,0.0
2024-07-31 12:35:00-04:00,19.150999069213867,19.150999069213867,19.150999069213867,19.150999069213867,524,0.0,0.0
2024-07-31 12:45:00-04:00,19.08799934387207,19.08799934387207,19.08799934387207,19.08799934387207,1716,0.0,0.0
2024-07-31 13:15:00-04:00,19.170000076293945,19.170000076293945,19.170000076293945,19.170000076293945,449,0.0,0.0
2024-07-31 13:25:00-04:00,19.225000381469727,19.225000381469727,19.18000030517578,19.18000030517578,2912,0.0,0.0
2024-07-31 13:40:00-04:00,19.25,19.25,19.25,19.25,1214,0.0,0.0
2024-07-31 13:50:00-04:00,19.267000198364258,19.267000198364258,19.267000198364258,19.267000198364258,351,0.0,0.0
2024-07-31 13:55:00-04:00,19.280000686645508,19.280000686645508,19.280000686645508,19.280000686645508,509,0.0,0.0
2024-07-31 14:10:00-04:00,19.27630043029785,19.27630043029785,19.27630043029785,19.27630043029785,539,0.0,0.0
2024-07-31 14:15:00-04:00,19.30500030517578,19.30500030517578,19.30500030517578,19.30500030517578,1522,0.0,0.0
2024-07-31 14:30:00-04:00,19.3799991607666,19.3799991607666,19.360000610351562,19.360000610351562,683,0.0,0.0
2024-07-31 14:35:00-04:00,19.382299423217773,19.382299423217773,19.34000015258789,19.34000015258789,864,0.0,0.0
2024-07-31 14:40:00-04:00,19.3799991607666,19.420000076293945,19.3799991607666,19.420000076293945,444,0.0,0.0
2024-07-31 14:45:00-04:00,19.43000030517578,19.459999084472656,19.43000030517578,19.459999084472656,907,0.0,0.0
2024-07-31 14:50:00-04:00,19.540000915527344,19.540000915527344,19.530000686645508,19.530000686645508,493,0.0,0.0
2024-07-31 14:55:00-04:00,19.56999969482422,19.56999969482422,19.56999969482422,19.56999969482422,728,0.0,0.0
2024-07-31 15:05:00-04:00,19.579999923706055,19.579999923706055,19.579999923706055,19.579999923706055,2764,0.0,0.0
2024-07-31 15:15:00-04:00,19.65999984741211,19.68000030517578,19.59000015258789,19.594999313354492,2735,0.0,0.0
2024-07-31 15:20:00-04:00,19.549999237060547,19.549999237060547,19.549999237060547,19.549999237060547,603,0.0,0.0
2024-07-31 15:25:00-04:00,19.530000686645508,19.530000686645508,19.530000686645508,19.530000686645508,534,0.0,0.0
2024-07-31 15:30:00-04:00,19.579999923706055,19.579999923706055,19.579999923706055,19.579999923706055,501,0.0,0.0
2024-07-31 15:35:00-04:00,19.579999923706055,19.579999923706055,19.440000534057617,19.440000534057617,3622,0.0,0.0
2024-07-31 15:40:00-04:00,19.399999618530273,19.399999618530273,19.3799991607666,19.3799991607666,1360,0.0,0.0
2024-07-31 15:45:00-04:00,19.420000076293945,19.559999465942383,19.399999618530273,19.399999618530273,6453,0.0,0.0
2024-07-31 15:50:00-04:00,19.434999465942383,19.440000534057617,19.43000030517578,19.43000030517578,1600,0.0,0.0
2024-07-31 15:55:00-04:00,19.420000076293945,19.459999084472656,19.389999389648438,19.399999618530273,10861,0.0,0.0
2024-08-01 09:30:00-04:00,18.559999465942383,18.559999465942383,18.559999465942383,18.559999465942383,6508,0.0,0.0
2024-08-01 09:35:00-04:00,18.8799991607666,18.8799991607666,18.8799991607666,18.8799991607666,140,0.0,0.0
2024-08-01 09:40:00-04:00,18.799999237060547,18.8799991607666,18.799999237060547,18.8799991607666,1518,0.0,0.0
2024-08-01 09:45:00-04:00,18.8700008392334,18.8700008392334,18.809999465942383,18.809999465942383,843,0.0,0.0
2024-08-01 09:50:00-04:00,18.799999237060547,18.799999237060547,18.600000381469727,18.600000381469727,1497,0.0,0.0
2024-08-01 09:55:00-04:00,18.59000015258789,18.59000015258789,18.520000457763672,18.540000915527344,2476,0.0,0.0
2024-08-01 10:00:00-04:00,18.459999084472656,18.459999084472656,18.420000076293945,18.420000076293945,1082,0.0,0.0
2024-08-01 10:05:00-04:00,18.399999618530273,18.399999618530273,18.360000610351562,18.360000610351562,1367,0.0,0.0
2024-08-01 10:10:00-04:00,18.3799991607666,18.40999984741211,18.350000381469727,18.354999542236328,2844,0.0,0.0
2024-08-01 10:15:00-04:00,18.329999923706055,18.329999923706055,18.219999313354492,18.260000228881836,2076,0.0,0.0
2024-08-01 10:20:00-04:00,18.229999542236328,18.229999542236328,18.229999542236328,18.229999542236328,300,0.0,0.0
2024-08-01 10:25:00-04:00,18.264999389648438,18.420000076293945,18.264999389648438,18.415000915527344,3465,0.0,0.0
2024-08-01 10:30:00-04:00,18.4237003326416,18.4237003326416,18.4237003326416,18.4237003326416,444,0.0,0.0
2024-08-01 10:45:00-04:00,18.489999771118164,18.489999771118164,18.489999771118164,18.489999771118164,1477,0.0,0.0
2024-08-01 11:25:00-04:00,18.53499984741211,18.53499984741211,18.5,18.5,380,0.0,0.0
2024-08-01 11:30:00-04:00,18.530000686645508,18.566499710083008,18.530000686645508,18.566499710083008,535,0.0,0.0
2024-08-01 11:35:00-04:00,18.565000534057617,18.565000534057617,18.565000534057617,18.565000534057617,349,0.0,0.0
2024-08-01 11:55:00-04:00,18.590200424194336,18.5939998626709,18.510000228881836,18.575000762939453,6110,0.0,0.0
2024-08-01 12:20:00-04:00,18.639999389648438,18.639999389648438,18.639999389648438,18.639999389648438,408,0.0,0.0
2024-08-01 12:35:00-04:00,18.6200008392334,18.6200008392334,18.6200008392334,18.6200008392334,303,0.0,0.0
2024-08-01 12:45:00-04:00,18.579999923706055,18.584999084472656,18.579999923706055,18.584999084472656,551,0.0,0.0
2024-08-01 13:15:00-04:00,18.549999237060547,18.549999237060547,18.389999389648438,18.424999237060547,2560,0.0,0.0
2024-08-01 13:25:00-04:00,18.389999389648438,18.389999389648438,18.34000015258789,18.389999389648438,3797,0.0,0.0
2024-08-01 13:30:00-04:00,18.459999084472656,18.459999084472656,18.459999084472656,18.459999084472656,295,0.0,0.0
2024-08-01 13:50:00-04:00,18.399999618530273,18.40999984741211,18.18000030517578,18.40999984741211,22163,0.0,0.0
2024-08-01 13:55:00-04:00,18.350000381469727,18.350000381469727,18.350000381469727,18.350000381469727,746,0.0,0.0
2024-08-01 14:15:00-04:00,18.270000457763672,18.299999237060547,18.260000228881836,18.280000686645508,1242,0.0,0.0
2024-08-01 14:30:00-04:00,18.32830047607422,18.32830047607422,18.32830047607422,18.32830047607422,1066,0.0,0.0
2024-08-01 14:50:00-04:00,18.270000457763672,18.270000457763672,18.2549991607666,18.2549991607666,796,0.0,0.0
2024-08-01 15:05:00-04:00,18.219999313354492,18.280000686645508,18.219999313354492,18.235000610351562,982,0.0,0.0
2024-08-01 15:10:00-04:00,18.25,18.25,18.25,18.25,358,0.0,0.0
2024-08-01 15:15:00-04:00,18.299999237060547,18.299999237060547,18.299999237060547,18.299999237060547,126,0.0,0.0
2024-08-01 15:20:00-04:00,18.295000076293945,18.295000076293945,18.295000076293945,18.295000076293945,414,0.0,0.0
2024-08-01 15:25:00-04:00,18.350000381469727,18.350000381469727,18.350000381469727,18.350000381469727,789,0.0,0.0
2024-08-01 15:35:00-04:00,18.379899978637695,18.379899978637695,18.379899978637695,18.379899978637695,812,0.0,0.0
2024-08-01 15:40:00-04:00,18.350000381469727,18.360000610351562,18.329999923706055,18.33009910583496,1865,0.0,0.0
2024-08-01 15:45:00-04:00,18.290000915527344,18.520000457763672,18.290000915527344,18.5,27912,0.0,0.0
2024-08-01 15:50:00-04:00,18.524999618530273,18.524999618530273,18.466999053955078,18.466999053955078,1807,0.0,0.0
2024-08-01 15:55:00-04:00,18.469999313354492,18.530000686645508,18.469999313354492,18.530000686645508,8747,0.0,0.0
2024-08-02 09:30:00-04:00,18.520000457763672,19.440000534057617,18.149999618530273,18.149999618530273,0,0.0,0.0
2024-08-02 09:40:00-04:00,18.040000915527344,18.125,18.040000915527344,18.125,400,0.0,0.0
2024-08-02 09:45:00-04:00,17.940000534057617,18.0049991607666,17.940000534057617,18.0049991607666,1175,0.0,0.0
2024-08-02 09:50:00-04:00,18.030000686645508,18.030000686645508,18.0049991607666,18.0049991607666,1347,0.0,0.0
2024-08-02 09:55:00-04:00,17.9950008392334,18.059999465942383,17.985000610351562,17.985000610351562,1568,0.0,0.0
2024-08-02 10:00:00-04:00,18.059999465942383,18.09000015258789,18.059999465942383,18.06999969482422,2273,0.0,0.0
2024-08-02 10:05:00-04:00,18.094999313354492,18.094999313354492,18.094999313354492,18.094999313354492,637,0.0,0.0
2024-08-02 10:15:00-04:00,18.049999237060547,18.049999237060547,18.0,18.0049991607666,401,0.0,0.0
2024-08-02 10:20:00-04:00,18.010000228881836,18.010000228881836,17.979999542236328,17.989999771118164,2239,0.0,0.0
2024-08-02 10:25:00-04:00,18.020000457763672,18.020000457763672,17.989999771118164,18.0,1915,0.0,0.0
2024-08-02 10:30:00-04:00,18.010000228881836,18.010000228881836,17.989999771118164,18.0,1557,0.0,0.0
2024-08-02 10:35:00-04:00,17.950000762939453,17.979999542236328,17.950000762939453,17.979999542236328,1158,0.0,0.0
2024-08-02 10:40:00-04:00,17.975000381469727,18.049999237060547,17.975000381469727,18.049999237060547,1212,0.0,0.0
2024-08-02 10:45:00-04:00,18.059999465942383,18.059999465942383,18.040000915527344,18.040000915527344,421,0.0,0.0
2024-08-02 10:50:00-04:00,18.040000915527344,18.040000915527344,17.940000534057617,17.940000534057617,474,0.0,0.0
2024-08-02 10:55:00-04:00,17.940000534057617,17.940000534057617,17.940000534057617,17.940000534057617,366,0.0,0.0
2024-08-02 11:00:00-04:00,17.90999984741211,17.90999984741211,17.889999389648438,17.889999389648438,4956,0.0,0.0
2024-08-02 11:10:00-04:00,17.8799991607666,17.8799991607666,17.860000610351562,17.8799991607666,412,0.0,0.0
2024-08-02 11:15:00-04:00,17.8700008392334,17.8700008392334,17.8700008392334,17.8700008392334,324,0.0,0.0
2024-08-02 11:20:00-04:00,17.860000610351562,17.860000610351562,17.850000381469727,17.850000381469727,241,0.0,0.0
2024-08-02 11:25:00-04:00,17.854999542236328,17.854999542236328,17.84000015258789,17.84000015258789,2067,0.0,0.0
2024-08-02 11:30:00-04:00,17.940000534057617,17.979999542236328,17.940000534057617,17.979999542236328,580,0.0,0.0
2024-08-02 11:40:00-04:00,17.93000030517578,17.969999313354492,17.93000030517578,17.969999313354492,1313,0.0,0.0
2024-08-02 11:50:00-04:00,17.969999313354492,18.0,17.969999313354492,18.0,1348,0.0,0.0
2024-08-02 11:55:00-04:00,18.020000457763672,18.040000915527344,18.020000457763672,18.040000915527344,522,0.0,0.0
2024-08-02 12:05:00-04:00,18.020000457763672,18.100000381469727,18.020000457763672,18.100000381469727,1308,0.0,0.0
2024-08-02 12:15:00-04:00,18.049999237060547,18.049999237060547,18.049999237060547,18.049999237060547,101,0.0,0.0
2024-08-02 12:20:00-04:00,18.05500030517578,18.05500030517578,18.020000457763672,18.020000457763672,519,0.0,0.0
2024-08-02 12:25:00-04:00,17.989999771118164,18.0,17.989999771118164,18.0,408,0.0,0.0
2024-08-02 12:30:00-04:00,18.0,18.0,18.0,18.0,114,0.0,0.0
2024-08-02 12:35:00-04:00,18.040000915527344,18.05500030517578,18.0,18.05500030517578,1105,0.0,0.0
2024-08-02 12:40:00-04:00,18.100000381469727,18.100000381469727,18.100000381469727,18.100000381469727,515,0.0,0.0
2024-08-02 12:50:00-04:00,18.079999923706055,18.100000381469727,18.075000762939453,18.075000762939453,854,0.0,0.0
2024-08-02 12:55:00-04:00,18.075000762939453,18.139999389648438,18.075000762939453,18.139999389648438,1256,0.0,0.0
2024-08-02 13:00:00-04:00,18.110000610351562,18.110000610351562,18.094999313354492,18.094999313354492,419,0.0,0.0
2024-08-02 13:10:00-04:00,18.059999465942383,18.059999465942383,18.030000686645508,18.049999237060547,714,0.0,0.0
2024-08-02 13:15:00-04:00,18.06999969482422,18.094999313354492,18.06999969482422,18.094999313354492,622,0.0,0.0
2024-08-02 13:20:00-04:00,18.06999969482422,18.06999969482422,18.06999969482422,18.06999969482422,361,0.0,0.0
2024-08-02 13:25:00-04:00,18.040000915527344,18.040000915527344,18.040000915527344,18.040000915527344,769,0.0,0.0
2024-08-02 13:35:00-04:00,18.020000457763672,18.020000457763672,18.020000457763672,18.020000457763672,1207,0.0,0.0
2024-08-02 13:50:00-04:00,18.045000076293945,18.045000076293945,18.010000228881836,18.010000228881836,207,0.0,0.0
2024-08-02 13:55:00-04:00,18.0,18.0,18.0,18.0,788,0.0,0.0
2024-08-02 14:05:00-04:00,18.0,18.0,18.0,18.0,397,0.0,0.0
2024-08-02 14:15:00-04:00,18.020000457763672,18.020000457763672,18.010000228881836,18.010000228881836,1037,0.0,0.0
2024-08-02 14:35:00-04:00,18.024999618530273,18.024999618530273,18.024999618530273,18.024999618530273,606,0.0,0.0
2024-08-02 14:40:00-04:00,18.079999923706055,18.094999313354492,18.079999923706055,18.094999313354492,1150,0.0,0.0
2024-08-02 14:50:00-04:00,18.079999923706055,18.09000015258789,18.079999923706055,18.09000015258789,1165,0.0,0.0
2024-08-02 14:55:00-04:00,18.100000381469727,18.100000381469727,18.09000015258789,18.09000015258789,799,0.0,0.0
2024-08-02 15:00:00-04:00,18.100000381469727,18.100000381469727,18.100000381469727,18.100000381469727,163,0.0,0.0
2024-08-02 15:05:00-04:00,18.059999465942383,18.059999465942383,18.059999465942383,18.059999465942383,278,0.0,0.0
2024-08-02 15:10:00-04:00,18.100000381469727,18.100000381469727,18.100000381469727,18.100000381469727,524,0.0,0.0
2024-08-02 15:15:00-04:00,18.110000610351562,18.110000610351562,18.110000610351562,18.110000610351562,872,0.0,0.0
2024-08-02 15:25:00-04:00,18.15999984741211,18.15999984741211,18.15999984741211,18.15999984741211,326,0.0,0.0
2024-08-02 15:30:00-04:00,18.190000534057617,18.190000534057617,18.190000534057617,18.190000534057617,403,0.0,0.0
2024-08-02 15:35:00-04:00,18.15999984741211,18.15999984741211,18.15999984741211,18.15999984741211,685,0.0,0.0
2024-08-02 15:40:00-04:00,18.149999618530273,18.149999618530273,18.149999618530273,18.149999618530273,1928,0.0,0.0
2024-08-02 15:50:00-04:00,18.170000076293945,18.170000076293945,18.155000686645508,18.170000076293945,3630,0.0,0.0
2024-08-02 15:55:00-04:00,18.200000762939453,18.200000762939453,18.110000610351562,18.110000610351562,10918,0.0,0.0
2024-08-05 09:30:00-04:00,17.969999313354492,17.969999313354492,17.709999084472656,17.84000015258789,14251,0.0,0.0
2024-08-05 09:35:00-04:00,17.959999084472656,17.975000381469727,17.844999313354492,17.969999313354492,1906,0.0,0.0
2024-08-05 09:45:00-04:00,17.899999618530273,18.09000015258789,17.899999618530273,18.09000015258789,9498,0.0,0.0
2024-08-05 09:55:00-04:00,18.1299991607666,18.1299991607666,18.030000686645508,18.030000686645508,2193,0.0,0.0
2024-08-05 10:00:00-04:00,18.06999969482422,18.149999618530273,18.06999969482422,18.149999618530273,3393,0.0,0.0
2024-08-05 10:05:00-04:00,18.139999389648438,18.170000076293945,18.125,18.149999618530273,12285,0.0,0.0
2024-08-05 10:10:00-04:00,18.139999389648438,18.145000457763672,18.079999923706055,18.145000457763672,5761,0.0,0.0
2024-08-05 10:15:00-04:00,18.149999618530273,18.149999618530273,18.139999389648438,18.139999389648438,756,0.0,0.0
2024-08-05 10:20:00-04:00,18.149999618530273,18.149999618530273,18.079999923706055,18.09000015258789,2278,0.0,0.0
2024-08-05 10:25:00-04:00,18.100000381469727,18.100000381469727,18.059999465942383,18.059999465942383,964,0.0,0.0
2024-08-05 10:30:00-04:00,18.010000228881836,18.014999389648438,17.959999084472656,18.0,3243,0.0,0.0
2024-08-05 10:35:00-04:00,18.0,18.0,17.979999542236328,17.979999542236328,1157,0.0,0.0
2024-08-05 10:40:00-04:00,17.959999084472656,17.959999084472656,17.959999084472656,17.959999084472656,412,0.0,0.0
2024-08-05 10:45:00-04:00,17.940000534057617,18.0,17.940000534057617,18.0,1537,0.0,0.0
2024-08-05 10:50:00-04:00,18.020000457763672,18.020000457763672,17.979999542236328,18.0,6029,0.0,0.0
2024-08-05 10:55:00-04:00,17.979999542236328,17.979999542236328,17.950000762939453,17.950000762939453,1867,0.0,0.0
2024-08-05 11:05:00-04:00,17.950000762939453,17.959999084472656,17.950000762939453,17.954999923706055,1332,0.0,0.0
2024-08-05 11:10:00-04:00,17.940000534057617,17.96500015258789,17.940000534057617,17.96500015258789,1630,0.0,0.0
2024-08-05 11:15:00-04:00,17.979999542236328,18.0,17.979999542236328,17.989999771118164,1631,0.0,0.0
2024-08-05 11:20:00-04:00,18.0,18.030000686645508,18.0,18.020000457763672,12208,0.0,0.0
2024-08-05 11:25:00-04:00,18.049999237060547,18.049999237060547,18.040000915527344,18.045000076293945,342,0.0,0.0
2024-08-05 11:30:00-04:00,18.045000076293945,18.045000076293945,18.045000076293945,18.045000076293945,103,0.0,0.0
2024-08-05 11:35:00-04:00,18.020000457763672,18.049999237060547,18.020000457763672,18.030000686645508,1740,0.0,0.0
2024-08-05 11:40:00-04:00,18.0,18.010000228881836,17.979999542236328,17.979999542236328,1770,0.0,0.0
2024-08-05 11:45:00-04:00,17.940000534057617,17.959999084472656,17.940000534057617,17.959999084472656,1303,0.0,0.0
2024-08-05 11:50:00-04:00,17.940000534057617,17.940000534057617,17.940000534057617,17.940000534057617,216,0.0,0.0
2024-08-05 11:55:00-04:00,17.969999313354492,18.020000457763672,17.940000534057617,18.020000457763672,3701,0.0,0.0
2024-08-05 12:00:00-04:00,18.010000228881836,18.010000228881836,18.010000228881836,18.010000228881836,2270,0.0,0.0
2024-08-05 12:10:00-04:00,18.059999465942383,18.059999465942383,18.059999465942383,18.059999465942383,182,0.0,0.0
2024-08-05 12:20:00-04:00,18.100000381469727,18.139999389648438,18.100000381469727,18.139999389648438,12890,0.0,0.0
2024-08-05 12:25:00-04:00,18.15999984741211,18.170000076293945,18.15999984741211,18.170000076293945,1048,0.0,0.0
2024-08-05 12:30:00-04:00,18.15999984741211,18.15999984741211,18.06999969482422,18.114999771118164,5666,0.0,0.0
2024-08-05 12:35:00-04:00,18.114999771118164,18.114999771118164,18.110000610351562,18.110000610351562,210,0.0,0.0
2024-08-05 12:40:00-04:00,18.079999923706055,18.079999923706055,18.079999923706055,18.079999923706055,560,0.0,0.0
2024-08-05 12:45:00-04:00,18.06999969482422,18.06999969482422,18.06999969482422,18.06999969482422,577,0.0,0.0
2024-08-05 12:50:00-04:00,18.049999237060547,18.075000762939453,18.049999237060547,18.075000762939453,450,0.0,0.0
2024-08-05 12:55:00-04:00,18.110000610351562,18.1200008392334,18.100000381469727,18.100000381469727,999,0.0,0.0
2024-08-05 13:00:00-04:00,18.09000015258789,18.094999313354492,18.09000015258789,18.094999313354492,1329,0.0,0.0
2024-08-05 13:05:00-04:00,18.09000015258789,18.09000015258789,18.09000015258789,18.09000015258789,556,0.0,0.0
2024-08-05 13:10:00-04:00,18.059999465942383,18.059999465942383,18.059999465942383,18.059999465942383,336,0.0,0.0
2024-08-05 13:20:00-04:00,18.104999542236328,18.139999389648438,18.104999542236328,18.139999389648438,703,0.0,0.0
2024-08-05 13:25:00-04:00,18.170000076293945,18.170000076293945,18.170000076293945,18.170000076293945,1937,0.0,0.0
2024-08-05 13:45:00-04:00,18.280000686645508,18.280000686645508,18.280000686645508,18.280000686645508,145,0.0,0.0
2024-08-05 13:50:00-04:00,18.260000228881836,18.28499984741211,18.260000228881836,18.260000228881836,855,0.0,0.0
2024-08-05 13:55:00-04:00,18.290000915527344,18.290000915527344,18.270000457763672,18.270000457763672,739,0.0,0.0
2024-08-05 14:00:00-04:00,18.274999618530273,18.274999618530273,18.235000610351562,18.235000610351562,918,0.0,0.0
2024-08-05 14:05:00-04:00,18.229999542236328,18.229999542236328,18.170000076293945,18.170000076293945,1672,0.0,0.0
2024-08-05 14:15:00-04:00,18.200000762939453,18.200000762939453,18.200000762939453,18.200000762939453,307,0.0,0.0
2024-08-05 14:20:00-04:00,18.200000762939453,18.200000762939453,18.200000762939453,18.200000762939453,326,0.0,0.0
2024-08-05 14:30:00-04:00,18.200000762939453,18.200000762939453,18.200000762939453,18.200000762939453,251,0.0,0.0
2024-08-05 14:35:00-04:00,18.170000076293945,18.229999542236328,18.170000076293945,18.229999542236328,1814,0.0,0.0
2024-08-05 14:40:00-04:00,18.18000030517578,18.18000030517578,18.18000030517578,18.18000030517578,114,0.0,0.0
2024-08-05 14:45:00-04:00,18.15999984741211,18.174999237060547,18.15999984741211,18.174999237060547,1522,0.0,0.0
2024-08-05 14:55:00-04:00,18.209999084472656,18.209999084472656,18.165000915527344,18.165000915527344,1509,0.0,0.0
2024-08-05 15:00:00-04:00,18.18000030517578,18.18000030517578,18.170000076293945,18.18000030517578,478,0.0,0.0
2024-08-05 15:05:00-04:00,18.149999618530273,18.149999618530273,18.149999618530273,18.149999618530273,1484,0.0,0.0
2024-08-05 15:15:00-04:00,18.190000534057617,18.190000534057617,18.18000030517578,18.18000030517578,1241,0.0,0.0
2024-08-05 15:25:00-04:00,18.21500015258789,18.21500015258789,18.21500015258789,18.21500015258789,200,0.0,0.0
2024-08-05 15:30:00-04:00,18.229999542236328,18.2450008392334,18.229999542236328,18.2450008392334,1234,0.0,0.0
2024-08-05 15:35:00-04:00,18.260000228881836,18.270000457763672,18.260000228881836,18.270000457763672,770,0.0,0.0
2024-08-05 15:40:00-04:00,18.25,18.260000228881836,18.25,18.260000228881836,981,0.0,0.0
2024-08-05 15:45:00-04:00,18.2450008392334,18.249900817871094,18.219999313354492,18.219999313354492,1857,0.0,0.0
2024-08-05 15:50:00-04:00,18.229999542236328,18.239999771118164,18.219999313354492,18.239999771118164,3708,0.0,0.0
2024-08-05 15:55:00-04:00,18.235000610351562,18.25,18.219999313354492,18.25,10016,0.0,0.0
2024-08-06 09:30:00-04:00,19.68000030517578,19.899999618530273,19.614999771118164,19.760000228881836,18213,0.0,0.0
2024-08-06 09:35:00-04:00,19.760000228881836,20.0,19.760000228881836,19.850000381469727,12760,0.0,0.0
2024-08-06 09:40:00-04:00,19.799999237060547,20.0,19.790000915527344,20.0,10489,0.0,0.0
2024-08-06 09:45:00-04:00,19.96500015258789,20.010000228881836,19.93000030517578,20.0049991607666,4737,0.0,0.0
2024-08-06 09:50:00-04:00,20.0049991607666,20.09000015258789,20.0049991607666,20.06999969482422,2333,0.0,0.0
2024-08-06 09:55:00-04:00,20.190000534057617,20.40999984741211,20.170000076293945,20.235000610351562,15487,0.0,0.0
2024-08-06 10:00:00-04:00,20.270000457763672,20.290000915527344,20.229999542236328,20.229999542236328,1944,0.0,0.0
2024-08-06 10:05:00-04:00,20.290000915527344,20.290000915527344,20.200000762939453,20.200000762939453,6937,0.0,0.0
2024-08-06 10:10:00-04:00,20.170000076293945,20.329999923706055,20.1200008392334,20.229999542236328,5653,0.0,0.0
2024-08-06 10:15:00-04:00,20.229999542236328,20.229999542236328,20.1200008392334,20.1200008392334,4348,0.0,0.0
2024-08-06 10:20:00-04:00,20.1200008392334,20.1200008392334,20.1200008392334,20.1200008392334,780,0.0,0.0
2024-08-06 10:25:00-04:00,20.100000381469727,20.100000381469727,20.0,20.0,3234,0.0,0.0
2024-08-06 10:30:00-04:00,20.0,20.0,19.954999923706055,19.959999084472656,2856,0.0,0.0
2024-08-06 10:35:00-04:00,19.940000534057617,20.010000228881836,19.86750030517578,19.959999084472656,5008,0.0,0.0
2024-08-06 10:40:00-04:00,19.979999542236328,20.0,19.920000076293945,19.93000030517578,2474,0.0,0.0
2024-08-06 10:45:00-04:00,20.020000457763672,20.020000457763672,19.969999313354492,19.979999542236328,2295,0.0,0.0
2024-08-06 10:50:00-04:00,20.0,20.0,19.920000076293945,19.950000762939453,4123,0.0,0.0
2024-08-06 10:55:00-04:00,19.920000076293945,20.0,19.899999618530273,19.985000610351562,7235,0.0,0.0
2024-08-06 11:00:00-04:00,20.0,20.0,19.959999084472656,20.0,8266,0.0,0.0
2024-08-06 11:05:00-04:00,19.959999084472656,19.959999084472656,19.959999084472656,19.959999084472656,1361,0.0,0.0
2024-08-06 11:10:00-04:00,19.989999771118164,19.989999771118164,19.975000381469727,19.975000381469727,672,0.0,0.0
2024-08-06 11:15:00-04:00,19.950000762939453,19.950000762939453,19.920000076293945,19.920000076293945,691,0.0,0.0
2024-08-06 11:20:00-04:00,19.90999984741211,19.920000076293945,19.90999984741211,19.920000076293945,686,0.0,0.0
2024-08-06 11:25:00-04:00,19.8700008392334,19.8700008392334,19.850000381469727,19.850000381469727,1211,0.0,0.0
2024-08-06 11:30:00-04:00,19.8700008392334,19.875,19.8700008392334,19.875,259,0.0,0.0
2024-08-06 11:35:00-04:00,19.8700008392334,19.8799991607666,19.860000610351562,19.86989974975586,1101,0.0,0.0
2024-08-06 11:45:00-04:00,19.819900512695312,19.819900512695312,19.799999237060547,19.799999237060547,761,0.0,0.0
2024-08-06 11:50:00-04:00,19.8700008392334,19.8799991607666,19.8700008392334,19.8799991607666,479,0.0,0.0
2024-08-06 11:55:00-04:00,19.889999389648438,19.899999618530273,19.889999389648438,19.899999618530273,3482,0.0,0.0
2024-08-06 12:00:00-04:00,19.905000686645508,19.905000686645508,19.8799991607666,19.8799991607666,214,0.0,0.0
2024-08-06 12:05:00-04:00,19.8799991607666,19.8799991607666,19.8799991607666,19.8799991607666,364,0.0,0.0
2024-08-06 12:15:00-04:00,19.899999618530273,19.899999618530273,19.899999618530273,19.899999618530273,2307,0.0,0.0
2024-08-06 12:30:00-04:00,19.889999389648438,19.889999389648438,19.8799991607666,19.8799991607666,567,0.0,0.0
2024-08-06 12:40:00-04:00,19.889999389648438,19.889999389648438,19.889999389648438,19.889999389648438,388,0.0,0.0
2024-08-06 12:50:00-04:00,19.875,20.0,19.875,20.0,3385,0.0,0.0
2024-08-06 12:55:00-04:00,19.989999771118164,19.989999771118164,19.989999771118164,19.989999771118164,618,0.0,0.0
2024-08-06 13:00:00-04:00,19.959999084472656,19.979999542236328,19.959999084472656,19.979999542236328,1387,0.0,0.0
2024-08-06 13:05:00-04:00,20.0,20.0,20.0,20.0,152,0.0,0.0
2024-08-06 13:10:00-04:00,20.0,20.149999618530273,20.0,20.149999618530273,2763,0.0,0.0
2024-08-06 13:20:00-04:00,20.149999618530273,20.15999984741211,20.145000457763672,20.145000457763672,1102,0.0,0.0
2024-08-06 13:25:00-04:00,20.145000457763672,20.145000457763672,20.145000457763672,20.145000457763672,184,0.0,0.0
2024-08-06 13:35:00-04:00,20.200000762939453,20.229999542236328,20.200000762939453,20.219999313354492,1444,0.0,0.0
2024-08-06 13:40:00-04:00,20.219999313354492,20.219999313354492,20.209999084472656,20.209999084472656,950,0.0,0.0
2024-08-06 13:45:00-04:00,20.200000762939453,20.200000762939453,20.200000762939453,20.200000762939453,336,0.0,0.0
2024-08-06 13:50:00-04:00,20.219999313354492,20.25,20.219999313354492,20.25,1358,0.0,0.0
2024-08-06 13:55:00-04:00,20.270000457763672,20.270000457763672,20.270000457763672,20.270000457763672,140,0.0,0.0
2024-08-06 14:00:00-04:00,20.270000457763672,20.270000457763672,20.1299991607666,20.1299991607666,3248,0.0,0.0
2024-08-06 14:05:00-04:00,20.34000015258789,20.34000015258789,20.34000015258789,20.34000015258789,5119,0.0,0.0
2024-08-06 14:10:00-04:00,20.360000610351562,20.40999984741211,20.329999923706055,20.40999984741211,1768,0.0,0.0
2024-08-06 14:25:00-04:00,20.420000076293945,20.459999084472656,20.420000076293945,20.459999084472656,1274,0.0,0.0
2024-08-06 14:30:00-04:00,20.450000762939453,20.524999618530273,20.450000762939453,20.524999618530273,4057,0.0,0.0
2024-08-06 14:40:00-04:00,20.5,20.5,20.5,20.5,991,0.0,0.0
2024-08-06 14:45:00-04:00,20.489999771118164,20.489999771118164,20.489999771118164,20.489999771118164,2202,0.0,0.0
2024-08-06 14:55:00-04:00,20.5,20.5,20.5,20.5,1219,0.0,0.0
2024-08-06 15:05:00-04:00,20.399999618530273,20.399999618530273,20.399999618530273,20.399999618530273,560,0.0,0.0
2024-08-06 15:10:00-04:00,20.399999618530273,20.399999618530273,20.399999618530273,20.399999618530273,243,0.0,0.0
2024-08-06 15:15:00-04:00,20.3700008392334,20.510000228881836,20.3700008392334,20.450000762939453,3890,0.0,0.0
2024-08-06 15:20:00-04:00,20.530000686645508,20.530000686645508,20.530000686645508,20.530000686645508,764,0.0,0.0
2024-08-06 15:25:00-04:00,20.520000457763672,20.520000457763672,20.440000534057617,20.440000534057617,1153,0.0,0.0
2024-08-06 15:30:00-04:00,20.405000686645508,20.405000686645508,20.405000686645508,20.405000686645508,1769,0.0,0.0
2024-08-06 15:40:00-04:00,20.31999969482422,20.31999969482422,20.309999465942383,20.309999465942383,1134,0.0,0.0
2024-08-06 15:45:00-04:00,20.270000457763672,20.270000457763672,20.200000762939453,20.200000762939453,1517,0.0,0.0
2024-08-06 15:50:00-04:00,20.209999084472656,20.209999084472656,20.1200008392334,20.1200008392334,2447,0.0,0.0
2024-08-06 15:55:00-04:00,20.15999984741211,20.239999771118164,20.15999984741211,20.209999084472656,9284,0.0,0.0
2024-08-07 09:30:00-04:00,20.200000762939453,20.200000762939453,19.700000762939453,19.81999969482422,3604,0.0,0.0
2024-08-07 09:35:00-04:00,19.84000015258789,19.93000030517578,19.59000015258789,19.59000015258789,3579,0.0,0.0
2024-08-07 09:40:00-04:00,19.670000076293945,19.739999771118164,19.670000076293945,19.739999771118164,945,0.0,0.0
2024-08-07 09:50:00-04:00,19.704999923706055,19.704999923706055,19.65999984741211,19.65999984741211,622,0.0,0.0
2024-08-07 09:55:00-04:00,19.760000228881836,19.770000457763672,19.71500015258789,19.770000457763672,1085,0.0,0.0
2024-08-07 10:00:00-04:00,19.829999923706055,19.940000534057617,19.809999465942383,19.940000534057617,6981,0.0,0.0
2024-08-07 10:05:00-04:00,19.950000762939453,20.030000686645508,19.950000762939453,19.969999313354492,2784,0.0,0.0
2024-08-07 10:10:00-04:00,20.030000686645508,20.030000686645508,19.959999084472656,19.959999084472656,447,0.0,0.0
2024-08-07 10:15:00-04:00,19.969999313354492,19.969999313354492,19.959999084472656,19.969999313354492,1162,0.0,0.0
2024-08-07 10:25:00-04:00,19.899999618530273,19.924999237060547,19.899999618530273,19.90999984741211,2009,0.0,0.0
2024-08-07 10:30:00-04:00,19.93000030517578,19.950000762939453,19.93000030517578,19.940000534057617,846,0.0,0.0
2024-08-07 10:40:00-04:00,19.920000076293945,19.920000076293945,19.8799991607666,19.899999618530273,1882,0.0,0.0
2024-08-07 10:45:00-04:00,19.959999084472656,19.959999084472656,19.959999084472656,19.959999084472656,256,0.0,0.0
2024-08-07 10:55:00-04:00,19.989999771118164,19.989999771118164,19.959999084472656,19.959999084472656,1212,0.0,0.0
2024-08-07 11:00:00-04:00,19.959999084472656,19.959999084472656,19.959999084472656,19.959999084472656,387,0.0,0.0
2024-08-07 11:10:00-04:00,19.950000762939453,19.950000762939453,19.90999984741211,19.90999984741211,1324,0.0,0.0
2024-08-07 11:15:00-04:00,19.889999389648438,19.920000076293945,19.889999389648438,19.920000076293945,1407,0.0,0.0
2024-08-07 11:30:00-04:00,19.920000076293945,19.920000076293945,19.920000076293945,19.920000076293945,652,0.0,0.0
2024-08-07 11:40:00-04:00,19.899999618530273,19.899999618530273,19.899999618530273,19.899999618530273,200,0.0,0.0
2024-08-07 11:45:00-04:00,19.84000015258789,19.84000015258789,19.84000015258789,19.84000015258789,954,0.0,0.0
2024-08-07 11:50:00-04:00,19.850000381469727,19.850000381469727,19.84000015258789,19.850000381469727,1567,0.0,0.0
2024-08-07 12:00:00-04:00,19.860000610351562,19.8700008392334,19.860000610351562,19.8700008392334,605,0.0,0.0
2024-08-07 12:20:00-04:00,19.8700008392334,19.889999389648438,19.8700008392334,19.889999389648438,679,0.0,0.0
2024-08-07 12:25:00-04:00,19.899999618530273,19.899999618530273,19.899999618530273,19.899999618530273,959,0.0,0.0
2024-08-07 12:50:00-04:00,19.809999465942383,19.809999465942383,19.809999465942383,19.809999465942383,467,0.0,0.0
2024-08-07 13:00:00-04:00,19.809999465942383,19.809999465942383,19.809999465942383,19.809999465942383,378,0.0,0.0
2024-08-07 13:10:00-04:00,19.739999771118164,19.770000457763672,19.729999542236328,19.770000457763672,750,0.0,0.0
2024-08-07 13:15:00-04:00,19.729999542236328,19.729999542236328,19.709999084472656,19.709999084472656,457,0.0,0.0
2024-08-07 13:25:00-04:00,19.719999313354492,19.739999771118164,19.719999313354492,19.739999771118164,691,0.0,0.0
2024-08-07 13:45:00-04:00,19.697999954223633,19.697999954223633,19.690000534057617,19.690000534057617,1116,0.0,0.0
2024-08-07 13:50:00-04:00,19.729999542236328,19.729999542236328,19.690000534057617,19.690000534057617,2223,0.0,0.0
2024-08-07 14:15:00-04:00,19.610000610351562,19.68000030517578,19.610000610351562,19.68000030517578,3165,0.0,0.0
2024-08-07 14:35:00-04:00,19.670000076293945,19.670000076293945,19.649999618530273,19.670000076293945,802,0.0,0.0
2024-08-07 14:40:00-04:00,19.65999984741211,19.65999984741211,19.65999984741211,19.65999984741211,918,0.0,0.0
2024-08-07 14:55:00-04:00,19.6299991607666,19.6299991607666,19.510000228881836,19.549999237060547,8386,0.0,0.0
2024-08-07 15:05:00-04:00,19.600000381469727,19.6299991607666,19.600000381469727,19.6299991607666,1092,0.0,0.0
2024-08-07 15:10:00-04:00,19.670000076293945,19.670000076293945,19.649999618530273,19.649999618530273,1146,0.0,0.0
2024-08-07 15:15:00-04:00,19.670000076293945,19.670000076293945,19.670000076293945,19.670000076293945,618,0.0,0.0
2024-08-07 15:25:00-04:00,19.690000534057617,19.709999084472656,19.690000534057617,19.709999084472656,613,0.0,0.0
2024-08-07 15:30:00-04:00,19.690000534057617,19.690000534057617,19.670000076293945,19.670000076293945,870,0.0,0.0
2024-08-07 15:35:00-04:00,19.700000762939453,19.700000762939453,19.700000762939453,19.700000762939453,248,0.0,0.0
2024-08-07 15:40:00-04:00,19.69499969482422,19.69499969482422,19.65999984741211,19.68000030517578,1958,0.0,0.0
2024-08-07 15:50:00-04:00,19.649999618530273,19.68000030517578,19.649999618530273,19.68000030517578,1711,0.0,0.0
2024-08-07 15:55:00-04:00,19.6200008392334,19.649999618530273,19.6200008392334,19.6299991607666,4783,0.0,0.0
2024-08-08 09:30:00-04:00,19.5,19.549999237060547,19.469999313354492,19.545000076293945,9228,0.0,0.0
2024-08-08 09:35:00-04:00,19.549999237060547,19.559999465942383,19.450000762939453,19.450000762939453,1317,0.0,0.0
2024-08-08 09:40:00-04:00,19.510000228881836,19.510000228881836,19.510000228881836,19.510000228881836,0,0.0,0.0
2024-08-08 09:45:00-04:00,19.56999969482422,19.600000381469727,19.524999618530273,19.524999618530273,14451,0.0,0.0
2024-08-08 09:50:00-04:00,19.489999771118164,19.520000457763672,19.489999771118164,19.520000457763672,550,0.0,0.0
2024-08-08 09:55:00-04:00,19.520000457763672,19.520000457763672,19.479999542236328,19.510000228881836,399,0.0,0.0
2024-08-08 10:00:00-04:00,19.479999542236328,19.600000381469727,19.479999542236328,19.579999923706055,11357,0.0,0.0
2024-08-08 10:05:00-04:00,19.59000015258789,19.700000762939453,19.59000015258789,19.700000762939453,13478,0.0,0.0
2024-08-08 10:10:00-04:00,19.700000762939453,19.899999618530273,19.700000762939453,19.8700008392334,2646,0.0,0.0
2024-08-08 10:15:00-04:00,19.8799991607666,19.8799991607666,19.8799991607666,19.8799991607666,1100,0.0,0.0
2024-08-08 10:20:00-04:00,19.8799991607666,19.8799991607666,19.770000457763672,19.825000762939453,5655,0.0,0.0
2024-08-08 10:25:00-04:00,19.860000610351562,19.860000610351562,19.809999465942383,19.81999969482422,4163,0.0,0.0
2024-08-08 10:30:00-04:00,19.829999923706055,19.829999923706055,19.829999923706055,19.829999923706055,320,0.0,0.0
2024-08-08 10:35:00-04:00,19.81999969482422,19.81999969482422,19.81999969482422,19.81999969482422,220,0.0,0.0
2024-08-08 10:40:00-04:00,19.84000015258789,19.84000015258789,19.795000076293945,19.795000076293945,1239,0.0,0.0
2024-08-08 10:50:00-04:00,19.81999969482422,19.850000381469727,19.81999969482422,19.834999084472656,1450,0.0,0.0
2024-08-08 10:55:00-04:00,19.850000381469727,19.850000381469727,19.84000015258789,19.850000381469727,543,0.0,0.0
2024-08-08 11:00:00-04:00,19.81049919128418,19.81049919128418,19.809999465942383,19.809999465942383,1079,0.0,0.0
2024-08-08 11:05:00-04:00,19.760000228881836,19.760000228881836,19.735000610351562,19.75,1584,0.0,0.0
2024-08-08 11:20:00-04:00,19.829999923706055,19.829999923706055,19.829999923706055,19.829999923706055,414,0.0,0.0
2024-08-08 11:25:00-04:00,19.829999923706055,19.829999923706055,19.809999465942383,19.809999465942383,1112,0.0,0.0
2024-08-08 11:30:00-04:00,19.8700008392334,19.8700008392334,19.8700008392334,19.8700008392334,676,0.0,0.0
2024-08-08 11:35:00-04:00,19.825899124145508,19.825899124145508,19.81999969482422,19.81999969482422,392,0.0,0.0
2024-08-08 11:40:00-04:00,19.840200424194336,19.860000610351562,19.840200424194336,19.860000610351562,743,0.0,0.0
2024-08-08 11:50:00-04:00,19.905000686645508,19.905000686645508,19.905000686645508,19.905000686645508,371,0.0,0.0
2024-08-08 11:55:00-04:00,19.8799991607666,19.8799991607666,19.8799991607666,19.8799991607666,179,0.0,0.0
2024-08-08 12:00:00-04:00,19.905000686645508,19.905000686645508,19.905000686645508,19.905000686645508,175,0.0,0.0
2024-08-08 12:10:00-04:00,19.90999984741211,19.90999984741211,19.90999984741211,19.90999984741211,884,0.0,0.0
2024-08-08 12:20:00-04:00,19.940000534057617,19.940000534057617,19.940000534057617,19.940000534057617,347,0.0,0.0
2024-08-08 12:30:00-04:00,19.889999389648438,19.889999389648438,19.829999923706055,19.84000015258789,1968,0.0,0.0
2024-08-08 12:45:00-04:00,19.8799991607666,19.905000686645508,19.8799991607666,19.8799991607666,1142,0.0,0.0
2024-08-08 12:55:00-04:00,19.8700008392334,19.8700008392334,19.8700008392334,19.8700008392334,1105,0.0,0.0
2024-08-08 13:05:00-04:00,19.81999969482422,19.81999969482422,19.81999969482422,19.81999969482422,498,0.0,0.0
2024-08-08 13:10:00-04:00,19.815000534057617,19.815000534057617,19.815000534057617,19.815000534057617,200,0.0,0.0
2024-08-08 13:15:00-04:00,19.808000564575195,19.808000564575195,19.808000564575195,19.808000564575195,228,0.0,0.0
2024-08-08 13:20:00-04:00,19.850000381469727,19.850000381469727,19.850000381469727,19.850000381469727,608,0.0,0.0
2024-08-08 13:25:00-04:00,19.860000610351562,19.860000610351562,19.860000610351562,19.860000610351562,516,0.0,0.0
2024-08-08 13:30:00-04:00,19.864999771118164,19.864999771118164,19.864999771118164,19.864999771118164,109,0.0,0.0
2024-08-08 13:45:00-04:00,19.84000015258789,19.889999389648438,19.84000015258789,19.889999389648438,1672,0.0,0.0
2024-08-08 13:50:00-04:00,19.8799991607666,19.889999389648438,19.8799991607666,19.889999389648438,339,0.0,0.0
2024-08-08 13:55:00-04:00,19.88010025024414,19.90999984741211,19.88010025024414,19.895000457763672,545,0.0,0.0
2024-08-08 14:00:00-04:00,19.889999389648438,19.889999389648438,19.889999389648438,19.889999389648438,120,0.0,0.0
2024-08-08 14:10:00-04:00,19.8799991607666,19.8799991607666,19.8799991607666,19.8799991607666,366,0.0,0.0
2024-08-08 14:20:00-04:00,19.90999984741211,19.950000762939453,19.90999984741211,19.940000534057617,931,0.0,0.0
2024-08-08 14:30:00-04:00,19.93000030517578,19.950000762939453,19.93000030517578,19.940000534057617,2687,0.0,0.0
2024-08-08 14:35:00-04:00,19.934999465942383,19.96500015258789,19.934999465942383,19.959999084472656,585,0.0,0.0
2024-08-08 14:40:00-04:00,19.940000534057617,19.940000534057617,19.920000076293945,19.920000076293945,962,0.0,0.0
2024-08-08 14:50:00-04:00,19.93000030517578,19.93000030517578,19.93000030517578,19.93000030517578,286,0.0,0.0
2024-08-08 14:55:00-04:00,19.889999389648438,19.889999389648438,19.889999389648438,19.889999389648438,200,0.0,0.0
2024-08-08 15:00:00-04:00,19.915000915527344,19.915000915527344,19.915000915527344,19.915000915527344,348,0.0,0.0
2024-08-08 15:05:00-04:00,19.90999984741211,19.90999984741211,19.90999984741211,19.90999984741211,944,0.0,0.0
2024-08-08 15:10:00-04:00,19.920000076293945,19.920000076293945,19.920000076293945,19.920000076293945,530,0.0,0.0
2024-08-08 15:20:00-04:00,19.920000076293945,19.93000030517578,19.920000076293945,19.93000030517578,556,0.0,0.0
2024-08-08 15:25:00-04:00,19.93000030517578,19.93000030517578,19.8799991607666,19.8799991607666,1498,0.0,0.0
2024-08-08 15:30:00-04:00,19.866500854492188,19.866500854492188,19.866500854492188,19.866500854492188,528,0.0,0.0
2024-08-08 15:35:00-04:00,19.854999542236328,19.8700008392334,19.854999542236328,19.864999771118164,844,0.0,0.0
2024-08-08 15:40:00-04:00,19.860000610351562,19.889999389648438,19.860000610351562,19.889999389648438,4753,0.0,0.0
2024-08-08 15:45:00-04:00,19.899999618530273,19.90999984741211,19.899999618530273,19.899999618530273,378,0.0,0.0
2024-08-08 15:50:00-04:00,19.899999618530273,19.950000762939453,19.899999618530273,19.93000030517578,6229,0.0,0.0
2024-08-08 15:55:00-04:00,19.892000198364258,19.90999984741211,19.850000381469727,19.850000381469727,9581,0.0,0.0
2024-08-09 09:30:00-04:00,19.850000381469727,19.979999542236328,19.850000381469727,19.979999542236328,665,0.0,0.0
2024-08-09 09:35:00-04:00,19.989999771118164,20.389999389648438,19.979999542236328,20.0049991607666,9595,0.0,0.0
2024-08-09 09:40:00-04:00,19.950000762939453,19.950000762939453,19.950000762939453,19.950000762939453,215,0.0,0.0
2024-08-09 09:45:00-04:00,19.950000762939453,19.950000762939453,19.875,19.875,925,0.0,0.0
2024-08-09 09:50:00-04:00,19.889999389648438,19.920000076293945,19.829999923706055,19.829999923706055,1784,0.0,0.0
2024-08-09 10:00:00-04:00,19.860000610351562,19.860000610351562,19.799999237060547,19.799999237060547,1638,0.0,0.0
2024-08-09 10:10:00-04:00,19.860000610351562,19.860000610351562,19.860000610351562,19.860000610351562,952,0.0,0.0
2024-08-09 10:25:00-04:00,19.860000610351562,19.860000610351562,19.78499984741211,19.78499984741211,1088,0.0,0.0
2024-08-09 10:35:00-04:00,19.75,19.75,19.75,19.75,200,0.0,0.0
2024-08-09 10:40:00-04:00,19.799999237060547,19.799999237060547,19.799999237060547,19.799999237060547,357,0.0,0.0
2024-08-09 10:55:00-04:00,19.8700008392334,19.8700008392334,19.8700008392334,19.8700008392334,419,0.0,0.0
2024-08-09 11:15:00-04:00,19.915000915527344,19.915000915527344,19.915000915527344,19.915000915527344,435,0.0,0.0
2024-08-09 11:25:00-04:00,19.8700008392334,19.8700008392334,19.795000076293945,19.795000076293945,508,0.0,0.0
2024-08-09 11:30:00-04:00,19.8700008392334,19.8700008392334,19.844999313354492,19.844999313354492,1473,0.0,0.0
2024-08-09 12:00:00-04:00,19.829999923706055,19.829999923706055,19.799999237060547,19.799999237060547,1071,0.0,0.0
2024-08-09 12:05:00-04:00,19.78499984741211,19.78499984741211,19.78499984741211,19.78499984741211,462,0.0,0.0
2024-08-09 12:15:00-04:00,19.770000457763672,19.770000457763672,19.770000457763672,19.770000457763672,322,0.0,0.0
2024-08-09 12:20:00-04:00,19.770000457763672,19.770000457763672,19.770000457763672,19.770000457763672,531,0.0,0.0
2024-08-09 12:35:00-04:00,19.7450008392334,19.7450008392334,19.71500015258789,19.71500015258789,2437,0.0,0.0
2024-08-09 12:40:00-04:00,19.709999084472656,19.739999771118164,19.709999084472656,19.71500015258789,1425,0.0,0.0
2024-08-09 12:55:00-04:00,19.799999237060547,19.799999237060547,19.799999237060547,19.799999237060547,516,0.0,0.0
2024-08-09 13:25:00-04:00,19.889999389648438,19.889999389648438,19.889999389648438,19.889999389648438,318,0.0,0.0
2024-08-09 13:35:00-04:00,19.920000076293945,19.920000076293945,19.920000076293945,19.920000076293945,276,0.0,0.0
2024-08-09 13:40:00-04:00,19.920000076293945,19.920000076293945,19.920000076293945,19.920000076293945,1306,0.0,0.0
2024-08-09 14:15:00-04:00,19.84000015258789,19.84000015258789,19.84000015258789,19.84000015258789,476,0.0,0.0
2024-08-09 14:25:00-04:00,19.8700008392334,19.8700008392334,19.8700008392334,19.8700008392334,999,0.0,0.0
2024-08-09 14:50:00-04:00,19.8799991607666,19.8799991607666,19.8799991607666,19.8799991607666,255,0.0,0.0
2024-08-09 14:55:00-04:00,19.8700008392334,19.889999389648438,19.8700008392334,19.889999389648438,474,0.0,0.0
2024-08-09 15:00:00-04:00,19.899999618530273,19.899999618530273,19.899999618530273,19.899999618530273,529,0.0,0.0
2024-08-09 15:20:00-04:00,19.889999389648438,19.889999389648438,19.889999389648438,19.889999389648438,339,0.0,0.0
2024-08-09 15:25:00-04:00,19.920000076293945,19.920000076293945,19.899999618530273,19.899999618530273,491,0.0,0.0
2024-08-09 15:30:00-04:00,19.899999618530273,19.899999618530273,19.899999618530273,19.899999618530273,139,0.0,0.0
2024-08-09 15:35:00-04:00,19.93000030517578,20.010000228881836,19.899999618530273,19.899999618530273,7393,0.0,0.0
2024-08-09 15:40:00-04:00,19.850000381469727,19.8799991607666,19.850000381469727,19.860000610351562,1259,0.0,0.0
2024-08-09 15:45:00-04:00,19.850000381469727,19.850000381469727,19.850000381469727,19.850000381469727,815,0.0,0.0
2024-08-09 15:50:00-04:00,19.8799991607666,19.8799991607666,19.8799991607666,19.8799991607666,760,0.0,0.0
2024-08-09 15:55:00-04:00,19.8700008392334,19.920000076293945,19.8700008392334,19.8799991607666,2914,0.0,0.0
2024-08-12 09:30:00-04:00,20.030000686645508,20.15999984741211,19.860000610351562,19.860000610351562,0,0.0,0.0
2024-08-12 09:35:00-04:00,19.979999542236328,20.059999465942383,19.979999542236328,20.059999465942383,687,0.0,0.0
2024-08-12 09:40:00-04:00,20.239999771118164,20.260000228881836,20.239999771118164,20.260000228881836,300,0.0,0.0
2024-08-12 09:45:00-04:00,20.270000457763672,20.34000015258789,20.200000762939453,20.219999313354492,2954,0.0,0.0
2024-08-12 10:00:00-04:00,20.31999969482422,20.31999969482422,20.31999969482422,20.31999969482422,1133,0.0,0.0
2024-08-12 10:05:00-04:00,20.274999618530273,20.274999618530273,20.274999618530273,20.274999618530273,120,0.0,0.0
2024-08-12 10:10:00-04:00,20.219999313354492,20.219999313354492,20.219999313354492,20.219999313354492,1001,0.0,0.0
2024-08-12 10:20:00-04:00,20.260000228881836,20.260000228881836,20.25,20.25,518,0.0,0.0
2024-08-12 10:30:00-04:00,20.290000915527344,20.290000915527344,20.290000915527344,20.290000915527344,400,0.0,0.0
2024-08-12 10:35:00-04:00,20.299999237060547,20.31999969482422,20.290000915527344,20.299999237060547,3949,0.0,0.0
2024-08-12 10:40:00-04:00,20.360000610351562,20.360000610351562,20.360000610351562,20.360000610351562,360,0.0,0.0
2024-08-12 10:45:00-04:00,20.3799991607666,20.385000228881836,20.3700008392334,20.3700008392334,2053,0.0,0.0
2024-08-12 10:50:00-04:00,20.399999618530273,20.440000534057617,20.31999969482422,20.350000381469727,5128,0.0,0.0
2024-08-12 11:05:00-04:00,20.290000915527344,20.31999969482422,20.290000915527344,20.31999969482422,1857,0.0,0.0
2024-08-12 11:15:00-04:00,20.290000915527344,20.329999923706055,20.290000915527344,20.31999969482422,933,0.0,0.0
2024-08-12 11:20:00-04:00,20.309999465942383,20.309999465942383,20.280000686645508,20.280000686645508,1195,0.0,0.0
2024-08-12 11:25:00-04:00,20.229999542236328,20.229999542236328,20.229999542236328,20.229999542236328,116,0.0,0.0
2024-08-12 11:35:00-04:00,20.260000228881836,20.260000228881836,20.260000228881836,20.260000228881836,1095,0.0,0.0
2024-08-12 11:50:00-04:00,20.290000915527344,20.329999923706055,20.28499984741211,20.329999923706055,1012,0.0,0.0
2024-08-12 11:55:00-04:00,20.360000610351562,20.360000610351562,20.360000610351562,20.360000610351562,195,0.0,0.0
2024-08-12 12:10:00-04:00,20.360000610351562,20.450000762939453,20.360000610351562,20.450000762939453,2168,0.0,0.0
2024-08-12 12:15:00-04:00,20.469999313354492,20.469999313354492,20.469999313354492,20.469999313354492,1159,0.0,0.0
2024-08-12 12:35:00-04:00,20.5,20.5,20.5,20.5,324,0.0,0.0
2024-08-12 12:40:00-04:00,20.530000686645508,20.530000686645508,20.520000457763672,20.520000457763672,1408,0.0,0.0
2024-08-12 12:55:00-04:00,20.530000686645508,20.549999237060547,20.520000457763672,20.530000686645508,3656,0.0,0.0
2024-08-12 13:10:00-04:00,20.530000686645508,20.530000686645508,20.520000457763672,20.520000457763672,629,0.0,0.0
2024-08-12 13:15:00-04:00,20.520000457763672,20.520000457763672,20.43000030517578,20.459999084472656,3500,0.0,0.0
2024-08-12 13:20:00-04:00,20.450000762939453,20.475000381469727,20.450000762939453,20.475000381469727,787,0.0,0.0
2024-08-12 13:25:00-04:00,20.459999084472656,20.489999771118164,20.450000762939453,20.489999771118164,1069,0.0,0.0
2024-08-12 13:30:00-04:00,20.510000228881836,20.510000228881836,20.510000228881836,20.510000228881836,446,0.0,0.0
2024-08-12 13:35:00-04:00,20.50029945373535,20.50029945373535,20.420000076293945,20.440000534057617,7078,0.0,0.0
2024-08-12 13:40:00-04:00,20.45170021057129,20.45170021057129,20.360000610351562,20.360000610351562,2421,0.0,0.0
2024-08-12 13:45:00-04:00,20.399999618530273,20.420000076293945,20.399999618530273,20.420000076293945,901,0.0,0.0
2024-08-12 13:50:00-04:00,20.3700008392334,20.3700008392334,20.3700008392334,20.3700008392334,292,0.0,0.0
2024-08-12 14:00:00-04:00,20.389999389648438,20.389999389648438,20.389999389648438,20.389999389648438,1192,0.0,0.0
2024-08-12 14:10:00-04:00,20.31999969482422,20.31999969482422,20.31999969482422,20.31999969482422,354,0.0,0.0
2024-08-12 14:20:00-04:00,20.34000015258789,20.34000015258789,20.34000015258789,20.34000015258789,291,0.0,0.0
2024-08-12 14:25:00-04:00,20.270000457763672,20.270000457763672,20.270000457763672,20.270000457763672,721,0.0,0.0
2024-08-12 14:45:00-04:00,20.290000915527344,20.290000915527344,20.280000686645508,20.280000686645508,909,0.0,0.0
2024-08-12 14:55:00-04:00,20.290000915527344,20.299999237060547,20.290000915527344,20.295000076293945,724,0.0,0.0
2024-08-12 15:00:00-04:00,20.280000686645508,20.280000686645508,20.280000686645508,20.280000686645508,742,0.0,0.0
2024-08-12 15:10:00-04:00,20.309999465942383,20.309999465942383,20.260000228881836,20.260000228881836,1415,0.0,0.0
2024-08-12 15:20:00-04:00,20.281999588012695,20.40999984741211,20.280000686645508,20.360000610351562,5656,0.0,0.0
2024-08-12 15:25:00-04:00,20.40999984741211,20.43000030517578,20.399999618530273,20.43000030517578,1671,0.0,0.0
2024-08-12 15:35:00-04:00,20.399999618530273,20.399999618530273,20.399999618530273,20.399999618530273,289,0.0,0.0
2024-08-12 15:40:00-04:00,20.3799991607666,20.389999389648438,20.360000610351562,20.389999389648438,1919,0.0,0.0
2024-08-12 15:45:00-04:00,20.34000015258789,20.34000015258789,20.299999237060547,20.299999237060547,1333,0.0,0.0
2024-08-12 15:50:00-04:00,20.299999237060547,20.299999237060547,20.280000686645508,20.280000686645508,3014,0.0,0.0
2024-08-12 15:55:00-04:00,20.280000686645508,20.30500030517578,20.260000228881836,20.30500030517578,3278,0.0,0.0
2024-08-13 09:30:00-04:00,19.850000381469727,19.850000381469727,19.850000381469727,19.850000381469727,0,0.0,0.0
2024-08-13 09:45:00-04:00,20.25,20.25,20.25,20.25,296,0.0,0.0
2024-08-13 09:50:00-04:00,20.299999237060547,20.299999237060547,20.299999237060547,20.299999237060547,886,0.0,0.0
2024-08-13 11:00:00-04:00,20.260000228881836,20.290000915527344,20.219999313354492,20.270000457763672,2580,0.0,0.0
2024-08-13 11:05:00-04:00,20.235000610351562,20.235000610351562,20.229999542236328,20.229999542236328,392,0.0,0.0
2024-08-13 11:10:00-04:00,20.225000381469727,20.225000381469727,20.225000381469727,20.225000381469727,245,0.0,0.0
2024-08-13 11:15:00-04:00,20.200000762939453,20.200000762939453,20.190000534057617,20.200000762939453,1430,0.0,0.0
2024-08-13 11:20:00-04:00,20.209999084472656,20.209999084472656,20.209999084472656,20.209999084472656,201,0.0,0.0
2024-08-13 11:25:00-04:00,20.200000762939453,20.200000762939453,20.200000762939453,20.200000762939453,794,0.0,0.0
2024-08-13 11:30:00-04:00,20.209999084472656,20.209999084472656,20.190000534057617,20.200000762939453,1582,0.0,0.0
2024-08-13 11:50:00-04:00,20.190000534057617,20.190000534057617,20.18000030517578,20.18000030517578,478,0.0,0.0
2024-08-13 12:00:00-04:00,20.18000030517578,20.200000762939453,20.18000030517578,20.200000762939453,1405,0.0,0.0
2024-08-13 12:05:00-04:00,20.209999084472656,20.2450008392334,20.209999084472656,20.2450008392334,1404,0.0,0.0
2024-08-13 12:40:00-04:00,20.31999969482422,20.31999969482422,20.31999969482422,20.31999969482422,667,0.0,0.0
2024-08-13 12:50:00-04:00,20.309999465942383,20.309999465942383,20.280000686645508,20.280000686645508,201,0.0,0.0
2024-08-13 12:55:00-04:00,20.329999923706055,20.329999923706055,20.329999923706055,20.329999923706055,498,0.0,0.0
2024-08-13 13:00:00-04:00,20.270000457763672,20.270000457763672,20.270000457763672,20.270000457763672,329,0.0,0.0
2024-08-13 13:05:00-04:00,20.264999389648438,20.264999389648438,20.25,20.25,738,0.0,0.0
2024-08-13 13:25:00-04:00,20.239999771118164,20.25,20.239999771118164,20.25,2048,0.0,0.0
2024-08-13 13:45:00-04:00,20.25,20.260000228881836,20.239999771118164,20.2450008392334,3088,0.0,0.0
2024-08-13 13:50:00-04:00,20.25,20.25,20.25,20.25,544,0.0,0.0
2024-08-13 14:05:00-04:00,20.290000915527344,20.290000915527344,20.260000228881836,20.260000228881836,1366,0.0,0.0
2024-08-13 14:15:00-04:00,20.253999710083008,20.270000457763672,20.253999710083008,20.270000457763672,837,0.0,0.0
2024-08-13 14:25:00-04:00,20.270000457763672,20.270000457763672,20.270000457763672,20.270000457763672,686,0.0,0.0
2024-08-13 14:35:00-04:00,20.289199829101562,20.289199829101562,20.289199829101562,20.289199829101562,759,0.0,0.0
2024-08-13 14:55:00-04:00,20.299999237060547,20.299999237060547,20.299999237060547,20.299999237060547,596,0.0,0.0
2024-08-13 15:05:00-04:00,20.325000762939453,20.325000762939453,20.325000762939453,20.325000762939453,382,0.0,0.0
2024-08-13 15:10:00-04:00,20.350000381469727,20.350000381469727,20.350000381469727,20.350000381469727,401,0.0,0.0
2024-08-13 15:15:00-04:00,20.299999237060547,20.299999237060547,20.299999237060547,20.299999237060547,699,0.0,0.0
2024-08-13 15:25:00-04:00,20.309999465942383,20.309999465942383,20.309999465942383,20.309999465942383,1040,0.0,0.0
2024-08-13 15:35:00-04:00,20.299999237060547,20.399999618530273,20.290000915527344,20.309999465942383,11631,0.0,0.0
2024-08-13 15:40:00-04:00,20.299999237060547,20.299999237060547,20.299999237060547,20.299999237060547,446,0.0,0.0
2024-08-13 15:45:00-04:00,20.290000915527344,20.309999465942383,20.280000686645508,20.299999237060547,1653,0.0,0.0
2024-08-13 15:50:00-04:00,20.299999237060547,20.31999969482422,20.299999237060547,20.315000534057617,2224,0.0,0.0
2024-08-13 15:55:00-04:00,20.34000015258789,20.350000381469727,20.309999465942383,20.31999969482422,3735,0.0,0.0
2024-08-14 09:30:00-04:00,19.8799991607666,19.8799991607666,18.940000534057617,18.950000762939453,18468,0.0,0.0
2024-08-14 09:35:00-04:00,19.084999084472656,19.229999542236328,19.030000686645508,19.030000686645508,8065,0.0,0.0
2024-08-14 09:40:00-04:00,19.1299991607666,19.270000457763672,19.06999969482422,19.260000228881836,9109,0.0,0.0
2024-08-14 09:45:00-04:00,19.270000457763672,19.274999618530273,19.270000457763672,19.274999618530273,873,0.0,0.0
2024-08-14 09:50:00-04:00,19.209999084472656,19.209999084472656,19.155000686645508,19.155000686645508,1780,0.0,0.0
2024-08-14 09:55:00-04:00,19.149999618530273,19.149999618530273,19.139999389648438,19.139999389648438,703,0.0,0.0
2024-08-14 10:00:00-04:00,19.059999465942383,19.149999618530273,19.049999237060547,19.110000610351562,2480,0.0,0.0
2024-08-14 10:10:00-04:00,19.200000762939453,19.200000762939453,19.200000762939453,19.200000762939453,308,0.0,0.0
2024-08-14 10:20:00-04:00,19.2450008392334,19.281999588012695,19.2450008392334,19.281999588012695,486,0.0,0.0
2024-08-14 10:30:00-04:00,19.2549991607666,19.2549991607666,19.149999618530273,19.149999618530273,1112,0.0,0.0
2024-08-14 10:35:00-04:00,19.155000686645508,19.155000686645508,19.155000686645508,19.155000686645508,959,0.0,0.0
2024-08-14 10:40:00-04:00,19.079999923706055,19.209999084472656,19.040000915527344,19.209999084472656,7871,0.0,0.0
2024-08-14 10:45:00-04:00,19.229999542236328,19.229999542236328,19.229999542236328,19.229999542236328,161,0.0,0.0
2024-08-14 10:50:00-04:00,19.219999313354492,19.219999313354492,19.219999313354492,19.219999313354492,230,0.0,0.0
2024-08-14 10:55:00-04:00,19.260000228881836,19.260000228881836,19.239999771118164,19.239999771118164,445,0.0,0.0
2024-08-14 11:00:00-04:00,19.219999313354492,19.219999313354492,19.200000762939453,19.219999313354492,1448,0.0,0.0
2024-08-14 11:10:00-04:00,19.200000762939453,19.200000762939453,19.190000534057617,19.190000534057617,731,0.0,0.0
2024-08-14 11:15:00-04:00,19.18000030517578,19.18000030517578,19.170000076293945,19.170000076293945,1043,0.0,0.0
2024-08-14 11:20:00-04:00,19.170000076293945,19.170000076293945,19.170000076293945,19.170000076293945,497,0.0,0.0
2024-08-14 11:25:00-04:00,19.18000030517578,19.18000030517578,19.18000030517578,19.18000030517578,560,0.0,0.0
2024-08-14 11:30:00-04:00,19.18000030517578,19.200000762939453,19.18000030517578,19.200000762939453,540,0.0,0.0
2024-08-14 11:35:00-04:00,19.219999313354492,19.219999313354492,19.200000762939453,19.200000762939453,798,0.0,0.0
2024-08-14 11:40:00-04:00,19.219999313354492,19.219999313354492,19.200000762939453,19.200000762939453,357,0.0,0.0
2024-08-14 11:45:00-04:00,19.190000534057617,19.190000534057617,19.190000534057617,19.190000534057617,670,0.0,0.0
2024-08-14 11:50:00-04:00,19.18000030517578,19.18000030517578,19.18000030517578,19.18000030517578,296,0.0,0.0
2024-08-14 11:55:00-04:00,19.18000030517578,19.18000030517578,19.18000030517578,19.18000030517578,749,0.0,0.0
2024-08-14 12:00:00-04:00,19.170000076293945,19.170000076293945,19.15999984741211,19.15999984741211,620,0.0,0.0
2024-08-14 12:05:00-04:00,19.15999984741211,19.15999984741211,19.139999389648438,19.139999389648438,746,0.0,0.0
2024-08-14 12:10:00-04:00,19.1299991607666,19.190000534057617,19.1299991607666,19.170000076293945,3650,0.0,0.0
2024-08-14 12:15:00-04:00,19.139999389648438,19.139999389648438,19.1200008392334,19.1200008392334,573,0.0,0.0
2024-08-14 12:20:00-04:00,19.110000610351562,19.110000610351562,19.110000610351562,19.110000610351562,768,0.0,0.0
2024-08-14 12:25:00-04:00,19.099899291992188,19.099899291992188,19.059999465942383,19.059999465942383,440,0.0,0.0
2024-08-14 12:30:00-04:00,19.059999465942383,19.059999465942383,19.049999237060547,19.049999237060547,1389,0.0,0.0
2024-08-14 12:40:00-04:00,19.06999969482422,19.06999969482422,19.030000686645508,19.030000686645508,1309,0.0,0.0
2024-08-14 12:45:00-04:00,19.030000686645508,19.030000686645508,19.030000686645508,19.030000686645508,314,0.0,0.0
2024-08-14 12:50:00-04:00,19.040000915527344,19.040000915527344,19.040000915527344,19.040000915527344,435,0.0,0.0
2024-08-14 12:55:00-04:00,19.049999237060547,19.079999923706055,19.040000915527344,19.059999465942383,1648,0.0,0.0
2024-08-14 13:00:00-04:00,19.049999237060547,19.06999969482422,19.049999237060547,19.06999969482422,1068,0.0,0.0
2024-08-14 13:05:00-04:00,19.049999237060547,19.049999237060547,19.049999237060547,19.049999237060547,847,0.0,0.0
2024-08-14 13:10:00-04:00,19.049999237060547,19.049999237060547,19.049999237060547,19.049999237060547,752,0.0,0.0
2024-08-14 13:15:00-04:00,19.059999465942383,19.059999465942383,19.059999465942383,19.059999465942383,217,0.0,0.0
2024-08-14 13:20:00-04:00,19.049999237060547,19.09000015258789,19.049999237060547,19.049999237060547,1954,0.0,0.0
2024-08-14 13:25:00-04:00,19.040000915527344,19.06999969482422,19.040000915527344,19.040000915527344,514,0.0,0.0
2024-08-14 13:30:00-04:00,19.040000915527344,19.040000915527344,19.040000915527344,19.040000915527344,314,0.0,0.0
2024-08-14 13:35:00-04:00,19.040000915527344,19.06999969482422,19.040000915527344,19.040000915527344,1628,0.0,0.0
2024-08-14 13:40:00-04:00,19.040000915527344,19.040000915527344,19.040000915527344,19.040000915527344,525,0.0,0.0
2024-08-14 13:45:00-04:00,19.040000915527344,19.040000915527344,19.040000915527344,19.040000915527344,202,0.0,0.0
2024-08-14 13:50:00-04:00,19.040000915527344,19.09000015258789,19.040000915527344,19.040000915527344,5505,0.0,0.0
2024-08-14 13:55:00-04:00,19.040000915527344,19.06999969482422,19.040000915527344,19.06999969482422,1285,0.0,0.0
2024-08-14 14:00:00-04:00,19.049999237060547,19.065000534057617,19.040000915527344,19.040000915527344,539,0.0,0.0
2024-08-14 14:05:00-04:00,19.030000686645508,19.030000686645508,19.030000686645508,19.030000686645508,399,0.0,0.0
2024-08-14 14:10:00-04:00,19.030000686645508,19.030000686645508,19.030000686645508,19.030000686645508,218,0.0,0.0
2024-08-14 14:15:00-04:00,19.030000686645508,19.030000686645508,19.020000457763672,19.020000457763672,494,0.0,0.0
2024-08-14 14:20:00-04:00,19.020000457763672,19.020000457763672,19.020000457763672,19.020000457763672,214,0.0,0.0
2024-08-14 14:25:00-04:00,19.020000457763672,19.020000457763672,19.020000457763672,19.020000457763672,323,0.0,0.0
2024-08-14 14:30:00-04:00,19.049999237060547,19.100000381469727,19.049999237060547,19.100000381469727,4051,0.0,0.0
2024-08-14 14:35:00-04:00,19.059999465942383,19.059999465942383,19.059999465942383,19.059999465942383,260,0.0,0.0
2024-08-14 14:40:00-04:00,19.049999237060547,19.110000610351562,19.049999237060547,19.06999969482422,2873,0.0,0.0
2024-08-14 14:45:00-04:00,19.110000610351562,19.110000610351562,19.110000610351562,19.110000610351562,919,0.0,0.0
2024-08-14 14:55:00-04:00,19.1299991607666,19.18000030517578,19.1299991607666,19.170000076293945,1286,0.0,0.0
2024-08-14 15:00:00-04:00,19.100000381469727,19.100000381469727,19.100000381469727,19.100000381469727,208,0.0,0.0
2024-08-14 15:05:00-04:00,19.139999389648438,19.139999389648438,19.139999389648438,19.139999389648438,863,0.0,0.0
2024-08-14 15:10:00-04:00,19.15999984741211,19.170000076293945,19.1299991607666,19.170000076293945,2568,0.0,0.0
2024-08-14 15:15:00-04:00,19.18000030517578,19.18000030517578,19.18000030517578,19.18000030517578,928,0.0,0.0
2024-08-14 15:20:00-04:00,19.1299991607666,19.1299991607666,19.1200008392334,19.1200008392334,375,0.0,0.0
2024-08-14 15:25:00-04:00,19.110000610351562,19.110000610351562,19.049999237060547,19.094999313354492,5831,0.0,0.0
2024-08-14 15:30:00-04:00,19.1299991607666,19.149999618530273,19.1299991607666,19.149999618530273,763,0.0,0.0
2024-08-14 15:35:00-04:00,19.190000534057617,19.190000534057617,19.15999984741211,19.187000274658203,1188,0.0,0.0
2024-08-14 15:40:00-04:00,19.15999984741211,19.15999984741211,19.15999984741211,19.15999984741211,449,0.0,0.0
2024-08-14 15:45:00-04:00,19.149999618530273,19.149999618530273,19.139999389648438,19.145000457763672,410,0.0,0.0
2024-08-14 15:50:00-04:00,19.15999984741211,19.170000076293945,19.139999389648438,19.15999984741211,1532,0.0,0.0
2024-08-14 15:55:00-04:00,19.15999984741211,19.18000030517578,19.110000610351562,19.1200008392334,4193,0.0,0.0
2024-08-15 09:30:00-04:00,19.65999984741211,19.700000762939453,19.399999618530273,19.399999618530273,5521,0.0,0.0
2024-08-15 09:35:00-04:00,19.540000915527344,19.540000915527344,19.540000915527344,19.540000915527344,213,0.0,0.0
2024-08-15 09:40:00-04:00,19.575000762939453,19.690000534057617,19.540000915527344,19.559999465942383,1312,0.0,0.0
2024-08-15 09:45:00-04:00,19.559999465942383,19.670000076293945,19.489999771118164,19.559999465942383,4090,0.0,0.0
2024-08-15 09:50:00-04:00,19.510000228881836,19.584999084472656,19.510000228881836,19.520000457763672,1320,0.0,0.0
2024-08-15 10:00:00-04:00,19.575000762939453,19.59000015258789,19.530000686645508,19.540000915527344,3356,0.0,0.0
2024-08-15 10:05:00-04:00,19.575000762939453,19.635000228881836,19.575000762939453,19.6299991607666,4491,0.0,0.0
2024-08-15 10:10:00-04:00,19.635000228881836,19.670000076293945,19.579999923706055,19.639999389648438,3310,0.0,0.0
2024-08-15 10:15:00-04:00,19.639999389648438,19.65999984741211,19.584999084472656,19.59000015258789,4169,0.0,0.0
2024-08-15 10:20:00-04:00,19.549999237060547,19.670000076293945,19.549999237060547,19.600000381469727,1702,0.0,0.0
2024-08-15 10:25:00-04:00,19.610000610351562,19.649999618530273,19.610000610351562,19.6299991607666,3453,0.0,0.0
2024-08-15 10:30:00-04:00,19.610000610351562,19.610000610351562,19.610000610351562,19.610000610351562,410,0.0,0.0
2024-08-15 10:35:00-04:00,19.610000610351562,19.610000610351562,19.610000610351562,19.610000610351562,304,0.0,0.0
2024-08-15 10:40:00-04:00,19.610000610351562,19.610000610351562,19.610000610351562,19.610000610351562,1105,0.0,0.0
2024-08-15 10:45:00-04:00,19.6200008392334,19.6299991607666,19.6200008392334,19.6299991607666,921,0.0,0.0
2024-08-15 10:50:00-04:00,19.639999389648438,19.639999389648438,19.639999389648438,19.639999389648438,640,0.0,0.0
2024-08-15 10:55:00-04:00,19.59000015258789,19.59000015258789,19.59000015258789,19.59000015258789,201,0.0,0.0
2024-08-15 11:00:00-04:00,19.600000381469727,19.600000381469727,19.600000381469727,19.600000381469727,119,0.0,0.0
2024-08-15 11:05:00-04:00,19.6200008392334,19.6200008392334,19.6200008392334,19.6200008392334,310,0.0,0.0
2024-08-15 11:10:00-04:00,19.59000015258789,19.6200008392334,19.59000015258789,19.59000015258789,2547,0.0,0.0
2024-08-15 11:15:00-04:00,19.59000015258789,19.6200008392334,19.530000686645508,19.594999313354492,4901,0.0,0.0
2024-08-15 11:20:00-04:00,19.594999313354492,19.594999313354492,19.579999923706055,19.579999923706055,1357,0.0,0.0
2024-08-15 11:30:00-04:00,19.559999465942383,19.559999465942383,19.559999465942383,19.559999465942383,500,0.0,0.0
2024-08-15 11:35:00-04:00,19.559999465942383,19.579999923706055,19.559999465942383,19.579999923706055,238,0.0,0.0
2024-08-15 11:40:00-04:00,19.579999923706055,19.579999923706055,19.579999923706055,19.579999923706055,970,0.0,0.0
2024-08-15 11:50:00-04:00,19.579999923706055,19.594999313354492,19.559999465942383,19.559999465942383,3556,0.0,0.0
2024-08-15 11:55:00-04:00,19.559999465942383,19.575000762939453,19.549999237060547,19.575000762939453,1335,0.0,0.0
2024-08-15 12:00:00-04:00,19.549999237060547,19.549999237060547,19.549999237060547,19.549999237060547,539,0.0,0.0
2024-08-15 12:10:00-04:00,19.565000534057617,19.565000534057617,19.565000534057617,19.565000534057617,202,0.0,0.0
2024-08-15 12:15:00-04:00,19.559999465942383,19.559999465942383,19.559999465942383,19.559999465942383,417,0.0,0.0
2024-08-15 12:20:00-04:00,19.549999237060547,19.549999237060547,19.549999237060547,19.549999237060547,117,0.0,0.0
2024-08-15 12:30:00-04:00,19.579999923706055,19.579999923706055,19.540000915527344,19.559999465942383,1827,0.0,0.0
2024-08-15 12:40:00-04:00,19.540000915527344,19.540000915527344,19.510000228881836,19.510000228881836,2249,0.0,0.0
2024-08-15 12:45:00-04:00,19.489999771118164,19.489999771118164,19.489999771118164,19.489999771118164,134,0.0,0.0
2024-08-15 12:55:00-04:00,19.489999771118164,19.489999771118164,19.489999771118164,19.489999771118164,223,0.0,0.0
2024-08-15 13:00:00-04:00,19.479999542236328,19.479999542236328,19.479999542236328,19.479999542236328,112,0.0,0.0
2024-08-15 13:10:00-04:00,19.479999542236328,19.479999542236328,19.479999542236328,19.479999542236328,202,0.0,0.0
2024-08-15 13:15:00-04:00,19.469999313354492,19.469999313354492,19.469999313354492,19.469999313354492,223,0.0,0.0
2024-08-15 13:25:00-04:00,19.469999313354492,19.479999542236328,19.46500015258789,19.479999542236328,1480,0.0,0.0
2024-08-15 13:35:00-04:00,19.479999542236328,19.479999542236328,19.479999542236328,19.479999542236328,114,0.0,0.0
2024-08-15 13:40:00-04:00,19.489999771118164,19.489999771118164,19.489999771118164,19.489999771118164,1081,0.0,0.0
2024-08-15 13:55:00-04:00,19.469999313354492,19.469999313354492,19.459999084472656,19.459999084472656,1615,0.0,0.0
2024-08-15 14:10:00-04:00,19.469999313354492,19.469999313354492,19.469999313354492,19.469999313354492,669,0.0,0.0
2024-08-15 14:20:00-04:00,19.440000534057617,19.440000534057617,19.440000534057617,19.440000534057617,115,0.0,0.0
2024-08-15 14:25:00-04:00,19.450000762939453,19.450000762939453,19.450000762939453,19.450000762939453,213,0.0,0.0
2024-08-15 14:30:00-04:00,19.450000762939453,19.450000762939453,19.450000762939453,19.450000762939453,144,0.0,0.0
2024-08-15 14:40:00-04:00,19.459999084472656,19.459999084472656,19.440000534057617,19.440000534057617,1499,0.0,0.0
2024-08-15 14:50:00-04:00,19.469999313354492,19.489999771118164,19.469999313354492,19.489999771118164,1456,0.0,0.0
2024-08-15 14:55:00-04:00,19.489999771118164,19.489999771118164,19.489999771118164,19.489999771118164,1106,0.0,0.0
2024-08-15 15:00:00-04:00,19.450000762939453,19.450000762939453,19.450000762939453,19.450000762939453,200,0.0,0.0
2024-08-15 15:05:00-04:00,19.450000762939453,19.450000762939453,19.450000762939453,19.450000762939453,100,0.0,0.0
2024-08-15 15:10:00-04:00,19.459999084472656,19.5,19.459999084472656,19.4950008392334,3531,0.0,0.0
2024-08-15 15:15:00-04:00,19.4950008392334,19.4950008392334,19.459999084472656,19.459999084472656,2688,0.0,0.0
2024-08-15 15:25:00-04:00,19.5,19.5,19.5,19.5,378,0.0,0.0
2024-08-15 15:30:00-04:00,19.5,19.6299991607666,19.5,19.6299991607666,7966,0.0,0.0
2024-08-15 15:35:00-04:00,19.6299991607666,19.6299991607666,19.59000015258789,19.59000015258789,1238,0.0,0.0
2024-08-15 15:40:00-04:00,19.594999313354492,19.6200008392334,19.579999923706055,19.6200008392334,816,0.0,0.0
2024-08-15 15:45:00-04:00,19.610000610351562,19.6200008392334,19.59000015258789,19.6200008392334,2169,0.0,0.0
2024-08-15 15:50:00-04:00,19.614999771118164,19.649999618530273,19.614999771118164,19.649999618530273,6785,0.0,0.0
2024-08-15 15:55:00-04:00,19.65999984741211,19.65999984741211,19.639999389648438,19.639999389648438,4203,0.0,0.0
2024-08-16 09:30:00-04:00,19.0,19.0,18.709999084472656,18.709999084472656,8397,0.0,0.0
2024-08-16 09:35:00-04:00,18.704999923706055,18.75,18.600000381469727,18.600000381469727,3495,0.0,0.0
2024-08-16 09:40:00-04:00,18.5,18.5,18.410900115966797,18.469999313354492,2440,0.0,0.0
2024-08-16 09:45:00-04:00,18.499900817871094,18.499900817871094,18.459999084472656,18.459999084472656,3145,0.0,0.0
2024-08-16 09:50:00-04:00,18.4950008392334,18.530000686645508,18.364999771118164,18.399999618530273,7699,0.0,0.0
2024-08-16 09:55:00-04:00,18.434999465942383,18.434999465942383,18.270000457763672,18.290000915527344,6864,0.0,0.0
2024-08-16 10:00:00-04:00,18.385000228881836,18.385000228881836,18.29010009765625,18.3799991607666,4220,0.0,0.0
2024-08-16 10:05:00-04:00,18.389999389648438,18.59000015258789,18.389999389648438,18.559999465942383,3412,0.0,0.0
2024-08-16 10:10:00-04:00,18.489999771118164,18.49329948425293,18.43000030517578,18.43000030517578,2623,0.0,0.0
2024-08-16 10:15:00-04:00,18.454999923706055,18.489999771118164,18.454999923706055,18.489999771118164,12416,0.0,0.0
2024-08-16 10:20:00-04:00,18.528799057006836,18.528799057006836,18.528799057006836,18.528799057006836,224,0.0,0.0
2024-08-16 10:25:00-04:00,18.540000915527344,18.59000015258789,18.5,18.540000915527344,2496,0.0,0.0
2024-08-16 10:30:00-04:00,18.568700790405273,18.655000686645508,18.568700790405273,18.56999969482422,9318,0.0,0.0
2024-08-16 10:35:00-04:00,18.56999969482422,18.56999969482422,18.56999969482422,18.56999969482422,1591,0.0,0.0
2024-08-16 10:45:00-04:00,18.56999969482422,18.56999969482422,18.530000686645508,18.530000686645508,2442,0.0,0.0
2024-08-16 10:50:00-04:00,18.565000534057617,18.565000534057617,18.530000686645508,18.530000686645508,1413,0.0,0.0
2024-08-16 10:55:00-04:00,18.530000686645508,18.549999237060547,18.530000686645508,18.530000686645508,1007,0.0,0.0
2024-08-16 11:00:00-04:00,18.520000457763672,18.540000915527344,18.510000228881836,18.510000228881836,1259,0.0,0.0
2024-08-16 11:05:00-04:00,18.520000457763672,18.520000457763672,18.520000457763672,18.520000457763672,680,0.0,0.0
2024-08-16 11:10:00-04:00,18.520000457763672,18.520000457763672,18.520000457763672,18.520000457763672,759,0.0,0.0
2024-08-16 11:15:00-04:00,18.530000686645508,18.530000686645508,18.520000457763672,18.520000457763672,813,0.0,0.0
2024-08-16 11:20:00-04:00,18.510000228881836,18.510000228881836,18.5,18.510000228881836,1577,0.0,0.0
2024-08-16 11:25:00-04:00,18.5,18.524999618530273,18.4950008392334,18.520000457763672,4316,0.0,0.0
2024-08-16 11:30:00-04:00,18.5,18.5,18.5,18.5,419,0.0,0.0
2024-08-16 11:35:00-04:00,18.5,18.530000686645508,18.5,18.530000686645508,628,0.0,0.0
2024-08-16 11:40:00-04:00,18.530000686645508,18.530000686645508,18.530000686645508,18.530000686645508,318,0.0,0.0
2024-08-16 11:45:00-04:00,18.530000686645508,18.540000915527344,18.530000686645508,18.540000915527344,304,0.0,0.0
2024-08-16 11:50:00-04:00,18.520000457763672,18.520000457763672,18.520000457763672,18.520000457763672,525,0.0,0.0
2024-08-16 11:55:00-04:00,18.520000457763672,18.520000457763672,18.520000457763672,18.520000457763672,907,0.0,0.0
2024-08-16 12:00:00-04:00,18.520000457763672,18.520000457763672,18.520000457763672,18.520000457763672,504,0.0,0.0
2024-08-16 12:05:00-04:00,18.520000457763672,18.540000915527344,18.520000457763672,18.540000915527344,585,0.0,0.0
2024-08-16 12:10:00-04:00,18.530000686645508,18.530000686645508,18.530000686645508,18.530000686645508,232,0.0,0.0
2024-08-16 12:15:00-04:00,18.540000915527344,18.579999923706055,18.540000915527344,18.579999923706055,605,0.0,0.0
2024-08-16 12:20:00-04:00,18.530000686645508,18.530000686645508,18.530000686645508,18.530000686645508,463,0.0,0.0
2024-08-16 12:25:00-04:00,18.530000686645508,18.530000686645508,18.530000686645508,18.530000686645508,856,0.0,0.0
2024-08-16 12:30:00-04:00,18.545000076293945,18.579999923706055,18.540000915527344,18.540000915527344,1620,0.0,0.0
2024-08-16 12:35:00-04:00,18.540000915527344,18.540000915527344,18.540000915527344,18.540000915527344,674,0.0,0.0
2024-08-16 12:40:00-04:00,18.540000915527344,18.540000915527344,18.540000915527344,18.540000915527344,220,0.0,0.0
2024-08-16 12:45:00-04:00,18.540000915527344,18.540000915527344,18.530000686645508,18.530000686645508,1607,0.0,0.0
2024-08-16 12:50:00-04:00,18.520000457763672,18.520000457763672,18.520000457763672,18.520000457763672,328,0.0,0.0
2024-08-16 12:55:00-04:00,18.520000457763672,18.540000915527344,18.520000457763672,18.540000915527344,711,0.0,0.0
2024-08-16 13:00:00-04:00,18.520000457763672,18.520000457763672,18.520000457763672,18.520000457763672,1371,0.0,0.0
2024-08-16 13:05:00-04:00,18.520000457763672,18.530000686645508,18.520000457763672,18.530000686645508,415,0.0,0.0
2024-08-16 13:10:00-04:00,18.520000457763672,18.520000457763672,18.520000457763672,18.520000457763672,402,0.0,0.0
2024-08-16 13:15:00-04:00,18.520000457763672,18.520000457763672,18.510000228881836,18.510000228881836,527,0.0,0.0
2024-08-16 13:20:00-04:00,18.520000457763672,18.520000457763672,18.520000457763672,18.520000457763672,907,0.0,0.0
2024-08-16 13:25:00-04:00,18.530000686645508,18.540000915527344,18.510000228881836,18.510000228881836,941,0.0,0.0
2024-08-16 13:30:00-04:00,18.5,18.530000686645508,18.5,18.530000686645508,749,0.0,0.0
2024-08-16 13:35:00-04:00,18.530000686645508,18.53499984741211,18.510000228881836,18.53499984741211,505,0.0,0.0
2024-08-16 13:40:00-04:00,18.520000457763672,18.530000686645508,18.520000457763672,18.530000686645508,640,0.0,0.0
2024-08-16 13:45:00-04:00,18.530000686645508,18.55500030517578,18.530000686645508,18.549999237060547,608,0.0,0.0
2024-08-16 13:50:00-04:00,18.530000686645508,18.530000686645508,18.520000457763672,18.520000457763672,299,0.0,0.0
2024-08-16 13:55:00-04:00,18.510000228881836,18.510000228881836,18.510000228881836,18.510000228881836,525,0.0,0.0
2024-08-16 14:00:00-04:00,18.5,18.5,18.489999771118164,18.489999771118164,1463,0.0,0.0
2024-08-16 14:05:00-04:00,18.5,18.5,18.489999771118164,18.489999771118164,1903,0.0,0.0
2024-08-16 14:10:00-04:00,18.489999771118164,18.489999771118164,18.489999771118164,18.489999771118164,520,0.0,0.0
2024-08-16 14:15:00-04:00,18.5,18.516000747680664,18.489999771118164,18.516000747680664,622,0.0,0.0
2024-08-16 14:20:00-04:00,18.5,18.5,18.479999542236328,18.479999542236328,698,0.0,0.0
2024-08-16 14:25:00-04:00,18.479999542236328,18.489999771118164,18.479999542236328,18.489999771118164,496,0.0,0.0
2024-08-16 14:35:00-04:00,18.523399353027344,18.523399353027344,18.523399353027344,18.523399353027344,240,0.0,0.0
2024-08-16 14:45:00-04:00,18.56999969482422,18.56999969482422,18.549999237060547,18.549999237060547,428,0.0,0.0
2024-08-16 14:55:00-04:00,18.559999465942383,18.559999465942383,18.549999237060547,18.549999237060547,274,0.0,0.0
2024-08-16 15:10:00-04:00,18.559999465942383,18.584999084472656,18.530000686645508,18.530000686645508,1980,0.0,0.0
2024-08-16 15:25:00-04:00,18.520000457763672,18.520000457763672,18.520000457763672,18.520000457763672,690,0.0,0.0
2024-08-16 15:30:00-04:00,18.514999389648438,18.524999618530273,18.514999389648438,18.524999618530273,989,0.0,0.0
2024-08-16 15:40:00-04:00,18.5,18.5,18.5,18.5,704,0.0,0.0
2024-08-16 15:45:00-04:00,18.489999771118164,18.489999771118164,18.450000762939453,18.479999542236328,2913,0.0,0.0
2024-08-16 15:50:00-04:00,18.469999313354492,18.469999313354492,18.454999923706055,18.454999923706055,1521,0.0,0.0
2024-08-16 15:55:00-04:00,18.469999313354492,18.5,18.43000030517578,18.5,10603,0.0,0.0
