Datetime,Open,High,Low,Close,Volume,Dividends,Stock Splits
2024-07-17 09:30:00-04:00,6.78000020980835,6.784999847412109,6.590000152587891,6.695000171661377,330045,0.0,0.0
2024-07-17 09:35:00-04:00,6.690000057220459,6.730000019073486,6.679999828338623,6.710100173950195,83448,0.0,0.0
2024-07-17 09:40:00-04:00,6.710000038146973,6.71999979019165,6.599999904632568,6.605000019073486,75144,0.0,0.0
2024-07-17 09:45:00-04:00,6.605000019073486,6.625,6.579999923706055,6.590000152587891,131023,0.0,0.0
2024-07-17 09:50:00-04:00,6.599999904632568,6.625,6.579999923706055,6.619999885559082,87034,0.0,0.0
2024-07-17 09:55:00-04:00,6.614999771118164,6.619999885559082,6.590000152587891,6.59499979019165,40838,0.0,0.0
2024-07-17 10:00:00-04:00,6.590000152587891,6.599999904632568,6.534999847412109,6.534999847412109,120843,0.0,0.0
2024-07-17 10:05:00-04:00,6.531199932098389,6.534999847412109,6.449999809265137,6.474999904632568,242107,0.0,0.0
2024-07-17 10:10:00-04:00,6.474999904632568,6.489999771118164,6.440100193023682,6.465000152587891,97317,0.0,0.0
2024-07-17 10:15:00-04:00,6.460000038146973,6.465000152587891,6.429999828338623,6.434999942779541,87554,0.0,0.0
2024-07-17 10:20:00-04:00,6.429999828338623,6.434999942779541,6.400000095367432,6.414999961853027,135690,0.0,0.0
2024-07-17 10:25:00-04:00,6.414999961853027,6.429999828338623,6.349999904632568,6.360000133514404,160229,0.0,0.0
2024-07-17 10:30:00-04:00,6.360000133514404,6.420000076293945,6.355000019073486,6.416200160980225,92477,0.0,0.0
2024-07-17 10:35:00-04:00,6.420000076293945,6.425000190734863,6.394999980926514,6.409900188446045,80753,0.0,0.0
2024-07-17 10:40:00-04:00,6.40500020980835,6.429200172424316,6.389999866485596,6.399899959564209,98479,0.0,0.0
2024-07-17 10:45:00-04:00,6.400000095367432,6.429999828338623,6.400000095367432,6.40500020980835,59446,0.0,0.0
2024-07-17 10:50:00-04:00,6.400000095367432,6.400000095367432,6.380000114440918,6.385000228881836,57529,0.0,0.0
2024-07-17 10:55:00-04:00,6.385000228881836,6.400000095367432,6.360000133514404,6.369999885559082,93575,0.0,0.0
2024-07-17 11:00:00-04:00,6.380000114440918,6.40500020980835,6.369999885559082,6.375,72414,0.0,0.0
2024-07-17 11:05:00-04:00,6.378499984741211,6.385000228881836,6.360000133514404,6.375,60924,0.0,0.0
2024-07-17 11:10:00-04:00,6.375,6.394999980926514,6.360000133514404,6.375,69686,0.0,0.0
2024-07-17 11:15:00-04:00,6.375,6.380000114440918,6.364999771118164,6.380000114440918,41559,0.0,0.0
2024-07-17 11:20:00-04:00,6.375,6.385000228881836,6.364999771118164,6.375,102101,0.0,0.0
2024-07-17 11:25:00-04:00,6.380000114440918,6.460000038146973,6.380000114440918,6.445000171661377,215516,0.0,0.0
2024-07-17 11:30:00-04:00,6.445000171661377,6.449999809265137,6.40500020980835,6.409999847412109,74067,0.0,0.0
2024-07-17 11:35:00-04:00,6.409999847412109,6.418900012969971,6.400000095367432,6.40500020980835,41910,0.0,0.0
2024-07-17 11:40:00-04:00,6.409999847412109,6.409999847412109,6.400000095367432,6.40500020980835,33782,0.0,0.0
2024-07-17 11:45:00-04:00,6.40500020980835,6.414999961853027,6.389999866485596,6.394999980926514,40289,0.0,0.0
2024-07-17 11:50:00-04:00,6.394999980926514,6.409999847412109,6.360000133514404,6.375,92314,0.0,0.0
2024-07-17 11:55:00-04:00,6.380000114440918,6.409999847412109,6.375,6.394999980926514,55190,0.0,0.0
2024-07-17 12:00:00-04:00,6.400000095367432,6.409999847412109,6.389999866485596,6.389999866485596,39950,0.0,0.0
2024-07-17 12:05:00-04:00,6.389999866485596,6.389999866485596,6.360000133514404,6.364999771118164,238754,0.0,0.0
2024-07-17 12:10:00-04:00,6.367499828338623,6.369999885559082,6.349999904632568,6.360000133514404,83608,0.0,0.0
2024-07-17 12:15:00-04:00,6.366000175476074,6.380000114440918,6.360000133514404,6.360000133514404,40643,0.0,0.0
2024-07-17 12:20:00-04:00,6.364999771118164,6.364999771118164,6.300000190734863,6.319900035858154,100664,0.0,0.0
2024-07-17 12:25:00-04:00,6.309999942779541,6.329999923706055,6.309999942779541,6.324999809265137,57324,0.0,0.0
2024-07-17 12:30:00-04:00,6.324999809265137,6.329999923706055,6.309999942779541,6.315000057220459,35844,0.0,0.0
2024-07-17 12:35:00-04:00,6.315000057220459,6.320000171661377,6.304999828338623,6.315000057220459,75372,0.0,0.0
2024-07-17 12:40:00-04:00,6.315000057220459,6.329999923706055,6.309999942779541,6.320700168609619,37682,0.0,0.0
2024-07-17 12:45:00-04:00,6.320000171661377,6.324999809265137,6.289999961853027,6.295000076293945,62452,0.0,0.0
2024-07-17 12:50:00-04:00,6.300000190734863,6.320000171661377,6.289999961853027,6.315000057220459,74679,0.0,0.0
2024-07-17 12:55:00-04:00,6.320000171661377,6.335000038146973,6.309999942779541,6.335000038146973,108619,0.0,0.0
2024-07-17 13:00:00-04:00,6.329999923706055,6.360000133514404,6.329999923706055,6.349999904632568,36469,0.0,0.0
2024-07-17 13:05:00-04:00,6.350100040435791,6.360000133514404,6.340000152587891,6.34499979019165,33810,0.0,0.0
2024-07-17 13:10:00-04:00,6.34499979019165,6.349999904632568,6.340000152587891,6.34499979019165,21925,0.0,0.0
2024-07-17 13:15:00-04:00,6.34499979019165,6.349999904632568,6.309999942779541,6.309999942779541,63178,0.0,0.0
2024-07-17 13:20:00-04:00,6.309999942779541,6.329500198364258,6.300000190734863,6.324999809265137,41027,0.0,0.0
2024-07-17 13:25:00-04:00,6.324999809265137,6.340000152587891,6.320000171661377,6.340000152587891,34019,0.0,0.0
2024-07-17 13:30:00-04:00,6.34499979019165,6.360000133514404,6.340000152587891,6.360000133514404,29104,0.0,0.0
2024-07-17 13:35:00-04:00,6.3572998046875,6.380000114440918,6.355000019073486,6.360000133514404,42625,0.0,0.0
2024-07-17 13:40:00-04:00,6.360000133514404,6.360000133514404,6.340000152587891,6.34499979019165,67500,0.0,0.0
2024-07-17 13:45:00-04:00,6.340199947357178,6.349999904632568,6.320000171661377,6.349999904632568,44751,0.0,0.0
2024-07-17 13:50:00-04:00,6.349999904632568,6.349999904632568,6.324999809265137,6.329999923706055,25121,0.0,0.0
2024-07-17 13:55:00-04:00,6.329999923706055,6.335000038146973,6.309999942779541,6.315000057220459,43177,0.0,0.0
2024-07-17 14:00:00-04:00,6.310400009155273,6.329699993133545,6.309999942779541,6.320000171661377,27039,0.0,0.0
2024-07-17 14:05:00-04:00,6.320000171661377,6.329999923706055,6.309999942779541,6.309999942779541,65574,0.0,0.0
2024-07-17 14:10:00-04:00,6.315000057220459,6.320000171661377,6.300000190734863,6.300000190734863,25300,0.0,0.0
2024-07-17 14:15:00-04:00,6.304999828338623,6.360000133514404,6.304999828338623,6.329999923706055,112500,0.0,0.0
2024-07-17 14:20:00-04:00,6.329999923706055,6.340000152587891,6.324999809265137,6.329999923706055,38831,0.0,0.0
2024-07-17 14:25:00-04:00,6.340000152587891,6.340000152587891,6.320000171661377,6.329999923706055,36886,0.0,0.0
2024-07-17 14:30:00-04:00,6.329999923706055,6.340000152587891,6.320000171661377,6.324999809265137,23920,0.0,0.0
2024-07-17 14:35:00-04:00,6.320000171661377,6.335000038146973,6.320000171661377,6.324999809265137,24191,0.0,0.0
2024-07-17 14:40:00-04:00,6.320000171661377,6.329999923706055,6.309999942779541,6.309999942779541,23208,0.0,0.0
2024-07-17 14:45:00-04:00,6.309999942779541,6.320000171661377,6.300000190734863,6.315000057220459,51455,0.0,0.0
2024-07-17 14:50:00-04:00,6.315000057220459,6.320000171661377,6.309999942779541,6.315000057220459,44258,0.0,0.0
2024-07-17 14:55:00-04:00,6.320000171661377,6.320000171661377,6.309999942779541,6.320000171661377,15878,0.0,0.0
2024-07-17 15:00:00-04:00,6.315000057220459,6.320000171661377,6.309999942779541,6.315000057220459,23642,0.0,0.0
2024-07-17 15:05:00-04:00,6.309999942779541,6.309999942779541,6.269999980926514,6.284999847412109,199532,0.0,0.0
2024-07-17 15:10:00-04:00,6.284999847412109,6.309999942779541,6.284999847412109,6.289999961853027,54895,0.0,0.0
2024-07-17 15:15:00-04:00,6.289999961853027,6.300000190734863,6.275000095367432,6.280099868774414,86127,0.0,0.0
2024-07-17 15:20:00-04:00,6.289999961853027,6.289999961853027,6.28000020980835,6.284999847412109,26596,0.0,0.0
2024-07-17 15:25:00-04:00,6.289999961853027,6.320000171661377,6.28000020980835,6.304999828338623,60890,0.0,0.0
2024-07-17 15:30:00-04:00,6.304999828338623,6.329999923706055,6.300000190734863,6.329999923706055,61389,0.0,0.0
2024-07-17 15:35:00-04:00,6.329999923706055,6.329999923706055,6.315000057220459,6.315000057220459,46089,0.0,0.0
2024-07-17 15:40:00-04:00,6.320000171661377,6.320000171661377,6.289999961853027,6.289999961853027,85185,0.0,0.0
2024-07-17 15:45:00-04:00,6.295000076293945,6.300000190734863,6.269999980926514,6.284999847412109,156404,0.0,0.0
2024-07-17 15:50:00-04:00,6.289999961853027,6.295000076293945,6.269999980926514,6.275000095367432,140854,0.0,0.0
2024-07-17 15:55:00-04:00,6.275000095367432,6.28000020980835,6.260000228881836,6.28000020980835,341768,0.0,0.0
2024-07-18 09:30:00-04:00,6.349999904632568,6.409999847412109,6.235000133514404,6.244999885559082,233296,0.0,0.0
2024-07-18 09:35:00-04:00,6.244999885559082,6.304999828338623,6.244999885559082,6.25,43948,0.0,0.0
2024-07-18 09:40:00-04:00,6.244999885559082,6.28000020980835,6.239999771118164,6.244999885559082,30309,0.0,0.0
2024-07-18 09:45:00-04:00,6.239999771118164,6.269999980926514,6.230000019073486,6.25,42193,0.0,0.0
2024-07-18 09:50:00-04:00,6.255000114440918,6.255000114440918,6.210000038146973,6.21999979019165,34711,0.0,0.0
2024-07-18 09:55:00-04:00,6.21999979019165,6.247499942779541,6.21999979019165,6.230100154876709,28886,0.0,0.0
2024-07-18 10:00:00-04:00,6.230000019073486,6.234099864959717,6.210000038146973,6.21999979019165,29619,0.0,0.0
2024-07-18 10:05:00-04:00,6.230000019073486,6.235000133514404,6.199999809265137,6.215000152587891,68078,0.0,0.0
2024-07-18 10:10:00-04:00,6.21999979019165,6.224999904632568,6.170000076293945,6.190000057220459,58036,0.0,0.0
2024-07-18 10:15:00-04:00,6.184999942779541,6.21999979019165,6.179999828338623,6.199999809265137,76360,0.0,0.0
2024-07-18 10:20:00-04:00,6.199999809265137,6.210000038146973,6.170000076293945,6.199999809265137,46342,0.0,0.0
2024-07-18 10:25:00-04:00,6.199999809265137,6.215000152587891,6.190000057220459,6.215000152587891,46360,0.0,0.0
2024-07-18 10:30:00-04:00,6.210000038146973,6.219900131225586,6.170000076293945,6.170000076293945,23527,0.0,0.0
2024-07-18 10:35:00-04:00,6.175000190734863,6.179999828338623,6.150000095367432,6.164999961853027,43787,0.0,0.0
2024-07-18 10:40:00-04:00,6.159999847412109,6.164999961853027,6.090000152587891,6.099999904632568,92680,0.0,0.0
2024-07-18 10:45:00-04:00,6.09499979019165,6.099999904632568,6.08050012588501,6.099999904632568,110268,0.0,0.0
2024-07-18 10:50:00-04:00,6.099999904632568,6.119999885559082,6.090000152587891,6.105000019073486,259336,0.0,0.0
2024-07-18 10:55:00-04:00,6.105000019073486,6.139999866485596,6.099999904632568,6.105000019073486,224689,0.0,0.0
2024-07-18 11:00:00-04:00,6.105000019073486,6.130000114440918,6.09499979019165,6.114999771118164,138081,0.0,0.0
2024-07-18 11:05:00-04:00,6.119999885559082,6.125,6.105000019073486,6.110000133514404,43834,0.0,0.0
2024-07-18 11:10:00-04:00,6.105000019073486,6.110000133514404,6.085000038146973,6.105000019073486,120318,0.0,0.0
2024-07-18 11:15:00-04:00,6.109000205993652,6.139999866485596,6.105000019073486,6.135000228881836,57584,0.0,0.0
2024-07-18 11:20:00-04:00,6.135000228881836,6.139999866485596,6.105000019073486,6.119999885559082,58964,0.0,0.0
2024-07-18 11:25:00-04:00,6.119999885559082,6.130000114440918,6.099999904632568,6.110000133514404,54652,0.0,0.0
2024-07-18 11:30:00-04:00,6.110000133514404,6.114999771118164,6.090000152587891,6.099999904632568,90516,0.0,0.0
2024-07-18 11:35:00-04:00,6.105000019073486,6.105000019073486,6.050000190734863,6.060999870300293,66798,0.0,0.0
2024-07-18 11:40:00-04:00,6.065000057220459,6.070000171661377,6.039999961853027,6.045000076293945,80119,0.0,0.0
2024-07-18 11:45:00-04:00,6.045000076293945,6.059999942779541,6.019999980926514,6.034999847412109,40878,0.0,0.0
2024-07-18 11:50:00-04:00,6.03000020980835,6.059999942779541,6.03000020980835,6.059999942779541,75198,0.0,0.0
2024-07-18 11:55:00-04:00,6.054999828338623,6.059999942779541,6.050000190734863,6.054999828338623,15497,0.0,0.0
2024-07-18 12:00:00-04:00,6.050000190734863,6.065000057220459,6.041600227355957,6.065000057220459,91860,0.0,0.0
2024-07-18 12:05:00-04:00,6.069799900054932,6.070000171661377,6.042300224304199,6.054999828338623,60515,0.0,0.0
2024-07-18 12:10:00-04:00,6.059899806976318,6.059899806976318,6.045000076293945,6.050000190734863,45753,0.0,0.0
2024-07-18 12:15:00-04:00,6.054999828338623,6.059999942779541,6.039999961853027,6.054999828338623,82362,0.0,0.0
2024-07-18 12:20:00-04:00,6.054999828338623,6.059999942779541,6.045000076293945,6.054999828338623,40834,0.0,0.0
2024-07-18 12:25:00-04:00,6.054999828338623,6.056000232696533,6.045000076293945,6.045000076293945,44805,0.0,0.0
2024-07-18 12:30:00-04:00,6.045000076293945,6.059999942779541,6.03000020980835,6.059999942779541,83838,0.0,0.0
2024-07-18 12:35:00-04:00,6.059999942779541,6.085000038146973,6.054999828338623,6.079999923706055,33524,0.0,0.0
2024-07-18 12:40:00-04:00,6.079999923706055,6.079999923706055,6.053199768066406,6.065000057220459,26879,0.0,0.0
2024-07-18 12:45:00-04:00,6.070000171661377,6.090000152587891,6.069900035858154,6.074999809265137,28550,0.0,0.0
2024-07-18 12:50:00-04:00,6.074999809265137,6.085000038146973,6.070000171661377,6.079999923706055,18227,0.0,0.0
2024-07-18 12:55:00-04:00,6.079999923706055,6.105000019073486,6.074999809265137,6.105000019073486,21135,0.0,0.0
2024-07-18 13:00:00-04:00,6.110000133514404,6.110000133514404,6.085000038146973,6.085000038146973,38619,0.0,0.0
2024-07-18 13:05:00-04:00,6.085000038146973,6.087399959564209,6.070000171661377,6.074999809265137,17512,0.0,0.0
2024-07-18 13:10:00-04:00,6.070000171661377,6.099999904632568,6.070000171661377,6.085000038146973,23957,0.0,0.0
2024-07-18 13:15:00-04:00,6.085000038146973,6.099999904632568,6.082499980926514,6.087699890136719,22947,0.0,0.0
2024-07-18 13:20:00-04:00,6.090000152587891,6.099999904632568,6.079999923706055,6.085000038146973,24612,0.0,0.0
2024-07-18 13:25:00-04:00,6.089900016784668,6.090000152587891,6.072999954223633,6.085000038146973,32461,0.0,0.0
2024-07-18 13:30:00-04:00,6.085000038146973,6.090000152587891,6.074999809265137,6.074999809265137,25147,0.0,0.0
2024-07-18 13:35:00-04:00,6.070000171661377,6.079999923706055,6.059999942779541,6.06790018081665,26757,0.0,0.0
2024-07-18 13:40:00-04:00,6.065000057220459,6.074999809265137,6.059999942779541,6.074999809265137,26736,0.0,0.0
2024-07-18 13:45:00-04:00,6.079999923706055,6.0883002281188965,6.059999942779541,6.070000171661377,32253,0.0,0.0
2024-07-18 13:50:00-04:00,6.070000171661377,6.070000171661377,6.050000190734863,6.050000190734863,11852,0.0,0.0
2024-07-18 13:55:00-04:00,6.054999828338623,6.059999942779541,6.039999961853027,6.039999961853027,52117,0.0,0.0
2024-07-18 14:00:00-04:00,6.045000076293945,6.050000190734863,6.010000228881836,6.014999866485596,52789,0.0,0.0
2024-07-18 14:05:00-04:00,6.014999866485596,6.03000020980835,6.010000228881836,6.014999866485596,24787,0.0,0.0
2024-07-18 14:10:00-04:00,6.019999980926514,6.019999980926514,5.989999771118164,5.996699810028076,135490,0.0,0.0
2024-07-18 14:15:00-04:00,6.0,6.010000228881836,5.989999771118164,6.0,48236,0.0,0.0
2024-07-18 14:20:00-04:00,6.005000114440918,6.005000114440918,5.980000019073486,6.005000114440918,47121,0.0,0.0
2024-07-18 14:25:00-04:00,6.005000114440918,6.010000228881836,5.989999771118164,6.0,37935,0.0,0.0
2024-07-18 14:30:00-04:00,6.0,6.005000114440918,5.989999771118164,5.994999885559082,10255,0.0,0.0
2024-07-18 14:35:00-04:00,5.994999885559082,6.010000228881836,5.989999771118164,5.994999885559082,32700,0.0,0.0
2024-07-18 14:40:00-04:00,5.989999771118164,5.999000072479248,5.96999979019165,5.985000133514404,38572,0.0,0.0
2024-07-18 14:45:00-04:00,5.985000133514404,6.0,5.980000019073486,5.9899001121521,48845,0.0,0.0
2024-07-18 14:50:00-04:00,5.985000133514404,5.989999771118164,5.965000152587891,5.985000133514404,63838,0.0,0.0
2024-07-18 14:55:00-04:00,5.980000019073486,5.988800048828125,5.96999979019165,5.96999979019165,46651,0.0,0.0
2024-07-18 15:00:00-04:00,5.96999979019165,5.980000019073486,5.940000057220459,5.940000057220459,146116,0.0,0.0
2024-07-18 15:05:00-04:00,5.940000057220459,5.949999809265137,5.929999828338623,5.934999942779541,35430,0.0,0.0
2024-07-18 15:10:00-04:00,5.934999942779541,5.940000057220459,5.920000076293945,5.929999828338623,116725,0.0,0.0
2024-07-18 15:15:00-04:00,5.929999828338623,5.949399948120117,5.929999828338623,5.934999942779541,72483,0.0,0.0
2024-07-18 15:20:00-04:00,5.934999942779541,5.940000057220459,5.920000076293945,5.926799774169922,61749,0.0,0.0
2024-07-18 15:25:00-04:00,5.925000190734863,5.929999828338623,5.920000076293945,5.925000190734863,45843,0.0,0.0
2024-07-18 15:30:00-04:00,5.920000076293945,5.940000057220459,5.920000076293945,5.925000190734863,72052,0.0,0.0
2024-07-18 15:35:00-04:00,5.92519998550415,5.929999828338623,5.909999847412109,5.914999961853027,257095,0.0,0.0
2024-07-18 15:40:00-04:00,5.909999847412109,5.920000076293945,5.889999866485596,5.920000076293945,211726,0.0,0.0
2024-07-18 15:45:00-04:00,5.914999961853027,5.934999942779541,5.900000095367432,5.920000076293945,342670,0.0,0.0
2024-07-18 15:50:00-04:00,5.920000076293945,5.929999828338623,5.894999980926514,5.894999980926514,160647,0.0,0.0
2024-07-18 15:55:00-04:00,5.894999980926514,5.940000057220459,5.894999980926514,5.934999942779541,395018,0.0,0.0
2024-07-19 09:30:00-04:00,5.909999847412109,5.909999847412109,5.774099826812744,5.820000171661377,309576,0.0,0.0
2024-07-19 09:35:00-04:00,5.829999923706055,5.885000228881836,5.829999923706055,5.869999885559082,71470,0.0,0.0
2024-07-19 09:40:00-04:00,5.880000114440918,5.909999847412109,5.874899864196777,5.894999980926514,91616,0.0,0.0
2024-07-19 09:45:00-04:00,5.894999980926514,5.954999923706055,5.894999980926514,5.949999809265137,127881,0.0,0.0
2024-07-19 09:50:00-04:00,5.974999904632568,6.005000114440918,5.974999904632568,5.996600151062012,222429,0.0,0.0
2024-07-19 09:55:00-04:00,5.989999771118164,6.005000114440918,5.988999843597412,5.994999885559082,81700,0.0,0.0
2024-07-19 10:00:00-04:00,5.989999771118164,6.0,5.980000019073486,5.994999885559082,299928,0.0,0.0
2024-07-19 10:05:00-04:00,6.0,6.0,5.960000038146973,5.965000152587891,76483,0.0,0.0
2024-07-19 10:10:00-04:00,5.965000152587891,5.980000019073486,5.949999809265137,5.949999809265137,83920,0.0,0.0
2024-07-19 10:15:00-04:00,5.949999809265137,5.960000038146973,5.920000076293945,5.925000190734863,135577,0.0,0.0
2024-07-19 10:20:00-04:00,5.929999828338623,5.94980001449585,5.920000076293945,5.940000057220459,51996,0.0,0.0
2024-07-19 10:25:00-04:00,5.945000171661377,5.960000038146973,5.909999847412109,5.909999847412109,63289,0.0,0.0
2024-07-19 10:30:00-04:00,5.909999847412109,5.914999961853027,5.869999885559082,5.880000114440918,115965,0.0,0.0
2024-07-19 10:35:00-04:00,5.885000228881836,5.925000190734863,5.880000114440918,5.900100231170654,64805,0.0,0.0
2024-07-19 10:40:00-04:00,5.90500020980835,5.90500020980835,5.885000228881836,5.894999980926514,28288,0.0,0.0
2024-07-19 10:45:00-04:00,5.894999980926514,5.929999828338623,5.889999866485596,5.929999828338623,23289,0.0,0.0
2024-07-19 10:50:00-04:00,5.934999942779541,5.940000057220459,5.929999828338623,5.929999828338623,21290,0.0,0.0
2024-07-19 10:55:00-04:00,5.929999828338623,5.940000057220459,5.914999961853027,5.914999961853027,44230,0.0,0.0
2024-07-19 11:00:00-04:00,5.925000190734863,5.940000057220459,5.914999961853027,5.939899921417236,46366,0.0,0.0
2024-07-19 11:05:00-04:00,5.940000057220459,5.940000057220459,5.925000190734863,5.925000190734863,18590,0.0,0.0
2024-07-19 11:10:00-04:00,5.920000076293945,5.940000057220459,5.920000076293945,5.940000057220459,44630,0.0,0.0
2024-07-19 11:15:00-04:00,5.929999828338623,5.940000057220459,5.929999828338623,5.934999942779541,16114,0.0,0.0
2024-07-19 11:20:00-04:00,5.934999942779541,5.940000057220459,5.909999847412109,5.909999847412109,32750,0.0,0.0
2024-07-19 11:25:00-04:00,5.909999847412109,5.920000076293945,5.894999980926514,5.900000095367432,54417,0.0,0.0
2024-07-19 11:30:00-04:00,5.900000095367432,5.908899784088135,5.889999866485596,5.90500020980835,34439,0.0,0.0
2024-07-19 11:35:00-04:00,5.90500020980835,5.90500020980835,5.885000228881836,5.899099826812744,33480,0.0,0.0
2024-07-19 11:40:00-04:00,5.894999980926514,5.894999980926514,5.880000114440918,5.88730001449585,42724,0.0,0.0
2024-07-19 11:45:00-04:00,5.885000228881836,5.909999847412109,5.885000228881836,5.90500020980835,37089,0.0,0.0
2024-07-19 11:50:00-04:00,5.904699802398682,5.909999847412109,5.903200149536133,5.909200191497803,6242,0.0,0.0
2024-07-19 11:55:00-04:00,5.90500020980835,5.920000076293945,5.900000095367432,5.920000076293945,32707,0.0,0.0
2024-07-19 12:00:00-04:00,5.920000076293945,5.929999828338623,5.900000095367432,5.900000095367432,31508,0.0,0.0
2024-07-19 12:05:00-04:00,5.900000095367432,5.900000095367432,5.889999866485596,5.889999866485596,61791,0.0,0.0
2024-07-19 12:10:00-04:00,5.894999980926514,5.900000095367432,5.889999866485596,5.899899959564209,27735,0.0,0.0
2024-07-19 12:15:00-04:00,5.889999866485596,5.894999980926514,5.869999885559082,5.885000228881836,50559,0.0,0.0
2024-07-19 12:20:00-04:00,5.885000228881836,5.889900207519531,5.880000114440918,5.880000114440918,13180,0.0,0.0
2024-07-19 12:25:00-04:00,5.880000114440918,5.885000228881836,5.860000133514404,5.869999885559082,59447,0.0,0.0
2024-07-19 12:30:00-04:00,5.869999885559082,5.889999866485596,5.869999885559082,5.875,81342,0.0,0.0
2024-07-19 12:35:00-04:00,5.869999885559082,5.880199909210205,5.869999885559082,5.869999885559082,73422,0.0,0.0
2024-07-19 12:40:00-04:00,5.869999885559082,5.877999782562256,5.855000019073486,5.875,50082,0.0,0.0
2024-07-19 12:45:00-04:00,5.8769001960754395,5.880000114440918,5.869999885559082,5.880000114440918,9114,0.0,0.0
2024-07-19 12:50:00-04:00,5.875,5.889999866485596,5.860000133514404,5.885000228881836,79258,0.0,0.0
2024-07-19 12:55:00-04:00,5.880199909210205,5.90500020980835,5.880199909210205,5.900000095367432,35014,0.0,0.0
2024-07-19 13:00:00-04:00,5.894999980926514,5.900000095367432,5.885000228881836,5.894999980926514,25752,0.0,0.0
2024-07-19 13:05:00-04:00,5.894999980926514,5.900000095367432,5.889999866485596,5.894999980926514,7724,0.0,0.0
2024-07-19 13:10:00-04:00,5.894999980926514,5.900000095367432,5.880000114440918,5.880000114440918,35528,0.0,0.0
2024-07-19 13:15:00-04:00,5.885000228881836,5.900000095367432,5.880000114440918,5.894999980926514,37166,0.0,0.0
2024-07-19 13:20:00-04:00,5.894999980926514,5.900000095367432,5.885000228881836,5.894999980926514,36969,0.0,0.0
2024-07-19 13:25:00-04:00,5.889999866485596,5.897799968719482,5.880000114440918,5.885000228881836,19728,0.0,0.0
2024-07-19 13:30:00-04:00,5.885000228881836,5.900000095367432,5.880000114440918,5.894999980926514,35905,0.0,0.0
2024-07-19 13:35:00-04:00,5.889999866485596,5.919899940490723,5.889999866485596,5.919899940490723,31489,0.0,0.0
2024-07-19 13:40:00-04:00,5.914999961853027,5.929999828338623,5.909999847412109,5.920000076293945,24306,0.0,0.0
2024-07-19 13:45:00-04:00,5.925000190734863,5.929900169372559,5.920000076293945,5.925000190734863,6180,0.0,0.0
2024-07-19 13:50:00-04:00,5.925000190734863,5.925000190734863,5.900000095367432,5.900000095367432,30654,0.0,0.0
2024-07-19 13:55:00-04:00,5.900000095367432,5.920000076293945,5.900000095367432,5.914999961853027,49865,0.0,0.0
2024-07-19 14:00:00-04:00,5.914999961853027,5.920000076293945,5.90500020980835,5.90500020980835,27376,0.0,0.0
2024-07-19 14:05:00-04:00,5.90500020980835,5.915999889373779,5.900000095367432,5.914000034332275,44236,0.0,0.0
2024-07-19 14:10:00-04:00,5.909999847412109,5.909999847412109,5.890100002288818,5.909999847412109,50164,0.0,0.0
2024-07-19 14:15:00-04:00,5.90500020980835,5.920000076293945,5.900000095367432,5.900000095367432,27278,0.0,0.0
2024-07-19 14:20:00-04:00,5.90500020980835,5.909900188446045,5.894999980926514,5.909900188446045,28783,0.0,0.0
2024-07-19 14:25:00-04:00,5.90500020980835,5.90500020980835,5.880000114440918,5.880000114440918,51728,0.0,0.0
2024-07-19 14:30:00-04:00,5.880000114440918,5.885000228881836,5.869999885559082,5.869999885559082,27165,0.0,0.0
2024-07-19 14:35:00-04:00,5.875,5.885000228881836,5.869999885559082,5.879899978637695,49035,0.0,0.0
2024-07-19 14:40:00-04:00,5.875,5.880000114440918,5.860000133514404,5.869999885559082,76531,0.0,0.0
2024-07-19 14:45:00-04:00,5.864999771118164,5.869999885559082,5.860000133514404,5.860000133514404,8141,0.0,0.0
2024-07-19 14:50:00-04:00,5.875,5.885000228881836,5.869999885559082,5.885000228881836,106067,0.0,0.0
2024-07-19 14:55:00-04:00,5.875,5.880000114440918,5.869999885559082,5.875,12038,0.0,0.0
2024-07-19 15:00:00-04:00,5.875,5.900000095367432,5.875,5.894999980926514,60233,0.0,0.0
2024-07-19 15:05:00-04:00,5.894999980926514,5.900000095367432,5.885000228881836,5.894999980926514,32236,0.0,0.0
2024-07-19 15:10:00-04:00,5.894999980926514,5.900000095367432,5.889999866485596,5.894999980926514,26325,0.0,0.0
2024-07-19 15:15:00-04:00,5.894999980926514,5.894999980926514,5.880000114440918,5.885000228881836,66056,0.0,0.0
2024-07-19 15:20:00-04:00,5.889999866485596,5.900000095367432,5.885000228881836,5.894999980926514,20281,0.0,0.0
2024-07-19 15:25:00-04:00,5.894999980926514,5.909999847412109,5.889999866485596,5.894999980926514,67850,0.0,0.0
2024-07-19 15:30:00-04:00,5.900000095367432,5.900000095367432,5.880000114440918,5.880000114440918,111899,0.0,0.0
2024-07-19 15:35:00-04:00,5.880000114440918,5.885000228881836,5.864999771118164,5.869999885559082,83380,0.0,0.0
2024-07-19 15:40:00-04:00,5.875,5.909999847412109,5.860000133514404,5.909999847412109,189981,0.0,0.0
2024-07-19 15:45:00-04:00,5.90500020980835,5.920000076293945,5.869999885559082,5.869999885559082,231187,0.0,0.0
2024-07-19 15:50:00-04:00,5.875,5.880000114440918,5.864999771118164,5.869999885559082,136962,0.0,0.0
2024-07-19 15:55:00-04:00,5.875,5.889999866485596,5.860000133514404,5.880000114440918,240174,0.0,0.0
2024-07-22 09:30:00-04:00,5.900000095367432,5.96999979019165,5.900000095367432,5.920000076293945,165502,0.0,0.0
2024-07-22 09:35:00-04:00,5.920000076293945,5.980000019073486,5.900000095367432,5.965000152587891,23821,0.0,0.0
2024-07-22 09:40:00-04:00,5.965000152587891,5.989999771118164,5.965000152587891,5.989999771118164,42180,0.0,0.0
2024-07-22 09:45:00-04:00,5.989999771118164,6.0,5.949999809265137,5.949999809265137,85174,0.0,0.0
2024-07-22 09:50:00-04:00,5.940000057220459,5.949999809265137,5.929999828338623,5.949999809265137,40327,0.0,0.0
2024-07-22 09:55:00-04:00,5.949999809265137,5.949999809265137,5.914999961853027,5.920000076293945,30586,0.0,0.0
2024-07-22 10:00:00-04:00,5.925000190734863,5.940000057220459,5.909999847412109,5.920000076293945,59528,0.0,0.0
2024-07-22 10:05:00-04:00,5.914999961853027,5.929999828338623,5.90500020980835,5.920000076293945,40439,0.0,0.0
2024-07-22 10:10:00-04:00,5.920000076293945,5.974999904632568,5.920000076293945,5.974999904632568,23724,0.0,0.0
2024-07-22 10:15:00-04:00,5.974999904632568,5.980000019073486,5.929999828338623,5.940000057220459,38184,0.0,0.0
2024-07-22 10:20:00-04:00,5.940000057220459,5.945000171661377,5.925000190734863,5.934999942779541,53922,0.0,0.0
2024-07-22 10:25:00-04:00,5.940000057220459,5.949999809265137,5.909999847412109,5.914999961853027,62427,0.0,0.0
2024-07-22 10:30:00-04:00,5.910200119018555,5.940000057220459,5.900000095367432,5.934999942779541,50879,0.0,0.0
2024-07-22 10:35:00-04:00,5.940000057220459,5.949999809265137,5.925000190734863,5.948699951171875,44433,0.0,0.0
2024-07-22 10:40:00-04:00,5.949999809265137,5.96999979019165,5.940000057220459,5.945000171661377,27559,0.0,0.0
2024-07-22 10:45:00-04:00,5.940000057220459,5.945000171661377,5.925000190734863,5.925000190734863,22157,0.0,0.0
2024-07-22 10:50:00-04:00,5.925000190734863,5.940000057220459,5.920000076293945,5.934999942779541,27210,0.0,0.0
2024-07-22 10:55:00-04:00,5.938499927520752,5.946000099182129,5.934999942779541,5.934999942779541,23180,0.0,0.0
2024-07-22 11:00:00-04:00,5.929999828338623,5.949999809265137,5.929999828338623,5.940000057220459,22368,0.0,0.0
2024-07-22 11:05:00-04:00,5.945000171661377,5.949999809265137,5.914999961853027,5.914999961853027,33588,0.0,0.0
2024-07-22 11:10:00-04:00,5.914999961853027,5.940000057220459,5.914999961853027,5.925000190734863,24706,0.0,0.0
2024-07-22 11:15:00-04:00,5.920000076293945,5.920000076293945,5.900000095367432,5.900000095367432,28289,0.0,0.0
2024-07-22 11:20:00-04:00,5.90500020980835,5.90500020980835,5.869999885559082,5.869999885559082,51763,0.0,0.0
2024-07-22 11:25:00-04:00,5.869999885559082,5.879899978637695,5.860000133514404,5.860000133514404,35929,0.0,0.0
2024-07-22 11:30:00-04:00,5.864999771118164,5.869999885559082,5.860000133514404,5.864999771118164,8851,0.0,0.0
2024-07-22 11:35:00-04:00,5.875,5.875,5.864999771118164,5.875,44167,0.0,0.0
2024-07-22 11:40:00-04:00,5.875,5.880000114440918,5.860000133514404,5.875,26049,0.0,0.0
2024-07-22 11:45:00-04:00,5.875,5.889999866485596,5.864999771118164,5.885000228881836,37543,0.0,0.0
2024-07-22 11:50:00-04:00,5.880000114440918,5.885000228881836,5.864999771118164,5.864999771118164,36272,0.0,0.0
2024-07-22 11:55:00-04:00,5.869999885559082,5.875,5.860000133514404,5.860000133514404,14237,0.0,0.0
2024-07-22 12:00:00-04:00,5.860000133514404,5.880000114440918,5.860000133514404,5.864999771118164,11207,0.0,0.0
2024-07-22 12:05:00-04:00,5.860099792480469,5.885000228881836,5.860000133514404,5.880000114440918,17906,0.0,0.0
2024-07-22 12:10:00-04:00,5.880000114440918,5.8850998878479,5.869999885559082,5.87060022354126,34398,0.0,0.0
2024-07-22 12:15:00-04:00,5.8730998039245605,5.889999866485596,5.869999885559082,5.885000228881836,12919,0.0,0.0
2024-07-22 12:20:00-04:00,5.885000228881836,5.889999866485596,5.885000228881836,5.885000228881836,3594,0.0,0.0
2024-07-22 12:25:00-04:00,5.888800144195557,5.888800144195557,5.860000133514404,5.860000133514404,30659,0.0,0.0
2024-07-22 12:30:00-04:00,5.860000133514404,5.864999771118164,5.849999904632568,5.860000133514404,49242,0.0,0.0
2024-07-22 12:35:00-04:00,5.860000133514404,5.880000114440918,5.855000019073486,5.875,10957,0.0,0.0
2024-07-22 12:40:00-04:00,5.875,5.880000114440918,5.840000152587891,5.840000152587891,315719,0.0,0.0
2024-07-22 12:45:00-04:00,5.840000152587891,5.840000152587891,5.829999923706055,5.835000038146973,19953,0.0,0.0
2024-07-22 12:50:00-04:00,5.835000038146973,5.840000152587891,5.824999809265137,5.824999809265137,44177,0.0,0.0
2024-07-22 12:55:00-04:00,5.820000171661377,5.829999923706055,5.809999942779541,5.809999942779541,17384,0.0,0.0
2024-07-22 13:00:00-04:00,5.815000057220459,5.835299968719482,5.809999942779541,5.835299968719482,15698,0.0,0.0
2024-07-22 13:05:00-04:00,5.835000038146973,5.840000152587891,5.835000038146973,5.835000038146973,9630,0.0,0.0
2024-07-22 13:10:00-04:00,5.829999923706055,5.840000152587891,5.829999923706055,5.840000152587891,17994,0.0,0.0
2024-07-22 13:15:00-04:00,5.838500022888184,5.839900016784668,5.829999923706055,5.835000038146973,5468,0.0,0.0
2024-07-22 13:20:00-04:00,5.835000038146973,5.835000038146973,5.815000057220459,5.824999809265137,53729,0.0,0.0
2024-07-22 13:25:00-04:00,5.824100017547607,5.829999923706055,5.820000171661377,5.829999923706055,18517,0.0,0.0
2024-07-22 13:30:00-04:00,5.824999809265137,5.840000152587891,5.822000026702881,5.835000038146973,46866,0.0,0.0
2024-07-22 13:35:00-04:00,5.829999923706055,5.840000152587891,5.809999942779541,5.835000038146973,67919,0.0,0.0
2024-07-22 13:40:00-04:00,5.835000038146973,5.840000152587891,5.829999923706055,5.840000152587891,15431,0.0,0.0
2024-07-22 13:45:00-04:00,5.835000038146973,5.84499979019165,5.829999923706055,5.835000038146973,54464,0.0,0.0
2024-07-22 13:50:00-04:00,5.840000152587891,5.840000152587891,5.833899974822998,5.835000038146973,5321,0.0,0.0
2024-07-22 13:55:00-04:00,5.836900234222412,5.848800182342529,5.829999923706055,5.848800182342529,71673,0.0,0.0
2024-07-22 14:00:00-04:00,5.840000152587891,5.84499979019165,5.820000171661377,5.820000171661377,32782,0.0,0.0
2024-07-22 14:05:00-04:00,5.828499794006348,5.835000038146973,5.820000171661377,5.835000038146973,14347,0.0,0.0
2024-07-22 14:10:00-04:00,5.835000038146973,5.840000152587891,5.829999923706055,5.835000038146973,24104,0.0,0.0
2024-07-22 14:15:00-04:00,5.840000152587891,5.840000152587891,5.824999809265137,5.829899787902832,20103,0.0,0.0
2024-07-22 14:20:00-04:00,5.829999923706055,5.829999923706055,5.820199966430664,5.829999923706055,6862,0.0,0.0
2024-07-22 14:25:00-04:00,5.824999809265137,5.829999923706055,5.820000171661377,5.820000171661377,8667,0.0,0.0
2024-07-22 14:30:00-04:00,5.823200225830078,5.840000152587891,5.820000171661377,5.839900016784668,39589,0.0,0.0
2024-07-22 14:35:00-04:00,5.835000038146973,5.840000152587891,5.820000171661377,5.840000152587891,41142,0.0,0.0
2024-07-22 14:40:00-04:00,5.840000152587891,5.840000152587891,5.820000171661377,5.828800201416016,31611,0.0,0.0
2024-07-22 14:45:00-04:00,5.824999809265137,5.840000152587891,5.820000171661377,5.835000038146973,15457,0.0,0.0
2024-07-22 14:50:00-04:00,5.835000038146973,5.84499979019165,5.829999923706055,5.840000152587891,53715,0.0,0.0
2024-07-22 14:55:00-04:00,5.840000152587891,5.840000152587891,5.829999923706055,5.834799766540527,43894,0.0,0.0
2024-07-22 15:00:00-04:00,5.835000038146973,5.840000152587891,5.829999923706055,5.840000152587891,58301,0.0,0.0
2024-07-22 15:05:00-04:00,5.840000152587891,5.840000152587891,5.829999923706055,5.835000038146973,42729,0.0,0.0
2024-07-22 15:10:00-04:00,5.829999923706055,5.840000152587891,5.809999942779541,5.829999923706055,117278,0.0,0.0
2024-07-22 15:15:00-04:00,5.829999923706055,5.840000152587891,5.820099830627441,5.829999923706055,94062,0.0,0.0
2024-07-22 15:20:00-04:00,5.835000038146973,5.840000152587891,5.829999923706055,5.835000038146973,104167,0.0,0.0
2024-07-22 15:25:00-04:00,5.835000038146973,5.840000152587891,5.829999923706055,5.835000038146973,182467,0.0,0.0
2024-07-22 15:30:00-04:00,5.835000038146973,5.840000152587891,5.820000171661377,5.835000038146973,92565,0.0,0.0
2024-07-22 15:35:00-04:00,5.829999923706055,5.84499979019165,5.829999923706055,5.835000038146973,311091,0.0,0.0
2024-07-22 15:40:00-04:00,5.835000038146973,5.849999904632568,5.835000038146973,5.84499979019165,129179,0.0,0.0
2024-07-22 15:45:00-04:00,5.840000152587891,5.849999904632568,5.840000152587891,5.849999904632568,280786,0.0,0.0
2024-07-22 15:50:00-04:00,5.849999904632568,5.855000019073486,5.820000171661377,5.820000171661377,539282,0.0,0.0
2024-07-22 15:55:00-04:00,5.820000171661377,5.840000152587891,5.820000171661377,5.840000152587891,266732,0.0,0.0
2024-07-23 09:30:00-04:00,5.860000133514404,5.880000114440918,5.815000057220459,5.824999809265137,88412,0.0,0.0
2024-07-23 09:35:00-04:00,5.829999923706055,5.84499979019165,5.800000190734863,5.815100193023682,32438,0.0,0.0
2024-07-23 09:40:00-04:00,5.820000171661377,5.860000133514404,5.809999942779541,5.824999809265137,180784,0.0,0.0
2024-07-23 09:45:00-04:00,5.820000171661377,5.835000038146973,5.769999980926514,5.809999942779541,137274,0.0,0.0
2024-07-23 09:50:00-04:00,5.809999942779541,5.820000171661377,5.764999866485596,5.769999980926514,51309,0.0,0.0
2024-07-23 09:55:00-04:00,5.773499965667725,5.800000190734863,5.760000228881836,5.800000190734863,112236,0.0,0.0
2024-07-23 10:00:00-04:00,5.790299892425537,5.824999809265137,5.789999961853027,5.810100078582764,68867,0.0,0.0
2024-07-23 10:05:00-04:00,5.819499969482422,5.849999904632568,5.804999828338623,5.829999923706055,81465,0.0,0.0
2024-07-23 10:10:00-04:00,5.829999923706055,5.829999923706055,5.815000057220459,5.820000171661377,62853,0.0,0.0
2024-07-23 10:15:00-04:00,5.824999809265137,5.829999923706055,5.800000190734863,5.804999828338623,63577,0.0,0.0
2024-07-23 10:20:00-04:00,5.804999828338623,5.824999809265137,5.800000190734863,5.809999942779541,94504,0.0,0.0
2024-07-23 10:25:00-04:00,5.809999942779541,5.829999923706055,5.809999942779541,5.815000057220459,60653,0.0,0.0
2024-07-23 10:30:00-04:00,5.820000171661377,5.829999923706055,5.815000057220459,5.820000171661377,65957,0.0,0.0
2024-07-23 10:35:00-04:00,5.820000171661377,5.840000152587891,5.820000171661377,5.824999809265137,256537,0.0,0.0
2024-07-23 10:40:00-04:00,5.824999809265137,5.829999923706055,5.809999942779541,5.829999923706055,70762,0.0,0.0
2024-07-23 10:45:00-04:00,5.824999809265137,5.840000152587891,5.809999942779541,5.820000171661377,61480,0.0,0.0
2024-07-23 10:50:00-04:00,5.809999942779541,5.820000171661377,5.789999961853027,5.795000076293945,35391,0.0,0.0
2024-07-23 10:55:00-04:00,5.800000190734863,5.809999942779541,5.789999961853027,5.795000076293945,88312,0.0,0.0
2024-07-23 11:00:00-04:00,5.79010009765625,5.800000190734863,5.789999961853027,5.795000076293945,29938,0.0,0.0
2024-07-23 11:05:00-04:00,5.789999961853027,5.820000171661377,5.789999961853027,5.820000171661377,25134,0.0,0.0
2024-07-23 11:10:00-04:00,5.819200038909912,5.829999923706055,5.809999942779541,5.829999923706055,45396,0.0,0.0
2024-07-23 11:15:00-04:00,5.829999923706055,5.829999923706055,5.820000171661377,5.824999809265137,16257,0.0,0.0
2024-07-23 11:20:00-04:00,5.820000171661377,5.824999809265137,5.809999942779541,5.820000171661377,23010,0.0,0.0
2024-07-23 11:25:00-04:00,5.809999942779541,5.824999809265137,5.809999942779541,5.820000171661377,26963,0.0,0.0
2024-07-23 11:30:00-04:00,5.815000057220459,5.824999809265137,5.804999828338623,5.824999809265137,15961,0.0,0.0
2024-07-23 11:35:00-04:00,5.829999923706055,5.829999923706055,5.820000171661377,5.820000171661377,10399,0.0,0.0
2024-07-23 11:40:00-04:00,5.829999923706055,5.829999923706055,5.820000171661377,5.829999923706055,36291,0.0,0.0
2024-07-23 11:45:00-04:00,5.829999923706055,5.829999923706055,5.820000171661377,5.820400238037109,12158,0.0,0.0
2024-07-23 11:50:00-04:00,5.824999809265137,5.829999923706055,5.811999797821045,5.829999923706055,37352,0.0,0.0
2024-07-23 11:55:00-04:00,5.820099830627441,5.840000152587891,5.820099830627441,5.824999809265137,31123,0.0,0.0
2024-07-23 12:00:00-04:00,5.829999923706055,5.840000152587891,5.824999809265137,5.835000038146973,113200,0.0,0.0
2024-07-23 12:05:00-04:00,5.835000038146973,5.849999904632568,5.835000038146973,5.84499979019165,403845,0.0,0.0
2024-07-23 12:10:00-04:00,5.84499979019165,5.900000095367432,5.84499979019165,5.869999885559082,284121,0.0,0.0
2024-07-23 12:15:00-04:00,5.880000114440918,5.880000114440918,5.860000133514404,5.864999771118164,86241,0.0,0.0
2024-07-23 12:20:00-04:00,5.864999771118164,5.869999885559082,5.840000152587891,5.84499979019165,39582,0.0,0.0
2024-07-23 12:25:00-04:00,5.84499979019165,5.860000133514404,5.840000152587891,5.855000019073486,53616,0.0,0.0
2024-07-23 12:30:00-04:00,5.855000019073486,5.867499828338623,5.849999904632568,5.867499828338623,38015,0.0,0.0
2024-07-23 12:35:00-04:00,5.860000133514404,5.869999885559082,5.855000019073486,5.864999771118164,50316,0.0,0.0
2024-07-23 12:40:00-04:00,5.864999771118164,5.869999885559082,5.860000133514404,5.869999885559082,135862,0.0,0.0
2024-07-23 12:45:00-04:00,5.864999771118164,5.880000114440918,5.864999771118164,5.875,240170,0.0,0.0
2024-07-23 12:50:00-04:00,5.869999885559082,5.880000114440918,5.869999885559082,5.869999885559082,184374,0.0,0.0
2024-07-23 12:55:00-04:00,5.869999885559082,5.875,5.864999771118164,5.869999885559082,50865,0.0,0.0
2024-07-23 13:00:00-04:00,5.864999771118164,5.875,5.860000133514404,5.869999885559082,39770,0.0,0.0
2024-07-23 13:05:00-04:00,5.864999771118164,5.880000114440918,5.860000133514404,5.875,124210,0.0,0.0
2024-07-23 13:10:00-04:00,5.875,5.879899978637695,5.869999885559082,5.869999885559082,99446,0.0,0.0
2024-07-23 13:15:00-04:00,5.875,5.875,5.869999885559082,5.875,8476,0.0,0.0
2024-07-23 13:20:00-04:00,5.875,5.880000114440918,5.860000133514404,5.860000133514404,29588,0.0,0.0
2024-07-23 13:25:00-04:00,5.860000133514404,5.869999885559082,5.849999904632568,5.860000133514404,36670,0.0,0.0
2024-07-23 13:30:00-04:00,5.860000133514404,5.869999885559082,5.840000152587891,5.840000152587891,53895,0.0,0.0
2024-07-23 13:35:00-04:00,5.84499979019165,5.849999904632568,5.824999809265137,5.849999904632568,81095,0.0,0.0
2024-07-23 13:40:00-04:00,5.855000019073486,5.855000019073486,5.829999923706055,5.849999904632568,47156,0.0,0.0
2024-07-23 13:45:00-04:00,5.84499979019165,5.860000133514404,5.840000152587891,5.849999904632568,31767,0.0,0.0
2024-07-23 13:50:00-04:00,5.855000019073486,5.855000019073486,5.840000152587891,5.849999904632568,16705,0.0,0.0
2024-07-23 13:55:00-04:00,5.849999904632568,5.860000133514404,5.84499979019165,5.860000133514404,22094,0.0,0.0
2024-07-23 14:00:00-04:00,5.855000019073486,5.860000133514404,5.855000019073486,5.855000019073486,12938,0.0,0.0
2024-07-23 14:05:00-04:00,5.855000019073486,5.869999885559082,5.851500034332275,5.864999771118164,38303,0.0,0.0
2024-07-23 14:10:00-04:00,5.864999771118164,5.869999885559082,5.849999904632568,5.855000019073486,36835,0.0,0.0
2024-07-23 14:15:00-04:00,5.860000133514404,5.864999771118164,5.855000019073486,5.860000133514404,80685,0.0,0.0
2024-07-23 14:20:00-04:00,5.855000019073486,5.860000133514404,5.849999904632568,5.855000019073486,7328,0.0,0.0
2024-07-23 14:25:00-04:00,5.849999904632568,5.860000133514404,5.840000152587891,5.849999904632568,51921,0.0,0.0
2024-07-23 14:30:00-04:00,5.849999904632568,5.860000133514404,5.849999904632568,5.860000133514404,19539,0.0,0.0
2024-07-23 14:35:00-04:00,5.849999904632568,5.869999885559082,5.849999904632568,5.864999771118164,69100,0.0,0.0
2024-07-23 14:40:00-04:00,5.864999771118164,5.875,5.860000133514404,5.869999885559082,131210,0.0,0.0
2024-07-23 14:45:00-04:00,5.864999771118164,5.900000095367432,5.860000133514404,5.885000228881836,217067,0.0,0.0
2024-07-23 14:50:00-04:00,5.889999866485596,5.889999866485596,5.880000114440918,5.885000228881836,112104,0.0,0.0
2024-07-23 14:55:00-04:00,5.885000228881836,5.889999866485596,5.880000114440918,5.885000228881836,24345,0.0,0.0
2024-07-23 15:00:00-04:00,5.885000228881836,5.889999866485596,5.880000114440918,5.885000228881836,61451,0.0,0.0
2024-07-23 15:05:00-04:00,5.885000228881836,5.889999866485596,5.875,5.885000228881836,159376,0.0,0.0
2024-07-23 15:10:00-04:00,5.885000228881836,5.900000095367432,5.880000114440918,5.889999866485596,195728,0.0,0.0
2024-07-23 15:15:00-04:00,5.894999980926514,5.894999980926514,5.880000114440918,5.885000228881836,152510,0.0,0.0
2024-07-23 15:20:00-04:00,5.885000228881836,5.889999866485596,5.885000228881836,5.885000228881836,66510,0.0,0.0
2024-07-23 15:25:00-04:00,5.885000228881836,5.894999980926514,5.880300045013428,5.885000228881836,154238,0.0,0.0
2024-07-23 15:30:00-04:00,5.885000228881836,5.889999866485596,5.869999885559082,5.875,73938,0.0,0.0
2024-07-23 15:35:00-04:00,5.875,5.880000114440918,5.869999885559082,5.880000114440918,184158,0.0,0.0
2024-07-23 15:40:00-04:00,5.880000114440918,5.889999866485596,5.869999885559082,5.880000114440918,388666,0.0,0.0
2024-07-23 15:45:00-04:00,5.885000228881836,5.889999866485596,5.849999904632568,5.860000133514404,266709,0.0,0.0
2024-07-23 15:50:00-04:00,5.864999771118164,5.878699779510498,5.840000152587891,5.84499979019165,281545,0.0,0.0
2024-07-23 15:55:00-04:00,5.84499979019165,5.860000133514404,5.831999778747559,5.835000038146973,439064,0.0,0.0
2024-07-24 09:30:00-04:00,5.820000171661377,5.835000038146973,5.78000020980835,5.809500217437744,116724,0.0,0.0
2024-07-24 09:35:00-04:00,5.800000190734863,5.840000152587891,5.800000190734863,5.829999923706055,46664,0.0,0.0
2024-07-24 09:40:00-04:00,5.824999809265137,5.849999904632568,5.789999961853027,5.799699783325195,67361,0.0,0.0
2024-07-24 09:45:00-04:00,5.798799991607666,5.809999942779541,5.78000020980835,5.789999961853027,75433,0.0,0.0
2024-07-24 09:50:00-04:00,5.784999847412109,5.789999961853027,5.769999980926514,5.771399974822998,57717,0.0,0.0
2024-07-24 09:55:00-04:00,5.775000095367432,5.775000095367432,5.71999979019165,5.75,109817,0.0,0.0
2024-07-24 10:00:00-04:00,5.760000228881836,5.784999847412109,5.75,5.764900207519531,67240,0.0,0.0
2024-07-24 10:05:00-04:00,5.764999866485596,5.78000020980835,5.75,5.78000020980835,109152,0.0,0.0
2024-07-24 10:10:00-04:00,5.78000020980835,5.800000190734863,5.764999866485596,5.784999847412109,91429,0.0,0.0
2024-07-24 10:15:00-04:00,5.78000020980835,5.800000190734863,5.78000020980835,5.780200004577637,42433,0.0,0.0
2024-07-24 10:20:00-04:00,5.78000020980835,5.795000076293945,5.769999980926514,5.78000020980835,35622,0.0,0.0
2024-07-24 10:25:00-04:00,5.775000095367432,5.815000057220459,5.775000095367432,5.809999942779541,89968,0.0,0.0
2024-07-24 10:30:00-04:00,5.809999942779541,5.820000171661377,5.800000190734863,5.800000190734863,57446,0.0,0.0
2024-07-24 10:35:00-04:00,5.800000190734863,5.809999942779541,5.789999961853027,5.800000190734863,33134,0.0,0.0
2024-07-24 10:40:00-04:00,5.795000076293945,5.795000076293945,5.769999980926514,5.789999961853027,84555,0.0,0.0
2024-07-24 10:45:00-04:00,5.784999847412109,5.789999961853027,5.760000228881836,5.769999980926514,44953,0.0,0.0
2024-07-24 10:50:00-04:00,5.769999980926514,5.794300079345703,5.760000228881836,5.789999961853027,45652,0.0,0.0
2024-07-24 10:55:00-04:00,5.788000106811523,5.789999961853027,5.760000228881836,5.769999980926514,33757,0.0,0.0
2024-07-24 11:00:00-04:00,5.769999980926514,5.78000020980835,5.760000228881836,5.764999866485596,29426,0.0,0.0
2024-07-24 11:05:00-04:00,5.760000228881836,5.760000228881836,5.75,5.755000114440918,16166,0.0,0.0
2024-07-24 11:10:00-04:00,5.755000114440918,5.760000228881836,5.739999771118164,5.755000114440918,62064,0.0,0.0
2024-07-24 11:15:00-04:00,5.760000228881836,5.760000228881836,5.739999771118164,5.760000228881836,40836,0.0,0.0
2024-07-24 11:20:00-04:00,5.75,5.760000228881836,5.75,5.755000114440918,3810,0.0,0.0
2024-07-24 11:25:00-04:00,5.760000228881836,5.78000020980835,5.75,5.78000020980835,34772,0.0,0.0
2024-07-24 11:30:00-04:00,5.770999908447266,5.78000020980835,5.769999980926514,5.78000020980835,14994,0.0,0.0
2024-07-24 11:35:00-04:00,5.779900074005127,5.789999961853027,5.775000095367432,5.789999961853027,10824,0.0,0.0
2024-07-24 11:40:00-04:00,5.784999847412109,5.784999847412109,5.769999980926514,5.775000095367432,32895,0.0,0.0
2024-07-24 11:45:00-04:00,5.769999980926514,5.769999980926514,5.739999771118164,5.75,40847,0.0,0.0
2024-07-24 11:50:00-04:00,5.760000228881836,5.764999866485596,5.759900093078613,5.764999866485596,6257,0.0,0.0
2024-07-24 11:55:00-04:00,5.764999866485596,5.776000022888184,5.75,5.75,27722,0.0,0.0
2024-07-24 12:00:00-04:00,5.755000114440918,5.760000228881836,5.750100135803223,5.755000114440918,10781,0.0,0.0
2024-07-24 12:05:00-04:00,5.755000114440918,5.755000114440918,5.734000205993652,5.744999885559082,48329,0.0,0.0
2024-07-24 12:10:00-04:00,5.744999885559082,5.75,5.730000019073486,5.730000019073486,24321,0.0,0.0
2024-07-24 12:15:00-04:00,5.735000133514404,5.75,5.735000133514404,5.75,114676,0.0,0.0
2024-07-24 12:20:00-04:00,5.744999885559082,5.755000114440918,5.699999809265137,5.704999923706055,282620,0.0,0.0
2024-07-24 12:25:00-04:00,5.704999923706055,5.710000038146973,5.679999828338623,5.695000171661377,71938,0.0,0.0
2024-07-24 12:30:00-04:00,5.699999809265137,5.710000038146973,5.690000057220459,5.699999809265137,49030,0.0,0.0
2024-07-24 12:35:00-04:00,5.710000038146973,5.710000038146973,5.699999809265137,5.704999923706055,33774,0.0,0.0
2024-07-24 12:40:00-04:00,5.704999923706055,5.710000038146973,5.690000057220459,5.699900150299072,46982,0.0,0.0
2024-07-24 12:45:00-04:00,5.695000171661377,5.71999979019165,5.679999828338623,5.71999979019165,37218,0.0,0.0
2024-07-24 12:50:00-04:00,5.710100173950195,5.71999979019165,5.710000038146973,5.715000152587891,9928,0.0,0.0
2024-07-24 12:55:00-04:00,5.715000152587891,5.730000019073486,5.715000152587891,5.724999904632568,33071,0.0,0.0
2024-07-24 13:00:00-04:00,5.724999904632568,5.735000133514404,5.710000038146973,5.715000152587891,22578,0.0,0.0
2024-07-24 13:05:00-04:00,5.715000152587891,5.724999904632568,5.710000038146973,5.715000152587891,37963,0.0,0.0
2024-07-24 13:10:00-04:00,5.71999979019165,5.730000019073486,5.715000152587891,5.724999904632568,23512,0.0,0.0
2024-07-24 13:15:00-04:00,5.724999904632568,5.730000019073486,5.715000152587891,5.724999904632568,12892,0.0,0.0
2024-07-24 13:20:00-04:00,5.71999979019165,5.730000019073486,5.71999979019165,5.729800224304199,34695,0.0,0.0
2024-07-24 13:25:00-04:00,5.724999904632568,5.730000019073486,5.71999979019165,5.730000019073486,5183,0.0,0.0
2024-07-24 13:30:00-04:00,5.724999904632568,5.744999885559082,5.724999904632568,5.744999885559082,36145,0.0,0.0
2024-07-24 13:35:00-04:00,5.744999885559082,5.769999980926514,5.744999885559082,5.760799884796143,80982,0.0,0.0
2024-07-24 13:40:00-04:00,5.769999980926514,5.769999980926514,5.75,5.755000114440918,61272,0.0,0.0
2024-07-24 13:45:00-04:00,5.755000114440918,5.760000228881836,5.75,5.755000114440918,12541,0.0,0.0
2024-07-24 13:50:00-04:00,5.75,5.755000114440918,5.735000133514404,5.735000133514404,30502,0.0,0.0
2024-07-24 13:55:00-04:00,5.735000133514404,5.744999885559082,5.724999904632568,5.744999885559082,41303,0.0,0.0
2024-07-24 14:00:00-04:00,5.75,5.75,5.730000019073486,5.739999771118164,68631,0.0,0.0
2024-07-24 14:05:00-04:00,5.744999885559082,5.760000228881836,5.744999885559082,5.755000114440918,6907,0.0,0.0
2024-07-24 14:10:00-04:00,5.760000228881836,5.760000228881836,5.744800090789795,5.744999885559082,18059,0.0,0.0
2024-07-24 14:15:00-04:00,5.75,5.760000228881836,5.75,5.755000114440918,14571,0.0,0.0
2024-07-24 14:20:00-04:00,5.755000114440918,5.755000114440918,5.739999771118164,5.744999885559082,32642,0.0,0.0
2024-07-24 14:25:00-04:00,5.744999885559082,5.755000114440918,5.739999771118164,5.744999885559082,23433,0.0,0.0
2024-07-24 14:30:00-04:00,5.744999885559082,5.75,5.739999771118164,5.744999885559082,9006,0.0,0.0
2024-07-24 14:35:00-04:00,5.739999771118164,5.739999771118164,5.710100173950195,5.710100173950195,38306,0.0,0.0
2024-07-24 14:40:00-04:00,5.71619987487793,5.71999979019165,5.690000057220459,5.699900150299072,45574,0.0,0.0
2024-07-24 14:45:00-04:00,5.695000171661377,5.695000171661377,5.679999828338623,5.679999828338623,27570,0.0,0.0
2024-07-24 14:50:00-04:00,5.684999942779541,5.684999942779541,5.659999847412109,5.664999961853027,194133,0.0,0.0
2024-07-24 14:55:00-04:00,5.664999961853027,5.679999828338623,5.659999847412109,5.675000190734863,29047,0.0,0.0
2024-07-24 15:00:00-04:00,5.675000190734863,5.677499771118164,5.659999847412109,5.664999961853027,43483,0.0,0.0
2024-07-24 15:05:00-04:00,5.659999847412109,5.670000076293945,5.639999866485596,5.664999961853027,200723,0.0,0.0
2024-07-24 15:10:00-04:00,5.664999961853027,5.670000076293945,5.659999847412109,5.664999961853027,35747,0.0,0.0
2024-07-24 15:15:00-04:00,5.664999961853027,5.670000076293945,5.650000095367432,5.650899887084961,56281,0.0,0.0
2024-07-24 15:20:00-04:00,5.650000095367432,5.659999847412109,5.639999866485596,5.644999980926514,65010,0.0,0.0
2024-07-24 15:25:00-04:00,5.644999980926514,5.650000095367432,5.639999866485596,5.644999980926514,57472,0.0,0.0
2024-07-24 15:30:00-04:00,5.644999980926514,5.679999828338623,5.639999866485596,5.644999980926514,165179,0.0,0.0
2024-07-24 15:35:00-04:00,5.644999980926514,5.65500020980835,5.630000114440918,5.650000095367432,148305,0.0,0.0
2024-07-24 15:40:00-04:00,5.650000095367432,5.659999847412109,5.639999866485596,5.644999980926514,122516,0.0,0.0
2024-07-24 15:45:00-04:00,5.644999980926514,5.650000095367432,5.614999771118164,5.650000095367432,194355,0.0,0.0
2024-07-24 15:50:00-04:00,5.650000095367432,5.650000095367432,5.639999866485596,5.639999866485596,179416,0.0,0.0
2024-07-24 15:55:00-04:00,5.635000228881836,5.639999866485596,5.599999904632568,5.610000133514404,465258,0.0,0.0
2024-07-25 09:30:00-04:00,5.539999961853027,5.579999923706055,5.494999885559082,5.539700031280518,388481,0.0,0.0
2024-07-25 09:35:00-04:00,5.539999961853027,5.550000190734863,5.53000020980835,5.539999961853027,107266,0.0,0.0
2024-07-25 09:40:00-04:00,5.53000020980835,5.550000190734863,5.510000228881836,5.545000076293945,151015,0.0,0.0
2024-07-25 09:45:00-04:00,5.550000190734863,5.550000190734863,5.519999980926514,5.53000020980835,117280,0.0,0.0
2024-07-25 09:50:00-04:00,5.53000020980835,5.539999961853027,5.510000228881836,5.514999866485596,58663,0.0,0.0
2024-07-25 09:55:00-04:00,5.519800186157227,5.519999980926514,5.46999979019165,5.509900093078613,145843,0.0,0.0
2024-07-25 10:00:00-04:00,5.505000114440918,5.510000228881836,5.440000057220459,5.440000057220459,110302,0.0,0.0
2024-07-25 10:05:00-04:00,5.454999923706055,5.460000038146973,5.400899887084961,5.412499904632568,103005,0.0,0.0
2024-07-25 10:10:00-04:00,5.420000076293945,5.429999828338623,5.380000114440918,5.400000095367432,325162,0.0,0.0
2024-07-25 10:15:00-04:00,5.40500020980835,5.429999828338623,5.394999980926514,5.420000076293945,510062,0.0,0.0
2024-07-25 10:20:00-04:00,5.425000190734863,5.46999979019165,5.409999847412109,5.46999979019165,388658,0.0,0.0
2024-07-25 10:25:00-04:00,5.465000152587891,5.539999961853027,5.465000152587891,5.534999847412109,69972,0.0,0.0
2024-07-25 10:30:00-04:00,5.53000020980835,5.53000020980835,5.489999771118164,5.5,60926,0.0,0.0
2024-07-25 10:35:00-04:00,5.490900039672852,5.505000114440918,5.454999923706055,5.485000133514404,48529,0.0,0.0
2024-07-25 10:40:00-04:00,5.485000133514404,5.518799781799316,5.46999979019165,5.510000228881836,29610,0.0,0.0
2024-07-25 10:45:00-04:00,5.514999866485596,5.53000020980835,5.474999904632568,5.494999885559082,87533,0.0,0.0
2024-07-25 10:50:00-04:00,5.494999885559082,5.519999980926514,5.494999885559082,5.514999866485596,101537,0.0,0.0
2024-07-25 10:55:00-04:00,5.514999866485596,5.514999866485596,5.5,5.505000114440918,217870,0.0,0.0
2024-07-25 11:00:00-04:00,5.505000114440918,5.525000095367432,5.465000152587891,5.46999979019165,315914,0.0,0.0
2024-07-25 11:05:00-04:00,5.454999923706055,5.5,5.454999923706055,5.494999885559082,85397,0.0,0.0
2024-07-25 11:10:00-04:00,5.494999885559082,5.510000228881836,5.490099906921387,5.505000114440918,137366,0.0,0.0
2024-07-25 11:15:00-04:00,5.505000114440918,5.519999980926514,5.494999885559082,5.494999885559082,238566,0.0,0.0
2024-07-25 11:20:00-04:00,5.5,5.505000114440918,5.480000019073486,5.494999885559082,38466,0.0,0.0
2024-07-25 11:25:00-04:00,5.489999771118164,5.496500015258789,5.480000019073486,5.485000133514404,20535,0.0,0.0
2024-07-25 11:30:00-04:00,5.489999771118164,5.510000228881836,5.481200218200684,5.510000228881836,45136,0.0,0.0
2024-07-25 11:35:00-04:00,5.505000114440918,5.510000228881836,5.480000019073486,5.494999885559082,177021,0.0,0.0
2024-07-25 11:40:00-04:00,5.494999885559082,5.525000095367432,5.489999771118164,5.510000228881836,116502,0.0,0.0
2024-07-25 11:45:00-04:00,5.514999866485596,5.519999980926514,5.510000228881836,5.519999980926514,33245,0.0,0.0
2024-07-25 11:50:00-04:00,5.519999980926514,5.550000190734863,5.519999980926514,5.545000076293945,106248,0.0,0.0
2024-07-25 11:55:00-04:00,5.545000076293945,5.559999942779541,5.542099952697754,5.559999942779541,189238,0.0,0.0
2024-07-25 12:00:00-04:00,5.554999828338623,5.556000232696533,5.539999961853027,5.545000076293945,127805,0.0,0.0
2024-07-25 12:05:00-04:00,5.545000076293945,5.570000171661377,5.534999847412109,5.565000057220459,207329,0.0,0.0
2024-07-25 12:10:00-04:00,5.570000171661377,5.590000152587891,5.559999942779541,5.589099884033203,108575,0.0,0.0
2024-07-25 12:15:00-04:00,5.585000038146973,5.610000133514404,5.579999923706055,5.605000019073486,35858,0.0,0.0
2024-07-25 12:20:00-04:00,5.605000019073486,5.610000133514404,5.59499979019165,5.59499979019165,47535,0.0,0.0
2024-07-25 12:25:00-04:00,5.59499979019165,5.59499979019165,5.579999923706055,5.585000038146973,36193,0.0,0.0
2024-07-25 12:30:00-04:00,5.589900016784668,5.610000133514404,5.585000038146973,5.605000019073486,45611,0.0,0.0
2024-07-25 12:35:00-04:00,5.605000019073486,5.610000133514404,5.599999904632568,5.605000019073486,13969,0.0,0.0
2024-07-25 12:40:00-04:00,5.605000019073486,5.605000019073486,5.590000152587891,5.59499979019165,36127,0.0,0.0
2024-07-25 12:45:00-04:00,5.59499979019165,5.599699974060059,5.571400165557861,5.571400165557861,51464,0.0,0.0
2024-07-25 12:50:00-04:00,5.574999809265137,5.579599857330322,5.570000171661377,5.574999809265137,9304,0.0,0.0
2024-07-25 12:55:00-04:00,5.574999809265137,5.574999809265137,5.559999942779541,5.559999942779541,32674,0.0,0.0
2024-07-25 13:00:00-04:00,5.565000057220459,5.570000171661377,5.559999942779541,5.565000057220459,204669,0.0,0.0
2024-07-25 13:05:00-04:00,5.559999942779541,5.570000171661377,5.550000190734863,5.559999942779541,87164,0.0,0.0
2024-07-25 13:10:00-04:00,5.565000057220459,5.569900035858154,5.546199798583984,5.550000190734863,151796,0.0,0.0
2024-07-25 13:15:00-04:00,5.550000190734863,5.550000190734863,5.539999961853027,5.545000076293945,7758,0.0,0.0
2024-07-25 13:20:00-04:00,5.550000190734863,5.550000190734863,5.519999980926514,5.525000095367432,48905,0.0,0.0
2024-07-25 13:25:00-04:00,5.520999908447266,5.52839994430542,5.519999980926514,5.52839994430542,8407,0.0,0.0
2024-07-25 13:30:00-04:00,5.523799896240234,5.539999961853027,5.514999866485596,5.539999961853027,79756,0.0,0.0
2024-07-25 13:35:00-04:00,5.534999847412109,5.534999847412109,5.525000095367432,5.529900074005127,77472,0.0,0.0
2024-07-25 13:40:00-04:00,5.53000020980835,5.53000020980835,5.519999980926514,5.53000020980835,33023,0.0,0.0
2024-07-25 13:45:00-04:00,5.53000020980835,5.53000020980835,5.519999980926514,5.53000020980835,19679,0.0,0.0
2024-07-25 13:50:00-04:00,5.525000095367432,5.525000095367432,5.510000228881836,5.525000095367432,114651,0.0,0.0
2024-07-25 13:55:00-04:00,5.525000095367432,5.53000020980835,5.514999866485596,5.514999866485596,34522,0.0,0.0
2024-07-25 14:00:00-04:00,5.514999866485596,5.519899845123291,5.489999771118164,5.505000114440918,224285,0.0,0.0
2024-07-25 14:05:00-04:00,5.510000228881836,5.510000228881836,5.489999771118164,5.489999771118164,36123,0.0,0.0
2024-07-25 14:10:00-04:00,5.494999885559082,5.5,5.489999771118164,5.494999885559082,23963,0.0,0.0
2024-07-25 14:15:00-04:00,5.494999885559082,5.510000228881836,5.489999771118164,5.505000114440918,55338,0.0,0.0
2024-07-25 14:20:00-04:00,5.505000114440918,5.510000228881836,5.489999771118164,5.489999771118164,35119,0.0,0.0
2024-07-25 14:25:00-04:00,5.492000102996826,5.5,5.489999771118164,5.489999771118164,18469,0.0,0.0
2024-07-25 14:30:00-04:00,5.489999771118164,5.514999866485596,5.489999771118164,5.5005998611450195,56906,0.0,0.0
2024-07-25 14:35:00-04:00,5.505000114440918,5.510000228881836,5.489999771118164,5.494999885559082,20742,0.0,0.0
2024-07-25 14:40:00-04:00,5.494999885559082,5.5,5.46999979019165,5.474999904632568,57538,0.0,0.0
2024-07-25 14:45:00-04:00,5.474999904632568,5.485000133514404,5.465000152587891,5.465000152587891,78344,0.0,0.0
2024-07-25 14:50:00-04:00,5.465000152587891,5.46999979019165,5.454999923706055,5.460000038146973,61194,0.0,0.0
2024-07-25 14:55:00-04:00,5.46120023727417,5.480000019073486,5.460000038146973,5.46999979019165,23543,0.0,0.0
2024-07-25 15:00:00-04:00,5.474999904632568,5.485000133514404,5.46999979019165,5.474999904632568,58964,0.0,0.0
2024-07-25 15:05:00-04:00,5.47130012512207,5.5,5.46999979019165,5.494999885559082,70083,0.0,0.0
2024-07-25 15:10:00-04:00,5.494999885559082,5.5,5.480000019073486,5.485000133514404,124919,0.0,0.0
2024-07-25 15:15:00-04:00,5.485000133514404,5.489999771118164,5.480000019073486,5.485000133514404,26532,0.0,0.0
2024-07-25 15:20:00-04:00,5.480999946594238,5.514999866485596,5.480999946594238,5.505000114440918,113848,0.0,0.0
2024-07-25 15:25:00-04:00,5.505000114440918,5.515100002288818,5.5,5.5,114206,0.0,0.0
2024-07-25 15:30:00-04:00,5.505000114440918,5.510000228881836,5.490099906921387,5.490099906921387,76781,0.0,0.0
2024-07-25 15:35:00-04:00,5.494999885559082,5.499100208282471,5.485000133514404,5.497499942779541,136894,0.0,0.0
2024-07-25 15:40:00-04:00,5.5,5.519999980926514,5.494999885559082,5.514999866485596,136452,0.0,0.0
2024-07-25 15:45:00-04:00,5.510000228881836,5.514999866485596,5.5,5.514999866485596,127342,0.0,0.0
2024-07-25 15:50:00-04:00,5.514999866485596,5.519999980926514,5.505000114440918,5.505000114440918,130232,0.0,0.0
2024-07-25 15:55:00-04:00,5.505000114440918,5.510000228881836,5.480000019073486,5.485000133514404,333908,0.0,0.0
2024-07-26 09:30:00-04:00,5.610000133514404,5.670000076293945,5.561600208282471,5.610000133514404,232333,0.0,0.0
2024-07-26 09:35:00-04:00,5.619999885559082,5.659999847412109,5.590000152587891,5.650000095367432,115011,0.0,0.0
2024-07-26 09:40:00-04:00,5.644999980926514,5.659999847412109,5.605000019073486,5.659999847412109,94481,0.0,0.0
2024-07-26 09:45:00-04:00,5.65500020980835,5.675000190734863,5.635000228881836,5.65500020980835,136704,0.0,0.0
2024-07-26 09:50:00-04:00,5.65500020980835,5.685100078582764,5.650000095367432,5.679999828338623,64988,0.0,0.0
2024-07-26 09:55:00-04:00,5.684999942779541,5.71999979019165,5.679999828338623,5.710000038146973,71131,0.0,0.0
2024-07-26 10:00:00-04:00,5.710000038146973,5.730000019073486,5.690000057220459,5.695000171661377,69746,0.0,0.0
2024-07-26 10:05:00-04:00,5.690000057220459,5.695000171661377,5.644999980926514,5.644999980926514,49022,0.0,0.0
2024-07-26 10:10:00-04:00,5.644999980926514,5.659999847412109,5.635000228881836,5.635000228881836,54861,0.0,0.0
2024-07-26 10:15:00-04:00,5.635000228881836,5.659999847412109,5.620100021362305,5.635000228881836,61881,0.0,0.0
2024-07-26 10:20:00-04:00,5.639999866485596,5.65500020980835,5.625,5.65500020980835,23620,0.0,0.0
2024-07-26 10:25:00-04:00,5.65500020980835,5.659999847412109,5.619999885559082,5.625,40554,0.0,0.0
2024-07-26 10:30:00-04:00,5.619999885559082,5.630000114440918,5.579999923706055,5.579999923706055,52060,0.0,0.0
2024-07-26 10:35:00-04:00,5.579999923706055,5.590000152587891,5.565000057220459,5.579999923706055,45612,0.0,0.0
2024-07-26 10:40:00-04:00,5.585000038146973,5.599999904632568,5.579999923706055,5.590000152587891,51773,0.0,0.0
2024-07-26 10:45:00-04:00,5.59499979019165,5.59499979019165,5.570000171661377,5.574999809265137,60053,0.0,0.0
2024-07-26 10:50:00-04:00,5.578999996185303,5.590000152587891,5.565000057220459,5.574999809265137,87777,0.0,0.0
2024-07-26 10:55:00-04:00,5.574999809265137,5.579999923706055,5.559999942779541,5.565000057220459,26883,0.0,0.0
2024-07-26 11:00:00-04:00,5.570000171661377,5.599999904632568,5.565000057220459,5.585000038146973,64863,0.0,0.0
2024-07-26 11:05:00-04:00,5.585000038146973,5.590000152587891,5.579999923706055,5.585000038146973,22995,0.0,0.0
2024-07-26 11:10:00-04:00,5.579999923706055,5.590000152587891,5.565000057220459,5.565000057220459,63346,0.0,0.0
2024-07-26 11:15:00-04:00,5.559999942779541,5.565000057220459,5.550000190734863,5.559999942779541,24745,0.0,0.0
2024-07-26 11:20:00-04:00,5.559999942779541,5.590000152587891,5.554999828338623,5.590000152587891,44504,0.0,0.0
2024-07-26 11:25:00-04:00,5.585000038146973,5.599999904632568,5.585000038146973,5.585000038146973,41291,0.0,0.0
2024-07-26 11:30:00-04:00,5.579999923706055,5.590000152587891,5.579999923706055,5.590000152587891,8628,0.0,0.0
2024-07-26 11:35:00-04:00,5.585000038146973,5.599999904632568,5.585000038146973,5.59499979019165,34392,0.0,0.0
2024-07-26 11:40:00-04:00,5.59499979019165,5.610000133514404,5.590000152587891,5.610000133514404,27280,0.0,0.0
2024-07-26 11:45:00-04:00,5.599999904632568,5.609899997711182,5.590000152587891,5.605000019073486,53498,0.0,0.0
2024-07-26 11:50:00-04:00,5.605000019073486,5.614999771118164,5.590000152587891,5.59499979019165,75629,0.0,0.0
2024-07-26 11:55:00-04:00,5.59499979019165,5.625,5.590000152587891,5.625,26947,0.0,0.0
2024-07-26 12:00:00-04:00,5.625,5.639999866485596,5.619999885559082,5.639999866485596,52777,0.0,0.0
2024-07-26 12:05:00-04:00,5.635000228881836,5.639999866485596,5.630000114440918,5.6350998878479,41282,0.0,0.0
2024-07-26 12:10:00-04:00,5.635000228881836,5.639999866485596,5.619999885559082,5.625,57677,0.0,0.0
2024-07-26 12:15:00-04:00,5.630000114440918,5.639999866485596,5.630000114440918,5.639200210571289,15700,0.0,0.0
2024-07-26 12:20:00-04:00,5.635000228881836,5.659999847412109,5.630000114440918,5.65500020980835,51110,0.0,0.0
2024-07-26 12:25:00-04:00,5.659999847412109,5.659999847412109,5.650000095367432,5.65500020980835,20858,0.0,0.0
2024-07-26 12:30:00-04:00,5.65500020980835,5.659999847412109,5.644999980926514,5.650000095367432,42427,0.0,0.0
2024-07-26 12:35:00-04:00,5.650000095367432,5.670000076293945,5.650000095367432,5.65500020980835,25661,0.0,0.0
2024-07-26 12:40:00-04:00,5.659999847412109,5.670000076293945,5.659999847412109,5.664999961853027,14888,0.0,0.0
2024-07-26 12:45:00-04:00,5.664999961853027,5.670000076293945,5.639999866485596,5.639999866485596,33991,0.0,0.0
2024-07-26 12:50:00-04:00,5.644999980926514,5.648499965667725,5.639999866485596,5.644999980926514,8897,0.0,0.0
2024-07-26 12:55:00-04:00,5.644999980926514,5.659999847412109,5.630000114440918,5.659999847412109,42763,0.0,0.0
2024-07-26 13:00:00-04:00,5.65500020980835,5.670000076293945,5.650100231170654,5.664999961853027,35063,0.0,0.0
2024-07-26 13:05:00-04:00,5.664999961853027,5.670000076293945,5.635000228881836,5.635000228881836,48938,0.0,0.0
2024-07-26 13:10:00-04:00,5.639999866485596,5.670000076293945,5.635000228881836,5.664999961853027,36386,0.0,0.0
2024-07-26 13:15:00-04:00,5.660699844360352,5.670000076293945,5.659999847412109,5.670000076293945,15150,0.0,0.0
2024-07-26 13:20:00-04:00,5.664999961853027,5.679999828338623,5.659999847412109,5.675000190734863,51625,0.0,0.0
2024-07-26 13:25:00-04:00,5.670000076293945,5.679999828338623,5.670000076293945,5.675000190734863,19787,0.0,0.0
2024-07-26 13:30:00-04:00,5.675000190734863,5.690000057220459,5.675000190734863,5.675000190734863,34896,0.0,0.0
2024-07-26 13:35:00-04:00,5.670000076293945,5.670000076293945,5.650000095367432,5.65500020980835,29108,0.0,0.0
2024-07-26 13:40:00-04:00,5.65500020980835,5.664999961853027,5.639999866485596,5.644999980926514,27485,0.0,0.0
2024-07-26 13:45:00-04:00,5.644999980926514,5.670000076293945,5.644999980926514,5.670000076293945,30454,0.0,0.0
2024-07-26 13:50:00-04:00,5.670000076293945,5.670000076293945,5.650000095367432,5.664999961853027,72863,0.0,0.0
2024-07-26 13:55:00-04:00,5.664999961853027,5.670000076293945,5.650000095367432,5.650000095367432,25956,0.0,0.0
2024-07-26 14:00:00-04:00,5.650000095367432,5.679999828338623,5.650000095367432,5.679999828338623,27956,0.0,0.0
2024-07-26 14:05:00-04:00,5.679999828338623,5.679999828338623,5.675000190734863,5.675000190734863,14281,0.0,0.0
2024-07-26 14:10:00-04:00,5.679999828338623,5.699999809265137,5.679999828338623,5.695000171661377,29391,0.0,0.0
2024-07-26 14:15:00-04:00,5.695000171661377,5.699999809265137,5.670000076293945,5.675000190734863,64847,0.0,0.0
2024-07-26 14:20:00-04:00,5.679999828338623,5.684999942779541,5.675000190734863,5.679999828338623,20136,0.0,0.0
2024-07-26 14:25:00-04:00,5.678800106048584,5.684999942779541,5.675000190734863,5.684999942779541,41900,0.0,0.0
2024-07-26 14:30:00-04:00,5.684999942779541,5.684999942779541,5.670000076293945,5.675000190734863,15329,0.0,0.0
2024-07-26 14:35:00-04:00,5.670000076293945,5.679999828338623,5.670000076293945,5.675000190734863,15345,0.0,0.0
2024-07-26 14:40:00-04:00,5.675000190734863,5.679100036621094,5.65500020980835,5.670000076293945,67674,0.0,0.0
2024-07-26 14:45:00-04:00,5.675000190734863,5.679999828338623,5.664999961853027,5.674600124359131,28347,0.0,0.0
2024-07-26 14:50:00-04:00,5.675000190734863,5.699999809265137,5.675000190734863,5.699999809265137,32236,0.0,0.0
2024-07-26 14:55:00-04:00,5.690100193023682,5.730000019073486,5.690100193023682,5.710000038146973,64777,0.0,0.0
2024-07-26 15:00:00-04:00,5.710000038146973,5.710000038146973,5.690000057220459,5.699999809265137,71244,0.0,0.0
2024-07-26 15:05:00-04:00,5.690000057220459,5.699999809265137,5.690000057220459,5.699999809265137,37191,0.0,0.0
2024-07-26 15:10:00-04:00,5.695000171661377,5.704999923706055,5.690000057220459,5.699999809265137,53822,0.0,0.0
2024-07-26 15:15:00-04:00,5.695000171661377,5.699999809265137,5.684999942779541,5.695000171661377,61148,0.0,0.0
2024-07-26 15:20:00-04:00,5.695000171661377,5.730000019073486,5.695000171661377,5.724999904632568,43181,0.0,0.0
2024-07-26 15:25:00-04:00,5.730000019073486,5.739999771118164,5.724999904632568,5.730000019073486,65636,0.0,0.0
2024-07-26 15:30:00-04:00,5.730000019073486,5.730000019073486,5.690000057220459,5.695000171661377,76066,0.0,0.0
2024-07-26 15:35:00-04:00,5.695000171661377,5.699999809265137,5.690000057220459,5.695000171661377,59704,0.0,0.0
2024-07-26 15:40:00-04:00,5.695000171661377,5.730000019073486,5.695000171661377,5.730000019073486,115881,0.0,0.0
2024-07-26 15:45:00-04:00,5.724999904632568,5.739999771118164,5.710000038146973,5.739099979400635,221151,0.0,0.0
2024-07-26 15:50:00-04:00,5.739999771118164,5.760000228881836,5.710000038146973,5.719900131225586,265123,0.0,0.0
2024-07-26 15:55:00-04:00,5.715000152587891,5.730000019073486,5.710000038146973,5.71999979019165,452117,0.0,0.0
2024-07-29 09:30:00-04:00,5.739999771118164,5.789999961853027,5.715000152587891,5.724999904632568,182524,0.0,0.0
2024-07-29 09:35:00-04:00,5.724999904632568,5.789999961853027,5.715000152587891,5.78000020980835,79320,0.0,0.0
2024-07-29 09:40:00-04:00,5.769999980926514,5.820000171661377,5.764999866485596,5.789999961853027,46872,0.0,0.0
2024-07-29 09:45:00-04:00,5.784999847412109,5.800000190734863,5.744999885559082,5.75,72139,0.0,0.0
2024-07-29 09:50:00-04:00,5.739999771118164,5.75,5.730000019073486,5.739999771118164,50080,0.0,0.0
2024-07-29 09:55:00-04:00,5.739999771118164,5.75,5.724999904632568,5.735000133514404,39640,0.0,0.0
2024-07-29 10:00:00-04:00,5.739999771118164,5.739999771118164,5.690000057220459,5.695000171661377,58918,0.0,0.0
2024-07-29 10:05:00-04:00,5.699900150299072,5.699999809265137,5.670000076293945,5.688799858093262,59104,0.0,0.0
2024-07-29 10:10:00-04:00,5.679999828338623,5.684999942779541,5.630000114440918,5.644999980926514,85293,0.0,0.0
2024-07-29 10:15:00-04:00,5.650000095367432,5.65500020980835,5.639999866485596,5.644999980926514,57481,0.0,0.0
2024-07-29 10:20:00-04:00,5.644999980926514,5.659999847412109,5.644999980926514,5.659999847412109,40197,0.0,0.0
2024-07-29 10:25:00-04:00,5.65500020980835,5.659999847412109,5.619999885559082,5.638999938964844,38120,0.0,0.0
2024-07-29 10:30:00-04:00,5.639999866485596,5.639999866485596,5.599999904632568,5.605000019073486,33795,0.0,0.0
2024-07-29 10:35:00-04:00,5.605000019073486,5.619999885559082,5.59499979019165,5.614999771118164,70853,0.0,0.0
2024-07-29 10:40:00-04:00,5.610099792480469,5.639999866485596,5.599999904632568,5.599999904632568,51860,0.0,0.0
2024-07-29 10:45:00-04:00,5.599999904632568,5.599999904632568,5.565000057220459,5.565000057220459,61893,0.0,0.0
2024-07-29 10:50:00-04:00,5.559999942779541,5.565000057220459,5.539999961853027,5.539999961853027,103805,0.0,0.0
2024-07-29 10:55:00-04:00,5.548799991607666,5.550000190734863,5.53000020980835,5.5329999923706055,203674,0.0,0.0
2024-07-29 11:00:00-04:00,5.53000020980835,5.550000190734863,5.5100998878479,5.545000076293945,40468,0.0,0.0
2024-07-29 11:05:00-04:00,5.545000076293945,5.570000171661377,5.53000020980835,5.565000057220459,69195,0.0,0.0
2024-07-29 11:10:00-04:00,5.570000171661377,5.570000171661377,5.559999942779541,5.565000057220459,25289,0.0,0.0
2024-07-29 11:15:00-04:00,5.570000171661377,5.570000171661377,5.540200233459473,5.545000076293945,39500,0.0,0.0
2024-07-29 11:20:00-04:00,5.545000076293945,5.570000171661377,5.545000076293945,5.565000057220459,60005,0.0,0.0
2024-07-29 11:25:00-04:00,5.565000057220459,5.590000152587891,5.559999942779541,5.565000057220459,43753,0.0,0.0
2024-07-29 11:30:00-04:00,5.559999942779541,5.569200038909912,5.539999961853027,5.545000076293945,30832,0.0,0.0
2024-07-29 11:35:00-04:00,5.545000076293945,5.590000152587891,5.539999961853027,5.579999923706055,81909,0.0,0.0
2024-07-29 11:40:00-04:00,5.585000038146973,5.590000152587891,5.565000057220459,5.565000057220459,54721,0.0,0.0
2024-07-29 11:45:00-04:00,5.565000057220459,5.579999923706055,5.559999942779541,5.574999809265137,28791,0.0,0.0
2024-07-29 11:50:00-04:00,5.579999923706055,5.579999923706055,5.570000171661377,5.574999809265137,39849,0.0,0.0
2024-07-29 11:55:00-04:00,5.574999809265137,5.590000152587891,5.570000171661377,5.579999923706055,34183,0.0,0.0
2024-07-29 12:00:00-04:00,5.574999809265137,5.590000152587891,5.570000171661377,5.585000038146973,31498,0.0,0.0
2024-07-29 12:05:00-04:00,5.585000038146973,5.590000152587891,5.579999923706055,5.585000038146973,18348,0.0,0.0
2024-07-29 12:10:00-04:00,5.579999923706055,5.579999923706055,5.565000057220459,5.57889986038208,38977,0.0,0.0
2024-07-29 12:15:00-04:00,5.574999809265137,5.619999885559082,5.574999809265137,5.614999771118164,74418,0.0,0.0
2024-07-29 12:20:00-04:00,5.619999885559082,5.630000114440918,5.610000133514404,5.619999885559082,44725,0.0,0.0
2024-07-29 12:25:00-04:00,5.610000133514404,5.610000133514404,5.590000152587891,5.59499979019165,80237,0.0,0.0
2024-07-29 12:30:00-04:00,5.590000152587891,5.59499979019165,5.570000171661377,5.574999809265137,55657,0.0,0.0
2024-07-29 12:35:00-04:00,5.574999809265137,5.574999809265137,5.559999942779541,5.570000171661377,68221,0.0,0.0
2024-07-29 12:40:00-04:00,5.574999809265137,5.599999904632568,5.570000171661377,5.59499979019165,59294,0.0,0.0
2024-07-29 12:45:00-04:00,5.599999904632568,5.599999904632568,5.579999923706055,5.585000038146973,62637,0.0,0.0
2024-07-29 12:50:00-04:00,5.579999923706055,5.599999904632568,5.570000171661377,5.599999904632568,30053,0.0,0.0
2024-07-29 12:55:00-04:00,5.59499979019165,5.599999904632568,5.590000152587891,5.599999904632568,14623,0.0,0.0
2024-07-29 13:00:00-04:00,5.599999904632568,5.605000019073486,5.579999923706055,5.579999923706055,67049,0.0,0.0
2024-07-29 13:05:00-04:00,5.585000038146973,5.590000152587891,5.579999923706055,5.585000038146973,25226,0.0,0.0
2024-07-29 13:10:00-04:00,5.579999923706055,5.599999904632568,5.579999923706055,5.59499979019165,32187,0.0,0.0
2024-07-29 13:15:00-04:00,5.598800182342529,5.599999904632568,5.579999923706055,5.59499979019165,42514,0.0,0.0
2024-07-29 13:20:00-04:00,5.599999904632568,5.599999904632568,5.579999923706055,5.579999923706055,13455,0.0,0.0
2024-07-29 13:25:00-04:00,5.590000152587891,5.590000152587891,5.559999942779541,5.559999942779541,32650,0.0,0.0
2024-07-29 13:30:00-04:00,5.559999942779541,5.565000057220459,5.550000190734863,5.554999828338623,68745,0.0,0.0
2024-07-29 13:35:00-04:00,5.554999828338623,5.570000171661377,5.550000190734863,5.570000171661377,20637,0.0,0.0
2024-07-29 13:40:00-04:00,5.565000057220459,5.570000171661377,5.559999942779541,5.565000057220459,24015,0.0,0.0
2024-07-29 13:45:00-04:00,5.559999942779541,5.570000171661377,5.550000190734863,5.550000190734863,42593,0.0,0.0
2024-07-29 13:50:00-04:00,5.550000190734863,5.559999942779541,5.550000190734863,5.554999828338623,18033,0.0,0.0
2024-07-29 13:55:00-04:00,5.550000190734863,5.565000057220459,5.550000190734863,5.550000190734863,49518,0.0,0.0
2024-07-29 14:00:00-04:00,5.545000076293945,5.550000190734863,5.539999961853027,5.545000076293945,41100,0.0,0.0
2024-07-29 14:05:00-04:00,5.550000190734863,5.559999942779541,5.542099952697754,5.559999942779541,19225,0.0,0.0
2024-07-29 14:10:00-04:00,5.550000190734863,5.559999942779541,5.550000190734863,5.559999942779541,15607,0.0,0.0
2024-07-29 14:15:00-04:00,5.554999828338623,5.559999942779541,5.550000190734863,5.559999942779541,15237,0.0,0.0
2024-07-29 14:20:00-04:00,5.559999942779541,5.570000171661377,5.554999828338623,5.565000057220459,24426,0.0,0.0
2024-07-29 14:25:00-04:00,5.559999942779541,5.570000171661377,5.559999942779541,5.559999942779541,14105,0.0,0.0
2024-07-29 14:30:00-04:00,5.565000057220459,5.565000057220459,5.550000190734863,5.554999828338623,27554,0.0,0.0
2024-07-29 14:35:00-04:00,5.550000190734863,5.559999942779541,5.550000190734863,5.559700012207031,36264,0.0,0.0
2024-07-29 14:40:00-04:00,5.559999942779541,5.574999809265137,5.559999942779541,5.565000057220459,53784,0.0,0.0
2024-07-29 14:45:00-04:00,5.570000171661377,5.570000171661377,5.550000190734863,5.554999828338623,39846,0.0,0.0
2024-07-29 14:50:00-04:00,5.554999828338623,5.559999942779541,5.539999961853027,5.559999942779541,33048,0.0,0.0
2024-07-29 14:55:00-04:00,5.554999828338623,5.570000171661377,5.554999828338623,5.570000171661377,21940,0.0,0.0
2024-07-29 15:00:00-04:00,5.565000057220459,5.590000152587891,5.559999942779541,5.585000038146973,36163,0.0,0.0
2024-07-29 15:05:00-04:00,5.579999923706055,5.590000152587891,5.579999923706055,5.581200122833252,11942,0.0,0.0
2024-07-29 15:10:00-04:00,5.585000038146973,5.590000152587891,5.579999923706055,5.585000038146973,22502,0.0,0.0
2024-07-29 15:15:00-04:00,5.585000038146973,5.590000152587891,5.565000057220459,5.565000057220459,54829,0.0,0.0
2024-07-29 15:20:00-04:00,5.565000057220459,5.579999923706055,5.559999942779541,5.579999923706055,29832,0.0,0.0
2024-07-29 15:25:00-04:00,5.579999923706055,5.590000152587891,5.579999923706055,5.585000038146973,36966,0.0,0.0
2024-07-29 15:30:00-04:00,5.590000152587891,5.590000152587891,5.579999923706055,5.590000152587891,39631,0.0,0.0
2024-07-29 15:35:00-04:00,5.590000152587891,5.599999904632568,5.579999923706055,5.585000038146973,64849,0.0,0.0
2024-07-29 15:40:00-04:00,5.585000038146973,5.585000038146973,5.570000171661377,5.574999809265137,76525,0.0,0.0
2024-07-29 15:45:00-04:00,5.574999809265137,5.590000152587891,5.559999942779541,5.570000171661377,189934,0.0,0.0
2024-07-29 15:50:00-04:00,5.570000171661377,5.579999923706055,5.570000171661377,5.570000171661377,105292,0.0,0.0
2024-07-29 15:55:00-04:00,5.570000171661377,5.579899787902832,5.550000190734863,5.559999942779541,238860,0.0,0.0
2024-07-30 09:30:00-04:00,5.559999942779541,5.690000057220459,5.559999942779541,5.625,195725,0.0,0.0
2024-07-30 09:35:00-04:00,5.614999771118164,5.639900207519531,5.590000152587891,5.619999885559082,57293,0.0,0.0
2024-07-30 09:40:00-04:00,5.625,5.644999980926514,5.599999904632568,5.605000019073486,36057,0.0,0.0
2024-07-30 09:45:00-04:00,5.599999904632568,5.610000133514404,5.579999923706055,5.610000133514404,71208,0.0,0.0
2024-07-30 09:50:00-04:00,5.614999771118164,5.659900188446045,5.599999904632568,5.630000114440918,55556,0.0,0.0
2024-07-30 09:55:00-04:00,5.630000114440918,5.639999866485596,5.574999809265137,5.574999809265137,42678,0.0,0.0
2024-07-30 10:00:00-04:00,5.570000171661377,5.570000171661377,5.539999961853027,5.565000057220459,45342,0.0,0.0
2024-07-30 10:05:00-04:00,5.570000171661377,5.599999904632568,5.570000171661377,5.59499979019165,40064,0.0,0.0
2024-07-30 10:10:00-04:00,5.590000152587891,5.59499979019165,5.559999942779541,5.579999923706055,80340,0.0,0.0
2024-07-30 10:15:00-04:00,5.599999904632568,5.639999866485596,5.570000171661377,5.619999885559082,42786,0.0,0.0
2024-07-30 10:20:00-04:00,5.619999885559082,5.639999866485596,5.619999885559082,5.625,42239,0.0,0.0
2024-07-30 10:25:00-04:00,5.625,5.630000114440918,5.619999885559082,5.625,18153,0.0,0.0
2024-07-30 10:30:00-04:00,5.625,5.630000114440918,5.610000133514404,5.614999771118164,57011,0.0,0.0
2024-07-30 10:35:00-04:00,5.619999885559082,5.619999885559082,5.590000152587891,5.59499979019165,23134,0.0,0.0
2024-07-30 10:40:00-04:00,5.599999904632568,5.599999904632568,5.590000152587891,5.599999904632568,23190,0.0,0.0
2024-07-30 10:45:00-04:00,5.599999904632568,5.610000133514404,5.59499979019165,5.599999904632568,26513,0.0,0.0
2024-07-30 10:50:00-04:00,5.605000019073486,5.610000133514404,5.590000152587891,5.59499979019165,23116,0.0,0.0
2024-07-30 10:55:00-04:00,5.599100112915039,5.610000133514404,5.570000171661377,5.585000038146973,45724,0.0,0.0
2024-07-30 11:00:00-04:00,5.585000038146973,5.585000038146973,5.550000190734863,5.559999942779541,77255,0.0,0.0
2024-07-30 11:05:00-04:00,5.554999828338623,5.559999942779541,5.539999961853027,5.554999828338623,34139,0.0,0.0
2024-07-30 11:10:00-04:00,5.554999828338623,5.579999923706055,5.55049991607666,5.565000057220459,30955,0.0,0.0
2024-07-30 11:15:00-04:00,5.565000057220459,5.568999767303467,5.554999828338623,5.568999767303467,32692,0.0,0.0
2024-07-30 11:20:00-04:00,5.559999942779541,5.579999923706055,5.559999942779541,5.575799942016602,18599,0.0,0.0
2024-07-30 11:25:00-04:00,5.579999923706055,5.579999923706055,5.565000057220459,5.565000057220459,29108,0.0,0.0
2024-07-30 11:30:00-04:00,5.565000057220459,5.574999809265137,5.559999942779541,5.574999809265137,34356,0.0,0.0
2024-07-30 11:35:00-04:00,5.574999809265137,5.585000038146973,5.559999942779541,5.565000057220459,22811,0.0,0.0
2024-07-30 11:40:00-04:00,5.565000057220459,5.565000057220459,5.550000190734863,5.554999828338623,35235,0.0,0.0
2024-07-30 11:45:00-04:00,5.554999828338623,5.559999942779541,5.550000190734863,5.554999828338623,18726,0.0,0.0
2024-07-30 11:50:00-04:00,5.550000190734863,5.554999828338623,5.545000076293945,5.545000076293945,40501,0.0,0.0
2024-07-30 11:55:00-04:00,5.545000076293945,5.559999942779541,5.539999961853027,5.550000190734863,25367,0.0,0.0
2024-07-30 12:00:00-04:00,5.554999828338623,5.554999828338623,5.53000020980835,5.539999961853027,39617,0.0,0.0
2024-07-30 12:05:00-04:00,5.539999961853027,5.579999923706055,5.534999847412109,5.579999923706055,45090,0.0,0.0
2024-07-30 12:10:00-04:00,5.570099830627441,5.579999923706055,5.559999942779541,5.570000171661377,44972,0.0,0.0
2024-07-30 12:15:00-04:00,5.559999942779541,5.570000171661377,5.550000190734863,5.565000057220459,26340,0.0,0.0
2024-07-30 12:20:00-04:00,5.565000057220459,5.565000057220459,5.539999961853027,5.550000190734863,17234,0.0,0.0
2024-07-30 12:25:00-04:00,5.54010009765625,5.559999942779541,5.54010009765625,5.554999828338623,34539,0.0,0.0
2024-07-30 12:30:00-04:00,5.554999828338623,5.579999923706055,5.550000190734863,5.574999809265137,36758,0.0,0.0
2024-07-30 12:35:00-04:00,5.570099830627441,5.590000152587891,5.570000171661377,5.585000038146973,41251,0.0,0.0
2024-07-30 12:40:00-04:00,5.585000038146973,5.590000152587891,5.559999942779541,5.567999839782715,42166,0.0,0.0
2024-07-30 12:45:00-04:00,5.565000057220459,5.585000038146973,5.558800220489502,5.565000057220459,57763,0.0,0.0
2024-07-30 12:50:00-04:00,5.565000057220459,5.570000171661377,5.519999980926514,5.519999980926514,45250,0.0,0.0
2024-07-30 12:55:00-04:00,5.519999980926514,5.53000020980835,5.510000228881836,5.519999980926514,31426,0.0,0.0
2024-07-30 13:00:00-04:00,5.514999866485596,5.525000095367432,5.5030999183654785,5.514999866485596,34560,0.0,0.0
2024-07-30 13:05:00-04:00,5.514999866485596,5.539999961853027,5.505000114440918,5.539999961853027,42908,0.0,0.0
2024-07-30 13:10:00-04:00,5.539999961853027,5.550000190734863,5.539999961853027,5.550000190734863,21356,0.0,0.0
2024-07-30 13:15:00-04:00,5.545000076293945,5.559999942779541,5.541200160980225,5.559999942779541,35544,0.0,0.0
2024-07-30 13:20:00-04:00,5.565000057220459,5.570000171661377,5.550000190734863,5.551499843597412,15733,0.0,0.0
2024-07-30 13:25:00-04:00,5.559999942779541,5.559999942779541,5.539999961853027,5.550000190734863,23526,0.0,0.0
2024-07-30 13:30:00-04:00,5.539999961853027,5.550000190734863,5.539999961853027,5.545000076293945,11624,0.0,0.0
2024-07-30 13:35:00-04:00,5.545000076293945,5.578999996185303,5.545000076293945,5.565000057220459,56591,0.0,0.0
2024-07-30 13:40:00-04:00,5.565000057220459,5.590000152587891,5.559999942779541,5.579999923706055,54465,0.0,0.0
2024-07-30 13:45:00-04:00,5.579999923706055,5.619999885559082,5.579999923706055,5.614999771118164,62416,0.0,0.0
2024-07-30 13:50:00-04:00,5.619999885559082,5.619999885559082,5.590000152587891,5.59499979019165,35777,0.0,0.0
2024-07-30 13:55:00-04:00,5.590000152587891,5.610000133514404,5.590000152587891,5.610000133514404,25348,0.0,0.0
2024-07-30 14:00:00-04:00,5.605000019073486,5.614999771118164,5.599999904632568,5.610000133514404,33469,0.0,0.0
2024-07-30 14:05:00-04:00,5.605000019073486,5.610000133514404,5.601600170135498,5.605000019073486,16342,0.0,0.0
2024-07-30 14:10:00-04:00,5.605000019073486,5.619999885559082,5.605000019073486,5.619999885559082,24451,0.0,0.0
2024-07-30 14:15:00-04:00,5.614999771118164,5.635000228881836,5.614999771118164,5.62060022354126,44609,0.0,0.0
2024-07-30 14:20:00-04:00,5.62060022354126,5.630000114440918,5.610000133514404,5.619999885559082,44063,0.0,0.0
2024-07-30 14:25:00-04:00,5.612100124359131,5.619999885559082,5.590000152587891,5.605000019073486,43067,0.0,0.0
2024-07-30 14:30:00-04:00,5.599999904632568,5.610000133514404,5.59499979019165,5.59499979019165,24095,0.0,0.0
2024-07-30 14:35:00-04:00,5.59499979019165,5.619999885559082,5.590000152587891,5.619999885559082,23741,0.0,0.0
2024-07-30 14:40:00-04:00,5.619999885559082,5.630000114440918,5.610000133514404,5.625,49391,0.0,0.0
2024-07-30 14:45:00-04:00,5.619999885559082,5.625,5.599999904632568,5.599999904632568,33873,0.0,0.0
2024-07-30 14:50:00-04:00,5.599999904632568,5.619999885559082,5.599999904632568,5.619999885559082,51495,0.0,0.0
2024-07-30 14:55:00-04:00,5.614999771118164,5.619999885559082,5.610000133514404,5.610000133514404,21732,0.0,0.0
2024-07-30 15:00:00-04:00,5.610000133514404,5.619999885559082,5.610000133514404,5.614999771118164,32698,0.0,0.0
2024-07-30 15:05:00-04:00,5.614999771118164,5.630000114440918,5.610000133514404,5.625,43528,0.0,0.0
2024-07-30 15:10:00-04:00,5.625,5.635000228881836,5.619999885559082,5.625,57287,0.0,0.0
2024-07-30 15:15:00-04:00,5.625,5.630000114440918,5.619999885559082,5.625,48032,0.0,0.0
2024-07-30 15:20:00-04:00,5.630000114440918,5.670000076293945,5.619999885559082,5.670000076293945,63311,0.0,0.0
2024-07-30 15:25:00-04:00,5.664999961853027,5.664999961853027,5.650000095367432,5.65500020980835,38102,0.0,0.0
2024-07-30 15:30:00-04:00,5.650000095367432,5.679999828338623,5.639999866485596,5.675000190734863,99463,0.0,0.0
2024-07-30 15:35:00-04:00,5.675000190734863,5.675000190734863,5.659999847412109,5.664999961853027,45695,0.0,0.0
2024-07-30 15:40:00-04:00,5.664999961853027,5.699999809265137,5.664999961853027,5.695000171661377,132452,0.0,0.0
2024-07-30 15:45:00-04:00,5.695000171661377,5.699999809265137,5.690000057220459,5.699999809265137,226573,0.0,0.0
2024-07-30 15:50:00-04:00,5.695000171661377,5.710000038146973,5.690000057220459,5.692599773406982,326903,0.0,0.0
2024-07-30 15:55:00-04:00,5.695000171661377,5.699999809265137,5.670000076293945,5.679999828338623,438810,0.0,0.0
2024-07-31 09:30:00-04:00,5.829999923706055,5.869999885559082,5.784999847412109,5.784999847412109,161350,0.0,0.0
2024-07-31 09:35:00-04:00,5.795000076293945,5.840000152587891,5.78000020980835,5.820000171661377,83034,0.0,0.0
2024-07-31 09:40:00-04:00,5.824999809265137,5.864999771118164,5.815000057220459,5.815000057220459,63380,0.0,0.0
2024-07-31 09:45:00-04:00,5.809999942779541,5.815000057220459,5.760000228881836,5.760000228881836,60836,0.0,0.0
2024-07-31 09:50:00-04:00,5.75,5.75,5.715000152587891,5.739999771118164,70271,0.0,0.0
2024-07-31 09:55:00-04:00,5.744999885559082,5.78000020980835,5.739999771118164,5.7600998878479,61837,0.0,0.0
2024-07-31 10:00:00-04:00,5.764999866485596,5.78000020980835,5.755000114440918,5.764999866485596,61846,0.0,0.0
2024-07-31 10:05:00-04:00,5.764999866485596,5.784999847412109,5.760000228881836,5.764999866485596,58750,0.0,0.0
2024-07-31 10:10:00-04:00,5.760200023651123,5.78000020980835,5.75,5.78000020980835,52242,0.0,0.0
2024-07-31 10:15:00-04:00,5.78000020980835,5.820000171661377,5.775000095367432,5.820000171661377,40910,0.0,0.0
2024-07-31 10:20:00-04:00,5.815000057220459,5.820000171661377,5.795000076293945,5.806099891662598,41676,0.0,0.0
2024-07-31 10:25:00-04:00,5.809999942779541,5.829999923706055,5.795000076293945,5.815000057220459,31048,0.0,0.0
2024-07-31 10:30:00-04:00,5.820000171661377,5.84499979019165,5.815000057220459,5.84499979019165,43074,0.0,0.0
2024-07-31 10:35:00-04:00,5.840000152587891,5.880000114440918,5.840000152587891,5.877999782562256,53373,0.0,0.0
2024-07-31 10:40:00-04:00,5.880000114440918,5.880000114440918,5.829999923706055,5.835000038146973,62644,0.0,0.0
2024-07-31 10:45:00-04:00,5.840000152587891,5.849999904632568,5.824999809265137,5.835000038146973,44938,0.0,0.0
2024-07-31 10:50:00-04:00,5.838799953460693,5.838799953460693,5.809999942779541,5.825200080871582,50156,0.0,0.0
2024-07-31 10:55:00-04:00,5.829999923706055,5.84499979019165,5.829999923706055,5.835000038146973,34611,0.0,0.0
2024-07-31 11:00:00-04:00,5.835000038146973,5.84499979019165,5.820000171661377,5.824999809265137,38885,0.0,0.0
2024-07-31 11:05:00-04:00,5.829999923706055,5.840000152587891,5.824999809265137,5.835000038146973,57428,0.0,0.0
2024-07-31 11:10:00-04:00,5.835000038146973,5.849999904632568,5.829999923706055,5.84499979019165,25830,0.0,0.0
2024-07-31 11:15:00-04:00,5.840000152587891,5.860000133514404,5.840000152587891,5.855000019073486,29882,0.0,0.0
2024-07-31 11:20:00-04:00,5.855000019073486,5.859799861907959,5.820000171661377,5.824999809265137,38914,0.0,0.0
2024-07-31 11:25:00-04:00,5.829999923706055,5.849999904632568,5.829999923706055,5.84499979019165,46434,0.0,0.0
2024-07-31 11:30:00-04:00,5.84499979019165,5.880000114440918,5.84499979019165,5.875,68830,0.0,0.0
2024-07-31 11:35:00-04:00,5.880000114440918,5.880000114440918,5.84499979019165,5.855000019073486,55020,0.0,0.0
2024-07-31 11:40:00-04:00,5.855000019073486,5.860000133514404,5.84499979019165,5.855000019073486,21994,0.0,0.0
2024-07-31 11:45:00-04:00,5.855000019073486,5.880000114440918,5.849999904632568,5.875,35247,0.0,0.0
2024-07-31 11:50:00-04:00,5.880000114440918,5.889999866485596,5.873199939727783,5.889999866485596,19023,0.0,0.0
2024-07-31 11:55:00-04:00,5.880000114440918,5.885000228881836,5.869999885559082,5.875,27010,0.0,0.0
2024-07-31 12:00:00-04:00,5.875,5.900000095367432,5.875,5.900000095367432,25720,0.0,0.0
2024-07-31 12:05:00-04:00,5.900000095367432,5.920000076293945,5.894999980926514,5.910099983215332,34310,0.0,0.0
2024-07-31 12:10:00-04:00,5.914999961853027,5.929999828338623,5.909999847412109,5.929900169372559,30610,0.0,0.0
2024-07-31 12:15:00-04:00,5.929999828338623,5.949999809265137,5.925000190734863,5.934999942779541,59803,0.0,0.0
2024-07-31 12:20:00-04:00,5.934999942779541,5.940000057220459,5.929999828338623,5.934999942779541,20994,0.0,0.0
2024-07-31 12:25:00-04:00,5.934999942779541,5.940000057220459,5.920000076293945,5.925000190734863,47799,0.0,0.0
2024-07-31 12:30:00-04:00,5.925000190734863,5.929999828338623,5.909999847412109,5.929999828338623,47817,0.0,0.0
2024-07-31 12:35:00-04:00,5.925000190734863,5.929999828338623,5.889999866485596,5.900000095367432,59494,0.0,0.0
2024-07-31 12:40:00-04:00,5.90500020980835,5.925000190734863,5.900000095367432,5.900000095367432,25075,0.0,0.0
2024-07-31 12:45:00-04:00,5.900000095367432,5.920000076293945,5.900000095367432,5.90500020980835,20761,0.0,0.0
2024-07-31 12:50:00-04:00,5.90500020980835,5.909999847412109,5.889999866485596,5.894999980926514,21055,0.0,0.0
2024-07-31 12:55:00-04:00,5.894999980926514,5.90500020980835,5.889999866485596,5.894999980926514,37541,0.0,0.0
2024-07-31 13:00:00-04:00,5.889999866485596,5.900000095367432,5.880000114440918,5.894999980926514,23678,0.0,0.0
2024-07-31 13:05:00-04:00,5.900000095367432,5.900000095367432,5.880000114440918,5.889999866485596,16779,0.0,0.0
2024-07-31 13:10:00-04:00,5.885000228881836,5.900000095367432,5.880000114440918,5.894999980926514,15712,0.0,0.0
2024-07-31 13:15:00-04:00,5.889999866485596,5.900000095367432,5.885000228881836,5.894999980926514,60031,0.0,0.0
2024-07-31 13:20:00-04:00,5.894999980926514,5.909999847412109,5.885000228881836,5.909999847412109,43846,0.0,0.0
2024-07-31 13:25:00-04:00,5.90500020980835,5.90500020980835,5.869999885559082,5.875,47255,0.0,0.0
2024-07-31 13:30:00-04:00,5.875,5.880000114440918,5.860000133514404,5.875,37295,0.0,0.0
2024-07-31 13:35:00-04:00,5.870100021362305,5.875,5.860000133514404,5.864999771118164,26906,0.0,0.0
2024-07-31 13:40:00-04:00,5.864999771118164,5.885000228881836,5.860000133514404,5.880000114440918,34811,0.0,0.0
2024-07-31 13:45:00-04:00,5.880000114440918,5.909999847412109,5.860000133514404,5.909999847412109,43099,0.0,0.0
2024-07-31 13:50:00-04:00,5.909999847412109,5.929999828338623,5.909999847412109,5.925000190734863,24382,0.0,0.0
2024-07-31 13:55:00-04:00,5.925000190734863,5.940000057220459,5.920000076293945,5.925000190734863,36817,0.0,0.0
2024-07-31 14:00:00-04:00,5.925000190734863,5.949999809265137,5.909999847412109,5.945000171661377,58038,0.0,0.0
2024-07-31 14:05:00-04:00,5.934999942779541,5.949999809265137,5.929999828338623,5.940000057220459,49085,0.0,0.0
2024-07-31 14:10:00-04:00,5.940000057220459,5.940000057220459,5.920899868011475,5.934999942779541,54079,0.0,0.0
2024-07-31 14:15:00-04:00,5.939599990844727,5.965000152587891,5.929999828338623,5.965000152587891,53991,0.0,0.0
2024-07-31 14:20:00-04:00,5.965000152587891,5.980000019073486,5.960000038146973,5.974999904632568,53317,0.0,0.0
2024-07-31 14:25:00-04:00,5.980000019073486,5.985000133514404,5.962800025939941,5.974999904632568,69062,0.0,0.0
2024-07-31 14:30:00-04:00,5.974999904632568,5.989999771118164,5.960000038146973,5.985000133514404,129919,0.0,0.0
2024-07-31 14:35:00-04:00,5.989999771118164,6.0,5.940400123596191,5.994999885559082,106839,0.0,0.0
2024-07-31 14:40:00-04:00,6.0,6.019999980926514,5.994999885559082,6.014999866485596,157947,0.0,0.0
2024-07-31 14:45:00-04:00,6.014999866485596,6.070000171661377,6.005000114440918,6.065000057220459,118080,0.0,0.0
2024-07-31 14:50:00-04:00,6.065000057220459,6.079999923706055,6.050000190734863,6.079999923706055,116785,0.0,0.0
2024-07-31 14:55:00-04:00,6.084400177001953,6.085000038146973,6.054999828338623,6.065000057220459,122670,0.0,0.0
2024-07-31 15:00:00-04:00,6.069900035858154,6.070000171661377,6.019999980926514,6.025000095367432,174683,0.0,0.0
2024-07-31 15:05:00-04:00,6.025000095367432,6.034999847412109,6.014999866485596,6.014999866485596,74148,0.0,0.0
2024-07-31 15:10:00-04:00,6.014999866485596,6.03000020980835,6.010000228881836,6.025000095367432,55510,0.0,0.0
2024-07-31 15:15:00-04:00,6.03000020980835,6.050000190734863,6.010000228881836,6.014999866485596,125825,0.0,0.0
2024-07-31 15:20:00-04:00,6.014999866485596,6.074999809265137,6.0,6.005000114440918,280400,0.0,0.0
2024-07-31 15:25:00-04:00,6.010000228881836,6.03000020980835,6.0,6.010000228881836,110716,0.0,0.0
2024-07-31 15:30:00-04:00,6.005000114440918,6.03000020980835,5.994999885559082,6.014999866485596,137358,0.0,0.0
2024-07-31 15:35:00-04:00,6.014999866485596,6.03000020980835,5.989999771118164,6.010000228881836,122945,0.0,0.0
2024-07-31 15:40:00-04:00,6.010000228881836,6.050000190734863,6.005000114440918,6.045000076293945,235338,0.0,0.0
2024-07-31 15:45:00-04:00,6.045000076293945,6.079999923706055,6.010000228881836,6.010000228881836,632703,0.0,0.0
2024-07-31 15:50:00-04:00,6.0,6.010000228881836,5.949999809265137,5.949999809265137,483316,0.0,0.0
2024-07-31 15:55:00-04:00,5.940000057220459,5.965000152587891,5.940000057220459,5.954999923706055,480694,0.0,0.0
2024-08-01 09:30:00-04:00,5.880000114440918,5.900000095367432,5.75,5.75,202277,0.0,0.0
2024-08-01 09:35:00-04:00,5.755000114440918,5.769999980926514,5.710000038146973,5.710000038146973,156034,0.0,0.0
2024-08-01 09:40:00-04:00,5.715000152587891,5.71999979019165,5.679999828338623,5.684999942779541,136534,0.0,0.0
2024-08-01 09:45:00-04:00,5.684999942779541,5.695000171661377,5.659999847412109,5.664999961853027,106767,0.0,0.0
2024-08-01 09:50:00-04:00,5.659999847412109,5.664999961853027,5.619999885559082,5.644999980926514,215817,0.0,0.0
2024-08-01 09:55:00-04:00,5.644999980926514,5.65500020980835,5.579999923706055,5.579999923706055,130773,0.0,0.0
2024-08-01 10:00:00-04:00,5.585000038146973,5.590000152587891,5.539999961853027,5.574999809265137,153114,0.0,0.0
2024-08-01 10:05:00-04:00,5.570000171661377,5.579899787902832,5.519999980926514,5.525000095367432,163049,0.0,0.0
2024-08-01 10:10:00-04:00,5.528800010681152,5.570000171661377,5.525000095367432,5.534999847412109,163603,0.0,0.0
2024-08-01 10:15:00-04:00,5.534999847412109,5.550000190734863,5.53000020980835,5.534999847412109,66564,0.0,0.0
2024-08-01 10:20:00-04:00,5.539999961853027,5.539999961853027,5.460000038146973,5.465000152587891,441280,0.0,0.0
2024-08-01 10:25:00-04:00,5.460000038146973,5.46999979019165,5.445000171661377,5.449999809265137,227982,0.0,0.0
2024-08-01 10:30:00-04:00,5.454999923706055,5.474999904632568,5.420000076293945,5.440000057220459,458405,0.0,0.0
2024-08-01 10:35:00-04:00,5.445000171661377,5.489999771118164,5.409999847412109,5.485000133514404,159222,0.0,0.0
2024-08-01 10:40:00-04:00,5.480000019073486,5.489999771118164,5.449999809265137,5.460000038146973,78383,0.0,0.0
2024-08-01 10:45:00-04:00,5.460000038146973,5.480000019073486,5.429999828338623,5.429999828338623,212171,0.0,0.0
2024-08-01 10:50:00-04:00,5.432000160217285,5.440000057220459,5.389999866485596,5.40500020980835,375368,0.0,0.0
2024-08-01 10:55:00-04:00,5.409999847412109,5.449999809265137,5.400000095367432,5.414999961853027,143596,0.0,0.0
2024-08-01 11:00:00-04:00,5.414999961853027,5.440000057220459,5.389999866485596,5.389999866485596,154592,0.0,0.0
2024-08-01 11:05:00-04:00,5.394999980926514,5.399899959564209,5.360000133514404,5.389999866485596,187712,0.0,0.0
2024-08-01 11:10:00-04:00,5.380000114440918,5.420000076293945,5.380000114440918,5.400000095367432,101262,0.0,0.0
2024-08-01 11:15:00-04:00,5.400100231170654,5.420000076293945,5.389999866485596,5.400000095367432,103372,0.0,0.0
2024-08-01 11:20:00-04:00,5.397500038146973,5.400000095367432,5.380000114440918,5.394999980926514,127950,0.0,0.0
2024-08-01 11:25:00-04:00,5.394999980926514,5.400000095367432,5.389999866485596,5.389999866485596,25200,0.0,0.0
2024-08-01 11:30:00-04:00,5.397500038146973,5.397500038146973,5.330100059509277,5.3354997634887695,389786,0.0,0.0
2024-08-01 11:35:00-04:00,5.335000038146973,5.340000152587891,5.320000171661377,5.324999809265137,133468,0.0,0.0
2024-08-01 11:40:00-04:00,5.324999809265137,5.340000152587891,5.300000190734863,5.300000190734863,94205,0.0,0.0
2024-08-01 11:45:00-04:00,5.304999828338623,5.309999942779541,5.300000190734863,5.300000190734863,74926,0.0,0.0
2024-08-01 11:50:00-04:00,5.304999828338623,5.320000171661377,5.300000190734863,5.304999828338623,73113,0.0,0.0
2024-08-01 11:55:00-04:00,5.309999942779541,5.335000038146973,5.304999828338623,5.315000057220459,81515,0.0,0.0
2024-08-01 12:00:00-04:00,5.309999942779541,5.319900035858154,5.300000190734863,5.309999942779541,61184,0.0,0.0
2024-08-01 12:05:00-04:00,5.304999828338623,5.340000152587891,5.300000190734863,5.335000038146973,71696,0.0,0.0
2024-08-01 12:10:00-04:00,5.335000038146973,5.338900089263916,5.289999961853027,5.295000076293945,290164,0.0,0.0
2024-08-01 12:15:00-04:00,5.295000076293945,5.300000190734863,5.289999961853027,5.297500133514404,38404,0.0,0.0
2024-08-01 12:20:00-04:00,5.295000076293945,5.295000076293945,5.25,5.269999980926514,158680,0.0,0.0
2024-08-01 12:25:00-04:00,5.264999866485596,5.269999980926514,5.250100135803223,5.264999866485596,70585,0.0,0.0
2024-08-01 12:30:00-04:00,5.264999866485596,5.269700050354004,5.25,5.25,39626,0.0,0.0
2024-08-01 12:35:00-04:00,5.255000114440918,5.255000114440918,5.200699806213379,5.207499980926514,186398,0.0,0.0
2024-08-01 12:40:00-04:00,5.204999923706055,5.219900131225586,5.199999809265137,5.215000152587891,209676,0.0,0.0
2024-08-01 12:45:00-04:00,5.215000152587891,5.230000019073486,5.210000038146973,5.224999904632568,49373,0.0,0.0
2024-08-01 12:50:00-04:00,5.224999904632568,5.239999771118164,5.215000152587891,5.235000133514404,61534,0.0,0.0
2024-08-01 12:55:00-04:00,5.235000133514404,5.269999980926514,5.230100154876709,5.264999866485596,48192,0.0,0.0
2024-08-01 13:00:00-04:00,5.264599800109863,5.269999980926514,5.25,5.255000114440918,41764,0.0,0.0
2024-08-01 13:05:00-04:00,5.25,5.25,5.239999771118164,5.248499870300293,19620,0.0,0.0
2024-08-01 13:10:00-04:00,5.249899864196777,5.25,5.21999979019165,5.235000133514404,82644,0.0,0.0
2024-08-01 13:15:00-04:00,5.235000133514404,5.260000228881836,5.230000019073486,5.244999885559082,48600,0.0,0.0
2024-08-01 13:20:00-04:00,5.244999885559082,5.25,5.239999771118164,5.244999885559082,18836,0.0,0.0
2024-08-01 13:25:00-04:00,5.25,5.25,5.235000133514404,5.244999885559082,43338,0.0,0.0
2024-08-01 13:30:00-04:00,5.244999885559082,5.257999897003174,5.239999771118164,5.244999885559082,64739,0.0,0.0
2024-08-01 13:35:00-04:00,5.244999885559082,5.244999885559082,5.230000019073486,5.235000133514404,54322,0.0,0.0
2024-08-01 13:40:00-04:00,5.239999771118164,5.239999771118164,5.21999979019165,5.224999904632568,49586,0.0,0.0
2024-08-01 13:45:00-04:00,5.224999904632568,5.260000228881836,5.21999979019165,5.260000228881836,84532,0.0,0.0
2024-08-01 13:50:00-04:00,5.255000114440918,5.260000228881836,5.235000133514404,5.25,65504,0.0,0.0
2024-08-01 13:55:00-04:00,5.255000114440918,5.255000114440918,5.21999979019165,5.239999771118164,41048,0.0,0.0
2024-08-01 14:00:00-04:00,5.239999771118164,5.25,5.199999809265137,5.208600044250488,275322,0.0,0.0
2024-08-01 14:05:00-04:00,5.199999809265137,5.210000038146973,5.179999828338623,5.189799785614014,125443,0.0,0.0
2024-08-01 14:10:00-04:00,5.184999942779541,5.190000057220459,5.150000095367432,5.15500020980835,44152,0.0,0.0
2024-08-01 14:15:00-04:00,5.150100231170654,5.170000076293945,5.150000095367432,5.159999847412109,74832,0.0,0.0
2024-08-01 14:20:00-04:00,5.1620001792907715,5.170000076293945,5.130000114440918,5.164999961853027,161766,0.0,0.0
2024-08-01 14:25:00-04:00,5.164999961853027,5.170000076293945,5.15500020980835,5.164999961853027,72937,0.0,0.0
2024-08-01 14:30:00-04:00,5.164999961853027,5.170000076293945,5.15500020980835,5.15500020980835,44785,0.0,0.0
2024-08-01 14:35:00-04:00,5.159999847412109,5.170000076293945,5.15500020980835,5.164999961853027,41546,0.0,0.0
2024-08-01 14:40:00-04:00,5.168000221252441,5.170000076293945,5.103799819946289,5.105000019073486,214266,0.0,0.0
2024-08-01 14:45:00-04:00,5.099999904632568,5.130000114440918,5.099999904632568,5.125,77369,0.0,0.0
2024-08-01 14:50:00-04:00,5.125,5.130000114440918,5.119999885559082,5.119999885559082,50765,0.0,0.0
2024-08-01 14:55:00-04:00,5.125,5.139999866485596,5.119999885559082,5.125,103673,0.0,0.0
2024-08-01 15:00:00-04:00,5.130000114440918,5.139999866485596,5.110000133514404,5.138299942016602,112240,0.0,0.0
2024-08-01 15:05:00-04:00,5.135000228881836,5.150000095367432,5.11269998550415,5.144999980926514,84427,0.0,0.0
2024-08-01 15:10:00-04:00,5.150000095367432,5.170000076293945,5.139999866485596,5.15500020980835,84448,0.0,0.0
2024-08-01 15:15:00-04:00,5.15500020980835,5.170000076293945,5.150100231170654,5.169899940490723,59450,0.0,0.0
2024-08-01 15:20:00-04:00,5.164999961853027,5.21999979019165,5.159999847412109,5.21999979019165,148098,0.0,0.0
2024-08-01 15:25:00-04:00,5.210000038146973,5.230000019073486,5.204999923706055,5.224999904632568,105390,0.0,0.0
2024-08-01 15:30:00-04:00,5.224999904632568,5.25,5.21999979019165,5.224999904632568,153523,0.0,0.0
2024-08-01 15:35:00-04:00,5.224999904632568,5.2399001121521,5.21999979019165,5.229700088500977,118492,0.0,0.0
2024-08-01 15:40:00-04:00,5.230000019073486,5.239999771118164,5.21999979019165,5.224999904632568,138541,0.0,0.0
2024-08-01 15:45:00-04:00,5.224999904632568,5.315000057220459,5.220099925994873,5.315000057220459,294571,0.0,0.0
2024-08-01 15:50:00-04:00,5.309999942779541,5.340000152587891,5.300000190734863,5.324999809265137,520271,0.0,0.0
2024-08-01 15:55:00-04:00,5.324999809265137,5.349999904632568,5.300000190734863,5.329899787902832,822229,0.0,0.0
2024-08-02 09:30:00-04:00,5.059999942779541,5.074999809265137,4.770599842071533,4.789999961853027,1233150,0.0,0.0
2024-08-02 09:35:00-04:00,4.784999847412109,4.929999828338623,4.78000020980835,4.914999961853027,433501,0.0,0.0
2024-08-02 09:40:00-04:00,4.914999961853027,4.929999828338623,4.849999904632568,4.925000190734863,460895,0.0,0.0
2024-08-02 09:45:00-04:00,4.925000190734863,4.949999809265137,4.920300006866455,4.929999828338623,103204,0.0,0.0
2024-08-02 09:50:00-04:00,4.949999809265137,4.960000038146973,4.889999866485596,4.889999866485596,129147,0.0,0.0
2024-08-02 09:55:00-04:00,4.889999866485596,4.929500102996826,4.864999771118164,4.929500102996826,164445,0.0,0.0
2024-08-02 10:00:00-04:00,4.925000190734863,4.929999828338623,4.894999980926514,4.90500020980835,124550,0.0,0.0
2024-08-02 10:05:00-04:00,4.90500020980835,4.960000038146973,4.894999980926514,4.918000221252441,137688,0.0,0.0
2024-08-02 10:10:00-04:00,4.920000076293945,4.920000076293945,4.849999904632568,4.849999904632568,317051,0.0,0.0
2024-08-02 10:15:00-04:00,4.855000019073486,4.889999866485596,4.849999904632568,4.864999771118164,135264,0.0,0.0
2024-08-02 10:20:00-04:00,4.869999885559082,4.869999885559082,4.820000171661377,4.849100112915039,167095,0.0,0.0
2024-08-02 10:25:00-04:00,4.840000152587891,4.880000114440918,4.829999923706055,4.860000133514404,97520,0.0,0.0
2024-08-02 10:30:00-04:00,4.863999843597412,4.880000114440918,4.809999942779541,4.815000057220459,299139,0.0,0.0
2024-08-02 10:35:00-04:00,4.809999942779541,4.835000038146973,4.809999942779541,4.820000171661377,82612,0.0,0.0
2024-08-02 10:40:00-04:00,4.815000057220459,4.824999809265137,4.804999828338623,4.815000057220459,119238,0.0,0.0
2024-08-02 10:45:00-04:00,4.815000057220459,4.820000171661377,4.78000020980835,4.815000057220459,254720,0.0,0.0
2024-08-02 10:50:00-04:00,4.800000190734863,4.808000087738037,4.78000020980835,4.789899826049805,83070,0.0,0.0
2024-08-02 10:55:00-04:00,4.783899784088135,4.789999961853027,4.755000114440918,4.759900093078613,109351,0.0,0.0
2024-08-02 11:00:00-04:00,4.751999855041504,4.764999866485596,4.739999771118164,4.744999885559082,168259,0.0,0.0
2024-08-02 11:05:00-04:00,4.75,4.760000228881836,4.730000019073486,4.75,182361,0.0,0.0
2024-08-02 11:10:00-04:00,4.75,4.804999828338623,4.740499973297119,4.789999961853027,199996,0.0,0.0
2024-08-02 11:15:00-04:00,4.809999942779541,4.809999942779541,4.75,4.784999847412109,155242,0.0,0.0
2024-08-02 11:20:00-04:00,4.783667087554932,4.788899898529053,4.764999866485596,4.78000020980835,52206,0.0,0.0
2024-08-02 11:25:00-04:00,4.784999847412109,4.809999942779541,4.775000095367432,4.805699825286865,56214,0.0,0.0
2024-08-02 11:30:00-04:00,4.800099849700928,4.820000171661377,4.800000190734863,4.80049991607666,55990,0.0,0.0
2024-08-02 11:35:00-04:00,4.804999828338623,4.820000171661377,4.800000190734863,4.804999828338623,78060,0.0,0.0
2024-08-02 11:40:00-04:00,4.800000190734863,4.849899768829346,4.800000190734863,4.83519983291626,126735,0.0,0.0
2024-08-02 11:45:00-04:00,4.835000038146973,4.840000152587891,4.820099830627441,4.835000038146973,50144,0.0,0.0
2024-08-02 11:50:00-04:00,4.836400032043457,4.840000152587891,4.800000190734863,4.815000057220459,66164,0.0,0.0
2024-08-02 11:55:00-04:00,4.807799816131592,4.829999923706055,4.78000020980835,4.784999847412109,147556,0.0,0.0
2024-08-02 12:00:00-04:00,4.784999847412109,4.789899826049805,4.760000228881836,4.775000095367432,108990,0.0,0.0
2024-08-02 12:05:00-04:00,4.78000020980835,4.800000190734863,4.775000095367432,4.795000076293945,95385,0.0,0.0
2024-08-02 12:10:00-04:00,4.795000076293945,4.798999786376953,4.769999980926514,4.775000095367432,50713,0.0,0.0
2024-08-02 12:15:00-04:00,4.775000095367432,4.789999961853027,4.760000228881836,4.775000095367432,89985,0.0,0.0
2024-08-02 12:20:00-04:00,4.775000095367432,4.800000190734863,4.775000095367432,4.795000076293945,78919,0.0,0.0
2024-08-02 12:25:00-04:00,4.795000076293945,4.809999942779541,4.764999866485596,4.769999980926514,166475,0.0,0.0
2024-08-02 12:30:00-04:00,4.769100189208984,4.809999942779541,4.764999866485596,4.804999828338623,106385,0.0,0.0
2024-08-02 12:35:00-04:00,4.809999942779541,4.815000057220459,4.800000190734863,4.809999942779541,39202,0.0,0.0
2024-08-02 12:40:00-04:00,4.804999828338623,4.820000171661377,4.800000190734863,4.805500030517578,64954,0.0,0.0
2024-08-02 12:45:00-04:00,4.804999828338623,4.829999923706055,4.795000076293945,4.824999809265137,123124,0.0,0.0
2024-08-02 12:50:00-04:00,4.824999809265137,4.840000152587891,4.800000190734863,4.800000190734863,49717,0.0,0.0
2024-08-02 12:55:00-04:00,4.804999828338623,4.804999828338623,4.769999980926514,4.769999980926514,162973,0.0,0.0
2024-08-02 13:00:00-04:00,4.769999980926514,4.784999847412109,4.760000228881836,4.764999866485596,114235,0.0,0.0
2024-08-02 13:05:00-04:00,4.7600998878479,4.78000020980835,4.760000228881836,4.775000095367432,53230,0.0,0.0
2024-08-02 13:10:00-04:00,4.7795000076293945,4.824999809265137,4.769999980926514,4.815000057220459,68063,0.0,0.0
2024-08-02 13:15:00-04:00,4.809999942779541,4.820000171661377,4.8043999671936035,4.820000171661377,94761,0.0,0.0
2024-08-02 13:20:00-04:00,4.820000171661377,4.820000171661377,4.800000190734863,4.805699825286865,38770,0.0,0.0
2024-08-02 13:25:00-04:00,4.800099849700928,4.809999942779541,4.775000095367432,4.78000020980835,53408,0.0,0.0
2024-08-02 13:30:00-04:00,4.775000095367432,4.789999961853027,4.769999980926514,4.784999847412109,46685,0.0,0.0
2024-08-02 13:35:00-04:00,4.784999847412109,4.784999847412109,4.769999980926514,4.775000095367432,42446,0.0,0.0
2024-08-02 13:40:00-04:00,4.7754998207092285,4.78000020980835,4.760000228881836,4.760000228881836,45533,0.0,0.0
2024-08-02 13:45:00-04:00,4.764999866485596,4.779900074005127,4.739999771118164,4.739999771118164,267852,0.0,0.0
2024-08-02 13:50:00-04:00,4.744999885559082,4.75,4.679999828338623,4.690800189971924,419982,0.0,0.0
2024-08-02 13:55:00-04:00,4.695000171661377,4.699999809265137,4.690000057220459,4.690000057220459,81460,0.0,0.0
2024-08-02 14:00:00-04:00,4.695000171661377,4.699999809265137,4.670000076293945,4.695000171661377,97173,0.0,0.0
2024-08-02 14:05:00-04:00,4.699999809265137,4.710000038146973,4.690000057220459,4.695000171661377,87805,0.0,0.0
2024-08-02 14:10:00-04:00,4.699999809265137,4.699999809265137,4.679999828338623,4.679999828338623,328367,0.0,0.0
2024-08-02 14:15:00-04:00,4.679999828338623,4.690000057220459,4.679999828338623,4.679999828338623,42979,0.0,0.0
2024-08-02 14:20:00-04:00,4.684999942779541,4.699999809265137,4.670000076293945,4.675000190734863,113833,0.0,0.0
2024-08-02 14:25:00-04:00,4.675000190734863,4.704999923706055,4.670000076293945,4.684999942779541,285688,0.0,0.0
2024-08-02 14:30:00-04:00,4.684999942779541,4.690000057220459,4.670000076293945,4.670000076293945,93092,0.0,0.0
2024-08-02 14:35:00-04:00,4.670000076293945,4.670000076293945,4.650000095367432,4.65500020980835,119523,0.0,0.0
2024-08-02 14:40:00-04:00,4.65500020980835,4.659999847412109,4.650000095367432,4.65500020980835,114679,0.0,0.0
2024-08-02 14:45:00-04:00,4.65500020980835,4.670000076293945,4.639999866485596,4.644999980926514,288743,0.0,0.0
2024-08-02 14:50:00-04:00,4.644999980926514,4.649899959564209,4.614999771118164,4.630000114440918,144050,0.0,0.0
2024-08-02 14:55:00-04:00,4.635000228881836,4.650000095367432,4.610000133514404,4.630000114440918,193283,0.0,0.0
2024-08-02 15:00:00-04:00,4.625,4.670000076293945,4.625,4.670000076293945,183067,0.0,0.0
2024-08-02 15:05:00-04:00,4.670000076293945,4.670000076293945,4.659999847412109,4.664999961853027,132245,0.0,0.0
2024-08-02 15:10:00-04:00,4.670000076293945,4.704999923706055,4.659999847412109,4.679999828338623,345331,0.0,0.0
2024-08-02 15:15:00-04:00,4.679999828338623,4.704999923706055,4.670000076293945,4.699999809265137,232669,0.0,0.0
2024-08-02 15:20:00-04:00,4.699999809265137,4.704999923706055,4.679999828338623,4.679999828338623,576128,0.0,0.0
2024-08-02 15:25:00-04:00,4.684999942779541,4.689899921417236,4.630000114440918,4.635000228881836,287925,0.0,0.0
2024-08-02 15:30:00-04:00,4.639999866485596,4.639999866485596,4.619999885559082,4.635000228881836,253183,0.0,0.0
2024-08-02 15:35:00-04:00,4.630099773406982,4.639999866485596,4.619999885559082,4.625,270671,0.0,0.0
2024-08-02 15:40:00-04:00,4.625,4.639999866485596,4.610000133514404,4.635000228881836,388308,0.0,0.0
2024-08-02 15:45:00-04:00,4.630000114440918,4.679999828338623,4.630000114440918,4.675000190734863,451141,0.0,0.0
2024-08-02 15:50:00-04:00,4.675000190734863,4.690000057220459,4.639999866485596,4.684999942779541,517202,0.0,0.0
2024-08-02 15:55:00-04:00,4.684999942779541,4.690000057220459,4.659999847412109,4.664999961853027,884357,0.0,0.0
2024-08-05 09:30:00-04:00,4.28000020980835,4.28000020980835,4.119999885559082,4.260000228881836,2337085,0.0,0.0
2024-08-05 09:35:00-04:00,4.264999866485596,4.349999904632568,4.199999809265137,4.329999923706055,775450,0.0,0.0
2024-08-05 09:40:00-04:00,4.239999771118164,4.269899845123291,4.199999809265137,4.244999885559082,380950,0.0,0.0
2024-08-05 09:45:00-04:00,4.271999835968018,4.309999942779541,4.271999835968018,4.304999828338623,330464,0.0,0.0
2024-08-05 09:50:00-04:00,4.300000190734863,4.307499885559082,4.224999904632568,4.244999885559082,385759,0.0,0.0
2024-08-05 09:55:00-04:00,4.244999885559082,4.275000095367432,4.22760009765625,4.22760009765625,255213,0.0,0.0
2024-08-05 10:00:00-04:00,4.224999904632568,4.309999942779541,4.224999904632568,4.264999866485596,392498,0.0,0.0
2024-08-05 10:05:00-04:00,4.260000228881836,4.289899826049805,4.224999904632568,4.244999885559082,194169,0.0,0.0
2024-08-05 10:10:00-04:00,4.244999885559082,4.284999847412109,4.21999979019165,4.275000095367432,204215,0.0,0.0
2024-08-05 10:15:00-04:00,4.269999980926514,4.289999961853027,4.260000228881836,4.284999847412109,278977,0.0,0.0
2024-08-05 10:20:00-04:00,4.284999847412109,4.289899826049805,4.220099925994873,4.244999885559082,238000,0.0,0.0
2024-08-05 10:25:00-04:00,4.244999885559082,4.269999980926514,4.210000038146973,4.210000038146973,225696,0.0,0.0
2024-08-05 10:30:00-04:00,4.215000152587891,4.260000228881836,4.210000038146973,4.260000228881836,294784,0.0,0.0
2024-08-05 10:35:00-04:00,4.260000228881836,4.289999961853027,4.25,4.275000095367432,195164,0.0,0.0
2024-08-05 10:40:00-04:00,4.269999980926514,4.284999847412109,4.255000114440918,4.258900165557861,190691,0.0,0.0
2024-08-05 10:45:00-04:00,4.255000114440918,4.289999961853027,4.25,4.278299808502197,225469,0.0,0.0
2024-08-05 10:50:00-04:00,4.275000095367432,4.300000190734863,4.25,4.295000076293945,151411,0.0,0.0
2024-08-05 10:55:00-04:00,4.295000076293945,4.295000076293945,4.239999771118164,4.260000228881836,162253,0.0,0.0
2024-08-05 11:00:00-04:00,4.264999866485596,4.28000020980835,4.260000228881836,4.264999866485596,109652,0.0,0.0
2024-08-05 11:05:00-04:00,4.264999866485596,4.300000190734863,4.260000228881836,4.284999847412109,217816,0.0,0.0
2024-08-05 11:10:00-04:00,4.284999847412109,4.300000190734863,4.25,4.295000076293945,261389,0.0,0.0
2024-08-05 11:15:00-04:00,4.295000076293945,4.300000190734863,4.25,4.269199848175049,117483,0.0,0.0
2024-08-05 11:20:00-04:00,4.260000228881836,4.28000020980835,4.260000228881836,4.264999866485596,89594,0.0,0.0
2024-08-05 11:25:00-04:00,4.264999866485596,4.269999980926514,4.21999979019165,4.224999904632568,173440,0.0,0.0
2024-08-05 11:30:00-04:00,4.21999979019165,4.239999771118164,4.21999979019165,4.230000019073486,131040,0.0,0.0
2024-08-05 11:35:00-04:00,4.235000133514404,4.300000190734863,4.235000133514404,4.300000190734863,105678,0.0,0.0
2024-08-05 11:40:00-04:00,4.295000076293945,4.300000190734863,4.270100116729736,4.284999847412109,176512,0.0,0.0
2024-08-05 11:45:00-04:00,4.289999961853027,4.300000190734863,4.28000020980835,4.289999961853027,194263,0.0,0.0
2024-08-05 11:50:00-04:00,4.284999847412109,4.289999961853027,4.260000228881836,4.289999961853027,162423,0.0,0.0
2024-08-05 11:55:00-04:00,4.289999961853027,4.309999942779541,4.284999847412109,4.304999828338623,161688,0.0,0.0
2024-08-05 12:00:00-04:00,4.309999942779541,4.340000152587891,4.304999828338623,4.324999809265137,336395,0.0,0.0
2024-08-05 12:05:00-04:00,4.335000038146973,4.335000038146973,4.309999942779541,4.329999923706055,204718,0.0,0.0
2024-08-05 12:10:00-04:00,4.324999809265137,4.355000019073486,4.309999942779541,4.34499979019165,227885,0.0,0.0
2024-08-05 12:15:00-04:00,4.3420000076293945,4.349899768829346,4.329999923706055,4.329999923706055,122697,0.0,0.0
2024-08-05 12:20:00-04:00,4.340000152587891,4.355000019073486,4.329999923706055,4.34499979019165,298383,0.0,0.0
2024-08-05 12:25:00-04:00,4.340000152587891,4.375,4.340000152587891,4.375,328592,0.0,0.0
2024-08-05 12:30:00-04:00,4.379899978637695,4.379899978637695,4.329999923706055,4.34499979019165,209950,0.0,0.0
2024-08-05 12:35:00-04:00,4.34499979019165,4.389999866485596,4.340000152587891,4.364999771118164,235219,0.0,0.0
2024-08-05 12:40:00-04:00,4.364999771118164,4.380000114440918,4.34499979019165,4.349699974060059,116016,0.0,0.0
2024-08-05 12:45:00-04:00,4.34499979019165,4.349999904632568,4.309999942779541,4.315000057220459,98400,0.0,0.0
2024-08-05 12:50:00-04:00,4.309999942779541,4.340000152587891,4.309999942779541,4.335000038146973,67403,0.0,0.0
2024-08-05 12:55:00-04:00,4.335000038146973,4.369999885559082,4.324999809265137,4.360000133514404,113813,0.0,0.0
2024-08-05 13:00:00-04:00,4.360000133514404,4.369999885559082,4.349999904632568,4.349999904632568,87124,0.0,0.0
2024-08-05 13:05:00-04:00,4.349999904632568,4.360000133514404,4.340000152587891,4.34499979019165,100301,0.0,0.0
2024-08-05 13:10:00-04:00,4.349999904632568,4.349999904632568,4.335000038146973,4.349999904632568,89623,0.0,0.0
2024-08-05 13:15:00-04:00,4.349999904632568,4.375,4.349999904632568,4.375,69738,0.0,0.0
2024-08-05 13:20:00-04:00,4.375,4.389999866485596,4.355000019073486,4.389999866485596,92842,0.0,0.0
2024-08-05 13:25:00-04:00,4.389999866485596,4.400000095367432,4.375,4.375,62400,0.0,0.0
2024-08-05 13:30:00-04:00,4.380000114440918,4.400000095367432,4.370500087738037,4.400000095367432,52323,0.0,0.0
2024-08-05 13:35:00-04:00,4.394999980926514,4.420000076293945,4.389999866485596,4.4120001792907715,69078,0.0,0.0
2024-08-05 13:40:00-04:00,4.4120001792907715,4.429999828338623,4.410699844360352,4.429999828338623,125206,0.0,0.0
2024-08-05 13:45:00-04:00,4.425000190734863,4.440000057220459,4.420100212097168,4.425000190734863,39174,0.0,0.0
2024-08-05 13:50:00-04:00,4.425000190734863,4.440000057220459,4.420000076293945,4.425000190734863,85181,0.0,0.0
2024-08-05 13:55:00-04:00,4.429999828338623,4.449999809265137,4.425000190734863,4.425000190734863,69886,0.0,0.0
2024-08-05 14:00:00-04:00,4.425000190734863,4.425000190734863,4.389999866485596,4.394999980926514,81925,0.0,0.0
2024-08-05 14:05:00-04:00,4.394999980926514,4.400000095367432,4.389999866485596,4.394999980926514,51582,0.0,0.0
2024-08-05 14:10:00-04:00,4.394999980926514,4.399899959564209,4.375,4.385000228881836,92798,0.0,0.0
2024-08-05 14:15:00-04:00,4.385000228881836,4.394999980926514,4.370999813079834,4.389999866485596,105104,0.0,0.0
2024-08-05 14:20:00-04:00,4.389999866485596,4.409999847412109,4.385000228881836,4.409999847412109,51806,0.0,0.0
2024-08-05 14:25:00-04:00,4.409999847412109,4.409999847412109,4.390100002288818,4.394999980926514,86509,0.0,0.0
2024-08-05 14:30:00-04:00,4.390100002288818,4.400000095367432,4.389999866485596,4.394999980926514,24980,0.0,0.0
2024-08-05 14:35:00-04:00,4.394999980926514,4.400000095367432,4.380099773406982,4.385000228881836,49674,0.0,0.0
2024-08-05 14:40:00-04:00,4.385000228881836,4.389999866485596,4.364999771118164,4.364999771118164,68871,0.0,0.0
2024-08-05 14:45:00-04:00,4.364999771118164,4.369999885559082,4.349999904632568,4.355000019073486,107200,0.0,0.0
2024-08-05 14:50:00-04:00,4.355000019073486,4.400000095367432,4.349999904632568,4.380000114440918,125927,0.0,0.0
2024-08-05 14:55:00-04:00,4.385000228881836,4.385000228881836,4.360000133514404,4.375,82563,0.0,0.0
2024-08-05 15:00:00-04:00,4.375,4.389999866485596,4.370100021362305,4.389999866485596,124297,0.0,0.0
2024-08-05 15:05:00-04:00,4.389999866485596,4.389999866485596,4.360000133514404,4.369999885559082,77023,0.0,0.0
2024-08-05 15:10:00-04:00,4.364999771118164,4.380000114440918,4.360099792480469,4.375,68160,0.0,0.0
2024-08-05 15:15:00-04:00,4.375,4.375,4.360000133514404,4.364999771118164,66898,0.0,0.0
2024-08-05 15:20:00-04:00,4.369900226593018,4.380000114440918,4.360000133514404,4.380000114440918,189741,0.0,0.0
2024-08-05 15:25:00-04:00,4.380000114440918,4.389999866485596,4.369999885559082,4.389999866485596,117809,0.0,0.0
2024-08-05 15:30:00-04:00,4.389999866485596,4.389999866485596,4.380000114440918,4.389999866485596,167460,0.0,0.0
2024-08-05 15:35:00-04:00,4.389999866485596,4.389999866485596,4.380099773406982,4.380099773406982,159370,0.0,0.0
2024-08-05 15:40:00-04:00,4.385000228881836,4.389999866485596,4.380000114440918,4.389999866485596,89759,0.0,0.0
2024-08-05 15:45:00-04:00,4.380099773406982,4.389999866485596,4.380099773406982,4.389999866485596,450715,0.0,0.0
2024-08-05 15:50:00-04:00,4.389999866485596,4.389999866485596,4.380000114440918,4.385000228881836,403824,0.0,0.0
2024-08-05 15:55:00-04:00,4.389999866485596,4.460000038146973,4.382400035858154,4.449999809265137,885643,0.0,0.0
2024-08-06 09:30:00-04:00,4.659999847412109,4.659999847412109,4.440000057220459,4.445000171661377,511984,0.0,0.0
2024-08-06 09:35:00-04:00,4.447500228881836,4.449999809265137,4.40500020980835,4.425000190734863,163698,0.0,0.0
2024-08-06 09:40:00-04:00,4.425000190734863,4.434999942779541,4.3927001953125,4.425000190734863,133949,0.0,0.0
2024-08-06 09:45:00-04:00,4.425000190734863,4.440000057220459,4.409999847412109,4.429999828338623,113985,0.0,0.0
2024-08-06 09:50:00-04:00,4.425000190734863,4.425000190734863,4.380000114440918,4.394999980926514,58302,0.0,0.0
2024-08-06 09:55:00-04:00,4.400000095367432,4.409999847412109,4.389999866485596,4.394999980926514,76808,0.0,0.0
2024-08-06 10:00:00-04:00,4.394999980926514,4.434999942779541,4.380000114440918,4.40500020980835,145921,0.0,0.0
2024-08-06 10:05:00-04:00,4.409999847412109,4.474999904632568,4.409999847412109,4.474999904632568,124635,0.0,0.0
2024-08-06 10:10:00-04:00,4.474999904632568,4.479899883270264,4.454999923706055,4.454999923706055,85460,0.0,0.0
2024-08-06 10:15:00-04:00,4.460000038146973,4.489999771118164,4.440000057220459,4.485000133514404,57699,0.0,0.0
2024-08-06 10:20:00-04:00,4.485000133514404,4.5,4.454999923706055,4.465000152587891,54099,0.0,0.0
2024-08-06 10:25:00-04:00,4.465000152587891,4.465000152587891,4.425000190734863,4.440000057220459,82857,0.0,0.0
2024-08-06 10:30:00-04:00,4.445000171661377,4.445000171661377,4.40500020980835,4.434999942779541,74327,0.0,0.0
2024-08-06 10:35:00-04:00,4.434999942779541,4.454999923706055,4.434999942779541,4.445000171661377,84727,0.0,0.0
2024-08-06 10:40:00-04:00,4.445000171661377,4.5,4.425000190734863,4.494999885559082,101691,0.0,0.0
2024-08-06 10:45:00-04:00,4.494999885559082,4.519999980926514,4.489999771118164,4.514999866485596,95227,0.0,0.0
2024-08-06 10:50:00-04:00,4.519999980926514,4.519999980926514,4.5,4.519999980926514,64959,0.0,0.0
2024-08-06 10:55:00-04:00,4.519999980926514,4.519999980926514,4.46999979019165,4.485000133514404,93282,0.0,0.0
2024-08-06 11:00:00-04:00,4.485000133514404,4.505000114440918,4.480000019073486,4.480199813842773,68028,0.0,0.0
2024-08-06 11:05:00-04:00,4.485000133514404,4.510000228881836,4.480000019073486,4.510000228881836,49974,0.0,0.0
2024-08-06 11:10:00-04:00,4.505000114440918,4.510000228881836,4.461999893188477,4.474999904632568,110720,0.0,0.0
2024-08-06 11:15:00-04:00,4.474999904632568,4.499899864196777,4.449999809265137,4.489999771118164,118039,0.0,0.0
2024-08-06 11:20:00-04:00,4.494999885559082,4.5,4.480000019073486,4.489999771118164,67924,0.0,0.0
2024-08-06 11:25:00-04:00,4.480100154876709,4.5,4.460000038146973,4.460000038146973,73413,0.0,0.0
2024-08-06 11:30:00-04:00,4.465000152587891,4.480000019073486,4.454999923706055,4.474999904632568,42224,0.0,0.0
2024-08-06 11:35:00-04:00,4.474999904632568,4.480000019073486,4.449999809265137,4.454999923706055,52493,0.0,0.0
2024-08-06 11:40:00-04:00,4.454999923706055,4.489999771118164,4.454999923706055,4.489999771118164,69242,0.0,0.0
2024-08-06 11:45:00-04:00,4.489999771118164,4.494999885559082,4.46999979019165,4.480000019073486,74276,0.0,0.0
2024-08-06 11:50:00-04:00,4.480000019073486,4.480000019073486,4.454999923706055,4.454999923706055,62354,0.0,0.0
2024-08-06 11:55:00-04:00,4.454999923706055,4.46999979019165,4.449999809265137,4.46999979019165,53790,0.0,0.0
2024-08-06 12:00:00-04:00,4.46999979019165,4.480000019073486,4.465000152587891,4.465000152587891,80684,0.0,0.0
2024-08-06 12:05:00-04:00,4.465000152587891,4.478300094604492,4.460000038146973,4.46999979019165,93248,0.0,0.0
2024-08-06 12:10:00-04:00,4.46999979019165,4.480000019073486,4.465000152587891,4.46999979019165,83069,0.0,0.0
2024-08-06 12:15:00-04:00,4.46999979019165,4.480000019073486,4.46999979019165,4.46999979019165,58801,0.0,0.0
2024-08-06 12:20:00-04:00,4.474999904632568,4.480000019073486,4.460100173950195,4.474999904632568,72900,0.0,0.0
2024-08-06 12:25:00-04:00,4.474999904632568,4.480000019073486,4.460000038146973,4.461299896240234,64933,0.0,0.0
2024-08-06 12:30:00-04:00,4.46999979019165,4.46999979019165,4.460000038146973,4.46999979019165,62366,0.0,0.0
2024-08-06 12:35:00-04:00,4.46999979019165,4.474999904632568,4.460000038146973,4.465000152587891,89567,0.0,0.0
2024-08-06 12:40:00-04:00,4.465000152587891,4.480000019073486,4.460000038146973,4.46999979019165,73560,0.0,0.0
2024-08-06 12:45:00-04:00,4.46999979019165,4.480000019073486,4.46999979019165,4.474999904632568,50000,0.0,0.0
2024-08-06 12:50:00-04:00,4.46999979019165,4.480000019073486,4.465000152587891,4.474999904632568,93804,0.0,0.0
2024-08-06 12:55:00-04:00,4.474999904632568,4.480000019073486,4.46999979019165,4.474999904632568,53351,0.0,0.0
2024-08-06 13:00:00-04:00,4.474999904632568,4.480000019073486,4.46999979019165,4.474999904632568,41607,0.0,0.0
2024-08-06 13:05:00-04:00,4.474999904632568,4.474999904632568,4.460000038146973,4.469699859619141,73357,0.0,0.0
2024-08-06 13:10:00-04:00,4.465000152587891,4.466000080108643,4.440000057220459,4.465000152587891,72116,0.0,0.0
2024-08-06 13:15:00-04:00,4.46999979019165,4.46999979019165,4.452099800109863,4.465000152587891,46359,0.0,0.0
2024-08-06 13:20:00-04:00,4.465000152587891,4.46999979019165,4.449999809265137,4.454999923706055,58011,0.0,0.0
2024-08-06 13:25:00-04:00,4.454999923706055,4.460000038146973,4.449999809265137,4.454999923706055,91808,0.0,0.0
2024-08-06 13:30:00-04:00,4.454999923706055,4.465000152587891,4.449999809265137,4.460000038146973,125628,0.0,0.0
2024-08-06 13:35:00-04:00,4.454999923706055,4.460000038146973,4.454999923706055,4.460000038146973,32922,0.0,0.0
2024-08-06 13:40:00-04:00,4.460000038146973,4.460000038146973,4.449999809265137,4.454999923706055,35877,0.0,0.0
2024-08-06 13:45:00-04:00,4.460000038146973,4.46999979019165,4.449999809265137,4.465000152587891,131385,0.0,0.0
2024-08-06 13:50:00-04:00,4.465000152587891,4.46999979019165,4.449999809265137,4.460000038146973,56152,0.0,0.0
2024-08-06 13:55:00-04:00,4.460000038146973,4.489999771118164,4.460000038146973,4.46999979019165,112901,0.0,0.0
2024-08-06 14:00:00-04:00,4.465000152587891,4.480000019073486,4.460000038146973,4.46999979019165,106044,0.0,0.0
2024-08-06 14:05:00-04:00,4.46999979019165,4.46999979019165,4.460000038146973,4.46999979019165,35321,0.0,0.0
2024-08-06 14:10:00-04:00,4.465000152587891,4.46999979019165,4.465000152587891,4.465000152587891,47577,0.0,0.0
2024-08-06 14:15:00-04:00,4.46999979019165,4.480000019073486,4.465000152587891,4.480000019073486,145029,0.0,0.0
2024-08-06 14:20:00-04:00,4.480000019073486,4.489999771118164,4.46999979019165,4.474999904632568,178253,0.0,0.0
2024-08-06 14:25:00-04:00,4.480000019073486,4.510000228881836,4.474999904632568,4.505000114440918,182691,0.0,0.0
2024-08-06 14:30:00-04:00,4.510000228881836,4.510000228881836,4.480000019073486,4.505000114440918,128076,0.0,0.0
2024-08-06 14:35:00-04:00,4.505000114440918,4.539999961853027,4.500100135803223,4.534999847412109,75394,0.0,0.0
2024-08-06 14:40:00-04:00,4.539999961853027,4.550000190734863,4.53000020980835,4.534999847412109,113164,0.0,0.0
2024-08-06 14:45:00-04:00,4.534999847412109,4.539999961853027,4.53000020980835,4.534999847412109,57961,0.0,0.0
2024-08-06 14:50:00-04:00,4.539999961853027,4.539999961853027,4.531000137329102,4.534999847412109,45027,0.0,0.0
2024-08-06 14:55:00-04:00,4.534999847412109,4.539999961853027,4.489999771118164,4.494999885559082,161727,0.0,0.0
2024-08-06 15:00:00-04:00,4.494999885559082,4.5,4.46999979019165,4.474999904632568,69407,0.0,0.0
2024-08-06 15:05:00-04:00,4.474999904632568,4.480000019073486,4.460000038146973,4.474999904632568,95534,0.0,0.0
2024-08-06 15:10:00-04:00,4.470099925994873,4.5,4.470099925994873,4.485000133514404,135926,0.0,0.0
2024-08-06 15:15:00-04:00,4.489999771118164,4.489999771118164,4.460000038146973,4.474999904632568,123685,0.0,0.0
2024-08-06 15:20:00-04:00,4.474999904632568,4.5,4.474999904632568,4.494999885559082,92045,0.0,0.0
2024-08-06 15:25:00-04:00,4.494999885559082,4.5,4.480299949645996,4.485000133514404,112771,0.0,0.0
2024-08-06 15:30:00-04:00,4.489999771118164,4.489999771118164,4.480000019073486,4.489999771118164,129912,0.0,0.0
2024-08-06 15:35:00-04:00,4.489999771118164,4.489999771118164,4.480000019073486,4.480000019073486,92405,0.0,0.0
2024-08-06 15:40:00-04:00,4.474999904632568,4.480000019073486,4.46999979019165,4.480000019073486,209610,0.0,0.0
2024-08-06 15:45:00-04:00,4.474999904632568,4.480000019073486,4.46999979019165,4.46999979019165,178202,0.0,0.0
2024-08-06 15:50:00-04:00,4.480000019073486,4.480000019073486,4.449999809265137,4.454999923706055,230090,0.0,0.0
2024-08-06 15:55:00-04:00,4.454999923706055,4.454999923706055,4.420000076293945,4.429999828338623,530746,0.0,0.0
2024-08-07 09:30:00-04:00,4.599999904632568,4.650000095367432,4.525000095367432,4.559999942779541,404318,0.0,0.0
2024-08-07 09:35:00-04:00,4.554999828338623,4.559999942779541,4.5,4.539999961853027,84297,0.0,0.0
2024-08-07 09:40:00-04:00,4.53000020980835,4.567999839782715,4.525725841522217,4.559999942779541,48320,0.0,0.0
2024-08-07 09:45:00-04:00,4.550000190734863,4.610000133514404,4.545000076293945,4.59499979019165,128623,0.0,0.0
2024-08-07 09:50:00-04:00,4.590099811553955,4.599999904632568,4.550000190734863,4.585000038146973,90866,0.0,0.0
2024-08-07 09:55:00-04:00,4.579999923706055,4.590000152587891,4.565000057220459,4.590000152587891,59214,0.0,0.0
2024-08-07 10:00:00-04:00,4.599999904632568,4.599999904632568,4.539999961853027,4.550000190734863,91774,0.0,0.0
2024-08-07 10:05:00-04:00,4.554999828338623,4.619999885559082,4.554999828338623,4.608799934387207,84854,0.0,0.0
2024-08-07 10:10:00-04:00,4.599999904632568,4.619999885559082,4.590000152587891,4.605000019073486,80500,0.0,0.0
2024-08-07 10:15:00-04:00,4.605000019073486,4.630000114440918,4.590000152587891,4.59499979019165,153859,0.0,0.0
2024-08-07 10:20:00-04:00,4.59499979019165,4.650000095367432,4.59499979019165,4.650000095367432,120686,0.0,0.0
2024-08-07 10:25:00-04:00,4.644999980926514,4.650000095367432,4.619999885559082,4.625,96658,0.0,0.0
2024-08-07 10:30:00-04:00,4.625,4.630000114440918,4.599999904632568,4.614999771118164,104728,0.0,0.0
2024-08-07 10:35:00-04:00,4.610000133514404,4.619999885559082,4.599999904632568,4.610000133514404,70744,0.0,0.0
2024-08-07 10:40:00-04:00,4.610000133514404,4.630000114440918,4.599999904632568,4.628799915313721,46251,0.0,0.0
2024-08-07 10:45:00-04:00,4.630000114440918,4.650000095367432,4.625,4.639999866485596,114223,0.0,0.0
2024-08-07 10:50:00-04:00,4.639999866485596,4.639999866485596,4.599999904632568,4.605000019073486,44928,0.0,0.0
2024-08-07 10:55:00-04:00,4.605199813842773,4.635000228881836,4.605199813842773,4.625,54076,0.0,0.0
2024-08-07 11:00:00-04:00,4.630000114440918,4.644999980926514,4.630000114440918,4.644999980926514,50584,0.0,0.0
2024-08-07 11:05:00-04:00,4.644999980926514,4.679900169372559,4.639999866485596,4.6697998046875,71536,0.0,0.0
2024-08-07 11:10:00-04:00,4.664999961853027,4.664999961853027,4.630000114440918,4.630000114440918,41617,0.0,0.0
2024-08-07 11:15:00-04:00,4.625,4.630000114440918,4.599999904632568,4.625,46046,0.0,0.0
2024-08-07 11:20:00-04:00,4.619999885559082,4.635000228881836,4.599999904632568,4.605000019073486,39017,0.0,0.0
2024-08-07 11:25:00-04:00,4.605000019073486,4.619999885559082,4.590000152587891,4.598499774932861,57751,0.0,0.0
2024-08-07 11:30:00-04:00,4.59499979019165,4.599999904632568,4.585000038146973,4.585000038146973,25398,0.0,0.0
2024-08-07 11:35:00-04:00,4.586226940155029,4.599999904632568,4.579999923706055,4.59499979019165,47015,0.0,0.0
2024-08-07 11:40:00-04:00,4.59499979019165,4.619900226593018,4.590000152587891,4.590000152587891,107427,0.0,0.0
2024-08-07 11:45:00-04:00,4.590000152587891,4.59499979019165,4.574999809265137,4.579999923706055,31871,0.0,0.0
2024-08-07 11:50:00-04:00,4.579999923706055,4.610000133514404,4.579999923706055,4.59499979019165,35237,0.0,0.0
2024-08-07 11:55:00-04:00,4.59499979019165,4.605999946594238,4.579999923706055,4.599999904632568,110526,0.0,0.0
2024-08-07 12:00:00-04:00,4.590000152587891,4.590000152587891,4.559999942779541,4.559999942779541,39981,0.0,0.0
2024-08-07 12:05:00-04:00,4.559999942779541,4.570000171661377,4.554999828338623,4.564000129699707,42333,0.0,0.0
2024-08-07 12:10:00-04:00,4.565000057220459,4.579999923706055,4.559999942779541,4.570000171661377,59937,0.0,0.0
2024-08-07 12:15:00-04:00,4.560100078582764,4.568900108337402,4.5518999099731445,4.5518999099731445,19849,0.0,0.0
2024-08-07 12:20:00-04:00,4.559999942779541,4.599999904632568,4.550000190734863,4.59499979019165,24822,0.0,0.0
2024-08-07 12:25:00-04:00,4.599999904632568,4.605000019073486,4.579999923706055,4.585000038146973,36326,0.0,0.0
2024-08-07 12:30:00-04:00,4.585000038146973,4.59499979019165,4.579999923706055,4.59499979019165,34018,0.0,0.0
2024-08-07 12:35:00-04:00,4.59499979019165,4.599999904632568,4.574999809265137,4.574999809265137,29642,0.0,0.0
2024-08-07 12:40:00-04:00,4.574999809265137,4.579999923706055,4.559999942779541,4.565000057220459,36056,0.0,0.0
2024-08-07 12:45:00-04:00,4.565000057220459,4.565000057220459,4.550000190734863,4.550000190734863,23632,0.0,0.0
2024-08-07 12:50:00-04:00,4.550000190734863,4.554999828338623,4.539999961853027,4.548399925231934,31330,0.0,0.0
2024-08-07 12:55:00-04:00,4.545000076293945,4.550000190734863,4.525000095367432,4.525000095367432,58910,0.0,0.0
2024-08-07 13:00:00-04:00,4.525000095367432,4.525000095367432,4.5,4.505000114440918,32980,0.0,0.0
2024-08-07 13:05:00-04:00,4.505000114440918,4.505000114440918,4.46999979019165,4.474999904632568,56012,0.0,0.0
2024-08-07 13:10:00-04:00,4.474999904632568,4.485000133514404,4.465000152587891,4.480100154876709,94622,0.0,0.0
2024-08-07 13:15:00-04:00,4.485000133514404,4.485000133514404,4.465000152587891,4.46999979019165,32266,0.0,0.0
2024-08-07 13:20:00-04:00,4.474999904632568,4.5,4.46999979019165,4.494999885559082,29968,0.0,0.0
2024-08-07 13:25:00-04:00,4.5,4.519999980926514,4.5,4.508800029754639,47101,0.0,0.0
2024-08-07 13:30:00-04:00,4.500100135803223,4.510000228881836,4.5,4.505000114440918,13213,0.0,0.0
2024-08-07 13:35:00-04:00,4.505000114440918,4.510000228881836,4.494999885559082,4.494999885559082,40152,0.0,0.0
2024-08-07 13:40:00-04:00,4.494999885559082,4.5,4.480000019073486,4.485000133514404,22687,0.0,0.0
2024-08-07 13:45:00-04:00,4.485000133514404,4.485000133514404,4.46999979019165,4.46999979019165,18495,0.0,0.0
2024-08-07 13:50:00-04:00,4.46999979019165,4.474999904632568,4.460000038146973,4.460000038146973,47932,0.0,0.0
2024-08-07 13:55:00-04:00,4.465000152587891,4.465000152587891,4.440299987792969,4.454999923706055,59455,0.0,0.0
2024-08-07 14:00:00-04:00,4.45989990234375,4.465000152587891,4.445000171661377,4.445000171661377,36736,0.0,0.0
2024-08-07 14:05:00-04:00,4.445000171661377,4.445000171661377,4.420000076293945,4.429999828338623,38425,0.0,0.0
2024-08-07 14:10:00-04:00,4.434999942779541,4.434999942779541,4.420000076293945,4.425000190734863,23612,0.0,0.0
2024-08-07 14:15:00-04:00,4.425000190734863,4.434999942779541,4.420000076293945,4.425000190734863,27290,0.0,0.0
2024-08-07 14:20:00-04:00,4.420000076293945,4.429999828338623,4.400000095367432,4.409999847412109,161237,0.0,0.0
2024-08-07 14:25:00-04:00,4.414999961853027,4.454999923706055,4.414999961853027,4.449999809265137,77465,0.0,0.0
2024-08-07 14:30:00-04:00,4.449999809265137,4.454999923706055,4.429999828338623,4.434999942779541,158064,0.0,0.0
2024-08-07 14:35:00-04:00,4.429999828338623,4.440000057220459,4.429999828338623,4.440000057220459,33636,0.0,0.0
2024-08-07 14:40:00-04:00,4.434999942779541,4.449999809265137,4.429999828338623,4.445000171661377,54053,0.0,0.0
2024-08-07 14:45:00-04:00,4.445000171661377,4.445000171661377,4.420000076293945,4.420000076293945,38152,0.0,0.0
2024-08-07 14:50:00-04:00,4.420000076293945,4.440000057220459,4.420000076293945,4.425000190734863,35096,0.0,0.0
2024-08-07 14:55:00-04:00,4.425000190734863,4.440000057220459,4.420000076293945,4.425000190734863,29641,0.0,0.0
2024-08-07 15:00:00-04:00,4.425000190734863,4.460000038146973,4.420000076293945,4.454999923706055,39019,0.0,0.0
2024-08-07 15:05:00-04:00,4.454999923706055,4.460000038146973,4.429999828338623,4.440000057220459,59593,0.0,0.0
2024-08-07 15:10:00-04:00,4.440000057220459,4.460000038146973,4.434999942779541,4.434999942779541,66829,0.0,0.0
2024-08-07 15:15:00-04:00,4.434999942779541,4.449999809265137,4.429999828338623,4.445000171661377,29415,0.0,0.0
2024-08-07 15:20:00-04:00,4.449999809265137,4.460000038146973,4.440000057220459,4.445000171661377,43182,0.0,0.0
2024-08-07 15:25:00-04:00,4.440000057220459,4.449999809265137,4.429999828338623,4.434999942779541,47862,0.0,0.0
2024-08-07 15:30:00-04:00,4.429999828338623,4.440000057220459,4.420000076293945,4.429999828338623,42192,0.0,0.0
2024-08-07 15:35:00-04:00,4.425000190734863,4.449999809265137,4.420000076293945,4.445000171661377,66791,0.0,0.0
2024-08-07 15:40:00-04:00,4.445000171661377,4.449999809265137,4.409999847412109,4.414999961853027,135654,0.0,0.0
2024-08-07 15:45:00-04:00,4.414999961853027,4.425000190734863,4.400000095367432,4.40500020980835,174217,0.0,0.0
2024-08-07 15:50:00-04:00,4.40500020980835,4.420000076293945,4.40500020980835,4.409999847412109,70287,0.0,0.0
2024-08-07 15:55:00-04:00,4.409999847412109,4.414999961853027,4.369999885559082,4.389999866485596,331336,0.0,0.0
2024-08-08 09:30:00-04:00,4.480000019073486,4.585000038146973,4.429999828338623,4.449999809265137,354907,0.0,0.0
2024-08-08 09:35:00-04:00,4.454999923706055,4.534999847412109,4.445099830627441,4.505000114440918,188590,0.0,0.0
2024-08-08 09:40:00-04:00,4.505000114440918,4.525000095367432,4.489999771118164,4.5,175595,0.0,0.0
2024-08-08 09:45:00-04:00,4.5,4.519999980926514,4.474999904632568,4.485000133514404,40610,0.0,0.0
2024-08-08 09:50:00-04:00,4.480000019073486,4.510000228881836,4.46999979019165,4.505000114440918,63217,0.0,0.0
2024-08-08 09:55:00-04:00,4.504000186920166,4.514999866485596,4.484000205993652,4.494999885559082,65526,0.0,0.0
2024-08-08 10:00:00-04:00,4.494999885559082,4.509300231933594,4.480500221252441,4.494999885559082,89012,0.0,0.0
2024-08-08 10:05:00-04:00,4.489999771118164,4.5,4.46999979019165,4.474999904632568,34229,0.0,0.0
2024-08-08 10:10:00-04:00,4.474999904632568,4.510000228881836,4.46999979019165,4.485000133514404,104616,0.0,0.0
2024-08-08 10:15:00-04:00,4.485000133514404,4.489999771118164,4.46999979019165,4.474999904632568,27821,0.0,0.0
2024-08-08 10:20:00-04:00,4.474999904632568,4.489999771118164,4.460000038146973,4.489500045776367,28778,0.0,0.0
2024-08-08 10:25:00-04:00,4.489999771118164,4.510000228881836,4.489999771118164,4.505000114440918,219584,0.0,0.0
2024-08-08 10:30:00-04:00,4.5,4.510000228881836,4.480000019073486,4.485000133514404,73642,0.0,0.0
2024-08-08 10:35:00-04:00,4.485000133514404,4.525000095367432,4.480000019073486,4.525000095367432,70118,0.0,0.0
2024-08-08 10:40:00-04:00,4.520599842071533,4.53000020980835,4.5,4.505000114440918,127724,0.0,0.0
2024-08-08 10:45:00-04:00,4.505000114440918,4.519999980926514,4.5,4.505000114440918,26125,0.0,0.0
2024-08-08 10:50:00-04:00,4.505000114440918,4.510000228881836,4.5,4.500100135803223,25957,0.0,0.0
2024-08-08 10:55:00-04:00,4.505000114440918,4.535099983215332,4.505000114440918,4.534999847412109,33940,0.0,0.0
2024-08-08 11:00:00-04:00,4.534999847412109,4.539999961853027,4.510000228881836,4.510000228881836,58223,0.0,0.0
2024-08-08 11:05:00-04:00,4.519999980926514,4.539999961853027,4.510000228881836,4.534999847412109,52906,0.0,0.0
2024-08-08 11:10:00-04:00,4.539999961853027,4.539999961853027,4.519999980926514,4.525000095367432,50345,0.0,0.0
2024-08-08 11:15:00-04:00,4.525000095367432,4.539999961853027,4.514999866485596,4.539999961853027,55893,0.0,0.0
2024-08-08 11:20:00-04:00,4.545000076293945,4.559999942779541,4.544000148773193,4.554999828338623,35847,0.0,0.0
2024-08-08 11:25:00-04:00,4.559999942779541,4.570000171661377,4.554999828338623,4.565000057220459,44275,0.0,0.0
2024-08-08 11:30:00-04:00,4.565000057220459,4.588900089263916,4.565000057220459,4.580699920654297,37705,0.0,0.0
2024-08-08 11:35:00-04:00,4.579999923706055,4.579999923706055,4.543000221252441,4.559999942779541,57230,0.0,0.0
2024-08-08 11:40:00-04:00,4.554999828338623,4.554999828338623,4.539999961853027,4.545000076293945,111571,0.0,0.0
2024-08-08 11:45:00-04:00,4.545000076293945,4.565000057220459,4.545000076293945,4.554999828338623,33234,0.0,0.0
2024-08-08 11:50:00-04:00,4.554999828338623,4.574999809265137,4.550099849700928,4.570000171661377,39522,0.0,0.0
2024-08-08 11:55:00-04:00,4.564000129699707,4.574999809265137,4.564000129699707,4.570499897003174,36148,0.0,0.0
2024-08-08 12:00:00-04:00,4.570000171661377,4.574999809265137,4.552000045776367,4.554999828338623,55378,0.0,0.0
2024-08-08 12:05:00-04:00,4.554999828338623,4.559999942779541,4.550000190734863,4.554999828338623,15423,0.0,0.0
2024-08-08 12:10:00-04:00,4.554999828338623,4.565000057220459,4.550000190734863,4.551000118255615,21973,0.0,0.0
2024-08-08 12:15:00-04:00,4.550000190734863,4.554999828338623,4.539999961853027,4.545000076293945,40674,0.0,0.0
2024-08-08 12:20:00-04:00,4.545000076293945,4.550000190734863,4.539999961853027,4.545000076293945,17173,0.0,0.0
2024-08-08 12:25:00-04:00,4.545000076293945,4.559999942779541,4.539999961853027,4.554999828338623,20911,0.0,0.0
2024-08-08 12:30:00-04:00,4.554999828338623,4.559999942779541,4.539999961853027,4.545000076293945,23087,0.0,0.0
2024-08-08 12:35:00-04:00,4.545000076293945,4.550000190734863,4.53000020980835,4.534999847412109,22581,0.0,0.0
2024-08-08 12:40:00-04:00,4.534999847412109,4.559999942779541,4.534999847412109,4.559999942779541,35786,0.0,0.0
2024-08-08 12:45:00-04:00,4.554999828338623,4.590000152587891,4.554999828338623,4.590000152587891,23848,0.0,0.0
2024-08-08 12:50:00-04:00,4.5894999504089355,4.590000152587891,4.574999809265137,4.585000038146973,54723,0.0,0.0
2024-08-08 12:55:00-04:00,4.585000038146973,4.589399814605713,4.559999942779541,4.570000171661377,52452,0.0,0.0
2024-08-08 13:00:00-04:00,4.570000171661377,4.579999923706055,4.559999942779541,4.559999942779541,25132,0.0,0.0
2024-08-08 13:05:00-04:00,4.559999942779541,4.565000057220459,4.550000190734863,4.559999942779541,28364,0.0,0.0
2024-08-08 13:10:00-04:00,4.565000057220459,4.579999923706055,4.565000057220459,4.579999923706055,71185,0.0,0.0
2024-08-08 13:15:00-04:00,4.574999809265137,4.59499979019165,4.570000171661377,4.59499979019165,29638,0.0,0.0
2024-08-08 13:20:00-04:00,4.59499979019165,4.599999904632568,4.590000152587891,4.59499979019165,11290,0.0,0.0
2024-08-08 13:25:00-04:00,4.59499979019165,4.614999771118164,4.59499979019165,4.614999771118164,43603,0.0,0.0
2024-08-08 13:30:00-04:00,4.614999771118164,4.619999885559082,4.599999904632568,4.610000133514404,45843,0.0,0.0
2024-08-08 13:35:00-04:00,4.614999771118164,4.614999771118164,4.59499979019165,4.605000019073486,43864,0.0,0.0
2024-08-08 13:40:00-04:00,4.609899997711182,4.610000133514404,4.590000152587891,4.590000152587891,28489,0.0,0.0
2024-08-08 13:45:00-04:00,4.59499979019165,4.610000133514404,4.590000152587891,4.605000019073486,30842,0.0,0.0
2024-08-08 13:50:00-04:00,4.605000019073486,4.610000133514404,4.599999904632568,4.605000019073486,6582,0.0,0.0
2024-08-08 13:55:00-04:00,4.610000133514404,4.610000133514404,4.579999923706055,4.579999923706055,27192,0.0,0.0
2024-08-08 14:00:00-04:00,4.579999923706055,4.585000038146973,4.570000171661377,4.585000038146973,36604,0.0,0.0
2024-08-08 14:05:00-04:00,4.585000038146973,4.590000152587891,4.579999923706055,4.585000038146973,25771,0.0,0.0
2024-08-08 14:10:00-04:00,4.585000038146973,4.590000152587891,4.574999809265137,4.585000038146973,38703,0.0,0.0
2024-08-08 14:15:00-04:00,4.579999923706055,4.590000152587891,4.570000171661377,4.574999809265137,15486,0.0,0.0
2024-08-08 14:20:00-04:00,4.574999809265137,4.574999809265137,4.570000171661377,4.574999809265137,16280,0.0,0.0
2024-08-08 14:25:00-04:00,4.574999809265137,4.579999923706055,4.559999942779541,4.559999942779541,27057,0.0,0.0
2024-08-08 14:30:00-04:00,4.559999942779541,4.579999923706055,4.559999942779541,4.574999809265137,33107,0.0,0.0
2024-08-08 14:35:00-04:00,4.574999809265137,4.578800201416016,4.559999942779541,4.574999809265137,27070,0.0,0.0
2024-08-08 14:40:00-04:00,4.570000171661377,4.574999809265137,4.550000190734863,4.565000057220459,49637,0.0,0.0
2024-08-08 14:45:00-04:00,4.565000057220459,4.579999923706055,4.559999942779541,4.574999809265137,23992,0.0,0.0
2024-08-08 14:50:00-04:00,4.5792999267578125,4.579999923706055,4.570000171661377,4.579999923706055,16091,0.0,0.0
2024-08-08 14:55:00-04:00,4.574999809265137,4.579999923706055,4.559999942779541,4.565000057220459,37652,0.0,0.0
2024-08-08 15:00:00-04:00,4.565000057220459,4.570000171661377,4.550000190734863,4.554999828338623,39707,0.0,0.0
2024-08-08 15:05:00-04:00,4.550000190734863,4.579800128936768,4.550000190734863,4.574999809265137,46785,0.0,0.0
2024-08-08 15:10:00-04:00,4.574999809265137,4.579999923706055,4.570000171661377,4.574999809265137,24461,0.0,0.0
2024-08-08 15:15:00-04:00,4.574999809265137,4.585000038146973,4.570000171661377,4.574999809265137,53305,0.0,0.0
2024-08-08 15:20:00-04:00,4.574999809265137,4.579999923706055,4.570000171661377,4.579999923706055,51911,0.0,0.0
2024-08-08 15:25:00-04:00,4.574999809265137,4.579999923706055,4.539999961853027,4.539999961853027,46148,0.0,0.0
2024-08-08 15:30:00-04:00,4.545000076293945,4.545000076293945,4.53000020980835,4.534999847412109,78733,0.0,0.0
2024-08-08 15:35:00-04:00,4.53000020980835,4.539999961853027,4.519999980926514,4.53000020980835,79612,0.0,0.0
2024-08-08 15:40:00-04:00,4.539999961853027,4.550000190734863,4.53000020980835,4.545000076293945,145299,0.0,0.0
2024-08-08 15:45:00-04:00,4.539999961853027,4.550000190734863,4.539999961853027,4.539999961853027,144857,0.0,0.0
2024-08-08 15:50:00-04:00,4.539999961853027,4.545000076293945,4.53000020980835,4.534999847412109,151171,0.0,0.0
2024-08-08 15:55:00-04:00,4.53000020980835,4.550000190734863,4.510000228881836,4.550000190734863,300364,0.0,0.0
2024-08-09 09:30:00-04:00,4.5,4.570000171661377,4.46999979019165,4.480000019073486,204260,0.0,0.0
2024-08-09 09:35:00-04:00,4.485000133514404,4.485000133514404,4.46999979019165,4.474999904632568,20815,0.0,0.0
2024-08-09 09:40:00-04:00,4.46999979019165,4.485000133514404,4.460000038146973,4.4679999351501465,23607,0.0,0.0
2024-08-09 09:45:00-04:00,4.469900131225586,4.474999904632568,4.440000057220459,4.445000171661377,77929,0.0,0.0
2024-08-09 09:50:00-04:00,4.449999809265137,4.469699859619141,4.449999809265137,4.460000038146973,51607,0.0,0.0
2024-08-09 09:55:00-04:00,4.454999923706055,4.460000038146973,4.449999809265137,4.460000038146973,13134,0.0,0.0
2024-08-09 10:00:00-04:00,4.449999809265137,4.480000019073486,4.434999942779541,4.474999904632568,84076,0.0,0.0
2024-08-09 10:05:00-04:00,4.474999904632568,4.480000019073486,4.46999979019165,4.474999904632568,8948,0.0,0.0
2024-08-09 10:10:00-04:00,4.454999923706055,4.46999979019165,4.449999809265137,4.454999923706055,82293,0.0,0.0
2024-08-09 10:15:00-04:00,4.454999923706055,4.474999904632568,4.449999809265137,4.465000152587891,37922,0.0,0.0
2024-08-09 10:20:00-04:00,4.465000152587891,4.480000019073486,4.449999809265137,4.45989990234375,80812,0.0,0.0
2024-08-09 10:25:00-04:00,4.449999809265137,4.460000038146973,4.440000057220459,4.445000171661377,74532,0.0,0.0
2024-08-09 10:30:00-04:00,4.445000171661377,4.449999809265137,4.434999942779541,4.445000171661377,35920,0.0,0.0
2024-08-09 10:35:00-04:00,4.445000171661377,4.454999923706055,4.429999828338623,4.445000171661377,83201,0.0,0.0
2024-08-09 10:40:00-04:00,4.445000171661377,4.445400238037109,4.434999942779541,4.434999942779541,19379,0.0,0.0
2024-08-09 10:45:00-04:00,4.434999942779541,4.449999809265137,4.429999828338623,4.429999828338623,76644,0.0,0.0
2024-08-09 10:50:00-04:00,4.425000190734863,4.440000057220459,4.420000076293945,4.434999942779541,58068,0.0,0.0
2024-08-09 10:55:00-04:00,4.434999942779541,4.460000038146973,4.434999942779541,4.445000171661377,102481,0.0,0.0
2024-08-09 11:00:00-04:00,4.445000171661377,4.460000038146973,4.445000171661377,4.454999923706055,42983,0.0,0.0
2024-08-09 11:05:00-04:00,4.460000038146973,4.474999904632568,4.455699920654297,4.474999904632568,75714,0.0,0.0
2024-08-09 11:10:00-04:00,4.474999904632568,4.480000019073486,4.46999979019165,4.474999904632568,41565,0.0,0.0
2024-08-09 11:15:00-04:00,4.480000019073486,4.480000019073486,4.470099925994873,4.474999904632568,23885,0.0,0.0
2024-08-09 11:20:00-04:00,4.474999904632568,4.480000019073486,4.46999979019165,4.474999904632568,52806,0.0,0.0
2024-08-09 11:25:00-04:00,4.474999904632568,4.480000019073486,4.449999809265137,4.454999923706055,56259,0.0,0.0
2024-08-09 11:30:00-04:00,4.449999809265137,4.460000038146973,4.449999809265137,4.454999923706055,18010,0.0,0.0
2024-08-09 11:35:00-04:00,4.449999809265137,4.454999923706055,4.440000057220459,4.445000171661377,21062,0.0,0.0
2024-08-09 11:40:00-04:00,4.440000057220459,4.449999809265137,4.440000057220459,4.449999809265137,24731,0.0,0.0
2024-08-09 11:45:00-04:00,4.445000171661377,4.460000038146973,4.440100193023682,4.454999923706055,49136,0.0,0.0
2024-08-09 11:50:00-04:00,4.454999923706055,4.454999923706055,4.434999942779541,4.445000171661377,97711,0.0,0.0
2024-08-09 11:55:00-04:00,4.445000171661377,4.449999809265137,4.429999828338623,4.445000171661377,135291,0.0,0.0
2024-08-09 12:00:00-04:00,4.445000171661377,4.460000038146973,4.440000057220459,4.460000038146973,68260,0.0,0.0
2024-08-09 12:05:00-04:00,4.46999979019165,4.480000019073486,4.460100173950195,4.480000019073486,24156,0.0,0.0
2024-08-09 12:10:00-04:00,4.474999904632568,4.480000019073486,4.46999979019165,4.474999904632568,11968,0.0,0.0
2024-08-09 12:15:00-04:00,4.474999904632568,4.480000019073486,4.460000038146973,4.465000152587891,32111,0.0,0.0
2024-08-09 12:20:00-04:00,4.465000152587891,4.46999979019165,4.460000038146973,4.465000152587891,18298,0.0,0.0
2024-08-09 12:25:00-04:00,4.460000038146973,4.480000019073486,4.460000038146973,4.46999979019165,27501,0.0,0.0
2024-08-09 12:30:00-04:00,4.480000019073486,4.489999771118164,4.473100185394287,4.485000133514404,32380,0.0,0.0
2024-08-09 12:35:00-04:00,4.485000133514404,4.5,4.484799861907959,4.5,19656,0.0,0.0
2024-08-09 12:40:00-04:00,4.490099906921387,4.510000228881836,4.489999771118164,4.505000114440918,13307,0.0,0.0
2024-08-09 12:45:00-04:00,4.505000114440918,4.510000228881836,4.489999771118164,4.494999885559082,41856,0.0,0.0
2024-08-09 12:50:00-04:00,4.494999885559082,4.499899864196777,4.485000133514404,4.485000133514404,25188,0.0,0.0
2024-08-09 12:55:00-04:00,4.485000133514404,4.510000228881836,4.480000019073486,4.505000114440918,46350,0.0,0.0
2024-08-09 13:00:00-04:00,4.505000114440918,4.509900093078613,4.5,4.505000114440918,26342,0.0,0.0
2024-08-09 13:05:00-04:00,4.510000228881836,4.510000228881836,4.489999771118164,4.494999885559082,56086,0.0,0.0
2024-08-09 13:10:00-04:00,4.494999885559082,4.510000228881836,4.489999771118164,4.505000114440918,19991,0.0,0.0
2024-08-09 13:15:00-04:00,4.505000114440918,4.510000228881836,4.5,4.510000228881836,15762,0.0,0.0
2024-08-09 13:20:00-04:00,4.510000228881836,4.510000228881836,4.5,4.510000228881836,14348,0.0,0.0
2024-08-09 13:25:00-04:00,4.510000228881836,4.510000228881836,4.494999885559082,4.505000114440918,45456,0.0,0.0
2024-08-09 13:30:00-04:00,4.510000228881836,4.519999980926514,4.510000228881836,4.519999980926514,9771,0.0,0.0
2024-08-09 13:35:00-04:00,4.519899845123291,4.53000020980835,4.514999866485596,4.525000095367432,23590,0.0,0.0
2024-08-09 13:40:00-04:00,4.53000020980835,4.53000020980835,4.519999980926514,4.53000020980835,36647,0.0,0.0
2024-08-09 13:45:00-04:00,4.525000095367432,4.53000020980835,4.519999980926514,4.525000095367432,17443,0.0,0.0
2024-08-09 13:50:00-04:00,4.525000095367432,4.53000020980835,4.5,4.505000114440918,53565,0.0,0.0
2024-08-09 13:55:00-04:00,4.508600234985352,4.510000228881836,4.5,4.505000114440918,12791,0.0,0.0
2024-08-09 14:00:00-04:00,4.505000114440918,4.525000095367432,4.5,4.525000095367432,41256,0.0,0.0
2024-08-09 14:05:00-04:00,4.525000095367432,4.550000190734863,4.5100998878479,4.548699855804443,45611,0.0,0.0
2024-08-09 14:10:00-04:00,4.550000190734863,4.550000190734863,4.53000020980835,4.534999847412109,22670,0.0,0.0
2024-08-09 14:15:00-04:00,4.534999847412109,4.534999847412109,4.5218000411987305,4.525000095367432,23371,0.0,0.0
2024-08-09 14:20:00-04:00,4.525000095367432,4.53000020980835,4.525000095367432,4.53000020980835,7528,0.0,0.0
2024-08-09 14:25:00-04:00,4.525000095367432,4.53000020980835,4.525000095367432,4.53000020980835,12256,0.0,0.0
2024-08-09 14:30:00-04:00,4.53000020980835,4.53000020980835,4.510000228881836,4.514999866485596,52556,0.0,0.0
2024-08-09 14:35:00-04:00,4.514999866485596,4.525000095367432,4.504300117492676,4.525000095367432,41973,0.0,0.0
2024-08-09 14:40:00-04:00,4.525000095367432,4.539999961853027,4.52400016784668,4.534999847412109,41906,0.0,0.0
2024-08-09 14:45:00-04:00,4.53000020980835,4.534999847412109,4.525000095367432,4.525000095367432,19262,0.0,0.0
2024-08-09 14:50:00-04:00,4.525000095367432,4.529900074005127,4.510000228881836,4.514999866485596,26679,0.0,0.0
2024-08-09 14:55:00-04:00,4.514999866485596,4.53000020980835,4.514999866485596,4.525000095367432,29286,0.0,0.0
2024-08-09 15:00:00-04:00,4.525000095367432,4.53000020980835,4.519999980926514,4.525000095367432,15298,0.0,0.0
2024-08-09 15:05:00-04:00,4.53000020980835,4.53000020980835,4.523200035095215,4.53000020980835,18407,0.0,0.0
2024-08-09 15:10:00-04:00,4.5269999504089355,4.53000020980835,4.489999771118164,4.489999771118164,111733,0.0,0.0
2024-08-09 15:15:00-04:00,4.489999771118164,4.5,4.489999771118164,4.5,25256,0.0,0.0
2024-08-09 15:20:00-04:00,4.5,4.510000228881836,4.494999885559082,4.510000228881836,51848,0.0,0.0
2024-08-09 15:25:00-04:00,4.505000114440918,4.510000228881836,4.500800132751465,4.505000114440918,33258,0.0,0.0
2024-08-09 15:30:00-04:00,4.505000114440918,4.510000228881836,4.491199970245361,4.494999885559082,58814,0.0,0.0
2024-08-09 15:35:00-04:00,4.494999885559082,4.5,4.49429988861084,4.494999885559082,32238,0.0,0.0
2024-08-09 15:40:00-04:00,4.494999885559082,4.497499942779541,4.480000019073486,4.485000133514404,113492,0.0,0.0
2024-08-09 15:45:00-04:00,4.489999771118164,4.53000020980835,4.460000038146973,4.53000020980835,509199,0.0,0.0
2024-08-09 15:50:00-04:00,4.53000020980835,4.539999961853027,4.520100116729736,4.53000020980835,110597,0.0,0.0
2024-08-09 15:55:00-04:00,4.525000095367432,4.539999961853027,4.510000228881836,4.510000228881836,291449,0.0,0.0
2024-08-12 09:30:00-04:00,4.539999961853027,4.650000095367432,4.539999961853027,4.650000095367432,131402,0.0,0.0
2024-08-12 09:35:00-04:00,4.639999866485596,4.639999866485596,4.610000133514404,4.619999885559082,40169,0.0,0.0
2024-08-12 09:40:00-04:00,4.614999771118164,4.639999866485596,4.574999809265137,4.574999809265137,58840,0.0,0.0
2024-08-12 09:45:00-04:00,4.574999809265137,4.59499979019165,4.548999786376953,4.59499979019165,334819,0.0,0.0
2024-08-12 09:50:00-04:00,4.59499979019165,4.619999885559082,4.5879998207092285,4.600800037384033,32125,0.0,0.0
2024-08-12 09:55:00-04:00,4.605000019073486,4.630000114440918,4.590000152587891,4.610000133514404,102568,0.0,0.0
2024-08-12 10:00:00-04:00,4.614999771118164,4.635000228881836,4.599999904632568,4.625,29726,0.0,0.0
2024-08-12 10:05:00-04:00,4.620100021362305,4.635000228881836,4.610000133514404,4.625,107281,0.0,0.0
2024-08-12 10:10:00-04:00,4.625,4.635000228881836,4.619999885559082,4.630000114440918,14411,0.0,0.0
2024-08-12 10:15:00-04:00,4.629899978637695,4.635000228881836,4.610000133514404,4.635000228881836,26676,0.0,0.0
2024-08-12 10:20:00-04:00,4.635000228881836,4.670000076293945,4.611499786376953,4.664999961853027,57544,0.0,0.0
2024-08-12 10:25:00-04:00,4.664999961853027,4.679999828338623,4.65500020980835,4.659999847412109,0,0.0,0.0
2024-08-12 10:30:00-04:00,4.650000095367432,4.659999847412109,4.631499767303467,4.642499923706055,1035903,0.0,0.0
2024-08-12 10:35:00-04:00,4.642499923706055,4.670000076293945,4.639999866485596,4.670000076293945,29998,0.0,0.0
2024-08-12 10:40:00-04:00,4.670000076293945,4.679999828338623,4.650000095367432,4.65500020980835,51185,0.0,0.0
2024-08-12 10:45:00-04:00,4.65500020980835,4.670000076293945,4.644999980926514,4.664999961853027,53002,0.0,0.0
2024-08-12 10:50:00-04:00,4.664999961853027,4.670000076293945,4.639999866485596,4.640100002288818,51703,0.0,0.0
2024-08-12 10:55:00-04:00,4.644999980926514,4.670000076293945,4.639999866485596,4.65500020980835,74496,0.0,0.0
2024-08-12 11:00:00-04:00,4.65500020980835,4.670000076293945,4.639999866485596,4.659999847412109,55497,0.0,0.0
2024-08-12 11:05:00-04:00,4.659999847412109,4.659999847412109,4.639999866485596,4.644999980926514,61464,0.0,0.0
2024-08-12 11:10:00-04:00,4.644999980926514,4.659999847412109,4.639999866485596,4.639999866485596,42500,0.0,0.0
2024-08-12 11:15:00-04:00,4.639999866485596,4.650000095367432,4.639999866485596,4.650000095367432,37390,0.0,0.0
2024-08-12 11:20:00-04:00,4.644999980926514,4.659999847412109,4.639999866485596,4.644999980926514,289491,0.0,0.0
2024-08-12 11:25:00-04:00,4.644999980926514,4.690000057220459,4.635000228881836,4.690000057220459,68839,0.0,0.0
2024-08-12 11:30:00-04:00,4.690000057220459,4.690000057220459,4.659999847412109,4.679999828338623,98401,0.0,0.0
2024-08-12 11:35:00-04:00,4.679999828338623,4.679999828338623,4.670000076293945,4.670000076293945,43231,0.0,0.0
2024-08-12 11:40:00-04:00,4.679999828338623,4.684999942779541,4.674600124359131,4.679999828338623,79605,0.0,0.0
2024-08-12 11:45:00-04:00,4.679999828338623,4.699999809265137,4.675000190734863,4.699999809265137,38930,0.0,0.0
2024-08-12 11:50:00-04:00,4.699999809265137,4.699999809265137,4.690000057220459,4.695000171661377,10526,0.0,0.0
2024-08-12 11:55:00-04:00,4.699999809265137,4.710000038146973,4.690000057220459,4.704999923706055,24972,0.0,0.0
2024-08-12 12:00:00-04:00,4.704999923706055,4.70989990234375,4.693299770355225,4.704999923706055,44745,0.0,0.0
2024-08-12 12:05:00-04:00,4.699999809265137,4.699999809265137,4.690000057220459,4.695000171661377,74410,0.0,0.0
2024-08-12 12:10:00-04:00,4.699999809265137,4.704999923706055,4.690000057220459,4.695000171661377,50446,0.0,0.0
2024-08-12 12:15:00-04:00,4.698999881744385,4.698999881744385,4.679999828338623,4.684999942779541,22682,0.0,0.0
2024-08-12 12:20:00-04:00,4.684999942779541,4.690000057220459,4.679999828338623,4.688799858093262,12254,0.0,0.0
2024-08-12 12:25:00-04:00,4.690000057220459,4.695000171661377,4.6809000968933105,4.684999942779541,23744,0.0,0.0
2024-08-12 12:30:00-04:00,4.689899921417236,4.71999979019165,4.684999942779541,4.71999979019165,41548,0.0,0.0
2024-08-12 12:35:00-04:00,4.71999979019165,4.71999979019165,4.715000152587891,4.71999979019165,15270,0.0,0.0
2024-08-12 12:40:00-04:00,4.715000152587891,4.71999979019165,4.699999809265137,4.704999923706055,50488,0.0,0.0
2024-08-12 12:45:00-04:00,4.704999923706055,4.710000038146973,4.701099872589111,4.704999923706055,7306,0.0,0.0
2024-08-12 12:50:00-04:00,4.704999923706055,4.710000038146973,4.699999809265137,4.704999923706055,21088,0.0,0.0
2024-08-12 12:55:00-04:00,4.704999923706055,4.710000038146973,4.690000057220459,4.704999923706055,119370,0.0,0.0
2024-08-12 13:00:00-04:00,4.699999809265137,4.710000038146973,4.695000171661377,4.704999923706055,54648,0.0,0.0
2024-08-12 13:05:00-04:00,4.704999923706055,4.710000038146973,4.701300144195557,4.704999923706055,12750,0.0,0.0
2024-08-12 13:10:00-04:00,4.704999923706055,4.730000019073486,4.704999923706055,4.724999904632568,44838,0.0,0.0
2024-08-12 13:15:00-04:00,4.724999904632568,4.739999771118164,4.71999979019165,4.724999904632568,29537,0.0,0.0
2024-08-12 13:20:00-04:00,4.724999904632568,4.749300003051758,4.720799922943115,4.744999885559082,43571,0.0,0.0
2024-08-12 13:25:00-04:00,4.744999885559082,4.769999980926514,4.739999771118164,4.7667999267578125,126817,0.0,0.0
2024-08-12 13:30:00-04:00,4.764999866485596,4.78000020980835,4.760000228881836,4.761000156402588,36817,0.0,0.0
2024-08-12 13:35:00-04:00,4.764999866485596,4.769999980926514,4.760000228881836,4.769999980926514,23806,0.0,0.0
2024-08-12 13:40:00-04:00,4.764999866485596,4.789999961853027,4.764999866485596,4.784999847412109,134445,0.0,0.0
2024-08-12 13:45:00-04:00,4.789999961853027,4.809999942779541,4.78000020980835,4.804999828338623,62231,0.0,0.0
2024-08-12 13:50:00-04:00,4.800000190734863,4.809500217437744,4.789999961853027,4.809100151062012,105077,0.0,0.0
2024-08-12 13:55:00-04:00,4.804999828338623,4.820000171661377,4.800000190734863,4.815000057220459,49474,0.0,0.0
2024-08-12 14:00:00-04:00,4.820000171661377,4.835000038146973,4.804999828338623,4.821300029754639,139150,0.0,0.0
2024-08-12 14:05:00-04:00,4.828800201416016,4.829999923706055,4.820000171661377,4.820099830627441,18954,0.0,0.0
2024-08-12 14:10:00-04:00,4.820000171661377,4.824999809265137,4.809999942779541,4.824999809265137,60841,0.0,0.0
2024-08-12 14:15:00-04:00,4.824999809265137,4.829899787902832,4.810100078582764,4.815000057220459,36614,0.0,0.0
2024-08-12 14:20:00-04:00,4.815000057220459,4.820000171661377,4.809999942779541,4.815000057220459,24087,0.0,0.0
2024-08-12 14:25:00-04:00,4.815000057220459,4.820000171661377,4.802499771118164,4.804999828338623,45830,0.0,0.0
2024-08-12 14:30:00-04:00,4.808800220489502,4.809999942779541,4.800000190734863,4.804999828338623,21208,0.0,0.0
2024-08-12 14:35:00-04:00,4.804999828338623,4.835000038146973,4.800000190734863,4.835000038146973,52093,0.0,0.0
2024-08-12 14:40:00-04:00,4.840000152587891,4.869999885559082,4.829999923706055,4.869900226593018,165748,0.0,0.0
2024-08-12 14:45:00-04:00,4.869999885559082,4.909999847412109,4.869999885559082,4.889900207519531,317664,0.0,0.0
2024-08-12 14:50:00-04:00,4.880000114440918,4.889999866485596,4.869999885559082,4.879899978637695,38406,0.0,0.0
2024-08-12 14:55:00-04:00,4.875,4.875,4.849999904632568,4.864999771118164,61566,0.0,0.0
2024-08-12 15:00:00-04:00,4.864999771118164,4.869999885559082,4.840000152587891,4.849999904632568,62096,0.0,0.0
2024-08-12 15:05:00-04:00,4.84499979019165,4.849899768829346,4.820000171661377,4.824999809265137,33264,0.0,0.0
2024-08-12 15:10:00-04:00,4.824999809265137,4.840000152587891,4.820000171661377,4.835000038146973,102427,0.0,0.0
2024-08-12 15:15:00-04:00,4.829999923706055,4.840000152587891,4.824999809265137,4.840000152587891,41838,0.0,0.0
2024-08-12 15:20:00-04:00,4.835000038146973,4.855000019073486,4.830100059509277,4.855000019073486,44451,0.0,0.0
2024-08-12 15:25:00-04:00,4.859899997711182,4.860000133514404,4.849999904632568,4.855999946594238,74066,0.0,0.0
2024-08-12 15:30:00-04:00,4.849999904632568,4.849999904632568,4.832499980926514,4.835000038146973,119024,0.0,0.0
2024-08-12 15:35:00-04:00,4.835000038146973,4.840000152587891,4.809999942779541,4.809999942779541,86615,0.0,0.0
2024-08-12 15:40:00-04:00,4.815000057220459,4.840000152587891,4.8125,4.8125,182360,0.0,0.0
2024-08-12 15:45:00-04:00,4.815000057220459,4.820000171661377,4.789999961853027,4.800000190734863,200612,0.0,0.0
2024-08-12 15:50:00-04:00,4.800000190734863,4.809999942779541,4.790999889373779,4.804999828338623,96398,0.0,0.0
2024-08-12 15:55:00-04:00,4.809999942779541,4.820000171661377,4.789999961853027,4.800000190734863,410429,0.0,0.0
2024-08-13 09:30:00-04:00,4.96999979019165,4.96999979019165,4.820000171661377,4.900000095367432,357466,0.0,0.0
2024-08-13 09:35:00-04:00,4.900000095367432,4.909999847412109,4.829999923706055,4.864999771118164,138343,0.0,0.0
2024-08-13 09:40:00-04:00,4.860499858856201,4.869999885559082,4.849999904632568,4.859300136566162,51191,0.0,0.0
2024-08-13 09:45:00-04:00,4.855000019073486,4.860000133514404,4.800000190734863,4.809999942779541,114754,0.0,0.0
2024-08-13 09:50:00-04:00,4.809999942779541,4.824999809265137,4.809999942779541,4.815800189971924,16831,0.0,0.0
2024-08-13 09:55:00-04:00,4.815000057220459,4.849999904632568,4.809999942779541,4.835000038146973,27433,0.0,0.0
2024-08-13 10:00:00-04:00,4.829999923706055,4.835000038146973,4.795000076293945,4.795000076293945,111581,0.0,0.0
2024-08-13 10:05:00-04:00,4.795000076293945,4.800000190734863,4.784999847412109,4.784999847412109,51157,0.0,0.0
2024-08-13 10:10:00-04:00,4.784999847412109,4.800000190734863,4.78000020980835,4.784999847412109,45206,0.0,0.0
2024-08-13 10:15:00-04:00,4.789999961853027,4.809999942779541,4.77209997177124,4.775000095367432,75616,0.0,0.0
2024-08-13 10:20:00-04:00,4.769999980926514,4.769999980926514,4.744999885559082,4.755000114440918,69588,0.0,0.0
2024-08-13 10:25:00-04:00,4.755000114440918,4.775000095367432,4.755000114440918,4.760000228881836,73852,0.0,0.0
2024-08-13 10:30:00-04:00,4.768499851226807,4.768499851226807,4.71999979019165,4.729599952697754,71217,0.0,0.0
2024-08-13 10:35:00-04:00,4.724999904632568,4.739999771118164,4.71999979019165,4.730000019073486,60872,0.0,0.0
2024-08-13 10:40:00-04:00,4.7399001121521,4.739999771118164,4.71999979019165,4.735000133514404,29997,0.0,0.0
2024-08-13 10:45:00-04:00,4.7399001121521,4.78000020980835,4.73799991607666,4.760000228881836,135548,0.0,0.0
2024-08-13 10:50:00-04:00,4.760000228881836,4.760000228881836,4.71999979019165,4.734799861907959,72547,0.0,0.0
2024-08-13 10:55:00-04:00,4.738900184631348,4.75,4.735000133514404,4.744999885559082,35992,0.0,0.0
2024-08-13 11:00:00-04:00,4.739999771118164,4.75,4.735000133514404,4.739999771118164,79206,0.0,0.0
2024-08-13 11:05:00-04:00,4.735000133514404,4.744999885559082,4.730000019073486,4.735000133514404,36251,0.0,0.0
2024-08-13 11:10:00-04:00,4.735000133514404,4.760000228881836,4.735000133514404,4.755000114440918,33484,0.0,0.0
2024-08-13 11:15:00-04:00,4.760000228881836,4.769999980926514,4.755000114440918,4.769999980926514,14670,0.0,0.0
2024-08-13 11:20:00-04:00,4.769999980926514,4.769999980926514,4.735000133514404,4.735000133514404,49156,0.0,0.0
2024-08-13 11:25:00-04:00,4.735000133514404,4.744999885559082,4.730000019073486,4.744999885559082,26508,0.0,0.0
2024-08-13 11:30:00-04:00,4.744999885559082,4.75600004196167,4.739999771118164,4.7418999671936035,43439,0.0,0.0
2024-08-13 11:35:00-04:00,4.744999885559082,4.749899864196777,4.735000133514404,4.738699913024902,28417,0.0,0.0
2024-08-13 11:40:00-04:00,4.735000133514404,4.739999771118164,4.730000019073486,4.735000133514404,34482,0.0,0.0
2024-08-13 11:45:00-04:00,4.735000133514404,4.739999771118164,4.730000019073486,4.739999771118164,28892,0.0,0.0
2024-08-13 11:50:00-04:00,4.739999771118164,4.739999771118164,4.730100154876709,4.735000133514404,22916,0.0,0.0
2024-08-13 11:55:00-04:00,4.735000133514404,4.759900093078613,4.730000019073486,4.744999885559082,61768,0.0,0.0
2024-08-13 12:00:00-04:00,4.739999771118164,4.744999885559082,4.730000019073486,4.744999885559082,25003,0.0,0.0
2024-08-13 12:05:00-04:00,4.744999885559082,4.760000228881836,4.744999885559082,4.760000228881836,16350,0.0,0.0
2024-08-13 12:10:00-04:00,4.760000228881836,4.78000020980835,4.760000228881836,4.769199848175049,41558,0.0,0.0
2024-08-13 12:15:00-04:00,4.760000228881836,4.78000020980835,4.755000114440918,4.764999866485596,46415,0.0,0.0
2024-08-13 12:20:00-04:00,4.764999866485596,4.764999866485596,4.755000114440918,4.755000114440918,15434,0.0,0.0
2024-08-13 12:25:00-04:00,4.755000114440918,4.764999866485596,4.75,4.755000114440918,30178,0.0,0.0
2024-08-13 12:30:00-04:00,4.755000114440918,4.769999980926514,4.75,4.760000228881836,30861,0.0,0.0
2024-08-13 12:35:00-04:00,4.760000228881836,4.760000228881836,4.755000114440918,4.760000228881836,31793,0.0,0.0
2024-08-13 12:40:00-04:00,4.760000228881836,4.769999980926514,4.760000228881836,4.760000228881836,17752,0.0,0.0
2024-08-13 12:45:00-04:00,4.760000228881836,4.78000020980835,4.760000228881836,4.775000095367432,41746,0.0,0.0
2024-08-13 12:50:00-04:00,4.78000020980835,4.789999961853027,4.769999980926514,4.775000095367432,18366,0.0,0.0
2024-08-13 12:55:00-04:00,4.775000095367432,4.78000020980835,4.769999980926514,4.769999980926514,6223,0.0,0.0
2024-08-13 13:00:00-04:00,4.771999835968018,4.78000020980835,4.764999866485596,4.769999980926514,86703,0.0,0.0
2024-08-13 13:05:00-04:00,4.769999980926514,4.771999835968018,4.760000228881836,4.760000228881836,9484,0.0,0.0
2024-08-13 13:10:00-04:00,4.764999866485596,4.764999866485596,4.75,4.755000114440918,19250,0.0,0.0
2024-08-13 13:15:00-04:00,4.755000114440918,4.760000228881836,4.744999885559082,4.759699821472168,55816,0.0,0.0
2024-08-13 13:20:00-04:00,4.755000114440918,4.755000114440918,4.744999885559082,4.744999885559082,17066,0.0,0.0
2024-08-13 13:25:00-04:00,4.744999885559082,4.75,4.739999771118164,4.739999771118164,12653,0.0,0.0
2024-08-13 13:30:00-04:00,4.744999885559082,4.75,4.739999771118164,4.744999885559082,43110,0.0,0.0
2024-08-13 13:35:00-04:00,4.744999885559082,4.75,4.739999771118164,4.744999885559082,27745,0.0,0.0
2024-08-13 13:40:00-04:00,4.744999885559082,4.75,4.724800109863281,4.724999904632568,179712,0.0,0.0
2024-08-13 13:45:00-04:00,4.724999904632568,4.728600025177002,4.699999809265137,4.704999923706055,47725,0.0,0.0
2024-08-13 13:50:00-04:00,4.704999923706055,4.735000133514404,4.704999923706055,4.730000019073486,87490,0.0,0.0
2024-08-13 13:55:00-04:00,4.724999904632568,4.748700141906738,4.724999904632568,4.735000133514404,35754,0.0,0.0
2024-08-13 14:00:00-04:00,4.735000133514404,4.760000228881836,4.735000133514404,4.755000114440918,44678,0.0,0.0
2024-08-13 14:05:00-04:00,4.754700183868408,4.760000228881836,4.751100063323975,4.755000114440918,15282,0.0,0.0
2024-08-13 14:10:00-04:00,4.755000114440918,4.764999866485596,4.75,4.760000228881836,54179,0.0,0.0
2024-08-13 14:15:00-04:00,4.760000228881836,4.760000228881836,4.735000133514404,4.744999885559082,76801,0.0,0.0
2024-08-13 14:20:00-04:00,4.744999885559082,4.759900093078613,4.739999771118164,4.739999771118164,32846,0.0,0.0
2024-08-13 14:25:00-04:00,4.744999885559082,4.75,4.739999771118164,4.744999885559082,11096,0.0,0.0
2024-08-13 14:30:00-04:00,4.744999885559082,4.744999885559082,4.730000019073486,4.735000133514404,15444,0.0,0.0
2024-08-13 14:35:00-04:00,4.735000133514404,4.744999885559082,4.730000019073486,4.744999885559082,23478,0.0,0.0
2024-08-13 14:40:00-04:00,4.744999885559082,4.75,4.739999771118164,4.75,20357,0.0,0.0
2024-08-13 14:45:00-04:00,4.744999885559082,4.75,4.739999771118164,4.744999885559082,22719,0.0,0.0
2024-08-13 14:50:00-04:00,4.75,4.760000228881836,4.739999771118164,4.755000114440918,120600,0.0,0.0
2024-08-13 14:55:00-04:00,4.757500171661377,4.757500171661377,4.730000019073486,4.735000133514404,63138,0.0,0.0
2024-08-13 15:00:00-04:00,4.735000133514404,4.739999771118164,4.730000019073486,4.735000133514404,17780,0.0,0.0
2024-08-13 15:05:00-04:00,4.735000133514404,4.744999885559082,4.730000019073486,4.730000019073486,71682,0.0,0.0
2024-08-13 15:10:00-04:00,4.735000133514404,4.7459001541137695,4.724999904632568,4.7459001541137695,73992,0.0,0.0
2024-08-13 15:15:00-04:00,4.744999885559082,4.75,4.739999771118164,4.744999885559082,13679,0.0,0.0
2024-08-13 15:20:00-04:00,4.75,4.75,4.741499900817871,4.741499900817871,22935,0.0,0.0
2024-08-13 15:25:00-04:00,4.75,4.75,4.740099906921387,4.744999885559082,43547,0.0,0.0
2024-08-13 15:30:00-04:00,4.744999885559082,4.759900093078613,4.74399995803833,4.755000114440918,202228,0.0,0.0
2024-08-13 15:35:00-04:00,4.750100135803223,4.769999980926514,4.75,4.755000114440918,93048,0.0,0.0
2024-08-13 15:40:00-04:00,4.755000114440918,4.769999980926514,4.739999771118164,4.764999866485596,235660,0.0,0.0
2024-08-13 15:45:00-04:00,4.764999866485596,4.78000020980835,4.760000228881836,4.769999980926514,110672,0.0,0.0
2024-08-13 15:50:00-04:00,4.764999866485596,4.769999980926514,4.75,4.75,95856,0.0,0.0
2024-08-13 15:55:00-04:00,4.755000114440918,4.789999961853027,4.75,4.784999847412109,392687,0.0,0.0
2024-08-14 09:30:00-04:00,4.820000171661377,4.889999866485596,4.795000076293945,4.804999828338623,241829,0.0,0.0
2024-08-14 09:35:00-04:00,4.800000190734863,4.835999965667725,4.784999847412109,4.829999923706055,109208,0.0,0.0
2024-08-14 09:40:00-04:00,4.829999923706055,4.849999904632568,4.769999980926514,4.775000095367432,88382,0.0,0.0
2024-08-14 09:45:00-04:00,4.775000095367432,4.820000171661377,4.769999980926514,4.804999828338623,80224,0.0,0.0
2024-08-14 09:50:00-04:00,4.809000015258789,4.809999942779541,4.769999980926514,4.78000020980835,38983,0.0,0.0
2024-08-14 09:55:00-04:00,4.775000095367432,4.775000095367432,4.750500202178955,4.750500202178955,32716,0.0,0.0
2024-08-14 10:00:00-04:00,4.75,4.775000095367432,4.75,4.764999866485596,115771,0.0,0.0
2024-08-14 10:05:00-04:00,4.769999980926514,4.769999980926514,4.744999885559082,4.769999980926514,49044,0.0,0.0
2024-08-14 10:10:00-04:00,4.775000095367432,4.78000020980835,4.760000228881836,4.764999866485596,52075,0.0,0.0
2024-08-14 10:15:00-04:00,4.764999866485596,4.789999961853027,4.755000114440918,4.78000020980835,51409,0.0,0.0
2024-08-14 10:20:00-04:00,4.784999847412109,4.7891998291015625,4.770100116729736,4.778900146484375,17787,0.0,0.0
2024-08-14 10:25:00-04:00,4.77810001373291,4.809999942779541,4.769999980926514,4.804999828338623,53835,0.0,0.0
2024-08-14 10:30:00-04:00,4.804999828338623,4.809999942779541,4.739999771118164,4.744999885559082,71212,0.0,0.0
2024-08-14 10:35:00-04:00,4.744999885559082,4.769999980926514,4.741499900817871,4.764999866485596,31476,0.0,0.0
2024-08-14 10:40:00-04:00,4.764999866485596,4.775000095367432,4.755000114440918,4.760000228881836,37976,0.0,0.0
2024-08-14 10:45:00-04:00,4.755000114440918,4.78000020980835,4.744999885559082,4.775000095367432,90101,0.0,0.0
2024-08-14 10:50:00-04:00,4.775000095367432,4.784999847412109,4.75,4.781400203704834,105629,0.0,0.0
2024-08-14 10:55:00-04:00,4.78000020980835,4.803599834442139,4.769999980926514,4.784999847412109,123221,0.0,0.0
2024-08-14 11:00:00-04:00,4.784999847412109,4.809700012207031,4.78000020980835,4.804999828338623,63724,0.0,0.0
2024-08-14 11:05:00-04:00,4.804999828338623,4.804999828338623,4.769999980926514,4.775000095367432,122175,0.0,0.0
2024-08-14 11:10:00-04:00,4.769999980926514,4.78000020980835,4.75,4.75,106365,0.0,0.0
2024-08-14 11:15:00-04:00,4.755000114440918,4.764999866485596,4.739999771118164,4.764999866485596,81936,0.0,0.0
2024-08-14 11:20:00-04:00,4.76800012588501,4.775000095367432,4.760000228881836,4.764999866485596,81144,0.0,0.0
2024-08-14 11:25:00-04:00,4.764999866485596,4.769999980926514,4.75,4.755000114440918,39037,0.0,0.0
2024-08-14 11:30:00-04:00,4.755000114440918,4.769999980926514,4.75,4.764999866485596,59174,0.0,0.0
2024-08-14 11:35:00-04:00,4.768799781799316,4.769999980926514,4.755000114440918,4.755000114440918,29407,0.0,0.0
2024-08-14 11:40:00-04:00,4.755000114440918,4.764999866485596,4.744999885559082,4.758999824523926,78531,0.0,0.0
2024-08-14 11:45:00-04:00,4.760000228881836,4.760000228881836,4.750999927520752,4.755000114440918,36719,0.0,0.0
2024-08-14 11:50:00-04:00,4.755000114440918,4.769999980926514,4.750100135803223,4.769899845123291,58317,0.0,0.0
2024-08-14 11:55:00-04:00,4.764999866485596,4.769999980926514,4.760000228881836,4.764999866485596,31422,0.0,0.0
2024-08-14 12:00:00-04:00,4.760000228881836,4.769999980926514,4.755000114440918,4.755000114440918,43148,0.0,0.0
2024-08-14 12:05:00-04:00,4.755000114440918,4.760000228881836,4.75,4.75029993057251,42959,0.0,0.0
2024-08-14 12:10:00-04:00,4.75,4.75,4.739999771118164,4.739999771118164,31017,0.0,0.0
2024-08-14 12:15:00-04:00,4.739999771118164,4.739999771118164,4.704999923706055,4.704999923706055,25577,0.0,0.0
2024-08-14 12:20:00-04:00,4.704999923706055,4.71999979019165,4.690000057220459,4.690000057220459,98678,0.0,0.0
2024-08-14 12:25:00-04:00,4.699999809265137,4.710000038146973,4.690000057220459,4.704999923706055,41397,0.0,0.0
2024-08-14 12:30:00-04:00,4.710000038146973,4.710000038146973,4.699999809265137,4.704999923706055,22373,0.0,0.0
2024-08-14 12:35:00-04:00,4.701499938964844,4.75,4.701499938964844,4.75,85526,0.0,0.0
2024-08-14 12:40:00-04:00,4.75,4.75,4.730100154876709,4.735000133514404,52977,0.0,0.0
2024-08-14 12:45:00-04:00,4.735000133514404,4.744999885559082,4.730000019073486,4.739999771118164,24451,0.0,0.0
2024-08-14 12:50:00-04:00,4.744999885559082,4.755000114440918,4.739999771118164,4.755000114440918,34757,0.0,0.0
2024-08-14 12:55:00-04:00,4.755000114440918,4.755000114440918,4.739999771118164,4.755000114440918,36537,0.0,0.0
2024-08-14 13:00:00-04:00,4.755000114440918,4.755000114440918,4.744999885559082,4.749899864196777,35450,0.0,0.0
2024-08-14 13:05:00-04:00,4.75,4.755000114440918,4.744800090789795,4.75,23020,0.0,0.0
2024-08-14 13:10:00-04:00,4.744999885559082,4.744999885559082,4.735000133514404,4.735000133514404,47993,0.0,0.0
2024-08-14 13:15:00-04:00,4.730000019073486,4.755000114440918,4.730000019073486,4.755000114440918,0,0.0,0.0
2024-08-14 13:20:00-04:00,4.75,4.75,4.739999771118164,4.744999885559082,2869167,0.0,0.0
2024-08-14 13:25:00-04:00,4.744999885559082,4.755000114440918,4.739999771118164,4.744999885559082,37458,0.0,0.0
2024-08-14 13:30:00-04:00,4.744999885559082,4.75,4.739999771118164,4.744999885559082,11030,0.0,0.0
2024-08-14 13:35:00-04:00,4.75,4.75,4.724999904632568,4.724999904632568,25807,0.0,0.0
2024-08-14 13:40:00-04:00,4.724999904632568,4.730000019073486,4.710000038146973,4.715000152587891,24051,0.0,0.0
2024-08-14 13:45:00-04:00,4.715000152587891,4.730000019073486,4.715000152587891,4.730000019073486,25777,0.0,0.0
2024-08-14 13:50:00-04:00,4.724999904632568,4.739999771118164,4.724999904632568,4.730000019073486,26726,0.0,0.0
2024-08-14 13:55:00-04:00,4.730000019073486,4.739999771118164,4.730000019073486,4.739999771118164,26204,0.0,0.0
2024-08-14 14:00:00-04:00,4.735000133514404,4.735000133514404,4.71999979019165,4.71999979019165,38761,0.0,0.0
2024-08-14 14:05:00-04:00,4.724999904632568,4.729499816894531,4.710000038146973,4.71999979019165,54135,0.0,0.0
2024-08-14 14:10:00-04:00,4.724999904632568,4.730000019073486,4.71999979019165,4.730000019073486,6942,0.0,0.0
2024-08-14 14:15:00-04:00,4.71999979019165,4.730000019073486,4.715000152587891,4.715000152587891,18622,0.0,0.0
2024-08-14 14:20:00-04:00,4.715000152587891,4.735000133514404,4.710000038146973,4.724999904632568,56082,0.0,0.0
2024-08-14 14:25:00-04:00,4.724999904632568,4.730000019073486,4.724999904632568,4.724999904632568,9737,0.0,0.0
2024-08-14 14:30:00-04:00,4.724999904632568,4.730000019073486,4.724999904632568,4.730000019073486,8296,0.0,0.0
2024-08-14 14:35:00-04:00,4.724999904632568,4.730000019073486,4.724999904632568,4.730000019073486,7330,0.0,0.0
2024-08-14 14:40:00-04:00,4.730000019073486,4.739999771118164,4.720399856567383,4.730000019073486,37049,0.0,0.0
2024-08-14 14:45:00-04:00,4.724999904632568,4.739999771118164,4.724999904632568,4.730000019073486,41539,0.0,0.0
2024-08-14 14:50:00-04:00,4.730000019073486,4.739999771118164,4.730000019073486,4.730000019073486,16009,0.0,0.0
2024-08-14 14:55:00-04:00,4.735000133514404,4.75,4.730000019073486,4.75,19018,0.0,0.0
2024-08-14 15:00:00-04:00,4.739999771118164,4.75,4.739999771118164,4.75,10105,0.0,0.0
2024-08-14 15:05:00-04:00,4.75,4.755000114440918,4.735000133514404,4.739999771118164,83873,0.0,0.0
2024-08-14 15:10:00-04:00,4.739999771118164,4.744999885559082,4.730000019073486,4.735000133514404,32229,0.0,0.0
2024-08-14 15:15:00-04:00,4.735000133514404,4.7399001121521,4.71999979019165,4.735000133514404,50072,0.0,0.0
2024-08-14 15:20:00-04:00,4.735000133514404,4.735000133514404,4.724999904632568,4.724999904632568,21212,0.0,0.0
2024-08-14 15:25:00-04:00,4.724999904632568,4.739999771118164,4.71999979019165,4.735000133514404,27805,0.0,0.0
2024-08-14 15:30:00-04:00,4.735000133514404,4.739999771118164,4.724999904632568,4.724999904632568,41108,0.0,0.0
2024-08-14 15:35:00-04:00,4.724999904632568,4.738999843597412,4.71999979019165,4.724999904632568,46185,0.0,0.0
2024-08-14 15:40:00-04:00,4.724999904632568,4.739999771118164,4.71999979019165,4.739999771118164,96615,0.0,0.0
2024-08-14 15:45:00-04:00,4.735000133514404,4.75,4.730000019073486,4.744999885559082,119926,0.0,0.0
2024-08-14 15:50:00-04:00,4.75,4.75,4.730000019073486,4.735000133514404,110606,0.0,0.0
2024-08-14 15:55:00-04:00,4.735000133514404,4.748499870300293,4.71999979019165,4.730000019073486,273667,0.0,0.0
2024-08-15 09:30:00-04:00,4.809999942779541,4.849999904632568,4.784999847412109,4.795000076293945,216795,0.0,0.0
2024-08-15 09:35:00-04:00,4.800000190734863,4.855000019073486,4.800000190734863,4.849999904632568,42593,0.0,0.0
2024-08-15 09:40:00-04:00,4.84499979019165,4.860000133514404,4.815000057220459,4.815000057220459,46416,0.0,0.0
2024-08-15 09:45:00-04:00,4.809999942779541,4.815000057220459,4.78000020980835,4.784900188446045,31059,0.0,0.0
2024-08-15 09:50:00-04:00,4.784999847412109,4.804999828338623,4.784999847412109,4.788899898529053,20516,0.0,0.0
2024-08-15 09:55:00-04:00,4.789999961853027,4.789999961853027,4.775000095367432,4.784999847412109,27447,0.0,0.0
2024-08-15 10:00:00-04:00,4.789999961853027,4.809999942779541,4.78000020980835,4.784999847412109,19989,0.0,0.0
2024-08-15 10:05:00-04:00,4.78000020980835,4.789999961853027,4.769999980926514,4.778500080108643,32264,0.0,0.0
2024-08-15 10:10:00-04:00,4.769999980926514,4.784999847412109,4.769999980926514,4.78000020980835,59068,0.0,0.0
2024-08-15 10:15:00-04:00,4.78000020980835,4.809999942779541,4.779799938201904,4.809999942779541,20194,0.0,0.0
2024-08-15 10:20:00-04:00,4.807799816131592,4.829999923706055,4.807799816131592,4.8246002197265625,50388,0.0,0.0
2024-08-15 10:25:00-04:00,4.824999809265137,4.848299980163574,4.824999809265137,4.831099987030029,82073,0.0,0.0
2024-08-15 10:30:00-04:00,4.840000152587891,4.889999866485596,4.835000038146973,4.880000114440918,44251,0.0,0.0
2024-08-15 10:35:00-04:00,4.889999866485596,4.900000095367432,4.885000228881836,4.900000095367432,52642,0.0,0.0
2024-08-15 10:40:00-04:00,4.900000095367432,4.900000095367432,4.869999885559082,4.885000228881836,88736,0.0,0.0
2024-08-15 10:45:00-04:00,4.885000228881836,4.900000095367432,4.885000228881836,4.900000095367432,31057,0.0,0.0
2024-08-15 10:50:00-04:00,4.900000095367432,4.900000095367432,4.880000114440918,4.885000228881836,59921,0.0,0.0
2024-08-15 10:55:00-04:00,4.885000228881836,4.894999980926514,4.880000114440918,4.889999866485596,42054,0.0,0.0
2024-08-15 11:00:00-04:00,4.889999866485596,4.929999828338623,4.880000114440918,4.920000076293945,117724,0.0,0.0
2024-08-15 11:05:00-04:00,4.920000076293945,4.925000190734863,4.885000228881836,4.90500020980835,114896,0.0,0.0
2024-08-15 11:10:00-04:00,4.900000095367432,4.928500175476074,4.900000095367432,4.90500020980835,40500,0.0,0.0
2024-08-15 11:15:00-04:00,4.90500020980835,4.909999847412109,4.889999866485596,4.894999980926514,31214,0.0,0.0
2024-08-15 11:20:00-04:00,4.894999980926514,4.900000095367432,4.889999866485596,4.900000095367432,25489,0.0,0.0
2024-08-15 11:25:00-04:00,4.900000095367432,4.909999847412109,4.890100002288818,4.900000095367432,41753,0.0,0.0
2024-08-15 11:30:00-04:00,4.894999980926514,4.894999980926514,4.875,4.885000228881836,56130,0.0,0.0
2024-08-15 11:35:00-04:00,4.885000228881836,4.889999866485596,4.883699893951416,4.889999866485596,31619,0.0,0.0
2024-08-15 11:40:00-04:00,4.885000228881836,4.900000095367432,4.885000228881836,4.894999980926514,33607,0.0,0.0
2024-08-15 11:45:00-04:00,4.894999980926514,4.900000095367432,4.889999866485596,4.894999980926514,15704,0.0,0.0
2024-08-15 11:50:00-04:00,4.894999980926514,4.900000095367432,4.889999866485596,4.889999866485596,20736,0.0,0.0
2024-08-15 11:55:00-04:00,4.889999866485596,4.900000095367432,4.881199836730957,4.889999866485596,24395,0.0,0.0
2024-08-15 12:00:00-04:00,4.885000228881836,4.900000095367432,4.881199836730957,4.894999980926514,68049,0.0,0.0
2024-08-15 12:05:00-04:00,4.894999980926514,4.899899959564209,4.880000114440918,4.885000228881836,28728,0.0,0.0
2024-08-15 12:10:00-04:00,4.885000228881836,4.889999866485596,4.880000114440918,4.885000228881836,12673,0.0,0.0
2024-08-15 12:15:00-04:00,4.889900207519531,4.889900207519531,4.869999885559082,4.875,33000,0.0,0.0
2024-08-15 12:20:00-04:00,4.869999885559082,4.880000114440918,4.869999885559082,4.875,21912,0.0,0.0
2024-08-15 12:25:00-04:00,4.875,4.889999866485596,4.875,4.889999866485596,80803,0.0,0.0
2024-08-15 12:30:00-04:00,4.889999866485596,4.900000095367432,4.861999988555908,4.864999771118164,67320,0.0,0.0
2024-08-15 12:35:00-04:00,4.864999771118164,4.869999885559082,4.860000133514404,4.864999771118164,22011,0.0,0.0
2024-08-15 12:40:00-04:00,4.864999771118164,4.889999866485596,4.864999771118164,4.875,52724,0.0,0.0
2024-08-15 12:45:00-04:00,4.875,4.880000114440918,4.869999885559082,4.875,14079,0.0,0.0
2024-08-15 12:50:00-04:00,4.880000114440918,4.889999866485596,4.875,4.889999866485596,27936,0.0,0.0
2024-08-15 12:55:00-04:00,4.88539981842041,4.894999980926514,4.880000114440918,4.894999980926514,36354,0.0,0.0
2024-08-15 13:00:00-04:00,4.894999980926514,4.894999980926514,4.869999885559082,4.875,59505,0.0,0.0
2024-08-15 13:05:00-04:00,4.875,4.920000076293945,4.875,4.920000076293945,81547,0.0,0.0
2024-08-15 13:10:00-04:00,4.920000076293945,4.960000038146973,4.909999847412109,4.954999923706055,314757,0.0,0.0
2024-08-15 13:15:00-04:00,4.954999923706055,4.960000038146973,4.949999809265137,4.954999923706055,55742,0.0,0.0
2024-08-15 13:20:00-04:00,4.954999923706055,5.0,4.949999809265137,4.994999885559082,276212,0.0,0.0
2024-08-15 13:25:00-04:00,4.994999885559082,5.0,4.985000133514404,4.994999885559082,123501,0.0,0.0
2024-08-15 13:30:00-04:00,5.0,5.0,4.989999771118164,5.0,39438,0.0,0.0
2024-08-15 13:35:00-04:00,5.0,5.03000020980835,4.989999771118164,5.03000020980835,186517,0.0,0.0
2024-08-15 13:40:00-04:00,5.025000095367432,5.03000020980835,5.0,5.005000114440918,151477,0.0,0.0
2024-08-15 13:45:00-04:00,5.005000114440918,5.019999980926514,5.0,5.005000114440918,64896,0.0,0.0
2024-08-15 13:50:00-04:00,5.005000114440918,5.010000228881836,5.0,5.005000114440918,41505,0.0,0.0
2024-08-15 13:55:00-04:00,5.005000114440918,5.010000228881836,5.0,5.005000114440918,29481,0.0,0.0
2024-08-15 14:00:00-04:00,4.994999885559082,5.010000228881836,4.989999771118164,4.994999885559082,48249,0.0,0.0
2024-08-15 14:05:00-04:00,4.994999885559082,5.0,4.989999771118164,4.994999885559082,22850,0.0,0.0
2024-08-15 14:10:00-04:00,5.0,5.0,4.989999771118164,4.994999885559082,28372,0.0,0.0
2024-08-15 14:15:00-04:00,4.994999885559082,4.994999885559082,4.980000019073486,4.989799976348877,82886,0.0,0.0
2024-08-15 14:20:00-04:00,4.985000133514404,4.989999771118164,4.960000038146973,4.960000038146973,67618,0.0,0.0
2024-08-15 14:25:00-04:00,4.965000152587891,4.96999979019165,4.960000038146973,4.965000152587891,32469,0.0,0.0
2024-08-15 14:30:00-04:00,4.965000152587891,4.96999979019165,4.945000171661377,4.945000171661377,61801,0.0,0.0
2024-08-15 14:35:00-04:00,4.945000171661377,4.960000038146973,4.940000057220459,4.948200225830078,62717,0.0,0.0
2024-08-15 14:40:00-04:00,4.949999809265137,4.960000038146973,4.945000171661377,4.954999923706055,60843,0.0,0.0
2024-08-15 14:45:00-04:00,4.954999923706055,4.96999979019165,4.949999809265137,4.954999923706055,30177,0.0,0.0
2024-08-15 14:50:00-04:00,4.954999923706055,4.954999923706055,4.940000057220459,4.940000057220459,30973,0.0,0.0
2024-08-15 14:55:00-04:00,4.945000171661377,4.949999809265137,4.940000057220459,4.945000171661377,17343,0.0,0.0
2024-08-15 15:00:00-04:00,4.945000171661377,4.949699878692627,4.929999828338623,4.934999942779541,31394,0.0,0.0
2024-08-15 15:05:00-04:00,4.929999828338623,4.940000057220459,4.929999828338623,4.934999942779541,21618,0.0,0.0
2024-08-15 15:10:00-04:00,4.932499885559082,4.934999942779541,4.920000076293945,4.925000190734863,33704,0.0,0.0
2024-08-15 15:15:00-04:00,4.920000076293945,4.929999828338623,4.920000076293945,4.925000190734863,53495,0.0,0.0
2024-08-15 15:20:00-04:00,4.920000076293945,4.929999828338623,4.920000076293945,4.925000190734863,47986,0.0,0.0
2024-08-15 15:25:00-04:00,4.929999828338623,4.940000057220459,4.920000076293945,4.925000190734863,100717,0.0,0.0
2024-08-15 15:30:00-04:00,4.920000076293945,4.925000190734863,4.90500020980835,4.90500020980835,64388,0.0,0.0
2024-08-15 15:35:00-04:00,4.90500020980835,4.920000076293945,4.900000095367432,4.914999961853027,67137,0.0,0.0
2024-08-15 15:40:00-04:00,4.914999961853027,4.929999828338623,4.909999847412109,4.925000190734863,128126,0.0,0.0
2024-08-15 15:45:00-04:00,4.929999828338623,4.985000133514404,4.920000076293945,4.980000019073486,218997,0.0,0.0
2024-08-15 15:50:00-04:00,4.974999904632568,4.979899883270264,4.929999828338623,4.934999942779541,162185,0.0,0.0
2024-08-15 15:55:00-04:00,4.934999942779541,4.949999809265137,4.929999828338623,4.940000057220459,272091,0.0,0.0
2024-08-16 09:30:00-04:00,4.909999847412109,4.960000038146973,4.860000133514404,4.909999847412109,201632,0.0,0.0
2024-08-16 09:35:00-04:00,4.900000095367432,4.900000095367432,4.880000114440918,4.885000228881836,31782,0.0,0.0
2024-08-16 09:40:00-04:00,4.885000228881836,4.889999866485596,4.849999904632568,4.849999904632568,48565,0.0,0.0
2024-08-16 09:45:00-04:00,4.855000019073486,4.909999847412109,4.849999904632568,4.909999847412109,324938,0.0,0.0
2024-08-16 09:50:00-04:00,4.900000095367432,4.900000095367432,4.869999885559082,4.885000228881836,58577,0.0,0.0
2024-08-16 09:55:00-04:00,4.889100074768066,4.90500020980835,4.880000114440918,4.885000228881836,310916,0.0,0.0
2024-08-16 10:00:00-04:00,4.880000114440918,4.900000095367432,4.880000114440918,4.894999980926514,26681,0.0,0.0
2024-08-16 10:05:00-04:00,4.889999866485596,4.949999809265137,4.889999866485596,4.909999847412109,38415,0.0,0.0
2024-08-16 10:10:00-04:00,4.909999847412109,4.929999828338623,4.900000095367432,4.929999828338623,55803,0.0,0.0
2024-08-16 10:15:00-04:00,4.929999828338623,4.940000057220459,4.914999961853027,4.920000076293945,35189,0.0,0.0
2024-08-16 10:20:00-04:00,4.914999961853027,4.920000076293945,4.889999866485596,4.900000095367432,45345,0.0,0.0
2024-08-16 10:25:00-04:00,4.900000095367432,4.900000095367432,4.880000114440918,4.885000228881836,46864,0.0,0.0
2024-08-16 10:30:00-04:00,4.885000228881836,4.889999866485596,4.860000133514404,4.879899978637695,110654,0.0,0.0
2024-08-16 10:35:00-04:00,4.869999885559082,4.900000095367432,4.869999885559082,4.880000114440918,100317,0.0,0.0
2024-08-16 10:40:00-04:00,4.869999885559082,4.889999866485596,4.864999771118164,4.880000114440918,68139,0.0,0.0
2024-08-16 10:45:00-04:00,4.884099960327148,4.885000228881836,4.869999885559082,4.869999885559082,58769,0.0,0.0
2024-08-16 10:50:00-04:00,4.869999885559082,4.879700183868408,4.860000133514404,4.864999771118164,88448,0.0,0.0
2024-08-16 10:55:00-04:00,4.864999771118164,4.900000095367432,4.864999771118164,4.885000228881836,38612,0.0,0.0
2024-08-16 11:00:00-04:00,4.889999866485596,4.900000095367432,4.880000114440918,4.894999980926514,35312,0.0,0.0
2024-08-16 11:05:00-04:00,4.889999866485596,4.889999866485596,4.869999885559082,4.875,51544,0.0,0.0
2024-08-16 11:10:00-04:00,4.875,4.885000228881836,4.869999885559082,4.880000114440918,29767,0.0,0.0
2024-08-16 11:15:00-04:00,4.880000114440918,4.885000228881836,4.869999885559082,4.869999885559082,25992,0.0,0.0
2024-08-16 11:20:00-04:00,4.875,4.90500020980835,4.875,4.90500020980835,72156,0.0,0.0
2024-08-16 11:25:00-04:00,4.909999847412109,4.925000190734863,4.90500020980835,4.914999961853027,61322,0.0,0.0
2024-08-16 11:30:00-04:00,4.920000076293945,4.940000057220459,4.920000076293945,4.934999942779541,26234,0.0,0.0
2024-08-16 11:35:00-04:00,4.930099964141846,4.940000057220459,4.929999828338623,4.934999942779541,11460,0.0,0.0
2024-08-16 11:40:00-04:00,4.934999942779541,4.945000171661377,4.920000076293945,4.934999942779541,47860,0.0,0.0
2024-08-16 11:45:00-04:00,4.934999942779541,4.940000057220459,4.929999828338623,4.934999942779541,20974,0.0,0.0
2024-08-16 11:50:00-04:00,4.940000057220459,4.940000057220459,4.925000190734863,4.925000190734863,14026,0.0,0.0
2024-08-16 11:55:00-04:00,4.929999828338623,4.929999828338623,4.909999847412109,4.914999961853027,16886,0.0,0.0
2024-08-16 12:00:00-04:00,4.914999961853027,4.939899921417236,4.909999847412109,4.939899921417236,43511,0.0,0.0
2024-08-16 12:05:00-04:00,4.934999942779541,4.940000057220459,4.929999828338623,4.934999942779541,7086,0.0,0.0
2024-08-16 12:10:00-04:00,4.934999942779541,4.958899974822998,4.934999942779541,4.949999809265137,61683,0.0,0.0
2024-08-16 12:15:00-04:00,4.945000171661377,4.949999809265137,4.929999828338623,4.934999942779541,10827,0.0,0.0
2024-08-16 12:20:00-04:00,4.934999942779541,4.940000057220459,4.920000076293945,4.920000076293945,44274,0.0,0.0
2024-08-16 12:25:00-04:00,4.929900169372559,4.929900169372559,4.909999847412109,4.914999961853027,41995,0.0,0.0
2024-08-16 12:30:00-04:00,4.914999961853027,4.920000076293945,4.909999847412109,4.910999774932861,13160,0.0,0.0
2024-08-16 12:35:00-04:00,4.914999961853027,4.920000076293945,4.909999847412109,4.910999774932861,24666,0.0,0.0
2024-08-16 12:40:00-04:00,4.914999961853027,4.919899940490723,4.900000095367432,4.90500020980835,26457,0.0,0.0
2024-08-16 12:45:00-04:00,4.900000095367432,4.909999847412109,4.900000095367432,4.901000022888184,22565,0.0,0.0
2024-08-16 12:50:00-04:00,4.901100158691406,4.909999847412109,4.900000095367432,4.90500020980835,34787,0.0,0.0
2024-08-16 12:55:00-04:00,4.90500020980835,4.920000076293945,4.900000095367432,4.920000076293945,65817,0.0,0.0
2024-08-16 13:00:00-04:00,4.914999961853027,4.920000076293945,4.909999847412109,4.909999847412109,16712,0.0,0.0
2024-08-16 13:05:00-04:00,4.914999961853027,4.914999961853027,4.894999980926514,4.90500020980835,54253,0.0,0.0
2024-08-16 13:10:00-04:00,4.90500020980835,4.920000076293945,4.901000022888184,4.920000076293945,39831,0.0,0.0
2024-08-16 13:15:00-04:00,4.920000076293945,4.936399936676025,4.920000076293945,4.93120002746582,37553,0.0,0.0
2024-08-16 13:20:00-04:00,4.934999942779541,4.940000057220459,4.929999828338623,4.934999942779541,20949,0.0,0.0
2024-08-16 13:25:00-04:00,4.934999942779541,4.940000057220459,4.920000076293945,4.925000190734863,19044,0.0,0.0
2024-08-16 13:30:00-04:00,4.925000190734863,4.929999828338623,4.920000076293945,4.920000076293945,23295,0.0,0.0
2024-08-16 13:35:00-04:00,4.920000076293945,4.920000076293945,4.900000095367432,4.900000095367432,29895,0.0,0.0
2024-08-16 13:40:00-04:00,4.900000095367432,4.900000095367432,4.889999866485596,4.894999980926514,21711,0.0,0.0
2024-08-16 13:45:00-04:00,4.894999980926514,4.900000095367432,4.889999866485596,4.890999794006348,113859,0.0,0.0
2024-08-16 13:50:00-04:00,4.889999866485596,4.9096999168396,4.875,4.900000095367432,464034,0.0,0.0
2024-08-16 13:55:00-04:00,4.894999980926514,4.900000095367432,4.889999866485596,4.894999980926514,34590,0.0,0.0
2024-08-16 14:00:00-04:00,4.894999980926514,4.894999980926514,4.849999904632568,4.855000019073486,124190,0.0,0.0
2024-08-16 14:05:00-04:00,4.850200176239014,4.860000133514404,4.849999904632568,4.85099983215332,46480,0.0,0.0
2024-08-16 14:10:00-04:00,4.855000019073486,4.869999885559082,4.849999904632568,4.864999771118164,60450,0.0,0.0
2024-08-16 14:15:00-04:00,4.869900226593018,4.880000114440918,4.860000133514404,4.860099792480469,92452,0.0,0.0
2024-08-16 14:20:00-04:00,4.860000133514404,4.860000133514404,4.829999923706055,4.835000038146973,198379,0.0,0.0
2024-08-16 14:25:00-04:00,4.835000038146973,4.84499979019165,4.820000171661377,4.824999809265137,100518,0.0,0.0
2024-08-16 14:30:00-04:00,4.820000171661377,4.824999809265137,4.820000171661377,4.820000171661377,18396,0.0,0.0
2024-08-16 14:35:00-04:00,4.823999881744385,4.829999923706055,4.820000171661377,4.824999809265137,58265,0.0,0.0
2024-08-16 14:40:00-04:00,4.824999809265137,4.829999923706055,4.820000171661377,4.820000171661377,21191,0.0,0.0
2024-08-16 14:45:00-04:00,4.824999809265137,4.829800128936768,4.809999942779541,4.815000057220459,40021,0.0,0.0
2024-08-16 14:50:00-04:00,4.815000057220459,4.84499979019165,4.809999942779541,4.84499979019165,70255,0.0,0.0
2024-08-16 14:55:00-04:00,4.841000080108643,4.849999904632568,4.840000152587891,4.84499979019165,19759,0.0,0.0
2024-08-16 15:00:00-04:00,4.84499979019165,4.849999904632568,4.840000152587891,4.84499979019165,22900,0.0,0.0
2024-08-16 15:05:00-04:00,4.84499979019165,4.860000133514404,4.829999923706055,4.835000038146973,78200,0.0,0.0
2024-08-16 15:10:00-04:00,4.835000038146973,4.840000152587891,4.829999923706055,4.840000152587891,15516,0.0,0.0
2024-08-16 15:15:00-04:00,4.835000038146973,4.84499979019165,4.829999923706055,4.84499979019165,63324,0.0,0.0
2024-08-16 15:20:00-04:00,4.849999904632568,4.849999904632568,4.829999923706055,4.84499979019165,97378,0.0,0.0
2024-08-16 15:25:00-04:00,4.848800182342529,4.849999904632568,4.84119987487793,4.84499979019165,38681,0.0,0.0
2024-08-16 15:30:00-04:00,4.84499979019165,4.849999904632568,4.840000152587891,4.84499979019165,36835,0.0,0.0
2024-08-16 15:35:00-04:00,4.84499979019165,4.849999904632568,4.840000152587891,4.84499979019165,88159,0.0,0.0
2024-08-16 15:40:00-04:00,4.84499979019165,4.849999904632568,4.829999923706055,4.835000038146973,130709,0.0,0.0
2024-08-16 15:45:00-04:00,4.835000038146973,4.869999885559082,4.820000171661377,4.869999885559082,268782,0.0,0.0
2024-08-16 15:50:00-04:00,4.875,4.875,4.849999904632568,4.855000019073486,165283,0.0,0.0
2024-08-16 15:55:00-04:00,4.855000019073486,4.860000133514404,4.849999904632568,4.849999904632568,311831,0.0,0.0
