Datetime,Open,High,Low,Close,Volume,Dividends,Stock Splits,Capital Gains
2024-07-17 09:30:00-04:00,46.97999954223633,47.040000915527344,46.97999954223633,46.97999954223633,0,0.0,0.0,0.0
2024-07-17 09:35:00-04:00,47.060001373291016,47.060001373291016,47.060001373291016,47.060001373291016,781,0.0,0.0,0.0
2024-07-17 10:10:00-04:00,47.220001220703125,47.220001220703125,47.220001220703125,47.220001220703125,100,0.0,0.0,0.0
2024-07-17 10:35:00-04:00,47.13999938964844,47.13999938964844,47.13999938964844,47.13999938964844,0,0.0,0.0,0.0
2024-07-17 10:50:00-04:00,47.189998626708984,47.189998626708984,47.189998626708984,47.189998626708984,2867,0.0,0.0,0.0
2024-07-17 10:55:00-04:00,47.165000915527344,47.165000915527344,47.165000915527344,47.165000915527344,258,0.0,0.0,0.0
2024-07-17 11:15:00-04:00,47.15999984741211,47.15999984741211,47.15999984741211,47.15999984741211,1006,0.0,0.0,0.0
2024-07-17 11:20:00-04:00,47.156898498535156,47.156898498535156,47.156898498535156,47.156898498535156,282,0.0,0.0,0.0
2024-07-17 11:45:00-04:00,47.15999984741211,47.15999984741211,47.15999984741211,47.15999984741211,184,0.0,0.0,0.0
2024-07-17 11:55:00-04:00,47.165199279785156,47.165199279785156,47.165199279785156,47.165199279785156,345,0.0,0.0,0.0
2024-07-17 12:20:00-04:00,47.125,47.16809844970703,47.125,47.16809844970703,242,0.0,0.0,0.0
2024-07-17 12:25:00-04:00,47.14390182495117,47.14390182495117,47.14390182495117,47.14390182495117,196,0.0,0.0,0.0
2024-07-17 12:40:00-04:00,47.130699157714844,47.130699157714844,47.130699157714844,47.130699157714844,600,0.0,0.0,0.0
2024-07-17 13:45:00-04:00,47.119998931884766,47.13930130004883,47.119998931884766,47.13930130004883,3610,0.0,0.0,0.0
2024-07-17 13:50:00-04:00,47.13880157470703,47.13880157470703,47.13880157470703,47.13880157470703,420,0.0,0.0,0.0
2024-07-17 14:25:00-04:00,47.11000061035156,47.11000061035156,47.11000061035156,47.11000061035156,178,0.0,0.0,0.0
2024-07-17 14:30:00-04:00,47.11000061035156,47.150001525878906,47.11000061035156,47.13199996948242,5840,0.0,0.0,0.0
2024-07-17 15:10:00-04:00,47.11000061035156,47.11000061035156,47.0807991027832,47.0807991027832,1144,0.0,0.0,0.0
2024-07-17 15:15:00-04:00,47.08000183105469,47.08000183105469,47.08000183105469,47.08000183105469,739,0.0,0.0,0.0
2024-07-17 15:35:00-04:00,47.11000061035156,47.11000061035156,47.11000061035156,47.11000061035156,524,0.0,0.0,0.0
2024-07-17 15:45:00-04:00,47.08000183105469,47.1349983215332,47.07709884643555,47.1349983215332,827,0.0,0.0,0.0
2024-07-17 15:50:00-04:00,47.11000061035156,47.119998931884766,47.07500076293945,47.07500076293945,2234,0.0,0.0,0.0
2024-07-18 09:30:00-04:00,47.08000183105469,47.08000183105469,46.90999984741211,46.972999572753906,0,0.0,0.0,0.0
2024-07-18 09:35:00-04:00,47.06370162963867,47.06370162963867,47.06370162963867,47.06370162963867,1002,0.0,0.0,0.0
2024-07-18 09:40:00-04:00,47.131099700927734,47.131099700927734,47.131099700927734,47.131099700927734,1000,0.0,0.0,0.0
2024-07-18 09:45:00-04:00,47.11349868774414,47.11349868774414,47.11349868774414,47.11349868774414,287,0.0,0.0,0.0
2024-07-18 10:00:00-04:00,47.314998626708984,47.314998626708984,47.314998626708984,47.314998626708984,753,0.0,0.0,0.0
2024-07-18 10:45:00-04:00,47.220001220703125,47.220001220703125,47.220001220703125,47.220001220703125,592,0.0,0.0,0.0
2024-07-18 11:45:00-04:00,47.060001373291016,47.060001373291016,47.060001373291016,47.060001373291016,172,0.0,0.0,0.0
2024-07-18 11:50:00-04:00,47.02000045776367,47.02000045776367,47.02000045776367,47.02000045776367,408,0.0,0.0,0.0
2024-07-18 11:55:00-04:00,47.0,47.0,47.0,47.0,3808,0.0,0.0,0.0
2024-07-18 12:30:00-04:00,46.9739990234375,46.9739990234375,46.9739990234375,46.9739990234375,276,0.0,0.0,0.0
2024-07-18 12:55:00-04:00,47.0,47.0,47.0,47.0,290,0.0,0.0,0.0
2024-07-18 13:05:00-04:00,46.97919845581055,46.97919845581055,46.97919845581055,46.97919845581055,470,0.0,0.0,0.0
2024-07-18 13:40:00-04:00,46.970001220703125,46.970001220703125,46.970001220703125,46.970001220703125,1248,0.0,0.0,0.0
2024-07-18 14:35:00-04:00,46.76499938964844,46.76499938964844,46.74209976196289,46.74209976196289,617,0.0,0.0,0.0
2024-07-18 14:40:00-04:00,46.709999084472656,46.709999084472656,46.709999084472656,46.709999084472656,475,0.0,0.0,0.0
2024-07-18 15:00:00-04:00,46.7400016784668,46.7400016784668,46.7400016784668,46.7400016784668,179,0.0,0.0,0.0
2024-07-18 15:05:00-04:00,46.724998474121094,46.724998474121094,46.724998474121094,46.724998474121094,471,0.0,0.0,0.0
2024-07-18 15:25:00-04:00,46.65999984741211,46.65999984741211,46.650001525878906,46.650001525878906,238,0.0,0.0,0.0
2024-07-18 15:30:00-04:00,46.65999984741211,46.65999984741211,46.650001525878906,46.650001525878906,1494,0.0,0.0,0.0
2024-07-18 15:45:00-04:00,46.690101623535156,46.71799850463867,46.690101623535156,46.71799850463867,1053,0.0,0.0,0.0
2024-07-18 15:50:00-04:00,46.77000045776367,46.80500030517578,46.7400016784668,46.7400016784668,742,0.0,0.0,0.0
2024-07-18 15:55:00-04:00,46.709999084472656,46.7400016784668,46.709999084472656,46.7400016784668,6622,0.0,0.0,0.0
2024-07-19 09:35:00-04:00,46.56999969482422,46.56999969482422,46.52000045776367,46.52000045776367,3040,0.0,0.0,0.0
2024-07-19 09:40:00-04:00,46.599998474121094,46.599998474121094,46.58599853515625,46.599998474121094,2154,0.0,0.0,0.0
2024-07-19 09:45:00-04:00,46.540000915527344,46.540000915527344,46.540000915527344,46.540000915527344,0,0.0,0.0,0.0
2024-07-19 09:55:00-04:00,46.540000915527344,46.540000915527344,46.529998779296875,46.540000915527344,6533,0.0,0.0,0.0
2024-07-19 11:25:00-04:00,46.310001373291016,46.310001373291016,46.310001373291016,46.310001373291016,100,0.0,0.0,0.0
2024-07-19 11:55:00-04:00,46.34000015258789,46.34000015258789,46.34000015258789,46.34000015258789,300,0.0,0.0,0.0
2024-07-19 12:00:00-04:00,46.380001068115234,46.380001068115234,46.380001068115234,46.380001068115234,102,0.0,0.0,0.0
2024-07-19 13:10:00-04:00,46.29439926147461,46.29439926147461,46.29439926147461,46.29439926147461,1288,0.0,0.0,0.0
2024-07-19 13:30:00-04:00,46.27320098876953,46.27320098876953,46.27320098876953,46.27320098876953,380,0.0,0.0,0.0
2024-07-19 14:40:00-04:00,46.321998596191406,46.321998596191406,46.290000915527344,46.290000915527344,343,0.0,0.0,0.0
2024-07-19 15:00:00-04:00,46.31999969482422,46.31999969482422,46.31999969482422,46.31999969482422,1256,0.0,0.0,0.0
2024-07-19 15:10:00-04:00,46.380001068115234,46.380001068115234,46.380001068115234,46.380001068115234,296,0.0,0.0,0.0
2024-07-19 15:15:00-04:00,46.380001068115234,46.380001068115234,46.380001068115234,46.380001068115234,106,0.0,0.0,0.0
2024-07-19 15:20:00-04:00,46.400001525878906,46.400001525878906,46.400001525878906,46.400001525878906,2575,0.0,0.0,0.0
2024-07-19 15:35:00-04:00,46.39500045776367,46.39500045776367,46.31050109863281,46.31050109863281,391,0.0,0.0,0.0
2024-07-22 09:30:00-04:00,46.47999954223633,46.47999954223633,46.47999954223633,46.47999954223633,0,0.0,0.0,0.0
2024-07-22 09:40:00-04:00,46.560001373291016,46.560001373291016,46.5,46.5,603,0.0,0.0,0.0
2024-07-22 09:45:00-04:00,46.49980163574219,46.49980163574219,46.49980163574219,46.49980163574219,4225,0.0,0.0,0.0
2024-07-22 09:55:00-04:00,46.34000015258789,46.34000015258789,46.33000183105469,46.34000015258789,588,0.0,0.0,0.0
2024-07-22 10:10:00-04:00,46.25,46.25,46.25,46.25,188,0.0,0.0,0.0
2024-07-22 10:20:00-04:00,46.28049850463867,46.31999969482422,46.28049850463867,46.31999969482422,348,0.0,0.0,0.0
2024-07-22 10:25:00-04:00,46.349998474121094,46.349998474121094,46.349998474121094,46.349998474121094,149,0.0,0.0,0.0
2024-07-22 10:30:00-04:00,46.369998931884766,46.369998931884766,46.369998931884766,46.369998931884766,121,0.0,0.0,0.0
2024-07-22 10:35:00-04:00,46.3484001159668,46.3484001159668,46.3484001159668,46.3484001159668,292,0.0,0.0,0.0
2024-07-22 10:45:00-04:00,46.45500183105469,46.45500183105469,46.45500183105469,46.45500183105469,114,0.0,0.0,0.0
2024-07-22 10:50:00-04:00,46.43000030517578,46.43000030517578,46.43000030517578,46.43000030517578,174,0.0,0.0,0.0
2024-07-22 10:55:00-04:00,46.45000076293945,46.45000076293945,46.45000076293945,46.45000076293945,466,0.0,0.0,0.0
2024-07-22 11:05:00-04:00,46.51499938964844,46.51499938964844,46.51499938964844,46.51499938964844,353,0.0,0.0,0.0
2024-07-22 11:20:00-04:00,46.470001220703125,46.470001220703125,46.470001220703125,46.470001220703125,116,0.0,0.0,0.0
2024-07-22 11:25:00-04:00,46.470001220703125,46.470001220703125,46.470001220703125,46.470001220703125,100,0.0,0.0,0.0
2024-07-22 11:40:00-04:00,46.40999984741211,46.40999984741211,46.400001525878906,46.400001525878906,1430,0.0,0.0,0.0
2024-07-22 11:55:00-04:00,46.41630172729492,46.41630172729492,46.41630172729492,46.41630172729492,144,0.0,0.0,0.0
2024-07-22 12:00:00-04:00,46.439998626708984,46.439998626708984,46.439998626708984,46.439998626708984,157,0.0,0.0,0.0
2024-07-22 12:05:00-04:00,46.43000030517578,46.43000030517578,46.43000030517578,46.43000030517578,223,0.0,0.0,0.0
2024-07-22 12:20:00-04:00,46.470001220703125,46.470001220703125,46.45000076293945,46.45000076293945,223,0.0,0.0,0.0
2024-07-22 12:35:00-04:00,46.43000030517578,46.45000076293945,46.43000030517578,46.45000076293945,327,0.0,0.0,0.0
2024-07-22 12:50:00-04:00,46.47999954223633,46.47999954223633,46.47999954223633,46.47999954223633,250,0.0,0.0,0.0
2024-07-22 13:00:00-04:00,46.540000915527344,46.540000915527344,46.540000915527344,46.540000915527344,545,0.0,0.0,0.0
2024-07-22 13:05:00-04:00,46.56999969482422,46.56999969482422,46.56999969482422,46.56999969482422,100,0.0,0.0,0.0
2024-07-22 13:20:00-04:00,46.595001220703125,46.595001220703125,46.595001220703125,46.595001220703125,556,0.0,0.0,0.0
2024-07-22 13:30:00-04:00,46.61000061035156,46.61000061035156,46.61000061035156,46.61000061035156,715,0.0,0.0,0.0
2024-07-22 13:40:00-04:00,46.61909866333008,46.61909866333008,46.59000015258789,46.59000015258789,510,0.0,0.0,0.0
2024-07-22 13:50:00-04:00,46.53219985961914,46.53219985961914,46.53219985961914,46.53219985961914,131,0.0,0.0,0.0
2024-07-22 13:55:00-04:00,46.58000183105469,46.58000183105469,46.58000183105469,46.58000183105469,219,0.0,0.0,0.0
2024-07-22 14:00:00-04:00,46.560001373291016,46.560001373291016,46.560001373291016,46.560001373291016,153,0.0,0.0,0.0
2024-07-22 14:10:00-04:00,46.587398529052734,46.587398529052734,46.560001373291016,46.560001373291016,576,0.0,0.0,0.0
2024-07-22 14:15:00-04:00,46.560001373291016,46.56850051879883,46.560001373291016,46.56850051879883,5641,0.0,0.0,0.0
2024-07-22 14:20:00-04:00,46.569000244140625,46.569000244140625,46.569000244140625,46.569000244140625,129,0.0,0.0,0.0
2024-07-22 14:30:00-04:00,46.56999969482422,46.56999969482422,46.56999969482422,46.56999969482422,200,0.0,0.0,0.0
2024-07-22 14:35:00-04:00,46.58000183105469,46.599998474121094,46.560001373291016,46.599998474121094,2017,0.0,0.0,0.0
2024-07-22 14:40:00-04:00,46.599998474121094,46.599998474121094,46.599998474121094,46.599998474121094,200,0.0,0.0,0.0
2024-07-22 14:45:00-04:00,46.59000015258789,46.59000015258789,46.59000015258789,46.59000015258789,236,0.0,0.0,0.0
2024-07-22 14:50:00-04:00,46.619998931884766,46.619998931884766,46.619998931884766,46.619998931884766,102,0.0,0.0,0.0
2024-07-22 14:55:00-04:00,46.630001068115234,46.630001068115234,46.630001068115234,46.630001068115234,105,0.0,0.0,0.0
2024-07-22 15:05:00-04:00,46.584999084472656,46.584999084472656,46.584999084472656,46.584999084472656,168,0.0,0.0,0.0
2024-07-22 15:20:00-04:00,46.611000061035156,46.611000061035156,46.611000061035156,46.611000061035156,363,0.0,0.0,0.0
2024-07-22 15:25:00-04:00,46.599998474121094,46.599998474121094,46.599998474121094,46.599998474121094,136,0.0,0.0,0.0
2024-07-22 15:30:00-04:00,46.599998474121094,46.649898529052734,46.599998474121094,46.599998474121094,1952,0.0,0.0,0.0
2024-07-22 15:35:00-04:00,46.6150016784668,46.63999938964844,46.6150016784668,46.63999938964844,0,0.0,0.0,0.0
2024-07-23 09:30:00-04:00,46.65999984741211,46.65999984741211,46.65999984741211,46.65999984741211,414,0.0,0.0,0.0
2024-07-23 09:35:00-04:00,46.50080108642578,46.5099983215332,46.50080108642578,46.5099983215332,391,0.0,0.0,0.0
2024-07-23 09:40:00-04:00,46.56999969482422,46.56999969482422,46.56999969482422,46.56999969482422,193,0.0,0.0,0.0
2024-07-23 09:50:00-04:00,46.59000015258789,46.59000015258789,46.52799987792969,46.52799987792969,1228,0.0,0.0,0.0
2024-07-23 09:55:00-04:00,46.599998474121094,46.599998474121094,46.599998474121094,46.599998474121094,349,0.0,0.0,0.0
2024-07-23 10:00:00-04:00,46.63999938964844,46.63999938964844,46.63999938964844,46.63999938964844,1367,0.0,0.0,0.0
2024-07-23 10:15:00-04:00,46.68000030517578,46.68000030517578,46.68000030517578,46.68000030517578,603,0.0,0.0,0.0
2024-07-23 10:30:00-04:00,46.66080093383789,46.66080093383789,46.66080093383789,46.66080093383789,870,0.0,0.0,0.0
2024-07-23 10:40:00-04:00,46.58000183105469,46.58000183105469,46.58000183105469,46.58000183105469,113,0.0,0.0,0.0
2024-07-23 10:55:00-04:00,46.529998779296875,46.529998779296875,46.529998779296875,46.529998779296875,9929,0.0,0.0,0.0
2024-07-23 11:00:00-04:00,46.55500030517578,46.56209945678711,46.55500030517578,46.56209945678711,1523,0.0,0.0,0.0
2024-07-23 11:05:00-04:00,46.57659912109375,46.57659912109375,46.57659912109375,46.57659912109375,274,0.0,0.0,0.0
2024-07-23 11:20:00-04:00,46.56999969482422,46.56999969482422,46.56999969482422,46.56999969482422,890,0.0,0.0,0.0
2024-07-23 11:30:00-04:00,46.580101013183594,46.6150016784668,46.580101013183594,46.6150016784668,3363,0.0,0.0,0.0
2024-07-23 11:35:00-04:00,46.599998474121094,46.599998474121094,46.599998474121094,46.599998474121094,8204,0.0,0.0,0.0
2024-07-23 11:45:00-04:00,46.630001068115234,46.630001068115234,46.630001068115234,46.630001068115234,736,0.0,0.0,0.0
2024-07-23 11:55:00-04:00,46.619998931884766,46.619998931884766,46.619998931884766,46.619998931884766,5054,0.0,0.0,0.0
2024-07-23 12:00:00-04:00,46.63999938964844,46.63999938964844,46.63999938964844,46.63999938964844,154,0.0,0.0,0.0
2024-07-23 12:05:00-04:00,46.650001525878906,46.650001525878906,46.650001525878906,46.650001525878906,4000,0.0,0.0,0.0
2024-07-23 12:10:00-04:00,46.599998474121094,46.613399505615234,46.599998474121094,46.613399505615234,1000,0.0,0.0,0.0
2024-07-23 12:15:00-04:00,46.621498107910156,46.621498107910156,46.621498107910156,46.621498107910156,199,0.0,0.0,0.0
2024-07-23 12:20:00-04:00,46.62009811401367,46.62009811401367,46.58000183105469,46.58000183105469,8542,0.0,0.0,0.0
2024-07-23 12:25:00-04:00,46.58000183105469,46.58000183105469,46.58000183105469,46.58000183105469,148,0.0,0.0,0.0
2024-07-23 12:30:00-04:00,46.567298889160156,46.567298889160156,46.567298889160156,46.567298889160156,170,0.0,0.0,0.0
2024-07-23 12:45:00-04:00,46.595401763916016,46.595401763916016,46.595401763916016,46.595401763916016,1418,0.0,0.0,0.0
2024-07-23 13:10:00-04:00,46.63999938964844,46.63999938964844,46.56999969482422,46.599998474121094,4068,0.0,0.0,0.0
2024-07-23 13:40:00-04:00,46.58000183105469,46.58000183105469,46.58000183105469,46.58000183105469,9506,0.0,0.0,0.0
2024-07-23 13:45:00-04:00,46.61000061035156,46.619998931884766,46.56999969482422,46.61000061035156,7845,0.0,0.0,0.0
2024-07-23 13:50:00-04:00,46.619998931884766,46.619998931884766,46.619998931884766,46.619998931884766,4501,0.0,0.0,0.0
2024-07-23 13:55:00-04:00,46.63999938964844,46.63999938964844,46.63999938964844,46.63999938964844,100,0.0,0.0,0.0
2024-07-23 14:00:00-04:00,46.63999938964844,46.63999938964844,46.63999938964844,46.63999938964844,5113,0.0,0.0,0.0
2024-07-23 14:05:00-04:00,46.65999984741211,46.65999984741211,46.65999984741211,46.65999984741211,3200,0.0,0.0,0.0
2024-07-23 14:15:00-04:00,46.66999816894531,46.66999816894531,46.653099060058594,46.653099060058594,3771,0.0,0.0,0.0
2024-07-23 14:25:00-04:00,46.64500045776367,46.64500045776367,46.64500045776367,46.64500045776367,2289,0.0,0.0,0.0
2024-07-23 14:35:00-04:00,46.66999816894531,46.66999816894531,46.66999816894531,46.66999816894531,845,0.0,0.0,0.0
2024-07-23 14:45:00-04:00,46.68000030517578,46.68000030517578,46.68000030517578,46.68000030517578,131,0.0,0.0,0.0
2024-07-23 14:50:00-04:00,46.650001525878906,46.650001525878906,46.650001525878906,46.650001525878906,9800,0.0,0.0,0.0
2024-07-23 14:55:00-04:00,46.650001525878906,46.650001525878906,46.650001525878906,46.650001525878906,7305,0.0,0.0,0.0
2024-07-23 15:00:00-04:00,46.630001068115234,46.650001525878906,46.630001068115234,46.650001525878906,8460,0.0,0.0,0.0
2024-07-23 15:10:00-04:00,46.630001068115234,46.630001068115234,46.630001068115234,46.630001068115234,15200,0.0,0.0,0.0
2024-07-23 15:20:00-04:00,46.64070129394531,46.650001525878906,46.64070129394531,46.650001525878906,908,0.0,0.0,0.0
2024-07-23 15:25:00-04:00,46.6411018371582,46.6411018371582,46.6411018371582,46.6411018371582,0,0.0,0.0,0.0
2024-07-23 15:35:00-04:00,46.630001068115234,46.650001525878906,46.630001068115234,46.644100189208984,145662,0.0,0.0,0.0
2024-07-23 15:40:00-04:00,46.6150016784668,46.6150016784668,46.58000183105469,46.58000183105469,691,0.0,0.0,0.0
2024-07-23 15:45:00-04:00,46.619998931884766,46.619998931884766,46.619998931884766,46.619998931884766,101,0.0,0.0,0.0
2024-07-23 15:50:00-04:00,46.58000183105469,46.599998474121094,46.58000183105469,46.599998474121094,6774,0.0,0.0,0.0
2024-07-23 15:55:00-04:00,46.54999923706055,46.56949996948242,46.54999923706055,46.560001373291016,3554,0.0,0.0,0.0
2024-07-24 09:30:00-04:00,46.54999923706055,46.54999923706055,46.54999923706055,46.54999923706055,0,0.0,0.0,0.0
2024-07-24 09:35:00-04:00,46.47999954223633,46.47999954223633,46.47999954223633,46.47999954223633,4788,0.0,0.0,0.0
2024-07-24 09:40:00-04:00,46.58000183105469,46.58000183105469,46.53810119628906,46.54249954223633,12070,0.0,0.0,0.0
2024-07-24 09:45:00-04:00,46.5099983215332,46.5099983215332,46.5099983215332,46.5099983215332,237,0.0,0.0,0.0
2024-07-24 09:55:00-04:00,46.0,46.27920150756836,46.0,46.27920150756836,597,0.0,0.0,0.0
2024-07-24 10:25:00-04:00,46.2400016784668,46.2400016784668,46.2400016784668,46.2400016784668,208,0.0,0.0,0.0
2024-07-24 10:45:00-04:00,46.33000183105469,46.33000183105469,46.33000183105469,46.33000183105469,114,0.0,0.0,0.0
2024-07-24 10:50:00-04:00,46.349300384521484,46.36600112915039,46.349300384521484,46.36600112915039,567,0.0,0.0,0.0
2024-07-24 10:55:00-04:00,46.349998474121094,46.349998474121094,46.349998474121094,46.349998474121094,420,0.0,0.0,0.0
2024-07-24 11:00:00-04:00,46.31999969482422,46.31999969482422,46.310001373291016,46.310001373291016,661,0.0,0.0,0.0
2024-07-24 11:25:00-04:00,46.26499938964844,46.26499938964844,46.26499938964844,46.26499938964844,164,0.0,0.0,0.0
2024-07-24 11:45:00-04:00,46.32500076293945,46.32500076293945,46.32500076293945,46.32500076293945,497,0.0,0.0,0.0
2024-07-24 12:10:00-04:00,46.3650016784668,46.3650016784668,46.3650016784668,46.3650016784668,0,0.0,0.0,0.0
2024-07-24 12:30:00-04:00,46.380001068115234,46.380001068115234,46.380001068115234,46.380001068115234,21266,0.0,0.0,0.0
2024-07-24 13:20:00-04:00,46.35110092163086,46.35110092163086,46.35110092163086,46.35110092163086,960,0.0,0.0,0.0
2024-07-24 13:25:00-04:00,46.34230041503906,46.34230041503906,46.34230041503906,46.34230041503906,108,0.0,0.0,0.0
2024-07-24 13:30:00-04:00,46.31999969482422,46.31999969482422,46.31999969482422,46.31999969482422,421,0.0,0.0,0.0
2024-07-24 13:45:00-04:00,46.31760025024414,46.380001068115234,46.31760025024414,46.380001068115234,322,0.0,0.0,0.0
2024-07-24 13:50:00-04:00,46.34000015258789,46.34000015258789,46.34000015258789,46.34000015258789,874,0.0,0.0,0.0
2024-07-24 14:15:00-04:00,46.31999969482422,46.354801177978516,46.31999969482422,46.354801177978516,985,0.0,0.0,0.0
2024-07-24 14:25:00-04:00,46.30699920654297,46.30699920654297,46.30699920654297,46.30699920654297,212,0.0,0.0,0.0
2024-07-24 14:40:00-04:00,46.24480056762695,46.24480056762695,46.24480056762695,46.24480056762695,3230,0.0,0.0,0.0
2024-07-24 14:55:00-04:00,46.22999954223633,46.22999954223633,46.22999954223633,46.22999954223633,200,0.0,0.0,0.0
2024-07-24 15:00:00-04:00,46.22999954223633,46.22999954223633,46.22999954223633,46.22999954223633,492,0.0,0.0,0.0
2024-07-24 15:40:00-04:00,46.2400016784668,46.2400016784668,46.2400016784668,46.2400016784668,113,0.0,0.0,0.0
2024-07-24 15:50:00-04:00,46.130001068115234,46.130001068115234,46.130001068115234,46.130001068115234,594,0.0,0.0,0.0
2024-07-25 09:30:00-04:00,46.25,46.25,46.23500061035156,46.23500061035156,392,0.0,0.0,0.0
2024-07-25 09:35:00-04:00,46.224998474121094,46.224998474121094,46.224998474121094,46.224998474121094,214,0.0,0.0,0.0
2024-07-25 09:40:00-04:00,46.33380126953125,46.33380126953125,46.33380126953125,46.33380126953125,100,0.0,0.0,0.0
2024-07-25 09:50:00-04:00,46.45000076293945,46.45000076293945,46.45000076293945,46.45000076293945,187,0.0,0.0,0.0
2024-07-25 10:25:00-04:00,46.46549987792969,46.46549987792969,46.46549987792969,46.46549987792969,307,0.0,0.0,0.0
2024-07-25 10:40:00-04:00,46.439998626708984,46.439998626708984,46.439998626708984,46.439998626708984,748,0.0,0.0,0.0
2024-07-25 10:55:00-04:00,46.470001220703125,46.5099983215332,46.470001220703125,46.5099983215332,434,0.0,0.0,0.0
2024-07-25 12:20:00-04:00,46.720001220703125,46.720001220703125,46.720001220703125,46.720001220703125,527,0.0,0.0,0.0
2024-07-25 12:50:00-04:00,46.75,46.75,46.75,46.75,2562,0.0,0.0,0.0
2024-07-25 14:00:00-04:00,46.570499420166016,46.570499420166016,46.570499420166016,46.570499420166016,252,0.0,0.0,0.0
2024-07-25 14:30:00-04:00,46.59000015258789,46.59000015258789,46.59000015258789,46.59000015258789,229,0.0,0.0,0.0
2024-07-25 15:00:00-04:00,46.439998626708984,46.439998626708984,46.439998626708984,46.439998626708984,476,0.0,0.0,0.0
2024-07-25 15:35:00-04:00,46.48040008544922,46.48040008544922,46.48040008544922,46.48040008544922,165,0.0,0.0,0.0
2024-07-25 15:40:00-04:00,46.43119812011719,46.43119812011719,46.43119812011719,46.43119812011719,173,0.0,0.0,0.0
2024-07-26 09:30:00-04:00,46.58000183105469,46.58000183105469,46.58000183105469,46.58000183105469,0,0.0,0.0,0.0
2024-07-26 09:35:00-04:00,46.68000030517578,46.68000030517578,46.68000030517578,46.68000030517578,267,0.0,0.0,0.0
2024-07-26 10:15:00-04:00,46.78459930419922,46.78459930419922,46.78459930419922,46.78459930419922,530,0.0,0.0,0.0
2024-07-26 10:20:00-04:00,46.76499938964844,46.76499938964844,46.76499938964844,46.76499938964844,412,0.0,0.0,0.0
2024-07-26 11:25:00-04:00,46.75,46.75,46.75,46.75,171,0.0,0.0,0.0
2024-07-26 11:35:00-04:00,46.79999923706055,46.79999923706055,46.79999923706055,46.79999923706055,230,0.0,0.0,0.0
2024-07-26 12:15:00-04:00,46.96989822387695,46.96989822387695,46.96989822387695,46.96989822387695,2500,0.0,0.0,0.0
2024-07-26 12:25:00-04:00,46.935001373291016,46.935001373291016,46.935001373291016,46.935001373291016,1429,0.0,0.0,0.0
2024-07-26 12:35:00-04:00,46.94350051879883,46.94350051879883,46.94350051879883,46.94350051879883,151,0.0,0.0,0.0
2024-07-26 12:40:00-04:00,47.0,47.0,47.0,47.0,121,0.0,0.0,0.0
2024-07-26 12:50:00-04:00,46.97999954223633,46.97999954223633,46.97999954223633,46.97999954223633,149,0.0,0.0,0.0
2024-07-26 13:10:00-04:00,47.0,47.0,47.0,47.0,437,0.0,0.0,0.0
2024-07-26 13:20:00-04:00,46.97999954223633,46.97999954223633,46.97999954223633,46.97999954223633,201,0.0,0.0,0.0
2024-07-26 13:25:00-04:00,47.0,47.0,47.0,47.0,112,0.0,0.0,0.0
2024-07-26 13:35:00-04:00,46.90999984741211,46.90999984741211,46.90999984741211,46.90999984741211,408,0.0,0.0,0.0
2024-07-26 13:40:00-04:00,46.899898529052734,46.900001525878906,46.899898529052734,46.900001525878906,597,0.0,0.0,0.0
2024-07-26 13:45:00-04:00,46.88019943237305,46.88019943237305,46.88019943237305,46.88019943237305,680,0.0,0.0,0.0
2024-07-26 14:25:00-04:00,46.90999984741211,46.90999984741211,46.90999984741211,46.90999984741211,290,0.0,0.0,0.0
2024-07-26 15:05:00-04:00,46.859901428222656,46.859901428222656,46.859901428222656,46.859901428222656,136,0.0,0.0,0.0
2024-07-26 15:30:00-04:00,46.86000061035156,46.86000061035156,46.86000061035156,46.86000061035156,287,0.0,0.0,0.0
2024-07-26 15:35:00-04:00,46.84000015258789,46.84000015258789,46.84000015258789,46.84000015258789,200,0.0,0.0,0.0
2024-07-26 15:55:00-04:00,46.79999923706055,46.79999923706055,46.79999923706055,46.79999923706055,2302,0.0,0.0,0.0
2024-07-29 09:30:00-04:00,47.029998779296875,47.029998779296875,47.029998779296875,47.029998779296875,0,0.0,0.0,0.0
2024-07-29 09:35:00-04:00,46.900001525878906,46.900001525878906,46.900001525878906,46.900001525878906,1105,0.0,0.0,0.0
2024-07-29 09:40:00-04:00,46.900001525878906,46.900001525878906,46.900001525878906,46.900001525878906,0,0.0,0.0,0.0
2024-07-29 10:00:00-04:00,46.959999084472656,46.96900177001953,46.959999084472656,46.96900177001953,4155,0.0,0.0,0.0
2024-07-29 10:10:00-04:00,46.970001220703125,46.970001220703125,46.970001220703125,46.970001220703125,120,0.0,0.0,0.0
2024-07-29 10:20:00-04:00,46.959999084472656,46.959999084472656,46.959999084472656,46.959999084472656,139,0.0,0.0,0.0
2024-07-29 10:25:00-04:00,46.90999984741211,46.90999984741211,46.90999984741211,46.90999984741211,100,0.0,0.0,0.0
2024-07-29 10:30:00-04:00,46.88999938964844,46.88999938964844,46.88999938964844,46.88999938964844,1201,0.0,0.0,0.0
2024-07-29 10:50:00-04:00,46.85029983520508,46.85029983520508,46.85029983520508,46.85029983520508,625,0.0,0.0,0.0
2024-07-29 11:10:00-04:00,46.84000015258789,46.84000015258789,46.84000015258789,46.84000015258789,0,0.0,0.0,0.0
2024-07-29 11:15:00-04:00,46.880001068115234,46.880001068115234,46.880001068115234,46.880001068115234,6692,0.0,0.0,0.0
2024-07-29 12:10:00-04:00,47.02510070800781,47.02510070800781,47.02510070800781,47.02510070800781,224,0.0,0.0,0.0
2024-07-29 12:20:00-04:00,47.04999923706055,47.04999923706055,47.04999923706055,47.04999923706055,126,0.0,0.0,0.0
2024-07-29 12:45:00-04:00,46.97999954223633,46.97999954223633,46.97999954223633,46.97999954223633,310,0.0,0.0,0.0
2024-07-29 12:50:00-04:00,46.959999084472656,46.959999084472656,46.959999084472656,46.959999084472656,897,0.0,0.0,0.0
2024-07-29 13:05:00-04:00,46.97999954223633,46.97999954223633,46.97999954223633,46.97999954223633,100,0.0,0.0,0.0
2024-07-29 13:20:00-04:00,46.95000076293945,46.95830154418945,46.95000076293945,46.95830154418945,1404,0.0,0.0,0.0
2024-07-29 13:35:00-04:00,46.869998931884766,46.88399887084961,46.869998931884766,46.88399887084961,996,0.0,0.0,0.0
2024-07-29 13:45:00-04:00,46.90999984741211,46.90999984741211,46.90999984741211,46.90999984741211,0,0.0,0.0,0.0
2024-07-29 14:15:00-04:00,46.91999816894531,46.91999816894531,46.91999816894531,46.91999816894531,11036,0.0,0.0,0.0
2024-07-29 14:35:00-04:00,46.900001525878906,46.900001525878906,46.900001525878906,46.900001525878906,119,0.0,0.0,0.0
2024-07-29 14:40:00-04:00,46.939998626708984,46.939998626708984,46.93000030517578,46.939998626708984,1065,0.0,0.0,0.0
2024-07-29 14:45:00-04:00,46.95000076293945,46.95000076293945,46.95000076293945,46.95000076293945,200,0.0,0.0,0.0
2024-07-29 14:50:00-04:00,46.88999938964844,46.904998779296875,46.88999938964844,46.89820098876953,373,0.0,0.0,0.0
2024-07-29 14:55:00-04:00,46.93000030517578,46.93000030517578,46.93000030517578,46.93000030517578,142,0.0,0.0,0.0
2024-07-29 15:00:00-04:00,46.867401123046875,46.91999816894531,46.867401123046875,46.91999816894531,1441,0.0,0.0,0.0
2024-07-29 15:15:00-04:00,46.939998626708984,46.939998626708984,46.904998779296875,46.904998779296875,2420,0.0,0.0,0.0
2024-07-29 15:20:00-04:00,46.88999938964844,46.94850158691406,46.88999938964844,46.939998626708984,0,0.0,0.0,0.0
2024-07-29 15:25:00-04:00,46.95000076293945,46.95000076293945,46.95000076293945,46.95000076293945,18455,0.0,0.0,0.0
2024-07-29 15:30:00-04:00,46.904701232910156,46.904701232910156,46.904701232910156,46.904701232910156,267,0.0,0.0,0.0
2024-07-29 15:35:00-04:00,46.970001220703125,46.97990036010742,46.970001220703125,46.97990036010742,2920,0.0,0.0,0.0
2024-07-29 15:40:00-04:00,46.95819854736328,46.95819854736328,46.95819854736328,46.95819854736328,383,0.0,0.0,0.0
2024-07-29 15:55:00-04:00,46.900001525878906,46.900001525878906,46.900001525878906,46.900001525878906,253,0.0,0.0,0.0
2024-07-30 09:30:00-04:00,46.9900016784668,46.9900016784668,46.9900016784668,46.9900016784668,0,0.0,0.0,0.0
2024-07-30 09:55:00-04:00,47.25,47.25,47.25,47.25,612,0.0,0.0,0.0
2024-07-30 10:20:00-04:00,47.1349983215332,47.1349983215332,47.0989990234375,47.0989990234375,950,0.0,0.0,0.0
2024-07-30 10:25:00-04:00,47.189998626708984,47.189998626708984,47.189998626708984,47.189998626708984,100,0.0,0.0,0.0
2024-07-30 10:40:00-04:00,47.16569900512695,47.16569900512695,47.16569900512695,47.16569900512695,161,0.0,0.0,0.0
2024-07-30 10:55:00-04:00,47.150001525878906,47.150001525878906,47.150001525878906,47.150001525878906,115,0.0,0.0,0.0
2024-07-30 11:10:00-04:00,47.11000061035156,47.11000061035156,47.11000061035156,47.11000061035156,272,0.0,0.0,0.0
2024-07-30 11:15:00-04:00,47.11000061035156,47.13999938964844,47.11000061035156,47.13999938964844,588,0.0,0.0,0.0
2024-07-30 11:35:00-04:00,47.099998474121094,47.099998474121094,47.099998474121094,47.099998474121094,0,0.0,0.0,0.0
2024-07-30 12:00:00-04:00,47.058998107910156,47.058998107910156,47.058998107910156,47.058998107910156,3848,0.0,0.0,0.0
2024-07-30 12:15:00-04:00,47.02000045776367,47.02000045776367,47.02000045776367,47.02000045776367,112,0.0,0.0,0.0
2024-07-30 13:05:00-04:00,46.986000061035156,46.986000061035156,46.986000061035156,46.986000061035156,365,0.0,0.0,0.0
2024-07-30 13:30:00-04:00,47.0,47.0,47.0,47.0,196,0.0,0.0,0.0
2024-07-30 14:20:00-04:00,47.109901428222656,47.109901428222656,47.099998474121094,47.109901428222656,5099,0.0,0.0,0.0
2024-07-30 14:35:00-04:00,47.099998474121094,47.099998474121094,47.099998474121094,47.099998474121094,0,0.0,0.0,0.0
2024-07-30 14:45:00-04:00,47.02000045776367,47.064998626708984,47.02000045776367,47.064998626708984,10796,0.0,0.0,0.0
2024-07-30 14:50:00-04:00,47.02000045776367,47.02000045776367,47.02000045776367,47.02000045776367,245,0.0,0.0,0.0
2024-07-30 15:00:00-04:00,47.060001373291016,47.060001373291016,47.029998779296875,47.029998779296875,462,0.0,0.0,0.0
2024-07-30 15:05:00-04:00,47.040000915527344,47.040000915527344,47.040000915527344,47.040000915527344,3112,0.0,0.0,0.0
2024-07-30 15:15:00-04:00,47.09000015258789,47.09000015258789,47.09000015258789,47.09000015258789,151,0.0,0.0,0.0
2024-07-30 15:40:00-04:00,47.13999938964844,47.13999938964844,47.11759948730469,47.11759948730469,399,0.0,0.0,0.0
2024-07-30 15:45:00-04:00,47.16699981689453,47.16699981689453,47.029998779296875,47.16699981689453,642,0.0,0.0,0.0
2024-07-31 09:35:00-04:00,47.31999969482422,47.31999969482422,47.31999969482422,47.31999969482422,0,0.0,0.0,0.0
2024-07-31 10:10:00-04:00,47.290000915527344,47.290000915527344,47.290000915527344,47.290000915527344,0,0.0,0.0,0.0
2024-07-31 10:25:00-04:00,47.36000061035156,47.36000061035156,47.32500076293945,47.32500076293945,2304,0.0,0.0,0.0
2024-07-31 10:50:00-04:00,47.375999450683594,47.375999450683594,47.349998474121094,47.349998474121094,368,0.0,0.0,0.0
2024-07-31 10:55:00-04:00,47.40999984741211,47.40999984741211,47.40999984741211,47.40999984741211,100,0.0,0.0,0.0
2024-07-31 11:00:00-04:00,47.43000030517578,47.43000030517578,47.43000030517578,47.43000030517578,159,0.0,0.0,0.0
2024-07-31 11:55:00-04:00,47.40399932861328,47.40399932861328,47.40399932861328,47.40399932861328,299,0.0,0.0,0.0
2024-07-31 12:20:00-04:00,47.38999938964844,47.38999938964844,47.38999938964844,47.38999938964844,1010,0.0,0.0,0.0
2024-07-31 13:30:00-04:00,47.38999938964844,47.400001525878906,47.38999938964844,47.38999938964844,653,0.0,0.0,0.0
2024-07-31 14:05:00-04:00,47.2942008972168,47.369998931884766,47.2942008972168,47.369998931884766,494,0.0,0.0,0.0
2024-08-01 09:30:00-04:00,47.310001373291016,47.310001373291016,47.310001373291016,47.310001373291016,0,0.0,0.0,0.0
2024-08-01 09:55:00-04:00,47.220001220703125,47.220001220703125,47.220001220703125,47.220001220703125,436,0.0,0.0,0.0
2024-08-01 11:25:00-04:00,46.69240188598633,46.69240188598633,46.69240188598633,46.69240188598633,1970,0.0,0.0,0.0
2024-08-01 11:30:00-04:00,46.65999984741211,46.65999984741211,46.65999984741211,46.65999984741211,212,0.0,0.0,0.0
2024-08-01 12:15:00-04:00,46.70000076293945,46.739601135253906,46.68000030517578,46.739601135253906,1402,0.0,0.0,0.0
2024-08-01 13:00:00-04:00,46.62710189819336,46.62710189819336,46.61000061035156,46.61000061035156,301,0.0,0.0,0.0
2024-08-01 13:05:00-04:00,46.59000015258789,46.630001068115234,46.59000015258789,46.599998474121094,2767,0.0,0.0,0.0
2024-08-01 13:40:00-04:00,46.52000045776367,46.52000045776367,46.52000045776367,46.52000045776367,219,0.0,0.0,0.0
2024-08-01 13:50:00-04:00,46.52000045776367,46.52000045776367,46.52000045776367,46.52000045776367,0,0.0,0.0,0.0
2024-08-01 13:55:00-04:00,46.56999969482422,46.56999969482422,46.56999969482422,46.56999969482422,9201,0.0,0.0,0.0
2024-08-01 14:25:00-04:00,46.52000045776367,46.52000045776367,46.5099983215332,46.5099983215332,1300,0.0,0.0,0.0
2024-08-01 14:55:00-04:00,46.4900016784668,46.4900016784668,46.4900016784668,46.4900016784668,972,0.0,0.0,0.0
2024-08-01 15:05:00-04:00,46.48500061035156,46.48500061035156,46.48500061035156,46.48500061035156,0,0.0,0.0,0.0
2024-08-01 15:50:00-04:00,46.70000076293945,46.70000076293945,46.70000076293945,46.70000076293945,11700,0.0,0.0,0.0
2024-08-01 15:55:00-04:00,46.66999816894531,46.66999816894531,46.66999816894531,46.66999816894531,315,0.0,0.0,0.0
2024-08-02 09:30:00-04:00,46.279998779296875,46.279998779296875,46.279998779296875,46.279998779296875,0,0.0,0.0,0.0
2024-08-02 09:50:00-04:00,46.34000015258789,46.34000015258789,46.34000015258789,46.34000015258789,0,0.0,0.0,0.0
2024-08-02 09:55:00-04:00,46.20000076293945,46.20000076293945,46.20000076293945,46.20000076293945,787,0.0,0.0,0.0
2024-08-02 10:25:00-04:00,45.79999923706055,45.79999923706055,45.790000915527344,45.79999923706055,892,0.0,0.0,0.0
2024-08-02 10:30:00-04:00,45.80009841918945,45.80009841918945,45.80009841918945,45.80009841918945,281,0.0,0.0,0.0
2024-08-02 10:35:00-04:00,45.7599983215332,45.7599983215332,45.7599983215332,45.7599983215332,105,0.0,0.0,0.0
2024-08-02 10:45:00-04:00,45.72999954223633,45.73720169067383,45.72999954223633,45.73720169067383,523,0.0,0.0,0.0
2024-08-02 10:50:00-04:00,45.75,45.75,45.75,45.75,204,0.0,0.0,0.0
2024-08-02 11:25:00-04:00,45.51750183105469,45.51750183105469,45.51750183105469,45.51750183105469,373,0.0,0.0,0.0
2024-08-02 11:40:00-04:00,45.650001525878906,45.689998626708984,45.650001525878906,45.66320037841797,3708,0.0,0.0,0.0
2024-08-02 11:45:00-04:00,45.68000030517578,45.68000030517578,45.68000030517578,45.68000030517578,0,0.0,0.0,0.0
2024-08-02 11:55:00-04:00,45.72010040283203,45.72010040283203,45.72010040283203,45.72010040283203,7343,0.0,0.0,0.0
2024-08-02 12:25:00-04:00,45.790000915527344,45.790000915527344,45.790000915527344,45.790000915527344,102,0.0,0.0,0.0
2024-08-02 12:35:00-04:00,45.810001373291016,45.810001373291016,45.810001373291016,45.810001373291016,317,0.0,0.0,0.0
2024-08-02 13:00:00-04:00,45.79199981689453,45.79199981689453,45.75,45.75,1037,0.0,0.0,0.0
2024-08-02 13:25:00-04:00,45.720001220703125,45.720001220703125,45.720001220703125,45.720001220703125,495,0.0,0.0,0.0
2024-08-02 14:00:00-04:00,45.630001068115234,45.630001068115234,45.630001068115234,45.630001068115234,611,0.0,0.0,0.0
2024-08-02 14:25:00-04:00,45.7400016784668,45.75,45.72600173950195,45.72600173950195,940,0.0,0.0,0.0
2024-08-02 14:30:00-04:00,45.750099182128906,45.78499984741211,45.750099182128906,45.78499984741211,3191,0.0,0.0,0.0
2024-08-02 14:35:00-04:00,45.75,45.75,45.75,45.75,800,0.0,0.0,0.0
2024-08-02 14:45:00-04:00,45.7599983215332,45.7599983215332,45.7599983215332,45.7599983215332,102,0.0,0.0,0.0
2024-08-02 14:55:00-04:00,45.790000915527344,45.790000915527344,45.790000915527344,45.790000915527344,400,0.0,0.0,0.0
2024-08-02 15:05:00-04:00,45.77000045776367,45.77000045776367,45.77000045776367,45.77000045776367,136,0.0,0.0,0.0
2024-08-02 15:25:00-04:00,45.83000183105469,45.83000183105469,45.83000183105469,45.83000183105469,111,0.0,0.0,0.0
2024-08-02 15:35:00-04:00,45.83000183105469,45.83000183105469,45.83000183105469,45.83000183105469,354,0.0,0.0,0.0
2024-08-02 15:50:00-04:00,45.80160140991211,45.80160140991211,45.80160140991211,45.80160140991211,315,0.0,0.0,0.0
2024-08-02 15:55:00-04:00,45.8656005859375,45.8656005859375,45.8656005859375,45.8656005859375,200,0.0,0.0,0.0
2024-08-05 09:45:00-04:00,44.65999984741211,44.65999984741211,44.65999984741211,44.65999984741211,0,0.0,0.0,0.0
2024-08-05 09:50:00-04:00,44.77000045776367,44.77000045776367,44.66469955444336,44.66469955444336,867,0.0,0.0,0.0
2024-08-05 10:10:00-04:00,44.6343994140625,44.6343994140625,44.6343994140625,44.6343994140625,1373,0.0,0.0,0.0
2024-08-05 10:40:00-04:00,44.619998931884766,44.619998931884766,44.619998931884766,44.619998931884766,0,0.0,0.0,0.0
2024-08-05 10:50:00-04:00,44.61000061035156,44.61000061035156,44.61000061035156,44.61000061035156,3813,0.0,0.0,0.0
2024-08-05 11:05:00-04:00,44.720001220703125,44.720001220703125,44.720001220703125,44.720001220703125,468,0.0,0.0,0.0
2024-08-05 11:45:00-04:00,44.869998931884766,44.869998931884766,44.869998931884766,44.869998931884766,152,0.0,0.0,0.0
2024-08-05 12:25:00-04:00,45.08000183105469,45.08000183105469,45.08000183105469,45.08000183105469,189,0.0,0.0,0.0
2024-08-05 13:05:00-04:00,44.79999923706055,44.79999923706055,44.79999923706055,44.79999923706055,0,0.0,0.0,0.0
2024-08-05 13:20:00-04:00,44.869998931884766,44.869998931884766,44.869998931884766,44.869998931884766,5020,0.0,0.0,0.0
2024-08-05 13:25:00-04:00,44.88999938964844,44.88999938964844,44.88999938964844,44.88999938964844,459,0.0,0.0,0.0
2024-08-05 13:55:00-04:00,44.83000183105469,44.83000183105469,44.8120002746582,44.8120002746582,480,0.0,0.0,0.0
2024-08-05 14:05:00-04:00,44.77989959716797,44.77989959716797,44.755001068115234,44.755001068115234,7777,0.0,0.0,0.0
2024-08-05 14:15:00-04:00,44.83000183105469,44.83000183105469,44.83000183105469,44.83000183105469,202,0.0,0.0,0.0
2024-08-05 14:25:00-04:00,44.810001373291016,44.82320022583008,44.810001373291016,44.82320022583008,1987,0.0,0.0,0.0
2024-08-05 14:40:00-04:00,44.755001068115234,44.755001068115234,44.755001068115234,44.755001068115234,274,0.0,0.0,0.0
2024-08-05 15:05:00-04:00,44.709999084472656,44.709999084472656,44.709999084472656,44.709999084472656,165,0.0,0.0,0.0
2024-08-05 15:10:00-04:00,44.709999084472656,44.709999084472656,44.709999084472656,44.709999084472656,100,0.0,0.0,0.0
2024-08-05 15:20:00-04:00,44.69499969482422,44.69499969482422,44.69499969482422,44.69499969482422,703,0.0,0.0,0.0
2024-08-05 15:35:00-04:00,44.640098571777344,44.689998626708984,44.640098571777344,44.689998626708984,383,0.0,0.0,0.0
2024-08-05 15:50:00-04:00,44.689998626708984,44.689998626708984,44.689998626708984,44.689998626708984,310,0.0,0.0,0.0
2024-08-05 15:55:00-04:00,44.689998626708984,44.689998626708984,44.689998626708984,44.689998626708984,413,0.0,0.0,0.0
2024-08-06 09:30:00-04:00,44.79999923706055,44.82659912109375,44.79999923706055,44.82659912109375,0,0.0,0.0,0.0
2024-08-06 09:40:00-04:00,44.9900016784668,44.9900016784668,44.9900016784668,44.9900016784668,399,0.0,0.0,0.0
2024-08-06 09:45:00-04:00,45.059898376464844,45.059898376464844,45.059898376464844,45.059898376464844,0,0.0,0.0,0.0
2024-08-06 10:00:00-04:00,45.22999954223633,45.22999954223633,45.22999954223633,45.22999954223633,4325,0.0,0.0,0.0
2024-08-06 10:30:00-04:00,45.27000045776367,45.27000045776367,45.27000045776367,45.27000045776367,698,0.0,0.0,0.0
2024-08-06 10:35:00-04:00,45.359798431396484,45.359798431396484,45.359798431396484,45.359798431396484,3036,0.0,0.0,0.0
2024-08-06 10:45:00-04:00,45.40999984741211,45.43000030517578,45.40999984741211,45.43000030517578,0,0.0,0.0,0.0
2024-08-06 10:50:00-04:00,45.43000030517578,45.43000030517578,45.43000030517578,45.43000030517578,8466,0.0,0.0,0.0
2024-08-06 10:55:00-04:00,45.43000030517578,45.43000030517578,45.404998779296875,45.404998779296875,898,0.0,0.0,0.0
2024-08-06 11:00:00-04:00,45.380001068115234,45.380001068115234,45.380001068115234,45.380001068115234,215,0.0,0.0,0.0
2024-08-06 11:05:00-04:00,45.4390983581543,45.4390983581543,45.38999938964844,45.429901123046875,374,0.0,0.0,0.0
2024-08-06 11:15:00-04:00,45.29199981689453,45.29199981689453,45.29199981689453,45.29199981689453,378,0.0,0.0,0.0
2024-08-06 11:20:00-04:00,45.29999923706055,45.29999923706055,45.25,45.25,0,0.0,0.0,0.0
2024-08-06 11:25:00-04:00,45.16999816894531,45.16999816894531,45.16999816894531,45.16999816894531,10831,0.0,0.0,0.0
2024-08-06 11:30:00-04:00,45.21989822387695,45.21989822387695,45.21989822387695,45.21989822387695,133,0.0,0.0,0.0
2024-08-06 11:40:00-04:00,45.2400016784668,45.2400016784668,45.2400016784668,45.2400016784668,200,0.0,0.0,0.0
2024-08-06 11:45:00-04:00,45.25,45.2599983215332,45.25,45.2599983215332,201,0.0,0.0,0.0
2024-08-06 11:55:00-04:00,45.36000061035156,45.36000061035156,45.32500076293945,45.32500076293945,726,0.0,0.0,0.0
2024-08-06 12:00:00-04:00,45.380001068115234,45.380001068115234,45.349998474121094,45.349998474121094,30723,0.0,0.0,0.0
2024-08-06 12:05:00-04:00,45.409000396728516,45.409000396728516,45.409000396728516,45.409000396728516,100,0.0,0.0,0.0
2024-08-06 12:10:00-04:00,45.400001525878906,45.400001525878906,45.400001525878906,45.400001525878906,0,0.0,0.0,0.0
2024-08-06 12:15:00-04:00,45.45000076293945,45.45000076293945,45.45000076293945,45.45000076293945,43114,0.0,0.0,0.0
2024-08-06 12:20:00-04:00,45.439998626708984,45.439998626708984,45.400001525878906,45.400001525878906,400,0.0,0.0,0.0
2024-08-06 12:35:00-04:00,45.35499954223633,45.35499954223633,45.35499954223633,45.35499954223633,201,0.0,0.0,0.0
2024-08-06 12:50:00-04:00,45.36000061035156,45.36000061035156,45.36000061035156,45.36000061035156,0,0.0,0.0,0.0
2024-08-06 13:05:00-04:00,45.470001220703125,45.470001220703125,45.43000030517578,45.45000076293945,44271,0.0,0.0,0.0
2024-08-06 13:15:00-04:00,45.45500183105469,45.45500183105469,45.45500183105469,45.45500183105469,156,0.0,0.0,0.0
2024-08-06 13:25:00-04:00,45.47999954223633,45.47999954223633,45.47999954223633,45.47999954223633,100,0.0,0.0,0.0
2024-08-06 13:30:00-04:00,45.4900016784668,45.4900016784668,45.4900016784668,45.4900016784668,222,0.0,0.0,0.0
2024-08-06 13:45:00-04:00,45.459999084472656,45.459999084472656,45.459999084472656,45.459999084472656,384,0.0,0.0,0.0
2024-08-06 13:50:00-04:00,45.529998779296875,45.529998779296875,45.49089813232422,45.49089813232422,0,0.0,0.0,0.0
2024-08-06 13:55:00-04:00,45.560001373291016,45.560001373291016,45.560001373291016,45.560001373291016,46288,0.0,0.0,0.0
2024-08-06 14:00:00-04:00,45.560001373291016,45.560001373291016,45.560001373291016,45.560001373291016,100,0.0,0.0,0.0
2024-08-06 14:05:00-04:00,45.5099983215332,45.5099983215332,45.5099983215332,45.5099983215332,100,0.0,0.0,0.0
2024-08-06 14:10:00-04:00,45.470001220703125,45.470001220703125,45.470001220703125,45.470001220703125,100,0.0,0.0,0.0
2024-08-06 14:15:00-04:00,45.5099983215332,45.5099983215332,45.5099983215332,45.5099983215332,100,0.0,0.0,0.0
2024-08-06 14:25:00-04:00,45.59000015258789,45.59000015258789,45.59000015258789,45.59000015258789,113,0.0,0.0,0.0
2024-08-06 14:30:00-04:00,45.59000015258789,45.59000015258789,45.59000015258789,45.59000015258789,100,0.0,0.0,0.0
2024-08-06 14:35:00-04:00,45.63999938964844,45.63999938964844,45.63999938964844,45.63999938964844,100,0.0,0.0,0.0
2024-08-06 14:40:00-04:00,45.63999938964844,45.63999938964844,45.63999938964844,45.63999938964844,100,0.0,0.0,0.0
2024-08-06 14:45:00-04:00,45.63999938964844,45.63999938964844,45.63999938964844,45.63999938964844,200,0.0,0.0,0.0
2024-08-06 14:50:00-04:00,45.63999938964844,45.63999938964844,45.63999938964844,45.63999938964844,200,0.0,0.0,0.0
2024-08-06 14:55:00-04:00,45.63999938964844,45.63999938964844,45.63999938964844,45.63999938964844,263,0.0,0.0,0.0
2024-08-06 15:00:00-04:00,45.43000030517578,45.43000030517578,45.43000030517578,45.43000030517578,327,0.0,0.0,0.0
2024-08-06 15:10:00-04:00,45.38999938964844,45.38999938964844,45.369998931884766,45.369998931884766,850,0.0,0.0,0.0
2024-08-06 15:15:00-04:00,45.369998931884766,45.369998931884766,45.369998931884766,45.369998931884766,207,0.0,0.0,0.0
2024-08-06 15:40:00-04:00,45.38999938964844,45.38999938964844,45.38999938964844,45.38999938964844,1220,0.0,0.0,0.0
2024-08-06 15:45:00-04:00,45.380001068115234,45.380001068115234,45.12620162963867,45.12620162963867,0,0.0,0.0,0.0
2024-08-07 09:30:00-04:00,45.63999938964844,45.63999938964844,45.63999938964844,45.63999938964844,1167,0.0,0.0,0.0
2024-08-07 10:10:00-04:00,45.81100082397461,45.81100082397461,45.81100082397461,45.81100082397461,164,0.0,0.0,0.0
2024-08-07 10:25:00-04:00,45.720001220703125,45.72890090942383,45.720001220703125,45.72890090942383,536,0.0,0.0,0.0
2024-08-07 10:30:00-04:00,45.73149871826172,45.73149871826172,45.73149871826172,45.73149871826172,0,0.0,0.0,0.0
2024-08-07 10:45:00-04:00,45.79999923706055,45.79999923706055,45.79999923706055,45.79999923706055,2387,0.0,0.0,0.0
2024-08-07 11:00:00-04:00,45.83000183105469,45.83000183105469,45.83000183105469,45.83000183105469,215,0.0,0.0,0.0
2024-08-07 11:15:00-04:00,45.72999954223633,45.72999954223633,45.72999954223633,45.72999954223633,100,0.0,0.0,0.0
2024-08-07 11:20:00-04:00,45.73979949951172,45.73979949951172,45.73979949951172,45.73979949951172,0,0.0,0.0,0.0
2024-08-07 11:30:00-04:00,45.79999923706055,45.79999923706055,45.79999923706055,45.79999923706055,2939,0.0,0.0,0.0
2024-08-07 11:45:00-04:00,45.70000076293945,45.70000076293945,45.68000030517578,45.68000030517578,260,0.0,0.0,0.0
2024-08-07 12:20:00-04:00,45.709999084472656,45.709999084472656,45.709999084472656,45.709999084472656,100,0.0,0.0,0.0
2024-08-07 12:30:00-04:00,45.7400016784668,45.7400016784668,45.724998474121094,45.724998474121094,976,0.0,0.0,0.0
2024-08-07 15:00:00-04:00,45.220001220703125,45.220001220703125,45.220001220703125,45.220001220703125,1672,0.0,0.0,0.0
2024-08-07 15:20:00-04:00,45.30500030517578,45.30500030517578,45.30500030517578,45.30500030517578,324,0.0,0.0,0.0
2024-08-07 15:30:00-04:00,45.31999969482422,45.31999969482422,45.290000915527344,45.290000915527344,936,0.0,0.0,0.0
2024-08-07 15:55:00-04:00,45.130001068115234,45.130001068115234,45.130001068115234,45.130001068115234,457,0.0,0.0,0.0
2024-08-08 09:30:00-04:00,45.25,45.25,45.25,45.25,0,0.0,0.0,0.0
2024-08-08 10:05:00-04:00,45.5994987487793,45.5994987487793,45.5994987487793,45.5994987487793,163,0.0,0.0,0.0
2024-08-08 10:20:00-04:00,45.631099700927734,45.631099700927734,45.631099700927734,45.631099700927734,781,0.0,0.0,0.0
2024-08-08 10:45:00-04:00,45.695499420166016,45.695499420166016,45.689998626708984,45.689998626708984,921,0.0,0.0,0.0
2024-08-08 10:55:00-04:00,45.72999954223633,45.72999954223633,45.72999954223633,45.72999954223633,0,0.0,0.0,0.0
2024-08-08 11:05:00-04:00,45.72999954223633,45.72999954223633,45.72999954223633,45.72999954223633,3419,0.0,0.0,0.0
2024-08-08 11:20:00-04:00,45.68000030517578,45.68000030517578,45.68000030517578,45.68000030517578,160,0.0,0.0,0.0
2024-08-08 11:40:00-04:00,45.665000915527344,45.665000915527344,45.665000915527344,45.665000915527344,311,0.0,0.0,0.0
2024-08-08 11:50:00-04:00,45.65999984741211,45.66510009765625,45.65999984741211,45.66510009765625,459,0.0,0.0,0.0
2024-08-08 12:10:00-04:00,45.651798248291016,45.651798248291016,45.651798248291016,45.651798248291016,125,0.0,0.0,0.0
2024-08-08 12:25:00-04:00,45.689998626708984,45.689998626708984,45.689998626708984,45.689998626708984,222,0.0,0.0,0.0
2024-08-08 12:50:00-04:00,45.65999984741211,45.68000030517578,45.65230178833008,45.65230178833008,0,0.0,0.0,0.0
2024-08-08 13:20:00-04:00,45.77000045776367,45.77000045776367,45.77000045776367,45.77000045776367,6796,0.0,0.0,0.0
2024-08-08 13:30:00-04:00,45.84000015258789,45.84000015258789,45.84000015258789,45.84000015258789,221,0.0,0.0,0.0
2024-08-08 13:55:00-04:00,45.79999923706055,45.81999969482422,45.79999923706055,45.81999969482422,724,0.0,0.0,0.0
2024-08-08 14:30:00-04:00,45.79999923706055,45.79999923706055,45.79999923706055,45.79999923706055,275,0.0,0.0,0.0
2024-08-08 14:50:00-04:00,45.814998626708984,45.814998626708984,45.814998626708984,45.814998626708984,292,0.0,0.0,0.0
2024-08-08 14:55:00-04:00,45.815101623535156,45.815101623535156,45.815101623535156,45.815101623535156,194,0.0,0.0,0.0
2024-08-08 15:00:00-04:00,45.815101623535156,45.815101623535156,45.815101623535156,45.815101623535156,1663,0.0,0.0,0.0
2024-08-08 15:40:00-04:00,45.790000915527344,45.810001373291016,45.750099182128906,45.810001373291016,1775,0.0,0.0,0.0
2024-08-09 09:45:00-04:00,45.7599983215332,45.7599983215332,45.7599983215332,45.7599983215332,0,0.0,0.0,0.0
2024-08-09 10:30:00-04:00,45.8650016784668,45.8650016784668,45.8650016784668,45.8650016784668,0,0.0,0.0,0.0
2024-08-09 10:35:00-04:00,45.90999984741211,45.90999984741211,45.90999984741211,45.90999984741211,2602,0.0,0.0,0.0
2024-08-09 10:40:00-04:00,45.869998931884766,45.869998931884766,45.869998931884766,45.869998931884766,400,0.0,0.0,0.0
2024-08-09 10:55:00-04:00,45.97999954223633,45.97999954223633,45.97999954223633,45.97999954223633,101,0.0,0.0,0.0
2024-08-09 11:05:00-04:00,46.02989959716797,46.02989959716797,46.0099983215332,46.0099983215332,417,0.0,0.0,0.0
2024-08-09 11:50:00-04:00,45.95000076293945,45.95000076293945,45.95000076293945,45.95000076293945,0,0.0,0.0,0.0
2024-08-09 11:55:00-04:00,45.88140106201172,45.88140106201172,45.88140106201172,45.88140106201172,3762,0.0,0.0,0.0
2024-08-09 12:00:00-04:00,45.91889953613281,45.91889953613281,45.91889953613281,45.91889953613281,215,0.0,0.0,0.0
2024-08-09 12:05:00-04:00,45.89139938354492,45.89139938354492,45.89139938354492,45.89139938354492,1000,0.0,0.0,0.0
2024-08-09 12:50:00-04:00,46.0099983215332,46.0099983215332,46.0099983215332,46.0099983215332,115,0.0,0.0,0.0
2024-08-09 13:05:00-04:00,46.025001525878906,46.025001525878906,46.025001525878906,46.025001525878906,300,0.0,0.0,0.0
2024-08-09 13:15:00-04:00,46.130001068115234,46.130001068115234,46.130001068115234,46.130001068115234,100,0.0,0.0,0.0
2024-08-09 13:25:00-04:00,46.13669967651367,46.13669967651367,46.13669967651367,46.13669967651367,218,0.0,0.0,0.0
2024-08-09 13:40:00-04:00,46.189998626708984,46.189998626708984,46.189998626708984,46.189998626708984,295,0.0,0.0,0.0
2024-08-09 14:00:00-04:00,46.11199951171875,46.11199951171875,46.11199951171875,46.11199951171875,716,0.0,0.0,0.0
2024-08-09 14:55:00-04:00,46.0,46.0,46.0,46.0,451,0.0,0.0,0.0
2024-08-09 15:20:00-04:00,46.06999969482422,46.06999969482422,46.06999969482422,46.06999969482422,231,0.0,0.0,0.0
2024-08-09 15:25:00-04:00,46.08919906616211,46.08919906616211,46.060001373291016,46.08000183105469,906,0.0,0.0,0.0
2024-08-09 15:45:00-04:00,46.060001373291016,46.060001373291016,46.060001373291016,46.060001373291016,726,0.0,0.0,0.0
2024-08-09 15:50:00-04:00,46.04999923706055,46.05690002441406,46.04999923706055,46.05690002441406,0,0.0,0.0,0.0
2024-08-12 09:30:00-04:00,46.08000183105469,46.08000183105469,46.08000183105469,46.08000183105469,0,0.0,0.0,0.0
2024-08-12 09:45:00-04:00,45.95399856567383,45.95399856567383,45.95399856567383,45.95399856567383,1308,0.0,0.0,0.0
2024-08-12 10:15:00-04:00,46.02000045776367,46.029998779296875,46.02000045776367,46.02000045776367,900,0.0,0.0,0.0
2024-08-12 10:30:00-04:00,46.02009963989258,46.02009963989258,46.02009963989258,46.02009963989258,1015,0.0,0.0,0.0
2024-08-12 11:05:00-04:00,46.119998931884766,46.119998931884766,46.119998931884766,46.119998931884766,129,0.0,0.0,0.0
2024-08-12 11:50:00-04:00,45.9900016784668,45.9900016784668,45.9900016784668,45.9900016784668,126,0.0,0.0,0.0
2024-08-12 12:15:00-04:00,46.005001068115234,46.005001068115234,45.992698669433594,45.992698669433594,761,0.0,0.0,0.0
2024-08-12 13:25:00-04:00,45.91999816894531,45.91999816894531,45.91999816894531,45.91999816894531,227,0.0,0.0,0.0
2024-08-12 14:05:00-04:00,45.900001525878906,45.90999984741211,45.86000061035156,45.86000061035156,743,0.0,0.0,0.0
2024-08-12 14:20:00-04:00,45.880001068115234,45.880001068115234,45.880001068115234,45.880001068115234,221,0.0,0.0,0.0
2024-08-12 14:30:00-04:00,45.880001068115234,45.880001068115234,45.880001068115234,45.880001068115234,1450,0.0,0.0,0.0
2024-08-12 15:30:00-04:00,45.875,45.875,45.875,45.875,262,0.0,0.0,0.0
2024-08-12 15:40:00-04:00,45.84000015258789,45.855098724365234,45.84000015258789,45.855098724365234,677,0.0,0.0,0.0
2024-08-12 15:50:00-04:00,45.84000015258789,45.84000015258789,45.84000015258789,45.84000015258789,500,0.0,0.0,0.0
2024-08-12 15:55:00-04:00,45.849998474121094,45.86000061035156,45.849998474121094,45.86000061035156,400,0.0,0.0,0.0
2024-08-13 09:30:00-04:00,46.09000015258789,46.09000015258789,46.09000015258789,46.09000015258789,0,0.0,0.0,0.0
2024-08-13 09:40:00-04:00,46.06990051269531,46.06990051269531,46.06990051269531,46.06990051269531,485,0.0,0.0,0.0
2024-08-13 10:45:00-04:00,46.00419998168945,46.08000183105469,46.00419998168945,46.08000183105469,1280,0.0,0.0,0.0
2024-08-13 10:55:00-04:00,46.05500030517578,46.05500030517578,46.05500030517578,46.05500030517578,265,0.0,0.0,0.0
2024-08-13 11:10:00-04:00,46.04330062866211,46.04330062866211,46.04330062866211,46.04330062866211,358,0.0,0.0,0.0
2024-08-13 12:10:00-04:00,46.189998626708984,46.189998626708984,46.189998626708984,46.189998626708984,100,0.0,0.0,0.0
2024-08-13 12:15:00-04:00,46.14500045776367,46.14500045776367,46.14500045776367,46.14500045776367,1271,0.0,0.0,0.0
2024-08-13 13:05:00-04:00,46.23659896850586,46.23659896850586,46.23659896850586,46.23659896850586,210,0.0,0.0,0.0
2024-08-13 13:55:00-04:00,46.170101165771484,46.170101165771484,46.170101165771484,46.170101165771484,217,0.0,0.0,0.0
2024-08-13 14:20:00-04:00,46.21500015258789,46.21500015258789,46.21500015258789,46.21500015258789,564,0.0,0.0,0.0
2024-08-13 14:25:00-04:00,46.20249938964844,46.20249938964844,46.20249938964844,46.20249938964844,1120,0.0,0.0,0.0
2024-08-13 15:40:00-04:00,46.260101318359375,46.260101318359375,46.260101318359375,46.260101318359375,120,0.0,0.0,0.0
2024-08-13 15:45:00-04:00,46.22119903564453,46.22119903564453,46.22119903564453,46.22119903564453,243,0.0,0.0,0.0
2024-08-13 15:55:00-04:00,46.36000061035156,46.36000061035156,46.31999969482422,46.36000061035156,497,0.0,0.0,0.0
2024-08-14 09:30:00-04:00,46.27000045776367,46.27000045776367,46.27000045776367,46.27000045776367,0,0.0,0.0,0.0
2024-08-14 09:40:00-04:00,46.42599868774414,46.42599868774414,46.42599868774414,46.42599868774414,574,0.0,0.0,0.0
2024-08-14 10:40:00-04:00,46.404998779296875,46.404998779296875,46.404998779296875,46.404998779296875,226,0.0,0.0,0.0
2024-08-14 11:10:00-04:00,46.456600189208984,46.456600189208984,46.456600189208984,46.456600189208984,120,0.0,0.0,0.0
2024-08-14 11:15:00-04:00,46.48899841308594,46.48899841308594,46.45000076293945,46.45000076293945,274,0.0,0.0,0.0
2024-08-14 11:25:00-04:00,46.4900016784668,46.4900016784668,46.4900016784668,46.4900016784668,100,0.0,0.0,0.0
2024-08-14 11:30:00-04:00,46.51639938354492,46.51639938354492,46.51639938354492,46.51639938354492,302,0.0,0.0,0.0
2024-08-14 11:40:00-04:00,46.560001373291016,46.560001373291016,46.560001373291016,46.560001373291016,150,0.0,0.0,0.0
2024-08-14 11:45:00-04:00,46.560001373291016,46.560001373291016,46.560001373291016,46.560001373291016,100,0.0,0.0,0.0
2024-08-14 11:50:00-04:00,46.560001373291016,46.560001373291016,46.560001373291016,46.560001373291016,125,0.0,0.0,0.0
2024-08-14 12:05:00-04:00,46.58000183105469,46.58000183105469,46.58000183105469,46.58000183105469,269,0.0,0.0,0.0
2024-08-14 12:15:00-04:00,46.560001373291016,46.560001373291016,46.558998107910156,46.558998107910156,293,0.0,0.0,0.0
2024-08-14 12:20:00-04:00,46.5099983215332,46.540000915527344,46.5099983215332,46.540000915527344,3132,0.0,0.0,0.0
2024-08-14 12:25:00-04:00,46.40999984741211,46.40999984741211,46.40999984741211,46.40999984741211,899,0.0,0.0,0.0
2024-08-14 12:35:00-04:00,46.459999084472656,46.459999084472656,46.459999084472656,46.459999084472656,140,0.0,0.0,0.0
2024-08-14 12:50:00-04:00,46.439998626708984,46.439998626708984,46.439998626708984,46.439998626708984,110,0.0,0.0,0.0
2024-08-14 12:55:00-04:00,46.4109992980957,46.4109992980957,46.4109992980957,46.4109992980957,150,0.0,0.0,0.0
2024-08-14 13:00:00-04:00,46.48899841308594,46.48899841308594,46.48899841308594,46.48899841308594,100,0.0,0.0,0.0
2024-08-14 13:10:00-04:00,46.45000076293945,46.45000076293945,46.45000076293945,46.45000076293945,541,0.0,0.0,0.0
2024-08-14 13:15:00-04:00,46.4900016784668,46.4900016784668,46.4900016784668,46.4900016784668,160,0.0,0.0,0.0
2024-08-14 13:25:00-04:00,46.4900016784668,46.4900016784668,46.4900016784668,46.4900016784668,100,0.0,0.0,0.0
2024-08-14 13:30:00-04:00,46.50960159301758,46.50960159301758,46.4900016784668,46.4900016784668,1204,0.0,0.0,0.0
2024-08-14 13:45:00-04:00,46.50899887084961,46.50899887084961,46.50899887084961,46.50899887084961,100,0.0,0.0,0.0
2024-08-14 13:50:00-04:00,46.52000045776367,46.52000045776367,46.52000045776367,46.52000045776367,212,0.0,0.0,0.0
2024-08-14 13:55:00-04:00,46.540000915527344,46.540000915527344,46.540000915527344,46.540000915527344,185,0.0,0.0,0.0
2024-08-14 14:15:00-04:00,46.50899887084961,46.50899887084961,46.50899887084961,46.50899887084961,0,0.0,0.0,0.0
2024-08-14 14:20:00-04:00,46.474998474121094,46.474998474121094,46.474998474121094,46.474998474121094,10989,0.0,0.0,0.0
2024-08-14 14:30:00-04:00,46.5099983215332,46.5099983215332,46.5099983215332,46.5099983215332,100,0.0,0.0,0.0
2024-08-14 14:40:00-04:00,46.529998779296875,46.529998779296875,46.529998779296875,46.529998779296875,108,0.0,0.0,0.0
2024-08-14 14:45:00-04:00,46.505001068115234,46.505001068115234,46.505001068115234,46.505001068115234,122,0.0,0.0,0.0
2024-08-14 14:50:00-04:00,46.54999923706055,46.54999923706055,46.54999923706055,46.54999923706055,100,0.0,0.0,0.0
2024-08-14 14:55:00-04:00,46.599998474121094,46.599998474121094,46.599998474121094,46.599998474121094,170,0.0,0.0,0.0
2024-08-14 15:20:00-04:00,46.49190139770508,46.49190139770508,46.4900016784668,46.4900016784668,2022,0.0,0.0,0.0
2024-08-14 15:25:00-04:00,46.47880172729492,46.47880172729492,46.47880172729492,46.47880172729492,317,0.0,0.0,0.0
2024-08-14 15:45:00-04:00,46.4900016784668,46.52040100097656,46.4900016784668,46.52040100097656,744,0.0,0.0,0.0
2024-08-15 09:30:00-04:00,46.93000030517578,46.93000030517578,46.93000030517578,46.93000030517578,0,0.0,0.0,0.0
2024-08-15 09:50:00-04:00,47.045501708984375,47.045501708984375,47.045501708984375,47.045501708984375,637,0.0,0.0,0.0
2024-08-15 10:45:00-04:00,46.9900016784668,47.02000045776367,46.9900016784668,47.02000045776367,3018,0.0,0.0,0.0
2024-08-15 11:55:00-04:00,47.104698181152344,47.104698181152344,47.104698181152344,47.104698181152344,1040,0.0,0.0,0.0
2024-08-15 12:55:00-04:00,47.105098724365234,47.105098724365234,47.105098724365234,47.105098724365234,423,0.0,0.0,0.0
2024-08-15 14:30:00-04:00,47.099998474121094,47.099998474121094,47.099998474121094,47.099998474121094,106,0.0,0.0,0.0
2024-08-15 14:40:00-04:00,47.119998931884766,47.119998931884766,47.119998931884766,47.119998931884766,276,0.0,0.0,0.0
2024-08-15 15:10:00-04:00,47.119998931884766,47.119998931884766,47.119998931884766,47.119998931884766,202,0.0,0.0,0.0
2024-08-15 15:20:00-04:00,47.179298400878906,47.179298400878906,47.179298400878906,47.179298400878906,241,0.0,0.0,0.0
2024-08-15 15:45:00-04:00,47.16999816894531,47.16999816894531,47.13010025024414,47.14799880981445,2933,0.0,0.0,0.0
2024-08-15 15:50:00-04:00,47.150001525878906,47.150001525878906,47.107200622558594,47.107200622558594,0,0.0,0.0,0.0
2024-08-16 09:45:00-04:00,47.2239990234375,47.2239990234375,47.2239990234375,47.2239990234375,423,0.0,0.0,0.0
2024-08-16 10:05:00-04:00,47.27399826049805,47.27399826049805,47.27399826049805,47.27399826049805,263,0.0,0.0,0.0
2024-08-16 11:15:00-04:00,47.2400016784668,47.2400016784668,47.2400016784668,47.2400016784668,3036,0.0,0.0,0.0
2024-08-16 11:40:00-04:00,47.27399826049805,47.27399826049805,47.27399826049805,47.27399826049805,284,0.0,0.0,0.0
2024-08-16 12:30:00-04:00,47.36149978637695,47.36149978637695,47.36149978637695,47.36149978637695,1972,0.0,0.0,0.0
2024-08-16 12:35:00-04:00,47.34000015258789,47.34000015258789,47.34000015258789,47.34000015258789,242,0.0,0.0,0.0
2024-08-16 12:55:00-04:00,47.40999984741211,47.40999984741211,47.40999984741211,47.40999984741211,162,0.0,0.0,0.0
2024-08-16 13:45:00-04:00,47.380001068115234,47.380001068115234,47.380001068115234,47.380001068115234,2423,0.0,0.0,0.0
2024-08-16 14:25:00-04:00,47.380001068115234,47.380001068115234,47.369998931884766,47.369998931884766,212,0.0,0.0,0.0
2024-08-16 14:35:00-04:00,47.38990020751953,47.38990020751953,47.38990020751953,47.38990020751953,227,0.0,0.0,0.0
2024-08-16 15:15:00-04:00,47.33000183105469,47.33000183105469,47.33000183105469,47.33000183105469,1503,0.0,0.0,0.0
2024-08-16 15:20:00-04:00,47.34000015258789,47.34000015258789,47.31999969482422,47.31999969482422,371,0.0,0.0,0.0
2024-08-16 15:50:00-04:00,47.279998779296875,47.33039855957031,47.279998779296875,47.33039855957031,110,0.0,0.0,0.0
