Datetime,Open,High,Low,Close,Volume,Dividends,Stock Splits
2024-06-21 09:00:00+09:00,1345.0,1348.0,1335.0,1347.0,0,0.0,0.0
2024-06-21 09:05:00+09:00,1346.0,1346.0,1344.0,1344.0,1611,0.0,0.0
2024-06-21 09:10:00+09:00,1346.0,1347.0,1344.0,1347.0,67,0.0,0.0
2024-06-21 09:15:00+09:00,1347.0,1347.0,1346.0,1346.0,516,0.0,0.0
2024-06-21 09:20:00+09:00,1345.0,1345.0,1341.0,1342.0,2148,0.0,0.0
2024-06-21 09:25:00+09:00,1341.0,1341.0,1340.0,1340.0,559,0.0,0.0
2024-06-21 09:30:00+09:00,1339.0,1340.0,1339.0,1340.0,0,0.0,0.0
2024-06-21 09:35:00+09:00,1340.0,1340.0,1336.0,1339.0,578,0.0,0.0
2024-06-21 09:40:00+09:00,1339.0,1339.0,1336.0,1337.0,1744,0.0,0.0
2024-06-21 09:50:00+09:00,1337.0,1337.0,1337.0,1337.0,226,0.0,0.0
2024-06-21 09:55:00+09:00,1337.0,1337.0,1335.0,1337.0,9925,0.0,0.0
2024-06-21 10:00:00+09:00,1337.0,1337.0,1335.0,1336.0,1255,0.0,0.0
2024-06-21 10:05:00+09:00,1337.0,1337.0,1337.0,1337.0,0,0.0,0.0
2024-06-21 10:10:00+09:00,1337.0,1337.0,1336.0,1336.0,535,0.0,0.0
2024-06-21 10:15:00+09:00,1336.0,1336.0,1336.0,1336.0,272,0.0,0.0
2024-06-21 10:20:00+09:00,1337.0,1337.0,1336.0,1337.0,3988,0.0,0.0
2024-06-21 10:30:00+09:00,1339.0,1339.0,1339.0,1339.0,3,0.0,0.0
2024-06-21 10:35:00+09:00,1338.0,1341.0,1337.0,1341.0,1963,0.0,0.0
2024-06-21 10:40:00+09:00,1341.0,1344.0,1341.0,1341.0,1294,0.0,0.0
2024-06-21 10:45:00+09:00,1345.0,1345.0,1338.0,1338.0,3178,0.0,0.0
2024-06-21 10:50:00+09:00,1339.0,1339.0,1339.0,1339.0,300,0.0,0.0
2024-06-21 11:00:00+09:00,1338.0,1339.0,1337.0,1339.0,468,0.0,0.0
2024-06-21 11:10:00+09:00,1339.0,1345.0,1339.0,1344.0,1191,0.0,0.0
2024-06-21 11:15:00+09:00,1344.0,1344.0,1344.0,1344.0,1054,0.0,0.0
2024-06-21 11:20:00+09:00,1343.0,1343.0,1337.0,1337.0,922,0.0,0.0
2024-06-21 11:25:00+09:00,1337.0,1337.0,1335.0,1335.0,7031,0.0,0.0
2024-06-21 11:35:00+09:00,1335.0,1337.0,1335.0,1337.0,0,0.0,0.0
2024-06-21 11:40:00+09:00,1337.0,1337.0,1337.0,1337.0,95,0.0,0.0
2024-06-21 11:50:00+09:00,1337.0,1337.0,1335.0,1335.0,128,0.0,0.0
2024-06-21 12:00:00+09:00,1335.0,1335.0,1335.0,1335.0,265,0.0,0.0
2024-06-21 12:10:00+09:00,1335.0,1335.0,1335.0,1335.0,2,0.0,0.0
2024-06-21 12:15:00+09:00,1336.0,1337.0,1336.0,1337.0,105,0.0,0.0
2024-06-21 12:20:00+09:00,1336.0,1336.0,1336.0,1336.0,540,0.0,0.0
2024-06-21 12:25:00+09:00,1336.0,1337.0,1335.0,1337.0,130,0.0,0.0
2024-06-21 12:30:00+09:00,1337.0,1337.0,1336.0,1336.0,1050,0.0,0.0
2024-06-21 12:40:00+09:00,1336.0,1336.0,1336.0,1336.0,267,0.0,0.0
2024-06-21 12:45:00+09:00,1337.0,1337.0,1337.0,1337.0,2,0.0,0.0
2024-06-21 12:50:00+09:00,1337.0,1337.0,1337.0,1337.0,15,0.0,0.0
2024-06-21 12:55:00+09:00,1337.0,1337.0,1337.0,1337.0,14,0.0,0.0
2024-06-21 13:00:00+09:00,1337.0,1337.0,1337.0,1337.0,24,0.0,0.0
2024-06-21 13:05:00+09:00,1336.0,1337.0,1335.0,1335.0,880,0.0,0.0
2024-06-21 13:10:00+09:00,1336.0,1336.0,1336.0,1336.0,28,0.0,0.0
2024-06-21 13:15:00+09:00,1336.0,1337.0,1335.0,1337.0,1240,0.0,0.0
2024-06-21 13:20:00+09:00,1337.0,1337.0,1336.0,1337.0,14,0.0,0.0
2024-06-21 13:25:00+09:00,1337.0,1337.0,1335.0,1337.0,1299,0.0,0.0
2024-06-21 13:30:00+09:00,1337.0,1337.0,1337.0,1337.0,0,0.0,0.0
2024-06-21 13:35:00+09:00,1337.0,1337.0,1337.0,1337.0,12,0.0,0.0
2024-06-21 13:50:00+09:00,1335.0,1335.0,1334.0,1334.0,1192,0.0,0.0
2024-06-21 13:55:00+09:00,1336.0,1338.0,1334.0,1338.0,5414,0.0,0.0
2024-06-21 14:00:00+09:00,1338.0,1338.0,1338.0,1338.0,10,0.0,0.0
2024-06-21 14:05:00+09:00,1338.0,1338.0,1336.0,1336.0,125,0.0,0.0
2024-06-21 14:10:00+09:00,1338.0,1338.0,1336.0,1336.0,7,0.0,0.0
2024-06-21 14:15:00+09:00,1338.0,1338.0,1336.0,1338.0,167,0.0,0.0
2024-06-21 14:20:00+09:00,1338.0,1338.0,1337.0,1338.0,168,0.0,0.0
2024-06-21 14:25:00+09:00,1338.0,1338.0,1337.0,1338.0,94,0.0,0.0
2024-06-21 14:30:00+09:00,1338.0,1338.0,1337.0,1337.0,279,0.0,0.0
2024-06-21 14:35:00+09:00,1338.0,1338.0,1336.0,1336.0,446,0.0,0.0
2024-06-21 14:40:00+09:00,1336.0,1337.0,1334.0,1337.0,0,0.0,0.0
2024-06-21 14:45:00+09:00,1336.0,1337.0,1334.0,1337.0,82267,0.0,0.0
2024-06-21 14:50:00+09:00,1337.0,1337.0,1337.0,1337.0,160,0.0,0.0
2024-06-21 14:55:00+09:00,1334.0,1334.0,1334.0,1334.0,2442,0.0,0.0
2024-06-24 09:00:00+09:00,1319.0,1319.0,1306.0,1314.0,0,0.0,0.0
2024-06-24 09:05:00+09:00,1307.0,1314.0,1300.0,1304.0,15751,0.0,0.0
2024-06-24 09:10:00+09:00,1304.0,1304.0,1300.0,1304.0,1842,0.0,0.0
2024-06-24 09:15:00+09:00,1304.0,1310.0,1304.0,1308.0,20507,0.0,0.0
2024-06-24 09:20:00+09:00,1310.0,1317.0,1305.0,1310.0,24074,0.0,0.0
2024-06-24 09:25:00+09:00,1310.0,1310.0,1306.0,1309.0,1643,0.0,0.0
2024-06-24 09:30:00+09:00,1309.0,1310.0,1307.0,1310.0,2095,0.0,0.0
2024-06-24 09:35:00+09:00,1310.0,1311.0,1310.0,1310.0,1374,0.0,0.0
2024-06-24 09:40:00+09:00,1310.0,1311.0,1305.0,1305.0,7195,0.0,0.0
2024-06-24 09:45:00+09:00,1306.0,1306.0,1304.0,1305.0,4700,0.0,0.0
2024-06-24 09:50:00+09:00,1305.0,1307.0,1304.0,1307.0,4147,0.0,0.0
2024-06-24 09:55:00+09:00,1307.0,1307.0,1294.0,1303.0,71669,0.0,0.0
2024-06-24 10:00:00+09:00,1303.0,1306.0,1301.0,1306.0,2676,0.0,0.0
2024-06-24 10:05:00+09:00,1306.0,1306.0,1305.0,1306.0,493,0.0,0.0
2024-06-24 10:10:00+09:00,1306.0,1306.0,1303.0,1303.0,382,0.0,0.0
2024-06-24 10:15:00+09:00,1304.0,1306.0,1300.0,1305.0,1876,0.0,0.0
2024-06-24 10:20:00+09:00,1303.0,1306.0,1303.0,1306.0,466,0.0,0.0
2024-06-24 10:25:00+09:00,1305.0,1310.0,1303.0,1303.0,7251,0.0,0.0
2024-06-24 10:30:00+09:00,1310.0,1316.0,1303.0,1316.0,7935,0.0,0.0
2024-06-24 10:35:00+09:00,1316.0,1317.0,1315.0,1316.0,1776,0.0,0.0
2024-06-24 10:40:00+09:00,1316.0,1316.0,1315.0,1315.0,149,0.0,0.0
2024-06-24 10:45:00+09:00,1315.0,1316.0,1315.0,1316.0,1103,0.0,0.0
2024-06-24 10:50:00+09:00,1316.0,1316.0,1312.0,1313.0,1635,0.0,0.0
2024-06-24 10:55:00+09:00,1314.0,1314.0,1313.0,1313.0,0,0.0,0.0
2024-06-24 11:00:00+09:00,1313.0,1314.0,1313.0,1314.0,172,0.0,0.0
2024-06-24 11:05:00+09:00,1314.0,1315.0,1313.0,1313.0,3086,0.0,0.0
2024-06-24 11:10:00+09:00,1313.0,1313.0,1308.0,1308.0,8575,0.0,0.0
2024-06-24 11:15:00+09:00,1310.0,1311.0,1310.0,1311.0,0,0.0,0.0
2024-06-24 11:20:00+09:00,1311.0,1313.0,1311.0,1313.0,1629,0.0,0.0
2024-06-24 11:25:00+09:00,1313.0,1316.0,1313.0,1316.0,100,0.0,0.0
2024-06-24 11:30:00+09:00,1317.0,1317.0,1317.0,1317.0,133,0.0,0.0
2024-06-24 11:35:00+09:00,1317.0,1317.0,1317.0,1317.0,579,0.0,0.0
2024-06-24 11:40:00+09:00,1317.0,1318.0,1317.0,1318.0,1257,0.0,0.0
2024-06-24 11:45:00+09:00,1318.0,1318.0,1317.0,1317.0,704,0.0,0.0
2024-06-24 11:50:00+09:00,1318.0,1318.0,1317.0,1317.0,294,0.0,0.0
2024-06-24 11:55:00+09:00,1317.0,1317.0,1317.0,1317.0,230,0.0,0.0
2024-06-24 12:00:00+09:00,1316.0,1317.0,1316.0,1317.0,148,0.0,0.0
2024-06-24 12:05:00+09:00,1317.0,1318.0,1317.0,1318.0,731,0.0,0.0
2024-06-24 12:10:00+09:00,1318.0,1318.0,1318.0,1318.0,727,0.0,0.0
2024-06-24 12:15:00+09:00,1317.0,1318.0,1317.0,1318.0,687,0.0,0.0
2024-06-24 12:20:00+09:00,1318.0,1318.0,1317.0,1318.0,214,0.0,0.0
2024-06-24 12:25:00+09:00,1318.0,1319.0,1317.0,1318.0,839,0.0,0.0
2024-06-24 12:30:00+09:00,1319.0,1319.0,1317.0,1317.0,729,0.0,0.0
2024-06-24 12:35:00+09:00,1317.0,1319.0,1317.0,1319.0,1021,0.0,0.0
2024-06-24 12:40:00+09:00,1319.0,1323.0,1319.0,1323.0,4169,0.0,0.0
2024-06-24 12:45:00+09:00,1323.0,1323.0,1323.0,1323.0,396,0.0,0.0
2024-06-24 12:50:00+09:00,1323.0,1323.0,1322.0,1322.0,859,0.0,0.0
2024-06-24 12:55:00+09:00,1323.0,1323.0,1322.0,1323.0,463,0.0,0.0
2024-06-24 13:00:00+09:00,1323.0,1323.0,1322.0,1323.0,1004,0.0,0.0
2024-06-24 13:05:00+09:00,1322.0,1323.0,1322.0,1323.0,199,0.0,0.0
2024-06-24 13:10:00+09:00,1323.0,1323.0,1321.0,1323.0,496,0.0,0.0
2024-06-24 13:15:00+09:00,1323.0,1323.0,1321.0,1321.0,352,0.0,0.0
2024-06-24 13:20:00+09:00,1321.0,1322.0,1320.0,1322.0,241,0.0,0.0
2024-06-24 13:25:00+09:00,1321.0,1322.0,1318.0,1318.0,7100,0.0,0.0
2024-06-24 13:30:00+09:00,1318.0,1319.0,1318.0,1319.0,302,0.0,0.0
2024-06-24 13:35:00+09:00,1319.0,1319.0,1318.0,1318.0,931,0.0,0.0
2024-06-24 13:40:00+09:00,1319.0,1319.0,1318.0,1318.0,336,0.0,0.0
2024-06-24 13:45:00+09:00,1318.0,1318.0,1317.0,1318.0,414,0.0,0.0
2024-06-24 13:50:00+09:00,1318.0,1318.0,1318.0,1318.0,302,0.0,0.0
2024-06-24 13:55:00+09:00,1318.0,1318.0,1317.0,1318.0,1338,0.0,0.0
2024-06-24 14:00:00+09:00,1318.0,1318.0,1318.0,1318.0,346,0.0,0.0
2024-06-24 14:05:00+09:00,1318.0,1318.0,1318.0,1318.0,251,0.0,0.0
2024-06-24 14:10:00+09:00,1318.0,1318.0,1317.0,1317.0,985,0.0,0.0
2024-06-24 14:15:00+09:00,1317.0,1317.0,1313.0,1316.0,2216,0.0,0.0
2024-06-24 14:20:00+09:00,1316.0,1316.0,1316.0,1316.0,386,0.0,0.0
2024-06-24 14:25:00+09:00,1316.0,1316.0,1315.0,1315.0,427,0.0,0.0
2024-06-24 14:30:00+09:00,1314.0,1316.0,1314.0,1316.0,323,0.0,0.0
2024-06-24 14:35:00+09:00,1316.0,1318.0,1316.0,1318.0,164,0.0,0.0
2024-06-24 14:40:00+09:00,1318.0,1319.0,1315.0,1315.0,2554,0.0,0.0
2024-06-24 14:45:00+09:00,1315.0,1319.0,1314.0,1319.0,1051,0.0,0.0
2024-06-24 14:50:00+09:00,1315.0,1315.0,1312.0,1315.0,4840,0.0,0.0
2024-06-24 14:55:00+09:00,1315.0,1315.0,1315.0,1315.0,348,0.0,0.0
2024-06-25 09:00:00+09:00,1319.0,1319.0,1319.0,1319.0,2390,0.0,0.0
2024-06-25 09:05:00+09:00,1319.0,1320.0,1312.0,1319.0,692,0.0,0.0
2024-06-25 09:10:00+09:00,1317.0,1320.0,1317.0,1320.0,798,0.0,0.0
2024-06-25 09:15:00+09:00,1321.0,1322.0,1321.0,1322.0,4,0.0,0.0
2024-06-25 09:20:00+09:00,1322.0,1322.0,1322.0,1322.0,415,0.0,0.0
2024-06-25 09:25:00+09:00,1322.0,1322.0,1321.0,1322.0,342,0.0,0.0
2024-06-25 09:30:00+09:00,1323.0,1323.0,1323.0,1323.0,1999,0.0,0.0
2024-06-25 09:35:00+09:00,1321.0,1321.0,1320.0,1320.0,0,0.0,0.0
2024-06-25 09:40:00+09:00,1321.0,1324.0,1321.0,1323.0,1699,0.0,0.0
2024-06-25 09:45:00+09:00,1324.0,1324.0,1322.0,1322.0,944,0.0,0.0
2024-06-25 09:50:00+09:00,1322.0,1322.0,1322.0,1322.0,0,0.0,0.0
2024-06-25 09:55:00+09:00,1322.0,1322.0,1321.0,1321.0,355,0.0,0.0
2024-06-25 10:00:00+09:00,1321.0,1321.0,1319.0,1319.0,551,0.0,0.0
2024-06-25 10:05:00+09:00,1319.0,1319.0,1318.0,1318.0,2524,0.0,0.0
2024-06-25 10:10:00+09:00,1318.0,1318.0,1318.0,1318.0,202,0.0,0.0
2024-06-25 10:15:00+09:00,1318.0,1318.0,1316.0,1317.0,571,0.0,0.0
2024-06-25 10:20:00+09:00,1316.0,1316.0,1315.0,1316.0,209,0.0,0.0
2024-06-25 10:25:00+09:00,1316.0,1318.0,1316.0,1318.0,386,0.0,0.0
2024-06-25 10:30:00+09:00,1318.0,1318.0,1317.0,1318.0,255,0.0,0.0
2024-06-25 10:35:00+09:00,1318.0,1324.0,1318.0,1324.0,8632,0.0,0.0
2024-06-25 10:40:00+09:00,1324.0,1331.0,1324.0,1329.0,54741,0.0,0.0
2024-06-25 10:45:00+09:00,1329.0,1351.0,1329.0,1341.0,135345,0.0,0.0
2024-06-25 10:50:00+09:00,1341.0,1354.0,1340.0,1345.0,12924,0.0,0.0
2024-06-25 10:55:00+09:00,1345.0,1345.0,1341.0,1344.0,3508,0.0,0.0
2024-06-25 11:00:00+09:00,1344.0,1348.0,1344.0,1347.0,823,0.0,0.0
2024-06-25 11:05:00+09:00,1347.0,1348.0,1344.0,1345.0,4668,0.0,0.0
2024-06-25 11:10:00+09:00,1346.0,1351.0,1346.0,1351.0,1156,0.0,0.0
2024-06-25 11:15:00+09:00,1350.0,1351.0,1349.0,1351.0,342,0.0,0.0
2024-06-25 11:20:00+09:00,1350.0,1352.0,1348.0,1352.0,1305,0.0,0.0
2024-06-25 11:25:00+09:00,1351.0,1353.0,1351.0,1352.0,902,0.0,0.0
2024-06-25 11:30:00+09:00,1352.0,1354.0,1350.0,1350.0,9885,0.0,0.0
2024-06-25 11:35:00+09:00,1351.0,1351.0,1350.0,1350.0,8217,0.0,0.0
2024-06-25 11:40:00+09:00,1351.0,1351.0,1349.0,1349.0,331,0.0,0.0
2024-06-25 11:45:00+09:00,1349.0,1349.0,1347.0,1347.0,448,0.0,0.0
2024-06-25 11:50:00+09:00,1347.0,1349.0,1347.0,1349.0,683,0.0,0.0
2024-06-25 11:55:00+09:00,1349.0,1349.0,1349.0,1349.0,271,0.0,0.0
2024-06-25 12:00:00+09:00,1349.0,1349.0,1348.0,1348.0,397,0.0,0.0
2024-06-25 12:05:00+09:00,1348.0,1349.0,1347.0,1348.0,977,0.0,0.0
2024-06-25 12:10:00+09:00,1348.0,1348.0,1346.0,1346.0,437,0.0,0.0
2024-06-25 12:15:00+09:00,1348.0,1348.0,1346.0,1346.0,562,0.0,0.0
2024-06-25 12:20:00+09:00,1346.0,1346.0,1345.0,1346.0,333,0.0,0.0
2024-06-25 12:25:00+09:00,1346.0,1346.0,1345.0,1346.0,468,0.0,0.0
2024-06-25 12:30:00+09:00,1346.0,1346.0,1346.0,1346.0,263,0.0,0.0
2024-06-25 12:35:00+09:00,1346.0,1346.0,1345.0,1345.0,229,0.0,0.0
2024-06-25 12:40:00+09:00,1346.0,1346.0,1344.0,1346.0,653,0.0,0.0
2024-06-25 12:45:00+09:00,1345.0,1346.0,1345.0,1346.0,298,0.0,0.0
2024-06-25 12:50:00+09:00,1346.0,1346.0,1345.0,1345.0,966,0.0,0.0
2024-06-25 12:55:00+09:00,1345.0,1346.0,1345.0,1345.0,2409,0.0,0.0
2024-06-25 13:00:00+09:00,1345.0,1345.0,1342.0,1345.0,8569,0.0,0.0
2024-06-25 13:05:00+09:00,1344.0,1345.0,1344.0,1345.0,389,0.0,0.0
2024-06-25 13:10:00+09:00,1344.0,1345.0,1344.0,1345.0,607,0.0,0.0
2024-06-25 13:15:00+09:00,1345.0,1345.0,1344.0,1345.0,525,0.0,0.0
2024-06-25 13:20:00+09:00,1345.0,1350.0,1344.0,1350.0,19214,0.0,0.0
2024-06-25 13:25:00+09:00,1349.0,1351.0,1349.0,1351.0,10989,0.0,0.0
2024-06-25 13:30:00+09:00,1351.0,1351.0,1351.0,1351.0,300,0.0,0.0
2024-06-25 13:35:00+09:00,1351.0,1351.0,1350.0,1350.0,4260,0.0,0.0
2024-06-25 13:40:00+09:00,1350.0,1350.0,1348.0,1349.0,1143,0.0,0.0
2024-06-25 13:45:00+09:00,1349.0,1350.0,1348.0,1350.0,4846,0.0,0.0
2024-06-25 13:50:00+09:00,1350.0,1351.0,1349.0,1351.0,16975,0.0,0.0
2024-06-25 13:55:00+09:00,1351.0,1351.0,1348.0,1349.0,501,0.0,0.0
2024-06-25 14:00:00+09:00,1350.0,1350.0,1349.0,1349.0,15766,0.0,0.0
2024-06-25 14:05:00+09:00,1349.0,1354.0,1349.0,1353.0,36544,0.0,0.0
2024-06-25 14:10:00+09:00,1350.0,1353.0,1349.0,1349.0,1101,0.0,0.0
2024-06-25 14:15:00+09:00,1351.0,1351.0,1350.0,1350.0,2071,0.0,0.0
2024-06-25 14:20:00+09:00,1350.0,1350.0,1349.0,1350.0,5163,0.0,0.0
2024-06-25 14:25:00+09:00,1350.0,1350.0,1349.0,1349.0,5926,0.0,0.0
2024-06-25 14:30:00+09:00,1348.0,1351.0,1348.0,1351.0,4638,0.0,0.0
2024-06-25 14:35:00+09:00,1351.0,1351.0,1350.0,1351.0,1177,0.0,0.0
2024-06-25 14:40:00+09:00,1350.0,1351.0,1350.0,1351.0,5491,0.0,0.0
2024-06-25 14:45:00+09:00,1351.0,1351.0,1350.0,1351.0,623,0.0,0.0
2024-06-25 14:50:00+09:00,1351.0,1351.0,1350.0,1351.0,1822,0.0,0.0
2024-06-25 14:55:00+09:00,1351.0,1351.0,1347.0,1350.0,5820,0.0,0.0
2024-06-26 09:00:00+09:00,1351.0,1351.0,1350.0,1351.0,1421,0.0,0.0
2024-06-26 09:05:00+09:00,1351.0,1351.0,1346.0,1350.0,145,0.0,0.0
2024-06-26 09:10:00+09:00,1350.0,1350.0,1350.0,1350.0,214,0.0,0.0
2024-06-26 09:15:00+09:00,1350.0,1351.0,1350.0,1351.0,659,0.0,0.0
2024-06-26 09:20:00+09:00,1350.0,1350.0,1344.0,1344.0,4095,0.0,0.0
2024-06-26 09:25:00+09:00,1344.0,1346.0,1344.0,1345.0,926,0.0,0.0
2024-06-26 09:30:00+09:00,1345.0,1345.0,1344.0,1344.0,1,0.0,0.0
2024-06-26 09:35:00+09:00,1344.0,1344.0,1344.0,1344.0,140,0.0,0.0
2024-06-26 09:40:00+09:00,1344.0,1344.0,1344.0,1344.0,0,0.0,0.0
2024-06-26 09:45:00+09:00,1343.0,1344.0,1340.0,1340.0,15974,0.0,0.0
2024-06-26 09:50:00+09:00,1340.0,1350.0,1340.0,1350.0,14288,0.0,0.0
2024-06-26 09:55:00+09:00,1350.0,1360.0,1350.0,1354.0,22285,0.0,0.0
2024-06-26 10:00:00+09:00,1352.0,1360.0,1352.0,1360.0,14515,0.0,0.0
2024-06-26 10:05:00+09:00,1360.0,1360.0,1356.0,1356.0,0,0.0,0.0
2024-06-26 10:10:00+09:00,1356.0,1360.0,1356.0,1360.0,7996,0.0,0.0
2024-06-26 10:15:00+09:00,1360.0,1362.0,1358.0,1359.0,1947,0.0,0.0
2024-06-26 10:20:00+09:00,1359.0,1362.0,1358.0,1360.0,3897,0.0,0.0
2024-06-26 10:25:00+09:00,1360.0,1360.0,1357.0,1357.0,351,0.0,0.0
2024-06-26 10:30:00+09:00,1357.0,1360.0,1357.0,1359.0,9685,0.0,0.0
2024-06-26 10:35:00+09:00,1360.0,1360.0,1358.0,1358.0,0,0.0,0.0
2024-06-26 10:40:00+09:00,1358.0,1358.0,1355.0,1355.0,2636,0.0,0.0
2024-06-26 10:45:00+09:00,1355.0,1361.0,1355.0,1361.0,13338,0.0,0.0
2024-06-26 10:50:00+09:00,1361.0,1361.0,1360.0,1360.0,118,0.0,0.0
2024-06-26 10:55:00+09:00,1360.0,1360.0,1360.0,1360.0,117,0.0,0.0
2024-06-26 11:00:00+09:00,1360.0,1360.0,1356.0,1356.0,2106,0.0,0.0
2024-06-26 11:05:00+09:00,1356.0,1358.0,1356.0,1358.0,92,0.0,0.0
2024-06-26 11:10:00+09:00,1358.0,1358.0,1358.0,1358.0,193,0.0,0.0
2024-06-26 11:15:00+09:00,1358.0,1358.0,1355.0,1355.0,334,0.0,0.0
2024-06-26 11:20:00+09:00,1358.0,1360.0,1357.0,1357.0,16316,0.0,0.0
2024-06-26 11:25:00+09:00,1360.0,1360.0,1358.0,1358.0,226,0.0,0.0
2024-06-26 11:30:00+09:00,1360.0,1360.0,1358.0,1359.0,303,0.0,0.0
2024-06-26 11:35:00+09:00,1359.0,1359.0,1357.0,1357.0,280,0.0,0.0
2024-06-26 11:40:00+09:00,1359.0,1359.0,1359.0,1359.0,289,0.0,0.0
2024-06-26 11:45:00+09:00,1359.0,1359.0,1358.0,1358.0,40,0.0,0.0
2024-06-26 11:50:00+09:00,1358.0,1359.0,1358.0,1359.0,345,0.0,0.0
2024-06-26 11:55:00+09:00,1358.0,1359.0,1357.0,1357.0,1164,0.0,0.0
2024-06-26 12:00:00+09:00,1359.0,1359.0,1359.0,1359.0,110,0.0,0.0
2024-06-26 12:05:00+09:00,1359.0,1359.0,1355.0,1355.0,19976,0.0,0.0
2024-06-26 12:10:00+09:00,1356.0,1358.0,1355.0,1358.0,0,0.0,0.0
2024-06-26 12:15:00+09:00,1358.0,1358.0,1358.0,1358.0,108,0.0,0.0
2024-06-26 12:20:00+09:00,1358.0,1358.0,1357.0,1357.0,462,0.0,0.0
2024-06-26 12:25:00+09:00,1357.0,1357.0,1356.0,1356.0,388,0.0,0.0
2024-06-26 12:30:00+09:00,1356.0,1356.0,1356.0,1356.0,3082,0.0,0.0
2024-06-26 12:35:00+09:00,1357.0,1357.0,1356.0,1357.0,0,0.0,0.0
2024-06-26 12:40:00+09:00,1357.0,1360.0,1357.0,1360.0,35600,0.0,0.0
2024-06-26 12:45:00+09:00,1360.0,1360.0,1358.0,1360.0,7995,0.0,0.0
2024-06-26 12:50:00+09:00,1360.0,1360.0,1359.0,1359.0,611,0.0,0.0
2024-06-26 12:55:00+09:00,1359.0,1360.0,1359.0,1359.0,202,0.0,0.0
2024-06-26 13:00:00+09:00,1359.0,1361.0,1359.0,1361.0,3519,0.0,0.0
2024-06-26 13:05:00+09:00,1360.0,1361.0,1360.0,1360.0,10813,0.0,0.0
2024-06-26 13:10:00+09:00,1360.0,1361.0,1357.0,1360.0,1215,0.0,0.0
2024-06-26 13:15:00+09:00,1359.0,1359.0,1356.0,1356.0,1017,0.0,0.0
2024-06-26 13:20:00+09:00,1357.0,1358.0,1356.0,1358.0,543,0.0,0.0
2024-06-26 13:25:00+09:00,1358.0,1358.0,1356.0,1356.0,1537,0.0,0.0
2024-06-26 13:30:00+09:00,1358.0,1358.0,1357.0,1358.0,375,0.0,0.0
2024-06-26 13:35:00+09:00,1358.0,1360.0,1356.0,1360.0,42879,0.0,0.0
2024-06-26 13:40:00+09:00,1359.0,1359.0,1358.0,1359.0,0,0.0,0.0
2024-06-26 13:45:00+09:00,1358.0,1360.0,1357.0,1360.0,33514,0.0,0.0
2024-06-26 13:50:00+09:00,1360.0,1360.0,1359.0,1360.0,0,0.0,0.0
2024-06-26 13:55:00+09:00,1360.0,1361.0,1360.0,1360.0,27209,0.0,0.0
2024-06-26 14:00:00+09:00,1360.0,1360.0,1357.0,1360.0,23178,0.0,0.0
2024-06-26 14:05:00+09:00,1360.0,1360.0,1360.0,1360.0,21554,0.0,0.0
2024-06-26 14:10:00+09:00,1360.0,1360.0,1359.0,1359.0,2279,0.0,0.0
2024-06-26 14:15:00+09:00,1359.0,1360.0,1359.0,1360.0,6664,0.0,0.0
2024-06-26 14:20:00+09:00,1360.0,1360.0,1357.0,1358.0,2092,0.0,0.0
2024-06-26 14:25:00+09:00,1359.0,1359.0,1358.0,1359.0,585,0.0,0.0
2024-06-26 14:30:00+09:00,1359.0,1360.0,1359.0,1360.0,505,0.0,0.0
2024-06-26 14:35:00+09:00,1360.0,1360.0,1359.0,1360.0,1591,0.0,0.0
2024-06-26 14:40:00+09:00,1359.0,1360.0,1358.0,1358.0,3277,0.0,0.0
2024-06-26 14:45:00+09:00,1358.0,1359.0,1357.0,1358.0,3356,0.0,0.0
2024-06-26 14:50:00+09:00,1358.0,1358.0,1356.0,1357.0,7431,0.0,0.0
2024-06-26 14:55:00+09:00,1357.0,1357.0,1356.0,1357.0,4317,0.0,0.0
2024-06-27 09:00:00+09:00,1345.0,1355.0,1345.0,1355.0,5689,0.0,0.0
2024-06-27 09:05:00+09:00,1354.0,1354.0,1354.0,1354.0,280,0.0,0.0
2024-06-27 09:10:00+09:00,1354.0,1354.0,1352.0,1353.0,0,0.0,0.0
2024-06-27 09:15:00+09:00,1353.0,1353.0,1351.0,1351.0,3584,0.0,0.0
2024-06-27 09:20:00+09:00,1351.0,1353.0,1351.0,1353.0,144,0.0,0.0
2024-06-27 09:25:00+09:00,1352.0,1352.0,1345.0,1345.0,5616,0.0,0.0
2024-06-27 09:30:00+09:00,1345.0,1345.0,1343.0,1343.0,2690,0.0,0.0
2024-06-27 09:35:00+09:00,1343.0,1350.0,1342.0,1345.0,3566,0.0,0.0
2024-06-27 09:40:00+09:00,1348.0,1353.0,1348.0,1353.0,1173,0.0,0.0
2024-06-27 09:45:00+09:00,1353.0,1353.0,1350.0,1350.0,151,0.0,0.0
2024-06-27 09:50:00+09:00,1353.0,1355.0,1353.0,1355.0,0,0.0,0.0
2024-06-27 09:55:00+09:00,1355.0,1355.0,1348.0,1349.0,5111,0.0,0.0
2024-06-27 10:00:00+09:00,1349.0,1350.0,1348.0,1350.0,147,0.0,0.0
2024-06-27 10:05:00+09:00,1350.0,1365.0,1349.0,1364.0,73855,0.0,0.0
2024-06-27 10:10:00+09:00,1360.0,1361.0,1360.0,1360.0,244,0.0,0.0
2024-06-27 10:15:00+09:00,1360.0,1365.0,1356.0,1365.0,8415,0.0,0.0
2024-06-27 10:20:00+09:00,1361.0,1361.0,1360.0,1360.0,132,0.0,0.0
2024-06-27 10:25:00+09:00,1360.0,1365.0,1360.0,1362.0,15745,0.0,0.0
2024-06-27 10:30:00+09:00,1362.0,1363.0,1360.0,1360.0,110,0.0,0.0
2024-06-27 10:35:00+09:00,1363.0,1365.0,1363.0,1364.0,25023,0.0,0.0
2024-06-27 10:40:00+09:00,1364.0,1365.0,1364.0,1365.0,7673,0.0,0.0
2024-06-27 10:45:00+09:00,1362.0,1364.0,1362.0,1362.0,382,0.0,0.0
2024-06-27 10:50:00+09:00,1364.0,1365.0,1364.0,1365.0,16582,0.0,0.0
2024-06-27 10:55:00+09:00,1365.0,1365.0,1365.0,1365.0,3377,0.0,0.0
2024-06-27 11:00:00+09:00,1365.0,1365.0,1363.0,1363.0,0,0.0,0.0
2024-06-27 11:05:00+09:00,1365.0,1365.0,1363.0,1364.0,8315,0.0,0.0
2024-06-27 11:10:00+09:00,1364.0,1366.0,1364.0,1366.0,5671,0.0,0.0
2024-06-27 11:15:00+09:00,1366.0,1366.0,1366.0,1366.0,9,0.0,0.0
2024-06-27 11:20:00+09:00,1366.0,1366.0,1364.0,1364.0,241,0.0,0.0
2024-06-27 11:25:00+09:00,1365.0,1366.0,1365.0,1365.0,2023,0.0,0.0
2024-06-27 11:30:00+09:00,1365.0,1365.0,1364.0,1365.0,8406,0.0,0.0
2024-06-27 11:35:00+09:00,1364.0,1364.0,1362.0,1362.0,1503,0.0,0.0
2024-06-27 11:40:00+09:00,1363.0,1365.0,1362.0,1365.0,5416,0.0,0.0
2024-06-27 11:45:00+09:00,1361.0,1365.0,1361.0,1365.0,6899,0.0,0.0
2024-06-27 11:50:00+09:00,1365.0,1366.0,1365.0,1366.0,7639,0.0,0.0
2024-06-27 11:55:00+09:00,1366.0,1368.0,1365.0,1367.0,8867,0.0,0.0
2024-06-27 12:00:00+09:00,1367.0,1368.0,1366.0,1368.0,126,0.0,0.0
2024-06-27 12:05:00+09:00,1366.0,1367.0,1365.0,1366.0,6843,0.0,0.0
2024-06-27 12:10:00+09:00,1366.0,1367.0,1366.0,1366.0,314,0.0,0.0
2024-06-27 12:15:00+09:00,1366.0,1366.0,1365.0,1365.0,497,0.0,0.0
2024-06-27 12:20:00+09:00,1365.0,1365.0,1363.0,1363.0,4962,0.0,0.0
2024-06-27 12:25:00+09:00,1365.0,1365.0,1363.0,1365.0,154,0.0,0.0
2024-06-27 12:30:00+09:00,1364.0,1364.0,1364.0,1364.0,236,0.0,0.0
2024-06-27 12:35:00+09:00,1363.0,1364.0,1363.0,1363.0,2178,0.0,0.0
2024-06-27 12:40:00+09:00,1362.0,1363.0,1362.0,1362.0,5387,0.0,0.0
2024-06-27 12:45:00+09:00,1363.0,1363.0,1362.0,1363.0,163,0.0,0.0
2024-06-27 12:50:00+09:00,1363.0,1363.0,1362.0,1363.0,1601,0.0,0.0
2024-06-27 12:55:00+09:00,1362.0,1363.0,1362.0,1363.0,188,0.0,0.0
2024-06-27 13:00:00+09:00,1362.0,1363.0,1362.0,1362.0,2235,0.0,0.0
2024-06-27 13:05:00+09:00,1363.0,1363.0,1362.0,1363.0,319,0.0,0.0
2024-06-27 13:10:00+09:00,1362.0,1363.0,1362.0,1363.0,1473,0.0,0.0
2024-06-27 13:15:00+09:00,1362.0,1363.0,1361.0,1361.0,5304,0.0,0.0
2024-06-27 13:20:00+09:00,1361.0,1364.0,1360.0,1364.0,9303,0.0,0.0
2024-06-27 13:25:00+09:00,1364.0,1364.0,1363.0,1363.0,0,0.0,0.0
2024-06-27 13:30:00+09:00,1361.0,1362.0,1361.0,1362.0,1398,0.0,0.0
2024-06-27 13:35:00+09:00,1362.0,1365.0,1362.0,1365.0,5940,0.0,0.0
2024-06-27 13:40:00+09:00,1363.0,1365.0,1363.0,1363.0,0,0.0,0.0
2024-06-27 13:45:00+09:00,1365.0,1365.0,1365.0,1365.0,724,0.0,0.0
2024-06-27 13:50:00+09:00,1365.0,1367.0,1365.0,1366.0,5623,0.0,0.0
2024-06-27 13:55:00+09:00,1365.0,1366.0,1365.0,1365.0,210,0.0,0.0
2024-06-27 14:00:00+09:00,1366.0,1367.0,1366.0,1366.0,3237,0.0,0.0
2024-06-27 14:05:00+09:00,1366.0,1366.0,1366.0,1366.0,226,0.0,0.0
2024-06-27 14:10:00+09:00,1365.0,1367.0,1365.0,1367.0,47669,0.0,0.0
2024-06-27 14:15:00+09:00,1365.0,1365.0,1363.0,1363.0,11832,0.0,0.0
2024-06-27 14:20:00+09:00,1365.0,1365.0,1361.0,1365.0,20501,0.0,0.0
2024-06-27 14:25:00+09:00,1364.0,1367.0,1364.0,1365.0,18505,0.0,0.0
2024-06-27 14:30:00+09:00,1362.0,1363.0,1361.0,1363.0,4238,0.0,0.0
2024-06-27 14:35:00+09:00,1363.0,1363.0,1363.0,1363.0,464,0.0,0.0
2024-06-27 14:40:00+09:00,1363.0,1363.0,1363.0,1363.0,44,0.0,0.0
2024-06-27 14:45:00+09:00,1363.0,1363.0,1363.0,1363.0,89,0.0,0.0
2024-06-27 14:50:00+09:00,1361.0,1362.0,1358.0,1358.0,12907,0.0,0.0
2024-06-27 14:55:00+09:00,1358.0,1360.0,1358.0,1360.0,3814,0.0,0.0
2024-06-28 09:00:00+09:00,1368.0,1369.0,1365.0,1366.0,5900,0.0,0.0
2024-06-28 09:05:00+09:00,1366.0,1367.0,1365.0,1367.0,2443,0.0,0.0
2024-06-28 09:10:00+09:00,1366.0,1367.0,1366.0,1366.0,686,0.0,0.0
2024-06-28 09:15:00+09:00,1366.0,1366.0,1364.0,1364.0,2029,0.0,0.0
2024-06-28 09:20:00+09:00,1363.0,1365.0,1363.0,1363.0,390,0.0,0.0
2024-06-28 09:25:00+09:00,1363.0,1363.0,1360.0,1360.0,338,0.0,0.0
2024-06-28 09:30:00+09:00,1360.0,1363.0,1360.0,1362.0,2883,0.0,0.0
2024-06-28 09:35:00+09:00,1362.0,1363.0,1362.0,1363.0,13,0.0,0.0
2024-06-28 09:40:00+09:00,1365.0,1367.0,1363.0,1363.0,1096,0.0,0.0
2024-06-28 09:45:00+09:00,1365.0,1366.0,1363.0,1363.0,1298,0.0,0.0
2024-06-28 09:50:00+09:00,1365.0,1366.0,1365.0,1366.0,3,0.0,0.0
2024-06-28 09:55:00+09:00,1363.0,1366.0,1363.0,1366.0,66,0.0,0.0
2024-06-28 10:00:00+09:00,1366.0,1366.0,1364.0,1365.0,408,0.0,0.0
2024-06-28 10:05:00+09:00,1364.0,1364.0,1363.0,1363.0,957,0.0,0.0
2024-06-28 10:10:00+09:00,1363.0,1363.0,1362.0,1362.0,216,0.0,0.0
2024-06-28 10:20:00+09:00,1361.0,1363.0,1361.0,1361.0,1139,0.0,0.0
2024-06-28 10:25:00+09:00,1364.0,1364.0,1364.0,1364.0,0,0.0,0.0
2024-06-28 10:30:00+09:00,1361.0,1361.0,1360.0,1360.0,6131,0.0,0.0
2024-06-28 10:35:00+09:00,1363.0,1363.0,1363.0,1363.0,0,0.0,0.0
2024-06-28 10:40:00+09:00,1363.0,1363.0,1360.0,1360.0,3195,0.0,0.0
2024-06-28 10:45:00+09:00,1360.0,1361.0,1360.0,1361.0,0,0.0,0.0
2024-06-28 10:55:00+09:00,1361.0,1361.0,1360.0,1361.0,77,0.0,0.0
2024-06-28 11:00:00+09:00,1363.0,1363.0,1361.0,1363.0,61,0.0,0.0
2024-06-28 11:05:00+09:00,1362.0,1362.0,1362.0,1362.0,44,0.0,0.0
2024-06-28 11:10:00+09:00,1360.0,1361.0,1360.0,1360.0,1128,0.0,0.0
2024-06-28 11:20:00+09:00,1361.0,1361.0,1361.0,1361.0,0,0.0,0.0
2024-06-28 11:25:00+09:00,1361.0,1361.0,1361.0,1361.0,142,0.0,0.0
2024-06-28 11:40:00+09:00,1362.0,1362.0,1362.0,1362.0,0,0.0,0.0
2024-06-28 11:45:00+09:00,1361.0,1361.0,1360.0,1360.0,189,0.0,0.0
2024-06-28 11:50:00+09:00,1360.0,1360.0,1358.0,1358.0,4892,0.0,0.0
2024-06-28 11:55:00+09:00,1357.0,1357.0,1356.0,1356.0,8781,0.0,0.0
2024-06-28 12:00:00+09:00,1356.0,1356.0,1353.0,1355.0,834,0.0,0.0
2024-06-28 12:10:00+09:00,1355.0,1355.0,1355.0,1355.0,15,0.0,0.0
2024-06-28 12:15:00+09:00,1355.0,1355.0,1352.0,1354.0,4845,0.0,0.0
2024-06-28 12:20:00+09:00,1353.0,1353.0,1352.0,1353.0,1787,0.0,0.0
2024-06-28 12:25:00+09:00,1353.0,1353.0,1351.0,1351.0,0,0.0,0.0
2024-06-28 12:30:00+09:00,1353.0,1353.0,1353.0,1353.0,31,0.0,0.0
2024-06-28 12:35:00+09:00,1353.0,1353.0,1352.0,1352.0,10,0.0,0.0
2024-06-28 12:40:00+09:00,1352.0,1352.0,1352.0,1352.0,885,0.0,0.0
2024-06-28 12:45:00+09:00,1353.0,1353.0,1353.0,1353.0,590,0.0,0.0
2024-06-28 12:50:00+09:00,1353.0,1353.0,1352.0,1352.0,0,0.0,0.0
2024-06-28 12:55:00+09:00,1352.0,1352.0,1352.0,1352.0,922,0.0,0.0
2024-06-28 13:00:00+09:00,1352.0,1354.0,1352.0,1354.0,499,0.0,0.0
2024-06-28 13:05:00+09:00,1354.0,1355.0,1354.0,1355.0,894,0.0,0.0
2024-06-28 13:10:00+09:00,1355.0,1355.0,1354.0,1354.0,1588,0.0,0.0
2024-06-28 13:15:00+09:00,1355.0,1355.0,1352.0,1352.0,965,0.0,0.0
2024-06-28 13:20:00+09:00,1352.0,1353.0,1352.0,1353.0,556,0.0,0.0
2024-06-28 13:25:00+09:00,1353.0,1353.0,1352.0,1352.0,1412,0.0,0.0
2024-06-28 13:30:00+09:00,1352.0,1352.0,1352.0,1352.0,334,0.0,0.0
2024-06-28 13:35:00+09:00,1353.0,1353.0,1352.0,1352.0,153,0.0,0.0
2024-06-28 13:40:00+09:00,1352.0,1352.0,1352.0,1352.0,150,0.0,0.0
2024-06-28 13:45:00+09:00,1352.0,1354.0,1352.0,1354.0,6726,0.0,0.0
2024-06-28 13:55:00+09:00,1355.0,1357.0,1355.0,1357.0,0,0.0,0.0
2024-06-28 14:00:00+09:00,1357.0,1357.0,1357.0,1357.0,2565,0.0,0.0
2024-06-28 14:05:00+09:00,1357.0,1357.0,1356.0,1356.0,0,0.0,0.0
2024-06-28 14:10:00+09:00,1355.0,1356.0,1355.0,1355.0,214,0.0,0.0
2024-06-28 14:15:00+09:00,1354.0,1354.0,1352.0,1352.0,2809,0.0,0.0
2024-06-28 14:20:00+09:00,1352.0,1355.0,1352.0,1355.0,3510,0.0,0.0
2024-06-28 14:25:00+09:00,1355.0,1355.0,1355.0,1355.0,926,0.0,0.0
2024-06-28 14:30:00+09:00,1355.0,1355.0,1353.0,1353.0,104,0.0,0.0
2024-06-28 14:35:00+09:00,1354.0,1356.0,1354.0,1356.0,955,0.0,0.0
2024-06-28 14:40:00+09:00,1353.0,1353.0,1353.0,1353.0,2653,0.0,0.0
2024-06-28 14:45:00+09:00,1353.0,1353.0,1353.0,1353.0,0,0.0,0.0
2024-06-28 14:50:00+09:00,1352.0,1352.0,1351.0,1352.0,1274,0.0,0.0
2024-06-28 14:55:00+09:00,1353.0,1353.0,1353.0,1353.0,0,0.0,0.0
2024-07-01 09:00:00+09:00,1353.0,1356.0,1352.0,1356.0,0,0.0,0.0
2024-07-01 09:05:00+09:00,1357.0,1360.0,1357.0,1358.0,1593,0.0,0.0
2024-07-01 09:10:00+09:00,1358.0,1360.0,1357.0,1359.0,652,0.0,0.0
2024-07-01 09:15:00+09:00,1357.0,1360.0,1354.0,1354.0,6064,0.0,0.0
2024-07-01 09:20:00+09:00,1353.0,1353.0,1348.0,1350.0,5427,0.0,0.0
2024-07-01 09:25:00+09:00,1349.0,1349.0,1348.0,1348.0,1493,0.0,0.0
2024-07-01 09:30:00+09:00,1349.0,1349.0,1349.0,1349.0,615,0.0,0.0
2024-07-01 09:35:00+09:00,1349.0,1350.0,1349.0,1350.0,2846,0.0,0.0
2024-07-01 09:40:00+09:00,1350.0,1350.0,1349.0,1350.0,1365,0.0,0.0
2024-07-01 09:45:00+09:00,1350.0,1352.0,1349.0,1349.0,5289,0.0,0.0
2024-07-01 09:50:00+09:00,1350.0,1352.0,1348.0,1348.0,9339,0.0,0.0
2024-07-01 09:55:00+09:00,1350.0,1350.0,1347.0,1350.0,0,0.0,0.0
2024-07-01 10:00:00+09:00,1350.0,1350.0,1348.0,1348.0,2036,0.0,0.0
2024-07-01 10:05:00+09:00,1352.0,1352.0,1351.0,1351.0,103,0.0,0.0
2024-07-01 10:10:00+09:00,1348.0,1351.0,1348.0,1351.0,149,0.0,0.0
2024-07-01 10:15:00+09:00,1351.0,1351.0,1351.0,1351.0,39,0.0,0.0
2024-07-01 10:20:00+09:00,1351.0,1351.0,1351.0,1351.0,117,0.0,0.0
2024-07-01 10:25:00+09:00,1348.0,1348.0,1348.0,1348.0,139,0.0,0.0
2024-07-01 10:30:00+09:00,1348.0,1350.0,1348.0,1349.0,777,0.0,0.0
2024-07-01 10:40:00+09:00,1349.0,1349.0,1349.0,1349.0,151,0.0,0.0
2024-07-01 10:45:00+09:00,1349.0,1349.0,1349.0,1349.0,0,0.0,0.0
2024-07-01 10:50:00+09:00,1348.0,1348.0,1348.0,1348.0,170,0.0,0.0
2024-07-01 10:55:00+09:00,1348.0,1349.0,1348.0,1349.0,7,0.0,0.0
2024-07-01 11:00:00+09:00,1348.0,1348.0,1345.0,1345.0,9102,0.0,0.0
2024-07-01 11:05:00+09:00,1345.0,1345.0,1344.0,1344.0,676,0.0,0.0
2024-07-01 11:10:00+09:00,1345.0,1345.0,1345.0,1345.0,0,0.0,0.0
2024-07-01 11:15:00+09:00,1345.0,1345.0,1341.0,1341.0,2164,0.0,0.0
2024-07-01 11:20:00+09:00,1341.0,1341.0,1338.0,1340.0,14820,0.0,0.0
2024-07-01 11:25:00+09:00,1341.0,1341.0,1339.0,1339.0,0,0.0,0.0
2024-07-01 11:30:00+09:00,1341.0,1341.0,1341.0,1341.0,2,0.0,0.0
2024-07-01 11:35:00+09:00,1341.0,1341.0,1341.0,1341.0,231,0.0,0.0
2024-07-01 11:40:00+09:00,1340.0,1341.0,1340.0,1341.0,0,0.0,0.0
2024-07-01 11:45:00+09:00,1340.0,1341.0,1339.0,1339.0,827,0.0,0.0
2024-07-01 11:50:00+09:00,1339.0,1341.0,1339.0,1339.0,865,0.0,0.0
2024-07-01 11:55:00+09:00,1339.0,1341.0,1339.0,1339.0,106,0.0,0.0
2024-07-01 12:00:00+09:00,1339.0,1339.0,1339.0,1339.0,27,0.0,0.0
2024-07-01 12:05:00+09:00,1341.0,1341.0,1339.0,1339.0,11,0.0,0.0
2024-07-01 12:10:00+09:00,1339.0,1341.0,1339.0,1341.0,687,0.0,0.0
2024-07-01 12:15:00+09:00,1341.0,1341.0,1338.0,1340.0,2358,0.0,0.0
2024-07-01 12:20:00+09:00,1340.0,1340.0,1338.0,1338.0,3329,0.0,0.0
2024-07-01 12:25:00+09:00,1338.0,1339.0,1331.0,1332.0,67676,0.0,0.0
2024-07-01 12:30:00+09:00,1335.0,1336.0,1335.0,1336.0,716,0.0,0.0
2024-07-01 12:35:00+09:00,1336.0,1339.0,1336.0,1339.0,328,0.0,0.0
2024-07-01 12:40:00+09:00,1336.0,1337.0,1336.0,1337.0,2,0.0,0.0
2024-07-01 12:45:00+09:00,1339.0,1339.0,1336.0,1338.0,233,0.0,0.0
2024-07-01 12:50:00+09:00,1337.0,1341.0,1337.0,1341.0,2288,0.0,0.0
2024-07-01 12:55:00+09:00,1341.0,1341.0,1340.0,1340.0,0,0.0,0.0
2024-07-01 13:00:00+09:00,1340.0,1340.0,1340.0,1340.0,27,0.0,0.0
2024-07-01 13:05:00+09:00,1340.0,1340.0,1340.0,1340.0,514,0.0,0.0
2024-07-01 13:10:00+09:00,1341.0,1341.0,1340.0,1340.0,440,0.0,0.0
2024-07-01 13:15:00+09:00,1340.0,1340.0,1340.0,1340.0,26,0.0,0.0
2024-07-01 13:20:00+09:00,1340.0,1341.0,1340.0,1341.0,623,0.0,0.0
2024-07-01 13:25:00+09:00,1342.0,1350.0,1342.0,1347.0,15464,0.0,0.0
2024-07-01 13:30:00+09:00,1349.0,1349.0,1348.0,1348.0,119,0.0,0.0
2024-07-01 13:35:00+09:00,1348.0,1348.0,1346.0,1346.0,2146,0.0,0.0
2024-07-01 13:40:00+09:00,1346.0,1346.0,1341.0,1341.0,933,0.0,0.0
2024-07-01 13:45:00+09:00,1341.0,1343.0,1341.0,1343.0,19,0.0,0.0
2024-07-01 13:50:00+09:00,1343.0,1345.0,1343.0,1344.0,27,0.0,0.0
2024-07-01 13:55:00+09:00,1343.0,1343.0,1341.0,1341.0,324,0.0,0.0
2024-07-01 14:00:00+09:00,1341.0,1341.0,1341.0,1341.0,26,0.0,0.0
2024-07-01 14:05:00+09:00,1341.0,1341.0,1341.0,1341.0,2,0.0,0.0
2024-07-01 14:10:00+09:00,1341.0,1341.0,1340.0,1341.0,510,0.0,0.0
2024-07-01 14:15:00+09:00,1341.0,1341.0,1340.0,1340.0,846,0.0,0.0
2024-07-01 14:20:00+09:00,1341.0,1341.0,1340.0,1340.0,551,0.0,0.0
2024-07-01 14:25:00+09:00,1339.0,1339.0,1339.0,1339.0,0,0.0,0.0
2024-07-01 14:30:00+09:00,1339.0,1341.0,1339.0,1340.0,350,0.0,0.0
2024-07-01 14:35:00+09:00,1340.0,1340.0,1340.0,1340.0,250,0.0,0.0
2024-07-01 14:40:00+09:00,1340.0,1340.0,1340.0,1340.0,706,0.0,0.0
2024-07-01 14:45:00+09:00,1340.0,1340.0,1340.0,1340.0,917,0.0,0.0
2024-07-01 14:50:00+09:00,1340.0,1341.0,1340.0,1341.0,4698,0.0,0.0
2024-07-01 14:55:00+09:00,1341.0,1342.0,1341.0,1342.0,0,0.0,0.0
2024-07-02 09:00:00+09:00,1343.0,1343.0,1339.0,1339.0,3757,0.0,0.0
2024-07-02 09:05:00+09:00,1339.0,1343.0,1339.0,1343.0,1184,0.0,0.0
2024-07-02 09:10:00+09:00,1340.0,1341.0,1339.0,1341.0,0,0.0,0.0
2024-07-02 09:15:00+09:00,1337.0,1337.0,1335.0,1335.0,3207,0.0,0.0
2024-07-02 09:20:00+09:00,1335.0,1337.0,1334.0,1337.0,1077,0.0,0.0
2024-07-02 09:25:00+09:00,1336.0,1336.0,1335.0,1335.0,2617,0.0,0.0
2024-07-02 09:30:00+09:00,1335.0,1338.0,1335.0,1336.0,3340,0.0,0.0
2024-07-02 09:35:00+09:00,1337.0,1338.0,1334.0,1334.0,1287,0.0,0.0
2024-07-02 09:40:00+09:00,1334.0,1335.0,1331.0,1331.0,17198,0.0,0.0
2024-07-02 09:45:00+09:00,1332.0,1335.0,1332.0,1335.0,0,0.0,0.0
2024-07-02 09:50:00+09:00,1335.0,1335.0,1335.0,1335.0,50,0.0,0.0
2024-07-02 09:55:00+09:00,1335.0,1335.0,1335.0,1335.0,10,0.0,0.0
2024-07-02 10:00:00+09:00,1334.0,1334.0,1334.0,1334.0,12,0.0,0.0
2024-07-02 10:05:00+09:00,1334.0,1334.0,1334.0,1334.0,80,0.0,0.0
2024-07-02 10:10:00+09:00,1332.0,1334.0,1330.0,1334.0,2126,0.0,0.0
2024-07-02 10:15:00+09:00,1334.0,1334.0,1333.0,1333.0,11,0.0,0.0
2024-07-02 10:25:00+09:00,1333.0,1333.0,1333.0,1333.0,20,0.0,0.0
2024-07-02 10:30:00+09:00,1333.0,1334.0,1333.0,1334.0,2153,0.0,0.0
2024-07-02 10:35:00+09:00,1332.0,1332.0,1331.0,1331.0,865,0.0,0.0
2024-07-02 10:40:00+09:00,1332.0,1332.0,1332.0,1332.0,1998,0.0,0.0
2024-07-02 10:45:00+09:00,1332.0,1332.0,1331.0,1331.0,2394,0.0,0.0
2024-07-02 10:55:00+09:00,1331.0,1331.0,1331.0,1331.0,1246,0.0,0.0
2024-07-02 11:00:00+09:00,1331.0,1331.0,1330.0,1331.0,1153,0.0,0.0
2024-07-02 11:05:00+09:00,1333.0,1333.0,1333.0,1333.0,0,0.0,0.0
2024-07-02 11:10:00+09:00,1333.0,1333.0,1331.0,1331.0,1449,0.0,0.0
2024-07-02 11:15:00+09:00,1331.0,1333.0,1330.0,1333.0,6012,0.0,0.0
2024-07-02 11:20:00+09:00,1333.0,1333.0,1331.0,1333.0,125,0.0,0.0
2024-07-02 11:25:00+09:00,1331.0,1331.0,1330.0,1330.0,16751,0.0,0.0
2024-07-02 11:30:00+09:00,1330.0,1330.0,1329.0,1330.0,179,0.0,0.0
2024-07-02 11:35:00+09:00,1329.0,1329.0,1328.0,1328.0,2216,0.0,0.0
2024-07-02 11:45:00+09:00,1327.0,1327.0,1325.0,1325.0,35824,0.0,0.0
2024-07-02 11:55:00+09:00,1328.0,1328.0,1325.0,1325.0,1094,0.0,0.0
2024-07-02 12:00:00+09:00,1325.0,1325.0,1324.0,1324.0,541,0.0,0.0
2024-07-02 12:05:00+09:00,1324.0,1324.0,1324.0,1324.0,952,0.0,0.0
2024-07-02 12:10:00+09:00,1324.0,1324.0,1323.0,1324.0,1437,0.0,0.0
2024-07-02 12:15:00+09:00,1324.0,1324.0,1322.0,1323.0,152,0.0,0.0
2024-07-02 12:20:00+09:00,1322.0,1323.0,1322.0,1323.0,1508,0.0,0.0
2024-07-02 12:25:00+09:00,1323.0,1323.0,1323.0,1323.0,0,0.0,0.0
2024-07-02 12:30:00+09:00,1323.0,1323.0,1321.0,1321.0,4058,0.0,0.0
2024-07-02 12:35:00+09:00,1323.0,1323.0,1323.0,1323.0,0,0.0,0.0
2024-07-02 12:40:00+09:00,1323.0,1323.0,1322.0,1322.0,1080,0.0,0.0
2024-07-02 12:45:00+09:00,1322.0,1322.0,1321.0,1322.0,2044,0.0,0.0
2024-07-02 12:50:00+09:00,1322.0,1322.0,1321.0,1321.0,14157,0.0,0.0
2024-07-02 12:55:00+09:00,1322.0,1322.0,1321.0,1321.0,0,0.0,0.0
2024-07-02 13:00:00+09:00,1322.0,1322.0,1322.0,1322.0,0,0.0,0.0
2024-07-02 13:05:00+09:00,1322.0,1322.0,1321.0,1321.0,270,0.0,0.0
2024-07-02 13:10:00+09:00,1322.0,1322.0,1322.0,1322.0,85,0.0,0.0
2024-07-02 13:15:00+09:00,1322.0,1322.0,1322.0,1322.0,615,0.0,0.0
2024-07-02 13:20:00+09:00,1322.0,1322.0,1322.0,1322.0,60,0.0,0.0
2024-07-02 13:25:00+09:00,1323.0,1323.0,1323.0,1323.0,208,0.0,0.0
2024-07-02 13:30:00+09:00,1323.0,1323.0,1321.0,1323.0,2164,0.0,0.0
2024-07-02 13:35:00+09:00,1322.0,1322.0,1322.0,1322.0,448,0.0,0.0
2024-07-02 13:40:00+09:00,1322.0,1323.0,1322.0,1323.0,513,0.0,0.0
2024-07-02 13:45:00+09:00,1323.0,1323.0,1322.0,1322.0,1843,0.0,0.0
2024-07-02 13:50:00+09:00,1322.0,1322.0,1321.0,1322.0,1489,0.0,0.0
2024-07-02 13:55:00+09:00,1321.0,1321.0,1321.0,1321.0,4097,0.0,0.0
2024-07-02 14:00:00+09:00,1321.0,1322.0,1321.0,1322.0,197,0.0,0.0
2024-07-02 14:05:00+09:00,1321.0,1321.0,1321.0,1321.0,822,0.0,0.0
2024-07-02 14:10:00+09:00,1321.0,1321.0,1321.0,1321.0,281,0.0,0.0
2024-07-02 14:15:00+09:00,1322.0,1322.0,1322.0,1322.0,331,0.0,0.0
2024-07-02 14:20:00+09:00,1322.0,1322.0,1321.0,1321.0,835,0.0,0.0
2024-07-02 14:25:00+09:00,1321.0,1322.0,1321.0,1321.0,500,0.0,0.0
2024-07-02 14:30:00+09:00,1321.0,1322.0,1321.0,1322.0,605,0.0,0.0
2024-07-02 14:35:00+09:00,1323.0,1323.0,1323.0,1323.0,226,0.0,0.0
2024-07-02 14:40:00+09:00,1323.0,1323.0,1323.0,1323.0,1583,0.0,0.0
2024-07-02 14:45:00+09:00,1323.0,1323.0,1322.0,1322.0,522,0.0,0.0
2024-07-02 14:50:00+09:00,1323.0,1323.0,1323.0,1323.0,389,0.0,0.0
2024-07-02 14:55:00+09:00,1322.0,1323.0,1320.0,1323.0,6963,0.0,0.0
2024-07-03 09:00:00+09:00,1320.0,1327.0,1318.0,1322.0,2073,0.0,0.0
2024-07-03 09:05:00+09:00,1320.0,1324.0,1318.0,1320.0,1664,0.0,0.0
2024-07-03 09:10:00+09:00,1320.0,1321.0,1320.0,1321.0,55,0.0,0.0
2024-07-03 09:15:00+09:00,1320.0,1321.0,1318.0,1320.0,1148,0.0,0.0
2024-07-03 09:20:00+09:00,1319.0,1319.0,1316.0,1316.0,7413,0.0,0.0
2024-07-03 09:25:00+09:00,1316.0,1337.0,1316.0,1337.0,41958,0.0,0.0
2024-07-03 09:30:00+09:00,1335.0,1335.0,1330.0,1330.0,18293,0.0,0.0
2024-07-03 09:35:00+09:00,1333.0,1340.0,1332.0,1339.0,31582,0.0,0.0
2024-07-03 09:40:00+09:00,1339.0,1342.0,1338.0,1338.0,240,0.0,0.0
2024-07-03 09:45:00+09:00,1340.0,1343.0,1335.0,1335.0,8935,0.0,0.0
2024-07-03 09:50:00+09:00,1334.0,1334.0,1332.0,1332.0,17255,0.0,0.0
2024-07-03 09:55:00+09:00,1332.0,1332.0,1330.0,1332.0,3761,0.0,0.0
2024-07-03 10:00:00+09:00,1331.0,1333.0,1329.0,1333.0,4585,0.0,0.0
2024-07-03 10:05:00+09:00,1334.0,1334.0,1334.0,1334.0,302,0.0,0.0
2024-07-03 10:10:00+09:00,1332.0,1333.0,1328.0,1328.0,49754,0.0,0.0
2024-07-03 10:15:00+09:00,1333.0,1334.0,1331.0,1331.0,8053,0.0,0.0
2024-07-03 10:20:00+09:00,1332.0,1334.0,1332.0,1334.0,1810,0.0,0.0
2024-07-03 10:25:00+09:00,1334.0,1334.0,1333.0,1333.0,13,0.0,0.0
2024-07-03 10:30:00+09:00,1332.0,1336.0,1332.0,1335.0,4279,0.0,0.0
2024-07-03 10:35:00+09:00,1336.0,1336.0,1335.0,1336.0,156,0.0,0.0
2024-07-03 10:40:00+09:00,1335.0,1336.0,1335.0,1335.0,671,0.0,0.0
2024-07-03 10:45:00+09:00,1335.0,1336.0,1335.0,1336.0,225,0.0,0.0
2024-07-03 10:50:00+09:00,1336.0,1343.0,1336.0,1343.0,22981,0.0,0.0
2024-07-03 10:55:00+09:00,1340.0,1340.0,1339.0,1340.0,2727,0.0,0.0
2024-07-03 11:00:00+09:00,1340.0,1343.0,1340.0,1340.0,0,0.0,0.0
2024-07-03 11:05:00+09:00,1341.0,1341.0,1340.0,1341.0,588,0.0,0.0
2024-07-03 11:10:00+09:00,1341.0,1341.0,1341.0,1341.0,354,0.0,0.0
2024-07-03 11:15:00+09:00,1340.0,1341.0,1340.0,1340.0,383,0.0,0.0
2024-07-03 11:20:00+09:00,1340.0,1340.0,1335.0,1335.0,25884,0.0,0.0
2024-07-03 11:25:00+09:00,1337.0,1337.0,1335.0,1337.0,9612,0.0,0.0
2024-07-03 11:30:00+09:00,1338.0,1338.0,1338.0,1338.0,200,0.0,0.0
2024-07-03 11:35:00+09:00,1338.0,1340.0,1338.0,1340.0,17656,0.0,0.0
2024-07-03 11:40:00+09:00,1340.0,1341.0,1335.0,1337.0,27668,0.0,0.0
2024-07-03 11:45:00+09:00,1338.0,1338.0,1337.0,1338.0,399,0.0,0.0
2024-07-03 11:50:00+09:00,1338.0,1339.0,1338.0,1339.0,142,0.0,0.0
2024-07-03 11:55:00+09:00,1339.0,1342.0,1339.0,1342.0,14799,0.0,0.0
2024-07-03 12:00:00+09:00,1342.0,1343.0,1342.0,1343.0,441,0.0,0.0
2024-07-03 12:05:00+09:00,1343.0,1343.0,1342.0,1343.0,10061,0.0,0.0
2024-07-03 12:10:00+09:00,1344.0,1344.0,1344.0,1344.0,265,0.0,0.0
2024-07-03 12:15:00+09:00,1344.0,1344.0,1343.0,1343.0,1389,0.0,0.0
2024-07-03 12:20:00+09:00,1343.0,1345.0,1342.0,1343.0,5488,0.0,0.0
2024-07-03 12:25:00+09:00,1343.0,1344.0,1343.0,1343.0,331,0.0,0.0
2024-07-03 12:30:00+09:00,1343.0,1344.0,1343.0,1344.0,1077,0.0,0.0
2024-07-03 12:35:00+09:00,1344.0,1344.0,1343.0,1344.0,487,0.0,0.0
2024-07-03 12:40:00+09:00,1343.0,1344.0,1343.0,1344.0,1165,0.0,0.0
2024-07-03 12:45:00+09:00,1344.0,1344.0,1343.0,1343.0,285,0.0,0.0
2024-07-03 12:50:00+09:00,1344.0,1344.0,1343.0,1343.0,1323,0.0,0.0
2024-07-03 12:55:00+09:00,1343.0,1343.0,1343.0,1343.0,379,0.0,0.0
2024-07-03 13:00:00+09:00,1344.0,1344.0,1342.0,1342.0,283,0.0,0.0
2024-07-03 13:05:00+09:00,1344.0,1345.0,1344.0,1344.0,3957,0.0,0.0
2024-07-03 13:10:00+09:00,1344.0,1345.0,1342.0,1342.0,1246,0.0,0.0
2024-07-03 13:15:00+09:00,1343.0,1344.0,1342.0,1343.0,974,0.0,0.0
2024-07-03 13:20:00+09:00,1343.0,1344.0,1343.0,1344.0,2151,0.0,0.0
2024-07-03 13:25:00+09:00,1344.0,1345.0,1342.0,1345.0,1128,0.0,0.0
2024-07-03 13:30:00+09:00,1345.0,1345.0,1344.0,1345.0,3857,0.0,0.0
2024-07-03 13:35:00+09:00,1345.0,1345.0,1344.0,1345.0,0,0.0,0.0
2024-07-03 13:40:00+09:00,1345.0,1345.0,1343.0,1343.0,3656,0.0,0.0
2024-07-03 13:45:00+09:00,1343.0,1343.0,1342.0,1342.0,1168,0.0,0.0
2024-07-03 13:50:00+09:00,1343.0,1343.0,1343.0,1343.0,562,0.0,0.0
2024-07-03 13:55:00+09:00,1343.0,1343.0,1342.0,1343.0,1656,0.0,0.0
2024-07-03 14:00:00+09:00,1343.0,1343.0,1341.0,1341.0,4170,0.0,0.0
2024-07-03 14:05:00+09:00,1342.0,1342.0,1338.0,1341.0,20300,0.0,0.0
2024-07-03 14:10:00+09:00,1341.0,1341.0,1341.0,1341.0,875,0.0,0.0
2024-07-03 14:15:00+09:00,1341.0,1343.0,1341.0,1343.0,1260,0.0,0.0
2024-07-03 14:20:00+09:00,1342.0,1342.0,1340.0,1342.0,2621,0.0,0.0
2024-07-03 14:25:00+09:00,1342.0,1342.0,1342.0,1342.0,1123,0.0,0.0
2024-07-03 14:30:00+09:00,1342.0,1342.0,1340.0,1341.0,2543,0.0,0.0
2024-07-03 14:35:00+09:00,1341.0,1341.0,1341.0,1341.0,1056,0.0,0.0
2024-07-03 14:40:00+09:00,1341.0,1341.0,1340.0,1341.0,1187,0.0,0.0
2024-07-03 14:45:00+09:00,1341.0,1342.0,1340.0,1342.0,6874,0.0,0.0
2024-07-03 14:50:00+09:00,1342.0,1342.0,1341.0,1342.0,7924,0.0,0.0
2024-07-03 14:55:00+09:00,1343.0,1343.0,1340.0,1340.0,21403,0.0,0.0
2024-07-04 09:00:00+09:00,1340.0,1340.0,1330.0,1330.0,5401,0.0,0.0
2024-07-04 09:05:00+09:00,1331.0,1331.0,1327.0,1327.0,3836,0.0,0.0
2024-07-04 09:10:00+09:00,1327.0,1328.0,1327.0,1328.0,2259,0.0,0.0
2024-07-04 09:15:00+09:00,1328.0,1328.0,1326.0,1328.0,3998,0.0,0.0
2024-07-04 09:20:00+09:00,1328.0,1328.0,1326.0,1326.0,8200,0.0,0.0
2024-07-04 09:25:00+09:00,1326.0,1327.0,1326.0,1327.0,11275,0.0,0.0
2024-07-04 09:30:00+09:00,1328.0,1328.0,1328.0,1328.0,0,0.0,0.0
2024-07-04 09:35:00+09:00,1337.0,1338.0,1337.0,1338.0,5,0.0,0.0
2024-07-04 09:40:00+09:00,1334.0,1334.0,1334.0,1334.0,299,0.0,0.0
2024-07-04 09:45:00+09:00,1338.0,1338.0,1332.0,1332.0,1484,0.0,0.0
2024-07-04 09:50:00+09:00,1331.0,1331.0,1329.0,1329.0,1432,0.0,0.0
2024-07-04 09:55:00+09:00,1329.0,1332.0,1329.0,1332.0,636,0.0,0.0
2024-07-04 10:00:00+09:00,1332.0,1332.0,1332.0,1332.0,11,0.0,0.0
2024-07-04 10:05:00+09:00,1330.0,1330.0,1329.0,1329.0,360,0.0,0.0
2024-07-04 10:10:00+09:00,1331.0,1331.0,1331.0,1331.0,261,0.0,0.0
2024-07-04 10:15:00+09:00,1331.0,1332.0,1331.0,1332.0,272,0.0,0.0
2024-07-04 10:20:00+09:00,1334.0,1334.0,1334.0,1334.0,19,0.0,0.0
2024-07-04 10:30:00+09:00,1332.0,1332.0,1328.0,1329.0,6695,0.0,0.0
2024-07-04 10:35:00+09:00,1329.0,1329.0,1329.0,1329.0,6,0.0,0.0
2024-07-04 10:40:00+09:00,1328.0,1328.0,1328.0,1328.0,304,0.0,0.0
2024-07-04 10:45:00+09:00,1328.0,1328.0,1327.0,1327.0,754,0.0,0.0
2024-07-04 10:50:00+09:00,1328.0,1328.0,1326.0,1328.0,8316,0.0,0.0
2024-07-04 10:55:00+09:00,1327.0,1327.0,1326.0,1326.0,4068,0.0,0.0
2024-07-04 11:00:00+09:00,1326.0,1326.0,1325.0,1326.0,0,0.0,0.0
2024-07-04 11:05:00+09:00,1326.0,1326.0,1325.0,1325.0,252,0.0,0.0
2024-07-04 11:10:00+09:00,1325.0,1326.0,1325.0,1326.0,5322,0.0,0.0
2024-07-04 11:20:00+09:00,1327.0,1327.0,1327.0,1327.0,0,0.0,0.0
2024-07-04 11:25:00+09:00,1326.0,1327.0,1326.0,1327.0,2039,0.0,0.0
2024-07-04 11:30:00+09:00,1326.0,1326.0,1325.0,1326.0,3757,0.0,0.0
2024-07-04 11:45:00+09:00,1326.0,1326.0,1326.0,1326.0,622,0.0,0.0
2024-07-04 11:50:00+09:00,1326.0,1326.0,1326.0,1326.0,36,0.0,0.0
2024-07-04 11:55:00+09:00,1325.0,1325.0,1325.0,1325.0,2417,0.0,0.0
2024-07-04 12:00:00+09:00,1325.0,1325.0,1324.0,1325.0,1049,0.0,0.0
2024-07-04 12:05:00+09:00,1325.0,1326.0,1325.0,1326.0,424,0.0,0.0
2024-07-04 12:15:00+09:00,1326.0,1326.0,1326.0,1326.0,1,0.0,0.0
2024-07-04 12:25:00+09:00,1326.0,1326.0,1326.0,1326.0,79,0.0,0.0
2024-07-04 12:30:00+09:00,1326.0,1326.0,1326.0,1326.0,26,0.0,0.0
2024-07-04 12:35:00+09:00,1326.0,1326.0,1325.0,1326.0,8,0.0,0.0
2024-07-04 12:45:00+09:00,1326.0,1327.0,1326.0,1327.0,5365,0.0,0.0
2024-07-04 12:50:00+09:00,1327.0,1327.0,1327.0,1327.0,0,0.0,0.0
2024-07-04 13:00:00+09:00,1325.0,1325.0,1323.0,1325.0,6939,0.0,0.0
2024-07-04 13:05:00+09:00,1325.0,1325.0,1325.0,1325.0,0,0.0,0.0
2024-07-04 13:10:00+09:00,1325.0,1326.0,1325.0,1326.0,70,0.0,0.0
2024-07-04 13:15:00+09:00,1326.0,1326.0,1324.0,1325.0,632,0.0,0.0
2024-07-04 13:20:00+09:00,1325.0,1325.0,1325.0,1325.0,0,0.0,0.0
2024-07-04 13:25:00+09:00,1324.0,1324.0,1324.0,1324.0,1841,0.0,0.0
2024-07-04 13:30:00+09:00,1325.0,1326.0,1325.0,1326.0,0,0.0,0.0
2024-07-04 13:40:00+09:00,1325.0,1325.0,1323.0,1324.0,8802,0.0,0.0
2024-07-04 13:45:00+09:00,1325.0,1329.0,1325.0,1329.0,20035,0.0,0.0
2024-07-04 13:50:00+09:00,1329.0,1329.0,1329.0,1329.0,1275,0.0,0.0
2024-07-04 13:55:00+09:00,1329.0,1329.0,1329.0,1329.0,403,0.0,0.0
2024-07-04 14:00:00+09:00,1329.0,1329.0,1326.0,1329.0,422,0.0,0.0
2024-07-04 14:05:00+09:00,1329.0,1330.0,1329.0,1330.0,264,0.0,0.0
2024-07-04 14:10:00+09:00,1330.0,1330.0,1330.0,1330.0,419,0.0,0.0
2024-07-04 14:15:00+09:00,1330.0,1330.0,1330.0,1330.0,378,0.0,0.0
2024-07-04 14:20:00+09:00,1330.0,1330.0,1326.0,1327.0,800,0.0,0.0
2024-07-04 14:25:00+09:00,1326.0,1326.0,1324.0,1326.0,678,0.0,0.0
2024-07-04 14:30:00+09:00,1326.0,1326.0,1325.0,1325.0,769,0.0,0.0
2024-07-04 14:35:00+09:00,1325.0,1326.0,1325.0,1326.0,267,0.0,0.0
2024-07-04 14:40:00+09:00,1326.0,1326.0,1325.0,1326.0,439,0.0,0.0
2024-07-04 14:45:00+09:00,1327.0,1327.0,1327.0,1327.0,978,0.0,0.0
2024-07-04 14:50:00+09:00,1327.0,1327.0,1327.0,1327.0,644,0.0,0.0
2024-07-04 14:55:00+09:00,1327.0,1327.0,1327.0,1327.0,342,0.0,0.0
2024-07-05 09:00:00+09:00,1333.0,1333.0,1327.0,1327.0,2221,0.0,0.0
2024-07-05 09:05:00+09:00,1331.0,1334.0,1331.0,1334.0,3501,0.0,0.0
2024-07-05 09:10:00+09:00,1333.0,1336.0,1333.0,1336.0,2685,0.0,0.0
2024-07-05 09:15:00+09:00,1336.0,1336.0,1336.0,1336.0,0,0.0,0.0
2024-07-05 09:20:00+09:00,1336.0,1336.0,1333.0,1333.0,1808,0.0,0.0
2024-07-05 09:25:00+09:00,1336.0,1338.0,1334.0,1334.0,0,0.0,0.0
2024-07-05 09:30:00+09:00,1333.0,1334.0,1332.0,1332.0,1391,0.0,0.0
2024-07-05 09:35:00+09:00,1332.0,1332.0,1332.0,1332.0,23,0.0,0.0
2024-07-05 09:40:00+09:00,1331.0,1332.0,1331.0,1331.0,1420,0.0,0.0
2024-07-05 09:45:00+09:00,1331.0,1331.0,1330.0,1330.0,17,0.0,0.0
2024-07-05 09:50:00+09:00,1330.0,1331.0,1330.0,1331.0,883,0.0,0.0
2024-07-05 09:55:00+09:00,1331.0,1332.0,1330.0,1332.0,538,0.0,0.0
2024-07-05 10:00:00+09:00,1332.0,1332.0,1330.0,1331.0,124,0.0,0.0
2024-07-05 10:05:00+09:00,1331.0,1331.0,1330.0,1330.0,2545,0.0,0.0
2024-07-05 10:10:00+09:00,1330.0,1330.0,1330.0,1330.0,22,0.0,0.0
2024-07-05 10:15:00+09:00,1329.0,1330.0,1329.0,1330.0,23,0.0,0.0
2024-07-05 10:20:00+09:00,1329.0,1329.0,1329.0,1329.0,1632,0.0,0.0
2024-07-05 10:25:00+09:00,1329.0,1330.0,1328.0,1330.0,18,0.0,0.0
2024-07-05 10:30:00+09:00,1329.0,1330.0,1329.0,1330.0,576,0.0,0.0
2024-07-05 10:35:00+09:00,1331.0,1332.0,1331.0,1332.0,2248,0.0,0.0
2024-07-05 10:40:00+09:00,1331.0,1331.0,1330.0,1330.0,1914,0.0,0.0
2024-07-05 10:45:00+09:00,1333.0,1333.0,1331.0,1331.0,0,0.0,0.0
2024-07-05 10:50:00+09:00,1333.0,1333.0,1333.0,1333.0,1685,0.0,0.0
2024-07-05 10:55:00+09:00,1330.0,1333.0,1330.0,1330.0,353,0.0,0.0
2024-07-05 11:05:00+09:00,1333.0,1333.0,1330.0,1330.0,8,0.0,0.0
2024-07-05 11:10:00+09:00,1330.0,1330.0,1330.0,1330.0,90,0.0,0.0
2024-07-05 11:15:00+09:00,1329.0,1330.0,1328.0,1330.0,731,0.0,0.0
2024-07-05 11:25:00+09:00,1330.0,1330.0,1330.0,1330.0,120,0.0,0.0
2024-07-05 11:30:00+09:00,1329.0,1330.0,1329.0,1330.0,50,0.0,0.0
2024-07-05 11:35:00+09:00,1330.0,1330.0,1329.0,1329.0,152,0.0,0.0
2024-07-05 11:40:00+09:00,1330.0,1330.0,1330.0,1330.0,521,0.0,0.0
2024-07-05 11:45:00+09:00,1330.0,1332.0,1330.0,1332.0,3,0.0,0.0
2024-07-05 11:50:00+09:00,1331.0,1331.0,1331.0,1331.0,4,0.0,0.0
2024-07-05 11:55:00+09:00,1330.0,1330.0,1330.0,1330.0,54,0.0,0.0
2024-07-05 12:00:00+09:00,1329.0,1331.0,1328.0,1331.0,2983,0.0,0.0
2024-07-05 12:05:00+09:00,1331.0,1331.0,1328.0,1331.0,83,0.0,0.0
2024-07-05 12:10:00+09:00,1329.0,1330.0,1328.0,1330.0,127,0.0,0.0
2024-07-05 12:15:00+09:00,1328.0,1328.0,1328.0,1328.0,1000,0.0,0.0
2024-07-05 12:25:00+09:00,1330.0,1330.0,1330.0,1330.0,20,0.0,0.0
2024-07-05 12:30:00+09:00,1330.0,1330.0,1330.0,1330.0,1,0.0,0.0
2024-07-05 12:35:00+09:00,1330.0,1330.0,1328.0,1328.0,25,0.0,0.0
2024-07-05 12:40:00+09:00,1328.0,1330.0,1328.0,1330.0,20,0.0,0.0
2024-07-05 12:45:00+09:00,1328.0,1330.0,1328.0,1328.0,35,0.0,0.0
2024-07-05 12:50:00+09:00,1328.0,1330.0,1328.0,1330.0,20,0.0,0.0
2024-07-05 12:55:00+09:00,1328.0,1330.0,1328.0,1328.0,12,0.0,0.0
2024-07-05 13:00:00+09:00,1328.0,1330.0,1327.0,1329.0,1322,0.0,0.0
2024-07-05 13:05:00+09:00,1328.0,1329.0,1327.0,1327.0,297,0.0,0.0
2024-07-05 13:10:00+09:00,1328.0,1330.0,1328.0,1330.0,0,0.0,0.0
2024-07-05 13:20:00+09:00,1327.0,1327.0,1327.0,1327.0,4107,0.0,0.0
2024-07-05 13:25:00+09:00,1326.0,1326.0,1326.0,1326.0,0,0.0,0.0
2024-07-05 13:30:00+09:00,1326.0,1326.0,1326.0,1326.0,201,0.0,0.0
2024-07-05 13:35:00+09:00,1327.0,1327.0,1326.0,1327.0,2683,0.0,0.0
2024-07-05 13:40:00+09:00,1327.0,1327.0,1327.0,1327.0,0,0.0,0.0
2024-07-05 13:45:00+09:00,1327.0,1327.0,1327.0,1327.0,318,0.0,0.0
2024-07-05 13:50:00+09:00,1326.0,1326.0,1326.0,1326.0,0,0.0,0.0
2024-07-05 13:55:00+09:00,1326.0,1326.0,1326.0,1326.0,1,0.0,0.0
2024-07-05 14:00:00+09:00,1326.0,1326.0,1326.0,1326.0,29,0.0,0.0
2024-07-05 14:05:00+09:00,1326.0,1327.0,1326.0,1326.0,231,0.0,0.0
2024-07-05 14:10:00+09:00,1326.0,1326.0,1325.0,1325.0,8093,0.0,0.0
2024-07-05 14:15:00+09:00,1325.0,1326.0,1325.0,1326.0,202,0.0,0.0
2024-07-05 14:25:00+09:00,1325.0,1325.0,1325.0,1325.0,42,0.0,0.0
2024-07-05 14:30:00+09:00,1325.0,1325.0,1325.0,1325.0,399,0.0,0.0
2024-07-05 14:35:00+09:00,1327.0,1327.0,1325.0,1325.0,394,0.0,0.0
2024-07-05 14:40:00+09:00,1325.0,1326.0,1325.0,1326.0,764,0.0,0.0
2024-07-05 14:45:00+09:00,1326.0,1326.0,1325.0,1325.0,3867,0.0,0.0
2024-07-05 14:50:00+09:00,1325.0,1325.0,1325.0,1325.0,294,0.0,0.0
2024-07-05 14:55:00+09:00,1325.0,1325.0,1324.0,1324.0,326,0.0,0.0
2024-07-08 09:00:00+09:00,1324.0,1330.0,1324.0,1330.0,0,0.0,0.0
2024-07-08 09:05:00+09:00,1328.0,1328.0,1326.0,1326.0,1530,0.0,0.0
2024-07-08 09:10:00+09:00,1327.0,1343.0,1327.0,1333.0,6569,0.0,0.0
2024-07-08 09:15:00+09:00,1335.0,1335.0,1325.0,1325.0,2607,0.0,0.0
2024-07-08 09:20:00+09:00,1325.0,1325.0,1325.0,1325.0,4,0.0,0.0
2024-07-08 09:25:00+09:00,1325.0,1325.0,1320.0,1321.0,9234,0.0,0.0
2024-07-08 09:30:00+09:00,1321.0,1321.0,1320.0,1320.0,558,0.0,0.0
2024-07-08 09:35:00+09:00,1320.0,1320.0,1320.0,1320.0,171,0.0,0.0
2024-07-08 09:40:00+09:00,1320.0,1320.0,1319.0,1319.0,320,0.0,0.0
2024-07-08 09:45:00+09:00,1319.0,1319.0,1318.0,1318.0,1498,0.0,0.0
2024-07-08 09:50:00+09:00,1318.0,1319.0,1318.0,1319.0,2775,0.0,0.0
2024-07-08 09:55:00+09:00,1320.0,1320.0,1319.0,1319.0,0,0.0,0.0
2024-07-08 10:00:00+09:00,1319.0,1319.0,1318.0,1319.0,513,0.0,0.0
2024-07-08 10:05:00+09:00,1319.0,1319.0,1318.0,1319.0,7880,0.0,0.0
2024-07-08 10:10:00+09:00,1319.0,1319.0,1318.0,1318.0,127,0.0,0.0
2024-07-08 10:20:00+09:00,1318.0,1318.0,1318.0,1318.0,2648,0.0,0.0
2024-07-08 10:25:00+09:00,1318.0,1318.0,1317.0,1317.0,56,0.0,0.0
2024-07-08 10:30:00+09:00,1318.0,1318.0,1318.0,1318.0,225,0.0,0.0
2024-07-08 10:35:00+09:00,1318.0,1318.0,1318.0,1318.0,1671,0.0,0.0
2024-07-08 10:40:00+09:00,1318.0,1318.0,1318.0,1318.0,0,0.0,0.0
2024-07-08 10:45:00+09:00,1318.0,1318.0,1318.0,1318.0,328,0.0,0.0
2024-07-08 10:50:00+09:00,1318.0,1318.0,1318.0,1318.0,110,0.0,0.0
2024-07-08 10:55:00+09:00,1317.0,1317.0,1317.0,1317.0,1150,0.0,0.0
2024-07-08 11:05:00+09:00,1318.0,1318.0,1317.0,1317.0,96,0.0,0.0
2024-07-08 11:10:00+09:00,1317.0,1317.0,1317.0,1317.0,1399,0.0,0.0
2024-07-08 11:15:00+09:00,1317.0,1317.0,1316.0,1316.0,2160,0.0,0.0
2024-07-08 11:20:00+09:00,1317.0,1317.0,1317.0,1317.0,7036,0.0,0.0
2024-07-08 11:25:00+09:00,1317.0,1318.0,1317.0,1318.0,0,0.0,0.0
2024-07-08 11:30:00+09:00,1318.0,1318.0,1317.0,1318.0,1540,0.0,0.0
2024-07-08 11:40:00+09:00,1318.0,1318.0,1318.0,1318.0,1,0.0,0.0
2024-07-08 11:55:00+09:00,1317.0,1318.0,1317.0,1318.0,133,0.0,0.0
2024-07-08 12:00:00+09:00,1318.0,1318.0,1318.0,1318.0,0,0.0,0.0
2024-07-08 12:05:00+09:00,1318.0,1318.0,1318.0,1318.0,2594,0.0,0.0
2024-07-08 12:10:00+09:00,1318.0,1318.0,1318.0,1318.0,0,0.0,0.0
2024-07-08 12:15:00+09:00,1318.0,1318.0,1318.0,1318.0,1407,0.0,0.0
2024-07-08 12:20:00+09:00,1318.0,1318.0,1318.0,1318.0,2,0.0,0.0
2024-07-08 12:25:00+09:00,1320.0,1320.0,1320.0,1320.0,1137,0.0,0.0
2024-07-08 12:40:00+09:00,1320.0,1320.0,1320.0,1320.0,3,0.0,0.0
2024-07-08 12:45:00+09:00,1318.0,1319.0,1317.0,1319.0,1879,0.0,0.0
2024-07-08 12:50:00+09:00,1319.0,1319.0,1317.0,1319.0,1982,0.0,0.0
2024-07-08 12:55:00+09:00,1319.0,1320.0,1319.0,1320.0,1660,0.0,0.0
2024-07-08 13:00:00+09:00,1320.0,1320.0,1318.0,1318.0,0,0.0,0.0
2024-07-08 13:10:00+09:00,1318.0,1320.0,1318.0,1320.0,470,0.0,0.0
2024-07-08 13:15:00+09:00,1320.0,1320.0,1320.0,1320.0,0,0.0,0.0
2024-07-08 13:20:00+09:00,1319.0,1319.0,1319.0,1319.0,226,0.0,0.0
2024-07-08 13:25:00+09:00,1319.0,1319.0,1319.0,1319.0,23,0.0,0.0
2024-07-08 13:35:00+09:00,1319.0,1319.0,1318.0,1318.0,746,0.0,0.0
2024-07-08 13:40:00+09:00,1318.0,1319.0,1318.0,1319.0,3282,0.0,0.0
2024-07-08 13:45:00+09:00,1320.0,1320.0,1320.0,1320.0,0,0.0,0.0
2024-07-08 13:50:00+09:00,1319.0,1319.0,1319.0,1319.0,1,0.0,0.0
2024-07-08 13:55:00+09:00,1320.0,1320.0,1320.0,1320.0,16,0.0,0.0
2024-07-08 14:00:00+09:00,1319.0,1319.0,1319.0,1319.0,167,0.0,0.0
2024-07-08 14:05:00+09:00,1320.0,1320.0,1320.0,1320.0,501,0.0,0.0
2024-07-08 14:10:00+09:00,1321.0,1321.0,1320.0,1320.0,42,0.0,0.0
2024-07-08 14:25:00+09:00,1321.0,1321.0,1320.0,1320.0,1601,0.0,0.0
2024-07-08 14:30:00+09:00,1320.0,1320.0,1320.0,1320.0,0,0.0,0.0
2024-07-08 14:35:00+09:00,1320.0,1320.0,1320.0,1320.0,184,0.0,0.0
2024-07-08 14:40:00+09:00,1320.0,1320.0,1320.0,1320.0,1688,0.0,0.0
2024-07-08 14:45:00+09:00,1320.0,1320.0,1320.0,1320.0,0,0.0,0.0
2024-07-08 14:50:00+09:00,1319.0,1321.0,1319.0,1319.0,994,0.0,0.0
2024-07-08 14:55:00+09:00,1319.0,1321.0,1319.0,1321.0,1802,0.0,0.0
2024-07-09 09:00:00+09:00,1322.0,1327.0,1322.0,1327.0,1269,0.0,0.0
2024-07-09 09:05:00+09:00,1327.0,1330.0,1326.0,1326.0,2043,0.0,0.0
2024-07-09 09:15:00+09:00,1329.0,1329.0,1328.0,1329.0,63,0.0,0.0
2024-07-09 09:20:00+09:00,1329.0,1329.0,1327.0,1329.0,1410,0.0,0.0
2024-07-09 09:25:00+09:00,1329.0,1329.0,1329.0,1329.0,2966,0.0,0.0
2024-07-09 09:30:00+09:00,1329.0,1329.0,1329.0,1329.0,0,0.0,0.0
2024-07-09 09:35:00+09:00,1329.0,1329.0,1325.0,1326.0,4756,0.0,0.0
2024-07-09 09:40:00+09:00,1325.0,1326.0,1325.0,1326.0,1759,0.0,0.0
2024-07-09 09:45:00+09:00,1326.0,1329.0,1326.0,1329.0,1875,0.0,0.0
2024-07-09 09:50:00+09:00,1329.0,1329.0,1329.0,1329.0,51,0.0,0.0
2024-07-09 09:55:00+09:00,1329.0,1329.0,1328.0,1328.0,14,0.0,0.0
2024-07-09 10:00:00+09:00,1327.0,1329.0,1327.0,1329.0,296,0.0,0.0
2024-07-09 10:05:00+09:00,1329.0,1329.0,1327.0,1327.0,589,0.0,0.0
2024-07-09 10:10:00+09:00,1327.0,1327.0,1327.0,1327.0,0,0.0,0.0
2024-07-09 10:25:00+09:00,1327.0,1327.0,1327.0,1327.0,105,0.0,0.0
2024-07-09 10:30:00+09:00,1327.0,1332.0,1327.0,1331.0,19948,0.0,0.0
2024-07-09 10:35:00+09:00,1331.0,1335.0,1331.0,1335.0,24006,0.0,0.0
2024-07-09 10:40:00+09:00,1331.0,1331.0,1331.0,1331.0,0,0.0,0.0
2024-07-09 10:50:00+09:00,1333.0,1333.0,1332.0,1333.0,3320,0.0,0.0
2024-07-09 10:55:00+09:00,1330.0,1336.0,1330.0,1336.0,7649,0.0,0.0
2024-07-09 11:00:00+09:00,1337.0,1337.0,1336.0,1336.0,0,0.0,0.0
2024-07-09 11:05:00+09:00,1337.0,1337.0,1337.0,1337.0,158,0.0,0.0
2024-07-09 11:10:00+09:00,1337.0,1337.0,1336.0,1337.0,391,0.0,0.0
2024-07-09 11:15:00+09:00,1337.0,1337.0,1337.0,1337.0,91,0.0,0.0
2024-07-09 11:20:00+09:00,1336.0,1337.0,1335.0,1337.0,9199,0.0,0.0
2024-07-09 11:25:00+09:00,1337.0,1337.0,1337.0,1337.0,105,0.0,0.0
2024-07-09 11:30:00+09:00,1337.0,1337.0,1335.0,1336.0,44,0.0,0.0
2024-07-09 11:35:00+09:00,1336.0,1337.0,1336.0,1337.0,87,0.0,0.0
2024-07-09 11:40:00+09:00,1337.0,1337.0,1336.0,1337.0,2525,0.0,0.0
2024-07-09 11:45:00+09:00,1337.0,1337.0,1336.0,1336.0,2748,0.0,0.0
2024-07-09 11:50:00+09:00,1336.0,1336.0,1335.0,1335.0,2964,0.0,0.0
2024-07-09 11:55:00+09:00,1335.0,1336.0,1335.0,1336.0,0,0.0,0.0
2024-07-09 12:00:00+09:00,1336.0,1336.0,1336.0,1336.0,184,0.0,0.0
2024-07-09 12:05:00+09:00,1336.0,1336.0,1335.0,1335.0,1743,0.0,0.0
2024-07-09 12:10:00+09:00,1335.0,1335.0,1335.0,1335.0,138,0.0,0.0
2024-07-09 12:15:00+09:00,1335.0,1335.0,1334.0,1334.0,0,0.0,0.0
2024-07-09 12:20:00+09:00,1333.0,1335.0,1333.0,1335.0,6086,0.0,0.0
2024-07-09 12:25:00+09:00,1335.0,1335.0,1335.0,1335.0,319,0.0,0.0
2024-07-09 12:30:00+09:00,1335.0,1335.0,1335.0,1335.0,11511,0.0,0.0
2024-07-09 12:35:00+09:00,1335.0,1335.0,1335.0,1335.0,18338,0.0,0.0
2024-07-09 12:40:00+09:00,1336.0,1336.0,1336.0,1336.0,0,0.0,0.0
2024-07-09 12:45:00+09:00,1336.0,1336.0,1336.0,1336.0,1622,0.0,0.0
2024-07-09 12:50:00+09:00,1336.0,1336.0,1336.0,1336.0,28,0.0,0.0
2024-07-09 12:55:00+09:00,1336.0,1336.0,1334.0,1334.0,204,0.0,0.0
2024-07-09 13:00:00+09:00,1334.0,1334.0,1333.0,1333.0,129,0.0,0.0
2024-07-09 13:05:00+09:00,1333.0,1335.0,1333.0,1333.0,242,0.0,0.0
2024-07-09 13:10:00+09:00,1333.0,1335.0,1333.0,1335.0,572,0.0,0.0
2024-07-09 13:15:00+09:00,1334.0,1336.0,1334.0,1336.0,9106,0.0,0.0
2024-07-09 13:20:00+09:00,1335.0,1335.0,1335.0,1335.0,105,0.0,0.0
2024-07-09 13:25:00+09:00,1335.0,1335.0,1335.0,1335.0,8188,0.0,0.0
2024-07-09 13:30:00+09:00,1335.0,1336.0,1334.0,1334.0,13757,0.0,0.0
2024-07-09 13:35:00+09:00,1334.0,1335.0,1334.0,1335.0,122,0.0,0.0
2024-07-09 13:40:00+09:00,1335.0,1335.0,1334.0,1335.0,6196,0.0,0.0
2024-07-09 13:45:00+09:00,1336.0,1336.0,1335.0,1335.0,30199,0.0,0.0
2024-07-09 13:50:00+09:00,1336.0,1336.0,1335.0,1335.0,110,0.0,0.0
2024-07-09 13:55:00+09:00,1335.0,1336.0,1335.0,1335.0,135,0.0,0.0
2024-07-09 14:00:00+09:00,1335.0,1336.0,1335.0,1336.0,832,0.0,0.0
2024-07-09 14:05:00+09:00,1335.0,1336.0,1335.0,1336.0,166,0.0,0.0
2024-07-09 14:10:00+09:00,1336.0,1336.0,1335.0,1335.0,141,0.0,0.0
2024-07-09 14:15:00+09:00,1336.0,1336.0,1335.0,1335.0,8913,0.0,0.0
2024-07-09 14:20:00+09:00,1336.0,1336.0,1335.0,1335.0,665,0.0,0.0
2024-07-09 14:25:00+09:00,1335.0,1335.0,1334.0,1335.0,195,0.0,0.0
2024-07-09 14:30:00+09:00,1335.0,1335.0,1335.0,1335.0,2965,0.0,0.0
2024-07-09 14:35:00+09:00,1335.0,1335.0,1335.0,1335.0,224,0.0,0.0
2024-07-09 14:40:00+09:00,1335.0,1336.0,1335.0,1336.0,129,0.0,0.0
2024-07-09 14:45:00+09:00,1336.0,1336.0,1335.0,1336.0,145,0.0,0.0
2024-07-09 14:50:00+09:00,1335.0,1336.0,1335.0,1335.0,616,0.0,0.0
2024-07-09 14:55:00+09:00,1336.0,1336.0,1336.0,1336.0,283,0.0,0.0
2024-07-10 09:00:00+09:00,1340.0,1342.0,1340.0,1341.0,9027,0.0,0.0
2024-07-10 09:05:00+09:00,1341.0,1342.0,1340.0,1342.0,10115,0.0,0.0
2024-07-10 09:10:00+09:00,1342.0,1342.0,1338.0,1342.0,7042,0.0,0.0
2024-07-10 09:15:00+09:00,1342.0,1342.0,1338.0,1338.0,430,0.0,0.0
2024-07-10 09:20:00+09:00,1340.0,1340.0,1340.0,1340.0,384,0.0,0.0
2024-07-10 09:30:00+09:00,1340.0,1340.0,1340.0,1340.0,0,0.0,0.0
2024-07-10 09:35:00+09:00,1340.0,1340.0,1338.0,1338.0,518,0.0,0.0
2024-07-10 09:45:00+09:00,1339.0,1339.0,1339.0,1339.0,87,0.0,0.0
2024-07-10 09:50:00+09:00,1339.0,1339.0,1338.0,1338.0,1990,0.0,0.0
2024-07-10 09:55:00+09:00,1339.0,1340.0,1339.0,1340.0,579,0.0,0.0
2024-07-10 10:00:00+09:00,1340.0,1340.0,1336.0,1337.0,5418,0.0,0.0
2024-07-10 10:05:00+09:00,1336.0,1336.0,1336.0,1336.0,0,0.0,0.0
2024-07-10 10:10:00+09:00,1336.0,1336.0,1336.0,1336.0,928,0.0,0.0
2024-07-10 10:15:00+09:00,1336.0,1336.0,1336.0,1336.0,0,0.0,0.0
2024-07-10 10:20:00+09:00,1336.0,1344.0,1336.0,1341.0,39880,0.0,0.0
2024-07-10 10:25:00+09:00,1341.0,1341.0,1341.0,1341.0,75,0.0,0.0
2024-07-10 10:30:00+09:00,1340.0,1340.0,1340.0,1340.0,2,0.0,0.0
2024-07-10 10:35:00+09:00,1340.0,1340.0,1338.0,1338.0,5138,0.0,0.0
2024-07-10 10:40:00+09:00,1337.0,1340.0,1337.0,1340.0,0,0.0,0.0
2024-07-10 10:45:00+09:00,1339.0,1339.0,1339.0,1339.0,7619,0.0,0.0
2024-07-10 10:50:00+09:00,1339.0,1339.0,1339.0,1339.0,0,0.0,0.0
2024-07-10 10:55:00+09:00,1339.0,1340.0,1339.0,1340.0,15,0.0,0.0
2024-07-10 11:00:00+09:00,1339.0,1339.0,1337.0,1337.0,8142,0.0,0.0
2024-07-10 11:10:00+09:00,1337.0,1338.0,1337.0,1338.0,188,0.0,0.0
2024-07-10 11:15:00+09:00,1338.0,1339.0,1338.0,1339.0,408,0.0,0.0
2024-07-10 11:20:00+09:00,1338.0,1339.0,1338.0,1339.0,4186,0.0,0.0
2024-07-10 11:30:00+09:00,1339.0,1340.0,1339.0,1340.0,18,0.0,0.0
2024-07-10 11:35:00+09:00,1339.0,1339.0,1339.0,1339.0,1,0.0,0.0
2024-07-10 11:40:00+09:00,1338.0,1338.0,1338.0,1338.0,136,0.0,0.0
2024-07-10 11:55:00+09:00,1340.0,1340.0,1340.0,1340.0,0,0.0,0.0
2024-07-10 12:00:00+09:00,1339.0,1339.0,1339.0,1339.0,3,0.0,0.0
2024-07-10 12:05:00+09:00,1338.0,1338.0,1338.0,1338.0,899,0.0,0.0
2024-07-10 12:15:00+09:00,1338.0,1338.0,1338.0,1338.0,299,0.0,0.0
2024-07-10 12:20:00+09:00,1338.0,1339.0,1338.0,1339.0,102,0.0,0.0
2024-07-10 12:25:00+09:00,1338.0,1339.0,1338.0,1339.0,19,0.0,0.0
2024-07-10 12:30:00+09:00,1337.0,1339.0,1337.0,1339.0,175,0.0,0.0
2024-07-10 12:35:00+09:00,1339.0,1339.0,1339.0,1339.0,2,0.0,0.0
2024-07-10 12:40:00+09:00,1339.0,1339.0,1339.0,1339.0,23,0.0,0.0
2024-07-10 12:45:00+09:00,1338.0,1339.0,1337.0,1339.0,43,0.0,0.0
2024-07-10 12:50:00+09:00,1338.0,1338.0,1338.0,1338.0,49,0.0,0.0
2024-07-10 13:00:00+09:00,1338.0,1338.0,1338.0,1338.0,0,0.0,0.0
2024-07-10 13:05:00+09:00,1338.0,1338.0,1338.0,1338.0,332,0.0,0.0
2024-07-10 13:10:00+09:00,1338.0,1338.0,1338.0,1338.0,284,0.0,0.0
2024-07-10 13:15:00+09:00,1337.0,1338.0,1337.0,1338.0,131,0.0,0.0
2024-07-10 13:25:00+09:00,1337.0,1337.0,1337.0,1337.0,1256,0.0,0.0
2024-07-10 13:40:00+09:00,1338.0,1338.0,1338.0,1338.0,0,0.0,0.0
2024-07-10 13:50:00+09:00,1337.0,1338.0,1337.0,1338.0,502,0.0,0.0
2024-07-10 13:55:00+09:00,1338.0,1338.0,1338.0,1338.0,39,0.0,0.0
2024-07-10 14:00:00+09:00,1337.0,1337.0,1337.0,1337.0,36,0.0,0.0
2024-07-10 14:05:00+09:00,1338.0,1338.0,1338.0,1338.0,0,0.0,0.0
2024-07-10 14:10:00+09:00,1337.0,1338.0,1337.0,1337.0,443,0.0,0.0
2024-07-10 14:25:00+09:00,1337.0,1337.0,1337.0,1337.0,28,0.0,0.0
2024-07-10 14:30:00+09:00,1337.0,1337.0,1337.0,1337.0,303,0.0,0.0
2024-07-10 14:35:00+09:00,1338.0,1338.0,1338.0,1338.0,0,0.0,0.0
2024-07-10 14:40:00+09:00,1338.0,1338.0,1338.0,1338.0,2472,0.0,0.0
2024-07-10 14:45:00+09:00,1338.0,1338.0,1338.0,1338.0,0,0.0,0.0
2024-07-10 14:50:00+09:00,1338.0,1338.0,1338.0,1338.0,610,0.0,0.0
2024-07-10 14:55:00+09:00,1338.0,1338.0,1337.0,1337.0,62,0.0,0.0
2024-07-11 09:00:00+09:00,1330.0,1331.0,1330.0,1331.0,487,0.0,0.0
2024-07-11 09:05:00+09:00,1335.0,1340.0,1331.0,1340.0,8785,0.0,0.0
2024-07-11 09:10:00+09:00,1334.0,1336.0,1333.0,1335.0,2459,0.0,0.0
2024-07-11 09:15:00+09:00,1335.0,1336.0,1335.0,1336.0,63,0.0,0.0
2024-07-11 09:20:00+09:00,1335.0,1335.0,1331.0,1332.0,3660,0.0,0.0
2024-07-11 09:25:00+09:00,1331.0,1332.0,1330.0,1332.0,2996,0.0,0.0
2024-07-11 09:30:00+09:00,1331.0,1332.0,1331.0,1332.0,858,0.0,0.0
2024-07-11 09:40:00+09:00,1331.0,1332.0,1330.0,1332.0,1999,0.0,0.0
2024-07-11 09:45:00+09:00,1330.0,1330.0,1330.0,1330.0,403,0.0,0.0
2024-07-11 09:55:00+09:00,1332.0,1334.0,1332.0,1333.0,6085,0.0,0.0
2024-07-11 10:00:00+09:00,1333.0,1336.0,1331.0,1336.0,215,0.0,0.0
2024-07-11 10:05:00+09:00,1334.0,1334.0,1332.0,1332.0,49,0.0,0.0
2024-07-11 10:10:00+09:00,1332.0,1332.0,1332.0,1332.0,5,0.0,0.0
2024-07-11 10:15:00+09:00,1332.0,1332.0,1332.0,1332.0,88,0.0,0.0
2024-07-11 10:20:00+09:00,1334.0,1334.0,1334.0,1334.0,16,0.0,0.0
2024-07-11 10:30:00+09:00,1333.0,1333.0,1333.0,1333.0,0,0.0,0.0
2024-07-11 10:35:00+09:00,1332.0,1332.0,1331.0,1331.0,6083,0.0,0.0
2024-07-11 10:40:00+09:00,1331.0,1331.0,1331.0,1331.0,18,0.0,0.0
2024-07-11 10:45:00+09:00,1333.0,1333.0,1333.0,1333.0,20,0.0,0.0
2024-07-11 10:50:00+09:00,1333.0,1333.0,1331.0,1331.0,0,0.0,0.0
2024-07-11 10:55:00+09:00,1331.0,1331.0,1331.0,1331.0,592,0.0,0.0
2024-07-11 11:00:00+09:00,1331.0,1331.0,1331.0,1331.0,0,0.0,0.0
2024-07-11 11:05:00+09:00,1331.0,1333.0,1331.0,1333.0,54,0.0,0.0
2024-07-11 11:20:00+09:00,1332.0,1332.0,1332.0,1332.0,4,0.0,0.0
2024-07-11 11:25:00+09:00,1332.0,1332.0,1332.0,1332.0,17,0.0,0.0
2024-07-11 11:30:00+09:00,1331.0,1331.0,1331.0,1331.0,1218,0.0,0.0
2024-07-11 11:35:00+09:00,1331.0,1332.0,1331.0,1332.0,5,0.0,0.0
2024-07-11 11:40:00+09:00,1332.0,1332.0,1332.0,1332.0,1417,0.0,0.0
2024-07-11 11:45:00+09:00,1333.0,1333.0,1332.0,1332.0,0,0.0,0.0
2024-07-11 11:50:00+09:00,1331.0,1331.0,1331.0,1331.0,8,0.0,0.0
2024-07-11 11:55:00+09:00,1333.0,1333.0,1330.0,1330.0,885,0.0,0.0
2024-07-11 12:00:00+09:00,1331.0,1331.0,1330.0,1330.0,7,0.0,0.0
2024-07-11 12:10:00+09:00,1332.0,1333.0,1332.0,1333.0,16,0.0,0.0
2024-07-11 12:15:00+09:00,1331.0,1331.0,1331.0,1331.0,6,0.0,0.0
2024-07-11 12:20:00+09:00,1330.0,1330.0,1330.0,1330.0,538,0.0,0.0
2024-07-11 12:25:00+09:00,1330.0,1331.0,1330.0,1331.0,970,0.0,0.0
2024-07-11 12:35:00+09:00,1331.0,1332.0,1331.0,1332.0,20,0.0,0.0
2024-07-11 12:40:00+09:00,1332.0,1332.0,1330.0,1330.0,14,0.0,0.0
2024-07-11 12:45:00+09:00,1330.0,1331.0,1330.0,1331.0,2,0.0,0.0
2024-07-11 12:50:00+09:00,1332.0,1332.0,1332.0,1332.0,250,0.0,0.0
2024-07-11 12:55:00+09:00,1331.0,1332.0,1331.0,1332.0,147,0.0,0.0
2024-07-11 13:00:00+09:00,1331.0,1331.0,1331.0,1331.0,19,0.0,0.0
2024-07-11 13:05:00+09:00,1331.0,1331.0,1331.0,1331.0,0,0.0,0.0
2024-07-11 13:10:00+09:00,1331.0,1331.0,1330.0,1330.0,2424,0.0,0.0
2024-07-11 13:15:00+09:00,1330.0,1331.0,1330.0,1331.0,2399,0.0,0.0
2024-07-11 13:20:00+09:00,1330.0,1330.0,1330.0,1330.0,976,0.0,0.0
2024-07-11 13:25:00+09:00,1330.0,1331.0,1330.0,1331.0,0,0.0,0.0
2024-07-11 13:30:00+09:00,1331.0,1331.0,1331.0,1331.0,0,0.0,0.0
2024-07-11 13:35:00+09:00,1330.0,1331.0,1330.0,1331.0,88,0.0,0.0
2024-07-11 13:40:00+09:00,1331.0,1331.0,1330.0,1330.0,1213,0.0,0.0
2024-07-11 13:45:00+09:00,1331.0,1331.0,1330.0,1331.0,71,0.0,0.0
2024-07-11 13:50:00+09:00,1330.0,1331.0,1330.0,1331.0,11,0.0,0.0
2024-07-11 13:55:00+09:00,1330.0,1331.0,1330.0,1331.0,2,0.0,0.0
2024-07-11 14:00:00+09:00,1330.0,1331.0,1330.0,1330.0,312,0.0,0.0
2024-07-11 14:05:00+09:00,1330.0,1330.0,1329.0,1330.0,15982,0.0,0.0
2024-07-11 14:10:00+09:00,1329.0,1329.0,1329.0,1329.0,3100,0.0,0.0
2024-07-11 14:15:00+09:00,1328.0,1328.0,1328.0,1328.0,46,0.0,0.0
2024-07-11 14:30:00+09:00,1330.0,1330.0,1330.0,1330.0,123,0.0,0.0
2024-07-11 14:35:00+09:00,1329.0,1329.0,1329.0,1329.0,100,0.0,0.0
2024-07-11 14:40:00+09:00,1329.0,1330.0,1329.0,1330.0,0,0.0,0.0
2024-07-11 14:45:00+09:00,1329.0,1329.0,1329.0,1329.0,21,0.0,0.0
2024-07-11 14:50:00+09:00,1330.0,1330.0,1330.0,1330.0,22,0.0,0.0
2024-07-11 14:55:00+09:00,1330.0,1330.0,1329.0,1329.0,9,0.0,0.0
2024-07-12 09:00:00+09:00,1331.0,1331.0,1321.0,1323.0,6042,0.0,0.0
2024-07-12 09:05:00+09:00,1330.0,1333.0,1330.0,1333.0,6375,0.0,0.0
2024-07-12 09:10:00+09:00,1331.0,1338.0,1330.0,1336.0,4758,0.0,0.0
2024-07-12 09:15:00+09:00,1335.0,1341.0,1334.0,1340.0,6900,0.0,0.0
2024-07-12 09:20:00+09:00,1341.0,1341.0,1338.0,1338.0,0,0.0,0.0
2024-07-12 09:25:00+09:00,1339.0,1341.0,1338.0,1338.0,4274,0.0,0.0
2024-07-12 09:30:00+09:00,1338.0,1340.0,1338.0,1338.0,3127,0.0,0.0
2024-07-12 09:35:00+09:00,1338.0,1338.0,1338.0,1338.0,289,0.0,0.0
2024-07-12 09:40:00+09:00,1339.0,1339.0,1337.0,1337.0,597,0.0,0.0
2024-07-12 09:45:00+09:00,1335.0,1335.0,1334.0,1334.0,727,0.0,0.0
2024-07-12 09:50:00+09:00,1334.0,1334.0,1333.0,1333.0,578,0.0,0.0
2024-07-12 09:55:00+09:00,1333.0,1333.0,1331.0,1332.0,700,0.0,0.0
2024-07-12 10:00:00+09:00,1332.0,1332.0,1331.0,1331.0,272,0.0,0.0
2024-07-12 10:05:00+09:00,1332.0,1333.0,1331.0,1333.0,70,0.0,0.0
2024-07-12 10:10:00+09:00,1333.0,1333.0,1331.0,1331.0,1068,0.0,0.0
2024-07-12 10:15:00+09:00,1333.0,1333.0,1333.0,1333.0,4,0.0,0.0
2024-07-12 10:20:00+09:00,1332.0,1332.0,1332.0,1332.0,7,0.0,0.0
2024-07-12 10:25:00+09:00,1332.0,1332.0,1331.0,1331.0,1550,0.0,0.0
2024-07-12 10:30:00+09:00,1330.0,1330.0,1329.0,1330.0,2549,0.0,0.0
2024-07-12 10:35:00+09:00,1330.0,1330.0,1327.0,1328.0,11007,0.0,0.0
2024-07-12 10:40:00+09:00,1330.0,1330.0,1330.0,1330.0,237,0.0,0.0
2024-07-12 10:45:00+09:00,1330.0,1330.0,1330.0,1330.0,0,0.0,0.0
2024-07-12 10:50:00+09:00,1329.0,1330.0,1329.0,1329.0,128,0.0,0.0
2024-07-12 10:55:00+09:00,1329.0,1329.0,1329.0,1329.0,157,0.0,0.0
2024-07-12 11:00:00+09:00,1328.0,1329.0,1328.0,1329.0,8,0.0,0.0
2024-07-12 11:05:00+09:00,1329.0,1329.0,1328.0,1328.0,547,0.0,0.0
2024-07-12 11:10:00+09:00,1329.0,1329.0,1328.0,1329.0,1277,0.0,0.0
2024-07-12 11:15:00+09:00,1327.0,1327.0,1327.0,1327.0,0,0.0,0.0
2024-07-12 11:20:00+09:00,1327.0,1328.0,1327.0,1328.0,214,0.0,0.0
2024-07-12 11:25:00+09:00,1328.0,1328.0,1327.0,1327.0,25,0.0,0.0
2024-07-12 11:30:00+09:00,1327.0,1327.0,1327.0,1327.0,600,0.0,0.0
2024-07-12 11:35:00+09:00,1328.0,1329.0,1326.0,1326.0,3941,0.0,0.0
2024-07-12 11:40:00+09:00,1326.0,1332.0,1326.0,1329.0,914,0.0,0.0
2024-07-12 11:45:00+09:00,1331.0,1331.0,1331.0,1331.0,0,0.0,0.0
2024-07-12 11:50:00+09:00,1329.0,1329.0,1327.0,1327.0,450,0.0,0.0
2024-07-12 11:55:00+09:00,1327.0,1328.0,1327.0,1328.0,636,0.0,0.0
2024-07-12 12:00:00+09:00,1328.0,1328.0,1328.0,1328.0,9,0.0,0.0
2024-07-12 12:05:00+09:00,1328.0,1328.0,1328.0,1328.0,2,0.0,0.0
2024-07-12 12:10:00+09:00,1327.0,1328.0,1327.0,1328.0,3,0.0,0.0
2024-07-12 12:15:00+09:00,1327.0,1328.0,1327.0,1327.0,217,0.0,0.0
2024-07-12 12:20:00+09:00,1328.0,1328.0,1328.0,1328.0,12,0.0,0.0
2024-07-12 12:25:00+09:00,1328.0,1329.0,1328.0,1329.0,18,0.0,0.0
2024-07-12 12:30:00+09:00,1329.0,1329.0,1329.0,1329.0,7,0.0,0.0
2024-07-12 12:35:00+09:00,1329.0,1329.0,1327.0,1329.0,99,0.0,0.0
2024-07-12 12:40:00+09:00,1329.0,1331.0,1329.0,1331.0,619,0.0,0.0
2024-07-12 12:45:00+09:00,1331.0,1331.0,1331.0,1331.0,0,0.0,0.0
2024-07-12 12:50:00+09:00,1330.0,1331.0,1329.0,1329.0,35,0.0,0.0
2024-07-12 12:55:00+09:00,1329.0,1329.0,1329.0,1329.0,3,0.0,0.0
2024-07-12 13:00:00+09:00,1329.0,1329.0,1329.0,1329.0,810,0.0,0.0
2024-07-12 13:05:00+09:00,1330.0,1331.0,1330.0,1331.0,5,0.0,0.0
2024-07-12 13:10:00+09:00,1330.0,1331.0,1330.0,1331.0,135,0.0,0.0
2024-07-12 13:15:00+09:00,1331.0,1332.0,1331.0,1332.0,938,0.0,0.0
2024-07-12 13:20:00+09:00,1330.0,1330.0,1330.0,1330.0,0,0.0,0.0
2024-07-12 13:25:00+09:00,1330.0,1330.0,1330.0,1330.0,242,0.0,0.0
2024-07-12 13:35:00+09:00,1330.0,1331.0,1330.0,1331.0,1929,0.0,0.0
2024-07-12 13:40:00+09:00,1331.0,1331.0,1331.0,1331.0,2,0.0,0.0
2024-07-12 13:45:00+09:00,1331.0,1331.0,1329.0,1329.0,8,0.0,0.0
2024-07-12 13:50:00+09:00,1330.0,1330.0,1330.0,1330.0,56,0.0,0.0
2024-07-12 13:55:00+09:00,1330.0,1330.0,1327.0,1328.0,2609,0.0,0.0
2024-07-12 14:00:00+09:00,1328.0,1328.0,1328.0,1328.0,1588,0.0,0.0
2024-07-12 14:10:00+09:00,1328.0,1328.0,1327.0,1327.0,763,0.0,0.0
2024-07-12 14:20:00+09:00,1327.0,1328.0,1327.0,1327.0,1507,0.0,0.0
2024-07-12 14:25:00+09:00,1327.0,1328.0,1326.0,1328.0,241,0.0,0.0
2024-07-12 14:30:00+09:00,1326.0,1331.0,1326.0,1331.0,1721,0.0,0.0
2024-07-12 14:35:00+09:00,1331.0,1331.0,1331.0,1331.0,71,0.0,0.0
2024-07-12 14:45:00+09:00,1328.0,1330.0,1328.0,1330.0,102,0.0,0.0
2024-07-12 14:50:00+09:00,1328.0,1330.0,1328.0,1330.0,76,0.0,0.0
2024-07-12 14:55:00+09:00,1330.0,1330.0,1330.0,1330.0,0,0.0,0.0
2024-07-15 09:00:00+09:00,1332.0,1332.0,1332.0,1332.0,0,0.0,0.0
2024-07-15 09:05:00+09:00,1332.0,1332.0,1332.0,1332.0,0,0.0,0.0
2024-07-15 09:10:00+09:00,1331.0,1331.0,1329.0,1329.0,400,0.0,0.0
2024-07-15 09:15:00+09:00,1331.0,1339.0,1331.0,1335.0,264,0.0,0.0
2024-07-15 09:20:00+09:00,1333.0,1333.0,1330.0,1330.0,778,0.0,0.0
2024-07-15 09:25:00+09:00,1330.0,1330.0,1330.0,1330.0,414,0.0,0.0
2024-07-15 09:30:00+09:00,1330.0,1330.0,1327.0,1327.0,2572,0.0,0.0
2024-07-15 09:35:00+09:00,1326.0,1330.0,1326.0,1328.0,1514,0.0,0.0
2024-07-15 09:40:00+09:00,1329.0,1330.0,1329.0,1330.0,703,0.0,0.0
2024-07-15 09:45:00+09:00,1330.0,1330.0,1329.0,1329.0,761,0.0,0.0
2024-07-15 09:50:00+09:00,1329.0,1329.0,1329.0,1329.0,60,0.0,0.0
2024-07-15 09:55:00+09:00,1329.0,1329.0,1326.0,1326.0,2641,0.0,0.0
2024-07-15 10:00:00+09:00,1326.0,1328.0,1326.0,1326.0,409,0.0,0.0
2024-07-15 10:05:00+09:00,1327.0,1328.0,1326.0,1328.0,235,0.0,0.0
2024-07-15 10:10:00+09:00,1328.0,1333.0,1328.0,1332.0,32299,0.0,0.0
2024-07-15 10:15:00+09:00,1332.0,1340.0,1332.0,1340.0,4021,0.0,0.0
2024-07-15 10:20:00+09:00,1340.0,1340.0,1338.0,1338.0,1110,0.0,0.0
2024-07-15 10:25:00+09:00,1339.0,1339.0,1336.0,1336.0,1028,0.0,0.0
2024-07-15 10:35:00+09:00,1336.0,1336.0,1335.0,1336.0,275,0.0,0.0
2024-07-15 10:40:00+09:00,1336.0,1336.0,1335.0,1335.0,52,0.0,0.0
2024-07-15 10:45:00+09:00,1334.0,1336.0,1334.0,1336.0,164,0.0,0.0
2024-07-15 10:50:00+09:00,1334.0,1336.0,1334.0,1336.0,94,0.0,0.0
2024-07-15 11:00:00+09:00,1336.0,1336.0,1336.0,1336.0,0,0.0,0.0
2024-07-15 11:05:00+09:00,1334.0,1334.0,1334.0,1334.0,24,0.0,0.0
2024-07-15 11:10:00+09:00,1333.0,1335.0,1333.0,1335.0,2573,0.0,0.0
2024-07-15 11:15:00+09:00,1336.0,1336.0,1335.0,1335.0,0,0.0,0.0
2024-07-15 11:20:00+09:00,1335.0,1335.0,1335.0,1335.0,0,0.0,0.0
2024-07-15 11:25:00+09:00,1335.0,1335.0,1334.0,1334.0,772,0.0,0.0
2024-07-15 11:30:00+09:00,1334.0,1334.0,1333.0,1333.0,166,0.0,0.0
2024-07-15 11:35:00+09:00,1335.0,1335.0,1335.0,1335.0,77,0.0,0.0
2024-07-15 11:40:00+09:00,1335.0,1335.0,1335.0,1335.0,999,0.0,0.0
2024-07-15 11:45:00+09:00,1335.0,1335.0,1333.0,1333.0,20,0.0,0.0
2024-07-15 11:50:00+09:00,1335.0,1335.0,1333.0,1333.0,887,0.0,0.0
2024-07-15 11:55:00+09:00,1333.0,1333.0,1333.0,1333.0,117,0.0,0.0
2024-07-15 12:00:00+09:00,1333.0,1334.0,1333.0,1334.0,38,0.0,0.0
2024-07-15 12:10:00+09:00,1333.0,1333.0,1332.0,1332.0,2144,0.0,0.0
2024-07-15 12:15:00+09:00,1332.0,1333.0,1332.0,1333.0,0,0.0,0.0
2024-07-15 12:20:00+09:00,1333.0,1333.0,1330.0,1330.0,4201,0.0,0.0
2024-07-15 12:25:00+09:00,1330.0,1333.0,1330.0,1333.0,0,0.0,0.0
2024-07-15 12:30:00+09:00,1334.0,1334.0,1334.0,1334.0,0,0.0,0.0
2024-07-15 12:35:00+09:00,1333.0,1333.0,1333.0,1333.0,208,0.0,0.0
2024-07-15 12:40:00+09:00,1330.0,1333.0,1330.0,1333.0,1064,0.0,0.0
2024-07-15 12:50:00+09:00,1333.0,1333.0,1333.0,1333.0,378,0.0,0.0
2024-07-15 12:55:00+09:00,1333.0,1334.0,1333.0,1334.0,557,0.0,0.0
2024-07-15 13:00:00+09:00,1334.0,1334.0,1330.0,1331.0,6767,0.0,0.0
2024-07-15 13:05:00+09:00,1331.0,1334.0,1331.0,1333.0,2453,0.0,0.0
2024-07-15 13:10:00+09:00,1333.0,1333.0,1330.0,1333.0,447,0.0,0.0
2024-07-15 13:15:00+09:00,1333.0,1333.0,1333.0,1333.0,389,0.0,0.0
2024-07-15 13:20:00+09:00,1333.0,1333.0,1333.0,1333.0,446,0.0,0.0
2024-07-15 13:25:00+09:00,1333.0,1333.0,1330.0,1333.0,967,0.0,0.0
2024-07-15 13:30:00+09:00,1333.0,1333.0,1330.0,1333.0,797,0.0,0.0
2024-07-15 13:35:00+09:00,1333.0,1336.0,1332.0,1336.0,5811,0.0,0.0
2024-07-15 13:40:00+09:00,1336.0,1336.0,1332.0,1336.0,523,0.0,0.0
2024-07-15 13:45:00+09:00,1336.0,1336.0,1335.0,1335.0,356,0.0,0.0
2024-07-15 13:50:00+09:00,1335.0,1336.0,1335.0,1336.0,496,0.0,0.0
2024-07-15 13:55:00+09:00,1336.0,1336.0,1335.0,1335.0,1462,0.0,0.0
2024-07-15 14:00:00+09:00,1336.0,1339.0,1335.0,1339.0,1884,0.0,0.0
2024-07-15 14:05:00+09:00,1335.0,1339.0,1335.0,1339.0,2316,0.0,0.0
2024-07-15 14:10:00+09:00,1339.0,1339.0,1339.0,1339.0,465,0.0,0.0
2024-07-15 14:15:00+09:00,1339.0,1340.0,1339.0,1340.0,413,0.0,0.0
2024-07-15 14:20:00+09:00,1340.0,1340.0,1337.0,1340.0,639,0.0,0.0
2024-07-15 14:25:00+09:00,1340.0,1340.0,1337.0,1340.0,683,0.0,0.0
2024-07-15 14:30:00+09:00,1340.0,1340.0,1339.0,1339.0,458,0.0,0.0
2024-07-15 14:35:00+09:00,1339.0,1339.0,1339.0,1339.0,366,0.0,0.0
2024-07-15 14:40:00+09:00,1339.0,1339.0,1338.0,1339.0,904,0.0,0.0
2024-07-15 14:45:00+09:00,1339.0,1340.0,1339.0,1340.0,794,0.0,0.0
2024-07-15 14:50:00+09:00,1340.0,1340.0,1338.0,1339.0,1614,0.0,0.0
2024-07-15 14:55:00+09:00,1339.0,1340.0,1338.0,1340.0,442,0.0,0.0
2024-07-16 09:00:00+09:00,1339.0,1340.0,1338.0,1338.0,205,0.0,0.0
2024-07-16 09:05:00+09:00,1338.0,1338.0,1333.0,1337.0,350,0.0,0.0
2024-07-16 09:10:00+09:00,1337.0,1338.0,1337.0,1338.0,1682,0.0,0.0
2024-07-16 09:15:00+09:00,1338.0,1339.0,1338.0,1338.0,133,0.0,0.0
2024-07-16 09:20:00+09:00,1338.0,1338.0,1329.0,1333.0,39817,0.0,0.0
2024-07-16 09:25:00+09:00,1333.0,1337.0,1332.0,1337.0,8615,0.0,0.0
2024-07-16 09:30:00+09:00,1337.0,1337.0,1333.0,1334.0,2192,0.0,0.0
2024-07-16 09:35:00+09:00,1334.0,1335.0,1333.0,1335.0,1007,0.0,0.0
2024-07-16 09:40:00+09:00,1335.0,1340.0,1335.0,1340.0,1026,0.0,0.0
2024-07-16 09:45:00+09:00,1337.0,1340.0,1337.0,1340.0,504,0.0,0.0
2024-07-16 09:50:00+09:00,1340.0,1340.0,1340.0,1340.0,17,0.0,0.0
2024-07-16 09:55:00+09:00,1340.0,1340.0,1338.0,1339.0,424,0.0,0.0
2024-07-16 10:00:00+09:00,1339.0,1339.0,1337.0,1338.0,152,0.0,0.0
2024-07-16 10:05:00+09:00,1337.0,1337.0,1335.0,1335.0,10052,0.0,0.0
2024-07-16 10:10:00+09:00,1335.0,1337.0,1335.0,1337.0,504,0.0,0.0
2024-07-16 10:15:00+09:00,1337.0,1337.0,1333.0,1333.0,1222,0.0,0.0
2024-07-16 10:20:00+09:00,1334.0,1334.0,1333.0,1334.0,4292,0.0,0.0
2024-07-16 10:25:00+09:00,1334.0,1337.0,1333.0,1337.0,1835,0.0,0.0
2024-07-16 10:35:00+09:00,1335.0,1335.0,1333.0,1333.0,3202,0.0,0.0
2024-07-16 10:40:00+09:00,1333.0,1334.0,1328.0,1330.0,30677,0.0,0.0
2024-07-16 10:45:00+09:00,1331.0,1331.0,1331.0,1331.0,2160,0.0,0.0
2024-07-16 10:50:00+09:00,1330.0,1330.0,1330.0,1330.0,577,0.0,0.0
2024-07-16 10:55:00+09:00,1330.0,1330.0,1330.0,1330.0,0,0.0,0.0
2024-07-16 11:05:00+09:00,1330.0,1330.0,1328.0,1328.0,2837,0.0,0.0
2024-07-16 11:10:00+09:00,1329.0,1331.0,1329.0,1331.0,7019,0.0,0.0
2024-07-16 11:15:00+09:00,1333.0,1333.0,1329.0,1329.0,0,0.0,0.0
2024-07-16 11:25:00+09:00,1330.0,1330.0,1330.0,1330.0,267,0.0,0.0
2024-07-16 11:30:00+09:00,1330.0,1330.0,1330.0,1330.0,0,0.0,0.0
2024-07-16 11:40:00+09:00,1333.0,1333.0,1330.0,1330.0,985,0.0,0.0
2024-07-16 11:45:00+09:00,1333.0,1333.0,1333.0,1333.0,1,0.0,0.0
2024-07-16 11:50:00+09:00,1333.0,1333.0,1333.0,1333.0,17,0.0,0.0
2024-07-16 11:55:00+09:00,1330.0,1333.0,1330.0,1333.0,38,0.0,0.0
2024-07-16 12:00:00+09:00,1330.0,1330.0,1329.0,1329.0,2165,0.0,0.0
2024-07-16 12:05:00+09:00,1330.0,1330.0,1330.0,1330.0,111,0.0,0.0
2024-07-16 12:10:00+09:00,1331.0,1331.0,1330.0,1330.0,2271,0.0,0.0
2024-07-16 12:15:00+09:00,1330.0,1330.0,1330.0,1330.0,1847,0.0,0.0
2024-07-16 12:20:00+09:00,1329.0,1331.0,1329.0,1331.0,629,0.0,0.0
2024-07-16 12:25:00+09:00,1329.0,1331.0,1329.0,1331.0,190,0.0,0.0
2024-07-16 12:30:00+09:00,1330.0,1330.0,1329.0,1329.0,2427,0.0,0.0
2024-07-16 12:35:00+09:00,1330.0,1330.0,1329.0,1330.0,672,0.0,0.0
2024-07-16 12:40:00+09:00,1328.0,1330.0,1328.0,1330.0,22,0.0,0.0
2024-07-16 12:45:00+09:00,1330.0,1330.0,1328.0,1330.0,751,0.0,0.0
2024-07-16 12:50:00+09:00,1330.0,1330.0,1329.0,1329.0,6,0.0,0.0
2024-07-16 12:55:00+09:00,1329.0,1330.0,1328.0,1330.0,117,0.0,0.0
2024-07-16 13:00:00+09:00,1329.0,1330.0,1328.0,1328.0,5748,0.0,0.0
2024-07-16 13:05:00+09:00,1328.0,1328.0,1327.0,1328.0,1302,0.0,0.0
2024-07-16 13:10:00+09:00,1328.0,1328.0,1327.0,1328.0,847,0.0,0.0
2024-07-16 13:15:00+09:00,1328.0,1328.0,1328.0,1328.0,16,0.0,0.0
2024-07-16 13:20:00+09:00,1328.0,1328.0,1327.0,1328.0,8,0.0,0.0
2024-07-16 13:25:00+09:00,1328.0,1328.0,1327.0,1328.0,1250,0.0,0.0
2024-07-16 13:30:00+09:00,1328.0,1328.0,1328.0,1328.0,47,0.0,0.0
2024-07-16 13:35:00+09:00,1327.0,1328.0,1326.0,1328.0,1105,0.0,0.0
2024-07-16 13:40:00+09:00,1328.0,1328.0,1328.0,1328.0,176,0.0,0.0
2024-07-16 13:45:00+09:00,1328.0,1336.0,1328.0,1336.0,21382,0.0,0.0
2024-07-16 13:50:00+09:00,1336.0,1336.0,1333.0,1334.0,1660,0.0,0.0
2024-07-16 13:55:00+09:00,1335.0,1336.0,1335.0,1335.0,747,0.0,0.0
2024-07-16 14:00:00+09:00,1335.0,1336.0,1335.0,1336.0,889,0.0,0.0
2024-07-16 14:05:00+09:00,1336.0,1336.0,1336.0,1336.0,338,0.0,0.0
2024-07-16 14:10:00+09:00,1336.0,1336.0,1335.0,1336.0,324,0.0,0.0
2024-07-16 14:15:00+09:00,1336.0,1336.0,1335.0,1336.0,940,0.0,0.0
2024-07-16 14:20:00+09:00,1336.0,1336.0,1336.0,1336.0,368,0.0,0.0
2024-07-16 14:25:00+09:00,1336.0,1336.0,1336.0,1336.0,337,0.0,0.0
2024-07-16 14:30:00+09:00,1336.0,1336.0,1333.0,1336.0,4545,0.0,0.0
2024-07-16 14:35:00+09:00,1336.0,1336.0,1331.0,1331.0,5097,0.0,0.0
2024-07-16 14:40:00+09:00,1333.0,1333.0,1331.0,1333.0,502,0.0,0.0
2024-07-16 14:45:00+09:00,1332.0,1332.0,1331.0,1332.0,10341,0.0,0.0
2024-07-16 14:50:00+09:00,1333.0,1334.0,1332.0,1334.0,412,0.0,0.0
2024-07-16 14:55:00+09:00,1335.0,1335.0,1332.0,1333.0,571,0.0,0.0
2024-07-17 09:00:00+09:00,1338.0,1338.0,1335.0,1338.0,6754,0.0,0.0
2024-07-17 09:05:00+09:00,1338.0,1338.0,1338.0,1338.0,4,0.0,0.0
2024-07-17 09:10:00+09:00,1336.0,1338.0,1335.0,1337.0,3092,0.0,0.0
2024-07-17 09:15:00+09:00,1337.0,1337.0,1335.0,1335.0,281,0.0,0.0
2024-07-17 09:20:00+09:00,1337.0,1337.0,1336.0,1336.0,45,0.0,0.0
2024-07-17 09:25:00+09:00,1336.0,1336.0,1333.0,1334.0,885,0.0,0.0
2024-07-17 09:30:00+09:00,1334.0,1334.0,1333.0,1334.0,110,0.0,0.0
2024-07-17 09:35:00+09:00,1332.0,1332.0,1330.0,1332.0,2777,0.0,0.0
2024-07-17 09:40:00+09:00,1332.0,1333.0,1330.0,1333.0,8977,0.0,0.0
2024-07-17 09:45:00+09:00,1331.0,1331.0,1330.0,1330.0,1710,0.0,0.0
2024-07-17 09:50:00+09:00,1333.0,1333.0,1333.0,1333.0,1507,0.0,0.0
2024-07-17 09:55:00+09:00,1334.0,1335.0,1334.0,1335.0,780,0.0,0.0
2024-07-17 10:00:00+09:00,1335.0,1335.0,1335.0,1335.0,24,0.0,0.0
2024-07-17 10:10:00+09:00,1335.0,1336.0,1334.0,1335.0,16566,0.0,0.0
2024-07-17 10:15:00+09:00,1335.0,1337.0,1335.0,1337.0,3898,0.0,0.0
2024-07-17 10:20:00+09:00,1337.0,1340.0,1337.0,1340.0,11621,0.0,0.0
2024-07-17 10:25:00+09:00,1341.0,1345.0,1339.0,1342.0,34579,0.0,0.0
2024-07-17 10:30:00+09:00,1340.0,1342.0,1340.0,1341.0,11666,0.0,0.0
2024-07-17 10:35:00+09:00,1341.0,1342.0,1340.0,1342.0,16415,0.0,0.0
2024-07-17 10:40:00+09:00,1341.0,1342.0,1341.0,1342.0,11186,0.0,0.0
2024-07-17 10:45:00+09:00,1341.0,1351.0,1341.0,1347.0,120230,0.0,0.0
2024-07-17 10:50:00+09:00,1346.0,1349.0,1345.0,1348.0,10771,0.0,0.0
2024-07-17 10:55:00+09:00,1348.0,1348.0,1345.0,1347.0,9464,0.0,0.0
2024-07-17 11:00:00+09:00,1347.0,1348.0,1346.0,1347.0,12468,0.0,0.0
2024-07-17 11:05:00+09:00,1347.0,1347.0,1345.0,1345.0,6203,0.0,0.0
2024-07-17 11:10:00+09:00,1345.0,1347.0,1345.0,1345.0,7945,0.0,0.0
2024-07-17 11:15:00+09:00,1346.0,1346.0,1346.0,1346.0,0,0.0,0.0
2024-07-17 11:20:00+09:00,1346.0,1346.0,1346.0,1346.0,204,0.0,0.0
2024-07-17 11:25:00+09:00,1346.0,1346.0,1346.0,1346.0,2169,0.0,0.0
2024-07-17 11:30:00+09:00,1347.0,1347.0,1345.0,1346.0,11906,0.0,0.0
2024-07-17 11:35:00+09:00,1346.0,1346.0,1345.0,1345.0,5080,0.0,0.0
2024-07-17 11:40:00+09:00,1345.0,1347.0,1345.0,1347.0,0,0.0,0.0
2024-07-17 11:45:00+09:00,1347.0,1347.0,1347.0,1347.0,269,0.0,0.0
2024-07-17 11:50:00+09:00,1346.0,1347.0,1346.0,1347.0,326,0.0,0.0
2024-07-17 11:55:00+09:00,1347.0,1347.0,1346.0,1346.0,1003,0.0,0.0
2024-07-17 12:00:00+09:00,1347.0,1347.0,1347.0,1347.0,419,0.0,0.0
2024-07-17 12:05:00+09:00,1347.0,1347.0,1346.0,1347.0,940,0.0,0.0
2024-07-17 12:10:00+09:00,1346.0,1347.0,1346.0,1346.0,137,0.0,0.0
2024-07-17 12:15:00+09:00,1346.0,1347.0,1346.0,1347.0,1395,0.0,0.0
2024-07-17 12:20:00+09:00,1346.0,1347.0,1345.0,1345.0,161,0.0,0.0
2024-07-17 12:25:00+09:00,1345.0,1345.0,1344.0,1345.0,2835,0.0,0.0
2024-07-17 12:30:00+09:00,1345.0,1346.0,1345.0,1345.0,533,0.0,0.0
2024-07-17 12:35:00+09:00,1346.0,1347.0,1346.0,1347.0,3582,0.0,0.0
2024-07-17 12:40:00+09:00,1347.0,1349.0,1347.0,1348.0,29124,0.0,0.0
2024-07-17 12:45:00+09:00,1349.0,1351.0,1349.0,1351.0,9861,0.0,0.0
2024-07-17 12:50:00+09:00,1351.0,1355.0,1351.0,1352.0,5182,0.0,0.0
2024-07-17 12:55:00+09:00,1353.0,1364.0,1353.0,1359.0,32000,0.0,0.0
2024-07-17 13:00:00+09:00,1360.0,1361.0,1358.0,1358.0,8053,0.0,0.0
2024-07-17 13:05:00+09:00,1358.0,1359.0,1357.0,1357.0,671,0.0,0.0
2024-07-17 13:10:00+09:00,1359.0,1359.0,1357.0,1358.0,3178,0.0,0.0
2024-07-17 13:15:00+09:00,1356.0,1358.0,1356.0,1357.0,254,0.0,0.0
2024-07-17 13:20:00+09:00,1356.0,1357.0,1356.0,1357.0,9910,0.0,0.0
2024-07-17 13:25:00+09:00,1357.0,1357.0,1356.0,1356.0,0,0.0,0.0
2024-07-17 13:30:00+09:00,1356.0,1356.0,1352.0,1352.0,2061,0.0,0.0
2024-07-17 13:35:00+09:00,1354.0,1355.0,1354.0,1354.0,677,0.0,0.0
2024-07-17 13:40:00+09:00,1354.0,1354.0,1351.0,1351.0,3601,0.0,0.0
2024-07-17 13:45:00+09:00,1352.0,1354.0,1352.0,1354.0,91,0.0,0.0
2024-07-17 13:50:00+09:00,1354.0,1354.0,1354.0,1354.0,1101,0.0,0.0
2024-07-17 13:55:00+09:00,1355.0,1357.0,1355.0,1357.0,1290,0.0,0.0
2024-07-17 14:00:00+09:00,1356.0,1356.0,1356.0,1356.0,157,0.0,0.0
2024-07-17 14:05:00+09:00,1356.0,1356.0,1352.0,1352.0,4234,0.0,0.0
2024-07-17 14:10:00+09:00,1352.0,1352.0,1350.0,1350.0,1603,0.0,0.0
2024-07-17 14:15:00+09:00,1350.0,1350.0,1350.0,1350.0,219,0.0,0.0
2024-07-17 14:20:00+09:00,1350.0,1351.0,1349.0,1350.0,1603,0.0,0.0
2024-07-17 14:25:00+09:00,1351.0,1351.0,1350.0,1350.0,1197,0.0,0.0
2024-07-17 14:30:00+09:00,1351.0,1351.0,1349.0,1349.0,25,0.0,0.0
2024-07-17 14:35:00+09:00,1351.0,1351.0,1350.0,1350.0,205,0.0,0.0
2024-07-17 14:40:00+09:00,1351.0,1351.0,1348.0,1350.0,1556,0.0,0.0
2024-07-17 14:45:00+09:00,1350.0,1351.0,1350.0,1351.0,2354,0.0,0.0
2024-07-17 14:50:00+09:00,1350.0,1351.0,1350.0,1350.0,660,0.0,0.0
2024-07-17 14:55:00+09:00,1350.0,1351.0,1350.0,1350.0,3233,0.0,0.0
2024-07-18 09:00:00+09:00,1358.0,1358.0,1349.0,1354.0,6923,0.0,0.0
2024-07-18 09:05:00+09:00,1346.0,1346.0,1340.0,1343.0,23102,0.0,0.0
2024-07-18 09:10:00+09:00,1345.0,1346.0,1343.0,1345.0,1881,0.0,0.0
2024-07-18 09:15:00+09:00,1345.0,1346.0,1344.0,1344.0,193,0.0,0.0
2024-07-18 09:20:00+09:00,1344.0,1344.0,1343.0,1343.0,1257,0.0,0.0
2024-07-18 09:25:00+09:00,1343.0,1346.0,1343.0,1343.0,542,0.0,0.0
2024-07-18 09:30:00+09:00,1343.0,1345.0,1343.0,1344.0,2104,0.0,0.0
2024-07-18 09:35:00+09:00,1345.0,1346.0,1345.0,1346.0,684,0.0,0.0
2024-07-18 09:40:00+09:00,1347.0,1350.0,1345.0,1350.0,503,0.0,0.0
2024-07-18 09:45:00+09:00,1350.0,1350.0,1347.0,1347.0,7,0.0,0.0
2024-07-18 09:50:00+09:00,1348.0,1349.0,1344.0,1348.0,2865,0.0,0.0
2024-07-18 09:55:00+09:00,1348.0,1348.0,1341.0,1344.0,11741,0.0,0.0
2024-07-18 10:00:00+09:00,1342.0,1343.0,1340.0,1343.0,13129,0.0,0.0
2024-07-18 10:05:00+09:00,1342.0,1343.0,1341.0,1342.0,1169,0.0,0.0
2024-07-18 10:10:00+09:00,1341.0,1341.0,1341.0,1341.0,14,0.0,0.0
2024-07-18 10:15:00+09:00,1344.0,1344.0,1344.0,1344.0,0,0.0,0.0
2024-07-18 10:20:00+09:00,1343.0,1343.0,1343.0,1343.0,1,0.0,0.0
2024-07-18 10:25:00+09:00,1344.0,1344.0,1344.0,1344.0,300,0.0,0.0
2024-07-18 10:30:00+09:00,1344.0,1344.0,1342.0,1343.0,4148,0.0,0.0
2024-07-18 10:35:00+09:00,1342.0,1343.0,1341.0,1343.0,1560,0.0,0.0
2024-07-18 10:40:00+09:00,1343.0,1343.0,1342.0,1342.0,29,0.0,0.0
2024-07-18 10:45:00+09:00,1343.0,1343.0,1341.0,1341.0,264,0.0,0.0
2024-07-18 10:50:00+09:00,1341.0,1343.0,1341.0,1343.0,450,0.0,0.0
2024-07-18 10:55:00+09:00,1341.0,1341.0,1336.0,1338.0,33742,0.0,0.0
2024-07-18 11:00:00+09:00,1338.0,1339.0,1338.0,1339.0,469,0.0,0.0
2024-07-18 11:05:00+09:00,1339.0,1339.0,1339.0,1339.0,1407,0.0,0.0
2024-07-18 11:10:00+09:00,1339.0,1339.0,1339.0,1339.0,390,0.0,0.0
2024-07-18 11:15:00+09:00,1339.0,1339.0,1338.0,1338.0,11,0.0,0.0
2024-07-18 11:20:00+09:00,1338.0,1338.0,1338.0,1338.0,480,0.0,0.0
2024-07-18 11:25:00+09:00,1338.0,1338.0,1338.0,1338.0,325,0.0,0.0
2024-07-18 11:30:00+09:00,1338.0,1338.0,1338.0,1338.0,636,0.0,0.0
2024-07-18 11:35:00+09:00,1338.0,1338.0,1337.0,1337.0,1543,0.0,0.0
2024-07-18 11:40:00+09:00,1337.0,1338.0,1337.0,1338.0,3741,0.0,0.0
2024-07-18 11:45:00+09:00,1338.0,1338.0,1338.0,1338.0,0,0.0,0.0
2024-07-18 11:50:00+09:00,1338.0,1339.0,1338.0,1339.0,901,0.0,0.0
2024-07-18 11:55:00+09:00,1338.0,1339.0,1337.0,1339.0,4446,0.0,0.0
2024-07-18 12:05:00+09:00,1339.0,1339.0,1339.0,1339.0,14,0.0,0.0
2024-07-18 12:10:00+09:00,1339.0,1339.0,1338.0,1338.0,739,0.0,0.0
2024-07-18 12:15:00+09:00,1339.0,1339.0,1338.0,1339.0,347,0.0,0.0
2024-07-18 12:25:00+09:00,1339.0,1339.0,1338.0,1339.0,306,0.0,0.0
2024-07-18 12:30:00+09:00,1338.0,1339.0,1338.0,1339.0,181,0.0,0.0
2024-07-18 12:35:00+09:00,1339.0,1339.0,1338.0,1338.0,359,0.0,0.0
2024-07-18 12:40:00+09:00,1339.0,1339.0,1339.0,1339.0,24,0.0,0.0
2024-07-18 12:45:00+09:00,1339.0,1339.0,1338.0,1339.0,76,0.0,0.0
2024-07-18 12:50:00+09:00,1338.0,1338.0,1338.0,1338.0,4,0.0,0.0
2024-07-18 12:55:00+09:00,1338.0,1339.0,1338.0,1338.0,1141,0.0,0.0
2024-07-18 13:00:00+09:00,1338.0,1339.0,1338.0,1338.0,166,0.0,0.0
2024-07-18 13:05:00+09:00,1338.0,1338.0,1338.0,1338.0,0,0.0,0.0
2024-07-18 13:10:00+09:00,1338.0,1339.0,1338.0,1338.0,266,0.0,0.0
2024-07-18 13:15:00+09:00,1338.0,1340.0,1338.0,1340.0,2019,0.0,0.0
2024-07-18 13:25:00+09:00,1340.0,1340.0,1339.0,1339.0,61,0.0,0.0
2024-07-18 13:30:00+09:00,1339.0,1340.0,1339.0,1340.0,14,0.0,0.0
2024-07-18 13:35:00+09:00,1339.0,1339.0,1336.0,1336.0,20120,0.0,0.0
2024-07-18 13:40:00+09:00,1337.0,1338.0,1337.0,1338.0,0,0.0,0.0
2024-07-18 13:45:00+09:00,1338.0,1338.0,1336.0,1336.0,2677,0.0,0.0
2024-07-18 13:50:00+09:00,1336.0,1336.0,1336.0,1336.0,29,0.0,0.0
2024-07-18 13:55:00+09:00,1336.0,1336.0,1336.0,1336.0,221,0.0,0.0
2024-07-18 14:00:00+09:00,1336.0,1336.0,1335.0,1336.0,2460,0.0,0.0
2024-07-18 14:05:00+09:00,1336.0,1336.0,1335.0,1335.0,255,0.0,0.0
2024-07-18 14:10:00+09:00,1335.0,1335.0,1335.0,1335.0,372,0.0,0.0
2024-07-18 14:15:00+09:00,1335.0,1336.0,1335.0,1336.0,7289,0.0,0.0
2024-07-18 14:20:00+09:00,1337.0,1337.0,1337.0,1337.0,0,0.0,0.0
2024-07-18 14:25:00+09:00,1337.0,1337.0,1336.0,1337.0,35,0.0,0.0
2024-07-18 14:30:00+09:00,1337.0,1337.0,1337.0,1337.0,868,0.0,0.0
2024-07-18 14:35:00+09:00,1337.0,1337.0,1337.0,1337.0,0,0.0,0.0
2024-07-18 14:40:00+09:00,1337.0,1337.0,1337.0,1337.0,1173,0.0,0.0
2024-07-18 14:45:00+09:00,1337.0,1337.0,1337.0,1337.0,531,0.0,0.0
2024-07-18 14:50:00+09:00,1337.0,1338.0,1336.0,1338.0,848,0.0,0.0
2024-07-18 14:55:00+09:00,1336.0,1338.0,1336.0,1337.0,1601,0.0,0.0
2024-07-19 09:00:00+09:00,1342.0,1342.0,1337.0,1337.0,2064,0.0,0.0
2024-07-19 09:05:00+09:00,1336.0,1336.0,1330.0,1330.0,8735,0.0,0.0
2024-07-19 09:10:00+09:00,1332.0,1335.0,1332.0,1335.0,3348,0.0,0.0
2024-07-19 09:15:00+09:00,1335.0,1335.0,1332.0,1332.0,1064,0.0,0.0
2024-07-19 09:20:00+09:00,1333.0,1333.0,1332.0,1332.0,3181,0.0,0.0
2024-07-19 09:25:00+09:00,1332.0,1332.0,1332.0,1332.0,496,0.0,0.0
2024-07-19 09:30:00+09:00,1335.0,1335.0,1335.0,1335.0,153,0.0,0.0
2024-07-19 09:35:00+09:00,1332.0,1332.0,1332.0,1332.0,1291,0.0,0.0
2024-07-19 09:40:00+09:00,1335.0,1335.0,1333.0,1333.0,0,0.0,0.0
2024-07-19 09:45:00+09:00,1335.0,1335.0,1335.0,1335.0,0,0.0,0.0
2024-07-19 09:50:00+09:00,1334.0,1334.0,1329.0,1329.0,10557,0.0,0.0
2024-07-19 09:55:00+09:00,1331.0,1331.0,1329.0,1331.0,638,0.0,0.0
2024-07-19 10:00:00+09:00,1330.0,1330.0,1328.0,1328.0,5948,0.0,0.0
2024-07-19 10:05:00+09:00,1329.0,1329.0,1326.0,1329.0,4764,0.0,0.0
2024-07-19 10:10:00+09:00,1326.0,1326.0,1326.0,1326.0,3754,0.0,0.0
2024-07-19 10:15:00+09:00,1329.0,1329.0,1329.0,1329.0,34,0.0,0.0
2024-07-19 10:20:00+09:00,1329.0,1329.0,1327.0,1327.0,1070,0.0,0.0
2024-07-19 10:25:00+09:00,1327.0,1328.0,1327.0,1328.0,0,0.0,0.0
2024-07-19 10:30:00+09:00,1327.0,1327.0,1327.0,1327.0,2,0.0,0.0
2024-07-19 10:35:00+09:00,1327.0,1327.0,1326.0,1327.0,5089,0.0,0.0
2024-07-19 10:40:00+09:00,1327.0,1327.0,1326.0,1326.0,0,0.0,0.0
2024-07-19 10:45:00+09:00,1326.0,1330.0,1326.0,1330.0,4161,0.0,0.0
2024-07-19 10:50:00+09:00,1330.0,1330.0,1330.0,1330.0,0,0.0,0.0
2024-07-19 10:55:00+09:00,1330.0,1333.0,1330.0,1333.0,0,0.0,0.0
2024-07-19 11:00:00+09:00,1332.0,1332.0,1332.0,1332.0,2084,0.0,0.0
2024-07-19 11:05:00+09:00,1333.0,1336.0,1333.0,1336.0,0,0.0,0.0
2024-07-19 11:10:00+09:00,1333.0,1333.0,1333.0,1333.0,866,0.0,0.0
2024-07-19 11:15:00+09:00,1335.0,1338.0,1335.0,1338.0,1380,0.0,0.0
2024-07-19 11:20:00+09:00,1337.0,1337.0,1336.0,1336.0,191,0.0,0.0
2024-07-19 11:25:00+09:00,1336.0,1337.0,1335.0,1337.0,157,0.0,0.0
2024-07-19 11:30:00+09:00,1337.0,1337.0,1337.0,1337.0,126,0.0,0.0
2024-07-19 11:35:00+09:00,1336.0,1337.0,1336.0,1337.0,0,0.0,0.0
2024-07-19 11:45:00+09:00,1336.0,1336.0,1336.0,1336.0,255,0.0,0.0
2024-07-19 11:55:00+09:00,1335.0,1335.0,1335.0,1335.0,1902,0.0,0.0
2024-07-19 12:00:00+09:00,1336.0,1336.0,1335.0,1335.0,0,0.0,0.0
2024-07-19 12:05:00+09:00,1335.0,1335.0,1335.0,1335.0,2,0.0,0.0
2024-07-19 12:10:00+09:00,1335.0,1335.0,1335.0,1335.0,1,0.0,0.0
2024-07-19 12:15:00+09:00,1335.0,1335.0,1335.0,1335.0,396,0.0,0.0
2024-07-19 12:20:00+09:00,1335.0,1336.0,1335.0,1335.0,0,0.0,0.0
2024-07-19 12:25:00+09:00,1335.0,1336.0,1335.0,1335.0,215,0.0,0.0
2024-07-19 12:30:00+09:00,1335.0,1335.0,1335.0,1335.0,4,0.0,0.0
2024-07-19 12:35:00+09:00,1335.0,1335.0,1335.0,1335.0,5,0.0,0.0
2024-07-19 12:40:00+09:00,1336.0,1337.0,1335.0,1335.0,305,0.0,0.0
2024-07-19 12:45:00+09:00,1335.0,1336.0,1335.0,1335.0,808,0.0,0.0
2024-07-19 12:50:00+09:00,1335.0,1335.0,1335.0,1335.0,4,0.0,0.0
2024-07-19 12:55:00+09:00,1335.0,1337.0,1335.0,1335.0,28,0.0,0.0
2024-07-19 13:00:00+09:00,1336.0,1336.0,1336.0,1336.0,39,0.0,0.0
2024-07-19 13:05:00+09:00,1336.0,1336.0,1335.0,1335.0,266,0.0,0.0
2024-07-19 13:10:00+09:00,1335.0,1336.0,1335.0,1336.0,1637,0.0,0.0
2024-07-19 13:15:00+09:00,1336.0,1337.0,1335.0,1336.0,2757,0.0,0.0
2024-07-19 13:20:00+09:00,1336.0,1337.0,1336.0,1337.0,75,0.0,0.0
2024-07-19 13:25:00+09:00,1335.0,1337.0,1335.0,1336.0,2002,0.0,0.0
2024-07-19 13:30:00+09:00,1335.0,1335.0,1333.0,1335.0,6041,0.0,0.0
2024-07-19 13:35:00+09:00,1332.0,1332.0,1331.0,1331.0,2013,0.0,0.0
2024-07-19 13:40:00+09:00,1334.0,1335.0,1332.0,1334.0,0,0.0,0.0
2024-07-19 13:45:00+09:00,1334.0,1336.0,1334.0,1336.0,4670,0.0,0.0
2024-07-19 13:50:00+09:00,1336.0,1337.0,1336.0,1336.0,20,0.0,0.0
2024-07-19 13:55:00+09:00,1335.0,1337.0,1335.0,1337.0,2215,0.0,0.0
2024-07-19 14:00:00+09:00,1337.0,1340.0,1337.0,1340.0,1003,0.0,0.0
2024-07-19 14:10:00+09:00,1338.0,1339.0,1337.0,1339.0,104,0.0,0.0
2024-07-19 14:15:00+09:00,1339.0,1339.0,1338.0,1338.0,40,0.0,0.0
2024-07-19 14:20:00+09:00,1337.0,1337.0,1337.0,1337.0,928,0.0,0.0
2024-07-19 14:25:00+09:00,1336.0,1336.0,1336.0,1336.0,0,0.0,0.0
2024-07-19 14:30:00+09:00,1337.0,1337.0,1337.0,1337.0,16,0.0,0.0
2024-07-19 14:35:00+09:00,1337.0,1337.0,1337.0,1337.0,160,0.0,0.0
2024-07-19 14:45:00+09:00,1336.0,1337.0,1336.0,1337.0,0,0.0,0.0
2024-07-19 14:50:00+09:00,1336.0,1336.0,1336.0,1336.0,2088,0.0,0.0
2024-07-19 14:55:00+09:00,1336.0,1336.0,1335.0,1336.0,0,0.0,0.0
