Datetime,Open,High,Low,Close,Volume,Dividends,Stock Splits
2024-06-21 09:00:00+09:00,3870.0,3870.0,3870.0,3870.0,0,0.0,0.0
2024-06-21 09:05:00+09:00,3855.0,3870.0,3855.0,3870.0,59,0.0,0.0
2024-06-21 09:10:00+09:00,3870.0,3870.0,3870.0,3870.0,0,0.0,0.0
2024-06-21 09:15:00+09:00,3870.0,3870.0,3860.0,3860.0,298,0.0,0.0
2024-06-21 09:20:00+09:00,3860.0,3860.0,3830.0,3855.0,2193,0.0,0.0
2024-06-21 09:25:00+09:00,3855.0,3860.0,3835.0,3835.0,1748,0.0,0.0
2024-06-21 09:30:00+09:00,3845.0,3870.0,3835.0,3870.0,0,0.0,0.0
2024-06-21 09:35:00+09:00,3860.0,3870.0,3800.0,3865.0,3225,0.0,0.0
2024-06-21 09:40:00+09:00,3825.0,3860.0,3825.0,3855.0,5,0.0,0.0
2024-06-21 09:45:00+09:00,3860.0,3860.0,3855.0,3855.0,45,0.0,0.0
2024-06-21 09:50:00+09:00,3825.0,3860.0,3825.0,3855.0,47,0.0,0.0
2024-06-21 09:55:00+09:00,3860.0,3860.0,3850.0,3850.0,24,0.0,0.0
2024-06-21 10:00:00+09:00,3850.0,3860.0,3750.0,3850.0,12659,0.0,0.0
2024-06-21 10:05:00+09:00,3840.0,3840.0,3820.0,3820.0,81,0.0,0.0
2024-06-21 10:10:00+09:00,3830.0,3830.0,3815.0,3825.0,236,0.0,0.0
2024-06-21 10:15:00+09:00,3825.0,3830.0,3825.0,3830.0,25,0.0,0.0
2024-06-21 10:20:00+09:00,3830.0,3830.0,3825.0,3825.0,1,0.0,0.0
2024-06-21 10:25:00+09:00,3825.0,3830.0,3825.0,3830.0,120,0.0,0.0
2024-06-21 10:35:00+09:00,3830.0,3860.0,3830.0,3860.0,999,0.0,0.0
2024-06-21 10:40:00+09:00,3845.0,3845.0,3845.0,3845.0,2,0.0,0.0
2024-06-21 10:45:00+09:00,3845.0,3850.0,3845.0,3850.0,12,0.0,0.0
2024-06-21 10:50:00+09:00,3850.0,3850.0,3845.0,3845.0,4,0.0,0.0
2024-06-21 10:55:00+09:00,3845.0,3845.0,3815.0,3845.0,481,0.0,0.0
2024-06-21 11:00:00+09:00,3835.0,3840.0,3835.0,3835.0,110,0.0,0.0
2024-06-21 11:05:00+09:00,3840.0,3840.0,3840.0,3840.0,1,0.0,0.0
2024-06-21 11:10:00+09:00,3840.0,3840.0,3840.0,3840.0,14,0.0,0.0
2024-06-21 11:20:00+09:00,3840.0,3840.0,3840.0,3840.0,1,0.0,0.0
2024-06-21 11:25:00+09:00,3840.0,3840.0,3840.0,3840.0,61,0.0,0.0
2024-06-21 11:30:00+09:00,3840.0,3840.0,3835.0,3840.0,87,0.0,0.0
2024-06-21 11:40:00+09:00,3830.0,3830.0,3830.0,3830.0,9,0.0,0.0
2024-06-21 11:45:00+09:00,3835.0,3835.0,3830.0,3830.0,50,0.0,0.0
2024-06-21 11:50:00+09:00,3825.0,3830.0,3815.0,3825.0,726,0.0,0.0
2024-06-21 11:55:00+09:00,3810.0,3810.0,3810.0,3810.0,0,0.0,0.0
2024-06-21 12:00:00+09:00,3830.0,3830.0,3830.0,3830.0,98,0.0,0.0
2024-06-21 12:05:00+09:00,3830.0,3830.0,3820.0,3830.0,0,0.0,0.0
2024-06-21 12:15:00+09:00,3825.0,3830.0,3825.0,3830.0,10,0.0,0.0
2024-06-21 12:20:00+09:00,3830.0,3830.0,3830.0,3830.0,19,0.0,0.0
2024-06-21 12:25:00+09:00,3830.0,3830.0,3830.0,3830.0,0,0.0,0.0
2024-06-21 12:35:00+09:00,3830.0,3830.0,3830.0,3830.0,29,0.0,0.0
2024-06-21 12:40:00+09:00,3830.0,3830.0,3825.0,3825.0,45,0.0,0.0
2024-06-21 12:45:00+09:00,3830.0,3830.0,3830.0,3830.0,0,0.0,0.0
2024-06-21 12:50:00+09:00,3830.0,3830.0,3800.0,3830.0,2602,0.0,0.0
2024-06-21 12:55:00+09:00,3830.0,3830.0,3825.0,3825.0,57,0.0,0.0
2024-06-21 13:00:00+09:00,3825.0,3825.0,3800.0,3800.0,265,0.0,0.0
2024-06-21 13:05:00+09:00,3795.0,3835.0,3790.0,3835.0,3245,0.0,0.0
2024-06-21 13:10:00+09:00,3830.0,3835.0,3830.0,3835.0,290,0.0,0.0
2024-06-21 13:15:00+09:00,3830.0,3830.0,3830.0,3830.0,2,0.0,0.0
2024-06-21 13:20:00+09:00,3830.0,3830.0,3800.0,3820.0,75,0.0,0.0
2024-06-21 13:25:00+09:00,3815.0,3820.0,3815.0,3820.0,51,0.0,0.0
2024-06-21 13:30:00+09:00,3810.0,3820.0,3810.0,3820.0,0,0.0,0.0
2024-06-21 13:35:00+09:00,3820.0,3820.0,3820.0,3820.0,54,0.0,0.0
2024-06-21 13:40:00+09:00,3820.0,3820.0,3795.0,3795.0,1038,0.0,0.0
2024-06-21 13:45:00+09:00,3800.0,3820.0,3790.0,3820.0,1114,0.0,0.0
2024-06-21 13:50:00+09:00,3810.0,3815.0,3805.0,3805.0,1420,0.0,0.0
2024-06-21 13:55:00+09:00,3805.0,3815.0,3805.0,3815.0,0,0.0,0.0
2024-06-21 14:00:00+09:00,3815.0,3815.0,3780.0,3815.0,2711,0.0,0.0
2024-06-21 14:05:00+09:00,3810.0,3810.0,3810.0,3810.0,197,0.0,0.0
2024-06-21 14:10:00+09:00,3810.0,3810.0,3810.0,3810.0,0,0.0,0.0
2024-06-21 14:15:00+09:00,3810.0,3810.0,3810.0,3810.0,60,0.0,0.0
2024-06-21 14:20:00+09:00,3810.0,3810.0,3810.0,3810.0,0,0.0,0.0
2024-06-21 14:25:00+09:00,3810.0,3810.0,3810.0,3810.0,94,0.0,0.0
2024-06-21 14:30:00+09:00,3810.0,3810.0,3810.0,3810.0,17,0.0,0.0
2024-06-21 14:35:00+09:00,3810.0,3810.0,3810.0,3810.0,47,0.0,0.0
2024-06-21 14:40:00+09:00,3810.0,3810.0,3805.0,3805.0,64,0.0,0.0
2024-06-21 14:45:00+09:00,3800.0,3810.0,3795.0,3810.0,279,0.0,0.0
2024-06-21 14:50:00+09:00,3805.0,3805.0,3805.0,3805.0,26,0.0,0.0
2024-06-21 14:55:00+09:00,3805.0,3805.0,3805.0,3805.0,86,0.0,0.0
2024-06-24 09:00:00+09:00,3800.0,3810.0,3800.0,3810.0,0,0.0,0.0
2024-06-24 09:05:00+09:00,3810.0,3820.0,3810.0,3810.0,601,0.0,0.0
2024-06-24 09:10:00+09:00,3820.0,3820.0,3795.0,3800.0,1004,0.0,0.0
2024-06-24 09:15:00+09:00,3800.0,3800.0,3770.0,3775.0,3073,0.0,0.0
2024-06-24 09:20:00+09:00,3790.0,3790.0,3790.0,3790.0,2,0.0,0.0
2024-06-24 09:25:00+09:00,3775.0,3790.0,3775.0,3790.0,768,0.0,0.0
2024-06-24 09:30:00+09:00,3790.0,3820.0,3790.0,3815.0,37,0.0,0.0
2024-06-24 09:35:00+09:00,3815.0,3815.0,3785.0,3785.0,0,0.0,0.0
2024-06-24 09:40:00+09:00,3810.0,3815.0,3785.0,3815.0,24,0.0,0.0
2024-06-24 09:45:00+09:00,3815.0,3815.0,3785.0,3815.0,251,0.0,0.0
2024-06-24 09:50:00+09:00,3815.0,3815.0,3815.0,3815.0,70,0.0,0.0
2024-06-24 09:55:00+09:00,3815.0,3820.0,3800.0,3820.0,1305,0.0,0.0
2024-06-24 10:00:00+09:00,3820.0,3820.0,3750.0,3810.0,5127,0.0,0.0
2024-06-24 10:05:00+09:00,3805.0,3840.0,3805.0,3810.0,1005,0.0,0.0
2024-06-24 10:10:00+09:00,3815.0,3835.0,3800.0,3830.0,102,0.0,0.0
2024-06-24 10:15:00+09:00,3825.0,3825.0,3820.0,3820.0,2,0.0,0.0
2024-06-24 10:20:00+09:00,3825.0,3825.0,3820.0,3825.0,15,0.0,0.0
2024-06-24 10:25:00+09:00,3825.0,3825.0,3800.0,3800.0,300,0.0,0.0
2024-06-24 10:30:00+09:00,3820.0,3820.0,3820.0,3820.0,87,0.0,0.0
2024-06-24 10:35:00+09:00,3820.0,3820.0,3800.0,3800.0,271,0.0,0.0
2024-06-24 10:40:00+09:00,3805.0,3820.0,3805.0,3820.0,0,0.0,0.0
2024-06-24 10:45:00+09:00,3805.0,3805.0,3805.0,3805.0,990,0.0,0.0
2024-06-24 10:55:00+09:00,3800.0,3800.0,3795.0,3795.0,0,0.0,0.0
2024-06-24 11:00:00+09:00,3795.0,3795.0,3795.0,3795.0,39,0.0,0.0
2024-06-24 11:05:00+09:00,3800.0,3800.0,3775.0,3800.0,104,0.0,0.0
2024-06-24 11:10:00+09:00,3790.0,3800.0,3775.0,3775.0,663,0.0,0.0
2024-06-24 11:15:00+09:00,3775.0,3775.0,3765.0,3765.0,1587,0.0,0.0
2024-06-24 11:20:00+09:00,3765.0,3785.0,3760.0,3775.0,1365,0.0,0.0
2024-06-24 11:25:00+09:00,3775.0,3775.0,3775.0,3775.0,398,0.0,0.0
2024-06-24 11:30:00+09:00,3760.0,3760.0,3750.0,3750.0,2188,0.0,0.0
2024-06-24 11:35:00+09:00,3750.0,3790.0,3750.0,3775.0,118,0.0,0.0
2024-06-24 11:45:00+09:00,3780.0,3790.0,3780.0,3790.0,0,0.0,0.0
2024-06-24 11:50:00+09:00,3780.0,3790.0,3780.0,3790.0,422,0.0,0.0
2024-06-24 11:55:00+09:00,3775.0,3775.0,3750.0,3750.0,1515,0.0,0.0
2024-06-24 12:00:00+09:00,3750.0,3785.0,3735.0,3760.0,1318,0.0,0.0
2024-06-24 12:05:00+09:00,3785.0,3785.0,3785.0,3785.0,53,0.0,0.0
2024-06-24 12:10:00+09:00,3785.0,3785.0,3785.0,3785.0,40,0.0,0.0
2024-06-24 12:15:00+09:00,3785.0,3785.0,3785.0,3785.0,8,0.0,0.0
2024-06-24 12:20:00+09:00,3785.0,3785.0,3785.0,3785.0,68,0.0,0.0
2024-06-24 12:25:00+09:00,3765.0,3785.0,3765.0,3785.0,0,0.0,0.0
2024-06-24 12:30:00+09:00,3785.0,3785.0,3785.0,3785.0,3,0.0,0.0
2024-06-24 12:35:00+09:00,3785.0,3785.0,3785.0,3785.0,529,0.0,0.0
2024-06-24 12:40:00+09:00,3785.0,3785.0,3765.0,3765.0,787,0.0,0.0
2024-06-24 12:45:00+09:00,3770.0,3785.0,3760.0,3760.0,2152,0.0,0.0
2024-06-24 12:50:00+09:00,3760.0,3780.0,3760.0,3780.0,0,0.0,0.0
2024-06-24 12:55:00+09:00,3770.0,3770.0,3755.0,3755.0,216,0.0,0.0
2024-06-24 13:00:00+09:00,3755.0,3765.0,3745.0,3745.0,3114,0.0,0.0
2024-06-24 13:05:00+09:00,3765.0,3765.0,3750.0,3765.0,0,0.0,0.0
2024-06-24 13:10:00+09:00,3765.0,3765.0,3765.0,3765.0,235,0.0,0.0
2024-06-24 13:15:00+09:00,3775.0,3775.0,3750.0,3750.0,930,0.0,0.0
2024-06-24 13:20:00+09:00,3750.0,3765.0,3745.0,3765.0,233,0.0,0.0
2024-06-24 13:25:00+09:00,3765.0,3765.0,3765.0,3765.0,36,0.0,0.0
2024-06-24 13:30:00+09:00,3755.0,3765.0,3755.0,3765.0,43,0.0,0.0
2024-06-24 13:35:00+09:00,3765.0,3765.0,3765.0,3765.0,35,0.0,0.0
2024-06-24 13:40:00+09:00,3765.0,3765.0,3765.0,3765.0,16,0.0,0.0
2024-06-24 13:45:00+09:00,3765.0,3765.0,3760.0,3760.0,570,0.0,0.0
2024-06-24 13:50:00+09:00,3755.0,3760.0,3745.0,3745.0,1345,0.0,0.0
2024-06-24 13:55:00+09:00,3760.0,3760.0,3745.0,3745.0,590,0.0,0.0
2024-06-24 14:00:00+09:00,3745.0,3750.0,3745.0,3750.0,0,0.0,0.0
2024-06-24 14:05:00+09:00,3760.0,3760.0,3745.0,3760.0,88,0.0,0.0
2024-06-24 14:10:00+09:00,3760.0,3760.0,3760.0,3760.0,740,0.0,0.0
2024-06-24 14:15:00+09:00,3760.0,3760.0,3760.0,3760.0,0,0.0,0.0
2024-06-24 14:20:00+09:00,3770.0,3775.0,3770.0,3775.0,183,0.0,0.0
2024-06-24 14:25:00+09:00,3775.0,3780.0,3775.0,3775.0,293,0.0,0.0
2024-06-24 14:30:00+09:00,3775.0,3775.0,3770.0,3775.0,372,0.0,0.0
2024-06-24 14:35:00+09:00,3775.0,3775.0,3765.0,3765.0,201,0.0,0.0
2024-06-24 14:40:00+09:00,3775.0,3780.0,3765.0,3780.0,431,0.0,0.0
2024-06-24 14:45:00+09:00,3780.0,3780.0,3780.0,3780.0,13,0.0,0.0
2024-06-24 14:50:00+09:00,3780.0,3780.0,3780.0,3780.0,60,0.0,0.0
2024-06-24 14:55:00+09:00,3780.0,3780.0,3760.0,3760.0,677,0.0,0.0
2024-06-25 09:00:00+09:00,3750.0,3795.0,3750.0,3780.0,1660,0.0,0.0
2024-06-25 09:05:00+09:00,3780.0,3780.0,3780.0,3780.0,83,0.0,0.0
2024-06-25 09:10:00+09:00,3780.0,3795.0,3780.0,3795.0,37,0.0,0.0
2024-06-25 09:15:00+09:00,3780.0,3795.0,3780.0,3795.0,2,0.0,0.0
2024-06-25 09:20:00+09:00,3795.0,3795.0,3795.0,3795.0,60,0.0,0.0
2024-06-25 09:25:00+09:00,3795.0,3795.0,3790.0,3790.0,16,0.0,0.0
2024-06-25 09:30:00+09:00,3790.0,3795.0,3790.0,3790.0,9,0.0,0.0
2024-06-25 09:35:00+09:00,3795.0,3795.0,3785.0,3795.0,63,0.0,0.0
2024-06-25 09:40:00+09:00,3795.0,3795.0,3795.0,3795.0,19,0.0,0.0
2024-06-25 09:45:00+09:00,3795.0,3795.0,3780.0,3780.0,577,0.0,0.0
2024-06-25 09:50:00+09:00,3785.0,3785.0,3780.0,3785.0,233,0.0,0.0
2024-06-25 09:55:00+09:00,3785.0,3785.0,3780.0,3785.0,246,0.0,0.0
2024-06-25 10:00:00+09:00,3785.0,3785.0,3785.0,3785.0,2,0.0,0.0
2024-06-25 10:05:00+09:00,3775.0,3775.0,3775.0,3775.0,7,0.0,0.0
2024-06-25 10:10:00+09:00,3780.0,3780.0,3780.0,3780.0,10,0.0,0.0
2024-06-25 10:15:00+09:00,3780.0,3785.0,3775.0,3780.0,2019,0.0,0.0
2024-06-25 10:20:00+09:00,3780.0,3785.0,3780.0,3785.0,0,0.0,0.0
2024-06-25 10:25:00+09:00,3780.0,3780.0,3775.0,3775.0,7,0.0,0.0
2024-06-25 10:30:00+09:00,3775.0,3775.0,3775.0,3775.0,203,0.0,0.0
2024-06-25 10:35:00+09:00,3770.0,3770.0,3770.0,3770.0,216,0.0,0.0
2024-06-25 10:40:00+09:00,3770.0,3770.0,3770.0,3770.0,0,0.0,0.0
2024-06-25 10:45:00+09:00,3770.0,3770.0,3770.0,3770.0,92,0.0,0.0
2024-06-25 10:50:00+09:00,3775.0,3780.0,3775.0,3780.0,3,0.0,0.0
2024-06-25 10:55:00+09:00,3770.0,3780.0,3770.0,3780.0,9,0.0,0.0
2024-06-25 11:15:00+09:00,3780.0,3780.0,3780.0,3780.0,61,0.0,0.0
2024-06-25 11:20:00+09:00,3780.0,3785.0,3780.0,3785.0,0,0.0,0.0
2024-06-25 11:25:00+09:00,3785.0,3785.0,3785.0,3785.0,12,0.0,0.0
2024-06-25 11:30:00+09:00,3785.0,3785.0,3785.0,3785.0,26,0.0,0.0
2024-06-25 11:35:00+09:00,3780.0,3785.0,3775.0,3785.0,5,0.0,0.0
2024-06-25 11:45:00+09:00,3785.0,3785.0,3785.0,3785.0,21,0.0,0.0
2024-06-25 11:50:00+09:00,3785.0,3785.0,3785.0,3785.0,24,0.0,0.0
2024-06-25 11:55:00+09:00,3780.0,3780.0,3780.0,3780.0,241,0.0,0.0
2024-06-25 12:00:00+09:00,3775.0,3775.0,3755.0,3775.0,1862,0.0,0.0
2024-06-25 12:10:00+09:00,3770.0,3770.0,3765.0,3765.0,69,0.0,0.0
2024-06-25 12:15:00+09:00,3765.0,3765.0,3765.0,3765.0,29,0.0,0.0
2024-06-25 12:20:00+09:00,3765.0,3765.0,3765.0,3765.0,11,0.0,0.0
2024-06-25 12:25:00+09:00,3765.0,3765.0,3765.0,3765.0,0,0.0,0.0
2024-06-25 12:30:00+09:00,3765.0,3765.0,3765.0,3765.0,606,0.0,0.0
2024-06-25 12:35:00+09:00,3765.0,3765.0,3765.0,3765.0,0,0.0,0.0
2024-06-25 12:40:00+09:00,3765.0,3765.0,3760.0,3765.0,832,0.0,0.0
2024-06-25 12:45:00+09:00,3765.0,3765.0,3765.0,3765.0,0,0.0,0.0
2024-06-25 12:50:00+09:00,3760.0,3765.0,3750.0,3750.0,3133,0.0,0.0
2024-06-25 12:55:00+09:00,3765.0,3765.0,3755.0,3765.0,0,0.0,0.0
2024-06-25 13:00:00+09:00,3765.0,3765.0,3755.0,3755.0,0,0.0,0.0
2024-06-25 13:05:00+09:00,3765.0,3765.0,3765.0,3765.0,2,0.0,0.0
2024-06-25 13:10:00+09:00,3765.0,3765.0,3765.0,3765.0,0,0.0,0.0
2024-06-25 13:15:00+09:00,3765.0,3765.0,3765.0,3765.0,1,0.0,0.0
2024-06-25 13:20:00+09:00,3765.0,3765.0,3760.0,3760.0,400,0.0,0.0
2024-06-25 13:25:00+09:00,3765.0,3765.0,3765.0,3765.0,0,0.0,0.0
2024-06-25 13:30:00+09:00,3765.0,3785.0,3765.0,3785.0,582,0.0,0.0
2024-06-25 13:35:00+09:00,3780.0,3780.0,3780.0,3780.0,34,0.0,0.0
2024-06-25 13:40:00+09:00,3785.0,3785.0,3780.0,3785.0,106,0.0,0.0
2024-06-25 13:50:00+09:00,3785.0,3785.0,3785.0,3785.0,6,0.0,0.0
2024-06-25 14:10:00+09:00,3785.0,3785.0,3785.0,3785.0,22,0.0,0.0
2024-06-25 14:15:00+09:00,3785.0,3785.0,3785.0,3785.0,83,0.0,0.0
2024-06-25 14:20:00+09:00,3785.0,3785.0,3785.0,3785.0,11,0.0,0.0
2024-06-25 14:25:00+09:00,3785.0,3785.0,3785.0,3785.0,4,0.0,0.0
2024-06-25 14:30:00+09:00,3785.0,3785.0,3785.0,3785.0,51,0.0,0.0
2024-06-25 14:35:00+09:00,3785.0,3795.0,3780.0,3795.0,359,0.0,0.0
2024-06-25 14:40:00+09:00,3795.0,3795.0,3795.0,3795.0,103,0.0,0.0
2024-06-25 14:45:00+09:00,3795.0,3795.0,3795.0,3795.0,76,0.0,0.0
2024-06-25 14:50:00+09:00,3790.0,3795.0,3785.0,3795.0,1004,0.0,0.0
2024-06-25 14:55:00+09:00,3795.0,3800.0,3790.0,3790.0,419,0.0,0.0
2024-06-26 09:00:00+09:00,3840.0,3840.0,3840.0,3840.0,113,0.0,0.0
2024-06-26 09:05:00+09:00,3840.0,3840.0,3840.0,3840.0,427,0.0,0.0
2024-06-26 09:10:00+09:00,3840.0,3840.0,3810.0,3830.0,88,0.0,0.0
2024-06-26 09:15:00+09:00,3830.0,3830.0,3830.0,3830.0,66,0.0,0.0
2024-06-26 09:20:00+09:00,3830.0,3830.0,3810.0,3830.0,1119,0.0,0.0
2024-06-26 09:25:00+09:00,3810.0,3810.0,3800.0,3800.0,1561,0.0,0.0
2024-06-26 09:30:00+09:00,3825.0,3825.0,3825.0,3825.0,0,0.0,0.0
2024-06-26 09:35:00+09:00,3825.0,3825.0,3825.0,3825.0,72,0.0,0.0
2024-06-26 09:40:00+09:00,3820.0,3825.0,3810.0,3825.0,195,0.0,0.0
2024-06-26 09:45:00+09:00,3810.0,3810.0,3810.0,3810.0,411,0.0,0.0
2024-06-26 09:50:00+09:00,3810.0,3825.0,3805.0,3825.0,157,0.0,0.0
2024-06-26 09:55:00+09:00,3820.0,3825.0,3820.0,3825.0,28,0.0,0.0
2024-06-26 10:00:00+09:00,3825.0,3825.0,3825.0,3825.0,35,0.0,0.0
2024-06-26 10:05:00+09:00,3825.0,3825.0,3800.0,3815.0,2056,0.0,0.0
2024-06-26 10:15:00+09:00,3820.0,3820.0,3815.0,3815.0,510,0.0,0.0
2024-06-26 10:20:00+09:00,3815.0,3815.0,3815.0,3815.0,2,0.0,0.0
2024-06-26 10:25:00+09:00,3815.0,3815.0,3815.0,3815.0,10,0.0,0.0
2024-06-26 10:30:00+09:00,3815.0,3815.0,3815.0,3815.0,1,0.0,0.0
2024-06-26 10:45:00+09:00,3815.0,3815.0,3810.0,3810.0,2,0.0,0.0
2024-06-26 10:50:00+09:00,3815.0,3815.0,3800.0,3800.0,289,0.0,0.0
2024-06-26 10:55:00+09:00,3800.0,3800.0,3800.0,3800.0,0,0.0,0.0
2024-06-26 11:10:00+09:00,3820.0,3820.0,3820.0,3820.0,8,0.0,0.0
2024-06-26 11:15:00+09:00,3820.0,3820.0,3815.0,3815.0,3,0.0,0.0
2024-06-26 11:20:00+09:00,3805.0,3820.0,3800.0,3820.0,31,0.0,0.0
2024-06-26 11:30:00+09:00,3820.0,3820.0,3815.0,3820.0,28,0.0,0.0
2024-06-26 11:45:00+09:00,3820.0,3820.0,3820.0,3820.0,0,0.0,0.0
2024-06-26 11:50:00+09:00,3820.0,3820.0,3820.0,3820.0,70,0.0,0.0
2024-06-26 12:00:00+09:00,3815.0,3820.0,3815.0,3820.0,0,0.0,0.0
2024-06-26 12:05:00+09:00,3820.0,3820.0,3820.0,3820.0,6,0.0,0.0
2024-06-26 12:10:00+09:00,3820.0,3820.0,3820.0,3820.0,129,0.0,0.0
2024-06-26 12:15:00+09:00,3820.0,3820.0,3820.0,3820.0,0,0.0,0.0
2024-06-26 12:20:00+09:00,3815.0,3820.0,3815.0,3820.0,78,0.0,0.0
2024-06-26 12:25:00+09:00,3815.0,3820.0,3800.0,3820.0,463,0.0,0.0
2024-06-26 12:35:00+09:00,3815.0,3815.0,3815.0,3815.0,19,0.0,0.0
2024-06-26 12:40:00+09:00,3815.0,3815.0,3815.0,3815.0,35,0.0,0.0
2024-06-26 12:45:00+09:00,3815.0,3815.0,3815.0,3815.0,28,0.0,0.0
2024-06-26 12:50:00+09:00,3815.0,3815.0,3815.0,3815.0,2,0.0,0.0
2024-06-26 13:00:00+09:00,3815.0,3815.0,3815.0,3815.0,21,0.0,0.0
2024-06-26 13:05:00+09:00,3810.0,3810.0,3810.0,3810.0,0,0.0,0.0
2024-06-26 13:10:00+09:00,3810.0,3810.0,3810.0,3810.0,79,0.0,0.0
2024-06-26 13:15:00+09:00,3810.0,3810.0,3810.0,3810.0,165,0.0,0.0
2024-06-26 13:20:00+09:00,3810.0,3825.0,3805.0,3805.0,1383,0.0,0.0
2024-06-26 13:25:00+09:00,3825.0,3825.0,3825.0,3825.0,0,0.0,0.0
2024-06-26 13:30:00+09:00,3825.0,3825.0,3825.0,3825.0,4,0.0,0.0
2024-06-26 13:50:00+09:00,3820.0,3820.0,3790.0,3815.0,940,0.0,0.0
2024-06-26 13:55:00+09:00,3815.0,3815.0,3810.0,3810.0,1214,0.0,0.0
2024-06-26 14:00:00+09:00,3810.0,3810.0,3810.0,3810.0,0,0.0,0.0
2024-06-26 14:05:00+09:00,3810.0,3810.0,3810.0,3810.0,99,0.0,0.0
2024-06-26 14:10:00+09:00,3810.0,3810.0,3810.0,3810.0,550,0.0,0.0
2024-06-26 14:15:00+09:00,3810.0,3810.0,3800.0,3800.0,0,0.0,0.0
2024-06-26 14:20:00+09:00,3800.0,3810.0,3800.0,3810.0,101,0.0,0.0
2024-06-26 14:30:00+09:00,3810.0,3810.0,3805.0,3810.0,2,0.0,0.0
2024-06-26 14:35:00+09:00,3810.0,3810.0,3810.0,3810.0,730,0.0,0.0
2024-06-26 14:40:00+09:00,3805.0,3810.0,3805.0,3810.0,64,0.0,0.0
2024-06-26 14:45:00+09:00,3805.0,3805.0,3800.0,3800.0,169,0.0,0.0
2024-06-26 14:50:00+09:00,3805.0,3810.0,3795.0,3795.0,138,0.0,0.0
2024-06-26 14:55:00+09:00,3800.0,3810.0,3800.0,3810.0,89,0.0,0.0
2024-06-27 09:00:00+09:00,3845.0,3845.0,3830.0,3845.0,88,0.0,0.0
2024-06-27 09:05:00+09:00,3835.0,3845.0,3835.0,3845.0,35,0.0,0.0
2024-06-27 09:10:00+09:00,3845.0,3850.0,3845.0,3845.0,1795,0.0,0.0
2024-06-27 09:15:00+09:00,3850.0,3850.0,3845.0,3850.0,0,0.0,0.0
2024-06-27 09:20:00+09:00,3850.0,3870.0,3850.0,3870.0,2512,0.0,0.0
2024-06-27 09:25:00+09:00,3850.0,3865.0,3850.0,3865.0,1305,0.0,0.0
2024-06-27 09:30:00+09:00,3860.0,3860.0,3860.0,3860.0,26,0.0,0.0
2024-06-27 09:35:00+09:00,3860.0,3865.0,3860.0,3865.0,86,0.0,0.0
2024-06-27 09:40:00+09:00,3860.0,3865.0,3860.0,3865.0,1072,0.0,0.0
2024-06-27 09:45:00+09:00,3865.0,3865.0,3865.0,3865.0,0,0.0,0.0
2024-06-27 09:50:00+09:00,3860.0,3860.0,3845.0,3860.0,151,0.0,0.0
2024-06-27 10:00:00+09:00,3850.0,3855.0,3830.0,3855.0,402,0.0,0.0
2024-06-27 10:05:00+09:00,3855.0,3855.0,3855.0,3855.0,1,0.0,0.0
2024-06-27 10:10:00+09:00,3855.0,3855.0,3850.0,3850.0,7,0.0,0.0
2024-06-27 10:15:00+09:00,3850.0,3855.0,3850.0,3855.0,1021,0.0,0.0
2024-06-27 10:25:00+09:00,3850.0,3850.0,3840.0,3840.0,0,0.0,0.0
2024-06-27 10:30:00+09:00,3835.0,3840.0,3830.0,3830.0,207,0.0,0.0
2024-06-27 10:35:00+09:00,3830.0,3835.0,3830.0,3835.0,34,0.0,0.0
2024-06-27 10:40:00+09:00,3835.0,3835.0,3820.0,3835.0,1906,0.0,0.0
2024-06-27 10:45:00+09:00,3835.0,3835.0,3820.0,3825.0,0,0.0,0.0
2024-06-27 10:50:00+09:00,3830.0,3835.0,3830.0,3835.0,175,0.0,0.0
2024-06-27 10:55:00+09:00,3830.0,3835.0,3830.0,3835.0,10,0.0,0.0
2024-06-27 11:00:00+09:00,3835.0,3835.0,3820.0,3820.0,140,0.0,0.0
2024-06-27 11:05:00+09:00,3835.0,3835.0,3835.0,3835.0,1,0.0,0.0
2024-06-27 11:10:00+09:00,3835.0,3835.0,3830.0,3835.0,9,0.0,0.0
2024-06-27 11:20:00+09:00,3830.0,3830.0,3830.0,3830.0,1,0.0,0.0
2024-06-27 11:25:00+09:00,3830.0,3830.0,3830.0,3830.0,2,0.0,0.0
2024-06-27 11:30:00+09:00,3825.0,3830.0,3820.0,3830.0,90,0.0,0.0
2024-06-27 11:35:00+09:00,3820.0,3830.0,3820.0,3825.0,356,0.0,0.0
2024-06-27 11:40:00+09:00,3830.0,3830.0,3830.0,3830.0,0,0.0,0.0
2024-06-27 11:45:00+09:00,3825.0,3825.0,3825.0,3825.0,1,0.0,0.0
2024-06-27 11:55:00+09:00,3825.0,3825.0,3825.0,3825.0,26,0.0,0.0
2024-06-27 12:00:00+09:00,3830.0,3830.0,3830.0,3830.0,78,0.0,0.0
2024-06-27 12:05:00+09:00,3825.0,3825.0,3825.0,3825.0,0,0.0,0.0
2024-06-27 12:10:00+09:00,3825.0,3825.0,3825.0,3825.0,57,0.0,0.0
2024-06-27 12:15:00+09:00,3820.0,3820.0,3820.0,3820.0,294,0.0,0.0
2024-06-27 12:20:00+09:00,3830.0,3830.0,3830.0,3830.0,52,0.0,0.0
2024-06-27 12:25:00+09:00,3830.0,3830.0,3830.0,3830.0,10,0.0,0.0
2024-06-27 12:30:00+09:00,3825.0,3825.0,3825.0,3825.0,2,0.0,0.0
2024-06-27 12:35:00+09:00,3830.0,3830.0,3825.0,3825.0,62,0.0,0.0
2024-06-27 12:40:00+09:00,3830.0,3830.0,3825.0,3825.0,376,0.0,0.0
2024-06-27 12:45:00+09:00,3830.0,3830.0,3830.0,3830.0,6,0.0,0.0
2024-06-27 12:50:00+09:00,3830.0,3830.0,3830.0,3830.0,7,0.0,0.0
2024-06-27 12:55:00+09:00,3830.0,3830.0,3830.0,3830.0,10,0.0,0.0
2024-06-27 13:00:00+09:00,3825.0,3830.0,3825.0,3830.0,1177,0.0,0.0
2024-06-27 13:05:00+09:00,3830.0,3830.0,3830.0,3830.0,65,0.0,0.0
2024-06-27 13:10:00+09:00,3825.0,3830.0,3825.0,3830.0,796,0.0,0.0
2024-06-27 13:15:00+09:00,3830.0,3830.0,3830.0,3830.0,7,0.0,0.0
2024-06-27 13:20:00+09:00,3830.0,3830.0,3830.0,3830.0,0,0.0,0.0
2024-06-27 13:25:00+09:00,3830.0,3830.0,3830.0,3830.0,99,0.0,0.0
2024-06-27 13:30:00+09:00,3830.0,3830.0,3825.0,3825.0,45,0.0,0.0
2024-06-27 13:35:00+09:00,3830.0,3830.0,3830.0,3830.0,23,0.0,0.0
2024-06-27 13:40:00+09:00,3830.0,3830.0,3830.0,3830.0,64,0.0,0.0
2024-06-27 13:45:00+09:00,3830.0,3830.0,3830.0,3830.0,61,0.0,0.0
2024-06-27 13:50:00+09:00,3835.0,3835.0,3835.0,3835.0,1,0.0,0.0
2024-06-27 14:00:00+09:00,3835.0,3835.0,3830.0,3830.0,203,0.0,0.0
2024-06-27 14:05:00+09:00,3835.0,3835.0,3835.0,3835.0,0,0.0,0.0
2024-06-27 14:10:00+09:00,3830.0,3835.0,3830.0,3830.0,116,0.0,0.0
2024-06-27 14:20:00+09:00,3825.0,3830.0,3825.0,3830.0,443,0.0,0.0
2024-06-27 14:25:00+09:00,3830.0,3830.0,3830.0,3830.0,7,0.0,0.0
2024-06-27 14:30:00+09:00,3830.0,3835.0,3830.0,3830.0,196,0.0,0.0
2024-06-27 14:35:00+09:00,3830.0,3835.0,3830.0,3830.0,136,0.0,0.0
2024-06-27 14:40:00+09:00,3830.0,3830.0,3825.0,3830.0,2981,0.0,0.0
2024-06-27 14:45:00+09:00,3830.0,3830.0,3825.0,3830.0,214,0.0,0.0
2024-06-27 14:50:00+09:00,3830.0,3830.0,3825.0,3830.0,95,0.0,0.0
2024-06-27 14:55:00+09:00,3825.0,3830.0,3825.0,3830.0,329,0.0,0.0
2024-06-28 09:00:00+09:00,3860.0,3875.0,3840.0,3875.0,150,0.0,0.0
2024-06-28 09:05:00+09:00,3875.0,3875.0,3845.0,3870.0,698,0.0,0.0
2024-06-28 09:15:00+09:00,3865.0,3865.0,3865.0,3865.0,3,0.0,0.0
2024-06-28 09:20:00+09:00,3865.0,3865.0,3865.0,3865.0,3,0.0,0.0
2024-06-28 09:25:00+09:00,3865.0,3865.0,3860.0,3865.0,3591,0.0,0.0
2024-06-28 09:30:00+09:00,3865.0,3865.0,3860.0,3865.0,0,0.0,0.0
2024-06-28 09:35:00+09:00,3865.0,3865.0,3855.0,3860.0,792,0.0,0.0
2024-06-28 09:40:00+09:00,3860.0,3865.0,3860.0,3865.0,69,0.0,0.0
2024-06-28 09:45:00+09:00,3865.0,3870.0,3865.0,3870.0,8,0.0,0.0
2024-06-28 09:50:00+09:00,3870.0,3870.0,3855.0,3870.0,196,0.0,0.0
2024-06-28 09:55:00+09:00,3865.0,3870.0,3855.0,3865.0,31,0.0,0.0
2024-06-28 10:00:00+09:00,3865.0,3870.0,3865.0,3870.0,2713,0.0,0.0
2024-06-28 10:05:00+09:00,3870.0,3870.0,3870.0,3870.0,14,0.0,0.0
2024-06-28 10:10:00+09:00,3870.0,3870.0,3870.0,3870.0,543,0.0,0.0
2024-06-28 10:15:00+09:00,3870.0,3870.0,3870.0,3870.0,0,0.0,0.0
2024-06-28 10:25:00+09:00,3870.0,3870.0,3870.0,3870.0,939,0.0,0.0
2024-06-28 10:30:00+09:00,3865.0,3865.0,3860.0,3865.0,113,0.0,0.0
2024-06-28 10:35:00+09:00,3865.0,3865.0,3865.0,3865.0,2,0.0,0.0
2024-06-28 10:40:00+09:00,3860.0,3865.0,3855.0,3865.0,2568,0.0,0.0
2024-06-28 10:45:00+09:00,3865.0,3865.0,3860.0,3865.0,13,0.0,0.0
2024-06-28 10:50:00+09:00,3865.0,3865.0,3865.0,3865.0,30,0.0,0.0
2024-06-28 10:55:00+09:00,3860.0,3865.0,3860.0,3865.0,7,0.0,0.0
2024-06-28 11:00:00+09:00,3865.0,3865.0,3860.0,3860.0,1,0.0,0.0
2024-06-28 11:05:00+09:00,3865.0,3865.0,3865.0,3865.0,2,0.0,0.0
2024-06-28 11:15:00+09:00,3860.0,3865.0,3860.0,3865.0,1,0.0,0.0
2024-06-28 11:25:00+09:00,3865.0,3865.0,3865.0,3865.0,38,0.0,0.0
2024-06-28 11:30:00+09:00,3865.0,3865.0,3865.0,3865.0,0,0.0,0.0
2024-06-28 11:35:00+09:00,3865.0,3865.0,3865.0,3865.0,1,0.0,0.0
2024-06-28 11:50:00+09:00,3860.0,3865.0,3855.0,3855.0,301,0.0,0.0
2024-06-28 11:55:00+09:00,3855.0,3865.0,3855.0,3865.0,0,0.0,0.0
2024-06-28 12:00:00+09:00,3865.0,3865.0,3855.0,3855.0,566,0.0,0.0
2024-06-28 12:05:00+09:00,3855.0,3865.0,3855.0,3855.0,285,0.0,0.0
2024-06-28 12:10:00+09:00,3865.0,3865.0,3860.0,3865.0,288,0.0,0.0
2024-06-28 12:15:00+09:00,3865.0,3865.0,3865.0,3865.0,0,0.0,0.0
2024-06-28 12:20:00+09:00,3870.0,3870.0,3870.0,3870.0,3,0.0,0.0
2024-06-28 12:30:00+09:00,3870.0,3870.0,3870.0,3870.0,5,0.0,0.0
2024-06-28 12:35:00+09:00,3870.0,3870.0,3865.0,3865.0,7,0.0,0.0
2024-06-28 12:40:00+09:00,3870.0,3870.0,3860.0,3860.0,361,0.0,0.0
2024-06-28 12:45:00+09:00,3860.0,3860.0,3860.0,3860.0,70,0.0,0.0
2024-06-28 12:50:00+09:00,3865.0,3865.0,3865.0,3865.0,0,0.0,0.0
2024-06-28 12:55:00+09:00,3860.0,3860.0,3855.0,3855.0,1758,0.0,0.0
2024-06-28 13:00:00+09:00,3855.0,3855.0,3850.0,3855.0,350,0.0,0.0
2024-06-28 13:05:00+09:00,3865.0,3865.0,3860.0,3860.0,9,0.0,0.0
2024-06-28 13:10:00+09:00,3855.0,3860.0,3855.0,3860.0,20,0.0,0.0
2024-06-28 13:15:00+09:00,3855.0,3855.0,3855.0,3855.0,86,0.0,0.0
2024-06-28 13:20:00+09:00,3855.0,3855.0,3855.0,3855.0,21,0.0,0.0
2024-06-28 13:25:00+09:00,3850.0,3855.0,3850.0,3855.0,137,0.0,0.0
2024-06-28 13:30:00+09:00,3855.0,3855.0,3855.0,3855.0,0,0.0,0.0
2024-06-28 13:35:00+09:00,3855.0,3860.0,3855.0,3860.0,7,0.0,0.0
2024-06-28 13:45:00+09:00,3860.0,3860.0,3855.0,3855.0,37,0.0,0.0
2024-06-28 13:50:00+09:00,3860.0,3860.0,3860.0,3860.0,0,0.0,0.0
2024-06-28 14:00:00+09:00,3855.0,3860.0,3855.0,3860.0,10,0.0,0.0
2024-06-28 14:05:00+09:00,3860.0,3860.0,3860.0,3860.0,53,0.0,0.0
2024-06-28 14:10:00+09:00,3860.0,3860.0,3855.0,3855.0,283,0.0,0.0
2024-06-28 14:15:00+09:00,3855.0,3855.0,3855.0,3855.0,11,0.0,0.0
2024-06-28 14:20:00+09:00,3850.0,3850.0,3850.0,3850.0,14,0.0,0.0
2024-06-28 14:30:00+09:00,3855.0,3855.0,3855.0,3855.0,39,0.0,0.0
2024-06-28 14:35:00+09:00,3855.0,3855.0,3855.0,3855.0,0,0.0,0.0
2024-06-28 14:40:00+09:00,3855.0,3855.0,3855.0,3855.0,38,0.0,0.0
2024-06-28 14:45:00+09:00,3855.0,3855.0,3855.0,3855.0,27,0.0,0.0
2024-06-28 14:50:00+09:00,3855.0,3855.0,3850.0,3855.0,342,0.0,0.0
2024-06-28 14:55:00+09:00,3855.0,3855.0,3850.0,3850.0,316,0.0,0.0
2024-07-01 09:00:00+09:00,3855.0,3870.0,3855.0,3870.0,0,0.0,0.0
2024-07-01 09:05:00+09:00,3870.0,3870.0,3870.0,3870.0,731,0.0,0.0
2024-07-01 09:10:00+09:00,3870.0,3870.0,3870.0,3870.0,0,0.0,0.0
2024-07-01 09:15:00+09:00,3870.0,3870.0,3870.0,3870.0,53,0.0,0.0
2024-07-01 09:20:00+09:00,3865.0,3865.0,3865.0,3865.0,0,0.0,0.0
2024-07-01 09:25:00+09:00,3865.0,3865.0,3865.0,3865.0,10,0.0,0.0
2024-07-01 09:30:00+09:00,3865.0,3865.0,3865.0,3865.0,3,0.0,0.0
2024-07-01 09:35:00+09:00,3865.0,3865.0,3865.0,3865.0,45,0.0,0.0
2024-07-01 09:45:00+09:00,3860.0,3860.0,3860.0,3860.0,0,0.0,0.0
2024-07-01 09:50:00+09:00,3865.0,3865.0,3865.0,3865.0,90,0.0,0.0
2024-07-01 09:55:00+09:00,3865.0,3865.0,3865.0,3865.0,0,0.0,0.0
2024-07-01 10:00:00+09:00,3865.0,3865.0,3865.0,3865.0,9,0.0,0.0
2024-07-01 10:05:00+09:00,3865.0,3865.0,3865.0,3865.0,8,0.0,0.0
2024-07-01 10:10:00+09:00,3865.0,3865.0,3860.0,3865.0,1004,0.0,0.0
2024-07-01 10:15:00+09:00,3865.0,3865.0,3860.0,3865.0,186,0.0,0.0
2024-07-01 10:20:00+09:00,3865.0,3865.0,3855.0,3865.0,10,0.0,0.0
2024-07-01 10:25:00+09:00,3865.0,3865.0,3865.0,3865.0,2,0.0,0.0
2024-07-01 10:30:00+09:00,3865.0,3865.0,3860.0,3860.0,16,0.0,0.0
2024-07-01 10:40:00+09:00,3865.0,3865.0,3865.0,3865.0,7,0.0,0.0
2024-07-01 10:45:00+09:00,3865.0,3865.0,3865.0,3865.0,28,0.0,0.0
2024-07-01 10:50:00+09:00,3860.0,3865.0,3845.0,3865.0,653,0.0,0.0
2024-07-01 10:55:00+09:00,3865.0,3865.0,3865.0,3865.0,4,0.0,0.0
2024-07-01 11:00:00+09:00,3865.0,3865.0,3865.0,3865.0,22,0.0,0.0
2024-07-01 11:05:00+09:00,3865.0,3865.0,3865.0,3865.0,48,0.0,0.0
2024-07-01 11:10:00+09:00,3845.0,3845.0,3845.0,3845.0,376,0.0,0.0
2024-07-01 11:15:00+09:00,3865.0,3865.0,3840.0,3860.0,662,0.0,0.0
2024-07-01 11:20:00+09:00,3860.0,3860.0,3860.0,3860.0,74,0.0,0.0
2024-07-01 11:30:00+09:00,3860.0,3865.0,3860.0,3865.0,6,0.0,0.0
2024-07-01 11:35:00+09:00,3865.0,3865.0,3865.0,3865.0,1,0.0,0.0
2024-07-01 11:45:00+09:00,3860.0,3860.0,3860.0,3860.0,1,0.0,0.0
2024-07-01 11:50:00+09:00,3860.0,3860.0,3850.0,3850.0,322,0.0,0.0
2024-07-01 11:55:00+09:00,3865.0,3865.0,3850.0,3850.0,20,0.0,0.0
2024-07-01 12:00:00+09:00,3860.0,3860.0,3860.0,3860.0,20,0.0,0.0
2024-07-01 12:05:00+09:00,3860.0,3865.0,3860.0,3865.0,1,0.0,0.0
2024-07-01 12:10:00+09:00,3865.0,3865.0,3865.0,3865.0,34,0.0,0.0
2024-07-01 12:15:00+09:00,3860.0,3865.0,3860.0,3865.0,0,0.0,0.0
2024-07-01 12:20:00+09:00,3865.0,3865.0,3865.0,3865.0,1,0.0,0.0
2024-07-01 12:25:00+09:00,3865.0,3865.0,3865.0,3865.0,25,0.0,0.0
2024-07-01 12:30:00+09:00,3865.0,3865.0,3860.0,3860.0,73,0.0,0.0
2024-07-01 12:35:00+09:00,3860.0,3860.0,3860.0,3860.0,66,0.0,0.0
2024-07-01 12:45:00+09:00,3855.0,3855.0,3845.0,3845.0,243,0.0,0.0
2024-07-01 12:50:00+09:00,3840.0,3845.0,3840.0,3845.0,294,0.0,0.0
2024-07-01 12:55:00+09:00,3845.0,3845.0,3845.0,3845.0,12,0.0,0.0
2024-07-01 13:00:00+09:00,3845.0,3855.0,3845.0,3855.0,651,0.0,0.0
2024-07-01 13:30:00+09:00,3855.0,3855.0,3855.0,3855.0,35,0.0,0.0
2024-07-01 13:35:00+09:00,3855.0,3855.0,3855.0,3855.0,10,0.0,0.0
2024-07-01 13:40:00+09:00,3855.0,3855.0,3855.0,3855.0,206,0.0,0.0
2024-07-01 13:45:00+09:00,3855.0,3855.0,3855.0,3855.0,30,0.0,0.0
2024-07-01 13:50:00+09:00,3855.0,3855.0,3855.0,3855.0,10,0.0,0.0
2024-07-01 14:00:00+09:00,3855.0,3855.0,3850.0,3855.0,231,0.0,0.0
2024-07-01 14:05:00+09:00,3850.0,3855.0,3850.0,3855.0,3,0.0,0.0
2024-07-01 14:10:00+09:00,3855.0,3855.0,3855.0,3855.0,1,0.0,0.0
2024-07-01 14:15:00+09:00,3855.0,3855.0,3855.0,3855.0,0,0.0,0.0
2024-07-01 14:20:00+09:00,3855.0,3855.0,3855.0,3855.0,71,0.0,0.0
2024-07-01 14:25:00+09:00,3850.0,3855.0,3850.0,3850.0,37,0.0,0.0
2024-07-01 14:30:00+09:00,3855.0,3855.0,3855.0,3855.0,0,0.0,0.0
2024-07-01 14:35:00+09:00,3855.0,3855.0,3850.0,3850.0,107,0.0,0.0
2024-07-01 14:40:00+09:00,3855.0,3855.0,3855.0,3855.0,5,0.0,0.0
2024-07-01 14:45:00+09:00,3855.0,3855.0,3855.0,3855.0,72,0.0,0.0
2024-07-01 14:50:00+09:00,3855.0,3860.0,3855.0,3860.0,543,0.0,0.0
2024-07-01 14:55:00+09:00,3860.0,3860.0,3855.0,3855.0,0,0.0,0.0
2024-07-02 09:00:00+09:00,3900.0,3900.0,3860.0,3890.0,2172,0.0,0.0
2024-07-02 09:05:00+09:00,3870.0,3870.0,3870.0,3870.0,10,0.0,0.0
2024-07-02 09:10:00+09:00,3875.0,3875.0,3875.0,3875.0,0,0.0,0.0
2024-07-02 09:15:00+09:00,3875.0,3875.0,3875.0,3875.0,32,0.0,0.0
2024-07-02 09:30:00+09:00,3875.0,3875.0,3870.0,3870.0,192,0.0,0.0
2024-07-02 09:35:00+09:00,3870.0,3870.0,3850.0,3860.0,1700,0.0,0.0
2024-07-02 09:40:00+09:00,3855.0,3855.0,3855.0,3855.0,4,0.0,0.0
2024-07-02 09:45:00+09:00,3855.0,3855.0,3845.0,3845.0,702,0.0,0.0
2024-07-02 09:50:00+09:00,3850.0,3850.0,3850.0,3850.0,12,0.0,0.0
2024-07-02 09:55:00+09:00,3850.0,3850.0,3850.0,3850.0,5,0.0,0.0
2024-07-02 10:00:00+09:00,3850.0,3850.0,3850.0,3850.0,3,0.0,0.0
2024-07-02 10:05:00+09:00,3850.0,3850.0,3850.0,3850.0,529,0.0,0.0
2024-07-02 10:10:00+09:00,3845.0,3850.0,3845.0,3850.0,38,0.0,0.0
2024-07-02 10:15:00+09:00,3850.0,3850.0,3845.0,3845.0,16,0.0,0.0
2024-07-02 10:20:00+09:00,3850.0,3850.0,3845.0,3845.0,91,0.0,0.0
2024-07-02 10:25:00+09:00,3845.0,3850.0,3845.0,3850.0,52,0.0,0.0
2024-07-02 10:30:00+09:00,3850.0,3850.0,3850.0,3850.0,245,0.0,0.0
2024-07-02 10:35:00+09:00,3850.0,3850.0,3850.0,3850.0,2,0.0,0.0
2024-07-02 10:40:00+09:00,3845.0,3850.0,3845.0,3850.0,72,0.0,0.0
2024-07-02 10:45:00+09:00,3845.0,3845.0,3845.0,3845.0,70,0.0,0.0
2024-07-02 10:55:00+09:00,3840.0,3845.0,3840.0,3840.0,859,0.0,0.0
2024-07-02 11:00:00+09:00,3840.0,3840.0,3840.0,3840.0,26,0.0,0.0
2024-07-02 11:05:00+09:00,3840.0,3840.0,3840.0,3840.0,56,0.0,0.0
2024-07-02 11:10:00+09:00,3840.0,3850.0,3840.0,3850.0,500,0.0,0.0
2024-07-02 11:20:00+09:00,3850.0,3850.0,3840.0,3840.0,11,0.0,0.0
2024-07-02 11:25:00+09:00,3840.0,3845.0,3840.0,3845.0,1,0.0,0.0
2024-07-02 11:30:00+09:00,3850.0,3850.0,3850.0,3850.0,342,0.0,0.0
2024-07-02 11:35:00+09:00,3855.0,3855.0,3840.0,3840.0,3049,0.0,0.0
2024-07-02 11:40:00+09:00,3835.0,3855.0,3835.0,3855.0,0,0.0,0.0
2024-07-02 11:45:00+09:00,3855.0,3860.0,3855.0,3860.0,2050,0.0,0.0
2024-07-02 11:50:00+09:00,3860.0,3860.0,3860.0,3860.0,0,0.0,0.0
2024-07-02 11:55:00+09:00,3860.0,3860.0,3860.0,3860.0,14,0.0,0.0
2024-07-02 12:05:00+09:00,3860.0,3860.0,3860.0,3860.0,33,0.0,0.0
2024-07-02 12:15:00+09:00,3860.0,3860.0,3860.0,3860.0,9,0.0,0.0
2024-07-02 12:25:00+09:00,3860.0,3860.0,3860.0,3860.0,12,0.0,0.0
2024-07-02 12:30:00+09:00,3860.0,3860.0,3860.0,3860.0,5,0.0,0.0
2024-07-02 12:40:00+09:00,3855.0,3855.0,3855.0,3855.0,2,0.0,0.0
2024-07-02 12:50:00+09:00,3855.0,3855.0,3855.0,3855.0,29,0.0,0.0
2024-07-02 12:55:00+09:00,3850.0,3850.0,3850.0,3850.0,0,0.0,0.0
2024-07-02 13:00:00+09:00,3855.0,3855.0,3855.0,3855.0,3,0.0,0.0
2024-07-02 13:05:00+09:00,3855.0,3855.0,3855.0,3855.0,2,0.0,0.0
2024-07-02 13:15:00+09:00,3855.0,3855.0,3840.0,3840.0,2591,0.0,0.0
2024-07-02 13:20:00+09:00,3835.0,3850.0,3835.0,3850.0,0,0.0,0.0
2024-07-02 13:25:00+09:00,3855.0,3855.0,3855.0,3855.0,0,0.0,0.0
2024-07-02 13:30:00+09:00,3855.0,3855.0,3855.0,3855.0,39,0.0,0.0
2024-07-02 13:40:00+09:00,3855.0,3855.0,3855.0,3855.0,11,0.0,0.0
2024-07-02 13:45:00+09:00,3855.0,3855.0,3855.0,3855.0,13,0.0,0.0
2024-07-02 13:55:00+09:00,3850.0,3855.0,3850.0,3855.0,9,0.0,0.0
2024-07-02 14:05:00+09:00,3855.0,3855.0,3855.0,3855.0,12,0.0,0.0
2024-07-02 14:10:00+09:00,3855.0,3855.0,3855.0,3855.0,5,0.0,0.0
2024-07-02 14:15:00+09:00,3855.0,3855.0,3855.0,3855.0,22,0.0,0.0
2024-07-02 14:20:00+09:00,3855.0,3855.0,3855.0,3855.0,1277,0.0,0.0
2024-07-02 14:25:00+09:00,3855.0,3855.0,3855.0,3855.0,0,0.0,0.0
2024-07-02 14:30:00+09:00,3855.0,3860.0,3855.0,3860.0,129,0.0,0.0
2024-07-02 14:35:00+09:00,3860.0,3860.0,3860.0,3860.0,587,0.0,0.0
2024-07-02 14:40:00+09:00,3860.0,3860.0,3860.0,3860.0,42,0.0,0.0
2024-07-02 14:45:00+09:00,3860.0,3860.0,3860.0,3860.0,47,0.0,0.0
2024-07-02 14:50:00+09:00,3860.0,3860.0,3860.0,3860.0,899,0.0,0.0
2024-07-02 14:55:00+09:00,3860.0,3860.0,3860.0,3860.0,122,0.0,0.0
2024-07-03 09:00:00+09:00,3870.0,3880.0,3870.0,3880.0,76,0.0,0.0
2024-07-03 09:05:00+09:00,3875.0,3875.0,3870.0,3875.0,4,0.0,0.0
2024-07-03 09:10:00+09:00,3875.0,3875.0,3875.0,3875.0,1,0.0,0.0
2024-07-03 09:15:00+09:00,3875.0,3875.0,3870.0,3870.0,39,0.0,0.0
2024-07-03 09:20:00+09:00,3870.0,3870.0,3865.0,3870.0,424,0.0,0.0
2024-07-03 09:25:00+09:00,3870.0,3870.0,3860.0,3860.0,2315,0.0,0.0
2024-07-03 09:30:00+09:00,3870.0,3870.0,3850.0,3865.0,19,0.0,0.0
2024-07-03 09:35:00+09:00,3865.0,3865.0,3865.0,3865.0,2,0.0,0.0
2024-07-03 09:40:00+09:00,3865.0,3865.0,3865.0,3865.0,117,0.0,0.0
2024-07-03 09:45:00+09:00,3860.0,3865.0,3860.0,3865.0,17,0.0,0.0
2024-07-03 09:50:00+09:00,3865.0,3865.0,3865.0,3865.0,6,0.0,0.0
2024-07-03 09:55:00+09:00,3855.0,3865.0,3850.0,3860.0,146,0.0,0.0
2024-07-03 10:00:00+09:00,3860.0,3860.0,3850.0,3850.0,978,0.0,0.0
2024-07-03 10:05:00+09:00,3850.0,3860.0,3850.0,3860.0,0,0.0,0.0
2024-07-03 10:10:00+09:00,3860.0,3860.0,3860.0,3860.0,3,0.0,0.0
2024-07-03 10:15:00+09:00,3860.0,3860.0,3845.0,3860.0,208,0.0,0.0
2024-07-03 10:20:00+09:00,3860.0,3860.0,3860.0,3860.0,19,0.0,0.0
2024-07-03 10:25:00+09:00,3860.0,3860.0,3845.0,3860.0,72,0.0,0.0
2024-07-03 10:30:00+09:00,3860.0,3860.0,3855.0,3860.0,1084,0.0,0.0
2024-07-03 10:35:00+09:00,3860.0,3860.0,3860.0,3860.0,180,0.0,0.0
2024-07-03 10:40:00+09:00,3860.0,3860.0,3825.0,3825.0,2117,0.0,0.0
2024-07-03 10:45:00+09:00,3855.0,3855.0,3835.0,3855.0,0,0.0,0.0
2024-07-03 10:50:00+09:00,3855.0,3855.0,3855.0,3855.0,13,0.0,0.0
2024-07-03 10:55:00+09:00,3835.0,3860.0,3835.0,3860.0,1692,0.0,0.0
2024-07-03 11:00:00+09:00,3860.0,3860.0,3860.0,3860.0,0,0.0,0.0
2024-07-03 11:10:00+09:00,3860.0,3860.0,3860.0,3860.0,47,0.0,0.0
2024-07-03 11:20:00+09:00,3860.0,3860.0,3860.0,3860.0,10,0.0,0.0
2024-07-03 11:30:00+09:00,3860.0,3860.0,3850.0,3850.0,23,0.0,0.0
2024-07-03 11:35:00+09:00,3850.0,3850.0,3850.0,3850.0,0,0.0,0.0
2024-07-03 11:45:00+09:00,3850.0,3850.0,3845.0,3845.0,19,0.0,0.0
2024-07-03 11:50:00+09:00,3850.0,3850.0,3850.0,3850.0,2,0.0,0.0
2024-07-03 11:55:00+09:00,3850.0,3850.0,3850.0,3850.0,33,0.0,0.0
2024-07-03 12:00:00+09:00,3850.0,3850.0,3845.0,3845.0,7,0.0,0.0
2024-07-03 12:05:00+09:00,3840.0,3840.0,3835.0,3835.0,319,0.0,0.0
2024-07-03 12:10:00+09:00,3835.0,3835.0,3835.0,3835.0,0,0.0,0.0
2024-07-03 12:15:00+09:00,3835.0,3835.0,3830.0,3835.0,49,0.0,0.0
2024-07-03 12:20:00+09:00,3835.0,3835.0,3835.0,3835.0,2019,0.0,0.0
2024-07-03 12:25:00+09:00,3835.0,3835.0,3830.0,3830.0,19,0.0,0.0
2024-07-03 12:30:00+09:00,3835.0,3835.0,3835.0,3835.0,139,0.0,0.0
2024-07-03 12:35:00+09:00,3835.0,3835.0,3830.0,3830.0,468,0.0,0.0
2024-07-03 12:40:00+09:00,3835.0,3835.0,3835.0,3835.0,7,0.0,0.0
2024-07-03 12:45:00+09:00,3835.0,3835.0,3835.0,3835.0,17,0.0,0.0
2024-07-03 12:55:00+09:00,3835.0,3835.0,3830.0,3835.0,9,0.0,0.0
2024-07-03 13:00:00+09:00,3835.0,3835.0,3835.0,3835.0,0,0.0,0.0
2024-07-03 13:05:00+09:00,3835.0,3840.0,3835.0,3840.0,44,0.0,0.0
2024-07-03 13:15:00+09:00,3835.0,3835.0,3830.0,3830.0,52,0.0,0.0
2024-07-03 13:25:00+09:00,3840.0,3840.0,3840.0,3840.0,2,0.0,0.0
2024-07-03 13:35:00+09:00,3840.0,3840.0,3840.0,3840.0,25,0.0,0.0
2024-07-03 13:40:00+09:00,3840.0,3840.0,3840.0,3840.0,45,0.0,0.0
2024-07-03 13:50:00+09:00,3835.0,3835.0,3830.0,3830.0,630,0.0,0.0
2024-07-03 13:55:00+09:00,3835.0,3835.0,3825.0,3835.0,824,0.0,0.0
2024-07-03 14:00:00+09:00,3835.0,3835.0,3830.0,3830.0,315,0.0,0.0
2024-07-03 14:05:00+09:00,3830.0,3845.0,3830.0,3845.0,57,0.0,0.0
2024-07-03 14:10:00+09:00,3845.0,3845.0,3845.0,3845.0,1,0.0,0.0
2024-07-03 14:15:00+09:00,3845.0,3845.0,3845.0,3845.0,1,0.0,0.0
2024-07-03 14:20:00+09:00,3840.0,3840.0,3840.0,3840.0,197,0.0,0.0
2024-07-03 14:25:00+09:00,3840.0,3840.0,3835.0,3840.0,0,0.0,0.0
2024-07-03 14:30:00+09:00,3840.0,3845.0,3840.0,3840.0,981,0.0,0.0
2024-07-03 14:35:00+09:00,3840.0,3840.0,3835.0,3840.0,122,0.0,0.0
2024-07-03 14:40:00+09:00,3840.0,3840.0,3840.0,3840.0,14,0.0,0.0
2024-07-03 14:45:00+09:00,3840.0,3840.0,3840.0,3840.0,50,0.0,0.0
2024-07-03 14:50:00+09:00,3840.0,3840.0,3840.0,3840.0,73,0.0,0.0
2024-07-03 14:55:00+09:00,3840.0,3840.0,3825.0,3825.0,1550,0.0,0.0
2024-07-04 09:00:00+09:00,3775.0,3785.0,3770.0,3770.0,2061,0.0,0.0
2024-07-04 09:05:00+09:00,3785.0,3785.0,3785.0,3785.0,0,0.0,0.0
2024-07-04 09:10:00+09:00,3780.0,3780.0,3775.0,3775.0,1321,0.0,0.0
2024-07-04 09:15:00+09:00,3785.0,3790.0,3785.0,3785.0,330,0.0,0.0
2024-07-04 09:20:00+09:00,3785.0,3785.0,3760.0,3760.0,1604,0.0,0.0
2024-07-04 09:30:00+09:00,3770.0,3785.0,3770.0,3785.0,72,0.0,0.0
2024-07-04 09:35:00+09:00,3785.0,3785.0,3770.0,3785.0,219,0.0,0.0
2024-07-04 09:40:00+09:00,3785.0,3785.0,3785.0,3785.0,471,0.0,0.0
2024-07-04 09:50:00+09:00,3785.0,3790.0,3785.0,3790.0,29,0.0,0.0
2024-07-04 09:55:00+09:00,3790.0,3795.0,3790.0,3795.0,118,0.0,0.0
2024-07-04 10:00:00+09:00,3795.0,3795.0,3790.0,3795.0,0,0.0,0.0
2024-07-04 10:05:00+09:00,3795.0,3795.0,3795.0,3795.0,64,0.0,0.0
2024-07-04 10:10:00+09:00,3795.0,3795.0,3795.0,3795.0,0,0.0,0.0
2024-07-04 10:15:00+09:00,3795.0,3795.0,3795.0,3795.0,10,0.0,0.0
2024-07-04 10:20:00+09:00,3795.0,3795.0,3795.0,3795.0,8,0.0,0.0
2024-07-04 10:25:00+09:00,3795.0,3800.0,3795.0,3795.0,284,0.0,0.0
2024-07-04 10:30:00+09:00,3795.0,3795.0,3795.0,3795.0,0,0.0,0.0
2024-07-04 10:35:00+09:00,3790.0,3790.0,3790.0,3790.0,177,0.0,0.0
2024-07-04 10:40:00+09:00,3785.0,3790.0,3780.0,3780.0,453,0.0,0.0
2024-07-04 10:45:00+09:00,3790.0,3790.0,3785.0,3785.0,27,0.0,0.0
2024-07-04 10:50:00+09:00,3785.0,3785.0,3785.0,3785.0,4,0.0,0.0
2024-07-04 10:55:00+09:00,3780.0,3780.0,3775.0,3775.0,628,0.0,0.0
2024-07-04 11:00:00+09:00,3775.0,3775.0,3775.0,3775.0,5,0.0,0.0
2024-07-04 11:15:00+09:00,3775.0,3775.0,3775.0,3775.0,3,0.0,0.0
2024-07-04 11:20:00+09:00,3770.0,3775.0,3770.0,3775.0,297,0.0,0.0
2024-07-04 11:25:00+09:00,3775.0,3775.0,3775.0,3775.0,68,0.0,0.0
2024-07-04 11:30:00+09:00,3775.0,3775.0,3775.0,3775.0,64,0.0,0.0
2024-07-04 11:35:00+09:00,3775.0,3775.0,3775.0,3775.0,45,0.0,0.0
2024-07-04 11:40:00+09:00,3770.0,3775.0,3770.0,3775.0,404,0.0,0.0
2024-07-04 11:45:00+09:00,3775.0,3775.0,3775.0,3775.0,7,0.0,0.0
2024-07-04 11:50:00+09:00,3775.0,3775.0,3775.0,3775.0,13,0.0,0.0
2024-07-04 11:55:00+09:00,3775.0,3775.0,3775.0,3775.0,57,0.0,0.0
2024-07-04 12:05:00+09:00,3775.0,3775.0,3770.0,3770.0,34,0.0,0.0
2024-07-04 12:10:00+09:00,3770.0,3770.0,3770.0,3770.0,7,0.0,0.0
2024-07-04 12:20:00+09:00,3770.0,3775.0,3770.0,3770.0,14,0.0,0.0
2024-07-04 12:25:00+09:00,3775.0,3775.0,3770.0,3775.0,28,0.0,0.0
2024-07-04 12:30:00+09:00,3775.0,3775.0,3775.0,3775.0,22,0.0,0.0
2024-07-04 12:35:00+09:00,3775.0,3775.0,3775.0,3775.0,18,0.0,0.0
2024-07-04 12:40:00+09:00,3775.0,3775.0,3775.0,3775.0,84,0.0,0.0
2024-07-04 12:45:00+09:00,3775.0,3775.0,3770.0,3775.0,1923,0.0,0.0
2024-07-04 12:50:00+09:00,3765.0,3770.0,3735.0,3770.0,12284,0.0,0.0
2024-07-04 12:55:00+09:00,3770.0,3770.0,3770.0,3770.0,39,0.0,0.0
2024-07-04 13:00:00+09:00,3770.0,3770.0,3760.0,3760.0,0,0.0,0.0
2024-07-04 13:10:00+09:00,3760.0,3760.0,3760.0,3760.0,2,0.0,0.0
2024-07-04 13:15:00+09:00,3760.0,3760.0,3760.0,3760.0,8,0.0,0.0
2024-07-04 13:20:00+09:00,3755.0,3760.0,3750.0,3755.0,196,0.0,0.0
2024-07-04 13:25:00+09:00,3760.0,3760.0,3760.0,3760.0,300,0.0,0.0
2024-07-04 13:30:00+09:00,3750.0,3755.0,3750.0,3755.0,495,0.0,0.0
2024-07-04 13:40:00+09:00,3750.0,3760.0,3750.0,3755.0,12163,0.0,0.0
2024-07-04 13:45:00+09:00,3755.0,3755.0,3755.0,3755.0,0,0.0,0.0
2024-07-04 13:50:00+09:00,3770.0,3770.0,3770.0,3770.0,2,0.0,0.0
2024-07-04 13:55:00+09:00,3770.0,3770.0,3755.0,3770.0,139,0.0,0.0
2024-07-04 14:00:00+09:00,3760.0,3770.0,3750.0,3770.0,1153,0.0,0.0
2024-07-04 14:05:00+09:00,3770.0,3770.0,3765.0,3765.0,12,0.0,0.0
2024-07-04 14:15:00+09:00,3765.0,3770.0,3765.0,3770.0,10,0.0,0.0
2024-07-04 14:20:00+09:00,3770.0,3770.0,3770.0,3770.0,60,0.0,0.0
2024-07-04 14:25:00+09:00,3770.0,3770.0,3770.0,3770.0,81,0.0,0.0
2024-07-04 14:30:00+09:00,3770.0,3770.0,3760.0,3760.0,255,0.0,0.0
2024-07-04 14:35:00+09:00,3760.0,3760.0,3760.0,3760.0,51,0.0,0.0
2024-07-04 14:40:00+09:00,3760.0,3760.0,3755.0,3755.0,25,0.0,0.0
2024-07-04 14:45:00+09:00,3755.0,3770.0,3755.0,3770.0,283,0.0,0.0
2024-07-04 14:50:00+09:00,3765.0,3765.0,3755.0,3755.0,89,0.0,0.0
2024-07-04 14:55:00+09:00,3770.0,3770.0,3770.0,3770.0,18,0.0,0.0
2024-07-05 09:00:00+09:00,3750.0,3790.0,3750.0,3755.0,4835,0.0,0.0
2024-07-05 09:05:00+09:00,3755.0,3790.0,3755.0,3785.0,2958,0.0,0.0
2024-07-05 09:20:00+09:00,3775.0,3775.0,3775.0,3775.0,223,0.0,0.0
2024-07-05 09:25:00+09:00,3775.0,3780.0,3775.0,3780.0,50,0.0,0.0
2024-07-05 09:30:00+09:00,3780.0,3780.0,3775.0,3775.0,0,0.0,0.0
2024-07-05 09:35:00+09:00,3780.0,3780.0,3780.0,3780.0,26,0.0,0.0
2024-07-05 09:40:00+09:00,3780.0,3780.0,3775.0,3780.0,54,0.0,0.0
2024-07-05 09:45:00+09:00,3780.0,3780.0,3780.0,3780.0,91,0.0,0.0
2024-07-05 09:55:00+09:00,3785.0,3785.0,3785.0,3785.0,286,0.0,0.0
2024-07-05 10:00:00+09:00,3785.0,3785.0,3785.0,3785.0,8,0.0,0.0
2024-07-05 10:05:00+09:00,3780.0,3785.0,3780.0,3785.0,104,0.0,0.0
2024-07-05 10:10:00+09:00,3785.0,3785.0,3785.0,3785.0,20,0.0,0.0
2024-07-05 10:15:00+09:00,3785.0,3785.0,3770.0,3770.0,393,0.0,0.0
2024-07-05 10:20:00+09:00,3770.0,3770.0,3770.0,3770.0,190,0.0,0.0
2024-07-05 10:25:00+09:00,3770.0,3770.0,3770.0,3770.0,5,0.0,0.0
2024-07-05 10:30:00+09:00,3770.0,3770.0,3770.0,3770.0,70,0.0,0.0
2024-07-05 10:35:00+09:00,3765.0,3765.0,3760.0,3760.0,564,0.0,0.0
2024-07-05 10:40:00+09:00,3770.0,3770.0,3770.0,3770.0,2,0.0,0.0
2024-07-05 10:45:00+09:00,3760.0,3760.0,3760.0,3760.0,1081,0.0,0.0
2024-07-05 10:50:00+09:00,3755.0,3760.0,3755.0,3760.0,416,0.0,0.0
2024-07-05 10:55:00+09:00,3755.0,3755.0,3755.0,3755.0,2,0.0,0.0
2024-07-05 11:00:00+09:00,3760.0,3760.0,3760.0,3760.0,35,0.0,0.0
2024-07-05 11:05:00+09:00,3760.0,3760.0,3760.0,3760.0,0,0.0,0.0
2024-07-05 11:10:00+09:00,3760.0,3760.0,3760.0,3760.0,12,0.0,0.0
2024-07-05 11:15:00+09:00,3755.0,3760.0,3750.0,3760.0,3966,0.0,0.0
2024-07-05 11:20:00+09:00,3760.0,3760.0,3760.0,3760.0,20,0.0,0.0
2024-07-05 11:25:00+09:00,3750.0,3750.0,3750.0,3750.0,162,0.0,0.0
2024-07-05 11:30:00+09:00,3755.0,3755.0,3755.0,3755.0,169,0.0,0.0
2024-07-05 11:35:00+09:00,3760.0,3760.0,3760.0,3760.0,24,0.0,0.0
2024-07-05 11:40:00+09:00,3760.0,3795.0,3760.0,3795.0,1166,0.0,0.0
2024-07-05 11:45:00+09:00,3795.0,3795.0,3795.0,3795.0,80,0.0,0.0
2024-07-05 11:50:00+09:00,3795.0,3795.0,3790.0,3795.0,252,0.0,0.0
2024-07-05 11:55:00+09:00,3790.0,3795.0,3790.0,3790.0,76,0.0,0.0
2024-07-05 12:00:00+09:00,3795.0,3795.0,3795.0,3795.0,57,0.0,0.0
2024-07-05 12:05:00+09:00,3785.0,3785.0,3755.0,3755.0,1996,0.0,0.0
2024-07-05 12:15:00+09:00,3770.0,3770.0,3760.0,3760.0,0,0.0,0.0
2024-07-05 12:20:00+09:00,3785.0,3785.0,3785.0,3785.0,912,0.0,0.0
2024-07-05 12:25:00+09:00,3785.0,3785.0,3785.0,3785.0,70,0.0,0.0
2024-07-05 12:35:00+09:00,3785.0,3785.0,3785.0,3785.0,1,0.0,0.0
2024-07-05 12:40:00+09:00,3785.0,3785.0,3760.0,3760.0,1664,0.0,0.0
2024-07-05 12:45:00+09:00,3770.0,3770.0,3755.0,3755.0,0,0.0,0.0
2024-07-05 12:50:00+09:00,3765.0,3765.0,3755.0,3755.0,798,0.0,0.0
2024-07-05 12:55:00+09:00,3770.0,3770.0,3770.0,3770.0,625,0.0,0.0
2024-07-05 13:00:00+09:00,3770.0,3770.0,3770.0,3770.0,25,0.0,0.0
2024-07-05 13:15:00+09:00,3770.0,3770.0,3760.0,3760.0,79,0.0,0.0
2024-07-05 13:30:00+09:00,3770.0,3770.0,3770.0,3770.0,1682,0.0,0.0
2024-07-05 13:35:00+09:00,3770.0,3770.0,3750.0,3750.0,1925,0.0,0.0
2024-07-05 13:40:00+09:00,3770.0,3770.0,3770.0,3770.0,0,0.0,0.0
2024-07-05 13:45:00+09:00,3755.0,3755.0,3755.0,3755.0,205,0.0,0.0
2024-07-05 13:50:00+09:00,3755.0,3770.0,3755.0,3760.0,42,0.0,0.0
2024-07-05 13:55:00+09:00,3765.0,3770.0,3765.0,3770.0,26,0.0,0.0
2024-07-05 14:00:00+09:00,3770.0,3770.0,3770.0,3770.0,750,0.0,0.0
2024-07-05 14:05:00+09:00,3765.0,3765.0,3765.0,3765.0,4,0.0,0.0
2024-07-05 14:10:00+09:00,3765.0,3765.0,3765.0,3765.0,19,0.0,0.0
2024-07-05 14:15:00+09:00,3760.0,3765.0,3760.0,3765.0,1521,0.0,0.0
2024-07-05 14:20:00+09:00,3770.0,3785.0,3770.0,3785.0,139,0.0,0.0
2024-07-05 14:25:00+09:00,3765.0,3770.0,3765.0,3770.0,536,0.0,0.0
2024-07-05 14:30:00+09:00,3770.0,3770.0,3770.0,3770.0,9,0.0,0.0
2024-07-05 14:35:00+09:00,3770.0,3780.0,3760.0,3780.0,179,0.0,0.0
2024-07-05 14:40:00+09:00,3780.0,3780.0,3760.0,3780.0,165,0.0,0.0
2024-07-05 14:45:00+09:00,3780.0,3780.0,3780.0,3780.0,8,0.0,0.0
2024-07-05 14:50:00+09:00,3780.0,3780.0,3760.0,3780.0,934,0.0,0.0
2024-07-05 14:55:00+09:00,3780.0,3780.0,3755.0,3755.0,1587,0.0,0.0
2024-07-08 09:00:00+09:00,3755.0,3770.0,3755.0,3770.0,0,0.0,0.0
2024-07-08 09:05:00+09:00,3770.0,3770.0,3755.0,3770.0,503,0.0,0.0
2024-07-08 09:10:00+09:00,3770.0,3770.0,3765.0,3765.0,860,0.0,0.0
2024-07-08 09:15:00+09:00,3770.0,3770.0,3770.0,3770.0,1917,0.0,0.0
2024-07-08 09:20:00+09:00,3790.0,3800.0,3790.0,3800.0,191,0.0,0.0
2024-07-08 09:25:00+09:00,3795.0,3795.0,3795.0,3795.0,120,0.0,0.0
2024-07-08 09:30:00+09:00,3795.0,3795.0,3780.0,3795.0,387,0.0,0.0
2024-07-08 09:35:00+09:00,3795.0,3795.0,3795.0,3795.0,274,0.0,0.0
2024-07-08 09:40:00+09:00,3790.0,3790.0,3790.0,3790.0,10,0.0,0.0
2024-07-08 09:45:00+09:00,3785.0,3785.0,3780.0,3785.0,60,0.0,0.0
2024-07-08 09:50:00+09:00,3785.0,3785.0,3785.0,3785.0,3,0.0,0.0
2024-07-08 09:55:00+09:00,3780.0,3780.0,3775.0,3775.0,544,0.0,0.0
2024-07-08 10:00:00+09:00,3770.0,3780.0,3770.0,3780.0,732,0.0,0.0
2024-07-08 10:05:00+09:00,3785.0,3785.0,3785.0,3785.0,0,0.0,0.0
2024-07-08 10:10:00+09:00,3780.0,3780.0,3780.0,3780.0,113,0.0,0.0
2024-07-08 10:15:00+09:00,3780.0,3780.0,3765.0,3765.0,1051,0.0,0.0
2024-07-08 10:20:00+09:00,3770.0,3770.0,3770.0,3770.0,2,0.0,0.0
2024-07-08 10:25:00+09:00,3770.0,3770.0,3750.0,3770.0,1484,0.0,0.0
2024-07-08 10:30:00+09:00,3770.0,3770.0,3770.0,3770.0,0,0.0,0.0
2024-07-08 10:35:00+09:00,3765.0,3770.0,3765.0,3770.0,56,0.0,0.0
2024-07-08 10:45:00+09:00,3765.0,3765.0,3760.0,3760.0,1580,0.0,0.0
2024-07-08 10:50:00+09:00,3760.0,3770.0,3755.0,3770.0,203,0.0,0.0
2024-07-08 10:55:00+09:00,3755.0,3770.0,3755.0,3770.0,2,0.0,0.0
2024-07-08 11:05:00+09:00,3770.0,3770.0,3770.0,3770.0,13,0.0,0.0
2024-07-08 11:15:00+09:00,3770.0,3770.0,3770.0,3770.0,13,0.0,0.0
2024-07-08 11:20:00+09:00,3760.0,3770.0,3760.0,3770.0,133,0.0,0.0
2024-07-08 11:25:00+09:00,3770.0,3770.0,3770.0,3770.0,333,0.0,0.0
2024-07-08 11:30:00+09:00,3770.0,3770.0,3770.0,3770.0,4,0.0,0.0
2024-07-08 11:40:00+09:00,3770.0,3770.0,3770.0,3770.0,23,0.0,0.0
2024-07-08 11:45:00+09:00,3770.0,3770.0,3770.0,3770.0,0,0.0,0.0
2024-07-08 11:50:00+09:00,3770.0,3770.0,3770.0,3770.0,1,0.0,0.0
2024-07-08 11:55:00+09:00,3770.0,3770.0,3770.0,3770.0,33,0.0,0.0
2024-07-08 12:00:00+09:00,3765.0,3770.0,3765.0,3770.0,0,0.0,0.0
2024-07-08 12:05:00+09:00,3765.0,3770.0,3765.0,3770.0,2,0.0,0.0
2024-07-08 12:10:00+09:00,3770.0,3770.0,3765.0,3765.0,344,0.0,0.0
2024-07-08 12:15:00+09:00,3770.0,3770.0,3770.0,3770.0,5,0.0,0.0
2024-07-08 12:20:00+09:00,3770.0,3770.0,3770.0,3770.0,2,0.0,0.0
2024-07-08 12:25:00+09:00,3765.0,3770.0,3765.0,3765.0,1002,0.0,0.0
2024-07-08 12:30:00+09:00,3770.0,3770.0,3770.0,3770.0,0,0.0,0.0
2024-07-08 12:35:00+09:00,3770.0,3770.0,3770.0,3770.0,0,0.0,0.0
2024-07-08 12:40:00+09:00,3770.0,3770.0,3770.0,3770.0,13112,0.0,0.0
2024-07-08 12:45:00+09:00,3765.0,3765.0,3765.0,3765.0,0,0.0,0.0
2024-07-08 12:50:00+09:00,3765.0,3770.0,3760.0,3770.0,100,0.0,0.0
2024-07-08 12:55:00+09:00,3765.0,3770.0,3765.0,3770.0,25,0.0,0.0
2024-07-08 13:00:00+09:00,3770.0,3770.0,3765.0,3765.0,0,0.0,0.0
2024-07-08 13:05:00+09:00,3765.0,3770.0,3765.0,3765.0,10,0.0,0.0
2024-07-08 13:10:00+09:00,3765.0,3765.0,3765.0,3765.0,600,0.0,0.0
2024-07-08 13:15:00+09:00,3770.0,3770.0,3770.0,3770.0,0,0.0,0.0
2024-07-08 13:20:00+09:00,3770.0,3770.0,3770.0,3770.0,366,0.0,0.0
2024-07-08 13:25:00+09:00,3770.0,3770.0,3770.0,3770.0,2,0.0,0.0
2024-07-08 13:30:00+09:00,3770.0,3770.0,3770.0,3770.0,90,0.0,0.0
2024-07-08 13:35:00+09:00,3770.0,3770.0,3770.0,3770.0,161,0.0,0.0
2024-07-08 13:40:00+09:00,3770.0,3770.0,3770.0,3770.0,0,0.0,0.0
2024-07-08 13:50:00+09:00,3770.0,3770.0,3770.0,3770.0,5,0.0,0.0
2024-07-08 13:55:00+09:00,3770.0,3770.0,3770.0,3770.0,1244,0.0,0.0
2024-07-08 14:00:00+09:00,3770.0,3780.0,3770.0,3780.0,614,0.0,0.0
2024-07-08 14:15:00+09:00,3780.0,3780.0,3780.0,3780.0,51,0.0,0.0
2024-07-08 14:20:00+09:00,3780.0,3780.0,3780.0,3780.0,28,0.0,0.0
2024-07-08 14:25:00+09:00,3770.0,3770.0,3770.0,3770.0,84,0.0,0.0
2024-07-08 14:30:00+09:00,3780.0,3780.0,3780.0,3780.0,7,0.0,0.0
2024-07-08 14:35:00+09:00,3770.0,3770.0,3770.0,3770.0,60,0.0,0.0
2024-07-08 14:40:00+09:00,3770.0,3780.0,3770.0,3780.0,2009,0.0,0.0
2024-07-08 14:45:00+09:00,3780.0,3780.0,3765.0,3780.0,843,0.0,0.0
2024-07-08 14:50:00+09:00,3780.0,3780.0,3780.0,3780.0,205,0.0,0.0
2024-07-08 14:55:00+09:00,3780.0,3780.0,3780.0,3780.0,44,0.0,0.0
2024-07-09 09:00:00+09:00,3800.0,3800.0,3800.0,3800.0,778,0.0,0.0
2024-07-09 09:05:00+09:00,3810.0,3810.0,3800.0,3800.0,0,0.0,0.0
2024-07-09 09:10:00+09:00,3800.0,3800.0,3800.0,3800.0,84,0.0,0.0
2024-07-09 09:15:00+09:00,3800.0,3800.0,3795.0,3800.0,45,0.0,0.0
2024-07-09 09:20:00+09:00,3800.0,3800.0,3795.0,3800.0,128,0.0,0.0
2024-07-09 09:25:00+09:00,3795.0,3810.0,3795.0,3810.0,507,0.0,0.0
2024-07-09 09:30:00+09:00,3810.0,3810.0,3800.0,3800.0,714,0.0,0.0
2024-07-09 09:40:00+09:00,3800.0,3810.0,3800.0,3810.0,0,0.0,0.0
2024-07-09 09:45:00+09:00,3810.0,3810.0,3790.0,3795.0,491,0.0,0.0
2024-07-09 09:50:00+09:00,3795.0,3795.0,3795.0,3795.0,148,0.0,0.0
2024-07-09 09:55:00+09:00,3795.0,3795.0,3795.0,3795.0,48,0.0,0.0
2024-07-09 10:00:00+09:00,3795.0,3795.0,3795.0,3795.0,83,0.0,0.0
2024-07-09 10:05:00+09:00,3795.0,3795.0,3795.0,3795.0,0,0.0,0.0
2024-07-09 10:10:00+09:00,3795.0,3795.0,3795.0,3795.0,275,0.0,0.0
2024-07-09 10:15:00+09:00,3795.0,3810.0,3790.0,3810.0,432,0.0,0.0
2024-07-09 10:20:00+09:00,3810.0,3810.0,3800.0,3800.0,410,0.0,0.0
2024-07-09 10:25:00+09:00,3800.0,3810.0,3795.0,3810.0,0,0.0,0.0
2024-07-09 10:35:00+09:00,3805.0,3805.0,3805.0,3805.0,24,0.0,0.0
2024-07-09 10:40:00+09:00,3810.0,3810.0,3810.0,3810.0,0,0.0,0.0
2024-07-09 10:45:00+09:00,3800.0,3810.0,3800.0,3810.0,102,0.0,0.0
2024-07-09 10:50:00+09:00,3800.0,3810.0,3790.0,3810.0,273,0.0,0.0
2024-07-09 10:55:00+09:00,3790.0,3810.0,3790.0,3805.0,10,0.0,0.0
2024-07-09 11:00:00+09:00,3805.0,3805.0,3800.0,3800.0,0,0.0,0.0
2024-07-09 11:05:00+09:00,3805.0,3805.0,3805.0,3805.0,1,0.0,0.0
2024-07-09 11:15:00+09:00,3795.0,3795.0,3790.0,3790.0,700,0.0,0.0
2024-07-09 11:20:00+09:00,3805.0,3805.0,3790.0,3790.0,123,0.0,0.0
2024-07-09 11:25:00+09:00,3790.0,3790.0,3790.0,3790.0,201,0.0,0.0
2024-07-09 11:35:00+09:00,3790.0,3790.0,3785.0,3785.0,260,0.0,0.0
2024-07-09 11:40:00+09:00,3800.0,3800.0,3800.0,3800.0,0,0.0,0.0
2024-07-09 11:50:00+09:00,3785.0,3785.0,3780.0,3780.0,3273,0.0,0.0
2024-07-09 12:00:00+09:00,3780.0,3780.0,3780.0,3780.0,0,0.0,0.0
2024-07-09 12:05:00+09:00,3780.0,3785.0,3780.0,3785.0,113,0.0,0.0
2024-07-09 12:10:00+09:00,3790.0,3790.0,3790.0,3790.0,1,0.0,0.0
2024-07-09 12:15:00+09:00,3790.0,3790.0,3790.0,3790.0,0,0.0,0.0
2024-07-09 12:20:00+09:00,3790.0,3790.0,3790.0,3790.0,64,0.0,0.0
2024-07-09 12:25:00+09:00,3790.0,3790.0,3790.0,3790.0,37,0.0,0.0
2024-07-09 12:30:00+09:00,3790.0,3795.0,3790.0,3795.0,107,0.0,0.0
2024-07-09 12:35:00+09:00,3790.0,3800.0,3790.0,3800.0,54,0.0,0.0
2024-07-09 12:45:00+09:00,3795.0,3795.0,3795.0,3795.0,291,0.0,0.0
2024-07-09 12:50:00+09:00,3795.0,3800.0,3795.0,3800.0,86,0.0,0.0
2024-07-09 13:00:00+09:00,3800.0,3800.0,3800.0,3800.0,6,0.0,0.0
2024-07-09 13:10:00+09:00,3785.0,3800.0,3785.0,3800.0,22,0.0,0.0
2024-07-09 13:15:00+09:00,3800.0,3800.0,3800.0,3800.0,26,0.0,0.0
2024-07-09 13:20:00+09:00,3800.0,3800.0,3790.0,3790.0,15,0.0,0.0
2024-07-09 13:25:00+09:00,3790.0,3790.0,3790.0,3790.0,52,0.0,0.0
2024-07-09 13:30:00+09:00,3790.0,3790.0,3785.0,3790.0,0,0.0,0.0
2024-07-09 13:35:00+09:00,3790.0,3790.0,3785.0,3785.0,618,0.0,0.0
2024-07-09 13:40:00+09:00,3790.0,3790.0,3785.0,3790.0,0,0.0,0.0
2024-07-09 13:45:00+09:00,3790.0,3795.0,3790.0,3795.0,128,0.0,0.0
2024-07-09 13:50:00+09:00,3790.0,3800.0,3785.0,3800.0,170,0.0,0.0
2024-07-09 13:55:00+09:00,3785.0,3790.0,3780.0,3780.0,1013,0.0,0.0
2024-07-09 14:00:00+09:00,3775.0,3790.0,3775.0,3790.0,190,0.0,0.0
2024-07-09 14:05:00+09:00,3795.0,3795.0,3795.0,3795.0,1,0.0,0.0
2024-07-09 14:10:00+09:00,3790.0,3795.0,3790.0,3795.0,29,0.0,0.0
2024-07-09 14:15:00+09:00,3795.0,3795.0,3795.0,3795.0,0,0.0,0.0
2024-07-09 14:20:00+09:00,3795.0,3795.0,3775.0,3775.0,3770,0.0,0.0
2024-07-09 14:30:00+09:00,3780.0,3780.0,3780.0,3780.0,120,0.0,0.0
2024-07-09 14:35:00+09:00,3795.0,3795.0,3790.0,3790.0,12,0.0,0.0
2024-07-09 14:40:00+09:00,3790.0,3795.0,3790.0,3795.0,167,0.0,0.0
2024-07-09 14:45:00+09:00,3795.0,3795.0,3790.0,3790.0,0,0.0,0.0
2024-07-09 14:50:00+09:00,3795.0,3795.0,3785.0,3785.0,55,0.0,0.0
2024-07-09 14:55:00+09:00,3790.0,3790.0,3790.0,3790.0,28,0.0,0.0
2024-07-10 09:00:00+09:00,3810.0,3810.0,3795.0,3810.0,168,0.0,0.0
2024-07-10 09:05:00+09:00,3810.0,3810.0,3810.0,3810.0,115,0.0,0.0
2024-07-10 09:10:00+09:00,3795.0,3810.0,3790.0,3805.0,226,0.0,0.0
2024-07-10 09:15:00+09:00,3805.0,3810.0,3800.0,3800.0,19,0.0,0.0
2024-07-10 09:25:00+09:00,3800.0,3800.0,3800.0,3800.0,12,0.0,0.0
2024-07-10 09:30:00+09:00,3800.0,3800.0,3795.0,3795.0,127,0.0,0.0
2024-07-10 09:35:00+09:00,3795.0,3800.0,3795.0,3800.0,0,0.0,0.0
2024-07-10 09:40:00+09:00,3800.0,3800.0,3800.0,3800.0,13,0.0,0.0
2024-07-10 09:45:00+09:00,3795.0,3795.0,3790.0,3790.0,398,0.0,0.0
2024-07-10 09:50:00+09:00,3800.0,3800.0,3785.0,3800.0,37,0.0,0.0
2024-07-10 09:55:00+09:00,3795.0,3800.0,3775.0,3800.0,812,0.0,0.0
2024-07-10 10:00:00+09:00,3800.0,3800.0,3800.0,3800.0,0,0.0,0.0
2024-07-10 10:10:00+09:00,3800.0,3800.0,3800.0,3800.0,11,0.0,0.0
2024-07-10 10:15:00+09:00,3800.0,3800.0,3775.0,3800.0,92,0.0,0.0
2024-07-10 10:20:00+09:00,3800.0,3800.0,3800.0,3800.0,32,0.0,0.0
2024-07-10 10:25:00+09:00,3800.0,3800.0,3800.0,3800.0,2,0.0,0.0
2024-07-10 10:30:00+09:00,3800.0,3800.0,3800.0,3800.0,10,0.0,0.0
2024-07-10 10:40:00+09:00,3795.0,3795.0,3790.0,3790.0,29,0.0,0.0
2024-07-10 10:45:00+09:00,3780.0,3790.0,3780.0,3790.0,175,0.0,0.0
2024-07-10 10:50:00+09:00,3785.0,3785.0,3785.0,3785.0,63,0.0,0.0
2024-07-10 10:55:00+09:00,3775.0,3790.0,3775.0,3790.0,2,0.0,0.0
2024-07-10 11:00:00+09:00,3790.0,3790.0,3790.0,3790.0,2,0.0,0.0
2024-07-10 11:05:00+09:00,3790.0,3790.0,3790.0,3790.0,41,0.0,0.0
2024-07-10 11:10:00+09:00,3790.0,3790.0,3790.0,3790.0,31,0.0,0.0
2024-07-10 11:15:00+09:00,3785.0,3785.0,3775.0,3775.0,97,0.0,0.0
2024-07-10 11:20:00+09:00,3775.0,3775.0,3775.0,3775.0,50,0.0,0.0
2024-07-10 11:25:00+09:00,3790.0,3790.0,3790.0,3790.0,55,0.0,0.0
2024-07-10 11:30:00+09:00,3790.0,3790.0,3790.0,3790.0,33,0.0,0.0
2024-07-10 11:35:00+09:00,3785.0,3790.0,3775.0,3790.0,111,0.0,0.0
2024-07-10 11:40:00+09:00,3790.0,3790.0,3790.0,3790.0,110,0.0,0.0
2024-07-10 11:45:00+09:00,3790.0,3790.0,3780.0,3785.0,190,0.0,0.0
2024-07-10 11:55:00+09:00,3785.0,3785.0,3785.0,3785.0,21,0.0,0.0
2024-07-10 12:00:00+09:00,3785.0,3790.0,3785.0,3790.0,32,0.0,0.0
2024-07-10 12:10:00+09:00,3785.0,3785.0,3780.0,3780.0,368,0.0,0.0
2024-07-10 12:15:00+09:00,3780.0,3780.0,3780.0,3780.0,0,0.0,0.0
2024-07-10 12:20:00+09:00,3780.0,3780.0,3780.0,3780.0,151,0.0,0.0
2024-07-10 12:25:00+09:00,3780.0,3780.0,3780.0,3780.0,0,0.0,0.0
2024-07-10 12:30:00+09:00,3780.0,3780.0,3780.0,3780.0,250,0.0,0.0
2024-07-10 12:40:00+09:00,3780.0,3780.0,3780.0,3780.0,11,0.0,0.0
2024-07-10 12:45:00+09:00,3780.0,3780.0,3780.0,3780.0,14,0.0,0.0
2024-07-10 12:50:00+09:00,3780.0,3780.0,3780.0,3780.0,31,0.0,0.0
2024-07-10 13:00:00+09:00,3780.0,3780.0,3780.0,3780.0,30,0.0,0.0
2024-07-10 13:05:00+09:00,3780.0,3780.0,3780.0,3780.0,0,0.0,0.0
2024-07-10 13:10:00+09:00,3775.0,3775.0,3775.0,3775.0,315,0.0,0.0
2024-07-10 13:15:00+09:00,3780.0,3780.0,3780.0,3780.0,0,0.0,0.0
2024-07-10 13:25:00+09:00,3780.0,3780.0,3780.0,3780.0,52,0.0,0.0
2024-07-10 13:30:00+09:00,3775.0,3775.0,3775.0,3775.0,254,0.0,0.0
2024-07-10 13:35:00+09:00,3780.0,3780.0,3780.0,3780.0,13,0.0,0.0
2024-07-10 13:40:00+09:00,3780.0,3780.0,3780.0,3780.0,23,0.0,0.0
2024-07-10 13:45:00+09:00,3780.0,3780.0,3780.0,3780.0,489,0.0,0.0
2024-07-10 13:50:00+09:00,3785.0,3785.0,3785.0,3785.0,5,0.0,0.0
2024-07-10 13:55:00+09:00,3785.0,3785.0,3785.0,3785.0,15,0.0,0.0
2024-07-10 14:00:00+09:00,3785.0,3785.0,3785.0,3785.0,14,0.0,0.0
2024-07-10 14:05:00+09:00,3785.0,3785.0,3785.0,3785.0,7,0.0,0.0
2024-07-10 14:10:00+09:00,3785.0,3785.0,3785.0,3785.0,6,0.0,0.0
2024-07-10 14:15:00+09:00,3785.0,3785.0,3780.0,3785.0,17,0.0,0.0
2024-07-10 14:20:00+09:00,3785.0,3785.0,3785.0,3785.0,5,0.0,0.0
2024-07-10 14:30:00+09:00,3785.0,3785.0,3785.0,3785.0,28,0.0,0.0
2024-07-10 14:35:00+09:00,3785.0,3785.0,3785.0,3785.0,60,0.0,0.0
2024-07-10 14:40:00+09:00,3785.0,3785.0,3785.0,3785.0,49,0.0,0.0
2024-07-10 14:45:00+09:00,3785.0,3785.0,3780.0,3780.0,977,0.0,0.0
2024-07-10 14:50:00+09:00,3785.0,3790.0,3780.0,3790.0,0,0.0,0.0
2024-07-10 14:55:00+09:00,3790.0,3790.0,3790.0,3790.0,99,0.0,0.0
2024-07-11 09:00:00+09:00,3790.0,3795.0,3790.0,3790.0,1333,0.0,0.0
2024-07-11 09:05:00+09:00,3790.0,3790.0,3790.0,3790.0,0,0.0,0.0
2024-07-11 09:15:00+09:00,3790.0,3790.0,3790.0,3790.0,14,0.0,0.0
2024-07-11 09:20:00+09:00,3790.0,3790.0,3780.0,3780.0,670,0.0,0.0
2024-07-11 09:25:00+09:00,3780.0,3795.0,3780.0,3795.0,741,0.0,0.0
2024-07-11 09:30:00+09:00,3795.0,3800.0,3775.0,3775.0,379,0.0,0.0
2024-07-11 09:35:00+09:00,3800.0,3850.0,3800.0,3845.0,957,0.0,0.0
2024-07-11 09:40:00+09:00,3840.0,3840.0,3840.0,3840.0,901,0.0,0.0
2024-07-11 09:45:00+09:00,3840.0,3840.0,3830.0,3840.0,0,0.0,0.0
2024-07-11 09:50:00+09:00,3835.0,3840.0,3835.0,3840.0,254,0.0,0.0
2024-07-11 09:55:00+09:00,3840.0,3840.0,3840.0,3840.0,0,0.0,0.0
2024-07-11 10:00:00+09:00,3840.0,3840.0,3840.0,3840.0,6,0.0,0.0
2024-07-11 10:05:00+09:00,3830.0,3830.0,3780.0,3800.0,662,0.0,0.0
2024-07-11 10:10:00+09:00,3790.0,3840.0,3775.0,3840.0,3663,0.0,0.0
2024-07-11 10:15:00+09:00,3835.0,3835.0,3800.0,3800.0,1081,0.0,0.0
2024-07-11 10:20:00+09:00,3800.0,3800.0,3800.0,3800.0,4,0.0,0.0
2024-07-11 10:25:00+09:00,3800.0,3800.0,3800.0,3800.0,29,0.0,0.0
2024-07-11 10:30:00+09:00,3800.0,3800.0,3800.0,3800.0,0,0.0,0.0
2024-07-11 10:35:00+09:00,3795.0,3800.0,3775.0,3800.0,582,0.0,0.0
2024-07-11 10:40:00+09:00,3800.0,3800.0,3775.0,3775.0,374,0.0,0.0
2024-07-11 10:45:00+09:00,3800.0,3800.0,3800.0,3800.0,0,0.0,0.0
2024-07-11 10:50:00+09:00,3780.0,3800.0,3780.0,3800.0,0,0.0,0.0
2024-07-11 10:55:00+09:00,3785.0,3800.0,3785.0,3800.0,11519,0.0,0.0
2024-07-11 11:00:00+09:00,3800.0,3800.0,3800.0,3800.0,0,0.0,0.0
2024-07-11 11:05:00+09:00,3800.0,3800.0,3800.0,3800.0,42,0.0,0.0
2024-07-11 11:10:00+09:00,3800.0,3800.0,3800.0,3800.0,8,0.0,0.0
2024-07-11 11:15:00+09:00,3800.0,3800.0,3800.0,3800.0,54,0.0,0.0
2024-07-11 11:25:00+09:00,3800.0,3800.0,3800.0,3800.0,2,0.0,0.0
2024-07-11 11:30:00+09:00,3795.0,3795.0,3790.0,3790.0,244,0.0,0.0
2024-07-11 11:35:00+09:00,3790.0,3790.0,3790.0,3790.0,40,0.0,0.0
2024-07-11 11:40:00+09:00,3790.0,3790.0,3775.0,3790.0,658,0.0,0.0
2024-07-11 11:45:00+09:00,3790.0,3790.0,3790.0,3790.0,0,0.0,0.0
2024-07-11 11:50:00+09:00,3790.0,3790.0,3790.0,3790.0,0,0.0,0.0
2024-07-11 12:05:00+09:00,3795.0,3795.0,3795.0,3795.0,1,0.0,0.0
2024-07-11 12:10:00+09:00,3795.0,3795.0,3795.0,3795.0,8,0.0,0.0
2024-07-11 12:35:00+09:00,3800.0,3800.0,3800.0,3800.0,7,0.0,0.0
2024-07-11 12:40:00+09:00,3800.0,3800.0,3800.0,3800.0,49,0.0,0.0
2024-07-11 12:45:00+09:00,3800.0,3800.0,3800.0,3800.0,21,0.0,0.0
2024-07-11 12:50:00+09:00,3800.0,3800.0,3800.0,3800.0,6,0.0,0.0
2024-07-11 13:00:00+09:00,3800.0,3800.0,3800.0,3800.0,26,0.0,0.0
2024-07-11 13:05:00+09:00,3800.0,3800.0,3775.0,3775.0,2574,0.0,0.0
2024-07-11 13:10:00+09:00,3795.0,3795.0,3795.0,3795.0,30,0.0,0.0
2024-07-11 13:20:00+09:00,3790.0,3790.0,3790.0,3790.0,2633,0.0,0.0
2024-07-11 13:25:00+09:00,3795.0,3795.0,3795.0,3795.0,0,0.0,0.0
2024-07-11 13:40:00+09:00,3790.0,3795.0,3785.0,3795.0,1051,0.0,0.0
2024-07-11 13:45:00+09:00,3795.0,3795.0,3795.0,3795.0,0,0.0,0.0
2024-07-11 13:50:00+09:00,3790.0,3795.0,3785.0,3795.0,35,0.0,0.0
2024-07-11 13:55:00+09:00,3795.0,3795.0,3795.0,3795.0,0,0.0,0.0
2024-07-11 14:00:00+09:00,3790.0,3795.0,3790.0,3795.0,33,0.0,0.0
2024-07-11 14:05:00+09:00,3790.0,3795.0,3790.0,3795.0,1,0.0,0.0
2024-07-11 14:10:00+09:00,3795.0,3795.0,3795.0,3795.0,26,0.0,0.0
2024-07-11 14:15:00+09:00,3790.0,3790.0,3790.0,3790.0,3,0.0,0.0
2024-07-11 14:20:00+09:00,3785.0,3790.0,3785.0,3790.0,62,0.0,0.0
2024-07-11 14:25:00+09:00,3785.0,3790.0,3755.0,3790.0,4202,0.0,0.0
2024-07-11 14:30:00+09:00,3790.0,3790.0,3785.0,3785.0,78,0.0,0.0
2024-07-11 14:35:00+09:00,3790.0,3790.0,3790.0,3790.0,1,0.0,0.0
2024-07-11 14:40:00+09:00,3790.0,3790.0,3770.0,3785.0,54,0.0,0.0
2024-07-11 14:45:00+09:00,3785.0,3785.0,3785.0,3785.0,79,0.0,0.0
2024-07-11 14:50:00+09:00,3785.0,3785.0,3785.0,3785.0,13,0.0,0.0
2024-07-11 14:55:00+09:00,3785.0,3785.0,3775.0,3775.0,210,0.0,0.0
2024-07-12 09:00:00+09:00,3840.0,3840.0,3830.0,3840.0,162,0.0,0.0
2024-07-12 09:05:00+09:00,3835.0,3835.0,3785.0,3810.0,2612,0.0,0.0
2024-07-12 09:10:00+09:00,3800.0,3800.0,3800.0,3800.0,97,0.0,0.0
2024-07-12 09:15:00+09:00,3800.0,3800.0,3790.0,3790.0,63,0.0,0.0
2024-07-12 09:20:00+09:00,3800.0,3800.0,3800.0,3800.0,2354,0.0,0.0
2024-07-12 09:25:00+09:00,3800.0,3810.0,3785.0,3785.0,1081,0.0,0.0
2024-07-12 09:30:00+09:00,3810.0,3810.0,3805.0,3810.0,0,0.0,0.0
2024-07-12 09:35:00+09:00,3805.0,3805.0,3800.0,3800.0,4,0.0,0.0
2024-07-12 09:40:00+09:00,3800.0,3800.0,3785.0,3800.0,2293,0.0,0.0
2024-07-12 09:45:00+09:00,3800.0,3800.0,3800.0,3800.0,1,0.0,0.0
2024-07-12 09:50:00+09:00,3800.0,3810.0,3770.0,3770.0,0,0.0,0.0
2024-07-12 09:55:00+09:00,3805.0,3805.0,3800.0,3800.0,10422,0.0,0.0
2024-07-12 10:00:00+09:00,3800.0,3800.0,3775.0,3800.0,1103,0.0,0.0
2024-07-12 10:05:00+09:00,3800.0,3800.0,3800.0,3800.0,2,0.0,0.0
2024-07-12 10:15:00+09:00,3800.0,3800.0,3800.0,3800.0,23,0.0,0.0
2024-07-12 10:30:00+09:00,3795.0,3795.0,3795.0,3795.0,29,0.0,0.0
2024-07-12 10:35:00+09:00,3795.0,3795.0,3795.0,3795.0,8,0.0,0.0
2024-07-12 10:40:00+09:00,3795.0,3795.0,3795.0,3795.0,2,0.0,0.0
2024-07-12 10:50:00+09:00,3795.0,3795.0,3795.0,3795.0,5,0.0,0.0
2024-07-12 10:55:00+09:00,3790.0,3795.0,3790.0,3790.0,19,0.0,0.0
2024-07-12 11:00:00+09:00,3795.0,3795.0,3795.0,3795.0,71,0.0,0.0
2024-07-12 11:05:00+09:00,3790.0,3800.0,3785.0,3800.0,390,0.0,0.0
2024-07-12 11:10:00+09:00,3800.0,3800.0,3800.0,3800.0,0,0.0,0.0
2024-07-12 11:30:00+09:00,3795.0,3795.0,3795.0,3795.0,0,0.0,0.0
2024-07-12 11:35:00+09:00,3795.0,3800.0,3775.0,3800.0,570,0.0,0.0
2024-07-12 11:45:00+09:00,3800.0,3800.0,3800.0,3800.0,7,0.0,0.0
2024-07-12 11:50:00+09:00,3800.0,3800.0,3800.0,3800.0,15,0.0,0.0
2024-07-12 11:55:00+09:00,3800.0,3800.0,3775.0,3775.0,107,0.0,0.0
2024-07-12 12:00:00+09:00,3800.0,3800.0,3795.0,3800.0,0,0.0,0.0
2024-07-12 12:05:00+09:00,3800.0,3800.0,3800.0,3800.0,77,0.0,0.0
2024-07-12 12:10:00+09:00,3800.0,3800.0,3800.0,3800.0,0,0.0,0.0
2024-07-12 12:20:00+09:00,3800.0,3800.0,3800.0,3800.0,10,0.0,0.0
2024-07-12 12:25:00+09:00,3795.0,3795.0,3790.0,3790.0,71,0.0,0.0
2024-07-12 12:40:00+09:00,3780.0,3790.0,3780.0,3790.0,651,0.0,0.0
2024-07-12 12:45:00+09:00,3790.0,3790.0,3790.0,3790.0,1,0.0,0.0
2024-07-12 12:50:00+09:00,3790.0,3790.0,3790.0,3790.0,2,0.0,0.0
2024-07-12 12:55:00+09:00,3790.0,3790.0,3790.0,3790.0,1,0.0,0.0
2024-07-12 13:00:00+09:00,3790.0,3795.0,3790.0,3795.0,8,0.0,0.0
2024-07-12 13:10:00+09:00,3795.0,3795.0,3795.0,3795.0,257,0.0,0.0
2024-07-12 13:15:00+09:00,3795.0,3795.0,3795.0,3795.0,2468,0.0,0.0
2024-07-12 13:20:00+09:00,3790.0,3800.0,3790.0,3800.0,534,0.0,0.0
2024-07-12 13:25:00+09:00,3800.0,3800.0,3800.0,3800.0,25,0.0,0.0
2024-07-12 13:30:00+09:00,3800.0,3800.0,3795.0,3800.0,58,0.0,0.0
2024-07-12 13:35:00+09:00,3800.0,3800.0,3800.0,3800.0,32,0.0,0.0
2024-07-12 13:40:00+09:00,3795.0,3795.0,3795.0,3795.0,24,0.0,0.0
2024-07-12 13:55:00+09:00,3795.0,3800.0,3775.0,3800.0,1101,0.0,0.0
2024-07-12 14:00:00+09:00,3800.0,3800.0,3800.0,3800.0,60,0.0,0.0
2024-07-12 14:05:00+09:00,3800.0,3800.0,3800.0,3800.0,10,0.0,0.0
2024-07-12 14:10:00+09:00,3795.0,3795.0,3795.0,3795.0,71,0.0,0.0
2024-07-12 14:15:00+09:00,3790.0,3795.0,3790.0,3795.0,3,0.0,0.0
2024-07-12 14:20:00+09:00,3795.0,3795.0,3795.0,3795.0,10,0.0,0.0
2024-07-12 14:25:00+09:00,3795.0,3795.0,3795.0,3795.0,0,0.0,0.0
2024-07-12 14:30:00+09:00,3795.0,3795.0,3795.0,3795.0,9,0.0,0.0
2024-07-12 14:35:00+09:00,3790.0,3795.0,3790.0,3795.0,45,0.0,0.0
2024-07-12 14:40:00+09:00,3795.0,3795.0,3795.0,3795.0,38,0.0,0.0
2024-07-12 14:45:00+09:00,3795.0,3795.0,3795.0,3795.0,10,0.0,0.0
2024-07-12 14:50:00+09:00,3795.0,3820.0,3795.0,3820.0,1148,0.0,0.0
2024-07-12 14:55:00+09:00,3795.0,3820.0,3795.0,3820.0,16,0.0,0.0
2024-07-15 09:00:00+09:00,3810.0,3815.0,3810.0,3815.0,0,0.0,0.0
2024-07-15 09:05:00+09:00,3810.0,3815.0,3810.0,3810.0,142,0.0,0.0
2024-07-15 09:10:00+09:00,3810.0,3810.0,3810.0,3810.0,0,0.0,0.0
2024-07-15 09:20:00+09:00,3810.0,3810.0,3810.0,3810.0,11,0.0,0.0
2024-07-15 09:25:00+09:00,3810.0,3810.0,3800.0,3800.0,600,0.0,0.0
2024-07-15 09:30:00+09:00,3810.0,3810.0,3780.0,3810.0,1010,0.0,0.0
2024-07-15 09:45:00+09:00,3800.0,3810.0,3800.0,3810.0,18,0.0,0.0
2024-07-15 09:50:00+09:00,3810.0,3810.0,3805.0,3810.0,391,0.0,0.0
2024-07-15 10:00:00+09:00,3810.0,3810.0,3810.0,3810.0,4,0.0,0.0
2024-07-15 10:05:00+09:00,3810.0,3810.0,3775.0,3775.0,514,0.0,0.0
2024-07-15 10:10:00+09:00,3795.0,3800.0,3795.0,3800.0,0,0.0,0.0
2024-07-15 10:15:00+09:00,3790.0,3790.0,3775.0,3780.0,3002,0.0,0.0
2024-07-15 10:20:00+09:00,3790.0,3805.0,3790.0,3805.0,0,0.0,0.0
2024-07-15 10:25:00+09:00,3805.0,3805.0,3805.0,3805.0,370,0.0,0.0
2024-07-15 10:35:00+09:00,3775.0,3775.0,3775.0,3775.0,800,0.0,0.0
2024-07-15 10:40:00+09:00,3805.0,3805.0,3760.0,3760.0,3779,0.0,0.0
2024-07-15 10:45:00+09:00,3780.0,3785.0,3765.0,3765.0,0,0.0,0.0
2024-07-15 10:50:00+09:00,3770.0,3770.0,3770.0,3770.0,768,0.0,0.0
2024-07-15 10:55:00+09:00,3770.0,3785.0,3770.0,3770.0,0,0.0,0.0
2024-07-15 11:00:00+09:00,3780.0,3785.0,3765.0,3780.0,688,0.0,0.0
2024-07-15 11:05:00+09:00,3785.0,3785.0,3785.0,3785.0,4,0.0,0.0
2024-07-15 11:10:00+09:00,3785.0,3785.0,3785.0,3785.0,47,0.0,0.0
2024-07-15 11:25:00+09:00,3780.0,3810.0,3760.0,3805.0,3084,0.0,0.0
2024-07-15 11:30:00+09:00,3805.0,3810.0,3805.0,3810.0,404,0.0,0.0
2024-07-15 11:35:00+09:00,3810.0,3810.0,3810.0,3810.0,0,0.0,0.0
2024-07-15 11:50:00+09:00,3805.0,3805.0,3805.0,3805.0,120,0.0,0.0
2024-07-15 11:55:00+09:00,3805.0,3805.0,3805.0,3805.0,0,0.0,0.0
2024-07-15 12:00:00+09:00,3800.0,3805.0,3800.0,3805.0,101,0.0,0.0
2024-07-15 12:05:00+09:00,3805.0,3805.0,3805.0,3805.0,26,0.0,0.0
2024-07-15 12:10:00+09:00,3805.0,3805.0,3805.0,3805.0,39,0.0,0.0
2024-07-15 12:15:00+09:00,3805.0,3805.0,3805.0,3805.0,0,0.0,0.0
2024-07-15 12:20:00+09:00,3805.0,3805.0,3805.0,3805.0,81,0.0,0.0
2024-07-15 12:25:00+09:00,3800.0,3800.0,3795.0,3795.0,1557,0.0,0.0
2024-07-15 12:40:00+09:00,3790.0,3800.0,3790.0,3790.0,0,0.0,0.0
2024-07-15 12:45:00+09:00,3790.0,3790.0,3790.0,3790.0,0,0.0,0.0
2024-07-15 12:50:00+09:00,3790.0,3790.0,3790.0,3790.0,10,0.0,0.0
2024-07-15 12:55:00+09:00,3790.0,3790.0,3790.0,3790.0,75,0.0,0.0
2024-07-15 13:00:00+09:00,3800.0,3800.0,3800.0,3800.0,0,0.0,0.0
2024-07-15 13:30:00+09:00,3800.0,3800.0,3800.0,3800.0,27,0.0,0.0
2024-07-15 13:55:00+09:00,3795.0,3800.0,3795.0,3800.0,401,0.0,0.0
2024-07-15 14:00:00+09:00,3795.0,3800.0,3795.0,3795.0,0,0.0,0.0
2024-07-15 14:05:00+09:00,3795.0,3800.0,3795.0,3800.0,10,0.0,0.0
2024-07-15 14:10:00+09:00,3800.0,3800.0,3795.0,3800.0,82,0.0,0.0
2024-07-15 14:15:00+09:00,3800.0,3800.0,3795.0,3795.0,140,0.0,0.0
2024-07-15 14:20:00+09:00,3795.0,3795.0,3795.0,3795.0,10,0.0,0.0
2024-07-15 14:25:00+09:00,3795.0,3795.0,3790.0,3790.0,69,0.0,0.0
2024-07-15 14:30:00+09:00,3790.0,3795.0,3790.0,3795.0,24,0.0,0.0
2024-07-15 14:35:00+09:00,3795.0,3795.0,3790.0,3790.0,207,0.0,0.0
2024-07-15 14:40:00+09:00,3795.0,3795.0,3795.0,3795.0,5,0.0,0.0
2024-07-15 14:45:00+09:00,3790.0,3795.0,3780.0,3780.0,2120,0.0,0.0
2024-07-15 14:50:00+09:00,3780.0,3795.0,3780.0,3795.0,73,0.0,0.0
2024-07-15 14:55:00+09:00,3790.0,3795.0,3790.0,3795.0,63,0.0,0.0
2024-07-16 09:00:00+09:00,3810.0,3810.0,3810.0,3810.0,205,0.0,0.0
2024-07-16 09:05:00+09:00,3805.0,3805.0,3770.0,3770.0,2012,0.0,0.0
2024-07-16 09:10:00+09:00,3805.0,3805.0,3780.0,3780.0,102,0.0,0.0
2024-07-16 09:15:00+09:00,3795.0,3805.0,3770.0,3805.0,1943,0.0,0.0
2024-07-16 09:20:00+09:00,3775.0,3800.0,3770.0,3800.0,70,0.0,0.0
2024-07-16 09:25:00+09:00,3800.0,3800.0,3800.0,3800.0,14,0.0,0.0
2024-07-16 09:30:00+09:00,3800.0,3800.0,3795.0,3800.0,81,0.0,0.0
2024-07-16 09:35:00+09:00,3790.0,3800.0,3790.0,3800.0,111,0.0,0.0
2024-07-16 09:40:00+09:00,3790.0,3790.0,3770.0,3790.0,977,0.0,0.0
2024-07-16 09:45:00+09:00,3790.0,3790.0,3790.0,3790.0,32,0.0,0.0
2024-07-16 09:50:00+09:00,3790.0,3790.0,3790.0,3790.0,350,0.0,0.0
2024-07-16 09:55:00+09:00,3790.0,3790.0,3775.0,3775.0,1044,0.0,0.0
2024-07-16 10:00:00+09:00,3785.0,3790.0,3760.0,3785.0,2582,0.0,0.0
2024-07-16 10:05:00+09:00,3760.0,3785.0,3760.0,3785.0,91,0.0,0.0
2024-07-16 10:10:00+09:00,3785.0,3785.0,3775.0,3775.0,108,0.0,0.0
2024-07-16 10:15:00+09:00,3775.0,3775.0,3765.0,3765.0,103,0.0,0.0
2024-07-16 10:20:00+09:00,3765.0,3785.0,3760.0,3780.0,2173,0.0,0.0
2024-07-16 10:25:00+09:00,3760.0,3780.0,3750.0,3780.0,2967,0.0,0.0
2024-07-16 10:30:00+09:00,3780.0,3780.0,3780.0,3780.0,15,0.0,0.0
2024-07-16 10:35:00+09:00,3775.0,3780.0,3775.0,3780.0,1,0.0,0.0
2024-07-16 10:40:00+09:00,3780.0,3780.0,3780.0,3780.0,8,0.0,0.0
2024-07-16 10:50:00+09:00,3775.0,3780.0,3770.0,3770.0,351,0.0,0.0
2024-07-16 10:55:00+09:00,3770.0,3780.0,3770.0,3780.0,35,0.0,0.0
2024-07-16 11:00:00+09:00,3780.0,3780.0,3780.0,3780.0,5,0.0,0.0
2024-07-16 11:10:00+09:00,3780.0,3780.0,3780.0,3780.0,16,0.0,0.0
2024-07-16 11:25:00+09:00,3780.0,3780.0,3780.0,3780.0,0,0.0,0.0
2024-07-16 11:35:00+09:00,3780.0,3780.0,3780.0,3780.0,140,0.0,0.0
2024-07-16 11:40:00+09:00,3780.0,3780.0,3780.0,3780.0,1,0.0,0.0
2024-07-16 11:45:00+09:00,3780.0,3780.0,3780.0,3780.0,5,0.0,0.0
2024-07-16 11:50:00+09:00,3780.0,3780.0,3775.0,3775.0,12,0.0,0.0
2024-07-16 11:55:00+09:00,3775.0,3775.0,3755.0,3755.0,1367,0.0,0.0
2024-07-16 12:00:00+09:00,3750.0,3760.0,3750.0,3750.0,1187,0.0,0.0
2024-07-16 12:05:00+09:00,3770.0,3780.0,3770.0,3780.0,8,0.0,0.0
2024-07-16 12:10:00+09:00,3780.0,3780.0,3780.0,3780.0,41,0.0,0.0
2024-07-16 12:15:00+09:00,3780.0,3780.0,3770.0,3775.0,11,0.0,0.0
2024-07-16 12:20:00+09:00,3780.0,3780.0,3780.0,3780.0,19,0.0,0.0
2024-07-16 12:25:00+09:00,3780.0,3780.0,3775.0,3775.0,22,0.0,0.0
2024-07-16 12:30:00+09:00,3770.0,3780.0,3770.0,3780.0,2,0.0,0.0
2024-07-16 12:35:00+09:00,3780.0,3780.0,3780.0,3780.0,9,0.0,0.0
2024-07-16 12:45:00+09:00,3780.0,3780.0,3775.0,3775.0,43,0.0,0.0
2024-07-16 12:50:00+09:00,3770.0,3770.0,3770.0,3770.0,501,0.0,0.0
2024-07-16 12:55:00+09:00,3770.0,3770.0,3770.0,3770.0,18,0.0,0.0
2024-07-16 13:00:00+09:00,3770.0,3770.0,3770.0,3770.0,0,0.0,0.0
2024-07-16 13:05:00+09:00,3770.0,3775.0,3770.0,3775.0,107,0.0,0.0
2024-07-16 13:10:00+09:00,3775.0,3775.0,3775.0,3775.0,53,0.0,0.0
2024-07-16 13:20:00+09:00,3775.0,3775.0,3775.0,3775.0,101,0.0,0.0
2024-07-16 13:35:00+09:00,3775.0,3775.0,3765.0,3765.0,845,0.0,0.0
2024-07-16 13:55:00+09:00,3765.0,3765.0,3740.0,3750.0,3168,0.0,0.0
2024-07-16 14:00:00+09:00,3765.0,3765.0,3765.0,3765.0,0,0.0,0.0
2024-07-16 14:10:00+09:00,3765.0,3765.0,3765.0,3765.0,6,0.0,0.0
2024-07-16 14:15:00+09:00,3760.0,3760.0,3740.0,3740.0,1809,0.0,0.0
2024-07-16 14:20:00+09:00,3750.0,3750.0,3745.0,3745.0,188,0.0,0.0
2024-07-16 14:25:00+09:00,3745.0,3760.0,3745.0,3760.0,84,0.0,0.0
2024-07-16 14:30:00+09:00,3760.0,3760.0,3760.0,3760.0,55,0.0,0.0
2024-07-16 14:35:00+09:00,3760.0,3760.0,3755.0,3760.0,138,0.0,0.0
2024-07-16 14:40:00+09:00,3760.0,3760.0,3760.0,3760.0,14,0.0,0.0
2024-07-16 14:45:00+09:00,3760.0,3765.0,3760.0,3765.0,75,0.0,0.0
2024-07-16 14:50:00+09:00,3765.0,3765.0,3765.0,3765.0,127,0.0,0.0
2024-07-16 14:55:00+09:00,3765.0,3765.0,3765.0,3765.0,448,0.0,0.0
2024-07-17 09:00:00+09:00,3795.0,3795.0,3795.0,3795.0,62,0.0,0.0
2024-07-17 09:05:00+09:00,3790.0,3795.0,3760.0,3795.0,586,0.0,0.0
2024-07-17 09:10:00+09:00,3790.0,3795.0,3790.0,3795.0,122,0.0,0.0
2024-07-17 09:25:00+09:00,3790.0,3790.0,3780.0,3780.0,33,0.0,0.0
2024-07-17 09:30:00+09:00,3780.0,3790.0,3765.0,3790.0,1898,0.0,0.0
2024-07-17 09:35:00+09:00,3785.0,3795.0,3750.0,3795.0,3152,0.0,0.0
2024-07-17 09:40:00+09:00,3770.0,3795.0,3765.0,3795.0,231,0.0,0.0
2024-07-17 09:45:00+09:00,3795.0,3795.0,3795.0,3795.0,50,0.0,0.0
2024-07-17 09:50:00+09:00,3770.0,3790.0,3770.0,3790.0,27,0.0,0.0
2024-07-17 09:55:00+09:00,3790.0,3790.0,3790.0,3790.0,16,0.0,0.0
2024-07-17 10:00:00+09:00,3790.0,3790.0,3785.0,3790.0,2,0.0,0.0
2024-07-17 10:10:00+09:00,3785.0,3785.0,3780.0,3785.0,34,0.0,0.0
2024-07-17 10:15:00+09:00,3785.0,3790.0,3785.0,3790.0,2,0.0,0.0
2024-07-17 10:20:00+09:00,3790.0,3790.0,3790.0,3790.0,25,0.0,0.0
2024-07-17 10:25:00+09:00,3790.0,3795.0,3785.0,3785.0,504,0.0,0.0
2024-07-17 10:30:00+09:00,3780.0,3780.0,3775.0,3780.0,135,0.0,0.0
2024-07-17 10:35:00+09:00,3780.0,3780.0,3780.0,3780.0,18,0.0,0.0
2024-07-17 10:40:00+09:00,3775.0,3775.0,3775.0,3775.0,0,0.0,0.0
2024-07-17 10:45:00+09:00,3770.0,3795.0,3765.0,3795.0,424,0.0,0.0
2024-07-17 10:55:00+09:00,3780.0,3790.0,3780.0,3780.0,33,0.0,0.0
2024-07-17 11:05:00+09:00,3780.0,3780.0,3780.0,3780.0,0,0.0,0.0
2024-07-17 11:10:00+09:00,3775.0,3780.0,3760.0,3770.0,148,0.0,0.0
2024-07-17 11:15:00+09:00,3765.0,3765.0,3765.0,3765.0,28,0.0,0.0
2024-07-17 11:20:00+09:00,3765.0,3765.0,3760.0,3765.0,1717,0.0,0.0
2024-07-17 11:40:00+09:00,3765.0,3765.0,3755.0,3755.0,573,0.0,0.0
2024-07-17 11:45:00+09:00,3755.0,3770.0,3755.0,3770.0,0,0.0,0.0
2024-07-17 11:55:00+09:00,3760.0,3760.0,3760.0,3760.0,1,0.0,0.0
2024-07-17 12:00:00+09:00,3775.0,3775.0,3775.0,3775.0,4,0.0,0.0
2024-07-17 12:10:00+09:00,3780.0,3785.0,3780.0,3785.0,21,0.0,0.0
2024-07-17 12:15:00+09:00,3780.0,3780.0,3760.0,3760.0,364,0.0,0.0
2024-07-17 12:20:00+09:00,3785.0,3785.0,3780.0,3780.0,7,0.0,0.0
2024-07-17 12:30:00+09:00,3770.0,3775.0,3770.0,3775.0,0,0.0,0.0
2024-07-17 12:35:00+09:00,3775.0,3780.0,3775.0,3780.0,101,0.0,0.0
2024-07-17 12:40:00+09:00,3780.0,3785.0,3780.0,3780.0,34,0.0,0.0
2024-07-17 12:45:00+09:00,3780.0,3780.0,3780.0,3780.0,117,0.0,0.0
2024-07-17 12:50:00+09:00,3780.0,3780.0,3780.0,3780.0,0,0.0,0.0
2024-07-17 12:55:00+09:00,3785.0,3785.0,3785.0,3785.0,0,0.0,0.0
2024-07-17 13:00:00+09:00,3785.0,3785.0,3785.0,3785.0,9,0.0,0.0
2024-07-17 13:05:00+09:00,3785.0,3785.0,3785.0,3785.0,21,0.0,0.0
2024-07-17 13:10:00+09:00,3780.0,3780.0,3780.0,3780.0,0,0.0,0.0
2024-07-17 13:15:00+09:00,3785.0,3785.0,3785.0,3785.0,15,0.0,0.0
2024-07-17 13:25:00+09:00,3785.0,3785.0,3785.0,3785.0,2,0.0,0.0
2024-07-17 13:30:00+09:00,3785.0,3785.0,3785.0,3785.0,4,0.0,0.0
2024-07-17 13:35:00+09:00,3780.0,3790.0,3780.0,3790.0,194,0.0,0.0
2024-07-17 13:40:00+09:00,3790.0,3790.0,3790.0,3790.0,8,0.0,0.0
2024-07-17 13:50:00+09:00,3790.0,3790.0,3790.0,3790.0,24,0.0,0.0
2024-07-17 14:00:00+09:00,3785.0,3790.0,3785.0,3785.0,4,0.0,0.0
2024-07-17 14:05:00+09:00,3780.0,3785.0,3780.0,3785.0,643,0.0,0.0
2024-07-17 14:10:00+09:00,3785.0,3785.0,3770.0,3770.0,525,0.0,0.0
2024-07-17 14:15:00+09:00,3785.0,3785.0,3780.0,3785.0,9,0.0,0.0
2024-07-17 14:25:00+09:00,3780.0,3785.0,3780.0,3785.0,222,0.0,0.0
2024-07-17 14:35:00+09:00,3785.0,3785.0,3785.0,3785.0,54,0.0,0.0
2024-07-17 14:40:00+09:00,3775.0,3785.0,3765.0,3770.0,283,0.0,0.0
2024-07-17 14:45:00+09:00,3785.0,3785.0,3765.0,3785.0,73,0.0,0.0
2024-07-17 14:50:00+09:00,3785.0,3785.0,3785.0,3785.0,22,0.0,0.0
2024-07-17 14:55:00+09:00,3785.0,3785.0,3770.0,3785.0,130,0.0,0.0
2024-07-18 09:00:00+09:00,3790.0,3790.0,3760.0,3760.0,256,0.0,0.0
2024-07-18 09:10:00+09:00,3785.0,3785.0,3780.0,3785.0,39,0.0,0.0
2024-07-18 09:15:00+09:00,3780.0,3780.0,3775.0,3775.0,3,0.0,0.0
2024-07-18 09:20:00+09:00,3780.0,3785.0,3775.0,3785.0,204,0.0,0.0
2024-07-18 09:25:00+09:00,3785.0,3785.0,3785.0,3785.0,34,0.0,0.0
2024-07-18 09:30:00+09:00,3785.0,3785.0,3785.0,3785.0,0,0.0,0.0
2024-07-18 09:35:00+09:00,3775.0,3785.0,3775.0,3785.0,8,0.0,0.0
2024-07-18 09:40:00+09:00,3780.0,3785.0,3780.0,3785.0,8,0.0,0.0
2024-07-18 09:45:00+09:00,3775.0,3785.0,3775.0,3785.0,18,0.0,0.0
2024-07-18 09:50:00+09:00,3780.0,3780.0,3780.0,3780.0,198,0.0,0.0
2024-07-18 09:55:00+09:00,3785.0,3785.0,3760.0,3760.0,1230,0.0,0.0
2024-07-18 10:00:00+09:00,3760.0,3780.0,3760.0,3775.0,76,0.0,0.0
2024-07-18 10:05:00+09:00,3780.0,3780.0,3780.0,3780.0,1,0.0,0.0
2024-07-18 10:10:00+09:00,3775.0,3780.0,3760.0,3765.0,81,0.0,0.0
2024-07-18 10:15:00+09:00,3780.0,3780.0,3780.0,3780.0,3,0.0,0.0
2024-07-18 10:25:00+09:00,3780.0,3780.0,3780.0,3780.0,28,0.0,0.0
2024-07-18 10:30:00+09:00,3770.0,3780.0,3770.0,3770.0,8,0.0,0.0
2024-07-18 10:35:00+09:00,3770.0,3770.0,3765.0,3770.0,46,0.0,0.0
2024-07-18 10:40:00+09:00,3770.0,3780.0,3770.0,3780.0,60,0.0,0.0
2024-07-18 10:45:00+09:00,3765.0,3780.0,3765.0,3780.0,30,0.0,0.0
2024-07-18 10:50:00+09:00,3775.0,3775.0,3775.0,3775.0,12,0.0,0.0
2024-07-18 10:55:00+09:00,3765.0,3765.0,3765.0,3765.0,2,0.0,0.0
2024-07-18 11:00:00+09:00,3770.0,3770.0,3765.0,3765.0,1,0.0,0.0
2024-07-18 11:05:00+09:00,3770.0,3770.0,3770.0,3770.0,1,0.0,0.0
2024-07-18 11:15:00+09:00,3770.0,3775.0,3770.0,3775.0,172,0.0,0.0
2024-07-18 11:20:00+09:00,3770.0,3770.0,3765.0,3765.0,3,0.0,0.0
2024-07-18 11:25:00+09:00,3765.0,3765.0,3765.0,3765.0,198,0.0,0.0
2024-07-18 11:30:00+09:00,3760.0,3765.0,3760.0,3765.0,63,0.0,0.0
2024-07-18 11:40:00+09:00,3765.0,3775.0,3765.0,3775.0,0,0.0,0.0
2024-07-18 11:45:00+09:00,3775.0,3775.0,3775.0,3775.0,11,0.0,0.0
2024-07-18 11:50:00+09:00,3765.0,3775.0,3765.0,3765.0,57,0.0,0.0
2024-07-18 12:00:00+09:00,3775.0,3775.0,3775.0,3775.0,16,0.0,0.0
2024-07-18 12:10:00+09:00,3770.0,3770.0,3770.0,3770.0,0,0.0,0.0
2024-07-18 12:15:00+09:00,3770.0,3770.0,3765.0,3765.0,2,0.0,0.0
2024-07-18 12:25:00+09:00,3765.0,3765.0,3765.0,3765.0,5,0.0,0.0
2024-07-18 12:30:00+09:00,3765.0,3765.0,3765.0,3765.0,484,0.0,0.0
2024-07-18 12:35:00+09:00,3765.0,3765.0,3760.0,3760.0,394,0.0,0.0
2024-07-18 12:40:00+09:00,3770.0,3770.0,3770.0,3770.0,0,0.0,0.0
2024-07-18 12:45:00+09:00,3760.0,3770.0,3760.0,3770.0,65,0.0,0.0
2024-07-18 12:55:00+09:00,3765.0,3765.0,3760.0,3760.0,34,0.0,0.0
2024-07-18 13:00:00+09:00,3770.0,3770.0,3770.0,3770.0,55,0.0,0.0
2024-07-18 13:10:00+09:00,3770.0,3770.0,3770.0,3770.0,13,0.0,0.0
2024-07-18 13:20:00+09:00,3770.0,3770.0,3770.0,3770.0,75,0.0,0.0
2024-07-18 13:40:00+09:00,3770.0,3770.0,3770.0,3770.0,46,0.0,0.0
2024-07-18 13:45:00+09:00,3770.0,3770.0,3750.0,3750.0,1081,0.0,0.0
2024-07-18 13:55:00+09:00,3755.0,3755.0,3755.0,3755.0,0,0.0,0.0
2024-07-18 14:00:00+09:00,3765.0,3770.0,3765.0,3770.0,0,0.0,0.0
2024-07-18 14:10:00+09:00,3770.0,3770.0,3760.0,3760.0,174,0.0,0.0
2024-07-18 14:15:00+09:00,3755.0,3770.0,3755.0,3770.0,252,0.0,0.0
2024-07-18 14:20:00+09:00,3770.0,3770.0,3755.0,3755.0,215,0.0,0.0
2024-07-18 14:25:00+09:00,3755.0,3770.0,3755.0,3770.0,37,0.0,0.0
2024-07-18 14:30:00+09:00,3755.0,3770.0,3755.0,3770.0,102,0.0,0.0
2024-07-18 14:40:00+09:00,3770.0,3770.0,3770.0,3770.0,39,0.0,0.0
2024-07-18 14:45:00+09:00,3770.0,3770.0,3770.0,3770.0,0,0.0,0.0
2024-07-18 14:50:00+09:00,3770.0,3770.0,3735.0,3765.0,9634,0.0,0.0
2024-07-18 14:55:00+09:00,3765.0,3765.0,3745.0,3745.0,105,0.0,0.0
2024-07-19 09:00:00+09:00,3790.0,3790.0,3745.0,3745.0,595,0.0,0.0
2024-07-19 09:05:00+09:00,3750.0,3750.0,3750.0,3750.0,75,0.0,0.0
2024-07-19 09:10:00+09:00,3745.0,3750.0,3745.0,3750.0,600,0.0,0.0
2024-07-19 09:15:00+09:00,3750.0,3750.0,3750.0,3750.0,0,0.0,0.0
2024-07-19 09:20:00+09:00,3750.0,3750.0,3745.0,3745.0,251,0.0,0.0
2024-07-19 09:25:00+09:00,3750.0,3750.0,3740.0,3740.0,956,0.0,0.0
2024-07-19 09:30:00+09:00,3735.0,3750.0,3730.0,3750.0,426,0.0,0.0
2024-07-19 09:35:00+09:00,3750.0,3750.0,3750.0,3750.0,621,0.0,0.0
2024-07-19 09:40:00+09:00,3750.0,3750.0,3750.0,3750.0,0,0.0,0.0
2024-07-19 09:45:00+09:00,3750.0,3750.0,3745.0,3745.0,29,0.0,0.0
2024-07-19 09:50:00+09:00,3750.0,3750.0,3745.0,3745.0,62,0.0,0.0
2024-07-19 09:55:00+09:00,3740.0,3745.0,3735.0,3745.0,201,0.0,0.0
2024-07-19 10:00:00+09:00,3745.0,3745.0,3745.0,3745.0,152,0.0,0.0
2024-07-19 10:05:00+09:00,3750.0,3750.0,3750.0,3750.0,18,0.0,0.0
2024-07-19 10:10:00+09:00,3750.0,3750.0,3750.0,3750.0,14,0.0,0.0
2024-07-19 10:15:00+09:00,3750.0,3750.0,3745.0,3745.0,63,0.0,0.0
2024-07-19 10:20:00+09:00,3745.0,3745.0,3745.0,3745.0,2,0.0,0.0
2024-07-19 10:25:00+09:00,3745.0,3750.0,3745.0,3750.0,36,0.0,0.0
2024-07-19 10:30:00+09:00,3745.0,3750.0,3745.0,3750.0,30,0.0,0.0
2024-07-19 10:35:00+09:00,3750.0,3750.0,3750.0,3750.0,40,0.0,0.0
2024-07-19 10:40:00+09:00,3750.0,3750.0,3750.0,3750.0,0,0.0,0.0
2024-07-19 10:45:00+09:00,3750.0,3750.0,3750.0,3750.0,14,0.0,0.0
2024-07-19 10:55:00+09:00,3740.0,3750.0,3740.0,3750.0,11,0.0,0.0
2024-07-19 11:00:00+09:00,3750.0,3750.0,3750.0,3750.0,2635,0.0,0.0
2024-07-19 11:05:00+09:00,3745.0,3745.0,3745.0,3745.0,3,0.0,0.0
2024-07-19 11:15:00+09:00,3745.0,3755.0,3745.0,3755.0,13,0.0,0.0
2024-07-19 11:20:00+09:00,3755.0,3755.0,3755.0,3755.0,20,0.0,0.0
2024-07-19 11:25:00+09:00,3745.0,3745.0,3720.0,3720.0,3633,0.0,0.0
2024-07-19 11:30:00+09:00,3750.0,3750.0,3750.0,3750.0,0,0.0,0.0
2024-07-19 11:35:00+09:00,3750.0,3750.0,3750.0,3750.0,12,0.0,0.0
2024-07-19 11:45:00+09:00,3750.0,3750.0,3750.0,3750.0,11,0.0,0.0
2024-07-19 11:50:00+09:00,3750.0,3750.0,3750.0,3750.0,40,0.0,0.0
2024-07-19 12:00:00+09:00,3750.0,3750.0,3740.0,3750.0,34,0.0,0.0
2024-07-19 12:10:00+09:00,3750.0,3750.0,3750.0,3750.0,15,0.0,0.0
2024-07-19 12:15:00+09:00,3745.0,3745.0,3730.0,3730.0,350,0.0,0.0
2024-07-19 12:20:00+09:00,3730.0,3750.0,3730.0,3750.0,111,0.0,0.0
2024-07-19 12:30:00+09:00,3745.0,3745.0,3745.0,3745.0,2,0.0,0.0
2024-07-19 12:35:00+09:00,3740.0,3750.0,3725.0,3745.0,898,0.0,0.0
2024-07-19 12:40:00+09:00,3750.0,3750.0,3750.0,3750.0,1,0.0,0.0
2024-07-19 12:45:00+09:00,3750.0,3750.0,3750.0,3750.0,76,0.0,0.0
2024-07-19 13:00:00+09:00,3750.0,3750.0,3750.0,3750.0,18,0.0,0.0
2024-07-19 13:05:00+09:00,3750.0,3750.0,3750.0,3750.0,26,0.0,0.0
2024-07-19 13:10:00+09:00,3735.0,3735.0,3725.0,3725.0,2224,0.0,0.0
2024-07-19 13:15:00+09:00,3725.0,3750.0,3720.0,3750.0,107,0.0,0.0
2024-07-19 13:20:00+09:00,3745.0,3745.0,3745.0,3745.0,0,0.0,0.0
2024-07-19 13:35:00+09:00,3745.0,3750.0,3745.0,3750.0,116,0.0,0.0
2024-07-19 13:40:00+09:00,3745.0,3745.0,3745.0,3745.0,26,0.0,0.0
2024-07-19 13:45:00+09:00,3745.0,3745.0,3745.0,3745.0,0,0.0,0.0
2024-07-19 13:50:00+09:00,3740.0,3740.0,3735.0,3740.0,60,0.0,0.0
2024-07-19 14:05:00+09:00,3745.0,3750.0,3720.0,3725.0,1993,0.0,0.0
2024-07-19 14:10:00+09:00,3735.0,3740.0,3730.0,3730.0,0,0.0,0.0
2024-07-19 14:20:00+09:00,3745.0,3755.0,3730.0,3730.0,4172,0.0,0.0
2024-07-19 14:25:00+09:00,3750.0,3750.0,3730.0,3735.0,13,0.0,0.0
2024-07-19 14:30:00+09:00,3740.0,3750.0,3740.0,3745.0,318,0.0,0.0
2024-07-19 14:35:00+09:00,3745.0,3750.0,3745.0,3750.0,66,0.0,0.0
2024-07-19 14:45:00+09:00,3755.0,3755.0,3745.0,3745.0,892,0.0,0.0
2024-07-19 14:55:00+09:00,3740.0,3755.0,3740.0,3755.0,517,0.0,0.0
