Datetime,Open,High,Low,Close,Volume,Dividends,Stock Splits
2024-06-21 09:00:00+09:00,2870.0,2905.0,2870.0,2885.0,0,0.0,0.0
2024-06-21 09:05:00+09:00,2890.0,2910.0,2890.0,2900.0,920,0.0,0.0
2024-06-21 09:10:00+09:00,2900.0,2900.0,2895.0,2900.0,1363,0.0,0.0
2024-06-21 09:15:00+09:00,2895.0,2895.0,2885.0,2890.0,4807,0.0,0.0
2024-06-21 09:20:00+09:00,2895.0,2895.0,2890.0,2890.0,412,0.0,0.0
2024-06-21 09:25:00+09:00,2890.0,2895.0,2890.0,2895.0,935,0.0,0.0
2024-06-21 09:30:00+09:00,2895.0,2895.0,2885.0,2890.0,5300,0.0,0.0
2024-06-21 09:35:00+09:00,2890.0,2895.0,2890.0,2890.0,3143,0.0,0.0
2024-06-21 09:40:00+09:00,2890.0,2895.0,2880.0,2895.0,10256,0.0,0.0
2024-06-21 09:45:00+09:00,2905.0,2910.0,2905.0,2910.0,2078,0.0,0.0
2024-06-21 09:50:00+09:00,2910.0,2930.0,2900.0,2930.0,4208,0.0,0.0
2024-06-21 09:55:00+09:00,2930.0,2930.0,2905.0,2920.0,0,0.0,0.0
2024-06-21 10:00:00+09:00,2920.0,2930.0,2915.0,2925.0,907,0.0,0.0
2024-06-21 10:05:00+09:00,2915.0,2930.0,2915.0,2920.0,197,0.0,0.0
2024-06-21 10:10:00+09:00,2915.0,2925.0,2905.0,2905.0,3677,0.0,0.0
2024-06-21 10:15:00+09:00,2925.0,2925.0,2920.0,2920.0,0,0.0,0.0
2024-06-21 10:20:00+09:00,2920.0,2920.0,2915.0,2915.0,36,0.0,0.0
2024-06-21 10:25:00+09:00,2915.0,2915.0,2915.0,2915.0,896,0.0,0.0
2024-06-21 10:30:00+09:00,2920.0,2920.0,2910.0,2915.0,0,0.0,0.0
2024-06-21 10:35:00+09:00,2910.0,2915.0,2910.0,2915.0,354,0.0,0.0
2024-06-21 10:45:00+09:00,2915.0,2915.0,2910.0,2915.0,1085,0.0,0.0
2024-06-21 10:50:00+09:00,2915.0,2920.0,2915.0,2915.0,1255,0.0,0.0
2024-06-21 10:55:00+09:00,2915.0,2915.0,2910.0,2910.0,115,0.0,0.0
2024-06-21 11:00:00+09:00,2915.0,2915.0,2910.0,2910.0,2203,0.0,0.0
2024-06-21 11:05:00+09:00,2920.0,2920.0,2920.0,2920.0,390,0.0,0.0
2024-06-21 11:10:00+09:00,2920.0,2930.0,2920.0,2925.0,6828,0.0,0.0
2024-06-21 11:15:00+09:00,2920.0,2920.0,2920.0,2920.0,302,0.0,0.0
2024-06-21 11:20:00+09:00,2925.0,2925.0,2925.0,2925.0,0,0.0,0.0
2024-06-21 11:25:00+09:00,2925.0,2930.0,2925.0,2930.0,604,0.0,0.0
2024-06-21 11:30:00+09:00,2930.0,2955.0,2920.0,2945.0,16276,0.0,0.0
2024-06-21 11:35:00+09:00,2945.0,2950.0,2940.0,2940.0,3464,0.0,0.0
2024-06-21 11:40:00+09:00,2940.0,2945.0,2925.0,2925.0,5444,0.0,0.0
2024-06-21 11:45:00+09:00,2925.0,2925.0,2920.0,2920.0,5252,0.0,0.0
2024-06-21 11:50:00+09:00,2925.0,2950.0,2925.0,2950.0,756,0.0,0.0
2024-06-21 11:55:00+09:00,2945.0,2945.0,2945.0,2945.0,0,0.0,0.0
2024-06-21 12:00:00+09:00,2940.0,2940.0,2940.0,2940.0,0,0.0,0.0
2024-06-21 12:05:00+09:00,2940.0,2940.0,2940.0,2940.0,30,0.0,0.0
2024-06-21 12:10:00+09:00,2930.0,2930.0,2925.0,2925.0,2628,0.0,0.0
2024-06-21 12:15:00+09:00,2925.0,2925.0,2925.0,2925.0,0,0.0,0.0
2024-06-21 12:20:00+09:00,2925.0,2930.0,2925.0,2930.0,1232,0.0,0.0
2024-06-21 12:25:00+09:00,2925.0,2930.0,2920.0,2920.0,1067,0.0,0.0
2024-06-21 12:35:00+09:00,2925.0,2930.0,2925.0,2930.0,179,0.0,0.0
2024-06-21 12:40:00+09:00,2930.0,2930.0,2930.0,2930.0,141,0.0,0.0
2024-06-21 12:45:00+09:00,2930.0,2930.0,2930.0,2930.0,864,0.0,0.0
2024-06-21 12:50:00+09:00,2930.0,2935.0,2930.0,2935.0,0,0.0,0.0
2024-06-21 12:55:00+09:00,2930.0,2930.0,2930.0,2930.0,53,0.0,0.0
2024-06-21 13:00:00+09:00,2930.0,2930.0,2930.0,2930.0,672,0.0,0.0
2024-06-21 13:05:00+09:00,2930.0,2930.0,2925.0,2925.0,762,0.0,0.0
2024-06-21 13:10:00+09:00,2925.0,2925.0,2925.0,2925.0,3817,0.0,0.0
2024-06-21 13:15:00+09:00,2925.0,2935.0,2920.0,2935.0,456,0.0,0.0
2024-06-21 13:20:00+09:00,2930.0,2935.0,2930.0,2935.0,1401,0.0,0.0
2024-06-21 13:25:00+09:00,2925.0,2925.0,2920.0,2920.0,0,0.0,0.0
2024-06-21 13:30:00+09:00,2920.0,2935.0,2910.0,2935.0,15010,0.0,0.0
2024-06-21 13:35:00+09:00,2930.0,2930.0,2930.0,2930.0,1575,0.0,0.0
2024-06-21 13:40:00+09:00,2930.0,2930.0,2920.0,2920.0,0,0.0,0.0
2024-06-21 13:45:00+09:00,2920.0,2930.0,2905.0,2930.0,1539,0.0,0.0
2024-06-21 13:50:00+09:00,2905.0,2905.0,2905.0,2905.0,57,0.0,0.0
2024-06-21 13:55:00+09:00,2910.0,2910.0,2910.0,2910.0,0,0.0,0.0
2024-06-21 14:00:00+09:00,2930.0,2930.0,2925.0,2925.0,3052,0.0,0.0
2024-06-21 14:05:00+09:00,2930.0,2930.0,2910.0,2910.0,455,0.0,0.0
2024-06-21 14:10:00+09:00,2910.0,2915.0,2910.0,2915.0,283,0.0,0.0
2024-06-21 14:15:00+09:00,2910.0,2920.0,2910.0,2910.0,984,0.0,0.0
2024-06-21 14:20:00+09:00,2915.0,2920.0,2910.0,2910.0,393,0.0,0.0
2024-06-21 14:25:00+09:00,2915.0,2925.0,2910.0,2925.0,637,0.0,0.0
2024-06-21 14:30:00+09:00,2920.0,2935.0,2915.0,2930.0,866,0.0,0.0
2024-06-21 14:35:00+09:00,2910.0,2935.0,2910.0,2935.0,236,0.0,0.0
2024-06-21 14:40:00+09:00,2925.0,2925.0,2910.0,2910.0,311,0.0,0.0
2024-06-21 14:45:00+09:00,2910.0,2925.0,2910.0,2925.0,176,0.0,0.0
2024-06-21 14:50:00+09:00,2920.0,2920.0,2910.0,2920.0,303,0.0,0.0
2024-06-21 14:55:00+09:00,2920.0,2925.0,2910.0,2925.0,3683,0.0,0.0
2024-06-24 09:00:00+09:00,2900.0,2935.0,2900.0,2930.0,0,0.0,0.0
2024-06-24 09:05:00+09:00,2930.0,2930.0,2900.0,2915.0,5265,0.0,0.0
2024-06-24 09:10:00+09:00,2920.0,2920.0,2905.0,2910.0,1321,0.0,0.0
2024-06-24 09:15:00+09:00,2905.0,2910.0,2905.0,2910.0,918,0.0,0.0
2024-06-24 09:20:00+09:00,2910.0,2910.0,2905.0,2910.0,426,0.0,0.0
2024-06-24 09:25:00+09:00,2910.0,2910.0,2905.0,2910.0,559,0.0,0.0
2024-06-24 09:30:00+09:00,2910.0,2915.0,2910.0,2915.0,1121,0.0,0.0
2024-06-24 09:35:00+09:00,2915.0,2925.0,2900.0,2920.0,3750,0.0,0.0
2024-06-24 09:40:00+09:00,2920.0,2925.0,2915.0,2925.0,715,0.0,0.0
2024-06-24 09:45:00+09:00,2920.0,2920.0,2920.0,2920.0,294,0.0,0.0
2024-06-24 09:50:00+09:00,2920.0,2920.0,2910.0,2915.0,525,0.0,0.0
2024-06-24 09:55:00+09:00,2915.0,2915.0,2910.0,2915.0,2160,0.0,0.0
2024-06-24 10:00:00+09:00,2915.0,2920.0,2910.0,2920.0,453,0.0,0.0
2024-06-24 10:05:00+09:00,2920.0,2935.0,2915.0,2935.0,3559,0.0,0.0
2024-06-24 10:10:00+09:00,2935.0,2940.0,2925.0,2935.0,11377,0.0,0.0
2024-06-24 10:15:00+09:00,2935.0,2940.0,2930.0,2930.0,4894,0.0,0.0
2024-06-24 10:20:00+09:00,2930.0,2935.0,2925.0,2930.0,364,0.0,0.0
2024-06-24 10:25:00+09:00,2930.0,2935.0,2925.0,2935.0,2654,0.0,0.0
2024-06-24 10:30:00+09:00,2925.0,2930.0,2925.0,2925.0,3750,0.0,0.0
2024-06-24 10:35:00+09:00,2925.0,2925.0,2920.0,2925.0,0,0.0,0.0
2024-06-24 10:40:00+09:00,2925.0,2925.0,2920.0,2925.0,679,0.0,0.0
2024-06-24 10:45:00+09:00,2920.0,2925.0,2915.0,2920.0,481,0.0,0.0
2024-06-24 10:50:00+09:00,2915.0,2920.0,2910.0,2910.0,7522,0.0,0.0
2024-06-24 10:55:00+09:00,2925.0,2925.0,2905.0,2915.0,295,0.0,0.0
2024-06-24 11:00:00+09:00,2915.0,2915.0,2915.0,2915.0,2092,0.0,0.0
2024-06-24 11:05:00+09:00,2915.0,2915.0,2895.0,2895.0,5259,0.0,0.0
2024-06-24 11:15:00+09:00,2910.0,2910.0,2895.0,2895.0,195,0.0,0.0
2024-06-24 11:20:00+09:00,2895.0,2895.0,2895.0,2895.0,1265,0.0,0.0
2024-06-24 11:25:00+09:00,2895.0,2910.0,2890.0,2890.0,2588,0.0,0.0
2024-06-24 11:30:00+09:00,2890.0,2890.0,2885.0,2885.0,608,0.0,0.0
2024-06-24 11:35:00+09:00,2885.0,2885.0,2885.0,2885.0,0,0.0,0.0
2024-06-24 11:40:00+09:00,2885.0,2890.0,2885.0,2885.0,670,0.0,0.0
2024-06-24 11:45:00+09:00,2895.0,2895.0,2895.0,2895.0,0,0.0,0.0
2024-06-24 11:50:00+09:00,2895.0,2895.0,2890.0,2895.0,248,0.0,0.0
2024-06-24 11:55:00+09:00,2895.0,2895.0,2895.0,2895.0,254,0.0,0.0
2024-06-24 12:00:00+09:00,2895.0,2895.0,2875.0,2875.0,8565,0.0,0.0
2024-06-24 12:05:00+09:00,2875.0,2875.0,2855.0,2865.0,15877,0.0,0.0
2024-06-24 12:10:00+09:00,2870.0,2890.0,2870.0,2890.0,0,0.0,0.0
2024-06-24 12:15:00+09:00,2890.0,2895.0,2890.0,2895.0,606,0.0,0.0
2024-06-24 12:20:00+09:00,2895.0,2895.0,2895.0,2895.0,5,0.0,0.0
2024-06-24 12:25:00+09:00,2895.0,2895.0,2895.0,2895.0,74,0.0,0.0
2024-06-24 12:30:00+09:00,2895.0,2900.0,2870.0,2870.0,603,0.0,0.0
2024-06-24 12:35:00+09:00,2875.0,2880.0,2875.0,2875.0,2976,0.0,0.0
2024-06-24 12:40:00+09:00,2895.0,2895.0,2875.0,2895.0,0,0.0,0.0
2024-06-24 12:45:00+09:00,2900.0,2900.0,2895.0,2895.0,138,0.0,0.0
2024-06-24 12:50:00+09:00,2895.0,2895.0,2895.0,2895.0,316,0.0,0.0
2024-06-24 12:55:00+09:00,2895.0,2900.0,2875.0,2895.0,284,0.0,0.0
2024-06-24 13:00:00+09:00,2890.0,2895.0,2890.0,2895.0,11,0.0,0.0
2024-06-24 13:05:00+09:00,2895.0,2895.0,2895.0,2895.0,356,0.0,0.0
2024-06-24 13:10:00+09:00,2895.0,2895.0,2895.0,2895.0,341,0.0,0.0
2024-06-24 13:15:00+09:00,2895.0,2895.0,2890.0,2890.0,217,0.0,0.0
2024-06-24 13:20:00+09:00,2890.0,2895.0,2890.0,2895.0,92,0.0,0.0
2024-06-24 13:25:00+09:00,2895.0,2900.0,2895.0,2900.0,710,0.0,0.0
2024-06-24 13:30:00+09:00,2900.0,2910.0,2900.0,2910.0,0,0.0,0.0
2024-06-24 13:35:00+09:00,2905.0,2905.0,2895.0,2895.0,641,0.0,0.0
2024-06-24 13:40:00+09:00,2895.0,2895.0,2895.0,2895.0,156,0.0,0.0
2024-06-24 13:45:00+09:00,2895.0,2900.0,2895.0,2895.0,238,0.0,0.0
2024-06-24 13:50:00+09:00,2895.0,2895.0,2895.0,2895.0,117,0.0,0.0
2024-06-24 13:55:00+09:00,2895.0,2900.0,2895.0,2900.0,671,0.0,0.0
2024-06-24 14:00:00+09:00,2900.0,2900.0,2900.0,2900.0,1097,0.0,0.0
2024-06-24 14:05:00+09:00,2900.0,2900.0,2895.0,2895.0,43,0.0,0.0
2024-06-24 14:10:00+09:00,2895.0,2900.0,2890.0,2900.0,2164,0.0,0.0
2024-06-24 14:15:00+09:00,2900.0,2900.0,2895.0,2895.0,2,0.0,0.0
2024-06-24 14:20:00+09:00,2895.0,2895.0,2895.0,2895.0,232,0.0,0.0
2024-06-24 14:25:00+09:00,2895.0,2895.0,2895.0,2895.0,26,0.0,0.0
2024-06-24 14:30:00+09:00,2900.0,2900.0,2900.0,2900.0,102,0.0,0.0
2024-06-24 14:35:00+09:00,2900.0,2900.0,2895.0,2895.0,122,0.0,0.0
2024-06-24 14:40:00+09:00,2900.0,2900.0,2900.0,2900.0,15,0.0,0.0
2024-06-24 14:45:00+09:00,2895.0,2895.0,2895.0,2895.0,137,0.0,0.0
2024-06-24 14:50:00+09:00,2900.0,2900.0,2900.0,2900.0,0,0.0,0.0
2024-06-24 14:55:00+09:00,2900.0,2900.0,2895.0,2895.0,1479,0.0,0.0
2024-06-25 09:00:00+09:00,2905.0,2940.0,2905.0,2940.0,1701,0.0,0.0
2024-06-25 09:05:00+09:00,2930.0,2990.0,2920.0,2965.0,10240,0.0,0.0
2024-06-25 09:10:00+09:00,2950.0,2980.0,2950.0,2955.0,15258,0.0,0.0
2024-06-25 09:15:00+09:00,2955.0,2975.0,2940.0,2970.0,14403,0.0,0.0
2024-06-25 09:20:00+09:00,2970.0,2970.0,2955.0,2960.0,2850,0.0,0.0
2024-06-25 09:25:00+09:00,2960.0,2965.0,2955.0,2960.0,2203,0.0,0.0
2024-06-25 09:30:00+09:00,2960.0,2985.0,2960.0,2975.0,21888,0.0,0.0
2024-06-25 09:35:00+09:00,2975.0,3010.0,2970.0,3000.0,67781,0.0,0.0
2024-06-25 09:40:00+09:00,2990.0,3005.0,2980.0,3005.0,4504,0.0,0.0
2024-06-25 09:45:00+09:00,3005.0,3025.0,3005.0,3025.0,23481,0.0,0.0
2024-06-25 09:50:00+09:00,3025.0,3065.0,3025.0,3065.0,70166,0.0,0.0
2024-06-25 09:55:00+09:00,3060.0,3080.0,3045.0,3065.0,49316,0.0,0.0
2024-06-25 10:00:00+09:00,3060.0,3090.0,3055.0,3080.0,51551,0.0,0.0
2024-06-25 10:05:00+09:00,3080.0,3105.0,3055.0,3090.0,95020,0.0,0.0
2024-06-25 10:10:00+09:00,3090.0,3100.0,3075.0,3100.0,18064,0.0,0.0
2024-06-25 10:15:00+09:00,3100.0,3100.0,3055.0,3055.0,20268,0.0,0.0
2024-06-25 10:20:00+09:00,3075.0,3075.0,3055.0,3060.0,5977,0.0,0.0
2024-06-25 10:25:00+09:00,3060.0,3085.0,3055.0,3080.0,24017,0.0,0.0
2024-06-25 10:30:00+09:00,3075.0,3100.0,3075.0,3080.0,33284,0.0,0.0
2024-06-25 10:35:00+09:00,3080.0,3100.0,3065.0,3090.0,27160,0.0,0.0
2024-06-25 10:40:00+09:00,3100.0,3140.0,3085.0,3130.0,88083,0.0,0.0
2024-06-25 10:45:00+09:00,3130.0,3130.0,3100.0,3105.0,17096,0.0,0.0
2024-06-25 10:50:00+09:00,3105.0,3140.0,3095.0,3115.0,31942,0.0,0.0
2024-06-25 10:55:00+09:00,3110.0,3110.0,3095.0,3105.0,6128,0.0,0.0
2024-06-25 11:00:00+09:00,3105.0,3125.0,3105.0,3120.0,18548,0.0,0.0
2024-06-25 11:05:00+09:00,3120.0,3130.0,3110.0,3130.0,29784,0.0,0.0
2024-06-25 11:10:00+09:00,3130.0,3130.0,3110.0,3110.0,2884,0.0,0.0
2024-06-25 11:15:00+09:00,3115.0,3115.0,3105.0,3105.0,6766,0.0,0.0
2024-06-25 11:20:00+09:00,3100.0,3110.0,3100.0,3105.0,7500,0.0,0.0
2024-06-25 11:25:00+09:00,3105.0,3110.0,3100.0,3100.0,3782,0.0,0.0
2024-06-25 11:30:00+09:00,3100.0,3105.0,3085.0,3090.0,16785,0.0,0.0
2024-06-25 11:35:00+09:00,3095.0,3110.0,3085.0,3105.0,10004,0.0,0.0
2024-06-25 11:40:00+09:00,3100.0,3100.0,3085.0,3095.0,5276,0.0,0.0
2024-06-25 11:45:00+09:00,3095.0,3095.0,3070.0,3070.0,13602,0.0,0.0
2024-06-25 11:50:00+09:00,3075.0,3090.0,3070.0,3075.0,3242,0.0,0.0
2024-06-25 11:55:00+09:00,3075.0,3075.0,3060.0,3070.0,5637,0.0,0.0
2024-06-25 12:00:00+09:00,3070.0,3085.0,3065.0,3085.0,2281,0.0,0.0
2024-06-25 12:05:00+09:00,3075.0,3080.0,3070.0,3075.0,1978,0.0,0.0
2024-06-25 12:10:00+09:00,3070.0,3070.0,3050.0,3050.0,8971,0.0,0.0
2024-06-25 12:15:00+09:00,3050.0,3070.0,3050.0,3070.0,6791,0.0,0.0
2024-06-25 12:20:00+09:00,3070.0,3080.0,3065.0,3080.0,7027,0.0,0.0
2024-06-25 12:25:00+09:00,3080.0,3080.0,3075.0,3075.0,5015,0.0,0.0
2024-06-25 12:30:00+09:00,3075.0,3085.0,3070.0,3070.0,1178,0.0,0.0
2024-06-25 12:35:00+09:00,3070.0,3075.0,3070.0,3075.0,111,0.0,0.0
2024-06-25 12:40:00+09:00,3070.0,3080.0,3065.0,3080.0,804,0.0,0.0
2024-06-25 12:45:00+09:00,3085.0,3095.0,3080.0,3080.0,6632,0.0,0.0
2024-06-25 12:50:00+09:00,3075.0,3085.0,3075.0,3075.0,649,0.0,0.0
2024-06-25 12:55:00+09:00,3075.0,3110.0,3075.0,3105.0,10694,0.0,0.0
2024-06-25 13:00:00+09:00,3105.0,3115.0,3105.0,3110.0,7198,0.0,0.0
2024-06-25 13:05:00+09:00,3110.0,3110.0,3090.0,3095.0,3928,0.0,0.0
2024-06-25 13:10:00+09:00,3100.0,3120.0,3100.0,3120.0,10697,0.0,0.0
2024-06-25 13:15:00+09:00,3120.0,3125.0,3105.0,3105.0,977,0.0,0.0
2024-06-25 13:20:00+09:00,3105.0,3110.0,3105.0,3110.0,2929,0.0,0.0
2024-06-25 13:25:00+09:00,3110.0,3115.0,3100.0,3100.0,2205,0.0,0.0
2024-06-25 13:30:00+09:00,3095.0,3115.0,3085.0,3115.0,7915,0.0,0.0
2024-06-25 13:35:00+09:00,3100.0,3145.0,3100.0,3125.0,90633,0.0,0.0
2024-06-25 13:40:00+09:00,3130.0,3140.0,3115.0,3115.0,18672,0.0,0.0
2024-06-25 13:45:00+09:00,3120.0,3125.0,3115.0,3115.0,3182,0.0,0.0
2024-06-25 13:50:00+09:00,3120.0,3120.0,3100.0,3100.0,4757,0.0,0.0
2024-06-25 13:55:00+09:00,3100.0,3105.0,3090.0,3095.0,13750,0.0,0.0
2024-06-25 14:00:00+09:00,3090.0,3095.0,3085.0,3095.0,4085,0.0,0.0
2024-06-25 14:05:00+09:00,3095.0,3095.0,3080.0,3085.0,1583,0.0,0.0
2024-06-25 14:10:00+09:00,3085.0,3090.0,3070.0,3085.0,11715,0.0,0.0
2024-06-25 14:15:00+09:00,3085.0,3085.0,3070.0,3085.0,1937,0.0,0.0
2024-06-25 14:20:00+09:00,3080.0,3085.0,3075.0,3080.0,2321,0.0,0.0
2024-06-25 14:25:00+09:00,3080.0,3090.0,3075.0,3080.0,3664,0.0,0.0
2024-06-25 14:30:00+09:00,3080.0,3090.0,3080.0,3090.0,247,0.0,0.0
2024-06-25 14:35:00+09:00,3090.0,3090.0,3070.0,3080.0,6865,0.0,0.0
2024-06-25 14:40:00+09:00,3085.0,3100.0,3085.0,3090.0,11673,0.0,0.0
2024-06-25 14:45:00+09:00,3090.0,3090.0,3085.0,3085.0,919,0.0,0.0
2024-06-25 14:50:00+09:00,3090.0,3105.0,3090.0,3100.0,3137,0.0,0.0
2024-06-25 14:55:00+09:00,3105.0,3105.0,3100.0,3105.0,5119,0.0,0.0
2024-06-26 09:00:00+09:00,3100.0,3110.0,3070.0,3100.0,35483,0.0,0.0
2024-06-26 09:05:00+09:00,3100.0,3120.0,3095.0,3100.0,26924,0.0,0.0
2024-06-26 09:10:00+09:00,3100.0,3110.0,3090.0,3100.0,6371,0.0,0.0
2024-06-26 09:15:00+09:00,3100.0,3105.0,3095.0,3100.0,5159,0.0,0.0
2024-06-26 09:20:00+09:00,3100.0,3100.0,3080.0,3080.0,8735,0.0,0.0
2024-06-26 09:25:00+09:00,3080.0,3090.0,3070.0,3085.0,8629,0.0,0.0
2024-06-26 09:30:00+09:00,3085.0,3090.0,3080.0,3085.0,3479,0.0,0.0
2024-06-26 09:35:00+09:00,3090.0,3095.0,3080.0,3095.0,3992,0.0,0.0
2024-06-26 09:40:00+09:00,3085.0,3085.0,3080.0,3080.0,5608,0.0,0.0
2024-06-26 09:45:00+09:00,3080.0,3090.0,3080.0,3090.0,4356,0.0,0.0
2024-06-26 09:50:00+09:00,3090.0,3095.0,3080.0,3095.0,2816,0.0,0.0
2024-06-26 09:55:00+09:00,3100.0,3100.0,3090.0,3095.0,2398,0.0,0.0
2024-06-26 10:00:00+09:00,3095.0,3095.0,3090.0,3095.0,3279,0.0,0.0
2024-06-26 10:05:00+09:00,3105.0,3105.0,3095.0,3100.0,0,0.0,0.0
2024-06-26 10:10:00+09:00,3100.0,3100.0,3085.0,3085.0,119757,0.0,0.0
2024-06-26 10:15:00+09:00,3085.0,3085.0,3085.0,3085.0,560,0.0,0.0
2024-06-26 10:20:00+09:00,3095.0,3095.0,3090.0,3090.0,339,0.0,0.0
2024-06-26 10:25:00+09:00,3090.0,3100.0,3090.0,3095.0,540,0.0,0.0
2024-06-26 10:30:00+09:00,3095.0,3100.0,3065.0,3070.0,24657,0.0,0.0
2024-06-26 10:35:00+09:00,3075.0,3095.0,3075.0,3080.0,1621,0.0,0.0
2024-06-26 10:40:00+09:00,3085.0,3100.0,3080.0,3095.0,0,0.0,0.0
2024-06-26 10:45:00+09:00,3095.0,3095.0,3090.0,3090.0,25,0.0,0.0
2024-06-26 10:50:00+09:00,3090.0,3090.0,3090.0,3090.0,151,0.0,0.0
2024-06-26 10:55:00+09:00,3085.0,3085.0,3080.0,3080.0,179,0.0,0.0
2024-06-26 11:00:00+09:00,3085.0,3085.0,3080.0,3085.0,664,0.0,0.0
2024-06-26 11:05:00+09:00,3080.0,3080.0,3075.0,3080.0,796,0.0,0.0
2024-06-26 11:10:00+09:00,3070.0,3075.0,3070.0,3075.0,2070,0.0,0.0
2024-06-26 11:15:00+09:00,3075.0,3080.0,3060.0,3075.0,11582,0.0,0.0
2024-06-26 11:20:00+09:00,3075.0,3075.0,3065.0,3075.0,1187,0.0,0.0
2024-06-26 11:25:00+09:00,3070.0,3075.0,3065.0,3070.0,486,0.0,0.0
2024-06-26 11:30:00+09:00,3070.0,3070.0,3065.0,3065.0,552,0.0,0.0
2024-06-26 11:35:00+09:00,3070.0,3070.0,3065.0,3070.0,2224,0.0,0.0
2024-06-26 11:40:00+09:00,3070.0,3075.0,3065.0,3075.0,684,0.0,0.0
2024-06-26 11:45:00+09:00,3070.0,3070.0,3045.0,3060.0,22200,0.0,0.0
2024-06-26 11:50:00+09:00,3055.0,3055.0,3050.0,3055.0,346,0.0,0.0
2024-06-26 11:55:00+09:00,3060.0,3060.0,3055.0,3055.0,796,0.0,0.0
2024-06-26 12:00:00+09:00,3055.0,3060.0,3050.0,3060.0,4271,0.0,0.0
2024-06-26 12:05:00+09:00,3060.0,3060.0,3055.0,3055.0,0,0.0,0.0
2024-06-26 12:10:00+09:00,3050.0,3070.0,3050.0,3070.0,1356,0.0,0.0
2024-06-26 12:15:00+09:00,3070.0,3070.0,3060.0,3065.0,464,0.0,0.0
2024-06-26 12:20:00+09:00,3065.0,3065.0,3060.0,3060.0,399,0.0,0.0
2024-06-26 12:25:00+09:00,3065.0,3065.0,3060.0,3065.0,499,0.0,0.0
2024-06-26 12:30:00+09:00,3060.0,3065.0,3055.0,3060.0,2329,0.0,0.0
2024-06-26 12:35:00+09:00,3065.0,3065.0,3060.0,3060.0,703,0.0,0.0
2024-06-26 12:40:00+09:00,3065.0,3100.0,3065.0,3075.0,3210,0.0,0.0
2024-06-26 12:45:00+09:00,3075.0,3095.0,3070.0,3080.0,205,0.0,0.0
2024-06-26 12:50:00+09:00,3080.0,3080.0,3065.0,3065.0,494,0.0,0.0
2024-06-26 12:55:00+09:00,3070.0,3090.0,3065.0,3090.0,0,0.0,0.0
2024-06-26 13:00:00+09:00,3075.0,3075.0,3070.0,3070.0,150,0.0,0.0
2024-06-26 13:05:00+09:00,3075.0,3080.0,3070.0,3075.0,820,0.0,0.0
2024-06-26 13:10:00+09:00,3080.0,3080.0,3075.0,3075.0,323,0.0,0.0
2024-06-26 13:15:00+09:00,3080.0,3085.0,3075.0,3075.0,1842,0.0,0.0
2024-06-26 13:20:00+09:00,3075.0,3080.0,3075.0,3075.0,1140,0.0,0.0
2024-06-26 13:25:00+09:00,3070.0,3090.0,3070.0,3090.0,606,0.0,0.0
2024-06-26 13:30:00+09:00,3080.0,3080.0,3065.0,3065.0,4257,0.0,0.0
2024-06-26 13:35:00+09:00,3085.0,3090.0,3075.0,3075.0,1038,0.0,0.0
2024-06-26 13:40:00+09:00,3080.0,3090.0,3065.0,3090.0,539,0.0,0.0
2024-06-26 13:45:00+09:00,3090.0,3090.0,3065.0,3065.0,796,0.0,0.0
2024-06-26 13:50:00+09:00,3065.0,3070.0,3065.0,3070.0,918,0.0,0.0
2024-06-26 13:55:00+09:00,3070.0,3070.0,3070.0,3070.0,2915,0.0,0.0
2024-06-26 14:00:00+09:00,3075.0,3075.0,3065.0,3065.0,505,0.0,0.0
2024-06-26 14:05:00+09:00,3070.0,3085.0,3065.0,3080.0,330,0.0,0.0
2024-06-26 14:10:00+09:00,3070.0,3070.0,3060.0,3060.0,7465,0.0,0.0
2024-06-26 14:15:00+09:00,3060.0,3070.0,3060.0,3070.0,113,0.0,0.0
2024-06-26 14:20:00+09:00,3065.0,3065.0,3055.0,3055.0,2531,0.0,0.0
2024-06-26 14:25:00+09:00,3055.0,3060.0,3055.0,3060.0,176,0.0,0.0
2024-06-26 14:30:00+09:00,3055.0,3090.0,3055.0,3090.0,8276,0.0,0.0
2024-06-26 14:35:00+09:00,3090.0,3095.0,3065.0,3065.0,719,0.0,0.0
2024-06-26 14:40:00+09:00,3065.0,3075.0,3060.0,3075.0,203,0.0,0.0
2024-06-26 14:45:00+09:00,3070.0,3075.0,3060.0,3075.0,147,0.0,0.0
2024-06-26 14:50:00+09:00,3070.0,3075.0,3070.0,3075.0,199,0.0,0.0
2024-06-26 14:55:00+09:00,3075.0,3085.0,3065.0,3065.0,3083,0.0,0.0
2024-06-27 09:00:00+09:00,3055.0,3070.0,3045.0,3065.0,4323,0.0,0.0
2024-06-27 09:05:00+09:00,3070.0,3075.0,3055.0,3055.0,2616,0.0,0.0
2024-06-27 09:10:00+09:00,3060.0,3060.0,3045.0,3060.0,2566,0.0,0.0
2024-06-27 09:15:00+09:00,3060.0,3060.0,3045.0,3060.0,1542,0.0,0.0
2024-06-27 09:20:00+09:00,3060.0,3075.0,3050.0,3065.0,3441,0.0,0.0
2024-06-27 09:25:00+09:00,3070.0,3070.0,3055.0,3055.0,4193,0.0,0.0
2024-06-27 09:30:00+09:00,3060.0,3075.0,3055.0,3075.0,1622,0.0,0.0
2024-06-27 09:35:00+09:00,3070.0,3075.0,3065.0,3065.0,4479,0.0,0.0
2024-06-27 09:40:00+09:00,3060.0,3060.0,3060.0,3060.0,0,0.0,0.0
2024-06-27 09:45:00+09:00,3075.0,3075.0,3065.0,3065.0,620,0.0,0.0
2024-06-27 09:50:00+09:00,3060.0,3065.0,3050.0,3050.0,1518,0.0,0.0
2024-06-27 09:55:00+09:00,3055.0,3065.0,3040.0,3065.0,5549,0.0,0.0
2024-06-27 10:00:00+09:00,3050.0,3055.0,3045.0,3045.0,6649,0.0,0.0
2024-06-27 10:05:00+09:00,3040.0,3050.0,3040.0,3050.0,496,0.0,0.0
2024-06-27 10:10:00+09:00,3050.0,3050.0,3045.0,3050.0,736,0.0,0.0
2024-06-27 10:15:00+09:00,3050.0,3065.0,3040.0,3045.0,9984,0.0,0.0
2024-06-27 10:20:00+09:00,3050.0,3060.0,3045.0,3060.0,399,0.0,0.0
2024-06-27 10:25:00+09:00,3060.0,3065.0,3050.0,3065.0,1238,0.0,0.0
2024-06-27 10:30:00+09:00,3060.0,3065.0,3050.0,3065.0,72,0.0,0.0
2024-06-27 10:35:00+09:00,3055.0,3065.0,3055.0,3065.0,21,0.0,0.0
2024-06-27 10:40:00+09:00,3060.0,3065.0,3055.0,3055.0,725,0.0,0.0
2024-06-27 10:45:00+09:00,3065.0,3070.0,3065.0,3070.0,303,0.0,0.0
2024-06-27 10:50:00+09:00,3060.0,3060.0,3060.0,3060.0,250,0.0,0.0
2024-06-27 10:55:00+09:00,3055.0,3055.0,3035.0,3035.0,2064,0.0,0.0
2024-06-27 11:00:00+09:00,3050.0,3055.0,3035.0,3055.0,23,0.0,0.0
2024-06-27 11:05:00+09:00,3055.0,3075.0,3055.0,3075.0,351,0.0,0.0
2024-06-27 11:10:00+09:00,3075.0,3075.0,3070.0,3070.0,82,0.0,0.0
2024-06-27 11:15:00+09:00,3060.0,3060.0,3035.0,3035.0,1887,0.0,0.0
2024-06-27 11:20:00+09:00,3040.0,3040.0,3035.0,3040.0,383,0.0,0.0
2024-06-27 11:25:00+09:00,3045.0,3055.0,3045.0,3055.0,2597,0.0,0.0
2024-06-27 11:30:00+09:00,3055.0,3075.0,3055.0,3075.0,0,0.0,0.0
2024-06-27 11:35:00+09:00,3060.0,3090.0,3045.0,3090.0,7756,0.0,0.0
2024-06-27 11:40:00+09:00,3090.0,3100.0,3065.0,3100.0,4505,0.0,0.0
2024-06-27 11:45:00+09:00,3100.0,3100.0,3065.0,3090.0,919,0.0,0.0
2024-06-27 11:50:00+09:00,3080.0,3080.0,3065.0,3065.0,4289,0.0,0.0
2024-06-27 11:55:00+09:00,3065.0,3075.0,3060.0,3075.0,0,0.0,0.0
2024-06-27 12:00:00+09:00,3080.0,3095.0,3080.0,3095.0,589,0.0,0.0
2024-06-27 12:05:00+09:00,3095.0,3095.0,3075.0,3090.0,2,0.0,0.0
2024-06-27 12:10:00+09:00,3090.0,3090.0,3080.0,3080.0,1967,0.0,0.0
2024-06-27 12:15:00+09:00,3080.0,3085.0,3080.0,3080.0,168,0.0,0.0
2024-06-27 12:20:00+09:00,3080.0,3080.0,3080.0,3080.0,575,0.0,0.0
2024-06-27 12:25:00+09:00,3080.0,3080.0,3080.0,3080.0,338,0.0,0.0
2024-06-27 12:30:00+09:00,3080.0,3080.0,3080.0,3080.0,68,0.0,0.0
2024-06-27 12:35:00+09:00,3080.0,3080.0,3070.0,3080.0,2933,0.0,0.0
2024-06-27 12:40:00+09:00,3080.0,3085.0,3070.0,3070.0,1046,0.0,0.0
2024-06-27 12:45:00+09:00,3075.0,3075.0,3065.0,3065.0,2123,0.0,0.0
2024-06-27 12:50:00+09:00,3075.0,3075.0,3075.0,3075.0,0,0.0,0.0
2024-06-27 12:55:00+09:00,3070.0,3070.0,3065.0,3070.0,249,0.0,0.0
2024-06-27 13:00:00+09:00,3070.0,3085.0,3065.0,3085.0,1483,0.0,0.0
2024-06-27 13:05:00+09:00,3080.0,3085.0,3070.0,3085.0,178,0.0,0.0
2024-06-27 13:10:00+09:00,3080.0,3080.0,3065.0,3065.0,1618,0.0,0.0
2024-06-27 13:15:00+09:00,3065.0,3080.0,3065.0,3080.0,0,0.0,0.0
2024-06-27 13:20:00+09:00,3080.0,3080.0,3070.0,3070.0,281,0.0,0.0
2024-06-27 13:25:00+09:00,3070.0,3080.0,3070.0,3080.0,1028,0.0,0.0
2024-06-27 13:30:00+09:00,3080.0,3085.0,3070.0,3085.0,690,0.0,0.0
2024-06-27 13:35:00+09:00,3075.0,3085.0,3075.0,3080.0,642,0.0,0.0
2024-06-27 13:40:00+09:00,3070.0,3085.0,3065.0,3085.0,873,0.0,0.0
2024-06-27 13:45:00+09:00,3075.0,3080.0,3065.0,3070.0,2587,0.0,0.0
2024-06-27 13:50:00+09:00,3075.0,3080.0,3070.0,3080.0,113,0.0,0.0
2024-06-27 13:55:00+09:00,3075.0,3080.0,3075.0,3080.0,607,0.0,0.0
2024-06-27 14:00:00+09:00,3075.0,3080.0,3065.0,3080.0,2121,0.0,0.0
2024-06-27 14:05:00+09:00,3075.0,3085.0,3070.0,3085.0,4673,0.0,0.0
2024-06-27 14:10:00+09:00,3080.0,3085.0,3065.0,3075.0,178,0.0,0.0
2024-06-27 14:15:00+09:00,3070.0,3080.0,3055.0,3075.0,6695,0.0,0.0
2024-06-27 14:20:00+09:00,3070.0,3075.0,3060.0,3075.0,1288,0.0,0.0
2024-06-27 14:25:00+09:00,3065.0,3075.0,3065.0,3075.0,490,0.0,0.0
2024-06-27 14:30:00+09:00,3070.0,3080.0,3070.0,3080.0,380,0.0,0.0
2024-06-27 14:35:00+09:00,3075.0,3080.0,3070.0,3070.0,429,0.0,0.0
2024-06-27 14:40:00+09:00,3070.0,3080.0,3070.0,3080.0,265,0.0,0.0
2024-06-27 14:45:00+09:00,3080.0,3090.0,3075.0,3090.0,4187,0.0,0.0
2024-06-27 14:50:00+09:00,3090.0,3095.0,3080.0,3080.0,1429,0.0,0.0
2024-06-27 14:55:00+09:00,3095.0,3095.0,3080.0,3095.0,3317,0.0,0.0
2024-06-28 09:00:00+09:00,3120.0,3300.0,3120.0,3200.0,413959,0.0,0.0
2024-06-28 09:05:00+09:00,3200.0,3275.0,3200.0,3275.0,168020,0.0,0.0
2024-06-28 09:10:00+09:00,3275.0,3300.0,3240.0,3250.0,142053,0.0,0.0
2024-06-28 09:15:00+09:00,3250.0,3255.0,3170.0,3180.0,127263,0.0,0.0
2024-06-28 09:20:00+09:00,3185.0,3240.0,3185.0,3240.0,71618,0.0,0.0
2024-06-28 09:25:00+09:00,3240.0,3245.0,3205.0,3220.0,29770,0.0,0.0
2024-06-28 09:30:00+09:00,3215.0,3240.0,3180.0,3185.0,42015,0.0,0.0
2024-06-28 09:35:00+09:00,3185.0,3200.0,3180.0,3185.0,15253,0.0,0.0
2024-06-28 09:40:00+09:00,3185.0,3210.0,3185.0,3190.0,18613,0.0,0.0
2024-06-28 09:45:00+09:00,3190.0,3190.0,3160.0,3165.0,26792,0.0,0.0
2024-06-28 09:50:00+09:00,3175.0,3180.0,3125.0,3155.0,71139,0.0,0.0
2024-06-28 09:55:00+09:00,3150.0,3160.0,3135.0,3145.0,27167,0.0,0.0
2024-06-28 10:00:00+09:00,3145.0,3150.0,3125.0,3145.0,20618,0.0,0.0
2024-06-28 10:05:00+09:00,3130.0,3145.0,3110.0,3110.0,39328,0.0,0.0
2024-06-28 10:10:00+09:00,3110.0,3135.0,3100.0,3130.0,25275,0.0,0.0
2024-06-28 10:15:00+09:00,3125.0,3140.0,3120.0,3135.0,15822,0.0,0.0
2024-06-28 10:20:00+09:00,3135.0,3150.0,3135.0,3145.0,16265,0.0,0.0
2024-06-28 10:25:00+09:00,3145.0,3145.0,3135.0,3145.0,5734,0.0,0.0
2024-06-28 10:30:00+09:00,3145.0,3165.0,3145.0,3165.0,18217,0.0,0.0
2024-06-28 10:35:00+09:00,3165.0,3165.0,3140.0,3145.0,6220,0.0,0.0
2024-06-28 10:40:00+09:00,3145.0,3150.0,3140.0,3150.0,2286,0.0,0.0
2024-06-28 10:45:00+09:00,3150.0,3150.0,3145.0,3150.0,1928,0.0,0.0
2024-06-28 10:50:00+09:00,3150.0,3150.0,3140.0,3140.0,5533,0.0,0.0
2024-06-28 10:55:00+09:00,3140.0,3145.0,3130.0,3130.0,12709,0.0,0.0
2024-06-28 11:00:00+09:00,3130.0,3130.0,3110.0,3120.0,12940,0.0,0.0
2024-06-28 11:05:00+09:00,3115.0,3120.0,3105.0,3120.0,13618,0.0,0.0
2024-06-28 11:10:00+09:00,3120.0,3130.0,3100.0,3105.0,12407,0.0,0.0
2024-06-28 11:15:00+09:00,3100.0,3115.0,3060.0,3065.0,46514,0.0,0.0
2024-06-28 11:20:00+09:00,3065.0,3080.0,3060.0,3075.0,4215,0.0,0.0
2024-06-28 11:25:00+09:00,3075.0,3075.0,3070.0,3070.0,10528,0.0,0.0
2024-06-28 11:30:00+09:00,3075.0,3110.0,3075.0,3110.0,5019,0.0,0.0
2024-06-28 11:35:00+09:00,3110.0,3115.0,3090.0,3090.0,8775,0.0,0.0
2024-06-28 11:40:00+09:00,3090.0,3095.0,3090.0,3095.0,1224,0.0,0.0
2024-06-28 11:45:00+09:00,3095.0,3120.0,3095.0,3115.0,1904,0.0,0.0
2024-06-28 11:50:00+09:00,3115.0,3115.0,3095.0,3100.0,2949,0.0,0.0
2024-06-28 11:55:00+09:00,3095.0,3120.0,3095.0,3120.0,3628,0.0,0.0
2024-06-28 12:00:00+09:00,3120.0,3120.0,3105.0,3105.0,1165,0.0,0.0
2024-06-28 12:05:00+09:00,3105.0,3105.0,3100.0,3100.0,1840,0.0,0.0
2024-06-28 12:10:00+09:00,3105.0,3105.0,3095.0,3095.0,2047,0.0,0.0
2024-06-28 12:15:00+09:00,3095.0,3105.0,3095.0,3105.0,58,0.0,0.0
2024-06-28 12:20:00+09:00,3100.0,3105.0,3095.0,3095.0,1253,0.0,0.0
2024-06-28 12:25:00+09:00,3105.0,3115.0,3100.0,3100.0,2101,0.0,0.0
2024-06-28 12:30:00+09:00,3115.0,3120.0,3110.0,3110.0,2484,0.0,0.0
2024-06-28 12:35:00+09:00,3105.0,3110.0,3100.0,3110.0,1029,0.0,0.0
2024-06-28 12:40:00+09:00,3110.0,3115.0,3105.0,3105.0,5722,0.0,0.0
2024-06-28 12:45:00+09:00,3105.0,3105.0,3100.0,3100.0,61,0.0,0.0
2024-06-28 12:50:00+09:00,3100.0,3115.0,3100.0,3105.0,1904,0.0,0.0
2024-06-28 12:55:00+09:00,3115.0,3115.0,3090.0,3110.0,5669,0.0,0.0
2024-06-28 13:00:00+09:00,3110.0,3110.0,3095.0,3095.0,864,0.0,0.0
2024-06-28 13:05:00+09:00,3100.0,3100.0,3100.0,3100.0,2380,0.0,0.0
2024-06-28 13:10:00+09:00,3100.0,3100.0,3075.0,3080.0,14860,0.0,0.0
2024-06-28 13:15:00+09:00,3080.0,3085.0,3075.0,3075.0,12245,0.0,0.0
2024-06-28 13:20:00+09:00,3085.0,3105.0,3080.0,3095.0,7065,0.0,0.0
2024-06-28 13:25:00+09:00,3095.0,3115.0,3090.0,3090.0,9125,0.0,0.0
2024-06-28 13:30:00+09:00,3120.0,3120.0,3115.0,3115.0,1408,0.0,0.0
2024-06-28 13:35:00+09:00,3115.0,3115.0,3090.0,3110.0,1390,0.0,0.0
2024-06-28 13:40:00+09:00,3110.0,3110.0,3090.0,3090.0,2411,0.0,0.0
2024-06-28 13:45:00+09:00,3090.0,3105.0,3075.0,3105.0,3019,0.0,0.0
2024-06-28 13:50:00+09:00,3105.0,3110.0,3105.0,3110.0,1737,0.0,0.0
2024-06-28 13:55:00+09:00,3110.0,3110.0,3075.0,3105.0,2582,0.0,0.0
2024-06-28 14:00:00+09:00,3105.0,3105.0,3100.0,3100.0,2033,0.0,0.0
2024-06-28 14:05:00+09:00,3100.0,3100.0,3080.0,3100.0,3349,0.0,0.0
2024-06-28 14:10:00+09:00,3100.0,3110.0,3100.0,3100.0,2337,0.0,0.0
2024-06-28 14:15:00+09:00,3115.0,3120.0,3115.0,3120.0,2996,0.0,0.0
2024-06-28 14:20:00+09:00,3120.0,3130.0,3115.0,3125.0,7301,0.0,0.0
2024-06-28 14:25:00+09:00,3125.0,3125.0,3105.0,3105.0,4899,0.0,0.0
2024-06-28 14:30:00+09:00,3110.0,3120.0,3110.0,3120.0,1220,0.0,0.0
2024-06-28 14:35:00+09:00,3120.0,3120.0,3105.0,3110.0,9223,0.0,0.0
2024-06-28 14:40:00+09:00,3110.0,3110.0,3090.0,3090.0,5546,0.0,0.0
2024-06-28 14:45:00+09:00,3095.0,3105.0,3090.0,3105.0,3653,0.0,0.0
2024-06-28 14:50:00+09:00,3095.0,3105.0,3090.0,3100.0,1500,0.0,0.0
2024-06-28 14:55:00+09:00,3100.0,3105.0,3085.0,3100.0,4952,0.0,0.0
2024-07-01 09:00:00+09:00,3105.0,3160.0,3105.0,3145.0,0,0.0,0.0
2024-07-01 09:05:00+09:00,3145.0,3145.0,3110.0,3115.0,7809,0.0,0.0
2024-07-01 09:10:00+09:00,3115.0,3115.0,3090.0,3090.0,8247,0.0,0.0
2024-07-01 09:15:00+09:00,3090.0,3100.0,3080.0,3080.0,9775,0.0,0.0
2024-07-01 09:20:00+09:00,3100.0,3100.0,3065.0,3070.0,3334,0.0,0.0
2024-07-01 09:25:00+09:00,3070.0,3090.0,3070.0,3075.0,1678,0.0,0.0
2024-07-01 09:30:00+09:00,3075.0,3085.0,3070.0,3070.0,7145,0.0,0.0
2024-07-01 09:35:00+09:00,3070.0,3100.0,3055.0,3100.0,22568,0.0,0.0
2024-07-01 09:40:00+09:00,3095.0,3100.0,3085.0,3085.0,7597,0.0,0.0
2024-07-01 09:45:00+09:00,3085.0,3105.0,3080.0,3080.0,6181,0.0,0.0
2024-07-01 09:50:00+09:00,3080.0,3095.0,3065.0,3065.0,9037,0.0,0.0
2024-07-01 09:55:00+09:00,3070.0,3085.0,3070.0,3085.0,333,0.0,0.0
2024-07-01 10:00:00+09:00,3085.0,3085.0,3070.0,3080.0,2360,0.0,0.0
2024-07-01 10:05:00+09:00,3085.0,3140.0,3075.0,3135.0,19820,0.0,0.0
2024-07-01 10:10:00+09:00,3130.0,3160.0,3115.0,3155.0,12581,0.0,0.0
2024-07-01 10:15:00+09:00,3155.0,3170.0,3140.0,3155.0,24945,0.0,0.0
2024-07-01 10:20:00+09:00,3170.0,3175.0,3145.0,3150.0,8774,0.0,0.0
2024-07-01 10:25:00+09:00,3150.0,3160.0,3150.0,3155.0,2739,0.0,0.0
2024-07-01 10:30:00+09:00,3155.0,3165.0,3150.0,3160.0,1516,0.0,0.0
2024-07-01 10:35:00+09:00,3155.0,3160.0,3150.0,3160.0,3259,0.0,0.0
2024-07-01 10:40:00+09:00,3155.0,3165.0,3155.0,3165.0,6027,0.0,0.0
2024-07-01 10:45:00+09:00,3165.0,3170.0,3150.0,3155.0,7832,0.0,0.0
2024-07-01 10:50:00+09:00,3155.0,3185.0,3155.0,3180.0,17011,0.0,0.0
2024-07-01 10:55:00+09:00,3185.0,3220.0,3180.0,3180.0,45365,0.0,0.0
2024-07-01 11:00:00+09:00,3180.0,3210.0,3180.0,3200.0,11471,0.0,0.0
2024-07-01 11:05:00+09:00,3195.0,3205.0,3180.0,3205.0,3986,0.0,0.0
2024-07-01 11:10:00+09:00,3205.0,3215.0,3190.0,3190.0,15563,0.0,0.0
2024-07-01 11:15:00+09:00,3200.0,3210.0,3190.0,3190.0,1522,0.0,0.0
2024-07-01 11:20:00+09:00,3190.0,3205.0,3190.0,3190.0,3394,0.0,0.0
2024-07-01 11:25:00+09:00,3195.0,3195.0,3185.0,3185.0,2844,0.0,0.0
2024-07-01 11:30:00+09:00,3195.0,3195.0,3185.0,3185.0,0,0.0,0.0
2024-07-01 11:35:00+09:00,3185.0,3200.0,3185.0,3200.0,1452,0.0,0.0
2024-07-01 11:40:00+09:00,3200.0,3200.0,3200.0,3200.0,542,0.0,0.0
2024-07-01 11:45:00+09:00,3200.0,3200.0,3180.0,3180.0,3588,0.0,0.0
2024-07-01 11:50:00+09:00,3180.0,3180.0,3180.0,3180.0,150,0.0,0.0
2024-07-01 11:55:00+09:00,3185.0,3185.0,3180.0,3180.0,2105,0.0,0.0
2024-07-01 12:00:00+09:00,3180.0,3195.0,3180.0,3195.0,1229,0.0,0.0
2024-07-01 12:05:00+09:00,3190.0,3200.0,3190.0,3200.0,3901,0.0,0.0
2024-07-01 12:10:00+09:00,3200.0,3205.0,3180.0,3180.0,4546,0.0,0.0
2024-07-01 12:15:00+09:00,3190.0,3190.0,3175.0,3175.0,4368,0.0,0.0
2024-07-01 12:20:00+09:00,3175.0,3180.0,3170.0,3180.0,5830,0.0,0.0
2024-07-01 12:25:00+09:00,3190.0,3200.0,3185.0,3200.0,928,0.0,0.0
2024-07-01 12:30:00+09:00,3190.0,3195.0,3185.0,3185.0,254,0.0,0.0
2024-07-01 12:35:00+09:00,3185.0,3190.0,3185.0,3190.0,87,0.0,0.0
2024-07-01 12:40:00+09:00,3190.0,3200.0,3190.0,3195.0,1450,0.0,0.0
2024-07-01 12:45:00+09:00,3195.0,3200.0,3195.0,3195.0,3806,0.0,0.0
2024-07-01 12:50:00+09:00,3190.0,3195.0,3185.0,3185.0,3485,0.0,0.0
2024-07-01 12:55:00+09:00,3180.0,3185.0,3180.0,3180.0,1944,0.0,0.0
2024-07-01 13:00:00+09:00,3185.0,3185.0,3180.0,3180.0,2680,0.0,0.0
2024-07-01 13:05:00+09:00,3180.0,3185.0,3180.0,3185.0,1547,0.0,0.0
2024-07-01 13:10:00+09:00,3180.0,3180.0,3175.0,3175.0,3629,0.0,0.0
2024-07-01 13:15:00+09:00,3175.0,3185.0,3165.0,3165.0,9795,0.0,0.0
2024-07-01 13:20:00+09:00,3180.0,3180.0,3180.0,3180.0,2094,0.0,0.0
2024-07-01 13:25:00+09:00,3180.0,3180.0,3175.0,3175.0,0,0.0,0.0
2024-07-01 13:30:00+09:00,3175.0,3175.0,3170.0,3170.0,232,0.0,0.0
2024-07-01 13:35:00+09:00,3170.0,3175.0,3170.0,3175.0,954,0.0,0.0
2024-07-01 13:40:00+09:00,3175.0,3180.0,3175.0,3175.0,755,0.0,0.0
2024-07-01 13:45:00+09:00,3175.0,3180.0,3170.0,3170.0,525,0.0,0.0
2024-07-01 13:50:00+09:00,3170.0,3175.0,3170.0,3170.0,1137,0.0,0.0
2024-07-01 13:55:00+09:00,3170.0,3175.0,3160.0,3175.0,8467,0.0,0.0
2024-07-01 14:00:00+09:00,3160.0,3170.0,3160.0,3165.0,94,0.0,0.0
2024-07-01 14:05:00+09:00,3170.0,3170.0,3165.0,3165.0,898,0.0,0.0
2024-07-01 14:10:00+09:00,3165.0,3170.0,3165.0,3165.0,99,0.0,0.0
2024-07-01 14:15:00+09:00,3165.0,3165.0,3160.0,3160.0,6546,0.0,0.0
2024-07-01 14:20:00+09:00,3160.0,3160.0,3160.0,3160.0,1301,0.0,0.0
2024-07-01 14:25:00+09:00,3160.0,3160.0,3160.0,3160.0,0,0.0,0.0
2024-07-01 14:30:00+09:00,3160.0,3160.0,3150.0,3150.0,3961,0.0,0.0
2024-07-01 14:35:00+09:00,3155.0,3170.0,3155.0,3160.0,66,0.0,0.0
2024-07-01 14:40:00+09:00,3155.0,3165.0,3150.0,3150.0,4687,0.0,0.0
2024-07-01 14:45:00+09:00,3150.0,3150.0,3145.0,3150.0,918,0.0,0.0
2024-07-01 14:50:00+09:00,3150.0,3160.0,3145.0,3150.0,2987,0.0,0.0
2024-07-01 14:55:00+09:00,3150.0,3160.0,3145.0,3160.0,4394,0.0,0.0
2024-07-02 09:00:00+09:00,3165.0,3170.0,3130.0,3130.0,10897,0.0,0.0
2024-07-02 09:05:00+09:00,3130.0,3155.0,3125.0,3135.0,3416,0.0,0.0
2024-07-02 09:10:00+09:00,3135.0,3150.0,3130.0,3130.0,2279,0.0,0.0
2024-07-02 09:15:00+09:00,3135.0,3135.0,3125.0,3125.0,6005,0.0,0.0
2024-07-02 09:20:00+09:00,3120.0,3150.0,3115.0,3150.0,12551,0.0,0.0
2024-07-02 09:25:00+09:00,3150.0,3155.0,3130.0,3130.0,2927,0.0,0.0
2024-07-02 09:30:00+09:00,3130.0,3130.0,3115.0,3115.0,4389,0.0,0.0
2024-07-02 09:35:00+09:00,3115.0,3145.0,3115.0,3145.0,3933,0.0,0.0
2024-07-02 09:40:00+09:00,3145.0,3145.0,3120.0,3120.0,0,0.0,0.0
2024-07-02 09:45:00+09:00,3125.0,3125.0,3120.0,3120.0,450,0.0,0.0
2024-07-02 09:50:00+09:00,3120.0,3125.0,3090.0,3125.0,18230,0.0,0.0
2024-07-02 09:55:00+09:00,3125.0,3125.0,3100.0,3125.0,3828,0.0,0.0
2024-07-02 10:00:00+09:00,3130.0,3135.0,3110.0,3110.0,426,0.0,0.0
2024-07-02 10:05:00+09:00,3110.0,3110.0,3095.0,3110.0,5183,0.0,0.0
2024-07-02 10:10:00+09:00,3115.0,3115.0,3095.0,3100.0,11178,0.0,0.0
2024-07-02 10:15:00+09:00,3100.0,3110.0,3095.0,3110.0,11762,0.0,0.0
2024-07-02 10:20:00+09:00,3110.0,3110.0,3110.0,3110.0,580,0.0,0.0
2024-07-02 10:25:00+09:00,3115.0,3115.0,3100.0,3115.0,2497,0.0,0.0
2024-07-02 10:30:00+09:00,3115.0,3125.0,3115.0,3125.0,2294,0.0,0.0
2024-07-02 10:35:00+09:00,3125.0,3130.0,3125.0,3130.0,1575,0.0,0.0
2024-07-02 10:40:00+09:00,3130.0,3145.0,3130.0,3145.0,2167,0.0,0.0
2024-07-02 10:45:00+09:00,3145.0,3145.0,3135.0,3140.0,2607,0.0,0.0
2024-07-02 10:50:00+09:00,3135.0,3145.0,3135.0,3145.0,673,0.0,0.0
2024-07-02 10:55:00+09:00,3145.0,3145.0,3140.0,3145.0,660,0.0,0.0
2024-07-02 11:00:00+09:00,3140.0,3145.0,3140.0,3145.0,21,0.0,0.0
2024-07-02 11:05:00+09:00,3145.0,3145.0,3145.0,3145.0,391,0.0,0.0
2024-07-02 11:10:00+09:00,3145.0,3145.0,3135.0,3135.0,1263,0.0,0.0
2024-07-02 11:15:00+09:00,3140.0,3140.0,3135.0,3140.0,1492,0.0,0.0
2024-07-02 11:20:00+09:00,3145.0,3145.0,3145.0,3145.0,0,0.0,0.0
2024-07-02 11:25:00+09:00,3145.0,3145.0,3140.0,3140.0,363,0.0,0.0
2024-07-02 11:30:00+09:00,3140.0,3150.0,3140.0,3145.0,1098,0.0,0.0
2024-07-02 11:35:00+09:00,3150.0,3150.0,3140.0,3145.0,796,0.0,0.0
2024-07-02 11:40:00+09:00,3140.0,3145.0,3130.0,3145.0,2119,0.0,0.0
2024-07-02 11:45:00+09:00,3140.0,3145.0,3140.0,3140.0,673,0.0,0.0
2024-07-02 11:50:00+09:00,3140.0,3140.0,3135.0,3135.0,456,0.0,0.0
2024-07-02 11:55:00+09:00,3145.0,3145.0,3140.0,3140.0,91,0.0,0.0
2024-07-02 12:05:00+09:00,3140.0,3145.0,3135.0,3140.0,1730,0.0,0.0
2024-07-02 12:10:00+09:00,3140.0,3140.0,3135.0,3140.0,127,0.0,0.0
2024-07-02 12:15:00+09:00,3140.0,3140.0,3130.0,3130.0,1001,0.0,0.0
2024-07-02 12:20:00+09:00,3140.0,3140.0,3135.0,3140.0,508,0.0,0.0
2024-07-02 12:25:00+09:00,3140.0,3140.0,3130.0,3130.0,146,0.0,0.0
2024-07-02 12:30:00+09:00,3135.0,3135.0,3125.0,3125.0,3507,0.0,0.0
2024-07-02 12:35:00+09:00,3130.0,3130.0,3125.0,3130.0,0,0.0,0.0
2024-07-02 12:40:00+09:00,3130.0,3130.0,3120.0,3120.0,1498,0.0,0.0
2024-07-02 12:45:00+09:00,3120.0,3125.0,3120.0,3125.0,0,0.0,0.0
2024-07-02 12:50:00+09:00,3125.0,3125.0,3125.0,3125.0,140,0.0,0.0
2024-07-02 12:55:00+09:00,3125.0,3125.0,3115.0,3120.0,1338,0.0,0.0
2024-07-02 13:00:00+09:00,3115.0,3115.0,3110.0,3110.0,4643,0.0,0.0
2024-07-02 13:05:00+09:00,3110.0,3110.0,3110.0,3110.0,135,0.0,0.0
2024-07-02 13:10:00+09:00,3110.0,3110.0,3105.0,3110.0,1115,0.0,0.0
2024-07-02 13:15:00+09:00,3110.0,3115.0,3110.0,3115.0,602,0.0,0.0
2024-07-02 13:20:00+09:00,3110.0,3115.0,3110.0,3115.0,647,0.0,0.0
2024-07-02 13:25:00+09:00,3115.0,3115.0,3115.0,3115.0,3,0.0,0.0
2024-07-02 13:30:00+09:00,3125.0,3125.0,3110.0,3120.0,1698,0.0,0.0
2024-07-02 13:35:00+09:00,3115.0,3120.0,3115.0,3120.0,789,0.0,0.0
2024-07-02 13:40:00+09:00,3125.0,3125.0,3115.0,3115.0,0,0.0,0.0
2024-07-02 13:45:00+09:00,3125.0,3125.0,3125.0,3125.0,139196,0.0,0.0
2024-07-02 13:50:00+09:00,3125.0,3125.0,3110.0,3110.0,969,0.0,0.0
2024-07-02 13:55:00+09:00,3105.0,3110.0,3100.0,3110.0,3943,0.0,0.0
2024-07-02 14:00:00+09:00,3110.0,3110.0,3105.0,3110.0,2031,0.0,0.0
2024-07-02 14:05:00+09:00,3100.0,3125.0,3100.0,3105.0,2744,0.0,0.0
2024-07-02 14:10:00+09:00,3120.0,3125.0,3115.0,3115.0,746,0.0,0.0
2024-07-02 14:15:00+09:00,3120.0,3120.0,3115.0,3115.0,1158,0.0,0.0
2024-07-02 14:20:00+09:00,3110.0,3115.0,3105.0,3110.0,871,0.0,0.0
2024-07-02 14:25:00+09:00,3110.0,3110.0,3110.0,3110.0,171,0.0,0.0
2024-07-02 14:30:00+09:00,3110.0,3110.0,3110.0,3110.0,52,0.0,0.0
2024-07-02 14:35:00+09:00,3110.0,3115.0,3105.0,3115.0,3082,0.0,0.0
2024-07-02 14:40:00+09:00,3115.0,3115.0,3110.0,3110.0,503,0.0,0.0
2024-07-02 14:45:00+09:00,3115.0,3115.0,3115.0,3115.0,5266,0.0,0.0
2024-07-02 14:50:00+09:00,3120.0,3120.0,3115.0,3120.0,433,0.0,0.0
2024-07-02 14:55:00+09:00,3120.0,3125.0,3115.0,3120.0,397,0.0,0.0
2024-07-03 09:00:00+09:00,3130.0,3135.0,3115.0,3115.0,4282,0.0,0.0
2024-07-03 09:05:00+09:00,3115.0,3115.0,3100.0,3100.0,7058,0.0,0.0
2024-07-03 09:10:00+09:00,3100.0,3120.0,3080.0,3100.0,15028,0.0,0.0
2024-07-03 09:15:00+09:00,3090.0,3100.0,3085.0,3100.0,5800,0.0,0.0
2024-07-03 09:20:00+09:00,3100.0,3110.0,3090.0,3110.0,1961,0.0,0.0
2024-07-03 09:25:00+09:00,3110.0,3120.0,3110.0,3120.0,1469,0.0,0.0
2024-07-03 09:30:00+09:00,3125.0,3130.0,3120.0,3125.0,485,0.0,0.0
2024-07-03 09:35:00+09:00,3125.0,3140.0,3125.0,3135.0,1875,0.0,0.0
2024-07-03 09:40:00+09:00,3135.0,3135.0,3130.0,3130.0,1418,0.0,0.0
2024-07-03 09:45:00+09:00,3130.0,3140.0,3130.0,3135.0,3124,0.0,0.0
2024-07-03 09:50:00+09:00,3135.0,3145.0,3130.0,3140.0,5855,0.0,0.0
2024-07-03 09:55:00+09:00,3140.0,3150.0,3130.0,3140.0,2466,0.0,0.0
2024-07-03 10:00:00+09:00,3145.0,3145.0,3140.0,3145.0,3912,0.0,0.0
2024-07-03 10:05:00+09:00,3145.0,3150.0,3135.0,3145.0,2303,0.0,0.0
2024-07-03 10:10:00+09:00,3145.0,3150.0,3135.0,3145.0,3206,0.0,0.0
2024-07-03 10:15:00+09:00,3140.0,3140.0,3130.0,3130.0,1241,0.0,0.0
2024-07-03 10:20:00+09:00,3135.0,3140.0,3120.0,3135.0,8245,0.0,0.0
2024-07-03 10:25:00+09:00,3135.0,3135.0,3120.0,3135.0,1627,0.0,0.0
2024-07-03 10:30:00+09:00,3120.0,3130.0,3115.0,3130.0,2485,0.0,0.0
2024-07-03 10:35:00+09:00,3120.0,3125.0,3115.0,3115.0,464,0.0,0.0
2024-07-03 10:40:00+09:00,3125.0,3125.0,3110.0,3110.0,2035,0.0,0.0
2024-07-03 10:45:00+09:00,3110.0,3110.0,3100.0,3105.0,2912,0.0,0.0
2024-07-03 10:50:00+09:00,3100.0,3110.0,3095.0,3110.0,4170,0.0,0.0
2024-07-03 10:55:00+09:00,3110.0,3110.0,3100.0,3100.0,2045,0.0,0.0
2024-07-03 11:00:00+09:00,3100.0,3100.0,3100.0,3100.0,304,0.0,0.0
2024-07-03 11:05:00+09:00,3110.0,3110.0,3110.0,3110.0,0,0.0,0.0
2024-07-03 11:10:00+09:00,3100.0,3110.0,3090.0,3090.0,4766,0.0,0.0
2024-07-03 11:15:00+09:00,3095.0,3095.0,3095.0,3095.0,30,0.0,0.0
2024-07-03 11:20:00+09:00,3090.0,3095.0,3090.0,3095.0,2890,0.0,0.0
2024-07-03 11:25:00+09:00,3090.0,3095.0,3090.0,3090.0,171,0.0,0.0
2024-07-03 11:30:00+09:00,3090.0,3090.0,3085.0,3085.0,2302,0.0,0.0
2024-07-03 11:35:00+09:00,3085.0,3095.0,3085.0,3095.0,1735,0.0,0.0
2024-07-03 11:40:00+09:00,3085.0,3095.0,3085.0,3095.0,500,0.0,0.0
2024-07-03 11:45:00+09:00,3095.0,3095.0,3095.0,3095.0,0,0.0,0.0
2024-07-03 11:50:00+09:00,3095.0,3095.0,3095.0,3095.0,5,0.0,0.0
2024-07-03 11:55:00+09:00,3095.0,3095.0,3095.0,3095.0,35,0.0,0.0
2024-07-03 12:00:00+09:00,3095.0,3100.0,3095.0,3100.0,197,0.0,0.0
2024-07-03 12:05:00+09:00,3090.0,3090.0,3090.0,3090.0,470,0.0,0.0
2024-07-03 12:10:00+09:00,3090.0,3090.0,3090.0,3090.0,760,0.0,0.0
2024-07-03 12:15:00+09:00,3090.0,3090.0,3085.0,3090.0,268,0.0,0.0
2024-07-03 12:20:00+09:00,3090.0,3090.0,3085.0,3090.0,773,0.0,0.0
2024-07-03 12:25:00+09:00,3090.0,3100.0,3085.0,3100.0,1532,0.0,0.0
2024-07-03 12:30:00+09:00,3100.0,3100.0,3100.0,3100.0,189,0.0,0.0
2024-07-03 12:35:00+09:00,3100.0,3100.0,3090.0,3090.0,499,0.0,0.0
2024-07-03 12:40:00+09:00,3085.0,3090.0,3085.0,3085.0,52,0.0,0.0
2024-07-03 12:45:00+09:00,3085.0,3085.0,3085.0,3085.0,25,0.0,0.0
2024-07-03 12:50:00+09:00,3085.0,3085.0,3080.0,3085.0,11030,0.0,0.0
2024-07-03 12:55:00+09:00,3085.0,3090.0,3085.0,3090.0,79,0.0,0.0
2024-07-03 13:00:00+09:00,3085.0,3085.0,3085.0,3085.0,1053,0.0,0.0
2024-07-03 13:05:00+09:00,3085.0,3085.0,3080.0,3080.0,1604,0.0,0.0
2024-07-03 13:10:00+09:00,3080.0,3090.0,3080.0,3090.0,34,0.0,0.0
2024-07-03 13:15:00+09:00,3080.0,3085.0,3080.0,3085.0,35,0.0,0.0
2024-07-03 13:20:00+09:00,3085.0,3085.0,3080.0,3080.0,607,0.0,0.0
2024-07-03 13:25:00+09:00,3080.0,3090.0,3080.0,3090.0,1546,0.0,0.0
2024-07-03 13:30:00+09:00,3090.0,3090.0,3085.0,3085.0,161,0.0,0.0
2024-07-03 13:35:00+09:00,3080.0,3085.0,3080.0,3085.0,612,0.0,0.0
2024-07-03 13:40:00+09:00,3085.0,3085.0,3070.0,3075.0,7948,0.0,0.0
2024-07-03 13:45:00+09:00,3070.0,3075.0,3070.0,3075.0,337,0.0,0.0
2024-07-03 13:50:00+09:00,3075.0,3080.0,3070.0,3080.0,1610,0.0,0.0
2024-07-03 13:55:00+09:00,3075.0,3080.0,3075.0,3080.0,46,0.0,0.0
2024-07-03 14:00:00+09:00,3075.0,3080.0,3075.0,3080.0,1549,0.0,0.0
2024-07-03 14:05:00+09:00,3080.0,3080.0,3070.0,3070.0,1403,0.0,0.0
2024-07-03 14:10:00+09:00,3080.0,3080.0,3075.0,3075.0,0,0.0,0.0
2024-07-03 14:15:00+09:00,3075.0,3080.0,3075.0,3080.0,878,0.0,0.0
2024-07-03 14:20:00+09:00,3085.0,3085.0,3075.0,3080.0,1940,0.0,0.0
2024-07-03 14:30:00+09:00,3080.0,3085.0,3080.0,3080.0,925,0.0,0.0
2024-07-03 14:35:00+09:00,3080.0,3080.0,3075.0,3075.0,1444,0.0,0.0
2024-07-03 14:45:00+09:00,3075.0,3085.0,3075.0,3085.0,3310,0.0,0.0
2024-07-03 14:50:00+09:00,3075.0,3080.0,3075.0,3080.0,594,0.0,0.0
2024-07-03 14:55:00+09:00,3080.0,3080.0,3075.0,3075.0,473,0.0,0.0
2024-07-04 09:00:00+09:00,3060.0,3080.0,3055.0,3055.0,1123,0.0,0.0
2024-07-04 09:05:00+09:00,3055.0,3065.0,3050.0,3055.0,1740,0.0,0.0
2024-07-04 09:10:00+09:00,3070.0,3070.0,3070.0,3070.0,0,0.0,0.0
2024-07-04 09:15:00+09:00,3070.0,3070.0,3060.0,3065.0,988,0.0,0.0
2024-07-04 09:20:00+09:00,3065.0,3065.0,3040.0,3040.0,13952,0.0,0.0
2024-07-04 09:25:00+09:00,3045.0,3050.0,3035.0,3050.0,2169,0.0,0.0
2024-07-04 09:30:00+09:00,3050.0,3060.0,3050.0,3060.0,230,0.0,0.0
2024-07-04 09:35:00+09:00,3055.0,3055.0,3045.0,3045.0,281,0.0,0.0
2024-07-04 09:40:00+09:00,3045.0,3060.0,3045.0,3060.0,177,0.0,0.0
2024-07-04 09:45:00+09:00,3055.0,3060.0,3045.0,3045.0,31,0.0,0.0
2024-07-04 09:50:00+09:00,3050.0,3065.0,3050.0,3065.0,1044,0.0,0.0
2024-07-04 09:55:00+09:00,3065.0,3065.0,3045.0,3045.0,97,0.0,0.0
2024-07-04 10:00:00+09:00,3045.0,3060.0,3045.0,3060.0,1984,0.0,0.0
2024-07-04 10:05:00+09:00,3055.0,3060.0,3040.0,3060.0,0,0.0,0.0
2024-07-04 10:10:00+09:00,3045.0,3045.0,3045.0,3045.0,25096,0.0,0.0
2024-07-04 10:15:00+09:00,3060.0,3060.0,3060.0,3060.0,0,0.0,0.0
2024-07-04 10:20:00+09:00,3060.0,3060.0,3060.0,3060.0,20,0.0,0.0
2024-07-04 10:25:00+09:00,3050.0,3050.0,3025.0,3035.0,17986,0.0,0.0
2024-07-04 10:35:00+09:00,3035.0,3040.0,3025.0,3040.0,2380,0.0,0.0
2024-07-04 10:40:00+09:00,3030.0,3040.0,3030.0,3040.0,302,0.0,0.0
2024-07-04 10:45:00+09:00,3040.0,3045.0,3030.0,3045.0,405,0.0,0.0
2024-07-04 10:50:00+09:00,3045.0,3045.0,3030.0,3030.0,2907,0.0,0.0
2024-07-04 10:55:00+09:00,3030.0,3030.0,3025.0,3030.0,1579,0.0,0.0
2024-07-04 11:00:00+09:00,3030.0,3030.0,3025.0,3025.0,408,0.0,0.0
2024-07-04 11:05:00+09:00,3030.0,3045.0,3025.0,3025.0,2232,0.0,0.0
2024-07-04 11:10:00+09:00,3035.0,3035.0,3030.0,3030.0,1076,0.0,0.0
2024-07-04 11:15:00+09:00,3030.0,3035.0,3030.0,3035.0,0,0.0,0.0
2024-07-04 11:20:00+09:00,3035.0,3035.0,3030.0,3030.0,87,0.0,0.0
2024-07-04 11:25:00+09:00,3035.0,3035.0,3035.0,3035.0,15,0.0,0.0
2024-07-04 11:30:00+09:00,3030.0,3030.0,3030.0,3030.0,15,0.0,0.0
2024-07-04 11:35:00+09:00,3035.0,3035.0,3030.0,3030.0,171,0.0,0.0
2024-07-04 11:40:00+09:00,3035.0,3035.0,3035.0,3035.0,0,0.0,0.0
2024-07-04 11:45:00+09:00,3030.0,3030.0,3030.0,3030.0,459,0.0,0.0
2024-07-04 11:50:00+09:00,3035.0,3035.0,3030.0,3030.0,166,0.0,0.0
2024-07-04 11:55:00+09:00,3025.0,3025.0,3025.0,3025.0,4002,0.0,0.0
2024-07-04 12:00:00+09:00,3025.0,3025.0,3015.0,3015.0,11220,0.0,0.0
2024-07-04 12:05:00+09:00,3015.0,3015.0,3010.0,3010.0,0,0.0,0.0
2024-07-04 12:10:00+09:00,3015.0,3015.0,3010.0,3015.0,2662,0.0,0.0
2024-07-04 12:15:00+09:00,3015.0,3015.0,3010.0,3010.0,2112,0.0,0.0
2024-07-04 12:20:00+09:00,3010.0,3015.0,3010.0,3015.0,437,0.0,0.0
2024-07-04 12:25:00+09:00,3015.0,3015.0,3015.0,3015.0,294,0.0,0.0
2024-07-04 12:30:00+09:00,3015.0,3015.0,3010.0,3015.0,14,0.0,0.0
2024-07-04 12:35:00+09:00,3010.0,3010.0,3005.0,3005.0,9605,0.0,0.0
2024-07-04 12:40:00+09:00,3005.0,3005.0,3000.0,3005.0,3346,0.0,0.0
2024-07-04 12:45:00+09:00,3005.0,3005.0,3000.0,3005.0,6560,0.0,0.0
2024-07-04 12:50:00+09:00,3005.0,3005.0,3000.0,3005.0,3410,0.0,0.0
2024-07-04 12:55:00+09:00,3005.0,3005.0,3005.0,3005.0,828,0.0,0.0
2024-07-04 13:00:00+09:00,3005.0,3010.0,3005.0,3010.0,101,0.0,0.0
2024-07-04 13:05:00+09:00,3005.0,3015.0,2990.0,2990.0,18077,0.0,0.0
2024-07-04 13:10:00+09:00,2990.0,3000.0,2985.0,3000.0,153,0.0,0.0
2024-07-04 13:15:00+09:00,3000.0,3000.0,3000.0,3000.0,199,0.0,0.0
2024-07-04 13:20:00+09:00,3000.0,3015.0,2995.0,3010.0,3680,0.0,0.0
2024-07-04 13:25:00+09:00,3000.0,3000.0,3000.0,3000.0,2088,0.0,0.0
2024-07-04 13:30:00+09:00,3015.0,3015.0,3010.0,3010.0,0,0.0,0.0
2024-07-04 13:35:00+09:00,3010.0,3060.0,3010.0,3060.0,7850,0.0,0.0
2024-07-04 13:40:00+09:00,3060.0,3070.0,3060.0,3060.0,4452,0.0,0.0
2024-07-04 13:45:00+09:00,3055.0,3070.0,3055.0,3065.0,2148,0.0,0.0
2024-07-04 13:50:00+09:00,3070.0,3100.0,3070.0,3095.0,9484,0.0,0.0
2024-07-04 13:55:00+09:00,3095.0,3120.0,3085.0,3100.0,10484,0.0,0.0
2024-07-04 14:00:00+09:00,3100.0,3110.0,3075.0,3110.0,5826,0.0,0.0
2024-07-04 14:05:00+09:00,3110.0,3110.0,3095.0,3095.0,2590,0.0,0.0
2024-07-04 14:10:00+09:00,3100.0,3105.0,3075.0,3105.0,5449,0.0,0.0
2024-07-04 14:15:00+09:00,3100.0,3105.0,3100.0,3100.0,4723,0.0,0.0
2024-07-04 14:20:00+09:00,3100.0,3105.0,3100.0,3100.0,2052,0.0,0.0
2024-07-04 14:25:00+09:00,3100.0,3105.0,3090.0,3090.0,3682,0.0,0.0
2024-07-04 14:30:00+09:00,3095.0,3105.0,3095.0,3105.0,1666,0.0,0.0
2024-07-04 14:35:00+09:00,3100.0,3100.0,3095.0,3100.0,3985,0.0,0.0
2024-07-04 14:40:00+09:00,3100.0,3100.0,3090.0,3090.0,2629,0.0,0.0
2024-07-04 14:45:00+09:00,3085.0,3090.0,3075.0,3075.0,1995,0.0,0.0
2024-07-04 14:50:00+09:00,3085.0,3095.0,3075.0,3090.0,3315,0.0,0.0
2024-07-04 14:55:00+09:00,3090.0,3090.0,3090.0,3090.0,663,0.0,0.0
2024-07-05 09:00:00+09:00,3070.0,3070.0,3030.0,3060.0,1094,0.0,0.0
2024-07-05 09:05:00+09:00,3060.0,3070.0,3060.0,3070.0,228,0.0,0.0
2024-07-05 09:10:00+09:00,3070.0,3090.0,3070.0,3070.0,1579,0.0,0.0
2024-07-05 09:15:00+09:00,3065.0,3125.0,3035.0,3090.0,12453,0.0,0.0
2024-07-05 09:20:00+09:00,3120.0,3120.0,3090.0,3110.0,653,0.0,0.0
2024-07-05 09:25:00+09:00,3110.0,3110.0,3085.0,3085.0,1383,0.0,0.0
2024-07-05 09:30:00+09:00,3085.0,3090.0,3085.0,3090.0,1067,0.0,0.0
2024-07-05 09:35:00+09:00,3090.0,3090.0,3085.0,3085.0,329,0.0,0.0
2024-07-05 09:40:00+09:00,3085.0,3085.0,3085.0,3085.0,564,0.0,0.0
2024-07-05 09:45:00+09:00,3085.0,3085.0,3085.0,3085.0,144,0.0,0.0
2024-07-05 09:50:00+09:00,3085.0,3090.0,3080.0,3090.0,4672,0.0,0.0
2024-07-05 09:55:00+09:00,3080.0,3090.0,3080.0,3090.0,35,0.0,0.0
2024-07-05 10:00:00+09:00,3090.0,3090.0,3075.0,3090.0,1002,0.0,0.0
2024-07-05 10:05:00+09:00,3090.0,3090.0,3070.0,3080.0,1450,0.0,0.0
2024-07-05 10:10:00+09:00,3075.0,3080.0,3065.0,3065.0,985,0.0,0.0
2024-07-05 10:15:00+09:00,3080.0,3080.0,3080.0,3080.0,323,0.0,0.0
2024-07-05 10:20:00+09:00,3080.0,3085.0,3080.0,3085.0,672,0.0,0.0
2024-07-05 10:25:00+09:00,3085.0,3090.0,3085.0,3090.0,374,0.0,0.0
2024-07-05 10:30:00+09:00,3085.0,3090.0,3085.0,3085.0,189,0.0,0.0
2024-07-05 10:35:00+09:00,3085.0,3085.0,3085.0,3085.0,186,0.0,0.0
2024-07-05 10:40:00+09:00,3085.0,3085.0,3085.0,3085.0,0,0.0,0.0
2024-07-05 10:45:00+09:00,3085.0,3090.0,3085.0,3090.0,1640,0.0,0.0
2024-07-05 10:55:00+09:00,3090.0,3095.0,3090.0,3095.0,529,0.0,0.0
2024-07-05 11:00:00+09:00,3100.0,3105.0,3095.0,3095.0,3357,0.0,0.0
2024-07-05 11:05:00+09:00,3095.0,3095.0,3090.0,3090.0,0,0.0,0.0
2024-07-05 11:10:00+09:00,3075.0,3095.0,3075.0,3090.0,651,0.0,0.0
2024-07-05 11:15:00+09:00,3085.0,3095.0,3080.0,3090.0,1342,0.0,0.0
2024-07-05 11:20:00+09:00,3080.0,3085.0,3075.0,3075.0,488,0.0,0.0
2024-07-05 11:25:00+09:00,3075.0,3085.0,3075.0,3085.0,705,0.0,0.0
2024-07-05 11:30:00+09:00,3085.0,3085.0,3075.0,3075.0,2044,0.0,0.0
2024-07-05 11:35:00+09:00,3075.0,3085.0,3075.0,3085.0,703,0.0,0.0
2024-07-05 11:40:00+09:00,3075.0,3075.0,3075.0,3075.0,150,0.0,0.0
2024-07-05 11:45:00+09:00,3075.0,3075.0,3065.0,3065.0,2222,0.0,0.0
2024-07-05 11:50:00+09:00,3075.0,3075.0,3070.0,3070.0,569,0.0,0.0
2024-07-05 11:55:00+09:00,3070.0,3070.0,3065.0,3065.0,2550,0.0,0.0
2024-07-05 12:00:00+09:00,3065.0,3065.0,3065.0,3065.0,0,0.0,0.0
2024-07-05 12:10:00+09:00,3065.0,3075.0,3045.0,3075.0,7796,0.0,0.0
2024-07-05 12:15:00+09:00,3070.0,3070.0,3070.0,3070.0,2011,0.0,0.0
2024-07-05 12:20:00+09:00,3070.0,3070.0,3065.0,3065.0,358,0.0,0.0
2024-07-05 12:25:00+09:00,3065.0,3065.0,3065.0,3065.0,772,0.0,0.0
2024-07-05 12:30:00+09:00,3065.0,3065.0,3065.0,3065.0,572,0.0,0.0
2024-07-05 12:35:00+09:00,3065.0,3065.0,3065.0,3065.0,33,0.0,0.0
2024-07-05 12:40:00+09:00,3065.0,3065.0,3060.0,3060.0,893,0.0,0.0
2024-07-05 12:45:00+09:00,3065.0,3065.0,3060.0,3060.0,0,0.0,0.0
2024-07-05 12:50:00+09:00,3060.0,3060.0,3055.0,3055.0,12,0.0,0.0
2024-07-05 12:55:00+09:00,3060.0,3060.0,3060.0,3060.0,30,0.0,0.0
2024-07-05 13:00:00+09:00,3060.0,3060.0,3060.0,3060.0,0,0.0,0.0
2024-07-05 13:05:00+09:00,3060.0,3060.0,3060.0,3060.0,1,0.0,0.0
2024-07-05 13:10:00+09:00,3060.0,3060.0,3055.0,3055.0,2731,0.0,0.0
2024-07-05 13:20:00+09:00,3060.0,3060.0,3055.0,3055.0,0,0.0,0.0
2024-07-05 13:25:00+09:00,3055.0,3060.0,3055.0,3060.0,1533,0.0,0.0
2024-07-05 13:30:00+09:00,3060.0,3065.0,3060.0,3060.0,811,0.0,0.0
2024-07-05 13:35:00+09:00,3065.0,3065.0,3065.0,3065.0,36,0.0,0.0
2024-07-05 13:40:00+09:00,3065.0,3065.0,3060.0,3060.0,143,0.0,0.0
2024-07-05 13:45:00+09:00,3060.0,3065.0,3060.0,3065.0,884,0.0,0.0
2024-07-05 13:50:00+09:00,3065.0,3065.0,3065.0,3065.0,0,0.0,0.0
2024-07-05 13:55:00+09:00,3060.0,3065.0,3055.0,3065.0,952,0.0,0.0
2024-07-05 14:00:00+09:00,3065.0,3065.0,3060.0,3060.0,70,0.0,0.0
2024-07-05 14:05:00+09:00,3060.0,3060.0,3050.0,3050.0,2053,0.0,0.0
2024-07-05 14:10:00+09:00,3050.0,3060.0,3050.0,3060.0,137,0.0,0.0
2024-07-05 14:15:00+09:00,3050.0,3050.0,3050.0,3050.0,199,0.0,0.0
2024-07-05 14:20:00+09:00,3060.0,3060.0,3060.0,3060.0,65,0.0,0.0
2024-07-05 14:25:00+09:00,3060.0,3060.0,3050.0,3060.0,445,0.0,0.0
2024-07-05 14:30:00+09:00,3060.0,3060.0,3045.0,3055.0,2005,0.0,0.0
2024-07-05 14:35:00+09:00,3055.0,3055.0,3040.0,3040.0,5425,0.0,0.0
2024-07-05 14:40:00+09:00,3050.0,3055.0,3045.0,3045.0,3737,0.0,0.0
2024-07-05 14:45:00+09:00,3045.0,3045.0,3045.0,3045.0,5,0.0,0.0
2024-07-05 14:50:00+09:00,3045.0,3055.0,3045.0,3055.0,528,0.0,0.0
2024-07-05 14:55:00+09:00,3045.0,3045.0,3040.0,3040.0,5564,0.0,0.0
2024-07-08 09:00:00+09:00,3025.0,3065.0,3025.0,3055.0,0,0.0,0.0
2024-07-08 09:05:00+09:00,3040.0,3055.0,3040.0,3055.0,74,0.0,0.0
2024-07-08 09:10:00+09:00,3050.0,3055.0,3045.0,3045.0,1526,0.0,0.0
2024-07-08 09:15:00+09:00,3045.0,3065.0,3045.0,3060.0,9002,0.0,0.0
2024-07-08 09:20:00+09:00,3055.0,3060.0,3055.0,3060.0,713,0.0,0.0
2024-07-08 09:25:00+09:00,3060.0,3110.0,3060.0,3105.0,15456,0.0,0.0
2024-07-08 09:30:00+09:00,3075.0,3100.0,3070.0,3090.0,1788,0.0,0.0
2024-07-08 09:35:00+09:00,3085.0,3090.0,3075.0,3090.0,70,0.0,0.0
2024-07-08 09:40:00+09:00,3090.0,3105.0,3090.0,3100.0,7552,0.0,0.0
2024-07-08 09:45:00+09:00,3100.0,3105.0,3100.0,3100.0,3117,0.0,0.0
2024-07-08 09:50:00+09:00,3100.0,3100.0,3075.0,3075.0,5118,0.0,0.0
2024-07-08 09:55:00+09:00,3090.0,3090.0,3080.0,3080.0,0,0.0,0.0
2024-07-08 10:00:00+09:00,3080.0,3080.0,3070.0,3070.0,2533,0.0,0.0
2024-07-08 10:05:00+09:00,3080.0,3085.0,3070.0,3085.0,2425,0.0,0.0
2024-07-08 10:10:00+09:00,3085.0,3085.0,3065.0,3065.0,791,0.0,0.0
2024-07-08 10:15:00+09:00,3080.0,3080.0,3080.0,3080.0,0,0.0,0.0
2024-07-08 10:20:00+09:00,3080.0,3080.0,3080.0,3080.0,1497,0.0,0.0
2024-07-08 10:25:00+09:00,3080.0,3080.0,3070.0,3070.0,0,0.0,0.0
2024-07-08 10:30:00+09:00,3070.0,3080.0,3070.0,3080.0,53,0.0,0.0
2024-07-08 10:35:00+09:00,3080.0,3080.0,3070.0,3070.0,377,0.0,0.0
2024-07-08 10:40:00+09:00,3080.0,3080.0,3070.0,3075.0,0,0.0,0.0
2024-07-08 10:45:00+09:00,3070.0,3070.0,3070.0,3070.0,639,0.0,0.0
2024-07-08 10:50:00+09:00,3075.0,3080.0,3075.0,3080.0,0,0.0,0.0
2024-07-08 10:55:00+09:00,3080.0,3080.0,3080.0,3080.0,599,0.0,0.0
2024-07-08 11:00:00+09:00,3080.0,3085.0,3080.0,3080.0,324,0.0,0.0
2024-07-08 11:05:00+09:00,3080.0,3090.0,3080.0,3090.0,2987,0.0,0.0
2024-07-08 11:10:00+09:00,3090.0,3090.0,3090.0,3090.0,434,0.0,0.0
2024-07-08 11:15:00+09:00,3085.0,3085.0,3085.0,3085.0,105,0.0,0.0
2024-07-08 11:20:00+09:00,3085.0,3090.0,3085.0,3085.0,3504,0.0,0.0
2024-07-08 11:25:00+09:00,3085.0,3085.0,3085.0,3085.0,0,0.0,0.0
2024-07-08 11:30:00+09:00,3090.0,3090.0,3090.0,3090.0,938,0.0,0.0
2024-07-08 11:35:00+09:00,3095.0,3095.0,3090.0,3090.0,2028,0.0,0.0
2024-07-08 11:40:00+09:00,3095.0,3095.0,3095.0,3095.0,0,0.0,0.0
2024-07-08 11:45:00+09:00,3095.0,3095.0,3085.0,3085.0,2015,0.0,0.0
2024-07-08 11:50:00+09:00,3080.0,3080.0,3075.0,3075.0,6401,0.0,0.0
2024-07-08 11:55:00+09:00,3090.0,3095.0,3090.0,3095.0,5,0.0,0.0
2024-07-08 12:00:00+09:00,3095.0,3095.0,3090.0,3090.0,284,0.0,0.0
2024-07-08 12:05:00+09:00,3085.0,3090.0,3085.0,3090.0,193,0.0,0.0
2024-07-08 12:10:00+09:00,3095.0,3095.0,3095.0,3095.0,665,0.0,0.0
2024-07-08 12:15:00+09:00,3095.0,3095.0,3095.0,3095.0,24,0.0,0.0
2024-07-08 12:20:00+09:00,3090.0,3090.0,3090.0,3090.0,109,0.0,0.0
2024-07-08 12:25:00+09:00,3090.0,3090.0,3090.0,3090.0,178,0.0,0.0
2024-07-08 12:30:00+09:00,3085.0,3085.0,3085.0,3085.0,30,0.0,0.0
2024-07-08 12:35:00+09:00,3085.0,3085.0,3085.0,3085.0,8,0.0,0.0
2024-07-08 12:40:00+09:00,3085.0,3090.0,3085.0,3090.0,570,0.0,0.0
2024-07-08 12:45:00+09:00,3090.0,3090.0,3085.0,3085.0,0,0.0,0.0
2024-07-08 12:50:00+09:00,3080.0,3080.0,3080.0,3080.0,1335,0.0,0.0
2024-07-08 12:55:00+09:00,3090.0,3090.0,3090.0,3090.0,384,0.0,0.0
2024-07-08 13:05:00+09:00,3085.0,3090.0,3080.0,3090.0,1506,0.0,0.0
2024-07-08 13:15:00+09:00,3085.0,3085.0,3080.0,3080.0,954,0.0,0.0
2024-07-08 13:20:00+09:00,3080.0,3080.0,3080.0,3080.0,0,0.0,0.0
2024-07-08 13:30:00+09:00,3085.0,3085.0,3085.0,3085.0,7,0.0,0.0
2024-07-08 13:35:00+09:00,3085.0,3085.0,3085.0,3085.0,16,0.0,0.0
2024-07-08 13:40:00+09:00,3085.0,3085.0,3085.0,3085.0,0,0.0,0.0
2024-07-08 13:45:00+09:00,3085.0,3085.0,3085.0,3085.0,0,0.0,0.0
2024-07-08 13:50:00+09:00,3085.0,3085.0,3085.0,3085.0,43,0.0,0.0
2024-07-08 13:55:00+09:00,3080.0,3085.0,3080.0,3085.0,731,0.0,0.0
2024-07-08 14:00:00+09:00,3085.0,3085.0,3080.0,3080.0,330,0.0,0.0
2024-07-08 14:05:00+09:00,3080.0,3085.0,3080.0,3080.0,2247,0.0,0.0
2024-07-08 14:10:00+09:00,3080.0,3080.0,3075.0,3075.0,263,0.0,0.0
2024-07-08 14:15:00+09:00,3075.0,3085.0,3075.0,3080.0,123,0.0,0.0
2024-07-08 14:20:00+09:00,3085.0,3085.0,3075.0,3075.0,2107,0.0,0.0
2024-07-08 14:25:00+09:00,3075.0,3080.0,3075.0,3080.0,1008,0.0,0.0
2024-07-08 14:30:00+09:00,3080.0,3080.0,3080.0,3080.0,49,0.0,0.0
2024-07-08 14:35:00+09:00,3075.0,3075.0,3075.0,3075.0,891,0.0,0.0
2024-07-08 14:40:00+09:00,3075.0,3075.0,3075.0,3075.0,16,0.0,0.0
2024-07-08 14:45:00+09:00,3080.0,3080.0,3080.0,3080.0,109,0.0,0.0
2024-07-08 14:50:00+09:00,3080.0,3080.0,3080.0,3080.0,3111,0.0,0.0
2024-07-08 14:55:00+09:00,3080.0,3085.0,3080.0,3085.0,0,0.0,0.0
2024-07-09 09:00:00+09:00,3065.0,3085.0,3065.0,3085.0,1296,0.0,0.0
2024-07-09 09:05:00+09:00,3070.0,3090.0,3070.0,3075.0,6611,0.0,0.0
2024-07-09 09:10:00+09:00,3090.0,3090.0,3080.0,3080.0,2584,0.0,0.0
2024-07-09 09:15:00+09:00,3090.0,3090.0,3075.0,3090.0,4113,0.0,0.0
2024-07-09 09:20:00+09:00,3080.0,3080.0,3060.0,3075.0,7048,0.0,0.0
2024-07-09 09:25:00+09:00,3075.0,3085.0,3065.0,3085.0,1218,0.0,0.0
2024-07-09 09:30:00+09:00,3085.0,3105.0,3085.0,3105.0,2780,0.0,0.0
2024-07-09 09:35:00+09:00,3105.0,3105.0,3095.0,3095.0,138,0.0,0.0
2024-07-09 09:40:00+09:00,3095.0,3100.0,3085.0,3095.0,2133,0.0,0.0
2024-07-09 09:45:00+09:00,3090.0,3095.0,3090.0,3090.0,341,0.0,0.0
2024-07-09 09:50:00+09:00,3090.0,3095.0,3085.0,3095.0,652,0.0,0.0
2024-07-09 09:55:00+09:00,3095.0,3095.0,3090.0,3095.0,3215,0.0,0.0
2024-07-09 10:00:00+09:00,3095.0,3095.0,3095.0,3095.0,0,0.0,0.0
2024-07-09 10:05:00+09:00,3095.0,3095.0,3085.0,3085.0,2393,0.0,0.0
2024-07-09 10:10:00+09:00,3085.0,3090.0,3085.0,3090.0,688,0.0,0.0
2024-07-09 10:15:00+09:00,3090.0,3090.0,3085.0,3090.0,709,0.0,0.0
2024-07-09 10:20:00+09:00,3090.0,3095.0,3090.0,3095.0,1945,0.0,0.0
2024-07-09 10:25:00+09:00,3090.0,3095.0,3090.0,3095.0,1623,0.0,0.0
2024-07-09 10:30:00+09:00,3095.0,3100.0,3095.0,3100.0,937,0.0,0.0
2024-07-09 10:35:00+09:00,3095.0,3095.0,3095.0,3095.0,127,0.0,0.0
2024-07-09 10:40:00+09:00,3090.0,3090.0,3085.0,3090.0,340,0.0,0.0
2024-07-09 10:45:00+09:00,3090.0,3090.0,3085.0,3085.0,1937,0.0,0.0
2024-07-09 10:50:00+09:00,3085.0,3095.0,3085.0,3085.0,0,0.0,0.0
2024-07-09 10:55:00+09:00,3095.0,3095.0,3095.0,3095.0,12,0.0,0.0
2024-07-09 11:00:00+09:00,3090.0,3090.0,3070.0,3070.0,8161,0.0,0.0
2024-07-09 11:05:00+09:00,3070.0,3070.0,3070.0,3070.0,798,0.0,0.0
2024-07-09 11:10:00+09:00,3070.0,3070.0,3070.0,3070.0,1600,0.0,0.0
2024-07-09 11:15:00+09:00,3070.0,3070.0,3070.0,3070.0,0,0.0,0.0
2024-07-09 11:20:00+09:00,3070.0,3085.0,3060.0,3080.0,25331,0.0,0.0
2024-07-09 11:25:00+09:00,3080.0,3085.0,3080.0,3085.0,614,0.0,0.0
2024-07-09 11:30:00+09:00,3085.0,3085.0,3085.0,3085.0,422,0.0,0.0
2024-07-09 11:35:00+09:00,3085.0,3090.0,3070.0,3070.0,7434,0.0,0.0
2024-07-09 11:40:00+09:00,3070.0,3070.0,3070.0,3070.0,999,0.0,0.0
2024-07-09 11:45:00+09:00,3085.0,3085.0,3085.0,3085.0,1451,0.0,0.0
2024-07-09 11:55:00+09:00,3075.0,3075.0,3065.0,3065.0,1124,0.0,0.0
2024-07-09 12:00:00+09:00,3065.0,3065.0,3055.0,3060.0,8515,0.0,0.0
2024-07-09 12:05:00+09:00,3075.0,3075.0,3075.0,3075.0,0,0.0,0.0
2024-07-09 12:10:00+09:00,3075.0,3075.0,3075.0,3075.0,0,0.0,0.0
2024-07-09 12:15:00+09:00,3075.0,3075.0,3075.0,3075.0,654,0.0,0.0
2024-07-09 12:20:00+09:00,3075.0,3080.0,3070.0,3075.0,156,0.0,0.0
2024-07-09 12:25:00+09:00,3080.0,3090.0,3080.0,3090.0,5189,0.0,0.0
2024-07-09 12:30:00+09:00,3080.0,3080.0,3070.0,3070.0,1574,0.0,0.0
2024-07-09 12:35:00+09:00,3080.0,3080.0,3070.0,3080.0,0,0.0,0.0
2024-07-09 12:40:00+09:00,3080.0,3080.0,3080.0,3080.0,4,0.0,0.0
2024-07-09 12:45:00+09:00,3075.0,3075.0,3075.0,3075.0,6,0.0,0.0
2024-07-09 12:50:00+09:00,3075.0,3075.0,3075.0,3075.0,349,0.0,0.0
2024-07-09 12:55:00+09:00,3070.0,3075.0,3070.0,3075.0,316,0.0,0.0
2024-07-09 13:00:00+09:00,3070.0,3070.0,3070.0,3070.0,181,0.0,0.0
2024-07-09 13:05:00+09:00,3075.0,3075.0,3065.0,3065.0,1653,0.0,0.0
2024-07-09 13:10:00+09:00,3065.0,3065.0,3065.0,3065.0,0,0.0,0.0
2024-07-09 13:15:00+09:00,3075.0,3080.0,3065.0,3080.0,1407,0.0,0.0
2024-07-09 13:20:00+09:00,3075.0,3075.0,3075.0,3075.0,0,0.0,0.0
2024-07-09 13:25:00+09:00,3065.0,3065.0,3050.0,3050.0,8214,0.0,0.0
2024-07-09 13:30:00+09:00,3055.0,3070.0,3050.0,3050.0,6950,0.0,0.0
2024-07-09 13:35:00+09:00,3070.0,3070.0,3070.0,3070.0,0,0.0,0.0
2024-07-09 13:45:00+09:00,3070.0,3070.0,3060.0,3070.0,0,0.0,0.0
2024-07-09 13:50:00+09:00,3070.0,3070.0,3070.0,3070.0,200,0.0,0.0
2024-07-09 13:55:00+09:00,3070.0,3070.0,3065.0,3065.0,144,0.0,0.0
2024-07-09 14:00:00+09:00,3060.0,3060.0,3060.0,3060.0,1135,0.0,0.0
2024-07-09 14:05:00+09:00,3065.0,3065.0,3065.0,3065.0,0,0.0,0.0
2024-07-09 14:10:00+09:00,3070.0,3070.0,3065.0,3065.0,0,0.0,0.0
2024-07-09 14:15:00+09:00,3065.0,3065.0,3050.0,3050.0,4701,0.0,0.0
2024-07-09 14:20:00+09:00,3055.0,3065.0,3050.0,3065.0,134,0.0,0.0
2024-07-09 14:25:00+09:00,3060.0,3070.0,3055.0,3070.0,596,0.0,0.0
2024-07-09 14:35:00+09:00,3070.0,3070.0,3065.0,3065.0,148,0.0,0.0
2024-07-09 14:40:00+09:00,3055.0,3055.0,3055.0,3055.0,53,0.0,0.0
2024-07-09 14:45:00+09:00,3055.0,3065.0,3045.0,3065.0,1614,0.0,0.0
2024-07-09 14:50:00+09:00,3060.0,3060.0,3060.0,3060.0,1,0.0,0.0
2024-07-10 09:00:00+09:00,3055.0,3060.0,3045.0,3045.0,2034,0.0,0.0
2024-07-10 09:05:00+09:00,3050.0,3070.0,3045.0,3055.0,1105,0.0,0.0
2024-07-10 09:10:00+09:00,3055.0,3055.0,3035.0,3035.0,5776,0.0,0.0
2024-07-10 09:15:00+09:00,3040.0,3040.0,3035.0,3035.0,11017,0.0,0.0
2024-07-10 09:20:00+09:00,3030.0,3050.0,3030.0,3035.0,2536,0.0,0.0
2024-07-10 09:25:00+09:00,3030.0,3040.0,3030.0,3035.0,1557,0.0,0.0
2024-07-10 09:30:00+09:00,3035.0,3035.0,3030.0,3030.0,384,0.0,0.0
2024-07-10 09:35:00+09:00,3035.0,3035.0,3025.0,3030.0,2870,0.0,0.0
2024-07-10 09:40:00+09:00,3025.0,3035.0,3025.0,3030.0,2338,0.0,0.0
2024-07-10 09:45:00+09:00,3030.0,3030.0,3025.0,3025.0,778,0.0,0.0
2024-07-10 09:50:00+09:00,3025.0,3030.0,3025.0,3025.0,692,0.0,0.0
2024-07-10 09:55:00+09:00,3030.0,3040.0,3025.0,3040.0,2492,0.0,0.0
2024-07-10 10:00:00+09:00,3035.0,3070.0,3035.0,3055.0,2073,0.0,0.0
2024-07-10 10:05:00+09:00,3040.0,3055.0,3040.0,3040.0,146,0.0,0.0
2024-07-10 10:10:00+09:00,3045.0,3045.0,3045.0,3045.0,0,0.0,0.0
2024-07-10 10:15:00+09:00,3045.0,3050.0,3045.0,3050.0,491,0.0,0.0
2024-07-10 10:20:00+09:00,3040.0,3040.0,3040.0,3040.0,113,0.0,0.0
2024-07-10 10:25:00+09:00,3040.0,3050.0,3035.0,3050.0,4025,0.0,0.0
2024-07-10 10:30:00+09:00,3040.0,3050.0,3040.0,3050.0,720,0.0,0.0
2024-07-10 10:35:00+09:00,3050.0,3050.0,3035.0,3035.0,1239,0.0,0.0
2024-07-10 10:40:00+09:00,3035.0,3035.0,3030.0,3030.0,540,0.0,0.0
2024-07-10 10:45:00+09:00,3045.0,3045.0,3035.0,3045.0,91,0.0,0.0
2024-07-10 10:50:00+09:00,3040.0,3040.0,3040.0,3040.0,70,0.0,0.0
2024-07-10 10:55:00+09:00,3045.0,3045.0,3045.0,3045.0,1529,0.0,0.0
2024-07-10 11:00:00+09:00,3050.0,3050.0,3050.0,3050.0,74,0.0,0.0
2024-07-10 11:05:00+09:00,3050.0,3050.0,3050.0,3050.0,0,0.0,0.0
2024-07-10 11:10:00+09:00,3050.0,3050.0,3045.0,3045.0,34,0.0,0.0
2024-07-10 11:15:00+09:00,3050.0,3055.0,3050.0,3055.0,2811,0.0,0.0
2024-07-10 11:20:00+09:00,3055.0,3055.0,3055.0,3055.0,233,0.0,0.0
2024-07-10 11:25:00+09:00,3055.0,3055.0,3055.0,3055.0,0,0.0,0.0
2024-07-10 11:30:00+09:00,3050.0,3050.0,3050.0,3050.0,590,0.0,0.0
2024-07-10 11:35:00+09:00,3050.0,3050.0,3045.0,3045.0,348,0.0,0.0
2024-07-10 11:40:00+09:00,3045.0,3055.0,3045.0,3045.0,1123,0.0,0.0
2024-07-10 11:45:00+09:00,3055.0,3055.0,3045.0,3045.0,0,0.0,0.0
2024-07-10 11:50:00+09:00,3045.0,3045.0,3045.0,3045.0,0,0.0,0.0
2024-07-10 11:55:00+09:00,3050.0,3055.0,3045.0,3055.0,295,0.0,0.0
2024-07-10 12:00:00+09:00,3050.0,3050.0,3040.0,3040.0,2180,0.0,0.0
2024-07-10 12:05:00+09:00,3040.0,3040.0,3040.0,3040.0,6519,0.0,0.0
2024-07-10 12:10:00+09:00,3040.0,3040.0,3040.0,3040.0,0,0.0,0.0
2024-07-10 12:20:00+09:00,3040.0,3040.0,3040.0,3040.0,4972,0.0,0.0
2024-07-10 12:30:00+09:00,3045.0,3045.0,3030.0,3030.0,10084,0.0,0.0
2024-07-10 12:35:00+09:00,3030.0,3050.0,3025.0,3050.0,815,0.0,0.0
2024-07-10 12:40:00+09:00,3050.0,3055.0,3050.0,3055.0,328,0.0,0.0
2024-07-10 12:45:00+09:00,3045.0,3045.0,3025.0,3025.0,5472,0.0,0.0
2024-07-10 12:50:00+09:00,3030.0,3030.0,3030.0,3030.0,0,0.0,0.0
2024-07-10 12:55:00+09:00,3050.0,3050.0,3050.0,3050.0,361,0.0,0.0
2024-07-10 13:00:00+09:00,3055.0,3055.0,3050.0,3050.0,0,0.0,0.0
2024-07-10 13:05:00+09:00,3055.0,3055.0,3055.0,3055.0,0,0.0,0.0
2024-07-10 13:10:00+09:00,3055.0,3055.0,3055.0,3055.0,18,0.0,0.0
2024-07-10 13:15:00+09:00,3055.0,3055.0,3055.0,3055.0,13,0.0,0.0
2024-07-10 13:20:00+09:00,3050.0,3055.0,3050.0,3055.0,186,0.0,0.0
2024-07-10 13:25:00+09:00,3055.0,3055.0,3055.0,3055.0,55,0.0,0.0
2024-07-10 13:30:00+09:00,3055.0,3055.0,3055.0,3055.0,197,0.0,0.0
2024-07-10 13:35:00+09:00,3055.0,3055.0,3055.0,3055.0,0,0.0,0.0
2024-07-10 13:40:00+09:00,3055.0,3055.0,3055.0,3055.0,0,0.0,0.0
2024-07-10 13:45:00+09:00,3055.0,3055.0,3035.0,3035.0,700,0.0,0.0
2024-07-10 13:50:00+09:00,3040.0,3040.0,3030.0,3030.0,265,0.0,0.0
2024-07-10 13:55:00+09:00,3055.0,3055.0,3055.0,3055.0,2,0.0,0.0
2024-07-10 14:00:00+09:00,3055.0,3055.0,3055.0,3055.0,1,0.0,0.0
2024-07-10 14:10:00+09:00,3055.0,3055.0,3045.0,3045.0,96,0.0,0.0
2024-07-10 14:15:00+09:00,3040.0,3055.0,3040.0,3055.0,193,0.0,0.0
2024-07-10 14:20:00+09:00,3050.0,3055.0,3050.0,3055.0,11,0.0,0.0
2024-07-10 14:25:00+09:00,3055.0,3055.0,3055.0,3055.0,5,0.0,0.0
2024-07-10 14:30:00+09:00,3050.0,3055.0,3050.0,3055.0,460,0.0,0.0
2024-07-10 14:35:00+09:00,3055.0,3055.0,3055.0,3055.0,10,0.0,0.0
2024-07-10 14:40:00+09:00,3045.0,3055.0,3040.0,3055.0,1367,0.0,0.0
2024-07-10 14:45:00+09:00,3055.0,3060.0,3055.0,3060.0,4360,0.0,0.0
2024-07-10 14:50:00+09:00,3060.0,3070.0,3060.0,3065.0,0,0.0,0.0
2024-07-10 14:55:00+09:00,3060.0,3075.0,3060.0,3075.0,4683,0.0,0.0
2024-07-11 09:00:00+09:00,3070.0,3090.0,3070.0,3090.0,1612,0.0,0.0
2024-07-11 09:05:00+09:00,3070.0,3090.0,3070.0,3090.0,138,0.0,0.0
2024-07-11 09:10:00+09:00,3080.0,3085.0,3070.0,3070.0,255,0.0,0.0
2024-07-11 09:15:00+09:00,3070.0,3080.0,3070.0,3080.0,376,0.0,0.0
2024-07-11 09:20:00+09:00,3075.0,3080.0,3070.0,3070.0,0,0.0,0.0
2024-07-11 09:25:00+09:00,3065.0,3070.0,3050.0,3070.0,3326,0.0,0.0
2024-07-11 09:30:00+09:00,3060.0,3070.0,3055.0,3070.0,402,0.0,0.0
2024-07-11 09:35:00+09:00,3065.0,3070.0,3050.0,3060.0,1447,0.0,0.0
2024-07-11 09:40:00+09:00,3045.0,3070.0,3045.0,3070.0,13279,0.0,0.0
2024-07-11 09:45:00+09:00,3070.0,3070.0,3070.0,3070.0,0,0.0,0.0
2024-07-11 09:50:00+09:00,3070.0,3070.0,3070.0,3070.0,12,0.0,0.0
2024-07-11 09:55:00+09:00,3065.0,3065.0,3050.0,3065.0,2411,0.0,0.0
2024-07-11 10:00:00+09:00,3065.0,3065.0,3055.0,3055.0,124,0.0,0.0
2024-07-11 10:05:00+09:00,3065.0,3065.0,3060.0,3065.0,413,0.0,0.0
2024-07-11 10:10:00+09:00,3065.0,3065.0,3055.0,3060.0,354,0.0,0.0
2024-07-11 10:15:00+09:00,3060.0,3060.0,3060.0,3060.0,3,0.0,0.0
2024-07-11 10:20:00+09:00,3060.0,3060.0,3060.0,3060.0,40,0.0,0.0
2024-07-11 10:25:00+09:00,3055.0,3060.0,3055.0,3060.0,92,0.0,0.0
2024-07-11 10:30:00+09:00,3055.0,3060.0,3050.0,3060.0,1179,0.0,0.0
2024-07-11 10:35:00+09:00,3060.0,3065.0,3060.0,3065.0,3528,0.0,0.0
2024-07-11 10:40:00+09:00,3065.0,3065.0,3065.0,3065.0,310,0.0,0.0
2024-07-11 10:45:00+09:00,3065.0,3065.0,3065.0,3065.0,1,0.0,0.0
2024-07-11 10:55:00+09:00,3060.0,3065.0,3060.0,3060.0,381,0.0,0.0
2024-07-11 11:00:00+09:00,3065.0,3065.0,3040.0,3065.0,9710,0.0,0.0
2024-07-11 11:05:00+09:00,3065.0,3065.0,3060.0,3060.0,12,0.0,0.0
2024-07-11 11:10:00+09:00,3060.0,3060.0,3060.0,3060.0,8,0.0,0.0
2024-07-11 11:15:00+09:00,3060.0,3065.0,3050.0,3065.0,517,0.0,0.0
2024-07-11 11:20:00+09:00,3065.0,3070.0,3065.0,3070.0,1001,0.0,0.0
2024-07-11 11:25:00+09:00,3055.0,3070.0,3040.0,3070.0,13943,0.0,0.0
2024-07-11 11:30:00+09:00,3060.0,3070.0,3060.0,3070.0,3,0.0,0.0
2024-07-11 11:40:00+09:00,3070.0,3070.0,3070.0,3070.0,7,0.0,0.0
2024-07-11 11:45:00+09:00,3070.0,3070.0,3070.0,3070.0,128,0.0,0.0
2024-07-11 11:50:00+09:00,3060.0,3065.0,3045.0,3065.0,1407,0.0,0.0
2024-07-11 11:55:00+09:00,3045.0,3055.0,3045.0,3055.0,23,0.0,0.0
2024-07-11 12:00:00+09:00,3055.0,3055.0,3055.0,3055.0,2,0.0,0.0
2024-07-11 12:05:00+09:00,3055.0,3055.0,3045.0,3055.0,1411,0.0,0.0
2024-07-11 12:10:00+09:00,3055.0,3055.0,3045.0,3050.0,708,0.0,0.0
2024-07-11 12:15:00+09:00,3045.0,3050.0,3045.0,3050.0,35,0.0,0.0
2024-07-11 12:20:00+09:00,3050.0,3050.0,3045.0,3045.0,567,0.0,0.0
2024-07-11 12:25:00+09:00,3045.0,3050.0,3045.0,3045.0,305,0.0,0.0
2024-07-11 12:35:00+09:00,3050.0,3050.0,3050.0,3050.0,414,0.0,0.0
2024-07-11 12:40:00+09:00,3050.0,3050.0,3045.0,3050.0,120,0.0,0.0
2024-07-11 12:45:00+09:00,3045.0,3050.0,3040.0,3045.0,538,0.0,0.0
2024-07-11 12:50:00+09:00,3045.0,3050.0,3040.0,3050.0,527,0.0,0.0
2024-07-11 13:00:00+09:00,3045.0,3045.0,3040.0,3040.0,10537,0.0,0.0
2024-07-11 13:05:00+09:00,3045.0,3045.0,3045.0,3045.0,0,0.0,0.0
2024-07-11 13:10:00+09:00,3045.0,3050.0,3045.0,3050.0,966,0.0,0.0
2024-07-11 13:15:00+09:00,3050.0,3050.0,3040.0,3040.0,1559,0.0,0.0
2024-07-11 13:20:00+09:00,3040.0,3040.0,3040.0,3040.0,1919,0.0,0.0
2024-07-11 13:25:00+09:00,3040.0,3045.0,3040.0,3040.0,2413,0.0,0.0
2024-07-11 13:30:00+09:00,3040.0,3045.0,3040.0,3045.0,0,0.0,0.0
2024-07-11 13:35:00+09:00,3045.0,3045.0,3045.0,3045.0,13,0.0,0.0
2024-07-11 13:40:00+09:00,3040.0,3040.0,3040.0,3040.0,279,0.0,0.0
2024-07-11 13:45:00+09:00,3040.0,3040.0,3035.0,3035.0,1641,0.0,0.0
2024-07-11 13:50:00+09:00,3040.0,3040.0,3040.0,3040.0,0,0.0,0.0
2024-07-11 13:55:00+09:00,3040.0,3040.0,3040.0,3040.0,0,0.0,0.0
2024-07-11 14:00:00+09:00,3040.0,3045.0,3040.0,3045.0,1174,0.0,0.0
2024-07-11 14:10:00+09:00,3045.0,3045.0,3045.0,3045.0,544,0.0,0.0
2024-07-11 14:15:00+09:00,3045.0,3050.0,3045.0,3045.0,1963,0.0,0.0
2024-07-11 14:20:00+09:00,3050.0,3050.0,3050.0,3050.0,2,0.0,0.0
2024-07-11 14:25:00+09:00,3050.0,3050.0,3050.0,3050.0,67,0.0,0.0
2024-07-11 14:30:00+09:00,3045.0,3045.0,3045.0,3045.0,109,0.0,0.0
2024-07-11 14:35:00+09:00,3050.0,3050.0,3050.0,3050.0,0,0.0,0.0
2024-07-11 14:40:00+09:00,3050.0,3050.0,3050.0,3050.0,7300,0.0,0.0
2024-07-11 14:45:00+09:00,3045.0,3050.0,3045.0,3045.0,0,0.0,0.0
2024-07-11 14:50:00+09:00,3045.0,3045.0,3045.0,3045.0,0,0.0,0.0
2024-07-11 14:55:00+09:00,3045.0,3045.0,3040.0,3045.0,3205,0.0,0.0
2024-07-12 09:00:00+09:00,3045.0,3065.0,3030.0,3065.0,2362,0.0,0.0
2024-07-12 09:05:00+09:00,3065.0,3065.0,3065.0,3065.0,413,0.0,0.0
2024-07-12 09:10:00+09:00,3065.0,3085.0,3065.0,3085.0,5041,0.0,0.0
2024-07-12 09:15:00+09:00,3085.0,3115.0,3080.0,3090.0,22537,0.0,0.0
2024-07-12 09:20:00+09:00,3100.0,3110.0,3100.0,3105.0,2946,0.0,0.0
2024-07-12 09:25:00+09:00,3105.0,3110.0,3095.0,3105.0,8617,0.0,0.0
2024-07-12 09:30:00+09:00,3105.0,3105.0,3075.0,3080.0,7010,0.0,0.0
2024-07-12 09:35:00+09:00,3080.0,3100.0,3080.0,3095.0,2470,0.0,0.0
2024-07-12 09:40:00+09:00,3095.0,3095.0,3080.0,3080.0,2315,0.0,0.0
2024-07-12 09:45:00+09:00,3090.0,3090.0,3080.0,3085.0,3214,0.0,0.0
2024-07-12 09:50:00+09:00,3080.0,3085.0,3060.0,3085.0,5603,0.0,0.0
2024-07-12 09:55:00+09:00,3080.0,3085.0,3050.0,3080.0,1886,0.0,0.0
2024-07-12 10:00:00+09:00,3080.0,3085.0,3055.0,3085.0,818,0.0,0.0
2024-07-12 10:05:00+09:00,3085.0,3085.0,3085.0,3085.0,2,0.0,0.0
2024-07-12 10:10:00+09:00,3085.0,3085.0,3055.0,3060.0,503,0.0,0.0
2024-07-12 10:15:00+09:00,3075.0,3080.0,3075.0,3080.0,554,0.0,0.0
2024-07-12 10:20:00+09:00,3080.0,3080.0,3080.0,3080.0,1870,0.0,0.0
2024-07-12 10:25:00+09:00,3075.0,3075.0,3060.0,3075.0,0,0.0,0.0
2024-07-12 10:30:00+09:00,3060.0,3075.0,3055.0,3075.0,7444,0.0,0.0
2024-07-12 10:40:00+09:00,3075.0,3075.0,3075.0,3075.0,1,0.0,0.0
2024-07-12 10:50:00+09:00,3055.0,3075.0,3055.0,3070.0,182,0.0,0.0
2024-07-12 10:55:00+09:00,3065.0,3070.0,3065.0,3070.0,34,0.0,0.0
2024-07-12 11:05:00+09:00,3070.0,3070.0,3070.0,3070.0,51,0.0,0.0
2024-07-12 11:15:00+09:00,3070.0,3070.0,3070.0,3070.0,0,0.0,0.0
2024-07-12 11:20:00+09:00,3070.0,3070.0,3055.0,3055.0,485,0.0,0.0
2024-07-12 11:25:00+09:00,3060.0,3060.0,3060.0,3060.0,90,0.0,0.0
2024-07-12 11:30:00+09:00,3060.0,3060.0,3060.0,3060.0,522,0.0,0.0
2024-07-12 11:35:00+09:00,3070.0,3070.0,3070.0,3070.0,209,0.0,0.0
2024-07-12 11:45:00+09:00,3065.0,3065.0,3065.0,3065.0,0,0.0,0.0
2024-07-12 11:50:00+09:00,3065.0,3065.0,3065.0,3065.0,0,0.0,0.0
2024-07-12 11:55:00+09:00,3060.0,3065.0,3060.0,3065.0,13,0.0,0.0
2024-07-12 12:00:00+09:00,3065.0,3065.0,3065.0,3065.0,77,0.0,0.0
2024-07-12 12:05:00+09:00,3060.0,3060.0,3060.0,3060.0,962,0.0,0.0
2024-07-12 12:10:00+09:00,3060.0,3065.0,3060.0,3065.0,6,0.0,0.0
2024-07-12 12:15:00+09:00,3065.0,3065.0,3065.0,3065.0,160,0.0,0.0
2024-07-12 12:20:00+09:00,3060.0,3065.0,3060.0,3065.0,0,0.0,0.0
2024-07-12 12:25:00+09:00,3060.0,3060.0,3060.0,3060.0,2689,0.0,0.0
2024-07-12 12:30:00+09:00,3060.0,3065.0,3060.0,3065.0,0,0.0,0.0
2024-07-12 12:35:00+09:00,3065.0,3065.0,3065.0,3065.0,3,0.0,0.0
2024-07-12 12:45:00+09:00,3060.0,3065.0,3060.0,3065.0,18,0.0,0.0
2024-07-12 12:50:00+09:00,3060.0,3065.0,3050.0,3060.0,7585,0.0,0.0
2024-07-12 12:55:00+09:00,3065.0,3065.0,3050.0,3050.0,0,0.0,0.0
2024-07-12 13:00:00+09:00,3060.0,3060.0,3060.0,3060.0,98,0.0,0.0
2024-07-12 13:05:00+09:00,3060.0,3060.0,3060.0,3060.0,0,0.0,0.0
2024-07-12 13:15:00+09:00,3065.0,3065.0,3065.0,3065.0,42,0.0,0.0
2024-07-12 13:20:00+09:00,3060.0,3060.0,3050.0,3050.0,721,0.0,0.0
2024-07-12 13:30:00+09:00,3065.0,3065.0,3065.0,3065.0,191,0.0,0.0
2024-07-12 13:40:00+09:00,3055.0,3055.0,3055.0,3055.0,185,0.0,0.0
2024-07-12 13:45:00+09:00,3050.0,3065.0,3045.0,3065.0,7510,0.0,0.0
2024-07-12 13:50:00+09:00,3065.0,3065.0,3065.0,3065.0,19,0.0,0.0
2024-07-12 13:55:00+09:00,3050.0,3065.0,3050.0,3065.0,513,0.0,0.0
2024-07-12 14:00:00+09:00,3065.0,3065.0,3050.0,3060.0,1492,0.0,0.0
2024-07-12 14:05:00+09:00,3060.0,3065.0,3060.0,3065.0,2193,0.0,0.0
2024-07-12 14:20:00+09:00,3055.0,3055.0,3055.0,3055.0,107,0.0,0.0
2024-07-12 14:25:00+09:00,3050.0,3060.0,3050.0,3060.0,96,0.0,0.0
2024-07-12 14:30:00+09:00,3055.0,3060.0,3045.0,3060.0,2693,0.0,0.0
2024-07-12 14:35:00+09:00,3060.0,3060.0,3060.0,3060.0,0,0.0,0.0
2024-07-12 14:40:00+09:00,3060.0,3060.0,3060.0,3060.0,1004,0.0,0.0
2024-07-12 14:45:00+09:00,3060.0,3065.0,3060.0,3060.0,1110,0.0,0.0
2024-07-12 14:50:00+09:00,3065.0,3065.0,3060.0,3060.0,1107,0.0,0.0
2024-07-15 09:00:00+09:00,3045.0,3065.0,3030.0,3040.0,0,0.0,0.0
2024-07-15 09:05:00+09:00,3045.0,3065.0,3045.0,3045.0,2957,0.0,0.0
2024-07-15 09:10:00+09:00,3045.0,3065.0,3025.0,3060.0,3432,0.0,0.0
2024-07-15 09:15:00+09:00,3055.0,3055.0,3055.0,3055.0,198,0.0,0.0
2024-07-15 09:20:00+09:00,3050.0,3055.0,3050.0,3055.0,0,0.0,0.0
2024-07-15 09:25:00+09:00,3055.0,3055.0,3050.0,3050.0,82,0.0,0.0
2024-07-15 09:30:00+09:00,3050.0,3050.0,3050.0,3050.0,0,0.0,0.0
2024-07-15 09:35:00+09:00,3055.0,3060.0,3055.0,3060.0,117,0.0,0.0
2024-07-15 09:40:00+09:00,3060.0,3065.0,3055.0,3055.0,520,0.0,0.0
2024-07-15 09:45:00+09:00,3055.0,3060.0,3055.0,3055.0,602,0.0,0.0
2024-07-15 09:50:00+09:00,3055.0,3060.0,3055.0,3060.0,675,0.0,0.0
2024-07-15 09:55:00+09:00,3060.0,3065.0,3060.0,3060.0,1359,0.0,0.0
2024-07-15 10:00:00+09:00,3060.0,3065.0,3060.0,3065.0,141,0.0,0.0
2024-07-15 10:05:00+09:00,3065.0,3065.0,3060.0,3060.0,1713,0.0,0.0
2024-07-15 10:10:00+09:00,3060.0,3065.0,3055.0,3065.0,415,0.0,0.0
2024-07-15 10:15:00+09:00,3065.0,3065.0,3055.0,3065.0,383,0.0,0.0
2024-07-15 10:20:00+09:00,3060.0,3060.0,3055.0,3060.0,177,0.0,0.0
2024-07-15 10:25:00+09:00,3060.0,3060.0,3060.0,3060.0,699,0.0,0.0
2024-07-15 10:30:00+09:00,3060.0,3060.0,3055.0,3055.0,0,0.0,0.0
2024-07-15 10:35:00+09:00,3055.0,3055.0,3055.0,3055.0,932,0.0,0.0
2024-07-15 10:40:00+09:00,3060.0,3060.0,3055.0,3055.0,307,0.0,0.0
2024-07-15 10:45:00+09:00,3060.0,3060.0,3060.0,3060.0,207,0.0,0.0
2024-07-15 10:50:00+09:00,3060.0,3075.0,3055.0,3055.0,8163,0.0,0.0
2024-07-15 10:55:00+09:00,3075.0,3075.0,3075.0,3075.0,0,0.0,0.0
2024-07-15 11:00:00+09:00,3075.0,3075.0,3075.0,3075.0,5,0.0,0.0
2024-07-15 11:05:00+09:00,3075.0,3075.0,3075.0,3075.0,86,0.0,0.0
2024-07-15 11:10:00+09:00,3075.0,3075.0,3075.0,3075.0,351,0.0,0.0
2024-07-15 11:15:00+09:00,3070.0,3070.0,3070.0,3070.0,73,0.0,0.0
2024-07-15 11:20:00+09:00,3070.0,3075.0,3070.0,3070.0,0,0.0,0.0
2024-07-15 11:25:00+09:00,3075.0,3075.0,3065.0,3065.0,482,0.0,0.0
2024-07-15 11:30:00+09:00,3065.0,3065.0,3060.0,3060.0,167,0.0,0.0
2024-07-15 11:35:00+09:00,3065.0,3070.0,3065.0,3070.0,0,0.0,0.0
2024-07-15 11:40:00+09:00,3065.0,3070.0,3060.0,3070.0,1787,0.0,0.0
2024-07-15 11:45:00+09:00,3070.0,3070.0,3070.0,3070.0,0,0.0,0.0
2024-07-15 11:50:00+09:00,3070.0,3070.0,3070.0,3070.0,16,0.0,0.0
2024-07-15 11:55:00+09:00,3070.0,3070.0,3060.0,3070.0,610,0.0,0.0
2024-07-15 12:00:00+09:00,3070.0,3070.0,3070.0,3070.0,11,0.0,0.0
2024-07-15 12:05:00+09:00,3070.0,3070.0,3070.0,3070.0,654,0.0,0.0
2024-07-15 12:10:00+09:00,3065.0,3065.0,3065.0,3065.0,0,0.0,0.0
2024-07-15 12:15:00+09:00,3065.0,3070.0,3065.0,3070.0,0,0.0,0.0
2024-07-15 12:20:00+09:00,3070.0,3070.0,3070.0,3070.0,14,0.0,0.0
2024-07-15 12:25:00+09:00,3065.0,3065.0,3065.0,3065.0,198,0.0,0.0
2024-07-15 12:35:00+09:00,3065.0,3065.0,3060.0,3060.0,313,0.0,0.0
2024-07-15 12:40:00+09:00,3060.0,3060.0,3060.0,3060.0,1429,0.0,0.0
2024-07-15 12:45:00+09:00,3060.0,3060.0,3060.0,3060.0,0,0.0,0.0
2024-07-15 13:00:00+09:00,3060.0,3060.0,3060.0,3060.0,46,0.0,0.0
2024-07-15 13:10:00+09:00,3060.0,3065.0,3060.0,3065.0,612,0.0,0.0
2024-07-15 13:15:00+09:00,3065.0,3065.0,3065.0,3065.0,36,0.0,0.0
2024-07-15 13:20:00+09:00,3060.0,3060.0,3055.0,3055.0,12171,0.0,0.0
2024-07-15 13:25:00+09:00,3055.0,3055.0,3055.0,3055.0,0,0.0,0.0
2024-07-15 13:30:00+09:00,3055.0,3060.0,3055.0,3060.0,0,0.0,0.0
2024-07-15 13:40:00+09:00,3060.0,3060.0,3060.0,3060.0,216,0.0,0.0
2024-07-15 13:45:00+09:00,3055.0,3060.0,3055.0,3060.0,3381,0.0,0.0
2024-07-15 13:50:00+09:00,3065.0,3065.0,3065.0,3065.0,1105,0.0,0.0
2024-07-15 13:55:00+09:00,3065.0,3065.0,3060.0,3060.0,637,0.0,0.0
2024-07-15 14:00:00+09:00,3060.0,3060.0,3060.0,3060.0,1933,0.0,0.0
2024-07-15 14:05:00+09:00,3060.0,3060.0,3060.0,3060.0,988,0.0,0.0
2024-07-15 14:10:00+09:00,3060.0,3060.0,3060.0,3060.0,0,0.0,0.0
2024-07-15 14:15:00+09:00,3060.0,3060.0,3060.0,3060.0,1237,0.0,0.0
2024-07-15 14:20:00+09:00,3060.0,3060.0,3060.0,3060.0,1330,0.0,0.0
2024-07-15 14:25:00+09:00,3060.0,3060.0,3060.0,3060.0,439,0.0,0.0
2024-07-15 14:30:00+09:00,3055.0,3055.0,3045.0,3055.0,5871,0.0,0.0
2024-07-15 14:35:00+09:00,3055.0,3055.0,3055.0,3055.0,158,0.0,0.0
2024-07-15 14:40:00+09:00,3055.0,3055.0,3055.0,3055.0,1964,0.0,0.0
2024-07-15 14:45:00+09:00,3055.0,3060.0,3055.0,3060.0,2345,0.0,0.0
2024-07-15 14:50:00+09:00,3060.0,3065.0,3060.0,3060.0,456,0.0,0.0
2024-07-15 14:55:00+09:00,3060.0,3060.0,3055.0,3060.0,2220,0.0,0.0
2024-07-16 09:00:00+09:00,3060.0,3075.0,3055.0,3075.0,17864,0.0,0.0
2024-07-16 09:05:00+09:00,3075.0,3075.0,3065.0,3070.0,3307,0.0,0.0
2024-07-16 09:10:00+09:00,3070.0,3070.0,3050.0,3070.0,5311,0.0,0.0
2024-07-16 09:15:00+09:00,3070.0,3070.0,3060.0,3060.0,213,0.0,0.0
2024-07-16 09:20:00+09:00,3070.0,3070.0,3060.0,3070.0,966,0.0,0.0
2024-07-16 09:25:00+09:00,3070.0,3070.0,3070.0,3070.0,849,0.0,0.0
2024-07-16 09:30:00+09:00,3060.0,3070.0,3055.0,3070.0,4902,0.0,0.0
2024-07-16 09:35:00+09:00,3070.0,3070.0,3055.0,3065.0,1907,0.0,0.0
2024-07-16 09:40:00+09:00,3065.0,3065.0,3065.0,3065.0,172,0.0,0.0
2024-07-16 09:45:00+09:00,3065.0,3070.0,3065.0,3070.0,848,0.0,0.0
2024-07-16 09:50:00+09:00,3065.0,3065.0,3060.0,3065.0,3573,0.0,0.0
2024-07-16 09:55:00+09:00,3065.0,3070.0,3055.0,3070.0,584,0.0,0.0
2024-07-16 10:00:00+09:00,3070.0,3070.0,3060.0,3070.0,418,0.0,0.0
2024-07-16 10:10:00+09:00,3065.0,3065.0,3050.0,3050.0,10194,0.0,0.0
2024-07-16 10:15:00+09:00,3060.0,3060.0,3050.0,3050.0,862,0.0,0.0
2024-07-16 10:20:00+09:00,3060.0,3060.0,3060.0,3060.0,1,0.0,0.0
2024-07-16 10:25:00+09:00,3060.0,3060.0,3050.0,3060.0,252,0.0,0.0
2024-07-16 10:30:00+09:00,3060.0,3060.0,3050.0,3060.0,3098,0.0,0.0
2024-07-16 10:35:00+09:00,3060.0,3060.0,3060.0,3060.0,0,0.0,0.0
2024-07-16 10:40:00+09:00,3055.0,3055.0,3050.0,3050.0,3685,0.0,0.0
2024-07-16 10:45:00+09:00,3050.0,3050.0,3050.0,3050.0,4187,0.0,0.0
2024-07-16 10:50:00+09:00,3050.0,3050.0,3050.0,3050.0,437,0.0,0.0
2024-07-16 10:55:00+09:00,3045.0,3055.0,3045.0,3055.0,2310,0.0,0.0
2024-07-16 11:00:00+09:00,3055.0,3060.0,3055.0,3060.0,939,0.0,0.0
2024-07-16 11:10:00+09:00,3055.0,3055.0,3055.0,3055.0,0,0.0,0.0
2024-07-16 11:15:00+09:00,3055.0,3055.0,3055.0,3055.0,791,0.0,0.0
2024-07-16 11:25:00+09:00,3055.0,3055.0,3055.0,3055.0,52,0.0,0.0
2024-07-16 11:30:00+09:00,3050.0,3055.0,3050.0,3055.0,1506,0.0,0.0
2024-07-16 11:35:00+09:00,3050.0,3050.0,3050.0,3050.0,1259,0.0,0.0
2024-07-16 11:40:00+09:00,3050.0,3050.0,3050.0,3050.0,6647,0.0,0.0
2024-07-16 11:45:00+09:00,3050.0,3055.0,3045.0,3055.0,9,0.0,0.0
2024-07-16 11:50:00+09:00,3055.0,3055.0,3055.0,3055.0,8,0.0,0.0
2024-07-16 11:55:00+09:00,3055.0,3055.0,3050.0,3050.0,97,0.0,0.0
2024-07-16 12:00:00+09:00,3055.0,3055.0,3050.0,3050.0,1903,0.0,0.0
2024-07-16 12:05:00+09:00,3050.0,3055.0,3050.0,3055.0,54,0.0,0.0
2024-07-16 12:10:00+09:00,3050.0,3055.0,3050.0,3050.0,2487,0.0,0.0
2024-07-16 12:15:00+09:00,3050.0,3050.0,3050.0,3050.0,186,0.0,0.0
2024-07-16 12:20:00+09:00,3050.0,3050.0,3045.0,3045.0,4627,0.0,0.0
2024-07-16 12:25:00+09:00,3050.0,3055.0,3050.0,3055.0,11,0.0,0.0
2024-07-16 12:30:00+09:00,3050.0,3050.0,3050.0,3050.0,100,0.0,0.0
2024-07-16 12:35:00+09:00,3050.0,3055.0,3050.0,3050.0,4133,0.0,0.0
2024-07-16 12:40:00+09:00,3045.0,3055.0,3045.0,3055.0,20,0.0,0.0
2024-07-16 12:45:00+09:00,3050.0,3050.0,3050.0,3050.0,230,0.0,0.0
2024-07-16 12:50:00+09:00,3050.0,3050.0,3050.0,3050.0,180,0.0,0.0
2024-07-16 12:55:00+09:00,3055.0,3060.0,3055.0,3060.0,2544,0.0,0.0
2024-07-16 13:00:00+09:00,3055.0,3060.0,3055.0,3060.0,458,0.0,0.0
2024-07-16 13:05:00+09:00,3055.0,3055.0,3055.0,3055.0,0,0.0,0.0
2024-07-16 13:10:00+09:00,3055.0,3055.0,3055.0,3055.0,1754,0.0,0.0
2024-07-16 13:15:00+09:00,3055.0,3055.0,3055.0,3055.0,2974,0.0,0.0
2024-07-16 13:20:00+09:00,3055.0,3060.0,3055.0,3060.0,982,0.0,0.0
2024-07-16 13:25:00+09:00,3065.0,3065.0,3060.0,3060.0,880,0.0,0.0
2024-07-16 13:30:00+09:00,3060.0,3060.0,3060.0,3060.0,794,0.0,0.0
2024-07-16 13:40:00+09:00,3065.0,3065.0,3065.0,3065.0,0,0.0,0.0
2024-07-16 13:45:00+09:00,3065.0,3065.0,3060.0,3060.0,596,0.0,0.0
2024-07-16 13:50:00+09:00,3060.0,3060.0,3060.0,3060.0,1202,0.0,0.0
2024-07-16 13:55:00+09:00,3060.0,3060.0,3055.0,3055.0,11662,0.0,0.0
2024-07-16 14:00:00+09:00,3055.0,3055.0,3055.0,3055.0,0,0.0,0.0
2024-07-16 14:05:00+09:00,3060.0,3060.0,3060.0,3060.0,1765,0.0,0.0
2024-07-16 14:10:00+09:00,3060.0,3060.0,3055.0,3055.0,4782,0.0,0.0
2024-07-16 14:15:00+09:00,3055.0,3055.0,3055.0,3055.0,0,0.0,0.0
2024-07-16 14:20:00+09:00,3060.0,3060.0,3060.0,3060.0,1122,0.0,0.0
2024-07-16 14:25:00+09:00,3060.0,3060.0,3060.0,3060.0,232,0.0,0.0
2024-07-16 14:45:00+09:00,3060.0,3060.0,3060.0,3060.0,1872,0.0,0.0
2024-07-16 14:50:00+09:00,3060.0,3060.0,3055.0,3055.0,1543,0.0,0.0
2024-07-16 14:55:00+09:00,3060.0,3060.0,3055.0,3055.0,100,0.0,0.0
2024-07-17 09:00:00+09:00,3060.0,3060.0,3020.0,3030.0,4720,0.0,0.0
2024-07-17 09:05:00+09:00,3030.0,3030.0,3010.0,3025.0,8354,0.0,0.0
2024-07-17 09:10:00+09:00,3025.0,3030.0,3015.0,3030.0,11409,0.0,0.0
2024-07-17 09:15:00+09:00,3030.0,3035.0,3030.0,3035.0,1573,0.0,0.0
2024-07-17 09:20:00+09:00,3035.0,3035.0,3030.0,3035.0,1421,0.0,0.0
2024-07-17 09:25:00+09:00,3030.0,3035.0,3030.0,3030.0,1811,0.0,0.0
2024-07-17 09:30:00+09:00,3030.0,3035.0,3030.0,3035.0,1915,0.0,0.0
2024-07-17 09:35:00+09:00,3030.0,3050.0,3030.0,3040.0,2179,0.0,0.0
2024-07-17 09:40:00+09:00,3035.0,3035.0,3030.0,3030.0,2255,0.0,0.0
2024-07-17 09:45:00+09:00,3040.0,3040.0,3030.0,3030.0,1182,0.0,0.0
2024-07-17 09:50:00+09:00,3030.0,3040.0,3030.0,3040.0,3312,0.0,0.0
2024-07-17 09:55:00+09:00,3040.0,3050.0,3040.0,3050.0,431,0.0,0.0
2024-07-17 10:00:00+09:00,3050.0,3055.0,3045.0,3055.0,8472,0.0,0.0
2024-07-17 10:05:00+09:00,3055.0,3055.0,3055.0,3055.0,8,0.0,0.0
2024-07-17 10:10:00+09:00,3040.0,3040.0,3040.0,3040.0,799,0.0,0.0
2024-07-17 10:15:00+09:00,3040.0,3040.0,3040.0,3040.0,615,0.0,0.0
2024-07-17 10:20:00+09:00,3035.0,3045.0,3035.0,3040.0,2585,0.0,0.0
2024-07-17 10:25:00+09:00,3040.0,3045.0,3035.0,3035.0,1923,0.0,0.0
2024-07-17 10:30:00+09:00,3035.0,3035.0,3035.0,3035.0,0,0.0,0.0
2024-07-17 10:35:00+09:00,3045.0,3045.0,3035.0,3035.0,1501,0.0,0.0
2024-07-17 10:40:00+09:00,3035.0,3040.0,3030.0,3035.0,2402,0.0,0.0
2024-07-17 10:45:00+09:00,3030.0,3035.0,3030.0,3030.0,1414,0.0,0.0
2024-07-17 10:50:00+09:00,3025.0,3035.0,3025.0,3035.0,221,0.0,0.0
2024-07-17 10:55:00+09:00,3035.0,3035.0,3025.0,3025.0,681,0.0,0.0
2024-07-17 11:00:00+09:00,3030.0,3035.0,3030.0,3035.0,529,0.0,0.0
2024-07-17 11:10:00+09:00,3030.0,3035.0,3030.0,3035.0,571,0.0,0.0
2024-07-17 11:15:00+09:00,3040.0,3040.0,3040.0,3040.0,369,0.0,0.0
2024-07-17 11:20:00+09:00,3045.0,3045.0,3045.0,3045.0,123,0.0,0.0
2024-07-17 11:25:00+09:00,3045.0,3045.0,3045.0,3045.0,310,0.0,0.0
2024-07-17 11:30:00+09:00,3045.0,3045.0,3045.0,3045.0,298,0.0,0.0
2024-07-17 11:35:00+09:00,3050.0,3050.0,3050.0,3050.0,0,0.0,0.0
2024-07-17 11:40:00+09:00,3050.0,3055.0,3050.0,3055.0,6359,0.0,0.0
2024-07-17 11:45:00+09:00,3045.0,3045.0,3045.0,3045.0,0,0.0,0.0
2024-07-17 11:50:00+09:00,3055.0,3055.0,3055.0,3055.0,0,0.0,0.0
2024-07-17 12:00:00+09:00,3055.0,3055.0,3055.0,3055.0,16,0.0,0.0
2024-07-17 12:05:00+09:00,3050.0,3050.0,3050.0,3050.0,178,0.0,0.0
2024-07-17 12:10:00+09:00,3055.0,3055.0,3055.0,3055.0,1,0.0,0.0
2024-07-17 12:20:00+09:00,3050.0,3050.0,3050.0,3050.0,70,0.0,0.0
2024-07-17 12:30:00+09:00,3045.0,3045.0,3045.0,3045.0,550,0.0,0.0
2024-07-17 12:35:00+09:00,3050.0,3050.0,3050.0,3050.0,0,0.0,0.0
2024-07-17 12:40:00+09:00,3050.0,3050.0,3050.0,3050.0,25,0.0,0.0
2024-07-17 12:50:00+09:00,3050.0,3050.0,3045.0,3045.0,1036,0.0,0.0
2024-07-17 12:55:00+09:00,3050.0,3055.0,3050.0,3055.0,74,0.0,0.0
2024-07-17 13:00:00+09:00,3050.0,3050.0,3050.0,3050.0,199,0.0,0.0
2024-07-17 13:05:00+09:00,3050.0,3050.0,3050.0,3050.0,353,0.0,0.0
2024-07-17 13:10:00+09:00,3050.0,3050.0,3050.0,3050.0,199,0.0,0.0
2024-07-17 13:15:00+09:00,3050.0,3055.0,3050.0,3050.0,412,0.0,0.0
2024-07-17 13:20:00+09:00,3050.0,3050.0,3050.0,3050.0,23,0.0,0.0
2024-07-17 13:25:00+09:00,3050.0,3050.0,3045.0,3045.0,780,0.0,0.0
2024-07-17 13:30:00+09:00,3045.0,3055.0,3045.0,3055.0,1416,0.0,0.0
2024-07-17 13:35:00+09:00,3055.0,3060.0,3055.0,3060.0,723,0.0,0.0
2024-07-17 13:40:00+09:00,3050.0,3050.0,3050.0,3050.0,546,0.0,0.0
2024-07-17 13:45:00+09:00,3055.0,3055.0,3055.0,3055.0,723,0.0,0.0
2024-07-17 13:50:00+09:00,3050.0,3050.0,3050.0,3050.0,0,0.0,0.0
2024-07-17 13:55:00+09:00,3050.0,3050.0,3050.0,3050.0,438,0.0,0.0
2024-07-17 14:00:00+09:00,3050.0,3050.0,3050.0,3050.0,0,0.0,0.0
2024-07-17 14:05:00+09:00,3050.0,3050.0,3050.0,3050.0,20,0.0,0.0
2024-07-17 14:10:00+09:00,3045.0,3050.0,3045.0,3050.0,2140,0.0,0.0
2024-07-17 14:15:00+09:00,3040.0,3040.0,3035.0,3035.0,3246,0.0,0.0
2024-07-17 14:20:00+09:00,3040.0,3040.0,3035.0,3040.0,523,0.0,0.0
2024-07-17 14:25:00+09:00,3050.0,3050.0,3040.0,3040.0,86,0.0,0.0
2024-07-17 14:30:00+09:00,3035.0,3040.0,3030.0,3035.0,5502,0.0,0.0
2024-07-17 14:35:00+09:00,3035.0,3040.0,3035.0,3040.0,3068,0.0,0.0
2024-07-17 14:40:00+09:00,3040.0,3045.0,3040.0,3045.0,0,0.0,0.0
2024-07-17 14:45:00+09:00,3040.0,3045.0,3040.0,3040.0,1120,0.0,0.0
2024-07-17 14:50:00+09:00,3045.0,3045.0,3045.0,3045.0,20,0.0,0.0
2024-07-17 14:55:00+09:00,3045.0,3045.0,3040.0,3040.0,1435,0.0,0.0
2024-07-18 09:00:00+09:00,3035.0,3060.0,3010.0,3035.0,8348,0.0,0.0
2024-07-18 09:05:00+09:00,3035.0,3035.0,3000.0,3005.0,11222,0.0,0.0
2024-07-18 09:10:00+09:00,3005.0,3005.0,2985.0,3000.0,10285,0.0,0.0
2024-07-18 09:15:00+09:00,3000.0,3025.0,2990.0,3005.0,6764,0.0,0.0
2024-07-18 09:20:00+09:00,3020.0,3025.0,3015.0,3015.0,523,0.0,0.0
2024-07-18 09:25:00+09:00,3015.0,3015.0,3005.0,3005.0,1617,0.0,0.0
2024-07-18 09:30:00+09:00,3025.0,3025.0,3000.0,3000.0,2222,0.0,0.0
2024-07-18 09:35:00+09:00,3005.0,3005.0,3005.0,3005.0,1042,0.0,0.0
2024-07-18 09:40:00+09:00,3005.0,3025.0,3005.0,3025.0,0,0.0,0.0
2024-07-18 09:45:00+09:00,3005.0,3005.0,3000.0,3000.0,4895,0.0,0.0
2024-07-18 09:50:00+09:00,3000.0,3015.0,2995.0,3010.0,3320,0.0,0.0
2024-07-18 09:55:00+09:00,3010.0,3010.0,2990.0,3000.0,3408,0.0,0.0
2024-07-18 10:00:00+09:00,3000.0,3005.0,2990.0,3000.0,951,0.0,0.0
2024-07-18 10:05:00+09:00,2995.0,2995.0,2985.0,2990.0,7410,0.0,0.0
2024-07-18 10:10:00+09:00,3000.0,3000.0,2990.0,2990.0,395,0.0,0.0
2024-07-18 10:15:00+09:00,2995.0,2995.0,2985.0,2990.0,733,0.0,0.0
2024-07-18 10:20:00+09:00,2990.0,2995.0,2985.0,2995.0,1065,0.0,0.0
2024-07-18 10:25:00+09:00,2990.0,2995.0,2985.0,2995.0,3534,0.0,0.0
2024-07-18 10:30:00+09:00,3000.0,3000.0,3000.0,3000.0,0,0.0,0.0
2024-07-18 10:35:00+09:00,3000.0,3035.0,3000.0,3035.0,6200,0.0,0.0
2024-07-18 10:40:00+09:00,3030.0,3030.0,3030.0,3030.0,1232,0.0,0.0
2024-07-18 10:45:00+09:00,3025.0,3025.0,3020.0,3020.0,1406,0.0,0.0
2024-07-18 10:50:00+09:00,3030.0,3030.0,3030.0,3030.0,0,0.0,0.0
2024-07-18 10:55:00+09:00,3020.0,3020.0,3020.0,3020.0,30,0.0,0.0
2024-07-18 11:00:00+09:00,3020.0,3030.0,3020.0,3030.0,1655,0.0,0.0
2024-07-18 11:05:00+09:00,3030.0,3035.0,3030.0,3030.0,2810,0.0,0.0
2024-07-18 11:10:00+09:00,3030.0,3030.0,3030.0,3030.0,0,0.0,0.0
2024-07-18 11:15:00+09:00,3030.0,3030.0,3030.0,3030.0,171,0.0,0.0
2024-07-18 11:20:00+09:00,3030.0,3030.0,3030.0,3030.0,0,0.0,0.0
2024-07-18 11:25:00+09:00,3025.0,3030.0,3015.0,3030.0,491,0.0,0.0
2024-07-18 11:30:00+09:00,3035.0,3035.0,3035.0,3035.0,1,0.0,0.0
2024-07-18 11:35:00+09:00,3035.0,3035.0,3020.0,3020.0,104,0.0,0.0
2024-07-18 11:40:00+09:00,3020.0,3020.0,3015.0,3015.0,653,0.0,0.0
2024-07-18 11:45:00+09:00,3015.0,3015.0,3015.0,3015.0,199,0.0,0.0
2024-07-18 11:50:00+09:00,3020.0,3020.0,3020.0,3020.0,6,0.0,0.0
2024-07-18 11:55:00+09:00,3020.0,3030.0,3020.0,3030.0,905,0.0,0.0
2024-07-18 12:00:00+09:00,3030.0,3030.0,3030.0,3030.0,0,0.0,0.0
2024-07-18 12:05:00+09:00,3030.0,3030.0,3030.0,3030.0,0,0.0,0.0
2024-07-18 12:15:00+09:00,3030.0,3030.0,3030.0,3030.0,40,0.0,0.0
2024-07-18 12:20:00+09:00,3025.0,3030.0,3025.0,3030.0,357,0.0,0.0
2024-07-18 12:30:00+09:00,3025.0,3025.0,3010.0,3010.0,2408,0.0,0.0
2024-07-18 12:35:00+09:00,3010.0,3010.0,3010.0,3010.0,3916,0.0,0.0
2024-07-18 12:40:00+09:00,3010.0,3030.0,3010.0,3030.0,1936,0.0,0.0
2024-07-18 12:45:00+09:00,3035.0,3035.0,3015.0,3015.0,512,0.0,0.0
2024-07-18 12:50:00+09:00,3015.0,3015.0,3015.0,3015.0,0,0.0,0.0
2024-07-18 12:55:00+09:00,3015.0,3015.0,3010.0,3010.0,42,0.0,0.0
2024-07-18 13:00:00+09:00,3020.0,3025.0,3020.0,3025.0,2,0.0,0.0
2024-07-18 13:05:00+09:00,3025.0,3025.0,3025.0,3025.0,199,0.0,0.0
2024-07-18 13:10:00+09:00,3030.0,3035.0,3030.0,3035.0,195,0.0,0.0
2024-07-18 13:15:00+09:00,3035.0,3035.0,3025.0,3030.0,1883,0.0,0.0
2024-07-18 13:25:00+09:00,3030.0,3030.0,3030.0,3030.0,0,0.0,0.0
2024-07-18 13:30:00+09:00,3025.0,3025.0,3015.0,3015.0,496,0.0,0.0
2024-07-18 13:35:00+09:00,3015.0,3015.0,3010.0,3010.0,565,0.0,0.0
2024-07-18 13:40:00+09:00,3025.0,3025.0,3020.0,3025.0,203,0.0,0.0
2024-07-18 13:45:00+09:00,3025.0,3025.0,3000.0,3000.0,7699,0.0,0.0
2024-07-18 13:50:00+09:00,3010.0,3010.0,3000.0,3000.0,1528,0.0,0.0
2024-07-18 14:00:00+09:00,3000.0,3010.0,3000.0,3010.0,2604,0.0,0.0
2024-07-18 14:05:00+09:00,3010.0,3025.0,3010.0,3025.0,208,0.0,0.0
2024-07-18 14:15:00+09:00,3020.0,3020.0,3010.0,3010.0,878,0.0,0.0
2024-07-18 14:20:00+09:00,3005.0,3005.0,3005.0,3005.0,0,0.0,0.0
2024-07-18 14:25:00+09:00,3000.0,3000.0,2995.0,3000.0,2394,0.0,0.0
2024-07-18 14:35:00+09:00,3010.0,3010.0,3010.0,3010.0,1,0.0,0.0
2024-07-18 14:45:00+09:00,3010.0,3010.0,3005.0,3005.0,169,0.0,0.0
2024-07-18 14:50:00+09:00,3005.0,3010.0,3005.0,3010.0,0,0.0,0.0
2024-07-18 14:55:00+09:00,3010.0,3010.0,3005.0,3010.0,361,0.0,0.0
2024-07-19 09:00:00+09:00,2970.0,3000.0,2970.0,2985.0,11324,0.0,0.0
2024-07-19 09:05:00+09:00,2985.0,2985.0,2975.0,2980.0,1183,0.0,0.0
2024-07-19 09:10:00+09:00,2975.0,2975.0,2965.0,2965.0,2585,0.0,0.0
2024-07-19 09:15:00+09:00,2970.0,2980.0,2970.0,2980.0,1656,0.0,0.0
2024-07-19 09:20:00+09:00,2990.0,2995.0,2990.0,2995.0,2566,0.0,0.0
2024-07-19 09:25:00+09:00,2995.0,3005.0,2995.0,2995.0,1777,0.0,0.0
2024-07-19 09:30:00+09:00,2995.0,3010.0,2995.0,3010.0,843,0.0,0.0
2024-07-19 09:35:00+09:00,3010.0,3020.0,3010.0,3015.0,1435,0.0,0.0
2024-07-19 09:40:00+09:00,3010.0,3040.0,3010.0,3020.0,7621,0.0,0.0
2024-07-19 09:45:00+09:00,3020.0,3030.0,3015.0,3025.0,2000,0.0,0.0
2024-07-19 09:50:00+09:00,3025.0,3025.0,3015.0,3015.0,1062,0.0,0.0
2024-07-19 09:55:00+09:00,3015.0,3025.0,3015.0,3025.0,1319,0.0,0.0
2024-07-19 10:00:00+09:00,3025.0,3040.0,3025.0,3040.0,239,0.0,0.0
2024-07-19 10:05:00+09:00,3040.0,3045.0,3030.0,3045.0,1298,0.0,0.0
2024-07-19 10:10:00+09:00,3035.0,3045.0,3035.0,3040.0,326,0.0,0.0
2024-07-19 10:15:00+09:00,3040.0,3045.0,3030.0,3030.0,231,0.0,0.0
2024-07-19 10:20:00+09:00,3035.0,3035.0,3030.0,3030.0,296,0.0,0.0
2024-07-19 10:25:00+09:00,3040.0,3045.0,3040.0,3045.0,383,0.0,0.0
2024-07-19 10:30:00+09:00,3045.0,3045.0,3030.0,3030.0,1289,0.0,0.0
2024-07-19 10:35:00+09:00,3025.0,3045.0,3025.0,3045.0,0,0.0,0.0
2024-07-19 10:40:00+09:00,3035.0,3045.0,3035.0,3045.0,349,0.0,0.0
2024-07-19 10:45:00+09:00,3035.0,3040.0,3025.0,3030.0,1678,0.0,0.0
2024-07-19 10:50:00+09:00,3035.0,3035.0,3035.0,3035.0,856,0.0,0.0
2024-07-19 10:55:00+09:00,3035.0,3035.0,3015.0,3035.0,2436,0.0,0.0
2024-07-19 11:00:00+09:00,3035.0,3035.0,3035.0,3035.0,0,0.0,0.0
2024-07-19 11:05:00+09:00,3035.0,3035.0,3035.0,3035.0,4,0.0,0.0
2024-07-19 11:10:00+09:00,3025.0,3035.0,3025.0,3035.0,1452,0.0,0.0
2024-07-19 11:15:00+09:00,3040.0,3040.0,3030.0,3040.0,0,0.0,0.0
2024-07-19 11:20:00+09:00,3040.0,3040.0,3040.0,3040.0,29,0.0,0.0
2024-07-19 11:25:00+09:00,3030.0,3040.0,3030.0,3035.0,1553,0.0,0.0
2024-07-19 11:30:00+09:00,3035.0,3040.0,3035.0,3035.0,140,0.0,0.0
2024-07-19 11:35:00+09:00,3035.0,3035.0,3035.0,3035.0,908,0.0,0.0
2024-07-19 11:40:00+09:00,3035.0,3035.0,3030.0,3030.0,1748,0.0,0.0
2024-07-19 11:45:00+09:00,3025.0,3025.0,3025.0,3025.0,0,0.0,0.0
2024-07-19 11:50:00+09:00,3035.0,3035.0,3030.0,3030.0,1391,0.0,0.0
2024-07-19 11:55:00+09:00,3035.0,3035.0,3035.0,3035.0,0,0.0,0.0
2024-07-19 12:05:00+09:00,3030.0,3030.0,3030.0,3030.0,235,0.0,0.0
2024-07-19 12:10:00+09:00,3030.0,3035.0,3020.0,3035.0,2090,0.0,0.0
2024-07-19 12:15:00+09:00,3040.0,3040.0,3035.0,3035.0,794,0.0,0.0
2024-07-19 12:20:00+09:00,3040.0,3040.0,3040.0,3040.0,1,0.0,0.0
2024-07-19 12:35:00+09:00,3030.0,3030.0,3030.0,3030.0,326,0.0,0.0
2024-07-19 12:40:00+09:00,3030.0,3030.0,3020.0,3020.0,582,0.0,0.0
2024-07-19 12:50:00+09:00,3030.0,3030.0,3030.0,3030.0,1,0.0,0.0
2024-07-19 12:55:00+09:00,3030.0,3030.0,3030.0,3030.0,29,0.0,0.0
2024-07-19 13:00:00+09:00,3025.0,3025.0,3025.0,3025.0,0,0.0,0.0
2024-07-19 13:05:00+09:00,3025.0,3025.0,3025.0,3025.0,811,0.0,0.0
2024-07-19 13:10:00+09:00,3025.0,3030.0,3020.0,3030.0,2707,0.0,0.0
2024-07-19 13:15:00+09:00,3030.0,3030.0,3020.0,3020.0,212,0.0,0.0
2024-07-19 13:20:00+09:00,3025.0,3025.0,3025.0,3025.0,162,0.0,0.0
2024-07-19 13:25:00+09:00,3030.0,3030.0,3030.0,3030.0,0,0.0,0.0
2024-07-19 13:30:00+09:00,3030.0,3030.0,3025.0,3025.0,943,0.0,0.0
2024-07-19 13:35:00+09:00,3025.0,3030.0,3025.0,3030.0,278,0.0,0.0
2024-07-19 13:45:00+09:00,3020.0,3020.0,3020.0,3020.0,93,0.0,0.0
2024-07-19 13:50:00+09:00,3030.0,3030.0,3020.0,3020.0,952,0.0,0.0
2024-07-19 14:05:00+09:00,3025.0,3030.0,3025.0,3030.0,3090,0.0,0.0
2024-07-19 14:10:00+09:00,3040.0,3040.0,3040.0,3040.0,0,0.0,0.0
2024-07-19 14:15:00+09:00,3040.0,3040.0,3040.0,3040.0,157,0.0,0.0
2024-07-19 14:20:00+09:00,3040.0,3040.0,3040.0,3040.0,175,0.0,0.0
2024-07-19 14:25:00+09:00,3040.0,3055.0,3040.0,3050.0,22765,0.0,0.0
2024-07-19 14:30:00+09:00,3040.0,3050.0,3040.0,3050.0,551,0.0,0.0
2024-07-19 14:35:00+09:00,3050.0,3050.0,3045.0,3050.0,202,0.0,0.0
2024-07-19 14:40:00+09:00,3045.0,3050.0,3045.0,3045.0,317,0.0,0.0
2024-07-19 14:45:00+09:00,3045.0,3050.0,3045.0,3050.0,39,0.0,0.0
2024-07-19 14:50:00+09:00,3045.0,3050.0,3045.0,3045.0,479,0.0,0.0
2024-07-19 14:55:00+09:00,3050.0,3050.0,3045.0,3045.0,1883,0.0,0.0
