Datetime,Open,High,Low,Close,Volume,Dividends,Stock Splits,Capital Gains
2024-07-03 09:30:00-04:00,19.979999542236328,19.979999542236328,19.96500015258789,19.96500015258789,0,0.0,0.0,0.0
2024-07-03 09:35:00-04:00,19.96500015258789,19.969900131225586,19.96500015258789,19.969100952148438,15085,0.0,0.0,0.0
2024-07-03 09:40:00-04:00,19.96500015258789,19.96500015258789,19.96500015258789,19.96500015258789,2795,0.0,0.0,0.0
2024-07-03 09:45:00-04:00,19.964500427246094,19.969999313354492,19.964500427246094,19.969999313354492,551,0.0,0.0,0.0
2024-07-03 09:50:00-04:00,19.96500015258789,19.96649932861328,19.959999084472656,19.96649932861328,6181,0.0,0.0,0.0
2024-07-03 09:55:00-04:00,19.96500015258789,19.968799591064453,19.96500015258789,19.968799591064453,869,0.0,0.0,0.0
2024-07-03 10:00:00-04:00,19.969999313354492,19.997400283813477,19.969999313354492,19.9950008392334,1785,0.0,0.0,0.0
2024-07-03 10:05:00-04:00,19.9950008392334,20.0,19.9950008392334,20.0,6803,0.0,0.0,0.0
2024-07-03 10:10:00-04:00,20.0049991607666,20.0049991607666,20.0049991607666,20.0049991607666,15700,0.0,0.0,0.0
2024-07-03 10:15:00-04:00,20.0049991607666,20.010000228881836,20.0049991607666,20.010000228881836,2446,0.0,0.0,0.0
2024-07-03 10:20:00-04:00,20.010000228881836,20.010000228881836,20.0049991607666,20.007600784301758,5337,0.0,0.0,0.0
2024-07-03 10:25:00-04:00,20.0,20.010000228881836,20.0,20.0049991607666,4470,0.0,0.0,0.0
2024-07-03 10:30:00-04:00,20.010000228881836,20.010000228881836,20.0,20.009899139404297,1378,0.0,0.0,0.0
2024-07-03 10:35:00-04:00,20.010000228881836,20.010000228881836,20.007299423217773,20.010000228881836,1715,0.0,0.0,0.0
2024-07-03 10:40:00-04:00,20.010000228881836,20.014999389648438,20.0,20.014999389648438,2180,0.0,0.0,0.0
2024-07-03 10:45:00-04:00,20.020000457763672,20.020000457763672,20.014999389648438,20.014999389648438,2718,0.0,0.0,0.0
2024-07-03 10:50:00-04:00,20.020000457763672,20.020000457763672,20.020000457763672,20.020000457763672,450,0.0,0.0,0.0
2024-07-03 10:55:00-04:00,20.018400192260742,20.018400192260742,20.018400192260742,20.018400192260742,11554,0.0,0.0,0.0
2024-07-03 11:00:00-04:00,20.014999389648438,20.014999389648438,20.014999389648438,20.014999389648438,0,0.0,0.0,0.0
2024-07-03 11:05:00-04:00,20.010000228881836,20.020000457763672,20.00659942626953,20.00830078125,18761,0.0,0.0,0.0
2024-07-03 11:10:00-04:00,20.008499145507812,20.014999389648438,20.001699447631836,20.014999389648438,2254,0.0,0.0,0.0
2024-07-03 11:15:00-04:00,20.015600204467773,20.020000457763672,20.014999389648438,20.014999389648438,2308,0.0,0.0,0.0
2024-07-03 11:20:00-04:00,20.020000457763672,20.020000457763672,20.014999389648438,20.020000457763672,3435,0.0,0.0,0.0
2024-07-03 11:25:00-04:00,20.020000457763672,20.020000457763672,20.009899139404297,20.009899139404297,5483,0.0,0.0,0.0
2024-07-03 11:30:00-04:00,20.0,20.010000228881836,20.0,20.010000228881836,1957,0.0,0.0,0.0
2024-07-03 11:35:00-04:00,20.004499435424805,20.010000228881836,20.00200080871582,20.010000228881836,1539,0.0,0.0,0.0
2024-07-03 11:40:00-04:00,20.010000228881836,20.010000228881836,20.010000228881836,20.010000228881836,366,0.0,0.0,0.0
2024-07-03 11:50:00-04:00,20.0049991607666,20.0049991607666,20.0,20.0,3265,0.0,0.0,0.0
2024-07-03 11:55:00-04:00,20.010000228881836,20.010000228881836,20.0,20.010000228881836,1067,0.0,0.0,0.0
2024-07-03 12:00:00-04:00,20.0049991607666,20.010000228881836,20.0,20.0,969,0.0,0.0,0.0
2024-07-03 12:05:00-04:00,20.0,20.0049991607666,20.0,20.0049991607666,1545,0.0,0.0,0.0
2024-07-03 12:10:00-04:00,20.010000228881836,20.010000228881836,20.0049991607666,20.0049991607666,960,0.0,0.0,0.0
2024-07-03 12:15:00-04:00,20.000099182128906,20.000099182128906,20.000099182128906,20.000099182128906,524,0.0,0.0,0.0
2024-07-03 12:20:00-04:00,20.010000228881836,20.010000228881836,20.000099182128906,20.0049991607666,4845,0.0,0.0,0.0
2024-07-03 12:25:00-04:00,20.00830078125,20.010000228881836,20.001699447631836,20.00830078125,397,0.0,0.0,0.0
2024-07-03 12:30:00-04:00,20.0,20.0049991607666,20.0,20.00029945373535,3309,0.0,0.0,0.0
2024-07-03 12:35:00-04:00,20.0049991607666,20.0049991607666,20.000099182128906,20.002899169921875,5962,0.0,0.0,0.0
2024-07-03 12:40:00-04:00,20.010000228881836,20.010000228881836,20.000099182128906,20.010000228881836,26433,0.0,0.0,0.0
2024-07-03 12:45:00-04:00,20.002500534057617,20.014999389648438,20.0,20.014999389648438,7510,0.0,0.0,0.0
2024-07-03 12:50:00-04:00,20.014999389648438,20.020000457763672,20.010099411010742,20.014999389648438,9436,0.0,0.0,0.0
2024-07-03 12:55:00-04:00,20.020000457763672,20.020000457763672,20.010000228881836,20.014999389648438,10104,0.0,0.0,0.0
2024-07-05 09:30:00-04:00,20.06999969482422,20.06999969482422,20.059799194335938,20.068500518798828,0,0.0,0.0,0.0
2024-07-05 09:35:00-04:00,20.059999465942383,20.06999969482422,20.059999465942383,20.065000534057617,3074,0.0,0.0,0.0
2024-07-05 09:40:00-04:00,20.065000534057617,20.069900512695312,20.059999465942383,20.065000534057617,1917,0.0,0.0,0.0
2024-07-05 09:45:00-04:00,20.065000534057617,20.065500259399414,20.059999465942383,20.059999465942383,3491,0.0,0.0,0.0
2024-07-05 09:50:00-04:00,20.059799194335938,20.059999465942383,20.049999237060547,20.059999465942383,25422,0.0,0.0,0.0
2024-07-05 10:00:00-04:00,20.059999465942383,20.059999465942383,20.049999237060547,20.049999237060547,1093,0.0,0.0,0.0
2024-07-05 10:05:00-04:00,20.059999465942383,20.059999465942383,20.049999237060547,20.049999237060547,5857,0.0,0.0,0.0
2024-07-05 10:10:00-04:00,20.049999237060547,20.050100326538086,20.049999237060547,20.050100326538086,0,0.0,0.0,0.0
2024-07-05 10:15:00-04:00,20.059999465942383,20.059999465942383,20.057600021362305,20.057600021362305,4241,0.0,0.0,0.0
2024-07-05 10:20:00-04:00,20.059999465942383,20.069900512695312,20.059999465942383,20.065000534057617,1360,0.0,0.0,0.0
2024-07-05 10:25:00-04:00,20.065000534057617,20.065000534057617,20.059999465942383,20.059999465942383,1558,0.0,0.0,0.0
2024-07-05 10:30:00-04:00,20.059999465942383,20.059999465942383,20.059999465942383,20.059999465942383,17617,0.0,0.0,0.0
2024-07-05 10:35:00-04:00,20.059999465942383,20.059999465942383,20.059999465942383,20.059999465942383,1444,0.0,0.0,0.0
2024-07-05 10:40:00-04:00,20.06999969482422,20.06999969482422,20.065000534057617,20.065000534057617,1524,0.0,0.0,0.0
2024-07-05 10:45:00-04:00,20.06999969482422,20.06999969482422,20.059999465942383,20.06999969482422,6117,0.0,0.0,0.0
2024-07-05 10:50:00-04:00,20.06999969482422,20.06999969482422,20.059999465942383,20.06999969482422,5970,0.0,0.0,0.0
2024-07-05 10:55:00-04:00,20.06999969482422,20.06999969482422,20.065000534057617,20.065000534057617,751,0.0,0.0,0.0
2024-07-05 11:00:00-04:00,20.06999969482422,20.06999969482422,20.060100555419922,20.06800079345703,7339,0.0,0.0,0.0
2024-07-05 11:05:00-04:00,20.06999969482422,20.071399688720703,20.06999969482422,20.071399688720703,1759,0.0,0.0,0.0
2024-07-05 11:10:00-04:00,20.079999923706055,20.079999923706055,20.075000762939453,20.075000762939453,504,0.0,0.0,0.0
2024-07-05 11:15:00-04:00,20.079999923706055,20.079999923706055,20.075000762939453,20.075000762939453,400,0.0,0.0,0.0
2024-07-05 11:20:00-04:00,20.079999923706055,20.079999923706055,20.075700759887695,20.079999923706055,4450,0.0,0.0,0.0
2024-07-05 11:25:00-04:00,20.079999923706055,20.079999923706055,20.075199127197266,20.079999923706055,3985,0.0,0.0,0.0
2024-07-05 11:30:00-04:00,20.079999923706055,20.084999084472656,20.07979965209961,20.08009910583496,2450,0.0,0.0,0.0
2024-07-05 11:40:00-04:00,20.088899612426758,20.088899612426758,20.088899612426758,20.088899612426758,1230,0.0,0.0,0.0
2024-07-05 11:45:00-04:00,20.084999084472656,20.09000015258789,20.08169937133789,20.08169937133789,2719,0.0,0.0,0.0
2024-07-05 11:50:00-04:00,20.088899612426758,20.088899612426758,20.084999084472656,20.084999084472656,2665,0.0,0.0,0.0
2024-07-05 11:55:00-04:00,20.08169937133789,20.084999084472656,20.079999923706055,20.084999084472656,1385,0.0,0.0,0.0
2024-07-05 12:00:00-04:00,20.079999923706055,20.09000015258789,20.079999923706055,20.084999084472656,2685,0.0,0.0,0.0
2024-07-05 12:05:00-04:00,20.079999923706055,20.079999923706055,20.079999923706055,20.079999923706055,5014,0.0,0.0,0.0
2024-07-05 12:15:00-04:00,20.079999923706055,20.09000015258789,20.079999923706055,20.09000015258789,1051,0.0,0.0,0.0
2024-07-05 12:20:00-04:00,20.09000015258789,20.09000015258789,20.084999084472656,20.09000015258789,5144,0.0,0.0,0.0
2024-07-05 12:25:00-04:00,20.09000015258789,20.09000015258789,20.079999923706055,20.09000015258789,1207,0.0,0.0,0.0
2024-07-05 12:30:00-04:00,20.09000015258789,20.09000015258789,20.079999923706055,20.09000015258789,28543,0.0,0.0,0.0
2024-07-05 12:35:00-04:00,20.09000015258789,20.09000015258789,20.084999084472656,20.084999084472656,616,0.0,0.0,0.0
2024-07-05 12:40:00-04:00,20.084999084472656,20.084999084472656,20.079999923706055,20.079999923706055,1028,0.0,0.0,0.0
2024-07-05 12:45:00-04:00,20.079999923706055,20.079999923706055,20.0762996673584,20.079999923706055,925,0.0,0.0,0.0
2024-07-05 12:50:00-04:00,20.079999923706055,20.079999923706055,20.075000762939453,20.079999923706055,3737,0.0,0.0,0.0
2024-07-05 12:55:00-04:00,20.079999923706055,20.079999923706055,20.06999969482422,20.06999969482422,1697,0.0,0.0,0.0
2024-07-05 13:00:00-04:00,20.079999923706055,20.079999923706055,20.079999923706055,20.079999923706055,325,0.0,0.0,0.0
2024-07-05 13:05:00-04:00,20.079999923706055,20.079999923706055,20.06999969482422,20.079999923706055,8105,0.0,0.0,0.0
2024-07-05 13:10:00-04:00,20.078899383544922,20.078899383544922,20.06999969482422,20.06999969482422,2525,0.0,0.0,0.0
2024-07-05 13:15:00-04:00,20.07990074157715,20.079999923706055,20.06999969482422,20.079999923706055,2327,0.0,0.0,0.0
2024-07-05 13:20:00-04:00,20.079999923706055,20.079999923706055,20.06999969482422,20.06999969482422,840,0.0,0.0,0.0
2024-07-05 13:25:00-04:00,20.075000762939453,20.079999923706055,20.06999969482422,20.06999969482422,698,0.0,0.0,0.0
2024-07-05 13:30:00-04:00,20.079999923706055,20.079999923706055,20.06999969482422,20.072599411010742,7552,0.0,0.0,0.0
2024-07-05 13:35:00-04:00,20.079999923706055,20.079999923706055,20.06999969482422,20.077999114990234,13673,0.0,0.0,0.0
2024-07-05 13:40:00-04:00,20.079999923706055,20.079999923706055,20.06999969482422,20.079999923706055,6813,0.0,0.0,0.0
2024-07-05 13:45:00-04:00,20.072599411010742,20.079999923706055,20.06999969482422,20.079999923706055,1578,0.0,0.0,0.0
2024-07-05 13:50:00-04:00,20.079999923706055,20.079999923706055,20.06999969482422,20.06999969482422,906,0.0,0.0,0.0
2024-07-05 14:00:00-04:00,20.075000762939453,20.079999923706055,20.06999969482422,20.079999923706055,5992,0.0,0.0,0.0
2024-07-05 14:05:00-04:00,20.079999923706055,20.079999923706055,20.071399688720703,20.079999923706055,4221,0.0,0.0,0.0
2024-07-05 14:10:00-04:00,20.079999923706055,20.079999923706055,20.079999923706055,20.079999923706055,563,0.0,0.0,0.0
2024-07-05 14:15:00-04:00,20.07979965209961,20.07979965209961,20.06999969482422,20.06999969482422,1771,0.0,0.0,0.0
2024-07-05 14:25:00-04:00,20.06999969482422,20.071399688720703,20.06999969482422,20.071399688720703,1398,0.0,0.0,0.0
2024-07-05 14:30:00-04:00,20.079999923706055,20.079999923706055,20.07990074157715,20.07990074157715,2074,0.0,0.0,0.0
2024-07-05 14:35:00-04:00,20.07939910888672,20.079999923706055,20.07939910888672,20.079999923706055,9919,0.0,0.0,0.0
2024-07-05 14:40:00-04:00,20.0762996673584,20.09000015258789,20.0762996673584,20.084999084472656,7824,0.0,0.0,0.0
2024-07-05 14:45:00-04:00,20.09000015258789,20.09000015258789,20.08169937133789,20.09000015258789,4617,0.0,0.0,0.0
2024-07-05 14:50:00-04:00,20.089000701904297,20.09000015258789,20.089000701904297,20.09000015258789,7338,0.0,0.0,0.0
2024-07-05 14:55:00-04:00,20.089799880981445,20.09000015258789,20.079999923706055,20.079999923706055,4307,0.0,0.0,0.0
2024-07-05 15:00:00-04:00,20.09000015258789,20.09000015258789,20.09000015258789,20.09000015258789,600,0.0,0.0,0.0
2024-07-05 15:05:00-04:00,20.09000015258789,20.09000015258789,20.079999923706055,20.079999923706055,2313,0.0,0.0,0.0
2024-07-05 15:10:00-04:00,20.081600189208984,20.09000015258789,20.079999923706055,20.079999923706055,1932,0.0,0.0,0.0
2024-07-05 15:15:00-04:00,20.079999923706055,20.09000015258789,20.079999923706055,20.09000015258789,3429,0.0,0.0,0.0
2024-07-05 15:20:00-04:00,20.08970069885254,20.08970069885254,20.088300704956055,20.088300704956055,2689,0.0,0.0,0.0
2024-07-05 15:25:00-04:00,20.09000015258789,20.09000015258789,20.09000015258789,20.09000015258789,1400,0.0,0.0,0.0
2024-07-05 15:30:00-04:00,20.08009910583496,20.09000015258789,20.08009910583496,20.09000015258789,1245,0.0,0.0,0.0
2024-07-05 15:35:00-04:00,20.081199645996094,20.09000015258789,20.08009910583496,20.09000015258789,4523,0.0,0.0,0.0
2024-07-05 15:40:00-04:00,20.09000015258789,20.09000015258789,20.083799362182617,20.09000015258789,5796,0.0,0.0,0.0
2024-07-05 15:45:00-04:00,20.09000015258789,20.09000015258789,20.084999084472656,20.084999084472656,8669,0.0,0.0,0.0
2024-07-05 15:50:00-04:00,20.08209991455078,20.09000015258789,20.08209991455078,20.08799934387207,1826,0.0,0.0,0.0
2024-07-05 15:55:00-04:00,20.079999923706055,20.08799934387207,20.079999923706055,20.084999084472656,15587,0.0,0.0,0.0
2024-07-08 09:30:00-04:00,20.09000015258789,20.09000015258789,20.079999923706055,20.084999084472656,0,0.0,0.0,0.0
2024-07-08 09:35:00-04:00,20.087400436401367,20.089000701904297,20.084999084472656,20.089000701904297,3471,0.0,0.0,0.0
2024-07-08 09:40:00-04:00,20.084999084472656,20.084999084472656,20.079999923706055,20.079999923706055,486,0.0,0.0,0.0
2024-07-08 09:45:00-04:00,20.08970069885254,20.08970069885254,20.084999084472656,20.084999084472656,7966,0.0,0.0,0.0
2024-07-08 09:50:00-04:00,20.084999084472656,20.08989906311035,20.079999923706055,20.084999084472656,24441,0.0,0.0,0.0
2024-07-08 09:55:00-04:00,20.079999923706055,20.084999084472656,20.079999923706055,20.084999084472656,3760,0.0,0.0,0.0
2024-07-08 10:00:00-04:00,20.084999084472656,20.09000015258789,20.084999084472656,20.09000015258789,3133,0.0,0.0,0.0
2024-07-08 10:05:00-04:00,20.084999084472656,20.084999084472656,20.084999084472656,20.084999084472656,1755,0.0,0.0,0.0
2024-07-08 10:10:00-04:00,20.084999084472656,20.084999084472656,20.084999084472656,20.084999084472656,2104,0.0,0.0,0.0
2024-07-08 10:20:00-04:00,20.084999084472656,20.08989906311035,20.082500457763672,20.08989906311035,4728,0.0,0.0,0.0
2024-07-08 10:25:00-04:00,20.08609962463379,20.08609962463379,20.08180046081543,20.08180046081543,880,0.0,0.0,0.0
2024-07-08 10:30:00-04:00,20.084999084472656,20.084999084472656,20.079999923706055,20.079999923706055,2203,0.0,0.0,0.0
2024-07-08 10:35:00-04:00,20.084999084472656,20.08989906311035,20.084999084472656,20.08989906311035,3909,0.0,0.0,0.0
2024-07-08 10:40:00-04:00,20.088199615478516,20.088199615478516,20.079999923706055,20.084999084472656,4612,0.0,0.0,0.0
2024-07-08 10:45:00-04:00,20.084999084472656,20.084999084472656,20.084999084472656,20.084999084472656,123,0.0,0.0,0.0
2024-07-08 10:50:00-04:00,20.09000015258789,20.09000015258789,20.084999084472656,20.086299896240234,3050,0.0,0.0,0.0
2024-07-08 10:55:00-04:00,20.084999084472656,20.084999084472656,20.079999923706055,20.082500457763672,1449,0.0,0.0,0.0
2024-07-08 11:00:00-04:00,20.08370018005371,20.08370018005371,20.08009910583496,20.08009910583496,1495,0.0,0.0,0.0
2024-07-08 11:05:00-04:00,20.088600158691406,20.088600158691406,20.084999084472656,20.084999084472656,5999,0.0,0.0,0.0
2024-07-08 11:10:00-04:00,20.084999084472656,20.088300704956055,20.06999969482422,20.06999969482422,17050,0.0,0.0,0.0
2024-07-08 11:15:00-04:00,20.06999969482422,20.075000762939453,20.06999969482422,20.075000762939453,805,0.0,0.0,0.0
2024-07-08 11:20:00-04:00,20.079999923706055,20.079999923706055,20.071699142456055,20.071699142456055,2583,0.0,0.0,0.0
2024-07-08 11:25:00-04:00,20.075000762939453,20.075000762939453,20.075000762939453,20.075000762939453,747,0.0,0.0,0.0
2024-07-08 11:30:00-04:00,20.06999969482422,20.078699111938477,20.06999969482422,20.078699111938477,2382,0.0,0.0,0.0
2024-07-08 11:35:00-04:00,20.06999969482422,20.071699142456055,20.06999969482422,20.071699142456055,1721,0.0,0.0,0.0
2024-07-08 11:40:00-04:00,20.07990074157715,20.07990074157715,20.072500228881836,20.075000762939453,4555,0.0,0.0,0.0
2024-07-08 11:45:00-04:00,20.075000762939453,20.07990074157715,20.06999969482422,20.075000762939453,4622,0.0,0.0,0.0
2024-07-08 11:50:00-04:00,20.06999969482422,20.079999923706055,20.06999969482422,20.075000762939453,3834,0.0,0.0,0.0
2024-07-08 11:55:00-04:00,20.06999969482422,20.075000762939453,20.06999969482422,20.075000762939453,1146,0.0,0.0,0.0
2024-07-08 12:00:00-04:00,20.075000762939453,20.075000762939453,20.075000762939453,20.075000762939453,450,0.0,0.0,0.0
2024-07-08 12:10:00-04:00,20.075000762939453,20.075000762939453,20.075000762939453,20.075000762939453,2033,0.0,0.0,0.0
2024-07-08 12:15:00-04:00,20.079999923706055,20.079999923706055,20.079999923706055,20.079999923706055,119,0.0,0.0,0.0
2024-07-08 12:25:00-04:00,20.073699951171875,20.075000762939453,20.073699951171875,20.075000762939453,1342,0.0,0.0,0.0
2024-07-08 12:30:00-04:00,20.06999969482422,20.06999969482422,20.06999969482422,20.06999969482422,1666,0.0,0.0,0.0
2024-07-08 12:40:00-04:00,20.079700469970703,20.079700469970703,20.079700469970703,20.079700469970703,1000,0.0,0.0,0.0
2024-07-08 12:45:00-04:00,20.079999923706055,20.079999923706055,20.06999969482422,20.06999969482422,612,0.0,0.0,0.0
2024-07-08 12:50:00-04:00,20.072799682617188,20.079999923706055,20.072799682617188,20.079999923706055,725,0.0,0.0,0.0
2024-07-08 12:55:00-04:00,20.07819938659668,20.079999923706055,20.073999404907227,20.079999923706055,5726,0.0,0.0,0.0
2024-07-08 13:00:00-04:00,20.06999969482422,20.079999923706055,20.06999969482422,20.079999923706055,2974,0.0,0.0,0.0
2024-07-08 13:05:00-04:00,20.07990074157715,20.079999923706055,20.07990074157715,20.079999923706055,5561,0.0,0.0,0.0
2024-07-08 13:10:00-04:00,20.084999084472656,20.084999084472656,20.084999084472656,20.084999084472656,1416,0.0,0.0,0.0
2024-07-08 13:15:00-04:00,20.079999923706055,20.084999084472656,20.079999923706055,20.084999084472656,4015,0.0,0.0,0.0
2024-07-08 13:20:00-04:00,20.084999084472656,20.089500427246094,20.084999084472656,20.089500427246094,338,0.0,0.0,0.0
2024-07-08 13:25:00-04:00,20.09000015258789,20.09000015258789,20.084999084472656,20.084999084472656,3075,0.0,0.0,0.0
2024-07-08 13:30:00-04:00,20.079999923706055,20.086700439453125,20.079999923706055,20.084999084472656,3550,0.0,0.0,0.0
2024-07-08 13:35:00-04:00,20.081300735473633,20.09000015258789,20.079999923706055,20.079999923706055,4890,0.0,0.0,0.0
2024-07-08 13:40:00-04:00,20.084999084472656,20.088699340820312,20.079999923706055,20.088699340820312,4717,0.0,0.0,0.0
2024-07-08 13:45:00-04:00,20.084999084472656,20.086000442504883,20.084999084472656,20.084999084472656,716,0.0,0.0,0.0
2024-07-08 13:50:00-04:00,20.079999923706055,20.08799934387207,20.079999923706055,20.084999084472656,26025,0.0,0.0,0.0
2024-07-08 13:55:00-04:00,20.087400436401367,20.08839988708496,20.079999923706055,20.079999923706055,2766,0.0,0.0,0.0
2024-07-08 14:00:00-04:00,20.088499069213867,20.088499069213867,20.079999923706055,20.084999084472656,1842,0.0,0.0,0.0
2024-07-08 14:05:00-04:00,20.09000015258789,20.09000015258789,20.079999923706055,20.079999923706055,598,0.0,0.0,0.0
2024-07-08 14:10:00-04:00,20.08009910583496,20.084999084472656,20.08009910583496,20.084999084472656,481,0.0,0.0,0.0
2024-07-08 14:15:00-04:00,20.084999084472656,20.084999084472656,20.079999923706055,20.08340072631836,4024,0.0,0.0,0.0
2024-07-08 14:20:00-04:00,20.084999084472656,20.084999084472656,20.084999084472656,20.084999084472656,138,0.0,0.0,0.0
2024-07-08 14:25:00-04:00,20.084999084472656,20.084999084472656,20.08009910583496,20.084999084472656,2925,0.0,0.0,0.0
2024-07-08 14:30:00-04:00,20.084999084472656,20.084999084472656,20.079999923706055,20.084999084472656,1637,0.0,0.0,0.0
2024-07-08 14:35:00-04:00,20.079999923706055,20.09000015258789,20.079999923706055,20.09000015258789,6478,0.0,0.0,0.0
2024-07-08 14:40:00-04:00,20.084999084472656,20.084999084472656,20.084999084472656,20.084999084472656,198,0.0,0.0,0.0
2024-07-08 14:45:00-04:00,20.08009910583496,20.084999084472656,20.08009910583496,20.084999084472656,412,0.0,0.0,0.0
2024-07-08 14:50:00-04:00,20.079999923706055,20.08989906311035,20.079999923706055,20.079999923706055,5715,0.0,0.0,0.0
2024-07-08 14:55:00-04:00,20.084999084472656,20.09000015258789,20.079999923706055,20.084999084472656,6527,0.0,0.0,0.0
2024-07-08 15:00:00-04:00,20.089799880981445,20.09000015258789,20.08169937133789,20.08169937133789,9328,0.0,0.0,0.0
2024-07-08 15:05:00-04:00,20.09000015258789,20.09000015258789,20.081499099731445,20.084999084472656,6528,0.0,0.0,0.0
2024-07-08 15:10:00-04:00,20.09000015258789,20.09000015258789,20.079999923706055,20.079999923706055,64624,0.0,0.0,0.0
2024-07-08 15:15:00-04:00,20.084999084472656,20.086000442504883,20.08180046081543,20.08180046081543,6173,0.0,0.0,0.0
2024-07-08 15:20:00-04:00,20.08009910583496,20.08970069885254,20.08009910583496,20.084999084472656,205,0.0,0.0,0.0
2024-07-08 15:25:00-04:00,20.088600158691406,20.089799880981445,20.079999923706055,20.086599349975586,2738,0.0,0.0,0.0
2024-07-08 15:30:00-04:00,20.084999084472656,20.09000015258789,20.079999923706055,20.084999084472656,7125,0.0,0.0,0.0
2024-07-08 15:35:00-04:00,20.079999923706055,20.09000015258789,20.079999923706055,20.09000015258789,7634,0.0,0.0,0.0
2024-07-08 15:40:00-04:00,20.08169937133789,20.086000442504883,20.08169937133789,20.084999084472656,2799,0.0,0.0,0.0
2024-07-08 15:45:00-04:00,20.08530044555664,20.08530044555664,20.081100463867188,20.084999084472656,5445,0.0,0.0,0.0
2024-07-08 15:50:00-04:00,20.079999923706055,20.084999084472656,20.079999923706055,20.082500457763672,3713,0.0,0.0,0.0
2024-07-08 15:55:00-04:00,20.079999923706055,20.084999084472656,20.079999923706055,20.079999923706055,4422,0.0,0.0,0.0
2024-07-09 09:30:00-04:00,20.059999465942383,20.069900512695312,20.059999465942383,20.065000534057617,23298,0.0,0.0,0.0
2024-07-09 09:35:00-04:00,20.061800003051758,20.069900512695312,20.061800003051758,20.069900512695312,3841,0.0,0.0,0.0
2024-07-09 09:40:00-04:00,20.061800003051758,20.06529998779297,20.061800003051758,20.065000534057617,7805,0.0,0.0,0.0
2024-07-09 09:45:00-04:00,20.059999465942383,20.065000534057617,20.059999465942383,20.065000534057617,7742,0.0,0.0,0.0
2024-07-09 09:50:00-04:00,20.065000534057617,20.065000534057617,20.065000534057617,20.065000534057617,5606,0.0,0.0,0.0
2024-07-09 09:55:00-04:00,20.067699432373047,20.067699432373047,20.067699432373047,20.067699432373047,7884,0.0,0.0,0.0
2024-07-09 10:00:00-04:00,20.06999969482422,20.06999969482422,20.059999465942383,20.067399978637695,4052,0.0,0.0,0.0
2024-07-09 10:05:00-04:00,20.059999465942383,20.059999465942383,20.049999237060547,20.049999237060547,4425,0.0,0.0,0.0
2024-07-09 10:10:00-04:00,20.049999237060547,20.059999465942383,20.049999237060547,20.05430030822754,4571,0.0,0.0,0.0
2024-07-09 10:15:00-04:00,20.05660057067871,20.05660057067871,20.05660057067871,20.05660057067871,0,0.0,0.0,0.0
2024-07-09 10:20:00-04:00,20.056299209594727,20.056299209594727,20.049999237060547,20.049999237060547,1928,0.0,0.0,0.0
2024-07-09 10:25:00-04:00,20.05500030517578,20.05500030517578,20.049999237060547,20.049999237060547,1992,0.0,0.0,0.0
2024-07-09 10:30:00-04:00,20.061500549316406,20.065000534057617,20.061500549316406,20.065000534057617,2206,0.0,0.0,0.0
2024-07-09 10:35:00-04:00,20.059999465942383,20.065000534057617,20.059999465942383,20.059999465942383,5584,0.0,0.0,0.0
2024-07-09 10:45:00-04:00,20.065000534057617,20.065000534057617,20.059999465942383,20.059999465942383,324,0.0,0.0,0.0
2024-07-09 10:50:00-04:00,20.059999465942383,20.062000274658203,20.059999465942383,20.059999465942383,5228,0.0,0.0,0.0
2024-07-09 11:00:00-04:00,20.059999465942383,20.059999465942383,20.05500030517578,20.059999465942383,1297,0.0,0.0,0.0
2024-07-09 11:05:00-04:00,20.049999237060547,20.059999465942383,20.049999237060547,20.049999237060547,2468,0.0,0.0,0.0
2024-07-09 11:10:00-04:00,20.05500030517578,20.05500030517578,20.05500030517578,20.05500030517578,824,0.0,0.0,0.0
2024-07-09 11:15:00-04:00,20.059999465942383,20.059999465942383,20.050100326538086,20.059900283813477,2860,0.0,0.0,0.0
2024-07-09 11:20:00-04:00,20.049999237060547,20.05500030517578,20.049999237060547,20.05500030517578,1065,0.0,0.0,0.0
2024-07-09 11:25:00-04:00,20.0585994720459,20.059999465942383,20.05500030517578,20.05500030517578,3099,0.0,0.0,0.0
2024-07-09 11:30:00-04:00,20.05500030517578,20.058700561523438,20.05500030517578,20.058700561523438,5907,0.0,0.0,0.0
2024-07-09 11:35:00-04:00,20.05500030517578,20.05500030517578,20.053499221801758,20.053499221801758,3392,0.0,0.0,0.0
2024-07-09 11:40:00-04:00,20.05500030517578,20.059900283813477,20.049999237060547,20.049999237060547,2605,0.0,0.0,0.0
2024-07-09 11:45:00-04:00,20.05500030517578,20.05500030517578,20.05500030517578,20.05500030517578,0,0.0,0.0,0.0
2024-07-09 11:50:00-04:00,20.05500030517578,20.05500030517578,20.05500030517578,20.05500030517578,200,0.0,0.0,0.0
2024-07-09 11:55:00-04:00,20.049999237060547,20.049999237060547,20.049999237060547,20.049999237060547,278,0.0,0.0,0.0
2024-07-09 12:00:00-04:00,20.059999465942383,20.059999465942383,20.059999465942383,20.059999465942383,200,0.0,0.0,0.0
2024-07-09 12:05:00-04:00,20.049999237060547,20.059999465942383,20.049999237060547,20.055200576782227,3440,0.0,0.0,0.0
2024-07-09 12:10:00-04:00,20.065000534057617,20.065000534057617,20.065000534057617,20.065000534057617,1047,0.0,0.0,0.0
2024-07-09 12:15:00-04:00,20.066999435424805,20.066999435424805,20.065000534057617,20.065000534057617,1261,0.0,0.0,0.0
2024-07-09 12:20:00-04:00,20.065000534057617,20.065000534057617,20.065000534057617,20.065000534057617,311,0.0,0.0,0.0
2024-07-09 12:30:00-04:00,20.065000534057617,20.069000244140625,20.059999465942383,20.065000534057617,3886,0.0,0.0,0.0
2024-07-09 12:35:00-04:00,20.06570053100586,20.06570053100586,20.059999465942383,20.059999465942383,6616,0.0,0.0,0.0
2024-07-09 12:40:00-04:00,20.069000244140625,20.069000244140625,20.069000244140625,20.069000244140625,0,0.0,0.0,0.0
2024-07-09 12:45:00-04:00,20.065000534057617,20.065000534057617,20.059999465942383,20.059999465942383,1911,0.0,0.0,0.0
2024-07-09 12:50:00-04:00,20.06999969482422,20.06999969482422,20.059999465942383,20.065000534057617,1180,0.0,0.0,0.0
2024-07-09 12:55:00-04:00,20.059999465942383,20.066200256347656,20.059999465942383,20.06209945678711,8699,0.0,0.0,0.0
2024-07-09 13:00:00-04:00,20.06999969482422,20.075000762939453,20.06999969482422,20.075000762939453,3880,0.0,0.0,0.0
2024-07-09 13:05:00-04:00,20.070899963378906,20.070899963378906,20.070899963378906,20.070899963378906,8398,0.0,0.0,0.0
2024-07-09 13:10:00-04:00,20.06999969482422,20.079999923706055,20.06999969482422,20.075000762939453,15864,0.0,0.0,0.0
2024-07-09 13:15:00-04:00,20.070100784301758,20.07990074157715,20.06999969482422,20.075000762939453,6881,0.0,0.0,0.0
2024-07-09 13:20:00-04:00,20.075000762939453,20.075000762939453,20.075000762939453,20.075000762939453,1735,0.0,0.0,0.0
2024-07-09 13:25:00-04:00,20.0762996673584,20.0762996673584,20.06999969482422,20.06999969482422,2643,0.0,0.0,0.0
2024-07-09 13:30:00-04:00,20.075000762939453,20.07990074157715,20.06999969482422,20.06999969482422,4531,0.0,0.0,0.0
2024-07-09 13:35:00-04:00,20.06999969482422,20.07819938659668,20.06999969482422,20.072500228881836,4053,0.0,0.0,0.0
2024-07-09 13:40:00-04:00,20.075000762939453,20.075000762939453,20.072099685668945,20.075000762939453,4797,0.0,0.0,0.0
2024-07-09 13:45:00-04:00,20.071500778198242,20.079999923706055,20.06999969482422,20.075000762939453,12247,0.0,0.0,0.0
2024-07-09 13:50:00-04:00,20.075000762939453,20.075000762939453,20.075000762939453,20.075000762939453,5551,0.0,0.0,0.0
2024-07-09 13:55:00-04:00,20.078899383544922,20.079999923706055,20.06999969482422,20.06999969482422,5910,0.0,0.0,0.0
2024-07-09 14:00:00-04:00,20.075000762939453,20.075000762939453,20.075000762939453,20.075000762939453,380,0.0,0.0,0.0
2024-07-09 14:05:00-04:00,20.075000762939453,20.075000762939453,20.06999969482422,20.06999969482422,3121,0.0,0.0,0.0
2024-07-09 14:10:00-04:00,20.075000762939453,20.075000762939453,20.075000762939453,20.075000762939453,1014,0.0,0.0,0.0
2024-07-09 14:15:00-04:00,20.071500778198242,20.071500778198242,20.071500778198242,20.071500778198242,1384,0.0,0.0,0.0
2024-07-09 14:20:00-04:00,20.06999969482422,20.075000762939453,20.06999969482422,20.075000762939453,925,0.0,0.0,0.0
2024-07-09 14:25:00-04:00,20.075000762939453,20.075000762939453,20.06999969482422,20.06999969482422,392,0.0,0.0,0.0
2024-07-09 14:30:00-04:00,20.075000762939453,20.075000762939453,20.070100784301758,20.070100784301758,1384,0.0,0.0,0.0
2024-07-09 14:35:00-04:00,20.075000762939453,20.079999923706055,20.070999145507812,20.079999923706055,1257,0.0,0.0,0.0
2024-07-09 14:40:00-04:00,20.072500228881836,20.075000762939453,20.070100784301758,20.071500778198242,1905,0.0,0.0,0.0
2024-07-09 14:45:00-04:00,20.075000762939453,20.075000762939453,20.075000762939453,20.075000762939453,200,0.0,0.0,0.0
2024-07-09 14:50:00-04:00,20.075000762939453,20.0762996673584,20.06999969482422,20.075000762939453,6134,0.0,0.0,0.0
2024-07-09 14:55:00-04:00,20.075000762939453,20.075000762939453,20.06999969482422,20.075000762939453,1184,0.0,0.0,0.0
2024-07-09 15:00:00-04:00,20.06999969482422,20.075000762939453,20.06999969482422,20.075000762939453,661,0.0,0.0,0.0
2024-07-09 15:05:00-04:00,20.070100784301758,20.079999923706055,20.070100784301758,20.07990074157715,4729,0.0,0.0,0.0
2024-07-09 15:10:00-04:00,20.075000762939453,20.079999923706055,20.072200775146484,20.075000762939453,3009,0.0,0.0,0.0
2024-07-09 15:15:00-04:00,20.075000762939453,20.075000762939453,20.075000762939453,20.075000762939453,4387,0.0,0.0,0.0
2024-07-09 15:20:00-04:00,20.070100784301758,20.079999923706055,20.070100784301758,20.079999923706055,6805,0.0,0.0,0.0
2024-07-09 15:25:00-04:00,20.079999923706055,20.079999923706055,20.071399688720703,20.073999404907227,4089,0.0,0.0,0.0
2024-07-09 15:30:00-04:00,20.0718994140625,20.07900047302246,20.0718994140625,20.07900047302246,530,0.0,0.0,0.0
2024-07-09 15:35:00-04:00,20.070100784301758,20.079500198364258,20.070100784301758,20.079500198364258,4179,0.0,0.0,0.0
2024-07-09 15:40:00-04:00,20.072500228881836,20.072599411010742,20.070100784301758,20.072599411010742,651,0.0,0.0,0.0
2024-07-09 15:45:00-04:00,20.079999923706055,20.079999923706055,20.06999969482422,20.07900047302246,6930,0.0,0.0,0.0
2024-07-09 15:50:00-04:00,20.06999969482422,20.079999923706055,20.06999969482422,20.079999923706055,21906,0.0,0.0,0.0
2024-07-09 15:55:00-04:00,20.07740020751953,20.079999923706055,20.070100784301758,20.070100784301758,9739,0.0,0.0,0.0
2024-07-10 09:30:00-04:00,20.09000015258789,20.09000015258789,20.079999923706055,20.088600158691406,17226,0.0,0.0,0.0
2024-07-10 09:35:00-04:00,20.084999084472656,20.084999084472656,20.079999923706055,20.084999084472656,1598,0.0,0.0,0.0
2024-07-10 09:40:00-04:00,20.079999923706055,20.084999084472656,20.079999923706055,20.084999084472656,1612,0.0,0.0,0.0
2024-07-10 09:45:00-04:00,20.079999923706055,20.08989906311035,20.079999923706055,20.08989906311035,2794,0.0,0.0,0.0
2024-07-10 09:50:00-04:00,20.079999923706055,20.079999923706055,20.079999923706055,20.079999923706055,1992,0.0,0.0,0.0
2024-07-10 09:55:00-04:00,20.08989906311035,20.08989906311035,20.084999084472656,20.08989906311035,2071,0.0,0.0,0.0
2024-07-10 10:00:00-04:00,20.079999923706055,20.08799934387207,20.079999923706055,20.084999084472656,1472,0.0,0.0,0.0
2024-07-10 10:05:00-04:00,20.079999923706055,20.08370018005371,20.079999923706055,20.08370018005371,2432,0.0,0.0,0.0
2024-07-10 10:10:00-04:00,20.088600158691406,20.088600158691406,20.088600158691406,20.088600158691406,730,0.0,0.0,0.0
2024-07-10 10:15:00-04:00,20.079999923706055,20.079999923706055,20.079999923706055,20.079999923706055,7545,0.0,0.0,0.0
2024-07-10 10:20:00-04:00,20.084999084472656,20.084999084472656,20.084999084472656,20.084999084472656,0,0.0,0.0,0.0
2024-07-10 10:25:00-04:00,20.09000015258789,20.09000015258789,20.09000015258789,20.09000015258789,328,0.0,0.0,0.0
2024-07-10 10:30:00-04:00,20.08209991455078,20.08209991455078,20.08209991455078,20.08209991455078,1016,0.0,0.0,0.0
2024-07-10 10:35:00-04:00,20.084999084472656,20.084999084472656,20.084999084472656,20.084999084472656,6333,0.0,0.0,0.0
2024-07-10 10:45:00-04:00,20.084999084472656,20.08639907836914,20.084999084472656,20.08639907836914,2934,0.0,0.0,0.0
2024-07-10 10:50:00-04:00,20.084999084472656,20.084999084472656,20.08060073852539,20.084999084472656,4617,0.0,0.0,0.0
2024-07-10 10:55:00-04:00,20.084999084472656,20.084999084472656,20.079999923706055,20.079999923706055,3129,0.0,0.0,0.0
2024-07-10 11:00:00-04:00,20.079999923706055,20.079999923706055,20.075000762939453,20.079999923706055,3221,0.0,0.0,0.0
2024-07-10 11:05:00-04:00,20.079999923706055,20.079999923706055,20.079999923706055,20.079999923706055,328,0.0,0.0,0.0
2024-07-10 11:10:00-04:00,20.079299926757812,20.07990074157715,20.06999969482422,20.074499130249023,14012,0.0,0.0,0.0
2024-07-10 11:15:00-04:00,20.075000762939453,20.075000762939453,20.075000762939453,20.075000762939453,3500,0.0,0.0,0.0
2024-07-10 11:20:00-04:00,20.07990074157715,20.07990074157715,20.070100784301758,20.07539939880371,0,0.0,0.0,0.0
2024-07-10 11:25:00-04:00,20.075000762939453,20.075000762939453,20.072500228881836,20.072500228881836,2508,0.0,0.0,0.0
2024-07-10 11:30:00-04:00,20.075000762939453,20.075000762939453,20.075000762939453,20.075000762939453,332,0.0,0.0,0.0
2024-07-10 11:40:00-04:00,20.079700469970703,20.079700469970703,20.070100784301758,20.070100784301758,477,0.0,0.0,0.0
2024-07-10 11:50:00-04:00,20.076099395751953,20.079700469970703,20.076099395751953,20.07900047302246,3473,0.0,0.0,0.0
2024-07-10 11:55:00-04:00,20.0718994140625,20.07900047302246,20.070100784301758,20.078800201416016,1536,0.0,0.0,0.0
2024-07-10 12:00:00-04:00,20.06999969482422,20.079999923706055,20.06999969482422,20.079999923706055,8301,0.0,0.0,0.0
2024-07-10 12:10:00-04:00,20.079999923706055,20.079999923706055,20.074600219726562,20.074600219726562,1029,0.0,0.0,0.0
2024-07-10 12:15:00-04:00,20.07069969177246,20.071699142456055,20.07069969177246,20.071699142456055,2865,0.0,0.0,0.0
2024-07-10 12:20:00-04:00,20.079999923706055,20.079999923706055,20.079700469970703,20.079999923706055,1383,0.0,0.0,0.0
2024-07-10 12:25:00-04:00,20.079999923706055,20.079999923706055,20.06999969482422,20.07659912109375,2524,0.0,0.0,0.0
2024-07-10 12:35:00-04:00,20.079999923706055,20.084999084472656,20.079999923706055,20.084999084472656,799,0.0,0.0,0.0
2024-07-10 12:40:00-04:00,20.08880043029785,20.08880043029785,20.083999633789062,20.083999633789062,658,0.0,0.0,0.0
2024-07-10 12:45:00-04:00,20.086000442504883,20.086000442504883,20.086000442504883,20.086000442504883,4000,0.0,0.0,0.0
2024-07-10 12:50:00-04:00,20.084999084472656,20.08989906311035,20.079999923706055,20.082500457763672,7554,0.0,0.0,0.0
2024-07-10 12:55:00-04:00,20.084999084472656,20.08930015563965,20.084999084472656,20.084999084472656,9067,0.0,0.0,0.0
2024-07-10 13:00:00-04:00,20.08370018005371,20.104999542236328,20.08370018005371,20.098499298095703,13214,0.0,0.0,0.0
2024-07-10 13:05:00-04:00,20.090299606323242,20.094999313354492,20.090099334716797,20.094499588012695,7585,0.0,0.0,0.0
2024-07-10 13:10:00-04:00,20.094999313354492,20.097000122070312,20.09000015258789,20.09000015258789,22428,0.0,0.0,0.0
2024-07-10 13:15:00-04:00,20.084999084472656,20.084999084472656,20.079999923706055,20.081199645996094,2151,0.0,0.0,0.0
2024-07-10 13:20:00-04:00,20.084999084472656,20.084999084472656,20.084999084472656,20.084999084472656,437,0.0,0.0,0.0
2024-07-10 13:25:00-04:00,20.086000442504883,20.09000015258789,20.079999923706055,20.079999923706055,17954,0.0,0.0,0.0
2024-07-10 13:30:00-04:00,20.079999923706055,20.084999084472656,20.079999923706055,20.084999084472656,4523,0.0,0.0,0.0
2024-07-10 13:35:00-04:00,20.08009910583496,20.08009910583496,20.079999923706055,20.079999923706055,1877,0.0,0.0,0.0
2024-07-10 13:40:00-04:00,20.08989906311035,20.08989906311035,20.079999923706055,20.079999923706055,6814,0.0,0.0,0.0
2024-07-10 13:45:00-04:00,20.079999923706055,20.088300704956055,20.079999923706055,20.079999923706055,7689,0.0,0.0,0.0
2024-07-10 13:50:00-04:00,20.079999923706055,20.084999084472656,20.079999923706055,20.079999923706055,5448,0.0,0.0,0.0
2024-07-10 13:55:00-04:00,20.084999084472656,20.084999084472656,20.079999923706055,20.079999923706055,42342,0.0,0.0,0.0
2024-07-10 14:00:00-04:00,20.08989906311035,20.08989906311035,20.079999923706055,20.084999084472656,5688,0.0,0.0,0.0
2024-07-10 14:05:00-04:00,20.079999923706055,20.08839988708496,20.07830047607422,20.079500198364258,3790,0.0,0.0,0.0
2024-07-10 14:10:00-04:00,20.06999969482422,20.075000762939453,20.06999969482422,20.075000762939453,3430,0.0,0.0,0.0
2024-07-10 14:15:00-04:00,20.079700469970703,20.079700469970703,20.07469940185547,20.07469940185547,2929,0.0,0.0,0.0
2024-07-10 14:20:00-04:00,20.079700469970703,20.079700469970703,20.06999969482422,20.06999969482422,2070,0.0,0.0,0.0
2024-07-10 14:25:00-04:00,20.075000762939453,20.07990074157715,20.075000762939453,20.075000762939453,995,0.0,0.0,0.0
2024-07-10 14:30:00-04:00,20.071399688720703,20.079999923706055,20.071399688720703,20.079999923706055,2521,0.0,0.0,0.0
2024-07-10 14:35:00-04:00,20.079999923706055,20.079999923706055,20.0762996673584,20.079999923706055,5951,0.0,0.0,0.0
2024-07-10 14:40:00-04:00,20.079999923706055,20.09000015258789,20.079999923706055,20.084999084472656,19426,0.0,0.0,0.0
2024-07-10 14:50:00-04:00,20.082500457763672,20.09000015258789,20.079999923706055,20.079999923706055,5221,0.0,0.0,0.0
2024-07-10 14:55:00-04:00,20.084999084472656,20.09000015258789,20.084999084472656,20.084999084472656,4603,0.0,0.0,0.0
2024-07-10 15:00:00-04:00,20.082700729370117,20.082700729370117,20.079999923706055,20.079999923706055,6033,0.0,0.0,0.0
2024-07-10 15:05:00-04:00,20.084999084472656,20.087499618530273,20.081100463867188,20.084999084472656,1377,0.0,0.0,0.0
2024-07-10 15:10:00-04:00,20.084999084472656,20.084999084472656,20.08300018310547,20.084999084472656,12156,0.0,0.0,0.0
2024-07-10 15:15:00-04:00,20.08989906311035,20.08989906311035,20.088499069213867,20.088499069213867,5359,0.0,0.0,0.0
2024-07-10 15:20:00-04:00,20.079999923706055,20.0851993560791,20.079999923706055,20.084999084472656,1336,0.0,0.0,0.0
2024-07-10 15:25:00-04:00,20.081300735473633,20.08839988708496,20.08009910583496,20.08009910583496,8924,0.0,0.0,0.0
2024-07-10 15:30:00-04:00,20.09000015258789,20.09000015258789,20.081499099731445,20.084999084472656,5916,0.0,0.0,0.0
2024-07-10 15:35:00-04:00,20.08209991455078,20.09000015258789,20.079999923706055,20.09000015258789,6387,0.0,0.0,0.0
2024-07-10 15:40:00-04:00,20.079999923706055,20.09000015258789,20.079999923706055,20.08769989013672,4587,0.0,0.0,0.0
2024-07-10 15:45:00-04:00,20.08839988708496,20.09000015258789,20.084999084472656,20.089000701904297,5767,0.0,0.0,0.0
2024-07-10 15:50:00-04:00,20.089000701904297,20.09000015258789,20.079999923706055,20.089000701904297,7673,0.0,0.0,0.0
2024-07-10 15:55:00-04:00,20.088600158691406,20.09000015258789,20.079999923706055,20.084999084472656,8604,0.0,0.0,0.0
2024-07-11 09:30:00-04:00,20.170000076293945,20.170000076293945,20.170000076293945,20.170000076293945,2734,0.0,0.0,0.0
2024-07-11 09:35:00-04:00,20.162099838256836,20.162099838256836,20.149999618530273,20.149999618530273,3508,0.0,0.0,0.0
2024-07-11 09:40:00-04:00,20.15999984741211,20.15999984741211,20.152099609375,20.15999984741211,12157,0.0,0.0,0.0
2024-07-11 09:45:00-04:00,20.15999984741211,20.15999984741211,20.155000686645508,20.155000686645508,11836,0.0,0.0,0.0
2024-07-11 09:50:00-04:00,20.155000686645508,20.15999984741211,20.155000686645508,20.15999984741211,5369,0.0,0.0,0.0
2024-07-11 10:00:00-04:00,20.165000915527344,20.165000915527344,20.165000915527344,20.165000915527344,5784,0.0,0.0,0.0
2024-07-11 10:05:00-04:00,20.165000915527344,20.165000915527344,20.165000915527344,20.165000915527344,0,0.0,0.0,0.0
2024-07-11 10:10:00-04:00,20.15999984741211,20.15999984741211,20.159700393676758,20.159700393676758,2112,0.0,0.0,0.0
2024-07-11 10:15:00-04:00,20.15999984741211,20.15999984741211,20.155000686645508,20.155000686645508,3116,0.0,0.0,0.0
2024-07-11 10:20:00-04:00,20.15999984741211,20.165000915527344,20.15999984741211,20.165000915527344,476,0.0,0.0,0.0
2024-07-11 10:25:00-04:00,20.165000915527344,20.165000915527344,20.161500930786133,20.161500930786133,862,0.0,0.0,0.0
2024-07-11 10:30:00-04:00,20.15999984741211,20.15999984741211,20.15999984741211,20.15999984741211,4000,0.0,0.0,0.0
2024-07-11 10:35:00-04:00,20.159000396728516,20.159000396728516,20.149999618530273,20.149999618530273,1082,0.0,0.0,0.0
2024-07-11 10:45:00-04:00,20.149999618530273,20.149999618530273,20.149999618530273,20.149999618530273,554,0.0,0.0,0.0
2024-07-11 10:50:00-04:00,20.159700393676758,20.159700393676758,20.159700393676758,20.159700393676758,528,0.0,0.0,0.0
2024-07-11 10:55:00-04:00,20.149999618530273,20.155000686645508,20.149999618530273,20.155000686645508,4955,0.0,0.0,0.0
2024-07-11 11:00:00-04:00,20.159700393676758,20.15999984741211,20.159700393676758,20.15999984741211,3360,0.0,0.0,0.0
2024-07-11 11:05:00-04:00,20.165700912475586,20.170000076293945,20.165700912475586,20.170000076293945,3457,0.0,0.0,0.0
2024-07-11 11:15:00-04:00,20.170000076293945,20.170000076293945,20.170000076293945,20.170000076293945,3495,0.0,0.0,0.0
2024-07-11 11:20:00-04:00,20.163700103759766,20.163999557495117,20.163700103759766,20.163999557495117,1176,0.0,0.0,0.0
2024-07-11 11:25:00-04:00,20.165000915527344,20.165000915527344,20.165000915527344,20.165000915527344,2517,0.0,0.0,0.0
2024-07-11 11:30:00-04:00,20.165000915527344,20.168699264526367,20.16160011291504,20.168699264526367,14865,0.0,0.0,0.0
2024-07-11 11:35:00-04:00,20.15999984741211,20.165000915527344,20.15999984741211,20.15999984741211,0,0.0,0.0,0.0
2024-07-11 11:40:00-04:00,20.161500930786133,20.161500930786133,20.161500930786133,20.161500930786133,339,0.0,0.0,0.0
2024-07-11 11:45:00-04:00,20.165000915527344,20.170000076293945,20.165000915527344,20.170000076293945,2586,0.0,0.0,0.0
2024-07-11 11:50:00-04:00,20.167400360107422,20.167400360107422,20.15999984741211,20.15999984741211,4318,0.0,0.0,0.0
2024-07-11 11:55:00-04:00,20.16629981994629,20.16939926147461,20.165000915527344,20.165000915527344,5480,0.0,0.0,0.0
2024-07-11 12:00:00-04:00,20.165000915527344,20.165000915527344,20.15999984741211,20.15999984741211,1046,0.0,0.0,0.0
2024-07-11 12:05:00-04:00,20.15999984741211,20.15999984741211,20.15999984741211,20.15999984741211,1723,0.0,0.0,0.0
2024-07-11 12:10:00-04:00,20.165000915527344,20.165000915527344,20.165000915527344,20.165000915527344,125,0.0,0.0,0.0
2024-07-11 12:15:00-04:00,20.165000915527344,20.165000915527344,20.165000915527344,20.165000915527344,2055,0.0,0.0,0.0
2024-07-11 12:20:00-04:00,20.165000915527344,20.165000915527344,20.165000915527344,20.165000915527344,620,0.0,0.0,0.0
2024-07-11 12:25:00-04:00,20.170000076293945,20.170000076293945,20.15999984741211,20.16950035095215,4396,0.0,0.0,0.0
2024-07-11 12:30:00-04:00,20.165000915527344,20.165300369262695,20.165000915527344,20.165300369262695,1998,0.0,0.0,0.0
2024-07-11 12:35:00-04:00,20.165000915527344,20.165000915527344,20.165000915527344,20.165000915527344,1771,0.0,0.0,0.0
2024-07-11 12:40:00-04:00,20.165000915527344,20.165000915527344,20.165000915527344,20.165000915527344,485,0.0,0.0,0.0
2024-07-11 12:45:00-04:00,20.15999984741211,20.15999984741211,20.15999984741211,20.15999984741211,383,0.0,0.0,0.0
2024-07-11 12:55:00-04:00,20.165000915527344,20.165000915527344,20.165000915527344,20.165000915527344,430,0.0,0.0,0.0
2024-07-11 13:00:00-04:00,20.165000915527344,20.165000915527344,20.15999984741211,20.15999984741211,6340,0.0,0.0,0.0
2024-07-11 13:05:00-04:00,20.149999618530273,20.156299591064453,20.149999618530273,20.156299591064453,2535,0.0,0.0,0.0
2024-07-11 13:10:00-04:00,20.155000686645508,20.155000686645508,20.155000686645508,20.155000686645508,803,0.0,0.0,0.0
2024-07-11 13:15:00-04:00,20.155000686645508,20.155000686645508,20.150100708007812,20.155000686645508,2273,0.0,0.0,0.0
2024-07-11 13:20:00-04:00,20.159500122070312,20.159500122070312,20.15089988708496,20.155000686645508,3701,0.0,0.0,0.0
2024-07-11 13:25:00-04:00,20.155000686645508,20.155000686645508,20.155000686645508,20.155000686645508,106,0.0,0.0,0.0
2024-07-11 13:30:00-04:00,20.149999618530273,20.149999618530273,20.149999618530273,20.149999618530273,640,0.0,0.0,0.0
2024-07-11 13:35:00-04:00,20.159000396728516,20.159000396728516,20.159000396728516,20.159000396728516,566,0.0,0.0,0.0
2024-07-11 13:40:00-04:00,20.149999618530273,20.149999618530273,20.145000457763672,20.145000457763672,2992,0.0,0.0,0.0
2024-07-11 13:45:00-04:00,20.139999389648438,20.145099639892578,20.139999389648438,20.14150047302246,2456,0.0,0.0,0.0
2024-07-11 13:50:00-04:00,20.139999389648438,20.149999618530273,20.139999389648438,20.149799346923828,1927,0.0,0.0,0.0
2024-07-11 14:00:00-04:00,20.149999618530273,20.149999618530273,20.149999618530273,20.149999618530273,1831,0.0,0.0,0.0
2024-07-11 14:10:00-04:00,20.149999618530273,20.149999618530273,20.149999618530273,20.149999618530273,374,0.0,0.0,0.0
2024-07-11 14:15:00-04:00,20.155000686645508,20.157899856567383,20.155000686645508,20.157899856567383,413,0.0,0.0,0.0
2024-07-11 14:20:00-04:00,20.155000686645508,20.155000686645508,20.149999618530273,20.149999618530273,3066,0.0,0.0,0.0
2024-07-11 14:25:00-04:00,20.155000686645508,20.159799575805664,20.149999618530273,20.159799575805664,2032,0.0,0.0,0.0
2024-07-11 14:30:00-04:00,20.15250015258789,20.15999984741211,20.15250015258789,20.155000686645508,4580,0.0,0.0,0.0
2024-07-11 14:35:00-04:00,20.149999618530273,20.158599853515625,20.149999618530273,20.158599853515625,8422,0.0,0.0,0.0
2024-07-11 14:40:00-04:00,20.155000686645508,20.156600952148438,20.155000686645508,20.156600952148438,2560,0.0,0.0,0.0
2024-07-11 14:45:00-04:00,20.155000686645508,20.159900665283203,20.149999618530273,20.159900665283203,7376,0.0,0.0,0.0
2024-07-11 14:50:00-04:00,20.155000686645508,20.15999984741211,20.149999618530273,20.15959930419922,8589,0.0,0.0,0.0
2024-07-11 14:55:00-04:00,20.159500122070312,20.15999984741211,20.149999618530273,20.15999984741211,65,0.0,0.0,0.0
2024-07-11 15:00:00-04:00,20.15999984741211,20.165000915527344,20.15999984741211,20.15999984741211,7798,0.0,0.0,0.0
2024-07-11 15:05:00-04:00,20.15999984741211,20.165000915527344,20.15999984741211,20.16010093688965,14438,0.0,0.0,0.0
2024-07-11 15:10:00-04:00,20.161300659179688,20.161300659179688,20.15999984741211,20.160200119018555,1523,0.0,0.0,0.0
2024-07-11 15:15:00-04:00,20.15999984741211,20.165000915527344,20.15999984741211,20.165000915527344,6057,0.0,0.0,0.0
2024-07-11 15:20:00-04:00,20.162099838256836,20.166500091552734,20.15999984741211,20.165000915527344,2237,0.0,0.0,0.0
2024-07-11 15:25:00-04:00,20.166900634765625,20.170000076293945,20.15999984741211,20.170000076293945,2181,0.0,0.0,0.0
2024-07-11 15:30:00-04:00,20.15999984741211,20.16990089416504,20.15999984741211,20.16990089416504,13907,0.0,0.0,0.0
2024-07-11 15:35:00-04:00,20.165000915527344,20.165000915527344,20.16010093688965,20.16010093688965,4120,0.0,0.0,0.0
2024-07-11 15:40:00-04:00,20.15999984741211,20.165000915527344,20.15999984741211,20.161500930786133,9918,0.0,0.0,0.0
2024-07-11 15:45:00-04:00,20.168699264526367,20.170000076293945,20.15999984741211,20.165000915527344,7293,0.0,0.0,0.0
2024-07-11 15:50:00-04:00,20.15999984741211,20.15999984741211,20.155000686645508,20.155000686645508,5499,0.0,0.0,0.0
2024-07-11 15:55:00-04:00,20.158599853515625,20.158599853515625,20.149999618530273,20.156999588012695,6671,0.0,0.0,0.0
2024-07-12 09:30:00-04:00,20.170000076293945,20.170000076293945,20.155000686645508,20.15999984741211,18073,0.0,0.0,0.0
2024-07-12 09:35:00-04:00,20.15999984741211,20.166099548339844,20.15999984741211,20.165000915527344,3473,0.0,0.0,0.0
2024-07-12 09:40:00-04:00,20.15999984741211,20.15999984741211,20.158300399780273,20.158300399780273,20385,0.0,0.0,0.0
2024-07-12 09:45:00-04:00,20.15999984741211,20.15999984741211,20.159000396728516,20.15999984741211,1546,0.0,0.0,0.0
2024-07-12 09:50:00-04:00,20.149999618530273,20.15999984741211,20.149999618530273,20.15999984741211,6881,0.0,0.0,0.0
2024-07-12 10:00:00-04:00,20.170000076293945,20.170000076293945,20.15999984741211,20.15999984741211,3491,0.0,0.0,0.0
2024-07-12 10:05:00-04:00,20.16990089416504,20.16990089416504,20.16990089416504,20.16990089416504,1599,0.0,0.0,0.0
2024-07-12 10:10:00-04:00,20.15999984741211,20.174999237060547,20.15999984741211,20.174999237060547,11560,0.0,0.0,0.0
2024-07-12 10:15:00-04:00,20.170000076293945,20.178600311279297,20.170000076293945,20.174999237060547,27644,0.0,0.0,0.0
2024-07-12 10:20:00-04:00,20.174999237060547,20.174999237060547,20.15999984741211,20.15999984741211,18827,0.0,0.0,0.0
2024-07-12 10:30:00-04:00,20.165000915527344,20.170000076293945,20.165000915527344,20.170000076293945,3064,0.0,0.0,0.0
2024-07-12 10:35:00-04:00,20.166500091552734,20.166500091552734,20.166500091552734,20.166500091552734,201,0.0,0.0,0.0
2024-07-12 10:40:00-04:00,20.170000076293945,20.170000076293945,20.165000915527344,20.165000915527344,5815,0.0,0.0,0.0
2024-07-12 10:45:00-04:00,20.169300079345703,20.169300079345703,20.169300079345703,20.169300079345703,2170,0.0,0.0,0.0
2024-07-12 10:50:00-04:00,20.16990089416504,20.16990089416504,20.15999984741211,20.166500091552734,3372,0.0,0.0,0.0
2024-07-12 10:55:00-04:00,20.15999984741211,20.15999984741211,20.15999984741211,20.15999984741211,210,0.0,0.0,0.0
2024-07-12 11:05:00-04:00,20.169700622558594,20.169700622558594,20.15999984741211,20.15999984741211,1216,0.0,0.0,0.0
2024-07-12 11:15:00-04:00,20.169200897216797,20.170000076293945,20.16900062561035,20.170000076293945,3743,0.0,0.0,0.0
2024-07-12 11:20:00-04:00,20.15999984741211,20.170000076293945,20.15999984741211,20.15999984741211,3576,0.0,0.0,0.0
2024-07-12 11:25:00-04:00,20.170000076293945,20.170000076293945,20.165199279785156,20.170000076293945,2219,0.0,0.0,0.0
2024-07-12 11:30:00-04:00,20.169700622558594,20.169700622558594,20.167699813842773,20.167699813842773,7599,0.0,0.0,0.0
2024-07-12 11:35:00-04:00,20.170000076293945,20.170000076293945,20.16469955444336,20.16469955444336,30216,0.0,0.0,0.0
2024-07-12 11:40:00-04:00,20.15999984741211,20.170000076293945,20.15999984741211,20.170000076293945,7403,0.0,0.0,0.0
2024-07-12 11:45:00-04:00,20.162500381469727,20.163999557495117,20.162500381469727,20.163700103759766,9149,0.0,0.0,0.0
2024-07-12 11:55:00-04:00,20.16699981689453,20.16699981689453,20.16699981689453,20.16699981689453,510,0.0,0.0,0.0
2024-07-12 12:00:00-04:00,20.16900062561035,20.170000076293945,20.15999984741211,20.15999984741211,11272,0.0,0.0,0.0
2024-07-12 12:05:00-04:00,20.15999984741211,20.1697998046875,20.15999984741211,20.1697998046875,1385,0.0,0.0,0.0
2024-07-12 12:10:00-04:00,20.16990089416504,20.174999237060547,20.16990089416504,20.174999237060547,5111,0.0,0.0,0.0
2024-07-12 12:15:00-04:00,20.174999237060547,20.177400588989258,20.170000076293945,20.170000076293945,4505,0.0,0.0,0.0
2024-07-12 12:20:00-04:00,20.170000076293945,20.177400588989258,20.170000076293945,20.174999237060547,5903,0.0,0.0,0.0
2024-07-12 12:25:00-04:00,20.173599243164062,20.179899215698242,20.170000076293945,20.174999237060547,16450,0.0,0.0,0.0
2024-07-12 12:30:00-04:00,20.174999237060547,20.174999237060547,20.171899795532227,20.174999237060547,11760,0.0,0.0,0.0
2024-07-12 12:35:00-04:00,20.174999237060547,20.174999237060547,20.170000076293945,20.170299530029297,0,0.0,0.0,0.0
2024-07-12 12:40:00-04:00,20.17639923095703,20.17639923095703,20.174999237060547,20.174999237060547,2006,0.0,0.0,0.0
2024-07-12 12:45:00-04:00,20.174999237060547,20.174999237060547,20.170000076293945,20.174999237060547,4131,0.0,0.0,0.0
2024-07-12 12:50:00-04:00,20.174999237060547,20.18000030517578,20.174999237060547,20.174999237060547,398,0.0,0.0,0.0
2024-07-12 12:55:00-04:00,20.174999237060547,20.174999237060547,20.17009925842285,20.17009925842285,2000,0.0,0.0,0.0
2024-07-12 13:00:00-04:00,20.174999237060547,20.174999237060547,20.17289924621582,20.17289924621582,3046,0.0,0.0,0.0
2024-07-12 13:05:00-04:00,20.173599243164062,20.173599243164062,20.17009925842285,20.17009925842285,506,0.0,0.0,0.0
2024-07-12 13:10:00-04:00,20.179000854492188,20.179000854492188,20.170000076293945,20.170000076293945,2849,0.0,0.0,0.0
2024-07-12 13:15:00-04:00,20.174999237060547,20.18000030517578,20.174999237060547,20.18000030517578,0,0.0,0.0,0.0
2024-07-12 13:20:00-04:00,20.18000030517578,20.18000030517578,20.170000076293945,20.170000076293945,9926,0.0,0.0,0.0
2024-07-12 13:25:00-04:00,20.17289924621582,20.177099227905273,20.17289924621582,20.177099227905273,2222,0.0,0.0,0.0
2024-07-12 13:35:00-04:00,20.17009925842285,20.17009925842285,20.170000076293945,20.170000076293945,900,0.0,0.0,0.0
2024-07-12 13:40:00-04:00,20.179399490356445,20.179899215698242,20.179399490356445,20.179899215698242,1864,0.0,0.0,0.0
2024-07-12 13:45:00-04:00,20.17930030822754,20.184999465942383,20.17930030822754,20.184999465942383,11267,0.0,0.0,0.0
2024-07-12 13:50:00-04:00,20.184999465942383,20.184999465942383,20.184999465942383,20.184999465942383,1483,0.0,0.0,0.0
2024-07-12 13:55:00-04:00,20.188600540161133,20.188600540161133,20.187599182128906,20.187599182128906,1508,0.0,0.0,0.0
2024-07-12 14:00:00-04:00,20.18000030517578,20.190000534057617,20.18000030517578,20.190000534057617,3609,0.0,0.0,0.0
2024-07-12 14:05:00-04:00,20.184999465942383,20.184999465942383,20.184999465942383,20.184999465942383,0,0.0,0.0,0.0
2024-07-12 14:10:00-04:00,20.184999465942383,20.188199996948242,20.18000030517578,20.184999465942383,2941,0.0,0.0,0.0
2024-07-12 14:15:00-04:00,20.184999465942383,20.184999465942383,20.181800842285156,20.181800842285156,1231,0.0,0.0,0.0
2024-07-12 14:20:00-04:00,20.184999465942383,20.184999465942383,20.182100296020508,20.182100296020508,2368,0.0,0.0,0.0
2024-07-12 14:25:00-04:00,20.184999465942383,20.190000534057617,20.180299758911133,20.180299758911133,0,0.0,0.0,0.0
2024-07-12 14:30:00-04:00,20.180099487304688,20.190000534057617,20.18000030517578,20.184999465942383,14957,0.0,0.0,0.0
2024-07-12 14:35:00-04:00,20.181100845336914,20.181100845336914,20.181100845336914,20.181100845336914,195,0.0,0.0,0.0
2024-07-12 14:40:00-04:00,20.180099487304688,20.189699172973633,20.18000030517578,20.189699172973633,2919,0.0,0.0,0.0
2024-07-12 14:45:00-04:00,20.184999465942383,20.189800262451172,20.18000030517578,20.18000030517578,8913,0.0,0.0,0.0
2024-07-12 14:50:00-04:00,20.184999465942383,20.189699172973633,20.184999465942383,20.189699172973633,2164,0.0,0.0,0.0
2024-07-12 14:55:00-04:00,20.184999465942383,20.18720054626465,20.18000030517578,20.184999465942383,5755,0.0,0.0,0.0
2024-07-12 15:00:00-04:00,20.189899444580078,20.189899444580078,20.18000030517578,20.188400268554688,22303,0.0,0.0,0.0
2024-07-12 15:05:00-04:00,20.184999465942383,20.190000534057617,20.18000030517578,20.18000030517578,3839,0.0,0.0,0.0
2024-07-12 15:10:00-04:00,20.190000534057617,20.190000534057617,20.18950080871582,20.18950080871582,1751,0.0,0.0,0.0
2024-07-12 15:15:00-04:00,20.18899917602539,20.18899917602539,20.180099487304688,20.180099487304688,409,0.0,0.0,0.0
2024-07-12 15:20:00-04:00,20.187400817871094,20.190000534057617,20.187400817871094,20.190000534057617,1091,0.0,0.0,0.0
2024-07-12 15:25:00-04:00,20.189899444580078,20.19499969482422,20.180099487304688,20.19499969482422,19428,0.0,0.0,0.0
2024-07-12 15:30:00-04:00,20.199899673461914,20.199899673461914,20.190000534057617,20.19499969482422,30830,0.0,0.0,0.0
2024-07-12 15:35:00-04:00,20.19499969482422,20.200000762939453,20.19499969482422,20.19499969482422,17797,0.0,0.0,0.0
2024-07-12 15:40:00-04:00,20.19499969482422,20.199899673461914,20.19499969482422,20.19499969482422,22767,0.0,0.0,0.0
2024-07-12 15:45:00-04:00,20.19499969482422,20.195999145507812,20.190000534057617,20.19499969482422,3292,0.0,0.0,0.0
2024-07-12 15:50:00-04:00,20.19499969482422,20.199800491333008,20.19499969482422,20.19499969482422,6956,0.0,0.0,0.0
2024-07-12 15:55:00-04:00,20.200000762939453,20.200000762939453,20.200000762939453,20.200000762939453,17481,0.0,0.0,0.0
2024-07-15 09:30:00-04:00,20.199899673461914,20.199899673461914,20.199899673461914,20.199899673461914,3908,0.0,0.0,0.0
2024-07-15 09:35:00-04:00,20.190099716186523,20.19499969482422,20.190000534057617,20.19499969482422,675,0.0,0.0,0.0
2024-07-15 09:40:00-04:00,20.19849967956543,20.200000762939453,20.190000534057617,20.19499969482422,4884,0.0,0.0,0.0
2024-07-15 09:45:00-04:00,20.192100524902344,20.199899673461914,20.190000534057617,20.190000534057617,3490,0.0,0.0,0.0
2024-07-15 09:50:00-04:00,20.19499969482422,20.19499969482422,20.18869972229004,20.18869972229004,8324,0.0,0.0,0.0
2024-07-15 09:55:00-04:00,20.18000030517578,20.18000030517578,20.18000030517578,20.18000030517578,4272,0.0,0.0,0.0
2024-07-15 10:00:00-04:00,20.18000030517578,20.18000030517578,20.18000030517578,20.18000030517578,2304,0.0,0.0,0.0
2024-07-15 10:05:00-04:00,20.18000030517578,20.184999465942383,20.18000030517578,20.18000030517578,1593,0.0,0.0,0.0
2024-07-15 10:10:00-04:00,20.181400299072266,20.181400299072266,20.181400299072266,20.181400299072266,1016,0.0,0.0,0.0
2024-07-15 10:15:00-04:00,20.184999465942383,20.184999465942383,20.184999465942383,20.184999465942383,705,0.0,0.0,0.0
2024-07-15 10:20:00-04:00,20.184999465942383,20.184999465942383,20.184999465942383,20.184999465942383,300,0.0,0.0,0.0
2024-07-15 10:25:00-04:00,20.188499450683594,20.189899444580078,20.184999465942383,20.184999465942383,3303,0.0,0.0,0.0
2024-07-15 10:30:00-04:00,20.184999465942383,20.184999465942383,20.184999465942383,20.184999465942383,1190,0.0,0.0,0.0
2024-07-15 10:35:00-04:00,20.18000030517578,20.184999465942383,20.18000030517578,20.184999465942383,1438,0.0,0.0,0.0
2024-07-15 10:40:00-04:00,20.18000030517578,20.18000030517578,20.18000030517578,20.18000030517578,1016,0.0,0.0,0.0
2024-07-15 10:45:00-04:00,20.18869972229004,20.18869972229004,20.181299209594727,20.181299209594727,13282,0.0,0.0,0.0
2024-07-15 10:50:00-04:00,20.184999465942383,20.190000534057617,20.18000030517578,20.190000534057617,3758,0.0,0.0,0.0
2024-07-15 10:55:00-04:00,20.18000030517578,20.18910026550293,20.18000030517578,20.18910026550293,20890,0.0,0.0,0.0
2024-07-15 11:00:00-04:00,20.18600082397461,20.190000534057617,20.18600082397461,20.190000534057617,0,0.0,0.0,0.0
2024-07-15 11:05:00-04:00,20.190000534057617,20.19499969482422,20.190000534057617,20.190000534057617,5640,0.0,0.0,0.0
2024-07-15 11:10:00-04:00,20.190000534057617,20.199899673461914,20.190000534057617,20.195999145507812,2334,0.0,0.0,0.0
2024-07-15 11:15:00-04:00,20.190000534057617,20.199399948120117,20.190000534057617,20.19499969482422,9622,0.0,0.0,0.0
2024-07-15 11:20:00-04:00,20.197399139404297,20.198299407958984,20.19499969482422,20.19499969482422,7168,0.0,0.0,0.0
2024-07-15 11:25:00-04:00,20.190000534057617,20.200000762939453,20.190000534057617,20.200000762939453,5935,0.0,0.0,0.0
2024-07-15 11:30:00-04:00,20.19499969482422,20.199800491333008,20.19499969482422,20.199800491333008,7102,0.0,0.0,0.0
2024-07-15 11:35:00-04:00,20.19499969482422,20.199899673461914,20.190099716186523,20.191099166870117,7025,0.0,0.0,0.0
2024-07-15 11:40:00-04:00,20.190099716186523,20.199899673461914,20.190099716186523,20.19499969482422,11292,0.0,0.0,0.0
2024-07-15 11:45:00-04:00,20.19499969482422,20.19499969482422,20.190000534057617,20.190000534057617,610,0.0,0.0,0.0
2024-07-15 11:50:00-04:00,20.200000762939453,20.200000762939453,20.190000534057617,20.200000762939453,10949,0.0,0.0,0.0
2024-07-15 11:55:00-04:00,20.19849967956543,20.198699951171875,20.190000534057617,20.198699951171875,19510,0.0,0.0,0.0
2024-07-15 12:00:00-04:00,20.19499969482422,20.19499969482422,20.19499969482422,20.19499969482422,0,0.0,0.0,0.0
2024-07-15 12:05:00-04:00,20.19499969482422,20.19499969482422,20.19499969482422,20.19499969482422,395,0.0,0.0,0.0
2024-07-15 12:10:00-04:00,20.19499969482422,20.199899673461914,20.190000534057617,20.190000534057617,1364,0.0,0.0,0.0
2024-07-15 12:15:00-04:00,20.200000762939453,20.200000762939453,20.200000762939453,20.200000762939453,9588,0.0,0.0,0.0
2024-07-15 12:20:00-04:00,20.190000534057617,20.19499969482422,20.190000534057617,20.19499969482422,8835,0.0,0.0,0.0
2024-07-15 12:25:00-04:00,20.190000534057617,20.195999145507812,20.190000534057617,20.195999145507812,2281,0.0,0.0,0.0
2024-07-15 12:30:00-04:00,20.19029998779297,20.19029998779297,20.19029998779297,20.19029998779297,2048,0.0,0.0,0.0
2024-07-15 12:35:00-04:00,20.19499969482422,20.19499969482422,20.19499969482422,20.19499969482422,328,0.0,0.0,0.0
2024-07-15 12:40:00-04:00,20.19499969482422,20.204999923706055,20.19499969482422,20.200000762939453,13506,0.0,0.0,0.0
2024-07-15 12:45:00-04:00,20.190000534057617,20.190000534057617,20.190000534057617,20.190000534057617,2239,0.0,0.0,0.0
2024-07-15 12:50:00-04:00,20.18000030517578,20.190000534057617,20.18000030517578,20.184999465942383,7012,0.0,0.0,0.0
2024-07-15 12:55:00-04:00,20.184999465942383,20.18829917907715,20.184999465942383,20.18829917907715,2395,0.0,0.0,0.0
2024-07-15 13:00:00-04:00,20.180099487304688,20.180099487304688,20.18000030517578,20.18000030517578,2005,0.0,0.0,0.0
2024-07-15 13:05:00-04:00,20.18000030517578,20.184999465942383,20.18000030517578,20.18000030517578,5642,0.0,0.0,0.0
2024-07-15 13:10:00-04:00,20.18000030517578,20.189699172973633,20.18000030517578,20.1875,5547,0.0,0.0,0.0
2024-07-15 13:15:00-04:00,20.180500030517578,20.18779945373535,20.18000030517578,20.18000030517578,6536,0.0,0.0,0.0
2024-07-15 13:20:00-04:00,20.17009925842285,20.179800033569336,20.17009925842285,20.17729949951172,1651,0.0,0.0,0.0
2024-07-15 13:25:00-04:00,20.179000854492188,20.18000030517578,20.170000076293945,20.174999237060547,1451,0.0,0.0,0.0
2024-07-15 13:35:00-04:00,20.177000045776367,20.177000045776367,20.17009925842285,20.17009925842285,3246,0.0,0.0,0.0
2024-07-15 13:40:00-04:00,20.174999237060547,20.174999237060547,20.174999237060547,20.174999237060547,650,0.0,0.0,0.0
2024-07-15 13:45:00-04:00,20.174999237060547,20.174999237060547,20.174999237060547,20.174999237060547,1235,0.0,0.0,0.0
2024-07-15 13:50:00-04:00,20.170000076293945,20.170000076293945,20.170000076293945,20.170000076293945,250,0.0,0.0,0.0
2024-07-15 14:00:00-04:00,20.174999237060547,20.18000030517578,20.173099517822266,20.17959976196289,3979,0.0,0.0,0.0
2024-07-15 14:05:00-04:00,20.174999237060547,20.174999237060547,20.174999237060547,20.174999237060547,80,0.0,0.0,0.0
2024-07-15 14:10:00-04:00,20.177900314331055,20.18000030517578,20.177900314331055,20.18000030517578,436,0.0,0.0,0.0
2024-07-15 14:15:00-04:00,20.179899215698242,20.18000030517578,20.170000076293945,20.176599502563477,13000,0.0,0.0,0.0
2024-07-15 14:20:00-04:00,20.170000076293945,20.179000854492188,20.170000076293945,20.174999237060547,480,0.0,0.0,0.0
2024-07-15 14:25:00-04:00,20.179500579833984,20.179500579833984,20.17180061340332,20.17180061340332,16282,0.0,0.0,0.0
2024-07-15 14:30:00-04:00,20.17799949645996,20.18000030517578,20.17799949645996,20.18000030517578,1898,0.0,0.0,0.0
2024-07-15 14:35:00-04:00,20.18000030517578,20.18000030517578,20.176300048828125,20.176300048828125,1468,0.0,0.0,0.0
2024-07-15 14:45:00-04:00,20.18000030517578,20.18000030517578,20.171499252319336,20.171499252319336,976,0.0,0.0,0.0
2024-07-15 14:50:00-04:00,20.174999237060547,20.174999237060547,20.172100067138672,20.174999237060547,6071,0.0,0.0,0.0
2024-07-15 14:55:00-04:00,20.174999237060547,20.18000030517578,20.170000076293945,20.18000030517578,1925,0.0,0.0,0.0
2024-07-15 15:00:00-04:00,20.174999237060547,20.174999237060547,20.171300888061523,20.174999237060547,3125,0.0,0.0,0.0
2024-07-15 15:05:00-04:00,20.174999237060547,20.18000030517578,20.170000076293945,20.171600341796875,4044,0.0,0.0,0.0
2024-07-15 15:10:00-04:00,20.179800033569336,20.179800033569336,20.179800033569336,20.179800033569336,1330,0.0,0.0,0.0
2024-07-15 15:15:00-04:00,20.174999237060547,20.174999237060547,20.17009925842285,20.174999237060547,1131,0.0,0.0,0.0
2024-07-15 15:20:00-04:00,20.171100616455078,20.174999237060547,20.170000076293945,20.170000076293945,4633,0.0,0.0,0.0
2024-07-15 15:25:00-04:00,20.174999237060547,20.18000030517578,20.170000076293945,20.176300048828125,18776,0.0,0.0,0.0
2024-07-15 15:30:00-04:00,20.18000030517578,20.18000030517578,20.17009925842285,20.174999237060547,3132,0.0,0.0,0.0
2024-07-15 15:35:00-04:00,20.17889976501465,20.18000030517578,20.170000076293945,20.178499221801758,7877,0.0,0.0,0.0
2024-07-15 15:40:00-04:00,20.17300033569336,20.18000030517578,20.172000885009766,20.172000885009766,9288,0.0,0.0,0.0
2024-07-15 15:45:00-04:00,20.18000030517578,20.18000030517578,20.170000076293945,20.170000076293945,10267,0.0,0.0,0.0
2024-07-15 15:50:00-04:00,20.18000030517578,20.18000030517578,20.171499252319336,20.174999237060547,1431,0.0,0.0,0.0
2024-07-15 15:55:00-04:00,20.176000595092773,20.176000595092773,20.170000076293945,20.174999237060547,26938,0.0,0.0,0.0
2024-07-16 09:30:00-04:00,20.200000762939453,20.200000762939453,20.174999237060547,20.174999237060547,15033,0.0,0.0,0.0
2024-07-16 09:35:00-04:00,20.18000030517578,20.18000030517578,20.174999237060547,20.174999237060547,12074,0.0,0.0,0.0
2024-07-16 09:40:00-04:00,20.177600860595703,20.177600860595703,20.177600860595703,20.177600860595703,858,0.0,0.0,0.0
2024-07-16 09:45:00-04:00,20.170000076293945,20.170000076293945,20.170000076293945,20.170000076293945,462,0.0,0.0,0.0
2024-07-16 09:50:00-04:00,20.174999237060547,20.174999237060547,20.174999237060547,20.174999237060547,2076,0.0,0.0,0.0
2024-07-16 09:55:00-04:00,20.174999237060547,20.18000030517578,20.174999237060547,20.18000030517578,2101,0.0,0.0,0.0
2024-07-16 10:00:00-04:00,20.18000030517578,20.18000030517578,20.18000030517578,20.18000030517578,200,0.0,0.0,0.0
2024-07-16 10:05:00-04:00,20.174999237060547,20.174999237060547,20.170000076293945,20.170000076293945,1862,0.0,0.0,0.0
2024-07-16 10:10:00-04:00,20.170000076293945,20.176000595092773,20.170000076293945,20.176000595092773,2034,0.0,0.0,0.0
2024-07-16 10:15:00-04:00,20.175500869750977,20.175500869750977,20.173500061035156,20.173500061035156,1275,0.0,0.0,0.0
2024-07-16 10:20:00-04:00,20.17889976501465,20.17889976501465,20.170000076293945,20.170000076293945,1606,0.0,0.0,0.0
2024-07-16 10:25:00-04:00,20.17300033569336,20.17300033569336,20.17300033569336,20.17300033569336,823,0.0,0.0,0.0
2024-07-16 10:35:00-04:00,20.179000854492188,20.18000030517578,20.179000854492188,20.18000030517578,1118,0.0,0.0,0.0
2024-07-16 10:45:00-04:00,20.18000030517578,20.189899444580078,20.18000030517578,20.189899444580078,1163,0.0,0.0,0.0
2024-07-16 10:50:00-04:00,20.184999465942383,20.185300827026367,20.18000030517578,20.18000030517578,9187,0.0,0.0,0.0
2024-07-16 10:55:00-04:00,20.184999465942383,20.184999465942383,20.18000030517578,20.184999465942383,3490,0.0,0.0,0.0
2024-07-16 11:00:00-04:00,20.189699172973633,20.189699172973633,20.184999465942383,20.184999465942383,739,0.0,0.0,0.0
2024-07-16 11:05:00-04:00,20.184999465942383,20.188199996948242,20.18000030517578,20.188199996948242,2956,0.0,0.0,0.0
2024-07-16 11:10:00-04:00,20.190000534057617,20.190000534057617,20.18000030517578,20.189899444580078,5946,0.0,0.0,0.0
2024-07-16 11:15:00-04:00,20.183700561523438,20.189699172973633,20.1835994720459,20.1835994720459,7023,0.0,0.0,0.0
2024-07-16 11:20:00-04:00,20.184999465942383,20.185300827026367,20.18000030517578,20.184999465942383,6130,0.0,0.0,0.0
2024-07-16 11:30:00-04:00,20.189800262451172,20.189800262451172,20.18899917602539,20.18899917602539,390,0.0,0.0,0.0
2024-07-16 11:35:00-04:00,20.184999465942383,20.18899917602539,20.184999465942383,20.18899917602539,541,0.0,0.0,0.0
2024-07-16 11:40:00-04:00,20.181100845336914,20.181100845336914,20.181100845336914,20.181100845336914,1316,0.0,0.0,0.0
2024-07-16 11:45:00-04:00,20.18899917602539,20.18899917602539,20.18899917602539,20.18899917602539,0,0.0,0.0,0.0
2024-07-16 11:50:00-04:00,20.18000030517578,20.190000534057617,20.18000030517578,20.184999465942383,1908,0.0,0.0,0.0
2024-07-16 11:55:00-04:00,20.187999725341797,20.187999725341797,20.187999725341797,20.187999725341797,1717,0.0,0.0,0.0
2024-07-16 12:00:00-04:00,20.18899917602539,20.190000534057617,20.184999465942383,20.184999465942383,424,0.0,0.0,0.0
2024-07-16 12:05:00-04:00,20.18630027770996,20.18630027770996,20.18000030517578,20.18000030517578,1724,0.0,0.0,0.0
2024-07-16 12:10:00-04:00,20.18899917602539,20.189800262451172,20.18000030517578,20.18950080871582,1853,0.0,0.0,0.0
2024-07-16 12:15:00-04:00,20.184999465942383,20.1875,20.18429946899414,20.18429946899414,1161,0.0,0.0,0.0
2024-07-16 12:20:00-04:00,20.189899444580078,20.190000534057617,20.184999465942383,20.184999465942383,5100,0.0,0.0,0.0
2024-07-16 12:25:00-04:00,20.180099487304688,20.18950080871582,20.180099487304688,20.181299209594727,1707,0.0,0.0,0.0
2024-07-16 12:30:00-04:00,20.18000030517578,20.190000534057617,20.18000030517578,20.180099487304688,3935,0.0,0.0,0.0
2024-07-16 12:35:00-04:00,20.187299728393555,20.190000534057617,20.180099487304688,20.180099487304688,7162,0.0,0.0,0.0
2024-07-16 12:40:00-04:00,20.190000534057617,20.190000534057617,20.184999465942383,20.184999465942383,22441,0.0,0.0,0.0
2024-07-16 12:45:00-04:00,20.182600021362305,20.18950080871582,20.182600021362305,20.184999465942383,2251,0.0,0.0,0.0
2024-07-16 12:50:00-04:00,20.184999465942383,20.186599731445312,20.184999465942383,20.184999465942383,836,0.0,0.0,0.0
2024-07-16 12:55:00-04:00,20.184999465942383,20.184999465942383,20.18000030517578,20.184999465942383,3779,0.0,0.0,0.0
2024-07-16 13:00:00-04:00,20.184999465942383,20.184999465942383,20.184999465942383,20.184999465942383,1656,0.0,0.0,0.0
2024-07-16 13:05:00-04:00,20.184999465942383,20.189699172973633,20.184999465942383,20.189699172973633,638,0.0,0.0,0.0
2024-07-16 13:10:00-04:00,20.184999465942383,20.18950080871582,20.18000030517578,20.18950080871582,5897,0.0,0.0,0.0
2024-07-16 13:15:00-04:00,20.187999725341797,20.187999725341797,20.187999725341797,20.187999725341797,342,0.0,0.0,0.0
2024-07-16 13:20:00-04:00,20.18000030517578,20.190000534057617,20.18000030517578,20.180099487304688,2891,0.0,0.0,0.0
2024-07-16 13:30:00-04:00,20.190000534057617,20.190000534057617,20.189699172973633,20.189699172973633,6230,0.0,0.0,0.0
2024-07-16 13:35:00-04:00,20.184999465942383,20.190000534057617,20.181299209594727,20.184999465942383,2995,0.0,0.0,0.0
2024-07-16 13:40:00-04:00,20.18000030517578,20.18000030517578,20.18000030517578,20.18000030517578,5906,0.0,0.0,0.0
2024-07-16 13:45:00-04:00,20.190000534057617,20.190000534057617,20.18000030517578,20.18000030517578,854,0.0,0.0,0.0
2024-07-16 13:50:00-04:00,20.18709945678711,20.190000534057617,20.18000030517578,20.190000534057617,3314,0.0,0.0,0.0
2024-07-16 13:55:00-04:00,20.190000534057617,20.190000534057617,20.18000030517578,20.18899917602539,2789,0.0,0.0,0.0
2024-07-16 14:00:00-04:00,20.18000030517578,20.190000534057617,20.18000030517578,20.18000030517578,1458,0.0,0.0,0.0
2024-07-16 14:05:00-04:00,20.190000534057617,20.190000534057617,20.18280029296875,20.189300537109375,1740,0.0,0.0,0.0
2024-07-16 14:10:00-04:00,20.188100814819336,20.188100814819336,20.180099487304688,20.180099487304688,3113,0.0,0.0,0.0
2024-07-16 14:15:00-04:00,20.189899444580078,20.190000534057617,20.189899444580078,20.190000534057617,5062,0.0,0.0,0.0
2024-07-16 14:20:00-04:00,20.187400817871094,20.190000534057617,20.18000030517578,20.18000030517578,894,0.0,0.0,0.0
2024-07-16 14:25:00-04:00,20.190000534057617,20.197099685668945,20.190000534057617,20.19499969482422,7524,0.0,0.0,0.0
2024-07-16 14:30:00-04:00,20.199899673461914,20.200000762939453,20.199899673461914,20.200000762939453,2200,0.0,0.0,0.0
2024-07-16 14:35:00-04:00,20.200000762939453,20.200000762939453,20.19179916381836,20.192899703979492,3236,0.0,0.0,0.0
2024-07-16 14:40:00-04:00,20.200000762939453,20.20989990234375,20.200000762939453,20.20989990234375,3076,0.0,0.0,0.0
2024-07-16 14:45:00-04:00,20.209699630737305,20.209699630737305,20.200000762939453,20.20549964904785,1772,0.0,0.0,0.0
2024-07-16 14:50:00-04:00,20.204999923706055,20.204999923706055,20.200000762939453,20.204999923706055,4006,0.0,0.0,0.0
2024-07-16 14:55:00-04:00,20.20989990234375,20.20989990234375,20.200000762939453,20.204999923706055,1804,0.0,0.0,0.0
2024-07-16 15:00:00-04:00,20.200000762939453,20.204999923706055,20.19339942932129,20.19339942932129,19793,0.0,0.0,0.0
2024-07-16 15:05:00-04:00,20.196300506591797,20.200000762939453,20.196300506591797,20.200000762939453,1843,0.0,0.0,0.0
2024-07-16 15:10:00-04:00,20.19499969482422,20.200000762939453,20.19179916381836,20.19179916381836,4433,0.0,0.0,0.0
2024-07-16 15:15:00-04:00,20.199499130249023,20.200000762939453,20.190099716186523,20.190099716186523,18695,0.0,0.0,0.0
2024-07-16 15:20:00-04:00,20.199399948120117,20.200000762939453,20.195999145507812,20.195999145507812,1984,0.0,0.0,0.0
2024-07-16 15:25:00-04:00,20.190000534057617,20.19969940185547,20.190000534057617,20.196300506591797,5319,0.0,0.0,0.0
2024-07-16 15:30:00-04:00,20.209999084472656,20.209999084472656,20.204999923706055,20.204999923706055,3970,0.0,0.0,0.0
2024-07-16 15:35:00-04:00,20.207700729370117,20.207700729370117,20.200000762939453,20.200000762939453,3914,0.0,0.0,0.0
2024-07-16 15:40:00-04:00,20.200000762939453,20.208999633789062,20.200000762939453,20.208999633789062,890,0.0,0.0,0.0
2024-07-16 15:45:00-04:00,20.200000762939453,20.20949935913086,20.200000762939453,20.205400466918945,4061,0.0,0.0,0.0
2024-07-16 15:50:00-04:00,20.200000762939453,20.204999923706055,20.200000762939453,20.204999923706055,3726,0.0,0.0,0.0
2024-07-16 15:55:00-04:00,20.201499938964844,20.209999084472656,20.200000762939453,20.200000762939453,2170,0.0,0.0,0.0
2024-07-17 09:30:00-04:00,20.190000534057617,20.190000534057617,20.179899215698242,20.179899215698242,7596,0.0,0.0,0.0
2024-07-17 09:35:00-04:00,20.18000030517578,20.18000030517578,20.18000030517578,20.18000030517578,7955,0.0,0.0,0.0
2024-07-17 09:40:00-04:00,20.182100296020508,20.184999465942383,20.182100296020508,20.184999465942383,3287,0.0,0.0,0.0
2024-07-17 09:45:00-04:00,20.18910026550293,20.18910026550293,20.18910026550293,20.18910026550293,3109,0.0,0.0,0.0
2024-07-17 09:50:00-04:00,20.180099487304688,20.180099487304688,20.18000030517578,20.180099487304688,461,0.0,0.0,0.0
2024-07-17 09:55:00-04:00,20.18000030517578,20.184999465942383,20.18000030517578,20.184999465942383,2326,0.0,0.0,0.0
2024-07-17 10:00:00-04:00,20.18000030517578,20.18000030517578,20.18000030517578,20.18000030517578,5424,0.0,0.0,0.0
2024-07-17 10:10:00-04:00,20.170000076293945,20.170000076293945,20.170000076293945,20.170000076293945,443,0.0,0.0,0.0
2024-07-17 10:15:00-04:00,20.18000030517578,20.18000030517578,20.18000030517578,20.18000030517578,550,0.0,0.0,0.0
2024-07-17 10:20:00-04:00,20.170000076293945,20.170000076293945,20.170000076293945,20.170000076293945,181,0.0,0.0,0.0
2024-07-17 10:35:00-04:00,20.179899215698242,20.179899215698242,20.179899215698242,20.179899215698242,2000,0.0,0.0,0.0
2024-07-17 10:40:00-04:00,20.170000076293945,20.170000076293945,20.170000076293945,20.170000076293945,291,0.0,0.0,0.0
2024-07-17 10:45:00-04:00,20.174299240112305,20.179500579833984,20.174299240112305,20.179500579833984,5146,0.0,0.0,0.0
2024-07-17 10:50:00-04:00,20.174999237060547,20.174999237060547,20.174999237060547,20.174999237060547,1104,0.0,0.0,0.0
2024-07-17 10:55:00-04:00,20.18000030517578,20.18000030517578,20.18000030517578,20.18000030517578,330,0.0,0.0,0.0
2024-07-17 11:00:00-04:00,20.17449951171875,20.18000030517578,20.17449951171875,20.18000030517578,3684,0.0,0.0,0.0
2024-07-17 11:05:00-04:00,20.174999237060547,20.179000854492188,20.174999237060547,20.179000854492188,3240,0.0,0.0,0.0
2024-07-17 11:10:00-04:00,20.170000076293945,20.170000076293945,20.170000076293945,20.170000076293945,2634,0.0,0.0,0.0
2024-07-17 11:15:00-04:00,20.179899215698242,20.18000030517578,20.174999237060547,20.18000030517578,17281,0.0,0.0,0.0
2024-07-17 11:20:00-04:00,20.184999465942383,20.184999465942383,20.184999465942383,20.184999465942383,1861,0.0,0.0,0.0
2024-07-17 11:25:00-04:00,20.184999465942383,20.190000534057617,20.18000030517578,20.18000030517578,1695,0.0,0.0,0.0
2024-07-17 11:30:00-04:00,20.18000030517578,20.190000534057617,20.18000030517578,20.189300537109375,6198,0.0,0.0,0.0
2024-07-17 11:35:00-04:00,20.18000030517578,20.190000534057617,20.18000030517578,20.190000534057617,4600,0.0,0.0,0.0
2024-07-17 11:40:00-04:00,20.18000030517578,20.193500518798828,20.18000030517578,20.193500518798828,1059,0.0,0.0,0.0
2024-07-17 11:45:00-04:00,20.19499969482422,20.198699951171875,20.19499969482422,20.19499969482422,4525,0.0,0.0,0.0
2024-07-17 11:50:00-04:00,20.190000534057617,20.19969940185547,20.190000534057617,20.19969940185547,2219,0.0,0.0,0.0
2024-07-17 11:55:00-04:00,20.19499969482422,20.19499969482422,20.19499969482422,20.19499969482422,3117,0.0,0.0,0.0
2024-07-17 12:00:00-04:00,20.190799713134766,20.19499969482422,20.190000534057617,20.190000534057617,2838,0.0,0.0,0.0
2024-07-17 12:05:00-04:00,20.190099716186523,20.19499969482422,20.190099716186523,20.19499969482422,3674,0.0,0.0,0.0
2024-07-17 12:10:00-04:00,20.19499969482422,20.19499969482422,20.19499969482422,20.19499969482422,0,0.0,0.0,0.0
2024-07-17 12:15:00-04:00,20.190000534057617,20.196399688720703,20.190000534057617,20.19499969482422,519,0.0,0.0,0.0
2024-07-17 12:20:00-04:00,20.190000534057617,20.19300079345703,20.190000534057617,20.19300079345703,595,0.0,0.0,0.0
2024-07-17 12:25:00-04:00,20.19499969482422,20.200000762939453,20.19499969482422,20.200000762939453,453,0.0,0.0,0.0
2024-07-17 12:30:00-04:00,20.19499969482422,20.19499969482422,20.19499969482422,20.19499969482422,282,0.0,0.0,0.0
2024-07-17 12:35:00-04:00,20.199899673461914,20.199899673461914,20.199899673461914,20.199899673461914,2531,0.0,0.0,0.0
2024-07-17 12:40:00-04:00,20.19499969482422,20.200000762939453,20.19499969482422,20.199899673461914,6371,0.0,0.0,0.0
2024-07-17 12:45:00-04:00,20.190000534057617,20.190000534057617,20.190000534057617,20.190000534057617,2182,0.0,0.0,0.0
2024-07-17 12:55:00-04:00,20.200000762939453,20.200000762939453,20.200000762939453,20.200000762939453,162,0.0,0.0,0.0
2024-07-17 13:00:00-04:00,20.197500228881836,20.197500228881836,20.197500228881836,20.197500228881836,360,0.0,0.0,0.0
2024-07-17 13:05:00-04:00,20.200000762939453,20.200000762939453,20.196699142456055,20.196699142456055,1115,0.0,0.0,0.0
2024-07-17 13:10:00-04:00,20.200000762939453,20.200000762939453,20.200000762939453,20.200000762939453,175,0.0,0.0,0.0
2024-07-17 13:15:00-04:00,20.199899673461914,20.200000762939453,20.190099716186523,20.200000762939453,5645,0.0,0.0,0.0
2024-07-17 13:20:00-04:00,20.198999404907227,20.200000762939453,20.190099716186523,20.190099716186523,2836,0.0,0.0,0.0
2024-07-17 13:25:00-04:00,20.199899673461914,20.199899673461914,20.190099716186523,20.19930076599121,11895,0.0,0.0,0.0
2024-07-17 13:30:00-04:00,20.200000762939453,20.200000762939453,20.19969940185547,20.200000762939453,312,0.0,0.0,0.0
2024-07-17 13:35:00-04:00,20.190000534057617,20.190099716186523,20.190000534057617,20.190000534057617,5721,0.0,0.0,0.0
2024-07-17 13:40:00-04:00,20.190000534057617,20.200000762939453,20.190000534057617,20.19930076599121,7109,0.0,0.0,0.0
2024-07-17 13:45:00-04:00,20.197399139404297,20.197399139404297,20.197399139404297,20.197399139404297,1067,0.0,0.0,0.0
2024-07-17 13:50:00-04:00,20.200000762939453,20.200000762939453,20.200000762939453,20.200000762939453,6259,0.0,0.0,0.0
2024-07-17 13:55:00-04:00,20.190099716186523,20.200000762939453,20.190099716186523,20.200000762939453,17969,0.0,0.0,0.0
2024-07-17 14:00:00-04:00,20.19659996032715,20.204999923706055,20.19659996032715,20.204999923706055,6133,0.0,0.0,0.0
2024-07-17 14:05:00-04:00,20.204999923706055,20.209999084472656,20.204999923706055,20.209999084472656,1512,0.0,0.0,0.0
2024-07-17 14:15:00-04:00,20.209800720214844,20.209999084472656,20.20170021057129,20.2052001953125,6402,0.0,0.0,0.0
2024-07-17 14:20:00-04:00,20.208999633789062,20.209999084472656,20.20009994506836,20.20009994506836,20621,0.0,0.0,0.0
2024-07-17 14:25:00-04:00,20.20949935913086,20.209999084472656,20.206300735473633,20.206300735473633,0,0.0,0.0,0.0
2024-07-17 14:30:00-04:00,20.200000762939453,20.200000762939453,20.200000762939453,20.200000762939453,6963,0.0,0.0,0.0
2024-07-17 14:40:00-04:00,20.209800720214844,20.209999084472656,20.200199127197266,20.200199127197266,8369,0.0,0.0,0.0
2024-07-17 14:45:00-04:00,20.2052001953125,20.21500015258789,20.2052001953125,20.209999084472656,5697,0.0,0.0,0.0
2024-07-17 14:50:00-04:00,20.21500015258789,20.21500015258789,20.209999084472656,20.209999084472656,2664,0.0,0.0,0.0
2024-07-17 14:55:00-04:00,20.218599319458008,20.219999313354492,20.21500015258789,20.21500015258789,9781,0.0,0.0,0.0
2024-07-17 15:00:00-04:00,20.21500015258789,20.21500015258789,20.210100173950195,20.21500015258789,1897,0.0,0.0,0.0
2024-07-17 15:05:00-04:00,20.21500015258789,20.21500015258789,20.21500015258789,20.21500015258789,210,0.0,0.0,0.0
2024-07-17 15:10:00-04:00,20.219999313354492,20.219999313354492,20.209999084472656,20.209999084472656,2034,0.0,0.0,0.0
2024-07-17 15:15:00-04:00,20.209999084472656,20.219999313354492,20.209999084472656,20.21500015258789,5533,0.0,0.0,0.0
2024-07-17 15:20:00-04:00,20.209999084472656,20.219900131225586,20.209999084472656,20.21500015258789,5084,0.0,0.0,0.0
2024-07-17 15:25:00-04:00,20.214000701904297,20.21500015258789,20.209999084472656,20.21500015258789,934,0.0,0.0,0.0
2024-07-17 15:30:00-04:00,20.21500015258789,20.21500015258789,20.21500015258789,20.21500015258789,5350,0.0,0.0,0.0
2024-07-17 15:35:00-04:00,20.21500015258789,20.219900131225586,20.21500015258789,20.21500015258789,107,0.0,0.0,0.0
2024-07-17 15:40:00-04:00,20.213499069213867,20.219900131225586,20.213499069213867,20.21500015258789,3673,0.0,0.0,0.0
2024-07-17 15:45:00-04:00,20.21500015258789,20.219900131225586,20.209999084472656,20.21500015258789,29505,0.0,0.0,0.0
2024-07-17 15:50:00-04:00,20.21500015258789,20.21500015258789,20.210100173950195,20.211000442504883,2189,0.0,0.0,0.0
2024-07-17 15:55:00-04:00,20.219999313354492,20.219999313354492,20.21500015258789,20.21500015258789,9174,0.0,0.0,0.0
2024-07-18 09:30:00-04:00,20.209999084472656,20.209999084472656,20.190000534057617,20.19499969482422,40660,0.0,0.0,0.0
2024-07-18 09:35:00-04:00,20.19499969482422,20.19499969482422,20.19499969482422,20.19499969482422,1076,0.0,0.0,0.0
2024-07-18 09:40:00-04:00,20.200000762939453,20.200000762939453,20.200000762939453,20.200000762939453,3160,0.0,0.0,0.0
2024-07-18 09:45:00-04:00,20.204999923706055,20.209999084472656,20.204999923706055,20.209999084472656,2117,0.0,0.0,0.0
2024-07-18 09:50:00-04:00,20.209999084472656,20.209999084472656,20.20009994506836,20.20439910888672,4759,0.0,0.0,0.0
2024-07-18 09:55:00-04:00,20.209699630737305,20.209699630737305,20.209699630737305,20.209699630737305,921,0.0,0.0,0.0
2024-07-18 10:00:00-04:00,20.209999084472656,20.209999084472656,20.209999084472656,20.209999084472656,2785,0.0,0.0,0.0
2024-07-18 10:05:00-04:00,20.209999084472656,20.209999084472656,20.209999084472656,20.209999084472656,53845,0.0,0.0,0.0
2024-07-18 10:10:00-04:00,20.21500015258789,20.21500015258789,20.21500015258789,20.21500015258789,8732,0.0,0.0,0.0
2024-07-18 10:15:00-04:00,20.21500015258789,20.21500015258789,20.21500015258789,20.21500015258789,0,0.0,0.0,0.0
2024-07-18 10:20:00-04:00,20.21500015258789,20.21500015258789,20.21500015258789,20.21500015258789,2166,0.0,0.0,0.0
2024-07-18 10:30:00-04:00,20.209999084472656,20.209999084472656,20.20199966430664,20.20199966430664,686,0.0,0.0,0.0
2024-07-18 10:35:00-04:00,20.207500457763672,20.207500457763672,20.204999923706055,20.204999923706055,543,0.0,0.0,0.0
2024-07-18 10:40:00-04:00,20.209999084472656,20.215999603271484,20.209999084472656,20.21500015258789,1269,0.0,0.0,0.0
2024-07-18 10:45:00-04:00,20.21500015258789,20.21500015258789,20.21500015258789,20.21500015258789,1455,0.0,0.0,0.0
2024-07-18 10:50:00-04:00,20.21500015258789,20.21500015258789,20.209999084472656,20.209999084472656,2646,0.0,0.0,0.0
2024-07-18 10:55:00-04:00,20.209999084472656,20.209999084472656,20.2096004486084,20.2096004486084,6472,0.0,0.0,0.0
2024-07-18 11:05:00-04:00,20.204999923706055,20.204999923706055,20.204999923706055,20.204999923706055,500,0.0,0.0,0.0
2024-07-18 11:10:00-04:00,20.200000762939453,20.200000762939453,20.200000762939453,20.200000762939453,873,0.0,0.0,0.0
2024-07-18 11:15:00-04:00,20.208999633789062,20.208999633789062,20.202499389648438,20.202499389648438,459,0.0,0.0,0.0
2024-07-18 11:20:00-04:00,20.201900482177734,20.208999633789062,20.201900482177734,20.208999633789062,2444,0.0,0.0,0.0
2024-07-18 11:25:00-04:00,20.20170021057129,20.204999923706055,20.200000762939453,20.204999923706055,42255,0.0,0.0,0.0
2024-07-18 11:30:00-04:00,20.200000762939453,20.204999923706055,20.200000762939453,20.201499938964844,4765,0.0,0.0,0.0
2024-07-18 11:35:00-04:00,20.204999923706055,20.208999633789062,20.204999923706055,20.204999923706055,9343,0.0,0.0,0.0
2024-07-18 11:40:00-04:00,20.204999923706055,20.204999923706055,20.200000762939453,20.200000762939453,1660,0.0,0.0,0.0
2024-07-18 11:45:00-04:00,20.200199127197266,20.200199127197266,20.200000762939453,20.200000762939453,5305,0.0,0.0,0.0
2024-07-18 11:50:00-04:00,20.200000762939453,20.204999923706055,20.200000762939453,20.200000762939453,159,0.0,0.0,0.0
2024-07-18 11:55:00-04:00,20.200000762939453,20.204999923706055,20.19499969482422,20.19499969482422,7835,0.0,0.0,0.0
2024-07-18 12:00:00-04:00,20.19700050354004,20.19700050354004,20.190099716186523,20.19499969482422,5196,0.0,0.0,0.0
2024-07-18 12:05:00-04:00,20.191699981689453,20.200000762939453,20.191699981689453,20.200000762939453,732,0.0,0.0,0.0
2024-07-18 12:10:00-04:00,20.190000534057617,20.190000534057617,20.190000534057617,20.190000534057617,1430,0.0,0.0,0.0
2024-07-18 12:15:00-04:00,20.198999404907227,20.198999404907227,20.191299438476562,20.198999404907227,1136,0.0,0.0,0.0
2024-07-18 12:20:00-04:00,20.199899673461914,20.199899673461914,20.19499969482422,20.199800491333008,1280,0.0,0.0,0.0
2024-07-18 12:25:00-04:00,20.19499969482422,20.199399948120117,20.19499969482422,20.19499969482422,31595,0.0,0.0,0.0
2024-07-18 12:30:00-04:00,20.19499969482422,20.19499969482422,20.190000534057617,20.190000534057617,1002,0.0,0.0,0.0
2024-07-18 12:35:00-04:00,20.190000534057617,20.200000762939453,20.190000534057617,20.19219970703125,1715,0.0,0.0,0.0
2024-07-18 12:40:00-04:00,20.190000534057617,20.19499969482422,20.190000534057617,20.190000534057617,478,0.0,0.0,0.0
2024-07-18 12:45:00-04:00,20.190000534057617,20.19499969482422,20.190000534057617,20.19499969482422,8222,0.0,0.0,0.0
2024-07-18 12:50:00-04:00,20.190000534057617,20.19499969482422,20.190000534057617,20.19499969482422,0,0.0,0.0,0.0
2024-07-18 12:55:00-04:00,20.197500228881836,20.197500228881836,20.190000534057617,20.19499969482422,1826,0.0,0.0,0.0
2024-07-18 13:00:00-04:00,20.19499969482422,20.19499969482422,20.19499969482422,20.19499969482422,160,0.0,0.0,0.0
2024-07-18 13:05:00-04:00,20.193500518798828,20.199899673461914,20.190000534057617,20.190000534057617,4763,0.0,0.0,0.0
2024-07-18 13:10:00-04:00,20.194000244140625,20.198400497436523,20.194000244140625,20.198400497436523,1982,0.0,0.0,0.0
2024-07-18 13:15:00-04:00,20.19499969482422,20.19499969482422,20.19260025024414,20.19260025024414,2154,0.0,0.0,0.0
2024-07-18 13:20:00-04:00,20.194000244140625,20.19499969482422,20.194000244140625,20.19499969482422,263,0.0,0.0,0.0
2024-07-18 13:25:00-04:00,20.190000534057617,20.190099716186523,20.190000534057617,20.190099716186523,613,0.0,0.0,0.0
2024-07-18 13:30:00-04:00,20.19849967956543,20.19860076904297,20.19379997253418,20.19860076904297,3085,0.0,0.0,0.0
2024-07-18 13:35:00-04:00,20.196300506591797,20.196300506591797,20.19499969482422,20.19499969482422,3456,0.0,0.0,0.0
2024-07-18 13:40:00-04:00,20.197399139404297,20.198999404907227,20.19499969482422,20.198999404907227,2357,0.0,0.0,0.0
2024-07-18 13:45:00-04:00,20.198999404907227,20.199600219726562,20.190000534057617,20.19499969482422,3216,0.0,0.0,0.0
2024-07-18 13:55:00-04:00,20.190099716186523,20.198999404907227,20.190000534057617,20.190000534057617,4164,0.0,0.0,0.0
2024-07-18 14:00:00-04:00,20.198999404907227,20.199899673461914,20.19499969482422,20.195100784301758,3432,0.0,0.0,0.0
2024-07-18 14:05:00-04:00,20.198999404907227,20.198999404907227,20.19499969482422,20.19499969482422,851,0.0,0.0,0.0
2024-07-18 14:10:00-04:00,20.19499969482422,20.19499969482422,20.19499969482422,20.19499969482422,316,0.0,0.0,0.0
2024-07-18 14:15:00-04:00,20.190000534057617,20.19499969482422,20.190000534057617,20.19499969482422,771,0.0,0.0,0.0
2024-07-18 14:20:00-04:00,20.190000534057617,20.19499969482422,20.190000534057617,20.1914005279541,351,0.0,0.0,0.0
2024-07-18 14:25:00-04:00,20.19499969482422,20.200000762939453,20.19499969482422,20.19499969482422,2036,0.0,0.0,0.0
2024-07-18 14:30:00-04:00,20.19499969482422,20.19499969482422,20.190000534057617,20.190000534057617,6675,0.0,0.0,0.0
2024-07-18 14:35:00-04:00,20.19499969482422,20.197500228881836,20.19499969482422,20.197500228881836,974,0.0,0.0,0.0
2024-07-18 14:40:00-04:00,20.19499969482422,20.19499969482422,20.19499969482422,20.19499969482422,1332,0.0,0.0,0.0
2024-07-18 14:45:00-04:00,20.190099716186523,20.19499969482422,20.190099716186523,20.19499969482422,955,0.0,0.0,0.0
2024-07-18 14:50:00-04:00,20.19499969482422,20.19499969482422,20.190000534057617,20.19499969482422,2484,0.0,0.0,0.0
2024-07-18 14:55:00-04:00,20.200000762939453,20.200000762939453,20.191099166870117,20.191099166870117,842,0.0,0.0,0.0
2024-07-18 15:00:00-04:00,20.190000534057617,20.200000762939453,20.190000534057617,20.190000534057617,11092,0.0,0.0,0.0
2024-07-18 15:05:00-04:00,20.184999465942383,20.189899444580078,20.181499481201172,20.184999465942383,7602,0.0,0.0,0.0
2024-07-18 15:10:00-04:00,20.184999465942383,20.190000534057617,20.184999465942383,20.184999465942383,4827,0.0,0.0,0.0
2024-07-18 15:15:00-04:00,20.184999465942383,20.184999465942383,20.184999465942383,20.184999465942383,694,0.0,0.0,0.0
2024-07-18 15:20:00-04:00,20.181299209594727,20.184999465942383,20.181299209594727,20.184999465942383,1667,0.0,0.0,0.0
2024-07-18 15:25:00-04:00,20.183700561523438,20.184999465942383,20.18000030517578,20.184999465942383,8777,0.0,0.0,0.0
2024-07-18 15:30:00-04:00,20.184999465942383,20.188199996948242,20.18000030517578,20.184999465942383,2909,0.0,0.0,0.0
2024-07-18 15:35:00-04:00,20.184999465942383,20.184999465942383,20.184999465942383,20.184999465942383,722,0.0,0.0,0.0
2024-07-18 15:40:00-04:00,20.184999465942383,20.190000534057617,20.181400299072266,20.190000534057617,1758,0.0,0.0,0.0
2024-07-18 15:45:00-04:00,20.190000534057617,20.190000534057617,20.18000030517578,20.184999465942383,1707,0.0,0.0,0.0
2024-07-18 15:50:00-04:00,20.181499481201172,20.184999465942383,20.18000030517578,20.184999465942383,8801,0.0,0.0,0.0
2024-07-18 15:55:00-04:00,20.184999465942383,20.188600540161133,20.184999465942383,20.184999465942383,9370,0.0,0.0,0.0
2024-07-19 09:30:00-04:00,20.190000534057617,20.259899139404297,20.190000534057617,20.259899139404297,1549,0.0,0.0,0.0
2024-07-19 09:35:00-04:00,20.159900665283203,20.159900665283203,20.149999618530273,20.149999618530273,990,0.0,0.0,0.0
2024-07-19 09:40:00-04:00,20.15999984741211,20.15999984741211,20.158700942993164,20.158700942993164,6020,0.0,0.0,0.0
2024-07-19 09:50:00-04:00,20.155000686645508,20.155000686645508,20.155000686645508,20.155000686645508,384,0.0,0.0,0.0
2024-07-19 09:55:00-04:00,20.155000686645508,20.155000686645508,20.155000686645508,20.155000686645508,242,0.0,0.0,0.0
2024-07-19 10:20:00-04:00,20.151399612426758,20.151399612426758,20.151399612426758,20.151399612426758,238,0.0,0.0,0.0
2024-07-19 10:25:00-04:00,20.149999618530273,20.15999984741211,20.149999618530273,20.15519905090332,3361,0.0,0.0,0.0
2024-07-19 10:35:00-04:00,20.157499313354492,20.157499313354492,20.157499313354492,20.157499313354492,1984,0.0,0.0,0.0
2024-07-19 10:40:00-04:00,20.155000686645508,20.155000686645508,20.155000686645508,20.155000686645508,0,0.0,0.0,0.0
2024-07-19 11:25:00-04:00,20.15999984741211,20.15999984741211,20.15999984741211,20.15999984741211,189,0.0,0.0,0.0
2024-07-19 11:30:00-04:00,20.155000686645508,20.155000686645508,20.155000686645508,20.155000686645508,2106,0.0,0.0,0.0
2024-07-19 11:45:00-04:00,20.155000686645508,20.155000686645508,20.155000686645508,20.155000686645508,874,0.0,0.0,0.0
2024-07-19 11:50:00-04:00,20.153099060058594,20.155000686645508,20.153099060058594,20.153099060058594,1448,0.0,0.0,0.0
2024-07-19 12:00:00-04:00,20.157499313354492,20.157499313354492,20.149999618530273,20.149999618530273,3397,0.0,0.0,0.0
2024-07-19 12:05:00-04:00,20.157400131225586,20.157899856567383,20.157400131225586,20.157899856567383,1542,0.0,0.0,0.0
2024-07-19 12:15:00-04:00,20.158000946044922,20.158000946044922,20.158000946044922,20.158000946044922,502,0.0,0.0,0.0
2024-07-19 12:30:00-04:00,20.159900665283203,20.159900665283203,20.155000686645508,20.155000686645508,1164,0.0,0.0,0.0
2024-07-19 12:35:00-04:00,20.150100708007812,20.158199310302734,20.149999618530273,20.155000686645508,12501,0.0,0.0,0.0
2024-07-19 12:40:00-04:00,20.153499603271484,20.153499603271484,20.153499603271484,20.153499603271484,2700,0.0,0.0,0.0
2024-07-19 12:45:00-04:00,20.149999618530273,20.155000686645508,20.149999618530273,20.155000686645508,21475,0.0,0.0,0.0
2024-07-19 12:50:00-04:00,20.155000686645508,20.155000686645508,20.152099609375,20.152099609375,2178,0.0,0.0,0.0
2024-07-19 13:05:00-04:00,20.15999984741211,20.15999984741211,20.15999984741211,20.15999984741211,5050,0.0,0.0,0.0
2024-07-19 13:10:00-04:00,20.155000686645508,20.155000686645508,20.155000686645508,20.155000686645508,0,0.0,0.0,0.0
2024-07-19 13:15:00-04:00,20.15999984741211,20.15999984741211,20.157499313354492,20.157499313354492,22511,0.0,0.0,0.0
2024-07-19 13:25:00-04:00,20.155000686645508,20.155000686645508,20.155000686645508,20.155000686645508,0,0.0,0.0,0.0
2024-07-19 13:35:00-04:00,20.15019989013672,20.155000686645508,20.15019989013672,20.155000686645508,1809,0.0,0.0,0.0
2024-07-19 13:50:00-04:00,20.151399612426758,20.151399612426758,20.151399612426758,20.151399612426758,419,0.0,0.0,0.0
2024-07-19 13:55:00-04:00,20.155000686645508,20.155000686645508,20.150100708007812,20.150100708007812,1347,0.0,0.0,0.0
2024-07-19 14:00:00-04:00,20.159799575805664,20.159799575805664,20.149999618530273,20.149999618530273,339,0.0,0.0,0.0
2024-07-19 14:10:00-04:00,20.155000686645508,20.15999984741211,20.155000686645508,20.15999984741211,2026,0.0,0.0,0.0
2024-07-19 14:15:00-04:00,20.155000686645508,20.155000686645508,20.15130043029785,20.15130043029785,2974,0.0,0.0,0.0
2024-07-19 14:20:00-04:00,20.155000686645508,20.155000686645508,20.149999618530273,20.149999618530273,4197,0.0,0.0,0.0
2024-07-19 14:30:00-04:00,20.149999618530273,20.149999618530273,20.149999618530273,20.149999618530273,317,0.0,0.0,0.0
2024-07-19 14:40:00-04:00,20.155000686645508,20.155000686645508,20.155000686645508,20.155000686645508,178,0.0,0.0,0.0
2024-07-19 14:50:00-04:00,20.155000686645508,20.159900665283203,20.155000686645508,20.155000686645508,6529,0.0,0.0,0.0
2024-07-19 14:55:00-04:00,20.159900665283203,20.159900665283203,20.155000686645508,20.155000686645508,838,0.0,0.0,0.0
2024-07-19 15:00:00-04:00,20.155000686645508,20.155000686645508,20.155000686645508,20.155000686645508,197,0.0,0.0,0.0
2024-07-19 15:05:00-04:00,20.155000686645508,20.155000686645508,20.145000457763672,20.145000457763672,7251,0.0,0.0,0.0
2024-07-19 15:10:00-04:00,20.146400451660156,20.146400451660156,20.146400451660156,20.146400451660156,1504,0.0,0.0,0.0
2024-07-19 15:15:00-04:00,20.140100479125977,20.149799346923828,20.140100479125977,20.149799346923828,688,0.0,0.0,0.0
2024-07-19 15:20:00-04:00,20.149999618530273,20.149999618530273,20.14310073852539,20.14310073852539,5112,0.0,0.0,0.0
2024-07-19 15:35:00-04:00,20.146099090576172,20.149999618530273,20.143999099731445,20.149999618530273,3219,0.0,0.0,0.0
2024-07-19 15:40:00-04:00,20.14900016784668,20.149999618530273,20.139999389648438,20.145000457763672,8153,0.0,0.0,0.0
2024-07-19 15:45:00-04:00,20.149999618530273,20.149999618530273,20.143199920654297,20.149999618530273,4538,0.0,0.0,0.0
2024-07-19 15:50:00-04:00,20.14900016784668,20.14900016784668,20.14900016784668,20.14900016784668,2749,0.0,0.0,0.0
2024-07-19 15:55:00-04:00,20.149900436401367,20.149900436401367,20.14189910888672,20.14900016784668,13769,0.0,0.0,0.0
2024-07-22 09:30:00-04:00,20.100000381469727,20.100000381469727,20.079999923706055,20.079999923706055,45676,0.0,0.0,0.0
2024-07-22 09:35:00-04:00,20.079999923706055,20.084999084472656,20.079999923706055,20.084999084472656,893,0.0,0.0,0.0
2024-07-22 09:40:00-04:00,20.079999923706055,20.084999084472656,20.079999923706055,20.084999084472656,3209,0.0,0.0,0.0
2024-07-22 09:45:00-04:00,20.084999084472656,20.084999084472656,20.084999084472656,20.084999084472656,1290,0.0,0.0,0.0
2024-07-22 09:55:00-04:00,20.079999923706055,20.08009910583496,20.079999923706055,20.08009910583496,1573,0.0,0.0,0.0
2024-07-22 10:15:00-04:00,20.081100463867188,20.081100463867188,20.081100463867188,20.081100463867188,237,0.0,0.0,0.0
2024-07-22 10:20:00-04:00,20.089599609375,20.089599609375,20.089599609375,20.089599609375,328,0.0,0.0,0.0
2024-07-22 10:30:00-04:00,20.08970069885254,20.08970069885254,20.084999084472656,20.084999084472656,3694,0.0,0.0,0.0
2024-07-22 10:35:00-04:00,20.09000015258789,20.09000015258789,20.09000015258789,20.09000015258789,57,0.0,0.0,0.0
2024-07-22 10:40:00-04:00,20.079999923706055,20.08009910583496,20.079999923706055,20.08009910583496,2858,0.0,0.0,0.0
2024-07-22 10:50:00-04:00,20.08970069885254,20.08970069885254,20.084999084472656,20.084999084472656,1677,0.0,0.0,0.0
2024-07-22 10:55:00-04:00,20.084999084472656,20.084999084472656,20.084999084472656,20.084999084472656,1831,0.0,0.0,0.0
2024-07-22 11:00:00-04:00,20.079999923706055,20.09000015258789,20.079999923706055,20.089000701904297,1033,0.0,0.0,0.0
2024-07-22 11:05:00-04:00,20.079999923706055,20.09000015258789,20.079999923706055,20.084999084472656,2897,0.0,0.0,0.0
2024-07-22 11:10:00-04:00,20.084999084472656,20.084999084472656,20.084999084472656,20.084999084472656,1215,0.0,0.0,0.0
2024-07-22 11:15:00-04:00,20.084999084472656,20.084999084472656,20.079999923706055,20.079999923706055,10039,0.0,0.0,0.0
2024-07-22 11:20:00-04:00,20.079999923706055,20.079999923706055,20.079299926757812,20.079299926757812,2443,0.0,0.0,0.0
2024-07-22 11:25:00-04:00,20.075000762939453,20.075000762939453,20.06999969482422,20.06999969482422,240,0.0,0.0,0.0
2024-07-22 11:30:00-04:00,20.075000762939453,20.075000762939453,20.06999969482422,20.075000762939453,4655,0.0,0.0,0.0
2024-07-22 11:35:00-04:00,20.079999923706055,20.079999923706055,20.07029914855957,20.075000762939453,8268,0.0,0.0,0.0
2024-07-22 11:40:00-04:00,20.06999969482422,20.06999969482422,20.065000534057617,20.065000534057617,1411,0.0,0.0,0.0
2024-07-22 11:45:00-04:00,20.059999465942383,20.065000534057617,20.059999465942383,20.065000534057617,3399,0.0,0.0,0.0
2024-07-22 11:50:00-04:00,20.065000534057617,20.065000534057617,20.059999465942383,20.061100006103516,1975,0.0,0.0,0.0
2024-07-22 12:00:00-04:00,20.06170082092285,20.065000534057617,20.059999465942383,20.059999465942383,4019,0.0,0.0,0.0
2024-07-22 12:05:00-04:00,20.065000534057617,20.066699981689453,20.059999465942383,20.065000534057617,1867,0.0,0.0,0.0
2024-07-22 12:10:00-04:00,20.065000534057617,20.065000534057617,20.065000534057617,20.065000534057617,560,0.0,0.0,0.0
2024-07-22 12:15:00-04:00,20.065200805664062,20.065200805664062,20.063899993896484,20.063899993896484,365,0.0,0.0,0.0
2024-07-22 12:20:00-04:00,20.065000534057617,20.069799423217773,20.059999465942383,20.059999465942383,4036,0.0,0.0,0.0
2024-07-22 12:25:00-04:00,20.059999465942383,20.065000534057617,20.059999465942383,20.065000534057617,7748,0.0,0.0,0.0
2024-07-22 12:30:00-04:00,20.06130027770996,20.065000534057617,20.06130027770996,20.065000534057617,244,0.0,0.0,0.0
2024-07-22 12:35:00-04:00,20.069000244140625,20.06999969482422,20.065000534057617,20.065000534057617,2650,0.0,0.0,0.0
2024-07-22 12:40:00-04:00,20.065000534057617,20.065000534057617,20.065000534057617,20.065000534057617,1150,0.0,0.0,0.0
2024-07-22 12:45:00-04:00,20.065000534057617,20.068500518798828,20.059999465942383,20.065000534057617,2847,0.0,0.0,0.0
2024-07-22 12:50:00-04:00,20.065000534057617,20.069900512695312,20.065000534057617,20.06839942932129,7368,0.0,0.0,0.0
2024-07-22 12:55:00-04:00,20.069900512695312,20.069900512695312,20.069900512695312,20.069900512695312,0,0.0,0.0,0.0
2024-07-22 13:00:00-04:00,20.065000534057617,20.065000534057617,20.065000534057617,20.065000534057617,664,0.0,0.0,0.0
2024-07-22 13:05:00-04:00,20.06999969482422,20.06999969482422,20.065000534057617,20.065000534057617,3720,0.0,0.0,0.0
2024-07-22 13:10:00-04:00,20.06999969482422,20.06999969482422,20.06999969482422,20.06999969482422,390,0.0,0.0,0.0
2024-07-22 13:15:00-04:00,20.06999969482422,20.06999969482422,20.06999969482422,20.06999969482422,381,0.0,0.0,0.0
2024-07-22 13:20:00-04:00,20.069700241088867,20.06999969482422,20.069000244140625,20.06999969482422,5604,0.0,0.0,0.0
2024-07-22 13:30:00-04:00,20.06999969482422,20.06999969482422,20.06999969482422,20.06999969482422,276,0.0,0.0,0.0
2024-07-22 13:40:00-04:00,20.059999465942383,20.06999969482422,20.059999465942383,20.069000244140625,2200,0.0,0.0,0.0
2024-07-22 13:45:00-04:00,20.06999969482422,20.06999969482422,20.061500549316406,20.06999969482422,23962,0.0,0.0,0.0
2024-07-22 13:50:00-04:00,20.059999465942383,20.059999465942383,20.059999465942383,20.059999465942383,2548,0.0,0.0,0.0
2024-07-22 13:55:00-04:00,20.060100555419922,20.069900512695312,20.060100555419922,20.069900512695312,4298,0.0,0.0,0.0
2024-07-22 14:00:00-04:00,20.06999969482422,20.06999969482422,20.06999969482422,20.06999969482422,0,0.0,0.0,0.0
2024-07-22 14:05:00-04:00,20.065000534057617,20.06999969482422,20.065000534057617,20.06999969482422,488,0.0,0.0,0.0
2024-07-22 14:10:00-04:00,20.065000534057617,20.065000534057617,20.059999465942383,20.059999465942383,13673,0.0,0.0,0.0
2024-07-22 14:15:00-04:00,20.069000244140625,20.06999969482422,20.069000244140625,20.06999969482422,940,0.0,0.0,0.0
2024-07-22 14:20:00-04:00,20.06999969482422,20.06999969482422,20.06999969482422,20.06999969482422,409,0.0,0.0,0.0
2024-07-22 14:25:00-04:00,20.069700241088867,20.069700241088867,20.060100555419922,20.060100555419922,2784,0.0,0.0,0.0
2024-07-22 14:30:00-04:00,20.06999969482422,20.06999969482422,20.059999465942383,20.06529998779297,5858,0.0,0.0,0.0
2024-07-22 14:35:00-04:00,20.063400268554688,20.06999969482422,20.063400268554688,20.06999969482422,3490,0.0,0.0,0.0
2024-07-22 14:40:00-04:00,20.06999969482422,20.06999969482422,20.059999465942383,20.059999465942383,4741,0.0,0.0,0.0
2024-07-22 14:45:00-04:00,20.059999465942383,20.069799423217773,20.059999465942383,20.069799423217773,1280,0.0,0.0,0.0
2024-07-22 14:50:00-04:00,20.06999969482422,20.075000762939453,20.059999465942383,20.075000762939453,4901,0.0,0.0,0.0
2024-07-22 14:55:00-04:00,20.075000762939453,20.075000762939453,20.075000762939453,20.075000762939453,108,0.0,0.0,0.0
2024-07-22 15:00:00-04:00,20.078800201416016,20.078800201416016,20.06999969482422,20.075000762939453,5097,0.0,0.0,0.0
2024-07-22 15:05:00-04:00,20.075000762939453,20.075000762939453,20.075000762939453,20.075000762939453,481,0.0,0.0,0.0
2024-07-22 15:10:00-04:00,20.075000762939453,20.075000762939453,20.070100784301758,20.070100784301758,1723,0.0,0.0,0.0
2024-07-22 15:15:00-04:00,20.075000762939453,20.07699966430664,20.071500778198242,20.07699966430664,3275,0.0,0.0,0.0
2024-07-22 15:20:00-04:00,20.076099395751953,20.079999923706055,20.075000762939453,20.079999923706055,1743,0.0,0.0,0.0
2024-07-22 15:25:00-04:00,20.075000762939453,20.075000762939453,20.075000762939453,20.075000762939453,400,0.0,0.0,0.0
2024-07-22 15:30:00-04:00,20.071300506591797,20.07990074157715,20.06999969482422,20.079700469970703,2018,0.0,0.0,0.0
2024-07-22 15:35:00-04:00,20.075000762939453,20.079999923706055,20.070100784301758,20.079700469970703,9227,0.0,0.0,0.0
2024-07-22 15:40:00-04:00,20.075000762939453,20.075000762939453,20.070899963378906,20.071399688720703,0,0.0,0.0,0.0
2024-07-22 15:45:00-04:00,20.075000762939453,20.075000762939453,20.070100784301758,20.075000762939453,2842,0.0,0.0,0.0
2024-07-22 15:50:00-04:00,20.06999969482422,20.079999923706055,20.06999969482422,20.075000762939453,6380,0.0,0.0,0.0
2024-07-22 15:55:00-04:00,20.06999969482422,20.079999923706055,20.06999969482422,20.079999923706055,35855,0.0,0.0,0.0
2024-07-23 09:30:00-04:00,20.09000015258789,20.09000015258789,20.06999969482422,20.06999969482422,0,0.0,0.0,0.0
2024-07-23 09:35:00-04:00,20.079999923706055,20.079999923706055,20.06999969482422,20.06999969482422,796,0.0,0.0,0.0
2024-07-23 09:40:00-04:00,20.075000762939453,20.079999923706055,20.075000762939453,20.079999923706055,4046,0.0,0.0,0.0
2024-07-23 09:45:00-04:00,20.079999923706055,20.100000381469727,20.079999923706055,20.091999053955078,9080,0.0,0.0,0.0
2024-07-23 09:50:00-04:00,20.09000015258789,20.09000015258789,20.079999923706055,20.079999923706055,231,0.0,0.0,0.0
2024-07-23 09:55:00-04:00,20.079999923706055,20.079999923706055,20.079999923706055,20.079999923706055,319,0.0,0.0,0.0
2024-07-23 10:00:00-04:00,20.09000015258789,20.094999313354492,20.09000015258789,20.094999313354492,17,0.0,0.0,0.0
2024-07-23 10:05:00-04:00,20.089000701904297,20.089000701904297,20.082599639892578,20.082599639892578,308,0.0,0.0,0.0
2024-07-23 10:10:00-04:00,20.09000015258789,20.09000015258789,20.09000015258789,20.09000015258789,300,0.0,0.0,0.0
2024-07-23 10:15:00-04:00,20.09000015258789,20.09000015258789,20.09000015258789,20.09000015258789,213,0.0,0.0,0.0
2024-07-23 10:25:00-04:00,20.09819984436035,20.09819984436035,20.093399047851562,20.093399047851562,976,0.0,0.0,0.0
2024-07-23 10:30:00-04:00,20.09469985961914,20.09469985961914,20.09000015258789,20.09000015258789,6624,0.0,0.0,0.0
2024-07-23 10:35:00-04:00,20.097299575805664,20.099899291992188,20.090099334716797,20.096599578857422,4326,0.0,0.0,0.0
2024-07-23 10:40:00-04:00,20.091299057006836,20.091299057006836,20.091299057006836,20.091299057006836,391,0.0,0.0,0.0
2024-07-23 10:45:00-04:00,20.09000015258789,20.09000015258789,20.09000015258789,20.09000015258789,1459,0.0,0.0,0.0
2024-07-23 10:50:00-04:00,20.090099334716797,20.094999313354492,20.090099334716797,20.094999313354492,1265,0.0,0.0,0.0
2024-07-23 10:55:00-04:00,20.09000015258789,20.09000015258789,20.082500457763672,20.084299087524414,3922,0.0,0.0,0.0
2024-07-23 11:00:00-04:00,20.089000701904297,20.089000701904297,20.086299896240234,20.086299896240234,2505,0.0,0.0,0.0
2024-07-23 11:05:00-04:00,20.08009910583496,20.084999084472656,20.08009910583496,20.084999084472656,521,0.0,0.0,0.0
2024-07-23 11:10:00-04:00,20.079999923706055,20.09000015258789,20.079999923706055,20.09000015258789,1861,0.0,0.0,0.0
2024-07-23 11:15:00-04:00,20.084999084472656,20.09000015258789,20.079999923706055,20.084999084472656,5378,0.0,0.0,0.0
2024-07-23 11:25:00-04:00,20.084999084472656,20.084999084472656,20.079999923706055,20.079999923706055,3479,0.0,0.0,0.0
2024-07-23 11:30:00-04:00,20.079999923706055,20.08989906311035,20.079999923706055,20.084999084472656,4371,0.0,0.0,0.0
2024-07-23 11:35:00-04:00,20.09000015258789,20.09000015258789,20.079999923706055,20.09000015258789,7518,0.0,0.0,0.0
2024-07-23 11:40:00-04:00,20.09000015258789,20.09830093383789,20.079999923706055,20.094999313354492,8015,0.0,0.0,0.0
2024-07-23 11:45:00-04:00,20.09000015258789,20.099899291992188,20.09000015258789,20.09149932861328,5698,0.0,0.0,0.0
2024-07-23 11:50:00-04:00,20.098800659179688,20.09950065612793,20.09000015258789,20.09000015258789,5074,0.0,0.0,0.0
2024-07-23 11:55:00-04:00,20.09000015258789,20.100000381469727,20.09000015258789,20.09000015258789,1729,0.0,0.0,0.0
2024-07-23 12:00:00-04:00,20.098600387573242,20.098600387573242,20.098600387573242,20.098600387573242,3270,0.0,0.0,0.0
2024-07-23 12:05:00-04:00,20.099700927734375,20.099700927734375,20.09000015258789,20.094999313354492,3103,0.0,0.0,0.0
2024-07-23 12:10:00-04:00,20.09670066833496,20.099899291992188,20.094999313354492,20.099899291992188,757,0.0,0.0,0.0
2024-07-23 12:15:00-04:00,20.091299057006836,20.100000381469727,20.091299057006836,20.100000381469727,11629,0.0,0.0,0.0
2024-07-23 12:20:00-04:00,20.09950065612793,20.099899291992188,20.09000015258789,20.09000015258789,0,0.0,0.0,0.0
2024-07-23 12:25:00-04:00,20.094999313354492,20.099899291992188,20.093700408935547,20.099899291992188,5470,0.0,0.0,0.0
2024-07-23 12:30:00-04:00,20.090900421142578,20.09950065612793,20.09000015258789,20.094999313354492,12946,0.0,0.0,0.0
2024-07-23 12:35:00-04:00,20.094999313354492,20.094999313354492,20.094999313354492,20.094999313354492,520,0.0,0.0,0.0
2024-07-23 12:40:00-04:00,20.094999313354492,20.09830093383789,20.094999313354492,20.09830093383789,6123,0.0,0.0,0.0
2024-07-23 12:45:00-04:00,20.094999313354492,20.09980010986328,20.090099334716797,20.09980010986328,18769,0.0,0.0,0.0
2024-07-23 12:50:00-04:00,20.094999313354492,20.098400115966797,20.094999313354492,20.098400115966797,2052,0.0,0.0,0.0
2024-07-23 12:55:00-04:00,20.094999313354492,20.09950065612793,20.09000015258789,20.094999313354492,12227,0.0,0.0,0.0
2024-07-23 13:00:00-04:00,20.09910011291504,20.100000381469727,20.09910011291504,20.100000381469727,2502,0.0,0.0,0.0
2024-07-23 13:05:00-04:00,20.094999313354492,20.094999313354492,20.094999313354492,20.094999313354492,3039,0.0,0.0,0.0
2024-07-23 13:10:00-04:00,20.09980010986328,20.09980010986328,20.090599060058594,20.094999313354492,1907,0.0,0.0,0.0
2024-07-23 13:15:00-04:00,20.09000015258789,20.100000381469727,20.09000015258789,20.100000381469727,2031,0.0,0.0,0.0
2024-07-23 13:20:00-04:00,20.094999313354492,20.100000381469727,20.094999313354492,20.100000381469727,872,0.0,0.0,0.0
2024-07-23 13:25:00-04:00,20.09980010986328,20.09980010986328,20.097700119018555,20.097700119018555,1612,0.0,0.0,0.0
2024-07-23 13:30:00-04:00,20.094999313354492,20.099899291992188,20.094999313354492,20.099899291992188,1241,0.0,0.0,0.0
2024-07-23 13:35:00-04:00,20.094999313354492,20.094999313354492,20.09000015258789,20.09269905090332,5848,0.0,0.0,0.0
2024-07-23 13:40:00-04:00,20.094999313354492,20.094999313354492,20.09000015258789,20.090200424194336,1616,0.0,0.0,0.0
2024-07-23 13:45:00-04:00,20.094999313354492,20.094999313354492,20.094999313354492,20.094999313354492,148,0.0,0.0,0.0
2024-07-23 13:50:00-04:00,20.094999313354492,20.094999313354492,20.094999313354492,20.094999313354492,300,0.0,0.0,0.0
2024-07-23 13:55:00-04:00,20.094999313354492,20.096099853515625,20.094999313354492,20.094999313354492,726,0.0,0.0,0.0
2024-07-23 14:00:00-04:00,20.09000015258789,20.094999313354492,20.09000015258789,20.094999313354492,2030,0.0,0.0,0.0
2024-07-23 14:05:00-04:00,20.096099853515625,20.096099853515625,20.09000015258789,20.09000015258789,2113,0.0,0.0,0.0
2024-07-23 14:10:00-04:00,20.09000015258789,20.094999313354492,20.083099365234375,20.083099365234375,1324,0.0,0.0,0.0
2024-07-23 14:20:00-04:00,20.079999923706055,20.09000015258789,20.079999923706055,20.086299896240234,16281,0.0,0.0,0.0
2024-07-23 14:25:00-04:00,20.087600708007812,20.087600708007812,20.087600708007812,20.087600708007812,785,0.0,0.0,0.0
2024-07-23 14:30:00-04:00,20.08880043029785,20.08880043029785,20.079999923706055,20.079999923706055,2741,0.0,0.0,0.0
2024-07-23 14:35:00-04:00,20.079999923706055,20.08989906311035,20.079999923706055,20.084999084472656,10545,0.0,0.0,0.0
2024-07-23 14:40:00-04:00,20.088699340820312,20.089500427246094,20.08639907836914,20.08639907836914,5013,0.0,0.0,0.0
2024-07-23 14:45:00-04:00,20.079999923706055,20.08609962463379,20.079999923706055,20.08609962463379,2108,0.0,0.0,0.0
2024-07-23 14:50:00-04:00,20.079999923706055,20.09000015258789,20.079999923706055,20.09000015258789,5563,0.0,0.0,0.0
2024-07-23 14:55:00-04:00,20.09000015258789,20.09000015258789,20.09000015258789,20.09000015258789,0,0.0,0.0,0.0
2024-07-23 15:00:00-04:00,20.09000015258789,20.09000015258789,20.09000015258789,20.09000015258789,418,0.0,0.0,0.0
2024-07-23 15:05:00-04:00,20.079999923706055,20.09000015258789,20.079999923706055,20.09000015258789,3490,0.0,0.0,0.0
2024-07-23 15:10:00-04:00,20.079999923706055,20.09000015258789,20.079999923706055,20.09000015258789,420,0.0,0.0,0.0
2024-07-23 15:15:00-04:00,20.079999923706055,20.09000015258789,20.079999923706055,20.09000015258789,3321,0.0,0.0,0.0
2024-07-23 15:20:00-04:00,20.082000732421875,20.09000015258789,20.082000732421875,20.08970069885254,3440,0.0,0.0,0.0
2024-07-23 15:25:00-04:00,20.08639907836914,20.09000015258789,20.0851993560791,20.087499618530273,4872,0.0,0.0,0.0
2024-07-23 15:30:00-04:00,20.079999923706055,20.084999084472656,20.079999923706055,20.084999084472656,934,0.0,0.0,0.0
2024-07-23 15:35:00-04:00,20.0851993560791,20.09000015258789,20.084999084472656,20.084999084472656,2312,0.0,0.0,0.0
2024-07-23 15:40:00-04:00,20.08009910583496,20.09000015258789,20.08009910583496,20.084999084472656,4530,0.0,0.0,0.0
2024-07-23 15:45:00-04:00,20.079999923706055,20.086000442504883,20.079999923706055,20.084999084472656,1778,0.0,0.0,0.0
2024-07-23 15:50:00-04:00,20.084999084472656,20.09000015258789,20.08009910583496,20.09000015258789,1723,0.0,0.0,0.0
2024-07-23 15:55:00-04:00,20.084999084472656,20.089500427246094,20.081100463867188,20.084999084472656,9213,0.0,0.0,0.0
2024-07-24 09:30:00-04:00,20.110000610351562,20.1299991607666,20.110000610351562,20.110000610351562,0,0.0,0.0,0.0
2024-07-24 09:35:00-04:00,20.100000381469727,20.110000610351562,20.100000381469727,20.110000610351562,3565,0.0,0.0,0.0
2024-07-24 09:40:00-04:00,20.110000610351562,20.110000610351562,20.100000381469727,20.100000381469727,797,0.0,0.0,0.0
2024-07-24 09:45:00-04:00,20.102500915527344,20.104999542236328,20.102500915527344,20.104999542236328,1274,0.0,0.0,0.0
2024-07-24 09:50:00-04:00,20.104999542236328,20.104999542236328,20.098800659179688,20.098800659179688,2706,0.0,0.0,0.0
2024-07-24 09:55:00-04:00,20.094999313354492,20.095399856567383,20.094999313354492,20.095399856567383,700,0.0,0.0,0.0
2024-07-24 10:00:00-04:00,20.094999313354492,20.094999313354492,20.094999313354492,20.094999313354492,648,0.0,0.0,0.0
2024-07-24 10:05:00-04:00,20.09000015258789,20.104999542236328,20.09000015258789,20.104999542236328,509,0.0,0.0,0.0
2024-07-24 10:10:00-04:00,20.109899520874023,20.109899520874023,20.100000381469727,20.104999542236328,15389,0.0,0.0,0.0
2024-07-24 10:15:00-04:00,20.100000381469727,20.104999542236328,20.100000381469727,20.104999542236328,693,0.0,0.0,0.0
2024-07-24 10:20:00-04:00,20.100000381469727,20.109699249267578,20.100000381469727,20.104999542236328,7622,0.0,0.0,0.0
2024-07-24 10:25:00-04:00,20.10409927368164,20.110000610351562,20.10409927368164,20.110000610351562,7849,0.0,0.0,0.0
2024-07-24 10:30:00-04:00,20.110000610351562,20.110000610351562,20.105199813842773,20.105199813842773,2400,0.0,0.0,0.0
2024-07-24 10:35:00-04:00,20.109699249267578,20.109699249267578,20.109699249267578,20.109699249267578,1150,0.0,0.0,0.0
2024-07-24 10:40:00-04:00,20.104999542236328,20.104999542236328,20.100000381469727,20.100000381469727,1459,0.0,0.0,0.0
2024-07-24 10:45:00-04:00,20.104999542236328,20.104999542236328,20.104999542236328,20.104999542236328,4930,0.0,0.0,0.0
2024-07-24 10:50:00-04:00,20.104999542236328,20.104999542236328,20.100099563598633,20.100099563598633,611,0.0,0.0,0.0
2024-07-24 10:55:00-04:00,20.110000610351562,20.110000610351562,20.104999542236328,20.104999542236328,2763,0.0,0.0,0.0
2024-07-24 11:00:00-04:00,20.106000900268555,20.106000900268555,20.106000900268555,20.106000900268555,2668,0.0,0.0,0.0
2024-07-24 11:05:00-04:00,20.109399795532227,20.109399795532227,20.109399795532227,20.109399795532227,2743,0.0,0.0,0.0
2024-07-24 11:10:00-04:00,20.110000610351562,20.110000610351562,20.105100631713867,20.105100631713867,4446,0.0,0.0,0.0
2024-07-24 11:15:00-04:00,20.1023006439209,20.105199813842773,20.1023006439209,20.105199813842773,1592,0.0,0.0,0.0
2024-07-24 11:20:00-04:00,20.106300354003906,20.106300354003906,20.106300354003906,20.106300354003906,492,0.0,0.0,0.0
2024-07-24 11:25:00-04:00,20.104999542236328,20.109699249267578,20.104999542236328,20.106000900268555,1425,0.0,0.0,0.0
2024-07-24 11:30:00-04:00,20.109899520874023,20.109899520874023,20.109899520874023,20.109899520874023,5762,0.0,0.0,0.0
2024-07-24 11:35:00-04:00,20.104000091552734,20.110000610351562,20.100000381469727,20.110000610351562,6857,0.0,0.0,0.0
2024-07-24 11:40:00-04:00,20.108699798583984,20.110000610351562,20.108699798583984,20.110000610351562,5402,0.0,0.0,0.0
2024-07-24 11:45:00-04:00,20.110000610351562,20.110000610351562,20.106300354003906,20.109800338745117,9576,0.0,0.0,0.0
2024-07-24 11:50:00-04:00,20.109899520874023,20.110000610351562,20.100000381469727,20.106300354003906,26788,0.0,0.0,0.0
2024-07-24 11:55:00-04:00,20.100000381469727,20.109500885009766,20.100000381469727,20.109500885009766,4006,0.0,0.0,0.0
2024-07-24 12:00:00-04:00,20.104999542236328,20.109699249267578,20.104999542236328,20.104999542236328,5907,0.0,0.0,0.0
2024-07-24 12:05:00-04:00,20.101299285888672,20.101299285888672,20.100299835205078,20.100299835205078,1485,0.0,0.0,0.0
2024-07-24 12:10:00-04:00,20.109899520874023,20.109899520874023,20.100000381469727,20.100000381469727,4081,0.0,0.0,0.0
2024-07-24 12:15:00-04:00,20.104999542236328,20.104999542236328,20.102500915527344,20.102500915527344,444,0.0,0.0,0.0
2024-07-24 12:20:00-04:00,20.104999542236328,20.104999542236328,20.100000381469727,20.100000381469727,6242,0.0,0.0,0.0
2024-07-24 12:25:00-04:00,20.104999542236328,20.104999542236328,20.100000381469727,20.100000381469727,2003,0.0,0.0,0.0
2024-07-24 12:30:00-04:00,20.093700408935547,20.100000381469727,20.09000015258789,20.0939998626709,2084,0.0,0.0,0.0
2024-07-24 12:35:00-04:00,20.095699310302734,20.095699310302734,20.095699310302734,20.095699310302734,2534,0.0,0.0,0.0
2024-07-24 12:45:00-04:00,20.100000381469727,20.100000381469727,20.100000381469727,20.100000381469727,5110,0.0,0.0,0.0
2024-07-24 12:50:00-04:00,20.09600067138672,20.09600067138672,20.09600067138672,20.09600067138672,3998,0.0,0.0,0.0
2024-07-24 13:00:00-04:00,20.090099334716797,20.100000381469727,20.09000015258789,20.100000381469727,3814,0.0,0.0,0.0
2024-07-24 13:05:00-04:00,20.094999313354492,20.097700119018555,20.094999313354492,20.09630012512207,7274,0.0,0.0,0.0
2024-07-24 13:10:00-04:00,20.09000015258789,20.094999313354492,20.09000015258789,20.090099334716797,622,0.0,0.0,0.0
2024-07-24 13:20:00-04:00,20.094999313354492,20.09709930419922,20.094999313354492,20.09709930419922,2733,0.0,0.0,0.0
2024-07-24 13:25:00-04:00,20.094999313354492,20.09980010986328,20.09000015258789,20.094999313354492,1583,0.0,0.0,0.0
2024-07-24 13:30:00-04:00,20.094999313354492,20.094999313354492,20.094999313354492,20.094999313354492,416,0.0,0.0,0.0
2024-07-24 13:35:00-04:00,20.098499298095703,20.098499298095703,20.09000015258789,20.094999313354492,5298,0.0,0.0,0.0
2024-07-24 13:40:00-04:00,20.094999313354492,20.094999313354492,20.091299057006836,20.094999313354492,1067,0.0,0.0,0.0
2024-07-24 13:45:00-04:00,20.09149932861328,20.09600067138672,20.09000015258789,20.09600067138672,2127,0.0,0.0,0.0
2024-07-24 13:50:00-04:00,20.094999313354492,20.100000381469727,20.09000015258789,20.098800659179688,7057,0.0,0.0,0.0
2024-07-24 13:55:00-04:00,20.09040069580078,20.094999313354492,20.09000015258789,20.09000015258789,0,0.0,0.0,0.0
2024-07-24 14:00:00-04:00,20.09000015258789,20.09000015258789,20.09000015258789,20.09000015258789,877,0.0,0.0,0.0
2024-07-24 14:05:00-04:00,20.08880043029785,20.089000701904297,20.079999923706055,20.089000701904297,7761,0.0,0.0,0.0
2024-07-24 14:10:00-04:00,20.09000015258789,20.09000015258789,20.08009910583496,20.084999084472656,318,0.0,0.0,0.0
2024-07-24 14:15:00-04:00,20.084999084472656,20.09000015258789,20.084999084472656,20.084999084472656,1734,0.0,0.0,0.0
2024-07-24 14:20:00-04:00,20.079999923706055,20.084999084472656,20.06999969482422,20.070100784301758,9033,0.0,0.0,0.0
2024-07-24 14:25:00-04:00,20.079999923706055,20.079999923706055,20.06999969482422,20.06999969482422,7722,0.0,0.0,0.0
2024-07-24 14:30:00-04:00,20.0762996673584,20.079999923706055,20.06999969482422,20.07990074157715,9369,0.0,0.0,0.0
2024-07-24 14:35:00-04:00,20.06999969482422,20.079999923706055,20.06999969482422,20.07979965209961,10916,0.0,0.0,0.0
2024-07-24 14:40:00-04:00,20.07659912109375,20.07659912109375,20.07659912109375,20.07659912109375,1733,0.0,0.0,0.0
2024-07-24 14:45:00-04:00,20.06999969482422,20.0762996673584,20.06999969482422,20.0762996673584,0,0.0,0.0,0.0
2024-07-24 14:50:00-04:00,20.06999969482422,20.07979965209961,20.06999969482422,20.07979965209961,250479,0.0,0.0,0.0
2024-07-24 14:55:00-04:00,20.075000762939453,20.07990074157715,20.075000762939453,20.07990074157715,6976,0.0,0.0,0.0
2024-07-24 15:00:00-04:00,20.06999969482422,20.075000762939453,20.06999969482422,20.075000762939453,2286,0.0,0.0,0.0
2024-07-24 15:05:00-04:00,20.073699951171875,20.073699951171875,20.073699951171875,20.073699951171875,1069,0.0,0.0,0.0
2024-07-24 15:10:00-04:00,20.074800491333008,20.079999923706055,20.06999969482422,20.078800201416016,6944,0.0,0.0,0.0
2024-07-24 15:15:00-04:00,20.06999969482422,20.079999923706055,20.06999969482422,20.079500198364258,10339,0.0,0.0,0.0
2024-07-24 15:20:00-04:00,20.07979965209961,20.079999923706055,20.06999969482422,20.06999969482422,4855,0.0,0.0,0.0
2024-07-24 15:25:00-04:00,20.079999923706055,20.079999923706055,20.06999969482422,20.079999923706055,3197,0.0,0.0,0.0
2024-07-24 15:30:00-04:00,20.079999923706055,20.079999923706055,20.06999969482422,20.071800231933594,8604,0.0,0.0,0.0
2024-07-24 15:35:00-04:00,20.076000213623047,20.09000015258789,20.06999969482422,20.084999084472656,8734,0.0,0.0,0.0
2024-07-24 15:40:00-04:00,20.084999084472656,20.089500427246094,20.084999084472656,20.089500427246094,6489,0.0,0.0,0.0
2024-07-24 15:45:00-04:00,20.079999923706055,20.084999084472656,20.079999923706055,20.084999084472656,1345,0.0,0.0,0.0
2024-07-24 15:50:00-04:00,20.086000442504883,20.086000442504883,20.084999084472656,20.084999084472656,972,0.0,0.0,0.0
2024-07-24 15:55:00-04:00,20.084999084472656,20.088899612426758,20.075000762939453,20.075000762939453,22288,0.0,0.0,0.0
2024-07-25 09:30:00-04:00,20.09000015258789,20.09000015258789,20.06999969482422,20.075000762939453,16745,0.0,0.0,0.0
2024-07-25 09:35:00-04:00,20.079999923706055,20.079999923706055,20.079999923706055,20.079999923706055,1162,0.0,0.0,0.0
2024-07-25 09:40:00-04:00,20.079999923706055,20.079999923706055,20.0762996673584,20.079999923706055,3329,0.0,0.0,0.0
2024-07-25 09:45:00-04:00,20.079999923706055,20.084999084472656,20.079999923706055,20.084999084472656,6105,0.0,0.0,0.0
2024-07-25 09:50:00-04:00,20.082300186157227,20.084999084472656,20.082300186157227,20.084999084472656,824,0.0,0.0,0.0
2024-07-25 09:55:00-04:00,20.084999084472656,20.094999313354492,20.084999084472656,20.09000015258789,4316,0.0,0.0,0.0
2024-07-25 10:00:00-04:00,20.094999313354492,20.094999313354492,20.090099334716797,20.090099334716797,3912,0.0,0.0,0.0
2024-07-25 10:05:00-04:00,20.099000930786133,20.100000381469727,20.099000930786133,20.100000381469727,5490,0.0,0.0,0.0
2024-07-25 10:10:00-04:00,20.09000015258789,20.09000015258789,20.09000015258789,20.09000015258789,1730,0.0,0.0,0.0
2024-07-25 10:15:00-04:00,20.100000381469727,20.104999542236328,20.100000381469727,20.104999542236328,1021,0.0,0.0,0.0
2024-07-25 10:20:00-04:00,20.099700927734375,20.099700927734375,20.099700927734375,20.099700927734375,785,0.0,0.0,0.0
2024-07-25 10:25:00-04:00,20.100000381469727,20.100000381469727,20.09000015258789,20.090099334716797,4925,0.0,0.0,0.0
2024-07-25 10:30:00-04:00,20.104999542236328,20.104999542236328,20.094200134277344,20.094200134277344,6358,0.0,0.0,0.0
2024-07-25 10:40:00-04:00,20.099599838256836,20.100000381469727,20.09000015258789,20.097999572753906,5196,0.0,0.0,0.0
2024-07-25 10:45:00-04:00,20.100000381469727,20.100000381469727,20.094999313354492,20.100000381469727,7900,0.0,0.0,0.0
2024-07-25 10:50:00-04:00,20.096399307250977,20.100000381469727,20.096399307250977,20.100000381469727,2082,0.0,0.0,0.0
2024-07-25 10:55:00-04:00,20.09000015258789,20.09980010986328,20.09000015258789,20.094999313354492,3780,0.0,0.0,0.0
2024-07-25 11:00:00-04:00,20.094999313354492,20.099899291992188,20.09000015258789,20.09000015258789,1902,0.0,0.0,0.0
2024-07-25 11:05:00-04:00,20.094999313354492,20.099899291992188,20.094999313354492,20.094999313354492,5481,0.0,0.0,0.0
2024-07-25 11:10:00-04:00,20.094999313354492,20.100000381469727,20.09000015258789,20.100000381469727,27450,0.0,0.0,0.0
2024-07-25 11:15:00-04:00,20.099700927734375,20.099700927734375,20.094999313354492,20.094999313354492,25681,0.0,0.0,0.0
2024-07-25 11:20:00-04:00,20.094999313354492,20.094999313354492,20.09000015258789,20.09000015258789,8836,0.0,0.0,0.0
2024-07-25 11:25:00-04:00,20.094999313354492,20.094999313354492,20.094999313354492,20.094999313354492,5117,0.0,0.0,0.0
2024-07-25 11:30:00-04:00,20.100000381469727,20.100000381469727,20.100000381469727,20.100000381469727,1678,0.0,0.0,0.0
2024-07-25 11:35:00-04:00,20.09000015258789,20.094999313354492,20.09000015258789,20.094999313354492,1026,0.0,0.0,0.0
2024-07-25 11:40:00-04:00,20.094999313354492,20.094999313354492,20.09000015258789,20.094999313354492,3483,0.0,0.0,0.0
2024-07-25 11:45:00-04:00,20.094999313354492,20.09950065612793,20.09000015258789,20.094999313354492,8033,0.0,0.0,0.0
2024-07-25 11:50:00-04:00,20.094999313354492,20.100000381469727,20.094999313354492,20.095199584960938,6128,0.0,0.0,0.0
2024-07-25 11:55:00-04:00,20.099899291992188,20.099899291992188,20.09000015258789,20.094999313354492,10954,0.0,0.0,0.0
2024-07-25 12:00:00-04:00,20.094999313354492,20.099899291992188,20.091699600219727,20.094999313354492,5164,0.0,0.0,0.0
2024-07-25 12:05:00-04:00,20.100000381469727,20.100000381469727,20.09000015258789,20.094999313354492,5822,0.0,0.0,0.0
2024-07-25 12:10:00-04:00,20.094999313354492,20.100000381469727,20.09000015258789,20.100000381469727,6708,0.0,0.0,0.0
2024-07-25 12:15:00-04:00,20.09000015258789,20.090099334716797,20.09000015258789,20.090099334716797,0,0.0,0.0,0.0
2024-07-25 12:20:00-04:00,20.09000015258789,20.094999313354492,20.09000015258789,20.094999313354492,512,0.0,0.0,0.0
2024-07-25 12:25:00-04:00,20.100000381469727,20.100000381469727,20.091899871826172,20.094999313354492,7042,0.0,0.0,0.0
2024-07-25 12:30:00-04:00,20.099899291992188,20.099899291992188,20.09600067138672,20.09600067138672,1184,0.0,0.0,0.0
2024-07-25 12:35:00-04:00,20.094999313354492,20.094999313354492,20.09000015258789,20.094499588012695,910,0.0,0.0,0.0
2024-07-25 12:40:00-04:00,20.094999313354492,20.094999313354492,20.09000015258789,20.09000015258789,140,0.0,0.0,0.0
2024-07-25 12:45:00-04:00,20.090099334716797,20.094999313354492,20.090099334716797,20.094999313354492,5070,0.0,0.0,0.0
2024-07-25 12:50:00-04:00,20.094999313354492,20.100000381469727,20.094999313354492,20.094999313354492,1844,0.0,0.0,0.0
2024-07-25 12:55:00-04:00,20.094999313354492,20.094999313354492,20.090499877929688,20.090499877929688,1078,0.0,0.0,0.0
2024-07-25 13:00:00-04:00,20.104999542236328,20.104999542236328,20.104999542236328,20.104999542236328,4933,0.0,0.0,0.0
2024-07-25 13:05:00-04:00,20.104999542236328,20.110000610351562,20.104999542236328,20.104999542236328,2509,0.0,0.0,0.0
2024-07-25 13:10:00-04:00,20.104999542236328,20.104999542236328,20.100000381469727,20.100000381469727,2024,0.0,0.0,0.0
2024-07-25 13:15:00-04:00,20.100000381469727,20.100000381469727,20.094999313354492,20.094999313354492,2873,0.0,0.0,0.0
2024-07-25 13:25:00-04:00,20.094999313354492,20.094999313354492,20.094999313354492,20.094999313354492,795,0.0,0.0,0.0
2024-07-25 13:30:00-04:00,20.09000015258789,20.09000015258789,20.084999084472656,20.084999084472656,1367,0.0,0.0,0.0
2024-07-25 13:35:00-04:00,20.084999084472656,20.084999084472656,20.079999923706055,20.079999923706055,2110,0.0,0.0,0.0
2024-07-25 13:40:00-04:00,20.079999923706055,20.084999084472656,20.079999923706055,20.084999084472656,2569,0.0,0.0,0.0
2024-07-25 13:45:00-04:00,20.079999923706055,20.079999923706055,20.075000762939453,20.079999923706055,993,0.0,0.0,0.0
2024-07-25 13:50:00-04:00,20.079999923706055,20.079999923706055,20.075199127197266,20.079999923706055,2730,0.0,0.0,0.0
2024-07-25 13:55:00-04:00,20.079999923706055,20.079999923706055,20.06999969482422,20.079999923706055,12439,0.0,0.0,0.0
2024-07-25 14:00:00-04:00,20.075000762939453,20.079999923706055,20.075000762939453,20.079999923706055,1021,0.0,0.0,0.0
2024-07-25 14:05:00-04:00,20.0762996673584,20.079999923706055,20.06999969482422,20.07990074157715,9973,0.0,0.0,0.0
2024-07-25 14:10:00-04:00,20.079999923706055,20.079999923706055,20.06999969482422,20.079999923706055,5131,0.0,0.0,0.0
2024-07-25 14:15:00-04:00,20.07979965209961,20.079999923706055,20.075199127197266,20.075199127197266,2774,0.0,0.0,0.0
2024-07-25 14:20:00-04:00,20.075000762939453,20.077999114990234,20.075000762939453,20.077999114990234,2180,0.0,0.0,0.0
2024-07-25 14:25:00-04:00,20.079999923706055,20.079999923706055,20.06999969482422,20.07939910888672,9953,0.0,0.0,0.0
2024-07-25 14:30:00-04:00,20.076099395751953,20.079999923706055,20.07349967956543,20.07349967956543,2507,0.0,0.0,0.0
2024-07-25 14:35:00-04:00,20.079999923706055,20.079999923706055,20.078800201416016,20.079999923706055,1247,0.0,0.0,0.0
2024-07-25 14:40:00-04:00,20.079999923706055,20.079999923706055,20.076200485229492,20.07939910888672,5734,0.0,0.0,0.0
2024-07-25 14:45:00-04:00,20.06999969482422,20.079999923706055,20.06999969482422,20.0762996673584,18722,0.0,0.0,0.0
2024-07-25 14:50:00-04:00,20.079999923706055,20.079999923706055,20.075199127197266,20.079999923706055,9799,0.0,0.0,0.0
2024-07-25 14:55:00-04:00,20.079999923706055,20.079999923706055,20.079700469970703,20.079999923706055,853,0.0,0.0,0.0
2024-07-25 15:00:00-04:00,20.079500198364258,20.079500198364258,20.079500198364258,20.079500198364258,2100,0.0,0.0,0.0
2024-07-25 15:05:00-04:00,20.079999923706055,20.079999923706055,20.077699661254883,20.079999923706055,1886,0.0,0.0,0.0
2024-07-25 15:10:00-04:00,20.07900047302246,20.079999923706055,20.06999969482422,20.079999923706055,1864,0.0,0.0,0.0
2024-07-25 15:15:00-04:00,20.06999969482422,20.079999923706055,20.06999969482422,20.079999923706055,1656,0.0,0.0,0.0
2024-07-25 15:20:00-04:00,20.071300506591797,20.079999923706055,20.06999969482422,20.079999923706055,830,0.0,0.0,0.0
2024-07-25 15:25:00-04:00,20.071699142456055,20.084999084472656,20.071699142456055,20.084999084472656,3483,0.0,0.0,0.0
2024-07-25 15:30:00-04:00,20.079999923706055,20.09000015258789,20.079999923706055,20.084999084472656,4711,0.0,0.0,0.0
2024-07-25 15:35:00-04:00,20.09000015258789,20.09000015258789,20.09000015258789,20.09000015258789,1216,0.0,0.0,0.0
2024-07-25 15:40:00-04:00,20.084999084472656,20.084999084472656,20.084999084472656,20.084999084472656,458,0.0,0.0,0.0
2024-07-25 15:55:00-04:00,20.084999084472656,20.084999084472656,20.084999084472656,20.084999084472656,11953,0.0,0.0,0.0
2024-07-26 09:30:00-04:00,20.139999389648438,20.139999389648438,20.1299991607666,20.135000228881836,22862,0.0,0.0,0.0
2024-07-26 09:35:00-04:00,20.135000228881836,20.139999389648438,20.135000228881836,20.139999389648438,719,0.0,0.0,0.0
2024-07-26 09:40:00-04:00,20.13249969482422,20.13249969482422,20.13249969482422,20.13249969482422,752,0.0,0.0,0.0
2024-07-26 09:45:00-04:00,20.135000228881836,20.139999389648438,20.135000228881836,20.137300491333008,3686,0.0,0.0,0.0
2024-07-26 09:50:00-04:00,20.135000228881836,20.13990020751953,20.1299991607666,20.1299991607666,4501,0.0,0.0,0.0
2024-07-26 09:55:00-04:00,20.133699417114258,20.135000228881836,20.133699417114258,20.135000228881836,1588,0.0,0.0,0.0
2024-07-26 10:00:00-04:00,20.135000228881836,20.137399673461914,20.125,20.125,14284,0.0,0.0,0.0
2024-07-26 10:05:00-04:00,20.1200008392334,20.1200008392334,20.1200008392334,20.1200008392334,1824,0.0,0.0,0.0
2024-07-26 10:15:00-04:00,20.125,20.125,20.125,20.125,144,0.0,0.0,0.0
2024-07-26 10:25:00-04:00,20.1200008392334,20.128999710083008,20.1200008392334,20.128999710083008,650,0.0,0.0,0.0
2024-07-26 10:40:00-04:00,20.125499725341797,20.129899978637695,20.1200008392334,20.129899978637695,1127,0.0,0.0,0.0
2024-07-26 10:50:00-04:00,20.128999710083008,20.128999710083008,20.1200008392334,20.1200008392334,3301,0.0,0.0,0.0
2024-07-26 10:55:00-04:00,20.122699737548828,20.129899978637695,20.1200008392334,20.12420082092285,2845,0.0,0.0,0.0
2024-07-26 11:00:00-04:00,20.1200008392334,20.1200008392334,20.1200008392334,20.1200008392334,2727,0.0,0.0,0.0
2024-07-26 11:05:00-04:00,20.1200008392334,20.125,20.1200008392334,20.1200008392334,2318,0.0,0.0,0.0
2024-07-26 11:10:00-04:00,20.122299194335938,20.125,20.1200008392334,20.1200008392334,8308,0.0,0.0,0.0
2024-07-26 11:15:00-04:00,20.1200008392334,20.1200008392334,20.1200008392334,20.1200008392334,836,0.0,0.0,0.0
2024-07-26 11:20:00-04:00,20.1200008392334,20.1200008392334,20.1200008392334,20.1200008392334,1000,0.0,0.0,0.0
2024-07-26 11:25:00-04:00,20.1200008392334,20.125,20.1200008392334,20.1200008392334,3949,0.0,0.0,0.0
2024-07-26 11:30:00-04:00,20.1200008392334,20.125,20.1200008392334,20.125,1013,0.0,0.0,0.0
2024-07-26 11:35:00-04:00,20.1200008392334,20.125,20.1200008392334,20.1200008392334,1566,0.0,0.0,0.0
2024-07-26 11:40:00-04:00,20.1200008392334,20.125,20.1200008392334,20.1200008392334,2133,0.0,0.0,0.0
2024-07-26 11:45:00-04:00,20.1200008392334,20.125699996948242,20.1200008392334,20.1200008392334,16598,0.0,0.0,0.0
2024-07-26 11:50:00-04:00,20.1200008392334,20.129499435424805,20.1200008392334,20.129499435424805,0,0.0,0.0,0.0
2024-07-26 11:55:00-04:00,20.125,20.125,20.125,20.125,29090,0.0,0.0,0.0
2024-07-26 12:00:00-04:00,20.125,20.125,20.125,20.125,4467,0.0,0.0,0.0
2024-07-26 12:05:00-04:00,20.1200008392334,20.1299991607666,20.1200008392334,20.1200008392334,8569,0.0,0.0,0.0
2024-07-26 12:10:00-04:00,20.1200008392334,20.12779998779297,20.1200008392334,20.125,1552,0.0,0.0,0.0
2024-07-26 12:15:00-04:00,20.125,20.128999710083008,20.125,20.125,700,0.0,0.0,0.0
2024-07-26 12:20:00-04:00,20.1200008392334,20.128999710083008,20.1200008392334,20.128999710083008,1137,0.0,0.0,0.0
2024-07-26 12:25:00-04:00,20.125,20.129499435424805,20.125,20.129499435424805,1104,0.0,0.0,0.0
2024-07-26 12:30:00-04:00,20.125,20.125,20.1200008392334,20.125,1134,0.0,0.0,0.0
2024-07-26 12:35:00-04:00,20.125,20.128999710083008,20.125,20.128999710083008,1015,0.0,0.0,0.0
2024-07-26 12:40:00-04:00,20.1289005279541,20.1289005279541,20.125,20.125,4108,0.0,0.0,0.0
2024-07-26 12:45:00-04:00,20.128999710083008,20.128999710083008,20.125,20.125,534,0.0,0.0,0.0
2024-07-26 12:50:00-04:00,20.125,20.128999710083008,20.1200008392334,20.1200008392334,1180,0.0,0.0,0.0
2024-07-26 12:55:00-04:00,20.125,20.125,20.125,20.125,530,0.0,0.0,0.0
2024-07-26 13:00:00-04:00,20.125,20.125,20.1200008392334,20.1200008392334,1000,0.0,0.0,0.0
2024-07-26 13:05:00-04:00,20.125,20.125,20.125,20.125,1385,0.0,0.0,0.0
2024-07-26 13:10:00-04:00,20.125,20.129600524902344,20.1200008392334,20.125,2115,0.0,0.0,0.0
2024-07-26 13:15:00-04:00,20.122800827026367,20.125,20.122800827026367,20.125,1084,0.0,0.0,0.0
2024-07-26 13:20:00-04:00,20.121400833129883,20.121400833129883,20.121400833129883,20.121400833129883,552,0.0,0.0,0.0
2024-07-26 13:25:00-04:00,20.125,20.125,20.1200008392334,20.1200008392334,1800,0.0,0.0,0.0
2024-07-26 13:30:00-04:00,20.125,20.125,20.123699188232422,20.123699188232422,1480,0.0,0.0,0.0
2024-07-26 13:35:00-04:00,20.125,20.1299991607666,20.125,20.1299991607666,2987,0.0,0.0,0.0
2024-07-26 13:40:00-04:00,20.123699188232422,20.126300811767578,20.1200008392334,20.125,3701,0.0,0.0,0.0
2024-07-26 13:45:00-04:00,20.128999710083008,20.128999710083008,20.123199462890625,20.125,1378,0.0,0.0,0.0
2024-07-26 13:50:00-04:00,20.121700286865234,20.128999710083008,20.121700286865234,20.125,2311,0.0,0.0,0.0
2024-07-26 13:55:00-04:00,20.12980079650879,20.12980079650879,20.125,20.125,2769,0.0,0.0,0.0
2024-07-26 14:00:00-04:00,20.1200008392334,20.1299991607666,20.1200008392334,20.1200008392334,4352,0.0,0.0,0.0
2024-07-26 14:05:00-04:00,20.125,20.125,20.125,20.125,1316,0.0,0.0,0.0
2024-07-26 14:10:00-04:00,20.125,20.125,20.1200008392334,20.125,1110,0.0,0.0,0.0
2024-07-26 14:15:00-04:00,20.1299991607666,20.1299991607666,20.1200008392334,20.125,1667,0.0,0.0,0.0
2024-07-26 14:20:00-04:00,20.125,20.128999710083008,20.125,20.125,2408,0.0,0.0,0.0
2024-07-26 14:25:00-04:00,20.125,20.1299991607666,20.125,20.1299991607666,525,0.0,0.0,0.0
2024-07-26 14:30:00-04:00,20.125,20.1299991607666,20.125,20.125,3579,0.0,0.0,0.0
2024-07-26 14:35:00-04:00,20.12660026550293,20.138900756835938,20.1200008392334,20.138900756835938,18654,0.0,0.0,0.0
2024-07-26 14:40:00-04:00,20.135000228881836,20.135000228881836,20.134700775146484,20.135000228881836,0,0.0,0.0,0.0
2024-07-26 14:45:00-04:00,20.1299991607666,20.135000228881836,20.1299991607666,20.1299991607666,5554,0.0,0.0,0.0
2024-07-26 14:50:00-04:00,20.135000228881836,20.138700485229492,20.1299991607666,20.135000228881836,4980,0.0,0.0,0.0
2024-07-26 14:55:00-04:00,20.135000228881836,20.138399124145508,20.1299991607666,20.1299991607666,8279,0.0,0.0,0.0
2024-07-26 15:00:00-04:00,20.135000228881836,20.135000228881836,20.135000228881836,20.135000228881836,232,0.0,0.0,0.0
2024-07-26 15:05:00-04:00,20.135000228881836,20.135000228881836,20.133899688720703,20.133899688720703,1266,0.0,0.0,0.0
2024-07-26 15:10:00-04:00,20.135000228881836,20.138200759887695,20.135000228881836,20.135000228881836,1672,0.0,0.0,0.0
2024-07-26 15:15:00-04:00,20.13990020751953,20.13990020751953,20.13990020751953,20.13990020751953,500,0.0,0.0,0.0
2024-07-26 15:20:00-04:00,20.138999938964844,20.138999938964844,20.13170051574707,20.138999938964844,5729,0.0,0.0,0.0
2024-07-26 15:25:00-04:00,20.13990020751953,20.139999389648438,20.1299991607666,20.13599967956543,5529,0.0,0.0,0.0
2024-07-26 15:30:00-04:00,20.13010025024414,20.13520050048828,20.1299991607666,20.1299991607666,5979,0.0,0.0,0.0
2024-07-26 15:35:00-04:00,20.1299991607666,20.139999389648438,20.1299991607666,20.139999389648438,5810,0.0,0.0,0.0
2024-07-26 15:40:00-04:00,20.138999938964844,20.139999389648438,20.13129997253418,20.13129997253418,35205,0.0,0.0,0.0
2024-07-26 15:45:00-04:00,20.139999389648438,20.139999389648438,20.135000228881836,20.136600494384766,30774,0.0,0.0,0.0
2024-07-26 15:50:00-04:00,20.135000228881836,20.139999389648438,20.1299991607666,20.137500762939453,104594,0.0,0.0,0.0
2024-07-26 15:55:00-04:00,20.13629913330078,20.145000457763672,20.1299991607666,20.145000457763672,16499,0.0,0.0,0.0
2024-07-29 09:30:00-04:00,20.170000076293945,20.170000076293945,20.155000686645508,20.15999984741211,7544,0.0,0.0,0.0
2024-07-29 09:35:00-04:00,20.155000686645508,20.155000686645508,20.149999618530273,20.155000686645508,12149,0.0,0.0,0.0
2024-07-29 09:40:00-04:00,20.155000686645508,20.159700393676758,20.149999618530273,20.149999618530273,1843,0.0,0.0,0.0
2024-07-29 09:45:00-04:00,20.15999984741211,20.161699295043945,20.15999984741211,20.161699295043945,1822,0.0,0.0,0.0
2024-07-29 09:50:00-04:00,20.162099838256836,20.162099838256836,20.155000686645508,20.155000686645508,2126,0.0,0.0,0.0
2024-07-29 09:55:00-04:00,20.149999618530273,20.15999984741211,20.14310073852539,20.145000457763672,21434,0.0,0.0,0.0
2024-07-29 10:00:00-04:00,20.149999618530273,20.155000686645508,20.141599655151367,20.149999618530273,13634,0.0,0.0,0.0
2024-07-29 10:05:00-04:00,20.145000457763672,20.149999618530273,20.145000457763672,20.149999618530273,971,0.0,0.0,0.0
2024-07-29 10:10:00-04:00,20.14699935913086,20.149999618530273,20.14699935913086,20.149999618530273,5345,0.0,0.0,0.0
2024-07-29 10:15:00-04:00,20.149999618530273,20.15999984741211,20.149999618530273,20.149999618530273,3611,0.0,0.0,0.0
2024-07-29 10:20:00-04:00,20.149999618530273,20.155000686645508,20.145000457763672,20.155000686645508,19167,0.0,0.0,0.0
2024-07-29 10:25:00-04:00,20.149999618530273,20.149999618530273,20.149999618530273,20.149999618530273,2452,0.0,0.0,0.0
2024-07-29 10:30:00-04:00,20.149700164794922,20.149999618530273,20.139999389648438,20.14739990234375,5911,0.0,0.0,0.0
2024-07-29 10:35:00-04:00,20.140100479125977,20.140100479125977,20.140100479125977,20.140100479125977,0,0.0,0.0,0.0
2024-07-29 10:40:00-04:00,20.141300201416016,20.145000457763672,20.139999389648438,20.139999389648438,4223,0.0,0.0,0.0
2024-07-29 10:45:00-04:00,20.145000457763672,20.145000457763672,20.139999389648438,20.139999389648438,616,0.0,0.0,0.0
2024-07-29 10:50:00-04:00,20.139999389648438,20.139999389648438,20.13520050048828,20.139999389648438,1271,0.0,0.0,0.0
2024-07-29 10:55:00-04:00,20.13990020751953,20.139999389648438,20.1299991607666,20.139799118041992,5702,0.0,0.0,0.0
2024-07-29 11:00:00-04:00,20.131099700927734,20.140100479125977,20.131099700927734,20.140100479125977,513,0.0,0.0,0.0
2024-07-29 11:05:00-04:00,20.144100189208984,20.149999618530273,20.144100189208984,20.145000457763672,7825,0.0,0.0,0.0
2024-07-29 11:10:00-04:00,20.149999618530273,20.149999618530273,20.139999389648438,20.149999618530273,8883,0.0,0.0,0.0
2024-07-29 11:15:00-04:00,20.145000457763672,20.149999618530273,20.139999389648438,20.149999618530273,2844,0.0,0.0,0.0
2024-07-29 11:20:00-04:00,20.139999389648438,20.149999618530273,20.139999389648438,20.149799346923828,3466,0.0,0.0,0.0
2024-07-29 11:25:00-04:00,20.149999618530273,20.149999618530273,20.139999389648438,20.149900436401367,11334,0.0,0.0,0.0
2024-07-29 11:30:00-04:00,20.149200439453125,20.149999618530273,20.139999389648438,20.149999618530273,14262,0.0,0.0,0.0
2024-07-29 11:35:00-04:00,20.149999618530273,20.149999618530273,20.141799926757812,20.149999618530273,11304,0.0,0.0,0.0
2024-07-29 11:40:00-04:00,20.139999389648438,20.149999618530273,20.139999389648438,20.149999618530273,5149,0.0,0.0,0.0
2024-07-29 11:45:00-04:00,20.149999618530273,20.149999618530273,20.139999389648438,20.146299362182617,7144,0.0,0.0,0.0
2024-07-29 11:55:00-04:00,20.149999618530273,20.149999618530273,20.149999618530273,20.149999618530273,2411,0.0,0.0,0.0
2024-07-29 12:00:00-04:00,20.149999618530273,20.149999618530273,20.149999618530273,20.149999618530273,743,0.0,0.0,0.0
2024-07-29 12:05:00-04:00,20.149200439453125,20.149999618530273,20.149200439453125,20.149999618530273,8158,0.0,0.0,0.0
2024-07-29 12:10:00-04:00,20.149999618530273,20.149999618530273,20.139999389648438,20.139999389648438,2027,0.0,0.0,0.0
2024-07-29 12:15:00-04:00,20.14889907836914,20.14889907836914,20.145000457763672,20.145000457763672,1886,0.0,0.0,0.0
2024-07-29 12:20:00-04:00,20.139999389648438,20.149900436401367,20.139999389648438,20.149900436401367,1048,0.0,0.0,0.0
2024-07-29 12:25:00-04:00,20.141599655151367,20.141599655151367,20.141599655151367,20.141599655151367,939,0.0,0.0,0.0
2024-07-29 12:30:00-04:00,20.149200439453125,20.155000686645508,20.149200439453125,20.155000686645508,3875,0.0,0.0,0.0
2024-07-29 12:35:00-04:00,20.15130043029785,20.15130043029785,20.15130043029785,20.15130043029785,7432,0.0,0.0,0.0
2024-07-29 12:40:00-04:00,20.155000686645508,20.155000686645508,20.150800704956055,20.150800704956055,1358,0.0,0.0,0.0
2024-07-29 12:45:00-04:00,20.149999618530273,20.15999984741211,20.149999618530273,20.155000686645508,9856,0.0,0.0,0.0
2024-07-29 12:50:00-04:00,20.15999984741211,20.15999984741211,20.155000686645508,20.155000686645508,2105,0.0,0.0,0.0
2024-07-29 12:55:00-04:00,20.158700942993164,20.158700942993164,20.158700942993164,20.158700942993164,587,0.0,0.0,0.0
2024-07-29 13:00:00-04:00,20.151199340820312,20.1564998626709,20.151199340820312,20.1564998626709,383,0.0,0.0,0.0
2024-07-29 13:05:00-04:00,20.15880012512207,20.159700393676758,20.15880012512207,20.159700393676758,4734,0.0,0.0,0.0
2024-07-29 13:10:00-04:00,20.155000686645508,20.158700942993164,20.155000686645508,20.158700942993164,3758,0.0,0.0,0.0
2024-07-29 13:15:00-04:00,20.158599853515625,20.158599853515625,20.15130043029785,20.15130043029785,1210,0.0,0.0,0.0
2024-07-29 13:25:00-04:00,20.151500701904297,20.157400131225586,20.149999618530273,20.157400131225586,3034,0.0,0.0,0.0
2024-07-29 13:30:00-04:00,20.155000686645508,20.155000686645508,20.155000686645508,20.155000686645508,0,0.0,0.0,0.0
2024-07-29 13:35:00-04:00,20.15999984741211,20.15999984741211,20.155000686645508,20.155000686645508,3802,0.0,0.0,0.0
2024-07-29 13:40:00-04:00,20.149999618530273,20.157400131225586,20.149999618530273,20.157400131225586,1535,0.0,0.0,0.0
2024-07-29 13:45:00-04:00,20.155000686645508,20.159900665283203,20.155000686645508,20.155000686645508,10076,0.0,0.0,0.0
2024-07-29 13:50:00-04:00,20.15089988708496,20.15089988708496,20.149999618530273,20.149999618530273,1614,0.0,0.0,0.0
2024-07-29 13:55:00-04:00,20.15369987487793,20.15999984741211,20.150100708007812,20.155000686645508,1830,0.0,0.0,0.0
2024-07-29 14:00:00-04:00,20.149999618530273,20.159900665283203,20.149999618530273,20.155000686645508,1497,0.0,0.0,0.0
2024-07-29 14:05:00-04:00,20.159900665283203,20.159900665283203,20.155000686645508,20.155000686645508,873,0.0,0.0,0.0
2024-07-29 14:10:00-04:00,20.155000686645508,20.155000686645508,20.155000686645508,20.155000686645508,1778,0.0,0.0,0.0
2024-07-29 14:15:00-04:00,20.155000686645508,20.155000686645508,20.155000686645508,20.155000686645508,1487,0.0,0.0,0.0
2024-07-29 14:20:00-04:00,20.150100708007812,20.155000686645508,20.150100708007812,20.155000686645508,5909,0.0,0.0,0.0
2024-07-29 14:25:00-04:00,20.155000686645508,20.155000686645508,20.155000686645508,20.155000686645508,2400,0.0,0.0,0.0
2024-07-29 14:30:00-04:00,20.149999618530273,20.149999618530273,20.149999618530273,20.149999618530273,203,0.0,0.0,0.0
2024-07-29 14:35:00-04:00,20.149999618530273,20.15999984741211,20.149999618530273,20.15999984741211,1154,0.0,0.0,0.0
2024-07-29 14:40:00-04:00,20.155000686645508,20.15999984741211,20.155000686645508,20.158599853515625,7237,0.0,0.0,0.0
2024-07-29 14:45:00-04:00,20.159099578857422,20.159099578857422,20.149999618530273,20.149999618530273,2994,0.0,0.0,0.0
2024-07-29 14:50:00-04:00,20.155000686645508,20.158700942993164,20.155000686645508,20.155000686645508,3353,0.0,0.0,0.0
2024-07-29 14:55:00-04:00,20.155000686645508,20.15999984741211,20.153499603271484,20.159900665283203,3589,0.0,0.0,0.0
2024-07-29 15:00:00-04:00,20.155000686645508,20.155000686645508,20.155000686645508,20.155000686645508,0,0.0,0.0,0.0
2024-07-29 15:05:00-04:00,20.149999618530273,20.149999618530273,20.149999618530273,20.149999618530273,2323,0.0,0.0,0.0
2024-07-29 15:10:00-04:00,20.15999984741211,20.15999984741211,20.155000686645508,20.155000686645508,6167,0.0,0.0,0.0
2024-07-29 15:15:00-04:00,20.151399612426758,20.15999984741211,20.151399612426758,20.152799606323242,4096,0.0,0.0,0.0
2024-07-29 15:20:00-04:00,20.159000396728516,20.159799575805664,20.150100708007812,20.150100708007812,1234,0.0,0.0,0.0
2024-07-29 15:25:00-04:00,20.159900665283203,20.159900665283203,20.159799575805664,20.159799575805664,3637,0.0,0.0,0.0
2024-07-29 15:30:00-04:00,20.15130043029785,20.15999984741211,20.149999618530273,20.149999618530273,5494,0.0,0.0,0.0
2024-07-29 15:35:00-04:00,20.159700393676758,20.15999984741211,20.159700393676758,20.15999984741211,558,0.0,0.0,0.0
2024-07-29 15:40:00-04:00,20.150100708007812,20.15999984741211,20.149999618530273,20.149999618530273,2824,0.0,0.0,0.0
2024-07-29 15:45:00-04:00,20.15999984741211,20.15999984741211,20.155000686645508,20.155000686645508,1925,0.0,0.0,0.0
2024-07-29 15:50:00-04:00,20.155000686645508,20.159900665283203,20.150100708007812,20.155000686645508,5388,0.0,0.0,0.0
2024-07-29 15:55:00-04:00,20.155000686645508,20.155000686645508,20.154499053955078,20.155000686645508,9740,0.0,0.0,0.0
2024-07-30 09:30:00-04:00,20.229999542236328,20.229999542236328,20.229900360107422,20.229900360107422,7128,0.0,0.0,0.0
2024-07-30 09:35:00-04:00,20.149999618530273,20.15999984741211,20.149999618530273,20.149999618530273,2004,0.0,0.0,0.0
2024-07-30 09:40:00-04:00,20.15999984741211,20.15999984741211,20.149999618530273,20.15999984741211,4233,0.0,0.0,0.0
2024-07-30 09:50:00-04:00,20.16699981689453,20.170000076293945,20.163999557495117,20.170000076293945,551378,0.0,0.0,0.0
2024-07-30 09:55:00-04:00,20.165000915527344,20.170000076293945,20.165000915527344,20.170000076293945,0,0.0,0.0,0.0
2024-07-30 10:00:00-04:00,20.15999984741211,20.15999984741211,20.139999389648438,20.145000457763672,5415,0.0,0.0,0.0
2024-07-30 10:05:00-04:00,20.149799346923828,20.149999618530273,20.139999389648438,20.149999618530273,9269,0.0,0.0,0.0
2024-07-30 10:10:00-04:00,20.145000457763672,20.149799346923828,20.145000457763672,20.149799346923828,5558,0.0,0.0,0.0
2024-07-30 10:15:00-04:00,20.155000686645508,20.155000686645508,20.149999618530273,20.149999618530273,561,0.0,0.0,0.0
2024-07-30 10:20:00-04:00,20.149999618530273,20.15999984741211,20.14310073852539,20.15999984741211,18787,0.0,0.0,0.0
2024-07-30 10:25:00-04:00,20.155000686645508,20.155000686645508,20.149999618530273,20.155000686645508,0,0.0,0.0,0.0
2024-07-30 10:30:00-04:00,20.145000457763672,20.149999618530273,20.145000457763672,20.149999618530273,3348,0.0,0.0,0.0
2024-07-30 10:35:00-04:00,20.149999618530273,20.149999618530273,20.142799377441406,20.147499084472656,2813,0.0,0.0,0.0
2024-07-30 10:40:00-04:00,20.149999618530273,20.149999618530273,20.149999618530273,20.149999618530273,1963,0.0,0.0,0.0
2024-07-30 10:50:00-04:00,20.149999618530273,20.149999618530273,20.149999618530273,20.149999618530273,653,0.0,0.0,0.0
2024-07-30 10:55:00-04:00,20.155000686645508,20.155000686645508,20.155000686645508,20.155000686645508,354,0.0,0.0,0.0
2024-07-30 11:00:00-04:00,20.149999618530273,20.155000686645508,20.149999618530273,20.155000686645508,1959,0.0,0.0,0.0
2024-07-30 11:05:00-04:00,20.149999618530273,20.15999984741211,20.149999618530273,20.1560001373291,6420,0.0,0.0,0.0
2024-07-30 11:10:00-04:00,20.150100708007812,20.150100708007812,20.139999389648438,20.142099380493164,8661,0.0,0.0,0.0
2024-07-30 11:15:00-04:00,20.139999389648438,20.139999389648438,20.139999389648438,20.139999389648438,3327,0.0,0.0,0.0
2024-07-30 11:20:00-04:00,20.149900436401367,20.149900436401367,20.139999389648438,20.139999389648438,3519,0.0,0.0,0.0
2024-07-30 11:25:00-04:00,20.149999618530273,20.149999618530273,20.139999389648438,20.139999389648438,4886,0.0,0.0,0.0
2024-07-30 11:35:00-04:00,20.155000686645508,20.155000686645508,20.155000686645508,20.155000686645508,1902,0.0,0.0,0.0
2024-07-30 11:40:00-04:00,20.15130043029785,20.15850067138672,20.149999618530273,20.149999618530273,3891,0.0,0.0,0.0
2024-07-30 11:45:00-04:00,20.149999618530273,20.149999618530273,20.149999618530273,20.149999618530273,512,0.0,0.0,0.0
2024-07-30 11:50:00-04:00,20.149999618530273,20.149999618530273,20.149999618530273,20.149999618530273,219,0.0,0.0,0.0
2024-07-30 11:55:00-04:00,20.150699615478516,20.155000686645508,20.150699615478516,20.155000686645508,3163,0.0,0.0,0.0
2024-07-30 12:05:00-04:00,20.159700393676758,20.159900665283203,20.149999618530273,20.149999618530273,1545,0.0,0.0,0.0
2024-07-30 12:10:00-04:00,20.15999984741211,20.15999984741211,20.155000686645508,20.15999984741211,6357,0.0,0.0,0.0
2024-07-30 12:20:00-04:00,20.149999618530273,20.149999618530273,20.149999618530273,20.149999618530273,279,0.0,0.0,0.0
2024-07-30 12:25:00-04:00,20.155000686645508,20.155000686645508,20.155000686645508,20.155000686645508,4500,0.0,0.0,0.0
2024-07-30 12:30:00-04:00,20.155000686645508,20.159900665283203,20.151500701904297,20.151500701904297,12087,0.0,0.0,0.0
2024-07-30 12:35:00-04:00,20.15999984741211,20.15999984741211,20.15999984741211,20.15999984741211,800,0.0,0.0,0.0
2024-07-30 12:40:00-04:00,20.149999618530273,20.15999984741211,20.149999618530273,20.15999984741211,1599,0.0,0.0,0.0
2024-07-30 12:45:00-04:00,20.159900665283203,20.159900665283203,20.159900665283203,20.159900665283203,16501,0.0,0.0,0.0
2024-07-30 12:50:00-04:00,20.149999618530273,20.15999984741211,20.149999618530273,20.15999984741211,8112,0.0,0.0,0.0
2024-07-30 12:55:00-04:00,20.165000915527344,20.165000915527344,20.15999984741211,20.15999984741211,16728,0.0,0.0,0.0
2024-07-30 13:00:00-04:00,20.15999984741211,20.169700622558594,20.15999984741211,20.169700622558594,1631,0.0,0.0,0.0
2024-07-30 13:05:00-04:00,20.168800354003906,20.168800354003906,20.16010093688965,20.168699264526367,9028,0.0,0.0,0.0
2024-07-30 13:10:00-04:00,20.170000076293945,20.170000076293945,20.165000915527344,20.165000915527344,93210,0.0,0.0,0.0
2024-07-30 13:20:00-04:00,20.165000915527344,20.16990089416504,20.165000915527344,20.16990089416504,1080,0.0,0.0,0.0
2024-07-30 13:25:00-04:00,20.15999984741211,20.15999984741211,20.15999984741211,20.15999984741211,169,0.0,0.0,0.0
2024-07-30 13:30:00-04:00,20.16990089416504,20.16990089416504,20.162099838256836,20.162099838256836,415,0.0,0.0,0.0
2024-07-30 13:35:00-04:00,20.16010093688965,20.165000915527344,20.16010093688965,20.165000915527344,2426,0.0,0.0,0.0
2024-07-30 13:40:00-04:00,20.15999984741211,20.15999984741211,20.15999984741211,20.15999984741211,113,0.0,0.0,0.0
2024-07-30 13:45:00-04:00,20.165000915527344,20.16990089416504,20.15999984741211,20.16990089416504,3304,0.0,0.0,0.0
2024-07-30 13:50:00-04:00,20.165000915527344,20.165000915527344,20.15999984741211,20.15999984741211,3286,0.0,0.0,0.0
2024-07-30 13:55:00-04:00,20.165000915527344,20.165000915527344,20.15999984741211,20.15999984741211,2128,0.0,0.0,0.0
2024-07-30 14:00:00-04:00,20.15999984741211,20.170000076293945,20.15999984741211,20.170000076293945,9111,0.0,0.0,0.0
2024-07-30 14:05:00-04:00,20.161300659179688,20.170000076293945,20.15999984741211,20.170000076293945,5095,0.0,0.0,0.0
2024-07-30 14:10:00-04:00,20.15999984741211,20.165800094604492,20.15999984741211,20.165800094604492,3847,0.0,0.0,0.0
2024-07-30 14:15:00-04:00,20.170000076293945,20.170000076293945,20.16900062561035,20.16900062561035,320,0.0,0.0,0.0
2024-07-30 14:20:00-04:00,20.170000076293945,20.170000076293945,20.15999984741211,20.170000076293945,6967,0.0,0.0,0.0
2024-07-30 14:25:00-04:00,20.16900062561035,20.170000076293945,20.15999984741211,20.167600631713867,1891,0.0,0.0,0.0
2024-07-30 14:30:00-04:00,20.165000915527344,20.170000076293945,20.15999984741211,20.15999984741211,3459,0.0,0.0,0.0
2024-07-30 14:35:00-04:00,20.165000915527344,20.165000915527344,20.15999984741211,20.15999984741211,1048,0.0,0.0,0.0
2024-07-30 14:40:00-04:00,20.15999984741211,20.16900062561035,20.15999984741211,20.16629981994629,1938,0.0,0.0,0.0
2024-07-30 14:45:00-04:00,20.15999984741211,20.165000915527344,20.15999984741211,20.165000915527344,3966,0.0,0.0,0.0
2024-07-30 14:50:00-04:00,20.165000915527344,20.165000915527344,20.165000915527344,20.165000915527344,796,0.0,0.0,0.0
2024-07-30 14:55:00-04:00,20.16900062561035,20.16900062561035,20.15999984741211,20.15999984741211,9153,0.0,0.0,0.0
2024-07-30 15:00:00-04:00,20.16010093688965,20.161800384521484,20.16010093688965,20.161800384521484,5547,0.0,0.0,0.0
2024-07-30 15:05:00-04:00,20.170000076293945,20.170000076293945,20.164100646972656,20.167400360107422,8730,0.0,0.0,0.0
2024-07-30 15:10:00-04:00,20.15999984741211,20.16990089416504,20.15999984741211,20.15999984741211,560,0.0,0.0,0.0
2024-07-30 15:20:00-04:00,20.162500381469727,20.162500381469727,20.162500381469727,20.162500381469727,625,0.0,0.0,0.0
2024-07-30 15:25:00-04:00,20.15999984741211,20.16990089416504,20.15999984741211,20.165000915527344,4267,0.0,0.0,0.0
2024-07-30 15:30:00-04:00,20.169700622558594,20.169700622558594,20.15999984741211,20.15999984741211,3477,0.0,0.0,0.0
2024-07-30 15:35:00-04:00,20.170000076293945,20.178199768066406,20.15999984741211,20.17009925842285,12669,0.0,0.0,0.0
2024-07-30 15:40:00-04:00,20.174999237060547,20.174999237060547,20.170000076293945,20.170000076293945,12077,0.0,0.0,0.0
2024-07-30 15:45:00-04:00,20.174999237060547,20.177400588989258,20.170000076293945,20.170000076293945,2791,0.0,0.0,0.0
2024-07-30 15:55:00-04:00,20.174999237060547,20.174999237060547,20.173799514770508,20.174999237060547,2758,0.0,0.0,0.0
2024-07-31 09:30:00-04:00,20.25,20.260000228881836,20.200000762939453,20.200000762939453,4716,0.0,0.0,0.0
2024-07-31 09:35:00-04:00,20.19499969482422,20.19499969482422,20.19499969482422,20.19499969482422,2309,0.0,0.0,0.0
2024-07-31 09:40:00-04:00,20.200000762939453,20.203699111938477,20.200000762939453,20.203699111938477,3132,0.0,0.0,0.0
2024-07-31 09:45:00-04:00,20.190900802612305,20.200000762939453,20.190900802612305,20.200000762939453,840,0.0,0.0,0.0
2024-07-31 09:50:00-04:00,20.200000762939453,20.200000762939453,20.200000762939453,20.200000762939453,483,0.0,0.0,0.0
2024-07-31 09:55:00-04:00,20.204999923706055,20.204999923706055,20.200000762939453,20.200000762939453,4256,0.0,0.0,0.0
2024-07-31 10:00:00-04:00,20.200000762939453,20.200000762939453,20.190000534057617,20.190000534057617,647,0.0,0.0,0.0
2024-07-31 10:05:00-04:00,20.20009994506836,20.209999084472656,20.200000762939453,20.202299118041992,1652,0.0,0.0,0.0
2024-07-31 10:10:00-04:00,20.203500747680664,20.203500747680664,20.203500747680664,20.203500747680664,2540,0.0,0.0,0.0
2024-07-31 10:15:00-04:00,20.204999923706055,20.204999923706055,20.200000762939453,20.203500747680664,2329,0.0,0.0,0.0
2024-07-31 10:20:00-04:00,20.200000762939453,20.200000762939453,20.200000762939453,20.200000762939453,477,0.0,0.0,0.0
2024-07-31 10:25:00-04:00,20.200000762939453,20.20989990234375,20.200000762939453,20.20989990234375,565,0.0,0.0,0.0
2024-07-31 10:35:00-04:00,20.200000762939453,20.200000762939453,20.200000762939453,20.200000762939453,906,0.0,0.0,0.0
2024-07-31 10:40:00-04:00,20.19499969482422,20.19499969482422,20.19499969482422,20.19499969482422,334,0.0,0.0,0.0
2024-07-31 10:45:00-04:00,20.19499969482422,20.19499969482422,20.190000534057617,20.190000534057617,1152,0.0,0.0,0.0
2024-07-31 10:50:00-04:00,20.190000534057617,20.197799682617188,20.190000534057617,20.190000534057617,6617,0.0,0.0,0.0
2024-07-31 10:55:00-04:00,20.18899917602539,20.190000534057617,20.18000030517578,20.18000030517578,2936,0.0,0.0,0.0
2024-07-31 11:00:00-04:00,20.18000030517578,20.190000534057617,20.18000030517578,20.18000030517578,4496,0.0,0.0,0.0
2024-07-31 11:05:00-04:00,20.190000534057617,20.190000534057617,20.190000534057617,20.190000534057617,32,0.0,0.0,0.0
2024-07-31 11:10:00-04:00,20.189899444580078,20.189899444580078,20.18950080871582,20.18950080871582,6496,0.0,0.0,0.0
2024-07-31 11:15:00-04:00,20.190000534057617,20.19499969482422,20.190000534057617,20.19499969482422,437,0.0,0.0,0.0
2024-07-31 11:20:00-04:00,20.199899673461914,20.199899673461914,20.190000534057617,20.190000534057617,7481,0.0,0.0,0.0
2024-07-31 11:25:00-04:00,20.200000762939453,20.200000762939453,20.190000534057617,20.190000534057617,0,0.0,0.0,0.0
2024-07-31 11:30:00-04:00,20.19499969482422,20.19969940185547,20.19499969482422,20.19969940185547,1102,0.0,0.0,0.0
2024-07-31 11:35:00-04:00,20.19499969482422,20.19580078125,20.190000534057617,20.190000534057617,5741,0.0,0.0,0.0
2024-07-31 11:40:00-04:00,20.19969940185547,20.19969940185547,20.19969940185547,20.19969940185547,172,0.0,0.0,0.0
2024-07-31 11:45:00-04:00,20.190000534057617,20.197500228881836,20.190000534057617,20.197500228881836,2261,0.0,0.0,0.0
2024-07-31 11:50:00-04:00,20.190000534057617,20.198999404907227,20.190000534057617,20.190000534057617,2787,0.0,0.0,0.0
2024-07-31 11:55:00-04:00,20.19499969482422,20.19499969482422,20.193099975585938,20.19499969482422,2723,0.0,0.0,0.0
2024-07-31 12:00:00-04:00,20.19499969482422,20.19969940185547,20.19499969482422,20.19969940185547,1189,0.0,0.0,0.0
2024-07-31 12:05:00-04:00,20.19499969482422,20.19499969482422,20.19499969482422,20.19499969482422,230,0.0,0.0,0.0
2024-07-31 12:10:00-04:00,20.19499969482422,20.19499969482422,20.19499969482422,20.19499969482422,200,0.0,0.0,0.0
2024-07-31 12:15:00-04:00,20.190000534057617,20.199899673461914,20.190000534057617,20.199899673461914,23574,0.0,0.0,0.0
2024-07-31 12:20:00-04:00,20.199499130249023,20.200000762939453,20.19499969482422,20.19499969482422,0,0.0,0.0,0.0
2024-07-31 12:25:00-04:00,20.197500228881836,20.199899673461914,20.19499969482422,20.199899673461914,1512,0.0,0.0,0.0
2024-07-31 12:30:00-04:00,20.19409942626953,20.19499969482422,20.190000534057617,20.1924991607666,3479,0.0,0.0,0.0
2024-07-31 12:40:00-04:00,20.190000534057617,20.19499969482422,20.190000534057617,20.19499969482422,2205,0.0,0.0,0.0
2024-07-31 12:45:00-04:00,20.197399139404297,20.197399139404297,20.19499969482422,20.19499969482422,1530,0.0,0.0,0.0
2024-07-31 12:55:00-04:00,20.190000534057617,20.198999404907227,20.190000534057617,20.198999404907227,1232,0.0,0.0,0.0
2024-07-31 13:00:00-04:00,20.19499969482422,20.19499969482422,20.19499969482422,20.19499969482422,1841,0.0,0.0,0.0
2024-07-31 13:05:00-04:00,20.199899673461914,20.199899673461914,20.199899673461914,20.199899673461914,283,0.0,0.0,0.0
2024-07-31 13:10:00-04:00,20.19499969482422,20.19700050354004,20.190000534057617,20.19499969482422,2319,0.0,0.0,0.0
2024-07-31 13:15:00-04:00,20.193500518798828,20.193500518798828,20.193500518798828,20.193500518798828,1851,0.0,0.0,0.0
2024-07-31 13:20:00-04:00,20.19499969482422,20.19499969482422,20.190000534057617,20.19029998779297,4432,0.0,0.0,0.0
2024-07-31 13:25:00-04:00,20.190000534057617,20.190000534057617,20.190000534057617,20.190000534057617,0,0.0,0.0,0.0
2024-07-31 13:30:00-04:00,20.19499969482422,20.19499969482422,20.18079948425293,20.184999465942383,8624,0.0,0.0,0.0
2024-07-31 13:35:00-04:00,20.190000534057617,20.190000534057617,20.181299209594727,20.181299209594727,1711,0.0,0.0,0.0
2024-07-31 13:40:00-04:00,20.184999465942383,20.190000534057617,20.18079948425293,20.184999465942383,8474,0.0,0.0,0.0
2024-07-31 13:45:00-04:00,20.189800262451172,20.189800262451172,20.180099487304688,20.180099487304688,1147,0.0,0.0,0.0
2024-07-31 13:55:00-04:00,20.189699172973633,20.189699172973633,20.18000030517578,20.18000030517578,6672,0.0,0.0,0.0
2024-07-31 14:00:00-04:00,20.18000030517578,20.18000030517578,20.17169952392578,20.17169952392578,0,0.0,0.0,0.0
2024-07-31 14:05:00-04:00,20.174999237060547,20.179800033569336,20.174999237060547,20.179800033569336,1755,0.0,0.0,0.0
2024-07-31 14:10:00-04:00,20.174999237060547,20.174999237060547,20.174999237060547,20.174999237060547,2870,0.0,0.0,0.0
2024-07-31 14:15:00-04:00,20.174999237060547,20.18000030517578,20.17180061340332,20.174999237060547,1125,0.0,0.0,0.0
2024-07-31 14:20:00-04:00,20.174999237060547,20.18000030517578,20.170000076293945,20.17300033569336,4153,0.0,0.0,0.0
2024-07-31 14:25:00-04:00,20.179899215698242,20.18000030517578,20.17970085144043,20.18000030517578,6018,0.0,0.0,0.0
2024-07-31 14:35:00-04:00,20.184999465942383,20.184999465942383,20.18000030517578,20.181299209594727,977,0.0,0.0,0.0
2024-07-31 14:40:00-04:00,20.19499969482422,20.199899673461914,20.19499969482422,20.199899673461914,3037,0.0,0.0,0.0
2024-07-31 14:45:00-04:00,20.19499969482422,20.195999145507812,20.190000534057617,20.19499969482422,11365,0.0,0.0,0.0
2024-07-31 14:50:00-04:00,20.19659996032715,20.19659996032715,20.19499969482422,20.19499969482422,777,0.0,0.0,0.0
2024-07-31 14:55:00-04:00,20.19499969482422,20.204999923706055,20.19499969482422,20.20009994506836,5466,0.0,0.0,0.0
2024-07-31 15:00:00-04:00,20.200000762939453,20.20989990234375,20.200000762939453,20.204999923706055,20057,0.0,0.0,0.0
2024-07-31 15:05:00-04:00,20.204999923706055,20.204999923706055,20.204999923706055,20.204999923706055,685,0.0,0.0,0.0
2024-07-31 15:10:00-04:00,20.204999923706055,20.209999084472656,20.200000762939453,20.204999923706055,2094,0.0,0.0,0.0
2024-07-31 15:15:00-04:00,20.204999923706055,20.209999084472656,20.200000762939453,20.202899932861328,11526,0.0,0.0,0.0
2024-07-31 15:20:00-04:00,20.209999084472656,20.21500015258789,20.20989990234375,20.21500015258789,21689,0.0,0.0,0.0
2024-07-31 15:25:00-04:00,20.21500015258789,20.227800369262695,20.21500015258789,20.225000381469727,40494,0.0,0.0,0.0
2024-07-31 15:30:00-04:00,20.225000381469727,20.22599983215332,20.219999313354492,20.22599983215332,2632,0.0,0.0,0.0
2024-07-31 15:35:00-04:00,20.229999542236328,20.229999542236328,20.219999313354492,20.219999313354492,6338,0.0,0.0,0.0
2024-07-31 15:40:00-04:00,20.225000381469727,20.225000381469727,20.225000381469727,20.225000381469727,362,0.0,0.0,0.0
2024-07-31 15:45:00-04:00,20.219999313354492,20.229999542236328,20.219999313354492,20.219999313354492,1583,0.0,0.0,0.0
2024-07-31 15:50:00-04:00,20.225000381469727,20.229999542236328,20.219999313354492,20.229999542236328,5360,0.0,0.0,0.0
2024-07-31 15:55:00-04:00,20.225000381469727,20.239999771118164,20.225000381469727,20.239999771118164,4883,0.0,0.0,0.0
2024-08-01 09:30:00-04:00,20.229999542236328,20.269800186157227,20.229999542236328,20.265899658203125,16716,0.0,0.0,0.0
2024-08-01 09:35:00-04:00,20.270000457763672,20.274999618530273,20.269899368286133,20.270099639892578,13569,0.0,0.0,0.0
2024-08-01 09:40:00-04:00,20.270000457763672,20.27739906311035,20.270000457763672,20.27739906311035,6935,0.0,0.0,0.0
2024-08-01 09:45:00-04:00,20.270000457763672,20.274999618530273,20.270000457763672,20.271099090576172,7410,0.0,0.0,0.0
2024-08-01 09:50:00-04:00,20.274999618530273,20.274999618530273,20.274999618530273,20.274999618530273,363,0.0,0.0,0.0
2024-08-01 09:55:00-04:00,20.274999618530273,20.274999618530273,20.270000457763672,20.274999618530273,4366,0.0,0.0,0.0
2024-08-01 10:00:00-04:00,20.275999069213867,20.28499984741211,20.275999069213867,20.28499984741211,6748,0.0,0.0,0.0
2024-08-01 10:05:00-04:00,20.290000915527344,20.290000915527344,20.290000915527344,20.290000915527344,1186,0.0,0.0,0.0
2024-08-01 10:10:00-04:00,20.290000915527344,20.290000915527344,20.28499984741211,20.28499984741211,999,0.0,0.0,0.0
2024-08-01 10:15:00-04:00,20.28499984741211,20.28499984741211,20.280000686645508,20.280099868774414,4197,0.0,0.0,0.0
2024-08-01 10:20:00-04:00,20.28499984741211,20.28499984741211,20.280000686645508,20.280000686645508,1576,0.0,0.0,0.0
2024-08-01 10:25:00-04:00,20.28510093688965,20.295400619506836,20.280000686645508,20.295400619506836,6024,0.0,0.0,0.0
2024-08-01 10:30:00-04:00,20.295000076293945,20.295900344848633,20.295000076293945,20.295900344848633,2632,0.0,0.0,0.0
2024-08-01 10:35:00-04:00,20.295000076293945,20.295000076293945,20.295000076293945,20.295000076293945,4826,0.0,0.0,0.0
2024-08-01 10:40:00-04:00,20.295000076293945,20.295000076293945,20.295000076293945,20.295000076293945,4554,0.0,0.0,0.0
2024-08-01 10:45:00-04:00,20.299800872802734,20.299800872802734,20.290000915527344,20.290000915527344,3319,0.0,0.0,0.0
2024-08-01 10:50:00-04:00,20.295000076293945,20.295000076293945,20.295000076293945,20.295000076293945,448,0.0,0.0,0.0
2024-08-01 10:55:00-04:00,20.295000076293945,20.299999237060547,20.295000076293945,20.295000076293945,1092,0.0,0.0,0.0
2024-08-01 11:00:00-04:00,20.293100357055664,20.295000076293945,20.293100357055664,20.295000076293945,5551,0.0,0.0,0.0
2024-08-01 11:10:00-04:00,20.290000915527344,20.295000076293945,20.28499984741211,20.28499984741211,24232,0.0,0.0,0.0
2024-08-01 11:20:00-04:00,20.280000686645508,20.28499984741211,20.280000686645508,20.280000686645508,4195,0.0,0.0,0.0
2024-08-01 11:25:00-04:00,20.280000686645508,20.28499984741211,20.274999618530273,20.280000686645508,877642,0.0,0.0,0.0
2024-08-01 11:30:00-04:00,20.27090072631836,20.27090072631836,20.270000457763672,20.270000457763672,2628,0.0,0.0,0.0
2024-08-01 11:35:00-04:00,20.279699325561523,20.279699325561523,20.274999618530273,20.274999618530273,4237,0.0,0.0,0.0
2024-08-01 11:40:00-04:00,20.27989959716797,20.27989959716797,20.279800415039062,20.279800415039062,1001,0.0,0.0,0.0
2024-08-01 11:45:00-04:00,20.270000457763672,20.270000457763672,20.270000457763672,20.270000457763672,794,0.0,0.0,0.0
2024-08-01 11:55:00-04:00,20.270000457763672,20.275699615478516,20.270000457763672,20.275699615478516,4694,0.0,0.0,0.0
2024-08-01 12:00:00-04:00,20.274999618530273,20.274999618530273,20.274999618530273,20.274999618530273,1402,0.0,0.0,0.0
2024-08-01 12:05:00-04:00,20.280000686645508,20.280000686645508,20.280000686645508,20.280000686645508,420,0.0,0.0,0.0
2024-08-01 12:10:00-04:00,20.287399291992188,20.289899826049805,20.284000396728516,20.284000396728516,5658,0.0,0.0,0.0
2024-08-01 12:15:00-04:00,20.290000915527344,20.290000915527344,20.290000915527344,20.290000915527344,315,0.0,0.0,0.0
2024-08-01 12:20:00-04:00,20.280000686645508,20.290000915527344,20.280000686645508,20.290000915527344,290,0.0,0.0,0.0
2024-08-01 12:25:00-04:00,20.295000076293945,20.295000076293945,20.295000076293945,20.295000076293945,663,0.0,0.0,0.0
2024-08-01 12:30:00-04:00,20.29669952392578,20.29669952392578,20.29669952392578,20.29669952392578,168,0.0,0.0,0.0
2024-08-01 12:35:00-04:00,20.29990005493164,20.29990005493164,20.290000915527344,20.290000915527344,2056,0.0,0.0,0.0
2024-08-01 12:40:00-04:00,20.295000076293945,20.295000076293945,20.290000915527344,20.290000915527344,3982,0.0,0.0,0.0
2024-08-01 12:45:00-04:00,20.28499984741211,20.28499984741211,20.28499984741211,20.28499984741211,6285,0.0,0.0,0.0
2024-08-01 12:50:00-04:00,20.289899826049805,20.289899826049805,20.280000686645508,20.280000686645508,4951,0.0,0.0,0.0
2024-08-01 12:55:00-04:00,20.280000686645508,20.28580093383789,20.280000686645508,20.280000686645508,1864,0.0,0.0,0.0
2024-08-01 13:00:00-04:00,20.280000686645508,20.281299591064453,20.280000686645508,20.280000686645508,5858,0.0,0.0,0.0
2024-08-01 13:05:00-04:00,20.270000457763672,20.270000457763672,20.270000457763672,20.270000457763672,264,0.0,0.0,0.0
2024-08-01 13:10:00-04:00,20.280000686645508,20.280000686645508,20.27630043029785,20.27630043029785,2579,0.0,0.0,0.0
2024-08-01 13:15:00-04:00,20.278900146484375,20.278900146484375,20.270000457763672,20.270000457763672,601,0.0,0.0,0.0
2024-08-01 13:25:00-04:00,20.270000457763672,20.274999618530273,20.270000457763672,20.274999618530273,1490,0.0,0.0,0.0
2024-08-01 13:30:00-04:00,20.270000457763672,20.270000457763672,20.270000457763672,20.270000457763672,355,0.0,0.0,0.0
2024-08-01 13:35:00-04:00,20.270000457763672,20.27910041809082,20.270000457763672,20.27910041809082,8789,0.0,0.0,0.0
2024-08-01 13:40:00-04:00,20.27899932861328,20.27899932861328,20.275999069213867,20.275999069213867,0,0.0,0.0,0.0
2024-08-01 13:45:00-04:00,20.274999618530273,20.274999618530273,20.274999618530273,20.274999618530273,646,0.0,0.0,0.0
2024-08-01 13:55:00-04:00,20.270000457763672,20.27989959716797,20.270000457763672,20.274999618530273,4346,0.0,0.0,0.0
2024-08-01 14:00:00-04:00,20.27989959716797,20.27989959716797,20.27630043029785,20.27630043029785,1339,0.0,0.0,0.0
2024-08-01 14:05:00-04:00,20.274999618530273,20.27899932861328,20.271400451660156,20.271400451660156,5763,0.0,0.0,0.0
2024-08-01 14:10:00-04:00,20.274999618530273,20.280000686645508,20.270000457763672,20.274999618530273,4696,0.0,0.0,0.0
2024-08-01 14:20:00-04:00,20.27039909362793,20.27039909362793,20.27039909362793,20.27039909362793,441,0.0,0.0,0.0
2024-08-01 14:25:00-04:00,20.270099639892578,20.27989959716797,20.270099639892578,20.274999618530273,3165,0.0,0.0,0.0
2024-08-01 14:30:00-04:00,20.27989959716797,20.27989959716797,20.270000457763672,20.270000457763672,811,0.0,0.0,0.0
2024-08-01 14:35:00-04:00,20.270000457763672,20.274999618530273,20.270000457763672,20.274999618530273,1715,0.0,0.0,0.0
2024-08-01 14:40:00-04:00,20.274999618530273,20.27899932861328,20.270000457763672,20.274999618530273,8796,0.0,0.0,0.0
2024-08-01 14:45:00-04:00,20.278900146484375,20.278900146484375,20.278900146484375,20.278900146484375,2779,0.0,0.0,0.0
2024-08-01 14:50:00-04:00,20.274999618530273,20.274999618530273,20.274999618530273,20.274999618530273,0,0.0,0.0,0.0
2024-08-01 14:55:00-04:00,20.280000686645508,20.28499984741211,20.280000686645508,20.28499984741211,5518,0.0,0.0,0.0
2024-08-01 15:00:00-04:00,20.28499984741211,20.290000915527344,20.280000686645508,20.290000915527344,4720,0.0,0.0,0.0
2024-08-01 15:05:00-04:00,20.28499984741211,20.28499984741211,20.280000686645508,20.28499984741211,6101,0.0,0.0,0.0
2024-08-01 15:10:00-04:00,20.280000686645508,20.28499984741211,20.280000686645508,20.283000946044922,2740,0.0,0.0,0.0
2024-08-01 15:15:00-04:00,20.2893009185791,20.289899826049805,20.280000686645508,20.289899826049805,19352,0.0,0.0,0.0
2024-08-01 15:20:00-04:00,20.28499984741211,20.28569984436035,20.280000686645508,20.28499984741211,7594,0.0,0.0,0.0
2024-08-01 15:25:00-04:00,20.28499984741211,20.28499984741211,20.280000686645508,20.28499984741211,0,0.0,0.0,0.0
2024-08-01 15:30:00-04:00,20.28499984741211,20.28890037536621,20.2810001373291,20.28890037536621,4542,0.0,0.0,0.0
2024-08-01 15:35:00-04:00,20.280099868774414,20.290000915527344,20.280099868774414,20.28499984741211,6105,0.0,0.0,0.0
2024-08-01 15:40:00-04:00,20.28499984741211,20.2898006439209,20.280000686645508,20.28499984741211,2874,0.0,0.0,0.0
2024-08-01 15:45:00-04:00,20.28499984741211,20.290000915527344,20.280000686645508,20.290000915527344,2103,0.0,0.0,0.0
2024-08-01 15:55:00-04:00,20.290000915527344,20.290000915527344,20.28499984741211,20.290000915527344,50502,0.0,0.0,0.0
2024-08-02 09:30:00-04:00,20.299999237060547,20.36989974975586,20.270999908447266,20.36009979248047,0,0.0,0.0,0.0
2024-08-02 09:40:00-04:00,20.375,20.375,20.375,20.375,992,0.0,0.0,0.0
2024-08-02 09:45:00-04:00,20.375,20.379899978637695,20.375,20.37779998779297,4423,0.0,0.0,0.0
2024-08-02 09:50:00-04:00,20.378999710083008,20.378999710083008,20.375,20.375,8113,0.0,0.0,0.0
2024-08-02 09:55:00-04:00,20.378999710083008,20.378999710083008,20.375,20.375,436,0.0,0.0,0.0
2024-08-02 10:00:00-04:00,20.37700080871582,20.37700080871582,20.375,20.375,3322,0.0,0.0,0.0
2024-08-02 10:05:00-04:00,20.385000228881836,20.385000228881836,20.385000228881836,20.385000228881836,4370,0.0,0.0,0.0
2024-08-02 10:10:00-04:00,20.3799991607666,20.3799991607666,20.3799991607666,20.3799991607666,2089,0.0,0.0,0.0
2024-08-02 10:15:00-04:00,20.385000228881836,20.385000228881836,20.385000228881836,20.385000228881836,6050,0.0,0.0,0.0
2024-08-02 10:20:00-04:00,20.395000457763672,20.395000457763672,20.395000457763672,20.395000457763672,1248,0.0,0.0,0.0
2024-08-02 10:25:00-04:00,20.389999389648438,20.389999389648438,20.389999389648438,20.389999389648438,197,0.0,0.0,0.0
2024-08-02 10:30:00-04:00,20.381900787353516,20.381900787353516,20.381900787353516,20.381900787353516,4594,0.0,0.0,0.0
2024-08-02 10:40:00-04:00,20.386600494384766,20.395000457763672,20.386600494384766,20.395000457763672,5639,0.0,0.0,0.0
2024-08-02 10:45:00-04:00,20.38409996032715,20.38599967956543,20.381099700927734,20.381099700927734,5031,0.0,0.0,0.0
2024-08-02 10:50:00-04:00,20.385000228881836,20.38990020751953,20.38010025024414,20.383399963378906,2228,0.0,0.0,0.0
2024-08-02 10:55:00-04:00,20.3799991607666,20.385000228881836,20.3799991607666,20.385000228881836,706,0.0,0.0,0.0
2024-08-02 11:00:00-04:00,20.38129997253418,20.384000778198242,20.3799991607666,20.3799991607666,3040,0.0,0.0,0.0
2024-08-02 11:10:00-04:00,20.3799991607666,20.3799991607666,20.379899978637695,20.379899978637695,1003,0.0,0.0,0.0
2024-08-02 11:20:00-04:00,20.385000228881836,20.389999389648438,20.385000228881836,20.38629913330078,1210,0.0,0.0,0.0
2024-08-02 11:25:00-04:00,20.38520050048828,20.38520050048828,20.38520050048828,20.38520050048828,2521,0.0,0.0,0.0
2024-08-02 11:30:00-04:00,20.385000228881836,20.385000228881836,20.385000228881836,20.385000228881836,600,0.0,0.0,0.0
2024-08-02 11:35:00-04:00,20.389999389648438,20.395000457763672,20.389999389648438,20.395000457763672,1018,0.0,0.0,0.0
2024-08-02 11:50:00-04:00,20.395999908447266,20.399999618530273,20.391300201416016,20.395000457763672,9525,0.0,0.0,0.0
2024-08-02 11:55:00-04:00,20.389999389648438,20.389999389648438,20.389999389648438,20.389999389648438,1400,0.0,0.0,0.0
2024-08-02 12:00:00-04:00,20.389999389648438,20.389999389648438,20.3799991607666,20.3799991607666,3192,0.0,0.0,0.0
2024-08-02 12:10:00-04:00,20.3799991607666,20.3799991607666,20.3799991607666,20.3799991607666,2569,0.0,0.0,0.0
2024-08-02 12:15:00-04:00,20.389999389648438,20.389999389648438,20.389999389648438,20.389999389648438,0,0.0,0.0,0.0
2024-08-02 12:20:00-04:00,20.38010025024414,20.38129997253418,20.38010025024414,20.38129997253418,594,0.0,0.0,0.0
2024-08-02 12:25:00-04:00,20.3799991607666,20.3799991607666,20.3799991607666,20.3799991607666,200,0.0,0.0,0.0
2024-08-02 12:30:00-04:00,20.3799991607666,20.3799991607666,20.37969970703125,20.37969970703125,138,0.0,0.0,0.0
2024-08-02 12:35:00-04:00,20.38990020751953,20.38990020751953,20.38990020751953,20.38990020751953,347,0.0,0.0,0.0
2024-08-02 12:45:00-04:00,20.38129997253418,20.38129997253418,20.38129997253418,20.38129997253418,199,0.0,0.0,0.0
2024-08-02 12:50:00-04:00,20.380800247192383,20.385000228881836,20.380800247192383,20.385000228881836,800,0.0,0.0,0.0
2024-08-02 12:55:00-04:00,20.3799991607666,20.389999389648438,20.3799991607666,20.385000228881836,6054,0.0,0.0,0.0
2024-08-02 13:00:00-04:00,20.3799991607666,20.3799991607666,20.3799991607666,20.3799991607666,1906,0.0,0.0,0.0
2024-08-02 13:05:00-04:00,20.3799991607666,20.3799991607666,20.3799991607666,20.3799991607666,91,0.0,0.0,0.0
2024-08-02 13:10:00-04:00,20.389999389648438,20.389999389648438,20.389999389648438,20.389999389648438,8217,0.0,0.0,0.0
2024-08-02 13:25:00-04:00,20.386899948120117,20.386899948120117,20.3799991607666,20.3799991607666,4014,0.0,0.0,0.0
2024-08-02 13:30:00-04:00,20.385000228881836,20.385000228881836,20.385000228881836,20.385000228881836,1382,0.0,0.0,0.0
2024-08-02 13:35:00-04:00,20.388999938964844,20.389999389648438,20.38520050048828,20.38520050048828,459,0.0,0.0,0.0
2024-08-02 13:40:00-04:00,20.3799991607666,20.386600494384766,20.3799991607666,20.386600494384766,2038,0.0,0.0,0.0
2024-08-02 13:45:00-04:00,20.38599967956543,20.38599967956543,20.38599967956543,20.38599967956543,623,0.0,0.0,0.0
2024-08-02 13:50:00-04:00,20.388500213623047,20.389999389648438,20.3799991607666,20.385000228881836,4516,0.0,0.0,0.0
2024-08-02 13:55:00-04:00,20.385000228881836,20.388599395751953,20.385000228881836,20.388599395751953,1288,0.0,0.0,0.0
2024-08-02 14:00:00-04:00,20.38990020751953,20.38990020751953,20.3799991607666,20.38129997253418,1080,0.0,0.0,0.0
2024-08-02 14:05:00-04:00,20.38789939880371,20.38990020751953,20.3799991607666,20.38990020751953,7161,0.0,0.0,0.0
2024-08-02 14:10:00-04:00,20.385000228881836,20.389699935913086,20.3799991607666,20.3799991607666,0,0.0,0.0,0.0
2024-08-02 14:15:00-04:00,20.389999389648438,20.395999908447266,20.389999389648438,20.395999908447266,1999,0.0,0.0,0.0
2024-08-02 14:20:00-04:00,20.395000457763672,20.399700164794922,20.395000457763672,20.399700164794922,1439,0.0,0.0,0.0
2024-08-02 14:25:00-04:00,20.395000457763672,20.399999618530273,20.395000457763672,20.399999618530273,9750,0.0,0.0,0.0
2024-08-02 14:30:00-04:00,20.399999618530273,20.40049934387207,20.399999618530273,20.40049934387207,1209,0.0,0.0,0.0
2024-08-02 14:35:00-04:00,20.409700393676758,20.409700393676758,20.399999618530273,20.405000686645508,1450,0.0,0.0,0.0
2024-08-02 14:40:00-04:00,20.399999618530273,20.399999618530273,20.399999618530273,20.399999618530273,2353,0.0,0.0,0.0
2024-08-02 14:45:00-04:00,20.4060001373291,20.4060001373291,20.40290069580078,20.40290069580078,1917,0.0,0.0,0.0
2024-08-02 14:50:00-04:00,20.40049934387207,20.40130043029785,20.40049934387207,20.40130043029785,563,0.0,0.0,0.0
2024-08-02 14:55:00-04:00,20.40169906616211,20.40999984741211,20.40169906616211,20.403900146484375,1007,0.0,0.0,0.0
2024-08-02 15:00:00-04:00,20.41010093688965,20.41010093688965,20.41010093688965,20.41010093688965,692,0.0,0.0,0.0
2024-08-02 15:05:00-04:00,20.414400100708008,20.415000915527344,20.40399932861328,20.40399932861328,9082,0.0,0.0,0.0
2024-08-02 15:10:00-04:00,20.405000686645508,20.405000686645508,20.405000686645508,20.405000686645508,2051,0.0,0.0,0.0
2024-08-02 15:15:00-04:00,20.405000686645508,20.405000686645508,20.40130043029785,20.40130043029785,1275,0.0,0.0,0.0
2024-08-02 15:20:00-04:00,20.405000686645508,20.40999984741211,20.405000686645508,20.405000686645508,6036,0.0,0.0,0.0
2024-08-02 15:25:00-04:00,20.400100708007812,20.400100708007812,20.400100708007812,20.400100708007812,2822,0.0,0.0,0.0
2024-08-02 15:30:00-04:00,20.407400131225586,20.407400131225586,20.40130043029785,20.40130043029785,5070,0.0,0.0,0.0
2024-08-02 15:35:00-04:00,20.402700424194336,20.405000686645508,20.399999618530273,20.399999618530273,1052,0.0,0.0,0.0
2024-08-02 15:40:00-04:00,20.40999984741211,20.415000915527344,20.40850067138672,20.415000915527344,1467,0.0,0.0,0.0
2024-08-02 15:45:00-04:00,20.415000915527344,20.420000076293945,20.40999984741211,20.420000076293945,5904,0.0,0.0,0.0
2024-08-02 15:50:00-04:00,20.41990089416504,20.41990089416504,20.40999984741211,20.415000915527344,2048,0.0,0.0,0.0
2024-08-02 15:55:00-04:00,20.415000915527344,20.415000915527344,20.40999984741211,20.415000915527344,3944,0.0,0.0,0.0
