Datetime,Open,High,Low,Close,Volume,Dividends,Stock Splits
2024-07-03 09:30:00-04:00,57.349998474121094,57.349998474121094,57.349998474121094,57.349998474121094,0,0.0,0.0
2024-07-03 09:35:00-04:00,57.369998931884766,57.369998931884766,57.369998931884766,57.369998931884766,388,0.0,0.0
2024-07-03 09:40:00-04:00,57.20000076293945,57.20000076293945,57.20000076293945,57.20000076293945,226,0.0,0.0
2024-07-03 09:45:00-04:00,57.46500015258789,57.540000915527344,57.46500015258789,57.540000915527344,1935,0.0,0.0
2024-07-03 09:55:00-04:00,57.15999984741211,57.15999984741211,57.119998931884766,57.119998931884766,1138,0.0,0.0
2024-07-03 10:00:00-04:00,57.0625,57.0625,57.0625,57.0625,253,0.0,0.0
2024-07-03 10:05:00-04:00,56.880001068115234,56.880001068115234,56.880001068115234,56.880001068115234,988,0.0,0.0
2024-07-03 10:10:00-04:00,57.290000915527344,57.290000915527344,57.290000915527344,57.290000915527344,883,0.0,0.0
2024-07-03 10:20:00-04:00,57.40810012817383,57.529998779296875,57.40810012817383,57.529998779296875,671,0.0,0.0
2024-07-03 10:25:00-04:00,57.31999969482422,57.31999969482422,57.18000030517578,57.18000030517578,2524,0.0,0.0
2024-07-03 10:35:00-04:00,57.141700744628906,57.141700744628906,57.141700744628906,57.141700744628906,370,0.0,0.0
2024-07-03 10:40:00-04:00,57.04999923706055,57.16999816894531,56.79499816894531,56.79499816894531,2130,0.0,0.0
2024-07-03 10:45:00-04:00,56.83000183105469,56.83000183105469,56.7400016784668,56.7400016784668,1732,0.0,0.0
2024-07-03 10:50:00-04:00,56.5,56.560001373291016,56.4900016784668,56.560001373291016,555,0.0,0.0
2024-07-03 10:55:00-04:00,56.34000015258789,56.709999084472656,56.34000015258789,56.65999984741211,3134,0.0,0.0
2024-07-03 11:00:00-04:00,56.45000076293945,56.45000076293945,56.45000076293945,56.45000076293945,1020,0.0,0.0
2024-07-03 11:10:00-04:00,56.22999954223633,56.279998779296875,56.03799819946289,56.03799819946289,1630,0.0,0.0
2024-07-03 11:15:00-04:00,56.06999969482422,56.31999969482422,56.03799819946289,56.31999969482422,4163,0.0,0.0
2024-07-03 11:25:00-04:00,56.36000061035156,56.420101165771484,56.36000061035156,56.3650016784668,748,0.0,0.0
2024-07-03 11:30:00-04:00,56.459999084472656,56.459999084472656,56.27000045776367,56.27000045776367,1377,0.0,0.0
2024-07-03 11:35:00-04:00,56.279998779296875,56.349998474121094,56.17559814453125,56.28300094604492,1996,0.0,0.0
2024-07-03 11:40:00-04:00,56.27000045776367,56.380001068115234,56.27000045776367,56.349998474121094,909,0.0,0.0
2024-07-03 11:45:00-04:00,56.370601654052734,56.54999923706055,56.370601654052734,56.54999923706055,1225,0.0,0.0
2024-07-03 11:50:00-04:00,56.56999969482422,56.61000061035156,56.5,56.61000061035156,804,0.0,0.0
2024-07-03 11:55:00-04:00,56.63999938964844,56.63999938964844,56.5099983215332,56.63999938964844,2439,0.0,0.0
2024-07-03 12:00:00-04:00,56.630001068115234,56.70000076293945,56.49209976196289,56.70000076293945,2075,0.0,0.0
2024-07-03 12:05:00-04:00,56.7599983215332,56.7599983215332,56.599998474121094,56.70000076293945,1097,0.0,0.0
2024-07-03 12:10:00-04:00,56.63999938964844,56.63999938964844,56.5099983215332,56.5099983215332,2641,0.0,0.0
2024-07-03 12:15:00-04:00,56.47999954223633,56.61000061035156,56.470001220703125,56.61000061035156,1772,0.0,0.0
2024-07-03 12:20:00-04:00,56.779998779296875,56.779998779296875,56.69929885864258,56.70500183105469,817,0.0,0.0
2024-07-03 12:25:00-04:00,56.790000915527344,56.9900016784668,56.790000915527344,56.897499084472656,1048,0.0,0.0
2024-07-03 12:30:00-04:00,56.970001220703125,56.970001220703125,56.900001525878906,56.900001525878906,1306,0.0,0.0
2024-07-03 12:35:00-04:00,56.869998931884766,56.869998931884766,56.7400016784668,56.7400016784668,3574,0.0,0.0
2024-07-03 12:40:00-04:00,56.65999984741211,56.77000045776367,56.65999984741211,56.665000915527344,4866,0.0,0.0
2024-07-03 12:50:00-04:00,56.9900016784668,57.25,56.97999954223633,57.25,6276,0.0,0.0
2024-07-03 12:55:00-04:00,57.150001525878906,57.150001525878906,56.77000045776367,56.77000045776367,12845,0.0,0.0
2024-07-05 09:30:00-04:00,56.630001068115234,56.630001068115234,56.380001068115234,56.380001068115234,1404,0.0,0.0
2024-07-05 09:35:00-04:00,56.36000061035156,56.36000061035156,56.20000076293945,56.20000076293945,575,0.0,0.0
2024-07-05 09:40:00-04:00,56.54999923706055,56.54999923706055,56.43000030517578,56.43000030517578,404,0.0,0.0
2024-07-05 10:00:00-04:00,56.40999984741211,56.40999984741211,56.380001068115234,56.380001068115234,1788,0.0,0.0
2024-07-05 10:05:00-04:00,56.349998474121094,56.51499938964844,56.310001373291016,56.51499938964844,1343,0.0,0.0
2024-07-05 10:35:00-04:00,56.43000030517578,56.43000030517578,56.43000030517578,56.43000030517578,355,0.0,0.0
2024-07-05 10:55:00-04:00,56.79999923706055,56.79999923706055,56.79999923706055,56.79999923706055,241,0.0,0.0
2024-07-05 11:00:00-04:00,56.970001220703125,57.0099983215332,56.970001220703125,57.0099983215332,767,0.0,0.0
2024-07-05 11:10:00-04:00,56.959999084472656,56.959999084472656,56.95000076293945,56.95000076293945,1133,0.0,0.0
2024-07-05 11:15:00-04:00,56.94499969482422,56.94499969482422,56.94499969482422,56.94499969482422,582,0.0,0.0
2024-07-05 11:20:00-04:00,56.849998474121094,56.849998474121094,56.82500076293945,56.82500076293945,724,0.0,0.0
2024-07-05 11:25:00-04:00,56.775001525878906,56.775001525878906,56.775001525878906,56.775001525878906,1024,0.0,0.0
2024-07-05 11:35:00-04:00,56.65679931640625,56.65679931640625,56.65679931640625,56.65679931640625,647,0.0,0.0
2024-07-05 11:45:00-04:00,56.74399948120117,56.74399948120117,56.74399948120117,56.74399948120117,502,0.0,0.0
2024-07-05 11:50:00-04:00,56.70000076293945,56.70000076293945,56.63999938964844,56.63999938964844,894,0.0,0.0
2024-07-05 11:55:00-04:00,56.52289962768555,56.619998931884766,56.52289962768555,56.619998931884766,1784,0.0,0.0
2024-07-05 12:05:00-04:00,56.68000030517578,56.68000030517578,56.68000030517578,56.68000030517578,506,0.0,0.0
2024-07-05 12:10:00-04:00,56.75680160522461,56.75680160522461,56.75680160522461,56.75680160522461,465,0.0,0.0
2024-07-05 12:15:00-04:00,56.81999969482422,56.81999969482422,56.72999954223633,56.72999954223633,4180,0.0,0.0
2024-07-05 12:25:00-04:00,56.709999084472656,56.709999084472656,56.689998626708984,56.689998626708984,1406,0.0,0.0
2024-07-05 12:30:00-04:00,56.619998931884766,56.79499816894531,56.619998931884766,56.79499816894531,1013,0.0,0.0
2024-07-05 12:45:00-04:00,56.66999816894531,56.66999816894531,56.66999816894531,56.66999816894531,641,0.0,0.0
2024-07-05 12:55:00-04:00,56.65999984741211,56.65999984741211,56.65999984741211,56.65999984741211,834,0.0,0.0
2024-07-05 13:10:00-04:00,56.70000076293945,56.70000076293945,56.70000076293945,56.70000076293945,1682,0.0,0.0
2024-07-05 13:20:00-04:00,56.7400016784668,56.7400016784668,56.7400016784668,56.7400016784668,834,0.0,0.0
2024-07-05 13:35:00-04:00,56.74449920654297,56.74449920654297,56.74449920654297,56.74449920654297,319,0.0,0.0
2024-07-05 13:40:00-04:00,56.66999816894531,56.66999816894531,56.66999816894531,56.66999816894531,753,0.0,0.0
2024-07-05 13:45:00-04:00,56.61000061035156,56.61000061035156,56.61000061035156,56.61000061035156,1135,0.0,0.0
2024-07-05 14:00:00-04:00,56.68000030517578,56.709999084472656,56.68000030517578,56.709999084472656,1706,0.0,0.0
2024-07-05 14:10:00-04:00,56.849998474121094,56.849998474121094,56.83000183105469,56.83000183105469,926,0.0,0.0
2024-07-05 14:20:00-04:00,56.810001373291016,56.810001373291016,56.810001373291016,56.810001373291016,601,0.0,0.0
2024-07-05 14:25:00-04:00,56.86000061035156,56.86000061035156,56.86000061035156,56.86000061035156,580,0.0,0.0
2024-07-05 14:30:00-04:00,56.900001525878906,56.900001525878906,56.900001525878906,56.900001525878906,538,0.0,0.0
2024-07-05 14:45:00-04:00,56.849998474121094,56.8849983215332,56.75,56.877498626708984,2649,0.0,0.0
2024-07-05 14:50:00-04:00,56.810001373291016,56.810001373291016,56.779998779296875,56.779998779296875,1040,0.0,0.0
2024-07-05 14:55:00-04:00,56.869998931884766,56.869998931884766,56.79999923706055,56.79999923706055,3074,0.0,0.0
2024-07-05 15:15:00-04:00,56.790000915527344,56.790000915527344,56.790000915527344,56.790000915527344,829,0.0,0.0
2024-07-05 15:20:00-04:00,56.79999923706055,56.79999923706055,56.75,56.75,1303,0.0,0.0
2024-07-05 15:25:00-04:00,56.82500076293945,56.82500076293945,56.76139831542969,56.76139831542969,543,0.0,0.0
2024-07-05 15:30:00-04:00,56.775001525878906,56.775001525878906,56.775001525878906,56.775001525878906,1495,0.0,0.0
2024-07-05 15:40:00-04:00,56.76499938964844,56.83000183105469,56.76499938964844,56.83000183105469,1087,0.0,0.0
2024-07-05 15:45:00-04:00,56.91999816894531,57.0,56.880001068115234,57.0,2697,0.0,0.0
2024-07-05 15:50:00-04:00,56.959999084472656,56.98500061035156,56.900001525878906,56.93000030517578,6591,0.0,0.0
2024-07-05 15:55:00-04:00,56.869998931884766,56.869998931884766,56.61000061035156,56.70000076293945,12588,0.0,0.0
2024-07-08 09:30:00-04:00,56.970001220703125,56.970001220703125,56.970001220703125,56.970001220703125,2220,0.0,0.0
2024-07-08 09:45:00-04:00,57.03499984741211,57.310001373291016,57.03499984741211,57.2400016784668,1522,0.0,0.0
2024-07-08 09:50:00-04:00,57.209999084472656,57.36000061035156,57.15999984741211,57.20690155029297,804,0.0,0.0
2024-07-08 10:00:00-04:00,57.43000030517578,57.59000015258789,57.43000030517578,57.540000915527344,2729,0.0,0.0
2024-07-08 10:10:00-04:00,57.720001220703125,57.7400016784668,57.650001525878906,57.650001525878906,1243,0.0,0.0
2024-07-08 10:15:00-04:00,57.619998931884766,57.619998931884766,57.529998779296875,57.529998779296875,1182,0.0,0.0
2024-07-08 10:20:00-04:00,57.5099983215332,57.5099983215332,57.47999954223633,57.47999954223633,1716,0.0,0.0
2024-07-08 10:35:00-04:00,57.560001373291016,57.560001373291016,57.560001373291016,57.560001373291016,255,0.0,0.0
2024-07-08 10:40:00-04:00,57.59000015258789,57.70000076293945,57.59000015258789,57.65999984741211,1575,0.0,0.0
2024-07-08 10:45:00-04:00,57.68000030517578,57.68000030517578,57.65999984741211,57.65999984741211,913,0.0,0.0
2024-07-08 10:55:00-04:00,57.75,57.900001525878906,57.70000076293945,57.900001525878906,1490,0.0,0.0
2024-07-08 11:05:00-04:00,57.650001525878906,57.650001525878906,57.58000183105469,57.58000183105469,2647,0.0,0.0
2024-07-08 11:10:00-04:00,57.70000076293945,57.70000076293945,57.70000076293945,57.70000076293945,1413,0.0,0.0
2024-07-08 11:20:00-04:00,57.599998474121094,57.599998474121094,57.54999923706055,57.54999923706055,1080,0.0,0.0
2024-07-08 11:25:00-04:00,57.548500061035156,57.548500061035156,57.548500061035156,57.548500061035156,1028,0.0,0.0
2024-07-08 11:35:00-04:00,57.209999084472656,57.209999084472656,57.209999084472656,57.209999084472656,1173,0.0,0.0
2024-07-08 11:45:00-04:00,57.29750061035156,57.29750061035156,57.29499816894531,57.29499816894531,788,0.0,0.0
2024-07-08 11:50:00-04:00,57.35499954223633,57.5,57.35499954223633,57.5,1000,0.0,0.0
2024-07-08 11:55:00-04:00,57.470001220703125,57.470001220703125,57.41899871826172,57.41899871826172,1606,0.0,0.0
2024-07-08 12:00:00-04:00,57.2400016784668,57.29999923706055,57.12009811401367,57.220001220703125,3764,0.0,0.0
2024-07-08 12:05:00-04:00,57.189998626708984,57.31999969482422,57.0,57.0,8925,0.0,0.0
2024-07-08 12:10:00-04:00,57.0,57.0,56.96500015258789,56.97999954223633,2378,0.0,0.0
2024-07-08 12:15:00-04:00,56.90999984741211,56.91999816894531,56.90999984741211,56.91999816894531,1433,0.0,0.0
2024-07-08 12:20:00-04:00,56.90999984741211,56.92499923706055,56.90999984741211,56.92499923706055,1035,0.0,0.0
2024-07-08 12:25:00-04:00,57.0099983215332,57.11000061035156,56.97999954223633,57.11000061035156,1182,0.0,0.0
2024-07-08 12:30:00-04:00,57.04010009765625,57.04999923706055,57.04010009765625,57.04999923706055,805,0.0,0.0
2024-07-08 12:35:00-04:00,56.9900016784668,56.9900016784668,56.9900016784668,56.9900016784668,847,0.0,0.0
2024-07-08 12:40:00-04:00,57.08000183105469,57.09000015258789,57.029998779296875,57.029998779296875,890,0.0,0.0
2024-07-08 12:45:00-04:00,57.08000183105469,57.08000183105469,57.04999923706055,57.060001373291016,1512,0.0,0.0
2024-07-08 12:50:00-04:00,57.0099983215332,57.04750061035156,56.970001220703125,57.04750061035156,2501,0.0,0.0
2024-07-08 12:55:00-04:00,57.0,57.0,57.0,57.0,288,0.0,0.0
2024-07-08 13:00:00-04:00,56.93000030517578,56.94499969482422,56.8650016784668,56.944000244140625,2866,0.0,0.0
2024-07-08 13:10:00-04:00,56.880001068115234,56.880001068115234,56.790000915527344,56.790000915527344,1625,0.0,0.0
2024-07-08 13:15:00-04:00,56.90999984741211,56.90999984741211,56.86000061035156,56.86000061035156,4168,0.0,0.0
2024-07-08 13:30:00-04:00,56.720001220703125,56.810001373291016,56.720001220703125,56.810001373291016,798,0.0,0.0
2024-07-08 13:35:00-04:00,56.81999969482422,56.849998474121094,56.81999969482422,56.81999969482422,659,0.0,0.0
2024-07-08 13:40:00-04:00,56.810001373291016,56.810001373291016,56.810001373291016,56.810001373291016,792,0.0,0.0
2024-07-08 13:45:00-04:00,56.779998779296875,56.779998779296875,56.779998779296875,56.779998779296875,2233,0.0,0.0
2024-07-08 13:55:00-04:00,56.76499938964844,56.79999923706055,56.72999954223633,56.79999923706055,2032,0.0,0.0
2024-07-08 14:00:00-04:00,56.83000183105469,56.84000015258789,56.83000183105469,56.84000015258789,837,0.0,0.0
2024-07-08 14:05:00-04:00,56.79999923706055,56.79999923706055,56.75,56.75,1402,0.0,0.0
2024-07-08 14:10:00-04:00,56.68000030517578,56.68000030517578,56.68000030517578,56.68000030517578,833,0.0,0.0
2024-07-08 14:15:00-04:00,56.61000061035156,56.61000061035156,56.61000061035156,56.61000061035156,661,0.0,0.0
2024-07-08 14:20:00-04:00,56.66999816894531,56.720001220703125,56.65999984741211,56.65999984741211,4414,0.0,0.0
2024-07-08 14:25:00-04:00,56.63999938964844,56.63999938964844,56.599998474121094,56.599998474121094,900,0.0,0.0
2024-07-08 14:30:00-04:00,56.560001373291016,56.560001373291016,56.54499816894531,56.54499816894531,1315,0.0,0.0
2024-07-08 14:35:00-04:00,56.560001373291016,56.619998931884766,56.560001373291016,56.567501068115234,1987,0.0,0.0
2024-07-08 14:40:00-04:00,56.56999969482422,56.56999969482422,56.54999923706055,56.56999969482422,1460,0.0,0.0
2024-07-08 14:45:00-04:00,56.55500030517578,56.55500030517578,56.55500030517578,56.55500030517578,409,0.0,0.0
2024-07-08 14:50:00-04:00,56.540000915527344,56.775001525878906,56.540000915527344,56.76499938964844,3783,0.0,0.0
2024-07-08 14:55:00-04:00,56.79999923706055,56.79999923706055,56.72999954223633,56.72999954223633,1264,0.0,0.0
2024-07-08 15:00:00-04:00,56.720001220703125,56.75,56.689998626708984,56.7400016784668,1825,0.0,0.0
2024-07-08 15:05:00-04:00,56.70000076293945,56.71500015258789,56.63999938964844,56.63999938964844,1728,0.0,0.0
2024-07-08 15:15:00-04:00,56.630001068115234,56.630001068115234,56.61000061035156,56.619998931884766,3585,0.0,0.0
2024-07-08 15:20:00-04:00,56.790000915527344,56.790000915527344,56.790000915527344,56.790000915527344,1071,0.0,0.0
2024-07-08 15:25:00-04:00,56.720001220703125,56.72999954223633,56.5099983215332,56.52000045776367,5945,0.0,0.0
2024-07-08 15:30:00-04:00,56.470001220703125,56.47999954223633,56.279998779296875,56.28499984741211,3107,0.0,0.0
2024-07-08 15:35:00-04:00,56.34000015258789,56.560001373291016,56.34000015258789,56.560001373291016,3729,0.0,0.0
2024-07-08 15:40:00-04:00,56.4900016784668,56.5,56.275001525878906,56.369998931884766,4460,0.0,0.0
2024-07-08 15:45:00-04:00,56.377498626708984,56.38249969482422,56.2599983215332,56.2599983215332,5366,0.0,0.0
2024-07-08 15:50:00-04:00,56.27000045776367,56.52000045776367,56.2599983215332,56.38999938964844,17264,0.0,0.0
2024-07-08 15:55:00-04:00,56.369998931884766,56.369998931884766,56.130001068115234,56.290000915527344,23725,0.0,0.0
2024-07-09 09:30:00-04:00,56.20000076293945,56.20000076293945,56.20000076293945,56.20000076293945,6125,0.0,0.0
2024-07-09 09:45:00-04:00,56.18000030517578,56.18000030517578,55.81999969482422,55.81999969482422,1951,0.0,0.0
2024-07-09 09:50:00-04:00,55.85749816894531,55.85749816894531,55.720001220703125,55.720001220703125,1035,0.0,0.0
2024-07-09 09:55:00-04:00,55.720001220703125,55.720001220703125,55.599998474121094,55.599998474121094,510,0.0,0.0
2024-07-09 10:00:00-04:00,55.560001373291016,55.762901306152344,55.4900016784668,55.4900016784668,1115,0.0,0.0
2024-07-09 10:05:00-04:00,55.58399963378906,56.149898529052734,55.58399963378906,55.86149978637695,5713,0.0,0.0
2024-07-09 10:10:00-04:00,56.05690002441406,56.05690002441406,56.05690002441406,56.05690002441406,272,0.0,0.0
2024-07-09 10:15:00-04:00,55.83000183105469,55.83000183105469,55.470001220703125,55.470001220703125,1088,0.0,0.0
2024-07-09 10:20:00-04:00,55.61750030517578,55.89500045776367,55.61750030517578,55.89500045776367,4224,0.0,0.0
2024-07-09 10:25:00-04:00,56.310001373291016,56.310001373291016,56.310001373291016,56.310001373291016,152,0.0,0.0
2024-07-09 10:30:00-04:00,56.34400177001953,56.34400177001953,56.34400177001953,56.34400177001953,172,0.0,0.0
2024-07-09 10:35:00-04:00,56.209999084472656,56.29999923706055,56.16999816894531,56.16999816894531,1650,0.0,0.0
2024-07-09 10:40:00-04:00,56.15999984741211,56.25,56.15999984741211,56.22999954223633,1574,0.0,0.0
2024-07-09 10:45:00-04:00,56.17499923706055,56.17499923706055,55.939998626708984,55.98500061035156,3207,0.0,0.0
2024-07-09 10:55:00-04:00,55.900001525878906,56.029998779296875,55.84000015258789,56.029998779296875,2027,0.0,0.0
2024-07-09 11:00:00-04:00,55.79999923706055,55.92789840698242,55.79999923706055,55.85499954223633,1609,0.0,0.0
2024-07-09 11:05:00-04:00,55.900001525878906,56.04999923706055,55.869998931884766,56.040000915527344,4169,0.0,0.0
2024-07-09 11:10:00-04:00,55.8390998840332,55.8390998840332,55.8390998840332,55.8390998840332,555,0.0,0.0
2024-07-09 11:15:00-04:00,55.900001525878906,56.005001068115234,55.77000045776367,55.915000915527344,1808,0.0,0.0
2024-07-09 11:25:00-04:00,55.900001525878906,55.900001525878906,55.900001525878906,55.900001525878906,1098,0.0,0.0
2024-07-09 11:35:00-04:00,55.915000915527344,55.93000030517578,55.915000915527344,55.93000030517578,804,0.0,0.0
2024-07-09 11:40:00-04:00,55.900001525878906,55.900001525878906,55.900001525878906,55.900001525878906,1003,0.0,0.0
2024-07-09 11:45:00-04:00,55.939998626708984,55.95000076293945,55.869998931884766,55.95000076293945,1625,0.0,0.0
2024-07-09 11:55:00-04:00,55.9900016784668,55.9900016784668,55.9900016784668,55.9900016784668,489,0.0,0.0
2024-07-09 12:05:00-04:00,55.959999084472656,55.959999084472656,55.939998626708984,55.939998626708984,1239,0.0,0.0
2024-07-09 12:10:00-04:00,55.970001220703125,55.970001220703125,55.970001220703125,55.970001220703125,238,0.0,0.0
2024-07-09 12:15:00-04:00,55.97999954223633,56.05500030517578,55.880001068115234,56.05500030517578,2173,0.0,0.0
2024-07-09 12:20:00-04:00,56.099998474121094,56.099998474121094,56.099998474121094,56.099998474121094,588,0.0,0.0
2024-07-09 12:25:00-04:00,56.16999816894531,56.16999816894531,56.16999816894531,56.16999816894531,1053,0.0,0.0
2024-07-09 12:30:00-04:00,56.0,56.029998779296875,56.0,56.029998779296875,851,0.0,0.0
2024-07-09 12:35:00-04:00,56.0,56.0,56.0,56.0,473,0.0,0.0
2024-07-09 12:40:00-04:00,56.08599853515625,56.08599853515625,56.08599853515625,56.08599853515625,272,0.0,0.0
2024-07-09 12:45:00-04:00,56.06999969482422,56.06999969482422,56.0,56.0,1149,0.0,0.0
2024-07-09 12:50:00-04:00,56.0,56.0620002746582,56.0,56.0620002746582,1335,0.0,0.0
2024-07-09 12:55:00-04:00,56.04999923706055,56.04999923706055,56.04999923706055,56.04999923706055,657,0.0,0.0
2024-07-09 13:05:00-04:00,56.060001373291016,56.060001373291016,56.060001373291016,56.060001373291016,440,0.0,0.0
2024-07-09 13:10:00-04:00,56.119998931884766,56.20000076293945,56.099998474121094,56.099998474121094,2811,0.0,0.0
2024-07-09 13:15:00-04:00,56.029998779296875,56.029998779296875,55.810001373291016,55.810001373291016,1985,0.0,0.0
2024-07-09 13:20:00-04:00,55.790000915527344,56.0,55.709999084472656,56.0,4374,0.0,0.0
2024-07-09 13:25:00-04:00,56.04999923706055,56.04999923706055,56.04999923706055,56.04999923706055,346,0.0,0.0
2024-07-09 13:30:00-04:00,56.130001068115234,56.130001068115234,56.130001068115234,56.130001068115234,704,0.0,0.0
2024-07-09 13:45:00-04:00,56.0099983215332,56.0099983215332,56.0099983215332,56.0099983215332,498,0.0,0.0
2024-07-09 13:50:00-04:00,56.0,56.0,56.0,56.0,1443,0.0,0.0
2024-07-09 13:55:00-04:00,56.025001525878906,56.025001525878906,56.025001525878906,56.025001525878906,295,0.0,0.0
2024-07-09 14:00:00-04:00,55.970001220703125,56.0,55.970001220703125,56.0,1556,0.0,0.0
2024-07-09 14:05:00-04:00,56.0,56.0,55.709999084472656,55.72999954223633,2575,0.0,0.0
2024-07-09 14:10:00-04:00,55.720001220703125,56.02000045776367,55.720001220703125,56.0099983215332,5984,0.0,0.0
2024-07-09 14:15:00-04:00,55.9900016784668,56.0,55.9900016784668,56.0,898,0.0,0.0
2024-07-09 14:25:00-04:00,55.9900016784668,56.0,55.9900016784668,56.0,1086,0.0,0.0
2024-07-09 14:30:00-04:00,55.974998474121094,56.0099983215332,55.90999984741211,55.90999984741211,3106,0.0,0.0
2024-07-09 14:35:00-04:00,55.86000061035156,55.86000061035156,55.77000045776367,55.77000045776367,955,0.0,0.0
2024-07-09 14:40:00-04:00,55.75,55.75,55.66999816894531,55.66999816894531,1166,0.0,0.0
2024-07-09 14:45:00-04:00,55.65999984741211,56.02000045776367,55.65999984741211,55.900001525878906,4734,0.0,0.0
2024-07-09 14:50:00-04:00,55.810001373291016,55.8849983215332,55.810001373291016,55.8849983215332,1511,0.0,0.0
2024-07-09 14:55:00-04:00,55.95000076293945,55.98500061035156,55.95000076293945,55.98500061035156,715,0.0,0.0
2024-07-09 15:00:00-04:00,55.98500061035156,55.98500061035156,55.939998626708984,55.939998626708984,772,0.0,0.0
2024-07-09 15:05:00-04:00,55.93000030517578,55.959999084472656,55.91999816894531,55.959999084472656,1575,0.0,0.0
2024-07-09 15:10:00-04:00,55.959999084472656,56.040000915527344,55.95000076293945,56.040000915527344,2009,0.0,0.0
2024-07-09 15:20:00-04:00,56.060001373291016,56.060001373291016,55.93000030517578,55.93000030517578,1308,0.0,0.0
2024-07-09 15:25:00-04:00,55.974998474121094,56.02000045776367,55.959999084472656,55.959999084472656,1455,0.0,0.0
2024-07-09 15:30:00-04:00,55.970001220703125,55.970001220703125,55.91999816894531,55.91999816894531,852,0.0,0.0
2024-07-09 15:35:00-04:00,55.974998474121094,55.974998474121094,55.91999816894531,55.96500015258789,3667,0.0,0.0
2024-07-09 15:40:00-04:00,55.95000076293945,56.040000915527344,55.95000076293945,55.97999954223633,2211,0.0,0.0
2024-07-09 15:45:00-04:00,56.02000045776367,56.02000045776367,55.939998626708984,56.02000045776367,4941,0.0,0.0
2024-07-09 15:50:00-04:00,55.9900016784668,56.130001068115234,55.9900016784668,56.06999969482422,3987,0.0,0.0
2024-07-09 15:55:00-04:00,56.0,56.130001068115234,55.970001220703125,56.11000061035156,13102,0.0,0.0
2024-07-10 09:30:00-04:00,56.5,56.5,56.5,56.5,693,0.0,0.0
2024-07-10 09:45:00-04:00,56.400001525878906,56.400001525878906,56.2400016784668,56.2400016784668,1173,0.0,0.0
2024-07-10 09:55:00-04:00,56.40999984741211,56.630001068115234,56.400001525878906,56.630001068115234,5075,0.0,0.0
2024-07-10 10:00:00-04:00,56.54999923706055,56.775001525878906,56.54999923706055,56.712501525878906,1108,0.0,0.0
2024-07-10 10:05:00-04:00,56.88999938964844,56.88999938964844,56.88999938964844,56.88999938964844,387,0.0,0.0
2024-07-10 10:15:00-04:00,56.869998931884766,56.869998931884766,56.68000030517578,56.68000030517578,2227,0.0,0.0
2024-07-10 10:25:00-04:00,56.689998626708984,56.689998626708984,56.459999084472656,56.63999938964844,3298,0.0,0.0
2024-07-10 10:30:00-04:00,56.63999938964844,56.70000076293945,56.60749816894531,56.685001373291016,2520,0.0,0.0
2024-07-10 10:35:00-04:00,56.63999938964844,56.63999938964844,56.5,56.51499938964844,3586,0.0,0.0
2024-07-10 10:40:00-04:00,56.5,56.52000045776367,56.41999816894531,56.52000045776367,3452,0.0,0.0
2024-07-10 10:45:00-04:00,56.5,56.5,56.5,56.5,151,0.0,0.0
2024-07-10 10:50:00-04:00,56.599998474121094,56.685001373291016,56.599998474121094,56.68000030517578,1347,0.0,0.0
2024-07-10 10:55:00-04:00,56.77000045776367,56.775001525878906,56.77000045776367,56.775001525878906,425,0.0,0.0
2024-07-10 11:00:00-04:00,56.70000076293945,56.70000076293945,56.70000076293945,56.70000076293945,1197,0.0,0.0
2024-07-10 11:10:00-04:00,56.599998474121094,56.599998474121094,56.5,56.5,3068,0.0,0.0
2024-07-10 11:15:00-04:00,56.525001525878906,56.627498626708984,56.5,56.5,2436,0.0,0.0
2024-07-10 11:25:00-04:00,56.5,56.5099983215332,56.5,56.5099983215332,3848,0.0,0.0
2024-07-10 11:30:00-04:00,56.5,56.584999084472656,56.29999923706055,56.584999084472656,18644,0.0,0.0
2024-07-10 11:35:00-04:00,56.400001525878906,56.40999984741211,56.400001525878906,56.400001525878906,3359,0.0,0.0
2024-07-10 11:40:00-04:00,56.400001525878906,56.5,56.400001525878906,56.5,7433,0.0,0.0
2024-07-10 11:45:00-04:00,56.529998779296875,56.56999969482422,56.5,56.510101318359375,1679,0.0,0.0
2024-07-10 11:50:00-04:00,56.55500030517578,56.55500030517578,56.48609924316406,56.48609924316406,679,0.0,0.0
2024-07-10 11:55:00-04:00,56.510101318359375,56.61000061035156,56.4900016784668,56.4900016784668,1907,0.0,0.0
2024-07-10 12:00:00-04:00,56.45000076293945,56.459999084472656,56.45000076293945,56.459999084472656,1029,0.0,0.0
2024-07-10 12:05:00-04:00,56.459999084472656,56.459999084472656,56.45000076293945,56.45000076293945,1889,0.0,0.0
2024-07-10 12:10:00-04:00,56.45000076293945,56.459999084472656,56.45000076293945,56.45000076293945,1326,0.0,0.0
2024-07-10 12:15:00-04:00,56.459999084472656,56.459999084472656,56.2400016784668,56.349998474121094,7371,0.0,0.0
2024-07-10 12:20:00-04:00,56.29999923706055,56.29999923706055,56.209999084472656,56.209999084472656,3187,0.0,0.0
2024-07-10 12:25:00-04:00,56.09000015258789,56.209999084472656,56.04999923706055,56.16999816894531,3705,0.0,0.0
2024-07-10 12:30:00-04:00,56.15999984741211,56.15999984741211,56.150001525878906,56.15999984741211,1480,0.0,0.0
2024-07-10 12:35:00-04:00,56.150001525878906,56.32500076293945,56.150001525878906,56.290000915527344,6498,0.0,0.0
2024-07-10 12:40:00-04:00,56.32500076293945,56.32500076293945,56.32500076293945,56.32500076293945,414,0.0,0.0
2024-07-10 12:45:00-04:00,56.33000183105469,56.33000183105469,56.33000183105469,56.33000183105469,762,0.0,0.0
2024-07-10 12:50:00-04:00,56.2599983215332,56.2599983215332,56.20000076293945,56.20000076293945,1908,0.0,0.0
2024-07-10 12:55:00-04:00,56.2400016784668,56.349998474121094,56.2400016784668,56.310001373291016,3045,0.0,0.0
2024-07-10 13:00:00-04:00,56.32500076293945,56.32500076293945,56.32500076293945,56.32500076293945,160,0.0,0.0
2024-07-10 13:05:00-04:00,56.31999969482422,56.33000183105469,56.31999969482422,56.31999969482422,1523,0.0,0.0
2024-07-10 13:10:00-04:00,56.2599983215332,56.29750061035156,56.22999954223633,56.29750061035156,1126,0.0,0.0
2024-07-10 13:15:00-04:00,56.25,56.290000915527344,56.22999954223633,56.290000915527344,1963,0.0,0.0
2024-07-10 13:20:00-04:00,56.22999954223633,56.2400016784668,56.22999954223633,56.2400016784668,1079,0.0,0.0
2024-07-10 13:25:00-04:00,56.2400016784668,56.25,56.20000076293945,56.25,3699,0.0,0.0
2024-07-10 13:30:00-04:00,56.279998779296875,56.3849983215332,56.2599983215332,56.29999923706055,2282,0.0,0.0
2024-07-10 13:35:00-04:00,56.349998474121094,56.349998474121094,56.349998474121094,56.349998474121094,280,0.0,0.0
2024-07-10 13:40:00-04:00,56.44499969482422,56.54999923706055,56.43000030517578,56.54999923706055,2796,0.0,0.0
2024-07-10 13:45:00-04:00,56.38999938964844,56.38999938964844,56.38999938964844,56.38999938964844,536,0.0,0.0
2024-07-10 13:50:00-04:00,56.43000030517578,56.43000030517578,56.43000030517578,56.43000030517578,277,0.0,0.0
2024-07-10 13:55:00-04:00,56.45000076293945,56.52000045776367,56.45000076293945,56.470001220703125,1152,0.0,0.0
2024-07-10 14:05:00-04:00,56.5,56.525001525878906,56.5,56.525001525878906,751,0.0,0.0
2024-07-10 14:10:00-04:00,56.58000183105469,56.68000030517578,56.53499984741211,56.65999984741211,3287,0.0,0.0
2024-07-10 14:15:00-04:00,56.61000061035156,56.64500045776367,56.61000061035156,56.61000061035156,1079,0.0,0.0
2024-07-10 14:20:00-04:00,56.54999923706055,56.54999923706055,56.5099983215332,56.5099983215332,1417,0.0,0.0
2024-07-10 14:25:00-04:00,56.5,56.5,56.5,56.5,582,0.0,0.0
2024-07-10 14:30:00-04:00,56.47999954223633,56.47999954223633,56.300201416015625,56.369998931884766,1957,0.0,0.0
2024-07-10 14:35:00-04:00,56.29999923706055,56.29999923706055,56.29999923706055,56.29999923706055,279,0.0,0.0
2024-07-10 14:40:00-04:00,56.29999923706055,56.349998474121094,56.29999923706055,56.310001373291016,861,0.0,0.0
2024-07-10 14:45:00-04:00,56.43000030517578,56.43000030517578,56.43000030517578,56.43000030517578,1953,0.0,0.0
2024-07-10 14:50:00-04:00,56.415000915527344,56.415000915527344,56.34000015258789,56.34000015258789,680,0.0,0.0
2024-07-10 14:55:00-04:00,56.40999984741211,56.5,56.40999984741211,56.5,1873,0.0,0.0
2024-07-10 15:00:00-04:00,56.5,56.775001525878906,56.5,56.58000183105469,7786,0.0,0.0
2024-07-10 15:05:00-04:00,56.595001220703125,56.72999954223633,56.595001220703125,56.72999954223633,882,0.0,0.0
2024-07-10 15:10:00-04:00,56.709999084472656,56.709999084472656,56.58000183105469,56.58000183105469,1620,0.0,0.0
2024-07-10 15:15:00-04:00,56.54999923706055,56.59000015258789,56.54999923706055,56.59000015258789,219,0.0,0.0
2024-07-10 15:20:00-04:00,56.59000015258789,56.59000015258789,56.5099983215332,56.525001525878906,3356,0.0,0.0
2024-07-10 15:25:00-04:00,56.54999923706055,56.58000183105469,56.54999923706055,56.58000183105469,948,0.0,0.0
2024-07-10 15:30:00-04:00,56.61000061035156,56.64500045776367,56.57500076293945,56.63999938964844,3298,0.0,0.0
2024-07-10 15:35:00-04:00,56.61000061035156,56.68000030517578,56.522499084472656,56.54499816894531,6518,0.0,0.0
2024-07-10 15:40:00-04:00,56.54999923706055,56.54999923706055,56.54999923706055,56.54999923706055,2035,0.0,0.0
2024-07-10 15:45:00-04:00,56.53499984741211,56.78499984741211,56.53499984741211,56.78499984741211,5463,0.0,0.0
2024-07-10 15:50:00-04:00,56.88999938964844,57.400001525878906,56.88999938964844,57.369998931884766,23259,0.0,0.0
2024-07-10 15:55:00-04:00,57.310001373291016,57.32500076293945,56.939998626708984,57.04999923706055,23870,0.0,0.0
2024-07-11 09:30:00-04:00,58.36000061035156,58.36000061035156,57.79999923706055,58.130001068115234,2681,0.0,0.0
2024-07-11 09:35:00-04:00,58.290000915527344,58.290000915527344,58.290000915527344,58.290000915527344,317,0.0,0.0
2024-07-11 09:40:00-04:00,58.060001373291016,58.06999969482422,58.060001373291016,58.06999969482422,448,0.0,0.0
2024-07-11 09:45:00-04:00,58.220001220703125,58.220001220703125,58.220001220703125,58.220001220703125,210,0.0,0.0
2024-07-11 09:50:00-04:00,58.220001220703125,58.47999954223633,58.220001220703125,58.47999954223633,2752,0.0,0.0
2024-07-11 09:55:00-04:00,58.529998779296875,58.88249969482422,58.529998779296875,58.88249969482422,1575,0.0,0.0
2024-07-11 10:00:00-04:00,58.904998779296875,58.9900016784668,58.904998779296875,58.95750045776367,9116,0.0,0.0
2024-07-11 10:05:00-04:00,59.04999923706055,59.04999923706055,58.90999984741211,58.97700119018555,4370,0.0,0.0
2024-07-11 10:10:00-04:00,58.94499969482422,59.34000015258789,58.94499969482422,59.20000076293945,4469,0.0,0.0
2024-07-11 10:15:00-04:00,59.33000183105469,59.36000061035156,59.20000076293945,59.23749923706055,5142,0.0,0.0
2024-07-11 10:20:00-04:00,59.310001373291016,59.470001220703125,59.2599983215332,59.470001220703125,4362,0.0,0.0
2024-07-11 10:25:00-04:00,59.439998626708984,59.56999969482422,59.38999938964844,59.474998474121094,5168,0.0,0.0
2024-07-11 10:30:00-04:00,59.477500915527344,59.88600158691406,59.477500915527344,59.83000183105469,4225,0.0,0.0
2024-07-11 10:35:00-04:00,59.82500076293945,59.83000183105469,59.65999984741211,59.810001373291016,3721,0.0,0.0
2024-07-11 10:40:00-04:00,59.810001373291016,59.90999984741211,59.720001220703125,59.790000915527344,4315,0.0,0.0
2024-07-11 10:45:00-04:00,59.78499984741211,59.86000061035156,59.78499984741211,59.845001220703125,1861,0.0,0.0
2024-07-11 10:50:00-04:00,59.970001220703125,60.189998626708984,59.95500183105469,60.189998626708984,3309,0.0,0.0
2024-07-11 10:55:00-04:00,60.18000030517578,60.349998474121094,60.18000030517578,60.279998779296875,797,0.0,0.0
2024-07-11 11:00:00-04:00,60.28499984741211,60.28499984741211,59.97999954223633,59.97999954223633,4007,0.0,0.0
2024-07-11 11:05:00-04:00,60.025001525878906,60.04999923706055,59.84000015258789,60.01499938964844,1954,0.0,0.0
2024-07-11 11:10:00-04:00,59.900001525878906,59.900001525878906,59.900001525878906,59.900001525878906,515,0.0,0.0
2024-07-11 11:15:00-04:00,59.529998779296875,59.529998779296875,59.529998779296875,59.529998779296875,3654,0.0,0.0
2024-07-11 11:20:00-04:00,59.60499954223633,59.650001525878906,59.58000183105469,59.584999084472656,1849,0.0,0.0
2024-07-11 11:25:00-04:00,59.65999984741211,59.65999984741211,59.65999984741211,59.65999984741211,626,0.0,0.0
2024-07-11 11:30:00-04:00,59.720001220703125,59.720001220703125,59.43000030517578,59.45000076293945,3319,0.0,0.0
2024-07-11 11:35:00-04:00,59.45500183105469,59.599998474121094,59.407501220703125,59.540000915527344,2289,0.0,0.0
2024-07-11 11:40:00-04:00,59.540000915527344,59.630001068115234,59.540000915527344,59.630001068115234,943,0.0,0.0
2024-07-11 11:45:00-04:00,59.64500045776367,59.7400016784668,59.64500045776367,59.70000076293945,3506,0.0,0.0
2024-07-11 11:50:00-04:00,59.650001525878906,59.650001525878906,59.650001525878906,59.650001525878906,2839,0.0,0.0
2024-07-11 11:55:00-04:00,59.47999954223633,59.47999954223633,59.47999954223633,59.47999954223633,709,0.0,0.0
2024-07-11 12:00:00-04:00,59.38999938964844,59.52000045776367,59.38999938964844,59.44499969482422,2307,0.0,0.0
2024-07-11 12:05:00-04:00,59.40999984741211,59.41999816894531,59.22999954223633,59.380001068115234,4647,0.0,0.0
2024-07-11 12:10:00-04:00,59.42499923706055,59.51499938964844,59.42499923706055,59.51499938964844,525,0.0,0.0
2024-07-11 12:15:00-04:00,59.5099983215332,59.5099983215332,59.5099983215332,59.5099983215332,552,0.0,0.0
2024-07-11 12:20:00-04:00,59.43000030517578,59.5099983215332,59.38999938964844,59.44499969482422,4859,0.0,0.0
2024-07-11 12:25:00-04:00,59.462501525878906,59.462501525878906,59.462501525878906,59.462501525878906,629,0.0,0.0
2024-07-11 12:30:00-04:00,59.52000045776367,59.56999969482422,59.5,59.56999969482422,1273,0.0,0.0
2024-07-11 12:35:00-04:00,59.720001220703125,59.73500061035156,59.63999938964844,59.63999938964844,2268,0.0,0.0
2024-07-11 12:40:00-04:00,59.56999969482422,59.56999969482422,59.56999969482422,59.56999969482422,819,0.0,0.0
2024-07-11 12:45:00-04:00,59.43000030517578,59.43000030517578,59.43000030517578,59.43000030517578,1917,0.0,0.0
2024-07-11 12:50:00-04:00,59.41230010986328,59.41230010986328,59.27000045776367,59.27000045776367,1613,0.0,0.0
2024-07-11 12:55:00-04:00,59.345001220703125,59.44499969482422,59.279998779296875,59.44499969482422,2335,0.0,0.0
2024-07-11 13:00:00-04:00,59.36000061035156,59.43000030517578,59.36000061035156,59.36000061035156,3181,0.0,0.0
2024-07-11 13:05:00-04:00,59.224998474121094,59.224998474121094,59.15999984741211,59.15999984741211,1482,0.0,0.0
2024-07-11 13:10:00-04:00,59.14500045776367,59.32500076293945,59.119998931884766,59.27000045776367,7418,0.0,0.0
2024-07-11 13:15:00-04:00,59.189998626708984,59.25,59.16999816894531,59.25,1463,0.0,0.0
2024-07-11 13:20:00-04:00,59.29999923706055,59.380001068115234,59.29999923706055,59.3588981628418,2518,0.0,0.0
2024-07-11 13:25:00-04:00,59.43000030517578,59.54999923706055,59.43000030517578,59.54999923706055,1632,0.0,0.0
2024-07-11 13:35:00-04:00,59.529998779296875,59.540000915527344,59.470001220703125,59.470001220703125,4063,0.0,0.0
2024-07-11 13:40:00-04:00,59.40999984741211,59.52000045776367,59.40999984741211,59.52000045776367,1885,0.0,0.0
2024-07-11 13:45:00-04:00,59.459598541259766,59.56999969482422,59.439998626708984,59.56999969482422,15502,0.0,0.0
2024-07-11 13:55:00-04:00,59.540000915527344,59.540000915527344,59.470001220703125,59.53499984741211,3936,0.0,0.0
2024-07-11 14:00:00-04:00,59.47999954223633,59.52000045776367,59.3849983215332,59.3849983215332,3344,0.0,0.0
2024-07-11 14:05:00-04:00,59.279998779296875,59.48500061035156,59.27000045776367,59.42499923706055,9341,0.0,0.0
2024-07-11 14:10:00-04:00,59.29999923706055,59.45000076293945,59.27000045776367,59.27000045776367,2859,0.0,0.0
2024-07-11 14:15:00-04:00,59.27000045776367,59.45000076293945,59.27000045776367,59.400001525878906,5071,0.0,0.0
2024-07-11 14:20:00-04:00,59.43000030517578,59.43000030517578,59.369998931884766,59.369998931884766,1899,0.0,0.0
2024-07-11 14:25:00-04:00,59.380001068115234,59.380001068115234,59.380001068115234,59.380001068115234,740,0.0,0.0
2024-07-11 14:30:00-04:00,59.349998474121094,59.54999923706055,59.349998474121094,59.51499938964844,3181,0.0,0.0
2024-07-11 14:35:00-04:00,59.47999954223633,59.47999954223633,59.47999954223633,59.47999954223633,881,0.0,0.0
2024-07-11 14:40:00-04:00,59.47999954223633,59.47999954223633,59.470001220703125,59.470001220703125,877,0.0,0.0
2024-07-11 14:45:00-04:00,59.4900016784668,59.53499984741211,59.4900016784668,59.53499984741211,2023,0.0,0.0
2024-07-11 14:50:00-04:00,59.5,59.5,59.29999923706055,59.29999923706055,5356,0.0,0.0
2024-07-11 14:55:00-04:00,59.279998779296875,59.279998779296875,59.150001525878906,59.150001525878906,1281,0.0,0.0
2024-07-11 15:00:00-04:00,59.15999984741211,59.55500030517578,59.119998931884766,59.55500030517578,11258,0.0,0.0
2024-07-11 15:05:00-04:00,59.380001068115234,59.41999816894531,59.380001068115234,59.40999984741211,3866,0.0,0.0
2024-07-11 15:10:00-04:00,59.38999938964844,59.470001220703125,59.38999938964844,59.400001525878906,3397,0.0,0.0
2024-07-11 15:15:00-04:00,59.42499923706055,59.42499923706055,59.27000045776367,59.34749984741211,4860,0.0,0.0
2024-07-11 15:20:00-04:00,59.35499954223633,59.540000915527344,59.345001220703125,59.470001220703125,6577,0.0,0.0
2024-07-11 15:25:00-04:00,59.40999984741211,59.40999984741211,59.40999984741211,59.40999984741211,1584,0.0,0.0
2024-07-11 15:30:00-04:00,59.52000045776367,59.57500076293945,59.51499938964844,59.560001373291016,4117,0.0,0.0
2024-07-11 15:35:00-04:00,59.6150016784668,59.61750030517578,59.459999084472656,59.4900016784668,5038,0.0,0.0
2024-07-11 15:40:00-04:00,59.45000076293945,59.790000915527344,59.45000076293945,59.790000915527344,10250,0.0,0.0
2024-07-11 15:45:00-04:00,59.80390167236328,59.86000061035156,59.779998779296875,59.834999084472656,9526,0.0,0.0
2024-07-11 15:50:00-04:00,59.66999816894531,59.66999816894531,59.36000061035156,59.400001525878906,16652,0.0,0.0
2024-07-11 15:55:00-04:00,59.31999969482422,59.41999816894531,59.23500061035156,59.34000015258789,23703,0.0,0.0
2024-07-12 09:30:00-04:00,59.790000915527344,59.93000030517578,59.790000915527344,59.93000030517578,3253,0.0,0.0
2024-07-12 09:35:00-04:00,60.19499969482422,60.959999084472656,60.19499969482422,60.619998931884766,3713,0.0,0.0
2024-07-12 09:40:00-04:00,60.72999954223633,60.90999984741211,60.72999954223633,60.90489959716797,1266,0.0,0.0
2024-07-12 09:45:00-04:00,61.04999923706055,61.15999984741211,61.04999923706055,61.06999969482422,729,0.0,0.0
2024-07-12 09:50:00-04:00,61.189998626708984,61.31999969482422,61.189998626708984,61.25,1775,0.0,0.0
2024-07-12 09:55:00-04:00,61.2400016784668,61.2400016784668,61.2400016784668,61.2400016784668,1164,0.0,0.0
2024-07-12 10:00:00-04:00,61.09000015258789,61.505001068115234,61.09000015258789,61.40999984741211,13596,0.0,0.0
2024-07-12 10:05:00-04:00,61.66999816894531,61.66999816894531,61.66999816894531,61.66999816894531,887,0.0,0.0
2024-07-12 10:10:00-04:00,61.70500183105469,62.084999084472656,61.70500183105469,62.084999084472656,4817,0.0,0.0
2024-07-12 10:15:00-04:00,61.97999954223633,62.13999938964844,61.849998474121094,61.849998474121094,1927,0.0,0.0
2024-07-12 10:20:00-04:00,61.77000045776367,61.994998931884766,61.77000045776367,61.994998931884766,1927,0.0,0.0
2024-07-12 10:25:00-04:00,62.0,62.04999923706055,61.91999816894531,61.91999816894531,1597,0.0,0.0
2024-07-12 10:30:00-04:00,62.0,62.33000183105469,61.970001220703125,62.220001220703125,5305,0.0,0.0
2024-07-12 10:35:00-04:00,62.16999816894531,62.30500030517578,62.15999984741211,62.30500030517578,2252,0.0,0.0
2024-07-12 10:40:00-04:00,62.130001068115234,62.130001068115234,61.755001068115234,61.900001525878906,3866,0.0,0.0
2024-07-12 10:45:00-04:00,61.81999969482422,61.81999969482422,61.560001373291016,61.560001373291016,3258,0.0,0.0
2024-07-12 10:50:00-04:00,61.5,61.5,61.404998779296875,61.404998779296875,2985,0.0,0.0
2024-07-12 10:55:00-04:00,61.59000015258789,61.92499923706055,61.45000076293945,61.92499923706055,2395,0.0,0.0
2024-07-12 11:00:00-04:00,61.939998626708984,61.939998626708984,61.939998626708984,61.939998626708984,628,0.0,0.0
2024-07-12 11:05:00-04:00,61.959999084472656,62.0099983215332,61.939998626708984,62.0099983215332,5342,0.0,0.0
2024-07-12 11:10:00-04:00,62.04999923706055,62.13999938964844,62.0,62.02000045776367,1216,0.0,0.0
2024-07-12 11:15:00-04:00,62.0,62.08000183105469,62.0,62.0172004699707,2374,0.0,0.0
2024-07-12 11:20:00-04:00,62.025001525878906,62.025001525878906,61.9900016784668,62.0,1234,0.0,0.0
2024-07-12 11:25:00-04:00,61.91299819946289,62.0,61.91299819946289,62.0,731,0.0,0.0
2024-07-12 11:30:00-04:00,62.06999969482422,62.27000045776367,62.06999969482422,62.130001068115234,3977,0.0,0.0
2024-07-12 11:35:00-04:00,62.08000183105469,62.17499923706055,62.08000183105469,62.17499923706055,2586,0.0,0.0
2024-07-12 11:40:00-04:00,62.16999816894531,62.2599983215332,62.119998931884766,62.2599983215332,1552,0.0,0.0
2024-07-12 11:45:00-04:00,62.22999954223633,62.22999954223633,61.95000076293945,62.0,4927,0.0,0.0
2024-07-12 11:50:00-04:00,61.97999954223633,62.15999984741211,61.97999954223633,61.97999954223633,4056,0.0,0.0
2024-07-12 11:55:00-04:00,61.970001220703125,61.970001220703125,61.970001220703125,61.970001220703125,1114,0.0,0.0
2024-07-12 12:00:00-04:00,61.90999984741211,61.970001220703125,61.83000183105469,61.83000183105469,2894,0.0,0.0
2024-07-12 12:05:00-04:00,61.77000045776367,61.86000061035156,61.77000045776367,61.83000183105469,2724,0.0,0.0
2024-07-12 12:10:00-04:00,61.869998931884766,62.0,61.869998931884766,61.95000076293945,3188,0.0,0.0
2024-07-12 12:15:00-04:00,62.0099983215332,62.099998474121094,62.0,62.03499984741211,1633,0.0,0.0
2024-07-12 12:20:00-04:00,61.959999084472656,62.04999923706055,61.959999084472656,61.959999084472656,1906,0.0,0.0
2024-07-12 12:25:00-04:00,61.9630012512207,62.02000045776367,61.9630012512207,62.02000045776367,1870,0.0,0.0
2024-07-12 12:30:00-04:00,62.005001068115234,62.04999923706055,61.970001220703125,62.04999923706055,1599,0.0,0.0
2024-07-12 12:35:00-04:00,62.0099983215332,62.0099983215332,62.0,62.0099983215332,677,0.0,0.0
2024-07-12 12:40:00-04:00,62.02000045776367,62.04499816894531,62.0,62.04499816894531,3407,0.0,0.0
2024-07-12 12:45:00-04:00,61.99300003051758,62.0099983215332,61.99300003051758,62.0099983215332,1267,0.0,0.0
2024-07-12 12:50:00-04:00,62.005001068115234,62.150001525878906,62.0,62.1150016784668,4749,0.0,0.0
2024-07-12 12:55:00-04:00,62.18000030517578,62.34000015258789,62.18000030517578,62.209999084472656,2135,0.0,0.0
2024-07-12 13:05:00-04:00,62.189998626708984,62.32500076293945,62.189998626708984,62.29499816894531,832,0.0,0.0
2024-07-12 13:10:00-04:00,62.25299835205078,62.31999969482422,62.20000076293945,62.20000076293945,5618,0.0,0.0
2024-07-12 13:15:00-04:00,62.2599983215332,62.310001373291016,62.2599983215332,62.2599983215332,1445,0.0,0.0
2024-07-12 13:20:00-04:00,62.26499938964844,62.26499938964844,62.189998626708984,62.244998931884766,1930,0.0,0.0
2024-07-12 13:25:00-04:00,62.18000030517578,62.25,62.17499923706055,62.25,2395,0.0,0.0
2024-07-12 13:30:00-04:00,62.2400016784668,62.369998931884766,62.2400016784668,62.310001373291016,2649,0.0,0.0
2024-07-12 13:35:00-04:00,62.334999084472656,62.334999084472656,62.29999923706055,62.29999923706055,2505,0.0,0.0
2024-07-12 13:40:00-04:00,62.189998626708984,62.189998626708984,62.189998626708984,62.189998626708984,286,0.0,0.0
2024-07-12 13:45:00-04:00,62.189998626708984,62.27000045776367,62.189998626708984,62.25,1778,0.0,0.0
2024-07-12 13:50:00-04:00,62.185001373291016,62.21500015258789,62.185001373291016,62.189998626708984,2270,0.0,0.0
2024-07-12 13:55:00-04:00,62.209999084472656,62.209999084472656,62.189998626708984,62.189998626708984,1879,0.0,0.0
2024-07-12 14:00:00-04:00,62.189998626708984,62.2599983215332,62.119998931884766,62.189998626708984,5414,0.0,0.0
2024-07-12 14:05:00-04:00,62.119998931884766,62.119998931884766,61.900001525878906,61.900001525878906,3658,0.0,0.0
2024-07-12 14:10:00-04:00,61.81999969482422,61.91999816894531,61.81999969482422,61.834999084472656,2808,0.0,0.0
2024-07-12 14:15:00-04:00,61.88999938964844,61.88999938964844,61.81999969482422,61.81999969482422,1871,0.0,0.0
2024-07-12 14:20:00-04:00,61.83300018310547,61.83300018310547,61.83300018310547,61.83300018310547,393,0.0,0.0
2024-07-12 14:25:00-04:00,61.83000183105469,61.94499969482422,61.83000183105469,61.900001525878906,3449,0.0,0.0
2024-07-12 14:30:00-04:00,61.79999923706055,61.869998931884766,61.7400016784668,61.79999923706055,4304,0.0,0.0
2024-07-12 14:35:00-04:00,61.7599983215332,61.81999969482422,61.7599983215332,61.81999969482422,1446,0.0,0.0
2024-07-12 14:40:00-04:00,61.849998474121094,61.900001525878906,61.849998474121094,61.880001068115234,1271,0.0,0.0
2024-07-12 14:45:00-04:00,61.869998931884766,61.869998931884766,61.810001373291016,61.834999084472656,2006,0.0,0.0
2024-07-12 14:50:00-04:00,61.81999969482422,61.81999969482422,61.7599983215332,61.76300048828125,1569,0.0,0.0
2024-07-12 14:55:00-04:00,61.7400016784668,61.7400016784668,61.7400016784668,61.7400016784668,1588,0.0,0.0
2024-07-12 15:00:00-04:00,61.77000045776367,61.869998931884766,61.77000045776367,61.869998931884766,4945,0.0,0.0
2024-07-12 15:05:00-04:00,61.81999969482422,61.880001068115234,61.81999969482422,61.880001068115234,652,0.0,0.0
2024-07-12 15:10:00-04:00,61.79999923706055,61.83000183105469,61.720001220703125,61.779998779296875,8894,0.0,0.0
2024-07-12 15:15:00-04:00,61.78499984741211,61.83000183105469,61.75,61.75,2655,0.0,0.0
2024-07-12 15:20:00-04:00,61.78499984741211,61.97999954223633,61.68000030517578,61.709999084472656,9351,0.0,0.0
2024-07-12 15:25:00-04:00,61.755001068115234,61.79999923706055,61.540000915527344,61.560001373291016,3774,0.0,0.0
2024-07-12 15:30:00-04:00,61.494998931884766,61.77000045776367,61.44499969482422,61.689998626708984,9633,0.0,0.0
2024-07-12 15:35:00-04:00,61.689998626708984,61.79899978637695,61.689998626708984,61.79899978637695,2649,0.0,0.0
2024-07-12 15:40:00-04:00,61.810001373291016,61.810001373291016,61.470001220703125,61.54999923706055,9762,0.0,0.0
2024-07-12 15:45:00-04:00,61.540000915527344,61.58000183105469,61.279998779296875,61.279998779296875,4072,0.0,0.0
2024-07-12 15:50:00-04:00,61.290000915527344,61.32500076293945,60.959999084472656,61.0,20120,0.0,0.0
2024-07-12 15:55:00-04:00,61.04999923706055,61.1150016784668,60.81999969482422,60.90999984741211,27239,0.0,0.0
2024-07-15 09:30:00-04:00,61.560001373291016,61.560001373291016,61.560001373291016,61.560001373291016,1390,0.0,0.0
2024-07-15 09:40:00-04:00,61.63999938964844,61.63999938964844,61.525001525878906,61.529998779296875,490,0.0,0.0
2024-07-15 09:45:00-04:00,61.5,61.5,61.47999954223633,61.5,894,0.0,0.0
2024-07-15 09:55:00-04:00,61.95000076293945,61.95000076293945,61.95000076293945,61.95000076293945,501,0.0,0.0
2024-07-15 10:00:00-04:00,62.029998779296875,62.369998931884766,62.029998779296875,62.369998931884766,1315,0.0,0.0
2024-07-15 10:05:00-04:00,62.66999816894531,62.66999816894531,62.66999816894531,62.66999816894531,1018,0.0,0.0
2024-07-15 10:10:00-04:00,62.900001525878906,62.900001525878906,62.82500076293945,62.82500076293945,1290,0.0,0.0
2024-07-15 10:15:00-04:00,63.0,63.40999984741211,62.810298919677734,63.40999984741211,3819,0.0,0.0
2024-07-15 10:20:00-04:00,63.525001525878906,63.525001525878906,63.35499954223633,63.47999954223633,1676,0.0,0.0
2024-07-15 10:25:00-04:00,63.43000030517578,63.459999084472656,63.43000030517578,63.459999084472656,867,0.0,0.0
2024-07-15 10:30:00-04:00,63.494998931884766,63.5099983215332,63.220001220703125,63.459999084472656,9520,0.0,0.0
2024-07-15 10:35:00-04:00,63.560001373291016,63.560001373291016,63.52000045776367,63.52000045776367,1788,0.0,0.0
2024-07-15 10:40:00-04:00,63.619998931884766,63.84000015258789,63.619998931884766,63.83000183105469,4463,0.0,0.0
2024-07-15 10:45:00-04:00,63.849998474121094,63.852500915527344,63.36000061035156,63.36000061035156,8121,0.0,0.0
2024-07-15 10:50:00-04:00,63.349998474121094,63.459999084472656,63.349998474121094,63.459999084472656,790,0.0,0.0
2024-07-15 10:55:00-04:00,63.369998931884766,63.369998931884766,63.209999084472656,63.209999084472656,1853,0.0,0.0
2024-07-15 11:05:00-04:00,63.079898834228516,63.079898834228516,62.91999816894531,63.0,2866,0.0,0.0
2024-07-15 11:10:00-04:00,62.95000076293945,62.95000076293945,62.95000076293945,62.95000076293945,953,0.0,0.0
2024-07-15 11:15:00-04:00,63.02000045776367,63.02000045776367,63.02000045776367,63.02000045776367,786,0.0,0.0
2024-07-15 11:25:00-04:00,63.29999923706055,63.34000015258789,63.29999923706055,63.34000015258789,256,0.0,0.0
2024-07-15 11:30:00-04:00,63.29999923706055,63.34000015258789,63.20500183105469,63.31999969482422,786,0.0,0.0
2024-07-15 11:35:00-04:00,63.33000183105469,63.349998474121094,63.33000183105469,63.349998474121094,1356,0.0,0.0
2024-07-15 11:40:00-04:00,63.38999938964844,63.515499114990234,63.3489990234375,63.3489990234375,2396,0.0,0.0
2024-07-15 11:45:00-04:00,63.529998779296875,63.529998779296875,63.529998779296875,63.529998779296875,415,0.0,0.0
2024-07-15 11:50:00-04:00,63.58000183105469,63.58000183105469,63.4900016784668,63.560001373291016,498,0.0,0.0
2024-07-15 11:55:00-04:00,63.56999969482422,63.7599983215332,63.56999969482422,63.7599983215332,1110,0.0,0.0
2024-07-15 12:00:00-04:00,63.52000045776367,63.52000045776367,63.470001220703125,63.52000045776367,1643,0.0,0.0
2024-07-15 12:05:00-04:00,63.36000061035156,63.41999816894531,63.27000045776367,63.34000015258789,2539,0.0,0.0
2024-07-15 12:10:00-04:00,63.31999969482422,63.31999969482422,63.255001068115234,63.255001068115234,1247,0.0,0.0
2024-07-15 12:15:00-04:00,63.20750045776367,63.20750045776367,63.13010025024414,63.13010025024414,761,0.0,0.0
2024-07-15 12:20:00-04:00,63.185001373291016,63.2400016784668,63.185001373291016,63.2400016784668,1780,0.0,0.0
2024-07-15 12:30:00-04:00,63.09000015258789,63.18000030517578,63.060001373291016,63.11000061035156,4369,0.0,0.0
2024-07-15 12:35:00-04:00,63.08000183105469,63.119998931884766,62.970001220703125,63.119998931884766,1689,0.0,0.0
2024-07-15 12:45:00-04:00,63.040000915527344,63.040000915527344,62.86000061035156,62.95000076293945,1900,0.0,0.0
2024-07-15 12:50:00-04:00,62.959999084472656,62.959999084472656,62.959999084472656,62.959999084472656,296,0.0,0.0
2024-07-15 12:55:00-04:00,62.87260055541992,62.87260055541992,62.79999923706055,62.82500076293945,821,0.0,0.0
2024-07-15 13:00:00-04:00,62.65999984741211,62.68000030517578,62.65999984741211,62.68000030517578,1257,0.0,0.0
2024-07-15 13:05:00-04:00,62.75,62.75,62.75,62.75,1190,0.0,0.0
2024-07-15 13:10:00-04:00,62.84000015258789,62.84000015258789,62.814998626708984,62.814998626708984,567,0.0,0.0
2024-07-15 13:15:00-04:00,62.90999984741211,62.92499923706055,62.88999938964844,62.88999938964844,794,0.0,0.0
2024-07-15 13:20:00-04:00,62.939998626708984,63.09000015258789,62.939998626708984,62.970001220703125,2835,0.0,0.0
2024-07-15 13:25:00-04:00,62.935001373291016,62.970001220703125,62.935001373291016,62.970001220703125,1415,0.0,0.0
2024-07-15 13:30:00-04:00,62.95500183105469,62.95500183105469,62.849998474121094,62.875,1643,0.0,0.0
2024-07-15 13:35:00-04:00,62.810001373291016,62.810001373291016,62.79999923706055,62.79999923706055,1109,0.0,0.0
2024-07-15 13:40:00-04:00,62.81999969482422,62.81999969482422,62.744998931884766,62.744998931884766,787,0.0,0.0
2024-07-15 13:45:00-04:00,62.7400016784668,62.77000045776367,62.65999984741211,62.69499969482422,1709,0.0,0.0
2024-07-15 13:50:00-04:00,62.650001525878906,62.880001068115234,62.650001525878906,62.880001068115234,2469,0.0,0.0
2024-07-15 13:55:00-04:00,62.90999984741211,62.90999984741211,62.90999984741211,62.90999984741211,1970,0.0,0.0
2024-07-15 14:00:00-04:00,62.89250183105469,62.91999816894531,62.8849983215332,62.91999816894531,644,0.0,0.0
2024-07-15 14:05:00-04:00,62.8849983215332,62.900001525878906,62.8849983215332,62.900001525878906,666,0.0,0.0
2024-07-15 14:10:00-04:00,62.83000183105469,62.83000183105469,62.70500183105469,62.70500183105469,2127,0.0,0.0
2024-07-15 14:15:00-04:00,62.72999954223633,62.72999954223633,62.600101470947266,62.67499923706055,1851,0.0,0.0
2024-07-15 14:20:00-04:00,62.77000045776367,62.83000183105469,62.77000045776367,62.83000183105469,1677,0.0,0.0
2024-07-15 14:30:00-04:00,62.95000076293945,63.0099983215332,62.935001373291016,62.939998626708984,1896,0.0,0.0
2024-07-15 14:35:00-04:00,62.95000076293945,62.95000076293945,62.95000076293945,62.95000076293945,1118,0.0,0.0
2024-07-15 14:40:00-04:00,62.959999084472656,62.99250030517578,62.891998291015625,62.891998291015625,543,0.0,0.0
2024-07-15 14:45:00-04:00,62.970001220703125,62.970001220703125,62.790000915527344,62.790000915527344,6513,0.0,0.0
2024-07-15 14:50:00-04:00,62.84000015258789,62.84000015258789,62.84000015258789,62.84000015258789,1749,0.0,0.0
2024-07-15 14:55:00-04:00,62.95000076293945,63.119998931884766,62.915000915527344,63.119998931884766,3472,0.0,0.0
2024-07-15 15:00:00-04:00,63.099998474121094,63.13999938964844,63.0099983215332,63.06999969482422,2495,0.0,0.0
2024-07-15 15:05:00-04:00,63.119998931884766,63.119998931884766,63.0099983215332,63.0099983215332,1160,0.0,0.0
2024-07-15 15:10:00-04:00,63.02000045776367,63.02000045776367,62.93000030517578,62.93000030517578,3427,0.0,0.0
2024-07-15 15:15:00-04:00,62.95000076293945,62.95000076293945,62.904998779296875,62.904998779296875,1473,0.0,0.0
2024-07-15 15:20:00-04:00,62.939998626708984,63.029998779296875,62.915000915527344,63.02000045776367,2573,0.0,0.0
2024-07-15 15:25:00-04:00,62.95000076293945,63.0,62.939998626708984,62.9900016784668,3528,0.0,0.0
2024-07-15 15:30:00-04:00,62.999000549316406,62.999000549316406,62.845001220703125,62.845001220703125,2054,0.0,0.0
2024-07-15 15:35:00-04:00,62.89500045776367,63.005001068115234,62.69499969482422,62.69499969482422,5661,0.0,0.0
2024-07-15 15:40:00-04:00,62.69599914550781,62.790000915527344,62.65999984741211,62.720001220703125,4095,0.0,0.0
2024-07-15 15:45:00-04:00,62.69499969482422,62.75899887084961,62.5,62.5,7429,0.0,0.0
2024-07-15 15:50:00-04:00,62.54999923706055,62.619998931884766,62.43000030517578,62.52000045776367,11182,0.0,0.0
2024-07-15 15:55:00-04:00,62.47999954223633,62.66999816894531,62.470001220703125,62.66999816894531,18600,0.0,0.0
2024-07-16 09:30:00-04:00,63.22999954223633,63.22999954223633,62.994998931884766,62.994998931884766,1194,0.0,0.0
2024-07-16 09:35:00-04:00,62.97999954223633,63.40999984741211,62.654998779296875,63.349998474121094,8277,0.0,0.0
2024-07-16 09:40:00-04:00,63.40999984741211,63.40999984741211,63.40999984741211,63.40999984741211,229,0.0,0.0
2024-07-16 09:45:00-04:00,63.2599983215332,63.400001525878906,63.150001525878906,63.380001068115234,4284,0.0,0.0
2024-07-16 09:50:00-04:00,63.400001525878906,63.43000030517578,63.255001068115234,63.2599983215332,942,0.0,0.0
2024-07-16 09:55:00-04:00,63.279998779296875,63.290000915527344,62.939998626708984,62.94499969482422,2169,0.0,0.0
2024-07-16 10:00:00-04:00,62.939998626708984,62.939998626708984,62.7599983215332,62.7599983215332,834,0.0,0.0
2024-07-16 10:05:00-04:00,62.720001220703125,62.720001220703125,62.13999938964844,62.13999938964844,2110,0.0,0.0
2024-07-16 10:10:00-04:00,62.34000015258789,62.619998931884766,62.34000015258789,62.619998931884766,3118,0.0,0.0
2024-07-16 10:15:00-04:00,62.54499816894531,62.63999938964844,62.54499816894531,62.59000015258789,1578,0.0,0.0
2024-07-16 10:20:00-04:00,62.63999938964844,62.63999938964844,62.45000076293945,62.45000076293945,1638,0.0,0.0
2024-07-16 10:30:00-04:00,62.45000076293945,62.45000076293945,62.36000061035156,62.36000061035156,1321,0.0,0.0
2024-07-16 10:35:00-04:00,62.400001525878906,62.650001525878906,62.3849983215332,62.3849983215332,3948,0.0,0.0
2024-07-16 10:40:00-04:00,62.400001525878906,62.400001525878906,62.3849983215332,62.400001525878906,1782,0.0,0.0
2024-07-16 10:45:00-04:00,62.400001525878906,62.560001373291016,62.375,62.560001373291016,1409,0.0,0.0
2024-07-16 10:50:00-04:00,62.5,62.5099983215332,62.5,62.5099983215332,1419,0.0,0.0
2024-07-16 10:55:00-04:00,62.4900016784668,62.540000915527344,62.439998626708984,62.45000076293945,2066,0.0,0.0
2024-07-16 11:00:00-04:00,62.40999984741211,62.439998626708984,62.18000030517578,62.43000030517578,2672,0.0,0.0
2024-07-16 11:05:00-04:00,62.4900016784668,62.599998474121094,62.25,62.599998474121094,8458,0.0,0.0
2024-07-16 11:10:00-04:00,62.77799987792969,62.900001525878906,62.689998626708984,62.689998626708984,7354,0.0,0.0
2024-07-16 11:15:00-04:00,62.65999984741211,62.65999984741211,62.64830017089844,62.65999984741211,1082,0.0,0.0
2024-07-16 11:20:00-04:00,62.54999923706055,62.54999923706055,62.54999923706055,62.54999923706055,546,0.0,0.0
2024-07-16 11:25:00-04:00,62.52000045776367,62.619998931884766,62.52000045776367,62.619998931884766,994,0.0,0.0
2024-07-16 11:30:00-04:00,62.560001373291016,62.560001373291016,62.52000045776367,62.52000045776367,1098,0.0,0.0
2024-07-16 11:35:00-04:00,62.599998474121094,62.599998474121094,62.52000045776367,62.52000045776367,929,0.0,0.0
2024-07-16 11:45:00-04:00,62.560001373291016,62.560001373291016,62.5,62.51499938964844,898,0.0,0.0
2024-07-16 11:50:00-04:00,62.5,62.560001373291016,62.5,62.560001373291016,1593,0.0,0.0
2024-07-16 11:55:00-04:00,62.529998779296875,62.58000183105469,62.35530090332031,62.35530090332031,4505,0.0,0.0
2024-07-16 12:00:00-04:00,62.39860153198242,62.39860153198242,62.39860153198242,62.39860153198242,223,0.0,0.0
2024-07-16 12:05:00-04:00,62.35749816894531,62.35749816894531,62.35749816894531,62.35749816894531,597,0.0,0.0
2024-07-16 12:10:00-04:00,62.470001220703125,62.51499938964844,62.420501708984375,62.51499938964844,2707,0.0,0.0
2024-07-16 12:15:00-04:00,62.60499954223633,62.60499954223633,62.60499954223633,62.60499954223633,276,0.0,0.0
2024-07-16 12:20:00-04:00,62.619998931884766,62.79999923706055,62.619998931884766,62.79999923706055,5175,0.0,0.0
2024-07-16 12:25:00-04:00,62.79999923706055,62.80500030517578,62.79999923706055,62.80500030517578,616,0.0,0.0
2024-07-16 12:30:00-04:00,62.80500030517578,63.17499923706055,62.80500030517578,63.17499923706055,2990,0.0,0.0
2024-07-16 12:35:00-04:00,63.18000030517578,63.26499938964844,63.18000030517578,63.23500061035156,2078,0.0,0.0
2024-07-16 12:40:00-04:00,63.23249816894531,63.380001068115234,62.790000915527344,62.790000915527344,9386,0.0,0.0
2024-07-16 12:45:00-04:00,62.7599983215332,62.7599983215332,62.7599983215332,62.7599983215332,479,0.0,0.0
2024-07-16 12:50:00-04:00,62.54999923706055,62.77109909057617,62.43000030517578,62.77000045776367,9313,0.0,0.0
2024-07-16 13:00:00-04:00,62.599998474121094,62.69499969482422,62.599998474121094,62.69499969482422,8783,0.0,0.0
2024-07-16 13:05:00-04:00,62.70800018310547,62.70800018310547,62.605899810791016,62.68000030517578,761,0.0,0.0
2024-07-16 13:10:00-04:00,62.67499923706055,62.67499923706055,62.20000076293945,62.20000076293945,3200,0.0,0.0
2024-07-16 13:15:00-04:00,62.2400016784668,62.2400016784668,62.2400016784668,62.2400016784668,694,0.0,0.0
2024-07-16 13:20:00-04:00,62.27000045776367,62.27000045776367,62.15999984741211,62.15999984741211,1400,0.0,0.0
2024-07-16 13:25:00-04:00,62.130001068115234,62.130001068115234,62.029998779296875,62.040000915527344,3426,0.0,0.0
2024-07-16 13:30:00-04:00,61.849998474121094,61.849998474121094,61.849998474121094,61.849998474121094,2094,0.0,0.0
2024-07-16 13:35:00-04:00,61.900001525878906,61.970001220703125,61.900001525878906,61.970001220703125,980,0.0,0.0
2024-07-16 13:40:00-04:00,61.970001220703125,62.189998626708984,61.970001220703125,62.119998931884766,3098,0.0,0.0
2024-07-16 13:45:00-04:00,62.27000045776367,62.290000915527344,62.209999084472656,62.209999084472656,1413,0.0,0.0
2024-07-16 13:50:00-04:00,62.13999938964844,62.13999938964844,61.904998779296875,61.904998779296875,1858,0.0,0.0
2024-07-16 13:55:00-04:00,61.90999984741211,61.90999984741211,61.775001525878906,61.775001525878906,1019,0.0,0.0
2024-07-16 14:00:00-04:00,61.81999969482422,61.81999969482422,61.814998626708984,61.814998626708984,1277,0.0,0.0
2024-07-16 14:05:00-04:00,61.70000076293945,61.70000076293945,61.70000076293945,61.70000076293945,468,0.0,0.0
2024-07-16 14:10:00-04:00,61.782501220703125,61.88999938964844,61.775001525878906,61.80500030517578,1654,0.0,0.0
2024-07-16 14:20:00-04:00,61.70000076293945,61.70000076293945,61.619998931884766,61.619998931884766,2019,0.0,0.0
2024-07-16 14:25:00-04:00,61.65999984741211,61.90999984741211,61.65999984741211,61.90999984741211,2561,0.0,0.0
2024-07-16 14:30:00-04:00,61.86000061035156,61.93989944458008,61.58000183105469,61.58000183105469,3370,0.0,0.0
2024-07-16 14:35:00-04:00,61.6150016784668,61.68000030517578,61.6150016784668,61.68000030517578,1401,0.0,0.0
2024-07-16 14:40:00-04:00,61.689998626708984,61.689998626708984,61.630001068115234,61.630001068115234,1542,0.0,0.0
2024-07-16 14:45:00-04:00,61.720001220703125,61.779998779296875,61.720001220703125,61.775001525878906,1272,0.0,0.0
2024-07-16 14:50:00-04:00,61.77000045776367,61.8650016784668,61.77000045776367,61.85710144042969,2841,0.0,0.0
2024-07-16 14:55:00-04:00,62.060001373291016,62.060001373291016,62.060001373291016,62.060001373291016,749,0.0,0.0
2024-07-16 15:00:00-04:00,61.967498779296875,62.04690170288086,61.88999938964844,61.900001525878906,3500,0.0,0.0
2024-07-16 15:05:00-04:00,61.87009811401367,61.915000915527344,61.87009811401367,61.915000915527344,1128,0.0,0.0
2024-07-16 15:10:00-04:00,61.93000030517578,62.040000915527344,61.8849983215332,62.040000915527344,2482,0.0,0.0
2024-07-16 15:15:00-04:00,61.994998931884766,62.0,61.994998931884766,62.0,1320,0.0,0.0
2024-07-16 15:20:00-04:00,62.06999969482422,62.06999969482422,62.029998779296875,62.029998779296875,1111,0.0,0.0
2024-07-16 15:25:00-04:00,62.06999969482422,62.209999084472656,62.03499984741211,62.11000061035156,5744,0.0,0.0
2024-07-16 15:30:00-04:00,62.18000030517578,62.25,62.18000030517578,62.25,1884,0.0,0.0
2024-07-16 15:35:00-04:00,62.20000076293945,62.220001220703125,62.060001373291016,62.09000015258789,6848,0.0,0.0
2024-07-16 15:40:00-04:00,62.087501525878906,62.11000061035156,62.087501525878906,62.10499954223633,1973,0.0,0.0
2024-07-16 15:45:00-04:00,62.060001373291016,62.099998474121094,61.95000076293945,62.095001220703125,10693,0.0,0.0
2024-07-16 15:50:00-04:00,62.150001525878906,62.29999923706055,61.92499923706055,61.92499923706055,22490,0.0,0.0
2024-07-16 15:55:00-04:00,61.91999816894531,62.03990173339844,61.720001220703125,61.91999816894531,60327,0.0,0.0
2024-07-17 09:30:00-04:00,61.4900016784668,62.369998931884766,61.489601135253906,62.369998931884766,2709,0.0,0.0
2024-07-17 09:35:00-04:00,62.790000915527344,62.790000915527344,62.790000915527344,62.790000915527344,905,0.0,0.0
2024-07-17 09:40:00-04:00,62.650001525878906,62.9900016784668,62.470001220703125,62.959999084472656,1767,0.0,0.0
2024-07-17 09:45:00-04:00,63.290000915527344,63.380001068115234,63.290000915527344,63.380001068115234,756,0.0,0.0
2024-07-17 09:50:00-04:00,63.41999816894531,63.59000015258789,63.220001220703125,63.220001220703125,2524,0.0,0.0
2024-07-17 09:55:00-04:00,63.25,63.61000061035156,63.20000076293945,63.60499954223633,4731,0.0,0.0
2024-07-17 10:00:00-04:00,63.79999923706055,64.20999908447266,63.790000915527344,64.20999908447266,1674,0.0,0.0
2024-07-17 10:05:00-04:00,64.12999725341797,64.12999725341797,63.86000061035156,64.08000183105469,1222,0.0,0.0
2024-07-17 10:10:00-04:00,63.834999084472656,64.41000366210938,63.720001220703125,64.41000366210938,5557,0.0,0.0
2024-07-17 10:15:00-04:00,64.41000366210938,64.41999816894531,64.41000366210938,64.41500091552734,3806,0.0,0.0
2024-07-17 10:20:00-04:00,64.55999755859375,64.55999755859375,64.01000213623047,64.01000213623047,8774,0.0,0.0
2024-07-17 10:25:00-04:00,64.0199966430664,64.0199966430664,63.439998626708984,63.560001373291016,12500,0.0,0.0
2024-07-17 10:30:00-04:00,63.560001373291016,63.619998931884766,63.27000045776367,63.404998779296875,4549,0.0,0.0
2024-07-17 10:35:00-04:00,63.30400085449219,63.3650016784668,63.099998474121094,63.099998474121094,3089,0.0,0.0
2024-07-17 10:40:00-04:00,63.09000015258789,63.09000015258789,62.96500015258789,62.96500015258789,2953,0.0,0.0
2024-07-17 10:45:00-04:00,63.040000915527344,63.060001373291016,62.93000030517578,62.94219970703125,1735,0.0,0.0
2024-07-17 10:50:00-04:00,63.029998779296875,63.0525016784668,62.93000030517578,62.96500015258789,4254,0.0,0.0
2024-07-17 10:55:00-04:00,62.939998626708984,62.939998626708984,62.849998474121094,62.849998474121094,1503,0.0,0.0
2024-07-17 11:00:00-04:00,62.86000061035156,62.880001068115234,62.709999084472656,62.78499984741211,7259,0.0,0.0
2024-07-17 11:05:00-04:00,62.83000183105469,63.220001220703125,62.83000183105469,63.220001220703125,9272,0.0,0.0
2024-07-17 11:15:00-04:00,63.185001373291016,63.279998779296875,63.18000030517578,63.2599983215332,3793,0.0,0.0
2024-07-17 11:20:00-04:00,63.31999969482422,63.525001525878906,62.4900016784668,62.77000045776367,24628,0.0,0.0
2024-07-17 11:25:00-04:00,62.974998474121094,62.974998474121094,62.880001068115234,62.95500183105469,1983,0.0,0.0
2024-07-17 11:30:00-04:00,62.95500183105469,63.029998779296875,62.95500183105469,63.029998779296875,853,0.0,0.0
2024-07-17 11:35:00-04:00,62.83000183105469,62.83000183105469,62.47999954223633,62.56999969482422,3618,0.0,0.0
2024-07-17 11:40:00-04:00,62.459999084472656,62.59000015258789,62.459999084472656,62.59000015258789,477,0.0,0.0
2024-07-17 11:45:00-04:00,62.619998931884766,62.619998931884766,62.33000183105469,62.33000183105469,2003,0.0,0.0
2024-07-17 11:50:00-04:00,62.310001373291016,62.494998931884766,62.27000045776367,62.494998931884766,2317,0.0,0.0
2024-07-17 11:55:00-04:00,62.52000045776367,62.54499816894531,62.369998931884766,62.369998931884766,2759,0.0,0.0
2024-07-17 12:00:00-04:00,62.51499938964844,62.51499938964844,62.36000061035156,62.36000061035156,359,0.0,0.0
2024-07-17 12:05:00-04:00,62.474998474121094,62.474998474121094,62.272499084472656,62.28310012817383,2305,0.0,0.0
2024-07-17 12:10:00-04:00,62.27000045776367,62.27000045776367,62.18000030517578,62.25,1363,0.0,0.0
2024-07-17 12:15:00-04:00,62.2400016784668,62.369998931884766,62.2400016784668,62.369998931884766,2474,0.0,0.0
2024-07-17 12:20:00-04:00,62.36000061035156,62.36000061035156,62.29999923706055,62.29999923706055,1126,0.0,0.0
2024-07-17 12:25:00-04:00,62.279998779296875,62.43000030517578,62.279998779296875,62.380001068115234,3129,0.0,0.0
2024-07-17 12:30:00-04:00,62.369998931884766,62.5,62.31050109863281,62.459999084472656,3725,0.0,0.0
2024-07-17 12:35:00-04:00,62.48500061035156,62.48500061035156,62.349998474121094,62.369998931884766,1288,0.0,0.0
2024-07-17 12:40:00-04:00,62.349998474121094,62.400001525878906,62.334999084472656,62.400001525878906,11066,0.0,0.0
2024-07-17 12:45:00-04:00,62.255001068115234,62.255001068115234,62.15999984741211,62.209999084472656,905,0.0,0.0
2024-07-17 12:50:00-04:00,62.130001068115234,62.154998779296875,62.025001525878906,62.154998779296875,2555,0.0,0.0
2024-07-17 12:55:00-04:00,62.224998474121094,62.31999969482422,62.209999084472656,62.209999084472656,5647,0.0,0.0
2024-07-17 13:00:00-04:00,62.60499954223633,62.77000045776367,62.60499954223633,62.77000045776367,1587,0.0,0.0
2024-07-17 13:05:00-04:00,62.775001525878906,62.775001525878906,62.75,62.7599983215332,1161,0.0,0.0
2024-07-17 13:10:00-04:00,62.84000015258789,63.31999969482422,62.84000015258789,63.31999969482422,4823,0.0,0.0
2024-07-17 13:15:00-04:00,63.275001525878906,63.380001068115234,63.275001525878906,63.380001068115234,2285,0.0,0.0
2024-07-17 13:20:00-04:00,63.59000015258789,63.66999816894531,63.55500030517578,63.66999816894531,2075,0.0,0.0
2024-07-17 13:25:00-04:00,63.58000183105469,63.709999084472656,63.25,63.709999084472656,10487,0.0,0.0
2024-07-17 13:30:00-04:00,63.779998779296875,63.79499816894531,63.76499938964844,63.76499938964844,1208,0.0,0.0
2024-07-17 13:35:00-04:00,63.76499938964844,64.05999755859375,63.76499938964844,64.05999755859375,2059,0.0,0.0
2024-07-17 13:40:00-04:00,63.95500183105469,63.959999084472656,63.90250015258789,63.915000915527344,2049,0.0,0.0
2024-07-17 13:45:00-04:00,63.93000030517578,63.93000030517578,63.7400016784668,63.775001525878906,3351,0.0,0.0
2024-07-17 13:50:00-04:00,63.7400016784668,63.744998931884766,63.7400016784668,63.744998931884766,305,0.0,0.0
2024-07-17 13:55:00-04:00,63.744998931884766,63.97999954223633,63.619998931884766,63.97999954223633,5208,0.0,0.0
2024-07-17 14:00:00-04:00,64.10800170898438,64.10800170898438,64.0999984741211,64.0999984741211,1213,0.0,0.0
2024-07-17 14:05:00-04:00,64.07499694824219,64.19499969482422,63.9900016784668,64.08999633789062,5982,0.0,0.0
2024-07-17 14:10:00-04:00,63.95000076293945,64.0,63.93000030517578,63.93000030517578,2702,0.0,0.0
2024-07-17 14:15:00-04:00,63.90999984741211,63.90999984741211,63.81999969482422,63.81999969482422,3121,0.0,0.0
2024-07-17 14:20:00-04:00,63.779998779296875,63.779998779296875,63.779998779296875,63.779998779296875,1235,0.0,0.0
2024-07-17 14:25:00-04:00,63.849998474121094,63.849998474121094,63.79499816894531,63.79499816894531,2565,0.0,0.0
2024-07-17 14:30:00-04:00,63.720001220703125,63.77000045776367,63.650001525878906,63.709999084472656,2205,0.0,0.0
2024-07-17 14:35:00-04:00,63.7400016784668,63.75,63.650001525878906,63.665000915527344,5760,0.0,0.0
2024-07-17 14:40:00-04:00,63.665000915527344,63.7400016784668,63.665000915527344,63.7400016784668,1501,0.0,0.0
2024-07-17 14:45:00-04:00,63.78499984741211,63.904998779296875,63.77000045776367,63.77000045776367,6405,0.0,0.0
2024-07-17 14:50:00-04:00,63.82500076293945,63.82500076293945,63.529998779296875,63.564998626708984,2854,0.0,0.0
2024-07-17 14:55:00-04:00,63.5,63.650001525878906,63.470001220703125,63.470001220703125,4780,0.0,0.0
2024-07-17 15:00:00-04:00,63.505001068115234,63.61000061035156,63.5,63.529998779296875,14770,0.0,0.0
2024-07-17 15:05:00-04:00,63.45000076293945,63.72999954223633,63.279998779296875,63.58000183105469,7471,0.0,0.0
2024-07-17 15:10:00-04:00,63.630001068115234,63.869998931884766,63.56999969482422,63.869998931884766,4915,0.0,0.0
2024-07-17 15:15:00-04:00,63.85499954223633,63.900001525878906,63.709999084472656,63.72999954223633,4507,0.0,0.0
2024-07-17 15:20:00-04:00,63.689998626708984,63.689998626708984,63.45000076293945,63.505001068115234,7779,0.0,0.0
2024-07-17 15:25:00-04:00,63.505001068115234,63.619998931884766,63.45000076293945,63.619998931884766,6984,0.0,0.0
2024-07-17 15:30:00-04:00,63.72999954223633,63.79499816894531,63.65999984741211,63.79499816894531,5503,0.0,0.0
2024-07-17 15:35:00-04:00,63.76499938964844,63.78499984741211,63.58000183105469,63.625,5852,0.0,0.0
2024-07-17 15:40:00-04:00,63.625,63.86000061035156,63.529998779296875,63.84000015258789,9816,0.0,0.0
2024-07-17 15:45:00-04:00,63.810001373291016,63.869998931884766,63.41999816894531,63.41999816894531,10051,0.0,0.0
2024-07-17 15:50:00-04:00,63.52000045776367,63.52000045776367,63.2599983215332,63.27000045776367,14091,0.0,0.0
2024-07-17 15:55:00-04:00,63.13999938964844,63.41999816894531,63.13999938964844,63.400001525878906,34452,0.0,0.0
2024-07-18 09:30:00-04:00,62.869998931884766,63.63999938964844,62.869998931884766,63.474998474121094,2538,0.0,0.0
2024-07-18 09:35:00-04:00,63.75,63.75,63.41999816894531,63.41999816894531,851,0.0,0.0
2024-07-18 09:40:00-04:00,63.75,63.75,63.470001220703125,63.5,1376,0.0,0.0
2024-07-18 09:45:00-04:00,63.525001525878906,63.525001525878906,63.525001525878906,63.525001525878906,995,0.0,0.0
2024-07-18 09:50:00-04:00,63.95000076293945,63.95000076293945,63.79999923706055,63.79999923706055,4875,0.0,0.0
2024-07-18 09:55:00-04:00,63.79999923706055,64.19000244140625,63.79999923706055,64.19000244140625,333,0.0,0.0
2024-07-18 10:00:00-04:00,64.08999633789062,64.08999633789062,64.08999633789062,64.08999633789062,1188,0.0,0.0
2024-07-18 10:10:00-04:00,64.08000183105469,64.08000183105469,63.880001068115234,63.880001068115234,1157,0.0,0.0
2024-07-18 10:15:00-04:00,64.18499755859375,64.18499755859375,63.880001068115234,64.0999984741211,1770,0.0,0.0
2024-07-18 10:20:00-04:00,63.7599983215332,63.775001525878906,63.7599983215332,63.775001525878906,761,0.0,0.0
2024-07-18 10:30:00-04:00,63.79999923706055,63.79999923706055,63.72999954223633,63.72999954223633,812,0.0,0.0
2024-07-18 10:35:00-04:00,63.775001525878906,63.88999938964844,63.775001525878906,63.869998931884766,1372,0.0,0.0
2024-07-18 10:40:00-04:00,64.06999969482422,64.06999969482422,63.79999923706055,63.79999923706055,1344,0.0,0.0
2024-07-18 10:45:00-04:00,63.79999923706055,63.79999923706055,63.79249954223633,63.79249954223633,731,0.0,0.0
2024-07-18 10:50:00-04:00,64.05000305175781,64.05000305175781,64.05000305175781,64.05000305175781,362,0.0,0.0
2024-07-18 10:55:00-04:00,64.06999969482422,64.06999969482422,64.06999969482422,64.06999969482422,137,0.0,0.0
2024-07-18 11:00:00-04:00,64.0,64.0,63.974998474121094,63.974998474121094,513,0.0,0.0
2024-07-18 11:05:00-04:00,63.974998474121094,64.1500015258789,63.974998474121094,64.1500015258789,5137,0.0,0.0
2024-07-18 11:10:00-04:00,64.26000213623047,64.26000213623047,64.19000244140625,64.22000122070312,835,0.0,0.0
2024-07-18 11:20:00-04:00,64.1500015258789,64.1500015258789,64.1500015258789,64.1500015258789,1476,0.0,0.0
2024-07-18 11:25:00-04:00,64.11000061035156,64.11000061035156,64.06999969482422,64.08000183105469,730,0.0,0.0
2024-07-18 11:30:00-04:00,64.06999969482422,64.13990020751953,64.0,64.05999755859375,1556,0.0,0.0
2024-07-18 11:35:00-04:00,64.05999755859375,64.18000030517578,64.05999755859375,64.18000030517578,2228,0.0,0.0
2024-07-18 11:40:00-04:00,64.25,64.34500122070312,64.24500274658203,64.25,1752,0.0,0.0
2024-07-18 11:45:00-04:00,64.41000366210938,64.43000030517578,64.30000305175781,64.37999725341797,2275,0.0,0.0
2024-07-18 11:55:00-04:00,64.31999969482422,64.43000030517578,64.23999786376953,64.23999786376953,7021,0.0,0.0
2024-07-18 12:05:00-04:00,64.4000015258789,64.4000015258789,64.38999938964844,64.38999938964844,2248,0.0,0.0
2024-07-18 12:10:00-04:00,64.5199966430664,64.5199966430664,64.5199966430664,64.5199966430664,213,0.0,0.0
2024-07-18 12:15:00-04:00,64.4800033569336,64.4800033569336,64.23500061035156,64.30999755859375,4690,0.0,0.0
2024-07-18 12:25:00-04:00,64.375,64.375,64.375,64.375,939,0.0,0.0
2024-07-18 12:30:00-04:00,64.51000213623047,64.75,64.51000213623047,64.75,949,0.0,0.0
2024-07-18 12:35:00-04:00,64.69000244140625,64.69000244140625,64.69000244140625,64.69000244140625,401,0.0,0.0
2024-07-18 12:40:00-04:00,64.6500015258789,64.6500015258789,64.44000244140625,64.44000244140625,1932,0.0,0.0
2024-07-18 12:45:00-04:00,64.44999694824219,64.48999786376953,64.25,64.32499694824219,9956,0.0,0.0
2024-07-18 12:50:00-04:00,64.25,64.25,64.25,64.25,125,0.0,0.0
2024-07-18 12:55:00-04:00,64.25,64.58999633789062,64.25,64.51000213623047,2695,0.0,0.0
2024-07-18 13:00:00-04:00,64.51000213623047,64.55999755859375,64.47000122070312,64.5,3852,0.0,0.0
2024-07-18 13:05:00-04:00,64.5,64.5,64.41999816894531,64.47000122070312,10454,0.0,0.0
2024-07-18 13:10:00-04:00,64.51000213623047,64.51000213623047,64.5,64.5,1196,0.0,0.0
2024-07-18 13:15:00-04:00,64.56999969482422,64.75,64.52999877929688,64.75,2243,0.0,0.0
2024-07-18 13:20:00-04:00,64.81999969482422,64.81999969482422,64.69000244140625,64.70999908447266,1458,0.0,0.0
2024-07-18 13:25:00-04:00,64.68209838867188,64.77999877929688,64.5999984741211,64.5999984741211,2517,0.0,0.0
2024-07-18 13:30:00-04:00,64.5999984741211,64.5999984741211,64.5999984741211,64.5999984741211,1461,0.0,0.0
2024-07-18 13:35:00-04:00,64.5,64.51000213623047,64.4800033569336,64.51000213623047,1919,0.0,0.0
2024-07-18 13:40:00-04:00,64.5,64.66000366210938,64.49500274658203,64.66000366210938,2745,0.0,0.0
2024-07-18 13:45:00-04:00,64.65499877929688,64.65499877929688,64.65499877929688,64.65499877929688,1014,0.0,0.0
2024-07-18 13:50:00-04:00,64.6500015258789,64.6500015258789,64.55000305175781,64.55000305175781,1244,0.0,0.0
2024-07-18 13:55:00-04:00,64.5,64.55999755859375,64.47000122070312,64.55999755859375,1714,0.0,0.0
2024-07-18 14:00:00-04:00,64.44999694824219,64.5,64.05500030517578,64.05500030517578,11715,0.0,0.0
2024-07-18 14:05:00-04:00,63.959999084472656,63.9900016784668,63.76499938964844,63.9900016784668,3054,0.0,0.0
2024-07-18 14:10:00-04:00,63.904998779296875,63.904998779296875,63.790000915527344,63.810001373291016,2205,0.0,0.0
2024-07-18 14:15:00-04:00,63.810001373291016,64.12000274658203,63.779998779296875,64.12000274658203,3757,0.0,0.0
2024-07-18 14:20:00-04:00,64.12000274658203,64.1500015258789,63.974998474121094,64.06999969482422,4259,0.0,0.0
2024-07-18 14:25:00-04:00,64.30999755859375,64.33499908447266,64.13999938964844,64.18499755859375,2665,0.0,0.0
2024-07-18 14:30:00-04:00,64.20500183105469,64.20500183105469,64.11000061035156,64.11000061035156,993,0.0,0.0
2024-07-18 14:35:00-04:00,64.0,64.01000213623047,63.99250030517578,63.99250030517578,1541,0.0,0.0
2024-07-18 14:40:00-04:00,63.98500061035156,64.08000183105469,63.90999984741211,64.08000183105469,5212,0.0,0.0
2024-07-18 14:45:00-04:00,64.0999984741211,64.15499877929688,64.06999969482422,64.06999969482422,2282,0.0,0.0
2024-07-18 14:50:00-04:00,63.970001220703125,63.970001220703125,63.85499954223633,63.93000030517578,2815,0.0,0.0
2024-07-18 14:55:00-04:00,63.96500015258789,63.96500015258789,63.81999969482422,63.900001525878906,2649,0.0,0.0
2024-07-18 15:05:00-04:00,64.02999877929688,64.02999877929688,63.97999954223633,63.97999954223633,1904,0.0,0.0
2024-07-18 15:10:00-04:00,63.94499969482422,63.94499969482422,63.875,63.880001068115234,12001,0.0,0.0
2024-07-18 15:15:00-04:00,64.04499816894531,64.06999969482422,63.97999954223633,63.97999954223633,1432,0.0,0.0
2024-07-18 15:20:00-04:00,63.94499969482422,63.94499969482422,63.869998931884766,63.900001525878906,1774,0.0,0.0
2024-07-18 15:25:00-04:00,63.91999816894531,64.0,63.91999816894531,63.939998626708984,3599,0.0,0.0
2024-07-18 15:30:00-04:00,64.0199966430664,64.1449966430664,63.95249938964844,64.12999725341797,4203,0.0,0.0
2024-07-18 15:35:00-04:00,64.05999755859375,64.12000274658203,64.05000305175781,64.11000061035156,2136,0.0,0.0
2024-07-18 15:40:00-04:00,64.20999908447266,64.29499816894531,64.02999877929688,64.02999877929688,3795,0.0,0.0
2024-07-18 15:45:00-04:00,64.06999969482422,64.26000213623047,64.06999969482422,64.12000274658203,3663,0.0,0.0
2024-07-18 15:50:00-04:00,64.16999816894531,64.33000183105469,64.16999816894531,64.25,11479,0.0,0.0
2024-07-18 15:55:00-04:00,64.26000213623047,64.44000244140625,64.12000274658203,64.27999877929688,50523,0.0,0.0
2024-07-19 09:30:00-04:00,64.5999984741211,64.5999984741211,63.720001220703125,63.720001220703125,9916,0.0,0.0
2024-07-19 09:35:00-04:00,64.31500244140625,64.58499908447266,64.25,64.58499908447266,7971,0.0,0.0
2024-07-19 09:40:00-04:00,64.56999969482422,64.56999969482422,64.56999969482422,64.56999969482422,265,0.0,0.0
2024-07-19 09:45:00-04:00,64.66000366210938,64.69999694824219,64.54499816894531,64.58999633789062,2588,0.0,0.0
2024-07-19 09:50:00-04:00,64.62999725341797,64.69499969482422,64.58000183105469,64.62999725341797,3460,0.0,0.0
2024-07-19 10:00:00-04:00,64.7699966430664,64.7699966430664,64.41000366210938,64.44000244140625,1680,0.0,0.0
2024-07-19 10:05:00-04:00,64.41000366210938,64.41000366210938,64.12000274658203,64.12000274658203,2642,0.0,0.0
2024-07-19 10:10:00-04:00,63.66999816894531,63.810001373291016,63.54999923706055,63.54999923706055,817,0.0,0.0
2024-07-19 10:15:00-04:00,63.33000183105469,63.79999923706055,63.310001373291016,63.744998931884766,7552,0.0,0.0
2024-07-19 10:25:00-04:00,63.66999816894531,63.66999816894531,63.54999923706055,63.56999969482422,2086,0.0,0.0
2024-07-19 10:30:00-04:00,63.56999969482422,63.7400016784668,63.56999969482422,63.7400016784668,1871,0.0,0.0
2024-07-19 10:40:00-04:00,63.54999923706055,63.650001525878906,63.54999923706055,63.6349983215332,5820,0.0,0.0
2024-07-19 10:45:00-04:00,63.38999938964844,63.623600006103516,63.06999969482422,63.06999969482422,5402,0.0,0.0
2024-07-19 10:50:00-04:00,63.224998474121094,63.38999938964844,63.060001373291016,63.345001220703125,2254,0.0,0.0
2024-07-19 10:55:00-04:00,63.29499816894531,63.4900016784668,63.29499816894531,63.35499954223633,1108,0.0,0.0
2024-07-19 11:00:00-04:00,63.540000915527344,63.540000915527344,63.540000915527344,63.540000915527344,723,0.0,0.0
2024-07-19 11:05:00-04:00,63.11000061035156,63.1879997253418,63.005001068115234,63.099998474121094,10133,0.0,0.0
2024-07-19 11:10:00-04:00,63.20000076293945,63.369998931884766,62.90999984741211,62.90999984741211,15389,0.0,0.0
2024-07-19 11:15:00-04:00,62.66999816894531,62.66999816894531,62.4025993347168,62.4025993347168,2544,0.0,0.0
2024-07-19 11:20:00-04:00,62.380001068115234,62.540000915527344,62.380001068115234,62.540000915527344,573,0.0,0.0
2024-07-19 11:25:00-04:00,62.25,62.25,62.04999923706055,62.15230178833008,1738,0.0,0.0
2024-07-19 11:30:00-04:00,62.099998474121094,62.349998474121094,62.099998474121094,62.124000549316406,3968,0.0,0.0
2024-07-19 11:35:00-04:00,62.28129959106445,62.310001373291016,62.28129959106445,62.310001373291016,2091,0.0,0.0
2024-07-19 11:40:00-04:00,61.88999938964844,61.88999938964844,61.88999938964844,61.88999938964844,567,0.0,0.0
2024-07-19 11:45:00-04:00,62.025001525878906,62.119998931884766,61.88999938964844,62.09000015258789,3509,0.0,0.0
2024-07-19 11:50:00-04:00,62.16999816894531,62.18000030517578,62.0099983215332,62.13999938964844,2091,0.0,0.0
2024-07-19 11:55:00-04:00,62.0,62.09120178222656,61.88999938964844,61.900001525878906,2645,0.0,0.0
2024-07-19 12:00:00-04:00,62.005001068115234,62.005001068115234,61.900001525878906,61.900001525878906,662,0.0,0.0
2024-07-19 12:05:00-04:00,61.83000183105469,61.939998626708984,61.7599983215332,61.7599983215332,2468,0.0,0.0
2024-07-19 12:10:00-04:00,61.72999954223633,61.79999923706055,61.61000061035156,61.61000061035156,2379,0.0,0.0
2024-07-19 12:15:00-04:00,61.4900016784668,61.52000045776367,61.4900016784668,61.52000045776367,957,0.0,0.0
2024-07-19 12:20:00-04:00,61.505001068115234,61.505001068115234,61.505001068115234,61.505001068115234,399,0.0,0.0
2024-07-19 12:25:00-04:00,61.41999816894531,61.43000030517578,61.349998474121094,61.43000030517578,1368,0.0,0.0
2024-07-19 12:30:00-04:00,61.13999938964844,61.13999938964844,61.13999938964844,61.13999938964844,502,0.0,0.0
2024-07-19 12:35:00-04:00,61.13999938964844,61.58000183105469,61.13999938964844,61.58000183105469,4775,0.0,0.0
2024-07-19 12:40:00-04:00,61.40999984741211,61.40999984741211,61.40999984741211,61.40999984741211,214,0.0,0.0
2024-07-19 12:45:00-04:00,61.38999938964844,61.38999938964844,61.16999816894531,61.16999816894531,1167,0.0,0.0
2024-07-19 12:50:00-04:00,61.150001525878906,61.150001525878906,61.119998931884766,61.119998931884766,711,0.0,0.0
2024-07-19 12:55:00-04:00,61.029998779296875,61.029998779296875,60.959999084472656,60.959999084472656,904,0.0,0.0
2024-07-19 13:00:00-04:00,61.03499984741211,61.400001525878906,61.02750015258789,61.400001525878906,6733,0.0,0.0
2024-07-19 13:05:00-04:00,61.439998626708984,61.54999923706055,61.439998626708984,61.54999923706055,866,0.0,0.0
2024-07-19 13:10:00-04:00,61.45500183105469,61.54999923706055,61.41999816894531,61.4900016784668,3608,0.0,0.0
2024-07-19 13:15:00-04:00,61.459999084472656,61.459999084472656,61.459999084472656,61.459999084472656,544,0.0,0.0
2024-07-19 13:20:00-04:00,61.349998474121094,61.41999816894531,61.349998474121094,61.41999816894531,673,0.0,0.0
2024-07-19 13:25:00-04:00,61.39500045776367,61.58000183105469,61.31999969482422,61.560001373291016,3784,0.0,0.0
2024-07-19 13:30:00-04:00,61.59000015258789,61.59000015258789,61.59000015258789,61.59000015258789,885,0.0,0.0
2024-07-19 13:35:00-04:00,61.619998931884766,61.619998931884766,61.52000045776367,61.584999084472656,1389,0.0,0.0
2024-07-19 13:40:00-04:00,61.86000061035156,61.86000061035156,61.86000061035156,61.86000061035156,287,0.0,0.0
2024-07-19 13:45:00-04:00,61.84000015258789,61.88999938964844,61.84000015258789,61.88999938964844,1378,0.0,0.0
2024-07-19 13:50:00-04:00,61.75,61.900001525878906,61.75,61.900001525878906,1592,0.0,0.0
2024-07-19 13:55:00-04:00,61.750099182128906,61.810001373291016,61.750099182128906,61.810001373291016,2335,0.0,0.0
2024-07-19 14:00:00-04:00,61.77000045776367,61.83000183105469,61.709999084472656,61.75,7996,0.0,0.0
2024-07-19 14:05:00-04:00,61.83000183105469,61.83000183105469,61.83000183105469,61.83000183105469,4888,0.0,0.0
2024-07-19 14:10:00-04:00,62.04499816894531,62.59000015258789,62.04499816894531,62.420101165771484,7314,0.0,0.0
2024-07-19 14:15:00-04:00,62.59000015258789,62.59000015258789,62.154998779296875,62.154998779296875,3148,0.0,0.0
2024-07-19 14:20:00-04:00,62.13610076904297,62.13610076904297,62.13610076904297,62.13610076904297,600,0.0,0.0
2024-07-19 14:25:00-04:00,62.11000061035156,62.11000061035156,62.0099983215332,62.0099983215332,2106,0.0,0.0
2024-07-19 14:30:00-04:00,61.86000061035156,61.86000061035156,61.7599983215332,61.7599983215332,1323,0.0,0.0
2024-07-19 14:40:00-04:00,61.85430145263672,61.85430145263672,61.85430145263672,61.85430145263672,1452,0.0,0.0
2024-07-19 14:45:00-04:00,61.880001068115234,62.029998779296875,61.880001068115234,62.029998779296875,2113,0.0,0.0
2024-07-19 14:50:00-04:00,61.970001220703125,62.060001373291016,61.970001220703125,62.005001068115234,1413,0.0,0.0
2024-07-19 14:55:00-04:00,62.04999923706055,62.09000015258789,62.0,62.0099983215332,3437,0.0,0.0
2024-07-19 15:05:00-04:00,62.0099983215332,62.05500030517578,62.0099983215332,62.05500030517578,890,0.0,0.0
2024-07-19 15:10:00-04:00,62.119998931884766,62.29999923706055,62.119998931884766,62.29999923706055,4029,0.0,0.0
2024-07-19 15:15:00-04:00,62.31999969482422,62.470001220703125,62.31999969482422,62.470001220703125,2871,0.0,0.0
2024-07-19 15:20:00-04:00,62.4900016784668,62.56999969482422,62.4900016784668,62.56999969482422,2059,0.0,0.0
2024-07-19 15:25:00-04:00,62.58000183105469,62.709999084472656,62.58000183105469,62.709999084472656,2973,0.0,0.0
2024-07-19 15:30:00-04:00,62.93000030517578,62.93000030517578,62.689998626708984,62.75,7685,0.0,0.0
2024-07-19 15:35:00-04:00,62.72999954223633,62.847999572753906,62.72999954223633,62.847999572753906,1149,0.0,0.0
2024-07-19 15:40:00-04:00,62.77000045776367,63.0,62.75,62.900001525878906,12163,0.0,0.0
2024-07-19 15:45:00-04:00,62.939998626708984,63.02000045776367,62.900001525878906,63.02000045776367,7674,0.0,0.0
2024-07-19 15:50:00-04:00,62.970001220703125,63.150001525878906,62.970001220703125,63.11000061035156,18783,0.0,0.0
2024-07-19 15:55:00-04:00,63.16999816894531,63.20000076293945,62.9900016784668,63.060001373291016,28390,0.0,0.0
2024-07-22 09:30:00-04:00,63.61000061035156,63.790000915527344,63.61000061035156,63.66999816894531,1813,0.0,0.0
2024-07-22 09:35:00-04:00,64.12999725341797,64.37999725341797,64.0999984741211,64.19000244140625,2936,0.0,0.0
2024-07-22 09:40:00-04:00,64.46499633789062,64.46499633789062,64.2300033569336,64.2300033569336,675,0.0,0.0
2024-07-22 09:45:00-04:00,64.30500030517578,64.30500030517578,64.04000091552734,64.04000091552734,415,0.0,0.0
2024-07-22 09:50:00-04:00,63.7599983215332,63.7599983215332,63.68000030517578,63.68000030517578,547,0.0,0.0
2024-07-22 09:55:00-04:00,63.400001525878906,63.439998626708984,63.369998931884766,63.404998779296875,1351,0.0,0.0
2024-07-22 10:00:00-04:00,63.380001068115234,63.380001068115234,63.36000061035156,63.36000061035156,1900,0.0,0.0
2024-07-22 10:05:00-04:00,63.099998474121094,63.099998474121094,62.68000030517578,62.92499923706055,1748,0.0,0.0
2024-07-22 10:10:00-04:00,63.060001373291016,63.25,63.04999923706055,63.04999923706055,629,0.0,0.0
2024-07-22 10:15:00-04:00,63.099998474121094,63.290000915527344,63.099998474121094,63.22999954223633,854,0.0,0.0
2024-07-22 10:20:00-04:00,63.47999954223633,63.689998626708984,63.30849838256836,63.689998626708984,1860,0.0,0.0
2024-07-22 10:25:00-04:00,63.83000183105469,64.04000091552734,63.83000183105469,63.83000183105469,1424,0.0,0.0
2024-07-22 10:30:00-04:00,63.904998779296875,64.16999816894531,63.599998474121094,64.16999816894531,2150,0.0,0.0
2024-07-22 10:35:00-04:00,64.2699966430664,64.38500213623047,64.22000122070312,64.38500213623047,598,0.0,0.0
2024-07-22 10:40:00-04:00,64.45999908447266,64.4800033569336,64.26000213623047,64.4000015258789,700,0.0,0.0
2024-07-22 10:45:00-04:00,64.51000213623047,64.51000213623047,64.13999938964844,64.13999938964844,2799,0.0,0.0
2024-07-22 10:50:00-04:00,63.810001373291016,64.11499786376953,63.810001373291016,64.11499786376953,308,0.0,0.0
2024-07-22 10:55:00-04:00,63.970001220703125,64.23500061035156,63.970001220703125,64.23500061035156,953,0.0,0.0
2024-07-22 11:05:00-04:00,64.48999786376953,64.55500030517578,64.38999938964844,64.47000122070312,1670,0.0,0.0
2024-07-22 11:10:00-04:00,64.44999694824219,64.69999694824219,64.4000015258789,64.68000030517578,10080,0.0,0.0
2024-07-22 11:15:00-04:00,65.0,65.0999984741211,64.7300033569336,64.7300033569336,2696,0.0,0.0
2024-07-22 11:20:00-04:00,64.88999938964844,64.88999938964844,64.77999877929688,64.77999877929688,347,0.0,0.0
2024-07-22 11:25:00-04:00,64.83000183105469,64.83000183105469,64.83000183105469,64.83000183105469,571,0.0,0.0
2024-07-22 11:30:00-04:00,64.66000366210938,64.66000366210938,64.52999877929688,64.56999969482422,3803,0.0,0.0
2024-07-22 11:40:00-04:00,64.51000213623047,64.76000213623047,64.51000213623047,64.76000213623047,2657,0.0,0.0
2024-07-22 11:45:00-04:00,64.8499984741211,64.8499984741211,64.8499984741211,64.8499984741211,301,0.0,0.0
2024-07-22 11:50:00-04:00,64.9000015258789,65.08000183105469,64.9000015258789,64.97000122070312,1680,0.0,0.0
2024-07-22 11:55:00-04:00,65.04000091552734,65.11000061035156,65.03500366210938,65.11000061035156,864,0.0,0.0
2024-07-22 12:00:00-04:00,64.94000244140625,64.94000244140625,64.94000244140625,64.94000244140625,996,0.0,0.0
2024-07-22 12:05:00-04:00,65.00499725341797,65.00499725341797,65.00499725341797,65.00499725341797,838,0.0,0.0
2024-07-22 12:15:00-04:00,64.9000015258789,64.9000015258789,64.9000015258789,64.9000015258789,692,0.0,0.0
2024-07-22 12:20:00-04:00,64.97000122070312,64.97000122070312,64.74500274658203,64.74500274658203,3441,0.0,0.0
2024-07-22 12:35:00-04:00,64.83999633789062,64.98999786376953,64.83999633789062,64.98999786376953,1611,0.0,0.0
2024-07-22 12:40:00-04:00,65.05500030517578,65.05500030517578,65.0,65.0,590,0.0,0.0
2024-07-22 12:45:00-04:00,65.01000213623047,65.01000213623047,65.01000213623047,65.01000213623047,177,0.0,0.0
2024-07-22 12:50:00-04:00,65.0999984741211,65.0999984741211,65.0999984741211,65.0999984741211,928,0.0,0.0
2024-07-22 12:55:00-04:00,65.0459976196289,65.0999984741211,64.9800033569336,64.9800033569336,1811,0.0,0.0
2024-07-22 13:00:00-04:00,65.18000030517578,65.18000030517578,65.18000030517578,65.18000030517578,1576,0.0,0.0
2024-07-22 13:05:00-04:00,65.22000122070312,65.22000122070312,65.22000122070312,65.22000122070312,708,0.0,0.0
2024-07-22 13:10:00-04:00,65.16999816894531,65.16999816894531,65.16999816894531,65.16999816894531,378,0.0,0.0
2024-07-22 13:15:00-04:00,65.23999786376953,65.27999877929688,65.23999786376953,65.27999877929688,3323,0.0,0.0
2024-07-22 13:20:00-04:00,65.31500244140625,65.41000366210938,64.93000030517578,65.05500030517578,9854,0.0,0.0
2024-07-22 13:25:00-04:00,65.02999877929688,65.02999877929688,64.93000030517578,64.93000030517578,5584,0.0,0.0
2024-07-22 13:30:00-04:00,65.2699966430664,65.33499908447266,65.1500015258789,65.33499908447266,3979,0.0,0.0
2024-07-22 13:35:00-04:00,65.58000183105469,65.58000183105469,65.58000183105469,65.58000183105469,746,0.0,0.0
2024-07-22 13:40:00-04:00,65.5250015258789,65.58000183105469,65.43000030517578,65.58000183105469,3295,0.0,0.0
2024-07-22 13:55:00-04:00,65.6500015258789,65.6500015258789,65.6500015258789,65.6500015258789,710,0.0,0.0
2024-07-22 14:00:00-04:00,65.54000091552734,65.54000091552734,65.51000213623047,65.51000213623047,2098,0.0,0.0
2024-07-22 14:05:00-04:00,65.5199966430664,65.5199966430664,65.5199966430664,65.5199966430664,996,0.0,0.0
2024-07-22 14:10:00-04:00,65.4000015258789,65.69999694824219,65.4000015258789,65.69999694824219,2834,0.0,0.0
2024-07-22 14:15:00-04:00,65.5000991821289,65.5000991821289,65.5000991821289,65.5000991821289,762,0.0,0.0
2024-07-22 14:20:00-04:00,65.58499908447266,65.58999633789062,65.52999877929688,65.53500366210938,1052,0.0,0.0
2024-07-22 14:25:00-04:00,65.5999984741211,65.61000061035156,65.5999984741211,65.61000061035156,1087,0.0,0.0
2024-07-22 14:30:00-04:00,65.72000122070312,65.77999877929688,65.69999694824219,65.77999877929688,1874,0.0,0.0
2024-07-22 14:35:00-04:00,65.70709991455078,65.76000213623047,65.63999938964844,65.75,2120,0.0,0.0
2024-07-22 14:40:00-04:00,65.7699966430664,65.79000091552734,65.66819763183594,65.66819763183594,1479,0.0,0.0
2024-07-22 14:45:00-04:00,65.69000244140625,65.76499938964844,65.69000244140625,65.75,2260,0.0,0.0
2024-07-22 14:50:00-04:00,65.7699966430664,65.7699966430664,65.69999694824219,65.69999694824219,1027,0.0,0.0
2024-07-22 14:55:00-04:00,65.80999755859375,65.87000274658203,65.68000030517578,65.75,3458,0.0,0.0
2024-07-22 15:00:00-04:00,65.75,66.0,65.66999816894531,65.9800033569336,5959,0.0,0.0
2024-07-22 15:05:00-04:00,66.01000213623047,66.36810302734375,66.01000213623047,66.24500274658203,3971,0.0,0.0
2024-07-22 15:10:00-04:00,66.1500015258789,66.1500015258789,65.79000091552734,65.79000091552734,4159,0.0,0.0
2024-07-22 15:15:00-04:00,65.83000183105469,65.98999786376953,65.83000183105469,65.98999786376953,2213,0.0,0.0
2024-07-22 15:20:00-04:00,66.01000213623047,66.0999984741211,66.01000213623047,66.0999984741211,1583,0.0,0.0
2024-07-22 15:25:00-04:00,66.08999633789062,66.08999633789062,65.98999786376953,65.98999786376953,2647,0.0,0.0
2024-07-22 15:30:00-04:00,65.83000183105469,65.88999938964844,65.80000305175781,65.88500213623047,2836,0.0,0.0
2024-07-22 15:35:00-04:00,65.94000244140625,65.98999786376953,65.81999969482422,65.93000030517578,4410,0.0,0.0
2024-07-22 15:40:00-04:00,65.9000015258789,65.9000015258789,65.8499984741211,65.8499984741211,752,0.0,0.0
2024-07-22 15:45:00-04:00,65.93000030517578,65.94999694824219,65.875,65.91000366210938,5630,0.0,0.0
2024-07-22 15:50:00-04:00,65.95999908447266,66.29499816894531,65.95999908447266,66.02999877929688,12055,0.0,0.0
2024-07-22 15:55:00-04:00,66.0199966430664,66.11000061035156,65.8499984741211,66.05999755859375,28604,0.0,0.0
2024-07-23 09:30:00-04:00,65.94000244140625,66.01000213623047,65.94000244140625,66.01000213623047,832,0.0,0.0
2024-07-23 09:35:00-04:00,66.05999755859375,66.05999755859375,66.05999755859375,66.05999755859375,257,0.0,0.0
2024-07-23 09:40:00-04:00,66.33000183105469,66.4749984741211,66.33000183105469,66.47000122070312,1130,0.0,0.0
2024-07-23 09:45:00-04:00,66.0,66.36000061035156,66.0,66.23999786376953,2130,0.0,0.0
2024-07-23 09:50:00-04:00,66.7699966430664,66.79000091552734,66.44000244140625,66.79000091552734,2152,0.0,0.0
2024-07-23 09:55:00-04:00,66.51499938964844,66.9000015258789,66.51499938964844,66.9000015258789,925,0.0,0.0
2024-07-23 10:00:00-04:00,66.97000122070312,67.4000015258789,66.97000122070312,67.22149658203125,3334,0.0,0.0
2024-07-23 10:05:00-04:00,67.41000366210938,67.52999877929688,67.36000061035156,67.36000061035156,1789,0.0,0.0
2024-07-23 10:10:00-04:00,67.38500213623047,67.63999938964844,67.36000061035156,67.63999938964844,1888,0.0,0.0
2024-07-23 10:15:00-04:00,67.6500015258789,67.7699966430664,67.41000366210938,67.45500183105469,22437,0.0,0.0
2024-07-23 10:20:00-04:00,67.9000015258789,67.9000015258789,67.46749877929688,67.67500305175781,1421,0.0,0.0
2024-07-23 10:25:00-04:00,67.5999984741211,67.5999984741211,67.36499786376953,67.36499786376953,4508,0.0,0.0
2024-07-23 10:30:00-04:00,67.37999725341797,67.37999725341797,66.79000091552734,66.91500091552734,4655,0.0,0.0
2024-07-23 10:35:00-04:00,66.91500091552734,66.91500091552734,66.70999908447266,66.70999908447266,1687,0.0,0.0
2024-07-23 10:40:00-04:00,66.52999877929688,66.63749694824219,66.52999877929688,66.63500213623047,1065,0.0,0.0
2024-07-23 10:45:00-04:00,66.52999877929688,66.81999969482422,66.52999877929688,66.80000305175781,2910,0.0,0.0
2024-07-23 10:50:00-04:00,66.62000274658203,66.70500183105469,66.59500122070312,66.59500122070312,1108,0.0,0.0
2024-07-23 10:55:00-04:00,66.70999908447266,66.70999908447266,66.4000015258789,66.5,6783,0.0,0.0
2024-07-23 11:00:00-04:00,66.4000015258789,66.48999786376953,66.2300033569336,66.36499786376953,6160,0.0,0.0
2024-07-23 11:05:00-04:00,66.36499786376953,66.43000030517578,66.36499786376953,66.3949966430664,1958,0.0,0.0
2024-07-23 11:10:00-04:00,66.29000091552734,66.29000091552734,66.29000091552734,66.29000091552734,3772,0.0,0.0
2024-07-23 11:15:00-04:00,66.30500030517578,66.44000244140625,66.30500030517578,66.38999938964844,4872,0.0,0.0
2024-07-23 11:20:00-04:00,66.30000305175781,66.4000015258789,66.30000305175781,66.38999938964844,1954,0.0,0.0
2024-07-23 11:25:00-04:00,66.41999816894531,66.5,66.33499908447266,66.41500091552734,7026,0.0,0.0
2024-07-23 11:30:00-04:00,66.45500183105469,66.51000213623047,66.44999694824219,66.44999694824219,5718,0.0,0.0
2024-07-23 11:35:00-04:00,66.36000061035156,66.48999786376953,66.36000061035156,66.4749984741211,2141,0.0,0.0
2024-07-23 11:40:00-04:00,66.5,66.63500213623047,66.41000366210938,66.62000274658203,12383,0.0,0.0
2024-07-23 11:45:00-04:00,66.60160064697266,66.68000030517578,66.54000091552734,66.68000030517578,3604,0.0,0.0
2024-07-23 11:50:00-04:00,66.63999938964844,66.63999938964844,66.38999938964844,66.5999984741211,5556,0.0,0.0
2024-07-23 11:55:00-04:00,66.48999786376953,66.48999786376953,66.4800033569336,66.4800033569336,1949,0.0,0.0
2024-07-23 12:00:00-04:00,66.47000122070312,66.56999969482422,66.42500305175781,66.47000122070312,4770,0.0,0.0
2024-07-23 12:05:00-04:00,66.43000030517578,66.47000122070312,66.37000274658203,66.47000122070312,2719,0.0,0.0
2024-07-23 12:10:00-04:00,66.44999694824219,66.5999984741211,66.44999694824219,66.5999984741211,3027,0.0,0.0
2024-07-23 12:15:00-04:00,66.54000091552734,66.5999984741211,66.30500030517578,66.30500030517578,14500,0.0,0.0
2024-07-23 12:20:00-04:00,66.3550033569336,66.44000244140625,66.27999877929688,66.3499984741211,11972,0.0,0.0
2024-07-23 12:25:00-04:00,66.23500061035156,66.29499816894531,66.2300033569336,66.2300033569336,1997,0.0,0.0
2024-07-23 12:30:00-04:00,66.18000030517578,66.23999786376953,66.0199966430664,66.04000091552734,2313,0.0,0.0
2024-07-23 12:35:00-04:00,65.93000030517578,66.41000366210938,65.93000030517578,66.41000366210938,5768,0.0,0.0
2024-07-23 12:40:00-04:00,66.44000244140625,66.44000244140625,66.44000244140625,66.44000244140625,2301,0.0,0.0
2024-07-23 12:50:00-04:00,66.53500366210938,66.53500366210938,66.52999877929688,66.52999877929688,2509,0.0,0.0
2024-07-23 12:55:00-04:00,66.56500244140625,66.62999725341797,66.4000015258789,66.52999877929688,6534,0.0,0.0
2024-07-23 13:00:00-04:00,66.50499725341797,66.62999725341797,66.5,66.56600189208984,3368,0.0,0.0
2024-07-23 13:05:00-04:00,66.5,66.5,66.5,66.5,1020,0.0,0.0
2024-07-23 13:10:00-04:00,66.5199966430664,66.5199966430664,66.5199966430664,66.5199966430664,3423,0.0,0.0
2024-07-23 13:15:00-04:00,66.48500061035156,66.58000183105469,66.4800033569336,66.52999877929688,4149,0.0,0.0
2024-07-23 13:20:00-04:00,66.45999908447266,66.5,66.37999725341797,66.3949966430664,4643,0.0,0.0
2024-07-23 13:25:00-04:00,66.41000366210938,66.48999786376953,66.41000366210938,66.4800033569336,1038,0.0,0.0
2024-07-23 13:30:00-04:00,66.38999938964844,66.38999938964844,66.11000061035156,66.18499755859375,4745,0.0,0.0
2024-07-23 13:35:00-04:00,66.1050033569336,66.1050033569336,66.02999877929688,66.02999877929688,663,0.0,0.0
2024-07-23 13:40:00-04:00,66.17500305175781,66.20999908447266,66.1050033569336,66.20999908447266,2579,0.0,0.0
2024-07-23 13:45:00-04:00,66.2300033569336,66.44999694824219,66.22000122070312,66.2698974609375,14346,0.0,0.0
2024-07-23 13:50:00-04:00,66.57499694824219,66.5999984741211,66.33999633789062,66.33999633789062,8146,0.0,0.0
2024-07-23 13:55:00-04:00,66.45999908447266,66.55999755859375,66.45999908447266,66.55999755859375,1576,0.0,0.0
2024-07-23 14:00:00-04:00,66.55000305175781,66.55000305175781,66.5,66.5,2797,0.0,0.0
2024-07-23 14:05:00-04:00,66.44000244140625,66.44000244140625,66.41999816894531,66.41999816894531,1116,0.0,0.0
2024-07-23 14:10:00-04:00,66.5,66.5,66.18000030517578,66.3499984741211,3449,0.0,0.0
2024-07-23 14:15:00-04:00,66.44000244140625,66.5,66.38580322265625,66.5,2396,0.0,0.0
2024-07-23 14:20:00-04:00,66.5,66.58000183105469,66.5,66.5,10206,0.0,0.0
2024-07-23 14:25:00-04:00,66.5,66.71499633789062,66.5,66.71499633789062,8526,0.0,0.0
2024-07-23 14:30:00-04:00,66.69999694824219,66.69999694824219,66.5999984741211,66.63999938964844,1259,0.0,0.0
2024-07-23 14:35:00-04:00,66.6500015258789,66.69999694824219,66.55000305175781,66.59970092773438,1683,0.0,0.0
2024-07-23 14:40:00-04:00,66.69999694824219,66.69999694824219,66.69999694824219,66.69999694824219,2342,0.0,0.0
2024-07-23 14:45:00-04:00,66.72000122070312,66.7699966430664,66.66999816894531,66.66999816894531,12424,0.0,0.0
2024-07-23 14:50:00-04:00,66.76000213623047,67.0,66.76000213623047,67.0,3595,0.0,0.0
2024-07-23 14:55:00-04:00,67.0999984741211,67.16000366210938,67.0999984741211,67.16000366210938,981,0.0,0.0
2024-07-23 15:00:00-04:00,67.29000091552734,67.29000091552734,67.0199966430664,67.0199966430664,3077,0.0,0.0
2024-07-23 15:05:00-04:00,66.97000122070312,67.0,66.91999816894531,66.94000244140625,3360,0.0,0.0
2024-07-23 15:10:00-04:00,66.93000030517578,66.93000030517578,66.70999908447266,66.79499816894531,3620,0.0,0.0
2024-07-23 15:15:00-04:00,66.7699966430664,66.86930084228516,66.7699966430664,66.86930084228516,2318,0.0,0.0
2024-07-23 15:20:00-04:00,66.9000015258789,66.9000015258789,66.83000183105469,66.83000183105469,2150,0.0,0.0
2024-07-23 15:25:00-04:00,66.7699966430664,66.83000183105469,66.73999786376953,66.80999755859375,8038,0.0,0.0
2024-07-23 15:30:00-04:00,66.72000122070312,66.79000091552734,66.70999908447266,66.78199768066406,2685,0.0,0.0
2024-07-23 15:35:00-04:00,66.74500274658203,66.8550033569336,66.73999786376953,66.8550033569336,7243,0.0,0.0
2024-07-23 15:40:00-04:00,66.82499694824219,66.91500091552734,66.81500244140625,66.91500091552734,8701,0.0,0.0
2024-07-23 15:45:00-04:00,66.9000015258789,67.17500305175781,66.9000015258789,67.0999984741211,12681,0.0,0.0
2024-07-23 15:50:00-04:00,67.1500015258789,67.6500015258789,67.1500015258789,67.3499984741211,20423,0.0,0.0
2024-07-23 15:55:00-04:00,67.3550033569336,67.62999725341797,67.19999694824219,67.43000030517578,33777,0.0,0.0
2024-07-24 09:30:00-04:00,66.93000030517578,67.18000030517578,66.13999938964844,66.99500274658203,3072,0.0,0.0
2024-07-24 09:40:00-04:00,67.79499816894531,67.79499816894531,67.66000366210938,67.66000366210938,658,0.0,0.0
2024-07-24 09:45:00-04:00,67.41999816894531,67.4800033569336,67.41999816894531,67.45999908447266,1225,0.0,0.0
2024-07-24 09:50:00-04:00,67.47000122070312,67.50499725341797,66.7750015258789,66.93000030517578,3864,0.0,0.0
2024-07-24 09:55:00-04:00,66.53500366210938,66.53500366210938,66.53500366210938,66.53500366210938,400,0.0,0.0
2024-07-24 10:00:00-04:00,66.86000061035156,67.01499938964844,66.83999633789062,67.01499938964844,2355,0.0,0.0
2024-07-24 10:05:00-04:00,66.88999938964844,66.93000030517578,66.22000122070312,66.22000122070312,2155,0.0,0.0
2024-07-24 10:10:00-04:00,66.19000244140625,66.51000213623047,66.19000244140625,66.41500091552734,3250,0.0,0.0
2024-07-24 10:15:00-04:00,66.48999786376953,66.7300033569336,66.48999786376953,66.63999938964844,2161,0.0,0.0
2024-07-24 10:20:00-04:00,66.62999725341797,66.76000213623047,66.43000030517578,66.76000213623047,1909,0.0,0.0
2024-07-24 10:25:00-04:00,66.76499938964844,67.12999725341797,66.76499938964844,67.12999725341797,4957,0.0,0.0
2024-07-24 10:30:00-04:00,67.18000030517578,67.27999877929688,67.16999816894531,67.2699966430664,3378,0.0,0.0
2024-07-24 10:35:00-04:00,67.33499908447266,67.33499908447266,67.12000274658203,67.16000366210938,2495,0.0,0.0
2024-07-24 10:40:00-04:00,67.25,67.37999725341797,67.22000122070312,67.30000305175781,2366,0.0,0.0
2024-07-24 10:45:00-04:00,67.36499786376953,67.43000030517578,67.18329620361328,67.30500030517578,2750,0.0,0.0
2024-07-24 10:50:00-04:00,67.37000274658203,67.44999694824219,67.37000274658203,67.37999725341797,2104,0.0,0.0
2024-07-24 10:55:00-04:00,67.5199966430664,67.5199966430664,66.7300033569336,66.7300033569336,5673,0.0,0.0
2024-07-24 11:00:00-04:00,66.55000305175781,66.55000305175781,66.52999877929688,66.52999877929688,496,0.0,0.0
2024-07-24 11:05:00-04:00,66.43599700927734,66.43599700927734,66.43599700927734,66.43599700927734,649,0.0,0.0
2024-07-24 11:10:00-04:00,66.55000305175781,66.55000305175781,66.37000274658203,66.4375,5312,0.0,0.0
2024-07-24 11:15:00-04:00,66.33999633789062,66.4000015258789,66.33999633789062,66.4000015258789,600,0.0,0.0
2024-07-24 11:20:00-04:00,66.36499786376953,66.36499786376953,66.36499786376953,66.36499786376953,374,0.0,0.0
2024-07-24 11:25:00-04:00,66.36499786376953,66.52999877929688,66.36499786376953,66.52999877929688,1266,0.0,0.0
2024-07-24 11:30:00-04:00,66.43000030517578,66.53500366210938,66.43000030517578,66.53500366210938,1586,0.0,0.0
2024-07-24 11:35:00-04:00,66.62000274658203,66.63999938964844,66.31999969482422,66.31999969482422,2950,0.0,0.0
2024-07-24 11:40:00-04:00,66.38999938964844,66.75,66.30999755859375,66.30999755859375,9220,0.0,0.0
2024-07-24 11:50:00-04:00,66.3499984741211,66.3499984741211,66.20500183105469,66.20500183105469,1980,0.0,0.0
2024-07-24 11:55:00-04:00,66.06999969482422,66.06999969482422,66.0,66.0,964,0.0,0.0
2024-07-24 12:00:00-04:00,66.04750061035156,66.13999938964844,65.98999786376953,66.09500122070312,1021,0.0,0.0
2024-07-24 12:05:00-04:00,66.09500122070312,66.09500122070312,66.09500122070312,66.09500122070312,915,0.0,0.0
2024-07-24 12:10:00-04:00,66.1050033569336,66.18000030517578,66.08999633789062,66.08999633789062,1099,0.0,0.0
2024-07-24 12:15:00-04:00,66.02999877929688,66.11000061035156,65.86000061035156,65.86000061035156,3147,0.0,0.0
2024-07-24 12:20:00-04:00,65.90499877929688,66.11000061035156,65.9000015258789,66.11000061035156,3509,0.0,0.0
2024-07-24 12:25:00-04:00,66.01000213623047,66.20999908447266,66.01000213623047,66.19999694824219,3630,0.0,0.0
2024-07-24 12:30:00-04:00,66.19999694824219,66.19999694824219,66.13999938964844,66.18000030517578,977,0.0,0.0
2024-07-24 12:35:00-04:00,66.19999694824219,66.19999694824219,65.75,65.75,5117,0.0,0.0
2024-07-24 12:40:00-04:00,65.63999938964844,65.63999938964844,65.63999938964844,65.63999938964844,809,0.0,0.0
2024-07-24 12:45:00-04:00,65.71499633789062,65.76499938964844,65.71499633789062,65.76499938964844,866,0.0,0.0
2024-07-24 12:50:00-04:00,65.6500015258789,65.6500015258789,65.6500015258789,65.6500015258789,441,0.0,0.0
2024-07-24 12:55:00-04:00,65.74500274658203,65.74500274658203,65.74500274658203,65.74500274658203,291,0.0,0.0
2024-07-24 13:00:00-04:00,65.6448974609375,65.8499984741211,65.6448974609375,65.8499984741211,2305,0.0,0.0
2024-07-24 13:05:00-04:00,65.93499755859375,65.93499755859375,65.69499969482422,65.69499969482422,1962,0.0,0.0
2024-07-24 13:10:00-04:00,65.66999816894531,65.66999816894531,65.58999633789062,65.58999633789062,3142,0.0,0.0
2024-07-24 13:15:00-04:00,65.5199966430664,65.5199966430664,65.5199966430664,65.5199966430664,202,0.0,0.0
2024-07-24 13:20:00-04:00,65.5199966430664,65.66000366210938,65.50250244140625,65.52999877929688,2962,0.0,0.0
2024-07-24 13:25:00-04:00,65.69000244140625,65.95999908447266,65.69000244140625,65.95999908447266,2230,0.0,0.0
2024-07-24 13:30:00-04:00,65.83000183105469,65.83999633789062,65.66999816894531,65.66999816894531,2453,0.0,0.0
2024-07-24 13:35:00-04:00,65.66200256347656,65.81999969482422,65.66200256347656,65.81999969482422,3685,0.0,0.0
2024-07-24 13:40:00-04:00,65.79000091552734,66.04000091552734,65.79000091552734,65.80000305175781,5033,0.0,0.0
2024-07-24 13:45:00-04:00,65.81999969482422,65.91000366210938,65.77999877929688,65.88500213623047,1870,0.0,0.0
2024-07-24 13:50:00-04:00,65.91500091552734,65.91500091552734,65.91500091552734,65.91500091552734,809,0.0,0.0
2024-07-24 13:55:00-04:00,65.83000183105469,65.91999816894531,65.82499694824219,65.8499984741211,6452,0.0,0.0
2024-07-24 14:00:00-04:00,66.0,66.0,65.68499755859375,65.72000122070312,3861,0.0,0.0
2024-07-24 14:05:00-04:00,65.75,65.75,65.44000244140625,65.54000091552734,6527,0.0,0.0
2024-07-24 14:10:00-04:00,65.41000366210938,65.48999786376953,65.22000122070312,65.3499984741211,8530,0.0,0.0
2024-07-24 14:15:00-04:00,65.38500213623047,65.6500015258789,65.29000091552734,65.58000183105469,6326,0.0,0.0
2024-07-24 14:20:00-04:00,65.66000366210938,65.68499755859375,65.5199966430664,65.54499816894531,1727,0.0,0.0
2024-07-24 14:25:00-04:00,65.61000061035156,65.61000061035156,65.43000030517578,65.44000244140625,1557,0.0,0.0
2024-07-24 14:30:00-04:00,65.31999969482422,65.43000030517578,65.31999969482422,65.41999816894531,1366,0.0,0.0
2024-07-24 14:35:00-04:00,65.31999969482422,65.37999725341797,65.18000030517578,65.2699966430664,3811,0.0,0.0
2024-07-24 14:40:00-04:00,65.26000213623047,65.4000015258789,65.26000213623047,65.4000015258789,2130,0.0,0.0
2024-07-24 14:45:00-04:00,65.32499694824219,65.38629913330078,65.2750015258789,65.2750015258789,1469,0.0,0.0
2024-07-24 14:50:00-04:00,65.27999877929688,65.27999877929688,65.04000091552734,65.05000305175781,6484,0.0,0.0
2024-07-24 14:55:00-04:00,65.05000305175781,65.33000183105469,65.05000305175781,65.27999877929688,5404,0.0,0.0
2024-07-24 15:00:00-04:00,65.33000183105469,65.49500274658203,65.20999908447266,65.49500274658203,5753,0.0,0.0
2024-07-24 15:05:00-04:00,65.5,65.69000244140625,65.38999938964844,65.69000244140625,3248,0.0,0.0
2024-07-24 15:10:00-04:00,65.62999725341797,65.62999725341797,65.61000061035156,65.61000061035156,1432,0.0,0.0
2024-07-24 15:15:00-04:00,65.58499908447266,65.65499877929688,65.54000091552734,65.58999633789062,2281,0.0,0.0
2024-07-24 15:20:00-04:00,65.66000366210938,65.72000122070312,65.44000244140625,65.51499938964844,9085,0.0,0.0
2024-07-24 15:25:00-04:00,65.49500274658203,65.49500274658203,65.43000030517578,65.44499969482422,3821,0.0,0.0
2024-07-24 15:30:00-04:00,65.38999938964844,65.61000061035156,65.26000213623047,65.6050033569336,7671,0.0,0.0
2024-07-24 15:35:00-04:00,65.61000061035156,65.97000122070312,65.61000061035156,65.9000015258789,4588,0.0,0.0
2024-07-24 15:40:00-04:00,65.7300033569336,65.77999877929688,65.5199966430664,65.5199966430664,4261,0.0,0.0
2024-07-24 15:45:00-04:00,65.48999786376953,65.48999786376953,65.2699966430664,65.2699966430664,10744,0.0,0.0
2024-07-24 15:50:00-04:00,65.33000183105469,65.33000183105469,64.93000030517578,65.01000213623047,17008,0.0,0.0
2024-07-24 15:55:00-04:00,65.01000213623047,65.9000015258789,64.91999816894531,65.86000061035156,53963,0.0,0.0
2024-07-25 09:30:00-04:00,77.52999877929688,77.93000030517578,73.62000274658203,77.1050033569336,20069,0.0,0.0
2024-07-25 09:35:00-04:00,77.1500015258789,81.7750015258789,77.1500015258789,78.25,25015,0.0,0.0
2024-07-25 09:40:00-04:00,78.87999725341797,79.9000015258789,78.61000061035156,79.0199966430664,17438,0.0,0.0
2024-07-25 09:45:00-04:00,79.6500015258789,80.69999694824219,79.6500015258789,80.05500030517578,21986,0.0,0.0
2024-07-25 09:50:00-04:00,80.30000305175781,80.66999816894531,78.31999969482422,80.04000091552734,40978,0.0,0.0
2024-07-25 09:55:00-04:00,80.15499877929688,80.87000274658203,79.77999877929688,80.31999969482422,29277,0.0,0.0
2024-07-25 10:00:00-04:00,80.18000030517578,80.87000274658203,79.38999938964844,80.57250213623047,49216,0.0,0.0
2024-07-25 10:05:00-04:00,80.54000091552734,82.43000030517578,80.52999877929688,81.5,27823,0.0,0.0
2024-07-25 10:10:00-04:00,81.26499938964844,82.75,80.9800033569336,82.44999694824219,25061,0.0,0.0
2024-07-25 10:15:00-04:00,81.51000213623047,84.55000305175781,81.51000213623047,84.55000305175781,33491,0.0,0.0
2024-07-25 10:20:00-04:00,84.5,85.12000274658203,84.12999725341797,84.79000091552734,31923,0.0,0.0
2024-07-25 10:25:00-04:00,84.54000091552734,86.16000366210938,84.29000091552734,85.29000091552734,26124,0.0,0.0
2024-07-25 10:30:00-04:00,85.16000366210938,85.29000091552734,83.61720275878906,84.20939636230469,25704,0.0,0.0
2024-07-25 10:35:00-04:00,83.83000183105469,84.67500305175781,83.83000183105469,84.0,12962,0.0,0.0
2024-07-25 10:40:00-04:00,84.0,85.23989868164062,83.77999877929688,84.63999938964844,15054,0.0,0.0
2024-07-25 10:45:00-04:00,85.0,85.23999786376953,84.44999694824219,85.23999786376953,35746,0.0,0.0
2024-07-25 10:50:00-04:00,85.01499938964844,85.68000030517578,84.52999877929688,85.1050033569336,36907,0.0,0.0
2024-07-25 10:55:00-04:00,85.18000030517578,85.87000274658203,84.97000122070312,85.69999694824219,22887,0.0,0.0
2024-07-25 11:00:00-04:00,85.87999725341797,86.12999725341797,83.61000061035156,83.81999969482422,51345,0.0,0.0
2024-07-25 11:05:00-04:00,83.60030364990234,84.80500030517578,83.60030364990234,84.27999877929688,17334,0.0,0.0
2024-07-25 11:10:00-04:00,84.51000213623047,86.04000091552734,84.47000122070312,86.04000091552734,22760,0.0,0.0
2024-07-25 11:15:00-04:00,85.5,87.1500015258789,85.5,86.43000030517578,17824,0.0,0.0
2024-07-25 11:20:00-04:00,86.77999877929688,87.1500015258789,86.70999908447266,86.88500213623047,8730,0.0,0.0
2024-07-25 11:25:00-04:00,87.13999938964844,87.51000213623047,87.03500366210938,87.24009704589844,5725,0.0,0.0
2024-07-25 11:30:00-04:00,87.48500061035156,87.97000122070312,86.62999725341797,86.68000030517578,12389,0.0,0.0
2024-07-25 11:35:00-04:00,86.7300033569336,87.0,86.5199966430664,87.0,5424,0.0,0.0
2024-07-25 11:40:00-04:00,87.31500244140625,87.5199966430664,86.9749984741211,87.22000122070312,23546,0.0,0.0
2024-07-25 11:45:00-04:00,87.43499755859375,87.66000366210938,86.97000122070312,87.13500213623047,43150,0.0,0.0
2024-07-25 11:50:00-04:00,87.13500213623047,87.33999633789062,86.8499984741211,86.92109680175781,13650,0.0,0.0
2024-07-25 11:55:00-04:00,87.0250015258789,87.54000091552734,87.0250015258789,87.41000366210938,15020,0.0,0.0
2024-07-25 12:00:00-04:00,87.42500305175781,87.58000183105469,86.80000305175781,87.08000183105469,14375,0.0,0.0
2024-07-25 12:05:00-04:00,87.08999633789062,87.4000015258789,87.05000305175781,87.20500183105469,6857,0.0,0.0
2024-07-25 12:10:00-04:00,87.13999938964844,87.22000122070312,86.91999816894531,86.94000244140625,8552,0.0,0.0
2024-07-25 12:15:00-04:00,86.98750305175781,87.62999725341797,86.98750305175781,87.56999969482422,8570,0.0,0.0
2024-07-25 12:20:00-04:00,87.38999938964844,87.70999908447266,86.77999877929688,87.61499786376953,16097,0.0,0.0
2024-07-25 12:25:00-04:00,87.4800033569336,87.4800033569336,87.0,87.31500244140625,20154,0.0,0.0
2024-07-25 12:30:00-04:00,87.0999984741211,87.26000213623047,86.20999908447266,86.20999908447266,30919,0.0,0.0
2024-07-25 12:35:00-04:00,86.0999984741211,86.0999984741211,83.63999938964844,83.99500274658203,27423,0.0,0.0
2024-07-25 12:40:00-04:00,83.86000061035156,85.4000015258789,83.7699966430664,84.36000061035156,18591,0.0,0.0
2024-07-25 12:45:00-04:00,84.0999984741211,84.45999908447266,82.38999938964844,82.75,27922,0.0,0.0
2024-07-25 12:50:00-04:00,82.62000274658203,82.70500183105469,80.62999725341797,81.9800033569336,34753,0.0,0.0
2024-07-25 12:55:00-04:00,81.48999786376953,82.81999969482422,81.45999908447266,82.56500244140625,21141,0.0,0.0
2024-07-25 13:00:00-04:00,82.79000091552734,82.94000244140625,81.6500015258789,82.45999908447266,24131,0.0,0.0
2024-07-25 13:05:00-04:00,82.375,84.27999877929688,82.26000213623047,83.93000030517578,9680,0.0,0.0
2024-07-25 13:10:00-04:00,84.13999938964844,84.13999938964844,83.3499984741211,83.5,7839,0.0,0.0
2024-07-25 13:15:00-04:00,83.5999984741211,83.73999786376953,83.1500015258789,83.50499725341797,8716,0.0,0.0
2024-07-25 13:20:00-04:00,83.49500274658203,83.63999938964844,83.33999633789062,83.55999755859375,2673,0.0,0.0
2024-07-25 13:25:00-04:00,83.80000305175781,83.87999725341797,83.7300033569336,83.76000213623047,3788,0.0,0.0
2024-07-25 13:30:00-04:00,83.76000213623047,84.18000030517578,83.44999694824219,84.18000030517578,10556,0.0,0.0
2024-07-25 13:35:00-04:00,84.45999908447266,84.45999908447266,83.66999816894531,83.66999816894531,12021,0.0,0.0
2024-07-25 13:40:00-04:00,83.70999908447266,84.20989990234375,83.62000274658203,83.8499984741211,11616,0.0,0.0
2024-07-25 13:45:00-04:00,84.00749969482422,84.83000183105469,84.00499725341797,84.08000183105469,14324,0.0,0.0
2024-07-25 13:50:00-04:00,84.51000213623047,85.08999633789062,84.51000213623047,85.03500366210938,3900,0.0,0.0
2024-07-25 13:55:00-04:00,84.98999786376953,84.98999786376953,84.71009826660156,84.71009826660156,5427,0.0,0.0
2024-07-25 14:00:00-04:00,84.6780014038086,85.08000183105469,84.63999938964844,84.95249938964844,9056,0.0,0.0
2024-07-25 14:05:00-04:00,84.86000061035156,85.01000213623047,84.80000305175781,85.01000213623047,6725,0.0,0.0
2024-07-25 14:10:00-04:00,85.06999969482422,85.06999969482422,84.26000213623047,84.26000213623047,10440,0.0,0.0
2024-07-25 14:15:00-04:00,84.41999816894531,85.0,84.33999633789062,84.55999755859375,9234,0.0,0.0
2024-07-25 14:20:00-04:00,84.65750122070312,84.65750122070312,84.33000183105469,84.4800033569336,4320,0.0,0.0
2024-07-25 14:25:00-04:00,84.66000366210938,84.75499725341797,84.5999984741211,84.67500305175781,7055,0.0,0.0
2024-07-25 14:30:00-04:00,84.5999984741211,84.83999633789062,84.54000091552734,84.5999984741211,5694,0.0,0.0
2024-07-25 14:35:00-04:00,84.69999694824219,84.94000244140625,84.54000091552734,84.83999633789062,8836,0.0,0.0
2024-07-25 14:40:00-04:00,84.72000122070312,84.73999786376953,84.55000305175781,84.66000366210938,3644,0.0,0.0
2024-07-25 14:45:00-04:00,84.68000030517578,84.80500030517578,84.30000305175781,84.30000305175781,10490,0.0,0.0
2024-07-25 14:50:00-04:00,84.5199966430664,84.5625,84.44999694824219,84.49500274658203,5210,0.0,0.0
2024-07-25 14:55:00-04:00,84.54499816894531,84.61000061035156,84.30999755859375,84.30999755859375,7767,0.0,0.0
2024-07-25 15:00:00-04:00,84.37999725341797,84.7750015258789,84.28500366210938,84.73999786376953,6410,0.0,0.0
2024-07-25 15:05:00-04:00,84.79499816894531,84.80000305175781,84.63999938964844,84.6708984375,6861,0.0,0.0
2024-07-25 15:10:00-04:00,84.73999786376953,84.73999786376953,84.36000061035156,84.44499969482422,11380,0.0,0.0
2024-07-25 15:15:00-04:00,84.48030090332031,85.0999984741211,84.48030090332031,84.79000091552734,27707,0.0,0.0
2024-07-25 15:20:00-04:00,84.81999969482422,84.92500305175781,84.79000091552734,84.86000061035156,8134,0.0,0.0
2024-07-25 15:25:00-04:00,84.81999969482422,84.93000030517578,84.79000091552734,84.81999969482422,12482,0.0,0.0
2024-07-25 15:30:00-04:00,84.9000015258789,85.25499725341797,84.9000015258789,84.96499633789062,13950,0.0,0.0
2024-07-25 15:35:00-04:00,85.04000091552734,86.0,84.80999755859375,85.98999786376953,35372,0.0,0.0
2024-07-25 15:40:00-04:00,85.8499984741211,86.12000274658203,85.44999694824219,85.44999694824219,16296,0.0,0.0
2024-07-25 15:45:00-04:00,85.48320007324219,85.55000305175781,85.1500015258789,85.19499969482422,21577,0.0,0.0
2024-07-25 15:50:00-04:00,85.0999984741211,85.29000091552734,84.48999786376953,85.11000061035156,56758,0.0,0.0
2024-07-25 15:55:00-04:00,85.17669677734375,85.30000305175781,84.76000213623047,84.76000213623047,79944,0.0,0.0
2024-07-26 09:30:00-04:00,85.73999786376953,85.73999786376953,83.96499633789062,85.48500061035156,10857,0.0,0.0
2024-07-26 09:35:00-04:00,85.9000015258789,86.55000305175781,85.89739990234375,86.55000305175781,3648,0.0,0.0
2024-07-26 09:40:00-04:00,86.12999725341797,86.22000122070312,86.12000274658203,86.12000274658203,1522,0.0,0.0
2024-07-26 09:45:00-04:00,85.76000213623047,86.62000274658203,85.4800033569336,86.62000274658203,3596,0.0,0.0
2024-07-26 09:50:00-04:00,87.06500244140625,87.4749984741211,86.8843002319336,87.1500015258789,6992,0.0,0.0
2024-07-26 09:55:00-04:00,86.80000305175781,87.42500305175781,86.80000305175781,87.06999969482422,3032,0.0,0.0
2024-07-26 10:00:00-04:00,87.44000244140625,87.79000091552734,87.01000213623047,87.21499633789062,13522,0.0,0.0
2024-07-26 10:05:00-04:00,86.87000274658203,86.91000366210938,86.55999755859375,86.91000366210938,3755,0.0,0.0
2024-07-26 10:10:00-04:00,86.91000366210938,87.06999969482422,86.91000366210938,86.95159912109375,4423,0.0,0.0
2024-07-26 10:15:00-04:00,86.8499984741211,86.8499984741211,86.20999908447266,86.20999908447266,4184,0.0,0.0
2024-07-26 10:20:00-04:00,86.37999725341797,86.6500015258789,86.37999725341797,86.4800033569336,2845,0.0,0.0
2024-07-26 10:25:00-04:00,86.22000122070312,86.71499633789062,86.22000122070312,86.71499633789062,2705,0.0,0.0
2024-07-26 10:30:00-04:00,86.44000244140625,86.4800033569336,85.93000030517578,86.22000122070312,6010,0.0,0.0
2024-07-26 10:35:00-04:00,86.08999633789062,86.08999633789062,85.83000183105469,85.83000183105469,2704,0.0,0.0
2024-07-26 10:40:00-04:00,85.80000305175781,86.37000274658203,85.80000305175781,86.13960266113281,5059,0.0,0.0
2024-07-26 10:45:00-04:00,86.2300033569336,86.2300033569336,85.91000366210938,85.91000366210938,3786,0.0,0.0
2024-07-26 10:50:00-04:00,86.01000213623047,86.05999755859375,85.73999786376953,85.75,2026,0.0,0.0
2024-07-26 10:55:00-04:00,85.7300033569336,85.7300033569336,85.43000030517578,85.59500122070312,4835,0.0,0.0
2024-07-26 11:00:00-04:00,85.81999969482422,85.94999694824219,85.76499938964844,85.94999694824219,1614,0.0,0.0
2024-07-26 11:05:00-04:00,86.02999877929688,86.16999816894531,85.86000061035156,86.06999969482422,7004,0.0,0.0
2024-07-26 11:10:00-04:00,86.16999816894531,86.43000030517578,86.16999816894531,86.41999816894531,2979,0.0,0.0
2024-07-26 11:15:00-04:00,86.27999877929688,86.4800033569336,86.27999877929688,86.4800033569336,2265,0.0,0.0
2024-07-26 11:20:00-04:00,86.51000213623047,86.52999877929688,86.25,86.36000061035156,4259,0.0,0.0
2024-07-26 11:25:00-04:00,86.58000183105469,86.58000183105469,86.12000274658203,86.12000274658203,4413,0.0,0.0
2024-07-26 11:30:00-04:00,86.10030364990234,86.10030364990234,86.10030364990234,86.10030364990234,630,0.0,0.0
2024-07-26 11:35:00-04:00,86.22000122070312,86.3499984741211,86.11000061035156,86.3499984741211,3707,0.0,0.0
2024-07-26 11:40:00-04:00,86.44999694824219,86.56999969482422,86.30999755859375,86.30999755859375,5037,0.0,0.0
2024-07-26 11:45:00-04:00,86.37000274658203,86.37000274658203,86.02999877929688,86.02999877929688,2241,0.0,0.0
2024-07-26 11:50:00-04:00,85.9000015258789,86.25,85.9000015258789,86.25,1624,0.0,0.0
2024-07-26 11:55:00-04:00,86.31999969482422,86.3499984741211,86.31999969482422,86.3499984741211,1071,0.0,0.0
2024-07-26 12:00:00-04:00,86.44000244140625,86.45999908447266,86.2699966430664,86.2699966430664,1893,0.0,0.0
2024-07-26 12:05:00-04:00,86.37999725341797,86.47000122070312,86.33999633789062,86.47000122070312,1575,0.0,0.0
2024-07-26 12:10:00-04:00,86.41000366210938,86.47000122070312,86.3499984741211,86.44000244140625,2659,0.0,0.0
2024-07-26 12:15:00-04:00,86.56999969482422,87.1500015258789,86.55000305175781,87.12069702148438,4871,0.0,0.0
2024-07-26 12:20:00-04:00,87.18000030517578,87.33999633789062,87.04000091552734,87.29750061035156,6551,0.0,0.0
2024-07-26 12:25:00-04:00,87.37999725341797,87.41999816894531,87.11000061035156,87.11000061035156,4689,0.0,0.0
2024-07-26 12:35:00-04:00,87.1760025024414,87.28500366210938,87.1760025024414,87.28500366210938,1037,0.0,0.0
2024-07-26 12:40:00-04:00,87.54499816894531,87.54499816894531,87.2699966430664,87.2699966430664,10581,0.0,0.0
2024-07-26 12:45:00-04:00,87.48999786376953,87.69999694824219,87.48999786376953,87.69999694824219,2834,0.0,0.0
2024-07-26 12:50:00-04:00,87.81999969482422,87.81999969482422,87.81999969482422,87.81999969482422,814,0.0,0.0
2024-07-26 12:55:00-04:00,87.8499984741211,88.83000183105469,87.8499984741211,88.48999786376953,18885,0.0,0.0
2024-07-26 13:00:00-04:00,88.33499908447266,88.33499908447266,87.65499877929688,87.65499877929688,4738,0.0,0.0
2024-07-26 13:05:00-04:00,87.63500213623047,87.70999908447266,87.63500213623047,87.69999694824219,1132,0.0,0.0
2024-07-26 13:10:00-04:00,87.80999755859375,87.80999755859375,87.75,87.75250244140625,2447,0.0,0.0
2024-07-26 13:15:00-04:00,87.73999786376953,87.87000274658203,87.61000061035156,87.7300033569336,6711,0.0,0.0
2024-07-26 13:20:00-04:00,87.71499633789062,87.71499633789062,87.71499633789062,87.71499633789062,1420,0.0,0.0
2024-07-26 13:25:00-04:00,87.8499984741211,87.91999816894531,87.79000091552734,87.84500122070312,5854,0.0,0.0
2024-07-26 13:30:00-04:00,87.83000183105469,87.9800033569336,87.44000244140625,87.55000305175781,7485,0.0,0.0
2024-07-26 13:35:00-04:00,87.44999694824219,87.6698989868164,87.37999725341797,87.37999725341797,6148,0.0,0.0
2024-07-26 13:40:00-04:00,87.66999816894531,87.97000122070312,87.66999816894531,87.88999938964844,3144,0.0,0.0
2024-07-26 13:45:00-04:00,88.02999877929688,88.02999877929688,88.02749633789062,88.02749633789062,3111,0.0,0.0
2024-07-26 13:50:00-04:00,87.81999969482422,87.91999816894531,87.80000305175781,87.80000305175781,1548,0.0,0.0
2024-07-26 13:55:00-04:00,88.07499694824219,88.07499694824219,88.07499694824219,88.07499694824219,731,0.0,0.0
2024-07-26 14:00:00-04:00,88.09500122070312,88.30000305175781,88.09500122070312,88.19000244140625,9392,0.0,0.0
2024-07-26 14:05:00-04:00,88.19000244140625,88.4000015258789,88.19000244140625,88.3572998046875,4415,0.0,0.0
2024-07-26 14:10:00-04:00,88.41500091552734,88.58000183105469,88.2300033569336,88.3550033569336,8079,0.0,0.0
2024-07-26 14:15:00-04:00,88.26000213623047,88.26000213623047,88.16999816894531,88.16999816894531,3143,0.0,0.0
2024-07-26 14:20:00-04:00,88.22000122070312,88.22000122070312,88.15540313720703,88.15540313720703,2405,0.0,0.0
2024-07-26 14:25:00-04:00,88.20999908447266,88.37999725341797,88.20999908447266,88.27999877929688,4370,0.0,0.0
2024-07-26 14:30:00-04:00,88.31500244140625,88.31500244140625,88.19999694824219,88.19999694824219,4444,0.0,0.0
2024-07-26 14:35:00-04:00,88.37999725341797,88.3949966430664,88.37999725341797,88.3949966430664,1368,0.0,0.0
2024-07-26 14:40:00-04:00,88.37999725341797,88.37999725341797,87.95999908447266,87.95999908447266,3316,0.0,0.0
2024-07-26 14:45:00-04:00,88.0,88.20999908447266,87.99500274658203,88.20999908447266,2712,0.0,0.0
2024-07-26 14:50:00-04:00,88.0999984741211,88.0999984741211,87.9800033569336,88.0,4254,0.0,0.0
2024-07-26 14:55:00-04:00,88.06999969482422,88.06999969482422,88.06500244140625,88.06500244140625,2073,0.0,0.0
2024-07-26 15:00:00-04:00,88.0999984741211,88.22000122070312,88.0999984741211,88.22000122070312,3603,0.0,0.0
2024-07-26 15:05:00-04:00,88.06999969482422,88.06999969482422,87.79000091552734,88.04000091552734,10229,0.0,0.0
2024-07-26 15:10:00-04:00,88.22000122070312,88.22000122070312,88.13500213623047,88.22000122070312,1913,0.0,0.0
2024-07-26 15:15:00-04:00,88.13999938964844,88.33999633789062,88.04000091552734,88.29000091552734,7529,0.0,0.0
2024-07-26 15:20:00-04:00,88.25499725341797,88.26499938964844,88.15010070800781,88.17009735107422,3641,0.0,0.0
2024-07-26 15:25:00-04:00,88.2699966430664,88.2699966430664,88.1500015258789,88.1500015258789,3728,0.0,0.0
2024-07-26 15:30:00-04:00,88.0,88.26000213623047,87.93000030517578,88.08000183105469,10560,0.0,0.0
2024-07-26 15:35:00-04:00,88.13500213623047,88.30500030517578,88.13500213623047,88.30500030517578,5091,0.0,0.0
2024-07-26 15:40:00-04:00,88.30999755859375,88.51499938964844,88.30999755859375,88.51499938964844,7038,0.0,0.0
2024-07-26 15:45:00-04:00,88.5199966430664,88.55000305175781,88.27999877929688,88.33000183105469,14175,0.0,0.0
2024-07-26 15:50:00-04:00,88.4000015258789,88.7300033569336,88.2699966430664,88.69499969482422,52563,0.0,0.0
2024-07-26 15:55:00-04:00,88.80000305175781,88.86000061035156,88.55000305175781,88.69000244140625,44665,0.0,0.0
2024-07-29 09:30:00-04:00,88.55999755859375,88.55999755859375,88.26000213623047,88.26000213623047,10047,0.0,0.0
2024-07-29 09:35:00-04:00,86.86000061035156,87.55000305175781,86.86000061035156,87.55000305175781,1052,0.0,0.0
2024-07-29 09:40:00-04:00,87.58999633789062,88.22799682617188,87.55500030517578,87.69000244140625,2167,0.0,0.0
2024-07-29 09:45:00-04:00,88.11000061035156,88.68000030517578,88.04499816894531,88.4800033569336,6049,0.0,0.0
2024-07-29 09:50:00-04:00,88.41999816894531,88.51000213623047,88.41999816894531,88.51000213623047,1268,0.0,0.0
2024-07-29 09:55:00-04:00,87.91999816894531,88.45500183105469,87.91999816894531,88.45500183105469,585,0.0,0.0
2024-07-29 10:00:00-04:00,88.56999969482422,88.7750015258789,88.19000244140625,88.51000213623047,3399,0.0,0.0
2024-07-29 10:05:00-04:00,88.45500183105469,88.56999969482422,88.30000305175781,88.56999969482422,3313,0.0,0.0
2024-07-29 10:10:00-04:00,88.45999908447266,88.45999908447266,87.6500015258789,87.6500015258789,10851,0.0,0.0
2024-07-29 10:15:00-04:00,87.5,87.66000366210938,87.30999755859375,87.30999755859375,2375,0.0,0.0
2024-07-29 10:20:00-04:00,87.2699966430664,87.33499908447266,87.0199966430664,87.0199966430664,3020,0.0,0.0
2024-07-29 10:25:00-04:00,86.87000274658203,86.875,86.16999816894531,86.4800033569336,3181,0.0,0.0
2024-07-29 10:30:00-04:00,86.4800033569336,86.87999725341797,85.68000030517578,85.73999786376953,7652,0.0,0.0
2024-07-29 10:35:00-04:00,85.77999877929688,86.44999694824219,85.54000091552734,86.44999694824219,7028,0.0,0.0
2024-07-29 10:40:00-04:00,86.59500122070312,86.78040313720703,86.36000061035156,86.38999938964844,24352,0.0,0.0
2024-07-29 10:45:00-04:00,86.16999816894531,86.36399841308594,85.86000061035156,86.05000305175781,2837,0.0,0.0
2024-07-29 10:50:00-04:00,86.19999694824219,86.69000244140625,86.19999694824219,86.37000274658203,2186,0.0,0.0
2024-07-29 10:55:00-04:00,86.44499969482422,87.12999725341797,86.30000305175781,87.01000213623047,4163,0.0,0.0
2024-07-29 11:00:00-04:00,86.88999938964844,87.4800033569336,86.7699966430664,87.4800033569336,2719,0.0,0.0
2024-07-29 11:05:00-04:00,87.30500030517578,87.30999755859375,87.09500122070312,87.29000091552734,2172,0.0,0.0
2024-07-29 11:10:00-04:00,87.30000305175781,87.30000305175781,86.98999786376953,86.98999786376953,2306,0.0,0.0
2024-07-29 11:15:00-04:00,87.0425033569336,87.21499633789062,86.98999786376953,87.21499633789062,1772,0.0,0.0
2024-07-29 11:20:00-04:00,87.22000122070312,87.36499786376953,87.13500213623047,87.36499786376953,2246,0.0,0.0
2024-07-29 11:25:00-04:00,87.2300033569336,87.3499984741211,87.0199966430664,87.0199966430664,2782,0.0,0.0
2024-07-29 11:30:00-04:00,87.12000274658203,87.12000274658203,86.91999816894531,86.91999816894531,1380,0.0,0.0
2024-07-29 11:35:00-04:00,86.72000122070312,87.93000030517578,86.72000122070312,87.93000030517578,8274,0.0,0.0
2024-07-29 11:40:00-04:00,87.94999694824219,88.0,87.62999725341797,87.70500183105469,2990,0.0,0.0
2024-07-29 11:45:00-04:00,87.91000366210938,88.04000091552734,87.66999816894531,87.83000183105469,1711,0.0,0.0
2024-07-29 11:50:00-04:00,87.83499908447266,88.1500015258789,87.83499908447266,88.05999755859375,2482,0.0,0.0
2024-07-29 11:55:00-04:00,88.16999816894531,88.25,88.13999938964844,88.21499633789062,1518,0.0,0.0
2024-07-29 12:00:00-04:00,88.0999984741211,88.30000305175781,88.0999984741211,88.16999816894531,997,0.0,0.0
2024-07-29 12:05:00-04:00,88.0999984741211,88.30999755859375,88.0999984741211,88.12999725341797,2905,0.0,0.0
2024-07-29 12:10:00-04:00,88.31999969482422,88.4749984741211,88.29000091552734,88.4749984741211,3141,0.0,0.0
2024-07-29 12:15:00-04:00,88.31999969482422,88.31999969482422,88.12999725341797,88.25,2901,0.0,0.0
2024-07-29 12:20:00-04:00,88.16000366210938,88.51499938964844,88.16000366210938,88.44000244140625,2135,0.0,0.0
2024-07-29 12:25:00-04:00,88.33000183105469,88.51499938964844,88.31999969482422,88.51499938964844,985,0.0,0.0
2024-07-29 12:30:00-04:00,88.44000244140625,88.48500061035156,88.44000244140625,88.48500061035156,572,0.0,0.0
2024-07-29 12:35:00-04:00,88.43000030517578,88.43000030517578,87.77999877929688,87.97000122070312,5658,0.0,0.0
2024-07-29 12:40:00-04:00,88.1500015258789,88.41999816894531,88.1500015258789,88.41999816894531,2474,0.0,0.0
2024-07-29 12:45:00-04:00,88.48999786376953,88.48999786376953,88.34500122070312,88.34500122070312,2714,0.0,0.0
2024-07-29 12:55:00-04:00,88.47000122070312,88.47000122070312,88.27999877929688,88.36000061035156,2464,0.0,0.0
2024-07-29 13:00:00-04:00,88.1500015258789,88.30999755859375,87.92469787597656,88.30999755859375,2051,0.0,0.0
2024-07-29 13:05:00-04:00,88.18000030517578,88.25749969482422,87.91000366210938,87.91000366210938,1454,0.0,0.0
2024-07-29 13:10:00-04:00,88.08499908447266,88.30000305175781,87.9800033569336,88.30000305175781,3418,0.0,0.0
2024-07-29 13:15:00-04:00,88.1449966430664,88.37000274658203,88.12000274658203,88.37000274658203,2909,0.0,0.0
2024-07-29 13:25:00-04:00,88.16000366210938,88.16999816894531,87.94000244140625,87.95999908447266,2734,0.0,0.0
2024-07-29 13:35:00-04:00,87.66000366210938,87.87000274658203,87.66000366210938,87.87000274658203,1571,0.0,0.0
2024-07-29 13:40:00-04:00,87.80000305175781,88.02999877929688,87.80000305175781,88.0199966430664,3122,0.0,0.0
2024-07-29 13:45:00-04:00,87.97000122070312,87.97000122070312,87.86250305175781,87.94000244140625,1565,0.0,0.0
2024-07-29 13:50:00-04:00,87.86000061035156,87.86000061035156,87.66999816894531,87.80999755859375,2095,0.0,0.0
2024-07-29 13:55:00-04:00,87.7300033569336,87.88999938964844,87.62999725341797,87.88999938964844,3892,0.0,0.0
2024-07-29 14:00:00-04:00,87.77999877929688,87.94999694824219,87.77999877929688,87.80000305175781,5342,0.0,0.0
2024-07-29 14:15:00-04:00,87.93499755859375,87.9541015625,87.87999725341797,87.9541015625,2165,0.0,0.0
2024-07-29 14:20:00-04:00,87.95099639892578,87.95099639892578,87.87999725341797,87.94499969482422,1105,0.0,0.0
2024-07-29 14:25:00-04:00,87.9000015258789,88.0999984741211,87.77999877929688,87.77999877929688,6475,0.0,0.0
2024-07-29 14:30:00-04:00,87.95999908447266,87.95999908447266,87.88999938964844,87.88999938964844,1440,0.0,0.0
2024-07-29 14:35:00-04:00,87.91999816894531,87.91999816894531,87.59500122070312,87.59500122070312,1745,0.0,0.0
2024-07-29 14:45:00-04:00,87.55999755859375,87.66000366210938,87.55999755859375,87.6500015258789,1003,0.0,0.0
2024-07-29 14:50:00-04:00,87.44000244140625,87.55000305175781,87.44000244140625,87.44000244140625,4833,0.0,0.0
2024-07-29 14:55:00-04:00,87.54000091552734,87.63999938964844,87.54000091552734,87.63999938964844,2426,0.0,0.0
2024-07-29 15:00:00-04:00,87.6624984741211,87.91999816894531,87.6624984741211,87.91999816894531,3284,0.0,0.0
2024-07-29 15:05:00-04:00,88.05000305175781,88.05000305175781,87.98999786376953,87.98999786376953,1228,0.0,0.0
2024-07-29 15:10:00-04:00,87.94000244140625,87.94000244140625,87.94000244140625,87.94000244140625,322,0.0,0.0
2024-07-29 15:15:00-04:00,87.93000030517578,88.0199966430664,87.93000030517578,88.0199966430664,1326,0.0,0.0
2024-07-29 15:20:00-04:00,87.93000030517578,88.27999877929688,87.93000030517578,88.27999877929688,4347,0.0,0.0
2024-07-29 15:25:00-04:00,88.2249984741211,88.2249984741211,88.0999984741211,88.0999984741211,2219,0.0,0.0
2024-07-29 15:30:00-04:00,88.08999633789062,88.26000213623047,88.08999633789062,88.26000213623047,2840,0.0,0.0
2024-07-29 15:35:00-04:00,88.44999694824219,88.47000122070312,88.33000183105469,88.33000183105469,1904,0.0,0.0
2024-07-29 15:40:00-04:00,88.36000061035156,88.61000061035156,88.36000061035156,88.61000061035156,4661,0.0,0.0
2024-07-29 15:45:00-04:00,88.66000366210938,88.66000366210938,88.50050354003906,88.62999725341797,3006,0.0,0.0
2024-07-29 15:50:00-04:00,88.62999725341797,88.63999938964844,88.41000366210938,88.41000366210938,15833,0.0,0.0
2024-07-29 15:55:00-04:00,88.47000122070312,88.62000274658203,88.33000183105469,88.5199966430664,24413,0.0,0.0
2024-07-30 09:30:00-04:00,89.44999694824219,89.4800033569336,88.77999877929688,88.81999969482422,5057,0.0,0.0
2024-07-30 09:35:00-04:00,88.66000366210938,88.66000366210938,87.58999633789062,88.4000015258789,766,0.0,0.0
2024-07-30 09:40:00-04:00,88.58499908447266,88.8550033569336,88.41999816894531,88.8550033569336,1925,0.0,0.0
2024-07-30 09:45:00-04:00,88.7300033569336,88.95999908447266,88.7300033569336,88.95999908447266,621,0.0,0.0
2024-07-30 09:50:00-04:00,89.18000030517578,89.20999908447266,89.15499877929688,89.19000244140625,2440,0.0,0.0
2024-07-30 09:55:00-04:00,89.34500122070312,89.75,89.22000122070312,89.56500244140625,5122,0.0,0.0
2024-07-30 10:00:00-04:00,89.30999755859375,89.44999694824219,89.27999877929688,89.31999969482422,9267,0.0,0.0
2024-07-30 10:05:00-04:00,89.36000061035156,90.11000061035156,89.36000061035156,90.06500244140625,18538,0.0,0.0
2024-07-30 10:10:00-04:00,89.83499908447266,89.99500274658203,89.41999816894531,89.41999816894531,1947,0.0,0.0
2024-07-30 10:15:00-04:00,89.37999725341797,89.37999725341797,89.37999725341797,89.37999725341797,254,0.0,0.0
2024-07-30 10:20:00-04:00,89.38500213623047,89.5374984741211,89.06999969482422,89.5374984741211,1639,0.0,0.0
2024-07-30 10:25:00-04:00,89.78500366210938,89.875,89.6500015258789,89.875,1774,0.0,0.0
2024-07-30 10:35:00-04:00,90.05000305175781,90.05000305175781,89.81999969482422,89.81999969482422,639,0.0,0.0
2024-07-30 10:40:00-04:00,90.01000213623047,90.33999633789062,90.01000213623047,90.33999633789062,2325,0.0,0.0
2024-07-30 10:45:00-04:00,90.61289978027344,90.61289978027344,90.58499908447266,90.58499908447266,856,0.0,0.0
2024-07-30 10:50:00-04:00,90.5999984741211,90.5999984741211,90.52999877929688,90.55500030517578,1603,0.0,0.0
2024-07-30 10:55:00-04:00,90.64749908447266,90.70999908447266,90.33000183105469,90.33000183105469,2183,0.0,0.0
2024-07-30 11:00:00-04:00,90.42009735107422,90.42009735107422,89.91000366210938,90.11000061035156,3017,0.0,0.0
2024-07-30 11:05:00-04:00,90.05999755859375,90.2699966430664,90.05999755859375,90.2699966430664,733,0.0,0.0
2024-07-30 11:10:00-04:00,90.07499694824219,90.07499694824219,89.95999908447266,89.95999908447266,1484,0.0,0.0
2024-07-30 11:15:00-04:00,90.11000061035156,90.12000274658203,90.02999877929688,90.02999877929688,1549,0.0,0.0
2024-07-30 11:20:00-04:00,90.07499694824219,90.33999633789062,89.9000015258789,90.19999694824219,6900,0.0,0.0
2024-07-30 11:25:00-04:00,90.1050033569336,90.1050033569336,89.94000244140625,89.98999786376953,3420,0.0,0.0
2024-07-30 11:35:00-04:00,89.08999633789062,89.42130279541016,89.08999633789062,89.42130279541016,1257,0.0,0.0
2024-07-30 11:40:00-04:00,89.27999877929688,89.27999877929688,89.27999877929688,89.27999877929688,545,0.0,0.0
2024-07-30 11:45:00-04:00,89.08000183105469,89.25,89.06999969482422,89.25,5121,0.0,0.0
2024-07-30 11:50:00-04:00,89.25,89.26000213623047,89.05000305175781,89.15499877929688,10095,0.0,0.0
2024-07-30 11:55:00-04:00,89.13999938964844,89.13999938964844,88.69499969482422,88.91500091552734,2846,0.0,0.0
2024-07-30 12:00:00-04:00,88.78500366210938,88.78500366210938,88.5199966430664,88.67500305175781,2286,0.0,0.0
2024-07-30 12:05:00-04:00,88.88999938964844,88.9000015258789,88.80500030517578,88.80500030517578,1013,0.0,0.0
2024-07-30 12:10:00-04:00,88.72000122070312,88.72000122070312,88.72000122070312,88.72000122070312,532,0.0,0.0
2024-07-30 12:15:00-04:00,88.73999786376953,88.73999786376953,88.73999786376953,88.73999786376953,2335,0.0,0.0
2024-07-30 12:25:00-04:00,88.7699966430664,88.7699966430664,88.75,88.75,1149,0.0,0.0
2024-07-30 12:30:00-04:00,88.73999786376953,88.84500122070312,88.73999786376953,88.84500122070312,2455,0.0,0.0
2024-07-30 12:35:00-04:00,88.75,89.0,88.75,88.91999816894531,3447,0.0,0.0
2024-07-30 12:40:00-04:00,88.91999816894531,88.94000244140625,88.76499938964844,88.91000366210938,3007,0.0,0.0
2024-07-30 12:45:00-04:00,88.8499984741211,88.8499984741211,88.8499984741211,88.8499984741211,469,0.0,0.0
2024-07-30 12:50:00-04:00,88.69999694824219,88.7750015258789,88.69999694824219,88.7750015258789,1078,0.0,0.0
2024-07-30 12:55:00-04:00,88.56999969482422,88.81999969482422,88.56999969482422,88.70999908447266,2463,0.0,0.0
2024-07-30 13:00:00-04:00,88.81999969482422,88.81999969482422,88.81500244140625,88.81500244140625,1159,0.0,0.0
2024-07-30 13:05:00-04:00,88.80000305175781,88.80000305175781,88.80000305175781,88.80000305175781,541,0.0,0.0
2024-07-30 13:10:00-04:00,89.0,89.0,88.9749984741211,88.9749984741211,2345,0.0,0.0
2024-07-30 13:15:00-04:00,89.02999877929688,89.02999877929688,88.95999908447266,88.96499633789062,1359,0.0,0.0
2024-07-30 13:20:00-04:00,88.95500183105469,88.95500183105469,88.94999694824219,88.94999694824219,1568,0.0,0.0
2024-07-30 13:25:00-04:00,88.83999633789062,88.94000244140625,88.7249984741211,88.94000244140625,5339,0.0,0.0
2024-07-30 13:30:00-04:00,88.92250061035156,88.92250061035156,88.8499984741211,88.8499984741211,2857,0.0,0.0
2024-07-30 13:35:00-04:00,89.0,89.38999938964844,89.0,89.33499908447266,3321,0.0,0.0
2024-07-30 13:40:00-04:00,89.40499877929688,89.40499877929688,89.40499877929688,89.40499877929688,470,0.0,0.0
2024-07-30 13:45:00-04:00,89.62000274658203,89.62000274658203,89.57499694824219,89.57499694824219,1233,0.0,0.0
2024-07-30 13:55:00-04:00,89.57749938964844,89.62999725341797,89.57749938964844,89.62999725341797,814,0.0,0.0
2024-07-30 14:00:00-04:00,89.76000213623047,89.76000213623047,89.76000213623047,89.76000213623047,141,0.0,0.0
2024-07-30 14:05:00-04:00,89.63999938964844,89.64399719238281,89.625,89.625,743,0.0,0.0
2024-07-30 14:10:00-04:00,89.60549926757812,89.73999786376953,89.60549926757812,89.73500061035156,2769,0.0,0.0
2024-07-30 14:15:00-04:00,90.0,90.45999908447266,89.94000244140625,90.1500015258789,13742,0.0,0.0
2024-07-30 14:20:00-04:00,90.16999816894531,90.16999816894531,90.08000183105469,90.1449966430664,1998,0.0,0.0
2024-07-30 14:25:00-04:00,90.29000091552734,90.29000091552734,90.0,90.2699966430664,2040,0.0,0.0
2024-07-30 14:30:00-04:00,90.26000213623047,90.28500366210938,90.26000213623047,90.28500366210938,1005,0.0,0.0
2024-07-30 14:35:00-04:00,90.34239959716797,90.75,90.30000305175781,90.75,4721,0.0,0.0
2024-07-30 14:40:00-04:00,90.60420227050781,90.97000122070312,90.60420227050781,90.97000122070312,2875,0.0,0.0
2024-07-30 14:45:00-04:00,90.79000091552734,90.81999969482422,90.79000091552734,90.81999969482422,1216,0.0,0.0
2024-07-30 14:50:00-04:00,91.0999984741211,91.0999984741211,90.83000183105469,90.83000183105469,2454,0.0,0.0
2024-07-30 14:55:00-04:00,90.94999694824219,90.94999694824219,90.94999694824219,90.94999694824219,1116,0.0,0.0
2024-07-30 15:00:00-04:00,91.04000091552734,91.05500030517578,90.36000061035156,90.49500274658203,8298,0.0,0.0
2024-07-30 15:05:00-04:00,90.5199966430664,90.5199966430664,90.05000305175781,90.26000213623047,2957,0.0,0.0
2024-07-30 15:10:00-04:00,90.08000183105469,90.52999877929688,90.08000183105469,90.51000213623047,6014,0.0,0.0
2024-07-30 15:15:00-04:00,90.36000061035156,90.86000061035156,90.36000061035156,90.86000061035156,4390,0.0,0.0
2024-07-30 15:20:00-04:00,90.76000213623047,90.83999633789062,90.75,90.83999633789062,1812,0.0,0.0
2024-07-30 15:25:00-04:00,90.7699966430664,90.83000183105469,90.5,90.5,2139,0.0,0.0
2024-07-30 15:30:00-04:00,90.63999938964844,90.66999816894531,90.45700073242188,90.55000305175781,4824,0.0,0.0
2024-07-30 15:35:00-04:00,90.58000183105469,90.72000122070312,90.55000305175781,90.65499877929688,4306,0.0,0.0
2024-07-30 15:40:00-04:00,90.70999908447266,90.72000122070312,90.33499908447266,90.33499908447266,7592,0.0,0.0
2024-07-30 15:45:00-04:00,90.33499908447266,90.45999908447266,90.02999877929688,90.02999877929688,10894,0.0,0.0
2024-07-30 15:50:00-04:00,90.13999938964844,90.5,90.06500244140625,90.38999938964844,24267,0.0,0.0
2024-07-30 15:55:00-04:00,90.45500183105469,90.52999877929688,90.33599853515625,90.45999908447266,27449,0.0,0.0
2024-07-31 09:30:00-04:00,91.05999755859375,91.05999755859375,90.2249984741211,90.2249984741211,3433,0.0,0.0
2024-07-31 09:35:00-04:00,90.04499816894531,90.04499816894531,90.04499816894531,90.04499816894531,935,0.0,0.0
2024-07-31 09:45:00-04:00,89.73500061035156,89.73500061035156,89.73500061035156,89.73500061035156,912,0.0,0.0
2024-07-31 09:55:00-04:00,89.54499816894531,90.05000305175781,89.54499816894531,89.86000061035156,4201,0.0,0.0
2024-07-31 10:00:00-04:00,89.80000305175781,90.44999694824219,89.75,90.44999694824219,3069,0.0,0.0
2024-07-31 10:05:00-04:00,90.3499984741211,90.36000061035156,90.24500274658203,90.24500274658203,1044,0.0,0.0
2024-07-31 10:10:00-04:00,90.63999938964844,90.63999938964844,90.63999938964844,90.63999938964844,733,0.0,0.0
2024-07-31 10:15:00-04:00,90.875,90.875,90.875,90.875,463,0.0,0.0
2024-07-31 10:20:00-04:00,90.94999694824219,91.11000061035156,90.94999694824219,91.08000183105469,804,0.0,0.0
2024-07-31 10:25:00-04:00,91.07510375976562,91.08999633789062,90.94999694824219,91.08999633789062,1215,0.0,0.0
2024-07-31 10:30:00-04:00,91.20500183105469,91.33499908447266,91.12999725341797,91.33499908447266,1667,0.0,0.0
2024-07-31 10:35:00-04:00,91.30999755859375,91.30999755859375,90.872802734375,90.872802734375,987,0.0,0.0
2024-07-31 10:40:00-04:00,90.91999816894531,90.91999816894531,90.91999816894531,90.91999816894531,464,0.0,0.0
2024-07-31 10:45:00-04:00,90.93000030517578,90.97000122070312,90.86000061035156,90.97000122070312,1107,0.0,0.0
2024-07-31 10:50:00-04:00,90.55999755859375,90.55999755859375,90.55999755859375,90.55999755859375,319,0.0,0.0
2024-07-31 10:55:00-04:00,90.62200164794922,90.97000122070312,90.62200164794922,90.97000122070312,1945,0.0,0.0
2024-07-31 11:00:00-04:00,90.83999633789062,91.16999816894531,90.83999633789062,91.16999816894531,649,0.0,0.0
2024-07-31 11:05:00-04:00,90.97000122070312,90.97000122070312,90.97000122070312,90.97000122070312,761,0.0,0.0
2024-07-31 11:10:00-04:00,91.12999725341797,91.41000366210938,91.08000183105469,91.41000366210938,3118,0.0,0.0
2024-07-31 11:15:00-04:00,91.30999755859375,91.30999755859375,91.30999755859375,91.30999755859375,336,0.0,0.0
2024-07-31 11:20:00-04:00,91.30000305175781,91.30000305175781,90.98999786376953,90.98999786376953,2700,0.0,0.0
2024-07-31 11:25:00-04:00,90.88500213623047,90.88500213623047,90.77999877929688,90.77999877929688,772,0.0,0.0
2024-07-31 11:30:00-04:00,90.54000091552734,90.54000091552734,90.54000091552734,90.54000091552734,346,0.0,0.0
2024-07-31 11:35:00-04:00,90.38999938964844,90.38999938964844,90.38999938964844,90.38999938964844,574,0.0,0.0
2024-07-31 11:40:00-04:00,90.69999694824219,90.7699966430664,90.68000030517578,90.7699966430664,1496,0.0,0.0
2024-07-31 11:45:00-04:00,90.83999633789062,90.87000274658203,90.83999633789062,90.87000274658203,1091,0.0,0.0
2024-07-31 11:50:00-04:00,90.79000091552734,90.79000091552734,90.72000122070312,90.72000122070312,1323,0.0,0.0
2024-07-31 11:55:00-04:00,90.52999877929688,90.52999877929688,90.51499938964844,90.51499938964844,738,0.0,0.0
2024-07-31 12:00:00-04:00,90.45999908447266,90.71990203857422,90.45999908447266,90.71990203857422,827,0.0,0.0
2024-07-31 12:05:00-04:00,90.47000122070312,90.47000122070312,90.47000122070312,90.47000122070312,154,0.0,0.0
2024-07-31 12:10:00-04:00,90.54000091552734,90.70999908447266,90.54000091552734,90.70999908447266,3698,0.0,0.0
2024-07-31 12:20:00-04:00,90.98999786376953,90.98999786376953,90.98999786376953,90.98999786376953,791,0.0,0.0
2024-07-31 12:25:00-04:00,91.04000091552734,91.04000091552734,91.04000091552734,91.04000091552734,484,0.0,0.0
2024-07-31 12:30:00-04:00,91.08999633789062,91.08999633789062,91.08999633789062,91.08999633789062,1498,0.0,0.0
2024-07-31 12:35:00-04:00,91.04000091552734,91.05000305175781,90.8499984741211,91.05000305175781,1648,0.0,0.0
2024-07-31 12:40:00-04:00,91.08999633789062,91.08999633789062,91.08999633789062,91.08999633789062,514,0.0,0.0
2024-07-31 12:45:00-04:00,91.05999755859375,91.05999755859375,91.05999755859375,91.05999755859375,143,0.0,0.0
2024-07-31 12:50:00-04:00,91.05999755859375,91.05999755859375,90.69000244140625,90.69000244140625,2871,0.0,0.0
2024-07-31 12:55:00-04:00,90.43000030517578,90.6500015258789,90.43000030517578,90.6500015258789,2507,0.0,0.0
2024-07-31 13:00:00-04:00,90.47000122070312,90.47000122070312,90.47000122070312,90.47000122070312,293,0.0,0.0
2024-07-31 13:05:00-04:00,90.48999786376953,90.61000061035156,90.45999908447266,90.45999908447266,998,0.0,0.0
2024-07-31 13:15:00-04:00,90.42500305175781,90.42500305175781,90.42500305175781,90.42500305175781,479,0.0,0.0
2024-07-31 13:20:00-04:00,90.4000015258789,90.4000015258789,90.3949966430664,90.3949966430664,565,0.0,0.0
2024-07-31 13:25:00-04:00,90.19000244140625,90.36000061035156,90.19000244140625,90.36000061035156,950,0.0,0.0
2024-07-31 13:30:00-04:00,90.19000244140625,90.19000244140625,90.19000244140625,90.19000244140625,599,0.0,0.0
2024-07-31 13:35:00-04:00,89.8499984741211,89.8499984741211,89.8499984741211,89.8499984741211,622,0.0,0.0
2024-07-31 13:45:00-04:00,89.70999908447266,89.77999877929688,89.70999908447266,89.77999877929688,974,0.0,0.0
2024-07-31 13:50:00-04:00,89.87999725341797,90.05000305175781,89.7750015258789,90.0199966430664,4430,0.0,0.0
2024-07-31 14:00:00-04:00,90.04499816894531,90.04499816894531,89.93000030517578,89.93000030517578,1088,0.0,0.0
2024-07-31 14:05:00-04:00,90.19000244140625,90.19000244140625,89.94999694824219,89.94999694824219,767,0.0,0.0
2024-07-31 14:10:00-04:00,90.01000213623047,90.01000213623047,89.97000122070312,89.97000122070312,2471,0.0,0.0
2024-07-31 14:15:00-04:00,89.98999786376953,90.0199966430664,89.98999786376953,90.0,2525,0.0,0.0
2024-07-31 14:20:00-04:00,90.31999969482422,90.37999725341797,90.18000030517578,90.2300033569336,2778,0.0,0.0
2024-07-31 14:25:00-04:00,90.0199966430664,90.0199966430664,90.0199966430664,90.0199966430664,534,0.0,0.0
2024-07-31 14:35:00-04:00,90.0,90.18499755859375,90.0,90.0199966430664,846,0.0,0.0
2024-07-31 14:40:00-04:00,90.37000274658203,90.73999786376953,90.30000305175781,90.73999786376953,5767,0.0,0.0
2024-07-31 14:45:00-04:00,90.95999908447266,91.45999908447266,90.62999725341797,91.45999908447266,5196,0.0,0.0
2024-07-31 14:50:00-04:00,91.86000061035156,91.97000122070312,91.51000213623047,91.94999694824219,2279,0.0,0.0
2024-07-31 14:55:00-04:00,91.80000305175781,91.94499969482422,91.76000213623047,91.86000061035156,1746,0.0,0.0
2024-07-31 15:00:00-04:00,92.05999755859375,92.5,92.05999755859375,92.41500091552734,2625,0.0,0.0
2024-07-31 15:05:00-04:00,92.41999816894531,92.41999816894531,91.72000122070312,91.7300033569336,5132,0.0,0.0
2024-07-31 15:10:00-04:00,91.55999755859375,91.68000030517578,91.12000274658203,91.40499877929688,5405,0.0,0.0
2024-07-31 15:15:00-04:00,91.3499984741211,91.3499984741211,91.13999938964844,91.13999938964844,905,0.0,0.0
2024-07-31 15:20:00-04:00,91.12999725341797,91.41000366210938,91.12999725341797,91.33000183105469,2506,0.0,0.0
2024-07-31 15:25:00-04:00,90.76000213623047,90.83999633789062,90.6500015258789,90.83999633789062,2841,0.0,0.0
2024-07-31 15:30:00-04:00,90.70999908447266,90.88999938964844,90.41999816894531,90.6989974975586,5076,0.0,0.0
2024-07-31 15:35:00-04:00,90.6449966430664,90.87000274658203,90.55999755859375,90.55999755859375,3407,0.0,0.0
2024-07-31 15:40:00-04:00,90.5199966430664,90.80000305175781,90.5199966430664,90.70999908447266,4803,0.0,0.0
2024-07-31 15:45:00-04:00,90.81999969482422,91.06500244140625,90.81999969482422,91.06500244140625,5426,0.0,0.0
2024-07-31 15:50:00-04:00,90.69999694824219,90.70999908447266,89.94999694824219,90.08000183105469,7787,0.0,0.0
2024-07-31 15:55:00-04:00,89.98999786376953,90.43000030517578,89.98999786376953,90.29000091552734,25299,0.0,0.0
2024-08-01 09:30:00-04:00,89.7300033569336,89.7300033569336,89.7300033569336,89.7300033569336,5471,0.0,0.0
2024-08-01 09:45:00-04:00,90.94000244140625,90.94999694824219,90.53500366210938,90.73100280761719,2154,0.0,0.0
2024-08-01 09:50:00-04:00,90.82499694824219,91.1969985961914,90.34500122070312,90.34500122070312,1464,0.0,0.0
2024-08-01 09:55:00-04:00,89.96029663085938,89.96029663085938,89.09449768066406,89.09449768066406,2221,0.0,0.0
2024-08-01 10:00:00-04:00,89.81999969482422,89.94000244140625,89.11000061035156,89.58499908447266,9024,0.0,0.0
2024-08-01 10:05:00-04:00,89.80999755859375,89.87000274658203,89.05999755859375,89.05999755859375,4231,0.0,0.0
2024-08-01 10:10:00-04:00,88.94999694824219,89.03500366210938,88.70010375976562,88.70010375976562,2372,0.0,0.0
2024-08-01 10:20:00-04:00,89.05999755859375,89.05999755859375,88.37999725341797,88.56500244140625,9155,0.0,0.0
2024-08-01 10:25:00-04:00,88.58000183105469,88.6500015258789,88.41999816894531,88.44000244140625,5323,0.0,0.0
2024-08-01 10:30:00-04:00,88.54000091552734,88.7300033569336,88.44499969482422,88.69999694824219,13357,0.0,0.0
2024-08-01 10:35:00-04:00,88.625,88.7300033569336,88.23999786376953,88.51499938964844,13955,0.0,0.0
2024-08-01 10:40:00-04:00,88.40499877929688,88.40499877929688,88.12999725341797,88.12999725341797,1730,0.0,0.0
2024-08-01 10:45:00-04:00,88.30000305175781,88.30000305175781,87.94000244140625,87.94000244140625,8035,0.0,0.0
2024-08-01 10:50:00-04:00,88.02999877929688,88.33999633789062,87.91000366210938,87.91000366210938,2499,0.0,0.0
2024-08-01 10:55:00-04:00,88.11499786376953,88.30000305175781,87.85009765625,88.30000305175781,1394,0.0,0.0
2024-08-01 11:00:00-04:00,88.01000213623047,88.01000213623047,87.69999694824219,87.8499984741211,3520,0.0,0.0
2024-08-01 11:05:00-04:00,87.7300033569336,87.98999786376953,87.70999908447266,87.70999908447266,981,0.0,0.0
2024-08-01 11:10:00-04:00,87.70999908447266,87.7750015258789,87.56999969482422,87.56999969482422,2138,0.0,0.0
2024-08-01 11:15:00-04:00,87.56999969482422,87.86000061035156,87.41999816894531,87.80999755859375,2914,0.0,0.0
2024-08-01 11:20:00-04:00,87.75499725341797,87.7750015258789,87.55999755859375,87.70999908447266,3844,0.0,0.0
2024-08-01 11:25:00-04:00,87.75,87.86000061035156,87.75,87.78500366210938,2192,0.0,0.0
2024-08-01 11:35:00-04:00,87.55999755859375,87.55999755859375,87.51000213623047,87.51629638671875,1505,0.0,0.0
2024-08-01 11:40:00-04:00,87.63999938964844,87.66000366210938,87.37999725341797,87.66000366210938,1505,0.0,0.0
2024-08-01 11:45:00-04:00,87.41999816894531,87.43499755859375,87.41999816894531,87.43499755859375,919,0.0,0.0
2024-08-01 11:50:00-04:00,87.5999984741211,87.5999984741211,87.41999816894531,87.58000183105469,937,0.0,0.0
2024-08-01 11:55:00-04:00,87.69999694824219,87.69999694824219,87.41999816894531,87.58499908447266,1394,0.0,0.0
2024-08-01 12:00:00-04:00,87.5,87.6449966430664,87.5,87.53500366210938,2333,0.0,0.0
2024-08-01 12:05:00-04:00,87.51000213623047,87.51000213623047,87.25,87.30999755859375,4113,0.0,0.0
2024-08-01 12:10:00-04:00,87.2300033569336,87.25,87.2300033569336,87.25,808,0.0,0.0
2024-08-01 12:15:00-04:00,87.31999969482422,87.31999969482422,87.23999786376953,87.30999755859375,720,0.0,0.0
2024-08-01 12:20:00-04:00,87.16999816894531,87.16999816894531,86.58000183105469,86.58999633789062,3810,0.0,0.0
2024-08-01 12:25:00-04:00,86.76499938964844,87.1500015258789,86.69999694824219,87.1500015258789,2622,0.0,0.0
2024-08-01 12:35:00-04:00,87.02999877929688,87.06999969482422,87.02999877929688,87.06999969482422,915,0.0,0.0
2024-08-01 12:40:00-04:00,87.12999725341797,87.12999725341797,87.12999725341797,87.12999725341797,418,0.0,0.0
2024-08-01 12:45:00-04:00,87.00499725341797,87.19000244140625,86.76000213623047,86.93000030517578,12045,0.0,0.0
2024-08-01 12:50:00-04:00,86.75,86.87000274658203,86.66999816894531,86.84500122070312,1298,0.0,0.0
2024-08-01 12:55:00-04:00,86.88500213623047,86.88500213623047,86.88500213623047,86.88500213623047,666,0.0,0.0
2024-08-01 13:00:00-04:00,86.86499786376953,86.86499786376953,86.69000244140625,86.69000244140625,464,0.0,0.0
2024-08-01 13:05:00-04:00,86.69000244140625,86.84500122070312,86.66000366210938,86.66000366210938,2172,0.0,0.0
2024-08-01 13:10:00-04:00,86.71499633789062,86.79000091552734,86.49500274658203,86.51499938964844,2932,0.0,0.0
2024-08-01 13:15:00-04:00,86.6865005493164,86.69000244140625,86.5199966430664,86.6050033569336,2417,0.0,0.0
2024-08-01 13:20:00-04:00,86.6050033569336,86.6050033569336,86.6050033569336,86.6050033569336,738,0.0,0.0
2024-08-01 13:25:00-04:00,86.62000274658203,86.68000030517578,86.62000274658203,86.6500015258789,1014,0.0,0.0
2024-08-01 13:30:00-04:00,86.61499786376953,86.76000213623047,86.61499786376953,86.62000274658203,861,0.0,0.0
2024-08-01 13:35:00-04:00,86.48999786376953,86.6050033569336,86.4000015258789,86.4000015258789,6036,0.0,0.0
2024-08-01 13:40:00-04:00,86.38999938964844,86.42500305175781,86.33999633789062,86.42500305175781,648,0.0,0.0
2024-08-01 13:45:00-04:00,86.45500183105469,86.5199966430664,86.38999938964844,86.44999694824219,7992,0.0,0.0
2024-08-01 13:50:00-04:00,86.62999725341797,86.6500015258789,86.56999969482422,86.6500015258789,1387,0.0,0.0
2024-08-01 13:55:00-04:00,86.56999969482422,86.6500015258789,86.51000213623047,86.51000213623047,1906,0.0,0.0
2024-08-01 14:00:00-04:00,86.51280212402344,86.5199966430664,86.51280212402344,86.5199966430664,635,0.0,0.0
2024-08-01 14:05:00-04:00,86.65499877929688,86.65499877929688,86.45999908447266,86.45999908447266,2404,0.0,0.0
2024-08-01 14:10:00-04:00,86.31999969482422,86.38999938964844,86.25,86.25,1132,0.0,0.0
2024-08-01 14:15:00-04:00,86.25,86.52999877929688,86.25,86.52999877929688,1973,0.0,0.0
2024-08-01 14:20:00-04:00,86.3949966430664,86.9749984741211,86.29080200195312,86.9749984741211,6414,0.0,0.0
2024-08-01 14:25:00-04:00,86.80000305175781,86.80000305175781,86.6449966430664,86.6449966430664,3410,0.0,0.0
2024-08-01 14:30:00-04:00,86.80999755859375,86.80999755859375,86.67500305175781,86.67500305175781,609,0.0,0.0
2024-08-01 14:35:00-04:00,86.83000183105469,86.83000183105469,86.72000122070312,86.72000122070312,460,0.0,0.0
2024-08-01 14:40:00-04:00,86.87999725341797,86.87999725341797,86.73999786376953,86.84500122070312,3012,0.0,0.0
2024-08-01 14:45:00-04:00,86.93000030517578,86.93000030517578,86.81999969482422,86.93000030517578,1468,0.0,0.0
2024-08-01 14:50:00-04:00,86.87000274658203,87.04499816894531,86.80999755859375,87.04499816894531,3071,0.0,0.0
2024-08-01 14:55:00-04:00,87.16999816894531,87.16999816894531,86.9000015258789,86.91000366210938,4036,0.0,0.0
2024-08-01 15:00:00-04:00,86.95999908447266,87.19000244140625,86.94000244140625,87.07499694824219,3656,0.0,0.0
2024-08-01 15:05:00-04:00,87.30999755859375,87.30999755859375,87.22000122070312,87.22000122070312,2083,0.0,0.0
2024-08-01 15:10:00-04:00,87.0999984741211,87.35990142822266,86.91999816894531,86.94000244140625,6431,0.0,0.0
2024-08-01 15:15:00-04:00,86.93000030517578,87.00990295410156,86.75,86.87000274658203,3333,0.0,0.0
2024-08-01 15:20:00-04:00,86.76000213623047,87.0,86.73999786376953,86.875,3196,0.0,0.0
2024-08-01 15:25:00-04:00,86.9800033569336,87.1500015258789,86.9800033569336,87.09500122070312,2736,0.0,0.0
2024-08-01 15:30:00-04:00,87.08999633789062,87.49299621582031,87.08999633789062,87.47000122070312,4293,0.0,0.0
2024-08-01 15:35:00-04:00,87.47000122070312,87.6500015258789,87.47000122070312,87.55999755859375,7519,0.0,0.0
2024-08-01 15:40:00-04:00,87.55000305175781,87.55000305175781,87.41000366210938,87.41000366210938,5419,0.0,0.0
2024-08-01 15:45:00-04:00,87.41999816894531,87.4800033569336,87.26000213623047,87.40499877929688,10055,0.0,0.0
2024-08-01 15:50:00-04:00,87.4800033569336,87.8499984741211,86.98999786376953,86.98999786376953,20428,0.0,0.0
2024-08-01 15:55:00-04:00,87.0199966430664,87.31999969482422,86.99500274658203,87.1449966430664,32214,0.0,0.0
2024-08-02 09:30:00-04:00,85.63999938964844,86.13999938964844,85.25499725341797,85.25499725341797,3289,0.0,0.0
2024-08-02 09:35:00-04:00,85.1500015258789,85.61000061035156,85.1500015258789,85.61000061035156,1666,0.0,0.0
2024-08-02 09:45:00-04:00,86.30000305175781,86.6500015258789,86.30000305175781,86.6500015258789,878,0.0,0.0
2024-08-02 09:50:00-04:00,86.6500015258789,86.69000244140625,86.6500015258789,86.68499755859375,1825,0.0,0.0
2024-08-02 09:55:00-04:00,86.68499755859375,86.68499755859375,86.05000305175781,86.05000305175781,1304,0.0,0.0
2024-08-02 10:00:00-04:00,85.36000061035156,86.26000213623047,85.30999755859375,86.17500305175781,4078,0.0,0.0
2024-08-02 10:05:00-04:00,86.66000366210938,86.66000366210938,85.62000274658203,85.62000274658203,1287,0.0,0.0
2024-08-02 10:10:00-04:00,85.55000305175781,85.55000305175781,85.13999938964844,85.36499786376953,8950,0.0,0.0
2024-08-02 10:15:00-04:00,85.48999786376953,85.48999786376953,85.37000274658203,85.37000274658203,479,0.0,0.0
2024-08-02 10:20:00-04:00,85.3499984741211,85.44599914550781,84.56999969482422,84.56999969482422,10797,0.0,0.0
2024-08-02 10:25:00-04:00,84.86000061035156,85.08399963378906,84.64009857177734,84.64009857177734,3004,0.0,0.0
2024-08-02 10:30:00-04:00,84.93000030517578,84.947998046875,84.93000030517578,84.947998046875,478,0.0,0.0
2024-08-02 10:35:00-04:00,84.91500091552734,84.94999694824219,84.64219665527344,84.80999755859375,5033,0.0,0.0
2024-08-02 10:40:00-04:00,84.4800033569336,85.26000213623047,84.4800033569336,85.25499725341797,10740,0.0,0.0
2024-08-02 10:45:00-04:00,86.03500366210938,86.03500366210938,86.03500366210938,86.03500366210938,406,0.0,0.0
2024-08-02 10:50:00-04:00,86.04000091552734,86.30500030517578,86.01000213623047,86.30500030517578,3382,0.0,0.0
2024-08-02 10:55:00-04:00,86.17500305175781,86.17500305175781,85.51499938964844,85.70500183105469,3481,0.0,0.0
2024-08-02 11:00:00-04:00,85.69499969482422,85.69499969482422,85.69499969482422,85.69499969482422,1396,0.0,0.0
2024-08-02 11:05:00-04:00,85.49500274658203,85.49500274658203,85.49500274658203,85.49500274658203,417,0.0,0.0
2024-08-02 11:10:00-04:00,85.3499984741211,85.4574966430664,85.22000122070312,85.33999633789062,1030,0.0,0.0
2024-08-02 11:15:00-04:00,85.38500213623047,85.5,85.18000030517578,85.18000030517578,1570,0.0,0.0
2024-08-02 11:20:00-04:00,85.08999633789062,85.20999908447266,84.7699966430664,85.0999984741211,3355,0.0,0.0
2024-08-02 11:25:00-04:00,84.93000030517578,84.93000030517578,84.77999877929688,84.77999877929688,1975,0.0,0.0
2024-08-02 11:30:00-04:00,85.05000305175781,85.25,84.86499786376953,85.25,4653,0.0,0.0
2024-08-02 11:35:00-04:00,85.5,85.5,85.48999786376953,85.48999786376953,1600,0.0,0.0
2024-08-02 11:40:00-04:00,85.48500061035156,85.625,85.31999969482422,85.58000183105469,4356,0.0,0.0
2024-08-02 11:45:00-04:00,85.36000061035156,85.74500274658203,85.36000061035156,85.44000244140625,9600,0.0,0.0
2024-08-02 11:50:00-04:00,85.6050033569336,85.6050033569336,85.37000274658203,85.51499938964844,1364,0.0,0.0
2024-08-02 11:55:00-04:00,85.36000061035156,85.40499877929688,85.22000122070312,85.4000015258789,2849,0.0,0.0
2024-08-02 12:00:00-04:00,85.08999633789062,85.4625015258789,85.08999633789062,85.4625015258789,1109,0.0,0.0
2024-08-02 12:05:00-04:00,85.16000366210938,85.16000366210938,85.16000366210938,85.16000366210938,103,0.0,0.0
2024-08-02 12:10:00-04:00,85.16999816894531,85.33000183105469,85.0199966430664,85.05000305175781,4980,0.0,0.0
2024-08-02 12:15:00-04:00,85.02999877929688,85.38500213623047,84.87000274658203,85.38500213623047,7653,0.0,0.0
2024-08-02 12:20:00-04:00,85.52999877929688,85.66500091552734,85.52999877929688,85.66500091552734,1181,0.0,0.0
2024-08-02 12:25:00-04:00,85.7750015258789,86.32569885253906,85.7750015258789,86.32569885253906,1189,0.0,0.0
2024-08-02 12:30:00-04:00,86.62000274658203,86.62000274658203,86.62000274658203,86.62000274658203,691,0.0,0.0
2024-08-02 12:35:00-04:00,86.01000213623047,86.01000213623047,86.01000213623047,86.01000213623047,462,0.0,0.0
2024-08-02 12:40:00-04:00,86.20559692382812,86.29000091552734,86.20559692382812,86.29000091552734,1481,0.0,0.0
2024-08-02 12:45:00-04:00,86.44999694824219,86.44999694824219,86.44000244140625,86.44000244140625,1084,0.0,0.0
2024-08-02 12:50:00-04:00,86.26499938964844,86.4000015258789,86.26499938964844,86.4000015258789,523,0.0,0.0
2024-08-02 12:55:00-04:00,86.26499938964844,87.0,86.25499725341797,86.93000030517578,4463,0.0,0.0
2024-08-02 13:00:00-04:00,87.03500366210938,87.03500366210938,87.03500366210938,87.03500366210938,337,0.0,0.0
2024-08-02 13:05:00-04:00,86.80999755859375,86.80999755859375,86.69000244140625,86.74500274658203,2383,0.0,0.0
2024-08-02 13:15:00-04:00,86.7699966430664,86.7699966430664,86.7699966430664,86.7699966430664,537,0.0,0.0
2024-08-02 13:20:00-04:00,86.62999725341797,86.76000213623047,86.62000274658203,86.65740203857422,1644,0.0,0.0
2024-08-02 13:25:00-04:00,86.73500061035156,86.87000274658203,86.73500061035156,86.76000213623047,1369,0.0,0.0
2024-08-02 13:30:00-04:00,86.7699966430664,86.7699966430664,86.7699966430664,86.7699966430664,784,0.0,0.0
2024-08-02 13:35:00-04:00,86.71499633789062,86.9000015258789,86.71499633789062,86.87000274658203,2839,0.0,0.0
2024-08-02 13:40:00-04:00,86.96520233154297,86.96520233154297,86.96520233154297,86.96520233154297,588,0.0,0.0
2024-08-02 13:45:00-04:00,87.05000305175781,87.05000305175781,87.05000305175781,87.05000305175781,332,0.0,0.0
2024-08-02 13:50:00-04:00,87.05000305175781,87.05000305175781,87.05000305175781,87.05000305175781,784,0.0,0.0
2024-08-02 13:55:00-04:00,86.8949966430664,86.8949966430664,86.8949966430664,86.8949966430664,438,0.0,0.0
2024-08-02 14:00:00-04:00,87.01499938964844,87.01499938964844,86.75,86.94000244140625,5847,0.0,0.0
2024-08-02 14:05:00-04:00,87.08999633789062,87.12000274658203,87.08999633789062,87.12000274658203,1157,0.0,0.0
2024-08-02 14:10:00-04:00,87.2750015258789,87.2750015258789,87.2750015258789,87.2750015258789,458,0.0,0.0
2024-08-02 14:20:00-04:00,87.20500183105469,87.43000030517578,87.20500183105469,87.43000030517578,1728,0.0,0.0
2024-08-02 14:25:00-04:00,87.63500213623047,87.8949966430664,87.63500213623047,87.8949966430664,421,0.0,0.0
2024-08-02 14:30:00-04:00,87.83000183105469,87.83000183105469,87.73999786376953,87.73999786376953,2212,0.0,0.0
2024-08-02 14:35:00-04:00,87.80000305175781,87.90499877929688,87.7300033569336,87.90499877929688,1645,0.0,0.0
2024-08-02 14:40:00-04:00,87.71499633789062,87.71499633789062,87.71499633789062,87.71499633789062,220,0.0,0.0
2024-08-02 14:45:00-04:00,87.96499633789062,88.0,87.8550033569336,87.8550033569336,926,0.0,0.0
2024-08-02 14:50:00-04:00,88.06500244140625,88.06500244140625,88.06500244140625,88.06500244140625,1005,0.0,0.0
2024-08-02 14:55:00-04:00,88.16000366210938,88.16000366210938,87.99500274658203,87.99500274658203,377,0.0,0.0
2024-08-02 15:00:00-04:00,88.30500030517578,88.30500030517578,88.12000274658203,88.23500061035156,1438,0.0,0.0
2024-08-02 15:05:00-04:00,88.23500061035156,88.23500061035156,87.94999694824219,87.94999694824219,3624,0.0,0.0
2024-08-02 15:10:00-04:00,88.03990173339844,88.11000061035156,87.80000305175781,88.11000061035156,4073,0.0,0.0
2024-08-02 15:20:00-04:00,88.1500015258789,88.16999816894531,87.98999786376953,87.98999786376953,1583,0.0,0.0
2024-08-02 15:25:00-04:00,87.88999938964844,88.37999725341797,87.86000061035156,88.37999725341797,4466,0.0,0.0
2024-08-02 15:30:00-04:00,88.43000030517578,88.52999877929688,88.20999908447266,88.20999908447266,3662,0.0,0.0
2024-08-02 15:35:00-04:00,88.20999908447266,88.20999908447266,87.9000015258789,88.0199966430664,6533,0.0,0.0
2024-08-02 15:40:00-04:00,88.0999984741211,88.0999984741211,87.90499877929688,88.03500366210938,5251,0.0,0.0
2024-08-02 15:45:00-04:00,88.11000061035156,88.37999725341797,88.0,88.0,6226,0.0,0.0
2024-08-02 15:50:00-04:00,88.18000030517578,88.22000122070312,87.74500274658203,87.76499938964844,17054,0.0,0.0
2024-08-02 15:55:00-04:00,87.91999816894531,88.16999816894531,87.88999938964844,88.0,19918,0.0,0.0
