Datetime,Open,High,Low,Close,Volume,Dividends,Stock Splits
2022-09-15 09:00:00+09:00,1250.0,1250.0,1233.0,1236.0,13400,0.0,0.0
2022-09-15 10:00:00+09:00,1236.0,1237.0,1232.0,1237.0,9400,0.0,0.0
2022-09-15 11:00:00+09:00,1237.0,1239.0,1234.0,1238.0,0,0.0,0.0
2022-09-15 12:00:00+09:00,1238.0,1238.0,1231.0,1233.0,31900,0.0,0.0
2022-09-15 13:00:00+09:00,1231.0,1244.0,1231.0,1241.0,14100,0.0,0.0
2022-09-15 14:00:00+09:00,1239.0,1244.0,1239.0,1242.0,14000,0.0,0.0
2022-09-16 09:00:00+09:00,1231.0,1245.0,1228.0,1229.0,8800,0.0,0.0
2022-09-16 10:00:00+09:00,1227.0,1228.0,1223.0,1225.0,3200,0.0,0.0
2022-09-16 11:00:00+09:00,1226.0,1226.0,1223.0,1223.0,0,0.0,0.0
2022-09-16 12:00:00+09:00,1220.0,1222.0,1220.0,1221.0,18000,0.0,0.0
2022-09-16 13:00:00+09:00,1220.0,1220.0,1213.0,1213.0,5200,0.0,0.0
2022-09-16 14:00:00+09:00,1214.0,1216.0,1212.0,1215.0,11500,0.0,0.0
2022-09-20 09:00:00+09:00,1222.0,1250.0,1218.0,1240.0,14700,0.0,0.0
2022-09-20 10:00:00+09:00,1240.0,1242.0,1234.0,1237.0,8900,0.0,0.0
2022-09-20 11:00:00+09:00,1236.0,1241.0,1236.0,1238.0,0,0.0,0.0
2022-09-20 12:00:00+09:00,1235.0,1241.0,1233.0,1239.0,34100,0.0,0.0
2022-09-20 13:00:00+09:00,1239.0,1243.0,1234.0,1235.0,14500,0.0,0.0
2022-09-20 14:00:00+09:00,1234.0,1235.0,1229.0,1231.0,20000,0.0,0.0
2022-09-21 09:00:00+09:00,1212.0,1219.0,1208.0,1214.0,11900,0.0,0.0
2022-09-21 10:00:00+09:00,1212.0,1215.0,1202.0,1204.0,8300,0.0,0.0
2022-09-21 11:00:00+09:00,1204.0,1205.0,1203.0,1204.0,0,0.0,0.0
2022-09-21 12:00:00+09:00,1204.0,1210.0,1204.0,1207.0,27000,0.0,0.0
2022-09-21 13:00:00+09:00,1208.0,1208.0,1200.0,1202.0,11700,0.0,0.0
2022-09-21 14:00:00+09:00,1203.0,1204.0,1200.0,1203.0,12800,0.0,0.0
2022-09-22 09:00:00+09:00,1186.0,1190.0,1181.0,1187.0,15500,0.0,0.0
2022-09-22 10:00:00+09:00,1188.0,1191.0,1180.0,1185.0,10200,0.0,0.0
2022-09-22 11:00:00+09:00,1185.0,1185.0,1180.0,1184.0,0,0.0,0.0
2022-09-22 12:00:00+09:00,1184.0,1195.0,1184.0,1194.0,39200,0.0,0.0
2022-09-22 13:00:00+09:00,1195.0,1202.0,1195.0,1195.0,8300,0.0,0.0
2022-09-22 14:00:00+09:00,1195.0,1200.0,1194.0,1200.0,14700,0.0,0.0
2022-09-26 09:00:00+09:00,1173.0,1175.0,1147.0,1147.0,29600,0.0,0.0
2022-09-26 10:00:00+09:00,1147.0,1147.0,1140.0,1140.0,8300,0.0,0.0
2022-09-26 11:00:00+09:00,1141.0,1141.0,1136.0,1138.0,0,0.0,0.0
2022-09-26 12:00:00+09:00,1132.0,1136.0,1132.0,1134.0,53600,0.0,0.0
2022-09-26 13:00:00+09:00,1133.0,1133.0,1129.0,1129.0,12400,0.0,0.0
2022-09-26 14:00:00+09:00,1130.0,1140.0,1130.0,1138.0,14900,0.0,0.0
2022-09-27 09:00:00+09:00,1153.0,1165.0,1147.0,1159.0,21200,0.0,0.0
2022-09-27 10:00:00+09:00,1158.0,1161.0,1148.0,1150.0,8100,0.0,0.0
2022-09-27 11:00:00+09:00,1150.0,1153.0,1148.0,1153.0,0,0.0,0.0
2022-09-27 12:00:00+09:00,1156.0,1156.0,1147.0,1154.0,38800,0.0,0.0
2022-09-27 13:00:00+09:00,1155.0,1157.0,1147.0,1149.0,5300,0.0,0.0
2022-09-27 14:00:00+09:00,1148.0,1151.0,1148.0,1148.0,11000,0.0,0.0
2022-09-28 09:00:00+09:00,1131.0,1138.0,1124.0,1135.0,23200,0.0,0.0
2022-09-28 10:00:00+09:00,1134.0,1135.0,1122.0,1123.0,9500,0.0,0.0
2022-09-28 11:00:00+09:00,1125.0,1125.0,1118.0,1122.0,0,0.0,0.0
2022-09-28 12:00:00+09:00,1122.0,1126.0,1119.0,1125.0,46100,0.0,0.0
2022-09-28 13:00:00+09:00,1125.0,1128.0,1122.0,1122.0,7500,0.0,0.0
2022-09-28 14:00:00+09:00,1122.0,1136.0,1120.0,1135.0,17000,0.0,0.0
2022-09-29 09:00:00+09:00,1148.0,1152.0,1139.0,1148.0,6900,0.0,0.0
2022-09-29 10:00:00+09:00,1146.0,1149.0,1137.0,1137.0,12900,0.0,0.0
2022-09-29 11:00:00+09:00,1137.0,1138.0,1135.0,1136.0,0,0.0,0.0
2022-09-29 12:00:00+09:00,1140.0,1144.0,1139.0,1142.0,35900,0.0,0.0
2022-09-29 13:00:00+09:00,1141.0,1147.0,1140.0,1145.0,12400,0.0,0.0
2022-09-29 14:00:00+09:00,1144.0,1147.0,1141.0,1147.0,18700,0.0,0.0
2022-09-30 09:00:00+09:00,1135.0,1135.0,1119.0,1122.0,16800,0.0,0.0
2022-09-30 10:00:00+09:00,1119.0,1122.0,1110.0,1115.0,11900,0.0,0.0
2022-09-30 11:00:00+09:00,1113.0,1113.0,1100.0,1100.0,0,0.0,0.0
2022-09-30 12:00:00+09:00,1100.0,1103.0,1092.0,1097.0,79100,0.0,0.0
2022-09-30 13:00:00+09:00,1095.0,1104.0,1093.0,1103.0,38000,0.0,0.0
2022-09-30 14:00:00+09:00,1105.0,1113.0,1099.0,1106.0,78400,0.0,0.0
2022-10-03 09:00:00+09:00,1098.0,1113.0,1096.0,1102.0,28100,0.0,0.0
2022-10-03 10:00:00+09:00,1103.0,1127.0,1103.0,1126.0,17100,0.0,0.0
2022-10-03 11:00:00+09:00,1126.0,1126.0,1118.0,1118.0,0,0.0,0.0
2022-10-03 12:00:00+09:00,1110.0,1123.0,1110.0,1122.0,59100,0.0,0.0
2022-10-03 13:00:00+09:00,1121.0,1124.0,1116.0,1119.0,11400,0.0,0.0
2022-10-03 14:00:00+09:00,1119.0,1128.0,1117.0,1127.0,19200,0.0,0.0
2022-10-04 09:00:00+09:00,1125.0,1166.0,1125.0,1155.0,16500,0.0,0.0
2022-10-04 10:00:00+09:00,1154.0,1154.0,1144.0,1145.0,16400,0.0,0.0
2022-10-04 11:00:00+09:00,1144.0,1145.0,1142.0,1144.0,0,0.0,0.0
2022-10-04 12:00:00+09:00,1144.0,1147.0,1142.0,1143.0,45700,0.0,0.0
2022-10-04 13:00:00+09:00,1142.0,1153.0,1141.0,1149.0,12400,0.0,0.0
2022-10-04 14:00:00+09:00,1150.0,1152.0,1145.0,1145.0,15900,0.0,0.0
2022-10-05 09:00:00+09:00,1172.0,1178.0,1160.0,1170.0,23100,0.0,0.0
2022-10-05 10:00:00+09:00,1169.0,1173.0,1167.0,1167.0,14400,0.0,0.0
2022-10-05 11:00:00+09:00,1168.0,1172.0,1167.0,1170.0,0,0.0,0.0
2022-10-05 12:00:00+09:00,1170.0,1170.0,1159.0,1166.0,52800,0.0,0.0
2022-10-05 13:00:00+09:00,1166.0,1169.0,1163.0,1164.0,11800,0.0,0.0
2022-10-05 14:00:00+09:00,1164.0,1166.0,1156.0,1156.0,21900,0.0,0.0
2022-10-06 09:00:00+09:00,1138.0,1171.0,1138.0,1157.0,19600,0.0,0.0
2022-10-06 10:00:00+09:00,1157.0,1162.0,1151.0,1155.0,11600,0.0,0.0
2022-10-06 11:00:00+09:00,1156.0,1156.0,1149.0,1153.0,0,0.0,0.0
2022-10-06 12:00:00+09:00,1157.0,1157.0,1154.0,1156.0,42200,0.0,0.0
2022-10-06 13:00:00+09:00,1156.0,1157.0,1151.0,1151.0,6500,0.0,0.0
2022-10-06 14:00:00+09:00,1152.0,1152.0,1144.0,1144.0,14800,0.0,0.0
2022-10-07 09:00:00+09:00,1131.0,1154.0,1129.0,1147.0,0,0.0,0.0
2022-10-07 10:00:00+09:00,1148.0,1152.0,1144.0,1152.0,19700,0.0,0.0
2022-10-07 11:00:00+09:00,1155.0,1155.0,1153.0,1155.0,0,0.0,0.0
2022-10-07 12:00:00+09:00,1150.0,1154.0,1150.0,1151.0,25800,0.0,0.0
2022-10-07 13:00:00+09:00,1151.0,1152.0,1149.0,1151.0,8600,0.0,0.0
2022-10-07 14:00:00+09:00,1150.0,1151.0,1144.0,1148.0,19100,0.0,0.0
2022-10-11 09:00:00+09:00,1144.0,1160.0,1140.0,1151.0,42700,0.0,0.0
2022-10-11 10:00:00+09:00,1151.0,1151.0,1145.0,1149.0,14800,0.0,0.0
2022-10-11 11:00:00+09:00,1147.0,1147.0,1143.0,1144.0,0,0.0,0.0
2022-10-11 12:00:00+09:00,1146.0,1147.0,1138.0,1138.0,74100,0.0,0.0
2022-10-11 13:00:00+09:00,1138.0,1140.0,1134.0,1136.0,21500,0.0,0.0
2022-10-11 14:00:00+09:00,1135.0,1136.0,1134.0,1135.0,21100,0.0,0.0
2022-10-12 09:00:00+09:00,1143.0,1143.0,1133.0,1142.0,28000,0.0,0.0
2022-10-12 10:00:00+09:00,1143.0,1143.0,1137.0,1141.0,17700,0.0,0.0
2022-10-12 11:00:00+09:00,1140.0,1142.0,1139.0,1142.0,0,0.0,0.0
2022-10-12 12:00:00+09:00,1148.0,1148.0,1140.0,1140.0,59200,0.0,0.0
2022-10-12 13:00:00+09:00,1140.0,1146.0,1140.0,1143.0,10000,0.0,0.0
2022-10-12 14:00:00+09:00,1142.0,1143.0,1138.0,1139.0,20800,0.0,0.0
2022-10-13 09:00:00+09:00,1135.0,1148.0,1128.0,1148.0,20700,0.0,0.0
2022-10-13 10:00:00+09:00,1147.0,1150.0,1145.0,1146.0,12300,0.0,0.0
2022-10-13 11:00:00+09:00,1146.0,1152.0,1146.0,1151.0,0,0.0,0.0
2022-10-13 12:00:00+09:00,1150.0,1154.0,1147.0,1148.0,41800,0.0,0.0
2022-10-13 13:00:00+09:00,1147.0,1149.0,1147.0,1147.0,6800,0.0,0.0
2022-10-13 14:00:00+09:00,1147.0,1153.0,1146.0,1151.0,17600,0.0,0.0
2022-10-14 09:00:00+09:00,1182.0,1183.0,1164.0,1180.0,31800,0.0,0.0
2022-10-14 10:00:00+09:00,1182.0,1196.0,1181.0,1193.0,19000,0.0,0.0
2022-10-14 11:00:00+09:00,1193.0,1198.0,1191.0,1197.0,0,0.0,0.0
2022-10-14 12:00:00+09:00,1200.0,1200.0,1196.0,1196.0,68100,0.0,0.0
2022-10-14 13:00:00+09:00,1196.0,1198.0,1192.0,1193.0,10600,0.0,0.0
2022-10-14 14:00:00+09:00,1192.0,1195.0,1190.0,1191.0,19100,0.0,0.0
2022-10-17 09:00:00+09:00,1184.0,1186.0,1178.0,1185.0,15300,0.0,0.0
2022-10-17 10:00:00+09:00,1187.0,1187.0,1179.0,1180.0,11100,0.0,0.0
2022-10-17 11:00:00+09:00,1179.0,1181.0,1177.0,1179.0,0,0.0,0.0
2022-10-17 12:00:00+09:00,1179.0,1182.0,1179.0,1180.0,40600,0.0,0.0
2022-10-17 13:00:00+09:00,1179.0,1180.0,1176.0,1178.0,9900,0.0,0.0
2022-10-17 14:00:00+09:00,1179.0,1182.0,1177.0,1181.0,10400,0.0,0.0
2022-10-18 09:00:00+09:00,1200.0,1200.0,1188.0,1190.0,16300,0.0,0.0
2022-10-18 10:00:00+09:00,1189.0,1189.0,1179.0,1180.0,10900,0.0,0.0
2022-10-18 11:00:00+09:00,1179.0,1181.0,1178.0,1181.0,0,0.0,0.0
2022-10-18 12:00:00+09:00,1182.0,1189.0,1181.0,1189.0,35800,0.0,0.0
2022-10-18 13:00:00+09:00,1190.0,1193.0,1188.0,1191.0,5000,0.0,0.0
2022-10-18 14:00:00+09:00,1191.0,1193.0,1189.0,1189.0,11500,0.0,0.0
2022-10-19 09:00:00+09:00,1183.0,1192.0,1182.0,1186.0,10700,0.0,0.0
2022-10-19 10:00:00+09:00,1185.0,1189.0,1183.0,1187.0,6200,0.0,0.0
2022-10-19 11:00:00+09:00,1186.0,1189.0,1185.0,1189.0,0,0.0,0.0
2022-10-19 12:00:00+09:00,1185.0,1189.0,1182.0,1188.0,30800,0.0,0.0
2022-10-19 13:00:00+09:00,1188.0,1189.0,1184.0,1185.0,6600,0.0,0.0
2022-10-19 14:00:00+09:00,1186.0,1188.0,1184.0,1186.0,9000,0.0,0.0
2022-10-20 09:00:00+09:00,1180.0,1188.0,1178.0,1182.0,12600,0.0,0.0
2022-10-20 10:00:00+09:00,1181.0,1181.0,1180.0,1181.0,3900,0.0,0.0
2022-10-20 11:00:00+09:00,1179.0,1180.0,1178.0,1179.0,0,0.0,0.0
2022-10-20 12:00:00+09:00,1179.0,1181.0,1178.0,1178.0,23400,0.0,0.0
2022-10-20 13:00:00+09:00,1177.0,1184.0,1176.0,1180.0,14600,0.0,0.0
2022-10-20 14:00:00+09:00,1181.0,1182.0,1173.0,1176.0,32700,0.0,0.0
2022-10-21 09:00:00+09:00,1164.0,1171.0,1161.0,1165.0,15700,0.0,0.0
2022-10-21 10:00:00+09:00,1168.0,1168.0,1162.0,1168.0,5800,0.0,0.0
2022-10-21 11:00:00+09:00,1169.0,1174.0,1169.0,1172.0,0,0.0,0.0
2022-10-21 12:00:00+09:00,1168.0,1172.0,1163.0,1163.0,29000,0.0,0.0
2022-10-21 13:00:00+09:00,1165.0,1168.0,1162.0,1168.0,8200,0.0,0.0
2022-10-21 14:00:00+09:00,1168.0,1168.0,1160.0,1161.0,12900,0.0,0.0
2022-10-24 09:00:00+09:00,1175.0,1178.0,1167.0,1170.0,17100,0.0,0.0
2022-10-24 10:00:00+09:00,1169.0,1171.0,1166.0,1171.0,5400,0.0,0.0
2022-10-24 11:00:00+09:00,1170.0,1170.0,1166.0,1166.0,0,0.0,0.0
2022-10-24 12:00:00+09:00,1161.0,1165.0,1161.0,1164.0,28700,0.0,0.0
2022-10-24 13:00:00+09:00,1164.0,1164.0,1158.0,1159.0,10200,0.0,0.0
2022-10-24 14:00:00+09:00,1158.0,1159.0,1155.0,1157.0,13900,0.0,0.0
2022-10-25 09:00:00+09:00,1164.0,1173.0,1164.0,1164.0,10400,0.0,0.0
2022-10-25 10:00:00+09:00,1165.0,1170.0,1163.0,1170.0,8100,0.0,0.0
2022-10-25 11:00:00+09:00,1170.0,1171.0,1170.0,1170.0,0,0.0,0.0
2022-10-25 12:00:00+09:00,1175.0,1176.0,1171.0,1171.0,26500,0.0,0.0
2022-10-25 13:00:00+09:00,1171.0,1173.0,1168.0,1168.0,9400,0.0,0.0
2022-10-25 14:00:00+09:00,1169.0,1170.0,1165.0,1168.0,19300,0.0,0.0
2022-10-26 09:00:00+09:00,1170.0,1173.0,1161.0,1165.0,11500,0.0,0.0
2022-10-26 10:00:00+09:00,1166.0,1169.0,1164.0,1165.0,5300,0.0,0.0
2022-10-26 11:00:00+09:00,1168.0,1170.0,1168.0,1169.0,0,0.0,0.0
2022-10-26 12:00:00+09:00,1169.0,1169.0,1165.0,1166.0,19200,0.0,0.0
2022-10-26 13:00:00+09:00,1164.0,1164.0,1155.0,1163.0,14500,0.0,0.0
2022-10-26 14:00:00+09:00,1162.0,1163.0,1156.0,1159.0,16700,0.0,0.0
2022-10-27 09:00:00+09:00,1156.0,1156.0,1134.0,1140.0,38200,0.0,0.0
2022-10-27 10:00:00+09:00,1140.0,1147.0,1140.0,1145.0,6200,0.0,0.0
2022-10-27 11:00:00+09:00,1146.0,1146.0,1140.0,1141.0,0,0.0,0.0
2022-10-27 12:00:00+09:00,1140.0,1143.0,1137.0,1142.0,61300,0.0,0.0
2022-10-27 13:00:00+09:00,1144.0,1147.0,1143.0,1143.0,8400,0.0,0.0
2022-10-27 14:00:00+09:00,1143.0,1144.0,1139.0,1142.0,31900,0.0,0.0
2022-10-28 09:00:00+09:00,1127.0,1145.0,1120.0,1145.0,29400,0.0,0.0
2022-10-28 10:00:00+09:00,1145.0,1151.0,1145.0,1149.0,14000,0.0,0.0
2022-10-28 11:00:00+09:00,1148.0,1151.0,1147.0,1148.0,0,0.0,0.0
2022-10-28 12:00:00+09:00,1150.0,1152.0,1147.0,1151.0,58900,0.0,0.0
2022-10-28 13:00:00+09:00,1151.0,1154.0,1143.0,1150.0,18200,0.0,0.0
2022-10-28 14:00:00+09:00,1150.0,1151.0,1138.0,1142.0,32900,0.0,0.0
2022-10-31 09:00:00+09:00,1149.0,1165.0,1149.0,1163.0,8100,0.0,0.0
2022-10-31 10:00:00+09:00,1162.0,1171.0,1162.0,1167.0,14500,0.0,0.0
2022-10-31 11:00:00+09:00,1168.0,1173.0,1167.0,1169.0,0,0.0,0.0
2022-10-31 12:00:00+09:00,1165.0,1172.0,1165.0,1171.0,34900,0.0,0.0
2022-10-31 13:00:00+09:00,1170.0,1173.0,1166.0,1168.0,8300,0.0,0.0
2022-10-31 14:00:00+09:00,1167.0,1179.0,1167.0,1176.0,17000,0.0,0.0
2022-11-01 09:00:00+09:00,1176.0,1188.0,1175.0,1176.0,15700,0.0,0.0
2022-11-01 10:00:00+09:00,1177.0,1186.0,1177.0,1185.0,6100,0.0,0.0
2022-11-01 11:00:00+09:00,1187.0,1189.0,1187.0,1188.0,0,0.0,0.0
2022-11-01 12:00:00+09:00,1184.0,1185.0,1180.0,1182.0,30600,0.0,0.0
2022-11-01 13:00:00+09:00,1182.0,1183.0,1176.0,1177.0,8500,0.0,0.0
2022-11-01 14:00:00+09:00,1178.0,1179.0,1176.0,1178.0,9600,0.0,0.0
2022-11-02 09:00:00+09:00,1168.0,1194.0,1168.0,1192.0,18000,0.0,0.0
2022-11-02 10:00:00+09:00,1191.0,1201.0,1190.0,1195.0,9700,0.0,0.0
2022-11-02 11:00:00+09:00,1196.0,1197.0,1194.0,1195.0,0,0.0,0.0
2022-11-02 12:00:00+09:00,1192.0,1195.0,1190.0,1191.0,35200,0.0,0.0
2022-11-02 13:00:00+09:00,1192.0,1196.0,1190.0,1194.0,7700,0.0,0.0
2022-11-02 14:00:00+09:00,1194.0,1202.0,1194.0,1198.0,26200,0.0,0.0
2022-11-04 09:00:00+09:00,1183.0,1195.0,1177.0,1179.0,17600,0.0,0.0
2022-11-04 10:00:00+09:00,1179.0,1179.0,1168.0,1177.0,12600,0.0,0.0
2022-11-04 11:00:00+09:00,1177.0,1179.0,1176.0,1179.0,0,0.0,0.0
2022-11-04 12:00:00+09:00,1179.0,1180.0,1176.0,1176.0,37600,0.0,0.0
2022-11-04 13:00:00+09:00,1175.0,1183.0,1171.0,1183.0,12200,0.0,0.0
2022-11-04 14:00:00+09:00,1183.0,1185.0,1181.0,1184.0,10700,0.0,0.0
2022-11-07 09:00:00+09:00,1197.0,1202.0,1188.0,1200.0,24200,0.0,0.0
2022-11-07 10:00:00+09:00,1200.0,1210.0,1200.0,1209.0,14600,0.0,0.0
2022-11-07 11:00:00+09:00,1208.0,1208.0,1204.0,1206.0,0,0.0,0.0
2022-11-07 12:00:00+09:00,1209.0,1212.0,1207.0,1207.0,47900,0.0,0.0
2022-11-07 13:00:00+09:00,1207.0,1211.0,1207.0,1208.0,6600,0.0,0.0
2022-11-07 14:00:00+09:00,1207.0,1207.0,1203.0,1206.0,7900,0.0,0.0
2022-11-08 09:00:00+09:00,1222.0,1230.0,1210.0,1229.0,36900,0.0,0.0
2022-11-08 10:00:00+09:00,1229.0,1232.0,1227.0,1230.0,13400,0.0,0.0
2022-11-08 11:00:00+09:00,1231.0,1234.0,1229.0,1229.0,0,0.0,0.0
2022-11-08 12:00:00+09:00,1235.0,1236.0,1233.0,1236.0,65100,0.0,0.0
2022-11-08 13:00:00+09:00,1236.0,1238.0,1235.0,1237.0,9500,0.0,0.0
2022-11-08 14:00:00+09:00,1237.0,1239.0,1228.0,1228.0,24200,0.0,0.0
2022-11-09 09:00:00+09:00,1227.0,1234.0,1227.0,1232.0,13700,0.0,0.0
2022-11-09 10:00:00+09:00,1233.0,1233.0,1221.0,1225.0,11100,0.0,0.0
2022-11-09 11:00:00+09:00,1226.0,1226.0,1221.0,1222.0,0,0.0,0.0
2022-11-09 12:00:00+09:00,1217.0,1221.0,1207.0,1210.0,36900,0.0,0.0
2022-11-09 13:00:00+09:00,1210.0,1217.0,1210.0,1213.0,14300,0.0,0.0
2022-11-09 14:00:00+09:00,1215.0,1216.0,1206.0,1208.0,20300,0.0,0.0
2022-11-10 09:00:00+09:00,1209.0,1209.0,1187.0,1192.0,24100,0.0,0.0
2022-11-10 10:00:00+09:00,1192.0,1198.0,1191.0,1198.0,3700,0.0,0.0
2022-11-10 11:00:00+09:00,1197.0,1197.0,1195.0,1195.0,0,0.0,0.0
2022-11-10 12:00:00+09:00,1190.0,1199.0,1190.0,1199.0,33000,0.0,0.0
2022-11-10 13:00:00+09:00,1199.0,1206.0,1199.0,1206.0,5600,0.0,0.0
2022-11-10 14:00:00+09:00,1206.0,1207.0,1205.0,1206.0,10700,0.0,0.0
2022-11-11 09:00:00+09:00,1226.0,1227.0,1215.0,1217.0,17800,0.0,0.0
2022-11-11 10:00:00+09:00,1217.0,1224.0,1215.0,1217.0,9800,0.0,0.0
2022-11-11 11:00:00+09:00,1217.0,1218.0,1216.0,1218.0,0,0.0,0.0
2022-11-11 12:00:00+09:00,1213.0,1214.0,1206.0,1211.0,41400,0.0,0.0
2022-11-11 13:00:00+09:00,1212.0,1220.0,1207.0,1217.0,15900,0.0,0.0
2022-11-11 14:00:00+09:00,1215.0,1217.0,1212.0,1215.0,19600,0.0,0.0
2022-11-14 09:00:00+09:00,1217.0,1217.0,1191.0,1197.0,28500,0.0,0.0
2022-11-14 10:00:00+09:00,1194.0,1203.0,1194.0,1201.0,9200,0.0,0.0
2022-11-14 11:00:00+09:00,1201.0,1202.0,1199.0,1199.0,0,0.0,0.0
2022-11-14 12:00:00+09:00,1185.0,1197.0,1185.0,1187.0,56000,0.0,0.0
2022-11-14 13:00:00+09:00,1187.0,1190.0,1184.0,1185.0,13300,0.0,0.0
2022-11-14 14:00:00+09:00,1186.0,1190.0,1185.0,1185.0,22600,0.0,0.0
2022-11-15 09:00:00+09:00,1209.0,1227.0,1196.0,1202.0,46700,0.0,0.0
2022-11-15 10:00:00+09:00,1203.0,1204.0,1198.0,1200.0,10100,0.0,0.0
2022-11-15 11:00:00+09:00,1199.0,1200.0,1198.0,1199.0,0,0.0,0.0
2022-11-15 12:00:00+09:00,1197.0,1201.0,1193.0,1198.0,68700,0.0,0.0
2022-11-15 13:00:00+09:00,1199.0,1200.0,1195.0,1196.0,11700,0.0,0.0
2022-11-15 14:00:00+09:00,1197.0,1200.0,1194.0,1197.0,24800,0.0,0.0
2022-11-16 09:00:00+09:00,1191.0,1191.0,1165.0,1176.0,20900,0.0,0.0
2022-11-16 10:00:00+09:00,1176.0,1186.0,1174.0,1186.0,31300,0.0,0.0
2022-11-16 11:00:00+09:00,1187.0,1193.0,1187.0,1193.0,0,0.0,0.0
2022-11-16 12:00:00+09:00,1206.0,1206.0,1197.0,1203.0,66800,0.0,0.0
2022-11-16 13:00:00+09:00,1203.0,1210.0,1197.0,1202.0,20900,0.0,0.0
2022-11-16 14:00:00+09:00,1201.0,1202.0,1194.0,1195.0,18500,0.0,0.0
2022-11-17 09:00:00+09:00,1187.0,1191.0,1180.0,1188.0,9600,0.0,0.0
2022-11-17 10:00:00+09:00,1190.0,1194.0,1188.0,1191.0,9600,0.0,0.0
2022-11-17 11:00:00+09:00,1193.0,1194.0,1191.0,1194.0,0,0.0,0.0
2022-11-17 12:00:00+09:00,1194.0,1206.0,1194.0,1206.0,26800,0.0,0.0
2022-11-17 13:00:00+09:00,1206.0,1208.0,1201.0,1203.0,10800,0.0,0.0
2022-11-17 14:00:00+09:00,1203.0,1207.0,1201.0,1206.0,10500,0.0,0.0
2022-11-18 09:00:00+09:00,1215.0,1227.0,1212.0,1227.0,19200,0.0,0.0
2022-11-18 10:00:00+09:00,1226.0,1231.0,1225.0,1227.0,8000,0.0,0.0
2022-11-18 11:00:00+09:00,1226.0,1229.0,1225.0,1229.0,0,0.0,0.0
2022-11-18 12:00:00+09:00,1229.0,1231.0,1224.0,1229.0,38000,0.0,0.0
2022-11-18 13:00:00+09:00,1228.0,1232.0,1227.0,1230.0,6600,0.0,0.0
2022-11-18 14:00:00+09:00,1230.0,1230.0,1226.0,1230.0,10500,0.0,0.0
2022-11-21 09:00:00+09:00,1234.0,1247.0,1230.0,1241.0,18000,0.0,0.0
2022-11-21 10:00:00+09:00,1241.0,1245.0,1238.0,1243.0,10500,0.0,0.0
2022-11-21 11:00:00+09:00,1241.0,1245.0,1241.0,1245.0,0,0.0,0.0
2022-11-21 12:00:00+09:00,1240.0,1247.0,1240.0,1242.0,47100,0.0,0.0
2022-11-21 13:00:00+09:00,1242.0,1242.0,1240.0,1240.0,11300,0.0,0.0
2022-11-21 14:00:00+09:00,1241.0,1248.0,1239.0,1247.0,30000,0.0,0.0
2022-11-22 09:00:00+09:00,1244.0,1258.0,1244.0,1256.0,24600,0.0,0.0
2022-11-22 10:00:00+09:00,1257.0,1262.0,1256.0,1259.0,17300,0.0,0.0
2022-11-22 11:00:00+09:00,1259.0,1259.0,1258.0,1259.0,0,0.0,0.0
2022-11-22 12:00:00+09:00,1260.0,1267.0,1260.0,1262.0,70100,0.0,0.0
2022-11-22 13:00:00+09:00,1260.0,1265.0,1260.0,1261.0,13900,0.0,0.0
2022-11-22 14:00:00+09:00,1261.0,1267.0,1261.0,1267.0,30000,0.0,0.0
2022-11-24 09:00:00+09:00,1279.0,1294.0,1279.0,1285.0,38500,0.0,0.0
2022-11-24 10:00:00+09:00,1286.0,1287.0,1283.0,1285.0,18000,0.0,0.0
2022-11-24 11:00:00+09:00,1284.0,1288.0,1283.0,1288.0,0,0.0,0.0
2022-11-24 12:00:00+09:00,1286.0,1287.0,1283.0,1285.0,71000,0.0,0.0
2022-11-24 13:00:00+09:00,1285.0,1288.0,1283.0,1284.0,12200,0.0,0.0
2022-11-24 14:00:00+09:00,1283.0,1285.0,1272.0,1276.0,24900,0.0,0.0
2022-11-25 09:00:00+09:00,1288.0,1302.0,1287.0,1300.0,47400,0.0,0.0
2022-11-25 10:00:00+09:00,1300.0,1303.0,1297.0,1301.0,14200,0.0,0.0
2022-11-25 11:00:00+09:00,1301.0,1301.0,1294.0,1298.0,0,0.0,0.0
2022-11-25 12:00:00+09:00,1295.0,1302.0,1295.0,1302.0,75700,0.0,0.0
2022-11-25 13:00:00+09:00,1302.0,1303.0,1296.0,1303.0,9900,0.0,0.0
2022-11-25 14:00:00+09:00,1303.0,1308.0,1302.0,1308.0,19700,0.0,0.0
2022-11-28 09:00:00+09:00,1310.0,1315.0,1306.0,1311.0,28500,0.0,0.0
2022-11-28 10:00:00+09:00,1311.0,1316.0,1304.0,1310.0,41900,0.0,0.0
2022-11-28 11:00:00+09:00,1310.0,1312.0,1309.0,1310.0,0,0.0,0.0
2022-11-28 12:00:00+09:00,1305.0,1309.0,1301.0,1306.0,97300,0.0,0.0
2022-11-28 13:00:00+09:00,1307.0,1309.0,1302.0,1308.0,30100,0.0,0.0
2022-11-28 14:00:00+09:00,1309.0,1312.0,1307.0,1308.0,22600,0.0,0.0
2022-11-29 09:00:00+09:00,1306.0,1308.0,1290.0,1293.0,18600,0.0,0.0
2022-11-29 10:00:00+09:00,1293.0,1296.0,1291.0,1293.0,10400,0.0,0.0
2022-11-29 11:00:00+09:00,1293.0,1293.0,1281.0,1281.0,0,0.0,0.0
2022-11-29 12:00:00+09:00,1280.0,1286.0,1278.0,1284.0,50400,0.0,0.0
2022-11-29 13:00:00+09:00,1285.0,1289.0,1284.0,1284.0,9100,0.0,0.0
2022-11-29 14:00:00+09:00,1286.0,1286.0,1276.0,1280.0,36100,0.0,0.0
2022-11-30 09:00:00+09:00,1271.0,1279.0,1263.0,1268.0,13500,0.0,0.0
2022-11-30 10:00:00+09:00,1268.0,1271.0,1263.0,1270.0,8900,0.0,0.0
2022-11-30 11:00:00+09:00,1268.0,1268.0,1262.0,1264.0,0,0.0,0.0
2022-11-30 12:00:00+09:00,1262.0,1262.0,1252.0,1253.0,37400,0.0,0.0
2022-11-30 13:00:00+09:00,1254.0,1263.0,1252.0,1263.0,15700,0.0,0.0
2022-11-30 14:00:00+09:00,1262.0,1262.0,1253.0,1258.0,26200,0.0,0.0
2022-12-01 09:00:00+09:00,1267.0,1267.0,1245.0,1252.0,27700,0.0,0.0
2022-12-01 10:00:00+09:00,1252.0,1254.0,1249.0,1250.0,14100,0.0,0.0
2022-12-01 11:00:00+09:00,1250.0,1251.0,1250.0,1251.0,0,0.0,0.0
2022-12-01 12:00:00+09:00,1253.0,1254.0,1248.0,1248.0,52300,0.0,0.0
2022-12-01 13:00:00+09:00,1248.0,1249.0,1247.0,1249.0,9400,0.0,0.0
2022-12-01 14:00:00+09:00,1249.0,1250.0,1243.0,1243.0,24300,0.0,0.0
2022-12-02 09:00:00+09:00,1229.0,1229.0,1200.0,1201.0,25200,0.0,0.0
2022-12-02 10:00:00+09:00,1200.0,1201.0,1186.0,1191.0,30000,0.0,0.0
2022-12-02 11:00:00+09:00,1192.0,1193.0,1189.0,1189.0,0,0.0,0.0
2022-12-02 12:00:00+09:00,1190.0,1204.0,1190.0,1203.0,71700,0.0,0.0
2022-12-02 13:00:00+09:00,1202.0,1205.0,1201.0,1204.0,8300,0.0,0.0
2022-12-02 14:00:00+09:00,1205.0,1205.0,1200.0,1201.0,23000,0.0,0.0
2022-12-05 09:00:00+09:00,1202.0,1202.0,1177.0,1192.0,35600,0.0,0.0
2022-12-05 10:00:00+09:00,1193.0,1201.0,1192.0,1201.0,15600,0.0,0.0
2022-12-05 11:00:00+09:00,1201.0,1204.0,1198.0,1201.0,0,0.0,0.0
2022-12-05 12:00:00+09:00,1202.0,1209.0,1201.0,1207.0,71200,0.0,0.0
2022-12-05 13:00:00+09:00,1207.0,1207.0,1203.0,1206.0,20000,0.0,0.0
2022-12-05 14:00:00+09:00,1205.0,1211.0,1203.0,1211.0,27500,0.0,0.0
2022-12-06 09:00:00+09:00,1208.0,1215.0,1203.0,1208.0,16100,0.0,0.0
2022-12-06 10:00:00+09:00,1207.0,1214.0,1205.0,1212.0,23500,0.0,0.0
2022-12-06 11:00:00+09:00,1214.0,1216.0,1213.0,1215.0,0,0.0,0.0
2022-12-06 12:00:00+09:00,1218.0,1222.0,1214.0,1220.0,56700,0.0,0.0
2022-12-06 13:00:00+09:00,1219.0,1223.0,1216.0,1222.0,14200,0.0,0.0
2022-12-06 14:00:00+09:00,1222.0,1223.0,1212.0,1216.0,55600,0.0,0.0
2022-12-07 09:00:00+09:00,1210.0,1217.0,1210.0,1214.0,0,0.0,0.0
2022-12-07 10:00:00+09:00,1215.0,1222.0,1215.0,1216.0,33100,0.0,0.0
2022-12-07 11:00:00+09:00,1216.0,1217.0,1215.0,1215.0,0,0.0,0.0
2022-12-07 12:00:00+09:00,1216.0,1216.0,1213.0,1213.0,36500,0.0,0.0
2022-12-07 13:00:00+09:00,1213.0,1213.0,1205.0,1205.0,6100,0.0,0.0
2022-12-07 14:00:00+09:00,1204.0,1205.0,1192.0,1193.0,29500,0.0,0.0
2022-12-08 09:00:00+09:00,1191.0,1191.0,1158.0,1162.0,23900,0.0,0.0
2022-12-08 10:00:00+09:00,1163.0,1165.0,1160.0,1163.0,8400,0.0,0.0
2022-12-08 11:00:00+09:00,1163.0,1163.0,1159.0,1159.0,0,0.0,0.0
2022-12-08 12:00:00+09:00,1160.0,1163.0,1159.0,1160.0,44200,0.0,0.0
2022-12-08 13:00:00+09:00,1160.0,1160.0,1154.0,1155.0,10000,0.0,0.0
2022-12-08 14:00:00+09:00,1155.0,1159.0,1151.0,1159.0,13100,0.0,0.0
2022-12-09 09:00:00+09:00,1165.0,1181.0,1163.0,1180.0,34300,0.0,0.0
2022-12-09 10:00:00+09:00,1179.0,1179.0,1168.0,1170.0,8900,0.0,0.0
2022-12-09 11:00:00+09:00,1170.0,1171.0,1169.0,1171.0,0,0.0,0.0
2022-12-09 12:00:00+09:00,1171.0,1172.0,1168.0,1169.0,51300,0.0,0.0
2022-12-09 13:00:00+09:00,1170.0,1172.0,1169.0,1169.0,3800,0.0,0.0
2022-12-09 14:00:00+09:00,1168.0,1170.0,1166.0,1167.0,16200,0.0,0.0
2022-12-12 09:00:00+09:00,1170.0,1180.0,1166.0,1176.0,40900,0.0,0.0
2022-12-12 10:00:00+09:00,1176.0,1184.0,1176.0,1183.0,9500,0.0,0.0
2022-12-12 11:00:00+09:00,1182.0,1188.0,1182.0,1188.0,0,0.0,0.0
2022-12-12 12:00:00+09:00,1188.0,1193.0,1187.0,1187.0,72100,0.0,0.0
2022-12-12 13:00:00+09:00,1188.0,1193.0,1188.0,1192.0,8700,0.0,0.0
2022-12-12 14:00:00+09:00,1191.0,1199.0,1187.0,1196.0,54800,0.0,0.0
2022-12-13 09:00:00+09:00,1218.0,1228.0,1212.0,1221.0,58100,0.0,0.0
2022-12-13 10:00:00+09:00,1220.0,1231.0,1219.0,1227.0,11500,0.0,0.0
2022-12-13 11:00:00+09:00,1229.0,1230.0,1222.0,1222.0,0,0.0,0.0
2022-12-13 12:00:00+09:00,1222.0,1225.0,1220.0,1220.0,96500,0.0,0.0
2022-12-13 13:00:00+09:00,1220.0,1221.0,1213.0,1215.0,20700,0.0,0.0
2022-12-13 14:00:00+09:00,1215.0,1218.0,1213.0,1216.0,8300,0.0,0.0
2022-12-14 09:00:00+09:00,1221.0,1229.0,1212.0,1228.0,33100,0.0,0.0
2022-12-14 10:00:00+09:00,1227.0,1227.0,1220.0,1222.0,6200,0.0,0.0
2022-12-14 11:00:00+09:00,1221.0,1221.0,1219.0,1221.0,0,0.0,0.0
2022-12-14 12:00:00+09:00,1220.0,1220.0,1218.0,1218.0,47400,0.0,0.0
2022-12-14 13:00:00+09:00,1217.0,1224.0,1217.0,1220.0,0,0.0,0.0
2022-12-14 14:00:00+09:00,1220.0,1220.0,1214.0,1220.0,83600,0.0,0.0
2022-12-15 09:00:00+09:00,1201.0,1211.0,1193.0,1204.0,15000,0.0,0.0
2022-12-15 10:00:00+09:00,1203.0,1208.0,1203.0,1205.0,4600,0.0,0.0
2022-12-15 11:00:00+09:00,1206.0,1206.0,1205.0,1205.0,0,0.0,0.0
2022-12-15 12:00:00+09:00,1207.0,1207.0,1203.0,1203.0,24500,0.0,0.0
2022-12-15 13:00:00+09:00,1202.0,1207.0,1202.0,1204.0,7700,0.0,0.0
2022-12-15 14:00:00+09:00,1203.0,1206.0,1202.0,1203.0,11700,0.0,0.0
2022-12-16 09:00:00+09:00,1191.0,1196.0,1188.0,1192.0,6400,0.0,0.0
2022-12-16 10:00:00+09:00,1191.0,1195.0,1185.0,1195.0,11000,0.0,0.0
2022-12-16 11:00:00+09:00,1196.0,1197.0,1195.0,1197.0,0,0.0,0.0
2022-12-16 12:00:00+09:00,1197.0,1197.0,1190.0,1190.0,25800,0.0,0.0
2022-12-16 13:00:00+09:00,1189.0,1189.0,1184.0,1185.0,9400,0.0,0.0
2022-12-16 14:00:00+09:00,1185.0,1189.0,1182.0,1183.0,29300,0.0,0.0
2022-12-19 09:00:00+09:00,1169.0,1184.0,1168.0,1184.0,0,0.0,0.0
2022-12-19 10:00:00+09:00,1183.0,1184.0,1182.0,1184.0,23200,0.0,0.0
2022-12-19 11:00:00+09:00,1183.0,1187.0,1183.0,1186.0,0,0.0,0.0
2022-12-19 12:00:00+09:00,1187.0,1187.0,1177.0,1180.0,32400,0.0,0.0
2022-12-19 13:00:00+09:00,1179.0,1179.0,1172.0,1178.0,8100,0.0,0.0
2022-12-19 14:00:00+09:00,1177.0,1177.0,1173.0,1175.0,5700,0.0,0.0
2022-12-20 09:00:00+09:00,1177.0,1186.0,1177.0,1178.0,0,0.0,0.0
2022-12-20 10:00:00+09:00,1177.0,1177.0,1170.0,1177.0,13600,0.0,0.0
2022-12-20 11:00:00+09:00,1176.0,1177.0,1175.0,1175.0,0,0.0,0.0
2022-12-20 12:00:00+09:00,1150.0,1167.0,1141.0,1152.0,48500,0.0,0.0
2022-12-20 13:00:00+09:00,1152.0,1157.0,1147.0,1152.0,25700,0.0,0.0
2022-12-20 14:00:00+09:00,1151.0,1159.0,1145.0,1159.0,23000,0.0,0.0
2022-12-21 09:00:00+09:00,1154.0,1159.0,1122.0,1128.0,24300,0.0,0.0
2022-12-21 10:00:00+09:00,1128.0,1139.0,1125.0,1134.0,9200,0.0,0.0
2022-12-21 11:00:00+09:00,1134.0,1138.0,1122.0,1126.0,0,0.0,0.0
2022-12-21 12:00:00+09:00,1121.0,1121.0,1108.0,1111.0,54900,0.0,0.0
2022-12-21 13:00:00+09:00,1111.0,1111.0,1103.0,1107.0,0,0.0,0.0
2022-12-21 14:00:00+09:00,1104.0,1118.0,1103.0,1115.0,106500,0.0,0.0
2022-12-22 09:00:00+09:00,1122.0,1134.0,1121.0,1132.0,13100,0.0,0.0
2022-12-22 10:00:00+09:00,1131.0,1131.0,1127.0,1129.0,10300,0.0,0.0
2022-12-22 11:00:00+09:00,1129.0,1132.0,1129.0,1132.0,0,0.0,0.0
2022-12-22 12:00:00+09:00,1130.0,1130.0,1128.0,1129.0,34100,0.0,0.0
2022-12-22 13:00:00+09:00,1128.0,1131.0,1126.0,1130.0,9500,0.0,0.0
2022-12-22 14:00:00+09:00,1130.0,1132.0,1128.0,1132.0,15800,0.0,0.0
2022-12-23 09:00:00+09:00,1116.0,1116.0,1098.0,1111.0,0,0.0,0.0
2022-12-23 10:00:00+09:00,1111.0,1116.0,1110.0,1113.0,39800,0.0,0.0
2022-12-23 11:00:00+09:00,1113.0,1115.0,1111.0,1115.0,0,0.0,0.0
2022-12-23 12:00:00+09:00,1115.0,1115.0,1108.0,1111.0,54700,0.0,0.0
2022-12-23 13:00:00+09:00,1110.0,1111.0,1107.0,1110.0,10600,0.0,0.0
2022-12-23 14:00:00+09:00,1109.0,1112.0,1105.0,1110.0,34500,0.0,0.0
2022-12-26 09:00:00+09:00,1107.0,1123.0,1107.0,1115.0,12300,0.0,0.0
2022-12-26 10:00:00+09:00,1114.0,1121.0,1114.0,1120.0,5500,0.0,0.0
2022-12-26 11:00:00+09:00,1120.0,1120.0,1119.0,1120.0,0,0.0,0.0
2022-12-26 12:00:00+09:00,1118.0,1121.0,1118.0,1120.0,25800,0.0,0.0
2022-12-26 13:00:00+09:00,1119.0,1119.0,1114.0,1115.0,6800,0.0,0.0
2022-12-26 14:00:00+09:00,1115.0,1118.0,1114.0,1116.0,13000,0.0,0.0
2022-12-27 09:00:00+09:00,1131.0,1131.0,1113.0,1118.0,14100,0.0,0.0
2022-12-27 10:00:00+09:00,1119.0,1123.0,1115.0,1115.0,4800,0.0,0.0
2022-12-27 11:00:00+09:00,1115.0,1117.0,1115.0,1117.0,0,0.0,0.0
2022-12-27 12:00:00+09:00,1117.0,1117.0,1113.0,1117.0,25800,0.0,0.0
2022-12-27 13:00:00+09:00,1116.0,1118.0,1116.0,1117.0,5500,0.0,0.0
2022-12-27 14:00:00+09:00,1117.0,1117.0,1114.0,1117.0,7800,0.0,0.0
2022-12-28 09:00:00+09:00,1117.0,1119.0,1108.0,1115.0,7300,0.0,0.0
2022-12-28 10:00:00+09:00,1114.0,1118.0,1111.0,1117.0,6100,0.0,0.0
2022-12-28 11:00:00+09:00,1118.0,1119.0,1117.0,1119.0,0,0.0,0.0
2022-12-28 12:00:00+09:00,1113.0,1118.0,1112.0,1115.0,22000,0.0,0.0
2022-12-28 13:00:00+09:00,1114.0,1114.0,1112.0,1112.0,5100,0.0,0.0
2022-12-28 14:00:00+09:00,1112.0,1120.0,1109.0,1120.0,14700,0.0,0.0
2022-12-29 09:00:00+09:00,1117.0,1121.0,1113.0,1117.0,14300,0.0,0.0
2022-12-29 10:00:00+09:00,1119.0,1122.0,1118.0,1119.0,6000,0.0,0.0
2022-12-29 11:00:00+09:00,1120.0,1120.0,1118.0,1118.0,0,0.0,0.0
2022-12-29 12:00:00+09:00,1123.0,1127.0,1120.0,1126.0,26900,0.0,0.0
2022-12-29 13:00:00+09:00,1126.0,1126.0,1125.0,1125.0,3100,0.0,0.0
2022-12-29 14:00:00+09:00,1126.0,1133.0,1125.0,1133.0,11000,0.0,0.0
2022-12-30 09:00:00+09:00,1135.0,1143.0,1128.0,1137.0,16900,0.0,0.0
2022-12-30 10:00:00+09:00,1137.0,1143.0,1137.0,1142.0,3500,0.0,0.0
2022-12-30 11:00:00+09:00,1142.0,1144.0,1141.0,1141.0,0,0.0,0.0
2022-12-30 12:00:00+09:00,1141.0,1144.0,1141.0,1142.0,23300,0.0,0.0
2022-12-30 13:00:00+09:00,1143.0,1143.0,1138.0,1140.0,7100,0.0,0.0
2022-12-30 14:00:00+09:00,1141.0,1141.0,1135.0,1135.0,24600,0.0,0.0
2023-01-04 09:00:00+09:00,1120.0,1140.0,1109.0,1139.0,27300,0.0,0.0
2023-01-04 10:00:00+09:00,1139.0,1141.0,1135.0,1136.0,13400,0.0,0.0
2023-01-04 11:00:00+09:00,1136.0,1138.0,1136.0,1138.0,0,0.0,0.0
2023-01-04 12:00:00+09:00,1138.0,1139.0,1133.0,1133.0,48800,0.0,0.0
2023-01-04 13:00:00+09:00,1134.0,1135.0,1132.0,1133.0,14500,0.0,0.0
2023-01-04 14:00:00+09:00,1132.0,1134.0,1128.0,1128.0,17500,0.0,0.0
2023-01-05 09:00:00+09:00,1118.0,1144.0,1114.0,1143.0,21400,0.0,0.0
2023-01-05 10:00:00+09:00,1142.0,1147.0,1141.0,1145.0,11200,0.0,0.0
2023-01-05 11:00:00+09:00,1145.0,1145.0,1139.0,1140.0,0,0.0,0.0
2023-01-05 12:00:00+09:00,1140.0,1141.0,1138.0,1138.0,42900,0.0,0.0
2023-01-05 13:00:00+09:00,1138.0,1144.0,1137.0,1144.0,3900,0.0,0.0
2023-01-05 14:00:00+09:00,1144.0,1147.0,1144.0,1146.0,10600,0.0,0.0
2023-01-06 09:00:00+09:00,1146.0,1151.0,1140.0,1140.0,0,0.0,0.0
2023-01-06 10:00:00+09:00,1136.0,1148.0,1135.0,1148.0,19200,0.0,0.0
2023-01-06 11:00:00+09:00,1148.0,1149.0,1146.0,1148.0,0,0.0,0.0
2023-01-06 12:00:00+09:00,1147.0,1151.0,1147.0,1149.0,24100,0.0,0.0
2023-01-06 13:00:00+09:00,1149.0,1151.0,1148.0,1151.0,4500,0.0,0.0
2023-01-06 14:00:00+09:00,1150.0,1150.0,1143.0,1148.0,14900,0.0,0.0
2023-01-10 09:00:00+09:00,1162.0,1165.0,1153.0,1161.0,17100,0.0,0.0
2023-01-10 10:00:00+09:00,1161.0,1162.0,1159.0,1159.0,7700,0.0,0.0
2023-01-10 11:00:00+09:00,1158.0,1159.0,1155.0,1155.0,0,0.0,0.0
2023-01-10 12:00:00+09:00,1155.0,1155.0,1152.0,1155.0,31400,0.0,0.0
2023-01-10 13:00:00+09:00,1156.0,1159.0,1150.0,1155.0,24800,0.0,0.0
2023-01-10 14:00:00+09:00,1154.0,1157.0,1152.0,1152.0,12900,0.0,0.0
2023-01-11 09:00:00+09:00,1155.0,1159.0,1152.0,1156.0,9800,0.0,0.0
2023-01-11 10:00:00+09:00,1156.0,1157.0,1153.0,1156.0,6500,0.0,0.0
2023-01-11 11:00:00+09:00,1155.0,1155.0,1154.0,1154.0,0,0.0,0.0
2023-01-11 12:00:00+09:00,1154.0,1158.0,1154.0,1158.0,22200,0.0,0.0
2023-01-11 13:00:00+09:00,1157.0,1157.0,1152.0,1153.0,2700,0.0,0.0
2023-01-11 14:00:00+09:00,1153.0,1153.0,1150.0,1151.0,10300,0.0,0.0
2023-01-12 09:00:00+09:00,1160.0,1166.0,1151.0,1162.0,0,0.0,0.0
2023-01-12 10:00:00+09:00,1161.0,1161.0,1155.0,1156.0,71900,0.0,0.0
2023-01-12 11:00:00+09:00,1155.0,1161.0,1155.0,1161.0,0,0.0,0.0
2023-01-12 12:00:00+09:00,1165.0,1167.0,1162.0,1163.0,80900,0.0,0.0
2023-01-12 13:00:00+09:00,1162.0,1162.0,1158.0,1161.0,5500,0.0,0.0
2023-01-12 14:00:00+09:00,1161.0,1162.0,1157.0,1158.0,21800,0.0,0.0
2023-01-13 09:00:00+09:00,1170.0,1170.0,1151.0,1163.0,0,0.0,0.0
2023-01-13 10:00:00+09:00,1163.0,1166.0,1158.0,1166.0,69400,0.0,0.0
2023-01-13 11:00:00+09:00,1166.0,1166.0,1163.0,1164.0,0,0.0,0.0
2023-01-13 12:00:00+09:00,1160.0,1162.0,1156.0,1161.0,80400,0.0,0.0
2023-01-13 13:00:00+09:00,1160.0,1162.0,1154.0,1155.0,16700,0.0,0.0
2023-01-13 14:00:00+09:00,1155.0,1158.0,1151.0,1156.0,24700,0.0,0.0
2023-01-16 09:00:00+09:00,1153.0,1156.0,1144.0,1154.0,20200,0.0,0.0
2023-01-16 10:00:00+09:00,1153.0,1155.0,1148.0,1149.0,11000,0.0,0.0
2023-01-16 11:00:00+09:00,1148.0,1150.0,1147.0,1147.0,0,0.0,0.0
2023-01-16 12:00:00+09:00,1147.0,1147.0,1139.0,1141.0,39600,0.0,0.0
2023-01-16 13:00:00+09:00,1140.0,1145.0,1139.0,1145.0,8300,0.0,0.0
2023-01-16 14:00:00+09:00,1143.0,1144.0,1138.0,1141.0,15400,0.0,0.0
2023-01-17 09:00:00+09:00,1142.0,1169.0,1142.0,1162.0,10300,0.0,0.0
2023-01-17 10:00:00+09:00,1163.0,1165.0,1161.0,1162.0,0,0.0,0.0
2023-01-17 11:00:00+09:00,1163.0,1164.0,1161.0,1162.0,0,0.0,0.0
2023-01-17 12:00:00+09:00,1161.0,1167.0,1161.0,1163.0,24500,0.0,0.0
2023-01-17 13:00:00+09:00,1163.0,1166.0,1161.0,1164.0,12900,0.0,0.0
2023-01-17 14:00:00+09:00,1165.0,1169.0,1164.0,1168.0,16200,0.0,0.0
2023-01-18 09:00:00+09:00,1174.0,1183.0,1165.0,1182.0,15200,0.0,0.0
2023-01-18 10:00:00+09:00,1182.0,1183.0,1175.0,1180.0,14400,0.0,0.0
2023-01-18 11:00:00+09:00,1180.0,1182.0,1179.0,1182.0,0,0.0,0.0
2023-01-18 12:00:00+09:00,1200.0,1208.0,1191.0,1196.0,54400,0.0,0.0
2023-01-18 13:00:00+09:00,1196.0,1198.0,1191.0,1195.0,22400,0.0,0.0
2023-01-18 14:00:00+09:00,1195.0,1195.0,1191.0,1193.0,11500,0.0,0.0
2023-01-19 09:00:00+09:00,1179.0,1184.0,1166.0,1171.0,11400,0.0,0.0
2023-01-19 10:00:00+09:00,1169.0,1174.0,1167.0,1174.0,8300,0.0,0.0
2023-01-19 11:00:00+09:00,1172.0,1173.0,1166.0,1166.0,0,0.0,0.0
2023-01-19 12:00:00+09:00,1165.0,1172.0,1165.0,1166.0,30200,0.0,0.0
2023-01-19 13:00:00+09:00,1166.0,1168.0,1163.0,1164.0,7300,0.0,0.0
2023-01-19 14:00:00+09:00,1164.0,1165.0,1158.0,1160.0,16500,0.0,0.0
2023-01-20 09:00:00+09:00,1165.0,1170.0,1158.0,1170.0,29100,0.0,0.0
2023-01-20 10:00:00+09:00,1169.0,1171.0,1168.0,1171.0,3000,0.0,0.0
2023-01-20 11:00:00+09:00,1171.0,1171.0,1168.0,1168.0,0,0.0,0.0
2023-01-20 12:00:00+09:00,1168.0,1171.0,1168.0,1170.0,39400,0.0,0.0
2023-01-20 13:00:00+09:00,1170.0,1173.0,1169.0,1173.0,5700,0.0,0.0
2023-01-20 14:00:00+09:00,1173.0,1178.0,1173.0,1175.0,10600,0.0,0.0
2023-01-23 09:00:00+09:00,1179.0,1189.0,1175.0,1182.0,22000,0.0,0.0
2023-01-23 10:00:00+09:00,1182.0,1191.0,1182.0,1191.0,8800,0.0,0.0
2023-01-23 11:00:00+09:00,1191.0,1194.0,1191.0,1194.0,0,0.0,0.0
2023-01-23 12:00:00+09:00,1192.0,1196.0,1191.0,1196.0,41000,0.0,0.0
2023-01-23 13:00:00+09:00,1196.0,1197.0,1191.0,1197.0,24000,0.0,0.0
2023-01-23 14:00:00+09:00,1195.0,1201.0,1194.0,1200.0,29900,0.0,0.0
2023-01-24 09:00:00+09:00,1207.0,1214.0,1206.0,1214.0,17600,0.0,0.0
2023-01-24 10:00:00+09:00,1213.0,1221.0,1209.0,1218.0,14100,0.0,0.0
2023-01-24 11:00:00+09:00,1219.0,1220.0,1217.0,1219.0,0,0.0,0.0
2023-01-24 12:00:00+09:00,1219.0,1220.0,1213.0,1217.0,44400,0.0,0.0
2023-01-24 13:00:00+09:00,1217.0,1221.0,1217.0,1219.0,10200,0.0,0.0
2023-01-24 14:00:00+09:00,1220.0,1222.0,1217.0,1217.0,16100,0.0,0.0
2023-01-25 09:00:00+09:00,1218.0,1230.0,1217.0,1224.0,16300,0.0,0.0
2023-01-25 10:00:00+09:00,1225.0,1236.0,1224.0,1234.0,18000,0.0,0.0
2023-01-25 11:00:00+09:00,1233.0,1234.0,1232.0,1234.0,0,0.0,0.0
2023-01-25 12:00:00+09:00,1237.0,1237.0,1235.0,1236.0,39000,0.0,0.0
2023-01-25 13:00:00+09:00,1236.0,1236.0,1234.0,1235.0,7500,0.0,0.0
2023-01-25 14:00:00+09:00,1234.0,1237.0,1230.0,1231.0,22900,0.0,0.0
2023-01-26 09:00:00+09:00,1223.0,1227.0,1213.0,1217.0,22700,0.0,0.0
2023-01-26 10:00:00+09:00,1217.0,1224.0,1217.0,1222.0,15100,0.0,0.0
2023-01-26 11:00:00+09:00,1222.0,1223.0,1219.0,1219.0,0,0.0,0.0
2023-01-26 12:00:00+09:00,1217.0,1219.0,1216.0,1217.0,50600,0.0,0.0
2023-01-26 13:00:00+09:00,1217.0,1217.0,1215.0,1215.0,8500,0.0,0.0
2023-01-26 14:00:00+09:00,1215.0,1222.0,1215.0,1219.0,13000,0.0,0.0
2023-01-27 09:00:00+09:00,1220.0,1224.0,1205.0,1215.0,0,0.0,0.0
2023-01-27 10:00:00+09:00,1216.0,1220.0,1213.0,1219.0,36100,0.0,0.0
2023-01-27 11:00:00+09:00,1220.0,1223.0,1220.0,1221.0,0,0.0,0.0
2023-01-27 12:00:00+09:00,1220.0,1224.0,1217.0,1217.0,52700,0.0,0.0
2023-01-27 13:00:00+09:00,1218.0,1226.0,1218.0,1224.0,12800,0.0,0.0
2023-01-27 14:00:00+09:00,1224.0,1225.0,1221.0,1225.0,8100,0.0,0.0
2023-01-30 09:00:00+09:00,1225.0,1235.0,1225.0,1231.0,9800,0.0,0.0
2023-01-30 10:00:00+09:00,1232.0,1239.0,1231.0,1238.0,8500,0.0,0.0
2023-01-30 11:00:00+09:00,1238.0,1240.0,1238.0,1240.0,0,0.0,0.0
2023-01-30 12:00:00+09:00,1233.0,1240.0,1233.0,1239.0,27400,0.0,0.0
2023-01-30 13:00:00+09:00,1238.0,1240.0,1235.0,1235.0,10500,0.0,0.0
2023-01-30 14:00:00+09:00,1234.0,1237.0,1232.0,1236.0,17500,0.0,0.0
2023-01-31 09:00:00+09:00,1248.0,1264.0,1244.0,1255.0,18900,0.0,0.0
2023-01-31 10:00:00+09:00,1255.0,1257.0,1252.0,1256.0,4800,0.0,0.0
2023-01-31 11:00:00+09:00,1255.0,1261.0,1255.0,1258.0,0,0.0,0.0
2023-01-31 12:00:00+09:00,1258.0,1261.0,1255.0,1260.0,32500,0.0,0.0
2023-01-31 13:00:00+09:00,1259.0,1263.0,1259.0,1259.0,4800,0.0,0.0
2023-01-31 14:00:00+09:00,1257.0,1265.0,1257.0,1263.0,21000,0.0,0.0
2023-02-01 09:00:00+09:00,1269.0,1282.0,1268.0,1269.0,22000,0.0,0.0
2023-02-01 10:00:00+09:00,1268.0,1270.0,1267.0,1267.0,5300,0.0,0.0
2023-02-01 11:00:00+09:00,1268.0,1269.0,1268.0,1268.0,0,0.0,0.0
2023-02-01 12:00:00+09:00,1268.0,1271.0,1265.0,1268.0,36200,0.0,0.0
2023-02-01 13:00:00+09:00,1268.0,1269.0,1266.0,1267.0,8800,0.0,0.0
2023-02-01 14:00:00+09:00,1266.0,1266.0,1263.0,1266.0,7300,0.0,0.0
2023-02-02 09:00:00+09:00,1273.0,1276.0,1260.0,1269.0,12600,0.0,0.0
2023-02-02 10:00:00+09:00,1267.0,1269.0,1265.0,1269.0,6100,0.0,0.0
2023-02-02 11:00:00+09:00,1268.0,1269.0,1265.0,1266.0,0,0.0,0.0
2023-02-02 12:00:00+09:00,1267.0,1268.0,1259.0,1263.0,28900,0.0,0.0
2023-02-02 13:00:00+09:00,1264.0,1266.0,1264.0,1266.0,11900,0.0,0.0
2023-02-02 14:00:00+09:00,1266.0,1268.0,1256.0,1258.0,12600,0.0,0.0
2023-02-03 09:00:00+09:00,1251.0,1262.0,1248.0,1257.0,15200,0.0,0.0
2023-02-03 10:00:00+09:00,1257.0,1260.0,1255.0,1255.0,5600,0.0,0.0
2023-02-03 11:00:00+09:00,1255.0,1256.0,1252.0,1255.0,0,0.0,0.0
2023-02-03 12:00:00+09:00,1250.0,1253.0,1249.0,1251.0,29500,0.0,0.0
2023-02-03 13:00:00+09:00,1250.0,1253.0,1247.0,1248.0,6500,0.0,0.0
2023-02-03 14:00:00+09:00,1249.0,1253.0,1247.0,1252.0,11300,0.0,0.0
2023-02-06 09:00:00+09:00,1274.0,1280.0,1257.0,1268.0,24300,0.0,0.0
2023-02-06 10:00:00+09:00,1268.0,1273.0,1267.0,1273.0,14900,0.0,0.0
2023-02-06 11:00:00+09:00,1274.0,1274.0,1264.0,1267.0,0,0.0,0.0
2023-02-06 12:00:00+09:00,1266.0,1268.0,1261.0,1262.0,56200,0.0,0.0
2023-02-06 13:00:00+09:00,1262.0,1264.0,1260.0,1262.0,10000,0.0,0.0
2023-02-06 14:00:00+09:00,1262.0,1263.0,1258.0,1261.0,17300,0.0,0.0
2023-02-07 09:00:00+09:00,1268.0,1277.0,1261.0,1264.0,12200,0.0,0.0
2023-02-07 10:00:00+09:00,1264.0,1264.0,1254.0,1260.0,6900,0.0,0.0
2023-02-07 11:00:00+09:00,1260.0,1261.0,1260.0,1261.0,0,0.0,0.0
2023-02-07 12:00:00+09:00,1265.0,1268.0,1265.0,1267.0,24100,0.0,0.0
2023-02-07 13:00:00+09:00,1267.0,1267.0,1260.0,1260.0,4300,0.0,0.0
2023-02-07 14:00:00+09:00,1260.0,1266.0,1260.0,1264.0,5700,0.0,0.0
2023-02-08 09:00:00+09:00,1261.0,1264.0,1247.0,1248.0,28100,0.0,0.0
2023-02-08 10:00:00+09:00,1247.0,1248.0,1244.0,1245.0,3000,0.0,0.0
2023-02-08 11:00:00+09:00,1245.0,1245.0,1243.0,1243.0,0,0.0,0.0
2023-02-08 12:00:00+09:00,1242.0,1248.0,1241.0,1248.0,35800,0.0,0.0
2023-02-08 13:00:00+09:00,1248.0,1249.0,1245.0,1246.0,3000,0.0,0.0
2023-02-08 14:00:00+09:00,1246.0,1248.0,1245.0,1247.0,10900,0.0,0.0
2023-02-09 09:00:00+09:00,1240.0,1246.0,1235.0,1245.0,8300,0.0,0.0
2023-02-09 10:00:00+09:00,1245.0,1245.0,1242.0,1243.0,3000,0.0,0.0
2023-02-09 11:00:00+09:00,1244.0,1244.0,1241.0,1243.0,0,0.0,0.0
2023-02-09 12:00:00+09:00,1243.0,1244.0,1240.0,1240.0,15300,0.0,0.0
2023-02-09 13:00:00+09:00,1239.0,1242.0,1239.0,1240.0,7700,0.0,0.0
2023-02-09 14:00:00+09:00,1240.0,1244.0,1239.0,1244.0,17100,0.0,0.0
2023-02-10 09:00:00+09:00,1243.0,1254.0,1230.0,1253.0,0,0.0,0.0
2023-02-10 10:00:00+09:00,1253.0,1258.0,1252.0,1256.0,29100,0.0,0.0
2023-02-10 11:00:00+09:00,1256.0,1256.0,1255.0,1255.0,0,0.0,0.0
2023-02-10 12:00:00+09:00,1257.0,1257.0,1255.0,1257.0,34200,0.0,0.0
2023-02-10 13:00:00+09:00,1256.0,1256.0,1253.0,1255.0,6000,0.0,0.0
2023-02-10 14:00:00+09:00,1255.0,1255.0,1251.0,1253.0,17100,0.0,0.0
2023-02-13 09:00:00+09:00,1200.0,1207.0,1157.0,1165.0,47400,0.0,0.0
2023-02-13 10:00:00+09:00,1164.0,1164.0,1146.0,1146.0,30100,0.0,0.0
2023-02-13 11:00:00+09:00,1145.0,1145.0,1129.0,1129.0,0,0.0,0.0
2023-02-13 12:00:00+09:00,1130.0,1140.0,1126.0,1131.0,144900,0.0,0.0
2023-02-13 13:00:00+09:00,1131.0,1132.0,1110.0,1114.0,40400,0.0,0.0
2023-02-13 14:00:00+09:00,1114.0,1123.0,1111.0,1113.0,43800,0.0,0.0
2023-02-14 09:00:00+09:00,1143.0,1145.0,1115.0,1118.0,40000,0.0,0.0
2023-02-14 10:00:00+09:00,1117.0,1119.0,1111.0,1118.0,22400,0.0,0.0
2023-02-14 11:00:00+09:00,1117.0,1121.0,1114.0,1119.0,0,0.0,0.0
2023-02-14 12:00:00+09:00,1120.0,1122.0,1120.0,1120.0,82900,0.0,0.0
2023-02-14 13:00:00+09:00,1121.0,1129.0,1121.0,1129.0,24200,0.0,0.0
2023-02-14 14:00:00+09:00,1128.0,1132.0,1127.0,1132.0,15900,0.0,0.0
2023-02-15 09:00:00+09:00,1143.0,1143.0,1120.0,1131.0,51100,0.0,0.0
2023-02-15 10:00:00+09:00,1129.0,1135.0,1128.0,1132.0,15400,0.0,0.0
2023-02-15 11:00:00+09:00,1130.0,1131.0,1127.0,1127.0,0,0.0,0.0
2023-02-15 12:00:00+09:00,1128.0,1137.0,1127.0,1134.0,100900,0.0,0.0
2023-02-15 13:00:00+09:00,1134.0,1134.0,1129.0,1131.0,17900,0.0,0.0
2023-02-15 14:00:00+09:00,1133.0,1138.0,1130.0,1138.0,13400,0.0,0.0
2023-02-16 09:00:00+09:00,1145.0,1154.0,1141.0,1147.0,20400,0.0,0.0
2023-02-16 10:00:00+09:00,1147.0,1151.0,1140.0,1150.0,20900,0.0,0.0
2023-02-16 11:00:00+09:00,1150.0,1155.0,1150.0,1153.0,0,0.0,0.0
2023-02-16 12:00:00+09:00,1153.0,1154.0,1150.0,1154.0,55000,0.0,0.0
2023-02-16 13:00:00+09:00,1154.0,1155.0,1153.0,1153.0,6600,0.0,0.0
2023-02-16 14:00:00+09:00,1153.0,1153.0,1146.0,1148.0,14100,0.0,0.0
2023-02-17 09:00:00+09:00,1152.0,1157.0,1147.0,1154.0,48200,0.0,0.0
2023-02-17 10:00:00+09:00,1155.0,1176.0,1155.0,1172.0,21900,0.0,0.0
2023-02-17 11:00:00+09:00,1172.0,1175.0,1172.0,1174.0,0,0.0,0.0
2023-02-17 12:00:00+09:00,1167.0,1177.0,1163.0,1164.0,83700,0.0,0.0
2023-02-17 13:00:00+09:00,1164.0,1170.0,1162.0,1169.0,9100,0.0,0.0
2023-02-17 14:00:00+09:00,1169.0,1169.0,1163.0,1167.0,26100,0.0,0.0
2023-02-20 09:00:00+09:00,1176.0,1183.0,1173.0,1183.0,14900,0.0,0.0
2023-02-20 10:00:00+09:00,1183.0,1199.0,1182.0,1197.0,11600,0.0,0.0
2023-02-20 11:00:00+09:00,1198.0,1198.0,1190.0,1192.0,0,0.0,0.0
2023-02-20 12:00:00+09:00,1193.0,1193.0,1187.0,1187.0,35400,0.0,0.0
2023-02-20 13:00:00+09:00,1186.0,1193.0,1186.0,1189.0,14800,0.0,0.0
2023-02-20 14:00:00+09:00,1189.0,1191.0,1182.0,1191.0,23800,0.0,0.0
2023-02-21 09:00:00+09:00,1194.0,1213.0,1191.0,1203.0,22500,0.0,0.0
2023-02-21 10:00:00+09:00,1203.0,1217.0,1202.0,1215.0,14500,0.0,0.0
2023-02-21 11:00:00+09:00,1217.0,1217.0,1216.0,1217.0,0,0.0,0.0
2023-02-21 12:00:00+09:00,1218.0,1235.0,1217.0,1232.0,59000,0.0,0.0
2023-02-21 13:00:00+09:00,1232.0,1237.0,1231.0,1233.0,10500,0.0,0.0
2023-02-21 14:00:00+09:00,1233.0,1234.0,1229.0,1233.0,17400,0.0,0.0
2023-02-22 09:00:00+09:00,1207.0,1218.0,1184.0,1185.0,13000,0.0,0.0
2023-02-22 10:00:00+09:00,1186.0,1194.0,1178.0,1194.0,30900,0.0,0.0
2023-02-22 11:00:00+09:00,1193.0,1196.0,1192.0,1194.0,0,0.0,0.0
2023-02-22 12:00:00+09:00,1202.0,1202.0,1197.0,1200.0,58100,0.0,0.0
2023-02-22 13:00:00+09:00,1199.0,1212.0,1199.0,1209.0,20600,0.0,0.0
2023-02-22 14:00:00+09:00,1208.0,1217.0,1208.0,1216.0,32800,0.0,0.0
2023-02-24 09:00:00+09:00,1224.0,1230.0,1218.0,1223.0,21900,0.0,0.0
2023-02-24 10:00:00+09:00,1223.0,1235.0,1223.0,1224.0,15800,0.0,0.0
2023-02-24 11:00:00+09:00,1225.0,1226.0,1222.0,1226.0,0,0.0,0.0
2023-02-24 12:00:00+09:00,1230.0,1230.0,1225.0,1225.0,46000,0.0,0.0
2023-02-24 13:00:00+09:00,1225.0,1227.0,1223.0,1225.0,5800,0.0,0.0
2023-02-24 14:00:00+09:00,1225.0,1225.0,1217.0,1220.0,10500,0.0,0.0
2023-02-27 09:00:00+09:00,1215.0,1231.0,1215.0,1229.0,13100,0.0,0.0
2023-02-27 10:00:00+09:00,1230.0,1233.0,1225.0,1231.0,8900,0.0,0.0
2023-02-27 11:00:00+09:00,1232.0,1234.0,1230.0,1230.0,0,0.0,0.0
2023-02-27 12:00:00+09:00,1230.0,1231.0,1227.0,1230.0,38400,0.0,0.0
2023-02-27 13:00:00+09:00,1230.0,1232.0,1227.0,1232.0,4900,0.0,0.0
2023-02-27 14:00:00+09:00,1231.0,1240.0,1231.0,1235.0,18400,0.0,0.0
2023-02-28 09:00:00+09:00,1234.0,1246.0,1231.0,1237.0,0,0.0,0.0
2023-02-28 10:00:00+09:00,1235.0,1236.0,1225.0,1229.0,18900,0.0,0.0
2023-02-28 11:00:00+09:00,1227.0,1229.0,1225.0,1227.0,0,0.0,0.0
2023-02-28 12:00:00+09:00,1222.0,1222.0,1212.0,1213.0,31800,0.0,0.0
2023-02-28 13:00:00+09:00,1212.0,1213.0,1203.0,1209.0,17600,0.0,0.0
2023-02-28 14:00:00+09:00,1209.0,1210.0,1194.0,1197.0,53400,0.0,0.0
2023-03-01 09:00:00+09:00,1185.0,1207.0,1180.0,1206.0,15000,0.0,0.0
2023-03-01 10:00:00+09:00,1206.0,1206.0,1198.0,1203.0,8900,0.0,0.0
2023-03-01 11:00:00+09:00,1203.0,1204.0,1202.0,1202.0,0,0.0,0.0
2023-03-01 12:00:00+09:00,1200.0,1208.0,1200.0,1204.0,35400,0.0,0.0
2023-03-01 13:00:00+09:00,1203.0,1209.0,1203.0,1209.0,9500,0.0,0.0
2023-03-01 14:00:00+09:00,1209.0,1215.0,1209.0,1210.0,15900,0.0,0.0
2023-03-02 09:00:00+09:00,1210.0,1215.0,1207.0,1212.0,4600,0.0,0.0
2023-03-02 10:00:00+09:00,1209.0,1209.0,1202.0,1206.0,10200,0.0,0.0
2023-03-02 11:00:00+09:00,1208.0,1212.0,1206.0,1206.0,0,0.0,0.0
2023-03-02 12:00:00+09:00,1206.0,1208.0,1198.0,1199.0,23600,0.0,0.0
2023-03-02 13:00:00+09:00,1199.0,1230.0,1199.0,1230.0,49900,0.0,0.0
2023-03-02 14:00:00+09:00,1231.0,1231.0,1221.0,1226.0,19900,0.0,0.0
2023-03-03 09:00:00+09:00,1226.0,1242.0,1225.0,1235.0,29400,0.0,0.0
2023-03-03 10:00:00+09:00,1237.0,1255.0,1237.0,1253.0,21100,0.0,0.0
2023-03-03 11:00:00+09:00,1253.0,1253.0,1247.0,1249.0,0,0.0,0.0
2023-03-03 12:00:00+09:00,1242.0,1257.0,1242.0,1254.0,72500,0.0,0.0
2023-03-03 13:00:00+09:00,1255.0,1262.0,1255.0,1262.0,18000,0.0,0.0
2023-03-03 14:00:00+09:00,1263.0,1265.0,1254.0,1260.0,22400,0.0,0.0
2023-03-06 09:00:00+09:00,1265.0,1266.0,1249.0,1266.0,29300,0.0,0.0
2023-03-06 10:00:00+09:00,1267.0,1269.0,1256.0,1258.0,6700,0.0,0.0
2023-03-06 11:00:00+09:00,1259.0,1259.0,1254.0,1254.0,0,0.0,0.0
2023-03-06 12:00:00+09:00,1255.0,1255.0,1249.0,1249.0,44900,0.0,0.0
2023-03-06 13:00:00+09:00,1251.0,1251.0,1238.0,1241.0,14900,0.0,0.0
2023-03-06 14:00:00+09:00,1242.0,1245.0,1240.0,1245.0,13800,0.0,0.0
2023-03-07 09:00:00+09:00,1252.0,1253.0,1239.0,1250.0,10600,0.0,0.0
2023-03-07 10:00:00+09:00,1250.0,1254.0,1248.0,1252.0,8400,0.0,0.0
2023-03-07 11:00:00+09:00,1251.0,1254.0,1251.0,1253.0,0,0.0,0.0
2023-03-07 12:00:00+09:00,1258.0,1258.0,1253.0,1258.0,26300,0.0,0.0
2023-03-07 13:00:00+09:00,1260.0,1264.0,1255.0,1263.0,15500,0.0,0.0
2023-03-07 14:00:00+09:00,1262.0,1268.0,1259.0,1261.0,24900,0.0,0.0
2023-03-08 09:00:00+09:00,1259.0,1266.0,1249.0,1255.0,9700,0.0,0.0
2023-03-08 10:00:00+09:00,1255.0,1260.0,1254.0,1259.0,8000,0.0,0.0
2023-03-08 11:00:00+09:00,1259.0,1263.0,1256.0,1259.0,0,0.0,0.0
2023-03-08 12:00:00+09:00,1256.0,1261.0,1246.0,1250.0,58700,0.0,0.0
2023-03-08 13:00:00+09:00,1249.0,1251.0,1245.0,1246.0,11400,0.0,0.0
2023-03-08 14:00:00+09:00,1246.0,1252.0,1242.0,1251.0,23900,0.0,0.0
2023-03-09 09:00:00+09:00,1255.0,1267.0,1254.0,1265.0,0,0.0,0.0
2023-03-09 10:00:00+09:00,1265.0,1269.0,1259.0,1266.0,41100,0.0,0.0
2023-03-09 11:00:00+09:00,1266.0,1274.0,1266.0,1271.0,0,0.0,0.0
2023-03-09 12:00:00+09:00,1272.0,1273.0,1268.0,1272.0,52300,0.0,0.0
2023-03-09 13:00:00+09:00,1272.0,1273.0,1269.0,1270.0,11800,0.0,0.0
2023-03-09 14:00:00+09:00,1270.0,1275.0,1268.0,1275.0,14900,0.0,0.0
2023-03-10 09:00:00+09:00,1246.0,1253.0,1238.0,1244.0,54600,0.0,0.0
2023-03-10 10:00:00+09:00,1244.0,1244.0,1236.0,1236.0,6300,0.0,0.0
2023-03-10 11:00:00+09:00,1237.0,1242.0,1237.0,1238.0,0,0.0,0.0
2023-03-10 12:00:00+09:00,1243.0,1255.0,1243.0,1246.0,78800,0.0,0.0
2023-03-10 13:00:00+09:00,1245.0,1249.0,1242.0,1247.0,0,0.0,0.0
2023-03-10 14:00:00+09:00,1247.0,1253.0,1243.0,1245.0,103800,0.0,0.0
2023-03-13 09:00:00+09:00,1216.0,1216.0,1191.0,1197.0,26900,0.0,0.0
2023-03-13 10:00:00+09:00,1198.0,1199.0,1184.0,1194.0,28100,0.0,0.0
2023-03-13 11:00:00+09:00,1194.0,1198.0,1191.0,1198.0,0,0.0,0.0
2023-03-13 12:00:00+09:00,1202.0,1202.0,1194.0,1194.0,67100,0.0,0.0
2023-03-13 13:00:00+09:00,1192.0,1200.0,1191.0,1195.0,17200,0.0,0.0
2023-03-13 14:00:00+09:00,1195.0,1200.0,1194.0,1200.0,32100,0.0,0.0
2023-03-14 09:00:00+09:00,1173.0,1183.0,1120.0,1120.0,40700,0.0,0.0
2023-03-14 10:00:00+09:00,1121.0,1128.0,1115.0,1124.0,29600,0.0,0.0
2023-03-14 11:00:00+09:00,1125.0,1131.0,1123.0,1125.0,0,0.0,0.0
2023-03-14 12:00:00+09:00,1130.0,1133.0,1124.0,1132.0,89600,0.0,0.0
2023-03-14 13:00:00+09:00,1132.0,1139.0,1128.0,1137.0,47200,0.0,0.0
2023-03-14 14:00:00+09:00,1137.0,1141.0,1135.0,1139.0,26400,0.0,0.0
2023-03-15 09:00:00+09:00,1157.0,1166.0,1150.0,1156.0,17300,0.0,0.0
2023-03-15 10:00:00+09:00,1155.0,1157.0,1148.0,1154.0,12700,0.0,0.0
2023-03-15 11:00:00+09:00,1153.0,1155.0,1152.0,1153.0,0,0.0,0.0
2023-03-15 12:00:00+09:00,1154.0,1157.0,1150.0,1150.0,43800,0.0,0.0
2023-03-15 13:00:00+09:00,1151.0,1156.0,1149.0,1156.0,11900,0.0,0.0
2023-03-15 14:00:00+09:00,1157.0,1158.0,1149.0,1153.0,23500,0.0,0.0
2023-03-16 09:00:00+09:00,1116.0,1123.0,1098.0,1112.0,33000,0.0,0.0
2023-03-16 10:00:00+09:00,1111.0,1116.0,1106.0,1107.0,20000,0.0,0.0
2023-03-16 11:00:00+09:00,1108.0,1114.0,1104.0,1113.0,0,0.0,0.0
2023-03-16 12:00:00+09:00,1113.0,1114.0,1110.0,1114.0,74600,0.0,0.0
2023-03-16 13:00:00+09:00,1115.0,1118.0,1111.0,1118.0,8900,0.0,0.0
2023-03-16 14:00:00+09:00,1117.0,1124.0,1115.0,1124.0,13300,0.0,0.0
2023-03-17 09:00:00+09:00,1138.0,1148.0,1114.0,1119.0,21300,0.0,0.0
2023-03-17 10:00:00+09:00,1117.0,1118.0,1109.0,1116.0,38800,0.0,0.0
2023-03-17 11:00:00+09:00,1117.0,1120.0,1111.0,1113.0,0,0.0,0.0
2023-03-17 12:00:00+09:00,1112.0,1120.0,1112.0,1114.0,84800,0.0,0.0
2023-03-17 13:00:00+09:00,1114.0,1117.0,1111.0,1112.0,0,0.0,0.0
2023-03-17 14:00:00+09:00,1113.0,1119.0,1109.0,1115.0,144000,0.0,0.0
2023-03-20 09:00:00+09:00,1108.0,1121.0,1104.0,1116.0,20200,0.0,0.0
2023-03-20 10:00:00+09:00,1115.0,1119.0,1114.0,1118.0,11400,0.0,0.0
2023-03-20 11:00:00+09:00,1118.0,1118.0,1115.0,1115.0,0,0.0,0.0
2023-03-20 12:00:00+09:00,1115.0,1115.0,1111.0,1112.0,40300,0.0,0.0
2023-03-20 13:00:00+09:00,1113.0,1114.0,1106.0,1107.0,12000,0.0,0.0
2023-03-20 14:00:00+09:00,1106.0,1111.0,1105.0,1108.0,18000,0.0,0.0
2023-03-22 09:00:00+09:00,1142.0,1145.0,1126.0,1145.0,30000,0.0,0.0
2023-03-22 10:00:00+09:00,1144.0,1144.0,1136.0,1144.0,11100,0.0,0.0
2023-03-22 11:00:00+09:00,1144.0,1144.0,1138.0,1139.0,0,0.0,0.0
2023-03-22 12:00:00+09:00,1137.0,1143.0,1135.0,1142.0,51600,0.0,0.0
2023-03-22 13:00:00+09:00,1142.0,1144.0,1138.0,1143.0,14700,0.0,0.0
2023-03-22 14:00:00+09:00,1144.0,1144.0,1138.0,1141.0,17700,0.0,0.0
2023-03-23 09:00:00+09:00,1117.0,1149.0,1117.0,1149.0,18100,0.0,0.0
2023-03-23 10:00:00+09:00,1148.0,1153.0,1147.0,1151.0,5200,0.0,0.0
2023-03-23 11:00:00+09:00,1154.0,1161.0,1154.0,1159.0,0,0.0,0.0
2023-03-23 12:00:00+09:00,1155.0,1161.0,1155.0,1155.0,30700,0.0,0.0
2023-03-23 13:00:00+09:00,1156.0,1157.0,1149.0,1152.0,13600,0.0,0.0
2023-03-23 14:00:00+09:00,1152.0,1160.0,1152.0,1160.0,18000,0.0,0.0
2023-03-24 09:00:00+09:00,1153.0,1159.0,1144.0,1158.0,0,0.0,0.0
2023-03-24 10:00:00+09:00,1159.0,1163.0,1156.0,1162.0,28700,0.0,0.0
2023-03-24 11:00:00+09:00,1162.0,1165.0,1160.0,1163.0,0,0.0,0.0
2023-03-24 12:00:00+09:00,1164.0,1165.0,1156.0,1157.0,39600,0.0,0.0
2023-03-24 13:00:00+09:00,1158.0,1158.0,1153.0,1156.0,10200,0.0,0.0
2023-03-24 14:00:00+09:00,1156.0,1165.0,1154.0,1161.0,23700,0.0,0.0
2023-03-27 09:00:00+09:00,1179.0,1182.0,1168.0,1180.0,12000,0.0,0.0
2023-03-27 10:00:00+09:00,1181.0,1183.0,1178.0,1179.0,8000,0.0,0.0
2023-03-27 11:00:00+09:00,1180.0,1180.0,1178.0,1178.0,0,0.0,0.0
2023-03-27 12:00:00+09:00,1182.0,1182.0,1179.0,1179.0,25900,0.0,0.0
2023-03-27 13:00:00+09:00,1179.0,1181.0,1176.0,1178.0,7900,0.0,0.0
2023-03-27 14:00:00+09:00,1178.0,1178.0,1172.0,1174.0,15400,0.0,0.0
2023-03-28 09:00:00+09:00,1196.0,1201.0,1191.0,1197.0,19300,0.0,0.0
2023-03-28 10:00:00+09:00,1197.0,1197.0,1189.0,1189.0,7600,0.0,0.0
2023-03-28 11:00:00+09:00,1189.0,1190.0,1189.0,1190.0,0,0.0,0.0
2023-03-28 12:00:00+09:00,1190.0,1190.0,1183.0,1185.0,35700,0.0,0.0
2023-03-28 13:00:00+09:00,1184.0,1185.0,1181.0,1184.0,7500,0.0,0.0
2023-03-28 14:00:00+09:00,1184.0,1190.0,1184.0,1188.0,8500,0.0,0.0
2023-03-29 09:00:00+09:00,1192.0,1212.0,1190.0,1204.0,30800,0.0,0.0
2023-03-29 10:00:00+09:00,1205.0,1210.0,1205.0,1207.0,20600,0.0,0.0
2023-03-29 11:00:00+09:00,1206.0,1207.0,1204.0,1207.0,0,0.0,0.0
2023-03-29 12:00:00+09:00,1212.0,1216.0,1211.0,1215.0,60400,0.0,0.0
2023-03-29 13:00:00+09:00,1215.0,1216.0,1212.0,1212.0,6700,0.0,0.0
2023-03-29 14:00:00+09:00,1213.0,1220.0,1210.0,1219.0,29700,0.0,0.0
2023-03-30 09:00:00+09:00,1212.0,1218.0,1203.0,1209.0,13900,0.0,0.0
2023-03-30 10:00:00+09:00,1210.0,1213.0,1208.0,1208.0,4500,0.0,0.0
2023-03-30 11:00:00+09:00,1208.0,1209.0,1207.0,1209.0,0,0.0,0.0
2023-03-30 12:00:00+09:00,1202.0,1215.0,1202.0,1215.0,25800,0.0,0.0
2023-03-30 13:00:00+09:00,1215.0,1220.0,1211.0,1212.0,9600,0.0,0.0
2023-03-30 14:00:00+09:00,1212.0,1222.0,1209.0,1220.0,23200,0.0,0.0
2023-03-31 09:00:00+09:00,1222.0,1246.0,1222.0,1236.0,23200,0.0,0.0
2023-03-31 10:00:00+09:00,1235.0,1235.0,1229.0,1234.0,5900,0.0,0.0
2023-03-31 11:00:00+09:00,1233.0,1233.0,1228.0,1232.0,0,0.0,0.0
2023-03-31 12:00:00+09:00,1233.0,1237.0,1232.0,1234.0,40200,0.0,0.0
2023-03-31 13:00:00+09:00,1235.0,1236.0,1232.0,1232.0,13400,0.0,0.0
2023-03-31 14:00:00+09:00,1230.0,1230.0,1218.0,1226.0,35200,0.0,0.0
2023-04-03 09:00:00+09:00,1247.0,1248.0,1234.0,1239.0,17000,0.0,0.0
2023-04-03 10:00:00+09:00,1240.0,1243.0,1236.0,1239.0,8600,0.0,0.0
2023-04-03 11:00:00+09:00,1240.0,1244.0,1240.0,1244.0,0,0.0,0.0
2023-04-03 12:00:00+09:00,1248.0,1251.0,1245.0,1249.0,40300,0.0,0.0
2023-04-03 13:00:00+09:00,1250.0,1262.0,1250.0,1262.0,25900,0.0,0.0
2023-04-03 14:00:00+09:00,1262.0,1267.0,1262.0,1264.0,30600,0.0,0.0
2023-04-04 09:00:00+09:00,1265.0,1273.0,1252.0,1265.0,15100,0.0,0.0
2023-04-04 10:00:00+09:00,1264.0,1274.0,1261.0,1267.0,10500,0.0,0.0
2023-04-04 11:00:00+09:00,1267.0,1271.0,1267.0,1269.0,0,0.0,0.0
2023-04-04 12:00:00+09:00,1275.0,1283.0,1274.0,1276.0,45600,0.0,0.0
2023-04-04 13:00:00+09:00,1277.0,1284.0,1277.0,1280.0,12500,0.0,0.0
2023-04-04 14:00:00+09:00,1281.0,1282.0,1272.0,1282.0,41600,0.0,0.0
2023-04-05 09:00:00+09:00,1253.0,1258.0,1243.0,1252.0,11600,0.0,0.0
2023-04-05 10:00:00+09:00,1249.0,1249.0,1243.0,1243.0,3900,0.0,0.0
2023-04-05 11:00:00+09:00,1244.0,1246.0,1241.0,1244.0,0,0.0,0.0
2023-04-05 12:00:00+09:00,1248.0,1254.0,1242.0,1242.0,25800,0.0,0.0
2023-04-05 13:00:00+09:00,1243.0,1248.0,1243.0,1245.0,8200,0.0,0.0
2023-04-05 14:00:00+09:00,1245.0,1252.0,1244.0,1249.0,10900,0.0,0.0
2023-04-06 09:00:00+09:00,1228.0,1231.0,1212.0,1217.0,26400,0.0,0.0
2023-04-06 10:00:00+09:00,1217.0,1219.0,1213.0,1219.0,5300,0.0,0.0
2023-04-06 11:00:00+09:00,1218.0,1218.0,1215.0,1215.0,0,0.0,0.0
2023-04-06 12:00:00+09:00,1213.0,1213.0,1202.0,1202.0,39500,0.0,0.0
2023-04-06 13:00:00+09:00,1202.0,1207.0,1198.0,1206.0,15300,0.0,0.0
2023-04-06 14:00:00+09:00,1206.0,1207.0,1202.0,1204.0,19300,0.0,0.0
2023-04-07 09:00:00+09:00,1192.0,1218.0,1192.0,1216.0,6700,0.0,0.0
2023-04-07 10:00:00+09:00,1216.0,1218.0,1212.0,1216.0,4700,0.0,0.0
2023-04-07 11:00:00+09:00,1218.0,1221.0,1218.0,1221.0,0,0.0,0.0
2023-04-07 12:00:00+09:00,1221.0,1221.0,1216.0,1216.0,16000,0.0,0.0
2023-04-07 13:00:00+09:00,1218.0,1220.0,1217.0,1220.0,2300,0.0,0.0
2023-04-07 14:00:00+09:00,1221.0,1226.0,1221.0,1224.0,10100,0.0,0.0
2023-04-10 09:00:00+09:00,1232.0,1240.0,1224.0,1232.0,10200,0.0,0.0
2023-04-10 10:00:00+09:00,1233.0,1240.0,1231.0,1238.0,10500,0.0,0.0
2023-04-10 11:00:00+09:00,1240.0,1240.0,1236.0,1236.0,0,0.0,0.0
2023-04-10 12:00:00+09:00,1230.0,1235.0,1230.0,1232.0,24700,0.0,0.0
2023-04-10 13:00:00+09:00,1233.0,1234.0,1232.0,1232.0,2800,0.0,0.0
2023-04-10 14:00:00+09:00,1231.0,1236.0,1230.0,1236.0,9600,0.0,0.0
2023-04-11 09:00:00+09:00,1255.0,1259.0,1249.0,1256.0,28900,0.0,0.0
2023-04-11 10:00:00+09:00,1256.0,1260.0,1256.0,1258.0,5400,0.0,0.0
2023-04-11 11:00:00+09:00,1258.0,1261.0,1256.0,1256.0,0,0.0,0.0
2023-04-11 12:00:00+09:00,1253.0,1255.0,1253.0,1255.0,45600,0.0,0.0
2023-04-11 13:00:00+09:00,1255.0,1256.0,1253.0,1254.0,3700,0.0,0.0
2023-04-11 14:00:00+09:00,1253.0,1260.0,1252.0,1260.0,16300,0.0,0.0
2023-04-12 09:00:00+09:00,1265.0,1280.0,1265.0,1273.0,49700,0.0,0.0
2023-04-12 10:00:00+09:00,1271.0,1271.0,1266.0,1266.0,3800,0.0,0.0
2023-04-12 11:00:00+09:00,1267.0,1271.0,1267.0,1269.0,0,0.0,0.0
2023-04-12 12:00:00+09:00,1267.0,1273.0,1266.0,1268.0,67300,0.0,0.0
2023-04-12 13:00:00+09:00,1269.0,1271.0,1268.0,1268.0,5200,0.0,0.0
2023-04-12 14:00:00+09:00,1268.0,1268.0,1264.0,1265.0,11100,0.0,0.0
2023-04-13 09:00:00+09:00,1252.0,1264.0,1247.0,1263.0,13500,0.0,0.0
2023-04-13 10:00:00+09:00,1262.0,1263.0,1254.0,1259.0,9700,0.0,0.0
2023-04-13 11:00:00+09:00,1259.0,1261.0,1259.0,1260.0,0,0.0,0.0
2023-04-13 12:00:00+09:00,1265.0,1268.0,1259.0,1260.0,28600,0.0,0.0
2023-04-13 13:00:00+09:00,1261.0,1262.0,1255.0,1256.0,8600,0.0,0.0
2023-04-13 14:00:00+09:00,1256.0,1258.0,1255.0,1256.0,12100,0.0,0.0
2023-04-14 09:00:00+09:00,1264.0,1279.0,1255.0,1279.0,39200,0.0,0.0
2023-04-14 10:00:00+09:00,1278.0,1278.0,1272.0,1272.0,5800,0.0,0.0
2023-04-14 11:00:00+09:00,1272.0,1273.0,1272.0,1272.0,0,0.0,0.0
2023-04-14 12:00:00+09:00,1276.0,1277.0,1272.0,1276.0,50900,0.0,0.0
2023-04-14 13:00:00+09:00,1276.0,1276.0,1269.0,1270.0,0,0.0,0.0
2023-04-14 14:00:00+09:00,1271.0,1272.0,1268.0,1269.0,67100,0.0,0.0
2023-04-17 09:00:00+09:00,1279.0,1280.0,1271.0,1276.0,7700,0.0,0.0
2023-04-17 10:00:00+09:00,1276.0,1294.0,1276.0,1294.0,11900,0.0,0.0
2023-04-17 11:00:00+09:00,1295.0,1295.0,1290.0,1293.0,0,0.0,0.0
2023-04-17 12:00:00+09:00,1290.0,1295.0,1290.0,1293.0,34300,0.0,0.0
2023-04-17 13:00:00+09:00,1295.0,1298.0,1293.0,1295.0,17000,0.0,0.0
2023-04-17 14:00:00+09:00,1295.0,1297.0,1290.0,1295.0,29400,0.0,0.0
2023-04-18 09:00:00+09:00,1292.0,1292.0,1278.0,1286.0,15200,0.0,0.0
2023-04-18 10:00:00+09:00,1286.0,1303.0,1286.0,1303.0,14600,0.0,0.0
2023-04-18 11:00:00+09:00,1304.0,1311.0,1303.0,1310.0,0,0.0,0.0
2023-04-18 12:00:00+09:00,1315.0,1326.0,1310.0,1322.0,57900,0.0,0.0
2023-04-18 13:00:00+09:00,1322.0,1327.0,1318.0,1318.0,15000,0.0,0.0
2023-04-18 14:00:00+09:00,1319.0,1324.0,1318.0,1324.0,22800,0.0,0.0
2023-04-19 09:00:00+09:00,1321.0,1321.0,1305.0,1306.0,9000,0.0,0.0
2023-04-19 10:00:00+09:00,1306.0,1306.0,1294.0,1296.0,6800,0.0,0.0
2023-04-19 11:00:00+09:00,1295.0,1298.0,1295.0,1296.0,0,0.0,0.0
2023-04-19 12:00:00+09:00,1292.0,1292.0,1279.0,1287.0,30400,0.0,0.0
2023-04-19 13:00:00+09:00,1286.0,1286.0,1281.0,1286.0,6500,0.0,0.0
2023-04-19 14:00:00+09:00,1286.0,1290.0,1283.0,1290.0,10700,0.0,0.0
2023-04-20 09:00:00+09:00,1280.0,1299.0,1280.0,1297.0,12400,0.0,0.0
2023-04-20 10:00:00+09:00,1295.0,1300.0,1294.0,1299.0,4100,0.0,0.0
2023-04-20 11:00:00+09:00,1299.0,1299.0,1298.0,1298.0,0,0.0,0.0
2023-04-20 12:00:00+09:00,1295.0,1301.0,1295.0,1300.0,23100,0.0,0.0
2023-04-20 13:00:00+09:00,1300.0,1301.0,1299.0,1300.0,4500,0.0,0.0
2023-04-20 14:00:00+09:00,1300.0,1300.0,1297.0,1297.0,7800,0.0,0.0
2023-04-21 09:00:00+09:00,1298.0,1301.0,1290.0,1299.0,10400,0.0,0.0
2023-04-21 10:00:00+09:00,1298.0,1301.0,1298.0,1300.0,5000,0.0,0.0
2023-04-21 11:00:00+09:00,1299.0,1301.0,1299.0,1299.0,0,0.0,0.0
2023-04-21 12:00:00+09:00,1300.0,1301.0,1298.0,1298.0,23300,0.0,0.0
2023-04-21 13:00:00+09:00,1299.0,1301.0,1298.0,1300.0,7400,0.0,0.0
2023-04-21 14:00:00+09:00,1300.0,1301.0,1296.0,1300.0,18800,0.0,0.0
2023-04-24 09:00:00+09:00,1300.0,1301.0,1288.0,1296.0,6900,0.0,0.0
2023-04-24 10:00:00+09:00,1295.0,1298.0,1291.0,1294.0,3900,0.0,0.0
2023-04-24 11:00:00+09:00,1292.0,1299.0,1292.0,1298.0,0,0.0,0.0
2023-04-24 12:00:00+09:00,1296.0,1301.0,1296.0,1299.0,19800,0.0,0.0
2023-04-24 13:00:00+09:00,1299.0,1311.0,1297.0,1308.0,22600,0.0,0.0
2023-04-24 14:00:00+09:00,1309.0,1312.0,1306.0,1310.0,8100,0.0,0.0
2023-04-25 09:00:00+09:00,1315.0,1332.0,1315.0,1324.0,15000,0.0,0.0
2023-04-25 10:00:00+09:00,1324.0,1337.0,1324.0,1331.0,6600,0.0,0.0
2023-04-25 11:00:00+09:00,1331.0,1331.0,1322.0,1322.0,0,0.0,0.0
2023-04-25 12:00:00+09:00,1323.0,1325.0,1323.0,1323.0,25700,0.0,0.0
2023-04-25 13:00:00+09:00,1321.0,1324.0,1320.0,1322.0,3700,0.0,0.0
2023-04-25 14:00:00+09:00,1323.0,1329.0,1323.0,1329.0,6000,0.0,0.0
2023-04-26 09:00:00+09:00,1307.0,1307.0,1284.0,1297.0,12500,0.0,0.0
2023-04-26 10:00:00+09:00,1296.0,1300.0,1296.0,1298.0,1900,0.0,0.0
2023-04-26 11:00:00+09:00,1298.0,1302.0,1298.0,1300.0,0,0.0,0.0
2023-04-26 12:00:00+09:00,1295.0,1298.0,1290.0,1290.0,19800,0.0,0.0
2023-04-26 13:00:00+09:00,1290.0,1292.0,1287.0,1292.0,4700,0.0,0.0
2023-04-26 14:00:00+09:00,1293.0,1297.0,1290.0,1297.0,10700,0.0,0.0
2023-04-27 09:00:00+09:00,1289.0,1314.0,1289.0,1312.0,13300,0.0,0.0
2023-04-27 10:00:00+09:00,1312.0,1326.0,1311.0,1323.0,7300,0.0,0.0
2023-04-27 11:00:00+09:00,1323.0,1323.0,1320.0,1321.0,0,0.0,0.0
2023-04-27 12:00:00+09:00,1315.0,1326.0,1315.0,1326.0,27500,0.0,0.0
2023-04-27 13:00:00+09:00,1325.0,1333.0,1325.0,1331.0,8800,0.0,0.0
2023-04-27 14:00:00+09:00,1332.0,1334.0,1327.0,1331.0,15500,0.0,0.0
2023-04-28 09:00:00+09:00,1346.0,1359.0,1341.0,1356.0,0,0.0,0.0
2023-04-28 10:00:00+09:00,1357.0,1365.0,1356.0,1358.0,27700,0.0,0.0
2023-04-28 11:00:00+09:00,1359.0,1360.0,1358.0,1358.0,0,0.0,0.0
2023-04-28 12:00:00+09:00,1360.0,1360.0,1349.0,1354.0,36500,0.0,0.0
2023-04-28 13:00:00+09:00,1353.0,1364.0,1353.0,1358.0,11100,0.0,0.0
2023-04-28 14:00:00+09:00,1357.0,1370.0,1357.0,1370.0,19700,0.0,0.0
2023-05-01 09:00:00+09:00,1387.0,1394.0,1376.0,1386.0,21400,0.0,0.0
2023-05-01 10:00:00+09:00,1386.0,1388.0,1382.0,1387.0,11300,0.0,0.0
2023-05-01 11:00:00+09:00,1387.0,1389.0,1387.0,1389.0,0,0.0,0.0
2023-05-01 12:00:00+09:00,1392.0,1399.0,1391.0,1397.0,48300,0.0,0.0
2023-05-01 13:00:00+09:00,1397.0,1399.0,1390.0,1391.0,14200,0.0,0.0
2023-05-01 14:00:00+09:00,1391.0,1400.0,1391.0,1400.0,16700,0.0,0.0
2023-05-02 09:00:00+09:00,1401.0,1410.0,1380.0,1382.0,21600,0.0,0.0
2023-05-02 10:00:00+09:00,1382.0,1387.0,1378.0,1380.0,5700,0.0,0.0
2023-05-02 11:00:00+09:00,1380.0,1381.0,1376.0,1381.0,0,0.0,0.0
2023-05-02 12:00:00+09:00,1382.0,1383.0,1377.0,1381.0,37100,0.0,0.0
2023-05-02 13:00:00+09:00,1383.0,1385.0,1377.0,1379.0,8700,0.0,0.0
2023-05-02 14:00:00+09:00,1378.0,1387.0,1378.0,1385.0,9900,0.0,0.0
2023-05-08 09:00:00+09:00,1360.0,1387.0,1360.0,1385.0,17800,0.0,0.0
2023-05-08 10:00:00+09:00,1387.0,1396.0,1387.0,1388.0,10800,0.0,0.0
2023-05-08 11:00:00+09:00,1388.0,1389.0,1386.0,1389.0,0,0.0,0.0
2023-05-08 12:00:00+09:00,1389.0,1395.0,1388.0,1388.0,38400,0.0,0.0
2023-05-08 13:00:00+09:00,1389.0,1394.0,1387.0,1387.0,10200,0.0,0.0
2023-05-08 14:00:00+09:00,1388.0,1391.0,1383.0,1387.0,15800,0.0,0.0
2023-05-09 09:00:00+09:00,1385.0,1397.0,1385.0,1393.0,17900,0.0,0.0
2023-05-09 10:00:00+09:00,1393.0,1396.0,1390.0,1396.0,7200,0.0,0.0
2023-05-09 11:00:00+09:00,1398.0,1401.0,1397.0,1399.0,0,0.0,0.0
2023-05-09 12:00:00+09:00,1405.0,1405.0,1397.0,1398.0,35200,0.0,0.0
2023-05-09 13:00:00+09:00,1399.0,1403.0,1396.0,1398.0,9500,0.0,0.0
2023-05-09 14:00:00+09:00,1399.0,1401.0,1394.0,1399.0,17500,0.0,0.0
2023-05-10 09:00:00+09:00,1404.0,1410.0,1389.0,1394.0,19700,0.0,0.0
2023-05-10 10:00:00+09:00,1397.0,1399.0,1393.0,1395.0,5400,0.0,0.0
2023-05-10 11:00:00+09:00,1396.0,1399.0,1394.0,1398.0,0,0.0,0.0
2023-05-10 12:00:00+09:00,1399.0,1405.0,1399.0,1402.0,33000,0.0,0.0
2023-05-10 13:00:00+09:00,1400.0,1410.0,1400.0,1407.0,7000,0.0,0.0
2023-05-10 14:00:00+09:00,1408.0,1415.0,1406.0,1414.0,13900,0.0,0.0
2023-05-11 09:00:00+09:00,1397.0,1397.0,1371.0,1381.0,8600,0.0,0.0
2023-05-11 10:00:00+09:00,1378.0,1380.0,1373.0,1377.0,2700,0.0,0.0
2023-05-11 11:00:00+09:00,1375.0,1377.0,1374.0,1377.0,0,0.0,0.0
2023-05-11 12:00:00+09:00,1378.0,1385.0,1378.0,1379.0,17100,0.0,0.0
2023-05-11 13:00:00+09:00,1380.0,1382.0,1375.0,1376.0,5200,0.0,0.0
2023-05-11 14:00:00+09:00,1376.0,1384.0,1375.0,1383.0,11300,0.0,0.0
2023-05-12 09:00:00+09:00,1406.0,1440.0,1386.0,1434.0,57100,0.0,0.0
2023-05-12 10:00:00+09:00,1432.0,1444.0,1425.0,1425.0,18300,0.0,0.0
2023-05-12 11:00:00+09:00,1422.0,1424.0,1420.0,1420.0,0,0.0,0.0
2023-05-12 12:00:00+09:00,1425.0,1427.0,1418.0,1421.0,98700,0.0,0.0
2023-05-12 13:00:00+09:00,1419.0,1429.0,1414.0,1428.0,29700,0.0,0.0
2023-05-12 14:00:00+09:00,1428.0,1452.0,1428.0,1449.0,60200,0.0,0.0
2023-05-15 09:00:00+09:00,1463.0,1475.0,1438.0,1455.0,56300,0.0,0.0
2023-05-15 10:00:00+09:00,1457.0,1461.0,1447.0,1455.0,17300,0.0,0.0
2023-05-15 11:00:00+09:00,1455.0,1468.0,1455.0,1467.0,0,0.0,0.0
2023-05-15 12:00:00+09:00,1461.0,1465.0,1456.0,1464.0,94600,0.0,0.0
2023-05-15 13:00:00+09:00,1464.0,1464.0,1448.0,1455.0,26600,0.0,0.0
2023-05-15 14:00:00+09:00,1453.0,1463.0,1453.0,1457.0,24100,0.0,0.0
2023-05-16 09:00:00+09:00,1450.0,1459.0,1438.0,1444.0,18000,0.0,0.0
2023-05-16 10:00:00+09:00,1445.0,1450.0,1443.0,1449.0,8300,0.0,0.0
2023-05-16 11:00:00+09:00,1449.0,1454.0,1447.0,1451.0,0,0.0,0.0
2023-05-16 12:00:00+09:00,1455.0,1460.0,1450.0,1450.0,38100,0.0,0.0
2023-05-16 13:00:00+09:00,1450.0,1457.0,1446.0,1453.0,25600,0.0,0.0
2023-05-16 14:00:00+09:00,1453.0,1468.0,1453.0,1465.0,26800,0.0,0.0
2023-05-17 09:00:00+09:00,1465.0,1479.0,1460.0,1478.0,39400,0.0,0.0
2023-05-17 10:00:00+09:00,1479.0,1484.0,1476.0,1480.0,17100,0.0,0.0
2023-05-17 11:00:00+09:00,1480.0,1480.0,1472.0,1474.0,0,0.0,0.0
2023-05-17 12:00:00+09:00,1477.0,1481.0,1465.0,1465.0,78400,0.0,0.0
2023-05-17 13:00:00+09:00,1465.0,1468.0,1460.0,1463.0,24800,0.0,0.0
2023-05-17 14:00:00+09:00,1463.0,1465.0,1461.0,1463.0,36600,0.0,0.0
2023-05-18 09:00:00+09:00,1477.0,1477.0,1455.0,1459.0,36600,0.0,0.0
2023-05-18 10:00:00+09:00,1458.0,1461.0,1457.0,1459.0,14600,0.0,0.0
2023-05-18 11:00:00+09:00,1458.0,1461.0,1458.0,1460.0,0,0.0,0.0
2023-05-18 12:00:00+09:00,1465.0,1472.0,1461.0,1463.0,86600,0.0,0.0
2023-05-18 13:00:00+09:00,1463.0,1466.0,1459.0,1461.0,21600,0.0,0.0
2023-05-18 14:00:00+09:00,1460.0,1476.0,1459.0,1474.0,29600,0.0,0.0
2023-05-19 09:00:00+09:00,1483.0,1509.0,1478.0,1479.0,31900,0.0,0.0
2023-05-19 10:00:00+09:00,1481.0,1486.0,1476.0,1482.0,9900,0.0,0.0
2023-05-19 11:00:00+09:00,1484.0,1487.0,1483.0,1487.0,0,0.0,0.0
2023-05-19 12:00:00+09:00,1489.0,1496.0,1485.0,1487.0,56600,0.0,0.0
2023-05-19 13:00:00+09:00,1488.0,1492.0,1485.0,1490.0,8100,0.0,0.0
2023-05-19 14:00:00+09:00,1489.0,1498.0,1489.0,1498.0,12400,0.0,0.0
2023-05-22 09:00:00+09:00,1478.0,1506.0,1478.0,1505.0,16100,0.0,0.0
2023-05-22 10:00:00+09:00,1503.0,1509.0,1502.0,1507.0,6200,0.0,0.0
2023-05-22 11:00:00+09:00,1507.0,1512.0,1505.0,1512.0,0,0.0,0.0
2023-05-22 12:00:00+09:00,1512.0,1516.0,1508.0,1510.0,34800,0.0,0.0
2023-05-22 13:00:00+09:00,1511.0,1520.0,1511.0,1518.0,12700,0.0,0.0
2023-05-22 14:00:00+09:00,1519.0,1526.0,1518.0,1522.0,14400,0.0,0.0
2023-05-23 09:00:00+09:00,1535.0,1538.0,1522.0,1525.0,19300,0.0,0.0
2023-05-23 10:00:00+09:00,1524.0,1529.0,1523.0,1525.0,9600,0.0,0.0
2023-05-23 11:00:00+09:00,1525.0,1530.0,1525.0,1529.0,0,0.0,0.0
2023-05-23 12:00:00+09:00,1523.0,1532.0,1503.0,1520.0,49500,0.0,0.0
2023-05-23 13:00:00+09:00,1519.0,1519.0,1502.0,1507.0,17200,0.0,0.0
2023-05-23 14:00:00+09:00,1508.0,1518.0,1508.0,1514.0,20900,0.0,0.0
2023-05-24 09:00:00+09:00,1498.0,1505.0,1490.0,1491.0,7600,0.0,0.0
2023-05-24 10:00:00+09:00,1492.0,1494.0,1481.0,1486.0,4600,0.0,0.0
2023-05-24 11:00:00+09:00,1484.0,1486.0,1482.0,1485.0,0,0.0,0.0
2023-05-24 12:00:00+09:00,1485.0,1494.0,1482.0,1490.0,17500,0.0,0.0
2023-05-24 13:00:00+09:00,1491.0,1493.0,1489.0,1489.0,2300,0.0,0.0
2023-05-24 14:00:00+09:00,1490.0,1493.0,1483.0,1483.0,7600,0.0,0.0
2023-05-25 09:00:00+09:00,1464.0,1464.0,1444.0,1462.0,15900,0.0,0.0
2023-05-25 10:00:00+09:00,1461.0,1461.0,1453.0,1454.0,3700,0.0,0.0
2023-05-25 11:00:00+09:00,1455.0,1459.0,1455.0,1459.0,0,0.0,0.0
2023-05-25 12:00:00+09:00,1459.0,1473.0,1459.0,1472.0,33200,0.0,0.0
2023-05-25 13:00:00+09:00,1473.0,1477.0,1469.0,1471.0,7100,0.0,0.0
2023-05-25 14:00:00+09:00,1469.0,1479.0,1469.0,1477.0,5800,0.0,0.0
2023-05-26 09:00:00+09:00,1480.0,1480.0,1461.0,1461.0,5700,0.0,0.0
2023-05-26 10:00:00+09:00,1462.0,1462.0,1456.0,1460.0,5400,0.0,0.0
2023-05-26 11:00:00+09:00,1459.0,1460.0,1456.0,1456.0,0,0.0,0.0
2023-05-26 12:00:00+09:00,1456.0,1458.0,1450.0,1456.0,20300,0.0,0.0
2023-05-26 13:00:00+09:00,1456.0,1456.0,1450.0,1451.0,6900,0.0,0.0
2023-05-26 14:00:00+09:00,1451.0,1452.0,1441.0,1443.0,11600,0.0,0.0
2023-05-29 09:00:00+09:00,1473.0,1486.0,1463.0,1469.0,13000,0.0,0.0
2023-05-29 10:00:00+09:00,1470.0,1474.0,1466.0,1466.0,5800,0.0,0.0
2023-05-29 11:00:00+09:00,1466.0,1468.0,1465.0,1465.0,0,0.0,0.0
2023-05-29 12:00:00+09:00,1464.0,1465.0,1459.0,1463.0,25500,0.0,0.0
2023-05-29 13:00:00+09:00,1463.0,1468.0,1462.0,1466.0,4800,0.0,0.0
2023-05-29 14:00:00+09:00,1467.0,1468.0,1462.0,1467.0,15400,0.0,0.0
2023-05-30 09:00:00+09:00,1443.0,1462.0,1438.0,1441.0,10800,0.0,0.0
2023-05-30 10:00:00+09:00,1440.0,1447.0,1437.0,1447.0,4300,0.0,0.0
2023-05-30 11:00:00+09:00,1445.0,1450.0,1444.0,1444.0,0,0.0,0.0
2023-05-30 12:00:00+09:00,1440.0,1447.0,1439.0,1446.0,19600,0.0,0.0
2023-05-30 13:00:00+09:00,1447.0,1449.0,1444.0,1448.0,5000,0.0,0.0
2023-05-30 14:00:00+09:00,1447.0,1449.0,1445.0,1448.0,7800,0.0,0.0
2023-05-31 09:00:00+09:00,1418.0,1425.0,1408.0,1419.0,13600,0.0,0.0
2023-05-31 10:00:00+09:00,1417.0,1421.0,1414.0,1415.0,4200,0.0,0.0
2023-05-31 11:00:00+09:00,1415.0,1418.0,1414.0,1414.0,0,0.0,0.0
2023-05-31 12:00:00+09:00,1414.0,1419.0,1414.0,1414.0,24500,0.0,0.0
2023-05-31 13:00:00+09:00,1414.0,1414.0,1403.0,1403.0,7100,0.0,0.0
2023-05-31 14:00:00+09:00,1402.0,1402.0,1396.0,1399.0,20300,0.0,0.0
2023-06-01 09:00:00+09:00,1383.0,1407.0,1383.0,1392.0,11300,0.0,0.0
2023-06-01 10:00:00+09:00,1392.0,1394.0,1382.0,1387.0,4100,0.0,0.0
2023-06-01 11:00:00+09:00,1388.0,1390.0,1384.0,1384.0,0,0.0,0.0
2023-06-01 12:00:00+09:00,1387.0,1399.0,1387.0,1397.0,22000,0.0,0.0
2023-06-01 13:00:00+09:00,1397.0,1398.0,1394.0,1394.0,7200,0.0,0.0
2023-06-01 14:00:00+09:00,1396.0,1398.0,1390.0,1392.0,11000,0.0,0.0
2023-06-02 09:00:00+09:00,1393.0,1406.0,1391.0,1400.0,11800,0.0,0.0
2023-06-02 10:00:00+09:00,1401.0,1407.0,1399.0,1407.0,8000,0.0,0.0
2023-06-02 11:00:00+09:00,1407.0,1411.0,1404.0,1406.0,0,0.0,0.0
2023-06-02 12:00:00+09:00,1403.0,1411.0,1402.0,1409.0,34600,0.0,0.0
2023-06-02 13:00:00+09:00,1408.0,1413.0,1407.0,1409.0,11200,0.0,0.0
2023-06-02 14:00:00+09:00,1408.0,1422.0,1407.0,1420.0,12300,0.0,0.0
2023-06-05 09:00:00+09:00,1456.0,1465.0,1435.0,1443.0,16300,0.0,0.0
2023-06-05 10:00:00+09:00,1443.0,1446.0,1438.0,1442.0,3600,0.0,0.0
2023-06-05 11:00:00+09:00,1440.0,1441.0,1435.0,1437.0,0,0.0,0.0
2023-06-05 12:00:00+09:00,1446.0,1446.0,1430.0,1438.0,29800,0.0,0.0
2023-06-05 13:00:00+09:00,1439.0,1442.0,1436.0,1438.0,6100,0.0,0.0
2023-06-05 14:00:00+09:00,1440.0,1444.0,1438.0,1441.0,13400,0.0,0.0
2023-06-06 09:00:00+09:00,1413.0,1415.0,1384.0,1397.0,33000,0.0,0.0
2023-06-06 10:00:00+09:00,1399.0,1406.0,1394.0,1396.0,12500,0.0,0.0
2023-06-06 11:00:00+09:00,1397.0,1404.0,1395.0,1402.0,0,0.0,0.0
2023-06-06 12:00:00+09:00,1397.0,1401.0,1393.0,1401.0,64900,0.0,0.0
2023-06-06 13:00:00+09:00,1400.0,1403.0,1393.0,1403.0,21600,0.0,0.0
2023-06-06 14:00:00+09:00,1404.0,1412.0,1404.0,1410.0,22600,0.0,0.0
2023-06-07 09:00:00+09:00,1433.0,1438.0,1418.0,1421.0,14500,0.0,0.0
2023-06-07 10:00:00+09:00,1421.0,1421.0,1403.0,1415.0,8700,0.0,0.0
2023-06-07 11:00:00+09:00,1414.0,1415.0,1411.0,1414.0,0,0.0,0.0
2023-06-07 12:00:00+09:00,1409.0,1417.0,1409.0,1417.0,27800,0.0,0.0
2023-06-07 13:00:00+09:00,1415.0,1415.0,1387.0,1398.0,24300,0.0,0.0
2023-06-07 14:00:00+09:00,1400.0,1403.0,1392.0,1394.0,14300,0.0,0.0
2023-06-08 09:00:00+09:00,1400.0,1406.0,1377.0,1383.0,27000,0.0,0.0
2023-06-08 10:00:00+09:00,1386.0,1395.0,1386.0,1391.0,7300,0.0,0.0
2023-06-08 11:00:00+09:00,1392.0,1392.0,1385.0,1387.0,0,0.0,0.0
2023-06-08 12:00:00+09:00,1389.0,1389.0,1378.0,1378.0,41000,0.0,0.0
2023-06-08 13:00:00+09:00,1376.0,1378.0,1371.0,1373.0,9800,0.0,0.0
2023-06-08 14:00:00+09:00,1372.0,1381.0,1371.0,1379.0,16000,0.0,0.0
2023-06-09 09:00:00+09:00,1392.0,1421.0,1381.0,1416.0,51700,0.0,0.0
2023-06-09 10:00:00+09:00,1417.0,1425.0,1417.0,1421.0,9700,0.0,0.0
2023-06-09 11:00:00+09:00,1422.0,1422.0,1416.0,1422.0,0,0.0,0.0
2023-06-09 12:00:00+09:00,1418.0,1427.0,1418.0,1423.0,76400,0.0,0.0
2023-06-09 13:00:00+09:00,1425.0,1425.0,1420.0,1424.0,5200,0.0,0.0
2023-06-09 14:00:00+09:00,1425.0,1431.0,1424.0,1426.0,13900,0.0,0.0
2023-06-12 09:00:00+09:00,1440.0,1466.0,1440.0,1462.0,19000,0.0,0.0
2023-06-12 10:00:00+09:00,1465.0,1467.0,1454.0,1458.0,4800,0.0,0.0
2023-06-12 11:00:00+09:00,1455.0,1463.0,1455.0,1460.0,0,0.0,0.0
2023-06-12 12:00:00+09:00,1457.0,1466.0,1452.0,1459.0,30000,0.0,0.0
2023-06-12 13:00:00+09:00,1458.0,1458.0,1452.0,1456.0,7400,0.0,0.0
2023-06-12 14:00:00+09:00,1457.0,1462.0,1452.0,1462.0,10700,0.0,0.0
2023-06-13 09:00:00+09:00,1482.0,1506.0,1482.0,1499.0,38900,0.0,0.0
2023-06-13 10:00:00+09:00,1498.0,1507.0,1494.0,1506.0,12900,0.0,0.0
2023-06-13 11:00:00+09:00,1504.0,1505.0,1500.0,1501.0,0,0.0,0.0
2023-06-13 12:00:00+09:00,1505.0,1522.0,1505.0,1519.0,72200,0.0,0.0
2023-06-13 13:00:00+09:00,1521.0,1524.0,1514.0,1520.0,22500,0.0,0.0
2023-06-13 14:00:00+09:00,1521.0,1521.0,1513.0,1513.0,11200,0.0,0.0
2023-06-14 09:00:00+09:00,1530.0,1533.0,1509.0,1511.0,23300,0.0,0.0
2023-06-14 10:00:00+09:00,1510.0,1517.0,1508.0,1508.0,5900,0.0,0.0
2023-06-14 11:00:00+09:00,1506.0,1517.0,1502.0,1515.0,0,0.0,0.0
2023-06-14 12:00:00+09:00,1512.0,1516.0,1508.0,1516.0,47300,0.0,0.0
2023-06-14 13:00:00+09:00,1516.0,1519.0,1512.0,1515.0,9400,0.0,0.0
2023-06-14 14:00:00+09:00,1516.0,1525.0,1516.0,1522.0,20100,0.0,0.0
2023-06-15 09:00:00+09:00,1520.0,1521.0,1501.0,1517.0,7900,0.0,0.0
2023-06-15 10:00:00+09:00,1517.0,1522.0,1511.0,1521.0,4500,0.0,0.0
2023-06-15 11:00:00+09:00,1524.0,1526.0,1521.0,1525.0,0,0.0,0.0
2023-06-15 12:00:00+09:00,1530.0,1535.0,1526.0,1533.0,22900,0.0,0.0
2023-06-15 13:00:00+09:00,1533.0,1533.0,1528.0,1530.0,5600,0.0,0.0
2023-06-15 14:00:00+09:00,1529.0,1532.0,1523.0,1523.0,12000,0.0,0.0
2023-06-16 09:00:00+09:00,1496.0,1496.0,1474.0,1481.0,18600,0.0,0.0
2023-06-16 10:00:00+09:00,1480.0,1483.0,1475.0,1478.0,6300,0.0,0.0
2023-06-16 11:00:00+09:00,1478.0,1478.0,1474.0,1478.0,0,0.0,0.0
2023-06-16 12:00:00+09:00,1486.0,1486.0,1475.0,1477.0,39800,0.0,0.0
2023-06-16 13:00:00+09:00,1478.0,1479.0,1472.0,1477.0,15700,0.0,0.0
2023-06-16 14:00:00+09:00,1477.0,1477.0,1467.0,1471.0,26500,0.0,0.0
2023-06-19 09:00:00+09:00,1473.0,1487.0,1452.0,1468.0,22700,0.0,0.0
2023-06-19 10:00:00+09:00,1467.0,1472.0,1462.0,1466.0,6800,0.0,0.0
2023-06-19 11:00:00+09:00,1465.0,1473.0,1464.0,1471.0,0,0.0,0.0
2023-06-19 12:00:00+09:00,1471.0,1473.0,1458.0,1459.0,38000,0.0,0.0
2023-06-19 13:00:00+09:00,1457.0,1463.0,1456.0,1460.0,5200,0.0,0.0
2023-06-19 14:00:00+09:00,1462.0,1473.0,1462.0,1471.0,16500,0.0,0.0
2023-06-20 09:00:00+09:00,1462.0,1466.0,1455.0,1465.0,11900,0.0,0.0
2023-06-20 10:00:00+09:00,1465.0,1478.0,1465.0,1471.0,10300,0.0,0.0
2023-06-20 11:00:00+09:00,1472.0,1476.0,1467.0,1474.0,0,0.0,0.0
2023-06-20 12:00:00+09:00,1472.0,1473.0,1466.0,1471.0,38200,0.0,0.0
2023-06-20 13:00:00+09:00,1472.0,1472.0,1465.0,1471.0,5500,0.0,0.0
2023-06-20 14:00:00+09:00,1470.0,1476.0,1467.0,1476.0,11200,0.0,0.0
2023-06-21 09:00:00+09:00,1465.0,1505.0,1465.0,1501.0,18800,0.0,0.0
2023-06-21 10:00:00+09:00,1501.0,1507.0,1490.0,1506.0,12200,0.0,0.0
2023-06-21 11:00:00+09:00,1505.0,1511.0,1505.0,1505.0,0,0.0,0.0
2023-06-21 12:00:00+09:00,1503.0,1506.0,1496.0,1499.0,45800,0.0,0.0
2023-06-21 13:00:00+09:00,1498.0,1509.0,1497.0,1506.0,10700,0.0,0.0
2023-06-21 14:00:00+09:00,1506.0,1508.0,1498.0,1504.0,17300,0.0,0.0
2023-06-22 09:00:00+09:00,1508.0,1511.0,1491.0,1496.0,12200,0.0,0.0
2023-06-22 10:00:00+09:00,1498.0,1504.0,1496.0,1499.0,6400,0.0,0.0
2023-06-22 11:00:00+09:00,1495.0,1505.0,1495.0,1505.0,0,0.0,0.0
2023-06-22 12:00:00+09:00,1511.0,1511.0,1503.0,1510.0,28800,0.0,0.0
2023-06-22 13:00:00+09:00,1513.0,1513.0,1505.0,1511.0,12300,0.0,0.0
2023-06-22 14:00:00+09:00,1510.0,1511.0,1502.0,1503.0,16800,0.0,0.0
2023-06-23 09:00:00+09:00,1513.0,1535.0,1505.0,1531.0,17100,0.0,0.0
2023-06-23 10:00:00+09:00,1531.0,1532.0,1496.0,1506.0,10200,0.0,0.0
2023-06-23 11:00:00+09:00,1505.0,1506.0,1498.0,1499.0,0,0.0,0.0
2023-06-23 12:00:00+09:00,1494.0,1502.0,1491.0,1502.0,51900,0.0,0.0
2023-06-23 13:00:00+09:00,1501.0,1510.0,1498.0,1507.0,16900,0.0,0.0
2023-06-23 14:00:00+09:00,1509.0,1514.0,1506.0,1513.0,12700,0.0,0.0
2023-06-26 09:00:00+09:00,1510.0,1525.0,1488.0,1523.0,14900,0.0,0.0
2023-06-26 10:00:00+09:00,1525.0,1545.0,1514.0,1544.0,33000,0.0,0.0
2023-06-26 11:00:00+09:00,1546.0,1547.0,1531.0,1532.0,0,0.0,0.0
2023-06-26 12:00:00+09:00,1532.0,1538.0,1518.0,1518.0,66600,0.0,0.0
2023-06-26 13:00:00+09:00,1520.0,1528.0,1519.0,1521.0,11500,0.0,0.0
2023-06-26 14:00:00+09:00,1521.0,1522.0,1516.0,1519.0,18100,0.0,0.0
2023-06-27 09:00:00+09:00,1523.0,1543.0,1512.0,1533.0,30800,0.0,0.0
2023-06-27 10:00:00+09:00,1531.0,1531.0,1513.0,1519.0,14300,0.0,0.0
2023-06-27 11:00:00+09:00,1520.0,1526.0,1519.0,1525.0,0,0.0,0.0
2023-06-27 12:00:00+09:00,1526.0,1528.0,1520.0,1523.0,60300,0.0,0.0
2023-06-27 13:00:00+09:00,1525.0,1532.0,1522.0,1530.0,17200,0.0,0.0
2023-06-27 14:00:00+09:00,1530.0,1538.0,1528.0,1536.0,23500,0.0,0.0
2023-06-28 09:00:00+09:00,1550.0,1563.0,1549.0,1562.0,27800,0.0,0.0
2023-06-28 10:00:00+09:00,1562.0,1578.0,1561.0,1569.0,16600,0.0,0.0
2023-06-28 11:00:00+09:00,1567.0,1572.0,1567.0,1571.0,0,0.0,0.0
2023-06-28 12:00:00+09:00,1580.0,1588.0,1576.0,1588.0,65600,0.0,0.0
2023-06-28 13:00:00+09:00,1588.0,1589.0,1575.0,1576.0,15300,0.0,0.0
2023-06-28 14:00:00+09:00,1577.0,1595.0,1577.0,1595.0,35400,0.0,0.0
2023-06-29 09:00:00+09:00,1604.0,1617.0,1598.0,1601.0,34000,0.0,0.0
2023-06-29 10:00:00+09:00,1602.0,1604.0,1591.0,1601.0,9600,0.0,0.0
2023-06-29 11:00:00+09:00,1601.0,1601.0,1591.0,1596.0,0,0.0,0.0
2023-06-29 12:00:00+09:00,1596.0,1597.0,1591.0,1596.0,54800,0.0,0.0
2023-06-29 13:00:00+09:00,1596.0,1596.0,1586.0,1588.0,6800,0.0,0.0
2023-06-29 14:00:00+09:00,1589.0,1597.0,1586.0,1592.0,20500,0.0,0.0
2023-06-30 09:00:00+09:00,1599.0,1605.0,1583.0,1598.0,34500,0.0,0.0
2023-06-30 10:00:00+09:00,1599.0,1600.0,1591.0,1595.0,11300,0.0,0.0
2023-06-30 11:00:00+09:00,1594.0,1597.0,1585.0,1588.0,0,0.0,0.0
2023-06-30 12:00:00+09:00,1587.0,1590.0,1584.0,1584.0,60000,0.0,0.0
2023-06-30 13:00:00+09:00,1586.0,1596.0,1583.0,1591.0,15600,0.0,0.0
2023-06-30 14:00:00+09:00,1591.0,1594.0,1583.0,1588.0,21700,0.0,0.0
2023-07-03 09:00:00+09:00,1615.0,1634.0,1615.0,1622.0,20800,0.0,0.0
2023-07-03 10:00:00+09:00,1622.0,1624.0,1614.0,1618.0,6600,0.0,0.0
2023-07-03 11:00:00+09:00,1616.0,1616.0,1611.0,1611.0,0,0.0,0.0
2023-07-03 12:00:00+09:00,1611.0,1620.0,1606.0,1616.0,43500,0.0,0.0
2023-07-03 13:00:00+09:00,1616.0,1620.0,1615.0,1618.0,4800,0.0,0.0
2023-07-03 14:00:00+09:00,1618.0,1621.0,1614.0,1618.0,10500,0.0,0.0
2023-07-04 09:00:00+09:00,1620.0,1624.0,1607.0,1611.0,11600,0.0,0.0
2023-07-04 10:00:00+09:00,1612.0,1616.0,1608.0,1616.0,5000,0.0,0.0
2023-07-04 11:00:00+09:00,1617.0,1621.0,1617.0,1620.0,0,0.0,0.0
2023-07-04 12:00:00+09:00,1620.0,1629.0,1619.0,1629.0,25900,0.0,0.0
2023-07-04 13:00:00+09:00,1630.0,1630.0,1623.0,1627.0,7300,0.0,0.0
2023-07-04 14:00:00+09:00,1627.0,1627.0,1617.0,1617.0,8400,0.0,0.0
2023-07-05 09:00:00+09:00,1608.0,1612.0,1587.0,1610.0,13500,0.0,0.0
2023-07-05 10:00:00+09:00,1610.0,1619.0,1610.0,1612.0,5000,0.0,0.0
2023-07-05 11:00:00+09:00,1611.0,1613.0,1605.0,1613.0,0,0.0,0.0
2023-07-05 12:00:00+09:00,1607.0,1616.0,1607.0,1612.0,28200,0.0,0.0
2023-07-05 13:00:00+09:00,1612.0,1612.0,1607.0,1609.0,3900,0.0,0.0
2023-07-05 14:00:00+09:00,1608.0,1611.0,1606.0,1611.0,8900,0.0,0.0
2023-07-06 09:00:00+09:00,1606.0,1631.0,1602.0,1628.0,27400,0.0,0.0
2023-07-06 10:00:00+09:00,1628.0,1634.0,1626.0,1629.0,8600,0.0,0.0
2023-07-06 11:00:00+09:00,1626.0,1626.0,1621.0,1623.0,0,0.0,0.0
2023-07-06 12:00:00+09:00,1608.0,1613.0,1608.0,1609.0,52100,0.0,0.0
2023-07-06 13:00:00+09:00,1611.0,1618.0,1606.0,1615.0,9800,0.0,0.0
2023-07-06 14:00:00+09:00,1616.0,1617.0,1609.0,1615.0,14100,0.0,0.0
2023-07-07 09:00:00+09:00,1608.0,1608.0,1568.0,1596.0,17600,0.0,0.0
2023-07-07 10:00:00+09:00,1597.0,1608.0,1597.0,1607.0,7800,0.0,0.0
2023-07-07 11:00:00+09:00,1608.0,1608.0,1605.0,1608.0,0,0.0,0.0
2023-07-07 12:00:00+09:00,1614.0,1626.0,1611.0,1622.0,44300,0.0,0.0
2023-07-07 13:00:00+09:00,1622.0,1627.0,1620.0,1624.0,8700,0.0,0.0
2023-07-07 14:00:00+09:00,1623.0,1627.0,1607.0,1607.0,25200,0.0,0.0
2023-07-10 09:00:00+09:00,1602.0,1606.0,1575.0,1577.0,22500,0.0,0.0
2023-07-10 10:00:00+09:00,1578.0,1579.0,1561.0,1563.0,20800,0.0,0.0
2023-07-10 11:00:00+09:00,1564.0,1568.0,1561.0,1561.0,0,0.0,0.0
2023-07-10 12:00:00+09:00,1560.0,1566.0,1540.0,1549.0,89200,0.0,0.0
2023-07-10 13:00:00+09:00,1550.0,1567.0,1547.0,1567.0,15900,0.0,0.0
2023-07-10 14:00:00+09:00,1568.0,1570.0,1558.0,1560.0,20300,0.0,0.0
2023-07-11 09:00:00+09:00,1580.0,1590.0,1556.0,1557.0,17100,0.0,0.0
2023-07-11 10:00:00+09:00,1555.0,1559.0,1551.0,1554.0,7400,0.0,0.0
2023-07-11 11:00:00+09:00,1553.0,1553.0,1541.0,1547.0,0,0.0,0.0
2023-07-11 12:00:00+09:00,1547.0,1547.0,1539.0,1539.0,45200,0.0,0.0
2023-07-11 13:00:00+09:00,1538.0,1541.0,1532.0,1541.0,10200,0.0,0.0
2023-07-11 14:00:00+09:00,1541.0,1545.0,1535.0,1539.0,29800,0.0,0.0
2023-07-12 09:00:00+09:00,1538.0,1543.0,1530.0,1541.0,26800,0.0,0.0
2023-07-12 10:00:00+09:00,1542.0,1543.0,1533.0,1542.0,11500,0.0,0.0
2023-07-12 11:00:00+09:00,1542.0,1544.0,1542.0,1543.0,0,0.0,0.0
2023-07-12 12:00:00+09:00,1543.0,1546.0,1538.0,1544.0,51800,0.0,0.0
2023-07-12 13:00:00+09:00,1544.0,1544.0,1540.0,1542.0,11200,0.0,0.0
2023-07-12 14:00:00+09:00,1542.0,1545.0,1535.0,1540.0,45200,0.0,0.0
2023-07-13 09:00:00+09:00,1546.0,1561.0,1534.0,1558.0,28000,0.0,0.0
2023-07-13 10:00:00+09:00,1555.0,1564.0,1554.0,1555.0,10200,0.0,0.0
2023-07-13 11:00:00+09:00,1555.0,1561.0,1552.0,1561.0,0,0.0,0.0
2023-07-13 12:00:00+09:00,1556.0,1560.0,1553.0,1557.0,54700,0.0,0.0
2023-07-13 13:00:00+09:00,1557.0,1560.0,1551.0,1556.0,17500,0.0,0.0
2023-07-13 14:00:00+09:00,1556.0,1558.0,1551.0,1554.0,17100,0.0,0.0
2023-07-14 09:00:00+09:00,1563.0,1570.0,1533.0,1537.0,33200,0.0,0.0
2023-07-14 10:00:00+09:00,1538.0,1546.0,1538.0,1545.0,13700,0.0,0.0
2023-07-14 11:00:00+09:00,1543.0,1551.0,1543.0,1551.0,0,0.0,0.0
2023-07-14 12:00:00+09:00,1558.0,1558.0,1547.0,1547.0,56200,0.0,0.0
2023-07-14 13:00:00+09:00,1549.0,1552.0,1544.0,1545.0,9500,0.0,0.0
2023-07-14 14:00:00+09:00,1546.0,1546.0,1541.0,1546.0,19600,0.0,0.0
2023-07-18 09:00:00+09:00,1524.0,1573.0,1524.0,1572.0,28000,0.0,0.0
2023-07-18 10:00:00+09:00,1569.0,1572.0,1564.0,1566.0,9700,0.0,0.0
2023-07-18 11:00:00+09:00,1565.0,1565.0,1562.0,1564.0,0,0.0,0.0
2023-07-18 12:00:00+09:00,1564.0,1570.0,1562.0,1570.0,42600,0.0,0.0
2023-07-18 13:00:00+09:00,1569.0,1573.0,1564.0,1567.0,6000,0.0,0.0
2023-07-18 14:00:00+09:00,1566.0,1568.0,1564.0,1567.0,8700,0.0,0.0
2023-07-19 09:00:00+09:00,1589.0,1604.0,1580.0,1602.0,40100,0.0,0.0
2023-07-19 10:00:00+09:00,1603.0,1608.0,1597.0,1604.0,14400,0.0,0.0
2023-07-19 11:00:00+09:00,1605.0,1607.0,1604.0,1607.0,0,0.0,0.0
2023-07-19 12:00:00+09:00,1605.0,1607.0,1599.0,1607.0,70100,0.0,0.0
2023-07-19 13:00:00+09:00,1607.0,1615.0,1604.0,1614.0,17400,0.0,0.0
2023-07-19 14:00:00+09:00,1614.0,1630.0,1609.0,1629.0,51400,0.0,0.0
2023-07-20 09:00:00+09:00,1639.0,1665.0,1634.0,1648.0,47300,0.0,0.0
2023-07-20 10:00:00+09:00,1646.0,1646.0,1638.0,1641.0,14800,0.0,0.0
2023-07-20 11:00:00+09:00,1642.0,1643.0,1632.0,1638.0,0,0.0,0.0
2023-07-20 12:00:00+09:00,1640.0,1640.0,1619.0,1619.0,80900,0.0,0.0
2023-07-20 13:00:00+09:00,1620.0,1626.0,1619.0,1625.0,7800,0.0,0.0
2023-07-20 14:00:00+09:00,1624.0,1639.0,1622.0,1631.0,24700,0.0,0.0
2023-07-21 09:00:00+09:00,1625.0,1636.0,1613.0,1631.0,13900,0.0,0.0
2023-07-21 10:00:00+09:00,1631.0,1632.0,1625.0,1628.0,5500,0.0,0.0
2023-07-21 11:00:00+09:00,1628.0,1628.0,1625.0,1625.0,0,0.0,0.0
2023-07-21 12:00:00+09:00,1625.0,1632.0,1625.0,1625.0,25400,0.0,0.0
2023-07-21 13:00:00+09:00,1625.0,1629.0,1622.0,1624.0,12600,0.0,0.0
2023-07-21 14:00:00+09:00,1624.0,1624.0,1620.0,1623.0,18700,0.0,0.0
2023-07-24 09:00:00+09:00,1639.0,1655.0,1625.0,1628.0,24100,0.0,0.0
2023-07-24 10:00:00+09:00,1626.0,1634.0,1624.0,1632.0,16000,0.0,0.0
2023-07-24 11:00:00+09:00,1630.0,1634.0,1630.0,1634.0,0,0.0,0.0
2023-07-24 12:00:00+09:00,1637.0,1641.0,1630.0,1634.0,55200,0.0,0.0
2023-07-24 13:00:00+09:00,1635.0,1640.0,1632.0,1639.0,17300,0.0,0.0
2023-07-24 14:00:00+09:00,1638.0,1644.0,1636.0,1644.0,17800,0.0,0.0
2023-07-25 09:00:00+09:00,1654.0,1655.0,1643.0,1646.0,15700,0.0,0.0
2023-07-25 10:00:00+09:00,1645.0,1645.0,1630.0,1630.0,4400,0.0,0.0
2023-07-25 11:00:00+09:00,1630.0,1632.0,1626.0,1628.0,0,0.0,0.0
2023-07-25 12:00:00+09:00,1635.0,1635.0,1631.0,1634.0,24300,0.0,0.0
2023-07-25 13:00:00+09:00,1633.0,1636.0,1632.0,1634.0,3400,0.0,0.0
2023-07-25 14:00:00+09:00,1636.0,1640.0,1634.0,1638.0,3300,0.0,0.0
2023-07-26 09:00:00+09:00,1628.0,1628.0,1596.0,1597.0,13900,0.0,0.0
2023-07-26 10:00:00+09:00,1599.0,1607.0,1598.0,1607.0,3100,0.0,0.0
2023-07-26 11:00:00+09:00,1608.0,1608.0,1606.0,1607.0,0,0.0,0.0
2023-07-26 12:00:00+09:00,1607.0,1610.0,1606.0,1606.0,19600,0.0,0.0
2023-07-26 13:00:00+09:00,1607.0,1607.0,1602.0,1606.0,4000,0.0,0.0
2023-07-26 14:00:00+09:00,1604.0,1604.0,1598.0,1603.0,8000,0.0,0.0
2023-07-27 09:00:00+09:00,1600.0,1604.0,1574.0,1576.0,23500,0.0,0.0
2023-07-27 10:00:00+09:00,1575.0,1577.0,1567.0,1572.0,11200,0.0,0.0
2023-07-27 11:00:00+09:00,1571.0,1577.0,1571.0,1577.0,0,0.0,0.0
2023-07-27 12:00:00+09:00,1576.0,1581.0,1573.0,1581.0,48400,0.0,0.0
2023-07-27 13:00:00+09:00,1582.0,1592.0,1582.0,1590.0,12600,0.0,0.0
2023-07-27 14:00:00+09:00,1589.0,1589.0,1584.0,1584.0,14500,0.0,0.0
2023-07-28 09:00:00+09:00,1585.0,1609.0,1571.0,1603.0,21800,0.0,0.0
2023-07-28 10:00:00+09:00,1602.0,1602.0,1589.0,1594.0,13500,0.0,0.0
2023-07-28 11:00:00+09:00,1592.0,1599.0,1592.0,1598.0,0,0.0,0.0
2023-07-28 12:00:00+09:00,1602.0,1617.0,1592.0,1602.0,61600,0.0,0.0
2023-07-28 13:00:00+09:00,1601.0,1601.0,1581.0,1592.0,25300,0.0,0.0
2023-07-28 14:00:00+09:00,1590.0,1610.0,1590.0,1601.0,28200,0.0,0.0
2023-07-31 09:00:00+09:00,1642.0,1651.0,1632.0,1642.0,18900,0.0,0.0
2023-07-31 10:00:00+09:00,1642.0,1646.0,1635.0,1639.0,8000,0.0,0.0
2023-07-31 11:00:00+09:00,1638.0,1640.0,1632.0,1632.0,0,0.0,0.0
2023-07-31 12:00:00+09:00,1632.0,1635.0,1628.0,1635.0,33500,0.0,0.0
2023-07-31 13:00:00+09:00,1634.0,1636.0,1628.0,1632.0,11600,0.0,0.0
2023-07-31 14:00:00+09:00,1633.0,1638.0,1632.0,1636.0,15300,0.0,0.0
2023-08-01 09:00:00+09:00,1638.0,1643.0,1631.0,1640.0,15600,0.0,0.0
2023-08-01 10:00:00+09:00,1641.0,1641.0,1628.0,1628.0,10200,0.0,0.0
2023-08-01 11:00:00+09:00,1630.0,1635.0,1629.0,1635.0,0,0.0,0.0
2023-08-01 12:00:00+09:00,1637.0,1644.0,1634.0,1635.0,41900,0.0,0.0
2023-08-01 13:00:00+09:00,1637.0,1643.0,1634.0,1636.0,16500,0.0,0.0
2023-08-01 14:00:00+09:00,1636.0,1640.0,1633.0,1636.0,24500,0.0,0.0
2023-08-02 09:00:00+09:00,1602.0,1629.0,1598.0,1628.0,25700,0.0,0.0
2023-08-02 10:00:00+09:00,1629.0,1643.0,1629.0,1642.0,21800,0.0,0.0
2023-08-02 11:00:00+09:00,1641.0,1642.0,1635.0,1637.0,0,0.0,0.0
2023-08-02 12:00:00+09:00,1635.0,1639.0,1631.0,1632.0,59600,0.0,0.0
2023-08-02 13:00:00+09:00,1631.0,1631.0,1618.0,1618.0,4400,0.0,0.0
2023-08-02 14:00:00+09:00,1617.0,1621.0,1615.0,1619.0,10300,0.0,0.0
2023-08-03 09:00:00+09:00,1600.0,1604.0,1562.0,1566.0,23900,0.0,0.0
2023-08-03 10:00:00+09:00,1565.0,1579.0,1560.0,1573.0,14800,0.0,0.0
2023-08-03 11:00:00+09:00,1573.0,1574.0,1563.0,1563.0,0,0.0,0.0
2023-08-03 12:00:00+09:00,1561.0,1569.0,1561.0,1567.0,48000,0.0,0.0
2023-08-03 13:00:00+09:00,1567.0,1568.0,1561.0,1564.0,7900,0.0,0.0
2023-08-03 14:00:00+09:00,1568.0,1568.0,1554.0,1556.0,14300,0.0,0.0
2023-08-04 09:00:00+09:00,1550.0,1561.0,1542.0,1559.0,19700,0.0,0.0
2023-08-04 10:00:00+09:00,1559.0,1559.0,1547.0,1547.0,9200,0.0,0.0
2023-08-04 11:00:00+09:00,1547.0,1552.0,1547.0,1552.0,0,0.0,0.0
2023-08-04 12:00:00+09:00,1555.0,1558.0,1552.0,1553.0,38300,0.0,0.0
2023-08-04 13:00:00+09:00,1553.0,1556.0,1552.0,1555.0,5000,0.0,0.0
2023-08-04 14:00:00+09:00,1554.0,1555.0,1549.0,1554.0,8800,0.0,0.0
2023-08-07 09:00:00+09:00,1559.0,1572.0,1557.0,1568.0,20100,0.0,0.0
2023-08-07 10:00:00+09:00,1568.0,1577.0,1567.0,1571.0,13600,0.0,0.0
2023-08-07 11:00:00+09:00,1572.0,1576.0,1568.0,1575.0,0,0.0,0.0
2023-08-07 12:00:00+09:00,1575.0,1579.0,1574.0,1577.0,56400,0.0,0.0
2023-08-07 13:00:00+09:00,1577.0,1579.0,1568.0,1569.0,11600,0.0,0.0
2023-08-07 14:00:00+09:00,1570.0,1574.0,1561.0,1574.0,23000,0.0,0.0
2023-08-08 09:00:00+09:00,1593.0,1600.0,1588.0,1589.0,22200,0.0,0.0
2023-08-08 10:00:00+09:00,1588.0,1590.0,1583.0,1585.0,7100,0.0,0.0
2023-08-08 11:00:00+09:00,1585.0,1585.0,1578.0,1583.0,0,0.0,0.0
2023-08-08 12:00:00+09:00,1585.0,1586.0,1577.0,1579.0,44800,0.0,0.0
2023-08-08 13:00:00+09:00,1581.0,1584.0,1580.0,1581.0,6100,0.0,0.0
2023-08-08 14:00:00+09:00,1582.0,1584.0,1576.0,1578.0,13700,0.0,0.0
2023-08-09 09:00:00+09:00,1557.0,1573.0,1544.0,1558.0,18100,0.0,0.0
2023-08-09 10:00:00+09:00,1558.0,1562.0,1551.0,1552.0,6500,0.0,0.0
2023-08-09 11:00:00+09:00,1553.0,1554.0,1546.0,1546.0,0,0.0,0.0
2023-08-09 12:00:00+09:00,1546.0,1550.0,1546.0,1548.0,30500,0.0,0.0
2023-08-09 13:00:00+09:00,1548.0,1550.0,1545.0,1549.0,0,0.0,0.0
2023-08-09 14:00:00+09:00,1550.0,1556.0,1549.0,1554.0,47400,0.0,0.0
2023-08-10 09:00:00+09:00,1554.0,1560.0,1546.0,1560.0,28000,0.0,0.0
2023-08-10 10:00:00+09:00,1560.0,1566.0,1554.0,1556.0,12900,0.0,0.0
2023-08-10 11:00:00+09:00,1557.0,1562.0,1556.0,1561.0,0,0.0,0.0
2023-08-10 12:00:00+09:00,1560.0,1569.0,1559.0,1562.0,58000,0.0,0.0
2023-08-10 13:00:00+09:00,1565.0,1567.0,1559.0,1561.0,10900,0.0,0.0
2023-08-10 14:00:00+09:00,1562.0,1575.0,1559.0,1574.0,31800,0.0,0.0
2023-08-14 09:00:00+09:00,1670.0,1710.0,1665.0,1676.0,90800,0.0,0.0
2023-08-14 10:00:00+09:00,1677.0,1680.0,1661.0,1673.0,25500,0.0,0.0
2023-08-14 11:00:00+09:00,1673.0,1678.0,1668.0,1668.0,0,0.0,0.0
2023-08-14 12:00:00+09:00,1667.0,1677.0,1666.0,1671.0,143600,0.0,0.0
2023-08-14 13:00:00+09:00,1670.0,1670.0,1656.0,1657.0,24500,0.0,0.0
2023-08-14 14:00:00+09:00,1657.0,1669.0,1655.0,1664.0,34100,0.0,0.0
2023-08-15 09:00:00+09:00,1669.0,1680.0,1640.0,1655.0,26500,0.0,0.0
2023-08-15 10:00:00+09:00,1654.0,1661.0,1651.0,1658.0,9100,0.0,0.0
2023-08-15 11:00:00+09:00,1657.0,1659.0,1656.0,1658.0,0,0.0,0.0
2023-08-15 12:00:00+09:00,1658.0,1664.0,1650.0,1658.0,63200,0.0,0.0
2023-08-15 13:00:00+09:00,1659.0,1659.0,1648.0,1649.0,12100,0.0,0.0
2023-08-15 14:00:00+09:00,1649.0,1653.0,1645.0,1649.0,13500,0.0,0.0
2023-08-16 09:00:00+09:00,1628.0,1651.0,1628.0,1646.0,11300,0.0,0.0
2023-08-16 10:00:00+09:00,1647.0,1649.0,1641.0,1644.0,6300,0.0,0.0
2023-08-16 11:00:00+09:00,1645.0,1648.0,1644.0,1646.0,0,0.0,0.0
2023-08-16 12:00:00+09:00,1650.0,1650.0,1647.0,1649.0,21500,0.0,0.0
2023-08-16 13:00:00+09:00,1648.0,1648.0,1641.0,1643.0,3600,0.0,0.0
2023-08-16 14:00:00+09:00,1643.0,1645.0,1641.0,1644.0,10000,0.0,0.0
2023-08-17 09:00:00+09:00,1653.0,1655.0,1632.0,1634.0,13600,0.0,0.0
2023-08-17 10:00:00+09:00,1631.0,1633.0,1614.0,1617.0,7000,0.0,0.0
2023-08-17 11:00:00+09:00,1618.0,1629.0,1615.0,1628.0,0,0.0,0.0
2023-08-17 12:00:00+09:00,1638.0,1644.0,1638.0,1643.0,38000,0.0,0.0
2023-08-17 13:00:00+09:00,1642.0,1652.0,1642.0,1652.0,6900,0.0,0.0
2023-08-17 14:00:00+09:00,1652.0,1663.0,1651.0,1660.0,20200,0.0,0.0
2023-08-18 09:00:00+09:00,1643.0,1667.0,1643.0,1666.0,22300,0.0,0.0
2023-08-18 10:00:00+09:00,1666.0,1681.0,1664.0,1681.0,13500,0.0,0.0
2023-08-18 11:00:00+09:00,1682.0,1683.0,1678.0,1678.0,0,0.0,0.0
2023-08-18 12:00:00+09:00,1673.0,1674.0,1668.0,1670.0,49600,0.0,0.0
2023-08-18 13:00:00+09:00,1671.0,1676.0,1669.0,1671.0,12600,0.0,0.0
2023-08-18 14:00:00+09:00,1670.0,1670.0,1658.0,1668.0,15800,0.0,0.0
2023-08-21 09:00:00+09:00,1668.0,1671.0,1648.0,1656.0,17700,0.0,0.0
2023-08-21 10:00:00+09:00,1656.0,1672.0,1654.0,1663.0,7000,0.0,0.0
2023-08-21 11:00:00+09:00,1664.0,1673.0,1664.0,1672.0,0,0.0,0.0
2023-08-21 12:00:00+09:00,1664.0,1667.0,1661.0,1661.0,34900,0.0,0.0
2023-08-21 13:00:00+09:00,1662.0,1666.0,1659.0,1660.0,6900,0.0,0.0
2023-08-21 14:00:00+09:00,1660.0,1662.0,1646.0,1648.0,11200,0.0,0.0
2023-08-22 09:00:00+09:00,1665.0,1683.0,1663.0,1679.0,0,0.0,0.0
2023-08-22 10:00:00+09:00,1677.0,1677.0,1657.0,1662.0,29600,0.0,0.0
2023-08-22 11:00:00+09:00,1663.0,1663.0,1662.0,1662.0,0,0.0,0.0
2023-08-22 12:00:00+09:00,1662.0,1675.0,1661.0,1674.0,40300,0.0,0.0
2023-08-22 13:00:00+09:00,1674.0,1680.0,1671.0,1678.0,16300,0.0,0.0
2023-08-22 14:00:00+09:00,1677.0,1684.0,1677.0,1682.0,11700,0.0,0.0
2023-08-23 09:00:00+09:00,1675.0,1706.0,1673.0,1706.0,29800,0.0,0.0
2023-08-23 10:00:00+09:00,1705.0,1710.0,1701.0,1703.0,14800,0.0,0.0
2023-08-23 11:00:00+09:00,1704.0,1706.0,1701.0,1701.0,0,0.0,0.0
2023-08-23 12:00:00+09:00,1701.0,1704.0,1696.0,1700.0,60200,0.0,0.0
2023-08-23 13:00:00+09:00,1701.0,1705.0,1701.0,1703.0,9900,0.0,0.0
2023-08-23 14:00:00+09:00,1704.0,1721.0,1703.0,1720.0,15800,0.0,0.0
2023-08-24 09:00:00+09:00,1699.0,1699.0,1669.0,1675.0,22000,0.0,0.0
2023-08-24 10:00:00+09:00,1675.0,1695.0,1675.0,1694.0,13400,0.0,0.0
2023-08-24 11:00:00+09:00,1695.0,1703.0,1693.0,1702.0,0,0.0,0.0
2023-08-24 12:00:00+09:00,1710.0,1710.0,1697.0,1697.0,48700,0.0,0.0
2023-08-24 13:00:00+09:00,1697.0,1700.0,1696.0,1696.0,4200,0.0,0.0
2023-08-24 14:00:00+09:00,1697.0,1701.0,1694.0,1698.0,11400,0.0,0.0
2023-08-25 09:00:00+09:00,1683.0,1692.0,1677.0,1684.0,13300,0.0,0.0
2023-08-25 10:00:00+09:00,1684.0,1692.0,1683.0,1688.0,6700,0.0,0.0
2023-08-25 11:00:00+09:00,1688.0,1695.0,1688.0,1694.0,0,0.0,0.0
2023-08-25 12:00:00+09:00,1695.0,1698.0,1689.0,1698.0,33500,0.0,0.0
2023-08-25 13:00:00+09:00,1699.0,1699.0,1693.0,1695.0,10100,0.0,0.0
2023-08-25 14:00:00+09:00,1695.0,1700.0,1694.0,1698.0,20200,0.0,0.0
2023-08-28 09:00:00+09:00,1709.0,1722.0,1700.0,1710.0,12000,0.0,0.0
2023-08-28 10:00:00+09:00,1710.0,1711.0,1706.0,1710.0,5000,0.0,0.0
2023-08-28 11:00:00+09:00,1710.0,1712.0,1710.0,1710.0,0,0.0,0.0
2023-08-28 12:00:00+09:00,1708.0,1712.0,1704.0,1708.0,28200,0.0,0.0
2023-08-28 13:00:00+09:00,1709.0,1710.0,1701.0,1706.0,6100,0.0,0.0
2023-08-28 14:00:00+09:00,1706.0,1714.0,1706.0,1710.0,11900,0.0,0.0
2023-08-29 09:00:00+09:00,1710.0,1716.0,1700.0,1711.0,12200,0.0,0.0
2023-08-29 10:00:00+09:00,1711.0,1711.0,1694.0,1696.0,6200,0.0,0.0
2023-08-29 11:00:00+09:00,1694.0,1694.0,1689.0,1690.0,0,0.0,0.0
2023-08-29 12:00:00+09:00,1702.0,1706.0,1688.0,1706.0,26100,0.0,0.0
2023-08-29 13:00:00+09:00,1706.0,1716.0,1706.0,1711.0,5000,0.0,0.0
2023-08-29 14:00:00+09:00,1710.0,1712.0,1707.0,1711.0,11000,0.0,0.0
2023-08-30 09:00:00+09:00,1710.0,1710.0,1692.0,1694.0,9700,0.0,0.0
2023-08-30 10:00:00+09:00,1692.0,1714.0,1689.0,1713.0,22200,0.0,0.0
2023-08-30 11:00:00+09:00,1712.0,1714.0,1708.0,1709.0,0,0.0,0.0
2023-08-30 12:00:00+09:00,1708.0,1719.0,1707.0,1718.0,41200,0.0,0.0
2023-08-30 13:00:00+09:00,1717.0,1722.0,1712.0,1712.0,10800,0.0,0.0
2023-08-30 14:00:00+09:00,1714.0,1722.0,1712.0,1718.0,21900,0.0,0.0
2023-08-31 09:00:00+09:00,1714.0,1735.0,1713.0,1724.0,14700,0.0,0.0
2023-08-31 10:00:00+09:00,1727.0,1734.0,1724.0,1732.0,6200,0.0,0.0
2023-08-31 11:00:00+09:00,1732.0,1734.0,1732.0,1732.0,0,0.0,0.0
2023-08-31 12:00:00+09:00,1733.0,1739.0,1733.0,1738.0,26500,0.0,0.0
2023-08-31 13:00:00+09:00,1736.0,1739.0,1733.0,1738.0,3800,0.0,0.0
2023-08-31 14:00:00+09:00,1738.0,1741.0,1736.0,1741.0,16500,0.0,0.0
2023-09-01 09:00:00+09:00,1735.0,1747.0,1727.0,1746.0,13300,0.0,0.0
2023-09-01 10:00:00+09:00,1744.0,1748.0,1738.0,1747.0,10700,0.0,0.0
2023-09-01 11:00:00+09:00,1747.0,1757.0,1747.0,1755.0,0,0.0,0.0
2023-09-01 12:00:00+09:00,1749.0,1752.0,1745.0,1750.0,37200,0.0,0.0
2023-09-01 13:00:00+09:00,1751.0,1753.0,1749.0,1749.0,3300,0.0,0.0
2023-09-01 14:00:00+09:00,1748.0,1751.0,1748.0,1751.0,6900,0.0,0.0
2023-09-04 09:00:00+09:00,1765.0,1766.0,1753.0,1760.0,18700,0.0,0.0
2023-09-04 10:00:00+09:00,1757.0,1780.0,1757.0,1778.0,22900,0.0,0.0
2023-09-04 11:00:00+09:00,1780.0,1781.0,1774.0,1775.0,0,0.0,0.0
2023-09-04 12:00:00+09:00,1771.0,1777.0,1771.0,1772.0,52400,0.0,0.0
2023-09-04 13:00:00+09:00,1772.0,1776.0,1771.0,1773.0,6900,0.0,0.0
2023-09-04 14:00:00+09:00,1774.0,1787.0,1774.0,1786.0,14400,0.0,0.0
2023-09-05 09:00:00+09:00,1785.0,1785.0,1765.0,1770.0,15500,0.0,0.0
2023-09-05 10:00:00+09:00,1770.0,1770.0,1760.0,1765.0,18700,0.0,0.0
2023-09-05 11:00:00+09:00,1765.0,1765.0,1762.0,1763.0,0,0.0,0.0
2023-09-05 12:00:00+09:00,1770.0,1772.0,1764.0,1765.0,43700,0.0,0.0
2023-09-05 13:00:00+09:00,1767.0,1772.0,1767.0,1771.0,7400,0.0,0.0
2023-09-05 14:00:00+09:00,1771.0,1780.0,1771.0,1778.0,12000,0.0,0.0
2023-09-06 09:00:00+09:00,1779.0,1791.0,1778.0,1791.0,22600,0.0,0.0
2023-09-06 10:00:00+09:00,1791.0,1794.0,1779.0,1780.0,11700,0.0,0.0
2023-09-06 11:00:00+09:00,1782.0,1786.0,1780.0,1786.0,0,0.0,0.0
2023-09-06 12:00:00+09:00,1786.0,1790.0,1785.0,1785.0,44700,0.0,0.0
2023-09-06 13:00:00+09:00,1785.0,1785.0,1779.0,1780.0,7900,0.0,0.0
2023-09-06 14:00:00+09:00,1779.0,1782.0,1776.0,1777.0,14100,0.0,0.0
2023-09-07 09:00:00+09:00,1775.0,1784.0,1773.0,1783.0,12700,0.0,0.0
2023-09-07 10:00:00+09:00,1784.0,1790.0,1776.0,1777.0,7100,0.0,0.0
2023-09-07 11:00:00+09:00,1778.0,1779.0,1776.0,1777.0,0,0.0,0.0
2023-09-07 12:00:00+09:00,1777.0,1782.0,1777.0,1779.0,24700,0.0,0.0
2023-09-07 13:00:00+09:00,1778.0,1780.0,1775.0,1778.0,8400,0.0,0.0
2023-09-07 14:00:00+09:00,1777.0,1780.0,1776.0,1777.0,18800,0.0,0.0
2023-09-08 09:00:00+09:00,1777.0,1781.0,1760.0,1768.0,53800,0.0,0.0
2023-09-08 10:00:00+09:00,1770.0,1774.0,1761.0,1762.0,13100,0.0,0.0
2023-09-08 11:00:00+09:00,1761.0,1763.0,1755.0,1756.0,0,0.0,0.0
2023-09-08 12:00:00+09:00,1756.0,1757.0,1748.0,1750.0,86200,0.0,0.0
2023-09-08 13:00:00+09:00,1749.0,1749.0,1744.0,1747.0,18600,0.0,0.0
2023-09-08 14:00:00+09:00,1746.0,1759.0,1745.0,1756.0,18900,0.0,0.0
2023-09-11 09:00:00+09:00,1768.0,1779.0,1761.0,1771.0,0,0.0,0.0
2023-09-11 10:00:00+09:00,1770.0,1771.0,1762.0,1766.0,30900,0.0,0.0
2023-09-11 11:00:00+09:00,1764.0,1767.0,1761.0,1761.0,0,0.0,0.0
2023-09-11 12:00:00+09:00,1761.0,1765.0,1759.0,1759.0,41700,0.0,0.0
2023-09-11 13:00:00+09:00,1758.0,1763.0,1757.0,1759.0,6800,0.0,0.0
2023-09-11 14:00:00+09:00,1759.0,1764.0,1755.0,1764.0,18500,0.0,0.0
2023-09-12 09:00:00+09:00,1789.0,1795.0,1770.0,1788.0,45400,0.0,0.0
2023-09-12 10:00:00+09:00,1790.0,1814.0,1789.0,1808.0,37500,0.0,0.0
2023-09-12 11:00:00+09:00,1809.0,1813.0,1807.0,1813.0,0,0.0,0.0
2023-09-12 12:00:00+09:00,1820.0,1827.0,1808.0,1827.0,129800,0.0,0.0
2023-09-12 13:00:00+09:00,1825.0,1829.0,1813.0,1816.0,18000,0.0,0.0
2023-09-12 14:00:00+09:00,1815.0,1824.0,1812.0,1824.0,23900,0.0,0.0
2023-09-13 09:00:00+09:00,1836.0,1840.0,1814.0,1820.0,38600,0.0,0.0
2023-09-13 10:00:00+09:00,1820.0,1821.0,1817.0,1820.0,27700,0.0,0.0
2023-09-13 11:00:00+09:00,1820.0,1821.0,1816.0,1816.0,0,0.0,0.0
2023-09-13 12:00:00+09:00,1817.0,1824.0,1816.0,1820.0,112800,0.0,0.0
2023-09-13 13:00:00+09:00,1819.0,1830.0,1818.0,1825.0,28300,0.0,0.0
2023-09-13 14:00:00+09:00,1825.0,1842.0,1823.0,1838.0,47400,0.0,0.0
2023-09-14 09:00:00+09:00,1848.0,1866.0,1833.0,1846.0,32100,0.0,0.0
2023-09-14 10:00:00+09:00,1847.0,1847.0,1831.0,1832.0,24000,0.0,0.0
2023-09-14 11:00:00+09:00,1832.0,1835.0,1830.0,1834.0,0,0.0,0.0
2023-09-14 12:00:00+09:00,1850.0,1850.0,1838.0,1844.0,83700,0.0,0.0
2023-09-14 13:00:00+09:00,1844.0,1855.0,1842.0,1852.0,32700,0.0,0.0
2023-09-14 14:00:00+09:00,1852.0,1859.0,1852.0,1852.0,42600,0.0,0.0
2023-09-15 09:00:00+09:00,1863.0,1882.0,1849.0,1881.0,0,0.0,0.0
2023-09-15 10:00:00+09:00,1882.0,1883.0,1874.0,1879.0,47700,0.0,0.0
2023-09-15 11:00:00+09:00,1880.0,1882.0,1876.0,1877.0,0,0.0,0.0
2023-09-15 12:00:00+09:00,1878.0,1878.0,1855.0,1858.0,82100,0.0,0.0
2023-09-15 13:00:00+09:00,1857.0,1862.0,1855.0,1860.0,36800,0.0,0.0
2023-09-15 14:00:00+09:00,1860.0,1860.0,1840.0,1842.0,109700,0.0,0.0
2023-09-19 09:00:00+09:00,1837.0,1851.0,1837.0,1838.0,43800,0.0,0.0
2023-09-19 10:00:00+09:00,1836.0,1845.0,1835.0,1842.0,20900,0.0,0.0
2023-09-19 11:00:00+09:00,1842.0,1842.0,1837.0,1840.0,0,0.0,0.0
2023-09-19 12:00:00+09:00,1840.0,1845.0,1839.0,1843.0,90500,0.0,0.0
2023-09-19 13:00:00+09:00,1842.0,1843.0,1839.0,1841.0,7700,0.0,0.0
2023-09-19 14:00:00+09:00,1840.0,1850.0,1838.0,1847.0,44200,0.0,0.0
2023-09-20 09:00:00+09:00,1850.0,1897.0,1815.0,1820.0,97100,0.0,0.0
2023-09-20 10:00:00+09:00,1819.0,1819.0,1803.0,1809.0,35600,0.0,0.0
2023-09-20 11:00:00+09:00,1809.0,1809.0,1796.0,1804.0,0,0.0,0.0
2023-09-20 12:00:00+09:00,1806.0,1806.0,1795.0,1799.0,176400,0.0,0.0
2023-09-20 13:00:00+09:00,1799.0,1803.0,1788.0,1789.0,24500,0.0,0.0
2023-09-20 14:00:00+09:00,1788.0,1811.0,1787.0,1797.0,47500,0.0,0.0
2023-09-21 09:00:00+09:00,1808.0,1820.0,1800.0,1804.0,30300,0.0,0.0
2023-09-21 10:00:00+09:00,1805.0,1814.0,1796.0,1796.0,8500,0.0,0.0
2023-09-21 11:00:00+09:00,1798.0,1799.0,1792.0,1793.0,0,0.0,0.0
2023-09-21 12:00:00+09:00,1797.0,1802.0,1793.0,1795.0,63900,0.0,0.0
2023-09-21 13:00:00+09:00,1796.0,1802.0,1795.0,1795.0,8100,0.0,0.0
2023-09-21 14:00:00+09:00,1798.0,1806.0,1795.0,1802.0,16500,0.0,0.0
2023-09-22 09:00:00+09:00,1775.0,1790.0,1755.0,1762.0,56900,0.0,0.0
2023-09-22 10:00:00+09:00,1762.0,1774.0,1761.0,1766.0,8300,0.0,0.0
2023-09-22 11:00:00+09:00,1765.0,1770.0,1761.0,1761.0,0,0.0,0.0
2023-09-22 12:00:00+09:00,1766.0,1781.0,1766.0,1779.0,80100,0.0,0.0
2023-09-22 13:00:00+09:00,1778.0,1784.0,1777.0,1780.0,23600,0.0,0.0
2023-09-22 14:00:00+09:00,1781.0,1785.0,1777.0,1778.0,38700,0.0,0.0
2023-09-25 09:00:00+09:00,1815.0,1815.0,1781.0,1802.0,44600,0.0,0.0
2023-09-25 10:00:00+09:00,1802.0,1809.0,1798.0,1803.0,39200,0.0,0.0
2023-09-25 11:00:00+09:00,1804.0,1807.0,1800.0,1800.0,0,0.0,0.0
2023-09-25 12:00:00+09:00,1805.0,1810.0,1800.0,1809.0,101200,0.0,0.0
2023-09-25 13:00:00+09:00,1810.0,1814.0,1807.0,1809.0,14800,0.0,0.0
2023-09-25 14:00:00+09:00,1809.0,1818.0,1808.0,1812.0,24300,0.0,0.0
2023-09-26 09:00:00+09:00,1804.0,1811.0,1792.0,1806.0,19500,0.0,0.0
2023-09-26 10:00:00+09:00,1806.0,1815.0,1802.0,1808.0,8100,0.0,0.0
2023-09-26 11:00:00+09:00,1810.0,1816.0,1810.0,1812.0,0,0.0,0.0
2023-09-26 12:00:00+09:00,1817.0,1828.0,1817.0,1824.0,43200,0.0,0.0
2023-09-26 13:00:00+09:00,1824.0,1824.0,1816.0,1823.0,9300,0.0,0.0
2023-09-26 14:00:00+09:00,1823.0,1823.0,1810.0,1811.0,13300,0.0,0.0
2023-09-27 09:00:00+09:00,1755.0,1772.0,1733.0,1765.0,45100,0.0,0.0
2023-09-27 10:00:00+09:00,1765.0,1778.0,1765.0,1776.0,10300,0.0,0.0
2023-09-27 11:00:00+09:00,1777.0,1788.0,1773.0,1782.0,0,0.0,0.0
2023-09-27 12:00:00+09:00,1792.0,1792.0,1781.0,1782.0,75300,0.0,0.0
2023-09-27 13:00:00+09:00,1783.0,1787.0,1777.0,1784.0,21600,0.0,0.0
2023-09-27 14:00:00+09:00,1781.0,1791.0,1776.0,1790.0,25000,0.0,0.0
2023-09-28 09:00:00+09:00,1779.0,1788.0,1763.0,1771.0,36900,0.0,0.0
2023-09-28 10:00:00+09:00,1773.0,1781.0,1773.0,1776.0,5800,0.0,0.0
2023-09-28 11:00:00+09:00,1776.0,1776.0,1757.0,1757.0,0,0.0,0.0
2023-09-28 12:00:00+09:00,1738.0,1750.0,1738.0,1742.0,67300,0.0,0.0
2023-09-28 13:00:00+09:00,1744.0,1749.0,1743.0,1747.0,0,0.0,0.0
2023-09-28 14:00:00+09:00,1748.0,1758.0,1744.0,1747.0,96500,0.0,0.0
2023-09-29 09:00:00+09:00,1771.0,1774.0,1730.0,1732.0,59500,0.0,0.0
2023-09-29 10:00:00+09:00,1735.0,1738.0,1711.0,1711.0,11900,0.0,0.0
2023-09-29 11:00:00+09:00,1710.0,1710.0,1700.0,1704.0,0,0.0,0.0
2023-09-29 12:00:00+09:00,1704.0,1712.0,1704.0,1705.0,90400,0.0,0.0
2023-09-29 13:00:00+09:00,1706.0,1707.0,1696.0,1697.0,19300,0.0,0.0
2023-09-29 14:00:00+09:00,1696.0,1701.0,1688.0,1700.0,25200,0.0,0.0
2023-10-02 09:00:00+09:00,1706.0,1734.0,1704.0,1733.0,24500,0.0,0.0
2023-10-02 10:00:00+09:00,1732.0,1742.0,1725.0,1740.0,7700,0.0,0.0
2023-10-02 11:00:00+09:00,1737.0,1744.0,1735.0,1736.0,0,0.0,0.0
2023-10-02 12:00:00+09:00,1737.0,1738.0,1721.0,1722.0,52500,0.0,0.0
2023-10-02 13:00:00+09:00,1725.0,1727.0,1707.0,1716.0,13700,0.0,0.0
2023-10-02 14:00:00+09:00,1715.0,1718.0,1702.0,1705.0,14100,0.0,0.0
2023-10-03 09:00:00+09:00,1692.0,1699.0,1664.0,1679.0,16100,0.0,0.0
2023-10-03 10:00:00+09:00,1676.0,1678.0,1665.0,1668.0,5600,0.0,0.0
2023-10-03 11:00:00+09:00,1668.0,1675.0,1668.0,1673.0,0,0.0,0.0
2023-10-03 12:00:00+09:00,1675.0,1675.0,1665.0,1665.0,39500,0.0,0.0
2023-10-03 13:00:00+09:00,1664.0,1664.0,1654.0,1654.0,10100,0.0,0.0
2023-10-03 14:00:00+09:00,1653.0,1658.0,1645.0,1645.0,15400,0.0,0.0
2023-10-04 09:00:00+09:00,1600.0,1601.0,1575.0,1591.0,26700,0.0,0.0
2023-10-04 10:00:00+09:00,1592.0,1595.0,1585.0,1590.0,16900,0.0,0.0
2023-10-04 11:00:00+09:00,1589.0,1590.0,1584.0,1587.0,0,0.0,0.0
2023-10-04 12:00:00+09:00,1588.0,1594.0,1567.0,1571.0,74700,0.0,0.0
2023-10-04 13:00:00+09:00,1570.0,1589.0,1565.0,1580.0,20200,0.0,0.0
2023-10-04 14:00:00+09:00,1579.0,1579.0,1553.0,1555.0,29800,0.0,0.0
2023-10-05 09:00:00+09:00,1561.0,1579.0,1551.0,1563.0,22200,0.0,0.0
2023-10-05 10:00:00+09:00,1562.0,1567.0,1551.0,1557.0,10700,0.0,0.0
2023-10-05 11:00:00+09:00,1559.0,1562.0,1555.0,1560.0,0,0.0,0.0
2023-10-05 12:00:00+09:00,1560.0,1572.0,1560.0,1570.0,43000,0.0,0.0
2023-10-05 13:00:00+09:00,1569.0,1579.0,1569.0,1574.0,11200,0.0,0.0
2023-10-05 14:00:00+09:00,1573.0,1574.0,1566.0,1570.0,16200,0.0,0.0
2023-10-06 09:00:00+09:00,1571.0,1599.0,1566.0,1599.0,0,0.0,0.0
2023-10-06 10:00:00+09:00,1598.0,1610.0,1598.0,1601.0,21000,0.0,0.0
2023-10-06 11:00:00+09:00,1602.0,1604.0,1599.0,1603.0,0,0.0,0.0
2023-10-06 12:00:00+09:00,1615.0,1615.0,1609.0,1610.0,28600,0.0,0.0
2023-10-06 13:00:00+09:00,1611.0,1617.0,1608.0,1608.0,7400,0.0,0.0
2023-10-06 14:00:00+09:00,1606.0,1613.0,1604.0,1605.0,12200,0.0,0.0
2023-10-10 09:00:00+09:00,1640.0,1664.0,1629.0,1663.0,22300,0.0,0.0
2023-10-10 10:00:00+09:00,1665.0,1668.0,1657.0,1660.0,7600,0.0,0.0
2023-10-10 11:00:00+09:00,1660.0,1665.0,1656.0,1665.0,0,0.0,0.0
2023-10-10 12:00:00+09:00,1665.0,1665.0,1658.0,1659.0,39700,0.0,0.0
2023-10-10 13:00:00+09:00,1660.0,1667.0,1654.0,1665.0,10400,0.0,0.0
2023-10-10 14:00:00+09:00,1666.0,1673.0,1662.0,1671.0,11600,0.0,0.0
2023-10-11 09:00:00+09:00,1668.0,1669.0,1658.0,1665.0,0,0.0,0.0
2023-10-11 10:00:00+09:00,1661.0,1665.0,1655.0,1656.0,12800,0.0,0.0
2023-10-11 11:00:00+09:00,1655.0,1655.0,1651.0,1651.0,0,0.0,0.0
2023-10-11 12:00:00+09:00,1657.0,1663.0,1657.0,1663.0,17600,0.0,0.0
2023-10-11 13:00:00+09:00,1662.0,1663.0,1657.0,1659.0,4800,0.0,0.0
2023-10-11 14:00:00+09:00,1659.0,1660.0,1647.0,1647.0,8800,0.0,0.0
2023-10-12 09:00:00+09:00,1670.0,1672.0,1649.0,1653.0,11500,0.0,0.0
2023-10-12 10:00:00+09:00,1652.0,1668.0,1650.0,1661.0,7900,0.0,0.0
2023-10-12 11:00:00+09:00,1667.0,1669.0,1665.0,1668.0,0,0.0,0.0
2023-10-12 12:00:00+09:00,1674.0,1674.0,1667.0,1668.0,26100,0.0,0.0
2023-10-12 13:00:00+09:00,1668.0,1674.0,1668.0,1671.0,5200,0.0,0.0
2023-10-12 14:00:00+09:00,1671.0,1682.0,1670.0,1680.0,13200,0.0,0.0
2023-10-13 09:00:00+09:00,1654.0,1656.0,1643.0,1647.0,18900,0.0,0.0
2023-10-13 10:00:00+09:00,1644.0,1664.0,1642.0,1659.0,16400,0.0,0.0
2023-10-13 11:00:00+09:00,1659.0,1659.0,1648.0,1648.0,0,0.0,0.0
2023-10-13 12:00:00+09:00,1643.0,1648.0,1639.0,1639.0,41400,0.0,0.0
2023-10-13 13:00:00+09:00,1637.0,1639.0,1625.0,1626.0,10100,0.0,0.0
2023-10-13 14:00:00+09:00,1627.0,1632.0,1625.0,1631.0,11800,0.0,0.0
2023-10-16 09:00:00+09:00,1609.0,1636.0,1605.0,1623.0,0,0.0,0.0
2023-10-16 10:00:00+09:00,1622.0,1622.0,1611.0,1619.0,16100,0.0,0.0
2023-10-16 11:00:00+09:00,1618.0,1618.0,1612.0,1615.0,0,0.0,0.0
2023-10-16 12:00:00+09:00,1613.0,1613.0,1609.0,1612.0,21600,0.0,0.0
2023-10-16 13:00:00+09:00,1608.0,1620.0,1608.0,1617.0,0,0.0,0.0
2023-10-16 14:00:00+09:00,1616.0,1620.0,1609.0,1620.0,41200,0.0,0.0
2023-10-17 09:00:00+09:00,1639.0,1657.0,1634.0,1644.0,9600,0.0,0.0
2023-10-17 10:00:00+09:00,1644.0,1644.0,1625.0,1629.0,15200,0.0,0.0
2023-10-17 11:00:00+09:00,1630.0,1630.0,1618.0,1619.0,0,0.0,0.0
2023-10-17 12:00:00+09:00,1620.0,1622.0,1613.0,1619.0,34100,0.0,0.0
2023-10-17 13:00:00+09:00,1619.0,1621.0,1611.0,1612.0,5500,0.0,0.0
2023-10-17 14:00:00+09:00,1614.0,1628.0,1614.0,1627.0,10800,0.0,0.0
2023-10-18 09:00:00+09:00,1647.0,1647.0,1621.0,1624.0,7700,0.0,0.0
2023-10-18 10:00:00+09:00,1622.0,1622.0,1615.0,1618.0,5200,0.0,0.0
2023-10-18 11:00:00+09:00,1620.0,1625.0,1617.0,1618.0,0,0.0,0.0
2023-10-18 12:00:00+09:00,1616.0,1625.0,1614.0,1625.0,23800,0.0,0.0
2023-10-18 13:00:00+09:00,1623.0,1629.0,1623.0,1627.0,4800,0.0,0.0
2023-10-18 14:00:00+09:00,1626.0,1638.0,1625.0,1635.0,8400,0.0,0.0
2023-10-19 09:00:00+09:00,1595.0,1619.0,1595.0,1619.0,4100,0.0,0.0
2023-10-19 10:00:00+09:00,1616.0,1621.0,1612.0,1612.0,14100,0.0,0.0
2023-10-19 11:00:00+09:00,1611.0,1611.0,1604.0,1604.0,0,0.0,0.0
2023-10-19 12:00:00+09:00,1602.0,1608.0,1602.0,1608.0,22900,0.0,0.0
2023-10-19 13:00:00+09:00,1605.0,1617.0,1605.0,1615.0,1400,0.0,0.0
2023-10-19 14:00:00+09:00,1617.0,1617.0,1611.0,1613.0,5900,0.0,0.0
2023-10-20 09:00:00+09:00,1613.0,1619.0,1591.0,1591.0,9400,0.0,0.0
2023-10-20 10:00:00+09:00,1591.0,1604.0,1585.0,1604.0,3500,0.0,0.0
2023-10-20 11:00:00+09:00,1605.0,1615.0,1605.0,1615.0,0,0.0,0.0
2023-10-20 12:00:00+09:00,1619.0,1621.0,1615.0,1619.0,18300,0.0,0.0
2023-10-20 13:00:00+09:00,1617.0,1622.0,1614.0,1615.0,4800,0.0,0.0
2023-10-20 14:00:00+09:00,1616.0,1619.0,1608.0,1608.0,8400,0.0,0.0
2023-10-23 09:00:00+09:00,1587.0,1601.0,1585.0,1595.0,6100,0.0,0.0
2023-10-23 10:00:00+09:00,1596.0,1616.0,1596.0,1615.0,7300,0.0,0.0
2023-10-23 11:00:00+09:00,1614.0,1614.0,1606.0,1606.0,0,0.0,0.0
2023-10-23 12:00:00+09:00,1608.0,1609.0,1600.0,1600.0,18400,0.0,0.0
2023-10-23 13:00:00+09:00,1599.0,1602.0,1598.0,1601.0,9700,0.0,0.0
2023-10-23 14:00:00+09:00,1600.0,1603.0,1593.0,1593.0,8400,0.0,0.0
2023-10-24 09:00:00+09:00,1600.0,1600.0,1549.0,1549.0,12900,0.0,0.0
2023-10-24 10:00:00+09:00,1551.0,1554.0,1533.0,1541.0,13000,0.0,0.0
2023-10-24 11:00:00+09:00,1541.0,1566.0,1541.0,1555.0,0,0.0,0.0
2023-10-24 12:00:00+09:00,1546.0,1562.0,1546.0,1551.0,43900,0.0,0.0
2023-10-24 13:00:00+09:00,1553.0,1569.0,1551.0,1569.0,12600,0.0,0.0
2023-10-24 14:00:00+09:00,1571.0,1585.0,1570.0,1580.0,17700,0.0,0.0
2023-10-25 09:00:00+09:00,1602.0,1620.0,1589.0,1600.0,20500,0.0,0.0
2023-10-25 10:00:00+09:00,1599.0,1609.0,1597.0,1607.0,8800,0.0,0.0
2023-10-25 11:00:00+09:00,1606.0,1615.0,1603.0,1615.0,0,0.0,0.0
2023-10-25 12:00:00+09:00,1618.0,1618.0,1610.0,1611.0,39500,0.0,0.0
2023-10-25 13:00:00+09:00,1610.0,1614.0,1608.0,1609.0,6200,0.0,0.0
2023-10-25 14:00:00+09:00,1608.0,1610.0,1593.0,1598.0,12100,0.0,0.0
2023-10-26 09:00:00+09:00,1588.0,1619.0,1585.0,1603.0,17300,0.0,0.0
2023-10-26 10:00:00+09:00,1601.0,1605.0,1594.0,1595.0,14800,0.0,0.0
2023-10-26 11:00:00+09:00,1596.0,1599.0,1586.0,1586.0,0,0.0,0.0
2023-10-26 12:00:00+09:00,1589.0,1603.0,1589.0,1600.0,43100,0.0,0.0
2023-10-26 13:00:00+09:00,1600.0,1600.0,1593.0,1599.0,10700,0.0,0.0
2023-10-26 14:00:00+09:00,1598.0,1601.0,1589.0,1597.0,19800,0.0,0.0
2023-10-27 09:00:00+09:00,1594.0,1627.0,1594.0,1623.0,26700,0.0,0.0
2023-10-27 10:00:00+09:00,1622.0,1628.0,1618.0,1623.0,11700,0.0,0.0
2023-10-27 11:00:00+09:00,1623.0,1630.0,1623.0,1630.0,0,0.0,0.0
2023-10-27 12:00:00+09:00,1645.0,1645.0,1616.0,1618.0,51000,0.0,0.0
2023-10-27 13:00:00+09:00,1618.0,1630.0,1614.0,1630.0,9000,0.0,0.0
2023-10-27 14:00:00+09:00,1629.0,1634.0,1622.0,1630.0,17000,0.0,0.0
2023-10-30 09:00:00+09:00,1635.0,1635.0,1577.0,1580.0,20300,0.0,0.0
2023-10-30 10:00:00+09:00,1580.0,1580.0,1568.0,1571.0,7700,0.0,0.0
2023-10-30 11:00:00+09:00,1573.0,1573.0,1559.0,1565.0,0,0.0,0.0
2023-10-30 12:00:00+09:00,1565.0,1569.0,1563.0,1564.0,35300,0.0,0.0
2023-10-30 13:00:00+09:00,1563.0,1563.0,1545.0,1559.0,22500,0.0,0.0
2023-10-30 14:00:00+09:00,1560.0,1582.0,1559.0,1581.0,19400,0.0,0.0
2023-10-31 09:00:00+09:00,1588.0,1608.0,1586.0,1605.0,12800,0.0,0.0
2023-10-31 10:00:00+09:00,1605.0,1605.0,1574.0,1574.0,8700,0.0,0.0
2023-10-31 11:00:00+09:00,1571.0,1573.0,1566.0,1570.0,0,0.0,0.0
2023-10-31 12:00:00+09:00,1578.0,1591.0,1575.0,1587.0,34400,0.0,0.0
2023-10-31 13:00:00+09:00,1588.0,1598.0,1578.0,1586.0,8400,0.0,0.0
2023-10-31 14:00:00+09:00,1587.0,1608.0,1587.0,1604.0,28600,0.0,0.0
2023-11-01 09:00:00+09:00,1627.0,1643.0,1619.0,1637.0,21400,0.0,0.0
2023-11-01 10:00:00+09:00,1638.0,1648.0,1631.0,1638.0,28300,0.0,0.0
2023-11-01 11:00:00+09:00,1637.0,1638.0,1627.0,1627.0,0,0.0,0.0
2023-11-01 12:00:00+09:00,1623.0,1635.0,1623.0,1624.0,66400,0.0,0.0
2023-11-01 13:00:00+09:00,1624.0,1635.0,1621.0,1635.0,8000,0.0,0.0
2023-11-01 14:00:00+09:00,1635.0,1639.0,1629.0,1633.0,16000,0.0,0.0
2023-11-02 09:00:00+09:00,1660.0,1671.0,1656.0,1665.0,11400,0.0,0.0
2023-11-02 10:00:00+09:00,1658.0,1658.0,1642.0,1647.0,2900,0.0,0.0
2023-11-02 11:00:00+09:00,1645.0,1645.0,1637.0,1637.0,0,0.0,0.0
2023-11-02 12:00:00+09:00,1639.0,1639.0,1632.0,1633.0,20900,0.0,0.0
2023-11-02 13:00:00+09:00,1632.0,1636.0,1625.0,1630.0,6300,0.0,0.0
2023-11-02 14:00:00+09:00,1631.0,1633.0,1626.0,1628.0,7600,0.0,0.0
2023-11-06 09:00:00+09:00,1666.0,1666.0,1650.0,1662.0,12700,0.0,0.0
2023-11-06 10:00:00+09:00,1662.0,1671.0,1662.0,1664.0,4900,0.0,0.0
2023-11-06 11:00:00+09:00,1665.0,1667.0,1663.0,1663.0,0,0.0,0.0
2023-11-06 12:00:00+09:00,1663.0,1664.0,1658.0,1664.0,23700,0.0,0.0
2023-11-06 13:00:00+09:00,1668.0,1674.0,1665.0,1667.0,4600,0.0,0.0
2023-11-06 14:00:00+09:00,1666.0,1672.0,1664.0,1670.0,8400,0.0,0.0
2023-11-07 09:00:00+09:00,1678.0,1694.0,1674.0,1685.0,16300,0.0,0.0
2023-11-07 10:00:00+09:00,1685.0,1689.0,1679.0,1680.0,6400,0.0,0.0
2023-11-07 11:00:00+09:00,1679.0,1679.0,1677.0,1679.0,0,0.0,0.0
2023-11-07 12:00:00+09:00,1679.0,1679.0,1671.0,1673.0,28300,0.0,0.0
2023-11-07 13:00:00+09:00,1671.0,1671.0,1664.0,1664.0,3900,0.0,0.0
2023-11-07 14:00:00+09:00,1665.0,1672.0,1665.0,1666.0,7600,0.0,0.0
2023-11-08 09:00:00+09:00,1674.0,1681.0,1650.0,1652.0,10000,0.0,0.0
2023-11-08 10:00:00+09:00,1652.0,1654.0,1637.0,1643.0,7400,0.0,0.0
2023-11-08 11:00:00+09:00,1637.0,1651.0,1637.0,1651.0,0,0.0,0.0
2023-11-08 12:00:00+09:00,1637.0,1641.0,1611.0,1617.0,28800,0.0,0.0
2023-11-08 13:00:00+09:00,1618.0,1626.0,1614.0,1623.0,6400,0.0,0.0
2023-11-08 14:00:00+09:00,1622.0,1624.0,1616.0,1617.0,17800,0.0,0.0
2023-11-09 09:00:00+09:00,1620.0,1631.0,1609.0,1625.0,14300,0.0,0.0
2023-11-09 10:00:00+09:00,1627.0,1636.0,1625.0,1626.0,6700,0.0,0.0
2023-11-09 11:00:00+09:00,1626.0,1631.0,1626.0,1629.0,0,0.0,0.0
2023-11-09 12:00:00+09:00,1623.0,1629.0,1623.0,1629.0,27200,0.0,0.0
2023-11-09 13:00:00+09:00,1629.0,1638.0,1626.0,1638.0,5800,0.0,0.0
2023-11-09 14:00:00+09:00,1638.0,1649.0,1635.0,1644.0,10600,0.0,0.0
2023-11-10 09:00:00+09:00,1632.0,1639.0,1622.0,1633.0,27400,0.0,0.0
2023-11-10 10:00:00+09:00,1636.0,1639.0,1628.0,1634.0,4600,0.0,0.0
2023-11-10 11:00:00+09:00,1632.0,1642.0,1629.0,1638.0,0,0.0,0.0
2023-11-10 12:00:00+09:00,1642.0,1647.0,1635.0,1647.0,43700,0.0,0.0
2023-11-10 13:00:00+09:00,1647.0,1652.0,1645.0,1651.0,10200,0.0,0.0
2023-11-10 14:00:00+09:00,1653.0,1659.0,1652.0,1659.0,9100,0.0,0.0
2023-11-13 09:00:00+09:00,1679.0,1683.0,1657.0,1664.0,35900,0.0,0.0
2023-11-13 10:00:00+09:00,1663.0,1666.0,1654.0,1657.0,13600,0.0,0.0
2023-11-13 11:00:00+09:00,1657.0,1658.0,1653.0,1653.0,0,0.0,0.0
2023-11-13 12:00:00+09:00,1645.0,1649.0,1641.0,1643.0,62000,0.0,0.0
2023-11-13 13:00:00+09:00,1642.0,1650.0,1642.0,1646.0,10600,0.0,0.0
2023-11-13 14:00:00+09:00,1645.0,1655.0,1639.0,1648.0,19700,0.0,0.0
2023-11-14 09:00:00+09:00,1655.0,1670.0,1646.0,1655.0,24100,0.0,0.0
2023-11-14 10:00:00+09:00,1657.0,1663.0,1656.0,1660.0,11000,0.0,0.0
2023-11-14 11:00:00+09:00,1661.0,1661.0,1648.0,1651.0,0,0.0,0.0
2023-11-14 12:00:00+09:00,1651.0,1663.0,1649.0,1659.0,49100,0.0,0.0
2023-11-14 13:00:00+09:00,1659.0,1659.0,1651.0,1657.0,8400,0.0,0.0
2023-11-14 14:00:00+09:00,1658.0,1662.0,1651.0,1660.0,24200,0.0,0.0
2023-11-15 09:00:00+09:00,1880.0,1928.0,1862.0,1884.0,150300,0.0,0.0
2023-11-15 10:00:00+09:00,1885.0,1918.0,1878.0,1918.0,79600,0.0,0.0
2023-11-15 11:00:00+09:00,1918.0,1923.0,1900.0,1902.0,0,0.0,0.0
2023-11-15 12:00:00+09:00,1901.0,1921.0,1897.0,1920.0,291200,0.0,0.0
2023-11-15 13:00:00+09:00,1922.0,1941.0,1920.0,1929.0,43700,0.0,0.0
2023-11-15 14:00:00+09:00,1929.0,1943.0,1926.0,1942.0,42500,0.0,0.0
2023-11-16 09:00:00+09:00,1950.0,1969.0,1925.0,1935.0,92500,0.0,0.0
2023-11-16 10:00:00+09:00,1931.0,1947.0,1911.0,1916.0,27600,0.0,0.0
2023-11-16 11:00:00+09:00,1916.0,1927.0,1908.0,1918.0,0,0.0,0.0
2023-11-16 12:00:00+09:00,1916.0,1925.0,1904.0,1924.0,146400,0.0,0.0
2023-11-16 13:00:00+09:00,1923.0,1941.0,1921.0,1939.0,24900,0.0,0.0
2023-11-16 14:00:00+09:00,1939.0,1955.0,1938.0,1942.0,39400,0.0,0.0
2023-11-17 09:00:00+09:00,1923.0,1929.0,1898.0,1898.0,40200,0.0,0.0
2023-11-17 10:00:00+09:00,1896.0,1903.0,1886.0,1901.0,30900,0.0,0.0
2023-11-17 11:00:00+09:00,1901.0,1902.0,1896.0,1902.0,0,0.0,0.0
2023-11-17 12:00:00+09:00,1909.0,1919.0,1908.0,1919.0,89800,0.0,0.0
2023-11-17 13:00:00+09:00,1920.0,1921.0,1911.0,1921.0,10900,0.0,0.0
2023-11-17 14:00:00+09:00,1922.0,1933.0,1918.0,1932.0,31600,0.0,0.0
2023-11-20 09:00:00+09:00,1944.0,1967.0,1943.0,1947.0,0,0.0,0.0
2023-11-20 10:00:00+09:00,1944.0,1946.0,1925.0,1938.0,50200,0.0,0.0
2023-11-20 11:00:00+09:00,1940.0,1942.0,1933.0,1934.0,0,0.0,0.0
2023-11-20 12:00:00+09:00,1933.0,1935.0,1921.0,1921.0,62700,0.0,0.0
2023-11-20 13:00:00+09:00,1919.0,1919.0,1907.0,1912.0,10100,0.0,0.0
2023-11-20 14:00:00+09:00,1912.0,1914.0,1896.0,1896.0,29100,0.0,0.0
2023-11-21 09:00:00+09:00,1892.0,1914.0,1880.0,1890.0,26100,0.0,0.0
2023-11-21 10:00:00+09:00,1890.0,1898.0,1879.0,1896.0,12200,0.0,0.0
2023-11-21 11:00:00+09:00,1895.0,1903.0,1886.0,1886.0,0,0.0,0.0
2023-11-21 12:00:00+09:00,1882.0,1892.0,1882.0,1892.0,56000,0.0,0.0
2023-11-21 13:00:00+09:00,1891.0,1896.0,1886.0,1893.0,11900,0.0,0.0
2023-11-21 14:00:00+09:00,1892.0,1899.0,1884.0,1893.0,22000,0.0,0.0
2023-11-22 09:00:00+09:00,1892.0,1945.0,1888.0,1923.0,40200,0.0,0.0
2023-11-22 10:00:00+09:00,1922.0,1931.0,1916.0,1929.0,14700,0.0,0.0
2023-11-22 11:00:00+09:00,1927.0,1931.0,1921.0,1931.0,0,0.0,0.0
2023-11-22 12:00:00+09:00,1932.0,1936.0,1928.0,1935.0,75200,0.0,0.0
2023-11-22 13:00:00+09:00,1934.0,1944.0,1931.0,1943.0,14500,0.0,0.0
2023-11-22 14:00:00+09:00,1944.0,1948.0,1940.0,1947.0,23800,0.0,0.0
2023-11-24 09:00:00+09:00,1980.0,2000.0,1969.0,1978.0,0,0.0,0.0
2023-11-24 10:00:00+09:00,1978.0,1988.0,1973.0,1986.0,29900,0.0,0.0
2023-11-24 11:00:00+09:00,1984.0,1989.0,1979.0,1988.0,0,0.0,0.0
2023-11-24 12:00:00+09:00,1985.0,1993.0,1979.0,1989.0,55600,0.0,0.0
2023-11-24 13:00:00+09:00,1994.0,1994.0,1980.0,1982.0,0,0.0,0.0
2023-11-24 14:00:00+09:00,1979.0,1983.0,1974.0,1981.0,85400,0.0,0.0
2023-11-27 09:00:00+09:00,2000.0,2013.0,1974.0,1978.0,25200,0.0,0.0
2023-11-27 10:00:00+09:00,1977.0,1990.0,1962.0,1968.0,16300,0.0,0.0
2023-11-27 11:00:00+09:00,1968.0,1975.0,1968.0,1975.0,0,0.0,0.0
2023-11-27 12:00:00+09:00,1974.0,1976.0,1967.0,1976.0,54500,0.0,0.0
2023-11-27 13:00:00+09:00,1975.0,1975.0,1958.0,1965.0,0,0.0,0.0
2023-11-27 14:00:00+09:00,1963.0,1964.0,1954.0,1957.0,81200,0.0,0.0
2023-11-28 09:00:00+09:00,1969.0,1999.0,1959.0,1997.0,26100,0.0,0.0
2023-11-28 10:00:00+09:00,1995.0,1998.0,1991.0,1994.0,7700,0.0,0.0
2023-11-28 11:00:00+09:00,1995.0,2000.0,1994.0,1994.0,0,0.0,0.0
2023-11-28 12:00:00+09:00,1999.0,2001.0,1986.0,1991.0,47000,0.0,0.0
2023-11-28 13:00:00+09:00,1990.0,2006.0,1985.0,2002.0,19000,0.0,0.0
2023-11-28 14:00:00+09:00,2003.0,2009.0,1999.0,2008.0,16800,0.0,0.0
2023-11-29 09:00:00+09:00,2008.0,2026.0,1984.0,1994.0,32500,0.0,0.0
2023-11-29 10:00:00+09:00,1994.0,2024.0,1993.0,2024.0,17000,0.0,0.0
2023-11-29 11:00:00+09:00,2022.0,2033.0,2018.0,2021.0,0,0.0,0.0
2023-11-29 12:00:00+09:00,2022.0,2022.0,2012.0,2012.0,65800,0.0,0.0
2023-11-29 13:00:00+09:00,2012.0,2014.0,2001.0,2010.0,11700,0.0,0.0
2023-11-29 14:00:00+09:00,2008.0,2009.0,1999.0,2006.0,14100,0.0,0.0
2023-11-30 09:00:00+09:00,1985.0,2017.0,1972.0,1983.0,23500,0.0,0.0
2023-11-30 10:00:00+09:00,1981.0,1987.0,1977.0,1984.0,6800,0.0,0.0
2023-11-30 11:00:00+09:00,1981.0,1995.0,1981.0,1993.0,0,0.0,0.0
2023-11-30 12:00:00+09:00,1993.0,1995.0,1991.0,1993.0,38500,0.0,0.0
2023-11-30 13:00:00+09:00,1993.0,1997.0,1989.0,1995.0,4900,0.0,0.0
2023-11-30 14:00:00+09:00,1995.0,2013.0,1991.0,2000.0,29000,0.0,0.0
2023-12-01 09:00:00+09:00,2008.0,2014.0,1992.0,2007.0,12800,0.0,0.0
2023-12-01 10:00:00+09:00,2005.0,2012.0,1996.0,2004.0,8200,0.0,0.0
2023-12-01 11:00:00+09:00,2002.0,2005.0,2000.0,2003.0,0,0.0,0.0
2023-12-01 12:00:00+09:00,2011.0,2013.0,2000.0,2005.0,30200,0.0,0.0
2023-12-01 13:00:00+09:00,2004.0,2007.0,2000.0,2007.0,4300,0.0,0.0
2023-12-01 14:00:00+09:00,2004.0,2004.0,1989.0,1990.0,10700,0.0,0.0
2023-12-04 09:00:00+09:00,1958.0,1966.0,1939.0,1956.0,20600,0.0,0.0
2023-12-04 10:00:00+09:00,1954.0,1967.0,1952.0,1956.0,15600,0.0,0.0
2023-12-04 11:00:00+09:00,1954.0,1955.0,1950.0,1955.0,0,0.0,0.0
2023-12-04 12:00:00+09:00,1948.0,1952.0,1940.0,1943.0,44500,0.0,0.0
2023-12-04 13:00:00+09:00,1943.0,1956.0,1941.0,1954.0,7700,0.0,0.0
2023-12-04 14:00:00+09:00,1954.0,1954.0,1936.0,1939.0,14600,0.0,0.0
2023-12-05 09:00:00+09:00,1949.0,1981.0,1940.0,1970.0,25100,0.0,0.0
2023-12-05 10:00:00+09:00,1969.0,1971.0,1960.0,1962.0,10700,0.0,0.0
2023-12-05 11:00:00+09:00,1962.0,1962.0,1953.0,1959.0,0,0.0,0.0
2023-12-05 12:00:00+09:00,1960.0,1972.0,1956.0,1970.0,53100,0.0,0.0
2023-12-05 13:00:00+09:00,1970.0,1976.0,1965.0,1969.0,21200,0.0,0.0
2023-12-05 14:00:00+09:00,1970.0,1974.0,1961.0,1963.0,19800,0.0,0.0
2023-12-06 09:00:00+09:00,1961.0,1994.0,1950.0,1993.0,17100,0.0,0.0
2023-12-06 10:00:00+09:00,1992.0,2016.0,1992.0,2015.0,29100,0.0,0.0
2023-12-06 11:00:00+09:00,2015.0,2019.0,2014.0,2019.0,0,0.0,0.0
2023-12-06 12:00:00+09:00,2025.0,2032.0,2023.0,2028.0,68300,0.0,0.0
2023-12-06 13:00:00+09:00,2029.0,2031.0,2024.0,2030.0,14800,0.0,0.0
2023-12-06 14:00:00+09:00,2030.0,2038.0,2030.0,2034.0,17000,0.0,0.0
2023-12-07 09:00:00+09:00,2002.0,2002.0,1981.0,1982.0,25000,0.0,0.0
2023-12-07 10:00:00+09:00,1984.0,1998.0,1984.0,1986.0,12000,0.0,0.0
2023-12-07 11:00:00+09:00,1985.0,1986.0,1981.0,1984.0,0,0.0,0.0
2023-12-07 12:00:00+09:00,1978.0,1979.0,1973.0,1979.0,51900,0.0,0.0
2023-12-07 13:00:00+09:00,1980.0,1986.0,1974.0,1975.0,10400,0.0,0.0
2023-12-07 14:00:00+09:00,1974.0,1989.0,1973.0,1985.0,25400,0.0,0.0
2023-12-08 09:00:00+09:00,1951.0,1972.0,1931.0,1939.0,42200,0.0,0.0
2023-12-08 10:00:00+09:00,1939.0,1940.0,1919.0,1927.0,18200,0.0,0.0
2023-12-08 11:00:00+09:00,1928.0,1928.0,1920.0,1922.0,0,0.0,0.0
2023-12-08 12:00:00+09:00,1920.0,1925.0,1915.0,1919.0,73800,0.0,0.0
2023-12-08 13:00:00+09:00,1920.0,1924.0,1904.0,1905.0,16200,0.0,0.0
2023-12-08 14:00:00+09:00,1906.0,1913.0,1900.0,1911.0,28200,0.0,0.0
2023-12-11 09:00:00+09:00,1929.0,1944.0,1922.0,1934.0,19400,0.0,0.0
2023-12-11 10:00:00+09:00,1935.0,1948.0,1931.0,1944.0,9000,0.0,0.0
2023-12-11 11:00:00+09:00,1946.0,1950.0,1942.0,1945.0,0,0.0,0.0
2023-12-11 12:00:00+09:00,1947.0,1949.0,1944.0,1946.0,39300,0.0,0.0
2023-12-11 13:00:00+09:00,1948.0,1953.0,1946.0,1947.0,10400,0.0,0.0
2023-12-11 14:00:00+09:00,1946.0,1964.0,1944.0,1964.0,20800,0.0,0.0
2023-12-12 09:00:00+09:00,1994.0,1994.0,1958.0,1972.0,32200,0.0,0.0
2023-12-12 10:00:00+09:00,1969.0,1973.0,1968.0,1968.0,5500,0.0,0.0
2023-12-12 11:00:00+09:00,1965.0,1965.0,1953.0,1965.0,0,0.0,0.0
2023-12-12 12:00:00+09:00,1961.0,1961.0,1956.0,1959.0,57800,0.0,0.0
2023-12-12 13:00:00+09:00,1960.0,1963.0,1955.0,1958.0,9200,0.0,0.0
2023-12-12 14:00:00+09:00,1956.0,1971.0,1952.0,1969.0,9900,0.0,0.0
2023-12-13 09:00:00+09:00,1975.0,2000.0,1975.0,1993.0,0,0.0,0.0
2023-12-13 10:00:00+09:00,1994.0,1999.0,1981.0,1982.0,10100,0.0,0.0
2023-12-13 11:00:00+09:00,1983.0,1989.0,1981.0,1981.0,0,0.0,0.0
2023-12-13 12:00:00+09:00,1981.0,1986.0,1980.0,1986.0,65400,0.0,0.0
2023-12-13 13:00:00+09:00,1985.0,1997.0,1977.0,1997.0,11400,0.0,0.0
2023-12-13 14:00:00+09:00,1997.0,2010.0,1988.0,1991.0,23400,0.0,0.0
2023-12-14 09:00:00+09:00,2005.0,2020.0,1961.0,1966.0,66400,0.0,0.0
2023-12-14 10:00:00+09:00,1967.0,1981.0,1966.0,1979.0,13800,0.0,0.0
2023-12-14 11:00:00+09:00,1981.0,1988.0,1981.0,1985.0,0,0.0,0.0
2023-12-14 12:00:00+09:00,1980.0,1980.0,1957.0,1957.0,107100,0.0,0.0
2023-12-14 13:00:00+09:00,1958.0,1963.0,1945.0,1957.0,19000,0.0,0.0
2023-12-14 14:00:00+09:00,1957.0,1962.0,1943.0,1944.0,28600,0.0,0.0
2023-12-15 09:00:00+09:00,1930.0,1957.0,1930.0,1946.0,16300,0.0,0.0
2023-12-15 10:00:00+09:00,1944.0,1957.0,1940.0,1956.0,5500,0.0,0.0
2023-12-15 11:00:00+09:00,1952.0,1962.0,1952.0,1957.0,0,0.0,0.0
2023-12-15 12:00:00+09:00,1951.0,1962.0,1951.0,1962.0,30000,0.0,0.0
2023-12-15 13:00:00+09:00,1963.0,1964.0,1948.0,1950.0,6000,0.0,0.0
2023-12-15 14:00:00+09:00,1951.0,1953.0,1937.0,1948.0,35800,0.0,0.0
2023-12-18 09:00:00+09:00,1915.0,1921.0,1857.0,1868.0,16300,0.0,0.0
2023-12-18 10:00:00+09:00,1868.0,1876.0,1866.0,1873.0,7500,0.0,0.0
2023-12-18 11:00:00+09:00,1874.0,1880.0,1869.0,1880.0,0,0.0,0.0
2023-12-18 12:00:00+09:00,1876.0,1886.0,1874.0,1886.0,32400,0.0,0.0
2023-12-18 13:00:00+09:00,1886.0,1905.0,1883.0,1903.0,17300,0.0,0.0
2023-12-18 14:00:00+09:00,1903.0,1920.0,1903.0,1912.0,17800,0.0,0.0
2023-12-19 09:00:00+09:00,1903.0,1903.0,1879.0,1894.0,5500,0.0,0.0
2023-12-19 10:00:00+09:00,1891.0,1898.0,1884.0,1895.0,3800,0.0,0.0
2023-12-19 11:00:00+09:00,1898.0,1901.0,1892.0,1894.0,0,0.0,0.0
2023-12-19 12:00:00+09:00,1912.0,1924.0,1909.0,1912.0,18600,0.0,0.0
2023-12-19 13:00:00+09:00,1912.0,1912.0,1902.0,1906.0,5500,0.0,0.0
2023-12-19 14:00:00+09:00,1907.0,1914.0,1903.0,1914.0,8100,0.0,0.0
2023-12-20 09:00:00+09:00,1923.0,1923.0,1897.0,1906.0,11100,0.0,0.0
2023-12-20 10:00:00+09:00,1906.0,1908.0,1899.0,1901.0,5000,0.0,0.0
2023-12-20 11:00:00+09:00,1903.0,1904.0,1896.0,1897.0,0,0.0,0.0
2023-12-20 12:00:00+09:00,1898.0,1909.0,1898.0,1909.0,24500,0.0,0.0
2023-12-20 13:00:00+09:00,1909.0,1911.0,1899.0,1902.0,7100,0.0,0.0
2023-12-20 14:00:00+09:00,1902.0,1910.0,1900.0,1906.0,13000,0.0,0.0
2023-12-21 09:00:00+09:00,1890.0,1902.0,1881.0,1884.0,13100,0.0,0.0
2023-12-21 10:00:00+09:00,1884.0,1890.0,1876.0,1878.0,7700,0.0,0.0
2023-12-21 11:00:00+09:00,1878.0,1884.0,1873.0,1881.0,0,0.0,0.0
2023-12-21 12:00:00+09:00,1881.0,1881.0,1879.0,1881.0,30500,0.0,0.0
2023-12-21 13:00:00+09:00,1880.0,1884.0,1877.0,1878.0,5600,0.0,0.0
2023-12-21 14:00:00+09:00,1878.0,1885.0,1869.0,1869.0,13800,0.0,0.0
2023-12-22 09:00:00+09:00,1869.0,1889.0,1869.0,1885.0,6200,0.0,0.0
2023-12-22 10:00:00+09:00,1885.0,1890.0,1881.0,1881.0,3700,0.0,0.0
2023-12-22 11:00:00+09:00,1884.0,1884.0,1880.0,1881.0,0,0.0,0.0
2023-12-22 12:00:00+09:00,1884.0,1884.0,1873.0,1874.0,14800,0.0,0.0
2023-12-22 13:00:00+09:00,1871.0,1871.0,1861.0,1863.0,5100,0.0,0.0
2023-12-22 14:00:00+09:00,1862.0,1867.0,1860.0,1865.0,13500,0.0,0.0
2023-12-25 09:00:00+09:00,1870.0,1884.0,1868.0,1870.0,10900,0.0,0.0
2023-12-25 10:00:00+09:00,1872.0,1873.0,1862.0,1864.0,3600,0.0,0.0
2023-12-25 11:00:00+09:00,1862.0,1866.0,1862.0,1866.0,0,0.0,0.0
2023-12-25 12:00:00+09:00,1870.0,1870.0,1857.0,1857.0,19100,0.0,0.0
2023-12-25 13:00:00+09:00,1858.0,1859.0,1846.0,1848.0,4100,0.0,0.0
2023-12-25 14:00:00+09:00,1849.0,1849.0,1839.0,1844.0,15000,0.0,0.0
2023-12-26 09:00:00+09:00,1844.0,1856.0,1840.0,1849.0,14400,0.0,0.0
2023-12-26 10:00:00+09:00,1848.0,1852.0,1838.0,1840.0,4200,0.0,0.0
2023-12-26 11:00:00+09:00,1840.0,1840.0,1837.0,1839.0,0,0.0,0.0
2023-12-26 12:00:00+09:00,1841.0,1842.0,1837.0,1837.0,23200,0.0,0.0
2023-12-26 13:00:00+09:00,1836.0,1836.0,1830.0,1834.0,5600,0.0,0.0
2023-12-26 14:00:00+09:00,1835.0,1843.0,1834.0,1842.0,13100,0.0,0.0
2023-12-27 09:00:00+09:00,1879.0,1888.0,1859.0,1866.0,21100,0.0,0.0
2023-12-27 10:00:00+09:00,1867.0,1868.0,1863.0,1864.0,9800,0.0,0.0
2023-12-27 11:00:00+09:00,1864.0,1865.0,1860.0,1860.0,0,0.0,0.0
2023-12-27 12:00:00+09:00,1862.0,1863.0,1858.0,1859.0,38100,0.0,0.0
2023-12-27 13:00:00+09:00,1858.0,1861.0,1855.0,1857.0,9100,0.0,0.0
2023-12-27 14:00:00+09:00,1859.0,1865.0,1857.0,1862.0,27200,0.0,0.0
2023-12-28 09:00:00+09:00,1860.0,1884.0,1859.0,1884.0,9400,0.0,0.0
2023-12-28 10:00:00+09:00,1883.0,1887.0,1878.0,1887.0,7300,0.0,0.0
2023-12-28 11:00:00+09:00,1886.0,1889.0,1884.0,1889.0,0,0.0,0.0
2023-12-28 12:00:00+09:00,1897.0,1897.0,1888.0,1892.0,27500,0.0,0.0
2023-12-28 13:00:00+09:00,1892.0,1892.0,1886.0,1889.0,5200,0.0,0.0
2023-12-28 14:00:00+09:00,1891.0,1898.0,1885.0,1890.0,14800,0.0,0.0
2023-12-29 09:00:00+09:00,1900.0,1909.0,1878.0,1889.0,12300,0.0,0.0
2023-12-29 10:00:00+09:00,1890.0,1890.0,1882.0,1886.0,5100,0.0,0.0
2023-12-29 11:00:00+09:00,1885.0,1885.0,1883.0,1885.0,0,0.0,0.0
2023-12-29 12:00:00+09:00,1881.0,1885.0,1880.0,1881.0,21100,0.0,0.0
2023-12-29 13:00:00+09:00,1879.0,1879.0,1864.0,1869.0,6000,0.0,0.0
2023-12-29 14:00:00+09:00,1869.0,1874.0,1860.0,1874.0,8800,0.0,0.0
2024-01-04 09:00:00+09:00,1864.0,1885.0,1842.0,1884.0,15300,0.0,0.0
2024-01-04 10:00:00+09:00,1886.0,1912.0,1886.0,1907.0,12200,0.0,0.0
2024-01-04 11:00:00+09:00,1908.0,1908.0,1901.0,1902.0,0,0.0,0.0
2024-01-04 12:00:00+09:00,1904.0,1905.0,1895.0,1901.0,40100,0.0,0.0
2024-01-04 13:00:00+09:00,1901.0,1902.0,1886.0,1887.0,14000,0.0,0.0
2024-01-04 14:00:00+09:00,1887.0,1906.0,1887.0,1906.0,19700,0.0,0.0
2024-01-05 09:00:00+09:00,1928.0,1937.0,1917.0,1922.0,23500,0.0,0.0
2024-01-05 10:00:00+09:00,1924.0,1924.0,1913.0,1914.0,7200,0.0,0.0
2024-01-05 11:00:00+09:00,1913.0,1914.0,1908.0,1908.0,0,0.0,0.0
2024-01-05 12:00:00+09:00,1912.0,1920.0,1911.0,1911.0,37300,0.0,0.0
2024-01-05 13:00:00+09:00,1912.0,1921.0,1909.0,1916.0,8700,0.0,0.0
2024-01-05 14:00:00+09:00,1917.0,1921.0,1913.0,1918.0,13400,0.0,0.0
2024-01-09 09:00:00+09:00,1940.0,1946.0,1921.0,1927.0,15700,0.0,0.0
2024-01-09 10:00:00+09:00,1928.0,1932.0,1923.0,1925.0,8000,0.0,0.0
2024-01-09 11:00:00+09:00,1923.0,1928.0,1922.0,1927.0,0,0.0,0.0
2024-01-09 12:00:00+09:00,1925.0,1929.0,1918.0,1928.0,30400,0.0,0.0
2024-01-09 13:00:00+09:00,1928.0,1928.0,1913.0,1921.0,6500,0.0,0.0
2024-01-09 14:00:00+09:00,1923.0,1931.0,1923.0,1930.0,11700,0.0,0.0
2024-01-10 09:00:00+09:00,1931.0,1955.0,1931.0,1947.0,18100,0.0,0.0
2024-01-10 10:00:00+09:00,1948.0,1967.0,1948.0,1967.0,6200,0.0,0.0
2024-01-10 11:00:00+09:00,1967.0,1970.0,1958.0,1958.0,0,0.0,0.0
2024-01-10 12:00:00+09:00,1963.0,1965.0,1958.0,1959.0,37500,0.0,0.0
2024-01-10 13:00:00+09:00,1961.0,1968.0,1960.0,1961.0,7900,0.0,0.0
2024-01-10 14:00:00+09:00,1962.0,1968.0,1953.0,1963.0,22200,0.0,0.0
2024-01-11 09:00:00+09:00,2000.0,2020.0,1995.0,2012.0,43000,0.0,0.0
2024-01-11 10:00:00+09:00,2014.0,2018.0,2001.0,2003.0,11700,0.0,0.0
2024-01-11 11:00:00+09:00,2004.0,2008.0,2001.0,2006.0,0,0.0,0.0
2024-01-11 12:00:00+09:00,2008.0,2009.0,2002.0,2002.0,66100,0.0,0.0
2024-01-11 13:00:00+09:00,2003.0,2003.0,1993.0,1996.0,10200,0.0,0.0
2024-01-11 14:00:00+09:00,1996.0,1996.0,1981.0,1981.0,16500,0.0,0.0
2024-01-12 09:00:00+09:00,2008.0,2012.0,1973.0,1973.0,0,0.0,0.0
2024-01-12 10:00:00+09:00,1974.0,1982.0,1972.0,1975.0,10200,0.0,0.0
2024-01-12 11:00:00+09:00,1977.0,1977.0,1970.0,1970.0,0,0.0,0.0
2024-01-12 12:00:00+09:00,1970.0,1970.0,1961.0,1969.0,46800,0.0,0.0
2024-01-12 13:00:00+09:00,1968.0,1971.0,1966.0,1967.0,9000,0.0,0.0
2024-01-12 14:00:00+09:00,1966.0,1975.0,1964.0,1966.0,18300,0.0,0.0
2024-01-15 09:00:00+09:00,1979.0,1990.0,1968.0,1990.0,0,0.0,0.0
2024-01-15 10:00:00+09:00,1992.0,2018.0,1992.0,2012.0,33700,0.0,0.0
2024-01-15 11:00:00+09:00,2013.0,2014.0,2011.0,2014.0,0,0.0,0.0
2024-01-15 12:00:00+09:00,2012.0,2018.0,2011.0,2017.0,44000,0.0,0.0
2024-01-15 13:00:00+09:00,2018.0,2024.0,2014.0,2015.0,10800,0.0,0.0
2024-01-15 14:00:00+09:00,2016.0,2016.0,2010.0,2013.0,13300,0.0,0.0
2024-01-16 09:00:00+09:00,2010.0,2010.0,1992.0,1992.0,8000,0.0,0.0
2024-01-16 10:00:00+09:00,1991.0,1992.0,1982.0,1991.0,5700,0.0,0.0
2024-01-16 11:00:00+09:00,1991.0,1994.0,1990.0,1990.0,0,0.0,0.0
2024-01-16 12:00:00+09:00,1985.0,1990.0,1982.0,1986.0,19700,0.0,0.0
2024-01-16 13:00:00+09:00,1981.0,1987.0,1981.0,1985.0,6900,0.0,0.0
2024-01-16 14:00:00+09:00,1986.0,1993.0,1982.0,1984.0,11200,0.0,0.0
2024-01-17 09:00:00+09:00,2124.0,2161.0,2055.0,2150.0,142800,0.0,0.0
2024-01-17 10:00:00+09:00,2150.0,2230.0,2148.0,2209.0,129800,0.0,0.0
2024-01-17 11:00:00+09:00,2208.0,2238.0,2208.0,2234.0,0,0.0,0.0
2024-01-17 12:00:00+09:00,2238.0,2251.0,2193.0,2196.0,378600,0.0,0.0
2024-01-17 13:00:00+09:00,2199.0,2245.0,2199.0,2208.0,72600,0.0,0.0
2024-01-17 14:00:00+09:00,2208.0,2211.0,2153.0,2159.0,121300,0.0,0.0
2024-01-18 09:00:00+09:00,2113.0,2163.0,2084.0,2145.0,101300,0.0,0.0
2024-01-18 10:00:00+09:00,2143.0,2143.0,2112.0,2123.0,27200,0.0,0.0
2024-01-18 11:00:00+09:00,2123.0,2123.0,2112.0,2116.0,0,0.0,0.0
2024-01-18 12:00:00+09:00,2110.0,2117.0,2101.0,2116.0,161200,0.0,0.0
2024-01-18 13:00:00+09:00,2117.0,2119.0,2096.0,2101.0,25100,0.0,0.0
2024-01-18 14:00:00+09:00,2102.0,2120.0,2102.0,2106.0,47500,0.0,0.0
2024-01-19 09:00:00+09:00,2142.0,2153.0,2101.0,2115.0,40000,0.0,0.0
2024-01-19 10:00:00+09:00,2117.0,2128.0,2104.0,2123.0,14200,0.0,0.0
2024-01-19 11:00:00+09:00,2121.0,2143.0,2121.0,2124.0,0,0.0,0.0
2024-01-19 12:00:00+09:00,2117.0,2130.0,2111.0,2129.0,87000,0.0,0.0
2024-01-19 13:00:00+09:00,2128.0,2128.0,2112.0,2120.0,13200,0.0,0.0
2024-01-19 14:00:00+09:00,2121.0,2139.0,2120.0,2138.0,31400,0.0,0.0
2024-01-22 09:00:00+09:00,2169.0,2187.0,2157.0,2165.0,28300,0.0,0.0
2024-01-22 10:00:00+09:00,2160.0,2170.0,2151.0,2163.0,10100,0.0,0.0
2024-01-22 11:00:00+09:00,2164.0,2171.0,2163.0,2169.0,0,0.0,0.0
2024-01-22 12:00:00+09:00,2170.0,2172.0,2150.0,2158.0,49000,0.0,0.0
2024-01-22 13:00:00+09:00,2157.0,2162.0,2154.0,2157.0,5400,0.0,0.0
2024-01-22 14:00:00+09:00,2159.0,2172.0,2156.0,2169.0,22800,0.0,0.0
2024-01-23 09:00:00+09:00,2188.0,2199.0,2165.0,2165.0,19100,0.0,0.0
2024-01-23 10:00:00+09:00,2162.0,2162.0,2148.0,2153.0,10600,0.0,0.0
2024-01-23 11:00:00+09:00,2153.0,2157.0,2148.0,2157.0,0,0.0,0.0
2024-01-23 12:00:00+09:00,2160.0,2164.0,2133.0,2133.0,48500,0.0,0.0
2024-01-23 13:00:00+09:00,2136.0,2145.0,2126.0,2134.0,12600,0.0,0.0
2024-01-23 14:00:00+09:00,2132.0,2138.0,2123.0,2138.0,13400,0.0,0.0
2024-01-24 09:00:00+09:00,2142.0,2164.0,2121.0,2126.0,27200,0.0,0.0
2024-01-24 10:00:00+09:00,2124.0,2130.0,2113.0,2113.0,12000,0.0,0.0
2024-01-24 11:00:00+09:00,2116.0,2121.0,2115.0,2121.0,0,0.0,0.0
2024-01-24 12:00:00+09:00,2115.0,2129.0,2108.0,2114.0,59500,0.0,0.0
2024-01-24 13:00:00+09:00,2113.0,2118.0,2109.0,2117.0,0,0.0,0.0
2024-01-24 14:00:00+09:00,2117.0,2120.0,2111.0,2120.0,91100,0.0,0.0
2024-01-25 09:00:00+09:00,2120.0,2138.0,2114.0,2133.0,24200,0.0,0.0
2024-01-25 10:00:00+09:00,2130.0,2138.0,2099.0,2116.0,37100,0.0,0.0
2024-01-25 11:00:00+09:00,2117.0,2132.0,2116.0,2132.0,0,0.0,0.0
2024-01-25 12:00:00+09:00,2139.0,2152.0,2131.0,2150.0,93600,0.0,0.0
2024-01-25 13:00:00+09:00,2153.0,2158.0,2148.0,2158.0,31600,0.0,0.0
2024-01-25 14:00:00+09:00,2158.0,2169.0,2150.0,2169.0,87600,0.0,0.0
2024-01-26 09:00:00+09:00,2146.0,2153.0,2118.0,2125.0,32300,0.0,0.0
2024-01-26 10:00:00+09:00,2125.0,2132.0,2123.0,2124.0,11700,0.0,0.0
2024-01-26 11:00:00+09:00,2126.0,2129.0,2124.0,2128.0,0,0.0,0.0
2024-01-26 12:00:00+09:00,2122.0,2127.0,2103.0,2108.0,66800,0.0,0.0
2024-01-26 13:00:00+09:00,2110.0,2112.0,2101.0,2101.0,15600,0.0,0.0
2024-01-26 14:00:00+09:00,2102.0,2120.0,2102.0,2108.0,30700,0.0,0.0
2024-01-29 09:00:00+09:00,2138.0,2161.0,2136.0,2144.0,13100,0.0,0.0
2024-01-29 10:00:00+09:00,2146.0,2153.0,2140.0,2148.0,7800,0.0,0.0
2024-01-29 11:00:00+09:00,2148.0,2162.0,2145.0,2158.0,0,0.0,0.0
2024-01-29 12:00:00+09:00,2165.0,2176.0,2160.0,2170.0,40100,0.0,0.0
2024-01-29 13:00:00+09:00,2169.0,2176.0,2167.0,2173.0,0,0.0,0.0
2024-01-29 14:00:00+09:00,2175.0,2184.0,2175.0,2182.0,66000,0.0,0.0
2024-01-30 09:00:00+09:00,2183.0,2189.0,2157.0,2176.0,13800,0.0,0.0
2024-01-30 10:00:00+09:00,2177.0,2177.0,2156.0,2162.0,6400,0.0,0.0
2024-01-30 11:00:00+09:00,2160.0,2165.0,2156.0,2161.0,0,0.0,0.0
2024-01-30 12:00:00+09:00,2167.0,2175.0,2167.0,2171.0,28600,0.0,0.0
2024-01-30 13:00:00+09:00,2169.0,2176.0,2168.0,2173.0,4500,0.0,0.0
2024-01-30 14:00:00+09:00,2175.0,2175.0,2156.0,2156.0,14900,0.0,0.0
2024-01-31 09:00:00+09:00,2154.0,2164.0,2147.0,2153.0,7500,0.0,0.0
2024-01-31 10:00:00+09:00,2154.0,2159.0,2149.0,2152.0,6200,0.0,0.0
2024-01-31 11:00:00+09:00,2154.0,2159.0,2151.0,2157.0,0,0.0,0.0
2024-01-31 12:00:00+09:00,2151.0,2160.0,2151.0,2153.0,24100,0.0,0.0
2024-01-31 13:00:00+09:00,2152.0,2157.0,2147.0,2156.0,11600,0.0,0.0
2024-01-31 14:00:00+09:00,2158.0,2167.0,2156.0,2166.0,17500,0.0,0.0
2024-02-01 09:00:00+09:00,2155.0,2166.0,2146.0,2151.0,13300,0.0,0.0
2024-02-01 10:00:00+09:00,2155.0,2171.0,2155.0,2167.0,5300,0.0,0.0
2024-02-01 11:00:00+09:00,2165.0,2166.0,2161.0,2166.0,0,0.0,0.0
2024-02-01 12:00:00+09:00,2159.0,2165.0,2155.0,2165.0,26200,0.0,0.0
2024-02-01 13:00:00+09:00,2166.0,2176.0,2161.0,2176.0,9800,0.0,0.0
2024-02-01 14:00:00+09:00,2179.0,2180.0,2168.0,2168.0,10700,0.0,0.0
2024-02-02 09:00:00+09:00,2191.0,2211.0,2165.0,2169.0,50800,0.0,0.0
2024-02-02 10:00:00+09:00,2169.0,2189.0,2165.0,2188.0,6400,0.0,0.0
2024-02-02 11:00:00+09:00,2187.0,2194.0,2182.0,2191.0,0,0.0,0.0
2024-02-02 12:00:00+09:00,2190.0,2202.0,2182.0,2190.0,77200,0.0,0.0
2024-02-02 13:00:00+09:00,2188.0,2191.0,2182.0,2185.0,8300,0.0,0.0
2024-02-02 14:00:00+09:00,2187.0,2190.0,2176.0,2177.0,12400,0.0,0.0
2024-02-05 09:00:00+09:00,2208.0,2208.0,2181.0,2196.0,24800,0.0,0.0
2024-02-05 10:00:00+09:00,2197.0,2222.0,2191.0,2212.0,26700,0.0,0.0
2024-02-05 11:00:00+09:00,2212.0,2217.0,2203.0,2208.0,0,0.0,0.0
2024-02-05 12:00:00+09:00,2206.0,2213.0,2194.0,2194.0,68900,0.0,0.0
2024-02-05 13:00:00+09:00,2196.0,2199.0,2189.0,2194.0,10900,0.0,0.0
2024-02-05 14:00:00+09:00,2193.0,2199.0,2189.0,2191.0,20700,0.0,0.0
2024-02-06 09:00:00+09:00,2191.0,2196.0,2183.0,2187.0,18600,0.0,0.0
2024-02-06 10:00:00+09:00,2186.0,2198.0,2184.0,2194.0,6300,0.0,0.0
2024-02-06 11:00:00+09:00,2193.0,2201.0,2192.0,2197.0,0,0.0,0.0
2024-02-06 12:00:00+09:00,2197.0,2199.0,2180.0,2181.0,40000,0.0,0.0
2024-02-06 13:00:00+09:00,2182.0,2193.0,2181.0,2193.0,12600,0.0,0.0
2024-02-06 14:00:00+09:00,2194.0,2200.0,2173.0,2174.0,32400,0.0,0.0
2024-02-07 09:00:00+09:00,2171.0,2230.0,2171.0,2230.0,32300,0.0,0.0
2024-02-07 10:00:00+09:00,2230.0,2235.0,2216.0,2218.0,19600,0.0,0.0
2024-02-07 11:00:00+09:00,2219.0,2227.0,2215.0,2219.0,0,0.0,0.0
2024-02-07 12:00:00+09:00,2223.0,2223.0,2216.0,2219.0,71700,0.0,0.0
2024-02-07 13:00:00+09:00,2220.0,2230.0,2218.0,2228.0,11500,0.0,0.0
2024-02-07 14:00:00+09:00,2230.0,2235.0,2227.0,2233.0,23900,0.0,0.0
2024-02-08 09:00:00+09:00,2240.0,2240.0,2175.0,2178.0,28800,0.0,0.0
2024-02-08 10:00:00+09:00,2179.0,2200.0,2175.0,2200.0,15500,0.0,0.0
2024-02-08 11:00:00+09:00,2198.0,2203.0,2193.0,2198.0,0,0.0,0.0
2024-02-08 12:00:00+09:00,2202.0,2219.0,2199.0,2202.0,61700,0.0,0.0
2024-02-08 13:00:00+09:00,2203.0,2213.0,2201.0,2209.0,11600,0.0,0.0
2024-02-08 14:00:00+09:00,2210.0,2213.0,2200.0,2205.0,21800,0.0,0.0
2024-02-09 09:00:00+09:00,2202.0,2209.0,2184.0,2206.0,29100,0.0,0.0
2024-02-09 10:00:00+09:00,2206.0,2217.0,2204.0,2205.0,14400,0.0,0.0
2024-02-09 11:00:00+09:00,2205.0,2205.0,2188.0,2191.0,0,0.0,0.0
2024-02-09 12:00:00+09:00,2188.0,2199.0,2188.0,2192.0,57300,0.0,0.0
2024-02-09 13:00:00+09:00,2193.0,2202.0,2187.0,2195.0,16400,0.0,0.0
2024-02-09 14:00:00+09:00,2197.0,2210.0,2192.0,2195.0,34600,0.0,0.0
2024-02-13 09:00:00+09:00,2225.0,2237.0,2208.0,2228.0,35300,0.0,0.0
2024-02-13 10:00:00+09:00,2227.0,2253.0,2227.0,2242.0,27100,0.0,0.0
2024-02-13 11:00:00+09:00,2243.0,2260.0,2242.0,2258.0,0,0.0,0.0
2024-02-13 12:00:00+09:00,2257.0,2268.0,2250.0,2260.0,109800,0.0,0.0
2024-02-13 13:00:00+09:00,2261.0,2266.0,2255.0,2259.0,18900,0.0,0.0
2024-02-13 14:00:00+09:00,2260.0,2279.0,2255.0,2272.0,53600,0.0,0.0
2024-02-14 09:00:00+09:00,2270.0,2298.0,2249.0,2264.0,67300,0.0,0.0
2024-02-14 10:00:00+09:00,2263.0,2265.0,2238.0,2242.0,34200,0.0,0.0
2024-02-14 11:00:00+09:00,2242.0,2244.0,2227.0,2232.0,0,0.0,0.0
2024-02-14 12:00:00+09:00,2235.0,2258.0,2235.0,2251.0,128800,0.0,0.0
2024-02-14 13:00:00+09:00,2250.0,2253.0,2241.0,2250.0,14400,0.0,0.0
2024-02-14 14:00:00+09:00,2247.0,2259.0,2241.0,2241.0,45200,0.0,0.0
2024-02-15 09:00:00+09:00,2190.0,2215.0,2125.0,2199.0,134500,0.0,0.0
2024-02-15 10:00:00+09:00,2196.0,2214.0,2165.0,2214.0,31300,0.0,0.0
2024-02-15 11:00:00+09:00,2217.0,2224.0,2208.0,2224.0,0,0.0,0.0
2024-02-15 12:00:00+09:00,2220.0,2240.0,2211.0,2226.0,212300,0.0,0.0
2024-02-15 13:00:00+09:00,2222.0,2229.0,2211.0,2220.0,24000,0.0,0.0
2024-02-15 14:00:00+09:00,2220.0,2250.0,2220.0,2240.0,87500,0.0,0.0
2024-02-16 09:00:00+09:00,2300.0,2329.0,2283.0,2286.0,97400,0.0,0.0
2024-02-16 10:00:00+09:00,2288.0,2317.0,2282.0,2298.0,33600,0.0,0.0
2024-02-16 11:00:00+09:00,2296.0,2317.0,2295.0,2313.0,0,0.0,0.0
2024-02-16 12:00:00+09:00,2317.0,2324.0,2307.0,2324.0,161000,0.0,0.0
2024-02-16 13:00:00+09:00,2323.0,2340.0,2317.0,2330.0,34800,0.0,0.0
2024-02-16 14:00:00+09:00,2329.0,2338.0,2319.0,2328.0,71300,0.0,0.0
2024-02-19 09:00:00+09:00,2331.0,2350.0,2291.0,2292.0,0,0.0,0.0
2024-02-19 10:00:00+09:00,2290.0,2297.0,2276.0,2276.0,65500,0.0,0.0
2024-02-19 11:00:00+09:00,2279.0,2282.0,2273.0,2276.0,0,0.0,0.0
2024-02-19 12:00:00+09:00,2273.0,2296.0,2273.0,2290.0,79900,0.0,0.0
2024-02-19 13:00:00+09:00,2290.0,2304.0,2285.0,2299.0,0,0.0,0.0
2024-02-19 14:00:00+09:00,2301.0,2307.0,2292.0,2293.0,108700,0.0,0.0
2024-02-20 09:00:00+09:00,2300.0,2345.0,2288.0,2343.0,22300,0.0,0.0
2024-02-20 10:00:00+09:00,2342.0,2345.0,2313.0,2317.0,15600,0.0,0.0
2024-02-20 11:00:00+09:00,2313.0,2317.0,2304.0,2305.0,0,0.0,0.0
2024-02-20 12:00:00+09:00,2295.0,2309.0,2291.0,2305.0,52600,0.0,0.0
2024-02-20 13:00:00+09:00,2307.0,2320.0,2307.0,2313.0,8100,0.0,0.0
2024-02-20 14:00:00+09:00,2314.0,2335.0,2311.0,2329.0,39800,0.0,0.0
2024-02-21 09:00:00+09:00,2317.0,2349.0,2300.0,2300.0,19000,0.0,0.0
2024-02-21 10:00:00+09:00,2300.0,2310.0,2291.0,2301.0,10800,0.0,0.0
2024-02-21 11:00:00+09:00,2300.0,2300.0,2293.0,2293.0,0,0.0,0.0
2024-02-21 12:00:00+09:00,2291.0,2295.0,2272.0,2282.0,45300,0.0,0.0
2024-02-21 13:00:00+09:00,2284.0,2291.0,2284.0,2285.0,5400,0.0,0.0
2024-02-21 14:00:00+09:00,2287.0,2305.0,2287.0,2297.0,28400,0.0,0.0
2024-02-22 09:00:00+09:00,2338.0,2362.0,2320.0,2334.0,26600,0.0,0.0
2024-02-22 10:00:00+09:00,2338.0,2360.0,2338.0,2349.0,14500,0.0,0.0
2024-02-22 11:00:00+09:00,2349.0,2357.0,2345.0,2345.0,0,0.0,0.0
2024-02-22 12:00:00+09:00,2355.0,2355.0,2342.0,2350.0,54400,0.0,0.0
2024-02-22 13:00:00+09:00,2349.0,2352.0,2341.0,2349.0,11300,0.0,0.0
2024-02-22 14:00:00+09:00,2347.0,2368.0,2345.0,2367.0,22200,0.0,0.0
2024-02-26 09:00:00+09:00,2434.0,2468.0,2411.0,2419.0,59900,0.0,0.0
2024-02-26 10:00:00+09:00,2424.0,2431.0,2417.0,2428.0,15300,0.0,0.0
2024-02-26 11:00:00+09:00,2425.0,2431.0,2420.0,2420.0,0,0.0,0.0
2024-02-26 12:00:00+09:00,2420.0,2422.0,2410.0,2417.0,99400,0.0,0.0
2024-02-26 13:00:00+09:00,2416.0,2416.0,2406.0,2414.0,21100,0.0,0.0
2024-02-26 14:00:00+09:00,2415.0,2439.0,2411.0,2414.0,51600,0.0,0.0
2024-02-27 09:00:00+09:00,2445.0,2472.0,2435.0,2440.0,28800,0.0,0.0
2024-02-27 10:00:00+09:00,2437.0,2445.0,2427.0,2440.0,16300,0.0,0.0
2024-02-27 11:00:00+09:00,2443.0,2445.0,2434.0,2437.0,0,0.0,0.0
2024-02-27 12:00:00+09:00,2437.0,2440.0,2410.0,2424.0,67200,0.0,0.0
2024-02-27 13:00:00+09:00,2424.0,2434.0,2408.0,2411.0,12000,0.0,0.0
2024-02-27 14:00:00+09:00,2410.0,2418.0,2391.0,2397.0,30100,0.0,0.0
2024-02-28 09:00:00+09:00,2422.0,2450.0,2407.0,2446.0,25000,0.0,0.0
2024-02-28 10:00:00+09:00,2448.0,2449.0,2412.0,2420.0,21400,0.0,0.0
2024-02-28 11:00:00+09:00,2416.0,2425.0,2416.0,2416.0,0,0.0,0.0
2024-02-28 12:00:00+09:00,2411.0,2434.0,2406.0,2429.0,59200,0.0,0.0
2024-02-28 13:00:00+09:00,2431.0,2434.0,2421.0,2426.0,10600,0.0,0.0
2024-02-28 14:00:00+09:00,2426.0,2432.0,2421.0,2421.0,20500,0.0,0.0
2024-02-29 09:00:00+09:00,2453.0,2472.0,2434.0,2448.0,33500,0.0,0.0
2024-02-29 10:00:00+09:00,2440.0,2447.0,2422.0,2426.0,14500,0.0,0.0
2024-02-29 11:00:00+09:00,2422.0,2423.0,2412.0,2412.0,0,0.0,0.0
2024-02-29 12:00:00+09:00,2421.0,2447.0,2415.0,2444.0,61700,0.0,0.0
2024-02-29 13:00:00+09:00,2449.0,2473.0,2448.0,2471.0,12400,0.0,0.0
2024-02-29 14:00:00+09:00,2473.0,2479.0,2452.0,2454.0,25500,0.0,0.0
2024-03-01 09:00:00+09:00,2465.0,2474.0,2438.0,2441.0,35100,0.0,0.0
2024-03-01 10:00:00+09:00,2441.0,2455.0,2437.0,2450.0,11200,0.0,0.0
2024-03-01 11:00:00+09:00,2450.0,2451.0,2444.0,2445.0,0,0.0,0.0
2024-03-01 12:00:00+09:00,2445.0,2455.0,2440.0,2455.0,63000,0.0,0.0
2024-03-01 13:00:00+09:00,2456.0,2472.0,2454.0,2470.0,15700,0.0,0.0
2024-03-01 14:00:00+09:00,2471.0,2471.0,2437.0,2444.0,31100,0.0,0.0
2024-03-04 09:00:00+09:00,2433.0,2433.0,2374.0,2403.0,37100,0.0,0.0
2024-03-04 10:00:00+09:00,2407.0,2434.0,2402.0,2420.0,16900,0.0,0.0
2024-03-04 11:00:00+09:00,2419.0,2419.0,2411.0,2411.0,0,0.0,0.0
2024-03-04 12:00:00+09:00,2406.0,2413.0,2398.0,2413.0,73000,0.0,0.0
2024-03-04 13:00:00+09:00,2411.0,2411.0,2403.0,2411.0,9800,0.0,0.0
2024-03-04 14:00:00+09:00,2411.0,2418.0,2401.0,2409.0,36200,0.0,0.0
2024-03-05 09:00:00+09:00,2386.0,2393.0,2361.0,2390.0,25400,0.0,0.0
2024-03-05 10:00:00+09:00,2388.0,2418.0,2386.0,2407.0,15800,0.0,0.0
2024-03-05 11:00:00+09:00,2407.0,2425.0,2407.0,2421.0,0,0.0,0.0
2024-03-05 12:00:00+09:00,2421.0,2448.0,2421.0,2441.0,60700,0.0,0.0
2024-03-05 13:00:00+09:00,2443.0,2449.0,2440.0,2449.0,10300,0.0,0.0
2024-03-05 14:00:00+09:00,2450.0,2457.0,2448.0,2454.0,27600,0.0,0.0
2024-03-06 09:00:00+09:00,2483.0,2568.0,2483.0,2540.0,87700,0.0,0.0
2024-03-06 10:00:00+09:00,2542.0,2549.0,2534.0,2549.0,20800,0.0,0.0
2024-03-06 11:00:00+09:00,2550.0,2563.0,2550.0,2558.0,0,0.0,0.0
2024-03-06 12:00:00+09:00,2564.0,2575.0,2550.0,2573.0,153400,0.0,0.0
2024-03-06 13:00:00+09:00,2575.0,2576.0,2560.0,2571.0,26300,0.0,0.0
2024-03-06 14:00:00+09:00,2571.0,2594.0,2571.0,2585.0,45300,0.0,0.0
2024-03-07 09:00:00+09:00,2610.0,2623.0,2562.0,2574.0,37300,0.0,0.0
2024-03-07 10:00:00+09:00,2572.0,2574.0,2543.0,2543.0,12300,0.0,0.0
2024-03-07 11:00:00+09:00,2545.0,2550.0,2536.0,2537.0,0,0.0,0.0
2024-03-07 12:00:00+09:00,2531.0,2531.0,2508.0,2520.0,65300,0.0,0.0
2024-03-07 13:00:00+09:00,2523.0,2525.0,2510.0,2520.0,9200,0.0,0.0
2024-03-07 14:00:00+09:00,2522.0,2527.0,2499.0,2513.0,20000,0.0,0.0
2024-03-08 09:00:00+09:00,2470.0,2492.0,2448.0,2478.0,51600,0.0,0.0
2024-03-08 10:00:00+09:00,2477.0,2519.0,2474.0,2519.0,24400,0.0,0.0
2024-03-08 11:00:00+09:00,2517.0,2527.0,2514.0,2522.0,0,0.0,0.0
2024-03-08 12:00:00+09:00,2522.0,2531.0,2519.0,2531.0,87800,0.0,0.0
2024-03-08 13:00:00+09:00,2531.0,2534.0,2505.0,2506.0,13000,0.0,0.0
2024-03-08 14:00:00+09:00,2509.0,2510.0,2494.0,2496.0,17500,0.0,0.0
2024-03-11 09:00:00+09:00,2422.0,2450.0,2401.0,2425.0,14000,0.0,0.0
2024-03-11 10:00:00+09:00,2421.0,2440.0,2421.0,2427.0,11300,0.0,0.0
2024-03-11 11:00:00+09:00,2425.0,2425.0,2403.0,2403.0,0,0.0,0.0
2024-03-11 12:00:00+09:00,2400.0,2400.0,2373.0,2373.0,39400,0.0,0.0
2024-03-11 13:00:00+09:00,2373.0,2377.0,2362.0,2365.0,19700,0.0,0.0
2024-03-11 14:00:00+09:00,2364.0,2416.0,2360.0,2412.0,43500,0.0,0.0
2024-03-12 09:00:00+09:00,2383.0,2424.0,2376.0,2386.0,16900,0.0,0.0
2024-03-12 10:00:00+09:00,2387.0,2391.0,2366.0,2372.0,9700,0.0,0.0
2024-03-12 11:00:00+09:00,2373.0,2389.0,2369.0,2379.0,0,0.0,0.0
2024-03-12 12:00:00+09:00,2386.0,2403.0,2385.0,2393.0,68300,0.0,0.0
2024-03-12 13:00:00+09:00,2394.0,2404.0,2391.0,2391.0,11500,0.0,0.0
2024-03-12 14:00:00+09:00,2391.0,2402.0,2388.0,2402.0,24900,0.0,0.0
2024-03-13 09:00:00+09:00,2423.0,2452.0,2414.0,2414.0,23000,0.0,0.0
2024-03-13 10:00:00+09:00,2412.0,2418.0,2390.0,2403.0,10200,0.0,0.0
2024-03-13 11:00:00+09:00,2403.0,2410.0,2383.0,2383.0,0,0.0,0.0
2024-03-13 12:00:00+09:00,2372.0,2372.0,2344.0,2369.0,59600,0.0,0.0
2024-03-13 13:00:00+09:00,2367.0,2385.0,2367.0,2383.0,9900,0.0,0.0
2024-03-13 14:00:00+09:00,2387.0,2392.0,2380.0,2385.0,21800,0.0,0.0
2024-03-14 09:00:00+09:00,2415.0,2423.0,2384.0,2415.0,13600,0.0,0.0
2024-03-14 10:00:00+09:00,2411.0,2418.0,2396.0,2410.0,8400,0.0,0.0
2024-03-14 11:00:00+09:00,2410.0,2411.0,2398.0,2407.0,0,0.0,0.0
2024-03-14 12:00:00+09:00,2407.0,2419.0,2406.0,2411.0,31800,0.0,0.0
2024-03-14 13:00:00+09:00,2412.0,2424.0,2412.0,2418.0,8400,0.0,0.0
2024-03-14 14:00:00+09:00,2419.0,2427.0,2413.0,2417.0,24700,0.0,0.0
2024-03-15 09:00:00+09:00,2415.0,2439.0,2415.0,2437.0,0,0.0,0.0
2024-03-15 10:00:00+09:00,2437.0,2455.0,2433.0,2455.0,21500,0.0,0.0
2024-03-15 11:00:00+09:00,2454.0,2470.0,2454.0,2466.0,0,0.0,0.0
2024-03-15 12:00:00+09:00,2466.0,2476.0,2465.0,2473.0,32800,0.0,0.0
2024-03-15 13:00:00+09:00,2473.0,2473.0,2430.0,2431.0,8000,0.0,0.0
2024-03-15 14:00:00+09:00,2431.0,2445.0,2421.0,2443.0,50800,0.0,0.0
2024-03-18 09:00:00+09:00,2478.0,2483.0,2445.0,2477.0,17700,0.0,0.0
2024-03-18 10:00:00+09:00,2472.0,2474.0,2464.0,2467.0,6300,0.0,0.0
2024-03-18 11:00:00+09:00,2466.0,2467.0,2450.0,2450.0,0,0.0,0.0
2024-03-18 12:00:00+09:00,2458.0,2460.0,2443.0,2456.0,35900,0.0,0.0
2024-03-18 13:00:00+09:00,2458.0,2461.0,2450.0,2452.0,10900,0.0,0.0
2024-03-18 14:00:00+09:00,2453.0,2458.0,2447.0,2456.0,22800,0.0,0.0
2024-03-19 09:00:00+09:00,2520.0,2529.0,2498.0,2518.0,35800,0.0,0.0
2024-03-19 10:00:00+09:00,2520.0,2524.0,2495.0,2501.0,8500,0.0,0.0
2024-03-19 11:00:00+09:00,2506.0,2517.0,2504.0,2517.0,0,0.0,0.0
2024-03-19 12:00:00+09:00,2517.0,2530.0,2500.0,2526.0,62800,0.0,0.0
2024-03-19 13:00:00+09:00,2531.0,2537.0,2509.0,2517.0,14000,0.0,0.0
2024-03-19 14:00:00+09:00,2518.0,2524.0,2509.0,2524.0,26400,0.0,0.0
2024-03-21 09:00:00+09:00,2550.0,2586.0,2544.0,2577.0,33300,0.0,0.0
2024-03-21 10:00:00+09:00,2578.0,2585.0,2566.0,2573.0,21900,0.0,0.0
2024-03-21 11:00:00+09:00,2572.0,2579.0,2568.0,2571.0,0,0.0,0.0
2024-03-21 12:00:00+09:00,2575.0,2584.0,2570.0,2581.0,81800,0.0,0.0
2024-03-21 13:00:00+09:00,2583.0,2591.0,2577.0,2583.0,24400,0.0,0.0
2024-03-21 14:00:00+09:00,2585.0,2594.0,2581.0,2581.0,39700,0.0,0.0
2024-03-22 09:00:00+09:00,2580.0,2610.0,2565.0,2577.0,23400,0.0,0.0
2024-03-22 10:00:00+09:00,2578.0,2579.0,2567.0,2573.0,7900,0.0,0.0
2024-03-22 11:00:00+09:00,2574.0,2574.0,2563.0,2570.0,0,0.0,0.0
2024-03-22 12:00:00+09:00,2575.0,2583.0,2563.0,2578.0,55800,0.0,0.0
2024-03-22 13:00:00+09:00,2578.0,2581.0,2569.0,2579.0,6900,0.0,0.0
2024-03-22 14:00:00+09:00,2578.0,2591.0,2577.0,2589.0,22700,0.0,0.0
2024-03-25 09:00:00+09:00,2580.0,2603.0,2566.0,2587.0,26500,0.0,0.0
2024-03-25 10:00:00+09:00,2591.0,2594.0,2559.0,2559.0,8900,0.0,0.0
2024-03-25 11:00:00+09:00,2558.0,2576.0,2554.0,2568.0,0,0.0,0.0
2024-03-25 12:00:00+09:00,2568.0,2581.0,2568.0,2580.0,46500,0.0,0.0
2024-03-25 13:00:00+09:00,2581.0,2584.0,2572.0,2582.0,5800,0.0,0.0
2024-03-25 14:00:00+09:00,2582.0,2590.0,2563.0,2567.0,14200,0.0,0.0
2024-03-26 09:00:00+09:00,2574.0,2580.0,2539.0,2543.0,23500,0.0,0.0
2024-03-26 10:00:00+09:00,2542.0,2570.0,2539.0,2570.0,8800,0.0,0.0
2024-03-26 11:00:00+09:00,2566.0,2566.0,2558.0,2558.0,0,0.0,0.0
2024-03-26 12:00:00+09:00,2557.0,2570.0,2557.0,2563.0,41500,0.0,0.0
2024-03-26 13:00:00+09:00,2568.0,2568.0,2559.0,2562.0,6100,0.0,0.0
2024-03-26 14:00:00+09:00,2556.0,2576.0,2556.0,2576.0,19600,0.0,0.0
2024-03-27 09:00:00+09:00,2576.0,2606.0,2576.0,2597.0,30300,0.0,0.0
2024-03-27 10:00:00+09:00,2596.0,2620.0,2593.0,2616.0,15200,0.0,0.0
2024-03-27 11:00:00+09:00,2622.0,2622.0,2611.0,2612.0,0,0.0,0.0
2024-03-27 12:00:00+09:00,2614.0,2633.0,2614.0,2619.0,62200,0.0,0.0
2024-03-27 13:00:00+09:00,2620.0,2629.0,2619.0,2624.0,14300,0.0,0.0
2024-03-27 14:00:00+09:00,2626.0,2631.0,2606.0,2606.0,25500,0.0,0.0
2024-03-28 09:00:00+09:00,2592.0,2615.0,2575.0,2581.0,23200,0.0,0.0
2024-03-28 10:00:00+09:00,2576.0,2586.0,2561.0,2567.0,10700,0.0,0.0
2024-03-28 11:00:00+09:00,2566.0,2576.0,2563.0,2571.0,0,0.0,0.0
2024-03-28 12:00:00+09:00,2560.0,2589.0,2560.0,2583.0,44300,0.0,0.0
2024-03-28 13:00:00+09:00,2582.0,2585.0,2572.0,2581.0,5800,0.0,0.0
2024-03-28 14:00:00+09:00,2573.0,2573.0,2548.0,2555.0,24800,0.0,0.0
2024-03-29 09:00:00+09:00,2532.0,2561.0,2524.0,2559.0,12100,0.0,0.0
2024-03-29 10:00:00+09:00,2559.0,2572.0,2554.0,2571.0,8700,0.0,0.0
2024-03-29 11:00:00+09:00,2569.0,2589.0,2566.0,2589.0,0,0.0,0.0
2024-03-29 12:00:00+09:00,2586.0,2614.0,2586.0,2612.0,40400,0.0,0.0
2024-03-29 13:00:00+09:00,2613.0,2624.0,2607.0,2611.0,18700,0.0,0.0
2024-03-29 14:00:00+09:00,2613.0,2628.0,2605.0,2616.0,26500,0.0,0.0
2024-04-01 09:00:00+09:00,2637.0,2660.0,2602.0,2606.0,28400,0.0,0.0
2024-04-01 10:00:00+09:00,2606.0,2606.0,2568.0,2571.0,10700,0.0,0.0
2024-04-01 11:00:00+09:00,2566.0,2575.0,2559.0,2564.0,0,0.0,0.0
2024-04-01 12:00:00+09:00,2556.0,2580.0,2556.0,2569.0,52500,0.0,0.0
2024-04-01 13:00:00+09:00,2570.0,2572.0,2559.0,2559.0,8100,0.0,0.0
2024-04-01 14:00:00+09:00,2564.0,2566.0,2541.0,2544.0,17200,0.0,0.0
2024-04-02 09:00:00+09:00,2537.0,2549.0,2510.0,2534.0,16300,0.0,0.0
2024-04-02 10:00:00+09:00,2535.0,2535.0,2514.0,2515.0,17500,0.0,0.0
2024-04-02 11:00:00+09:00,2521.0,2527.0,2515.0,2520.0,0,0.0,0.0
2024-04-02 12:00:00+09:00,2518.0,2524.0,2502.0,2505.0,48500,0.0,0.0
2024-04-02 13:00:00+09:00,2506.0,2538.0,2506.0,2530.0,28600,0.0,0.0
2024-04-02 14:00:00+09:00,2525.0,2529.0,2515.0,2527.0,10200,0.0,0.0
2024-04-03 09:00:00+09:00,2530.0,2594.0,2515.0,2585.0,17500,0.0,0.0
2024-04-03 10:00:00+09:00,2584.0,2584.0,2561.0,2563.0,8200,0.0,0.0
2024-04-03 11:00:00+09:00,2564.0,2571.0,2564.0,2566.0,0,0.0,0.0
2024-04-03 12:00:00+09:00,2575.0,2608.0,2575.0,2602.0,39400,0.0,0.0
2024-04-03 13:00:00+09:00,2598.0,2606.0,2592.0,2597.0,10300,0.0,0.0
2024-04-03 14:00:00+09:00,2601.0,2601.0,2585.0,2589.0,18800,0.0,0.0
2024-04-04 09:00:00+09:00,2639.0,2648.0,2605.0,2619.0,18600,0.0,0.0
2024-04-04 10:00:00+09:00,2618.0,2636.0,2618.0,2633.0,7100,0.0,0.0
2024-04-04 11:00:00+09:00,2627.0,2627.0,2613.0,2616.0,0,0.0,0.0
2024-04-04 12:00:00+09:00,2609.0,2621.0,2607.0,2619.0,34400,0.0,0.0
2024-04-04 13:00:00+09:00,2622.0,2625.0,2610.0,2614.0,8800,0.0,0.0
2024-04-04 14:00:00+09:00,2614.0,2614.0,2599.0,2605.0,18000,0.0,0.0
2024-04-05 09:00:00+09:00,2524.0,2563.0,2511.0,2563.0,21400,0.0,0.0
2024-04-05 10:00:00+09:00,2561.0,2573.0,2537.0,2544.0,10900,0.0,0.0
2024-04-05 11:00:00+09:00,2545.0,2555.0,2545.0,2546.0,0,0.0,0.0
2024-04-05 12:00:00+09:00,2541.0,2580.0,2541.0,2579.0,39300,0.0,0.0
2024-04-05 13:00:00+09:00,2572.0,2578.0,2560.0,2564.0,3800,0.0,0.0
2024-04-05 14:00:00+09:00,2565.0,2571.0,2562.0,2563.0,8800,0.0,0.0
2024-04-08 09:00:00+09:00,2583.0,2609.0,2571.0,2605.0,10500,0.0,0.0
2024-04-08 10:00:00+09:00,2600.0,2616.0,2600.0,2615.0,4900,0.0,0.0
2024-04-08 11:00:00+09:00,2617.0,2617.0,2611.0,2615.0,0,0.0,0.0
2024-04-08 12:00:00+09:00,2595.0,2607.0,2587.0,2596.0,24100,0.0,0.0
2024-04-08 13:00:00+09:00,2597.0,2609.0,2595.0,2601.0,4300,0.0,0.0
2024-04-08 14:00:00+09:00,2603.0,2610.0,2597.0,2609.0,8000,0.0,0.0
2024-04-09 09:00:00+09:00,2628.0,2653.0,2614.0,2619.0,18800,0.0,0.0
2024-04-09 10:00:00+09:00,2622.0,2623.0,2615.0,2623.0,3600,0.0,0.0
2024-04-09 11:00:00+09:00,2627.0,2630.0,2622.0,2627.0,0,0.0,0.0
2024-04-09 12:00:00+09:00,2621.0,2629.0,2620.0,2623.0,26200,0.0,0.0
2024-04-09 13:00:00+09:00,2629.0,2636.0,2626.0,2632.0,3700,0.0,0.0
2024-04-09 14:00:00+09:00,2634.0,2647.0,2634.0,2644.0,9200,0.0,0.0
2024-04-10 09:00:00+09:00,2643.0,2664.0,2626.0,2664.0,26600,0.0,0.0
2024-04-10 10:00:00+09:00,2664.0,2668.0,2651.0,2663.0,11500,0.0,0.0
2024-04-10 11:00:00+09:00,2666.0,2668.0,2659.0,2659.0,0,0.0,0.0
2024-04-10 12:00:00+09:00,2655.0,2661.0,2646.0,2646.0,44700,0.0,0.0
2024-04-10 13:00:00+09:00,2649.0,2656.0,2645.0,2653.0,2900,0.0,0.0
2024-04-10 14:00:00+09:00,2654.0,2661.0,2642.0,2645.0,7800,0.0,0.0
2024-04-11 09:00:00+09:00,2631.0,2673.0,2631.0,2670.0,16800,0.0,0.0
2024-04-11 10:00:00+09:00,2669.0,2669.0,2653.0,2662.0,3300,0.0,0.0
2024-04-11 11:00:00+09:00,2661.0,2671.0,2660.0,2671.0,0,0.0,0.0
2024-04-11 12:00:00+09:00,2672.0,2679.0,2670.0,2676.0,30200,0.0,0.0
2024-04-11 13:00:00+09:00,2676.0,2687.0,2671.0,2680.0,15500,0.0,0.0
2024-04-11 14:00:00+09:00,2680.0,2685.0,2672.0,2675.0,10700,0.0,0.0
2024-04-12 09:00:00+09:00,2685.0,2692.0,2662.0,2675.0,28000,0.0,0.0
2024-04-12 10:00:00+09:00,2674.0,2683.0,2668.0,2681.0,2500,0.0,0.0
2024-04-12 11:00:00+09:00,2690.0,2693.0,2677.0,2677.0,0,0.0,0.0
2024-04-12 12:00:00+09:00,2685.0,2690.0,2685.0,2685.0,41700,0.0,0.0
2024-04-12 13:00:00+09:00,2684.0,2690.0,2680.0,2690.0,5500,0.0,0.0
2024-04-12 14:00:00+09:00,2688.0,2696.0,2688.0,2690.0,8400,0.0,0.0
2024-04-15 09:00:00+09:00,2675.0,2682.0,2637.0,2674.0,23400,0.0,0.0
2024-04-15 10:00:00+09:00,2677.0,2702.0,2674.0,2698.0,8400,0.0,0.0
2024-04-15 11:00:00+09:00,2696.0,2699.0,2691.0,2694.0,0,0.0,0.0
2024-04-15 12:00:00+09:00,2694.0,2702.0,2689.0,2693.0,38600,0.0,0.0
2024-04-15 13:00:00+09:00,2696.0,2700.0,2691.0,2696.0,3400,0.0,0.0
2024-04-15 14:00:00+09:00,2696.0,2696.0,2681.0,2683.0,11700,0.0,0.0
2024-04-16 09:00:00+09:00,2650.0,2695.0,2645.0,2654.0,19100,0.0,0.0
2024-04-16 10:00:00+09:00,2653.0,2662.0,2631.0,2653.0,10300,0.0,0.0
2024-04-16 11:00:00+09:00,2652.0,2654.0,2625.0,2625.0,0,0.0,0.0
2024-04-16 12:00:00+09:00,2627.0,2627.0,2595.0,2610.0,44200,0.0,0.0
2024-04-16 13:00:00+09:00,2609.0,2609.0,2589.0,2596.0,9600,0.0,0.0
2024-04-16 14:00:00+09:00,2595.0,2619.0,2593.0,2609.0,11400,0.0,0.0
2024-04-17 09:00:00+09:00,2609.0,2609.0,2484.0,2516.0,33800,0.0,0.0
2024-04-17 10:00:00+09:00,2510.0,2543.0,2492.0,2543.0,11000,0.0,0.0
2024-04-17 11:00:00+09:00,2538.0,2562.0,2536.0,2559.0,0,0.0,0.0
2024-04-17 12:00:00+09:00,2561.0,2590.0,2561.0,2590.0,77600,0.0,0.0
2024-04-17 13:00:00+09:00,2592.0,2592.0,2570.0,2578.0,11300,0.0,0.0
2024-04-17 14:00:00+09:00,2573.0,2585.0,2570.0,2574.0,24600,0.0,0.0
2024-04-18 09:00:00+09:00,2549.0,2549.0,2511.0,2525.0,0,0.0,0.0
2024-04-18 10:00:00+09:00,2526.0,2540.0,2525.0,2540.0,32700,0.0,0.0
2024-04-18 11:00:00+09:00,2538.0,2560.0,2538.0,2556.0,0,0.0,0.0
2024-04-18 12:00:00+09:00,2551.0,2567.0,2549.0,2549.0,63200,0.0,0.0
2024-04-18 13:00:00+09:00,2548.0,2561.0,2545.0,2549.0,6400,0.0,0.0
2024-04-18 14:00:00+09:00,2548.0,2559.0,2545.0,2552.0,14900,0.0,0.0
2024-04-19 09:00:00+09:00,2539.0,2549.0,2483.0,2497.0,0,0.0,0.0
2024-04-19 10:00:00+09:00,2497.0,2497.0,2457.0,2479.0,37900,0.0,0.0
2024-04-19 11:00:00+09:00,2472.0,2472.0,2438.0,2456.0,0,0.0,0.0
2024-04-19 12:00:00+09:00,2471.0,2494.0,2464.0,2489.0,63000,0.0,0.0
2024-04-19 13:00:00+09:00,2495.0,2497.0,2476.0,2481.0,10100,0.0,0.0
2024-04-19 14:00:00+09:00,2484.0,2493.0,2471.0,2478.0,12800,0.0,0.0
2024-04-22 09:00:00+09:00,2519.0,2540.0,2502.0,2514.0,0,0.0,0.0
2024-04-22 10:00:00+09:00,2510.0,2533.0,2501.0,2516.0,32100,0.0,0.0
2024-04-22 11:00:00+09:00,2516.0,2531.0,2516.0,2524.0,0,0.0,0.0
2024-04-22 12:00:00+09:00,2513.0,2521.0,2490.0,2502.0,47300,0.0,0.0
2024-04-22 13:00:00+09:00,2499.0,2517.0,2494.0,2512.0,8700,0.0,0.0
2024-04-22 14:00:00+09:00,2513.0,2524.0,2499.0,2516.0,18200,0.0,0.0
2024-04-23 09:00:00+09:00,2526.0,2547.0,2505.0,2522.0,12200,0.0,0.0
2024-04-23 10:00:00+09:00,2525.0,2529.0,2498.0,2501.0,5500,0.0,0.0
2024-04-23 11:00:00+09:00,2498.0,2537.0,2498.0,2537.0,0,0.0,0.0
2024-04-23 12:00:00+09:00,2537.0,2544.0,2527.0,2532.0,28800,0.0,0.0
2024-04-23 13:00:00+09:00,2530.0,2531.0,2521.0,2527.0,6500,0.0,0.0
2024-04-23 14:00:00+09:00,2528.0,2540.0,2523.0,2531.0,14700,0.0,0.0
2024-04-24 09:00:00+09:00,2574.0,2577.0,2538.0,2552.0,22500,0.0,0.0
2024-04-24 10:00:00+09:00,2555.0,2572.0,2552.0,2572.0,6100,0.0,0.0
2024-04-24 11:00:00+09:00,2573.0,2583.0,2571.0,2575.0,0,0.0,0.0
2024-04-24 12:00:00+09:00,2575.0,2583.0,2566.0,2583.0,40600,0.0,0.0
2024-04-24 13:00:00+09:00,2581.0,2589.0,2579.0,2581.0,6100,0.0,0.0
2024-04-24 14:00:00+09:00,2580.0,2591.0,2578.0,2581.0,13800,0.0,0.0
2024-04-25 09:00:00+09:00,2550.0,2586.0,2543.0,2550.0,23400,0.0,0.0
2024-04-25 10:00:00+09:00,2548.0,2548.0,2510.0,2516.0,7400,0.0,0.0
2024-04-25 11:00:00+09:00,2512.0,2531.0,2512.0,2531.0,0,0.0,0.0
2024-04-25 12:00:00+09:00,2537.0,2538.0,2520.0,2521.0,40300,0.0,0.0
2024-04-25 13:00:00+09:00,2522.0,2531.0,2510.0,2510.0,8200,0.0,0.0
2024-04-25 14:00:00+09:00,2515.0,2515.0,2500.0,2500.0,10300,0.0,0.0
2024-04-26 09:00:00+09:00,2460.0,2491.0,2400.0,2417.0,38400,0.0,0.0
2024-04-26 10:00:00+09:00,2418.0,2445.0,2413.0,2435.0,8800,0.0,0.0
2024-04-26 11:00:00+09:00,2434.0,2450.0,2434.0,2442.0,0,0.0,0.0
2024-04-26 12:00:00+09:00,2448.0,2485.0,2448.0,2479.0,68700,0.0,0.0
2024-04-26 13:00:00+09:00,2479.0,2486.0,2464.0,2470.0,14200,0.0,0.0
2024-04-26 14:00:00+09:00,2468.0,2468.0,2447.0,2456.0,33800,0.0,0.0
2024-04-30 09:00:00+09:00,2500.0,2515.0,2465.0,2507.0,23300,0.0,0.0
2024-04-30 10:00:00+09:00,2514.0,2559.0,2510.0,2559.0,43900,0.0,0.0
2024-04-30 11:00:00+09:00,2554.0,2556.0,2546.0,2552.0,0,0.0,0.0
2024-04-30 12:00:00+09:00,2550.0,2568.0,2544.0,2552.0,82800,0.0,0.0
2024-04-30 13:00:00+09:00,2551.0,2557.0,2536.0,2543.0,9900,0.0,0.0
2024-04-30 14:00:00+09:00,2544.0,2554.0,2536.0,2550.0,22900,0.0,0.0
2024-05-01 09:00:00+09:00,2513.0,2538.0,2506.0,2508.0,15000,0.0,0.0
2024-05-01 10:00:00+09:00,2513.0,2517.0,2491.0,2499.0,8500,0.0,0.0
2024-05-01 11:00:00+09:00,2496.0,2504.0,2490.0,2504.0,0,0.0,0.0
2024-05-01 12:00:00+09:00,2506.0,2534.0,2506.0,2527.0,33300,0.0,0.0
2024-05-01 13:00:00+09:00,2531.0,2531.0,2505.0,2505.0,9400,0.0,0.0
2024-05-01 14:00:00+09:00,2510.0,2513.0,2496.0,2502.0,13200,0.0,0.0
2024-05-02 09:00:00+09:00,2481.0,2490.0,2468.0,2486.0,12900,0.0,0.0
2024-05-02 10:00:00+09:00,2486.0,2486.0,2467.0,2475.0,4400,0.0,0.0
2024-05-02 11:00:00+09:00,2477.0,2492.0,2477.0,2492.0,0,0.0,0.0
2024-05-02 12:00:00+09:00,2516.0,2516.0,2486.0,2487.0,24900,0.0,0.0
2024-05-02 13:00:00+09:00,2489.0,2495.0,2486.0,2493.0,3700,0.0,0.0
2024-05-02 14:00:00+09:00,2494.0,2499.0,2489.0,2494.0,7800,0.0,0.0
2024-05-07 09:00:00+09:00,2499.0,2516.0,2482.0,2491.0,9500,0.0,0.0
2024-05-07 10:00:00+09:00,2494.0,2501.0,2488.0,2501.0,4000,0.0,0.0
2024-05-07 11:00:00+09:00,2503.0,2522.0,2502.0,2522.0,0,0.0,0.0
2024-05-07 12:00:00+09:00,2516.0,2522.0,2515.0,2519.0,23400,0.0,0.0
2024-05-07 13:00:00+09:00,2519.0,2527.0,2518.0,2518.0,3600,0.0,0.0
2024-05-07 14:00:00+09:00,2520.0,2523.0,2511.0,2516.0,11100,0.0,0.0
2024-05-08 09:00:00+09:00,2506.0,2533.0,2499.0,2510.0,15000,0.0,0.0
2024-05-08 10:00:00+09:00,2514.0,2521.0,2510.0,2517.0,6100,0.0,0.0
2024-05-08 11:00:00+09:00,2519.0,2523.0,2513.0,2517.0,0,0.0,0.0
2024-05-08 12:00:00+09:00,2505.0,2522.0,2505.0,2509.0,32000,0.0,0.0
2024-05-08 13:00:00+09:00,2507.0,2510.0,2493.0,2510.0,7800,0.0,0.0
2024-05-08 14:00:00+09:00,2512.0,2523.0,2498.0,2498.0,10500,0.0,0.0
2024-05-09 09:00:00+09:00,2498.0,2515.0,2485.0,2515.0,0,0.0,0.0
2024-05-09 10:00:00+09:00,2514.0,2539.0,2514.0,2537.0,17600,0.0,0.0
2024-05-09 11:00:00+09:00,2537.0,2548.0,2537.0,2543.0,0,0.0,0.0
2024-05-09 12:00:00+09:00,2550.0,2554.0,2543.0,2543.0,24500,0.0,0.0
2024-05-09 13:00:00+09:00,2543.0,2547.0,2525.0,2525.0,7900,0.0,0.0
2024-05-09 14:00:00+09:00,2530.0,2539.0,2524.0,2535.0,17400,0.0,0.0
2024-05-10 09:00:00+09:00,2539.0,2540.0,2504.0,2518.0,15800,0.0,0.0
2024-05-10 10:00:00+09:00,2519.0,2520.0,2452.0,2476.0,11600,0.0,0.0
2024-05-10 11:00:00+09:00,2481.0,2485.0,2469.0,2471.0,0,0.0,0.0
2024-05-10 12:00:00+09:00,2460.0,2473.0,2454.0,2473.0,39200,0.0,0.0
2024-05-10 13:00:00+09:00,2468.0,2485.0,2468.0,2475.0,9000,0.0,0.0
2024-05-10 14:00:00+09:00,2476.0,2490.0,2473.0,2489.0,15600,0.0,0.0
2024-05-13 09:00:00+09:00,2448.0,2498.0,2430.0,2460.0,30200,0.0,0.0
2024-05-13 10:00:00+09:00,2460.0,2467.0,2449.0,2463.0,8500,0.0,0.0
2024-05-13 11:00:00+09:00,2464.0,2483.0,2461.0,2483.0,0,0.0,0.0
2024-05-13 12:00:00+09:00,2490.0,2499.0,2476.0,2482.0,55100,0.0,0.0
2024-05-13 13:00:00+09:00,2480.0,2480.0,2454.0,2465.0,26600,0.0,0.0
2024-05-13 14:00:00+09:00,2465.0,2477.0,2461.0,2477.0,17600,0.0,0.0
2024-05-14 09:00:00+09:00,2475.0,2479.0,2425.0,2432.0,31600,0.0,0.0
2024-05-14 10:00:00+09:00,2430.0,2439.0,2400.0,2415.0,26300,0.0,0.0
2024-05-14 11:00:00+09:00,2420.0,2427.0,2416.0,2427.0,0,0.0,0.0
2024-05-14 12:00:00+09:00,2425.0,2434.0,2407.0,2412.0,88300,0.0,0.0
2024-05-14 13:00:00+09:00,2414.0,2425.0,2275.0,2367.0,124300,0.0,0.0
2024-05-14 14:00:00+09:00,2374.0,2407.0,2369.0,2391.0,50300,0.0,0.0
2024-05-15 09:00:00+09:00,2158.0,2274.0,2158.0,2274.0,117900,0.0,0.0
2024-05-15 10:00:00+09:00,2268.0,2303.0,2266.0,2296.0,39500,0.0,0.0
2024-05-15 11:00:00+09:00,2295.0,2299.0,2283.0,2291.0,0,0.0,0.0
2024-05-15 12:00:00+09:00,2290.0,2301.0,2250.0,2263.0,215900,0.0,0.0
2024-05-15 13:00:00+09:00,2261.0,2261.0,2236.0,2237.0,42300,0.0,0.0
2024-05-15 14:00:00+09:00,2235.0,2245.0,2206.0,2245.0,76100,0.0,0.0
2024-05-16 09:00:00+09:00,2200.0,2221.0,2179.0,2195.0,62600,0.0,0.0
2024-05-16 10:00:00+09:00,2193.0,2214.0,2182.0,2183.0,30100,0.0,0.0
2024-05-16 11:00:00+09:00,2183.0,2183.0,2166.0,2178.0,0,0.0,0.0
2024-05-16 12:00:00+09:00,2176.0,2188.0,2163.0,2168.0,123500,0.0,0.0
2024-05-16 13:00:00+09:00,2165.0,2190.0,2162.0,2178.0,30500,0.0,0.0
2024-05-16 14:00:00+09:00,2180.0,2191.0,2169.0,2172.0,42900,0.0,0.0
2024-05-17 09:00:00+09:00,2150.0,2191.0,2144.0,2190.0,0,0.0,0.0
2024-05-17 10:00:00+09:00,2196.0,2221.0,2196.0,2212.0,29300,0.0,0.0
2024-05-17 11:00:00+09:00,2212.0,2225.0,2205.0,2224.0,0,0.0,0.0
2024-05-17 12:00:00+09:00,2224.0,2240.0,2219.0,2220.0,41700,0.0,0.0
2024-05-17 13:00:00+09:00,2227.0,2228.0,2212.0,2212.0,5000,0.0,0.0
2024-05-17 14:00:00+09:00,2216.0,2218.0,2205.0,2210.0,15700,0.0,0.0
2024-05-20 09:00:00+09:00,2226.0,2315.0,2226.0,2304.0,30600,0.0,0.0
2024-05-20 10:00:00+09:00,2304.0,2336.0,2304.0,2330.0,16200,0.0,0.0
2024-05-20 11:00:00+09:00,2332.0,2337.0,2322.0,2335.0,0,0.0,0.0
2024-05-20 12:00:00+09:00,2335.0,2338.0,2314.0,2328.0,69100,0.0,0.0
2024-05-20 13:00:00+09:00,2327.0,2330.0,2311.0,2318.0,11800,0.0,0.0
2024-05-20 14:00:00+09:00,2319.0,2322.0,2305.0,2305.0,16800,0.0,0.0
2024-05-21 09:00:00+09:00,2308.0,2376.0,2308.0,2335.0,24400,0.0,0.0
2024-05-21 10:00:00+09:00,2337.0,2339.0,2315.0,2332.0,9700,0.0,0.0
2024-05-21 11:00:00+09:00,2334.0,2334.0,2317.0,2334.0,0,0.0,0.0
2024-05-21 12:00:00+09:00,2334.0,2351.0,2324.0,2326.0,46900,0.0,0.0
2024-05-21 13:00:00+09:00,2326.0,2327.0,2315.0,2318.0,8300,0.0,0.0
2024-05-21 14:00:00+09:00,2316.0,2320.0,2305.0,2305.0,19100,0.0,0.0
2024-05-22 09:00:00+09:00,2276.0,2276.0,2235.0,2259.0,33900,0.0,0.0
2024-05-22 10:00:00+09:00,2256.0,2271.0,2254.0,2267.0,7100,0.0,0.0
2024-05-22 11:00:00+09:00,2269.0,2275.0,2262.0,2273.0,0,0.0,0.0
2024-05-22 12:00:00+09:00,2267.0,2268.0,2258.0,2258.0,56800,0.0,0.0
2024-05-22 13:00:00+09:00,2257.0,2258.0,2242.0,2258.0,15500,0.0,0.0
2024-05-22 14:00:00+09:00,2256.0,2266.0,2255.0,2257.0,27100,0.0,0.0
2024-05-23 09:00:00+09:00,2256.0,2269.0,2198.0,2269.0,16100,0.0,0.0
2024-05-23 10:00:00+09:00,2269.0,2269.0,2254.0,2255.0,4800,0.0,0.0
2024-05-23 11:00:00+09:00,2258.0,2262.0,2257.0,2260.0,0,0.0,0.0
2024-05-23 12:00:00+09:00,2271.0,2278.0,2255.0,2263.0,29600,0.0,0.0
2024-05-23 13:00:00+09:00,2263.0,2267.0,2253.0,2262.0,5600,0.0,0.0
2024-05-23 14:00:00+09:00,2261.0,2268.0,2255.0,2265.0,9400,0.0,0.0
2024-05-24 09:00:00+09:00,2222.0,2291.0,2210.0,2278.0,16200,0.0,0.0
2024-05-24 10:00:00+09:00,2278.0,2278.0,2242.0,2245.0,7600,0.0,0.0
2024-05-24 11:00:00+09:00,2253.0,2258.0,2244.0,2258.0,0,0.0,0.0
2024-05-24 12:00:00+09:00,2258.0,2261.0,2253.0,2256.0,28400,0.0,0.0
2024-05-24 13:00:00+09:00,2255.0,2259.0,2251.0,2256.0,3100,0.0,0.0
2024-05-24 14:00:00+09:00,2257.0,2258.0,2248.0,2252.0,9700,0.0,0.0
2024-05-27 09:00:00+09:00,2251.0,2260.0,2240.0,2250.0,15100,0.0,0.0
2024-05-27 10:00:00+09:00,2248.0,2263.0,2246.0,2256.0,5200,0.0,0.0
2024-05-27 11:00:00+09:00,2254.0,2257.0,2253.0,2257.0,0,0.0,0.0
2024-05-27 12:00:00+09:00,2257.0,2257.0,2245.0,2248.0,25200,0.0,0.0
2024-05-27 13:00:00+09:00,2248.0,2259.0,2248.0,2259.0,5900,0.0,0.0
2024-05-27 14:00:00+09:00,2260.0,2272.0,2255.0,2272.0,15600,0.0,0.0
2024-05-28 09:00:00+09:00,2258.0,2282.0,2252.0,2266.0,21100,0.0,0.0
2024-05-28 10:00:00+09:00,2272.0,2272.0,2259.0,2259.0,5800,0.0,0.0
2024-05-28 11:00:00+09:00,2262.0,2266.0,2259.0,2265.0,0,0.0,0.0
2024-05-28 12:00:00+09:00,2258.0,2265.0,2258.0,2261.0,33700,0.0,0.0
2024-05-28 13:00:00+09:00,2263.0,2266.0,2260.0,2266.0,5400,0.0,0.0
2024-05-28 14:00:00+09:00,2263.0,2270.0,2261.0,2264.0,12400,0.0,0.0
2024-05-29 09:00:00+09:00,2254.0,2268.0,2231.0,2235.0,0,0.0,0.0
2024-05-29 10:00:00+09:00,2233.0,2237.0,2201.0,2204.0,32900,0.0,0.0
2024-05-29 11:00:00+09:00,2208.0,2248.0,2208.0,2245.0,0,0.0,0.0
2024-05-29 12:00:00+09:00,2237.0,2247.0,2221.0,2225.0,57600,0.0,0.0
2024-05-29 13:00:00+09:00,2221.0,2238.0,2221.0,2230.0,8100,0.0,0.0
2024-05-29 14:00:00+09:00,2234.0,2235.0,2216.0,2225.0,16500,0.0,0.0
2024-05-30 09:00:00+09:00,2200.0,2210.0,2160.0,2160.0,17000,0.0,0.0
2024-05-30 10:00:00+09:00,2169.0,2188.0,2169.0,2174.0,7200,0.0,0.0
2024-05-30 11:00:00+09:00,2176.0,2183.0,2171.0,2183.0,0,0.0,0.0
2024-05-30 12:00:00+09:00,2192.0,2210.0,2192.0,2193.0,32100,0.0,0.0
2024-05-30 13:00:00+09:00,2194.0,2198.0,2186.0,2193.0,2200,0.0,0.0
2024-05-30 14:00:00+09:00,2193.0,2195.0,2179.0,2191.0,9000,0.0,0.0
2024-05-31 09:00:00+09:00,2221.0,2228.0,2199.0,2214.0,30800,0.0,0.0
2024-05-31 10:00:00+09:00,2216.0,2219.0,2200.0,2207.0,11900,0.0,0.0
2024-05-31 11:00:00+09:00,2208.0,2213.0,2204.0,2212.0,0,0.0,0.0
2024-05-31 12:00:00+09:00,2222.0,2225.0,2216.0,2218.0,56300,0.0,0.0
2024-05-31 13:00:00+09:00,2219.0,2240.0,2212.0,2240.0,24000,0.0,0.0
2024-05-31 14:00:00+09:00,2234.0,2250.0,2229.0,2250.0,20500,0.0,0.0
2024-06-03 09:00:00+09:00,2239.0,2283.0,2239.0,2271.0,0,0.0,0.0
2024-06-03 10:00:00+09:00,2270.0,2270.0,2245.0,2248.0,23600,0.0,0.0
2024-06-03 11:00:00+09:00,2246.0,2263.0,2246.0,2263.0,0,0.0,0.0
2024-06-03 12:00:00+09:00,2263.0,2267.0,2251.0,2265.0,30300,0.0,0.0
2024-06-03 13:00:00+09:00,2265.0,2272.0,2258.0,2259.0,7200,0.0,0.0
2024-06-03 14:00:00+09:00,2258.0,2260.0,2244.0,2260.0,12900,0.0,0.0
2024-06-04 09:00:00+09:00,2228.0,2288.0,2221.0,2287.0,24900,0.0,0.0
2024-06-04 10:00:00+09:00,2288.0,2297.0,2261.0,2268.0,18400,0.0,0.0
2024-06-04 11:00:00+09:00,2268.0,2272.0,2256.0,2260.0,0,0.0,0.0
2024-06-04 12:00:00+09:00,2254.0,2260.0,2252.0,2257.0,57000,0.0,0.0
2024-06-04 13:00:00+09:00,2258.0,2261.0,2245.0,2249.0,18600,0.0,0.0
2024-06-04 14:00:00+09:00,2249.0,2250.0,2214.0,2224.0,47200,0.0,0.0
2024-06-05 09:00:00+09:00,2190.0,2197.0,2128.0,2196.0,53700,0.0,0.0
2024-06-05 10:00:00+09:00,2191.0,2205.0,2185.0,2190.0,24600,0.0,0.0
2024-06-05 11:00:00+09:00,2193.0,2201.0,2184.0,2196.0,0,0.0,0.0
2024-06-05 12:00:00+09:00,2196.0,2199.0,2128.0,2145.0,201600,0.0,0.0
2024-06-05 13:00:00+09:00,2142.0,2165.0,2138.0,2139.0,21000,0.0,0.0
2024-06-05 14:00:00+09:00,2141.0,2182.0,2135.0,2178.0,49900,0.0,0.0
2024-06-06 09:00:00+09:00,2171.0,2173.0,2099.0,2110.0,105000,0.0,0.0
2024-06-06 10:00:00+09:00,2109.0,2121.0,2098.0,2099.0,57500,0.0,0.0
2024-06-06 11:00:00+09:00,2097.0,2100.0,2083.0,2087.0,0,0.0,0.0
2024-06-06 12:00:00+09:00,2091.0,2103.0,2086.0,2094.0,192200,0.0,0.0
2024-06-06 13:00:00+09:00,2093.0,2122.0,2088.0,2122.0,14900,0.0,0.0
2024-06-06 14:00:00+09:00,2119.0,2129.0,2108.0,2127.0,25800,0.0,0.0
2024-06-07 09:00:00+09:00,2139.0,2139.0,2098.0,2117.0,80600,0.0,0.0
2024-06-07 10:00:00+09:00,2115.0,2126.0,2111.0,2111.0,14500,0.0,0.0
2024-06-07 11:00:00+09:00,2110.0,2115.0,2107.0,2115.0,0,0.0,0.0
2024-06-07 12:00:00+09:00,2125.0,2140.0,2119.0,2137.0,124600,0.0,0.0
2024-06-07 13:00:00+09:00,2138.0,2154.0,2131.0,2139.0,35800,0.0,0.0
2024-06-07 14:00:00+09:00,2139.0,2148.0,2134.0,2146.0,36500,0.0,0.0
2024-06-10 09:00:00+09:00,2134.0,2171.0,2130.0,2160.0,27300,0.0,0.0
2024-06-10 10:00:00+09:00,2159.0,2177.0,2156.0,2170.0,13500,0.0,0.0
2024-06-10 11:00:00+09:00,2170.0,2172.0,2158.0,2163.0,0,0.0,0.0
2024-06-10 12:00:00+09:00,2166.0,2173.0,2157.0,2160.0,64800,0.0,0.0
2024-06-10 13:00:00+09:00,2159.0,2168.0,2150.0,2168.0,12200,0.0,0.0
2024-06-10 14:00:00+09:00,2166.0,2183.0,2165.0,2182.0,11700,0.0,0.0
2024-06-11 09:00:00+09:00,2178.0,2189.0,2163.0,2172.0,16200,0.0,0.0
2024-06-11 10:00:00+09:00,2168.0,2170.0,2153.0,2153.0,4500,0.0,0.0
2024-06-11 11:00:00+09:00,2156.0,2179.0,2152.0,2179.0,0,0.0,0.0
2024-06-11 12:00:00+09:00,2179.0,2180.0,2172.0,2173.0,35800,0.0,0.0
2024-06-11 13:00:00+09:00,2170.0,2178.0,2165.0,2174.0,6200,0.0,0.0
2024-06-11 14:00:00+09:00,2174.0,2177.0,2161.0,2161.0,17800,0.0,0.0
2024-06-12 09:00:00+09:00,2124.0,2136.0,2109.0,2136.0,28000,0.0,0.0
2024-06-12 10:00:00+09:00,2132.0,2134.0,2115.0,2115.0,14100,0.0,0.0
2024-06-12 11:00:00+09:00,2115.0,2143.0,2115.0,2142.0,0,0.0,0.0
2024-06-12 12:00:00+09:00,2135.0,2150.0,2135.0,2143.0,62800,0.0,0.0
2024-06-12 13:00:00+09:00,2143.0,2149.0,2131.0,2149.0,13500,0.0,0.0
2024-06-12 14:00:00+09:00,2147.0,2152.0,2138.0,2138.0,35800,0.0,0.0
2024-06-13 09:00:00+09:00,2163.0,2175.0,2139.0,2147.0,64200,0.0,0.0
2024-06-13 10:00:00+09:00,2147.0,2152.0,2140.0,2143.0,33400,0.0,0.0
2024-06-13 11:00:00+09:00,2146.0,2150.0,2145.0,2145.0,0,0.0,0.0
2024-06-13 12:00:00+09:00,2144.0,2155.0,2136.0,2148.0,138400,0.0,0.0
2024-06-13 13:00:00+09:00,2147.0,2172.0,2146.0,2162.0,31600,0.0,0.0
2024-06-13 14:00:00+09:00,2163.0,2163.0,2146.0,2157.0,53700,0.0,0.0
2024-06-14 09:00:00+09:00,2151.0,2189.0,2134.0,2185.0,94800,0.0,0.0
2024-06-14 10:00:00+09:00,2183.0,2210.0,2182.0,2203.0,25700,0.0,0.0
2024-06-14 11:00:00+09:00,2199.0,2203.0,2186.0,2202.0,0,0.0,0.0
2024-06-14 12:00:00+09:00,2216.0,2232.0,2202.0,2226.0,154000,0.0,0.0
2024-06-14 13:00:00+09:00,2227.0,2232.0,2222.0,2222.0,21600,0.0,0.0
2024-06-14 14:00:00+09:00,2222.0,2231.0,2215.0,2228.0,43700,0.0,0.0
2024-06-17 09:00:00+09:00,2194.0,2194.0,2134.0,2134.0,38800,0.0,0.0
2024-06-17 10:00:00+09:00,2135.0,2157.0,2127.0,2152.0,19500,0.0,0.0
2024-06-17 11:00:00+09:00,2154.0,2156.0,2151.0,2155.0,0,0.0,0.0
2024-06-17 12:00:00+09:00,2156.0,2157.0,2137.0,2137.0,76200,0.0,0.0
2024-06-17 13:00:00+09:00,2138.0,2143.0,2129.0,2143.0,15700,0.0,0.0
2024-06-17 14:00:00+09:00,2144.0,2163.0,2144.0,2159.0,48900,0.0,0.0
2024-06-18 09:00:00+09:00,2176.0,2185.0,2150.0,2174.0,24100,0.0,0.0
2024-06-18 10:00:00+09:00,2175.0,2178.0,2153.0,2167.0,17700,0.0,0.0
2024-06-18 11:00:00+09:00,2168.0,2171.0,2166.0,2171.0,0,0.0,0.0
2024-06-18 12:00:00+09:00,2165.0,2165.0,2156.0,2157.0,55100,0.0,0.0
2024-06-18 13:00:00+09:00,2158.0,2159.0,2152.0,2153.0,10100,0.0,0.0
2024-06-18 14:00:00+09:00,2152.0,2153.0,2150.0,2152.0,16900,0.0,0.0
2024-06-19 09:00:00+09:00,2150.0,2176.0,2150.0,2164.0,58600,0.0,0.0
2024-06-19 10:00:00+09:00,2164.0,2170.0,2150.0,2150.0,24100,0.0,0.0
2024-06-19 11:00:00+09:00,2150.0,2164.0,2149.0,2164.0,0,0.0,0.0
2024-06-19 12:00:00+09:00,2164.0,2168.0,2154.0,2158.0,98500,0.0,0.0
2024-06-19 13:00:00+09:00,2158.0,2158.0,2150.0,2150.0,7400,0.0,0.0
2024-06-19 14:00:00+09:00,2150.0,2158.0,2145.0,2158.0,9500,0.0,0.0
2024-06-20 09:00:00+09:00,2139.0,2168.0,2136.0,2140.0,14400,0.0,0.0
2024-06-20 10:00:00+09:00,2140.0,2140.0,2129.0,2133.0,11000,0.0,0.0
2024-06-20 11:00:00+09:00,2135.0,2136.0,2126.0,2136.0,0,0.0,0.0
2024-06-20 12:00:00+09:00,2136.0,2136.0,2121.0,2122.0,36600,0.0,0.0
2024-06-20 13:00:00+09:00,2121.0,2126.0,2115.0,2126.0,9400,0.0,0.0
2024-06-20 14:00:00+09:00,2127.0,2134.0,2126.0,2134.0,17000,0.0,0.0
2024-06-21 09:00:00+09:00,2153.0,2153.0,2122.0,2126.0,15600,0.0,0.0
2024-06-21 10:00:00+09:00,2124.0,2124.0,2113.0,2122.0,8500,0.0,0.0
2024-06-21 11:00:00+09:00,2124.0,2124.0,2114.0,2118.0,0,0.0,0.0
2024-06-21 12:00:00+09:00,2110.0,2118.0,2092.0,2113.0,60500,0.0,0.0
2024-06-21 13:00:00+09:00,2115.0,2124.0,2108.0,2118.0,51000,0.0,0.0
2024-06-21 14:00:00+09:00,2118.0,2130.0,2111.0,2112.0,54000,0.0,0.0
2024-06-24 09:00:00+09:00,2134.0,2134.0,2097.0,2100.0,42900,0.0,0.0
2024-06-24 10:00:00+09:00,2100.0,2109.0,2097.0,2099.0,21800,0.0,0.0
2024-06-24 11:00:00+09:00,2100.0,2105.0,2094.0,2105.0,0,0.0,0.0
2024-06-24 12:00:00+09:00,2110.0,2124.0,2097.0,2119.0,98000,0.0,0.0
2024-06-24 13:00:00+09:00,2119.0,2124.0,2095.0,2105.0,62600,0.0,0.0
2024-06-24 14:00:00+09:00,2107.0,2110.0,2099.0,2104.0,32000,0.0,0.0
2024-06-25 09:00:00+09:00,2121.0,2136.0,2102.0,2132.0,61900,0.0,0.0
2024-06-25 10:00:00+09:00,2129.0,2141.0,2119.0,2141.0,21100,0.0,0.0
2024-06-25 11:00:00+09:00,2140.0,2143.0,2137.0,2143.0,0,0.0,0.0
2024-06-25 12:00:00+09:00,2150.0,2161.0,2133.0,2135.0,106700,0.0,0.0
2024-06-25 13:00:00+09:00,2135.0,2141.0,2133.0,2136.0,11200,0.0,0.0
2024-06-25 14:00:00+09:00,2137.0,2144.0,2132.0,2144.0,25800,0.0,0.0
2024-06-26 09:00:00+09:00,2134.0,2134.0,2106.0,2123.0,0,0.0,0.0
2024-06-26 10:00:00+09:00,2123.0,2129.0,2119.0,2125.0,32400,0.0,0.0
2024-06-26 11:00:00+09:00,2126.0,2131.0,2125.0,2127.0,0,0.0,0.0
2024-06-26 12:00:00+09:00,2134.0,2134.0,2116.0,2125.0,48300,0.0,0.0
2024-06-26 13:00:00+09:00,2124.0,2126.0,2119.0,2121.0,11800,0.0,0.0
2024-06-26 14:00:00+09:00,2123.0,2126.0,2120.0,2120.0,26100,0.0,0.0
2024-06-27 09:00:00+09:00,2113.0,2123.0,2103.0,2115.0,19100,0.0,0.0
2024-06-27 10:00:00+09:00,2115.0,2115.0,2099.0,2100.0,9500,0.0,0.0
2024-06-27 11:00:00+09:00,2100.0,2110.0,2100.0,2110.0,0,0.0,0.0
2024-06-27 12:00:00+09:00,2106.0,2111.0,2101.0,2101.0,45400,0.0,0.0
2024-06-27 13:00:00+09:00,2104.0,2110.0,2104.0,2108.0,12100,0.0,0.0
2024-06-27 14:00:00+09:00,2109.0,2111.0,2101.0,2109.0,16200,0.0,0.0
2024-06-28 09:00:00+09:00,2112.0,2123.0,2091.0,2100.0,35400,0.0,0.0
2024-06-28 10:00:00+09:00,2100.0,2104.0,2092.0,2095.0,11400,0.0,0.0
2024-06-28 11:00:00+09:00,2094.0,2095.0,2089.0,2094.0,0,0.0,0.0
2024-06-28 12:00:00+09:00,2097.0,2097.0,2086.0,2091.0,63300,0.0,0.0
2024-06-28 13:00:00+09:00,2092.0,2104.0,2091.0,2104.0,10100,0.0,0.0
2024-06-28 14:00:00+09:00,2103.0,2113.0,2101.0,2109.0,22800,0.0,0.0
2024-07-01 09:00:00+09:00,2146.0,2163.0,2132.0,2140.0,72000,0.0,0.0
2024-07-01 10:00:00+09:00,2144.0,2153.0,2134.0,2141.0,12200,0.0,0.0
2024-07-01 11:00:00+09:00,2144.0,2147.0,2137.0,2146.0,0,0.0,0.0
2024-07-01 12:00:00+09:00,2146.0,2156.0,2140.0,2151.0,103600,0.0,0.0
2024-07-01 13:00:00+09:00,2152.0,2153.0,2131.0,2131.0,19500,0.0,0.0
2024-07-01 14:00:00+09:00,2133.0,2143.0,2130.0,2143.0,18700,0.0,0.0
2024-07-02 09:00:00+09:00,2139.0,2145.0,2121.0,2130.0,14700,0.0,0.0
2024-07-02 10:00:00+09:00,2131.0,2153.0,2129.0,2144.0,8100,0.0,0.0
2024-07-02 11:00:00+09:00,2145.0,2160.0,2144.0,2160.0,0,0.0,0.0
2024-07-02 12:00:00+09:00,2156.0,2160.0,2148.0,2156.0,37000,0.0,0.0
2024-07-02 13:00:00+09:00,2155.0,2170.0,2155.0,2161.0,11200,0.0,0.0
2024-07-02 14:00:00+09:00,2162.0,2174.0,2161.0,2170.0,25300,0.0,0.0
2024-07-03 09:00:00+09:00,2173.0,2200.0,2172.0,2195.0,19800,0.0,0.0
2024-07-03 10:00:00+09:00,2194.0,2202.0,2189.0,2202.0,9300,0.0,0.0
2024-07-03 11:00:00+09:00,2202.0,2212.0,2202.0,2212.0,0,0.0,0.0
2024-07-03 12:00:00+09:00,2211.0,2211.0,2203.0,2205.0,38200,0.0,0.0
2024-07-03 13:00:00+09:00,2207.0,2207.0,2197.0,2199.0,8500,0.0,0.0
2024-07-03 14:00:00+09:00,2199.0,2199.0,2184.0,2184.0,12700,0.0,0.0
2024-07-04 09:00:00+09:00,2184.0,2234.0,2184.0,2234.0,12300,0.0,0.0
2024-07-04 10:00:00+09:00,2233.0,2235.0,2226.0,2231.0,6400,0.0,0.0
2024-07-04 11:00:00+09:00,2229.0,2231.0,2216.0,2217.0,0,0.0,0.0
2024-07-04 12:00:00+09:00,2216.0,2224.0,2216.0,2220.0,28200,0.0,0.0
2024-07-04 13:00:00+09:00,2222.0,2224.0,2216.0,2220.0,7600,0.0,0.0
2024-07-04 14:00:00+09:00,2222.0,2235.0,2220.0,2231.0,11200,0.0,0.0
2024-07-05 09:00:00+09:00,2229.0,2246.0,2201.0,2201.0,16700,0.0,0.0
2024-07-05 10:00:00+09:00,2201.0,2201.0,2164.0,2189.0,44100,0.0,0.0
2024-07-05 11:00:00+09:00,2187.0,2197.0,2183.0,2185.0,0,0.0,0.0
2024-07-05 12:00:00+09:00,2183.0,2190.0,2175.0,2175.0,73400,0.0,0.0
2024-07-05 13:00:00+09:00,2177.0,2195.0,2175.0,2194.0,10400,0.0,0.0
2024-07-05 14:00:00+09:00,2194.0,2195.0,2175.0,2179.0,15100,0.0,0.0
2024-07-08 09:00:00+09:00,2162.0,2165.0,2148.0,2156.0,0,0.0,0.0
2024-07-08 10:00:00+09:00,2155.0,2165.0,2150.0,2158.0,30800,0.0,0.0
2024-07-08 11:00:00+09:00,2157.0,2167.0,2150.0,2162.0,0,0.0,0.0
2024-07-08 12:00:00+09:00,2164.0,2170.0,2154.0,2165.0,39500,0.0,0.0
2024-07-08 13:00:00+09:00,2165.0,2177.0,2165.0,2174.0,5300,0.0,0.0
2024-07-08 14:00:00+09:00,2172.0,2178.0,2170.0,2170.0,11200,0.0,0.0
2024-07-09 09:00:00+09:00,2170.0,2188.0,2159.0,2162.0,16600,0.0,0.0
2024-07-09 10:00:00+09:00,2159.0,2168.0,2155.0,2166.0,7200,0.0,0.0
2024-07-09 11:00:00+09:00,2166.0,2179.0,2160.0,2179.0,0,0.0,0.0
2024-07-09 12:00:00+09:00,2185.0,2189.0,2174.0,2186.0,38300,0.0,0.0
2024-07-09 13:00:00+09:00,2187.0,2197.0,2185.0,2197.0,7100,0.0,0.0
2024-07-09 14:00:00+09:00,2198.0,2213.0,2194.0,2200.0,16500,0.0,0.0
2024-07-10 09:00:00+09:00,2196.0,2215.0,2185.0,2206.0,18200,0.0,0.0
2024-07-10 10:00:00+09:00,2203.0,2209.0,2196.0,2202.0,5900,0.0,0.0
2024-07-10 11:00:00+09:00,2204.0,2204.0,2192.0,2194.0,0,0.0,0.0
2024-07-10 12:00:00+09:00,2189.0,2194.0,2184.0,2190.0,32300,0.0,0.0
2024-07-10 13:00:00+09:00,2191.0,2193.0,2153.0,2155.0,38200,0.0,0.0
2024-07-10 14:00:00+09:00,2160.0,2186.0,2158.0,2186.0,11500,0.0,0.0
2024-07-11 09:00:00+09:00,2224.0,2241.0,2179.0,2179.0,45200,0.0,0.0
2024-07-11 10:00:00+09:00,2184.0,2195.0,2165.0,2194.0,6800,0.0,0.0
2024-07-11 11:00:00+09:00,2196.0,2197.0,2191.0,2197.0,0,0.0,0.0
2024-07-11 12:00:00+09:00,2196.0,2205.0,2194.0,2205.0,62000,0.0,0.0
2024-07-11 13:00:00+09:00,2205.0,2212.0,2201.0,2212.0,7800,0.0,0.0
2024-07-11 14:00:00+09:00,2211.0,2218.0,2207.0,2212.0,16600,0.0,0.0
2024-07-12 09:00:00+09:00,2181.0,2224.0,2181.0,2217.0,26900,0.0,0.0
2024-07-12 10:00:00+09:00,2216.0,2230.0,2213.0,2225.0,9400,0.0,0.0
2024-07-12 11:00:00+09:00,2226.0,2240.0,2220.0,2240.0,0,0.0,0.0
2024-07-12 12:00:00+09:00,2235.0,2241.0,2228.0,2228.0,50000,0.0,0.0
2024-07-12 13:00:00+09:00,2226.0,2231.0,2224.0,2227.0,8400,0.0,0.0
2024-07-12 14:00:00+09:00,2229.0,2230.0,2211.0,2216.0,11000,0.0,0.0
2024-07-16 09:00:00+09:00,2244.0,2275.0,2240.0,2270.0,24000,0.0,0.0
2024-07-16 10:00:00+09:00,2269.0,2270.0,2241.0,2242.0,14300,0.0,0.0
2024-07-16 11:00:00+09:00,2241.0,2244.0,2239.0,2244.0,0,0.0,0.0
2024-07-16 12:00:00+09:00,2239.0,2240.0,2231.0,2240.0,51800,0.0,0.0
2024-07-16 13:00:00+09:00,2237.0,2243.0,2234.0,2235.0,11800,0.0,0.0
2024-07-16 14:00:00+09:00,2235.0,2241.0,2232.0,2234.0,19300,0.0,0.0
2024-07-17 09:00:00+09:00,2247.0,2261.0,2240.0,2249.0,15900,0.0,0.0
2024-07-17 10:00:00+09:00,2247.0,2252.0,2235.0,2245.0,8700,0.0,0.0
2024-07-17 11:00:00+09:00,2243.0,2246.0,2238.0,2241.0,0,0.0,0.0
2024-07-17 12:00:00+09:00,2237.0,2245.0,2214.0,2217.0,39200,0.0,0.0
2024-07-17 13:00:00+09:00,2215.0,2217.0,2202.0,2208.0,11200,0.0,0.0
2024-07-17 14:00:00+09:00,2211.0,2214.0,2198.0,2204.0,16600,0.0,0.0
2024-07-18 09:00:00+09:00,2185.0,2200.0,2177.0,2191.0,18400,0.0,0.0
2024-07-18 10:00:00+09:00,2191.0,2208.0,2191.0,2199.0,5900,0.0,0.0
2024-07-18 11:00:00+09:00,2198.0,2203.0,2193.0,2202.0,0,0.0,0.0
2024-07-18 12:00:00+09:00,2208.0,2210.0,2180.0,2192.0,35800,0.0,0.0
2024-07-18 13:00:00+09:00,2195.0,2203.0,2186.0,2193.0,7000,0.0,0.0
2024-07-18 14:00:00+09:00,2193.0,2200.0,2183.0,2183.0,14500,0.0,0.0
2024-07-19 09:00:00+09:00,2179.0,2183.0,2158.0,2179.0,6800,0.0,0.0
2024-07-19 10:00:00+09:00,2182.0,2198.0,2164.0,2164.0,14500,0.0,0.0
2024-07-19 11:00:00+09:00,2162.0,2169.0,2161.0,2163.0,0,0.0,0.0
2024-07-19 12:00:00+09:00,2169.0,2171.0,2156.0,2166.0,31700,0.0,0.0
2024-07-19 13:00:00+09:00,2166.0,2172.0,2165.0,2165.0,19400,0.0,0.0
2024-07-19 14:00:00+09:00,2165.0,2168.0,2159.0,2160.0,11600,0.0,0.0
2024-07-22 09:00:00+09:00,2165.0,2165.0,2106.0,2117.0,0,0.0,0.0
2024-07-22 10:00:00+09:00,2117.0,2122.0,2106.0,2106.0,28800,0.0,0.0
2024-07-22 11:00:00+09:00,2108.0,2122.0,2108.0,2118.0,0,0.0,0.0
2024-07-22 12:00:00+09:00,2123.0,2123.0,2101.0,2104.0,38300,0.0,0.0
2024-07-22 13:00:00+09:00,2104.0,2112.0,2099.0,2110.0,10100,0.0,0.0
2024-07-22 14:00:00+09:00,2109.0,2109.0,2093.0,2101.0,23100,0.0,0.0
2024-07-23 09:00:00+09:00,2105.0,2150.0,2105.0,2119.0,9700,0.0,0.0
2024-07-23 10:00:00+09:00,2119.0,2133.0,2118.0,2127.0,2900,0.0,0.0
2024-07-23 11:00:00+09:00,2134.0,2137.0,2134.0,2137.0,0,0.0,0.0
2024-07-23 12:00:00+09:00,2127.0,2138.0,2120.0,2123.0,17400,0.0,0.0
2024-07-23 13:00:00+09:00,2127.0,2131.0,2119.0,2131.0,2700,0.0,0.0
2024-07-23 14:00:00+09:00,2126.0,2134.0,2122.0,2127.0,16200,0.0,0.0
2024-07-24 09:00:00+09:00,2105.0,2107.0,2093.0,2099.0,16500,0.0,0.0
2024-07-24 10:00:00+09:00,2095.0,2100.0,2091.0,2094.0,6200,0.0,0.0
2024-07-24 11:00:00+09:00,2092.0,2096.0,2091.0,2096.0,0,0.0,0.0
2024-07-24 12:00:00+09:00,2088.0,2093.0,2081.0,2084.0,32900,0.0,0.0
2024-07-24 13:00:00+09:00,2085.0,2085.0,2069.0,2072.0,15700,0.0,0.0
2024-07-24 14:00:00+09:00,2073.0,2081.0,2060.0,2063.0,28100,0.0,0.0
2024-07-25 09:00:00+09:00,2046.0,2069.0,2021.0,2045.0,13300,0.0,0.0
2024-07-25 10:00:00+09:00,2040.0,2046.0,2027.0,2042.0,12600,0.0,0.0
2024-07-25 11:00:00+09:00,2039.0,2053.0,2038.0,2053.0,0,0.0,0.0
2024-07-25 12:00:00+09:00,2049.0,2057.0,2039.0,2053.0,34000,0.0,0.0
2024-07-25 13:00:00+09:00,2052.0,2062.0,2050.0,2057.0,9200,0.0,0.0
2024-07-25 14:00:00+09:00,2055.0,2060.0,2020.0,2021.0,41800,0.0,0.0
2024-07-26 09:00:00+09:00,2019.0,2026.0,2006.0,2018.0,20300,0.0,0.0
2024-07-26 10:00:00+09:00,2019.0,2052.0,2015.0,2040.0,21800,0.0,0.0
2024-07-26 11:00:00+09:00,2040.0,2062.0,2040.0,2062.0,0,0.0,0.0
2024-07-26 12:00:00+09:00,2064.0,2078.0,2052.0,2057.0,55000,0.0,0.0
2024-07-26 13:00:00+09:00,2055.0,2057.0,2041.0,2041.0,8200,0.0,0.0
2024-07-26 14:00:00+09:00,2042.0,2053.0,2031.0,2036.0,16500,0.0,0.0
2024-07-29 09:00:00+09:00,2058.0,2075.0,2051.0,2073.0,11100,0.0,0.0
2024-07-29 10:00:00+09:00,2073.0,2078.0,2056.0,2065.0,12100,0.0,0.0
2024-07-29 11:00:00+09:00,2065.0,2066.0,2054.0,2060.0,0,0.0,0.0
2024-07-29 12:00:00+09:00,2059.0,2065.0,2057.0,2057.0,31000,0.0,0.0
2024-07-29 13:00:00+09:00,2058.0,2070.0,2058.0,2068.0,9100,0.0,0.0
2024-07-29 14:00:00+09:00,2069.0,2075.0,2066.0,2068.0,14300,0.0,0.0
2024-07-30 09:00:00+09:00,2076.0,2082.0,2060.0,2068.0,20600,0.0,0.0
2024-07-30 10:00:00+09:00,2061.0,2061.0,2049.0,2053.0,16200,0.0,0.0
2024-07-30 11:00:00+09:00,2054.0,2058.0,2050.0,2053.0,0,0.0,0.0
2024-07-30 12:00:00+09:00,2052.0,2054.0,2040.0,2048.0,52200,0.0,0.0
2024-07-30 13:00:00+09:00,2046.0,2056.0,2042.0,2055.0,9200,0.0,0.0
2024-07-30 14:00:00+09:00,2053.0,2064.0,2051.0,2063.0,13700,0.0,0.0
2024-07-31 09:00:00+09:00,2040.0,2040.0,2018.0,2034.0,10600,0.0,0.0
2024-07-31 10:00:00+09:00,2035.0,2050.0,2032.0,2045.0,10400,0.0,0.0
2024-07-31 11:00:00+09:00,2046.0,2060.0,2042.0,2060.0,0,0.0,0.0
2024-07-31 12:00:00+09:00,2056.0,2092.0,2044.0,2052.0,32900,0.0,0.0
2024-07-31 13:00:00+09:00,2048.0,2072.0,2046.0,2066.0,12700,0.0,0.0
2024-07-31 14:00:00+09:00,2065.0,2101.0,2062.0,2089.0,29300,0.0,0.0
2024-08-01 09:00:00+09:00,2062.0,2062.0,2003.0,2003.0,18600,0.0,0.0
2024-08-01 10:00:00+09:00,2002.0,2003.0,1980.0,1987.0,10600,0.0,0.0
2024-08-01 11:00:00+09:00,1986.0,2005.0,1982.0,2005.0,0,0.0,0.0
2024-08-01 12:00:00+09:00,1993.0,2007.0,1988.0,1993.0,40500,0.0,0.0
2024-08-01 13:00:00+09:00,1993.0,1998.0,1979.0,1987.0,22700,0.0,0.0
2024-08-01 14:00:00+09:00,1989.0,2001.0,1988.0,1992.0,22000,0.0,0.0
2024-08-02 09:00:00+09:00,1913.0,1916.0,1861.0,1863.0,26600,0.0,0.0
2024-08-02 10:00:00+09:00,1866.0,1915.0,1862.0,1915.0,10400,0.0,0.0
2024-08-02 11:00:00+09:00,1913.0,1913.0,1894.0,1897.0,0,0.0,0.0
2024-08-02 12:00:00+09:00,1897.0,1907.0,1885.0,1886.0,50300,0.0,0.0
2024-08-02 13:00:00+09:00,1889.0,1900.0,1884.0,1888.0,11400,0.0,0.0
2024-08-02 14:00:00+09:00,1886.0,1887.0,1864.0,1868.0,21500,0.0,0.0
2024-08-05 09:00:00+09:00,1713.0,1713.0,1643.0,1705.0,35700,0.0,0.0
2024-08-05 10:00:00+09:00,1709.0,1713.0,1669.0,1686.0,14200,0.0,0.0
2024-08-05 11:00:00+09:00,1684.0,1721.0,1681.0,1714.0,0,0.0,0.0
2024-08-05 12:00:00+09:00,1714.0,1724.0,1692.0,1696.0,74100,0.0,0.0
2024-08-05 13:00:00+09:00,1693.0,1693.0,1631.0,1631.0,31100,0.0,0.0
2024-08-05 14:00:00+09:00,1630.0,1630.0,1555.0,1555.0,42400,0.0,0.0
2024-08-06 09:00:00+09:00,1636.0,1786.0,1634.0,1786.0,52900,0.0,0.0
2024-08-06 10:00:00+09:00,1789.0,1789.0,1713.0,1736.0,27100,0.0,0.0
2024-08-06 11:00:00+09:00,1737.0,1753.0,1727.0,1727.0,0,0.0,0.0
2024-08-06 12:00:00+09:00,1711.0,1740.0,1708.0,1723.0,111200,0.0,0.0
2024-08-06 13:00:00+09:00,1720.0,1729.0,1663.0,1666.0,24400,0.0,0.0
2024-08-06 14:00:00+09:00,1667.0,1697.0,1648.0,1681.0,42600,0.0,0.0
2024-08-07 09:00:00+09:00,1656.0,1704.0,1603.0,1699.0,29300,0.0,0.0
2024-08-07 10:00:00+09:00,1696.0,1761.0,1665.0,1750.0,10400,0.0,0.0
2024-08-07 11:00:00+09:00,1742.0,1776.0,1739.0,1761.0,0,0.0,0.0
2024-08-07 12:00:00+09:00,1726.0,1774.0,1726.0,1750.0,65800,0.0,0.0
2024-08-07 13:00:00+09:00,1754.0,1756.0,1728.0,1756.0,13200,0.0,0.0
2024-08-07 14:00:00+09:00,1752.0,1755.0,1695.0,1714.0,27500,0.0,0.0
2024-08-08 09:00:00+09:00,1630.0,1684.0,1630.0,1663.0,48000,0.0,0.0
2024-08-08 10:00:00+09:00,1662.0,1673.0,1656.0,1672.0,17400,0.0,0.0
2024-08-08 11:00:00+09:00,1673.0,1697.0,1673.0,1689.0,0,0.0,0.0
2024-08-08 12:00:00+09:00,1689.0,1705.0,1689.0,1700.0,81400,0.0,0.0
2024-08-08 13:00:00+09:00,1701.0,1701.0,1669.0,1683.0,21900,0.0,0.0
2024-08-08 14:00:00+09:00,1683.0,1690.0,1669.0,1680.0,32300,0.0,0.0
2024-08-09 09:00:00+09:00,1749.0,1749.0,1684.0,1696.0,61600,0.0,0.0
2024-08-09 10:00:00+09:00,1696.0,1712.0,1681.0,1699.0,19000,0.0,0.0
2024-08-09 11:00:00+09:00,1697.0,1708.0,1690.0,1702.0,0,0.0,0.0
2024-08-09 12:00:00+09:00,1711.0,1718.0,1699.0,1700.0,97600,0.0,0.0
2024-08-09 13:00:00+09:00,1700.0,1702.0,1672.0,1672.0,16600,0.0,0.0
2024-08-09 14:00:00+09:00,1674.0,1709.0,1666.0,1709.0,26500,0.0,0.0
2024-08-13 09:00:00+09:00,1572.0,1676.0,1562.0,1671.0,77200,0.0,0.0
2024-08-13 10:00:00+09:00,1670.0,1685.0,1657.0,1666.0,29700,0.0,0.0
2024-08-13 11:00:00+09:00,1667.0,1688.0,1667.0,1677.0,0,0.0,0.0
2024-08-13 12:00:00+09:00,1684.0,1708.0,1675.0,1704.0,133800,0.0,0.0
2024-08-13 13:00:00+09:00,1703.0,1713.0,1691.0,1713.0,25900,0.0,0.0
2024-08-13 14:00:00+09:00,1714.0,1734.0,1703.0,1734.0,37300,0.0,0.0
2024-08-14 09:00:00+09:00,1734.0,1781.0,1727.0,1765.0,56800,0.0,0.0
2024-08-14 10:00:00+09:00,1761.0,1794.0,1752.0,1790.0,31600,0.0,0.0
2024-08-14 11:00:00+09:00,1789.0,1789.0,1762.0,1785.0,0,0.0,0.0
2024-08-14 12:00:00+09:00,1785.0,1811.0,1785.0,1802.0,122800,0.0,0.0
2024-08-14 13:00:00+09:00,1805.0,1806.0,1793.0,1794.0,13900,0.0,0.0
2024-08-14 14:00:00+09:00,1793.0,1815.0,1789.0,1800.0,25600,0.0,0.0
2024-08-15 09:00:00+09:00,1805.0,1816.0,1744.0,1776.0,53200,0.0,0.0
2024-08-15 10:00:00+09:00,1776.0,1786.0,1764.0,1786.0,11500,0.0,0.0
2024-08-15 11:00:00+09:00,1785.0,1793.0,1785.0,1787.0,0,0.0,0.0
2024-08-15 12:00:00+09:00,1782.0,1793.0,1780.0,1782.0,74200,0.0,0.0
2024-08-15 13:00:00+09:00,1785.0,1785.0,1770.0,1770.0,6200,0.0,0.0
2024-08-15 14:00:00+09:00,1769.0,1778.0,1757.0,1777.0,15300,0.0,0.0
2024-08-16 09:00:00+09:00,1812.0,1843.0,1799.0,1815.0,16000,0.0,0.0
2024-08-16 10:00:00+09:00,1821.0,1849.0,1819.0,1846.0,10000,0.0,0.0
2024-08-16 11:00:00+09:00,1846.0,1857.0,1842.0,1849.0,0,0.0,0.0
2024-08-16 12:00:00+09:00,1850.0,1856.0,1846.0,1851.0,40100,0.0,0.0
2024-08-16 13:00:00+09:00,1853.0,1857.0,1846.0,1852.0,7600,0.0,0.0
2024-08-16 14:00:00+09:00,1852.0,1860.0,1852.0,1853.0,11800,0.0,0.0
2024-08-19 09:00:00+09:00,1835.0,1862.0,1830.0,1862.0,14200,0.0,0.0
2024-08-19 10:00:00+09:00,1861.0,1873.0,1850.0,1870.0,10500,0.0,0.0
2024-08-19 11:00:00+09:00,1872.0,1882.0,1861.0,1861.0,0,0.0,0.0
2024-08-19 12:00:00+09:00,1862.0,1862.0,1842.0,1845.0,37300,0.0,0.0
2024-08-19 13:00:00+09:00,1843.0,1861.0,1831.0,1832.0,10100,0.0,0.0
2024-08-19 14:00:00+09:00,1836.0,1842.0,1824.0,1824.0,19200,0.0,0.0
2024-08-20 09:00:00+09:00,1842.0,1844.0,1815.0,1841.0,8400,0.0,0.0
2024-08-20 10:00:00+09:00,1841.0,1869.0,1840.0,1859.0,8700,0.0,0.0
2024-08-20 11:00:00+09:00,1857.0,1861.0,1857.0,1859.0,0,0.0,0.0
2024-08-20 12:00:00+09:00,1864.0,1880.0,1864.0,1877.0,29000,0.0,0.0
2024-08-20 13:00:00+09:00,1876.0,1880.0,1870.0,1878.0,14400,0.0,0.0
2024-08-20 14:00:00+09:00,1878.0,1884.0,1869.0,1871.0,19900,0.0,0.0
2024-08-21 09:00:00+09:00,1847.0,1848.0,1834.0,1834.0,5800,0.0,0.0
2024-08-21 10:00:00+09:00,1835.0,1848.0,1828.0,1845.0,6400,0.0,0.0
2024-08-21 11:00:00+09:00,1840.0,1852.0,1839.0,1844.0,0,0.0,0.0
2024-08-21 12:00:00+09:00,1840.0,1856.0,1840.0,1850.0,20500,0.0,0.0
2024-08-21 13:00:00+09:00,1849.0,1857.0,1844.0,1857.0,10600,0.0,0.0
2024-08-21 14:00:00+09:00,1852.0,1852.0,1836.0,1839.0,10200,0.0,0.0
2024-08-22 09:00:00+09:00,1866.0,1880.0,1853.0,1859.0,33800,0.0,0.0
2024-08-22 10:00:00+09:00,1856.0,1859.0,1851.0,1858.0,6900,0.0,0.0
2024-08-22 11:00:00+09:00,1859.0,1859.0,1846.0,1850.0,0,0.0,0.0
2024-08-22 12:00:00+09:00,1847.0,1853.0,1842.0,1842.0,49700,0.0,0.0
2024-08-22 13:00:00+09:00,1845.0,1857.0,1845.0,1853.0,7000,0.0,0.0
2024-08-22 14:00:00+09:00,1855.0,1863.0,1849.0,1863.0,11700,0.0,0.0
2024-08-23 09:00:00+09:00,1868.0,1889.0,1858.0,1879.0,14500,0.0,0.0
2024-08-23 10:00:00+09:00,1868.0,1873.0,1863.0,1870.0,6600,0.0,0.0
2024-08-23 11:00:00+09:00,1865.0,1873.0,1865.0,1867.0,0,0.0,0.0
2024-08-23 12:00:00+09:00,1874.0,1876.0,1868.0,1876.0,29900,0.0,0.0
2024-08-23 13:00:00+09:00,1873.0,1889.0,1873.0,1881.0,7300,0.0,0.0
2024-08-23 14:00:00+09:00,1884.0,1886.0,1869.0,1869.0,12600,0.0,0.0
2024-08-26 09:00:00+09:00,1858.0,1869.0,1847.0,1855.0,0,0.0,0.0
2024-08-26 10:00:00+09:00,1855.0,1860.0,1846.0,1846.0,17000,0.0,0.0
2024-08-26 11:00:00+09:00,1845.0,1855.0,1844.0,1848.0,0,0.0,0.0
2024-08-26 12:00:00+09:00,1839.0,1851.0,1839.0,1845.0,21900,0.0,0.0
2024-08-26 13:00:00+09:00,1846.0,1851.0,1845.0,1846.0,3700,0.0,0.0
2024-08-26 14:00:00+09:00,1845.0,1854.0,1842.0,1847.0,8900,0.0,0.0
2024-08-27 09:00:00+09:00,1849.0,1881.0,1849.0,1873.0,15400,0.0,0.0
2024-08-27 10:00:00+09:00,1867.0,1883.0,1867.0,1881.0,5800,0.0,0.0
2024-08-27 11:00:00+09:00,1880.0,1883.0,1878.0,1880.0,0,0.0,0.0
2024-08-27 12:00:00+09:00,1888.0,1891.0,1879.0,1889.0,28500,0.0,0.0
2024-08-27 13:00:00+09:00,1890.0,1894.0,1880.0,1883.0,6900,0.0,0.0
2024-08-27 14:00:00+09:00,1883.0,1900.0,1883.0,1897.0,14400,0.0,0.0
2024-08-28 09:00:00+09:00,1867.0,1889.0,1860.0,1865.0,14700,0.0,0.0
2024-08-28 10:00:00+09:00,1865.0,1872.0,1860.0,1871.0,6300,0.0,0.0
2024-08-28 11:00:00+09:00,1871.0,1880.0,1871.0,1871.0,0,0.0,0.0
2024-08-28 12:00:00+09:00,1867.0,1876.0,1867.0,1875.0,27900,0.0,0.0
2024-08-28 13:00:00+09:00,1876.0,1879.0,1871.0,1871.0,3100,0.0,0.0
2024-08-28 14:00:00+09:00,1871.0,1880.0,1864.0,1880.0,12600,0.0,0.0
2024-08-29 09:00:00+09:00,1892.0,1903.0,1877.0,1885.0,8300,0.0,0.0
2024-08-29 10:00:00+09:00,1883.0,1894.0,1876.0,1894.0,3600,0.0,0.0
2024-08-29 11:00:00+09:00,1884.0,1888.0,1882.0,1882.0,0,0.0,0.0
2024-08-29 12:00:00+09:00,1884.0,1894.0,1884.0,1894.0,17900,0.0,0.0
2024-08-29 13:00:00+09:00,1893.0,1893.0,1880.0,1884.0,5200,0.0,0.0
2024-08-29 14:00:00+09:00,1883.0,1892.0,1878.0,1889.0,10900,0.0,0.0
2024-08-30 09:00:00+09:00,1899.0,1929.0,1896.0,1922.0,25800,0.0,0.0
2024-08-30 10:00:00+09:00,1921.0,1921.0,1910.0,1911.0,5600,0.0,0.0
2024-08-30 11:00:00+09:00,1910.0,1912.0,1899.0,1907.0,0,0.0,0.0
2024-08-30 12:00:00+09:00,1910.0,1915.0,1908.0,1909.0,41100,0.0,0.0
2024-08-30 13:00:00+09:00,1912.0,1914.0,1902.0,1906.0,5400,0.0,0.0
2024-08-30 14:00:00+09:00,1905.0,1916.0,1905.0,1914.0,16700,0.0,0.0
2024-09-02 09:00:00+09:00,1935.0,1944.0,1906.0,1909.0,15800,0.0,0.0
2024-09-02 10:00:00+09:00,1909.0,1910.0,1883.0,1890.0,58200,0.0,0.0
2024-09-02 11:00:00+09:00,1891.0,1892.0,1882.0,1884.0,0,0.0,0.0
2024-09-02 12:00:00+09:00,1882.0,1887.0,1876.0,1885.0,83200,0.0,0.0
2024-09-02 13:00:00+09:00,1884.0,1893.0,1881.0,1893.0,11400,0.0,0.0
2024-09-02 14:00:00+09:00,1893.0,1900.0,1891.0,1899.0,17500,0.0,0.0
2024-09-03 09:00:00+09:00,1907.0,1918.0,1876.0,1913.0,14400,0.0,0.0
2024-09-03 10:00:00+09:00,1913.0,1913.0,1895.0,1899.0,6800,0.0,0.0
2024-09-03 11:00:00+09:00,1898.0,1902.0,1898.0,1901.0,0,0.0,0.0
2024-09-03 12:00:00+09:00,1898.0,1898.0,1883.0,1883.0,32300,0.0,0.0
2024-09-03 13:00:00+09:00,1882.0,1884.0,1876.0,1880.0,11200,0.0,0.0
2024-09-03 14:00:00+09:00,1881.0,1881.0,1865.0,1868.0,22800,0.0,0.0
2024-09-04 09:00:00+09:00,1826.0,1847.0,1821.0,1830.0,15800,0.0,0.0
2024-09-04 10:00:00+09:00,1830.0,1845.0,1829.0,1832.0,12300,0.0,0.0
2024-09-04 11:00:00+09:00,1828.0,1837.0,1822.0,1837.0,0,0.0,0.0
2024-09-04 12:00:00+09:00,1829.0,1840.0,1814.0,1819.0,42600,0.0,0.0
2024-09-04 13:00:00+09:00,1819.0,1819.0,1814.0,1814.0,10000,0.0,0.0
2024-09-04 14:00:00+09:00,1814.0,1814.0,1788.0,1792.0,34000,0.0,0.0
2024-09-05 09:00:00+09:00,1790.0,1830.0,1779.0,1808.0,19400,0.0,0.0
2024-09-05 10:00:00+09:00,1809.0,1829.0,1803.0,1807.0,8100,0.0,0.0
2024-09-05 11:00:00+09:00,1812.0,1823.0,1808.0,1819.0,0,0.0,0.0
2024-09-05 12:00:00+09:00,1812.0,1812.0,1795.0,1795.0,35800,0.0,0.0
2024-09-05 13:00:00+09:00,1795.0,1796.0,1776.0,1782.0,7100,0.0,0.0
2024-09-05 14:00:00+09:00,1783.0,1799.0,1778.0,1790.0,13400,0.0,0.0
2024-09-06 09:00:00+09:00,1799.0,1820.0,1775.0,1784.0,8800,0.0,0.0
2024-09-06 10:00:00+09:00,1786.0,1794.0,1779.0,1790.0,4000,0.0,0.0
2024-09-06 11:00:00+09:00,1795.0,1796.0,1781.0,1787.0,0,0.0,0.0
2024-09-06 12:00:00+09:00,1793.0,1793.0,1782.0,1784.0,18400,0.0,0.0
2024-09-06 13:00:00+09:00,1783.0,1783.0,1773.0,1777.0,3600,0.0,0.0
2024-09-06 14:00:00+09:00,1776.0,1785.0,1767.0,1778.0,8600,0.0,0.0
2024-09-09 09:00:00+09:00,1709.0,1738.0,1709.0,1727.0,16000,0.0,0.0
2024-09-09 10:00:00+09:00,1729.0,1753.0,1729.0,1747.0,8400,0.0,0.0
2024-09-09 11:00:00+09:00,1745.0,1749.0,1741.0,1749.0,0,0.0,0.0
2024-09-09 12:00:00+09:00,1759.0,1763.0,1748.0,1753.0,38500,0.0,0.0
2024-09-09 13:00:00+09:00,1753.0,1784.0,1750.0,1776.0,13100,0.0,0.0
2024-09-09 14:00:00+09:00,1776.0,1793.0,1773.0,1793.0,21800,0.0,0.0
2024-09-10 09:00:00+09:00,1796.0,1809.0,1785.0,1803.0,19700,0.0,0.0
2024-09-10 10:00:00+09:00,1803.0,1810.0,1802.0,1806.0,5400,0.0,0.0
2024-09-10 11:00:00+09:00,1805.0,1805.0,1791.0,1791.0,0,0.0,0.0
2024-09-10 12:00:00+09:00,1792.0,1810.0,1792.0,1803.0,34800,0.0,0.0
2024-09-10 13:00:00+09:00,1802.0,1802.0,1791.0,1792.0,6700,0.0,0.0
2024-09-10 14:00:00+09:00,1793.0,1803.0,1785.0,1785.0,15000,0.0,0.0
2024-09-11 09:00:00+09:00,1774.0,1774.0,1742.0,1751.0,24900,0.0,0.0
2024-09-11 10:00:00+09:00,1751.0,1761.0,1738.0,1747.0,19900,0.0,0.0
2024-09-11 11:00:00+09:00,1743.0,1746.0,1739.0,1740.0,0,0.0,0.0
2024-09-11 12:00:00+09:00,1740.0,1743.0,1731.0,1731.0,58500,0.0,0.0
2024-09-11 13:00:00+09:00,1728.0,1728.0,1715.0,1721.0,6800,0.0,0.0
2024-09-11 14:00:00+09:00,1720.0,1729.0,1704.0,1727.0,19100,0.0,0.0
2024-09-12 09:00:00+09:00,1761.0,1784.0,1753.0,1757.0,22500,0.0,0.0
2024-09-12 10:00:00+09:00,1750.0,1760.0,1747.0,1755.0,5700,0.0,0.0
2024-09-12 11:00:00+09:00,1753.0,1754.0,1750.0,1750.0,0,0.0,0.0
2024-09-12 12:00:00+09:00,1750.0,1766.0,1748.0,1762.0,36000,0.0,0.0
2024-09-12 13:00:00+09:00,1763.0,1776.0,1763.0,1774.0,7100,0.0,0.0
2024-09-12 14:00:00+09:00,1773.0,1783.0,1766.0,1776.0,21700,0.0,0.0
2024-09-13 09:00:00+09:00,1754.0,1764.0,1751.0,1759.0,32300,0.0,0.0
2024-09-13 10:00:00+09:00,1755.0,1755.0,1738.0,1738.0,16700,0.0,0.0
2024-09-13 11:00:00+09:00,1739.0,1743.0,1730.0,1730.0,0,0.0,0.0
2024-09-13 12:00:00+09:00,1725.0,1732.0,1722.0,1730.0,63800,0.0,0.0
2024-09-13 13:00:00+09:00,1729.0,1732.0,1724.0,1727.0,9700,0.0,0.0
2024-09-13 14:00:00+09:00,1728.0,1752.0,1727.0,1739.0,44500,0.0,0.0
