Datetime,Open,High,Low,Close,Volume,Dividends,Stock Splits
2022-09-16 09:00:00+09:00,3380.0,3380.0,3380.0,3380.0,100,0.0,0.0
2022-09-16 11:00:00+09:00,3380.0,3380.0,3380.0,3380.0,0,0.0,0.0
2022-09-21 11:00:00+09:00,3415.0,3415.0,3410.0,3410.0,300,0.0,0.0
2022-09-21 12:00:00+09:00,3370.0,3370.0,3360.0,3360.0,500,0.0,0.0
2022-09-26 09:00:00+09:00,3360.0,3360.0,3360.0,3360.0,100,0.0,0.0
2022-09-26 11:00:00+09:00,3360.0,3360.0,3360.0,3360.0,0,0.0,0.0
2022-09-26 13:00:00+09:00,3360.0,3360.0,3360.0,3360.0,200,0.0,0.0
2022-09-27 10:00:00+09:00,3370.0,3370.0,3370.0,3370.0,100,0.0,0.0
2022-09-27 11:00:00+09:00,3370.0,3370.0,3370.0,3370.0,0,0.0,0.0
2022-09-28 10:00:00+09:00,3370.0,3370.0,3370.0,3370.0,100,0.0,0.0
2022-09-28 11:00:00+09:00,3370.0,3370.0,3370.0,3370.0,0,0.0,0.0
2022-09-29 09:00:00+09:00,3350.0,3350.0,3350.0,3350.0,100,0.0,0.0
2022-09-29 11:00:00+09:00,3350.0,3350.0,3350.0,3350.0,0,0.0,0.0
2022-09-29 12:00:00+09:00,3315.0,3315.0,3315.0,3315.0,300,0.0,0.0
2022-09-30 10:00:00+09:00,3385.0,3385.0,3385.0,3385.0,100,0.0,0.0
2022-09-30 11:00:00+09:00,3385.0,3385.0,3385.0,3385.0,0,0.0,0.0
2022-10-03 14:00:00+09:00,3310.0,3345.0,3230.0,3230.0,1100,0.0,0.0
2022-10-04 09:00:00+09:00,3320.0,3320.0,3320.0,3320.0,200,0.0,0.0
2022-10-04 10:00:00+09:00,3325.0,3325.0,3325.0,3325.0,300,0.0,0.0
2022-10-04 11:00:00+09:00,3325.0,3325.0,3325.0,3325.0,0,0.0,0.0
2022-10-05 09:00:00+09:00,3280.0,3310.0,3280.0,3310.0,500,0.0,0.0
2022-10-05 10:00:00+09:00,3310.0,3310.0,3310.0,3310.0,100,0.0,0.0
2022-10-05 11:00:00+09:00,3310.0,3310.0,3310.0,3310.0,0,0.0,0.0
2022-10-07 12:00:00+09:00,3280.0,3280.0,3280.0,3280.0,100,0.0,0.0
2022-10-11 09:00:00+09:00,3310.0,3310.0,3310.0,3310.0,0,0.0,0.0
2022-10-11 11:00:00+09:00,3310.0,3310.0,3310.0,3310.0,0,0.0,0.0
2022-10-12 13:00:00+09:00,3260.0,3260.0,3260.0,3260.0,200,0.0,0.0
2022-10-13 10:00:00+09:00,3260.0,3260.0,3260.0,3260.0,200,0.0,0.0
2022-10-13 11:00:00+09:00,3260.0,3260.0,3260.0,3260.0,0,0.0,0.0
2022-10-14 11:00:00+09:00,3230.0,3230.0,3230.0,3230.0,100,0.0,0.0
2022-10-14 12:00:00+09:00,3230.0,3230.0,3230.0,3230.0,200,0.0,0.0
2022-10-17 09:00:00+09:00,3230.0,3300.0,3230.0,3300.0,100,0.0,0.0
2022-10-17 11:00:00+09:00,3315.0,3350.0,3315.0,3350.0,0,0.0,0.0
2022-10-18 09:00:00+09:00,3280.0,3290.0,3280.0,3290.0,300,0.0,0.0
2022-10-18 10:00:00+09:00,3300.0,3300.0,3295.0,3295.0,300,0.0,0.0
2022-10-18 11:00:00+09:00,3295.0,3295.0,3295.0,3295.0,0,0.0,0.0
2022-10-20 14:00:00+09:00,3300.0,3300.0,3300.0,3300.0,100,0.0,0.0
2022-10-21 10:00:00+09:00,3260.0,3260.0,3260.0,3260.0,100,0.0,0.0
2022-10-21 11:00:00+09:00,3260.0,3260.0,3260.0,3260.0,0,0.0,0.0
2022-10-24 09:00:00+09:00,3320.0,3320.0,3320.0,3320.0,200,0.0,0.0
2022-10-24 11:00:00+09:00,3320.0,3320.0,3320.0,3320.0,0,0.0,0.0
2022-10-24 14:00:00+09:00,3320.0,3320.0,3320.0,3320.0,300,0.0,0.0
2022-10-26 09:00:00+09:00,3365.0,3365.0,3365.0,3365.0,100,0.0,0.0
2022-10-26 11:00:00+09:00,3365.0,3365.0,3365.0,3365.0,0,0.0,0.0
2022-10-27 09:00:00+09:00,3365.0,3365.0,3365.0,3365.0,300,0.0,0.0
2022-10-27 10:00:00+09:00,3365.0,3365.0,3365.0,3365.0,100,0.0,0.0
2022-10-27 11:00:00+09:00,3305.0,3305.0,3305.0,3305.0,0,0.0,0.0
2022-11-01 09:00:00+09:00,3305.0,3305.0,3305.0,3305.0,100,0.0,0.0
2022-11-01 11:00:00+09:00,3305.0,3305.0,3305.0,3305.0,0,0.0,0.0
2022-11-07 09:00:00+09:00,3245.0,3245.0,3245.0,3245.0,1200,0.0,0.0
2022-11-07 10:00:00+09:00,3250.0,3250.0,3250.0,3250.0,100,0.0,0.0
2022-11-07 11:00:00+09:00,3250.0,3250.0,3250.0,3250.0,0,0.0,0.0
2022-11-07 14:00:00+09:00,3245.0,3245.0,3245.0,3245.0,1400,0.0,0.0
2022-11-08 09:00:00+09:00,3270.0,3275.0,3270.0,3275.0,200,0.0,0.0
2022-11-08 11:00:00+09:00,3275.0,3275.0,3275.0,3275.0,0,0.0,0.0
2022-11-10 10:00:00+09:00,3310.0,3310.0,3310.0,3310.0,400,0.0,0.0
2022-11-10 11:00:00+09:00,3320.0,3320.0,3320.0,3320.0,0,0.0,0.0
2022-11-11 11:00:00+09:00,3275.0,3275.0,3260.0,3260.0,100,0.0,0.0
2022-11-11 12:00:00+09:00,3260.0,3260.0,3260.0,3260.0,0,0.0,0.0
2022-11-14 12:00:00+09:00,3285.0,3285.0,3285.0,3285.0,100,0.0,0.0
2022-11-14 14:00:00+09:00,3265.0,3265.0,3265.0,3265.0,100,0.0,0.0
2022-11-17 09:00:00+09:00,3270.0,3270.0,3270.0,3270.0,100,0.0,0.0
2022-11-17 11:00:00+09:00,3270.0,3270.0,3230.0,3230.0,0,0.0,0.0
2022-11-17 12:00:00+09:00,3260.0,3260.0,3260.0,3260.0,600,0.0,0.0
2022-11-17 13:00:00+09:00,3265.0,3265.0,3265.0,3265.0,100,0.0,0.0
2022-11-18 11:00:00+09:00,3270.0,3270.0,3270.0,3270.0,100,0.0,0.0
2022-11-21 09:00:00+09:00,3270.0,3270.0,3270.0,3270.0,100,0.0,0.0
2022-11-21 10:00:00+09:00,3270.0,3270.0,3270.0,3270.0,100,0.0,0.0
2022-11-21 11:00:00+09:00,3270.0,3270.0,3270.0,3270.0,0,0.0,0.0
2022-11-21 14:00:00+09:00,3285.0,3285.0,3285.0,3285.0,300,0.0,0.0
2022-11-24 10:00:00+09:00,3290.0,3305.0,3290.0,3305.0,200,0.0,0.0
2022-11-24 11:00:00+09:00,3310.0,3310.0,3310.0,3310.0,0,0.0,0.0
2022-11-24 13:00:00+09:00,3295.0,3295.0,3295.0,3295.0,500,0.0,0.0
2022-11-25 09:00:00+09:00,3280.0,3280.0,3280.0,3280.0,300,0.0,0.0
2022-11-25 11:00:00+09:00,3275.0,3275.0,3255.0,3255.0,0,0.0,0.0
2022-11-28 09:00:00+09:00,3270.0,3270.0,3270.0,3270.0,100,0.0,0.0
2022-11-28 10:00:00+09:00,3305.0,3305.0,3305.0,3305.0,100,0.0,0.0
2022-11-28 11:00:00+09:00,3315.0,3320.0,3315.0,3320.0,0,0.0,0.0
2022-11-29 09:00:00+09:00,3320.0,3320.0,3320.0,3320.0,100,0.0,0.0
2022-11-29 10:00:00+09:00,3325.0,3385.0,3325.0,3385.0,200,0.0,0.0
2022-11-29 11:00:00+09:00,3385.0,3385.0,3385.0,3385.0,0,0.0,0.0
2022-11-30 09:00:00+09:00,3385.0,3385.0,3385.0,3385.0,300,0.0,0.0
2022-11-30 11:00:00+09:00,3385.0,3385.0,3385.0,3385.0,0,0.0,0.0
2022-12-01 09:00:00+09:00,3380.0,3380.0,3380.0,3380.0,100,0.0,0.0
2022-12-01 11:00:00+09:00,3380.0,3380.0,3380.0,3380.0,0,0.0,0.0
2022-12-02 09:00:00+09:00,3315.0,3315.0,3315.0,3315.0,200,0.0,0.0
2022-12-02 11:00:00+09:00,3315.0,3315.0,3315.0,3315.0,0,0.0,0.0
2022-12-05 09:00:00+09:00,3315.0,3315.0,3310.0,3310.0,400,0.0,0.0
2022-12-05 11:00:00+09:00,3310.0,3310.0,3310.0,3310.0,0,0.0,0.0
2022-12-05 12:00:00+09:00,3300.0,3300.0,3300.0,3300.0,500,0.0,0.0
2022-12-06 09:00:00+09:00,3300.0,3300.0,3300.0,3300.0,300,0.0,0.0
2022-12-06 11:00:00+09:00,3300.0,3300.0,3300.0,3300.0,0,0.0,0.0
2022-12-06 14:00:00+09:00,3285.0,3285.0,3285.0,3285.0,400,0.0,0.0
2022-12-07 09:00:00+09:00,3285.0,3285.0,3285.0,3285.0,300,0.0,0.0
2022-12-07 10:00:00+09:00,3280.0,3280.0,3280.0,3280.0,0,0.0,0.0
2022-12-07 11:00:00+09:00,3280.0,3280.0,3280.0,3280.0,0,0.0,0.0
2022-12-08 11:00:00+09:00,3270.0,3270.0,3270.0,3270.0,100,0.0,0.0
2022-12-08 14:00:00+09:00,3285.0,3285.0,3275.0,3275.0,300,0.0,0.0
2022-12-09 10:00:00+09:00,3275.0,3275.0,3275.0,3275.0,100,0.0,0.0
2022-12-09 11:00:00+09:00,3275.0,3275.0,3275.0,3275.0,0,0.0,0.0
2022-12-09 12:00:00+09:00,3280.0,3280.0,3280.0,3280.0,200,0.0,0.0
2022-12-09 14:00:00+09:00,3275.0,3275.0,3275.0,3275.0,100,0.0,0.0
2022-12-12 09:00:00+09:00,3275.0,3280.0,3275.0,3280.0,1000,0.0,0.0
2022-12-12 11:00:00+09:00,3280.0,3280.0,3280.0,3280.0,0,0.0,0.0
2022-12-13 09:00:00+09:00,3280.0,3280.0,3280.0,3280.0,300,0.0,0.0
2022-12-13 10:00:00+09:00,3280.0,3280.0,3280.0,3280.0,100,0.0,0.0
2022-12-13 11:00:00+09:00,3280.0,3280.0,3280.0,3280.0,0,0.0,0.0
2022-12-14 09:00:00+09:00,3290.0,3290.0,3290.0,3290.0,100,0.0,0.0
2022-12-14 11:00:00+09:00,3290.0,3290.0,3290.0,3290.0,0,0.0,0.0
2022-12-15 09:00:00+09:00,3295.0,3295.0,3295.0,3295.0,200,0.0,0.0
2022-12-15 11:00:00+09:00,3295.0,3295.0,3295.0,3295.0,0,0.0,0.0
2022-12-16 14:00:00+09:00,3285.0,3285.0,3285.0,3285.0,300,0.0,0.0
2022-12-19 09:00:00+09:00,3295.0,3295.0,3295.0,3295.0,300,0.0,0.0
2022-12-19 10:00:00+09:00,3285.0,3285.0,3285.0,3285.0,100,0.0,0.0
2022-12-19 11:00:00+09:00,3295.0,3300.0,3295.0,3300.0,0,0.0,0.0
2022-12-19 14:00:00+09:00,3300.0,3300.0,3300.0,3300.0,700,0.0,0.0
2022-12-20 09:00:00+09:00,3310.0,3310.0,3310.0,3310.0,100,0.0,0.0
2022-12-20 11:00:00+09:00,3305.0,3305.0,3305.0,3305.0,0,0.0,0.0
2022-12-20 13:00:00+09:00,3295.0,3295.0,3295.0,3295.0,300,0.0,0.0
2022-12-22 09:00:00+09:00,3340.0,3340.0,3340.0,3340.0,200,0.0,0.0
2022-12-22 11:00:00+09:00,3340.0,3340.0,3340.0,3340.0,0,0.0,0.0
2022-12-22 12:00:00+09:00,3340.0,3340.0,3340.0,3340.0,300,0.0,0.0
2022-12-23 09:00:00+09:00,3315.0,3315.0,3315.0,3315.0,100,0.0,0.0
2022-12-23 11:00:00+09:00,3315.0,3315.0,3315.0,3315.0,0,0.0,0.0
2022-12-26 09:00:00+09:00,3315.0,3315.0,3315.0,3315.0,500,0.0,0.0
2022-12-26 11:00:00+09:00,3315.0,3315.0,3315.0,3315.0,0,0.0,0.0
2023-01-04 10:00:00+09:00,3375.0,3375.0,3375.0,3375.0,100,0.0,0.0
2023-01-04 11:00:00+09:00,3380.0,3380.0,3380.0,3380.0,0,0.0,0.0
2023-01-04 12:00:00+09:00,3380.0,3380.0,3380.0,3380.0,300,0.0,0.0
2023-01-05 09:00:00+09:00,3360.0,3360.0,3360.0,3360.0,200,0.0,0.0
2023-01-05 10:00:00+09:00,3375.0,3375.0,3375.0,3375.0,100,0.0,0.0
2023-01-05 11:00:00+09:00,3375.0,3375.0,3375.0,3375.0,0,0.0,0.0
2023-01-11 12:00:00+09:00,3325.0,3325.0,3325.0,3325.0,100,0.0,0.0
2023-01-11 14:00:00+09:00,3320.0,3320.0,3320.0,3320.0,100,0.0,0.0
2023-01-12 09:00:00+09:00,3390.0,3390.0,3390.0,3390.0,300,0.0,0.0
2023-01-12 11:00:00+09:00,3390.0,3390.0,3390.0,3390.0,0,0.0,0.0
2023-01-16 09:00:00+09:00,3390.0,3390.0,3390.0,3390.0,100,0.0,0.0
2023-01-16 11:00:00+09:00,3390.0,3390.0,3390.0,3390.0,0,0.0,0.0
2023-01-16 14:00:00+09:00,3390.0,3390.0,3390.0,3390.0,200,0.0,0.0
2023-01-19 09:00:00+09:00,3360.0,3360.0,3360.0,3360.0,100,0.0,0.0
2023-01-19 11:00:00+09:00,3360.0,3360.0,3360.0,3360.0,0,0.0,0.0
2023-01-19 12:00:00+09:00,3390.0,3390.0,3390.0,3390.0,200,0.0,0.0
2023-01-23 09:00:00+09:00,3390.0,3390.0,3390.0,3390.0,100,0.0,0.0
2023-01-23 11:00:00+09:00,3410.0,3410.0,3410.0,3410.0,0,0.0,0.0
2023-01-23 12:00:00+09:00,3380.0,3380.0,3380.0,3380.0,300,0.0,0.0
2023-01-23 14:00:00+09:00,3400.0,3400.0,3400.0,3400.0,100,0.0,0.0
2023-01-24 12:00:00+09:00,3390.0,3390.0,3390.0,3390.0,100,0.0,0.0
2023-01-24 13:00:00+09:00,3390.0,3390.0,3390.0,3390.0,300,0.0,0.0
2023-01-25 13:00:00+09:00,3390.0,3390.0,3390.0,3390.0,100,0.0,0.0
2023-01-26 09:00:00+09:00,3410.0,3410.0,3410.0,3410.0,100,0.0,0.0
2023-01-26 11:00:00+09:00,3410.0,3410.0,3410.0,3410.0,0,0.0,0.0
2023-01-26 13:00:00+09:00,3395.0,3395.0,3390.0,3390.0,500,0.0,0.0
2023-01-26 14:00:00+09:00,3400.0,3405.0,3400.0,3405.0,200,0.0,0.0
2023-01-27 12:00:00+09:00,3360.0,3360.0,3360.0,3360.0,100,0.0,0.0
2023-01-30 10:00:00+09:00,3350.0,3350.0,3350.0,3350.0,100,0.0,0.0
2023-01-30 11:00:00+09:00,3350.0,3350.0,3350.0,3350.0,0,0.0,0.0
2023-01-30 13:00:00+09:00,3350.0,3350.0,3350.0,3350.0,200,0.0,0.0
2023-01-31 09:00:00+09:00,3395.0,3395.0,3395.0,3395.0,200,0.0,0.0
2023-01-31 11:00:00+09:00,3400.0,3400.0,3400.0,3400.0,0,0.0,0.0
2023-01-31 13:00:00+09:00,3400.0,3400.0,3400.0,3400.0,600,0.0,0.0
2023-01-31 14:00:00+09:00,3400.0,3400.0,3400.0,3400.0,100,0.0,0.0
2023-02-02 09:00:00+09:00,3400.0,3410.0,3400.0,3410.0,300,0.0,0.0
2023-02-02 11:00:00+09:00,3415.0,3415.0,3415.0,3415.0,0,0.0,0.0
2023-02-02 13:00:00+09:00,3410.0,3410.0,3410.0,3410.0,700,0.0,0.0
2023-02-03 09:00:00+09:00,3410.0,3410.0,3410.0,3410.0,100,0.0,0.0
2023-02-03 11:00:00+09:00,3410.0,3410.0,3410.0,3410.0,0,0.0,0.0
2023-02-03 14:00:00+09:00,3420.0,3420.0,3410.0,3410.0,400,0.0,0.0
2023-02-06 09:00:00+09:00,3425.0,3425.0,3425.0,3425.0,100,0.0,0.0
2023-02-06 11:00:00+09:00,3425.0,3425.0,3425.0,3425.0,0,0.0,0.0
2023-02-06 13:00:00+09:00,3420.0,3420.0,3420.0,3420.0,300,0.0,0.0
2023-02-06 14:00:00+09:00,3420.0,3435.0,3420.0,3435.0,300,0.0,0.0
2023-02-07 10:00:00+09:00,3440.0,3440.0,3440.0,3440.0,100,0.0,0.0
2023-02-07 11:00:00+09:00,3440.0,3440.0,3440.0,3440.0,0,0.0,0.0
2023-02-07 12:00:00+09:00,3440.0,3440.0,3440.0,3440.0,300,0.0,0.0
2023-02-07 13:00:00+09:00,3450.0,3450.0,3440.0,3440.0,300,0.0,0.0
2023-02-08 10:00:00+09:00,3465.0,3465.0,3445.0,3445.0,200,0.0,0.0
2023-02-08 11:00:00+09:00,3445.0,3445.0,3445.0,3445.0,0,0.0,0.0
2023-02-08 12:00:00+09:00,3430.0,3430.0,3430.0,3430.0,0,0.0,0.0
2023-02-08 14:00:00+09:00,3430.0,3430.0,3430.0,3430.0,800,0.0,0.0
2023-02-10 09:00:00+09:00,3425.0,3425.0,3425.0,3425.0,100,0.0,0.0
2023-02-10 11:00:00+09:00,3425.0,3425.0,3425.0,3425.0,0,0.0,0.0
2023-02-10 12:00:00+09:00,3430.0,3430.0,3430.0,3430.0,200,0.0,0.0
2023-02-10 13:00:00+09:00,3430.0,3430.0,3430.0,3430.0,100,0.0,0.0
2023-02-13 09:00:00+09:00,3430.0,3430.0,3430.0,3430.0,400,0.0,0.0
2023-02-13 11:00:00+09:00,3430.0,3430.0,3430.0,3430.0,0,0.0,0.0
2023-02-13 14:00:00+09:00,3430.0,3430.0,3430.0,3430.0,600,0.0,0.0
2023-02-14 09:00:00+09:00,3415.0,3415.0,3415.0,3415.0,200,0.0,0.0
2023-02-14 11:00:00+09:00,3415.0,3415.0,3415.0,3415.0,0,0.0,0.0
2023-02-15 12:00:00+09:00,3350.0,3350.0,3350.0,3350.0,100,0.0,0.0
2023-02-15 14:00:00+09:00,3355.0,3355.0,3350.0,3350.0,300,0.0,0.0
2023-02-16 09:00:00+09:00,3490.0,3490.0,3420.0,3420.0,700,0.0,0.0
2023-02-16 11:00:00+09:00,3420.0,3420.0,3420.0,3420.0,0,0.0,0.0
2023-02-16 12:00:00+09:00,3420.0,3420.0,3420.0,3420.0,800,0.0,0.0
2023-02-20 09:00:00+09:00,3470.0,3470.0,3470.0,3470.0,100,0.0,0.0
2023-02-20 10:00:00+09:00,3465.0,3465.0,3465.0,3465.0,100,0.0,0.0
2023-02-20 11:00:00+09:00,3465.0,3465.0,3465.0,3465.0,0,0.0,0.0
2023-02-20 12:00:00+09:00,3465.0,3465.0,3465.0,3465.0,300,0.0,0.0
2023-02-20 13:00:00+09:00,3395.0,3395.0,3395.0,3395.0,100,0.0,0.0
2023-02-22 12:00:00+09:00,3380.0,3380.0,3380.0,3380.0,100,0.0,0.0
2023-02-22 14:00:00+09:00,3375.0,3435.0,3375.0,3435.0,200,0.0,0.0
2023-02-24 09:00:00+09:00,3365.0,3365.0,3365.0,3365.0,100,0.0,0.0
2023-02-24 10:00:00+09:00,3370.0,3370.0,3370.0,3370.0,100,0.0,0.0
2023-02-24 11:00:00+09:00,3370.0,3370.0,3370.0,3370.0,0,0.0,0.0
2023-02-24 12:00:00+09:00,3360.0,3360.0,3360.0,3360.0,400,0.0,0.0
2023-02-24 13:00:00+09:00,3360.0,3360.0,3350.0,3350.0,1000,0.0,0.0
2023-02-27 09:00:00+09:00,3355.0,3355.0,3355.0,3355.0,100,0.0,0.0
2023-02-27 10:00:00+09:00,3360.0,3430.0,3350.0,3350.0,400,0.0,0.0
2023-02-27 11:00:00+09:00,3350.0,3350.0,3350.0,3350.0,0,0.0,0.0
2023-02-28 09:00:00+09:00,3375.0,3375.0,3375.0,3375.0,200,0.0,0.0
2023-02-28 11:00:00+09:00,3375.0,3375.0,3375.0,3375.0,0,0.0,0.0
2023-03-01 10:00:00+09:00,3430.0,3430.0,3430.0,3430.0,100,0.0,0.0
2023-03-01 11:00:00+09:00,3430.0,3430.0,3430.0,3430.0,0,0.0,0.0
2023-03-02 09:00:00+09:00,3365.0,3365.0,3365.0,3365.0,100,0.0,0.0
2023-03-02 11:00:00+09:00,3420.0,3420.0,3420.0,3420.0,0,0.0,0.0
2023-03-03 12:00:00+09:00,3430.0,3430.0,3430.0,3430.0,100,0.0,0.0
2023-03-03 13:00:00+09:00,3375.0,3375.0,3375.0,3375.0,100,0.0,0.0
2023-03-06 09:00:00+09:00,3425.0,3425.0,3425.0,3425.0,300,0.0,0.0
2023-03-06 11:00:00+09:00,3395.0,3445.0,3395.0,3445.0,0,0.0,0.0
2023-03-06 13:00:00+09:00,3440.0,3440.0,3440.0,3440.0,700,0.0,0.0
2023-03-07 09:00:00+09:00,3440.0,3460.0,3440.0,3460.0,300,0.0,0.0
2023-03-07 11:00:00+09:00,3470.0,3470.0,3470.0,3470.0,0,0.0,0.0
2023-03-10 12:00:00+09:00,3485.0,3485.0,3485.0,3485.0,100,0.0,0.0
2023-03-13 09:00:00+09:00,3450.0,3450.0,3450.0,3450.0,0,0.0,0.0
2023-03-13 10:00:00+09:00,3450.0,3480.0,3450.0,3480.0,200,0.0,0.0
2023-03-13 11:00:00+09:00,3455.0,3455.0,3455.0,3455.0,0,0.0,0.0
2023-03-14 09:00:00+09:00,3405.0,3405.0,3405.0,3405.0,400,0.0,0.0
2023-03-14 11:00:00+09:00,3405.0,3405.0,3405.0,3405.0,0,0.0,0.0
2023-03-14 13:00:00+09:00,3405.0,3405.0,3405.0,3405.0,500,0.0,0.0
2023-03-14 14:00:00+09:00,3445.0,3445.0,3445.0,3445.0,100,0.0,0.0
2023-03-15 09:00:00+09:00,3480.0,3480.0,3405.0,3405.0,300,0.0,0.0
2023-03-15 11:00:00+09:00,3405.0,3405.0,3405.0,3405.0,0,0.0,0.0
2023-03-15 14:00:00+09:00,3425.0,3425.0,3425.0,3425.0,400,0.0,0.0
2023-03-16 09:00:00+09:00,3410.0,3410.0,3410.0,3410.0,100,0.0,0.0
2023-03-16 11:00:00+09:00,3410.0,3410.0,3410.0,3410.0,0,0.0,0.0
2023-03-16 12:00:00+09:00,3450.0,3450.0,3410.0,3410.0,400,0.0,0.0
2023-03-20 14:00:00+09:00,3480.0,3480.0,3470.0,3470.0,200,0.0,0.0
2023-03-22 10:00:00+09:00,3415.0,3415.0,3415.0,3415.0,0,0.0,0.0
2023-03-22 11:00:00+09:00,3415.0,3415.0,3415.0,3415.0,0,0.0,0.0
2023-03-23 10:00:00+09:00,3450.0,3480.0,3450.0,3480.0,300,0.0,0.0
2023-03-23 11:00:00+09:00,3480.0,3480.0,3480.0,3480.0,0,0.0,0.0
2023-03-24 09:00:00+09:00,3480.0,3480.0,3480.0,3480.0,100,0.0,0.0
2023-03-24 11:00:00+09:00,3480.0,3480.0,3480.0,3480.0,0,0.0,0.0
2023-03-24 14:00:00+09:00,3455.0,3455.0,3455.0,3455.0,200,0.0,0.0
2023-03-27 09:00:00+09:00,3455.0,3455.0,3455.0,3455.0,200,0.0,0.0
2023-03-27 11:00:00+09:00,3455.0,3455.0,3455.0,3455.0,0,0.0,0.0
2023-03-27 14:00:00+09:00,3470.0,3470.0,3470.0,3470.0,300,0.0,0.0
2023-03-28 10:00:00+09:00,3470.0,3470.0,3470.0,3470.0,0,0.0,0.0
2023-03-28 11:00:00+09:00,3470.0,3470.0,3470.0,3470.0,0,0.0,0.0
2023-03-28 14:00:00+09:00,3480.0,3480.0,3480.0,3480.0,400,0.0,0.0
2023-03-29 09:00:00+09:00,3480.0,3480.0,3480.0,3480.0,300,0.0,0.0
2023-03-29 10:00:00+09:00,3485.0,3485.0,3485.0,3485.0,200,0.0,0.0
2023-03-29 11:00:00+09:00,3485.0,3485.0,3485.0,3485.0,0,0.0,0.0
2023-03-29 14:00:00+09:00,3495.0,3495.0,3495.0,3495.0,600,0.0,0.0
2023-03-30 09:00:00+09:00,3315.0,3315.0,3315.0,3315.0,500,0.0,0.0
2023-03-30 11:00:00+09:00,3315.0,3315.0,3315.0,3315.0,0,0.0,0.0
2023-03-30 12:00:00+09:00,3345.0,3345.0,3345.0,3345.0,700,0.0,0.0
2023-03-30 13:00:00+09:00,3350.0,3355.0,3350.0,3355.0,200,0.0,0.0
2023-03-30 14:00:00+09:00,3325.0,3325.0,3325.0,3325.0,100,0.0,0.0
2023-03-31 09:00:00+09:00,3340.0,3340.0,3340.0,3340.0,200,0.0,0.0
2023-03-31 10:00:00+09:00,3395.0,3395.0,3395.0,3395.0,0,0.0,0.0
2023-03-31 11:00:00+09:00,3395.0,3395.0,3395.0,3395.0,0,0.0,0.0
2023-03-31 13:00:00+09:00,3400.0,3400.0,3400.0,3400.0,400,0.0,0.0
2023-03-31 14:00:00+09:00,3415.0,3430.0,3415.0,3430.0,200,0.0,0.0
2023-04-03 09:00:00+09:00,3420.0,3420.0,3420.0,3420.0,100,0.0,0.0
2023-04-03 10:00:00+09:00,3350.0,3350.0,3350.0,3350.0,100,0.0,0.0
2023-04-03 11:00:00+09:00,3350.0,3350.0,3350.0,3350.0,0,0.0,0.0
2023-04-04 10:00:00+09:00,3420.0,3420.0,3420.0,3420.0,100,0.0,0.0
2023-04-04 11:00:00+09:00,3420.0,3420.0,3420.0,3420.0,0,0.0,0.0
2023-04-04 12:00:00+09:00,3350.0,3350.0,3350.0,3350.0,200,0.0,0.0
2023-04-04 13:00:00+09:00,3350.0,3350.0,3350.0,3350.0,100,0.0,0.0
2023-04-05 09:00:00+09:00,3360.0,3360.0,3360.0,3360.0,100,0.0,0.0
2023-04-05 10:00:00+09:00,3360.0,3360.0,3360.0,3360.0,100,0.0,0.0
2023-04-05 11:00:00+09:00,3360.0,3360.0,3360.0,3360.0,0,0.0,0.0
2023-04-05 13:00:00+09:00,3350.0,3365.0,3350.0,3365.0,400,0.0,0.0
2023-04-06 09:00:00+09:00,3345.0,3345.0,3345.0,3345.0,100,0.0,0.0
2023-04-06 10:00:00+09:00,3385.0,3415.0,3385.0,3415.0,200,0.0,0.0
2023-04-06 11:00:00+09:00,3415.0,3415.0,3415.0,3415.0,0,0.0,0.0
2023-04-06 14:00:00+09:00,3365.0,3365.0,3365.0,3365.0,400,0.0,0.0
2023-04-07 12:00:00+09:00,3365.0,3365.0,3365.0,3365.0,100,0.0,0.0
2023-04-10 09:00:00+09:00,3390.0,3390.0,3390.0,3390.0,0,0.0,0.0
2023-04-10 11:00:00+09:00,3390.0,3390.0,3390.0,3390.0,0,0.0,0.0
2023-04-11 10:00:00+09:00,3390.0,3390.0,3390.0,3390.0,100,0.0,0.0
2023-04-11 11:00:00+09:00,3390.0,3390.0,3390.0,3390.0,0,0.0,0.0
2023-04-14 14:00:00+09:00,3395.0,3395.0,3395.0,3395.0,100,0.0,0.0
2023-04-19 13:00:00+09:00,3365.0,3365.0,3365.0,3365.0,100,0.0,0.0
2023-04-19 14:00:00+09:00,3365.0,3365.0,3360.0,3360.0,200,0.0,0.0
2023-04-20 10:00:00+09:00,3360.0,3360.0,3360.0,3360.0,200,0.0,0.0
2023-04-20 11:00:00+09:00,3360.0,3360.0,3360.0,3360.0,0,0.0,0.0
2023-04-21 14:00:00+09:00,3400.0,3400.0,3400.0,3400.0,200,0.0,0.0
2023-04-24 10:00:00+09:00,3415.0,3415.0,3415.0,3415.0,200,0.0,0.0
2023-04-24 11:00:00+09:00,3415.0,3415.0,3415.0,3415.0,0,0.0,0.0
2023-04-24 12:00:00+09:00,3400.0,3400.0,3400.0,3400.0,300,0.0,0.0
2023-04-24 13:00:00+09:00,3360.0,3360.0,3360.0,3360.0,100,0.0,0.0
2023-04-26 09:00:00+09:00,3365.0,3365.0,3365.0,3365.0,100,0.0,0.0
2023-04-26 11:00:00+09:00,3435.0,3435.0,3435.0,3435.0,0,0.0,0.0
2023-04-27 09:00:00+09:00,3435.0,3435.0,3435.0,3435.0,100,0.0,0.0
2023-04-27 10:00:00+09:00,3435.0,3435.0,3435.0,3435.0,200,0.0,0.0
2023-04-27 11:00:00+09:00,3435.0,3435.0,3435.0,3435.0,0,0.0,0.0
2023-04-28 10:00:00+09:00,3445.0,3450.0,3445.0,3450.0,300,0.0,0.0
2023-04-28 11:00:00+09:00,3450.0,3450.0,3450.0,3450.0,0,0.0,0.0
2023-05-01 10:00:00+09:00,3380.0,3380.0,3380.0,3380.0,100,0.0,0.0
2023-05-01 11:00:00+09:00,3380.0,3380.0,3380.0,3380.0,0,0.0,0.0
2023-05-02 09:00:00+09:00,3380.0,3380.0,3380.0,3380.0,600,0.0,0.0
2023-05-02 11:00:00+09:00,3380.0,3380.0,3380.0,3380.0,0,0.0,0.0
2023-05-02 13:00:00+09:00,3385.0,3385.0,3385.0,3385.0,800,0.0,0.0
2023-05-02 14:00:00+09:00,3385.0,3385.0,3385.0,3385.0,200,0.0,0.0
2023-05-10 09:00:00+09:00,3385.0,3445.0,3385.0,3445.0,300,0.0,0.0
2023-05-10 11:00:00+09:00,3445.0,3445.0,3445.0,3445.0,0,0.0,0.0
2023-05-12 09:00:00+09:00,3390.0,3390.0,3390.0,3390.0,100,0.0,0.0
2023-05-12 11:00:00+09:00,3390.0,3390.0,3390.0,3390.0,0,0.0,0.0
2023-05-17 12:00:00+09:00,3420.0,3420.0,3420.0,3420.0,100,0.0,0.0
2023-05-17 14:00:00+09:00,3395.0,3395.0,3395.0,3395.0,100,0.0,0.0
2023-05-18 13:00:00+09:00,3425.0,3425.0,3425.0,3425.0,100,0.0,0.0
2023-05-18 14:00:00+09:00,3395.0,3395.0,3395.0,3395.0,100,0.0,0.0
2023-05-22 09:00:00+09:00,3400.0,3400.0,3395.0,3395.0,0,0.0,0.0
2023-05-22 10:00:00+09:00,3390.0,3390.0,3390.0,3390.0,200,0.0,0.0
2023-05-22 11:00:00+09:00,3390.0,3390.0,3390.0,3390.0,0,0.0,0.0
2023-05-23 09:00:00+09:00,3415.0,3415.0,3395.0,3395.0,300,0.0,0.0
2023-05-23 11:00:00+09:00,3395.0,3395.0,3395.0,3395.0,0,0.0,0.0
2023-05-24 14:00:00+09:00,3375.0,3375.0,3375.0,3375.0,200,0.0,0.0
2023-05-25 12:00:00+09:00,3410.0,3410.0,3410.0,3410.0,100,0.0,0.0
2023-05-26 09:00:00+09:00,3410.0,3410.0,3385.0,3385.0,400,0.0,0.0
2023-05-26 11:00:00+09:00,3385.0,3385.0,3385.0,3385.0,0,0.0,0.0
2023-05-26 12:00:00+09:00,3385.0,3385.0,3385.0,3385.0,500,0.0,0.0
2023-05-29 09:00:00+09:00,3380.0,3380.0,3380.0,3380.0,300,0.0,0.0
2023-05-29 10:00:00+09:00,3360.0,3385.0,3360.0,3385.0,200,0.0,0.0
2023-05-29 11:00:00+09:00,3385.0,3385.0,3385.0,3385.0,0,0.0,0.0
2023-05-30 10:00:00+09:00,3360.0,3360.0,3360.0,3360.0,100,0.0,0.0
2023-05-30 11:00:00+09:00,3360.0,3360.0,3360.0,3360.0,0,0.0,0.0
2023-05-30 12:00:00+09:00,3390.0,3390.0,3390.0,3390.0,200,0.0,0.0
2023-05-30 13:00:00+09:00,3350.0,3350.0,3350.0,3350.0,100,0.0,0.0
2023-06-01 12:00:00+09:00,3350.0,3350.0,3350.0,3350.0,400,0.0,0.0
2023-06-02 09:00:00+09:00,3395.0,3395.0,3395.0,3395.0,0,0.0,0.0
2023-06-02 11:00:00+09:00,3395.0,3395.0,3395.0,3395.0,0,0.0,0.0
2023-06-02 12:00:00+09:00,3400.0,3400.0,3400.0,3400.0,200,0.0,0.0
2023-06-05 09:00:00+09:00,3395.0,3395.0,3395.0,3395.0,0,0.0,0.0
2023-06-05 11:00:00+09:00,3395.0,3395.0,3395.0,3395.0,0,0.0,0.0
2023-06-05 12:00:00+09:00,3395.0,3395.0,3395.0,3395.0,0,0.0,0.0
2023-06-05 14:00:00+09:00,3385.0,3385.0,3385.0,3385.0,300,0.0,0.0
2023-06-06 13:00:00+09:00,3375.0,3375.0,3375.0,3375.0,200,0.0,0.0
2023-06-07 09:00:00+09:00,3375.0,3395.0,3375.0,3395.0,300,0.0,0.0
2023-06-07 11:00:00+09:00,3395.0,3395.0,3395.0,3395.0,0,0.0,0.0
2023-06-08 13:00:00+09:00,3400.0,3400.0,3400.0,3400.0,100,0.0,0.0
2023-06-08 14:00:00+09:00,3400.0,3400.0,3400.0,3400.0,100,0.0,0.0
2023-06-09 10:00:00+09:00,3400.0,3400.0,3400.0,3400.0,0,0.0,0.0
2023-06-09 11:00:00+09:00,3400.0,3400.0,3400.0,3400.0,0,0.0,0.0
2023-06-09 13:00:00+09:00,3400.0,3400.0,3400.0,3400.0,200,0.0,0.0
2023-06-13 09:00:00+09:00,3400.0,3400.0,3400.0,3400.0,100,0.0,0.0
2023-06-13 11:00:00+09:00,3400.0,3400.0,3400.0,3400.0,0,0.0,0.0
2023-06-13 12:00:00+09:00,3425.0,3425.0,3425.0,3425.0,200,0.0,0.0
2023-06-14 09:00:00+09:00,3450.0,3450.0,3450.0,3450.0,100,0.0,0.0
2023-06-14 10:00:00+09:00,3430.0,3430.0,3430.0,3430.0,100,0.0,0.0
2023-06-14 11:00:00+09:00,3430.0,3430.0,3430.0,3430.0,0,0.0,0.0
2023-06-15 10:00:00+09:00,3430.0,3430.0,3430.0,3430.0,100,0.0,0.0
2023-06-15 11:00:00+09:00,3430.0,3430.0,3430.0,3430.0,0,0.0,0.0
2023-06-15 12:00:00+09:00,3430.0,3430.0,3430.0,3430.0,200,0.0,0.0
2023-06-15 13:00:00+09:00,3430.0,3430.0,3430.0,3430.0,100,0.0,0.0
2023-06-16 11:00:00+09:00,3450.0,3450.0,3450.0,3450.0,100,0.0,0.0
2023-06-16 12:00:00+09:00,3440.0,3440.0,3440.0,3440.0,200,0.0,0.0
2023-06-19 09:00:00+09:00,3450.0,3450.0,3440.0,3440.0,200,0.0,0.0
2023-06-19 11:00:00+09:00,3440.0,3440.0,3440.0,3440.0,0,0.0,0.0
2023-06-20 09:00:00+09:00,3450.0,3455.0,3450.0,3455.0,400,0.0,0.0
2023-06-20 10:00:00+09:00,3430.0,3430.0,3430.0,3430.0,100,0.0,0.0
2023-06-20 11:00:00+09:00,3430.0,3430.0,3430.0,3430.0,0,0.0,0.0
2023-06-20 13:00:00+09:00,3425.0,3425.0,3425.0,3425.0,600,0.0,0.0
2023-06-21 14:00:00+09:00,3430.0,3430.0,3430.0,3430.0,100,0.0,0.0
2023-06-22 09:00:00+09:00,3460.0,3460.0,3460.0,3460.0,200,0.0,0.0
2023-06-22 10:00:00+09:00,3460.0,3460.0,3460.0,3460.0,100,0.0,0.0
2023-06-22 11:00:00+09:00,3460.0,3460.0,3460.0,3460.0,0,0.0,0.0
2023-06-22 12:00:00+09:00,3440.0,3440.0,3440.0,3440.0,400,0.0,0.0
2023-06-22 13:00:00+09:00,3440.0,3440.0,3440.0,3440.0,100,0.0,0.0
2023-06-22 14:00:00+09:00,3430.0,3430.0,3430.0,3430.0,100,0.0,0.0
2023-06-23 09:00:00+09:00,3430.0,3430.0,3430.0,3430.0,100,0.0,0.0
2023-06-23 11:00:00+09:00,3430.0,3430.0,3430.0,3430.0,0,0.0,0.0
2023-06-26 09:00:00+09:00,3430.0,3430.0,3430.0,3430.0,200,0.0,0.0
2023-06-26 11:00:00+09:00,3430.0,3430.0,3430.0,3430.0,0,0.0,0.0
2023-06-26 14:00:00+09:00,3430.0,3430.0,3430.0,3430.0,300,0.0,0.0
2023-06-27 12:00:00+09:00,3430.0,3430.0,3430.0,3430.0,100,0.0,0.0
2023-06-27 13:00:00+09:00,3430.0,3430.0,3430.0,3430.0,100,0.0,0.0
2023-06-28 09:00:00+09:00,3430.0,3430.0,3430.0,3430.0,100,0.0,0.0
2023-06-28 11:00:00+09:00,3430.0,3430.0,3430.0,3430.0,0,0.0,0.0
2023-06-29 09:00:00+09:00,3470.0,3495.0,3470.0,3495.0,200,0.0,0.0
2023-06-29 11:00:00+09:00,3495.0,3495.0,3495.0,3495.0,0,0.0,0.0
2023-06-29 13:00:00+09:00,3440.0,3440.0,3440.0,3440.0,300,0.0,0.0
2023-07-03 09:00:00+09:00,3495.0,3495.0,3495.0,3495.0,0,0.0,0.0
2023-07-03 11:00:00+09:00,3495.0,3495.0,3495.0,3495.0,0,0.0,0.0
2023-07-03 13:00:00+09:00,3495.0,3495.0,3495.0,3495.0,300,0.0,0.0
2023-07-03 14:00:00+09:00,3490.0,3495.0,3490.0,3495.0,200,0.0,0.0
2023-07-04 09:00:00+09:00,3515.0,3515.0,3515.0,3515.0,100,0.0,0.0
2023-07-04 11:00:00+09:00,3505.0,3510.0,3505.0,3510.0,0,0.0,0.0
2023-07-04 13:00:00+09:00,3515.0,3515.0,3515.0,3515.0,600,0.0,0.0
2023-07-04 14:00:00+09:00,3520.0,3520.0,3520.0,3520.0,100,0.0,0.0
2023-07-05 09:00:00+09:00,3520.0,3520.0,3460.0,3515.0,400,0.0,0.0
2023-07-05 10:00:00+09:00,3460.0,3460.0,3460.0,3460.0,100,0.0,0.0
2023-07-05 11:00:00+09:00,3460.0,3460.0,3460.0,3460.0,0,0.0,0.0
2023-07-06 14:00:00+09:00,3460.0,3460.0,3460.0,3460.0,100,0.0,0.0
2023-07-07 14:00:00+09:00,3515.0,3515.0,3515.0,3515.0,100,0.0,0.0
2023-07-10 09:00:00+09:00,3520.0,3520.0,3520.0,3520.0,200,0.0,0.0
2023-07-10 11:00:00+09:00,3520.0,3520.0,3520.0,3520.0,0,0.0,0.0
2023-07-10 12:00:00+09:00,3510.0,3510.0,3500.0,3500.0,400,0.0,0.0
2023-07-10 14:00:00+09:00,3520.0,3520.0,3520.0,3520.0,100,0.0,0.0
2023-07-11 09:00:00+09:00,3520.0,3540.0,3520.0,3540.0,400,0.0,0.0
2023-07-11 10:00:00+09:00,3530.0,3530.0,3530.0,3530.0,100,0.0,0.0
2023-07-11 11:00:00+09:00,3530.0,3530.0,3525.0,3525.0,0,0.0,0.0
2023-07-11 13:00:00+09:00,3525.0,3525.0,3525.0,3525.0,800,0.0,0.0
2023-07-12 12:00:00+09:00,3525.0,3525.0,3525.0,3525.0,100,0.0,0.0
2023-07-12 13:00:00+09:00,3545.0,3545.0,3545.0,3545.0,100,0.0,0.0
2023-07-12 14:00:00+09:00,3525.0,3525.0,3525.0,3525.0,100,0.0,0.0
2023-07-13 09:00:00+09:00,3525.0,3525.0,3525.0,3525.0,300,0.0,0.0
2023-07-13 11:00:00+09:00,3525.0,3525.0,3525.0,3525.0,0,0.0,0.0
2023-07-13 14:00:00+09:00,3525.0,3525.0,3525.0,3525.0,400,0.0,0.0
2023-07-14 09:00:00+09:00,3465.0,3465.0,3465.0,3465.0,0,0.0,0.0
2023-07-14 11:00:00+09:00,3465.0,3465.0,3465.0,3465.0,0,0.0,0.0
2023-07-14 12:00:00+09:00,3450.0,3450.0,3450.0,3450.0,0,0.0,0.0
2023-07-14 13:00:00+09:00,3465.0,3465.0,3465.0,3465.0,700,0.0,0.0
2023-07-18 09:00:00+09:00,3455.0,3455.0,3455.0,3455.0,100,0.0,0.0
2023-07-18 10:00:00+09:00,3455.0,3455.0,3455.0,3455.0,100,0.0,0.0
2023-07-18 11:00:00+09:00,3450.0,3450.0,3450.0,3450.0,0,0.0,0.0
2023-07-19 09:00:00+09:00,3450.0,3450.0,3450.0,3450.0,100,0.0,0.0
2023-07-19 11:00:00+09:00,3450.0,3450.0,3450.0,3450.0,0,0.0,0.0
2023-07-20 09:00:00+09:00,3485.0,3485.0,3485.0,3485.0,100,0.0,0.0
2023-07-20 11:00:00+09:00,3485.0,3485.0,3485.0,3485.0,0,0.0,0.0
2023-07-21 12:00:00+09:00,3485.0,3485.0,3485.0,3485.0,100,0.0,0.0
2023-07-26 09:00:00+09:00,3485.0,3485.0,3485.0,3485.0,0,0.0,0.0
2023-07-26 11:00:00+09:00,3485.0,3485.0,3485.0,3485.0,0,0.0,0.0
2023-07-28 12:00:00+09:00,3530.0,3530.0,3530.0,3530.0,200,0.0,0.0
2023-07-31 09:00:00+09:00,3530.0,3530.0,3530.0,3530.0,100,0.0,0.0
2023-07-31 11:00:00+09:00,3530.0,3530.0,3530.0,3530.0,0,0.0,0.0
2023-08-01 09:00:00+09:00,3530.0,3530.0,3460.0,3460.0,200,0.0,0.0
2023-08-01 10:00:00+09:00,3525.0,3530.0,3525.0,3530.0,200,0.0,0.0
2023-08-01 11:00:00+09:00,3530.0,3530.0,3530.0,3530.0,0,0.0,0.0
2023-08-01 14:00:00+09:00,3535.0,3535.0,3535.0,3535.0,500,0.0,0.0
2023-08-03 12:00:00+09:00,3535.0,3535.0,3535.0,3535.0,100,0.0,0.0
2023-08-03 14:00:00+09:00,3465.0,3465.0,3465.0,3465.0,100,0.0,0.0
2023-08-04 09:00:00+09:00,3545.0,3545.0,3510.0,3510.0,200,0.0,0.0
2023-08-04 10:00:00+09:00,3510.0,3510.0,3510.0,3510.0,100,0.0,0.0
2023-08-04 11:00:00+09:00,3510.0,3510.0,3510.0,3510.0,0,0.0,0.0
2023-08-07 09:00:00+09:00,3540.0,3540.0,3540.0,3540.0,100,0.0,0.0
2023-08-07 11:00:00+09:00,3540.0,3540.0,3540.0,3540.0,0,0.0,0.0
2023-08-10 09:00:00+09:00,3540.0,3540.0,3540.0,3540.0,100,0.0,0.0
2023-08-10 11:00:00+09:00,3540.0,3540.0,3540.0,3540.0,0,0.0,0.0
2023-08-14 09:00:00+09:00,3540.0,3540.0,3540.0,3540.0,100,0.0,0.0
2023-08-14 11:00:00+09:00,3540.0,3540.0,3540.0,3540.0,0,0.0,0.0
2023-08-14 13:00:00+09:00,3510.0,3510.0,3510.0,3510.0,200,0.0,0.0
2023-08-15 12:00:00+09:00,3450.0,3480.0,3450.0,3480.0,1200,0.0,0.0
2023-08-15 13:00:00+09:00,3500.0,3500.0,3500.0,3500.0,100,0.0,0.0
2023-08-16 09:00:00+09:00,3500.0,3500.0,3500.0,3500.0,100,0.0,0.0
2023-08-16 10:00:00+09:00,3455.0,3455.0,3455.0,3455.0,100,0.0,0.0
2023-08-16 11:00:00+09:00,3455.0,3455.0,3455.0,3455.0,0,0.0,0.0
2023-08-21 09:00:00+09:00,3550.0,3550.0,3550.0,3550.0,0,0.0,0.0
2023-08-21 11:00:00+09:00,3550.0,3550.0,3550.0,3550.0,0,0.0,0.0
2023-08-23 11:00:00+09:00,3550.0,3550.0,3550.0,3550.0,100,0.0,0.0
2023-08-28 09:00:00+09:00,3550.0,3550.0,3550.0,3550.0,400,0.0,0.0
2023-08-28 11:00:00+09:00,3550.0,3550.0,3550.0,3550.0,0,0.0,0.0
2023-08-28 13:00:00+09:00,3550.0,3550.0,3550.0,3550.0,500,0.0,0.0
2023-08-29 09:00:00+09:00,3480.0,3480.0,3480.0,3480.0,100,0.0,0.0
2023-08-29 11:00:00+09:00,3505.0,3505.0,3505.0,3505.0,0,0.0,0.0
2023-08-29 14:00:00+09:00,3550.0,3550.0,3550.0,3550.0,300,0.0,0.0
2023-08-30 09:00:00+09:00,3525.0,3525.0,3525.0,3525.0,100,0.0,0.0
2023-08-30 11:00:00+09:00,3525.0,3525.0,3525.0,3525.0,0,0.0,0.0
2023-09-08 10:00:00+09:00,3510.0,3510.0,3510.0,3510.0,100,0.0,0.0
2023-09-08 11:00:00+09:00,3510.0,3510.0,3510.0,3510.0,0,0.0,0.0
2023-09-11 10:00:00+09:00,3520.0,3520.0,3520.0,3520.0,100,0.0,0.0
2023-09-11 11:00:00+09:00,3520.0,3520.0,3520.0,3520.0,0,0.0,0.0
2023-09-11 14:00:00+09:00,3545.0,3550.0,3545.0,3550.0,300,0.0,0.0
2023-09-12 09:00:00+09:00,3535.0,3555.0,3535.0,3555.0,200,0.0,0.0
2023-09-12 10:00:00+09:00,3530.0,3530.0,3530.0,3530.0,100,0.0,0.0
2023-09-12 11:00:00+09:00,3530.0,3530.0,3530.0,3530.0,0,0.0,0.0
2023-09-14 13:00:00+09:00,3520.0,3520.0,3520.0,3520.0,300,0.0,0.0
2023-09-14 14:00:00+09:00,3570.0,3570.0,3570.0,3570.0,100,0.0,0.0
2023-09-21 10:00:00+09:00,3555.0,3555.0,3555.0,3555.0,100,0.0,0.0
2023-09-21 11:00:00+09:00,3525.0,3525.0,3515.0,3515.0,0,0.0,0.0
2023-09-21 13:00:00+09:00,3510.0,3510.0,3510.0,3510.0,500,0.0,0.0
2023-09-22 09:00:00+09:00,3550.0,3550.0,3550.0,3550.0,100,0.0,0.0
2023-09-22 11:00:00+09:00,3550.0,3550.0,3550.0,3550.0,0,0.0,0.0
2023-09-22 13:00:00+09:00,3515.0,3515.0,3515.0,3515.0,200,0.0,0.0
2023-09-22 14:00:00+09:00,3510.0,3510.0,3510.0,3510.0,100,0.0,0.0
2023-09-25 09:00:00+09:00,3545.0,3545.0,3545.0,3545.0,100,0.0,0.0
2023-09-25 11:00:00+09:00,3550.0,3550.0,3550.0,3550.0,0,0.0,0.0
2023-09-25 12:00:00+09:00,3550.0,3550.0,3550.0,3550.0,300,0.0,0.0
2023-09-26 09:00:00+09:00,3550.0,3565.0,3550.0,3565.0,300,0.0,0.0
2023-09-26 11:00:00+09:00,3565.0,3565.0,3565.0,3565.0,0,0.0,0.0
2023-09-26 12:00:00+09:00,3565.0,3565.0,3565.0,3565.0,400,0.0,0.0
2023-09-27 09:00:00+09:00,3515.0,3515.0,3515.0,3515.0,100,0.0,0.0
2023-09-27 11:00:00+09:00,3515.0,3515.0,3515.0,3515.0,0,0.0,0.0
2023-09-29 11:00:00+09:00,3555.0,3620.0,3550.0,3550.0,300,0.0,0.0
2023-09-29 13:00:00+09:00,3535.0,3535.0,3535.0,3535.0,400,0.0,0.0
2023-10-02 12:00:00+09:00,3535.0,3535.0,3535.0,3535.0,300,0.0,0.0
2023-10-03 13:00:00+09:00,3520.0,3520.0,3520.0,3520.0,100,0.0,0.0
2023-10-03 14:00:00+09:00,3590.0,3590.0,3590.0,3590.0,100,0.0,0.0
2023-10-04 09:00:00+09:00,3570.0,3570.0,3500.0,3500.0,300,0.0,0.0
2023-10-04 11:00:00+09:00,3500.0,3500.0,3500.0,3500.0,0,0.0,0.0
2023-10-04 12:00:00+09:00,3500.0,3500.0,3500.0,3500.0,400,0.0,0.0
2023-10-04 13:00:00+09:00,3475.0,3475.0,3475.0,3475.0,100,0.0,0.0
2023-10-06 10:00:00+09:00,3475.0,3475.0,3475.0,3475.0,100,0.0,0.0
2023-10-06 11:00:00+09:00,3475.0,3475.0,3475.0,3475.0,0,0.0,0.0
2023-10-06 13:00:00+09:00,3475.0,3475.0,3475.0,3475.0,200,0.0,0.0
2023-10-13 12:00:00+09:00,3475.0,3475.0,3475.0,3475.0,200,0.0,0.0
2023-10-13 14:00:00+09:00,3460.0,3460.0,3460.0,3460.0,100,0.0,0.0
2023-10-16 09:00:00+09:00,3460.0,3460.0,3460.0,3460.0,100,0.0,0.0
2023-10-16 11:00:00+09:00,3460.0,3460.0,3460.0,3460.0,0,0.0,0.0
2023-10-16 12:00:00+09:00,3460.0,3460.0,3460.0,3460.0,200,0.0,0.0
2023-10-19 09:00:00+09:00,3460.0,3460.0,3460.0,3460.0,100,0.0,0.0
2023-10-19 11:00:00+09:00,3460.0,3460.0,3460.0,3460.0,0,0.0,0.0
2023-10-19 13:00:00+09:00,3520.0,3520.0,3520.0,3520.0,200,0.0,0.0
2023-10-20 09:00:00+09:00,3520.0,3520.0,3520.0,3520.0,100,0.0,0.0
2023-10-20 10:00:00+09:00,3520.0,3520.0,3520.0,3520.0,100,0.0,0.0
2023-10-20 11:00:00+09:00,3520.0,3520.0,3520.0,3520.0,0,0.0,0.0
2023-10-20 12:00:00+09:00,3525.0,3525.0,3525.0,3525.0,300,0.0,0.0
2023-10-20 14:00:00+09:00,3525.0,3525.0,3525.0,3525.0,100,0.0,0.0
2023-10-23 09:00:00+09:00,3535.0,3535.0,3535.0,3535.0,100,0.0,0.0
2023-10-23 11:00:00+09:00,3535.0,3535.0,3535.0,3535.0,0,0.0,0.0
2023-10-23 12:00:00+09:00,3535.0,3535.0,3535.0,3535.0,300,0.0,0.0
2023-10-24 09:00:00+09:00,3590.0,3590.0,3525.0,3525.0,300,0.0,0.0
2023-10-24 10:00:00+09:00,3515.0,3515.0,3500.0,3500.0,300,0.0,0.0
2023-10-24 11:00:00+09:00,3500.0,3500.0,3500.0,3500.0,0,0.0,0.0
2023-10-25 13:00:00+09:00,3500.0,3500.0,3500.0,3500.0,100,0.0,0.0
2023-10-25 14:00:00+09:00,3510.0,3510.0,3510.0,3510.0,100,0.0,0.0
2023-10-26 09:00:00+09:00,3510.0,3510.0,3510.0,3510.0,100,0.0,0.0
2023-10-26 10:00:00+09:00,3510.0,3575.0,3510.0,3575.0,300,0.0,0.0
2023-10-26 11:00:00+09:00,3505.0,3505.0,3505.0,3505.0,0,0.0,0.0
2023-10-27 09:00:00+09:00,3500.0,3500.0,3500.0,3500.0,100,0.0,0.0
2023-10-27 11:00:00+09:00,3500.0,3500.0,3500.0,3500.0,0,0.0,0.0
2023-10-27 12:00:00+09:00,3495.0,3495.0,3495.0,3495.0,200,0.0,0.0
2023-10-27 14:00:00+09:00,3490.0,3490.0,3490.0,3490.0,100,0.0,0.0
2023-10-30 09:00:00+09:00,3490.0,3490.0,3490.0,3490.0,100,0.0,0.0
2023-10-30 10:00:00+09:00,3480.0,3480.0,3480.0,3480.0,100,0.0,0.0
2023-10-30 11:00:00+09:00,3480.0,3480.0,3480.0,3480.0,0,0.0,0.0
2023-11-01 12:00:00+09:00,3475.0,3475.0,3475.0,3475.0,100,0.0,0.0
2023-11-02 09:00:00+09:00,3535.0,3535.0,3465.0,3465.0,300,0.0,0.0
2023-11-02 11:00:00+09:00,3465.0,3465.0,3465.0,3465.0,0,0.0,0.0
2023-11-02 12:00:00+09:00,3465.0,3465.0,3465.0,3465.0,400,0.0,0.0
2023-11-07 09:00:00+09:00,3470.0,3470.0,3470.0,3470.0,100,0.0,0.0
2023-11-07 11:00:00+09:00,3470.0,3470.0,3470.0,3470.0,0,0.0,0.0
2023-11-07 12:00:00+09:00,3505.0,3505.0,3505.0,3505.0,200,0.0,0.0
2023-11-07 14:00:00+09:00,3520.0,3520.0,3520.0,3520.0,100,0.0,0.0
2023-11-09 13:00:00+09:00,3525.0,3525.0,3525.0,3525.0,100,0.0,0.0
2023-11-10 11:00:00+09:00,3510.0,3510.0,3510.0,3510.0,100,0.0,0.0
2023-11-10 12:00:00+09:00,3535.0,3535.0,3535.0,3535.0,200,0.0,0.0
2023-11-10 13:00:00+09:00,3505.0,3505.0,3505.0,3505.0,100,0.0,0.0
2023-11-13 09:00:00+09:00,3570.0,3570.0,3570.0,3570.0,0,0.0,0.0
2023-11-13 10:00:00+09:00,3575.0,3575.0,3575.0,3575.0,100,0.0,0.0
2023-11-13 11:00:00+09:00,3590.0,3590.0,3590.0,3590.0,0,0.0,0.0
2023-11-13 12:00:00+09:00,3600.0,3600.0,3600.0,3600.0,400,0.0,0.0
2023-11-13 13:00:00+09:00,3555.0,3555.0,3510.0,3510.0,300,0.0,0.0
2023-11-15 14:00:00+09:00,3555.0,3555.0,3555.0,3555.0,100,0.0,0.0
2023-11-16 09:00:00+09:00,3545.0,3545.0,3545.0,3545.0,100,0.0,0.0
2023-11-16 11:00:00+09:00,3545.0,3545.0,3545.0,3545.0,0,0.0,0.0
2023-11-16 13:00:00+09:00,3495.0,3495.0,3495.0,3495.0,200,0.0,0.0
2023-11-17 10:00:00+09:00,3565.0,3565.0,3565.0,3565.0,100,0.0,0.0
2023-11-17 11:00:00+09:00,3565.0,3565.0,3565.0,3565.0,0,0.0,0.0
2023-11-20 09:00:00+09:00,3520.0,3520.0,3520.0,3520.0,100,0.0,0.0
2023-11-20 11:00:00+09:00,3520.0,3520.0,3520.0,3520.0,0,0.0,0.0
2023-11-22 09:00:00+09:00,3570.0,3570.0,3570.0,3570.0,100,0.0,0.0
2023-11-22 11:00:00+09:00,3570.0,3570.0,3570.0,3570.0,0,0.0,0.0
2023-11-24 09:00:00+09:00,3555.0,3555.0,3540.0,3540.0,200,0.0,0.0
2023-11-24 11:00:00+09:00,3540.0,3540.0,3540.0,3540.0,0,0.0,0.0
2023-11-24 13:00:00+09:00,3530.0,3530.0,3530.0,3530.0,300,0.0,0.0
2023-11-27 09:00:00+09:00,3530.0,3530.0,3530.0,3530.0,0,0.0,0.0
2023-11-27 10:00:00+09:00,3560.0,3565.0,3560.0,3565.0,200,0.0,0.0
2023-11-27 11:00:00+09:00,3565.0,3565.0,3565.0,3565.0,0,0.0,0.0
2023-11-29 09:00:00+09:00,3525.0,3525.0,3525.0,3525.0,500,0.0,0.0
2023-11-29 11:00:00+09:00,3525.0,3525.0,3525.0,3525.0,0,0.0,0.0
2023-11-29 12:00:00+09:00,3530.0,3530.0,3530.0,3530.0,600,0.0,0.0
2023-11-30 11:00:00+09:00,3545.0,3595.0,3545.0,3595.0,800,0.0,0.0
2023-11-30 14:00:00+09:00,3595.0,3595.0,3595.0,3595.0,1000,0.0,0.0
2023-12-01 09:00:00+09:00,3600.0,3600.0,3600.0,3600.0,200,0.0,0.0
2023-12-01 10:00:00+09:00,3625.0,3625.0,3625.0,3625.0,100,0.0,0.0
2023-12-01 11:00:00+09:00,3625.0,3625.0,3625.0,3625.0,0,0.0,0.0
2023-12-01 14:00:00+09:00,3650.0,3650.0,3650.0,3650.0,600,0.0,0.0
2023-12-04 11:00:00+09:00,3650.0,3650.0,3650.0,3650.0,100,0.0,0.0
2023-12-04 13:00:00+09:00,3610.0,3610.0,3610.0,3610.0,300,0.0,0.0
2023-12-04 14:00:00+09:00,3665.0,3665.0,3665.0,3665.0,100,0.0,0.0
2023-12-05 09:00:00+09:00,3665.0,3665.0,3665.0,3665.0,100,0.0,0.0
2023-12-05 11:00:00+09:00,3665.0,3665.0,3665.0,3665.0,0,0.0,0.0
2023-12-05 12:00:00+09:00,3665.0,3665.0,3665.0,3665.0,400,0.0,0.0
2023-12-07 09:00:00+09:00,3665.0,3665.0,3665.0,3665.0,100,0.0,0.0
2023-12-07 11:00:00+09:00,3670.0,3670.0,3670.0,3670.0,0,0.0,0.0
2023-12-07 12:00:00+09:00,3605.0,3605.0,3605.0,3605.0,300,0.0,0.0
2023-12-08 14:00:00+09:00,3610.0,3610.0,3610.0,3610.0,100,0.0,0.0
2023-12-11 09:00:00+09:00,3610.0,3610.0,3610.0,3610.0,100,0.0,0.0
2023-12-11 11:00:00+09:00,3610.0,3610.0,3610.0,3610.0,0,0.0,0.0
2023-12-11 13:00:00+09:00,3630.0,3630.0,3630.0,3630.0,200,0.0,0.0
2023-12-12 09:00:00+09:00,3655.0,3655.0,3655.0,3655.0,100,0.0,0.0
2023-12-12 10:00:00+09:00,3630.0,3630.0,3630.0,3630.0,100,0.0,0.0
2023-12-12 11:00:00+09:00,3630.0,3630.0,3630.0,3630.0,0,0.0,0.0
2023-12-14 13:00:00+09:00,3670.0,3670.0,3670.0,3670.0,300,0.0,0.0
2023-12-15 09:00:00+09:00,3740.0,3740.0,3740.0,3740.0,400,0.0,0.0
2023-12-15 11:00:00+09:00,3740.0,3740.0,3740.0,3740.0,0,0.0,0.0
2023-12-15 12:00:00+09:00,3670.0,3670.0,3670.0,3670.0,500,0.0,0.0
2023-12-18 09:00:00+09:00,3780.0,3785.0,3780.0,3785.0,700,0.0,0.0
2023-12-18 10:00:00+09:00,3750.0,3750.0,3750.0,3750.0,300,0.0,0.0
2023-12-18 11:00:00+09:00,3750.0,3750.0,3750.0,3750.0,0,0.0,0.0
2023-12-18 13:00:00+09:00,3680.0,3680.0,3680.0,3680.0,1100,0.0,0.0
2023-12-22 09:00:00+09:00,3780.0,3780.0,3780.0,3780.0,100,0.0,0.0
2023-12-22 11:00:00+09:00,3780.0,3780.0,3780.0,3780.0,0,0.0,0.0
2023-12-22 13:00:00+09:00,3760.0,3760.0,3760.0,3760.0,200,0.0,0.0
2023-12-25 09:00:00+09:00,3705.0,3800.0,3705.0,3800.0,200,0.0,0.0
2023-12-25 11:00:00+09:00,3800.0,3800.0,3800.0,3800.0,0,0.0,0.0
2023-12-26 09:00:00+09:00,3795.0,3800.0,3795.0,3800.0,200,0.0,0.0
2023-12-26 10:00:00+09:00,3795.0,3795.0,3795.0,3795.0,100,0.0,0.0
2023-12-26 11:00:00+09:00,3795.0,3795.0,3795.0,3795.0,0,0.0,0.0
2023-12-27 12:00:00+09:00,3800.0,3800.0,3800.0,3800.0,100,0.0,0.0
2023-12-28 09:00:00+09:00,3800.0,3800.0,3760.0,3760.0,800,0.0,0.0
2023-12-28 11:00:00+09:00,3760.0,3760.0,3760.0,3760.0,0,0.0,0.0
2023-12-28 12:00:00+09:00,3800.0,3800.0,3800.0,3800.0,900,0.0,0.0
2024-01-04 09:00:00+09:00,3855.0,3855.0,3855.0,3855.0,100,0.0,0.0
2024-01-04 11:00:00+09:00,3855.0,3855.0,3855.0,3855.0,0,0.0,0.0
2024-01-04 12:00:00+09:00,3855.0,3855.0,3855.0,3855.0,200,0.0,0.0
2024-01-04 13:00:00+09:00,3860.0,3860.0,3860.0,3860.0,200,0.0,0.0
2024-01-04 14:00:00+09:00,3860.0,3860.0,3860.0,3860.0,100,0.0,0.0
2024-01-05 09:00:00+09:00,3885.0,3885.0,3885.0,3885.0,300,0.0,0.0
2024-01-05 11:00:00+09:00,3885.0,3885.0,3885.0,3885.0,0,0.0,0.0
2024-01-05 12:00:00+09:00,3865.0,3865.0,3865.0,3865.0,500,0.0,0.0
2024-01-05 13:00:00+09:00,3860.0,3860.0,3850.0,3850.0,200,0.0,0.0
2024-01-05 14:00:00+09:00,3800.0,3800.0,3715.0,3715.0,500,0.0,0.0
2024-01-09 09:00:00+09:00,3715.0,3715.0,3715.0,3715.0,100,0.0,0.0
2024-01-09 11:00:00+09:00,3715.0,3715.0,3715.0,3715.0,0,0.0,0.0
2024-01-09 13:00:00+09:00,3715.0,3715.0,3715.0,3715.0,200,0.0,0.0
2024-01-10 10:00:00+09:00,3750.0,3750.0,3750.0,3750.0,300,0.0,0.0
2024-01-10 11:00:00+09:00,3750.0,3750.0,3750.0,3750.0,0,0.0,0.0
2024-01-11 09:00:00+09:00,3805.0,3830.0,3805.0,3830.0,300,0.0,0.0
2024-01-11 10:00:00+09:00,3810.0,3810.0,3810.0,3810.0,100,0.0,0.0
2024-01-11 11:00:00+09:00,3810.0,3810.0,3810.0,3810.0,0,0.0,0.0
2024-01-11 12:00:00+09:00,3820.0,3820.0,3820.0,3820.0,500,0.0,0.0
2024-01-11 13:00:00+09:00,3830.0,3830.0,3830.0,3830.0,100,0.0,0.0
2024-01-11 14:00:00+09:00,3830.0,3830.0,3830.0,3830.0,100,0.0,0.0
2024-01-12 09:00:00+09:00,3840.0,3840.0,3840.0,3840.0,0,0.0,0.0
2024-01-12 10:00:00+09:00,3825.0,3825.0,3800.0,3800.0,300,0.0,0.0
2024-01-12 11:00:00+09:00,3800.0,3800.0,3800.0,3800.0,0,0.0,0.0
2024-01-15 10:00:00+09:00,3805.0,3805.0,3805.0,3805.0,100,0.0,0.0
2024-01-15 11:00:00+09:00,3805.0,3805.0,3805.0,3805.0,0,0.0,0.0
2024-01-15 12:00:00+09:00,3800.0,3800.0,3800.0,3800.0,300,0.0,0.0
2024-01-15 13:00:00+09:00,3800.0,3800.0,3800.0,3800.0,200,0.0,0.0
2024-01-16 09:00:00+09:00,3800.0,3850.0,3785.0,3850.0,400,0.0,0.0
2024-01-16 11:00:00+09:00,3880.0,3880.0,3880.0,3880.0,0,0.0,0.0
2024-01-16 12:00:00+09:00,3810.0,3810.0,3810.0,3810.0,600,0.0,0.0
2024-01-16 14:00:00+09:00,3850.0,3850.0,3850.0,3850.0,100,0.0,0.0
2024-01-17 09:00:00+09:00,3800.0,3800.0,3800.0,3800.0,300,0.0,0.0
2024-01-17 11:00:00+09:00,3800.0,3800.0,3800.0,3800.0,0,0.0,0.0
2024-01-17 12:00:00+09:00,3845.0,3845.0,3845.0,3845.0,400,0.0,0.0
2024-01-17 14:00:00+09:00,3870.0,3875.0,3870.0,3875.0,200,0.0,0.0
2024-01-18 09:00:00+09:00,3875.0,3875.0,3875.0,3875.0,100,0.0,0.0
2024-01-18 10:00:00+09:00,3870.0,3870.0,3870.0,3870.0,100,0.0,0.0
2024-01-18 11:00:00+09:00,3870.0,3870.0,3870.0,3870.0,0,0.0,0.0
2024-01-18 12:00:00+09:00,3870.0,3870.0,3870.0,3870.0,300,0.0,0.0
2024-01-19 14:00:00+09:00,3835.0,3835.0,3835.0,3835.0,100,0.0,0.0
2024-01-22 09:00:00+09:00,3835.0,3835.0,3835.0,3835.0,100,0.0,0.0
2024-01-22 11:00:00+09:00,3835.0,3835.0,3835.0,3835.0,0,0.0,0.0
2024-01-22 12:00:00+09:00,3845.0,3845.0,3845.0,3845.0,300,0.0,0.0
2024-01-23 09:00:00+09:00,3845.0,3915.0,3845.0,3845.0,400,0.0,0.0
2024-01-23 11:00:00+09:00,3845.0,3845.0,3845.0,3845.0,0,0.0,0.0
2024-01-24 09:00:00+09:00,3910.0,3935.0,3910.0,3935.0,300,0.0,0.0
2024-01-24 11:00:00+09:00,3935.0,3935.0,3935.0,3935.0,0,0.0,0.0
2024-01-24 14:00:00+09:00,3900.0,3900.0,3890.0,3890.0,500,0.0,0.0
2024-01-25 09:00:00+09:00,3940.0,3940.0,3940.0,3940.0,100,0.0,0.0
2024-01-25 11:00:00+09:00,3935.0,3935.0,3935.0,3935.0,0,0.0,0.0
2024-01-25 13:00:00+09:00,3935.0,3935.0,3935.0,3935.0,300,0.0,0.0
2024-01-26 09:00:00+09:00,3935.0,3935.0,3935.0,3935.0,0,0.0,0.0
2024-01-26 11:00:00+09:00,3935.0,3935.0,3935.0,3935.0,0,0.0,0.0
2024-01-26 12:00:00+09:00,3930.0,3930.0,3860.0,3860.0,800,0.0,0.0
2024-01-29 09:00:00+09:00,3930.0,3930.0,3920.0,3920.0,300,0.0,0.0
2024-01-29 11:00:00+09:00,3920.0,3920.0,3920.0,3920.0,0,0.0,0.0
2024-01-30 09:00:00+09:00,3930.0,3930.0,3930.0,3930.0,100,0.0,0.0
2024-01-30 10:00:00+09:00,3900.0,3900.0,3900.0,3900.0,100,0.0,0.0
2024-01-30 11:00:00+09:00,3900.0,3900.0,3900.0,3900.0,0,0.0,0.0
2024-02-01 09:00:00+09:00,3900.0,3900.0,3900.0,3900.0,100,0.0,0.0
2024-02-01 10:00:00+09:00,3900.0,3900.0,3900.0,3900.0,100,0.0,0.0
2024-02-01 11:00:00+09:00,3895.0,3895.0,3895.0,3895.0,0,0.0,0.0
2024-02-02 09:00:00+09:00,3860.0,3860.0,3860.0,3860.0,0,0.0,0.0
2024-02-02 10:00:00+09:00,3900.0,3900.0,3900.0,3900.0,800,0.0,0.0
2024-02-02 11:00:00+09:00,3900.0,3900.0,3900.0,3900.0,0,0.0,0.0
2024-02-02 14:00:00+09:00,3950.0,3950.0,3950.0,3950.0,900,0.0,0.0
2024-02-05 09:00:00+09:00,3950.0,3950.0,3950.0,3950.0,200,0.0,0.0
2024-02-05 11:00:00+09:00,3950.0,3950.0,3950.0,3950.0,0,0.0,0.0
2024-02-05 12:00:00+09:00,3950.0,3950.0,3950.0,3950.0,300,0.0,0.0
2024-02-06 09:00:00+09:00,3950.0,3950.0,3950.0,3950.0,100,0.0,0.0
2024-02-06 11:00:00+09:00,3950.0,3950.0,3950.0,3950.0,0,0.0,0.0
2024-02-06 13:00:00+09:00,3955.0,3955.0,3955.0,3955.0,400,0.0,0.0
2024-02-07 11:00:00+09:00,3955.0,3955.0,3955.0,3955.0,100,0.0,0.0
2024-02-07 12:00:00+09:00,3905.0,3905.0,3905.0,3905.0,200,0.0,0.0
2024-02-08 09:00:00+09:00,3880.0,3880.0,3880.0,3880.0,0,0.0,0.0
2024-02-08 11:00:00+09:00,3880.0,3880.0,3880.0,3880.0,0,0.0,0.0
2024-02-08 13:00:00+09:00,3900.0,3900.0,3880.0,3880.0,600,0.0,0.0
2024-02-09 09:00:00+09:00,3875.0,3905.0,3875.0,3905.0,200,0.0,0.0
2024-02-09 11:00:00+09:00,3905.0,3905.0,3905.0,3905.0,0,0.0,0.0
2024-02-09 12:00:00+09:00,3905.0,3905.0,3905.0,3905.0,400,0.0,0.0
2024-02-09 14:00:00+09:00,3895.0,3895.0,3895.0,3895.0,100,0.0,0.0
2024-02-13 09:00:00+09:00,3900.0,3900.0,3900.0,3900.0,100,0.0,0.0
2024-02-13 11:00:00+09:00,3830.0,3830.0,3830.0,3830.0,0,0.0,0.0
2024-02-13 14:00:00+09:00,3900.0,3900.0,3900.0,3900.0,300,0.0,0.0
2024-02-14 09:00:00+09:00,3930.0,3930.0,3930.0,3930.0,400,0.0,0.0
2024-02-14 11:00:00+09:00,3930.0,3930.0,3930.0,3930.0,0,0.0,0.0
2024-02-14 13:00:00+09:00,3930.0,3950.0,3930.0,3950.0,800,0.0,0.0
2024-02-15 09:00:00+09:00,3940.0,3940.0,3940.0,3940.0,200,0.0,0.0
2024-02-15 11:00:00+09:00,3940.0,3940.0,3940.0,3940.0,0,0.0,0.0
2024-02-16 09:00:00+09:00,3940.0,3940.0,3930.0,3930.0,200,0.0,0.0
2024-02-16 11:00:00+09:00,3930.0,3930.0,3930.0,3930.0,0,0.0,0.0
2024-02-16 12:00:00+09:00,3930.0,3930.0,3930.0,3930.0,300,0.0,0.0
2024-02-19 09:00:00+09:00,3900.0,3900.0,3900.0,3900.0,100,0.0,0.0
2024-02-19 11:00:00+09:00,3900.0,3900.0,3900.0,3900.0,0,0.0,0.0
2024-02-19 12:00:00+09:00,3900.0,3900.0,3900.0,3900.0,200,0.0,0.0
2024-02-19 13:00:00+09:00,3915.0,3920.0,3915.0,3920.0,200,0.0,0.0
2024-02-19 14:00:00+09:00,3930.0,3930.0,3930.0,3930.0,200,0.0,0.0
2024-02-20 12:00:00+09:00,3930.0,3930.0,3930.0,3930.0,100,0.0,0.0
2024-02-20 14:00:00+09:00,3930.0,3930.0,3930.0,3930.0,100,0.0,0.0
2024-02-22 09:00:00+09:00,3925.0,3925.0,3910.0,3910.0,200,0.0,0.0
2024-02-22 11:00:00+09:00,3910.0,3910.0,3910.0,3910.0,0,0.0,0.0
2024-02-22 12:00:00+09:00,3920.0,3920.0,3920.0,3920.0,300,0.0,0.0
2024-02-22 14:00:00+09:00,3925.0,3925.0,3925.0,3925.0,100,0.0,0.0
2024-02-26 09:00:00+09:00,4135.0,4145.0,4135.0,4135.0,500,0.0,0.0
2024-02-26 10:00:00+09:00,4000.0,4070.0,4000.0,4070.0,200,0.0,0.0
2024-02-26 11:00:00+09:00,4070.0,4070.0,4070.0,4070.0,0,0.0,0.0
2024-02-26 12:00:00+09:00,4070.0,4070.0,4015.0,4015.0,900,0.0,0.0
2024-02-26 13:00:00+09:00,4015.0,4015.0,4015.0,4015.0,100,0.0,0.0
2024-02-26 14:00:00+09:00,4020.0,4020.0,4020.0,4020.0,100,0.0,0.0
2024-02-27 09:00:00+09:00,4065.0,4065.0,4065.0,4065.0,100,0.0,0.0
2024-02-27 10:00:00+09:00,4020.0,4020.0,4020.0,4020.0,100,0.0,0.0
2024-02-27 11:00:00+09:00,4020.0,4020.0,4020.0,4020.0,0,0.0,0.0
2024-02-28 09:00:00+09:00,4060.0,4060.0,4060.0,4060.0,100,0.0,0.0
2024-02-28 11:00:00+09:00,4060.0,4060.0,4060.0,4060.0,0,0.0,0.0
2024-03-01 09:00:00+09:00,4120.0,4120.0,4020.0,4020.0,300,0.0,0.0
2024-03-01 10:00:00+09:00,4020.0,4020.0,4020.0,4020.0,100,0.0,0.0
2024-03-01 11:00:00+09:00,4020.0,4020.0,4020.0,4020.0,0,0.0,0.0
2024-03-01 12:00:00+09:00,4030.0,4030.0,4015.0,4015.0,600,0.0,0.0
2024-03-01 13:00:00+09:00,4085.0,4085.0,4085.0,4085.0,100,0.0,0.0
2024-03-01 14:00:00+09:00,4085.0,4090.0,4085.0,4090.0,200,0.0,0.0
2024-03-04 10:00:00+09:00,4120.0,4120.0,4120.0,4120.0,100,0.0,0.0
2024-03-04 11:00:00+09:00,4120.0,4120.0,4120.0,4120.0,0,0.0,0.0
2024-03-04 14:00:00+09:00,4100.0,4100.0,4100.0,4100.0,300,0.0,0.0
2024-03-05 09:00:00+09:00,4100.0,4100.0,4100.0,4100.0,200,0.0,0.0
2024-03-05 10:00:00+09:00,4035.0,4035.0,4000.0,4000.0,200,0.0,0.0
2024-03-05 11:00:00+09:00,4000.0,4000.0,4000.0,4000.0,0,0.0,0.0
2024-03-05 13:00:00+09:00,4070.0,4070.0,4070.0,4070.0,700,0.0,0.0
2024-03-06 09:00:00+09:00,4070.0,4070.0,4070.0,4070.0,100,0.0,0.0
2024-03-06 11:00:00+09:00,4070.0,4070.0,4070.0,4070.0,0,0.0,0.0
2024-03-06 14:00:00+09:00,4015.0,4015.0,4015.0,4015.0,200,0.0,0.0
2024-03-07 09:00:00+09:00,3960.0,3960.0,3960.0,3960.0,0,0.0,0.0
2024-03-07 10:00:00+09:00,3960.0,3960.0,3960.0,3960.0,600,0.0,0.0
2024-03-07 11:00:00+09:00,3960.0,3960.0,3960.0,3960.0,0,0.0,0.0
2024-03-07 13:00:00+09:00,4070.0,4070.0,4020.0,4020.0,800,0.0,0.0
2024-03-08 09:00:00+09:00,4020.0,4020.0,4000.0,4000.0,400,0.0,0.0
2024-03-08 11:00:00+09:00,4000.0,4000.0,4000.0,4000.0,0,0.0,0.0
2024-03-08 13:00:00+09:00,3975.0,3975.0,3975.0,3975.0,500,0.0,0.0
2024-03-08 14:00:00+09:00,4010.0,4010.0,3985.0,3985.0,200,0.0,0.0
2024-03-11 09:00:00+09:00,3970.0,3970.0,3970.0,3970.0,0,0.0,0.0
2024-03-11 10:00:00+09:00,3960.0,3960.0,3960.0,3960.0,100,0.0,0.0
2024-03-11 11:00:00+09:00,3960.0,3960.0,3960.0,3960.0,0,0.0,0.0
2024-03-12 14:00:00+09:00,4020.0,4020.0,4020.0,4020.0,100,0.0,0.0
2024-03-13 11:00:00+09:00,4020.0,4020.0,4020.0,4020.0,200,0.0,0.0
2024-03-14 09:00:00+09:00,4005.0,4005.0,4005.0,4005.0,100,0.0,0.0
2024-03-14 11:00:00+09:00,4005.0,4005.0,4005.0,4005.0,0,0.0,0.0
2024-03-14 13:00:00+09:00,3950.0,3950.0,3950.0,3950.0,600,0.0,0.0
2024-03-15 12:00:00+09:00,3990.0,3990.0,3990.0,3990.0,100,0.0,0.0
2024-03-15 14:00:00+09:00,4000.0,4035.0,4000.0,4035.0,300,0.0,0.0
2024-03-18 09:00:00+09:00,4115.0,4115.0,4115.0,4115.0,200,0.0,0.0
2024-03-18 11:00:00+09:00,4065.0,4065.0,4065.0,4065.0,0,0.0,0.0
2024-03-18 12:00:00+09:00,4050.0,4050.0,4050.0,4050.0,400,0.0,0.0
2024-03-18 14:00:00+09:00,4065.0,4070.0,4065.0,4070.0,200,0.0,0.0
2024-03-19 09:00:00+09:00,4005.0,4005.0,4005.0,4005.0,100,0.0,0.0
2024-03-19 11:00:00+09:00,4005.0,4005.0,4005.0,4005.0,0,0.0,0.0
2024-03-19 14:00:00+09:00,4065.0,4065.0,4065.0,4065.0,200,0.0,0.0
2024-03-21 10:00:00+09:00,4065.0,4095.0,4065.0,4095.0,200,0.0,0.0
2024-03-21 11:00:00+09:00,4095.0,4095.0,4095.0,4095.0,0,0.0,0.0
2024-03-21 13:00:00+09:00,4095.0,4115.0,4095.0,4100.0,500,0.0,0.0
2024-03-22 09:00:00+09:00,4070.0,4070.0,4070.0,4070.0,300,0.0,0.0
2024-03-22 11:00:00+09:00,4070.0,4070.0,4070.0,4070.0,0,0.0,0.0
2024-03-22 12:00:00+09:00,4050.0,4050.0,4050.0,4050.0,400,0.0,0.0
2024-03-22 13:00:00+09:00,4080.0,4100.0,4080.0,4100.0,200,0.0,0.0
2024-03-22 14:00:00+09:00,4085.0,4115.0,4085.0,4115.0,200,0.0,0.0
2024-03-25 09:00:00+09:00,4115.0,4115.0,4110.0,4110.0,0,0.0,0.0
2024-03-25 10:00:00+09:00,4110.0,4110.0,4110.0,4110.0,100,0.0,0.0
2024-03-25 11:00:00+09:00,4110.0,4110.0,4110.0,4110.0,0,0.0,0.0
2024-03-26 09:00:00+09:00,4110.0,4110.0,4110.0,4110.0,200,0.0,0.0
2024-03-26 11:00:00+09:00,4115.0,4115.0,4115.0,4115.0,0,0.0,0.0
2024-03-26 12:00:00+09:00,4120.0,4120.0,4120.0,4120.0,500,0.0,0.0
2024-03-27 09:00:00+09:00,4185.0,4185.0,4120.0,4120.0,400,0.0,0.0
2024-03-27 10:00:00+09:00,4185.0,4185.0,4185.0,4185.0,100,0.0,0.0
2024-03-27 11:00:00+09:00,4185.0,4185.0,4185.0,4185.0,0,0.0,0.0
2024-03-27 13:00:00+09:00,4120.0,4120.0,4120.0,4120.0,600,0.0,0.0
2024-03-28 09:00:00+09:00,3940.0,3940.0,3900.0,3900.0,400,0.0,0.0
2024-03-28 10:00:00+09:00,3900.0,3900.0,3900.0,3900.0,100,0.0,0.0
2024-03-28 11:00:00+09:00,3900.0,3900.0,3900.0,3900.0,0,0.0,0.0
2024-03-28 12:00:00+09:00,3940.0,3940.0,3905.0,3905.0,700,0.0,0.0
2024-03-29 09:00:00+09:00,3915.0,3915.0,3910.0,3910.0,200,0.0,0.0
2024-03-29 10:00:00+09:00,3905.0,3905.0,3905.0,3905.0,200,0.0,0.0
2024-03-29 11:00:00+09:00,3905.0,3905.0,3905.0,3905.0,0,0.0,0.0
2024-04-01 09:00:00+09:00,3895.0,3895.0,3895.0,3895.0,100,0.0,0.0
2024-04-01 11:00:00+09:00,3845.0,3845.0,3845.0,3845.0,0,0.0,0.0
2024-04-01 12:00:00+09:00,3845.0,3845.0,3845.0,3845.0,300,0.0,0.0
2024-04-01 14:00:00+09:00,3915.0,3915.0,3915.0,3915.0,100,0.0,0.0
2024-04-03 09:00:00+09:00,3950.0,3950.0,3950.0,3950.0,100,0.0,0.0
2024-04-03 11:00:00+09:00,3930.0,3930.0,3870.0,3870.0,0,0.0,0.0
2024-04-03 13:00:00+09:00,3870.0,3870.0,3870.0,3870.0,400,0.0,0.0
2024-04-05 12:00:00+09:00,3915.0,3915.0,3915.0,3915.0,100,0.0,0.0
2024-04-08 09:00:00+09:00,3930.0,3930.0,3930.0,3930.0,100,0.0,0.0
2024-04-08 10:00:00+09:00,3930.0,3930.0,3930.0,3930.0,100,0.0,0.0
2024-04-08 11:00:00+09:00,3930.0,3930.0,3930.0,3930.0,0,0.0,0.0
2024-04-09 09:00:00+09:00,3930.0,3930.0,3890.0,3890.0,400,0.0,0.0
2024-04-09 11:00:00+09:00,3890.0,3890.0,3890.0,3890.0,0,0.0,0.0
2024-04-10 12:00:00+09:00,3935.0,3955.0,3935.0,3955.0,200,0.0,0.0
2024-04-10 14:00:00+09:00,3955.0,3960.0,3955.0,3960.0,200,0.0,0.0
2024-04-12 10:00:00+09:00,3900.0,3900.0,3900.0,3900.0,100,0.0,0.0
2024-04-12 11:00:00+09:00,3900.0,3900.0,3900.0,3900.0,0,0.0,0.0
2024-04-12 12:00:00+09:00,3900.0,3900.0,3900.0,3900.0,200,0.0,0.0
2024-04-15 09:00:00+09:00,3895.0,3940.0,3895.0,3940.0,200,0.0,0.0
2024-04-15 11:00:00+09:00,3940.0,3940.0,3940.0,3940.0,0,0.0,0.0
2024-04-16 10:00:00+09:00,3900.0,3965.0,3900.0,3965.0,300,0.0,0.0
2024-04-16 11:00:00+09:00,3965.0,3965.0,3965.0,3965.0,0,0.0,0.0
2024-04-17 09:00:00+09:00,3970.0,3970.0,3970.0,3970.0,100,0.0,0.0
2024-04-17 11:00:00+09:00,3970.0,3970.0,3970.0,3970.0,0,0.0,0.0
2024-04-18 12:00:00+09:00,3900.0,3900.0,3900.0,3900.0,100,0.0,0.0
2024-04-18 14:00:00+09:00,3965.0,3965.0,3965.0,3965.0,100,0.0,0.0
2024-04-19 09:00:00+09:00,3895.0,3895.0,3895.0,3895.0,100,0.0,0.0
2024-04-19 11:00:00+09:00,3895.0,3895.0,3895.0,3895.0,0,0.0,0.0
2024-04-23 10:00:00+09:00,3905.0,3905.0,3905.0,3905.0,100,0.0,0.0
2024-04-23 11:00:00+09:00,3905.0,3905.0,3905.0,3905.0,0,0.0,0.0
2024-04-23 12:00:00+09:00,3910.0,3910.0,3910.0,3910.0,200,0.0,0.0
2024-04-24 09:00:00+09:00,3915.0,3915.0,3915.0,3915.0,200,0.0,0.0
2024-04-24 11:00:00+09:00,3915.0,3915.0,3915.0,3915.0,0,0.0,0.0
2024-04-24 14:00:00+09:00,3975.0,3975.0,3970.0,3970.0,400,0.0,0.0
2024-04-25 09:00:00+09:00,3970.0,3970.0,3970.0,3970.0,100,0.0,0.0
2024-04-25 11:00:00+09:00,3940.0,3940.0,3940.0,3940.0,0,0.0,0.0
2024-04-26 09:00:00+09:00,3940.0,3940.0,3940.0,3940.0,300,0.0,0.0
2024-04-26 11:00:00+09:00,3945.0,3945.0,3945.0,3945.0,0,0.0,0.0
2024-04-30 10:00:00+09:00,3975.0,3975.0,3975.0,3975.0,100,0.0,0.0
2024-04-30 11:00:00+09:00,3975.0,3975.0,3975.0,3975.0,0,0.0,0.0
2024-05-01 09:00:00+09:00,3990.0,3990.0,3990.0,3990.0,100,0.0,0.0
2024-05-01 11:00:00+09:00,3990.0,3990.0,3990.0,3990.0,0,0.0,0.0
2024-05-01 12:00:00+09:00,3975.0,3975.0,3975.0,3975.0,200,0.0,0.0
2024-05-02 10:00:00+09:00,3970.0,3970.0,3970.0,3970.0,0,0.0,0.0
2024-05-02 11:00:00+09:00,3970.0,3970.0,3970.0,3970.0,0,0.0,0.0
2024-05-07 09:00:00+09:00,3985.0,3985.0,3970.0,3970.0,200,0.0,0.0
2024-05-07 11:00:00+09:00,3970.0,3970.0,3970.0,3970.0,0,0.0,0.0
2024-05-10 13:00:00+09:00,3970.0,3970.0,3970.0,3970.0,200,0.0,0.0
2024-05-13 09:00:00+09:00,3970.0,3970.0,3970.0,3970.0,100,0.0,0.0
2024-05-13 11:00:00+09:00,3970.0,3970.0,3970.0,3970.0,0,0.0,0.0
2024-05-13 14:00:00+09:00,4000.0,4000.0,4000.0,4000.0,300,0.0,0.0
2024-05-14 09:00:00+09:00,3995.0,4000.0,3995.0,4000.0,300,0.0,0.0
2024-05-14 11:00:00+09:00,4000.0,4000.0,4000.0,4000.0,0,0.0,0.0
2024-05-14 13:00:00+09:00,3990.0,3990.0,3990.0,3990.0,500,0.0,0.0
2024-05-15 09:00:00+09:00,4020.0,4020.0,4020.0,4020.0,100,0.0,0.0
2024-05-15 11:00:00+09:00,4020.0,4050.0,4020.0,4050.0,0,0.0,0.0
2024-05-15 13:00:00+09:00,4075.0,4100.0,4070.0,4070.0,1000,0.0,0.0
2024-05-15 14:00:00+09:00,4105.0,4125.0,4105.0,4125.0,300,0.0,0.0
2024-05-16 09:00:00+09:00,4000.0,4000.0,3970.0,3970.0,400,0.0,0.0
2024-05-16 10:00:00+09:00,3965.0,3965.0,3965.0,3965.0,100,0.0,0.0
2024-05-16 11:00:00+09:00,3965.0,3965.0,3965.0,3965.0,0,0.0,0.0
2024-05-16 13:00:00+09:00,3965.0,3970.0,3965.0,3970.0,900,0.0,0.0
2024-05-16 14:00:00+09:00,3930.0,3930.0,3865.0,3865.0,900,0.0,0.0
2024-05-17 09:00:00+09:00,3860.0,3860.0,3800.0,3805.0,600,0.0,0.0
2024-05-17 11:00:00+09:00,3805.0,3805.0,3805.0,3805.0,0,0.0,0.0
2024-05-17 13:00:00+09:00,3800.0,3800.0,3800.0,3800.0,1300,0.0,0.0
2024-05-20 09:00:00+09:00,3850.0,3850.0,3850.0,3850.0,300,0.0,0.0
2024-05-20 11:00:00+09:00,3850.0,3850.0,3850.0,3850.0,0,0.0,0.0
2024-05-20 12:00:00+09:00,3845.0,3845.0,3845.0,3845.0,400,0.0,0.0
2024-05-21 10:00:00+09:00,3800.0,3865.0,3800.0,3865.0,200,0.0,0.0
2024-05-21 11:00:00+09:00,3865.0,3865.0,3865.0,3865.0,0,0.0,0.0
2024-05-21 12:00:00+09:00,3865.0,3865.0,3865.0,3865.0,300,0.0,0.0
2024-05-21 14:00:00+09:00,3850.0,3850.0,3850.0,3850.0,100,0.0,0.0
2024-05-22 11:00:00+09:00,3850.0,3850.0,3850.0,3850.0,100,0.0,0.0
2024-05-22 12:00:00+09:00,3860.0,3860.0,3860.0,3860.0,400,0.0,0.0
2024-05-22 14:00:00+09:00,3865.0,3865.0,3865.0,3865.0,200,0.0,0.0
2024-05-23 09:00:00+09:00,3870.0,3870.0,3870.0,3870.0,100,0.0,0.0
2024-05-23 10:00:00+09:00,3900.0,3915.0,3900.0,3915.0,300,0.0,0.0
2024-05-23 11:00:00+09:00,3915.0,3915.0,3915.0,3915.0,0,0.0,0.0
2024-05-23 12:00:00+09:00,3880.0,3880.0,3880.0,3880.0,600,0.0,0.0
2024-05-24 09:00:00+09:00,3865.0,3900.0,3865.0,3900.0,200,0.0,0.0
2024-05-24 11:00:00+09:00,3900.0,3900.0,3900.0,3900.0,0,0.0,0.0
2024-05-27 09:00:00+09:00,3890.0,3940.0,3890.0,3940.0,600,0.0,0.0
2024-05-27 11:00:00+09:00,3940.0,3940.0,3940.0,3940.0,0,0.0,0.0
2024-05-27 14:00:00+09:00,3960.0,4000.0,3955.0,3955.0,1200,0.0,0.0
2024-05-28 13:00:00+09:00,3895.0,3895.0,3895.0,3895.0,100,0.0,0.0
2024-05-30 14:00:00+09:00,3885.0,3885.0,3885.0,3885.0,100,0.0,0.0
2024-06-03 09:00:00+09:00,3910.0,3910.0,3910.0,3910.0,200,0.0,0.0
2024-06-03 11:00:00+09:00,3910.0,3910.0,3910.0,3910.0,0,0.0,0.0
2024-06-03 12:00:00+09:00,3920.0,3920.0,3920.0,3920.0,300,0.0,0.0
2024-06-05 09:00:00+09:00,3970.0,3970.0,3970.0,3970.0,100,0.0,0.0
2024-06-05 11:00:00+09:00,3960.0,3960.0,3960.0,3960.0,0,0.0,0.0
2024-06-07 10:00:00+09:00,3960.0,3960.0,3960.0,3960.0,100,0.0,0.0
2024-06-07 11:00:00+09:00,3960.0,3960.0,3960.0,3960.0,0,0.0,0.0
2024-06-07 12:00:00+09:00,3975.0,3975.0,3975.0,3975.0,200,0.0,0.0
2024-06-07 14:00:00+09:00,3905.0,3905.0,3905.0,3905.0,100,0.0,0.0
2024-06-10 09:00:00+09:00,3920.0,3920.0,3920.0,3920.0,100,0.0,0.0
2024-06-10 11:00:00+09:00,3910.0,3910.0,3910.0,3910.0,0,0.0,0.0
2024-06-10 12:00:00+09:00,3910.0,3910.0,3910.0,3910.0,400,0.0,0.0
2024-06-10 13:00:00+09:00,3945.0,3950.0,3945.0,3950.0,200,0.0,0.0
2024-06-11 13:00:00+09:00,3970.0,3980.0,3970.0,3980.0,200,0.0,0.0
2024-06-12 09:00:00+09:00,3985.0,3985.0,3985.0,3985.0,100,0.0,0.0
2024-06-12 10:00:00+09:00,4055.0,4055.0,4055.0,4055.0,100,0.0,0.0
2024-06-12 11:00:00+09:00,4055.0,4055.0,4055.0,4055.0,0,0.0,0.0
2024-06-13 09:00:00+09:00,4055.0,4055.0,4055.0,4055.0,700,0.0,0.0
2024-06-13 11:00:00+09:00,4055.0,4055.0,4055.0,4055.0,0,0.0,0.0
2024-06-17 09:00:00+09:00,3985.0,3985.0,3915.0,3915.0,200,0.0,0.0
2024-06-17 11:00:00+09:00,3950.0,3950.0,3950.0,3950.0,0,0.0,0.0
2024-06-18 09:00:00+09:00,4030.0,4030.0,4030.0,4030.0,100,0.0,0.0
2024-06-18 11:00:00+09:00,4030.0,4030.0,4030.0,4030.0,0,0.0,0.0
2024-06-19 11:00:00+09:00,4030.0,4030.0,4030.0,4030.0,200,0.0,0.0
2024-06-19 12:00:00+09:00,4030.0,4030.0,4030.0,4030.0,300,0.0,0.0
2024-06-19 14:00:00+09:00,4000.0,4000.0,4000.0,4000.0,100,0.0,0.0
2024-06-20 12:00:00+09:00,3980.0,3980.0,3955.0,3955.0,200,0.0,0.0
2024-06-24 09:00:00+09:00,3970.0,3970.0,3970.0,3970.0,0,0.0,0.0
2024-06-24 11:00:00+09:00,3970.0,3970.0,3970.0,3970.0,0,0.0,0.0
2024-06-25 09:00:00+09:00,3965.0,3970.0,3965.0,3970.0,200,0.0,0.0
2024-06-25 11:00:00+09:00,3995.0,3995.0,3995.0,3995.0,0,0.0,0.0
2024-06-27 09:00:00+09:00,3995.0,4045.0,3995.0,4045.0,300,0.0,0.0
2024-06-27 11:00:00+09:00,4045.0,4045.0,4045.0,4045.0,0,0.0,0.0
2024-06-28 09:00:00+09:00,4045.0,4045.0,4045.0,4045.0,100,0.0,0.0
2024-06-28 11:00:00+09:00,4040.0,4040.0,4040.0,4040.0,0,0.0,0.0
2024-07-02 09:00:00+09:00,4040.0,4040.0,4040.0,4040.0,100,0.0,0.0
2024-07-02 11:00:00+09:00,4040.0,4040.0,4040.0,4040.0,0,0.0,0.0
2024-07-02 12:00:00+09:00,3975.0,3975.0,3975.0,3975.0,300,0.0,0.0
2024-07-03 09:00:00+09:00,4005.0,4005.0,4005.0,4005.0,200,0.0,0.0
2024-07-03 11:00:00+09:00,4035.0,4035.0,4035.0,4035.0,0,0.0,0.0
2024-07-04 09:00:00+09:00,4040.0,4040.0,4040.0,4040.0,200,0.0,0.0
2024-07-04 11:00:00+09:00,4040.0,4040.0,4040.0,4040.0,0,0.0,0.0
2024-07-05 09:00:00+09:00,4040.0,4040.0,4040.0,4040.0,100,0.0,0.0
2024-07-05 11:00:00+09:00,4040.0,4040.0,4040.0,4040.0,0,0.0,0.0
2024-07-05 14:00:00+09:00,4040.0,4040.0,4040.0,4040.0,200,0.0,0.0
2024-07-08 09:00:00+09:00,4025.0,4025.0,4025.0,4025.0,100,0.0,0.0
2024-07-08 11:00:00+09:00,4035.0,4035.0,4035.0,4035.0,0,0.0,0.0
2024-07-09 12:00:00+09:00,3980.0,3980.0,3980.0,3980.0,0,0.0,0.0
2024-07-11 10:00:00+09:00,4010.0,4010.0,4010.0,4010.0,300,0.0,0.0
2024-07-11 11:00:00+09:00,4010.0,4010.0,4010.0,4010.0,0,0.0,0.0
2024-07-12 09:00:00+09:00,4050.0,4050.0,4035.0,4035.0,200,0.0,0.0
2024-07-12 10:00:00+09:00,4010.0,4010.0,4010.0,4010.0,100,0.0,0.0
2024-07-12 11:00:00+09:00,4010.0,4010.0,4010.0,4010.0,0,0.0,0.0
2024-07-16 09:00:00+09:00,4010.0,4010.0,4010.0,4010.0,100,0.0,0.0
2024-07-16 10:00:00+09:00,4010.0,4010.0,4010.0,4010.0,100,0.0,0.0
2024-07-16 11:00:00+09:00,4010.0,4010.0,4010.0,4010.0,0,0.0,0.0
2024-07-17 09:00:00+09:00,4010.0,4010.0,4010.0,4010.0,100,0.0,0.0
2024-07-17 11:00:00+09:00,4010.0,4010.0,4010.0,4010.0,0,0.0,0.0
2024-07-18 09:00:00+09:00,4010.0,4010.0,4010.0,4010.0,100,0.0,0.0
2024-07-18 11:00:00+09:00,4010.0,4010.0,4010.0,4010.0,0,0.0,0.0
2024-07-18 12:00:00+09:00,4020.0,4020.0,4020.0,4020.0,200,0.0,0.0
2024-07-18 14:00:00+09:00,4015.0,4015.0,3885.0,3885.0,1000,0.0,0.0
2024-07-25 10:00:00+09:00,4000.0,4000.0,4000.0,4000.0,100,0.0,0.0
2024-07-25 11:00:00+09:00,4000.0,4000.0,4000.0,4000.0,0,0.0,0.0
2024-07-25 13:00:00+09:00,3930.0,3930.0,3930.0,3930.0,200,0.0,0.0
2024-07-25 14:00:00+09:00,3935.0,3935.0,3935.0,3935.0,100,0.0,0.0
2024-07-26 09:00:00+09:00,3940.0,3940.0,3940.0,3940.0,100,0.0,0.0
2024-07-26 11:00:00+09:00,3940.0,3940.0,3940.0,3940.0,0,0.0,0.0
2024-07-29 13:00:00+09:00,3950.0,3950.0,3950.0,3950.0,100,0.0,0.0
2024-07-30 10:00:00+09:00,3950.0,3950.0,3950.0,3950.0,200,0.0,0.0
2024-07-30 11:00:00+09:00,3950.0,3950.0,3950.0,3950.0,0,0.0,0.0
2024-08-01 11:00:00+09:00,3950.0,3950.0,3950.0,3950.0,100,0.0,0.0
2024-08-02 09:00:00+09:00,3950.0,3950.0,3870.0,3870.0,500,0.0,0.0
2024-08-02 10:00:00+09:00,3810.0,3810.0,3695.0,3695.0,800,0.0,0.0
2024-08-02 11:00:00+09:00,3765.0,3765.0,3765.0,3765.0,0,0.0,0.0
2024-08-02 13:00:00+09:00,3720.0,3720.0,3720.0,3720.0,1500,0.0,0.0
2024-08-02 14:00:00+09:00,3725.0,3725.0,3715.0,3715.0,400,0.0,0.0
2024-08-05 09:00:00+09:00,3715.0,3875.0,3645.0,3645.0,600,0.0,0.0
2024-08-05 10:00:00+09:00,3645.0,3645.0,3645.0,3645.0,100,0.0,0.0
2024-08-05 11:00:00+09:00,3640.0,3640.0,3640.0,3640.0,0,0.0,0.0
2024-08-05 13:00:00+09:00,3585.0,3585.0,3430.0,3430.0,1400,0.0,0.0
2024-08-05 14:00:00+09:00,3440.0,3440.0,3430.0,3430.0,300,0.0,0.0
2024-08-06 09:00:00+09:00,3510.0,3560.0,3510.0,3560.0,200,0.0,0.0
2024-08-06 10:00:00+09:00,3530.0,3530.0,3500.0,3500.0,200,0.0,0.0
2024-08-06 11:00:00+09:00,3500.0,3500.0,3500.0,3500.0,0,0.0,0.0
2024-08-06 12:00:00+09:00,3440.0,3440.0,3440.0,3440.0,800,0.0,0.0
2024-08-07 09:00:00+09:00,3580.0,3580.0,3580.0,3580.0,100,0.0,0.0
2024-08-07 11:00:00+09:00,3630.0,3630.0,3630.0,3630.0,0,0.0,0.0
2024-08-07 13:00:00+09:00,3600.0,3600.0,3600.0,3600.0,300,0.0,0.0
2024-08-07 14:00:00+09:00,3625.0,3625.0,3600.0,3600.0,200,0.0,0.0
2024-08-08 09:00:00+09:00,3465.0,3465.0,3465.0,3465.0,300,0.0,0.0
2024-08-08 11:00:00+09:00,3465.0,3465.0,3465.0,3465.0,0,0.0,0.0
2024-08-09 09:00:00+09:00,3605.0,3605.0,3600.0,3600.0,200,0.0,0.0
2024-08-09 10:00:00+09:00,3590.0,3590.0,3590.0,3590.0,100,0.0,0.0
2024-08-09 11:00:00+09:00,3590.0,3590.0,3590.0,3590.0,0,0.0,0.0
2024-08-13 09:00:00+09:00,3590.0,3590.0,3510.0,3510.0,400,0.0,0.0
2024-08-13 11:00:00+09:00,3510.0,3510.0,3510.0,3510.0,0,0.0,0.0
2024-08-13 14:00:00+09:00,3505.0,3600.0,3505.0,3600.0,700,0.0,0.0
2024-08-14 09:00:00+09:00,3590.0,3600.0,3560.0,3560.0,600,0.0,0.0
2024-08-14 11:00:00+09:00,3570.0,3570.0,3555.0,3555.0,0,0.0,0.0
2024-08-14 12:00:00+09:00,3550.0,3550.0,3550.0,3550.0,1200,0.0,0.0
2024-08-15 09:00:00+09:00,3550.0,3550.0,3525.0,3525.0,200,0.0,0.0
2024-08-15 10:00:00+09:00,3510.0,3510.0,3510.0,3510.0,100,0.0,0.0
2024-08-15 11:00:00+09:00,3510.0,3510.0,3510.0,3510.0,0,0.0,0.0
2024-08-15 12:00:00+09:00,3570.0,3580.0,3570.0,3580.0,500,0.0,0.0
2024-08-15 14:00:00+09:00,3580.0,3580.0,3580.0,3580.0,100,0.0,0.0
2024-08-16 13:00:00+09:00,3650.0,3650.0,3595.0,3595.0,200,0.0,0.0
2024-08-16 14:00:00+09:00,3590.0,3595.0,3590.0,3595.0,400,0.0,0.0
2024-08-19 09:00:00+09:00,3665.0,3805.0,3665.0,3805.0,200,0.0,0.0
2024-08-19 10:00:00+09:00,3780.0,3785.0,3780.0,3785.0,300,0.0,0.0
2024-08-19 11:00:00+09:00,3740.0,3740.0,3740.0,3740.0,0,0.0,0.0
2024-08-19 12:00:00+09:00,3740.0,3740.0,3740.0,3740.0,700,0.0,0.0
2024-08-19 13:00:00+09:00,3785.0,3785.0,3785.0,3785.0,100,0.0,0.0
2024-08-19 14:00:00+09:00,3745.0,3745.0,3700.0,3700.0,200,0.0,0.0
2024-08-20 09:00:00+09:00,3700.0,3700.0,3700.0,3700.0,100,0.0,0.0
2024-08-20 11:00:00+09:00,3700.0,3700.0,3700.0,3700.0,0,0.0,0.0
2024-08-20 12:00:00+09:00,3630.0,3630.0,3630.0,3630.0,200,0.0,0.0
2024-08-21 09:00:00+09:00,3700.0,3700.0,3700.0,3700.0,100,0.0,0.0
2024-08-21 11:00:00+09:00,3700.0,3700.0,3700.0,3700.0,0,0.0,0.0
2024-08-27 11:00:00+09:00,3710.0,3710.0,3700.0,3700.0,200,0.0,0.0
2024-08-27 12:00:00+09:00,3700.0,3700.0,3700.0,3700.0,600,0.0,0.0
2024-08-28 11:00:00+09:00,3700.0,3700.0,3700.0,3700.0,100,0.0,0.0
2024-08-29 09:00:00+09:00,3700.0,3700.0,3700.0,3700.0,100,0.0,0.0
2024-08-29 11:00:00+09:00,3700.0,3700.0,3700.0,3700.0,0,0.0,0.0
2024-08-29 12:00:00+09:00,3665.0,3665.0,3665.0,3665.0,200,0.0,0.0
2024-08-30 09:00:00+09:00,3710.0,3710.0,3665.0,3665.0,300,0.0,0.0
2024-08-30 11:00:00+09:00,3735.0,3735.0,3735.0,3735.0,0,0.0,0.0
2024-08-30 12:00:00+09:00,3700.0,3700.0,3700.0,3700.0,500,0.0,0.0
2024-09-02 12:00:00+09:00,3875.0,3875.0,3875.0,3875.0,100,0.0,0.0
2024-09-02 14:00:00+09:00,3835.0,3835.0,3835.0,3835.0,100,0.0,0.0
2024-09-05 09:00:00+09:00,3820.0,3820.0,3820.0,3820.0,100,0.0,0.0
2024-09-05 11:00:00+09:00,3800.0,3800.0,3800.0,3800.0,0,0.0,0.0
2024-09-12 09:00:00+09:00,3680.0,3680.0,3655.0,3655.0,200,0.0,0.0
2024-09-12 11:00:00+09:00,3655.0,3655.0,3655.0,3655.0,0,0.0,0.0
2024-09-12 12:00:00+09:00,3665.0,3695.0,3665.0,3695.0,400,0.0,0.0
2024-09-13 09:00:00+09:00,3670.0,3670.0,3670.0,3670.0,100,0.0,0.0
2024-09-13 11:00:00+09:00,3670.0,3670.0,3670.0,3670.0,0,0.0,0.0
