Datetime,Open,High,Low,Close,Volume,Dividends,Stock Splits
2022-08-04 09:30:00-04:00,0.9089000225067139,0.9449999928474426,0.9089000225067139,0.9351000189781189,18509,0.0,0.0
2022-08-04 10:30:00-04:00,0.9351000189781189,0.9509999752044678,0.9350000023841858,0.9480000138282776,28932,0.0,0.0
2022-08-04 11:30:00-04:00,0.9470000267028809,0.9599000215530396,0.9399999976158142,0.9599000215530396,21992,0.0,0.0
2022-08-04 12:30:00-04:00,0.9599999785423279,0.9599999785423279,0.9502000212669373,0.9599000215530396,15332,0.0,0.0
2022-08-04 13:30:00-04:00,0.9578999876976013,0.9589999914169312,0.9501000046730042,0.9589999914169312,25279,0.0,0.0
2022-08-04 14:30:00-04:00,0.9555000066757202,1.100000023841858,0.9555000066757202,1.0291999578475952,1336278,0.0,0.0
2022-08-04 15:30:00-04:00,1.0295000076293945,1.0499999523162842,0.9900000095367432,1.0,323591,0.0,0.0
2022-08-05 09:30:00-04:00,0.9599999785423279,1.0,0.949999988079071,0.960099995136261,107094,0.0,0.0
2022-08-05 10:30:00-04:00,0.9836999773979187,0.9836999773979187,0.9550999999046326,0.9635009765625,77387,0.0,0.0
2022-08-05 11:30:00-04:00,0.9571009874343872,0.9700000286102295,0.9330000281333923,0.9595999717712402,71970,0.0,0.0
2022-08-05 12:30:00-04:00,0.9502999782562256,0.9646999835968018,0.9300000071525574,0.9451000094413757,26270,0.0,0.0
2022-08-05 13:30:00-04:00,0.9451000094413757,1.0099999904632568,0.9399999976158142,1.006600022315979,264746,0.0,0.0
2022-08-05 14:30:00-04:00,1.000100016593933,1.0015000104904175,0.949999988079071,0.9524000287055969,180707,0.0,0.0
2022-08-05 15:30:00-04:00,0.9555490016937256,0.9810000061988831,0.949999988079071,0.963699996471405,48641,0.0,0.0
2022-08-08 09:30:00-04:00,0.949999988079071,0.9965000152587891,0.9399999976158142,0.9965000152587891,128632,0.0,0.0
2022-08-08 10:30:00-04:00,0.9649999737739563,1.0,0.9649999737739563,0.9968000054359436,45594,0.0,0.0
2022-08-08 11:30:00-04:00,0.9998999834060669,1.0,0.9649999737739563,0.9700000286102295,51371,0.0,0.0
2022-08-08 12:30:00-04:00,0.9900000095367432,0.9900000095367432,0.9602010250091553,0.9819999933242798,60695,0.0,0.0
2022-08-08 13:30:00-04:00,0.9781000018119812,0.9900000095367432,0.9599999785423279,0.9649999737739563,32961,0.0,0.0
2022-08-08 14:30:00-04:00,0.9700000286102295,0.9898999929428101,0.9611999988555908,0.989799976348877,7038,0.0,0.0
2022-08-08 15:30:00-04:00,0.9800000190734863,0.9898999929428101,0.9611999988555908,0.963100016117096,60631,0.0,0.0
2022-08-09 09:30:00-04:00,0.9800000190734863,1.0,0.9552000164985657,0.9552000164985657,114558,0.0,0.0
2022-08-09 10:30:00-04:00,0.9600009918212891,0.9886999726295471,0.9555000066757202,0.9599999785423279,11830,0.0,0.0
2022-08-09 11:30:00-04:00,0.960099995136261,0.9699000120162964,0.9555000066757202,0.9617000222206116,17836,0.0,0.0
2022-08-09 12:30:00-04:00,0.9553009867668152,0.9679999947547913,0.955299973487854,0.96670001745224,9134,0.0,0.0
2022-08-09 13:30:00-04:00,0.96670001745224,0.9850000143051147,0.955299973487854,0.9700000286102295,36099,0.0,0.0
2022-08-09 14:30:00-04:00,0.9700000286102295,0.9797999858856201,0.9502999782562256,0.9782999753952026,68265,0.0,0.0
2022-08-09 15:30:00-04:00,0.9776999950408936,0.9776999950408936,0.9567999839782715,0.9771999716758728,11798,0.0,0.0
2022-08-10 09:30:00-04:00,0.9700000286102295,0.9700000286102295,0.9395989775657654,0.9449999928474426,69533,0.0,0.0
2022-08-10 10:30:00-04:00,0.9664000272750854,0.9800000190734863,0.9466000199317932,0.9466000199317932,16377,0.0,0.0
2022-08-10 11:30:00-04:00,0.95899897813797,0.9700000286102295,0.9480000138282776,0.9700000286102295,16824,0.0,0.0
2022-08-10 12:30:00-04:00,0.9700000286102295,1.0299999713897705,0.9699000120162964,1.0099999904632568,95929,0.0,0.0
2022-08-10 13:30:00-04:00,1.01010000705719,1.0499999523162842,0.9505000114440918,1.0099999904632568,153251,0.0,0.0
2022-08-10 14:30:00-04:00,1.0099999904632568,1.0299999713897705,1.0099999904632568,1.0199999809265137,49365,0.0,0.0
2022-08-10 15:30:00-04:00,1.0217000246047974,1.0299999713897705,1.0149999856948853,1.0199999809265137,6536,0.0,0.0
2022-08-11 09:30:00-04:00,1.0099999904632568,1.0199999809265137,0.9702000021934509,1.0199999809265137,98959,0.0,0.0
2022-08-11 10:30:00-04:00,1.0099999904632568,1.0299999713897705,0.9900000095367432,1.0,20251,0.0,0.0
2022-08-11 11:30:00-04:00,0.9800000190734863,1.0299999713897705,0.9800000190734863,1.0299999713897705,34359,0.0,0.0
2022-08-11 12:30:00-04:00,1.0299999713897705,1.059999942779541,1.024999976158142,1.059999942779541,83001,0.0,0.0
2022-08-11 13:30:00-04:00,1.059999942779541,1.059999942779541,1.0,1.0099999904632568,68439,0.0,0.0
2022-08-11 14:30:00-04:00,1.0,1.0499999523162842,1.0,1.0299999713897705,42398,0.0,0.0
2022-08-11 15:30:00-04:00,1.0299999713897705,1.0299999713897705,1.0199999809265137,1.0299999713897705,30157,0.0,0.0
2022-08-12 09:30:00-04:00,1.0,1.0399999618530273,0.9800000190734863,1.0299999713897705,30605,0.0,0.0
2022-08-12 10:30:00-04:00,1.0299999713897705,1.0399999618530273,0.9901000261306763,1.0299999713897705,4148,0.0,0.0
2022-08-12 11:30:00-04:00,1.0399999618530273,1.0399999618530273,1.0199999809265137,1.0399999618530273,14179,0.0,0.0
2022-08-12 12:30:00-04:00,1.0299999713897705,1.0499999523162842,1.0299999713897705,1.0399999618530273,46163,0.0,0.0
2022-08-12 13:30:00-04:00,1.0449999570846558,1.0499999523162842,1.0399999618530273,1.0499999523162842,24086,0.0,0.0
2022-08-12 14:30:00-04:00,1.0449999570846558,1.059999942779541,1.0399999618530273,1.0499999523162842,16874,0.0,0.0
2022-08-12 15:30:00-04:00,1.0449999570846558,1.0499999523162842,1.0099999904632568,1.0499999523162842,73770,0.0,0.0
2022-08-15 09:30:00-04:00,1.0,1.0399999618530273,0.9904999732971191,1.0399999618530273,40903,0.0,0.0
2022-08-15 10:30:00-04:00,1.0499999523162842,1.059999942779541,1.0399999618530273,1.059999942779541,62317,0.0,0.0
2022-08-15 11:30:00-04:00,1.059999942779541,1.059999942779541,1.0405000448226929,1.0499000549316406,12029,0.0,0.0
2022-08-15 12:30:00-04:00,1.0434000492095947,1.0499999523162842,1.0399999618530273,1.0499999523162842,27170,0.0,0.0
2022-08-15 13:30:00-04:00,1.0499999523162842,1.0499999523162842,1.0400999784469604,1.0499999523162842,6979,0.0,0.0
2022-08-15 14:30:00-04:00,1.0499999523162842,1.059999942779541,1.0300999879837036,1.059999942779541,41804,0.0,0.0
2022-08-15 15:30:00-04:00,1.059999942779541,1.059999942779541,1.0399999618530273,1.0499999523162842,20110,0.0,0.0
2022-08-16 09:30:00-04:00,1.059999942779541,1.0700000524520874,1.0299999713897705,1.0700000524520874,87765,0.0,0.0
2022-08-16 10:30:00-04:00,1.0700000524520874,1.0928000211715698,1.059999942779541,1.0850000381469727,63609,0.0,0.0
2022-08-16 11:30:00-04:00,1.0801000595092773,1.090000033378601,1.0499999523162842,1.073799967765808,73881,0.0,0.0
2022-08-16 12:30:00-04:00,1.0850000381469727,1.100000023841858,1.0700000524520874,1.0907000303268433,78616,0.0,0.0
2022-08-16 13:30:00-04:00,1.100000023841858,1.100000023841858,1.070099949836731,1.090000033378601,84852,0.0,0.0
2022-08-16 14:30:00-04:00,1.100000023841858,1.100000023841858,1.090000033378601,1.0950000286102295,35652,0.0,0.0
2022-08-16 15:30:00-04:00,1.0901000499725342,1.100000023841858,1.059999942779541,1.090000033378601,50958,0.0,0.0
2022-08-17 09:30:00-04:00,1.0700000524520874,1.100000023841858,1.0399999618530273,1.090000033378601,190526,0.0,0.0
2022-08-17 10:30:00-04:00,1.100000023841858,1.25,1.0999000072479248,1.2062000036239624,1635947,0.0,0.0
2022-08-17 11:30:00-04:00,1.208400011062622,1.2300000190734863,1.2000000476837158,1.2100000381469727,397528,0.0,0.0
2022-08-17 12:30:00-04:00,1.2100000381469727,1.2383999824523926,1.2050000429153442,1.2300000190734863,200345,0.0,0.0
2022-08-17 13:30:00-04:00,1.2200000286102295,1.2799999713897705,1.2101000547409058,1.249500036239624,379729,0.0,0.0
2022-08-17 14:30:00-04:00,1.25,1.25,1.1799999475479126,1.2000000476837158,300013,0.0,0.0
2022-08-17 15:30:00-04:00,1.1900999546051025,1.2000000476837158,1.159999966621399,1.1605000495910645,125211,0.0,0.0
2022-08-18 09:30:00-04:00,1.190000057220459,1.2699999809265137,1.1761000156402588,1.212399959564209,318445,0.0,0.0
2022-08-18 10:30:00-04:00,1.2181999683380127,1.2200000286102295,1.149999976158142,1.1699999570846558,148468,0.0,0.0
2022-08-18 11:30:00-04:00,1.1700999736785889,1.2000000476837158,1.159999966621399,1.159999966621399,106868,0.0,0.0
2022-08-18 12:30:00-04:00,1.1878999471664429,1.1878999471664429,1.1100000143051147,1.1299999952316284,94517,0.0,0.0
2022-08-18 13:30:00-04:00,1.1399999856948853,1.159999966621399,1.1299999952316284,1.159999966621399,96541,0.0,0.0
2022-08-18 14:30:00-04:00,1.159999966621399,1.2000000476837158,1.1549999713897705,1.190000057220459,67985,0.0,0.0
2022-08-18 15:30:00-04:00,1.190000057220459,1.190000057220459,1.1699999570846558,1.184999942779541,45765,0.0,0.0
2022-08-19 09:30:00-04:00,1.159999966621399,1.1799999475479126,1.1299999952316284,1.149999976158142,79507,0.0,0.0
2022-08-19 10:30:00-04:00,1.1449999809265137,1.149999976158142,1.1200000047683716,1.1200000047683716,59129,0.0,0.0
2022-08-19 11:30:00-04:00,1.1299999952316284,1.1299999952316284,1.059999942779541,1.0850000381469727,120628,0.0,0.0
2022-08-19 12:30:00-04:00,1.0850000381469727,1.1098999977111816,1.0800000429153442,1.090000033378601,40788,0.0,0.0
2022-08-19 13:30:00-04:00,1.090000033378601,1.100000023841858,1.0800000429153442,1.0801000595092773,36906,0.0,0.0
2022-08-19 14:30:00-04:00,1.0859999656677246,1.089900016784668,1.0199999809265137,1.0199999809265137,156070,0.0,0.0
2022-08-19 15:30:00-04:00,1.024999976158142,1.034999966621399,1.0199999809265137,1.034999966621399,41248,0.0,0.0
2022-08-22 09:30:00-04:00,1.0199999809265137,1.0592000484466553,0.960099995136261,0.9603000283241272,179463,0.0,0.0
2022-08-22 10:30:00-04:00,0.9602000117301941,0.9699000120162964,0.9399999976158142,0.9401000142097473,77201,0.0,0.0
2022-08-22 11:30:00-04:00,0.9401000142097473,0.9689990282058716,0.9399999976158142,0.9689990282058716,77727,0.0,0.0
2022-08-22 12:30:00-04:00,0.968999981880188,0.9700000286102295,0.968999981880188,0.9690499901771545,18003,0.0,0.0
2022-08-22 13:30:00-04:00,0.9690499901771545,0.9700000286102295,0.9599999785423279,0.9601500034332275,44984,0.0,0.0
2022-08-22 14:30:00-04:00,0.9601500034332275,0.9649999737739563,0.9599999785423279,0.9600009918212891,32829,0.0,0.0
2022-08-22 15:30:00-04:00,0.9599999785423279,0.9700000286102295,0.9549999833106995,0.9700000286102295,67918,0.0,0.0
2022-08-23 09:30:00-04:00,1.0199999809265137,1.0199999809265137,0.9601010084152222,0.9699000120162964,88363,0.0,0.0
2022-08-23 10:30:00-04:00,0.9699000120162964,0.9896000027656555,0.9692000150680542,0.9702000021934509,17882,0.0,0.0
2022-08-23 11:30:00-04:00,0.9890000224113464,0.9890000224113464,0.968999981880188,0.968999981880188,33309,0.0,0.0
2022-08-23 12:30:00-04:00,0.968999981880188,0.9692000150680542,0.9399999976158142,0.9509999752044678,70555,0.0,0.0
2022-08-23 13:30:00-04:00,0.9509999752044678,0.9815999865531921,0.9449999928474426,0.9477999806404114,47991,0.0,0.0
2022-08-23 14:30:00-04:00,0.9477999806404114,0.9998999834060669,0.9309999942779541,0.9406999945640564,216835,0.0,0.0
2022-08-23 15:30:00-04:00,0.9407010078430176,0.9599999785423279,0.921999990940094,0.9300000071525574,78724,0.0,0.0
2022-08-24 09:30:00-04:00,0.9549000263214111,0.9800000190734863,0.9300000071525574,0.9684000015258789,109102,0.0,0.0
2022-08-24 10:30:00-04:00,0.9399999976158142,0.9605000019073486,0.9300000071525574,0.9453499913215637,34666,0.0,0.0
2022-08-24 11:30:00-04:00,0.9350000023841858,0.9674999713897705,0.9302999973297119,0.9456999897956848,32016,0.0,0.0
2022-08-24 12:30:00-04:00,0.9455999732017517,0.9664000272750854,0.9440000057220459,0.9545000195503235,15655,0.0,0.0
2022-08-24 13:30:00-04:00,0.9440000057220459,0.960099995136261,0.9337999820709229,0.949999988079071,30367,0.0,0.0
2022-08-24 14:30:00-04:00,0.9609500169754028,0.9649999737739563,0.9300000071525574,0.9599990248680115,58104,0.0,0.0
2022-08-24 15:30:00-04:00,0.9599999785423279,0.9674999713897705,0.9300000071525574,0.9609000086784363,56019,0.0,0.0
2022-08-25 09:30:00-04:00,0.9700000286102295,0.9700000286102295,0.9210000038146973,0.92330002784729,124393,0.0,0.0
2022-08-25 10:30:00-04:00,0.9210000038146973,0.9395989775657654,0.9200999736785889,0.9225000143051147,63635,0.0,0.0
2022-08-25 11:30:00-04:00,0.921999990940094,0.9300000071525574,0.9200000166893005,0.9200000166893005,34694,0.0,0.0
2022-08-25 12:30:00-04:00,0.9298999905586243,0.949999988079071,0.9200000166893005,0.9300000071525574,29786,0.0,0.0
2022-08-25 13:30:00-04:00,0.9300000071525574,0.9397990107536316,0.925000011920929,0.925000011920929,27960,0.0,0.0
2022-08-25 14:30:00-04:00,0.9298999905586243,0.9448000192642212,0.925000011920929,0.925000011920929,35453,0.0,0.0
2022-08-25 15:30:00-04:00,0.9361500144004822,0.949999988079071,0.9300000071525574,0.9472000002861023,37689,0.0,0.0
2022-08-26 09:30:00-04:00,0.9465000033378601,0.9700000286102295,0.9307000041007996,0.9394959807395935,60138,0.0,0.0
2022-08-26 10:30:00-04:00,0.9310100078582764,0.9448999762535095,0.9200000166893005,0.9212999939918518,42583,0.0,0.0
2022-08-26 11:30:00-04:00,0.920009970664978,0.9212999939918518,0.9200000166893005,0.9211999773979187,20678,0.0,0.0
2022-08-26 12:30:00-04:00,0.9211999773979187,0.9345999956130981,0.9200000166893005,0.932200014591217,17619,0.0,0.0
2022-08-26 13:30:00-04:00,0.9251009821891785,0.9348999857902527,0.9239000082015991,0.9261000156402588,24021,0.0,0.0
2022-08-26 14:30:00-04:00,0.9333999752998352,0.9408000111579895,0.9259999990463257,0.9408000111579895,18927,0.0,0.0
2022-08-26 15:30:00-04:00,0.9327999949455261,0.9408000111579895,0.9259999990463257,0.9408000111579895,29820,0.0,0.0
2022-08-29 09:30:00-04:00,0.9203000068664551,0.9399999976158142,0.9200000166893005,0.9399999976158142,38800,0.0,0.0
2022-08-29 10:30:00-04:00,0.9399999976158142,0.968500018119812,0.9272000193595886,0.9678000211715698,40178,0.0,0.0
2022-08-29 11:30:00-04:00,0.9659000039100647,0.9700000286102295,0.9599999785423279,0.9632999897003174,16866,0.0,0.0
2022-08-29 12:30:00-04:00,0.9632499814033508,0.9990000128746033,0.9581999778747559,0.9850000143051147,70707,0.0,0.0
2022-08-29 13:30:00-04:00,0.9850000143051147,0.9940000176429749,0.9556000232696533,0.9800000190734863,20911,0.0,0.0
2022-08-29 14:30:00-04:00,0.9939000010490417,0.9940000176429749,0.9570000171661377,0.9829999804496765,18112,0.0,0.0
2022-08-29 15:30:00-04:00,0.9898999929428101,0.9898999929428101,0.9549999833106995,0.9549999833106995,19986,0.0,0.0
2022-08-30 09:30:00-04:00,0.949999988079071,0.9900000095367432,0.949999988079071,0.9571999907493591,14749,0.0,0.0
2022-08-30 10:30:00-04:00,0.9654769897460938,0.9735999703407288,0.9321010112762451,0.9549000263214111,23533,0.0,0.0
2022-08-30 11:30:00-04:00,0.9399999976158142,0.9696000218391418,0.9300000071525574,0.9498000144958496,16542,0.0,0.0
2022-08-30 12:30:00-04:00,0.9700000286102295,0.9700000286102295,0.9399999976158142,0.942101001739502,3955,0.0,0.0
2022-08-30 13:30:00-04:00,0.9419999718666077,0.9699000120162964,0.9301999807357788,0.9699000120162964,12679,0.0,0.0
2022-08-30 14:30:00-04:00,0.9699000120162964,0.9699000120162964,0.9571999907493591,0.9699000120162964,1548,0.0,0.0
2022-08-30 15:30:00-04:00,0.9699000120162964,0.9699000120162964,0.9350000023841858,0.9350000023841858,10755,0.0,0.0
2022-08-31 09:30:00-04:00,0.9399999976158142,0.9399999976158142,0.9225000143051147,0.9388999938964844,93932,0.0,0.0
2022-08-31 10:30:00-04:00,0.9397000074386597,0.9397000074386597,0.8999999761581421,0.9269000291824341,63719,0.0,0.0
2022-08-31 11:30:00-04:00,0.92010098695755,0.9268990159034729,0.9002000093460083,0.910099983215332,11387,0.0,0.0
2022-08-31 12:30:00-04:00,0.9247999787330627,0.9247999787330627,0.9039999842643738,0.9039999842643738,26628,0.0,0.0
2022-08-31 13:30:00-04:00,0.9041000008583069,0.9240000247955322,0.8999999761581421,0.8999999761581421,102734,0.0,0.0
2022-08-31 14:30:00-04:00,0.8999999761581421,0.9200000166893005,0.8851000070571899,0.8999999761581421,115896,0.0,0.0
2022-08-31 15:30:00-04:00,0.9098989963531494,0.925000011920929,0.9041000008583069,0.9149489998817444,26192,0.0,0.0
2022-09-01 09:30:00-04:00,0.9125999808311462,0.933899998664856,0.8899999856948853,0.9027000069618225,11676,0.0,0.0
2022-09-01 10:30:00-04:00,0.8959000110626221,0.8999999761581421,0.8849999904632568,0.8998000025749207,69960,0.0,0.0
2022-09-01 11:30:00-04:00,0.8958500027656555,0.8999999761581421,0.8917999863624573,0.8999999761581421,20597,0.0,0.0
2022-09-01 12:30:00-04:00,0.8999999761581421,0.9300000071525574,0.8983749747276306,0.9297999739646912,39211,0.0,0.0
2022-09-01 13:30:00-04:00,0.9298999905586243,0.949999988079071,0.9244999885559082,0.9419500231742859,37193,0.0,0.0
2022-09-01 14:30:00-04:00,0.9469000101089478,0.9469000101089478,0.9248499870300293,0.9279999732971191,35125,0.0,0.0
2022-09-01 15:30:00-04:00,0.9300000071525574,0.9549999833106995,0.9245499968528748,0.9549999833106995,61103,0.0,0.0
2022-09-02 09:30:00-04:00,0.9269000291824341,0.9350000023841858,0.9065999984741211,0.920199990272522,12856,0.0,0.0
2022-09-02 10:30:00-04:00,0.9290000200271606,0.9399999976158142,0.925000011920929,0.9399999976158142,15777,0.0,0.0
2022-09-02 11:30:00-04:00,0.9399999976158142,0.949999988079071,0.9253000020980835,0.932200014591217,7340,0.0,0.0
2022-09-02 12:30:00-04:00,0.9300000071525574,0.9460999965667725,0.9251999855041504,0.9430000185966492,57414,0.0,0.0
2022-09-02 13:30:00-04:00,0.9430000185966492,0.9430000185966492,0.9430000185966492,0.9430000185966492,1657,0.0,0.0
2022-09-02 14:30:00-04:00,0.9428989887237549,0.9588000178337097,0.9271000027656555,0.9580000042915344,9377,0.0,0.0
2022-09-02 15:30:00-04:00,0.9570000171661377,0.9570000171661377,0.936959981918335,0.9556999802589417,4464,0.0,0.0
2022-09-06 09:30:00-04:00,0.968999981880188,0.968999981880188,0.9223009943962097,0.9474999904632568,75043,0.0,0.0
2022-09-06 10:30:00-04:00,0.9475499987602234,0.9900000095367432,0.9475499987602234,0.984749972820282,70117,0.0,0.0
2022-09-06 11:30:00-04:00,0.984749972820282,1.0,0.9840499758720398,0.9965999722480774,57096,0.0,0.0
2022-09-06 12:30:00-04:00,0.9933000206947327,1.0199999809265137,0.9933000206947327,0.9998999834060669,114320,0.0,0.0
2022-09-06 13:30:00-04:00,0.9998999834060669,0.9998999834060669,0.9936000108718872,0.996749997138977,38550,0.0,0.0
2022-09-06 14:30:00-04:00,0.9998999834060669,1.0099999904632568,0.9613000154495239,0.9810000061988831,117719,0.0,0.0
2022-09-06 15:30:00-04:00,0.9848999977111816,1.0099999904632568,0.9801999926567078,0.9839000105857849,42566,0.0,0.0
2022-09-07 09:30:00-04:00,1.0099999904632568,1.0499999523162842,0.9891999959945679,1.0399999618530273,58627,0.0,0.0
2022-09-07 10:30:00-04:00,1.0499999523162842,1.059999942779541,1.0299999713897705,1.059999942779541,43971,0.0,0.0
2022-09-07 11:30:00-04:00,1.059999942779541,1.059999942779541,1.01010000705719,1.0399999618530273,37537,0.0,0.0
2022-09-07 12:30:00-04:00,1.0399999618530273,1.059999942779541,1.0299999713897705,1.059999942779541,30119,0.0,0.0
2022-09-07 13:30:00-04:00,1.059999942779541,1.059999942779541,1.0399999618530273,1.0449999570846558,25890,0.0,0.0
2022-09-07 14:30:00-04:00,1.0499999523162842,1.059999942779541,1.0399999618530273,1.059999942779541,27791,0.0,0.0
2022-09-07 15:30:00-04:00,1.059999942779541,1.059999942779541,1.0399999618530273,1.0499999523162842,40417,0.0,0.0
2022-09-08 09:30:00-04:00,1.0499999523162842,1.100000023841858,1.0299999713897705,1.0800000429153442,69761,0.0,0.0
2022-09-08 10:30:00-04:00,1.0750000476837158,1.0800000429153442,1.0500999689102173,1.0700000524520874,34376,0.0,0.0
2022-09-08 11:30:00-04:00,1.0700000524520874,1.0800000429153442,1.059999942779541,1.0700000524520874,26714,0.0,0.0
2022-09-08 12:30:00-04:00,1.0700000524520874,1.090000033378601,1.059999942779541,1.090000033378601,20998,0.0,0.0
2022-09-08 13:30:00-04:00,1.090000033378601,1.090000033378601,1.0499999523162842,1.0700000524520874,70536,0.0,0.0
2022-09-08 14:30:00-04:00,1.059999942779541,1.090000033378601,1.0199999809265137,1.0750000476837158,44673,0.0,0.0
2022-09-08 15:30:00-04:00,1.0800000429153442,1.0800000429153442,1.0499999523162842,1.059999942779541,24757,0.0,0.0
2022-09-09 09:30:00-04:00,1.0700000524520874,1.090000033378601,1.059999942779541,1.0800000429153442,21867,0.0,0.0
2022-09-09 10:30:00-04:00,1.090000033378601,1.090000033378601,1.059999942779541,1.0700000524520874,37552,0.0,0.0
2022-09-09 11:30:00-04:00,1.0700000524520874,1.0800000429153442,1.0700000524520874,1.0716999769210815,11003,0.0,0.0
2022-09-09 12:30:00-04:00,1.0800000429153442,1.100000023841858,1.0700000524520874,1.0700000524520874,47155,0.0,0.0
2022-09-09 13:30:00-04:00,1.0750000476837158,1.090000033378601,1.0700000524520874,1.0800000429153442,18749,0.0,0.0
2022-09-09 14:30:00-04:00,1.0800000429153442,1.090000033378601,1.0499999523162842,1.0700000524520874,36034,0.0,0.0
2022-09-09 15:30:00-04:00,1.0500999689102173,1.0700000524520874,1.0499999523162842,1.0499999523162842,24355,0.0,0.0
2022-09-12 09:30:00-04:00,1.059999942779541,1.0800000429153442,1.0299999713897705,1.0700000524520874,19874,0.0,0.0
2022-09-12 10:30:00-04:00,1.0700000524520874,1.090000033378601,1.0399999618530273,1.059999942779541,31180,0.0,0.0
2022-09-12 11:30:00-04:00,1.059999942779541,1.0800000429153442,1.0399999618530273,1.059999942779541,27490,0.0,0.0
2022-09-12 12:30:00-04:00,1.059999942779541,1.0700000524520874,1.0499999523162842,1.0499999523162842,16336,0.0,0.0
2022-09-12 13:30:00-04:00,1.059999942779541,1.0800000429153442,1.0499999523162842,1.059999942779541,23937,0.0,0.0
2022-09-12 14:30:00-04:00,1.0700000524520874,1.0800000429153442,1.0299999713897705,1.0499999523162842,47896,0.0,0.0
2022-09-12 15:30:00-04:00,1.0499999523162842,1.0700000524520874,1.0299999713897705,1.059999942779541,32817,0.0,0.0
2022-09-13 09:30:00-04:00,1.0399999618530273,1.059999942779541,1.0200999975204468,1.0399999618530273,43673,0.0,0.0
2022-09-13 10:30:00-04:00,1.059999942779541,1.090000033378601,1.0399999618530273,1.0801000595092773,48374,0.0,0.0
2022-09-13 11:30:00-04:00,1.090000033378601,1.100000023841858,1.0499999523162842,1.0549999475479126,67396,0.0,0.0
2022-09-13 12:30:00-04:00,1.0549999475479126,1.100000023841858,1.0499999523162842,1.090000033378601,44624,0.0,0.0
2022-09-13 13:30:00-04:00,1.090000033378601,1.100000023841858,1.0800000429153442,1.100000023841858,41038,0.0,0.0
2022-09-13 14:30:00-04:00,1.100000023841858,1.100000023841858,1.0839999914169312,1.100000023841858,43965,0.0,0.0
2022-09-13 15:30:00-04:00,1.100000023841858,1.100000023841858,1.0499999523162842,1.0700000524520874,39315,0.0,0.0
2022-09-14 09:30:00-04:00,1.0800000429153442,1.090000033378601,1.0700000524520874,1.090000033378601,39798,0.0,0.0
2022-09-14 10:30:00-04:00,1.090000033378601,1.100000023841858,1.0499999523162842,1.0750000476837158,37142,0.0,0.0
2022-09-14 11:30:00-04:00,1.0800000429153442,1.0800000429153442,1.0499999523162842,1.065000057220459,29031,0.0,0.0
2022-09-14 12:30:00-04:00,1.059999942779541,1.0800000429153442,1.0499999523162842,1.0800000429153442,18385,0.0,0.0
2022-09-14 13:30:00-04:00,1.0800000429153442,1.0800000429153442,1.059999942779541,1.0800000429153442,32309,0.0,0.0
2022-09-14 14:30:00-04:00,1.0800000429153442,1.090000033378601,1.059999942779541,1.0800000429153442,31356,0.0,0.0
2022-09-14 15:30:00-04:00,1.0700000524520874,1.149999976158142,1.059999942779541,1.1299999952316284,185583,0.0,0.0
2022-09-15 09:30:00-04:00,1.1299999952316284,1.2000000476837158,1.1299999952316284,1.2000000476837158,291245,0.0,0.0
2022-09-15 10:30:00-04:00,1.2000000476837158,1.2000000476837158,1.1799999475479126,1.2000000476837158,143138,0.0,0.0
2022-09-15 11:30:00-04:00,1.2000000476837158,1.2300000190734863,1.190000057220459,1.2050000429153442,123297,0.0,0.0
2022-09-15 12:30:00-04:00,1.2100000381469727,1.2100000381469727,1.2000000476837158,1.2100000381469727,37260,0.0,0.0
2022-09-15 13:30:00-04:00,1.2100000381469727,1.2100000381469727,1.190000057220459,1.2000000476837158,40977,0.0,0.0
2022-09-15 14:30:00-04:00,1.190000057220459,1.2100000381469727,1.1799999475479126,1.190000057220459,55303,0.0,0.0
2022-09-15 15:30:00-04:00,1.1799999475479126,1.2599999904632568,1.149999976158142,1.2300000190734863,558808,0.0,0.0
2022-09-16 09:30:00-04:00,1.2300000190734863,1.2300000190734863,1.190000057220459,1.2100000381469727,45568,0.0,0.0
2022-09-16 10:30:00-04:00,1.2050000429153442,1.25,1.2036000490188599,1.25,57519,0.0,0.0
2022-09-16 11:30:00-04:00,1.2599999904632568,1.2899999618530273,1.2400000095367432,1.2894999980926514,130863,0.0,0.0
2022-09-16 12:30:00-04:00,1.2894999980926514,1.2899999618530273,1.2200000286102295,1.2400000095367432,207829,0.0,0.0
2022-09-16 13:30:00-04:00,1.2350000143051147,1.2400000095367432,1.100000023841858,1.1349999904632568,144578,0.0,0.0
2022-09-16 14:30:00-04:00,1.1260000467300415,1.2000000476837158,1.1200000047683716,1.184999942779541,71308,0.0,0.0
2022-09-16 15:30:00-04:00,1.184999942779541,1.2799999713897705,1.1799999475479126,1.2283999919891357,252184,0.0,0.0
2022-09-19 09:30:00-04:00,1.2400000095367432,1.25,1.2200000286102295,1.225000023841858,78442,0.0,0.0
2022-09-19 10:30:00-04:00,1.2208000421524048,1.2400000095367432,1.2200000286102295,1.23989999294281,65358,0.0,0.0
2022-09-19 11:30:00-04:00,1.2300000190734863,1.2400000095367432,1.2200000286102295,1.2300000190734863,72120,0.0,0.0
2022-09-19 12:30:00-04:00,1.2300000190734863,1.2300000190734863,1.2201000452041626,1.2300000190734863,35257,0.0,0.0
2022-09-19 13:30:00-04:00,1.2200000286102295,1.2300000190734863,1.2200000286102295,1.2300000190734863,27444,0.0,0.0
2022-09-19 14:30:00-04:00,1.2300000190734863,1.2300000190734863,1.2200000286102295,1.2273000478744507,134408,0.0,0.0
2022-09-19 15:30:00-04:00,1.2300000190734863,1.3300000429153442,1.1749999523162842,1.3200000524520874,315527,0.0,0.0
2022-09-20 09:30:00-04:00,1.2799999713897705,1.2899999618530273,1.25,1.2699999809265137,69150,0.0,0.0
2022-09-20 10:30:00-04:00,1.2699999809265137,1.309999942779541,1.2599999904632568,1.309999942779541,71100,0.0,0.0
2022-09-20 11:30:00-04:00,1.309999942779541,1.315000057220459,1.294800043106079,1.309999942779541,35355,0.0,0.0
2022-09-20 12:30:00-04:00,1.2999999523162842,1.309999942779541,1.2716000080108643,1.274999976158142,125563,0.0,0.0
2022-09-20 13:30:00-04:00,1.2699999809265137,1.2799999713897705,1.2599999904632568,1.2799999713897705,22958,0.0,0.0
2022-09-20 14:30:00-04:00,1.2799999713897705,1.2899999618530273,1.2699999809265137,1.2899999618530273,52020,0.0,0.0
2022-09-20 15:30:00-04:00,1.2899999618530273,1.350000023841858,1.2799999713897705,1.350000023841858,430112,0.0,0.0
2022-09-21 09:30:00-04:00,1.340000033378601,1.350000023841858,1.2799999713897705,1.340000033378601,135760,0.0,0.0
2022-09-21 10:30:00-04:00,1.3205000162124634,1.340000033378601,1.3200000524520874,1.340000033378601,33405,0.0,0.0
2022-09-21 11:30:00-04:00,1.340000033378601,1.350000023841858,1.3200000524520874,1.3300000429153442,49116,0.0,0.0
2022-09-21 12:30:00-04:00,1.3250000476837158,1.3300000429153442,1.309999942779541,1.3200000524520874,16596,0.0,0.0
2022-09-21 13:30:00-04:00,1.3300000429153442,1.3300000429153442,1.2999999523162842,1.309999942779541,24305,0.0,0.0
2022-09-21 14:30:00-04:00,1.309999942779541,1.3300000429153442,1.2999999523162842,1.322100043296814,34820,0.0,0.0
2022-09-21 15:30:00-04:00,1.3300000429153442,1.3300000429153442,1.2999999523162842,1.3200000524520874,68571,0.0,0.0
2022-09-22 09:30:00-04:00,1.2699999809265137,1.2799999713897705,1.1699999570846558,1.1699999570846558,402186,0.0,0.0
2022-09-22 10:30:00-04:00,1.2000000476837158,1.2200000286102295,1.1799999475479126,1.2000000476837158,61420,0.0,0.0
2022-09-22 11:30:00-04:00,1.2100000381469727,1.2200000286102295,1.1914000511169434,1.2200000286102295,33709,0.0,0.0
2022-09-22 12:30:00-04:00,1.215000033378601,1.2200000286102295,1.2100000381469727,1.215000033378601,18211,0.0,0.0
2022-09-22 13:30:00-04:00,1.215000033378601,1.2199000120162964,1.2000000476837158,1.2050000429153442,30411,0.0,0.0
2022-09-22 14:30:00-04:00,1.2050000429153442,1.2100000381469727,1.1799999475479126,1.190000057220459,64206,0.0,0.0
2022-09-22 15:30:00-04:00,1.190000057220459,1.2000000476837158,1.1799999475479126,1.2000000476837158,65740,0.0,0.0
2022-09-23 09:30:00-04:00,1.1799999475479126,1.1799999475479126,1.1200000047683716,1.125,50830,0.0,0.0
2022-09-23 10:30:00-04:00,1.125,1.1399999856948853,1.1201000213623047,1.1399999856948853,16322,0.0,0.0
2022-09-23 11:30:00-04:00,1.1299999952316284,1.1349999904632568,1.1299999952316284,1.1305999755859375,51096,0.0,0.0
2022-09-23 12:30:00-04:00,1.1349999904632568,1.1349999904632568,1.1101000308990479,1.1150000095367432,77687,0.0,0.0
2022-09-23 13:30:00-04:00,1.1101000308990479,1.1150000095367432,1.059999942779541,1.059999942779541,77012,0.0,0.0
2022-09-23 14:30:00-04:00,1.0699000358581543,1.090000033378601,1.059999942779541,1.090000033378601,65035,0.0,0.0
2022-09-23 15:30:00-04:00,1.0850000381469727,1.090000033378601,1.0800000429153442,1.0850000381469727,27140,0.0,0.0
2022-09-26 09:30:00-04:00,1.090000033378601,1.0980000495910645,1.0499999523162842,1.089400053024292,37837,0.0,0.0
2022-09-26 10:30:00-04:00,1.0850000381469727,1.090000033378601,1.0713000297546387,1.0800000429153442,35532,0.0,0.0
2022-09-26 11:30:00-04:00,1.0750000476837158,1.1100000143051147,1.070099949836731,1.1098999977111816,29404,0.0,0.0
2022-09-26 12:30:00-04:00,1.1098999977111816,1.1399999856948853,1.100000023841858,1.1299999952316284,77173,0.0,0.0
2022-09-26 13:30:00-04:00,1.1399999856948853,1.1399999856948853,1.0913000106811523,1.0950000286102295,31916,0.0,0.0
2022-09-26 14:30:00-04:00,1.0950000286102295,1.100000023841858,1.090000033378601,1.100000023841858,31892,0.0,0.0
2022-09-26 15:30:00-04:00,1.100000023841858,1.100000023841858,1.080299973487854,1.100000023841858,78971,0.0,0.0
2022-09-27 09:30:00-04:00,1.1100000143051147,1.149999976158142,1.090000033378601,1.1110999584197998,38938,0.0,0.0
2022-09-27 10:30:00-04:00,1.1299999952316284,1.1299999952316284,1.100000023841858,1.1100000143051147,10922,0.0,0.0
2022-09-27 11:30:00-04:00,1.1100000143051147,1.1299999952316284,1.100000023841858,1.1200000047683716,42777,0.0,0.0
2022-09-27 12:30:00-04:00,1.1200000047683716,1.1200000047683716,1.100000023841858,1.100100040435791,8023,0.0,0.0
2022-09-27 13:30:00-04:00,1.1200000047683716,1.1200000047683716,1.100100040435791,1.1200000047683716,10427,0.0,0.0
2022-09-27 14:30:00-04:00,1.1200000047683716,1.1349999904632568,1.1100000143051147,1.1150000095367432,35193,0.0,0.0
2022-09-27 15:30:00-04:00,1.1100000143051147,1.1200000047683716,1.100000023841858,1.1200000047683716,42475,0.0,0.0
2022-09-28 09:30:00-04:00,1.2100000381469727,1.3799999952316284,1.1100000143051147,1.149999976158142,4187380,0.0,0.0
2022-09-28 10:30:00-04:00,1.149999976158142,1.1799999475479126,1.1200000047683716,1.1449999809265137,522831,0.0,0.0
2022-09-28 11:30:00-04:00,1.1460000276565552,1.190000057220459,1.1299999952316284,1.1699999570846558,194505,0.0,0.0
2022-09-28 12:30:00-04:00,1.1698999404907227,1.190000057220459,1.1299999952316284,1.179900050163269,148991,0.0,0.0
2022-09-28 13:30:00-04:00,1.1799999475479126,1.1799999475479126,1.149999976158142,1.1500999927520752,75742,0.0,0.0
2022-09-28 14:30:00-04:00,1.1549999713897705,1.1699999570846558,1.1413999795913696,1.159999966621399,90467,0.0,0.0
2022-09-28 15:30:00-04:00,1.1601999998092651,1.190000057220459,1.1549999713897705,1.1799999475479126,134984,0.0,0.0
2022-09-29 09:30:00-04:00,1.1399999856948853,1.1684999465942383,1.0500999689102173,1.100000023841858,489840,0.0,0.0
2022-09-29 10:30:00-04:00,1.1098999977111816,1.1399999856948853,1.100000023841858,1.100000023841858,87450,0.0,0.0
2022-09-29 11:30:00-04:00,1.1200000047683716,1.1200000047683716,1.090000033378601,1.1100000143051147,36454,0.0,0.0
2022-09-29 12:30:00-04:00,1.1100000143051147,1.190000057220459,1.1096999645233154,1.1679999828338623,193578,0.0,0.0
2022-09-29 13:30:00-04:00,1.176800012588501,1.1799999475479126,1.1399999856948853,1.1399999856948853,43195,0.0,0.0
2022-09-29 14:30:00-04:00,1.159999966621399,1.2200000286102295,1.1399999856948853,1.198699951171875,98298,0.0,0.0
2022-09-29 15:30:00-04:00,1.2000000476837158,1.2100000381469727,1.1699999570846558,1.190000057220459,78657,0.0,0.0
2022-09-30 09:30:00-04:00,1.2100000381469727,1.2100000381469727,1.1299999952316284,1.1406999826431274,81452,0.0,0.0
2022-09-30 10:30:00-04:00,1.149399995803833,1.2268999814987183,1.149399995803833,1.2268999814987183,146559,0.0,0.0
2022-09-30 11:30:00-04:00,1.2300000190734863,1.2400000095367432,1.2000000476837158,1.2200000286102295,158075,0.0,0.0
2022-09-30 12:30:00-04:00,1.2200000286102295,1.25,1.2199000120162964,1.2400000095367432,44356,0.0,0.0
2022-09-30 13:30:00-04:00,1.2400000095367432,1.2400000095367432,1.2200000286102295,1.225000023841858,34661,0.0,0.0
2022-09-30 14:30:00-04:00,1.2300000190734863,1.2300000190734863,1.1800999641418457,1.184999942779541,147954,0.0,0.0
2022-09-30 15:30:00-04:00,1.184999942779541,1.190000057220459,1.1699999570846558,1.190000057220459,80661,0.0,0.0
2022-10-03 09:30:00-04:00,1.2100000381469727,1.25,1.1699999570846558,1.25,179961,0.0,0.0
2022-10-03 10:30:00-04:00,1.25,1.25,1.2000000476837158,1.25,71699,0.0,0.0
2022-10-03 11:30:00-04:00,1.25,1.25,1.190000057220459,1.2000000476837158,119181,0.0,0.0
2022-10-03 12:30:00-04:00,1.1950000524520874,1.2200000286102295,1.1902999877929688,1.2200000286102295,29574,0.0,0.0
2022-10-03 13:30:00-04:00,1.2200000286102295,1.2200000286102295,1.2020000219345093,1.2200000286102295,11913,0.0,0.0
2022-10-03 14:30:00-04:00,1.2200000286102295,1.2200000286102295,1.2000999450683594,1.2200000286102295,14067,0.0,0.0
2022-10-03 15:30:00-04:00,1.2200000286102295,1.2200000286102295,1.2100000381469727,1.2200000286102295,26326,0.0,0.0
2022-10-04 09:30:00-04:00,1.2100000381469727,1.3307000398635864,1.2100000381469727,1.284999966621399,445132,0.0,0.0
2022-10-04 10:30:00-04:00,1.2799999713897705,1.4199999570846558,1.2799999713897705,1.4189000129699707,612973,0.0,0.0
2022-10-04 11:30:00-04:00,1.4101999998092651,1.4199999570846558,1.2999999523162842,1.3200000524520874,233483,0.0,0.0
2022-10-04 12:30:00-04:00,1.3114999532699585,1.3380000591278076,1.309999942779541,1.3200000524520874,33232,0.0,0.0
2022-10-04 13:30:00-04:00,1.3179999589920044,1.340000033378601,1.309999942779541,1.309999942779541,50473,0.0,0.0
2022-10-04 14:30:00-04:00,1.309999942779541,1.3849999904632568,1.2999999523162842,1.3700000047683716,78342,0.0,0.0
2022-10-04 15:30:00-04:00,1.3650000095367432,1.3899999856948853,1.3300000429153442,1.3600000143051147,139426,0.0,0.0
2022-10-05 09:30:00-04:00,1.3600000143051147,1.3600000143051147,1.2617000341415405,1.315000057220459,104355,0.0,0.0
2022-10-05 10:30:00-04:00,1.309999942779541,1.3700000047683716,1.309999942779541,1.3700000047683716,40829,0.0,0.0
2022-10-05 11:30:00-04:00,1.3700000047683716,1.3899999856948853,1.350000023841858,1.3700000047683716,33868,0.0,0.0
2022-10-05 12:30:00-04:00,1.3899999856948853,1.399999976158142,1.3700000047683716,1.3799999952316284,79586,0.0,0.0
2022-10-05 13:30:00-04:00,1.3899999856948853,1.4299999475479126,1.3898999691009521,1.4049999713897705,251682,0.0,0.0
2022-10-05 14:30:00-04:00,1.409999966621399,1.4199999570846558,1.3899999856948853,1.4115999937057495,42732,0.0,0.0
2022-10-05 15:30:00-04:00,1.4149999618530273,1.4800000190734863,1.409999966621399,1.4800000190734863,200473,0.0,0.0
2022-10-06 09:30:00-04:00,1.4600000381469727,1.5,1.4299999475479126,1.4299999475479126,149093,0.0,0.0
2022-10-06 10:30:00-04:00,1.4299999475479126,1.4500000476837158,1.4199999570846558,1.4500000476837158,82996,0.0,0.0
2022-10-06 11:30:00-04:00,1.4499000310897827,1.4599000215530396,1.440000057220459,1.4500000476837158,46524,0.0,0.0
2022-10-06 12:30:00-04:00,1.4500000476837158,1.4600000381469727,1.440000057220459,1.4500000476837158,7949,0.0,0.0
2022-10-06 13:30:00-04:00,1.4499000310897827,1.4500000476837158,1.350000023841858,1.4199999570846558,68025,0.0,0.0
2022-10-06 14:30:00-04:00,1.429900050163269,1.4500000476837158,1.4249999523162842,1.440000057220459,38604,0.0,0.0
2022-10-06 15:30:00-04:00,1.4299999475479126,1.440000057220459,1.3799999952316284,1.399999976158142,95148,0.0,0.0
2022-10-07 09:30:00-04:00,1.409999966621399,1.409999966621399,1.350000023841858,1.3853000402450562,35605,0.0,0.0
2022-10-07 10:30:00-04:00,1.3899999856948853,1.4299999475479126,1.3811999559402466,1.4299999475479126,24647,0.0,0.0
2022-10-07 11:30:00-04:00,1.4299999475479126,1.4299999475479126,1.3899999856948853,1.399999976158142,14986,0.0,0.0
2022-10-07 12:30:00-04:00,1.3949999809265137,1.399999976158142,1.3700000047683716,1.399999976158142,23920,0.0,0.0
2022-10-07 13:30:00-04:00,1.399999976158142,1.4199999570846558,1.399999976158142,1.4003000259399414,19084,0.0,0.0
2022-10-07 14:30:00-04:00,1.4199999570846558,1.4199999570846558,1.3799999952316284,1.3949999809265137,16071,0.0,0.0
2022-10-07 15:30:00-04:00,1.399999976158142,1.409999966621399,1.3799999952316284,1.3799999952316284,25713,0.0,0.0
2022-10-10 09:30:00-04:00,1.3799999952316284,1.3799999952316284,1.350000023841858,1.3700000047683716,73825,0.0,0.0
2022-10-10 10:30:00-04:00,1.36489999294281,1.3799999952316284,1.309999942779541,1.3200000524520874,34735,0.0,0.0
2022-10-10 11:30:00-04:00,1.3265999555587769,1.350000023841858,1.3200000524520874,1.3300000429153442,12635,0.0,0.0
2022-10-10 12:30:00-04:00,1.3300000429153442,1.350000023841858,1.3200000524520874,1.3200000524520874,21989,0.0,0.0
2022-10-10 13:30:00-04:00,1.3300000429153442,1.3600000143051147,1.3300000429153442,1.350000023841858,8084,0.0,0.0
2022-10-10 14:30:00-04:00,1.3438999652862549,1.350000023841858,1.3300000429153442,1.340000033378601,11098,0.0,0.0
2022-10-10 15:30:00-04:00,1.340000033378601,1.340000033378601,1.3300000429153442,1.340000033378601,32936,0.0,0.0
2022-10-11 09:30:00-04:00,1.3300000429153442,1.340000033378601,1.2699999809265137,1.2799999713897705,77446,0.0,0.0
2022-10-11 10:30:00-04:00,1.284999966621399,1.3049999475479126,1.2799999713897705,1.2899999618530273,20782,0.0,0.0
2022-10-11 11:30:00-04:00,1.2899999618530273,1.309999942779541,1.0700000524520874,1.215000033378601,339788,0.0,0.0
2022-10-11 12:30:00-04:00,1.2100000381469727,1.2200000286102295,1.2000000476837158,1.2120000123977661,31448,0.0,0.0
2022-10-11 13:30:00-04:00,1.215000033378601,1.2300000190734863,1.2107000350952148,1.2200000286102295,29250,0.0,0.0
2022-10-11 14:30:00-04:00,1.2200000286102295,1.2288000583648682,1.0800000429153442,1.1505000591278076,150543,0.0,0.0
2022-10-11 15:30:00-04:00,1.1526999473571777,1.2000000476837158,1.1526999473571777,1.2000000476837158,66807,0.0,0.0
2022-10-12 09:30:00-04:00,1.1799999475479126,1.2400000095367432,1.1799999475479126,1.2301000356674194,35073,0.0,0.0
2022-10-12 10:30:00-04:00,1.2305999994277954,1.25,1.2000000476837158,1.2479000091552734,99829,0.0,0.0
2022-10-12 11:30:00-04:00,1.2301000356674194,1.2400000095367432,1.191100001335144,1.215000033378601,64913,0.0,0.0
2022-10-12 12:30:00-04:00,1.2100000381469727,1.2400000095367432,1.2007999420166016,1.2350000143051147,8001,0.0,0.0
2022-10-12 13:30:00-04:00,1.2300000190734863,1.2599999904632568,1.2100000381469727,1.2300000190734863,35005,0.0,0.0
2022-10-12 14:30:00-04:00,1.2300000190734863,1.2400000095367432,1.2200000286102295,1.2400000095367432,12562,0.0,0.0
2022-10-12 15:30:00-04:00,1.2400000095367432,1.2400000095367432,1.225000023841858,1.2300000190734863,20674,0.0,0.0
2022-10-13 09:30:00-04:00,1.149999976158142,1.2200000286102295,1.149999976158142,1.2000999450683594,88673,0.0,0.0
2022-10-13 10:30:00-04:00,1.2200000286102295,1.2299000024795532,1.2000999450683594,1.2200000286102295,26398,0.0,0.0
2022-10-13 11:30:00-04:00,1.2100000381469727,1.2300000190734863,1.2100000381469727,1.2200000286102295,12051,0.0,0.0
2022-10-13 12:30:00-04:00,1.2200000286102295,1.2200000286102295,1.149999976158142,1.1656999588012695,56549,0.0,0.0
2022-10-13 13:30:00-04:00,1.1699999570846558,1.190000057220459,1.159999966621399,1.190000057220459,33676,0.0,0.0
2022-10-13 14:30:00-04:00,1.1799999475479126,1.190000057220459,1.1699999570846558,1.1799999475479126,25058,0.0,0.0
2022-10-13 15:30:00-04:00,1.1833000183105469,1.1833000183105469,1.149999976158142,1.159999966621399,72508,0.0,0.0
2022-10-14 09:30:00-04:00,1.159999966621399,1.190000057220459,1.1100000143051147,1.1349999904632568,65462,0.0,0.0
2022-10-14 10:30:00-04:00,1.1349999904632568,1.1399999856948853,1.1200000047683716,1.1299999952316284,26245,0.0,0.0
2022-10-14 11:30:00-04:00,1.1349999904632568,1.136199951171875,1.090000033378601,1.1050000190734863,103059,0.0,0.0
2022-10-14 12:30:00-04:00,1.100000023841858,1.1100000143051147,1.0499999523162842,1.0699000358581543,117489,0.0,0.0
2022-10-14 13:30:00-04:00,1.0700000524520874,1.0800000429153442,1.059999942779541,1.0700000524520874,28791,0.0,0.0
2022-10-14 14:30:00-04:00,1.069200038909912,1.0800000429153442,1.059999942779541,1.0800000429153442,36402,0.0,0.0
2022-10-14 15:30:00-04:00,1.0700000524520874,1.0700000524520874,1.0499999523162842,1.059999942779541,67707,0.0,0.0
2022-10-17 09:30:00-04:00,1.059999942779541,1.1200000047683716,1.0549999475479126,1.1100000143051147,131162,0.0,0.0
2022-10-17 10:30:00-04:00,1.101099967956543,1.1200000047683716,1.0800000429153442,1.1101000308990479,32676,0.0,0.0
2022-10-17 11:30:00-04:00,1.1150000095367432,1.149999976158142,1.1150000095367432,1.1349999904632568,60169,0.0,0.0
2022-10-17 12:30:00-04:00,1.1299999952316284,1.1399999856948853,1.1299999952316284,1.1399999856948853,10659,0.0,0.0
2022-10-17 13:30:00-04:00,1.1449999809265137,1.149999976158142,1.1399999856948853,1.1409000158309937,25795,0.0,0.0
2022-10-17 14:30:00-04:00,1.1399999856948853,1.1401000022888184,1.1150000095367432,1.125,72471,0.0,0.0
2022-10-17 15:30:00-04:00,1.1200000047683716,1.149999976158142,1.1200000047683716,1.1399999856948853,34198,0.0,0.0
2022-10-18 09:30:00-04:00,1.1699999570846558,1.1999000310897827,1.1399999856948853,1.1399999856948853,53980,0.0,0.0
2022-10-18 10:30:00-04:00,1.1549999713897705,1.159999966621399,1.1360000371932983,1.149999976158142,19714,0.0,0.0
2022-10-18 11:30:00-04:00,1.1299999952316284,1.1399999856948853,1.1299999952316284,1.1299999952316284,9605,0.0,0.0
2022-10-18 12:30:00-04:00,1.1299999952316284,1.1349999904632568,1.0700000524520874,1.1200000047683716,165662,0.0,0.0
2022-10-18 13:30:00-04:00,1.1200000047683716,1.1299999952316284,1.1101000308990479,1.125,19494,0.0,0.0
2022-10-18 14:30:00-04:00,1.125,1.125,1.100000023841858,1.1009999513626099,20734,0.0,0.0
2022-10-18 15:30:00-04:00,1.1200000047683716,1.1200000047683716,1.100000023841858,1.1158000230789185,14075,0.0,0.0
2022-10-19 09:30:00-04:00,1.0800000429153442,1.1200000047683716,1.0800000429153442,1.1200000047683716,17391,0.0,0.0
2022-10-19 10:30:00-04:00,1.1100000143051147,1.1200000047683716,1.100000023841858,1.1100000143051147,10856,0.0,0.0
2022-10-19 11:30:00-04:00,1.1050000190734863,1.1100000143051147,1.100000023841858,1.1050000190734863,2289,0.0,0.0
2022-10-19 12:30:00-04:00,1.100000023841858,1.1100000143051147,1.0700000524520874,1.0700000524520874,22988,0.0,0.0
2022-10-19 13:30:00-04:00,1.0700000524520874,1.0800000429153442,1.059999942779541,1.0800000429153442,22950,0.0,0.0
2022-10-19 14:30:00-04:00,1.0800000429153442,1.090000033378601,1.0800000429153442,1.090000033378601,7649,0.0,0.0
2022-10-19 15:30:00-04:00,1.100000023841858,1.159999966621399,1.093999981880188,1.1301000118255615,44958,0.0,0.0
2022-10-20 09:30:00-04:00,1.1399999856948853,1.149999976158142,1.101699948310852,1.1399999856948853,24885,0.0,0.0
2022-10-20 10:30:00-04:00,1.1399999856948853,1.159999966621399,1.1399999856948853,1.149999976158142,11330,0.0,0.0
2022-10-20 11:30:00-04:00,1.1449999809265137,1.149999976158142,1.1399999856948853,1.1399999856948853,10630,0.0,0.0
2022-10-20 12:30:00-04:00,1.1299999952316284,1.138200044631958,1.1200000047683716,1.138200044631958,2445,0.0,0.0
2022-10-20 13:30:00-04:00,1.1289000511169434,1.1299999952316284,1.1201000213623047,1.1299999952316284,8173,0.0,0.0
2022-10-20 14:30:00-04:00,1.1299999952316284,1.1399999856948853,1.1201000213623047,1.1399999856948853,5574,0.0,0.0
2022-10-20 15:30:00-04:00,1.1399999856948853,1.1399999856948853,1.1200000047683716,1.1399999856948853,7676,0.0,0.0
2022-10-21 09:30:00-04:00,1.1100000143051147,1.1100000143051147,1.0800000429153442,1.0950000286102295,27856,0.0,0.0
2022-10-21 10:30:00-04:00,1.09089994430542,1.100000023841858,1.0800000429153442,1.100000023841858,16457,0.0,0.0
2022-10-21 11:30:00-04:00,1.0988999605178833,1.100000023841858,1.0801000595092773,1.100000023841858,11458,0.0,0.0
2022-10-21 12:30:00-04:00,1.0999000072479248,1.100000023841858,1.090000033378601,1.090000033378601,6736,0.0,0.0
2022-10-21 13:30:00-04:00,1.0901999473571777,1.100000023841858,1.0800000429153442,1.090000033378601,7297,0.0,0.0
2022-10-21 14:30:00-04:00,1.0807000398635864,1.100000023841858,1.0807000398635864,1.100000023841858,6186,0.0,0.0
2022-10-21 15:30:00-04:00,1.0920000076293945,1.100000023841858,1.0800000429153442,1.0800000429153442,14275,0.0,0.0
2022-10-24 09:30:00-04:00,1.0800000429153442,1.0807000398635864,1.0299999713897705,1.0400999784469604,53027,0.0,0.0
2022-10-24 10:30:00-04:00,1.034999966621399,1.059999942779541,1.0299999713897705,1.0420000553131104,51450,0.0,0.0
2022-10-24 11:30:00-04:00,1.0400999784469604,1.090000033378601,1.0400999784469604,1.090000033378601,6747,0.0,0.0
2022-10-24 12:30:00-04:00,1.090000033378601,1.090000033378601,1.059999942779541,1.0800000429153442,4162,0.0,0.0
2022-10-24 13:30:00-04:00,1.0800000429153442,1.0800000429153442,1.0700000524520874,1.0800000429153442,3841,0.0,0.0
2022-10-24 14:30:00-04:00,1.0800000429153442,1.090000033378601,1.0700000524520874,1.0800000429153442,50379,0.0,0.0
2022-10-24 15:30:00-04:00,1.0800000429153442,1.0800000429153442,1.059999942779541,1.065000057220459,14050,0.0,0.0
2022-10-25 09:30:00-04:00,1.0700000524520874,1.1399999856948853,1.0607999563217163,1.1399999856948853,33114,0.0,0.0
2022-10-25 10:30:00-04:00,1.135699987411499,1.1399999856948853,1.101099967956543,1.111799955368042,9413,0.0,0.0
2022-10-25 11:30:00-04:00,1.1161999702453613,1.1399999856948853,1.1100000143051147,1.1399999856948853,15724,0.0,0.0
2022-10-25 12:30:00-04:00,1.1390999555587769,1.1390999555587769,1.1100000143051147,1.1100000143051147,21393,0.0,0.0
2022-10-25 13:30:00-04:00,1.1028000116348267,1.1399999856948853,1.1028000116348267,1.1399999856948853,16418,0.0,0.0
2022-10-25 14:30:00-04:00,1.1399999856948853,1.1399999856948853,1.1100000143051147,1.1100000143051147,8886,0.0,0.0
2022-10-25 15:30:00-04:00,1.118399977684021,1.1399999856948853,1.1100000143051147,1.1399999856948853,4946,0.0,0.0
2022-10-26 09:30:00-04:00,1.1200000047683716,1.1399999856948853,1.100000023841858,1.1204999685287476,33773,0.0,0.0
2022-10-26 10:30:00-04:00,1.1100000143051147,1.1399999856948853,1.1003999710083008,1.1399999856948853,33541,0.0,0.0
2022-10-26 11:30:00-04:00,1.1299999952316284,1.1301000118255615,1.1100000143051147,1.1191999912261963,10411,0.0,0.0
2022-10-26 12:30:00-04:00,1.1200000047683716,1.1200000047683716,1.0812000036239624,1.090000033378601,12938,0.0,0.0
2022-10-26 13:30:00-04:00,1.0995999574661255,1.1100000143051147,1.090999960899353,1.1050000190734863,8965,0.0,0.0
2022-10-26 14:30:00-04:00,1.100000023841858,1.100000023841858,1.0901000499725342,1.097499966621399,5605,0.0,0.0
2022-10-26 15:30:00-04:00,1.0983999967575073,1.1100000143051147,1.090000033378601,1.1100000143051147,1856,0.0,0.0
2022-10-27 09:30:00-04:00,1.1100000143051147,1.1298999786376953,1.100000023841858,1.1200000047683716,11284,0.0,0.0
2022-10-27 10:30:00-04:00,1.1200000047683716,1.1200000047683716,1.100000023841858,1.1200000047683716,13689,0.0,0.0
2022-10-27 11:30:00-04:00,1.1100000143051147,1.1200000047683716,1.1100000143051147,1.1200000047683716,4772,0.0,0.0
2022-10-27 12:30:00-04:00,1.1200000047683716,1.1399999856948853,1.1200000047683716,1.1399999856948853,4693,0.0,0.0
2022-10-27 13:30:00-04:00,1.1299999952316284,1.1399999856948853,1.1200000047683716,1.1266000270843506,12757,0.0,0.0
2022-10-27 14:30:00-04:00,1.1200000047683716,1.1299999952316284,1.090000033378601,1.1200000047683716,19647,0.0,0.0
2022-10-27 15:30:00-04:00,1.1100000143051147,1.1100000143051147,1.1100000143051147,1.1100000143051147,2420,0.0,0.0
2022-10-28 09:30:00-04:00,1.1799999475479126,1.1799999475479126,1.1100000143051147,1.1100000143051147,16633,0.0,0.0
2022-10-28 10:30:00-04:00,1.1181999444961548,1.1200000047683716,1.1100000143051147,1.1200000047683716,7637,0.0,0.0
2022-10-28 11:30:00-04:00,1.1200000047683716,1.1299999952316284,1.1100000143051147,1.1200000047683716,9020,0.0,0.0
2022-10-28 12:30:00-04:00,1.1299999952316284,1.1399999856948853,1.1200000047683716,1.1399999856948853,3847,0.0,0.0
2022-10-28 13:30:00-04:00,1.1299999952316284,1.149999976158142,1.1299999952316284,1.1299999952316284,4748,0.0,0.0
2022-10-28 14:30:00-04:00,1.149999976158142,1.149999976158142,1.1299999952316284,1.136299967765808,7467,0.0,0.0
2022-10-28 15:30:00-04:00,1.1349999904632568,1.1399999856948853,1.1100000143051147,1.125,15476,0.0,0.0
2022-10-31 09:30:00-04:00,1.149999976158142,1.2100000381469727,1.1200000047683716,1.2000999450683594,355954,0.0,0.0
2022-10-31 10:30:00-04:00,1.2050000429153442,1.2100000381469727,1.1699999570846558,1.1900999546051025,73729,0.0,0.0
2022-10-31 11:30:00-04:00,1.2000000476837158,1.2200000286102295,1.190000057220459,1.198799967765808,45766,0.0,0.0
2022-10-31 12:30:00-04:00,1.2200000286102295,1.2200000286102295,1.1950000524520874,1.2100000381469727,19662,0.0,0.0
2022-10-31 13:30:00-04:00,1.2100000381469727,1.2100000381469727,1.190000057220459,1.190000057220459,30131,0.0,0.0
2022-10-31 14:30:00-04:00,1.1993000507354736,1.2000000476837158,1.1700999736785889,1.1700999736785889,22519,0.0,0.0
2022-10-31 15:30:00-04:00,1.1799999475479126,1.1799999475479126,1.1699999570846558,1.1699999570846558,15537,0.0,0.0
2022-11-01 09:30:00-04:00,1.2000000476837158,1.2000000476837158,1.159999966621399,1.1734999418258667,54473,0.0,0.0
2022-11-01 10:30:00-04:00,1.1799999475479126,1.2300000190734863,1.179800033569336,1.2200000286102295,32728,0.0,0.0
2022-11-01 11:30:00-04:00,1.215000033378601,1.2200000286102295,1.2100000381469727,1.210800051689148,5826,0.0,0.0
2022-11-01 12:30:00-04:00,1.2200000286102295,1.2200000286102295,1.1799999475479126,1.2007999420166016,27244,0.0,0.0
2022-11-01 13:30:00-04:00,1.2003999948501587,1.218999981880188,1.190000057220459,1.1950000524520874,12282,0.0,0.0
2022-11-01 14:30:00-04:00,1.2000000476837158,1.2000000476837158,1.159999966621399,1.1799999475479126,19990,0.0,0.0
2022-11-01 15:30:00-04:00,1.1699999570846558,1.1749999523162842,1.1100000143051147,1.1299999952316284,42050,0.0,0.0
2022-11-02 09:30:00-04:00,1.1799999475479126,1.190000057220459,1.0700000524520874,1.090000033378601,118259,0.0,0.0
2022-11-02 10:30:00-04:00,1.0895999670028687,1.0989999771118164,1.0700000524520874,1.0886000394821167,60859,0.0,0.0
2022-11-02 11:30:00-04:00,1.090000033378601,1.149999976158142,1.090000033378601,1.1299999952316284,49533,0.0,0.0
2022-11-02 12:30:00-04:00,1.1349999904632568,1.15910005569458,1.1007000207901,1.1124999523162842,39781,0.0,0.0
2022-11-02 13:30:00-04:00,1.1198999881744385,1.1399999856948853,1.1150000095367432,1.1399999856948853,11935,0.0,0.0
2022-11-02 14:30:00-04:00,1.1299999952316284,1.1399999856948853,1.0700000524520874,1.090000033378601,45362,0.0,0.0
2022-11-02 15:30:00-04:00,1.095900058746338,1.100000023841858,1.0800000429153442,1.100000023841858,5862,0.0,0.0
2022-11-03 09:30:00-04:00,1.0800000429153442,1.1200000047683716,1.0800000429153442,1.1150000095367432,5148,0.0,0.0
2022-11-03 10:30:00-04:00,1.1200000047683716,1.1399999856948853,1.1051000356674194,1.1200000047683716,17165,0.0,0.0
2022-11-03 11:30:00-04:00,1.1200000047683716,1.1200000047683716,1.090000033378601,1.100000023841858,15589,0.0,0.0
2022-11-03 12:30:00-04:00,1.1050000190734863,1.1100000143051147,1.0800000429153442,1.0800000429153442,21021,0.0,0.0
2022-11-03 13:30:00-04:00,1.0709999799728394,1.0709999799728394,1.0499999523162842,1.059999942779541,39965,0.0,0.0
2022-11-03 14:30:00-04:00,1.059999942779541,1.059999942779541,1.0399999618530273,1.0499999523162842,40247,0.0,0.0
2022-11-03 15:30:00-04:00,1.0568000078201294,1.0700000524520874,1.0499999523162842,1.065000057220459,30813,0.0,0.0
2022-11-04 09:30:00-04:00,1.0099999904632568,1.0700000524520874,1.0,1.0700000524520874,339725,0.0,0.0
2022-11-04 10:30:00-04:00,1.0800000429153442,1.1098999977111816,1.0700000524520874,1.070099949836731,86215,0.0,0.0
2022-11-04 11:30:00-04:00,1.0709999799728394,1.0800000429153442,1.0300999879837036,1.0699000358581543,35091,0.0,0.0
2022-11-04 12:30:00-04:00,1.059999942779541,1.0699000358581543,1.0403000116348267,1.059999942779541,10666,0.0,0.0
2022-11-04 13:30:00-04:00,1.0400999784469604,1.059999942779541,1.0399999618530273,1.059999942779541,21098,0.0,0.0
2022-11-04 14:30:00-04:00,1.059999942779541,1.059999942779541,1.0499999523162842,1.0499999523162842,6364,0.0,0.0
2022-11-04 15:30:00-04:00,1.059999942779541,1.059999942779541,1.0499999523162842,1.059999942779541,6087,0.0,0.0
2022-11-07 09:30:00-05:00,1.0499999523162842,1.0799000263214111,1.0499999523162842,1.0700000524520874,37605,0.0,0.0
2022-11-07 10:30:00-05:00,1.0700000524520874,1.090000033378601,1.065000057220459,1.090000033378601,20379,0.0,0.0
2022-11-07 11:30:00-05:00,1.090000033378601,1.090000033378601,1.0571000576019287,1.0571000576019287,9301,0.0,0.0
2022-11-07 12:30:00-05:00,1.055799961090088,1.0800000429153442,1.055799961090088,1.0800000429153442,9073,0.0,0.0
2022-11-07 13:30:00-05:00,1.0800000429153442,1.090000033378601,1.0642000436782837,1.090000033378601,12808,0.0,0.0
2022-11-07 14:30:00-05:00,1.090000033378601,1.090000033378601,1.0700000524520874,1.0800000429153442,19535,0.0,0.0
2022-11-07 15:30:00-05:00,1.0800000429153442,1.0800000429153442,1.059999942779541,1.0800000429153442,17302,0.0,0.0
2022-11-08 09:30:00-05:00,1.0700000524520874,1.090000033378601,1.0700000524520874,1.0700000524520874,9204,0.0,0.0
2022-11-08 10:30:00-05:00,1.0800000429153442,1.100000023841858,1.0800000429153442,1.090000033378601,6178,0.0,0.0
2022-11-08 11:30:00-05:00,1.0720000267028809,1.090999960899353,1.0700000524520874,1.0700000524520874,26953,0.0,0.0
2022-11-08 12:30:00-05:00,1.0800000429153442,1.090000033378601,1.0700000524520874,1.0700000524520874,5609,0.0,0.0
2022-11-08 13:30:00-05:00,1.059999942779541,1.0769000053405762,1.059999942779541,1.059999942779541,1101,0.0,0.0
2022-11-08 14:30:00-05:00,1.0800000429153442,1.090000033378601,1.059999942779541,1.072700023651123,11273,0.0,0.0
2022-11-08 15:30:00-05:00,1.0800000429153442,1.0878000259399414,1.0707000494003296,1.0750000476837158,8401,0.0,0.0
2022-11-09 09:30:00-05:00,1.0700000524520874,1.0700000524520874,1.0499999523162842,1.0499999523162842,17566,0.0,0.0
2022-11-09 10:30:00-05:00,1.059999942779541,1.059999942779541,1.0299999713897705,1.0399999618530273,49674,0.0,0.0
2022-11-09 11:30:00-05:00,1.0499999523162842,1.0598000288009644,1.0399999618530273,1.0598000288009644,4393,0.0,0.0
2022-11-09 12:30:00-05:00,1.0499999523162842,1.0499999523162842,1.0399999618530273,1.0499999523162842,3924,0.0,0.0
2022-11-09 13:30:00-05:00,1.0472999811172485,1.0499999523162842,1.0199999809265137,1.0300999879837036,31101,0.0,0.0
2022-11-09 14:30:00-05:00,1.0299999713897705,1.0299999713897705,1.0099999904632568,1.0099999904632568,19032,0.0,0.0
2022-11-09 15:30:00-05:00,1.0149999856948853,1.0199999809265137,1.0052000284194946,1.0199999809265137,5131,0.0,0.0
2022-11-10 09:30:00-05:00,1.0399999618530273,1.0499999523162842,1.0199999809265137,1.0299999713897705,18748,0.0,0.0
2022-11-10 10:30:00-05:00,1.0371999740600586,1.079699993133545,1.0299999713897705,1.0700000524520874,7103,0.0,0.0
2022-11-10 11:30:00-05:00,1.0499999523162842,1.0633000135421753,1.0299999713897705,1.0400999784469604,28362,0.0,0.0
2022-11-10 12:30:00-05:00,1.0399999618530273,1.0676000118255615,1.0399999618530273,1.0509999990463257,3252,0.0,0.0
2022-11-10 13:30:00-05:00,1.0499999523162842,1.0700000524520874,1.0299999713897705,1.0399999618530273,15756,0.0,0.0
2022-11-10 14:30:00-05:00,1.0336999893188477,1.0399999618530273,1.0299999713897705,1.034999966621399,7040,0.0,0.0
2022-11-10 15:30:00-05:00,1.0399999618530273,1.059999942779541,1.0199999809265137,1.0399999618530273,31334,0.0,0.0
2022-11-11 09:30:00-05:00,1.0499999523162842,1.0800000429153442,1.0299999713897705,1.0800000429153442,30631,0.0,0.0
2022-11-11 10:30:00-05:00,1.0499999523162842,1.0800000429153442,1.0499999523162842,1.0499999523162842,40676,0.0,0.0
2022-11-11 11:30:00-05:00,1.0399999618530273,1.059999942779541,1.0399999618530273,1.059999942779541,7815,0.0,0.0
2022-11-11 12:30:00-05:00,1.0399999618530273,1.06850004196167,1.0399999618530273,1.059999942779541,4751,0.0,0.0
2022-11-11 13:30:00-05:00,1.0499999523162842,1.059999942779541,1.0499999523162842,1.0549999475479126,8021,0.0,0.0
2022-11-11 14:30:00-05:00,1.059999942779541,1.0700000524520874,1.0499999523162842,1.0700000524520874,12500,0.0,0.0
2022-11-11 15:30:00-05:00,1.0664000511169434,1.0684000253677368,1.0499999523162842,1.0499999523162842,8918,0.0,0.0
2022-11-14 09:30:00-05:00,1.0299999713897705,1.0700000524520874,1.0299999713897705,1.0499999523162842,13574,0.0,0.0
2022-11-14 10:30:00-05:00,1.0541000366210938,1.0700000524520874,1.051800012588501,1.051800012588501,3471,0.0,0.0
2022-11-14 11:30:00-05:00,1.0700000524520874,1.0700000524520874,1.0499999523162842,1.0700000524520874,3015,0.0,0.0
2022-11-14 12:30:00-05:00,1.0700000524520874,1.090000033378601,1.059999942779541,1.090000033378601,11051,0.0,0.0
2022-11-14 13:30:00-05:00,1.100000023841858,1.100000023841858,1.0728000402450562,1.090000033378601,15868,0.0,0.0
2022-11-14 14:30:00-05:00,1.0801000595092773,1.1100000143051147,1.0800000429153442,1.100000023841858,19847,0.0,0.0
2022-11-14 15:30:00-05:00,1.090000033378601,1.090000033378601,1.0700000524520874,1.0750000476837158,24415,0.0,0.0
2022-11-15 09:30:00-05:00,1.090000033378601,1.1299999952316284,1.059999942779541,1.1200000047683716,53230,0.0,0.0
2022-11-15 10:30:00-05:00,1.118399977684021,1.1200000047683716,1.100000023841858,1.1047999858856201,27615,0.0,0.0
2022-11-15 11:30:00-05:00,1.100000023841858,1.1100000143051147,1.090000033378601,1.090000033378601,5840,0.0,0.0
2022-11-15 12:30:00-05:00,1.100000023841858,1.1200000047683716,1.090000033378601,1.1100000143051147,13523,0.0,0.0
2022-11-15 13:30:00-05:00,1.1050000190734863,1.1200000047683716,1.0808000564575195,1.090000033378601,17949,0.0,0.0
2022-11-15 14:30:00-05:00,1.090000033378601,1.1200000047683716,1.090000033378601,1.1200000047683716,6971,0.0,0.0
2022-11-15 15:30:00-05:00,1.1200000047683716,1.1200000047683716,1.1100000143051147,1.1100000143051147,8943,0.0,0.0
2022-11-16 09:30:00-05:00,1.059999942779541,1.090000033378601,1.0199999809265137,1.0750000476837158,61375,0.0,0.0
2022-11-16 10:30:00-05:00,1.0750000476837158,1.090000033378601,1.0700000524520874,1.090000033378601,3884,0.0,0.0
2022-11-16 11:30:00-05:00,1.090000033378601,1.1200000047683716,1.0800000429153442,1.0800000429153442,8817,0.0,0.0
2022-11-16 12:30:00-05:00,1.100000023841858,1.1098999977111816,1.0950000286102295,1.1098999977111816,11318,0.0,0.0
2022-11-16 13:30:00-05:00,1.0950000286102295,1.1699999570846558,1.0950000286102295,1.149999976158142,342310,0.0,0.0
2022-11-16 14:30:00-05:00,1.1449999809265137,1.3122999668121338,1.1200000047683716,1.26010000705719,1778301,0.0,0.0
2022-11-16 15:30:00-05:00,1.2698999643325806,1.2699999809265137,1.2300000190734863,1.2300000190734863,203536,0.0,0.0
2022-11-17 09:30:00-05:00,1.25,1.2899999618530273,1.2300000190734863,1.2300000190734863,236653,0.0,0.0
2022-11-17 10:30:00-05:00,1.2316999435424805,1.2599999904632568,1.2300000190734863,1.249899983406067,61230,0.0,0.0
2022-11-17 11:30:00-05:00,1.2400000095367432,1.25,1.2300000190734863,1.2345999479293823,30673,0.0,0.0
2022-11-17 12:30:00-05:00,1.232800006866455,1.25,1.2201000452041626,1.2201000452041626,34276,0.0,0.0
2022-11-17 13:30:00-05:00,1.2381000518798828,1.25,1.2200000286102295,1.2281999588012695,56086,0.0,0.0
2022-11-17 14:30:00-05:00,1.226199984550476,1.2400000095367432,1.2000999450683594,1.215000033378601,47616,0.0,0.0
2022-11-17 15:30:00-05:00,1.215000033378601,1.2400000095367432,1.2100000381469727,1.236199975013733,18653,0.0,0.0
2022-11-18 09:30:00-05:00,1.3200000524520874,1.3200000524520874,1.2300000190734863,1.249400019645691,102676,0.0,0.0
2022-11-18 10:30:00-05:00,1.25,1.25,1.2200000286102295,1.2300000190734863,24558,0.0,0.0
2022-11-18 11:30:00-05:00,1.2300000190734863,1.2400000095367432,1.2201999425888062,1.2300000190734863,33694,0.0,0.0
2022-11-18 12:30:00-05:00,1.23989999294281,1.2599999904632568,1.2300000190734863,1.25,42755,0.0,0.0
2022-11-18 13:30:00-05:00,1.25,1.2599999904632568,1.2300000190734863,1.2300000190734863,32307,0.0,0.0
2022-11-18 14:30:00-05:00,1.2300000190734863,1.2599999904632568,1.2200000286102295,1.2599999904632568,50993,0.0,0.0
2022-11-18 15:30:00-05:00,1.2598999738693237,1.2699999809265137,1.2400000095367432,1.25,62851,0.0,0.0
2022-11-21 09:30:00-05:00,1.2999999523162842,1.2999999523162842,1.2100000381469727,1.215000033378601,84795,0.0,0.0
2022-11-21 10:30:00-05:00,1.2101000547409058,1.2101000547409058,1.1200000047683716,1.149899959564209,72043,0.0,0.0
2022-11-21 11:30:00-05:00,1.1399999856948853,1.149999976158142,1.1299999952316284,1.149999976158142,40260,0.0,0.0
2022-11-21 12:30:00-05:00,1.1955000162124634,1.1955000162124634,1.159999966621399,1.188599944114685,13034,0.0,0.0
2022-11-21 13:30:00-05:00,1.1830999851226807,1.1894999742507935,1.1699999570846558,1.1797000169754028,13698,0.0,0.0
2022-11-21 14:30:00-05:00,1.1700999736785889,1.1700999736785889,1.1399999856948853,1.146399974822998,16134,0.0,0.0
2022-11-21 15:30:00-05:00,1.1399999856948853,1.149999976158142,1.1201000213623047,1.125,63945,0.0,0.0
2022-11-22 09:30:00-05:00,1.1699999570846558,1.25,1.149999976158142,1.2244999408721924,36640,0.0,0.0
2022-11-22 10:30:00-05:00,1.2237999439239502,1.260599970817566,1.2200000286102295,1.2450000047683716,275005,0.0,0.0
2022-11-22 11:30:00-05:00,1.249899983406067,1.2599999904632568,1.2400000095367432,1.2400000095367432,28489,0.0,0.0
2022-11-22 12:30:00-05:00,1.25,1.2599999904632568,1.2400000095367432,1.25,21981,0.0,0.0
2022-11-22 13:30:00-05:00,1.25,1.2599999904632568,1.2400000095367432,1.250100016593933,10509,0.0,0.0
2022-11-22 14:30:00-05:00,1.2549999952316284,1.2599999904632568,1.2400000095367432,1.2599999904632568,10602,0.0,0.0
2022-11-22 15:30:00-05:00,1.25,1.2599999904632568,1.2400000095367432,1.25,65611,0.0,0.0
2022-11-23 09:30:00-05:00,1.25,1.2799999713897705,1.2100000381469727,1.2300000190734863,41133,0.0,0.0
2022-11-23 10:30:00-05:00,1.2200000286102295,1.2300000190734863,1.2000000476837158,1.2200000286102295,13529,0.0,0.0
2022-11-23 11:30:00-05:00,1.2200000286102295,1.2200000286102295,1.1799999475479126,1.1950000524520874,24871,0.0,0.0
2022-11-23 12:30:00-05:00,1.190000057220459,1.1950000524520874,1.179800033569336,1.1950000524520874,9030,0.0,0.0
2022-11-23 13:30:00-05:00,1.190000057220459,1.2000000476837158,1.1819000244140625,1.1950000524520874,20426,0.0,0.0
2022-11-23 14:30:00-05:00,1.1985000371932983,1.1985000371932983,1.1799999475479126,1.1885000467300415,21702,0.0,0.0
2022-11-23 15:30:00-05:00,1.190000057220459,1.190000057220459,1.1799999475479126,1.190000057220459,14202,0.0,0.0
2022-11-25 09:30:00-05:00,1.2400000095367432,1.2400000095367432,1.1799999475479126,1.1799999475479126,15899,0.0,0.0
2022-11-25 10:30:00-05:00,1.2000000476837158,1.2100000381469727,1.190000057220459,1.2000000476837158,13818,0.0,0.0
2022-11-25 11:30:00-05:00,1.2000000476837158,1.2200000286102295,1.2000000476837158,1.2007999420166016,12536,0.0,0.0
2022-11-28 09:30:00-05:00,1.2400000095367432,1.2400000095367432,1.1800999641418457,1.1800999641418457,17198,0.0,0.0
2022-11-28 10:30:00-05:00,1.1799999475479126,1.190000057220459,1.1292999982833862,1.1799999475479126,243712,0.0,0.0
2022-11-28 11:30:00-05:00,1.1799999475479126,1.1799999475479126,1.1399999856948853,1.1399999856948853,20712,0.0,0.0
2022-11-28 12:30:00-05:00,1.1449999809265137,1.149999976158142,1.1299999952316284,1.1299999952316284,17857,0.0,0.0
2022-11-28 13:30:00-05:00,1.1299999952316284,1.1399999856948853,1.1299999952316284,1.139799952507019,29331,0.0,0.0
2022-11-28 14:30:00-05:00,1.1312999725341797,1.1399999856948853,1.1299999952316284,1.1399999856948853,16225,0.0,0.0
2022-11-28 15:30:00-05:00,1.1399999856948853,1.1399999856948853,1.1299999952316284,1.1299999952316284,28276,0.0,0.0
2022-11-29 09:30:00-05:00,1.1399999856948853,1.1799999475479126,1.1200000047683716,1.159999966621399,37638,0.0,0.0
2022-11-29 10:30:00-05:00,1.1539000272750854,1.190000057220459,1.1399999856948853,1.142699956893921,10902,0.0,0.0
2022-11-29 11:30:00-05:00,1.1407999992370605,1.159999966621399,1.1407999992370605,1.159999966621399,9064,0.0,0.0
2022-11-29 12:30:00-05:00,1.159999966621399,1.159999966621399,1.1500999927520752,1.159999966621399,6463,0.0,0.0
2022-11-29 13:30:00-05:00,1.159999966621399,1.1699999570846558,1.1549999713897705,1.1699999570846558,5283,0.0,0.0
2022-11-29 14:30:00-05:00,1.1699999570846558,1.1799999475479126,1.159999966621399,1.1799999475479126,11633,0.0,0.0
2022-11-29 15:30:00-05:00,1.1799999475479126,1.2000000476837158,1.1699999570846558,1.1699999570846558,0,0.0,0.0
2022-11-30 09:30:00-05:00,1.1399999856948853,1.190000057220459,1.1399999856948853,1.149999976158142,15412,0.0,0.0
2022-11-30 10:30:00-05:00,1.159999966621399,1.159999966621399,1.1399999856948853,1.1549999713897705,17760,0.0,0.0
2022-11-30 11:30:00-05:00,1.1549999713897705,1.190000057220459,1.1399999856948853,1.159999966621399,9638,0.0,0.0
2022-11-30 12:30:00-05:00,1.1549999713897705,1.159999966621399,1.149999976158142,1.149999976158142,6261,0.0,0.0
2022-11-30 13:30:00-05:00,1.149999976158142,1.2000000476837158,1.149999976158142,1.190000057220459,19520,0.0,0.0
2022-11-30 14:30:00-05:00,1.190000057220459,1.2000000476837158,1.1799999475479126,1.1799999475479126,11859,0.0,0.0
2022-11-30 15:30:00-05:00,1.184999942779541,1.2000000476837158,1.159999966621399,1.1699999570846558,23521,0.0,0.0
2022-12-01 09:30:00-05:00,1.1699999570846558,1.1799999475479126,1.159999966621399,1.1787999868392944,30235,0.0,0.0
2022-12-01 10:30:00-05:00,1.159999966621399,1.1799999475479126,1.159999966621399,1.1699999570846558,4103,0.0,0.0
2022-12-01 11:30:00-05:00,1.1799999475479126,1.1899000406265259,1.170699954032898,1.1799999475479126,4380,0.0,0.0
2022-12-01 12:30:00-05:00,1.190000057220459,1.190000057220459,1.160099983215332,1.1699999570846558,8255,0.0,0.0
2022-12-01 13:30:00-05:00,1.159999966621399,1.1699999570846558,1.159999966621399,1.1699999570846558,6869,0.0,0.0
2022-12-01 14:30:00-05:00,1.1698999404907227,1.1699999570846558,1.159999966621399,1.1699999570846558,4435,0.0,0.0
2022-12-01 15:30:00-05:00,1.159999966621399,1.1601999998092651,1.1399999856948853,1.159999966621399,0,0.0,0.0
2022-12-02 09:30:00-05:00,1.159999966621399,1.1799999475479126,1.149999976158142,1.1627000570297241,14520,0.0,0.0
2022-12-02 10:30:00-05:00,1.149999976158142,1.1675000190734863,1.1299999952316284,1.1449999809265137,18284,0.0,0.0
2022-12-02 11:30:00-05:00,1.1449999809265137,1.1598000526428223,1.0943000316619873,1.1549999713897705,98581,0.0,0.0
2022-12-02 12:30:00-05:00,1.149999976158142,1.149999976158142,1.1299999952316284,1.1299999952316284,5661,0.0,0.0
2022-12-02 13:30:00-05:00,1.1378999948501587,1.1699999570846558,1.1299999952316284,1.1299999952316284,9217,0.0,0.0
2022-12-02 14:30:00-05:00,1.1562000513076782,1.1562000513076782,1.1401000022888184,1.1434999704360962,7786,0.0,0.0
2022-12-02 15:30:00-05:00,1.149999976158142,1.149999976158142,1.1399999856948853,1.149999976158142,7519,0.0,0.0
2022-12-05 09:30:00-05:00,1.1399999856948853,1.159999966621399,1.1100000143051147,1.1200000047683716,15913,0.0,0.0
2022-12-05 10:30:00-05:00,1.123900055885315,1.190000057220459,1.1200000047683716,1.1794999837875366,21902,0.0,0.0
2022-12-05 11:30:00-05:00,1.1699999570846558,1.1699999570846558,1.1299999952316284,1.142199993133545,11756,0.0,0.0
2022-12-05 12:30:00-05:00,1.1309000253677368,1.1399999856948853,1.1200000047683716,1.1299999952316284,6928,0.0,0.0
2022-12-05 13:30:00-05:00,1.1299999952316284,1.149999976158142,1.1200000047683716,1.1299999952316284,32800,0.0,0.0
2022-12-05 14:30:00-05:00,1.1299999952316284,1.1399999856948853,1.1100000143051147,1.1399999856948853,17056,0.0,0.0
2022-12-05 15:30:00-05:00,1.1134999990463257,1.1399999856948853,1.1134999990463257,1.1200000047683716,3518,0.0,0.0
2022-12-06 09:30:00-05:00,1.1399999856948853,1.1399999856948853,1.1100000143051147,1.1198999881744385,12290,0.0,0.0
2022-12-06 10:30:00-05:00,1.118499994277954,1.1397000551223755,1.1150000095367432,1.1200000047683716,12873,0.0,0.0
2022-12-06 11:30:00-05:00,1.1200000047683716,1.1200000047683716,1.1100000143051147,1.1200000047683716,6842,0.0,0.0
2022-12-06 12:30:00-05:00,1.1150000095367432,1.1299999952316284,1.110200047492981,1.110200047492981,4521,0.0,0.0
2022-12-06 13:30:00-05:00,1.1126999855041504,1.1299999952316284,1.1100000143051147,1.1299999952316284,18560,0.0,0.0
2022-12-06 14:30:00-05:00,1.1399999856948853,1.1399999856948853,1.1200000047683716,1.1389000415802002,5896,0.0,0.0
2022-12-06 15:30:00-05:00,1.12090003490448,1.159999966621399,1.1200000047683716,1.159999966621399,23335,0.0,0.0
2022-12-07 09:30:00-05:00,1.1299999952316284,1.149999976158142,1.1100000143051147,1.1198999881744385,15344,0.0,0.0
2022-12-07 10:30:00-05:00,1.1200000047683716,1.1266000270843506,1.100000023841858,1.1200000047683716,9676,0.0,0.0
2022-12-07 11:30:00-05:00,1.1299999952316284,1.134600043296814,1.1100000143051147,1.134600043296814,10868,0.0,0.0
2022-12-07 12:30:00-05:00,1.1299999952316284,1.1301000118255615,1.1101000308990479,1.1128000020980835,6945,0.0,0.0
2022-12-07 13:30:00-05:00,1.1253000497817993,1.1299999952316284,1.1100000143051147,1.1299999952316284,10650,0.0,0.0
2022-12-07 14:30:00-05:00,1.1200000047683716,1.1299999952316284,1.1100000143051147,1.110200047492981,8364,0.0,0.0
2022-12-07 15:30:00-05:00,1.128499984741211,1.1299999952316284,1.100000023841858,1.1299999952316284,16910,0.0,0.0
2022-12-08 09:30:00-05:00,1.1152000427246094,1.1299999952316284,1.100000023841858,1.1299999952316284,76015,0.0,0.0
2022-12-08 10:30:00-05:00,1.1299999952316284,1.1299999952316284,1.1101000308990479,1.1200000047683716,8767,0.0,0.0
2022-12-08 11:30:00-05:00,1.1150000095367432,1.1150000095367432,1.0800000429153442,1.090000033378601,59614,0.0,0.0
2022-12-08 12:30:00-05:00,1.0850000381469727,1.090000033378601,1.0800000429153442,1.0850000381469727,20283,0.0,0.0
2022-12-08 13:30:00-05:00,1.080399990081787,1.0886000394821167,1.0399999618530273,1.0699000358581543,105801,0.0,0.0
2022-12-08 14:30:00-05:00,1.0700000524520874,1.0800000429153442,1.059999942779541,1.0800000429153442,17395,0.0,0.0
2022-12-08 15:30:00-05:00,1.0800000429153442,1.0800000429153442,1.059999942779541,1.0700000524520874,0,0.0,0.0
2022-12-09 09:30:00-05:00,1.090000033378601,1.090000033378601,1.0642999410629272,1.0642999410629272,14799,0.0,0.0
2022-12-09 10:30:00-05:00,1.0800000429153442,1.0800000429153442,1.0750000476837158,1.0750000476837158,1720,0.0,0.0
2022-12-09 11:30:00-05:00,1.0750000476837158,1.0800000429153442,1.0728000402450562,1.0728000402450562,1408,0.0,0.0
2022-12-09 12:30:00-05:00,1.079800009727478,1.0800000429153442,1.0499999523162842,1.0800000429153442,24098,0.0,0.0
2022-12-09 13:30:00-05:00,1.076799988746643,1.076799988746643,1.0684000253677368,1.0693000555038452,2343,0.0,0.0
2022-12-09 14:30:00-05:00,1.0700000524520874,1.0700000524520874,1.0499999523162842,1.069100022315979,4622,0.0,0.0
2022-12-09 15:30:00-05:00,1.059999942779541,1.0604000091552734,1.0499999523162842,1.0604000091552734,15567,0.0,0.0
2022-12-12 09:30:00-05:00,1.0800000429153442,1.0800000429153442,1.0399999618530273,1.065000057220459,24076,0.0,0.0
2022-12-12 10:30:00-05:00,1.065000057220459,1.065000057220459,1.0399999618530273,1.059999942779541,17018,0.0,0.0
2022-12-12 11:30:00-05:00,1.0499999523162842,1.059999942779541,1.0299999713897705,1.0400999784469604,35282,0.0,0.0
2022-12-12 12:30:00-05:00,1.0499999523162842,1.0700000524520874,1.0499999523162842,1.0499999523162842,2818,0.0,0.0
2022-12-12 13:30:00-05:00,1.0700000524520874,1.0700000524520874,1.044800043106079,1.044800043106079,29964,0.0,0.0
2022-12-12 14:30:00-05:00,1.0499999523162842,1.0700000524520874,1.0449999570846558,1.0600999593734741,31948,0.0,0.0
2022-12-12 15:30:00-05:00,1.065000057220459,1.0700000524520874,1.0499999523162842,1.0700000524520874,0,0.0,0.0
2022-12-13 09:30:00-05:00,1.090000033378601,1.100000023841858,1.0700000524520874,1.0800000429153442,14313,0.0,0.0
2022-12-13 10:30:00-05:00,1.0750000476837158,1.0800000429153442,1.0399999618530273,1.0700000524520874,69425,0.0,0.0
2022-12-13 11:30:00-05:00,1.0700000524520874,1.0700000524520874,1.0399999618530273,1.0400999784469604,11969,0.0,0.0
2022-12-13 12:30:00-05:00,1.0399999618530273,1.059999942779541,1.0299999713897705,1.0399999618530273,18397,0.0,0.0
2022-12-13 13:30:00-05:00,1.0499999523162842,1.0499999523162842,1.0099999904632568,1.0499999523162842,75890,0.0,0.0
2022-12-13 14:30:00-05:00,1.0499999523162842,1.0549999475479126,1.0099999904632568,1.0399999618530273,59439,0.0,0.0
2022-12-13 15:30:00-05:00,1.0499999523162842,1.059999942779541,1.0399999618530273,1.059999942779541,0,0.0,0.0
2022-12-14 09:30:00-05:00,1.0499999523162842,1.059999942779541,1.0299999713897705,1.0499999523162842,57561,0.0,0.0
2022-12-14 10:30:00-05:00,1.059999942779541,1.0700000524520874,1.0499999523162842,1.059999942779541,13871,0.0,0.0
2022-12-14 11:30:00-05:00,1.0600999593734741,1.0750000476837158,1.059999942779541,1.0700000524520874,18568,0.0,0.0
2022-12-14 12:30:00-05:00,1.070099949836731,1.0800000429153442,1.0499000549316406,1.0551999807357788,60391,0.0,0.0
2022-12-14 13:30:00-05:00,1.059999942779541,1.0678999423980713,1.0499999523162842,1.0499999523162842,6490,0.0,0.0
2022-12-14 14:30:00-05:00,1.0499999523162842,1.059999942779541,1.0413999557495117,1.0499999523162842,14744,0.0,0.0
2022-12-14 15:30:00-05:00,1.0499999523162842,1.0700000524520874,0.9399999976158142,0.9696000218391418,269583,0.0,0.0
2022-12-15 09:30:00-05:00,0.925000011920929,0.9699000120162964,0.9110000133514404,0.9307000041007996,82083,0.0,0.0
2022-12-15 10:30:00-05:00,0.9307000041007996,0.963100016117096,0.9266999959945679,0.9599999785423279,29765,0.0,0.0
2022-12-15 11:30:00-05:00,0.9589999914169312,0.963100016117096,0.9501100182533264,0.9623000025749207,19867,0.0,0.0
2022-12-15 12:30:00-05:00,0.9700000286102295,0.973800003528595,0.9677500128746033,0.9699000120162964,30511,0.0,0.0
2022-12-15 13:30:00-05:00,0.9645000100135803,0.968999981880188,0.9625999927520752,0.9634000062942505,15707,0.0,0.0
2022-12-15 14:30:00-05:00,0.9632999897003174,0.9632999897003174,0.9616000056266785,0.9625499844551086,4632,0.0,0.0
2022-12-15 15:30:00-05:00,0.9624999761581421,0.9624999761581421,0.9314000010490417,0.9333000183105469,30773,0.0,0.0
2022-12-16 09:30:00-05:00,0.8999999761581421,0.8999999761581421,0.8309000134468079,0.8428990244865417,141184,0.0,0.0
2022-12-16 10:30:00-05:00,0.8398990035057068,0.8999999761581421,0.8299999833106995,0.8999999761581421,144457,0.0,0.0
2022-12-16 11:30:00-05:00,0.886900007724762,0.8999999761581421,0.8744999766349792,0.8801000118255615,41418,0.0,0.0
2022-12-16 12:30:00-05:00,0.8949490189552307,0.9097999930381775,0.8899999856948853,0.909699022769928,43058,0.0,0.0
2022-12-16 13:30:00-05:00,0.9096999764442444,0.9230999946594238,0.8952999711036682,0.9199000000953674,14028,0.0,0.0
2022-12-16 14:30:00-05:00,0.9149500131607056,0.9199000000953674,0.8903999924659729,0.8999999761581421,110439,0.0,0.0
2022-12-16 15:30:00-05:00,0.8999999761581421,0.9034000039100647,0.8600000143051147,0.8741999864578247,44975,0.0,0.0
2022-12-19 09:30:00-05:00,0.8600000143051147,0.9169999957084656,0.8500000238418579,0.8547999858856201,25724,0.0,0.0
2022-12-19 10:30:00-05:00,0.8500000238418579,0.8549000024795532,0.8199999928474426,0.8199999928474426,53777,0.0,0.0
2022-12-19 11:30:00-05:00,0.8349000215530396,0.8675000071525574,0.8349000215530396,0.8500000238418579,13908,0.0,0.0
2022-12-19 12:30:00-05:00,0.8589000105857849,0.8675000071525574,0.8458999991416931,0.8458999991416931,7988,0.0,0.0
2022-12-19 13:30:00-05:00,0.8299999833106995,0.847599983215332,0.8199999928474426,0.8299999833106995,18467,0.0,0.0
2022-12-19 14:30:00-05:00,0.8199999928474426,0.838100016117096,0.8109999895095825,0.8109999895095825,12814,0.0,0.0
2022-12-19 15:30:00-05:00,0.8198999762535095,0.8296999931335449,0.8052999973297119,0.8199999928474426,101853,0.0,0.0
2022-12-20 09:30:00-05:00,0.8100000023841858,0.8496999740600586,0.8009999990463257,0.8104000091552734,49464,0.0,0.0
2022-12-20 10:30:00-05:00,0.8108000159263611,0.824999988079071,0.8101000189781189,0.8198999762535095,39771,0.0,0.0
2022-12-20 11:30:00-05:00,0.8198000192642212,0.8198999762535095,0.8115000128746033,0.8162000179290771,21110,0.0,0.0
2022-12-20 12:30:00-05:00,0.8141000270843506,0.816100001335144,0.8115000128746033,0.8117510080337524,24011,0.0,0.0
2022-12-20 13:30:00-05:00,0.8119999766349792,0.8119999766349792,0.8004999756813049,0.8044999837875366,29326,0.0,0.0
2022-12-20 14:30:00-05:00,0.8004999756813049,0.8004999756813049,0.7748000025749207,0.7949000000953674,103479,0.0,0.0
2022-12-20 15:30:00-05:00,0.7851999998092651,0.8083999752998352,0.7851999998092651,0.8083999752998352,20613,0.0,0.0
2022-12-21 09:30:00-05:00,0.8288000226020813,0.8288000226020813,0.781000018119812,0.7906000018119812,63188,0.0,0.0
2022-12-21 10:30:00-05:00,0.7900999784469604,0.8047000169754028,0.781000018119812,0.7944999933242798,50947,0.0,0.0
2022-12-21 11:30:00-05:00,0.7979990243911743,0.8019000291824341,0.7900000214576721,0.7900000214576721,16355,0.0,0.0
2022-12-21 12:30:00-05:00,0.7950000166893005,0.7975000143051147,0.7900000214576721,0.7973999977111816,12342,0.0,0.0
2022-12-21 13:30:00-05:00,0.7974990010261536,0.7974990010261536,0.7900000214576721,0.7939000129699707,10823,0.0,0.0
2022-12-21 14:30:00-05:00,0.7929499745368958,0.7958999872207642,0.7524999976158142,0.7728700041770935,56518,0.0,0.0
2022-12-21 15:30:00-05:00,0.7664989829063416,0.7753999829292297,0.762499988079071,0.7753000259399414,21957,0.0,0.0
2022-12-22 09:30:00-05:00,0.7554000020027161,0.7973999977111816,0.7250000238418579,0.7300000190734863,102641,0.0,0.0
2022-12-22 10:30:00-05:00,0.7299000024795532,0.7299000024795532,0.6901000142097473,0.699999988079071,95660,0.0,0.0
2022-12-22 11:30:00-05:00,0.6998999714851379,0.7031000256538391,0.6811000108718872,0.6811000108718872,222341,0.0,0.0
2022-12-22 12:30:00-05:00,0.6862000226974487,0.6862000226974487,0.6520000100135803,0.6675000190734863,93060,0.0,0.0
2022-12-22 13:30:00-05:00,0.6675000190734863,0.6700000166893005,0.652999997138977,0.6599990129470825,293780,0.0,0.0
2022-12-22 14:30:00-05:00,0.6598989963531494,0.7099999785423279,0.6520000100135803,0.6700000166893005,198483,0.0,0.0
2022-12-22 15:30:00-05:00,0.6700000166893005,0.6700000166893005,0.6664999723434448,0.6700000166893005,82270,0.0,0.0
2022-12-23 09:30:00-05:00,0.6800000071525574,0.6934499740600586,0.6309000253677368,0.6499000191688538,90745,0.0,0.0
2022-12-23 10:30:00-05:00,0.6499000191688538,0.6499999761581421,0.6498000025749207,0.6499999761581421,29901,0.0,0.0
2022-12-23 11:30:00-05:00,0.6499999761581421,0.6499999761581421,0.6352009773254395,0.6399999856948853,65735,0.0,0.0
2022-12-23 12:30:00-05:00,0.6399999856948853,0.6399999856948853,0.6389999985694885,0.6399999856948853,26819,0.0,0.0
2022-12-23 13:30:00-05:00,0.6399999856948853,0.6499999761581421,0.6399000287055969,0.6499999761581421,57566,0.0,0.0
2022-12-23 14:30:00-05:00,0.6499999761581421,0.6499999761581421,0.6491000056266785,0.6499000191688538,37323,0.0,0.0
2022-12-23 15:30:00-05:00,0.6499000191688538,0.6499999761581421,0.6498979926109314,0.6499999761581421,27180,0.0,0.0
2022-12-27 09:30:00-05:00,0.6456999778747559,0.6456999778747559,0.6150000095367432,0.6389999985694885,51092,0.0,0.0
2022-12-27 10:30:00-05:00,0.6299999952316284,0.6299999952316284,0.609499990940094,0.6110000014305115,57186,0.0,0.0
2022-12-27 11:30:00-05:00,0.6189000010490417,0.6399999856948853,0.6150000095367432,0.6399999856948853,114771,0.0,0.0
2022-12-27 12:30:00-05:00,0.6399999856948853,0.6399999856948853,0.6150000095367432,0.6325500011444092,362714,0.0,0.0
2022-12-27 13:30:00-05:00,0.6499999761581421,0.6499999761581421,0.6150000095367432,0.6150000095367432,10934,0.0,0.0
2022-12-27 14:30:00-05:00,0.6136000156402588,0.6150000095367432,0.5828999876976013,0.5909000039100647,74557,0.0,0.0
2022-12-27 15:30:00-05:00,0.5906999707221985,0.5999000072479248,0.590499997138977,0.5986999869346619,47130,0.0,0.0
2022-12-28 09:30:00-05:00,0.6150000095367432,0.6150000095367432,0.5450000166893005,0.5494999885559082,589605,0.0,0.0
2022-12-28 10:30:00-05:00,0.5496000051498413,0.5519999861717224,0.5471000075340271,0.5501000285148621,90804,0.0,0.0
2022-12-28 11:30:00-05:00,0.5598999857902527,0.5600000023841858,0.5450000166893005,0.5462999939918518,90795,0.0,0.0
2022-12-28 12:30:00-05:00,0.5451499819755554,0.5550000071525574,0.5438830256462097,0.545199990272522,98269,0.0,0.0
2022-12-28 13:30:00-05:00,0.5453000068664551,0.5453000068664551,0.49000000953674316,0.4934999942779541,463682,0.0,0.0
2022-12-28 14:30:00-05:00,0.4925999939441681,0.5299999713897705,0.4925999939441681,0.5299999713897705,355673,0.0,0.0
2022-12-28 15:30:00-05:00,0.529449999332428,0.5299999713897705,0.5285999774932861,0.5292999744415283,45937,0.0,0.0
2022-12-29 09:30:00-05:00,0.5600000023841858,0.5600000023841858,0.5464000105857849,0.5511999726295471,146585,0.0,0.0
2022-12-29 10:30:00-05:00,0.5569000244140625,0.5569000244140625,0.510200023651123,0.5269299745559692,191422,0.0,0.0
2022-12-29 11:30:00-05:00,0.5256999731063843,0.5400000214576721,0.5128999948501587,0.5347999930381775,240535,0.0,0.0
2022-12-29 12:30:00-05:00,0.5347999930381775,0.550000011920929,0.5347999930381775,0.550000011920929,89279,0.0,0.0
2022-12-29 13:30:00-05:00,0.5485000014305115,0.550000011920929,0.5400000214576721,0.550000011920929,51190,0.0,0.0
2022-12-29 14:30:00-05:00,0.5483499765396118,0.5569999814033508,0.5467000007629395,0.5569999814033508,97745,0.0,0.0
2022-12-29 15:30:00-05:00,0.5569499731063843,0.5575000047683716,0.5386000275611877,0.5575000047683716,108182,0.0,0.0
2022-12-30 09:30:00-05:00,0.5494999885559082,0.5799999833106995,0.5429999828338623,0.5782999992370605,83804,0.0,0.0
2022-12-30 10:30:00-05:00,0.5770999789237976,0.583899974822998,0.5601999759674072,0.5623000264167786,97145,0.0,0.0
2022-12-30 11:30:00-05:00,0.5699999928474426,0.5769000053405762,0.5507010221481323,0.5674999952316284,114134,0.0,0.0
2022-12-30 12:30:00-05:00,0.5674999952316284,0.5769000053405762,0.5602790117263794,0.572700023651123,46783,0.0,0.0
2022-12-30 13:30:00-05:00,0.572700023651123,0.572700023651123,0.5436999797821045,0.5498999953269958,54455,0.0,0.0
2022-12-30 14:30:00-05:00,0.550000011920929,0.5600000023841858,0.5446000099182129,0.5598000288009644,37212,0.0,0.0
2022-12-30 15:30:00-05:00,0.5511000156402588,0.572700023651123,0.5509999990463257,0.572700023651123,35981,0.0,0.0
2023-01-03 09:30:00-05:00,0.5737000107765198,0.5968999862670898,0.5662999749183655,0.5788000226020813,166362,0.0,0.0
2023-01-03 10:30:00-05:00,0.5782489776611328,0.5968999862670898,0.5611000061035156,0.5968999862670898,67010,0.0,0.0
2023-01-03 11:30:00-05:00,0.5968999862670898,0.5990999937057495,0.5799999833106995,0.5989000201225281,58324,0.0,0.0
2023-01-03 12:30:00-05:00,0.5989000201225281,0.5999000072479248,0.5899999737739563,0.5906999707221985,3665,0.0,0.0
2023-01-03 13:30:00-05:00,0.5909000039100647,0.5979999899864197,0.5788999795913696,0.5816500186920166,37984,0.0,0.0
2023-01-03 14:30:00-05:00,0.5817499756813049,0.5899999737739563,0.5753999948501587,0.5753999948501587,24315,0.0,0.0
2023-01-03 15:30:00-05:00,0.5699999928474426,0.5799999833106995,0.5626000165939331,0.5757499933242798,39192,0.0,0.0
2023-01-04 09:30:00-05:00,0.6000000238418579,0.6000000238418579,0.5814999938011169,0.5827500224113464,60255,0.0,0.0
2023-01-04 10:30:00-05:00,0.5823000073432922,0.589900016784668,0.574999988079071,0.5799999833106995,82481,0.0,0.0
2023-01-04 11:30:00-05:00,0.5774999856948853,0.5889999866485596,0.5751000046730042,0.5889000296592712,47877,0.0,0.0
2023-01-04 12:30:00-05:00,0.589900016784668,0.5899999737739563,0.5752000212669373,0.586899995803833,54641,0.0,0.0
2023-01-04 13:30:00-05:00,0.5849999785423279,0.5893999934196472,0.5669000148773193,0.5764999985694885,133268,0.0,0.0
2023-01-04 14:30:00-05:00,0.5669999718666077,0.5819500088691711,0.5630000233650208,0.5769000053405762,41057,0.0,0.0
2023-01-04 15:30:00-05:00,0.574999988079071,0.5849000215530396,0.5497000217437744,0.5799000263214111,107270,0.0,0.0
2023-01-05 09:30:00-05:00,0.5830000042915344,0.5860000252723694,0.5600000023841858,0.5799999833106995,47706,0.0,0.0
2023-01-05 10:30:00-05:00,0.5799000263214111,0.586899995803833,0.5669010281562805,0.5820000171661377,16236,0.0,0.0
2023-01-05 11:30:00-05:00,0.5799000263214111,0.5899999737739563,0.5669000148773193,0.5824999809265137,10212,0.0,0.0
2023-01-05 12:30:00-05:00,0.5751000046730042,0.5899999737739563,0.5600000023841858,0.589900016784668,67463,0.0,0.0
2023-01-05 13:30:00-05:00,0.5701000094413757,0.589900016784668,0.5600000023841858,0.5799000263214111,21885,0.0,0.0
2023-01-05 14:30:00-05:00,0.5640000104904175,0.5799999833106995,0.5640000104904175,0.5799000263214111,11815,0.0,0.0
2023-01-05 15:30:00-05:00,0.5799000263214111,0.5899999737739563,0.5699999928474426,0.589900016784668,74094,0.0,0.0
2023-01-06 09:30:00-05:00,0.5849999785423279,0.5895000100135803,0.5651000142097473,0.5768499970436096,72471,0.0,0.0
2023-01-06 10:30:00-05:00,0.5701000094413757,0.5849999785423279,0.5701000094413757,0.5824999809265137,106645,0.0,0.0
2023-01-06 11:30:00-05:00,0.5799999833106995,0.5849999785423279,0.57669997215271,0.5808010101318359,52500,0.0,0.0
2023-01-06 12:30:00-05:00,0.5802000164985657,0.5814999938011169,0.5710009932518005,0.574999988079071,38789,0.0,0.0
2023-01-06 13:30:00-05:00,0.5799000263214111,0.600600004196167,0.5699999928474426,0.5756199955940247,595146,0.0,0.0
2023-01-06 14:30:00-05:00,0.5848000049591064,0.6000000238418579,0.574999988079071,0.5950000286102295,171483,0.0,0.0
2023-01-06 15:30:00-05:00,0.5985000133514404,0.5985000133514404,0.5767999887466431,0.5895000100135803,24683,0.0,0.0
2023-01-09 09:30:00-05:00,0.5960000157356262,0.5989000201225281,0.5709999799728394,0.5849999785423279,172019,0.0,0.0
2023-01-09 10:30:00-05:00,0.5839999914169312,0.5889999866485596,0.5811010003089905,0.585099995136261,19136,0.0,0.0
2023-01-09 11:30:00-05:00,0.5849999785423279,0.5989000201225281,0.5849999785423279,0.5989000201225281,64644,0.0,0.0
2023-01-09 12:30:00-05:00,0.5989000201225281,0.60589998960495,0.5896999835968018,0.5899999737739563,65100,0.0,0.0
2023-01-09 13:30:00-05:00,0.5899999737739563,0.6050000190734863,0.5896499752998352,0.5898000001907349,38634,0.0,0.0
2023-01-09 14:30:00-05:00,0.5898000001907349,0.5899999737739563,0.5871009826660156,0.5896999835968018,26213,0.0,0.0
2023-01-09 15:30:00-05:00,0.5896999835968018,0.5896999835968018,0.574999988079071,0.5812000036239624,41225,0.0,0.0
2023-01-10 09:30:00-05:00,0.5899999737739563,0.5899999737739563,0.5751000046730042,0.5849000215530396,16909,0.0,0.0
2023-01-10 10:30:00-05:00,0.5849000215530396,0.589900016784668,0.5802000164985657,0.589900016784668,7792,0.0,0.0
2023-01-10 11:30:00-05:00,0.5801010131835938,0.5801010131835938,0.5504000186920166,0.5504000186920166,80886,0.0,0.0
2023-01-10 12:30:00-05:00,0.550000011920929,0.5699999928474426,0.550000011920929,0.5690000057220459,11199,0.0,0.0
2023-01-10 13:30:00-05:00,0.5698999762535095,0.5699999928474426,0.5339609980583191,0.550000011920929,133518,0.0,0.0
2023-01-10 14:30:00-05:00,0.5490999817848206,0.5799000263214111,0.5490999817848206,0.5685999989509583,17376,0.0,0.0
2023-01-10 15:30:00-05:00,0.5600000023841858,0.5633990168571472,0.550000011920929,0.550000011920929,50019,0.0,0.0
2023-01-11 09:30:00-05:00,0.5636000037193298,0.5799999833106995,0.5590999722480774,0.5698999762535095,40557,0.0,0.0
2023-01-11 10:30:00-05:00,0.5763999819755554,0.5777000188827515,0.560001015663147,0.5702000260353088,29463,0.0,0.0
2023-01-11 11:30:00-05:00,0.5738509893417358,0.5789999961853027,0.5403000116348267,0.5622000098228455,77385,0.0,0.0
2023-01-11 12:30:00-05:00,0.5623000264167786,0.5778999924659729,0.5601999759674072,0.574999988079071,5737,0.0,0.0
2023-01-11 13:30:00-05:00,0.5748509764671326,0.574999988079071,0.5600000023841858,0.5601000189781189,19742,0.0,0.0
2023-01-11 14:30:00-05:00,0.5600000023841858,0.5602999925613403,0.5501999855041504,0.5600000023841858,43233,0.0,0.0
2023-01-11 15:30:00-05:00,0.5600500106811523,0.5734000205993652,0.5600500106811523,0.5611000061035156,15113,0.0,0.0
2023-01-12 09:30:00-05:00,0.5612999796867371,0.5799999833106995,0.5421000123023987,0.550000011920929,125772,0.0,0.0
2023-01-12 10:30:00-05:00,0.5499989986419678,0.5613999962806702,0.5453000068664551,0.5613999962806702,72253,0.0,0.0
2023-01-12 11:30:00-05:00,0.5550000071525574,0.5709999799728394,0.5550000071525574,0.5651000142097473,35676,0.0,0.0
2023-01-12 12:30:00-05:00,0.5651000142097473,0.5709999799728394,0.5600000023841858,0.5600000023841858,12607,0.0,0.0
2023-01-12 13:30:00-05:00,0.565500020980835,0.5701000094413757,0.5600000023841858,0.5694500207901001,28399,0.0,0.0
2023-01-12 14:30:00-05:00,0.5699999928474426,0.5699999928474426,0.5688999891281128,0.5698999762535095,13610,0.0,0.0
2023-01-12 15:30:00-05:00,0.5698000192642212,0.5792999863624573,0.5680000185966492,0.5684999823570251,0,0.0,0.0
2023-01-13 09:30:00-05:00,0.5699999928474426,0.6136999726295471,0.5699999928474426,0.6050000190734863,130334,0.0,0.0
2023-01-13 10:30:00-05:00,0.6000000238418579,0.6100000143051147,0.6000000238418579,0.6100000143051147,52499,0.0,0.0
2023-01-13 11:30:00-05:00,0.6014999747276306,0.6057999730110168,0.5900999903678894,0.5928999781608582,40058,0.0,0.0
2023-01-13 12:30:00-05:00,0.5957000255584717,0.6003000140190125,0.5899999737739563,0.5983999967575073,25939,0.0,0.0
2023-01-13 13:30:00-05:00,0.6008999943733215,0.6050000190734863,0.5860000252723694,0.6050000190734863,4953,0.0,0.0
2023-01-13 14:30:00-05:00,0.5950000286102295,0.6050000190734863,0.5799999833106995,0.5800999999046326,41537,0.0,0.0
2023-01-13 15:30:00-05:00,0.5838000178337097,0.5982999801635742,0.5812000036239624,0.5812000036239624,12826,0.0,0.0
2023-01-17 09:30:00-05:00,0.6000000238418579,0.626999020576477,0.5946000218391418,0.6244999766349792,96919,0.0,0.0
2023-01-17 10:30:00-05:00,0.6244999766349792,0.6298999786376953,0.621999979019165,0.6230999827384949,71604,0.0,0.0
2023-01-17 11:30:00-05:00,0.6246500015258789,0.625,0.621999979019165,0.6247000098228455,36095,0.0,0.0
2023-01-17 12:30:00-05:00,0.6248000264167786,0.625,0.6150000095367432,0.6150000095367432,57943,0.0,0.0
2023-01-17 13:30:00-05:00,0.6151009798049927,0.6298999786376953,0.6150000095367432,0.6262500286102295,30615,0.0,0.0
2023-01-17 14:30:00-05:00,0.629800021648407,0.6298999786376953,0.621999979019165,0.6240000128746033,66268,0.0,0.0
2023-01-17 15:30:00-05:00,0.6241000294685364,0.6298999786376953,0.6241000294685364,0.6287000179290771,14997,0.0,0.0
2023-01-18 09:30:00-05:00,0.6290000081062317,0.6328999996185303,0.6201000213623047,0.631600022315979,89286,0.0,0.0
2023-01-18 10:30:00-05:00,0.6299999952316284,0.631600022315979,0.5799999833106995,0.6008999943733215,118241,0.0,0.0
2023-01-18 11:30:00-05:00,0.5809999704360962,0.6107000112533569,0.5809999704360962,0.6107000112533569,20334,0.0,0.0
2023-01-18 12:30:00-05:00,0.6007000207901001,0.6299999952316284,0.5992000102996826,0.6200000047683716,14608,0.0,0.0
2023-01-18 13:30:00-05:00,0.6100000143051147,0.6200000047683716,0.6000000238418579,0.6194000244140625,32278,0.0,0.0
2023-01-18 14:30:00-05:00,0.6190000176429749,0.6193990111351013,0.6000000238418579,0.6159999966621399,18748,0.0,0.0
2023-01-18 15:30:00-05:00,0.6158999800682068,0.6193000078201294,0.6000000238418579,0.618399977684021,17537,0.0,0.0
2023-01-19 09:30:00-05:00,0.6000000238418579,0.6098999977111816,0.5900009870529175,0.6000000238418579,24606,0.0,0.0
2023-01-19 10:30:00-05:00,0.6000000238418579,0.6098999977111816,0.6000000238418579,0.6098999977111816,14390,0.0,0.0
2023-01-19 11:30:00-05:00,0.604951024055481,0.6098999977111816,0.6000000238418579,0.6015009880065918,26395,0.0,0.0
2023-01-19 12:30:00-05:00,0.6057000160217285,0.6098999977111816,0.5899999737739563,0.5899999737739563,6188,0.0,0.0
2023-01-19 13:30:00-05:00,0.6096000075340271,0.6098999977111816,0.5950000286102295,0.5995219945907593,29059,0.0,0.0
2023-01-19 14:30:00-05:00,0.6098989844322205,0.6098999977111816,0.5899999737739563,0.6094989776611328,6177,0.0,0.0
2023-01-19 15:30:00-05:00,0.5901010036468506,0.6000000238418579,0.5899999737739563,0.5910999774932861,0,0.0,0.0
2023-01-20 09:30:00-05:00,0.5950000286102295,0.6100000143051147,0.5849999785423279,0.5929999947547913,35377,0.0,0.0
2023-01-20 10:30:00-05:00,0.5910000205039978,0.59579998254776,0.5800999999046326,0.5910000205039978,20405,0.0,0.0
2023-01-20 11:30:00-05:00,0.5809999704360962,0.5809999704360962,0.5705999732017517,0.5791000127792358,22699,0.0,0.0
2023-01-20 12:30:00-05:00,0.5791000127792358,0.5867999792098999,0.5770000219345093,0.5794000029563904,16261,0.0,0.0
2023-01-20 13:30:00-05:00,0.5788000226020813,0.5806999802589417,0.5759999752044678,0.5806999802589417,9795,0.0,0.0
2023-01-20 14:30:00-05:00,0.5892999768257141,0.5892999768257141,0.5750489830970764,0.5800999999046326,49009,0.0,0.0
2023-01-20 15:30:00-05:00,0.5800999999046326,0.5839999914169312,0.5788999795913696,0.5838000178337097,16181,0.0,0.0
2023-01-23 09:30:00-05:00,0.6000000238418579,0.6197999715805054,0.5999990105628967,0.6100000143051147,35295,0.0,0.0
2023-01-23 10:30:00-05:00,0.6139000058174133,0.6200000047683716,0.6115000247955322,0.616100013256073,20958,0.0,0.0
2023-01-23 11:30:00-05:00,0.6161999702453613,0.6269000172615051,0.6161999702453613,0.6174989938735962,14836,0.0,0.0
2023-01-23 12:30:00-05:00,0.6175000071525574,0.6200000047683716,0.6148999929428101,0.6150000095367432,8111,0.0,0.0
2023-01-23 13:30:00-05:00,0.616100013256073,0.6200000047683716,0.613099992275238,0.613099992275238,9711,0.0,0.0
2023-01-23 14:30:00-05:00,0.6132010221481323,0.6169000267982483,0.6100000143051147,0.6100000143051147,10572,0.0,0.0
2023-01-23 15:30:00-05:00,0.6011000275611877,0.6169000267982483,0.6011000275611877,0.6108999848365784,12318,0.0,0.0
2023-01-24 09:30:00-05:00,0.6157000064849854,0.6157000064849854,0.6079000234603882,0.610601007938385,80931,0.0,0.0
2023-01-24 10:30:00-05:00,0.6105999946594238,0.6298999786376953,0.6105999946594238,0.6298999786376953,29405,0.0,0.0
2023-01-24 11:30:00-05:00,0.6277999877929688,0.6277999877929688,0.6150000095367432,0.6150000095367432,6903,0.0,0.0
2023-01-24 12:30:00-05:00,0.6151000261306763,0.6190850138664246,0.6151000261306763,0.618399977684021,4260,0.0,0.0
2023-01-24 13:30:00-05:00,0.6201000213623047,0.6215000152587891,0.6155999898910522,0.6187999844551086,2427,0.0,0.0
2023-01-24 14:30:00-05:00,0.6154999732971191,0.6401000022888184,0.6154999732971191,0.6398000121116638,173765,0.0,0.0
2023-01-24 15:30:00-05:00,0.6312999725341797,0.632099986076355,0.618399977684021,0.632099986076355,6142,0.0,0.0
2023-01-25 09:30:00-05:00,0.6100000143051147,0.6399989724159241,0.6100000143051147,0.6299989819526672,15401,0.0,0.0
2023-01-25 10:30:00-05:00,0.6169999837875366,0.6299999952316284,0.6169999837875366,0.6269000172615051,5868,0.0,0.0
2023-01-25 11:30:00-05:00,0.6251999735832214,0.6269999742507935,0.6136000156402588,0.623199999332428,20412,0.0,0.0
2023-01-25 12:30:00-05:00,0.6248999834060669,0.6299999952316284,0.6000999808311462,0.6200000047683716,25777,0.0,0.0
2023-01-25 13:30:00-05:00,0.6200000047683716,0.636900007724762,0.6200000047683716,0.6251000165939331,12998,0.0,0.0
2023-01-25 14:30:00-05:00,0.6309999823570251,0.636900007724762,0.6107000112533569,0.6128000020980835,12288,0.0,0.0
2023-01-25 15:30:00-05:00,0.6140999794006348,0.6284999847412109,0.6140000224113464,0.6201000213623047,0,0.0,0.0
2023-01-26 09:30:00-05:00,0.6200000047683716,0.6480000019073486,0.6200000047683716,0.6255999803543091,30340,0.0,0.0
2023-01-26 10:30:00-05:00,0.6298999786376953,0.6498000025749207,0.6254000067710876,0.6449000239372253,63604,0.0,0.0
2023-01-26 11:30:00-05:00,0.6449000239372253,0.6758990287780762,0.6299999952316284,0.6748999953269958,40552,0.0,0.0
2023-01-26 12:30:00-05:00,0.6694499850273132,0.6747999787330627,0.6500999927520752,0.6549999713897705,31457,0.0,0.0
2023-01-26 13:30:00-05:00,0.6500999927520752,0.6607999801635742,0.6349999904632568,0.6502010226249695,13484,0.0,0.0
2023-01-26 14:30:00-05:00,0.650501012802124,0.6800000071525574,0.650501012802124,0.6729000210762024,56809,0.0,0.0
2023-01-26 15:30:00-05:00,0.6800000071525574,0.6800000071525574,0.6664999723434448,0.6736999750137329,31462,0.0,0.0
2023-01-27 09:30:00-05:00,0.7099999785423279,0.7157999873161316,0.6899999976158142,0.7071250081062317,133005,0.0,0.0
2023-01-27 10:30:00-05:00,0.7073500156402588,0.7099000215530396,0.6899999976158142,0.6899999976158142,36118,0.0,0.0
2023-01-27 11:30:00-05:00,0.6909999847412109,0.6920999884605408,0.6800000071525574,0.6801999807357788,25414,0.0,0.0
2023-01-27 12:30:00-05:00,0.6829000115394592,0.694599986076355,0.6800000071525574,0.6906999945640564,4653,0.0,0.0
2023-01-27 13:30:00-05:00,0.6906999945640564,0.690900981426239,0.6495000123977661,0.6747000217437744,48487,0.0,0.0
2023-01-27 14:30:00-05:00,0.6700000166893005,0.687690019607544,0.6545000076293945,0.6749500036239624,32670,0.0,0.0
2023-01-27 15:30:00-05:00,0.6700999736785889,0.6796000003814697,0.6549999713897705,0.6549999713897705,19664,0.0,0.0
2023-01-30 09:30:00-05:00,0.6579999923706055,0.6800000071525574,0.6579999923706055,0.6699000000953674,43083,0.0,0.0
2023-01-30 10:30:00-05:00,0.6690000295639038,0.6700000166893005,0.6621000170707703,0.6697999835014343,10028,0.0,0.0
2023-01-30 11:30:00-05:00,0.6643009781837463,0.6699000000953674,0.6610999703407288,0.6699000000953674,24595,0.0,0.0
2023-01-30 12:30:00-05:00,0.6699000000953674,0.6798999905586243,0.6611009836196899,0.6796000003814697,15893,0.0,0.0
2023-01-30 13:30:00-05:00,0.6796000003814697,0.6797999739646912,0.6700000166893005,0.6700000166893005,25261,0.0,0.0
2023-01-30 14:30:00-05:00,0.675000011920929,0.6788989901542664,0.6700000166893005,0.6739500164985657,6307,0.0,0.0
2023-01-30 15:30:00-05:00,0.6703000068664551,0.6713749766349792,0.6610999703407288,0.6700999736785889,11698,0.0,0.0
2023-01-31 09:30:00-05:00,0.6610999703407288,0.6899999976158142,0.6524999737739563,0.6700999736785889,51013,0.0,0.0
2023-01-31 10:30:00-05:00,0.6848999857902527,0.6848999857902527,0.6700000166893005,0.6800000071525574,22355,0.0,0.0
2023-01-31 11:30:00-05:00,0.6800000071525574,0.6876000165939331,0.6800000071525574,0.6876000165939331,38108,0.0,0.0
2023-01-31 12:30:00-05:00,0.6898999810218811,0.6899999976158142,0.6852999925613403,0.6899999976158142,3968,0.0,0.0
2023-01-31 13:30:00-05:00,0.6899999976158142,0.7002999782562256,0.684909999370575,0.6990000009536743,17882,0.0,0.0
2023-01-31 14:30:00-05:00,0.6901999711990356,0.6983000040054321,0.6601999998092651,0.6601999998092651,56912,0.0,0.0
2023-01-31 15:30:00-05:00,0.6604999899864197,0.6665999889373779,0.6604999899864197,0.6636999845504761,0,0.0,0.0
2023-02-01 09:30:00-05:00,0.6899999976158142,0.6899999976158142,0.6600000262260437,0.660099983215332,45766,0.0,0.0
2023-02-01 10:30:00-05:00,0.6601999998092651,0.6850000023841858,0.660099983215332,0.6764000058174133,20752,0.0,0.0
2023-02-01 11:30:00-05:00,0.6827999949455261,0.6827999949455261,0.6686999797821045,0.6686999797821045,2154,0.0,0.0
2023-02-01 12:30:00-05:00,0.6705999970436096,0.6705999970436096,0.6601999998092651,0.6601999998092651,1324,0.0,0.0
2023-02-01 13:30:00-05:00,0.6700000166893005,0.680400013923645,0.6601999998092651,0.670149028301239,23903,0.0,0.0
2023-02-01 14:30:00-05:00,0.6610999703407288,0.6815999746322632,0.6610999703407288,0.6814000010490417,16563,0.0,0.0
2023-02-01 15:30:00-05:00,0.6805999875068665,0.6899999976158142,0.6801999807357788,0.6801999807357788,39869,0.0,0.0
2023-02-02 09:30:00-05:00,0.6800000071525574,0.7139000296592712,0.6800000071525574,0.7049999833106995,48391,0.0,0.0
2023-02-02 10:30:00-05:00,0.7099990248680115,0.7287989854812622,0.7066500186920166,0.7196000218391418,81315,0.0,0.0
2023-02-02 11:30:00-05:00,0.7099999785423279,0.7099999785423279,0.6812999844551086,0.6895009875297546,48065,0.0,0.0
2023-02-02 12:30:00-05:00,0.6894999742507935,0.6977999806404114,0.6873999834060669,0.6977999806404114,21134,0.0,0.0
2023-02-02 13:30:00-05:00,0.6905999779701233,0.7200000286102295,0.6880999803543091,0.7099000215530396,45840,0.0,0.0
2023-02-02 14:30:00-05:00,0.699999988079071,0.7098000049591064,0.6812000274658203,0.7013999819755554,26315,0.0,0.0
2023-02-02 15:30:00-05:00,0.6930999755859375,0.6963000297546387,0.6843000054359436,0.6962990164756775,13664,0.0,0.0
2023-02-03 09:30:00-05:00,0.6949999928474426,0.6998999714851379,0.6887999773025513,0.6974490284919739,33024,0.0,0.0
2023-02-03 10:30:00-05:00,0.6998000144958496,0.7289999723434448,0.6951000094413757,0.7289999723434448,50320,0.0,0.0
2023-02-03 11:30:00-05:00,0.7289999723434448,0.7368999719619751,0.7251009941101074,0.7253000140190125,40472,0.0,0.0
2023-02-03 12:30:00-05:00,0.7368999719619751,0.7368999719619751,0.692799985408783,0.7110999822616577,83418,0.0,0.0
2023-02-03 13:30:00-05:00,0.7099999785423279,0.7200000286102295,0.7099999785423279,0.7104039788246155,8326,0.0,0.0
2023-02-03 14:30:00-05:00,0.7196000218391418,0.7197999954223633,0.6969000101089478,0.7197999954223633,30219,0.0,0.0
2023-02-03 15:30:00-05:00,0.7197999954223633,0.7197999954223633,0.7091000080108643,0.7195000052452087,7653,0.0,0.0
2023-02-06 09:30:00-05:00,0.7200000286102295,0.7200000286102295,0.6798999905586243,0.6798999905586243,48982,0.0,0.0
2023-02-06 10:30:00-05:00,0.6753000020980835,0.6797999739646912,0.660099983215332,0.6747999787330627,47551,0.0,0.0
2023-02-06 11:30:00-05:00,0.6796000003814697,0.6796000003814697,0.661899983882904,0.6794000267982483,28961,0.0,0.0
2023-02-06 12:30:00-05:00,0.6747000217437744,0.6794999837875366,0.6653000116348267,0.675000011920929,20716,0.0,0.0
2023-02-06 13:30:00-05:00,0.6748989820480347,0.6797000169754028,0.6650000214576721,0.6796000003814697,4578,0.0,0.0
2023-02-06 14:30:00-05:00,0.6747999787330627,0.6796000003814697,0.6650000214576721,0.6700999736785889,5069,0.0,0.0
2023-02-06 15:30:00-05:00,0.6797000169754028,0.7099999785423279,0.6797000169754028,0.6797000169754028,0,0.0,0.0
2023-02-07 09:30:00-05:00,0.6751999855041504,0.6800000071525574,0.6600000262260437,0.6769999861717224,51747,0.0,0.0
2023-02-07 10:30:00-05:00,0.6696000099182129,0.6789000034332275,0.6621000170707703,0.6758999824523926,19557,0.0,0.0
2023-02-07 11:30:00-05:00,0.6758999824523926,0.6794000267982483,0.6737989783287048,0.679099977016449,4123,0.0,0.0
2023-02-07 12:30:00-05:00,0.675000011920929,0.6791999936103821,0.660099983215332,0.6650099754333496,15408,0.0,0.0
2023-02-07 13:30:00-05:00,0.6791989803314209,0.6791999936103821,0.6650000214576721,0.6699000000953674,14458,0.0,0.0
2023-02-07 14:30:00-05:00,0.6699000000953674,0.6699000000953674,0.6401000022888184,0.6599000096321106,29446,0.0,0.0
2023-02-07 15:30:00-05:00,0.6599000096321106,0.6779999732971191,0.6599000096321106,0.6779999732971191,0,0.0,0.0
2023-02-08 09:30:00-05:00,0.675000011920929,0.6778990030288696,0.6625000238418579,0.6650000214576721,30122,0.0,0.0
2023-02-08 10:30:00-05:00,0.6630399823188782,0.6779999732971191,0.6600000262260437,0.6600000262260437,75211,0.0,0.0
2023-02-08 11:30:00-05:00,0.656000018119812,0.6560999751091003,0.6301000118255615,0.6301000118255615,73730,0.0,0.0
2023-02-08 12:30:00-05:00,0.649603009223938,0.6498000025749207,0.6399999856948853,0.6401000022888184,7145,0.0,0.0
2023-02-08 13:30:00-05:00,0.6401000022888184,0.6499999761581421,0.6334999799728394,0.6352009773254395,28728,0.0,0.0
2023-02-08 14:30:00-05:00,0.6399000287055969,0.6499999761581421,0.6352999806404114,0.6499000191688538,16780,0.0,0.0
2023-02-08 15:30:00-05:00,0.6449000239372253,0.6499000191688538,0.6395000219345093,0.6499000191688538,14650,0.0,0.0
2023-02-09 09:30:00-05:00,0.6399999856948853,0.6399999856948853,0.6202999949455261,0.6202999949455261,27763,0.0,0.0
2023-02-09 10:30:00-05:00,0.6202499866485596,0.6202499866485596,0.6011000275611877,0.604200005531311,56187,0.0,0.0
2023-02-09 11:30:00-05:00,0.6026989817619324,0.6100000143051147,0.6010990142822266,0.6019999980926514,25931,0.0,0.0
2023-02-09 12:30:00-05:00,0.6018999814987183,0.6100000143051147,0.5990999937057495,0.6098989844322205,48325,0.0,0.0
2023-02-09 13:30:00-05:00,0.6100000143051147,0.6215999722480774,0.6089000105857849,0.618399977684021,17331,0.0,0.0
2023-02-09 14:30:00-05:00,0.6198999881744385,0.6215999722480774,0.6075999736785889,0.6207000017166138,74280,0.0,0.0
2023-02-09 15:30:00-05:00,0.6202999949455261,0.6215999722480774,0.6092000007629395,0.6215999722480774,34620,0.0,0.0
2023-02-10 09:30:00-05:00,0.6299999952316284,0.6299999952316284,0.5960000157356262,0.609000027179718,46757,0.0,0.0
2023-02-10 10:30:00-05:00,0.6011999845504761,0.611299991607666,0.5961009860038757,0.6098999977111816,11037,0.0,0.0
2023-02-10 11:30:00-05:00,0.6098999977111816,0.611299991607666,0.6098999977111816,0.6106500029563904,25283,0.0,0.0
2023-02-10 12:30:00-05:00,0.611299991607666,0.6215999722480774,0.6100000143051147,0.6215999722480774,14567,0.0,0.0
2023-02-10 13:30:00-05:00,0.6212000250816345,0.6212000250816345,0.6158999800682068,0.619700014591217,2782,0.0,0.0
2023-02-10 14:30:00-05:00,0.6119999885559082,0.6195999979972839,0.6050000190734863,0.6100000143051147,15737,0.0,0.0
2023-02-10 15:30:00-05:00,0.6193000078201294,0.6194000244140625,0.6101009845733643,0.6101009845733643,16201,0.0,0.0
2023-02-13 09:30:00-05:00,0.6011000275611877,0.6200000047683716,0.6000000238418579,0.6024990081787109,33779,0.0,0.0
2023-02-13 10:30:00-05:00,0.6000000238418579,0.6198999881744385,0.6000000238418579,0.6150000095367432,12921,0.0,0.0
2023-02-13 11:30:00-05:00,0.6100999712944031,0.6100999712944031,0.5809999704360962,0.5900999903678894,30737,0.0,0.0
2023-02-13 12:30:00-05:00,0.5997999906539917,0.6150000095367432,0.5900999903678894,0.6126739978790283,76604,0.0,0.0
2023-02-13 13:30:00-05:00,0.6100000143051147,0.6100000143051147,0.5950000286102295,0.6100000143051147,12720,0.0,0.0
2023-02-13 14:30:00-05:00,0.6098999977111816,0.6098999977111816,0.6000000238418579,0.609499990940094,6684,0.0,0.0
2023-02-13 15:30:00-05:00,0.6086779832839966,0.6093999743461609,0.6000000238418579,0.600600004196167,0,0.0,0.0
2023-02-14 09:30:00-05:00,0.6067000031471252,0.6067000031471252,0.5799999833106995,0.6065000295639038,5737,0.0,0.0
2023-02-14 10:30:00-05:00,0.6000000238418579,0.6065999865531921,0.6000000238418579,0.6027629971504211,7125,0.0,0.0
2023-02-14 11:30:00-05:00,0.6007999777793884,0.6064000129699707,0.6000000238418579,0.6000999808311462,1892,0.0,0.0
2023-02-14 12:30:00-05:00,0.6000000238418579,0.6067000031471252,0.5800999999046326,0.5899999737739563,30189,0.0,0.0
2023-02-14 13:30:00-05:00,0.6000000238418579,0.6100000143051147,0.585099995136261,0.585099995136261,25292,0.0,0.0
2023-02-14 14:30:00-05:00,0.5851500034332275,0.5852000117301941,0.5800999999046326,0.5821999907493591,24321,0.0,0.0
2023-02-14 15:30:00-05:00,0.582099974155426,0.6194999814033508,0.582099974155426,0.6191999912261963,0,0.0,0.0
2023-02-15 09:30:00-05:00,0.5799999833106995,0.604200005531311,0.5799999833106995,0.6000000238418579,47386,0.0,0.0
2023-02-15 10:30:00-05:00,0.6000000238418579,0.6191999912261963,0.5899999737739563,0.5999000072479248,46222,0.0,0.0
2023-02-15 11:30:00-05:00,0.5999000072479248,0.6096000075340271,0.5999000072479248,0.6000999808311462,9222,0.0,0.0
2023-02-15 12:30:00-05:00,0.6104999780654907,0.6183000206947327,0.5950000286102295,0.6003999710083008,16260,0.0,0.0
2023-02-15 13:30:00-05:00,0.5972999930381775,0.6100000143051147,0.5814999938011169,0.5860000252723694,39868,0.0,0.0
2023-02-15 14:30:00-05:00,0.5972999930381775,0.5999000072479248,0.5860000252723694,0.5914999842643738,5412,0.0,0.0
2023-02-15 15:30:00-05:00,0.5885000228881836,0.5981990098953247,0.5860999822616577,0.5861999988555908,27859,0.0,0.0
2023-02-16 09:30:00-05:00,0.5860999822616577,0.6000000238418579,0.5569000244140625,0.5611000061035156,61246,0.0,0.0
2023-02-16 10:30:00-05:00,0.5633999705314636,0.5669999718666077,0.5611000061035156,0.5655999779701233,17725,0.0,0.0
2023-02-16 11:30:00-05:00,0.5669000148773193,0.5669999718666077,0.5611000061035156,0.5669000148773193,13405,0.0,0.0
2023-02-16 12:30:00-05:00,0.5669999718666077,0.5799999833106995,0.5669999718666077,0.5753999948501587,17829,0.0,0.0
2023-02-16 13:30:00-05:00,0.5778989791870117,0.5778999924659729,0.5649999976158142,0.5774999856948853,3708,0.0,0.0
2023-02-16 14:30:00-05:00,0.5659999847412109,0.5899999737739563,0.5651000142097473,0.5748999714851379,3774,0.0,0.0
2023-02-16 15:30:00-05:00,0.5899999737739563,0.5899999737739563,0.5694000124931335,0.5694000124931335,0,0.0,0.0
2023-02-17 09:30:00-05:00,0.589900016784668,0.5956000089645386,0.5691009759902954,0.5924000144004822,23368,0.0,0.0
2023-02-17 10:30:00-05:00,0.595300018787384,0.6000000238418579,0.5626009702682495,0.5626009702682495,39624,0.0,0.0
2023-02-17 11:30:00-05:00,0.5873000025749207,0.5873000025749207,0.5699999928474426,0.5707499980926514,11791,0.0,0.0
2023-02-17 12:30:00-05:00,0.5849999785423279,0.5849999785423279,0.5601999759674072,0.574999988079071,39621,0.0,0.0
2023-02-17 13:30:00-05:00,0.574999988079071,0.5848000049591064,0.5649999976158142,0.5749989748001099,8200,0.0,0.0
2023-02-17 14:30:00-05:00,0.5699999928474426,0.5839999914169312,0.5649999976158142,0.5839999914169312,3985,0.0,0.0
2023-02-17 15:30:00-05:00,0.57464998960495,0.5799990296363831,0.5699999928474426,0.5699999928474426,2439,0.0,0.0
2023-02-21 09:30:00-05:00,0.5799999833106995,0.5799999833106995,0.5600000023841858,0.5605000257492065,0,0.0,0.0
2023-02-21 10:30:00-05:00,0.5649999976158142,0.5698999762535095,0.5605999827384949,0.5625010132789612,19385,0.0,0.0
2023-02-21 11:30:00-05:00,0.5698000192642212,0.5799999833106995,0.5605999827384949,0.5633000135421753,15011,0.0,0.0
2023-02-21 12:30:00-05:00,0.560699999332428,0.5655999779701233,0.5555999875068665,0.5655999779701233,14562,0.0,0.0
2023-02-21 13:30:00-05:00,0.5692999958992004,0.5698999762535095,0.5615000128746033,0.5656499862670898,5579,0.0,0.0
2023-02-21 14:30:00-05:00,0.5613999962806702,0.5697000026702881,0.5609999895095825,0.5695000290870667,2653,0.0,0.0
2023-02-21 15:30:00-05:00,0.5630000233650208,0.5698000192642212,0.555899977684021,0.5600000023841858,23061,0.0,0.0
2023-02-22 09:30:00-05:00,0.5600000023841858,0.5600000023841858,0.5509999990463257,0.5598999857902527,18752,0.0,0.0
2023-02-22 10:30:00-05:00,0.5551000237464905,0.565500020980835,0.5525000095367432,0.5587999820709229,11443,0.0,0.0
2023-02-22 11:30:00-05:00,0.5526999831199646,0.5649999976158142,0.5509999990463257,0.5565000176429749,10954,0.0,0.0
2023-02-22 12:30:00-05:00,0.5559999942779541,0.5648999810218811,0.5541999936103821,0.5541999936103821,17753,0.0,0.0
2023-02-22 13:30:00-05:00,0.5550000071525574,0.5550000071525574,0.5511000156402588,0.5529999732971191,2575,0.0,0.0
2023-02-22 14:30:00-05:00,0.5529999732971191,0.5598999857902527,0.5444999933242798,0.5555999875068665,21837,0.0,0.0
2023-02-22 15:30:00-05:00,0.5598000288009644,0.5600000023841858,0.5511999726295471,0.5511999726295471,9943,0.0,0.0
2023-02-23 09:30:00-05:00,0.550000011920929,0.5799000263214111,0.550000011920929,0.5649499893188477,13404,0.0,0.0
2023-02-23 10:30:00-05:00,0.5699999928474426,0.5699999928474426,0.550000011920929,0.550000011920929,14658,0.0,0.0
2023-02-23 11:30:00-05:00,0.5450000166893005,0.5490000247955322,0.5299999713897705,0.5350000262260437,17721,0.0,0.0
2023-02-23 12:30:00-05:00,0.5400000214576721,0.5425000190734863,0.536899983882904,0.5400000214576721,2576,0.0,0.0
2023-02-23 13:30:00-05:00,0.5411999821662903,0.5424000024795532,0.5369099974632263,0.5386679768562317,16864,0.0,0.0
2023-02-23 14:30:00-05:00,0.5393999814987183,0.5424000024795532,0.5386000275611877,0.5422989726066589,12140,0.0,0.0
2023-02-23 15:30:00-05:00,0.5424000024795532,0.5493000149726868,0.5410000085830688,0.5429999828338623,10486,0.0,0.0
2023-02-24 09:30:00-05:00,0.5214999914169312,0.5450000166893005,0.5214999914169312,0.532800018787384,6208,0.0,0.0
2023-02-24 10:30:00-05:00,0.5321000218391418,0.5349000096321106,0.5,0.5098999738693237,75124,0.0,0.0
2023-02-24 11:30:00-05:00,0.5099999904632568,0.5149000287055969,0.5,0.5131000280380249,23541,0.0,0.0
2023-02-24 12:30:00-05:00,0.5149000287055969,0.5149000287055969,0.5101000070571899,0.512499988079071,18003,0.0,0.0
2023-02-24 13:30:00-05:00,0.5105000138282776,0.5139999985694885,0.5049999952316284,0.5134999752044678,34038,0.0,0.0
2023-02-24 14:30:00-05:00,0.5138999819755554,0.5138999819755554,0.5,0.5074999928474426,35589,0.0,0.0
2023-02-24 15:30:00-05:00,0.5099999904632568,0.5108000040054321,0.5030999779701233,0.5030999779701233,12545,0.0,0.0
2023-02-27 09:30:00-05:00,0.5299999713897705,0.5299999713897705,0.5048999786376953,0.5199000239372253,25934,0.0,0.0
2023-02-27 10:30:00-05:00,0.5199000239372253,0.5199999809265137,0.5162000060081482,0.5199000239372253,16363,0.0,0.0
2023-02-27 11:30:00-05:00,0.5170000195503235,0.5199000239372253,0.516700029373169,0.5192499756813049,3415,0.0,0.0
2023-02-27 12:30:00-05:00,0.5199000239372253,0.5299999713897705,0.5160999894142151,0.5299999713897705,25104,0.0,0.0
2023-02-27 13:30:00-05:00,0.5299999713897705,0.5299999713897705,0.5170000195503235,0.5199999809265137,9204,0.0,0.0
2023-02-27 14:30:00-05:00,0.5299000144004822,0.5299999713897705,0.5238000154495239,0.5299000144004822,9612,0.0,0.0
2023-02-27 15:30:00-05:00,0.5299000144004822,0.5389999747276306,0.5297999978065491,0.5386000275611877,0,0.0,0.0
2023-02-28 09:30:00-05:00,0.534500002861023,0.5389000177383423,0.5300999879837036,0.5388000011444092,16601,0.0,0.0
2023-02-28 10:30:00-05:00,0.5389000177383423,0.5389000177383423,0.5360999703407288,0.5375000238418579,2405,0.0,0.0
2023-02-28 11:30:00-05:00,0.5370000004768372,0.5389000177383423,0.5370000004768372,0.5389000177383423,4520,0.0,0.0
2023-02-28 12:30:00-05:00,0.5379499793052673,0.5379499793052673,0.5350000262260437,0.535099983215332,5366,0.0,0.0
2023-02-28 13:30:00-05:00,0.5347999930381775,0.5389000177383423,0.5343000292778015,0.5389000177383423,32002,0.0,0.0
2023-02-28 14:30:00-05:00,0.5388000011444092,0.5388000011444092,0.5299999713897705,0.5331000089645386,3972,0.0,0.0
2023-02-28 15:30:00-05:00,0.5350499749183655,0.5383999943733215,0.5350000262260437,0.5376999974250793,24621,0.0,0.0
2023-03-01 09:30:00-05:00,0.5389999747276306,0.5605000257492065,0.5389000177383423,0.5498999953269958,29867,0.0,0.0
2023-03-01 10:30:00-05:00,0.5498999953269958,0.5699999928474426,0.5498999953269958,0.5600000023841858,18790,0.0,0.0
2023-03-01 11:30:00-05:00,0.5698999762535095,0.578000009059906,0.550000011920929,0.578000009059906,25882,0.0,0.0
2023-03-01 12:30:00-05:00,0.5778999924659729,0.5778999924659729,0.550599992275238,0.5699999928474426,6192,0.0,0.0
2023-03-01 13:30:00-05:00,0.5698999762535095,0.5699999928474426,0.5378000140190125,0.5680000185966492,36086,0.0,0.0
2023-03-01 14:30:00-05:00,0.5679000020027161,0.5680000185966492,0.5415999889373779,0.5679000020027161,12472,0.0,0.0
2023-03-01 15:30:00-05:00,0.5679000020027161,0.5680000185966492,0.5559999942779541,0.5559999942779541,11752,0.0,0.0
2023-03-02 09:30:00-05:00,0.5400000214576721,0.5600000023841858,0.5400000214576721,0.550000011920929,7645,0.0,0.0
2023-03-02 10:30:00-05:00,0.5499989986419678,0.550000011920929,0.5401009917259216,0.5450000166893005,8058,0.0,0.0
2023-03-02 11:30:00-05:00,0.5490000247955322,0.5498999953269958,0.5400000214576721,0.5497999787330627,2022,0.0,0.0
2023-03-02 12:30:00-05:00,0.5497999787330627,0.550000011920929,0.5302000045776367,0.5498999953269958,15604,0.0,0.0
2023-03-02 13:30:00-05:00,0.545399010181427,0.5454999804496765,0.5304999947547913,0.541100025177002,1970,0.0,0.0
2023-03-02 14:30:00-05:00,0.5454999804496765,0.550000011920929,0.5410000085830688,0.541100025177002,9338,0.0,0.0
2023-03-02 15:30:00-05:00,0.546500027179718,0.550000011920929,0.5321999788284302,0.5422999858856201,0,0.0,0.0
2023-03-03 09:30:00-05:00,0.5400000214576721,0.5400000214576721,0.5253000259399414,0.5400000214576721,8569,0.0,0.0
2023-03-03 10:30:00-05:00,0.539900004863739,0.5400000214576721,0.5253000259399414,0.539900004863739,11196,0.0,0.0
2023-03-03 11:30:00-05:00,0.5397999882698059,0.5397999882698059,0.5299999713897705,0.5389000177383423,1278,0.0,0.0
2023-03-03 12:30:00-05:00,0.5389999747276306,0.550000011920929,0.5389000177383423,0.5401999950408936,8858,0.0,0.0
2023-03-03 13:30:00-05:00,0.5403010249137878,0.5600000023841858,0.5403000116348267,0.5600000023841858,8116,0.0,0.0
2023-03-03 14:30:00-05:00,0.5570999979972839,0.5600000023841858,0.5440009832382202,0.5600000023841858,9113,0.0,0.0
2023-03-03 15:30:00-05:00,0.5507000088691711,0.5600000023841858,0.5507000088691711,0.5600000023841858,5587,0.0,0.0
2023-03-06 09:30:00-05:00,0.550000011920929,0.550000011920929,0.5321000218391418,0.5497999787330627,29334,0.0,0.0
2023-03-06 10:30:00-05:00,0.5450000166893005,0.5498999953269958,0.5400999784469604,0.5498999953269958,5036,0.0,0.0
2023-03-06 11:30:00-05:00,0.5498999953269958,0.5498999953269958,0.5281999707221985,0.5281999707221985,15476,0.0,0.0
2023-03-06 12:30:00-05:00,0.5281999707221985,0.544700026512146,0.5199999809265137,0.5397999882698059,20078,0.0,0.0
2023-03-06 13:30:00-05:00,0.5397999882698059,0.5397999882698059,0.5299000144004822,0.5300999879837036,7813,0.0,0.0
2023-03-06 14:30:00-05:00,0.5396999716758728,0.5396999716758728,0.5237529873847961,0.5396990180015564,11366,0.0,0.0
2023-03-06 15:30:00-05:00,0.5397999882698059,0.5397999882698059,0.5299999713897705,0.5397999882698059,6128,0.0,0.0
2023-03-07 09:30:00-05:00,0.5485000014305115,0.5491999983787537,0.5300999879837036,0.5300999879837036,4532,0.0,0.0
2023-03-07 10:30:00-05:00,0.5490000247955322,0.5490999817848206,0.5216000080108643,0.5400000214576721,19054,0.0,0.0
2023-03-07 11:30:00-05:00,0.5400000214576721,0.5400000214576721,0.5120000243186951,0.5307000279426575,9760,0.0,0.0
2023-03-07 12:30:00-05:00,0.5299999713897705,0.5400999784469604,0.5299999713897705,0.5400999784469604,13294,0.0,0.0
2023-03-07 13:30:00-05:00,0.5394999980926514,0.5490000247955322,0.5350000262260437,0.5449000000953674,6594,0.0,0.0
2023-03-07 14:30:00-05:00,0.5449000000953674,0.5449000000953674,0.5375000238418579,0.5397999882698059,3177,0.0,0.0
2023-03-07 15:30:00-05:00,0.5350000262260437,0.5450000166893005,0.5321000218391418,0.5321000218391418,14565,0.0,0.0
2023-03-08 09:30:00-05:00,0.5450000166893005,0.5468999743461609,0.5199999809265137,0.5467990040779114,47305,0.0,0.0
2023-03-08 10:30:00-05:00,0.5468999743461609,0.5468999743461609,0.535099983215332,0.5468999743461609,6679,0.0,0.0
2023-03-08 11:30:00-05:00,0.5468999743461609,0.5468999743461609,0.5410000085830688,0.5468999743461609,1981,0.0,0.0
2023-03-08 12:30:00-05:00,0.5490000247955322,0.5490000247955322,0.535099983215332,0.5432999730110168,8326,0.0,0.0
2023-03-08 13:30:00-05:00,0.5475000143051147,0.550000011920929,0.5430009961128235,0.5491999983787537,18576,0.0,0.0
2023-03-08 14:30:00-05:00,0.5496000051498413,0.5496000051498413,0.539900004863739,0.5422000288963318,5111,0.0,0.0
2023-03-08 15:30:00-05:00,0.539900004863739,0.539900004863739,0.5300099849700928,0.5370000004768372,0,0.0,0.0
2023-03-09 09:30:00-05:00,0.5099999904632568,0.550000011920929,0.5099999904632568,0.5299999713897705,38390,0.0,0.0
2023-03-09 10:30:00-05:00,0.526199996471405,0.550000011920929,0.5221999883651733,0.5450000166893005,4772,0.0,0.0
2023-03-09 11:30:00-05:00,0.5450000166893005,0.550000011920929,0.5393000245094299,0.5393000245094299,7030,0.0,0.0
2023-03-09 12:30:00-05:00,0.5393000245094299,0.5393999814987183,0.5296000242233276,0.53329998254776,7211,0.0,0.0
2023-03-09 13:30:00-05:00,0.5315999984741211,0.5400000214576721,0.527899980545044,0.5375000238418579,6445,0.0,0.0
2023-03-09 14:30:00-05:00,0.527899980545044,0.5375999808311462,0.527899980545044,0.5317000150680542,3959,0.0,0.0
2023-03-09 15:30:00-05:00,0.5317000150680542,0.5317000150680542,0.5254999995231628,0.5303000211715698,3645,0.0,0.0
2023-03-10 09:30:00-05:00,0.5042999982833862,0.5325509905815125,0.5,0.5151000022888184,18687,0.0,0.0
2023-03-10 10:30:00-05:00,0.5299999713897705,0.5324000120162964,0.5239999890327454,0.5324000120162964,5245,0.0,0.0
2023-03-10 11:30:00-05:00,0.5324000120162964,0.539900004863739,0.5322999954223633,0.5397999882698059,3729,0.0,0.0
2023-03-10 12:30:00-05:00,0.5397999882698059,0.5397999882698059,0.5230000019073486,0.5299999713897705,15777,0.0,0.0
2023-03-10 13:30:00-05:00,0.5230000019073486,0.5350000262260437,0.5101010203361511,0.5199000239372253,4490,0.0,0.0
2023-03-10 14:30:00-05:00,0.5194000005722046,0.5199999809265137,0.5,0.5045999884605408,32324,0.0,0.0
2023-03-10 15:30:00-05:00,0.5098999738693237,0.5098999738693237,0.5,0.5098000168800354,11269,0.0,0.0
2023-03-13 09:30:00-04:00,0.5099999904632568,0.5199999809265137,0.5009999871253967,0.5009999871253967,27465,0.0,0.0
2023-03-13 10:30:00-04:00,0.5052000284194946,0.5273000001907349,0.5052000284194946,0.5199999809265137,1590,0.0,0.0
2023-03-13 11:30:00-04:00,0.5199999809265137,0.5199999809265137,0.5031999945640564,0.5199999809265137,2951,0.0,0.0
2023-03-13 12:30:00-04:00,0.5044000148773193,0.5199999809265137,0.5023000240325928,0.5023000240325928,8447,0.0,0.0
2023-03-13 13:30:00-04:00,0.5023999810218811,0.5024999976158142,0.5013999938964844,0.5023000240325928,5116,0.0,0.0
2023-03-13 14:30:00-04:00,0.5023000240325928,0.5123999714851379,0.49059998989105225,0.5112000107765198,65672,0.0,0.0
2023-03-13 15:30:00-04:00,0.5078999996185303,0.5149999856948853,0.5077999830245972,0.5131999850273132,3620,0.0,0.0
2023-03-14 09:30:00-04:00,0.49540001153945923,0.5078999996185303,0.49540001153945923,0.4975999891757965,10449,0.0,0.0
2023-03-14 10:30:00-04:00,0.49720001220703125,0.4999000132083893,0.49320000410079956,0.4999000132083893,12961,0.0,0.0
2023-03-14 11:30:00-04:00,0.49900001287460327,0.5,0.4950999915599823,0.4997990131378174,13261,0.0,0.0
2023-03-14 12:30:00-04:00,0.4959999918937683,0.49959999322891235,0.49559998512268066,0.49950000643730164,4342,0.0,0.0
2023-03-14 13:30:00-04:00,0.49950000643730164,0.5,0.49549999833106995,0.4999000132083893,6963,0.0,0.0
2023-03-14 14:30:00-04:00,0.4999000132083893,0.4999000132083893,0.49549999833106995,0.49970000982284546,7284,0.0,0.0
2023-03-14 15:30:00-04:00,0.4997999966144562,0.4999000132083893,0.4950000047683716,0.4950000047683716,7418,0.0,0.0
2023-03-15 09:30:00-04:00,0.46549999713897705,0.5249999761581421,0.46549999713897705,0.5099999904632568,82739,0.0,0.0
2023-03-15 10:30:00-04:00,0.5049489736557007,0.5098999738693237,0.4936999976634979,0.4936999976634979,11221,0.0,0.0
2023-03-15 11:30:00-04:00,0.49950000643730164,0.49950000643730164,0.48100000619888306,0.4851990044116974,7971,0.0,0.0
2023-03-15 12:30:00-04:00,0.48500001430511475,0.48989999294281006,0.4805999994277954,0.48989999294281006,24717,0.0,0.0
2023-03-15 13:30:00-04:00,0.4814999997615814,0.489300012588501,0.47999998927116394,0.489300012588501,8163,0.0,0.0
2023-03-15 14:30:00-04:00,0.47999998927116394,0.48890000581741333,0.4794999957084656,0.4887999892234802,15784,0.0,0.0
2023-03-15 15:30:00-04:00,0.4887000024318695,0.4887000024318695,0.4794999957084656,0.47999998927116394,23375,0.0,0.0
2023-03-16 09:30:00-04:00,0.5,0.5,0.46129998564720154,0.4691999852657318,46652,0.0,0.0
2023-03-16 10:30:00-04:00,0.4650999903678894,0.48249998688697815,0.4514000117778778,0.4584999978542328,104401,0.0,0.0
2023-03-16 11:30:00-04:00,0.45500001311302185,0.46480000019073486,0.45500001311302185,0.4645000100135803,12875,0.0,0.0
2023-03-16 12:30:00-04:00,0.4636000096797943,0.4641999900341034,0.46000000834465027,0.46239998936653137,32667,0.0,0.0
2023-03-16 13:30:00-04:00,0.46230000257492065,0.46239998936653137,0.4555000066757202,0.45969998836517334,26865,0.0,0.0
2023-03-16 14:30:00-04:00,0.45969998836517334,0.4597049951553345,0.45820000767707825,0.45969998836517334,11738,0.0,0.0
2023-03-16 15:30:00-04:00,0.4593999981880188,0.4596000015735626,0.45100000500679016,0.4596000015735626,12359,0.0,0.0
2023-03-17 09:30:00-04:00,0.44999998807907104,0.45660001039505005,0.44999998807907104,0.45089998841285706,29796,0.0,0.0
2023-03-17 10:30:00-04:00,0.45190000534057617,0.45489999651908875,0.43299999833106995,0.4399999976158142,70572,0.0,0.0
2023-03-17 11:30:00-04:00,0.4399999976158142,0.4399999976158142,0.42100000381469727,0.42500001192092896,54425,0.0,0.0
2023-03-17 12:30:00-04:00,0.42489999532699585,0.4249989986419678,0.41499999165534973,0.4249989986419678,62104,0.0,0.0
2023-03-17 13:30:00-04:00,0.42500001192092896,0.42500001192092896,0.41749998927116394,0.42309999465942383,15146,0.0,0.0
2023-03-17 14:30:00-04:00,0.41999998688697815,0.42489999532699585,0.36399999260902405,0.3799999952316284,162178,0.0,0.0
2023-03-17 15:30:00-04:00,0.3799999952316284,0.4000000059604645,0.36260101199150085,0.4000000059604645,47553,0.0,0.0
2023-03-20 09:30:00-04:00,0.31049999594688416,0.40049999952316284,0.31049999594688416,0.38989999890327454,242341,0.0,0.0
2023-03-20 10:30:00-04:00,0.38989999890327454,0.4000000059604645,0.3873000144958496,0.4000000059604645,59638,0.0,0.0
2023-03-20 11:30:00-04:00,0.4000000059604645,0.4000000059604645,0.3898000121116638,0.389849990606308,22691,0.0,0.0
2023-03-20 12:30:00-04:00,0.38989999890327454,0.38999998569488525,0.36000001430511475,0.3808000087738037,27326,0.0,0.0
2023-03-20 13:30:00-04:00,0.3813999891281128,0.38190001249313354,0.3684999942779541,0.3700000047683716,26257,0.0,0.0
2023-03-20 14:30:00-04:00,0.3700000047683716,0.3799999952316284,0.367000013589859,0.37439998984336853,79889,0.0,0.0
2023-03-20 15:30:00-04:00,0.37244999408721924,0.37450000643730164,0.35499998927116394,0.37229999899864197,86344,0.0,0.0
2023-03-21 09:30:00-04:00,0.3801000118255615,0.38999998569488525,0.3801000118255615,0.38999998569488525,46932,0.0,0.0
2023-03-21 10:30:00-04:00,0.38999998569488525,0.39989998936653137,0.3806000053882599,0.39989998936653137,66786,0.0,0.0
2023-03-21 11:30:00-04:00,0.39989998936653137,0.4163999855518341,0.39250001311302185,0.40689998865127563,81622,0.0,0.0
2023-03-21 12:30:00-04:00,0.40700000524520874,0.43939998745918274,0.40689998865127563,0.4187999963760376,123540,0.0,0.0
2023-03-21 13:30:00-04:00,0.4189000129699707,0.4408999979496002,0.41510000824928284,0.41670000553131104,20448,0.0,0.0
2023-03-21 14:30:00-04:00,0.42739999294281006,0.42800000309944153,0.420199990272522,0.4203000068664551,4860,0.0,0.0
2023-03-21 15:30:00-04:00,0.42800000309944153,0.42800000309944153,0.42170000076293945,0.4278999865055084,16503,0.0,0.0
2023-03-22 09:30:00-04:00,0.45750001072883606,0.46140000224113464,0.4300000071525574,0.44029998779296875,655399,0.0,0.0
2023-03-22 10:30:00-04:00,0.4468199908733368,0.447299987077713,0.42489999532699585,0.4374000132083893,35607,0.0,0.0
2023-03-22 11:30:00-04:00,0.4302000105381012,0.44999998807907104,0.4300000071525574,0.4498000144958496,26590,0.0,0.0
2023-03-22 12:30:00-04:00,0.4498000144958496,0.45590001344680786,0.429500013589859,0.4334999918937683,86087,0.0,0.0
2023-03-22 13:30:00-04:00,0.4372499883174896,0.4399999976158142,0.4296000003814697,0.4399999976158142,8068,0.0,0.0
2023-03-22 14:30:00-04:00,0.4399999976158142,0.4399999976158142,0.4309999942779541,0.4350999891757965,17300,0.0,0.0
2023-03-22 15:30:00-04:00,0.43700000643730164,0.4399999976158142,0.4332500100135803,0.43700000643730164,34005,0.0,0.0
2023-03-23 09:30:00-04:00,0.43619999289512634,0.43860000371932983,0.4099999964237213,0.4212000072002411,66516,0.0,0.0
2023-03-23 10:30:00-04:00,0.4147000014781952,0.41999998688697815,0.4106000065803528,0.4178999960422516,11072,0.0,0.0
2023-03-23 11:30:00-04:00,0.4106000065803528,0.4300000071525574,0.4104999899864197,0.4230000078678131,14770,0.0,0.0
2023-03-23 12:30:00-04:00,0.41999998688697815,0.4300000071525574,0.4178999960422516,0.4178999960422516,807,0.0,0.0
2023-03-23 13:30:00-04:00,0.41999998688697815,0.42419999837875366,0.41999998688697815,0.42419999837875366,1298,0.0,0.0
2023-03-23 14:30:00-04:00,0.42010098695755005,0.4300000071525574,0.41999998688697815,0.4249500036239624,18439,0.0,0.0
2023-03-23 15:30:00-04:00,0.42489999532699585,0.4300000071525574,0.41999998688697815,0.4300000071525574,16313,0.0,0.0
2023-03-24 09:30:00-04:00,0.42980000376701355,0.42989999055862427,0.4138999879360199,0.42969998717308044,9340,0.0,0.0
2023-03-24 10:30:00-04:00,0.4196709990501404,0.42989999055862427,0.414000004529953,0.42969998717308044,11547,0.0,0.0
2023-03-24 11:30:00-04:00,0.4138999879360199,0.42969998717308044,0.4138999879360199,0.429500013589859,2849,0.0,0.0
2023-03-24 12:30:00-04:00,0.42434999346733093,0.4399999976158142,0.41920000314712524,0.4399999976158142,29717,0.0,0.0
2023-03-24 13:30:00-04:00,0.4399999976158142,0.4399999976158142,0.4261009991168976,0.4399999976158142,13425,0.0,0.0
2023-03-24 14:30:00-04:00,0.43299901485443115,0.4399999976158142,0.42660000920295715,0.4350999891757965,11073,0.0,0.0
2023-03-24 15:30:00-04:00,0.4399999976158142,0.4399999976158142,0.4352000057697296,0.4399999976158142,22376,0.0,0.0
2023-03-27 09:30:00-04:00,0.4099999964237213,0.4399999976158142,0.4050000011920929,0.4399999976158142,19152,0.0,0.0
2023-03-27 10:30:00-04:00,0.4372999966144562,0.44999998807907104,0.4372999966144562,0.4401000142097473,6402,0.0,0.0
2023-03-27 11:30:00-04:00,0.44480100274086,0.44999998807907104,0.4401000142097473,0.4401000142097473,23365,0.0,0.0
2023-03-27 12:30:00-04:00,0.445499986410141,0.44999998807907104,0.4401000142097473,0.4496999979019165,6361,0.0,0.0
2023-03-27 13:30:00-04:00,0.4456000030040741,0.44999998807907104,0.4456000030040741,0.44850000739097595,3221,0.0,0.0
2023-03-27 14:30:00-04:00,0.44850000739097595,0.44999998807907104,0.4472000002861023,0.44999998807907104,12534,0.0,0.0
2023-03-27 15:30:00-04:00,0.4499500095844269,0.44999998807907104,0.4413999915122986,0.44999998807907104,13487,0.0,0.0
2023-03-28 09:30:00-04:00,0.44999998807907104,0.44999998807907104,0.420199990272522,0.44690001010894775,20208,0.0,0.0
2023-03-28 10:30:00-04:00,0.44690001010894775,0.44999998807907104,0.4334000051021576,0.44780001044273376,13873,0.0,0.0
2023-03-28 11:30:00-04:00,0.4302999973297119,0.44999998807907104,0.4302999973297119,0.44780001044273376,1261,0.0,0.0
2023-03-28 12:30:00-04:00,0.4399999976158142,0.4499000012874603,0.4399999976158142,0.4478999972343445,1153,0.0,0.0
2023-03-28 13:30:00-04:00,0.44589999318122864,0.44780001044273376,0.4401009976863861,0.4449999928474426,8702,0.0,0.0
2023-03-28 14:30:00-04:00,0.44780001044273376,0.44850000739097595,0.4300000071525574,0.44780001044273376,24850,0.0,0.0
2023-03-28 15:30:00-04:00,0.44005000591278076,0.4499000012874603,0.43880000710487366,0.44780001044273376,7233,0.0,0.0
2023-03-29 09:30:00-04:00,0.4399999976158142,0.44999998807907104,0.4300000071525574,0.44749999046325684,28587,0.0,0.0
2023-03-29 10:30:00-04:00,0.4474000036716461,0.4474000036716461,0.4300999939441681,0.4302000105381012,12482,0.0,0.0
2023-03-29 11:30:00-04:00,0.43020099401474,0.438400000333786,0.4275999963283539,0.4275999963283539,9948,0.0,0.0
2023-03-29 12:30:00-04:00,0.438400000333786,0.43849998712539673,0.4300999939441681,0.4350000023841858,3649,0.0,0.0
2023-03-29 13:30:00-04:00,0.43609899282455444,0.4375,0.4300999939441681,0.4374000132083893,11197,0.0,0.0
2023-03-29 14:30:00-04:00,0.4339999854564667,0.43763598799705505,0.4339999854564667,0.4368000030517578,8120,0.0,0.0
2023-03-29 15:30:00-04:00,0.4374000132083893,0.4399999976158142,0.4357999861240387,0.4399000108242035,13864,0.0,0.0
2023-03-30 09:30:00-04:00,0.44999998807907104,0.4602000117301941,0.4397999942302704,0.4397999942302704,31888,0.0,0.0
2023-03-30 10:30:00-04:00,0.4580000042915344,0.4580000042915344,0.4399999976158142,0.4487000107765198,1434,0.0,0.0
2023-03-30 11:30:00-04:00,0.4487000107765198,0.4487000107765198,0.4390000104904175,0.4410000145435333,6781,0.0,0.0
2023-03-30 12:30:00-04:00,0.43950000405311584,0.44679999351501465,0.3700000047683716,0.42410001158714294,59347,0.0,0.0
2023-03-30 13:30:00-04:00,0.42410001158714294,0.4410000145435333,0.42010000348091125,0.4368000030517578,7776,0.0,0.0
2023-03-30 14:30:00-04:00,0.4334999918937683,0.4399999976158142,0.42559999227523804,0.427700012922287,3691,0.0,0.0
2023-03-30 15:30:00-04:00,0.427700012922287,0.4399999976158142,0.41999998688697815,0.4399999976158142,15267,0.0,0.0
2023-03-31 09:30:00-04:00,0.41999998688697815,0.44350001215934753,0.4099999964237213,0.41428399085998535,25768,0.0,0.0
2023-03-31 10:30:00-04:00,0.4146000146865845,0.4325999915599823,0.4074999988079071,0.4232499897480011,26720,0.0,0.0
2023-03-31 11:30:00-04:00,0.414000004529953,0.42289999127388,0.414000004529953,0.41990000009536743,2399,0.0,0.0
2023-03-31 12:30:00-04:00,0.4154999852180481,0.41990000009536743,0.4074999988079071,0.4090999960899353,10273,0.0,0.0
2023-03-31 13:30:00-04:00,0.41440001130104065,0.41499999165534973,0.4074999988079071,0.40799999237060547,35273,0.0,0.0
2023-03-31 14:30:00-04:00,0.40799999237060547,0.41048601269721985,0.4074999988079071,0.41048601269721985,21383,0.0,0.0
2023-03-31 15:30:00-04:00,0.42250001430511475,0.42250001430511475,0.4074999988079071,0.4189999997615814,21518,0.0,0.0
2023-04-03 09:30:00-04:00,0.4399999976158142,0.5479999780654907,0.41990000009536743,0.4399000108242035,574093,0.0,0.0
2023-04-03 10:30:00-04:00,0.4399000108242035,0.4799000024795532,0.4300000071525574,0.45840001106262207,41192,0.0,0.0
2023-04-03 11:30:00-04:00,0.4404999911785126,0.4584999978542328,0.41110000014305115,0.42800000309944153,44923,0.0,0.0
2023-04-03 12:30:00-04:00,0.447299987077713,0.4584999978542328,0.4399999976158142,0.45019999146461487,14619,0.0,0.0
2023-04-03 13:30:00-04:00,0.45559999346733093,0.4699999988079071,0.4555000066757202,0.46480000019073486,35650,0.0,0.0
2023-04-03 14:30:00-04:00,0.4648999869823456,0.4959000051021576,0.4618000090122223,0.4830000102519989,50771,0.0,0.0
2023-04-03 15:30:00-04:00,0.47609999775886536,0.49320000410079956,0.4699999988079071,0.49000000953674316,21250,0.0,0.0
2023-04-04 09:30:00-04:00,0.5,0.5049999952316284,0.47999998927116394,0.48010098934173584,41969,0.0,0.0
2023-04-04 10:30:00-04:00,0.47999998927116394,0.48989999294281006,0.47769999504089355,0.48330000042915344,34024,0.0,0.0
2023-04-04 11:30:00-04:00,0.4814000129699707,0.48500001430511475,0.47999998927116394,0.47999998927116394,13808,0.0,0.0
2023-04-04 12:30:00-04:00,0.48489999771118164,0.48500001430511475,0.4699999988079071,0.48500001430511475,71574,0.0,0.0
2023-04-04 13:30:00-04:00,0.47999998927116394,0.4830000102519989,0.47999998927116394,0.4821000099182129,1549,0.0,0.0
2023-04-04 14:30:00-04:00,0.4830000102519989,0.4999000132083893,0.4819999933242798,0.4997999966144562,13154,0.0,0.0
2023-04-04 15:30:00-04:00,0.49000099301338196,0.4999000132083893,0.49000099301338196,0.4961000084877014,5787,0.0,0.0
2023-04-05 09:30:00-04:00,0.4973999857902527,0.5,0.4830000102519989,0.48989999294281006,8822,0.0,0.0
2023-04-05 10:30:00-04:00,0.48980000615119934,0.5016000270843506,0.48500001430511475,0.48989999294281006,32709,0.0,0.0
2023-04-05 11:30:00-04:00,0.48989999294281006,0.49000000953674316,0.47999998927116394,0.48980000615119934,19659,0.0,0.0
2023-04-05 12:30:00-04:00,0.48890000581741333,0.49000000953674316,0.47999998927116394,0.47999998927116394,5760,0.0,0.0
2023-04-05 13:30:00-04:00,0.48489999771118164,0.4950000047683716,0.47999998927116394,0.4950000047683716,21558,0.0,0.0
2023-04-05 14:30:00-04:00,0.4950000047683716,0.4950000047683716,0.4947989881038666,0.4948999881744385,2407,0.0,0.0
2023-04-05 15:30:00-04:00,0.4936999976634979,0.4950000047683716,0.49000000953674316,0.49380001425743103,9699,0.0,0.0
2023-04-06 09:30:00-04:00,0.49709999561309814,0.5069000124931335,0.49709999561309814,0.5069000124931335,28383,0.0,0.0
2023-04-06 10:30:00-04:00,0.5067999958992004,0.5067999958992004,0.5035499930381775,0.5067999958992004,13687,0.0,0.0
2023-04-06 11:30:00-04:00,0.505299985408783,0.5069000124931335,0.5001999735832214,0.5011000037193298,22152,0.0,0.0
2023-04-06 12:30:00-04:00,0.5069000124931335,0.5069000124931335,0.48429998755455017,0.49000000953674316,10665,0.0,0.0
2023-04-06 13:30:00-04:00,0.4999000132083893,0.4999000132083893,0.49742600321769714,0.49742600321769714,2675,0.0,0.0
2023-04-06 14:30:00-04:00,0.4938499927520752,0.5059000253677368,0.4878009855747223,0.5059000253677368,1996,0.0,0.0
2023-04-06 15:30:00-04:00,0.4876999855041504,0.5056999921798706,0.4876999855041504,0.4968000054359436,5330,0.0,0.0
2023-04-10 09:30:00-04:00,0.5,0.5,0.4700999855995178,0.4700999855995178,6767,0.0,0.0
2023-04-10 10:30:00-04:00,0.4799000024795532,0.4900999963283539,0.4749999940395355,0.4900999963283539,6570,0.0,0.0
2023-04-10 11:30:00-04:00,0.4950000047683716,0.4950000047683716,0.49000000953674316,0.49000000953674316,1175,0.0,0.0
2023-04-10 12:30:00-04:00,0.4900999963283539,0.4950000047683716,0.48019999265670776,0.48019999265670776,6734,0.0,0.0
2023-04-10 13:30:00-04:00,0.48030000925064087,0.4900999963283539,0.48030000925064087,0.4900999963283539,6590,0.0,0.0
2023-04-10 14:30:00-04:00,0.5,0.5,0.4984999895095825,0.5,20062,0.0,0.0
2023-04-10 15:30:00-04:00,0.5,0.5069000124931335,0.49880000948905945,0.5051490068435669,0,0.0,0.0
2023-04-11 09:30:00-04:00,0.5,0.5080000162124634,0.5,0.5078999996185303,7619,0.0,0.0
2023-04-11 10:30:00-04:00,0.5004000067710876,0.5036489963531494,0.5002999901771545,0.503000020980835,4992,0.0,0.0
2023-04-11 11:30:00-04:00,0.5001000165939331,0.503000020980835,0.5001000165939331,0.5001000165939331,5463,0.0,0.0
2023-04-11 12:30:00-04:00,0.5016999840736389,0.5080000162124634,0.5002009868621826,0.5079990029335022,11886,0.0,0.0
2023-04-11 13:30:00-04:00,0.5008999705314636,0.5098999738693237,0.5001000165939331,0.5097000002861023,6962,0.0,0.0
2023-04-11 14:30:00-04:00,0.5098000168800354,0.5149999856948853,0.5001000165939331,0.5099999904632568,19249,0.0,0.0
2023-04-11 15:30:00-04:00,0.5023009777069092,0.5170000195503235,0.5023009777069092,0.5152999758720398,0,0.0,0.0
2023-04-12 09:30:00-04:00,0.5149999856948853,0.5379999876022339,0.5149999856948853,0.5304999947547913,43777,0.0,0.0
2023-04-12 10:30:00-04:00,0.5304999947547913,0.5379999876022339,0.5249999761581421,0.5300999879837036,47858,0.0,0.0
2023-04-12 11:30:00-04:00,0.5302000045776367,0.5303999781608582,0.5249999761581421,0.5250999927520752,5806,0.0,0.0
2023-04-12 12:30:00-04:00,0.5249999761581421,0.5461000204086304,0.5249999761581421,0.5461000204086304,23857,0.0,0.0
2023-04-12 13:30:00-04:00,0.5479999780654907,0.5662000179290771,0.5400000214576721,0.559499979019165,110853,0.0,0.0
2023-04-12 14:30:00-04:00,0.5626999735832214,0.5659999847412109,0.5595999956130981,0.5600000023841858,22454,0.0,0.0
2023-04-12 15:30:00-04:00,0.5600000023841858,0.5870000123977661,0.5600000023841858,0.5741999745368958,79999,0.0,0.0
2023-04-13 09:30:00-04:00,0.5867000222206116,0.5870000123977661,0.5699999928474426,0.5870000123977661,53717,0.0,0.0
2023-04-13 10:30:00-04:00,0.579800009727478,0.5799000263214111,0.5623999834060669,0.5740000009536743,32092,0.0,0.0
2023-04-13 11:30:00-04:00,0.5740000009536743,0.5860999822616577,0.5738999843597412,0.5860000252723694,14541,0.0,0.0
2023-04-13 12:30:00-04:00,0.5860000252723694,0.5870000123977661,0.5800999999046326,0.5870000123977661,4154,0.0,0.0
2023-04-13 13:30:00-04:00,0.5803999900817871,0.5869989991188049,0.574999988079071,0.5788000226020813,10429,0.0,0.0
2023-04-13 14:30:00-04:00,0.5809999704360962,0.5870000123977661,0.574999988079071,0.5751000046730042,18474,0.0,0.0
2023-04-13 15:30:00-04:00,0.5870000123977661,0.5870000123977661,0.5752000212669373,0.5801010131835938,4613,0.0,0.0
2023-04-14 09:30:00-04:00,0.5870000123977661,0.597000002861023,0.5849000215530396,0.589900016784668,33630,0.0,0.0
2023-04-14 10:30:00-04:00,0.5851010084152222,0.589900016784668,0.5849999785423279,0.589900016784668,5663,0.0,0.0
2023-04-14 11:30:00-04:00,0.589900016784668,0.589900016784668,0.588018000125885,0.5898000001907349,23552,0.0,0.0
2023-04-14 12:30:00-04:00,0.5898000001907349,0.5939000248908997,0.5889000296592712,0.5939000248908997,20551,0.0,0.0
2023-04-14 13:30:00-04:00,0.5976999998092651,0.5978999733924866,0.5899009704589844,0.5978999733924866,9925,0.0,0.0
2023-04-14 14:30:00-04:00,0.5978999733924866,0.5979999899864197,0.5870000123977661,0.5874999761581421,13270,0.0,0.0
2023-04-14 15:30:00-04:00,0.5871999859809875,0.5874000191688538,0.5871999859809875,0.5874000191688538,3912,0.0,0.0
2023-04-17 09:30:00-04:00,0.5873000025749207,0.5879999995231628,0.5839999914169312,0.5879999995231628,23958,0.0,0.0
2023-04-17 10:30:00-04:00,0.5879999995231628,0.5979999899864197,0.5856729745864868,0.5899999737739563,10232,0.0,0.0
2023-04-17 11:30:00-04:00,0.5979999899864197,0.5979999899864197,0.5860999822616577,0.5979999899864197,4765,0.0,0.0
2023-04-17 12:30:00-04:00,0.5860999822616577,0.6000000238418579,0.5839999914169312,0.5896999835968018,25311,0.0,0.0
2023-04-17 13:30:00-04:00,0.5839999914169312,0.5999000072479248,0.5839999914169312,0.5841000080108643,6118,0.0,0.0
2023-04-17 14:30:00-04:00,0.5839999914169312,0.5999000072479248,0.5839999914169312,0.5950000286102295,24459,0.0,0.0
2023-04-17 15:30:00-04:00,0.5999000072479248,0.5999000072479248,0.5841000080108643,0.5999000072479248,3157,0.0,0.0
2023-04-18 09:30:00-04:00,0.5809999704360962,0.5999000072479248,0.5809999704360962,0.5920000076293945,29775,0.0,0.0
2023-04-18 10:30:00-04:00,0.5920000076293945,0.5921000242233276,0.5600000023841858,0.5799000263214111,24334,0.0,0.0
2023-04-18 11:30:00-04:00,0.5756999850273132,0.5799000263214111,0.5673999786376953,0.5702000260353088,3571,0.0,0.0
2023-04-18 12:30:00-04:00,0.5702999830245972,0.5799999833106995,0.550000011920929,0.5600000023841858,34267,0.0,0.0
2023-04-18 13:30:00-04:00,0.5799000263214111,0.5799000263214111,0.5600000023841858,0.5600000023841858,1628,0.0,0.0
2023-04-18 14:30:00-04:00,0.57989901304245,0.5799000263214111,0.5600000023841858,0.5600000023841858,10170,0.0,0.0
2023-04-18 15:30:00-04:00,0.5601000189781189,0.569599986076355,0.5601000189781189,0.5648499727249146,1587,0.0,0.0
2023-04-19 09:30:00-04:00,0.5580000281333923,0.5889999866485596,0.5580000281333923,0.5749509930610657,22348,0.0,0.0
2023-04-19 10:30:00-04:00,0.5799000263214111,0.5849999785423279,0.5799000263214111,0.5849999785423279,12372,0.0,0.0
2023-04-19 11:30:00-04:00,0.5824999809265137,0.5889999866485596,0.5800999999046326,0.5846499800682068,24202,0.0,0.0
2023-04-19 12:30:00-04:00,0.5846499800682068,0.6398000121116638,0.5846499800682068,0.6201000213623047,117076,0.0,0.0
2023-04-19 13:30:00-04:00,0.6299999952316284,0.6998000144958496,0.6000000238418579,0.6414999961853027,250098,0.0,0.0
2023-04-19 14:30:00-04:00,0.636900007724762,0.673799991607666,0.636900007724762,0.6668999791145325,138335,0.0,0.0
2023-04-19 15:30:00-04:00,0.6660000085830688,0.6689000129699707,0.6550999879837036,0.6639999747276306,42575,0.0,0.0
2023-04-20 09:30:00-04:00,0.6600000262260437,0.6843000054359436,0.6200000047683716,0.6442000269889832,50186,0.0,0.0
2023-04-20 10:30:00-04:00,0.6399999856948853,0.6549999713897705,0.6317999958992004,0.6317999958992004,22188,0.0,0.0
2023-04-20 11:30:00-04:00,0.6275010108947754,0.6349999904632568,0.6200000047683716,0.6272000074386597,16760,0.0,0.0
2023-04-20 12:30:00-04:00,0.6200000047683716,0.6279000043869019,0.6119999885559082,0.6197999715805054,39547,0.0,0.0
2023-04-20 13:30:00-04:00,0.6197999715805054,0.6197999715805054,0.6000000238418579,0.6158999800682068,17642,0.0,0.0
2023-04-20 14:30:00-04:00,0.6194000244140625,0.6195999979972839,0.586899995803833,0.586899995803833,14204,0.0,0.0
2023-04-20 15:30:00-04:00,0.5899999737739563,0.6100000143051147,0.5885000228881836,0.589900016784668,0,0.0,0.0
2023-04-21 09:30:00-04:00,0.6000000238418579,0.6195999979972839,0.5900999903678894,0.6029989719390869,47550,0.0,0.0
2023-04-21 10:30:00-04:00,0.5989999771118164,0.6129999756813049,0.5989999771118164,0.5997499823570251,31270,0.0,0.0
2023-04-21 11:30:00-04:00,0.6021999716758728,0.6200000047683716,0.5996009707450867,0.6200000047683716,30246,0.0,0.0
2023-04-21 12:30:00-04:00,0.6200000047683716,0.6299999952316284,0.6200000047683716,0.6224499940872192,22227,0.0,0.0
2023-04-21 13:30:00-04:00,0.6204000115394592,0.6204000115394592,0.5989999771118164,0.5991100072860718,31734,0.0,0.0
2023-04-21 14:30:00-04:00,0.6044999957084656,0.6075500249862671,0.6000000238418579,0.6050000190734863,7899,0.0,0.0
2023-04-21 15:30:00-04:00,0.6050000190734863,0.6050000190734863,0.5984500050544739,0.6000000238418579,0,0.0,0.0
2023-04-24 09:30:00-04:00,0.6000000238418579,0.6000000238418579,0.5835999846458435,0.5835999846458435,51703,0.0,0.0
2023-04-24 10:30:00-04:00,0.5836009979248047,0.5897989869117737,0.5835999846458435,0.5835999846458435,8249,0.0,0.0
2023-04-24 11:30:00-04:00,0.5835999846458435,0.589900016784668,0.5835999846458435,0.589900016784668,1256,0.0,0.0
2023-04-24 12:30:00-04:00,0.5835999846458435,0.5867499709129333,0.5835999846458435,0.5867499709129333,10876,0.0,0.0
2023-04-24 13:30:00-04:00,0.5867499709129333,0.5867999792098999,0.5835999846458435,0.583899974822998,10524,0.0,0.0
2023-04-24 14:30:00-04:00,0.5835999846458435,0.585099995136261,0.5835999846458435,0.5843999981880188,7909,0.0,0.0
2023-04-24 15:30:00-04:00,0.5867000222206116,0.5867000222206116,0.5867000222206116,0.5867000222206116,0,0.0,0.0
2023-04-25 09:30:00-04:00,0.5809999704360962,0.590499997138977,0.5809999704360962,0.589900016784668,7272,0.0,0.0
2023-04-25 10:30:00-04:00,0.589900016784668,0.6000000238418579,0.5874999761581421,0.5899999737739563,29878,0.0,0.0
2023-04-25 11:30:00-04:00,0.589900016784668,0.589900016784668,0.5874500274658203,0.589900016784668,0,0.0,0.0
2023-04-25 12:30:00-04:00,0.5874999761581421,0.5874999761581421,0.5849999785423279,0.5850009918212891,44675,0.0,0.0
2023-04-25 13:30:00-04:00,0.589900016784668,0.589900016784668,0.5601000189781189,0.5625,74012,0.0,0.0
2023-04-25 14:30:00-04:00,0.5625,0.5669999718666077,0.5400999784469604,0.5631499886512756,30889,0.0,0.0
2023-04-25 15:30:00-04:00,0.5619999766349792,0.5648000240325928,0.5615000128746033,0.5630999803543091,1760,0.0,0.0
2023-04-26 09:30:00-04:00,0.550000011920929,0.5726000070571899,0.5401999950408936,0.5401999950408936,35368,0.0,0.0
2023-04-26 10:30:00-04:00,0.5406000018119812,0.5450000166893005,0.5299999713897705,0.5299999713897705,39849,0.0,0.0
2023-04-26 11:30:00-04:00,0.5299999713897705,0.5454000234603882,0.5263000130653381,0.5299999713897705,10480,0.0,0.0
2023-04-26 12:30:00-04:00,0.5259000062942505,0.5462999939918518,0.5008000135421753,0.5462999939918518,42808,0.0,0.0
2023-04-26 13:30:00-04:00,0.5389000177383423,0.5400000214576721,0.5389000177383423,0.5400000214576721,23356,0.0,0.0
2023-04-26 14:30:00-04:00,0.539900004863739,0.539900004863739,0.5344499945640564,0.5344499945640564,9687,0.0,0.0
2023-04-26 15:30:00-04:00,0.5344499945640564,0.5350000262260437,0.5210999846458435,0.5250999927520752,0,0.0,0.0
2023-04-27 09:30:00-04:00,0.5099999904632568,0.5320000052452087,0.5099999904632568,0.5299999713897705,6262,0.0,0.0
2023-04-27 10:30:00-04:00,0.5250999927520752,0.539900004863739,0.5250999927520752,0.539900004863739,7923,0.0,0.0
2023-04-27 11:30:00-04:00,0.5325000286102295,0.536300003528595,0.5245000123977661,0.536300003528595,4380,0.0,0.0
2023-04-27 12:30:00-04:00,0.539900004863739,0.539900004863739,0.5393999814987183,0.5393999814987183,1220,0.0,0.0
2023-04-27 13:30:00-04:00,0.5250999927520752,0.5358999967575073,0.5250999927520752,0.5358999967575073,3316,0.0,0.0
2023-04-27 14:30:00-04:00,0.5389999747276306,0.539900004863739,0.5249999761581421,0.5249999761581421,2130,0.0,0.0
2023-04-27 15:30:00-04:00,0.5252000093460083,0.539900004863739,0.5252000093460083,0.539900004863739,0,0.0,0.0
2023-04-28 09:30:00-04:00,0.5289999842643738,0.5400000214576721,0.5200999975204468,0.539900004863739,27942,0.0,0.0
2023-04-28 10:30:00-04:00,0.5397999882698059,0.539900004863739,0.5300999879837036,0.5303000211715698,1692,0.0,0.0
2023-04-28 11:30:00-04:00,0.5386070013046265,0.539900004863739,0.5351999998092651,0.5351999998092651,4464,0.0,0.0
2023-04-28 12:30:00-04:00,0.539900004863739,0.539900004863739,0.5309000015258789,0.5309000015258789,2553,0.0,0.0
2023-04-28 13:30:00-04:00,0.5310999751091003,0.5397999882698059,0.5310999751091003,0.5396999716758728,1160,0.0,0.0
2023-04-28 14:30:00-04:00,0.531499981880188,0.5397999882698059,0.531499981880188,0.5397999882698059,1770,0.0,0.0
2023-04-28 15:30:00-04:00,0.5317000150680542,0.550000011920929,0.5317000150680542,0.550000011920929,60435,0.0,0.0
2023-05-01 09:30:00-04:00,0.5600000023841858,0.5600000023841858,0.5411999821662903,0.5412999987602234,12483,0.0,0.0
2023-05-01 10:30:00-04:00,0.5468999743461609,0.5468999743461609,0.5412999987602234,0.5432999730110168,8581,0.0,0.0
2023-05-01 11:30:00-04:00,0.5432999730110168,0.550000011920929,0.5432999730110168,0.5472000241279602,15713,0.0,0.0
2023-05-01 12:30:00-04:00,0.550000011920929,0.550000011920929,0.5490000247955322,0.549049973487854,2839,0.0,0.0
2023-05-01 13:30:00-04:00,0.5486000180244446,0.5490999817848206,0.5401009917259216,0.5401009917259216,7395,0.0,0.0
2023-05-01 14:30:00-04:00,0.5401009917259216,0.5407000184059143,0.5199999809265137,0.5300999879837036,21947,0.0,0.0
2023-05-01 15:30:00-04:00,0.5400000214576721,0.5400000214576721,0.5311999917030334,0.5314000248908997,1085,0.0,0.0
2023-05-02 09:30:00-04:00,0.5335000157356262,0.5498999953269958,0.5169000029563904,0.5299000144004822,12415,0.0,0.0
2023-05-02 10:30:00-04:00,0.5291010141372681,0.5291010141372681,0.5054000020027161,0.5117380023002625,24355,0.0,0.0
2023-05-02 11:30:00-04:00,0.5099999904632568,0.5249000191688538,0.5099999904632568,0.5247989892959595,6330,0.0,0.0
2023-05-02 12:30:00-04:00,0.5249000191688538,0.5249000191688538,0.5101000070571899,0.5101000070571899,5327,0.0,0.0
2023-05-02 13:30:00-04:00,0.5227000117301941,0.5249000191688538,0.499099999666214,0.519798994064331,17385,0.0,0.0
2023-05-02 14:30:00-04:00,0.5146989822387695,0.5198000073432922,0.5099999904632568,0.5196999907493591,9637,0.0,0.0
2023-05-02 15:30:00-04:00,0.5099999904632568,0.5188000202178955,0.5045379996299744,0.5099999904632568,0,0.0,0.0
2023-05-03 09:30:00-04:00,0.5299999713897705,0.5365999937057495,0.5299999713897705,0.5365999937057495,26720,0.0,0.0
2023-05-03 10:30:00-04:00,0.5365999937057495,0.5365999937057495,0.5304989814758301,0.5307999849319458,2337,0.0,0.0
2023-05-03 11:30:00-04:00,0.5307000279426575,0.5364999771118164,0.5,0.5016999840736389,17641,0.0,0.0
2023-05-03 12:30:00-04:00,0.5349000096321106,0.5349000096321106,0.5199000239372253,0.5199000239372253,1952,0.0,0.0
2023-05-03 13:30:00-04:00,0.5198000073432922,0.5198000073432922,0.5,0.519599974155426,31745,0.0,0.0
2023-05-03 14:30:00-04:00,0.5004010200500488,0.5189999938011169,0.5001999735832214,0.5005999803543091,13938,0.0,0.0
2023-05-03 15:30:00-04:00,0.5005999803543091,0.5174999833106995,0.5005999803543091,0.5012999773025513,3683,0.0,0.0
2023-05-04 09:30:00-04:00,0.5099999904632568,0.5328999757766724,0.5001999735832214,0.5214009881019592,34825,0.0,0.0
2023-05-04 10:30:00-04:00,0.5099999904632568,0.5121250152587891,0.5049999952316284,0.5121250152587891,12862,0.0,0.0
2023-05-04 11:30:00-04:00,0.510200023651123,0.5103009939193726,0.510200023651123,0.5102999806404114,3816,0.0,0.0
2023-05-04 12:30:00-04:00,0.5199999809265137,0.5199999809265137,0.5102999806404114,0.5152000188827515,6361,0.0,0.0
2023-05-04 13:30:00-04:00,0.5135999917984009,0.516700029373169,0.5074999928474426,0.5099999904632568,20690,0.0,0.0
2023-05-04 14:30:00-04:00,0.5088000297546387,0.5148000121116638,0.5,0.5074009895324707,21915,0.0,0.0
2023-05-04 15:30:00-04:00,0.5001000165939331,0.5098999738693237,0.5001000165939331,0.5098000168800354,0,0.0,0.0
2023-05-05 09:30:00-04:00,0.4950000047683716,0.5174990296363831,0.4950000047683716,0.5099999904632568,17908,0.0,0.0
2023-05-05 10:30:00-04:00,0.5099999904632568,0.5099999904632568,0.5001000165939331,0.5099999904632568,6267,0.0,0.0
2023-05-05 11:30:00-04:00,0.5174000263214111,0.5175999999046326,0.5,0.508899986743927,13874,0.0,0.0
2023-05-05 12:30:00-04:00,0.5069000124931335,0.5175999999046326,0.5048999786376953,0.5128999948501587,10041,0.0,0.0
2023-05-05 13:30:00-04:00,0.5081999897956848,0.5128999948501587,0.5080999732017517,0.5081999897956848,3787,0.0,0.0
2023-05-05 14:30:00-04:00,0.5081999897956848,0.5174000263214111,0.5081999897956848,0.5081999897956848,8756,0.0,0.0
2023-05-05 15:30:00-04:00,0.5101000070571899,0.5174000263214111,0.5099999904632568,0.5135999917984009,0,0.0,0.0
2023-05-08 09:30:00-04:00,0.5099999904632568,0.5175999999046326,0.5039389729499817,0.5174000263214111,21150,0.0,0.0
2023-05-08 10:30:00-04:00,0.5174000263214111,0.5174999833106995,0.5023000240325928,0.5174999833106995,15232,0.0,0.0
2023-05-08 11:30:00-04:00,0.5023000240325928,0.5174000263214111,0.5023000240325928,0.5171999931335449,0,0.0,0.0
2023-05-08 12:30:00-04:00,0.517300009727478,0.5174999833106995,0.5117999911308289,0.5117999911308289,48246,0.0,0.0
2023-05-08 13:30:00-04:00,0.5092999935150146,0.5199999809265137,0.5092999935150146,0.5199999809265137,5254,0.0,0.0
2023-05-08 14:30:00-04:00,0.5199999809265137,0.5199999809265137,0.5026999711990356,0.5042999982833862,38511,0.0,0.0
2023-05-08 15:30:00-04:00,0.5199999809265137,0.5199999809265137,0.5040000081062317,0.5198000073432922,0,0.0,0.0
2023-05-09 09:30:00-04:00,0.510200023651123,0.5199000239372253,0.5101010203361511,0.5199000239372253,3627,0.0,0.0
2023-05-09 10:30:00-04:00,0.5189999938011169,0.5199000239372253,0.5069000124931335,0.5069000124931335,8586,0.0,0.0
2023-05-09 11:30:00-04:00,0.5069000124931335,0.5069000124931335,0.4984999895095825,0.5066999793052673,7718,0.0,0.0
2023-05-09 12:30:00-04:00,0.506600022315979,0.506600022315979,0.49480000138282776,0.5049999952316284,10466,0.0,0.0
2023-05-09 13:30:00-04:00,0.5199999809265137,0.5299999713897705,0.5044999718666077,0.5069869756698608,8612,0.0,0.0
2023-05-09 14:30:00-04:00,0.5099999904632568,0.5099999904632568,0.5073999762535095,0.5099999904632568,7390,0.0,0.0
2023-05-09 15:30:00-04:00,0.5099999904632568,0.5099999904632568,0.5080000162124634,0.5081999897956848,8498,0.0,0.0
2023-05-10 09:30:00-04:00,0.5,0.5199999809265137,0.5,0.5199999809265137,30395,0.0,0.0
2023-05-10 10:30:00-04:00,0.5198990106582642,0.5199999809265137,0.5099999904632568,0.5199999809265137,8086,0.0,0.0
2023-05-10 11:30:00-04:00,0.5199000239372253,0.5199999809265137,0.5199000239372253,0.5199999809265137,6234,0.0,0.0
2023-05-10 12:30:00-04:00,0.5085999965667725,0.5199999809265137,0.5,0.5090000033378601,11756,0.0,0.0
2023-05-10 13:30:00-04:00,0.5199999809265137,0.5400000214576721,0.511726975440979,0.5274999737739563,51900,0.0,0.0
2023-05-10 14:30:00-04:00,0.5249999761581421,0.5400000214576721,0.5249999761581421,0.539900004863739,8811,0.0,0.0
2023-05-10 15:30:00-04:00,0.539900004863739,0.5400000214576721,0.5340999960899353,0.5400000214576721,0,0.0,0.0
2023-05-11 09:30:00-04:00,0.5250999927520752,0.5350000262260437,0.5224999785423279,0.5325000286102295,14400,0.0,0.0
2023-05-11 10:30:00-04:00,0.5299999713897705,0.5325000286102295,0.5199999809265137,0.5220000147819519,11874,0.0,0.0
2023-05-11 11:30:00-04:00,0.5325000286102295,0.5325000286102295,0.5300999879837036,0.5325000286102295,2979,0.0,0.0
2023-05-11 12:30:00-04:00,0.5220000147819519,0.5339999794960022,0.5220000147819519,0.5339999794960022,11648,0.0,0.0
2023-05-11 13:30:00-04:00,0.5299999713897705,0.5299999713897705,0.5221999883651733,0.5299999713897705,7913,0.0,0.0
2023-05-11 14:30:00-04:00,0.5299999713897705,0.5339999794960022,0.5221999883651733,0.5221999883651733,19606,0.0,0.0
2023-05-11 15:30:00-04:00,0.5299999713897705,0.5300999879837036,0.527899980545044,0.5299999713897705,9290,0.0,0.0
2023-05-12 09:30:00-04:00,0.5220000147819519,0.5349000096321106,0.5099999904632568,0.5149999856948853,31409,0.0,0.0
2023-05-12 10:30:00-04:00,0.5149999856948853,0.5238999724388123,0.5099999904632568,0.5230000019073486,9446,0.0,0.0
2023-05-12 11:30:00-04:00,0.519599974155426,0.5199000239372253,0.5099999904632568,0.5149999856948853,4996,0.0,0.0
2023-05-12 12:30:00-04:00,0.5199000239372253,0.5199000239372253,0.5099999904632568,0.5199000239372253,3088,0.0,0.0
2023-05-12 13:30:00-04:00,0.5199000239372253,0.5199000239372253,0.5001000165939331,0.5011000037193298,23750,0.0,0.0
2023-05-12 14:30:00-04:00,0.5164939761161804,0.5199999809265137,0.5164939761161804,0.5199999809265137,1021,0.0,0.0
2023-05-12 15:30:00-04:00,0.5001999735832214,0.5199999809265137,0.5001999735832214,0.5005999803543091,3752,0.0,0.0
2023-05-15 09:30:00-04:00,0.5199999809265137,0.5397999882698059,0.5145000219345093,0.5299000144004822,30536,0.0,0.0
2023-05-15 10:30:00-04:00,0.5145000219345093,0.5199000239372253,0.5041999816894531,0.5149999856948853,17215,0.0,0.0
2023-05-15 11:30:00-04:00,0.5198000073432922,0.5198000073432922,0.5026000142097473,0.5099999904632568,5551,0.0,0.0
2023-05-15 12:30:00-04:00,0.5088000297546387,0.5141000151634216,0.5085999965667725,0.5139999985694885,3486,0.0,0.0
2023-05-15 13:30:00-04:00,0.5051000118255615,0.5139999985694885,0.5051000118255615,0.5139999985694885,590,0.0,0.0
2023-05-15 14:30:00-04:00,0.5141000151634216,0.5199999809265137,0.5103999972343445,0.5199000239372253,7116,0.0,0.0
2023-05-15 15:30:00-04:00,0.5152000188827515,0.5198000073432922,0.5044000148773193,0.5196999907493591,0,0.0,0.0
2023-05-16 09:30:00-04:00,0.5400000214576721,0.5400000214576721,0.5250509977340698,0.5292999744415283,25686,0.0,0.0
2023-05-16 10:30:00-04:00,0.5246000289916992,0.5292999744415283,0.5199999809265137,0.5292990207672119,6849,0.0,0.0
2023-05-16 11:30:00-04:00,0.5292990207672119,0.5293999910354614,0.5249000191688538,0.5249000191688538,9526,0.0,0.0
2023-05-16 12:30:00-04:00,0.5249999761581421,0.5293999910354614,0.5249999761581421,0.5292990207672119,11372,0.0,0.0
2023-05-16 13:30:00-04:00,0.5263659954071045,0.5293999910354614,0.5263659954071045,0.5293999910354614,2096,0.0,0.0
2023-05-16 14:30:00-04:00,0.5251010060310364,0.5295000076293945,0.5251010060310364,0.5293999910354614,0,0.0,0.0
2023-05-16 15:30:00-04:00,0.5293999910354614,0.5299999713897705,0.5292999744415283,0.5299000144004822,2704,0.0,0.0
2023-05-17 09:30:00-04:00,0.5199999809265137,0.5299999713897705,0.5149999856948853,0.5299999713897705,18132,0.0,0.0
2023-05-17 10:30:00-04:00,0.5299990177154541,0.5299999713897705,0.5195000171661377,0.529899001121521,2627,0.0,0.0
2023-05-17 11:30:00-04:00,0.5247510075569153,0.5299999713897705,0.519599974155426,0.5248000025749207,2144,0.0,0.0
2023-05-17 12:30:00-04:00,0.5248000025749207,0.5248000025749207,0.5202000141143799,0.5248000025749207,836,0.0,0.0
2023-05-17 13:30:00-04:00,0.5202999711036682,0.5248000025749207,0.5202000141143799,0.5246000289916992,4763,0.0,0.0
2023-05-17 14:30:00-04:00,0.5221999883651733,0.5248000025749207,0.5202000141143799,0.5202000141143799,3341,0.0,0.0
2023-05-17 15:30:00-04:00,0.5248000025749207,0.5248000025749207,0.5202000141143799,0.5203999876976013,2976,0.0,0.0
2023-05-18 09:30:00-04:00,0.5200999975204468,0.5248000025749207,0.5108000040054321,0.5109999775886536,12476,0.0,0.0
2023-05-18 10:30:00-04:00,0.5206469893455505,0.522599995136261,0.5099999904632568,0.5199999809265137,42833,0.0,0.0
2023-05-18 11:30:00-04:00,0.5149490237236023,0.5199999809265137,0.5099999904632568,0.5149000287055969,31361,0.0,0.0
2023-05-18 12:30:00-04:00,0.519599974155426,0.5199999809265137,0.519599974155426,0.5199999809265137,10317,0.0,0.0
2023-05-18 13:30:00-04:00,0.5199999809265137,0.5199999809265137,0.5099999904632568,0.5099999904632568,6469,0.0,0.0
2023-05-18 14:30:00-04:00,0.5099999904632568,0.5146999955177307,0.5099999904632568,0.5099999904632568,5281,0.0,0.0
2023-05-18 15:30:00-04:00,0.5118020176887512,0.5192000269889832,0.5101000070571899,0.5110999941825867,0,0.0,0.0
2023-05-19 09:30:00-04:00,0.5299999713897705,0.5299999713897705,0.5249999761581421,0.5293989777565002,0,0.0,0.0
2023-05-19 10:30:00-04:00,0.5267000198364258,0.5267000198364258,0.5151489973068237,0.5199000239372253,9799,0.0,0.0
2023-05-19 11:30:00-04:00,0.5199000239372253,0.5199000239372253,0.5150989890098572,0.5150989890098572,1815,0.0,0.0
2023-05-19 12:30:00-04:00,0.5099999904632568,0.5099999904632568,0.49799999594688416,0.49799999594688416,28323,0.0,0.0
2023-05-19 13:30:00-04:00,0.5041000247001648,0.5041000247001648,0.5,0.5,2232,0.0,0.0
2023-05-19 14:30:00-04:00,0.5,0.5041000247001648,0.49939998984336853,0.49939998984336853,15698,0.0,0.0
2023-05-19 15:30:00-04:00,0.5019999742507935,0.5023999810218811,0.4900999963283539,0.4900999963283539,16027,0.0,0.0
2023-05-22 09:30:00-04:00,0.5,0.5092999935150146,0.5,0.5030999779701233,12374,0.0,0.0
2023-05-22 10:30:00-04:00,0.503600001335144,0.5198990106582642,0.5033000111579895,0.5198990106582642,9166,0.0,0.0
2023-05-22 11:30:00-04:00,0.5199000239372253,0.5199000239372253,0.5170009732246399,0.5170009732246399,3191,0.0,0.0
2023-05-22 12:30:00-04:00,0.5184000134468079,0.5199000239372253,0.5009999871253967,0.5009999871253967,17346,0.0,0.0
2023-05-22 13:30:00-04:00,0.5034999847412109,0.5098999738693237,0.5016000270843506,0.5016000270843506,10399,0.0,0.0
2023-05-22 14:30:00-04:00,0.5016999840736389,0.5188999772071838,0.5016999840736389,0.5188999772071838,3596,0.0,0.0
2023-05-22 15:30:00-04:00,0.5019999742507935,0.5199999809265137,0.5016000270843506,0.5199999809265137,0,0.0,0.0
2023-05-23 09:30:00-04:00,0.5238999724388123,0.5249999761581421,0.5199999809265137,0.5200999975204468,26222,0.0,0.0
2023-05-23 10:30:00-04:00,0.5199999809265137,0.5199999809265137,0.5109000205993652,0.5199999809265137,6073,0.0,0.0
2023-05-23 11:30:00-04:00,0.5155010223388672,0.536300003528595,0.5099999904632568,0.5230000019073486,58214,0.0,0.0
2023-05-23 12:30:00-04:00,0.5220000147819519,0.550000011920929,0.5220000147819519,0.5249999761581421,76540,0.0,0.0
2023-05-23 13:30:00-04:00,0.5299999713897705,0.548799991607666,0.5299999713897705,0.534500002861023,2291,0.0,0.0
2023-05-23 14:30:00-04:00,0.5486000180244446,0.550000011920929,0.5299999713897705,0.5430189967155457,19119,0.0,0.0
2023-05-23 15:30:00-04:00,0.5497999787330627,0.5498999953269958,0.5200999975204468,0.5339999794960022,0,0.0,0.0
2023-05-24 09:30:00-04:00,0.550000011920929,0.5597000122070312,0.5202000141143799,0.5498999953269958,56862,0.0,0.0
2023-05-24 10:30:00-04:00,0.535099983215332,0.5498999953269958,0.5350499749183655,0.5497999787330627,29936,0.0,0.0
2023-05-24 11:30:00-04:00,0.5425000190734863,0.5699999928474426,0.5425000190734863,0.5673999786376953,73776,0.0,0.0
2023-05-24 12:30:00-04:00,0.5669999718666077,0.5723999738693237,0.5669999718666077,0.5723999738693237,47461,0.0,0.0
2023-05-24 13:30:00-04:00,0.5724999904632568,0.5949000120162964,0.5724999904632568,0.5798900127410889,50111,0.0,0.0
2023-05-24 14:30:00-04:00,0.5756499767303467,0.5899999737739563,0.5734000205993652,0.5898990035057068,47463,0.0,0.0
2023-05-24 15:30:00-04:00,0.589900016784668,0.5950000286102295,0.5825999975204468,0.5825999975204468,36268,0.0,0.0
2023-05-25 09:30:00-04:00,0.6000000238418579,0.6000000238418579,0.5730000138282776,0.5837389826774597,21800,0.0,0.0
2023-05-25 10:30:00-04:00,0.5751000046730042,0.5997999906539917,0.5751000046730042,0.5900999903678894,50793,0.0,0.0
2023-05-25 11:30:00-04:00,0.5942990183830261,0.5942999720573425,0.5910000205039978,0.5942000150680542,6973,0.0,0.0
2023-05-25 12:30:00-04:00,0.5942000150680542,0.5978999733924866,0.5911009907722473,0.5911009907722473,1613,0.0,0.0
2023-05-25 13:30:00-04:00,0.5942999720573425,0.597100019454956,0.5799999833106995,0.589900016784668,21970,0.0,0.0
2023-05-25 14:30:00-04:00,0.5899999737739563,0.5899999737739563,0.5800999999046326,0.5802010297775269,955,0.0,0.0
2023-05-25 15:30:00-04:00,0.5896999835968018,0.5979999899864197,0.586899995803833,0.5927000045776367,13189,0.0,0.0
2023-05-26 09:30:00-04:00,0.5899999737739563,0.5954999923706055,0.589900016784668,0.5954999923706055,51438,0.0,0.0
2023-05-26 10:30:00-04:00,0.5954999923706055,0.6148999929428101,0.5953999757766724,0.613099992275238,58828,0.0,0.0
2023-05-26 11:30:00-04:00,0.6198999881744385,0.6299999952316284,0.6146000027656555,0.6258500218391418,47665,0.0,0.0
2023-05-26 12:30:00-04:00,0.6258999705314636,0.6258999705314636,0.6248999834060669,0.6258999705314636,5639,0.0,0.0
2023-05-26 13:30:00-04:00,0.6258999705314636,0.6299999952316284,0.625,0.6299999952316284,29694,0.0,0.0
2023-05-26 14:30:00-04:00,0.6299999952316284,0.6600000262260437,0.6209999918937683,0.6499999761581421,92059,0.0,0.0
2023-05-26 15:30:00-04:00,0.6499990224838257,0.6499990224838257,0.6297000050544739,0.6392999887466431,11561,0.0,0.0
2023-05-30 09:30:00-04:00,0.6499999761581421,0.6589999794960022,0.6399999856948853,0.6499999761581421,84021,0.0,0.0
2023-05-30 10:30:00-04:00,0.6578999757766724,0.6589000225067139,0.6499000191688538,0.6554989814758301,16874,0.0,0.0
2023-05-30 11:30:00-04:00,0.6520000100135803,0.675000011920929,0.6520000100135803,0.6650999784469604,14569,0.0,0.0
2023-05-30 12:30:00-04:00,0.6650999784469604,0.6679999828338623,0.6520000100135803,0.6665999889373779,19993,0.0,0.0
2023-05-30 13:30:00-04:00,0.6518999934196472,0.6599000096321106,0.6518999934196472,0.6524999737739563,7063,0.0,0.0
2023-05-30 14:30:00-04:00,0.6524999737739563,0.6764000058174133,0.6430000066757202,0.6499999761581421,19820,0.0,0.0
2023-05-30 15:30:00-04:00,0.6499999761581421,0.6561999917030334,0.6399999856948853,0.6561999917030334,11772,0.0,0.0
2023-05-31 09:30:00-04:00,0.6800000071525574,0.6970000267028809,0.6700000166893005,0.6916999816894531,66825,0.0,0.0
2023-05-31 10:30:00-04:00,0.6898999810218811,0.7390000224113464,0.6801999807357788,0.7193999886512756,100708,0.0,0.0
2023-05-31 11:30:00-04:00,0.7199000120162964,0.7390000224113464,0.7099999785423279,0.7279999852180481,37560,0.0,0.0
2023-05-31 12:30:00-04:00,0.7279999852180481,0.7279999852180481,0.7211999893188477,0.7228999733924866,26354,0.0,0.0
2023-05-31 13:30:00-04:00,0.7214000225067139,0.7232999801635742,0.7099999785423279,0.7232999801635742,18365,0.0,0.0
2023-05-31 14:30:00-04:00,0.7239999771118164,0.7279999852180481,0.720300018787384,0.7237100005149841,27208,0.0,0.0
2023-05-31 15:30:00-04:00,0.7236999869346619,0.7279999852180481,0.7236999869346619,0.727400004863739,17092,0.0,0.0
2023-06-01 09:30:00-04:00,0.7250000238418579,0.7598999738693237,0.7250000238418579,0.7549999952316284,85161,0.0,0.0
2023-06-01 10:30:00-04:00,0.7555999755859375,0.7555999755859375,0.7389000058174133,0.7439600229263306,61558,0.0,0.0
2023-06-01 11:30:00-04:00,0.7458000183105469,0.7699999809265137,0.7458000183105469,0.7699999809265137,58648,0.0,0.0
2023-06-01 12:30:00-04:00,0.7788000106811523,0.7799999713897705,0.761900007724762,0.7699859738349915,47602,0.0,0.0
2023-06-01 13:30:00-04:00,0.7702000141143799,0.7900000214576721,0.7700999975204468,0.789900004863739,54777,0.0,0.0
2023-06-01 14:30:00-04:00,0.789900004863739,0.7940000295639038,0.789900004863739,0.789900004863739,15506,0.0,0.0
2023-06-01 15:30:00-04:00,0.789900004863739,0.7900000214576721,0.7699999809265137,0.7730000019073486,50582,0.0,0.0
2023-06-02 09:30:00-04:00,0.7699999809265137,0.7900000214576721,0.7458000183105469,0.7540000081062317,85793,0.0,0.0
2023-06-02 10:30:00-04:00,0.7548999786376953,0.7699000239372253,0.7462999820709229,0.7462999820709229,47885,0.0,0.0
2023-06-02 11:30:00-04:00,0.7500920295715332,0.7632200121879578,0.7462999820709229,0.7498999834060669,46312,0.0,0.0
2023-06-02 12:30:00-04:00,0.7494999766349792,0.75,0.7494999766349792,0.75,9197,0.0,0.0
2023-06-02 13:30:00-04:00,0.7498999834060669,0.7498999834060669,0.7400000095367432,0.7430999875068665,13879,0.0,0.0
2023-06-02 14:30:00-04:00,0.7409300208091736,0.7430999875068665,0.7400000095367432,0.7400000095367432,22220,0.0,0.0
2023-06-02 15:30:00-04:00,0.7430999875068665,0.7430999875068665,0.7160999774932861,0.7239999771118164,37929,0.0,0.0
2023-06-05 09:30:00-04:00,0.7488999962806702,0.7488999962806702,0.7100009918212891,0.7153000235557556,29119,0.0,0.0
2023-06-05 10:30:00-04:00,0.7149999737739563,0.7196999788284302,0.7110000252723694,0.718999981880188,6355,0.0,0.0
2023-06-05 11:30:00-04:00,0.7149999737739563,0.7199000120162964,0.7146999835968018,0.717399001121521,15316,0.0,0.0
2023-06-05 12:30:00-04:00,0.714900016784668,0.7199000120162964,0.7001000046730042,0.7001000046730042,37806,0.0,0.0
2023-06-05 13:30:00-04:00,0.7071509957313538,0.7142999768257141,0.6850000023841858,0.6899999976158142,56602,0.0,0.0
2023-06-05 14:30:00-04:00,0.6901000142097473,0.7099999785423279,0.6850000023841858,0.6998999714851379,8185,0.0,0.0
2023-06-05 15:30:00-04:00,0.6990000009536743,0.6990000009536743,0.6596999764442444,0.6848999857902527,0,0.0,0.0
2023-06-06 09:30:00-04:00,0.6899999976158142,0.699999988079071,0.6596999764442444,0.6700000166893005,76295,0.0,0.0
2023-06-06 10:30:00-04:00,0.6596999764442444,0.6700000166893005,0.6401000022888184,0.6500999927520752,73254,0.0,0.0
2023-06-06 11:30:00-04:00,0.6497499942779541,0.6589000225067139,0.6222000122070312,0.6528000235557556,63155,0.0,0.0
2023-06-06 12:30:00-04:00,0.6546000242233276,0.6600000262260437,0.6528000235557556,0.656499981880188,6820,0.0,0.0
2023-06-06 13:30:00-04:00,0.656499981880188,0.6665989756584167,0.656499981880188,0.6665989756584167,1925,0.0,0.0
2023-06-06 14:30:00-04:00,0.657800018787384,0.6665999889373779,0.6571999788284302,0.6664999723434448,8786,0.0,0.0
2023-06-06 15:30:00-04:00,0.6664999723434448,0.6718999743461609,0.660099983215332,0.6718999743461609,0,0.0,0.0
2023-06-07 09:30:00-04:00,0.6600000262260437,0.6949999928474426,0.6402999758720398,0.6901000142097473,33679,0.0,0.0
2023-06-07 10:30:00-04:00,0.6901000142097473,0.699999988079071,0.6669999957084656,0.6669999957084656,7994,0.0,0.0
2023-06-07 11:30:00-04:00,0.6784999966621399,0.6899999976158142,0.6784999966621399,0.6894999742507935,6720,0.0,0.0
2023-06-07 12:30:00-04:00,0.678600013256073,0.6899999976158142,0.678600013256073,0.6873000264167786,8062,0.0,0.0
2023-06-07 13:30:00-04:00,0.6899999976158142,0.6899999976158142,0.6822010278701782,0.6898999810218811,5806,0.0,0.0
2023-06-07 14:30:00-04:00,0.6860499978065491,0.6899999976158142,0.6820999979972839,0.6820999979972839,30540,0.0,0.0
2023-06-07 15:30:00-04:00,0.6819999814033508,0.6899999976158142,0.6700000166893005,0.6899999976158142,23996,0.0,0.0
2023-06-08 09:30:00-04:00,0.6899999976158142,0.699999988079071,0.6797999739646912,0.6899999976158142,9930,0.0,0.0
2023-06-08 10:30:00-04:00,0.6898999810218811,0.6992999911308289,0.6840000152587891,0.6840000152587891,21005,0.0,0.0
2023-06-08 11:30:00-04:00,0.6998999714851379,0.699999988079071,0.6840000152587891,0.6840999722480774,3242,0.0,0.0
2023-06-08 12:30:00-04:00,0.6919999718666077,0.699999988079071,0.6840000152587891,0.6840000152587891,10655,0.0,0.0
2023-06-08 13:30:00-04:00,0.6998999714851379,0.7445999979972839,0.6998999714851379,0.7419999837875366,72637,0.0,0.0
2023-06-08 14:30:00-04:00,0.7400000095367432,0.744700014591217,0.7099999785423279,0.7389000058174133,20008,0.0,0.0
2023-06-08 15:30:00-04:00,0.7245010137557983,0.7245010137557983,0.710099995136261,0.7200000286102295,0,0.0,0.0
2023-06-09 09:30:00-04:00,0.699999988079071,0.7200000286102295,0.6949999928474426,0.7060999870300293,22163,0.0,0.0
2023-06-09 10:30:00-04:00,0.7060999870300293,0.7060999870300293,0.6840000152587891,0.6915000081062317,46605,0.0,0.0
2023-06-09 11:30:00-04:00,0.6915000081062317,0.7001000046730042,0.6899999976158142,0.6899999976158142,3388,0.0,0.0
2023-06-09 12:30:00-04:00,0.6899999976158142,0.7002000212669373,0.6840999722480774,0.6840999722480774,9033,0.0,0.0
2023-06-09 13:30:00-04:00,0.6840999722480774,0.6877999901771545,0.671999990940094,0.6800000071525574,14959,0.0,0.0
2023-06-09 14:30:00-04:00,0.6800000071525574,0.6800000071525574,0.664900004863739,0.664900004863739,8039,0.0,0.0
2023-06-09 15:30:00-04:00,0.6610000133514404,0.6669999957084656,0.6399999856948853,0.6668990254402161,28773,0.0,0.0
2023-06-12 09:30:00-04:00,0.6700000166893005,0.6997990012168884,0.6546000242233276,0.6991000175476074,22941,0.0,0.0
2023-06-12 10:30:00-04:00,0.6998000144958496,0.6998999714851379,0.6935999989509583,0.6998999714851379,13387,0.0,0.0
2023-06-12 11:30:00-04:00,0.6948000192642212,0.7099999785423279,0.6899999976158142,0.7099999785423279,29383,0.0,0.0
2023-06-12 12:30:00-04:00,0.7099999785423279,0.7199000120162964,0.7001000046730042,0.7001000046730042,30541,0.0,0.0
2023-06-12 13:30:00-04:00,0.7050999999046326,0.7099999785423279,0.7002999782562256,0.7002999782562256,2201,0.0,0.0
2023-06-12 14:30:00-04:00,0.7050999999046326,0.7099999785423279,0.699999988079071,0.699999988079071,5967,0.0,0.0
2023-06-12 15:30:00-04:00,0.699999988079071,0.7078999876976013,0.699999988079071,0.7056999802589417,25392,0.0,0.0
2023-06-13 09:30:00-04:00,0.7200000286102295,0.7200000286102295,0.7078999876976013,0.7149999737739563,30679,0.0,0.0
2023-06-13 10:30:00-04:00,0.7160000205039978,0.7174999713897705,0.699999988079071,0.7038000226020813,17576,0.0,0.0
2023-06-13 11:30:00-04:00,0.7000010013580322,0.7000010013580322,0.6751000285148621,0.6786999702453613,46473,0.0,0.0
2023-06-13 12:30:00-04:00,0.6797999739646912,0.6999989748001099,0.6775000095367432,0.6949999928474426,11909,0.0,0.0
2023-06-13 13:30:00-04:00,0.6809999942779541,0.6899999976158142,0.6800000071525574,0.6809459924697876,10174,0.0,0.0
2023-06-13 14:30:00-04:00,0.680899977684021,0.6899999976158142,0.6800000071525574,0.6899999976158142,8032,0.0,0.0
2023-06-13 15:30:00-04:00,0.6849499940872192,0.6869999766349792,0.6775000095367432,0.6775000095367432,17887,0.0,0.0
2023-06-14 09:30:00-04:00,0.6998999714851379,0.7099000215530396,0.6899999976158142,0.6899999976158142,15063,0.0,0.0
2023-06-14 10:30:00-04:00,0.6899999976158142,0.6899999976158142,0.6741999983787537,0.6741999983787537,5465,0.0,0.0
2023-06-14 11:30:00-04:00,0.6679999828338623,0.6898999810218811,0.6679999828338623,0.6800000071525574,3446,0.0,0.0
2023-06-14 12:30:00-04:00,0.6800000071525574,0.6800000071525574,0.6650000214576721,0.6676999926567078,2438,0.0,0.0
2023-06-14 13:30:00-04:00,0.6699000000953674,0.6700000166893005,0.6510000228881836,0.6600000262260437,14374,0.0,0.0
2023-06-14 14:30:00-04:00,0.6696000099182129,0.6696000099182129,0.6500999927520752,0.6696000099182129,9074,0.0,0.0
2023-06-14 15:30:00-04:00,0.656000018119812,0.6696000099182129,0.656000018119812,0.656000018119812,36564,0.0,0.0
2023-06-15 09:30:00-04:00,0.6499999761581421,0.6625000238418579,0.6499999761581421,0.6565510034561157,6170,0.0,0.0
2023-06-15 10:30:00-04:00,0.6624000072479248,0.6699000000953674,0.650600016117096,0.6699000000953674,7448,0.0,0.0
2023-06-15 11:30:00-04:00,0.6696000099182129,0.6700000166893005,0.660099983215332,0.6699000000953674,5374,0.0,0.0
2023-06-15 12:30:00-04:00,0.6697999835014343,0.6699000000953674,0.6600000262260437,0.6654999852180481,1222,0.0,0.0
2023-06-15 13:30:00-04:00,0.6699000000953674,0.6800000071525574,0.661201000213623,0.6798999905586243,12784,0.0,0.0
2023-06-15 14:30:00-04:00,0.6800000071525574,0.6800000071525574,0.661109983921051,0.6776000261306763,3364,0.0,0.0
2023-06-15 15:30:00-04:00,0.6754999756813049,0.6899999976158142,0.6696000099182129,0.6696000099182129,12837,0.0,0.0
2023-06-16 09:30:00-04:00,0.6800000071525574,0.6873999834060669,0.6800000071525574,0.6840999722480774,6954,0.0,0.0
2023-06-16 10:30:00-04:00,0.6840000152587891,0.6840999722480774,0.652400016784668,0.6657009720802307,12808,0.0,0.0
2023-06-16 11:30:00-04:00,0.6656000018119812,0.6693000197410583,0.6656000018119812,0.6656000018119812,4741,0.0,0.0
2023-06-16 12:30:00-04:00,0.6657000184059143,0.678600013256073,0.6650000214576721,0.6650999784469604,13159,0.0,0.0
2023-06-16 13:30:00-04:00,0.6651999950408936,0.678600013256073,0.6651009917259216,0.678600013256073,1329,0.0,0.0
2023-06-16 14:30:00-04:00,0.6873000264167786,0.6873999834060669,0.6657999753952026,0.6657999753952026,9375,0.0,0.0
2023-06-16 15:30:00-04:00,0.6875,0.6875,0.6772369742393494,0.6814000010490417,4423,0.0,0.0
2023-06-20 09:30:00-04:00,0.6852999925613403,0.699999988079071,0.6800000071525574,0.6895999908447266,11742,0.0,0.0
2023-06-20 10:30:00-04:00,0.6800000071525574,0.6895999908447266,0.6700999736785889,0.6711000204086304,11368,0.0,0.0
2023-06-20 11:30:00-04:00,0.6894999742507935,0.6894999742507935,0.6600000262260437,0.6800000071525574,19259,0.0,0.0
2023-06-20 12:30:00-04:00,0.6887999773025513,0.6887999773025513,0.6794999837875366,0.6816999912261963,2707,0.0,0.0
2023-06-20 13:30:00-04:00,0.6816999912261963,0.6888999938964844,0.675000011920929,0.675000011920929,16799,0.0,0.0
2023-06-20 14:30:00-04:00,0.6800000071525574,0.699999988079071,0.675000011920929,0.699999988079071,28826,0.0,0.0
2023-06-20 15:30:00-04:00,0.699999988079071,0.705299973487854,0.6890000104904175,0.6998999714851379,6878,0.0,0.0
2023-06-21 09:30:00-04:00,0.6800000071525574,0.699999988079071,0.6700000166893005,0.6800000071525574,15166,0.0,0.0
2023-06-21 10:30:00-04:00,0.675000011920929,0.6800000071525574,0.6700000166893005,0.6700999736785889,14617,0.0,0.0
2023-06-21 11:30:00-04:00,0.6700999736785889,0.6798999905586243,0.6700999736785889,0.6798999905586243,10269,0.0,0.0
2023-06-21 12:30:00-04:00,0.670199990272522,0.6783159971237183,0.666700005531311,0.6700000166893005,4042,0.0,0.0
2023-06-21 13:30:00-04:00,0.6700000166893005,0.6800000071525574,0.666700005531311,0.6800000071525574,9218,0.0,0.0
2023-06-21 14:30:00-04:00,0.6675000190734863,0.6780999898910522,0.6675000190734863,0.6780999898910522,1325,0.0,0.0
2023-06-21 15:30:00-04:00,0.6779999732971191,0.6897000074386597,0.6700000166893005,0.6895999908447266,8525,0.0,0.0
2023-06-22 09:30:00-04:00,0.6599000096321106,0.7099000215530396,0.6599000096321106,0.7044489979743958,188880,0.0,0.0
2023-06-22 10:30:00-04:00,0.708899974822998,0.7089999914169312,0.6901000142097473,0.6998999714851379,30409,0.0,0.0
2023-06-22 11:30:00-04:00,0.6990000009536743,0.6998999714851379,0.6668000221252441,0.6800000071525574,36418,0.0,0.0
2023-06-22 12:30:00-04:00,0.6980999708175659,0.6980999708175659,0.6795099973678589,0.6899999976158142,12694,0.0,0.0
2023-06-22 13:30:00-04:00,0.6899999976158142,0.6899999976158142,0.6794000267982483,0.6800000071525574,18263,0.0,0.0
2023-06-22 14:30:00-04:00,0.6707000136375427,0.6799989938735962,0.6600000262260437,0.6749500036239624,45159,0.0,0.0
2023-06-22 15:30:00-04:00,0.6798999905586243,0.6798999905586243,0.6748999953269958,0.678600013256073,12551,0.0,0.0
2023-06-23 09:30:00-04:00,0.6499999761581421,0.6600000262260437,0.6226000189781189,0.6399999856948853,133613,0.0,0.0
2023-06-23 10:30:00-04:00,0.6449000239372253,0.6449999809265137,0.6100000143051147,0.6159510016441345,50837,0.0,0.0
2023-06-23 11:30:00-04:00,0.6159999966621399,0.6218000054359436,0.6050000190734863,0.6100000143051147,70465,0.0,0.0
2023-06-23 12:30:00-04:00,0.6096000075340271,0.6216999888420105,0.5504000186920166,0.5745999813079834,116340,0.0,0.0
2023-06-23 13:30:00-04:00,0.573199987411499,0.5899999737739563,0.5649999976158142,0.579800009727478,46440,0.0,0.0
2023-06-23 14:30:00-04:00,0.579800009727478,0.579800009727478,0.550000011920929,0.5600000023841858,60814,0.0,0.0
2023-06-23 15:30:00-04:00,0.5501009821891785,0.5735999941825867,0.5501000285148621,0.5735999941825867,33138,0.0,0.0
2023-06-26 09:30:00-04:00,0.6000000238418579,0.6000000238418579,0.5205000042915344,0.557200014591217,90655,0.0,0.0
2023-06-26 10:30:00-04:00,0.5569999814033508,0.5626000165939331,0.5501000285148621,0.5626000165939331,12675,0.0,0.0
2023-06-26 11:30:00-04:00,0.5608999729156494,0.5608999729156494,0.550000011920929,0.5501000285148621,26210,0.0,0.0
2023-06-26 12:30:00-04:00,0.5501000285148621,0.5501000285148621,0.550000011920929,0.5501000285148621,2130,0.0,0.0
2023-06-26 13:30:00-04:00,0.5501000285148621,0.5501000285148621,0.550000011920929,0.5501000285148621,9942,0.0,0.0
2023-06-26 14:30:00-04:00,0.5501000285148621,0.5662000179290771,0.5475000143051147,0.5662000179290771,23177,0.0,0.0
2023-06-26 15:30:00-04:00,0.5600000023841858,0.566100001335144,0.5600000023841858,0.5612199902534485,0,0.0,0.0
2023-06-27 09:30:00-04:00,0.566100001335144,0.566100001335144,0.5414999723434448,0.550000011920929,93211,0.0,0.0
2023-06-27 10:30:00-04:00,0.550000011920929,0.5657989978790283,0.5310999751091003,0.5311999917030334,35732,0.0,0.0
2023-06-27 11:30:00-04:00,0.5314000248908997,0.5375000238418579,0.5199999809265137,0.5297999978065491,33144,0.0,0.0
2023-06-27 12:30:00-04:00,0.5249490141868591,0.5297999978065491,0.5001000165939331,0.5199000239372253,105980,0.0,0.0
2023-06-27 13:30:00-04:00,0.5099999904632568,0.5198000073432922,0.5019999742507935,0.5020809769630432,69524,0.0,0.0
2023-06-27 14:30:00-04:00,0.5110999941825867,0.5199000239372253,0.49000000953674316,0.49000000953674316,85774,0.0,0.0
2023-06-27 15:30:00-04:00,0.49000000953674316,0.5,0.49000000953674316,0.5,41287,0.0,0.0
2023-06-28 09:30:00-04:00,0.5049999952316284,0.5049999952316284,0.4900999963283539,0.5013999938964844,49961,0.0,0.0
2023-06-28 10:30:00-04:00,0.4997999966144562,0.5099999904632568,0.49050000309944153,0.49050000309944153,169557,0.0,0.0
2023-06-28 11:30:00-04:00,0.4961499869823456,0.5013999938964844,0.4961499869823456,0.5,16286,0.0,0.0
2023-06-28 12:30:00-04:00,0.5001009702682495,0.5099999904632568,0.49050000309944153,0.49070000648498535,39395,0.0,0.0
2023-06-28 13:30:00-04:00,0.49070000648498535,0.5,0.49050000309944153,0.49900001287460327,13847,0.0,0.0
2023-06-28 14:30:00-04:00,0.4999000132083893,0.5,0.4943000078201294,0.49970000982284546,6013,0.0,0.0
2023-06-28 15:30:00-04:00,0.49529901146888733,0.5,0.49529901146888733,0.4999000132083893,5401,0.0,0.0
2023-06-29 09:30:00-04:00,0.49000000953674316,0.5077999830245972,0.49000000953674316,0.5001000165939331,40997,0.0,0.0
2023-06-29 10:30:00-04:00,0.5,0.5,0.49309998750686646,0.4997990131378174,10868,0.0,0.0
2023-06-29 11:30:00-04:00,0.49639999866485596,0.49970000982284546,0.49300000071525574,0.49959999322891235,18989,0.0,0.0
2023-06-29 12:30:00-04:00,0.49970000982284546,0.49970000982284546,0.49410000443458557,0.4968999922275543,4865,0.0,0.0
2023-06-29 13:30:00-04:00,0.4941999912261963,0.49709999561309814,0.49000000953674316,0.49000000953674316,22679,0.0,0.0
2023-06-29 14:30:00-04:00,0.4900999963283539,0.49570000171661377,0.49009600281715393,0.4950999915599823,3144,0.0,0.0
2023-06-29 15:30:00-04:00,0.49950000643730164,0.4999000132083893,0.49000000953674316,0.49140000343322754,37001,0.0,0.0
2023-06-30 09:30:00-04:00,0.550000011920929,0.550000011920929,0.5001999735832214,0.5149000287055969,27639,0.0,0.0
2023-06-30 10:30:00-04:00,0.5174490213394165,0.5248000025749207,0.5138000249862671,0.5138999819755554,7580,0.0,0.0
2023-06-30 11:30:00-04:00,0.5138999819755554,0.5198000073432922,0.5099999904632568,0.5099999904632568,8260,0.0,0.0
2023-06-30 12:30:00-04:00,0.5134000182151794,0.5134999752044678,0.5033000111579895,0.5131999850273132,16166,0.0,0.0
2023-06-30 13:30:00-04:00,0.5049999952316284,0.5131000280380249,0.5024999976158142,0.5131000280380249,1942,0.0,0.0
2023-06-30 14:30:00-04:00,0.5131000280380249,0.5131999850273132,0.5009999871253967,0.5019999742507935,5804,0.0,0.0
2023-06-30 15:30:00-04:00,0.5099999904632568,0.5133000016212463,0.5001999735832214,0.5019999742507935,2811,0.0,0.0
2023-07-03 09:30:00-04:00,0.49540001153945923,0.5149999856948853,0.49000000953674316,0.5149999856948853,28127,0.0,0.0
2023-07-03 10:30:00-04:00,0.515999972820282,0.5350000262260437,0.5008000135421753,0.5099999904632568,18569,0.0,0.0
2023-07-03 11:30:00-04:00,0.5174000263214111,0.5199000239372253,0.5099999904632568,0.5149999856948853,4114,0.0,0.0
2023-07-05 09:30:00-04:00,0.5257999897003174,0.5257999897003174,0.5099999904632568,0.510200023651123,12065,0.0,0.0
2023-07-05 10:30:00-04:00,0.5103099942207336,0.5244989991188049,0.4932999908924103,0.49880000948905945,15576,0.0,0.0
2023-07-05 11:30:00-04:00,0.49399998784065247,0.517799973487854,0.49000000953674316,0.5001000165939331,48921,0.0,0.0
2023-07-05 12:30:00-04:00,0.5011000037193298,0.5105929970741272,0.4900999963283539,0.4900999963283539,36559,0.0,0.0
2023-07-05 13:30:00-04:00,0.4999000132083893,0.5,0.49494901299476624,0.5,22119,0.0,0.0
2023-07-05 14:30:00-04:00,0.5,0.5,0.5,0.5,1090,0.0,0.0
2023-07-05 15:30:00-04:00,0.5012000203132629,0.5012000203132629,0.5005999803543091,0.5006099939346313,1399,0.0,0.0
2023-07-06 09:30:00-04:00,0.5099999904632568,0.5299999713897705,0.5001009702682495,0.5289999842643738,6595,0.0,0.0
2023-07-06 10:30:00-04:00,0.517799973487854,0.5289000272750854,0.5,0.5284000039100647,51082,0.0,0.0
2023-07-06 11:30:00-04:00,0.527899980545044,0.527899980545044,0.48809999227523804,0.49950000643730164,82552,0.0,0.0
2023-07-06 12:30:00-04:00,0.49480000138282776,0.5256999731063843,0.49000000953674316,0.525600016117096,20983,0.0,0.0
2023-07-06 13:30:00-04:00,0.5254999995231628,0.5254999995231628,0.5000500082969666,0.5098999738693237,5688,0.0,0.0
2023-07-06 14:30:00-04:00,0.5094000101089478,0.5094000101089478,0.5001000165939331,0.5027999877929688,2030,0.0,0.0
2023-07-06 15:30:00-04:00,0.49639999866485596,0.5024999976158142,0.49639999866485596,0.5024999976158142,826,0.0,0.0
2023-07-07 09:30:00-04:00,0.49219998717308044,0.5115990042686462,0.49219998717308044,0.4997999966144562,11718,0.0,0.0
2023-07-07 10:30:00-04:00,0.49300000071525574,0.4997999966144562,0.4893999993801117,0.4893999993801117,38047,0.0,0.0
2023-07-07 11:30:00-04:00,0.49000999331474304,0.49799999594688416,0.49000000953674316,0.49790000915527344,16888,0.0,0.0
2023-07-07 12:30:00-04:00,0.49790000915527344,0.5116000175476074,0.4939489960670471,0.5099999904632568,22535,0.0,0.0
2023-07-07 13:30:00-04:00,0.519599974155426,0.527999997138977,0.5080000162124634,0.5080000162124634,7059,0.0,0.0
2023-07-07 14:30:00-04:00,0.5249000191688538,0.5249000191688538,0.5009999871253967,0.5041000247001648,34549,0.0,0.0
2023-07-07 15:30:00-04:00,0.5041000247001648,0.5249000191688538,0.5041000247001648,0.5097500085830688,12322,0.0,0.0
2023-07-10 09:30:00-04:00,0.5152999758720398,0.5195000171661377,0.4902999997138977,0.5192999839782715,34363,0.0,0.0
2023-07-10 10:30:00-04:00,0.5194000005722046,0.5277000069618225,0.5193600058555603,0.5249000191688538,32444,0.0,0.0
2023-07-10 11:30:00-04:00,0.5220000147819519,0.5249999761581421,0.517300009727478,0.517300009727478,15442,0.0,0.0
2023-07-10 12:30:00-04:00,0.5171999931335449,0.517300009727478,0.512440025806427,0.517300009727478,607,0.0,0.0
2023-07-10 13:30:00-04:00,0.5171999931335449,0.517300009727478,0.5139999985694885,0.5139999985694885,5707,0.0,0.0
2023-07-10 14:30:00-04:00,0.5171999931335449,0.5171999931335449,0.5139999985694885,0.51419997215271,17922,0.0,0.0
2023-07-10 15:30:00-04:00,0.51419997215271,0.51419997215271,0.5057010054588318,0.5092999935150146,11771,0.0,0.0
2023-07-11 09:30:00-04:00,0.5009999871253967,0.5099899768829346,0.5009999871253967,0.505299985408783,9021,0.0,0.0
2023-07-11 10:30:00-04:00,0.5046849846839905,0.5052000284194946,0.5005099773406982,0.5049999952316284,4481,0.0,0.0
2023-07-11 11:30:00-04:00,0.5030009746551514,0.5049999952316284,0.503000020980835,0.5040000081062317,6647,0.0,0.0
2023-07-11 12:30:00-04:00,0.5049999952316284,0.5199000239372253,0.5040000081062317,0.5095499753952026,26205,0.0,0.0
2023-07-11 13:30:00-04:00,0.5099999904632568,0.5099999904632568,0.506600022315979,0.5099999904632568,4886,0.0,0.0
2023-07-11 14:30:00-04:00,0.5099999904632568,0.5149999856948853,0.5066999793052673,0.5149999856948853,17638,0.0,0.0
2023-07-11 15:30:00-04:00,0.5138000249862671,0.5149999856948853,0.5099999904632568,0.5109999775886536,0,0.0,0.0
2023-07-12 09:30:00-04:00,0.5045999884605408,0.5242999792098999,0.5045999884605408,0.5116000175476074,29872,0.0,0.0
2023-07-12 10:30:00-04:00,0.524599015712738,0.524599015712738,0.5052000284194946,0.505299985408783,203672,0.0,0.0
2023-07-12 11:30:00-04:00,0.5098999738693237,0.5098999738693237,0.5055999755859375,0.5056999921798706,4174,0.0,0.0
2023-07-12 12:30:00-04:00,0.5056999921798706,0.5205000042915344,0.5055000185966492,0.5132489800453186,49385,0.0,0.0
2023-07-12 13:30:00-04:00,0.5189999938011169,0.5189999938011169,0.5055860280990601,0.5055999755859375,5929,0.0,0.0
2023-07-12 14:30:00-04:00,0.5056999921798706,0.5130000114440918,0.5055999755859375,0.5059000253677368,1132,0.0,0.0
2023-07-12 15:30:00-04:00,0.5131999850273132,0.5131999850273132,0.5012000203132629,0.5059999823570251,0,0.0,0.0
2023-07-13 09:30:00-04:00,0.5009999871253967,0.5195990204811096,0.5001999735832214,0.5032200217247009,33330,0.0,0.0
2023-07-13 10:30:00-04:00,0.5120000243186951,0.5260499715805054,0.5120000243186951,0.5202999711036682,21508,0.0,0.0
2023-07-13 11:30:00-04:00,0.5138999819755554,0.5242999792098999,0.5,0.5001000165939331,37994,0.0,0.0
2023-07-13 12:30:00-04:00,0.5041999816894531,0.5212000012397766,0.5041999816894531,0.5077999830245972,5909,0.0,0.0
2023-07-13 13:30:00-04:00,0.5145000219345093,0.5243989825248718,0.5091000199317932,0.5243989825248718,7480,0.0,0.0
2023-07-13 14:30:00-04:00,0.5239999890327454,0.5239999890327454,0.5109999775886536,0.5220000147819519,7760,0.0,0.0
2023-07-13 15:30:00-04:00,0.5145000219345093,0.5145000219345093,0.5109999775886536,0.5109999775886536,5029,0.0,0.0
2023-07-14 09:30:00-04:00,0.5135999917984009,0.5210999846458435,0.5011000037193298,0.511201024055481,11083,0.0,0.0
2023-07-14 10:30:00-04:00,0.5120999813079834,0.5120999813079834,0.5108000040054321,0.5108000040054321,1314,0.0,0.0
2023-07-14 11:30:00-04:00,0.5051000118255615,0.5099999904632568,0.49050000309944153,0.5078999996185303,67084,0.0,0.0
2023-07-14 12:30:00-04:00,0.5078999996185303,0.5199999809265137,0.5016999840736389,0.5178999900817871,19178,0.0,0.0
2023-07-14 13:30:00-04:00,0.516700029373169,0.5169000029563904,0.5099999904632568,0.5101000070571899,20180,0.0,0.0
2023-07-14 14:30:00-04:00,0.510200023651123,0.5196999907493591,0.5099999904632568,0.5149000287055969,4384,0.0,0.0
2023-07-14 15:30:00-04:00,0.5099999904632568,0.5124499797821045,0.5048999786376953,0.5099999904632568,16873,0.0,0.0
2023-07-17 09:30:00-04:00,0.4977000057697296,0.5199999809265137,0.4977000057697296,0.5199999809265137,52276,0.0,0.0
2023-07-17 10:30:00-04:00,0.5199999809265137,0.5357999801635742,0.5069000124931335,0.5087000131607056,45629,0.0,0.0
2023-07-17 11:30:00-04:00,0.5088000297546387,0.5199999809265137,0.5051100254058838,0.5189999938011169,15571,0.0,0.0
2023-07-17 12:30:00-04:00,0.5189999938011169,0.5199999809265137,0.505200982093811,0.5199999809265137,1398,0.0,0.0
2023-07-17 13:30:00-04:00,0.5150499939918518,0.5150499939918518,0.5001000165939331,0.5076000094413757,33312,0.0,0.0
2023-07-17 14:30:00-04:00,0.5059009790420532,0.5077000260353088,0.5041999816894531,0.5071009993553162,4760,0.0,0.0
2023-07-17 15:30:00-04:00,0.5099999904632568,0.5174999833106995,0.5099999904632568,0.5174000263214111,0,0.0,0.0
2023-07-18 09:30:00-04:00,0.5174000263214111,0.5174999833106995,0.5120999813079834,0.5147500038146973,10460,0.0,0.0
2023-07-18 10:30:00-04:00,0.5157999992370605,0.5174999833106995,0.5120999813079834,0.5120999813079834,21424,0.0,0.0
2023-07-18 11:30:00-04:00,0.5120999813079834,0.5120999813079834,0.5001999735832214,0.5069990158081055,61379,0.0,0.0
2023-07-18 12:30:00-04:00,0.505050003528595,0.505050003528595,0.5034999847412109,0.5040000081062317,15469,0.0,0.0
2023-07-18 13:30:00-04:00,0.5049999952316284,0.5065000057220459,0.5049999952316284,0.505299985408783,5824,0.0,0.0
2023-07-18 14:30:00-04:00,0.5052000284194946,0.5187000036239624,0.5001999735832214,0.5149000287055969,26414,0.0,0.0
2023-07-18 15:30:00-04:00,0.5149000287055969,0.5149000287055969,0.503000020980835,0.511900007724762,20555,0.0,0.0
2023-07-19 09:30:00-04:00,0.5012000203132629,0.5299000144004822,0.5002999901771545,0.5299000144004822,14651,0.0,0.0
2023-07-19 10:30:00-04:00,0.5288000106811523,0.5400000214576721,0.5288000106811523,0.5356450080871582,38697,0.0,0.0
2023-07-19 11:30:00-04:00,0.5378000140190125,0.5400000214576721,0.5220999717712402,0.524399995803833,23221,0.0,0.0
2023-07-19 12:30:00-04:00,0.5199999809265137,0.5299999713897705,0.5101000070571899,0.5202000141143799,26117,0.0,0.0
2023-07-19 13:30:00-04:00,0.5249500274658203,0.5249500274658203,0.5249500274658203,0.5249500274658203,392,0.0,0.0
2023-07-19 14:30:00-04:00,0.5199000239372253,0.5299999713897705,0.5199000239372253,0.5266000032424927,16676,0.0,0.0
2023-07-19 15:30:00-04:00,0.5267000198364258,0.5267000198364258,0.5134999752044678,0.520799994468689,0,0.0,0.0
2023-07-20 09:30:00-04:00,0.5,0.5299999713897705,0.5,0.525583028793335,37647,0.0,0.0
2023-07-20 10:30:00-04:00,0.5266000032424927,0.5299999713897705,0.5253859758377075,0.5253859758377075,7898,0.0,0.0
2023-07-20 11:30:00-04:00,0.5271999835968018,0.5272009968757629,0.5242000222206116,0.5242999792098999,11640,0.0,0.0
2023-07-20 12:30:00-04:00,0.5234000086784363,0.5234000086784363,0.5163999795913696,0.5199999809265137,2454,0.0,0.0
2023-07-20 13:30:00-04:00,0.5198990106582642,0.5199999809265137,0.5198990106582642,0.5199999809265137,1858,0.0,0.0
2023-07-20 14:30:00-04:00,0.5199999809265137,0.5199999809265137,0.4950000047683716,0.4950000047683716,100412,0.0,0.0
2023-07-20 15:30:00-04:00,0.49970000982284546,0.49970000982284546,0.49000000953674316,0.49300000071525574,0,0.0,0.0
2023-07-21 09:30:00-04:00,0.4950000047683716,0.5,0.4916999936103821,0.49300000071525574,48340,0.0,0.0
2023-07-21 10:30:00-04:00,0.49300000071525574,0.4959000051021576,0.4921000003814697,0.4948999881744385,12143,0.0,0.0
2023-07-21 11:30:00-04:00,0.49399998784065247,0.49399998784065247,0.49000000953674316,0.492900013923645,15757,0.0,0.0
2023-07-21 12:30:00-04:00,0.49239999055862427,0.49269899725914,0.4880000054836273,0.49000000953674316,19757,0.0,0.0
2023-07-21 13:30:00-04:00,0.4900999963283539,0.49390000104904175,0.49000000953674316,0.49195000529289246,9417,0.0,0.0
2023-07-21 14:30:00-04:00,0.49379900097846985,0.49390000104904175,0.4900999963283539,0.4936000108718872,8510,0.0,0.0
2023-07-21 15:30:00-04:00,0.4900999963283539,0.4900999963283539,0.4816009998321533,0.48330000042915344,32935,0.0,0.0
2023-07-24 09:30:00-04:00,0.4810999929904938,0.5099999904632568,0.4810999929904938,0.4934000074863434,13328,0.0,0.0
2023-07-24 10:30:00-04:00,0.49000000953674316,0.49000000953674316,0.48429998755455017,0.487199991941452,9161,0.0,0.0
2023-07-24 11:30:00-04:00,0.48730000853538513,0.48730000853538513,0.4814999997615814,0.48159998655319214,7624,0.0,0.0
2023-07-24 12:30:00-04:00,0.48899999260902405,0.48979899287223816,0.48559999465942383,0.48579999804496765,12391,0.0,0.0
2023-07-24 13:30:00-04:00,0.48249998688697815,0.48570001125335693,0.4814999997615814,0.48559999465942383,3489,0.0,0.0
2023-07-24 14:30:00-04:00,0.48410001397132874,0.4855000078678131,0.4814999997615814,0.4855000078678131,13298,0.0,0.0
2023-07-24 15:30:00-04:00,0.48539999127388,0.48539999127388,0.4830999970436096,0.48500001430511475,0,0.0,0.0
2023-07-25 09:30:00-04:00,0.4900999963283539,0.5199999809265137,0.48010000586509705,0.5184999704360962,28861,0.0,0.0
2023-07-25 10:30:00-04:00,0.5184999704360962,0.5184999704360962,0.4699999988079071,0.47540000081062317,68275,0.0,0.0
2023-07-25 11:30:00-04:00,0.47049999237060547,0.4778999984264374,0.4651010036468506,0.4651010036468506,18274,0.0,0.0
2023-07-25 12:30:00-04:00,0.4778999984264374,0.4950000047683716,0.46950000524520874,0.4950000047683716,16408,0.0,0.0
2023-07-25 13:30:00-04:00,0.48249998688697815,0.4950000047683716,0.44999998807907104,0.4630500078201294,71730,0.0,0.0
2023-07-25 14:30:00-04:00,0.46299999952316284,0.4699999988079071,0.45500001311302185,0.45500001311302185,30672,0.0,0.0
2023-07-25 15:30:00-04:00,0.4540480077266693,0.45879998803138733,0.44110000133514404,0.4480000138282776,55579,0.0,0.0
2023-07-26 09:30:00-04:00,0.44999998807907104,0.44999998807907104,0.444599986076355,0.447299987077713,29302,0.0,0.0
2023-07-26 10:30:00-04:00,0.4497489929199219,0.4498000144958496,0.4486500024795532,0.4498000144958496,3045,0.0,0.0
2023-07-26 11:30:00-04:00,0.44760000705718994,0.44760000705718994,0.4401000142097473,0.4401000142097473,8205,0.0,0.0
2023-07-26 12:30:00-04:00,0.44449999928474426,0.444599986076355,0.432000994682312,0.4399000108242035,20882,0.0,0.0
2023-07-26 13:30:00-04:00,0.4359000027179718,0.4447000026702881,0.4359000027179718,0.4447000026702881,11592,0.0,0.0
2023-07-26 14:30:00-04:00,0.44084998965263367,0.4447000026702881,0.4408490061759949,0.44449999928474426,2029,0.0,0.0
2023-07-26 15:30:00-04:00,0.44423601031303406,0.4490000009536743,0.44423601031303406,0.4490000009536743,18825,0.0,0.0
2023-07-27 09:30:00-04:00,0.4449999928474426,0.4893999993801117,0.4449999928474426,0.4749999940395355,16532,0.0,0.0
2023-07-27 10:30:00-04:00,0.4749999940395355,0.4749999940395355,0.4693000018596649,0.4749000072479248,3570,0.0,0.0
2023-07-27 11:30:00-04:00,0.4699999988079071,0.4749000072479248,0.46000000834465027,0.46010100841522217,8005,0.0,0.0
2023-07-27 12:30:00-04:00,0.4602000117301941,0.4749999940395355,0.4602000117301941,0.4677000045776367,6012,0.0,0.0
2023-07-27 13:30:00-04:00,0.4740000069141388,0.47440001368522644,0.4699999988079071,0.4699999988079071,3926,0.0,0.0
2023-07-27 14:30:00-04:00,0.47209998965263367,0.4749999940395355,0.4616999924182892,0.4748989939689636,2608,0.0,0.0
2023-07-27 15:30:00-04:00,0.4749000072479248,0.4749000072479248,0.4602999985218048,0.4699000120162964,0,0.0,0.0
2023-07-28 09:30:00-04:00,0.4399999976158142,0.47999998927116394,0.4399999976158142,0.4751180112361908,47516,0.0,0.0
2023-07-28 10:30:00-04:00,0.4788999855518341,0.47999998927116394,0.47290000319480896,0.4799000024795532,10423,0.0,0.0
2023-07-28 11:30:00-04:00,0.48500001430511475,0.4880000054836273,0.48190000653266907,0.48190000653266907,3795,0.0,0.0
2023-07-28 12:30:00-04:00,0.4740000069141388,0.4799000024795532,0.47290000319480896,0.4799000024795532,15117,0.0,0.0
2023-07-28 13:30:00-04:00,0.4729999899864197,0.47644999623298645,0.4729999899864197,0.47300100326538086,2253,0.0,0.0
2023-07-28 14:30:00-04:00,0.47280099987983704,0.4797999858856201,0.47269999980926514,0.4797999858856201,3897,0.0,0.0
2023-07-28 15:30:00-04:00,0.4799000024795532,0.4799000024795532,0.47350001335144043,0.47350001335144043,5206,0.0,0.0
2023-07-31 09:30:00-04:00,0.460999995470047,0.4793989956378937,0.46000000834465027,0.4654499888420105,19605,0.0,0.0
2023-07-31 10:30:00-04:00,0.4611000120639801,0.4699999988079071,0.45500001311302185,0.45500001311302185,14147,0.0,0.0
2023-07-31 11:30:00-04:00,0.45500001311302185,0.46970000863075256,0.45500001311302185,0.4650000035762787,14171,0.0,0.0
2023-07-31 12:30:00-04:00,0.46209999918937683,0.46790000796318054,0.44999998807907104,0.44999998807907104,43800,0.0,0.0
2023-07-31 13:30:00-04:00,0.45534899830818176,0.46000000834465027,0.45489999651908875,0.46000000834465027,18049,0.0,0.0
2023-07-31 14:30:00-04:00,0.46000000834465027,0.46000000834465027,0.459199994802475,0.459199994802475,2151,0.0,0.0
2023-07-31 15:30:00-04:00,0.46000000834465027,0.46000000834465027,0.4530999958515167,0.4530999958515167,3686,0.0,0.0
2023-08-01 09:30:00-04:00,0.4580000042915344,0.4650000035762787,0.453000009059906,0.455949991941452,81016,0.0,0.0
2023-08-01 10:30:00-04:00,0.455949991941452,0.45899999141693115,0.455949991941452,0.45899999141693115,2364,0.0,0.0
2023-08-01 11:30:00-04:00,0.45899999141693115,0.45899999141693115,0.45500099658966064,0.45899999141693115,4211,0.0,0.0
2023-08-01 12:30:00-04:00,0.45829999446868896,0.4699000120162964,0.45829999446868896,0.46209999918937683,50934,0.0,0.0
2023-08-01 13:30:00-04:00,0.4650000035762787,0.47999998927116394,0.45910099148750305,0.47589999437332153,16068,0.0,0.0
2023-08-01 14:30:00-04:00,0.4749999940395355,0.4749999940395355,0.45910000801086426,0.46010100841522217,25633,0.0,0.0
2023-08-01 15:30:00-04:00,0.4625999927520752,0.47049999237060547,0.4512999951839447,0.4690000116825104,0,0.0,0.0
2023-08-02 09:30:00-04:00,0.46879899501800537,0.46879899501800537,0.46000000834465027,0.46000000834465027,25857,0.0,0.0
2023-08-02 10:30:00-04:00,0.46000000834465027,0.46810001134872437,0.46000000834465027,0.46480000019073486,13956,0.0,0.0
2023-08-02 11:30:00-04:00,0.46000000834465027,0.46465298533439636,0.46000000834465027,0.46000000834465027,5790,0.0,0.0
2023-08-02 12:30:00-04:00,0.46000000834465027,0.4643000066280365,0.45210000872612,0.45899999141693115,15511,0.0,0.0
2023-08-02 13:30:00-04:00,0.4648999869823456,0.4699999988079071,0.4521999955177307,0.453000009059906,7188,0.0,0.0
2023-08-02 14:30:00-04:00,0.45210000872612,0.4657000005245209,0.45210000872612,0.4657000005245209,1855,0.0,0.0
2023-08-02 15:30:00-04:00,0.453000009059906,0.46399998664855957,0.4505999982357025,0.4505999982357025,3954,0.0,0.0
2023-08-03 09:30:00-04:00,0.45899999141693115,0.45989999175071716,0.44670000672340393,0.44670000672340393,31546,0.0,0.0
2023-08-03 10:30:00-04:00,0.45500001311302185,0.45500001311302185,0.4000000059604645,0.4159500002861023,109936,0.0,0.0
2023-08-03 11:30:00-04:00,0.41269999742507935,0.41589999198913574,0.4011000096797943,0.41579899191856384,56941,0.0,0.0
2023-08-03 12:30:00-04:00,0.41587701439857483,0.41990000009536743,0.4059999883174896,0.4083999991416931,34190,0.0,0.0
2023-08-03 13:30:00-04:00,0.4083999991416931,0.4083999991416931,0.38999998569488525,0.4074000120162964,102361,0.0,0.0
2023-08-03 14:30:00-04:00,0.4072999954223633,0.40849998593330383,0.3799999952316284,0.38909998536109924,38075,0.0,0.0
2023-08-03 15:30:00-04:00,0.4000000059604645,0.4000000059604645,0.3799999952316284,0.3935000002384186,16260,0.0,0.0
2023-08-04 09:30:00-04:00,0.3935999870300293,0.4000000059604645,0.38999998569488525,0.4000000059604645,36288,0.0,0.0
2023-08-04 10:30:00-04:00,0.4000000059604645,0.4050000011920929,0.3999989926815033,0.4050000011920929,10059,0.0,0.0
2023-08-04 11:30:00-04:00,0.40505000948905945,0.4099999964237213,0.400299996137619,0.4084419906139374,3551,0.0,0.0
2023-08-04 12:30:00-04:00,0.4002000093460083,0.4198000133037567,0.4000999927520752,0.4090999960899353,13520,0.0,0.0
2023-08-04 13:30:00-04:00,0.4097999930381775,0.4189999997615814,0.4090000092983246,0.4187990128993988,9169,0.0,0.0
2023-08-04 14:30:00-04:00,0.4187999963760376,0.44679999351501465,0.4099999964237213,0.4399000108242035,15022,0.0,0.0
2023-08-04 15:30:00-04:00,0.4350000023841858,0.4350000023841858,0.4101009964942932,0.4120999872684479,25955,0.0,0.0
2023-08-07 09:30:00-04:00,0.41999998688697815,0.41999998688697815,0.3961000144481659,0.3961000144481659,39089,0.0,0.0
2023-08-07 10:30:00-04:00,0.3961000144481659,0.4099999964237213,0.3961000144481659,0.40103501081466675,61830,0.0,0.0
2023-08-07 11:30:00-04:00,0.4088999927043915,0.414900004863739,0.40799999237060547,0.414900004863739,11878,0.0,0.0
2023-08-07 12:30:00-04:00,0.40799999237060547,0.4081000089645386,0.40779900550842285,0.40779998898506165,8330,0.0,0.0
2023-08-07 13:30:00-04:00,0.4018999934196472,0.4077000021934509,0.4018999934196472,0.40450000762939453,17952,0.0,0.0
2023-08-07 14:30:00-04:00,0.4018000066280365,0.4018999934196472,0.4018000066280365,0.4018999934196472,1497,0.0,0.0
2023-08-07 15:30:00-04:00,0.4018000066280365,0.4018999934196472,0.4018000066280365,0.4018000066280365,3664,0.0,0.0
2023-08-08 09:30:00-04:00,0.4020000100135803,0.41999998688697815,0.4020000100135803,0.41999998688697815,47509,0.0,0.0
2023-08-08 10:30:00-04:00,0.4198000133037567,0.4198000133037567,0.391400009393692,0.391400009393692,9884,0.0,0.0
2023-08-08 11:30:00-04:00,0.40230000019073486,0.40230000019073486,0.39899998903274536,0.39899998903274536,4469,0.0,0.0
2023-08-08 12:30:00-04:00,0.39899998903274536,0.39910000562667847,0.39890000224113464,0.39910000562667847,4839,0.0,0.0
2023-08-08 13:30:00-04:00,0.39980000257492065,0.39980000257492065,0.38690000772476196,0.3885999917984009,39977,0.0,0.0
2023-08-08 14:30:00-04:00,0.3871999979019165,0.38999998569488525,0.3871999979019165,0.38999998569488525,20479,0.0,0.0
2023-08-08 15:30:00-04:00,0.38999998569488525,0.39989998936653137,0.3880000114440918,0.39989998936653137,11866,0.0,0.0
2023-08-09 09:30:00-04:00,0.3961000144481659,0.39989998936653137,0.3813000023365021,0.38989999890327454,34788,0.0,0.0
2023-08-09 10:30:00-04:00,0.3817000091075897,0.38999998569488525,0.3700000047683716,0.3711009919643402,95976,0.0,0.0
2023-08-09 11:30:00-04:00,0.375,0.3799000084400177,0.3741999864578247,0.3799000084400177,18459,0.0,0.0
2023-08-09 12:30:00-04:00,0.3799000084400177,0.4023999869823456,0.3790000081062317,0.384799987077713,173135,0.0,0.0
2023-08-09 13:30:00-04:00,0.384799987077713,0.38999998569488525,0.384799987077713,0.38999998569488525,25867,0.0,0.0
2023-08-09 14:30:00-04:00,0.38989999890327454,0.40540000796318054,0.3885999917984009,0.4050000011920929,57585,0.0,0.0
2023-08-09 15:30:00-04:00,0.4050000011920929,0.4050000011920929,0.39010000228881836,0.39739999175071716,9928,0.0,0.0
2023-08-10 09:30:00-04:00,0.39899998903274536,0.4000000059604645,0.39329999685287476,0.39660000801086426,10656,0.0,0.0
2023-08-10 10:30:00-04:00,0.39329999685287476,0.4000000059604645,0.39320001006126404,0.4000000059604645,16324,0.0,0.0
2023-08-10 11:30:00-04:00,0.3966499865055084,0.4000000059604645,0.3801000118255615,0.39899998903274536,0,0.0,0.0
2023-08-10 12:30:00-04:00,0.3826009929180145,0.38999998569488525,0.3826009929180145,0.3840000033378601,73458,0.0,0.0
2023-08-10 13:30:00-04:00,0.3840000033378601,0.4000000059604645,0.3801000118255615,0.38999998569488525,11742,0.0,0.0
2023-08-10 14:30:00-04:00,0.39899998903274536,0.39989998936653137,0.39285001158714294,0.39570000767707825,6331,0.0,0.0
2023-08-10 15:30:00-04:00,0.39100000262260437,0.39100000262260437,0.38499999046325684,0.38499999046325684,55325,0.0,0.0
2023-08-11 09:30:00-04:00,0.3711000084877014,0.3797999918460846,0.3711000084877014,0.3758000135421753,27794,0.0,0.0
2023-08-11 10:30:00-04:00,0.37209999561309814,0.3869999945163727,0.3720000088214874,0.3792000114917755,29199,0.0,0.0
2023-08-11 11:30:00-04:00,0.3792009949684143,0.382999986410141,0.3790999948978424,0.3813999891281128,4953,0.0,0.0
2023-08-11 12:30:00-04:00,0.38089999556541443,0.38100001215934753,0.38089999556541443,0.38100001215934753,1795,0.0,0.0
2023-08-11 13:30:00-04:00,0.3808000087738037,0.3808000087738037,0.36059999465942383,0.36090001463890076,70302,0.0,0.0
2023-08-11 14:30:00-04:00,0.36090001463890076,0.3799999952316284,0.3603000044822693,0.37389999628067017,6097,0.0,0.0
2023-08-11 15:30:00-04:00,0.3611010015010834,0.37389999628067017,0.35199999809265137,0.36169999837875366,120190,0.0,0.0
2023-08-14 09:30:00-04:00,0.362199991941452,0.3799999952316284,0.36000001430511475,0.3799999952316284,24617,0.0,0.0
2023-08-14 10:30:00-04:00,0.3799999952316284,0.3799999952316284,0.35199999809265137,0.3628000020980835,17186,0.0,0.0
2023-08-14 11:30:00-04:00,0.36000001430511475,0.36010000109672546,0.36000001430511475,0.36010000109672546,750,0.0,0.0
2023-08-14 12:30:00-04:00,0.36899998784065247,0.3698999881744385,0.36010000109672546,0.36890000104904175,4089,0.0,0.0
2023-08-14 13:30:00-04:00,0.36010000109672546,0.36880001425743103,0.36000001430511475,0.3684999942779541,12820,0.0,0.0
2023-08-14 14:30:00-04:00,0.3641490042209625,0.36809900403022766,0.35199999809265137,0.3521000146865845,29022,0.0,0.0
2023-08-14 15:30:00-04:00,0.35199999809265137,0.35740000009536743,0.3416000008583069,0.3416000008583069,0,0.0,0.0
2023-08-15 09:30:00-04:00,0.33000001311302185,0.3416000008583069,0.314300000667572,0.3181999921798706,146505,0.0,0.0
2023-08-15 10:30:00-04:00,0.31839999556541443,0.32899999618530273,0.28999999165534973,0.29059898853302,117563,0.0,0.0
2023-08-15 11:30:00-04:00,0.28999999165534973,0.32690000534057617,0.2751010060310364,0.3154999911785126,228236,0.0,0.0
2023-08-15 12:30:00-04:00,0.3199999928474426,0.32499998807907104,0.30390000343322754,0.30390000343322754,29659,0.0,0.0
2023-08-15 13:30:00-04:00,0.3100000023841858,0.3100000023841858,0.30090001225471497,0.3098990023136139,13542,0.0,0.0
2023-08-15 14:30:00-04:00,0.3098990023136139,0.3100000023841858,0.30169999599456787,0.3089999854564667,20369,0.0,0.0
2023-08-15 15:30:00-04:00,0.3100000023841858,0.3100000023841858,0.30219998955726624,0.3089999854564667,0,0.0,0.0
2023-08-16 09:30:00-04:00,0.3100000023841858,0.3100000023841858,0.30250000953674316,0.3097989857196808,41298,0.0,0.0
2023-08-16 10:30:00-04:00,0.30959999561309814,0.30959999561309814,0.3025999963283539,0.3037000000476837,27195,0.0,0.0
2023-08-16 11:30:00-04:00,0.30309998989105225,0.30309998989105225,0.2800000011920929,0.289000004529953,76145,0.0,0.0
2023-08-16 12:30:00-04:00,0.2904999852180481,0.29100000858306885,0.29010000824928284,0.29010000824928284,11328,0.0,0.0
2023-08-16 13:30:00-04:00,0.29010000824928284,0.29490000009536743,0.29010000824928284,0.29490000009536743,15003,0.0,0.0
2023-08-16 14:30:00-04:00,0.29499998688697815,0.29899999499320984,0.29249998927116394,0.29899999499320984,16032,0.0,0.0
2023-08-16 15:30:00-04:00,0.2989000082015991,0.2989000082015991,0.28700000047683716,0.28999999165534973,29430,0.0,0.0
2023-08-17 09:30:00-04:00,0.28700000047683716,0.28999999165534973,0.28700000047683716,0.287200003862381,49009,0.0,0.0
2023-08-17 10:30:00-04:00,0.287200003862381,0.2888999879360199,0.27630001306533813,0.2791999876499176,95043,0.0,0.0
2023-08-17 11:30:00-04:00,0.2793000042438507,0.287200003862381,0.2791999876499176,0.27970099449157715,10047,0.0,0.0
2023-08-17 12:30:00-04:00,0.2870999872684479,0.2870999872684479,0.2802009880542755,0.2824999988079071,20737,0.0,0.0
2023-08-17 13:30:00-04:00,0.2825999855995178,0.2870999872684479,0.281717985868454,0.2870999872684479,16012,0.0,0.0
2023-08-17 14:30:00-04:00,0.2870990037918091,0.287200003862381,0.2757990062236786,0.27900001406669617,33568,0.0,0.0
2023-08-17 15:30:00-04:00,0.27889901399612427,0.2800000011920929,0.2757990062236786,0.27810001373291016,5693,0.0,0.0
2023-08-18 09:30:00-04:00,0.27160000801086426,0.2833000123500824,0.2682510018348694,0.26919999718666077,80708,0.0,0.0
2023-08-18 10:30:00-04:00,0.26919999718666077,0.26919999718666077,0.2632000148296356,0.266400009393692,24344,0.0,0.0
2023-08-18 11:30:00-04:00,0.266400009393692,0.273499995470047,0.25949999690055847,0.2680000066757202,130624,0.0,0.0
2023-08-18 12:30:00-04:00,0.2667509913444519,0.28999999165534973,0.25999999046325684,0.289900004863739,36691,0.0,0.0
2023-08-18 13:30:00-04:00,0.28029999136924744,0.289900004863739,0.2800000011920929,0.289900004863739,2003,0.0,0.0
2023-08-18 14:30:00-04:00,0.28450000286102295,0.28999999165534973,0.2653000056743622,0.28999999165534973,5473,0.0,0.0
2023-08-18 15:30:00-04:00,0.28999999165534973,0.28999999165534973,0.2656010091304779,0.289900004863739,6314,0.0,0.0
2023-08-21 09:30:00-04:00,0.2800000011920929,0.28200000524520874,0.2800000011920929,0.28200000524520874,41678,0.0,0.0
2023-08-21 10:30:00-04:00,0.2858000099658966,0.30000001192092896,0.2858000099658966,0.29760000109672546,38400,0.0,0.0
2023-08-21 11:30:00-04:00,0.2903999984264374,0.29760000109672546,0.29030001163482666,0.29170000553131104,11852,0.0,0.0
2023-08-21 12:30:00-04:00,0.2929989993572235,0.2930000126361847,0.29170000553131104,0.2930000126361847,1143,0.0,0.0
2023-08-21 13:30:00-04:00,0.29109999537467957,0.2975989878177643,0.29109999537467957,0.2975989878177643,18166,0.0,0.0
2023-08-21 14:30:00-04:00,0.29100000858306885,0.29760000109672546,0.2904999852180481,0.29760000109672546,49260,0.0,0.0
2023-08-21 15:30:00-04:00,0.29760000109672546,0.2980000078678131,0.29684901237487793,0.29760000109672546,13808,0.0,0.0
2023-08-22 09:30:00-04:00,0.2976999878883362,0.29989999532699585,0.28519999980926514,0.297448992729187,33261,0.0,0.0
2023-08-22 10:30:00-04:00,0.29789999127388,0.29789999127388,0.29499998688697815,0.2962999939918518,0,0.0,0.0
2023-08-22 11:30:00-04:00,0.29510000348091125,0.295199990272522,0.29499998688697815,0.29499998688697815,46955,0.0,0.0
2023-08-22 12:30:00-04:00,0.2928999960422516,0.295199990272522,0.2906000018119812,0.295199990272522,8159,0.0,0.0
2023-08-22 13:30:00-04:00,0.295199990272522,0.295199990272522,0.28189998865127563,0.28200000524520874,16798,0.0,0.0
2023-08-22 14:30:00-04:00,0.28540000319480896,0.28949999809265137,0.28540000319480896,0.28949999809265137,2471,0.0,0.0
2023-08-22 15:30:00-04:00,0.2857010066509247,0.289900004863739,0.2857010066509247,0.289900004863739,0,0.0,0.0
2023-08-23 09:30:00-04:00,0.28600001335144043,0.29989901185035706,0.28600001335144043,0.28999999165534973,2106,0.0,0.0
2023-08-23 10:30:00-04:00,0.28565001487731934,0.29019999504089355,0.28110000491142273,0.28110000491142273,4376,0.0,0.0
2023-08-23 11:30:00-04:00,0.2904999852180481,0.2904999852180481,0.28119999170303345,0.2858999967575073,7804,0.0,0.0
2023-08-23 12:30:00-04:00,0.2858999967575073,0.2858999967575073,0.2858000099658966,0.2858999967575073,1024,0.0,0.0
2023-08-23 13:30:00-04:00,0.28999999165534973,0.28999999165534973,0.2800000011920929,0.2897999882698059,16627,0.0,0.0
2023-08-23 14:30:00-04:00,0.2897999882698059,0.289900004863739,0.2896000146865845,0.289900004863739,1467,0.0,0.0
2023-08-23 15:30:00-04:00,0.2897000014781952,0.2904999852180481,0.2847999930381775,0.2904999852180481,0,0.0,0.0
2023-08-24 09:30:00-04:00,0.2849999964237213,0.29350000619888306,0.28224998712539673,0.2842499911785126,30247,0.0,0.0
2023-08-24 10:30:00-04:00,0.2751010060310364,0.29339998960494995,0.2556000053882599,0.2750000059604645,48493,0.0,0.0
2023-08-24 11:30:00-04:00,0.2750000059604645,0.2849999964237213,0.25999999046325684,0.2750000059604645,5157,0.0,0.0
2023-08-24 12:30:00-04:00,0.2752000093460083,0.2797999978065491,0.2752000093460083,0.27970001101493835,6410,0.0,0.0
2023-08-24 13:30:00-04:00,0.27959999442100525,0.27970001101493835,0.27489998936653137,0.27489998936653137,25740,0.0,0.0
2023-08-24 14:30:00-04:00,0.2745000123977661,0.2745000123977661,0.2745000123977661,0.2745000123977661,3419,0.0,0.0
2023-08-24 15:30:00-04:00,0.2745000123977661,0.27489998936653137,0.27000001072883606,0.2745000123977661,88942,0.0,0.0
2023-08-25 09:30:00-04:00,0.2856000065803528,0.2856000065803528,0.27309998869895935,0.27959999442100525,9052,0.0,0.0
2023-08-25 10:30:00-04:00,0.27959999442100525,0.27959999442100525,0.26100000739097595,0.2680000066757202,9604,0.0,0.0
2023-08-25 11:30:00-04:00,0.2897000014781952,0.2897000014781952,0.2551000118255615,0.259799987077713,68044,0.0,0.0
2023-08-25 12:30:00-04:00,0.2691499888896942,0.2793000042438507,0.26010000705718994,0.26969999074935913,8685,0.0,0.0
2023-08-25 13:30:00-04:00,0.26010000705718994,0.27000001072883606,0.26010000705718994,0.26989999413490295,3991,0.0,0.0
2023-08-25 14:30:00-04:00,0.26989999413490295,0.27000001072883606,0.26499998569488525,0.27000001072883606,8393,0.0,0.0
2023-08-25 15:30:00-04:00,0.27000001072883606,0.27000001072883606,0.2676999866962433,0.27000001072883606,5346,0.0,0.0
2023-08-28 09:30:00-04:00,0.27000001072883606,0.2824999988079071,0.27000001072883606,0.28200000524520874,74378,0.0,0.0
2023-08-28 10:30:00-04:00,0.2702000141143799,0.2763499915599823,0.2529999911785126,0.2669999897480011,27385,0.0,0.0
2023-08-28 11:30:00-04:00,0.2800000011920929,0.2800000011920929,0.2599000036716461,0.27000001072883606,11613,0.0,0.0
2023-08-28 12:30:00-04:00,0.2800000011920929,0.2800000011920929,0.26499998569488525,0.26499998569488525,11119,0.0,0.0
2023-08-28 13:30:00-04:00,0.2768000066280365,0.2800000011920929,0.26499998569488525,0.2799000144004822,8559,0.0,0.0
2023-08-28 14:30:00-04:00,0.2799000144004822,0.2800000011920929,0.27489998936653137,0.27489998936653137,7028,0.0,0.0
2023-08-28 15:30:00-04:00,0.27970001101493835,0.2800000011920929,0.27630001306533813,0.27959999442100525,4062,0.0,0.0
2023-08-29 09:30:00-04:00,0.2709999978542328,0.2799000144004822,0.2605009973049164,0.2799000144004822,14018,0.0,0.0
2023-08-29 10:30:00-04:00,0.27709999680519104,0.2800000011920929,0.270550012588501,0.2799000144004822,15175,0.0,0.0
2023-08-29 11:30:00-04:00,0.2797999978065491,0.2799000144004822,0.26120099425315857,0.2655999958515167,14901,0.0,0.0
2023-08-29 12:30:00-04:00,0.27000001072883606,0.2799000144004822,0.26510000228881836,0.2797999978065491,33910,0.0,0.0
2023-08-29 13:30:00-04:00,0.2799000144004822,0.2799000144004822,0.26489999890327454,0.27000299096107483,51232,0.0,0.0
2023-08-29 14:30:00-04:00,0.27000001072883606,0.27004799246788025,0.2619999945163727,0.2630000114440918,12573,0.0,0.0
2023-08-29 15:30:00-04:00,0.2694000005722046,0.2797999978065491,0.26109999418258667,0.2797999978065491,0,0.0,0.0
2023-08-30 09:30:00-04:00,0.2800000011920929,0.2800000011920929,0.26759999990463257,0.26759999990463257,160986,0.0,0.0
2023-08-30 10:30:00-04:00,0.26980000734329224,0.274399995803833,0.2624000012874603,0.26989999413490295,72586,0.0,0.0
2023-08-30 11:30:00-04:00,0.26989999413490295,0.2743000090122223,0.2697499990463257,0.2743000090122223,29770,0.0,0.0
2023-08-30 12:30:00-04:00,0.2741999924182892,0.2743000090122223,0.26530998945236206,0.27309998869895935,24367,0.0,0.0
2023-08-30 13:30:00-04:00,0.27309998869895935,0.27649998664855957,0.2712000012397766,0.2712000012397766,20180,0.0,0.0
2023-08-30 14:30:00-04:00,0.27639999985694885,0.2800000011920929,0.2727000117301941,0.279899001121521,34308,0.0,0.0
2023-08-30 15:30:00-04:00,0.2800000011920929,0.289000004529953,0.2800000011920929,0.2800000011920929,84315,0.0,0.0
2023-08-31 09:30:00-04:00,0.27160000801086426,0.2800000011920929,0.2711000144481659,0.2786000072956085,64861,0.0,0.0
2023-08-31 10:30:00-04:00,0.27869999408721924,0.27869999408721924,0.27219998836517334,0.27869999408721924,16084,0.0,0.0
2023-08-31 11:30:00-04:00,0.27230098843574524,0.27869999408721924,0.27230098843574524,0.27859899401664734,4708,0.0,0.0
2023-08-31 12:30:00-04:00,0.27869999408721924,0.27869999408721924,0.27320000529289246,0.2732999920845032,34308,0.0,0.0
2023-08-31 13:30:00-04:00,0.27869999408721924,0.27869999408721924,0.2734000086784363,0.2786000072956085,12255,0.0,0.0
2023-08-31 14:30:00-04:00,0.2784999907016754,0.2784999907016754,0.2736000120639801,0.2736999988555908,3469,0.0,0.0
2023-08-31 15:30:00-04:00,0.2736999988555908,0.27379998564720154,0.26249998807907104,0.26510000228881836,13130,0.0,0.0
2023-09-01 09:30:00-04:00,0.28450000286102295,0.28450000286102295,0.27230098843574524,0.28439998626708984,28689,0.0,0.0
2023-09-01 10:30:00-04:00,0.28220000863075256,0.28439998626708984,0.2741999924182892,0.27420100569725037,13758,0.0,0.0
2023-09-01 11:30:00-04:00,0.2799000144004822,0.28439998626708984,0.27410000562667847,0.2752009928226471,15152,0.0,0.0
2023-09-01 12:30:00-04:00,0.2750999927520752,0.28439998626708984,0.2750999927520752,0.28380000591278076,8884,0.0,0.0
2023-09-01 13:30:00-04:00,0.28439998626708984,0.28439998626708984,0.27570000290870667,0.27570000290870667,14667,0.0,0.0
2023-09-01 14:30:00-04:00,0.2778010070323944,0.2800000011920929,0.27559998631477356,0.2799000144004822,13093,0.0,0.0
2023-09-01 15:30:00-04:00,0.2777999937534332,0.2800000011920929,0.27570000290870667,0.2777999937534332,3242,0.0,0.0
2023-09-05 09:30:00-04:00,0.2985999882221222,0.2985999882221222,0.28360798954963684,0.28999999165534973,21487,0.0,0.0
2023-09-05 10:30:00-04:00,0.28744998574256897,0.289900004863739,0.27570000290870667,0.2799000144004822,23523,0.0,0.0
2023-09-05 11:30:00-04:00,0.2777999937534332,0.2799000144004822,0.2777999937534332,0.2799000144004822,4223,0.0,0.0
2023-09-05 12:30:00-04:00,0.2799000144004822,0.2800000011920929,0.2752000093460083,0.2752000093460083,8377,0.0,0.0
2023-09-05 13:30:00-04:00,0.27900001406669617,0.27970001101493835,0.2750000059604645,0.2752000093460083,18374,0.0,0.0
2023-09-05 14:30:00-04:00,0.2777999937534332,0.2793999910354614,0.2621999979019165,0.2793000042438507,33357,0.0,0.0
2023-09-05 15:30:00-04:00,0.27070000767707825,0.2809999883174896,0.2669999897480011,0.2809999883174896,0,0.0,0.0
2023-09-06 09:30:00-04:00,0.2849999964237213,0.2849999964237213,0.27000001072883606,0.2773999869823456,10398,0.0,0.0
2023-09-06 10:30:00-04:00,0.2797999978065491,0.2797999978065491,0.27160000801086426,0.27160000801086426,1889,0.0,0.0
2023-09-06 11:30:00-04:00,0.2793999910354614,0.2800000011920929,0.2720000147819519,0.2759000062942505,14483,0.0,0.0
2023-09-06 12:30:00-04:00,0.27970001101493835,0.27970001101493835,0.27570000290870667,0.27570000290870667,784,0.0,0.0
2023-09-06 13:30:00-04:00,0.2721010148525238,0.2791999876499176,0.2720000147819519,0.2791000008583069,17047,0.0,0.0
2023-09-06 14:30:00-04:00,0.27900001406669617,0.27900001406669617,0.2750999927520752,0.27799999713897705,1663,0.0,0.0
2023-09-06 15:30:00-04:00,0.2786000072956085,0.2786000072956085,0.2750000059604645,0.2752000093460083,0,0.0,0.0
2023-09-07 09:30:00-04:00,0.2797999978065491,0.2797999978065491,0.2651999890804291,0.2651999890804291,15644,0.0,0.0
2023-09-07 10:30:00-04:00,0.26600000262260437,0.27900001406669617,0.26520100235939026,0.27000001072883606,12341,0.0,0.0
2023-09-07 11:30:00-04:00,0.26840001344680786,0.26840001344680786,0.25,0.25380000472068787,281074,0.0,0.0
2023-09-07 12:30:00-04:00,0.2590000033378601,0.26614999771118164,0.2554759979248047,0.26614999771118164,15856,0.0,0.0
2023-09-07 13:30:00-04:00,0.26614999771118164,0.27230000495910645,0.25999999046325684,0.26969999074935913,8605,0.0,0.0
2023-09-07 14:30:00-04:00,0.26958999037742615,0.26958999037742615,0.2615000009536743,0.2615000009536743,13865,0.0,0.0
2023-09-07 15:30:00-04:00,0.2628999948501587,0.26989999413490295,0.2590999901294708,0.26989999413490295,0,0.0,0.0
2023-09-08 09:30:00-04:00,0.27000001072883606,0.27300000190734863,0.23999999463558197,0.25099998712539673,101540,0.0,0.0
2023-09-08 10:30:00-04:00,0.25099998712539673,0.2524999976158142,0.24009999632835388,0.24959999322891235,73411,0.0,0.0
2023-09-08 11:30:00-04:00,0.24959999322891235,0.2499990016222,0.24009999632835388,0.24490000307559967,42773,0.0,0.0
2023-09-08 12:30:00-04:00,0.24740000069141388,0.24969999492168427,0.24250000715255737,0.24320000410079956,62884,0.0,0.0
2023-09-08 13:30:00-04:00,0.24390000104904175,0.24390000104904175,0.23999999463558197,0.24009999632835388,36428,0.0,0.0
2023-09-08 14:30:00-04:00,0.24009999632835388,0.2498999983072281,0.23999999463558197,0.24969999492168427,25183,0.0,0.0
2023-09-08 15:30:00-04:00,0.24959999322891235,0.24959999322891235,0.23999999463558197,0.24300000071525574,24836,0.0,0.0
2023-09-11 09:30:00-04:00,0.23000000417232513,0.23680000007152557,0.23000000417232513,0.23569999635219574,110326,0.0,0.0
2023-09-11 10:30:00-04:00,0.23499999940395355,0.25519999861717224,0.22750000655651093,0.2460000067949295,22420,0.0,0.0
2023-09-11 11:30:00-04:00,0.24979999661445618,0.24979999661445618,0.24459999799728394,0.24705000221729279,4663,0.0,0.0
2023-09-11 12:30:00-04:00,0.24950000643730164,0.24950000643730164,0.2418999969959259,0.243149995803833,22053,0.0,0.0
2023-09-11 13:30:00-04:00,0.241799995303154,0.24300000071525574,0.24009999632835388,0.24009999632835388,18014,0.0,0.0
2023-09-11 14:30:00-04:00,0.24140000343322754,0.24140000343322754,0.23000000417232513,0.23010000586509705,23649,0.0,0.0
2023-09-11 15:30:00-04:00,0.23010000586509705,0.23350000381469727,0.22300000488758087,0.2289000004529953,34189,0.0,0.0
2023-09-12 09:30:00-04:00,0.23000000417232513,0.2498999983072281,0.23000000417232513,0.23000000417232513,34101,0.0,0.0
2023-09-12 10:30:00-04:00,0.23000000417232513,0.24150000512599945,0.23000000417232513,0.23199999332427979,19005,0.0,0.0
2023-09-12 11:30:00-04:00,0.23600000143051147,0.23649999499320984,0.23109999299049377,0.23559999465942383,6077,0.0,0.0
2023-09-12 12:30:00-04:00,0.23559999465942383,0.25,0.23479999601840973,0.25,11191,0.0,0.0
2023-09-12 13:30:00-04:00,0.24940000474452972,0.24969999492168427,0.24199999868869781,0.24300000071525574,60233,0.0,0.0
2023-09-12 14:30:00-04:00,0.24300000071525574,0.24940000474452972,0.23829999566078186,0.23829999566078186,21650,0.0,0.0
2023-09-12 15:30:00-04:00,0.23670099675655365,0.23970000445842743,0.23000000417232513,0.23489999771118164,54108,0.0,0.0
2023-09-13 09:30:00-04:00,0.24080100655555725,0.24089999496936798,0.23399999737739563,0.23729999363422394,6759,0.0,0.0
2023-09-13 10:30:00-04:00,0.24050000309944153,0.25999999046325684,0.23399999737739563,0.2362000048160553,55113,0.0,0.0
2023-09-13 11:30:00-04:00,0.23559999465942383,0.24469999969005585,0.2320999950170517,0.23639999330043793,30858,0.0,0.0
2023-09-13 12:30:00-04:00,0.23639999330043793,0.23770000040531158,0.23499999940395355,0.2361000031232834,17933,0.0,0.0
2023-09-13 13:30:00-04:00,0.2345999926328659,0.25,0.23199999332427979,0.2361000031232834,20222,0.0,0.0
2023-09-13 14:30:00-04:00,0.23199999332427979,0.24899999797344208,0.23199999332427979,0.23420000076293945,18283,0.0,0.0
2023-09-13 15:30:00-04:00,0.2363000065088272,0.2363000065088272,0.22750000655651093,0.22990000247955322,16944,0.0,0.0
2023-09-14 09:30:00-04:00,0.23000000417232513,0.24150000512599945,0.22210000455379486,0.22210000455379486,31158,0.0,0.0
2023-09-14 10:30:00-04:00,0.2214999943971634,0.23010000586509705,0.210999995470047,0.22339999675750732,208316,0.0,0.0
2023-09-14 11:30:00-04:00,0.21729999780654907,0.22349999845027924,0.21649999916553497,0.21649999916553497,11514,0.0,0.0
2023-09-14 12:30:00-04:00,0.21660000085830688,0.2199999988079071,0.21330000460147858,0.21559999883174896,53232,0.0,0.0
2023-09-14 13:30:00-04:00,0.21780000627040863,0.22100000083446503,0.2175000011920929,0.2175000011920929,25733,0.0,0.0
2023-09-14 14:30:00-04:00,0.22349999845027924,0.23199999332427979,0.21819999814033508,0.23199999332427979,29498,0.0,0.0
2023-09-14 15:30:00-04:00,0.23199999332427979,0.23999999463558197,0.22040000557899475,0.2231999933719635,67261,0.0,0.0
2023-09-15 09:30:00-04:00,0.21739999949932098,0.23010000586509705,0.21739999949932098,0.22100000083446503,19531,0.0,0.0
2023-09-15 10:30:00-04:00,0.22050000727176666,0.22450000047683716,0.22050000727176666,0.22450000047683716,16077,0.0,0.0
2023-09-15 11:30:00-04:00,0.22089999914169312,0.22100000083446503,0.22020000219345093,0.2206999957561493,27732,0.0,0.0
2023-09-15 12:30:00-04:00,0.22050000727176666,0.22450000047683716,0.22050000727176666,0.22450000047683716,27742,0.0,0.0
2023-09-15 13:30:00-04:00,0.22450000047683716,0.23389999568462372,0.2215999960899353,0.23010000586509705,18698,0.0,0.0
2023-09-15 14:30:00-04:00,0.2329999953508377,0.2337999939918518,0.23000000417232513,0.23029999434947968,35491,0.0,0.0
2023-09-15 15:30:00-04:00,0.23000000417232513,0.23999999463558197,0.23000000417232513,0.23989999294281006,19331,0.0,0.0
2023-09-18 09:30:00-04:00,0.24500000476837158,0.24500000476837158,0.23010000586509705,0.23510000109672546,28123,0.0,0.0
2023-09-18 10:30:00-04:00,0.23980000615119934,0.23980000615119934,0.23019999265670776,0.23019999265670776,205,0.0,0.0
2023-09-18 11:30:00-04:00,0.23980000615119934,0.23980000615119934,0.23309999704360962,0.2370000034570694,24610,0.0,0.0
2023-09-18 12:30:00-04:00,0.23800000548362732,0.2669000029563904,0.23499999940395355,0.23500099778175354,30719,0.0,0.0
2023-09-18 13:30:00-04:00,0.23499999940395355,0.24899999797344208,0.23499999940395355,0.23510000109672546,19149,0.0,0.0
2023-09-18 14:30:00-04:00,0.24250000715255737,0.24400000274181366,0.23499999940395355,0.23499999940395355,6596,0.0,0.0
2023-09-18 15:30:00-04:00,0.23260000348091125,0.23510000109672546,0.23010000586509705,0.23494599759578705,17555,0.0,0.0
2023-09-19 09:30:00-04:00,0.23899999260902405,0.25,0.22499999403953552,0.22499999403953552,15461,0.0,0.0
2023-09-19 10:30:00-04:00,0.24660000205039978,0.24660000205039978,0.22509999573230743,0.23000000417232513,4577,0.0,0.0
2023-09-19 11:30:00-04:00,0.24150000512599945,0.24789999425411224,0.23000000417232513,0.23010000586509705,4061,0.0,0.0
2023-09-19 12:30:00-04:00,0.24288499355316162,0.24500000476837158,0.23999999463558197,0.24490000307559967,4057,0.0,0.0
2023-09-19 13:30:00-04:00,0.23759999871253967,0.23759999871253967,0.23000000417232513,0.23000000417232513,7199,0.0,0.0
2023-09-19 14:30:00-04:00,0.23010000586509705,0.2409999966621399,0.2290000021457672,0.23999999463558197,31844,0.0,0.0
2023-09-19 15:30:00-04:00,0.23999999463558197,0.2409999966621399,0.23999999463558197,0.23999999463558197,4445,0.0,0.0
2023-09-20 09:30:00-04:00,0.2409999966621399,0.2409999966621399,0.23800000548362732,0.23999999463558197,10079,0.0,0.0
2023-09-20 10:30:00-04:00,0.23280000686645508,0.23999999463558197,0.23280000686645508,0.23999999463558197,6803,0.0,0.0
2023-09-20 11:30:00-04:00,0.225600004196167,0.23680000007152557,0.225600004196167,0.23100000619888306,2272,0.0,0.0
2023-09-20 12:30:00-04:00,0.23260000348091125,0.24070000648498535,0.2303999960422516,0.23747600615024567,14703,0.0,0.0
2023-09-20 13:30:00-04:00,0.23520000278949738,0.23520000278949738,0.23499999940395355,0.23499999940395355,6758,0.0,0.0
2023-09-20 14:30:00-04:00,0.23499999940395355,0.23999999463558197,0.23499999940395355,0.23549999296665192,1079,0.0,0.0
2023-09-20 15:30:00-04:00,0.23190000653266907,0.2345000058412552,0.23190000653266907,0.2345000058412552,1909,0.0,0.0
2023-09-21 09:30:00-04:00,0.2409999966621399,0.2409999966621399,0.23000000417232513,0.23579999804496765,17151,0.0,0.0
2023-09-21 10:30:00-04:00,0.23569999635219574,0.23569999635219574,0.2353000044822693,0.2353000044822693,763,0.0,0.0
2023-09-21 11:30:00-04:00,0.23479999601840973,0.23479999601840973,0.23479999601840973,0.23479999601840973,620,0.0,0.0
2023-09-21 12:30:00-04:00,0.2300260066986084,0.23010000586509705,0.23000000417232513,0.23010000586509705,7164,0.0,0.0
2023-09-21 14:30:00-04:00,0.23000000417232513,0.23000000417232513,0.225600004196167,0.2298000007867813,43334,0.0,0.0
2023-09-21 15:30:00-04:00,0.227400004863739,0.22990000247955322,0.227400004863739,0.2289000004529953,3778,0.0,0.0
2023-09-22 09:30:00-04:00,0.22499999403953552,0.23489999771118164,0.22110000252723694,0.22110000252723694,41583,0.0,0.0
2023-09-22 10:30:00-04:00,0.22499999403953552,0.2298000007867813,0.22100000083446503,0.22949999570846558,15017,0.0,0.0
2023-09-22 11:30:00-04:00,0.22920000553131104,0.22930000722408295,0.22100000083446503,0.22599999606609344,6684,0.0,0.0
2023-09-22 12:30:00-04:00,0.22429999709129333,0.22589999437332153,0.21129900217056274,0.22349999845027924,44197,0.0,0.0
2023-09-22 13:30:00-04:00,0.22579899430274963,0.22579899430274963,0.22179999947547913,0.22179999947547913,34311,0.0,0.0
2023-09-22 14:30:00-04:00,0.21400000154972076,0.23070000112056732,0.21250000596046448,0.23070000112056732,19037,0.0,0.0
2023-09-22 15:30:00-04:00,0.23000000417232513,0.23000000417232513,0.21789899468421936,0.2198999971151352,4366,0.0,0.0
2023-09-25 09:30:00-04:00,0.2199999988079071,0.2199999988079071,0.20999999344348907,0.2199999988079071,37218,0.0,0.0
2023-09-25 10:30:00-04:00,0.22699999809265137,0.22990000247955322,0.2199999988079071,0.2199999988079071,22651,0.0,0.0
2023-09-25 11:30:00-04:00,0.2199999988079071,0.2199999988079071,0.2104009985923767,0.2104009985923767,16049,0.0,0.0
2023-09-25 12:30:00-04:00,0.2199999988079071,0.22589999437332153,0.2198999971151352,0.2199999988079071,90113,0.0,0.0
2023-09-25 13:30:00-04:00,0.2298000007867813,0.22990000247955322,0.2249000072479248,0.2298000007867813,9509,0.0,0.0
2023-09-25 14:30:00-04:00,0.2298000007867813,0.2298000007867813,0.22010000050067902,0.22499999403953552,7970,0.0,0.0
2023-09-25 15:30:00-04:00,0.22010000050067902,0.22499999403953552,0.21199999749660492,0.22439999878406525,29732,0.0,0.0
2023-09-26 09:30:00-04:00,0.21410000324249268,0.2223999947309494,0.20999999344348907,0.210099995136261,138036,0.0,0.0
2023-09-26 10:30:00-04:00,0.20999999344348907,0.21479900181293488,0.20200000703334808,0.20509999990463257,41333,0.0,0.0
2023-09-26 11:30:00-04:00,0.2020999938249588,0.20600000023841858,0.1856449991464615,0.19599999487400055,89858,0.0,0.0
2023-09-26 12:30:00-04:00,0.19589999318122864,0.19599999487400055,0.19480000436306,0.19480000436306,39923,0.0,0.0
2023-09-26 13:30:00-04:00,0.1944500058889389,0.19480000436306,0.18780000507831573,0.19099999964237213,23105,0.0,0.0
2023-09-26 14:30:00-04:00,0.19380000233650208,0.19499999284744263,0.1932000070810318,0.1949000060558319,61466,0.0,0.0
2023-09-26 15:30:00-04:00,0.19480000436306,0.19499999284744263,0.18700000643730164,0.19030000269412994,66281,0.0,0.0
2023-09-27 09:30:00-04:00,0.20000000298023224,0.20999999344348907,0.19749900698661804,0.2020999938249588,61852,0.0,0.0
2023-09-27 10:30:00-04:00,0.20679999887943268,0.20970000326633453,0.20509999990463257,0.20960000157356262,3434,0.0,0.0
2023-09-27 11:30:00-04:00,0.20960000157356262,0.20970000326633453,0.20489999651908875,0.20970000326633453,30576,0.0,0.0
2023-09-27 12:30:00-04:00,0.2084999978542328,0.2151000052690506,0.2084999978542328,0.21490000188350677,44416,0.0,0.0
2023-09-27 13:30:00-04:00,0.21490000188350677,0.2150000035762787,0.20990000665187836,0.2117999941110611,24893,0.0,0.0
2023-09-27 14:30:00-04:00,0.210999995470047,0.22990000247955322,0.210999995470047,0.22990000247955322,41536,0.0,0.0
2023-09-27 15:30:00-04:00,0.2295999974012375,0.23999999463558197,0.22320100665092468,0.23720000684261322,154641,0.0,0.0
2023-09-28 09:30:00-04:00,0.23440000414848328,0.24799999594688416,0.23399999737739563,0.24500000476837158,72495,0.0,0.0
2023-09-28 10:30:00-04:00,0.24009999632835388,0.24500000476837158,0.24009999632835388,0.24379999935626984,27004,0.0,0.0
2023-09-28 11:30:00-04:00,0.24379999935626984,0.24799999594688416,0.24379999935626984,0.24490100145339966,19326,0.0,0.0
2023-09-28 12:30:00-04:00,0.24490000307559967,0.2475000023841858,0.24490000307559967,0.24619999527931213,11258,0.0,0.0
2023-09-28 13:30:00-04:00,0.24619999527931213,0.24860000610351562,0.2460000067949295,0.2460000067949295,43295,0.0,0.0
2023-09-28 14:30:00-04:00,0.24860000610351562,0.2524000108242035,0.2459000051021576,0.2459000051021576,75079,0.0,0.0
2023-09-28 15:30:00-04:00,0.2459000051021576,0.24899999797344208,0.23499999940395355,0.23499999940395355,44680,0.0,0.0
2023-09-29 09:30:00-04:00,0.259799987077713,0.259799987077713,0.23109999299049377,0.23480099439620972,27945,0.0,0.0
2023-09-29 10:30:00-04:00,0.23999899625778198,0.23999899625778198,0.23569999635219574,0.2379000037908554,5110,0.0,0.0
2023-09-29 11:30:00-04:00,0.23569999635219574,0.23999999463558197,0.23569999635219574,0.23999999463558197,6321,0.0,0.0
2023-09-29 12:30:00-04:00,0.23899999260902405,0.23999999463558197,0.2199999988079071,0.2199999988079071,28334,0.0,0.0
2023-09-29 13:30:00-04:00,0.22885000705718994,0.2289000004529953,0.22020000219345093,0.22300000488758087,716,0.0,0.0
2023-09-29 14:30:00-04:00,0.23739899694919586,0.23739999532699585,0.22200000286102295,0.2240000069141388,6351,0.0,0.0
2023-09-29 15:30:00-04:00,0.23749999701976776,0.23749999701976776,0.22020000219345093,0.2222999930381775,22566,0.0,0.0
2023-10-02 09:30:00-04:00,0.23019999265670776,0.23999999463558197,0.2199999988079071,0.2298000007867813,836852,0.0,0.0
2023-10-02 10:30:00-04:00,0.22709999978542328,0.2298000007867813,0.22439999878406525,0.22689999639987946,13561,0.0,0.0
2023-10-02 11:30:00-04:00,0.22939999401569366,0.22939999401569366,0.20999999344348907,0.2102999985218048,83225,0.0,0.0
2023-10-02 12:30:00-04:00,0.21279999613761902,0.21480000019073486,0.21040000021457672,0.21359999477863312,13259,0.0,0.0
2023-10-02 13:30:00-04:00,0.21400000154972076,0.21960000693798065,0.21400000154972076,0.21899999678134918,12925,0.0,0.0
2023-10-02 14:30:00-04:00,0.21899999678134918,0.21899999678134918,0.2150000035762787,0.21690000593662262,39782,0.0,0.0
2023-10-02 15:30:00-04:00,0.21690000593662262,0.21690000593662262,0.2150000035762787,0.21660000085830688,9221,0.0,0.0
2023-10-03 09:30:00-04:00,0.20069999992847443,0.21299999952316284,0.20069999992847443,0.211899995803833,27398,0.0,0.0
2023-10-03 10:30:00-04:00,0.2124989926815033,0.2199999988079071,0.20579999685287476,0.20579999685287476,11795,0.0,0.0
2023-10-03 11:30:00-04:00,0.2199999988079071,0.2199999988079071,0.20579999685287476,0.20579999685287476,7047,0.0,0.0
2023-10-03 12:30:00-04:00,0.21899999678134918,0.2199999988079071,0.210098996758461,0.21199999749660492,2455,0.0,0.0
2023-10-03 13:30:00-04:00,0.2150000035762787,0.2198999971151352,0.2102999985218048,0.210999995470047,2049,0.0,0.0
2023-10-03 14:30:00-04:00,0.21899999678134918,0.22300000488758087,0.21060000360012054,0.2198999971151352,7986,0.0,0.0
2023-10-03 15:30:00-04:00,0.210999995470047,0.21899999678134918,0.21050000190734863,0.2110999971628189,0,0.0,0.0
2023-10-04 09:30:00-04:00,0.20990000665187836,0.23600000143051147,0.20990000665187836,0.23090000450611115,165955,0.0,0.0
2023-10-04 10:30:00-04:00,0.22669999301433563,0.23000000417232513,0.22349999845027924,0.2298000007867813,8376,0.0,0.0
2023-10-04 11:30:00-04:00,0.22840000689029694,0.22990000247955322,0.2198999971151352,0.2198999971151352,18861,0.0,0.0
2023-10-04 12:30:00-04:00,0.2199999988079071,0.2199999988079071,0.210099995136261,0.2160000056028366,15027,0.0,0.0
2023-10-04 13:30:00-04:00,0.21799999475479126,0.22990000247955322,0.21220099925994873,0.2240000069141388,29872,0.0,0.0
2023-10-04 14:30:00-04:00,0.22990000247955322,0.23000000417232513,0.22089999914169312,0.22949999570846558,27353,0.0,0.0
2023-10-04 15:30:00-04:00,0.23000000417232513,0.23100000619888306,0.22499999403953552,0.226500004529953,0,0.0,0.0
2023-10-05 09:30:00-04:00,0.22599999606609344,0.22599999606609344,0.21050000190734863,0.22599999606609344,49266,0.0,0.0
2023-10-05 10:30:00-04:00,0.22599999606609344,0.2290000021457672,0.2150000035762787,0.2272000014781952,41230,0.0,0.0
2023-10-05 11:30:00-04:00,0.23000000417232513,0.23000000417232513,0.22020000219345093,0.23000000417232513,16975,0.0,0.0
2023-10-05 12:30:00-04:00,0.23000000417232513,0.23000000417232513,0.22010000050067902,0.23000000417232513,15327,0.0,0.0
2023-10-05 13:30:00-04:00,0.23000000417232513,0.23000000417232513,0.22059999406337738,0.2206999957561493,4739,0.0,0.0
2023-10-05 14:30:00-04:00,0.22059999406337738,0.23000000417232513,0.22059999406337738,0.22100000083446503,22676,0.0,0.0
2023-10-05 15:30:00-04:00,0.23000000417232513,0.23000000417232513,0.22999000549316406,0.23000000417232513,1303,0.0,0.0
2023-10-06 09:30:00-04:00,0.2240000069141388,0.2240000069141388,0.22100000083446503,0.22234900295734406,9009,0.0,0.0
2023-10-06 10:30:00-04:00,0.22370000183582306,0.22370000183582306,0.22010000050067902,0.2223999947309494,2343,0.0,0.0
2023-10-06 11:30:00-04:00,0.22370000183582306,0.22370000183582306,0.22210000455379486,0.22370000183582306,2120,0.0,0.0
2023-10-06 12:30:00-04:00,0.22370000183582306,0.22370000183582306,0.22110000252723694,0.22370000183582306,5319,0.0,0.0
2023-10-06 13:30:00-04:00,0.2223999947309494,0.22370000183582306,0.22110000252723694,0.2223999947309494,3510,0.0,0.0
2023-10-06 14:30:00-04:00,0.22370000183582306,0.2280000001192093,0.22300000488758087,0.22750000655651093,5294,0.0,0.0
2023-10-06 15:30:00-04:00,0.22750000655651093,0.23000000417232513,0.2231999933719635,0.23000000417232513,15361,0.0,0.0
2023-10-09 09:30:00-04:00,0.2199999988079071,0.2199999988079071,0.21296000480651855,0.21969999372959137,7056,0.0,0.0
2023-10-09 10:30:00-04:00,0.21960000693798065,0.2199999988079071,0.2151000052690506,0.2151000052690506,4132,0.0,0.0
2023-10-09 11:30:00-04:00,0.21639999747276306,0.2199999988079071,0.21639999747276306,0.2168000042438507,1946,0.0,0.0
2023-10-09 12:30:00-04:00,0.2173510044813156,0.21969999372959137,0.21400000154972076,0.21400000154972076,15493,0.0,0.0
2023-10-09 13:30:00-04:00,0.21320000290870667,0.21969999372959137,0.210999995470047,0.21770000457763672,25176,0.0,0.0
2023-10-09 14:30:00-04:00,0.210999995470047,0.2168000042438507,0.210999995470047,0.210999995470047,13331,0.0,0.0
2023-10-09 15:30:00-04:00,0.210999995470047,0.21690000593662262,0.21089999377727509,0.21410000324249268,9519,0.0,0.0
2023-10-10 09:30:00-04:00,0.20999999344348907,0.21780000627040863,0.20999999344348907,0.2150000035762787,23748,0.0,0.0
2023-10-10 10:30:00-04:00,0.2150000035762787,0.21780000627040863,0.20999999344348907,0.21770000457763672,27671,0.0,0.0
2023-10-10 11:30:00-04:00,0.2150000035762787,0.217399001121521,0.21001000702381134,0.21729999780654907,3951,0.0,0.0
2023-10-10 12:30:00-04:00,0.21729999780654907,0.21799999475479126,0.20999999344348907,0.210999995470047,25665,0.0,0.0
2023-10-10 13:30:00-04:00,0.210999995470047,0.21799999475479126,0.2102999985218048,0.2102999985218048,3883,0.0,0.0
2023-10-10 14:30:00-04:00,0.21799999475479126,0.21799999475479126,0.21050000190734863,0.2110999971628189,9027,0.0,0.0
2023-10-10 15:30:00-04:00,0.21789999306201935,0.21799999475479126,0.210999995470047,0.210999995470047,9082,0.0,0.0
2023-10-11 09:30:00-04:00,0.21469999849796295,0.22499999403953552,0.21469999849796295,0.2198999971151352,15311,0.0,0.0
2023-10-11 10:30:00-04:00,0.21610000729560852,0.2198999971151352,0.21610000729560852,0.21940000355243683,9534,0.0,0.0
2023-10-11 11:30:00-04:00,0.219200000166893,0.219200000166893,0.2190999984741211,0.2190999984741211,616,0.0,0.0
2023-10-11 12:30:00-04:00,0.2175000011920929,0.2190999984741211,0.2159000039100647,0.21879999339580536,17037,0.0,0.0
2023-10-11 13:30:00-04:00,0.21799999475479126,0.2184000015258789,0.210999995470047,0.210999995470047,4224,0.0,0.0
2023-10-11 14:30:00-04:00,0.21205000579357147,0.21739999949932098,0.21010099351406097,0.21410000324249268,24341,0.0,0.0
2023-10-11 15:30:00-04:00,0.21410000324249268,0.21729999780654907,0.21150000393390656,0.21150000393390656,2511,0.0,0.0
2023-10-12 09:30:00-04:00,0.22059999406337738,0.22380000352859497,0.2150000035762787,0.2199999988079071,15724,0.0,0.0
2023-10-12 10:30:00-04:00,0.21939900517463684,0.2198999971151352,0.2150000035762787,0.21644900739192963,21961,0.0,0.0
2023-10-12 11:30:00-04:00,0.21969999372959137,0.21979999542236328,0.21699999272823334,0.21699999272823334,7935,0.0,0.0
2023-10-12 12:30:00-04:00,0.21709999442100525,0.21950000524520874,0.21619999408721924,0.21879999339580536,10896,0.0,0.0
2023-10-12 13:30:00-04:00,0.21299999952316284,0.21699999272823334,0.2103009968996048,0.21050000190734863,9470,0.0,0.0
2023-10-12 14:30:00-04:00,0.2101999968290329,0.21819999814033508,0.2101999968290329,0.2102999985218048,3961,0.0,0.0
2023-10-12 15:30:00-04:00,0.21799999475479126,0.21799999475479126,0.20999999344348907,0.210999995470047,29652,0.0,0.0
2023-10-13 09:30:00-04:00,0.21780000627040863,0.21870000660419464,0.20999999344348907,0.21789999306201935,9680,0.0,0.0
2023-10-13 10:30:00-04:00,0.20999999344348907,0.21050000190734863,0.20120100677013397,0.210099995136261,34758,0.0,0.0
2023-10-13 11:30:00-04:00,0.210099995136261,0.210999995470047,0.20999999344348907,0.21060000360012054,27692,0.0,0.0
2023-10-13 12:30:00-04:00,0.21490000188350677,0.21490000188350677,0.20999999344348907,0.210099995136261,56751,0.0,0.0
2023-10-13 13:30:00-04:00,0.2110999971628189,0.21150000393390656,0.20999999344348907,0.21080000698566437,21828,0.0,0.0
2023-10-13 14:30:00-04:00,0.20999999344348907,0.21119999885559082,0.20250000059604645,0.20250000059604645,46063,0.0,0.0
2023-10-13 15:30:00-04:00,0.2011999934911728,0.20970000326633453,0.20100000500679016,0.2070000022649765,11400,0.0,0.0
2023-10-16 09:30:00-04:00,0.20800000429153442,0.21490000188350677,0.20499999821186066,0.20890000462532043,34502,0.0,0.0
2023-10-16 10:30:00-04:00,0.211899995803833,0.21490000188350677,0.20900000631809235,0.21469999849796295,17483,0.0,0.0
2023-10-16 11:30:00-04:00,0.21469999849796295,0.21469999849796295,0.20999999344348907,0.21459999680519104,9839,0.0,0.0
2023-10-16 12:30:00-04:00,0.21459999680519104,0.21469999849796295,0.20999999344348907,0.21469999849796295,2900,0.0,0.0
2023-10-16 13:30:00-04:00,0.21459999680519104,0.21459999680519104,0.20970000326633453,0.21040000021457672,21257,0.0,0.0
2023-10-16 14:30:00-04:00,0.21040000021457672,0.21050000190734863,0.20880000293254852,0.20880000293254852,6516,0.0,0.0
2023-10-16 15:30:00-04:00,0.20880000293254852,0.20890000462532043,0.2069000005722046,0.20880000293254852,1981,0.0,0.0
2023-10-17 09:30:00-04:00,0.2070000022649765,0.20999999344348907,0.20090000331401825,0.20890000462532043,8105,0.0,0.0
2023-10-17 10:30:00-04:00,0.20890000462532043,0.20999999344348907,0.20409999787807465,0.20999999344348907,9711,0.0,0.0
2023-10-17 11:30:00-04:00,0.20999999344348907,0.2150000035762787,0.20999999344348907,0.21490000188350677,48475,0.0,0.0
2023-10-17 12:30:00-04:00,0.20999999344348907,0.21490000188350677,0.2078000009059906,0.2131499946117401,10539,0.0,0.0
2023-10-17 13:30:00-04:00,0.20999999344348907,0.21400000154972076,0.20630000531673431,0.21209999918937683,36791,0.0,0.0
2023-10-17 14:30:00-04:00,0.21330000460147858,0.21879999339580536,0.21330000460147858,0.2172500044107437,31991,0.0,0.0
2023-10-17 15:30:00-04:00,0.2159000039100647,0.2198999971151352,0.21230000257492065,0.21230000257492065,20342,0.0,0.0
2023-10-18 09:30:00-04:00,0.20900000631809235,0.21449999511241913,0.20340000092983246,0.20800000429153442,5623,0.0,0.0
2023-10-18 10:30:00-04:00,0.20829999446868896,0.210999995470047,0.2029999941587448,0.210999995470047,8253,0.0,0.0
2023-10-18 11:30:00-04:00,0.21150000393390656,0.21170000731945038,0.20499999821186066,0.20800000429153442,35038,0.0,0.0
2023-10-18 12:30:00-04:00,0.20800000429153442,0.20839999616146088,0.20010000467300415,0.20430000126361847,15919,0.0,0.0
2023-10-18 13:30:00-04:00,0.20430000126361847,0.20970000326633453,0.20424999296665192,0.2070000022649765,2751,0.0,0.0
2023-10-18 14:30:00-04:00,0.20694999396800995,0.20694999396800995,0.20694999396800995,0.20694999396800995,109,0.0,0.0
2023-10-18 15:30:00-04:00,0.2069000005722046,0.20900000631809235,0.20430000126361847,0.20829999446868896,4496,0.0,0.0
2023-10-19 09:30:00-04:00,0.2020999938249588,0.21060000360012054,0.20100000500679016,0.20110000669956207,114591,0.0,0.0
2023-10-19 10:30:00-04:00,0.20544999837875366,0.20544999837875366,0.20110000669956207,0.2011999934911728,35310,0.0,0.0
2023-10-19 11:30:00-04:00,0.20900000631809235,0.20990000665187836,0.20110000669956207,0.2055010050535202,7895,0.0,0.0
2023-10-19 12:30:00-04:00,0.2012999951839447,0.20990000665187836,0.2012999951839447,0.20810000598430634,18501,0.0,0.0
2023-10-19 13:30:00-04:00,0.2150000035762787,0.2150000035762787,0.2013009935617447,0.21130000054836273,8036,0.0,0.0
2023-10-19 14:30:00-04:00,0.21250000596046448,0.2198999971151352,0.210099995136261,0.21494999527931213,34918,0.0,0.0
2023-10-19 15:30:00-04:00,0.21799999475479126,0.21879999339580536,0.20319999754428864,0.20319999754428864,0,0.0,0.0
2023-10-20 09:30:00-04:00,0.20149999856948853,0.210099995136261,0.20149999856948853,0.20200000703334808,11770,0.0,0.0
2023-10-20 10:30:00-04:00,0.2045000046491623,0.2045000046491623,0.2021999955177307,0.2029000073671341,20284,0.0,0.0
2023-10-20 11:30:00-04:00,0.20280000567436218,0.20280000567436218,0.20250000059604645,0.20250000059604645,2957,0.0,0.0
2023-10-20 12:30:00-04:00,0.20239999890327454,0.20239999890327454,0.20160000026226044,0.20229999721050262,2282,0.0,0.0
2023-10-20 13:30:00-04:00,0.2021999955177307,0.20260000228881836,0.20200000703334808,0.20250000059604645,16269,0.0,0.0
2023-10-20 14:30:00-04:00,0.20239999890327454,0.20260000228881836,0.20239999890327454,0.20260000228881836,18075,0.0,0.0
2023-10-20 15:30:00-04:00,0.20260000228881836,0.20260000228881836,0.20000000298023224,0.20110000669956207,42544,0.0,0.0
2023-10-23 09:30:00-04:00,0.2021999955177307,0.2021999955177307,0.19249999523162842,0.19910000264644623,120666,0.0,0.0
2023-10-23 10:30:00-04:00,0.1995999962091446,0.19990000128746033,0.19499999284744263,0.1996999979019165,14016,0.0,0.0
2023-10-23 11:30:00-04:00,0.19949999451637268,0.19990000128746033,0.19499999284744263,0.19734999537467957,7377,0.0,0.0
2023-10-23 12:30:00-04:00,0.19499999284744263,0.1979999989271164,0.1949000060558319,0.1979999989271164,2070,0.0,0.0
2023-10-23 13:30:00-04:00,0.1964000016450882,0.1987999975681305,0.1941000074148178,0.1987999975681305,18527,0.0,0.0
2023-10-23 14:30:00-04:00,0.1987999975681305,0.2037999927997589,0.19644999504089355,0.2020999938249588,32730,0.0,0.0
2023-10-23 15:30:00-04:00,0.20000000298023224,0.2020999938249588,0.19990000128746033,0.19990000128746033,0,0.0,0.0
2023-10-24 09:30:00-04:00,0.20000000298023224,0.20800000429153442,0.1949000060558319,0.20340000092983246,288709,0.0,0.0
2023-10-24 10:30:00-04:00,0.20020000636577606,0.20149999856948853,0.19740000367164612,0.19740000367164612,15780,0.0,0.0
2023-10-24 11:30:00-04:00,0.1996999979019165,0.2037999927997589,0.19509999454021454,0.20190000534057617,86832,0.0,0.0
2023-10-24 12:30:00-04:00,0.20000000298023224,0.2004999965429306,0.19509999454021454,0.19619999825954437,38974,0.0,0.0
2023-10-24 13:30:00-04:00,0.19619999825954437,0.1972000002861023,0.1949000060558319,0.1970990002155304,27286,0.0,0.0
2023-10-24 14:30:00-04:00,0.19589999318122864,0.19689999520778656,0.1949000060558319,0.19580000638961792,7491,0.0,0.0
2023-10-24 15:30:00-04:00,0.19329999387264252,0.19599999487400055,0.19249999523162842,0.1956000030040741,8911,0.0,0.0
2023-10-25 09:30:00-04:00,0.20000000298023224,0.20000000298023224,0.1899999976158142,0.19589999318122864,20319,0.0,0.0
2023-10-25 10:30:00-04:00,0.19009999930858612,0.1981000006198883,0.1899999976158142,0.193900004029274,4415,0.0,0.0
2023-10-25 11:30:00-04:00,0.193900004029274,0.19699999690055847,0.1899999976158142,0.19679999351501465,13851,0.0,0.0
2023-10-25 12:30:00-04:00,0.19335000216960907,0.1965000033378601,0.1899999976158142,0.1964000016450882,6757,0.0,0.0
2023-10-25 13:30:00-04:00,0.19009999930858612,0.19619999825954437,0.1899999976158142,0.19290000200271606,18772,0.0,0.0
2023-10-25 14:30:00-04:00,0.19284899532794952,0.19539999961853027,0.19009999930858612,0.19009999930858612,2421,0.0,0.0
2023-10-25 15:30:00-04:00,0.19269999861717224,0.1940000057220459,0.19130000472068787,0.19220000505447388,9861,0.0,0.0
2023-10-26 09:30:00-04:00,0.19539999961853027,0.20000000298023224,0.1899999976158142,0.1899999976158142,32064,0.0,0.0
2023-10-26 10:30:00-04:00,0.19470000267028809,0.19900000095367432,0.1899999976158142,0.1899999976158142,24534,0.0,0.0
2023-10-26 11:30:00-04:00,0.1979999989271164,0.1987999975681305,0.19099999964237213,0.19670000672340393,13124,0.0,0.0
2023-10-26 12:30:00-04:00,0.1899999976158142,0.19099999964237213,0.1899999976158142,0.19099999964237213,3270,0.0,0.0
2023-10-26 13:30:00-04:00,0.19009999930858612,0.19589999318122864,0.19009999930858612,0.19280000030994415,1662,0.0,0.0
2023-10-26 14:30:00-04:00,0.1927500069141388,0.19499999284744263,0.18299999833106995,0.18385599553585052,41110,0.0,0.0
2023-10-26 15:30:00-04:00,0.1834000051021576,0.1843000054359436,0.18299999833106995,0.1835000067949295,0,0.0,0.0
2023-10-27 09:30:00-04:00,0.19259999692440033,0.20000000298023224,0.18219999969005585,0.1899999976158142,8034,0.0,0.0
2023-10-27 10:30:00-04:00,0.19189999997615814,0.19249999523162842,0.18219999969005585,0.18960000574588776,53052,0.0,0.0
2023-10-27 11:30:00-04:00,0.18950000405311584,0.18950000405311584,0.18219999969005585,0.18700000643730164,9376,0.0,0.0
2023-10-27 12:30:00-04:00,0.18219999969005585,0.18700000643730164,0.1808999925851822,0.18690000474452972,31033,0.0,0.0
2023-10-27 13:30:00-04:00,0.18299999833106995,0.18690000474452972,0.17149999737739563,0.18690000474452972,37744,0.0,0.0
2023-10-27 14:30:00-04:00,0.18690000474452972,0.18690000474452972,0.18690000474452972,0.18690000474452972,1382,0.0,0.0
2023-10-27 15:30:00-04:00,0.1720000058412552,0.18119999766349792,0.1720000058412552,0.17219999432563782,19657,0.0,0.0
2023-10-30 09:30:00-04:00,0.12690000236034393,0.13369999825954437,0.11320000141859055,0.12809999287128448,773733,0.0,0.0
2023-10-30 10:30:00-04:00,0.12809999287128448,0.12809999287128448,0.121799997985363,0.12700000405311584,110784,0.0,0.0
2023-10-30 11:30:00-04:00,0.12559999525547028,0.13199999928474426,0.12559999525547028,0.13189999759197235,157826,0.0,0.0
2023-10-30 12:30:00-04:00,0.13050000369548798,0.13699999451637268,0.13050000369548798,0.13689999282360077,71172,0.0,0.0
2023-10-30 13:30:00-04:00,0.1348000019788742,0.13699999451637268,0.1298000067472458,0.13379999995231628,280609,0.0,0.0
2023-10-30 14:30:00-04:00,0.13379999995231628,0.13699999451637268,0.13109999895095825,0.1316000074148178,64302,0.0,0.0
2023-10-30 15:30:00-04:00,0.13169999420642853,0.13199999928474426,0.12541699409484863,0.12620000541210175,156694,0.0,0.0
2023-10-31 09:30:00-04:00,1.7200000286102295,1.940000057220459,1.7200000286102295,1.8519999980926514,24568,0.0,0.0
2023-10-31 10:30:00-04:00,1.840000033378601,2.0320000648498535,1.7699999809265137,1.9199999570846558,39031,0.0,0.0
2023-10-31 11:30:00-04:00,1.9500000476837158,1.9799000024795532,1.8700000047683716,1.8899999856948853,10574,0.0,0.0
2023-10-31 12:30:00-04:00,1.8899999856948853,1.9146000146865845,1.8600000143051147,1.8700000047683716,4476,0.0,0.0
2023-10-31 13:30:00-04:00,1.8601000308990479,1.8601000308990479,1.8300000429153442,1.8300000429153442,3099,0.0,0.0
2023-10-31 14:30:00-04:00,1.850000023841858,1.8700000047683716,1.8300000429153442,1.8300000429153442,7088,0.0,0.0
2023-10-31 15:30:00-04:00,1.850000023841858,1.850000023841858,1.75,1.7508000135421753,0,0.0,0.0
2023-11-01 09:30:00-04:00,1.7200000286102295,1.7699999809265137,1.7200000286102295,1.75,6621,0.0,0.0
2023-11-01 10:30:00-04:00,1.7200000286102295,1.7200000286102295,1.6100000143051147,1.6349999904632568,7107,0.0,0.0
2023-11-01 11:30:00-04:00,1.621500015258789,1.6399999856948853,1.5705000162124634,1.6200000047683716,6385,0.0,0.0
2023-11-01 12:30:00-04:00,1.5800000429153442,1.5800000429153442,1.5149999856948853,1.5149999856948853,2585,0.0,0.0
2023-11-01 13:30:00-04:00,1.5299999713897705,1.5700000524520874,1.5,1.5,10064,0.0,0.0
2023-11-01 14:30:00-04:00,1.4850000143051147,1.590000033378601,1.4850000143051147,1.559999942779541,8797,0.0,0.0
2023-11-01 15:30:00-04:00,1.5800000429153442,1.6226999759674072,1.5500999689102173,1.5500999689102173,0,0.0,0.0
2023-11-02 09:30:00-04:00,1.6100000143051147,1.649999976158142,1.5800000429153442,1.649999976158142,10984,0.0,0.0
2023-11-02 10:30:00-04:00,1.649999976158142,1.6699999570846558,1.6299999952316284,1.6699999570846558,2658,0.0,0.0
2023-11-02 11:30:00-04:00,1.6899000406265259,1.7000000476837158,1.649999976158142,1.690000057220459,6122,0.0,0.0
2023-11-02 12:30:00-04:00,1.6766999959945679,1.6766999959945679,1.6449999809265137,1.6449999809265137,1606,0.0,0.0
2023-11-02 13:30:00-04:00,1.6399999856948853,1.649999976158142,1.621399998664856,1.649999976158142,575,0.0,0.0
2023-11-02 15:30:00-04:00,1.649999976158142,1.649999976158142,1.6262999773025513,1.649999976158142,0,0.0,0.0
2023-11-03 09:30:00-04:00,1.6399999856948853,1.75,1.6119999885559082,1.7000000476837158,5021,0.0,0.0
2023-11-03 10:30:00-04:00,1.704300045967102,1.749899983406067,1.6799999475479126,1.690000057220459,2632,0.0,0.0
2023-11-03 11:30:00-04:00,1.7280000448226929,1.75,1.7200000286102295,1.7400000095367432,4085,0.0,0.0
2023-11-03 12:30:00-04:00,1.7400000095367432,1.7799999713897705,1.6700999736785889,1.7799999713897705,3415,0.0,0.0
2023-11-03 13:30:00-04:00,1.7899999618530273,1.9799000024795532,1.7899999618530273,1.850000023841858,16996,0.0,0.0
2023-11-03 14:30:00-04:00,1.850000023841858,1.899999976158142,1.8309999704360962,1.8863999843597412,4799,0.0,0.0
2023-11-03 15:30:00-04:00,1.909999966621399,2.0,1.8799999952316284,2.0,19014,0.0,0.0
2023-11-06 09:30:00-05:00,1.8899999856948853,1.9500000476837158,1.846500039100647,1.8600000143051147,6448,0.0,0.0
2023-11-06 10:30:00-05:00,1.896399974822998,1.9931000471115112,1.896399974822998,1.909999966621399,5362,0.0,0.0
2023-11-06 11:30:00-05:00,1.948099970817566,2.0,1.9199999570846558,1.9700000286102295,19126,0.0,0.0
2023-11-06 12:30:00-05:00,1.9473999738693237,1.9700000286102295,1.9299999475479126,1.9581999778747559,9111,0.0,0.0
2023-11-06 13:30:00-05:00,1.9500000476837158,1.9500999450683594,1.9500000476837158,1.9500000476837158,1270,0.0,0.0
2023-11-06 14:30:00-05:00,1.9598000049591064,1.9598000049591064,1.809999942779541,1.8200000524520874,5543,0.0,0.0
2023-11-06 15:30:00-05:00,1.8981000185012817,1.899999976158142,1.7799999713897705,1.7999999523162842,0,0.0,0.0
2023-11-07 09:30:00-05:00,1.7599999904632568,1.7604999542236328,1.690000057220459,1.7200000286102295,3111,0.0,0.0
2023-11-07 10:30:00-05:00,1.690000057220459,1.7000000476837158,1.6675000190734863,1.6675000190734863,5112,0.0,0.0
2023-11-07 11:30:00-05:00,1.7000000476837158,1.749899983406067,1.7000000476837158,1.749899983406067,3908,0.0,0.0
2023-11-07 13:30:00-05:00,1.7400000095367432,1.808899998664856,1.7400000095367432,1.75,2516,0.0,0.0
2023-11-07 14:30:00-05:00,1.7315000295639038,1.7611000537872314,1.7100000381469727,1.7100000381469727,2366,0.0,0.0
2023-11-07 15:30:00-05:00,1.764299988746643,1.764299988746643,1.764299988746643,1.764299988746643,458,0.0,0.0
2023-11-08 09:30:00-05:00,1.7400000095367432,1.75,1.690000057220459,1.690000057220459,3894,0.0,0.0
2023-11-08 10:30:00-05:00,1.7023999691009521,1.7023999691009521,1.6299999952316284,1.649999976158142,8201,0.0,0.0
2023-11-08 11:30:00-05:00,1.6200000047683716,1.649999976158142,1.5399999618530273,1.5535000562667847,13831,0.0,0.0
2023-11-08 12:30:00-05:00,1.5700000524520874,1.5800000429153442,1.5600999593734741,1.5700000524520874,4740,0.0,0.0
2023-11-08 13:30:00-05:00,1.6399999856948853,1.6541999578475952,1.6349999904632568,1.6349999904632568,2663,0.0,0.0
2023-11-08 14:30:00-05:00,1.63919997215271,1.63919997215271,1.5997999906539917,1.5997999906539917,1830,0.0,0.0
2023-11-08 15:30:00-05:00,1.600000023841858,1.6200000047683716,1.559999942779541,1.559999942779541,0,0.0,0.0
2023-11-09 09:30:00-05:00,1.600000023841858,1.600000023841858,1.559999942779541,1.5886000394821167,5658,0.0,0.0
2023-11-09 10:30:00-05:00,1.559999942779541,1.5850000381469727,1.559999942779541,1.5600999593734741,869,0.0,0.0
2023-11-09 11:30:00-05:00,1.559999942779541,1.561400055885315,1.559999942779541,1.561400055885315,611,0.0,0.0
2023-11-09 12:30:00-05:00,1.569200038909912,1.5699000358581543,1.559999942779541,1.559999942779541,3765,0.0,0.0
2023-11-09 13:30:00-05:00,1.5199999809265137,1.5299999713897705,1.4184999465942383,1.4680999517440796,19641,0.0,0.0
2023-11-09 14:30:00-05:00,1.4800000190734863,1.4800000190734863,1.4800000190734863,1.4800000190734863,136,0.0,0.0
2023-11-09 15:30:00-05:00,1.457200050354004,1.457200050354004,1.410099983215332,1.4110000133514404,0,0.0,0.0
2023-11-10 09:30:00-05:00,1.4800000190734863,1.4800000190734863,1.4510999917984009,1.4581999778747559,1667,0.0,0.0
2023-11-10 10:30:00-05:00,1.4550000429153442,1.4600000381469727,1.4529000520706177,1.4529000520706177,1086,0.0,0.0
2023-11-10 11:30:00-05:00,1.4594000577926636,1.4600000381469727,1.4510999917984009,1.4510999917984009,896,0.0,0.0
2023-11-10 12:30:00-05:00,1.4550000429153442,1.4595999717712402,1.4500000476837158,1.4595999717712402,1005,0.0,0.0
2023-11-10 13:30:00-05:00,1.4500999450683594,1.4599000215530396,1.4500000476837158,1.4599000215530396,1576,0.0,0.0
2023-11-10 14:30:00-05:00,1.4550000429153442,1.4600000381469727,1.4507999420166016,1.4600000381469727,1221,0.0,0.0
2023-11-10 15:30:00-05:00,1.4535000324249268,1.4600000381469727,1.4500000476837158,1.4600000381469727,770,0.0,0.0
2023-11-13 09:30:00-05:00,1.4600000381469727,1.4600000381469727,1.2999999523162842,1.3660000562667847,4880,0.0,0.0
2023-11-13 10:30:00-05:00,1.350000023841858,1.3600000143051147,1.3454999923706055,1.350100040435791,4232,0.0,0.0
2023-11-13 11:30:00-05:00,1.350100040435791,1.3700000047683716,1.3300000429153442,1.3300000429153442,12261,0.0,0.0
2023-11-13 12:30:00-05:00,1.3700000047683716,1.3700000047683716,1.340000033378601,1.3499000072479248,3064,0.0,0.0
2023-11-13 13:30:00-05:00,1.3488999605178833,1.350000023841858,1.340000033378601,1.3450000286102295,1796,0.0,0.0
2023-11-13 14:30:00-05:00,1.3450000286102295,1.3645000457763672,1.3300000429153442,1.3645000457763672,7195,0.0,0.0
2023-11-13 15:30:00-05:00,1.3600000143051147,1.3899999856948853,1.3550000190734863,1.3600000143051147,0,0.0,0.0
2023-11-14 09:30:00-05:00,1.3700000047683716,1.3997000455856323,1.3519999980926514,1.3521000146865845,4245,0.0,0.0
2023-11-14 10:30:00-05:00,1.378999948501587,1.3799999952316284,1.350000023841858,1.350000023841858,3258,0.0,0.0
2023-11-14 11:30:00-05:00,1.3799999952316284,1.3799999952316284,1.3799999952316284,1.3799999952316284,577,0.0,0.0
2023-11-14 12:30:00-05:00,1.3799999952316284,1.399999976158142,1.3799999952316284,1.399999976158142,2857,0.0,0.0
2023-11-14 13:30:00-05:00,1.440000057220459,1.440000057220459,1.4011000394821167,1.4249999523162842,1682,0.0,0.0
2023-11-14 14:30:00-05:00,1.4299999475479126,1.4500000476837158,1.409999966621399,1.430400013923645,7030,0.0,0.0
2023-11-14 15:30:00-05:00,1.4600000381469727,1.4600000381469727,1.4000999927520752,1.4000999927520752,0,0.0,0.0
2023-11-15 09:30:00-05:00,1.399999976158142,1.5099999904632568,1.399999976158142,1.5099999904632568,9973,0.0,0.0
2023-11-15 10:30:00-05:00,1.5085999965667725,1.590000033378601,1.4900000095367432,1.590000033378601,10028,0.0,0.0
2023-11-15 11:30:00-05:00,1.5099999904632568,1.5800000429153442,1.5099999904632568,1.5399999618530273,2336,0.0,0.0
2023-11-15 12:30:00-05:00,1.590000033378601,1.590000033378601,1.5404000282287598,1.5404000282287598,6197,0.0,0.0
2023-11-15 13:30:00-05:00,1.5400999784469604,1.5449999570846558,1.5,1.5399999618530273,5186,0.0,0.0
2023-11-15 14:30:00-05:00,1.5399999618530273,1.5399999618530273,1.5295000076293945,1.5295000076293945,2150,0.0,0.0
2023-11-15 15:30:00-05:00,1.5298999547958374,1.5298999547958374,1.5,1.5,0,0.0,0.0
2023-11-16 09:30:00-05:00,1.5199999809265137,1.5199999809265137,1.4800000190734863,1.4800000190734863,2178,0.0,0.0
2023-11-16 10:30:00-05:00,1.4000999927520752,1.4000999927520752,1.4000999927520752,1.4000999927520752,232,0.0,0.0
2023-11-16 11:30:00-05:00,1.4500000476837158,1.4500000476837158,1.4500000476837158,1.4500000476837158,653,0.0,0.0
2023-11-16 12:30:00-05:00,1.4299999475479126,1.4900000095367432,1.4199999570846558,1.4900000095367432,868,0.0,0.0
2023-11-16 13:30:00-05:00,1.4800000190734863,1.4800000190734863,1.4800000190734863,1.4800000190734863,241,0.0,0.0
2023-11-16 14:30:00-05:00,1.4800000190734863,1.4800000190734863,1.440000057220459,1.4500000476837158,1276,0.0,0.0
2023-11-16 15:30:00-05:00,1.4800000190734863,1.5099999904632568,1.4800000190734863,1.4800000190734863,0,0.0,0.0
2023-11-17 09:30:00-05:00,1.4819999933242798,1.4900000095367432,1.399999976158142,1.399999976158142,5603,0.0,0.0
2023-11-17 10:30:00-05:00,1.4600000381469727,1.4600000381469727,1.440000057220459,1.440000057220459,1098,0.0,0.0
2023-11-17 11:30:00-05:00,1.5,1.5800000429153442,1.496000051498413,1.5499999523162842,16156,0.0,0.0
2023-11-17 12:30:00-05:00,1.5299999713897705,1.600000023841858,1.5297000408172607,1.600000023841858,11799,0.0,0.0
2023-11-17 13:30:00-05:00,1.6581000089645386,1.749899983406067,1.600000023841858,1.6100000143051147,13805,0.0,0.0
2023-11-17 14:30:00-05:00,1.6200000047683716,1.6964999437332153,1.6200000047683716,1.690000057220459,2231,0.0,0.0
2023-11-17 15:30:00-05:00,1.7000000476837158,1.7000000476837158,1.690000057220459,1.690000057220459,1286,0.0,0.0
2023-11-20 09:30:00-05:00,1.7100000381469727,1.9199999570846558,1.1985000371932983,1.2201000452041626,3580449,0.0,0.0
2023-11-20 10:30:00-05:00,1.2300000190734863,1.253499984741211,1.190000057220459,1.2000000476837158,222607,0.0,0.0
2023-11-20 11:30:00-05:00,1.190000057220459,1.2599999904632568,1.1399999856948853,1.2400000095367432,182605,0.0,0.0
2023-11-20 12:30:00-05:00,1.2350000143051147,1.25,1.1998000144958496,1.2400000095367432,79170,0.0,0.0
2023-11-20 13:30:00-05:00,1.25,1.2599999904632568,1.180999994277954,1.2197999954223633,118069,0.0,0.0
2023-11-20 14:30:00-05:00,1.218400001525879,1.2999999523162842,1.2100000381469727,1.2899999618530273,79536,0.0,0.0
2023-11-20 15:30:00-05:00,1.2900999784469604,1.399999976158142,1.25,1.3601000308990479,166922,0.0,0.0
2023-11-21 09:30:00-05:00,1.2400000095367432,1.2400000095367432,1.1399999856948853,1.1399999856948853,192861,0.0,0.0
2023-11-21 10:30:00-05:00,1.149999976158142,1.149999976158142,1.059999942779541,1.129699945449829,94652,0.0,0.0
2023-11-21 11:30:00-05:00,1.1201000213623047,1.1799999475479126,1.1200000047683716,1.1200000047683716,14915,0.0,0.0
2023-11-21 12:30:00-05:00,1.149999976158142,1.1589000225067139,1.1201000213623047,1.1201000213623047,4741,0.0,0.0
2023-11-21 13:30:00-05:00,1.1201000213623047,1.1398999691009521,1.0801000595092773,1.089900016784668,48651,0.0,0.0
2023-11-21 14:30:00-05:00,1.0898000001907349,1.1200000047683716,1.0700000524520874,1.0700000524520874,42824,0.0,0.0
2023-11-21 15:30:00-05:00,1.0700000524520874,1.100000023841858,1.0600999593734741,1.090000033378601,0,0.0,0.0
2023-11-22 09:30:00-05:00,1.0800000429153442,1.0800000429153442,0.9900000095367432,0.9939000010490417,114015,0.0,0.0
2023-11-22 10:30:00-05:00,0.9900000095367432,1.0199999809265137,0.9900000095367432,1.0049999952316284,13762,0.0,0.0
2023-11-22 11:30:00-05:00,1.0049999952316284,1.0099999904632568,1.0,1.0,10987,0.0,0.0
2023-11-22 12:30:00-05:00,1.0098999738693237,1.0099999904632568,1.0,1.0098999738693237,4113,0.0,0.0
2023-11-22 13:30:00-05:00,1.007599949836731,1.0499999523162842,1.0,1.0499999523162842,26892,0.0,0.0
2023-11-22 14:30:00-05:00,1.0499999523162842,1.0800000429153442,1.0400999784469604,1.0750000476837158,18193,0.0,0.0
2023-11-22 15:30:00-05:00,1.070099949836731,1.070099949836731,1.0399999618530273,1.0499999523162842,10485,0.0,0.0
2023-11-24 09:30:00-05:00,1.1100000143051147,1.1100000143051147,1.0360000133514404,1.0399999618530273,15281,0.0,0.0
2023-11-24 10:30:00-05:00,1.0499999523162842,1.0700000524520874,1.0,1.0299999713897705,12243,0.0,0.0
2023-11-24 11:30:00-05:00,1.0299999713897705,1.0399999618530273,1.0202000141143799,1.0399999618530273,5254,0.0,0.0
2023-11-24 12:30:00-05:00,1.0299999713897705,1.0326999425888062,1.0199999809265137,1.0326999425888062,0,0.0,0.0
2023-11-27 09:30:00-05:00,0.9900000095367432,1.0299999713897705,0.9603000283241272,1.0299999713897705,34912,0.0,0.0
2023-11-27 10:30:00-05:00,1.0299999713897705,1.0299999713897705,0.9900000095367432,1.0299999713897705,3812,0.0,0.0
2023-11-27 11:30:00-05:00,1.000100016593933,1.0199999809265137,1.0,1.0199999809265137,5044,0.0,0.0
2023-11-27 12:30:00-05:00,1.0199999809265137,1.0199999809265137,0.9900000095367432,1.0199999809265137,7341,0.0,0.0
2023-11-27 13:30:00-05:00,1.0,1.0199999809265137,0.9900000095367432,1.0198999643325806,5446,0.0,0.0
2023-11-27 14:30:00-05:00,1.0199999809265137,1.0199999809265137,0.9898999929428101,0.9998000264167786,15130,0.0,0.0
2023-11-27 15:30:00-05:00,0.9950000047683716,1.0099999904632568,0.9950000047683716,1.0049999952316284,7583,0.0,0.0
2023-11-28 09:30:00-05:00,0.9700000286102295,1.0198999643325806,0.9700000286102295,0.9800999760627747,28972,0.0,0.0
2023-11-28 10:30:00-05:00,0.9973999857902527,1.0,0.9800000190734863,1.0,9125,0.0,0.0
2023-11-28 11:30:00-05:00,1.0,1.0099999904632568,0.9800999760627747,0.9800999760627747,2135,0.0,0.0
2023-11-28 12:30:00-05:00,0.9801999926567078,1.0199999809265137,0.9801999926567078,1.0199999809265137,17176,0.0,0.0
2023-11-28 13:30:00-05:00,1.0,1.0199999809265137,1.0,1.0199999809265137,11629,0.0,0.0
2023-11-28 14:30:00-05:00,1.0199999809265137,1.0399999618530273,1.000100016593933,1.0202000141143799,22472,0.0,0.0
2023-11-28 15:30:00-05:00,1.0399999618530273,1.0800000429153442,1.0118999481201172,1.0800000429153442,30893,0.0,0.0
2023-11-29 09:30:00-05:00,1.0800000429153442,1.090000033378601,1.0,1.030500054359436,43112,0.0,0.0
2023-11-29 10:30:00-05:00,1.0299999713897705,1.1299999952316284,1.0299999713897705,1.1100000143051147,22583,0.0,0.0
2023-11-29 11:30:00-05:00,1.1100000143051147,1.1299999952316284,1.0801000595092773,1.100100040435791,8026,0.0,0.0
2023-11-29 12:30:00-05:00,1.1299999952316284,1.149999976158142,1.1008000373840332,1.1299999952316284,25006,0.0,0.0
2023-11-29 13:30:00-05:00,1.1399999856948853,1.149999976158142,1.1200000047683716,1.125,28508,0.0,0.0
2023-11-29 14:30:00-05:00,1.125,1.25,1.1200000047683716,1.159999966621399,38675,0.0,0.0
2023-11-29 15:30:00-05:00,1.1660000085830688,1.190000057220459,1.1490000486373901,1.1699999570846558,41204,0.0,0.0
2023-11-30 09:30:00-05:00,1.1299999952316284,1.149999976158142,1.0800000429153442,1.1299999952316284,16361,0.0,0.0
2023-11-30 10:30:00-05:00,1.1101000308990479,1.1299999952316284,1.100000023841858,1.1299999952316284,4934,0.0,0.0
2023-11-30 11:30:00-05:00,1.1200000047683716,1.1699999570846558,1.1200000047683716,1.169700026512146,17620,0.0,0.0
2023-11-30 12:30:00-05:00,1.1699999570846558,1.1699999570846558,1.149999976158142,1.1699999570846558,807,0.0,0.0
2023-11-30 13:30:00-05:00,1.1699999570846558,1.1699999570846558,1.1404000520706177,1.1404000520706177,4413,0.0,0.0
2023-11-30 14:30:00-05:00,1.1699999570846558,1.1699999570846558,1.1399999856948853,1.1412999629974365,4462,0.0,0.0
2023-11-30 15:30:00-05:00,1.159999966621399,1.2200000286102295,1.1200000047683716,1.2100000381469727,37691,0.0,0.0
2023-12-01 09:30:00-05:00,1.2100000381469727,1.2100000381469727,1.149999976158142,1.149999976158142,12834,0.0,0.0
2023-12-01 10:30:00-05:00,1.1649999618530273,1.1649999618530273,1.1414999961853027,1.1414999961853027,2003,0.0,0.0
2023-12-01 11:30:00-05:00,1.1299999952316284,1.1359000205993652,1.100000023841858,1.1295000314712524,6069,0.0,0.0
2023-12-01 12:30:00-05:00,1.1398999691009521,1.1699999570846558,1.1100000143051147,1.149999976158142,34838,0.0,0.0
2023-12-01 13:30:00-05:00,1.149999976158142,1.149999976158142,1.1299999952316284,1.1299999952316284,938,0.0,0.0
2023-12-01 14:30:00-05:00,1.1298999786376953,1.1298999786376953,1.100000023841858,1.1167000532150269,15185,0.0,0.0
2023-12-01 15:30:00-05:00,1.1279000043869019,1.1399999856948853,1.100000023841858,1.125,29586,0.0,0.0
2023-12-04 09:30:00-05:00,1.1399999856948853,1.149999976158142,1.100000023841858,1.1026999950408936,12174,0.0,0.0
2023-12-04 10:30:00-05:00,1.1100000143051147,1.1200000047683716,1.100000023841858,1.1100000143051147,10659,0.0,0.0
2023-12-04 11:30:00-05:00,1.100000023841858,1.1100000143051147,1.0500999689102173,1.0500999689102173,24148,0.0,0.0
2023-12-04 12:30:00-05:00,1.0499999523162842,1.059999942779541,1.0199999809265137,1.0499999523162842,41763,0.0,0.0
2023-12-04 13:30:00-05:00,1.059999942779541,1.0700000524520874,1.0399999618530273,1.059999942779541,9410,0.0,0.0
2023-12-04 14:30:00-05:00,1.059999942779541,1.059999942779541,1.0299999713897705,1.0299999713897705,6098,0.0,0.0
2023-12-04 15:30:00-05:00,1.0399999618530273,1.0399999618530273,1.0299999713897705,1.0299999713897705,0,0.0,0.0
2023-12-05 09:30:00-05:00,1.0299999713897705,1.0499999523162842,1.0199999809265137,1.0499999523162842,6478,0.0,0.0
2023-12-05 10:30:00-05:00,1.0397000312805176,1.0499999523162842,1.0199999809265137,1.0334999561309814,12434,0.0,0.0
2023-12-05 11:30:00-05:00,1.034999966621399,1.034999966621399,1.024999976158142,1.024999976158142,4346,0.0,0.0
2023-12-05 12:30:00-05:00,1.024999976158142,1.0299999713897705,1.0099999904632568,1.0299999713897705,24657,0.0,0.0
2023-12-05 13:30:00-05:00,1.024899959564209,1.0547000169754028,1.0199999809265137,1.0547000169754028,2103,0.0,0.0
2023-12-05 14:30:00-05:00,1.0399999618530273,1.0399999618530273,1.0299999713897705,1.0398999452590942,1809,0.0,0.0
2023-12-05 15:30:00-05:00,1.0299999713897705,1.0299999713897705,1.0299999713897705,1.0299999713897705,557,0.0,0.0
2023-12-06 09:30:00-05:00,1.1100000143051147,1.1100000143051147,1.0199999809265137,1.0414999723434448,6863,0.0,0.0
2023-12-06 10:30:00-05:00,1.0358999967575073,1.059999942779541,1.0199999809265137,1.0399999618530273,22192,0.0,0.0
2023-12-06 11:30:00-05:00,1.0399999618530273,1.059999942779541,1.0399999618530273,1.0399999618530273,2888,0.0,0.0
2023-12-06 12:30:00-05:00,1.0498000383377075,1.059999942779541,1.0498000383377075,1.0499000549316406,6340,0.0,0.0
2023-12-06 13:30:00-05:00,1.0484999418258667,1.0532000064849854,1.0300999879837036,1.0532000064849854,1400,0.0,0.0
2023-12-06 14:30:00-05:00,1.0400999784469604,1.0400999784469604,1.0199999809265137,1.0399999618530273,9127,0.0,0.0
2023-12-06 15:30:00-05:00,1.0299999713897705,1.0800000429153442,1.0299999713897705,1.059999942779541,0,0.0,0.0
2023-12-07 09:30:00-05:00,1.100000023841858,1.1441999673843384,1.0700000524520874,1.100000023841858,61895,0.0,0.0
2023-12-07 10:30:00-05:00,1.0986000299453735,1.1299999952316284,1.0700000524520874,1.1198999881744385,14598,0.0,0.0
2023-12-07 11:30:00-05:00,1.0877000093460083,1.1008000373840332,1.0807000398635864,1.100000023841858,15856,0.0,0.0
2023-12-07 12:30:00-05:00,1.1100000143051147,1.1100000143051147,1.0786000490188599,1.0994999408721924,2644,0.0,0.0
2023-12-07 13:30:00-05:00,1.0800000429153442,1.097599983215332,1.0800000429153442,1.0922000408172607,3145,0.0,0.0
2023-12-07 14:30:00-05:00,1.090000033378601,1.090000033378601,1.090000033378601,1.090000033378601,9687,0.0,0.0
2023-12-07 15:30:00-05:00,1.0901000499725342,1.1100000143051147,1.0901000499725342,1.1100000143051147,0,0.0,0.0
2023-12-08 09:30:00-05:00,1.1100000143051147,1.1101000308990479,1.0700000524520874,1.1088000535964966,13472,0.0,0.0
2023-12-08 10:30:00-05:00,1.0700000524520874,1.100000023841858,1.0700000524520874,1.090000033378601,1149,0.0,0.0
2023-12-08 11:30:00-05:00,1.0989999771118164,1.0989999771118164,1.0326999425888062,1.0326999425888062,10598,0.0,0.0
2023-12-08 12:30:00-05:00,1.0599000453948975,1.0800000429153442,1.0499999523162842,1.0800000429153442,11699,0.0,0.0
2023-12-08 13:30:00-05:00,1.0770000219345093,1.0782999992370605,1.0299999713897705,1.0749000310897827,7458,0.0,0.0
2023-12-08 14:30:00-05:00,1.065000057220459,1.100000023841858,1.0499999523162842,1.0750000476837158,13333,0.0,0.0
2023-12-08 15:30:00-05:00,1.0700000524520874,1.100000023841858,1.0615999698638916,1.0700000524520874,8313,0.0,0.0
2023-12-11 09:30:00-05:00,1.0499999523162842,1.0499999523162842,1.0,1.024999976158142,179839,0.0,0.0
2023-12-11 10:30:00-05:00,1.024999976158142,1.0398999452590942,1.0,1.0199999809265137,34495,0.0,0.0
2023-12-11 11:30:00-05:00,1.0099999904632568,1.0399999618530273,1.0,1.0099999904632568,37851,0.0,0.0
2023-12-11 12:30:00-05:00,1.0286999940872192,1.0342999696731567,1.0099999904632568,1.0199999809265137,3474,0.0,0.0
2023-12-11 13:30:00-05:00,1.0299999713897705,1.0299999713897705,1.0099999904632568,1.0099999904632568,9754,0.0,0.0
2023-12-11 14:30:00-05:00,1.0198999643325806,1.0199999809265137,1.0015000104904175,1.0099999904632568,17453,0.0,0.0
2023-12-11 15:30:00-05:00,1.0099999904632568,1.0199999809265137,1.0,1.0,0,0.0,0.0
2023-12-12 09:30:00-05:00,1.0199999809265137,1.0261000394821167,0.9661999940872192,0.9749000072479248,16213,0.0,0.0
2023-12-12 10:30:00-05:00,0.9900000095367432,1.0099999904632568,0.9750000238418579,0.9900000095367432,15256,0.0,0.0
2023-12-12 11:30:00-05:00,0.9900000095367432,1.0199999809265137,0.9800000190734863,0.9901999831199646,14862,0.0,0.0
2023-12-12 12:30:00-05:00,1.0099999904632568,1.0099999904632568,1.0,1.0,1831,0.0,0.0
2023-12-12 13:30:00-05:00,1.0,1.0099999904632568,0.9778000116348267,0.9778000116348267,9085,0.0,0.0
2023-12-12 14:30:00-05:00,1.0099999904632568,1.0099999904632568,0.9934999942779541,1.0,2150,0.0,0.0
2023-12-12 15:30:00-05:00,1.0,1.0199999809265137,0.9900000095367432,1.0198999643325806,6208,0.0,0.0
2023-12-13 09:30:00-05:00,1.0,1.0198999643325806,0.9800999760627747,0.9800999760627747,14651,0.0,0.0
2023-12-13 10:30:00-05:00,1.0199999809265137,1.0199999809265137,1.0,1.0,808,0.0,0.0
2023-12-13 11:30:00-05:00,1.0099999904632568,1.0099999904632568,0.9800999760627747,1.0017999410629272,3060,0.0,0.0
2023-12-13 12:30:00-05:00,1.0098999738693237,1.0098999738693237,0.981594979763031,0.981594979763031,543,0.0,0.0
2023-12-13 13:30:00-05:00,0.9800999760627747,1.0099999904632568,0.9606000185012817,0.9634000062942505,13109,0.0,0.0
2023-12-13 14:30:00-05:00,0.964900016784668,1.0049999952316284,0.9602530002593994,1.0049999952316284,11762,0.0,0.0
2023-12-13 15:30:00-05:00,0.9901000261306763,1.0299999713897705,0.9901000261306763,1.0299999713897705,1552,0.0,0.0
2023-12-14 09:30:00-05:00,1.0199999809265137,1.0999000072479248,1.0,1.0571999549865723,24726,0.0,0.0
2023-12-14 10:30:00-05:00,1.059999942779541,1.059999942779541,1.0199999809265137,1.0399999618530273,2721,0.0,0.0
2023-12-14 11:30:00-05:00,1.0399999618530273,1.0499999523162842,1.0099999904632568,1.049299955368042,20420,0.0,0.0
2023-12-14 12:30:00-05:00,1.0382000207901,1.0382000207901,1.0382000207901,1.0382000207901,1754,0.0,0.0
2023-12-14 13:30:00-05:00,1.0472999811172485,1.0499999523162842,1.0299999713897705,1.0399999618530273,19629,0.0,0.0
2023-12-14 14:30:00-05:00,1.0499999523162842,1.0499999523162842,1.0288000106811523,1.0288000106811523,12941,0.0,0.0
2023-12-14 15:30:00-05:00,1.0199999809265137,1.0299999713897705,1.0199999809265137,1.0299999713897705,6679,0.0,0.0
2023-12-15 09:30:00-05:00,1.0399999618530273,1.059999942779541,0.9848999977111816,1.0499999523162842,14111,0.0,0.0
2023-12-15 10:30:00-05:00,1.0399999618530273,1.0399999618530273,1.0398999452590942,1.0398999452590942,5361,0.0,0.0
2023-12-15 11:30:00-05:00,1.0161000490188599,1.0199999809265137,1.000100016593933,1.0003000497817993,2013,0.0,0.0
2023-12-15 12:30:00-05:00,1.0195000171661377,1.0195000171661377,1.0,1.0152000188827515,3480,0.0,0.0
2023-12-15 13:30:00-05:00,1.0199999809265137,1.0199999809265137,1.0020999908447266,1.0099999904632568,969,0.0,0.0
2023-12-15 14:30:00-05:00,1.0003000497817993,1.0199999809265137,1.0,1.0,7677,0.0,0.0
2023-12-15 15:30:00-05:00,1.0,1.0099999904632568,1.0,1.0099999904632568,2984,0.0,0.0
2023-12-18 09:30:00-05:00,1.0199999809265137,1.0354000329971313,1.0099999904632568,1.0199999809265137,9354,0.0,0.0
2023-12-18 10:30:00-05:00,1.0099999904632568,1.0099999904632568,1.0,1.0099999904632568,2163,0.0,0.0
2023-12-18 11:30:00-05:00,1.0099999904632568,1.0199999809265137,1.0049999952316284,1.016700029373169,6153,0.0,0.0
2023-12-18 12:30:00-05:00,1.0199999809265137,1.0199999809265137,0.9800000190734863,1.0,23479,0.0,0.0
2023-12-18 13:30:00-05:00,0.9900000095367432,0.9900000095367432,0.9800000190734863,0.9836999773979187,8283,0.0,0.0
2023-12-18 14:30:00-05:00,0.9818000197410583,0.9900000095367432,0.9800000190734863,0.9900000095367432,4895,0.0,0.0
2023-12-18 15:30:00-05:00,0.9800000190734863,0.9800000190734863,0.9607009887695312,0.9799000024795532,9820,0.0,0.0
2023-12-19 09:30:00-05:00,0.9700000286102295,1.0,0.9700000286102295,1.0,8233,0.0,0.0
2023-12-19 10:30:00-05:00,0.9800000190734863,0.994700014591217,0.9700000286102295,0.987500011920929,8844,0.0,0.0
2023-12-19 11:30:00-05:00,0.9883000254631042,1.0,0.9800000190734863,1.0,3372,0.0,0.0
2023-12-19 12:30:00-05:00,1.0,1.0,0.9800000190734863,0.9800000190734863,1577,0.0,0.0
2023-12-19 13:30:00-05:00,0.9800999760627747,0.9800999760627747,0.9800000190734863,0.9800000190734863,1193,0.0,0.0
2023-12-19 14:30:00-05:00,0.9900000095367432,1.0099999904632568,0.9800000190734863,0.9800000190734863,13273,0.0,0.0
2023-12-19 15:30:00-05:00,0.9800000190734863,0.9825000166893005,0.9200000166893005,0.9610000252723694,16338,0.0,0.0
2023-12-20 09:30:00-05:00,1.0,1.0,0.9599999785423279,0.9674999713897705,6171,0.0,0.0
2023-12-20 10:30:00-05:00,0.9674999713897705,0.9900000095367432,0.949999988079071,0.949999988079071,24731,0.0,0.0
2023-12-20 11:30:00-05:00,0.949999988079071,0.949999988079071,0.9240000247955322,0.9412000179290771,11366,0.0,0.0
2023-12-20 12:30:00-05:00,0.9401000142097473,0.949999988079071,0.9401000142097473,0.949999988079071,6307,0.0,0.0
2023-12-20 13:30:00-05:00,0.949999988079071,0.949999988079071,0.8700000047683716,0.9369000196456909,56443,0.0,0.0
2023-12-20 14:30:00-05:00,0.9300000071525574,0.9369999766349792,0.8600000143051147,0.8600000143051147,24963,0.0,0.0
2023-12-20 15:30:00-05:00,0.8600000143051147,0.8716999888420105,0.84170001745224,0.84170001745224,16280,0.0,0.0
2023-12-21 09:30:00-05:00,0.8920999765396118,0.9697999954223633,0.8799999952316284,0.9100000262260437,60323,0.0,0.0
2023-12-21 10:30:00-05:00,0.9150009751319885,0.9298999905586243,0.910099983215332,0.9298999905586243,9153,0.0,0.0
2023-12-21 11:30:00-05:00,0.9199000000953674,0.9298999905586243,0.9199000000953674,0.9298999905586243,5355,0.0,0.0
2023-12-21 12:30:00-05:00,0.9110999703407288,0.9298999905586243,0.9100000262260437,0.910099983215332,9121,0.0,0.0
2023-12-21 13:30:00-05:00,0.9100000262260437,0.9200000166893005,0.9068999886512756,0.9068999886512756,3208,0.0,0.0
2023-12-21 14:30:00-05:00,0.9070000052452087,0.9300000071525574,0.8999999761581421,0.8999999761581421,5113,0.0,0.0
2023-12-21 15:30:00-05:00,0.9200000166893005,0.9424999952316284,0.8999999761581421,0.8999999761581421,0,0.0,0.0
2023-12-22 09:30:00-05:00,0.9100000262260437,0.9222000241279602,0.8999999761581421,0.9041000008583069,13162,0.0,0.0
2023-12-22 10:30:00-05:00,0.9241999983787537,0.9241999983787537,0.8862000107765198,0.8862000107765198,9039,0.0,0.0
2023-12-22 11:30:00-05:00,0.8799999952316284,0.9081000089645386,0.8799999952316284,0.8956000208854675,18722,0.0,0.0
2023-12-22 12:30:00-05:00,0.8990499973297119,0.9081000089645386,0.8936200141906738,0.9049999713897705,3670,0.0,0.0
2023-12-22 13:30:00-05:00,0.9015499949455261,0.9027000069618225,0.9003000259399414,0.9027000069618225,3691,0.0,0.0
2023-12-22 14:30:00-05:00,0.8899999856948853,0.8999999761581421,0.8840000033378601,0.8912000060081482,7373,0.0,0.0
2023-12-22 15:30:00-05:00,0.8924000263214111,0.8999999761581421,0.8901000022888184,0.8999999761581421,5264,0.0,0.0
2023-12-26 09:30:00-05:00,0.9243000149726868,0.949999988079071,0.8799999952316284,0.9018999934196472,16029,0.0,0.0
2023-12-26 10:30:00-05:00,0.9004999995231628,0.9004999995231628,0.8671000003814697,0.8725000023841858,10904,0.0,0.0
2023-12-26 11:30:00-05:00,0.8762999773025513,0.8999999761581421,0.8725000023841858,0.8799999952316284,4854,0.0,0.0
2023-12-26 12:30:00-05:00,0.8833000063896179,0.8898000121116638,0.8809000253677368,0.8898000121116638,1282,0.0,0.0
2023-12-26 14:30:00-05:00,0.8999999761581421,0.8999999761581421,0.8860999941825867,0.8998000025749207,6029,0.0,0.0
2023-12-26 15:30:00-05:00,0.8929499983787537,0.9009000062942505,0.8917999863624573,0.9009000062942505,0,0.0,0.0
2023-12-27 09:30:00-05:00,0.9010000228881836,0.9190000295639038,0.8809000253677368,0.9190000295639038,9342,0.0,0.0
2023-12-27 11:30:00-05:00,0.9190000295639038,0.9190000295639038,0.861299991607666,0.861299991607666,20430,0.0,0.0
2023-12-27 12:30:00-05:00,0.861299991607666,0.8899000287055969,0.861299991607666,0.8799989819526672,7270,0.0,0.0
2023-12-27 13:30:00-05:00,0.8920999765396118,0.8925009965896606,0.8920999765396118,0.8925009965896606,1589,0.0,0.0
2023-12-27 14:30:00-05:00,0.895048975944519,0.8978999853134155,0.8851000070571899,0.8866000175476074,10085,0.0,0.0
2023-12-27 15:30:00-05:00,0.885699987411499,0.8950999975204468,0.8849999904632568,0.8849999904632568,0,0.0,0.0
2023-12-28 09:30:00-05:00,0.8799999952316284,0.9200000166893005,0.8709999918937683,0.8921999931335449,8666,0.0,0.0
2023-12-28 10:30:00-05:00,0.9010009765625,0.9100000262260437,0.8909000158309937,0.8909000158309937,2692,0.0,0.0
2023-12-28 11:30:00-05:00,0.8920000195503235,0.9200000166893005,0.8845000267028809,0.8881000280380249,16978,0.0,0.0
2023-12-28 12:30:00-05:00,0.8946999907493591,0.9100000262260437,0.8799999952316284,0.8799999952316284,9893,0.0,0.0
2023-12-28 13:30:00-05:00,0.9130849838256836,0.9130849838256836,0.9130849838256836,0.9130849838256836,484,0.0,0.0
2023-12-28 14:30:00-05:00,0.9050009846687317,0.9050009846687317,0.8899999856948853,0.8899999856948853,3065,0.0,0.0
2023-12-28 15:30:00-05:00,0.9100000262260437,0.9192000031471252,0.8899999856948853,0.8899999856948853,0,0.0,0.0
2023-12-29 09:30:00-05:00,0.9049999713897705,0.9700000286102295,0.9049999713897705,0.9257509708404541,35136,0.0,0.0
2023-12-29 10:30:00-05:00,0.925000011920929,0.9599999785423279,0.9200000166893005,0.9580000042915344,4391,0.0,0.0
2023-12-29 11:30:00-05:00,0.9516000151634216,0.9599999785423279,0.8899999856948853,0.9002000093460083,17041,0.0,0.0
2023-12-29 12:30:00-05:00,0.9210000038146973,0.9210000038146973,0.8903999924659729,0.8984040021896362,2113,0.0,0.0
2023-12-29 13:30:00-05:00,0.890500009059906,0.9164000153541565,0.8733999729156494,0.875,26282,0.0,0.0
2023-12-29 14:30:00-05:00,0.8849999904632568,0.9142990112304688,0.875,0.8801010251045227,12348,0.0,0.0
2023-12-29 15:30:00-05:00,0.8960000276565552,0.8960000276565552,0.8899999856948853,0.8899999856948853,3853,0.0,0.0
2024-01-02 09:30:00-05:00,0.9240000247955322,0.9545999765396118,0.8824999928474426,0.8999999761581421,15341,0.0,0.0
2024-01-02 10:30:00-05:00,0.8999999761581421,0.9466000199317932,0.8999999761581421,0.9300000071525574,26259,0.0,0.0
2024-01-02 11:30:00-05:00,0.9466000199317932,0.9466000199317932,0.9399999976158142,0.9399999976158142,7666,0.0,0.0
2024-01-02 12:30:00-05:00,0.9496999979019165,0.9498000144958496,0.9300000071525574,0.9300000071525574,4533,0.0,0.0
2024-01-02 13:30:00-05:00,0.9398000240325928,0.9398000240325928,0.9300000071525574,0.9304999709129333,6564,0.0,0.0
2024-01-02 14:30:00-05:00,0.9304999709129333,0.9384999871253967,0.9193000197410583,0.9193000197410583,4413,0.0,0.0
2024-01-02 15:30:00-05:00,0.9200000166893005,0.9200000166893005,0.9200000166893005,0.9200000166893005,0,0.0,0.0
2024-01-03 09:30:00-05:00,0.9243000149726868,0.9399999976158142,0.8899999856948853,0.9252009987831116,33598,0.0,0.0
2024-01-03 10:30:00-05:00,0.9336000084877014,0.9399999976158142,0.9240000247955322,0.9240000247955322,6950,0.0,0.0
2024-01-03 11:30:00-05:00,0.9100000262260437,0.9100000262260437,0.9100000262260437,0.9100000262260437,2032,0.0,0.0
2024-01-03 12:30:00-05:00,0.9200000166893005,0.9301000237464905,0.9200000166893005,0.9301000237464905,2722,0.0,0.0
2024-01-03 13:30:00-05:00,0.9200000166893005,0.9399999976158142,0.9200000166893005,0.9300000071525574,860,0.0,0.0
2024-01-03 14:30:00-05:00,0.9399999976158142,0.9399999976158142,0.9200000166893005,0.9200000166893005,5328,0.0,0.0
2024-01-03 15:30:00-05:00,0.9322999715805054,0.9399999976158142,0.9160799980163574,0.9300000071525574,12006,0.0,0.0
2024-01-04 09:30:00-05:00,0.9399999976158142,0.9399999976158142,0.9194999933242798,0.9200000166893005,9924,0.0,0.0
2024-01-04 10:30:00-05:00,0.9300000071525574,0.9399999976158142,0.9200000166893005,0.9200000166893005,3998,0.0,0.0
2024-01-04 11:30:00-05:00,0.9399999976158142,0.9399999976158142,0.9300000071525574,0.9399999976158142,2032,0.0,0.0
2024-01-04 12:30:00-05:00,0.9399999976158142,0.9399999976158142,0.9100000262260437,0.9399999976158142,14290,0.0,0.0
2024-01-04 13:30:00-05:00,0.9399999976158142,0.9399999976158142,0.9200000166893005,0.9399999976158142,3190,0.0,0.0
2024-01-04 14:30:00-05:00,0.9399999976158142,0.9399999976158142,0.9300000071525574,0.9399999976158142,2751,0.0,0.0
2024-01-04 15:30:00-05:00,0.9399999976158142,0.9771000146865845,0.9200000166893005,0.9467999935150146,15448,0.0,0.0
2024-01-05 09:30:00-05:00,0.9950000047683716,0.9950000047683716,0.9200999736785889,0.9261000156402588,2323,0.0,0.0
2024-01-05 10:30:00-05:00,0.9800000190734863,0.9800000190734863,0.9521999955177307,0.9599999785423279,1630,0.0,0.0
2024-01-05 12:30:00-05:00,0.9599999785423279,0.9599999785423279,0.9300000071525574,0.9319999814033508,7480,0.0,0.0
2024-01-05 13:30:00-05:00,0.9449999928474426,0.9449999928474426,0.9449999928474426,0.9449999928474426,2229,0.0,0.0
2024-01-05 14:30:00-05:00,0.9520000219345093,0.9520000219345093,0.9300000071525574,0.9305999875068665,3737,0.0,0.0
2024-01-05 15:30:00-05:00,0.949999988079071,0.9700000286102295,0.949999988079071,0.949999988079071,6243,0.0,0.0
2024-01-08 09:30:00-05:00,0.949999988079071,0.949999988079071,0.9100000262260437,0.9100000262260437,2837,0.0,0.0
2024-01-08 10:30:00-05:00,0.9489719867706299,0.9699000120162964,0.921500027179718,0.921500027179718,2596,0.0,0.0
2024-01-08 12:30:00-05:00,0.9660999774932861,0.9898999929428101,0.953499972820282,0.9898999929428101,16931,0.0,0.0
2024-01-08 13:30:00-05:00,0.9800000190734863,0.9970999956130981,0.9782999753952026,0.9901000261306763,32226,0.0,0.0
2024-01-08 14:30:00-05:00,0.9901000261306763,0.9934999942779541,0.9900000095367432,0.9901000261306763,5466,0.0,0.0
2024-01-08 15:30:00-05:00,0.9900000095367432,0.9969000220298767,0.9800000190734863,0.9900000095367432,0,0.0,0.0
2024-01-09 09:30:00-05:00,0.989799976348877,0.9970999956130981,0.9772989749908447,0.9970999956130981,6028,0.0,0.0
2024-01-09 10:30:00-05:00,0.9900000095367432,0.9900000095367432,0.9900000095367432,0.9900000095367432,525,0.0,0.0
2024-01-09 11:30:00-05:00,0.9898999929428101,0.9900000095367432,0.9599999785423279,0.9900000095367432,3102,0.0,0.0
2024-01-09 12:30:00-05:00,0.9890000224113464,0.9900000095367432,0.9749990105628967,0.9900000095367432,563,0.0,0.0
2024-01-09 13:30:00-05:00,0.9599999785423279,0.9900000095367432,0.9599999785423279,0.9900000095367432,7891,0.0,0.0
2024-01-09 14:30:00-05:00,0.9868999719619751,0.9868999719619751,0.9868999719619751,0.9868999719619751,255,0.0,0.0
2024-01-09 15:30:00-05:00,0.9898999929428101,0.9898999929428101,0.9650499820709229,0.9800000190734863,0,0.0,0.0
2024-01-10 09:30:00-05:00,0.9599999785423279,0.9970999956130981,0.949999988079071,0.9970999956130981,21521,0.0,0.0
2024-01-10 10:30:00-05:00,0.9969000220298767,0.9969000220298767,0.9700000286102295,0.9725000262260437,26929,0.0,0.0
2024-01-10 11:30:00-05:00,0.965399980545044,0.965399980545044,0.9649999737739563,0.9649999737739563,4942,0.0,0.0
2024-01-10 12:30:00-05:00,0.9649999737739563,0.9650999903678894,0.9599999785423279,0.9599999785423279,7096,0.0,0.0
2024-01-10 13:30:00-05:00,0.960099995136261,0.9735999703407288,0.949999988079071,0.9735999703407288,3565,0.0,0.0
2024-01-10 14:30:00-05:00,0.9750000238418579,0.9973000288009644,0.9700000286102295,0.9768000245094299,17665,0.0,0.0
2024-01-10 15:30:00-05:00,0.9836000204086304,0.9887999892234802,0.9836000204086304,0.9887999892234802,0,0.0,0.0
2024-01-11 09:30:00-05:00,0.996999979019165,0.996999979019165,0.949999988079071,0.9767000079154968,6152,0.0,0.0
2024-01-11 10:30:00-05:00,0.9667500257492065,0.9667500257492065,0.9564999938011169,0.9564999938011169,734,0.0,0.0
2024-01-11 11:30:00-05:00,0.949999988079071,0.9549999833106995,0.9300000071525574,0.9549999833106995,9522,0.0,0.0
2024-01-11 12:30:00-05:00,0.949999988079071,0.949999988079071,0.9399999976158142,0.9495999813079834,2232,0.0,0.0
2024-01-11 13:30:00-05:00,0.9440000057220459,0.9440000057220459,0.9440000057220459,0.9440000057220459,208,0.0,0.0
2024-01-11 14:30:00-05:00,0.9401000142097473,0.9438999891281128,0.9300000071525574,0.9394000172615051,32111,0.0,0.0
2024-01-11 15:30:00-05:00,0.939300000667572,0.939300000667572,0.9300000071525574,0.9300000071525574,0,0.0,0.0
2024-01-12 09:30:00-05:00,0.9800000190734863,0.9969000220298767,0.9399999976158142,0.9532319903373718,2950,0.0,0.0
2024-01-12 10:30:00-05:00,0.949999988079071,0.9933000206947327,0.9399999976158142,0.9399999976158142,8100,0.0,0.0
2024-01-12 11:30:00-05:00,0.9799000024795532,0.9799000024795532,0.949999988079071,0.9700000286102295,922,0.0,0.0
2024-01-12 12:30:00-05:00,0.9768000245094299,0.9768000245094299,0.9768000245094299,0.9768000245094299,330,0.0,0.0
2024-01-12 13:30:00-05:00,0.960099995136261,0.960099995136261,0.960099995136261,0.960099995136261,200,0.0,0.0
2024-01-12 14:30:00-05:00,0.9697999954223633,0.974399983882904,0.960099995136261,0.974399983882904,1381,0.0,0.0
2024-01-16 09:30:00-05:00,0.9700000286102295,0.9700000286102295,0.9580000042915344,0.9678000211715698,4101,0.0,0.0
2024-01-16 10:30:00-05:00,0.964801013469696,0.9695000052452087,0.9599999785423279,0.9599999785423279,5997,0.0,0.0
2024-01-16 11:30:00-05:00,0.9599999785423279,0.960099995136261,0.9309999942779541,0.9309999942779541,11667,0.0,0.0
2024-01-16 12:30:00-05:00,0.9599000215530396,0.9599000215530396,0.9599000215530396,0.9599000215530396,215,0.0,0.0
2024-01-16 13:30:00-05:00,0.9309999942779541,0.9398000240325928,0.9309999942779541,0.9336000084877014,2034,0.0,0.0
2024-01-16 14:30:00-05:00,0.9330000281333923,0.9394000172615051,0.9330000281333923,0.9387999773025513,1141,0.0,0.0
2024-01-16 15:30:00-05:00,0.9350000023841858,0.9387000203132629,0.9330000281333923,0.9330000281333923,0,0.0,0.0
2024-01-17 09:30:00-05:00,0.9300000071525574,0.9300000071525574,0.8799999952316284,0.892799973487854,10360,0.0,0.0
2024-01-17 10:30:00-05:00,0.9246000051498413,0.9246000051498413,0.8801000118255615,0.8876000046730042,6088,0.0,0.0
2024-01-17 11:30:00-05:00,0.8837000131607056,0.9102429747581482,0.8801000118255615,0.8801000118255615,5843,0.0,0.0
2024-01-17 13:30:00-05:00,0.882099986076355,0.9300000071525574,0.882099986076355,0.9300000071525574,10219,0.0,0.0
2024-01-17 14:30:00-05:00,0.9100000262260437,0.9100000262260437,0.8899999856948853,0.8899999856948853,2014,0.0,0.0
2024-01-17 15:30:00-05:00,0.890500009059906,0.9300000071525574,0.890500009059906,0.9300000071525574,0,0.0,0.0
2024-01-18 09:30:00-05:00,0.90829998254776,0.9179999828338623,0.8999999761581421,0.9179999828338623,1200,0.0,0.0
2024-01-18 10:30:00-05:00,0.8999999761581421,0.9300000071525574,0.8999999761581421,0.9300000071525574,2159,0.0,0.0
2024-01-18 11:30:00-05:00,0.8999999761581421,0.8999999761581421,0.8999999761581421,0.8999999761581421,130,0.0,0.0
2024-01-18 12:30:00-05:00,0.9300000071525574,0.9300000071525574,0.9100000262260437,0.9300000071525574,1604,0.0,0.0
2024-01-18 13:30:00-05:00,0.8999999761581421,0.8999999761581421,0.8999999761581421,0.8999999761581421,338,0.0,0.0
2024-01-18 14:30:00-05:00,0.9100000262260437,0.9100000262260437,0.9100000262260437,0.9100000262260437,0,0.0,0.0
2024-01-19 09:30:00-05:00,0.9049999713897705,0.9049999713897705,0.8899999856948853,0.8899999856948853,2886,0.0,0.0
2024-01-19 10:30:00-05:00,0.90829998254776,0.9083999991416931,0.90829998254776,0.9083999991416931,709,0.0,0.0
2024-01-19 11:30:00-05:00,0.8971999883651733,0.9093000292778015,0.8849999904632568,0.8849999904632568,4098,0.0,0.0
2024-01-19 12:30:00-05:00,0.894599974155426,0.894599974155426,0.8849999904632568,0.894599974155426,2538,0.0,0.0
2024-01-19 13:30:00-05:00,0.8920000195503235,0.8999999761581421,0.8920000195503235,0.8999999761581421,761,0.0,0.0
2024-01-19 14:30:00-05:00,0.8899999856948853,0.8899999856948853,0.8899999856948853,0.8899999856948853,1096,0.0,0.0
2024-01-19 15:30:00-05:00,0.8870000243186951,0.8870000243186951,0.8870000243186951,0.8870000243186951,257,0.0,0.0
2024-01-22 09:30:00-05:00,0.8999000191688538,0.9150000214576721,0.8989999890327454,0.9150000214576721,5072,0.0,0.0
2024-01-22 10:30:00-05:00,0.9209060072898865,0.9209060072898865,0.8999999761581421,0.8999999761581421,1255,0.0,0.0
2024-01-22 11:30:00-05:00,0.9104999899864197,0.9104999899864197,0.9104999899864197,0.9104999899864197,151,0.0,0.0
2024-01-22 12:30:00-05:00,0.8999999761581421,0.8999999761581421,0.8906000256538391,0.8906000256538391,3860,0.0,0.0
2024-01-22 13:30:00-05:00,0.8949999809265137,0.8949999809265137,0.8949999809265137,0.8949999809265137,265,0.0,0.0
2024-01-22 14:30:00-05:00,0.8992999792098999,0.8992999792098999,0.8946999907493591,0.8991000056266785,1246,0.0,0.0
2024-01-22 15:30:00-05:00,0.8899999856948853,0.8999999761581421,0.8899999856948853,0.8999999761581421,1944,0.0,0.0
2024-01-23 09:30:00-05:00,0.9300000071525574,0.9300000071525574,0.8899999856948853,0.8999999761581421,9033,0.0,0.0
2024-01-23 10:30:00-05:00,0.899399995803833,0.899399995803833,0.899399995803833,0.899399995803833,200,0.0,0.0
2024-01-23 11:30:00-05:00,0.8948000073432922,0.8948000073432922,0.8799999952316284,0.8849490284919739,8299,0.0,0.0
2024-01-23 12:30:00-05:00,0.8849490284919739,0.8899000287055969,0.8799999952316284,0.8898000121116638,7497,0.0,0.0
2024-01-23 13:30:00-05:00,0.8799999952316284,0.8799999952316284,0.8799999952316284,0.8799999952316284,799,0.0,0.0
2024-01-23 14:30:00-05:00,0.8801010251045227,0.8888999819755554,0.8801010251045227,0.8888999819755554,1743,0.0,0.0
2024-01-23 15:30:00-05:00,0.8805000185966492,0.8999999761581421,0.8805000185966492,0.8999999761581421,4906,0.0,0.0
2024-01-24 09:30:00-05:00,0.8999999761581421,0.9049999713897705,0.8899999856948853,0.8899999856948853,2811,0.0,0.0
2024-01-24 10:30:00-05:00,0.8899999856948853,0.8999999761581421,0.8799999952316284,0.8848999738693237,3954,0.0,0.0
2024-01-24 11:30:00-05:00,0.8847000002861023,0.8847000002861023,0.8799999952316284,0.8799999952316284,1419,0.0,0.0
2024-01-24 12:30:00-05:00,0.8890990018844604,0.8998990058898926,0.8890990018844604,0.8899999856948853,5547,0.0,0.0
2024-01-24 13:30:00-05:00,0.8998000025749207,0.8999999761581421,0.8996989727020264,0.8999999761581421,4214,0.0,0.0
2024-01-24 14:30:00-05:00,0.9000999927520752,0.9194999933242798,0.9000999927520752,0.9194999933242798,3813,0.0,0.0
2024-01-24 15:30:00-05:00,0.8999999761581421,0.9196000099182129,0.8999999761581421,0.9196000099182129,0,0.0,0.0
2024-01-25 09:30:00-05:00,0.9196000099182129,0.9298999905586243,0.8999999761581421,0.9196000099182129,1674,0.0,0.0
2024-01-25 10:30:00-05:00,0.9101999998092651,0.9101999998092651,0.8999999761581421,0.9000999927520752,2342,0.0,0.0
2024-01-25 11:30:00-05:00,0.9276000261306763,0.9276000261306763,0.9276000261306763,0.9276000261306763,120,0.0,0.0
2024-01-25 12:30:00-05:00,0.9232249855995178,0.9232249855995178,0.9050999879837036,0.9050999879837036,3932,0.0,0.0
2024-01-25 14:30:00-05:00,0.9050999879837036,0.9050999879837036,0.8999999761581421,0.9050999879837036,5628,0.0,0.0
2024-01-25 15:30:00-05:00,0.9050999879837036,0.9050999879837036,0.8999999761581421,0.9050999879837036,0,0.0,0.0
2024-01-26 09:30:00-05:00,0.9300000071525574,0.9300000071525574,0.9100000262260437,0.9100000262260437,1170,0.0,0.0
2024-01-26 10:30:00-05:00,0.9219989776611328,0.9221000075340271,0.9187999963760376,0.9200000166893005,2837,0.0,0.0
2024-01-26 11:30:00-05:00,0.9150999784469604,0.9150999784469604,0.9101009964942932,0.9101009964942932,427,0.0,0.0
2024-01-26 12:30:00-05:00,0.9100000262260437,0.9100000262260437,0.7400000095367432,0.824999988079071,62930,0.0,0.0
2024-01-26 13:30:00-05:00,0.8199999928474426,0.8511999845504761,0.8100000023841858,0.8178989887237549,9282,0.0,0.0
2024-01-26 14:30:00-05:00,0.8178989887237549,0.8413000106811523,0.8100000023841858,0.8149999976158142,5602,0.0,0.0
2024-01-26 15:30:00-05:00,0.8281490206718445,0.8413000106811523,0.8100000023841858,0.8100000023841858,7850,0.0,0.0
2024-01-29 09:30:00-05:00,0.8399999737739563,0.8574000000953674,0.8397989869117737,0.8500000238418579,2144,0.0,0.0
2024-01-29 10:30:00-05:00,0.8572999835014343,0.8700000047683716,0.8572999835014343,0.8700000047683716,3773,0.0,0.0
2024-01-29 11:30:00-05:00,0.8799999952316284,0.8899999856948853,0.8450000286102295,0.8450999855995178,6825,0.0,0.0
2024-01-29 12:30:00-05:00,0.8690000176429749,0.8700000047683716,0.8690000176429749,0.8700000047683716,2757,0.0,0.0
2024-01-29 13:30:00-05:00,0.8700000047683716,0.8999999761581421,0.8700000047683716,0.8999000191688538,2396,0.0,0.0
2024-01-29 14:30:00-05:00,0.8889999985694885,0.8889999985694885,0.8799999952316284,0.8799999952316284,1887,0.0,0.0
2024-01-29 15:30:00-05:00,0.8650000095367432,0.8700000047683716,0.8600999712944031,0.8700000047683716,0,0.0,0.0
2024-01-30 09:30:00-05:00,0.8700000047683716,0.8999999761581421,0.8700000047683716,0.8999999761581421,4766,0.0,0.0
2024-01-30 10:30:00-05:00,0.8899999856948853,0.8983650207519531,0.8700000047683716,0.8700000047683716,2249,0.0,0.0
2024-01-30 11:30:00-05:00,0.8700000047683716,0.8899999856948853,0.8700000047683716,0.8700000047683716,2790,0.0,0.0
2024-01-30 12:30:00-05:00,0.8960000276565552,0.8960000276565552,0.8684009909629822,0.8784999847412109,1896,0.0,0.0
2024-01-30 13:30:00-05:00,0.8968999981880188,0.8968999981880188,0.8774999976158142,0.8774999976158142,1370,0.0,0.0
2024-01-30 14:30:00-05:00,0.8946499824523926,0.8946499824523926,0.8600999712944031,0.8700000047683716,994,0.0,0.0
2024-01-30 15:30:00-05:00,0.8700000047683716,0.8799999952316284,0.8600000143051147,0.8726000189781189,4760,0.0,0.0
2024-01-31 09:30:00-05:00,0.8899999856948853,0.8899999856948853,0.8600999712944031,0.8610000014305115,1277,0.0,0.0
2024-01-31 10:30:00-05:00,0.8698999881744385,0.8698999881744385,0.8610000014305115,0.8610000014305115,714,0.0,0.0
2024-01-31 12:30:00-05:00,0.8619999885559082,0.8999999761581421,0.8619999885559082,0.8999999761581421,1017,0.0,0.0
2024-01-31 13:30:00-05:00,0.8799999952316284,0.8799999952316284,0.8799999952316284,0.8799999952316284,293,0.0,0.0
2024-01-31 14:30:00-05:00,0.8799999952316284,0.8799999952316284,0.8610000014305115,0.8610000014305115,1075,0.0,0.0
2024-01-31 15:30:00-05:00,0.8610000014305115,0.8610000014305115,0.8600000143051147,0.8600000143051147,0,0.0,0.0
2024-02-01 09:30:00-05:00,0.8999999761581421,0.8999999761581421,0.8600000143051147,0.8809999823570251,4015,0.0,0.0
2024-02-01 11:30:00-05:00,0.8610000014305115,0.8715999722480774,0.8600000143051147,0.8715999722480774,1050,0.0,0.0
2024-02-01 12:30:00-05:00,0.8999999761581421,0.8999999761581421,0.8700000047683716,0.8700000047683716,3090,0.0,0.0
2024-02-01 14:30:00-05:00,0.8701009750366211,0.8701009750366211,0.8701009750366211,0.8701009750366211,356,0.0,0.0
2024-02-01 15:30:00-05:00,0.8999999761581421,0.8999999761581421,0.8712000250816345,0.8712000250816345,0,0.0,0.0
2024-02-02 09:30:00-05:00,0.8815000057220459,0.9300000071525574,0.8715000152587891,0.8715000152587891,2666,0.0,0.0
2024-02-02 10:30:00-05:00,0.9044470191001892,0.9044470191001892,0.8751009702682495,0.8751009702682495,373,0.0,0.0
2024-02-02 11:30:00-05:00,0.8899999856948853,0.8899999856948853,0.8835999965667725,0.8835999965667725,1914,0.0,0.0
2024-02-02 12:30:00-05:00,0.8759999871253967,0.8759999871253967,0.8759999871253967,0.8759999871253967,397,0.0,0.0
2024-02-02 14:30:00-05:00,0.8999999761581421,0.8999999761581421,0.875,0.875,1559,0.0,0.0
2024-02-02 15:30:00-05:00,0.9024999737739563,0.9024999737739563,0.875,0.875,2223,0.0,0.0
2024-02-05 09:30:00-05:00,0.8799999952316284,0.9200000166893005,0.8799999952316284,0.8799999952316284,1373,0.0,0.0
2024-02-05 10:30:00-05:00,0.8799999952316284,0.8899999856948853,0.875,0.8899999856948853,2920,0.0,0.0
2024-02-05 11:30:00-05:00,0.875,0.8901000022888184,0.875,0.8901000022888184,817,0.0,0.0
2024-02-05 12:30:00-05:00,0.882548987865448,0.882548987865448,0.882548987865448,0.882548987865448,202,0.0,0.0
2024-02-05 13:30:00-05:00,0.8996999859809875,0.8996999859809875,0.8752470016479492,0.8752470016479492,2380,0.0,0.0
2024-02-05 14:30:00-05:00,0.895799994468689,0.895799994468689,0.8700000047683716,0.8700000047683716,1157,0.0,0.0
2024-02-05 15:30:00-05:00,0.8996999859809875,0.8996999859809875,0.8690000176429749,0.8690000176429749,0,0.0,0.0
2024-02-06 09:30:00-05:00,0.8790000081062317,0.8899999856948853,0.8790000081062317,0.8899999856948853,702,0.0,0.0
2024-02-06 10:30:00-05:00,0.9097999930381775,0.9097999930381775,0.878000020980835,0.9000099897384644,4224,0.0,0.0
2024-02-06 12:30:00-05:00,0.9097989797592163,0.9097989797592163,0.890999972820282,0.890999972820282,1529,0.0,0.0
2024-02-06 13:30:00-05:00,0.9000009894371033,0.9000009894371033,0.8901010155677795,0.8901010155677795,1181,0.0,0.0
2024-02-06 14:30:00-05:00,0.9100000262260437,0.9100000262260437,0.9097999930381775,0.9097999930381775,762,0.0,0.0
2024-02-06 15:30:00-05:00,0.8914999961853027,0.9100000262260437,0.890999972820282,0.890999972820282,0,0.0,0.0
2024-02-07 09:30:00-05:00,0.9100000262260437,0.9100000262260437,0.875,0.8751009702682495,19391,0.0,0.0
2024-02-07 10:30:00-05:00,0.875,0.8999999761581421,0.8600000143051147,0.8600000143051147,12891,0.0,0.0
2024-02-07 11:30:00-05:00,0.8999999761581421,0.8999999761581421,0.8600000143051147,0.8799999952316284,4565,0.0,0.0
2024-02-07 12:30:00-05:00,0.8700000047683716,0.8784000277519226,0.8700000047683716,0.8784000277519226,252,0.0,0.0
2024-02-07 13:30:00-05:00,0.8968999981880188,0.8968999981880188,0.8799999952316284,0.8809999823570251,5311,0.0,0.0
2024-02-07 15:30:00-05:00,0.8831999897956848,0.8831999897956848,0.8831999897956848,0.8831999897956848,0,0.0,0.0
2024-02-08 09:30:00-05:00,0.8700000047683716,0.9100000262260437,0.8700000047683716,0.8700000047683716,4064,0.0,0.0
2024-02-08 11:30:00-05:00,0.925000011920929,0.925000011920929,0.9248999953269958,0.9248999953269958,1048,0.0,0.0
2024-02-08 12:30:00-05:00,0.8799999952316284,0.925000011920929,0.8799999952316284,0.8799999952316284,2070,0.0,0.0
2024-02-08 13:30:00-05:00,0.925000011920929,0.9369000196456909,0.9149500131607056,0.9149500131607056,4322,0.0,0.0
2024-02-08 14:30:00-05:00,0.8901000022888184,0.949999988079071,0.8901000022888184,0.9399999976158142,2095,0.0,0.0
2024-02-08 15:30:00-05:00,0.9327999949455261,0.9399999976158142,0.9200000166893005,0.9399999976158142,0,0.0,0.0
2024-02-09 09:30:00-05:00,0.9300000071525574,0.9300000071525574,0.8600000143051147,0.8800010085105896,3936,0.0,0.0
2024-02-09 11:30:00-05:00,0.890999972820282,0.890999972820282,0.8909000158309937,0.8909000158309937,1409,0.0,0.0
2024-02-09 12:30:00-05:00,0.9298999905586243,0.9298999905586243,0.8899999856948853,0.8899999856948853,436,0.0,0.0
2024-02-09 13:30:00-05:00,0.9100000262260437,0.9200999736785889,0.9100000262260437,0.9200999736785889,676,0.0,0.0
2024-02-09 14:30:00-05:00,0.8899999856948853,0.8899999856948853,0.8899999856948853,0.8899999856948853,506,0.0,0.0
2024-02-09 15:30:00-05:00,0.9200000166893005,0.9200000166893005,0.9190999865531921,0.9190999865531921,1123,0.0,0.0
2024-02-12 09:30:00-05:00,0.9800000190734863,0.9800000190734863,0.9300010204315186,0.949999988079071,2349,0.0,0.0
2024-02-12 10:30:00-05:00,0.9300000071525574,0.9305999875068665,0.9200999736785889,0.920199990272522,8435,0.0,0.0
2024-02-12 11:30:00-05:00,0.9298989772796631,0.9449999928474426,0.9200000166893005,0.9449999928474426,7978,0.0,0.0
2024-02-12 12:30:00-05:00,0.9399999976158142,0.9510170221328735,0.9300000071525574,0.9510170221328735,1247,0.0,0.0
2024-02-12 13:30:00-05:00,0.9300000071525574,0.9301000237464905,0.9200000166893005,0.9300000071525574,12800,0.0,0.0
2024-02-12 14:30:00-05:00,0.8999999761581421,0.9149540066719055,0.8999999761581421,0.9149540066719055,2719,0.0,0.0
2024-02-13 09:30:00-05:00,0.9200000166893005,0.9296000003814697,0.8799999952316284,0.9296000003814697,6316,0.0,0.0
2024-02-13 10:30:00-05:00,0.9047999978065491,0.916700005531311,0.8799999952316284,0.8983500003814697,2528,0.0,0.0
2024-02-13 11:30:00-05:00,0.9049999713897705,0.9166989922523499,0.8799999952316284,0.9166989922523499,1402,0.0,0.0
2024-02-13 12:30:00-05:00,0.9100000262260437,0.9100000262260437,0.9100000262260437,0.9100000262260437,1048,0.0,0.0
2024-02-13 13:30:00-05:00,0.9089999794960022,0.916700005531311,0.9089999794960022,0.916700005531311,731,0.0,0.0
2024-02-13 15:30:00-05:00,0.9090999960899353,0.9100000262260437,0.9089999794960022,0.9089999794960022,0,0.0,0.0
2024-02-14 09:30:00-05:00,0.949999988079071,0.9664999842643738,0.8700000047683716,0.8700000047683716,2701,0.0,0.0
2024-02-14 10:30:00-05:00,0.8999999761581421,0.8999999761581421,0.8999999761581421,0.8999999761581421,1287,0.0,0.0
2024-02-14 11:30:00-05:00,0.8901000022888184,0.8901000022888184,0.8799999952316284,0.8799999952316284,3191,0.0,0.0
2024-02-14 12:30:00-05:00,0.8999999761581421,0.8999999761581421,0.8899999856948853,0.8899999856948853,1203,0.0,0.0
2024-02-14 13:30:00-05:00,0.9100000262260437,0.9100000262260437,0.9100000262260437,0.9100000262260437,362,0.0,0.0
2024-02-14 14:30:00-05:00,0.8949999809265137,0.8949999809265137,0.8949999809265137,0.8949999809265137,291,0.0,0.0
2024-02-14 15:30:00-05:00,0.8799999952316284,0.9098989963531494,0.8799999952316284,0.8899999856948853,2159,0.0,0.0
2024-02-15 09:30:00-05:00,0.8820000290870667,0.9300000071525574,0.8799999952316284,0.8999999761581421,3968,0.0,0.0
2024-02-15 11:30:00-05:00,0.8899999856948853,0.9298999905586243,0.8799999952316284,0.8849999904632568,15533,0.0,0.0
2024-02-15 12:30:00-05:00,0.914546012878418,0.914546012878418,0.914546012878418,0.914546012878418,177,0.0,0.0
2024-02-15 13:30:00-05:00,0.8852999806404114,0.9247999787330627,0.8799999952316284,0.8799999952316284,5542,0.0,0.0
2024-02-15 14:30:00-05:00,0.891700029373169,0.9018759727478027,0.8600000143051147,0.8600999712944031,9967,0.0,0.0
2024-02-15 15:30:00-05:00,0.8600000143051147,0.9100000262260437,0.8600000143051147,0.8827999830245972,0,0.0,0.0
2024-02-16 09:30:00-05:00,0.9200000166893005,0.9298999905586243,0.8999999761581421,0.8999999761581421,1254,0.0,0.0
2024-02-16 11:30:00-05:00,0.9261999726295471,0.9261999726295471,0.8700000047683716,0.9200000166893005,1191,0.0,0.0
2024-02-16 12:30:00-05:00,0.8799999952316284,0.9200000166893005,0.8799999952316284,0.9200000166893005,2222,0.0,0.0
2024-02-16 13:30:00-05:00,0.8999999761581421,0.9200000166893005,0.8999999761581421,0.9200000166893005,1301,0.0,0.0
2024-02-16 14:30:00-05:00,0.9200000166893005,0.9200000166893005,0.8907999992370605,0.8907999992370605,1131,0.0,0.0
2024-02-16 15:30:00-05:00,0.8901000022888184,0.8901000022888184,0.8500000238418579,0.8500000238418579,11761,0.0,0.0
2024-02-20 09:30:00-05:00,0.8896999955177307,0.8999999761581421,0.8510000109672546,0.857699990272522,30022,0.0,0.0
2024-02-20 10:30:00-05:00,0.8998000025749207,0.8998000025749207,0.8659999966621399,0.8799999952316284,3044,0.0,0.0
2024-02-20 11:30:00-05:00,0.8730000257492065,0.8730000257492065,0.866100013256073,0.8661999702453613,8163,0.0,0.0
2024-02-20 12:30:00-05:00,0.870199978351593,0.875,0.8695250153541565,0.8695250153541565,4209,0.0,0.0
2024-02-20 13:30:00-05:00,0.8756999969482422,0.8799999952316284,0.8735499978065491,0.8799999952316284,1192,0.0,0.0
2024-02-20 14:30:00-05:00,0.8804000020027161,0.8913000226020813,0.8804000020027161,0.8913000226020813,2953,0.0,0.0
2024-02-20 15:30:00-05:00,0.8802000284194946,0.8999999761581421,0.8734999895095825,0.8999999761581421,1124,0.0,0.0
2024-02-21 09:30:00-05:00,0.8916000127792358,0.8999999761581421,0.8799999952316284,0.8799999952316284,2282,0.0,0.0
2024-02-21 10:30:00-05:00,0.8999000191688538,0.8999999761581421,0.8999000191688538,0.8999999761581421,1822,0.0,0.0
2024-02-21 11:30:00-05:00,0.9000999927520752,0.9000999927520752,0.8799999952316284,0.8801000118255615,3277,0.0,0.0
2024-02-21 12:30:00-05:00,0.8799999952316284,0.8812000155448914,0.8600000143051147,0.8600000143051147,2372,0.0,0.0
2024-02-21 13:30:00-05:00,0.8615999817848206,0.895799994468689,0.8615999817848206,0.895799994468689,1927,0.0,0.0
2024-02-21 14:30:00-05:00,0.8824989795684814,0.8824989795684814,0.8659999966621399,0.8659999966621399,758,0.0,0.0
2024-02-21 15:30:00-05:00,0.8650000095367432,0.8650000095367432,0.8650000095367432,0.8650000095367432,0,0.0,0.0
2024-02-22 10:30:00-05:00,0.8600000143051147,0.8999999761581421,0.8600000143051147,0.8999999761581421,2004,0.0,0.0
2024-02-22 11:30:00-05:00,0.875,0.8999999761581421,0.875,0.8999999761581421,405,0.0,0.0
2024-02-22 12:30:00-05:00,0.8999999761581421,0.8999999761581421,0.875,0.875,3440,0.0,0.0
2024-02-22 13:30:00-05:00,0.8999999761581421,0.8999999761581421,0.8989999890327454,0.8989999890327454,723,0.0,0.0
2024-02-22 14:30:00-05:00,0.8899000287055969,0.8999999761581421,0.8802099823951721,0.8999999761581421,3856,0.0,0.0
2024-02-22 15:30:00-05:00,0.8809999823570251,0.8999999761581421,0.8809999823570251,0.8809999823570251,0,0.0,0.0
2024-02-23 09:30:00-05:00,0.8999999761581421,0.8999999761581421,0.8809999823570251,0.8910009860992432,5267,0.0,0.0
2024-02-23 10:30:00-05:00,0.8999999761581421,0.8999999761581421,0.890999972820282,0.890999972820282,851,0.0,0.0
2024-02-23 11:30:00-05:00,0.8999000191688538,0.8999000191688538,0.8820000290870667,0.8960099816322327,787,0.0,0.0
2024-02-23 12:30:00-05:00,0.8809999823570251,0.8999999761581421,0.8809999823570251,0.8999999761581421,1324,0.0,0.0
2024-02-23 13:30:00-05:00,0.8902000188827515,0.8999999761581421,0.8809999823570251,0.8881000280380249,5880,0.0,0.0
2024-02-23 14:30:00-05:00,0.8902000188827515,0.8960000276565552,0.8901000022888184,0.8930000066757202,3852,0.0,0.0
2024-02-23 15:30:00-05:00,0.8902999758720398,0.8959000110626221,0.8773000240325928,0.8959000110626221,5436,0.0,0.0
2024-02-26 09:30:00-05:00,0.8859999775886536,0.9100000262260437,0.8859999775886536,0.8999999761581421,3541,0.0,0.0
2024-02-26 10:30:00-05:00,0.9100000262260437,0.9150000214576721,0.8799999952316284,0.8899999856948853,5639,0.0,0.0
2024-02-26 11:30:00-05:00,0.8837000131607056,0.8999999761581421,0.8799999952316284,0.8924999833106995,2342,0.0,0.0
2024-02-26 12:30:00-05:00,0.8924999833106995,0.914900004863739,0.8924999833106995,0.914900004863739,2583,0.0,0.0
2024-02-26 13:30:00-05:00,0.8999999761581421,0.9150000214576721,0.8999999761581421,0.9150000214576721,4102,0.0,0.0
2024-02-26 14:30:00-05:00,0.9150000214576721,0.9150000214576721,0.9010000228881836,0.9079999923706055,1438,0.0,0.0
2024-02-26 15:30:00-05:00,0.9032999873161316,0.9100000262260437,0.9032999873161316,0.9054999947547913,0,0.0,0.0
2024-02-27 09:30:00-05:00,0.9021999835968018,0.9150000214576721,0.8999999761581421,0.8999999761581421,2301,0.0,0.0
2024-02-27 10:30:00-05:00,0.9150000214576721,0.9150000214576721,0.9150000214576721,0.9150000214576721,815,0.0,0.0
2024-02-27 11:30:00-05:00,0.9225000143051147,0.9262999892234802,0.9225000143051147,0.9225000143051147,2258,0.0,0.0
2024-02-27 13:30:00-05:00,0.9200000166893005,0.9200000166893005,0.8999999761581421,0.8999999761581421,2473,0.0,0.0
2024-02-27 14:30:00-05:00,0.9099990129470825,0.9099990129470825,0.9099990129470825,0.9099990129470825,933,0.0,0.0
2024-02-27 15:30:00-05:00,0.9100000262260437,0.9100000262260437,0.8999999761581421,0.8999999761581421,0,0.0,0.0
2024-02-28 09:30:00-05:00,0.9200000166893005,0.9200000166893005,0.8999999761581421,0.9200000166893005,6327,0.0,0.0
2024-02-28 10:30:00-05:00,0.8901000022888184,0.8901000022888184,0.8901000022888184,0.8901000022888184,482,0.0,0.0
2024-02-28 11:30:00-05:00,0.9100000262260437,0.9200000166893005,0.8899999856948853,0.8899999856948853,4669,0.0,0.0
2024-02-28 12:30:00-05:00,0.8999999761581421,0.9200000166893005,0.8799999952316284,0.8799999952316284,5679,0.0,0.0
2024-02-28 13:30:00-05:00,0.8999999761581421,0.8999999761581421,0.8999999761581421,0.8999999761581421,254,0.0,0.0
2024-02-28 14:30:00-05:00,0.9000489711761475,0.9000489711761475,0.9000489711761475,0.9000489711761475,408,0.0,0.0
2024-02-28 15:30:00-05:00,0.9100000262260437,0.9100000262260437,0.9100000262260437,0.9100000262260437,100,0.0,0.0
2024-02-29 09:30:00-05:00,0.9399999976158142,0.9399999976158142,0.9000999927520752,0.9000999927520752,4027,0.0,0.0
2024-02-29 10:30:00-05:00,0.9200000166893005,0.9200000166893005,0.9200000166893005,0.9200000166893005,149,0.0,0.0
2024-02-29 11:30:00-05:00,0.9200000166893005,0.9200000166893005,0.9043999910354614,0.9162690043449402,2049,0.0,0.0
2024-02-29 12:30:00-05:00,0.9179999828338623,0.9399999976158142,0.916100025177002,0.9300000071525574,1968,0.0,0.0
2024-02-29 13:30:00-05:00,0.9300000071525574,0.9399999976158142,0.9200000166893005,0.9200000166893005,12303,0.0,0.0
2024-02-29 14:30:00-05:00,0.9200000166893005,0.9200000166893005,0.9160000085830688,0.9160000085830688,3247,0.0,0.0
2024-02-29 15:30:00-05:00,0.916100025177002,0.916100025177002,0.9079999923706055,0.916100025177002,0,0.0,0.0
2024-03-01 09:30:00-05:00,0.9399999976158142,0.9399999976158142,0.9100000262260437,0.9100000262260437,2297,0.0,0.0
2024-03-01 10:30:00-05:00,0.909500002861023,0.9399999976158142,0.9071000218391418,0.9399999976158142,1549,0.0,0.0
2024-03-01 11:30:00-05:00,0.9100000262260437,0.910099983215332,0.9021999835968018,0.9033640027046204,4282,0.0,0.0
2024-03-01 12:30:00-05:00,0.9021099805831909,0.9021099805831909,0.9021099805831909,0.9021099805831909,595,0.0,0.0
2024-03-01 13:30:00-05:00,0.9100000262260437,0.9100000262260437,0.9020000100135803,0.9020000100135803,752,0.0,0.0
2024-03-01 14:30:00-05:00,0.910099983215332,0.9399999976158142,0.910099983215332,0.9179999828338623,3405,0.0,0.0
2024-03-01 15:30:00-05:00,0.9179999828338623,0.9179999828338623,0.9179999828338623,0.9179999828338623,1031,0.0,0.0
2024-03-04 09:30:00-05:00,0.9567999839782715,0.9567999839782715,0.9100000262260437,0.9567999839782715,13096,0.0,0.0
2024-03-04 10:30:00-05:00,0.949999988079071,0.949999988079071,0.9232000112533569,0.9232000112533569,0,0.0,0.0
2024-03-04 11:30:00-05:00,0.9301000237464905,0.9355999827384949,0.9300000071525574,0.9300000071525574,728,0.0,0.0
2024-03-04 12:30:00-05:00,0.9300000071525574,0.9412999749183655,0.9300000071525574,0.9412999749183655,1511,0.0,0.0
2024-03-04 13:30:00-05:00,0.9419999718666077,0.9569000005722046,0.9401000142097473,0.9401999711990356,10432,0.0,0.0
2024-03-04 14:30:00-05:00,0.9401000142097473,0.9599999785423279,0.9401000142097473,0.9599999785423279,3536,0.0,0.0
2024-03-04 15:30:00-05:00,0.9624000191688538,0.9700000286102295,0.9506000280380249,0.9685159921646118,54227,0.0,0.0
2024-03-05 09:30:00-05:00,0.9800000190734863,1.0800000429153442,0.949999988079071,1.0449999570846558,62980,0.0,0.0
2024-03-05 10:30:00-05:00,1.0353000164031982,1.100000023841858,1.0299999713897705,1.0789999961853027,55522,0.0,0.0
2024-03-05 11:30:00-05:00,1.0699000358581543,1.2899999618530273,1.0499999523162842,1.149999976158142,168648,0.0,0.0
2024-03-05 12:30:00-05:00,1.156599998474121,1.249899983406067,1.100000023841858,1.1328999996185303,121364,0.0,0.0
2024-03-05 13:30:00-05:00,1.1593999862670898,1.159999966621399,1.1100000143051147,1.1399999856948853,43458,0.0,0.0
2024-03-05 14:30:00-05:00,1.1399999856948853,1.1699999570846558,1.100000023841858,1.1399999856948853,31341,0.0,0.0
2024-03-05 15:30:00-05:00,1.1399999856948853,1.1699999570846558,1.1100000143051147,1.1699999570846558,0,0.0,0.0
2024-03-06 09:30:00-05:00,1.2699999809265137,1.2699999809265137,1.1299999952316284,1.1299999952316284,181956,0.0,0.0
2024-03-06 10:30:00-05:00,1.1200000047683716,1.1799999475479126,1.1130000352859497,1.1699999570846558,0,0.0,0.0
2024-03-06 11:30:00-05:00,1.1574000120162964,1.1574000120162964,1.0514999628067017,1.100000023841858,16173,0.0,0.0
2024-03-06 12:30:00-05:00,1.117400050163269,1.1799999475479126,1.0800000429153442,1.0800000429153442,16997,0.0,0.0
2024-03-06 13:30:00-05:00,1.090399980545044,1.090399980545044,1.090399980545044,1.090399980545044,247,0.0,0.0
2024-03-06 14:30:00-05:00,1.0800000429153442,1.0989999771118164,1.0800000429153442,1.090000033378601,1131,0.0,0.0
2024-03-06 15:30:00-05:00,1.090000033378601,1.100000023841858,1.0800000429153442,1.100000023841858,90473,0.0,0.0
2024-03-07 09:30:00-05:00,1.0700000524520874,1.100000023841858,1.0199999809265137,1.0400999784469604,45132,0.0,0.0
2024-03-07 10:30:00-05:00,1.0494999885559082,1.0723999738693237,1.0099999904632568,1.0149999856948853,19608,0.0,0.0
2024-03-07 11:30:00-05:00,1.01010000705719,1.0199999809265137,1.0,1.0199999809265137,9625,0.0,0.0
2024-03-07 12:30:00-05:00,1.0,1.0290000438690186,1.0,1.0199999809265137,5286,0.0,0.0
2024-03-07 13:30:00-05:00,1.0199999809265137,1.0298999547958374,1.0199999809265137,1.0298999547958374,4397,0.0,0.0
2024-03-07 14:30:00-05:00,1.024999976158142,1.0399999618530273,1.0199999809265137,1.0299999713897705,30439,0.0,0.0
2024-03-07 15:30:00-05:00,1.0374000072479248,1.059999942779541,1.0374000072479248,1.059999942779541,0,0.0,0.0
2024-03-08 09:30:00-05:00,1.1100000143051147,1.149999976158142,1.059999942779541,1.149999976158142,19550,0.0,0.0
2024-03-08 10:30:00-05:00,1.1371999979019165,1.2024999856948853,1.1349999904632568,1.190000057220459,23222,0.0,0.0
2024-03-08 11:30:00-05:00,1.1622999906539917,1.190000057220459,1.1200000047683716,1.1200000047683716,25697,0.0,0.0
2024-03-08 12:30:00-05:00,1.1301000118255615,1.1799999475479126,1.1299999952316284,1.1299999952316284,10301,0.0,0.0
2024-03-08 13:30:00-05:00,1.13100004196167,1.1694999933242798,1.1299999952316284,1.1690000295639038,5762,0.0,0.0
2024-03-08 14:30:00-05:00,1.159999966621399,1.1699999570846558,1.149999976158142,1.1649999618530273,4692,0.0,0.0
2024-03-08 15:30:00-05:00,1.1699999570846558,1.1699999570846558,1.159999966621399,1.159999966621399,17351,0.0,0.0
2024-03-11 09:30:00-04:00,1.1799999475479126,1.2400000095367432,1.1799999475479126,1.2100000381469727,15700,0.0,0.0
2024-03-11 10:30:00-04:00,1.2199000120162964,1.2199000120162964,1.159999966621399,1.1693999767303467,11515,0.0,0.0
2024-03-11 11:30:00-04:00,1.1649999618530273,1.1649999618530273,1.159999966621399,1.159999966621399,374,0.0,0.0
2024-03-11 12:30:00-04:00,1.159999966621399,1.1699999570846558,1.149999976158142,1.1567000150680542,9589,0.0,0.0
2024-03-11 13:30:00-04:00,1.149999976158142,1.159999966621399,1.149999976158142,1.1598999500274658,6320,0.0,0.0
2024-03-11 14:30:00-04:00,1.159999966621399,1.1699999570846558,1.1549999713897705,1.1699999570846558,2444,0.0,0.0
2024-03-11 15:30:00-04:00,1.1699999570846558,1.190000057220459,1.159999966621399,1.190000057220459,6613,0.0,0.0
2024-03-12 09:30:00-04:00,1.2200000286102295,1.2200000286102295,1.1200000047683716,1.1200000047683716,15977,0.0,0.0
2024-03-12 10:30:00-04:00,1.1299999952316284,1.1692999601364136,1.1100000143051147,1.1201000213623047,8634,0.0,0.0
2024-03-12 11:30:00-04:00,1.1299999952316284,1.1299999952316284,1.1299999952316284,1.1299999952316284,452,0.0,0.0
2024-03-12 12:30:00-04:00,1.1201000213623047,1.1298999786376953,1.1100000143051147,1.1298999786376953,5586,0.0,0.0
2024-03-12 13:30:00-04:00,1.1100000143051147,1.1100000143051147,1.0901000499725342,1.0907000303268433,8039,0.0,0.0
2024-03-12 14:30:00-04:00,1.090000033378601,1.1200000047683716,1.0637999773025513,1.1200000047683716,14092,0.0,0.0
2024-03-12 15:30:00-04:00,1.1100000143051147,1.1100000143051147,1.059999942779541,1.059999942779541,7216,0.0,0.0
2024-03-13 09:30:00-04:00,1.100000023841858,1.100000023841858,1.0571999549865723,1.0571999549865723,14567,0.0,0.0
2024-03-13 10:30:00-04:00,1.089900016784668,1.089900016784668,1.0299999713897705,1.0299999713897705,14142,0.0,0.0
2024-03-13 11:30:00-04:00,1.0200999975204468,1.0499999523162842,0.949999988079071,1.0398999452590942,70662,0.0,0.0
2024-03-13 12:30:00-04:00,0.9800000190734863,1.0199999809265137,0.9800000190734863,1.0199999809265137,282,0.0,0.0
2024-03-13 13:30:00-04:00,0.9901000261306763,1.0398999452590942,0.9900000095367432,1.0398999452590942,1229,0.0,0.0
2024-03-13 14:30:00-04:00,1.0149999856948853,1.0299999713897705,0.9901000261306763,1.0149999856948853,3731,0.0,0.0
2024-03-13 15:30:00-04:00,1.000100016593933,1.0700000524520874,1.000100016593933,1.0700000524520874,6106,0.0,0.0
2024-03-14 09:30:00-04:00,1.0499999523162842,1.0499999523162842,0.9509999752044678,0.9898999929428101,30737,0.0,0.0
2024-03-14 10:30:00-04:00,0.9700000286102295,0.9900000095367432,0.9309999942779541,0.960099995136261,24787,0.0,0.0
2024-03-14 11:30:00-04:00,0.9825000166893005,0.9900000095367432,0.9649990200996399,0.9650009870529175,1843,0.0,0.0
2024-03-14 12:30:00-04:00,0.960099995136261,0.9700000286102295,0.9501000046730042,0.9700000286102295,13374,0.0,0.0
2024-03-14 13:30:00-04:00,0.9700000286102295,0.9700000286102295,0.9624090194702148,0.9699000120162964,20278,0.0,0.0
2024-03-14 14:30:00-04:00,0.9674999713897705,0.9699000120162964,0.9380000233650208,0.9399999976158142,10892,0.0,0.0
2024-03-14 15:30:00-04:00,0.9399999976158142,0.9700000286102295,0.9385280013084412,0.9699000120162964,13150,0.0,0.0
2024-03-15 09:30:00-04:00,0.9301000237464905,0.9700000286102295,0.9301000237464905,0.9505000114440918,16768,0.0,0.0
2024-03-15 10:30:00-04:00,0.9505000114440918,0.9700000286102295,0.949999988079071,0.9599999785423279,10179,0.0,0.0
2024-03-15 11:30:00-04:00,0.9699000120162964,0.9699000120162964,0.949999988079071,0.949999988079071,1964,0.0,0.0
2024-03-15 12:30:00-04:00,0.9700000286102295,0.9700000286102295,0.9700000286102295,0.9700000286102295,381,0.0,0.0
2024-03-15 13:30:00-04:00,0.9700000286102295,0.9700000286102295,0.949999988079071,0.949999988079071,1717,0.0,0.0
2024-03-15 14:30:00-04:00,0.9599999785423279,0.9700000286102295,0.9599999785423279,0.9700000286102295,2745,0.0,0.0
2024-03-15 15:30:00-04:00,0.9700000286102295,0.9700000286102295,0.9610999822616577,0.9610999822616577,2530,0.0,0.0
2024-03-18 09:30:00-04:00,0.9300000071525574,0.9700000286102295,0.9300000071525574,0.9700000286102295,7063,0.0,0.0
2024-03-18 10:30:00-04:00,0.9700000286102295,0.9700000286102295,0.9599999785423279,0.9700000286102295,1910,0.0,0.0
2024-03-18 11:30:00-04:00,0.9700000286102295,0.9700000286102295,0.9700000286102295,0.9700000286102295,656,0.0,0.0
2024-03-18 12:30:00-04:00,0.9599000215530396,0.9599000215530396,0.9571999907493591,0.9571999907493591,1733,0.0,0.0
2024-03-18 13:30:00-04:00,0.9571999907493591,0.9571999907493591,0.9550999999046326,0.9571999907493591,917,0.0,0.0
2024-03-18 14:30:00-04:00,0.9599999785423279,1.0149999856948853,0.9599999785423279,1.0,14748,0.0,0.0
2024-03-18 15:30:00-04:00,1.0190000534057617,1.0199999809265137,0.9961000084877014,1.0,5008,0.0,0.0
2024-03-19 09:30:00-04:00,0.9599999785423279,1.0,0.9599999785423279,0.9693999886512756,5336,0.0,0.0
2024-03-19 11:30:00-04:00,0.9620000123977661,0.9620000123977661,0.9620000123977661,0.9620000123977661,585,0.0,0.0
2024-03-19 12:30:00-04:00,0.9621000289916992,0.9825000166893005,0.9621000289916992,0.9825000166893005,764,0.0,0.0
2024-03-19 13:30:00-04:00,0.9983999729156494,1.0779999494552612,0.9900000095367432,1.0779999494552612,22078,0.0,0.0
2024-03-19 14:30:00-04:00,1.0499999523162842,1.0795999765396118,1.0199999809265137,1.0499999523162842,6219,0.0,0.0
2024-03-19 15:30:00-04:00,1.0499999523162842,1.059999942779541,1.0499999523162842,1.059999942779541,13134,0.0,0.0
2024-03-20 09:30:00-04:00,1.0399999618530273,1.100000023841858,1.0399999618530273,1.0499999523162842,25498,0.0,0.0
2024-03-20 10:30:00-04:00,1.0774999856948853,1.0774999856948853,1.0099999904632568,1.059999942779541,4232,0.0,0.0
2024-03-20 11:30:00-04:00,1.059499979019165,1.059999942779541,1.0199999809265137,1.0199999809265137,5533,0.0,0.0
2024-03-20 12:30:00-04:00,1.0299999713897705,1.0299999713897705,1.0,1.024999976158142,9326,0.0,0.0
2024-03-20 13:30:00-04:00,1.0110000371932983,1.0299999713897705,1.0099999904632568,1.0299999713897705,471,0.0,0.0
2024-03-20 14:30:00-04:00,1.0109000205993652,1.0399999618530273,1.0109000205993652,1.0399999618530273,2923,0.0,0.0
2024-03-20 15:30:00-04:00,1.0379999876022339,1.0399999618530273,1.0379999876022339,1.0399999618530273,8453,0.0,0.0
2024-03-21 09:30:00-04:00,1.0500999689102173,1.101699948310852,1.0500999689102173,1.0800000429153442,5930,0.0,0.0
2024-03-21 10:30:00-04:00,1.100000023841858,1.100000023841858,1.0499999523162842,1.0499999523162842,1918,0.0,0.0
2024-03-21 11:30:00-04:00,1.077299952507019,1.077299952507019,1.0399999618530273,1.0399999618530273,4344,0.0,0.0
2024-03-21 12:30:00-04:00,1.0399999618530273,1.0700000524520874,1.0299999713897705,1.0700000524520874,2192,0.0,0.0
2024-03-21 13:30:00-04:00,1.0399999618530273,1.0399999618530273,1.0399999618530273,1.0399999618530273,381,0.0,0.0
2024-03-21 14:30:00-04:00,1.0329999923706055,1.041599988937378,1.0299999713897705,1.041599988937378,2023,0.0,0.0
2024-03-21 15:30:00-04:00,1.0500999689102173,1.0700000524520874,1.0499999523162842,1.0499999523162842,4603,0.0,0.0
2024-03-22 09:30:00-04:00,1.0700000524520874,1.0700000524520874,1.0099999904632568,1.0199999809265137,6083,0.0,0.0
2024-03-22 11:30:00-04:00,1.0210000276565552,1.0210000276565552,1.0099999904632568,1.0199999809265137,3324,0.0,0.0
2024-03-22 12:30:00-04:00,1.0199999809265137,1.0199999809265137,1.0199999809265137,1.0199999809265137,331,0.0,0.0
2024-03-22 13:30:00-04:00,1.0140000581741333,1.0700000524520874,1.0099999904632568,1.0099999904632568,19321,0.0,0.0
2024-03-22 14:30:00-04:00,1.0199999809265137,1.0199999809265137,1.0199999809265137,1.0199999809265137,167,0.0,0.0
2024-03-22 15:30:00-04:00,1.0299999713897705,1.059999942779541,1.0299999713897705,1.059999942779541,1417,0.0,0.0
2024-03-25 09:30:00-04:00,1.059999942779541,1.065000057220459,1.0261000394821167,1.0399999618530273,19415,0.0,0.0
2024-03-25 10:30:00-04:00,1.0499999523162842,1.0549999475479126,1.0499999523162842,1.0501999855041504,1997,0.0,0.0
2024-03-25 11:30:00-04:00,1.059999942779541,1.059999942779541,1.0399999618530273,1.0399999618530273,7768,0.0,0.0
2024-03-25 12:30:00-04:00,1.0399999618530273,1.0399999618530273,1.0,1.0,7115,0.0,0.0
2024-03-25 13:30:00-04:00,1.0290000438690186,1.0299999713897705,1.0,1.0194000005722046,17118,0.0,0.0
2024-03-25 14:30:00-04:00,1.0099999904632568,1.0099999904632568,1.0099999904632568,1.0099999904632568,213,0.0,0.0
2024-03-25 15:30:00-04:00,1.0198999643325806,1.0199999809265137,1.0099999904632568,1.0099999904632568,6649,0.0,0.0
2024-03-26 09:30:00-04:00,1.0,1.0399999618530273,0.9800000190734863,1.0,15865,0.0,0.0
2024-03-26 10:30:00-04:00,0.9800000190734863,1.0,0.9800000190734863,1.0,3081,0.0,0.0
2024-03-26 11:30:00-04:00,0.9950000047683716,0.9950000047683716,0.9900000095367432,0.9900000095367432,5646,0.0,0.0
2024-03-26 12:30:00-04:00,0.9800000190734863,0.9800999760627747,0.9800000190734863,0.9800000190734863,2573,0.0,0.0
2024-03-26 13:30:00-04:00,0.9800999760627747,0.9800999760627747,0.9535999894142151,0.9697999954223633,22502,0.0,0.0
2024-03-26 14:30:00-04:00,0.9699000120162964,0.9799000024795532,0.9696000218391418,0.9799000024795532,8573,0.0,0.0
2024-03-26 15:30:00-04:00,0.9799000024795532,0.9975000023841858,0.9790999889373779,0.995199978351593,8722,0.0,0.0
2024-03-27 09:30:00-04:00,0.9753000140190125,0.9753000140190125,0.9753000140190125,0.9753000140190125,1850,0.0,0.0
2024-03-27 10:30:00-04:00,0.9603999853134155,0.9800000190734863,0.9603999853134155,0.9800000190734863,757,0.0,0.0
2024-03-27 11:30:00-04:00,0.9850000143051147,0.9850000143051147,0.9850000143051147,0.9850000143051147,3075,0.0,0.0
2024-03-27 12:30:00-04:00,0.9700000286102295,1.0,0.9700000286102295,1.0,973,0.0,0.0
2024-03-27 13:30:00-04:00,1.0199999809265137,1.0299999713897705,1.0053999423980713,1.0099999904632568,7468,0.0,0.0
2024-03-27 14:30:00-04:00,1.0099999904632568,1.0099999904632568,1.0099999904632568,1.0099999904632568,552,0.0,0.0
2024-03-27 15:30:00-04:00,1.0499000549316406,1.0499999523162842,1.0199999809265137,1.0199999809265137,2500,0.0,0.0
2024-03-28 09:30:00-04:00,0.9800000190734863,1.0099999904632568,0.9800000190734863,0.9901000261306763,3716,0.0,0.0
2024-03-28 10:30:00-04:00,0.9901000261306763,0.9901000261306763,0.9800000190734863,0.9800000190734863,1418,0.0,0.0
2024-03-28 11:30:00-04:00,0.9951000213623047,0.9951000213623047,0.9900000095367432,0.9948999881744385,3227,0.0,0.0
2024-03-28 13:30:00-04:00,1.0,1.0,0.9961000084877014,0.9961000084877014,1556,0.0,0.0
2024-03-28 14:30:00-04:00,0.9997000098228455,1.0199999809265137,0.9997000098228455,1.0,4508,0.0,0.0
2024-03-28 15:30:00-04:00,1.0199999809265137,1.0199999809265137,1.0199999809265137,1.0199999809265137,2062,0.0,0.0
2024-04-01 09:30:00-04:00,0.9900000095367432,0.9900000095367432,0.9110000133514404,0.9110000133514404,86963,0.0,0.0
2024-04-01 10:30:00-04:00,0.9108999967575073,0.9108999967575073,0.875,0.875,26570,0.0,0.0
2024-04-01 11:30:00-04:00,0.8752999901771545,0.8799999952316284,0.8619999885559082,0.8799999952316284,29352,0.0,0.0
2024-04-01 12:30:00-04:00,0.8773999810218811,0.8799999952316284,0.8730000257492065,0.8798999786376953,29082,0.0,0.0
2024-04-01 13:30:00-04:00,0.8798999786376953,0.8801000118255615,0.8759999871253967,0.8801000118255615,2402,0.0,0.0
2024-04-01 14:30:00-04:00,0.8801000118255615,0.9110000133514404,0.8799999952316284,0.9010000228881836,21834,0.0,0.0
2024-04-01 15:30:00-04:00,0.9108999967575073,0.9108999967575073,0.8799999952316284,0.8799999952316284,1853,0.0,0.0
2024-04-02 09:30:00-04:00,0.8999999761581421,0.9300000071525574,0.8802000284194946,0.8899999856948853,44244,0.0,0.0
2024-04-02 10:30:00-04:00,0.9000999927520752,0.9000999927520752,0.8999999761581421,0.8999999761581421,2353,0.0,0.0
2024-04-02 11:30:00-04:00,0.9021999835968018,0.9021999835968018,0.9021999835968018,0.9021999835968018,431,0.0,0.0
2024-04-02 12:30:00-04:00,0.9089999794960022,0.9099000096321106,0.8999999761581421,0.9096999764442444,6163,0.0,0.0
2024-04-02 14:30:00-04:00,0.8999999761581421,0.9100000262260437,0.8950999975204468,0.9099000096321106,11622,0.0,0.0
2024-04-02 15:30:00-04:00,0.9093000292778015,0.9093000292778015,0.8935999870300293,0.9064000248908997,7007,0.0,0.0
2024-04-03 09:30:00-04:00,0.916100025177002,0.9398000240325928,0.916100025177002,0.9300000071525574,2970,0.0,0.0
2024-04-03 10:30:00-04:00,0.9125000238418579,0.9125000238418579,0.8949999809265137,0.8949999809265137,724,0.0,0.0
2024-04-03 11:30:00-04:00,0.8949999809265137,0.9247000217437744,0.8949999809265137,0.9247000217437744,1242,0.0,0.0
2024-04-03 13:30:00-04:00,0.8949999809265137,0.9199000000953674,0.8899999856948853,0.8899999856948853,5290,0.0,0.0
2024-04-03 14:30:00-04:00,0.8899999856948853,0.8999999761581421,0.8899999856948853,0.8999999761581421,8684,0.0,0.0
2024-04-03 15:30:00-04:00,0.8899999856948853,0.9061999917030334,0.8849999904632568,0.8849999904632568,1638,0.0,0.0
2024-04-04 09:30:00-04:00,0.9006999731063843,0.9300000071525574,0.8999999761581421,0.9289000034332275,12174,0.0,0.0
2024-04-04 10:30:00-04:00,0.925000011920929,0.9269999861717224,0.8999999761581421,0.9100000262260437,9015,0.0,0.0
2024-04-04 11:30:00-04:00,0.9100000262260437,0.9100000262260437,0.8949999809265137,0.8949999809265137,4049,0.0,0.0
2024-04-04 12:30:00-04:00,0.8999000191688538,0.8999999761581421,0.8901000022888184,0.8901000022888184,6089,0.0,0.0
2024-04-04 13:30:00-04:00,0.9200000166893005,0.9248999953269958,0.9049999713897705,0.9150999784469604,7212,0.0,0.0
2024-04-04 14:30:00-04:00,0.9150999784469604,0.925000011920929,0.9150999784469604,0.9190000295639038,5016,0.0,0.0
2024-04-04 15:30:00-04:00,0.9200000166893005,0.9200000166893005,0.8999999761581421,0.8999999761581421,3123,0.0,0.0
2024-04-05 09:30:00-04:00,0.9300000071525574,0.9300000071525574,0.9144999980926514,0.9144999980926514,6653,0.0,0.0
2024-04-05 11:30:00-04:00,0.9125000238418579,0.9289000034332275,0.9125000238418579,0.9289000034332275,519,0.0,0.0
2024-04-05 12:30:00-04:00,0.9200999736785889,0.9289000034332275,0.8849999904632568,0.888700008392334,40543,0.0,0.0
2024-04-05 13:30:00-04:00,0.8901000022888184,0.8901000022888184,0.8901000022888184,0.8901000022888184,457,0.0,0.0
2024-04-05 14:30:00-04:00,0.9298999905586243,0.9298999905586243,0.8910999894142151,0.8913999795913696,7575,0.0,0.0
2024-04-05 15:30:00-04:00,0.8910999894142151,0.8910999894142151,0.8849999904632568,0.8851000070571899,3823,0.0,0.0
2024-04-08 09:30:00-04:00,0.8799999952316284,0.9300000071525574,0.8798999786376953,0.9222000241279602,24191,0.0,0.0
2024-04-08 10:30:00-04:00,0.9300000071525574,0.9300000071525574,0.914900004863739,0.9300000071525574,7800,0.0,0.0
2024-04-08 11:30:00-04:00,0.8898000121116638,0.8898000121116638,0.8799999952316284,0.886900007724762,7374,0.0,0.0
2024-04-08 12:30:00-04:00,0.8899999856948853,0.8899999856948853,0.8899999856948853,0.8899999856948853,4155,0.0,0.0
2024-04-08 13:30:00-04:00,0.8711000084877014,0.8711000084877014,0.8711000084877014,0.8711000084877014,567,0.0,0.0
2024-04-08 15:30:00-04:00,0.8899999856948853,0.8899999856948853,0.871999979019165,0.8799999952316284,7790,0.0,0.0
2024-04-09 09:30:00-04:00,0.9290000200271606,0.9290000200271606,0.8799999952316284,0.8799999952316284,10390,0.0,0.0
2024-04-09 10:30:00-04:00,0.8999999761581421,0.9279000163078308,0.8809999823570251,0.9279000163078308,11582,0.0,0.0
2024-04-09 11:30:00-04:00,0.9248999953269958,0.925000011920929,0.9248999953269958,0.925000011920929,401,0.0,0.0
2024-04-09 12:30:00-04:00,0.9125000238418579,0.9125000238418579,0.8999999761581421,0.8999999761581421,369,0.0,0.0
2024-04-09 13:30:00-04:00,0.8999999761581421,0.9132999777793884,0.8999999761581421,0.9132999777793884,3595,0.0,0.0
2024-04-10 09:30:00-04:00,0.8907999992370605,0.8907999992370605,0.8907999992370605,0.8907999992370605,376,0.0,0.0
2024-04-10 11:30:00-04:00,0.8907999992370605,0.8949999809265137,0.8907999992370605,0.8949999809265137,720,0.0,0.0
2024-04-10 12:30:00-04:00,0.9275000095367432,0.9275000095367432,0.9275000095367432,0.9275000095367432,215,0.0,0.0
2024-04-10 13:30:00-04:00,0.9243999719619751,0.9243999719619751,0.8801000118255615,0.8801000118255615,1346,0.0,0.0
2024-04-10 14:30:00-04:00,0.9021999835968018,0.9132999777793884,0.9021999835968018,0.9021999835968018,683,0.0,0.0
2024-04-10 15:30:00-04:00,0.8999999761581421,0.9071000218391418,0.8899999856948853,0.8899999856948853,2005,0.0,0.0
2024-04-11 09:30:00-04:00,0.9275000095367432,0.9275000095367432,0.9024999737739563,0.9024999737739563,5516,0.0,0.0
2024-04-11 10:30:00-04:00,0.8999999761581421,0.8999999761581421,0.8851000070571899,0.8851000070571899,206,0.0,0.0
2024-04-11 12:30:00-04:00,0.8934999704360962,0.8934999704360962,0.8934999704360962,0.8934999704360962,415,0.0,0.0
2024-04-11 14:30:00-04:00,0.8924999833106995,0.8924999833106995,0.8924999833106995,0.8924999833106995,2177,0.0,0.0
2024-04-12 09:30:00-04:00,0.8999999761581421,0.8999999761581421,0.8998000025749207,0.8998000025749207,3954,0.0,0.0
2024-04-12 10:30:00-04:00,0.8899999856948853,0.8899999856948853,0.8899999856948853,0.8899999856948853,934,0.0,0.0
2024-04-12 11:30:00-04:00,0.8809999823570251,0.8809999823570251,0.8809999823570251,0.8809999823570251,895,0.0,0.0
2024-04-12 12:30:00-04:00,0.8799999952316284,0.8801000118255615,0.8799999952316284,0.8799999952316284,4358,0.0,0.0
2024-04-12 13:30:00-04:00,0.8799999952316284,0.8801000118255615,0.8600999712944031,0.8698999881744385,3224,0.0,0.0
2024-04-12 14:30:00-04:00,0.8611000180244446,0.8611000180244446,0.8485000133514404,0.8500000238418579,18076,0.0,0.0
2024-04-12 15:30:00-04:00,0.8500000238418579,0.8500000238418579,0.8500000238418579,0.8500000238418579,1433,0.0,0.0
2024-04-15 09:30:00-04:00,0.8561999797821045,0.8801000118255615,0.8349999785423279,0.8349999785423279,30987,0.0,0.0
2024-04-15 10:30:00-04:00,0.8327000141143799,0.8549000024795532,0.8213000297546387,0.8549000024795532,12849,0.0,0.0
2024-04-15 11:30:00-04:00,0.8500000238418579,0.8500000238418579,0.7699999809265137,0.7699999809265137,19868,0.0,0.0
2024-04-15 12:30:00-04:00,0.7900000214576721,0.7900000214576721,0.7700999975204468,0.7799000144004822,4850,0.0,0.0
2024-04-15 13:30:00-04:00,0.7797999978065491,0.7797999978065491,0.75,0.75,17349,0.0,0.0
2024-04-15 14:30:00-04:00,0.7598000168800354,0.7598000168800354,0.7409999966621399,0.741100013256073,15265,0.0,0.0
2024-04-15 15:30:00-04:00,0.7409999966621399,0.741100013256073,0.7409999966621399,0.741100013256073,13439,0.0,0.0
2024-04-16 09:30:00-04:00,0.7409999966621399,0.8399999737739563,0.7409999966621399,0.7998999953269958,18878,0.0,0.0
2024-04-16 10:30:00-04:00,0.7699000239372253,0.7797999978065491,0.7699000239372253,0.7700999975204468,6013,0.0,0.0
2024-04-16 11:30:00-04:00,0.7699999809265137,0.7699999809265137,0.7699999809265137,0.7699999809265137,493,0.0,0.0
2024-04-16 12:30:00-04:00,0.7699000239372253,0.7699999809265137,0.7696999907493591,0.7699999809265137,6519,0.0,0.0
2024-04-16 13:30:00-04:00,0.7699999809265137,0.7699999809265137,0.7699000239372253,0.7699000239372253,5314,0.0,0.0
2024-04-16 14:30:00-04:00,0.7699999809265137,0.7699999809265137,0.7516000270843506,0.7516999840736389,10854,0.0,0.0
2024-04-16 15:30:00-04:00,0.7516999840736389,0.7623000144958496,0.7501999735832214,0.7623000144958496,6993,0.0,0.0
2024-04-17 09:30:00-04:00,0.7699999809265137,0.7699999809265137,0.7504000067710876,0.7504000067710876,1628,0.0,0.0
2024-04-17 10:30:00-04:00,0.7440000176429749,0.7440000176429749,0.7010999917984009,0.7010999917984009,22351,0.0,0.0
2024-04-17 11:30:00-04:00,0.7010999917984009,0.714900016784668,0.699999988079071,0.714900016784668,22777,0.0,0.0
2024-04-17 12:30:00-04:00,0.7300000190734863,0.7300000190734863,0.7200000286102295,0.7297000288963318,3750,0.0,0.0
2024-04-17 13:30:00-04:00,0.7250000238418579,0.7400000095367432,0.7250000238418579,0.7400000095367432,2450,0.0,0.0
2024-04-17 14:30:00-04:00,0.7398999929428101,0.7400000095367432,0.7398999929428101,0.7400000095367432,397,0.0,0.0
2024-04-17 15:30:00-04:00,0.7261000275611877,0.7297999858856201,0.7261000275611877,0.7297999858856201,6006,0.0,0.0
2024-04-18 09:30:00-04:00,0.7099000215530396,0.7099000215530396,0.7020999789237976,0.7020999789237976,1318,0.0,0.0
2024-04-18 10:30:00-04:00,0.7099999785423279,0.7099999785423279,0.7010999917984009,0.7010999917984009,3847,0.0,0.0
2024-04-18 11:30:00-04:00,0.714900016784668,0.714900016784668,0.7021999955177307,0.7021999955177307,523,0.0,0.0
2024-04-18 12:30:00-04:00,0.7046999931335449,0.7200000286102295,0.7046999931335449,0.7200000286102295,1562,0.0,0.0
2024-04-18 14:30:00-04:00,0.7046999931335449,0.7046999931335449,0.6833000183105469,0.699999988079071,9808,0.0,0.0
2024-04-18 15:30:00-04:00,0.6998999714851379,0.6998999714851379,0.6852999925613403,0.6909999847412109,2841,0.0,0.0
2024-04-19 09:30:00-04:00,0.7139999866485596,0.7139999866485596,0.6951000094413757,0.6998000144958496,3506,0.0,0.0
2024-04-19 11:30:00-04:00,0.6991000175476074,0.6991000175476074,0.6991000175476074,0.6991000175476074,113,0.0,0.0
2024-04-19 12:30:00-04:00,0.6991000175476074,0.6991000175476074,0.6949999928474426,0.6949999928474426,1289,0.0,0.0
2024-04-19 13:30:00-04:00,0.6909999847412109,0.6909999847412109,0.6898999810218811,0.6898999810218811,3176,0.0,0.0
2024-04-19 14:30:00-04:00,0.6732000112533569,0.6826000213623047,0.6516000032424927,0.6826000213623047,13445,0.0,0.0
2024-04-19 15:30:00-04:00,0.6826000213623047,0.6897000074386597,0.6700000166893005,0.6700000166893005,6327,0.0,0.0
2024-04-22 09:30:00-04:00,0.699999988079071,0.699999988079071,0.6800000071525574,0.6948999762535095,7656,0.0,0.0
2024-04-22 10:30:00-04:00,0.6754999756813049,0.699999988079071,0.6754999756813049,0.699999988079071,5558,0.0,0.0
2024-04-22 11:30:00-04:00,0.6800000071525574,0.6800000071525574,0.6700000166893005,0.6700000166893005,1360,0.0,0.0
2024-04-22 12:30:00-04:00,0.6700999736785889,0.6790000200271606,0.6700999736785889,0.6790000200271606,1189,0.0,0.0
2024-04-22 13:30:00-04:00,0.6797999739646912,0.6809999942779541,0.6779999732971191,0.6779999732971191,20694,0.0,0.0
2024-04-22 14:30:00-04:00,0.7001000046730042,0.7001000046730042,0.6924999952316284,0.6924999952316284,11155,0.0,0.0
2024-04-22 15:30:00-04:00,0.6850000023841858,0.6850000023841858,0.6850000023841858,0.6850000023841858,786,0.0,0.0
2024-04-23 09:30:00-04:00,0.685699999332428,0.7294999957084656,0.6850000023841858,0.7294999957084656,3044,0.0,0.0
2024-04-23 10:30:00-04:00,0.7287999987602234,0.7287999987602234,0.7001000046730042,0.7001000046730042,1283,0.0,0.0
2024-04-23 11:30:00-04:00,0.7099999785423279,0.7102000117301941,0.7099999785423279,0.7102000117301941,10146,0.0,0.0
2024-04-23 12:30:00-04:00,0.7193999886512756,0.7193999886512756,0.7193999886512756,0.7193999886512756,853,0.0,0.0
2024-04-23 13:30:00-04:00,0.7193999886512756,0.7195000052452087,0.7193999886512756,0.7195000052452087,1771,0.0,0.0
2024-04-23 15:30:00-04:00,0.7289999723434448,0.7289999723434448,0.7178000211715698,0.7178000211715698,1875,0.0,0.0
2024-04-24 09:30:00-04:00,0.7053999900817871,0.7297999858856201,0.7053999900817871,0.7297999858856201,6929,0.0,0.0
2024-04-24 11:30:00-04:00,0.718999981880188,0.7200000286102295,0.718999981880188,0.7200000286102295,401,0.0,0.0
2024-04-24 12:30:00-04:00,0.705299973487854,0.7300000190734863,0.705299973487854,0.7300000190734863,2122,0.0,0.0
2024-04-24 13:30:00-04:00,0.7300000190734863,0.7300000190734863,0.7300000190734863,0.7300000190734863,639,0.0,0.0
2024-04-24 14:30:00-04:00,0.7056000232696533,0.7297999858856201,0.7056000232696533,0.7200999855995178,4383,0.0,0.0
2024-04-24 15:30:00-04:00,0.7249000072479248,0.7299000024795532,0.7095000147819519,0.7095000147819519,4653,0.0,0.0
2024-04-25 09:30:00-04:00,0.7200000286102295,0.7200000286102295,0.699999988079071,0.699999988079071,12372,0.0,0.0
2024-04-25 10:30:00-04:00,0.7001000046730042,0.7300000190734863,0.699999988079071,0.7300000190734863,2415,0.0,0.0
2024-04-25 11:30:00-04:00,0.699999988079071,0.7001000046730042,0.699999988079071,0.7001000046730042,3449,0.0,0.0
2024-04-25 12:30:00-04:00,0.7001000046730042,0.7001000046730042,0.7001000046730042,0.7001000046730042,1438,0.0,0.0
2024-04-25 13:30:00-04:00,0.7149999737739563,0.7149999737739563,0.7149999737739563,0.7149999737739563,616,0.0,0.0
2024-04-25 15:30:00-04:00,0.699999988079071,0.699999988079071,0.699999988079071,0.699999988079071,4936,0.0,0.0
2024-04-26 09:30:00-04:00,0.7400000095367432,0.7400000095367432,0.7009999752044678,0.7009999752044678,6624,0.0,0.0
2024-04-26 12:30:00-04:00,0.722000002861023,0.722000002861023,0.722000002861023,0.722000002861023,4353,0.0,0.0
2024-04-26 13:30:00-04:00,0.722000002861023,0.722000002861023,0.722000002861023,0.722000002861023,1470,0.0,0.0
2024-04-26 15:30:00-04:00,0.7300000190734863,0.7300000190734863,0.7195000052452087,0.7195000052452087,1372,0.0,0.0
2024-04-29 09:30:00-04:00,0.75,0.75,0.7200000286102295,0.7200000286102295,5962,0.0,0.0
2024-04-29 10:30:00-04:00,0.7400000095367432,0.7400000095367432,0.7398999929428101,0.7398999929428101,2327,0.0,0.0
2024-04-29 11:30:00-04:00,0.7250000238418579,0.7400000095367432,0.7250000238418579,0.7400000095367432,1329,0.0,0.0
2024-04-29 13:30:00-04:00,0.7400000095367432,0.7400000095367432,0.7398999929428101,0.7398999929428101,740,0.0,0.0
2024-04-29 14:30:00-04:00,0.7400000095367432,0.7400000095367432,0.7200000286102295,0.7398999929428101,3014,0.0,0.0
2024-04-29 15:30:00-04:00,0.739799976348877,0.739799976348877,0.7099999785423279,0.7199000120162964,7676,0.0,0.0
2024-04-30 09:30:00-04:00,0.7300000190734863,0.7300000190734863,0.710099995136261,0.7110000252723694,2168,0.0,0.0
2024-04-30 10:30:00-04:00,0.7398999929428101,0.7398999929428101,0.7250000238418579,0.7250000238418579,1310,0.0,0.0
2024-04-30 11:30:00-04:00,0.7450000047683716,0.7699999809265137,0.7450000047683716,0.7699999809265137,8415,0.0,0.0
2024-04-30 12:30:00-04:00,0.7599999904632568,0.7599999904632568,0.7200000286102295,0.7458000183105469,2754,0.0,0.0
2024-04-30 13:30:00-04:00,0.7598999738693237,0.7599999904632568,0.7598999738693237,0.7599999904632568,1145,0.0,0.0
2024-04-30 14:30:00-04:00,0.7590000033378601,0.7590000033378601,0.7099999785423279,0.7099999785423279,954,0.0,0.0
2024-04-30 15:30:00-04:00,0.7222999930381775,0.7222999930381775,0.7222999930381775,0.7222999930381775,638,0.0,0.0
2024-05-01 09:30:00-04:00,0.7651000022888184,0.7699999809265137,0.7400000095367432,0.7400000095367432,3126,0.0,0.0
2024-05-01 10:30:00-04:00,0.7409999966621399,0.7699000239372253,0.7400000095367432,0.7400000095367432,3331,0.0,0.0
2024-05-01 11:30:00-04:00,0.7394999861717224,0.7689999938011169,0.7394999861717224,0.7689999938011169,1109,0.0,0.0
2024-05-01 12:30:00-04:00,0.7099999785423279,0.7099999785423279,0.7099999785423279,0.7099999785423279,5448,0.0,0.0
2024-05-01 13:30:00-04:00,0.7200999855995178,0.7200999855995178,0.7200000286102295,0.7200000286102295,5314,0.0,0.0
2024-05-01 14:30:00-04:00,0.7200000286102295,0.7300000190734863,0.7200000286102295,0.7300000190734863,6835,0.0,0.0
2024-05-01 15:30:00-04:00,0.7200000286102295,0.7200000286102295,0.699999988079071,0.7179999947547913,13075,0.0,0.0
2024-05-02 09:30:00-04:00,0.703499972820282,0.7350000143051147,0.699999988079071,0.7350000143051147,3839,0.0,0.0
2024-05-02 10:30:00-04:00,0.7002999782562256,0.7400000095367432,0.7002999782562256,0.7204999923706055,1112,0.0,0.0
2024-05-02 11:30:00-04:00,0.7002000212669373,0.7351999878883362,0.7002000212669373,0.7351999878883362,1772,0.0,0.0
2024-05-02 12:30:00-04:00,0.7318999767303467,0.7318999767303467,0.7099999785423279,0.7099999785423279,4594,0.0,0.0
2024-05-02 13:30:00-04:00,0.7099999785423279,0.7099999785423279,0.7009999752044678,0.7009999752044678,1611,0.0,0.0
2024-05-02 14:30:00-04:00,0.7099000215530396,0.7350000143051147,0.7099000215530396,0.7350000143051147,12338,0.0,0.0
2024-05-03 09:30:00-04:00,0.7350000143051147,0.7400000095367432,0.7350000143051147,0.737500011920929,3868,0.0,0.0
2024-05-03 10:30:00-04:00,0.7350000143051147,0.7350000143051147,0.7188000082969666,0.7188000082969666,11027,0.0,0.0
2024-05-03 12:30:00-04:00,0.722599983215332,0.722599983215332,0.722599983215332,0.722599983215332,212,0.0,0.0
2024-05-03 13:30:00-04:00,0.7152000069618225,0.7350000143051147,0.7152000069618225,0.7250999808311462,616,0.0,0.0
2024-05-03 14:30:00-04:00,0.7200000286102295,0.7275000214576721,0.7171000242233276,0.7275000214576721,2456,0.0,0.0
2024-05-03 15:30:00-04:00,0.7348999977111816,0.7348999977111816,0.7348999977111816,0.7348999977111816,459,0.0,0.0
2024-05-06 09:30:00-04:00,0.7400000095367432,0.7400000095367432,0.7099999785423279,0.7099999785423279,12582,0.0,0.0
2024-05-06 10:30:00-04:00,0.7300999760627747,0.7397000193595886,0.7260000109672546,0.7394000291824341,2130,0.0,0.0
2024-05-06 11:30:00-04:00,0.7250000238418579,0.7250000238418579,0.710099995136261,0.710099995136261,2101,0.0,0.0
2024-05-06 12:30:00-04:00,0.7250000238418579,0.7250000238418579,0.7099999785423279,0.7099999785423279,1324,0.0,0.0
2024-05-06 13:30:00-04:00,0.7210000157356262,0.7210000157356262,0.7099999785423279,0.7099999785423279,9101,0.0,0.0
2024-05-06 14:30:00-04:00,0.7099999785423279,0.7099999785423279,0.7099999785423279,0.7099999785423279,250,0.0,0.0
2024-05-06 15:30:00-04:00,0.7080000042915344,0.7089999914169312,0.7009999752044678,0.7009999752044678,1646,0.0,0.0
2024-05-07 09:30:00-04:00,0.7050999999046326,0.7099000215530396,0.6320000290870667,0.6498000025749207,270921,0.0,0.0
2024-05-07 10:30:00-04:00,0.6499999761581421,0.6650000214576721,0.6399999856948853,0.652999997138977,7766,0.0,0.0
2024-05-07 11:30:00-04:00,0.6449999809265137,0.6449999809265137,0.6201000213623047,0.6201000213623047,30091,0.0,0.0
2024-05-07 12:30:00-04:00,0.6134999990463257,0.6320000290870667,0.6111000180244446,0.6111000180244446,30332,0.0,0.0
2024-05-07 13:30:00-04:00,0.6111999750137329,0.6503999829292297,0.6111999750137329,0.6201000213623047,17476,0.0,0.0
2024-05-07 14:30:00-04:00,0.6273000240325928,0.6299999952316284,0.6202999949455261,0.6298999786376953,10931,0.0,0.0
2024-05-07 15:30:00-04:00,0.6274999976158142,0.6503999829292297,0.43880000710487366,0.5899999737739563,103163,0.0,0.0
2024-05-08 09:30:00-04:00,0.5974000096321106,0.5999000072479248,0.5673999786376953,0.5676000118255615,29186,0.0,0.0
2024-05-08 10:30:00-04:00,0.5799999833106995,0.5800999999046326,0.5550000071525574,0.5550000071525574,3962,0.0,0.0
2024-05-08 11:30:00-04:00,0.5799999833106995,0.5799999833106995,0.5612000226974487,0.5701000094413757,5765,0.0,0.0
2024-05-08 12:30:00-04:00,0.5701000094413757,0.5702000260353088,0.5701000094413757,0.5701000094413757,3377,0.0,0.0
2024-05-08 13:30:00-04:00,0.5701000094413757,0.5701000094413757,0.5701000094413757,0.5701000094413757,2415,0.0,0.0
2024-05-08 14:30:00-04:00,0.5701000094413757,0.5701000094413757,0.5210000276565552,0.5300999879837036,33562,0.0,0.0
2024-05-08 15:30:00-04:00,0.5300999879837036,0.5300999879837036,0.527999997138977,0.5281000137329102,3588,0.0,0.0
2024-05-09 09:30:00-04:00,0.550000011920929,0.550000011920929,0.47999998927116394,0.5450000166893005,316120,0.0,0.0
2024-05-09 10:30:00-04:00,0.550000011920929,0.550000011920929,0.5101000070571899,0.5153999924659729,5771,0.0,0.0
2024-05-09 11:30:00-04:00,0.5109999775886536,0.5199000239372253,0.5101000070571899,0.5101000070571899,8854,0.0,0.0
2024-05-09 12:30:00-04:00,0.510200023651123,0.5199000239372253,0.49070000648498535,0.5199000239372253,17015,0.0,0.0
2024-05-09 13:30:00-04:00,0.5325000286102295,0.5400000214576721,0.5299999713897705,0.5300999879837036,11482,0.0,0.0
2024-05-09 14:30:00-04:00,0.539900004863739,0.5400000214576721,0.5299999713897705,0.539900004863739,9585,0.0,0.0
2024-05-09 15:30:00-04:00,0.5400000214576721,0.5899999737739563,0.5299999713897705,0.5899999737739563,20086,0.0,0.0
2024-05-10 09:30:00-04:00,0.5723000168800354,0.5723000168800354,0.5016999840736389,0.5430999994277954,34131,0.0,0.0
2024-05-10 10:30:00-04:00,0.5430999994277954,0.5430999994277954,0.5429999828338623,0.5430999994277954,4389,0.0,0.0
2024-05-10 11:30:00-04:00,0.5430999994277954,0.5430999994277954,0.5430999994277954,0.5430999994277954,2866,0.0,0.0
2024-05-10 12:30:00-04:00,0.5430999994277954,0.5430999994277954,0.5430999994277954,0.5430999994277954,4542,0.0,0.0
2024-05-10 13:30:00-04:00,0.5598999857902527,0.5600000023841858,0.5432000160217285,0.5432000160217285,5745,0.0,0.0
2024-05-10 14:30:00-04:00,0.5432000160217285,0.5432000160217285,0.5432000160217285,0.5432000160217285,1340,0.0,0.0
2024-05-13 09:30:00-04:00,0.5533999800682068,0.5533999800682068,0.49000000953674316,0.5378999710083008,20203,0.0,0.0
2024-05-13 10:30:00-04:00,0.4984000027179718,0.5379999876022339,0.49160000681877136,0.4957999885082245,34769,0.0,0.0
2024-05-13 11:30:00-04:00,0.4999000132083893,0.5297999978065491,0.4918000102043152,0.527999997138977,36275,0.0,0.0
2024-05-13 12:30:00-04:00,0.5101000070571899,0.5101000070571899,0.5101000070571899,0.5101000070571899,2168,0.0,0.0
2024-05-13 13:30:00-04:00,0.5101000070571899,0.5101000070571899,0.5099999904632568,0.5101000070571899,2027,0.0,0.0
2024-05-13 14:30:00-04:00,0.5101000070571899,0.5101000070571899,0.4948999881744385,0.5048999786376953,5976,0.0,0.0
2024-05-13 15:30:00-04:00,0.5049999952316284,0.5098999738693237,0.5012000203132629,0.5049999952316284,2924,0.0,0.0
2024-05-14 09:30:00-04:00,0.5199999809265137,0.5299999713897705,0.5099999904632568,0.5199000239372253,27342,0.0,0.0
2024-05-14 10:30:00-04:00,0.5198000073432922,0.7200000286102295,0.5174000263214111,0.6050000190734863,214208,0.0,0.0
2024-05-14 11:30:00-04:00,0.5799999833106995,0.6298999786376953,0.550000011920929,0.5828999876976013,95658,0.0,0.0
2024-05-14 12:30:00-04:00,0.5907999873161316,0.6198999881744385,0.5501000285148621,0.5989999771118164,73312,0.0,0.0
2024-05-14 13:30:00-04:00,0.6050999760627747,0.6140000224113464,0.5879999995231628,0.6133999824523926,25013,0.0,0.0
2024-05-14 14:30:00-04:00,0.6140000224113464,0.6140000224113464,0.6000000238418579,0.6000000238418579,23480,0.0,0.0
2024-05-14 15:30:00-04:00,0.5806999802589417,0.5913000106811523,0.5709999799728394,0.5913000106811523,20255,0.0,0.0
2024-05-15 09:30:00-04:00,0.6389999985694885,0.6389999985694885,0.5709999799728394,0.5975000262260437,21889,0.0,0.0
2024-05-15 10:30:00-04:00,0.5799999833106995,0.5799999833106995,0.5799999833106995,0.5799999833106995,2975,0.0,0.0
2024-05-15 11:30:00-04:00,0.6148999929428101,0.6148999929428101,0.5907999873161316,0.5939000248908997,2873,0.0,0.0
2024-05-15 12:30:00-04:00,0.6150000095367432,0.6150000095367432,0.6000000238418579,0.6150000095367432,23938,0.0,0.0
2024-05-15 13:30:00-04:00,0.6150000095367432,0.6150000095367432,0.5999000072479248,0.6100000143051147,4021,0.0,0.0
2024-05-15 14:30:00-04:00,0.6150000095367432,0.6150000095367432,0.6000000238418579,0.6000000238418579,3948,0.0,0.0
2024-05-15 15:30:00-04:00,0.6000000238418579,0.6200000047683716,0.6000000238418579,0.6200000047683716,8813,0.0,0.0
2024-05-16 09:30:00-04:00,0.6200000047683716,0.6200000047683716,0.6089000105857849,0.6200000047683716,1695,0.0,0.0
2024-05-16 10:30:00-04:00,0.6200000047683716,0.6499999761581421,0.6200000047683716,0.6499999761581421,45352,0.0,0.0
2024-05-16 11:30:00-04:00,0.6599000096321106,0.6599000096321106,0.6299999952316284,0.6301000118255615,19704,0.0,0.0
2024-05-16 12:30:00-04:00,0.6424999833106995,0.6496000289916992,0.6424999833106995,0.6496000289916992,9436,0.0,0.0
2024-05-16 13:30:00-04:00,0.6575000286102295,0.6575000286102295,0.638700008392334,0.6575000286102295,1913,0.0,0.0
2024-05-16 14:30:00-04:00,0.6575000286102295,0.6575000286102295,0.6209999918937683,0.6574000120162964,5861,0.0,0.0
2024-05-16 15:30:00-04:00,0.6309999823570251,0.6398000121116638,0.6309999823570251,0.6398000121116638,10640,0.0,0.0
2024-05-17 09:30:00-04:00,0.6347000002861023,0.6690000295639038,0.6000999808311462,0.6000999808311462,4438,0.0,0.0
2024-05-17 10:30:00-04:00,0.6299999952316284,0.6499999761581421,0.6299999952316284,0.6499999761581421,1101,0.0,0.0
2024-05-17 11:30:00-04:00,0.6500999927520752,0.664900004863739,0.6500999927520752,0.660099983215332,5632,0.0,0.0
2024-05-17 12:30:00-04:00,0.6740000247955322,0.6784999966621399,0.660099983215332,0.670199990272522,7520,0.0,0.0
2024-05-17 13:30:00-04:00,0.670199990272522,0.6748999953269958,0.6650000214576721,0.6650000214576721,4828,0.0,0.0
2024-05-17 14:30:00-04:00,0.6600000262260437,0.6600000262260437,0.6299999952316284,0.6600000262260437,4289,0.0,0.0
2024-05-17 15:30:00-04:00,0.6309999823570251,0.6600000262260437,0.6301000118255615,0.6499999761581421,3529,0.0,0.0
2024-05-20 09:30:00-04:00,0.6589999794960022,0.6589999794960022,0.6470999717712402,0.6499999761581421,3001,0.0,0.0
2024-05-20 10:30:00-04:00,0.6299999952316284,0.6299999952316284,0.6205000281333923,0.6205000281333923,1178,0.0,0.0
2024-05-20 11:30:00-04:00,0.6299999952316284,0.6299999952316284,0.6255000233650208,0.6255000233650208,552,0.0,0.0
2024-05-20 12:30:00-04:00,0.6399999856948853,0.6399999856948853,0.6399000287055969,0.6399000287055969,12837,0.0,0.0
2024-05-20 13:30:00-04:00,0.6449000239372253,0.6449999809265137,0.6439999938011169,0.6449000239372253,7675,0.0,0.0
2024-05-20 14:30:00-04:00,0.6399999856948853,0.6399999856948853,0.6399999856948853,0.6399999856948853,1022,0.0,0.0
2024-05-20 15:30:00-04:00,0.6327000260353088,0.6327000260353088,0.6327000260353088,0.6327000260353088,229,0.0,0.0
2024-05-21 09:30:00-04:00,0.6800000071525574,0.6800000071525574,0.6740000247955322,0.6740000247955322,1383,0.0,0.0
2024-05-21 10:30:00-04:00,0.6449999809265137,0.6499999761581421,0.6449999809265137,0.6499000191688538,8097,0.0,0.0
2024-05-21 11:30:00-04:00,0.6406000256538391,0.6406000256538391,0.6363999843597412,0.6363999843597412,2240,0.0,0.0
2024-05-21 12:30:00-04:00,0.6349999904632568,0.6399999856948853,0.6340000033378601,0.6399999856948853,5026,0.0,0.0
2024-05-21 14:30:00-04:00,0.6398000121116638,0.6398000121116638,0.6398000121116638,0.6398000121116638,1979,0.0,0.0
2024-05-21 15:30:00-04:00,0.6298999786376953,0.6298999786376953,0.629800021648407,0.629800021648407,695,0.0,0.0
2024-05-22 09:30:00-04:00,0.6589999794960022,0.6798999905586243,0.6499999761581421,0.6549999713897705,15323,0.0,0.0
2024-05-22 10:30:00-04:00,0.6510000228881836,0.6600000262260437,0.6499999761581421,0.6499999761581421,1893,0.0,0.0
2024-05-22 11:30:00-04:00,0.6499999761581421,0.6600000262260437,0.6399999856948853,0.6589999794960022,4189,0.0,0.0
2024-05-22 12:30:00-04:00,0.6399999856948853,0.640999972820282,0.6000000238418579,0.6000000238418579,31926,0.0,0.0
2024-05-22 13:30:00-04:00,0.6105999946594238,0.6105999946594238,0.6105999946594238,0.6105999946594238,1647,0.0,0.0
2024-05-22 15:30:00-04:00,0.6100000143051147,0.6200000047683716,0.6100000143051147,0.6200000047683716,1696,0.0,0.0
2024-05-23 09:30:00-04:00,0.6294000148773193,0.6299999952316284,0.6100000143051147,0.6100000143051147,17700,0.0,0.0
2024-05-23 10:30:00-04:00,0.6150000095367432,0.6150000095367432,0.5820000171661377,0.6098999977111816,40518,0.0,0.0
2024-05-23 13:30:00-04:00,0.582099974155426,0.6000000238418579,0.5649999976158142,0.6000000238418579,7797,0.0,0.0
2024-05-23 14:30:00-04:00,0.5964999794960022,0.5964999794960022,0.5649999976158142,0.5799000263214111,3200,0.0,0.0
2024-05-23 15:30:00-04:00,0.5799000263214111,0.5950000286102295,0.5799000263214111,0.5943999886512756,27287,0.0,0.0
2024-05-24 09:30:00-04:00,0.6241999864578247,0.6241999864578247,0.6241999864578247,0.6241999864578247,1618,0.0,0.0
2024-05-24 10:30:00-04:00,0.6150000095367432,0.6299999952316284,0.6150000095367432,0.6299999952316284,8287,0.0,0.0
2024-05-24 11:30:00-04:00,0.6190000176429749,0.6190000176429749,0.6079000234603882,0.6079000234603882,1673,0.0,0.0
2024-05-24 12:30:00-04:00,0.6000000238418579,0.6000000238418579,0.5900999903678894,0.5950999855995178,14334,0.0,0.0
2024-05-24 13:30:00-04:00,0.5950999855995178,0.5950999855995178,0.5950999855995178,0.5950999855995178,0,0.0,0.0
2024-05-24 14:30:00-04:00,0.5956000089645386,0.5974000096321106,0.5950000286102295,0.5950999855995178,2264,0.0,0.0
2024-05-24 15:30:00-04:00,0.6000000238418579,0.6000000238418579,0.6000000238418579,0.6000000238418579,501,0.0,0.0
2024-05-28 09:30:00-04:00,0.5799999833106995,0.5898000001907349,0.5701000094413757,0.5705999732017517,3522,0.0,0.0
2024-05-28 10:30:00-04:00,0.5861999988555908,0.5861999988555908,0.5720999836921692,0.5720999836921692,2198,0.0,0.0
2024-05-28 11:30:00-04:00,0.5860999822616577,0.6000000238418579,0.5799999833106995,0.5799999833106995,11212,0.0,0.0
2024-05-28 12:30:00-04:00,0.5879999995231628,0.5879999995231628,0.5879999995231628,0.5879999995231628,601,0.0,0.0
2024-05-28 13:30:00-04:00,0.5899999737739563,0.6000000238418579,0.5899999737739563,0.6000000238418579,7144,0.0,0.0
2024-05-28 14:30:00-04:00,0.589900016784668,0.5899999737739563,0.589900016784668,0.5899999737739563,11041,0.0,0.0
2024-05-29 09:30:00-04:00,0.6100000143051147,0.6100000143051147,0.5799999833106995,0.589900016784668,9085,0.0,0.0
2024-05-29 10:30:00-04:00,0.5799999833106995,0.5799999833106995,0.5600000023841858,0.5705000162124634,23469,0.0,0.0
2024-05-29 12:30:00-04:00,0.5799999833106995,0.5799999833106995,0.5799999833106995,0.5799999833106995,698,0.0,0.0
2024-05-29 13:30:00-04:00,0.589900016784668,0.589900016784668,0.5849999785423279,0.589900016784668,559,0.0,0.0
2024-05-29 14:30:00-04:00,0.5899999737739563,0.5899999737739563,0.5849999785423279,0.5899999737739563,3926,0.0,0.0
2024-05-29 15:30:00-04:00,0.5881999731063843,0.5881999731063843,0.5881999731063843,0.5881999731063843,2304,0.0,0.0
2024-05-30 09:30:00-04:00,0.6100000143051147,0.6100000143051147,0.6100000143051147,0.6100000143051147,325,0.0,0.0
2024-05-30 10:30:00-04:00,0.6001999974250793,0.6001999974250793,0.6001999974250793,0.6001999974250793,555,0.0,0.0
2024-05-30 11:30:00-04:00,0.6001999974250793,0.6001999974250793,0.6001999974250793,0.6001999974250793,936,0.0,0.0
2024-05-30 12:30:00-04:00,0.619700014591217,0.619700014591217,0.5899999737739563,0.6001999974250793,1908,0.0,0.0
2024-05-30 13:30:00-04:00,0.5806999802589417,0.5806999802589417,0.5806999802589417,0.5806999802589417,5040,0.0,0.0
2024-05-30 15:30:00-04:00,0.5806000232696533,0.6040999889373779,0.5806000232696533,0.6040999889373779,260,0.0,0.0
2024-05-31 09:30:00-04:00,0.6165000200271606,0.6165000200271606,0.5799999833106995,0.5799999833106995,4056,0.0,0.0
2024-05-31 10:30:00-04:00,0.5906000137329102,0.5906000137329102,0.5600000023841858,0.5600000023841858,8755,0.0,0.0
2024-05-31 11:30:00-04:00,0.5799999833106995,0.5800999999046326,0.5600000023841858,0.5800999999046326,2541,0.0,0.0
2024-05-31 12:30:00-04:00,0.5999000072479248,0.5999000072479248,0.5999000072479248,0.5999000072479248,1522,0.0,0.0
2024-05-31 13:30:00-04:00,0.6000000238418579,0.6000000238418579,0.6000000238418579,0.6000000238418579,711,0.0,0.0
2024-05-31 15:30:00-04:00,0.5997999906539917,0.5997999906539917,0.5997999906539917,0.5997999906539917,300,0.0,0.0
2024-06-03 09:30:00-04:00,0.6298999786376953,0.6299999952316284,0.5899999737739563,0.5899999737739563,18081,0.0,0.0
2024-06-03 10:30:00-04:00,0.571399986743927,0.5799999833106995,0.5600000023841858,0.5799999833106995,16390,0.0,0.0
2024-06-03 11:30:00-04:00,0.5702000260353088,0.5799999833106995,0.5702000260353088,0.5702000260353088,3840,0.0,0.0
2024-06-03 12:30:00-04:00,0.5709999799728394,0.5709999799728394,0.5649999976158142,0.5649999976158142,4600,0.0,0.0
2024-06-03 13:30:00-04:00,0.5701000094413757,0.5799999833106995,0.5701000094413757,0.5799000263214111,8199,0.0,0.0
2024-06-03 14:30:00-04:00,0.5799000263214111,0.5799999833106995,0.5799000263214111,0.5799999833106995,4562,0.0,0.0
2024-06-03 15:30:00-04:00,0.574999988079071,0.574999988079071,0.574999988079071,0.574999988079071,1047,0.0,0.0
2024-06-04 09:30:00-04:00,0.5701000094413757,0.5849999785423279,0.5701000094413757,0.5849999785423279,3086,0.0,0.0
2024-06-04 10:30:00-04:00,0.5699999928474426,0.5999000072479248,0.5600000023841858,0.5774999856948853,5547,0.0,0.0
2024-06-04 11:30:00-04:00,0.5899999737739563,0.5899999737739563,0.5899999737739563,0.5899999737739563,1364,0.0,0.0
2024-06-04 13:30:00-04:00,0.5781000256538391,0.5799999833106995,0.5781000256538391,0.5799999833106995,4351,0.0,0.0
2024-06-04 14:30:00-04:00,0.5799999833106995,0.5899999737739563,0.5795000195503235,0.5899999737739563,1824,0.0,0.0
2024-06-04 15:30:00-04:00,0.5724999904632568,0.5799999833106995,0.5724999904632568,0.5799999833106995,3800,0.0,0.0
2024-06-05 09:30:00-04:00,0.5900999903678894,0.5900999903678894,0.5899999737739563,0.5899999737739563,1866,0.0,0.0
2024-06-05 10:30:00-04:00,0.5899999737739563,0.5918999910354614,0.5879999995231628,0.5918999910354614,1917,0.0,0.0
2024-06-05 11:30:00-04:00,0.5899999737739563,0.5920000076293945,0.5899999737739563,0.5899999737739563,2655,0.0,0.0
2024-06-05 12:30:00-04:00,0.5899999737739563,0.5899999737739563,0.5899999737739563,0.5899999737739563,3709,0.0,0.0
2024-06-05 13:30:00-04:00,0.5799999833106995,0.5834000110626221,0.5799999833106995,0.5834000110626221,6168,0.0,0.0
2024-06-05 14:30:00-04:00,0.5799000263214111,0.5799999833106995,0.5684999823570251,0.5684999823570251,4803,0.0,0.0
2024-06-05 15:30:00-04:00,0.5699999928474426,0.5792999863624573,0.5699999928474426,0.5792999863624573,113,0.0,0.0
2024-06-06 09:30:00-04:00,0.5799999833106995,0.6000000238418579,0.5799999833106995,0.5799999833106995,8616,0.0,0.0
2024-06-06 10:30:00-04:00,0.5899999737739563,0.5999000072479248,0.5899999737739563,0.5989000201225281,8050,0.0,0.0
2024-06-06 11:30:00-04:00,0.5899999737739563,0.5899999737739563,0.5626000165939331,0.5699999928474426,16681,0.0,0.0
2024-06-06 12:30:00-04:00,0.5685999989509583,0.5685999989509583,0.5569000244140625,0.5569999814033508,1615,0.0,0.0
2024-06-06 13:30:00-04:00,0.574999988079071,0.5899999737739563,0.574999988079071,0.5899999737739563,12429,0.0,0.0
2024-06-06 14:30:00-04:00,0.5898000001907349,0.5898000001907349,0.574999988079071,0.574999988079071,473,0.0,0.0
2024-06-06 15:30:00-04:00,0.5799999833106995,0.5799999833106995,0.5794000029563904,0.5794000029563904,1168,0.0,0.0
2024-06-07 09:30:00-04:00,0.5562000274658203,0.5867999792098999,0.5562000274658203,0.5716000199317932,1522,0.0,0.0
2024-06-07 10:30:00-04:00,0.586899995803833,0.586899995803833,0.5799999833106995,0.5799999833106995,5282,0.0,0.0
2024-06-07 13:30:00-04:00,0.5681999921798706,0.5681999921798706,0.5681999921798706,0.5681999921798706,265,0.0,0.0
2024-06-07 14:30:00-04:00,0.5562999844551086,0.586899995803833,0.5562999844551086,0.586899995803833,431,0.0,0.0
2024-06-07 15:30:00-04:00,0.5799000263214111,0.5799000263214111,0.5799000263214111,0.5799000263214111,928,0.0,0.0
2024-06-10 09:30:00-04:00,0.5770000219345093,0.5770000219345093,0.5580999851226807,0.5580999851226807,0,0.0,0.0
2024-06-10 10:30:00-04:00,0.5600000023841858,0.5600000023841858,0.5590000152587891,0.5590000152587891,3130,0.0,0.0
2024-06-10 11:30:00-04:00,0.5583000183105469,0.5600000023841858,0.5582000017166138,0.5582000017166138,5244,0.0,0.0
2024-06-10 12:30:00-04:00,0.5590000152587891,0.5590000152587891,0.5590000152587891,0.5590000152587891,2619,0.0,0.0
2024-06-10 13:30:00-04:00,0.5590000152587891,0.5644999742507935,0.5590000152587891,0.5644999742507935,1588,0.0,0.0
2024-06-10 14:30:00-04:00,0.5698999762535095,0.5698999762535095,0.5680999755859375,0.5680999755859375,1738,0.0,0.0
2024-06-10 15:30:00-04:00,0.5699999928474426,0.5699999928474426,0.5590000152587891,0.5600000023841858,7731,0.0,0.0
2024-06-11 09:30:00-04:00,0.5562000274658203,0.5626000165939331,0.550000011920929,0.550000011920929,6079,0.0,0.0
2024-06-11 10:30:00-04:00,0.5498999953269958,0.5498999953269958,0.5069000124931335,0.5069000124931335,1788,0.0,0.0
2024-06-11 11:30:00-04:00,0.5400000214576721,0.5400000214576721,0.5300999879837036,0.5300999879837036,517,0.0,0.0
2024-06-11 12:30:00-04:00,0.5329999923706055,0.550000011920929,0.5329999923706055,0.5498999953269958,1838,0.0,0.0
2024-06-11 14:30:00-04:00,0.5498999953269958,0.5498999953269958,0.5498999953269958,0.5498999953269958,981,0.0,0.0
2024-06-11 15:30:00-04:00,0.5400000214576721,0.5400000214576721,0.5351999998092651,0.5400000214576721,2202,0.0,0.0
2024-06-12 09:30:00-04:00,0.5429999828338623,0.5429999828338623,0.5400999784469604,0.5400999784469604,3641,0.0,0.0
2024-06-12 10:30:00-04:00,0.5450000166893005,0.546999990940094,0.5450000166893005,0.546999990940094,1169,0.0,0.0
2024-06-12 11:30:00-04:00,0.5476999878883362,0.5498999953269958,0.5476999878883362,0.5498999953269958,995,0.0,0.0
2024-06-12 12:30:00-04:00,0.5403000116348267,0.5403000116348267,0.5403000116348267,0.5403000116348267,4704,0.0,0.0
2024-06-12 13:30:00-04:00,0.5299999713897705,0.5299999713897705,0.4636000096797943,0.47999998927116394,55916,0.0,0.0
2024-06-12 14:30:00-04:00,0.47999998927116394,0.49000000953674316,0.47999998927116394,0.49000000953674316,28934,0.0,0.0
2024-06-12 15:30:00-04:00,0.49000000953674316,0.49000000953674316,0.49000000953674316,0.49000000953674316,5325,0.0,0.0
2024-06-13 09:30:00-04:00,0.5360000133514404,0.5360000133514404,0.49000000953674316,0.49000000953674316,5557,0.0,0.0
2024-06-13 10:30:00-04:00,0.49000000953674316,0.49000000953674316,0.49000000953674316,0.49000000953674316,1020,0.0,0.0
2024-06-13 11:30:00-04:00,0.4900999963283539,0.5,0.4900999963283539,0.5,1427,0.0,0.0
2024-06-13 12:30:00-04:00,0.49000000953674316,0.5,0.49000000953674316,0.5,2233,0.0,0.0
2024-06-13 13:30:00-04:00,0.4999000132083893,0.5067999958992004,0.4999000132083893,0.5067999958992004,9681,0.0,0.0
2024-06-13 14:30:00-04:00,0.5,0.5,0.4875999987125397,0.4875999987125397,1661,0.0,0.0
2024-06-13 15:30:00-04:00,0.4950000047683716,0.5669000148773193,0.4950000047683716,0.5669000148773193,105241,0.0,0.0
2024-06-14 09:30:00-04:00,0.5080000162124634,0.5088000297546387,0.4779999852180481,0.4968000054359436,50129,0.0,0.0
2024-06-14 10:30:00-04:00,0.4934000074863434,0.5087000131607056,0.4749999940395355,0.47999998927116394,23566,0.0,0.0
2024-06-14 11:30:00-04:00,0.4749999940395355,0.47999998927116394,0.4699999988079071,0.4699999988079071,9872,0.0,0.0
2024-06-14 12:30:00-04:00,0.4749000072479248,0.4749999940395355,0.460999995470047,0.4749999940395355,11926,0.0,0.0
2024-06-14 13:30:00-04:00,0.4799000024795532,0.4799000024795532,0.44110000133514404,0.4749000072479248,23606,0.0,0.0
2024-06-14 14:30:00-04:00,0.460099995136261,0.460099995136261,0.44999998807907104,0.4523000121116638,32941,0.0,0.0
2024-06-14 15:30:00-04:00,0.4523000121116638,0.4523000121116638,0.4523000121116638,0.4523000121116638,5300,0.0,0.0
2024-06-17 09:30:00-04:00,0.446399986743927,0.46000000834465027,0.446399986743927,0.45010000467300415,22555,0.0,0.0
2024-06-17 10:30:00-04:00,0.4596000015735626,0.4596000015735626,0.4239000082015991,0.4239000082015991,7126,0.0,0.0
2024-06-17 11:30:00-04:00,0.42399999499320984,0.4327999949455261,0.423799991607666,0.42890000343322754,15885,0.0,0.0
2024-06-17 12:30:00-04:00,0.4250999987125397,0.4287000000476837,0.4250999987125397,0.4287000000476837,2370,0.0,0.0
2024-06-17 13:30:00-04:00,0.4287000000476837,0.42879998683929443,0.38999998569488525,0.38999998569488525,55596,0.0,0.0
2024-06-17 14:30:00-04:00,0.39980000257492065,0.39989998936653137,0.39100000262260437,0.39899998903274536,26380,0.0,0.0
2024-06-17 15:30:00-04:00,0.39989998936653137,0.4000000059604645,0.39989998936653137,0.4000000059604645,23384,0.0,0.0
2024-06-18 09:30:00-04:00,0.4000000059604645,0.4262999892234802,0.4000000059604645,0.4009999930858612,24668,0.0,0.0
2024-06-18 10:30:00-04:00,0.39989998936653137,0.4000000059604645,0.39010000228881836,0.39010000228881836,10614,0.0,0.0
2024-06-18 11:30:00-04:00,0.3869999945163727,0.3898000121116638,0.38679999113082886,0.3898000121116638,8361,0.0,0.0
2024-06-18 12:30:00-04:00,0.3855000138282776,0.3898000121116638,0.3855000138282776,0.3898000121116638,860,0.0,0.0
2024-06-18 13:30:00-04:00,0.3898000121116638,0.4099999964237213,0.3898000121116638,0.4050999879837036,27777,0.0,0.0
2024-06-18 14:30:00-04:00,0.4000000059604645,0.41999998688697815,0.3799999952316284,0.4000000059604645,71160,0.0,0.0
2024-06-18 15:30:00-04:00,0.39989998936653137,0.4000000059604645,0.38100001215934753,0.39980000257492065,29614,0.0,0.0
2024-06-20 09:30:00-04:00,0.4189000129699707,0.42989999055862427,0.39800000190734863,0.39989998936653137,39603,0.0,0.0
2024-06-20 10:30:00-04:00,0.39800000190734863,0.4268999993801117,0.39800000190734863,0.42660000920295715,2668,0.0,0.0
2024-06-20 11:30:00-04:00,0.40799999237060547,0.41429999470710754,0.4002000093460083,0.4002000093460083,20326,0.0,0.0
2024-06-20 12:30:00-04:00,0.400299996137619,0.4099999964237213,0.400299996137619,0.4099999964237213,0,0.0,0.0
2024-06-20 13:30:00-04:00,0.40070000290870667,0.40070000290870667,0.3982999920845032,0.3982999920845032,7287,0.0,0.0
2024-06-20 14:30:00-04:00,0.3984000086784363,0.39989998936653137,0.3984000086784363,0.3991999924182892,6591,0.0,0.0
2024-06-20 15:30:00-04:00,0.3984000086784363,0.4099999964237213,0.39800000190734863,0.39899998903274536,30787,0.0,0.0
2024-06-21 09:30:00-04:00,0.42399999499320984,0.42399999499320984,0.3887999951839447,0.4000999927520752,4643,0.0,0.0
2024-06-21 10:30:00-04:00,0.41999998688697815,0.41999998688697815,0.4059000015258789,0.4059000015258789,12896,0.0,0.0
2024-06-21 11:30:00-04:00,0.41999998688697815,0.41999998688697815,0.41510000824928284,0.41510000824928284,5971,0.0,0.0
2024-06-21 14:30:00-04:00,0.40299999713897705,0.40299999713897705,0.39890000224113464,0.39890000224113464,17700,0.0,0.0
2024-06-24 09:30:00-04:00,0.414000004529953,0.414000004529953,0.39500001072883606,0.39500001072883606,0,0.0,0.0
2024-06-24 10:30:00-04:00,0.4099999964237213,0.4099999964237213,0.39899998903274536,0.39899998903274536,4456,0.0,0.0
2024-06-24 11:30:00-04:00,0.38989999890327454,0.38999998569488525,0.3824999928474426,0.38989999890327454,11536,0.0,0.0
2024-06-24 12:30:00-04:00,0.38989999890327454,0.38999998569488525,0.3898000121116638,0.38999998569488525,15396,0.0,0.0
2024-06-24 13:30:00-04:00,0.38989999890327454,0.38999998569488525,0.38029998540878296,0.38029998540878296,20406,0.0,0.0
2024-06-24 14:30:00-04:00,0.37790000438690186,0.38909998536109924,0.36910000443458557,0.38909998536109924,37774,0.0,0.0
2024-06-24 15:30:00-04:00,0.38989999890327454,0.38989999890327454,0.3898000121116638,0.3898000121116638,3228,0.0,0.0
2024-06-25 09:30:00-04:00,0.38999998569488525,0.4020000100135803,0.38999998569488525,0.4020000100135803,1765,0.0,0.0
2024-06-25 10:30:00-04:00,0.4099000096321106,0.4099000096321106,0.4000000059604645,0.4000000059604645,13270,0.0,0.0
2024-06-25 11:30:00-04:00,0.4000000059604645,0.4000000059604645,0.4000000059604645,0.4000000059604645,1348,0.0,0.0
2024-06-25 12:30:00-04:00,0.4083000123500824,0.4083999991416931,0.4083000123500824,0.4083999991416931,1443,0.0,0.0
2024-06-25 13:30:00-04:00,0.40400001406669617,0.40400001406669617,0.40400001406669617,0.40400001406669617,647,0.0,0.0
2024-06-25 14:30:00-04:00,0.4050000011920929,0.4050000011920929,0.4050000011920929,0.4050000011920929,122,0.0,0.0
2024-06-25 15:30:00-04:00,0.4000999927520752,0.4000999927520752,0.39010000228881836,0.39010000228881836,5105,0.0,0.0
2024-06-26 09:30:00-04:00,0.4099999964237213,0.4099999964237213,0.382099986076355,0.382099986076355,2536,0.0,0.0
2024-06-26 10:30:00-04:00,0.4000000059604645,0.4099999964237213,0.4000000059604645,0.40880000591278076,14843,0.0,0.0
2024-06-26 11:30:00-04:00,0.3856000006198883,0.4099999964237213,0.3856000006198883,0.4099999964237213,5027,0.0,0.0
2024-06-26 12:30:00-04:00,0.3986999988555908,0.3986999988555908,0.38999998569488525,0.38999998569488525,4713,0.0,0.0
2024-06-26 13:30:00-04:00,0.39879998564720154,0.4058000147342682,0.39879998564720154,0.4058000147342682,1151,0.0,0.0
2024-06-26 14:30:00-04:00,0.4099999964237213,0.4099999964237213,0.4099999964237213,0.4099999964237213,1254,0.0,0.0
2024-06-27 09:30:00-04:00,0.4090000092983246,0.40950000286102295,0.4090000092983246,0.40950000286102295,10796,0.0,0.0
2024-06-27 10:30:00-04:00,0.4000000059604645,0.40849998593330383,0.4000000059604645,0.40849998593330383,433,0.0,0.0
2024-06-27 11:30:00-04:00,0.4066999852657318,0.4099000096321106,0.4066999852657318,0.4099000096321106,375,0.0,0.0
2024-06-27 12:30:00-04:00,0.4000000059604645,0.4000000059604645,0.4000000059604645,0.4000000059604645,1984,0.0,0.0
2024-06-27 13:30:00-04:00,0.39980000257492065,0.39980000257492065,0.39890000224113464,0.39890000224113464,811,0.0,0.0
2024-06-27 14:30:00-04:00,0.38999998569488525,0.3944999873638153,0.38999998569488525,0.3944999873638153,1743,0.0,0.0
2024-06-27 15:30:00-04:00,0.3968000113964081,0.3970000147819519,0.3935000002384186,0.3970000147819519,9824,0.0,0.0
2024-06-28 09:30:00-04:00,0.4056999981403351,0.41999998688697815,0.4056999981403351,0.4189999997615814,14032,0.0,0.0
2024-06-28 10:30:00-04:00,0.4189999997615814,0.4189999997615814,0.39649999141693115,0.4081000089645386,6230,0.0,0.0
2024-06-28 11:30:00-04:00,0.38999998569488525,0.4189999997615814,0.38999998569488525,0.4099999964237213,2589,0.0,0.0
2024-06-28 12:30:00-04:00,0.4099000096321106,0.4099000096321106,0.4099000096321106,0.4099000096321106,121,0.0,0.0
2024-06-28 13:30:00-04:00,0.4099000096321106,0.4099000096321106,0.4097999930381775,0.4097999930381775,806,0.0,0.0
2024-06-28 14:30:00-04:00,0.4000999927520752,0.4000999927520752,0.4000999927520752,0.4000999927520752,211,0.0,0.0
2024-06-28 15:30:00-04:00,0.3959999978542328,0.39989998936653137,0.39500001072883606,0.39500001072883606,13247,0.0,0.0
2024-07-01 09:30:00-04:00,0.39100000262260437,0.4178999960422516,0.39100000262260437,0.4178999960422516,1354,0.0,0.0
2024-07-01 10:30:00-04:00,0.4178999960422516,0.4178999960422516,0.4065000116825104,0.4178999960422516,1237,0.0,0.0
2024-07-01 11:30:00-04:00,0.4000000059604645,0.41780000925064087,0.4000000059604645,0.41780000925064087,2852,0.0,0.0
2024-07-01 12:30:00-04:00,0.4178999960422516,0.4178999960422516,0.4011000096797943,0.4099999964237213,14459,0.0,0.0
2024-07-01 13:30:00-04:00,0.40119999647140503,0.40560001134872437,0.40119999647140503,0.40119999647140503,7004,0.0,0.0
2024-07-01 14:30:00-04:00,0.40610000491142273,0.40610000491142273,0.40610000491142273,0.40610000491142273,0,0.0,0.0
2024-07-01 15:30:00-04:00,0.40869998931884766,0.40869998931884766,0.40869998931884766,0.40869998931884766,906,0.0,0.0
2024-07-02 09:30:00-04:00,0.444599986076355,0.44999998807907104,0.41760000586509705,0.41760000586509705,22965,0.0,0.0
2024-07-02 10:30:00-04:00,0.4099999964237213,0.4124999940395355,0.4099999964237213,0.4124999940395355,10453,0.0,0.0
2024-07-02 12:30:00-04:00,0.4099999964237213,0.4099999964237213,0.40849998593330383,0.40849998593330383,6926,0.0,0.0
2024-07-02 13:30:00-04:00,0.4075999855995178,0.40950000286102295,0.4000000059604645,0.4000000059604645,8440,0.0,0.0
2024-07-02 15:30:00-04:00,0.39500001072883606,0.4027000069618225,0.39500001072883606,0.4027000069618225,2871,0.0,0.0
2024-07-03 09:30:00-04:00,0.39590001106262207,0.41990000009536743,0.37709999084472656,0.40799999237060547,19429,0.0,0.0
2024-07-03 10:30:00-04:00,0.40799999237060547,0.40799999237060547,0.4000999927520752,0.4000999927520752,5189,0.0,0.0
2024-07-03 11:30:00-04:00,0.40799999237060547,0.40799999237060547,0.39010000228881836,0.39010000228881836,9996,0.0,0.0
2024-07-05 09:30:00-04:00,0.40299999713897705,0.40299999713897705,0.3799999952316284,0.3799999952316284,9389,0.0,0.0
2024-07-05 10:30:00-04:00,0.4099000096321106,0.4099000096321106,0.4097999930381775,0.4099000096321106,17138,0.0,0.0
2024-07-05 11:30:00-04:00,0.40950000286102295,0.40950000286102295,0.4000999927520752,0.40939998626708984,13699,0.0,0.0
2024-07-05 12:30:00-04:00,0.40700000524520874,0.4099000096321106,0.4050000011920929,0.4050000011920929,6561,0.0,0.0
2024-07-05 13:30:00-04:00,0.4099000096321106,0.4099000096321106,0.4090999960899353,0.4090999960899353,1703,0.0,0.0
2024-07-05 14:30:00-04:00,0.4099000096321106,0.4099000096321106,0.4000000059604645,0.4000000059604645,5985,0.0,0.0
2024-07-05 15:30:00-04:00,0.40209999680519104,0.40209999680519104,0.39089998602867126,0.39089998602867126,7469,0.0,0.0
2024-07-08 09:30:00-04:00,0.41999998688697815,0.46000000834465027,0.41999998688697815,0.4284999966621399,63053,0.0,0.0
2024-07-08 10:30:00-04:00,0.429500013589859,0.4336000084877014,0.429500013589859,0.42989999055862427,3537,0.0,0.0
2024-07-08 11:30:00-04:00,0.428600013256073,0.45019999146461487,0.428600013256073,0.45019999146461487,23854,0.0,0.0
2024-07-08 12:30:00-04:00,0.44999998807907104,0.44999998807907104,0.44999998807907104,0.44999998807907104,915,0.0,0.0
2024-07-08 13:30:00-04:00,0.44999998807907104,0.44999998807907104,0.4494999945163727,0.44999998807907104,13772,0.0,0.0
2024-07-08 14:30:00-04:00,0.44999998807907104,0.46000000834465027,0.44909998774528503,0.46000000834465027,20612,0.0,0.0
2024-07-08 15:30:00-04:00,0.46000000834465027,0.4690000116825104,0.435699999332428,0.45980000495910645,22401,0.0,0.0
2024-07-09 09:30:00-04:00,0.45980000495910645,0.45980000495910645,0.43799999356269836,0.43799999356269836,34297,0.0,0.0
2024-07-09 10:30:00-04:00,0.4499000012874603,0.4593000113964081,0.4498000144958496,0.4593000113964081,17206,0.0,0.0
2024-07-09 11:30:00-04:00,0.4300999939441681,0.4401000142097473,0.4300999939441681,0.4401000142097473,8523,0.0,0.0
2024-07-09 12:30:00-04:00,0.4399999976158142,0.4399999976158142,0.4309999942779541,0.43540000915527344,4668,0.0,0.0
2024-07-09 13:30:00-04:00,0.43549999594688416,0.4399999976158142,0.43549999594688416,0.4399999976158142,15344,0.0,0.0
2024-07-09 14:30:00-04:00,0.4399000108242035,0.44510000944137573,0.4390000104904175,0.4390000104904175,41910,0.0,0.0
2024-07-09 15:30:00-04:00,0.44999998807907104,0.44999998807907104,0.43799999356269836,0.43799999356269836,29623,0.0,0.0
2024-07-10 09:30:00-04:00,0.45399999618530273,0.4546999931335449,0.4296000003814697,0.4429999887943268,4418,0.0,0.0
2024-07-10 10:30:00-04:00,0.4424999952316284,0.4490000009536743,0.41119998693466187,0.4490000009536743,20932,0.0,0.0
2024-07-10 11:30:00-04:00,0.43059998750686646,0.448199987411499,0.4099999964237213,0.448199987411499,9508,0.0,0.0
2024-07-10 12:30:00-04:00,0.447299987077713,0.44999998807907104,0.447299987077713,0.44999998807907104,14807,0.0,0.0
2024-07-10 13:30:00-04:00,0.4399999976158142,0.44909998774528503,0.4399999976158142,0.44909998774528503,2778,0.0,0.0
2024-07-10 14:30:00-04:00,0.4307999908924103,0.4307999908924103,0.4221999943256378,0.42239999771118164,2163,0.0,0.0
2024-07-10 15:30:00-04:00,0.4399999976158142,0.44179999828338623,0.4334999918937683,0.4415999948978424,4559,0.0,0.0
2024-07-11 09:30:00-04:00,0.4399999976158142,0.4399999976158142,0.4397999942302704,0.4399999976158142,21957,0.0,0.0
2024-07-11 10:30:00-04:00,0.4399000108242035,0.4399999976158142,0.41999998688697815,0.4399999976158142,5575,0.0,0.0
2024-07-11 11:30:00-04:00,0.4300000071525574,0.4399000108242035,0.4300000071525574,0.4300000071525574,3652,0.0,0.0
2024-07-11 12:30:00-04:00,0.4250999987125397,0.4399999976158142,0.4250999987125397,0.4399000108242035,15533,0.0,0.0
2024-07-11 14:30:00-04:00,0.4399999976158142,0.4399999976158142,0.4399999976158142,0.4399999976158142,1130,0.0,0.0
2024-07-11 15:30:00-04:00,0.44999998807907104,0.44999998807907104,0.4490000009536743,0.4490000009536743,646,0.0,0.0
2024-07-12 09:30:00-04:00,0.4138000011444092,0.4494999945163727,0.4099000096321106,0.412200003862381,51684,0.0,0.0
2024-07-12 10:30:00-04:00,0.4300000071525574,0.4399999976158142,0.41499999165534973,0.4293999969959259,12093,0.0,0.0
2024-07-12 11:30:00-04:00,0.4284999966621399,0.4284999966621399,0.41999998688697815,0.420199990272522,3941,0.0,0.0
2024-07-12 12:30:00-04:00,0.41999998688697815,0.42010000348091125,0.40880000591278076,0.40950000286102295,13409,0.0,0.0
2024-07-12 13:30:00-04:00,0.42989999055862427,0.42989999055862427,0.3995000123977661,0.41040000319480896,46253,0.0,0.0
2024-07-12 14:30:00-04:00,0.420199990272522,0.4300000071525574,0.41029998660087585,0.41029998660087585,17549,0.0,0.0
2024-07-12 15:30:00-04:00,0.4104999899864197,0.41269999742507935,0.4104999899864197,0.41269999742507935,2535,0.0,0.0
2024-07-15 09:30:00-04:00,0.400299996137619,0.400299996137619,0.3910999894142151,0.39500001072883606,28168,0.0,0.0
2024-07-15 10:30:00-04:00,0.4000000059604645,0.4047999978065491,0.38600000739097595,0.39259999990463257,36375,0.0,0.0
2024-07-15 11:30:00-04:00,0.39399999380111694,0.39989998936653137,0.39259999990463257,0.39259999990463257,1134,0.0,0.0
2024-07-15 12:30:00-04:00,0.39629998803138733,0.39989998936653137,0.3869999945163727,0.39980000257492065,21240,0.0,0.0
2024-07-15 13:30:00-04:00,0.38999998569488525,0.39100000262260437,0.38999998569488525,0.39100000262260437,1476,0.0,0.0
2024-07-15 14:30:00-04:00,0.3953999876976013,0.39989998936653137,0.3799999952316284,0.3815999925136566,27895,0.0,0.0
2024-07-15 15:30:00-04:00,0.3808000087738037,0.3808000087738037,0.3707999885082245,0.37400001287460327,39630,0.0,0.0
2024-07-16 09:30:00-04:00,3.75,3.8499999046325684,3.5199999809265137,3.75,10052,0.0,0.0
2024-07-16 10:30:00-04:00,3.740000009536743,4.090000152587891,3.680000066757202,3.7909998893737793,8348,0.0,0.0
2024-07-16 11:30:00-04:00,3.809999942779541,3.8499999046325684,3.799999952316284,3.809999942779541,4589,0.0,0.0
2024-07-16 12:30:00-04:00,3.869800090789795,3.949899911880493,3.7799999713897705,3.8996999263763428,5005,0.0,0.0
2024-07-16 13:30:00-04:00,3.9798998832702637,4.230000019073486,3.9798998832702637,4.210000038146973,18139,0.0,0.0
2024-07-16 14:30:00-04:00,4.072400093078613,4.072400093078613,4.010000228881836,4.065000057220459,3628,0.0,0.0
2024-07-16 15:30:00-04:00,3.930000066757202,4.104000091552734,3.930000066757202,4.104000091552734,2958,0.0,0.0
2024-07-17 09:30:00-04:00,4.099999904632568,4.298999786376953,3.9337000846862793,4.170000076293945,7107,0.0,0.0
2024-07-17 11:30:00-04:00,4.199999809265137,4.349899768829346,4.090099811553955,4.090099811553955,6308,0.0,0.0
2024-07-17 12:30:00-04:00,4.0,4.119999885559082,4.0,4.090000152587891,3828,0.0,0.0
2024-07-17 14:30:00-04:00,3.9762001037597656,3.9762001037597656,3.9762001037597656,3.9762001037597656,528,0.0,0.0
2024-07-17 15:30:00-04:00,4.0,4.0,3.9700000286102295,3.9700000286102295,2361,0.0,0.0
2024-07-18 09:30:00-04:00,4.0,4.239999771118164,3.950000047683716,3.9500999450683594,5118,0.0,0.0
2024-07-18 10:30:00-04:00,4.000999927520752,4.010000228881836,3.9600000381469727,3.9677999019622803,1918,0.0,0.0
2024-07-18 11:30:00-04:00,3.8499999046325684,3.9200000762939453,3.8499999046325684,3.9200000762939453,744,0.0,0.0
2024-07-18 12:30:00-04:00,3.880000114440918,3.990000009536743,3.880000114440918,3.9100000858306885,1927,0.0,0.0
2024-07-18 13:30:00-04:00,3.990000009536743,3.990000009536743,3.950000047683716,3.950000047683716,4008,0.0,0.0
2024-07-18 14:30:00-04:00,3.9200000762939453,3.990000009536743,3.7699999809265137,3.990000009536743,4549,0.0,0.0
2024-07-18 15:30:00-04:00,3.819999933242798,3.819999933242798,3.8101000785827637,3.8101000785827637,296,0.0,0.0
2024-07-19 09:30:00-04:00,3.950000047683716,3.950000047683716,3.7899999618530273,3.799999952316284,3089,0.0,0.0
2024-07-19 10:30:00-04:00,3.869999885559082,3.869999885559082,3.869999885559082,3.869999885559082,1343,0.0,0.0
2024-07-19 14:30:00-04:00,3.8099000453948975,3.8099000453948975,3.8099000453948975,3.8099000453948975,1099,0.0,0.0
2024-07-19 15:30:00-04:00,3.700000047683716,3.7200000286102295,3.700000047683716,3.7200000286102295,429,0.0,0.0
2024-07-22 09:30:00-04:00,3.7200000286102295,3.7200000286102295,3.549999952316284,3.61080002784729,5048,0.0,0.0
2024-07-22 10:30:00-04:00,3.5199999809265137,3.5199999809265137,3.3101000785827637,3.3101000785827637,4481,0.0,0.0
2024-07-22 11:30:00-04:00,3.3201000690460205,3.360100030899048,3.3201000690460205,3.360100030899048,926,0.0,0.0
2024-07-22 12:30:00-04:00,3.5450000762939453,3.5450000762939453,3.5450000762939453,3.5450000762939453,788,0.0,0.0
2024-07-22 14:30:00-04:00,3.4800000190734863,3.4800000190734863,3.4800000190734863,3.4800000190734863,403,0.0,0.0
2024-07-22 15:30:00-04:00,3.529400110244751,3.529400110244751,3.5199999809265137,3.5199999809265137,1333,0.0,0.0
2024-07-23 09:30:00-04:00,3.630000114440918,3.9700000286102295,3.490000009536743,3.9700000286102295,9944,0.0,0.0
2024-07-23 10:30:00-04:00,3.759999990463257,3.9100000858306885,3.7149999141693115,3.7149999141693115,7580,0.0,0.0
2024-07-23 11:30:00-04:00,3.8524999618530273,3.8524999618530273,3.8524999618530273,3.8524999618530273,233,0.0,0.0
2024-07-23 12:30:00-04:00,3.9000000953674316,3.930000066757202,3.880000114440918,3.930000066757202,1109,0.0,0.0
2024-07-23 13:30:00-04:00,3.9398000240325928,4.099999904632568,3.8450000286102295,3.8499999046325684,7336,0.0,0.0
2024-07-23 15:30:00-04:00,3.799999952316284,3.799999952316284,3.799999952316284,3.799999952316284,1368,0.0,0.0
2024-07-24 09:30:00-04:00,3.819999933242798,3.8910000324249268,3.6201000213623047,3.6201000213623047,8794,0.0,0.0
2024-07-24 11:30:00-04:00,3.6301000118255615,3.809999942779541,3.6201000213623047,3.630000114440918,1052,0.0,0.0
2024-07-25 09:30:00-04:00,3.75,3.930000066757202,3.75,3.930000066757202,2937,0.0,0.0
2024-07-25 10:30:00-04:00,3.859999895095825,4.0,3.759999990463257,3.9999001026153564,20473,0.0,0.0
2024-07-25 11:30:00-04:00,4.190000057220459,4.190000057220459,3.890000104904175,3.890000104904175,35541,0.0,0.0
2024-07-25 12:30:00-04:00,3.9000000953674316,3.9999001026153564,3.9000000953674316,3.9941000938415527,3388,0.0,0.0
2024-07-25 13:30:00-04:00,3.9553000926971436,3.9553000926971436,3.8901000022888184,3.8901000022888184,873,0.0,0.0
2024-07-25 14:30:00-04:00,3.8550000190734863,3.8550000190734863,3.8550000190734863,3.8550000190734863,3353,0.0,0.0
2024-07-25 15:30:00-04:00,3.890000104904175,3.890000104904175,3.890000104904175,3.890000104904175,731,0.0,0.0
2024-07-26 09:30:00-04:00,4.0,4.159999847412109,3.7200000286102295,3.8959999084472656,22147,0.0,0.0
2024-07-26 10:30:00-04:00,3.813999891281128,3.813999891281128,3.799999952316284,3.799999952316284,657,0.0,0.0
2024-07-26 11:30:00-04:00,3.7850000858306885,3.808799982070923,3.7850000858306885,3.7850000858306885,545,0.0,0.0
2024-07-26 12:30:00-04:00,3.799999952316284,3.799999952316284,3.799999952316284,3.799999952316284,540,0.0,0.0
2024-07-26 13:30:00-04:00,3.75,3.869999885559082,3.619999885559082,3.869999885559082,2352,0.0,0.0
2024-07-26 14:30:00-04:00,3.7899999618530273,3.7899999618530273,3.7899999618530273,3.7899999618530273,160,0.0,0.0
2024-07-26 15:30:00-04:00,3.809999942779541,3.809999942779541,3.809999942779541,3.809999942779541,162,0.0,0.0
2024-07-29 09:30:00-04:00,4.070000171661377,4.070000171661377,3.819999933242798,3.8217999935150146,1682,0.0,0.0
2024-07-29 10:30:00-04:00,3.859999895095825,3.859999895095825,3.859999895095825,3.859999895095825,742,0.0,0.0
2024-07-29 11:30:00-04:00,3.990000009536743,4.0,3.990000009536743,4.0,8932,0.0,0.0
2024-07-29 12:30:00-04:00,4.25,4.25,3.8935999870300293,3.9800000190734863,8702,0.0,0.0
2024-07-29 14:30:00-04:00,3.981600046157837,3.990000009536743,3.819999933242798,3.8954999446868896,6078,0.0,0.0
2024-07-29 15:30:00-04:00,3.9000000953674316,3.9899001121520996,3.9000000953674316,3.9899001121520996,3076,0.0,0.0
2024-07-30 09:30:00-04:00,3.9100000858306885,3.949899911880493,3.875,3.9000000953674316,11056,0.0,0.0
2024-07-30 10:30:00-04:00,3.994999885559082,4.099999904632568,3.9309000968933105,4.039999961853027,17228,0.0,0.0
2024-07-30 11:30:00-04:00,3.9702999591827393,4.0,3.950200080871582,3.950200080871582,6946,0.0,0.0
2024-07-30 12:30:00-04:00,3.900700092315674,3.900700092315674,3.776099920272827,3.776099920272827,4347,0.0,0.0
2024-07-30 13:30:00-04:00,3.7799999713897705,3.819999933242798,3.7799999713897705,3.7899999618530273,2787,0.0,0.0
2024-07-30 15:30:00-04:00,3.7200000286102295,3.7200000286102295,3.400099992752075,3.400099992752075,27952,0.0,0.0
2024-07-31 09:30:00-04:00,3.759999990463257,3.759999990463257,3.619999885559082,3.639899969100952,1979,0.0,0.0
2024-07-31 10:30:00-04:00,3.5959999561309814,3.5959999561309814,3.478800058364868,3.478800058364868,855,0.0,0.0
2024-07-31 11:30:00-04:00,3.5624001026153564,3.628700017929077,3.54010009765625,3.54010009765625,7155,0.0,0.0
2024-07-31 13:30:00-04:00,3.5399999618530273,3.549999952316284,3.505000114440918,3.549999952316284,642,0.0,0.0
2024-07-31 14:30:00-04:00,3.5799999237060547,3.5799999237060547,3.5799999237060547,3.5799999237060547,806,0.0,0.0
2024-08-01 09:30:00-04:00,3.690000057220459,3.690000057220459,3.5999999046325684,3.5999999046325684,2017,0.0,0.0
2024-08-01 10:30:00-04:00,3.6005001068115234,3.6005001068115234,3.4700000286102295,3.4700000286102295,3212,0.0,0.0
2024-08-01 11:30:00-04:00,3.5118000507354736,3.5399999618530273,3.5118000507354736,3.5399999618530273,1038,0.0,0.0
2024-08-01 12:30:00-04:00,3.5299999713897705,3.639899969100952,3.5299999713897705,3.639899969100952,3394,0.0,0.0
2024-08-01 14:30:00-04:00,3.5,3.5250000953674316,3.4100000858306885,3.4100000858306885,2282,0.0,0.0
2024-08-01 15:30:00-04:00,3.515000104904175,3.515000104904175,3.515000104904175,3.515000104904175,297,0.0,0.0
2024-08-02 11:30:00-04:00,3.330199956893921,3.380000114440918,3.330199956893921,3.380000114440918,2328,0.0,0.0
2024-08-02 12:30:00-04:00,3.3499999046325684,3.3712000846862793,3.3499999046325684,3.350100040435791,4901,0.0,0.0
2024-08-02 13:30:00-04:00,3.180000066757202,3.180000066757202,3.180000066757202,3.180000066757202,2559,0.0,0.0
2024-08-02 14:30:00-04:00,3.25,3.25,3.25,3.25,1627,0.0,0.0
2024-08-02 15:30:00-04:00,3.344599962234497,3.344599962234497,3.2699999809265137,3.2699999809265137,1193,0.0,0.0
