Datetime,Open,High,Low,Close,Volume,Dividends,Stock Splits,Capital Gains
2022-08-04 10:30:00-04:00,24.2450008392334,24.299999237060547,24.235000610351562,24.235000610351562,1936,0.0,0.0,0.0
2022-08-05 09:30:00-04:00,23.979999542236328,23.979999542236328,23.979999542236328,23.979999542236328,0,0.0,0.0,0.0
2022-08-05 10:30:00-04:00,24.059999465942383,24.09000015258789,24.059900283813477,24.084999084472656,1461,0.0,0.0,0.0
2022-08-05 12:30:00-04:00,24.059999465942383,24.059999465942383,24.059999465942383,24.059999465942383,100,0.0,0.0,0.0
2022-08-05 15:30:00-04:00,24.18000030517578,24.209999084472656,24.145999908447266,24.165000915527344,2176,0.0,0.0,0.0
2022-08-08 09:30:00-04:00,24.420000076293945,24.420000076293945,24.420000076293945,24.420000076293945,0,0.0,0.0,0.0
2022-08-08 12:30:00-04:00,24.440200805664062,24.440200805664062,24.440200805664062,24.440200805664062,902,0.0,0.0,0.0
2022-08-08 13:30:00-04:00,24.450000762939453,24.50040054321289,24.450000762939453,24.50040054321289,0,0.0,0.0,0.0
2022-08-09 15:30:00-04:00,24.25,24.25,24.19770050048828,24.19770050048828,509,0.0,0.0,0.0
2022-08-10 13:30:00-04:00,24.56999969482422,24.56999969482422,24.520000457763672,24.520000457763672,5587,0.0,0.0,0.0
2022-08-10 14:30:00-04:00,24.579999923706055,24.579999923706055,24.579999923706055,24.579999923706055,280,0.0,0.0,0.0
2022-08-10 15:30:00-04:00,24.510000228881836,24.510000228881836,24.510000228881836,24.510000228881836,100,0.0,0.0,0.0
2022-08-11 12:30:00-04:00,24.639299392700195,24.639299392700195,24.639299392700195,24.639299392700195,0,0.0,0.0,0.0
2022-08-11 14:30:00-04:00,24.4950008392334,24.4950008392334,24.4950008392334,24.4950008392334,122,0.0,0.0,0.0
2022-08-11 15:30:00-04:00,24.43000030517578,24.47170066833496,24.43000030517578,24.47170066833496,100,0.0,0.0,0.0
2022-08-12 11:30:00-04:00,24.605899810791016,24.659099578857422,24.605899810791016,24.605899810791016,606,0.0,0.0,0.0
2022-08-15 12:30:00-04:00,24.58009910583496,24.58009910583496,24.58009910583496,24.58009910583496,6,0.0,0.0,0.0
2022-08-15 14:30:00-04:00,24.610000610351562,24.653200149536133,24.610000610351562,24.653200149536133,0,0.0,0.0,0.0
2022-08-16 11:30:00-04:00,24.43000030517578,24.43000030517578,24.43000030517578,24.43000030517578,172,0.0,0.0,0.0
2022-08-16 12:30:00-04:00,24.459699630737305,24.459699630737305,24.446500778198242,24.459699630737305,1052,0.0,0.0,0.0
2022-08-17 11:30:00-04:00,24.18939971923828,24.200000762939453,24.18939971923828,24.200000762939453,0,0.0,0.0,0.0
2022-08-18 13:30:00-04:00,24.090700149536133,24.090700149536133,24.090700149536133,24.090700149536133,643,0.0,0.0,0.0
2022-08-18 14:30:00-04:00,24.149999618530273,24.170000076293945,24.135000228881836,24.158599853515625,1978,0.0,0.0,0.0
2022-08-18 15:30:00-04:00,24.16080093383789,24.165000915527344,23.825000762939453,23.825000762939453,0,0.0,0.0,0.0
2022-08-22 09:30:00-04:00,23.630599975585938,23.860000610351562,23.602399826049805,23.602399826049805,2195,0.0,0.0,0.0
2022-08-24 10:30:00-04:00,23.940000534057617,23.940000534057617,23.93000030517578,23.93000030517578,0,0.0,0.0,0.0
2022-08-24 11:30:00-04:00,23.934999465942383,24.08209991455078,23.856300354003906,23.856300354003906,773,0.0,0.0,0.0
2022-08-26 09:30:00-04:00,24.100000381469727,24.100000381469727,24.100000381469727,24.100000381469727,0,0.0,0.0,0.0
2022-08-26 11:30:00-04:00,23.94499969482422,23.94499969482422,23.90999984741211,23.90999984741211,943,0.0,0.0,0.0
2022-08-26 12:30:00-04:00,23.864599227905273,23.864599227905273,23.78190040588379,23.78190040588379,2002,0.0,0.0,0.0
2022-08-30 15:30:00-04:00,23.649999618530273,23.649999618530273,23.608600616455078,23.608600616455078,617,0.0,0.0,0.0
2022-08-31 14:30:00-04:00,23.483600616455078,23.483600616455078,23.277999877929688,23.483600616455078,302,0.0,0.0,0.0
2022-09-02 10:30:00-04:00,23.5310001373291,23.5310001373291,23.35610008239746,23.530000686645508,1436,0.0,0.0,0.0
2022-09-06 12:30:00-04:00,23.2189998626709,23.229999542236328,23.200000762939453,23.200000762939453,409,0.0,0.0,0.0
2022-09-06 13:30:00-04:00,23.194499969482422,23.194499969482422,23.14389991760254,23.14389991760254,1615,0.0,0.0,0.0
2022-09-07 09:30:00-04:00,23.229000091552734,23.229999542236328,23.229000091552734,23.229900360107422,0,0.0,0.0,0.0
2022-09-07 11:30:00-04:00,23.31999969482422,23.324800491333008,23.31999969482422,23.324800491333008,891,0.0,0.0,0.0
2022-09-07 12:30:00-04:00,23.34000015258789,23.51300048828125,23.34000015258789,23.51300048828125,0,0.0,0.0,0.0
2022-09-09 09:30:00-04:00,23.639999389648438,23.639999389648438,23.61400032043457,23.61400032043457,93,0.0,0.0,0.0
2022-09-12 13:30:00-04:00,23.643800735473633,23.643800735473633,23.643800735473633,23.643800735473633,565,0.0,0.0,0.0
2022-09-12 14:30:00-04:00,23.621000289916992,23.621000289916992,23.609399795532227,23.609399795532227,1500,0.0,0.0,0.0
2022-09-13 10:30:00-04:00,23.358999252319336,23.358999252319336,23.24139976501465,23.24139976501465,0,0.0,0.0,0.0
2022-09-15 14:30:00-04:00,23.22249984741211,23.239900588989258,23.22249984741211,23.239900588989258,2596,0.0,0.0,0.0
2022-09-16 09:30:00-04:00,23.079999923706055,23.079999923706055,23.079999923706055,23.079999923706055,0,0.0,0.0,0.0
2022-09-16 10:30:00-04:00,23.170000076293945,23.170000076293945,23.106800079345703,23.106800079345703,1318,0.0,0.0,0.0
2022-09-19 10:30:00-04:00,23.139999389648438,23.139999389648438,23.139999389648438,23.139999389648438,0,0.0,0.0,0.0
2022-09-19 12:30:00-04:00,23.1299991607666,23.17009925842285,23.1299991607666,23.17009925842285,660,0.0,0.0,0.0
2022-09-20 09:30:00-04:00,22.948999404907227,22.950000762939453,22.948999404907227,22.950000762939453,0,0.0,0.0,0.0
2022-09-20 13:30:00-04:00,23.0,23.0,23.0,23.0,106,0.0,0.0,0.0
2022-09-20 14:30:00-04:00,22.950000762939453,22.969999313354492,22.950000762939453,22.95989990234375,2521,0.0,0.0,0.0
2022-09-20 15:30:00-04:00,22.971599578857422,22.972999572753906,22.971599578857422,22.972999572753906,1464,0.0,0.0,0.0
2022-09-21 13:30:00-04:00,23.0,23.0,23.0,23.0,0,0.0,0.0,0.0
2022-09-21 14:30:00-04:00,23.09000015258789,23.09000015258789,23.09000015258789,23.09000015258789,132,0.0,0.0,0.0
2022-09-21 15:30:00-04:00,22.969999313354492,22.969999313354492,22.919599533081055,22.919599533081055,100,0.0,0.0,0.0
2022-09-22 09:30:00-04:00,22.899999618530273,22.899999618530273,22.899999618530273,22.899999618530273,0,0.0,0.0,0.0
2022-09-22 10:30:00-04:00,22.795000076293945,22.795000076293945,22.785999298095703,22.785999298095703,313,0.0,0.0,0.0
2022-09-23 10:30:00-04:00,22.510000228881836,22.529300689697266,22.510000228881836,22.529300689697266,0,0.0,0.0,0.0
2022-09-26 14:30:00-04:00,22.100000381469727,22.10140037536621,22.099899291992188,22.10140037536621,1480,0.0,0.0,0.0
2022-09-26 15:30:00-04:00,22.0939998626709,22.0939998626709,22.075000762939453,22.075000762939453,2368,0.0,0.0,0.0
2022-09-27 09:30:00-04:00,22.048999786376953,22.049999237060547,22.048999786376953,22.049999237060547,0,0.0,0.0,0.0
2022-09-27 10:30:00-04:00,21.993099212646484,21.993099212646484,21.993099212646484,21.993099212646484,132,0.0,0.0,0.0
2022-09-27 11:30:00-04:00,21.979999542236328,21.979999542236328,21.979999542236328,21.979999542236328,100,0.0,0.0,0.0
2022-09-27 14:30:00-04:00,21.76099967956543,21.790000915527344,21.76099967956543,21.790000915527344,342,0.0,0.0,0.0
2022-09-27 15:30:00-04:00,21.780000686645508,21.780000686645508,21.715599060058594,21.715599060058594,100,0.0,0.0,0.0
2022-09-28 14:30:00-04:00,22.149999618530273,22.149999618530273,22.149999618530273,22.149999618530273,100,0.0,0.0,0.0
2022-09-28 15:30:00-04:00,22.209999084472656,22.219999313354492,22.209999084472656,22.217899322509766,1163,0.0,0.0,0.0
2022-09-29 09:30:00-04:00,21.809999465942383,21.915000915527344,21.809999465942383,21.915000915527344,0,0.0,0.0,0.0
2022-09-30 10:30:00-04:00,21.989999771118164,21.989999771118164,21.989999771118164,21.989999771118164,0,0.0,0.0,0.0
2022-09-30 11:30:00-04:00,21.979999542236328,21.979999542236328,21.850000381469727,21.850000381469727,1100,0.0,0.0,0.0
2022-09-30 12:30:00-04:00,21.90999984741211,21.90999984741211,21.89929962158203,21.89929962158203,40507,0.0,0.0,0.0
2022-09-30 15:30:00-04:00,21.899999618530273,21.899999618530273,21.86750030517578,21.86750030517578,300,0.0,0.0,0.0
2022-10-03 10:30:00-04:00,22.180099487304688,22.180099487304688,22.180099487304688,22.180099487304688,223,0.0,0.0,0.0
2022-10-03 11:30:00-04:00,22.209999084472656,22.209999084472656,22.207300186157227,22.207300186157227,626,0.0,0.0,0.0
2022-10-03 12:30:00-04:00,22.18000030517578,22.18000030517578,22.18000030517578,22.18000030517578,1602,0.0,0.0,0.0
2022-10-03 13:30:00-04:00,22.117399215698242,22.1299991607666,22.100000381469727,22.1299991607666,2518,0.0,0.0,0.0
2022-10-03 14:30:00-04:00,22.1299991607666,22.1299991607666,22.096099853515625,22.096099853515625,5100,0.0,0.0,0.0
2022-10-04 09:30:00-04:00,22.448299407958984,22.448299407958984,22.448299407958984,22.448299407958984,0,0.0,0.0,0.0
2022-10-04 10:30:00-04:00,22.489999771118164,22.5,22.489999771118164,22.489999771118164,4170,0.0,0.0,0.0
2022-10-04 11:30:00-04:00,22.440000534057617,22.440000534057617,22.440000534057617,22.440000534057617,2002,0.0,0.0,0.0
2022-10-04 14:30:00-04:00,22.43899917602539,22.4601993560791,22.43899917602539,22.4601993560791,1144,0.0,0.0,0.0
2022-10-05 09:30:00-04:00,22.110000610351562,22.110000610351562,22.110000610351562,22.110000610351562,0,0.0,0.0,0.0
2022-10-05 10:30:00-04:00,22.15999984741211,22.15999984741211,22.15999984741211,22.15999984741211,100,0.0,0.0,0.0
2022-10-05 13:30:00-04:00,22.200000762939453,22.200000762939453,22.139999389648438,22.190000534057617,7910,0.0,0.0,0.0
2022-10-05 15:30:00-04:00,22.25,22.25,22.190099716186523,22.190099716186523,100,0.0,0.0,0.0
2022-10-06 09:30:00-04:00,22.25,22.25,22.229999542236328,22.241899490356445,0,0.0,0.0,0.0
2022-10-06 10:30:00-04:00,22.139999389648438,22.139999389648438,22.139999389648438,22.139999389648438,100,0.0,0.0,0.0
2022-10-06 15:30:00-04:00,22.1200008392334,22.1200008392334,22.1028995513916,22.1028995513916,100,0.0,0.0,0.0
2022-10-07 09:30:00-04:00,21.8799991607666,21.950000762939453,21.8799991607666,21.950000762939453,0,0.0,0.0,0.0
2022-10-07 10:30:00-04:00,21.940000534057617,21.979999542236328,21.940000534057617,21.979999542236328,0,0.0,0.0,0.0
2022-10-07 12:30:00-04:00,21.959999084472656,21.959999084472656,21.855600357055664,21.855600357055664,2804,0.0,0.0,0.0
2022-10-10 09:30:00-04:00,21.819000244140625,21.81999969482422,21.819000244140625,21.81999969482422,0,0.0,0.0,0.0
2022-10-10 10:30:00-04:00,21.739999771118164,21.774999618530273,21.700000762939453,21.700000762939453,809,0.0,0.0,0.0
2022-10-11 09:30:00-04:00,21.729000091552734,21.737499237060547,21.729000091552734,21.737499237060547,1025,0.0,0.0,0.0
2022-10-11 11:30:00-04:00,21.829999923706055,21.829999923706055,21.829999923706055,21.829999923706055,100,0.0,0.0,0.0
2022-10-11 13:30:00-04:00,21.868999481201172,21.8700008392334,21.84000015258789,21.843700408935547,2585,0.0,0.0,0.0
2022-10-11 14:30:00-04:00,21.850000381469727,21.850000381469727,21.700000762939453,21.741600036621094,2961,0.0,0.0,0.0
2022-10-12 09:30:00-04:00,21.690000534057617,21.719999313354492,21.690000534057617,21.719999313354492,0,0.0,0.0,0.0
2022-10-12 10:30:00-04:00,21.709999084472656,21.709999084472656,21.709999084472656,21.709999084472656,1000,0.0,0.0,0.0
2022-10-12 11:30:00-04:00,21.739999771118164,21.739999771118164,21.739999771118164,21.739999771118164,100,0.0,0.0,0.0
2022-10-12 12:30:00-04:00,21.760000228881836,21.760000228881836,21.760000228881836,21.760000228881836,100,0.0,0.0,0.0
2022-10-12 13:30:00-04:00,21.770000457763672,21.770000457763672,21.770000457763672,21.770000457763672,100,0.0,0.0,0.0
2022-10-12 14:30:00-04:00,21.760000228881836,21.760000228881836,21.7189998626709,21.7189998626709,100,0.0,0.0,0.0
2022-10-13 10:30:00-04:00,21.65999984741211,21.65999984741211,21.65999984741211,21.65999984741211,0,0.0,0.0,0.0
2022-10-13 15:30:00-04:00,21.68000030517578,21.680500030517578,21.657800674438477,21.657800674438477,267,0.0,0.0,0.0
2022-10-14 09:30:00-04:00,21.81999969482422,21.81999969482422,21.81999969482422,21.81999969482422,632,0.0,0.0,0.0
2022-10-14 10:30:00-04:00,21.56999969482422,21.56999969482422,21.56999969482422,21.56999969482422,100,0.0,0.0,0.0
2022-10-14 12:30:00-04:00,21.549999237060547,21.549999237060547,21.53499984741211,21.540000915527344,370,0.0,0.0,0.0
2022-10-17 13:30:00-04:00,21.635000228881836,21.635000228881836,21.635000228881836,21.635000228881836,1,0.0,0.0,0.0
2022-10-17 14:30:00-04:00,21.6299991607666,21.6299991607666,21.570100784301758,21.570100784301758,100,0.0,0.0,0.0
2022-10-18 10:30:00-04:00,21.725000381469727,21.725000381469727,21.725000381469727,21.725000381469727,0,0.0,0.0,0.0
2022-10-18 12:30:00-04:00,21.670000076293945,21.76180076599121,21.670000076293945,21.76180076599121,102,0.0,0.0,0.0
2022-10-19 12:30:00-04:00,21.479999542236328,21.479999542236328,21.479999542236328,21.479999542236328,0,0.0,0.0,0.0
2022-10-19 15:30:00-04:00,21.489999771118164,21.494199752807617,21.479999542236328,21.48710060119629,1442,0.0,0.0,0.0
2022-10-20 12:30:00-04:00,21.329999923706055,21.329999923706055,21.329999923706055,21.329999923706055,0,0.0,0.0,0.0
2022-10-20 13:30:00-04:00,21.239900588989258,21.360000610351562,21.237699508666992,21.264699935913086,4406,0.0,0.0,0.0
2022-10-21 12:30:00-04:00,21.40999984741211,21.40999984741211,21.40999984741211,21.40999984741211,0,0.0,0.0,0.0
2022-10-21 15:30:00-04:00,21.479999542236328,21.479999542236328,21.47279930114746,21.47279930114746,1900,0.0,0.0,0.0
2022-10-24 09:30:00-04:00,21.3799991607666,21.3799991607666,21.360000610351562,21.3799991607666,28952,0.0,0.0,0.0
2022-10-24 10:30:00-04:00,21.3799991607666,21.3799991607666,21.3799991607666,21.3799991607666,100,0.0,0.0,0.0
2022-10-24 13:30:00-04:00,21.458999633789062,21.459999084472656,21.458999633789062,21.459999084472656,652,0.0,0.0,0.0
2022-10-24 14:30:00-04:00,21.459999084472656,21.469999313354492,21.450000762939453,21.465599060058594,3426,0.0,0.0,0.0
2022-10-25 09:30:00-04:00,21.639999389648438,21.639999389648438,21.610000610351562,21.610000610351562,0,0.0,0.0,0.0
2022-10-25 11:30:00-04:00,21.709999084472656,21.719999313354492,21.709999084472656,21.709999084472656,900,0.0,0.0,0.0
2022-10-25 12:30:00-04:00,21.709999084472656,21.735000610351562,21.709999084472656,21.729999542236328,1100,0.0,0.0,0.0
2022-10-25 13:30:00-04:00,21.725000381469727,21.816699981689453,21.639999389648438,21.816699981689453,5057,0.0,0.0,0.0
2022-10-26 09:30:00-04:00,21.850000381469727,21.850000381469727,21.850000381469727,21.850000381469727,0,0.0,0.0,0.0
2022-10-26 12:30:00-04:00,22.065000534057617,22.065000534057617,22.059999465942383,22.059999465942383,201,0.0,0.0,0.0
2022-10-26 13:30:00-04:00,21.989900588989258,21.989900588989258,21.96179962158203,21.96179962158203,474,0.0,0.0,0.0
2022-10-27 09:30:00-04:00,22.038000106811523,22.038000106811523,22.038000106811523,22.038000106811523,0,0.0,0.0,0.0
2022-10-27 10:30:00-04:00,22.079999923706055,22.079999923706055,22.079999923706055,22.079999923706055,0,0.0,0.0,0.0
2022-10-27 14:30:00-04:00,22.020999908447266,22.020999908447266,22.0,22.0,3043,0.0,0.0,0.0
2022-10-27 15:30:00-04:00,22.040000915527344,22.040000915527344,22.03619956970215,22.03619956970215,100,0.0,0.0,0.0
2022-10-28 09:30:00-04:00,21.950000762939453,22.079999923706055,21.950000762939453,22.079999923706055,188,0.0,0.0,0.0
2022-10-28 14:30:00-04:00,22.079999923706055,22.079999923706055,22.079999923706055,22.079999923706055,100,0.0,0.0,0.0
2022-10-28 15:30:00-04:00,22.07990074157715,22.08639907836914,22.07990074157715,22.08639907836914,200,0.0,0.0,0.0
2022-10-31 10:30:00-04:00,21.850000381469727,21.8700008392334,21.850000381469727,21.850099563598633,4466,0.0,0.0,0.0
2022-10-31 11:30:00-04:00,21.84000015258789,22.0487003326416,21.802000045776367,22.0487003326416,0,0.0,0.0,0.0
2022-11-02 09:30:00-04:00,22.0,22.0,21.8882999420166,21.8882999420166,685,0.0,0.0,0.0
2022-11-03 12:30:00-04:00,21.815500259399414,21.815500259399414,21.815500259399414,21.815500259399414,330,0.0,0.0,0.0
2022-11-03 13:30:00-04:00,21.809999465942383,21.854999542236328,21.809999465942383,21.854999542236328,134,0.0,0.0,0.0
2022-11-04 09:30:00-04:00,22.0,22.030000686645508,22.0,22.030000686645508,0,0.0,0.0,0.0
2022-11-04 13:30:00-04:00,22.030000686645508,22.049999237060547,22.030000686645508,22.049999237060547,862,0.0,0.0,0.0
2022-11-04 15:30:00-04:00,22.1299991607666,22.170000076293945,22.1299991607666,22.15850067138672,2500,0.0,0.0,0.0
2022-11-07 09:30:00-05:00,22.149999618530273,22.150100708007812,22.09000015258789,22.148500442504883,0,0.0,0.0,0.0
2022-11-07 10:30:00-05:00,22.10759925842285,22.10759925842285,22.106599807739258,22.106599807739258,103,0.0,0.0,0.0
2022-11-08 09:30:00-05:00,22.18000030517578,22.18000030517578,22.18000030517578,22.18000030517578,0,0.0,0.0,0.0
2022-11-08 10:30:00-05:00,22.269899368286133,22.269899368286133,22.269899368286133,22.269899368286133,169,0.0,0.0,0.0
2022-11-08 11:30:00-05:00,22.270000457763672,22.278900146484375,22.270000457763672,22.278900146484375,502,0.0,0.0,0.0
2022-11-09 09:30:00-05:00,22.144699096679688,22.144699096679688,22.031700134277344,22.031700134277344,0,0.0,0.0,0.0
2022-11-10 10:30:00-05:00,22.850000381469727,22.850000381469727,22.850000381469727,22.850000381469727,0,0.0,0.0,0.0
2022-11-10 11:30:00-05:00,22.8700008392334,22.8700008392334,22.8700008392334,22.8700008392334,101,0.0,0.0,0.0
2022-11-10 12:30:00-05:00,22.798999786376953,22.799999237060547,22.79640007019043,22.79640007019043,2977,0.0,0.0,0.0
2022-11-10 13:30:00-05:00,22.809999465942383,22.815200805664062,22.809999465942383,22.815000534057617,3083,0.0,0.0,0.0
2022-11-10 14:30:00-05:00,22.799999237060547,22.956100463867188,22.799999237060547,22.956100463867188,176,0.0,0.0,0.0
2022-11-11 13:30:00-05:00,22.979999542236328,22.979999542236328,22.9601993560791,22.963199615478516,773,0.0,0.0,0.0
2022-11-15 09:30:00-05:00,23.170000076293945,23.170000076293945,23.170000076293945,23.170000076293945,0,0.0,0.0,0.0
2022-11-15 14:30:00-05:00,23.09119987487793,23.212600708007812,23.09119987487793,23.212600708007812,867,0.0,0.0,0.0
2022-11-16 10:30:00-05:00,23.219999313354492,23.219999313354492,23.219999313354492,23.219999313354492,0,0.0,0.0,0.0
2022-11-16 14:30:00-05:00,23.239999771118164,23.239999771118164,23.229999542236328,23.235200881958008,3858,0.0,0.0,0.0
2022-11-17 09:30:00-05:00,22.950000762939453,22.950000762939453,22.950000762939453,22.950000762939453,0,0.0,0.0,0.0
2022-11-17 14:30:00-05:00,23.02899932861328,23.038999557495117,23.00950050354004,23.038999557495117,3016,0.0,0.0,0.0
2022-11-18 09:30:00-05:00,23.1299991607666,23.1299991607666,23.010000228881836,23.020000457763672,0,0.0,0.0,0.0
2022-11-18 10:30:00-05:00,23.020000457763672,23.020000457763672,23.010000228881836,23.020000457763672,650,0.0,0.0,0.0
2022-11-18 12:30:00-05:00,22.979999542236328,23.0,22.979999542236328,23.0,250,0.0,0.0,0.0
2022-11-18 13:30:00-05:00,23.0,23.0,23.0,23.0,100,0.0,0.0,0.0
2022-11-18 14:30:00-05:00,23.010000228881836,23.020000457763672,23.010000228881836,23.020000457763672,300,0.0,0.0,0.0
2022-11-18 15:30:00-05:00,23.020000457763672,23.030000686645508,23.020000457763672,23.02120018005371,200,0.0,0.0,0.0
2022-11-21 09:30:00-05:00,23.170000076293945,23.170000076293945,23.09000015258789,23.09000015258789,848,0.0,0.0,0.0
2022-11-21 10:30:00-05:00,23.079999923706055,23.079999923706055,23.079999923706055,23.079999923706055,100,0.0,0.0,0.0
2022-11-21 11:30:00-05:00,23.079999923706055,23.079999923706055,23.059999465942383,23.072599411010742,656,0.0,0.0,0.0
2022-11-22 13:30:00-05:00,23.23900032043457,23.250900268554688,23.23900032043457,23.250900268554688,0,0.0,0.0,0.0
2022-11-23 10:30:00-05:00,23.399999618530273,23.399999618530273,23.396799087524414,23.396799087524414,0,0.0,0.0,0.0
2022-11-28 12:30:00-05:00,23.43000030517578,23.43000030517578,23.399999618530273,23.409000396728516,456,0.0,0.0,0.0
2022-11-29 10:30:00-05:00,23.540000915527344,23.540000915527344,23.500999450683594,23.500999450683594,50,0.0,0.0,0.0
2022-11-30 13:30:00-05:00,23.649999618530273,23.790000915527344,23.628999710083008,23.790000915527344,3215,0.0,0.0,0.0
2022-11-30 14:30:00-05:00,23.709999084472656,23.755599975585938,23.70989990234375,23.70989990234375,1742,0.0,0.0,0.0
2022-12-01 13:30:00-05:00,24.06999969482422,24.06999969482422,24.06999969482422,24.06999969482422,0,0.0,0.0,0.0
2022-12-01 14:30:00-05:00,24.030000686645508,24.040000915527344,24.030000686645508,24.040000915527344,4505,0.0,0.0,0.0
2022-12-01 15:30:00-05:00,24.09000015258789,24.108299255371094,24.09000015258789,24.108299255371094,200,0.0,0.0,0.0
2022-12-02 09:30:00-05:00,23.799999237060547,23.799999237060547,23.799999237060547,23.799999237060547,0,0.0,0.0,0.0
2022-12-02 10:30:00-05:00,23.84000015258789,23.84000015258789,23.84000015258789,23.84000015258789,200,0.0,0.0,0.0
2022-12-02 11:30:00-05:00,23.8700008392334,23.979999542236328,23.8700008392334,23.979999542236328,517,0.0,0.0,0.0
2022-12-02 12:30:00-05:00,23.979999542236328,23.979999542236328,23.979999542236328,23.979999542236328,204,0.0,0.0,0.0
2022-12-02 13:30:00-05:00,23.989999771118164,24.022600173950195,23.989999771118164,24.022600173950195,302,0.0,0.0,0.0
2022-12-05 09:30:00-05:00,23.8700008392334,23.8700008392334,23.8700008392334,23.8700008392334,0,0.0,0.0,0.0
2022-12-05 10:30:00-05:00,23.889999389648438,23.889999389648438,23.889999389648438,23.889999389648438,102,0.0,0.0,0.0
2022-12-05 14:30:00-05:00,23.7189998626709,23.729000091552734,23.700000762939453,23.711000442504883,706,0.0,0.0,0.0
2022-12-06 10:30:00-05:00,23.660999298095703,23.660999298095703,23.649999618530273,23.649999618530273,392,0.0,0.0,0.0
2022-12-06 11:30:00-05:00,23.65999984741211,23.65999984741211,23.627399444580078,23.627399444580078,334,0.0,0.0,0.0
2022-12-06 13:30:00-05:00,23.625200271606445,23.625200271606445,23.625200271606445,23.625200271606445,0,0.0,0.0,0.0
2022-12-07 09:30:00-05:00,23.75,23.75,23.75,23.75,316,0.0,0.0,0.0
2022-12-07 13:30:00-05:00,23.86319923400879,23.909700393676758,23.86319923400879,23.909700393676758,1904,0.0,0.0,0.0
2022-12-08 09:30:00-05:00,23.90999984741211,23.98200035095215,23.90999984741211,23.98200035095215,0,0.0,0.0,0.0
2022-12-08 12:30:00-05:00,23.899999618530273,23.899999618530273,23.8981990814209,23.8981990814209,781,0.0,0.0,0.0
2022-12-09 11:30:00-05:00,23.895000457763672,23.899999618530273,23.895000457763672,23.895000457763672,100,0.0,0.0,0.0
2022-12-09 12:30:00-05:00,23.8700008392334,23.8700008392334,23.8700008392334,23.8700008392334,102,0.0,0.0,0.0
2022-12-09 14:30:00-05:00,23.829999923706055,23.829999923706055,23.809999465942383,23.809999465942383,2294,0.0,0.0,0.0
2022-12-09 15:30:00-05:00,23.809999465942383,23.809999465942383,23.767099380493164,23.767099380493164,200,0.0,0.0,0.0
2022-12-12 11:30:00-05:00,23.825000762939453,23.825000762939453,23.825000762939453,23.825000762939453,0,0.0,0.0,0.0
2022-12-12 12:30:00-05:00,23.829999923706055,23.829999923706055,23.81999969482422,23.81999969482422,200,0.0,0.0,0.0
2022-12-12 13:30:00-05:00,23.781999588012695,23.80970001220703,23.781999588012695,23.80970001220703,283,0.0,0.0,0.0
2022-12-13 11:30:00-05:00,24.1200008392334,24.1200008392334,24.1200008392334,24.1200008392334,0,0.0,0.0,0.0
2022-12-13 13:30:00-05:00,24.06999969482422,24.06999969482422,24.027799606323242,24.027799606323242,100,0.0,0.0,0.0
2022-12-14 13:30:00-05:00,24.049999237060547,24.049999237060547,24.049999237060547,24.049999237060547,0,0.0,0.0,0.0
2022-12-14 14:30:00-05:00,23.90999984741211,24.01409912109375,23.90999984741211,24.01409912109375,200,0.0,0.0,0.0
2022-12-15 13:30:00-05:00,23.920000076293945,23.920000076293945,23.920000076293945,23.920000076293945,0,0.0,0.0,0.0
2022-12-15 15:30:00-05:00,23.924999237060547,23.925399780273438,23.924999237060547,23.925399780273438,1723,0.0,0.0,0.0
2022-12-16 10:30:00-05:00,23.730899810791016,23.774999618530273,23.730899810791016,23.774999618530273,0,0.0,0.0,0.0
2022-12-19 09:30:00-05:00,23.6200008392334,23.6200008392334,23.6200008392334,23.6200008392334,1715,0.0,0.0,0.0
2022-12-19 10:30:00-05:00,23.604999542236328,23.604999542236328,23.600000381469727,23.600000381469727,441,0.0,0.0,0.0
2022-12-19 13:30:00-05:00,23.510099411010742,23.527700424194336,23.510099411010742,23.527700424194336,213,0.0,0.0,0.0
2022-12-20 09:30:00-05:00,23.399999618530273,23.40999984741211,23.399999618530273,23.40999984741211,563,0.0,0.0,0.0
2022-12-20 13:30:00-05:00,23.459999084472656,23.459999084472656,23.459999084472656,23.459999084472656,700,0.0,0.0,0.0
2022-12-20 15:30:00-05:00,23.469900131225586,23.469900131225586,23.43199920654297,23.43199920654297,19406,0.0,0.0,0.0
2022-12-21 09:30:00-05:00,23.65999984741211,23.65999984741211,23.58799934387207,23.59000015258789,0,0.0,0.0,0.0
2022-12-21 10:30:00-05:00,23.635000228881836,23.635000228881836,23.635000228881836,23.635000228881836,100,0.0,0.0,0.0
2022-12-21 11:30:00-05:00,23.6299991607666,23.69580078125,23.6299991607666,23.69580078125,100,0.0,0.0,0.0
2022-12-22 11:30:00-05:00,23.579999923706055,23.579999923706055,23.579999923706055,23.579999923706055,0,0.0,0.0,0.0
2022-12-22 13:30:00-05:00,23.520000457763672,23.530000686645508,23.520000457763672,23.530000686645508,1845,0.0,0.0,0.0
2022-12-22 14:30:00-05:00,23.559999465942383,23.587099075317383,23.5,23.587099075317383,6096,0.0,0.0,0.0
2022-12-23 12:30:00-05:00,23.510000228881836,23.510000228881836,23.469999313354492,23.469999313354492,0,0.0,0.0,0.0
2022-12-27 09:30:00-05:00,23.395000457763672,23.395000457763672,23.389999389648438,23.389999389648438,159,0.0,0.0,0.0
2022-12-27 10:30:00-05:00,23.389699935913086,23.389699935913086,23.389699935913086,23.389699935913086,399,0.0,0.0,0.0
2022-12-27 11:30:00-05:00,23.364999771118164,23.364999771118164,23.360000610351562,23.360000610351562,235,0.0,0.0,0.0
2022-12-27 12:30:00-05:00,23.3799991607666,23.3799991607666,23.3799991607666,23.3799991607666,505,0.0,0.0,0.0
2022-12-27 13:30:00-05:00,23.35810089111328,23.3700008392334,23.35810089111328,23.35810089111328,1328,0.0,0.0,0.0
2022-12-28 13:30:00-05:00,23.309999465942383,23.309999465942383,23.250099182128906,23.250099182128906,0,0.0,0.0,0.0
2022-12-29 10:30:00-05:00,23.36199951171875,23.43000030517578,23.36199951171875,23.43000030517578,1250,0.0,0.0,0.0
2022-12-30 11:30:00-05:00,23.31999969482422,23.31999969482422,23.270000457763672,23.270000457763672,100,0.0,0.0,0.0
2022-12-30 12:30:00-05:00,23.309999465942383,23.309999465942383,23.309999465942383,23.309999465942383,271,0.0,0.0,0.0
2022-12-30 15:30:00-05:00,23.31999969482422,23.341400146484375,23.31999969482422,23.341400146484375,513,0.0,0.0,0.0
2023-01-04 09:30:00-05:00,23.56999969482422,23.6476993560791,23.4950008392334,23.4950008392334,0,0.0,0.0,0.0
2023-01-06 12:30:00-05:00,23.75,23.824100494384766,23.729999542236328,23.75040054321289,966,0.0,0.0,0.0
2023-01-09 10:30:00-05:00,23.83099937438965,23.83099937438965,23.83099937438965,23.83099937438965,0,0.0,0.0,0.0
2023-01-09 11:30:00-05:00,23.873699188232422,23.873699188232422,23.873699188232422,23.873699188232422,1349,0.0,0.0,0.0
2023-01-09 12:30:00-05:00,23.8700008392334,23.8700008392334,23.80030059814453,23.80030059814453,252,0.0,0.0,0.0
2023-01-10 12:30:00-05:00,23.618999481201172,23.6200008392334,23.615800857543945,23.615800857543945,1049,0.0,0.0,0.0
2023-01-10 14:30:00-05:00,23.659000396728516,23.659000396728516,23.651100158691406,23.651100158691406,124,0.0,0.0,0.0
2023-01-11 09:30:00-05:00,23.8700008392334,23.8799991607666,23.8700008392334,23.8799991607666,0,0.0,0.0,0.0
2023-01-11 12:30:00-05:00,23.850000381469727,23.850000381469727,23.850000381469727,23.850000381469727,211,0.0,0.0,0.0
2023-01-11 13:30:00-05:00,23.84000015258789,23.854999542236328,23.84000015258789,23.854999542236328,872,0.0,0.0,0.0
2023-01-12 10:30:00-05:00,23.950000762939453,24.135000228881836,23.950000762939453,24.135000228881836,94,0.0,0.0,0.0
2023-01-13 09:30:00-05:00,24.14900016784668,24.209999084472656,24.14900016784668,24.15999984741211,4907,0.0,0.0,0.0
2023-01-13 10:30:00-05:00,24.1200008392334,24.1200008392334,24.085100173950195,24.09000015258789,700,0.0,0.0,0.0
2023-01-17 15:30:00-05:00,24.109899520874023,24.110000610351562,24.104999542236328,24.104999542236328,0,0.0,0.0,0.0
2023-01-18 10:30:00-05:00,24.364999771118164,24.3700008392334,24.34000015258789,24.34000015258789,4120,0.0,0.0,0.0
2023-01-18 11:30:00-05:00,24.315000534057617,24.37070083618164,24.315000534057617,24.37070083618164,700,0.0,0.0,0.0
2023-01-19 10:30:00-05:00,24.299999237060547,24.309999465942383,24.299999237060547,24.309999465942383,200,0.0,0.0,0.0
2023-01-19 13:30:00-05:00,24.30500030517578,24.30500030517578,24.30500030517578,24.30500030517578,608,0.0,0.0,0.0
2023-01-19 14:30:00-05:00,24.329999923706055,24.344999313354492,24.329999923706055,24.344999313354492,100,0.0,0.0,0.0
2023-01-20 10:30:00-05:00,24.190000534057617,24.190000534057617,24.190000534057617,24.190000534057617,0,0.0,0.0,0.0
2023-01-20 12:30:00-05:00,24.209999084472656,24.259199142456055,24.209999084472656,24.259199142456055,100,0.0,0.0,0.0
2023-01-23 10:30:00-05:00,24.280399322509766,24.280399322509766,24.280000686645508,24.280000686645508,303,0.0,0.0,0.0
2023-01-23 13:30:00-05:00,24.229999542236328,24.229999542236328,24.229999542236328,24.229999542236328,545,0.0,0.0,0.0
2023-01-23 15:30:00-05:00,24.209999084472656,24.229999542236328,24.200000762939453,24.229999542236328,400,0.0,0.0,0.0
2023-01-24 11:30:00-05:00,24.260299682617188,24.260299682617188,24.260299682617188,24.260299682617188,0,0.0,0.0,0.0
2023-01-24 12:30:00-05:00,24.295000076293945,24.34269905090332,24.295000076293945,24.34269905090332,0,0.0,0.0,0.0
2023-01-27 10:30:00-05:00,24.300399780273438,24.315000534057617,24.295700073242188,24.295700073242188,2445,0.0,0.0,0.0
2023-01-30 10:30:00-05:00,24.132299423217773,24.132299423217773,24.132299423217773,24.132299423217773,0,0.0,0.0,0.0
2023-01-30 11:30:00-05:00,24.139999389648438,24.149999618530273,24.125,24.1299991607666,3461,0.0,0.0,0.0
2023-01-30 14:30:00-05:00,24.09469985961914,24.09469985961914,24.09469985961914,24.09469985961914,103,0.0,0.0,0.0
2023-01-30 15:30:00-05:00,24.09000015258789,24.1387996673584,24.071800231933594,24.071800231933594,300,0.0,0.0,0.0
2023-02-01 11:30:00-05:00,24.18000030517578,24.18000030517578,24.18000030517578,24.18000030517578,3657,0.0,0.0,0.0
2023-02-01 12:30:00-05:00,24.200000762939453,24.204999923706055,24.200000762939453,24.204999923706055,49658,0.0,0.0,0.0
2023-02-01 14:30:00-05:00,24.200000762939453,24.489999771118164,24.200000762939453,24.489999771118164,6389,0.0,0.0,0.0
2023-02-01 15:30:00-05:00,24.49799919128418,24.709999084472656,24.485000610351562,24.649999618530273,65277,0.0,0.0,0.0
2023-02-02 09:30:00-05:00,24.610000610351562,24.6200008392334,24.530000686645508,24.530000686645508,5945,0.0,0.0,0.0
2023-02-02 10:30:00-05:00,24.530000686645508,24.549999237060547,24.530000686645508,24.530000686645508,1435,0.0,0.0,0.0
2023-02-02 11:30:00-05:00,24.530000686645508,24.559999465942383,24.530000686645508,24.559999465942383,900,0.0,0.0,0.0
2023-02-02 12:30:00-05:00,24.56999969482422,24.56999969482422,24.549999237060547,24.559999465942383,1801,0.0,0.0,0.0
2023-02-02 13:30:00-05:00,24.549999237060547,24.56999969482422,24.549999237060547,24.56220054626465,2347,0.0,0.0,0.0
2023-02-02 14:30:00-05:00,24.55500030517578,24.55500030517578,24.520000457763672,24.520000457763672,1292,0.0,0.0,0.0
2023-02-02 15:30:00-05:00,24.520000457763672,24.520000457763672,24.513700485229492,24.513700485229492,100,0.0,0.0,0.0
2023-02-03 09:30:00-05:00,24.280000686645508,24.280000686645508,24.280000686645508,24.280000686645508,0,0.0,0.0,0.0
2023-02-03 10:30:00-05:00,24.299999237060547,24.299999237060547,24.299999237060547,24.299999237060547,234,0.0,0.0,0.0
2023-02-03 11:30:00-05:00,24.30500030517578,24.30500030517578,24.30500030517578,24.30500030517578,275,0.0,0.0,0.0
2023-02-03 12:30:00-05:00,24.30500030517578,24.30500030517578,24.299999237060547,24.299999237060547,472,0.0,0.0,0.0
2023-02-03 14:30:00-05:00,24.239999771118164,24.239999771118164,24.229900360107422,24.229900360107422,199,0.0,0.0,0.0
2023-02-06 09:30:00-05:00,24.040000915527344,24.040000915527344,24.030000686645508,24.040000915527344,0,0.0,0.0,0.0
2023-02-06 10:30:00-05:00,24.049999237060547,25.040000915527344,24.049999237060547,24.07990074157715,24827,0.0,0.0,0.0
2023-02-06 11:30:00-05:00,24.020000457763672,24.020000457763672,24.020000457763672,24.020000457763672,120,0.0,0.0,0.0
2023-02-06 12:30:00-05:00,24.01650047302246,24.029199600219727,24.010000228881836,24.010000228881836,4956,0.0,0.0,0.0
2023-02-06 13:30:00-05:00,24.03499984741211,24.03499984741211,24.03499984741211,24.03499984741211,120,0.0,0.0,0.0
2023-02-06 14:30:00-05:00,24.030000686645508,24.030000686645508,23.98870086669922,23.98870086669922,302,0.0,0.0,0.0
2023-02-07 09:30:00-05:00,23.959999084472656,23.979999542236328,23.959999084472656,23.978700637817383,0,0.0,0.0,0.0
2023-02-07 12:30:00-05:00,23.950000762939453,23.950000762939453,23.948999404907227,23.949899673461914,510,0.0,0.0,0.0
2023-02-07 14:30:00-05:00,23.9689998626709,23.99519920349121,23.959999084472656,23.99519920349121,970,0.0,0.0,0.0
2023-02-08 09:30:00-05:00,24.030000686645508,24.030000686645508,23.93000030517578,23.93000030517578,0,0.0,0.0,0.0
2023-02-08 10:30:00-05:00,23.929000854492188,23.93000030517578,23.929000854492188,23.93000030517578,2047,0.0,0.0,0.0
2023-02-08 11:30:00-05:00,23.89900016784668,23.90999984741211,23.893299102783203,23.90999984741211,2079,0.0,0.0,0.0
2023-02-08 12:30:00-05:00,23.930599212646484,23.930599212646484,23.930599212646484,23.930599212646484,503,0.0,0.0,0.0
2023-02-08 13:30:00-05:00,23.964599609375,23.969999313354492,23.964599609375,23.969999313354492,1317,0.0,0.0,0.0
2023-02-08 15:30:00-05:00,23.955799102783203,23.960899353027344,23.955799102783203,23.960899353027344,291,0.0,0.0,0.0
2023-02-09 09:30:00-05:00,24.049999237060547,24.049999237060547,24.040000915527344,24.040000915527344,0,0.0,0.0,0.0
2023-02-09 10:30:00-05:00,23.999000549316406,23.999000549316406,23.999000549316406,23.999000549316406,9151,0.0,0.0,0.0
2023-02-09 11:30:00-05:00,23.989999771118164,23.989999771118164,23.989999771118164,23.989999771118164,500,0.0,0.0,0.0
2023-02-09 12:30:00-05:00,23.979999542236328,23.979999542236328,23.979999542236328,23.979999542236328,200,0.0,0.0,0.0
2023-02-09 13:30:00-05:00,23.8700008392334,23.8700008392334,23.860000610351562,23.860000610351562,1500,0.0,0.0,0.0
2023-02-09 14:30:00-05:00,23.829999923706055,23.84160041809082,23.829999923706055,23.84160041809082,100,0.0,0.0,0.0
2023-02-10 09:30:00-05:00,23.760000228881836,23.760000228881836,23.760000228881836,23.760000228881836,0,0.0,0.0,0.0
2023-02-10 11:30:00-05:00,23.641399383544922,23.641399383544922,23.6200008392334,23.6200008392334,437,0.0,0.0,0.0
2023-02-10 14:30:00-05:00,23.638999938964844,23.666500091552734,23.638999938964844,23.666500091552734,0,0.0,0.0,0.0
2023-02-13 09:30:00-05:00,23.709999084472656,23.709999084472656,23.693599700927734,23.693599700927734,4639,0.0,0.0,0.0
2023-02-13 13:30:00-05:00,23.71190071105957,23.719999313354492,23.69569969177246,23.69569969177246,572,0.0,0.0,0.0
2023-02-14 11:30:00-05:00,23.639999389648438,23.68899917602539,23.639999389648438,23.68899917602539,387,0.0,0.0,0.0
2023-02-14 12:30:00-05:00,23.670000076293945,23.729999542236328,23.1200008392334,23.729999542236328,25109,0.0,0.0,0.0
2023-02-14 14:30:00-05:00,23.735000610351562,23.75,23.735000610351562,23.75,5526,0.0,0.0,0.0
2023-02-14 15:30:00-05:00,23.75,23.799999237060547,23.75,23.799999237060547,500,0.0,0.0,0.0
2023-02-15 09:30:00-05:00,23.698999404907227,23.698999404907227,23.68000030517578,23.68000030517578,0,0.0,0.0,0.0
2023-02-15 11:30:00-05:00,23.651399612426758,23.651399612426758,23.651399612426758,23.651399612426758,177,0.0,0.0,0.0
2023-02-15 14:30:00-05:00,23.639999389648438,23.66080093383789,23.639999389648438,23.66080093383789,0,0.0,0.0,0.0
2023-02-16 14:30:00-05:00,23.615999221801758,23.615999221801758,23.539600372314453,23.539600372314453,249,0.0,0.0,0.0
2023-02-17 11:30:00-05:00,23.510000228881836,23.510000228881836,23.510000228881836,23.510000228881836,21481,0.0,0.0,0.0
2023-02-17 13:30:00-05:00,23.490299224853516,23.490299224853516,23.490299224853516,23.490299224853516,643,0.0,0.0,0.0
2023-02-17 14:30:00-05:00,23.516300201416016,23.530799865722656,23.516300201416016,23.516300201416016,402,0.0,0.0,0.0
2023-02-21 09:30:00-05:00,23.329999923706055,23.329999923706055,23.206899642944336,23.206899642944336,0,0.0,0.0,0.0
2023-02-22 09:30:00-05:00,23.3700008392334,23.3700008392334,23.3700008392334,23.3700008392334,0,0.0,0.0,0.0
2023-02-22 10:30:00-05:00,23.31999969482422,23.320100784301758,23.27440071105957,23.27440071105957,558,0.0,0.0,0.0
2023-02-23 09:30:00-05:00,23.5,23.5,23.5,23.5,0,0.0,0.0,0.0
2023-02-23 10:30:00-05:00,23.5,23.5,23.5,23.5,129,0.0,0.0,0.0
2023-02-23 11:30:00-05:00,23.46500015258789,23.46500015258789,23.46500015258789,23.46500015258789,129,0.0,0.0,0.0
2023-02-23 13:30:00-05:00,23.55500030517578,23.55500030517578,23.55500030517578,23.55500030517578,111,0.0,0.0,0.0
2023-02-23 14:30:00-05:00,23.579999923706055,23.614099502563477,23.579999923706055,23.614099502563477,311,0.0,0.0,0.0
2023-02-24 10:30:00-05:00,23.420000076293945,23.43000030517578,23.420000076293945,23.43000030517578,2846,0.0,0.0,0.0
2023-02-24 11:30:00-05:00,23.440000534057617,23.440000534057617,23.427499771118164,23.427499771118164,768,0.0,0.0,0.0
2023-02-24 12:30:00-05:00,23.420000076293945,23.420000076293945,23.420000076293945,23.420000076293945,170,0.0,0.0,0.0
2023-02-24 14:30:00-05:00,23.450000762939453,23.464599609375,23.450000762939453,23.464599609375,156,0.0,0.0,0.0
2023-02-27 09:30:00-05:00,23.559999465942383,23.559999465942383,23.559999465942383,23.559999465942383,0,0.0,0.0,0.0
2023-02-27 13:30:00-05:00,23.569000244140625,23.569000244140625,23.566999435424805,23.566999435424805,194,0.0,0.0,0.0
2023-02-28 09:30:00-05:00,23.459999084472656,23.491300582885742,23.459999084472656,23.491300582885742,0,0.0,0.0,0.0
2023-03-01 09:30:00-05:00,23.399999618530273,23.399999618530273,23.34000015258789,23.34000015258789,1673,0.0,0.0,0.0
2023-03-01 10:30:00-05:00,23.320100784301758,23.320100784301758,23.31999969482422,23.31999969482422,236,0.0,0.0,0.0
2023-03-01 11:30:00-05:00,23.315200805664062,23.34000015258789,23.315200805664062,23.34000015258789,627,0.0,0.0,0.0
2023-03-01 12:30:00-05:00,23.34000015258789,23.469999313354492,23.329999923706055,23.34000015258789,10381,0.0,0.0,0.0
2023-03-01 13:30:00-05:00,23.290000915527344,23.290000915527344,23.290000915527344,23.290000915527344,100,0.0,0.0,0.0
2023-03-01 14:30:00-05:00,23.290000915527344,23.290000915527344,23.280000686645508,23.280000686645508,725,0.0,0.0,0.0
2023-03-02 10:30:00-05:00,23.15999984741211,23.186100006103516,23.15999984741211,23.186100006103516,136,0.0,0.0,0.0
2023-03-03 13:30:00-05:00,23.459999084472656,23.459999084472656,23.459999084472656,23.459999084472656,0,0.0,0.0,0.0
2023-03-03 14:30:00-05:00,23.460599899291992,23.479999542236328,23.460599899291992,23.475200653076172,572,0.0,0.0,0.0
2023-03-06 09:30:00-05:00,23.549999237060547,23.549999237060547,23.540000915527344,23.549999237060547,1771,0.0,0.0,0.0
2023-03-06 13:30:00-05:00,23.434999465942383,23.434999465942383,23.420000076293945,23.420000076293945,1007,0.0,0.0,0.0
2023-03-06 14:30:00-05:00,23.40999984741211,23.40999984741211,23.40999984741211,23.40999984741211,0,0.0,0.0,0.0
2023-03-06 15:30:00-05:00,23.40999984741211,23.412399291992188,23.40999984741211,23.412399291992188,5145,0.0,0.0,0.0
2023-03-07 09:30:00-05:00,23.290000915527344,23.313899993896484,23.280000686645508,23.313899993896484,0,0.0,0.0,0.0
2023-03-08 09:30:00-05:00,23.341999053955078,23.3799991607666,23.341999053955078,23.379899978637695,233,0.0,0.0,0.0
2023-03-08 10:30:00-05:00,23.360000610351562,23.360000610351562,23.360000610351562,23.360000610351562,222,0.0,0.0,0.0
2023-03-08 11:30:00-05:00,23.290000915527344,23.29010009765625,23.290000915527344,23.29010009765625,369,0.0,0.0,0.0
2023-03-08 15:30:00-05:00,23.21500015258789,23.238300323486328,23.21500015258789,23.233600616455078,121,0.0,0.0,0.0
2023-03-10 10:30:00-05:00,23.441299438476562,23.441299438476562,23.441299438476562,23.441299438476562,0,0.0,0.0,0.0
2023-03-10 13:30:00-05:00,23.429000854492188,23.429000854492188,23.429000854492188,23.429000854492188,522,0.0,0.0,0.0
2023-03-10 14:30:00-05:00,23.440000534057617,23.440000534057617,23.439899444580078,23.439899444580078,8283,0.0,0.0,0.0
2023-03-10 15:30:00-05:00,23.450000762939453,23.451499938964844,23.43000030517578,23.451499938964844,4429,0.0,0.0,0.0
2023-03-13 10:30:00-04:00,23.540000915527344,23.540000915527344,23.530000686645508,23.530000686645508,1401,0.0,0.0,0.0
2023-03-13 12:30:00-04:00,23.489999771118164,23.489999771118164,23.479999542236328,23.479999542236328,2300,0.0,0.0,0.0
2023-03-13 13:30:00-04:00,23.489999771118164,23.489999771118164,23.489999771118164,23.489999771118164,674,0.0,0.0,0.0
2023-03-13 14:30:00-04:00,23.489999771118164,23.489999771118164,23.420000076293945,23.440000534057617,850,0.0,0.0,0.0
2023-03-13 15:30:00-04:00,23.43000030517578,23.450000762939453,23.420000076293945,23.431499481201172,2250,0.0,0.0,0.0
2023-03-14 11:30:00-04:00,23.486799240112305,23.486799240112305,23.486799240112305,23.486799240112305,0,0.0,0.0,0.0
2023-03-14 12:30:00-04:00,23.448999404907227,23.568599700927734,23.448999404907227,23.568599700927734,7571,0.0,0.0,0.0
2023-03-14 13:30:00-04:00,23.40999984741211,23.40999984741211,23.40999984741211,23.40999984741211,1582,0.0,0.0,0.0
2023-03-14 14:30:00-04:00,23.399999618530273,23.399999618530273,23.3799991607666,23.3799991607666,2400,0.0,0.0,0.0
2023-03-14 15:30:00-04:00,23.3700008392334,23.3700008392334,23.36680030822754,23.36680030822754,100,0.0,0.0,0.0
2023-03-15 09:30:00-04:00,23.389999389648438,23.389999389648438,23.3799991607666,23.3799991607666,0,0.0,0.0,0.0
2023-03-15 13:30:00-04:00,23.360000610351562,23.389999389648438,23.360000610351562,23.389999389648438,652,0.0,0.0,0.0
2023-03-15 14:30:00-04:00,23.42009925842285,23.42009925842285,23.42009925842285,23.42009925842285,179,0.0,0.0,0.0
2023-03-15 15:30:00-04:00,23.442100524902344,23.459999084472656,23.442100524902344,23.45599937438965,2414,0.0,0.0,0.0
2023-03-16 13:30:00-04:00,23.360000610351562,23.392900466918945,23.360000610351562,23.392900466918945,455,0.0,0.0,0.0
2023-03-17 12:30:00-04:00,23.40999984741211,23.40999984741211,23.354400634765625,23.354400634765625,0,0.0,0.0,0.0
2023-03-20 13:30:00-04:00,23.319299697875977,23.319299697875977,23.280000686645508,23.315000534057617,57985,0.0,0.0,0.0
2023-03-20 14:30:00-04:00,23.319799423217773,23.3799991607666,23.319000244140625,23.31999969482422,7126,0.0,0.0,0.0
2023-03-20 15:30:00-04:00,23.31999969482422,23.31999969482422,23.299699783325195,23.299699783325195,390,0.0,0.0,0.0
2023-03-21 09:30:00-04:00,23.450000762939453,23.450000762939453,23.43000030517578,23.450000762939453,0,0.0,0.0,0.0
2023-03-21 10:30:00-04:00,23.459999084472656,23.469999313354492,23.440000534057617,23.440000534057617,550,0.0,0.0,0.0
2023-03-21 11:30:00-04:00,23.43000030517578,23.440000534057617,23.420000076293945,23.440000534057617,500,0.0,0.0,0.0
2023-03-21 12:30:00-04:00,23.440000534057617,23.440000534057617,23.43000030517578,23.43000030517578,350,0.0,0.0,0.0
2023-03-21 13:30:00-04:00,23.40999984741211,23.40999984741211,23.399999618530273,23.40999984741211,597,0.0,0.0,0.0
2023-03-21 14:30:00-04:00,23.399999618530273,23.440000534057617,23.399999618530273,23.440000534057617,500,0.0,0.0,0.0
2023-03-21 15:30:00-04:00,23.43000030517578,23.62700080871582,23.420000076293945,23.43549919128418,1796,0.0,0.0,0.0
2023-03-23 09:30:00-04:00,23.670000076293945,23.670000076293945,23.670000076293945,23.670000076293945,0,0.0,0.0,0.0
2023-03-23 10:30:00-04:00,23.69499969482422,23.69499969482422,23.69499969482422,23.69499969482422,345,0.0,0.0,0.0
2023-03-23 14:30:00-04:00,23.6299991607666,23.69580078125,23.469999313354492,23.69580078125,16745,0.0,0.0,0.0
2023-03-24 09:30:00-04:00,23.68000030517578,23.709999084472656,23.65999984741211,23.709999084472656,0,0.0,0.0,0.0
2023-03-24 12:30:00-04:00,23.648000717163086,23.648000717163086,23.624500274658203,23.624500274658203,581,0.0,0.0,0.0
2023-03-27 10:30:00-04:00,23.600000381469727,23.600000381469727,23.600000381469727,23.600000381469727,2970334,0.0,0.0,0.0
2023-03-27 11:30:00-04:00,23.559999465942383,23.559999465942383,23.559999465942383,23.559999465942383,250,0.0,0.0,0.0
2023-03-27 15:30:00-04:00,23.520000457763672,23.520000457763672,23.5,23.510000228881836,2980,0.0,0.0,0.0
2023-03-28 09:30:00-04:00,23.459999084472656,23.5049991607666,23.459999084472656,23.5049991607666,0,0.0,0.0,0.0
2023-03-28 15:30:00-04:00,23.441999435424805,23.53619956970215,23.440099716186523,23.441099166870117,802,0.0,0.0,0.0
2023-03-30 10:30:00-04:00,23.641000747680664,23.68079948425293,23.631000518798828,23.68079948425293,307,0.0,0.0,0.0
2023-03-31 13:30:00-04:00,23.780000686645508,23.780099868774414,23.767499923706055,23.770000457763672,1327,0.0,0.0,0.0
2023-03-31 14:30:00-04:00,23.809999465942383,23.840200424194336,23.809999465942383,23.840200424194336,118,0.0,0.0,0.0
2023-04-03 11:30:00-04:00,23.844499588012695,23.844499588012695,23.844499588012695,23.844499588012695,0,0.0,0.0,0.0
2023-04-03 14:30:00-04:00,23.850000381469727,23.850000381469727,23.850000381469727,23.850000381469727,19228,0.0,0.0,0.0
2023-04-04 11:30:00-04:00,23.8700008392334,23.8700008392334,23.860000610351562,23.860000610351562,46601,0.0,0.0,0.0
2023-04-04 12:30:00-04:00,23.885000228881836,23.88990020751953,23.885000228881836,23.88990020751953,201,0.0,0.0,0.0
2023-04-04 13:30:00-04:00,23.88010025024414,23.88010025024414,23.88010025024414,23.88010025024414,5132,0.0,0.0,0.0
2023-04-04 14:30:00-04:00,23.8799991607666,23.8799991607666,23.8799991607666,23.8799991607666,200,0.0,0.0,0.0
2023-04-04 15:30:00-04:00,23.899999618530273,23.90999984741211,23.899999618530273,23.90999984741211,900,0.0,0.0,0.0
2023-04-05 09:30:00-04:00,23.860000610351562,23.860000610351562,23.860000610351562,23.860000610351562,0,0.0,0.0,0.0
2023-04-05 10:30:00-04:00,23.860000610351562,23.860000610351562,23.84000015258789,23.850000381469727,612,0.0,0.0,0.0
2023-04-05 11:30:00-04:00,23.860000610351562,23.860000610351562,23.809999465942383,23.860000610351562,2187,0.0,0.0,0.0
2023-04-05 12:30:00-04:00,23.850000381469727,23.850000381469727,23.850000381469727,23.850000381469727,100,0.0,0.0,0.0
2023-04-05 14:30:00-04:00,23.850799560546875,23.871599197387695,23.850000381469727,23.871599197387695,429,0.0,0.0,0.0
2023-04-06 09:30:00-04:00,23.8700008392334,23.8700008392334,23.8700008392334,23.8700008392334,0,0.0,0.0,0.0
2023-04-06 10:30:00-04:00,23.850000381469727,23.8700008392334,23.850000381469727,23.8700008392334,300,0.0,0.0,0.0
2023-04-06 13:30:00-04:00,23.8700008392334,23.8799991607666,23.8700008392334,23.8700008392334,1584,0.0,0.0,0.0
2023-04-06 15:30:00-04:00,23.850000381469727,23.850000381469727,23.84000015258789,23.84000015258789,400,0.0,0.0,0.0
2023-04-10 09:30:00-04:00,23.75,23.75,23.709999084472656,23.719999313354492,0,0.0,0.0,0.0
2023-04-10 10:30:00-04:00,23.690000534057617,23.709999084472656,23.690000534057617,23.709999084472656,592,0.0,0.0,0.0
2023-04-10 11:30:00-04:00,23.690000534057617,23.690000534057617,23.690000534057617,23.690000534057617,202,0.0,0.0,0.0
2023-04-10 13:30:00-04:00,23.725400924682617,23.725400924682617,23.725400924682617,23.725400924682617,0,0.0,0.0,0.0
2023-04-10 15:30:00-04:00,23.739999771118164,23.75,23.739999771118164,23.75,3699,0.0,0.0,0.0
2023-04-11 09:30:00-04:00,23.768999099731445,23.770000457763672,23.768999099731445,23.770000457763672,0,0.0,0.0,0.0
2023-04-11 10:30:00-04:00,23.770000457763672,23.770000457763672,23.760000228881836,23.770000457763672,900,0.0,0.0,0.0
2023-04-11 12:30:00-04:00,23.739999771118164,23.739999771118164,23.739999771118164,23.739999771118164,210,0.0,0.0,0.0
2023-04-11 15:30:00-04:00,23.760000228881836,23.760000228881836,23.75,23.750099182128906,315,0.0,0.0,0.0
2023-04-12 09:30:00-04:00,23.860000610351562,23.860000610351562,23.81999969482422,23.850000381469727,1925,0.0,0.0,0.0
2023-04-12 10:30:00-04:00,23.770000457763672,23.790000915527344,23.770000457763672,23.790000915527344,925,0.0,0.0,0.0
2023-04-12 12:30:00-04:00,23.780000686645508,23.790000915527344,23.780000686645508,23.790000915527344,200,0.0,0.0,0.0
2023-04-12 13:30:00-04:00,23.81999969482422,23.81999969482422,23.81999969482422,23.81999969482422,100,0.0,0.0,0.0
2023-04-12 15:30:00-04:00,23.809999465942383,23.81999969482422,23.809999465942383,23.809999465942383,706,0.0,0.0,0.0
2023-04-13 09:30:00-04:00,23.889999389648438,23.889999389648438,23.860000610351562,23.860000610351562,0,0.0,0.0,0.0
2023-04-13 10:30:00-04:00,23.860000610351562,23.860000610351562,23.829999923706055,23.84000015258789,1092,0.0,0.0,0.0
2023-04-13 11:30:00-04:00,23.84000015258789,23.84000015258789,23.84000015258789,23.84000015258789,359,0.0,0.0,0.0
2023-04-13 12:30:00-04:00,23.84000015258789,23.84000015258789,23.84000015258789,23.84000015258789,159,0.0,0.0,0.0
2023-04-13 13:30:00-04:00,23.850000381469727,23.850000381469727,23.8302001953125,23.8302001953125,284,0.0,0.0,0.0
2023-04-14 09:30:00-04:00,23.780000686645508,23.780000686645508,23.780000686645508,23.780000686645508,0,0.0,0.0,0.0
2023-04-14 10:30:00-04:00,23.73979949951172,23.73979949951172,23.73979949951172,23.73979949951172,773,0.0,0.0,0.0
2023-04-14 12:30:00-04:00,23.711000442504883,23.711000442504883,23.709999084472656,23.709999084472656,300,0.0,0.0,0.0
2023-04-14 13:30:00-04:00,23.740999221801758,23.774900436401367,23.740999221801758,23.774900436401367,961,0.0,0.0,0.0
2023-04-17 09:30:00-04:00,23.719999313354492,23.719999313354492,23.700000762939453,23.700000762939453,0,0.0,0.0,0.0
2023-04-17 10:30:00-04:00,23.6299991607666,23.6299991607666,23.6200008392334,23.6200008392334,950,0.0,0.0,0.0
2023-04-17 13:30:00-04:00,23.621999740600586,23.6299991607666,23.621999740600586,23.628000259399414,1936,0.0,0.0,0.0
2023-04-17 14:30:00-04:00,23.639999389648438,23.639999389648438,23.639999389648438,23.639999389648438,100,0.0,0.0,0.0
2023-04-17 15:30:00-04:00,23.649999618530273,23.670000076293945,23.649999618530273,23.649999618530273,1200,0.0,0.0,0.0
2023-04-18 09:30:00-04:00,23.649999618530273,23.719999313354492,23.649999618530273,23.719999313354492,0,0.0,0.0,0.0
2023-04-18 10:30:00-04:00,23.700000762939453,23.700000762939453,23.698999404907227,23.700000762939453,1117,0.0,0.0,0.0
2023-04-18 11:30:00-04:00,23.690000534057617,23.700000762939453,23.690000534057617,23.690000534057617,556,0.0,0.0,0.0
2023-04-18 15:30:00-04:00,23.65999984741211,23.68000030517578,23.65999984741211,23.68000030517578,1100,0.0,0.0,0.0
2023-04-19 09:30:00-04:00,23.59000015258789,23.610000610351562,23.56999969482422,23.610000610351562,0,0.0,0.0,0.0
2023-04-19 10:30:00-04:00,23.600000381469727,23.600000381469727,23.579999923706055,23.579999923706055,2677,0.0,0.0,0.0
2023-04-19 11:30:00-04:00,23.579999923706055,23.579999923706055,23.579999923706055,23.579999923706055,828,0.0,0.0,0.0
2023-04-19 15:30:00-04:00,23.584999084472656,23.584999084472656,23.584999084472656,23.584999084472656,100,0.0,0.0,0.0
2023-04-20 09:30:00-04:00,23.59000015258789,23.604999542236328,23.59000015258789,23.604999542236328,0,0.0,0.0,0.0
2023-04-20 10:30:00-04:00,23.600000381469727,23.600000381469727,23.600000381469727,23.600000381469727,226,0.0,0.0,0.0
2023-04-20 13:30:00-04:00,23.559999465942383,23.565399169921875,23.559999465942383,23.559999465942383,100,0.0,0.0,0.0
2023-04-21 09:30:00-04:00,23.610000610351562,23.610000610351562,23.530000686645508,23.579999923706055,0,0.0,0.0,0.0
2023-04-21 10:30:00-04:00,23.559999465942383,23.559999465942383,23.559999465942383,23.559999465942383,0,0.0,0.0,0.0
2023-04-21 15:30:00-04:00,23.540000915527344,23.549999237060547,23.540000915527344,23.549999237060547,0,0.0,0.0,0.0
2023-04-24 09:30:00-04:00,23.559999465942383,23.579999923706055,23.559999465942383,23.579999923706055,3213,0.0,0.0,0.0
2023-04-24 10:30:00-04:00,23.610000610351562,23.610300064086914,23.610000610351562,23.610300064086914,1240,0.0,0.0,0.0
2023-04-24 11:30:00-04:00,23.600000381469727,23.620500564575195,23.600000381469727,23.620500564575195,0,0.0,0.0,0.0
2023-04-25 13:30:00-04:00,23.760000228881836,23.760000228881836,23.752300262451172,23.752300262451172,1810,0.0,0.0,0.0
2023-04-26 09:30:00-04:00,23.774999618530273,23.780000686645508,23.764999389648438,23.780000686645508,0,0.0,0.0,0.0
2023-04-26 10:30:00-04:00,23.780000686645508,23.780000686645508,23.760000228881836,23.760000228881836,847,0.0,0.0,0.0
2023-04-26 11:30:00-04:00,23.75,23.75,23.75,23.75,0,0.0,0.0,0.0
2023-04-26 14:30:00-04:00,23.700000762939453,23.700000762939453,23.690000534057617,23.690000534057617,12932,0.0,0.0,0.0
2023-04-26 15:30:00-04:00,23.700000762939453,23.700000762939453,23.690000534057617,23.690000534057617,1900,0.0,0.0,0.0
2023-04-27 09:30:00-04:00,23.709999084472656,23.709999084472656,23.690000534057617,23.690000534057617,0,0.0,0.0,0.0
2023-04-27 10:30:00-04:00,23.690000534057617,23.690000534057617,23.670000076293945,23.670000076293945,0,0.0,0.0,0.0
2023-04-28 09:30:00-04:00,23.729999542236328,23.729999542236328,23.729999542236328,23.729999542236328,1924,0.0,0.0,0.0
2023-04-28 10:30:00-04:00,23.829999923706055,23.850000381469727,23.829999923706055,23.850000381469727,775,0.0,0.0,0.0
2023-04-28 11:30:00-04:00,23.850000381469727,23.8799991607666,23.850000381469727,23.8799991607666,1035,0.0,0.0,0.0
2023-04-28 13:30:00-04:00,23.856599807739258,23.860000610351562,23.856599807739258,23.860000610351562,2591,0.0,0.0,0.0
2023-04-28 14:30:00-04:00,23.860000610351562,23.8700008392334,23.850000381469727,23.850000381469727,1360,0.0,0.0,0.0
2023-04-28 15:30:00-04:00,23.860000610351562,23.882099151611328,23.860000610351562,23.8700008392334,726,0.0,0.0,0.0
2023-05-01 09:30:00-04:00,23.709999084472656,23.719999313354492,23.65999984741211,23.65999984741211,0,0.0,0.0,0.0
2023-05-01 10:30:00-04:00,23.65999984741211,23.68000030517578,23.61720085144043,23.6299991607666,3436,0.0,0.0,0.0
2023-05-01 12:30:00-04:00,23.601999282836914,23.601999282836914,23.601999282836914,23.601999282836914,169,0.0,0.0,0.0
2023-05-01 13:30:00-04:00,23.59000015258789,23.59000015258789,23.59000015258789,23.59000015258789,222,0.0,0.0,0.0
2023-05-01 15:30:00-04:00,23.558700561523438,23.558700561523438,23.540000915527344,23.558700561523438,0,0.0,0.0,0.0
2023-05-02 09:30:00-04:00,23.600000381469727,23.649999618530273,23.600000381469727,23.649999618530273,0,0.0,0.0,0.0
2023-05-02 10:30:00-04:00,23.649999618530273,23.649999618530273,23.649999618530273,23.649999618530273,0,0.0,0.0,0.0
2023-05-02 14:30:00-04:00,23.65920066833496,23.66469955444336,23.65920066833496,23.66469955444336,2481,0.0,0.0,0.0
2023-05-03 09:30:00-04:00,23.719999313354492,23.719999313354492,23.719999313354492,23.719999313354492,0,0.0,0.0,0.0
2023-05-03 10:30:00-04:00,23.739999771118164,23.739999771118164,23.739999771118164,23.739999771118164,349,0.0,0.0,0.0
2023-05-03 11:30:00-04:00,23.735000610351562,23.739999771118164,23.735000610351562,23.739999771118164,700,0.0,0.0,0.0
2023-05-03 12:30:00-04:00,23.75,23.75,23.739999771118164,23.739999771118164,467,0.0,0.0,0.0
2023-05-03 13:30:00-04:00,23.75,23.75,23.72100067138672,23.72100067138672,0,0.0,0.0,0.0
2023-05-04 09:30:00-04:00,23.739999771118164,23.739999771118164,23.709999084472656,23.709999084472656,817,0.0,0.0,0.0
2023-05-04 10:30:00-04:00,23.700000762939453,23.700000762939453,23.700000762939453,23.700000762939453,240,0.0,0.0,0.0
2023-05-04 11:30:00-04:00,23.650999069213867,23.650999069213867,23.649999618530273,23.649999618530273,1114,0.0,0.0,0.0
2023-05-04 14:30:00-04:00,23.66900062561035,23.670000076293945,23.66900062561035,23.670000076293945,800,0.0,0.0,0.0
2023-05-04 15:30:00-04:00,23.670000076293945,23.670000076293945,23.65999984741211,23.65999984741211,726,0.0,0.0,0.0
2023-05-05 09:30:00-04:00,23.6299991607666,23.65999984741211,23.6299991607666,23.65999984741211,0,0.0,0.0,0.0
2023-05-05 10:30:00-04:00,23.639999389648438,23.639999389648438,23.600000381469727,23.600000381469727,1272,0.0,0.0,0.0
2023-05-05 14:30:00-04:00,23.650100708007812,23.650100708007812,23.649999618530273,23.649999618530273,0,0.0,0.0,0.0
2023-05-08 09:30:00-04:00,23.6200008392334,23.6200008392334,23.599000930786133,23.599000930786133,0,0.0,0.0,0.0
2023-05-08 13:30:00-04:00,23.56999969482422,23.56999969482422,23.559999465942383,23.559999465942383,0,0.0,0.0,0.0
2023-05-08 14:30:00-04:00,23.57200050354004,23.57200050354004,23.559999465942383,23.559999465942383,0,0.0,0.0,0.0
2023-05-09 09:30:00-04:00,23.559999465942383,23.559999465942383,23.549999237060547,23.549999237060547,1789,0.0,0.0,0.0
2023-05-09 10:30:00-04:00,23.549999237060547,23.549999237060547,23.549999237060547,23.549999237060547,0,0.0,0.0,0.0
2023-05-09 11:30:00-04:00,23.54010009765625,23.54010009765625,23.540000915527344,23.540000915527344,2493,0.0,0.0,0.0
2023-05-09 13:30:00-04:00,23.540000915527344,23.540000915527344,23.540000915527344,23.540000915527344,395079,0.0,0.0,0.0
2023-05-10 09:30:00-04:00,23.68000030517578,23.68000030517578,23.68000030517578,23.68000030517578,0,0.0,0.0,0.0
2023-05-10 10:30:00-04:00,23.670000076293945,23.670000076293945,23.639999389648438,23.65999984741211,2695,0.0,0.0,0.0
2023-05-10 11:30:00-04:00,23.65999984741211,23.65999984741211,23.65999984741211,23.65999984741211,184,0.0,0.0,0.0
2023-05-10 12:30:00-04:00,23.65999984741211,23.65999984741211,23.65999984741211,23.65999984741211,100,0.0,0.0,0.0
2023-05-10 13:30:00-04:00,23.649999618530273,23.671300888061523,23.649999618530273,23.671300888061523,0,0.0,0.0,0.0
2023-05-11 09:30:00-04:00,23.760000228881836,23.760000228881836,23.760000228881836,23.760000228881836,200,0.0,0.0,0.0
2023-05-11 10:30:00-04:00,23.764999389648438,23.764999389648438,23.75,23.75979995727539,0,0.0,0.0,0.0
2023-05-12 09:30:00-04:00,23.739999771118164,23.739999771118164,23.61910057067871,23.61910057067871,1454,0.0,0.0,0.0
2023-05-15 09:30:00-04:00,23.549999237060547,23.549999237060547,23.520000457763672,23.540000915527344,0,0.0,0.0,0.0
2023-05-15 10:30:00-04:00,23.530000686645508,23.540000915527344,23.510000228881836,23.510000228881836,1542,0.0,0.0,0.0
2023-05-16 09:30:00-04:00,23.479999542236328,23.485000610351562,23.440000534057617,23.440000534057617,0,0.0,0.0,0.0
2023-05-16 10:30:00-04:00,23.459999084472656,23.459999084472656,23.454999923706055,23.454999923706055,400,0.0,0.0,0.0
2023-05-16 11:30:00-04:00,23.440000534057617,23.440000534057617,23.440000534057617,23.440000534057617,208,0.0,0.0,0.0
2023-05-16 15:30:00-04:00,23.440000534057617,23.440000534057617,23.440000534057617,23.440000534057617,100,0.0,0.0,0.0
2023-05-17 09:30:00-04:00,23.469999313354492,23.469999313354492,23.43000030517578,23.434999465942383,883,0.0,0.0,0.0
2023-05-17 10:30:00-04:00,23.450000762939453,23.450000762939453,23.43000030517578,23.43000030517578,435,0.0,0.0,0.0
2023-05-17 11:30:00-04:00,23.40999984741211,23.40999984741211,23.409900665283203,23.409900665283203,376,0.0,0.0,0.0
2023-05-17 13:30:00-04:00,23.399999618530273,23.403499603271484,23.399999618530273,23.403499603271484,0,0.0,0.0,0.0
2023-05-18 09:30:00-04:00,23.389999389648438,23.389999389648438,23.34000015258789,23.350000381469727,1912,0.0,0.0,0.0
2023-05-18 10:30:00-04:00,23.3700008392334,23.3700008392334,23.3700008392334,23.3700008392334,328,0.0,0.0,0.0
2023-05-18 11:30:00-04:00,23.320999145507812,23.320999145507812,23.31999969482422,23.320100784301758,1750,0.0,0.0,0.0
2023-05-18 12:30:00-04:00,23.33810043334961,23.389999389648438,23.33810043334961,23.362499237060547,10627,0.0,0.0,0.0
2023-05-18 13:30:00-04:00,23.329999923706055,23.329999923706055,23.329999923706055,23.329999923706055,0,0.0,0.0,0.0
2023-05-18 14:30:00-04:00,23.329999923706055,23.329999923706055,23.329999923706055,23.329999923706055,15117,0.0,0.0,0.0
2023-05-19 09:30:00-04:00,23.3700008392334,23.3700008392334,23.3700008392334,23.3700008392334,0,0.0,0.0,0.0
2023-05-19 10:30:00-04:00,23.364999771118164,23.364999771118164,23.329999923706055,23.329999923706055,0,0.0,0.0,0.0
2023-05-22 09:30:00-04:00,23.3700008392334,23.3700008392334,23.34000015258789,23.34000015258789,1027,0.0,0.0,0.0
2023-05-22 10:30:00-04:00,23.329999923706055,23.329999923706055,23.325000762939453,23.325000762939453,799,0.0,0.0,0.0
2023-05-22 11:30:00-04:00,23.31999969482422,23.31999969482422,23.29759979248047,23.29759979248047,482,0.0,0.0,0.0
2023-05-23 09:30:00-04:00,23.31999969482422,23.329999923706055,23.299999237060547,23.329999923706055,0,0.0,0.0,0.0
2023-05-23 14:30:00-04:00,23.312999725341797,23.312999725341797,23.312400817871094,23.312999725341797,1013,0.0,0.0,0.0
2023-05-24 09:30:00-04:00,23.34000015258789,23.34000015258789,23.34000015258789,23.34000015258789,0,0.0,0.0,0.0
2023-05-24 10:30:00-04:00,23.34000015258789,23.34000015258789,23.34000015258789,23.34000015258789,1276,0.0,0.0,0.0
2023-05-24 11:30:00-04:00,23.295499801635742,23.295499801635742,23.285499572753906,23.285499572753906,0,0.0,0.0,0.0
2023-05-25 09:30:00-04:00,23.309999465942383,23.309999465942383,23.299999237060547,23.309999465942383,866,0.0,0.0,0.0
2023-05-25 10:30:00-04:00,23.299999237060547,23.299999237060547,23.299999237060547,23.299999237060547,353,0.0,0.0,0.0
2023-05-25 11:30:00-04:00,23.2549991607666,23.2549991607666,23.21500015258789,23.21500015258789,0,0.0,0.0,0.0
2023-05-26 10:30:00-04:00,23.329999923706055,23.329999923706055,23.309099197387695,23.309099197387695,1989,0.0,0.0,0.0
2023-05-30 09:30:00-04:00,23.43000030517578,23.43000030517578,23.40999984741211,23.40999984741211,0,0.0,0.0,0.0
2023-05-30 10:30:00-04:00,23.420000076293945,23.420000076293945,23.420000076293945,23.420000076293945,325,0.0,0.0,0.0
2023-05-30 11:30:00-04:00,23.450000762939453,23.46500015258789,23.44930076599121,23.46500015258789,2930,0.0,0.0,0.0
2023-05-30 13:30:00-04:00,23.4601993560791,23.4601993560791,23.4601993560791,23.4601993560791,100,0.0,0.0,0.0
2023-05-30 14:30:00-04:00,23.467100143432617,23.47719955444336,23.465499877929688,23.47719955444336,0,0.0,0.0,0.0
2023-05-31 09:30:00-04:00,23.469999313354492,23.469999313354492,23.44499969482422,23.44499969482422,2249,0.0,0.0,0.0
2023-05-31 10:30:00-04:00,23.44499969482422,23.450000762939453,23.44499969482422,23.450000762939453,0,0.0,0.0,0.0
2023-05-31 13:30:00-04:00,23.462200164794922,23.462200164794922,23.440000534057617,23.462200164794922,3855,0.0,0.0,0.0
2023-06-01 09:30:00-04:00,23.40999984741211,23.415000915527344,23.40999984741211,23.40999984741211,0,0.0,0.0,0.0
2023-06-01 11:30:00-04:00,23.40570068359375,23.40570068359375,23.40570068359375,23.40570068359375,866,0.0,0.0,0.0
2023-06-02 10:30:00-04:00,23.510000228881836,23.510000228881836,23.510000228881836,23.510000228881836,0,0.0,0.0,0.0
2023-06-02 13:30:00-04:00,23.459999084472656,23.459999084472656,23.459999084472656,23.459999084472656,300,0.0,0.0,0.0
2023-06-02 15:30:00-04:00,23.479999542236328,23.485000610351562,23.475000381469727,23.485000610351562,1500,0.0,0.0,0.0
2023-06-05 11:30:00-04:00,23.540000915527344,23.549999237060547,23.520000457763672,23.530000686645508,8700,0.0,0.0,0.0
2023-06-05 12:30:00-04:00,23.530000686645508,23.540000915527344,23.520000457763672,23.530000686645508,12100,0.0,0.0,0.0
2023-06-05 13:30:00-04:00,23.530000686645508,23.579999923706055,23.530000686645508,23.56999969482422,41900,0.0,0.0,0.0
2023-06-05 14:30:00-04:00,23.56999969482422,23.610000610351562,23.56999969482422,23.610000610351562,8112,0.0,0.0,0.0
2023-06-05 15:30:00-04:00,23.600000381469727,23.649999618530273,23.594999313354492,23.600000381469727,28855,0.0,0.0,0.0
2023-06-06 10:30:00-04:00,23.520000457763672,23.520000457763672,23.5,23.500099182128906,1060,0.0,0.0,0.0
2023-06-06 12:30:00-04:00,23.583799362182617,23.583799362182617,23.583799362182617,23.583799362182617,0,0.0,0.0,0.0
2023-06-07 14:30:00-04:00,23.469999313354492,23.469999313354492,23.459999084472656,23.459999084472656,1900,0.0,0.0,0.0
2023-06-07 15:30:00-04:00,23.459999084472656,23.459999084472656,23.4596004486084,23.4596004486084,0,0.0,0.0,0.0
2023-06-08 09:30:00-04:00,23.479999542236328,23.583900451660156,23.479999542236328,23.583900451660156,9109,0.0,0.0,0.0
2023-06-13 09:30:00-04:00,23.655000686645508,23.655000686645508,23.655000686645508,23.655000686645508,0,0.0,0.0,0.0
2023-06-13 11:30:00-04:00,23.665000915527344,23.665000915527344,23.665000915527344,23.665000915527344,263,0.0,0.0,0.0
2023-06-13 13:30:00-04:00,23.65999984741211,23.65999984741211,23.65999984741211,23.65999984741211,432,0.0,0.0,0.0
2023-06-13 14:30:00-04:00,23.610000610351562,23.630599975585938,23.610000610351562,23.630599975585938,0,0.0,0.0,0.0
2023-06-14 10:30:00-04:00,23.729999542236328,23.729999542236328,23.719999313354492,23.725500106811523,4740,0.0,0.0,0.0
2023-06-14 11:30:00-04:00,23.70199966430664,23.709999084472656,23.70199966430664,23.709999084472656,800,0.0,0.0,0.0
2023-06-14 12:30:00-04:00,23.70199966430664,23.80120086669922,23.70199966430664,23.80120086669922,0,0.0,0.0,0.0
2023-06-16 10:30:00-04:00,23.729999542236328,23.737300872802734,23.723400115966797,23.723400115966797,137,0.0,0.0,0.0
2023-06-20 14:30:00-04:00,23.73900032043457,23.739999771118164,23.73859977722168,23.73859977722168,318,0.0,0.0,0.0
2023-06-21 12:30:00-04:00,23.739999771118164,23.799999237060547,23.739999771118164,23.799999237060547,363,0.0,0.0,0.0
2023-06-22 12:30:00-04:00,23.702199935913086,23.702199935913086,23.701000213623047,23.701000213623047,359,0.0,0.0,0.0
2023-06-23 09:30:00-04:00,23.790000915527344,23.790000915527344,23.790000915527344,23.790000915527344,0,0.0,0.0,0.0
2023-06-23 10:30:00-04:00,23.7549991607666,23.7549991607666,23.749399185180664,23.749399185180664,149,0.0,0.0,0.0
2023-06-26 09:30:00-04:00,23.780000686645508,23.780000686645508,23.75,23.760000228881836,0,0.0,0.0,0.0
2023-06-26 10:30:00-04:00,23.770000457763672,23.770000457763672,23.770000457763672,23.770000457763672,2504,0.0,0.0,0.0
2023-06-26 12:30:00-04:00,23.750200271606445,23.767799377441406,23.750200271606445,23.76129913330078,0,0.0,0.0,0.0
2023-06-28 09:30:00-04:00,23.739999771118164,23.739999771118164,23.739999771118164,23.739999771118164,663,0.0,0.0,0.0
2023-06-28 10:30:00-04:00,23.75,23.75,23.75,23.75,0,0.0,0.0,0.0
2023-06-28 11:30:00-04:00,23.760000228881836,23.77899932861328,23.760000228881836,23.77899932861328,0,0.0,0.0,0.0
2023-06-29 13:30:00-04:00,23.6299991607666,23.6299991607666,23.6299991607666,23.6299991607666,509,0.0,0.0,0.0
2023-06-29 14:30:00-04:00,23.6299991607666,23.65250015258789,23.6299991607666,23.65250015258789,0,0.0,0.0,0.0
2023-06-30 09:30:00-04:00,23.700000762939453,23.700000762939453,23.700000762939453,23.700000762939453,1203,0.0,0.0,0.0
2023-06-30 10:30:00-04:00,23.760000228881836,23.760499954223633,23.75,23.760000228881836,11211,0.0,0.0,0.0
2023-06-30 13:30:00-04:00,23.770000457763672,23.770000457763672,23.770000457763672,23.770000457763672,500,0.0,0.0,0.0
2023-06-30 15:30:00-04:00,23.790000915527344,23.790000915527344,23.790000915527344,23.790000915527344,784,0.0,0.0,0.0
2023-07-03 10:30:00-04:00,23.689800262451172,23.690000534057617,23.68899917602539,23.689899444580078,323,0.0,0.0,0.0
2023-07-03 11:30:00-04:00,23.670000076293945,23.691999435424805,23.670000076293945,23.691999435424805,1251,0.0,0.0,0.0
2023-07-07 11:30:00-04:00,23.309999465942383,23.309999465942383,23.309999465942383,23.309999465942383,22946,0.0,0.0,0.0
2023-07-07 14:30:00-04:00,23.32990074157715,23.329999923706055,23.32659912109375,23.329999923706055,1985,0.0,0.0,0.0
2023-07-07 15:30:00-04:00,23.280000686645508,23.280000686645508,23.274999618530273,23.280000686645508,1900,0.0,0.0,0.0
2023-07-10 09:30:00-04:00,23.270000457763672,23.320999145507812,23.270000457763672,23.320999145507812,0,0.0,0.0,0.0
2023-07-10 13:30:00-04:00,23.357999801635742,23.3700008392334,23.357999801635742,23.3700008392334,489,0.0,0.0,0.0
2023-07-11 09:30:00-04:00,23.459999084472656,23.459999084472656,23.459999084472656,23.459999084472656,0,0.0,0.0,0.0
2023-07-11 13:30:00-04:00,23.46809959411621,23.479900360107422,23.46809959411621,23.479900360107422,0,0.0,0.0,0.0
2023-07-12 14:30:00-04:00,23.73270034790039,23.73270034790039,23.73270034790039,23.73270034790039,1,0.0,0.0,0.0
2023-07-13 09:30:00-04:00,23.84000015258789,23.889999389648438,23.84000015258789,23.8799991607666,4312,0.0,0.0,0.0
2023-07-13 10:30:00-04:00,23.889999389648438,23.889999389648438,23.889999389648438,23.889999389648438,706,0.0,0.0,0.0
2023-07-13 11:30:00-04:00,23.915000915527344,23.920000076293945,23.915000915527344,23.915000915527344,1293,0.0,0.0,0.0
2023-07-13 14:30:00-04:00,23.969999313354492,23.979999542236328,23.969999313354492,23.979999542236328,1100,0.0,0.0,0.0
2023-07-13 15:30:00-04:00,23.969499588012695,23.969999313354492,23.969499588012695,23.969999313354492,1244,0.0,0.0,0.0
2023-07-14 09:30:00-04:00,23.90999984741211,23.90999984741211,23.90999984741211,23.90999984741211,0,0.0,0.0,0.0
2023-07-14 12:30:00-04:00,23.879899978637695,23.879899978637695,23.879899978637695,23.879899978637695,0,0.0,0.0,0.0
2023-07-14 14:30:00-04:00,23.861000061035156,23.861000061035156,23.84000015258789,23.850799560546875,2398,0.0,0.0,0.0
2023-07-17 10:30:00-04:00,23.84000015258789,23.84000015258789,23.84000015258789,23.84000015258789,0,0.0,0.0,0.0
2023-07-17 13:30:00-04:00,23.88800048828125,23.88800048828125,23.88800048828125,23.88800048828125,100,0.0,0.0,0.0
2023-07-17 15:30:00-04:00,23.8799991607666,23.8799991607666,23.8799991607666,23.8799991607666,100,0.0,0.0,0.0
2023-07-18 09:30:00-04:00,23.90999984741211,23.90999984741211,23.90999984741211,23.90999984741211,138,0.0,0.0,0.0
2023-07-19 11:30:00-04:00,24.010000228881836,24.010000228881836,24.010000228881836,24.010000228881836,515,0.0,0.0,0.0
2023-07-19 14:30:00-04:00,23.9950008392334,23.9950008392334,23.9950008392334,23.9950008392334,0,0.0,0.0,0.0
2023-07-20 14:30:00-04:00,23.825000762939453,23.83009910583496,23.825000762939453,23.83009910583496,21,0.0,0.0,0.0
2023-07-21 09:30:00-04:00,23.899999618530273,23.899999618530273,23.899999618530273,23.899999618530273,10078,0.0,0.0,0.0
2023-07-21 14:30:00-04:00,23.909000396728516,23.909000396728516,23.909000396728516,23.909000396728516,294,0.0,0.0,0.0
2023-07-24 10:30:00-04:00,24.010000228881836,24.010000228881836,24.010000228881836,24.010000228881836,0,0.0,0.0,0.0
2023-07-24 12:30:00-04:00,23.958999633789062,23.959999084472656,23.930099487304688,23.930099487304688,328,0.0,0.0,0.0
2023-07-25 09:30:00-04:00,23.920000076293945,23.971500396728516,23.920000076293945,23.971500396728516,0,0.0,0.0,0.0
2023-07-27 14:30:00-04:00,23.796199798583984,23.796199798583984,23.796199798583984,23.796199798583984,0,0.0,0.0,0.0
2023-07-28 09:30:00-04:00,23.950000762939453,23.997699737548828,23.950000762939453,23.997699737548828,0,0.0,0.0,0.0
2023-07-31 09:30:00-04:00,24.01259994506836,24.01259994506836,24.01259994506836,24.01259994506836,111,0.0,0.0,0.0
2023-08-01 10:30:00-04:00,23.780000686645508,23.780000686645508,23.780000686645508,23.780000686645508,259,0.0,0.0,0.0
2023-08-01 12:30:00-04:00,23.769899368286133,23.860000610351562,23.760000228881836,23.760000228881836,8098,0.0,0.0,0.0
2023-08-01 15:30:00-04:00,23.738399505615234,23.75,23.738399505615234,23.738399505615234,433,0.0,0.0,0.0
2023-08-02 09:30:00-04:00,23.559999465942383,23.559999465942383,23.540000915527344,23.540000915527344,0,0.0,0.0,0.0
2023-08-02 10:30:00-04:00,23.530000686645508,23.538999557495117,23.496299743652344,23.496400833129883,3914,0.0,0.0,0.0
2023-08-02 12:30:00-04:00,23.59000015258789,23.59000015258789,23.59000015258789,23.59000015258789,349,0.0,0.0,0.0
2023-08-02 14:30:00-04:00,23.56999969482422,23.57859992980957,23.377899169921875,23.377899169921875,0,0.0,0.0,0.0
2023-08-04 09:30:00-04:00,23.599000930786133,23.599000930786133,23.599000930786133,23.599000930786133,0,0.0,0.0,0.0
2023-08-04 14:30:00-04:00,23.65239906311035,23.664499282836914,23.65239906311035,23.664499282836914,2030,0.0,0.0,0.0
2023-08-08 09:30:00-04:00,23.658199310302734,23.658199310302734,23.658199310302734,23.658199310302734,0,0.0,0.0,0.0
2023-08-08 12:30:00-04:00,23.639999389648438,23.639999389648438,23.639999389648438,23.639999389648438,10243,0.0,0.0,0.0
2023-08-08 15:30:00-04:00,23.640199661254883,23.66320037841797,23.640199661254883,23.66320037841797,0,0.0,0.0,0.0
2023-08-10 09:30:00-04:00,23.739999771118164,23.739999771118164,23.59000015258789,23.59000015258789,7,0.0,0.0,0.0
2023-08-11 15:30:00-04:00,23.510000228881836,23.510000228881836,23.505599975585938,23.505599975585938,257,0.0,0.0,0.0
2023-08-14 09:30:00-04:00,23.40999984741211,23.40999984741211,23.3700008392334,23.3700008392334,0,0.0,0.0,0.0
2023-08-15 09:30:00-04:00,23.239999771118164,23.290000915527344,23.239999771118164,23.25,3431,0.0,0.0,0.0
2023-08-15 10:30:00-04:00,23.219999313354492,23.25,23.219999313354492,23.25,1918,0.0,0.0,0.0
2023-08-15 11:30:00-04:00,23.189899444580078,23.189899444580078,23.189899444580078,23.189899444580078,0,0.0,0.0,0.0
2023-08-16 09:30:00-04:00,23.200000762939453,23.229999542236328,23.200000762939453,23.219999313354492,970,0.0,0.0,0.0
2023-08-16 11:30:00-04:00,23.219999313354492,23.219999313354492,23.13960075378418,23.13960075378418,0,0.0,0.0,0.0
2023-08-17 09:30:00-04:00,23.09000015258789,23.100000381469727,23.09000015258789,23.09000015258789,2579,0.0,0.0,0.0
2023-08-17 11:30:00-04:00,23.068199157714844,23.068199157714844,23.068199157714844,23.068199157714844,321,0.0,0.0,0.0
2023-08-17 12:30:00-04:00,23.092599868774414,23.104999542236328,23.09000015258789,23.104999542236328,15205,0.0,0.0,0.0
2023-08-17 14:30:00-04:00,23.094999313354492,23.094999313354492,23.094999313354492,23.094999313354492,0,0.0,0.0,0.0
2023-08-18 13:30:00-04:00,23.100000381469727,23.100000381469727,23.100000381469727,23.100000381469727,100,0.0,0.0,0.0
2023-08-18 15:30:00-04:00,23.09000015258789,23.09000015258789,23.09000015258789,23.09000015258789,224,0.0,0.0,0.0
2023-08-21 09:30:00-04:00,23.040000915527344,23.040000915527344,23.020000457763672,23.020000457763672,2939,0.0,0.0,0.0
2023-08-21 10:30:00-04:00,22.969999313354492,22.969999313354492,22.96500015258789,22.96500015258789,1428,0.0,0.0,0.0
2023-08-21 11:30:00-04:00,22.96500015258789,22.969999313354492,22.96500015258789,22.969999313354492,545,0.0,0.0,0.0
2023-08-21 12:30:00-04:00,22.96500015258789,22.96500015258789,22.96500015258789,22.96500015258789,2223,0.0,0.0,0.0
2023-08-21 13:30:00-04:00,22.96500015258789,22.96500015258789,22.96500015258789,22.96500015258789,221,0.0,0.0,0.0
2023-08-21 14:30:00-04:00,22.96500015258789,22.96500015258789,22.940000534057617,22.959999084472656,1468,0.0,0.0,0.0
2023-08-21 15:30:00-04:00,22.969999313354492,23.017900466918945,22.969999313354492,23.017900466918945,0,0.0,0.0,0.0
2023-08-23 09:30:00-04:00,23.18000030517578,23.229000091552734,23.18000030517578,23.229000091552734,1175,0.0,0.0,0.0
2023-08-23 10:30:00-04:00,23.260000228881836,23.260000228881836,23.260000228881836,23.260000228881836,180,0.0,0.0,0.0
2023-08-23 11:30:00-04:00,23.270000457763672,23.270000457763672,23.270000457763672,23.270000457763672,232,0.0,0.0,0.0
2023-08-23 15:30:00-04:00,23.339000701904297,23.34000015258789,23.333999633789062,23.333999633789062,0,0.0,0.0,0.0
2023-08-24 09:30:00-04:00,23.34000015258789,23.34000015258789,23.34000015258789,23.34000015258789,0,0.0,0.0,0.0
2023-08-24 10:30:00-04:00,23.268199920654297,23.270000457763672,23.268199920654297,23.270000457763672,1260,0.0,0.0,0.0
2023-08-24 14:30:00-04:00,23.259000778198242,23.260000228881836,23.237600326538086,23.24970054626465,0,0.0,0.0,0.0
2023-08-28 15:30:00-04:00,23.309900283813477,23.309900283813477,23.309900283813477,23.309900283813477,71,0.0,0.0,0.0
2023-08-29 09:30:00-04:00,23.420000076293945,23.420000076293945,23.420000076293945,23.420000076293945,0,0.0,0.0,0.0
2023-08-29 10:30:00-04:00,23.45599937438965,23.45599937438965,23.45599937438965,23.45599937438965,3352,0.0,0.0,0.0
2023-08-29 13:30:00-04:00,23.52899932861328,23.52899932861328,23.52899932861328,23.52899932861328,0,0.0,0.0,0.0
2023-08-30 09:30:00-04:00,23.5,23.5,23.491600036621094,23.491600036621094,7,0.0,0.0,0.0
2023-08-31 12:30:00-04:00,23.5,23.5,23.489299774169922,23.489299774169922,0,0.0,0.0,0.0
2023-09-01 09:30:00-04:00,23.34000015258789,23.350000381469727,23.310699462890625,23.310699462890625,568,0.0,0.0,0.0
2023-09-05 09:30:00-04:00,23.229999542236328,23.229999542236328,23.229999542236328,23.229999542236328,0,0.0,0.0,0.0
2023-09-05 10:30:00-04:00,23.17930030822754,23.17930030822754,23.116899490356445,23.116899490356445,64,0.0,0.0,0.0
2023-09-06 11:30:00-04:00,23.059999465942383,23.079999923706055,23.05820083618164,23.05820083618164,989,0.0,0.0,0.0
2023-09-07 10:30:00-04:00,23.100799560546875,23.155000686645508,23.100799560546875,23.155000686645508,280,0.0,0.0,0.0
2023-09-08 09:30:00-04:00,23.209999084472656,23.209999084472656,23.209999084472656,23.209999084472656,1643,0.0,0.0,0.0
2023-09-08 11:30:00-04:00,23.209999084472656,23.209999084472656,23.20050048828125,23.20050048828125,1019,0.0,0.0,0.0
2023-09-08 13:30:00-04:00,23.170000076293945,23.170000076293945,23.16629981994629,23.16629981994629,357,0.0,0.0,0.0
2023-09-08 14:30:00-04:00,23.18000030517578,23.18000030517578,23.170000076293945,23.18000030517578,35802,0.0,0.0,0.0
2023-09-11 09:30:00-04:00,23.1299991607666,23.1299991607666,23.1299991607666,23.1299991607666,0,0.0,0.0,0.0
2023-09-12 09:30:00-04:00,23.110000610351562,23.110000610351562,23.110000610351562,23.110000610351562,0,0.0,0.0,0.0
2023-09-12 10:30:00-04:00,23.100000381469727,23.145000457763672,23.100000381469727,23.145000457763672,11,0.0,0.0,0.0
2023-09-14 10:30:00-04:00,23.229700088500977,23.229700088500977,23.209999084472656,23.219999313354492,3601,0.0,0.0,0.0
2023-09-14 12:30:00-04:00,23.179000854492188,23.18000030517578,23.15999984741211,23.16349983215332,0,0.0,0.0,0.0
2023-09-15 15:30:00-04:00,23.09000015258789,23.090099334716797,23.09000015258789,23.090099334716797,350,0.0,0.0,0.0
2023-09-18 09:30:00-04:00,23.08099937438965,23.09000015258789,23.08099937438965,23.09000015258789,0,0.0,0.0,0.0
2023-09-18 15:30:00-04:00,23.114999771118164,23.114999771118164,23.114999771118164,23.114999771118164,111,0.0,0.0,0.0
2023-09-19 09:30:00-04:00,23.059999465942383,23.089799880981445,23.059999465942383,23.089799880981445,0,0.0,0.0,0.0
2023-09-19 10:30:00-04:00,23.059999465942383,23.080299377441406,23.059999465942383,23.076400756835938,0,0.0,0.0,0.0
2023-09-22 09:30:00-04:00,22.940000534057617,22.940000534057617,22.940000534057617,22.940000534057617,620,0.0,0.0,0.0
2023-09-22 15:30:00-04:00,22.959999084472656,22.960500717163086,22.959999084472656,22.960500717163086,344,0.0,0.0,0.0
2023-09-25 11:30:00-04:00,22.844999313354492,22.844999313354492,22.844999313354492,22.844999313354492,0,0.0,0.0,0.0
2023-09-25 12:30:00-04:00,22.844999313354492,22.844999313354492,22.844999313354492,22.844999313354492,113,0.0,0.0,0.0
2023-09-25 13:30:00-04:00,22.844999313354492,22.850000381469727,22.83300018310547,22.83300018310547,0,0.0,0.0,0.0
2023-09-26 11:30:00-04:00,22.790000915527344,22.790000915527344,22.790000915527344,22.790000915527344,140,0.0,0.0,0.0
2023-09-26 12:30:00-04:00,22.764999389648438,22.764999389648438,22.764999389648438,22.764999389648438,120,0.0,0.0,0.0
2023-09-26 13:30:00-04:00,22.760000228881836,22.760000228881836,22.7549991607666,22.7549991607666,271,0.0,0.0,0.0
2023-09-26 14:30:00-04:00,22.719999313354492,22.719999313354492,22.704999923706055,22.704999923706055,0,0.0,0.0,0.0
2023-09-27 09:30:00-04:00,22.721099853515625,22.721099853515625,22.721099853515625,22.721099853515625,138,0.0,0.0,0.0
2023-09-27 10:30:00-04:00,22.709999084472656,22.709999084472656,22.709999084472656,22.709999084472656,1032,0.0,0.0,0.0
2023-09-27 12:30:00-04:00,22.639999389648438,22.639999389648438,22.639999389648438,22.639999389648438,235,0.0,0.0,0.0
2023-09-27 13:30:00-04:00,22.610000610351562,22.645000457763672,22.610000610351562,22.645000457763672,1403,0.0,0.0,0.0
2023-09-28 09:30:00-04:00,22.530000686645508,22.530000686645508,22.469900131225586,22.469900131225586,0,0.0,0.0,0.0
2023-09-28 10:30:00-04:00,22.489999771118164,22.489999771118164,22.489999771118164,22.489999771118164,500,0.0,0.0,0.0
2023-09-28 11:30:00-04:00,22.579999923706055,22.579999923706055,22.579999923706055,22.579999923706055,2025,0.0,0.0,0.0
2023-09-28 13:30:00-04:00,22.59000015258789,22.592199325561523,22.524999618530273,22.579999923706055,5164,0.0,0.0,0.0
2023-09-28 14:30:00-04:00,22.600099563598633,22.66010093688965,22.520099639892578,22.66010093688965,0,0.0,0.0,0.0
2023-09-29 09:30:00-04:00,22.780000686645508,22.780000686645508,22.648399353027344,22.648399353027344,338,0.0,0.0,0.0
2023-10-02 14:30:00-04:00,22.329999923706055,22.329999923706055,22.31529998779297,22.31529998779297,0,0.0,0.0,0.0
2023-10-03 14:30:00-04:00,22.079999923706055,22.079999923706055,22.05120086669922,22.05120086669922,3440,0.0,0.0,0.0
2023-10-04 10:30:00-04:00,22.06999969482422,22.06999969482422,22.059999465942383,22.059999465942383,1907,0.0,0.0,0.0
2023-10-04 13:30:00-04:00,22.114999771118164,22.170000076293945,22.114999771118164,22.170000076293945,177,0.0,0.0,0.0
2023-10-05 09:30:00-04:00,22.16080093383789,22.16080093383789,22.16080093383789,22.16080093383789,0,0.0,0.0,0.0
2023-10-06 09:30:00-04:00,21.969999313354492,22.155000686645508,21.969999313354492,22.155000686645508,154,0.0,0.0,0.0
2023-10-09 09:30:00-04:00,22.100000381469727,22.130599975585938,22.100000381469727,22.130599975585938,2135,0.0,0.0,0.0
2023-10-09 10:30:00-04:00,22.149999618530273,22.155000686645508,22.149999618530273,22.155000686645508,2732,0.0,0.0,0.0
2023-10-09 12:30:00-04:00,22.15559959411621,22.15559959411621,22.15559959411621,22.15559959411621,2160,0.0,0.0,0.0
2023-10-09 13:30:00-04:00,22.18000030517578,22.229999542236328,22.18000030517578,22.229999542236328,621,0.0,0.0,0.0
2023-10-09 15:30:00-04:00,22.260000228881836,22.260000228881836,22.260000228881836,22.260000228881836,400,0.0,0.0,0.0
2023-10-10 09:30:00-04:00,22.229999542236328,22.229999542236328,22.229999542236328,22.229999542236328,0,0.0,0.0,0.0
2023-10-10 10:30:00-04:00,22.334999084472656,22.334999084472656,22.334999084472656,22.334999084472656,102,0.0,0.0,0.0
2023-10-10 14:30:00-04:00,22.329999923706055,22.329999923706055,22.31999969482422,22.329999923706055,400,0.0,0.0,0.0
2023-10-10 15:30:00-04:00,22.31999969482422,22.31999969482422,22.31999969482422,22.31999969482422,224,0.0,0.0,0.0
2023-10-11 15:30:00-04:00,22.440000534057617,22.454999923706055,22.440000534057617,22.454999923706055,0,0.0,0.0,0.0
2023-10-12 10:30:00-04:00,22.35849952697754,22.35849952697754,22.34000015258789,22.34000015258789,514,0.0,0.0,0.0
2023-10-12 14:30:00-04:00,22.260000228881836,22.315000534057617,22.256500244140625,22.315000534057617,0,0.0,0.0,0.0
2023-10-17 09:30:00-04:00,22.079999923706055,22.139999389648438,22.079999923706055,22.139999389648438,0,0.0,0.0,0.0
2023-10-18 10:30:00-04:00,21.985000610351562,21.985000610351562,21.985000610351562,21.985000610351562,217,0.0,0.0,0.0
2023-10-18 13:30:00-04:00,22.030000686645508,22.03969955444336,22.030000686645508,22.03969955444336,7719,0.0,0.0,0.0
2023-10-18 14:30:00-04:00,22.040000915527344,22.040000915527344,22.020000457763672,22.020000457763672,252,0.0,0.0,0.0
2023-10-18 15:30:00-04:00,22.010000228881836,22.020000457763672,21.991600036621094,21.991600036621094,0,0.0,0.0,0.0
2023-10-19 09:30:00-04:00,21.979999542236328,21.979999542236328,21.950000762939453,21.950000762939453,1418,0.0,0.0,0.0
2023-10-19 10:30:00-04:00,21.979999542236328,21.979999542236328,21.959999084472656,21.959999084472656,486,0.0,0.0,0.0
2023-10-19 12:30:00-04:00,21.93000030517578,21.93000030517578,21.93000030517578,21.93000030517578,155,0.0,0.0,0.0
2023-10-19 15:30:00-04:00,21.8799991607666,21.8799991607666,21.860000610351562,21.860000610351562,0,0.0,0.0,0.0
2023-10-20 10:30:00-04:00,21.940000534057617,21.94499969482422,21.940000534057617,21.94499969482422,557,0.0,0.0,0.0
2023-10-20 15:30:00-04:00,21.954999923706055,21.954999923706055,21.95479965209961,21.95479965209961,200,0.0,0.0,0.0
2023-10-23 09:30:00-04:00,21.90999984741211,21.90999984741211,21.90999984741211,21.90999984741211,0,0.0,0.0,0.0
2023-10-23 13:30:00-04:00,22.1299991607666,22.1299991607666,22.1299991607666,22.1299991607666,701,0.0,0.0,0.0
2023-10-23 14:30:00-04:00,22.125,22.129899978637695,22.125,22.125,1600,0.0,0.0,0.0
2023-10-23 15:30:00-04:00,22.1200008392334,22.1200008392334,22.07939910888672,22.07939910888672,0,0.0,0.0,0.0
2023-10-24 09:30:00-04:00,22.15999984741211,22.15999984741211,22.15999984741211,22.15999984741211,484,0.0,0.0,0.0
2023-10-24 10:30:00-04:00,22.15999984741211,22.239900588989258,22.15999984741211,22.239900588989258,0,0.0,0.0,0.0
2023-10-25 09:30:00-04:00,22.135000228881836,22.135000228881836,22.135000228881836,22.135000228881836,300,0.0,0.0,0.0
2023-10-25 10:30:00-04:00,22.135000228881836,22.139999389648438,22.135000228881836,22.135000228881836,607,0.0,0.0,0.0
2023-10-25 11:30:00-04:00,22.135000228881836,22.139999389648438,22.135000228881836,22.135000228881836,600,0.0,0.0,0.0
2023-10-25 12:30:00-04:00,22.135000228881836,22.135000228881836,22.079999923706055,22.079999923706055,1539,0.0,0.0,0.0
2023-10-25 13:30:00-04:00,22.06999969482422,22.079999923706055,22.06999969482422,22.079999923706055,606,0.0,0.0,0.0
2023-10-25 14:30:00-04:00,22.079999923706055,22.079999923706055,22.06999969482422,22.079999923706055,509,0.0,0.0,0.0
2023-10-25 15:30:00-04:00,22.09000015258789,22.100000381469727,22.09000015258789,22.09510040283203,0,0.0,0.0,0.0
2023-10-26 10:30:00-04:00,22.09000015258789,22.090099334716797,22.089599609375,22.089599609375,623,0.0,0.0,0.0
2023-10-26 13:30:00-04:00,22.135000228881836,22.149999618530273,22.135000228881836,22.138700485229492,2612,0.0,0.0,0.0
2023-10-26 15:30:00-04:00,22.15999984741211,22.15999984741211,22.139999389648438,22.149999618530273,824,0.0,0.0,0.0
2023-10-27 09:30:00-04:00,22.149999618530273,22.170000076293945,22.149999618530273,22.170000076293945,1696,0.0,0.0,0.0
2023-10-27 12:30:00-04:00,22.106000900268555,22.106000900268555,22.106000900268555,22.106000900268555,171,0.0,0.0,0.0
2023-10-27 14:30:00-04:00,22.1200008392334,22.139999389648438,22.110000610351562,22.13990020751953,1552,0.0,0.0,0.0
2023-10-30 15:30:00-04:00,22.188400268554688,22.188400268554688,22.186500549316406,22.186500549316406,0,0.0,0.0,0.0
2023-10-31 15:30:00-04:00,22.21500015258789,22.21500015258789,22.21500015258789,22.21500015258789,0,0.0,0.0,0.0
2023-11-01 10:30:00-04:00,22.280799865722656,22.280799865722656,22.280799865722656,22.280799865722656,168,0.0,0.0,0.0
2023-11-01 11:30:00-04:00,22.27989959716797,22.27989959716797,22.229999542236328,22.229999542236328,2125,0.0,0.0,0.0
2023-11-01 12:30:00-04:00,22.219999313354492,22.33609962463379,22.200000762939453,22.33609962463379,0,0.0,0.0,0.0
2023-11-02 12:30:00-04:00,22.558399200439453,22.58639907836914,22.558399200439453,22.58639907836914,0,0.0,0.0,0.0
2023-11-03 09:30:00-04:00,22.850000381469727,22.850000381469727,22.799999237060547,22.799999237060547,724,0.0,0.0,0.0
2023-11-06 09:30:00-05:00,22.709999084472656,22.709999084472656,22.614599227905273,22.614599227905273,0,0.0,0.0,0.0
2023-11-07 14:30:00-05:00,22.700000762939453,22.700000762939453,22.690000534057617,22.700000762939453,243,0.0,0.0,0.0
2023-11-08 09:30:00-05:00,22.700000762939453,22.75950050354004,22.700000762939453,22.75950050354004,55,0.0,0.0,0.0
2023-11-08 10:30:00-05:00,22.72719955444336,22.72719955444336,22.72719955444336,22.72719955444336,863,0.0,0.0,0.0
2023-11-08 11:30:00-05:00,22.690099716186523,22.690099716186523,22.690099716186523,22.690099716186523,242,0.0,0.0,0.0
2023-11-08 15:30:00-05:00,22.770000457763672,22.780000686645508,22.757099151611328,22.757099151611328,0,0.0,0.0,0.0
2023-11-09 13:30:00-05:00,22.549999237060547,22.549999237060547,22.549999237060547,22.549999237060547,0,0.0,0.0,0.0
2023-11-10 11:30:00-05:00,22.59000015258789,22.59000015258789,22.56999969482422,22.56999969482422,1093,0.0,0.0,0.0
2023-11-10 14:30:00-05:00,22.6299991607666,22.6299991607666,22.629899978637695,22.6299991607666,495,0.0,0.0,0.0
2023-11-13 10:30:00-05:00,22.5,22.500200271606445,22.5,22.5,100,0.0,0.0,0.0
2023-11-13 11:30:00-05:00,22.5,22.514999389648438,22.489999771118164,22.514999389648438,0,0.0,0.0,0.0
2023-11-14 14:30:00-05:00,22.917200088500977,22.917200088500977,22.915000915527344,22.915000915527344,848,0.0,0.0,0.0
2023-11-15 09:30:00-05:00,22.8799991607666,22.8799991607666,22.8799991607666,22.8799991607666,2150,0.0,0.0,0.0
2023-11-15 11:30:00-05:00,22.809999465942383,22.81999969482422,22.799999237060547,22.799999237060547,3473,0.0,0.0,0.0
2023-11-15 13:30:00-05:00,22.799999237060547,22.81999969482422,22.799999237060547,22.80900001525879,1365,0.0,0.0,0.0
2023-11-15 15:30:00-05:00,22.809999465942383,22.809999465942383,22.809999465942383,22.809999465942383,100,0.0,0.0,0.0
2023-11-16 09:30:00-05:00,22.8700008392334,22.950000762939453,22.8700008392334,22.950000762939453,0,0.0,0.0,0.0
2023-11-16 12:30:00-05:00,22.940000534057617,22.940000534057617,22.940000534057617,22.940000534057617,102,0.0,0.0,0.0
2023-11-16 13:30:00-05:00,22.940000534057617,22.940000534057617,22.940000534057617,22.940000534057617,2157,0.0,0.0,0.0
2023-11-16 15:30:00-05:00,22.959999084472656,23.010000228881836,22.959999084472656,23.010000228881836,0,0.0,0.0,0.0
2023-11-20 12:30:00-05:00,23.06999969482422,23.06999969482422,23.06999969482422,23.06999969482422,380,0.0,0.0,0.0
2023-11-20 14:30:00-05:00,23.110000610351562,23.1200008392334,23.110000610351562,23.114999771118164,12478,0.0,0.0,0.0
2023-11-20 15:30:00-05:00,23.1200008392334,23.1200008392334,23.040000915527344,23.049999237060547,8427,0.0,0.0,0.0
2023-11-21 09:30:00-05:00,23.179100036621094,23.179100036621094,23.179100036621094,23.179100036621094,0,0.0,0.0,0.0
2023-11-21 11:30:00-05:00,23.1560001373291,23.23270034790039,23.139999389648438,23.23270034790039,0,0.0,0.0,0.0
2023-11-24 09:30:00-05:00,23.18000030517578,23.18000030517578,23.17530059814453,23.17530059814453,8,0.0,0.0,0.0
2023-11-27 09:30:00-05:00,23.149999618530273,23.15999984741211,23.149999618530273,23.15999984741211,3842,0.0,0.0,0.0
2023-11-27 11:30:00-05:00,23.190000534057617,23.190000534057617,23.190000534057617,23.190000534057617,157,0.0,0.0,0.0
2023-11-27 12:30:00-05:00,23.200000762939453,23.200000762939453,23.200000762939453,23.200000762939453,901,0.0,0.0,0.0
2023-11-27 14:30:00-05:00,23.260000228881836,23.260000228881836,23.25,23.25,800,0.0,0.0,0.0
2023-11-27 15:30:00-05:00,23.274999618530273,23.274999618530273,23.274999618530273,23.274999618530273,100,0.0,0.0,0.0
2023-11-28 10:30:00-05:00,23.270000457763672,23.299999237060547,23.270000457763672,23.299999237060547,286,0.0,0.0,0.0
2023-11-28 15:30:00-05:00,23.400999069213867,23.40169906616211,23.400999069213867,23.40169906616211,2021,0.0,0.0,0.0
2023-11-29 09:30:00-05:00,23.459999084472656,23.459999084472656,23.459999084472656,23.459999084472656,5877,0.0,0.0,0.0
2023-11-29 11:30:00-05:00,23.509700775146484,23.509700775146484,23.509700775146484,23.509700775146484,450,0.0,0.0,0.0
2023-11-29 12:30:00-05:00,23.5403995513916,23.5403995513916,23.540000915527344,23.540000915527344,593,0.0,0.0,0.0
2023-11-29 15:30:00-05:00,23.579999923706055,23.579999923706055,23.568700790405273,23.568700790405273,4426,0.0,0.0,0.0
2023-11-30 09:30:00-05:00,23.449199676513672,23.449199676513672,23.449199676513672,23.449199676513672,0,0.0,0.0,0.0
2023-11-30 12:30:00-05:00,23.427099227905273,23.427099227905273,23.420299530029297,23.420299530029297,0,0.0,0.0,0.0
2023-12-01 10:30:00-05:00,23.450000762939453,23.450000762939453,23.450000762939453,23.450000762939453,212,0.0,0.0,0.0
2023-12-01 11:30:00-05:00,23.540000915527344,23.540000915527344,23.540000915527344,23.540000915527344,1035,0.0,0.0,0.0
2023-12-01 13:30:00-05:00,23.610000610351562,23.63360023498535,23.59000015258789,23.63360023498535,1087,0.0,0.0,0.0
2023-12-04 09:30:00-05:00,23.489999771118164,23.489999771118164,23.489999771118164,23.489999771118164,0,0.0,0.0,0.0
2023-12-04 10:30:00-05:00,23.489999771118164,23.489999771118164,23.489999771118164,23.489999771118164,290,0.0,0.0,0.0
2023-12-04 15:30:00-05:00,23.499900817871094,23.515100479125977,23.4950008392334,23.515100479125977,599,0.0,0.0,0.0
2023-12-05 09:30:00-05:00,23.56999969482422,23.56999969482422,23.56999969482422,23.56999969482422,0,0.0,0.0,0.0
2023-12-05 10:30:00-05:00,23.63010025024414,23.65999984741211,23.6299991607666,23.65999984741211,5470,0.0,0.0,0.0
2023-12-05 12:30:00-05:00,23.639999389648438,23.639999389648438,23.610000610351562,23.610000610351562,670,0.0,0.0,0.0
2023-12-05 14:30:00-05:00,23.639999389648438,23.65369987487793,23.639999389648438,23.65369987487793,214,0.0,0.0,0.0
2023-12-06 12:30:00-05:00,23.780000686645508,23.790000915527344,23.780000686645508,23.790000915527344,1340,0.0,0.0,0.0
2023-12-06 14:30:00-05:00,23.770000457763672,23.770000457763672,23.75,23.75,3240,0.0,0.0,0.0
2023-12-06 15:30:00-05:00,23.740100860595703,23.75,23.740100860595703,23.75,0,0.0,0.0,0.0
2023-12-07 09:30:00-05:00,23.780000686645508,23.780000686645508,23.780000686645508,23.780000686645508,5033,0.0,0.0,0.0
2023-12-07 10:30:00-05:00,23.790000915527344,23.81999969482422,23.790000915527344,23.81999969482422,774,0.0,0.0,0.0
2023-12-07 11:30:00-05:00,23.799999237060547,23.799999237060547,23.799999237060547,23.799999237060547,701,0.0,0.0,0.0
2023-12-07 14:30:00-05:00,23.799999237060547,23.81999969482422,23.799999237060547,23.81999969482422,1382,0.0,0.0,0.0
2023-12-07 15:30:00-05:00,23.780000686645508,23.780000686645508,23.770000457763672,23.770000457763672,1220,0.0,0.0,0.0
2023-12-08 09:30:00-05:00,23.6200008392334,23.65999984741211,23.6200008392334,23.655000686645508,0,0.0,0.0,0.0
2023-12-08 10:30:00-05:00,23.639999389648438,23.639999389648438,23.610000610351562,23.610000610351562,1124,0.0,0.0,0.0
2023-12-08 11:30:00-05:00,23.600000381469727,23.600000381469727,23.579999923706055,23.59000015258789,2228,0.0,0.0,0.0
2023-12-08 12:30:00-05:00,23.600000381469727,23.610000610351562,23.600000381469727,23.610000610351562,783,0.0,0.0,0.0
2023-12-08 13:30:00-05:00,23.639999389648438,23.639999389648438,23.6200008392334,23.639999389648438,2651,0.0,0.0,0.0
2023-12-08 14:30:00-05:00,23.6299991607666,23.639999389648438,23.6299991607666,23.635000228881836,1093,0.0,0.0,0.0
2023-12-08 15:30:00-05:00,23.635000228881836,23.649999618530273,23.635000228881836,23.649999618530273,1182,0.0,0.0,0.0
2023-12-12 11:30:00-05:00,23.610000610351562,23.6200008392334,23.600000381469727,23.6200008392334,10823,0.0,0.0,0.0
2023-12-12 12:30:00-05:00,23.600000381469727,23.600000381469727,23.600000381469727,23.600000381469727,107,0.0,0.0,0.0
2023-12-12 13:30:00-05:00,23.6200008392334,23.649999618530273,23.6200008392334,23.649999618530273,2522,0.0,0.0,0.0
2023-12-12 15:30:00-05:00,23.649999618530273,23.668500900268555,23.649999618530273,23.668500900268555,0,0.0,0.0,0.0
2023-12-13 11:30:00-05:00,23.719999313354492,24.048599243164062,23.719900131225586,24.048599243164062,96,0.0,0.0,0.0
2023-12-14 10:30:00-05:00,24.25,24.25,24.25,24.25,662,0.0,0.0,0.0
2023-12-14 14:30:00-05:00,24.290000915527344,24.290000915527344,24.290000915527344,24.290000915527344,2797,0.0,0.0,0.0
2023-12-14 15:30:00-05:00,24.334999084472656,24.334999084472656,24.334999084472656,24.334999084472656,0,0.0,0.0,0.0
2023-12-15 10:30:00-05:00,24.347400665283203,24.347400665283203,24.347400665283203,24.347400665283203,668,0.0,0.0,0.0
2023-12-15 12:30:00-05:00,24.334999084472656,24.334999084472656,24.312299728393555,24.312299728393555,2245,0.0,0.0,0.0
2023-12-18 09:30:00-05:00,24.195199966430664,24.195199966430664,24.195199966430664,24.195199966430664,0,0.0,0.0,0.0
2023-12-18 11:30:00-05:00,24.190000534057617,24.190000534057617,24.18400001525879,24.18400001525879,3214,0.0,0.0,0.0
2023-12-18 12:30:00-05:00,24.209999084472656,24.209999084472656,24.200000762939453,24.200000762939453,18147,0.0,0.0,0.0
2023-12-18 13:30:00-05:00,24.209999084472656,24.219999313354492,24.200000762939453,24.209999084472656,38227,0.0,0.0,0.0
2023-12-18 14:30:00-05:00,24.209999084472656,24.229999542236328,24.2091007232666,24.229999542236328,117931,0.0,0.0,0.0
2023-12-18 15:30:00-05:00,24.238399505615234,24.239599227905273,24.219999313354492,24.229999542236328,1837,0.0,0.0,0.0
2023-12-19 09:30:00-05:00,24.270000457763672,24.3174991607666,24.267000198364258,24.309900283813477,0,0.0,0.0,0.0
2023-12-19 10:30:00-05:00,24.299999237060547,24.360000610351562,24.295000076293945,24.329999923706055,101290,0.0,0.0,0.0
2023-12-19 11:30:00-05:00,24.344999313354492,24.360000610351562,24.309999465942383,24.344999313354492,4774,0.0,0.0,0.0
2023-12-19 12:30:00-05:00,24.309999465942383,24.309999465942383,24.270000457763672,24.280000686645508,2123,0.0,0.0,0.0
2023-12-19 13:30:00-05:00,24.280000686645508,24.28499984741211,24.280000686645508,24.28499984741211,1016,0.0,0.0,0.0
2023-12-19 14:30:00-05:00,24.299999237060547,24.31999969482422,24.270000457763672,24.299800872802734,20698,0.0,0.0,0.0
2023-12-19 15:30:00-05:00,24.290000915527344,24.290000915527344,24.290000915527344,24.290000915527344,394,0.0,0.0,0.0
2023-12-20 09:30:00-05:00,24.304800033569336,24.304800033569336,24.200000762939453,24.260000228881836,1483,0.0,0.0,0.0
2023-12-20 10:30:00-05:00,24.27989959716797,24.350000381469727,24.276599884033203,24.280000686645508,2866,0.0,0.0,0.0
2023-12-20 11:30:00-05:00,24.290000915527344,24.389999389648438,24.289899826049805,24.325000762939453,15254,0.0,0.0,0.0
2023-12-20 12:30:00-05:00,24.31999969482422,24.34000015258789,24.309999465942383,24.329999923706055,1197,0.0,0.0,0.0
2023-12-20 13:30:00-05:00,24.34000015258789,24.350000381469727,24.329999923706055,24.350000381469727,2544,0.0,0.0,0.0
2023-12-20 14:30:00-05:00,24.34000015258789,24.34000015258789,24.315000534057617,24.31999969482422,21747,0.0,0.0,0.0
2023-12-20 15:30:00-05:00,24.317699432373047,24.360000610351562,24.317699432373047,24.31999969482422,0,0.0,0.0,0.0
2023-12-21 09:30:00-05:00,24.376699447631836,24.399999618530273,24.3700008392334,24.3700008392334,2375,0.0,0.0,0.0
2023-12-21 10:30:00-05:00,24.329999923706055,24.360000610351562,24.329999923706055,24.329999923706055,4732,0.0,0.0,0.0
2023-12-21 11:30:00-05:00,24.334999084472656,24.334999084472656,24.319799423217773,24.319799423217773,1224,0.0,0.0,0.0
2023-12-21 12:30:00-05:00,24.309900283813477,24.309999465942383,24.29960060119629,24.299999237060547,4963,0.0,0.0,0.0
2023-12-21 13:30:00-05:00,24.309999465942383,24.309999465942383,24.309900283813477,24.309999465942383,2208,0.0,0.0,0.0
2023-12-21 14:30:00-05:00,24.309799194335938,24.31909942626953,24.309799194335938,24.31909942626953,614,0.0,0.0,0.0
2023-12-21 15:30:00-05:00,24.329999923706055,24.331899642944336,24.329999923706055,24.331899642944336,0,0.0,0.0,0.0
2023-12-22 09:30:00-05:00,24.3700008392334,24.3700008392334,24.3700008392334,24.3700008392334,269,0.0,0.0,0.0
2023-12-22 10:30:00-05:00,24.329999923706055,24.329999923706055,24.329999923706055,24.329999923706055,944,0.0,0.0,0.0
2023-12-22 11:30:00-05:00,24.31999969482422,24.378999710083008,24.309999465942383,24.309999465942383,2871,0.0,0.0,0.0
2023-12-22 12:30:00-05:00,24.31999969482422,24.31999969482422,24.31999969482422,24.31999969482422,100,0.0,0.0,0.0
2023-12-22 13:30:00-05:00,24.31999969482422,24.31999969482422,24.31329917907715,24.315000534057617,13742,0.0,0.0,0.0
2023-12-22 14:30:00-05:00,24.31999969482422,24.31999969482422,24.31999969482422,24.31999969482422,322,0.0,0.0,0.0
2023-12-22 15:30:00-05:00,24.309999465942383,24.310199737548828,24.309999465942383,24.310199737548828,432,0.0,0.0,0.0
2023-12-26 09:30:00-05:00,24.299999237060547,24.299999237060547,24.299999237060547,24.299999237060547,0,0.0,0.0,0.0
2023-12-26 10:30:00-05:00,24.309999465942383,24.309999465942383,24.309999465942383,24.309999465942383,247,0.0,0.0,0.0
2023-12-26 11:30:00-05:00,24.325000762939453,24.325000762939453,24.325000762939453,24.325000762939453,320,0.0,0.0,0.0
2023-12-26 12:30:00-05:00,24.325000762939453,24.325000762939453,24.325000762939453,24.325000762939453,1073,0.0,0.0,0.0
2023-12-26 14:30:00-05:00,24.360000610351562,24.360000610351562,24.354999542236328,24.354999542236328,338,0.0,0.0,0.0
2023-12-27 09:30:00-05:00,24.389999389648438,24.389999389648438,24.389999389648438,24.389999389648438,0,0.0,0.0,0.0
2023-12-27 10:30:00-05:00,24.43000030517578,24.5,24.429899215698242,24.5,1369,0.0,0.0,0.0
2023-12-27 12:30:00-05:00,24.454999923706055,24.469999313354492,24.454999923706055,24.469999313354492,548,0.0,0.0,0.0
2023-12-27 14:30:00-05:00,24.46500015258789,24.46500015258789,24.464000701904297,24.464000701904297,0,0.0,0.0,0.0
2023-12-28 10:30:00-05:00,24.469999313354492,24.469999313354492,24.43000030517578,24.43000030517578,1493,0.0,0.0,0.0
2023-12-28 12:30:00-05:00,24.424999237060547,24.424999237060547,24.385000228881836,24.385000228881836,644,0.0,0.0,0.0
2023-12-28 13:30:00-05:00,24.399700164794922,24.399700164794922,24.399700164794922,24.399700164794922,3069,0.0,0.0,0.0
2023-12-28 14:30:00-05:00,24.389999389648438,24.389999389648438,24.389999389648438,24.389999389648438,257,0.0,0.0,0.0
2023-12-28 15:30:00-05:00,24.420000076293945,24.420000076293945,24.41990089416504,24.41990089416504,0,0.0,0.0,0.0
2023-12-29 09:30:00-05:00,24.392200469970703,24.392200469970703,24.392200469970703,24.392200469970703,555,0.0,0.0,0.0
2023-12-29 12:30:00-05:00,24.389999389648438,24.389999389648438,24.389999389648438,24.389999389648438,279,0.0,0.0,0.0
2023-12-29 15:30:00-05:00,24.360000610351562,24.360000610351562,24.35919952392578,24.35919952392578,239,0.0,0.0,0.0
2024-01-02 09:30:00-05:00,24.190000534057617,24.190099716186523,24.190000534057617,24.190099716186523,0,0.0,0.0,0.0
2024-01-02 10:30:00-05:00,24.179899215698242,24.179899215698242,24.170000076293945,24.170000076293945,4758,0.0,0.0,0.0
2024-01-02 12:30:00-05:00,24.135000228881836,24.139999389648438,24.135000228881836,24.13990020751953,1458,0.0,0.0,0.0
2024-01-02 13:30:00-05:00,24.1299991607666,24.1299991607666,24.12969970703125,24.12969970703125,12566,0.0,0.0,0.0
2024-01-02 14:30:00-05:00,24.125200271606445,24.139999389648438,24.125200271606445,24.139799118041992,881,0.0,0.0,0.0
2024-01-02 15:30:00-05:00,24.1200008392334,24.126100540161133,24.11829948425293,24.126100540161133,557,0.0,0.0,0.0
2024-01-03 09:30:00-05:00,23.940000534057617,23.950000762939453,23.90999984741211,23.90999984741211,0,0.0,0.0,0.0
2024-01-03 11:30:00-05:00,23.920000076293945,23.920000076293945,23.909000396728516,23.909000396728516,471,0.0,0.0,0.0
2024-01-03 13:30:00-05:00,23.969999313354492,23.969999313354492,23.969900131225586,23.969900131225586,618,0.0,0.0,0.0
2024-01-03 15:30:00-05:00,24.010000228881836,24.019899368286133,24.010000228881836,24.018400192260742,0,0.0,0.0,0.0
2024-01-04 09:30:00-05:00,23.905000686645508,23.905000686645508,23.905000686645508,23.905000686645508,214,0.0,0.0,0.0
2024-01-04 10:30:00-05:00,23.919599533081055,23.929899215698242,23.905000686645508,23.909000396728516,1579,0.0,0.0,0.0
2024-01-04 11:30:00-05:00,23.93000030517578,23.940000534057617,23.9060001373291,23.9060001373291,6688,0.0,0.0,0.0
2024-01-04 12:30:00-05:00,23.8799991607666,23.8799991607666,23.8799991607666,23.8799991607666,455,0.0,0.0,0.0
2024-01-04 14:30:00-05:00,23.93000030517578,23.93000030517578,23.93000030517578,23.93000030517578,245,0.0,0.0,0.0
2024-01-04 15:30:00-05:00,23.90999984741211,23.910400390625,23.90999984741211,23.910400390625,0,0.0,0.0,0.0
2024-01-05 09:30:00-05:00,23.949399948120117,23.949399948120117,23.949399948120117,23.949399948120117,287,0.0,0.0,0.0
2024-01-05 10:30:00-05:00,23.983200073242188,23.983200073242188,23.95800018310547,23.95800018310547,437,0.0,0.0,0.0
2024-01-05 11:30:00-05:00,23.8799991607666,23.8799991607666,23.8799991607666,23.8799991607666,153,0.0,0.0,0.0
2024-01-05 12:30:00-05:00,23.860000610351562,23.93000030517578,23.83009910583496,23.83009910583496,1608,0.0,0.0,0.0
2024-01-05 14:30:00-05:00,23.820100784301758,23.820100784301758,23.815000534057617,23.815000534057617,251,0.0,0.0,0.0
2024-01-08 10:30:00-05:00,23.8789005279541,23.899999618530273,23.8789005279541,23.899999618530273,0,0.0,0.0,0.0
2024-01-08 11:30:00-05:00,23.889999389648438,23.889999389648438,23.875,23.878999710083008,1705,0.0,0.0,0.0
2024-01-08 12:30:00-05:00,23.81999969482422,23.81999969482422,23.81999969482422,23.81999969482422,37523,0.0,0.0,0.0
2024-01-08 13:30:00-05:00,23.840700149536133,23.840700149536133,23.829999923706055,23.829999923706055,305,0.0,0.0,0.0
2024-01-08 14:30:00-05:00,23.81999969482422,23.8799991607666,23.819000244140625,23.8799991607666,1952,0.0,0.0,0.0
2024-01-08 15:30:00-05:00,23.840700149536133,23.840700149536133,23.770000457763672,23.84000015258789,0,0.0,0.0,0.0
2024-01-09 09:30:00-05:00,23.795000076293945,23.795000076293945,23.795000076293945,23.795000076293945,308,0.0,0.0,0.0
2024-01-09 10:30:00-05:00,23.780000686645508,23.799999237060547,23.775999069213867,23.799999237060547,5820,0.0,0.0,0.0
2024-01-09 11:30:00-05:00,23.799999237060547,23.809999465942383,23.7903995513916,23.809200286865234,1832,0.0,0.0,0.0
2024-01-09 12:30:00-05:00,23.786399841308594,23.869199752807617,23.786399841308594,23.869199752807617,1905,0.0,0.0,0.0
2024-01-09 15:30:00-05:00,23.8080997467041,23.80940055847168,23.7903995513916,23.7903995513916,0,0.0,0.0,0.0
2024-01-10 09:30:00-05:00,23.90999984741211,23.989900588989258,23.899799346923828,23.920000076293945,18413,0.0,0.0,0.0
2024-01-10 10:30:00-05:00,23.93000030517578,24.0,23.93000030517578,23.93000030517578,644104,0.0,0.0,0.0
2024-01-10 11:30:00-05:00,23.93000030517578,24.019899368286133,23.920000076293945,23.95680046081543,3273966,0.0,0.0,0.0
2024-01-10 12:30:00-05:00,23.93000030517578,24.040000915527344,23.93000030517578,23.940000534057617,54094,0.0,0.0,0.0
2024-01-10 13:30:00-05:00,23.940000534057617,23.96929931640625,23.93000030517578,23.96929931640625,26251,0.0,0.0,0.0
2024-01-10 14:30:00-05:00,23.950000762939453,23.989999771118164,23.940000534057617,23.950000762939453,213686,0.0,0.0,0.0
2024-01-10 15:30:00-05:00,23.950000762939453,23.969900131225586,23.950000762939453,23.950700759887695,15953,0.0,0.0,0.0
2024-01-11 09:30:00-05:00,24.0,24.0,23.931400299072266,23.969999313354492,0,0.0,0.0,0.0
2024-01-11 10:30:00-05:00,23.989999771118164,24.021400451660156,23.969999313354492,23.979999542236328,7628,0.0,0.0,0.0
2024-01-11 11:30:00-05:00,23.959999084472656,23.979999542236328,23.954999923706055,23.969999313354492,8594,0.0,0.0,0.0
2024-01-11 12:30:00-05:00,23.959999084472656,24.010000228881836,23.950000762939453,23.985000610351562,15909,0.0,0.0,0.0
2024-01-11 13:30:00-05:00,23.985000610351562,24.08989906311035,23.979999542236328,24.08989906311035,994178,0.0,0.0,0.0
2024-01-11 14:30:00-05:00,24.079999923706055,24.1299991607666,24.079999923706055,24.109899520874023,5271,0.0,0.0,0.0
2024-01-11 15:30:00-05:00,24.104999542236328,24.11079978942871,24.100000381469727,24.110000610351562,3587,0.0,0.0,0.0
2024-01-12 09:30:00-05:00,24.1200008392334,24.170000076293945,24.1200008392334,24.165000915527344,0,0.0,0.0,0.0
2024-01-12 10:30:00-05:00,24.167699813842773,24.229999542236328,24.139999389648438,24.21500015258789,17191,0.0,0.0,0.0
2024-01-12 11:30:00-05:00,24.170000076293945,24.170000076293945,24.110000610351562,24.110000610351562,7900,0.0,0.0,0.0
2024-01-12 12:30:00-05:00,24.119800567626953,24.1299991607666,24.092100143432617,24.110000610351562,5486,0.0,0.0,0.0
2024-01-12 13:30:00-05:00,24.1200008392334,24.149999618530273,24.102500915527344,24.149999618530273,6983,0.0,0.0,0.0
2024-01-12 14:30:00-05:00,24.15999984741211,24.15999984741211,24.139999389648438,24.139999389648438,1463,0.0,0.0,0.0
2024-01-12 15:30:00-05:00,24.145000457763672,24.15999984741211,24.139999389648438,24.139999389648438,12468,0.0,0.0,0.0
2024-01-16 09:30:00-05:00,24.079999923706055,24.079999923706055,23.959999084472656,24.000999450683594,9124,0.0,0.0,0.0
2024-01-16 10:30:00-05:00,24.010000228881836,24.030000686645508,23.95989990234375,24.020000457763672,15441,0.0,0.0,0.0
2024-01-16 11:30:00-05:00,24.014999389648438,24.014999389648438,23.920000076293945,23.920000076293945,6439,0.0,0.0,0.0
2024-01-16 12:30:00-05:00,23.90999984741211,23.90999984741211,23.904399871826172,23.905000686645508,139180,0.0,0.0,0.0
2024-01-16 13:30:00-05:00,23.920000076293945,23.93000030517578,23.90999984741211,23.93000030517578,2735,0.0,0.0,0.0
2024-01-16 14:30:00-05:00,23.93000030517578,23.9424991607666,23.920000076293945,23.924999237060547,4946,0.0,0.0,0.0
2024-01-16 15:30:00-05:00,23.934999465942383,23.939699172973633,23.934999465942383,23.934999465942383,29536,0.0,0.0,0.0
2024-01-17 09:30:00-05:00,23.8799991607666,23.8799991607666,23.790000915527344,23.799999237060547,0,0.0,0.0,0.0
2024-01-17 10:30:00-05:00,23.790000915527344,23.790000915527344,23.783000946044922,23.783000946044922,771,0.0,0.0,0.0
2024-01-17 11:30:00-05:00,23.84000015258789,23.84000015258789,23.84000015258789,23.84000015258789,569,0.0,0.0,0.0
2024-01-17 12:30:00-05:00,23.837900161743164,23.93000030517578,23.82270050048828,23.82270050048828,27139,0.0,0.0,0.0
2024-01-17 13:30:00-05:00,23.829999923706055,23.850000381469727,23.820499420166016,23.850000381469727,2972,0.0,0.0,0.0
2024-01-17 14:30:00-05:00,23.860000610351562,23.979999542236328,23.850000381469727,23.875,23300,0.0,0.0,0.0
2024-01-17 15:30:00-05:00,23.8799991607666,23.8799991607666,23.864999771118164,23.864999771118164,2856,0.0,0.0,0.0
2024-01-18 09:30:00-05:00,23.8700008392334,23.950000762939453,23.850000381469727,23.950000762939453,4921,0.0,0.0,0.0
2024-01-18 10:30:00-05:00,23.899999618530273,23.905000686645508,23.850000381469727,23.8700008392334,6023,0.0,0.0,0.0
2024-01-18 11:30:00-05:00,23.8700008392334,23.8700008392334,23.82900047302246,23.829999923706055,1798,0.0,0.0,0.0
2024-01-18 12:30:00-05:00,23.81999969482422,23.850000381469727,23.81999969482422,23.84000015258789,957,0.0,0.0,0.0
2024-01-18 13:30:00-05:00,23.844999313354492,23.875,23.84269905090332,23.850000381469727,4666,0.0,0.0,0.0
2024-01-18 14:30:00-05:00,23.860000610351562,23.860000610351562,23.83989906311035,23.85099983215332,4212,0.0,0.0,0.0
2024-01-18 15:30:00-05:00,23.860000610351562,23.860000610351562,23.790000915527344,23.790000915527344,0,0.0,0.0,0.0
2024-01-19 09:30:00-05:00,23.790000915527344,23.790000915527344,23.762699127197266,23.762699127197266,911,0.0,0.0,0.0
2024-01-19 10:30:00-05:00,23.790000915527344,23.860000610351562,23.789899826049805,23.80500030517578,2877,0.0,0.0,0.0
2024-01-19 11:30:00-05:00,23.798999786376953,23.798999786376953,23.795000076293945,23.795000076293945,960,0.0,0.0,0.0
2024-01-19 12:30:00-05:00,23.81999969482422,23.81999969482422,23.819900512695312,23.819900512695312,1557,0.0,0.0,0.0
2024-01-19 13:30:00-05:00,23.81999969482422,23.84000015258789,23.819900512695312,23.84000015258789,2025,0.0,0.0,0.0
2024-01-19 14:30:00-05:00,23.834999084472656,23.834999084472656,23.829999923706055,23.83009910583496,1391,0.0,0.0,0.0
2024-01-19 15:30:00-05:00,23.84000015258789,23.84000015258789,23.829999923706055,23.83099937438965,1248,0.0,0.0,0.0
2024-01-22 09:30:00-05:00,23.8700008392334,23.8700008392334,23.8700008392334,23.8700008392334,0,0.0,0.0,0.0
2024-01-22 11:30:00-05:00,23.859800338745117,23.859800338745117,23.838499069213867,23.838499069213867,861,0.0,0.0,0.0
2024-01-22 12:30:00-05:00,23.840299606323242,23.860000610351562,23.840299606323242,23.850000381469727,1284,0.0,0.0,0.0
2024-01-22 13:30:00-05:00,23.849899291992188,23.8799991607666,23.820999145507812,23.839599609375,5582,0.0,0.0,0.0
2024-01-22 14:30:00-05:00,23.834999084472656,23.834999084472656,23.809999465942383,23.82990074157715,13725,0.0,0.0,0.0
2024-01-22 15:30:00-05:00,23.829999923706055,23.854999542236328,23.81999969482422,23.854999542236328,403,0.0,0.0,0.0
2024-01-23 09:30:00-05:00,23.7549991607666,23.760000228881836,23.72010040283203,23.72010040283203,0,0.0,0.0,0.0
2024-01-23 10:30:00-05:00,23.690500259399414,23.694000244140625,23.670000076293945,23.670000076293945,0,0.0,0.0,0.0
2024-01-23 11:30:00-05:00,23.670000076293945,23.68000030517578,23.665000915527344,23.665000915527344,6506,0.0,0.0,0.0
2024-01-23 12:30:00-05:00,23.690000534057617,23.690000534057617,23.689899444580078,23.690000534057617,587,0.0,0.0,0.0
2024-01-23 13:30:00-05:00,23.67009925842285,23.674999237060547,23.65999984741211,23.65999984741211,2775,0.0,0.0,0.0
2024-01-23 14:30:00-05:00,23.65999984741211,23.68000030517578,23.649999618530273,23.679899215698242,7173,0.0,0.0,0.0
2024-01-23 15:30:00-05:00,23.670000076293945,23.70359992980957,23.670000076293945,23.70359992980957,618,0.0,0.0,0.0
2024-01-24 09:30:00-05:00,23.799999237060547,23.799999237060547,23.76099967956543,23.770000457763672,0,0.0,0.0,0.0
2024-01-24 10:30:00-05:00,23.706100463867188,23.739299774169922,23.706100463867188,23.739299774169922,2137,0.0,0.0,0.0
2024-01-24 11:30:00-05:00,23.67009925842285,23.67009925842285,23.65999984741211,23.65999984741211,1311,0.0,0.0,0.0
2024-01-24 12:30:00-05:00,23.690000534057617,23.690000534057617,23.690000534057617,23.690000534057617,135,0.0,0.0,0.0
2024-01-24 13:30:00-05:00,23.690000534057617,23.690000534057617,23.66010093688965,23.66990089416504,3370,0.0,0.0,0.0
2024-01-24 14:30:00-05:00,23.66029930114746,23.66029930114746,23.66029930114746,23.66029930114746,631,0.0,0.0,0.0
2024-01-24 15:30:00-05:00,23.649999618530273,23.649999618530273,23.649900436401367,23.649999618530273,817,0.0,0.0,0.0
2024-01-25 09:30:00-05:00,23.740100860595703,23.740100860595703,23.740100860595703,23.740100860595703,416,0.0,0.0,0.0
2024-01-25 10:30:00-05:00,23.750099182128906,23.764999389648438,23.750099182128906,23.764999389648438,778,0.0,0.0,0.0
2024-01-25 11:30:00-05:00,23.770000457763672,23.770000457763672,23.770000457763672,23.770000457763672,240,0.0,0.0,0.0
2024-01-25 12:30:00-05:00,23.75,23.760099411010742,23.75,23.760099411010742,519,0.0,0.0,0.0
2024-01-25 13:30:00-05:00,23.76099967956543,23.8799991607666,23.704099655151367,23.790000915527344,23662,0.0,0.0,0.0
2024-01-25 14:30:00-05:00,23.75,23.79990005493164,23.75,23.790000915527344,1866,0.0,0.0,0.0
2024-01-25 15:30:00-05:00,23.790000915527344,23.84000015258789,23.790000915527344,23.84000015258789,0,0.0,0.0,0.0
2024-01-26 09:30:00-05:00,23.779399871826172,23.779399871826172,23.779399871826172,23.779399871826172,407,0.0,0.0,0.0
2024-01-26 10:30:00-05:00,23.783100128173828,23.783100128173828,23.783100128173828,23.783100128173828,255,0.0,0.0,0.0
2024-01-26 11:30:00-05:00,23.80500030517578,23.806100845336914,23.80500030517578,23.806100845336914,1737,0.0,0.0,0.0
2024-01-26 13:30:00-05:00,23.809999465942383,23.860000610351562,23.79010009765625,23.80500030517578,18008,0.0,0.0,0.0
2024-01-26 14:30:00-05:00,23.81999969482422,23.81999969482422,23.81410026550293,23.81410026550293,2023,0.0,0.0,0.0
2024-01-26 15:30:00-05:00,23.829999923706055,23.829999923706055,23.829999923706055,23.829999923706055,449,0.0,0.0,0.0
2024-01-29 09:30:00-05:00,23.8700008392334,23.8700008392334,23.84000015258789,23.84000015258789,0,0.0,0.0,0.0
2024-01-29 10:30:00-05:00,23.860000610351562,23.860000610351562,23.84000015258789,23.859600067138672,869,0.0,0.0,0.0
2024-01-29 11:30:00-05:00,23.8700008392334,23.8799991607666,23.8700008392334,23.879899978637695,902,0.0,0.0,0.0
2024-01-29 12:30:00-05:00,23.860000610351562,23.864999771118164,23.850000381469727,23.860000610351562,2338,0.0,0.0,0.0
2024-01-29 13:30:00-05:00,23.8799991607666,23.899999618530273,23.86009979248047,23.88990020751953,4356,0.0,0.0,0.0
2024-01-29 14:30:00-05:00,23.876100540161133,23.94499969482422,23.871000289916992,23.94499969482422,3402,0.0,0.0,0.0
2024-01-29 15:30:00-05:00,23.910999298095703,23.93280029296875,23.910999298095703,23.93280029296875,0,0.0,0.0,0.0
2024-01-30 09:30:00-05:00,23.969999313354492,23.969999313354492,23.969999313354492,23.969999313354492,280,0.0,0.0,0.0
2024-01-30 10:30:00-05:00,23.889999389648438,23.93000030517578,23.889999389648438,23.92020034790039,3068,0.0,0.0,0.0
2024-01-30 11:30:00-05:00,23.936100006103516,23.936100006103516,23.936100006103516,23.936100006103516,184,0.0,0.0,0.0
2024-01-30 12:30:00-05:00,23.934999465942383,23.94499969482422,23.934999465942383,23.94499969482422,2265,0.0,0.0,0.0
2024-01-30 13:30:00-05:00,23.94499969482422,23.969999313354492,23.94499969482422,23.956100463867188,2901,0.0,0.0,0.0
2024-01-30 14:30:00-05:00,23.969999313354492,23.989999771118164,23.969999313354492,23.989999771118164,877,0.0,0.0,0.0
2024-01-30 15:30:00-05:00,23.98900032043457,23.991500854492188,23.983299255371094,23.991500854492188,0,0.0,0.0,0.0
2024-01-31 09:30:00-05:00,24.049999237060547,24.049999237060547,24.049999237060547,24.049999237060547,1606,0.0,0.0,0.0
2024-01-31 10:30:00-05:00,24.059999465942383,24.09000015258789,24.059999465942383,24.077499389648438,4335,0.0,0.0,0.0
2024-01-31 11:30:00-05:00,24.06999969482422,24.06999969482422,24.040000915527344,24.04010009765625,856,0.0,0.0,0.0
2024-01-31 12:30:00-05:00,24.038999557495117,24.059200286865234,24.020000457763672,24.020000457763672,1411,0.0,0.0,0.0
2024-01-31 13:30:00-05:00,24.024999618530273,24.040000915527344,24.010000228881836,24.010000228881836,4827,0.0,0.0,0.0
2024-01-31 14:30:00-05:00,24.059099197387695,24.059099197387695,23.9689998626709,24.009899139404297,1921,0.0,0.0,0.0
2024-01-31 15:30:00-05:00,23.969999313354492,24.010000228881836,23.969999313354492,24.010000228881836,1292,0.0,0.0,0.0
2024-02-01 09:30:00-05:00,24.039899826049805,24.07900047302246,24.023099899291992,24.07900047302246,0,0.0,0.0,0.0
2024-02-01 10:30:00-05:00,24.069599151611328,24.139999389648438,24.069599151611328,24.128999710083008,2616,0.0,0.0,0.0
2024-02-01 11:30:00-05:00,24.100000381469727,24.109699249267578,24.065000534057617,24.065000534057617,29002,0.0,0.0,0.0
2024-02-01 12:30:00-05:00,24.079999923706055,24.079999923706055,24.075000762939453,24.075000762939453,11370,0.0,0.0,0.0
2024-02-01 13:30:00-05:00,24.07900047302246,24.149999618530273,24.07900047302246,24.079999923706055,2767,0.0,0.0,0.0
2024-02-01 14:30:00-05:00,24.079999923706055,24.100000381469727,24.079999923706055,24.100000381469727,919,0.0,0.0,0.0
2024-02-01 15:30:00-05:00,24.100000381469727,24.100000381469727,24.095300674438477,24.095300674438477,0,0.0,0.0,0.0
2024-02-02 09:30:00-05:00,23.905000686645508,23.905000686645508,23.899999618530273,23.899999618530273,2095,0.0,0.0,0.0
2024-02-02 10:30:00-05:00,23.8700008392334,23.8700008392334,23.850000381469727,23.859899520874023,863,0.0,0.0,0.0
2024-02-02 11:30:00-05:00,23.879899978637695,23.879899978637695,23.854999542236328,23.854999542236328,1053,0.0,0.0,0.0
2024-02-02 12:30:00-05:00,23.8700008392334,23.8700008392334,23.86989974975586,23.86989974975586,361,0.0,0.0,0.0
2024-02-02 13:30:00-05:00,23.857999801635742,23.889999389648438,23.850000381469727,23.88990020751953,5239,0.0,0.0,0.0
2024-02-02 14:30:00-05:00,23.885000228881836,23.885000228881836,23.871999740600586,23.871999740600586,693,0.0,0.0,0.0
2024-02-02 15:30:00-05:00,23.889699935913086,23.889699935913086,23.884300231933594,23.884300231933594,5671,0.0,0.0,0.0
2024-02-05 09:30:00-05:00,23.729999542236328,23.729999542236328,23.729999542236328,23.729999542236328,0,0.0,0.0,0.0
2024-02-05 10:30:00-05:00,23.65999984741211,23.690000534057617,23.65999984741211,23.68000030517578,3456,0.0,0.0,0.0
2024-02-05 11:30:00-05:00,23.697500228881836,23.709999084472656,23.68000030517578,23.704999923706055,3384,0.0,0.0,0.0
2024-02-05 12:30:00-05:00,23.709999084472656,23.725000381469727,23.70989990234375,23.719999313354492,3105,0.0,0.0,0.0
2024-02-05 13:30:00-05:00,23.71500015258789,23.719999313354492,23.709999084472656,23.719999313354492,3684,0.0,0.0,0.0
2024-02-05 14:30:00-05:00,23.719999313354492,23.729999542236328,23.700000762939453,23.72909927368164,5180,0.0,0.0,0.0
2024-02-05 15:30:00-05:00,23.719999313354492,23.729999542236328,23.71500015258789,23.719999313354492,982,0.0,0.0,0.0
2024-02-06 09:30:00-05:00,23.776500701904297,23.776500701904297,23.776500701904297,23.776500701904297,193,0.0,0.0,0.0
2024-02-06 10:30:00-05:00,23.799999237060547,23.860000610351562,23.79990005493164,23.859899520874023,5090,0.0,0.0,0.0
2024-02-06 11:30:00-05:00,23.859899520874023,23.860000610351562,23.859899520874023,23.860000610351562,2085,0.0,0.0,0.0
2024-02-06 12:30:00-05:00,23.86989974975586,23.899700164794922,23.86989974975586,23.8799991607666,9995,0.0,0.0,0.0
2024-02-06 13:30:00-05:00,23.875,23.889999389648438,23.872100830078125,23.889999389648438,13682,0.0,0.0,0.0
2024-02-06 14:30:00-05:00,23.871000289916992,23.879899978637695,23.871000289916992,23.872900009155273,5208,0.0,0.0,0.0
2024-02-06 15:30:00-05:00,23.889999389648438,23.889999389648438,23.8700008392334,23.871299743652344,921,0.0,0.0,0.0
2024-02-07 09:30:00-05:00,23.81999969482422,23.905000686645508,23.81999969482422,23.905000686645508,0,0.0,0.0,0.0
2024-02-07 10:30:00-05:00,23.899999618530273,23.899999618530273,23.877300262451172,23.8799991607666,12007,0.0,0.0,0.0
2024-02-07 11:30:00-05:00,23.899999618530273,23.899999618530273,23.850000381469727,23.85449981689453,35165,0.0,0.0,0.0
2024-02-07 12:30:00-05:00,23.850000381469727,23.90999984741211,23.850000381469727,23.88010025024414,2530,0.0,0.0,0.0
2024-02-07 13:30:00-05:00,23.889999389648438,23.889999389648438,23.88990020751953,23.889999389648438,3390,0.0,0.0,0.0
2024-02-07 14:30:00-05:00,23.88990020751953,23.895000457763672,23.85569953918457,23.895000457763672,3567,0.0,0.0,0.0
2024-02-07 15:30:00-05:00,23.889999389648438,23.889999389648438,23.8799991607666,23.885000228881836,7197,0.0,0.0,0.0
2024-02-08 09:30:00-05:00,23.84000015258789,23.850000381469727,23.839000701904297,23.839000701904297,839,0.0,0.0,0.0
2024-02-08 10:30:00-05:00,23.850000381469727,23.850000381469727,23.83009910583496,23.83009910583496,977,0.0,0.0,0.0
2024-02-08 11:30:00-05:00,23.84000015258789,23.84000015258789,23.835100173950195,23.835100173950195,948,0.0,0.0,0.0
2024-02-08 12:30:00-05:00,23.829999923706055,23.861299514770508,23.829999923706055,23.8528995513916,5526,0.0,0.0,0.0
2024-02-08 13:30:00-05:00,23.850099563598633,23.859899520874023,23.850099563598633,23.854999542236328,2053,0.0,0.0,0.0
2024-02-08 14:30:00-05:00,23.850000381469727,23.850000381469727,23.825000762939453,23.825000762939453,2180,0.0,0.0,0.0
2024-02-08 15:30:00-05:00,23.81100082397461,23.81100082397461,23.81100082397461,23.81100082397461,136,0.0,0.0,0.0
2024-02-09 09:30:00-05:00,23.799999237060547,23.81999969482422,23.780000686645508,23.78499984741211,0,0.0,0.0,0.0
2024-02-09 10:30:00-05:00,23.809999465942383,23.81999969482422,23.799999237060547,23.809999465942383,2093,0.0,0.0,0.0
2024-02-09 11:30:00-05:00,23.799999237060547,23.80030059814453,23.770000457763672,23.79990005493164,4345,0.0,0.0,0.0
2024-02-09 12:30:00-05:00,23.795000076293945,23.805099487304688,23.795000076293945,23.805099487304688,1206,0.0,0.0,0.0
2024-02-09 13:30:00-05:00,23.829999923706055,23.84000015258789,23.805099487304688,23.83989906311035,20169,0.0,0.0,0.0
2024-02-09 14:30:00-05:00,23.81279945373535,23.819299697875977,23.807600021362305,23.819299697875977,2873,0.0,0.0,0.0
2024-02-09 15:30:00-05:00,23.815000534057617,23.82469940185547,23.799999237060547,23.82469940185547,1164,0.0,0.0,0.0
2024-02-12 09:30:00-05:00,23.850000381469727,23.850000381469727,23.840099334716797,23.849899291992188,0,0.0,0.0,0.0
2024-02-12 10:30:00-05:00,23.844999313354492,23.860000610351562,23.840099334716797,23.850000381469727,3731,0.0,0.0,0.0
2024-02-12 11:30:00-05:00,23.860000610351562,23.860000610351562,23.860000610351562,23.860000610351562,1133,0.0,0.0,0.0
2024-02-12 12:30:00-05:00,23.889999389648438,23.899999618530273,23.8700008392334,23.8799991607666,3807,0.0,0.0,0.0
2024-02-12 13:30:00-05:00,23.8799991607666,23.889999389648438,23.8700008392334,23.8700008392334,3579,0.0,0.0,0.0
2024-02-12 14:30:00-05:00,23.8700008392334,23.879899978637695,23.850000381469727,23.860000610351562,10049,0.0,0.0,0.0
2024-02-12 15:30:00-05:00,23.860000610351562,23.864999771118164,23.860000610351562,23.864999771118164,0,0.0,0.0,0.0
2024-02-13 09:30:00-05:00,23.65999984741211,23.729999542236328,23.659900665283203,23.670000076293945,5709,0.0,0.0,0.0
2024-02-13 10:30:00-05:00,23.650100708007812,23.689899444580078,23.650100708007812,23.68000030517578,4736,0.0,0.0,0.0
2024-02-13 11:30:00-05:00,23.68000030517578,23.8700008392334,23.65999984741211,23.670000076293945,37657,0.0,0.0,0.0
2024-02-13 12:30:00-05:00,23.68000030517578,23.700000762939453,23.679000854492188,23.68000030517578,4203,0.0,0.0,0.0
2024-02-13 13:30:00-05:00,23.670000076293945,23.67009925842285,23.639999389648438,23.639999389648438,2175,0.0,0.0,0.0
2024-02-13 14:30:00-05:00,23.61009979248047,23.6200008392334,23.59000015258789,23.610000610351562,2235,0.0,0.0,0.0
2024-02-13 15:30:00-05:00,23.604299545288086,23.6299991607666,23.604299545288086,23.60569953918457,3039,0.0,0.0,0.0
2024-02-14 09:30:00-05:00,23.649999618530273,23.670000076293945,23.639999389648438,23.66990089416504,0,0.0,0.0,0.0
2024-02-14 10:30:00-05:00,23.671300888061523,23.68000030517578,23.65999984741211,23.65999984741211,1968,0.0,0.0,0.0
2024-02-14 11:30:00-05:00,23.67009925842285,23.709999084472656,23.67009925842285,23.700000762939453,1369,0.0,0.0,0.0
2024-02-14 12:30:00-05:00,23.700000762939453,23.719999313354492,23.700000762939453,23.719999313354492,243,0.0,0.0,0.0
2024-02-14 13:30:00-05:00,23.71500015258789,23.729999542236328,23.701000213623047,23.729900360107422,3405,0.0,0.0,0.0
2024-02-14 14:30:00-05:00,23.71190071105957,23.71190071105957,23.71190071105957,23.71190071105957,396,0.0,0.0,0.0
2024-02-14 15:30:00-05:00,23.729999542236328,23.729999542236328,23.715499877929688,23.715499877929688,0,0.0,0.0,0.0
2024-02-15 09:30:00-05:00,23.850000381469727,23.8700008392334,23.850000381469727,23.8700008392334,2832,0.0,0.0,0.0
2024-02-15 10:30:00-05:00,23.860000610351562,23.860000610351562,23.834999084472656,23.84000015258789,20232,0.0,0.0,0.0
2024-02-15 11:30:00-05:00,23.834999084472656,23.850000381469727,23.834999084472656,23.849899291992188,2662,0.0,0.0,0.0
2024-02-15 12:30:00-05:00,23.86989974975586,23.8700008392334,23.864999771118164,23.864999771118164,2644,0.0,0.0,0.0
2024-02-15 13:30:00-05:00,23.8799991607666,23.899999618530273,23.8799991607666,23.899999618530273,2796,0.0,0.0,0.0
2024-02-15 14:30:00-05:00,23.872100830078125,23.889999389648438,23.872100830078125,23.881000518798828,21845,0.0,0.0,0.0
2024-02-15 15:30:00-05:00,23.889999389648438,23.899999618530273,23.88010025024414,23.899999618530273,2862,0.0,0.0,0.0
2024-02-16 09:30:00-05:00,23.739999771118164,23.780000686645508,23.739999771118164,23.780000686645508,1601,0.0,0.0,0.0
2024-02-16 10:30:00-05:00,23.789899826049805,23.809999465942383,23.789899826049805,23.80500030517578,1113,0.0,0.0,0.0
2024-02-16 11:30:00-05:00,23.80500030517578,23.809999465942383,23.788999557495117,23.790000915527344,9974,0.0,0.0,0.0
2024-02-16 12:30:00-05:00,23.790000915527344,23.790000915527344,23.770000457763672,23.770000457763672,11018,0.0,0.0,0.0
2024-02-16 13:30:00-05:00,23.780000686645508,23.790000915527344,23.779699325561523,23.790000915527344,3315,0.0,0.0,0.0
2024-02-16 14:30:00-05:00,23.78499984741211,23.790000915527344,23.760000228881836,23.760000228881836,2878,0.0,0.0,0.0
2024-02-16 15:30:00-05:00,23.764999389648438,23.770000457763672,23.764999389648438,23.764999389648438,388,0.0,0.0,0.0
2024-02-20 09:30:00-05:00,23.719999313354492,23.741300582885742,23.719999313354492,23.741300582885742,0,0.0,0.0,0.0
2024-02-20 10:30:00-05:00,23.770000457763672,23.795000076293945,23.769899368286133,23.774999618530273,2027,0.0,0.0,0.0
2024-02-20 11:30:00-05:00,23.774999618530273,23.780000686645508,23.764999389648438,23.764999389648438,21953,0.0,0.0,0.0
2024-02-20 12:30:00-05:00,23.760000228881836,23.764999389648438,23.760000228881836,23.764999389648438,722,0.0,0.0,0.0
2024-02-20 13:30:00-05:00,23.76300048828125,23.780000686645508,23.760000228881836,23.780000686645508,5664,0.0,0.0,0.0
2024-02-20 14:30:00-05:00,23.770000457763672,23.770000457763672,23.75,23.750099182128906,6982,0.0,0.0,0.0
2024-02-20 15:30:00-05:00,23.760000228881836,23.760000228881836,23.75,23.760000228881836,0,0.0,0.0,0.0
2024-02-21 09:30:00-05:00,23.779399871826172,23.790000915527344,23.770099639892578,23.790000915527344,839,0.0,0.0,0.0
2024-02-21 10:30:00-05:00,23.774999618530273,23.780000686645508,23.774999618530273,23.780000686645508,1546,0.0,0.0,0.0
2024-02-21 11:30:00-05:00,23.780000686645508,23.780000686645508,23.770000457763672,23.770000457763672,1575,0.0,0.0,0.0
2024-02-21 12:30:00-05:00,23.739999771118164,23.739999771118164,23.700000762939453,23.729999542236328,1520,0.0,0.0,0.0
2024-02-21 13:30:00-05:00,23.719999313354492,23.739999771118164,23.709999084472656,23.729999542236328,2721,0.0,0.0,0.0
2024-02-21 14:30:00-05:00,23.719999313354492,23.72480010986328,23.719999313354492,23.720300674438477,1669,0.0,0.0,0.0
2024-02-21 15:30:00-05:00,23.72760009765625,23.739999771118164,23.719999313354492,23.72640037536621,0,0.0,0.0,0.0
2024-02-22 09:30:00-05:00,23.795000076293945,23.799999237060547,23.766000747680664,23.766000747680664,974,0.0,0.0,0.0
2024-02-22 10:30:00-05:00,23.790000915527344,23.799999237060547,23.790000915527344,23.79990005493164,620,0.0,0.0,0.0
2024-02-22 11:30:00-05:00,23.790000915527344,23.799999237060547,23.790000915527344,23.799999237060547,1316,0.0,0.0,0.0
2024-02-22 12:30:00-05:00,23.790000915527344,23.799999237060547,23.790000915527344,23.79990005493164,576,0.0,0.0,0.0
2024-02-22 13:30:00-05:00,23.799999237060547,23.829999923706055,23.799999237060547,23.829999923706055,2325,0.0,0.0,0.0
2024-02-22 14:30:00-05:00,23.850000381469727,23.860000610351562,23.829999923706055,23.834999084472656,5829,0.0,0.0,0.0
2024-02-22 15:30:00-05:00,23.825000762939453,23.84950065612793,23.825000762939453,23.84000015258789,1317,0.0,0.0,0.0
2024-02-23 09:30:00-05:00,23.8700008392334,23.950000762939453,23.8700008392334,23.90999984741211,0,0.0,0.0,0.0
2024-02-23 10:30:00-05:00,23.90999984741211,23.920000076293945,23.893699645996094,23.91990089416504,2795,0.0,0.0,0.0
2024-02-23 11:30:00-05:00,23.972200393676758,23.985000610351562,23.969999313354492,23.980100631713867,4144,0.0,0.0,0.0
2024-02-23 12:30:00-05:00,23.979999542236328,23.979999542236328,23.979999542236328,23.979999542236328,460,0.0,0.0,0.0
2024-02-23 13:30:00-05:00,24.0,24.0,23.985000610351562,23.985000610351562,1828,0.0,0.0,0.0
2024-02-23 14:30:00-05:00,23.96500015258789,23.96500015258789,23.95050048828125,23.96500015258789,898,0.0,0.0,0.0
2024-02-26 09:30:00-05:00,23.989999771118164,23.989999771118164,23.979999542236328,23.979999542236328,0,0.0,0.0,0.0
2024-02-26 10:30:00-05:00,23.979900360107422,23.979999542236328,23.949899673461914,23.949899673461914,2918,0.0,0.0,0.0
2024-02-26 11:30:00-05:00,23.94499969482422,23.94499969482422,23.940000534057617,23.940099716186523,843,0.0,0.0,0.0
2024-02-26 12:30:00-05:00,23.920000076293945,23.920000076293945,23.920000076293945,23.920000076293945,334,0.0,0.0,0.0
2024-02-26 13:30:00-05:00,23.948699951171875,23.950000762939453,23.934999465942383,23.949899673461914,3366,0.0,0.0,0.0
2024-02-26 14:30:00-05:00,23.940000534057617,23.950000762939453,23.920000076293945,23.950000762939453,1115,0.0,0.0,0.0
2024-02-26 15:30:00-05:00,23.94499969482422,23.94499969482422,23.93720054626465,23.93720054626465,0,0.0,0.0,0.0
2024-02-27 09:30:00-05:00,23.899999618530273,23.899999618530273,23.899999618530273,23.899999618530273,711,0.0,0.0,0.0
2024-02-27 10:30:00-05:00,23.899999618530273,23.90999984741211,23.895200729370117,23.895200729370117,1719,0.0,0.0,0.0
2024-02-27 11:30:00-05:00,23.90999984741211,23.90999984741211,23.899999618530273,23.899999618530273,1214,0.0,0.0,0.0
2024-02-27 12:30:00-05:00,23.889999389648438,23.889999389648438,23.8700008392334,23.870100021362305,2154,0.0,0.0,0.0
2024-02-27 13:30:00-05:00,23.899999618530273,23.899999618530273,23.88050079345703,23.889999389648438,1834,0.0,0.0,0.0
2024-02-27 14:30:00-05:00,23.8799991607666,23.8799991607666,23.860000610351562,23.86009979248047,1183,0.0,0.0,0.0
2024-02-27 15:30:00-05:00,23.8799991607666,23.8799991607666,23.860000610351562,23.860000610351562,1303,0.0,0.0,0.0
2024-02-28 09:30:00-05:00,23.8799991607666,23.8799991607666,23.8799991607666,23.8799991607666,0,0.0,0.0,0.0
2024-02-28 10:30:00-05:00,23.920000076293945,23.920000076293945,23.892900466918945,23.899900436401367,1237,0.0,0.0,0.0
2024-02-28 11:30:00-05:00,23.90999984741211,23.90999984741211,23.899999618530273,23.899999618530273,8231,0.0,0.0,0.0
2024-02-28 12:30:00-05:00,23.912900924682617,23.917999267578125,23.905000686645508,23.905000686645508,4910,0.0,0.0,0.0
2024-02-28 13:30:00-05:00,23.899999618530273,23.940000534057617,23.899999618530273,23.940000534057617,10601,0.0,0.0,0.0
2024-02-28 14:30:00-05:00,23.940000534057617,23.950000762939453,23.93000030517578,23.949899673461914,6844,0.0,0.0,0.0
2024-02-28 15:30:00-05:00,23.950000762939453,23.959999084472656,23.940000534057617,23.950000762939453,5496,0.0,0.0,0.0
2024-02-29 09:30:00-05:00,24.010000228881836,24.010000228881836,23.989900588989258,23.989900588989258,0,0.0,0.0,0.0
2024-02-29 10:30:00-05:00,23.985000610351562,24.0,23.969999313354492,23.98590087890625,2963,0.0,0.0,0.0
2024-02-29 11:30:00-05:00,24.0,24.0,23.999900817871094,23.999900817871094,928,0.0,0.0,0.0
2024-02-29 12:30:00-05:00,23.979999542236328,23.989999771118164,23.979000091552734,23.989999771118164,3787,0.0,0.0,0.0
2024-02-29 13:30:00-05:00,24.0,24.010000228881836,24.0,24.010000228881836,1193,0.0,0.0,0.0
2024-02-29 14:30:00-05:00,24.010000228881836,24.010000228881836,24.009899139404297,24.009899139404297,1095,0.0,0.0,0.0
2024-02-29 15:30:00-05:00,24.009899139404297,24.010000228881836,24.0,24.0,943,0.0,0.0,0.0
2024-03-01 09:30:00-05:00,23.8799991607666,23.90999984741211,23.810100555419922,23.90999984741211,1002,0.0,0.0,0.0
2024-03-01 10:30:00-05:00,23.955799102783203,23.959999084472656,23.955799102783203,23.959999084472656,5420,0.0,0.0,0.0
2024-03-01 11:30:00-05:00,23.950000762939453,23.950000762939453,23.93000030517578,23.93000030517578,1433,0.0,0.0,0.0
2024-03-01 13:30:00-05:00,24.010000228881836,24.010000228881836,23.969999313354492,23.969999313354492,966,0.0,0.0,0.0
2024-03-01 14:30:00-05:00,24.009899139404297,24.009899139404297,23.979999542236328,23.979999542236328,1406,0.0,0.0,0.0
2024-03-01 15:30:00-05:00,23.969999313354492,24.0,23.969999313354492,24.0,960,0.0,0.0,0.0
2024-03-04 09:30:00-05:00,23.90999984741211,23.925100326538086,23.90999984741211,23.925100326538086,0,0.0,0.0,0.0
2024-03-04 10:30:00-05:00,23.909900665283203,23.909900665283203,23.8799991607666,23.8799991607666,2882,0.0,0.0,0.0
2024-03-04 11:30:00-05:00,23.8700008392334,23.920000076293945,23.8700008392334,23.920000076293945,4270,0.0,0.0,0.0
2024-03-04 12:30:00-05:00,23.90999984741211,23.93000030517578,23.8799991607666,23.8799991607666,6740,0.0,0.0,0.0
2024-03-04 13:30:00-05:00,23.8799991607666,23.90999984741211,23.8700008392334,23.8799991607666,2961,0.0,0.0,0.0
2024-03-04 14:30:00-05:00,23.889999389648438,23.940000534057617,23.889999389648438,23.915000915527344,3644,0.0,0.0,0.0
2024-03-04 15:30:00-05:00,23.93000030517578,23.93000030517578,23.93000030517578,23.93000030517578,104,0.0,0.0,0.0
2024-03-05 09:30:00-05:00,23.959999084472656,23.979999542236328,23.959999084472656,23.979999542236328,0,0.0,0.0,0.0
2024-03-05 10:30:00-05:00,23.989900588989258,24.020000457763672,23.975000381469727,23.989099502563477,2043,0.0,0.0,0.0
2024-03-05 11:30:00-05:00,23.96489906311035,23.989900588989258,23.96489906311035,23.989900588989258,680,0.0,0.0,0.0
2024-03-05 12:30:00-05:00,23.959999084472656,23.979999542236328,23.959999084472656,23.979999542236328,1007,0.0,0.0,0.0
2024-03-05 13:30:00-05:00,23.978599548339844,24.0,23.978599548339844,24.0,523,0.0,0.0,0.0
2024-03-05 14:30:00-05:00,24.0,24.0,23.97100067138672,23.999900817871094,2846,0.0,0.0,0.0
2024-03-05 15:30:00-05:00,24.0,24.0,23.97010040283203,23.99850082397461,1782,0.0,0.0,0.0
2024-03-06 09:30:00-05:00,24.030000686645508,24.059900283813477,24.030000686645508,24.059900283813477,0,0.0,0.0,0.0
2024-03-06 10:30:00-05:00,24.0310001373291,24.079999923706055,24.030000686645508,24.059900283813477,2276,0.0,0.0,0.0
2024-03-06 11:30:00-05:00,24.059999465942383,24.088899612426758,24.059999465942383,24.088899612426758,1323,0.0,0.0,0.0
2024-03-06 12:30:00-05:00,24.079999923706055,24.079999923706055,24.079999923706055,24.079999923706055,238,0.0,0.0,0.0
2024-03-06 13:30:00-05:00,24.07990074157715,24.07990074157715,24.040000915527344,24.040000915527344,1271,0.0,0.0,0.0
2024-03-06 14:30:00-05:00,24.059999465942383,24.079999923706055,24.049999237060547,24.049999237060547,3774,0.0,0.0,0.0
2024-03-06 15:30:00-05:00,24.049999237060547,24.05069923400879,24.030000686645508,24.05069923400879,578,0.0,0.0,0.0
2024-03-07 09:30:00-05:00,24.1200008392334,24.1200008392334,24.06999969482422,24.06999969482422,0,0.0,0.0,0.0
2024-03-07 10:30:00-05:00,24.059999465942383,24.06999969482422,24.05970001220703,24.06999969482422,4615,0.0,0.0,0.0
2024-03-07 11:30:00-05:00,24.079999923706055,24.079999923706055,24.079999923706055,24.079999923706055,429,0.0,0.0,0.0
2024-03-07 12:30:00-05:00,24.0403995513916,24.079999923706055,24.040000915527344,24.078899383544922,1622,0.0,0.0,0.0
2024-03-07 13:30:00-05:00,24.07900047302246,24.07900047302246,24.07900047302246,24.07900047302246,222,0.0,0.0,0.0
2024-03-07 14:30:00-05:00,24.05109977722168,24.079999923706055,24.05109977722168,24.060100555419922,2313,0.0,0.0,0.0
2024-03-07 15:30:00-05:00,24.08449935913086,24.107500076293945,24.070100784301758,24.107500076293945,1797,0.0,0.0,0.0
2024-03-08 09:30:00-05:00,24.139999389648438,24.15999984741211,24.139999389648438,24.15999984741211,0,0.0,0.0,0.0
2024-03-08 10:30:00-05:00,24.149999618530273,24.18000030517578,24.140100479125977,24.155000686645508,2814,0.0,0.0,0.0
2024-03-08 11:30:00-05:00,24.135000228881836,24.135000228881836,24.135000228881836,24.135000228881836,701,0.0,0.0,0.0
2024-03-08 12:30:00-05:00,24.159500122070312,24.159500122070312,24.125,24.125,3495,0.0,0.0,0.0
2024-03-08 13:30:00-05:00,24.129899978637695,24.129899978637695,24.11989974975586,24.1200008392334,2864,0.0,0.0,0.0
2024-03-08 14:30:00-05:00,24.135000228881836,24.147899627685547,24.110000610351562,24.11009979248047,5264,0.0,0.0,0.0
2024-03-08 15:30:00-05:00,24.1200008392334,24.1200008392334,24.1200008392334,24.1200008392334,345,0.0,0.0,0.0
2024-03-11 09:30:00-04:00,24.100000381469727,24.1299991607666,24.100000381469727,24.1299991607666,0,0.0,0.0,0.0
2024-03-11 10:30:00-04:00,24.096900939941406,24.100000381469727,24.079999923706055,24.08009910583496,3589,0.0,0.0,0.0
2024-03-11 11:30:00-04:00,24.079999923706055,24.079999923706055,24.079999923706055,24.079999923706055,200,0.0,0.0,0.0
2024-03-11 12:30:00-04:00,24.110000610351562,24.1299991607666,24.110000610351562,24.120100021362305,2343,0.0,0.0,0.0
2024-03-11 14:30:00-04:00,24.110000610351562,24.1299991607666,24.109899520874023,24.1299991607666,1432,0.0,0.0,0.0
2024-03-11 15:30:00-04:00,24.125,24.125,24.110000610351562,24.110000610351562,0,0.0,0.0,0.0
2024-03-12 09:30:00-04:00,24.049999237060547,24.060100555419922,24.03969955444336,24.03969955444336,3655,0.0,0.0,0.0
2024-03-12 10:30:00-04:00,24.07990074157715,24.07990074157715,24.06999969482422,24.073699951171875,2019,0.0,0.0,0.0
2024-03-12 11:30:00-04:00,24.06999969482422,24.070100784301758,24.06999969482422,24.070100784301758,1369,0.0,0.0,0.0
2024-03-12 12:30:00-04:00,24.065000534057617,24.065000534057617,24.040000915527344,24.040000915527344,11892,0.0,0.0,0.0
2024-03-12 13:30:00-04:00,24.049999237060547,24.05150032043457,24.04520034790039,24.05150032043457,790,0.0,0.0,0.0
2024-03-12 14:30:00-04:00,24.065500259399414,24.065500259399414,24.059999465942383,24.059999465942383,4668,0.0,0.0,0.0
2024-03-12 15:30:00-04:00,24.06999969482422,24.075000762939453,24.069900512695312,24.075000762939453,563,0.0,0.0,0.0
2024-03-13 09:30:00-04:00,24.059999465942383,24.079999923706055,24.059999465942383,24.079999923706055,21718,0.0,0.0,0.0
2024-03-13 10:30:00-04:00,24.084999084472656,24.1299991607666,24.08169937133789,24.1299991607666,3914,0.0,0.0,0.0
2024-03-13 11:30:00-04:00,24.1299991607666,24.1299991607666,24.110000610351562,24.1200008392334,3744,0.0,0.0,0.0
2024-03-13 12:30:00-04:00,24.1200008392334,24.1200008392334,24.09000015258789,24.101499557495117,2555,0.0,0.0,0.0
2024-03-13 13:30:00-04:00,24.110000610351562,24.110000610351562,24.100000381469727,24.100000381469727,3268,0.0,0.0,0.0
2024-03-13 14:30:00-04:00,24.110000610351562,24.110000610351562,24.099899291992188,24.100000381469727,1817,0.0,0.0,0.0
2024-03-13 15:30:00-04:00,24.100000381469727,24.100000381469727,24.079999923706055,24.09000015258789,6554,0.0,0.0,0.0
2024-03-14 09:30:00-04:00,24.040000915527344,24.050100326538086,24.0,24.0,0,0.0,0.0,0.0
2024-03-14 10:30:00-04:00,24.0,24.0,23.969999313354492,23.979999542236328,4001,0.0,0.0,0.0
2024-03-14 11:30:00-04:00,23.971500396728516,23.989999771118164,23.971500396728516,23.989900588989258,744,0.0,0.0,0.0
2024-03-14 12:30:00-04:00,23.989999771118164,23.989999771118164,23.959999084472656,23.960100173950195,2995,0.0,0.0,0.0
2024-03-14 13:30:00-04:00,23.959999084472656,23.969999313354492,23.950000762939453,23.969999313354492,4038,0.0,0.0,0.0
2024-03-14 14:30:00-04:00,23.979999542236328,23.979999542236328,23.959999084472656,23.959999084472656,6470,0.0,0.0,0.0
2024-03-14 15:30:00-04:00,23.930099487304688,23.959999084472656,23.930099487304688,23.950000762939453,3652,0.0,0.0,0.0
2024-03-15 09:30:00-04:00,23.920000076293945,23.920000076293945,23.90999984741211,23.90999984741211,0,0.0,0.0,0.0
2024-03-15 10:30:00-04:00,23.920000076293945,23.920000076293945,23.920000076293945,23.920000076293945,376,0.0,0.0,0.0
2024-03-15 11:30:00-04:00,23.93000030517578,23.93000030517578,23.899999618530273,23.93000030517578,4794,0.0,0.0,0.0
2024-03-15 12:30:00-04:00,23.911300659179688,23.920000076293945,23.899999618530273,23.899999618530273,1570,0.0,0.0,0.0
2024-03-15 13:30:00-04:00,23.899999618530273,23.899999618530273,23.889999389648438,23.889999389648438,5061,0.0,0.0,0.0
2024-03-15 14:30:00-04:00,23.90999984741211,23.920000076293945,23.880699157714844,23.889999389648438,19500,0.0,0.0,0.0
2024-03-15 15:30:00-04:00,23.889999389648438,23.899999618530273,23.8799991607666,23.8799991607666,2751,0.0,0.0,0.0
2024-03-18 09:30:00-04:00,23.88010025024414,23.895000457763672,23.88010025024414,23.88610076904297,0,0.0,0.0,0.0
2024-03-18 10:30:00-04:00,23.88010025024414,23.88010025024414,23.88010025024414,23.88010025024414,894,0.0,0.0,0.0
2024-03-18 11:30:00-04:00,23.870800018310547,23.889999389648438,23.860000610351562,23.8700008392334,2735,0.0,0.0,0.0
2024-03-18 12:30:00-04:00,23.889999389648438,23.899999618530273,23.8700008392334,23.8799991607666,10513,0.0,0.0,0.0
2024-03-18 13:30:00-04:00,23.8799991607666,23.899999618530273,23.860000610351562,23.860000610351562,10138,0.0,0.0,0.0
2024-03-18 14:30:00-04:00,23.889999389648438,23.90999984741211,23.872900009155273,23.88010025024414,2199,0.0,0.0,0.0
2024-03-18 15:30:00-04:00,23.90999984741211,23.90999984741211,23.899999618530273,23.899999618530273,0,0.0,0.0,0.0
2024-03-19 09:30:00-04:00,23.915000915527344,23.915000915527344,23.915000915527344,23.915000915527344,412,0.0,0.0,0.0
2024-03-19 10:30:00-04:00,23.940000534057617,23.951000213623047,23.939899444580078,23.951000213623047,1993,0.0,0.0,0.0
2024-03-19 11:30:00-04:00,23.959999084472656,23.959999084472656,23.95989990234375,23.959999084472656,1711,0.0,0.0,0.0
2024-03-19 12:30:00-04:00,23.989999771118164,23.9950008392334,23.96500015258789,23.989999771118164,3498,0.0,0.0,0.0
2024-03-19 13:30:00-04:00,23.979999542236328,23.99799919128418,23.969999313354492,23.979999542236328,4984,0.0,0.0,0.0
2024-03-19 14:30:00-04:00,23.979999542236328,23.989999771118164,23.969999313354492,23.989900588989258,6256,0.0,0.0,0.0
2024-03-19 15:30:00-04:00,23.989999771118164,23.989999771118164,23.969999313354492,23.972999572753906,1975,0.0,0.0,0.0
2024-03-20 09:30:00-04:00,24.020000457763672,24.020000457763672,23.989999771118164,24.000099182128906,0,0.0,0.0,0.0
2024-03-20 10:30:00-04:00,24.014999389648438,24.020000457763672,24.010000228881836,24.014999389648438,3571,0.0,0.0,0.0
2024-03-20 11:30:00-04:00,24.020000457763672,24.030000686645508,24.010000228881836,24.030000686645508,3421,0.0,0.0,0.0
2024-03-20 12:30:00-04:00,24.021499633789062,24.021499633789062,24.021499633789062,24.021499633789062,246,0.0,0.0,0.0
2024-03-20 13:30:00-04:00,24.030000686645508,24.079999923706055,24.020000457763672,24.030000686645508,15880,0.0,0.0,0.0
2024-03-20 14:30:00-04:00,24.030000686645508,24.096399307250977,24.010000228881836,24.09000015258789,4682,0.0,0.0,0.0
2024-03-20 15:30:00-04:00,24.1200008392334,24.1200008392334,24.076099395751953,24.076099395751953,5976,0.0,0.0,0.0
2024-03-21 09:30:00-04:00,24.270000457763672,24.270000457763672,24.140300750732422,24.140300750732422,0,0.0,0.0,0.0
2024-03-21 10:30:00-04:00,24.155000686645508,24.170000076293945,24.139999389648438,24.159900665283203,2287,0.0,0.0,0.0
2024-03-21 11:30:00-04:00,24.139999389648438,24.170000076293945,24.139999389648438,24.139999389648438,28782,0.0,0.0,0.0
2024-03-21 12:30:00-04:00,24.139999389648438,24.170000076293945,24.139999389648438,24.15999984741211,5179,0.0,0.0,0.0
2024-03-21 13:30:00-04:00,24.155000686645508,24.169700622558594,24.1299991607666,24.155000686645508,7618,0.0,0.0,0.0
2024-03-21 14:30:00-04:00,24.171600341796875,24.171600341796875,24.15999984741211,24.15999984741211,1797,0.0,0.0,0.0
2024-03-21 15:30:00-04:00,24.15999984741211,24.15999984741211,24.149999618530273,24.155000686645508,0,0.0,0.0,0.0
2024-03-22 09:30:00-04:00,24.239999771118164,24.239999771118164,24.21500015258789,24.229999542236328,1896,0.0,0.0,0.0
2024-03-22 10:30:00-04:00,24.239999771118164,24.25,24.219999313354492,24.2450008392334,13296,0.0,0.0,0.0
2024-03-22 11:30:00-04:00,24.239999771118164,24.239999771118164,24.229999542236328,24.229999542236328,1855,0.0,0.0,0.0
2024-03-22 12:30:00-04:00,24.229999542236328,24.239999771118164,24.229999542236328,24.235000610351562,13181,0.0,0.0,0.0
2024-03-22 13:30:00-04:00,24.23150062561035,24.239999771118164,24.209999084472656,24.229999542236328,5643,0.0,0.0,0.0
2024-03-22 14:30:00-04:00,24.229999542236328,24.229999542236328,24.219999313354492,24.221500396728516,1528,0.0,0.0,0.0
2024-03-22 15:30:00-04:00,24.219999313354492,24.229999542236328,24.209999084472656,24.209999084472656,4385,0.0,0.0,0.0
2024-03-25 09:30:00-04:00,24.160200119018555,24.160200119018555,24.15999984741211,24.16010093688965,0,0.0,0.0,0.0
2024-03-25 10:30:00-04:00,24.149999618530273,24.170000076293945,24.149999618530273,24.165199279785156,1444,0.0,0.0,0.0
2024-03-25 11:30:00-04:00,24.170000076293945,24.179800033569336,24.170000076293945,24.179800033569336,652,0.0,0.0,0.0
2024-03-25 12:30:00-04:00,24.170000076293945,24.18000030517578,24.15999984741211,24.16010093688965,3859,0.0,0.0,0.0
2024-03-25 13:30:00-04:00,24.156200408935547,24.170000076293945,24.149999618530273,24.150100708007812,21787,0.0,0.0,0.0
2024-03-25 14:30:00-04:00,24.15999984741211,24.170000076293945,24.149999618530273,24.16990089416504,2987,0.0,0.0,0.0
2024-03-25 15:30:00-04:00,24.170000076293945,24.170000076293945,24.169300079345703,24.169300079345703,776,0.0,0.0,0.0
2024-03-26 09:30:00-04:00,24.18000030517578,24.18000030517578,24.158899307250977,24.158899307250977,0,0.0,0.0,0.0
2024-03-26 10:30:00-04:00,24.171300888061523,24.18000030517578,24.170000076293945,24.18000030517578,2064,0.0,0.0,0.0
2024-03-26 11:30:00-04:00,24.170000076293945,24.170000076293945,24.159900665283203,24.165000915527344,3455,0.0,0.0,0.0
2024-03-26 12:30:00-04:00,24.170000076293945,24.190000534057617,24.165000915527344,24.180099487304688,7527,0.0,0.0,0.0
2024-03-26 13:30:00-04:00,24.170000076293945,24.18000030517578,24.165000915527344,24.172500610351562,14923,0.0,0.0,0.0
2024-03-26 14:30:00-04:00,24.190000534057617,24.200000762939453,24.190000534057617,24.190000534057617,6309,0.0,0.0,0.0
2024-03-26 15:30:00-04:00,24.18000030517578,24.190000534057617,24.18000030517578,24.190000534057617,1641,0.0,0.0,0.0
2024-03-27 09:30:00-04:00,24.170000076293945,24.170000076293945,24.170000076293945,24.170000076293945,0,0.0,0.0,0.0
2024-03-27 10:30:00-04:00,24.18000030517578,24.200000762939453,24.170000076293945,24.200000762939453,2068979,0.0,0.0,0.0
2024-03-27 11:30:00-04:00,24.209999084472656,24.209999084472656,24.200000762939453,24.203100204467773,2204,0.0,0.0,0.0
2024-03-27 12:30:00-04:00,24.225000381469727,24.225000381469727,24.210100173950195,24.219999313354492,940,0.0,0.0,0.0
2024-03-27 13:30:00-04:00,24.233800888061523,24.233800888061523,24.219999313354492,24.225000381469727,8676,0.0,0.0,0.0
2024-03-27 14:30:00-04:00,24.220199584960938,24.229999542236328,24.219999313354492,24.229999542236328,3025,0.0,0.0,0.0
2024-03-27 15:30:00-04:00,24.25,24.25,24.25,24.25,117,0.0,0.0,0.0
2024-03-28 09:30:00-04:00,24.219999313354492,24.219999313354492,24.219999313354492,24.219999313354492,1481,0.0,0.0,0.0
2024-03-28 10:30:00-04:00,24.21969985961914,24.21969985961914,24.21969985961914,24.21969985961914,608,0.0,0.0,0.0
2024-03-28 11:30:00-04:00,24.216100692749023,24.216100692749023,24.21500015258789,24.21500015258789,2127,0.0,0.0,0.0
2024-03-28 12:30:00-04:00,24.209999084472656,24.209999084472656,24.19499969482422,24.19499969482422,1998,0.0,0.0,0.0
2024-03-28 13:30:00-04:00,24.170000076293945,24.170000076293945,24.16990089416504,24.170000076293945,785,0.0,0.0,0.0
2024-03-28 14:30:00-04:00,24.17099952697754,24.17099952697754,24.160200119018555,24.162500381469727,6086,0.0,0.0,0.0
2024-03-28 15:30:00-04:00,24.15999984741211,24.170000076293945,24.15999984741211,24.170000076293945,2516,0.0,0.0,0.0
2024-04-01 10:30:00-04:00,23.915000915527344,23.915000915527344,23.8799991607666,23.8799991607666,2929,0.0,0.0,0.0
2024-04-01 11:30:00-04:00,23.8700008392334,23.885000228881836,23.8700008392334,23.885000228881836,1256,0.0,0.0,0.0
2024-04-01 12:30:00-04:00,23.895000457763672,23.899999618530273,23.893699645996094,23.899999618530273,7662,0.0,0.0,0.0
2024-04-01 13:30:00-04:00,23.894899368286133,23.899799346923828,23.894899368286133,23.899799346923828,1349,0.0,0.0,0.0
2024-04-01 14:30:00-04:00,23.90999984741211,23.950000762939453,23.90999984741211,23.93000030517578,14519,0.0,0.0,0.0
2024-04-01 15:30:00-04:00,23.929000854492188,23.940000534057617,23.924999237060547,23.940000534057617,10183,0.0,0.0,0.0
2024-04-02 09:30:00-04:00,23.809999465942383,23.809999465942383,23.799999237060547,23.799999237060547,0,0.0,0.0,0.0
2024-04-02 10:30:00-04:00,23.84000015258789,23.8799991607666,23.83989906311035,23.870500564575195,2336,0.0,0.0,0.0
2024-04-02 11:30:00-04:00,23.899900436401367,23.899900436401367,23.899900436401367,23.899900436401367,686,0.0,0.0,0.0
2024-04-02 12:30:00-04:00,23.90880012512207,23.91900062561035,23.899999618530273,23.90999984741211,2485,0.0,0.0,0.0
2024-04-02 13:30:00-04:00,23.890100479125977,23.920000076293945,23.8799991607666,23.920000076293945,43152,0.0,0.0,0.0
2024-04-02 14:30:00-04:00,23.915000915527344,23.920000076293945,23.899999618530273,23.91990089416504,5314,0.0,0.0,0.0
2024-04-02 15:30:00-04:00,23.914400100708008,23.940000534057617,23.914400100708008,23.940000534057617,3202,0.0,0.0,0.0
2024-04-03 09:30:00-04:00,23.850000381469727,23.850000381469727,23.829999923706055,23.837299346923828,0,0.0,0.0,0.0
2024-04-03 10:30:00-04:00,23.8700008392334,23.90999984741211,23.8700008392334,23.899999618530273,1805,0.0,0.0,0.0
2024-04-03 11:30:00-04:00,23.899999618530273,23.91670036315918,23.899999618530273,23.91670036315918,3507,0.0,0.0,0.0
2024-04-03 12:30:00-04:00,23.945899963378906,23.945899963378906,23.945899963378906,23.945899963378906,707,0.0,0.0,0.0
2024-04-03 13:30:00-04:00,23.950000762939453,23.959999084472656,23.940000534057617,23.95989990234375,3089,0.0,0.0,0.0
2024-04-03 14:30:00-04:00,23.95800018310547,23.979999542236328,23.95009994506836,23.959999084472656,2408,0.0,0.0,0.0
2024-04-03 15:30:00-04:00,23.969999313354492,23.969999313354492,23.969999313354492,23.969999313354492,563,0.0,0.0,0.0
2024-04-04 09:30:00-04:00,24.059999465942383,24.059999465942383,24.049999237060547,24.05500030517578,1419,0.0,0.0,0.0
2024-04-04 10:30:00-04:00,24.040000915527344,24.06999969482422,24.03569984436035,24.049999237060547,3796,0.0,0.0,0.0
2024-04-04 11:30:00-04:00,24.049999237060547,24.049999237060547,24.049999237060547,24.049999237060547,844,0.0,0.0,0.0
2024-04-04 12:30:00-04:00,24.049999237060547,24.049999237060547,24.040000915527344,24.040000915527344,897,0.0,0.0,0.0
2024-04-04 13:30:00-04:00,24.040000915527344,24.04400062561035,24.020000457763672,24.020000457763672,3362,0.0,0.0,0.0
2024-04-04 14:30:00-04:00,24.015399932861328,24.024999618530273,23.989999771118164,23.989999771118164,6035,0.0,0.0,0.0
2024-04-04 15:30:00-04:00,23.989999771118164,23.989999771118164,23.979999542236328,23.989999771118164,0,0.0,0.0,0.0
2024-04-05 09:30:00-04:00,23.889999389648438,23.969999313354492,23.889999389648438,23.969999313354492,2182,0.0,0.0,0.0
2024-04-05 10:30:00-04:00,23.961000442504883,23.961000442504883,23.940000534057617,23.950000762939453,1687,0.0,0.0,0.0
2024-04-05 11:30:00-04:00,23.989900588989258,23.989900588989258,23.95009994506836,23.959999084472656,2295,0.0,0.0,0.0
2024-04-05 12:30:00-04:00,23.97010040283203,23.97010040283203,23.97010040283203,23.97010040283203,457,0.0,0.0,0.0
2024-04-05 13:30:00-04:00,23.979999542236328,23.989999771118164,23.974000930786133,23.98270034790039,1613,0.0,0.0,0.0
2024-04-05 14:30:00-04:00,23.969999313354492,23.969999313354492,23.969999313354492,23.969999313354492,899,0.0,0.0,0.0
2024-04-05 15:30:00-04:00,23.950000762939453,23.969900131225586,23.950000762939453,23.959999084472656,927,0.0,0.0,0.0
2024-04-08 09:30:00-04:00,23.920000076293945,23.920000076293945,23.920000076293945,23.920000076293945,0,0.0,0.0,0.0
2024-04-08 10:30:00-04:00,23.950000762939453,23.969999313354492,23.950000762939453,23.969999313354492,1680,0.0,0.0,0.0
2024-04-08 11:30:00-04:00,23.969499588012695,23.969499588012695,23.969499588012695,23.969499588012695,680,0.0,0.0,0.0
2024-04-08 12:30:00-04:00,23.94499969482422,23.959999084472656,23.93000030517578,23.959999084472656,3934,0.0,0.0,0.0
2024-04-08 13:30:00-04:00,23.964000701904297,23.979999542236328,23.964000701904297,23.972700119018555,2618,0.0,0.0,0.0
2024-04-08 14:30:00-04:00,23.979900360107422,23.979900360107422,23.96500015258789,23.968799591064453,736,0.0,0.0,0.0
2024-04-08 15:30:00-04:00,23.979999542236328,23.979999542236328,23.959999084472656,23.959999084472656,1817,0.0,0.0,0.0
2024-04-09 09:30:00-04:00,23.989999771118164,24.079999923706055,23.989999771118164,24.079999923706055,0,0.0,0.0,0.0
2024-04-09 10:30:00-04:00,24.06999969482422,24.079999923706055,24.065000534057617,24.079999923706055,1442,0.0,0.0,0.0
2024-04-09 11:30:00-04:00,24.07390022277832,24.079999923706055,24.07390022277832,24.079999923706055,2307,0.0,0.0,0.0
2024-04-09 12:30:00-04:00,24.104999542236328,24.139999389648438,24.079999923706055,24.100000381469727,10893,0.0,0.0,0.0
2024-04-09 13:30:00-04:00,24.110000610351562,24.110000610351562,24.094999313354492,24.094999313354492,962,0.0,0.0,0.0
2024-04-09 14:30:00-04:00,24.100000381469727,24.1200008392334,24.09239959716797,24.1200008392334,3532,0.0,0.0,0.0
2024-04-09 15:30:00-04:00,24.1299991607666,24.1299991607666,24.1299991607666,24.1299991607666,546,0.0,0.0,0.0
2024-04-10 09:30:00-04:00,23.889999389648438,23.909900665283203,23.887399673461914,23.89900016784668,0,0.0,0.0,0.0
2024-04-10 10:30:00-04:00,23.89900016784668,23.905000686645508,23.8966007232666,23.8966007232666,1478,0.0,0.0,0.0
2024-04-10 11:30:00-04:00,23.889999389648438,23.889999389648438,23.84000015258789,23.840099334716797,1856,0.0,0.0,0.0
2024-04-10 12:30:00-04:00,23.854999542236328,23.854999542236328,23.84000015258789,23.84000015258789,671,0.0,0.0,0.0
2024-04-10 13:30:00-04:00,23.780099868774414,23.790000915527344,23.754199981689453,23.754199981689453,3526,0.0,0.0,0.0
2024-04-10 14:30:00-04:00,23.739999771118164,23.767099380493164,23.733999252319336,23.767099380493164,1665,0.0,0.0,0.0
2024-04-11 09:30:00-04:00,23.760000228881836,23.760000228881836,23.68899917602539,23.68899917602539,0,0.0,0.0,0.0
2024-04-11 10:30:00-04:00,23.670000076293945,23.67169952392578,23.670000076293945,23.67169952392578,744,0.0,0.0,0.0
2024-04-11 11:30:00-04:00,23.650100708007812,23.650100708007812,23.650100708007812,23.650100708007812,322,0.0,0.0,0.0
2024-04-11 12:30:00-04:00,23.68000030517578,23.68000030517578,23.68000030517578,23.68000030517578,462,0.0,0.0,0.0
2024-04-11 13:30:00-04:00,23.698999404907227,23.739999771118164,23.684999465942383,23.739500045776367,0,0.0,0.0,0.0
2024-04-11 14:30:00-04:00,23.725000381469727,23.739900588989258,23.69499969482422,23.709999084472656,9448,0.0,0.0,0.0
2024-04-11 15:30:00-04:00,23.709999084472656,23.709999084472656,23.709999084472656,23.709999084472656,0,0.0,0.0,0.0
2024-04-12 09:30:00-04:00,23.759000778198242,23.760000228881836,23.725000381469727,23.75,1186,0.0,0.0,0.0
2024-04-12 10:30:00-04:00,23.7406005859375,23.7406005859375,23.7406005859375,23.7406005859375,2393,0.0,0.0,0.0
2024-04-12 11:30:00-04:00,23.69099998474121,23.702899932861328,23.68000030517578,23.68000030517578,1323,0.0,0.0,0.0
2024-04-12 12:30:00-04:00,23.670000076293945,23.68120002746582,23.670000076293945,23.68120002746582,724,0.0,0.0,0.0
2024-04-12 13:30:00-04:00,23.690000534057617,23.709999084472656,23.690000534057617,23.709999084472656,4018,0.0,0.0,0.0
2024-04-12 14:30:00-04:00,23.670000076293945,23.69499969482422,23.670000076293945,23.682899475097656,999,0.0,0.0,0.0
2024-04-12 15:30:00-04:00,23.684999465942383,23.690000534057617,23.684999465942383,23.690000534057617,723,0.0,0.0,0.0
2024-04-15 09:30:00-04:00,23.549999237060547,23.549999237060547,23.510000228881836,23.510000228881836,0,0.0,0.0,0.0
2024-04-15 10:30:00-04:00,23.520000457763672,23.530000686645508,23.485000610351562,23.485000610351562,1887,0.0,0.0,0.0
2024-04-15 11:30:00-04:00,23.485000610351562,23.5,23.473400115966797,23.473400115966797,1773,0.0,0.0,0.0
2024-04-15 12:30:00-04:00,23.479999542236328,23.479999542236328,23.459999084472656,23.459999084472656,468,0.0,0.0,0.0
2024-04-15 13:30:00-04:00,23.440000534057617,23.440000534057617,23.41010093688965,23.420000076293945,1917,0.0,0.0,0.0
2024-04-15 14:30:00-04:00,23.420000076293945,23.420000076293945,23.389999389648438,23.399999618530273,4228,0.0,0.0,0.0
2024-04-15 15:30:00-04:00,23.407899856567383,23.424999237060547,23.407899856567383,23.424999237060547,0,0.0,0.0,0.0
2024-04-16 09:30:00-04:00,23.34000015258789,23.350000381469727,23.31999969482422,23.32990074157715,911,0.0,0.0,0.0
2024-04-16 10:30:00-04:00,23.3085994720459,23.343599319458008,23.3085994720459,23.343599319458008,3186,0.0,0.0,0.0
2024-04-16 11:30:00-04:00,23.360000610351562,23.360000610351562,23.360000610351562,23.360000610351562,379,0.0,0.0,0.0
2024-04-16 12:30:00-04:00,23.350000381469727,23.350000381469727,23.34000015258789,23.34000015258789,1983,0.0,0.0,0.0
2024-04-16 13:30:00-04:00,23.34000015258789,23.3700008392334,23.31999969482422,23.32990074157715,3037,0.0,0.0,0.0
2024-04-16 14:30:00-04:00,23.34000015258789,23.3700008392334,23.34000015258789,23.360000610351562,2160,0.0,0.0,0.0
2024-04-16 15:30:00-04:00,23.34760093688965,23.360000610351562,23.34760093688965,23.348600387573242,0,0.0,0.0,0.0
2024-04-17 09:30:00-04:00,23.489999771118164,23.489999771118164,23.489999771118164,23.489999771118164,121,0.0,0.0,0.0
2024-04-17 10:30:00-04:00,23.479999542236328,23.489999771118164,23.479999542236328,23.489999771118164,979,0.0,0.0,0.0
2024-04-17 12:30:00-04:00,23.479999542236328,23.5,23.459999084472656,23.470300674438477,2002,0.0,0.0,0.0
2024-04-17 13:30:00-04:00,23.470800399780273,23.530000686645508,23.470800399780273,23.530000686645508,5425,0.0,0.0,0.0
2024-04-17 14:30:00-04:00,23.530000686645508,23.530000686645508,23.510000228881836,23.510000228881836,733,0.0,0.0,0.0
2024-04-17 15:30:00-04:00,23.490999221801758,23.510000228881836,23.490999221801758,23.510000228881836,0,0.0,0.0,0.0
2024-04-18 09:30:00-04:00,23.46500015258789,23.46500015258789,23.46500015258789,23.46500015258789,546,0.0,0.0,0.0
2024-04-18 10:30:00-04:00,23.48870086669922,23.49180030822754,23.48870086669922,23.489900588989258,3632,0.0,0.0,0.0
2024-04-18 11:30:00-04:00,23.489999771118164,23.489999771118164,23.450000762939453,23.454999923706055,2293,0.0,0.0,0.0
2024-04-18 12:30:00-04:00,23.454999923706055,23.459999084472656,23.43000030517578,23.439899444580078,3500,0.0,0.0,0.0
2024-04-18 13:30:00-04:00,23.410999298095703,23.440000534057617,23.410999298095703,23.440000534057617,4503,0.0,0.0,0.0
2024-04-18 14:30:00-04:00,23.43000030517578,23.439199447631836,23.42799949645996,23.43000030517578,1107,0.0,0.0,0.0
2024-04-18 15:30:00-04:00,23.440099716186523,23.450199127197266,23.440099716186523,23.450000762939453,0,0.0,0.0,0.0
2024-04-19 09:30:00-04:00,23.469999313354492,23.489999771118164,23.469999313354492,23.489900588989258,4203,0.0,0.0,0.0
2024-04-19 10:30:00-04:00,23.510000228881836,23.520000457763672,23.5,23.509700775146484,7873,0.0,0.0,0.0
2024-04-19 11:30:00-04:00,23.520000457763672,23.520000457763672,23.5,23.5,650,0.0,0.0,0.0
2024-04-19 12:30:00-04:00,23.489999771118164,23.5,23.489999771118164,23.489999771118164,2023,0.0,0.0,0.0
2024-04-19 13:30:00-04:00,23.5,23.5,23.479900360107422,23.479999542236328,6570,0.0,0.0,0.0
2024-04-19 14:30:00-04:00,23.479999542236328,23.479999542236328,23.46500015258789,23.46500015258789,3494,0.0,0.0,0.0
2024-04-19 15:30:00-04:00,23.469999313354492,23.476900100708008,23.459999084472656,23.476900100708008,3105,0.0,0.0,0.0
2024-04-22 09:30:00-04:00,23.479999542236328,23.510000228881836,23.479999542236328,23.510000228881836,0,0.0,0.0,0.0
2024-04-22 10:30:00-04:00,23.540000915527344,23.540000915527344,23.540000915527344,23.540000915527344,203,0.0,0.0,0.0
2024-04-22 11:30:00-04:00,23.540000915527344,23.565000534057617,23.539899826049805,23.559999465942383,1896,0.0,0.0,0.0
2024-04-22 12:30:00-04:00,23.56999969482422,23.579999923706055,23.56999969482422,23.579999923706055,1639,0.0,0.0,0.0
2024-04-22 13:30:00-04:00,23.58679962158203,23.58679962158203,23.58679962158203,23.58679962158203,256,0.0,0.0,0.0
2024-04-22 14:30:00-04:00,23.60610008239746,23.607999801635742,23.584999084472656,23.600000381469727,2754,0.0,0.0,0.0
2024-04-22 15:30:00-04:00,23.586999893188477,23.589500427246094,23.584999084472656,23.589500427246094,683,0.0,0.0,0.0
2024-04-23 09:30:00-04:00,23.625,23.625,23.625,23.625,431,0.0,0.0,0.0
2024-04-23 10:30:00-04:00,23.645000457763672,23.649999618530273,23.639999389648438,23.649900436401367,1634,0.0,0.0,0.0
2024-04-23 11:30:00-04:00,23.645000457763672,23.645000457763672,23.6299991607666,23.6299991607666,1054,0.0,0.0,0.0
2024-04-23 12:30:00-04:00,23.640100479125977,23.649999618530273,23.63010025024414,23.640399932861328,10194,0.0,0.0,0.0
2024-04-23 13:30:00-04:00,23.645000457763672,23.649999618530273,23.6299991607666,23.63990020751953,5516,0.0,0.0,0.0
2024-04-23 14:30:00-04:00,23.6200008392334,23.6299991607666,23.600000381469727,23.61949920654297,2191,0.0,0.0,0.0
2024-04-23 15:30:00-04:00,23.6200008392334,23.6299991607666,23.619800567626953,23.620800018310547,1460,0.0,0.0,0.0
2024-04-24 09:30:00-04:00,23.530000686645508,23.530000686645508,23.483200073242188,23.483200073242188,0,0.0,0.0,0.0
2024-04-24 10:30:00-04:00,23.479999542236328,23.489999771118164,23.470500946044922,23.489900588989258,2516,0.0,0.0,0.0
2024-04-24 11:30:00-04:00,23.475000381469727,23.475000381469727,23.440000534057617,23.440000534057617,2205,0.0,0.0,0.0
2024-04-24 12:30:00-04:00,23.479999542236328,23.479999542236328,23.46500015258789,23.46500015258789,726,0.0,0.0,0.0
2024-04-24 13:30:00-04:00,23.499000549316406,23.499000549316406,23.469999313354492,23.469999313354492,948,0.0,0.0,0.0
2024-04-24 14:30:00-04:00,23.46820068359375,23.520000457763672,23.46820068359375,23.520000457763672,15993,0.0,0.0,0.0
2024-04-24 15:30:00-04:00,23.530000686645508,23.530000686645508,23.530000686645508,23.530000686645508,0,0.0,0.0,0.0
2024-04-25 09:30:00-04:00,23.359100341796875,23.378999710083008,23.34000015258789,23.350000381469727,1759,0.0,0.0,0.0
2024-04-25 10:30:00-04:00,23.35300064086914,23.36910057067871,23.34000015258789,23.36910057067871,1870,0.0,0.0,0.0
2024-04-25 11:30:00-04:00,23.386999130249023,23.386999130249023,23.386999130249023,23.386999130249023,1357,0.0,0.0,0.0
2024-04-25 12:30:00-04:00,23.399999618530273,23.419099807739258,23.399999618530273,23.419099807739258,3787,0.0,0.0,0.0
2024-04-25 13:30:00-04:00,23.401100158691406,23.440000534057617,23.3799991607666,23.3799991607666,4038,0.0,0.0,0.0
2024-04-25 14:30:00-04:00,23.384199142456055,23.41670036315918,23.384199142456055,23.41670036315918,2328,0.0,0.0,0.0
2024-04-25 15:30:00-04:00,23.415300369262695,23.440000534057617,23.415300369262695,23.42180061340332,0,0.0,0.0,0.0
2024-04-26 09:30:00-04:00,23.450000762939453,23.5,23.450000762939453,23.5,1034,0.0,0.0,0.0
2024-04-26 10:30:00-04:00,23.50659942626953,23.50659942626953,23.50659942626953,23.50659942626953,815,0.0,0.0,0.0
2024-04-26 11:30:00-04:00,23.520000457763672,23.520000457763672,23.520000457763672,23.520000457763672,321,0.0,0.0,0.0
2024-04-26 12:30:00-04:00,23.530000686645508,23.540000915527344,23.530000686645508,23.540000915527344,1435,0.0,0.0,0.0
2024-04-26 13:30:00-04:00,23.524999618530273,23.52989959716797,23.520000457763672,23.520000457763672,1306,0.0,0.0,0.0
2024-04-26 14:30:00-04:00,23.524999618530273,23.539899826049805,23.500099182128906,23.539899826049805,2503,0.0,0.0,0.0
2024-04-26 15:30:00-04:00,23.520000457763672,23.521499633789062,23.520000457763672,23.520000457763672,1745,0.0,0.0,0.0
2024-04-29 09:30:00-04:00,23.56999969482422,23.6299991607666,23.559999465942383,23.600000381469727,0,0.0,0.0,0.0
2024-04-29 10:30:00-04:00,23.59000015258789,23.6299991607666,23.59000015258789,23.6299991607666,1437,0.0,0.0,0.0
2024-04-29 11:30:00-04:00,23.6200008392334,23.6200008392334,23.60890007019043,23.614700317382812,1007,0.0,0.0,0.0
2024-04-29 12:30:00-04:00,23.641000747680664,23.649999618530273,23.620100021362305,23.639999389648438,2764,0.0,0.0,0.0
2024-04-29 13:30:00-04:00,23.670000076293945,23.670000076293945,23.641199111938477,23.65999984741211,3400,0.0,0.0,0.0
2024-04-29 14:30:00-04:00,23.642900466918945,23.65999984741211,23.639699935913086,23.639699935913086,1424,0.0,0.0,0.0
2024-04-29 15:30:00-04:00,23.649999618530273,23.665000915527344,23.635000228881836,23.665000915527344,0,0.0,0.0,0.0
2024-04-30 09:30:00-04:00,23.540000915527344,23.545000076293945,23.539899826049805,23.545000076293945,1010,0.0,0.0,0.0
2024-04-30 10:30:00-04:00,23.559999465942383,23.56999969482422,23.53260040283203,23.53260040283203,712,0.0,0.0,0.0
2024-04-30 11:30:00-04:00,23.530000686645508,23.540000915527344,23.516000747680664,23.540000915527344,2864,0.0,0.0,0.0
2024-04-30 12:30:00-04:00,23.489999771118164,23.520000457763672,23.489999771118164,23.50830078125,2803,0.0,0.0,0.0
2024-04-30 13:30:00-04:00,23.516000747680664,23.516000747680664,23.500099182128906,23.500099182128906,502,0.0,0.0,0.0
2024-04-30 14:30:00-04:00,23.520000457763672,23.520000457763672,23.450000762939453,23.47010040283203,3141,0.0,0.0,0.0
2024-04-30 15:30:00-04:00,23.469999313354492,23.469999313354492,23.450000762939453,23.450000762939453,1329,0.0,0.0,0.0
2024-05-01 09:30:00-04:00,23.360000610351562,23.3799991607666,23.329999923706055,23.360000610351562,0,0.0,0.0,0.0
2024-05-01 10:30:00-04:00,23.329999923706055,23.3700008392334,23.329999923706055,23.344999313354492,1735,0.0,0.0,0.0
2024-05-01 11:30:00-04:00,23.360000610351562,23.360000610351562,23.350000381469727,23.350000381469727,595,0.0,0.0,0.0
2024-05-01 12:30:00-04:00,23.3700008392334,23.3700008392334,23.350000381469727,23.350000381469727,2292,0.0,0.0,0.0
2024-05-01 13:30:00-04:00,23.389999389648438,23.40999984741211,23.3700008392334,23.40999984741211,1819,0.0,0.0,0.0
2024-05-01 14:30:00-04:00,23.43400001525879,23.520000457763672,23.43000030517578,23.479999542236328,1546,0.0,0.0,0.0
2024-05-01 15:30:00-04:00,23.450000762939453,23.450000762939453,23.41010093688965,23.41010093688965,619,0.0,0.0,0.0
2024-05-02 09:30:00-04:00,23.399999618530273,23.399999618530273,23.399999618530273,23.399999618530273,1251,0.0,0.0,0.0
2024-05-02 10:30:00-04:00,23.461200714111328,23.479999542236328,23.45989990234375,23.475000381469727,2679,0.0,0.0,0.0
2024-05-02 11:30:00-04:00,23.510000228881836,23.510000228881836,23.5,23.500099182128906,510,0.0,0.0,0.0
2024-05-02 12:30:00-04:00,23.510000228881836,23.559999465942383,23.510000228881836,23.559999465942383,2507,0.0,0.0,0.0
2024-05-02 13:30:00-04:00,23.565000534057617,23.59000015258789,23.565000534057617,23.575000762939453,1271,0.0,0.0,0.0
2024-05-02 14:30:00-04:00,23.584999084472656,23.610000610351562,23.584999084472656,23.610000610351562,815,0.0,0.0,0.0
2024-05-02 15:30:00-04:00,23.58989906311035,23.59000015258789,23.56999969482422,23.58880043029785,2324,0.0,0.0,0.0
2024-05-03 09:30:00-04:00,23.790000915527344,23.790000915527344,23.70989990234375,23.719999313354492,26251,0.0,0.0,0.0
2024-05-03 10:30:00-04:00,23.729999542236328,23.740100860595703,23.729999542236328,23.740100860595703,4168,0.0,0.0,0.0
2024-05-03 11:30:00-04:00,23.760000228881836,23.77989959716797,23.75950050354004,23.75979995727539,1816,0.0,0.0,0.0
2024-05-03 12:30:00-04:00,23.756500244140625,23.770000457763672,23.756500244140625,23.766799926757812,2534,0.0,0.0,0.0
2024-05-03 13:30:00-04:00,23.770000457763672,23.780000686645508,23.770000457763672,23.77519989013672,2829,0.0,0.0,0.0
2024-05-03 14:30:00-04:00,23.775999069213867,23.780000686645508,23.76740074157715,23.76740074157715,2983,0.0,0.0,0.0
2024-05-03 15:30:00-04:00,23.770000457763672,23.770000457763672,23.770000457763672,23.770000457763672,200,0.0,0.0,0.0
2024-05-06 09:30:00-04:00,23.760000228881836,23.809999465942383,23.760000228881836,23.80900001525879,0,0.0,0.0,0.0
2024-05-06 10:30:00-04:00,23.81999969482422,23.81999969482422,23.80500030517578,23.81999969482422,2871,0.0,0.0,0.0
2024-05-06 11:30:00-04:00,23.81999969482422,23.81999969482422,23.815000534057617,23.815000534057617,456,0.0,0.0,0.0
2024-05-06 12:30:00-04:00,23.829999923706055,23.849899291992188,23.829999923706055,23.849899291992188,686,0.0,0.0,0.0
2024-05-06 13:30:00-04:00,23.854000091552734,23.854000091552734,23.829999923706055,23.829999923706055,567,0.0,0.0,0.0
2024-05-06 14:30:00-04:00,23.836599349975586,23.836599349975586,23.829999923706055,23.829999923706055,585,0.0,0.0,0.0
2024-05-06 15:30:00-04:00,23.850000381469727,23.860000610351562,23.829999923706055,23.860000610351562,2149,0.0,0.0,0.0
2024-05-07 09:30:00-04:00,23.8799991607666,23.889999389648438,23.8700008392334,23.889999389648438,0,0.0,0.0,0.0
2024-05-07 10:30:00-04:00,23.93000030517578,23.93000030517578,23.889999389648438,23.929899215698242,3298,0.0,0.0,0.0
2024-05-07 11:30:00-04:00,23.9148006439209,23.920000076293945,23.9148006439209,23.91990089416504,701,0.0,0.0,0.0
2024-05-07 12:30:00-04:00,23.905000686645508,23.920000076293945,23.903200149536133,23.91080093383789,2319,0.0,0.0,0.0
2024-05-07 13:30:00-04:00,23.889999389648438,23.899900436401367,23.881000518798828,23.881000518798828,994,0.0,0.0,0.0
2024-05-07 14:30:00-04:00,23.877099990844727,23.889999389648438,23.875699996948242,23.875699996948242,1129,0.0,0.0,0.0
2024-05-07 15:30:00-04:00,23.8700008392334,23.885000228881836,23.8700008392334,23.885000228881836,349,0.0,0.0,0.0
2024-05-08 09:30:00-04:00,23.75,23.790000915527344,23.75,23.790000915527344,0,0.0,0.0,0.0
2024-05-08 10:30:00-04:00,23.80970001220703,23.80970001220703,23.780000686645508,23.780000686645508,1520,0.0,0.0,0.0
2024-05-08 11:30:00-04:00,23.785999298095703,23.785999298095703,23.785999298095703,23.785999298095703,644,0.0,0.0,0.0
2024-05-08 12:30:00-04:00,23.790000915527344,23.790000915527344,23.778499603271484,23.779800415039062,2681,0.0,0.0,0.0
2024-05-08 13:30:00-04:00,23.770000457763672,23.770000457763672,23.770000457763672,23.770000457763672,203,0.0,0.0,0.0
2024-05-08 14:30:00-04:00,23.7903995513916,23.809999465942383,23.770099639892578,23.78230094909668,1420,0.0,0.0,0.0
2024-05-08 15:30:00-04:00,23.770099639892578,23.790000915527344,23.770099639892578,23.790000915527344,684,0.0,0.0,0.0
2024-05-09 09:30:00-04:00,23.729999542236328,23.729999542236328,23.729999542236328,23.729999542236328,0,0.0,0.0,0.0
2024-05-09 10:30:00-04:00,23.795499801635742,23.795499801635742,23.795499801635742,23.795499801635742,431,0.0,0.0,0.0
2024-05-09 11:30:00-04:00,23.80500030517578,23.80500030517578,23.80500030517578,23.80500030517578,959,0.0,0.0,0.0
2024-05-09 12:30:00-04:00,23.799999237060547,23.80500030517578,23.79199981689453,23.79199981689453,2026,0.0,0.0,0.0
2024-05-09 13:30:00-04:00,23.809999465942383,23.832000732421875,23.809999465942383,23.832000732421875,1139,0.0,0.0,0.0
2024-05-09 14:30:00-04:00,23.854000091552734,23.854000091552734,23.84670066833496,23.84670066833496,0,0.0,0.0,0.0
2024-05-10 09:30:00-04:00,23.829999923706055,23.84000015258789,23.809999465942383,23.809999465942383,1269,0.0,0.0,0.0
2024-05-10 10:30:00-04:00,23.804500579833984,23.809999465942383,23.790000915527344,23.79599952697754,3327,0.0,0.0,0.0
2024-05-10 11:30:00-04:00,23.80970001220703,23.81999969482422,23.790000915527344,23.799999237060547,6350,0.0,0.0,0.0
2024-05-10 12:30:00-04:00,23.790000915527344,23.809999465942383,23.780000686645508,23.790000915527344,13295,0.0,0.0,0.0
2024-05-10 13:30:00-04:00,23.81999969482422,23.81999969482422,23.809999465942383,23.809999465942383,3171,0.0,0.0,0.0
2024-05-10 14:30:00-04:00,23.7810001373291,23.81999969482422,23.780000686645508,23.81999969482422,4350,0.0,0.0,0.0
2024-05-10 15:30:00-04:00,23.801000595092773,23.81999969482422,23.801000595092773,23.81999969482422,876,0.0,0.0,0.0
2024-05-13 09:30:00-04:00,23.84000015258789,23.84000015258789,23.84000015258789,23.84000015258789,0,0.0,0.0,0.0
2024-05-13 10:30:00-04:00,23.859100341796875,23.859100341796875,23.859100341796875,23.859100341796875,484,0.0,0.0,0.0
2024-05-13 11:30:00-04:00,23.837600708007812,23.8700008392334,23.837600708007812,23.8700008392334,3424,0.0,0.0,0.0
2024-05-13 12:30:00-04:00,23.8700008392334,23.8700008392334,23.865999221801758,23.865999221801758,1624,0.0,0.0,0.0
2024-05-13 13:30:00-04:00,23.829999923706055,23.8700008392334,23.829999923706055,23.860000610351562,2585,0.0,0.0,0.0
2024-05-13 14:30:00-04:00,23.852399826049805,23.860000610351562,23.84280014038086,23.84280014038086,957,0.0,0.0,0.0
2024-05-13 15:30:00-04:00,23.850000381469727,23.850000381469727,23.844999313354492,23.844999313354492,0,0.0,0.0,0.0
2024-05-14 09:30:00-04:00,23.860000610351562,23.8799991607666,23.84000015258789,23.840099334716797,2100,0.0,0.0,0.0
2024-05-14 10:30:00-04:00,23.84000015258789,23.861299514770508,23.84000015258789,23.850099563598633,3207,0.0,0.0,0.0
2024-05-14 12:30:00-04:00,23.860000610351562,23.8700008392334,23.850000381469727,23.860000610351562,1734,0.0,0.0,0.0
2024-05-14 13:30:00-04:00,23.8700008392334,23.889999389648438,23.8700008392334,23.889999389648438,2401,0.0,0.0,0.0
2024-05-14 14:30:00-04:00,23.889999389648438,23.899999618530273,23.889999389648438,23.892099380493164,1292,0.0,0.0,0.0
2024-05-14 15:30:00-04:00,23.8799991607666,23.899999618530273,23.860000610351562,23.894899368286133,2651,0.0,0.0,0.0
2024-05-15 09:30:00-04:00,24.0,24.0,24.0,24.0,0,0.0,0.0,0.0
2024-05-15 10:30:00-04:00,24.030000686645508,24.06220054626465,24.030000686645508,24.06220054626465,1915,0.0,0.0,0.0
2024-05-15 11:30:00-04:00,24.079999923706055,24.079999923706055,24.05500030517578,24.05500030517578,0,0.0,0.0,0.0
2024-05-15 12:30:00-04:00,24.100000381469727,24.100000381469727,24.100000381469727,24.100000381469727,4693,0.0,0.0,0.0
2024-05-15 13:30:00-04:00,24.114999771118164,24.114999771118164,24.114999771118164,24.114999771118164,363,0.0,0.0,0.0
2024-05-15 14:30:00-04:00,24.110000610351562,24.114999771118164,24.100500106811523,24.11400032043457,4558,0.0,0.0,0.0
2024-05-15 15:30:00-04:00,24.1299991607666,24.139999389648438,24.1299991607666,24.139999389648438,0,0.0,0.0,0.0
2024-05-16 09:30:00-04:00,24.1299991607666,24.1299991607666,24.059999465942383,24.083499908447266,1178,0.0,0.0,0.0
2024-05-16 10:30:00-04:00,24.109800338745117,24.110000610351562,24.094999313354492,24.096900939941406,1565,0.0,0.0,0.0
2024-05-16 11:30:00-04:00,24.099199295043945,24.110000610351562,24.091999053955078,24.099899291992188,12329,0.0,0.0,0.0
2024-05-16 12:30:00-04:00,24.09510040283203,24.110000610351562,24.09510040283203,24.110000610351562,933,0.0,0.0,0.0
2024-05-16 13:30:00-04:00,24.059999465942383,24.08099937438965,24.059999465942383,24.072399139404297,0,0.0,0.0,0.0
2024-05-17 09:30:00-04:00,23.989999771118164,24.0049991607666,23.989999771118164,24.0049991607666,700,0.0,0.0,0.0
2024-05-17 10:30:00-04:00,24.010000228881836,24.010000228881836,24.010000228881836,24.010000228881836,942,0.0,0.0,0.0
2024-05-17 11:30:00-04:00,24.005599975585938,24.010000228881836,24.0,24.005199432373047,1637,0.0,0.0,0.0
2024-05-17 12:30:00-04:00,24.0049991607666,24.0049991607666,24.0049991607666,24.0049991607666,365,0.0,0.0,0.0
2024-05-17 13:30:00-04:00,23.990100860595703,24.010000228881836,23.990100860595703,24.002899169921875,3729,0.0,0.0,0.0
2024-05-17 14:30:00-04:00,24.020000457763672,24.020000457763672,24.006799697875977,24.006799697875977,1341,0.0,0.0,0.0
2024-05-17 15:30:00-04:00,24.014999389648438,24.016799926757812,24.01460075378418,24.016799926757812,511,0.0,0.0,0.0
2024-05-20 09:30:00-04:00,24.00119972229004,24.00119972229004,24.00119972229004,24.00119972229004,0,0.0,0.0,0.0
2024-05-20 10:30:00-04:00,24.02989959716797,24.030000686645508,24.014999389648438,24.020000457763672,1968,0.0,0.0,0.0
2024-05-20 11:30:00-04:00,24.040000915527344,24.040000915527344,24.030000686645508,24.030000686645508,863,0.0,0.0,0.0
2024-05-20 12:30:00-04:00,24.033000946044922,24.034299850463867,24.020000457763672,24.030000686645508,2187,0.0,0.0,0.0
2024-05-20 13:30:00-04:00,24.03499984741211,24.03499984741211,24.0,24.0,834,0.0,0.0,0.0
2024-05-20 14:30:00-04:00,24.040000915527344,24.040000915527344,24.030000686645508,24.030000686645508,822,0.0,0.0,0.0
2024-05-20 15:30:00-04:00,24.02750015258789,24.030000686645508,24.020000457763672,24.030000686645508,0,0.0,0.0,0.0
2024-05-21 09:30:00-04:00,24.045799255371094,24.045799255371094,24.040000915527344,24.040000915527344,651,0.0,0.0,0.0
2024-05-21 10:30:00-04:00,24.059999465942383,24.059999465942383,24.020000457763672,24.020000457763672,1439,0.0,0.0,0.0
2024-05-21 12:30:00-04:00,24.049999237060547,24.06999969482422,24.049999237060547,24.06999969482422,2092,0.0,0.0,0.0
2024-05-21 13:30:00-04:00,24.06679916381836,24.06999969482422,24.065000534057617,24.065000534057617,1604,0.0,0.0,0.0
2024-05-21 14:30:00-04:00,24.06999969482422,24.06999969482422,24.03059959411621,24.058000564575195,0,0.0,0.0,0.0
2024-05-22 09:30:00-04:00,24.010000228881836,24.010000228881836,23.981599807739258,23.981599807739258,636,0.0,0.0,0.0
2024-05-22 10:30:00-04:00,24.011699676513672,24.030000686645508,24.01059913635254,24.030000686645508,1913,0.0,0.0,0.0
2024-05-22 11:30:00-04:00,24.014999389648438,24.014999389648438,24.014999389648438,24.014999389648438,180,0.0,0.0,0.0
2024-05-22 12:30:00-04:00,24.030000686645508,24.030000686645508,24.010000228881836,24.010099411010742,1951,0.0,0.0,0.0
2024-05-22 13:30:00-04:00,23.989999771118164,24.0,23.980499267578125,23.980499267578125,1516,0.0,0.0,0.0
2024-05-22 14:30:00-04:00,23.969999313354492,23.989999771118164,23.950000762939453,23.989900588989258,1445,0.0,0.0,0.0
2024-05-22 15:30:00-04:00,24.010000228881836,24.020000457763672,23.989999771118164,23.989999771118164,0,0.0,0.0,0.0
2024-05-23 09:30:00-04:00,23.969999313354492,23.969999313354492,23.969999313354492,23.969999313354492,453,0.0,0.0,0.0
2024-05-23 10:30:00-04:00,23.850000381469727,23.850000381469727,23.829999923706055,23.829999923706055,994,0.0,0.0,0.0
2024-05-23 11:30:00-04:00,23.866199493408203,23.875,23.860000610351562,23.860000610351562,0,0.0,0.0,0.0
2024-05-23 12:30:00-04:00,23.8700008392334,23.88990020751953,23.86989974975586,23.8700008392334,4481,0.0,0.0,0.0
2024-05-23 13:30:00-04:00,23.866100311279297,23.875,23.866100311279297,23.875,684,0.0,0.0,0.0
2024-05-23 14:30:00-04:00,23.8799991607666,23.8799991607666,23.879899978637695,23.879899978637695,1083,0.0,0.0,0.0
2024-05-23 15:30:00-04:00,23.8700008392334,23.8700008392334,23.864999771118164,23.864999771118164,223,0.0,0.0,0.0
2024-05-24 09:30:00-04:00,23.889999389648438,23.899999618530273,23.84000015258789,23.899999618530273,0,0.0,0.0,0.0
2024-05-24 10:30:00-04:00,23.870100021362305,23.926700592041016,23.870100021362305,23.926700592041016,1236,0.0,0.0,0.0
2024-05-24 11:30:00-04:00,23.915000915527344,23.950000762939453,23.899799346923828,23.950000762939453,4290,0.0,0.0,0.0
2024-05-24 12:30:00-04:00,23.940000534057617,23.940000534057617,23.939899444580078,23.939899444580078,835,0.0,0.0,0.0
2024-05-24 13:30:00-04:00,23.949600219726562,23.949600219726562,23.934999465942383,23.934999465942383,448,0.0,0.0,0.0
2024-05-24 14:30:00-04:00,23.930999755859375,23.940000534057617,23.90999984741211,23.90999984741211,1500,0.0,0.0,0.0
2024-05-24 15:30:00-04:00,23.924999237060547,23.93899917602539,23.924999237060547,23.93899917602539,233,0.0,0.0,0.0
2024-05-28 09:30:00-04:00,23.87579917907715,23.87579917907715,23.87579917907715,23.87579917907715,0,0.0,0.0,0.0
2024-05-28 10:30:00-04:00,23.88800048828125,23.899999618530273,23.875,23.8799991607666,3107,0.0,0.0,0.0
2024-05-28 11:30:00-04:00,23.86549949645996,23.8799991607666,23.854999542236328,23.854999542236328,1547,0.0,0.0,0.0
2024-05-28 12:30:00-04:00,23.854999542236328,23.8700008392334,23.854999542236328,23.8700008392334,924,0.0,0.0,0.0
2024-05-28 13:30:00-04:00,23.818199157714844,23.818199157714844,23.818199157714844,23.818199157714844,756,0.0,0.0,0.0
2024-05-28 14:30:00-04:00,23.79319953918457,23.79319953918457,23.75,23.779199600219727,6341,0.0,0.0,0.0
2024-05-29 09:30:00-04:00,23.68000030517578,23.709999084472656,23.670000076293945,23.709999084472656,0,0.0,0.0,0.0
2024-05-29 10:30:00-04:00,23.71489906311035,23.71489906311035,23.71489906311035,23.71489906311035,833,0.0,0.0,0.0
2024-05-29 11:30:00-04:00,23.699199676513672,23.699199676513672,23.68000030517578,23.690000534057617,4866,0.0,0.0,0.0
2024-05-29 12:30:00-04:00,23.670000076293945,23.67009925842285,23.65999984741211,23.67009925842285,1156,0.0,0.0,0.0
2024-05-29 13:30:00-04:00,23.674999237060547,23.690000534057617,23.674999237060547,23.68000030517578,971,0.0,0.0,0.0
2024-05-29 14:30:00-04:00,23.68000030517578,23.68000030517578,23.65999984741211,23.68000030517578,949,0.0,0.0,0.0
2024-05-29 15:30:00-04:00,23.690000534057617,23.690000534057617,23.690000534057617,23.690000534057617,0,0.0,0.0,0.0
2024-05-30 09:30:00-04:00,23.760000228881836,23.775100708007812,23.760000228881836,23.760000228881836,1308,0.0,0.0,0.0
2024-05-30 10:30:00-04:00,23.783100128173828,23.799999237060547,23.783100128173828,23.799999237060547,1010,0.0,0.0,0.0
2024-05-30 11:30:00-04:00,23.81999969482422,23.829999923706055,23.790000915527344,23.809999465942383,1557,0.0,0.0,0.0
2024-05-30 12:30:00-04:00,23.82900047302246,23.829999923706055,23.810100555419922,23.810100555419922,2591,0.0,0.0,0.0
2024-05-30 13:30:00-04:00,23.81999969482422,23.81999969482422,23.81999969482422,23.81999969482422,118,0.0,0.0,0.0
2024-05-30 14:30:00-04:00,23.819000244140625,23.819000244140625,23.790000915527344,23.80500030517578,1459,0.0,0.0,0.0
2024-05-30 15:30:00-04:00,23.81999969482422,23.81999969482422,23.81999969482422,23.81999969482422,170,0.0,0.0,0.0
2024-05-31 09:30:00-04:00,23.90999984741211,23.91790008544922,23.8981990814209,23.8981990814209,0,0.0,0.0,0.0
2024-05-31 10:30:00-04:00,23.91990089416504,23.91990089416504,23.870100021362305,23.889999389648438,2473,0.0,0.0,0.0
2024-05-31 11:30:00-04:00,23.869800567626953,23.879100799560547,23.860000610351562,23.860000610351562,1359,0.0,0.0,0.0
2024-05-31 12:30:00-04:00,23.86400032043457,23.874000549316406,23.84000015258789,23.874000549316406,1259,0.0,0.0,0.0
2024-05-31 13:30:00-04:00,23.885000228881836,23.885000228881836,23.8700008392334,23.8700008392334,352,0.0,0.0,0.0
2024-05-31 14:30:00-04:00,23.886999130249023,23.899900436401367,23.860000610351562,23.885400772094727,3163,0.0,0.0,0.0
2024-05-31 15:30:00-04:00,23.899999618530273,23.942399978637695,23.895000457763672,23.942399978637695,807,0.0,0.0,0.0
2024-06-03 09:30:00-04:00,23.809999465942383,23.849899291992188,23.809999465942383,23.849899291992188,0,0.0,0.0,0.0
2024-06-03 10:30:00-04:00,23.899999618530273,23.899999618530273,23.860000610351562,23.860000610351562,1078,0.0,0.0,0.0
2024-06-03 11:30:00-04:00,23.885000228881836,23.885000228881836,23.885000228881836,23.885000228881836,577,0.0,0.0,0.0
2024-06-03 12:30:00-04:00,23.850000381469727,23.8799991607666,23.850000381469727,23.8799991607666,2153,0.0,0.0,0.0
2024-06-03 13:30:00-04:00,23.90999984741211,23.93000030517578,23.90999984741211,23.929899215698242,1488,0.0,0.0,0.0
2024-06-03 14:30:00-04:00,23.913999557495117,23.92009925842285,23.899999618530273,23.92009925842285,769,0.0,0.0,0.0
2024-06-03 15:30:00-04:00,23.889999389648438,23.90999984741211,23.889999389648438,23.90999984741211,763,0.0,0.0,0.0
2024-06-04 09:30:00-04:00,23.860000610351562,23.959999084472656,23.860000610351562,23.900100708007812,3473,0.0,0.0,0.0
2024-06-04 10:30:00-04:00,23.924999237060547,23.940000534057617,23.924999237060547,23.940000534057617,3771,0.0,0.0,0.0
2024-06-04 11:30:00-04:00,23.934999465942383,23.934999465942383,23.920000076293945,23.92009925842285,834,0.0,0.0,0.0
2024-06-04 12:30:00-04:00,23.940000534057617,23.950000762939453,23.920000076293945,23.950000762939453,2516,0.0,0.0,0.0
2024-06-04 14:30:00-04:00,23.96500015258789,23.969999313354492,23.96500015258789,23.969999313354492,1342,0.0,0.0,0.0
2024-06-04 15:30:00-04:00,23.952199935913086,23.976699829101562,23.952199935913086,23.976699829101562,0,0.0,0.0,0.0
2024-06-05 09:30:00-04:00,23.930999755859375,23.930999755859375,23.889999389648438,23.889999389648438,1689,0.0,0.0,0.0
2024-06-05 10:30:00-04:00,23.92919921875,23.983999252319336,23.92919921875,23.96579933166504,2245,0.0,0.0,0.0
2024-06-05 11:30:00-04:00,23.979999542236328,23.979999542236328,23.979999542236328,23.979999542236328,359,0.0,0.0,0.0
2024-06-05 12:30:00-04:00,23.989999771118164,24.010000228881836,23.969999313354492,23.970500946044922,3101,0.0,0.0,0.0
2024-06-05 13:30:00-04:00,24.0,24.0,23.9950008392334,23.9950008392334,1488,0.0,0.0,0.0
2024-06-05 14:30:00-04:00,24.010000228881836,24.02899932861328,24.010000228881836,24.02899932861328,919,0.0,0.0,0.0
2024-06-05 15:30:00-04:00,24.030000686645508,24.0314998626709,24.030000686645508,24.0314998626709,413,0.0,0.0,0.0
2024-06-06 09:30:00-04:00,23.979999542236328,24.0,23.969999313354492,23.975099563598633,0,0.0,0.0,0.0
2024-06-06 10:30:00-04:00,23.969999313354492,24.0,23.969999313354492,23.989999771118164,1070,0.0,0.0,0.0
2024-06-06 11:30:00-04:00,24.010000228881836,24.019500732421875,23.997800827026367,24.0049991607666,1577,0.0,0.0,0.0
2024-06-06 12:30:00-04:00,24.007699966430664,24.007699966430664,23.989999771118164,24.0,1789,0.0,0.0,0.0
2024-06-06 13:30:00-04:00,24.01099967956543,24.01959991455078,24.0049991607666,24.010000228881836,1437,0.0,0.0,0.0
2024-06-06 14:30:00-04:00,24.010000228881836,24.022600173950195,24.010000228881836,24.022600173950195,908,0.0,0.0,0.0
2024-06-07 09:30:00-04:00,23.84000015258789,23.84000015258789,23.84000015258789,23.84000015258789,0,0.0,0.0,0.0
2024-06-07 10:30:00-04:00,23.8700008392334,23.90999984741211,23.860000610351562,23.860000610351562,1371,0.0,0.0,0.0
2024-06-07 11:30:00-04:00,23.8799991607666,23.920000076293945,23.860000610351562,23.891000747680664,4288,0.0,0.0,0.0
2024-06-07 12:30:00-04:00,23.889999389648438,23.899999618530273,23.889999389648438,23.899999618530273,1143,0.0,0.0,0.0
2024-06-07 13:30:00-04:00,23.899999618530273,23.899999618530273,23.84000015258789,23.84000015258789,1188,0.0,0.0,0.0
2024-06-07 14:30:00-04:00,23.899900436401367,23.899900436401367,23.889999389648438,23.889999389648438,667,0.0,0.0,0.0
2024-06-07 15:30:00-04:00,23.889999389648438,23.899900436401367,23.884300231933594,23.899900436401367,1330,0.0,0.0,0.0
2024-06-10 10:30:00-04:00,23.81999969482422,23.81999969482422,23.790000915527344,23.81679916381836,1766,0.0,0.0,0.0
2024-06-10 11:30:00-04:00,23.81999969482422,23.82349967956543,23.809999465942383,23.82349967956543,2843,0.0,0.0,0.0
2024-06-10 12:30:00-04:00,23.81999969482422,23.81999969482422,23.7810001373291,23.801000595092773,1423,0.0,0.0,0.0
2024-06-10 13:30:00-04:00,23.809999465942383,23.81999969482422,23.809999465942383,23.809999465942383,1801,0.0,0.0,0.0
2024-06-10 14:30:00-04:00,23.829999923706055,23.829999923706055,23.829999923706055,23.829999923706055,2972,0.0,0.0,0.0
2024-06-10 15:30:00-04:00,23.84000015258789,23.84000015258789,23.81999969482422,23.822500228881836,904,0.0,0.0,0.0
2024-06-11 09:30:00-04:00,23.81999969482422,23.850000381469727,23.809999465942383,23.850000381469727,0,0.0,0.0,0.0
2024-06-11 10:30:00-04:00,23.849599838256836,23.861900329589844,23.831300735473633,23.850000381469727,6925,0.0,0.0,0.0
2024-06-11 11:30:00-04:00,23.850000381469727,23.850000381469727,23.820100784301758,23.820100784301758,934,0.0,0.0,0.0
2024-06-11 12:30:00-04:00,23.827299118041992,23.8799991607666,23.827299118041992,23.875,918,0.0,0.0,0.0
2024-06-11 13:30:00-04:00,23.8799991607666,23.90999984741211,23.861499786376953,23.90999984741211,9554,0.0,0.0,0.0
2024-06-11 14:30:00-04:00,23.920000076293945,23.950000762939453,23.90089988708496,23.920000076293945,7961,0.0,0.0,0.0
2024-06-11 15:30:00-04:00,23.93000030517578,23.93000030517578,23.920000076293945,23.920000076293945,0,0.0,0.0,0.0
2024-06-12 09:30:00-04:00,24.059999465942383,24.100000381469727,24.040000915527344,24.099899291992188,2199,0.0,0.0,0.0
2024-06-12 10:30:00-04:00,24.110000610351562,24.110000610351562,24.075700759887695,24.075700759887695,1335,0.0,0.0,0.0
2024-06-12 11:30:00-04:00,24.107999801635742,24.107999801635742,24.084999084472656,24.09000015258789,1290,0.0,0.0,0.0
2024-06-12 12:30:00-04:00,24.110000610351562,24.110000610351562,24.079999923706055,24.094999313354492,1866,0.0,0.0,0.0
2024-06-12 13:30:00-04:00,24.09000015258789,24.09000015258789,24.049999237060547,24.059900283813477,1636,0.0,0.0,0.0
2024-06-12 14:30:00-04:00,24.057300567626953,24.059999465942383,24.0,24.0,6266,0.0,0.0,0.0
2024-06-12 15:30:00-04:00,23.989999771118164,23.993600845336914,23.989999771118164,23.993600845336914,526,0.0,0.0,0.0
2024-06-13 09:30:00-04:00,24.059999465942383,24.088899612426758,24.020000457763672,24.020000457763672,0,0.0,0.0,0.0
2024-06-13 10:30:00-04:00,24.020000457763672,24.030000686645508,24.020000457763672,24.027999877929688,934,0.0,0.0,0.0
2024-06-13 11:30:00-04:00,24.030000686645508,24.030000686645508,24.030000686645508,24.030000686645508,208,0.0,0.0,0.0
2024-06-13 12:30:00-04:00,24.030000686645508,24.065000534057617,24.030000686645508,24.059999465942383,2047,0.0,0.0,0.0
2024-06-13 13:30:00-04:00,24.049999237060547,24.049999237060547,24.049999237060547,24.049999237060547,364,0.0,0.0,0.0
2024-06-13 14:30:00-04:00,24.06999969482422,24.079999923706055,24.06999969482422,24.06999969482422,1584,0.0,0.0,0.0
2024-06-13 15:30:00-04:00,24.059999465942383,24.06999969482422,24.059999465942383,24.06999969482422,968,0.0,0.0,0.0
2024-06-14 09:30:00-04:00,23.989999771118164,24.020000457763672,23.989999771118164,24.020000457763672,0,0.0,0.0,0.0
2024-06-14 10:30:00-04:00,24.015899658203125,24.015899658203125,24.015899658203125,24.015899658203125,440,0.0,0.0,0.0
2024-06-14 11:30:00-04:00,24.016000747680664,24.016000747680664,24.016000747680664,24.016000747680664,510,0.0,0.0,0.0
2024-06-14 12:30:00-04:00,24.0,24.0,24.0,24.0,322,0.0,0.0,0.0
2024-06-14 13:30:00-04:00,23.989999771118164,23.99970054626465,23.969999313354492,23.99970054626465,2426,0.0,0.0,0.0
2024-06-17 09:30:00-04:00,23.889999389648438,23.889999389648438,23.864999771118164,23.889999389648438,0,0.0,0.0,0.0
2024-06-17 10:30:00-04:00,23.8799991607666,23.899999618530273,23.8799991607666,23.889999389648438,2078,0.0,0.0,0.0
2024-06-17 11:30:00-04:00,23.899999618530273,23.959999084472656,23.899999618530273,23.93869972229004,1672,0.0,0.0,0.0
2024-06-17 12:30:00-04:00,23.910999298095703,23.95989990234375,23.901100158691406,23.950000762939453,7024,0.0,0.0,0.0
2024-06-17 13:30:00-04:00,23.959999084472656,23.979999542236328,23.959999084472656,23.960100173950195,619,0.0,0.0,0.0
2024-06-17 14:30:00-04:00,23.971200942993164,23.979999542236328,23.959999084472656,23.969999313354492,2541,0.0,0.0,0.0
2024-06-17 15:30:00-04:00,23.979999542236328,23.979999542236328,23.940000534057617,23.940000534057617,3776,0.0,0.0,0.0
2024-06-18 09:30:00-04:00,23.98550033569336,24.0,23.979999542236328,24.0,534,0.0,0.0,0.0
2024-06-18 10:30:00-04:00,24.018400192260742,24.018400192260742,23.99449920654297,24.010000228881836,1520,0.0,0.0,0.0
2024-06-18 11:30:00-04:00,24.020000457763672,24.049999237060547,24.020000457763672,24.04400062561035,3401,0.0,0.0,0.0
2024-06-18 12:30:00-04:00,24.06999969482422,24.06999969482422,24.06999969482422,24.06999969482422,787,0.0,0.0,0.0
2024-06-18 13:30:00-04:00,24.060800552368164,24.1200008392334,24.060800552368164,24.099899291992188,3359,0.0,0.0,0.0
2024-06-18 14:30:00-04:00,24.09000015258789,24.100000381469727,24.09000015258789,24.100000381469727,1904,0.0,0.0,0.0
2024-06-18 15:30:00-04:00,24.100000381469727,24.110000610351562,24.079999923706055,24.079999923706055,14706,0.0,0.0,0.0
2024-06-20 09:30:00-04:00,23.93000030517578,23.969999313354492,23.93000030517578,23.969999313354492,0,0.0,0.0,0.0
2024-06-20 10:30:00-04:00,23.969999313354492,23.969999313354492,23.950000762939453,23.950000762939453,2937,0.0,0.0,0.0
2024-06-20 11:30:00-04:00,23.950000762939453,23.979999542236328,23.950000762939453,23.96500015258789,3044,0.0,0.0,0.0
2024-06-20 12:30:00-04:00,23.9507999420166,23.968700408935547,23.9507999420166,23.968700408935547,947,0.0,0.0,0.0
2024-06-20 13:30:00-04:00,23.95009994506836,23.95009994506836,23.95009994506836,23.95009994506836,634,0.0,0.0,0.0
2024-06-20 14:30:00-04:00,23.99489974975586,24.010000228881836,23.971200942993164,23.971200942993164,3211,0.0,0.0,0.0
2024-06-20 15:30:00-04:00,24.0,24.0,23.989999771118164,24.0,809,0.0,0.0,0.0
2024-06-21 09:30:00-04:00,23.987300872802734,23.987300872802734,23.987300872802734,23.987300872802734,199,0.0,0.0,0.0
2024-06-21 10:30:00-04:00,23.993999481201172,23.999900817871094,23.983699798583984,23.999900817871094,966,0.0,0.0,0.0
2024-06-21 11:30:00-04:00,24.010000228881836,24.010000228881836,23.9950008392334,24.0,567,0.0,0.0,0.0
2024-06-21 12:30:00-04:00,23.990100860595703,24.030000686645508,23.989999771118164,24.014999389648438,3594,0.0,0.0,0.0
2024-06-21 13:30:00-04:00,24.020000457763672,24.020000457763672,24.020000457763672,24.020000457763672,499,0.0,0.0,0.0
2024-06-21 14:30:00-04:00,24.020000457763672,24.020000457763672,24.020000457763672,24.020000457763672,478,0.0,0.0,0.0
2024-06-21 15:30:00-04:00,24.047000885009766,24.047000885009766,24.040000915527344,24.040000915527344,743,0.0,0.0,0.0
2024-06-24 09:30:00-04:00,24.010000228881836,24.010000228881836,24.010000228881836,24.010000228881836,0,0.0,0.0,0.0
2024-06-24 10:30:00-04:00,24.040000915527344,24.040000915527344,24.010099411010742,24.039899826049805,2960,0.0,0.0,0.0
2024-06-24 11:30:00-04:00,24.020000457763672,24.040000915527344,24.020000457763672,24.020099639892578,3650,0.0,0.0,0.0
2024-06-24 12:30:00-04:00,24.020000457763672,24.049999237060547,24.011499404907227,24.011499404907227,3771,0.0,0.0,0.0
2024-06-24 13:30:00-04:00,24.010000228881836,24.049999237060547,24.010000228881836,24.040000915527344,1069,0.0,0.0,0.0
2024-06-24 14:30:00-04:00,24.030000686645508,24.030000686645508,24.030000686645508,24.030000686645508,22112,0.0,0.0,0.0
2024-06-24 15:30:00-04:00,24.03619956970215,24.059999465942383,24.0310001373291,24.059999465942383,1815,0.0,0.0,0.0
2024-06-25 09:30:00-04:00,24.040000915527344,24.040000915527344,24.0,24.038299560546875,0,0.0,0.0,0.0
2024-06-25 10:30:00-04:00,24.020000457763672,24.029699325561523,24.011199951171875,24.015899658203125,1330,0.0,0.0,0.0
2024-06-25 11:30:00-04:00,24.0044002532959,24.019899368286133,24.0044002532959,24.019899368286133,626,0.0,0.0,0.0
2024-06-25 12:30:00-04:00,24.001300811767578,24.010000228881836,23.990100860595703,23.990100860595703,728,0.0,0.0,0.0
2024-06-25 13:30:00-04:00,24.020000457763672,24.024999618530273,24.009899139404297,24.024999618530273,8347,0.0,0.0,0.0
2024-06-25 14:30:00-04:00,24.020000457763672,24.059999465942383,24.020000457763672,24.040000915527344,2703,0.0,0.0,0.0
2024-06-25 15:30:00-04:00,24.050100326538086,24.050100326538086,24.040000915527344,24.050100326538086,123,0.0,0.0,0.0
2024-06-26 09:30:00-04:00,23.93000030517578,23.952299118041992,23.90999984741211,23.90999984741211,0,0.0,0.0,0.0
2024-06-26 10:30:00-04:00,23.927000045776367,23.93000030517578,23.899999618530273,23.899999618530273,4245,0.0,0.0,0.0
2024-06-26 11:30:00-04:00,23.91200065612793,23.93000030517578,23.91200065612793,23.93000030517578,1978,0.0,0.0,0.0
2024-06-26 12:30:00-04:00,23.920000076293945,23.920000076293945,23.920000076293945,23.920000076293945,237,0.0,0.0,0.0
2024-06-26 13:30:00-04:00,23.93549919128418,23.940000534057617,23.920000076293945,23.920000076293945,1971,0.0,0.0,0.0
2024-06-26 14:30:00-04:00,23.915000915527344,23.929800033569336,23.90999984741211,23.92919921875,2352,0.0,0.0,0.0
2024-06-26 15:30:00-04:00,23.924999237060547,23.950000762939453,23.924999237060547,23.950000762939453,887,0.0,0.0,0.0
2024-06-27 09:30:00-04:00,23.969999313354492,24.010000228881836,23.969999313354492,23.9950008392334,0,0.0,0.0,0.0
2024-06-27 10:30:00-04:00,23.991500854492188,23.991500854492188,23.97010040283203,23.97010040283203,2254,0.0,0.0,0.0
2024-06-27 11:30:00-04:00,23.969999313354492,23.969999313354492,23.969999313354492,23.969999313354492,897,0.0,0.0,0.0
2024-06-27 12:30:00-04:00,23.971099853515625,23.985000610351562,23.969999313354492,23.985000610351562,2968,0.0,0.0,0.0
2024-06-27 13:30:00-04:00,23.985000610351562,23.985000610351562,23.969999313354492,23.969999313354492,626,0.0,0.0,0.0
2024-06-27 14:30:00-04:00,23.97010040283203,23.975000381469727,23.959999084472656,23.969999313354492,3375,0.0,0.0,0.0
2024-06-27 15:30:00-04:00,23.959999084472656,23.989999771118164,23.959999084472656,23.989999771118164,563,0.0,0.0,0.0
2024-06-28 09:30:00-04:00,24.020000457763672,24.020000457763672,23.989900588989258,23.989900588989258,0,0.0,0.0,0.0
2024-06-28 10:30:00-04:00,23.959999084472656,23.959999084472656,23.85569953918457,23.85569953918457,1866,0.0,0.0,0.0
2024-06-28 11:30:00-04:00,23.889799118041992,23.889799118041992,23.889799118041992,23.889799118041992,191,0.0,0.0,0.0
2024-06-28 12:30:00-04:00,23.84000015258789,23.840099334716797,23.84000015258789,23.84000015258789,2528,0.0,0.0,0.0
2024-06-28 13:30:00-04:00,23.850099563598633,23.8700008392334,23.850099563598633,23.8700008392334,794,0.0,0.0,0.0
2024-06-28 14:30:00-04:00,23.860000610351562,23.860000610351562,23.8302001953125,23.8302001953125,2797,0.0,0.0,0.0
2024-06-28 15:30:00-04:00,23.834999084472656,23.834999084472656,23.824600219726562,23.824600219726562,207,0.0,0.0,0.0
2024-07-01 09:30:00-04:00,23.643999099731445,23.659900665283203,23.545299530029297,23.604999542236328,0,0.0,0.0,0.0
2024-07-01 10:30:00-04:00,23.59000015258789,23.59000015258789,23.579999923706055,23.58989906311035,9170,0.0,0.0,0.0
2024-07-01 11:30:00-04:00,23.579999923706055,23.579999923706055,23.579999923706055,23.579999923706055,137,0.0,0.0,0.0
2024-07-01 12:30:00-04:00,23.609899520874023,23.609899520874023,23.56999969482422,23.59000015258789,5184,0.0,0.0,0.0
2024-07-01 13:30:00-04:00,23.599899291992188,23.600000381469727,23.559999465942383,23.559999465942383,1301,0.0,0.0,0.0
2024-07-01 14:30:00-04:00,23.591999053955078,23.600000381469727,23.579999923706055,23.594999313354492,3551,0.0,0.0,0.0
2024-07-01 15:30:00-04:00,23.600000381469727,23.610000610351562,23.600000381469727,23.610000610351562,3067,0.0,0.0,0.0
2024-07-02 09:30:00-04:00,23.6200008392334,23.670000076293945,23.6200008392334,23.670000076293945,0,0.0,0.0,0.0
2024-07-02 10:30:00-04:00,23.68000030517578,23.688899993896484,23.670000076293945,23.670000076293945,1541,0.0,0.0,0.0
2024-07-02 11:30:00-04:00,23.68000030517578,23.68000030517578,23.66990089416504,23.66990089416504,1222,0.0,0.0,0.0
2024-07-02 12:30:00-04:00,23.679899215698242,23.690000534057617,23.665000915527344,23.690000534057617,1625,0.0,0.0,0.0
2024-07-02 13:30:00-04:00,23.700000762939453,23.719999313354492,23.68000030517578,23.719999313354492,1597,0.0,0.0,0.0
2024-07-02 14:30:00-04:00,23.709999084472656,23.729999542236328,23.709999084472656,23.719999313354492,1386,0.0,0.0,0.0
2024-07-02 15:30:00-04:00,23.724000930786133,23.735000610351562,23.724000930786133,23.727100372314453,2098,0.0,0.0,0.0
2024-07-03 09:30:00-04:00,23.799999237060547,23.89929962158203,23.79400062561035,23.79400062561035,0,0.0,0.0,0.0
2024-07-03 10:30:00-04:00,23.8799991607666,23.909900665283203,23.8799991607666,23.909900665283203,1967,0.0,0.0,0.0
2024-07-03 11:30:00-04:00,23.878700256347656,23.8799991607666,23.860000610351562,23.879899978637695,4683,0.0,0.0,0.0
2024-07-03 12:30:00-04:00,23.899999618530273,23.899999618530273,23.899999618530273,23.899999618530273,403,0.0,0.0,0.0
2024-07-05 09:30:00-04:00,23.969999313354492,23.979999542236328,23.969999313354492,23.975000381469727,0,0.0,0.0,0.0
2024-07-05 10:30:00-04:00,23.979999542236328,24.021499633789062,23.979999542236328,24.021499633789062,1415,0.0,0.0,0.0
2024-07-05 11:30:00-04:00,24.027999877929688,24.049999237060547,24.027999877929688,24.047700881958008,5425,0.0,0.0,0.0
2024-07-05 12:30:00-04:00,24.040000915527344,24.045000076293945,24.030000686645508,24.030000686645508,4706,0.0,0.0,0.0
2024-07-05 13:30:00-04:00,24.049999237060547,24.049999237060547,24.039899826049805,24.04330062866211,9649,0.0,0.0,0.0
2024-07-05 14:30:00-04:00,24.049999237060547,24.049999237060547,24.040000915527344,24.040000915527344,9206,0.0,0.0,0.0
2024-07-05 15:30:00-04:00,24.049999237060547,24.049999237060547,24.040000915527344,24.049999237060547,5664,0.0,0.0,0.0
2024-07-08 09:30:00-04:00,24.06999969482422,24.06999969482422,24.049999237060547,24.059900283813477,0,0.0,0.0,0.0
2024-07-08 10:30:00-04:00,24.045000076293945,24.045000076293945,24.020000457763672,24.035200119018555,2045,0.0,0.0,0.0
2024-07-08 11:30:00-04:00,24.020000457763672,24.040000915527344,24.020000457763672,24.030000686645508,1292,0.0,0.0,0.0
2024-07-08 12:30:00-04:00,24.03499984741211,24.049999237060547,24.030000686645508,24.030000686645508,3063,0.0,0.0,0.0
2024-07-08 13:30:00-04:00,24.05500030517578,24.069900512695312,24.05500030517578,24.069900512695312,748,0.0,0.0,0.0
2024-07-08 14:30:00-04:00,24.059999465942383,24.06999969482422,24.030099868774414,24.030099868774414,1217,0.0,0.0,0.0
2024-07-08 15:30:00-04:00,24.049999237060547,24.049999237060547,24.049999237060547,24.049999237060547,183,0.0,0.0,0.0
2024-07-09 09:30:00-04:00,24.010000228881836,24.010000228881836,23.99049949645996,23.99049949645996,3099,0.0,0.0,0.0
2024-07-09 10:30:00-04:00,23.980199813842773,23.980199813842773,23.980199813842773,23.980199813842773,540,0.0,0.0,0.0
2024-07-09 11:30:00-04:00,23.950000762939453,23.959999084472656,23.950000762939453,23.959699630737305,3006,0.0,0.0,0.0
2024-07-09 12:30:00-04:00,23.979999542236328,23.979999542236328,23.975000381469727,23.975000381469727,2156,0.0,0.0,0.0
2024-07-09 13:30:00-04:00,23.96500015258789,23.96500015258789,23.959999084472656,23.959999084472656,626,0.0,0.0,0.0
2024-07-09 14:30:00-04:00,23.979999542236328,23.989999771118164,23.969999313354492,23.985000610351562,0,0.0,0.0,0.0
2024-07-10 09:30:00-04:00,24.020000457763672,24.15730094909668,24.020000457763672,24.034900665283203,1689,0.0,0.0,0.0
2024-07-10 10:30:00-04:00,24.040000915527344,24.040000915527344,24.039899826049805,24.039899826049805,995,0.0,0.0,0.0
2024-07-10 11:30:00-04:00,24.031099319458008,24.06999969482422,24.030000686645508,24.06999969482422,6106,0.0,0.0,0.0
2024-07-10 12:30:00-04:00,24.065000534057617,24.06999969482422,24.059999465942383,24.059999465942383,16619,0.0,0.0,0.0
2024-07-10 13:30:00-04:00,24.059999465942383,24.059999465942383,24.05150032043457,24.05500030517578,1500,0.0,0.0,0.0
2024-07-10 14:30:00-04:00,24.059999465942383,24.079999923706055,24.052900314331055,24.079999923706055,10382,0.0,0.0,0.0
2024-07-10 15:30:00-04:00,24.079999923706055,24.09000015258789,24.079999923706055,24.09000015258789,0,0.0,0.0,0.0
2024-07-11 09:30:00-04:00,24.239999771118164,24.25,24.230100631713867,24.230100631713867,1524,0.0,0.0,0.0
2024-07-11 10:30:00-04:00,24.239999771118164,24.239999771118164,24.2101993560791,24.219999313354492,1029,0.0,0.0,0.0
2024-07-11 11:30:00-04:00,24.229900360107422,24.239999771118164,24.229900360107422,24.239999771118164,4111,0.0,0.0,0.0
2024-07-11 12:30:00-04:00,24.229999542236328,24.239999771118164,24.219999313354492,24.219999313354492,2861,0.0,0.0,0.0
2024-07-11 13:30:00-04:00,24.219999313354492,24.219999313354492,24.190000534057617,24.200000762939453,7882,0.0,0.0,0.0
2024-07-11 14:30:00-04:00,24.209999084472656,24.239999771118164,24.209999084472656,24.235000610351562,2158,0.0,0.0,0.0
2024-07-11 15:30:00-04:00,24.229900360107422,24.229900360107422,24.219999313354492,24.219999313354492,524,0.0,0.0,0.0
2024-07-12 09:30:00-04:00,24.190000534057617,24.25,24.190000534057617,24.25,1491,0.0,0.0,0.0
2024-07-12 10:30:00-04:00,24.25,24.25,24.25,24.25,582,0.0,0.0,0.0
2024-07-12 11:30:00-04:00,24.260000228881836,24.260000228881836,24.253000259399414,24.260000228881836,669,0.0,0.0,0.0
2024-07-12 12:30:00-04:00,24.2549991607666,24.280000686645508,24.25,24.27989959716797,2116,0.0,0.0,0.0
2024-07-12 13:30:00-04:00,24.280000686645508,24.290000915527344,24.280000686645508,24.289899826049805,1072,0.0,0.0,0.0
2024-07-12 14:30:00-04:00,24.290000915527344,24.290000915527344,24.280000686645508,24.290000915527344,6584,0.0,0.0,0.0
2024-07-12 15:30:00-04:00,24.290000915527344,24.290000915527344,24.270000457763672,24.270700454711914,758,0.0,0.0,0.0
2024-07-15 09:30:00-04:00,24.239999771118164,24.239999771118164,24.17799949645996,24.191499710083008,2191,0.0,0.0,0.0
2024-07-15 10:30:00-04:00,24.200000762939453,24.229999542236328,24.199899673461914,24.219999313354492,4472,0.0,0.0,0.0
2024-07-15 11:30:00-04:00,24.191299438476562,24.200000762939453,24.190000534057617,24.200000762939453,2213,0.0,0.0,0.0
2024-07-15 12:30:00-04:00,24.184999465942383,24.200000762939453,24.16990089416504,24.170000076293945,6339,0.0,0.0,0.0
2024-07-15 13:30:00-04:00,24.15999984741211,24.15999984741211,24.151500701904297,24.151500701904297,832,0.0,0.0,0.0
2024-07-15 14:30:00-04:00,24.18000030517578,24.190000534057617,24.170000076293945,24.18000030517578,6751,0.0,0.0,0.0
2024-07-15 15:30:00-04:00,24.18000030517578,24.18000030517578,24.170000076293945,24.170000076293945,904,0.0,0.0,0.0
2024-07-16 09:30:00-04:00,24.219999313354492,24.229999542236328,24.215200424194336,24.229999542236328,0,0.0,0.0,0.0
2024-07-16 10:30:00-04:00,24.210100173950195,24.260000228881836,24.210100173950195,24.239999771118164,4039,0.0,0.0,0.0
2024-07-16 11:30:00-04:00,24.260000228881836,24.270000457763672,24.239999771118164,24.2549991607666,3044,0.0,0.0,0.0
2024-07-16 12:30:00-04:00,24.270000457763672,24.280000686645508,24.270000457763672,24.279499053955078,1277,0.0,0.0,0.0
2024-07-16 13:30:00-04:00,24.27989959716797,24.299999237060547,24.27989959716797,24.290000915527344,1360,0.0,0.0,0.0
2024-07-16 14:30:00-04:00,24.295000076293945,24.299999237060547,24.295000076293945,24.299999237060547,1009,0.0,0.0,0.0
2024-07-16 15:30:00-04:00,24.290000915527344,24.29509925842285,24.260000228881836,24.260000228881836,0,0.0,0.0,0.0
2024-07-17 09:30:00-04:00,24.18000030517578,24.200000762939453,24.18000030517578,24.189899444580078,1251,0.0,0.0,0.0
2024-07-17 10:30:00-04:00,24.200000762939453,24.200000762939453,24.189800262451172,24.189800262451172,814,0.0,0.0,0.0
2024-07-17 11:30:00-04:00,24.209999084472656,24.219999313354492,24.200000762939453,24.200000762939453,3035,0.0,0.0,0.0
2024-07-17 12:30:00-04:00,24.209999084472656,24.209999084472656,24.20989990234375,24.20989990234375,519,0.0,0.0,0.0
2024-07-17 13:30:00-04:00,24.219999313354492,24.23150062561035,24.219999313354492,24.23150062561035,662,0.0,0.0,0.0
2024-07-17 14:30:00-04:00,24.229999542236328,24.239999771118164,24.22170066833496,24.22249984741211,2318,0.0,0.0,0.0
2024-07-17 15:30:00-04:00,24.22010040283203,24.229999542236328,24.219999313354492,24.219999313354492,1223,0.0,0.0,0.0
2024-07-18 09:30:00-04:00,24.190000534057617,24.215599060058594,24.18000030517578,24.18000030517578,0,0.0,0.0,0.0
2024-07-18 10:30:00-04:00,24.15999984741211,24.170000076293945,24.134000778198242,24.134000778198242,9010,0.0,0.0,0.0
2024-07-18 11:30:00-04:00,24.1299991607666,24.139999389648438,24.11870002746582,24.125,3098,0.0,0.0,0.0
2024-07-18 12:30:00-04:00,24.1299991607666,24.1299991607666,24.12969970703125,24.1299991607666,3602,0.0,0.0,0.0
2024-07-18 13:30:00-04:00,24.139999389648438,24.15999984741211,24.1299991607666,24.15999984741211,1254,0.0,0.0,0.0
2024-07-18 14:30:00-04:00,24.1200008392334,24.1200008392334,24.09000015258789,24.09000015258789,2990,0.0,0.0,0.0
2024-07-18 15:30:00-04:00,24.09749984741211,24.1200008392334,24.09000015258789,24.100000381469727,5558,0.0,0.0,0.0
2024-07-19 09:30:00-04:00,24.059999465942383,24.059999465942383,24.059999465942383,24.059999465942383,181,0.0,0.0,0.0
2024-07-19 10:30:00-04:00,24.049999237060547,24.059900283813477,24.049999237060547,24.049999237060547,1102,0.0,0.0,0.0
2024-07-19 11:30:00-04:00,24.069900512695312,24.069900512695312,24.040000915527344,24.040000915527344,822,0.0,0.0,0.0
2024-07-19 12:30:00-04:00,24.039899826049805,24.039899826049805,24.014999389648438,24.014999389648438,1746,0.0,0.0,0.0
2024-07-19 13:30:00-04:00,24.049999237060547,24.049999237060547,24.040000915527344,24.040000915527344,305,0.0,0.0,0.0
2024-07-19 14:30:00-04:00,24.039899826049805,24.048900604248047,24.039899826049805,24.048900604248047,910,0.0,0.0,0.0
2024-07-19 15:30:00-04:00,24.05389976501465,24.05389976501465,24.03499984741211,24.03499984741211,510,0.0,0.0,0.0
2024-07-22 09:30:00-04:00,24.110000610351562,24.149999618530273,24.110000610351562,24.149999618530273,0,0.0,0.0,0.0
2024-07-22 10:30:00-04:00,24.1200008392334,24.170000076293945,24.1200008392334,24.149999618530273,2528,0.0,0.0,0.0
2024-07-22 11:30:00-04:00,24.11870002746582,24.11870002746582,24.100000381469727,24.100000381469727,685,0.0,0.0,0.0
2024-07-22 12:30:00-04:00,24.094999313354492,24.110000610351562,24.094999313354492,24.101200103759766,1399,0.0,0.0,0.0
2024-07-22 13:30:00-04:00,24.1200008392334,24.1200008392334,24.1200008392334,24.1200008392334,182,0.0,0.0,0.0
2024-07-22 14:30:00-04:00,24.114999771118164,24.129899978637695,24.114999771118164,24.129899978637695,956,0.0,0.0,0.0
2024-07-22 15:30:00-04:00,24.110000610351562,24.1200008392334,24.09000015258789,24.09000015258789,31686,0.0,0.0,0.0
2024-07-23 09:30:00-04:00,24.16990089416504,24.16990089416504,24.16510009765625,24.16510009765625,637,0.0,0.0,0.0
2024-07-23 10:30:00-04:00,24.170000076293945,24.170000076293945,24.15999984741211,24.15999984741211,915,0.0,0.0,0.0
2024-07-23 11:30:00-04:00,24.155000686645508,24.155000686645508,24.155000686645508,24.155000686645508,464,0.0,0.0,0.0
2024-07-23 12:30:00-04:00,24.158899307250977,24.15999984741211,24.149999618530273,24.149999618530273,1837,0.0,0.0,0.0
2024-07-23 13:30:00-04:00,24.154199600219727,24.159900665283203,24.135000228881836,24.148700714111328,1402,0.0,0.0,0.0
2024-07-23 14:30:00-04:00,24.149999618530273,24.158700942993164,24.135000228881836,24.149900436401367,2015,0.0,0.0,0.0
2024-07-23 15:30:00-04:00,24.13599967956543,24.13599967956543,24.09000015258789,24.09000015258789,762,0.0,0.0,0.0
2024-07-24 09:30:00-04:00,24.06999969482422,24.128000259399414,24.06999969482422,24.094999313354492,0,0.0,0.0,0.0
2024-07-24 10:30:00-04:00,24.09000015258789,24.1200008392334,24.09000015258789,24.1200008392334,1941,0.0,0.0,0.0
2024-07-24 11:30:00-04:00,24.09000015258789,24.104999542236328,24.06999969482422,24.075000762939453,2320,0.0,0.0,0.0
2024-07-24 12:30:00-04:00,24.079999923706055,24.084999084472656,24.06999969482422,24.07200050354004,1087,0.0,0.0,0.0
2024-07-24 13:30:00-04:00,24.040000915527344,24.06999969482422,24.0,24.040000915527344,8618,0.0,0.0,0.0
2024-07-24 14:30:00-04:00,24.020099639892578,24.030000686645508,24.0,24.010000228881836,4817,0.0,0.0,0.0
2024-07-24 15:30:00-04:00,24.010000228881836,24.020000457763672,23.979999542236328,23.979999542236328,2534,0.0,0.0,0.0
2024-07-25 09:30:00-04:00,24.040000915527344,24.079999923706055,24.020000457763672,24.079999923706055,0,0.0,0.0,0.0
2024-07-25 10:30:00-04:00,24.09000015258789,24.099899291992188,24.079999923706055,24.09000015258789,5264,0.0,0.0,0.0
2024-07-25 11:30:00-04:00,24.079999923706055,24.100000381469727,24.079999923706055,24.09000015258789,3530,0.0,0.0,0.0
2024-07-25 12:30:00-04:00,24.099899291992188,24.100000381469727,24.077499389648438,24.077499389648438,3867,0.0,0.0,0.0
2024-07-25 13:30:00-04:00,24.049999237060547,24.06999969482422,24.040000915527344,24.06999969482422,3085,0.0,0.0,0.0
2024-07-25 14:30:00-04:00,24.030000686645508,24.079999923706055,24.030000686645508,24.079999923706055,3268,0.0,0.0,0.0
2024-07-25 15:30:00-04:00,24.075000762939453,24.100000381469727,24.049999237060547,24.049999237060547,5052,0.0,0.0,0.0
2024-07-26 09:30:00-04:00,24.170000076293945,24.18000030517578,24.15999984741211,24.170000076293945,2912,0.0,0.0,0.0
2024-07-26 10:30:00-04:00,24.158899307250977,24.15999984741211,24.139999389648438,24.139999389648438,3264,0.0,0.0,0.0
2024-07-26 11:30:00-04:00,24.149999618530273,24.16010093688965,24.149999618530273,24.16010093688965,966,0.0,0.0,0.0
2024-07-26 12:30:00-04:00,24.165000915527344,24.170000076293945,24.165000915527344,24.16990089416504,625,0.0,0.0,0.0
2024-07-26 13:30:00-04:00,24.15999984741211,24.15999984741211,24.1299991607666,24.13599967956543,2721,0.0,0.0,0.0
2024-07-26 14:30:00-04:00,24.1299991607666,24.149999618530273,24.1299991607666,24.140100479125977,1945,0.0,0.0,0.0
2024-07-26 15:30:00-04:00,24.149999618530273,24.149999618530273,24.139999389648438,24.149999618530273,705,0.0,0.0,0.0
2024-07-29 09:30:00-04:00,24.221900939941406,24.221900939941406,24.184999465942383,24.184999465942383,0,0.0,0.0,0.0
2024-07-29 10:30:00-04:00,24.170000076293945,24.18000030517578,24.16010093688965,24.165000915527344,2224,0.0,0.0,0.0
2024-07-29 11:30:00-04:00,24.179899215698242,24.184999465942383,24.179899215698242,24.184999465942383,1089,0.0,0.0,0.0
2024-07-29 12:30:00-04:00,24.170000076293945,24.190000534057617,24.170000076293945,24.190000534057617,959,0.0,0.0,0.0
2024-07-29 13:30:00-04:00,24.158000946044922,24.181100845336914,24.158000946044922,24.18000030517578,2529,0.0,0.0,0.0
2024-07-29 14:30:00-04:00,24.18000030517578,24.190000534057617,24.174999237060547,24.190000534057617,891,0.0,0.0,0.0
2024-07-29 15:30:00-04:00,24.1924991607666,24.209999084472656,24.17639923095703,24.17639923095703,1408,0.0,0.0,0.0
2024-07-30 09:30:00-04:00,24.200000762939453,24.20400047302246,24.200000762939453,24.20400047302246,0,0.0,0.0,0.0
2024-07-30 10:30:00-04:00,24.17609977722168,24.17609977722168,24.15999984741211,24.15999984741211,657,0.0,0.0,0.0
2024-07-30 11:30:00-04:00,24.145000457763672,24.170000076293945,24.139999389648438,24.15130043029785,2689,0.0,0.0,0.0
2024-07-30 12:30:00-04:00,24.170000076293945,24.180299758911133,24.170000076293945,24.180299758911133,2799,0.0,0.0,0.0
2024-07-30 13:30:00-04:00,24.184999465942383,24.200000762939453,24.184999465942383,24.199899673461914,1165,0.0,0.0,0.0
2024-07-30 14:30:00-04:00,24.20009994506836,24.219900131225586,24.17099952697754,24.219900131225586,0,0.0,0.0,0.0
2024-07-31 09:30:00-04:00,24.264999389648438,24.299999237060547,24.264999389648438,24.299999237060547,1552,0.0,0.0,0.0
2024-07-31 10:30:00-04:00,24.295799255371094,24.295799255371094,24.260000228881836,24.290000915527344,1218,0.0,0.0,0.0
2024-07-31 11:30:00-04:00,24.278600692749023,24.280000686645508,24.260099411010742,24.280000686645508,2900,0.0,0.0,0.0
2024-07-31 12:30:00-04:00,24.270000457763672,24.290000915527344,24.270000457763672,24.290000915527344,319,0.0,0.0,0.0
2024-07-31 13:30:00-04:00,24.25,24.259899139404297,24.229000091552734,24.244400024414062,1673,0.0,0.0,0.0
2024-07-31 14:30:00-04:00,24.25,24.280000686645508,24.25,24.280000686645508,2939,0.0,0.0,0.0
2024-07-31 15:30:00-04:00,24.270000457763672,24.31999969482422,24.270000457763672,24.31999969482422,0,0.0,0.0,0.0
2024-08-01 09:30:00-04:00,24.229999542236328,24.290000915527344,24.229999542236328,24.27989959716797,1610,0.0,0.0,0.0
2024-08-01 10:30:00-04:00,24.260000228881836,24.260000228881836,24.260000228881836,24.260000228881836,492,0.0,0.0,0.0
2024-08-01 11:30:00-04:00,24.21500015258789,24.235000610351562,24.21500015258789,24.235000610351562,1635,0.0,0.0,0.0
2024-08-01 12:30:00-04:00,24.20009994506836,24.20009994506836,24.20009994506836,24.20009994506836,726,0.0,0.0,0.0
2024-08-01 13:30:00-04:00,24.239900588989258,24.239999771118164,24.239900588989258,24.239999771118164,736,0.0,0.0,0.0
2024-08-01 14:30:00-04:00,24.204999923706055,24.21500015258789,24.200000762939453,24.21500015258789,2390,0.0,0.0,0.0
2024-08-01 15:30:00-04:00,24.223499298095703,24.229999542236328,24.209999084472656,24.229999542236328,1896,0.0,0.0,0.0
2024-08-02 09:30:00-04:00,24.280000686645508,24.319900512695312,24.280000686645508,24.319900512695312,0,0.0,0.0,0.0
2024-08-02 10:30:00-04:00,24.290000915527344,24.309999465942383,24.290000915527344,24.309999465942383,1799,0.0,0.0,0.0
2024-08-02 11:30:00-04:00,24.334999084472656,24.334999084472656,24.329999923706055,24.329999923706055,1554,0.0,0.0,0.0
2024-08-02 12:30:00-04:00,24.350000381469727,24.365999221801758,24.349899291992188,24.365999221801758,1033,0.0,0.0,0.0
2024-08-02 13:30:00-04:00,24.332700729370117,24.332700729370117,24.332700729370117,24.332700729370117,904,0.0,0.0,0.0
2024-08-02 14:30:00-04:00,24.379899978637695,24.3799991607666,24.360000610351562,24.375,1373,0.0,0.0,0.0
2024-08-02 15:30:00-04:00,24.377300262451172,24.390899658203125,24.374500274658203,24.390899658203125,1648,0.0,0.0,0.0
