Datetime,Open,High,Low,Close,Volume,Dividends,Stock Splits,Capital Gains
2022-08-04 09:30:00-04:00,10.75,11.069999694824219,10.630000114440918,10.925000190734863,115464,0.0,0.0,0.0
2022-08-04 10:30:00-04:00,10.970000267028809,10.975000381469727,10.649999618530273,10.720000267028809,92006,0.0,0.0,0.0
2022-08-04 11:30:00-04:00,10.749899864196777,10.759099960327148,10.593199729919434,10.739999771118164,28823,0.0,0.0,0.0
2022-08-04 12:30:00-04:00,10.75,10.75,10.529999732971191,10.710000038146973,87666,0.0,0.0,0.0
2022-08-04 13:30:00-04:00,10.729999542236328,10.739999771118164,10.539999961853027,10.60990047454834,41027,0.0,0.0,0.0
2022-08-04 14:30:00-04:00,10.629300117492676,10.6899995803833,10.558099746704102,10.61989974975586,17732,0.0,0.0,0.0
2022-08-04 15:30:00-04:00,10.630000114440918,10.630000114440918,10.569999694824219,10.600000381469727,31970,0.0,0.0,0.0
2022-08-05 09:30:00-04:00,10.1899995803833,11.095000267028809,10.130000114440918,11.0,119662,0.0,0.0,0.0
2022-08-05 10:30:00-04:00,11.015000343322754,11.0600004196167,10.5,10.5,70822,0.0,0.0,0.0
2022-08-05 11:30:00-04:00,10.5,10.7475004196167,10.479999542236328,10.6899995803833,20032,0.0,0.0,0.0
2022-08-05 12:30:00-04:00,10.649999618530273,10.829999923706055,10.604999542236328,10.739999771118164,15603,0.0,0.0,0.0
2022-08-05 13:30:00-04:00,10.699999809265137,10.77340030670166,10.671299934387207,10.680000305175781,59843,0.0,0.0,0.0
2022-08-05 14:30:00-04:00,10.710000038146973,10.84000015258789,10.710000038146973,10.789999961853027,7055,0.0,0.0,0.0
2022-08-05 15:30:00-04:00,10.819999694824219,10.930000305175781,10.8100004196167,10.920000076293945,42151,0.0,0.0,0.0
2022-08-08 09:30:00-04:00,11.210000038146973,12.472000122070312,11.210000038146973,12.399999618530273,269720,0.0,0.0,0.0
2022-08-08 10:30:00-04:00,12.404500007629395,12.869999885559082,12.399999618530273,12.670000076293945,145286,0.0,0.0,0.0
2022-08-08 11:30:00-04:00,12.67490005493164,12.699999809265137,12.140000343322754,12.15999984741211,178008,0.0,0.0,0.0
2022-08-08 12:30:00-04:00,12.140000343322754,12.1850004196167,12.0600004196167,12.0600004196167,22981,0.0,0.0,0.0
2022-08-08 13:30:00-04:00,12.055000305175781,12.191100120544434,12.050000190734863,12.180000305175781,24020,0.0,0.0,0.0
2022-08-08 14:30:00-04:00,12.149999618530273,12.149999618530273,11.920000076293945,12.050000190734863,18045,0.0,0.0,0.0
2022-08-08 15:30:00-04:00,12.039999961853027,12.15999984741211,12.039999961853027,12.119999885559082,50352,0.0,0.0,0.0
2022-08-09 09:30:00-04:00,11.8100004196167,11.920000076293945,10.789999961853027,10.949999809265137,290452,0.0,0.0,0.0
2022-08-09 10:30:00-04:00,10.930000305175781,11.0,10.550000190734863,10.8100004196167,64931,0.0,0.0,0.0
2022-08-09 11:30:00-04:00,10.795000076293945,10.8100004196167,10.63010025024414,10.6899995803833,37694,0.0,0.0,0.0
2022-08-09 12:30:00-04:00,10.670000076293945,10.82919979095459,10.664999961853027,10.710000038146973,39049,0.0,0.0,0.0
2022-08-09 13:30:00-04:00,10.710000038146973,10.770000457763672,10.61989974975586,10.679900169372559,47298,0.0,0.0,0.0
2022-08-09 14:30:00-04:00,10.689200401306152,10.819999694824219,10.640000343322754,10.649900436401367,17806,0.0,0.0,0.0
2022-08-09 15:30:00-04:00,10.630000114440918,10.710000038146973,10.59000015258789,10.710000038146973,74428,0.0,0.0,0.0
2022-08-10 09:30:00-04:00,11.649999618530273,11.925000190734863,11.40999984741211,11.639900207519531,247275,0.0,0.0,0.0
2022-08-10 10:30:00-04:00,11.640000343322754,12.109999656677246,11.570799827575684,11.920000076293945,110137,0.0,0.0,0.0
2022-08-10 11:30:00-04:00,11.930000305175781,12.010000228881836,11.839400291442871,11.890000343322754,58984,0.0,0.0,0.0
2022-08-10 12:30:00-04:00,11.918000221252441,11.9399995803833,11.859999656677246,11.866000175476074,23847,0.0,0.0,0.0
2022-08-10 13:30:00-04:00,11.829999923706055,11.920000076293945,11.791000366210938,11.849599838256836,31202,0.0,0.0,0.0
2022-08-10 14:30:00-04:00,11.84000015258789,11.859999656677246,11.70009994506836,11.770000457763672,49629,0.0,0.0,0.0
2022-08-10 15:30:00-04:00,11.79800033569336,11.800000190734863,11.729999542236328,11.770000457763672,21012,0.0,0.0,0.0
2022-08-11 09:30:00-04:00,12.319999694824219,13.329999923706055,12.319999694824219,13.097999572753906,473882,0.0,0.0,0.0
2022-08-11 10:30:00-04:00,13.109999656677246,13.25,12.449999809265137,12.681900024414062,149198,0.0,0.0,0.0
2022-08-11 11:30:00-04:00,12.649999618530273,12.656900405883789,12.320099830627441,12.414999961853027,100423,0.0,0.0,0.0
2022-08-11 12:30:00-04:00,12.57450008392334,12.70989990234375,12.510000228881836,12.649999618530273,70966,0.0,0.0,0.0
2022-08-11 13:30:00-04:00,12.67870044708252,12.749799728393555,12.520099639892578,12.649999618530273,72074,0.0,0.0,0.0
2022-08-11 14:30:00-04:00,12.595000267028809,12.595000267028809,12.369999885559082,12.449999809265137,56856,0.0,0.0,0.0
2022-08-11 15:30:00-04:00,12.465999603271484,12.520000457763672,12.4399995803833,12.5,27811,0.0,0.0,0.0
2022-08-12 09:30:00-04:00,12.779999732971191,12.880000114440918,12.220000267028809,12.555000305175781,154789,0.0,0.0,0.0
2022-08-12 10:30:00-04:00,12.53499984741211,12.880000114440918,12.319999694824219,12.770000457763672,87280,0.0,0.0,0.0
2022-08-12 11:30:00-04:00,12.765000343322754,12.916999816894531,12.70009994506836,12.890000343322754,68981,0.0,0.0,0.0
2022-08-12 12:30:00-04:00,12.880000114440918,12.949999809265137,12.843600273132324,12.890000343322754,26968,0.0,0.0,0.0
2022-08-12 13:30:00-04:00,12.899999618530273,12.9399995803833,12.859999656677246,12.920000076293945,12526,0.0,0.0,0.0
2022-08-12 14:30:00-04:00,12.9399995803833,13.100000381469727,12.9399995803833,13.029999732971191,101529,0.0,0.0,0.0
2022-08-12 15:30:00-04:00,13.030599594116211,13.100000381469727,13.029999732971191,13.100000381469727,49359,0.0,0.0,0.0
2022-08-15 09:30:00-04:00,12.819999694824219,13.15999984741211,12.710000038146973,12.949999809265137,100797,0.0,0.0,0.0
2022-08-15 10:30:00-04:00,12.930000305175781,13.010000228881836,12.8100004196167,12.829999923706055,30567,0.0,0.0,0.0
2022-08-15 11:30:00-04:00,12.845000267028809,13.09000015258789,12.845000267028809,13.020000457763672,31002,0.0,0.0,0.0
2022-08-15 12:30:00-04:00,13.020000457763672,13.020000457763672,12.880000114440918,12.9350004196167,39140,0.0,0.0,0.0
2022-08-15 13:30:00-04:00,12.925000190734863,12.970000267028809,12.89009952545166,12.970000267028809,15237,0.0,0.0,0.0
2022-08-15 14:30:00-04:00,12.979999542236328,13.199999809265137,12.97700023651123,13.180000305175781,40125,0.0,0.0,0.0
2022-08-15 15:30:00-04:00,13.197999954223633,13.210000038146973,13.100000381469727,13.15999984741211,18894,0.0,0.0,0.0
2022-08-16 09:30:00-04:00,13.220000267028809,13.869999885559082,13.220000267028809,13.690099716186523,330026,0.0,0.0,0.0
2022-08-16 10:30:00-04:00,13.6899995803833,14.335000038146973,13.4350004196167,14.335000038146973,93021,0.0,0.0,0.0
2022-08-16 11:30:00-04:00,14.320099830627441,14.880000114440918,14.239999771118164,14.714500427246094,168488,0.0,0.0,0.0
2022-08-16 12:30:00-04:00,14.720100402832031,15.109999656677246,14.720100402832031,15.095000267028809,138412,0.0,0.0,0.0
2022-08-16 13:30:00-04:00,15.109999656677246,15.489999771118164,15.109999656677246,15.393400192260742,245402,0.0,0.0,0.0
2022-08-16 14:30:00-04:00,15.369999885559082,15.369999885559082,14.65999984741211,14.78499984741211,154924,0.0,0.0,0.0
2022-08-16 15:30:00-04:00,14.755000114440918,14.795000076293945,14.649999618530273,14.739999771118164,39898,0.0,0.0,0.0
2022-08-17 09:30:00-04:00,14.072400093078613,14.196200370788574,13.579999923706055,13.670000076293945,277166,0.0,0.0,0.0
2022-08-17 10:30:00-04:00,13.619999885559082,13.640000343322754,13.270000457763672,13.329999923706055,123470,0.0,0.0,0.0
2022-08-17 11:30:00-04:00,13.3100004196167,13.378899574279785,13.149999618530273,13.329999923706055,56341,0.0,0.0,0.0
2022-08-17 12:30:00-04:00,13.345000267028809,13.505000114440918,13.339900016784668,13.470000267028809,25839,0.0,0.0,0.0
2022-08-17 13:30:00-04:00,13.476699829101562,13.918600082397461,13.390000343322754,13.847299575805664,109398,0.0,0.0,0.0
2022-08-17 14:30:00-04:00,13.835000038146973,14.029899597167969,13.524999618530273,13.600000381469727,133563,0.0,0.0,0.0
2022-08-17 15:30:00-04:00,13.570099830627441,13.600000381469727,13.380000114440918,13.420000076293945,115792,0.0,0.0,0.0
2022-08-18 09:30:00-04:00,13.319999694824219,13.369999885559082,12.725700378417969,12.920000076293945,165209,0.0,0.0,0.0
2022-08-18 10:30:00-04:00,12.899999618530273,13.260000228881836,12.840100288391113,12.96500015258789,64776,0.0,0.0,0.0
2022-08-18 11:30:00-04:00,13.024999618530273,13.116399765014648,12.829999923706055,12.84000015258789,41900,0.0,0.0,0.0
2022-08-18 12:30:00-04:00,12.808600425720215,12.92140007019043,12.800000190734863,12.92140007019043,32577,0.0,0.0,0.0
2022-08-18 13:30:00-04:00,12.90999984741211,13.0,12.880000114440918,12.989999771118164,16334,0.0,0.0,0.0
2022-08-18 14:30:00-04:00,12.989999771118164,13.210000038146973,12.899999618530273,13.140000343322754,38139,0.0,0.0,0.0
2022-08-18 15:30:00-04:00,13.135000228881836,13.170000076293945,13.080100059509277,13.149999618530273,25724,0.0,0.0,0.0
2022-08-19 09:30:00-04:00,12.710000038146973,12.850000381469727,11.970000267028809,12.09000015258789,192694,0.0,0.0,0.0
2022-08-19 10:30:00-04:00,12.079999923706055,12.168999671936035,11.859999656677246,11.890000343322754,107235,0.0,0.0,0.0
2022-08-19 11:30:00-04:00,11.887299537658691,11.989999771118164,11.859999656677246,11.90999984741211,27545,0.0,0.0,0.0
2022-08-19 12:30:00-04:00,11.90999984741211,11.930000305175781,11.8100004196167,11.830499649047852,26260,0.0,0.0,0.0
2022-08-19 13:30:00-04:00,11.800100326538086,11.880000114440918,11.779999732971191,11.8100004196167,37490,0.0,0.0,0.0
2022-08-19 14:30:00-04:00,11.819999694824219,11.859999656677246,11.680000305175781,11.850000381469727,51604,0.0,0.0,0.0
2022-08-19 15:30:00-04:00,11.890000343322754,11.975000381469727,11.880000114440918,11.880000114440918,42523,0.0,0.0,0.0
2022-08-22 09:30:00-04:00,11.300000190734863,11.300000190734863,10.829999923706055,10.90999984741211,218395,0.0,0.0,0.0
2022-08-22 10:30:00-04:00,10.90999984741211,11.140000343322754,10.869999885559082,11.069499969482422,101828,0.0,0.0,0.0
2022-08-22 11:30:00-04:00,11.039999961853027,11.140000343322754,10.914999961853027,10.914999961853027,14692,0.0,0.0,0.0
2022-08-22 12:30:00-04:00,10.899999618530273,10.920000076293945,10.75,10.760000228881836,29824,0.0,0.0,0.0
2022-08-22 13:30:00-04:00,10.75,10.779999732971191,10.65999984741211,10.75,32754,0.0,0.0,0.0
2022-08-22 14:30:00-04:00,10.710000038146973,10.864999771118164,10.710000038146973,10.744999885559082,47440,0.0,0.0,0.0
2022-08-22 15:30:00-04:00,10.765999794006348,10.779899597167969,10.690099716186523,10.739999771118164,43726,0.0,0.0,0.0
2022-08-23 09:30:00-04:00,10.920000076293945,11.40999984741211,10.84000015258789,11.09000015258789,110571,0.0,0.0,0.0
2022-08-23 10:30:00-04:00,11.090100288391113,11.236300468444824,10.88010025024414,11.0600004196167,35944,0.0,0.0,0.0
2022-08-23 11:30:00-04:00,11.010000228881836,11.050000190734863,10.859999656677246,10.890000343322754,18667,0.0,0.0,0.0
2022-08-23 12:30:00-04:00,10.890000343322754,10.949999809265137,10.880000114440918,10.930000305175781,11401,0.0,0.0,0.0
2022-08-23 13:30:00-04:00,10.949999809265137,11.0,10.829999923706055,10.994999885559082,13233,0.0,0.0,0.0
2022-08-23 14:30:00-04:00,10.960000038146973,10.989999771118164,10.890000343322754,10.899999618530273,20661,0.0,0.0,0.0
2022-08-23 15:30:00-04:00,10.850000381469727,10.869000434875488,10.779999732971191,10.779999732971191,18618,0.0,0.0,0.0
2022-08-24 09:30:00-04:00,10.649999618530273,10.699999809265137,10.25,10.600000381469727,59516,0.0,0.0,0.0
2022-08-24 10:30:00-04:00,10.65880012512207,10.90999984741211,10.489999771118164,10.800000190734863,60344,0.0,0.0,0.0
2022-08-24 11:30:00-04:00,10.805000305175781,10.835000038146973,10.720000267028809,10.75100040435791,30740,0.0,0.0,0.0
2022-08-24 12:30:00-04:00,10.729999542236328,10.729999542236328,10.529999732971191,10.539999961853027,80733,0.0,0.0,0.0
2022-08-24 13:30:00-04:00,10.5,10.609999656677246,10.494999885559082,10.569999694824219,11954,0.0,0.0,0.0
2022-08-24 14:30:00-04:00,10.5600004196167,10.595000267028809,10.510000228881836,10.510000228881836,14354,0.0,0.0,0.0
2022-08-24 15:30:00-04:00,10.5,10.520000457763672,10.420000076293945,10.449999809265137,20604,0.0,0.0,0.0
2022-08-25 09:30:00-04:00,10.449999809265137,11.109999656677246,10.199999809265137,11.079999923706055,100795,0.0,0.0,0.0
2022-08-25 10:30:00-04:00,11.093099594116211,11.244999885559082,10.8100004196167,10.864100456237793,58128,0.0,0.0,0.0
2022-08-25 11:30:00-04:00,10.890000343322754,10.930000305175781,10.75,10.819999694824219,18366,0.0,0.0,0.0
2022-08-25 12:30:00-04:00,10.814200401306152,10.84000015258789,10.710000038146973,10.82509994506836,27908,0.0,0.0,0.0
2022-08-25 13:30:00-04:00,10.835000038146973,10.904600143432617,10.800000190734863,10.849100112915039,24509,0.0,0.0,0.0
2022-08-25 14:30:00-04:00,10.84000015258789,10.899999618530273,10.720000267028809,10.899399757385254,16460,0.0,0.0,0.0
2022-08-25 15:30:00-04:00,10.899999618530273,11.048600196838379,10.871999740600586,11.031999588012695,33972,0.0,0.0,0.0
2022-08-26 09:30:00-04:00,11.210000038146973,11.300000190734863,10.47700023651123,10.47700023651123,122920,0.0,0.0,0.0
2022-08-26 10:30:00-04:00,10.470000267028809,10.470000267028809,9.949999809265137,10.109999656677246,132742,0.0,0.0,0.0
2022-08-26 11:30:00-04:00,10.099900245666504,10.180000305175781,9.989999771118164,9.989999771118164,25207,0.0,0.0,0.0
2022-08-26 12:30:00-04:00,10.020000457763672,10.182499885559082,10.020000457763672,10.130000114440918,19993,0.0,0.0,0.0
2022-08-26 13:30:00-04:00,10.100000381469727,10.109999656677246,10.0,10.039999961853027,57920,0.0,0.0,0.0
2022-08-26 14:30:00-04:00,10.020000457763672,10.055000305175781,9.959699630737305,9.989999771118164,70357,0.0,0.0,0.0
2022-08-26 15:30:00-04:00,9.979999542236328,9.989999771118164,9.90999984741211,9.944999694824219,62023,0.0,0.0,0.0
2022-08-29 09:30:00-04:00,9.625,9.930000305175781,9.460000038146973,9.800000190734863,157120,0.0,0.0,0.0
2022-08-29 10:30:00-04:00,9.8100004196167,9.819999694824219,9.653800010681152,9.762100219726562,25237,0.0,0.0,0.0
2022-08-29 11:30:00-04:00,9.75,9.960000038146973,9.701600074768066,9.899999618530273,60614,0.0,0.0,0.0
2022-08-29 12:30:00-04:00,9.881999969482422,10.0,9.8100004196167,9.9399995803833,36384,0.0,0.0,0.0
2022-08-29 13:30:00-04:00,9.949999809265137,10.0378999710083,9.930000305175781,9.94890022277832,13119,0.0,0.0,0.0
2022-08-29 14:30:00-04:00,9.930000305175781,9.989999771118164,9.845800399780273,9.845800399780273,28560,0.0,0.0,0.0
2022-08-29 15:30:00-04:00,9.8100004196167,9.861300468444824,9.770000457763672,9.770000457763672,11497,0.0,0.0,0.0
2022-08-30 09:30:00-04:00,10.079999923706055,10.180000305175781,9.649999618530273,9.739999771118164,88839,0.0,0.0,0.0
2022-08-30 10:30:00-04:00,9.672499656677246,9.672499656677246,9.350099563598633,9.550000190734863,52253,0.0,0.0,0.0
2022-08-30 11:30:00-04:00,9.489999771118164,9.609999656677246,9.442500114440918,9.442500114440918,16118,0.0,0.0,0.0
2022-08-30 12:30:00-04:00,9.460000038146973,9.460000038146973,9.260000228881836,9.302000045776367,36845,0.0,0.0,0.0
2022-08-30 13:30:00-04:00,9.281299591064453,9.460000038146973,9.270000457763672,9.404999732971191,41002,0.0,0.0,0.0
2022-08-30 14:30:00-04:00,9.460000038146973,9.600000381469727,9.40999984741211,9.5,28451,0.0,0.0,0.0
2022-08-30 15:30:00-04:00,9.46500015258789,9.524999618530273,9.404999732971191,9.470000267028809,80297,0.0,0.0,0.0
2022-08-31 09:30:00-04:00,9.600000381469727,9.600000381469727,8.979999542236328,8.988100051879883,124819,0.0,0.0,0.0
2022-08-31 10:30:00-04:00,9.0,9.092300415039062,8.899900436401367,9.029899597167969,75597,0.0,0.0,0.0
2022-08-31 11:30:00-04:00,9.0,9.207599639892578,9.0,9.145000457763672,72804,0.0,0.0,0.0
2022-08-31 12:30:00-04:00,9.15999984741211,9.180000305175781,9.029999732971191,9.050000190734863,15957,0.0,0.0,0.0
2022-08-31 13:30:00-04:00,9.050000190734863,9.072699546813965,8.989999771118164,9.010000228881836,27411,0.0,0.0,0.0
2022-08-31 14:30:00-04:00,9.010000228881836,9.100099563598633,8.899999618530273,9.069999694824219,71938,0.0,0.0,0.0
2022-08-31 15:30:00-04:00,9.029999732971191,9.109999656677246,8.930000305175781,8.949999809265137,74198,0.0,0.0,0.0
2022-09-01 09:30:00-04:00,8.739999771118164,8.800000190734863,8.390000343322754,8.579999923706055,193885,0.0,0.0,0.0
2022-09-01 10:30:00-04:00,8.539999961853027,8.539999961853027,8.319999694824219,8.40999984741211,32948,0.0,0.0,0.0
2022-09-01 11:30:00-04:00,8.430000305175781,8.595399856567383,8.38010025024414,8.460000038146973,30554,0.0,0.0,0.0
2022-09-01 12:30:00-04:00,8.460000038146973,8.600000381469727,8.40999984741211,8.600000381469727,37509,0.0,0.0,0.0
2022-09-01 13:30:00-04:00,8.611700057983398,8.680100440979004,8.5,8.680100440979004,23778,0.0,0.0,0.0
2022-09-01 14:30:00-04:00,8.675000190734863,8.899999618530273,8.675000190734863,8.739999771118164,27943,0.0,0.0,0.0
2022-09-01 15:30:00-04:00,8.729999542236328,8.899999618530273,8.6899995803833,8.89799976348877,59232,0.0,0.0,0.0
2022-09-02 09:30:00-04:00,9.25,9.270000457763672,8.550000190734863,8.960000038146973,186334,0.0,0.0,0.0
2022-09-02 10:30:00-04:00,8.970000267028809,9.260000228881836,8.970000267028809,9.130000114440918,57703,0.0,0.0,0.0
2022-09-02 11:30:00-04:00,9.130000114440918,9.140000343322754,8.899999618530273,8.90999984741211,23761,0.0,0.0,0.0
2022-09-02 12:30:00-04:00,8.899999618530273,8.920000076293945,8.550000190734863,8.550000190734863,57019,0.0,0.0,0.0
2022-09-02 13:30:00-04:00,8.550000190734863,8.650699615478516,8.470000267028809,8.640399932861328,33298,0.0,0.0,0.0
2022-09-02 14:30:00-04:00,8.670000076293945,8.702300071716309,8.571399688720703,8.59000015258789,17404,0.0,0.0,0.0
2022-09-02 15:30:00-04:00,8.569999694824219,8.64799976348877,8.470000267028809,8.630000114440918,60203,0.0,0.0,0.0
2022-09-06 09:30:00-04:00,8.710000038146973,8.729999542236328,8.131600379943848,8.395999908447266,138918,0.0,0.0,0.0
2022-09-06 10:30:00-04:00,8.329999923706055,8.680000305175781,8.300000190734863,8.632599830627441,80073,0.0,0.0,0.0
2022-09-06 11:30:00-04:00,8.619999885559082,8.84000015258789,8.569999694824219,8.579999923706055,17867,0.0,0.0,0.0
2022-09-06 12:30:00-04:00,8.569999694824219,8.659700393676758,8.5,8.569999694824219,3384,0.0,0.0,0.0
2022-09-06 13:30:00-04:00,8.56410026550293,8.640000343322754,8.510000228881836,8.538100242614746,6915,0.0,0.0,0.0
2022-09-06 14:30:00-04:00,8.539999961853027,8.539999961853027,8.420000076293945,8.5,19171,0.0,0.0,0.0
2022-09-06 15:30:00-04:00,8.460000038146973,8.510000228881836,8.430000305175781,8.489999771118164,8633,0.0,0.0,0.0
2022-09-07 09:30:00-04:00,8.5,8.920000076293945,8.5,8.859999656677246,77363,0.0,0.0,0.0
2022-09-07 10:30:00-04:00,8.880000114440918,8.970000267028809,8.789999961853027,8.900699615478516,71334,0.0,0.0,0.0
2022-09-07 11:30:00-04:00,8.892900466918945,8.979999542236328,8.850000381469727,8.90999984741211,20045,0.0,0.0,0.0
2022-09-07 12:30:00-04:00,8.920000076293945,9.085000038146973,8.920000076293945,9.080699920654297,51938,0.0,0.0,0.0
2022-09-07 13:30:00-04:00,9.09000015258789,9.229999542236328,9.09000015258789,9.229999542236328,69148,0.0,0.0,0.0
2022-09-07 14:30:00-04:00,9.229999542236328,9.380000114440918,9.229999542236328,9.37909984588623,295832,0.0,0.0,0.0
2022-09-07 15:30:00-04:00,9.359999656677246,9.369999885559082,9.289999961853027,9.329999923706055,54980,0.0,0.0,0.0
2022-09-08 09:30:00-04:00,8.949999809265137,9.10990047454834,8.630000114440918,8.989899635314941,103331,0.0,0.0,0.0
2022-09-08 10:30:00-04:00,8.989899635314941,9.222299575805664,8.975700378417969,9.168499946594238,37843,0.0,0.0,0.0
2022-09-08 11:30:00-04:00,9.143600463867188,9.199999809265137,8.789999961853027,8.829999923706055,37348,0.0,0.0,0.0
2022-09-08 12:30:00-04:00,8.84000015258789,9.100000381469727,8.84000015258789,9.050000190734863,25527,0.0,0.0,0.0
2022-09-08 13:30:00-04:00,9.09000015258789,9.149999618530273,9.020000457763672,9.149999618530273,11773,0.0,0.0,0.0
2022-09-08 14:30:00-04:00,9.149999618530273,9.18690013885498,9.0600004196167,9.180000305175781,33225,0.0,0.0,0.0
2022-09-08 15:30:00-04:00,9.199999809265137,9.260000228881836,9.149999618530273,9.260000228881836,49019,0.0,0.0,0.0
2022-09-09 09:30:00-04:00,9.4399995803833,9.88010025024414,9.350000381469727,9.869999885559082,224562,0.0,0.0,0.0
2022-09-09 10:30:00-04:00,9.859999656677246,10.045999526977539,9.661999702453613,9.755000114440918,60101,0.0,0.0,0.0
2022-09-09 11:30:00-04:00,9.746299743652344,9.822500228881836,9.729999542236328,9.770000457763672,21780,0.0,0.0,0.0
2022-09-09 12:30:00-04:00,9.770000457763672,9.989899635314941,9.770000457763672,9.980899810791016,28354,0.0,0.0,0.0
2022-09-09 13:30:00-04:00,9.99470043182373,10.020000457763672,9.930000305175781,10.000100135803223,24869,0.0,0.0,0.0
2022-09-09 14:30:00-04:00,9.960000038146973,10.024499893188477,9.949999809265137,9.989999771118164,25805,0.0,0.0,0.0
2022-09-09 15:30:00-04:00,9.989999771118164,10.03499984741211,9.979999542236328,10.0,59330,0.0,0.0,0.0
2022-09-12 09:30:00-04:00,10.210000038146973,10.78849983215332,10.210000038146973,10.600000381469727,445498,0.0,0.0,0.0
2022-09-12 10:30:00-04:00,10.630000114440918,10.640000343322754,10.25,10.449999809265137,111551,0.0,0.0,0.0
2022-09-12 11:30:00-04:00,10.458600044250488,10.460000038146973,10.1899995803833,10.36989974975586,24665,0.0,0.0,0.0
2022-09-12 12:30:00-04:00,10.359999656677246,10.449999809265137,10.329999923706055,10.399999618530273,50933,0.0,0.0,0.0
2022-09-12 13:30:00-04:00,10.420000076293945,10.489999771118164,10.37440013885498,10.399999618530273,33061,0.0,0.0,0.0
2022-09-12 14:30:00-04:00,10.420000076293945,10.520000457763672,10.372400283813477,10.505000114440918,51163,0.0,0.0,0.0
2022-09-12 15:30:00-04:00,10.489999771118164,10.529999732971191,10.449999809265137,10.529999732971191,34290,0.0,0.0,0.0
2022-09-13 09:30:00-04:00,9.565400123596191,9.657999992370605,9.300000190734863,9.34850025177002,209775,0.0,0.0,0.0
2022-09-13 10:30:00-04:00,9.345499992370605,9.345499992370605,9.050000190734863,9.119999885559082,104139,0.0,0.0,0.0
2022-09-13 11:30:00-04:00,9.15820026397705,9.25,9.067700386047363,9.133500099182129,29243,0.0,0.0,0.0
2022-09-13 12:30:00-04:00,9.140000343322754,9.180000305175781,9.074999809265137,9.079999923706055,29133,0.0,0.0,0.0
2022-09-13 13:30:00-04:00,9.180000305175781,9.199999809265137,8.899999618530273,8.90470027923584,31898,0.0,0.0,0.0
2022-09-13 14:30:00-04:00,8.907999992370605,8.907999992370605,8.670000076293945,8.686699867248535,70330,0.0,0.0,0.0
2022-09-13 15:30:00-04:00,8.65999984741211,8.741700172424316,8.600000381469727,8.6899995803833,109293,0.0,0.0,0.0
2022-09-14 09:30:00-04:00,8.800000190734863,8.829999923706055,8.239999771118164,8.239999771118164,158718,0.0,0.0,0.0
2022-09-14 10:30:00-04:00,8.220000267028809,8.6899995803833,8.220000267028809,8.630000114440918,40533,0.0,0.0,0.0
2022-09-14 11:30:00-04:00,8.610099792480469,8.739999771118164,8.559900283813477,8.559900283813477,14207,0.0,0.0,0.0
2022-09-14 12:30:00-04:00,8.5600004196167,8.680000305175781,8.520000457763672,8.630000114440918,12628,0.0,0.0,0.0
2022-09-14 13:30:00-04:00,8.65999984741211,8.65999984741211,8.46500015258789,8.549699783325195,15551,0.0,0.0,0.0
2022-09-14 14:30:00-04:00,8.553299903869629,8.597999572753906,8.369999885559082,8.413399696350098,27299,0.0,0.0,0.0
2022-09-14 15:30:00-04:00,8.350000381469727,8.65999984741211,8.350000381469727,8.65999984741211,18196,0.0,0.0,0.0
2022-09-15 09:30:00-04:00,8.619999885559082,9.220000267028809,8.529999732971191,8.989999771118164,330979,0.0,0.0,0.0
2022-09-15 10:30:00-04:00,8.979999542236328,9.07289981842041,8.609999656677246,8.800000190734863,68631,0.0,0.0,0.0
2022-09-15 11:30:00-04:00,8.800000190734863,8.829999923706055,8.699999809265137,8.699999809265137,39291,0.0,0.0,0.0
2022-09-15 12:30:00-04:00,8.733599662780762,9.087499618530273,8.733599662780762,9.087499618530273,31218,0.0,0.0,0.0
2022-09-15 13:30:00-04:00,9.029999732971191,9.039999961853027,8.739999771118164,8.819999694824219,23959,0.0,0.0,0.0
2022-09-15 14:30:00-04:00,8.859999656677246,8.875,8.557600021362305,8.570099830627441,29073,0.0,0.0,0.0
2022-09-15 15:30:00-04:00,8.569999694824219,8.779999732971191,8.569999694824219,8.739999771118164,25840,0.0,0.0,0.0
2022-09-16 09:30:00-04:00,8.3100004196167,8.5,8.110199928283691,8.45989990234375,136033,0.0,0.0,0.0
2022-09-16 10:30:00-04:00,8.559900283813477,8.640000343322754,8.399999618530273,8.433199882507324,73511,0.0,0.0,0.0
2022-09-16 11:30:00-04:00,8.449999809265137,8.499899864196777,8.222800254821777,8.263299942016602,37686,0.0,0.0,0.0
2022-09-16 12:30:00-04:00,8.260000228881836,8.399999618530273,8.220100402832031,8.295000076293945,42951,0.0,0.0,0.0
2022-09-16 13:30:00-04:00,8.300000190734863,8.350000381469727,8.236599922180176,8.34000015258789,16187,0.0,0.0,0.0
2022-09-16 14:30:00-04:00,8.3100004196167,8.420000076293945,8.270000457763672,8.270000457763672,32335,0.0,0.0,0.0
2022-09-16 15:30:00-04:00,8.257800102233887,8.380000114440918,8.243499755859375,8.345000267028809,51175,0.0,0.0,0.0
2022-09-19 09:30:00-04:00,8.170000076293945,8.630000114440918,8.149999618530273,8.539999961853027,92444,0.0,0.0,0.0
2022-09-19 10:30:00-04:00,8.5,8.598999977111816,8.4399995803833,8.5,23290,0.0,0.0,0.0
2022-09-19 11:30:00-04:00,8.4399995803833,8.4399995803833,8.279999732971191,8.279999732971191,18668,0.0,0.0,0.0
2022-09-19 12:30:00-04:00,8.300000190734863,8.500699996948242,8.300000190734863,8.500699996948242,19111,0.0,0.0,0.0
2022-09-19 13:30:00-04:00,8.489999771118164,8.489999771118164,8.380000114440918,8.399999618530273,7381,0.0,0.0,0.0
2022-09-19 14:30:00-04:00,8.4399995803833,8.630000114440918,8.416299819946289,8.619999885559082,35519,0.0,0.0,0.0
2022-09-19 15:30:00-04:00,8.630000114440918,8.6899995803833,8.600000381469727,8.670000076293945,31999,0.0,0.0,0.0
2022-09-20 09:30:00-04:00,8.489999771118164,8.489999771118164,8.130000114440918,8.260000228881836,119033,0.0,0.0,0.0
2022-09-20 10:30:00-04:00,8.25,8.25,8.119999885559082,8.194299697875977,40922,0.0,0.0,0.0
2022-09-20 11:30:00-04:00,8.210000038146973,8.219900131225586,8.09000015258789,8.099900245666504,137079,0.0,0.0,0.0
2022-09-20 12:30:00-04:00,8.085000038146973,8.085000038146973,7.797900199890137,7.800000190734863,79700,0.0,0.0,0.0
2022-09-20 13:30:00-04:00,7.7804999351501465,7.849999904632568,7.7270002365112305,7.823999881744385,76679,0.0,0.0,0.0
2022-09-20 14:30:00-04:00,7.820000171661377,8.0600004196167,7.779900074005127,8.029999732971191,57987,0.0,0.0,0.0
2022-09-20 15:30:00-04:00,8.029999732971191,8.069999694824219,7.949999809265137,7.949999809265137,58076,0.0,0.0,0.0
2022-09-21 09:30:00-04:00,8.180000305175781,8.40999984741211,8.050000190734863,8.40999984741211,83068,0.0,0.0,0.0
2022-09-21 10:30:00-04:00,8.378100395202637,8.379899978637695,8.250100135803223,8.379899978637695,37499,0.0,0.0,0.0
2022-09-21 11:30:00-04:00,8.369999885559082,8.378999710083008,8.289999961853027,8.368300437927246,18896,0.0,0.0,0.0
2022-09-21 12:30:00-04:00,8.359999656677246,8.375499725341797,8.234999656677246,8.260000228881836,15502,0.0,0.0,0.0
2022-09-21 13:30:00-04:00,8.279999732971191,8.380000114440918,7.872000217437744,8.027999877929688,69398,0.0,0.0,0.0
2022-09-21 14:30:00-04:00,7.980000019073486,8.569999694824219,7.980000019073486,7.996399879455566,100882,0.0,0.0,0.0
2022-09-21 15:30:00-04:00,7.932700157165527,8.024999618530273,7.730000019073486,7.75,76864,0.0,0.0,0.0
2022-09-22 09:30:00-04:00,7.71999979019165,7.724999904632568,7.295000076293945,7.369900226593018,202546,0.0,0.0,0.0
2022-09-22 10:30:00-04:00,7.351399898529053,7.400000095367432,7.146299839019775,7.229800224304199,100299,0.0,0.0,0.0
2022-09-22 11:30:00-04:00,7.235000133514404,7.300000190734863,7.159999847412109,7.210000038146973,191905,0.0,0.0,0.0
2022-09-22 12:30:00-04:00,7.210000038146973,7.248000144958496,7.119999885559082,7.133299827575684,108679,0.0,0.0,0.0
2022-09-22 13:30:00-04:00,7.190000057220459,7.260000228881836,7.050000190734863,7.09499979019165,141642,0.0,0.0,0.0
2022-09-22 14:30:00-04:00,7.090000152587891,7.2596001625061035,7.090000152587891,7.159900188446045,40429,0.0,0.0,0.0
2022-09-22 15:30:00-04:00,7.190000057220459,7.260000228881836,7.119999885559082,7.130000114440918,107198,0.0,0.0,0.0
2022-09-23 09:30:00-04:00,6.829999923706055,6.949999809265137,6.639999866485596,6.739999771118164,180386,0.0,0.0,0.0
2022-09-23 10:30:00-04:00,6.751100063323975,6.809999942779541,6.650000095367432,6.78000020980835,58307,0.0,0.0,0.0
2022-09-23 11:30:00-04:00,6.800000190734863,6.809999942779541,6.543399810791016,6.543399810791016,65479,0.0,0.0,0.0
2022-09-23 12:30:00-04:00,6.545000076293945,6.690000057220459,6.519999980926514,6.610000133514404,40656,0.0,0.0,0.0
2022-09-23 13:30:00-04:00,6.616499900817871,6.628799915313721,6.489999771118164,6.570000171661377,39154,0.0,0.0,0.0
2022-09-23 14:30:00-04:00,6.559999942779541,6.729899883270264,6.510000228881836,6.71999979019165,55923,0.0,0.0,0.0
2022-09-23 15:30:00-04:00,6.767499923706055,6.889999866485596,6.7596001625061035,6.889999866485596,108535,0.0,0.0,0.0
2022-09-26 09:30:00-04:00,6.880000114440918,7.239999771118164,6.840000152587891,7.180099964141846,219112,0.0,0.0,0.0
2022-09-26 10:30:00-04:00,7.110000133514404,7.130000114440918,6.789999961853027,6.820000171661377,0,0.0,0.0,0.0
2022-09-26 11:30:00-04:00,6.809999942779541,6.900000095367432,6.690000057220459,6.699999809265137,328481,0.0,0.0,0.0
2022-09-26 12:30:00-04:00,6.690000057220459,6.769999980926514,6.550000190734863,6.579999923706055,66526,0.0,0.0,0.0
2022-09-26 13:30:00-04:00,6.590000152587891,6.690000057220459,6.579999923706055,6.614999771118164,38258,0.0,0.0,0.0
2022-09-26 14:30:00-04:00,6.610000133514404,6.739999771118164,6.576600074768066,6.690000057220459,54488,0.0,0.0,0.0
2022-09-26 15:30:00-04:00,6.690000057220459,6.690000057220459,6.519999980926514,6.53000020980835,109411,0.0,0.0,0.0
2022-09-27 09:30:00-04:00,6.809999942779541,7.039999961853027,6.739999771118164,6.891600131988525,196592,0.0,0.0,0.0
2022-09-27 10:30:00-04:00,6.902500152587891,7.059999942779541,6.799300193786621,6.799300193786621,70103,0.0,0.0,0.0
2022-09-27 11:30:00-04:00,6.78000020980835,6.840000152587891,6.489999771118164,6.539999961853027,73616,0.0,0.0,0.0
2022-09-27 12:30:00-04:00,6.559999942779541,6.610000133514404,6.529799938201904,6.539999961853027,70371,0.0,0.0,0.0
2022-09-27 13:30:00-04:00,6.519999980926514,6.599999904632568,6.519999980926514,6.579999923706055,45062,0.0,0.0,0.0
2022-09-27 14:30:00-04:00,6.590000152587891,6.760000228881836,6.590000152587891,6.730800151824951,39192,0.0,0.0,0.0
2022-09-27 15:30:00-04:00,6.710000038146973,6.77269983291626,6.670000076293945,6.739999771118164,83197,0.0,0.0,0.0
2022-09-28 09:30:00-04:00,6.789999961853027,7.21999979019165,6.789999961853027,7.21999979019165,159240,0.0,0.0,0.0
2022-09-28 10:30:00-04:00,7.226200103759766,7.369999885559082,7.179999828338623,7.304999828338623,94722,0.0,0.0,0.0
2022-09-28 11:30:00-04:00,7.279900074005127,7.389999866485596,7.239999771118164,7.294400215148926,70344,0.0,0.0,0.0
2022-09-28 12:30:00-04:00,7.28980016708374,7.360000133514404,7.230000019073486,7.329999923706055,17223,0.0,0.0,0.0
2022-09-28 13:30:00-04:00,7.340000152587891,7.349999904632568,7.25,7.3358001708984375,12752,0.0,0.0,0.0
2022-09-28 14:30:00-04:00,7.360000133514404,7.480000019073486,7.308899879455566,7.440100193023682,70500,0.0,0.0,0.0
2022-09-28 15:30:00-04:00,7.450099945068359,7.570000171661377,7.450099945068359,7.460000038146973,281707,0.0,0.0,0.0
2022-09-29 09:30:00-04:00,6.989999771118164,7.031199932098389,6.360000133514404,6.45989990234375,326232,0.0,0.0,0.0
2022-09-29 10:30:00-04:00,6.45989990234375,6.557000160217285,6.360000133514404,6.46999979019165,135687,0.0,0.0,0.0
2022-09-29 11:30:00-04:00,6.46999979019165,6.579999923706055,6.394999980926514,6.420000076293945,77327,0.0,0.0,0.0
2022-09-29 12:30:00-04:00,6.4380998611450195,6.479899883270264,6.329999923706055,6.360000133514404,111473,0.0,0.0,0.0
2022-09-29 13:30:00-04:00,6.349999904632568,6.400000095367432,6.230000019073486,6.300000190734863,164397,0.0,0.0,0.0
2022-09-29 14:30:00-04:00,6.309999942779541,6.349999904632568,6.230000019073486,6.320000171661377,117580,0.0,0.0,0.0
2022-09-29 15:30:00-04:00,6.340000152587891,6.429999828338623,6.340000152587891,6.409999847412109,72971,0.0,0.0,0.0
2022-09-30 09:30:00-04:00,6.25,6.394999980926514,5.757500171661377,6.394999980926514,391141,0.0,0.0,0.0
2022-09-30 10:30:00-04:00,6.400000095367432,6.619999885559082,6.400000095367432,6.590000152587891,136473,0.0,0.0,0.0
2022-09-30 11:30:00-04:00,6.590000152587891,6.590000152587891,6.389999866485596,6.420000076293945,63194,0.0,0.0,0.0
2022-09-30 12:30:00-04:00,6.429999828338623,6.550000190734863,6.420000076293945,6.550000190734863,40730,0.0,0.0,0.0
2022-09-30 13:30:00-04:00,6.550000190734863,6.550000190734863,6.349999904632568,6.360000133514404,33809,0.0,0.0,0.0
2022-09-30 14:30:00-04:00,6.389999866485596,6.389999866485596,6.195000171661377,6.260000228881836,51271,0.0,0.0,0.0
2022-09-30 15:30:00-04:00,6.264999866485596,6.284999847412109,6.099999904632568,6.099999904632568,55088,0.0,0.0,0.0
2022-10-03 09:30:00-04:00,6.369999885559082,6.519999980926514,6.039999961853027,6.514999866485596,239804,0.0,0.0,0.0
2022-10-03 10:30:00-04:00,6.525000095367432,6.639999866485596,6.450799942016602,6.570000171661377,69673,0.0,0.0,0.0
2022-10-03 11:30:00-04:00,6.599999904632568,6.599999904632568,6.429999828338623,6.5279998779296875,39093,0.0,0.0,0.0
2022-10-03 12:30:00-04:00,6.510000228881836,6.5980000495910645,6.5,6.5920000076293945,6335,0.0,0.0,0.0
2022-10-03 13:30:00-04:00,6.599999904632568,6.683300018310547,6.585000038146973,6.683300018310547,47856,0.0,0.0,0.0
2022-10-03 14:30:00-04:00,6.670000076293945,6.724999904632568,6.670000076293945,6.679999828338623,33980,0.0,0.0,0.0
2022-10-03 15:30:00-04:00,6.635000228881836,6.650000095367432,6.550000190734863,6.579999923706055,103419,0.0,0.0,0.0
2022-10-04 09:30:00-04:00,7.019999980926514,7.409999847412109,7.019999980926514,7.21999979019165,485836,0.0,0.0,0.0
2022-10-04 10:30:00-04:00,7.223999977111816,7.434999942779541,7.170000076293945,7.432499885559082,124911,0.0,0.0,0.0
2022-10-04 11:30:00-04:00,7.460000038146973,7.460000038146973,7.284999847412109,7.3379998207092285,32885,0.0,0.0,0.0
2022-10-04 12:30:00-04:00,7.349999904632568,7.380000114440918,7.099999904632568,7.206500053405762,63587,0.0,0.0,0.0
2022-10-04 13:30:00-04:00,7.190000057220459,7.309999942779541,7.179999828338623,7.28000020980835,31833,0.0,0.0,0.0
2022-10-04 14:30:00-04:00,7.309999942779541,7.380099773406982,7.269999980926514,7.360000133514404,54158,0.0,0.0,0.0
2022-10-04 15:30:00-04:00,7.349899768829346,7.449999809265137,7.349899768829346,7.440000057220459,63042,0.0,0.0,0.0
2022-10-05 09:30:00-04:00,7.050000190734863,7.199999809265137,6.840000152587891,6.880000114440918,185416,0.0,0.0,0.0
2022-10-05 10:30:00-04:00,6.889900207519531,6.920000076293945,6.800000190734863,6.889999866485596,40358,0.0,0.0,0.0
2022-10-05 11:30:00-04:00,6.900000095367432,7.110000133514404,6.900000095367432,7.079999923706055,24035,0.0,0.0,0.0
2022-10-05 12:30:00-04:00,7.085000038146973,7.349999904632568,7.050099849700928,7.283999919891357,42398,0.0,0.0,0.0
2022-10-05 13:30:00-04:00,7.289999961853027,7.295000076293945,7.199999809265137,7.210000038146973,14854,0.0,0.0,0.0
2022-10-05 14:30:00-04:00,7.239299774169922,7.440000057220459,7.210000038146973,7.400000095367432,61479,0.0,0.0,0.0
2022-10-05 15:30:00-04:00,7.400000095367432,7.420000076293945,7.28000020980835,7.320000171661377,42492,0.0,0.0,0.0
2022-10-06 09:30:00-04:00,7.230000019073486,7.610000133514404,7.079999923706055,7.081900119781494,181900,0.0,0.0,0.0
2022-10-06 10:30:00-04:00,7.087600231170654,7.349999904632568,7.03000020980835,7.340000152587891,46230,0.0,0.0,0.0
2022-10-06 11:30:00-04:00,7.320000171661377,7.34499979019165,7.170000076293945,7.25,19207,0.0,0.0,0.0
2022-10-06 12:30:00-04:00,7.25,7.369900226593018,7.239999771118164,7.349999904632568,18154,0.0,0.0,0.0
2022-10-06 13:30:00-04:00,7.310100078582764,7.329999923706055,7.210000038146973,7.210000038146973,10287,0.0,0.0,0.0
2022-10-06 14:30:00-04:00,7.211999893188477,7.230000019073486,7.130000114440918,7.18209981918335,19464,0.0,0.0,0.0
2022-10-06 15:30:00-04:00,7.202700138092041,7.210000038146973,7.150000095367432,7.179999828338623,29473,0.0,0.0,0.0
2022-10-07 09:30:00-04:00,6.860000133514404,6.913000106811523,6.599999904632568,6.769999980926514,163646,0.0,0.0,0.0
2022-10-07 10:30:00-04:00,6.769999980926514,6.809999942779541,6.53000020980835,6.559999942779541,50056,0.0,0.0,0.0
2022-10-07 11:30:00-04:00,6.570000171661377,6.599999904632568,6.515999794006348,6.515999794006348,80853,0.0,0.0,0.0
2022-10-07 12:30:00-04:00,6.514999866485596,6.570099830627441,6.467199802398682,6.552299976348877,87457,0.0,0.0,0.0
2022-10-07 13:30:00-04:00,6.550000190734863,6.630000114440918,6.550000190734863,6.579999923706055,53913,0.0,0.0,0.0
2022-10-07 14:30:00-04:00,6.570000171661377,6.649899959564209,6.534999847412109,6.539999961853027,51035,0.0,0.0,0.0
2022-10-07 15:30:00-04:00,6.53000020980835,6.659999847412109,6.514999866485596,6.650000095367432,30221,0.0,0.0,0.0
2022-10-10 09:30:00-04:00,6.75,6.769999980926514,6.550000190734863,6.730000019073486,108125,0.0,0.0,0.0
2022-10-10 10:30:00-04:00,6.75,6.75,6.5482001304626465,6.599999904632568,45938,0.0,0.0,0.0
2022-10-10 11:30:00-04:00,6.579999923706055,6.670000076293945,6.400000095367432,6.409999847412109,25092,0.0,0.0,0.0
2022-10-10 12:30:00-04:00,6.409999847412109,6.451099872589111,6.309999942779541,6.451099872589111,39669,0.0,0.0,0.0
2022-10-10 13:30:00-04:00,6.460000038146973,6.659999847412109,6.460000038146973,6.585000038146973,28607,0.0,0.0,0.0
2022-10-10 14:30:00-04:00,6.579999923706055,6.699999809265137,6.579999923706055,6.639999866485596,28163,0.0,0.0,0.0
2022-10-10 15:30:00-04:00,6.614999771118164,6.659900188446045,6.559999942779541,6.579999923706055,24723,0.0,0.0,0.0
2022-10-11 09:30:00-04:00,6.510000228881836,6.610000133514404,6.320000171661377,6.550000190734863,65684,0.0,0.0,0.0
2022-10-11 10:30:00-04:00,6.530700206756592,6.900000095367432,6.519999980926514,6.889999866485596,165313,0.0,0.0,0.0
2022-10-11 11:30:00-04:00,6.889999866485596,7.090000152587891,6.889999866485596,7.070000171661377,202386,0.0,0.0,0.0
2022-10-11 12:30:00-04:00,7.070000171661377,7.190000057220459,6.984000205993652,7.0,160065,0.0,0.0,0.0
2022-10-11 13:30:00-04:00,6.980000019073486,6.989999771118164,6.900000095367432,6.940000057220459,100863,0.0,0.0,0.0
2022-10-11 14:30:00-04:00,6.949999809265137,6.95989990234375,6.650000095367432,6.690000057220459,66105,0.0,0.0,0.0
2022-10-11 15:30:00-04:00,6.699999809265137,6.820000171661377,6.664999961853027,6.78000020980835,33278,0.0,0.0,0.0
2022-10-12 09:30:00-04:00,6.800000190734863,6.869999885559082,6.619999885559082,6.710000038146973,75016,0.0,0.0,0.0
2022-10-12 10:30:00-04:00,6.724899768829346,6.760000228881836,6.574999809265137,6.71999979019165,29945,0.0,0.0,0.0
2022-10-12 11:30:00-04:00,6.739999771118164,6.900000095367432,6.710000038146973,6.800000190734863,18765,0.0,0.0,0.0
2022-10-12 12:30:00-04:00,6.8180999755859375,6.860000133514404,6.769999980926514,6.829999923706055,27003,0.0,0.0,0.0
2022-10-12 13:30:00-04:00,6.840000152587891,6.840000152587891,6.722700119018555,6.838699817657471,18104,0.0,0.0,0.0
2022-10-12 14:30:00-04:00,6.849999904632568,6.849999904632568,6.74970006942749,6.809999942779541,11492,0.0,0.0,0.0
2022-10-12 15:30:00-04:00,6.800000190734863,6.824999809265137,6.71999979019165,6.730000019073486,17171,0.0,0.0,0.0
2022-10-13 09:30:00-04:00,6.25,6.53000020980835,5.980000019073486,6.25,224186,0.0,0.0,0.0
2022-10-13 10:30:00-04:00,6.230000019073486,6.909999847412109,6.230000019073486,6.79010009765625,110907,0.0,0.0,0.0
2022-10-13 11:30:00-04:00,6.789999961853027,7.070000171661377,6.717800140380859,6.78000020980835,81245,0.0,0.0,0.0
2022-10-13 12:30:00-04:00,6.789999961853027,7.090000152587891,6.78000020980835,7.070099830627441,22382,0.0,0.0,0.0
2022-10-13 13:30:00-04:00,7.09499979019165,7.139999866485596,6.920000076293945,6.920000076293945,51672,0.0,0.0,0.0
2022-10-13 14:30:00-04:00,6.920199871063232,7.110000133514404,6.920199871063232,7.014999866485596,23230,0.0,0.0,0.0
2022-10-13 15:30:00-04:00,7.000100135803223,7.014999866485596,6.929999828338623,6.960100173950195,32081,0.0,0.0,0.0
2022-10-14 09:30:00-04:00,7.170000076293945,7.28000020980835,6.596799850463867,6.652699947357178,147637,0.0,0.0,0.0
2022-10-14 10:30:00-04:00,6.659999847412109,6.769999980926514,6.590000152587891,6.679999828338623,39772,0.0,0.0,0.0
2022-10-14 11:30:00-04:00,6.679999828338623,6.679999828338623,6.454999923706055,6.5370001792907715,49620,0.0,0.0,0.0
2022-10-14 12:30:00-04:00,6.549900054931641,6.650000095367432,6.489999771118164,6.489999771118164,45781,0.0,0.0,0.0
2022-10-14 13:30:00-04:00,6.534599781036377,6.550000190734863,6.349999904632568,6.380000114440918,28227,0.0,0.0,0.0
2022-10-14 14:30:00-04:00,6.380000114440918,6.429999828338623,6.359899997711182,6.429999828338623,24634,0.0,0.0,0.0
2022-10-14 15:30:00-04:00,6.409999847412109,6.449999809265137,6.307700157165527,6.329999923706055,34495,0.0,0.0,0.0
2022-10-17 09:30:00-04:00,6.699999809265137,6.920000076293945,6.690000057220459,6.8815999031066895,165905,0.0,0.0,0.0
2022-10-17 10:30:00-04:00,6.888199806213379,6.909900188446045,6.730000019073486,6.829999923706055,55465,0.0,0.0,0.0
2022-10-17 11:30:00-04:00,6.869999885559082,6.949999809265137,6.860099792480469,6.929999828338623,71141,0.0,0.0,0.0
2022-10-17 12:30:00-04:00,6.925000190734863,6.940000057220459,6.810100078582764,6.880000114440918,12686,0.0,0.0,0.0
2022-10-17 13:30:00-04:00,6.864999771118164,6.909999847412109,6.840000152587891,6.856299877166748,10291,0.0,0.0,0.0
2022-10-17 14:30:00-04:00,6.819900035858154,6.8520002365112305,6.800000190734863,6.840000152587891,12006,0.0,0.0,0.0
2022-10-17 15:30:00-04:00,6.840000152587891,6.879899978637695,6.816699981689453,6.840000152587891,36172,0.0,0.0,0.0
2022-10-18 09:30:00-04:00,7.329999923706055,7.559999942779541,7.061500072479248,7.061500072479248,211775,0.0,0.0,0.0
2022-10-18 10:30:00-04:00,7.066299915313721,7.239999771118164,6.961599826812744,7.000800132751465,103383,0.0,0.0,0.0
2022-10-18 11:30:00-04:00,6.989999771118164,7.119999885559082,6.940000057220459,7.059999942779541,40829,0.0,0.0,0.0
2022-10-18 12:30:00-04:00,7.070000171661377,7.168000221252441,7.03000020980835,7.130000114440918,46564,0.0,0.0,0.0
2022-10-18 13:30:00-04:00,7.139999866485596,7.199999809265137,7.119999885559082,7.179999828338623,38694,0.0,0.0,0.0
2022-10-18 14:30:00-04:00,7.21999979019165,7.21999979019165,7.0,7.050000190734863,61724,0.0,0.0,0.0
2022-10-18 15:30:00-04:00,7.039999961853027,7.159999847412109,7.039999961853027,7.139999866485596,28648,0.0,0.0,0.0
2022-10-19 09:30:00-04:00,6.880000114440918,7.069900035858154,6.622200012207031,6.822999954223633,183515,0.0,0.0,0.0
2022-10-19 10:30:00-04:00,6.832099914550781,6.8420000076293945,6.581200122833252,6.610899925231934,72226,0.0,0.0,0.0
2022-10-19 11:30:00-04:00,6.648399829864502,6.650000095367432,6.468800067901611,6.468800067901611,44718,0.0,0.0,0.0
2022-10-19 12:30:00-04:00,6.440000057220459,6.485000133514404,6.255000114440918,6.329999923706055,128998,0.0,0.0,0.0
2022-10-19 13:30:00-04:00,6.335000038146973,6.510000228881836,6.32450008392334,6.46999979019165,76147,0.0,0.0,0.0
2022-10-19 14:30:00-04:00,6.5,6.53000020980835,6.449999809265137,6.49370002746582,43044,0.0,0.0,0.0
2022-10-19 15:30:00-04:00,6.5,6.550000190734863,6.454999923706055,6.539999961853027,48196,0.0,0.0,0.0
2022-10-20 09:30:00-04:00,6.539999961853027,6.980000019073486,6.460000038146973,6.860000133514404,182747,0.0,0.0,0.0
2022-10-20 10:30:00-04:00,6.849999904632568,6.849999904632568,6.679999828338623,6.729300022125244,54562,0.0,0.0,0.0
2022-10-20 11:30:00-04:00,6.739999771118164,6.794899940490723,6.460000038146973,6.460000038146973,35682,0.0,0.0,0.0
2022-10-20 12:30:00-04:00,6.46999979019165,6.505000114440918,6.300000190734863,6.369999885559082,50358,0.0,0.0,0.0
2022-10-20 13:30:00-04:00,6.366300106048584,6.388899803161621,6.279900074005127,6.28980016708374,65660,0.0,0.0,0.0
2022-10-20 14:30:00-04:00,6.289999961853027,6.360000133514404,6.239999771118164,6.239999771118164,30417,0.0,0.0,0.0
2022-10-20 15:30:00-04:00,6.260000228881836,6.339099884033203,6.25,6.288000106811523,23634,0.0,0.0,0.0
2022-10-21 09:30:00-04:00,6.260000228881836,6.726600170135498,6.239999771118164,6.400000095367432,263100,0.0,0.0,0.0
2022-10-21 10:30:00-04:00,6.434999942779541,6.460000038146973,6.283199787139893,6.400000095367432,87715,0.0,0.0,0.0
2022-10-21 11:30:00-04:00,6.449999809265137,6.590099811553955,6.400000095367432,6.559999942779541,104023,0.0,0.0,0.0
2022-10-21 12:30:00-04:00,6.533599853515625,6.703000068664551,6.53000020980835,6.640999794006348,80061,0.0,0.0,0.0
2022-10-21 13:30:00-04:00,6.659999847412109,6.71999979019165,6.644999980926514,6.66480016708374,25071,0.0,0.0,0.0
2022-10-21 14:30:00-04:00,6.710000038146973,6.7804999351501465,6.675000190734863,6.78000020980835,42023,0.0,0.0,0.0
2022-10-21 15:30:00-04:00,6.78000020980835,6.809999942779541,6.760000228881836,6.789999961853027,44516,0.0,0.0,0.0
2022-10-24 09:30:00-04:00,6.920000076293945,6.920000076293945,6.519999980926514,6.519999980926514,160928,0.0,0.0,0.0
2022-10-24 10:30:00-04:00,6.574100017547607,6.807700157165527,6.559999942779541,6.807700157165527,69056,0.0,0.0,0.0
2022-10-24 11:30:00-04:00,6.789999961853027,6.939799785614014,6.720099925994873,6.88539981842041,45141,0.0,0.0,0.0
2022-10-24 12:30:00-04:00,6.885499954223633,6.9380998611450195,6.769999980926514,6.78000020980835,16793,0.0,0.0,0.0
2022-10-24 13:30:00-04:00,6.789999961853027,6.885000228881836,6.770400047302246,6.869999885559082,18263,0.0,0.0,0.0
2022-10-24 14:30:00-04:00,6.880000114440918,7.050000190734863,6.880000114440918,7.039999961853027,45904,0.0,0.0,0.0
2022-10-24 15:30:00-04:00,7.034999847412109,7.065000057220459,7.001999855041504,7.03000020980835,20089,0.0,0.0,0.0
2022-10-25 09:30:00-04:00,6.989999771118164,7.630000114440918,6.989999771118164,7.629899978637695,156136,0.0,0.0,0.0
2022-10-25 10:30:00-04:00,7.619999885559082,7.809999942779541,7.559999942779541,7.809299945831299,143914,0.0,0.0,0.0
2022-10-25 11:30:00-04:00,7.809000015258789,7.920000076293945,7.78000020980835,7.875999927520752,83630,0.0,0.0,0.0
2022-10-25 12:30:00-04:00,7.880000114440918,7.920000076293945,7.659999847412109,7.730000019073486,101175,0.0,0.0,0.0
2022-10-25 13:30:00-04:00,7.75,7.800000190734863,7.695000171661377,7.769999980926514,54099,0.0,0.0,0.0
2022-10-25 14:30:00-04:00,7.789999961853027,7.925000190734863,7.760000228881836,7.920100212097168,17732,0.0,0.0,0.0
2022-10-25 15:30:00-04:00,7.929999828338623,7.949999809265137,7.829999923706055,7.840000152587891,133121,0.0,0.0,0.0
2022-10-26 09:30:00-04:00,7.889999866485596,8.050000190734863,7.679999828338623,8.039899826049805,165440,0.0,0.0,0.0
2022-10-26 10:30:00-04:00,8.100000381469727,8.300000190734863,8.0,8.262499809265137,126902,0.0,0.0,0.0
2022-10-26 11:30:00-04:00,8.279999732971191,8.319999694824219,8.220000267028809,8.239999771118164,150387,0.0,0.0,0.0
2022-10-26 12:30:00-04:00,8.220000267028809,8.239899635314941,7.860000133514404,7.880099773406982,109070,0.0,0.0,0.0
2022-10-26 13:30:00-04:00,7.869999885559082,8.020000457763672,7.853400230407715,7.919899940490723,59628,0.0,0.0,0.0
2022-10-26 14:30:00-04:00,7.900000095367432,7.940000057220459,7.822500228881836,7.8597002029418945,33368,0.0,0.0,0.0
2022-10-26 15:30:00-04:00,7.869999885559082,7.899899959564209,7.800000190734863,7.820000171661377,40279,0.0,0.0,0.0
2022-10-27 09:30:00-04:00,8.0,8.279999732971191,7.849999904632568,8.130000114440918,154211,0.0,0.0,0.0
2022-10-27 10:30:00-04:00,8.119999885559082,8.220000267028809,7.948800086975098,8.119999885559082,67916,0.0,0.0,0.0
2022-10-27 11:30:00-04:00,8.100000381469727,8.199999809265137,8.029999732971191,8.140000343322754,32258,0.0,0.0,0.0
2022-10-27 12:30:00-04:00,8.050000190734863,8.319999694824219,8.050000190734863,8.244999885559082,21568,0.0,0.0,0.0
2022-10-27 13:30:00-04:00,8.229999542236328,8.25,8.055000305175781,8.0871000289917,60769,0.0,0.0,0.0
2022-10-27 14:30:00-04:00,8.079999923706055,8.083000183105469,7.96999979019165,7.96999979019165,24141,0.0,0.0,0.0
2022-10-27 15:30:00-04:00,8.0,8.015000343322754,7.919899940490723,7.949999809265137,38280,0.0,0.0,0.0
2022-10-28 09:30:00-04:00,7.920000076293945,8.104999542236328,7.53000020980835,7.760000228881836,188946,0.0,0.0,0.0
2022-10-28 10:30:00-04:00,7.78000020980835,7.949999809265137,7.659999847412109,7.840000152587891,53959,0.0,0.0,0.0
2022-10-28 11:30:00-04:00,7.920000076293945,8.100000381469727,7.869999885559082,8.100000381469727,31776,0.0,0.0,0.0
2022-10-28 12:30:00-04:00,8.130800247192383,8.270000457763672,8.109999656677246,8.25,19527,0.0,0.0,0.0
2022-10-28 13:30:00-04:00,8.220000267028809,8.240500450134277,8.160499572753906,8.199999809265137,25324,0.0,0.0,0.0
2022-10-28 14:30:00-04:00,8.1899995803833,8.319999694824219,8.1899995803833,8.3100004196167,43128,0.0,0.0,0.0
2022-10-28 15:30:00-04:00,8.300000190734863,8.34000015258789,8.289999961853027,8.300000190734863,93545,0.0,0.0,0.0
2022-10-31 09:30:00-04:00,8.239999771118164,8.4399995803833,8.069999694824219,8.160099983215332,104410,0.0,0.0,0.0
2022-10-31 10:30:00-04:00,8.129899978637695,8.34000015258789,8.074999809265137,8.300000190734863,75507,0.0,0.0,0.0
2022-10-31 11:30:00-04:00,8.279999732971191,8.390000343322754,8.229999542236328,8.270000457763672,31735,0.0,0.0,0.0
2022-10-31 12:30:00-04:00,8.238200187683105,8.25,8.145000457763672,8.220000267028809,10395,0.0,0.0,0.0
2022-10-31 13:30:00-04:00,8.25,8.25,8.170000076293945,8.210000038146973,12700,0.0,0.0,0.0
2022-10-31 14:30:00-04:00,8.220000267028809,8.260000228881836,8.109999656677246,8.1899995803833,29691,0.0,0.0,0.0
2022-10-31 15:30:00-04:00,8.171799659729004,8.229900360107422,8.119999885559082,8.130000114440918,24719,0.0,0.0,0.0
2022-11-01 09:30:00-04:00,8.5,8.6899995803833,8.15999984741211,8.300000190734863,162436,0.0,0.0,0.0
2022-11-01 10:30:00-04:00,8.25,8.289999961853027,8.079999923706055,8.149999618530273,108317,0.0,0.0,0.0
2022-11-01 11:30:00-04:00,8.199999809265137,8.329999923706055,8.130000114440918,8.15999984741211,32401,0.0,0.0,0.0
2022-11-01 12:30:00-04:00,8.210000038146973,8.359999656677246,8.15999984741211,8.300000190734863,16197,0.0,0.0,0.0
2022-11-01 13:30:00-04:00,8.279999732971191,8.362500190734863,8.279999732971191,8.3100004196167,12848,0.0,0.0,0.0
2022-11-01 14:30:00-04:00,8.279999732971191,8.3100004196167,8.199999809265137,8.199999809265137,64581,0.0,0.0,0.0
2022-11-01 15:30:00-04:00,8.210000038146973,8.260000228881836,8.170000076293945,8.229999542236328,108741,0.0,0.0,0.0
2022-11-02 09:30:00-04:00,8.170000076293945,8.170000076293945,7.870699882507324,7.980000019073486,75076,0.0,0.0,0.0
2022-11-02 10:30:00-04:00,7.973299980163574,8.022500038146973,7.928400039672852,7.928400039672852,15227,0.0,0.0,0.0
2022-11-02 11:30:00-04:00,7.927700042724609,7.949900150299072,7.769999980926514,7.78000020980835,97013,0.0,0.0,0.0
2022-11-02 12:30:00-04:00,7.78000020980835,7.829999923706055,7.699999809265137,7.809999942779541,17042,0.0,0.0,0.0
2022-11-02 13:30:00-04:00,7.8028998374938965,8.295000076293945,7.785299777984619,8.28499984741211,222135,0.0,0.0,0.0
2022-11-02 14:30:00-04:00,8.319999694824219,8.319999694824219,7.269999980926514,7.340000152587891,145706,0.0,0.0,0.0
2022-11-02 15:30:00-04:00,7.304999828338623,7.420000076293945,7.230000019073486,7.235000133514404,253124,0.0,0.0,0.0
2022-11-03 09:30:00-04:00,7.079999923706055,7.357600212097168,6.960000038146973,7.357600212097168,229029,0.0,0.0,0.0
2022-11-03 10:30:00-04:00,7.339900016784668,7.480000019073486,7.219900131225586,7.38670015335083,131590,0.0,0.0,0.0
2022-11-03 11:30:00-04:00,7.380000114440918,7.578400135040283,7.320099830627441,7.568999767303467,69614,0.0,0.0,0.0
2022-11-03 12:30:00-04:00,7.554999828338623,7.637700080871582,7.460100173950195,7.539999961853027,53574,0.0,0.0,0.0
2022-11-03 13:30:00-04:00,7.539999961853027,7.550000190734863,7.440100193023682,7.539999961853027,42958,0.0,0.0,0.0
2022-11-03 14:30:00-04:00,7.53000020980835,7.550000190734863,7.460000038146973,7.525000095367432,24389,0.0,0.0,0.0
2022-11-03 15:30:00-04:00,7.53000020980835,7.550000190734863,7.389999866485596,7.400000095367432,39431,0.0,0.0,0.0
2022-11-04 09:30:00-04:00,7.699999809265137,7.800000190734863,7.300000190734863,7.719900131225586,334473,0.0,0.0,0.0
2022-11-04 10:30:00-04:00,7.699999809265137,7.71999979019165,7.420000076293945,7.421000003814697,107293,0.0,0.0,0.0
2022-11-04 11:30:00-04:00,7.409999847412109,7.420000076293945,7.0,7.168900012969971,116477,0.0,0.0,0.0
2022-11-04 12:30:00-04:00,7.159999847412109,7.170000076293945,6.960000038146973,7.084000110626221,51789,0.0,0.0,0.0
2022-11-04 13:30:00-04:00,7.059999942779541,7.119999885559082,6.96999979019165,7.119999885559082,48602,0.0,0.0,0.0
2022-11-04 14:30:00-04:00,7.110000133514404,7.300000190734863,7.109899997711182,7.260000228881836,105636,0.0,0.0,0.0
2022-11-04 15:30:00-04:00,7.249199867248535,7.369999885559082,7.249199867248535,7.369999885559082,44138,0.0,0.0,0.0
2022-11-07 09:30:00-05:00,7.539999961853027,7.539999961853027,7.139999866485596,7.1666998863220215,144151,0.0,0.0,0.0
2022-11-07 10:30:00-05:00,7.139999866485596,7.260000228881836,7.079999923706055,7.239999771118164,56578,0.0,0.0,0.0
2022-11-07 11:30:00-05:00,7.255899906158447,7.367400169372559,7.170000076293945,7.367400169372559,72723,0.0,0.0,0.0
2022-11-07 12:30:00-05:00,7.359799861907959,7.3867998123168945,7.260000228881836,7.320000171661377,36939,0.0,0.0,0.0
2022-11-07 13:30:00-05:00,7.340000152587891,7.559999942779541,7.340000152587891,7.550099849700928,45984,0.0,0.0,0.0
2022-11-07 14:30:00-05:00,7.570000171661377,7.630000114440918,7.510000228881836,7.6178998947143555,52010,0.0,0.0,0.0
2022-11-07 15:30:00-05:00,7.619999885559082,7.630000114440918,7.539999961853027,7.550000190734863,69610,0.0,0.0,0.0
2022-11-08 09:30:00-05:00,7.730000019073486,7.739999771118164,7.369999885559082,7.578000068664551,107672,0.0,0.0,0.0
2022-11-08 10:30:00-05:00,7.609000205993652,7.869200229644775,7.609000205993652,7.849999904632568,29612,0.0,0.0,0.0
2022-11-08 11:30:00-05:00,7.860000133514404,7.9293999671936035,7.829999923706055,7.889999866485596,91475,0.0,0.0,0.0
2022-11-08 12:30:00-05:00,7.880000114440918,7.880000114440918,7.600100040435791,7.600100040435791,35069,0.0,0.0,0.0
2022-11-08 13:30:00-05:00,7.550000190734863,7.639999866485596,7.28000020980835,7.28000020980835,134335,0.0,0.0,0.0
2022-11-08 14:30:00-05:00,7.289999961853027,7.590000152587891,7.25,7.590000152587891,99203,0.0,0.0,0.0
2022-11-08 15:30:00-05:00,7.619999885559082,7.699999809265137,7.599999904632568,7.630000114440918,45553,0.0,0.0,0.0
2022-11-09 09:30:00-05:00,7.5,7.53000020980835,7.289999961853027,7.389999866485596,235258,0.0,0.0,0.0
2022-11-09 10:30:00-05:00,7.390100002288818,7.449999809265137,7.230000019073486,7.289999961853027,72754,0.0,0.0,0.0
2022-11-09 11:30:00-05:00,7.239999771118164,7.340000152587891,7.119999885559082,7.159999847412109,95471,0.0,0.0,0.0
2022-11-09 12:30:00-05:00,7.135000228881836,7.170000076293945,7.039999961853027,7.039999961853027,49849,0.0,0.0,0.0
2022-11-09 13:30:00-05:00,7.019999980926514,7.019999980926514,6.869999885559082,6.949999809265137,84797,0.0,0.0,0.0
2022-11-09 14:30:00-05:00,6.900100231170654,6.929999828338623,6.809999942779541,6.900000095367432,90389,0.0,0.0,0.0
2022-11-09 15:30:00-05:00,6.869999885559082,6.89169979095459,6.78000020980835,6.840000152587891,76198,0.0,0.0,0.0
2022-11-10 09:30:00-05:00,7.876399993896484,8.489999771118164,7.849999904632568,8.399999618530273,658393,0.0,0.0,0.0
2022-11-10 10:30:00-05:00,8.40999984741211,8.420000076293945,8.149999618530273,8.329999923706055,224456,0.0,0.0,0.0
2022-11-10 11:30:00-05:00,8.350000381469727,8.45989990234375,8.25,8.274999618530273,99381,0.0,0.0,0.0
2022-11-10 12:30:00-05:00,8.260000228881836,8.270000457763672,8.100000381469727,8.229999542236328,45065,0.0,0.0,0.0
2022-11-10 13:30:00-05:00,8.210000038146973,8.289999961853027,8.170000076293945,8.26099967956543,35564,0.0,0.0,0.0
2022-11-10 14:30:00-05:00,8.241000175476074,8.359999656677246,8.220000267028809,8.359999656677246,40621,0.0,0.0,0.0
2022-11-10 15:30:00-05:00,8.359999656677246,8.439599990844727,8.354999542236328,8.39009952545166,168246,0.0,0.0,0.0
2022-11-11 09:30:00-05:00,8.520000457763672,8.8100004196167,8.382699966430664,8.73799991607666,150361,0.0,0.0,0.0
2022-11-11 10:30:00-05:00,8.729999542236328,8.90999984741211,8.640000343322754,8.652999877929688,62988,0.0,0.0,0.0
2022-11-11 11:30:00-05:00,8.630000114440918,8.770000457763672,8.579999923706055,8.739999771118164,94824,0.0,0.0,0.0
2022-11-11 12:30:00-05:00,8.779999732971191,8.899999618530273,8.6899995803833,8.880000114440918,78263,0.0,0.0,0.0
2022-11-11 13:30:00-05:00,8.889900207519531,9.130000114440918,8.850000381469727,9.129599571228027,83569,0.0,0.0,0.0
2022-11-11 14:30:00-05:00,9.123900413513184,9.210000038146973,8.979999542236328,9.050000190734863,79818,0.0,0.0,0.0
2022-11-11 15:30:00-05:00,9.050100326538086,9.099900245666504,8.979999542236328,9.020000457763672,76292,0.0,0.0,0.0
2022-11-14 09:30:00-05:00,8.880000114440918,9.0,8.621399879455566,8.75,141279,0.0,0.0,0.0
2022-11-14 10:30:00-05:00,8.755000114440918,8.960000038146973,8.670000076293945,8.765000343322754,44165,0.0,0.0,0.0
2022-11-14 11:30:00-05:00,8.779999732971191,8.964500427246094,8.770000457763672,8.899999618530273,13154,0.0,0.0,0.0
2022-11-14 12:30:00-05:00,8.920000076293945,9.119999885559082,8.920000076293945,9.109999656677246,84384,0.0,0.0,0.0
2022-11-14 13:30:00-05:00,9.052000045776367,9.149999618530273,9.050000190734863,9.069999694824219,22066,0.0,0.0,0.0
2022-11-14 14:30:00-05:00,9.079999923706055,9.079999923706055,8.870100021362305,8.920000076293945,26493,0.0,0.0,0.0
2022-11-14 15:30:00-05:00,8.930000305175781,8.930000305175781,8.670000076293945,8.670000076293945,42965,0.0,0.0,0.0
2022-11-15 09:30:00-05:00,9.359999656677246,9.75,9.199999809265137,9.75,393737,0.0,0.0,0.0
2022-11-15 10:30:00-05:00,9.760000228881836,9.779999732971191,9.569999694824219,9.639900207519531,248475,0.0,0.0,0.0
2022-11-15 11:30:00-05:00,9.6899995803833,9.75,9.579999923706055,9.600000381469727,88230,0.0,0.0,0.0
2022-11-15 12:30:00-05:00,9.640000343322754,9.640000343322754,9.279999732971191,9.295000076293945,89135,0.0,0.0,0.0
2022-11-15 13:30:00-05:00,9.300000190734863,9.5600004196167,9.180500030517578,9.484999656677246,91804,0.0,0.0,0.0
2022-11-15 14:30:00-05:00,9.5,9.502099990844727,9.348600387573242,9.430000305175781,63086,0.0,0.0,0.0
2022-11-15 15:30:00-05:00,9.399999618530273,9.399999618530273,9.279999732971191,9.350000381469727,96359,0.0,0.0,0.0
2022-11-16 09:30:00-05:00,8.699999809265137,8.729999542236328,8.159000396728516,8.299599647521973,514957,0.0,0.0,0.0
2022-11-16 10:30:00-05:00,8.249899864196777,8.4399995803833,8.180000305175781,8.329999923706055,126093,0.0,0.0,0.0
2022-11-16 11:30:00-05:00,8.319999694824219,8.383999824523926,8.229999542236328,8.282699584960938,66202,0.0,0.0,0.0
2022-11-16 12:30:00-05:00,8.279899597167969,8.399900436401367,8.279899597167969,8.359999656677246,47487,0.0,0.0,0.0
2022-11-16 13:30:00-05:00,8.350000381469727,8.350000381469727,8.25,8.329999923706055,22029,0.0,0.0,0.0
2022-11-16 14:30:00-05:00,8.3100004196167,8.359999656677246,8.210200309753418,8.227499961853027,44135,0.0,0.0,0.0
2022-11-16 15:30:00-05:00,8.220000267028809,8.314499855041504,8.199999809265137,8.289999961853027,97080,0.0,0.0,0.0
2022-11-17 09:30:00-05:00,7.945000171661377,8.170000076293945,7.860000133514404,8.069000244140625,239382,0.0,0.0,0.0
2022-11-17 10:30:00-05:00,8.0600004196167,8.149999618530273,7.914999961853027,8.010000228881836,87905,0.0,0.0,0.0
2022-11-17 11:30:00-05:00,7.929999828338623,8.199999809265137,7.929999828338623,8.130000114440918,64813,0.0,0.0,0.0
2022-11-17 12:30:00-05:00,8.130000114440918,8.369999885559082,8.0600004196167,8.270000457763672,59691,0.0,0.0,0.0
2022-11-17 13:30:00-05:00,8.25629997253418,8.34000015258789,8.170000076293945,8.199999809265137,39952,0.0,0.0,0.0
2022-11-17 14:30:00-05:00,8.199999809265137,8.300100326538086,8.199999809265137,8.27910041809082,30611,0.0,0.0,0.0
2022-11-17 15:30:00-05:00,8.300000190734863,8.447500228881836,8.300000190734863,8.447500228881836,46027,0.0,0.0,0.0
2022-11-18 09:30:00-05:00,8.989999771118164,9.119999885559082,8.779999732971191,8.84000015258789,218802,0.0,0.0,0.0
2022-11-18 10:30:00-05:00,8.880000114440918,8.90999984741211,8.619999885559082,8.619999885559082,62439,0.0,0.0,0.0
2022-11-18 11:30:00-05:00,8.600000381469727,8.634300231933594,8.380000114440918,8.470000267028809,78226,0.0,0.0,0.0
2022-11-18 12:30:00-05:00,8.498299598693848,8.627400398254395,8.457099914550781,8.627400398254395,20607,0.0,0.0,0.0
2022-11-18 13:30:00-05:00,8.60990047454834,8.619999885559082,8.550000190734863,8.569999694824219,6827,0.0,0.0,0.0
2022-11-18 14:30:00-05:00,8.529999732971191,8.63010025024414,8.5,8.615900039672852,24170,0.0,0.0,0.0
2022-11-18 15:30:00-05:00,8.619999885559082,8.729999542236328,8.609999656677246,8.675000190734863,152747,0.0,0.0,0.0
2022-11-21 09:30:00-05:00,8.520000457763672,8.600000381469727,8.375,8.380000114440918,74875,0.0,0.0,0.0
2022-11-21 10:30:00-05:00,8.362000465393066,8.469400405883789,8.359999656677246,8.390000343322754,76834,0.0,0.0,0.0
2022-11-21 11:30:00-05:00,8.359999656677246,8.489999771118164,8.350000381469727,8.430000305175781,40346,0.0,0.0,0.0
2022-11-21 12:30:00-05:00,8.44379997253418,8.583000183105469,8.44379997253418,8.539999961853027,12414,0.0,0.0,0.0
2022-11-21 13:30:00-05:00,8.550000190734863,8.579999923706055,8.430100440979004,8.470000267028809,33120,0.0,0.0,0.0
2022-11-21 14:30:00-05:00,8.45199966430664,8.520000457763672,8.45199966430664,8.5,28310,0.0,0.0,0.0
2022-11-21 15:30:00-05:00,8.510000228881836,8.600000381469727,8.510000228881836,8.5600004196167,51005,0.0,0.0,0.0
2022-11-22 09:30:00-05:00,8.979999542236328,9.199999809265137,8.859999656677246,9.15999984741211,252626,0.0,0.0,0.0
2022-11-22 10:30:00-05:00,9.180000305175781,9.199999809265137,9.010000228881836,9.029999732971191,54686,0.0,0.0,0.0
2022-11-22 11:30:00-05:00,9.019100189208984,9.069999694824219,8.970000267028809,9.039999961853027,25093,0.0,0.0,0.0
2022-11-22 12:30:00-05:00,9.050000190734863,9.149999618530273,9.050000190734863,9.100000381469727,38968,0.0,0.0,0.0
2022-11-22 13:30:00-05:00,9.111700057983398,9.11709976196289,9.069899559020996,9.09000015258789,40625,0.0,0.0,0.0
2022-11-22 14:30:00-05:00,9.09000015258789,9.199999809265137,9.074999809265137,9.199999809265137,41053,0.0,0.0,0.0
2022-11-22 15:30:00-05:00,9.204999923706055,9.264300346374512,9.199999809265137,9.239999771118164,94648,0.0,0.0,0.0
2022-11-23 09:30:00-05:00,9.289999961853027,9.329999923706055,9.119999885559082,9.300000190734863,160906,0.0,0.0,0.0
2022-11-23 10:30:00-05:00,9.289999961853027,9.399900436401367,9.270099639892578,9.279999732971191,54874,0.0,0.0,0.0
2022-11-23 11:30:00-05:00,9.300000190734863,9.319999694824219,9.119999885559082,9.23799991607666,38985,0.0,0.0,0.0
2022-11-23 12:30:00-05:00,9.260000228881836,9.260000228881836,9.029999732971191,9.210000038146973,56497,0.0,0.0,0.0
2022-11-23 13:30:00-05:00,9.220000267028809,9.390000343322754,9.199999809265137,9.350000381469727,35995,0.0,0.0,0.0
2022-11-23 14:30:00-05:00,9.319999694824219,9.369999885559082,9.249799728393555,9.357199668884277,57694,0.0,0.0,0.0
2022-11-23 15:30:00-05:00,9.34000015258789,9.350000381469727,9.3100004196167,9.34000015258789,39597,0.0,0.0,0.0
2022-11-25 09:30:00-05:00,9.34000015258789,9.4399995803833,9.252699851989746,9.34000015258789,83231,0.0,0.0,0.0
2022-11-25 10:30:00-05:00,9.385000228881836,9.479999542236328,9.334600448608398,9.4350004196167,35381,0.0,0.0,0.0
2022-11-25 11:30:00-05:00,9.420000076293945,9.469099998474121,9.378899574279785,9.391200065612793,16148,0.0,0.0,0.0
2022-11-28 09:30:00-05:00,9.100000381469727,9.3996000289917,9.0600004196167,9.206600189208984,86487,0.0,0.0,0.0
2022-11-28 10:30:00-05:00,9.239999771118164,9.244999885559082,9.070099830627441,9.125800132751465,28208,0.0,0.0,0.0
2022-11-28 11:30:00-05:00,9.100000381469727,9.218000411987305,9.069999694824219,9.218000411987305,18959,0.0,0.0,0.0
2022-11-28 12:30:00-05:00,9.212400436401367,9.260000228881836,9.101900100708008,9.143400192260742,11398,0.0,0.0,0.0
2022-11-28 13:30:00-05:00,9.121999740600586,9.140000343322754,9.020000457763672,9.043999671936035,47274,0.0,0.0,0.0
2022-11-28 14:30:00-05:00,9.039999961853027,9.09000015258789,8.960000038146973,8.979999542236328,23057,0.0,0.0,0.0
2022-11-28 15:30:00-05:00,8.952199935913086,9.050000190734863,8.9399995803833,9.030099868774414,45614,0.0,0.0,0.0
2022-11-29 09:30:00-05:00,9.039999961853027,9.079999923706055,8.899999618530273,9.079999923706055,47559,0.0,0.0,0.0
2022-11-29 10:30:00-05:00,9.109999656677246,9.140000343322754,8.944700241088867,8.960000038146973,29056,0.0,0.0,0.0
2022-11-29 11:30:00-05:00,8.95199966430664,9.119999885559082,8.920100212097168,9.11989974975586,11335,0.0,0.0,0.0
2022-11-29 12:30:00-05:00,9.130000114440918,9.21500015258789,9.09000015258789,9.100000381469727,7124,0.0,0.0,0.0
2022-11-29 13:30:00-05:00,9.104999542236328,9.179900169372559,9.104999542236328,9.149900436401367,10560,0.0,0.0,0.0
2022-11-29 14:30:00-05:00,9.109999656677246,9.135000228881836,9.069999694824219,9.095000267028809,6501,0.0,0.0,0.0
2022-11-29 15:30:00-05:00,9.09000015258789,9.130000114440918,9.039999961853027,9.050000190734863,24488,0.0,0.0,0.0
2022-11-30 09:30:00-05:00,9.119999885559082,9.119999885559082,8.920000076293945,9.010000228881836,19753,0.0,0.0,0.0
2022-11-30 10:30:00-05:00,8.983799934387207,9.04170036315918,8.890000343322754,9.020000457763672,15968,0.0,0.0,0.0
2022-11-30 11:30:00-05:00,9.029999732971191,9.029999732971191,8.800000190734863,8.834400177001953,42731,0.0,0.0,0.0
2022-11-30 12:30:00-05:00,8.862500190734863,8.9399995803833,8.84000015258789,8.880000114440918,43423,0.0,0.0,0.0
2022-11-30 13:30:00-05:00,8.869999885559082,9.59000015258789,8.869999885559082,9.510000228881836,159897,0.0,0.0,0.0
2022-11-30 14:30:00-05:00,9.490099906921387,9.517399787902832,9.300000190734863,9.460000038146973,116654,0.0,0.0,0.0
2022-11-30 15:30:00-05:00,9.479999542236328,9.585000038146973,9.449999809265137,9.579999923706055,46080,0.0,0.0,0.0
2022-12-01 09:30:00-05:00,9.569999694824219,9.680000305175781,9.116299629211426,9.129899978637695,134464,0.0,0.0,0.0
2022-12-01 10:30:00-05:00,9.079999923706055,9.34000015258789,9.052000045776367,9.210000038146973,132061,0.0,0.0,0.0
2022-12-01 11:30:00-05:00,9.25,9.354599952697754,9.149999618530273,9.289999961853027,17357,0.0,0.0,0.0
2022-12-01 12:30:00-05:00,9.289899826049805,9.339900016784668,9.210000038146973,9.25,18765,0.0,0.0,0.0
2022-12-01 13:30:00-05:00,9.239999771118164,9.265000343322754,9.15999984741211,9.229999542236328,38042,0.0,0.0,0.0
2022-12-01 14:30:00-05:00,9.248200416564941,9.359999656677246,9.248200416564941,9.289999961853027,33739,0.0,0.0,0.0
2022-12-01 15:30:00-05:00,9.289999961853027,9.295000076293945,9.175000190734863,9.199999809265137,35439,0.0,0.0,0.0
2022-12-02 09:30:00-05:00,8.890000343322754,9.349900245666504,8.770000457763672,9.094099998474121,187880,0.0,0.0,0.0
2022-12-02 10:30:00-05:00,9.109999656677246,9.239999771118164,9.0600004196167,9.229999542236328,34739,0.0,0.0,0.0
2022-12-02 11:30:00-05:00,9.220100402832031,9.350000381469727,9.220100402832031,9.289999961853027,22164,0.0,0.0,0.0
2022-12-02 12:30:00-05:00,9.305000305175781,9.329999923706055,9.199999809265137,9.231900215148926,20650,0.0,0.0,0.0
2022-12-02 13:30:00-05:00,9.279899597167969,9.3100004196167,9.23009967803955,9.286700248718262,11375,0.0,0.0,0.0
2022-12-02 14:30:00-05:00,9.270000457763672,9.529999732971191,9.270000457763672,9.460000038146973,29727,0.0,0.0,0.0
2022-12-02 15:30:00-05:00,9.470000267028809,9.470000267028809,9.390000343322754,9.460000038146973,18208,0.0,0.0,0.0
2022-12-05 09:30:00-05:00,9.260000228881836,9.270000457763672,8.88599967956543,8.960100173950195,92520,0.0,0.0,0.0
2022-12-05 10:30:00-05:00,8.960000038146973,9.148699760437012,8.934000015258789,8.9399995803833,34384,0.0,0.0,0.0
2022-12-05 11:30:00-05:00,8.9399995803833,8.979999542236328,8.890000343322754,8.958000183105469,28739,0.0,0.0,0.0
2022-12-05 12:30:00-05:00,8.930000305175781,8.937899589538574,8.819999694824219,8.819999694824219,66292,0.0,0.0,0.0
2022-12-05 13:30:00-05:00,8.841699600219727,8.899900436401367,8.800000190734863,8.829999923706055,22640,0.0,0.0,0.0
2022-12-05 14:30:00-05:00,8.819999694824219,8.819999694824219,8.680000305175781,8.680000305175781,51078,0.0,0.0,0.0
2022-12-05 15:30:00-05:00,8.720000267028809,8.777099609375,8.640000343322754,8.770000457763672,64908,0.0,0.0,0.0
2022-12-06 09:30:00-05:00,8.8100004196167,8.8503999710083,8.529999732971191,8.579999923706055,73245,0.0,0.0,0.0
2022-12-06 10:30:00-05:00,8.569999694824219,8.65429973602295,8.479999542236328,8.529999732971191,24723,0.0,0.0,0.0
2022-12-06 11:30:00-05:00,8.552000045776367,8.615699768066406,8.460000038146973,8.550000190734863,17403,0.0,0.0,0.0
2022-12-06 12:30:00-05:00,8.5600004196167,8.619999885559082,8.510000228881836,8.515000343322754,16954,0.0,0.0,0.0
2022-12-06 13:30:00-05:00,8.515000343322754,8.579999923706055,8.420000076293945,8.430000305175781,22778,0.0,0.0,0.0
2022-12-06 14:30:00-05:00,8.40999984741211,8.529999732971191,8.359999656677246,8.47819995880127,46241,0.0,0.0,0.0
2022-12-06 15:30:00-05:00,8.479999542236328,8.609999656677246,8.479999542236328,8.59000015258789,71998,0.0,0.0,0.0
2022-12-07 09:30:00-05:00,8.449999809265137,8.75,8.319999694824219,8.510000228881836,67635,0.0,0.0,0.0
2022-12-07 10:30:00-05:00,8.569999694824219,8.822799682617188,8.545000076293945,8.670000076293945,29874,0.0,0.0,0.0
2022-12-07 11:30:00-05:00,8.65999984741211,8.75,8.630000114440918,8.65999984741211,14635,0.0,0.0,0.0
2022-12-07 12:30:00-05:00,8.630000114440918,8.75,8.609999656677246,8.710000038146973,15713,0.0,0.0,0.0
2022-12-07 13:30:00-05:00,8.680000305175781,8.699999809265137,8.579999923706055,8.600000381469727,17096,0.0,0.0,0.0
2022-12-07 14:30:00-05:00,8.600000381469727,8.640000343322754,8.539999961853027,8.569999694824219,20367,0.0,0.0,0.0
2022-12-07 15:30:00-05:00,8.579999923706055,8.59000015258789,8.53499984741211,8.550000190734863,10867,0.0,0.0,0.0
2022-12-08 09:30:00-05:00,8.649999618530273,8.949999809265137,8.510000228881836,8.930000305175781,59593,0.0,0.0,0.0
2022-12-08 10:30:00-05:00,8.872599601745605,8.930000305175781,8.710000038146973,8.710000038146973,42448,0.0,0.0,0.0
2022-12-08 11:30:00-05:00,8.765000343322754,8.779999732971191,8.710000038146973,8.760000228881836,4553,0.0,0.0,0.0
2022-12-08 12:30:00-05:00,8.699999809265137,8.760000228881836,8.6899995803833,8.760000228881836,3517,0.0,0.0,0.0
2022-12-08 13:30:00-05:00,8.789999961853027,8.8100004196167,8.619999885559082,8.710000038146973,17338,0.0,0.0,0.0
2022-12-08 14:30:00-05:00,8.702199935913086,8.760000228881836,8.691499710083008,8.739999771118164,34578,0.0,0.0,0.0
2022-12-08 15:30:00-05:00,8.755000114440918,8.779999732971191,8.699999809265137,8.770000457763672,35295,0.0,0.0,0.0
2022-12-09 09:30:00-05:00,8.489999771118164,8.600000381469727,8.229999542236328,8.380000114440918,74659,0.0,0.0,0.0
2022-12-09 10:30:00-05:00,8.479999542236328,8.579999923706055,8.4399995803833,8.494999885559082,14887,0.0,0.0,0.0
2022-12-09 11:30:00-05:00,8.489999771118164,8.550000190734863,8.40999984741211,8.510000228881836,12734,0.0,0.0,0.0
2022-12-09 12:30:00-05:00,8.479999542236328,8.547499656677246,8.399999618530273,8.420000076293945,38481,0.0,0.0,0.0
2022-12-09 13:30:00-05:00,8.45009994506836,8.46619987487793,8.359999656677246,8.390000343322754,16089,0.0,0.0,0.0
2022-12-09 14:30:00-05:00,8.359999656677246,8.430000305175781,8.359999656677246,8.38010025024414,7541,0.0,0.0,0.0
2022-12-09 15:30:00-05:00,8.359999656677246,8.369999885559082,8.25,8.279999732971191,35552,0.0,0.0,0.0
2022-12-12 09:30:00-05:00,8.28499984741211,8.28499984741211,8.079999923706055,8.208000183105469,49571,0.0,0.0,0.0
2022-12-12 10:30:00-05:00,8.223699569702148,8.37909984588623,8.215999603271484,8.34000015258789,18125,0.0,0.0,0.0
2022-12-12 11:30:00-05:00,8.34000015258789,8.380000114440918,8.289999961853027,8.289999961853027,4553,0.0,0.0,0.0
2022-12-12 12:30:00-05:00,8.295000076293945,8.335000038146973,8.244999885559082,8.255000114440918,6069,0.0,0.0,0.0
2022-12-12 13:30:00-05:00,8.270000457763672,8.300000190734863,8.245800018310547,8.279999732971191,24526,0.0,0.0,0.0
2022-12-12 14:30:00-05:00,8.260000228881836,8.399999618530273,8.255000114440918,8.369999885559082,26393,0.0,0.0,0.0
2022-12-12 15:30:00-05:00,8.399999618530273,8.420000076293945,8.359999656677246,8.399999618530273,20412,0.0,0.0,0.0
2022-12-13 09:30:00-05:00,9.229999542236328,9.3149995803833,8.5649995803833,8.5649995803833,230581,0.0,0.0,0.0
2022-12-13 10:30:00-05:00,8.545000076293945,8.59000015258789,8.399999618530273,8.437399864196777,79233,0.0,0.0,0.0
2022-12-13 11:30:00-05:00,8.491600036621094,8.529999732971191,8.219900131225586,8.270000457763672,42595,0.0,0.0,0.0
2022-12-13 12:30:00-05:00,8.260000228881836,8.40999984741211,8.210000038146973,8.40999984741211,34832,0.0,0.0,0.0
2022-12-13 13:30:00-05:00,8.41100025177002,8.430000305175781,8.239999771118164,8.312299728393555,15271,0.0,0.0,0.0
2022-12-13 14:30:00-05:00,8.350000381469727,8.430000305175781,8.180000305175781,8.270099639892578,28113,0.0,0.0,0.0
2022-12-13 15:30:00-05:00,8.319999694824219,8.359999656677246,8.229999542236328,8.265000343322754,31152,0.0,0.0,0.0
2022-12-14 09:30:00-05:00,8.229999542236328,8.359999656677246,8.199999809265137,8.239999771118164,58489,0.0,0.0,0.0
2022-12-14 10:30:00-05:00,8.279999732971191,8.479999542236328,8.258099555969238,8.479999542236328,21914,0.0,0.0,0.0
2022-12-14 11:30:00-05:00,8.479999542236328,8.484999656677246,8.369999885559082,8.369999885559082,9785,0.0,0.0,0.0
2022-12-14 12:30:00-05:00,8.39579963684082,8.39579963684082,8.317099571228027,8.350000381469727,7319,0.0,0.0,0.0
2022-12-14 13:30:00-05:00,8.399999618530273,8.479999542236328,7.989999771118164,8.130000114440918,91721,0.0,0.0,0.0
2022-12-14 14:30:00-05:00,8.119999885559082,8.426199913024902,7.850100040435791,8.149999618530273,56331,0.0,0.0,0.0
2022-12-14 15:30:00-05:00,8.140000343322754,8.319999694824219,8.09000015258789,8.239999771118164,55723,0.0,0.0,0.0
2022-12-15 09:30:00-05:00,7.840000152587891,7.949999809265137,7.570000171661377,7.690000057220459,165774,0.0,0.0,0.0
2022-12-15 10:30:00-05:00,7.699999809265137,7.71999979019165,7.46999979019165,7.5,123278,0.0,0.0,0.0
2022-12-15 11:30:00-05:00,7.493199825286865,7.570199966430664,7.480000019073486,7.570000171661377,42693,0.0,0.0,0.0
2022-12-15 12:30:00-05:00,7.599999904632568,7.619999885559082,7.440000057220459,7.489999771118164,42763,0.0,0.0,0.0
2022-12-15 13:30:00-05:00,7.480000019073486,7.550000190734863,7.46999979019165,7.510000228881836,24291,0.0,0.0,0.0
2022-12-15 14:30:00-05:00,7.514999866485596,7.659900188446045,7.514999866485596,7.579999923706055,26158,0.0,0.0,0.0
2022-12-15 15:30:00-05:00,7.610000133514404,7.610000133514404,7.474999904632568,7.519999980926514,43902,0.0,0.0,0.0
2022-12-16 09:30:00-05:00,7.340000152587891,7.5,7.25,7.289899826049805,78829,0.0,0.0,0.0
2022-12-16 10:30:00-05:00,7.28000020980835,7.389999866485596,7.2378997802734375,7.320000171661377,43103,0.0,0.0,0.0
2022-12-16 11:30:00-05:00,7.309999942779541,7.310100078582764,7.164999961853027,7.184999942779541,42827,0.0,0.0,0.0
2022-12-16 12:30:00-05:00,7.179999828338623,7.21999979019165,7.146699905395508,7.146699905395508,27071,0.0,0.0,0.0
2022-12-16 13:30:00-05:00,7.139999866485596,7.189899921417236,7.139999866485596,7.150000095367432,27123,0.0,0.0,0.0
2022-12-16 14:30:00-05:00,7.159900188446045,7.239999771118164,7.139999866485596,7.180099964141846,22706,0.0,0.0,0.0
2022-12-16 15:30:00-05:00,7.190000057220459,7.260000228881836,7.190000057220459,7.235000133514404,41439,0.0,0.0,0.0
2022-12-19 09:30:00-05:00,7.260000228881836,7.349999904632568,7.067599773406982,7.21999979019165,46583,0.0,0.0,0.0
2022-12-19 10:30:00-05:00,7.204999923706055,7.204999923706055,6.940000057220459,6.96999979019165,55547,0.0,0.0,0.0
2022-12-19 11:30:00-05:00,6.920000076293945,6.96999979019165,6.900000095367432,6.920300006866455,31107,0.0,0.0,0.0
2022-12-19 12:30:00-05:00,6.913099765777588,6.960000038146973,6.880000114440918,6.900000095367432,30134,0.0,0.0,0.0
2022-12-19 13:30:00-05:00,6.880000114440918,6.885000228881836,6.789999961853027,6.840000152587891,49623,0.0,0.0,0.0
2022-12-19 14:30:00-05:00,6.835000038146973,6.869999885559082,6.75,6.809999942779541,33264,0.0,0.0,0.0
2022-12-19 15:30:00-05:00,6.820000171661377,6.849999904632568,6.770699977874756,6.829999923706055,55627,0.0,0.0,0.0
2022-12-20 09:30:00-05:00,6.75,6.789999961853027,6.480000019073486,6.789999961853027,161609,0.0,0.0,0.0
2022-12-20 10:30:00-05:00,6.789999961853027,6.850900173187256,6.589900016784668,6.599999904632568,40971,0.0,0.0,0.0
2022-12-20 11:30:00-05:00,6.605500221252441,6.679999828338623,6.605500221252441,6.670000076293945,10750,0.0,0.0,0.0
2022-12-20 12:30:00-05:00,6.610000133514404,6.690000057220459,6.599999904632568,6.6585001945495605,9679,0.0,0.0,0.0
2022-12-20 13:30:00-05:00,6.679999828338623,6.690000057220459,6.610000133514404,6.610000133514404,18354,0.0,0.0,0.0
2022-12-20 14:30:00-05:00,6.610000133514404,6.619900226593018,6.53000020980835,6.579999923706055,26069,0.0,0.0,0.0
2022-12-20 15:30:00-05:00,6.570000171661377,6.590000152587891,6.53000020980835,6.539999961853027,49631,0.0,0.0,0.0
2022-12-21 09:30:00-05:00,6.820000171661377,6.949999809265137,6.75,6.909900188446045,363224,0.0,0.0,0.0
2022-12-21 10:30:00-05:00,6.889999866485596,7.069900035858154,6.889999866485596,7.019999980926514,99793,0.0,0.0,0.0
2022-12-21 11:30:00-05:00,7.03000020980835,7.03000020980835,6.900000095367432,6.900000095367432,23645,0.0,0.0,0.0
2022-12-21 12:30:00-05:00,6.920000076293945,6.960000038146973,6.900000095367432,6.925000190734863,19973,0.0,0.0,0.0
2022-12-21 13:30:00-05:00,6.920000076293945,7.025000095367432,6.894999980926514,7.0,32438,0.0,0.0,0.0
2022-12-21 14:30:00-05:00,6.980000019073486,7.010000228881836,6.929999828338623,6.940000057220459,47176,0.0,0.0,0.0
2022-12-21 15:30:00-05:00,6.929999828338623,6.96999979019165,6.929999828338623,6.96999979019165,23579,0.0,0.0,0.0
2022-12-22 09:30:00-05:00,6.639999866485596,6.684999942779541,6.320000171661377,6.360000133514404,395910,0.0,0.0,0.0
2022-12-22 10:30:00-05:00,6.369999885559082,6.437099933624268,6.329999923706055,6.360000133514404,86652,0.0,0.0,0.0
2022-12-22 11:30:00-05:00,6.360000133514404,6.379899978637695,6.289999961853027,6.289999961853027,67228,0.0,0.0,0.0
2022-12-22 12:30:00-05:00,6.269999980926514,6.281000137329102,6.21999979019165,6.268400192260742,74432,0.0,0.0,0.0
2022-12-22 13:30:00-05:00,6.269999980926514,6.400000095367432,6.260000228881836,6.400000095367432,32415,0.0,0.0,0.0
2022-12-22 14:30:00-05:00,6.389999866485596,6.589900016784668,6.380000114440918,6.579999923706055,52179,0.0,0.0,0.0
2022-12-22 15:30:00-05:00,6.570000171661377,6.590000152587891,6.492000102996826,6.590000152587891,72378,0.0,0.0,0.0
2022-12-23 09:30:00-05:00,6.599999904632568,6.639999866485596,6.440000057220459,6.605800151824951,117403,0.0,0.0,0.0
2022-12-23 10:30:00-05:00,6.639999866485596,6.719200134277344,6.559999942779541,6.625999927520752,227913,0.0,0.0,0.0
2022-12-23 11:30:00-05:00,6.650000095367432,6.79010009765625,6.650000095367432,6.789999961853027,18878,0.0,0.0,0.0
2022-12-23 12:30:00-05:00,6.800000190734863,6.829999923706055,6.750100135803223,6.789999961853027,35338,0.0,0.0,0.0
2022-12-23 13:30:00-05:00,6.800000190734863,6.829999923706055,6.755000114440918,6.790900230407715,22771,0.0,0.0,0.0
2022-12-23 14:30:00-05:00,6.784900188446045,6.889999866485596,6.780099868774414,6.889999866485596,23981,0.0,0.0,0.0
2022-12-23 15:30:00-05:00,6.894999980926514,6.949999809265137,6.860000133514404,6.940000057220459,130060,0.0,0.0,0.0
2022-12-27 09:30:00-05:00,6.880000114440918,6.940000057220459,6.710100173950195,6.882199764251709,67199,0.0,0.0,0.0
2022-12-27 10:30:00-05:00,6.880099773406982,6.96999979019165,6.869999885559082,6.949999809265137,21041,0.0,0.0,0.0
2022-12-27 11:30:00-05:00,6.949999809265137,6.949999809265137,6.840000152587891,6.840000152587891,19383,0.0,0.0,0.0
2022-12-27 12:30:00-05:00,6.840000152587891,6.879300117492676,6.78000020980835,6.800000190734863,10977,0.0,0.0,0.0
2022-12-27 13:30:00-05:00,6.78000020980835,6.78000020980835,6.690000057220459,6.695000171661377,18199,0.0,0.0,0.0
2022-12-27 14:30:00-05:00,6.710000038146973,6.71999979019165,6.65500020980835,6.715000152587891,0,0.0,0.0,0.0
2022-12-27 15:30:00-05:00,6.715000152587891,6.7393999099731445,6.684999942779541,6.71999979019165,221468,0.0,0.0,0.0
2022-12-28 09:30:00-05:00,6.690000057220459,6.820000171661377,6.559999942779541,6.574999809265137,54282,0.0,0.0,0.0
2022-12-28 10:30:00-05:00,6.539999961853027,6.559999942779541,6.381700038909912,6.400000095367432,142825,0.0,0.0,0.0
2022-12-28 11:30:00-05:00,6.401100158691406,6.428100109100342,6.329899787902832,6.360000133514404,69868,0.0,0.0,0.0
2022-12-28 12:30:00-05:00,6.388400077819824,6.539999961853027,6.370200157165527,6.440000057220459,50811,0.0,0.0,0.0
2022-12-28 13:30:00-05:00,6.440000057220459,6.489999771118164,6.420000076293945,6.440000057220459,19695,0.0,0.0,0.0
2022-12-28 14:30:00-05:00,6.449999809265137,6.494999885559082,6.369999885559082,6.369999885559082,22063,0.0,0.0,0.0
2022-12-28 15:30:00-05:00,6.394999980926514,6.419899940490723,6.389999866485596,6.389999866485596,17945,0.0,0.0,0.0
2022-12-29 09:30:00-05:00,6.519999980926514,6.809999942779541,6.5,6.788300037384033,76844,0.0,0.0,0.0
2022-12-29 10:30:00-05:00,6.781199932098389,6.860000133514404,6.760000228881836,6.829999923706055,66538,0.0,0.0,0.0
2022-12-29 11:30:00-05:00,6.829999923706055,6.900000095367432,6.829999923706055,6.869999885559082,130710,0.0,0.0,0.0
2022-12-29 12:30:00-05:00,6.860000133514404,6.869999885559082,6.82289981842041,6.869999885559082,9151,0.0,0.0,0.0
2022-12-29 13:30:00-05:00,6.860000133514404,6.920000076293945,6.840000152587891,6.9145002365112305,16822,0.0,0.0,0.0
2022-12-29 14:30:00-05:00,6.909999847412109,6.940000057220459,6.830100059509277,6.840000152587891,24518,0.0,0.0,0.0
2022-12-29 15:30:00-05:00,6.840000152587891,6.909999847412109,6.829999923706055,6.889999866485596,79768,0.0,0.0,0.0
2022-12-30 09:30:00-05:00,6.650000095367432,6.903600215911865,6.630000114440918,6.889999866485596,49540,0.0,0.0,0.0
2022-12-30 10:30:00-05:00,6.869999885559082,6.900000095367432,6.820000171661377,6.829999923706055,27411,0.0,0.0,0.0
2022-12-30 11:30:00-05:00,6.840000152587891,6.920000076293945,6.840000152587891,6.90500020980835,12321,0.0,0.0,0.0
2022-12-30 12:30:00-05:00,6.909999847412109,6.929999828338623,6.78000020980835,6.783100128173828,54026,0.0,0.0,0.0
2022-12-30 13:30:00-05:00,6.829999923706055,6.869900226593018,6.800000190734863,6.820000171661377,24752,0.0,0.0,0.0
2022-12-30 14:30:00-05:00,6.824999809265137,6.860000133514404,6.741300106048584,6.840000152587891,25392,0.0,0.0,0.0
2022-12-30 15:30:00-05:00,6.831600189208984,6.949999809265137,6.831600189208984,6.929900169372559,63353,0.0,0.0,0.0
2023-01-03 09:30:00-05:00,7.079999923706055,7.2322998046875,6.840000152587891,6.929999828338623,127103,0.0,0.0,0.0
2023-01-03 10:30:00-05:00,6.920000076293945,7.089900016784668,6.88100004196167,6.889999866485596,15376,0.0,0.0,0.0
2023-01-03 11:30:00-05:00,6.880000114440918,6.889999866485596,6.774199962615967,6.783100128173828,28675,0.0,0.0,0.0
2023-01-03 12:30:00-05:00,6.808000087738037,6.860000133514404,6.698999881744385,6.860000133514404,22855,0.0,0.0,0.0
2023-01-03 13:30:00-05:00,6.860000133514404,6.860000133514404,6.760900020599365,6.770199775695801,6141,0.0,0.0,0.0
2023-01-03 14:30:00-05:00,6.75,6.900000095367432,6.730000019073486,6.840000152587891,12968,0.0,0.0,0.0
2023-01-03 15:30:00-05:00,6.849999904632568,6.849999904632568,6.78000020980835,6.789999961853027,52452,0.0,0.0,0.0
2023-01-04 09:30:00-05:00,6.949999809265137,7.059999942779541,6.883200168609619,6.949999809265137,74818,0.0,0.0,0.0
2023-01-04 10:30:00-05:00,6.980000019073486,7.230000019073486,6.980000019073486,7.21999979019165,117598,0.0,0.0,0.0
2023-01-04 11:30:00-05:00,7.230000019073486,7.394999980926514,7.230000019073486,7.369999885559082,94699,0.0,0.0,0.0
2023-01-04 12:30:00-05:00,7.400000095367432,7.420000076293945,7.309999942779541,7.409999847412109,24639,0.0,0.0,0.0
2023-01-04 13:30:00-05:00,7.400000095367432,7.469900131225586,7.230000019073486,7.253300189971924,80596,0.0,0.0,0.0
2023-01-04 14:30:00-05:00,7.230000019073486,7.3933000564575195,7.2241997718811035,7.309999942779541,21701,0.0,0.0,0.0
2023-01-04 15:30:00-05:00,7.289999961853027,7.349999904632568,7.2221999168396,7.349999904632568,58897,0.0,0.0,0.0
2023-01-05 09:30:00-05:00,7.070000171661377,7.119999885559082,6.800000190734863,7.070000171661377,116666,0.0,0.0,0.0
2023-01-05 10:30:00-05:00,7.070000171661377,7.110000133514404,6.96999979019165,6.96999979019165,11911,0.0,0.0,0.0
2023-01-05 11:30:00-05:00,6.96999979019165,7.070000171661377,6.960000038146973,7.010000228881836,15245,0.0,0.0,0.0
2023-01-05 12:30:00-05:00,7.03000020980835,7.170000076293945,7.0,7.148600101470947,10988,0.0,0.0,0.0
2023-01-05 13:30:00-05:00,7.139999866485596,7.189899921417236,7.110000133514404,7.135000228881836,55830,0.0,0.0,0.0
2023-01-05 14:30:00-05:00,7.130000114440918,7.25,7.130000114440918,7.159999847412109,8144,0.0,0.0,0.0
2023-01-05 15:30:00-05:00,7.139999866485596,7.199999809265137,7.130000114440918,7.15500020980835,29469,0.0,0.0,0.0
2023-01-06 09:30:00-05:00,7.328499794006348,7.46999979019165,7.210000038146973,7.400000095367432,113568,0.0,0.0,0.0
2023-01-06 10:30:00-05:00,7.422999858856201,7.639999866485596,7.422999858856201,7.590000152587891,60031,0.0,0.0,0.0
2023-01-06 11:30:00-05:00,7.590199947357178,7.640399932861328,7.520100116729736,7.550000190734863,114019,0.0,0.0,0.0
2023-01-06 12:30:00-05:00,7.550000190734863,7.561699867248535,7.4720001220703125,7.559999942779541,29696,0.0,0.0,0.0
2023-01-06 13:30:00-05:00,7.570000171661377,7.670000076293945,7.556000232696533,7.644999980926514,47542,0.0,0.0,0.0
2023-01-06 14:30:00-05:00,7.640100002288818,7.760000228881836,7.640100002288818,7.690000057220459,30024,0.0,0.0,0.0
2023-01-06 15:30:00-05:00,7.699999809265137,7.739999771118164,7.690000057220459,7.710000038146973,78532,0.0,0.0,0.0
2023-01-09 09:30:00-05:00,7.820000171661377,7.849999904632568,7.554999828338623,7.820000171661377,282937,0.0,0.0,0.0
2023-01-09 10:30:00-05:00,7.820000171661377,7.920000076293945,7.760000228881836,7.889999866485596,75957,0.0,0.0,0.0
2023-01-09 11:30:00-05:00,7.869999885559082,7.943299770355225,7.829999923706055,7.920000076293945,24256,0.0,0.0,0.0
2023-01-09 12:30:00-05:00,7.940000057220459,7.95989990234375,7.869999885559082,7.929999828338623,30321,0.0,0.0,0.0
2023-01-09 13:30:00-05:00,7.949999809265137,7.949999809265137,7.789999961853027,7.840000152587891,38135,0.0,0.0,0.0
2023-01-09 14:30:00-05:00,7.809999942779541,7.809999942779541,7.619999885559082,7.689899921417236,155273,0.0,0.0,0.0
2023-01-09 15:30:00-05:00,7.670000076293945,7.684999942779541,7.599999904632568,7.630000114440918,44094,0.0,0.0,0.0
2023-01-10 09:30:00-05:00,7.679999828338623,7.909999847412109,7.590000152587891,7.809999942779541,194533,0.0,0.0,0.0
2023-01-10 10:30:00-05:00,7.795000076293945,7.795000076293945,7.599999904632568,7.772799968719482,101655,0.0,0.0,0.0
2023-01-10 11:30:00-05:00,7.769999980926514,7.849999904632568,7.769999980926514,7.811600208282471,11613,0.0,0.0,0.0
2023-01-10 12:30:00-05:00,7.829999923706055,7.874000072479248,7.820000171661377,7.874000072479248,15182,0.0,0.0,0.0
2023-01-10 13:30:00-05:00,7.889999866485596,8.010000228881836,7.889999866485596,8.010000228881836,109090,0.0,0.0,0.0
2023-01-10 14:30:00-05:00,8.014900207519531,8.039999961853027,7.965000152587891,7.980000019073486,119299,0.0,0.0,0.0
2023-01-10 15:30:00-05:00,7.9903998374938965,8.14009952545166,7.9903998374938965,8.140000343322754,190448,0.0,0.0,0.0
2023-01-11 09:30:00-05:00,8.25,8.699999809265137,8.25,8.649999618530273,280591,0.0,0.0,0.0
2023-01-11 10:30:00-05:00,8.62600040435791,8.649999618530273,8.420000076293945,8.489999771118164,64182,0.0,0.0,0.0
2023-01-11 11:30:00-05:00,8.5,8.640000343322754,8.489999771118164,8.609999656677246,29546,0.0,0.0,0.0
2023-01-11 12:30:00-05:00,8.609999656677246,8.654999732971191,8.595000267028809,8.630000114440918,33520,0.0,0.0,0.0
2023-01-11 13:30:00-05:00,8.635000228881836,8.6899995803833,8.630000114440918,8.630000114440918,42987,0.0,0.0,0.0
2023-01-11 14:30:00-05:00,8.640000343322754,8.6899995803833,8.619999885559082,8.679300308227539,77439,0.0,0.0,0.0
2023-01-11 15:30:00-05:00,8.670000076293945,8.729999542236328,8.619999885559082,8.729999542236328,98052,0.0,0.0,0.0
2023-01-12 09:30:00-05:00,8.84000015258789,8.920000076293945,8.369999885559082,8.675000190734863,185913,0.0,0.0,0.0
2023-01-12 10:30:00-05:00,8.65999984741211,8.674099922180176,8.460000038146973,8.550000190734863,39584,0.0,0.0,0.0
2023-01-12 11:30:00-05:00,8.5600004196167,8.720000267028809,8.538999557495117,8.692000389099121,22528,0.0,0.0,0.0
2023-01-12 12:30:00-05:00,8.708999633789062,8.729999542236328,8.579999923706055,8.579999923706055,26411,0.0,0.0,0.0
2023-01-12 13:30:00-05:00,8.59000015258789,8.859999656677246,8.539999961853027,8.850000381469727,48415,0.0,0.0,0.0
2023-01-12 14:30:00-05:00,8.859999656677246,8.89330005645752,8.807299613952637,8.880000114440918,23772,0.0,0.0,0.0
2023-01-12 15:30:00-05:00,8.899700164794922,8.949999809265137,8.829999923706055,8.930000305175781,55068,0.0,0.0,0.0
2023-01-13 09:30:00-05:00,8.59000015258789,8.979999542236328,8.569999694824219,8.89900016784668,100788,0.0,0.0,0.0
2023-01-13 10:30:00-05:00,8.90999984741211,9.079999923706055,8.869600296020508,8.949899673461914,44278,0.0,0.0,0.0
2023-01-13 11:30:00-05:00,8.868000030517578,8.9399995803833,8.845000267028809,8.9399995803833,6929,0.0,0.0,0.0
2023-01-13 12:30:00-05:00,8.890000343322754,8.920000076293945,8.75,8.800000190734863,5627,0.0,0.0,0.0
2023-01-13 13:30:00-05:00,8.829999923706055,8.93220043182373,8.829999923706055,8.93220043182373,8884,0.0,0.0,0.0
2023-01-13 14:30:00-05:00,8.899999618530273,8.937600135803223,8.850000381469727,8.930000305175781,66339,0.0,0.0,0.0
2023-01-13 15:30:00-05:00,8.930000305175781,8.960000038146973,8.907899856567383,8.944299697875977,31294,0.0,0.0,0.0
2023-01-17 09:30:00-05:00,8.8100004196167,9.0,8.630000114440918,8.970000267028809,100854,0.0,0.0,0.0
2023-01-17 10:30:00-05:00,8.899999618530273,8.899999618530273,8.720000267028809,8.760000228881836,25666,0.0,0.0,0.0
2023-01-17 11:30:00-05:00,8.739999771118164,8.839699745178223,8.729999542236328,8.75,8417,0.0,0.0,0.0
2023-01-17 12:30:00-05:00,8.770000457763672,8.819999694824219,8.760000228881836,8.760000228881836,12647,0.0,0.0,0.0
2023-01-17 13:30:00-05:00,8.80840015411377,8.84000015258789,8.729900360107422,8.739999771118164,23575,0.0,0.0,0.0
2023-01-17 14:30:00-05:00,8.774999618530273,8.859999656677246,8.770000457763672,8.84000015258789,23172,0.0,0.0,0.0
2023-01-17 15:30:00-05:00,8.845000267028809,8.899999618530273,8.799300193786621,8.819999694824219,48467,0.0,0.0,0.0
2023-01-18 09:30:00-05:00,9.0,9.380000114440918,9.0,9.319700241088867,232177,0.0,0.0,0.0
2023-01-18 10:30:00-05:00,9.310099601745605,9.310099601745605,8.819999694824219,8.90999984741211,203807,0.0,0.0,0.0
2023-01-18 11:30:00-05:00,8.869999885559082,8.869999885559082,8.670000076293945,8.670000076293945,37225,0.0,0.0,0.0
2023-01-18 12:30:00-05:00,8.670000076293945,8.689599990844727,8.569999694824219,8.649999618530273,24180,0.0,0.0,0.0
2023-01-18 13:30:00-05:00,8.680000305175781,8.75,8.59000015258789,8.641500473022461,16862,0.0,0.0,0.0
2023-01-18 14:30:00-05:00,8.630000114440918,8.640000343322754,8.539999961853027,8.539999961853027,97066,0.0,0.0,0.0
2023-01-18 15:30:00-05:00,8.529999732971191,8.529999732971191,8.399999618530273,8.4399995803833,105294,0.0,0.0,0.0
2023-01-19 09:30:00-05:00,8.319999694824219,8.319999694824219,7.880000114440918,7.889999866485596,127890,0.0,0.0,0.0
2023-01-19 10:30:00-05:00,7.860000133514404,7.940000057220459,7.78000020980835,7.840000152587891,55464,0.0,0.0,0.0
2023-01-19 11:30:00-05:00,7.829999923706055,7.940000057220459,7.809999942779541,7.909999847412109,31549,0.0,0.0,0.0
2023-01-19 12:30:00-05:00,7.880000114440918,7.950900077819824,7.860099792480469,7.929999828338623,9765,0.0,0.0,0.0
2023-01-19 13:30:00-05:00,7.960000038146973,8.140000343322754,7.960000038146973,8.130000114440918,18156,0.0,0.0,0.0
2023-01-19 14:30:00-05:00,8.119999885559082,8.14009952545166,8.029999732971191,8.039999961853027,53806,0.0,0.0,0.0
2023-01-19 15:30:00-05:00,8.020000457763672,8.020000457763672,7.931700229644775,7.949999809265137,41933,0.0,0.0,0.0
2023-01-20 09:30:00-05:00,8.079999923706055,8.229900360107422,7.879899978637695,8.229900360107422,98951,0.0,0.0,0.0
2023-01-20 10:30:00-05:00,8.229999542236328,8.350000381469727,8.1850004196167,8.350000381469727,46950,0.0,0.0,0.0
2023-01-20 11:30:00-05:00,8.380000114440918,8.390000343322754,8.300000190734863,8.354999542236328,29448,0.0,0.0,0.0
2023-01-20 12:30:00-05:00,8.347999572753906,8.369000434875488,8.289999961853027,8.319999694824219,15453,0.0,0.0,0.0
2023-01-20 13:30:00-05:00,8.319999694824219,8.520000457763672,8.319999694824219,8.510499954223633,33688,0.0,0.0,0.0
2023-01-20 14:30:00-05:00,8.550000190734863,8.579999923706055,8.500100135803223,8.520000457763672,62363,0.0,0.0,0.0
2023-01-20 15:30:00-05:00,8.520000457763672,8.578399658203125,8.470000267028809,8.569999694824219,75633,0.0,0.0,0.0
2023-01-23 09:30:00-05:00,8.720000267028809,9.229999542236328,8.680000305175781,9.170000076293945,112776,0.0,0.0,0.0
2023-01-23 10:30:00-05:00,9.180000305175781,9.305000305175781,9.14109992980957,9.239999771118164,92358,0.0,0.0,0.0
2023-01-23 11:30:00-05:00,9.229999542236328,9.270000457763672,9.1899995803833,9.23009967803955,39803,0.0,0.0,0.0
2023-01-23 12:30:00-05:00,9.25,9.4350004196167,9.25,9.420000076293945,61846,0.0,0.0,0.0
2023-01-23 13:30:00-05:00,9.430000305175781,9.475000381469727,9.312399864196777,9.312399864196777,85150,0.0,0.0,0.0
2023-01-23 14:30:00-05:00,9.329999923706055,9.339500427246094,9.163000106811523,9.308500289916992,51422,0.0,0.0,0.0
2023-01-23 15:30:00-05:00,9.319999694824219,9.380000114440918,9.289999961853027,9.34000015258789,65182,0.0,0.0,0.0
2023-01-24 09:30:00-05:00,9.15999984741211,9.354999542236328,9.010000228881836,9.180000305175781,96412,0.0,0.0,0.0
2023-01-24 10:30:00-05:00,9.1899995803833,9.287500381469727,9.079999923706055,9.287500381469727,31848,0.0,0.0,0.0
2023-01-24 11:30:00-05:00,9.220000267028809,9.220000267028809,9.119999885559082,9.15999984741211,5983,0.0,0.0,0.0
2023-01-24 12:30:00-05:00,9.158300399780273,9.15999984741211,9.079999923706055,9.118000030517578,18161,0.0,0.0,0.0
2023-01-24 13:30:00-05:00,9.130800247192383,9.216500282287598,9.100000381469727,9.100000381469727,17886,0.0,0.0,0.0
2023-01-24 14:30:00-05:00,9.135000228881836,9.179900169372559,9.09000015258789,9.100000381469727,10402,0.0,0.0,0.0
2023-01-24 15:30:00-05:00,9.100000381469727,9.100000381469727,8.979999542236328,8.989999771118164,56657,0.0,0.0,0.0
2023-01-25 09:30:00-05:00,8.729999542236328,8.75,8.5,8.600000381469727,93019,0.0,0.0,0.0
2023-01-25 10:30:00-05:00,8.630000114440918,8.930000305175781,8.569999694824219,8.859999656677246,40306,0.0,0.0,0.0
2023-01-25 11:30:00-05:00,8.850000381469727,8.944999694824219,8.829999923706055,8.890000343322754,15995,0.0,0.0,0.0
2023-01-25 12:30:00-05:00,8.939900398254395,9.079999923706055,8.910099983215332,9.0600004196167,30337,0.0,0.0,0.0
2023-01-25 13:30:00-05:00,9.069999694824219,9.204000473022461,9.022000312805176,9.130000114440918,28438,0.0,0.0,0.0
2023-01-25 14:30:00-05:00,9.149999618530273,9.260000228881836,9.119999885559082,9.196000099182129,28153,0.0,0.0,0.0
2023-01-25 15:30:00-05:00,9.220000267028809,9.25,9.1899995803833,9.239999771118164,16204,0.0,0.0,0.0
2023-01-26 09:30:00-05:00,9.579999923706055,9.869999885559082,9.21500015258789,9.370100021362305,161033,0.0,0.0,0.0
2023-01-26 10:30:00-05:00,9.319999694824219,9.390000343322754,9.1850004196167,9.199999809265137,26832,0.0,0.0,0.0
2023-01-26 11:30:00-05:00,9.279999732971191,9.369999885559082,9.240099906921387,9.270000457763672,15474,0.0,0.0,0.0
2023-01-26 12:30:00-05:00,9.300000190734863,9.34000015258789,9.260000228881836,9.300000190734863,14120,0.0,0.0,0.0
2023-01-26 13:30:00-05:00,9.345000267028809,9.449999809265137,9.345000267028809,9.430000305175781,6019,0.0,0.0,0.0
2023-01-26 14:30:00-05:00,9.420000076293945,9.460000038146973,9.329999923706055,9.429900169372559,29614,0.0,0.0,0.0
2023-01-26 15:30:00-05:00,9.369999885559082,9.510000228881836,9.369999885559082,9.510000228881836,35140,0.0,0.0,0.0
2023-01-27 09:30:00-05:00,9.460000038146973,9.749899864196777,9.460000038146973,9.549500465393066,74522,0.0,0.0,0.0
2023-01-27 10:30:00-05:00,9.600000381469727,9.609999656677246,9.430000305175781,9.501500129699707,27916,0.0,0.0,0.0
2023-01-27 11:30:00-05:00,9.520000457763672,9.710000038146973,9.510000228881836,9.699999809265137,22392,0.0,0.0,0.0
2023-01-27 12:30:00-05:00,9.699999809265137,9.85990047454834,9.699899673461914,9.845000267028809,45761,0.0,0.0,0.0
2023-01-27 13:30:00-05:00,9.84179973602295,10.050000190734863,9.84179973602295,10.020000457763672,56936,0.0,0.0,0.0
2023-01-27 14:30:00-05:00,10.020000457763672,10.11989974975586,9.98009967803955,10.100000381469727,82635,0.0,0.0,0.0
2023-01-27 15:30:00-05:00,10.104999542236328,10.109999656677246,9.95989990234375,9.979999542236328,48627,0.0,0.0,0.0
2023-01-30 09:30:00-05:00,9.739999771118164,10.1899995803833,9.680000305175781,9.932000160217285,92513,0.0,0.0,0.0
2023-01-30 10:30:00-05:00,9.979999542236328,10.077699661254883,9.800000190734863,10.039999961853027,70677,0.0,0.0,0.0
2023-01-30 11:30:00-05:00,10.069999694824219,10.079999923706055,9.930000305175781,9.930000305175781,16537,0.0,0.0,0.0
2023-01-30 12:30:00-05:00,9.979999542236328,10.010000228881836,9.920000076293945,9.979999542236328,14943,0.0,0.0,0.0
2023-01-30 13:30:00-05:00,9.949999809265137,9.949999809265137,9.819999694824219,9.890299797058105,18850,0.0,0.0,0.0
2023-01-30 14:30:00-05:00,9.869999885559082,9.920000076293945,9.779999732971191,9.8100004196167,30605,0.0,0.0,0.0
2023-01-30 15:30:00-05:00,9.84000015258789,9.859999656677246,9.729999542236328,9.760000228881836,18249,0.0,0.0,0.0
2023-01-31 09:30:00-05:00,9.850000381469727,10.180000305175781,9.850000381469727,10.069999694824219,114675,0.0,0.0,0.0
2023-01-31 10:30:00-05:00,10.140000343322754,10.34000015258789,10.140000343322754,10.319999694824219,58681,0.0,0.0,0.0
2023-01-31 11:30:00-05:00,10.339900016784668,10.380000114440918,10.274999618530273,10.34000015258789,49369,0.0,0.0,0.0
2023-01-31 12:30:00-05:00,10.329999923706055,10.340800285339355,10.229999542236328,10.260000228881836,17814,0.0,0.0,0.0
2023-01-31 13:30:00-05:00,10.255000114440918,10.359999656677246,10.210000038146973,10.359999656677246,13284,0.0,0.0,0.0
2023-01-31 14:30:00-05:00,10.359999656677246,10.460000038146973,10.312000274658203,10.339099884033203,46295,0.0,0.0,0.0
2023-01-31 15:30:00-05:00,10.380000114440918,10.59000015258789,10.380000114440918,10.569999694824219,141781,0.0,0.0,0.0
2023-02-01 09:30:00-05:00,10.510000228881836,10.630000114440918,10.369999885559082,10.579999923706055,160331,0.0,0.0,0.0
2023-02-01 10:30:00-05:00,10.569999694824219,10.569999694824219,10.3100004196167,10.4399995803833,45074,0.0,0.0,0.0
2023-02-01 11:30:00-05:00,10.453800201416016,10.46619987487793,10.359999656677246,10.40999984741211,25896,0.0,0.0,0.0
2023-02-01 12:30:00-05:00,10.430000305175781,10.529999732971191,10.420000076293945,10.511899948120117,41454,0.0,0.0,0.0
2023-02-01 13:30:00-05:00,10.520099639892578,10.727999687194824,10.359999656677246,10.687700271606445,115278,0.0,0.0,0.0
2023-02-01 14:30:00-05:00,10.670000076293945,11.600000381469727,10.470000267028809,11.600000381469727,285285,0.0,0.0,0.0
2023-02-01 15:30:00-05:00,11.640000343322754,11.84000015258789,11.479999542236328,11.569999694824219,121684,0.0,0.0,0.0
2023-02-02 09:30:00-05:00,12.1899995803833,12.779899597167969,12.100000381469727,12.670000076293945,331727,0.0,0.0,0.0
2023-02-02 10:30:00-05:00,12.739999771118164,13.125,12.660300254821777,12.791999816894531,194860,0.0,0.0,0.0
2023-02-02 11:30:00-05:00,12.760000228881836,12.91670036315918,12.739999771118164,12.899999618530273,103939,0.0,0.0,0.0
2023-02-02 12:30:00-05:00,12.90999984741211,13.0600004196167,12.90999984741211,13.010499954223633,91795,0.0,0.0,0.0
2023-02-02 13:30:00-05:00,13.038000106811523,13.188400268554688,12.711400032043457,12.75,69026,0.0,0.0,0.0
2023-02-02 14:30:00-05:00,12.710000038146973,12.739999771118164,12.1899995803833,12.360699653625488,109770,0.0,0.0,0.0
2023-02-02 15:30:00-05:00,12.430000305175781,12.569999694824219,12.300000190734863,12.569999694824219,51173,0.0,0.0,0.0
2023-02-03 09:30:00-05:00,12.0,12.630000114440918,11.899999618530273,12.5600004196167,298731,0.0,0.0,0.0
2023-02-03 10:30:00-05:00,12.550000190734863,12.720000267028809,12.550000190734863,12.640700340270996,55523,0.0,0.0,0.0
2023-02-03 11:30:00-05:00,12.670000076293945,12.850000381469727,12.479999542236328,12.630000114440918,52216,0.0,0.0,0.0
2023-02-03 12:30:00-05:00,12.600000381469727,12.710000038146973,12.25,12.25,54484,0.0,0.0,0.0
2023-02-03 13:30:00-05:00,12.21090030670166,12.220000267028809,12.010000228881836,12.079999923706055,34910,0.0,0.0,0.0
2023-02-03 14:30:00-05:00,12.079999923706055,12.1899995803833,11.930000305175781,12.140000343322754,62779,0.0,0.0,0.0
2023-02-03 15:30:00-05:00,12.130000114440918,12.169899940490723,11.960000038146973,12.079999923706055,81351,0.0,0.0,0.0
2023-02-06 09:30:00-05:00,11.640000343322754,11.9399995803833,11.329899787902832,11.354999542236328,210437,0.0,0.0,0.0
2023-02-06 10:30:00-05:00,11.319999694824219,11.614999771118164,11.239999771118164,11.589900016784668,89564,0.0,0.0,0.0
2023-02-06 11:30:00-05:00,11.59000015258789,11.600000381469727,11.3100004196167,11.369999885559082,40690,0.0,0.0,0.0
2023-02-06 12:30:00-05:00,11.380000114440918,11.51990032196045,11.260000228881836,11.319999694824219,15758,0.0,0.0,0.0
2023-02-06 13:30:00-05:00,11.3100004196167,11.515000343322754,11.279999732971191,11.369999885559082,32892,0.0,0.0,0.0
2023-02-06 14:30:00-05:00,11.359999656677246,11.359999656677246,11.229999542236328,11.359999656677246,30636,0.0,0.0,0.0
2023-02-06 15:30:00-05:00,11.295000076293945,11.407500267028809,11.295000076293945,11.359999656677246,39256,0.0,0.0,0.0
2023-02-07 09:30:00-05:00,11.15999984741211,11.199999809265137,10.470000267028809,10.510000228881836,226636,0.0,0.0,0.0
2023-02-07 10:30:00-05:00,10.520000457763672,10.779999732971191,10.5,10.720000267028809,89628,0.0,0.0,0.0
2023-02-07 11:30:00-05:00,10.75,10.869999885559082,10.720000267028809,10.75,38303,0.0,0.0,0.0
2023-02-07 12:30:00-05:00,10.75,11.3100004196167,10.739999771118164,10.767999649047852,96695,0.0,0.0,0.0
2023-02-07 13:30:00-05:00,10.65999984741211,10.9399995803833,10.510000228881836,10.899999618530273,121130,0.0,0.0,0.0
2023-02-07 14:30:00-05:00,10.930000305175781,11.140000343322754,10.90999984741211,11.140000343322754,36748,0.0,0.0,0.0
2023-02-07 15:30:00-05:00,11.130000114440918,11.34000015258789,11.089400291442871,11.25,70576,0.0,0.0,0.0
2023-02-08 09:30:00-05:00,11.0,11.210000038146973,10.710000038146973,10.979900360107422,121811,0.0,0.0,0.0
2023-02-08 10:30:00-05:00,10.979999542236328,10.979999542236328,10.600000381469727,10.609999656677246,36106,0.0,0.0,0.0
2023-02-08 11:30:00-05:00,10.648799896240234,10.819999694824219,10.579999923706055,10.760000228881836,35388,0.0,0.0,0.0
2023-02-08 12:30:00-05:00,10.8100004196167,10.899999618530273,10.702699661254883,10.760000228881836,11061,0.0,0.0,0.0
2023-02-08 13:30:00-05:00,10.720000267028809,10.819999694824219,10.649999618530273,10.75,13521,0.0,0.0,0.0
2023-02-08 14:30:00-05:00,10.770000457763672,10.794699668884277,10.680000305175781,10.760000228881836,10677,0.0,0.0,0.0
2023-02-08 15:30:00-05:00,10.789999961853027,10.859999656677246,10.739999771118164,10.750499725341797,17907,0.0,0.0,0.0
2023-02-09 09:30:00-05:00,11.109999656677246,11.350000381469727,10.970000267028809,10.989999771118164,232983,0.0,0.0,0.0
2023-02-09 10:30:00-05:00,10.95009994506836,11.0600004196167,10.770000457763672,10.770000457763672,60214,0.0,0.0,0.0
2023-02-09 11:30:00-05:00,10.789999961853027,10.824999809265137,10.600000381469727,10.600000381469727,46155,0.0,0.0,0.0
2023-02-09 12:30:00-05:00,10.600000381469727,10.600000381469727,10.359999656677246,10.520999908447266,59208,0.0,0.0,0.0
2023-02-09 13:30:00-05:00,10.5600004196167,10.569999694824219,10.350000381469727,10.350000381469727,18116,0.0,0.0,0.0
2023-02-09 14:30:00-05:00,10.364999771118164,10.4399995803833,10.210000038146973,10.210100173950195,89971,0.0,0.0,0.0
2023-02-09 15:30:00-05:00,10.199999809265137,10.260000228881836,10.119999885559082,10.170000076293945,72461,0.0,0.0,0.0
2023-02-10 09:30:00-05:00,9.920000076293945,10.130000114440918,9.710000038146973,9.998000144958496,122191,0.0,0.0,0.0
2023-02-10 10:30:00-05:00,10.027099609375,10.1181001663208,9.895000457763672,9.939900398254395,30475,0.0,0.0,0.0
2023-02-10 11:30:00-05:00,9.920000076293945,9.92199993133545,9.779999732971191,9.8100004196167,34278,0.0,0.0,0.0
2023-02-10 12:30:00-05:00,9.8100004196167,10.020000457763672,9.8100004196167,9.970000267028809,40583,0.0,0.0,0.0
2023-02-10 13:30:00-05:00,9.960000038146973,9.960000038146973,9.8149995803833,9.850000381469727,38124,0.0,0.0,0.0
2023-02-10 14:30:00-05:00,9.84000015258789,9.90999984741211,9.819999694824219,9.862000465393066,21614,0.0,0.0,0.0
2023-02-10 15:30:00-05:00,9.88640022277832,9.920000076293945,9.85669994354248,9.880000114440918,131606,0.0,0.0,0.0
2023-02-13 09:30:00-05:00,9.90999984741211,10.0,9.630000114440918,9.979999542236328,126258,0.0,0.0,0.0
2023-02-13 10:30:00-05:00,9.970000267028809,10.149999618530273,9.970000267028809,10.050000190734863,47735,0.0,0.0,0.0
2023-02-13 11:30:00-05:00,10.0600004196167,10.4399995803833,10.039999961853027,10.359999656677246,28692,0.0,0.0,0.0
2023-02-13 12:30:00-05:00,10.390000343322754,10.529999732971191,10.369999885559082,10.510000228881836,29730,0.0,0.0,0.0
2023-02-13 13:30:00-05:00,10.520000457763672,10.539999961853027,10.449999809265137,10.449999809265137,33287,0.0,0.0,0.0
2023-02-13 14:30:00-05:00,10.430000305175781,10.479999542236328,10.359999656677246,10.470000267028809,41463,0.0,0.0,0.0
2023-02-13 15:30:00-05:00,10.470000267028809,10.550000190734863,10.460000038146973,10.539999961853027,47523,0.0,0.0,0.0
2023-02-14 09:30:00-05:00,10.420000076293945,10.770000457763672,10.0600004196167,10.460000038146973,191903,0.0,0.0,0.0
2023-02-14 10:30:00-05:00,10.479999542236328,10.479999542236328,10.069999694824219,10.229999542236328,51806,0.0,0.0,0.0
2023-02-14 11:30:00-05:00,10.149999618530273,10.260000228881836,9.970000267028809,10.229999542236328,50930,0.0,0.0,0.0
2023-02-14 12:30:00-05:00,10.180000305175781,10.479999542236328,10.170000076293945,10.377699851989746,38274,0.0,0.0,0.0
2023-02-14 13:30:00-05:00,10.380000114440918,10.399999618530273,10.210000038146973,10.319999694824219,17605,0.0,0.0,0.0
2023-02-14 14:30:00-05:00,10.359999656677246,10.489999771118164,10.359999656677246,10.470000267028809,19055,0.0,0.0,0.0
2023-02-14 15:30:00-05:00,10.449999809265137,10.569999694824219,10.449999809265137,10.489999771118164,39267,0.0,0.0,0.0
2023-02-15 09:30:00-05:00,10.260000228881836,10.710000038146973,10.15999984741211,10.708399772644043,93762,0.0,0.0,0.0
2023-02-15 10:30:00-05:00,10.6899995803833,10.9399995803833,10.6899995803833,10.90999984741211,113281,0.0,0.0,0.0
2023-02-15 11:30:00-05:00,10.9399995803833,11.029999732971191,10.84000015258789,10.90999984741211,34630,0.0,0.0,0.0
2023-02-15 12:30:00-05:00,10.829999923706055,10.949999809265137,10.8100004196167,10.949999809265137,66566,0.0,0.0,0.0
2023-02-15 13:30:00-05:00,10.926600456237793,11.140000343322754,10.918499946594238,11.109999656677246,117826,0.0,0.0,0.0
2023-02-15 14:30:00-05:00,11.130000114440918,11.180000305175781,11.083700180053711,11.17959976196289,63375,0.0,0.0,0.0
2023-02-15 15:30:00-05:00,11.1899995803833,11.300000190734863,11.180000305175781,11.270000457763672,83445,0.0,0.0,0.0
2023-02-16 09:30:00-05:00,10.930000305175781,11.050000190734863,10.5600004196167,11.050000190734863,155336,0.0,0.0,0.0
2023-02-16 10:30:00-05:00,11.062000274658203,11.239999771118164,11.050000190734863,11.15999984741211,109457,0.0,0.0,0.0
2023-02-16 11:30:00-05:00,11.16409969329834,11.239899635314941,11.121700286865234,11.220000267028809,15769,0.0,0.0,0.0
2023-02-16 12:30:00-05:00,11.229999542236328,11.359999656677246,11.130000114440918,11.130000114440918,42134,0.0,0.0,0.0
2023-02-16 13:30:00-05:00,11.109999656677246,11.270000457763672,11.109999656677246,11.180000305175781,24528,0.0,0.0,0.0
2023-02-16 14:30:00-05:00,11.199999809265137,11.239999771118164,10.949999809265137,10.949999809265137,92270,0.0,0.0,0.0
2023-02-16 15:30:00-05:00,10.930000305175781,10.937899589538574,10.744799613952637,10.75,52320,0.0,0.0,0.0
2023-02-17 09:30:00-05:00,10.699999809265137,10.869999885559082,10.423999786376953,10.670000076293945,106624,0.0,0.0,0.0
2023-02-17 10:30:00-05:00,10.75,10.81029987335205,10.479999542236328,10.5,23971,0.0,0.0,0.0
2023-02-17 11:30:00-05:00,10.468000411987305,10.649999618530273,10.449999809265137,10.612199783325195,26410,0.0,0.0,0.0
2023-02-17 12:30:00-05:00,10.590999603271484,10.65999984741211,10.520000457763672,10.609999656677246,27857,0.0,0.0,0.0
2023-02-17 13:30:00-05:00,10.582200050354004,10.740900039672852,10.569999694824219,10.720000267028809,30089,0.0,0.0,0.0
2023-02-17 14:30:00-05:00,10.75,10.869999885559082,10.680000305175781,10.739999771118164,30614,0.0,0.0,0.0
2023-02-17 15:30:00-05:00,10.77400016784668,10.880000114440918,10.77400016784668,10.84000015258789,17865,0.0,0.0,0.0
2023-02-21 09:30:00-05:00,10.479999542236328,10.479999542236328,9.789999961853027,9.833800315856934,214182,0.0,0.0,0.0
2023-02-21 10:30:00-05:00,9.809100151062012,9.95989990234375,9.670000076293945,9.670000076293945,54702,0.0,0.0,0.0
2023-02-21 11:30:00-05:00,9.680000305175781,9.738900184631348,9.5,9.510000228881836,118251,0.0,0.0,0.0
2023-02-21 12:30:00-05:00,9.520000457763672,9.62720012664795,9.505999565124512,9.505999565124512,32186,0.0,0.0,0.0
2023-02-21 13:30:00-05:00,9.505000114440918,9.51990032196045,9.359999656677246,9.390000343322754,73489,0.0,0.0,0.0
2023-02-21 14:30:00-05:00,9.399900436401367,9.5,9.380000114440918,9.380000114440918,24618,0.0,0.0,0.0
2023-02-21 15:30:00-05:00,9.399999618530273,9.459699630737305,9.240099906921387,9.270000457763672,73467,0.0,0.0,0.0
2023-02-22 09:30:00-05:00,9.300000190734863,9.779999732971191,9.300000190734863,9.420000076293945,100962,0.0,0.0,0.0
2023-02-22 10:30:00-05:00,9.40999984741211,9.570099830627441,9.300000190734863,9.489999771118164,35999,0.0,0.0,0.0
2023-02-22 11:30:00-05:00,9.5,9.5600004196167,9.449999809265137,9.550000190734863,21527,0.0,0.0,0.0
2023-02-22 12:30:00-05:00,9.520000457763672,9.550000190734863,9.40999984741211,9.534199714660645,21533,0.0,0.0,0.0
2023-02-22 13:30:00-05:00,9.529999732971191,9.529999732971191,9.329999923706055,9.399999618530273,73803,0.0,0.0,0.0
2023-02-22 14:30:00-05:00,9.420000076293945,9.448599815368652,9.298700332641602,9.430000305175781,31705,0.0,0.0,0.0
2023-02-22 15:30:00-05:00,9.390000343322754,9.4399995803833,9.329999923706055,9.4350004196167,20597,0.0,0.0,0.0
2023-02-23 09:30:00-05:00,9.600000381469727,9.600000381469727,9.119999885559082,9.199999809265137,96327,0.0,0.0,0.0
2023-02-23 10:30:00-05:00,9.154999732971191,9.154999732971191,8.859999656677246,8.859999656677246,97465,0.0,0.0,0.0
2023-02-23 11:30:00-05:00,8.870100021362305,8.881999969482422,8.760000228881836,8.829999923706055,72462,0.0,0.0,0.0
2023-02-23 12:30:00-05:00,8.84000015258789,8.960000038146973,8.8100004196167,8.90999984741211,28471,0.0,0.0,0.0
2023-02-23 13:30:00-05:00,8.920499801635742,9.120100021362305,8.916299819946289,9.10990047454834,18683,0.0,0.0,0.0
2023-02-23 14:30:00-05:00,9.119999885559082,9.289899826049805,9.069999694824219,9.279999732971191,63183,0.0,0.0,0.0
2023-02-23 15:30:00-05:00,9.319999694824219,9.319999694824219,9.217900276184082,9.25,45992,0.0,0.0,0.0
2023-02-24 09:30:00-05:00,8.75,8.779999732971191,8.470000267028809,8.569999694824219,106965,0.0,0.0,0.0
2023-02-24 10:30:00-05:00,8.579999923706055,8.749899864196777,8.550000190734863,8.749899864196777,32295,0.0,0.0,0.0
2023-02-24 11:30:00-05:00,8.729999542236328,8.800000190734863,8.649999618530273,8.670000076293945,52713,0.0,0.0,0.0
2023-02-24 12:30:00-05:00,8.6850004196167,8.6850004196167,8.539999961853027,8.59000015258789,11861,0.0,0.0,0.0
2023-02-24 13:30:00-05:00,8.579999923706055,8.650099754333496,8.539999961853027,8.630000114440918,15841,0.0,0.0,0.0
2023-02-24 14:30:00-05:00,8.632399559020996,8.8100004196167,8.630000114440918,8.739999771118164,31832,0.0,0.0,0.0
2023-02-24 15:30:00-05:00,8.720000267028809,8.739999771118164,8.609999656677246,8.720000267028809,41816,0.0,0.0,0.0
2023-02-27 09:30:00-05:00,9.020000457763672,9.039999961853027,8.729999542236328,8.970000267028809,113033,0.0,0.0,0.0
2023-02-27 10:30:00-05:00,8.960100173950195,8.970000267028809,8.770299911499023,8.819999694824219,55057,0.0,0.0,0.0
2023-02-27 11:30:00-05:00,8.819999694824219,8.819999694824219,8.699999809265137,8.739999771118164,45202,0.0,0.0,0.0
2023-02-27 12:30:00-05:00,8.739999771118164,8.770000457763672,8.720000267028809,8.75,50016,0.0,0.0,0.0
2023-02-27 13:30:00-05:00,8.760000228881836,8.760000228881836,8.680000305175781,8.720000267028809,24441,0.0,0.0,0.0
2023-02-27 14:30:00-05:00,8.729999542236328,8.739999771118164,8.640000343322754,8.680000305175781,23363,0.0,0.0,0.0
2023-02-27 15:30:00-05:00,8.649999618530273,8.720000267028809,8.630000114440918,8.710000038146973,27117,0.0,0.0,0.0
2023-02-28 09:30:00-05:00,8.770000457763672,9.0600004196167,8.720999717712402,8.899999618530273,59609,0.0,0.0,0.0
2023-02-28 10:30:00-05:00,8.91189956665039,9.091300010681152,8.857999801635742,9.091300010681152,45328,0.0,0.0,0.0
2023-02-28 11:30:00-05:00,9.089900016784668,9.089900016784668,8.920000076293945,8.940799713134766,27913,0.0,0.0,0.0
2023-02-28 12:30:00-05:00,8.920000076293945,9.0,8.870100021362305,8.989999771118164,29894,0.0,0.0,0.0
2023-02-28 13:30:00-05:00,9.0,9.013400077819824,8.960000038146973,8.970000267028809,31082,0.0,0.0,0.0
2023-02-28 14:30:00-05:00,8.960100173950195,8.970000267028809,8.84000015258789,8.84529972076416,22415,0.0,0.0,0.0
2023-02-28 15:30:00-05:00,8.820099830627441,8.829999923706055,8.710000038146973,8.710000038146973,19717,0.0,0.0,0.0
2023-03-01 09:30:00-05:00,8.529999732971191,8.550000190734863,8.25,8.365599632263184,122723,0.0,0.0,0.0
2023-03-01 10:30:00-05:00,8.40999984741211,8.5,8.140000343322754,8.220000267028809,39856,0.0,0.0,0.0
2023-03-01 11:30:00-05:00,8.239899635314941,8.430000305175781,8.199999809265137,8.39009952545166,34985,0.0,0.0,0.0
2023-03-01 12:30:00-05:00,8.399999618530273,8.399999618530273,8.239999771118164,8.239999771118164,12763,0.0,0.0,0.0
2023-03-01 13:30:00-05:00,8.230500221252441,8.230999946594238,8.119999885559082,8.119999885559082,43994,0.0,0.0,0.0
2023-03-01 14:30:00-05:00,8.149999618530273,8.229999542236328,8.140000343322754,8.225000381469727,21805,0.0,0.0,0.0
2023-03-01 15:30:00-05:00,8.220000267028809,8.281999588012695,8.220000267028809,8.279999732971191,58648,0.0,0.0,0.0
2023-03-02 09:30:00-05:00,8.117199897766113,8.489299774169922,8.109999656677246,8.389900207519531,89313,0.0,0.0,0.0
2023-03-02 10:30:00-05:00,8.35569953918457,8.419899940490723,8.3100004196167,8.3100004196167,17637,0.0,0.0,0.0
2023-03-02 11:30:00-05:00,8.320500373840332,8.3818998336792,8.3149995803833,8.3818998336792,5176,0.0,0.0,0.0
2023-03-02 12:30:00-05:00,8.420000076293945,8.420000076293945,8.329999923706055,8.329999923706055,9871,0.0,0.0,0.0
2023-03-02 13:30:00-05:00,8.350000381469727,8.539899826049805,8.350000381469727,8.529600143432617,34389,0.0,0.0,0.0
2023-03-02 14:30:00-05:00,8.537500381469727,8.5600004196167,8.460000038146973,8.520000457763672,51406,0.0,0.0,0.0
2023-03-02 15:30:00-05:00,8.520000457763672,8.58549976348877,8.479999542236328,8.529999732971191,22830,0.0,0.0,0.0
2023-03-03 09:30:00-05:00,8.680000305175781,8.75,8.479999542236328,8.734999656677246,123625,0.0,0.0,0.0
2023-03-03 10:30:00-05:00,8.711299896240234,8.739999771118164,8.649999618530273,8.699999809265137,21217,0.0,0.0,0.0
2023-03-03 11:30:00-05:00,8.690099716186523,8.800000190734863,8.65999984741211,8.800000190734863,38247,0.0,0.0,0.0
2023-03-03 12:30:00-05:00,8.789999961853027,8.819999694824219,8.765000343322754,8.819999694824219,35633,0.0,0.0,0.0
2023-03-03 13:30:00-05:00,8.800000190734863,8.859999656677246,8.789999961853027,8.84000015258789,12530,0.0,0.0,0.0
2023-03-03 14:30:00-05:00,8.84000015258789,8.899999618530273,8.84000015258789,8.850000381469727,50345,0.0,0.0,0.0
2023-03-03 15:30:00-05:00,8.845000267028809,8.859999656677246,8.819999694824219,8.84000015258789,38170,0.0,0.0,0.0
2023-03-06 09:30:00-05:00,8.9399995803833,8.969900131225586,8.762399673461914,8.920000076293945,127109,0.0,0.0,0.0
2023-03-06 10:30:00-05:00,8.859999656677246,8.90999984741211,8.770000457763672,8.789999961853027,46734,0.0,0.0,0.0
2023-03-06 11:30:00-05:00,8.779999732971191,8.8100004196167,8.634200096130371,8.649999618530273,24391,0.0,0.0,0.0
2023-03-06 12:30:00-05:00,8.630000114440918,8.631400108337402,8.390000343322754,8.420000076293945,37231,0.0,0.0,0.0
2023-03-06 13:30:00-05:00,8.420000076293945,8.420000076293945,8.34000015258789,8.350000381469727,22576,0.0,0.0,0.0
2023-03-06 14:30:00-05:00,8.390000343322754,8.399999618530273,8.229999542236328,8.229999542236328,82506,0.0,0.0,0.0
2023-03-06 15:30:00-05:00,8.210000038146973,8.3100004196167,8.210000038146973,8.289999961853027,47336,0.0,0.0,0.0
2023-03-07 09:30:00-05:00,8.350000381469727,8.619999885559082,8.300000190734863,8.411999702453613,148523,0.0,0.0,0.0
2023-03-07 10:30:00-05:00,8.510000228881836,8.56879997253418,8.34000015258789,8.369999885559082,50819,0.0,0.0,0.0
2023-03-07 11:30:00-05:00,8.399999618530273,8.65999984741211,8.399999618530273,8.624300003051758,21404,0.0,0.0,0.0
2023-03-07 12:30:00-05:00,8.619999885559082,8.65999984741211,8.470000267028809,8.485099792480469,36081,0.0,0.0,0.0
2023-03-07 13:30:00-05:00,8.505499839782715,8.508399963378906,8.390000343322754,8.40999984741211,17798,0.0,0.0,0.0
2023-03-07 14:30:00-05:00,8.40999984741211,8.4399995803833,8.354999542236328,8.390000343322754,14870,0.0,0.0,0.0
2023-03-07 15:30:00-05:00,8.390000343322754,8.425000190734863,8.319999694824219,8.329999923706055,29118,0.0,0.0,0.0
2023-03-08 09:30:00-05:00,8.369999885559082,8.369999885559082,8.119999885559082,8.23799991607666,98874,0.0,0.0,0.0
2023-03-08 10:30:00-05:00,8.210000038146973,8.339599609375,8.210000038146973,8.25,35274,0.0,0.0,0.0
2023-03-08 11:30:00-05:00,8.229999542236328,8.319999694824219,8.15999984741211,8.15999984741211,20942,0.0,0.0,0.0
2023-03-08 12:30:00-05:00,8.149999618530273,8.149999618530273,8.09000015258789,8.09000015258789,34589,0.0,0.0,0.0
2023-03-08 13:30:00-05:00,8.095000267028809,8.15999984741211,8.039999961853027,8.140000343322754,26285,0.0,0.0,0.0
2023-03-08 14:30:00-05:00,8.149100303649902,8.192000389099121,8.119999885559082,8.180000305175781,7478,0.0,0.0,0.0
2023-03-08 15:30:00-05:00,8.210000038146973,8.340100288391113,8.190099716186523,8.319999694824219,48970,0.0,0.0,0.0
2023-03-09 09:30:00-05:00,8.25,8.388799667358398,8.15999984741211,8.220000267028809,57838,0.0,0.0,0.0
2023-03-09 10:30:00-05:00,8.26990032196045,8.329999923706055,8.1899995803833,8.199999809265137,16870,0.0,0.0,0.0
2023-03-09 11:30:00-05:00,8.220000267028809,8.239899635314941,8.100000381469727,8.239899635314941,30381,0.0,0.0,0.0
2023-03-09 12:30:00-05:00,8.234000205993652,8.270099639892578,8.120100021362305,8.120100021362305,50924,0.0,0.0,0.0
2023-03-09 13:30:00-05:00,8.130000114440918,8.140000343322754,8.000100135803223,8.137499809265137,77632,0.0,0.0,0.0
2023-03-09 14:30:00-05:00,8.119999885559082,8.170000076293945,7.894999980926514,7.920000076293945,80323,0.0,0.0,0.0
2023-03-09 15:30:00-05:00,7.909999847412109,7.949999809265137,7.789999961853027,7.849999904632568,55352,0.0,0.0,0.0
2023-03-10 09:30:00-05:00,7.75,7.75,7.210000038146973,7.320000171661377,146261,0.0,0.0,0.0
2023-03-10 10:30:00-05:00,7.369999885559082,7.679999828338623,7.329999923706055,7.679999828338623,37839,0.0,0.0,0.0
2023-03-10 11:30:00-05:00,7.7093000411987305,7.722599983215332,7.360000133514404,7.394899845123291,28935,0.0,0.0,0.0
2023-03-10 12:30:00-05:00,7.394999980926514,7.479899883270264,7.170000076293945,7.200099945068359,71093,0.0,0.0,0.0
2023-03-10 13:30:00-05:00,7.195000171661377,7.309999942779541,7.119999885559082,7.199999809265137,54236,0.0,0.0,0.0
2023-03-10 14:30:00-05:00,7.260000228881836,7.429999828338623,7.242000102996826,7.298600196838379,96102,0.0,0.0,0.0
2023-03-10 15:30:00-05:00,7.292799949645996,7.309999942779541,7.210000038146973,7.300000190734863,33721,0.0,0.0,0.0
2023-03-13 09:30:00-04:00,6.960000038146973,7.039299964904785,6.650400161743164,6.730000019073486,134877,0.0,0.0,0.0
2023-03-13 10:30:00-04:00,6.768799781799316,7.071499824523926,6.610000133514404,7.071499824523926,145667,0.0,0.0,0.0
2023-03-13 11:30:00-04:00,7.099899768829346,7.159999847412109,6.900000095367432,6.940000057220459,53186,0.0,0.0,0.0
2023-03-13 12:30:00-04:00,6.950099945068359,7.0,6.800000190734863,6.849899768829346,45307,0.0,0.0,0.0
2023-03-13 13:30:00-04:00,6.869900226593018,7.03000020980835,6.869900226593018,6.940000057220459,29425,0.0,0.0,0.0
2023-03-13 14:30:00-04:00,6.9720001220703125,7.039999961853027,6.789999961853027,6.789999961853027,30710,0.0,0.0,0.0
2023-03-13 15:30:00-04:00,6.829999923706055,6.940000057220459,6.769999980926514,6.769999980926514,64779,0.0,0.0,0.0
2023-03-14 09:30:00-04:00,7.269999980926514,7.309999942779541,6.910999774932861,7.083600044250488,207673,0.0,0.0,0.0
2023-03-14 10:30:00-04:00,7.079999923706055,7.139999866485596,7.010000228881836,7.119999885559082,59339,0.0,0.0,0.0
2023-03-14 11:30:00-04:00,7.119999885559082,7.130000114440918,7.0,7.0,71854,0.0,0.0,0.0
2023-03-14 12:30:00-04:00,7.000100135803223,7.0447001457214355,6.809999942779541,6.859899997711182,33739,0.0,0.0,0.0
2023-03-14 13:30:00-04:00,6.849999904632568,6.849999904632568,6.699999809265137,6.795000076293945,62964,0.0,0.0,0.0
2023-03-14 14:30:00-04:00,6.809999942779541,6.809999942779541,6.619999885559082,6.6697998046875,124677,0.0,0.0,0.0
2023-03-14 15:30:00-04:00,6.690000057220459,6.829999923706055,6.684999942779541,6.820000171661377,41671,0.0,0.0,0.0
2023-03-15 09:30:00-04:00,6.489999771118164,6.559999942779541,6.291399955749512,6.440000057220459,149655,0.0,0.0,0.0
2023-03-15 10:30:00-04:00,6.454999923706055,6.579999923706055,6.349999904632568,6.520100116729736,100526,0.0,0.0,0.0
2023-03-15 11:30:00-04:00,6.53000020980835,6.599999904632568,6.400000095367432,6.400000095367432,19630,0.0,0.0,0.0
2023-03-15 12:30:00-04:00,6.440000057220459,6.485000133514404,6.320000171661377,6.481599807739258,21468,0.0,0.0,0.0
2023-03-15 13:30:00-04:00,6.46999979019165,6.699999809265137,6.400000095367432,6.699999809265137,45496,0.0,0.0,0.0
2023-03-15 14:30:00-04:00,6.679999828338623,6.755000114440918,6.610000133514404,6.742700099945068,40291,0.0,0.0,0.0
2023-03-15 15:30:00-04:00,6.739999771118164,6.739999771118164,6.610000133514404,6.739999771118164,150436,0.0,0.0,0.0
2023-03-16 09:30:00-04:00,6.590000152587891,6.75,6.480000019073486,6.53000020980835,74663,0.0,0.0,0.0
2023-03-16 10:30:00-04:00,6.579999923706055,6.960000038146973,6.538000106811523,6.900000095367432,111532,0.0,0.0,0.0
2023-03-16 11:30:00-04:00,6.920000076293945,7.039999961853027,6.876500129699707,6.900000095367432,36215,0.0,0.0,0.0
2023-03-16 12:30:00-04:00,6.900000095367432,7.048600196838379,6.869699954986572,6.950099945068359,35628,0.0,0.0,0.0
2023-03-16 13:30:00-04:00,6.949999809265137,6.9567999839782715,6.809999942779541,6.885000228881836,46492,0.0,0.0,0.0
2023-03-16 14:30:00-04:00,6.869999885559082,6.979899883270264,6.820000171661377,6.96999979019165,33410,0.0,0.0,0.0
2023-03-16 15:30:00-04:00,6.929999828338623,6.967599868774414,6.893400192260742,6.940000057220459,71138,0.0,0.0,0.0
2023-03-17 09:30:00-04:00,6.829999923706055,6.829999923706055,6.48799991607666,6.48799991607666,105673,0.0,0.0,0.0
2023-03-17 10:30:00-04:00,6.518499851226807,6.519999980926514,6.389999866485596,6.389999866485596,46921,0.0,0.0,0.0
2023-03-17 11:30:00-04:00,6.409999847412109,6.499899864196777,6.380000114440918,6.499899864196777,37476,0.0,0.0,0.0
2023-03-17 12:30:00-04:00,6.550000190734863,6.557600021362305,6.480000019073486,6.480000019073486,8966,0.0,0.0,0.0
2023-03-17 13:30:00-04:00,6.502699851989746,6.529900074005127,6.400000095367432,6.408999919891357,7233,0.0,0.0,0.0
2023-03-17 14:30:00-04:00,6.400000095367432,6.519999980926514,6.380000114440918,6.519999980926514,30428,0.0,0.0,0.0
2023-03-17 15:30:00-04:00,6.510000228881836,6.511199951171875,6.440000057220459,6.460000038146973,35401,0.0,0.0,0.0
2023-03-20 09:30:00-04:00,6.590000152587891,6.829999923706055,6.539999961853027,6.815000057220459,148389,0.0,0.0,0.0
2023-03-20 10:30:00-04:00,6.826000213623047,6.909999847412109,6.800000190734863,6.909999847412109,60318,0.0,0.0,0.0
2023-03-20 11:30:00-04:00,6.900000095367432,6.900000095367432,6.558000087738037,6.589200019836426,26834,0.0,0.0,0.0
2023-03-20 12:30:00-04:00,6.579999923706055,6.710000038146973,6.579999923706055,6.659999847412109,36695,0.0,0.0,0.0
2023-03-20 13:30:00-04:00,6.627999782562256,6.630000114440918,6.429999828338623,6.460000038146973,27988,0.0,0.0,0.0
2023-03-20 14:30:00-04:00,6.460000038146973,6.480000019073486,6.400000095367432,6.460000038146973,34968,0.0,0.0,0.0
2023-03-20 15:30:00-04:00,6.46999979019165,6.559999942779541,6.46999979019165,6.539999961853027,21484,0.0,0.0,0.0
2023-03-21 09:30:00-04:00,6.800000190734863,7.119500160217285,6.769999980926514,6.955699920654297,183402,0.0,0.0,0.0
2023-03-21 10:30:00-04:00,6.99399995803833,7.054999828338623,6.929999828338623,7.054999828338623,44410,0.0,0.0,0.0
2023-03-21 11:30:00-04:00,7.059999942779541,7.079999923706055,6.918000221252441,6.940000057220459,56983,0.0,0.0,0.0
2023-03-21 12:30:00-04:00,6.965000152587891,6.965000152587891,6.889999866485596,6.945700168609619,29843,0.0,0.0,0.0
2023-03-21 13:30:00-04:00,6.960000038146973,6.960000038146973,6.819300174713135,6.844699859619141,31003,0.0,0.0,0.0
2023-03-21 14:30:00-04:00,6.849999904632568,6.900000095367432,6.829999923706055,6.869999885559082,19578,0.0,0.0,0.0
2023-03-21 15:30:00-04:00,6.875,6.940000057220459,6.849999904632568,6.860000133514404,39242,0.0,0.0,0.0
2023-03-22 09:30:00-04:00,7.010000228881836,7.179999828338623,6.909999847412109,7.099999904632568,82928,0.0,0.0,0.0
2023-03-22 10:30:00-04:00,7.119999885559082,7.120500087738037,6.96999979019165,6.989999771118164,37272,0.0,0.0,0.0
2023-03-22 11:30:00-04:00,6.989999771118164,7.014999866485596,6.889999866485596,6.940000057220459,19288,0.0,0.0,0.0
2023-03-22 12:30:00-04:00,6.929999828338623,6.969900131225586,6.880000114440918,6.929999828338623,29853,0.0,0.0,0.0
2023-03-22 13:30:00-04:00,6.920000076293945,7.1579999923706055,6.909999847412109,7.009900093078613,60469,0.0,0.0,0.0
2023-03-22 14:30:00-04:00,7.008999824523926,7.150000095367432,6.710000038146973,6.899899959564209,124798,0.0,0.0,0.0
2023-03-22 15:30:00-04:00,6.809999942779541,6.809999942779541,6.5,6.519999980926514,66612,0.0,0.0,0.0
2023-03-23 09:30:00-04:00,6.639999866485596,6.710000038146973,6.519999980926514,6.589900016784668,61931,0.0,0.0,0.0
2023-03-23 10:30:00-04:00,6.580999851226807,6.755000114440918,6.571400165557861,6.579999923706055,45353,0.0,0.0,0.0
2023-03-23 11:30:00-04:00,6.631999969482422,6.631999969482422,6.46999979019165,6.499899864196777,49416,0.0,0.0,0.0
2023-03-23 12:30:00-04:00,6.5,6.519899845123291,6.349999904632568,6.369999885559082,50750,0.0,0.0,0.0
2023-03-23 13:30:00-04:00,6.360000133514404,6.400000095367432,6.210000038146973,6.210000038146973,68588,0.0,0.0,0.0
2023-03-23 14:30:00-04:00,6.210000038146973,6.309999942779541,6.059999942779541,6.170000076293945,85383,0.0,0.0,0.0
2023-03-23 15:30:00-04:00,6.139999866485596,6.380000114440918,6.139999866485596,6.28000020980835,97312,0.0,0.0,0.0
2023-03-24 09:30:00-04:00,6.179999828338623,6.2399001121521,5.96999979019165,6.2399001121521,116379,0.0,0.0,0.0
2023-03-24 10:30:00-04:00,6.25,6.25,6.010000228881836,6.079999923706055,43961,0.0,0.0,0.0
2023-03-24 11:30:00-04:00,6.079999923706055,6.25,6.079999923706055,6.199999809265137,18094,0.0,0.0,0.0
2023-03-24 12:30:00-04:00,6.210000038146973,6.326499938964844,6.210000038146973,6.300000190734863,37751,0.0,0.0,0.0
2023-03-24 13:30:00-04:00,6.329999923706055,6.369999885559082,6.304999828338623,6.3491997718811035,27704,0.0,0.0,0.0
2023-03-24 14:30:00-04:00,6.349999904632568,6.400000095367432,6.324999809265137,6.389999866485596,16304,0.0,0.0,0.0
2023-03-24 15:30:00-04:00,6.409999847412109,6.409999847412109,6.309999942779541,6.369999885559082,33169,0.0,0.0,0.0
2023-03-27 09:30:00-04:00,6.53000020980835,6.53000020980835,6.349999904632568,6.369999885559082,56979,0.0,0.0,0.0
2023-03-27 10:30:00-04:00,6.309999942779541,6.369999885559082,6.25,6.28000020980835,25722,0.0,0.0,0.0
2023-03-27 11:30:00-04:00,6.289999961853027,6.340000152587891,6.2393999099731445,6.329999923706055,15883,0.0,0.0,0.0
2023-03-27 12:30:00-04:00,6.340000152587891,6.390100002288818,6.289999961853027,6.380000114440918,20869,0.0,0.0,0.0
2023-03-27 13:30:00-04:00,6.440000057220459,6.46999979019165,6.409999847412109,6.465000152587891,45440,0.0,0.0,0.0
2023-03-27 14:30:00-04:00,6.509099960327148,6.539999961853027,6.480000019073486,6.494999885559082,8176,0.0,0.0,0.0
2023-03-27 15:30:00-04:00,6.5065999031066895,6.519999980926514,6.409999847412109,6.429999828338623,20427,0.0,0.0,0.0
2023-03-28 09:30:00-04:00,6.429999828338623,6.78000020980835,6.429999828338623,6.664999961853027,51236,0.0,0.0,0.0
2023-03-28 10:30:00-04:00,6.710000038146973,6.710000038146973,6.610000133514404,6.690000057220459,18811,0.0,0.0,0.0
2023-03-28 11:30:00-04:00,6.690000057220459,6.710000038146973,6.610000133514404,6.610000133514404,13623,0.0,0.0,0.0
2023-03-28 12:30:00-04:00,6.60830020904541,6.631999969482422,6.534999847412109,6.550099849700928,4784,0.0,0.0,0.0
2023-03-28 13:30:00-04:00,6.550000190734863,6.559999942779541,6.510000228881836,6.559999942779541,5042,0.0,0.0,0.0
2023-03-28 14:30:00-04:00,6.5507001876831055,6.619900226593018,6.539999961853027,6.582399845123291,33137,0.0,0.0,0.0
2023-03-28 15:30:00-04:00,6.590000152587891,6.614999771118164,6.5756001472473145,6.579999923706055,18648,0.0,0.0,0.0
2023-03-29 09:30:00-04:00,6.655799865722656,6.78000020980835,6.5,6.519899845123291,97103,0.0,0.0,0.0
2023-03-29 10:30:00-04:00,6.510000228881836,6.529600143432617,6.409999847412109,6.529600143432617,36339,0.0,0.0,0.0
2023-03-29 11:30:00-04:00,6.53000020980835,6.579999923706055,6.500100135803223,6.570000171661377,27227,0.0,0.0,0.0
2023-03-29 12:30:00-04:00,6.590000152587891,6.596700191497803,6.5,6.550000190734863,13615,0.0,0.0,0.0
2023-03-29 13:30:00-04:00,6.559999942779541,6.589300155639648,6.53000020980835,6.579999923706055,16451,0.0,0.0,0.0
2023-03-29 14:30:00-04:00,6.579999923706055,6.670000076293945,6.579999923706055,6.650000095367432,19180,0.0,0.0,0.0
2023-03-29 15:30:00-04:00,6.644999980926514,6.690000057220459,6.630000114440918,6.690000057220459,23983,0.0,0.0,0.0
2023-03-30 09:30:00-04:00,6.849999904632568,7.150000095367432,6.849999904632568,7.019400119781494,193284,0.0,0.0,0.0
2023-03-30 10:30:00-04:00,7.019999980926514,7.039999961853027,6.950099945068359,6.969900131225586,47934,0.0,0.0,0.0
2023-03-30 11:30:00-04:00,6.960000038146973,6.960000038146973,6.840000152587891,6.880000114440918,46636,0.0,0.0,0.0
2023-03-30 12:30:00-04:00,6.840000152587891,6.901000022888184,6.800000190734863,6.885799884796143,11215,0.0,0.0,0.0
2023-03-30 13:30:00-04:00,6.878799915313721,6.878799915313721,6.800099849700928,6.869999885559082,12028,0.0,0.0,0.0
2023-03-30 14:30:00-04:00,6.869999885559082,6.880000114440918,6.820000171661377,6.869999885559082,32490,0.0,0.0,0.0
2023-03-30 15:30:00-04:00,6.889999866485596,6.900000095367432,6.840000152587891,6.840000152587891,39864,0.0,0.0,0.0
2023-03-31 09:30:00-04:00,7.0,7.190000057220459,6.960000038146973,7.180099964141846,134708,0.0,0.0,0.0
2023-03-31 10:30:00-04:00,7.170100212097168,7.349999904632568,7.130099773406982,7.310500144958496,139059,0.0,0.0,0.0
2023-03-31 11:30:00-04:00,7.309999942779541,7.320300102233887,7.28000020980835,7.292099952697754,53249,0.0,0.0,0.0
2023-03-31 12:30:00-04:00,7.309899806976318,7.309999942779541,7.21999979019165,7.21999979019165,25391,0.0,0.0,0.0
2023-03-31 13:30:00-04:00,7.239999771118164,7.27839994430542,7.2017998695373535,7.236700057983398,54931,0.0,0.0,0.0
2023-03-31 14:30:00-04:00,7.239999771118164,7.340000152587891,7.239999771118164,7.340000152587891,58165,0.0,0.0,0.0
2023-03-31 15:30:00-04:00,7.340000152587891,7.409999847412109,7.28000020980835,7.380000114440918,178703,0.0,0.0,0.0
2023-04-03 09:30:00-04:00,7.46999979019165,7.590000152587891,7.457600116729736,7.570000171661377,174316,0.0,0.0,0.0
2023-04-03 10:30:00-04:00,7.519999980926514,7.550000190734863,7.239999771118164,7.369999885559082,60288,0.0,0.0,0.0
2023-04-03 11:30:00-04:00,7.400000095367432,7.489999771118164,7.400000095367432,7.467800140380859,21621,0.0,0.0,0.0
2023-04-03 12:30:00-04:00,7.449999809265137,7.480000019073486,7.389999866485596,7.400000095367432,32734,0.0,0.0,0.0
2023-04-03 13:30:00-04:00,7.389999866485596,7.418499946594238,7.360000133514404,7.400000095367432,14247,0.0,0.0,0.0
2023-04-03 14:30:00-04:00,7.390100002288818,7.5,7.390100002288818,7.5,32442,0.0,0.0,0.0
2023-04-03 15:30:00-04:00,7.5,7.559999942779541,7.5,7.539999961853027,67427,0.0,0.0,0.0
2023-04-04 09:30:00-04:00,7.659999847412109,7.659999847412109,7.25,7.289999961853027,152276,0.0,0.0,0.0
2023-04-04 10:30:00-04:00,7.319499969482422,7.389999866485596,7.170000076293945,7.25,125572,0.0,0.0,0.0
2023-04-04 11:30:00-04:00,7.250100135803223,7.269999980926514,7.181300163269043,7.222599983215332,29806,0.0,0.0,0.0
2023-04-04 12:30:00-04:00,7.230000019073486,7.235400199890137,7.159999847412109,7.230000019073486,19225,0.0,0.0,0.0
2023-04-04 13:30:00-04:00,7.230000019073486,7.260000228881836,7.199999809265137,7.199999809265137,16755,0.0,0.0,0.0
2023-04-04 14:30:00-04:00,7.190000057220459,7.2480998039245605,7.190000057220459,7.210000038146973,9259,0.0,0.0,0.0
2023-04-04 15:30:00-04:00,7.199999809265137,7.25,7.164999961853027,7.25,36647,0.0,0.0,0.0
2023-04-05 09:30:00-04:00,7.150000095367432,7.150000095367432,6.730000019073486,6.769999980926514,210352,0.0,0.0,0.0
2023-04-05 10:30:00-04:00,6.817999839782715,6.819900035858154,6.690000057220459,6.719900131225586,0,0.0,0.0,0.0
2023-04-05 11:30:00-04:00,6.710000038146973,6.760000228881836,6.650100231170654,6.650100231170654,305851,0.0,0.0,0.0
2023-04-05 12:30:00-04:00,6.669099807739258,6.802199840545654,6.650000095367432,6.78849983215332,30373,0.0,0.0,0.0
2023-04-05 13:30:00-04:00,6.769999980926514,6.778600215911865,6.710000038146973,6.71999979019165,17536,0.0,0.0,0.0
2023-04-05 14:30:00-04:00,6.702099800109863,6.760000228881836,6.69950008392334,6.75,25083,0.0,0.0,0.0
2023-04-05 15:30:00-04:00,6.755000114440918,6.78000020980835,6.75,6.760000228881836,55101,0.0,0.0,0.0
2023-04-06 09:30:00-04:00,6.630000114440918,6.680099964141846,6.489999771118164,6.639999866485596,96460,0.0,0.0,0.0
2023-04-06 10:30:00-04:00,6.630000114440918,6.681399822235107,6.579899787902832,6.639999866485596,20955,0.0,0.0,0.0
2023-04-06 11:30:00-04:00,6.639999866485596,6.723999977111816,6.630000114440918,6.699999809265137,33232,0.0,0.0,0.0
2023-04-06 12:30:00-04:00,6.710000038146973,6.840000152587891,6.710000038146973,6.789999961853027,37419,0.0,0.0,0.0
2023-04-06 13:30:00-04:00,6.789999961853027,6.789999961853027,6.71999979019165,6.730100154876709,16516,0.0,0.0,0.0
2023-04-06 14:30:00-04:00,6.730000019073486,6.75,6.670000076293945,6.71999979019165,18654,0.0,0.0,0.0
2023-04-06 15:30:00-04:00,6.710000038146973,6.730000019073486,6.679999828338623,6.730000019073486,31775,0.0,0.0,0.0
2023-04-10 09:30:00-04:00,6.619999885559082,7.009900093078613,6.619999885559082,6.980000019073486,96920,0.0,0.0,0.0
2023-04-10 10:30:00-04:00,6.980000019073486,7.050000190734863,6.980000019073486,7.03000020980835,33470,0.0,0.0,0.0
2023-04-10 11:30:00-04:00,7.039999961853027,7.039999961853027,6.900000095367432,6.929999828338623,0,0.0,0.0,0.0
2023-04-10 12:30:00-04:00,6.949999809265137,7.064199924468994,6.940000057220459,7.059999942779541,161350,0.0,0.0,0.0
2023-04-10 13:30:00-04:00,7.059999942779541,7.059999942779541,7.0,7.031000137329102,10876,0.0,0.0,0.0
2023-04-10 14:30:00-04:00,7.045000076293945,7.059999942779541,7.019999980926514,7.039999961853027,13889,0.0,0.0,0.0
2023-04-10 15:30:00-04:00,7.03980016708374,7.099999904632568,7.03980016708374,7.085000038146973,88518,0.0,0.0,0.0
2023-04-11 09:30:00-04:00,7.260000228881836,7.409999847412109,7.243299961090088,7.311399936676025,229500,0.0,0.0,0.0
2023-04-11 10:30:00-04:00,7.329999923706055,7.349999904632568,7.239999771118164,7.349999904632568,39869,0.0,0.0,0.0
2023-04-11 11:30:00-04:00,7.320000171661377,7.460000038146973,7.297900199890137,7.460000038146973,29029,0.0,0.0,0.0
2023-04-11 12:30:00-04:00,7.46999979019165,7.485000133514404,7.380000114440918,7.389999866485596,33557,0.0,0.0,0.0
2023-04-11 13:30:00-04:00,7.40500020980835,7.480000019073486,7.389999866485596,7.480000019073486,14118,0.0,0.0,0.0
2023-04-11 14:30:00-04:00,7.489999771118164,7.538400173187256,7.471499919891357,7.53000020980835,96059,0.0,0.0,0.0
2023-04-11 15:30:00-04:00,7.5279998779296875,7.5279998779296875,7.409999847412109,7.440000057220459,122608,0.0,0.0,0.0
2023-04-12 09:30:00-04:00,7.630000114440918,7.670000076293945,7.079999923706055,7.15749979019165,302086,0.0,0.0,0.0
2023-04-12 10:30:00-04:00,7.159999847412109,7.170000076293945,6.929500102996826,7.010000228881836,123920,0.0,0.0,0.0
2023-04-12 11:30:00-04:00,7.019999980926514,7.159999847412109,7.010900020599365,7.079999923706055,44568,0.0,0.0,0.0
2023-04-12 12:30:00-04:00,7.099999904632568,7.149899959564209,7.035200119018555,7.130000114440918,61964,0.0,0.0,0.0
2023-04-12 13:30:00-04:00,7.130000114440918,7.130000114440918,6.96999979019165,6.96999979019165,77863,0.0,0.0,0.0
2023-04-12 14:30:00-04:00,6.968299865722656,6.968299865722656,6.821199893951416,6.84499979019165,68650,0.0,0.0,0.0
2023-04-12 15:30:00-04:00,6.829999923706055,6.90500020980835,6.800000190734863,6.849999904632568,90023,0.0,0.0,0.0
2023-04-13 09:30:00-04:00,6.909999847412109,6.909999847412109,6.780099868774414,6.885000228881836,130128,0.0,0.0,0.0
2023-04-13 10:30:00-04:00,6.900000095367432,6.920000076293945,6.820000171661377,6.829999923706055,71410,0.0,0.0,0.0
2023-04-13 11:30:00-04:00,6.848999977111816,7.010000228881836,6.829999923706055,7.0,46670,0.0,0.0,0.0
2023-04-13 12:30:00-04:00,7.0,7.008500099182129,6.949999809265137,6.980000019073486,28791,0.0,0.0,0.0
2023-04-13 13:30:00-04:00,6.974999904632568,7.03000020980835,6.96999979019165,7.03000020980835,23906,0.0,0.0,0.0
2023-04-13 14:30:00-04:00,7.03000020980835,7.03000020980835,6.941199779510498,6.941199779510498,39356,0.0,0.0,0.0
2023-04-13 15:30:00-04:00,6.940000057220459,6.940000057220459,6.887599945068359,6.920000076293945,34086,0.0,0.0,0.0
2023-04-14 09:30:00-04:00,6.940000057220459,7.349999904632568,6.940000057220459,6.987599849700928,214011,0.0,0.0,0.0
2023-04-14 10:30:00-04:00,6.989999771118164,7.004000186920166,6.840000152587891,6.869999885559082,102751,0.0,0.0,0.0
2023-04-14 11:30:00-04:00,6.880000114440918,6.889999866485596,6.829899787902832,6.860000133514404,65546,0.0,0.0,0.0
2023-04-14 12:30:00-04:00,6.840000152587891,6.889999866485596,6.769999980926514,6.839900016784668,70345,0.0,0.0,0.0
2023-04-14 13:30:00-04:00,6.809999942779541,6.859899997711182,6.795000076293945,6.845200061798096,37655,0.0,0.0,0.0
2023-04-14 14:30:00-04:00,6.850100040435791,6.885000228881836,6.840000152587891,6.869100093841553,11622,0.0,0.0,0.0
2023-04-14 15:30:00-04:00,6.8769001960754395,6.920000076293945,6.8703999519348145,6.909999847412109,18519,0.0,0.0,0.0
2023-04-17 09:30:00-04:00,6.96999979019165,7.099999904632568,6.940000057220459,7.070000171661377,69077,0.0,0.0,0.0
2023-04-17 10:30:00-04:00,7.070000171661377,7.109899997711182,6.96999979019165,7.0,26928,0.0,0.0,0.0
2023-04-17 11:30:00-04:00,6.960000038146973,6.960000038146973,6.900000095367432,6.920000076293945,30804,0.0,0.0,0.0
2023-04-17 12:30:00-04:00,6.929999828338623,6.949999809265137,6.909999847412109,6.925000190734863,23296,0.0,0.0,0.0
2023-04-17 13:30:00-04:00,6.930799961090088,6.948999881744385,6.820000171661377,6.869999885559082,23883,0.0,0.0,0.0
2023-04-17 14:30:00-04:00,6.8871002197265625,6.999899864196777,6.869999885559082,6.980000019073486,32277,0.0,0.0,0.0
2023-04-17 15:30:00-04:00,6.989999771118164,7.0,6.939899921417236,6.980000019073486,61510,0.0,0.0,0.0
2023-04-18 09:30:00-04:00,7.099999904632568,7.159999847412109,6.940000057220459,6.959000110626221,178794,0.0,0.0,0.0
2023-04-18 10:30:00-04:00,6.940000057220459,6.980000019073486,6.909999847412109,6.929999828338623,19614,0.0,0.0,0.0
2023-04-18 11:30:00-04:00,6.960000038146973,7.059999942779541,6.929999828338623,7.059999942779541,19723,0.0,0.0,0.0
2023-04-18 12:30:00-04:00,7.059999942779541,7.059999942779541,6.965000152587891,6.96999979019165,11840,0.0,0.0,0.0
2023-04-18 13:30:00-04:00,6.965000152587891,7.000100135803223,6.953999996185303,7.000100135803223,14501,0.0,0.0,0.0
2023-04-18 14:30:00-04:00,6.989999771118164,7.019999980926514,6.959099769592285,6.9756999015808105,18687,0.0,0.0,0.0
2023-04-18 15:30:00-04:00,6.96999979019165,7.010000228881836,6.960000038146973,7.0,17056,0.0,0.0,0.0
2023-04-19 09:30:00-04:00,6.849999904632568,6.880000114440918,6.730000019073486,6.84499979019165,78560,0.0,0.0,0.0
2023-04-19 10:30:00-04:00,6.859499931335449,6.900000095367432,6.831399917602539,6.849999904632568,30160,0.0,0.0,0.0
2023-04-19 11:30:00-04:00,6.829999923706055,6.869999885559082,6.829999923706055,6.860000133514404,30939,0.0,0.0,0.0
2023-04-19 12:30:00-04:00,6.888899803161621,6.940000057220459,6.880000114440918,6.920000076293945,16341,0.0,0.0,0.0
2023-04-19 13:30:00-04:00,6.929800033569336,6.968599796295166,6.90500020980835,6.968599796295166,36532,0.0,0.0,0.0
2023-04-19 14:30:00-04:00,6.96999979019165,7.014999866485596,6.954999923706055,7.014999866485596,12406,0.0,0.0,0.0
2023-04-19 15:30:00-04:00,7.0,7.0,6.920000076293945,6.96999979019165,60289,0.0,0.0,0.0
2023-04-20 09:30:00-04:00,6.78000020980835,7.039999961853027,6.769999980926514,7.039999961853027,102889,0.0,0.0,0.0
2023-04-20 10:30:00-04:00,7.050000190734863,7.099999904632568,6.96999979019165,6.980000019073486,52497,0.0,0.0,0.0
2023-04-20 11:30:00-04:00,6.960000038146973,6.96999979019165,6.900000095367432,6.940000057220459,35254,0.0,0.0,0.0
2023-04-20 12:30:00-04:00,6.949999809265137,6.949999809265137,6.919899940490723,6.940000057220459,21770,0.0,0.0,0.0
2023-04-20 13:30:00-04:00,6.940000057220459,6.940000057220459,6.840000152587891,6.85830020904541,22818,0.0,0.0,0.0
2023-04-20 14:30:00-04:00,6.860000133514404,6.869999885559082,6.789999961853027,6.789999961853027,28971,0.0,0.0,0.0
2023-04-20 15:30:00-04:00,6.79010009765625,6.880000114440918,6.79010009765625,6.880000114440918,17882,0.0,0.0,0.0
2023-04-21 09:30:00-04:00,6.860000133514404,6.924900054931641,6.760000228881836,6.860000133514404,71639,0.0,0.0,0.0
2023-04-21 10:30:00-04:00,6.880000114440918,6.900000095367432,6.760000228881836,6.830100059509277,41118,0.0,0.0,0.0
2023-04-21 11:30:00-04:00,6.84499979019165,6.890399932861328,6.800000190734863,6.800000190734863,29175,0.0,0.0,0.0
2023-04-21 12:30:00-04:00,6.800000190734863,6.849999904632568,6.789999961853027,6.835000038146973,20262,0.0,0.0,0.0
2023-04-21 13:30:00-04:00,6.860000133514404,6.920000076293945,6.860000133514404,6.909999847412109,24769,0.0,0.0,0.0
2023-04-21 14:30:00-04:00,6.900000095367432,6.900000095367432,6.840000152587891,6.849999904632568,15554,0.0,0.0,0.0
2023-04-21 15:30:00-04:00,6.84119987487793,6.883999824523926,6.84119987487793,6.878900051116943,23964,0.0,0.0,0.0
2023-04-24 09:30:00-04:00,6.840000152587891,7.03000020980835,6.800000190734863,6.929999828338623,90908,0.0,0.0,0.0
2023-04-24 10:30:00-04:00,6.929999828338623,6.940000057220459,6.800000190734863,6.819799900054932,48184,0.0,0.0,0.0
2023-04-24 11:30:00-04:00,6.840000152587891,6.889999866485596,6.815000057220459,6.889999866485596,16012,0.0,0.0,0.0
2023-04-24 12:30:00-04:00,6.889999866485596,6.909999847412109,6.869999885559082,6.889999866485596,18185,0.0,0.0,0.0
2023-04-24 13:30:00-04:00,6.920000076293945,6.945000171661377,6.920000076293945,6.940000057220459,9143,0.0,0.0,0.0
2023-04-24 14:30:00-04:00,6.929999828338623,6.980100154876709,6.900000095367432,6.96999979019165,16648,0.0,0.0,0.0
2023-04-24 15:30:00-04:00,6.980800151824951,7.019999980926514,6.96999979019165,7.019999980926514,21259,0.0,0.0,0.0
2023-04-25 09:30:00-04:00,6.860000133514404,6.880000114440918,6.659999847412109,6.659999847412109,140343,0.0,0.0,0.0
2023-04-25 10:30:00-04:00,6.670000076293945,6.724999904632568,6.619999885559082,6.699999809265137,66262,0.0,0.0,0.0
2023-04-25 11:30:00-04:00,6.679999828338623,6.679999828338623,6.539999961853027,6.539999961853027,68037,0.0,0.0,0.0
2023-04-25 12:30:00-04:00,6.539299964904785,6.539999961853027,6.350100040435791,6.397200107574463,114877,0.0,0.0,0.0
2023-04-25 13:30:00-04:00,6.371099948883057,6.420000076293945,6.349999904632568,6.400000095367432,128828,0.0,0.0,0.0
2023-04-25 14:30:00-04:00,6.400000095367432,6.420000076293945,6.349999904632568,6.385000228881836,65047,0.0,0.0,0.0
2023-04-25 15:30:00-04:00,6.380000114440918,6.400000095367432,6.309999942779541,6.329999923706055,65901,0.0,0.0,0.0
2023-04-26 09:30:00-04:00,6.329999923706055,6.489999771118164,6.269999980926514,6.369999885559082,181430,0.0,0.0,0.0
2023-04-26 10:30:00-04:00,6.3815999031066895,6.510000228881836,6.360000133514404,6.440000057220459,42100,0.0,0.0,0.0
2023-04-26 11:30:00-04:00,6.449999809265137,6.480000019073486,6.420000076293945,6.460000038146973,29147,0.0,0.0,0.0
2023-04-26 12:30:00-04:00,6.46999979019165,6.510000228881836,6.440000057220459,6.46999979019165,32184,0.0,0.0,0.0
2023-04-26 13:30:00-04:00,6.46999979019165,6.470099925994873,6.380000114440918,6.414999961853027,14309,0.0,0.0,0.0
2023-04-26 14:30:00-04:00,6.409999847412109,6.409999847412109,6.309999942779541,6.349999904632568,67370,0.0,0.0,0.0
2023-04-26 15:30:00-04:00,6.360000133514404,6.369999885559082,6.300000190734863,6.369999885559082,68420,0.0,0.0,0.0
2023-04-27 09:30:00-04:00,6.420000076293945,6.478899955749512,6.309999942779541,6.340099811553955,76741,0.0,0.0,0.0
2023-04-27 10:30:00-04:00,6.369999885559082,6.428500175476074,6.320000171661377,6.409999847412109,31717,0.0,0.0,0.0
2023-04-27 11:30:00-04:00,6.420000076293945,6.539999961853027,6.400000095367432,6.53000020980835,14654,0.0,0.0,0.0
2023-04-27 12:30:00-04:00,6.519999980926514,6.525199890136719,6.440000057220459,6.490099906921387,21883,0.0,0.0,0.0
2023-04-27 13:30:00-04:00,6.5,6.579999923706055,6.5,6.559999942779541,39603,0.0,0.0,0.0
2023-04-27 14:30:00-04:00,6.550000190734863,6.570000171661377,6.510000228881836,6.530099868774414,54598,0.0,0.0,0.0
2023-04-27 15:30:00-04:00,6.540999889373779,6.570400238037109,6.53000020980835,6.570000171661377,144121,0.0,0.0,0.0
2023-04-28 09:30:00-04:00,6.510000228881836,6.699999809265137,6.5,6.64900016784668,119156,0.0,0.0,0.0
2023-04-28 10:30:00-04:00,6.644999980926514,6.659999847412109,6.478300094604492,6.559999942779541,36990,0.0,0.0,0.0
2023-04-28 11:30:00-04:00,6.579999923706055,6.590000152587891,6.519999980926514,6.565000057220459,28363,0.0,0.0,0.0
2023-04-28 12:30:00-04:00,6.570000171661377,6.589900016784668,6.559999942779541,6.577199935913086,56335,0.0,0.0,0.0
2023-04-28 13:30:00-04:00,6.590000152587891,6.599999904632568,6.550000190734863,6.550000190734863,9528,0.0,0.0,0.0
2023-04-28 14:30:00-04:00,6.539999961853027,6.590000152587891,6.519800186157227,6.559999942779541,45718,0.0,0.0,0.0
2023-04-28 15:30:00-04:00,6.542200088500977,6.590000152587891,6.539999961853027,6.570000171661377,54264,0.0,0.0,0.0
2023-05-01 09:30:00-04:00,6.590000152587891,6.690000057220459,6.519999980926514,6.579999923706055,168098,0.0,0.0,0.0
2023-05-01 10:30:00-04:00,6.639999866485596,6.690000057220459,6.450399875640869,6.480000019073486,49478,0.0,0.0,0.0
2023-05-01 11:30:00-04:00,6.474999904632568,6.539999961853027,6.460000038146973,6.539999961853027,31081,0.0,0.0,0.0
2023-05-01 12:30:00-04:00,6.550000190734863,6.570000171661377,6.480000019073486,6.480000019073486,22428,0.0,0.0,0.0
2023-05-01 13:30:00-04:00,6.460000038146973,6.4899001121521,6.429999828338623,6.452499866485596,16866,0.0,0.0,0.0
2023-05-01 14:30:00-04:00,6.429999828338623,6.429999828338623,6.375,6.429999828338623,42743,0.0,0.0,0.0
2023-05-01 15:30:00-04:00,6.445000171661377,6.480000019073486,6.425000190734863,6.449999809265137,83524,0.0,0.0,0.0
2023-05-02 09:30:00-04:00,6.360000133514404,6.360000133514404,6.1194000244140625,6.119999885559082,92475,0.0,0.0,0.0
2023-05-02 10:30:00-04:00,6.130000114440918,6.130000114440918,5.980000019073486,6.010000228881836,188896,0.0,0.0,0.0
2023-05-02 11:30:00-04:00,6.005000114440918,6.139999866485596,5.949999809265137,6.130000114440918,52790,0.0,0.0,0.0
2023-05-02 12:30:00-04:00,6.139999866485596,6.239999771118164,6.130000114440918,6.239999771118164,23197,0.0,0.0,0.0
2023-05-02 13:30:00-04:00,6.21999979019165,6.329999923706055,6.199999809265137,6.21999979019165,34152,0.0,0.0,0.0
2023-05-02 14:30:00-04:00,6.230000019073486,6.360000133514404,6.210000038146973,6.360000133514404,57957,0.0,0.0,0.0
2023-05-02 15:30:00-04:00,6.349999904632568,6.375,6.320000171661377,6.349999904632568,32799,0.0,0.0,0.0
2023-05-03 09:30:00-04:00,6.389999866485596,6.570000171661377,6.380000114440918,6.510000228881836,144308,0.0,0.0,0.0
2023-05-03 10:30:00-04:00,6.480000019073486,6.510000228881836,6.409999847412109,6.409999847412109,16818,0.0,0.0,0.0
2023-05-03 11:30:00-04:00,6.409999847412109,6.429999828338623,6.389999866485596,6.429999828338623,3049,0.0,0.0,0.0
2023-05-03 12:30:00-04:00,6.420000076293945,6.449999809265137,6.340000152587891,6.449999809265137,11149,0.0,0.0,0.0
2023-05-03 13:30:00-04:00,6.449999809265137,6.5584001541137695,6.429999828338623,6.508299827575684,29143,0.0,0.0,0.0
2023-05-03 14:30:00-04:00,6.480000019073486,6.570000171661377,6.269999980926514,6.270500183105469,36887,0.0,0.0,0.0
2023-05-03 15:30:00-04:00,6.269999980926514,6.269999980926514,6.204999923706055,6.230000019073486,30889,0.0,0.0,0.0
2023-05-04 09:30:00-04:00,6.199999809265137,6.229899883270264,6.0,6.010000228881836,136609,0.0,0.0,0.0
2023-05-04 10:30:00-04:00,6.0,6.079999923706055,5.9496002197265625,6.0,100075,0.0,0.0,0.0
2023-05-04 11:30:00-04:00,5.985000133514404,5.989999771118164,5.889999866485596,5.949999809265137,68578,0.0,0.0,0.0
2023-05-04 12:30:00-04:00,5.960000038146973,6.0,5.900000095367432,5.96999979019165,35748,0.0,0.0,0.0
2023-05-04 13:30:00-04:00,5.989999771118164,6.010000228881836,5.903299808502197,5.908899784088135,41956,0.0,0.0,0.0
2023-05-04 14:30:00-04:00,5.900000095367432,5.938000202178955,5.869999885559082,5.927999973297119,36724,0.0,0.0,0.0
2023-05-04 15:30:00-04:00,5.909999847412109,5.949999809265137,5.872300148010254,5.941699981689453,38518,0.0,0.0,0.0
2023-05-05 09:30:00-04:00,6.230000019073486,6.460000038146973,6.230000019073486,6.4008002281188965,143233,0.0,0.0,0.0
2023-05-05 10:30:00-04:00,6.426000118255615,6.429999828338623,6.360000133514404,6.375,40018,0.0,0.0,0.0
2023-05-05 11:30:00-04:00,6.409999847412109,6.418300151824951,6.369999885559082,6.400000095367432,14557,0.0,0.0,0.0
2023-05-05 12:30:00-04:00,6.418099880218506,6.418099880218506,6.341000080108643,6.395599842071533,11637,0.0,0.0,0.0
2023-05-05 13:30:00-04:00,6.400000095367432,6.440000057220459,6.380099773406982,6.428100109100342,31754,0.0,0.0,0.0
2023-05-05 14:30:00-04:00,6.425000190734863,6.465000152587891,6.419099807739258,6.461100101470947,24311,0.0,0.0,0.0
2023-05-05 15:30:00-04:00,6.465000152587891,6.47599983215332,6.429999828338623,6.440000057220459,42724,0.0,0.0,0.0
2023-05-08 09:30:00-04:00,6.510000228881836,6.579999923706055,6.360000133514404,6.382400035858154,53323,0.0,0.0,0.0
2023-05-08 10:30:00-04:00,6.394999980926514,6.46999979019165,6.389999866485596,6.389999866485596,69095,0.0,0.0,0.0
2023-05-08 11:30:00-04:00,6.393499851226807,6.460000038146973,6.389999866485596,6.460000038146973,30599,0.0,0.0,0.0
2023-05-08 12:30:00-04:00,6.453999996185303,6.489999771118164,6.440000057220459,6.479300022125244,5908,0.0,0.0,0.0
2023-05-08 13:30:00-04:00,6.5,6.53000020980835,6.449999809265137,6.510000228881836,71100,0.0,0.0,0.0
2023-05-08 14:30:00-04:00,6.539999961853027,6.590000152587891,6.539999961853027,6.570000171661377,23167,0.0,0.0,0.0
2023-05-08 15:30:00-04:00,6.570000171661377,6.599999904632568,6.559999942779541,6.570000171661377,22533,0.0,0.0,0.0
2023-05-09 09:30:00-04:00,6.46999979019165,6.46999979019165,6.28000020980835,6.434700012207031,55715,0.0,0.0,0.0
2023-05-09 10:30:00-04:00,6.449999809265137,6.489200115203857,6.429999828338623,6.480000019073486,13009,0.0,0.0,0.0
2023-05-09 11:30:00-04:00,6.449999809265137,6.485000133514404,6.420000076293945,6.449999809265137,27367,0.0,0.0,0.0
2023-05-09 12:30:00-04:00,6.46999979019165,6.5,6.46999979019165,6.489999771118164,17270,0.0,0.0,0.0
2023-05-09 13:30:00-04:00,6.5,6.539999961853027,6.46999979019165,6.519999980926514,6448,0.0,0.0,0.0
2023-05-09 14:30:00-04:00,6.531899929046631,6.559999942779541,6.5,6.559999942779541,18448,0.0,0.0,0.0
2023-05-09 15:30:00-04:00,6.559999942779541,6.570000171661377,6.5,6.510000228881836,36134,0.0,0.0,0.0
2023-05-10 09:30:00-04:00,6.710000038146973,6.760000228881836,6.480000019073486,6.539999961853027,123950,0.0,0.0,0.0
2023-05-10 10:30:00-04:00,6.567999839782715,6.567999839782715,6.420000076293945,6.559999942779541,52480,0.0,0.0,0.0
2023-05-10 11:30:00-04:00,6.561299800872803,6.579999923706055,6.480000019073486,6.499800205230713,0,0.0,0.0,0.0
2023-05-10 12:30:00-04:00,6.5,6.5,6.311999797821045,6.340000152587891,217281,0.0,0.0,0.0
2023-05-10 13:30:00-04:00,6.340000152587891,6.449900150299072,6.340000152587891,6.445000171661377,13300,0.0,0.0,0.0
2023-05-10 14:30:00-04:00,6.443299770355225,6.550000190734863,6.429999828338623,6.519999980926514,28182,0.0,0.0,0.0
2023-05-10 15:30:00-04:00,6.53000020980835,6.559999942779541,6.485000133514404,6.5,31139,0.0,0.0,0.0
2023-05-11 09:30:00-04:00,6.409999847412109,6.570099830627441,6.381999969482422,6.440000057220459,110024,0.0,0.0,0.0
2023-05-11 10:30:00-04:00,6.440000057220459,6.46999979019165,6.369999885559082,6.418700218200684,37947,0.0,0.0,0.0
2023-05-11 11:30:00-04:00,6.460000038146973,6.4704999923706055,6.409999847412109,6.449999809265137,2358,0.0,0.0,0.0
2023-05-11 12:30:00-04:00,6.447800159454346,6.449999809265137,6.409999847412109,6.429999828338623,1982,0.0,0.0,0.0
2023-05-11 13:30:00-04:00,6.431000232696533,6.431000232696533,6.340000152587891,6.380000114440918,11708,0.0,0.0,0.0
2023-05-11 14:30:00-04:00,6.394999980926514,6.449999809265137,6.394999980926514,6.430500030517578,16550,0.0,0.0,0.0
2023-05-11 15:30:00-04:00,6.429999828338623,6.46999979019165,6.410099983215332,6.460000038146973,29102,0.0,0.0,0.0
2023-05-12 09:30:00-04:00,6.5,6.5,6.330100059509277,6.360000133514404,40093,0.0,0.0,0.0
2023-05-12 10:30:00-04:00,6.340000152587891,6.400000095367432,6.320000171661377,6.320000171661377,14634,0.0,0.0,0.0
2023-05-12 11:30:00-04:00,6.309999942779541,6.356599807739258,6.25,6.269999980926514,53813,0.0,0.0,0.0
2023-05-12 12:30:00-04:00,6.269999980926514,6.300000190734863,6.2266998291015625,6.287600040435791,13909,0.0,0.0,0.0
2023-05-12 13:30:00-04:00,6.269999980926514,6.269999980926514,6.190000057220459,6.210000038146973,21226,0.0,0.0,0.0
2023-05-12 14:30:00-04:00,6.20989990234375,6.260000228881836,6.199999809265137,6.25,23339,0.0,0.0,0.0
2023-05-12 15:30:00-04:00,6.269999980926514,6.329999923706055,6.260000228881836,6.329999923706055,21383,0.0,0.0,0.0
2023-05-15 09:30:00-04:00,6.360000133514404,6.360000133514404,6.199999809265137,6.245200157165527,24761,0.0,0.0,0.0
2023-05-15 10:30:00-04:00,6.276700019836426,6.389999866485596,6.269999980926514,6.389999866485596,13224,0.0,0.0,0.0
2023-05-15 11:30:00-04:00,6.389999866485596,6.389999866485596,6.320000171661377,6.389999866485596,14862,0.0,0.0,0.0
2023-05-15 12:30:00-04:00,6.409999847412109,6.53000020980835,6.409999847412109,6.449999809265137,39257,0.0,0.0,0.0
2023-05-15 13:30:00-04:00,6.448599815368652,6.460000038146973,6.4182000160217285,6.429900169372559,10663,0.0,0.0,0.0
2023-05-15 14:30:00-04:00,6.440000057220459,6.460000038146973,6.4191999435424805,6.460000038146973,6480,0.0,0.0,0.0
2023-05-15 15:30:00-04:00,6.460000038146973,6.489999771118164,6.441199779510498,6.489999771118164,54058,0.0,0.0,0.0
2023-05-16 09:30:00-04:00,6.360000133514404,6.360000133514404,6.059999942779541,6.139999866485596,157551,0.0,0.0,0.0
2023-05-16 10:30:00-04:00,6.159999847412109,6.239999771118164,6.11899995803833,6.195000171661377,34729,0.0,0.0,0.0
2023-05-16 11:30:00-04:00,6.199999809265137,6.210000038146973,6.150000095367432,6.171999931335449,7677,0.0,0.0,0.0
2023-05-16 12:30:00-04:00,6.179999828338623,6.21999979019165,6.119999885559082,6.119999885559082,8188,0.0,0.0,0.0
2023-05-16 13:30:00-04:00,6.125999927520752,6.129899978637695,6.06279993057251,6.093999862670898,25519,0.0,0.0,0.0
2023-05-16 14:30:00-04:00,6.090000152587891,6.129899978637695,6.070000171661377,6.119200229644775,43152,0.0,0.0,0.0
2023-05-16 15:30:00-04:00,6.099999904632568,6.109600067138672,6.019999980926514,6.019999980926514,98656,0.0,0.0,0.0
2023-05-17 09:30:00-04:00,6.090000152587891,6.269999980926514,6.039999961853027,6.269999980926514,106254,0.0,0.0,0.0
2023-05-17 10:30:00-04:00,6.269899845123291,6.389999866485596,6.25,6.369999885559082,125505,0.0,0.0,0.0
2023-05-17 11:30:00-04:00,6.349999904632568,6.355000019073486,6.26200008392334,6.320000171661377,35095,0.0,0.0,0.0
2023-05-17 12:30:00-04:00,6.329999923706055,6.46999979019165,6.329999923706055,6.4629998207092285,54324,0.0,0.0,0.0
2023-05-17 13:30:00-04:00,6.449999809265137,6.480000019073486,6.410099983215332,6.46999979019165,29197,0.0,0.0,0.0
2023-05-17 14:30:00-04:00,6.46999979019165,6.5,6.449999809265137,6.46999979019165,27859,0.0,0.0,0.0
2023-05-17 15:30:00-04:00,6.450099945068359,6.534999847412109,6.450099945068359,6.510000228881836,46802,0.0,0.0,0.0
2023-05-18 09:30:00-04:00,6.46999979019165,6.539999961853027,6.360000133514404,6.5,143892,0.0,0.0,0.0
2023-05-18 10:30:00-04:00,6.513599872589111,6.550000190734863,6.5,6.5,72321,0.0,0.0,0.0
2023-05-18 11:30:00-04:00,6.5,6.53000020980835,6.349999904632568,6.389999866485596,62380,0.0,0.0,0.0
2023-05-18 12:30:00-04:00,6.400000095367432,6.429999828338623,6.360000133514404,6.389999866485596,18199,0.0,0.0,0.0
2023-05-18 13:30:00-04:00,6.369999885559082,6.409999847412109,6.329999923706055,6.400000095367432,53830,0.0,0.0,0.0
2023-05-18 14:30:00-04:00,6.389999866485596,6.480000019073486,6.389999866485596,6.46999979019165,11743,0.0,0.0,0.0
2023-05-18 15:30:00-04:00,6.46999979019165,6.590000152587891,6.46999979019165,6.570000171661377,34277,0.0,0.0,0.0
2023-05-19 09:30:00-04:00,6.300000190734863,6.300000190734863,6.059999942779541,6.059999942779541,223234,0.0,0.0,0.0
2023-05-19 10:30:00-04:00,6.079999923706055,6.087600231170654,5.900000095367432,5.909599781036377,284561,0.0,0.0,0.0
2023-05-19 11:30:00-04:00,5.909999847412109,5.909999847412109,5.829999923706055,5.880099773406982,272344,0.0,0.0,0.0
2023-05-19 12:30:00-04:00,5.880000114440918,5.920000076293945,5.840000152587891,5.864999771118164,93166,0.0,0.0,0.0
2023-05-19 13:30:00-04:00,5.869999885559082,5.880000114440918,5.829999923706055,5.830100059509277,74186,0.0,0.0,0.0
2023-05-19 14:30:00-04:00,5.840000152587891,5.889999866485596,5.829999923706055,5.873700141906738,92645,0.0,0.0,0.0
2023-05-19 15:30:00-04:00,5.860099792480469,5.900000095367432,5.849999904632568,5.879499912261963,68991,0.0,0.0,0.0
2023-05-22 09:30:00-04:00,5.920000076293945,5.949999809265137,5.800000190734863,5.886899948120117,217531,0.0,0.0,0.0
2023-05-22 10:30:00-04:00,5.8993000984191895,5.929999828338623,5.820000171661377,5.920100212097168,76987,0.0,0.0,0.0
2023-05-22 11:30:00-04:00,5.929699897766113,5.929999828338623,5.870100021362305,5.889999866485596,39476,0.0,0.0,0.0
2023-05-22 12:30:00-04:00,5.885000228881836,5.960000038146973,5.885000228881836,5.929900169372559,74280,0.0,0.0,0.0
2023-05-22 13:30:00-04:00,5.920100212097168,5.940100193023682,5.909999847412109,5.929999828338623,27419,0.0,0.0,0.0
2023-05-22 14:30:00-04:00,5.940000057220459,5.981299877166748,5.930099964141846,5.940000057220459,126611,0.0,0.0,0.0
2023-05-22 15:30:00-04:00,5.930099964141846,5.940000057220459,5.889999866485596,5.919899940490723,59529,0.0,0.0,0.0
2023-05-23 09:30:00-04:00,5.820000171661377,6.047999858856201,5.78000020980835,6.02400016784668,355909,0.0,0.0,0.0
2023-05-23 10:30:00-04:00,6.041999816894531,6.110000133514404,6.039999961853027,6.079999923706055,62344,0.0,0.0,0.0
2023-05-23 11:30:00-04:00,6.090000152587891,6.099999904632568,5.989999771118164,5.994999885559082,39691,0.0,0.0,0.0
2023-05-23 12:30:00-04:00,5.985899925231934,6.010000228881836,5.880000114440918,5.989999771118164,82274,0.0,0.0,0.0
2023-05-23 13:30:00-04:00,5.920000076293945,5.989999771118164,5.860000133514404,5.860099792480469,44085,0.0,0.0,0.0
2023-05-23 14:30:00-04:00,5.869999885559082,5.900000095367432,5.820000171661377,5.835000038146973,92380,0.0,0.0,0.0
2023-05-23 15:30:00-04:00,5.849999904632568,5.860000133514404,5.820000171661377,5.824999809265137,41653,0.0,0.0,0.0
2023-05-24 09:30:00-04:00,5.980000019073486,6.099999904632568,5.657700061798096,5.690000057220459,372209,0.0,0.0,0.0
2023-05-24 10:30:00-04:00,5.699999809265137,5.800000190734863,5.690000057220459,5.740099906921387,108191,0.0,0.0,0.0
2023-05-24 11:30:00-04:00,5.739999771118164,5.760000228881836,5.690000057220459,5.695700168609619,44843,0.0,0.0,0.0
2023-05-24 12:30:00-04:00,5.699999809265137,5.75,5.675000190734863,5.704999923706055,23592,0.0,0.0,0.0
2023-05-24 13:30:00-04:00,5.710000038146973,5.769999980926514,5.710000038146973,5.739999771118164,17797,0.0,0.0,0.0
2023-05-24 14:30:00-04:00,5.73199987411499,5.849999904632568,5.730000019073486,5.835000038146973,50274,0.0,0.0,0.0
2023-05-24 15:30:00-04:00,5.840000152587891,5.880000114440918,5.769999980926514,5.800000190734863,65699,0.0,0.0,0.0
2023-05-25 09:30:00-04:00,5.75,5.75,5.440000057220459,5.510000228881836,360502,0.0,0.0,0.0
2023-05-25 10:30:00-04:00,5.5,5.505000114440918,5.375,5.375,164354,0.0,0.0,0.0
2023-05-25 11:30:00-04:00,5.369999885559082,5.460000038146973,5.300000190734863,5.407899856567383,103507,0.0,0.0,0.0
2023-05-25 12:30:00-04:00,5.400000095367432,5.449999809265137,5.355000019073486,5.440000057220459,16935,0.0,0.0,0.0
2023-05-25 13:30:00-04:00,5.439799785614014,5.50029993057251,5.429900169372559,5.46999979019165,24113,0.0,0.0,0.0
2023-05-25 14:30:00-04:00,5.469900131225586,5.480000019073486,5.380099773406982,5.479899883270264,21161,0.0,0.0,0.0
2023-05-25 15:30:00-04:00,5.468699932098389,5.48859977722168,5.420000076293945,5.429999828338623,78362,0.0,0.0,0.0
2023-05-26 09:30:00-04:00,5.320000171661377,5.497600078582764,5.309999942779541,5.497600078582764,284526,0.0,0.0,0.0
2023-05-26 10:30:00-04:00,5.5,5.539999961853027,5.449999809265137,5.450399875640869,55142,0.0,0.0,0.0
2023-05-26 11:30:00-04:00,5.454999923706055,5.550000190734863,5.440000057220459,5.550000190734863,68227,0.0,0.0,0.0
2023-05-26 12:30:00-04:00,5.539999961853027,5.579999923706055,5.519999980926514,5.579999923706055,49838,0.0,0.0,0.0
2023-05-26 13:30:00-04:00,5.579999923706055,5.619999885559082,5.53000020980835,5.565000057220459,109696,0.0,0.0,0.0
2023-05-26 14:30:00-04:00,5.559999942779541,5.589900016784668,5.534999847412109,5.550000190734863,31731,0.0,0.0,0.0
2023-05-26 15:30:00-04:00,5.54010009765625,5.565000057220459,5.512499809265137,5.559999942779541,43792,0.0,0.0,0.0
2023-05-30 09:30:00-04:00,5.619999885559082,5.659999847412109,5.449999809265137,5.460000038146973,163290,0.0,0.0,0.0
2023-05-30 10:30:00-04:00,5.460000038146973,5.519999980926514,5.409999847412109,5.409999847412109,41970,0.0,0.0,0.0
2023-05-30 11:30:00-04:00,5.449999809265137,5.53000020980835,5.440100193023682,5.494999885559082,22818,0.0,0.0,0.0
2023-05-30 12:30:00-04:00,5.494999885559082,5.494999885559082,5.434999942779541,5.485000133514404,19969,0.0,0.0,0.0
2023-05-30 13:30:00-04:00,5.46999979019165,5.489999771118164,5.449999809265137,5.489999771118164,10564,0.0,0.0,0.0
2023-05-30 14:30:00-04:00,5.505000114440918,5.5503997802734375,5.5,5.539999961853027,9122,0.0,0.0,0.0
2023-05-30 15:30:00-04:00,5.539999961853027,5.590000152587891,5.539999961853027,5.574999809265137,159883,0.0,0.0,0.0
2023-05-31 09:30:00-04:00,5.360000133514404,5.409999847412109,5.124499797821045,5.149400234222412,422220,0.0,0.0,0.0
2023-05-31 10:30:00-04:00,5.150000095367432,5.178899765014648,5.066999912261963,5.066999912261963,143307,0.0,0.0,0.0
2023-05-31 11:30:00-04:00,5.06850004196167,5.06850004196167,5.0,5.005000114440918,180666,0.0,0.0,0.0
2023-05-31 12:30:00-04:00,5.010000228881836,5.060299873352051,5.000100135803223,5.050000190734863,77833,0.0,0.0,0.0
2023-05-31 13:30:00-04:00,5.0690999031066895,5.139999866485596,5.053999900817871,5.139999866485596,89200,0.0,0.0,0.0
2023-05-31 14:30:00-04:00,5.130000114440918,5.167799949645996,5.110000133514404,5.110000133514404,31338,0.0,0.0,0.0
2023-05-31 15:30:00-04:00,5.099999904632568,5.139900207519531,5.079999923706055,5.079999923706055,36447,0.0,0.0,0.0
2023-06-01 09:30:00-04:00,5.059999942779541,5.0756001472473145,4.91949987411499,5.0395002365112305,310070,0.0,0.0,0.0
2023-06-01 10:30:00-04:00,5.039999961853027,5.139999866485596,5.019999980926514,5.139800071716309,199418,0.0,0.0,0.0
2023-06-01 11:30:00-04:00,5.135700225830078,5.16949987411499,5.03000020980835,5.129000186920166,58378,0.0,0.0,0.0
2023-06-01 12:30:00-04:00,5.139900207519531,5.210000038146973,5.124000072479248,5.170499801635742,54148,0.0,0.0,0.0
2023-06-01 13:30:00-04:00,5.179999828338623,5.28000020980835,5.159999847412109,5.220099925994873,73232,0.0,0.0,0.0
2023-06-01 14:30:00-04:00,5.220099925994873,5.220099925994873,5.150100231170654,5.160699844360352,38594,0.0,0.0,0.0
2023-06-01 15:30:00-04:00,5.150000095367432,5.150000095367432,5.099999904632568,5.110000133514404,85965,0.0,0.0,0.0
2023-06-02 09:30:00-04:00,5.289999961853027,5.53000020980835,5.282700061798096,5.480000019073486,401651,0.0,0.0,0.0
2023-06-02 10:30:00-04:00,5.481500148773193,5.599999904632568,5.440000057220459,5.559999942779541,158171,0.0,0.0,0.0
2023-06-02 11:30:00-04:00,5.570000171661377,5.619999885559082,5.514999866485596,5.600100040435791,101472,0.0,0.0,0.0
2023-06-02 12:30:00-04:00,5.610000133514404,5.675000190734863,5.590000152587891,5.670000076293945,264391,0.0,0.0,0.0
2023-06-02 13:30:00-04:00,5.679999828338623,5.699999809265137,5.635000228881836,5.639999866485596,166705,0.0,0.0,0.0
2023-06-02 14:30:00-04:00,5.631700038909912,5.75,5.631700038909912,5.730000019073486,296516,0.0,0.0,0.0
2023-06-02 15:30:00-04:00,5.724999904632568,5.78000020980835,5.724999904632568,5.760000228881836,365420,0.0,0.0,0.0
2023-06-05 09:30:00-04:00,5.739999771118164,5.739999771118164,5.45989990234375,5.477499961853027,235001,0.0,0.0,0.0
2023-06-05 10:30:00-04:00,5.46999979019165,5.590000152587891,5.46999979019165,5.569900035858154,124178,0.0,0.0,0.0
2023-06-05 11:30:00-04:00,5.570000171661377,5.590000152587891,5.53000020980835,5.550000190734863,59869,0.0,0.0,0.0
2023-06-05 12:30:00-04:00,5.579999923706055,5.608099937438965,5.519999980926514,5.525000095367432,66576,0.0,0.0,0.0
2023-06-05 13:30:00-04:00,5.521599769592285,5.570000171661377,5.500100135803223,5.519999980926514,67268,0.0,0.0,0.0
2023-06-05 14:30:00-04:00,5.525000095367432,5.525000095367432,5.460000038146973,5.483500003814697,62339,0.0,0.0,0.0
2023-06-05 15:30:00-04:00,5.489999771118164,5.539999961853027,5.480000019073486,5.510000228881836,73762,0.0,0.0,0.0
2023-06-06 09:30:00-04:00,5.460000038146973,5.815000057220459,5.420000076293945,5.804999828338623,230607,0.0,0.0,0.0
2023-06-06 10:30:00-04:00,5.820000171661377,6.039999961853027,5.820000171661377,5.995699882507324,283255,0.0,0.0,0.0
2023-06-06 11:30:00-04:00,5.980000019073486,6.079999923706055,5.96999979019165,6.039999961853027,149635,0.0,0.0,0.0
2023-06-06 12:30:00-04:00,6.039999961853027,6.039999961853027,5.920000076293945,5.940000057220459,65227,0.0,0.0,0.0
2023-06-06 13:30:00-04:00,5.950099945068359,5.96999979019165,5.920000076293945,5.96999979019165,63509,0.0,0.0,0.0
2023-06-06 14:30:00-04:00,5.971700191497803,6.039899826049805,5.951600074768066,6.037799835205078,34987,0.0,0.0,0.0
2023-06-06 15:30:00-04:00,6.039999961853027,6.050000190734863,6.0,6.019999980926514,131520,0.0,0.0,0.0
2023-06-07 09:30:00-04:00,6.139999866485596,6.468599796295166,6.130000114440918,6.329999923706055,711225,0.0,0.0,0.0
2023-06-07 10:30:00-04:00,6.349999904632568,6.381700038909912,6.239999771118164,6.369999885559082,178981,0.0,0.0,0.0
2023-06-07 11:30:00-04:00,6.380000114440918,6.389999866485596,6.300000190734863,6.342599868774414,98498,0.0,0.0,0.0
2023-06-07 12:30:00-04:00,6.3414998054504395,6.420000076293945,6.335000038146973,6.349999904632568,67978,0.0,0.0,0.0
2023-06-07 13:30:00-04:00,6.340000152587891,6.385000228881836,6.329999923706055,6.385000228881836,66441,0.0,0.0,0.0
2023-06-07 14:30:00-04:00,6.380000114440918,6.428199768066406,6.343299865722656,6.420000076293945,60667,0.0,0.0,0.0
2023-06-07 15:30:00-04:00,6.414100170135498,6.440000057220459,6.380000114440918,6.380000114440918,97435,0.0,0.0,0.0
2023-06-08 09:30:00-04:00,6.309999942779541,6.46999979019165,6.179999828338623,6.260000228881836,484292,0.0,0.0,0.0
2023-06-08 10:30:00-04:00,6.269999980926514,6.316800117492676,6.210000038146973,6.284999847412109,63393,0.0,0.0,0.0
2023-06-08 11:30:00-04:00,6.299900054931641,6.449999809265137,6.264999866485596,6.440000057220459,94454,0.0,0.0,0.0
2023-06-08 12:30:00-04:00,6.420000076293945,6.53000020980835,6.400000095367432,6.515699863433838,229466,0.0,0.0,0.0
2023-06-08 13:30:00-04:00,6.514999866485596,6.590000152587891,6.4745001792907715,6.590000152587891,95765,0.0,0.0,0.0
2023-06-08 14:30:00-04:00,6.599999904632568,6.7108001708984375,6.590000152587891,6.644999980926514,105155,0.0,0.0,0.0
2023-06-08 15:30:00-04:00,6.639999866485596,6.679999828338623,6.590000152587891,6.615799903869629,108965,0.0,0.0,0.0
2023-06-09 09:30:00-04:00,6.670000076293945,6.799200057983398,6.569900035858154,6.707600116729736,331105,0.0,0.0,0.0
2023-06-09 10:30:00-04:00,6.702400207519531,6.710000038146973,6.389999866485596,6.400000095367432,183437,0.0,0.0,0.0
2023-06-09 11:30:00-04:00,6.380000114440918,6.445000171661377,6.360000133514404,6.429999828338623,65039,0.0,0.0,0.0
2023-06-09 12:30:00-04:00,6.440000057220459,6.46999979019165,6.355000019073486,6.369900226593018,27977,0.0,0.0,0.0
2023-06-09 13:30:00-04:00,6.377999782562256,6.380000114440918,6.289999961853027,6.329999923706055,64325,0.0,0.0,0.0
2023-06-09 14:30:00-04:00,6.320000171661377,6.340000152587891,6.264999866485596,6.309500217437744,18129,0.0,0.0,0.0
2023-06-09 15:30:00-04:00,6.327000141143799,6.329999923706055,6.28000020980835,6.289999961853027,56650,0.0,0.0,0.0
2023-06-12 09:30:00-04:00,6.380000114440918,6.53000020980835,6.1579999923706055,6.438499927520752,548389,0.0,0.0,0.0
2023-06-12 10:30:00-04:00,6.429999828338623,6.5,6.320000171661377,6.460000038146973,65713,0.0,0.0,0.0
2023-06-12 11:30:00-04:00,6.449999809265137,6.550000190734863,6.420000076293945,6.539999961853027,70974,0.0,0.0,0.0
2023-06-12 12:30:00-04:00,6.550000190734863,6.579999923706055,6.510000228881836,6.5289998054504395,53881,0.0,0.0,0.0
2023-06-12 13:30:00-04:00,6.514999866485596,6.570000171661377,6.494999885559082,6.53000020980835,49081,0.0,0.0,0.0
2023-06-12 14:30:00-04:00,6.539999961853027,6.6350998878479,6.539999961853027,6.610000133514404,63820,0.0,0.0,0.0
2023-06-12 15:30:00-04:00,6.610000133514404,6.619999885559082,6.554999828338623,6.579999923706055,53669,0.0,0.0,0.0
2023-06-13 09:30:00-04:00,6.75,6.890100002288818,6.680099964141846,6.889999866485596,317556,0.0,0.0,0.0
2023-06-13 10:30:00-04:00,6.900000095367432,6.909900188446045,6.809999942779541,6.880000114440918,65769,0.0,0.0,0.0
2023-06-13 11:30:00-04:00,6.889999866485596,6.949999809265137,6.820000171661377,6.940000057220459,124552,0.0,0.0,0.0
2023-06-13 12:30:00-04:00,6.940000057220459,7.0,6.929999828338623,6.989999771118164,88806,0.0,0.0,0.0
2023-06-13 13:30:00-04:00,6.989999771118164,7.0,6.920000076293945,6.920000076293945,167839,0.0,0.0,0.0
2023-06-13 14:30:00-04:00,6.929999828338623,7.005000114440918,6.909999847412109,6.980899810791016,80068,0.0,0.0,0.0
2023-06-13 15:30:00-04:00,6.989999771118164,6.999000072479248,6.960000038146973,6.960000038146973,127763,0.0,0.0,0.0
2023-06-14 09:30:00-04:00,7.050000190734863,7.099999904632568,6.909999847412109,6.920000076293945,525166,0.0,0.0,0.0
2023-06-14 10:30:00-04:00,6.928699970245361,6.979899883270264,6.920000076293945,6.920000076293945,110075,0.0,0.0,0.0
2023-06-14 11:30:00-04:00,6.929999828338623,6.940000057220459,6.840000152587891,6.860000133514404,91656,0.0,0.0,0.0
2023-06-14 12:30:00-04:00,6.857399940490723,6.864999771118164,6.730100154876709,6.759300231933594,96312,0.0,0.0,0.0
2023-06-14 13:30:00-04:00,6.75,6.769999980926514,6.452199935913086,6.489999771118164,240217,0.0,0.0,0.0
2023-06-14 14:30:00-04:00,6.510000228881836,6.739999771118164,6.494999885559082,6.679999828338623,143220,0.0,0.0,0.0
2023-06-14 15:30:00-04:00,6.686999797821045,6.699999809265137,6.579999923706055,6.690000057220459,109534,0.0,0.0,0.0
2023-06-15 09:30:00-04:00,6.579999923706055,6.828000068664551,6.579999923706055,6.789999961853027,237218,0.0,0.0,0.0
2023-06-15 10:30:00-04:00,6.789999961853027,6.789999961853027,6.65500020980835,6.735000133514404,88023,0.0,0.0,0.0
2023-06-15 11:30:00-04:00,6.748000144958496,6.840000152587891,6.739999771118164,6.829999923706055,75967,0.0,0.0,0.0
2023-06-15 12:30:00-04:00,6.840000152587891,6.880000114440918,6.801499843597412,6.829999923706055,59443,0.0,0.0,0.0
2023-06-15 13:30:00-04:00,6.849999904632568,6.96999979019165,6.8429999351501465,6.922299861907959,131946,0.0,0.0,0.0
2023-06-15 14:30:00-04:00,6.929999828338623,7.039700031280518,6.929999828338623,6.989999771118164,144649,0.0,0.0,0.0
2023-06-15 15:30:00-04:00,7.0,7.049900054931641,6.979899883270264,7.010000228881836,91430,0.0,0.0,0.0
2023-06-16 09:30:00-04:00,7.099999904632568,7.149899959564209,6.760000228881836,6.809999942779541,370865,0.0,0.0,0.0
2023-06-16 10:30:00-04:00,6.8125,6.8368000984191895,6.649899959564209,6.678299903869629,192837,0.0,0.0,0.0
2023-06-16 11:30:00-04:00,6.670000076293945,6.7270002365112305,6.6178998947143555,6.70989990234375,52945,0.0,0.0,0.0
2023-06-16 12:30:00-04:00,6.690000057220459,6.760000228881836,6.679999828338623,6.689599990844727,28315,0.0,0.0,0.0
2023-06-16 13:30:00-04:00,6.670000076293945,6.679999828338623,6.619999885559082,6.619999885559082,50443,0.0,0.0,0.0
2023-06-16 14:30:00-04:00,6.619999885559082,6.619999885559082,6.550000190734863,6.599899768829346,69404,0.0,0.0,0.0
2023-06-16 15:30:00-04:00,6.591700077056885,6.679999828338623,6.591700077056885,6.659999847412109,66109,0.0,0.0,0.0
2023-06-20 09:30:00-04:00,6.579999923706055,6.690000057220459,6.5,6.510000228881836,282470,0.0,0.0,0.0
2023-06-20 10:30:00-04:00,6.511199951171875,6.559999942779541,6.485000133514404,6.489999771118164,93777,0.0,0.0,0.0
2023-06-20 11:30:00-04:00,6.489999771118164,6.550000190734863,6.480000019073486,6.550000190734863,32608,0.0,0.0,0.0
2023-06-20 12:30:00-04:00,6.549900054931641,6.579999923706055,6.519999980926514,6.53849983215332,54626,0.0,0.0,0.0
2023-06-20 13:30:00-04:00,6.539999961853027,6.585000038146973,6.534999847412109,6.560100078582764,38717,0.0,0.0,0.0
2023-06-20 14:30:00-04:00,6.550000190734863,6.618299961090088,6.53000020980835,6.618299961090088,23135,0.0,0.0,0.0
2023-06-20 15:30:00-04:00,6.610000133514404,6.610000133514404,6.559999942779541,6.5605998039245605,114722,0.0,0.0,0.0
2023-06-21 09:30:00-04:00,6.480000019073486,6.550000190734863,6.369900226593018,6.512199878692627,129955,0.0,0.0,0.0
2023-06-21 10:30:00-04:00,6.519999980926514,6.579999923706055,6.458000183105469,6.579899787902832,56915,0.0,0.0,0.0
2023-06-21 11:30:00-04:00,6.550000190734863,6.619999885559082,6.540999889373779,6.579999923706055,19523,0.0,0.0,0.0
2023-06-21 12:30:00-04:00,6.590000152587891,6.608500003814697,6.550000190734863,6.553299903869629,10254,0.0,0.0,0.0
2023-06-21 13:30:00-04:00,6.580100059509277,6.684999942779541,6.580100059509277,6.680500030517578,57446,0.0,0.0,0.0
2023-06-21 14:30:00-04:00,6.695000171661377,6.708600044250488,6.619999885559082,6.619999885559082,36852,0.0,0.0,0.0
2023-06-21 15:30:00-04:00,6.619999885559082,6.619999885559082,6.539999961853027,6.559999942779541,32338,0.0,0.0,0.0
2023-06-22 09:30:00-04:00,6.519999980926514,6.559999942779541,6.349999904632568,6.510000228881836,138615,0.0,0.0,0.0
2023-06-22 10:30:00-04:00,6.510000228881836,6.549900054931641,6.441999912261963,6.539999961853027,56415,0.0,0.0,0.0
2023-06-22 11:30:00-04:00,6.550600051879883,6.619999885559082,6.550600051879883,6.590000152587891,32878,0.0,0.0,0.0
2023-06-22 12:30:00-04:00,6.610000133514404,6.630000114440918,6.574999809265137,6.5802001953125,18264,0.0,0.0,0.0
2023-06-22 13:30:00-04:00,6.579999923706055,6.599999904632568,6.550000190734863,6.599999904632568,15275,0.0,0.0,0.0
2023-06-22 14:30:00-04:00,6.609799861907959,6.625,6.559899806976318,6.559899806976318,17631,0.0,0.0,0.0
2023-06-22 15:30:00-04:00,6.539999961853027,6.590000152587891,6.539999961853027,6.579999923706055,68856,0.0,0.0,0.0
2023-06-23 09:30:00-04:00,6.440000057220459,6.599999904632568,6.409999847412109,6.570000171661377,73017,0.0,0.0,0.0
2023-06-23 10:30:00-04:00,6.579999923706055,6.659999847412109,6.539999961853027,6.539999961853027,51657,0.0,0.0,0.0
2023-06-23 11:30:00-04:00,6.570000171661377,6.599999904632568,6.540999889373779,6.590000152587891,21577,0.0,0.0,0.0
2023-06-23 12:30:00-04:00,6.599999904632568,6.6006999015808105,6.539999961853027,6.570000171661377,17671,0.0,0.0,0.0
2023-06-23 13:30:00-04:00,6.570000171661377,6.579999923706055,6.5,6.519999980926514,15763,0.0,0.0,0.0
2023-06-23 14:30:00-04:00,6.510000228881836,6.511099815368652,6.429999828338623,6.449999809265137,37902,0.0,0.0,0.0
2023-06-23 15:30:00-04:00,6.449999809265137,6.46999979019165,6.420000076293945,6.440000057220459,64803,0.0,0.0,0.0
2023-06-26 09:30:00-04:00,6.389999866485596,6.659999847412109,6.389999866485596,6.550600051879883,75152,0.0,0.0,0.0
2023-06-26 10:30:00-04:00,6.550000190734863,6.550000190734863,6.46999979019165,6.53000020980835,69372,0.0,0.0,0.0
2023-06-26 11:30:00-04:00,6.525000095367432,6.610000133514404,6.474999904632568,6.5,74862,0.0,0.0,0.0
2023-06-26 12:30:00-04:00,6.489999771118164,6.53000020980835,6.440000057220459,6.503499984741211,37340,0.0,0.0,0.0
2023-06-26 13:30:00-04:00,6.53000020980835,6.551300048828125,6.510000228881836,6.53000020980835,12021,0.0,0.0,0.0
2023-06-26 14:30:00-04:00,6.539999961853027,6.559999942779541,6.53000020980835,6.550099849700928,25476,0.0,0.0,0.0
2023-06-26 15:30:00-04:00,6.554999828338623,6.570000171661377,6.449999809265137,6.46999979019165,38463,0.0,0.0,0.0
2023-06-27 09:30:00-04:00,6.460000038146973,6.590000152587891,6.411399841308594,6.590000152587891,35111,0.0,0.0,0.0
2023-06-27 10:30:00-04:00,6.599999904632568,6.739999771118164,6.599999904632568,6.729599952697754,86067,0.0,0.0,0.0
2023-06-27 11:30:00-04:00,6.724999904632568,6.779900074005127,6.711999893188477,6.769999980926514,90516,0.0,0.0,0.0
2023-06-27 12:30:00-04:00,6.770100116729736,6.820000171661377,6.760000228881836,6.789999961853027,66493,0.0,0.0,0.0
2023-06-27 13:30:00-04:00,6.800000190734863,6.830900192260742,6.78000020980835,6.799099922180176,44648,0.0,0.0,0.0
2023-06-27 14:30:00-04:00,6.800000190734863,6.8317999839782715,6.770100116729736,6.8317999839782715,41330,0.0,0.0,0.0
2023-06-27 15:30:00-04:00,6.835000038146973,6.840000152587891,6.795000076293945,6.800000190734863,43710,0.0,0.0,0.0
2023-06-28 09:30:00-04:00,6.769999980926514,6.809999942779541,6.639999866485596,6.699999809265137,62559,0.0,0.0,0.0
2023-06-28 10:30:00-04:00,6.720099925994873,6.78000020980835,6.650000095367432,6.690000057220459,36304,0.0,0.0,0.0
2023-06-28 11:30:00-04:00,6.699999809265137,6.798699855804443,6.690000057220459,6.760000228881836,14982,0.0,0.0,0.0
2023-06-28 12:30:00-04:00,6.75,6.769999980926514,6.670100212097168,6.739999771118164,42524,0.0,0.0,0.0
2023-06-28 13:30:00-04:00,6.730000019073486,6.769999980926514,6.730000019073486,6.760000228881836,13896,0.0,0.0,0.0
2023-06-28 14:30:00-04:00,6.760000228881836,6.809999942779541,6.719299793243408,6.789999961853027,23267,0.0,0.0,0.0
2023-06-28 15:30:00-04:00,6.78000020980835,6.815000057220459,6.775000095367432,6.809999942779541,15319,0.0,0.0,0.0
2023-06-29 09:30:00-04:00,6.860000133514404,7.110000133514404,6.820000171661377,7.0,153053,0.0,0.0,0.0
2023-06-29 10:30:00-04:00,7.011000156402588,7.011000156402588,6.940000057220459,6.949999809265137,27482,0.0,0.0,0.0
2023-06-29 11:30:00-04:00,6.949999809265137,7.0,6.920000076293945,6.989999771118164,34882,0.0,0.0,0.0
2023-06-29 12:30:00-04:00,6.980000019073486,7.0106000900268555,6.940000057220459,6.960000038146973,13969,0.0,0.0,0.0
2023-06-29 13:30:00-04:00,6.960000038146973,6.96999979019165,6.889999866485596,6.940000057220459,22272,0.0,0.0,0.0
2023-06-29 14:30:00-04:00,6.949999809265137,6.949999809265137,6.889999866485596,6.929999828338623,12671,0.0,0.0,0.0
2023-06-29 15:30:00-04:00,6.927800178527832,6.949999809265137,6.909999847412109,6.920000076293945,32397,0.0,0.0,0.0
2023-06-30 09:30:00-04:00,7.099999904632568,7.110000133514404,6.920000076293945,6.986400127410889,190024,0.0,0.0,0.0
2023-06-30 10:30:00-04:00,7.0,7.03000020980835,6.775000095367432,6.949999809265137,98218,0.0,0.0,0.0
2023-06-30 11:30:00-04:00,6.960000038146973,7.0,6.911200046539307,7.0,22928,0.0,0.0,0.0
2023-06-30 12:30:00-04:00,7.005000114440918,7.039999961853027,6.999899864196777,7.019999980926514,17126,0.0,0.0,0.0
2023-06-30 13:30:00-04:00,7.020100116729736,7.050000190734863,7.0,7.050000190734863,51221,0.0,0.0,0.0
2023-06-30 14:30:00-04:00,7.059999942779541,7.099999904632568,7.054999828338623,7.09499979019165,66320,0.0,0.0,0.0
2023-06-30 15:30:00-04:00,7.090000152587891,7.090000152587891,7.010000228881836,7.010000228881836,51102,0.0,0.0,0.0
2023-07-03 09:30:00-04:00,7.0,7.239999771118164,7.0,7.239999771118164,210795,0.0,0.0,0.0
2023-07-03 10:30:00-04:00,7.239999771118164,7.260000228881836,7.139999866485596,7.170000076293945,63236,0.0,0.0,0.0
2023-07-03 11:30:00-04:00,7.170100212097168,7.204999923706055,7.139999866485596,7.145199775695801,10572,0.0,0.0,0.0
2023-07-05 09:30:00-04:00,7.150000095367432,7.150000095367432,6.920000076293945,6.9567999839782715,84829,0.0,0.0,0.0
2023-07-05 10:30:00-04:00,6.969699859619141,7.070000171661377,6.953199863433838,7.019999980926514,30781,0.0,0.0,0.0
2023-07-05 11:30:00-04:00,7.040900230407715,7.059999942779541,7.011499881744385,7.027299880981445,12602,0.0,0.0,0.0
2023-07-05 12:30:00-04:00,7.019999980926514,7.099999904632568,7.0,7.079999923706055,45120,0.0,0.0,0.0
2023-07-05 13:30:00-04:00,7.079999923706055,7.139999866485596,7.0609002113342285,7.090000152587891,18953,0.0,0.0,0.0
2023-07-05 14:30:00-04:00,7.0914998054504395,7.164999961853027,7.0914998054504395,7.150100231170654,8819,0.0,0.0,0.0
2023-07-05 15:30:00-04:00,7.170000076293945,7.170000076293945,7.110000133514404,7.110000133514404,22316,0.0,0.0,0.0
2023-07-06 09:30:00-04:00,6.900000095367432,7.010000228881836,6.75,6.760000228881836,142679,0.0,0.0,0.0
2023-07-06 10:30:00-04:00,6.769899845123291,6.789899826049805,6.701000213623047,6.739999771118164,59208,0.0,0.0,0.0
2023-07-06 11:30:00-04:00,6.739999771118164,6.820000171661377,6.739999771118164,6.804999828338623,25009,0.0,0.0,0.0
2023-07-06 12:30:00-04:00,6.809999942779541,6.864999771118164,6.800000190734863,6.840000152587891,22263,0.0,0.0,0.0
2023-07-06 13:30:00-04:00,6.849999904632568,6.880000114440918,6.820000171661377,6.837900161743164,20274,0.0,0.0,0.0
2023-07-06 14:30:00-04:00,6.8317999839782715,6.889999866485596,6.829999923706055,6.881999969482422,16351,0.0,0.0,0.0
2023-07-06 15:30:00-04:00,6.880000114440918,6.900000095367432,6.820000171661377,6.860000133514404,31864,0.0,0.0,0.0
2023-07-07 09:30:00-04:00,6.869999885559082,7.0,6.849999904632568,6.980000019073486,142995,0.0,0.0,0.0
2023-07-07 10:30:00-04:00,6.980000019073486,7.149600028991699,6.929999828338623,7.149600028991699,96850,0.0,0.0,0.0
2023-07-07 11:30:00-04:00,7.148600101470947,7.170000076293945,7.099999904632568,7.144999980926514,38657,0.0,0.0,0.0
2023-07-07 12:30:00-04:00,7.1402997970581055,7.21999979019165,7.139999866485596,7.1620001792907715,29925,0.0,0.0,0.0
2023-07-07 13:30:00-04:00,7.139999866485596,7.159999847412109,7.127500057220459,7.159999847412109,22201,0.0,0.0,0.0
2023-07-07 14:30:00-04:00,7.139999866485596,7.159999847412109,7.120999813079834,7.144999980926514,37616,0.0,0.0,0.0
2023-07-07 15:30:00-04:00,7.139999866485596,7.139999866485596,7.03000020980835,7.050000190734863,53637,0.0,0.0,0.0
2023-07-10 09:30:00-04:00,7.050000190734863,7.389999866485596,7.050000190734863,7.309999942779541,266008,0.0,0.0,0.0
2023-07-10 10:30:00-04:00,7.309999942779541,7.389999866485596,7.269999980926514,7.327700138092041,49822,0.0,0.0,0.0
2023-07-10 11:30:00-04:00,7.320000171661377,7.369999885559082,7.300000190734863,7.349999904632568,40652,0.0,0.0,0.0
2023-07-10 12:30:00-04:00,7.349999904632568,7.369999885559082,7.309999942779541,7.329999923706055,34814,0.0,0.0,0.0
2023-07-10 13:30:00-04:00,7.340000152587891,7.390900135040283,7.331600189208984,7.389999866485596,26193,0.0,0.0,0.0
2023-07-10 14:30:00-04:00,7.389999866485596,7.389999866485596,7.329999923706055,7.389999866485596,53098,0.0,0.0,0.0
2023-07-10 15:30:00-04:00,7.388899803161621,7.420000076293945,7.380000114440918,7.409999847412109,56720,0.0,0.0,0.0
2023-07-11 09:30:00-04:00,7.5,7.849999904632568,7.5,7.84499979019165,309268,0.0,0.0,0.0
2023-07-11 10:30:00-04:00,7.829599857330322,7.889900207519531,7.751299858093262,7.769999980926514,131609,0.0,0.0,0.0
2023-07-11 11:30:00-04:00,7.769999980926514,7.929999828338623,7.75,7.889999866485596,67208,0.0,0.0,0.0
2023-07-11 12:30:00-04:00,7.889999866485596,7.929999828338623,7.849999904632568,7.889999866485596,82276,0.0,0.0,0.0
2023-07-11 13:30:00-04:00,7.880000114440918,7.885000228881836,7.800000190734863,7.840000152587891,24248,0.0,0.0,0.0
2023-07-11 14:30:00-04:00,7.840000152587891,7.889999866485596,7.829999923706055,7.864999771118164,55018,0.0,0.0,0.0
2023-07-11 15:30:00-04:00,7.869999885559082,7.909999847412109,7.8024001121521,7.900000095367432,80914,0.0,0.0,0.0
2023-07-12 09:30:00-04:00,8.1899995803833,8.25,7.920000076293945,8.050000190734863,289892,0.0,0.0,0.0
2023-07-12 10:30:00-04:00,8.069999694824219,8.109999656677246,7.985000133514404,7.989999771118164,80268,0.0,0.0,0.0
2023-07-12 11:30:00-04:00,7.989999771118164,8.0,7.900000095367432,7.940000057220459,44883,0.0,0.0,0.0
2023-07-12 12:30:00-04:00,7.949999809265137,8.01990032196045,7.949999809265137,8.0,15713,0.0,0.0,0.0
2023-07-12 13:30:00-04:00,7.9899001121521,8.079899787902832,7.9899001121521,8.010000228881836,33432,0.0,0.0,0.0
2023-07-12 14:30:00-04:00,8.010000228881836,8.029999732971191,7.880000114440918,7.909999847412109,100165,0.0,0.0,0.0
2023-07-12 15:30:00-04:00,7.9257001876831055,7.955999851226807,7.8454999923706055,7.880000114440918,53229,0.0,0.0,0.0
2023-07-13 09:30:00-04:00,7.889999866485596,7.889999866485596,7.660099983215332,7.75,173449,0.0,0.0,0.0
2023-07-13 10:30:00-04:00,7.75,7.800000190734863,7.650000095367432,7.6971001625061035,194571,0.0,0.0,0.0
2023-07-13 11:30:00-04:00,7.690000057220459,7.735000133514404,7.672100067138672,7.719299793243408,50367,0.0,0.0,0.0
2023-07-13 12:30:00-04:00,7.724999904632568,7.75,7.690000057220459,7.708199977874756,16392,0.0,0.0,0.0
2023-07-13 13:30:00-04:00,7.71999979019165,7.750100135803223,7.690000057220459,7.704999923706055,27274,0.0,0.0,0.0
2023-07-13 14:30:00-04:00,7.707499980926514,7.725800037384033,7.675000190734863,7.710000038146973,29263,0.0,0.0,0.0
2023-07-13 15:30:00-04:00,7.71999979019165,7.739999771118164,7.670000076293945,7.670000076293945,21091,0.0,0.0,0.0
2023-07-14 09:30:00-04:00,7.579999923706055,7.599999904632568,7.400000095367432,7.409999847412109,257181,0.0,0.0,0.0
2023-07-14 10:30:00-04:00,7.400000095367432,7.400000095367432,7.309999942779541,7.369999885559082,88212,0.0,0.0,0.0
2023-07-14 11:30:00-04:00,7.375,7.400000095367432,7.284999847412109,7.350100040435791,62288,0.0,0.0,0.0
2023-07-14 12:30:00-04:00,7.340000152587891,7.400000095367432,7.340000152587891,7.380000114440918,53098,0.0,0.0,0.0
2023-07-14 13:30:00-04:00,7.380000114440918,7.400000095367432,7.369999885559082,7.389999866485596,26648,0.0,0.0,0.0
2023-07-14 14:30:00-04:00,7.389999866485596,7.439899921417236,7.360000133514404,7.400000095367432,24607,0.0,0.0,0.0
2023-07-14 15:30:00-04:00,7.410399913787842,7.460000038146973,7.409999847412109,7.460000038146973,62418,0.0,0.0,0.0
2023-07-17 09:30:00-04:00,7.400000095367432,7.610000133514404,7.239999771118164,7.590099811553955,154225,0.0,0.0,0.0
2023-07-17 10:30:00-04:00,7.619999885559082,7.670000076293945,7.534999847412109,7.570000171661377,85108,0.0,0.0,0.0
2023-07-17 11:30:00-04:00,7.550000190734863,7.630000114440918,7.550000190734863,7.579999923706055,39435,0.0,0.0,0.0
2023-07-17 12:30:00-04:00,7.570000171661377,7.599999904632568,7.559999942779541,7.59499979019165,25521,0.0,0.0,0.0
2023-07-17 13:30:00-04:00,7.599999904632568,7.630000114440918,7.570000171661377,7.619999885559082,55487,0.0,0.0,0.0
2023-07-17 14:30:00-04:00,7.610000133514404,7.650000095367432,7.599999904632568,7.639999866485596,19562,0.0,0.0,0.0
2023-07-17 15:30:00-04:00,7.630000114440918,7.647900104522705,7.570000171661377,7.589600086212158,33100,0.0,0.0,0.0
2023-07-18 09:30:00-04:00,7.570000171661377,7.949999809265137,7.559999942779541,7.909999847412109,176168,0.0,0.0,0.0
2023-07-18 10:30:00-04:00,7.9120001792907715,7.949999809265137,7.849999904632568,7.929999828338623,50227,0.0,0.0,0.0
2023-07-18 11:30:00-04:00,7.929999828338623,7.933300018310547,7.679999828338623,7.680300235748291,40400,0.0,0.0,0.0
2023-07-18 12:30:00-04:00,7.659999847412109,7.820000171661377,7.65500020980835,7.820000171661377,49026,0.0,0.0,0.0
2023-07-18 13:30:00-04:00,7.800000190734863,7.809999942779541,7.760000228881836,7.809999942779541,85819,0.0,0.0,0.0
2023-07-18 14:30:00-04:00,7.804999828338623,7.809999942779541,7.75,7.800000190734863,13611,0.0,0.0,0.0
2023-07-18 15:30:00-04:00,7.809999942779541,7.820000171661377,7.78000020980835,7.809999942779541,38719,0.0,0.0,0.0
2023-07-19 09:30:00-04:00,8.100000381469727,8.270000457763672,7.960000038146973,8.140000343322754,273744,0.0,0.0,0.0
2023-07-19 10:30:00-04:00,8.149999618530273,8.1899995803833,8.079999923706055,8.149999618530273,104349,0.0,0.0,0.0
2023-07-19 11:30:00-04:00,8.15999984741211,8.1850004196167,8.09000015258789,8.125,103250,0.0,0.0,0.0
2023-07-19 12:30:00-04:00,8.095000267028809,8.179800033569336,8.050000190734863,8.15999984741211,57072,0.0,0.0,0.0
2023-07-19 13:30:00-04:00,8.149999618530273,8.210000038146973,8.140000343322754,8.208100318908691,122922,0.0,0.0,0.0
2023-07-19 14:30:00-04:00,8.210000038146973,8.279899597167969,8.180000305175781,8.265000343322754,54817,0.0,0.0,0.0
2023-07-19 15:30:00-04:00,8.260000228881836,8.300000190734863,8.229999542236328,8.279999732971191,111979,0.0,0.0,0.0
2023-07-20 09:30:00-04:00,8.270000457763672,8.272000312805176,8.020000457763672,8.039999961853027,166255,0.0,0.0,0.0
2023-07-20 10:30:00-04:00,8.01990032196045,8.0600004196167,7.889999866485596,8.050000190734863,114835,0.0,0.0,0.0
2023-07-20 11:30:00-04:00,8.049400329589844,8.079999923706055,7.949999809265137,7.977700233459473,52579,0.0,0.0,0.0
2023-07-20 12:30:00-04:00,7.96999979019165,7.979899883270264,7.929999828338623,7.965000152587891,18548,0.0,0.0,0.0
2023-07-20 13:30:00-04:00,7.980999946594238,7.9899001121521,7.94350004196167,7.949999809265137,10804,0.0,0.0,0.0
2023-07-20 14:30:00-04:00,7.949999809265137,8.050000190734863,7.909999847412109,7.920000076293945,29071,0.0,0.0,0.0
2023-07-20 15:30:00-04:00,7.920000076293945,7.960000038146973,7.909900188446045,7.960000038146973,52960,0.0,0.0,0.0
2023-07-21 09:30:00-04:00,8.119999885559082,8.119999885559082,7.71999979019165,7.7600998878479,124779,0.0,0.0,0.0
2023-07-21 10:30:00-04:00,7.760000228881836,7.909999847412109,7.739999771118164,7.849999904632568,56165,0.0,0.0,0.0
2023-07-21 11:30:00-04:00,7.849999904632568,7.860000133514404,7.799900054931641,7.800000190734863,27641,0.0,0.0,0.0
2023-07-21 12:30:00-04:00,7.800000190734863,7.809999942779541,7.754000186920166,7.78000020980835,9669,0.0,0.0,0.0
2023-07-21 13:30:00-04:00,7.809899806976318,7.820000171661377,7.739999771118164,7.759900093078613,9803,0.0,0.0,0.0
2023-07-21 14:30:00-04:00,7.739999771118164,7.76800012588501,7.699999809265137,7.71999979019165,19911,0.0,0.0,0.0
2023-07-21 15:30:00-04:00,7.739999771118164,7.760000228881836,7.699999809265137,7.710000038146973,55139,0.0,0.0,0.0
2023-07-24 09:30:00-04:00,7.789999961853027,7.989699840545654,7.690000057220459,7.739999771118164,279828,0.0,0.0,0.0
2023-07-24 10:30:00-04:00,7.730000019073486,7.771399974822998,7.650000095367432,7.769999980926514,113355,0.0,0.0,0.0
2023-07-24 11:30:00-04:00,7.78000020980835,7.849999904632568,7.769999980926514,7.808199882507324,36402,0.0,0.0,0.0
2023-07-24 12:30:00-04:00,7.803500175476074,7.894999980926514,7.780399799346924,7.849999904632568,14888,0.0,0.0,0.0
2023-07-24 13:30:00-04:00,7.869999885559082,7.914999961853027,7.829999923706055,7.900000095367432,11216,0.0,0.0,0.0
2023-07-24 14:30:00-04:00,7.889999866485596,7.889999866485596,7.840000152587891,7.840000152587891,41182,0.0,0.0,0.0
2023-07-24 15:30:00-04:00,7.829999923706055,7.889999866485596,7.829999923706055,7.880000114440918,54958,0.0,0.0,0.0
2023-07-25 09:30:00-04:00,7.860000133514404,7.909999847412109,7.690000057220459,7.840000152587891,187837,0.0,0.0,0.0
2023-07-25 10:30:00-04:00,7.840000152587891,7.860000133514404,7.782100200653076,7.829999923706055,56606,0.0,0.0,0.0
2023-07-25 11:30:00-04:00,7.840000152587891,7.840000152587891,7.78000020980835,7.78000020980835,12127,0.0,0.0,0.0
2023-07-25 12:30:00-04:00,7.769999980926514,7.807400226593018,7.760000228881836,7.78000020980835,21812,0.0,0.0,0.0
2023-07-25 13:30:00-04:00,7.789899826049805,7.829999923706055,7.760000228881836,7.829999923706055,25521,0.0,0.0,0.0
2023-07-25 14:30:00-04:00,7.829999923706055,7.829999923706055,7.78000020980835,7.809999942779541,59789,0.0,0.0,0.0
2023-07-25 15:30:00-04:00,7.789999961853027,7.820000171661377,7.760000228881836,7.769999980926514,17437,0.0,0.0,0.0
2023-07-26 09:30:00-04:00,7.739999771118164,8.119999885559082,7.739999771118164,7.994999885559082,190529,0.0,0.0,0.0
2023-07-26 10:30:00-04:00,7.96999979019165,7.989999771118164,7.894999980926514,7.929999828338623,32016,0.0,0.0,0.0
2023-07-26 11:30:00-04:00,7.929999828338623,8.029999732971191,7.909999847412109,8.010000228881836,32276,0.0,0.0,0.0
2023-07-26 12:30:00-04:00,8.015000343322754,8.0423002243042,7.981299877166748,7.981299877166748,27348,0.0,0.0,0.0
2023-07-26 13:30:00-04:00,7.980000019073486,8.020000457763672,7.949999809265137,8.010000228881836,18787,0.0,0.0,0.0
2023-07-26 14:30:00-04:00,8.010000228881836,8.140000343322754,7.989999771118164,8.079400062561035,173216,0.0,0.0,0.0
2023-07-26 15:30:00-04:00,8.077300071716309,8.130000114440918,8.050000190734863,8.119999885559082,50365,0.0,0.0,0.0
2023-07-27 09:30:00-04:00,8.220000267028809,8.229999542236328,8.061800003051758,8.09000015258789,229180,0.0,0.0,0.0
2023-07-27 10:30:00-04:00,8.090700149536133,8.170000076293945,8.069999694824219,8.130000114440918,85108,0.0,0.0,0.0
2023-07-27 11:30:00-04:00,8.140000343322754,8.28499984741211,8.109999656677246,8.28499984741211,40518,0.0,0.0,0.0
2023-07-27 12:30:00-04:00,8.288999557495117,8.329299926757812,8.141599655151367,8.145000457763672,112727,0.0,0.0,0.0
2023-07-27 13:30:00-04:00,8.140000343322754,8.140000343322754,7.95989990234375,7.95989990234375,77994,0.0,0.0,0.0
2023-07-27 14:30:00-04:00,7.960000038146973,7.960000038146973,7.769999980926514,7.829999923706055,119575,0.0,0.0,0.0
2023-07-27 15:30:00-04:00,7.829999923706055,7.849999904632568,7.751200199127197,7.820000171661377,34193,0.0,0.0,0.0
2023-07-28 09:30:00-04:00,8.029999732971191,8.100000381469727,7.929999828338623,8.010000228881836,210148,0.0,0.0,0.0
2023-07-28 10:30:00-04:00,8.010299682617188,8.159799575805664,7.994999885559082,8.159799575805664,22120,0.0,0.0,0.0
2023-07-28 11:30:00-04:00,8.149999618530273,8.175000190734863,8.098299980163574,8.119999885559082,47530,0.0,0.0,0.0
2023-07-28 12:30:00-04:00,8.138899803161621,8.138899803161621,8.066499710083008,8.089900016784668,14735,0.0,0.0,0.0
2023-07-28 13:30:00-04:00,8.069999694824219,8.100099563598633,8.020000457763672,8.100099563598633,0,0.0,0.0,0.0
2023-07-28 14:30:00-04:00,8.10990047454834,8.109999656677246,8.060799598693848,8.079999923706055,478406,0.0,0.0,0.0
2023-07-28 15:30:00-04:00,8.069999694824219,8.109999656677246,8.069999694824219,8.09000015258789,18959,0.0,0.0,0.0
2023-07-31 09:30:00-04:00,8.149999618530273,8.324999809265137,8.121299743652344,8.259900093078613,160347,0.0,0.0,0.0
2023-07-31 10:30:00-04:00,8.25,8.270000457763672,8.180000305175781,8.269599914550781,378706,0.0,0.0,0.0
2023-07-31 11:30:00-04:00,8.265000343322754,8.295000076293945,8.199999809265137,8.279999732971191,83163,0.0,0.0,0.0
2023-07-31 12:30:00-04:00,8.289999961853027,8.289999961853027,8.15999984741211,8.210000038146973,45509,0.0,0.0,0.0
2023-07-31 13:30:00-04:00,8.220000267028809,8.260000228881836,8.215999603271484,8.239999771118164,12150,0.0,0.0,0.0
2023-07-31 14:30:00-04:00,8.25,8.260000228881836,8.220000267028809,8.25,33795,0.0,0.0,0.0
2023-07-31 15:30:00-04:00,8.25,8.3100004196167,8.210000038146973,8.289999961853027,51861,0.0,0.0,0.0
2023-08-01 09:30:00-04:00,8.1899995803833,8.300000190734863,8.0600004196167,8.0600004196167,99094,0.0,0.0,0.0
2023-08-01 10:30:00-04:00,8.050000190734863,8.180000305175781,8.020000457763672,8.180000305175781,72609,0.0,0.0,0.0
2023-08-01 11:30:00-04:00,8.15999984741211,8.199999809265137,8.119999885559082,8.119999885559082,36509,0.0,0.0,0.0
2023-08-01 12:30:00-04:00,8.119999885559082,8.199999809265137,8.109999656677246,8.1899995803833,17340,0.0,0.0,0.0
2023-08-01 13:30:00-04:00,8.199999809265137,8.239999771118164,8.180000305175781,8.199999809265137,11593,0.0,0.0,0.0
2023-08-01 14:30:00-04:00,8.199999809265137,8.220000267028809,8.170000076293945,8.180000305175781,13139,0.0,0.0,0.0
2023-08-01 15:30:00-04:00,8.175000190734863,8.210000038146973,8.140000343322754,8.170000076293945,34729,0.0,0.0,0.0
2023-08-02 09:30:00-04:00,7.909999847412109,8.039999961853027,7.809999942779541,7.929999828338623,266479,0.0,0.0,0.0
2023-08-02 10:30:00-04:00,7.949999809265137,7.980000019073486,7.828499794006348,7.940000057220459,128482,0.0,0.0,0.0
2023-08-02 11:30:00-04:00,7.960000038146973,7.96999979019165,7.840000152587891,7.900000095367432,59187,0.0,0.0,0.0
2023-08-02 12:30:00-04:00,7.920000076293945,7.989999771118164,7.909999847412109,7.965000152587891,24431,0.0,0.0,0.0
2023-08-02 13:30:00-04:00,7.989999771118164,8.0,7.920000076293945,7.920000076293945,23722,0.0,0.0,0.0
2023-08-02 14:30:00-04:00,7.920000076293945,7.940000057220459,7.860000133514404,7.860000133514404,27151,0.0,0.0,0.0
2023-08-02 15:30:00-04:00,7.860000133514404,7.962200164794922,7.855000019073486,7.929999828338623,34493,0.0,0.0,0.0
2023-08-03 09:30:00-04:00,7.849999904632568,8.020000457763672,7.829999923706055,7.829999923706055,111480,0.0,0.0,0.0
2023-08-03 10:30:00-04:00,7.810100078582764,7.95989990234375,7.810100078582764,7.921000003814697,54988,0.0,0.0,0.0
2023-08-03 11:30:00-04:00,7.929999828338623,8.020000457763672,7.925000190734863,7.989999771118164,19172,0.0,0.0,0.0
2023-08-03 12:30:00-04:00,7.989999771118164,8.140000343322754,7.980000019073486,8.130000114440918,33494,0.0,0.0,0.0
2023-08-03 13:30:00-04:00,8.140000343322754,8.140000343322754,8.020000457763672,8.039999961853027,16531,0.0,0.0,0.0
2023-08-03 14:30:00-04:00,8.03499984741211,8.03499984741211,7.96999979019165,7.989999771118164,15807,0.0,0.0,0.0
2023-08-03 15:30:00-04:00,7.980000019073486,8.020000457763672,7.949999809265137,7.989999771118164,18544,0.0,0.0,0.0
2023-08-04 09:30:00-04:00,8.100000381469727,8.149999618530273,7.909999847412109,8.140000343322754,95255,0.0,0.0,0.0
2023-08-04 10:30:00-04:00,8.149999618530273,8.170000076293945,8.050000190734863,8.100000381469727,60160,0.0,0.0,0.0
2023-08-04 11:30:00-04:00,8.119999885559082,8.1899995803833,8.050999641418457,8.1899995803833,25508,0.0,0.0,0.0
2023-08-04 12:30:00-04:00,8.175000190734863,8.210599899291992,8.140000343322754,8.180000305175781,42060,0.0,0.0,0.0
2023-08-04 13:30:00-04:00,8.180000305175781,8.1899995803833,8.029999732971191,8.079999923706055,50598,0.0,0.0,0.0
2023-08-04 14:30:00-04:00,8.050000190734863,8.050000190734863,7.940999984741211,7.960000038146973,40352,0.0,0.0,0.0
2023-08-04 15:30:00-04:00,7.96999979019165,7.96999979019165,7.880000114440918,7.909999847412109,58768,0.0,0.0,0.0
2023-08-07 09:30:00-04:00,7.940000057220459,8.020000457763672,7.720900058746338,7.900000095367432,102322,0.0,0.0,0.0
2023-08-07 10:30:00-04:00,7.914999961853027,7.940000057220459,7.8140997886657715,7.829999923706055,30430,0.0,0.0,0.0
2023-08-07 11:30:00-04:00,7.840000152587891,7.909999847412109,7.800000190734863,7.889999866485596,33808,0.0,0.0,0.0
2023-08-07 12:30:00-04:00,7.900000095367432,7.929999828338623,7.869999885559082,7.889999866485596,16018,0.0,0.0,0.0
2023-08-07 13:30:00-04:00,7.889999866485596,7.940000057220459,7.880000114440918,7.889999866485596,21202,0.0,0.0,0.0
2023-08-07 14:30:00-04:00,7.880000114440918,7.920000076293945,7.875,7.885000228881836,9737,0.0,0.0,0.0
2023-08-07 15:30:00-04:00,7.889999866485596,7.930799961090088,7.880000114440918,7.929999828338623,17607,0.0,0.0,0.0
2023-08-08 09:30:00-04:00,7.699999809265137,7.730000019073486,7.445000171661377,7.510000228881836,219637,0.0,0.0,0.0
2023-08-08 10:30:00-04:00,7.510000228881836,7.550000190734863,7.463600158691406,7.519999980926514,65852,0.0,0.0,0.0
2023-08-08 11:30:00-04:00,7.539899826049805,7.570099830627441,7.489999771118164,7.565000057220459,23001,0.0,0.0,0.0
2023-08-08 12:30:00-04:00,7.585000038146973,7.6402997970581055,7.570000171661377,7.599999904632568,17138,0.0,0.0,0.0
2023-08-08 13:30:00-04:00,7.618800163269043,7.699999809265137,7.590000152587891,7.671800136566162,17306,0.0,0.0,0.0
2023-08-08 14:30:00-04:00,7.679999828338623,7.739999771118164,7.679999828338623,7.71999979019165,19408,0.0,0.0,0.0
2023-08-08 15:30:00-04:00,7.71999979019165,7.739999771118164,7.695000171661377,7.730000019073486,29473,0.0,0.0,0.0
2023-08-09 09:30:00-04:00,7.860000133514404,7.900000095367432,7.699999809265137,7.789999961853027,105602,0.0,0.0,0.0
2023-08-09 10:30:00-04:00,7.809999942779541,7.840000152587891,7.650000095367432,7.664999961853027,23029,0.0,0.0,0.0
2023-08-09 11:30:00-04:00,7.659999847412109,7.670000076293945,7.570899963378906,7.650000095367432,22819,0.0,0.0,0.0
2023-08-09 12:30:00-04:00,7.630000114440918,7.690000057220459,7.630000114440918,7.679999828338623,15005,0.0,0.0,0.0
2023-08-09 13:30:00-04:00,7.699999809265137,7.769899845123291,7.679999828338623,7.75,11660,0.0,0.0,0.0
2023-08-09 14:30:00-04:00,7.784999847412109,7.784999847412109,7.679999828338623,7.710000038146973,27587,0.0,0.0,0.0
2023-08-09 15:30:00-04:00,7.699999809265137,7.710000038146973,7.619999885559082,7.659999847412109,31441,0.0,0.0,0.0
2023-08-10 09:30:00-04:00,7.769999980926514,8.050000190734863,7.769999980926514,7.989999771118164,101870,0.0,0.0,0.0
2023-08-10 10:30:00-04:00,8.0,8.000399589538574,7.800000190734863,7.820000171661377,39704,0.0,0.0,0.0
2023-08-10 11:30:00-04:00,7.829999923706055,7.829999923706055,7.650000095367432,7.670000076293945,33784,0.0,0.0,0.0
2023-08-10 12:30:00-04:00,7.670000076293945,7.710000038146973,7.600100040435791,7.614999771118164,26723,0.0,0.0,0.0
2023-08-10 13:30:00-04:00,7.582699775695801,7.6803998947143555,7.550000190734863,7.659999847412109,22259,0.0,0.0,0.0
2023-08-10 14:30:00-04:00,7.664999961853027,7.670000076293945,7.600100040435791,7.600599765777588,27106,0.0,0.0,0.0
2023-08-10 15:30:00-04:00,7.599999904632568,7.619999885559082,7.579999923706055,7.619999885559082,17700,0.0,0.0,0.0
2023-08-11 09:30:00-04:00,7.480000019073486,7.699999809265137,7.469900131225586,7.670000076293945,99534,0.0,0.0,0.0
2023-08-11 10:30:00-04:00,7.679999828338623,7.75,7.590000152587891,7.619999885559082,47043,0.0,0.0,0.0
2023-08-11 11:30:00-04:00,7.610099792480469,7.710000038146973,7.582300186157227,7.659999847412109,29028,0.0,0.0,0.0
2023-08-11 12:30:00-04:00,7.659999847412109,7.690000057220459,7.590000152587891,7.639999866485596,23737,0.0,0.0,0.0
2023-08-11 13:30:00-04:00,7.639999866485596,7.639999866485596,7.581999778747559,7.63070011138916,15266,0.0,0.0,0.0
2023-08-11 14:30:00-04:00,7.639999866485596,7.650000095367432,7.599999904632568,7.649899959564209,19357,0.0,0.0,0.0
2023-08-11 15:30:00-04:00,7.639999866485596,7.639999866485596,7.590000152587891,7.610000133514404,18310,0.0,0.0,0.0
2023-08-14 09:30:00-04:00,7.510000228881836,7.599999904632568,7.409999847412109,7.5046000480651855,122855,0.0,0.0,0.0
2023-08-14 10:30:00-04:00,7.491199970245361,7.579800128936768,7.491199970245361,7.550000190734863,19422,0.0,0.0,0.0
2023-08-14 11:30:00-04:00,7.570000171661377,7.610000133514404,7.514999866485596,7.550000190734863,17321,0.0,0.0,0.0
2023-08-14 12:30:00-04:00,7.559999942779541,7.61899995803833,7.559999942779541,7.559999942779541,3967,0.0,0.0,0.0
2023-08-14 13:30:00-04:00,7.571499824523926,7.589900016784668,7.545000076293945,7.550000190734863,5005,0.0,0.0,0.0
2023-08-14 14:30:00-04:00,7.559999942779541,7.59499979019165,7.550000190734863,7.589900016784668,11167,0.0,0.0,0.0
2023-08-14 15:30:00-04:00,7.590000152587891,7.659999847412109,7.590000152587891,7.659999847412109,15824,0.0,0.0,0.0
2023-08-15 09:30:00-04:00,7.599999904632568,7.610000133514404,7.329999923706055,7.360000133514404,149136,0.0,0.0,0.0
2023-08-15 10:30:00-04:00,7.350200176239014,7.477399826049805,7.349100112915039,7.46999979019165,50611,0.0,0.0,0.0
2023-08-15 11:30:00-04:00,7.46999979019165,7.489999771118164,7.420000076293945,7.449999809265137,38718,0.0,0.0,0.0
2023-08-15 12:30:00-04:00,7.449999809265137,7.480000019073486,7.439899921417236,7.480000019073486,23569,0.0,0.0,0.0
2023-08-15 13:30:00-04:00,7.46999979019165,7.489999771118164,7.460000038146973,7.46999979019165,9695,0.0,0.0,0.0
2023-08-15 14:30:00-04:00,7.46999979019165,7.514999866485596,7.420000076293945,7.420000076293945,24502,0.0,0.0,0.0
2023-08-15 15:30:00-04:00,7.420000076293945,7.449999809265137,7.409999847412109,7.420000076293945,27051,0.0,0.0,0.0
2023-08-16 09:30:00-04:00,7.489999771118164,7.650000095367432,7.449999809265137,7.460000038146973,110560,0.0,0.0,0.0
2023-08-16 10:30:00-04:00,7.489999771118164,7.53000020980835,7.449999809265137,7.480000019073486,53846,0.0,0.0,0.0
2023-08-16 11:30:00-04:00,7.480000019073486,7.480000019073486,7.380000114440918,7.38730001449585,60852,0.0,0.0,0.0
2023-08-16 12:30:00-04:00,7.380000114440918,7.440000057220459,7.340000152587891,7.369999885559082,26624,0.0,0.0,0.0
2023-08-16 13:30:00-04:00,7.364999771118164,7.429999828338623,7.320000171661377,7.410099983215332,28548,0.0,0.0,0.0
2023-08-16 14:30:00-04:00,7.429999828338623,7.429999828338623,7.28000020980835,7.289999961853027,46928,0.0,0.0,0.0
2023-08-16 15:30:00-04:00,7.300000190734863,7.300099849700928,7.210000038146973,7.21999979019165,46950,0.0,0.0,0.0
2023-08-17 09:30:00-04:00,7.324900150299072,7.400000095367432,7.218900203704834,7.218900203704834,76536,0.0,0.0,0.0
2023-08-17 10:30:00-04:00,7.210400104522705,7.25,7.150000095367432,7.170100212097168,35184,0.0,0.0,0.0
2023-08-17 11:30:00-04:00,7.170000076293945,7.21999979019165,7.135000228881836,7.199999809265137,50991,0.0,0.0,0.0
2023-08-17 12:30:00-04:00,7.190000057220459,7.211999893188477,7.170000076293945,7.184599876403809,16249,0.0,0.0,0.0
2023-08-17 13:30:00-04:00,7.170000076293945,7.170000076293945,7.079999923706055,7.090000152587891,24997,0.0,0.0,0.0
2023-08-17 14:30:00-04:00,7.070000171661377,7.074699878692627,6.929999828338623,7.010000228881836,122989,0.0,0.0,0.0
2023-08-17 15:30:00-04:00,6.989999771118164,6.989999771118164,6.929999828338623,6.929999828338623,21446,0.0,0.0,0.0
2023-08-18 09:30:00-04:00,6.869999885559082,7.130000114440918,6.78000020980835,7.099999904632568,87013,0.0,0.0,0.0
2023-08-18 10:30:00-04:00,7.099999904632568,7.190000057220459,7.090000152587891,7.130000114440918,29978,0.0,0.0,0.0
2023-08-18 11:30:00-04:00,7.139999866485596,7.25,7.130000114440918,7.239999771118164,17232,0.0,0.0,0.0
2023-08-18 12:30:00-04:00,7.229899883270264,7.260000228881836,7.168700218200684,7.179999828338623,14152,0.0,0.0,0.0
2023-08-18 13:30:00-04:00,7.199999809265137,7.21999979019165,7.190000057220459,7.199999809265137,6281,0.0,0.0,0.0
2023-08-18 14:30:00-04:00,7.235000133514404,7.239999771118164,7.203800201416016,7.21999979019165,19435,0.0,0.0,0.0
2023-08-18 15:30:00-04:00,7.230000019073486,7.269999980926514,7.195000171661377,7.21999979019165,15458,0.0,0.0,0.0
2023-08-21 09:30:00-04:00,7.199999809265137,7.289999961853027,7.040200233459473,7.040200233459473,37513,0.0,0.0,0.0
2023-08-21 10:30:00-04:00,7.019999980926514,7.090000152587891,7.001999855041504,7.001999855041504,30650,0.0,0.0,0.0
2023-08-21 11:30:00-04:00,7.025000095367432,7.025000095367432,6.940000057220459,6.981800079345703,21337,0.0,0.0,0.0
2023-08-21 12:30:00-04:00,6.980000019073486,6.989999771118164,6.949999809265137,6.985000133514404,14677,0.0,0.0,0.0
2023-08-21 13:30:00-04:00,6.989999771118164,7.019999980926514,6.9899001121521,7.019999980926514,9534,0.0,0.0,0.0
2023-08-21 14:30:00-04:00,7.0,7.087800025939941,7.0,7.079999923706055,5448,0.0,0.0,0.0
2023-08-21 15:30:00-04:00,7.059999942779541,7.079999923706055,7.03000020980835,7.050000190734863,28883,0.0,0.0,0.0
2023-08-22 09:30:00-04:00,6.889999866485596,6.889999866485596,6.46999979019165,6.5,295429,0.0,0.0,0.0
2023-08-22 10:30:00-04:00,6.489999771118164,6.550000190734863,6.46999979019165,6.531400203704834,55976,0.0,0.0,0.0
2023-08-22 11:30:00-04:00,6.53000020980835,6.539999961853027,6.409999847412109,6.455999851226807,35128,0.0,0.0,0.0
2023-08-22 12:30:00-04:00,6.46999979019165,6.480000019073486,6.414599895477295,6.457300186157227,20675,0.0,0.0,0.0
2023-08-22 13:30:00-04:00,6.460000038146973,6.474999904632568,6.439899921417236,6.469900131225586,15289,0.0,0.0,0.0
2023-08-22 14:30:00-04:00,6.46999979019165,6.489999771118164,6.440000057220459,6.457699775695801,22409,0.0,0.0,0.0
2023-08-22 15:30:00-04:00,6.449999809265137,6.449999809265137,6.420000076293945,6.429999828338623,72077,0.0,0.0,0.0
2023-08-23 09:30:00-04:00,6.389999866485596,6.429999828338623,6.260000228881836,6.389999866485596,196601,0.0,0.0,0.0
2023-08-23 10:30:00-04:00,6.4079999923706055,6.4721999168396,6.400000095367432,6.4721999168396,37242,0.0,0.0,0.0
2023-08-23 11:30:00-04:00,6.478700160980225,6.5,6.448999881744385,6.489999771118164,30020,0.0,0.0,0.0
2023-08-23 12:30:00-04:00,6.489999771118164,6.579999923706055,6.480000019073486,6.571599960327148,46553,0.0,0.0,0.0
2023-08-23 13:30:00-04:00,6.579999923706055,6.59499979019165,6.559999942779541,6.575399875640869,32058,0.0,0.0,0.0
2023-08-23 14:30:00-04:00,6.579999923706055,6.630000114440918,6.579999923706055,6.609300136566162,20504,0.0,0.0,0.0
2023-08-23 15:30:00-04:00,6.5995001792907715,6.63100004196167,6.590000152587891,6.599999904632568,31127,0.0,0.0,0.0
2023-08-24 09:30:00-04:00,6.510000228881836,6.590000152587891,6.400000095367432,6.418000221252441,102156,0.0,0.0,0.0
2023-08-24 10:30:00-04:00,6.4019999504089355,6.4710001945495605,6.349999904632568,6.369999885559082,80183,0.0,0.0,0.0
2023-08-24 11:30:00-04:00,6.370999813079834,6.38100004196167,6.309000015258789,6.349999904632568,12359,0.0,0.0,0.0
2023-08-24 12:30:00-04:00,6.361000061035156,6.401000022888184,6.238999843597412,6.239999771118164,34578,0.0,0.0,0.0
2023-08-24 13:30:00-04:00,6.24399995803833,6.28000020980835,6.239999771118164,6.25,13509,0.0,0.0,0.0
2023-08-24 14:30:00-04:00,6.240799903869629,6.28000020980835,6.23799991607666,6.250100135803223,16284,0.0,0.0,0.0
2023-08-24 15:30:00-04:00,6.25,6.269499778747559,6.179900169372559,6.179999828338623,65935,0.0,0.0,0.0
2023-08-25 09:30:00-04:00,6.309999942779541,6.420000076293945,6.238999843597412,6.269999980926514,58553,0.0,0.0,0.0
2023-08-25 10:30:00-04:00,6.239999771118164,6.28000020980835,6.130000114440918,6.210000038146973,47458,0.0,0.0,0.0
2023-08-25 11:30:00-04:00,6.190999984741211,6.2399001121521,6.074999809265137,6.171000003814697,38648,0.0,0.0,0.0
2023-08-25 12:30:00-04:00,6.179999828338623,6.190999984741211,6.139999866485596,6.150199890136719,27757,0.0,0.0,0.0
2023-08-25 13:30:00-04:00,6.157700061798096,6.281000137329102,6.135000228881836,6.281000137329102,24284,0.0,0.0,0.0
2023-08-25 14:30:00-04:00,6.289599895477295,6.329999923706055,6.260000228881836,6.309999942779541,20907,0.0,0.0,0.0
2023-08-25 15:30:00-04:00,6.289999961853027,6.310100078582764,6.25,6.269999980926514,29926,0.0,0.0,0.0
2023-08-28 09:30:00-04:00,6.329999923706055,6.510000228881836,6.320000171661377,6.5,44044,0.0,0.0,0.0
2023-08-28 10:30:00-04:00,6.489999771118164,6.5,6.434999942779541,6.46999979019165,14261,0.0,0.0,0.0
2023-08-28 11:30:00-04:00,6.474999904632568,6.480999946594238,6.428999900817871,6.448800086975098,14890,0.0,0.0,0.0
2023-08-28 12:30:00-04:00,6.449999809265137,6.510000228881836,6.434999942779541,6.470200061798096,27784,0.0,0.0,0.0
2023-08-28 13:30:00-04:00,6.480000019073486,6.489999771118164,6.380000114440918,6.380000114440918,6179,0.0,0.0,0.0
2023-08-28 14:30:00-04:00,6.380000114440918,6.451000213623047,6.375,6.451000213623047,9537,0.0,0.0,0.0
2023-08-28 15:30:00-04:00,6.449999809265137,6.514999866485596,6.440100193023682,6.5,26999,0.0,0.0,0.0
2023-08-29 09:30:00-04:00,6.46999979019165,6.664999961853027,6.46999979019165,6.650000095367432,95081,0.0,0.0,0.0
2023-08-29 10:30:00-04:00,6.659900188446045,6.730000019073486,6.619999885559082,6.730000019073486,96851,0.0,0.0,0.0
2023-08-29 11:30:00-04:00,6.739999771118164,6.809999942779541,6.735000133514404,6.809800148010254,60363,0.0,0.0,0.0
2023-08-29 12:30:00-04:00,6.80079984664917,6.809999942779541,6.78000020980835,6.809199810028076,22785,0.0,0.0,0.0
2023-08-29 13:30:00-04:00,6.800099849700928,6.819900035858154,6.750100135803223,6.78000020980835,15659,0.0,0.0,0.0
2023-08-29 14:30:00-04:00,6.78000020980835,6.800000190734863,6.760000228881836,6.784999847412109,50748,0.0,0.0,0.0
2023-08-29 15:30:00-04:00,6.78000020980835,6.795000076293945,6.760000228881836,6.795000076293945,103950,0.0,0.0,0.0
2023-08-30 09:30:00-04:00,6.78000020980835,6.925899982452393,6.730000019073486,6.800000190734863,115711,0.0,0.0,0.0
2023-08-30 10:30:00-04:00,6.829999923706055,6.940000057220459,6.82919979095459,6.940000057220459,21262,0.0,0.0,0.0
2023-08-30 11:30:00-04:00,6.949999809265137,7.009900093078613,6.923999786376953,7.0,44470,0.0,0.0,0.0
2023-08-30 12:30:00-04:00,6.989999771118164,7.010000228881836,6.969699859619141,6.97130012512207,11136,0.0,0.0,0.0
2023-08-30 13:30:00-04:00,6.96999979019165,6.985000133514404,6.900000095367432,6.909999847412109,16343,0.0,0.0,0.0
2023-08-30 14:30:00-04:00,6.920000076293945,6.960000038146973,6.918700218200684,6.960000038146973,14616,0.0,0.0,0.0
2023-08-30 15:30:00-04:00,6.960000038146973,6.96999979019165,6.925000190734863,6.929999828338623,25059,0.0,0.0,0.0
2023-08-31 09:30:00-04:00,6.880000114440918,7.079999923706055,6.860000133514404,7.070000171661377,70698,0.0,0.0,0.0
2023-08-31 10:30:00-04:00,7.061200141906738,7.139599800109863,7.03000020980835,7.119999885559082,25665,0.0,0.0,0.0
2023-08-31 11:30:00-04:00,7.108699798583984,7.108699798583984,7.0,7.019499778747559,41568,0.0,0.0,0.0
2023-08-31 12:30:00-04:00,7.0,7.03000020980835,6.96019983291626,7.021299839019775,8571,0.0,0.0,0.0
2023-08-31 13:30:00-04:00,7.025000095367432,7.039999961853027,7.010000228881836,7.033400058746338,8241,0.0,0.0,0.0
2023-08-31 14:30:00-04:00,7.010000228881836,7.025000095367432,6.978700160980225,7.001100063323975,7277,0.0,0.0,0.0
2023-08-31 15:30:00-04:00,7.010000228881836,7.019999980926514,6.949999809265137,6.96999979019165,7482,0.0,0.0,0.0
2023-09-01 09:30:00-04:00,7.050000190734863,7.150000095367432,7.001200199127197,7.059999942779541,43449,0.0,0.0,0.0
2023-09-01 10:30:00-04:00,7.059999942779541,7.068999767303467,6.96999979019165,7.03000020980835,93712,0.0,0.0,0.0
2023-09-01 11:30:00-04:00,7.019999980926514,7.019999980926514,6.934999942779541,6.96999979019165,51935,0.0,0.0,0.0
2023-09-01 12:30:00-04:00,6.989999771118164,7.031000137329102,6.989999771118164,6.994999885559082,4811,0.0,0.0,0.0
2023-09-01 13:30:00-04:00,6.994999885559082,7.039999961853027,6.994999885559082,7.010000228881836,17956,0.0,0.0,0.0
2023-09-01 14:30:00-04:00,7.010000228881836,7.059999942779541,7.007999897003174,7.050000190734863,14139,0.0,0.0,0.0
2023-09-01 15:30:00-04:00,7.059999942779541,7.074999809265137,7.03000020980835,7.050000190734863,12557,0.0,0.0,0.0
2023-09-05 09:30:00-04:00,6.889999866485596,6.889999866485596,6.589900016784668,6.78000020980835,67125,0.0,0.0,0.0
2023-09-05 10:30:00-04:00,6.789999961853027,6.840000152587891,6.738999843597412,6.775000095367432,24640,0.0,0.0,0.0
2023-09-05 11:30:00-04:00,6.75,6.751100063323975,6.698999881744385,6.71999979019165,11848,0.0,0.0,0.0
2023-09-05 12:30:00-04:00,6.749499797821045,6.75,6.651000022888184,6.651000022888184,80717,0.0,0.0,0.0
2023-09-05 13:30:00-04:00,6.659999847412109,6.675000190734863,6.644999980926514,6.64900016784668,11458,0.0,0.0,0.0
2023-09-05 14:30:00-04:00,6.678699970245361,6.681000232696533,6.64900016784668,6.649899959564209,9134,0.0,0.0,0.0
2023-09-05 15:30:00-04:00,6.649899959564209,6.658999919891357,6.570000171661377,6.570000171661377,23915,0.0,0.0,0.0
2023-09-06 09:30:00-04:00,6.53000020980835,6.695000171661377,6.480000019073486,6.480000019073486,81263,0.0,0.0,0.0
2023-09-06 10:30:00-04:00,6.46999979019165,6.5,6.405200004577637,6.409999847412109,63187,0.0,0.0,0.0
2023-09-06 11:30:00-04:00,6.409900188446045,6.429900169372559,6.369999885559082,6.369999885559082,23061,0.0,0.0,0.0
2023-09-06 12:30:00-04:00,6.359000205993652,6.36899995803833,6.320000171661377,6.35099983215332,22922,0.0,0.0,0.0
2023-09-06 13:30:00-04:00,6.349899768829346,6.409999847412109,6.348999977111816,6.409900188446045,10778,0.0,0.0,0.0
2023-09-06 14:30:00-04:00,6.40500020980835,6.451000213623047,6.40500020980835,6.434999942779541,18808,0.0,0.0,0.0
2023-09-06 15:30:00-04:00,6.429999828338623,6.445000171661377,6.409999847412109,6.420000076293945,50859,0.0,0.0,0.0
2023-09-07 09:30:00-04:00,6.440000057220459,6.440000057220459,6.270999908447266,6.282700061798096,68246,0.0,0.0,0.0
2023-09-07 10:30:00-04:00,6.298999786376953,6.349999904632568,6.255000114440918,6.289999961853027,34795,0.0,0.0,0.0
2023-09-07 11:30:00-04:00,6.28000020980835,6.357100009918213,6.28000020980835,6.329999923706055,8583,0.0,0.0,0.0
2023-09-07 12:30:00-04:00,6.329999923706055,6.349999904632568,6.318999767303467,6.349999904632568,3228,0.0,0.0,0.0
2023-09-07 13:30:00-04:00,6.349999904632568,6.3892998695373535,6.339900016784668,6.340199947357178,9157,0.0,0.0,0.0
2023-09-07 14:30:00-04:00,6.341000080108643,6.364999771118164,6.318999767303467,6.340000152587891,0,0.0,0.0,0.0
2023-09-07 15:30:00-04:00,6.320000171661377,6.340000152587891,6.309999942779541,6.329999923706055,145915,0.0,0.0,0.0
2023-09-08 09:30:00-04:00,6.349999904632568,6.349999904632568,6.131499767303467,6.257800102233887,77624,0.0,0.0,0.0
2023-09-08 10:30:00-04:00,6.25,6.269999980926514,6.210000038146973,6.269999980926514,23404,0.0,0.0,0.0
2023-09-08 11:30:00-04:00,6.261000156402588,6.289100170135498,6.230000019073486,6.263800144195557,13654,0.0,0.0,0.0
2023-09-08 12:30:00-04:00,6.261000156402588,6.288300037384033,6.218999862670898,6.230000019073486,12554,0.0,0.0,0.0
2023-09-08 13:30:00-04:00,6.230000019073486,6.235000133514404,6.190000057220459,6.199999809265137,30520,0.0,0.0,0.0
2023-09-08 14:30:00-04:00,6.199999809265137,6.224999904632568,6.190000057220459,6.210000038146973,15601,0.0,0.0,0.0
2023-09-08 15:30:00-04:00,6.21999979019165,6.231100082397461,6.199999809265137,6.210000038146973,18779,0.0,0.0,0.0
2023-09-11 09:30:00-04:00,6.28000020980835,6.380000114440918,6.2494001388549805,6.35099983215332,72507,0.0,0.0,0.0
2023-09-11 10:30:00-04:00,6.339900016784668,6.340000152587891,6.25,6.255000114440918,20767,0.0,0.0,0.0
2023-09-11 11:30:00-04:00,6.25,6.25,6.199999809265137,6.25,9815,0.0,0.0,0.0
2023-09-11 12:30:00-04:00,6.239999771118164,6.300000190734863,6.230000019073486,6.298600196838379,7055,0.0,0.0,0.0
2023-09-11 13:30:00-04:00,6.28000020980835,6.281000137329102,6.229800224304199,6.239200115203857,2749,0.0,0.0,0.0
2023-09-11 14:30:00-04:00,6.244999885559082,6.25,6.224999904632568,6.230000019073486,20590,0.0,0.0,0.0
2023-09-11 15:30:00-04:00,6.244999885559082,6.260000228881836,6.199999809265137,6.21999979019165,22945,0.0,0.0,0.0
2023-09-12 09:30:00-04:00,6.21999979019165,6.380000114440918,6.21999979019165,6.282299995422363,69468,0.0,0.0,0.0
2023-09-12 10:30:00-04:00,6.269999980926514,6.269999980926514,6.170100212097168,6.20989990234375,37045,0.0,0.0,0.0
2023-09-12 11:30:00-04:00,6.227700233459473,6.249100208282471,6.210000038146973,6.241000175476074,24365,0.0,0.0,0.0
2023-09-12 12:30:00-04:00,6.230000019073486,6.320000171661377,6.230000019073486,6.309999942779541,19529,0.0,0.0,0.0
2023-09-12 13:30:00-04:00,6.319300174713135,6.319300174713135,6.25,6.264999866485596,17351,0.0,0.0,0.0
2023-09-12 14:30:00-04:00,6.248700141906738,6.255000114440918,6.179999828338623,6.179999828338623,21925,0.0,0.0,0.0
2023-09-12 15:30:00-04:00,6.184999942779541,6.190000057220459,6.159999847412109,6.179999828338623,22092,0.0,0.0,0.0
2023-09-13 09:30:00-04:00,6.269999980926514,6.269999980926514,6.059999942779541,6.090000152587891,196515,0.0,0.0,0.0
2023-09-13 10:30:00-04:00,6.098999977111816,6.200099945068359,6.098999977111816,6.164999961853027,108320,0.0,0.0,0.0
2023-09-13 11:30:00-04:00,6.168600082397461,6.168600082397461,6.099999904632568,6.139999866485596,16082,0.0,0.0,0.0
2023-09-13 12:30:00-04:00,6.151000022888184,6.159999847412109,6.11899995803833,6.11899995803833,5021,0.0,0.0,0.0
2023-09-13 13:30:00-04:00,6.120999813079834,6.120999813079834,6.057700157165527,6.064499855041504,60478,0.0,0.0,0.0
2023-09-13 14:30:00-04:00,6.078000068664551,6.087800025939941,6.019999980926514,6.050000190734863,24684,0.0,0.0,0.0
2023-09-13 15:30:00-04:00,6.0503997802734375,6.090000152587891,6.050000190734863,6.079999923706055,27632,0.0,0.0,0.0
2023-09-14 09:30:00-04:00,6.210000038146973,6.335000038146973,6.210000038146973,6.269999980926514,110706,0.0,0.0,0.0
2023-09-14 10:30:00-04:00,6.269000053405762,6.449999809265137,6.260000228881836,6.389999866485596,137472,0.0,0.0,0.0
2023-09-14 11:30:00-04:00,6.389999866485596,6.46999979019165,6.369999885559082,6.429999828338623,119886,0.0,0.0,0.0
2023-09-14 12:30:00-04:00,6.429999828338623,6.480000019073486,6.429999828338623,6.469600200653076,18029,0.0,0.0,0.0
2023-09-14 13:30:00-04:00,6.480000019073486,6.480000019073486,6.440400123596191,6.461999893188477,14999,0.0,0.0,0.0
2023-09-14 14:30:00-04:00,6.469900131225586,6.510000228881836,6.460000038146973,6.469900131225586,19105,0.0,0.0,0.0
2023-09-14 15:30:00-04:00,6.460599899291992,6.514999866485596,6.459000110626221,6.5,53516,0.0,0.0,0.0
2023-09-15 09:30:00-04:00,6.5,6.5,6.300000190734863,6.310999870300293,159822,0.0,0.0,0.0
2023-09-15 10:30:00-04:00,6.309999942779541,6.324999809265137,6.210000038146973,6.269999980926514,44331,0.0,0.0,0.0
2023-09-15 11:30:00-04:00,6.275000095367432,6.295000076293945,6.260000228881836,6.260000228881836,98382,0.0,0.0,0.0
2023-09-15 12:30:00-04:00,6.267399787902832,6.279200077056885,6.210000038146973,6.210000038146973,18892,0.0,0.0,0.0
2023-09-15 13:30:00-04:00,6.199999809265137,6.266499996185303,6.179699897766113,6.239200115203857,20791,0.0,0.0,0.0
2023-09-15 14:30:00-04:00,6.2418999671936035,6.284999847412109,6.231299877166748,6.264999866485596,19315,0.0,0.0,0.0
2023-09-15 15:30:00-04:00,6.264999866485596,6.264999866485596,6.209400177001953,6.239999771118164,26749,0.0,0.0,0.0
2023-09-18 09:30:00-04:00,6.239999771118164,6.239999771118164,6.032899856567383,6.099999904632568,75963,0.0,0.0,0.0
2023-09-18 10:30:00-04:00,6.110000133514404,6.114999771118164,6.010000228881836,6.03000020980835,55323,0.0,0.0,0.0
2023-09-18 11:30:00-04:00,6.047699928283691,6.059999942779541,6.010000228881836,6.026599884033203,45255,0.0,0.0,0.0
2023-09-18 12:30:00-04:00,6.03000020980835,6.058899879455566,6.008999824523926,6.019999980926514,26433,0.0,0.0,0.0
2023-09-18 13:30:00-04:00,6.019999980926514,6.03000020980835,5.980000019073486,5.998899936676025,70751,0.0,0.0,0.0
2023-09-18 14:30:00-04:00,5.994999885559082,6.0,5.960000038146973,5.985000133514404,29398,0.0,0.0,0.0
2023-09-18 15:30:00-04:00,5.980000019073486,5.980000019073486,5.945000171661377,5.960000038146973,69348,0.0,0.0,0.0
2023-09-19 09:30:00-04:00,5.900000095367432,5.98859977722168,5.800000190734863,5.829999923706055,251797,0.0,0.0,0.0
2023-09-19 10:30:00-04:00,5.829999923706055,5.849999904632568,5.809000015258789,5.840000152587891,180717,0.0,0.0,0.0
2023-09-19 11:30:00-04:00,5.840000152587891,5.860000133514404,5.840000152587891,5.841000080108643,27430,0.0,0.0,0.0
2023-09-19 12:30:00-04:00,5.840000152587891,5.889500141143799,5.824999809265137,5.875,24996,0.0,0.0,0.0
2023-09-19 13:30:00-04:00,5.880000114440918,5.919000148773193,5.875,5.900000095367432,40566,0.0,0.0,0.0
2023-09-19 14:30:00-04:00,5.892600059509277,5.949999809265137,5.885000228881836,5.909999847412109,17167,0.0,0.0,0.0
2023-09-19 15:30:00-04:00,5.909999847412109,5.929999828338623,5.880099773406982,5.888999938964844,29028,0.0,0.0,0.0
2023-09-20 09:30:00-04:00,5.949999809265137,5.998000144958496,5.900000095367432,5.949999809265137,75537,0.0,0.0,0.0
2023-09-20 10:30:00-04:00,5.960000038146973,5.980000019073486,5.920000076293945,5.940000057220459,29527,0.0,0.0,0.0
2023-09-20 11:30:00-04:00,5.940000057220459,5.997600078582764,5.940000057220459,5.974999904632568,12852,0.0,0.0,0.0
2023-09-20 12:30:00-04:00,5.980000019073486,5.980000019073486,5.954999923706055,5.960000038146973,10811,0.0,0.0,0.0
2023-09-20 13:30:00-04:00,5.9506001472473145,5.96999979019165,5.889999866485596,5.96999979019165,14601,0.0,0.0,0.0
2023-09-20 14:30:00-04:00,5.989999771118164,6.005000114440918,5.849999904632568,5.880000114440918,61392,0.0,0.0,0.0
2023-09-20 15:30:00-04:00,5.880000114440918,5.880000114440918,5.78000020980835,5.789999961853027,42136,0.0,0.0,0.0
2023-09-21 09:30:00-04:00,5.679999828338623,5.739999771118164,5.6392998695373535,5.710000038146973,101904,0.0,0.0,0.0
2023-09-21 10:30:00-04:00,5.690000057220459,5.719299793243408,5.650000095367432,5.659999847412109,31208,0.0,0.0,0.0
2023-09-21 11:30:00-04:00,5.660999774932861,5.699999809265137,5.639999866485596,5.650000095367432,21864,0.0,0.0,0.0
2023-09-21 12:30:00-04:00,5.644999980926514,5.690000057220459,5.638999938964844,5.690000057220459,34074,0.0,0.0,0.0
2023-09-21 13:30:00-04:00,5.690199851989746,5.699999809265137,5.670000076293945,5.670000076293945,18877,0.0,0.0,0.0
2023-09-21 14:30:00-04:00,5.659999847412109,5.670599937438965,5.601200103759766,5.610000133514404,29565,0.0,0.0,0.0
2023-09-21 15:30:00-04:00,5.614999771118164,5.625,5.570000171661377,5.579999923706055,83415,0.0,0.0,0.0
2023-09-22 09:30:00-04:00,5.619999885559082,5.695000171661377,5.5416998863220215,5.559999942779541,88350,0.0,0.0,0.0
2023-09-22 10:30:00-04:00,5.579999923706055,5.620999813079834,5.510000228881836,5.534999847412109,96242,0.0,0.0,0.0
2023-09-22 11:30:00-04:00,5.550000190734863,5.577099800109863,5.539999961853027,5.577099800109863,33173,0.0,0.0,0.0
2023-09-22 12:30:00-04:00,5.570000171661377,5.5802998542785645,5.539899826049805,5.539899826049805,11378,0.0,0.0,0.0
2023-09-22 13:30:00-04:00,5.539999961853027,5.548999786376953,5.480000019073486,5.5,32431,0.0,0.0,0.0
2023-09-22 14:30:00-04:00,5.491000175476074,5.574999809265137,5.485000133514404,5.570000171661377,31864,0.0,0.0,0.0
2023-09-22 15:30:00-04:00,5.568999767303467,5.568999767303467,5.480000019073486,5.489999771118164,19125,0.0,0.0,0.0
2023-09-25 09:30:00-04:00,5.380000114440918,5.53000020980835,5.360099792480469,5.499000072479248,77851,0.0,0.0,0.0
2023-09-25 10:30:00-04:00,5.510000228881836,5.578000068664551,5.488999843597412,5.519999980926514,31926,0.0,0.0,0.0
2023-09-25 11:30:00-04:00,5.510000228881836,5.619999885559082,5.510000228881836,5.619999885559082,15849,0.0,0.0,0.0
2023-09-25 12:30:00-04:00,5.614999771118164,5.619999885559082,5.550000190734863,5.559899806976318,17808,0.0,0.0,0.0
2023-09-25 13:30:00-04:00,5.559999942779541,5.599999904632568,5.559999942779541,5.579999923706055,11794,0.0,0.0,0.0
2023-09-25 14:30:00-04:00,5.591000080108643,5.610000133514404,5.530300140380859,5.559999942779541,40085,0.0,0.0,0.0
2023-09-25 15:30:00-04:00,5.570000171661377,5.571000099182129,5.525000095367432,5.550000190734863,21810,0.0,0.0,0.0
2023-09-26 09:30:00-04:00,5.449999809265137,5.559999942779541,5.409999847412109,5.46999979019165,70725,0.0,0.0,0.0
2023-09-26 10:30:00-04:00,5.480000019073486,5.480000019073486,5.410099983215332,5.410099983215332,38563,0.0,0.0,0.0
2023-09-26 11:30:00-04:00,5.4096999168396,5.46999979019165,5.400000095367432,5.450300216674805,27051,0.0,0.0,0.0
2023-09-26 12:30:00-04:00,5.460000038146973,5.470099925994873,5.409999847412109,5.417399883270264,18984,0.0,0.0,0.0
2023-09-26 13:30:00-04:00,5.409999847412109,5.420000076293945,5.364999771118164,5.369999885559082,36215,0.0,0.0,0.0
2023-09-26 14:30:00-04:00,5.369999885559082,5.380000114440918,5.340000152587891,5.340000152587891,80224,0.0,0.0,0.0
2023-09-26 15:30:00-04:00,5.349999904632568,5.349999904632568,5.289999961853027,5.320000171661377,88442,0.0,0.0,0.0
2023-09-27 09:30:00-04:00,5.369999885559082,5.46999979019165,5.369999885559082,5.4679999351501465,120281,0.0,0.0,0.0
2023-09-27 10:30:00-04:00,5.465000152587891,5.46999979019165,5.39900016784668,5.440000057220459,38425,0.0,0.0,0.0
2023-09-27 11:30:00-04:00,5.4390997886657715,5.440100193023682,5.295000076293945,5.309999942779541,68048,0.0,0.0,0.0
2023-09-27 12:30:00-04:00,5.309999942779541,5.364999771118164,5.269000053405762,5.269999980926514,39971,0.0,0.0,0.0
2023-09-27 13:30:00-04:00,5.269999980926514,5.379000186920166,5.269999980926514,5.379000186920166,77964,0.0,0.0,0.0
2023-09-27 14:30:00-04:00,5.389999866485596,5.497600078582764,5.389999866485596,5.46999979019165,69226,0.0,0.0,0.0
2023-09-27 15:30:00-04:00,5.440000057220459,5.440999984741211,5.380000114440918,5.409999847412109,27549,0.0,0.0,0.0
2023-09-28 09:30:00-04:00,5.440000057220459,5.574999809265137,5.389999866485596,5.510000228881836,182733,0.0,0.0,0.0
2023-09-28 10:30:00-04:00,5.510000228881836,5.639699935913086,5.460100173950195,5.639699935913086,97412,0.0,0.0,0.0
2023-09-28 11:30:00-04:00,5.650000095367432,5.71999979019165,5.644999980926514,5.71999979019165,159548,0.0,0.0,0.0
2023-09-28 12:30:00-04:00,5.71999979019165,5.730100154876709,5.660299777984619,5.690000057220459,61816,0.0,0.0,0.0
2023-09-28 13:30:00-04:00,5.664999961853027,5.710000038146973,5.650000095367432,5.710000038146973,28478,0.0,0.0,0.0
2023-09-28 14:30:00-04:00,5.710000038146973,5.775000095367432,5.670000076293945,5.770100116729736,39759,0.0,0.0,0.0
2023-09-28 15:30:00-04:00,5.775000095367432,5.775000095367432,5.678999900817871,5.710000038146973,44135,0.0,0.0,0.0
2023-09-29 09:30:00-04:00,5.880000114440918,5.95989990234375,5.840000152587891,5.869999885559082,178144,0.0,0.0,0.0
2023-09-29 10:30:00-04:00,5.889999866485596,6.019599914550781,5.869999885559082,5.954999923706055,41025,0.0,0.0,0.0
2023-09-29 11:30:00-04:00,5.949999809265137,5.989999771118164,5.900000095367432,5.949999809265137,58144,0.0,0.0,0.0
2023-09-29 12:30:00-04:00,5.941500186920166,5.949999809265137,5.784999847412109,5.849699974060059,45557,0.0,0.0,0.0
2023-09-29 13:30:00-04:00,5.849999904632568,5.857699871063232,5.789999961853027,5.789999961853027,25457,0.0,0.0,0.0
2023-09-29 14:30:00-04:00,5.78000020980835,5.88100004196167,5.78000020980835,5.849100112915039,37971,0.0,0.0,0.0
2023-09-29 15:30:00-04:00,5.849899768829346,5.864999771118164,5.800000190734863,5.809999942779541,62943,0.0,0.0,0.0
2023-10-02 09:30:00-04:00,5.820000171661377,5.860000133514404,5.679999828338623,5.739999771118164,83004,0.0,0.0,0.0
2023-10-02 10:30:00-04:00,5.7210001945495605,5.789999961853027,5.698999881744385,5.789999961853027,36467,0.0,0.0,0.0
2023-10-02 11:30:00-04:00,5.769999980926514,5.778500080108643,5.679999828338623,5.690000057220459,27206,0.0,0.0,0.0
2023-10-02 12:30:00-04:00,5.690000057220459,5.701000213623047,5.650000095367432,5.690000057220459,42536,0.0,0.0,0.0
2023-10-02 13:30:00-04:00,5.679999828338623,5.730000019073486,5.650000095367432,5.650000095367432,20167,0.0,0.0,0.0
2023-10-02 14:30:00-04:00,5.659999847412109,5.679999828338623,5.619999885559082,5.650000095367432,13279,0.0,0.0,0.0
2023-10-02 15:30:00-04:00,5.650000095367432,5.679999828338623,5.619999885559082,5.679999828338623,121384,0.0,0.0,0.0
2023-10-03 09:30:00-04:00,5.639999866485596,5.688700199127197,5.420000076293945,5.420000076293945,111846,0.0,0.0,0.0
2023-10-03 10:30:00-04:00,5.420000076293945,5.4695000648498535,5.414999961853027,5.420199871063232,64647,0.0,0.0,0.0
2023-10-03 11:30:00-04:00,5.420000076293945,5.449999809265137,5.380000114440918,5.445000171661377,38001,0.0,0.0,0.0
2023-10-03 12:30:00-04:00,5.440000057220459,5.451000213623047,5.36899995803833,5.369999885559082,37155,0.0,0.0,0.0
2023-10-03 13:30:00-04:00,5.38100004196167,5.38100004196167,5.300000190734863,5.309999942779541,47171,0.0,0.0,0.0
2023-10-03 14:30:00-04:00,5.309999942779541,5.360000133514404,5.309999942779541,5.328999996185303,33801,0.0,0.0,0.0
2023-10-03 15:30:00-04:00,5.329999923706055,5.369999885559082,5.320000171661377,5.349999904632568,39271,0.0,0.0,0.0
2023-10-04 09:30:00-04:00,5.369999885559082,5.46999979019165,5.269899845123291,5.269999980926514,51303,0.0,0.0,0.0
2023-10-04 10:30:00-04:00,5.28000020980835,5.347899913787842,5.264999866485596,5.329999923706055,29954,0.0,0.0,0.0
2023-10-04 11:30:00-04:00,5.315000057220459,5.421000003814697,5.309000015258789,5.420000076293945,29422,0.0,0.0,0.0
2023-10-04 12:30:00-04:00,5.420000076293945,5.451000213623047,5.361000061035156,5.369999885559082,48911,0.0,0.0,0.0
2023-10-04 13:30:00-04:00,5.360000133514404,5.38100004196167,5.309999942779541,5.329999923706055,16678,0.0,0.0,0.0
2023-10-04 14:30:00-04:00,5.335000038146973,5.414999961853027,5.329999923706055,5.409999847412109,14808,0.0,0.0,0.0
2023-10-04 15:30:00-04:00,5.400000095367432,5.434999942779541,5.388999938964844,5.400000095367432,23737,0.0,0.0,0.0
2023-10-05 09:30:00-04:00,5.340000152587891,5.369999885559082,5.210000038146973,5.257199764251709,71537,0.0,0.0,0.0
2023-10-05 10:30:00-04:00,5.25,5.25,5.130000114440918,5.139999866485596,0,0.0,0.0,0.0
2023-10-05 11:30:00-04:00,5.119999885559082,5.158899784088135,5.110000133514404,5.150000095367432,181988,0.0,0.0,0.0
2023-10-05 12:30:00-04:00,5.164999961853027,5.16949987411499,5.095200061798096,5.139999866485596,33962,0.0,0.0,0.0
2023-10-05 13:30:00-04:00,5.140999794006348,5.210999965667725,5.130000114440918,5.164999961853027,32272,0.0,0.0,0.0
2023-10-05 14:30:00-04:00,5.199999809265137,5.21999979019165,5.150000095367432,5.179299831390381,25589,0.0,0.0,0.0
2023-10-05 15:30:00-04:00,5.170000076293945,5.195000171661377,5.139999866485596,5.150000095367432,35325,0.0,0.0,0.0
2023-10-06 09:30:00-04:00,5.059999942779541,5.099999904632568,4.879000186920166,4.969600200653076,261543,0.0,0.0,0.0
2023-10-06 10:30:00-04:00,4.979000091552734,5.159999847412109,4.979000091552734,5.159999847412109,148522,0.0,0.0,0.0
2023-10-06 11:30:00-04:00,5.170000076293945,5.3308000564575195,5.169899940490723,5.235000133514404,100926,0.0,0.0,0.0
2023-10-06 12:30:00-04:00,5.230000019073486,5.260000228881836,5.199999809265137,5.260000228881836,38889,0.0,0.0,0.0
2023-10-06 13:30:00-04:00,5.255000114440918,5.309000015258789,5.230000019073486,5.30649995803833,32461,0.0,0.0,0.0
2023-10-06 14:30:00-04:00,5.320000171661377,5.330999851226807,5.269999980926514,5.289999961853027,24932,0.0,0.0,0.0
2023-10-06 15:30:00-04:00,5.289999961853027,5.291500091552734,5.212699890136719,5.21999979019165,37694,0.0,0.0,0.0
2023-10-09 09:30:00-04:00,5.090000152587891,5.170000076293945,5.050000190734863,5.119999885559082,136924,0.0,0.0,0.0
2023-10-09 10:30:00-04:00,5.125,5.159299850463867,5.079999923706055,5.159299850463867,40963,0.0,0.0,0.0
2023-10-09 11:30:00-04:00,5.159999847412109,5.269999980926514,5.139999866485596,5.235000133514404,32963,0.0,0.0,0.0
2023-10-09 12:30:00-04:00,5.239999771118164,5.239999771118164,5.175000190734863,5.204999923706055,9889,0.0,0.0,0.0
2023-10-09 13:30:00-04:00,5.210000038146973,5.388299942016602,5.210000038146973,5.369999885559082,25973,0.0,0.0,0.0
2023-10-09 14:30:00-04:00,5.380000114440918,5.380000114440918,5.309999942779541,5.320499897003174,52217,0.0,0.0,0.0
2023-10-09 15:30:00-04:00,5.309999942779541,5.320000171661377,5.295000076293945,5.309999942779541,24500,0.0,0.0,0.0
2023-10-10 09:30:00-04:00,5.340000152587891,5.689899921417236,5.340000152587891,5.670000076293945,312707,0.0,0.0,0.0
2023-10-10 10:30:00-04:00,5.655200004577637,5.71999979019165,5.614999771118164,5.69890022277832,124891,0.0,0.0,0.0
2023-10-10 11:30:00-04:00,5.682300090789795,5.710100173950195,5.659999847412109,5.684999942779541,36357,0.0,0.0,0.0
2023-10-10 12:30:00-04:00,5.690000057220459,5.699999809265137,5.599999904632568,5.639999866485596,33141,0.0,0.0,0.0
2023-10-10 13:30:00-04:00,5.652699947357178,5.670000076293945,5.605000019073486,5.640999794006348,13465,0.0,0.0,0.0
2023-10-10 14:30:00-04:00,5.630099773406982,5.664999961853027,5.599999904632568,5.619900226593018,35202,0.0,0.0,0.0
2023-10-10 15:30:00-04:00,5.613800048828125,5.639999866485596,5.590099811553955,5.619999885559082,44881,0.0,0.0,0.0
2023-10-11 09:30:00-04:00,5.710000038146973,5.744999885559082,5.510000228881836,5.5503997802734375,109637,0.0,0.0,0.0
2023-10-11 10:30:00-04:00,5.550000190734863,5.579999923706055,5.449999809265137,5.480000019073486,71683,0.0,0.0,0.0
2023-10-11 11:30:00-04:00,5.488999843597412,5.505000114440918,5.400000095367432,5.429299831390381,66613,0.0,0.0,0.0
2023-10-11 12:30:00-04:00,5.420000076293945,5.474999904632568,5.420000076293945,5.440000057220459,9483,0.0,0.0,0.0
2023-10-11 13:30:00-04:00,5.4506001472473145,5.525000095367432,5.421000003814697,5.5,19123,0.0,0.0,0.0
2023-10-11 14:30:00-04:00,5.509200096130371,5.519999980926514,5.489999771118164,5.519999980926514,22670,0.0,0.0,0.0
2023-10-11 15:30:00-04:00,5.514999866485596,5.559999942779541,5.494999885559082,5.550000190734863,40098,0.0,0.0,0.0
2023-10-12 09:30:00-04:00,5.590000152587891,5.599999904632568,5.329899787902832,5.329999923706055,86135,0.0,0.0,0.0
2023-10-12 10:30:00-04:00,5.329999923706055,5.329999923706055,5.218999862670898,5.324999809265137,131087,0.0,0.0,0.0
2023-10-12 11:30:00-04:00,5.300000190734863,5.310699939727783,5.258999824523926,5.300000190734863,41631,0.0,0.0,0.0
2023-10-12 12:30:00-04:00,5.300600051879883,5.301700115203857,5.159999847412109,5.159999847412109,43523,0.0,0.0,0.0
2023-10-12 13:30:00-04:00,5.159999847412109,5.210000038146973,5.130000114440918,5.205999851226807,108116,0.0,0.0,0.0
2023-10-12 14:30:00-04:00,5.19980001449585,5.230999946594238,5.17549991607666,5.21999979019165,50009,0.0,0.0,0.0
2023-10-12 15:30:00-04:00,5.21999979019165,5.260000228881836,5.210000038146973,5.260000228881836,26326,0.0,0.0,0.0
2023-10-13 09:30:00-04:00,5.289999961853027,5.319699764251709,5.199999809265137,5.2505998611450195,54148,0.0,0.0,0.0
2023-10-13 10:30:00-04:00,5.235199928283691,5.25,5.159999847412109,5.204999923706055,47657,0.0,0.0,0.0
2023-10-13 11:30:00-04:00,5.210000038146973,5.219900131225586,5.152699947357178,5.219600200653076,71675,0.0,0.0,0.0
2023-10-13 12:30:00-04:00,5.213799953460693,5.21999979019165,5.130000114440918,5.135000228881836,27142,0.0,0.0,0.0
2023-10-13 13:30:00-04:00,5.120299816131592,5.209099769592285,5.119999885559082,5.15500020980835,24996,0.0,0.0,0.0
2023-10-13 14:30:00-04:00,5.179900169372559,5.179900169372559,5.119999885559082,5.122900009155273,31739,0.0,0.0,0.0
2023-10-13 15:30:00-04:00,5.119999885559082,5.159999847412109,5.119999885559082,5.150000095367432,55063,0.0,0.0,0.0
2023-10-16 09:30:00-04:00,5.300000190734863,5.485000133514404,5.25,5.470099925994873,141805,0.0,0.0,0.0
2023-10-16 10:30:00-04:00,5.479000091552734,5.537499904632568,5.461100101470947,5.510000228881836,41920,0.0,0.0,0.0
2023-10-16 11:30:00-04:00,5.5,5.565000057220459,5.481599807739258,5.539999961853027,55948,0.0,0.0,0.0
2023-10-16 12:30:00-04:00,5.541999816894531,5.599999904632568,5.510000228881836,5.570000171661377,28234,0.0,0.0,0.0
2023-10-16 13:30:00-04:00,5.569499969482422,5.611000061035156,5.548999786376953,5.548999786376953,29602,0.0,0.0,0.0
2023-10-16 14:30:00-04:00,5.539999961853027,5.605000019073486,5.539999961853027,5.599999904632568,12560,0.0,0.0,0.0
2023-10-16 15:30:00-04:00,5.59499979019165,5.59499979019165,5.559999942779541,5.566199779510498,46258,0.0,0.0,0.0
2023-10-17 09:30:00-04:00,5.440000057220459,5.919400215148926,5.440000057220459,5.840000152587891,339065,0.0,0.0,0.0
2023-10-17 10:30:00-04:00,5.836999893188477,5.909999847412109,5.800000190734863,5.894999980926514,150401,0.0,0.0,0.0
2023-10-17 11:30:00-04:00,5.880000114440918,5.980000019073486,5.879899978637695,5.979899883270264,107772,0.0,0.0,0.0
2023-10-17 12:30:00-04:00,5.980000019073486,5.989999771118164,5.8703999519348145,5.891600131988525,97929,0.0,0.0,0.0
2023-10-17 13:30:00-04:00,5.900000095367432,5.900000095367432,5.820099830627441,5.860000133514404,47647,0.0,0.0,0.0
2023-10-17 14:30:00-04:00,5.869100093841553,5.927999973297119,5.840000152587891,5.88100004196167,67166,0.0,0.0,0.0
2023-10-17 15:30:00-04:00,5.899099826812744,5.899099826812744,5.84499979019165,5.860000133514404,72123,0.0,0.0,0.0
2023-10-18 09:30:00-04:00,5.730000019073486,5.75,5.630000114440918,5.670000076293945,95835,0.0,0.0,0.0
2023-10-18 10:30:00-04:00,5.670000076293945,5.7210001945495605,5.599999904632568,5.677000045776367,44022,0.0,0.0,0.0
2023-10-18 11:30:00-04:00,5.685100078582764,5.7210001945495605,5.629000186920166,5.670000076293945,36438,0.0,0.0,0.0
2023-10-18 12:30:00-04:00,5.664999961853027,5.776199817657471,5.660099983215332,5.750100135803223,27198,0.0,0.0,0.0
2023-10-18 13:30:00-04:00,5.735000133514404,5.760000228881836,5.690000057220459,5.71999979019165,13650,0.0,0.0,0.0
2023-10-18 14:30:00-04:00,5.699999809265137,5.699999809265137,5.638999938964844,5.660799980163574,27050,0.0,0.0,0.0
2023-10-18 15:30:00-04:00,5.664999961853027,5.679999828338623,5.630099773406982,5.650000095367432,55131,0.0,0.0,0.0
2023-10-19 09:30:00-04:00,5.579999923706055,5.639999866485596,5.479700088500977,5.5,127739,0.0,0.0,0.0
2023-10-19 10:30:00-04:00,5.480000019073486,5.539299964904785,5.449999809265137,5.514999866485596,25219,0.0,0.0,0.0
2023-10-19 11:30:00-04:00,5.5192999839782715,5.680099964141846,5.510000228881836,5.570000171661377,64033,0.0,0.0,0.0
2023-10-19 12:30:00-04:00,5.565000057220459,5.690000057220459,5.498300075531006,5.659999847412109,83755,0.0,0.0,0.0
2023-10-19 13:30:00-04:00,5.64900016784668,5.64900016784668,5.468999862670898,5.489699840545654,35309,0.0,0.0,0.0
2023-10-19 14:30:00-04:00,5.449999809265137,5.449999809265137,5.359899997711182,5.370999813079834,58831,0.0,0.0,0.0
2023-10-19 15:30:00-04:00,5.369999885559082,5.389999866485596,5.320000171661377,5.369999885559082,103683,0.0,0.0,0.0
2023-10-20 09:30:00-04:00,5.380000114440918,5.429999828338623,5.289999961853027,5.329999923706055,42263,0.0,0.0,0.0
2023-10-20 10:30:00-04:00,5.320499897003174,5.400199890136719,5.280200004577637,5.299900054931641,62329,0.0,0.0,0.0
2023-10-20 11:30:00-04:00,5.269499778747559,5.379899978637695,5.239999771118164,5.340000152587891,22269,0.0,0.0,0.0
2023-10-20 12:30:00-04:00,5.348999977111816,5.389999866485596,5.309999942779541,5.370999813079834,22675,0.0,0.0,0.0
2023-10-20 13:30:00-04:00,5.369999885559082,5.370999813079834,5.315000057220459,5.335000038146973,41948,0.0,0.0,0.0
2023-10-20 14:30:00-04:00,5.340000152587891,5.369999885559082,5.309899806976318,5.329400062561035,30198,0.0,0.0,0.0
2023-10-20 15:30:00-04:00,5.329999923706055,5.329999923706055,5.275000095367432,5.28000020980835,48139,0.0,0.0,0.0
2023-10-23 09:30:00-04:00,5.210000038146973,5.239999771118164,5.011000156402588,5.190000057220459,174121,0.0,0.0,0.0
2023-10-23 10:30:00-04:00,5.179999828338623,5.250999927520752,5.128900051116943,5.238900184631348,46289,0.0,0.0,0.0
2023-10-23 11:30:00-04:00,5.239999771118164,5.269999980926514,5.170000076293945,5.241000175476074,35753,0.0,0.0,0.0
2023-10-23 12:30:00-04:00,5.239999771118164,5.340000152587891,5.238999843597412,5.25,34544,0.0,0.0,0.0
2023-10-23 13:30:00-04:00,5.248199939727783,5.284999847412109,5.229000091552734,5.239699840545654,19366,0.0,0.0,0.0
2023-10-23 14:30:00-04:00,5.235000133514404,5.264999866485596,5.092299938201904,5.1016998291015625,45510,0.0,0.0,0.0
2023-10-23 15:30:00-04:00,5.099999904632568,5.119900226593018,5.070000171661377,5.079999923706055,43138,0.0,0.0,0.0
2023-10-24 09:30:00-04:00,5.150000095367432,5.300000190734863,5.150000095367432,5.299900054931641,140124,0.0,0.0,0.0
2023-10-24 10:30:00-04:00,5.289999961853027,5.300000190734863,5.199999809265137,5.199999809265137,28154,0.0,0.0,0.0
2023-10-24 11:30:00-04:00,5.190000057220459,5.190000057220459,5.039899826049805,5.050000190734863,76888,0.0,0.0,0.0
2023-10-24 12:30:00-04:00,5.050000190734863,5.109899997711182,5.04010009765625,5.109899997711182,44442,0.0,0.0,0.0
2023-10-24 13:30:00-04:00,5.119999885559082,5.119999885559082,5.075900077819824,5.105000019073486,30365,0.0,0.0,0.0
2023-10-24 14:30:00-04:00,5.110000133514404,5.139900207519531,5.109000205993652,5.130000114440918,31540,0.0,0.0,0.0
2023-10-24 15:30:00-04:00,5.130000114440918,5.130000114440918,5.099999904632568,5.099999904632568,36517,0.0,0.0,0.0
2023-10-25 09:30:00-04:00,5.03000020980835,5.059899806976318,4.879899978637695,4.939799785614014,116763,0.0,0.0,0.0
2023-10-25 10:30:00-04:00,4.940000057220459,5.120999813079834,4.929999828338623,5.098999977111816,91922,0.0,0.0,0.0
2023-10-25 11:30:00-04:00,5.090000152587891,5.138999938964844,5.057700157165527,5.079599857330322,45628,0.0,0.0,0.0
2023-10-25 12:30:00-04:00,5.078999996185303,5.105000019073486,5.019999980926514,5.050000190734863,64781,0.0,0.0,0.0
2023-10-25 13:30:00-04:00,5.050000190734863,5.090000152587891,5.0,5.059999942779541,47656,0.0,0.0,0.0
2023-10-25 14:30:00-04:00,5.059999942779541,5.071000099182129,5.034999847412109,5.059999942779541,20082,0.0,0.0,0.0
2023-10-25 15:30:00-04:00,5.070000171661377,5.089799880981445,5.039999961853027,5.039999961853027,36229,0.0,0.0,0.0
2023-10-26 09:30:00-04:00,5.050000190734863,5.179999828338623,4.96999979019165,5.110000133514404,149412,0.0,0.0,0.0
2023-10-26 10:30:00-04:00,5.109899997711182,5.199999809265137,5.059999942779541,5.119699954986572,98140,0.0,0.0,0.0
2023-10-26 11:30:00-04:00,5.119999885559082,5.160099983215332,5.0289998054504395,5.050000190734863,52648,0.0,0.0,0.0
2023-10-26 12:30:00-04:00,5.049699783325195,5.085000038146973,5.019999980926514,5.029900074005127,0,0.0,0.0,0.0
2023-10-26 13:30:00-04:00,5.019999980926514,5.110099792480469,5.0,5.0980000495910645,331481,0.0,0.0,0.0
2023-10-26 14:30:00-04:00,5.099999904632568,5.210000038146973,5.098999977111816,5.129899978637695,34462,0.0,0.0,0.0
2023-10-26 15:30:00-04:00,5.109000205993652,5.119999885559082,5.085000038146973,5.110000133514404,46911,0.0,0.0,0.0
2023-10-27 09:30:00-04:00,5.190000057220459,5.199900150299072,5.0,5.139999866485596,90181,0.0,0.0,0.0
2023-10-27 10:30:00-04:00,5.151000022888184,5.184999942779541,5.099999904632568,5.15500020980835,31359,0.0,0.0,0.0
2023-10-27 11:30:00-04:00,5.158999919891357,5.159999847412109,5.050000190734863,5.059899806976318,44636,0.0,0.0,0.0
2023-10-27 12:30:00-04:00,5.050000190734863,5.091000080108643,5.0,5.008999824523926,51028,0.0,0.0,0.0
2023-10-27 13:30:00-04:00,5.019899845123291,5.019899845123291,4.925000190734863,4.928999900817871,43783,0.0,0.0,0.0
2023-10-27 14:30:00-04:00,4.925000190734863,4.965000152587891,4.909999847412109,4.920000076293945,179471,0.0,0.0,0.0
2023-10-27 15:30:00-04:00,4.931000232696533,4.939499855041504,4.889999866485596,4.920000076293945,60572,0.0,0.0,0.0
2023-10-30 09:30:00-04:00,5.059999942779541,5.139999866485596,4.920000076293945,4.939000129699707,102637,0.0,0.0,0.0
2023-10-30 10:30:00-04:00,4.928999900817871,5.03000020980835,4.900000095367432,5.011199951171875,40355,0.0,0.0,0.0
2023-10-30 11:30:00-04:00,5.029699802398682,5.039999961853027,4.981299877166748,4.9899001121521,8871,0.0,0.0,0.0
2023-10-30 12:30:00-04:00,4.994999885559082,4.994999885559082,4.929800033569336,4.989999771118164,12922,0.0,0.0,0.0
2023-10-30 13:30:00-04:00,4.999000072479248,5.03980016708374,4.976900100708008,5.025000095367432,17949,0.0,0.0,0.0
2023-10-30 14:30:00-04:00,5.03000020980835,5.099999904632568,5.03000020980835,5.093200206756592,22445,0.0,0.0,0.0
2023-10-30 15:30:00-04:00,5.090000152587891,5.090000152587891,5.010000228881836,5.019999980926514,29884,0.0,0.0,0.0
2023-10-31 09:30:00-04:00,5.03000020980835,5.052000045776367,4.910999774932861,4.960000038146973,112549,0.0,0.0,0.0
2023-10-31 10:30:00-04:00,4.969900131225586,5.054999828338623,4.929999828338623,5.045000076293945,21649,0.0,0.0,0.0
2023-10-31 11:30:00-04:00,5.045000076293945,5.105000019073486,5.025000095367432,5.089200019836426,20070,0.0,0.0,0.0
2023-10-31 12:30:00-04:00,5.090000152587891,5.110099792480469,5.079999923706055,5.098899841308594,14687,0.0,0.0,0.0
2023-10-31 13:30:00-04:00,5.106299877166748,5.139999866485596,5.106299877166748,5.114999771118164,34523,0.0,0.0,0.0
2023-10-31 14:30:00-04:00,5.11359977722168,5.159999847412109,5.103099822998047,5.149899959564209,14773,0.0,0.0,0.0
2023-10-31 15:30:00-04:00,5.149899959564209,5.149899959564209,5.110000133514404,5.119999885559082,35122,0.0,0.0,0.0
2023-11-01 09:30:00-04:00,5.110000133514404,5.110000133514404,4.829699993133545,4.954999923706055,214606,0.0,0.0,0.0
2023-11-01 10:30:00-04:00,4.96999979019165,5.031000137329102,4.960000038146973,4.980000019073486,92357,0.0,0.0,0.0
2023-11-01 11:30:00-04:00,4.96999979019165,5.03000020980835,4.96999979019165,4.989999771118164,41178,0.0,0.0,0.0
2023-11-01 12:30:00-04:00,5.000500202178955,5.000500202178955,4.9552001953125,4.960000038146973,3581,0.0,0.0,0.0
2023-11-01 13:30:00-04:00,4.949999809265137,4.978899955749512,4.889999866485596,4.939899921417236,30306,0.0,0.0,0.0
2023-11-01 14:30:00-04:00,4.949999809265137,5.039999961853027,4.880000114440918,5.021599769592285,60379,0.0,0.0,0.0
2023-11-01 15:30:00-04:00,5.039999961853027,5.090000152587891,5.039999961853027,5.074999809265137,59436,0.0,0.0,0.0
2023-11-02 09:30:00-04:00,5.25,5.449999809265137,5.25,5.360000133514404,248486,0.0,0.0,0.0
2023-11-02 10:30:00-04:00,5.36959981918335,5.449999809265137,5.343999862670898,5.429900169372559,69969,0.0,0.0,0.0
2023-11-02 11:30:00-04:00,5.409999847412109,5.449999809265137,5.375,5.375,43442,0.0,0.0,0.0
2023-11-02 12:30:00-04:00,5.389900207519531,5.480000019073486,5.385000228881836,5.440999984741211,78116,0.0,0.0,0.0
2023-11-02 13:30:00-04:00,5.448699951171875,5.5,5.448699951171875,5.460000038146973,42210,0.0,0.0,0.0
2023-11-02 14:30:00-04:00,5.440000057220459,5.519999980926514,5.440000057220459,5.490099906921387,47464,0.0,0.0,0.0
2023-11-02 15:30:00-04:00,5.5,5.540299892425537,5.489999771118164,5.53000020980835,65542,0.0,0.0,0.0
2023-11-03 09:30:00-04:00,5.739999771118164,6.090000152587891,5.739999771118164,5.989999771118164,286302,0.0,0.0,0.0
2023-11-03 10:30:00-04:00,5.980000019073486,6.019899845123291,5.940000057220459,5.974999904632568,63793,0.0,0.0,0.0
2023-11-03 11:30:00-04:00,6.0,6.059500217437744,5.980000019073486,6.009900093078613,68124,0.0,0.0,0.0
2023-11-03 12:30:00-04:00,6.010000228881836,6.070000171661377,5.980000019073486,5.989999771118164,47567,0.0,0.0,0.0
2023-11-03 13:30:00-04:00,6.014999866485596,6.088500022888184,6.010000228881836,6.079999923706055,39023,0.0,0.0,0.0
2023-11-03 14:30:00-04:00,6.080100059509277,6.119999885559082,6.03000020980835,6.04010009765625,70205,0.0,0.0,0.0
2023-11-03 15:30:00-04:00,6.031000137329102,6.039999961853027,6.010000228881836,6.010000228881836,70387,0.0,0.0,0.0
2023-11-06 09:30:00-05:00,6.03000020980835,6.039999961853027,5.869999885559082,5.910200119018555,158743,0.0,0.0,0.0
2023-11-06 10:30:00-05:00,5.909999847412109,5.960000038146973,5.809899806976318,5.835000038146973,53256,0.0,0.0,0.0
2023-11-06 11:30:00-05:00,5.829999923706055,5.900000095367432,5.820199966430664,5.859899997711182,19825,0.0,0.0,0.0
2023-11-06 12:30:00-05:00,5.860000133514404,5.861000061035156,5.730000019073486,5.7733001708984375,40204,0.0,0.0,0.0
2023-11-06 13:30:00-05:00,5.764999866485596,5.824999809265137,5.7600998878479,5.789999961853027,40199,0.0,0.0,0.0
2023-11-06 14:30:00-05:00,5.789999961853027,5.869999885559082,5.789999961853027,5.820000171661377,35481,0.0,0.0,0.0
2023-11-06 15:30:00-05:00,5.829999923706055,5.869999885559082,5.819900035858154,5.869999885559082,32229,0.0,0.0,0.0
2023-11-07 09:30:00-05:00,5.820000171661377,5.920000076293945,5.739999771118164,5.900000095367432,80086,0.0,0.0,0.0
2023-11-07 10:30:00-05:00,5.899899959564209,5.920899868011475,5.840000152587891,5.849999904632568,39744,0.0,0.0,0.0
2023-11-07 11:30:00-05:00,5.849999904632568,5.871399879455566,5.789000034332275,5.829999923706055,22828,0.0,0.0,0.0
2023-11-07 12:30:00-05:00,5.800000190734863,5.864999771118164,5.789999961853027,5.829999923706055,16729,0.0,0.0,0.0
2023-11-07 13:30:00-05:00,5.820000171661377,5.830999851226807,5.809000015258789,5.824999809265137,13445,0.0,0.0,0.0
2023-11-07 14:30:00-05:00,5.820000171661377,5.875,5.800000190734863,5.835000038146973,59258,0.0,0.0,0.0
2023-11-07 15:30:00-05:00,5.840000152587891,5.880000114440918,5.831099987030029,5.840000152587891,19916,0.0,0.0,0.0
2023-11-08 09:30:00-05:00,5.800000190734863,5.800000190734863,5.650000095367432,5.724100112915039,193038,0.0,0.0,0.0
2023-11-08 10:30:00-05:00,5.739999771118164,5.739999771118164,5.630099773406982,5.650000095367432,52392,0.0,0.0,0.0
2023-11-08 11:30:00-05:00,5.651000022888184,5.670000076293945,5.548999786376953,5.551300048828125,43019,0.0,0.0,0.0
2023-11-08 12:30:00-05:00,5.559999942779541,5.579999923706055,5.518799781799316,5.549900054931641,60506,0.0,0.0,0.0
2023-11-08 13:30:00-05:00,5.5640997886657715,5.610000133514404,5.5640997886657715,5.574999809265137,35147,0.0,0.0,0.0
2023-11-08 14:30:00-05:00,5.550000190734863,5.571000099182129,5.545000076293945,5.545000076293945,43863,0.0,0.0,0.0
2023-11-08 15:30:00-05:00,5.531499862670898,5.554999828338623,5.519000053405762,5.53000020980835,160194,0.0,0.0,0.0
2023-11-09 09:30:00-05:00,5.630000114440918,5.650000095367432,5.480000019073486,5.485000133514404,104691,0.0,0.0,0.0
2023-11-09 10:30:00-05:00,5.480000019073486,5.519999980926514,5.454999923706055,5.460100173950195,87768,0.0,0.0,0.0
2023-11-09 11:30:00-05:00,5.46999979019165,5.480000019073486,5.420000076293945,5.420000076293945,40493,0.0,0.0,0.0
2023-11-09 12:30:00-05:00,5.420000076293945,5.465000152587891,5.324999809265137,5.359000205993652,154283,0.0,0.0,0.0
2023-11-09 13:30:00-05:00,5.341000080108643,5.349999904632568,5.239999771118164,5.262199878692627,57927,0.0,0.0,0.0
2023-11-09 14:30:00-05:00,5.269999980926514,5.289999961853027,5.216599941253662,5.239999771118164,28308,0.0,0.0,0.0
2023-11-09 15:30:00-05:00,5.235000133514404,5.25,5.190000057220459,5.230000019073486,79479,0.0,0.0,0.0
2023-11-10 09:30:00-05:00,5.300000190734863,5.309999942779541,5.119999885559082,5.145199775695801,193235,0.0,0.0,0.0
2023-11-10 10:30:00-05:00,5.150000095367432,5.159999847412109,5.098999977111816,5.150000095367432,117534,0.0,0.0,0.0
2023-11-10 11:30:00-05:00,5.150300025939941,5.190000057220459,5.139999866485596,5.190000057220459,29047,0.0,0.0,0.0
2023-11-10 12:30:00-05:00,5.190000057220459,5.35099983215332,5.189000129699707,5.340099811553955,83856,0.0,0.0,0.0
2023-11-10 13:30:00-05:00,5.335000038146973,5.380300045013428,5.315000057220459,5.380000114440918,115390,0.0,0.0,0.0
2023-11-10 14:30:00-05:00,5.364999771118164,5.370999813079834,5.301199913024902,5.329999923706055,101053,0.0,0.0,0.0
2023-11-10 15:30:00-05:00,5.340000152587891,5.369999885559082,5.335000038146973,5.360000133514404,75467,0.0,0.0,0.0
2023-11-13 09:30:00-05:00,5.260000228881836,5.309999942779541,5.210000038146973,5.25,65568,0.0,0.0,0.0
2023-11-13 10:30:00-05:00,5.249000072479248,5.291200160980225,5.210000038146973,5.291200160980225,234638,0.0,0.0,0.0
2023-11-13 11:30:00-05:00,5.289999961853027,5.389999866485596,5.28000020980835,5.309999942779541,42586,0.0,0.0,0.0
2023-11-13 12:30:00-05:00,5.321000099182129,5.321000099182129,5.2789998054504395,5.2789998054504395,9409,0.0,0.0,0.0
2023-11-13 13:30:00-05:00,5.269999980926514,5.3053998947143555,5.244999885559082,5.250100135803223,16779,0.0,0.0,0.0
2023-11-13 14:30:00-05:00,5.260000228881836,5.269999980926514,5.230100154876709,5.2621002197265625,56759,0.0,0.0,0.0
2023-11-13 15:30:00-05:00,5.270199775695801,5.290999889373779,5.255000114440918,5.260000228881836,55767,0.0,0.0,0.0
2023-11-14 09:30:00-05:00,5.670000076293945,6.050000190734863,5.670000076293945,6.050000190734863,415281,0.0,0.0,0.0
2023-11-14 10:30:00-05:00,6.034999847412109,6.169899940490723,6.031199932098389,6.142099857330322,153888,0.0,0.0,0.0
2023-11-14 11:30:00-05:00,6.135000228881836,6.189899921417236,5.96999979019165,6.009099960327148,176082,0.0,0.0,0.0
2023-11-14 12:30:00-05:00,5.989999771118164,6.050000190734863,5.985000133514404,6.019999980926514,85405,0.0,0.0,0.0
2023-11-14 13:30:00-05:00,6.03000020980835,6.039999961853027,5.974999904632568,5.980500221252441,24268,0.0,0.0,0.0
2023-11-14 14:30:00-05:00,5.988999843597412,6.079899787902832,5.979899883270264,6.069200038909912,60926,0.0,0.0,0.0
2023-11-14 15:30:00-05:00,6.059999942779541,6.089900016784668,6.01200008392334,6.03000020980835,70567,0.0,0.0,0.0
2023-11-15 09:30:00-05:00,6.210000038146973,6.630000114440918,6.150000095367432,6.609899997711182,747023,0.0,0.0,0.0
2023-11-15 10:30:00-05:00,6.619999885559082,6.650899887084961,6.53000020980835,6.542300224304199,219257,0.0,0.0,0.0
2023-11-15 11:30:00-05:00,6.558000087738037,6.559999942779541,6.429999828338623,6.519999980926514,143448,0.0,0.0,0.0
2023-11-15 12:30:00-05:00,6.527699947357178,6.539999961853027,6.360000133514404,6.409999847412109,94206,0.0,0.0,0.0
2023-11-15 13:30:00-05:00,6.420000076293945,6.519899845123291,6.420000076293945,6.460000038146973,131514,0.0,0.0,0.0
2023-11-15 14:30:00-05:00,6.460000038146973,6.465000152587891,6.425000190734863,6.442699909210205,55503,0.0,0.0,0.0
2023-11-15 15:30:00-05:00,6.460000038146973,6.46999979019165,6.410900115966797,6.420000076293945,80523,0.0,0.0,0.0
2023-11-16 09:30:00-05:00,6.260000228881836,6.269899845123291,5.934999942779541,5.980100154876709,459221,0.0,0.0,0.0
2023-11-16 10:30:00-05:00,5.980000019073486,6.010000228881836,5.840000152587891,5.860000133514404,122078,0.0,0.0,0.0
2023-11-16 11:30:00-05:00,5.849999904632568,5.8506999015808105,5.759699821472168,5.82889986038208,64588,0.0,0.0,0.0
2023-11-16 12:30:00-05:00,5.824999809265137,5.88100004196167,5.764999866485596,5.764999866485596,89910,0.0,0.0,0.0
2023-11-16 13:30:00-05:00,5.775000095367432,5.775000095367432,5.690000057220459,5.695000171661377,111670,0.0,0.0,0.0
2023-11-16 14:30:00-05:00,5.699900150299072,5.78000020980835,5.698699951171875,5.769899845123291,62604,0.0,0.0,0.0
2023-11-16 15:30:00-05:00,5.760000228881836,5.769999980926514,5.72130012512207,5.764999866485596,73151,0.0,0.0,0.0
2023-11-17 09:30:00-05:00,6.050000190734863,6.229700088500977,6.019599914550781,6.210000038146973,322889,0.0,0.0,0.0
2023-11-17 10:30:00-05:00,6.200900077819824,6.300000190734863,6.159999847412109,6.159999847412109,186973,0.0,0.0,0.0
2023-11-17 11:30:00-05:00,6.159999847412109,6.21999979019165,6.139999866485596,6.199999809265137,71858,0.0,0.0,0.0
2023-11-17 12:30:00-05:00,6.199999809265137,6.248899936676025,6.190000057220459,6.21999979019165,126684,0.0,0.0,0.0
2023-11-17 13:30:00-05:00,6.230000019073486,6.278600215911865,6.215000152587891,6.23859977722168,60772,0.0,0.0,0.0
2023-11-17 14:30:00-05:00,6.2210001945495605,6.25,6.198999881744385,6.235000133514404,33932,0.0,0.0,0.0
2023-11-17 15:30:00-05:00,6.230100154876709,6.239999771118164,6.190100193023682,6.230000019073486,57373,0.0,0.0,0.0
2023-11-20 09:30:00-05:00,6.190000057220459,6.279900074005127,6.120699882507324,6.238999843597412,178475,0.0,0.0,0.0
2023-11-20 10:30:00-05:00,6.230000019073486,6.349999904632568,6.21999979019165,6.31879997253418,59828,0.0,0.0,0.0
2023-11-20 11:30:00-05:00,6.309999942779541,6.31850004196167,6.255000114440918,6.258999824523926,72844,0.0,0.0,0.0
2023-11-20 12:30:00-05:00,6.251100063323975,6.360000133514404,6.235000133514404,6.360000133514404,55770,0.0,0.0,0.0
2023-11-20 13:30:00-05:00,6.364999771118164,6.409999847412109,6.330100059509277,6.339900016784668,45814,0.0,0.0,0.0
2023-11-20 14:30:00-05:00,6.329999923706055,6.400000095367432,6.329999923706055,6.370100021362305,30739,0.0,0.0,0.0
2023-11-20 15:30:00-05:00,6.370100021362305,6.389999866485596,6.340000152587891,6.360000133514404,57932,0.0,0.0,0.0
2023-11-21 09:30:00-05:00,6.28000020980835,6.28000020980835,6.119999885559082,6.144999980926514,292686,0.0,0.0,0.0
2023-11-21 10:30:00-05:00,6.170000076293945,6.25,6.169000148773193,6.204999923706055,183801,0.0,0.0,0.0
2023-11-21 11:30:00-05:00,6.210000038146973,6.31879997253418,6.210000038146973,6.300000190734863,39973,0.0,0.0,0.0
2023-11-21 12:30:00-05:00,6.300099849700928,6.321000099182129,6.260000228881836,6.289000034332275,22604,0.0,0.0,0.0
2023-11-21 13:30:00-05:00,6.28000020980835,6.330999851226807,6.275000095367432,6.330999851226807,33958,0.0,0.0,0.0
2023-11-21 14:30:00-05:00,6.329999923706055,6.335000038146973,6.2789998054504395,6.309999942779541,20870,0.0,0.0,0.0
2023-11-21 15:30:00-05:00,6.309999942779541,6.324999809265137,6.289999961853027,6.289999961853027,67078,0.0,0.0,0.0
2023-11-22 09:30:00-05:00,6.309999942779541,6.400000095367432,6.239999771118164,6.369999885559082,176454,0.0,0.0,0.0
2023-11-22 10:30:00-05:00,6.370999813079834,6.449999809265137,6.340000152587891,6.360000133514404,70369,0.0,0.0,0.0
2023-11-22 11:30:00-05:00,6.35099983215332,6.437900066375732,6.320099830627441,6.329999923706055,53703,0.0,0.0,0.0
2023-11-22 12:30:00-05:00,6.324999809265137,6.330999851226807,6.28000020980835,6.300000190734863,40328,0.0,0.0,0.0
2023-11-22 13:30:00-05:00,6.308800220489502,6.315000057220459,6.260000228881836,6.289999961853027,39862,0.0,0.0,0.0
2023-11-22 14:30:00-05:00,6.289999961853027,6.289999961853027,6.2210001945495605,6.289899826049805,36811,0.0,0.0,0.0
2023-11-22 15:30:00-05:00,6.28000020980835,6.289999961853027,6.239999771118164,6.269999980926514,66575,0.0,0.0,0.0
2023-11-24 09:30:00-05:00,6.269999980926514,6.40910005569458,6.255000114440918,6.349899768829346,44023,0.0,0.0,0.0
2023-11-24 10:30:00-05:00,6.344799995422363,6.410099983215332,6.328999996185303,6.349999904632568,31480,0.0,0.0,0.0
2023-11-24 11:30:00-05:00,6.360099792480469,6.360099792480469,6.319799900054932,6.340000152587891,12683,0.0,0.0,0.0
2023-11-27 09:30:00-05:00,6.360000133514404,6.409999847412109,6.2220001220703125,6.340000152587891,252955,0.0,0.0,0.0
2023-11-27 10:30:00-05:00,6.340000152587891,6.408999919891357,6.329999923706055,6.408999919891357,21693,0.0,0.0,0.0
2023-11-27 11:30:00-05:00,6.400000095367432,6.420000076293945,6.340099811553955,6.355000019073486,23769,0.0,0.0,0.0
2023-11-27 12:30:00-05:00,6.360000133514404,6.389999866485596,6.332799911499023,6.380000114440918,32818,0.0,0.0,0.0
2023-11-27 13:30:00-05:00,6.385000228881836,6.385000228881836,6.340099811553955,6.357999801635742,14374,0.0,0.0,0.0
2023-11-27 14:30:00-05:00,6.349999904632568,6.360000133514404,6.301000118255615,6.329999923706055,47837,0.0,0.0,0.0
2023-11-27 15:30:00-05:00,6.329899787902832,6.34499979019165,6.289999961853027,6.300000190734863,61355,0.0,0.0,0.0
2023-11-28 09:30:00-05:00,6.260000228881836,6.330999851226807,6.139999866485596,6.324999809265137,112309,0.0,0.0,0.0
2023-11-28 10:30:00-05:00,6.315000057220459,6.46999979019165,6.315000057220459,6.429999828338623,77516,0.0,0.0,0.0
2023-11-28 11:30:00-05:00,6.449999809265137,6.559999942779541,6.449999809265137,6.5,102463,0.0,0.0,0.0
2023-11-28 12:30:00-05:00,6.490300178527832,6.498499870300293,6.400000095367432,6.429999828338623,72606,0.0,0.0,0.0
2023-11-28 13:30:00-05:00,6.425000190734863,6.434999942779541,6.385000228881836,6.419899940490723,166428,0.0,0.0,0.0
2023-11-28 14:30:00-05:00,6.431000232696533,6.491000175476074,6.425000190734863,6.46999979019165,33682,0.0,0.0,0.0
2023-11-28 15:30:00-05:00,6.46999979019165,6.489999771118164,6.452499866485596,6.465000152587891,41493,0.0,0.0,0.0
2023-11-29 09:30:00-05:00,6.579999923706055,6.870999813079834,6.559999942779541,6.659999847412109,342422,0.0,0.0,0.0
2023-11-29 10:30:00-05:00,6.659999847412109,6.684999942779541,6.565000057220459,6.610000133514404,97619,0.0,0.0,0.0
2023-11-29 11:30:00-05:00,6.614999771118164,6.730000019073486,6.599999904632568,6.690000057220459,52824,0.0,0.0,0.0
2023-11-29 12:30:00-05:00,6.6921000480651855,6.699999809265137,6.635000228881836,6.679999828338623,22097,0.0,0.0,0.0
2023-11-29 13:30:00-05:00,6.679999828338623,6.728899955749512,6.669000148773193,6.710000038146973,100171,0.0,0.0,0.0
2023-11-29 14:30:00-05:00,6.704999923706055,6.710000038146973,6.605000019073486,6.619999885559082,56093,0.0,0.0,0.0
2023-11-29 15:30:00-05:00,6.630000114440918,6.630000114440918,6.590000152587891,6.590000152587891,108649,0.0,0.0,0.0
2023-11-30 09:30:00-05:00,6.659999847412109,6.699999809265137,6.409999847412109,6.619999885559082,200670,0.0,0.0,0.0
2023-11-30 10:30:00-05:00,6.609000205993652,6.640200138092041,6.539999961853027,6.591000080108643,147795,0.0,0.0,0.0
2023-11-30 11:30:00-05:00,6.579999923706055,6.610000133514404,6.5289998054504395,6.53000020980835,43232,0.0,0.0,0.0
2023-11-30 12:30:00-05:00,6.550000190734863,6.610000133514404,6.539000034332275,6.599999904632568,12608,0.0,0.0,0.0
2023-11-30 13:30:00-05:00,6.590000152587891,6.614999771118164,6.568999767303467,6.602200031280518,14358,0.0,0.0,0.0
2023-11-30 14:30:00-05:00,6.610000133514404,6.659999847412109,6.5289998054504395,6.545000076293945,50699,0.0,0.0,0.0
2023-11-30 15:30:00-05:00,6.539999961853027,6.60099983215332,6.539999961853027,6.599999904632568,18680,0.0,0.0,0.0
2023-12-01 09:30:00-05:00,6.679999828338623,6.820000171661377,6.570000171661377,6.781000137329102,207871,0.0,0.0,0.0
2023-12-01 10:30:00-05:00,6.789700031280518,7.029900074005127,6.760000228881836,7.025000095367432,175610,0.0,0.0,0.0
2023-12-01 11:30:00-05:00,7.019999980926514,7.179999828338623,6.989999771118164,7.159999847412109,230346,0.0,0.0,0.0
2023-12-01 12:30:00-05:00,7.150000095367432,7.259900093078613,7.150000095367432,7.230199813842773,152018,0.0,0.0,0.0
2023-12-01 13:30:00-05:00,7.230100154876709,7.279900074005127,7.190000057220459,7.239999771118164,232341,0.0,0.0,0.0
2023-12-01 14:30:00-05:00,7.25,7.289000034332275,7.239999771118164,7.289000034332275,47495,0.0,0.0,0.0
2023-12-01 15:30:00-05:00,7.289000034332275,7.369999885559082,7.28000020980835,7.349999904632568,112439,0.0,0.0,0.0
2023-12-04 09:30:00-05:00,7.25,7.739999771118164,7.25,7.494999885559082,348868,0.0,0.0,0.0
2023-12-04 10:30:00-05:00,7.5,7.579699993133545,7.438499927520752,7.53000020980835,139677,0.0,0.0,0.0
2023-12-04 11:30:00-05:00,7.510000228881836,7.639900207519531,7.489999771118164,7.639699935913086,94735,0.0,0.0,0.0
2023-12-04 12:30:00-05:00,7.639999866485596,7.679999828338623,7.53849983215332,7.53849983215332,99525,0.0,0.0,0.0
2023-12-04 13:30:00-05:00,7.519999980926514,7.5971999168396,7.519999980926514,7.561500072479248,30437,0.0,0.0,0.0
2023-12-04 14:30:00-05:00,7.555699825286865,7.601500034332275,7.53000020980835,7.581500053405762,41178,0.0,0.0,0.0
2023-12-04 15:30:00-05:00,7.585000038146973,7.619999885559082,7.558499813079834,7.599999904632568,75177,0.0,0.0,0.0
2023-12-05 09:30:00-05:00,7.309999942779541,7.375,7.070000171661377,7.199999809265137,224006,0.0,0.0,0.0
2023-12-05 10:30:00-05:00,7.2093000411987305,7.2307000160217285,7.10099983215332,7.159999847412109,67598,0.0,0.0,0.0
2023-12-05 11:30:00-05:00,7.159999847412109,7.189899921417236,7.085000038146973,7.09499979019165,67533,0.0,0.0,0.0
2023-12-05 12:30:00-05:00,7.099899768829346,7.099899768829346,6.980000019073486,7.039999961853027,160872,0.0,0.0,0.0
2023-12-05 13:30:00-05:00,7.019999980926514,7.039999961853027,6.983500003814697,7.03000020980835,42496,0.0,0.0,0.0
2023-12-05 14:30:00-05:00,7.020699977874756,7.070700168609619,7.0100998878479,7.0192999839782715,45605,0.0,0.0,0.0
2023-12-05 15:30:00-05:00,7.020699977874756,7.020699977874756,6.980000019073486,7.0,118064,0.0,0.0,0.0
2023-12-06 09:30:00-05:00,7.170000076293945,7.449999809265137,7.100900173187256,7.289999961853027,347632,0.0,0.0,0.0
2023-12-06 10:30:00-05:00,7.28000020980835,7.369999885559082,7.210000038146973,7.300000190734863,194422,0.0,0.0,0.0
2023-12-06 11:30:00-05:00,7.300000190734863,7.329999923706055,7.239299774169922,7.31220006942749,141030,0.0,0.0,0.0
2023-12-06 12:30:00-05:00,7.300000190734863,7.329999923706055,7.190000057220459,7.239299774169922,109849,0.0,0.0,0.0
2023-12-06 13:30:00-05:00,7.239999771118164,7.271200180053711,7.199999809265137,7.204999923706055,75033,0.0,0.0,0.0
2023-12-06 14:30:00-05:00,7.200900077819824,7.239999771118164,7.090000152587891,7.100200176239014,71755,0.0,0.0,0.0
2023-12-06 15:30:00-05:00,7.099999904632568,7.139999866485596,7.079999923706055,7.130000114440918,93017,0.0,0.0,0.0
2023-12-07 09:30:00-05:00,7.170000076293945,7.28000020980835,7.0100998878479,7.28000020980835,253032,0.0,0.0,0.0
2023-12-07 10:30:00-05:00,7.278800010681152,7.278800010681152,7.159999847412109,7.244999885559082,46178,0.0,0.0,0.0
2023-12-07 11:30:00-05:00,7.260000228881836,7.301199913024902,7.239999771118164,7.289999961853027,53695,0.0,0.0,0.0
2023-12-07 12:30:00-05:00,7.295000076293945,7.331200122833252,7.275000095367432,7.311200141906738,29195,0.0,0.0,0.0
2023-12-07 13:30:00-05:00,7.339300155639648,7.349999904632568,7.300000190734863,7.310100078582764,27645,0.0,0.0,0.0
2023-12-07 14:30:00-05:00,7.320000171661377,7.360000133514404,7.284999847412109,7.309999942779541,27098,0.0,0.0,0.0
2023-12-07 15:30:00-05:00,7.309999942779541,7.349999904632568,7.28000020980835,7.329999923706055,110485,0.0,0.0,0.0
2023-12-08 09:30:00-05:00,7.340000152587891,7.510000228881836,7.269999980926514,7.425000190734863,175205,0.0,0.0,0.0
2023-12-08 10:30:00-05:00,7.440199851989746,7.460000038146973,7.239999771118164,7.28000020980835,132607,0.0,0.0,0.0
2023-12-08 11:30:00-05:00,7.310100078582764,7.310100078582764,7.190000057220459,7.244999885559082,65960,0.0,0.0,0.0
2023-12-08 12:30:00-05:00,7.25,7.2906999588012695,7.224999904632568,7.289999961853027,47573,0.0,0.0,0.0
2023-12-08 13:30:00-05:00,7.28980016708374,7.320000171661377,7.255000114440918,7.3007001876831055,47691,0.0,0.0,0.0
2023-12-08 14:30:00-05:00,7.340000152587891,7.369999885559082,7.315000057220459,7.369999885559082,52315,0.0,0.0,0.0
2023-12-08 15:30:00-05:00,7.369999885559082,7.389999866485596,7.320000171661377,7.329999923706055,66697,0.0,0.0,0.0
2023-12-11 09:30:00-05:00,7.53000020980835,7.650100231170654,7.46999979019165,7.518700122833252,231734,0.0,0.0,0.0
2023-12-11 10:30:00-05:00,7.531300067901611,7.639900207519531,7.519999980926514,7.599999904632568,75639,0.0,0.0,0.0
2023-12-11 11:30:00-05:00,7.599999904632568,7.659999847412109,7.570000171661377,7.635000228881836,70465,0.0,0.0,0.0
2023-12-11 12:30:00-05:00,7.650000095367432,7.730000019073486,7.63070011138916,7.709199905395508,108225,0.0,0.0,0.0
2023-12-11 13:30:00-05:00,7.710000038146973,7.748899936676025,7.699999809265137,7.710000038146973,37303,0.0,0.0,0.0
2023-12-11 14:30:00-05:00,7.710000038146973,7.741300106048584,7.698699951171875,7.71999979019165,71964,0.0,0.0,0.0
2023-12-11 15:30:00-05:00,7.71999979019165,7.71999979019165,7.681000232696533,7.699999809265137,55215,0.0,0.0,0.0
2023-12-12 09:30:00-05:00,7.699999809265137,7.699999809265137,7.440000057220459,7.5100998878479,223088,0.0,0.0,0.0
2023-12-12 10:30:00-05:00,7.519999980926514,7.590000152587891,7.484499931335449,7.5,85768,0.0,0.0,0.0
2023-12-12 11:30:00-05:00,7.510000228881836,7.550000190734863,7.480000019073486,7.539999961853027,48524,0.0,0.0,0.0
2023-12-12 12:30:00-05:00,7.538700103759766,7.559999942779541,7.491600036621094,7.519100189208984,27473,0.0,0.0,0.0
2023-12-12 13:30:00-05:00,7.510000228881836,7.53000020980835,7.460000038146973,7.519999980926514,44823,0.0,0.0,0.0
2023-12-12 14:30:00-05:00,7.514999866485596,7.551300048828125,7.510000228881836,7.53000020980835,34773,0.0,0.0,0.0
2023-12-12 15:30:00-05:00,7.519999980926514,7.519999980926514,7.440000057220459,7.449999809265137,43237,0.0,0.0,0.0
2023-12-13 09:30:00-05:00,7.559999942779541,7.559999942779541,7.369999885559082,7.40500020980835,83628,0.0,0.0,0.0
2023-12-13 10:30:00-05:00,7.400000095367432,7.439799785614014,7.3582000732421875,7.385000228881836,40515,0.0,0.0,0.0
2023-12-13 11:30:00-05:00,7.375,7.375,7.300000190734863,7.349999904632568,58995,0.0,0.0,0.0
2023-12-13 12:30:00-05:00,7.349999904632568,7.380000114440918,7.284999847412109,7.300000190734863,38182,0.0,0.0,0.0
2023-12-13 13:30:00-05:00,7.309999942779541,7.670000076293945,7.28000020980835,7.664999961853027,171768,0.0,0.0,0.0
2023-12-13 14:30:00-05:00,7.6890997886657715,8.109999656677246,7.659999847412109,8.039899826049805,327979,0.0,0.0,0.0
2023-12-13 15:30:00-05:00,8.039999961853027,8.210000038146973,8.029999732971191,8.199999809265137,177974,0.0,0.0,0.0
2023-12-14 09:30:00-05:00,8.789899826049805,8.906800270080566,8.581299781799316,8.695199966430664,479176,0.0,0.0,0.0
2023-12-14 10:30:00-05:00,8.680000305175781,8.760899543762207,8.555000305175781,8.75,158653,0.0,0.0,0.0
2023-12-14 11:30:00-05:00,8.75,8.920000076293945,8.75,8.829899787902832,98862,0.0,0.0,0.0
2023-12-14 12:30:00-05:00,8.829999923706055,8.86989974975586,8.670100212097168,8.699999809265137,113863,0.0,0.0,0.0
2023-12-14 13:30:00-05:00,8.690099716186523,8.729999542236328,8.560099601745605,8.720000267028809,65952,0.0,0.0,0.0
2023-12-14 14:30:00-05:00,8.704999923706055,8.875,8.699999809265137,8.84000015258789,84416,0.0,0.0,0.0
2023-12-14 15:30:00-05:00,8.84000015258789,8.869999885559082,8.75,8.800000190734863,74856,0.0,0.0,0.0
2023-12-15 09:30:00-05:00,8.8100004196167,8.949999809265137,8.539999961853027,8.739999771118164,300433,0.0,0.0,0.0
2023-12-15 10:30:00-05:00,8.710000038146973,8.799500465393066,8.664999961853027,8.669500350952148,57070,0.0,0.0,0.0
2023-12-15 11:30:00-05:00,8.668899536132812,8.740500450134277,8.649999618530273,8.6899995803833,49923,0.0,0.0,0.0
2023-12-15 12:30:00-05:00,8.670499801635742,8.68019962310791,8.529999732971191,8.579999923706055,231950,0.0,0.0,0.0
2023-12-15 13:30:00-05:00,8.59000015258789,8.591500282287598,8.470000267028809,8.550000190734863,60689,0.0,0.0,0.0
2023-12-15 14:30:00-05:00,8.55049991607666,8.619999885559082,8.548500061035156,8.619999885559082,71650,0.0,0.0,0.0
2023-12-15 15:30:00-05:00,8.609999656677246,8.640000343322754,8.5600004196167,8.5600004196167,66686,0.0,0.0,0.0
2023-12-18 09:30:00-05:00,8.720000267028809,8.819999694824219,8.430000305175781,8.740500450134277,190497,0.0,0.0,0.0
2023-12-18 10:30:00-05:00,8.739999771118164,8.791500091552734,8.65999984741211,8.701499938964844,44805,0.0,0.0,0.0
2023-12-18 11:30:00-05:00,8.696499824523926,8.721199989318848,8.619999885559082,8.710000038146973,38902,0.0,0.0,0.0
2023-12-18 12:30:00-05:00,8.71049976348877,8.75,8.635000228881836,8.65999984741211,32149,0.0,0.0,0.0
2023-12-18 13:30:00-05:00,8.65999984741211,8.680299758911133,8.579999923706055,8.590100288391113,33136,0.0,0.0,0.0
2023-12-18 14:30:00-05:00,8.600000381469727,8.680000305175781,8.579999923706055,8.635000228881836,39773,0.0,0.0,0.0
2023-12-18 15:30:00-05:00,8.630000114440918,8.669899940490723,8.609999656677246,8.640000343322754,44969,0.0,0.0,0.0
2023-12-19 09:30:00-05:00,8.739999771118164,9.050000190734863,8.739999771118164,9.010000228881836,143328,0.0,0.0,0.0
2023-12-19 10:30:00-05:00,9.001500129699707,9.11989974975586,9.0,9.015000343322754,83806,0.0,0.0,0.0
2023-12-19 11:30:00-05:00,9.020000457763672,9.04990005493164,8.930000305175781,9.0,41484,0.0,0.0,0.0
2023-12-19 12:30:00-05:00,9.020700454711914,9.079999923706055,9.015000343322754,9.040200233459473,34443,0.0,0.0,0.0
2023-12-19 13:30:00-05:00,9.0516996383667,9.149999618530273,9.0516996383667,9.149499893188477,77082,0.0,0.0,0.0
2023-12-19 14:30:00-05:00,9.149700164794922,9.179900169372559,9.119999885559082,9.170000076293945,84967,0.0,0.0,0.0
2023-12-19 15:30:00-05:00,9.170000076293945,9.21500015258789,9.150099754333496,9.1899995803833,63298,0.0,0.0,0.0
2023-12-20 09:30:00-05:00,9.09000015258789,9.23009967803955,8.970000267028809,9.181300163269043,191105,0.0,0.0,0.0
2023-12-20 10:30:00-05:00,9.220000267028809,9.3100004196167,9.180000305175781,9.239999771118164,93421,0.0,0.0,0.0
2023-12-20 11:30:00-05:00,9.220000267028809,9.239999771118164,9.18970012664795,9.228599548339844,32856,0.0,0.0,0.0
2023-12-20 12:30:00-05:00,9.229999542236328,9.295000076293945,9.199999809265137,9.25,47483,0.0,0.0,0.0
2023-12-20 13:30:00-05:00,9.25,9.260000228881836,9.180700302124023,9.218500137329102,33750,0.0,0.0,0.0
2023-12-20 14:30:00-05:00,9.210000038146973,9.210000038146973,8.740099906921387,8.75,195237,0.0,0.0,0.0
2023-12-20 15:30:00-05:00,8.75,8.841500282287598,8.65999984741211,8.65999984741211,168099,0.0,0.0,0.0
2023-12-21 09:30:00-05:00,8.989999771118164,9.130000114440918,8.90999984741211,9.020000457763672,138440,0.0,0.0,0.0
2023-12-21 10:30:00-05:00,9.020000457763672,9.119799613952637,9.00100040435791,9.045000076293945,59318,0.0,0.0,0.0
2023-12-21 11:30:00-05:00,9.050000190734863,9.050000190734863,8.89900016784668,8.90999984741211,43781,0.0,0.0,0.0
2023-12-21 12:30:00-05:00,8.90999984741211,8.979999542236328,8.850000381469727,8.930000305175781,34423,0.0,0.0,0.0
2023-12-21 13:30:00-05:00,8.94849967956543,9.00979995727539,8.939499855041504,8.980400085449219,222819,0.0,0.0,0.0
2023-12-21 14:30:00-05:00,8.968500137329102,9.040300369262695,8.951499938964844,9.040300369262695,36698,0.0,0.0,0.0
2023-12-21 15:30:00-05:00,9.039999961853027,9.15999984741211,9.018500328063965,9.149999618530273,146173,0.0,0.0,0.0
2023-12-22 09:30:00-05:00,8.949999809265137,9.270000457763672,8.850000381469727,9.152999877929688,348301,0.0,0.0,0.0
2023-12-22 10:30:00-05:00,9.168499946594238,9.180000305175781,9.039999961853027,9.140000343322754,107182,0.0,0.0,0.0
2023-12-22 11:30:00-05:00,9.138999938964844,9.170000076293945,9.069999694824219,9.130000114440918,82965,0.0,0.0,0.0
2023-12-22 12:30:00-05:00,9.119500160217285,9.180000305175781,9.102999687194824,9.14900016784668,28305,0.0,0.0,0.0
2023-12-22 13:30:00-05:00,9.148500442504883,9.170999526977539,8.970100402832031,8.970100402832031,66671,0.0,0.0,0.0
2023-12-22 14:30:00-05:00,8.944999694824219,9.140000343322754,8.9350004196167,9.109999656677246,71163,0.0,0.0,0.0
2023-12-22 15:30:00-05:00,9.120200157165527,9.130000114440918,9.050000190734863,9.069999694824219,47400,0.0,0.0,0.0
2023-12-26 09:30:00-05:00,9.210000038146973,9.234999656677246,9.045000076293945,9.207900047302246,131988,0.0,0.0,0.0
2023-12-26 10:30:00-05:00,9.229999542236328,9.260000228881836,9.149999618530273,9.199999809265137,69736,0.0,0.0,0.0
2023-12-26 11:30:00-05:00,9.210000038146973,9.28499984741211,9.194999694824219,9.260000228881836,35985,0.0,0.0,0.0
2023-12-26 12:30:00-05:00,9.270000457763672,9.329999923706055,9.228500366210938,9.320099830627441,36876,0.0,0.0,0.0
2023-12-26 13:30:00-05:00,9.319999694824219,9.329999923706055,9.295000076293945,9.318499565124512,26371,0.0,0.0,0.0
2023-12-26 14:30:00-05:00,9.319999694824219,9.360099792480469,9.292499542236328,9.360099792480469,49691,0.0,0.0,0.0
2023-12-26 15:30:00-05:00,9.349900245666504,9.369999885559082,9.3100004196167,9.3149995803833,34228,0.0,0.0,0.0
2023-12-27 09:30:00-05:00,9.350000381469727,9.451000213623047,9.329999923706055,9.420000076293945,104599,0.0,0.0,0.0
2023-12-27 10:30:00-05:00,9.419400215148926,9.421500205993652,9.279999732971191,9.35949993133545,83314,0.0,0.0,0.0
2023-12-27 11:30:00-05:00,9.343400001525879,9.40999984741211,9.343400001525879,9.390000343322754,20058,0.0,0.0,0.0
2023-12-27 12:30:00-05:00,9.399499893188477,9.53499984741211,9.390000343322754,9.489999771118164,47358,0.0,0.0,0.0
2023-12-27 13:30:00-05:00,9.499899864196777,9.508999824523926,9.319999694824219,9.422100067138672,79409,0.0,0.0,0.0
2023-12-27 14:30:00-05:00,9.420000076293945,9.444999694824219,9.371000289916992,9.40999984741211,48951,0.0,0.0,0.0
2023-12-27 15:30:00-05:00,9.420000076293945,9.479999542236328,9.399999618530273,9.479999542236328,43170,0.0,0.0,0.0
2023-12-28 09:30:00-05:00,9.369999885559082,9.468500137329102,9.270000457763672,9.439499855041504,577902,0.0,0.0,0.0
2023-12-28 10:30:00-05:00,9.449999809265137,9.45009994506836,9.34000015258789,9.359999656677246,39786,0.0,0.0,0.0
2023-12-28 11:30:00-05:00,9.359999656677246,9.420000076293945,9.359000205993652,9.40999984741211,17219,0.0,0.0,0.0
2023-12-28 12:30:00-05:00,9.400099754333496,9.4350004196167,9.369999885559082,9.430000305175781,33072,0.0,0.0,0.0
2023-12-28 13:30:00-05:00,9.430000305175781,9.461400032043457,9.407899856567383,9.449999809265137,14529,0.0,0.0,0.0
2023-12-28 14:30:00-05:00,9.470999717712402,9.471199989318848,9.359999656677246,9.42039966583252,20191,0.0,0.0,0.0
2023-12-28 15:30:00-05:00,9.420100212097168,9.460000038146973,9.402000427246094,9.430000305175781,56871,0.0,0.0,0.0
2023-12-29 09:30:00-05:00,9.369999885559082,9.479999542236328,9.279999732971191,9.295000076293945,94160,0.0,0.0,0.0
2023-12-29 10:30:00-05:00,9.30720043182373,9.30720043182373,9.119999885559082,9.119999885559082,108054,0.0,0.0,0.0
2023-12-29 11:30:00-05:00,9.140000343322754,9.173600196838379,9.078499794006348,9.089900016784668,51560,0.0,0.0,0.0
2023-12-29 12:30:00-05:00,9.078499794006348,9.210000038146973,9.078499794006348,9.1899995803833,50493,0.0,0.0,0.0
2023-12-29 13:30:00-05:00,9.20989990234375,9.230799674987793,9.148799896240234,9.151100158691406,23407,0.0,0.0,0.0
2023-12-29 14:30:00-05:00,9.161499977111816,9.1899995803833,9.140000343322754,9.180000305175781,45410,0.0,0.0,0.0
2023-12-29 15:30:00-05:00,9.19849967956543,9.20989990234375,9.119999885559082,9.140000343322754,73037,0.0,0.0,0.0
2024-01-02 09:30:00-05:00,8.930000305175781,9.319999694824219,8.789999961853027,9.288000106811523,293149,0.0,0.0,0.0
2024-01-02 10:30:00-05:00,9.251500129699707,9.290499687194824,9.140000343322754,9.239999771118164,50305,0.0,0.0,0.0
2024-01-02 11:30:00-05:00,9.229999542236328,9.359999656677246,9.219499588012695,9.31149959564209,40975,0.0,0.0,0.0
2024-01-02 12:30:00-05:00,9.317000389099121,9.330100059509277,9.201000213623047,9.239899635314941,25280,0.0,0.0,0.0
2024-01-02 13:30:00-05:00,9.229999542236328,9.25,9.071499824523926,9.100000381469727,41221,0.0,0.0,0.0
2024-01-02 14:30:00-05:00,9.109999656677246,9.109999656677246,8.960000038146973,8.989999771118164,79360,0.0,0.0,0.0
2024-01-02 15:30:00-05:00,8.997699737548828,9.100000381469727,8.954999923706055,9.09000015258789,79722,0.0,0.0,0.0
2024-01-03 09:30:00-05:00,8.850000381469727,8.890000343322754,8.399999618530273,8.449899673461914,274504,0.0,0.0,0.0
2024-01-03 10:30:00-05:00,8.451299667358398,8.470000267028809,8.273599624633789,8.430000305175781,180025,0.0,0.0,0.0
2024-01-03 11:30:00-05:00,8.439499855041504,8.46150016784668,8.335000038146973,8.399900436401367,53744,0.0,0.0,0.0
2024-01-03 12:30:00-05:00,8.399999618530273,8.520999908447266,8.360099792480469,8.490300178527832,38999,0.0,0.0,0.0
2024-01-03 13:30:00-05:00,8.494999885559082,8.494999885559082,8.291199684143066,8.460000038146973,33421,0.0,0.0,0.0
2024-01-03 14:30:00-05:00,8.460000038146973,8.490500450134277,8.175000190734863,8.1899995803833,108908,0.0,0.0,0.0
2024-01-03 15:30:00-05:00,8.210000038146973,8.25100040435791,8.114999771118164,8.130000114440918,125211,0.0,0.0,0.0
2024-01-04 09:30:00-05:00,8.0600004196167,8.168499946594238,7.929999828338623,8.069999694824219,157152,0.0,0.0,0.0
2024-01-04 10:30:00-05:00,8.058500289916992,8.199899673461914,8.028499603271484,8.170000076293945,46108,0.0,0.0,0.0
2024-01-04 11:30:00-05:00,8.149999618530273,8.1899995803833,8.069999694824219,8.111000061035156,36575,0.0,0.0,0.0
2024-01-04 12:30:00-05:00,8.098999977111816,8.119999885559082,8.045000076293945,8.095000267028809,19611,0.0,0.0,0.0
2024-01-04 13:30:00-05:00,8.109999656677246,8.125,8.069499969482422,8.069999694824219,24430,0.0,0.0,0.0
2024-01-04 14:30:00-05:00,8.069999694824219,8.135000228881836,8.030099868774414,8.11989974975586,25937,0.0,0.0,0.0
2024-01-04 15:30:00-05:00,8.120499610900879,8.145000457763672,8.050000190734863,8.069999694824219,36166,0.0,0.0,0.0
2024-01-05 09:30:00-05:00,7.980000019073486,8.39050006866455,7.8867998123168945,8.289999961853027,146501,0.0,0.0,0.0
2024-01-05 10:30:00-05:00,8.300000190734863,8.35990047454834,8.218999862670898,8.231499671936035,101292,0.0,0.0,0.0
2024-01-05 11:30:00-05:00,8.238800048828125,8.260000228881836,8.079999923706055,8.118800163269043,79842,0.0,0.0,0.0
2024-01-05 12:30:00-05:00,8.111499786376953,8.15880012512207,8.069000244140625,8.15880012512207,24944,0.0,0.0,0.0
2024-01-05 13:30:00-05:00,8.169500350952148,8.230999946594238,8.148799896240234,8.15999984741211,23060,0.0,0.0,0.0
2024-01-05 14:30:00-05:00,8.14680004119873,8.14680004119873,7.989500045776367,8.041199684143066,16157,0.0,0.0,0.0
2024-01-05 15:30:00-05:00,8.058500289916992,8.0649995803833,8.010000228881836,8.029999732971191,69884,0.0,0.0,0.0
2024-01-08 09:30:00-05:00,8.069999694824219,8.319999694824219,7.949999809265137,8.279999732971191,146910,0.0,0.0,0.0
2024-01-08 10:30:00-05:00,8.298500061035156,8.430999755859375,8.298500061035156,8.329999923706055,55972,0.0,0.0,0.0
2024-01-08 11:30:00-05:00,8.350000381469727,8.359999656677246,8.175000190734863,8.208100318908691,116938,0.0,0.0,0.0
2024-01-08 12:30:00-05:00,8.239999771118164,8.399999618530273,8.225000381469727,8.369999885559082,47274,0.0,0.0,0.0
2024-01-08 13:30:00-05:00,8.369000434875488,8.440999984741211,8.358799934387207,8.4399995803833,22717,0.0,0.0,0.0
2024-01-08 14:30:00-05:00,8.428500175476074,8.431599617004395,8.380999565124512,8.40999984741211,42792,0.0,0.0,0.0
2024-01-08 15:30:00-05:00,8.402000427246094,8.449999809265137,8.399999618530273,8.449999809265137,27357,0.0,0.0,0.0
2024-01-09 09:30:00-05:00,8.25,8.319999694824219,8.170000076293945,8.258399963378906,235138,0.0,0.0,0.0
2024-01-09 10:30:00-05:00,8.268400192260742,8.279999732971191,8.210000038146973,8.273599624633789,28695,0.0,0.0,0.0
2024-01-09 11:30:00-05:00,8.289999961853027,8.3100004196167,8.259900093078613,8.300000190734863,15800,0.0,0.0,0.0
2024-01-09 12:30:00-05:00,8.300000190734863,8.34000015258789,8.242799758911133,8.260000228881836,44726,0.0,0.0,0.0
2024-01-09 13:30:00-05:00,8.25,8.359999656677246,8.220000267028809,8.279899597167969,30037,0.0,0.0,0.0
2024-01-09 14:30:00-05:00,8.260000228881836,8.289999961853027,8.241999626159668,8.25,23753,0.0,0.0,0.0
2024-01-09 15:30:00-05:00,8.239999771118164,8.25,8.199999809265137,8.230799674987793,52133,0.0,0.0,0.0
2024-01-10 09:30:00-05:00,8.25,8.289999961853027,8.069999694824219,8.1850004196167,107744,0.0,0.0,0.0
2024-01-10 10:30:00-05:00,8.219900131225586,8.260000228881836,8.149999618530273,8.229999542236328,19349,0.0,0.0,0.0
2024-01-10 11:30:00-05:00,8.219900131225586,8.314399719238281,8.208399772644043,8.3100004196167,27300,0.0,0.0,0.0
2024-01-10 12:30:00-05:00,8.299400329589844,8.319999694824219,8.25,8.279999732971191,30931,0.0,0.0,0.0
2024-01-10 13:30:00-05:00,8.270299911499023,8.329999923706055,8.25,8.316499710083008,16756,0.0,0.0,0.0
2024-01-10 14:30:00-05:00,8.3100004196167,8.350000381469727,8.260000228881836,8.268400192260742,61244,0.0,0.0,0.0
2024-01-10 15:30:00-05:00,8.279999732971191,8.319999694824219,8.234999656677246,8.319999694824219,55366,0.0,0.0,0.0
2024-01-11 09:30:00-05:00,8.229999542236328,8.25,7.820000171661377,7.909999847412109,262453,0.0,0.0,0.0
2024-01-11 10:30:00-05:00,7.931099891662598,7.97160005569458,7.860000133514404,7.870299816131592,52724,0.0,0.0,0.0
2024-01-11 11:30:00-05:00,7.849999904632568,7.909999847412109,7.824100017547607,7.889999866485596,64155,0.0,0.0,0.0
2024-01-11 12:30:00-05:00,7.869999885559082,8.050000190734863,7.869999885559082,8.0,36093,0.0,0.0,0.0
2024-01-11 13:30:00-05:00,8.0,8.09000015258789,7.979300022125244,8.079999923706055,27810,0.0,0.0,0.0
2024-01-11 14:30:00-05:00,8.079999923706055,8.135000228881836,8.028400421142578,8.0600004196167,57710,0.0,0.0,0.0
2024-01-11 15:30:00-05:00,8.071599960327148,8.108599662780762,8.039999961853027,8.100000381469727,35687,0.0,0.0,0.0
2024-01-12 09:30:00-05:00,8.210000038146973,8.350000381469727,7.940000057220459,7.96999979019165,99141,0.0,0.0,0.0
2024-01-12 10:30:00-05:00,7.968400001525879,7.985000133514404,7.815000057220459,7.946899890899658,144959,0.0,0.0,0.0
2024-01-12 11:30:00-05:00,7.949999809265137,7.949999809265137,7.849999904632568,7.880000114440918,31115,0.0,0.0,0.0
2024-01-12 12:30:00-05:00,7.869900226593018,7.90500020980835,7.840000152587891,7.882900238037109,21145,0.0,0.0,0.0
2024-01-12 13:30:00-05:00,7.880000114440918,7.900000095367432,7.840000152587891,7.840000152587891,79601,0.0,0.0,0.0
2024-01-12 14:30:00-05:00,7.835400104522705,7.835400104522705,7.710000038146973,7.739999771118164,49314,0.0,0.0,0.0
2024-01-12 15:30:00-05:00,7.74399995803833,7.800000190734863,7.725500106811523,7.78000020980835,155255,0.0,0.0,0.0
2024-01-16 09:30:00-05:00,7.630000114440918,7.679299831390381,7.46999979019165,7.66480016708374,217023,0.0,0.0,0.0
2024-01-16 10:30:00-05:00,7.660200119018555,7.729899883270264,7.599899768829346,7.689899921417236,41551,0.0,0.0,0.0
2024-01-16 11:30:00-05:00,7.699999809265137,7.723299980163574,7.614999771118164,7.630000114440918,28716,0.0,0.0,0.0
2024-01-16 12:30:00-05:00,7.619999885559082,7.710000038146973,7.610000133514404,7.699999809265137,31378,0.0,0.0,0.0
2024-01-16 13:30:00-05:00,7.699999809265137,7.699999809265137,7.585000038146973,7.599999904632568,27144,0.0,0.0,0.0
2024-01-16 14:30:00-05:00,7.591599941253662,7.679999828338623,7.585000038146973,7.639999866485596,39922,0.0,0.0,0.0
2024-01-16 15:30:00-05:00,7.659999847412109,7.730000019073486,7.631499767303467,7.724999904632568,76565,0.0,0.0,0.0
2024-01-17 09:30:00-05:00,7.570000171661377,7.629899978637695,7.5,7.554500102996826,55142,0.0,0.0,0.0
2024-01-17 10:30:00-05:00,7.539999961853027,7.611599922180176,7.539899826049805,7.570000171661377,15686,0.0,0.0,0.0
2024-01-17 11:30:00-05:00,7.579999923706055,7.610000133514404,7.52839994430542,7.53000020980835,6202,0.0,0.0,0.0
2024-01-17 12:30:00-05:00,7.519999980926514,7.541600227355957,7.478400230407715,7.478400230407715,11779,0.0,0.0,0.0
2024-01-17 13:30:00-05:00,7.46999979019165,7.489999771118164,7.421599864959717,7.489999771118164,29598,0.0,0.0,0.0
2024-01-17 14:30:00-05:00,7.490099906921387,7.538700103759766,7.489999771118164,7.519999980926514,23295,0.0,0.0,0.0
2024-01-17 15:30:00-05:00,7.522200107574463,7.590000152587891,7.522200107574463,7.579999923706055,21035,0.0,0.0,0.0
2024-01-18 09:30:00-05:00,7.699999809265137,7.710000038146973,7.519999980926514,7.599999904632568,100980,0.0,0.0,0.0
2024-01-18 10:30:00-05:00,7.608399868011475,7.639999866485596,7.4293999671936035,7.5,57888,0.0,0.0,0.0
2024-01-18 11:30:00-05:00,7.53000020980835,7.570000171661377,7.414100170135498,7.420000076293945,30372,0.0,0.0,0.0
2024-01-18 12:30:00-05:00,7.400000095367432,7.460000038146973,7.371200084686279,7.392499923706055,20601,0.0,0.0,0.0
2024-01-18 13:30:00-05:00,7.394999980926514,7.541100025177002,7.394999980926514,7.541100025177002,27950,0.0,0.0,0.0
2024-01-18 14:30:00-05:00,7.550000190734863,7.599999904632568,7.48859977722168,7.59060001373291,57817,0.0,0.0,0.0
2024-01-18 15:30:00-05:00,7.619999885559082,7.640600204467773,7.579999923706055,7.635000228881836,33609,0.0,0.0,0.0
2024-01-19 09:30:00-05:00,7.739999771118164,7.739999771118164,7.349999904632568,7.46999979019165,170466,0.0,0.0,0.0
2024-01-19 10:30:00-05:00,7.466400146484375,7.579999923706055,7.429999828338623,7.539999961853027,61434,0.0,0.0,0.0
2024-01-19 11:30:00-05:00,7.53000020980835,7.541600227355957,7.461100101470947,7.539899826049805,25124,0.0,0.0,0.0
2024-01-19 12:30:00-05:00,7.53000020980835,7.675000190734863,7.519999980926514,7.660600185394287,26535,0.0,0.0,0.0
2024-01-19 13:30:00-05:00,7.664999961853027,7.835000038146973,7.65500020980835,7.828400135040283,73012,0.0,0.0,0.0
2024-01-19 14:30:00-05:00,7.849999904632568,7.849999904632568,7.71999979019165,7.735000133514404,35549,0.0,0.0,0.0
2024-01-19 15:30:00-05:00,7.724999904632568,7.730000019073486,7.700200080871582,7.710000038146973,57288,0.0,0.0,0.0
2024-01-22 09:30:00-05:00,7.829999923706055,8.15939998626709,7.78000020980835,8.100000381469727,201532,0.0,0.0,0.0
2024-01-22 10:30:00-05:00,8.079999923706055,8.085000038146973,7.96999979019165,8.039999961853027,111501,0.0,0.0,0.0
2024-01-22 11:30:00-05:00,8.039999961853027,8.085000038146973,8.009400367736816,8.085000038146973,31900,0.0,0.0,0.0
2024-01-22 12:30:00-05:00,8.100000381469727,8.100000381469727,7.980000019073486,7.980000019073486,21063,0.0,0.0,0.0
2024-01-22 13:30:00-05:00,7.989999771118164,8.0600004196167,7.96999979019165,7.989999771118164,16680,0.0,0.0,0.0
2024-01-22 14:30:00-05:00,8.0,8.109999656677246,8.0,8.109999656677246,65758,0.0,0.0,0.0
2024-01-22 15:30:00-05:00,8.116000175476074,8.15999984741211,8.100000381469727,8.130000114440918,70114,0.0,0.0,0.0
2024-01-23 09:30:00-05:00,8.359999656677246,8.479999542236328,8.180000305175781,8.219400405883789,185206,0.0,0.0,0.0
2024-01-23 10:30:00-05:00,8.210000038146973,8.210000038146973,7.909999847412109,7.909999847412109,87904,0.0,0.0,0.0
2024-01-23 11:30:00-05:00,7.920100212097168,7.959799766540527,7.849999904632568,7.894999980926514,55461,0.0,0.0,0.0
2024-01-23 12:30:00-05:00,7.901599884033203,7.914999961853027,7.858399868011475,7.87939977645874,25219,0.0,0.0,0.0
2024-01-23 13:30:00-05:00,7.879899978637695,7.945000171661377,7.863100051879883,7.90939998626709,66810,0.0,0.0,0.0
2024-01-23 14:30:00-05:00,7.92110013961792,8.040800094604492,7.914999961853027,7.989999771118164,39401,0.0,0.0,0.0
2024-01-23 15:30:00-05:00,7.990600109100342,7.990600109100342,7.925000190734863,7.929999828338623,98212,0.0,0.0,0.0
2024-01-24 09:30:00-05:00,8.170000076293945,8.1899995803833,7.840000152587891,7.900000095367432,89035,0.0,0.0,0.0
2024-01-24 10:30:00-05:00,7.929999828338623,8.069999694824219,7.889999866485596,7.989999771118164,62182,0.0,0.0,0.0
2024-01-24 11:30:00-05:00,7.989999771118164,7.989999771118164,7.920000076293945,7.920000076293945,27893,0.0,0.0,0.0
2024-01-24 12:30:00-05:00,7.965000152587891,7.96999979019165,7.820000171661377,7.840000152587891,82448,0.0,0.0,0.0
2024-01-24 13:30:00-05:00,7.820000171661377,7.821199893951416,7.679999828338623,7.690000057220459,169070,0.0,0.0,0.0
2024-01-24 14:30:00-05:00,7.710000038146973,7.760000228881836,7.668900012969971,7.670000076293945,69805,0.0,0.0,0.0
2024-01-24 15:30:00-05:00,7.670000076293945,7.739999771118164,7.664999961853027,7.690000057220459,41072,0.0,0.0,0.0
2024-01-25 09:30:00-05:00,7.920000076293945,8.029999732971191,7.820000171661377,7.920000076293945,139460,0.0,0.0,0.0
2024-01-25 10:30:00-05:00,7.909999847412109,7.909999847412109,7.739999771118164,7.900000095367432,65595,0.0,0.0,0.0
2024-01-25 11:30:00-05:00,7.889999866485596,7.889999866485596,7.809999942779541,7.829999923706055,74237,0.0,0.0,0.0
2024-01-25 12:30:00-05:00,7.820300102233887,7.920000076293945,7.78000020980835,7.869999885559082,24712,0.0,0.0,0.0
2024-01-25 13:30:00-05:00,7.869999885559082,7.920000076293945,7.820000171661377,7.920000076293945,21893,0.0,0.0,0.0
2024-01-25 14:30:00-05:00,7.931600093841553,7.96999979019165,7.875,7.900000095367432,25418,0.0,0.0,0.0
2024-01-25 15:30:00-05:00,7.900000095367432,8.0,7.889999866485596,7.989999771118164,41697,0.0,0.0,0.0
2024-01-26 09:30:00-05:00,8.130000114440918,8.25,8.069999694824219,8.180000305175781,131293,0.0,0.0,0.0
2024-01-26 10:30:00-05:00,8.170000076293945,8.199399948120117,8.1003999710083,8.119999885559082,18121,0.0,0.0,0.0
2024-01-26 11:30:00-05:00,8.119999885559082,8.180000305175781,8.111599922180176,8.15839958190918,25688,0.0,0.0,0.0
2024-01-26 12:30:00-05:00,8.140000343322754,8.140000343322754,8.069999694824219,8.109999656677246,26474,0.0,0.0,0.0
2024-01-26 13:30:00-05:00,8.098400115966797,8.110300064086914,8.05459976196289,8.071800231933594,15801,0.0,0.0,0.0
2024-01-26 14:30:00-05:00,8.09000015258789,8.119999885559082,8.069999694824219,8.071000099182129,21600,0.0,0.0,0.0
2024-01-26 15:30:00-05:00,8.074999809265137,8.129799842834473,8.05150032043457,8.119999885559082,21435,0.0,0.0,0.0
2024-01-29 09:30:00-05:00,8.140000343322754,8.140000343322754,7.970099925994873,8.039999961853027,43537,0.0,0.0,0.0
2024-01-29 10:30:00-05:00,8.029999732971191,8.079999923706055,8.010000228881836,8.050000190734863,40595,0.0,0.0,0.0
2024-01-29 11:30:00-05:00,8.039999961853027,8.095000267028809,8.015000343322754,8.095000267028809,19444,0.0,0.0,0.0
2024-01-29 12:30:00-05:00,8.106900215148926,8.149999618530273,8.100000381469727,8.140000343322754,12683,0.0,0.0,0.0
2024-01-29 13:30:00-05:00,8.164999961853027,8.164999961853027,8.09000015258789,8.149999618530273,16667,0.0,0.0,0.0
2024-01-29 14:30:00-05:00,8.170000076293945,8.339900016784668,8.149999618530273,8.311599731445312,59114,0.0,0.0,0.0
2024-01-29 15:30:00-05:00,8.3100004196167,8.33590030670166,8.274999618530273,8.319999694824219,37241,0.0,0.0,0.0
2024-01-30 09:30:00-05:00,8.210000038146973,8.299300193786621,8.100000381469727,8.151200294494629,81150,0.0,0.0,0.0
2024-01-30 10:30:00-05:00,8.151599884033203,8.1806001663208,8.119999885559082,8.175000190734863,45957,0.0,0.0,0.0
2024-01-30 11:30:00-05:00,8.190099716186523,8.274999618530273,8.190099716186523,8.260000228881836,15019,0.0,0.0,0.0
2024-01-30 12:30:00-05:00,8.25,8.279999732971191,8.199999809265137,8.279999732971191,36721,0.0,0.0,0.0
2024-01-30 13:30:00-05:00,8.279999732971191,8.3149995803833,8.258399963378906,8.3100004196167,35284,0.0,0.0,0.0
2024-01-30 14:30:00-05:00,8.279999732971191,8.295000076293945,8.25,8.280599594116211,16240,0.0,0.0,0.0
2024-01-30 15:30:00-05:00,8.279999732971191,8.289999961853027,8.225000381469727,8.225000381469727,23112,0.0,0.0,0.0
2024-01-31 09:30:00-05:00,8.140000343322754,8.140000343322754,7.940000057220459,8.069999694824219,70650,0.0,0.0,0.0
2024-01-31 10:30:00-05:00,8.079999923706055,8.149999618530273,8.020000457763672,8.098400115966797,43271,0.0,0.0,0.0
2024-01-31 11:30:00-05:00,8.09160041809082,8.128899574279785,8.010000228881836,8.128899574279785,21030,0.0,0.0,0.0
2024-01-31 12:30:00-05:00,8.130000114440918,8.170000076293945,8.0600004196167,8.079999923706055,15879,0.0,0.0,0.0
2024-01-31 13:30:00-05:00,8.109999656677246,8.13010025024414,7.940000057220459,7.954699993133545,83524,0.0,0.0,0.0
2024-01-31 14:30:00-05:00,7.929999828338623,8.282099723815918,7.699999809265137,7.779900074005127,160796,0.0,0.0,0.0
2024-01-31 15:30:00-05:00,7.769999980926514,7.775000095367432,7.590000152587891,7.619999885559082,89461,0.0,0.0,0.0
2024-02-01 09:30:00-05:00,7.820000171661377,7.960000038146973,7.78000020980835,7.8815999031066895,105661,0.0,0.0,0.0
2024-02-01 10:30:00-05:00,7.880000114440918,7.900000095367432,7.670000076293945,7.711599826812744,30968,0.0,0.0,0.0
2024-02-01 11:30:00-05:00,7.755000114440918,7.949999809265137,7.755000114440918,7.860000133514404,22416,0.0,0.0,0.0
2024-02-01 12:30:00-05:00,7.850100040435791,8.06470012664795,7.850100040435791,7.970300197601318,27977,0.0,0.0,0.0
2024-02-01 13:30:00-05:00,8.01159954071045,8.130000114440918,7.958399772644043,8.070099830627441,29742,0.0,0.0,0.0
2024-02-01 14:30:00-05:00,8.020000457763672,8.149999618530273,8.020000457763672,8.149999618530273,12241,0.0,0.0,0.0
2024-02-01 15:30:00-05:00,8.15999984741211,8.229999542236328,8.156299591064453,8.210000038146973,33761,0.0,0.0,0.0
2024-02-02 09:30:00-05:00,8.029999732971191,8.074999809265137,7.880000114440918,8.0600004196167,308441,0.0,0.0,0.0
2024-02-02 10:30:00-05:00,8.0600004196167,8.164999961853027,8.0,8.164999961853027,94289,0.0,0.0,0.0
2024-02-02 11:30:00-05:00,8.180000305175781,8.230999946594238,8.100000381469727,8.230999946594238,137529,0.0,0.0,0.0
2024-02-02 12:30:00-05:00,8.239999771118164,8.350000381469727,8.119999885559082,8.300100326538086,107538,0.0,0.0,0.0
2024-02-02 13:30:00-05:00,8.300000190734863,8.50100040435791,8.300000190734863,8.460000038146973,148114,0.0,0.0,0.0
2024-02-02 14:30:00-05:00,8.491600036621094,8.520000457763672,8.390000343322754,8.4399995803833,84492,0.0,0.0,0.0
2024-02-02 15:30:00-05:00,8.442500114440918,8.449999809265137,8.329999923706055,8.329999923706055,43848,0.0,0.0,0.0
2024-02-05 09:30:00-05:00,8.0,8.093799591064453,7.730000019073486,7.751800060272217,184874,0.0,0.0,0.0
2024-02-05 10:30:00-05:00,7.769999980926514,7.894999980926514,7.724999904632568,7.869900226593018,55979,0.0,0.0,0.0
2024-02-05 11:30:00-05:00,7.880000114440918,7.920100212097168,7.849400043487549,7.920000076293945,44701,0.0,0.0,0.0
2024-02-05 12:30:00-05:00,7.960100173950195,7.999899864196777,7.928400039672852,7.95989990234375,30424,0.0,0.0,0.0
2024-02-05 13:30:00-05:00,7.9405999183654785,8.029999732971191,7.9405999183654785,8.020299911499023,22126,0.0,0.0,0.0
2024-02-05 14:30:00-05:00,8.029999732971191,8.08080005645752,7.989999771118164,8.0600004196167,22757,0.0,0.0,0.0
2024-02-05 15:30:00-05:00,8.0600004196167,8.088399887084961,7.949999809265137,7.949999809265137,69018,0.0,0.0,0.0
2024-02-06 09:30:00-05:00,7.920000076293945,8.170000076293945,7.829999923706055,8.069999694824219,100026,0.0,0.0,0.0
2024-02-06 10:30:00-05:00,8.0802001953125,8.199999809265137,8.0802001953125,8.199999809265137,59736,0.0,0.0,0.0
2024-02-06 11:30:00-05:00,8.199999809265137,8.220000267028809,8.109999656677246,8.210000038146973,63917,0.0,0.0,0.0
2024-02-06 12:30:00-05:00,8.210000038146973,8.211600303649902,8.14900016784668,8.168700218200684,35047,0.0,0.0,0.0
2024-02-06 13:30:00-05:00,8.198399543762207,8.229999542236328,8.170000076293945,8.1899995803833,45584,0.0,0.0,0.0
2024-02-06 14:30:00-05:00,8.170000076293945,8.270000457763672,8.149999618530273,8.2391996383667,97567,0.0,0.0,0.0
2024-02-06 15:30:00-05:00,8.220000267028809,8.270000457763672,8.210000038146973,8.270000457763672,33970,0.0,0.0,0.0
2024-02-07 09:30:00-05:00,8.300000190734863,8.34000015258789,8.130000114440918,8.320599555969238,70770,0.0,0.0,0.0
2024-02-07 10:30:00-05:00,8.335000038146973,8.350000381469727,8.260000228881836,8.3149995803833,81595,0.0,0.0,0.0
2024-02-07 11:30:00-05:00,8.300000190734863,8.319999694824219,8.260000228881836,8.29010009765625,32955,0.0,0.0,0.0
2024-02-07 12:30:00-05:00,8.289999961853027,8.371600151062012,8.24020004272461,8.370100021362305,49795,0.0,0.0,0.0
2024-02-07 13:30:00-05:00,8.380000114440918,8.390000343322754,8.3100004196167,8.319999694824219,47254,0.0,0.0,0.0
2024-02-07 14:30:00-05:00,8.329999923706055,8.364999771118164,8.298399925231934,8.3100004196167,27440,0.0,0.0,0.0
2024-02-07 15:30:00-05:00,8.3100004196167,8.3100004196167,8.25529956817627,8.289999961853027,32199,0.0,0.0,0.0
2024-02-08 09:30:00-05:00,8.3100004196167,8.65999984741211,8.289999961853027,8.619999885559082,629623,0.0,0.0,0.0
2024-02-08 10:30:00-05:00,8.621199607849121,8.649999618530273,8.529999732971191,8.529999732971191,1256535,0.0,0.0,0.0
2024-02-08 11:30:00-05:00,8.510000228881836,8.639900207519531,8.510000228881836,8.609999656677246,222434,0.0,0.0,0.0
2024-02-08 12:30:00-05:00,8.604999542236328,8.630000114440918,8.558899879455566,8.630000114440918,126751,0.0,0.0,0.0
2024-02-08 13:30:00-05:00,8.630000114440918,8.667400360107422,8.600099563598633,8.640000343322754,142629,0.0,0.0,0.0
2024-02-08 14:30:00-05:00,8.640000343322754,8.6899995803833,8.600000381469727,8.652999877929688,222901,0.0,0.0,0.0
2024-02-08 15:30:00-05:00,8.649999618530273,8.675000190734863,8.600000381469727,8.65999984741211,439234,0.0,0.0,0.0
2024-02-09 09:30:00-05:00,8.710000038146973,8.789999961853027,8.600000381469727,8.760000228881836,233549,0.0,0.0,0.0
2024-02-09 10:30:00-05:00,8.759499549865723,8.800000190734863,8.65999984741211,8.6899995803833,158914,0.0,0.0,0.0
2024-02-09 11:30:00-05:00,8.704999923706055,8.869999885559082,8.690099716186523,8.869999885559082,158463,0.0,0.0,0.0
2024-02-09 12:30:00-05:00,8.864999771118164,8.997699737548828,8.850000381469727,8.990599632263184,119546,0.0,0.0,0.0
2024-02-09 13:30:00-05:00,9.0,9.020000457763672,8.949999809265137,9.005000114440918,215161,0.0,0.0,0.0
2024-02-09 14:30:00-05:00,9.0,9.039999961853027,8.9399995803833,8.999699592590332,116143,0.0,0.0,0.0
2024-02-09 15:30:00-05:00,8.994199752807617,9.020000457763672,8.970100402832031,9.010000228881836,155597,0.0,0.0,0.0
2024-02-12 09:30:00-05:00,9.0600004196167,9.444999694824219,9.029999732971191,9.420000076293945,519309,0.0,0.0,0.0
2024-02-12 10:30:00-05:00,9.420000076293945,9.510000228881836,9.420000076293945,9.499899864196777,290482,0.0,0.0,0.0
2024-02-12 11:30:00-05:00,9.510000228881836,9.579999923706055,9.489999771118164,9.512200355529785,188829,0.0,0.0,0.0
2024-02-12 12:30:00-05:00,9.5,9.619999885559082,9.479999542236328,9.579999923706055,97856,0.0,0.0,0.0
2024-02-12 13:30:00-05:00,9.579999923706055,9.619999885559082,9.479999542236328,9.53950023651123,139319,0.0,0.0,0.0
2024-02-12 14:30:00-05:00,9.529999732971191,9.589599609375,9.520000457763672,9.53969955444336,122336,0.0,0.0,0.0
2024-02-12 15:30:00-05:00,9.550000190734863,9.619999885559082,9.539999961853027,9.550000190734863,131703,0.0,0.0,0.0
2024-02-13 09:30:00-05:00,8.583900451660156,8.869199752807617,8.460000038146973,8.649999618530273,550731,0.0,0.0,0.0
2024-02-13 10:30:00-05:00,8.670000076293945,8.890600204467773,8.600000381469727,8.86970043182373,169495,0.0,0.0,0.0
2024-02-13 11:30:00-05:00,8.875,8.929900169372559,8.800000190734863,8.82979965209961,90021,0.0,0.0,0.0
2024-02-13 12:30:00-05:00,8.8302001953125,8.887900352478027,8.819999694824219,8.869999885559082,45746,0.0,0.0,0.0
2024-02-13 13:30:00-05:00,8.875,8.875,8.620100021362305,8.65999984741211,122535,0.0,0.0,0.0
2024-02-13 14:30:00-05:00,8.651599884033203,8.721599578857422,8.510000228881836,8.529999732971191,88253,0.0,0.0,0.0
2024-02-13 15:30:00-05:00,8.529999732971191,8.720000267028809,8.529999732971191,8.710000038146973,149988,0.0,0.0,0.0
2024-02-14 09:30:00-05:00,8.970000267028809,8.994999885559082,8.720000267028809,8.850000381469727,195820,0.0,0.0,0.0
2024-02-14 10:30:00-05:00,8.819999694824219,8.859999656677246,8.680000305175781,8.830599784851074,128529,0.0,0.0,0.0
2024-02-14 11:30:00-05:00,8.829099655151367,8.861599922180176,8.739999771118164,8.859999656677246,57354,0.0,0.0,0.0
2024-02-14 12:30:00-05:00,8.850000381469727,8.930000305175781,8.835000038146973,8.885000228881836,42367,0.0,0.0,0.0
2024-02-14 13:30:00-05:00,8.890000343322754,9.03499984741211,8.869999885559082,9.03499984741211,70119,0.0,0.0,0.0
2024-02-14 14:30:00-05:00,9.029899597167969,9.130000114440918,9.0,9.09000015258789,56635,0.0,0.0,0.0
2024-02-14 15:30:00-05:00,9.100000381469727,9.100000381469727,9.03499984741211,9.069999694824219,54439,0.0,0.0,0.0
2024-02-15 09:30:00-05:00,9.140000343322754,9.470000267028809,9.140000343322754,9.350000381469727,245510,0.0,0.0,0.0
2024-02-15 10:30:00-05:00,9.350000381469727,9.350299835205078,9.199999809265137,9.329999923706055,91763,0.0,0.0,0.0
2024-02-15 11:30:00-05:00,9.319999694824219,9.420000076293945,9.309900283813477,9.389900207519531,37465,0.0,0.0,0.0
2024-02-15 12:30:00-05:00,9.380000114440918,9.40999984741211,9.300000190734863,9.399999618530273,44475,0.0,0.0,0.0
2024-02-15 13:30:00-05:00,9.40999984741211,9.460000038146973,9.38010025024414,9.4399995803833,70180,0.0,0.0,0.0
2024-02-15 14:30:00-05:00,9.4399995803833,9.450799942016602,9.335000038146973,9.399999618530273,79196,0.0,0.0,0.0
2024-02-15 15:30:00-05:00,9.40999984741211,9.4399995803833,9.381199836730957,9.430000305175781,47409,0.0,0.0,0.0
2024-02-16 09:30:00-05:00,9.100000381469727,9.399999618530273,9.039999961853027,9.289999961853027,448208,0.0,0.0,0.0
2024-02-16 10:30:00-05:00,9.289999961853027,9.404999732971191,9.244999885559082,9.380000114440918,81364,0.0,0.0,0.0
2024-02-16 11:30:00-05:00,9.399999618530273,9.414999961853027,9.324999809265137,9.399999618530273,60177,0.0,0.0,0.0
2024-02-16 12:30:00-05:00,9.40999984741211,9.4350004196167,9.338399887084961,9.430000305175781,41464,0.0,0.0,0.0
2024-02-16 13:30:00-05:00,9.430000305175781,9.510000228881836,9.411600112915039,9.489899635314941,97335,0.0,0.0,0.0
2024-02-16 14:30:00-05:00,9.479999542236328,9.479999542236328,9.298399925231934,9.335000038146973,96521,0.0,0.0,0.0
2024-02-16 15:30:00-05:00,9.34000015258789,9.350000381469727,9.239999771118164,9.260000228881836,84315,0.0,0.0,0.0
2024-02-20 09:30:00-05:00,9.0600004196167,9.140000343322754,8.991000175476074,9.079999923706055,135977,0.0,0.0,0.0
2024-02-20 10:30:00-05:00,9.079999923706055,9.161600112915039,9.015000343322754,9.140000343322754,59117,0.0,0.0,0.0
2024-02-20 11:30:00-05:00,9.140000343322754,9.140000343322754,8.989999771118164,9.0,29519,0.0,0.0,0.0
2024-02-20 12:30:00-05:00,9.0,9.080599784851074,8.979999542236328,9.029999732971191,37413,0.0,0.0,0.0
2024-02-20 13:30:00-05:00,9.039999961853027,9.081600189208984,9.010000228881836,9.055000305175781,18382,0.0,0.0,0.0
2024-02-20 14:30:00-05:00,9.050000190734863,9.09689998626709,9.039999961853027,9.09000015258789,18862,0.0,0.0,0.0
2024-02-20 15:30:00-05:00,9.095000267028809,9.095000267028809,8.996899604797363,9.0600004196167,51488,0.0,0.0,0.0
2024-02-21 09:30:00-05:00,8.960000038146973,9.095000267028809,8.869999885559082,9.05840015411377,139286,0.0,0.0,0.0
2024-02-21 10:30:00-05:00,9.0600004196167,9.130000114440918,8.970000267028809,9.050000190734863,55283,0.0,0.0,0.0
2024-02-21 11:30:00-05:00,9.029999732971191,9.050000190734863,8.960000038146973,8.970600128173828,38430,0.0,0.0,0.0
2024-02-21 12:30:00-05:00,8.970000267028809,9.039999961853027,8.958399772644043,9.029999732971191,24823,0.0,0.0,0.0
2024-02-21 13:30:00-05:00,9.045000076293945,9.050000190734863,8.869999885559082,8.920000076293945,55353,0.0,0.0,0.0
2024-02-21 14:30:00-05:00,8.914999961853027,8.920000076293945,8.795000076293945,8.819999694824219,84736,0.0,0.0,0.0
2024-02-21 15:30:00-05:00,8.84939956665039,8.944999694824219,8.84939956665039,8.930000305175781,42048,0.0,0.0,0.0
2024-02-22 09:30:00-05:00,9.010000228881836,9.119999885559082,8.899999618530273,9.029999732971191,106087,0.0,0.0,0.0
2024-02-22 10:30:00-05:00,9.015000343322754,9.114999771118164,8.979999542236328,9.109999656677246,65793,0.0,0.0,0.0
2024-02-22 11:30:00-05:00,9.110099792480469,9.170000076293945,9.109999656677246,9.159600257873535,48331,0.0,0.0,0.0
2024-02-22 12:30:00-05:00,9.15999984741211,9.1899995803833,9.135000228881836,9.145000457763672,12675,0.0,0.0,0.0
2024-02-22 13:30:00-05:00,9.160200119018555,9.219900131225586,9.160200119018555,9.199999809265137,68911,0.0,0.0,0.0
2024-02-22 14:30:00-05:00,9.199999809265137,9.199999809265137,9.100000381469727,9.149999618530273,52311,0.0,0.0,0.0
2024-02-22 15:30:00-05:00,9.132100105285645,9.194999694824219,9.132100105285645,9.149999618530273,48249,0.0,0.0,0.0
2024-02-23 09:30:00-05:00,9.369999885559082,9.614999771118164,9.34000015258789,9.581100463867188,372605,0.0,0.0,0.0
2024-02-23 10:30:00-05:00,9.5600004196167,9.670000076293945,9.510000228881836,9.628999710083008,208192,0.0,0.0,0.0
2024-02-23 11:30:00-05:00,9.619999885559082,9.770000457763672,9.58180046081543,9.729999542236328,103429,0.0,0.0,0.0
2024-02-23 12:30:00-05:00,9.720000267028809,9.739999771118164,9.6899995803833,9.726300239562988,93243,0.0,0.0,0.0
2024-02-23 13:30:00-05:00,9.740300178527832,9.747699737548828,9.630000114440918,9.650400161743164,52066,0.0,0.0,0.0
2024-02-23 14:30:00-05:00,9.649999618530273,9.6850004196167,9.641900062561035,9.65999984741211,66526,0.0,0.0,0.0
2024-02-23 15:30:00-05:00,9.65999984741211,9.710000038146973,9.649999618530273,9.649999618530273,153228,0.0,0.0,0.0
2024-02-26 09:30:00-05:00,9.630000114440918,9.880000114440918,9.569999694824219,9.8100004196167,222864,0.0,0.0,0.0
2024-02-26 10:30:00-05:00,9.819999694824219,9.84000015258789,9.75,9.777099609375,60759,0.0,0.0,0.0
2024-02-26 11:30:00-05:00,9.774999618530273,9.829999923706055,9.75,9.805000305175781,45653,0.0,0.0,0.0
2024-02-26 12:30:00-05:00,9.8100004196167,9.8100004196167,9.618000030517578,9.640000343322754,44030,0.0,0.0,0.0
2024-02-26 13:30:00-05:00,9.61769962310791,9.750399589538574,9.595000267028809,9.739999771118164,63657,0.0,0.0,0.0
2024-02-26 14:30:00-05:00,9.75,9.819999694824219,9.720000267028809,9.779999732971191,50284,0.0,0.0,0.0
2024-02-26 15:30:00-05:00,9.779999732971191,9.800000190734863,9.710000038146973,9.710000038146973,33209,0.0,0.0,0.0
2024-02-27 09:30:00-05:00,9.979999542236328,10.350000381469727,9.979999542236328,10.350000381469727,321662,0.0,0.0,0.0
2024-02-27 10:30:00-05:00,10.35990047454834,10.425000190734863,10.300000190734863,10.390199661254883,103449,0.0,0.0,0.0
2024-02-27 11:30:00-05:00,10.390000343322754,10.5,10.390000343322754,10.430000305175781,107325,0.0,0.0,0.0
2024-02-27 12:30:00-05:00,10.421699523925781,10.460000038146973,10.350000381469727,10.399999618530273,92117,0.0,0.0,0.0
2024-02-27 13:30:00-05:00,10.390000343322754,10.420000076293945,10.350000381469727,10.368900299072266,45771,0.0,0.0,0.0
2024-02-27 14:30:00-05:00,10.385000228881836,10.459799766540527,10.335000038146973,10.438400268554688,73631,0.0,0.0,0.0
2024-02-27 15:30:00-05:00,10.4399995803833,10.467300415039062,10.40999984741211,10.420000076293945,71822,0.0,0.0,0.0
2024-02-28 09:30:00-05:00,10.229999542236328,10.390000343322754,10.130000114440918,10.239999771118164,207798,0.0,0.0,0.0
2024-02-28 10:30:00-05:00,10.241900444030762,10.380000114440918,10.239999771118164,10.289999961853027,59709,0.0,0.0,0.0
2024-02-28 11:30:00-05:00,10.289999961853027,10.329999923706055,10.23900032043457,10.25,46654,0.0,0.0,0.0
2024-02-28 12:30:00-05:00,10.229999542236328,10.279999732971191,10.187600135803223,10.276000022888184,44439,0.0,0.0,0.0
2024-02-28 13:30:00-05:00,10.279999732971191,10.300000190734863,10.180000305175781,10.25,184890,0.0,0.0,0.0
2024-02-28 14:30:00-05:00,10.239999771118164,10.260000228881836,10.180000305175781,10.210000038146973,31389,0.0,0.0,0.0
2024-02-28 15:30:00-05:00,10.199899673461914,10.199899673461914,10.11989974975586,10.149999618530273,41696,0.0,0.0,0.0
2024-02-29 09:30:00-05:00,10.470000267028809,10.529999732971191,10.269700050354004,10.359999656677246,225621,0.0,0.0,0.0
2024-02-29 10:30:00-05:00,10.380000114440918,10.40999984741211,10.270000457763672,10.279999732971191,59233,0.0,0.0,0.0
2024-02-29 11:30:00-05:00,10.25,10.399999618530273,10.140000343322754,10.222399711608887,57433,0.0,0.0,0.0
2024-02-29 12:30:00-05:00,10.220000267028809,10.290399551391602,10.209699630737305,10.25,40401,0.0,0.0,0.0
2024-02-29 13:30:00-05:00,10.25,10.28499984741211,10.199999809265137,10.207599639892578,78160,0.0,0.0,0.0
2024-02-29 14:30:00-05:00,10.229999542236328,10.260000228881836,10.1850004196167,10.244999885559082,20271,0.0,0.0,0.0
2024-02-29 15:30:00-05:00,10.260000228881836,10.395999908447266,10.25,10.329999923706055,51565,0.0,0.0,0.0
2024-03-01 09:30:00-05:00,10.350000381469727,10.470000267028809,10.079899787902832,10.430000305175781,132646,0.0,0.0,0.0
2024-03-01 10:30:00-05:00,10.4399995803833,10.59000015258789,10.350000381469727,10.469099998474121,138444,0.0,0.0,0.0
2024-03-01 11:30:00-05:00,10.45009994506836,10.560199737548828,10.430000305175781,10.50979995727539,40638,0.0,0.0,0.0
2024-03-01 12:30:00-05:00,10.494999885559082,10.520000457763672,10.430000305175781,10.444999694824219,47199,0.0,0.0,0.0
2024-03-01 13:30:00-05:00,10.4399995803833,10.545000076293945,10.430000305175781,10.51669979095459,22426,0.0,0.0,0.0
2024-03-01 14:30:00-05:00,10.529999732971191,10.529999732971191,10.46500015258789,10.489999771118164,45562,0.0,0.0,0.0
2024-03-01 15:30:00-05:00,10.5,10.5649995803833,10.470000267028809,10.550000190734863,35659,0.0,0.0,0.0
2024-03-04 09:30:00-05:00,10.649999618530273,10.779999732971191,10.550000190734863,10.587699890136719,173516,0.0,0.0,0.0
2024-03-04 10:30:00-05:00,10.59000015258789,10.720000267028809,10.520000457763672,10.670499801635742,55400,0.0,0.0,0.0
2024-03-04 11:30:00-05:00,10.670000076293945,10.68809986114502,10.579999923706055,10.59000015258789,56679,0.0,0.0,0.0
2024-03-04 12:30:00-05:00,10.609999656677246,10.609999656677246,10.522299766540527,10.539999961853027,20971,0.0,0.0,0.0
2024-03-04 13:30:00-05:00,10.550000190734863,10.560099601745605,10.5201997756958,10.529999732971191,18530,0.0,0.0,0.0
2024-03-04 14:30:00-05:00,10.539999961853027,10.600000381469727,10.510000228881836,10.510000228881836,30451,0.0,0.0,0.0
2024-03-04 15:30:00-05:00,10.5,10.510000228881836,10.420000076293945,10.420000076293945,50219,0.0,0.0,0.0
2024-03-05 09:30:00-05:00,10.300000190734863,10.5201997756958,10.25,10.454999923706055,126432,0.0,0.0,0.0
2024-03-05 10:30:00-05:00,10.4399995803833,10.529999732971191,10.395000457763672,10.430000305175781,84055,0.0,0.0,0.0
2024-03-05 11:30:00-05:00,10.429400444030762,10.600199699401855,10.390000343322754,10.600199699401855,51628,0.0,0.0,0.0
2024-03-05 12:30:00-05:00,10.600000381469727,10.649999618530273,10.579999923706055,10.625,37317,0.0,0.0,0.0
2024-03-05 13:30:00-05:00,10.619999885559082,10.640000343322754,10.546299934387207,10.579999923706055,15349,0.0,0.0,0.0
2024-03-05 14:30:00-05:00,10.579999923706055,10.579999923706055,10.380000114440918,10.390000343322754,63735,0.0,0.0,0.0
2024-03-05 15:30:00-05:00,10.380000114440918,10.458600044250488,10.380000114440918,10.390000343322754,58882,0.0,0.0,0.0
2024-03-06 09:30:00-05:00,10.4399995803833,10.44789981842041,10.000699996948242,10.029899597167969,258443,0.0,0.0,0.0
2024-03-06 10:30:00-05:00,10.010000228881836,10.164999961853027,10.010000228881836,10.100000381469727,77123,0.0,0.0,0.0
2024-03-06 11:30:00-05:00,10.109800338745117,10.152299880981445,10.029999732971191,10.110099792480469,47153,0.0,0.0,0.0
2024-03-06 12:30:00-05:00,10.119999885559082,10.119999885559082,9.949999809265137,10.001399993896484,56183,0.0,0.0,0.0
2024-03-06 13:30:00-05:00,9.989999771118164,9.989999771118164,9.789999961853027,9.95460033416748,101457,0.0,0.0,0.0
2024-03-06 14:30:00-05:00,9.961199760437012,9.96500015258789,9.84000015258789,9.899999618530273,82618,0.0,0.0,0.0
2024-03-06 15:30:00-05:00,9.907699584960938,9.919899940490723,9.8100004196167,9.90999984741211,55461,0.0,0.0,0.0
2024-03-07 09:30:00-05:00,10.0,10.319999694824219,9.970000267028809,10.07409954071045,214464,0.0,0.0,0.0
2024-03-07 10:30:00-05:00,10.079999923706055,10.09119987487793,10.010000228881836,10.03499984741211,50441,0.0,0.0,0.0
2024-03-07 11:30:00-05:00,10.010000228881836,10.010000228881836,9.949999809265137,9.970000267028809,29199,0.0,0.0,0.0
2024-03-07 12:30:00-05:00,9.96500015258789,10.030500411987305,9.95110034942627,10.030500411987305,17137,0.0,0.0,0.0
2024-03-07 13:30:00-05:00,10.050000190734863,10.062299728393555,10.005000114440918,10.020000457763672,37474,0.0,0.0,0.0
2024-03-07 14:30:00-05:00,10.020000457763672,10.088500022888184,9.989999771118164,10.020000457763672,12055,0.0,0.0,0.0
2024-03-07 15:30:00-05:00,10.010000228881836,10.040300369262695,9.954999923706055,9.989999771118164,64020,0.0,0.0,0.0
2024-03-08 09:30:00-05:00,10.170000076293945,10.369999885559082,10.170000076293945,10.232099533081055,84339,0.0,0.0,0.0
2024-03-08 10:30:00-05:00,10.199999809265137,10.279999732971191,10.039999961853027,10.039999961853027,93338,0.0,0.0,0.0
2024-03-08 11:30:00-05:00,10.032299995422363,10.100000381469727,9.899999618530273,9.949999809265137,43491,0.0,0.0,0.0
2024-03-08 12:30:00-05:00,9.960000038146973,9.994999885559082,9.805000305175781,9.854999542236328,35756,0.0,0.0,0.0
2024-03-08 13:30:00-05:00,9.842300415039062,9.930000305175781,9.770000457763672,9.930000305175781,45768,0.0,0.0,0.0
2024-03-08 14:30:00-05:00,9.960000038146973,9.994999885559082,9.899999618530273,9.899999618530273,15756,0.0,0.0,0.0
2024-03-08 15:30:00-05:00,9.887800216674805,9.979999542236328,9.875,9.949999809265137,42303,0.0,0.0,0.0
2024-03-11 09:30:00-04:00,9.859999656677246,10.020000457763672,9.65999984741211,9.689800262451172,85105,0.0,0.0,0.0
2024-03-11 10:30:00-04:00,9.710000038146973,9.75,9.609999656677246,9.670000076293945,25724,0.0,0.0,0.0
2024-03-11 11:30:00-04:00,9.640000343322754,9.768899917602539,9.640000343322754,9.748800277709961,25893,0.0,0.0,0.0
2024-03-11 12:30:00-04:00,9.760000228881836,9.819999694824219,9.75,9.770000457763672,14853,0.0,0.0,0.0
2024-03-11 13:30:00-04:00,9.779999732971191,9.800000190734863,9.720000267028809,9.78499984741211,8903,0.0,0.0,0.0
2024-03-11 14:30:00-04:00,9.779999732971191,9.80109977722168,9.75,9.75,8678,0.0,0.0,0.0
2024-03-11 15:30:00-04:00,9.755000114440918,9.8100004196167,9.729999542236328,9.800000190734863,27224,0.0,0.0,0.0
2024-03-12 09:30:00-04:00,9.819999694824219,10.010000228881836,9.74489974975586,9.970000267028809,132898,0.0,0.0,0.0
2024-03-12 10:30:00-04:00,9.997699737548828,10.069999694824219,9.970000267028809,10.044699668884277,37268,0.0,0.0,0.0
2024-03-12 11:30:00-04:00,10.039999961853027,10.045000076293945,9.890000343322754,9.899999618530273,14850,0.0,0.0,0.0
2024-03-12 12:30:00-04:00,9.880000114440918,9.888500213623047,9.750100135803223,9.8100004196167,26072,0.0,0.0,0.0
2024-03-12 13:30:00-04:00,9.8100004196167,9.880000114440918,9.795000076293945,9.880000114440918,7133,0.0,0.0,0.0
2024-03-12 14:30:00-04:00,9.880000114440918,9.920999526977539,9.850000381469727,9.920999526977539,11303,0.0,0.0,0.0
2024-03-12 15:30:00-04:00,9.897700309753418,9.897700309753418,9.84000015258789,9.850000381469727,15844,0.0,0.0,0.0
2024-03-13 09:30:00-04:00,9.739999771118164,10.085000038146973,9.739999771118164,10.07229995727539,58322,0.0,0.0,0.0
2024-03-13 10:30:00-04:00,10.050000190734863,10.074999809265137,9.924599647521973,10.039999961853027,35628,0.0,0.0,0.0
2024-03-13 11:30:00-04:00,10.03499984741211,10.15999984741211,10.030099868774414,10.15999984741211,21176,0.0,0.0,0.0
2024-03-13 12:30:00-04:00,10.140000343322754,10.172300338745117,10.121899604797363,10.15999984741211,20667,0.0,0.0,0.0
2024-03-13 13:30:00-04:00,10.149100303649902,10.149999618530273,10.087699890136719,10.100000381469727,11758,0.0,0.0,0.0
2024-03-13 14:30:00-04:00,10.109999656677246,10.109999656677246,9.949999809265137,9.949999809265137,14327,0.0,0.0,0.0
2024-03-13 15:30:00-04:00,9.974900245666504,10.089900016784668,9.974900245666504,10.069999694824219,25127,0.0,0.0,0.0
2024-03-14 09:30:00-04:00,10.170000076293945,10.25,9.819999694824219,9.859999656677246,134484,0.0,0.0,0.0
2024-03-14 10:30:00-04:00,9.930000305175781,9.930000305175781,9.770000457763672,9.7923002243042,33585,0.0,0.0,0.0
2024-03-14 11:30:00-04:00,9.789999961853027,9.862299919128418,9.770000457763672,9.850000381469727,17832,0.0,0.0,0.0
2024-03-14 12:30:00-04:00,9.850000381469727,9.862299919128418,9.711799621582031,9.711799621582031,20034,0.0,0.0,0.0
2024-03-14 13:30:00-04:00,9.699999809265137,9.829999923706055,9.6899995803833,9.75,20127,0.0,0.0,0.0
2024-03-14 14:30:00-04:00,9.739999771118164,9.75,9.60770034790039,9.630000114440918,70998,0.0,0.0,0.0
2024-03-14 15:30:00-04:00,9.63230037689209,9.789999961853027,9.550000190734863,9.779999732971191,58842,0.0,0.0,0.0
2024-03-15 09:30:00-04:00,9.59000015258789,9.970000267028809,9.581399917602539,9.90999984741211,63460,0.0,0.0,0.0
2024-03-15 10:30:00-04:00,9.90999984741211,10.010000228881836,9.899999618530273,9.930000305175781,37092,0.0,0.0,0.0
2024-03-15 11:30:00-04:00,9.9350004196167,9.9399995803833,9.890000343322754,9.90999984741211,29554,0.0,0.0,0.0
2024-03-15 12:30:00-04:00,9.930000305175781,9.949999809265137,9.819999694824219,9.824999809265137,16605,0.0,0.0,0.0
2024-03-15 13:30:00-04:00,9.819999694824219,9.859999656677246,9.800000190734863,9.800000190734863,13303,0.0,0.0,0.0
2024-03-15 14:30:00-04:00,9.824899673461914,9.88010025024414,9.800000190734863,9.800000190734863,23687,0.0,0.0,0.0
2024-03-15 15:30:00-04:00,9.78499984741211,9.930000305175781,9.779999732971191,9.90999984741211,36580,0.0,0.0,0.0
2024-03-18 09:30:00-04:00,9.979999542236328,9.979999542236328,9.6766996383667,9.84000015258789,101821,0.0,0.0,0.0
2024-03-18 10:30:00-04:00,9.844900131225586,9.989899635314941,9.844900131225586,9.949999809265137,65752,0.0,0.0,0.0
2024-03-18 11:30:00-04:00,9.954999923706055,10.002099990844727,9.90999984741211,9.982000350952148,19558,0.0,0.0,0.0
2024-03-18 12:30:00-04:00,9.979499816894531,10.020000457763672,9.95989990234375,9.975000381469727,17538,0.0,0.0,0.0
2024-03-18 13:30:00-04:00,9.960000038146973,10.0600004196167,9.960000038146973,10.0177001953125,13137,0.0,0.0,0.0
2024-03-18 14:30:00-04:00,10.020000457763672,10.0423002243042,9.979999542236328,10.010000228881836,11776,0.0,0.0,0.0
2024-03-18 15:30:00-04:00,9.999300003051758,10.010000228881836,9.899999618530273,9.920000076293945,13482,0.0,0.0,0.0
2024-03-19 09:30:00-04:00,9.75,10.020000457763672,9.75,9.869999885559082,100442,0.0,0.0,0.0
2024-03-19 10:30:00-04:00,9.880000114440918,9.960000038146973,9.880000114440918,9.949999809265137,18519,0.0,0.0,0.0
2024-03-19 11:30:00-04:00,9.949999809265137,10.045000076293945,9.949999809265137,10.045000076293945,13601,0.0,0.0,0.0
2024-03-19 12:30:00-04:00,10.029999732971191,10.100000381469727,10.029999732971191,10.069999694824219,20610,0.0,0.0,0.0
2024-03-19 13:30:00-04:00,10.074899673461914,10.100099563598633,10.048399925231934,10.100000381469727,24392,0.0,0.0,0.0
2024-03-19 14:30:00-04:00,10.098299980163574,10.119999885559082,10.0,10.04580020904541,94952,0.0,0.0,0.0
2024-03-19 15:30:00-04:00,10.03499984741211,10.119999885559082,10.03499984741211,10.09000015258789,28577,0.0,0.0,0.0
2024-03-20 09:30:00-04:00,10.039999961853027,10.1899995803833,10.020000457763672,10.180000305175781,107502,0.0,0.0,0.0
2024-03-20 10:30:00-04:00,10.199999809265137,10.21500015258789,10.140000343322754,10.201299667358398,31488,0.0,0.0,0.0
2024-03-20 11:30:00-04:00,10.1899995803833,10.1899995803833,10.128999710083008,10.128999710083008,15946,0.0,0.0,0.0
2024-03-20 12:30:00-04:00,10.145000457763672,10.170000076293945,10.109999656677246,10.130000114440918,6796,0.0,0.0,0.0
2024-03-20 13:30:00-04:00,10.112299919128418,10.40999984741211,10.100000381469727,10.300000190734863,78738,0.0,0.0,0.0
2024-03-20 14:30:00-04:00,10.289999961853027,10.550000190734863,10.170000076293945,10.549799919128418,140853,0.0,0.0,0.0
2024-03-20 15:30:00-04:00,10.550000190734863,10.635000228881836,10.510000228881836,10.625,68439,0.0,0.0,0.0
2024-03-21 09:30:00-04:00,10.539999961853027,11.009900093078613,10.529999732971191,11.00879955291748,248983,0.0,0.0,0.0
2024-03-21 10:30:00-04:00,11.0,11.069899559020996,10.949999809265137,10.982399940490723,130236,0.0,0.0,0.0
2024-03-21 11:30:00-04:00,10.975000381469727,11.030099868774414,10.920000076293945,10.986300468444824,42574,0.0,0.0,0.0
2024-03-21 12:30:00-04:00,10.999300003051758,11.0600004196167,10.960000038146973,11.015000343322754,22245,0.0,0.0,0.0
2024-03-21 13:30:00-04:00,11.005000114440918,11.061699867248535,10.979999542236328,11.0600004196167,24823,0.0,0.0,0.0
2024-03-21 14:30:00-04:00,11.0600004196167,11.0600004196167,10.975000381469727,11.015000343322754,36089,0.0,0.0,0.0
2024-03-21 15:30:00-04:00,11.0,11.0,10.90999984741211,10.970000267028809,61343,0.0,0.0,0.0
2024-03-22 09:30:00-04:00,10.90999984741211,10.920000076293945,10.654999732971191,10.710000038146973,158243,0.0,0.0,0.0
2024-03-22 10:30:00-04:00,10.720000267028809,10.729999542236328,10.619999885559082,10.725000381469727,44292,0.0,0.0,0.0
2024-03-22 11:30:00-04:00,10.729999542236328,10.729999542236328,10.648900032043457,10.670000076293945,21601,0.0,0.0,0.0
2024-03-22 12:30:00-04:00,10.657999992370605,10.6899995803833,10.640000343322754,10.680000305175781,16228,0.0,0.0,0.0
2024-03-22 13:30:00-04:00,10.670000076293945,10.694999694824219,10.66469955444336,10.6899995803833,29149,0.0,0.0,0.0
2024-03-22 14:30:00-04:00,10.670000076293945,10.670000076293945,10.579999923706055,10.600000381469727,21890,0.0,0.0,0.0
2024-03-22 15:30:00-04:00,10.60990047454834,10.609999656677246,10.5600004196167,10.5600004196167,19683,0.0,0.0,0.0
2024-03-25 09:30:00-04:00,10.65999984741211,10.84000015258789,10.59000015258789,10.59000015258789,49671,0.0,0.0,0.0
2024-03-25 10:30:00-04:00,10.600000381469727,10.61240005493164,10.488800048828125,10.5,25089,0.0,0.0,0.0
2024-03-25 11:30:00-04:00,10.5,10.52239990234375,10.4399995803833,10.460100173950195,34578,0.0,0.0,0.0
2024-03-25 12:30:00-04:00,10.472399711608887,10.47760009765625,10.41759967803955,10.441100120544434,16349,0.0,0.0,0.0
2024-03-25 13:30:00-04:00,10.430100440979004,10.447600364685059,10.399999618530273,10.40999984741211,25610,0.0,0.0,0.0
2024-03-25 14:30:00-04:00,10.411199569702148,10.444999694824219,10.338800430297852,10.359999656677246,11172,0.0,0.0,0.0
2024-03-25 15:30:00-04:00,10.359999656677246,10.371299743652344,10.279999732971191,10.279999732971191,14278,0.0,0.0,0.0
2024-03-26 09:30:00-04:00,10.479999542236328,10.510000228881836,10.34000015258789,10.479999542236328,36786,0.0,0.0,0.0
2024-03-26 10:30:00-04:00,10.479999542236328,10.501099586486816,10.447600364685059,10.47029972076416,20690,0.0,0.0,0.0
2024-03-26 11:30:00-04:00,10.467599868774414,10.579999923706055,10.460000038146973,10.569999694824219,16842,0.0,0.0,0.0
2024-03-26 12:30:00-04:00,10.569999694824219,10.590100288391113,10.5600004196167,10.579999923706055,9683,0.0,0.0,0.0
2024-03-26 13:30:00-04:00,10.569999694824219,10.569999694824219,10.489999771118164,10.545000076293945,9422,0.0,0.0,0.0
2024-03-26 14:30:00-04:00,10.542400360107422,10.545000076293945,10.449999809265137,10.460000038146973,20854,0.0,0.0,0.0
2024-03-26 15:30:00-04:00,10.452400207519531,10.472599983215332,10.399999618530273,10.399999618530273,21341,0.0,0.0,0.0
2024-03-27 09:30:00-04:00,10.510000228881836,10.770000457763672,10.510000228881836,10.729999542236328,54273,0.0,0.0,0.0
2024-03-27 10:30:00-04:00,10.755000114440918,10.859800338745117,10.755000114440918,10.845000267028809,37164,0.0,0.0,0.0
2024-03-27 11:30:00-04:00,10.850000381469727,10.869999885559082,10.779999732971191,10.8100004196167,26388,0.0,0.0,0.0
2024-03-27 12:30:00-04:00,10.829999923706055,10.920100212097168,10.829999923706055,10.90999984741211,14517,0.0,0.0,0.0
2024-03-27 13:30:00-04:00,10.90999984741211,10.95930004119873,10.904999732971191,10.95930004119873,36708,0.0,0.0,0.0
2024-03-27 14:30:00-04:00,10.949999809265137,10.954999923706055,10.920000076293945,10.930000305175781,29302,0.0,0.0,0.0
2024-03-27 15:30:00-04:00,10.930000305175781,11.010000228881836,10.920000076293945,11.005000114440918,42615,0.0,0.0,0.0
2024-03-28 09:30:00-04:00,11.079999923706055,11.279999732971191,10.899999618530273,11.22249984741211,135269,0.0,0.0,0.0
2024-03-28 10:30:00-04:00,11.229999542236328,11.270000457763672,11.168299674987793,11.262100219726562,34883,0.0,0.0,0.0
2024-03-28 11:30:00-04:00,11.274999618530273,11.3100004196167,11.261199951171875,11.279999732971191,55074,0.0,0.0,0.0
2024-03-28 12:30:00-04:00,11.260000228881836,11.260000228881836,11.188899993896484,11.210000038146973,42716,0.0,0.0,0.0
2024-03-28 13:30:00-04:00,11.21500015258789,11.229999542236328,11.1850004196167,11.199999809265137,13281,0.0,0.0,0.0
2024-03-28 14:30:00-04:00,11.1899995803833,11.244999885559082,11.147500038146973,11.225000381469727,39407,0.0,0.0,0.0
2024-03-28 15:30:00-04:00,11.229999542236328,11.300000190734863,11.220000267028809,11.270000457763672,65873,0.0,0.0,0.0
2024-04-01 09:30:00-04:00,11.279999732971191,11.399999618530273,11.09000015258789,11.09000015258789,119470,0.0,0.0,0.0
2024-04-01 10:30:00-04:00,11.09000015258789,11.199999809265137,11.079999923706055,11.119999885559082,35527,0.0,0.0,0.0
2024-04-01 11:30:00-04:00,11.109999656677246,11.119999885559082,11.029999732971191,11.079999923706055,23130,0.0,0.0,0.0
2024-04-01 12:30:00-04:00,11.069999694824219,11.119999885559082,11.0600004196167,11.100000381469727,16747,0.0,0.0,0.0
2024-04-01 13:30:00-04:00,11.109999656677246,11.119999885559082,11.050000190734863,11.0600004196167,21316,0.0,0.0,0.0
2024-04-01 14:30:00-04:00,11.074999809265137,11.074999809265137,11.0,11.039899826049805,17550,0.0,0.0,0.0
2024-04-01 15:30:00-04:00,11.050000190734863,11.069999694824219,11.010000228881836,11.039999961853027,34854,0.0,0.0,0.0
2024-04-02 09:30:00-04:00,10.670000076293945,10.670000076293945,10.199999809265137,10.229999542236328,171016,0.0,0.0,0.0
2024-04-02 10:30:00-04:00,10.220100402832031,10.222399711608887,10.119999885559082,10.150099754333496,64376,0.0,0.0,0.0
2024-04-02 11:30:00-04:00,10.149999618530273,10.149999618530273,10.0600004196167,10.09000015258789,50694,0.0,0.0,0.0
2024-04-02 12:30:00-04:00,10.09000015258789,10.095000267028809,10.047599792480469,10.069899559020996,18475,0.0,0.0,0.0
2024-04-02 13:30:00-04:00,10.069999694824219,10.069999694824219,10.0,10.010000228881836,113277,0.0,0.0,0.0
2024-04-02 14:30:00-04:00,10.007599830627441,10.069899559020996,10.007599830627441,10.050000190734863,54092,0.0,0.0,0.0
2024-04-02 15:30:00-04:00,10.059900283813477,10.109999656677246,10.039999961853027,10.100000381469727,97127,0.0,0.0,0.0
2024-04-03 09:30:00-04:00,10.029999732971191,10.069999694824219,9.859999656677246,9.920000076293945,122673,0.0,0.0,0.0
2024-04-03 10:30:00-04:00,9.930000305175781,10.0600004196167,9.90999984741211,10.039999961853027,52032,0.0,0.0,0.0
2024-04-03 11:30:00-04:00,10.050000190734863,10.050000190734863,9.81760025024414,9.880000114440918,48560,0.0,0.0,0.0
2024-04-03 12:30:00-04:00,9.869999885559082,9.931099891662598,9.829999923706055,9.890000343322754,52810,0.0,0.0,0.0
2024-04-03 13:30:00-04:00,9.890000343322754,9.892399787902832,9.850000381469727,9.880000114440918,38646,0.0,0.0,0.0
2024-04-03 14:30:00-04:00,9.854999542236328,9.869999885559082,9.730400085449219,9.739999771118164,93837,0.0,0.0,0.0
2024-04-03 15:30:00-04:00,9.75,9.831100463867188,9.739999771118164,9.798399925231934,46494,0.0,0.0,0.0
2024-04-04 09:30:00-04:00,10.079999923706055,10.100000381469727,9.789999961853027,9.84000015258789,72475,0.0,0.0,0.0
2024-04-04 10:30:00-04:00,9.839900016784668,9.890000343322754,9.729999542236328,9.734999656677246,21034,0.0,0.0,0.0
2024-04-04 11:30:00-04:00,9.739999771118164,9.79990005493164,9.72760009765625,9.770000457763672,35170,0.0,0.0,0.0
2024-04-04 12:30:00-04:00,9.774999618530273,9.83899974822998,9.753000259399414,9.828700065612793,26325,0.0,0.0,0.0
2024-04-04 13:30:00-04:00,9.822400093078613,9.824999809265137,9.569999694824219,9.569999694824219,30942,0.0,0.0,0.0
2024-04-04 14:30:00-04:00,9.550000190734863,9.550000190734863,9.349900245666504,9.359999656677246,178112,0.0,0.0,0.0
2024-04-04 15:30:00-04:00,9.359999656677246,9.40999984741211,9.302200317382812,9.375,56384,0.0,0.0,0.0
2024-04-05 09:30:00-04:00,9.319999694824219,9.479999542236328,9.3100004196167,9.369999885559082,97088,0.0,0.0,0.0
2024-04-05 10:30:00-04:00,9.350000381469727,9.470000267028809,9.350000381469727,9.460000038146973,71049,0.0,0.0,0.0
2024-04-05 11:30:00-04:00,9.460000038146973,9.539999961853027,9.460000038146973,9.524999618530273,39214,0.0,0.0,0.0
2024-04-05 12:30:00-04:00,9.5,9.5600004196167,9.449999809265137,9.479999542236328,38910,0.0,0.0,0.0
2024-04-05 13:30:00-04:00,9.484999656677246,9.505000114440918,9.380000114440918,9.399999618530273,60503,0.0,0.0,0.0
2024-04-05 14:30:00-04:00,9.399999618530273,9.454999923706055,9.390000343322754,9.449999809265137,59698,0.0,0.0,0.0
2024-04-05 15:30:00-04:00,9.454999923706055,9.470000267028809,9.422699928283691,9.449999809265137,44874,0.0,0.0,0.0
2024-04-08 09:30:00-04:00,9.569999694824219,9.75,9.522299766540527,9.58240032196045,82336,0.0,0.0,0.0
2024-04-08 10:30:00-04:00,9.57759952545166,9.630000114440918,9.552399635314941,9.604999542236328,19809,0.0,0.0,0.0
2024-04-08 11:30:00-04:00,9.609999656677246,9.625,9.57759952545166,9.614999771118164,10705,0.0,0.0,0.0
2024-04-08 12:30:00-04:00,9.614999771118164,9.664999961853027,9.614999771118164,9.640000343322754,19020,0.0,0.0,0.0
2024-04-08 13:30:00-04:00,9.649999618530273,9.670000076293945,9.604999542236328,9.621700286865234,8696,0.0,0.0,0.0
2024-04-08 14:30:00-04:00,9.602399826049805,9.610099792480469,9.562399864196777,9.579999923706055,7708,0.0,0.0,0.0
2024-04-08 15:30:00-04:00,9.585000038146973,9.592399597167969,9.484999656677246,9.510000228881836,18496,0.0,0.0,0.0
2024-04-09 09:30:00-04:00,9.579999923706055,9.710000038146973,9.41759967803955,9.467599868774414,80949,0.0,0.0,0.0
2024-04-09 10:30:00-04:00,9.45009994506836,9.479999542236328,9.3100004196167,9.470000267028809,21723,0.0,0.0,0.0
2024-04-09 11:30:00-04:00,9.475000381469727,9.537599563598633,9.437600135803223,9.532299995422363,14543,0.0,0.0,0.0
2024-04-09 12:30:00-04:00,9.52239990234375,9.529999732971191,9.430000305175781,9.5,7184,0.0,0.0,0.0
2024-04-09 13:30:00-04:00,9.520099639892578,9.520099639892578,9.427599906921387,9.430000305175781,6778,0.0,0.0,0.0
2024-04-09 14:30:00-04:00,9.430000305175781,9.484999656677246,9.36240005493164,9.484999656677246,14639,0.0,0.0,0.0
2024-04-09 15:30:00-04:00,9.489999771118164,9.520000457763672,9.479999542236328,9.515000343322754,23070,0.0,0.0,0.0
2024-04-10 09:30:00-04:00,9.0,9.08240032196045,8.800000190734863,9.050000190734863,115544,0.0,0.0,0.0
2024-04-10 10:30:00-04:00,9.029999732971191,9.149900436401367,8.989999771118164,9.050000190734863,41068,0.0,0.0,0.0
2024-04-10 11:30:00-04:00,9.020000457763672,9.020000457763672,8.9399995803833,8.960000038146973,9678,0.0,0.0,0.0
2024-04-10 12:30:00-04:00,8.957599639892578,9.0,8.869999885559082,8.967599868774414,16650,0.0,0.0,0.0
2024-04-10 13:30:00-04:00,8.92240047454834,8.930000305175781,8.779999732971191,8.779999732971191,29011,0.0,0.0,0.0
2024-04-10 14:30:00-04:00,8.777600288391113,8.930000305175781,8.777600288391113,8.909899711608887,0,0.0,0.0,0.0
2024-04-10 15:30:00-04:00,8.890999794006348,8.970000267028809,8.85990047454834,8.949999809265137,323762,0.0,0.0,0.0
2024-04-11 09:30:00-04:00,9.020000457763672,9.079999923706055,8.690999984741211,8.690999984741211,64097,0.0,0.0,0.0
2024-04-11 10:30:00-04:00,8.71500015258789,8.77239990234375,8.70110034942627,8.752400398254395,35189,0.0,0.0,0.0
2024-04-11 11:30:00-04:00,8.737600326538086,8.90999984741211,8.737600326538086,8.869999885559082,57718,0.0,0.0,0.0
2024-04-11 12:30:00-04:00,8.86240005493164,8.992400169372559,8.84000015258789,8.992400169372559,10515,0.0,0.0,0.0
2024-04-11 13:30:00-04:00,8.979999542236328,9.027600288391113,8.930000305175781,9.020000457763672,15161,0.0,0.0,0.0
2024-04-11 14:30:00-04:00,9.017600059509277,9.049200057983398,8.979999542236328,9.020000457763672,16862,0.0,0.0,0.0
2024-04-11 15:30:00-04:00,9.005000114440918,9.045000076293945,8.970000267028809,9.0,19902,0.0,0.0,0.0
2024-04-12 09:30:00-04:00,8.829999923706055,8.850000381469727,8.545000076293945,8.60990047454834,67685,0.0,0.0,0.0
2024-04-12 10:30:00-04:00,8.600000381469727,8.61989974975586,8.524999618530273,8.57919979095459,47402,0.0,0.0,0.0
2024-04-12 11:30:00-04:00,8.579999923706055,8.579999923706055,8.479999542236328,8.5,28460,0.0,0.0,0.0
2024-04-12 12:30:00-04:00,8.510000228881836,8.515000343322754,8.4399995803833,8.447600364685059,27107,0.0,0.0,0.0
2024-04-12 13:30:00-04:00,8.4399995803833,8.510000228881836,8.420000076293945,8.449899673461914,46711,0.0,0.0,0.0
2024-04-12 14:30:00-04:00,8.449999809265137,8.449999809265137,8.32759952545166,8.350000381469727,38367,0.0,0.0,0.0
2024-04-12 15:30:00-04:00,8.34000015258789,8.414999961853027,8.329999923706055,8.399999618530273,33914,0.0,0.0,0.0
2024-04-15 09:30:00-04:00,8.619999885559082,8.734999656677246,8.370800018310547,8.370800018310547,95431,0.0,0.0,0.0
2024-04-15 10:30:00-04:00,8.369999885559082,8.460000038146973,8.270000457763672,8.3100004196167,39984,0.0,0.0,0.0
2024-04-15 11:30:00-04:00,8.34000015258789,8.425000190734863,8.279999732971191,8.289999961853027,28147,0.0,0.0,0.0
2024-04-15 12:30:00-04:00,8.279999732971191,8.289999961853027,8.149999618530273,8.149999618530273,73593,0.0,0.0,0.0
2024-04-15 13:30:00-04:00,8.140000343322754,8.170000076293945,8.0649995803833,8.079999923706055,35558,0.0,0.0,0.0
2024-04-15 14:30:00-04:00,8.085000038146973,8.14109992980957,8.015000343322754,8.061800003051758,47027,0.0,0.0,0.0
2024-04-15 15:30:00-04:00,8.0600004196167,8.095000267028809,8.03499984741211,8.0600004196167,31790,0.0,0.0,0.0
2024-04-16 09:30:00-04:00,8.010000228881836,8.010000228881836,7.809999942779541,7.909999847412109,62532,0.0,0.0,0.0
2024-04-16 10:30:00-04:00,7.907599925994873,7.974999904632568,7.880000114440918,7.974999904632568,46072,0.0,0.0,0.0
2024-04-16 11:30:00-04:00,7.960000038146973,8.039999961853027,7.949999809265137,8.029999732971191,17385,0.0,0.0,0.0
2024-04-16 12:30:00-04:00,8.027600288391113,8.06760025024414,7.999899864196777,8.0600004196167,13298,0.0,0.0,0.0
2024-04-16 13:30:00-04:00,8.029999732971191,8.140000343322754,7.910099983215332,7.940000057220459,43423,0.0,0.0,0.0
2024-04-16 14:30:00-04:00,7.942500114440918,8.085100173950195,7.942500114440918,8.079999923706055,27090,0.0,0.0,0.0
2024-04-16 15:30:00-04:00,8.050000190734863,8.109999656677246,7.989999771118164,8.0649995803833,33591,0.0,0.0,0.0
2024-04-17 09:30:00-04:00,8.25,8.270000457763672,8.020000457763672,8.0600004196167,44679,0.0,0.0,0.0
2024-04-17 10:30:00-04:00,8.0,8.015000343322754,7.920000076293945,7.940000057220459,16263,0.0,0.0,0.0
2024-04-17 11:30:00-04:00,7.914999961853027,7.974999904632568,7.869999885559082,7.911300182342529,46062,0.0,0.0,0.0
2024-04-17 12:30:00-04:00,7.920000076293945,7.989699840545654,7.880000114440918,7.989699840545654,42497,0.0,0.0,0.0
2024-04-17 13:30:00-04:00,8.0,8.069700241088867,7.9629998207092285,8.0649995803833,18905,0.0,0.0,0.0
2024-04-17 14:30:00-04:00,8.057600021362305,8.144200325012207,7.949999809265137,7.989999771118164,16692,0.0,0.0,0.0
2024-04-17 15:30:00-04:00,8.0,8.024999618530273,7.954999923706055,7.954999923706055,37235,0.0,0.0,0.0
2024-04-18 09:30:00-04:00,8.0,8.149999618530273,7.989999771118164,8.109999656677246,62564,0.0,0.0,0.0
2024-04-18 10:30:00-04:00,8.107600212097168,8.260000228881836,8.09000015258789,8.199899673461914,42730,0.0,0.0,0.0
2024-04-18 11:30:00-04:00,8.1899995803833,8.210000038146973,8.140000343322754,8.170000076293945,29423,0.0,0.0,0.0
2024-04-18 12:30:00-04:00,8.169899940490723,8.175000190734863,7.960000038146973,8.029999732971191,41910,0.0,0.0,0.0
2024-04-18 13:30:00-04:00,8.020000457763672,8.029999732971191,7.917600154876709,7.920000076293945,17215,0.0,0.0,0.0
2024-04-18 14:30:00-04:00,7.920000076293945,7.962399959564209,7.877600193023682,7.937600135803223,52831,0.0,0.0,0.0
2024-04-18 15:30:00-04:00,7.940000057220459,8.010000228881836,7.929999828338623,7.940000057220459,31970,0.0,0.0,0.0
2024-04-19 09:30:00-04:00,7.869999885559082,8.119999885559082,7.869999885559082,7.980000019073486,34268,0.0,0.0,0.0
2024-04-19 10:30:00-04:00,8.029999732971191,8.072400093078613,7.979899883270264,8.03499984741211,9845,0.0,0.0,0.0
2024-04-19 11:30:00-04:00,8.039999961853027,8.0600004196167,7.907599925994873,7.909900188446045,18510,0.0,0.0,0.0
2024-04-19 12:30:00-04:00,7.909999847412109,8.050000190734863,7.907599925994873,7.991099834442139,12336,0.0,0.0,0.0
2024-04-19 13:30:00-04:00,7.990300178527832,8.09000015258789,7.969900131225586,7.969900131225586,28236,0.0,0.0,0.0
2024-04-19 14:30:00-04:00,7.960000038146973,8.055000305175781,7.917600154876709,8.039999961853027,29249,0.0,0.0,0.0
2024-04-19 15:30:00-04:00,8.032400131225586,8.109999656677246,7.989999771118164,8.100000381469727,25802,0.0,0.0,0.0
2024-04-22 09:30:00-04:00,8.1899995803833,8.300000190734863,8.097599983215332,8.100000381469727,74676,0.0,0.0,0.0
2024-04-22 10:30:00-04:00,8.100000381469727,8.152400016784668,8.020000457763672,8.039999961853027,19733,0.0,0.0,0.0
2024-04-22 11:30:00-04:00,8.037599563598633,8.170000076293945,8.029999732971191,8.149999618530273,49640,0.0,0.0,0.0
2024-04-22 12:30:00-04:00,8.149999618530273,8.309000015258789,8.125,8.297599792480469,36664,0.0,0.0,0.0
2024-04-22 13:30:00-04:00,8.305100440979004,8.40999984741211,8.277600288391113,8.364999771118164,33665,0.0,0.0,0.0
2024-04-22 14:30:00-04:00,8.369999885559082,8.369999885559082,8.270000457763672,8.279999732971191,16917,0.0,0.0,0.0
2024-04-22 15:30:00-04:00,8.279999732971191,8.289999961853027,8.204999923706055,8.229999542236328,22686,0.0,0.0,0.0
2024-04-23 09:30:00-04:00,8.350000381469727,8.722399711608887,8.350000381469727,8.669899940490723,148695,0.0,0.0,0.0
2024-04-23 10:30:00-04:00,8.65999984741211,8.710000038146973,8.625,8.699999809265137,51475,0.0,0.0,0.0
2024-04-23 11:30:00-04:00,8.692399978637695,8.692399978637695,8.619999885559082,8.6850004196167,17344,0.0,0.0,0.0
2024-04-23 12:30:00-04:00,8.6899995803833,8.739999771118164,8.67240047454834,8.729999542236328,40806,0.0,0.0,0.0
2024-04-23 13:30:00-04:00,8.725000381469727,8.770000457763672,8.70009994506836,8.765000343322754,29409,0.0,0.0,0.0
2024-04-23 14:30:00-04:00,8.770000457763672,8.77180004119873,8.699999809265137,8.729900360107422,11244,0.0,0.0,0.0
2024-04-23 15:30:00-04:00,8.720000267028809,8.760000228881836,8.710000038146973,8.729999542236328,47570,0.0,0.0,0.0
2024-04-24 09:30:00-04:00,8.640000343322754,8.720000267028809,8.5,8.649999618530273,60679,0.0,0.0,0.0
2024-04-24 10:30:00-04:00,8.640000343322754,8.640000343322754,8.520000457763672,8.5600004196167,65231,0.0,0.0,0.0
2024-04-24 11:30:00-04:00,8.56760025024414,8.600000381469727,8.484999656677246,8.560099601745605,37497,0.0,0.0,0.0
2024-04-24 12:30:00-04:00,8.5600004196167,8.5600004196167,8.489999771118164,8.550000190734863,20594,0.0,0.0,0.0
2024-04-24 13:30:00-04:00,8.555000305175781,8.635000228881836,8.539999961853027,8.569999694824219,16510,0.0,0.0,0.0
2024-04-24 14:30:00-04:00,8.5649995803833,8.585000038146973,8.529999732971191,8.547599792480469,19925,0.0,0.0,0.0
2024-04-24 15:30:00-04:00,8.555000305175781,8.614999771118164,8.550000190734863,8.579999923706055,13688,0.0,0.0,0.0
2024-04-25 09:30:00-04:00,8.260000228881836,8.300000190734863,8.029999732971191,8.1899995803833,96318,0.0,0.0,0.0
2024-04-25 10:30:00-04:00,8.192399978637695,8.225000381469727,8.140000343322754,8.220000267028809,17108,0.0,0.0,0.0
2024-04-25 11:30:00-04:00,8.229999542236328,8.349599838256836,8.220000267028809,8.322400093078613,12905,0.0,0.0,0.0
2024-04-25 12:30:00-04:00,8.3100004196167,8.359999656677246,8.279999732971191,8.3149995803833,7651,0.0,0.0,0.0
2024-04-25 13:30:00-04:00,8.322400093078613,8.419899940490723,8.322400093078613,8.350000381469727,15853,0.0,0.0,0.0
2024-04-25 14:30:00-04:00,8.382399559020996,8.469900131225586,8.349800109863281,8.4399995803833,16034,0.0,0.0,0.0
2024-04-25 15:30:00-04:00,8.429100036621094,8.470000267028809,8.390000343322754,8.46500015258789,20481,0.0,0.0,0.0
2024-04-26 09:30:00-04:00,8.489999771118164,8.890000343322754,8.460000038146973,8.829999923706055,148920,0.0,0.0,0.0
2024-04-26 10:30:00-04:00,8.829999923706055,8.890000343322754,8.789999961853027,8.794699668884277,38965,0.0,0.0,0.0
2024-04-26 11:30:00-04:00,8.802399635314941,8.877300262451172,8.779999732971191,8.859999656677246,18188,0.0,0.0,0.0
2024-04-26 12:30:00-04:00,8.860099792480469,8.880000114440918,8.84000015258789,8.84000015258789,12699,0.0,0.0,0.0
2024-04-26 13:30:00-04:00,8.842399597167969,8.854999542236328,8.789999961853027,8.802399635314941,19611,0.0,0.0,0.0
2024-04-26 14:30:00-04:00,8.797599792480469,8.850000381469727,8.792400360107422,8.828900337219238,22618,0.0,0.0,0.0
2024-04-26 15:30:00-04:00,8.820099830627441,8.84000015258789,8.789999961853027,8.819999694824219,13790,0.0,0.0,0.0
2024-04-29 09:30:00-04:00,8.930000305175781,8.989999771118164,8.789999961853027,8.880000114440918,45310,0.0,0.0,0.0
2024-04-29 10:30:00-04:00,8.864999771118164,8.904999732971191,8.789299964904785,8.789999961853027,24792,0.0,0.0,0.0
2024-04-29 11:30:00-04:00,8.789999961853027,8.800000190734863,8.760000228881836,8.800000190734863,26778,0.0,0.0,0.0
2024-04-29 12:30:00-04:00,8.805000305175781,8.822400093078613,8.734999656677246,8.800000190734863,16983,0.0,0.0,0.0
2024-04-29 13:30:00-04:00,8.800000190734863,8.802399635314941,8.760000228881836,8.779999732971191,13641,0.0,0.0,0.0
2024-04-29 14:30:00-04:00,8.779999732971191,8.800000190734863,8.6697998046875,8.727999687194824,29092,0.0,0.0,0.0
2024-04-29 15:30:00-04:00,8.725000381469727,8.800000190734863,8.720000267028809,8.789999961853027,22856,0.0,0.0,0.0
2024-04-30 09:30:00-04:00,8.579999923706055,8.609999656677246,8.489999771118164,8.489999771118164,26361,0.0,0.0,0.0
2024-04-30 10:30:00-04:00,8.470000267028809,8.539999961853027,8.40999984741211,8.470000267028809,27831,0.0,0.0,0.0
2024-04-30 11:30:00-04:00,8.449999809265137,8.470000267028809,8.415200233459473,8.430000305175781,16627,0.0,0.0,0.0
2024-04-30 12:30:00-04:00,8.420000076293945,8.420000076293945,8.34000015258789,8.36240005493164,23498,0.0,0.0,0.0
2024-04-30 13:30:00-04:00,8.359700202941895,8.4399995803833,8.357600212097168,8.361000061035156,14955,0.0,0.0,0.0
2024-04-30 14:30:00-04:00,8.357600212097168,8.402400016784668,8.342399597167969,8.380000114440918,11700,0.0,0.0,0.0
2024-04-30 15:30:00-04:00,8.359999656677246,8.370499610900879,8.28499984741211,8.28499984741211,16639,0.0,0.0,0.0
2024-05-01 09:30:00-04:00,8.260000228881836,8.319999694824219,8.06760025024414,8.07759952545166,63261,0.0,0.0,0.0
2024-05-01 10:30:00-04:00,8.080100059509277,8.097599983215332,8.002400398254395,8.039999961853027,24238,0.0,0.0,0.0
2024-05-01 11:30:00-04:00,8.042400360107422,8.135000228881836,8.007599830627441,8.135000228881836,43059,0.0,0.0,0.0
2024-05-01 12:30:00-04:00,8.119999885559082,8.119999885559082,8.045000076293945,8.100899696350098,22556,0.0,0.0,0.0
2024-05-01 13:30:00-04:00,8.11240005493164,8.25,8.095000267028809,8.25,25317,0.0,0.0,0.0
2024-05-01 14:30:00-04:00,8.240099906921387,8.569999694824219,8.130000114440918,8.399700164794922,58230,0.0,0.0,0.0
2024-05-01 15:30:00-04:00,8.369999885559082,8.369999885559082,8.079999923706055,8.100000381469727,49183,0.0,0.0,0.0
2024-05-02 09:30:00-04:00,8.40999984741211,8.454999923706055,8.220199584960938,8.29990005493164,78083,0.0,0.0,0.0
2024-05-02 10:30:00-04:00,8.300000190734863,8.372400283813477,8.25,8.350099563598633,33813,0.0,0.0,0.0
2024-05-02 11:30:00-04:00,8.32759952545166,8.369999885559082,8.3100004196167,8.319999694824219,15076,0.0,0.0,0.0
2024-05-02 12:30:00-04:00,8.319999694824219,8.420000076293945,8.279999732971191,8.420000076293945,21910,0.0,0.0,0.0
2024-05-02 13:30:00-04:00,8.420000076293945,8.46500015258789,8.397600173950195,8.4399995803833,40728,0.0,0.0,0.0
2024-05-02 14:30:00-04:00,8.449999809265137,8.470000267028809,8.40999984741211,8.460000038146973,14829,0.0,0.0,0.0
2024-05-02 15:30:00-04:00,8.4350004196167,8.515000343322754,8.395000457763672,8.510000228881836,31653,0.0,0.0,0.0
2024-05-03 09:30:00-04:00,8.869999885559082,9.0,8.75,8.819999694824219,198017,0.0,0.0,0.0
2024-05-03 10:30:00-04:00,8.84000015258789,8.869999885559082,8.710000038146973,8.739999771118164,31213,0.0,0.0,0.0
2024-05-03 11:30:00-04:00,8.739999771118164,8.792400360107422,8.697600364685059,8.767600059509277,27604,0.0,0.0,0.0
2024-05-03 12:30:00-04:00,8.760000228881836,8.8149995803833,8.760000228881836,8.770000457763672,14003,0.0,0.0,0.0
2024-05-03 13:30:00-04:00,8.770000457763672,8.845000267028809,8.760000228881836,8.835000038146973,18984,0.0,0.0,0.0
2024-05-03 14:30:00-04:00,8.829999923706055,8.850000381469727,8.800000190734863,8.819999694824219,32646,0.0,0.0,0.0
2024-05-03 15:30:00-04:00,8.819999694824219,8.864999771118164,8.81760025024414,8.824999809265137,37998,0.0,0.0,0.0
2024-05-06 09:30:00-04:00,8.930000305175781,9.152400016784668,8.930000305175781,9.087599754333496,68851,0.0,0.0,0.0
2024-05-06 10:30:00-04:00,9.08240032196045,9.102399826049805,9.020000457763672,9.040499687194824,25344,0.0,0.0,0.0
2024-05-06 11:30:00-04:00,9.041399955749512,9.069999694824219,9.007599830627441,9.022299766540527,16326,0.0,0.0,0.0
2024-05-06 12:30:00-04:00,9.042400360107422,9.104999542236328,9.029999732971191,9.099800109863281,10322,0.0,0.0,0.0
2024-05-06 13:30:00-04:00,9.09000015258789,9.119999885559082,9.079999923706055,9.119999885559082,7354,0.0,0.0,0.0
2024-05-06 14:30:00-04:00,9.119999885559082,9.119999885559082,9.050000190734863,9.059000015258789,38264,0.0,0.0,0.0
2024-05-06 15:30:00-04:00,9.0600004196167,9.140000343322754,9.0600004196167,9.130000114440918,50579,0.0,0.0,0.0
2024-05-07 09:30:00-04:00,9.260000228881836,9.359999656677246,9.210000038146973,9.349800109863281,149603,0.0,0.0,0.0
2024-05-07 10:30:00-04:00,9.345000267028809,9.399999618530273,9.31760025024414,9.31760025024414,42738,0.0,0.0,0.0
2024-05-07 11:30:00-04:00,9.324000358581543,9.324000358581543,9.289999961853027,9.292400360107422,20660,0.0,0.0,0.0
2024-05-07 12:30:00-04:00,9.300000190734863,9.300000190734863,9.22760009765625,9.262399673461914,29669,0.0,0.0,0.0
2024-05-07 13:30:00-04:00,9.257599830627441,9.27239990234375,9.18239974975586,9.210000038146973,36918,0.0,0.0,0.0
2024-05-07 14:30:00-04:00,9.202400207519531,9.210000038146973,9.157600402832031,9.170000076293945,21951,0.0,0.0,0.0
2024-05-07 15:30:00-04:00,9.170000076293945,9.170000076293945,9.069999694824219,9.079999923706055,34944,0.0,0.0,0.0
2024-05-08 09:30:00-04:00,8.710000038146973,8.779199600219727,8.59000015258789,8.729999542236328,90881,0.0,0.0,0.0
2024-05-08 10:30:00-04:00,8.729999542236328,8.760000228881836,8.699999809265137,8.729900360107422,26569,0.0,0.0,0.0
2024-05-08 11:30:00-04:00,8.729999542236328,8.761199951171875,8.709699630737305,8.725000381469727,8249,0.0,0.0,0.0
2024-05-08 12:30:00-04:00,8.71500015258789,8.774999618530273,8.680000305175781,8.774999618530273,29763,0.0,0.0,0.0
2024-05-08 13:30:00-04:00,8.769599914550781,8.897700309753418,8.769599914550781,8.897700309753418,16075,0.0,0.0,0.0
2024-05-08 14:30:00-04:00,8.880000114440918,8.880000114440918,8.759699821472168,8.8100004196167,14430,0.0,0.0,0.0
2024-05-08 15:30:00-04:00,8.81029987335205,8.84000015258789,8.8100004196167,8.8149995803833,15204,0.0,0.0,0.0
2024-05-09 09:30:00-04:00,8.880000114440918,9.109999656677246,8.859999656677246,9.090299606323242,76516,0.0,0.0,0.0
2024-05-09 10:30:00-04:00,9.100299835205078,9.155799865722656,9.055000305175781,9.069700241088867,34592,0.0,0.0,0.0
2024-05-09 11:30:00-04:00,9.069999694824219,9.09000015258789,9.03969955444336,9.079700469970703,39551,0.0,0.0,0.0
2024-05-09 12:30:00-04:00,9.069999694824219,9.13029956817627,9.069999694824219,9.13029956817627,20067,0.0,0.0,0.0
2024-05-09 13:30:00-04:00,9.130000114440918,9.164999961853027,9.100000381469727,9.151700019836426,8577,0.0,0.0,0.0
2024-05-09 14:30:00-04:00,9.149999618530273,9.220000267028809,9.140000343322754,9.215700149536133,29465,0.0,0.0,0.0
2024-05-09 15:30:00-04:00,9.220000267028809,9.289899826049805,9.220000267028809,9.270000457763672,24215,0.0,0.0,0.0
2024-05-10 09:30:00-04:00,9.399999618530273,9.444999694824219,9.149999618530273,9.15999984741211,55908,0.0,0.0,0.0
2024-05-10 10:30:00-04:00,9.15999984741211,9.180000305175781,9.09000015258789,9.140000343322754,40657,0.0,0.0,0.0
2024-05-10 11:30:00-04:00,9.170000076293945,9.170000076293945,9.085000038146973,9.118200302124023,14912,0.0,0.0,0.0
2024-05-10 12:30:00-04:00,9.100000381469727,9.154999732971191,9.077099800109863,9.079999923706055,12157,0.0,0.0,0.0
2024-05-10 13:30:00-04:00,9.079999923706055,9.079999923706055,9.024999618530273,9.069999694824219,8676,0.0,0.0,0.0
2024-05-10 14:30:00-04:00,9.0600004196167,9.100000381469727,9.029999732971191,9.095000267028809,10212,0.0,0.0,0.0
2024-05-10 15:30:00-04:00,9.099499702453613,9.145000457763672,9.095000267028809,9.135000228881836,14276,0.0,0.0,0.0
2024-05-13 09:30:00-04:00,9.670000076293945,10.420000076293945,9.579999923706055,10.25,657791,0.0,0.0,0.0
2024-05-13 10:30:00-04:00,10.270000457763672,10.270000457763672,10.009499549865723,10.079999923706055,148810,0.0,0.0,0.0
2024-05-13 11:30:00-04:00,10.010000228881836,10.070500373840332,9.973999977111816,10.010000228881836,47071,0.0,0.0,0.0
2024-05-13 12:30:00-04:00,10.010000228881836,10.010000228881836,9.769499778747559,9.850000381469727,61600,0.0,0.0,0.0
2024-05-13 13:30:00-04:00,9.859999656677246,9.930000305175781,9.85949993133545,9.899999618530273,30606,0.0,0.0,0.0
2024-05-13 14:30:00-04:00,9.900500297546387,9.970000267028809,9.869999885559082,9.869999885559082,50225,0.0,0.0,0.0
2024-05-13 15:30:00-04:00,9.86989974975586,9.880000114440918,9.824999809265137,9.84000015258789,50529,0.0,0.0,0.0
2024-05-14 09:30:00-04:00,11.0600004196167,11.289999961853027,10.670000076293945,10.960000038146973,480544,0.0,0.0,0.0
2024-05-14 10:30:00-04:00,10.9350004196167,10.96049976348877,10.679499626159668,10.824999809265137,131943,0.0,0.0,0.0
2024-05-14 11:30:00-04:00,10.839500427246094,10.839500427246094,10.63949966430664,10.664999961853027,111027,0.0,0.0,0.0
2024-05-14 12:30:00-04:00,10.670000076293945,10.670499801635742,10.170000076293945,10.469499588012695,209374,0.0,0.0,0.0
2024-05-14 13:30:00-04:00,10.450900077819824,10.600000381469727,10.350000381469727,10.470499992370605,69759,0.0,0.0,0.0
2024-05-14 14:30:00-04:00,10.479499816894531,10.579099655151367,10.4350004196167,10.520000457763672,73626,0.0,0.0,0.0
2024-05-14 15:30:00-04:00,10.545000076293945,10.74020004272461,10.545000076293945,10.670000076293945,123509,0.0,0.0,0.0
2024-05-15 09:30:00-04:00,10.640000343322754,10.680000305175781,9.979999542236328,10.029999732971191,210655,0.0,0.0,0.0
2024-05-15 10:30:00-04:00,10.029999732971191,10.180000305175781,10.029999732971191,10.15880012512207,83305,0.0,0.0,0.0
2024-05-15 11:30:00-04:00,10.150199890136719,10.1899995803833,10.100000381469727,10.112299919128418,51052,0.0,0.0,0.0
2024-05-15 12:30:00-04:00,10.119999885559082,10.130499839782715,10.059499740600586,10.100000381469727,22194,0.0,0.0,0.0
2024-05-15 13:30:00-04:00,10.109999656677246,10.260000228881836,10.104999542236328,10.180000305175781,48273,0.0,0.0,0.0
2024-05-15 14:30:00-04:00,10.1850004196167,10.380000114440918,10.130000114440918,10.249899864196777,100312,0.0,0.0,0.0
2024-05-15 15:30:00-04:00,10.229999542236328,10.270500183105469,10.19950008392334,10.25,55525,0.0,0.0,0.0
2024-05-16 09:30:00-04:00,10.1899995803833,10.239999771118164,9.979499816894531,10.177499771118164,80551,0.0,0.0,0.0
2024-05-16 10:30:00-04:00,10.180000305175781,10.180000305175781,9.979999542236328,10.0600004196167,49982,0.0,0.0,0.0
2024-05-16 11:30:00-04:00,10.050000190734863,10.09000015258789,10.010000228881836,10.069999694824219,20696,0.0,0.0,0.0
2024-05-16 12:30:00-04:00,10.069999694824219,10.130000114440918,10.029999732971191,10.04010009765625,17015,0.0,0.0,0.0
2024-05-16 13:30:00-04:00,10.059499740600586,10.069999694824219,9.949999809265137,9.960000038146973,34108,0.0,0.0,0.0
2024-05-16 14:30:00-04:00,9.970000267028809,10.000499725341797,9.959500312805176,9.979999542236328,29001,0.0,0.0,0.0
2024-05-16 15:30:00-04:00,9.979999542236328,9.989999771118164,9.880000114440918,9.880000114440918,40307,0.0,0.0,0.0
2024-05-17 09:30:00-04:00,9.720000267028809,9.720000267028809,9.494999885559082,9.65999984741211,117251,0.0,0.0,0.0
2024-05-17 10:30:00-04:00,9.659899711608887,9.670000076293945,9.579999923706055,9.595000267028809,29435,0.0,0.0,0.0
2024-05-17 11:30:00-04:00,9.59000015258789,9.640000343322754,9.5649995803833,9.614999771118164,30961,0.0,0.0,0.0
2024-05-17 12:30:00-04:00,9.609999656677246,9.630000114440918,9.574999809265137,9.59000015258789,8699,0.0,0.0,0.0
2024-05-17 13:30:00-04:00,9.609999656677246,9.61050033569336,9.550000190734863,9.579999923706055,27617,0.0,0.0,0.0
2024-05-17 14:30:00-04:00,9.585000038146973,9.640000343322754,9.585000038146973,9.600000381469727,45445,0.0,0.0,0.0
2024-05-17 15:30:00-04:00,9.600000381469727,9.65999984741211,9.59000015258789,9.649999618530273,37673,0.0,0.0,0.0
2024-05-20 09:30:00-04:00,9.640000343322754,9.70989990234375,9.510000228881836,9.560500144958496,62008,0.0,0.0,0.0
2024-05-20 10:30:00-04:00,9.539999961853027,9.630000114440918,9.53950023651123,9.599900245666504,22144,0.0,0.0,0.0
2024-05-20 11:30:00-04:00,9.609999656677246,9.609999656677246,9.44909954071045,9.46090030670166,50716,0.0,0.0,0.0
2024-05-20 12:30:00-04:00,9.449999809265137,9.5,9.439800262451172,9.44909954071045,22109,0.0,0.0,0.0
2024-05-20 13:30:00-04:00,9.438899993896484,9.46500015258789,9.389100074768066,9.4399995803833,27542,0.0,0.0,0.0
2024-05-20 14:30:00-04:00,9.460000038146973,9.524999618530273,9.460000038146973,9.489999771118164,14237,0.0,0.0,0.0
2024-05-20 15:30:00-04:00,9.479999542236328,9.539999961853027,9.460000038146973,9.515000343322754,49059,0.0,0.0,0.0
2024-05-21 09:30:00-04:00,9.579999923706055,9.600000381469727,9.38949966430664,9.430000305175781,60599,0.0,0.0,0.0
2024-05-21 10:30:00-04:00,9.43019962310791,9.46049976348877,9.390000343322754,9.420000076293945,34072,0.0,0.0,0.0
2024-05-21 11:30:00-04:00,9.414999961853027,9.420000076293945,9.279999732971191,9.300000190734863,33883,0.0,0.0,0.0
2024-05-21 12:30:00-04:00,9.319100379943848,9.324999809265137,9.26990032196045,9.28499984741211,35914,0.0,0.0,0.0
2024-05-21 13:30:00-04:00,9.29419994354248,9.329999923706055,9.28909969329834,9.329999923706055,8047,0.0,0.0,0.0
2024-05-21 14:30:00-04:00,9.329999923706055,9.401300430297852,9.319999694824219,9.369999885559082,22703,0.0,0.0,0.0
2024-05-21 15:30:00-04:00,9.378999710083008,9.420000076293945,9.369099617004395,9.40999984741211,20072,0.0,0.0,0.0
2024-05-22 09:30:00-04:00,9.3100004196167,9.390000343322754,9.1899995803833,9.34000015258789,135723,0.0,0.0,0.0
2024-05-22 10:30:00-04:00,9.319999694824219,9.324999809265137,9.175000190734863,9.190899848937988,46138,0.0,0.0,0.0
2024-05-22 11:30:00-04:00,9.190899848937988,9.219099998474121,9.12909984588623,9.219099998474121,37520,0.0,0.0,0.0
2024-05-22 12:30:00-04:00,9.220000267028809,9.236900329589844,9.179900169372559,9.179900169372559,14350,0.0,0.0,0.0
2024-05-22 13:30:00-04:00,9.189000129699707,9.189000129699707,8.979999542236328,8.979999542236328,136494,0.0,0.0,0.0
2024-05-22 14:30:00-04:00,8.979999542236328,9.09000015258789,8.970000267028809,9.069999694824219,33188,0.0,0.0,0.0
2024-05-22 15:30:00-04:00,9.069999694824219,9.100000381469727,8.999099731445312,9.050000190734863,40053,0.0,0.0,0.0
2024-05-23 09:30:00-04:00,9.069999694824219,9.079999923706055,8.864999771118164,8.9399995803833,103140,0.0,0.0,0.0
2024-05-23 10:30:00-04:00,8.925000190734863,8.99020004272461,8.90999984741211,8.949999809265137,52129,0.0,0.0,0.0
2024-05-23 11:30:00-04:00,8.959799766540527,9.020000457763672,8.944999694824219,9.020000457763672,29418,0.0,0.0,0.0
2024-05-23 12:30:00-04:00,9.029999732971191,9.050000190734863,8.944999694824219,8.980199813842773,21230,0.0,0.0,0.0
2024-05-23 13:30:00-04:00,8.979999542236328,8.979999542236328,8.75510025024414,8.779999732971191,68746,0.0,0.0,0.0
2024-05-23 14:30:00-04:00,8.770000457763672,8.814599990844727,8.757100105285645,8.779999732971191,21344,0.0,0.0,0.0
2024-05-23 15:30:00-04:00,8.788000106811523,8.829899787902832,8.770000457763672,8.819999694824219,17291,0.0,0.0,0.0
2024-05-24 09:30:00-04:00,9.039999961853027,9.219900131225586,9.010000228881836,9.217900276184082,62005,0.0,0.0,0.0
2024-05-24 10:30:00-04:00,9.210000038146973,9.239899635314941,9.109999656677246,9.210000038146973,35636,0.0,0.0,0.0
2024-05-24 11:30:00-04:00,9.209799766540527,9.234999656677246,9.15999984741211,9.200200080871582,23127,0.0,0.0,0.0
2024-05-24 12:30:00-04:00,9.209500312805176,9.220000267028809,9.170000076293945,9.220000267028809,19671,0.0,0.0,0.0
2024-05-24 13:30:00-04:00,9.210200309753418,9.225000381469727,9.175000190734863,9.175000190734863,25137,0.0,0.0,0.0
2024-05-24 14:30:00-04:00,9.175000190734863,9.20989990234375,9.154999732971191,9.20989990234375,12072,0.0,0.0,0.0
2024-05-24 15:30:00-04:00,9.210000038146973,9.229999542236328,9.1850004196167,9.229999542236328,54192,0.0,0.0,0.0
2024-05-28 09:30:00-04:00,9.390000343322754,9.420000076293945,9.260000228881836,9.329999923706055,84940,0.0,0.0,0.0
2024-05-28 10:30:00-04:00,9.3100004196167,9.420000076293945,9.279999732971191,9.40999984741211,29908,0.0,0.0,0.0
2024-05-28 11:30:00-04:00,9.399999618530273,9.5,9.350000381469727,9.399999618530273,35833,0.0,0.0,0.0
2024-05-28 12:30:00-04:00,9.399999618530273,9.470000267028809,9.329999923706055,9.329999923706055,14893,0.0,0.0,0.0
2024-05-28 13:30:00-04:00,9.348899841308594,9.359999656677246,9.239999771118164,9.270000457763672,26559,0.0,0.0,0.0
2024-05-28 14:30:00-04:00,9.260000228881836,9.270000457763672,9.180000305175781,9.25,12247,0.0,0.0,0.0
2024-05-28 15:30:00-04:00,9.255000114440918,9.3100004196167,9.255000114440918,9.289999961853027,17731,0.0,0.0,0.0
2024-05-29 09:30:00-04:00,9.109999656677246,9.399999618530273,9.050000190734863,9.395000457763672,70220,0.0,0.0,0.0
2024-05-29 10:30:00-04:00,9.390000343322754,9.40999984741211,9.289999961853027,9.350000381469727,32478,0.0,0.0,0.0
2024-05-29 11:30:00-04:00,9.329999923706055,9.329999923706055,9.279999732971191,9.3149995803833,68474,0.0,0.0,0.0
2024-05-29 12:30:00-04:00,9.319999694824219,9.350199699401855,9.25,9.3100004196167,14856,0.0,0.0,0.0
2024-05-29 13:30:00-04:00,9.3100004196167,9.329999923706055,9.279999732971191,9.279999732971191,9396,0.0,0.0,0.0
2024-05-29 14:30:00-04:00,9.289999961853027,9.3100004196167,9.25,9.300000190734863,17928,0.0,0.0,0.0
2024-05-29 15:30:00-04:00,9.265000343322754,9.270000457763672,9.199999809265137,9.220000267028809,27066,0.0,0.0,0.0
2024-05-30 09:30:00-04:00,9.350000381469727,9.580100059509277,9.350000381469727,9.510000228881836,132207,0.0,0.0,0.0
2024-05-30 10:30:00-04:00,9.5,9.570099830627441,9.460100173950195,9.569999694824219,40688,0.0,0.0,0.0
2024-05-30 11:30:00-04:00,9.576000213623047,9.604999542236328,9.558899879455566,9.59000015258789,28237,0.0,0.0,0.0
2024-05-30 12:30:00-04:00,9.579999923706055,9.65999984741211,9.579999923706055,9.645000457763672,27027,0.0,0.0,0.0
2024-05-30 13:30:00-04:00,9.65999984741211,9.65999984741211,9.539999961853027,9.600000381469727,25827,0.0,0.0,0.0
2024-05-30 14:30:00-04:00,9.59000015258789,9.60509967803955,9.510000228881836,9.550000190734863,21732,0.0,0.0,0.0
2024-05-30 15:30:00-04:00,9.5600004196167,9.5649995803833,9.489999771118164,9.550000190734863,18375,0.0,0.0,0.0
2024-05-31 09:30:00-04:00,9.800000190734863,9.90999984741211,9.619999885559082,9.640000343322754,155758,0.0,0.0,0.0
2024-05-31 10:30:00-04:00,9.640000343322754,9.819999694824219,9.630000114440918,9.774999618530273,85594,0.0,0.0,0.0
2024-05-31 11:30:00-04:00,9.779999732971191,9.795000076293945,9.718799591064453,9.765000343322754,63152,0.0,0.0,0.0
2024-05-31 12:30:00-04:00,9.779999732971191,9.9399995803833,9.770000457763672,9.934900283813477,65872,0.0,0.0,0.0
2024-05-31 13:30:00-04:00,9.9399995803833,10.0,9.914999961853027,9.949999809265137,57201,0.0,0.0,0.0
2024-05-31 14:30:00-04:00,9.959199905395508,10.038700103759766,9.920000076293945,10.0,72374,0.0,0.0,0.0
2024-05-31 15:30:00-04:00,9.989999771118164,10.140000343322754,9.970000267028809,10.140000343322754,59439,0.0,0.0,0.0
2024-06-03 09:30:00-04:00,10.829999923706055,10.930000305175781,10.622699737548828,10.681500434875488,343174,0.0,0.0,0.0
2024-06-03 10:30:00-04:00,10.670000076293945,10.710000038146973,10.569999694824219,10.588500022888184,101071,0.0,0.0,0.0
2024-06-03 11:30:00-04:00,10.600000381469727,10.601499557495117,10.489999771118164,10.529800415039062,31867,0.0,0.0,0.0
2024-06-03 12:30:00-04:00,10.539999961853027,10.649999618530273,10.5,10.630000114440918,35055,0.0,0.0,0.0
2024-06-03 13:30:00-04:00,10.649999618530273,10.710000038146973,10.611000061035156,10.710000038146973,29032,0.0,0.0,0.0
2024-06-03 14:30:00-04:00,10.710000038146973,10.728500366210938,10.627699851989746,10.640000343322754,94848,0.0,0.0,0.0
2024-06-03 15:30:00-04:00,10.619999885559082,10.645000457763672,10.520000457763672,10.59000015258789,63826,0.0,0.0,0.0
2024-06-04 09:30:00-04:00,10.220000267028809,10.270000457763672,10.09000015258789,10.130000114440918,178156,0.0,0.0,0.0
2024-06-04 10:30:00-04:00,10.120200157165527,10.160200119018555,10.0,10.0,99128,0.0,0.0,0.0
2024-06-04 11:30:00-04:00,10.0,10.0,9.850000381469727,9.913000106811523,49214,0.0,0.0,0.0
2024-06-04 12:30:00-04:00,9.920000076293945,9.96500015258789,9.899999618530273,9.96150016784668,37951,0.0,0.0,0.0
2024-06-04 13:30:00-04:00,9.960000038146973,10.069999694824219,9.90999984741211,10.040200233459473,26673,0.0,0.0,0.0
2024-06-04 14:30:00-04:00,10.020000457763672,10.04069995880127,9.90149974822998,9.93850040435791,29183,0.0,0.0,0.0
2024-06-04 15:30:00-04:00,9.920000076293945,9.9399995803833,9.880000114440918,9.925000190734863,26872,0.0,0.0,0.0
2024-06-05 09:30:00-04:00,10.020000457763672,10.029999732971191,9.8100004196167,10.029999732971191,112004,0.0,0.0,0.0
2024-06-05 10:30:00-04:00,10.029999732971191,10.148200035095215,9.989999771118164,10.100000381469727,38169,0.0,0.0,0.0
2024-06-05 11:30:00-04:00,10.110199928283691,10.160300254821777,10.109999656677246,10.141300201416016,24849,0.0,0.0,0.0
2024-06-05 12:30:00-04:00,10.140000343322754,10.189900398254395,10.104999542236328,10.125,27548,0.0,0.0,0.0
2024-06-05 13:30:00-04:00,10.130000114440918,10.130000114440918,10.0600004196167,10.109999656677246,17708,0.0,0.0,0.0
2024-06-05 14:30:00-04:00,10.100000381469727,10.15999984741211,10.100000381469727,10.145000457763672,35187,0.0,0.0,0.0
2024-06-05 15:30:00-04:00,10.140000343322754,10.210000038146973,10.130000114440918,10.1899995803833,85061,0.0,0.0,0.0
2024-06-06 09:30:00-04:00,10.039999961853027,10.10990047454834,9.880000114440918,10.029999732971191,117367,0.0,0.0,0.0
2024-06-06 10:30:00-04:00,10.039999961853027,10.0802001953125,9.94260025024414,10.057999610900879,24461,0.0,0.0,0.0
2024-06-06 11:30:00-04:00,10.050000190734863,10.050000190734863,9.960000038146973,9.989999771118164,21940,0.0,0.0,0.0
2024-06-06 12:30:00-04:00,9.994999885559082,10.210000038146973,9.994999885559082,10.200200080871582,19347,0.0,0.0,0.0
2024-06-06 13:30:00-04:00,10.239899635314941,10.40999984741211,10.039999961853027,10.119999885559082,90401,0.0,0.0,0.0
2024-06-06 14:30:00-04:00,10.119999885559082,10.359999656677246,10.112799644470215,10.359999656677246,75102,0.0,0.0,0.0
2024-06-06 15:30:00-04:00,10.329999923706055,10.369999885559082,10.260000228881836,10.34000015258789,123916,0.0,0.0,0.0
2024-06-07 09:30:00-04:00,9.899999618530273,10.279999732971191,9.850000381469727,9.989999771118164,232445,0.0,0.0,0.0
2024-06-07 10:30:00-04:00,9.989999771118164,10.020000457763672,9.795000076293945,9.899999618530273,57686,0.0,0.0,0.0
2024-06-07 11:30:00-04:00,9.899900436401367,9.979999542236328,9.765000343322754,9.960000038146973,114099,0.0,0.0,0.0
2024-06-07 12:30:00-04:00,9.970000267028809,10.020000457763672,9.609999656677246,9.6899995803833,269192,0.0,0.0,0.0
2024-06-07 13:30:00-04:00,9.6899995803833,9.710000038146973,9.479999542236328,9.560199737548828,71059,0.0,0.0,0.0
2024-06-07 14:30:00-04:00,9.549799919128418,9.614999771118164,9.539899826049805,9.579999923706055,34589,0.0,0.0,0.0
2024-06-07 15:30:00-04:00,9.578800201416016,9.610199928283691,9.550000190734863,9.555000305175781,33446,0.0,0.0,0.0
2024-06-10 09:30:00-04:00,9.449999809265137,9.500200271606445,9.279999732971191,9.418800354003906,113076,0.0,0.0,0.0
2024-06-10 10:30:00-04:00,9.429900169372559,9.470000267028809,9.3149995803833,9.329999923706055,29918,0.0,0.0,0.0
2024-06-10 11:30:00-04:00,9.3100004196167,9.359999656677246,9.279999732971191,9.319999694824219,29975,0.0,0.0,0.0
2024-06-10 12:30:00-04:00,9.319999694824219,9.370200157165527,9.289799690246582,9.35990047454834,22363,0.0,0.0,0.0
2024-06-10 13:30:00-04:00,9.340100288391113,9.419699668884277,9.34000015258789,9.380000114440918,12978,0.0,0.0,0.0
2024-06-10 14:30:00-04:00,9.38010025024414,9.430299758911133,9.380000114440918,9.430000305175781,9110,0.0,0.0,0.0
2024-06-10 15:30:00-04:00,9.430000305175781,9.449999809265137,9.39739990234375,9.420000076293945,36081,0.0,0.0,0.0
2024-06-11 09:30:00-04:00,9.260000228881836,9.3100004196167,9.039999961853027,9.209699630737305,96862,0.0,0.0,0.0
2024-06-11 10:30:00-04:00,9.191699981689453,9.311300277709961,9.17870044708252,9.260100364685059,23306,0.0,0.0,0.0
2024-06-11 11:30:00-04:00,9.270000457763672,9.300000190734863,9.234999656677246,9.279899597167969,14225,0.0,0.0,0.0
2024-06-11 12:30:00-04:00,9.289999961853027,9.329999923706055,9.270000457763672,9.270000457763672,13083,0.0,0.0,0.0
2024-06-11 13:30:00-04:00,9.300000190734863,9.449899673461914,9.300000190734863,9.420000076293945,26711,0.0,0.0,0.0
2024-06-11 14:30:00-04:00,9.4399995803833,9.489999771118164,9.420000076293945,9.449999809265137,34428,0.0,0.0,0.0
2024-06-11 15:30:00-04:00,9.449999809265137,9.585000038146973,9.449999809265137,9.569999694824219,30862,0.0,0.0,0.0
2024-06-12 09:30:00-04:00,10.130000114440918,10.300000190734863,9.9399995803833,10.289799690246582,278349,0.0,0.0,0.0
2024-06-12 10:30:00-04:00,10.280799865722656,10.369999885559082,10.1899995803833,10.1899995803833,73660,0.0,0.0,0.0
2024-06-12 11:30:00-04:00,10.189900398254395,10.200300216674805,10.079999923706055,10.119999885559082,0,0.0,0.0,0.0
2024-06-12 12:30:00-04:00,10.125,10.130000114440918,10.020000457763672,10.020000457763672,404592,0.0,0.0,0.0
2024-06-12 13:30:00-04:00,10.020000457763672,10.0649995803833,9.869999885559082,9.960000038146973,35115,0.0,0.0,0.0
2024-06-12 14:30:00-04:00,9.979900360107422,9.979999542236328,9.765000343322754,9.774999618530273,45758,0.0,0.0,0.0
2024-06-12 15:30:00-04:00,9.760000228881836,9.8149995803833,9.71500015258789,9.729999542236328,53364,0.0,0.0,0.0
2024-06-13 09:30:00-04:00,9.699999809265137,9.710000038146973,9.420000076293945,9.4350004196167,83500,0.0,0.0,0.0
2024-06-13 10:30:00-04:00,9.430000305175781,9.510000228881836,9.404999732971191,9.430000305175781,26823,0.0,0.0,0.0
2024-06-13 11:30:00-04:00,9.430000305175781,9.430000305175781,9.345000267028809,9.369999885559082,23664,0.0,0.0,0.0
2024-06-13 12:30:00-04:00,9.369999885559082,9.47029972076416,9.369999885559082,9.4350004196167,16779,0.0,0.0,0.0
2024-06-13 13:30:00-04:00,9.430000305175781,9.470000267028809,9.430000305175781,9.469900131225586,5183,0.0,0.0,0.0
2024-06-13 14:30:00-04:00,9.5,9.510000228881836,9.430000305175781,9.460200309753418,54029,0.0,0.0,0.0
2024-06-13 15:30:00-04:00,9.450200080871582,9.489999771118164,9.444999694824219,9.470000267028809,30682,0.0,0.0,0.0
2024-06-14 09:30:00-04:00,9.21500015258789,9.270000457763672,8.960000038146973,9.0,138090,0.0,0.0,0.0
2024-06-14 10:30:00-04:00,8.989999771118164,9.050000190734863,8.930000305175781,9.043899536132812,57986,0.0,0.0,0.0
2024-06-14 11:30:00-04:00,9.050000190734863,9.069899559020996,8.975000381469727,9.008899688720703,35322,0.0,0.0,0.0
2024-06-14 12:30:00-04:00,9.010000228881836,9.050200462341309,9.0,9.029999732971191,25630,0.0,0.0,0.0
2024-06-14 13:30:00-04:00,9.024999618530273,9.029999732971191,8.975000381469727,9.010000228881836,17983,0.0,0.0,0.0
2024-06-14 14:30:00-04:00,9.020000457763672,9.079999923706055,9.009599685668945,9.020000457763672,16814,0.0,0.0,0.0
2024-06-14 15:30:00-04:00,9.020000457763672,9.0649995803833,9.010000228881836,9.0600004196167,28095,0.0,0.0,0.0
2024-06-17 09:30:00-04:00,9.09000015258789,9.170000076293945,9.029999732971191,9.09000015258789,56890,0.0,0.0,0.0
2024-06-17 10:30:00-04:00,9.095000267028809,9.260000228881836,9.079299926757812,9.248900413513184,57819,0.0,0.0,0.0
2024-06-17 11:30:00-04:00,9.241299629211426,9.390000343322754,9.199999809265137,9.390000343322754,16399,0.0,0.0,0.0
2024-06-17 12:30:00-04:00,9.380000114440918,9.390000343322754,9.299300193786621,9.359999656677246,28745,0.0,0.0,0.0
2024-06-17 13:30:00-04:00,9.420000076293945,9.520700454711914,9.40999984741211,9.460000038146973,21139,0.0,0.0,0.0
2024-06-17 14:30:00-04:00,9.449999809265137,9.510000228881836,9.440199851989746,9.494999885559082,11350,0.0,0.0,0.0
2024-06-17 15:30:00-04:00,9.520700454711914,9.545000076293945,9.48069953918457,9.510000228881836,38217,0.0,0.0,0.0
2024-06-18 09:30:00-04:00,9.449999809265137,9.579999923706055,9.350000381469727,9.498900413513184,70646,0.0,0.0,0.0
2024-06-18 10:30:00-04:00,9.524999618530273,9.539999961853027,9.460000038146973,9.505000114440918,20837,0.0,0.0,0.0
2024-06-18 11:30:00-04:00,9.5,9.59000015258789,9.494999885559082,9.569999694824219,52155,0.0,0.0,0.0
2024-06-18 12:30:00-04:00,9.5600004196167,9.569999694824219,9.510000228881836,9.520000457763672,15390,0.0,0.0,0.0
2024-06-18 13:30:00-04:00,9.520000457763672,9.550000190734863,9.479999542236328,9.550000190734863,8734,0.0,0.0,0.0
2024-06-18 14:30:00-04:00,9.539999961853027,9.5600004196167,9.5,9.505000114440918,15413,0.0,0.0,0.0
2024-06-18 15:30:00-04:00,9.510000228881836,9.539999961853027,9.489999771118164,9.520000457763672,22717,0.0,0.0,0.0
2024-06-20 09:30:00-04:00,9.470000267028809,9.614999771118164,9.40999984741211,9.500800132751465,58687,0.0,0.0,0.0
2024-06-20 10:30:00-04:00,9.5,9.5,9.389900207519531,9.430000305175781,41696,0.0,0.0,0.0
2024-06-20 11:30:00-04:00,9.4399995803833,9.444999694824219,9.349200248718262,9.369999885559082,0,0.0,0.0,0.0
2024-06-20 12:30:00-04:00,9.319999694824219,9.33080005645752,9.239999771118164,9.25,145851,0.0,0.0,0.0
2024-06-20 13:30:00-04:00,9.260000228881836,9.40999984741211,9.180700302124023,9.40999984741211,31870,0.0,0.0,0.0
2024-06-20 14:30:00-04:00,9.410099983215332,9.410099983215332,9.329999923706055,9.400799751281738,19489,0.0,0.0,0.0
2024-06-20 15:30:00-04:00,9.389200210571289,9.39109992980957,9.32979965209961,9.359999656677246,29066,0.0,0.0,0.0
2024-06-21 09:30:00-04:00,9.40999984741211,9.4350004196167,9.25,9.40999984741211,60445,0.0,0.0,0.0
2024-06-21 10:30:00-04:00,9.390000343322754,9.420000076293945,9.359999656677246,9.380000114440918,21267,0.0,0.0,0.0
2024-06-21 11:30:00-04:00,9.35990047454834,9.380000114440918,9.329999923706055,9.369999885559082,10233,0.0,0.0,0.0
2024-06-21 12:30:00-04:00,9.380000114440918,9.420000076293945,9.350000381469727,9.350000381469727,13392,0.0,0.0,0.0
2024-06-21 13:30:00-04:00,9.349900245666504,9.369999885559082,9.3149995803833,9.350000381469727,11833,0.0,0.0,0.0
2024-06-21 14:30:00-04:00,9.34000015258789,9.345000267028809,9.260000228881836,9.338299751281738,14609,0.0,0.0,0.0
2024-06-21 15:30:00-04:00,9.34000015258789,9.390000343322754,9.339799880981445,9.375,23627,0.0,0.0,0.0
2024-06-24 09:30:00-04:00,9.369999885559082,9.65999984741211,9.369999885559082,9.529999732971191,160772,0.0,0.0,0.0
2024-06-24 10:30:00-04:00,9.529999732971191,9.729999542236328,9.529999732971191,9.729999542236328,123616,0.0,0.0,0.0
2024-06-24 11:30:00-04:00,9.759900093078613,9.765000343322754,9.65999984741211,9.710000038146973,11628,0.0,0.0,0.0
2024-06-24 12:30:00-04:00,9.710000038146973,9.710000038146973,9.579999923706055,9.600299835205078,17564,0.0,0.0,0.0
2024-06-24 13:30:00-04:00,9.600000381469727,9.640000343322754,9.569999694824219,9.629799842834473,9920,0.0,0.0,0.0
2024-06-24 14:30:00-04:00,9.650199890136719,9.749899864196777,9.649999618530273,9.729700088500977,10685,0.0,0.0,0.0
2024-06-24 15:30:00-04:00,9.720000267028809,9.720000267028809,9.600000381469727,9.619999885559082,13917,0.0,0.0,0.0
2024-06-25 09:30:00-04:00,9.520000457763672,9.520000457763672,9.270000457763672,9.430000305175781,45532,0.0,0.0,0.0
2024-06-25 10:30:00-04:00,9.4399995803833,9.449999809265137,9.329000473022461,9.345000267028809,27225,0.0,0.0,0.0
2024-06-25 11:30:00-04:00,9.345000267028809,9.350000381469727,9.270000457763672,9.300000190734863,22789,0.0,0.0,0.0
2024-06-25 12:30:00-04:00,9.290200233459473,9.290200233459473,9.239999771118164,9.289999961853027,17821,0.0,0.0,0.0
2024-06-25 13:30:00-04:00,9.289999961853027,9.320300102233887,9.26990032196045,9.320300102233887,8301,0.0,0.0,0.0
2024-06-25 14:30:00-04:00,9.319999694824219,9.319999694824219,9.260000228881836,9.319999694824219,15267,0.0,0.0,0.0
2024-06-25 15:30:00-04:00,9.3100004196167,9.354999542236328,9.3100004196167,9.34000015258789,16387,0.0,0.0,0.0
2024-06-26 09:30:00-04:00,9.170000076293945,9.318300247192383,9.170000076293945,9.270000457763672,33448,0.0,0.0,0.0
2024-06-26 10:30:00-04:00,9.270000457763672,9.329999923706055,9.220000267028809,9.270000457763672,32103,0.0,0.0,0.0
2024-06-26 11:30:00-04:00,9.279999732971191,9.380000114440918,9.270000457763672,9.319999694824219,13160,0.0,0.0,0.0
2024-06-26 12:30:00-04:00,9.309900283813477,9.3100004196167,9.25,9.25,12114,0.0,0.0,0.0
2024-06-26 13:30:00-04:00,9.25,9.255000114440918,9.218899726867676,9.229900360107422,15773,0.0,0.0,0.0
2024-06-26 14:30:00-04:00,9.220000267028809,9.260000228881836,9.1899995803833,9.194999694824219,16161,0.0,0.0,0.0
2024-06-26 15:30:00-04:00,9.194999694824219,9.260299682617188,9.194999694824219,9.229999542236328,19065,0.0,0.0,0.0
2024-06-27 09:30:00-04:00,9.0,9.125,8.860099792480469,9.010000228881836,139540,0.0,0.0,0.0
2024-06-27 10:30:00-04:00,9.0,9.050100326538086,8.9399995803833,8.9399995803833,32713,0.0,0.0,0.0
2024-06-27 11:30:00-04:00,8.949999809265137,9.020000457763672,8.9399995803833,9.010000228881836,7835,0.0,0.0,0.0
2024-06-27 12:30:00-04:00,8.979999542236328,9.199999809265137,8.970000267028809,9.119999885559082,47543,0.0,0.0,0.0
2024-06-27 13:30:00-04:00,9.109999656677246,9.110199928283691,9.029999732971191,9.039999961853027,15664,0.0,0.0,0.0
2024-06-27 14:30:00-04:00,9.03320026397705,9.109999656677246,9.03320026397705,9.109999656677246,9671,0.0,0.0,0.0
2024-06-27 15:30:00-04:00,9.109999656677246,9.149999618530273,9.100000381469727,9.149999618530273,21494,0.0,0.0,0.0
2024-06-28 09:30:00-04:00,9.15999984741211,9.300000190734863,9.102999687194824,9.220000267028809,85990,0.0,0.0,0.0
2024-06-28 10:30:00-04:00,9.25,9.319899559020996,9.149900436401367,9.15999984741211,19990,0.0,0.0,0.0
2024-06-28 11:30:00-04:00,9.139800071716309,9.200200080871582,9.09000015258789,9.130000114440918,9987,0.0,0.0,0.0
2024-06-28 12:30:00-04:00,9.119999885559082,9.119999885559082,9.055000305175781,9.055000305175781,18696,0.0,0.0,0.0
2024-06-28 13:30:00-04:00,9.039999961853027,9.069999694824219,9.01039981842041,9.059800148010254,34502,0.0,0.0,0.0
2024-06-28 14:30:00-04:00,9.050000190734863,9.079999923706055,9.039999961853027,9.069999694824219,19071,0.0,0.0,0.0
2024-06-28 15:30:00-04:00,9.0600004196167,9.1899995803833,9.020000457763672,9.180000305175781,34769,0.0,0.0,0.0
2024-07-01 09:30:00-04:00,9.270000457763672,9.300000190734863,8.800000190734863,8.899999618530273,62706,0.0,0.0,0.0
2024-07-01 10:30:00-04:00,8.890000343322754,8.890000343322754,8.725000381469727,8.739999771118164,46818,0.0,0.0,0.0
2024-07-01 11:30:00-04:00,8.739999771118164,8.748499870300293,8.680000305175781,8.696800231933594,43066,0.0,0.0,0.0
2024-07-01 12:30:00-04:00,8.6850004196167,8.720000267028809,8.649999618530273,8.716300010681152,43210,0.0,0.0,0.0
2024-07-01 13:30:00-04:00,8.711000442504883,8.78499984741211,8.699999809265137,8.739999771118164,24604,0.0,0.0,0.0
2024-07-01 14:30:00-04:00,8.729999542236328,8.75,8.65999984741211,8.675000190734863,20297,0.0,0.0,0.0
2024-07-01 15:30:00-04:00,8.699999809265137,8.704999923706055,8.65999984741211,8.664999961853027,20028,0.0,0.0,0.0
2024-07-02 09:30:00-04:00,8.680000305175781,8.750100135803223,8.619999885559082,8.659899711608887,30805,0.0,0.0,0.0
2024-07-02 10:30:00-04:00,8.632399559020996,8.6899995803833,8.619999885559082,8.6899995803833,16803,0.0,0.0,0.0
2024-07-02 11:30:00-04:00,8.699999809265137,8.699999809265137,8.659799575805664,8.659799575805664,5769,0.0,0.0,0.0
2024-07-02 12:30:00-04:00,8.649999618530273,8.678400039672852,8.635000228881836,8.678400039672852,12924,0.0,0.0,0.0
2024-07-02 13:30:00-04:00,8.647600173950195,8.694999694824219,8.630000114440918,8.670000076293945,4841,0.0,0.0,0.0
2024-07-02 14:30:00-04:00,8.670000076293945,8.704999923706055,8.660099983215332,8.699999809265137,22322,0.0,0.0,0.0
2024-07-02 15:30:00-04:00,8.699999809265137,8.710000038146973,8.680000305175781,8.680000305175781,18938,0.0,0.0,0.0
2024-07-03 09:30:00-04:00,8.770000457763672,8.83590030670166,8.614999771118164,8.800000190734863,88998,0.0,0.0,0.0
2024-07-03 10:30:00-04:00,8.800000190734863,8.809599876403809,8.630000114440918,8.659899711608887,38377,0.0,0.0,0.0
2024-07-03 11:30:00-04:00,8.645000457763672,8.675000190734863,8.614999771118164,8.645000457763672,18460,0.0,0.0,0.0
2024-07-05 09:30:00-04:00,8.619999885559082,8.720000267028809,8.5,8.609999656677246,43496,0.0,0.0,0.0
2024-07-05 10:30:00-04:00,8.59000015258789,8.689299583435059,8.579999923706055,8.610099792480469,22084,0.0,0.0,0.0
2024-07-05 11:30:00-04:00,8.600000381469727,8.617500305175781,8.53499984741211,8.53499984741211,15913,0.0,0.0,0.0
2024-07-05 12:30:00-04:00,8.536700248718262,8.53969955444336,8.5,8.510000228881836,12674,0.0,0.0,0.0
2024-07-05 13:30:00-04:00,8.510000228881836,8.555000305175781,8.500100135803223,8.529999732971191,13538,0.0,0.0,0.0
2024-07-05 14:30:00-04:00,8.529999732971191,8.560099601745605,8.529999732971191,8.539999961853027,12224,0.0,0.0,0.0
2024-07-05 15:30:00-04:00,8.539999961853027,8.630000114440918,8.539999961853027,8.59000015258789,15579,0.0,0.0,0.0
2024-07-08 09:30:00-04:00,8.729999542236328,8.84000015258789,8.6899995803833,8.769599914550781,118886,0.0,0.0,0.0
2024-07-08 10:30:00-04:00,8.739999771118164,8.850000381469727,8.734999656677246,8.75,11326,0.0,0.0,0.0
2024-07-08 11:30:00-04:00,8.729999542236328,8.729999542236328,8.650099754333496,8.6899995803833,20928,0.0,0.0,0.0
2024-07-08 12:30:00-04:00,8.6899995803833,8.75,8.680000305175781,8.719900131225586,9983,0.0,0.0,0.0
2024-07-08 13:30:00-04:00,8.728899955749512,8.75,8.718999862670898,8.718999862670898,9296,0.0,0.0,0.0
2024-07-08 14:30:00-04:00,8.71049976348877,8.729999542236328,8.659000396728516,8.720000267028809,11599,0.0,0.0,0.0
2024-07-08 15:30:00-04:00,8.704999923706055,8.71500015258789,8.670000076293945,8.670000076293945,10174,0.0,0.0,0.0
2024-07-09 09:30:00-04:00,8.640000343322754,8.65999984741211,8.529999732971191,8.536600112915039,49430,0.0,0.0,0.0
2024-07-09 10:30:00-04:00,8.550000190734863,8.59850025177002,8.470000267028809,8.475000381469727,75331,0.0,0.0,0.0
2024-07-09 11:30:00-04:00,8.515000343322754,8.581000328063965,8.49899959564209,8.574999809265137,40243,0.0,0.0,0.0
2024-07-09 12:30:00-04:00,8.589900016784668,8.680000305175781,8.574999809265137,8.619999885559082,21233,0.0,0.0,0.0
2024-07-09 13:30:00-04:00,8.619000434875488,8.650199890136719,8.545000076293945,8.545000076293945,13890,0.0,0.0,0.0
2024-07-09 14:30:00-04:00,8.539799690246582,8.539999961853027,8.484999656677246,8.509900093078613,14394,0.0,0.0,0.0
2024-07-09 15:30:00-04:00,8.500200271606445,8.546899795532227,8.499799728393555,8.5,32211,0.0,0.0,0.0
2024-07-10 09:30:00-04:00,8.65999984741211,8.710000038146973,8.630000114440918,8.630000114440918,33634,0.0,0.0,0.0
2024-07-10 10:30:00-04:00,8.629899978637695,8.670000076293945,8.589799880981445,8.65999984741211,22467,0.0,0.0,0.0
2024-07-10 11:30:00-04:00,8.659600257873535,8.720000267028809,8.619999885559082,8.720000267028809,7462,0.0,0.0,0.0
2024-07-10 12:30:00-04:00,8.710000038146973,8.729999542236328,8.649999618530273,8.65999984741211,17481,0.0,0.0,0.0
2024-07-10 13:30:00-04:00,8.640000343322754,8.670100212097168,8.640000343322754,8.649999618530273,17642,0.0,0.0,0.0
2024-07-10 14:30:00-04:00,8.649999618530273,8.725000381469727,8.6451997756958,8.725000381469727,8723,0.0,0.0,0.0
2024-07-10 15:30:00-04:00,8.729999542236328,8.750100135803223,8.720000267028809,8.720000267028809,43160,0.0,0.0,0.0
2024-07-11 09:30:00-04:00,9.100000381469727,9.539999961853027,9.100000381469727,9.489999771118164,304366,0.0,0.0,0.0
2024-07-11 10:30:00-04:00,9.479999542236328,9.574999809265137,9.460000038146973,9.520000457763672,139305,0.0,0.0,0.0
2024-07-11 11:30:00-04:00,9.520000457763672,9.5649995803833,9.399999618530273,9.470000267028809,88216,0.0,0.0,0.0
2024-07-11 12:30:00-04:00,9.470000267028809,9.545000076293945,9.444999694824219,9.539999961853027,48152,0.0,0.0,0.0
2024-07-11 13:30:00-04:00,9.539999961853027,9.569999694824219,9.515000343322754,9.54010009765625,40226,0.0,0.0,0.0
2024-07-11 14:30:00-04:00,9.54010009765625,9.625,9.539999961853027,9.614999771118164,102230,0.0,0.0,0.0
2024-07-11 15:30:00-04:00,9.614999771118164,9.680000305175781,9.614999771118164,9.649999618530273,113291,0.0,0.0,0.0
2024-07-12 09:30:00-04:00,9.829999923706055,10.050000190734863,9.750100135803223,10.050000190734863,208463,0.0,0.0,0.0
2024-07-12 10:30:00-04:00,10.050000190734863,10.069999694824219,9.958600044250488,9.984999656677246,130989,0.0,0.0,0.0
2024-07-12 11:30:00-04:00,9.984999656677246,9.984999656677246,9.880200386047363,9.900099754333496,36801,0.0,0.0,0.0
2024-07-12 12:30:00-04:00,9.904999732971191,9.979999542236328,9.878600120544434,9.979999542236328,44170,0.0,0.0,0.0
2024-07-12 13:30:00-04:00,9.979999542236328,10.009900093078613,9.920100212097168,9.9399995803833,32269,0.0,0.0,0.0
2024-07-12 14:30:00-04:00,9.949999809265137,9.975000381469727,9.890000343322754,9.975000381469727,36417,0.0,0.0,0.0
2024-07-12 15:30:00-04:00,9.979999542236328,9.994999885559082,9.829999923706055,9.850000381469727,62414,0.0,0.0,0.0
2024-07-15 09:30:00-04:00,9.760000228881836,9.871399879455566,9.59000015258789,9.819899559020996,224784,0.0,0.0,0.0
2024-07-15 10:30:00-04:00,9.770000457763672,9.930000305175781,9.739800453186035,9.920000076293945,58547,0.0,0.0,0.0
2024-07-15 11:30:00-04:00,9.904999732971191,9.976200103759766,9.8149995803833,9.824700355529785,43006,0.0,0.0,0.0
2024-07-15 12:30:00-04:00,9.808600425720215,9.821399688720703,9.720000267028809,9.8100004196167,24495,0.0,0.0,0.0
2024-07-15 13:30:00-04:00,9.770000457763672,9.780099868774414,9.645000457763672,9.699999809265137,24981,0.0,0.0,0.0
2024-07-15 14:30:00-04:00,9.6899995803833,9.73009967803955,9.649999618530273,9.710000038146973,26112,0.0,0.0,0.0
2024-07-15 15:30:00-04:00,9.6899995803833,9.6899995803833,9.529999732971191,9.579999923706055,75254,0.0,0.0,0.0
2024-07-16 09:30:00-04:00,9.800000190734863,10.289999961853027,9.800000190734863,10.144700050354004,251373,0.0,0.0,0.0
2024-07-16 10:30:00-04:00,10.140000343322754,10.289999961853027,10.140000343322754,10.279899597167969,110967,0.0,0.0,0.0
2024-07-16 11:30:00-04:00,10.270000457763672,10.369999885559082,10.222399711608887,10.350000381469727,61186,0.0,0.0,0.0
2024-07-16 12:30:00-04:00,10.34000015258789,10.479999542236328,10.330100059509277,10.4399995803833,56128,0.0,0.0,0.0
2024-07-16 13:30:00-04:00,10.449999809265137,10.550000190734863,10.449999809265137,10.53499984741211,56602,0.0,0.0,0.0
2024-07-16 14:30:00-04:00,10.538999557495117,10.645000457763672,10.536100387573242,10.640000343322754,73020,0.0,0.0,0.0
2024-07-16 15:30:00-04:00,10.632399559020996,10.640000343322754,10.569999694824219,10.600000381469727,59606,0.0,0.0,0.0
2024-07-17 09:30:00-04:00,10.149999618530273,10.639800071716309,10.119999885559082,10.375,278999,0.0,0.0,0.0
2024-07-17 10:30:00-04:00,10.380000114440918,10.425000190734863,10.270000457763672,10.3149995803833,187461,0.0,0.0,0.0
2024-07-17 11:30:00-04:00,10.3100004196167,10.350000381469727,10.270000457763672,10.3100004196167,29793,0.0,0.0,0.0
2024-07-17 12:30:00-04:00,10.319999694824219,10.349900245666504,10.25,10.319999694824219,57798,0.0,0.0,0.0
2024-07-17 13:30:00-04:00,10.339900016784668,10.375,10.27869987487793,10.36989974975586,41922,0.0,0.0,0.0
2024-07-17 14:30:00-04:00,10.360099792480469,10.370100021362305,10.300000190734863,10.34000015258789,58917,0.0,0.0,0.0
2024-07-17 15:30:00-04:00,10.345000267028809,10.350000381469727,10.204999923706055,10.25,152959,0.0,0.0,0.0
2024-07-18 09:30:00-04:00,10.079999923706055,10.4399995803833,10.04419994354248,10.220000267028809,151841,0.0,0.0,0.0
2024-07-18 10:30:00-04:00,10.225199699401855,10.225199699401855,9.909899711608887,9.909899711608887,100338,0.0,0.0,0.0
2024-07-18 11:30:00-04:00,9.90999984741211,9.944999694824219,9.700300216674805,9.718899726867676,127293,0.0,0.0,0.0
2024-07-18 12:30:00-04:00,9.720000267028809,9.852399826049805,9.717599868774414,9.75,36683,0.0,0.0,0.0
2024-07-18 13:30:00-04:00,9.75,9.77239990234375,9.524999618530273,9.524999618530273,49707,0.0,0.0,0.0
2024-07-18 14:30:00-04:00,9.510000228881836,9.614999771118164,9.489999771118164,9.5,84948,0.0,0.0,0.0
2024-07-18 15:30:00-04:00,9.5,9.65999984741211,9.489999771118164,9.5600004196167,80792,0.0,0.0,0.0
2024-07-19 09:30:00-04:00,9.569999694824219,9.640000343322754,9.350000381469727,9.392499923706055,92893,0.0,0.0,0.0
2024-07-19 10:30:00-04:00,9.399999618530273,9.441100120544434,9.22249984741211,9.227499961853027,57319,0.0,0.0,0.0
2024-07-19 11:30:00-04:00,9.229999542236328,9.404999732971191,9.170000076293945,9.279999732971191,57409,0.0,0.0,0.0
2024-07-19 12:30:00-04:00,9.278900146484375,9.34000015258789,9.227499961853027,9.270000457763672,41400,0.0,0.0,0.0
2024-07-19 13:30:00-04:00,9.25,9.289999961853027,9.210000038146973,9.21500015258789,39522,0.0,0.0,0.0
2024-07-19 14:30:00-04:00,9.210000038146973,9.34000015258789,9.180000305175781,9.278900146484375,41680,0.0,0.0,0.0
2024-07-19 15:30:00-04:00,9.289999961853027,9.3100004196167,9.180000305175781,9.220000267028809,47317,0.0,0.0,0.0
2024-07-22 09:30:00-04:00,9.390000343322754,9.430000305175781,8.989999771118164,9.109999656677246,178582,0.0,0.0,0.0
2024-07-22 10:30:00-04:00,9.100000381469727,9.270000457763672,9.07040023803711,9.175000190734863,87629,0.0,0.0,0.0
2024-07-22 11:30:00-04:00,9.15999984741211,9.229999542236328,9.130000114440918,9.199999809265137,32297,0.0,0.0,0.0
2024-07-22 12:30:00-04:00,9.1899995803833,9.319999694824219,9.170000076293945,9.305000305175781,25339,0.0,0.0,0.0
2024-07-22 13:30:00-04:00,9.300000190734863,9.350000381469727,9.270000457763672,9.289999961853027,51922,0.0,0.0,0.0
2024-07-22 14:30:00-04:00,9.279999732971191,9.399999618530273,9.279999732971191,9.390000343322754,54988,0.0,0.0,0.0
2024-07-22 15:30:00-04:00,9.399999618530273,9.449999809265137,9.385000228881836,9.420000076293945,49784,0.0,0.0,0.0
2024-07-23 09:30:00-04:00,9.350000381469727,9.430000305175781,9.1899995803833,9.34000015258789,60958,0.0,0.0,0.0
2024-07-23 10:30:00-04:00,9.390000343322754,9.420000076293945,9.220000267028809,9.364999771118164,55776,0.0,0.0,0.0
2024-07-23 11:30:00-04:00,9.369999885559082,9.410499572753906,9.3100004196167,9.339599609375,21995,0.0,0.0,0.0
2024-07-23 12:30:00-04:00,9.32040023803711,9.359999656677246,9.293299674987793,9.350000381469727,11835,0.0,0.0,0.0
2024-07-23 13:30:00-04:00,9.34000015258789,9.449999809265137,9.32960033416748,9.420000076293945,12881,0.0,0.0,0.0
2024-07-23 14:30:00-04:00,9.46500015258789,9.46500015258789,9.380000114440918,9.439900398254395,16868,0.0,0.0,0.0
2024-07-23 15:30:00-04:00,9.40999984741211,9.410400390625,9.359999656677246,9.368599891662598,24942,0.0,0.0,0.0
2024-07-24 09:30:00-04:00,9.220000267028809,9.410099983215332,9.039999961853027,9.14009952545166,74218,0.0,0.0,0.0
2024-07-24 10:30:00-04:00,9.149999618530273,9.25,9.100000381469727,9.15999984741211,43950,0.0,0.0,0.0
2024-07-24 11:30:00-04:00,9.15999984741211,9.220000267028809,9.125,9.149999618530273,51079,0.0,0.0,0.0
2024-07-24 12:30:00-04:00,9.140000343322754,9.15999984741211,9.0600004196167,9.140000343322754,49035,0.0,0.0,0.0
2024-07-24 13:30:00-04:00,9.130000114440918,9.199999809265137,9.079999923706055,9.079999923706055,29545,0.0,0.0,0.0
2024-07-24 14:30:00-04:00,9.069999694824219,9.079999923706055,8.9399995803833,8.949999809265137,46526,0.0,0.0,0.0
2024-07-24 15:30:00-04:00,8.949999809265137,8.989999771118164,8.908599853515625,8.930000305175781,63760,0.0,0.0,0.0
2024-07-25 09:30:00-04:00,8.979999542236328,9.239899635314941,8.914999961853027,9.220000267028809,152122,0.0,0.0,0.0
2024-07-25 10:30:00-04:00,9.220000267028809,9.395000457763672,9.079999923706055,9.319999694824219,95284,0.0,0.0,0.0
2024-07-25 11:30:00-04:00,9.3100004196167,9.460000038146973,9.289999961853027,9.449999809265137,64007,0.0,0.0,0.0
2024-07-25 12:30:00-04:00,9.449999809265137,9.489999771118164,9.399999618530273,9.420000076293945,56209,0.0,0.0,0.0
2024-07-25 13:30:00-04:00,9.430000305175781,9.430000305175781,9.329999923706055,9.34000015258789,62563,0.0,0.0,0.0
2024-07-25 14:30:00-04:00,9.34000015258789,9.399999618530273,9.222000122070312,9.369999885559082,83937,0.0,0.0,0.0
2024-07-25 15:30:00-04:00,9.380000114440918,9.395000457763672,9.210000038146973,9.210000038146973,57337,0.0,0.0,0.0
2024-07-26 09:30:00-04:00,9.5,9.75,9.479999542236328,9.579999923706055,220808,0.0,0.0,0.0
2024-07-26 10:30:00-04:00,9.5600004196167,9.619999885559082,9.469900131225586,9.5600004196167,97109,0.0,0.0,0.0
2024-07-26 11:30:00-04:00,9.5600004196167,9.766300201416016,9.5600004196167,9.710000038146973,92124,0.0,0.0,0.0
2024-07-26 12:30:00-04:00,9.720000267028809,9.76140022277832,9.6899995803833,9.75,63595,0.0,0.0,0.0
2024-07-26 13:30:00-04:00,9.75,9.75,9.640000343322754,9.680999755859375,47694,0.0,0.0,0.0
2024-07-26 14:30:00-04:00,9.670000076293945,9.739999771118164,9.609999656677246,9.734999656677246,59758,0.0,0.0,0.0
2024-07-26 15:30:00-04:00,9.729999542236328,9.760000228881836,9.664999961853027,9.760000228881836,70091,0.0,0.0,0.0
2024-07-29 09:30:00-04:00,9.989999771118164,9.989999771118164,9.710000038146973,9.720000267028809,138506,0.0,0.0,0.0
2024-07-29 10:30:00-04:00,9.699999809265137,9.734999656677246,9.600000381469727,9.6899995803833,40911,0.0,0.0,0.0
2024-07-29 11:30:00-04:00,9.699999809265137,9.8100004196167,9.604999542236328,9.744999885559082,32598,0.0,0.0,0.0
2024-07-29 12:30:00-04:00,9.760000228881836,9.774999618530273,9.664999961853027,9.664999961853027,26721,0.0,0.0,0.0
2024-07-29 13:30:00-04:00,9.65999984741211,9.680000305175781,9.625,9.675000190734863,17942,0.0,0.0,0.0
2024-07-29 14:30:00-04:00,9.670000076293945,9.760000228881836,9.635000228881836,9.75,26047,0.0,0.0,0.0
2024-07-29 15:30:00-04:00,9.75,9.795000076293945,9.710000038146973,9.729999542236328,41851,0.0,0.0,0.0
2024-07-30 09:30:00-04:00,9.880000114440918,10.079999923706055,9.819999694824219,9.859999656677246,209816,0.0,0.0,0.0
2024-07-30 10:30:00-04:00,9.850000381469727,9.940099716186523,9.75,9.84000015258789,105286,0.0,0.0,0.0
2024-07-30 11:30:00-04:00,9.850000381469727,9.850000381469727,9.760000228881836,9.829999923706055,86281,0.0,0.0,0.0
2024-07-30 12:30:00-04:00,9.84000015258789,9.90999984741211,9.729999542236328,9.739999771118164,80718,0.0,0.0,0.0
2024-07-30 13:30:00-04:00,9.729999542236328,9.890000343322754,9.729999542236328,9.859999656677246,59092,0.0,0.0,0.0
2024-07-30 14:30:00-04:00,9.841400146484375,9.890000343322754,9.779999732971191,9.880000114440918,47678,0.0,0.0,0.0
2024-07-30 15:30:00-04:00,9.880000114440918,10.0,9.880000114440918,9.90999984741211,34137,0.0,0.0,0.0
2024-07-31 09:30:00-04:00,10.100000381469727,10.130000114440918,9.904999732971191,10.09000015258789,141294,0.0,0.0,0.0
2024-07-31 10:30:00-04:00,10.09000015258789,10.290399551391602,10.09000015258789,10.255000114440918,112414,0.0,0.0,0.0
2024-07-31 11:30:00-04:00,10.25,10.391400337219238,10.220000267028809,10.376299858093262,61932,0.0,0.0,0.0
2024-07-31 12:30:00-04:00,10.385000228881836,10.420000076293945,10.335000038146973,10.359999656677246,51581,0.0,0.0,0.0
2024-07-31 13:30:00-04:00,10.34000015258789,10.380000114440918,10.229999542236328,10.319999694824219,56055,0.0,0.0,0.0
2024-07-31 14:30:00-04:00,10.319999694824219,10.850000381469727,10.300000190734863,10.4399995803833,287289,0.0,0.0,0.0
2024-07-31 15:30:00-04:00,10.4399995803833,10.494999885559082,10.25,10.260000228881836,145133,0.0,0.0,0.0
2024-08-01 09:30:00-04:00,10.4399995803833,10.440299987792969,9.880000114440918,9.890000343322754,175545,0.0,0.0,0.0
2024-08-01 10:30:00-04:00,9.890000343322754,9.890000343322754,9.458900451660156,9.460000038146973,137753,0.0,0.0,0.0
2024-08-01 11:30:00-04:00,9.461099624633789,9.510000228881836,9.338899612426758,9.430000305175781,131949,0.0,0.0,0.0
2024-08-01 12:30:00-04:00,9.425000190734863,9.44789981842041,9.25,9.310099601745605,105297,0.0,0.0,0.0
2024-08-01 13:30:00-04:00,9.3100004196167,9.430000305175781,9.270000457763672,9.359999656677246,65764,0.0,0.0,0.0
2024-08-01 14:30:00-04:00,9.359999656677246,9.39109992980957,9.260000228881836,9.380000114440918,67344,0.0,0.0,0.0
2024-08-01 15:30:00-04:00,9.390000343322754,9.529999732971191,9.369999885559082,9.5,66715,0.0,0.0,0.0
2024-08-02 09:30:00-04:00,8.760000228881836,8.760000228881836,8.300000190734863,8.34000015258789,447730,0.0,0.0,0.0
2024-08-02 10:30:00-04:00,8.319999694824219,8.4399995803833,8.28499984741211,8.359999656677246,117037,0.0,0.0,0.0
2024-08-02 11:30:00-04:00,8.359999656677246,8.5649995803833,8.359999656677246,8.550000190734863,173756,0.0,0.0,0.0
2024-08-02 12:30:00-04:00,8.555000305175781,8.609999656677246,8.430000305175781,8.5,173741,0.0,0.0,0.0
2024-08-02 13:30:00-04:00,8.489999771118164,8.529999732971191,8.404999732971191,8.520000457763672,69843,0.0,0.0,0.0
2024-08-02 14:30:00-04:00,8.520000457763672,8.569999694824219,8.460000038146973,8.550000190734863,66945,0.0,0.0,0.0
2024-08-02 15:30:00-04:00,8.5600004196167,8.574999809265137,8.470000267028809,8.555000305175781,85139,0.0,0.0,0.0
