Datetime,Open,High,Low,Close,Volume,Dividends,Stock Splits,Capital Gains
2022-08-04 09:30:00-04:00,20.100000381469727,20.100000381469727,20.100000381469727,20.100000381469727,0,0.0,0.0,0.0
2022-08-04 12:30:00-04:00,20.1299991607666,20.1299991607666,20.1156005859375,20.1156005859375,115,0.0,0.0,0.0
2022-08-05 11:30:00-04:00,20.072500228881836,20.13610076904297,20.072500228881836,20.13610076904297,0,0.0,0.0,0.0
2022-08-08 09:30:00-04:00,20.100000381469727,20.100000381469727,20.100000381469727,20.100000381469727,0,0.0,0.0,0.0
2022-08-08 10:30:00-04:00,20.059999465942383,20.059999465942383,20.0,20.0,200,0.0,0.0,0.0
2022-08-08 14:30:00-04:00,19.920000076293945,19.93000030517578,19.920000076293945,19.93000030517578,130,0.0,0.0,0.0
2022-08-09 15:30:00-04:00,19.940000534057617,19.940000534057617,19.935199737548828,19.935199737548828,0,0.0,0.0,0.0
2022-08-10 09:30:00-04:00,19.770000457763672,19.770000457763672,19.770000457763672,19.770000457763672,299,0.0,0.0,0.0
2022-08-10 10:30:00-04:00,19.68000030517578,19.68000030517578,19.65999984741211,19.66010093688965,3000,0.0,0.0,0.0
2022-08-10 11:30:00-04:00,19.810100555419922,19.810100555419922,19.810100555419922,19.810100555419922,839,0.0,0.0,0.0
2022-08-10 14:30:00-04:00,19.905000686645508,19.905000686645508,19.899999618530273,19.899999618530273,220,0.0,0.0,0.0
2022-08-10 15:30:00-04:00,19.90999984741211,19.915000915527344,19.899999618530273,19.915000915527344,300,0.0,0.0,0.0
2022-08-11 13:30:00-04:00,20.40999984741211,20.40999984741211,20.360000610351562,20.360000610351562,3269,0.0,0.0,0.0
2022-08-11 14:30:00-04:00,20.350000381469727,20.350000381469727,20.290000915527344,20.290000915527344,100,0.0,0.0,0.0
2022-08-12 09:30:00-04:00,19.959999084472656,20.176300048828125,19.959999084472656,20.176300048828125,0,0.0,0.0,0.0
2022-08-16 09:30:00-04:00,20.0,20.0,20.0,20.0,6,0.0,0.0,0.0
2022-08-16 12:30:00-04:00,20.049999237060547,20.05500030517578,20.049999237060547,20.05500030517578,300,0.0,0.0,0.0
2022-08-16 13:30:00-04:00,20.049999237060547,20.049999237060547,20.01059913635254,20.01059913635254,204,0.0,0.0,0.0
2022-08-17 10:30:00-04:00,19.940000534057617,19.940000534057617,19.940000534057617,19.940000534057617,0,0.0,0.0,0.0
2022-08-17 14:30:00-04:00,19.989999771118164,20.0,19.7450008392334,19.7450008392334,542,0.0,0.0,0.0
2022-08-19 12:30:00-04:00,19.450000762939453,19.450000762939453,19.40999984741211,19.40999984741211,0,0.0,0.0,0.0
2022-08-22 11:30:00-04:00,19.598499298095703,19.598499298095703,19.549999237060547,19.598499298095703,3514,0.0,0.0,0.0
2022-08-23 09:30:00-04:00,19.700000762939453,19.700000762939453,19.700000762939453,19.700000762939453,0,0.0,0.0,0.0
2022-08-23 13:30:00-04:00,19.709999084472656,19.719999313354492,19.709999084472656,19.719999313354492,100,0.0,0.0,0.0
2022-08-24 09:30:00-04:00,19.200000762939453,19.450000762939453,19.200000762939453,19.450000762939453,607,0.0,0.0,0.0
2022-08-25 09:30:00-04:00,19.889999389648438,19.889999389648438,19.889999389648438,19.889999389648438,0,0.0,0.0,0.0
2022-08-25 10:30:00-04:00,19.9950008392334,19.9950008392334,19.9950008392334,19.9950008392334,0,0.0,0.0,0.0
2022-08-25 11:30:00-04:00,19.9950008392334,19.9950008392334,19.989999771118164,19.989999771118164,2011,0.0,0.0,0.0
2022-08-25 15:30:00-04:00,20.0,20.299999237060547,20.0,20.299999237060547,600,0.0,0.0,0.0
2022-08-26 09:30:00-04:00,20.700000762939453,20.700000762939453,20.700000762939453,20.700000762939453,0,0.0,0.0,0.0
2022-08-26 14:30:00-04:00,20.06719970703125,20.100000381469727,20.06719970703125,20.100000381469727,500,0.0,0.0,0.0
2022-08-26 15:30:00-04:00,20.059999465942383,20.079999923706055,20.037599563598633,20.079999923706055,2400,0.0,0.0,0.0
2022-08-29 09:30:00-04:00,20.2460994720459,20.2460994720459,19.489999771118164,19.489999771118164,0,0.0,0.0,0.0
2022-09-01 14:30:00-04:00,19.700000762939453,19.74959945678711,19.700000762939453,19.74959945678711,286,0.0,0.0,0.0
2022-09-02 13:30:00-04:00,19.469999313354492,19.479999542236328,19.40060043334961,19.40060043334961,349,0.0,0.0,0.0
2022-09-06 09:30:00-04:00,19.139999389648438,19.139999389648438,19.139999389648438,19.139999389648438,0,0.0,0.0,0.0
2022-09-06 11:30:00-04:00,19.059999465942383,19.344999313354492,19.00469970703125,19.344999313354492,0,0.0,0.0,0.0
2022-09-09 14:30:00-04:00,19.31999969482422,19.31999969482422,19.275299072265625,19.275299072265625,100,0.0,0.0,0.0
2022-09-13 09:30:00-04:00,19.139999389648438,19.139999389648438,19.139999389648438,19.139999389648438,359,0.0,0.0,0.0
2022-09-13 15:30:00-04:00,18.899999618530273,18.899999618530273,18.876300811767578,18.876300811767578,175,0.0,0.0,0.0
2022-09-14 10:30:00-04:00,18.84000015258789,18.862300872802734,18.50589942932129,18.862300872802734,0,0.0,0.0,0.0
2022-09-16 09:30:00-04:00,18.219999313354492,18.219999313354492,18.219999313354492,18.219999313354492,162,0.0,0.0,0.0
2022-09-16 10:30:00-04:00,18.079999923706055,18.08049964904785,18.079999923706055,18.08049964904785,200,0.0,0.0,0.0
2022-09-16 13:30:00-04:00,18.030000686645508,18.030000686645508,18.030000686645508,18.030000686645508,165,0.0,0.0,0.0
2022-09-16 14:30:00-04:00,18.030000686645508,18.052000045776367,18.030000686645508,18.052000045776367,273,0.0,0.0,0.0
2022-09-21 09:30:00-04:00,17.729999542236328,17.729999542236328,17.729999542236328,17.729999542236328,0,0.0,0.0,0.0
2022-09-21 11:30:00-04:00,17.559999465942383,17.58989906311035,17.559999465942383,17.58989906311035,426,0.0,0.0,0.0
2022-09-21 12:30:00-04:00,17.559999465942383,17.559999465942383,17.37190055847168,17.37190055847168,206,0.0,0.0,0.0
2022-09-22 09:30:00-04:00,17.440000534057617,17.440000534057617,17.440000534057617,17.440000534057617,0,0.0,0.0,0.0
2022-09-22 15:30:00-04:00,17.329999923706055,17.332199096679688,17.329999923706055,17.332199096679688,100,0.0,0.0,0.0
2022-09-23 12:30:00-04:00,16.854999542236328,16.860000610351562,16.854999542236328,16.85569953918457,1215,0.0,0.0,0.0
2022-09-23 13:30:00-04:00,16.829999923706055,16.87969970703125,16.829999923706055,16.87969970703125,110,0.0,0.0,0.0
2022-09-26 09:30:00-04:00,17.049999237060547,17.07229995727539,17.049999237060547,17.07229995727539,0,0.0,0.0,0.0
2022-09-27 11:30:00-04:00,17.200000762939453,17.200000762939453,16.899999618530273,16.899999618530273,4316,0.0,0.0,0.0
2022-09-27 12:30:00-04:00,16.950000762939453,16.950000762939453,16.889999389648438,16.924999237060547,600,0.0,0.0,0.0
2022-09-28 09:30:00-04:00,16.639999389648438,16.690000534057617,16.639999389648438,16.690000534057617,0,0.0,0.0,0.0
2022-09-28 10:30:00-04:00,16.690000534057617,16.690000534057617,16.690000534057617,16.690000534057617,200,0.0,0.0,0.0
2022-09-28 11:30:00-04:00,16.700000762939453,16.924999237060547,16.700000762939453,16.924999237060547,529,0.0,0.0,0.0
2022-09-29 13:30:00-04:00,16.59000015258789,16.59000015258789,16.520000457763672,16.520000457763672,0,0.0,0.0,0.0
2022-09-30 09:30:00-04:00,16.360000610351562,16.360000610351562,16.360000610351562,16.360000610351562,118,0.0,0.0,0.0
2022-09-30 10:30:00-04:00,16.3799991607666,16.3799991607666,16.3799991607666,16.3799991607666,100,0.0,0.0,0.0
2022-09-30 11:30:00-04:00,16.399999618530273,16.399999618530273,16.399999618530273,16.399999618530273,107,0.0,0.0,0.0
2022-09-30 15:30:00-04:00,16.399999618530273,16.399999618530273,16.3799991607666,16.3799991607666,280,0.0,0.0,0.0
2022-10-03 09:30:00-04:00,16.329999923706055,16.329999923706055,16.329999923706055,16.329999923706055,0,0.0,0.0,0.0
2022-10-03 13:30:00-04:00,16.459999084472656,16.459999084472656,16.459999084472656,16.459999084472656,110,0.0,0.0,0.0
2022-10-03 15:30:00-04:00,16.520000457763672,16.520000457763672,16.489999771118164,16.500200271606445,200,0.0,0.0,0.0
2022-10-04 10:30:00-04:00,16.84000015258789,16.84000015258789,16.84000015258789,16.84000015258789,0,0.0,0.0,0.0
2022-10-04 15:30:00-04:00,17.06999969482422,17.13409996032715,17.06999969482422,17.13409996032715,140,0.0,0.0,0.0
2022-10-05 09:30:00-04:00,17.299999237060547,17.299999237060547,17.299999237060547,17.299999237060547,234,0.0,0.0,0.0
2022-10-05 11:30:00-04:00,17.139999389648438,17.139999389648438,17.139999389648438,17.139999389648438,100,0.0,0.0,0.0
2022-10-05 14:30:00-04:00,17.18000030517578,17.25,17.058500289916992,17.058500289916992,0,0.0,0.0,0.0
2022-10-07 09:30:00-04:00,16.799999237060547,16.799999237060547,16.799999237060547,16.799999237060547,295,0.0,0.0,0.0
2022-10-07 15:30:00-04:00,16.579999923706055,16.579999923706055,16.540199279785156,16.540199279785156,100,0.0,0.0,0.0
2022-10-10 09:30:00-04:00,16.15999984741211,16.15999984741211,16.100000381469727,16.100000381469727,248,0.0,0.0,0.0
2022-10-10 10:30:00-04:00,16.100000381469727,16.100000381469727,16.100000381469727,16.100000381469727,391,0.0,0.0,0.0
2022-10-10 13:30:00-04:00,15.819999694824219,15.819999694824219,15.819999694824219,15.819999694824219,300,0.0,0.0,0.0
2022-10-10 15:30:00-04:00,15.850000381469727,15.850000381469727,15.505000114440918,15.800000190734863,140,0.0,0.0,0.0
2022-10-12 09:30:00-04:00,15.65999984741211,15.662400245666504,15.601499557495117,15.601499557495117,0,0.0,0.0,0.0
2022-10-14 09:30:00-04:00,15.850000381469727,15.850000381469727,15.850000381469727,15.850000381469727,125,0.0,0.0,0.0
2022-10-14 14:30:00-04:00,15.539999961853027,15.539999961853027,15.445300102233887,15.445300102233887,237,0.0,0.0,0.0
2022-10-17 09:30:00-04:00,15.800000190734863,15.800000190734863,15.800000190734863,15.800000190734863,72,0.0,0.0,0.0
2022-10-17 15:30:00-04:00,15.960000038146973,16.059999465942383,15.960000038146973,16.059999465942383,100,0.0,0.0,0.0
2022-10-18 10:30:00-04:00,16.270000457763672,16.270000457763672,15.350000381469727,16.270000457763672,210,0.0,0.0,0.0
2022-10-24 09:30:00-04:00,14.199999809265137,14.199999809265137,14.199999809265137,14.199999809265137,704,0.0,0.0,0.0
2022-10-24 10:30:00-04:00,13.680000305175781,13.819999694824219,13.670000076293945,13.819999694824219,1187,0.0,0.0,0.0
2022-10-24 11:30:00-04:00,14.001299858093262,14.001299858093262,14.001299858093262,14.001299858093262,1080,0.0,0.0,0.0
2022-10-24 13:30:00-04:00,13.989999771118164,14.045000076293945,13.989999771118164,14.045000076293945,344,0.0,0.0,0.0
2022-10-25 09:30:00-04:00,14.350000381469727,14.350000381469727,14.350000381469727,14.350000381469727,0,0.0,0.0,0.0
2022-10-25 14:30:00-04:00,14.429900169372559,15.300000190734863,14.404999732971191,15.300000190734863,0,0.0,0.0,0.0
2022-10-27 09:30:00-04:00,15.039999961853027,15.039999961853027,15.039999961853027,15.039999961853027,235,0.0,0.0,0.0
2022-10-27 10:30:00-04:00,15.225000381469727,15.225000381469727,15.225000381469727,15.225000381469727,0,0.0,0.0,0.0
2022-10-27 11:30:00-04:00,15.10990047454834,15.119999885559082,14.944999694824219,14.944999694824219,9610,0.0,0.0,0.0
2022-10-28 09:30:00-04:00,14.420000076293945,14.420000076293945,14.420000076293945,14.420000076293945,0,0.0,0.0,0.0
2022-10-28 11:30:00-04:00,14.3100004196167,14.3100004196167,14.3100004196167,14.3100004196167,412,0.0,0.0,0.0
2022-10-28 14:30:00-04:00,14.479999542236328,14.5,14.479999542236328,14.5,696,0.0,0.0,0.0
2022-10-28 15:30:00-04:00,14.5,14.5,14.47920036315918,14.47920036315918,449,0.0,0.0,0.0
2022-10-31 14:30:00-04:00,14.539999961853027,14.539999961853027,14.505000114440918,14.505000114440918,0,0.0,0.0,0.0
2022-11-01 09:30:00-04:00,15.34000015258789,15.34000015258789,15.140000343322754,15.140000343322754,904,0.0,0.0,0.0
2022-11-01 11:30:00-04:00,15.20989990234375,15.210000038146973,15.063199996948242,15.063199996948242,0,0.0,0.0,0.0
2022-11-07 09:30:00-05:00,16.410400390625,16.410400390625,16.410400390625,16.410400390625,2,0.0,0.0,0.0
2022-11-07 14:30:00-05:00,16.530000686645508,16.530000686645508,16.44499969482422,16.44499969482422,348,0.0,0.0,0.0
2022-11-08 09:30:00-05:00,16.34000015258789,16.440000534057617,16.34000015258789,16.440000534057617,0,0.0,0.0,0.0
2022-11-09 09:30:00-05:00,16.040000915527344,16.040000915527344,15.720000267028809,15.720000267028809,312,0.0,0.0,0.0
2022-11-10 09:30:00-05:00,16.440000534057617,16.440000534057617,16.440000534057617,16.440000534057617,105,0.0,0.0,0.0
2022-11-10 15:30:00-05:00,16.57270050048828,16.57270050048828,16.57270050048828,16.57270050048828,120,0.0,0.0,0.0
2022-11-14 09:30:00-05:00,16.92449951171875,16.92449951171875,16.92449951171875,16.92449951171875,601,0.0,0.0,0.0
2022-11-14 10:30:00-05:00,17.110000610351562,17.110000610351562,17.110000610351562,17.110000610351562,408,0.0,0.0,0.0
2022-11-14 11:30:00-05:00,17.11319923400879,17.11319923400879,17.059999465942383,17.059999465942383,1462,0.0,0.0,0.0
2022-11-15 09:30:00-05:00,18.0,18.0,18.0,18.0,0,0.0,0.0,0.0
2022-11-15 14:30:00-05:00,18.120100021362305,18.137300491333008,18.1200008392334,18.137300491333008,584,0.0,0.0,0.0
2022-11-16 09:30:00-05:00,17.790000915527344,17.790000915527344,17.790000915527344,17.790000915527344,0,0.0,0.0,0.0
2022-11-16 11:30:00-05:00,17.469999313354492,17.510000228881836,17.469999313354492,17.48430061340332,1520,0.0,0.0,0.0
2022-11-17 15:30:00-05:00,17.950000762939453,17.950000762939453,17.860000610351562,17.950000762939453,24,0.0,0.0,0.0
2022-11-18 12:30:00-05:00,17.549999237060547,17.549999237060547,17.549999237060547,17.549999237060547,176,0.0,0.0,0.0
2022-11-18 14:30:00-05:00,17.59000015258789,17.59000015258789,17.59000015258789,17.59000015258789,100,0.0,0.0,0.0
2022-11-18 15:30:00-05:00,17.56999969482422,17.56999969482422,17.43000030517578,17.43000030517578,245,0.0,0.0,0.0
2022-11-22 09:30:00-05:00,16.780000686645508,16.892000198364258,16.780000686645508,16.892000198364258,369,0.0,0.0,0.0
2022-11-23 09:30:00-05:00,16.979999542236328,16.979999542236328,16.979999542236328,16.979999542236328,0,0.0,0.0,0.0
2022-11-28 09:30:00-05:00,16.479999542236328,16.479999542236328,16.479999542236328,16.479999542236328,90,0.0,0.0,0.0
2022-11-28 10:30:00-05:00,16.81999969482422,16.81999969482422,16.639999389648438,16.639999389648438,6132,0.0,0.0,0.0
2022-11-28 13:30:00-05:00,16.729999542236328,16.729999542236328,16.729999542236328,16.729999542236328,102,0.0,0.0,0.0
2022-11-28 15:30:00-05:00,16.670000076293945,16.70509910583496,16.670000076293945,16.70509910583496,100,0.0,0.0,0.0
2022-11-29 09:30:00-05:00,17.600000381469727,17.600000381469727,17.600000381469727,17.600000381469727,0,0.0,0.0,0.0
2022-11-29 10:30:00-05:00,17.43000030517578,17.43000030517578,17.43000030517578,17.43000030517578,151,0.0,0.0,0.0
2022-11-30 09:30:00-05:00,17.959999084472656,17.959999084472656,17.959999084472656,17.959999084472656,0,0.0,0.0,0.0
2022-12-01 09:30:00-05:00,18.229999542236328,18.229999542236328,18.229999542236328,18.229999542236328,302,0.0,0.0,0.0
2022-12-01 15:30:00-05:00,18.18000030517578,18.221500396728516,18.18000030517578,18.221500396728516,100,0.0,0.0,0.0
2022-12-02 13:30:00-05:00,18.829999923706055,18.829999923706055,18.770000457763672,18.770000457763672,2000,0.0,0.0,0.0
2022-12-02 15:30:00-05:00,18.770000457763672,18.821800231933594,18.770000457763672,18.821800231933594,150,0.0,0.0,0.0
2022-12-05 09:30:00-05:00,19.059999465942383,19.059999465942383,18.985000610351562,18.985000610351562,0,0.0,0.0,0.0
2022-12-05 11:30:00-05:00,18.829999923706055,18.829999923706055,18.829999923706055,18.829999923706055,213,0.0,0.0,0.0
2022-12-05 12:30:00-05:00,18.829999923706055,18.829999923706055,18.829999923706055,18.829999923706055,153,0.0,0.0,0.0
2022-12-05 14:30:00-05:00,18.829999923706055,18.952800750732422,18.66010093688965,18.704999923706055,838,0.0,0.0,0.0
2022-12-07 09:30:00-05:00,18.510000228881836,18.659900665283203,18.510000228881836,18.510000228881836,158,0.0,0.0,0.0
2022-12-08 09:30:00-05:00,19.1299991607666,19.1299991607666,19.1299991607666,19.1299991607666,285,0.0,0.0,0.0
2022-12-08 10:30:00-05:00,19.329999923706055,19.34000015258789,19.30660057067871,19.30660057067871,2865,0.0,0.0,0.0
2022-12-08 11:30:00-05:00,19.309999465942383,19.31999969482422,19.309999465942383,19.31999969482422,15300,0.0,0.0,0.0
2022-12-08 12:30:00-05:00,19.329999923706055,19.329999923706055,19.329999923706055,19.329999923706055,1000,0.0,0.0,0.0
2022-12-09 10:30:00-05:00,19.56999969482422,19.56999969482422,19.56999969482422,19.56999969482422,0,0.0,0.0,0.0
2022-12-09 11:30:00-05:00,19.559999465942383,19.56999969482422,19.530000686645508,19.530000686645508,5363,0.0,0.0,0.0
2022-12-09 14:30:00-05:00,19.333999633789062,19.333999633789062,19.296899795532227,19.296899795532227,515,0.0,0.0,0.0
2022-12-12 09:30:00-05:00,19.170000076293945,19.296899795532227,19.170000076293945,19.296899795532227,0,0.0,0.0,0.0
2022-12-12 13:30:00-05:00,18.860000610351562,18.860000610351562,18.860000610351562,18.860000610351562,2913,0.0,0.0,0.0
2022-12-12 15:30:00-05:00,18.93000030517578,18.93000030517578,18.93000030517578,18.93000030517578,100,0.0,0.0,0.0
2022-12-16 11:30:00-05:00,18.88960075378418,18.88960075378418,18.795000076293945,18.795000076293945,852,0.0,0.0,0.0
2022-12-19 09:30:00-05:00,18.84000015258789,18.84000015258789,18.68000030517578,18.68000030517578,0,0.0,0.0,0.0
2022-12-20 09:30:00-05:00,18.34000015258789,18.34000015258789,18.34000015258789,18.34000015258789,3666,0.0,0.0,0.0
2022-12-20 10:30:00-05:00,18.579999923706055,18.579999923706055,18.579999923706055,18.579999923706055,100,0.0,0.0,0.0
2022-12-20 15:30:00-05:00,18.579999923706055,18.65999984741211,18.540000915527344,18.540000915527344,200,0.0,0.0,0.0
2022-12-22 11:30:00-05:00,18.899999618530273,18.899999618530273,18.889999389648438,18.889999389648438,0,0.0,0.0,0.0
2022-12-22 15:30:00-05:00,18.649999618530273,18.649999618530273,18.649999618530273,18.649999618530273,100,0.0,0.0,0.0
2022-12-23 15:30:00-05:00,18.579999923706055,18.584999084472656,18.579999923706055,18.584999084472656,0,0.0,0.0,0.0
2022-12-27 15:30:00-05:00,19.43000030517578,19.434999465942383,19.43000030517578,19.434999465942383,295,0.0,0.0,0.0
2022-12-28 10:30:00-05:00,19.059999465942383,19.059999465942383,18.728599548339844,18.729999542236328,1549,0.0,0.0,0.0
2022-12-28 13:30:00-05:00,18.760000228881836,18.760000228881836,18.6299991607666,18.6299991607666,155,0.0,0.0,0.0
2022-12-29 10:30:00-05:00,19.040000915527344,19.040000915527344,19.0,19.0,0,0.0,0.0,0.0
2022-12-29 12:30:00-05:00,18.93000030517578,18.93000030517578,18.93000030517578,18.93000030517578,139,0.0,0.0,0.0
2022-12-29 15:30:00-05:00,19.040000915527344,19.040000915527344,19.030000686645508,19.030000686645508,100,0.0,0.0,0.0
2022-12-30 14:30:00-05:00,18.759899139404297,18.760000228881836,18.670000076293945,18.670000076293945,1065,0.0,0.0,0.0
2022-12-30 15:30:00-05:00,18.670000076293945,18.725500106811523,18.670000076293945,18.725500106811523,100,0.0,0.0,0.0
2023-01-03 09:30:00-05:00,19.31999969482422,19.31999969482422,19.31999969482422,19.31999969482422,0,0.0,0.0,0.0
2023-01-03 11:30:00-05:00,19.479999542236328,19.479999542236328,19.479999542236328,19.479999542236328,288,0.0,0.0,0.0
2023-01-03 15:30:00-05:00,19.549999237060547,19.549999237060547,19.450000762939453,19.49209976196289,264,0.0,0.0,0.0
2023-01-04 15:30:00-05:00,20.3799991607666,20.407699584960938,20.3799991607666,20.407699584960938,2,0.0,0.0,0.0
2023-01-05 14:30:00-05:00,20.600000381469727,20.600000381469727,20.599899291992188,20.599899291992188,340,0.0,0.0,0.0
2023-01-05 15:30:00-05:00,20.479999542236328,20.520599365234375,20.479999542236328,20.520599365234375,100,0.0,0.0,0.0
2023-01-06 10:30:00-05:00,20.459999084472656,20.575000762939453,20.450000762939453,20.575000762939453,2550,0.0,0.0,0.0
2023-01-06 13:30:00-05:00,20.559999465942383,20.610000610351562,20.559999465942383,20.610000610351562,1300,0.0,0.0,0.0
2023-01-06 15:30:00-05:00,20.729999542236328,20.729999542236328,20.673799514770508,20.673799514770508,100,0.0,0.0,0.0
2023-01-09 09:30:00-05:00,20.950000762939453,20.950000762939453,20.950000762939453,20.950000762939453,0,0.0,0.0,0.0
2023-01-09 10:30:00-05:00,20.940000534057617,20.950000762939453,20.905000686645508,20.940000534057617,1020,0.0,0.0,0.0
2023-01-09 15:30:00-05:00,20.700000762939453,20.73900032043457,20.700000762939453,20.73900032043457,100,0.0,0.0,0.0
2023-01-10 10:30:00-05:00,20.874799728393555,20.98550033569336,20.8700008392334,20.98550033569336,266,0.0,0.0,0.0
2023-01-11 09:30:00-05:00,20.850000381469727,20.8799991607666,20.850000381469727,20.8799991607666,0,0.0,0.0,0.0
2023-01-12 09:30:00-05:00,20.84000015258789,20.84000015258789,20.75,20.75,1230,0.0,0.0,0.0
2023-01-12 15:30:00-05:00,20.739999771118164,20.790700912475586,20.739999771118164,20.790700912475586,782,0.0,0.0,0.0
2023-01-13 15:30:00-05:00,21.129899978637695,21.129899978637695,21.049999237060547,21.049999237060547,201,0.0,0.0,0.0
2023-01-17 10:30:00-05:00,20.81999969482422,20.81999969482422,20.649999618530273,20.649999618530273,778,0.0,0.0,0.0
2023-01-17 15:30:00-05:00,20.739999771118164,20.79159927368164,20.739999771118164,20.79159927368164,100,0.0,0.0,0.0
2023-01-18 14:30:00-05:00,20.79010009765625,20.799999237060547,20.79010009765625,20.799999237060547,500,0.0,0.0,0.0
2023-01-18 15:30:00-05:00,20.700000762939453,20.700000762939453,20.549999237060547,20.598800659179688,244,0.0,0.0,0.0
2023-01-19 12:30:00-05:00,20.93000030517578,20.93000030517578,20.86829948425293,20.86829948425293,150,0.0,0.0,0.0
2023-01-20 15:30:00-05:00,21.399999618530273,21.41189956665039,21.399999618530273,21.41189956665039,15,0.0,0.0,0.0
2023-01-23 09:30:00-05:00,21.540000915527344,21.649900436401367,21.540000915527344,21.571500778198242,753,0.0,0.0,0.0
2023-01-23 14:30:00-05:00,21.670000076293945,21.670000076293945,21.670000076293945,21.670000076293945,130,0.0,0.0,0.0
2023-01-24 09:30:00-05:00,21.510000228881836,21.61009979248047,21.510000228881836,21.61009979248047,186,0.0,0.0,0.0
2023-01-24 14:30:00-05:00,21.559999465942383,21.559999465942383,21.559999465942383,21.559999465942383,0,0.0,0.0,0.0
2023-01-24 15:30:00-05:00,21.594999313354492,21.594999313354492,21.594999313354492,21.594999313354492,0,0.0,0.0,0.0
2023-01-25 09:30:00-05:00,21.530000686645508,21.530000686645508,21.530000686645508,21.530000686645508,564,0.0,0.0,0.0
2023-01-25 15:30:00-05:00,21.639999389648438,21.639999389648438,21.639999389648438,21.639999389648438,139,0.0,0.0,0.0
2023-01-26 09:30:00-05:00,22.139999389648438,22.268800735473633,22.139999389648438,22.268800735473633,328,0.0,0.0,0.0
2023-01-27 09:30:00-05:00,22.25,22.25,22.249900817871094,22.249900817871094,0,0.0,0.0,0.0
2023-01-30 09:30:00-05:00,21.479999542236328,21.479999542236328,21.479999542236328,21.479999542236328,0,0.0,0.0,0.0
2023-01-30 13:30:00-05:00,21.34000015258789,21.340299606323242,21.299999237060547,21.299999237060547,472,0.0,0.0,0.0
2023-01-31 14:30:00-05:00,21.260000228881836,21.260000228881836,21.219999313354492,21.239999771118164,0,0.0,0.0,0.0
2023-02-01 12:30:00-05:00,21.75,21.75,21.709999084472656,21.709999084472656,421,0.0,0.0,0.0
2023-02-01 13:30:00-05:00,21.770000457763672,22.041099548339844,21.75,22.041099548339844,294,0.0,0.0,0.0
2023-02-02 09:30:00-05:00,21.729999542236328,21.729999542236328,21.7007999420166,21.7007999420166,0,0.0,0.0,0.0
2023-02-02 10:30:00-05:00,21.65999984741211,21.66119956970215,21.65999984741211,21.66119956970215,264,0.0,0.0,0.0
2023-02-02 11:30:00-05:00,21.580299377441406,21.580299377441406,21.580299377441406,21.580299377441406,100,0.0,0.0,0.0
2023-02-02 12:30:00-05:00,21.656099319458008,21.665599822998047,21.143400192260742,21.656099319458008,702,0.0,0.0,0.0
2023-02-06 09:30:00-05:00,20.68000030517578,20.68000030517578,20.510000228881836,20.510000228881836,0,0.0,0.0,0.0
2023-02-06 10:30:00-05:00,20.510000228881836,20.670000076293945,20.510000228881836,20.600000381469727,15240,0.0,0.0,0.0
2023-02-06 12:30:00-05:00,20.65999984741211,20.730499267578125,20.6200008392334,20.730499267578125,279,0.0,0.0,0.0
2023-02-07 09:30:00-05:00,20.954999923706055,20.954999923706055,20.950000762939453,20.950000762939453,0,0.0,0.0,0.0
2023-02-07 14:30:00-05:00,20.860000610351562,20.939599990844727,20.860000610351562,20.939599990844727,210,0.0,0.0,0.0
2023-02-08 11:30:00-05:00,20.7549991607666,20.7549991607666,20.7549991607666,20.7549991607666,0,0.0,0.0,0.0
2023-02-08 14:30:00-05:00,20.75,20.75,20.565000534057617,20.565000534057617,232,0.0,0.0,0.0
2023-02-09 09:30:00-05:00,21.270000457763672,21.34000015258789,21.270000457763672,21.34000015258789,535,0.0,0.0,0.0
2023-02-09 10:30:00-05:00,21.209999084472656,21.399999618530273,21.209999084472656,21.309999465942383,8394,0.0,0.0,0.0
2023-02-09 14:30:00-05:00,21.259899139404297,21.259899139404297,21.24139976501465,21.24139976501465,125,0.0,0.0,0.0
2023-02-10 09:30:00-05:00,20.639999389648438,20.639999389648438,20.5,20.5,0,0.0,0.0,0.0
2023-02-10 10:30:00-05:00,20.5,20.5,20.5,20.5,242,0.0,0.0,0.0
2023-02-10 12:30:00-05:00,20.3799991607666,20.3799991607666,20.010000228881836,20.040000915527344,8041,0.0,0.0,0.0
2023-02-10 13:30:00-05:00,20.27079963684082,20.29050064086914,20.27079963684082,20.29050064086914,199,0.0,0.0,0.0
2023-02-13 09:30:00-05:00,20.65999984741211,20.65999984741211,20.65999984741211,20.65999984741211,0,0.0,0.0,0.0
2023-02-13 10:30:00-05:00,20.799999237060547,20.799999237060547,20.799999237060547,20.799999237060547,501,0.0,0.0,0.0
2023-02-13 15:30:00-05:00,20.739999771118164,20.773799896240234,20.6018009185791,20.773799896240234,103,0.0,0.0,0.0
2023-02-15 09:30:00-05:00,20.459999084472656,20.57939910888672,20.459999084472656,20.57939910888672,322,0.0,0.0,0.0
2023-02-16 11:30:00-05:00,20.546499252319336,20.546499252319336,20.530000686645508,20.546499252319336,304,0.0,0.0,0.0
2023-02-17 09:30:00-05:00,20.0,20.0,19.980100631713867,19.980100631713867,1971,0.0,0.0,0.0
2023-02-17 12:30:00-05:00,19.959999084472656,20.040000915527344,19.959999084472656,20.040000915527344,900,0.0,0.0,0.0
2023-02-17 14:30:00-05:00,19.969999313354492,19.979999542236328,19.969999313354492,19.979999542236328,350,0.0,0.0,0.0
2023-02-21 09:30:00-05:00,19.780000686645508,19.780000686645508,19.729999542236328,19.730100631713867,0,0.0,0.0,0.0
2023-02-21 10:30:00-05:00,19.700000762939453,19.700000762939453,19.56529998779297,19.56529998779297,535,0.0,0.0,0.0
2023-02-22 09:30:00-05:00,19.6200008392334,19.6200008392334,19.501800537109375,19.501800537109375,0,0.0,0.0,0.0
2023-02-23 09:30:00-05:00,19.750099182128906,19.770000457763672,19.750099182128906,19.770000457763672,0,0.0,0.0,0.0
2023-02-23 10:30:00-05:00,19.770000457763672,19.770000457763672,19.770000457763672,19.770000457763672,200,0.0,0.0,0.0
2023-02-23 11:30:00-05:00,19.770000457763672,19.770000457763672,19.540000915527344,19.540000915527344,140,0.0,0.0,0.0
2023-02-24 10:30:00-05:00,18.899999618530273,18.950000762939453,18.899999618530273,18.950000762939453,0,0.0,0.0,0.0
2023-02-27 14:30:00-05:00,19.149999618530273,19.19860076904297,19.149999618530273,19.19860076904297,203,0.0,0.0,0.0
2023-02-28 09:30:00-05:00,18.969999313354492,19.016300201416016,18.969999313354492,18.969999313354492,0,0.0,0.0,0.0
2023-03-01 11:30:00-05:00,19.65999984741211,19.70159912109375,19.65999984741211,19.70159912109375,136,0.0,0.0,0.0
2023-03-02 13:30:00-05:00,19.920000076293945,20.18000030517578,19.790000915527344,20.06439971923828,4885,0.0,0.0,0.0
2023-03-06 09:30:00-05:00,20.18000030517578,20.18000030517578,20.18000030517578,20.18000030517578,0,0.0,0.0,0.0
2023-03-06 12:30:00-05:00,19.94029998779297,19.94029998779297,19.87220001220703,19.94029998779297,0,0.0,0.0,0.0
2023-03-07 09:30:00-05:00,19.600000381469727,19.600000381469727,19.215099334716797,19.215099334716797,265,0.0,0.0,0.0
2023-03-09 09:30:00-05:00,18.56999969482422,18.93000030517578,18.56999969482422,18.56999969482422,269,0.0,0.0,0.0
2023-03-10 12:30:00-05:00,18.659900665283203,18.659900665283203,18.58970069885254,18.58970069885254,0,0.0,0.0,0.0
2023-03-13 09:30:00-04:00,18.639999389648438,18.825199127197266,18.639999389648438,18.825199127197266,408,0.0,0.0,0.0
2023-03-14 10:30:00-04:00,18.81999969482422,18.829999923706055,18.81999969482422,18.829999923706055,0,0.0,0.0,0.0
2023-03-15 09:30:00-04:00,18.40999984741211,18.635799407958984,18.389999389648438,18.389999389648438,164,0.0,0.0,0.0
2023-03-17 09:30:00-04:00,18.899999618530273,18.899999618530273,18.899999618530273,18.899999618530273,0,0.0,0.0,0.0
2023-03-17 14:30:00-04:00,18.65999984741211,18.75,18.649999618530273,18.75,2634,0.0,0.0,0.0
2023-03-20 09:30:00-04:00,18.530000686645508,18.530000686645508,18.530000686645508,18.530000686645508,0,0.0,0.0,0.0
2023-03-20 15:30:00-04:00,18.600000381469727,18.63279914855957,18.600000381469727,18.63279914855957,100,0.0,0.0,0.0
2023-03-21 10:30:00-04:00,18.790000915527344,18.790000915527344,18.790000915527344,18.790000915527344,0,0.0,0.0,0.0
2023-03-21 15:30:00-04:00,18.8799991607666,18.910900115966797,18.8799991607666,18.910900115966797,100,0.0,0.0,0.0
2023-03-22 09:30:00-04:00,18.979999542236328,18.979999542236328,18.979999542236328,18.979999542236328,201,0.0,0.0,0.0
2023-03-22 15:30:00-04:00,19.0,19.0,18.829999923706055,18.829999923706055,1486,0.0,0.0,0.0
2023-03-23 09:30:00-04:00,19.6299991607666,19.649999618530273,19.594900131225586,19.594900131225586,0,0.0,0.0,0.0
2023-03-27 09:30:00-04:00,19.40999984741211,19.40999984741211,19.355499267578125,19.355499267578125,0,0.0,0.0,0.0
2023-03-28 09:30:00-04:00,19.559999465942383,19.690000534057617,19.559999465942383,19.690000534057617,0,0.0,0.0,0.0
2023-03-29 11:30:00-04:00,19.86989974975586,19.8700008392334,19.7947998046875,19.7947998046875,120,0.0,0.0,0.0
2023-03-30 13:30:00-04:00,19.969999313354492,19.969999313354492,19.969999313354492,19.969999313354492,107,0.0,0.0,0.0
2023-03-30 14:30:00-04:00,20.049999237060547,20.049999237060547,19.836700439453125,19.836700439453125,0,0.0,0.0,0.0
2023-04-04 09:30:00-04:00,19.81999969482422,19.81999969482422,19.59000015258789,19.81999969482422,1354,0.0,0.0,0.0
2023-04-10 09:30:00-04:00,19.59000015258789,19.59000015258789,19.59000015258789,19.59000015258789,0,0.0,0.0,0.0
2023-04-10 11:30:00-04:00,19.5,19.563600540161133,19.5,19.507099151611328,0,0.0,0.0,0.0
2023-04-13 13:30:00-04:00,19.30500030517578,19.30500030517578,19.27389907836914,19.27389907836914,238,0.0,0.0,0.0
2023-04-14 14:30:00-04:00,19.100000381469727,19.1200008392334,19.084999084472656,19.1200008392334,458,0.0,0.0,0.0
2023-04-17 09:30:00-04:00,19.440000534057617,19.440000534057617,19.440000534057617,19.440000534057617,0,0.0,0.0,0.0
2023-04-17 13:30:00-04:00,19.399999618530273,19.462200164794922,19.399999618530273,19.462200164794922,0,0.0,0.0,0.0
2023-04-19 09:30:00-04:00,19.15999984741211,19.194700241088867,19.15999984741211,19.194700241088867,296,0.0,0.0,0.0
2023-04-20 09:30:00-04:00,19.219999313354492,19.219999313354492,19.170000076293945,19.219999313354492,0,0.0,0.0,0.0
2023-04-21 09:30:00-04:00,18.809999465942383,18.809999465942383,18.809999465942383,18.809999465942383,290,0.0,0.0,0.0
2023-04-21 13:30:00-04:00,18.735000610351562,18.735000610351562,18.735000610351562,18.735000610351562,0,0.0,0.0,0.0
2023-04-24 09:30:00-04:00,18.579999923706055,18.579999923706055,18.579999923706055,18.579999923706055,0,0.0,0.0,0.0
2023-04-24 14:30:00-04:00,18.40999984741211,18.40999984741211,18.40999984741211,18.40999984741211,0,0.0,0.0,0.0
2023-04-24 15:30:00-04:00,18.40999984741211,18.40999984741211,18.405000686645508,18.405000686645508,0,0.0,0.0,0.0
2023-04-25 09:30:00-04:00,17.959999084472656,17.959999084472656,17.729999542236328,17.959999084472656,0,0.0,0.0,0.0
2023-04-26 09:30:00-04:00,18.219999313354492,18.219999313354492,18.139999389648438,18.139999389648438,94,0.0,0.0,0.0
2023-04-27 15:30:00-04:00,18.280000686645508,18.280000686645508,18.2450008392334,18.2450008392334,492,0.0,0.0,0.0
2023-04-28 13:30:00-04:00,18.559900283813477,18.559900283813477,18.504600524902344,18.504600524902344,708,0.0,0.0,0.0
2023-04-28 14:30:00-04:00,18.56999969482422,18.56999969482422,18.518600463867188,18.56999969482422,174,0.0,0.0,0.0
2023-05-01 09:30:00-04:00,18.440000534057617,18.440000534057617,18.43000030517578,18.440000534057617,0,0.0,0.0,0.0
2023-05-02 09:30:00-04:00,18.260000228881836,18.260000228881836,18.260000228881836,18.260000228881836,465,0.0,0.0,0.0
2023-05-02 11:30:00-04:00,17.959699630737305,17.959699630737305,17.95439910888672,17.95439910888672,0,0.0,0.0,0.0
2023-05-03 09:30:00-04:00,17.989999771118164,17.989999771118164,17.989999771118164,17.989999771118164,100,0.0,0.0,0.0
2023-05-03 10:30:00-04:00,17.979999542236328,18.030000686645508,17.979999542236328,18.030000686645508,420,0.0,0.0,0.0
2023-05-03 11:30:00-04:00,18.020000457763672,18.030000686645508,17.989999771118164,18.030000686645508,400,0.0,0.0,0.0
2023-05-03 12:30:00-04:00,18.030000686645508,18.040000915527344,18.030000686645508,18.040000915527344,400,0.0,0.0,0.0
2023-05-03 13:30:00-04:00,18.049999237060547,18.139999389648438,18.030000686645508,18.139999389648438,500,0.0,0.0,0.0
2023-05-03 14:30:00-04:00,18.06999969482422,18.110000610351562,18.040000915527344,18.040000915527344,700,0.0,0.0,0.0
2023-05-03 15:30:00-04:00,17.989999771118164,18.0,17.979999542236328,17.989999771118164,1200,0.0,0.0,0.0
2023-05-04 09:30:00-04:00,17.979999542236328,17.979999542236328,17.979999542236328,17.979999542236328,0,0.0,0.0,0.0
2023-05-04 13:30:00-04:00,18.159900665283203,18.25,18.158899307250977,18.158899307250977,10800,0.0,0.0,0.0
2023-05-04 14:30:00-04:00,18.1200008392334,18.475000381469727,18.1200008392334,18.475000381469727,1100,0.0,0.0,0.0
2023-05-05 09:30:00-04:00,18.049999237060547,18.100000381469727,18.049999237060547,18.100000381469727,0,0.0,0.0,0.0
2023-05-08 14:30:00-04:00,18.110000610351562,18.139999389648438,18.06999969482422,18.139999389648438,1579,0.0,0.0,0.0
2023-05-09 09:30:00-04:00,17.719999313354492,17.757600784301758,17.719999313354492,17.757600784301758,0,0.0,0.0,0.0
2023-05-11 09:30:00-04:00,17.729999542236328,18.015100479125977,17.729999542236328,18.015100479125977,0,0.0,0.0,0.0
2023-05-12 09:30:00-04:00,17.729999542236328,17.729999542236328,17.49720001220703,17.49720001220703,437,0.0,0.0,0.0
2023-05-15 09:30:00-04:00,18.241500854492188,18.241500854492188,17.934999465942383,18.241500854492188,0,0.0,0.0,0.0
2023-05-16 09:30:00-04:00,17.979999542236328,17.979999542236328,17.979999542236328,17.979999542236328,400,0.0,0.0,0.0
2023-05-16 10:30:00-04:00,18.0,18.08919906616211,18.0,18.08919906616211,0,0.0,0.0,0.0
2023-05-17 13:30:00-04:00,17.90999984741211,17.954999923706055,17.90999984741211,17.954999923706055,264,0.0,0.0,0.0
2023-05-18 09:30:00-04:00,17.920000076293945,17.920000076293945,17.61829948425293,17.61829948425293,0,0.0,0.0,0.0
2023-05-19 11:30:00-04:00,17.510099411010742,17.510099411010742,17.510099411010742,17.510099411010742,155,0.0,0.0,0.0
2023-05-19 14:30:00-04:00,17.584299087524414,17.584299087524414,17.584299087524414,17.584299087524414,0,0.0,0.0,0.0
2023-05-22 09:30:00-04:00,17.780000686645508,17.891300201416016,17.772199630737305,17.772199630737305,0,0.0,0.0,0.0
2023-05-23 09:30:00-04:00,17.352699279785156,17.559999465942383,17.169700622558594,17.352699279785156,552,0.0,0.0,0.0
2023-05-26 09:30:00-04:00,17.09000015258789,17.34440040588379,17.09000015258789,17.34440040588379,0,0.0,0.0,0.0
2023-05-30 09:30:00-04:00,17.209999084472656,17.209999084472656,16.841299057006836,16.841299057006836,3,0.0,0.0,0.0
2023-06-02 09:30:00-04:00,17.690000534057617,17.690000534057617,17.6200008392334,17.6200008392334,613,0.0,0.0,0.0
2023-06-05 13:30:00-04:00,17.540000915527344,17.540000915527344,17.524799346923828,17.524799346923828,2,0.0,0.0,0.0
2023-06-06 09:30:00-04:00,17.31999969482422,17.68000030517578,17.31999969482422,17.68000030517578,0,0.0,0.0,0.0
2023-06-07 09:30:00-04:00,17.549999237060547,17.700000762939453,17.46380043029785,17.46380043029785,110,0.0,0.0,0.0
2023-06-08 11:30:00-04:00,17.649900436401367,17.649900436401367,17.61989974975586,17.61989974975586,2000,0.0,0.0,0.0
2023-06-08 13:30:00-04:00,17.549999237060547,17.579999923706055,17.549999237060547,17.549999237060547,110,0.0,0.0,0.0
2023-06-09 10:30:00-04:00,17.649999618530273,17.649999618530273,17.600000381469727,17.600000381469727,1059,0.0,0.0,0.0
2023-06-12 09:30:00-04:00,17.760000228881836,17.760000228881836,17.715099334716797,17.715099334716797,0,0.0,0.0,0.0
2023-06-13 09:30:00-04:00,18.09000015258789,18.280000686645508,18.09000015258789,18.144500732421875,162,0.0,0.0,0.0
2023-06-14 14:30:00-04:00,18.474199295043945,18.474199295043945,18.474199295043945,18.474199295043945,61,0.0,0.0,0.0
2023-06-15 09:30:00-04:00,18.739999771118164,18.739999771118164,18.739999771118164,18.739999771118164,100,0.0,0.0,0.0
2023-06-15 10:30:00-04:00,18.75,18.825000762939453,18.75,18.794700622558594,0,0.0,0.0,0.0
2023-06-20 09:30:00-04:00,18.557300567626953,18.557300567626953,18.557300567626953,18.557300567626953,1139,0.0,0.0,0.0
2023-06-20 10:30:00-04:00,18.499300003051758,18.499300003051758,18.499300003051758,18.499300003051758,600,0.0,0.0,0.0
2023-06-20 11:30:00-04:00,18.479999542236328,18.479999542236328,18.469999313354492,18.469999313354492,1200,0.0,0.0,0.0
2023-06-20 13:30:00-04:00,18.459999084472656,18.459999084472656,18.450000762939453,18.450000762939453,1000,0.0,0.0,0.0
2023-06-20 14:30:00-04:00,18.440000534057617,18.440000534057617,18.43000030517578,18.434999465942383,600,0.0,0.0,0.0
2023-06-21 09:30:00-04:00,17.950199127197266,17.979999542236328,17.950199127197266,17.950199127197266,0,0.0,0.0,0.0
2023-06-22 14:30:00-04:00,17.940000534057617,17.940000534057617,17.940000534057617,17.940000534057617,0,0.0,0.0,0.0
2023-06-23 09:30:00-04:00,17.639999389648438,17.639999389648438,17.639999389648438,17.639999389648438,204,0.0,0.0,0.0
2023-06-23 11:30:00-04:00,17.479999542236328,17.479999542236328,17.46380043029785,17.479999542236328,344,0.0,0.0,0.0
2023-06-26 12:30:00-04:00,17.59000015258789,17.59000015258789,17.569799423217773,17.569799423217773,965,0.0,0.0,0.0
2023-06-27 09:30:00-04:00,17.889999389648438,17.889999389648438,17.889999389648438,17.889999389648438,436,0.0,0.0,0.0
2023-06-27 13:30:00-04:00,18.003799438476562,18.020000457763672,17.798200607299805,18.003799438476562,666,0.0,0.0,0.0
2023-06-29 09:30:00-04:00,17.600000381469727,17.600000381469727,17.600000381469727,17.600000381469727,605,0.0,0.0,0.0
2023-06-29 11:30:00-04:00,17.560199737548828,17.560199737548828,17.560199737548828,17.560199737548828,232,0.0,0.0,0.0
2023-06-29 13:30:00-04:00,17.581499099731445,17.581499099731445,17.581499099731445,17.581499099731445,652,0.0,0.0,0.0
2023-06-29 14:30:00-04:00,17.619400024414062,17.619400024414062,17.619400024414062,17.619400024414062,0,0.0,0.0,0.0
2023-06-30 14:30:00-04:00,17.799999237060547,17.799999237060547,17.774999618530273,17.774999618530273,127,0.0,0.0,0.0
2023-07-03 09:30:00-04:00,17.979999542236328,18.040000915527344,17.979999542236328,18.040000915527344,417,0.0,0.0,0.0
2023-07-05 12:30:00-04:00,17.8799991607666,17.8799991607666,17.864999771118164,17.864999771118164,1,0.0,0.0,0.0
2023-07-06 14:30:00-04:00,17.516700744628906,17.549999237060547,17.516700744628906,17.516700744628906,240,0.0,0.0,0.0
2023-07-07 14:30:00-04:00,17.93000030517578,17.93000030517578,17.858299255371094,17.858299255371094,0,0.0,0.0,0.0
2023-07-10 09:30:00-04:00,17.959999084472656,18.054100036621094,17.950000762939453,17.959999084472656,0,0.0,0.0,0.0
2023-07-12 12:30:00-04:00,18.5,18.510000228881836,18.5,18.508699417114258,110,0.0,0.0,0.0
2023-07-13 09:30:00-04:00,18.789899826049805,18.790000915527344,18.789899826049805,18.789899826049805,784,0.0,0.0,0.0
2023-07-13 10:30:00-04:00,18.859899520874023,18.957199096679688,18.858200073242188,18.858200073242188,704,0.0,0.0,0.0
2023-07-14 09:30:00-04:00,18.729999542236328,18.729999542236328,18.568099975585938,18.568099975585938,0,0.0,0.0,0.0
2023-07-17 14:30:00-04:00,18.489999771118164,18.490299224853516,18.489999771118164,18.490299224853516,100,0.0,0.0,0.0
2023-07-18 12:30:00-04:00,18.100000381469727,18.19879913330078,18.100000381469727,18.19879913330078,0,0.0,0.0,0.0
2023-07-21 13:30:00-04:00,17.920000076293945,17.920000076293945,17.899999618530273,17.90130043029785,1725,0.0,0.0,0.0
2023-07-24 09:30:00-04:00,17.860000610351562,17.959999084472656,17.860000610351562,17.959999084472656,0,0.0,0.0,0.0
2023-07-24 11:30:00-04:00,18.54990005493164,18.54990005493164,18.417200088500977,18.417200088500977,0,0.0,0.0,0.0
2023-07-25 09:30:00-04:00,18.780000686645508,18.780000686645508,18.57110023498535,18.57110023498535,2,0.0,0.0,0.0
2023-07-26 11:30:00-04:00,18.718399047851562,18.718399047851562,18.389999389648438,18.389999389648438,0,0.0,0.0,0.0
2023-07-31 09:30:00-04:00,19.5,19.5,19.5,19.5,309,0.0,0.0,0.0
2023-07-31 10:30:00-04:00,19.559999465942383,19.684999465942383,19.559999465942383,19.684999465942383,12,0.0,0.0,0.0
2023-08-01 09:30:00-04:00,19.229900360107422,19.229999542236328,19.229900360107422,19.229999542236328,827,0.0,0.0,0.0
2023-08-01 10:30:00-04:00,19.350000381469727,19.350000381469727,19.139999389648438,19.203800201416016,0,0.0,0.0,0.0
2023-08-02 09:30:00-04:00,18.84000015258789,18.889999389648438,18.84000015258789,18.889999389648438,205,0.0,0.0,0.0
2023-08-02 10:30:00-04:00,18.739999771118164,18.739999771118164,18.65999984741211,18.65999984741211,90,0.0,0.0,0.0
2023-08-03 09:30:00-04:00,19.236000061035156,19.236000061035156,19.140600204467773,19.140600204467773,0,0.0,0.0,0.0
2023-08-08 09:30:00-04:00,18.549999237060547,18.6200008392334,18.479999542236328,18.6200008392334,300,0.0,0.0,0.0
2023-08-09 09:30:00-04:00,18.604999542236328,18.604999542236328,18.604999542236328,18.604999542236328,0,0.0,0.0,0.0
2023-08-10 13:30:00-04:00,18.770000457763672,18.770000457763672,18.649999618530273,18.71489906311035,328,0.0,0.0,0.0
2023-08-11 09:30:00-04:00,18.09000015258789,18.09000015258789,18.00189971923828,18.00189971923828,641,0.0,0.0,0.0
2023-08-14 14:30:00-04:00,18.011699676513672,18.011699676513672,18.011699676513672,18.011699676513672,0,0.0,0.0,0.0
2023-08-15 11:30:00-04:00,17.659900665283203,17.659900665283203,17.659900665283203,17.659900665283203,0,0.0,0.0,0.0
2023-08-15 14:30:00-04:00,17.6299991607666,17.6299991607666,17.579999923706055,17.579999923706055,7,0.0,0.0,0.0
2023-08-16 12:30:00-04:00,17.309999465942383,17.309999465942383,17.299999237060547,17.300100326538086,832,0.0,0.0,0.0
2023-08-16 14:30:00-04:00,17.309999465942383,17.309999465942383,17.309999465942383,17.309999465942383,1300,0.0,0.0,0.0
2023-08-16 15:30:00-04:00,17.30500030517578,17.30500030517578,17.30500030517578,17.30500030517578,0,0.0,0.0,0.0
2023-08-17 09:30:00-04:00,17.549999237060547,17.549999237060547,17.549999237060547,17.549999237060547,0,0.0,0.0,0.0
2023-08-17 13:30:00-04:00,17.6200008392334,17.6200008392334,17.514799118041992,17.514799118041992,300,0.0,0.0,0.0
2023-08-18 09:30:00-04:00,17.040000915527344,17.049999237060547,17.040000915527344,17.049999237060547,1003,0.0,0.0,0.0
2023-08-18 10:30:00-04:00,17.0,17.04599952697754,17.0,17.04599952697754,0,0.0,0.0,0.0
2023-08-22 11:30:00-04:00,17.139999389648438,17.139999389648438,17.139999389648438,17.139999389648438,104,0.0,0.0,0.0
2023-08-22 13:30:00-04:00,17.136699676513672,17.236400604248047,17.136699676513672,17.236400604248047,0,0.0,0.0,0.0
2023-08-24 09:30:00-04:00,17.43000030517578,17.43000030517578,17.43000030517578,17.43000030517578,0,0.0,0.0,0.0
2023-08-24 10:30:00-04:00,17.389999389648438,17.389999389648438,17.389999389648438,17.389999389648438,421,0.0,0.0,0.0
2023-08-24 11:30:00-04:00,17.25480079650879,17.270000457763672,17.25480079650879,17.2632999420166,1190,0.0,0.0,0.0
2023-08-24 12:30:00-04:00,17.286800384521484,17.286800384521484,17.286800384521484,17.286800384521484,0,0.0,0.0,0.0
2023-08-25 10:30:00-04:00,16.8799991607666,17.1299991607666,16.8799991607666,17.1299991607666,1336,0.0,0.0,0.0
2023-08-28 09:30:00-04:00,17.440000534057617,17.440000534057617,17.440000534057617,17.440000534057617,0,0.0,0.0,0.0
2023-08-28 15:30:00-04:00,17.549999237060547,17.549999237060547,17.51609992980957,17.51609992980957,0,0.0,0.0,0.0
2023-08-29 09:30:00-04:00,17.8799991607666,17.8799991607666,17.8799991607666,17.8799991607666,200,0.0,0.0,0.0
2023-08-29 13:30:00-04:00,18.079999923706055,18.09950065612793,18.079999923706055,18.09950065612793,0,0.0,0.0,0.0
2023-09-05 09:30:00-04:00,18.030000686645508,18.030000686645508,17.90999984741211,17.989900588989258,0,0.0,0.0,0.0
2023-09-06 11:30:00-04:00,17.899999618530273,17.959999084472656,17.899999618530273,17.959999084472656,5100,0.0,0.0,0.0
2023-09-06 12:30:00-04:00,17.940000534057617,17.940000534057617,17.905000686645508,17.924699783325195,0,0.0,0.0,0.0
2023-09-07 14:30:00-04:00,17.289400100708008,17.289400100708008,17.27589988708496,17.27589988708496,2,0.0,0.0,0.0
2023-09-08 09:30:00-04:00,17.239999771118164,17.239999771118164,17.239999771118164,17.239999771118164,500,0.0,0.0,0.0
2023-09-08 10:30:00-04:00,17.229999542236328,17.229999542236328,17.229999542236328,17.229999542236328,750,0.0,0.0,0.0
2023-09-11 13:30:00-04:00,17.505300521850586,17.540000915527344,17.505300521850586,17.524999618530273,0,0.0,0.0,0.0
2023-09-12 14:30:00-04:00,17.59000015258789,17.59000015258789,17.383499145507812,17.383499145507812,100,0.0,0.0,0.0
2023-09-15 09:30:00-04:00,17.31999969482422,17.31999969482422,17.31999969482422,17.31999969482422,260,0.0,0.0,0.0
2023-09-15 13:30:00-04:00,17.15999984741211,17.219999313354492,17.15999984741211,17.219999313354492,1303,0.0,0.0,0.0
2023-09-20 14:30:00-04:00,16.959999084472656,16.959999084472656,16.545000076293945,16.545000076293945,0,0.0,0.0,0.0
2023-09-22 14:30:00-04:00,17.199899673461914,17.199899673461914,17.199899673461914,17.199899673461914,116,0.0,0.0,0.0
2023-09-22 15:30:00-04:00,17.1200008392334,17.155000686645508,17.1200008392334,17.144800186157227,1186,0.0,0.0,0.0
2023-09-25 09:30:00-04:00,16.860000610351562,16.934999465942383,16.860000610351562,16.934999465942383,0,0.0,0.0,0.0
2023-09-26 09:30:00-04:00,16.780099868774414,16.93000030517578,16.780099868774414,16.93000030517578,0,0.0,0.0,0.0
2023-09-29 10:30:00-04:00,17.185699462890625,17.185699462890625,17.175600051879883,17.175600051879883,0,0.0,0.0,0.0
2023-10-03 09:30:00-04:00,16.939699172973633,16.939699172973633,16.882099151611328,16.882099151611328,49,0.0,0.0,0.0
2023-10-09 12:30:00-04:00,17.079999923706055,17.215099334716797,17.079999923706055,17.215099334716797,0,0.0,0.0,0.0
2023-10-18 09:30:00-04:00,16.68000030517578,16.68000030517578,16.615100860595703,16.615100860595703,1,0.0,0.0,0.0
2023-10-19 09:30:00-04:00,16.65999984741211,16.65999984741211,16.65999984741211,16.65999984741211,502,0.0,0.0,0.0
2023-10-19 12:30:00-04:00,16.700000762939453,16.700000762939453,16.700000762939453,16.700000762939453,200,0.0,0.0,0.0
2023-10-19 13:30:00-04:00,16.690000534057617,16.690000534057617,16.690000534057617,16.690000534057617,200,0.0,0.0,0.0
2023-10-19 14:30:00-04:00,16.56999969482422,16.575000762939453,16.2814998626709,16.2814998626709,0,0.0,0.0,0.0
2023-10-23 11:30:00-04:00,16.299999237060547,16.329999923706055,16.299999237060547,16.32990074157715,9478,0.0,0.0,0.0
2023-10-23 12:30:00-04:00,16.34000015258789,16.350000381469727,16.33989906311035,16.33989906311035,6002,0.0,0.0,0.0
2023-10-23 15:30:00-04:00,16.31999969482422,16.711000442504883,16.31999969482422,16.711000442504883,0,0.0,0.0,0.0
2023-10-26 14:30:00-04:00,16.460100173950195,16.460100173950195,16.44499969482422,16.457500457763672,10,0.0,0.0,0.0
2023-10-30 09:30:00-04:00,16.93000030517578,16.93000030517578,16.829999923706055,16.829999923706055,0,0.0,0.0,0.0
2023-10-31 14:30:00-04:00,16.528900146484375,16.528900146484375,16.3799991607666,16.3799991607666,9371,0.0,0.0,0.0
2023-11-02 13:30:00-04:00,16.670000076293945,17.22719955444336,16.670000076293945,17.22719955444336,0,0.0,0.0,0.0
2023-11-06 10:30:00-05:00,17.450000762939453,17.45009994506836,17.450000762939453,17.45009994506836,229,0.0,0.0,0.0
2023-11-06 11:30:00-05:00,17.459999084472656,17.459999084472656,17.395000457763672,17.395000457763672,299,0.0,0.0,0.0
2023-11-07 09:30:00-05:00,17.3799991607666,17.484699249267578,17.3799991607666,17.41790008544922,0,0.0,0.0,0.0
2023-11-09 09:30:00-05:00,17.3799991607666,17.3799991607666,17.34000015258789,17.34000015258789,2102,0.0,0.0,0.0
2023-11-09 10:30:00-05:00,17.25,17.25,17.25,17.25,0,0.0,0.0,0.0
2023-11-10 09:30:00-05:00,17.092599868774414,17.15999984741211,17.092599868774414,17.15999984741211,300,0.0,0.0,0.0
2023-11-10 11:30:00-05:00,17.170000076293945,17.197099685668945,17.170000076293945,17.197099685668945,300,0.0,0.0,0.0
2023-11-13 09:30:00-05:00,17.43000030517578,17.805500030517578,17.43000030517578,17.805500030517578,0,0.0,0.0,0.0
2023-11-15 09:30:00-05:00,18.0,18.114599227905273,18.0,18.114599227905273,0,0.0,0.0,0.0
2023-11-16 15:30:00-05:00,17.510000228881836,17.510000228881836,17.440000534057617,17.440000534057617,0,0.0,0.0,0.0
2023-11-17 09:30:00-05:00,17.639999389648438,17.639999389648438,17.639999389648438,17.639999389648438,1145,0.0,0.0,0.0
2023-11-17 10:30:00-05:00,17.639999389648438,17.690000534057617,17.639999389648438,17.690000534057617,4460,0.0,0.0,0.0
2023-11-17 15:30:00-05:00,17.68000030517578,17.70989990234375,17.649999618530273,17.649999618530273,2077,0.0,0.0,0.0
2023-11-20 10:30:00-05:00,18.084999084472656,18.084999084472656,18.084999084472656,18.084999084472656,694,0.0,0.0,0.0
2023-11-20 14:30:00-05:00,17.989999771118164,18.025699615478516,17.989999771118164,18.025699615478516,786,0.0,0.0,0.0
2023-11-20 15:30:00-05:00,18.040000915527344,18.079999923706055,18.0393009185791,18.0393009185791,0,0.0,0.0,0.0
2023-11-21 13:30:00-05:00,17.649999618530273,17.649999618530273,17.649999618530273,17.649999618530273,307,0.0,0.0,0.0
2023-11-21 14:30:00-05:00,17.65999984741211,17.65999984741211,17.59239959716797,17.59239959716797,0,0.0,0.0,0.0
2023-11-24 12:30:00-05:00,17.59000015258789,17.59000015258789,17.584999084472656,17.584999084472656,115,0.0,0.0,0.0
2023-11-27 11:30:00-05:00,17.54599952697754,17.54599952697754,17.54599952697754,17.54599952697754,0,0.0,0.0,0.0
2023-11-28 15:30:00-05:00,17.81999969482422,17.81999969482422,17.78529930114746,17.78529930114746,19,0.0,0.0,0.0
2023-11-29 11:30:00-05:00,17.6299991607666,17.6299991607666,17.6299991607666,17.6299991607666,292,0.0,0.0,0.0
2023-11-29 15:30:00-05:00,17.611900329589844,17.6299991607666,17.611900329589844,17.6299991607666,0,0.0,0.0,0.0
2023-12-01 12:30:00-05:00,17.549999237060547,17.549999237060547,17.549999237060547,17.549999237060547,336,0.0,0.0,0.0
2023-12-01 14:30:00-05:00,17.549999237060547,17.563600540161133,17.549999237060547,17.563600540161133,427,0.0,0.0,0.0
2023-12-04 14:30:00-05:00,17.299999237060547,17.299999237060547,17.299999237060547,17.299999237060547,0,0.0,0.0,0.0
2023-12-04 15:30:00-05:00,17.239999771118164,17.265499114990234,17.239999771118164,17.265499114990234,0,0.0,0.0,0.0
2023-12-05 15:30:00-05:00,16.90999984741211,16.940000534057617,16.895700454711914,16.895700454711914,297,0.0,0.0,0.0
2023-12-06 09:30:00-05:00,17.083999633789062,17.15999984741211,17.083999633789062,17.15999984741211,2675,0.0,0.0,0.0
2023-12-06 12:30:00-05:00,17.052200317382812,17.09429931640625,17.00860023498535,17.09429931640625,0,0.0,0.0,0.0
2023-12-08 10:30:00-05:00,17.040000915527344,17.059999465942383,17.040000915527344,17.059999465942383,1280,0.0,0.0,0.0
2023-12-08 11:30:00-05:00,17.030000686645508,17.030000686645508,17.030000686645508,17.030000686645508,100,0.0,0.0,0.0
2023-12-08 12:30:00-05:00,17.030000686645508,17.030000686645508,17.030000686645508,17.030000686645508,100,0.0,0.0,0.0
2023-12-08 13:30:00-05:00,17.040000915527344,17.040000915527344,17.040000915527344,17.040000915527344,186,0.0,0.0,0.0
2023-12-08 14:30:00-05:00,17.040000915527344,17.040000915527344,17.001300811767578,17.001300811767578,100,0.0,0.0,0.0
2023-12-11 13:30:00-05:00,17.20050048828125,17.235000610351562,17.20050048828125,17.235000610351562,0,0.0,0.0,0.0
2023-12-12 09:30:00-05:00,17.190000534057617,17.190000534057617,17.190000534057617,17.190000534057617,103,0.0,0.0,0.0
2023-12-12 10:30:00-05:00,17.18000030517578,17.18000030517578,17.18000030517578,17.18000030517578,202,0.0,0.0,0.0
2023-12-12 14:30:00-05:00,17.254100799560547,17.254100799560547,17.254100799560547,17.254100799560547,250,0.0,0.0,0.0
2023-12-12 15:30:00-05:00,17.319799423217773,17.319799423217773,17.260000228881836,17.260000228881836,100,0.0,0.0,0.0
2023-12-13 09:30:00-05:00,17.18000030517578,17.18000030517578,17.129899978637695,17.129899978637695,73,0.0,0.0,0.0
2023-12-13 12:30:00-05:00,17.024999618530273,17.311500549316406,17.024999618530273,17.311500549316406,101,0.0,0.0,0.0
2023-12-14 11:30:00-05:00,17.50029945373535,17.559999465942383,17.50029945373535,17.50860023498535,0,0.0,0.0,0.0
2023-12-18 09:30:00-05:00,17.149999618530273,17.149999618530273,17.149999618530273,17.149999618530273,92,0.0,0.0,0.0
2023-12-18 11:30:00-05:00,17.070100784301758,17.14579963684082,17.070100784301758,17.14579963684082,0,0.0,0.0,0.0
2023-12-19 13:30:00-05:00,17.459999084472656,17.459999084472656,17.43440055847168,17.43440055847168,800,0.0,0.0,0.0
2023-12-19 14:30:00-05:00,17.459999084472656,17.459999084472656,17.413700103759766,17.413700103759766,121,0.0,0.0,0.0
2023-12-20 09:30:00-05:00,16.489999771118164,16.489999771118164,16.399999618530273,16.420000076293945,9111,0.0,0.0,0.0
2023-12-20 10:30:00-05:00,16.43000030517578,16.479999542236328,16.3799991607666,16.469999313354492,5301,0.0,0.0,0.0
2023-12-20 11:30:00-05:00,16.440000534057617,16.440000534057617,16.440000534057617,16.440000534057617,300,0.0,0.0,0.0
2023-12-20 12:30:00-05:00,16.420000076293945,16.420000076293945,16.420000076293945,16.420000076293945,635,0.0,0.0,0.0
2023-12-20 13:30:00-05:00,16.420000076293945,16.420000076293945,16.420000076293945,16.420000076293945,108,0.0,0.0,0.0
2023-12-20 14:30:00-05:00,16.40999984741211,16.40999984741211,16.290000915527344,16.299999237060547,1249,0.0,0.0,0.0
2023-12-20 15:30:00-05:00,16.280000686645508,16.280000686645508,16.212499618530273,16.212499618530273,500,0.0,0.0,0.0
2023-12-21 09:30:00-05:00,16.59000015258789,16.59000015258789,16.59000015258789,16.59000015258789,0,0.0,0.0,0.0
2023-12-21 14:30:00-05:00,16.739999771118164,16.739999771118164,16.739999771118164,16.739999771118164,1600,0.0,0.0,0.0
2023-12-21 15:30:00-05:00,16.739999771118164,16.780000686645508,16.729999542236328,16.77669906616211,0,0.0,0.0,0.0
2023-12-22 09:30:00-05:00,16.149999618530273,16.149999618530273,16.149999618530273,16.149999618530273,420,0.0,0.0,0.0
2023-12-22 14:30:00-05:00,16.3700008392334,16.3700008392334,16.31999969482422,16.31999969482422,1200,0.0,0.0,0.0
2023-12-26 15:30:00-05:00,16.229999542236328,16.25909996032715,16.229999542236328,16.25909996032715,119,0.0,0.0,0.0
2023-12-27 11:30:00-05:00,16.309999465942383,16.309999465942383,16.270099639892578,16.280099868774414,444,0.0,0.0,0.0
2023-12-27 14:30:00-05:00,16.31999969482422,16.31999969482422,16.31999969482422,16.31999969482422,132,0.0,0.0,0.0
2023-12-27 15:30:00-05:00,16.34000015258789,16.350000381469727,16.329500198364258,16.329500198364258,0,0.0,0.0,0.0
2023-12-28 09:30:00-05:00,16.90999984741211,16.90999984741211,16.90999984741211,16.90999984741211,187,0.0,0.0,0.0
2023-12-28 13:30:00-05:00,16.730100631713867,16.809999465942383,16.730100631713867,16.78070068359375,1350,0.0,0.0,0.0
2023-12-29 09:30:00-05:00,16.850000381469727,16.94969940185547,16.850000381469727,16.94969940185547,0,0.0,0.0,0.0
2023-12-29 10:30:00-05:00,16.93000030517578,16.93000030517578,16.929899215698242,16.929899215698242,303,0.0,0.0,0.0
2023-12-29 11:30:00-05:00,16.924999237060547,16.924999237060547,16.924999237060547,16.924999237060547,191,0.0,0.0,0.0
2024-01-02 12:30:00-05:00,16.489999771118164,16.5,16.489999771118164,16.5,1407,0.0,0.0,0.0
2024-01-02 13:30:00-05:00,16.399999618530273,16.399999618530273,16.399999618530273,16.399999618530273,0,0.0,0.0,0.0
2024-01-03 09:30:00-05:00,16.389999389648438,16.440000534057617,16.389999389648438,16.440000534057617,22,0.0,0.0,0.0
2024-01-04 10:30:00-05:00,16.344999313354492,16.344999313354492,16.344999313354492,16.344999313354492,259,0.0,0.0,0.0
2024-01-04 12:30:00-05:00,16.34000015258789,16.350000381469727,16.272899627685547,16.272899627685547,0,0.0,0.0,0.0
2024-01-05 09:30:00-05:00,16.15999984741211,16.15999984741211,16.139999389648438,16.149999618530273,4518,0.0,0.0,0.0
2024-01-05 12:30:00-05:00,16.1299991607666,16.1299991607666,16.041000366210938,16.041000366210938,981,0.0,0.0,0.0
2024-01-08 10:30:00-05:00,15.880000114440918,15.880000114440918,15.869999885559082,15.869999885559082,268,0.0,0.0,0.0
2024-01-08 11:30:00-05:00,15.899999618530273,15.899999618530273,15.899999618530273,15.899999618530273,276,0.0,0.0,0.0
2024-01-08 12:30:00-05:00,15.889800071716309,15.889800071716309,15.889800071716309,15.889800071716309,481,0.0,0.0,0.0
2024-01-08 13:30:00-05:00,15.864999771118164,15.864999771118164,15.840100288391113,15.840100288391113,281,0.0,0.0,0.0
2024-01-08 14:30:00-05:00,15.829999923706055,15.879799842834473,15.719900131225586,15.719900131225586,0,0.0,0.0,0.0
2024-01-10 09:30:00-05:00,15.779999732971191,15.779999732971191,15.779999732971191,15.779999732971191,87,0.0,0.0,0.0
2024-01-10 10:30:00-05:00,15.770000457763672,15.770000457763672,15.770000457763672,15.770000457763672,150,0.0,0.0,0.0
2024-01-10 11:30:00-05:00,15.683799743652344,15.683799743652344,15.683799743652344,15.683799743652344,0,0.0,0.0,0.0
2024-01-11 12:30:00-05:00,15.920000076293945,15.930000305175781,15.920000076293945,15.929900169372559,713,0.0,0.0,0.0
2024-01-11 14:30:00-05:00,15.949999809265137,15.949999809265137,15.92039966583252,15.92039966583252,1240,0.0,0.0,0.0
2024-01-12 09:30:00-05:00,15.979999542236328,16.406400680541992,15.979999542236328,16.329999923706055,1096,0.0,0.0,0.0
2024-01-12 13:30:00-05:00,16.079999923706055,16.079999923706055,16.024999618530273,16.024999618530273,1670,0.0,0.0,0.0
2024-01-16 09:30:00-05:00,15.479999542236328,15.479999542236328,15.479999542236328,15.479999542236328,0,0.0,0.0,0.0
2024-01-16 14:30:00-05:00,15.3149995803833,15.3149995803833,15.300000190734863,15.300000190734863,0,0.0,0.0,0.0
2024-01-17 09:30:00-05:00,14.8100004196167,14.859999656677246,14.8100004196167,14.859999656677246,3097,0.0,0.0,0.0
2024-01-17 11:30:00-05:00,14.829999923706055,15.018799781799316,14.649999618530273,15.018799781799316,0,0.0,0.0,0.0
2024-01-19 13:30:00-05:00,15.100700378417969,15.100700378417969,15.095000267028809,15.095000267028809,399,0.0,0.0,0.0
2024-01-22 09:30:00-05:00,14.550000190734863,14.649999618530273,14.550000190734863,14.649999618530273,1092,0.0,0.0,0.0
2024-01-22 10:30:00-05:00,14.674599647521973,14.674599647521973,14.674599647521973,14.674599647521973,0,0.0,0.0,0.0
2024-01-23 10:30:00-05:00,15.229999542236328,15.229999542236328,15.1899995803833,15.1899995803833,211,0.0,0.0,0.0
2024-01-23 11:30:00-05:00,15.160099983215332,15.160099983215332,15.160099983215332,15.160099983215332,0,0.0,0.0,0.0
2024-01-23 14:30:00-05:00,15.229999542236328,15.23009967803955,15.229999542236328,15.23009967803955,2295,0.0,0.0,0.0
2024-01-23 15:30:00-05:00,15.240099906921387,15.240099906921387,15.229999542236328,15.229999542236328,0,0.0,0.0,0.0
2024-01-24 10:30:00-05:00,15.5600004196167,15.630000114440918,15.5600004196167,15.630000114440918,302,0.0,0.0,0.0
2024-01-24 11:30:00-05:00,15.609999656677246,15.609999656677246,15.609999656677246,15.609999656677246,202,0.0,0.0,0.0
2024-01-24 12:30:00-05:00,15.460000038146973,15.510000228881836,15.460000038146973,15.460000038146973,0,0.0,0.0,0.0
2024-01-26 11:30:00-05:00,15.260000228881836,15.260000228881836,15.260000228881836,15.260000228881836,489,0.0,0.0,0.0
2024-01-26 12:30:00-05:00,15.239999771118164,15.239999771118164,15.239899635314941,15.239899635314941,606,0.0,0.0,0.0
2024-01-26 15:30:00-05:00,15.180899620056152,15.180899620056152,15.180000305175781,15.180000305175781,260,0.0,0.0,0.0
2024-01-29 09:30:00-05:00,14.960000038146973,14.960000038146973,14.960000038146973,14.960000038146973,0,0.0,0.0,0.0
2024-01-29 10:30:00-05:00,14.649999618530273,14.649999618530273,14.649999618530273,14.649999618530273,145,0.0,0.0,0.0
2024-01-29 11:30:00-05:00,14.650099754333496,14.6899995803833,14.650099754333496,14.6899995803833,300,0.0,0.0,0.0
2024-01-29 12:30:00-05:00,14.649999618530273,14.649999618530273,14.649999618530273,14.649999618530273,368,0.0,0.0,0.0
2024-01-29 13:30:00-05:00,14.60569953918457,14.720000267028809,14.600000381469727,14.720000267028809,0,0.0,0.0,0.0
2024-01-30 11:30:00-05:00,14.39009952545166,14.39009952545166,14.39009952545166,14.39009952545166,125,0.0,0.0,0.0
2024-01-30 12:30:00-05:00,14.375,14.375,14.350000381469727,14.350000381469727,0,0.0,0.0,0.0
2024-02-02 09:30:00-05:00,14.0,14.010000228881836,14.0,14.010000228881836,894,0.0,0.0,0.0
2024-02-02 13:30:00-05:00,14.050000190734863,14.050000190734863,14.039999961853027,14.039999961853027,202,0.0,0.0,0.0
2024-02-05 09:30:00-05:00,14.079999923706055,14.079999923706055,14.079999923706055,14.079999923706055,0,0.0,0.0,0.0
2024-02-05 13:30:00-05:00,14.100099563598633,14.100099563598633,14.100000381469727,14.100000381469727,307,0.0,0.0,0.0
2024-02-05 15:30:00-05:00,14.149999618530273,14.149999618530273,14.09000015258789,14.09000015258789,0,0.0,0.0,0.0
2024-02-06 09:30:00-05:00,14.859999656677246,14.859999656677246,14.859999656677246,14.859999656677246,288,0.0,0.0,0.0
2024-02-06 10:30:00-05:00,14.989999771118164,14.989999771118164,14.989999771118164,14.989999771118164,423,0.0,0.0,0.0
2024-02-06 12:30:00-05:00,14.920100212097168,14.954999923706055,14.920100212097168,14.954999923706055,306,0.0,0.0,0.0
2024-02-06 15:30:00-05:00,15.01990032196045,15.069999694824219,15.01990032196045,15.034000396728516,0,0.0,0.0,0.0
2024-02-07 09:30:00-05:00,14.890000343322754,14.899999618530273,14.890000343322754,14.899999618530273,2470,0.0,0.0,0.0
2024-02-07 12:30:00-05:00,14.859999656677246,14.920000076293945,14.843799591064453,14.888099670410156,43357,0.0,0.0,0.0
2024-02-07 13:30:00-05:00,14.9399995803833,14.9399995803833,14.89210033416748,14.929900169372559,7450,0.0,0.0,0.0
2024-02-07 14:30:00-05:00,14.9399995803833,14.9399995803833,14.9399995803833,14.9399995803833,332,0.0,0.0,0.0
2024-02-07 15:30:00-05:00,14.944999694824219,14.960000038146973,14.944299697875977,14.944299697875977,0,0.0,0.0,0.0
2024-02-08 09:30:00-05:00,14.949999809265137,14.949999809265137,14.930000305175781,14.930000305175781,631,0.0,0.0,0.0
2024-02-08 11:30:00-05:00,14.932100296020508,14.932100296020508,14.930000305175781,14.930000305175781,1012,0.0,0.0,0.0
2024-02-08 15:30:00-05:00,14.890000343322754,14.925000190734863,14.890000343322754,14.925000190734863,0,0.0,0.0,0.0
2024-02-09 09:30:00-05:00,14.859999656677246,14.859999656677246,14.8100004196167,14.8100004196167,706,0.0,0.0,0.0
2024-02-09 10:30:00-05:00,14.8100004196167,14.8100004196167,14.80519962310791,14.80519962310791,705,0.0,0.0,0.0
2024-02-09 14:30:00-05:00,14.970100402832031,14.979999542236328,14.970100402832031,14.979999542236328,352,0.0,0.0,0.0
2024-02-09 15:30:00-05:00,14.970000267028809,14.989999771118164,14.9399995803833,14.970000267028809,3058,0.0,0.0,0.0
2024-02-12 09:30:00-05:00,15.100000381469727,15.100000381469727,15.100000381469727,15.100000381469727,0,0.0,0.0,0.0
2024-02-12 10:30:00-05:00,15.359999656677246,15.359999656677246,15.300000190734863,15.300000190734863,1124,0.0,0.0,0.0
2024-02-12 14:30:00-05:00,15.279999732971191,15.279999732971191,15.265999794006348,15.265999794006348,203,0.0,0.0,0.0
2024-02-13 09:30:00-05:00,15.140000343322754,15.170000076293945,15.140000343322754,15.170000076293945,269,0.0,0.0,0.0
2024-02-13 10:30:00-05:00,15.161100387573242,15.161100387573242,15.109999656677246,15.109999656677246,772,0.0,0.0,0.0
2024-02-13 11:30:00-05:00,15.0600004196167,15.0600004196167,15.0600004196167,15.0600004196167,234,0.0,0.0,0.0
2024-02-13 12:30:00-05:00,15.029999732971191,15.029999732971191,15.029999732971191,15.029999732971191,254,0.0,0.0,0.0
2024-02-13 14:30:00-05:00,15.029999732971191,15.029999732971191,15.029999732971191,15.029999732971191,301,0.0,0.0,0.0
2024-02-13 15:30:00-05:00,15.029999732971191,15.029999732971191,15.024999618530273,15.024999618530273,0,0.0,0.0,0.0
2024-02-14 09:30:00-05:00,15.180000305175781,15.1899995803833,15.15999984741211,15.1899995803833,675,0.0,0.0,0.0
2024-02-14 10:30:00-05:00,15.170000076293945,15.180000305175781,15.170000076293945,15.180000305175781,576,0.0,0.0,0.0
2024-02-14 11:30:00-05:00,15.1899995803833,15.199999809265137,15.14009952545166,15.199999809265137,1181,0.0,0.0,0.0
2024-02-14 12:30:00-05:00,15.220000267028809,15.220000267028809,15.220000267028809,15.220000267028809,576,0.0,0.0,0.0
2024-02-14 13:30:00-05:00,15.25,15.25,15.220000267028809,15.220000267028809,484,0.0,0.0,0.0
2024-02-14 14:30:00-05:00,15.260000228881836,15.270000457763672,15.260000228881836,15.260000228881836,719,0.0,0.0,0.0
2024-02-14 15:30:00-05:00,15.220000267028809,15.220000267028809,15.220000267028809,15.220000267028809,0,0.0,0.0,0.0
2024-02-15 09:30:00-05:00,15.380000114440918,15.390000343322754,15.379899978637695,15.390000343322754,5060,0.0,0.0,0.0
2024-02-15 10:30:00-05:00,15.380000114440918,15.390000343322754,15.375200271606445,15.380000114440918,4668,0.0,0.0,0.0
2024-02-15 11:30:00-05:00,15.380000114440918,15.380000114440918,15.380000114440918,15.380000114440918,160,0.0,0.0,0.0
2024-02-15 13:30:00-05:00,15.380000114440918,15.380000114440918,15.379899978637695,15.379899978637695,400,0.0,0.0,0.0
2024-02-15 14:30:00-05:00,15.380000114440918,15.380000114440918,15.364100456237793,15.364100456237793,596,0.0,0.0,0.0
2024-02-16 09:30:00-05:00,15.5600004196167,15.640000343322754,15.5600004196167,15.640000343322754,0,0.0,0.0,0.0
2024-02-16 12:30:00-05:00,15.564399719238281,15.564399719238281,15.564399719238281,15.564399719238281,344,0.0,0.0,0.0
2024-02-16 14:30:00-05:00,15.569999694824219,15.569999694824219,15.557000160217285,15.5600004196167,2805,0.0,0.0,0.0
2024-02-16 15:30:00-05:00,15.55210018157959,15.5600004196167,15.550000190734863,15.550000190734863,2350,0.0,0.0,0.0
2024-02-20 09:30:00-05:00,15.40999984741211,15.40999984741211,15.20009994506836,15.20009994506836,0,0.0,0.0,0.0
2024-02-20 10:30:00-05:00,15.210000038146973,15.210000038146973,15.1899995803833,15.1899995803833,20223,0.0,0.0,0.0
2024-02-20 11:30:00-05:00,15.210000038146973,15.210000038146973,15.210000038146973,15.210000038146973,664,0.0,0.0,0.0
2024-02-20 13:30:00-05:00,15.195500373840332,15.195500373840332,15.195500373840332,15.195500373840332,200,0.0,0.0,0.0
2024-02-20 15:30:00-05:00,15.260000228881836,15.260000228881836,15.239999771118164,15.239999771118164,0,0.0,0.0,0.0
2024-02-21 09:30:00-05:00,15.5600004196167,15.5600004196167,15.506500244140625,15.510000228881836,1452,0.0,0.0,0.0
2024-02-21 11:30:00-05:00,15.420000076293945,15.420000076293945,15.420000076293945,15.420000076293945,103,0.0,0.0,0.0
2024-02-21 12:30:00-05:00,15.45989990234375,15.45989990234375,15.40999984741211,15.40999984741211,777,0.0,0.0,0.0
2024-02-21 15:30:00-05:00,15.449999809265137,15.449999809265137,15.409099578857422,15.449999809265137,130,0.0,0.0,0.0
2024-02-22 09:30:00-05:00,15.65999984741211,15.65999984741211,15.65999984741211,15.65999984741211,0,0.0,0.0,0.0
2024-02-22 11:30:00-05:00,15.520000457763672,15.520000457763672,15.520000457763672,15.520000457763672,195,0.0,0.0,0.0
2024-02-22 12:30:00-05:00,15.579400062561035,15.579999923706055,15.553600311279297,15.574999809265137,830,0.0,0.0,0.0
2024-02-22 13:30:00-05:00,15.630000114440918,15.630000114440918,15.580100059509277,15.580100059509277,0,0.0,0.0,0.0
2024-02-23 09:30:00-05:00,15.574999809265137,15.574999809265137,15.574999809265137,15.574999809265137,403,0.0,0.0,0.0
2024-02-23 11:30:00-05:00,15.680000305175781,15.6899995803833,15.680000305175781,15.6899995803833,1252,0.0,0.0,0.0
2024-02-23 14:30:00-05:00,15.5600004196167,15.560099601745605,15.5600004196167,15.560099601745605,254,0.0,0.0,0.0
2024-02-23 15:30:00-05:00,15.59000015258789,15.649999618530273,15.59000015258789,15.619999885559082,2300,0.0,0.0,0.0
2024-02-26 09:30:00-05:00,15.65999984741211,15.699999809265137,15.65999984741211,15.6850004196167,0,0.0,0.0,0.0
2024-02-26 11:30:00-05:00,15.65999984741211,15.6899995803833,15.65999984741211,15.689900398254395,1214,0.0,0.0,0.0
2024-02-26 13:30:00-05:00,15.63010025024414,15.65999984741211,15.63010025024414,15.65999984741211,0,0.0,0.0,0.0
2024-02-27 09:30:00-05:00,15.984999656677246,15.984999656677246,15.984999656677246,15.984999656677246,241,0.0,0.0,0.0
2024-02-27 11:30:00-05:00,16.040000915527344,16.040000915527344,16.039899826049805,16.040000915527344,474,0.0,0.0,0.0
2024-02-27 12:30:00-05:00,15.996399879455566,15.996399879455566,15.990500450134277,15.990500450134277,0,0.0,0.0,0.0
2024-02-28 09:30:00-05:00,15.5600004196167,15.5600004196167,15.5,15.53499984741211,2547,0.0,0.0,0.0
2024-02-28 14:30:00-05:00,15.510000228881836,15.510000228881836,15.5,15.5,0,0.0,0.0,0.0
2024-02-29 09:30:00-05:00,15.899999618530273,15.899999618530273,15.899999618530273,15.899999618530273,123,0.0,0.0,0.0
2024-02-29 13:30:00-05:00,15.789999961853027,15.789999961853027,15.789999961853027,15.789999961853027,100,0.0,0.0,0.0
2024-02-29 15:30:00-05:00,15.710000038146973,15.745599746704102,15.710000038146973,15.745599746704102,411,0.0,0.0,0.0
2024-03-01 09:30:00-05:00,16.15999984741211,16.15999984741211,16.10420036315918,16.10420036315918,3140,0.0,0.0,0.0
2024-03-01 13:30:00-05:00,16.18000030517578,16.18000030517578,16.18000030517578,16.18000030517578,200,0.0,0.0,0.0
2024-03-04 09:30:00-05:00,16.11549949645996,16.11549949645996,16.060199737548828,16.060199737548828,0,0.0,0.0,0.0
2024-03-04 11:30:00-05:00,16.040000915527344,16.040000915527344,16.040000915527344,16.040000915527344,260,0.0,0.0,0.0
2024-03-04 12:30:00-05:00,16.010099411010742,16.010099411010742,16.010099411010742,16.010099411010742,460,0.0,0.0,0.0
2024-03-04 13:30:00-05:00,16.010000228881836,16.010000228881836,16.0049991607666,16.0049991607666,0,0.0,0.0,0.0
2024-03-05 09:30:00-05:00,15.890000343322754,15.890000343322754,15.779999732971191,15.779999732971191,601,0.0,0.0,0.0
2024-03-05 14:30:00-05:00,15.819999694824219,15.819999694824219,15.788299560546875,15.788299560546875,0,0.0,0.0,0.0
2024-03-06 09:30:00-05:00,16.100000381469727,16.100000381469727,16.079999923706055,16.079999923706055,938,0.0,0.0,0.0
2024-03-06 10:30:00-05:00,16.020000457763672,16.049999237060547,16.020000457763672,16.049999237060547,2000,0.0,0.0,0.0
2024-03-06 14:30:00-05:00,16.0,16.0,15.960000038146973,15.960000038146973,0,0.0,0.0,0.0
2024-03-07 10:30:00-05:00,15.8100004196167,15.819999694824219,15.8100004196167,15.819999694824219,806,0.0,0.0,0.0
2024-03-07 11:30:00-05:00,15.84000015258789,15.850000381469727,15.829999923706055,15.829999923706055,1190,0.0,0.0,0.0
2024-03-07 12:30:00-05:00,15.829999923706055,15.859999656677246,15.829999923706055,15.859999656677246,1159,0.0,0.0,0.0
2024-03-07 13:30:00-05:00,15.859999656677246,15.869999885559082,15.819999694824219,15.869999885559082,3100,0.0,0.0,0.0
2024-03-07 14:30:00-05:00,15.859999656677246,15.869999885559082,15.79990005493164,15.859999656677246,2883,0.0,0.0,0.0
2024-03-07 15:30:00-05:00,15.880000114440918,17.200000762939453,15.869999885559082,16.100000381469727,3231,0.0,0.0,0.0
2024-03-08 09:30:00-05:00,16.079999923706055,16.09950065612793,16.079999923706055,16.09000015258789,448,0.0,0.0,0.0
2024-03-08 14:30:00-05:00,16.099899291992188,16.099899291992188,16.010000228881836,16.010000228881836,311,0.0,0.0,0.0
2024-03-11 10:30:00-04:00,16.559999465942383,16.559999465942383,16.559999465942383,16.559999465942383,700,0.0,0.0,0.0
2024-03-11 11:30:00-04:00,16.579999923706055,16.579999923706055,16.57990074157715,16.57990074157715,601,0.0,0.0,0.0
2024-03-11 14:30:00-04:00,16.559999465942383,16.559999465942383,16.48349952697754,16.48349952697754,604,0.0,0.0,0.0
2024-03-12 09:30:00-04:00,16.75,16.799999237060547,16.75,16.799999237060547,0,0.0,0.0,0.0
2024-03-12 11:30:00-04:00,16.760099411010742,16.760099411010742,16.760099411010742,16.760099411010742,340,0.0,0.0,0.0
2024-03-12 13:30:00-04:00,16.829999923706055,16.829999923706055,16.82990074157715,16.829999923706055,401,0.0,0.0,0.0
2024-03-12 14:30:00-04:00,16.860000610351562,16.860000610351562,16.790000915527344,16.831300735473633,0,0.0,0.0,0.0
2024-03-13 09:30:00-04:00,17.100000381469727,17.100000381469727,17.06999969482422,17.06999969482422,1958,0.0,0.0,0.0
2024-03-13 14:30:00-04:00,17.049999237060547,17.049999237060547,16.95560073852539,16.95560073852539,2039,0.0,0.0,0.0
2024-03-14 09:30:00-04:00,16.65999984741211,16.65999984741211,16.55500030517578,16.55500030517578,0,0.0,0.0,0.0
2024-03-14 10:30:00-04:00,16.629899978637695,16.629899978637695,16.530000686645508,16.530000686645508,690,0.0,0.0,0.0
2024-03-14 11:30:00-04:00,16.520000457763672,16.543699264526367,16.510000228881836,16.510000228881836,1676,0.0,0.0,0.0
2024-03-14 12:30:00-04:00,16.540000915527344,16.540000915527344,16.510000228881836,16.510000228881836,161,0.0,0.0,0.0
2024-03-15 09:30:00-04:00,16.610000610351562,16.610000610351562,16.610000610351562,16.610000610351562,473,0.0,0.0,0.0
2024-03-15 11:30:00-04:00,16.600000381469727,16.600000381469727,16.600000381469727,16.600000381469727,400,0.0,0.0,0.0
2024-03-15 13:30:00-04:00,16.59000015258789,16.59000015258789,16.59000015258789,16.59000015258789,0,0.0,0.0,0.0
2024-03-15 14:30:00-04:00,16.610000610351562,16.610000610351562,16.56999969482422,16.56999969482422,859,0.0,0.0,0.0
2024-03-18 09:30:00-04:00,16.860000610351562,16.860000610351562,16.860000610351562,16.860000610351562,0,0.0,0.0,0.0
2024-03-18 11:30:00-04:00,16.8700008392334,16.8700008392334,16.8700008392334,16.8700008392334,1052,0.0,0.0,0.0
2024-03-18 13:30:00-04:00,16.859899520874023,16.859899520874023,16.859899520874023,16.859899520874023,217,0.0,0.0,0.0
2024-03-19 09:30:00-04:00,16.790000915527344,16.790000915527344,16.6200008392334,16.620100021362305,501,0.0,0.0,0.0
2024-03-19 10:30:00-04:00,16.709999084472656,16.709999084472656,16.709999084472656,16.709999084472656,0,0.0,0.0,0.0
2024-03-19 13:30:00-04:00,16.809900283813477,16.809900283813477,16.809900283813477,16.809900283813477,1371,0.0,0.0,0.0
2024-03-20 09:30:00-04:00,16.86989974975586,16.86989974975586,16.86989974975586,16.86989974975586,220,0.0,0.0,0.0
2024-03-20 14:30:00-04:00,16.940000534057617,16.940000534057617,16.940000534057617,16.940000534057617,240,0.0,0.0,0.0
2024-03-20 15:30:00-04:00,16.956199645996094,16.979900360107422,16.954999923706055,16.954999923706055,1480,0.0,0.0,0.0
2024-03-21 10:30:00-04:00,16.739900588989258,16.739900588989258,16.739900588989258,16.739900588989258,351,0.0,0.0,0.0
2024-03-21 13:30:00-04:00,16.649999618530273,16.690000534057617,16.639999389648438,16.690000534057617,4018,0.0,0.0,0.0
2024-03-21 14:30:00-04:00,16.670000076293945,16.68000030517578,16.670000076293945,16.679899215698242,1602,0.0,0.0,0.0
2024-03-22 09:30:00-04:00,16.59000015258789,16.59000015258789,16.59000015258789,16.59000015258789,465,0.0,0.0,0.0
2024-03-22 11:30:00-04:00,16.569900512695312,16.569900512695312,16.569900512695312,16.569900512695312,300,0.0,0.0,0.0
2024-03-22 12:30:00-04:00,16.500099182128906,16.500099182128906,16.500099182128906,16.500099182128906,813,0.0,0.0,0.0
2024-03-25 13:30:00-04:00,16.260000228881836,16.260000228881836,16.260000228881836,16.260000228881836,444,0.0,0.0,0.0
2024-03-25 14:30:00-04:00,16.20009994506836,16.20009994506836,16.20009994506836,16.20009994506836,264,0.0,0.0,0.0
2024-03-26 11:30:00-04:00,16.1200008392334,16.1200008392334,16.1200008392334,16.1200008392334,1110,0.0,0.0,0.0
2024-03-27 13:30:00-04:00,16.040000915527344,16.040000915527344,16.039899826049805,16.039899826049805,544,0.0,0.0,0.0
2024-03-28 09:30:00-04:00,16.200000762939453,16.200000762939453,16.200000762939453,16.200000762939453,207,0.0,0.0,0.0
2024-03-28 10:30:00-04:00,16.304500579833984,16.304500579833984,16.304500579833984,16.304500579833984,321,0.0,0.0,0.0
2024-03-28 13:30:00-04:00,16.27519989013672,16.290000915527344,16.27519989013672,16.290000915527344,3208,0.0,0.0,0.0
2024-04-01 09:30:00-04:00,16.579999923706055,16.75,16.579999923706055,16.75,0,0.0,0.0,0.0
2024-04-01 11:30:00-04:00,16.609899520874023,16.609899520874023,16.609899520874023,16.609899520874023,462,0.0,0.0,0.0
2024-04-02 09:30:00-04:00,16.469999313354492,16.479999542236328,16.469999313354492,16.479999542236328,0,0.0,0.0,0.0
2024-04-03 09:30:00-04:00,16.274999618530273,16.274999618530273,16.274999618530273,16.274999618530273,372,0.0,0.0,0.0
2024-04-03 12:30:00-04:00,16.34000015258789,16.34000015258789,16.34000015258789,16.34000015258789,204,0.0,0.0,0.0
2024-04-03 13:30:00-04:00,16.329999923706055,16.359800338745117,16.329999923706055,16.359800338745117,618,0.0,0.0,0.0
2024-04-04 09:30:00-04:00,16.440000534057617,16.459999084472656,16.440000534057617,16.459999084472656,553,0.0,0.0,0.0
2024-04-04 11:30:00-04:00,16.440000534057617,16.440000534057617,16.440000534057617,16.440000534057617,150,0.0,0.0,0.0
2024-04-04 13:30:00-04:00,16.450000762939453,16.450000762939453,16.445199966430664,16.449899673461914,1100,0.0,0.0,0.0
2024-04-04 14:30:00-04:00,16.440000534057617,16.440000534057617,16.440000534057617,16.440000534057617,224,0.0,0.0,0.0
2024-04-05 09:30:00-04:00,16.219999313354492,16.219999313354492,16.197999954223633,16.197999954223633,505,0.0,0.0,0.0
2024-04-05 10:30:00-04:00,16.17009925842285,16.17009925842285,16.17009925842285,16.17009925842285,616,0.0,0.0,0.0
2024-04-05 13:30:00-04:00,16.249900817871094,16.249900817871094,16.219999313354492,16.221500396728516,2351,0.0,0.0,0.0
2024-04-08 11:30:00-04:00,16.13010025024414,16.165000915527344,16.1299991607666,16.16320037841797,1862,0.0,0.0,0.0
2024-04-08 15:30:00-04:00,16.149999618530273,16.149999618530273,16.149999618530273,16.149999618530273,1000,0.0,0.0,0.0
2024-04-09 09:30:00-04:00,16.299999237060547,16.299999237060547,16.299999237060547,16.299999237060547,137,0.0,0.0,0.0
2024-04-09 11:30:00-04:00,16.309999465942383,16.309999465942383,16.309999465942383,16.309999465942383,367,0.0,0.0,0.0
2024-04-09 14:30:00-04:00,16.360000610351562,16.360000610351562,16.360000610351562,16.360000610351562,1100,0.0,0.0,0.0
2024-04-09 15:30:00-04:00,16.350000381469727,16.350000381469727,16.350000381469727,16.350000381469727,0,0.0,0.0,0.0
2024-04-10 11:30:00-04:00,16.001699447631836,16.001699447631836,16.001699447631836,16.001699447631836,144,0.0,0.0,0.0
2024-04-10 14:30:00-04:00,16.006099700927734,16.3799991607666,16.006099700927734,16.006099700927734,316,0.0,0.0,0.0
2024-04-11 09:30:00-04:00,16.13010025024414,16.13010025024414,16.13010025024414,16.13010025024414,124,0.0,0.0,0.0
2024-04-11 12:30:00-04:00,16.1299991607666,16.1299991607666,16.1299991607666,16.1299991607666,2105,0.0,0.0,0.0
2024-04-12 13:30:00-04:00,15.810099601745605,15.810099601745605,15.810099601745605,15.810099601745605,1299,0.0,0.0,0.0
2024-04-15 10:30:00-04:00,15.979999542236328,15.989999771118164,15.979999542236328,15.989999771118164,413,0.0,0.0,0.0
2024-04-16 09:30:00-04:00,15.5600004196167,15.5600004196167,15.520000457763672,15.520000457763672,1653,0.0,0.0,0.0
2024-04-16 10:30:00-04:00,15.520099639892578,15.544400215148926,15.520099639892578,15.544400215148926,233,0.0,0.0,0.0
2024-04-17 09:30:00-04:00,15.729999542236328,15.779999732971191,15.729999542236328,15.779999732971191,1593,0.0,0.0,0.0
2024-04-19 09:30:00-04:00,15.538999557495117,15.538999557495117,15.510100364685059,15.529999732971191,1499,0.0,0.0,0.0
2024-04-19 11:30:00-04:00,15.510100364685059,15.510100364685059,15.5,15.5,1056,0.0,0.0,0.0
2024-04-22 10:30:00-04:00,15.699999809265137,15.699999809265137,15.699899673461914,15.699899673461914,1021,0.0,0.0,0.0
2024-04-22 15:30:00-04:00,15.84000015258789,15.84000015258789,15.84000015258789,15.84000015258789,100,0.0,0.0,0.0
2024-04-23 09:30:00-04:00,15.909899711608887,15.909899711608887,15.909899711608887,15.909899711608887,1200,0.0,0.0,0.0
2024-04-23 13:30:00-04:00,15.942299842834473,15.942299842834473,15.942299842834473,15.942299842834473,0,0.0,0.0,0.0
2024-04-24 12:30:00-04:00,16.030099868774414,16.030099868774414,16.030099868774414,16.030099868774414,0,0.0,0.0,0.0
2024-04-25 13:30:00-04:00,16.209999084472656,16.209999084472656,16.209999084472656,16.209999084472656,173,0.0,0.0,0.0
2024-04-26 09:30:00-04:00,16.770000457763672,16.770000457763672,16.760000228881836,16.760000228881836,1145,0.0,0.0,0.0
2024-04-26 11:30:00-04:00,16.649900436401367,16.649900436401367,16.649900436401367,16.649900436401367,349,0.0,0.0,0.0
2024-04-26 14:30:00-04:00,16.640499114990234,16.640499114990234,16.640499114990234,16.640499114990234,1537,0.0,0.0,0.0
2024-04-29 09:30:00-04:00,16.8700008392334,16.8700008392334,16.821699142456055,16.855100631713867,2290,0.0,0.0,0.0
2024-04-29 12:30:00-04:00,16.92009925842285,16.92009925842285,16.92009925842285,16.92009925842285,175,0.0,0.0,0.0
2024-04-30 13:30:00-04:00,16.66990089416504,16.66990089416504,16.66990089416504,16.66990089416504,610,0.0,0.0,0.0
2024-04-30 14:30:00-04:00,16.600000381469727,16.600000381469727,16.600000381469727,16.600000381469727,344,0.0,0.0,0.0
2024-05-01 09:30:00-04:00,16.68000030517578,16.68000030517578,16.68000030517578,16.68000030517578,400,0.0,0.0,0.0
2024-05-01 15:30:00-04:00,16.700000762939453,16.700000762939453,16.700000762939453,16.700000762939453,20,0.0,0.0,0.0
2024-05-02 10:30:00-04:00,17.34000015258789,17.34000015258789,17.34000015258789,17.34000015258789,220,0.0,0.0,0.0
2024-05-02 11:30:00-04:00,17.440000534057617,17.440000534057617,17.440000534057617,17.440000534057617,200,0.0,0.0,0.0
2024-05-02 12:30:00-04:00,17.549999237060547,17.56999969482422,17.489999771118164,17.549699783325195,11278,0.0,0.0,0.0
2024-05-02 13:30:00-04:00,17.60849952697754,17.649900436401367,17.60849952697754,17.649900436401367,1940,0.0,0.0,0.0
2024-05-02 14:30:00-04:00,17.670000076293945,17.670000076293945,17.670000076293945,17.670000076293945,239,0.0,0.0,0.0
2024-05-03 09:30:00-04:00,17.700000762939453,17.700000762939453,17.6299991607666,17.670000076293945,3258,0.0,0.0,0.0
2024-05-03 10:30:00-04:00,17.690000534057617,17.690000534057617,17.649999618530273,17.68000030517578,2354,0.0,0.0,0.0
2024-05-03 11:30:00-04:00,17.690000534057617,17.700000762939453,17.65999984741211,17.670000076293945,2504,0.0,0.0,0.0
2024-05-03 12:30:00-04:00,17.68000030517578,17.729999542236328,17.68000030517578,17.729999542236328,1800,0.0,0.0,0.0
2024-05-03 13:30:00-04:00,17.719999313354492,17.770000457763672,17.719999313354492,17.770000457763672,1910,0.0,0.0,0.0
2024-05-03 14:30:00-04:00,17.780000686645508,17.790000915527344,17.780000686645508,17.780000686645508,1714,0.0,0.0,0.0
2024-05-03 15:30:00-04:00,17.790000915527344,17.809999465942383,17.730199813842773,17.809999465942383,4613,0.0,0.0,0.0
2024-05-06 09:30:00-04:00,17.799999237060547,17.81999969482422,17.649999618530273,17.649999618530273,0,0.0,0.0,0.0
2024-05-06 12:30:00-04:00,17.670000076293945,17.670000076293945,17.670000076293945,17.670000076293945,194,0.0,0.0,0.0
2024-05-06 15:30:00-04:00,17.739999771118164,17.739999771118164,17.739999771118164,17.739999771118164,100,0.0,0.0,0.0
2024-05-07 09:30:00-04:00,17.530000686645508,17.530000686645508,17.44499969482422,17.489999771118164,1071,0.0,0.0,0.0
2024-05-08 09:30:00-04:00,17.239999771118164,17.239999771118164,17.239999771118164,17.239999771118164,305,0.0,0.0,0.0
2024-05-08 12:30:00-04:00,17.293399810791016,17.293399810791016,17.293399810791016,17.293399810791016,178,0.0,0.0,0.0
2024-05-08 15:30:00-04:00,17.3700008392334,17.3700008392334,17.3700008392334,17.3700008392334,296,0.0,0.0,0.0
2024-05-09 09:30:00-04:00,17.770000457763672,17.770000457763672,17.770000457763672,17.770000457763672,984,0.0,0.0,0.0
2024-05-09 11:30:00-04:00,17.729999542236328,17.729999542236328,17.729999542236328,17.729999542236328,800,0.0,0.0,0.0
2024-05-09 12:30:00-04:00,17.780000686645508,17.780000686645508,17.739999771118164,17.759000778198242,4711,0.0,0.0,0.0
2024-05-10 15:30:00-04:00,17.6200008392334,17.6200008392334,17.6200008392334,17.6200008392334,502,0.0,0.0,0.0
2024-05-13 13:30:00-04:00,18.040000915527344,18.040000915527344,18.040000915527344,18.040000915527344,1098,0.0,0.0,0.0
2024-05-14 09:30:00-04:00,17.8799991607666,17.90999984741211,17.8799991607666,17.90999984741211,424,0.0,0.0,0.0
2024-05-14 10:30:00-04:00,17.8799991607666,17.8799991607666,17.8799991607666,17.8799991607666,1322,0.0,0.0,0.0
2024-05-14 15:30:00-04:00,17.8341007232666,17.8341007232666,17.8341007232666,17.8341007232666,473,0.0,0.0,0.0
2024-05-15 13:30:00-04:00,17.95009994506836,17.979999542236328,17.95009994506836,17.979999542236328,511,0.0,0.0,0.0
2024-05-15 14:30:00-04:00,17.979999542236328,17.979999542236328,17.979999542236328,17.979999542236328,1159,0.0,0.0,0.0
2024-05-15 15:30:00-04:00,17.940000534057617,17.940000534057617,17.940000534057617,17.940000534057617,589,0.0,0.0,0.0
2024-05-16 09:30:00-04:00,17.969999313354492,17.969999313354492,17.969999313354492,17.969999313354492,465,0.0,0.0,0.0
2024-05-17 11:30:00-04:00,18.209999084472656,18.209999084472656,18.209999084472656,18.209999084472656,275,0.0,0.0,0.0
2024-05-17 13:30:00-04:00,18.204999923706055,18.229900360107422,18.174999237060547,18.174999237060547,1515,0.0,0.0,0.0
2024-05-20 10:30:00-04:00,17.989900588989258,17.989900588989258,17.989900588989258,17.989900588989258,636,0.0,0.0,0.0
2024-05-20 14:30:00-04:00,17.950000762939453,17.950000762939453,17.950000762939453,17.950000762939453,231,0.0,0.0,0.0
2024-05-21 13:30:00-04:00,17.590099334716797,17.6200008392334,17.590099334716797,17.597900390625,839,0.0,0.0,0.0
2024-05-22 15:30:00-04:00,17.8700008392334,17.8700008392334,17.860000610351562,17.860000610351562,1921,0.0,0.0,0.0
2024-05-23 09:30:00-04:00,17.649999618530273,17.649999618530273,17.649999618530273,17.649999618530273,200,0.0,0.0,0.0
2024-05-23 10:30:00-04:00,17.530000686645508,17.530000686645508,17.530000686645508,17.530000686645508,608,0.0,0.0,0.0
2024-05-23 13:30:00-04:00,17.469999313354492,17.469999313354492,17.43000030517578,17.43000030517578,1651,0.0,0.0,0.0
2024-05-23 14:30:00-04:00,17.372299194335938,17.450000762939453,17.360000610351562,17.450000762939453,1412,0.0,0.0,0.0
2024-05-24 10:30:00-04:00,17.197200775146484,17.197200775146484,17.197200775146484,17.197200775146484,612,0.0,0.0,0.0
2024-05-24 11:30:00-04:00,17.21500015258789,17.31999969482422,17.21500015258789,17.274999618530273,993,0.0,0.0,0.0
2024-05-28 12:30:00-04:00,17.24169921875,17.24169921875,17.24169921875,17.24169921875,186,0.0,0.0,0.0
2024-05-28 13:30:00-04:00,17.239999771118164,17.239999771118164,17.225000381469727,17.225000381469727,1004,0.0,0.0,0.0
2024-05-29 12:30:00-04:00,17.149999618530273,17.149999618530273,17.149999618530273,17.149999618530273,103,0.0,0.0,0.0
2024-05-29 13:30:00-04:00,17.149999618530273,17.181400299072266,17.149999618530273,17.181400299072266,1283,0.0,0.0,0.0
2024-05-30 09:30:00-04:00,17.260000228881836,17.389699935913086,17.260000228881836,17.389699935913086,926,0.0,0.0,0.0
2024-05-30 14:30:00-04:00,17.469999313354492,17.469999313354492,17.469999313354492,17.469999313354492,642,0.0,0.0,0.0
2024-05-30 15:30:00-04:00,17.454999923706055,17.454999923706055,17.454999923706055,17.454999923706055,200,0.0,0.0,0.0
2024-06-03 10:30:00-04:00,17.1299991607666,17.1299991607666,17.1299991607666,17.1299991607666,414,0.0,0.0,0.0
2024-06-04 12:30:00-04:00,17.18000030517578,17.18000030517578,17.18000030517578,17.18000030517578,595,0.0,0.0,0.0
2024-06-05 09:30:00-04:00,17.25,17.25,17.25,17.25,202,0.0,0.0,0.0
2024-06-05 10:30:00-04:00,17.15999984741211,17.165000915527344,17.15999984741211,17.165000915527344,3937,0.0,0.0,0.0
2024-06-06 10:30:00-04:00,17.230100631713867,17.230100631713867,17.230100631713867,17.230100631713867,0,0.0,0.0,0.0
2024-06-06 12:30:00-04:00,17.331300735473633,17.331300735473633,17.331300735473633,17.331300735473633,267,0.0,0.0,0.0
2024-06-06 14:30:00-04:00,17.350000381469727,17.350000381469727,17.350000381469727,17.350000381469727,381,0.0,0.0,0.0
2024-06-07 12:30:00-04:00,16.90999984741211,17.06999969482422,16.90999984741211,17.06999969482422,2316,0.0,0.0,0.0
2024-06-07 14:30:00-04:00,16.864999771118164,16.864999771118164,16.864999771118164,16.864999771118164,300,0.0,0.0,0.0
2024-06-10 13:30:00-04:00,16.950000762939453,16.950000762939453,16.950000762939453,16.950000762939453,292,0.0,0.0,0.0
2024-06-10 14:30:00-04:00,16.950000762939453,16.950000762939453,16.950000762939453,16.950000762939453,1901,0.0,0.0,0.0
2024-06-11 09:30:00-04:00,16.8700008392334,16.900100708007812,16.8700008392334,16.900100708007812,405,0.0,0.0,0.0
2024-06-12 09:30:00-04:00,16.8799991607666,16.8799991607666,16.84000015258789,16.84000015258789,2600,0.0,0.0,0.0
2024-06-12 10:30:00-04:00,16.889999389648438,16.899999618530273,16.889999389648438,16.899999618530273,1456,0.0,0.0,0.0
2024-06-12 11:30:00-04:00,16.90999984741211,16.90999984741211,16.90999984741211,16.90999984741211,1103,0.0,0.0,0.0
2024-06-17 10:30:00-04:00,17.020000457763672,17.020000457763672,17.020000457763672,17.020000457763672,903,0.0,0.0,0.0
2024-06-18 11:30:00-04:00,17.18000030517578,17.18000030517578,17.18000030517578,17.18000030517578,389,0.0,0.0,0.0
2024-06-18 13:30:00-04:00,17.140100479125977,17.209999084472656,17.140100479125977,17.209999084472656,975,0.0,0.0,0.0
2024-06-20 09:30:00-04:00,17.020000457763672,17.020000457763672,16.920000076293945,16.920000076293945,0,0.0,0.0,0.0
2024-06-20 12:30:00-04:00,16.8799991607666,16.8799991607666,16.8799991607666,16.8799991607666,888,0.0,0.0,0.0
2024-06-21 14:30:00-04:00,16.799999237060547,16.799999237060547,16.799999237060547,16.799999237060547,2595,0.0,0.0,0.0
2024-06-24 09:30:00-04:00,16.690000534057617,16.690000534057617,16.690000534057617,16.690000534057617,1427,0.0,0.0,0.0
2024-06-24 13:30:00-04:00,16.780000686645508,16.780000686645508,16.780000686645508,16.780000686645508,566,0.0,0.0,0.0
2024-06-24 14:30:00-04:00,16.75,16.75,16.68000030517578,16.719999313354492,16430,0.0,0.0,0.0
2024-06-25 10:30:00-04:00,16.43079948425293,16.43079948425293,16.43079948425293,16.43079948425293,771,0.0,0.0,0.0
2024-06-25 14:30:00-04:00,16.424999237060547,16.424999237060547,16.424999237060547,16.424999237060547,500,0.0,0.0,0.0
2024-06-26 09:30:00-04:00,16.549999237060547,16.549999237060547,16.514999389648438,16.524999618530273,1233,0.0,0.0,0.0
2024-06-26 11:30:00-04:00,16.545000076293945,16.545000076293945,16.545000076293945,16.545000076293945,161,0.0,0.0,0.0
2024-06-27 09:30:00-04:00,16.229999542236328,16.229999542236328,16.209999084472656,16.209999084472656,4394,0.0,0.0,0.0
2024-06-27 10:30:00-04:00,16.15999984741211,16.15999984741211,16.15999984741211,16.15999984741211,764,0.0,0.0,0.0
2024-06-28 09:30:00-04:00,16.141599655151367,16.141599655151367,16.141599655151367,16.141599655151367,848,0.0,0.0,0.0
2024-06-28 15:30:00-04:00,16.101299285888672,16.101299285888672,16.101299285888672,16.101299285888672,527,0.0,0.0,0.0
2024-07-01 09:30:00-04:00,16.219999313354492,16.219999313354492,16.200000762939453,16.200000762939453,1136,0.0,0.0,0.0
2024-07-02 09:30:00-04:00,15.994999885559082,15.994999885559082,15.994999885559082,15.994999885559082,385,0.0,0.0,0.0
2024-07-02 14:30:00-04:00,16.020099639892578,16.020099639892578,16.020099639892578,16.020099639892578,135,0.0,0.0,0.0
2024-07-03 11:30:00-04:00,16.280099868774414,16.31999969482422,16.280099868774414,16.31999969482422,366,0.0,0.0,0.0
2024-07-05 09:30:00-04:00,16.049999237060547,16.049999237060547,16.049999237060547,16.049999237060547,0,0.0,0.0,0.0
2024-07-05 10:30:00-04:00,15.90999984741211,15.90999984741211,15.899499893188477,15.899499893188477,686,0.0,0.0,0.0
2024-07-08 09:30:00-04:00,15.930000305175781,15.930000305175781,15.930000305175781,15.930000305175781,637,0.0,0.0,0.0
2024-07-09 09:30:00-04:00,16.1200008392334,16.1200008392334,16.1200008392334,16.1200008392334,1000,0.0,0.0,0.0
2024-07-09 11:30:00-04:00,16.2549991607666,16.2549991607666,16.2549991607666,16.2549991607666,0,0.0,0.0,0.0
2024-07-09 14:30:00-04:00,16.354999542236328,16.354999542236328,16.33989906311035,16.33989906311035,1817,0.0,0.0,0.0
2024-07-10 09:30:00-04:00,16.3700008392334,16.3700008392334,16.3700008392334,16.3700008392334,209,0.0,0.0,0.0
2024-07-10 11:30:00-04:00,16.360000610351562,16.360000610351562,16.360000610351562,16.360000610351562,351,0.0,0.0,0.0
2024-07-10 15:30:00-04:00,16.280099868774414,16.280099868774414,16.280099868774414,16.280099868774414,280,0.0,0.0,0.0
2024-07-11 09:30:00-04:00,16.579999923706055,16.649999618530273,16.579999923706055,16.649999618530273,2296,0.0,0.0,0.0
2024-07-11 10:30:00-04:00,16.68000030517578,16.719999313354492,16.670000076293945,16.68000030517578,3112,0.0,0.0,0.0
2024-07-11 11:30:00-04:00,16.649999618530273,16.670000076293945,16.6200008392334,16.6200008392334,2200,0.0,0.0,0.0
2024-07-11 12:30:00-04:00,16.639999389648438,16.65999984741211,16.6200008392334,16.649999618530273,1700,0.0,0.0,0.0
2024-07-11 13:30:00-04:00,16.649999618530273,16.649999618530273,16.610000610351562,16.6299991607666,1800,0.0,0.0,0.0
2024-07-11 14:30:00-04:00,16.6200008392334,16.639999389648438,16.6200008392334,16.6299991607666,2633,0.0,0.0,0.0
2024-07-11 15:30:00-04:00,16.6299991607666,16.639999389648438,16.6299991607666,16.6299991607666,3400,0.0,0.0,0.0
2024-07-12 09:30:00-04:00,16.834999084472656,16.834999084472656,16.834999084472656,16.834999084472656,654,0.0,0.0,0.0
2024-07-15 12:30:00-04:00,16.235000610351562,16.235000610351562,16.20170021057129,16.20170021057129,522,0.0,0.0,0.0
2024-07-16 09:30:00-04:00,16.34000015258789,16.34000015258789,16.34000015258789,16.34000015258789,305,0.0,0.0,0.0
2024-07-16 12:30:00-04:00,16.329500198364258,16.329500198364258,16.329500198364258,16.329500198364258,3425,0.0,0.0,0.0
2024-07-16 13:30:00-04:00,16.315000534057617,16.315000534057617,16.315000534057617,16.315000534057617,705,0.0,0.0,0.0
2024-07-16 15:30:00-04:00,16.34000015258789,16.34000015258789,16.34000015258789,16.34000015258789,723,0.0,0.0,0.0
2024-07-17 12:30:00-04:00,16.09000015258789,16.09000015258789,16.09000015258789,16.09000015258789,342,0.0,0.0,0.0
2024-07-17 14:30:00-04:00,16.040000915527344,16.040000915527344,16.040000915527344,16.040000915527344,130,0.0,0.0,0.0
2024-07-18 12:30:00-04:00,16.010000228881836,16.010099411010742,16.010000228881836,16.010099411010742,3320,0.0,0.0,0.0
2024-07-19 10:30:00-04:00,15.9399995803833,15.9399995803833,15.90999984741211,15.90999984741211,10055,0.0,0.0,0.0
2024-07-19 11:30:00-04:00,15.899999618530273,15.979499816894531,15.8100004196167,15.92199993133545,28827,0.0,0.0,0.0
2024-07-19 15:30:00-04:00,15.920000076293945,15.920000076293945,15.920000076293945,15.920000076293945,385,0.0,0.0,0.0
2024-07-22 09:30:00-04:00,16.25,16.25,16.184200286865234,16.184200286865234,3007,0.0,0.0,0.0
2024-07-22 10:30:00-04:00,16.18160057067871,16.1875,16.18160057067871,16.1875,317,0.0,0.0,0.0
2024-07-22 11:30:00-04:00,16.164199829101562,16.164199829101562,16.164199829101562,16.164199829101562,300,0.0,0.0,0.0
2024-07-22 12:30:00-04:00,16.169300079345703,16.270000457763672,16.169300079345703,16.270000457763672,551,0.0,0.0,0.0
2024-07-22 13:30:00-04:00,16.240100860595703,16.280000686645508,16.240100860595703,16.280000686645508,452,0.0,0.0,0.0
2024-07-22 15:30:00-04:00,16.260000228881836,16.260000228881836,16.210100173950195,16.2450008392334,1046,0.0,0.0,0.0
2024-07-23 14:30:00-04:00,15.817700386047363,15.817700386047363,15.817700386047363,15.817700386047363,298,0.0,0.0,0.0
2024-07-23 15:30:00-04:00,15.789999961853027,15.789999961853027,15.789999961853027,15.789999961853027,271,0.0,0.0,0.0
2024-07-24 15:30:00-04:00,15.579999923706055,15.579999923706055,15.579999923706055,15.579999923706055,133,0.0,0.0,0.0
2024-07-26 09:30:00-04:00,15.59000015258789,15.59000015258789,15.59000015258789,15.59000015258789,200,0.0,0.0,0.0
2024-07-26 10:30:00-04:00,15.667400360107422,15.667400360107422,15.667400360107422,15.667400360107422,1228,0.0,0.0,0.0
2024-07-29 10:30:00-04:00,15.5649995803833,15.5649995803833,15.5649995803833,15.5649995803833,538,0.0,0.0,0.0
2024-07-29 11:30:00-04:00,15.571999549865723,15.571999549865723,15.571999549865723,15.571999549865723,370,0.0,0.0,0.0
2024-07-30 09:30:00-04:00,15.420000076293945,15.420000076293945,15.420000076293945,15.420000076293945,460,0.0,0.0,0.0
2024-07-30 14:30:00-04:00,15.356100082397461,15.356100082397461,15.356100082397461,15.356100082397461,195,0.0,0.0,0.0
2024-08-02 09:30:00-04:00,15.25,15.25,15.25,15.25,330,0.0,0.0,0.0
2024-08-02 13:30:00-04:00,15.289999961853027,15.289999961853027,15.289999961853027,15.289999961853027,420,0.0,0.0,0.0
