Datetime,Open,High,Low,Close,Volume,Dividends,Stock Splits
2022-09-19 09:00:00+09:00,2850.0,3325.0,2750.0,2775.0,0,0.0,0.0
2022-09-19 10:00:00+09:00,2775.0,2805.0,2715.0,2715.0,150465,0.0,0.0
2022-09-19 11:00:00+09:00,2715.0,2725.0,2570.0,2600.0,213437,0.0,0.0
2022-09-19 12:00:00+09:00,2600.0,2745.0,2590.0,2625.0,97407,0.0,0.0
2022-09-19 13:00:00+09:00,2625.0,2640.0,2525.0,2530.0,87670,0.0,0.0
2022-09-19 14:00:00+09:00,2530.0,2570.0,2525.0,2545.0,128452,0.0,0.0
2022-09-20 09:00:00+09:00,2295.0,2410.0,2295.0,2315.0,0,0.0,0.0
2022-09-20 10:00:00+09:00,2310.0,2320.0,2285.0,2295.0,101478,0.0,0.0
2022-09-20 11:00:00+09:00,2295.0,2900.0,2290.0,2860.0,425481,0.0,0.0
2022-09-20 12:00:00+09:00,2860.0,2860.0,2435.0,2515.0,629199,0.0,0.0
2022-09-20 13:00:00+09:00,2515.0,2540.0,2445.0,2505.0,87256,0.0,0.0
2022-09-20 14:00:00+09:00,2505.0,2530.0,2470.0,2470.0,36754,0.0,0.0
2022-09-21 09:00:00+09:00,2385.0,2565.0,2385.0,2485.0,0,0.0,0.0
2022-09-21 10:00:00+09:00,2485.0,2510.0,2405.0,2450.0,47053,0.0,0.0
2022-09-21 11:00:00+09:00,2450.0,2450.0,2395.0,2415.0,29255,0.0,0.0
2022-09-21 12:00:00+09:00,2415.0,2425.0,2385.0,2400.0,30374,0.0,0.0
2022-09-21 13:00:00+09:00,2400.0,2405.0,2355.0,2375.0,34658,0.0,0.0
2022-09-21 14:00:00+09:00,2375.0,2375.0,2355.0,2360.0,33421,0.0,0.0
2022-09-22 09:00:00+09:00,2295.0,2310.0,2180.0,2195.0,0,0.0,0.0
2022-09-22 10:00:00+09:00,2200.0,2200.0,2150.0,2150.0,68889,0.0,0.0
2022-09-22 11:00:00+09:00,2155.0,2155.0,2140.0,2155.0,46698,0.0,0.0
2022-09-22 12:00:00+09:00,2150.0,2195.0,2145.0,2165.0,77587,0.0,0.0
2022-09-22 13:00:00+09:00,2165.0,2175.0,2150.0,2155.0,15593,0.0,0.0
2022-09-22 14:00:00+09:00,2155.0,2160.0,2145.0,2145.0,26356,0.0,0.0
2022-09-23 09:00:00+09:00,2115.0,2230.0,2115.0,2180.0,0,0.0,0.0
2022-09-23 10:00:00+09:00,2180.0,2190.0,2140.0,2145.0,34621,0.0,0.0
2022-09-23 11:00:00+09:00,2145.0,2170.0,2145.0,2150.0,21313,0.0,0.0
2022-09-23 12:00:00+09:00,2145.0,2150.0,2140.0,2140.0,13905,0.0,0.0
2022-09-23 13:00:00+09:00,2140.0,2160.0,2140.0,2160.0,6756,0.0,0.0
2022-09-23 14:00:00+09:00,2155.0,2160.0,2150.0,2155.0,25525,0.0,0.0
2022-09-26 09:00:00+09:00,2160.0,2160.0,2005.0,2010.0,0,0.0,0.0
2022-09-26 10:00:00+09:00,2010.0,2015.0,1935.0,1935.0,157876,0.0,0.0
2022-09-26 11:00:00+09:00,1955.0,2010.0,1940.0,1990.0,60012,0.0,0.0
2022-09-26 12:00:00+09:00,2000.0,2005.0,1975.0,1975.0,28571,0.0,0.0
2022-09-26 13:00:00+09:00,1975.0,1980.0,1920.0,1940.0,41017,0.0,0.0
2022-09-26 14:00:00+09:00,1940.0,1945.0,1890.0,1900.0,53141,0.0,0.0
2022-09-27 09:00:00+09:00,1860.0,1945.0,1855.0,1895.0,0,0.0,0.0
2022-09-27 10:00:00+09:00,1895.0,1920.0,1855.0,1865.0,26173,0.0,0.0
2022-09-27 11:00:00+09:00,1865.0,1870.0,1755.0,1830.0,58305,0.0,0.0
2022-09-27 12:00:00+09:00,1835.0,1860.0,1800.0,1830.0,22555,0.0,0.0
2022-09-27 13:00:00+09:00,1830.0,1850.0,1810.0,1815.0,11091,0.0,0.0
2022-09-27 14:00:00+09:00,1815.0,1815.0,1750.0,1775.0,48342,0.0,0.0
2022-09-28 09:00:00+09:00,1795.0,1925.0,1785.0,1850.0,0,0.0,0.0
2022-09-28 10:00:00+09:00,1865.0,1865.0,1800.0,1800.0,30833,0.0,0.0
2022-09-28 11:00:00+09:00,1800.0,1825.0,1760.0,1765.0,22920,0.0,0.0
2022-09-28 12:00:00+09:00,1765.0,1765.0,1700.0,1735.0,35583,0.0,0.0
2022-09-28 13:00:00+09:00,1730.0,1730.0,1705.0,1710.0,21310,0.0,0.0
2022-09-28 14:00:00+09:00,1710.0,1740.0,1695.0,1730.0,36548,0.0,0.0
2022-09-29 09:00:00+09:00,1770.0,1815.0,1770.0,1810.0,0,0.0,0.0
2022-09-29 10:00:00+09:00,1810.0,1815.0,1790.0,1800.0,17854,0.0,0.0
2022-09-29 11:00:00+09:00,1800.0,1805.0,1785.0,1785.0,10459,0.0,0.0
2022-09-29 12:00:00+09:00,1785.0,1795.0,1780.0,1795.0,6200,0.0,0.0
2022-09-29 13:00:00+09:00,1795.0,1810.0,1780.0,1810.0,30133,0.0,0.0
2022-09-29 14:00:00+09:00,1805.0,1805.0,1755.0,1765.0,28658,0.0,0.0
2022-09-30 09:00:00+09:00,1650.0,1670.0,1510.0,1550.0,77447,0.0,0.0
2022-09-30 10:00:00+09:00,1550.0,1590.0,1545.0,1590.0,32012,0.0,0.0
2022-09-30 11:00:00+09:00,1590.0,1595.0,1555.0,1585.0,31634,0.0,0.0
2022-09-30 12:00:00+09:00,1585.0,1585.0,1565.0,1570.0,26334,0.0,0.0
2022-09-30 13:00:00+09:00,1575.0,1580.0,1555.0,1570.0,23697,0.0,0.0
2022-09-30 14:00:00+09:00,1580.0,1610.0,1580.0,1600.0,51481,0.0,0.0
2022-10-04 09:00:00+09:00,1585.0,1690.0,1585.0,1650.0,0,0.0,0.0
2022-10-04 10:00:00+09:00,1650.0,1680.0,1620.0,1670.0,36784,0.0,0.0
2022-10-04 11:00:00+09:00,1670.0,1680.0,1640.0,1650.0,19041,0.0,0.0
2022-10-04 12:00:00+09:00,1650.0,1655.0,1640.0,1645.0,6789,0.0,0.0
2022-10-04 13:00:00+09:00,1645.0,1650.0,1620.0,1645.0,8917,0.0,0.0
2022-10-04 14:00:00+09:00,1645.0,1655.0,1630.0,1655.0,23401,0.0,0.0
2022-10-05 09:00:00+09:00,1665.0,1690.0,1645.0,1660.0,0,0.0,0.0
2022-10-05 10:00:00+09:00,1660.0,1670.0,1640.0,1655.0,20166,0.0,0.0
2022-10-05 11:00:00+09:00,1655.0,1660.0,1640.0,1655.0,12008,0.0,0.0
2022-10-05 12:00:00+09:00,1655.0,1680.0,1645.0,1680.0,19928,0.0,0.0
2022-10-05 13:00:00+09:00,1680.0,1760.0,1670.0,1730.0,69448,0.0,0.0
2022-10-05 14:00:00+09:00,1725.0,1725.0,1695.0,1715.0,27310,0.0,0.0
2022-10-06 09:00:00+09:00,1725.0,1770.0,1725.0,1735.0,0,0.0,0.0
2022-10-06 10:00:00+09:00,1735.0,1750.0,1725.0,1730.0,16383,0.0,0.0
2022-10-06 11:00:00+09:00,1740.0,1755.0,1740.0,1750.0,7608,0.0,0.0
2022-10-06 12:00:00+09:00,1750.0,1760.0,1750.0,1750.0,6304,0.0,0.0
2022-10-06 13:00:00+09:00,1750.0,1750.0,1665.0,1685.0,83067,0.0,0.0
2022-10-06 14:00:00+09:00,1685.0,1705.0,1680.0,1690.0,33938,0.0,0.0
2022-10-07 09:00:00+09:00,1690.0,1695.0,1645.0,1650.0,0,0.0,0.0
2022-10-07 10:00:00+09:00,1650.0,1660.0,1635.0,1655.0,13098,0.0,0.0
2022-10-07 11:00:00+09:00,1655.0,1660.0,1645.0,1655.0,8155,0.0,0.0
2022-10-07 12:00:00+09:00,1655.0,1665.0,1655.0,1655.0,8616,0.0,0.0
2022-10-07 13:00:00+09:00,1655.0,1660.0,1650.0,1650.0,12685,0.0,0.0
2022-10-07 14:00:00+09:00,1650.0,1655.0,1645.0,1650.0,6049,0.0,0.0
2022-10-11 09:00:00+09:00,1580.0,1635.0,1525.0,1545.0,0,0.0,0.0
2022-10-11 10:00:00+09:00,1550.0,1565.0,1520.0,1550.0,19282,0.0,0.0
2022-10-11 11:00:00+09:00,1530.0,1550.0,1525.0,1530.0,9423,0.0,0.0
2022-10-11 12:00:00+09:00,1530.0,1540.0,1515.0,1530.0,34691,0.0,0.0
2022-10-11 13:00:00+09:00,1520.0,1535.0,1520.0,1535.0,4265,0.0,0.0
2022-10-11 14:00:00+09:00,1540.0,1540.0,1510.0,1525.0,17064,0.0,0.0
2022-10-12 09:00:00+09:00,1510.0,1510.0,1435.0,1465.0,0,0.0,0.0
2022-10-12 10:00:00+09:00,1475.0,1480.0,1450.0,1455.0,75295,0.0,0.0
2022-10-12 11:00:00+09:00,1465.0,1470.0,1450.0,1465.0,17646,0.0,0.0
2022-10-12 12:00:00+09:00,1465.0,1475.0,1455.0,1470.0,12626,0.0,0.0
2022-10-12 13:00:00+09:00,1465.0,1475.0,1455.0,1475.0,10571,0.0,0.0
2022-10-12 14:00:00+09:00,1470.0,1475.0,1455.0,1470.0,10712,0.0,0.0
2022-10-13 09:00:00+09:00,1455.0,1455.0,1400.0,1420.0,0,0.0,0.0
2022-10-13 10:00:00+09:00,1410.0,1420.0,1320.0,1360.0,77923,0.0,0.0
2022-10-13 11:00:00+09:00,1355.0,1370.0,1345.0,1360.0,31934,0.0,0.0
2022-10-13 12:00:00+09:00,1360.0,1385.0,1360.0,1365.0,12322,0.0,0.0
2022-10-13 13:00:00+09:00,1365.0,1375.0,1360.0,1375.0,10265,0.0,0.0
2022-10-13 14:00:00+09:00,1375.0,1375.0,1350.0,1355.0,16030,0.0,0.0
2022-10-14 09:00:00+09:00,1375.0,1425.0,1375.0,1410.0,0,0.0,0.0
2022-10-14 10:00:00+09:00,1405.0,1410.0,1390.0,1410.0,54187,0.0,0.0
2022-10-14 11:00:00+09:00,1405.0,1410.0,1385.0,1405.0,17910,0.0,0.0
2022-10-14 12:00:00+09:00,1400.0,1420.0,1400.0,1415.0,21463,0.0,0.0
2022-10-14 13:00:00+09:00,1415.0,1430.0,1415.0,1430.0,15829,0.0,0.0
2022-10-14 14:00:00+09:00,1425.0,1425.0,1405.0,1420.0,20120,0.0,0.0
2022-10-17 09:00:00+09:00,1400.0,1520.0,1385.0,1470.0,0,0.0,0.0
2022-10-17 10:00:00+09:00,1475.0,1590.0,1470.0,1545.0,181344,0.0,0.0
2022-10-17 11:00:00+09:00,1545.0,1640.0,1540.0,1575.0,167241,0.0,0.0
2022-10-17 12:00:00+09:00,1580.0,1595.0,1555.0,1575.0,43520,0.0,0.0
2022-10-17 13:00:00+09:00,1585.0,1590.0,1530.0,1570.0,42809,0.0,0.0
2022-10-17 14:00:00+09:00,1570.0,1595.0,1520.0,1550.0,51649,0.0,0.0
2022-10-18 09:00:00+09:00,1560.0,1650.0,1560.0,1600.0,0,0.0,0.0
2022-10-18 10:00:00+09:00,1590.0,1600.0,1575.0,1590.0,23925,0.0,0.0
2022-10-18 11:00:00+09:00,1585.0,1595.0,1565.0,1595.0,33320,0.0,0.0
2022-10-18 12:00:00+09:00,1595.0,1615.0,1590.0,1600.0,20967,0.0,0.0
2022-10-18 13:00:00+09:00,1600.0,1605.0,1580.0,1580.0,8579,0.0,0.0
2022-10-18 14:00:00+09:00,1590.0,1595.0,1575.0,1590.0,12895,0.0,0.0
2022-10-19 09:00:00+09:00,1595.0,1750.0,1595.0,1750.0,0,0.0,0.0
2022-10-19 10:00:00+09:00,1785.0,1945.0,1725.0,1760.0,853095,0.0,0.0
2022-10-19 11:00:00+09:00,1760.0,1930.0,1750.0,1845.0,461076,0.0,0.0
2022-10-19 12:00:00+09:00,1845.0,2040.0,1825.0,1945.0,980727,0.0,0.0
2022-10-19 13:00:00+09:00,1940.0,1955.0,1860.0,1880.0,342065,0.0,0.0
2022-10-19 14:00:00+09:00,1890.0,2025.0,1880.0,2005.0,672047,0.0,0.0
2022-10-20 09:00:00+09:00,1945.0,2040.0,1750.0,1810.0,0,0.0,0.0
2022-10-20 10:00:00+09:00,1825.0,1835.0,1785.0,1825.0,123137,0.0,0.0
2022-10-20 11:00:00+09:00,1810.0,1820.0,1800.0,1815.0,54454,0.0,0.0
2022-10-20 12:00:00+09:00,1820.0,1820.0,1790.0,1805.0,25293,0.0,0.0
2022-10-20 13:00:00+09:00,1805.0,1825.0,1790.0,1825.0,18753,0.0,0.0
2022-10-20 14:00:00+09:00,1825.0,1825.0,1785.0,1800.0,34425,0.0,0.0
2022-10-21 09:00:00+09:00,1770.0,1800.0,1715.0,1775.0,0,0.0,0.0
2022-10-21 10:00:00+09:00,1775.0,1790.0,1745.0,1760.0,44419,0.0,0.0
2022-10-21 11:00:00+09:00,1765.0,1765.0,1740.0,1755.0,17939,0.0,0.0
2022-10-21 12:00:00+09:00,1740.0,1755.0,1735.0,1735.0,12196,0.0,0.0
2022-10-21 13:00:00+09:00,1740.0,1740.0,1720.0,1730.0,19372,0.0,0.0
2022-10-21 14:00:00+09:00,1725.0,1735.0,1710.0,1720.0,24706,0.0,0.0
2022-10-24 09:00:00+09:00,1730.0,1805.0,1730.0,1770.0,0,0.0,0.0
2022-10-24 10:00:00+09:00,1765.0,1780.0,1745.0,1750.0,24888,0.0,0.0
2022-10-24 11:00:00+09:00,1750.0,1765.0,1720.0,1720.0,20973,0.0,0.0
2022-10-24 12:00:00+09:00,1730.0,1745.0,1710.0,1735.0,21650,0.0,0.0
2022-10-24 13:00:00+09:00,1730.0,1755.0,1715.0,1745.0,20218,0.0,0.0
2022-10-24 14:00:00+09:00,1735.0,1745.0,1720.0,1720.0,13962,0.0,0.0
2022-10-25 09:00:00+09:00,1750.0,1835.0,1750.0,1770.0,0,0.0,0.0
2022-10-25 10:00:00+09:00,1760.0,1785.0,1745.0,1775.0,18818,0.0,0.0
2022-10-25 11:00:00+09:00,1770.0,1775.0,1740.0,1755.0,31507,0.0,0.0
2022-10-25 12:00:00+09:00,1755.0,1760.0,1740.0,1745.0,7936,0.0,0.0
2022-10-25 13:00:00+09:00,1745.0,1765.0,1735.0,1760.0,24088,0.0,0.0
2022-10-25 14:00:00+09:00,1760.0,1770.0,1745.0,1755.0,11220,0.0,0.0
2022-10-26 09:00:00+09:00,1790.0,1790.0,1695.0,1700.0,0,0.0,0.0
2022-10-26 10:00:00+09:00,1700.0,1730.0,1695.0,1720.0,11797,0.0,0.0
2022-10-26 11:00:00+09:00,1720.0,1730.0,1700.0,1700.0,5786,0.0,0.0
2022-10-26 12:00:00+09:00,1715.0,1715.0,1700.0,1710.0,6763,0.0,0.0
2022-10-26 13:00:00+09:00,1705.0,1710.0,1680.0,1690.0,22996,0.0,0.0
2022-10-26 14:00:00+09:00,1685.0,1685.0,1665.0,1675.0,20207,0.0,0.0
2022-10-27 09:00:00+09:00,1665.0,1725.0,1660.0,1695.0,0,0.0,0.0
2022-10-27 10:00:00+09:00,1700.0,1730.0,1675.0,1730.0,34013,0.0,0.0
2022-10-27 11:00:00+09:00,1730.0,1735.0,1720.0,1725.0,17531,0.0,0.0
2022-10-27 12:00:00+09:00,1730.0,1740.0,1720.0,1740.0,8749,0.0,0.0
2022-10-27 13:00:00+09:00,1735.0,1740.0,1720.0,1740.0,14626,0.0,0.0
2022-10-27 14:00:00+09:00,1740.0,1800.0,1730.0,1775.0,101527,0.0,0.0
2022-10-28 09:00:00+09:00,1760.0,1770.0,1725.0,1735.0,40778,0.0,0.0
2022-10-28 10:00:00+09:00,1735.0,1750.0,1720.0,1740.0,12287,0.0,0.0
2022-10-28 11:00:00+09:00,1740.0,1745.0,1730.0,1735.0,3472,0.0,0.0
2022-10-28 12:00:00+09:00,1735.0,1745.0,1710.0,1720.0,19533,0.0,0.0
2022-10-28 13:00:00+09:00,1720.0,1730.0,1720.0,1730.0,5148,0.0,0.0
2022-10-28 14:00:00+09:00,1720.0,1725.0,1705.0,1710.0,28291,0.0,0.0
2022-10-31 09:00:00+09:00,1740.0,1740.0,1680.0,1700.0,0,0.0,0.0
2022-10-31 10:00:00+09:00,1705.0,1715.0,1705.0,1715.0,4873,0.0,0.0
2022-10-31 11:00:00+09:00,1715.0,1720.0,1690.0,1690.0,28211,0.0,0.0
2022-10-31 12:00:00+09:00,1695.0,1705.0,1685.0,1705.0,15678,0.0,0.0
2022-10-31 13:00:00+09:00,1705.0,1705.0,1680.0,1690.0,10055,0.0,0.0
2022-10-31 14:00:00+09:00,1695.0,1710.0,1695.0,1700.0,7778,0.0,0.0
2022-11-01 09:00:00+09:00,1700.0,1785.0,1700.0,1755.0,0,0.0,0.0
2022-11-01 10:00:00+09:00,1760.0,1765.0,1750.0,1755.0,10963,0.0,0.0
2022-11-01 11:00:00+09:00,1755.0,1760.0,1730.0,1740.0,12049,0.0,0.0
2022-11-01 12:00:00+09:00,1740.0,1745.0,1730.0,1740.0,7602,0.0,0.0
2022-11-01 13:00:00+09:00,1745.0,1745.0,1730.0,1745.0,7214,0.0,0.0
2022-11-01 14:00:00+09:00,1735.0,1745.0,1720.0,1725.0,13850,0.0,0.0
2022-11-02 09:00:00+09:00,1740.0,1740.0,1660.0,1675.0,0,0.0,0.0
2022-11-02 10:00:00+09:00,1670.0,1720.0,1670.0,1695.0,23902,0.0,0.0
2022-11-02 11:00:00+09:00,1690.0,1700.0,1685.0,1695.0,5626,0.0,0.0
2022-11-02 12:00:00+09:00,1695.0,1700.0,1680.0,1690.0,8692,0.0,0.0
2022-11-02 13:00:00+09:00,1690.0,1710.0,1690.0,1705.0,7236,0.0,0.0
2022-11-02 14:00:00+09:00,1695.0,1700.0,1690.0,1690.0,6360,0.0,0.0
2022-11-03 09:00:00+09:00,1665.0,1695.0,1650.0,1690.0,0,0.0,0.0
2022-11-03 10:00:00+09:00,1690.0,1690.0,1675.0,1685.0,6736,0.0,0.0
2022-11-03 11:00:00+09:00,1685.0,1690.0,1680.0,1680.0,5558,0.0,0.0
2022-11-03 12:00:00+09:00,1685.0,1685.0,1670.0,1685.0,7025,0.0,0.0
2022-11-03 13:00:00+09:00,1685.0,1685.0,1670.0,1670.0,15282,0.0,0.0
2022-11-03 14:00:00+09:00,1685.0,1705.0,1675.0,1700.0,13080,0.0,0.0
2022-11-04 09:00:00+09:00,1680.0,1690.0,1655.0,1660.0,0,0.0,0.0
2022-11-04 10:00:00+09:00,1660.0,1680.0,1655.0,1670.0,22188,0.0,0.0
2022-11-04 11:00:00+09:00,1670.0,1670.0,1660.0,1670.0,2386,0.0,0.0
2022-11-04 12:00:00+09:00,1665.0,1670.0,1660.0,1665.0,3236,0.0,0.0
2022-11-04 13:00:00+09:00,1665.0,1670.0,1660.0,1660.0,2895,0.0,0.0
2022-11-04 14:00:00+09:00,1665.0,1675.0,1665.0,1665.0,6305,0.0,0.0
2022-11-07 09:00:00+09:00,1685.0,1715.0,1665.0,1690.0,0,0.0,0.0
2022-11-07 10:00:00+09:00,1690.0,1695.0,1685.0,1690.0,8119,0.0,0.0
2022-11-07 11:00:00+09:00,1695.0,1700.0,1690.0,1700.0,7040,0.0,0.0
2022-11-07 12:00:00+09:00,1700.0,1705.0,1695.0,1700.0,5287,0.0,0.0
2022-11-07 13:00:00+09:00,1700.0,1705.0,1700.0,1705.0,4258,0.0,0.0
2022-11-07 14:00:00+09:00,1700.0,1710.0,1700.0,1700.0,8236,0.0,0.0
2022-11-08 09:00:00+09:00,1710.0,1755.0,1710.0,1740.0,0,0.0,0.0
2022-11-08 10:00:00+09:00,1750.0,1780.0,1740.0,1765.0,44884,0.0,0.0
2022-11-08 11:00:00+09:00,1765.0,1785.0,1765.0,1775.0,29754,0.0,0.0
2022-11-08 12:00:00+09:00,1775.0,1785.0,1770.0,1780.0,15333,0.0,0.0
2022-11-08 13:00:00+09:00,1780.0,1810.0,1770.0,1795.0,84964,0.0,0.0
2022-11-08 14:00:00+09:00,1790.0,1845.0,1790.0,1820.0,94556,0.0,0.0
2022-11-09 09:00:00+09:00,1820.0,1875.0,1805.0,1865.0,0,0.0,0.0
2022-11-09 10:00:00+09:00,1865.0,1865.0,1840.0,1865.0,48149,0.0,0.0
2022-11-09 11:00:00+09:00,1865.0,1880.0,1850.0,1860.0,29698,0.0,0.0
2022-11-09 12:00:00+09:00,1860.0,1880.0,1860.0,1870.0,24850,0.0,0.0
2022-11-09 13:00:00+09:00,1870.0,1870.0,1850.0,1855.0,16543,0.0,0.0
2022-11-09 14:00:00+09:00,1855.0,1875.0,1850.0,1860.0,19712,0.0,0.0
2022-11-10 09:00:00+09:00,1850.0,1860.0,1820.0,1835.0,0,0.0,0.0
2022-11-10 10:00:00+09:00,1850.0,1860.0,1830.0,1835.0,17125,0.0,0.0
2022-11-10 11:00:00+09:00,1835.0,1835.0,1820.0,1825.0,22058,0.0,0.0
2022-11-10 12:00:00+09:00,1825.0,1840.0,1825.0,1830.0,11356,0.0,0.0
2022-11-10 13:00:00+09:00,1830.0,1835.0,1820.0,1825.0,5799,0.0,0.0
2022-11-10 14:00:00+09:00,1830.0,1830.0,1820.0,1820.0,7208,0.0,0.0
2022-11-11 09:00:00+09:00,1870.0,1870.0,1815.0,1850.0,0,0.0,0.0
2022-11-11 10:00:00+09:00,1850.0,1875.0,1840.0,1860.0,25580,0.0,0.0
2022-11-11 11:00:00+09:00,1860.0,1865.0,1845.0,1850.0,7871,0.0,0.0
2022-11-11 12:00:00+09:00,1845.0,1855.0,1830.0,1845.0,24701,0.0,0.0
2022-11-11 13:00:00+09:00,1845.0,1845.0,1830.0,1840.0,8182,0.0,0.0
2022-11-11 14:00:00+09:00,1835.0,1845.0,1815.0,1840.0,25931,0.0,0.0
2022-11-14 09:00:00+09:00,1835.0,1885.0,1805.0,1880.0,0,0.0,0.0
2022-11-14 10:00:00+09:00,1875.0,1905.0,1850.0,1890.0,47979,0.0,0.0
2022-11-14 11:00:00+09:00,1895.0,1895.0,1880.0,1880.0,13921,0.0,0.0
2022-11-14 12:00:00+09:00,1880.0,1895.0,1880.0,1895.0,15675,0.0,0.0
2022-11-14 13:00:00+09:00,1890.0,1910.0,1890.0,1905.0,33468,0.0,0.0
2022-11-14 14:00:00+09:00,1900.0,1900.0,1890.0,1895.0,6103,0.0,0.0
2022-11-15 09:00:00+09:00,1905.0,1965.0,1885.0,1920.0,0,0.0,0.0
2022-11-15 10:00:00+09:00,1920.0,1925.0,1865.0,1895.0,39993,0.0,0.0
2022-11-15 11:00:00+09:00,1895.0,1910.0,1885.0,1910.0,13146,0.0,0.0
2022-11-15 12:00:00+09:00,1905.0,1920.0,1900.0,1900.0,6144,0.0,0.0
2022-11-15 13:00:00+09:00,1900.0,1915.0,1890.0,1910.0,0,0.0,0.0
2022-11-15 14:00:00+09:00,1910.0,1915.0,1900.0,1910.0,154586,0.0,0.0
2022-11-16 09:00:00+09:00,1920.0,1970.0,1870.0,1870.0,0,0.0,0.0
2022-11-16 10:00:00+09:00,1875.0,1890.0,1865.0,1885.0,15682,0.0,0.0
2022-11-16 11:00:00+09:00,1890.0,1900.0,1885.0,1890.0,4987,0.0,0.0
2022-11-16 12:00:00+09:00,1895.0,1910.0,1880.0,1905.0,11827,0.0,0.0
2022-11-16 13:00:00+09:00,1900.0,1910.0,1880.0,1885.0,14920,0.0,0.0
2022-11-16 14:00:00+09:00,1895.0,1900.0,1885.0,1895.0,1009,0.0,0.0
2022-11-17 10:00:00+09:00,1880.0,1895.0,1845.0,1865.0,37778,0.0,0.0
2022-11-17 11:00:00+09:00,1860.0,1865.0,1850.0,1855.0,19578,0.0,0.0
2022-11-17 12:00:00+09:00,1860.0,1870.0,1855.0,1860.0,6488,0.0,0.0
2022-11-17 13:00:00+09:00,1860.0,1860.0,1840.0,1850.0,17565,0.0,0.0
2022-11-17 14:00:00+09:00,1845.0,1850.0,1840.0,1845.0,5067,0.0,0.0
2022-11-18 09:00:00+09:00,1865.0,1865.0,1820.0,1830.0,0,0.0,0.0
2022-11-18 10:00:00+09:00,1830.0,1840.0,1810.0,1820.0,22092,0.0,0.0
2022-11-18 11:00:00+09:00,1820.0,1825.0,1800.0,1820.0,30240,0.0,0.0
2022-11-18 12:00:00+09:00,1820.0,1830.0,1815.0,1830.0,3480,0.0,0.0
2022-11-18 13:00:00+09:00,1830.0,1835.0,1805.0,1805.0,13751,0.0,0.0
2022-11-18 14:00:00+09:00,1805.0,1820.0,1800.0,1815.0,11912,0.0,0.0
2022-11-21 09:00:00+09:00,1795.0,1815.0,1740.0,1760.0,0,0.0,0.0
2022-11-21 10:00:00+09:00,1760.0,1775.0,1760.0,1770.0,6725,0.0,0.0
2022-11-21 11:00:00+09:00,1770.0,1770.0,1755.0,1765.0,11975,0.0,0.0
2022-11-21 12:00:00+09:00,1765.0,1765.0,1755.0,1755.0,7300,0.0,0.0
2022-11-21 13:00:00+09:00,1755.0,1770.0,1750.0,1765.0,9308,0.0,0.0
2022-11-21 14:00:00+09:00,1765.0,1765.0,1745.0,1760.0,15354,0.0,0.0
2022-11-22 09:00:00+09:00,1760.0,1765.0,1745.0,1750.0,0,0.0,0.0
2022-11-22 10:00:00+09:00,1750.0,1765.0,1750.0,1760.0,5554,0.0,0.0
2022-11-22 11:00:00+09:00,1760.0,1765.0,1750.0,1765.0,1100,0.0,0.0
2022-11-22 12:00:00+09:00,1760.0,1765.0,1750.0,1750.0,4162,0.0,0.0
2022-11-22 13:00:00+09:00,1750.0,1750.0,1740.0,1750.0,9875,0.0,0.0
2022-11-22 14:00:00+09:00,1750.0,1750.0,1730.0,1740.0,7741,0.0,0.0
2022-11-23 09:00:00+09:00,1740.0,1830.0,1735.0,1800.0,0,0.0,0.0
2022-11-23 10:00:00+09:00,1800.0,1815.0,1795.0,1800.0,20249,0.0,0.0
2022-11-23 11:00:00+09:00,1800.0,1805.0,1795.0,1805.0,2903,0.0,0.0
2022-11-23 12:00:00+09:00,1805.0,1815.0,1795.0,1815.0,12633,0.0,0.0
2022-11-23 13:00:00+09:00,1815.0,1815.0,1805.0,1805.0,5528,0.0,0.0
2022-11-23 14:00:00+09:00,1800.0,1800.0,1790.0,1790.0,8065,0.0,0.0
2022-11-24 09:00:00+09:00,1825.0,1840.0,1800.0,1815.0,0,0.0,0.0
2022-11-24 10:00:00+09:00,1820.0,1820.0,1810.0,1820.0,5917,0.0,0.0
2022-11-24 11:00:00+09:00,1820.0,1825.0,1815.0,1820.0,4995,0.0,0.0
2022-11-24 12:00:00+09:00,1820.0,1820.0,1805.0,1810.0,10754,0.0,0.0
2022-11-24 13:00:00+09:00,1810.0,1810.0,1805.0,1810.0,1600,0.0,0.0
2022-11-24 14:00:00+09:00,1810.0,1815.0,1800.0,1815.0,10948,0.0,0.0
2022-11-25 09:00:00+09:00,1815.0,1815.0,1755.0,1785.0,0,0.0,0.0
2022-11-25 10:00:00+09:00,1785.0,1785.0,1765.0,1775.0,4009,0.0,0.0
2022-11-25 11:00:00+09:00,1775.0,1785.0,1770.0,1780.0,3172,0.0,0.0
2022-11-25 12:00:00+09:00,1775.0,1780.0,1765.0,1765.0,7711,0.0,0.0
2022-11-25 13:00:00+09:00,1765.0,1770.0,1760.0,1760.0,3170,0.0,0.0
2022-11-25 14:00:00+09:00,1765.0,1765.0,1755.0,1765.0,11922,0.0,0.0
2022-11-28 09:00:00+09:00,1790.0,1790.0,1670.0,1690.0,5324,0.0,0.0
2022-11-28 10:00:00+09:00,1680.0,1695.0,1660.0,1660.0,28955,0.0,0.0
2022-11-28 11:00:00+09:00,1670.0,1690.0,1665.0,1685.0,9208,0.0,0.0
2022-11-28 12:00:00+09:00,1685.0,1685.0,1675.0,1675.0,7165,0.0,0.0
2022-11-28 13:00:00+09:00,1680.0,1685.0,1675.0,1680.0,5780,0.0,0.0
2022-11-28 14:00:00+09:00,1675.0,1685.0,1675.0,1675.0,3762,0.0,0.0
2022-11-29 09:00:00+09:00,1680.0,1685.0,1655.0,1665.0,0,0.0,0.0
2022-11-29 10:00:00+09:00,1665.0,1680.0,1660.0,1660.0,6822,0.0,0.0
2022-11-29 11:00:00+09:00,1675.0,1680.0,1655.0,1680.0,6610,0.0,0.0
2022-11-29 12:00:00+09:00,1680.0,1685.0,1670.0,1675.0,5202,0.0,0.0
2022-11-29 13:00:00+09:00,1685.0,1715.0,1675.0,1690.0,26849,0.0,0.0
2022-11-29 14:00:00+09:00,1690.0,1700.0,1685.0,1690.0,5673,0.0,0.0
2022-11-30 09:00:00+09:00,1710.0,1715.0,1695.0,1700.0,0,0.0,0.0
2022-11-30 10:00:00+09:00,1705.0,1715.0,1690.0,1710.0,30436,0.0,0.0
2022-11-30 11:00:00+09:00,1705.0,1710.0,1695.0,1710.0,5678,0.0,0.0
2022-11-30 12:00:00+09:00,1710.0,1710.0,1705.0,1710.0,682,0.0,0.0
2022-11-30 13:00:00+09:00,1705.0,1725.0,1705.0,1720.0,11876,0.0,0.0
2022-11-30 14:00:00+09:00,1715.0,1720.0,1705.0,1705.0,9571,0.0,0.0
2022-12-01 09:00:00+09:00,1780.0,1780.0,1725.0,1770.0,0,0.0,0.0
2022-12-01 10:00:00+09:00,1770.0,1785.0,1765.0,1775.0,19183,0.0,0.0
2022-12-01 11:00:00+09:00,1770.0,1775.0,1755.0,1755.0,10247,0.0,0.0
2022-12-01 12:00:00+09:00,1755.0,1775.0,1750.0,1770.0,14162,0.0,0.0
2022-12-01 13:00:00+09:00,1770.0,1780.0,1760.0,1770.0,6345,0.0,0.0
2022-12-01 14:00:00+09:00,1765.0,1765.0,1750.0,1755.0,3195,0.0,0.0
2022-12-02 09:00:00+09:00,1760.0,1775.0,1760.0,1760.0,0,0.0,0.0
2022-12-02 10:00:00+09:00,1760.0,1765.0,1745.0,1755.0,7994,0.0,0.0
2022-12-02 11:00:00+09:00,1755.0,1760.0,1750.0,1755.0,1345,0.0,0.0
2022-12-02 12:00:00+09:00,1760.0,1775.0,1760.0,1775.0,4953,0.0,0.0
2022-12-02 13:00:00+09:00,1770.0,1775.0,1760.0,1775.0,3097,0.0,0.0
2022-12-02 14:00:00+09:00,1775.0,1780.0,1765.0,1775.0,16204,0.0,0.0
2022-12-05 09:00:00+09:00,1760.0,1840.0,1760.0,1830.0,0,0.0,0.0
2022-12-05 10:00:00+09:00,1830.0,1830.0,1810.0,1815.0,6284,0.0,0.0
2022-12-05 11:00:00+09:00,1820.0,1820.0,1805.0,1820.0,5422,0.0,0.0
2022-12-05 12:00:00+09:00,1815.0,1815.0,1785.0,1800.0,17331,0.0,0.0
2022-12-05 13:00:00+09:00,1800.0,1815.0,1780.0,1800.0,10651,0.0,0.0
2022-12-05 14:00:00+09:00,1790.0,1800.0,1790.0,1790.0,5270,0.0,0.0
2022-12-06 09:00:00+09:00,1790.0,1805.0,1770.0,1775.0,0,0.0,0.0
2022-12-06 10:00:00+09:00,1775.0,1775.0,1755.0,1760.0,10686,0.0,0.0
2022-12-06 11:00:00+09:00,1760.0,1770.0,1760.0,1770.0,2152,0.0,0.0
2022-12-06 12:00:00+09:00,1775.0,1775.0,1755.0,1770.0,6116,0.0,0.0
2022-12-06 13:00:00+09:00,1765.0,1770.0,1750.0,1770.0,5215,0.0,0.0
2022-12-06 14:00:00+09:00,1765.0,1770.0,1750.0,1760.0,5103,0.0,0.0
2022-12-07 09:00:00+09:00,1730.0,1745.0,1705.0,1730.0,16690,0.0,0.0
2022-12-07 10:00:00+09:00,1740.0,1745.0,1725.0,1745.0,5474,0.0,0.0
2022-12-07 11:00:00+09:00,1750.0,1755.0,1730.0,1745.0,10739,0.0,0.0
2022-12-07 12:00:00+09:00,1745.0,1745.0,1720.0,1725.0,4298,0.0,0.0
2022-12-07 13:00:00+09:00,1725.0,1725.0,1720.0,1725.0,4940,0.0,0.0
2022-12-07 14:00:00+09:00,1725.0,1745.0,1705.0,1725.0,21221,0.0,0.0
2022-12-08 09:00:00+09:00,1725.0,1740.0,1690.0,1700.0,0,0.0,0.0
2022-12-08 10:00:00+09:00,1705.0,1705.0,1650.0,1695.0,40892,0.0,0.0
2022-12-08 11:00:00+09:00,1690.0,1705.0,1675.0,1695.0,5990,0.0,0.0
2022-12-08 12:00:00+09:00,1695.0,1695.0,1675.0,1695.0,6083,0.0,0.0
2022-12-08 13:00:00+09:00,1685.0,1695.0,1680.0,1685.0,4760,0.0,0.0
2022-12-08 14:00:00+09:00,1680.0,1705.0,1675.0,1705.0,17742,0.0,0.0
2022-12-09 09:00:00+09:00,1750.0,1750.0,1675.0,1680.0,0,0.0,0.0
2022-12-09 10:00:00+09:00,1690.0,1720.0,1680.0,1715.0,4910,0.0,0.0
2022-12-09 11:00:00+09:00,1715.0,1715.0,1700.0,1710.0,6704,0.0,0.0
2022-12-09 12:00:00+09:00,1710.0,1710.0,1700.0,1710.0,2791,0.0,0.0
2022-12-09 13:00:00+09:00,1710.0,1710.0,1695.0,1700.0,9959,0.0,0.0
2022-12-09 14:00:00+09:00,1700.0,1710.0,1700.0,1710.0,3952,0.0,0.0
2022-12-12 09:00:00+09:00,1720.0,1725.0,1690.0,1690.0,0,0.0,0.0
2022-12-12 10:00:00+09:00,1690.0,1700.0,1685.0,1690.0,14020,0.0,0.0
2022-12-12 11:00:00+09:00,1695.0,1700.0,1670.0,1690.0,10465,0.0,0.0
2022-12-12 12:00:00+09:00,1695.0,1700.0,1690.0,1690.0,728,0.0,0.0
2022-12-12 13:00:00+09:00,1695.0,1695.0,1685.0,1695.0,3523,0.0,0.0
2022-12-12 14:00:00+09:00,1690.0,1695.0,1690.0,1695.0,3760,0.0,0.0
2022-12-13 09:00:00+09:00,1680.0,1810.0,1675.0,1710.0,1509,0.0,0.0
2022-12-13 10:00:00+09:00,1715.0,1725.0,1700.0,1705.0,11461,0.0,0.0
2022-12-13 11:00:00+09:00,1710.0,1720.0,1710.0,1715.0,4031,0.0,0.0
2022-12-13 12:00:00+09:00,1715.0,1720.0,1705.0,1720.0,4652,0.0,0.0
2022-12-13 13:00:00+09:00,1720.0,1720.0,1705.0,1705.0,3652,0.0,0.0
2022-12-13 14:00:00+09:00,1710.0,1730.0,1700.0,1705.0,8873,0.0,0.0
2022-12-14 09:00:00+09:00,1775.0,1785.0,1730.0,1730.0,0,0.0,0.0
2022-12-14 10:00:00+09:00,1735.0,1745.0,1730.0,1735.0,5155,0.0,0.0
2022-12-14 11:00:00+09:00,1735.0,1745.0,1730.0,1745.0,5189,0.0,0.0
2022-12-14 12:00:00+09:00,1750.0,1750.0,1740.0,1745.0,5770,0.0,0.0
2022-12-14 13:00:00+09:00,1740.0,1745.0,1735.0,1740.0,1856,0.0,0.0
2022-12-14 14:00:00+09:00,1735.0,1740.0,1730.0,1730.0,5194,0.0,0.0
2022-12-15 09:00:00+09:00,1745.0,1755.0,1730.0,1750.0,0,0.0,0.0
2022-12-15 10:00:00+09:00,1750.0,1765.0,1750.0,1755.0,12614,0.0,0.0
2022-12-15 11:00:00+09:00,1755.0,1795.0,1755.0,1780.0,27018,0.0,0.0
2022-12-15 12:00:00+09:00,1780.0,1790.0,1755.0,1770.0,14365,0.0,0.0
2022-12-15 13:00:00+09:00,1775.0,1780.0,1745.0,1775.0,19324,0.0,0.0
2022-12-15 14:00:00+09:00,1775.0,1790.0,1770.0,1785.0,11608,0.0,0.0
2022-12-16 09:00:00+09:00,1790.0,1795.0,1740.0,1760.0,0,0.0,0.0
2022-12-16 10:00:00+09:00,1760.0,1780.0,1750.0,1780.0,8653,0.0,0.0
2022-12-16 11:00:00+09:00,1785.0,1785.0,1755.0,1770.0,10765,0.0,0.0
2022-12-16 12:00:00+09:00,1770.0,1780.0,1755.0,1770.0,13815,0.0,0.0
2022-12-16 13:00:00+09:00,1765.0,1770.0,1750.0,1760.0,6512,0.0,0.0
2022-12-16 14:00:00+09:00,1750.0,1765.0,1750.0,1760.0,4112,0.0,0.0
2022-12-19 09:00:00+09:00,1750.0,1750.0,1715.0,1750.0,14198,0.0,0.0
2022-12-19 10:00:00+09:00,1745.0,1760.0,1740.0,1750.0,7740,0.0,0.0
2022-12-19 11:00:00+09:00,1755.0,1760.0,1735.0,1745.0,5435,0.0,0.0
2022-12-19 12:00:00+09:00,1745.0,1750.0,1735.0,1745.0,2931,0.0,0.0
2022-12-19 13:00:00+09:00,1745.0,1750.0,1745.0,1745.0,915,0.0,0.0
2022-12-19 14:00:00+09:00,1745.0,1760.0,1745.0,1750.0,12111,0.0,0.0
2022-12-20 09:00:00+09:00,1700.0,1710.0,1690.0,1700.0,0,0.0,0.0
2022-12-20 10:00:00+09:00,1700.0,1700.0,1685.0,1690.0,20613,0.0,0.0
2022-12-20 11:00:00+09:00,1695.0,1705.0,1690.0,1690.0,20237,0.0,0.0
2022-12-20 12:00:00+09:00,1690.0,1690.0,1665.0,1675.0,27159,0.0,0.0
2022-12-20 13:00:00+09:00,1675.0,1675.0,1650.0,1660.0,40298,0.0,0.0
2022-12-20 14:00:00+09:00,1660.0,1670.0,1645.0,1670.0,25820,0.0,0.0
2022-12-21 09:00:00+09:00,1680.0,1695.0,1625.0,1630.0,0,0.0,0.0
2022-12-21 10:00:00+09:00,1635.0,1660.0,1620.0,1650.0,28035,0.0,0.0
2022-12-21 11:00:00+09:00,1650.0,1655.0,1630.0,1655.0,19781,0.0,0.0
2022-12-21 12:00:00+09:00,1655.0,1655.0,1640.0,1650.0,4353,0.0,0.0
2022-12-21 13:00:00+09:00,1645.0,1650.0,1630.0,1645.0,10527,0.0,0.0
2022-12-21 14:00:00+09:00,1645.0,1655.0,1635.0,1635.0,5151,0.0,0.0
2022-12-22 09:00:00+09:00,1690.0,1790.0,1690.0,1715.0,77859,0.0,0.0
2022-12-22 10:00:00+09:00,1710.0,1720.0,1690.0,1710.0,16286,0.0,0.0
2022-12-22 11:00:00+09:00,1710.0,1710.0,1695.0,1695.0,11822,0.0,0.0
2022-12-22 12:00:00+09:00,1695.0,1715.0,1695.0,1705.0,6560,0.0,0.0
2022-12-22 13:00:00+09:00,1705.0,1715.0,1695.0,1695.0,15054,0.0,0.0
2022-12-22 14:00:00+09:00,1695.0,1705.0,1695.0,1695.0,6132,0.0,0.0
2022-12-23 09:00:00+09:00,1710.0,1710.0,1645.0,1645.0,0,0.0,0.0
2022-12-23 10:00:00+09:00,1650.0,1665.0,1645.0,1655.0,3641,0.0,0.0
2022-12-23 11:00:00+09:00,1665.0,1675.0,1655.0,1660.0,2909,0.0,0.0
2022-12-23 12:00:00+09:00,1660.0,1670.0,1650.0,1650.0,2979,0.0,0.0
2022-12-23 13:00:00+09:00,1665.0,1670.0,1655.0,1660.0,1365,0.0,0.0
2022-12-23 14:00:00+09:00,1655.0,1655.0,1640.0,1650.0,0,0.0,0.0
2022-12-26 09:00:00+09:00,1610.0,1635.0,1600.0,1610.0,0,0.0,0.0
2022-12-26 10:00:00+09:00,1610.0,1640.0,1600.0,1635.0,10347,0.0,0.0
2022-12-26 11:00:00+09:00,1630.0,1630.0,1580.0,1580.0,33009,0.0,0.0
2022-12-26 12:00:00+09:00,1580.0,1605.0,1580.0,1595.0,13894,0.0,0.0
2022-12-26 13:00:00+09:00,1600.0,1605.0,1595.0,1600.0,6447,0.0,0.0
2022-12-26 14:00:00+09:00,1600.0,1605.0,1595.0,1600.0,3840,0.0,0.0
2022-12-27 09:00:00+09:00,1585.0,1600.0,1570.0,1595.0,0,0.0,0.0
2022-12-27 10:00:00+09:00,1600.0,1600.0,1590.0,1590.0,8644,0.0,0.0
2022-12-27 11:00:00+09:00,1590.0,1595.0,1590.0,1590.0,3965,0.0,0.0
2022-12-27 12:00:00+09:00,1585.0,1600.0,1585.0,1590.0,6943,0.0,0.0
2022-12-27 13:00:00+09:00,1590.0,1595.0,1585.0,1585.0,4964,0.0,0.0
2022-12-27 14:00:00+09:00,1585.0,1585.0,1560.0,1575.0,23778,0.0,0.0
2022-12-28 09:00:00+09:00,1590.0,1590.0,1560.0,1570.0,0,0.0,0.0
2022-12-28 10:00:00+09:00,1570.0,1580.0,1565.0,1580.0,4744,0.0,0.0
2022-12-28 11:00:00+09:00,1580.0,1585.0,1560.0,1570.0,9544,0.0,0.0
2022-12-28 12:00:00+09:00,1575.0,1580.0,1565.0,1570.0,1285,0.0,0.0
2022-12-28 13:00:00+09:00,1565.0,1580.0,1560.0,1565.0,2390,0.0,0.0
2022-12-28 14:00:00+09:00,1560.0,1575.0,1560.0,1570.0,7281,0.0,0.0
2022-12-29 09:00:00+09:00,1540.0,1560.0,1510.0,1560.0,0,0.0,0.0
2022-12-29 10:00:00+09:00,1545.0,1565.0,1525.0,1525.0,9643,0.0,0.0
2022-12-29 11:00:00+09:00,1525.0,1550.0,1520.0,1520.0,7819,0.0,0.0
2022-12-29 12:00:00+09:00,1520.0,1540.0,1510.0,1540.0,8020,0.0,0.0
2022-12-29 13:00:00+09:00,1520.0,1535.0,1515.0,1520.0,5300,0.0,0.0
2022-12-29 14:00:00+09:00,1520.0,1530.0,1505.0,1525.0,10036,0.0,0.0
2023-01-02 10:00:00+09:00,1520.0,1565.0,1520.0,1550.0,11815,0.0,0.0
2023-01-02 11:00:00+09:00,1550.0,1555.0,1525.0,1525.0,15618,0.0,0.0
2023-01-02 12:00:00+09:00,1520.0,1535.0,1510.0,1510.0,11177,0.0,0.0
2023-01-02 13:00:00+09:00,1510.0,1530.0,1510.0,1515.0,4853,0.0,0.0
2023-01-02 14:00:00+09:00,1515.0,1535.0,1505.0,1520.0,16402,0.0,0.0
2023-01-03 09:00:00+09:00,1510.0,1525.0,1490.0,1505.0,0,0.0,0.0
2023-01-03 10:00:00+09:00,1495.0,1495.0,1475.0,1475.0,27480,0.0,0.0
2023-01-03 11:00:00+09:00,1480.0,1510.0,1480.0,1495.0,8663,0.0,0.0
2023-01-03 12:00:00+09:00,1495.0,1520.0,1495.0,1520.0,3991,0.0,0.0
2023-01-03 13:00:00+09:00,1510.0,1515.0,1500.0,1515.0,8964,0.0,0.0
2023-01-03 14:00:00+09:00,1515.0,1515.0,1500.0,1505.0,6487,0.0,0.0
2023-01-04 09:00:00+09:00,1450.0,1590.0,1450.0,1545.0,0,0.0,0.0
2023-01-04 10:00:00+09:00,1540.0,1540.0,1520.0,1520.0,4142,0.0,0.0
2023-01-04 11:00:00+09:00,1520.0,1525.0,1510.0,1515.0,5451,0.0,0.0
2023-01-04 12:00:00+09:00,1515.0,1530.0,1515.0,1520.0,1697,0.0,0.0
2023-01-04 13:00:00+09:00,1530.0,1530.0,1510.0,1520.0,3637,0.0,0.0
2023-01-04 14:00:00+09:00,1520.0,1530.0,1515.0,1530.0,6346,0.0,0.0
2023-01-05 09:00:00+09:00,1515.0,1550.0,1515.0,1545.0,0,0.0,0.0
2023-01-05 10:00:00+09:00,1540.0,1545.0,1520.0,1530.0,11886,0.0,0.0
2023-01-05 11:00:00+09:00,1530.0,1540.0,1515.0,1520.0,5022,0.0,0.0
2023-01-05 12:00:00+09:00,1525.0,1530.0,1515.0,1515.0,3362,0.0,0.0
2023-01-05 13:00:00+09:00,1515.0,1525.0,1510.0,1515.0,3390,0.0,0.0
2023-01-05 14:00:00+09:00,1515.0,1530.0,1515.0,1520.0,1751,0.0,0.0
2023-01-06 09:00:00+09:00,1530.0,1550.0,1515.0,1525.0,0,0.0,0.0
2023-01-06 10:00:00+09:00,1535.0,1560.0,1520.0,1560.0,12400,0.0,0.0
2023-01-06 11:00:00+09:00,1560.0,1560.0,1520.0,1545.0,11691,0.0,0.0
2023-01-06 12:00:00+09:00,1545.0,1555.0,1540.0,1555.0,1880,0.0,0.0
2023-01-06 13:00:00+09:00,1550.0,1555.0,1540.0,1550.0,0,0.0,0.0
2023-01-06 14:00:00+09:00,1550.0,1565.0,1545.0,1550.0,60793,0.0,0.0
2023-01-09 09:00:00+09:00,1535.0,1615.0,1535.0,1585.0,0,0.0,0.0
2023-01-09 10:00:00+09:00,1585.0,1595.0,1570.0,1580.0,19234,0.0,0.0
2023-01-09 11:00:00+09:00,1580.0,1585.0,1570.0,1580.0,4183,0.0,0.0
2023-01-09 12:00:00+09:00,1575.0,1575.0,1570.0,1570.0,2596,0.0,0.0
2023-01-09 13:00:00+09:00,1570.0,1570.0,1560.0,1565.0,9411,0.0,0.0
2023-01-09 14:00:00+09:00,1565.0,1585.0,1550.0,1585.0,12535,0.0,0.0
2023-01-10 09:00:00+09:00,1580.0,1595.0,1570.0,1590.0,0,0.0,0.0
2023-01-10 10:00:00+09:00,1590.0,1600.0,1575.0,1600.0,14382,0.0,0.0
2023-01-10 11:00:00+09:00,1600.0,1605.0,1585.0,1585.0,5223,0.0,0.0
2023-01-10 12:00:00+09:00,1590.0,1600.0,1585.0,1590.0,3389,0.0,0.0
2023-01-10 13:00:00+09:00,1585.0,1590.0,1580.0,1585.0,3690,0.0,0.0
2023-01-10 14:00:00+09:00,1585.0,1590.0,1580.0,1585.0,17798,0.0,0.0
2023-01-11 09:00:00+09:00,1605.0,1620.0,1590.0,1600.0,0,0.0,0.0
2023-01-11 10:00:00+09:00,1605.0,1610.0,1590.0,1595.0,13729,0.0,0.0
2023-01-11 11:00:00+09:00,1600.0,1610.0,1595.0,1605.0,4078,0.0,0.0
2023-01-11 12:00:00+09:00,1600.0,1605.0,1595.0,1605.0,4016,0.0,0.0
2023-01-11 13:00:00+09:00,1600.0,1610.0,1600.0,1610.0,8555,0.0,0.0
2023-01-11 14:00:00+09:00,1600.0,1610.0,1595.0,1600.0,12479,0.0,0.0
2023-01-12 09:00:00+09:00,1600.0,1620.0,1600.0,1620.0,0,0.0,0.0
2023-01-12 10:00:00+09:00,1615.0,1620.0,1600.0,1610.0,12136,0.0,0.0
2023-01-12 11:00:00+09:00,1605.0,1620.0,1605.0,1620.0,9701,0.0,0.0
2023-01-12 12:00:00+09:00,1620.0,1630.0,1615.0,1625.0,8525,0.0,0.0
2023-01-12 13:00:00+09:00,1615.0,1625.0,1610.0,1625.0,6016,0.0,0.0
2023-01-12 14:00:00+09:00,1620.0,1630.0,1610.0,1620.0,3286,0.0,0.0
2023-01-13 09:00:00+09:00,1635.0,1650.0,1610.0,1630.0,0,0.0,0.0
2023-01-13 10:00:00+09:00,1630.0,1645.0,1620.0,1635.0,9574,0.0,0.0
2023-01-13 11:00:00+09:00,1635.0,1635.0,1615.0,1615.0,11928,0.0,0.0
2023-01-13 12:00:00+09:00,1620.0,1630.0,1615.0,1630.0,4361,0.0,0.0
2023-01-13 13:00:00+09:00,1630.0,1630.0,1610.0,1615.0,8366,0.0,0.0
2023-01-13 14:00:00+09:00,1615.0,1625.0,1600.0,1620.0,15297,0.0,0.0
2023-01-16 09:00:00+09:00,1620.0,1655.0,1610.0,1655.0,0,0.0,0.0
2023-01-16 10:00:00+09:00,1650.0,1650.0,1615.0,1630.0,9718,0.0,0.0
2023-01-16 11:00:00+09:00,1635.0,1640.0,1625.0,1630.0,10339,0.0,0.0
2023-01-16 12:00:00+09:00,1630.0,1635.0,1615.0,1620.0,10888,0.0,0.0
2023-01-16 13:00:00+09:00,1615.0,1620.0,1600.0,1600.0,29877,0.0,0.0
2023-01-16 14:00:00+09:00,1605.0,1620.0,1600.0,1620.0,8548,0.0,0.0
2023-01-17 09:00:00+09:00,1620.0,1625.0,1600.0,1615.0,0,0.0,0.0
2023-01-17 10:00:00+09:00,1615.0,1620.0,1610.0,1610.0,0,0.0,0.0
2023-01-17 11:00:00+09:00,1610.0,1610.0,1600.0,1605.0,0,0.0,0.0
2023-01-17 12:00:00+09:00,1605.0,1605.0,1595.0,1600.0,18729,0.0,0.0
2023-01-17 13:00:00+09:00,1600.0,1600.0,1595.0,1600.0,5499,0.0,0.0
2023-01-17 14:00:00+09:00,1600.0,1605.0,1590.0,1605.0,10444,0.0,0.0
2023-01-18 09:00:00+09:00,1600.0,1625.0,1600.0,1605.0,0,0.0,0.0
2023-01-18 10:00:00+09:00,1605.0,1605.0,1590.0,1595.0,10123,0.0,0.0
2023-01-18 11:00:00+09:00,1595.0,1600.0,1585.0,1585.0,0,0.0,0.0
2023-01-18 12:00:00+09:00,1585.0,1595.0,1575.0,1580.0,51090,0.0,0.0
2023-01-18 13:00:00+09:00,1585.0,1590.0,1575.0,1580.0,1038,0.0,0.0
2023-01-18 14:00:00+09:00,1585.0,1590.0,1580.0,1580.0,3144,0.0,0.0
2023-01-19 09:00:00+09:00,1550.0,1585.0,1545.0,1560.0,0,0.0,0.0
2023-01-19 10:00:00+09:00,1565.0,1565.0,1550.0,1550.0,2766,0.0,0.0
2023-01-19 11:00:00+09:00,1550.0,1575.0,1550.0,1575.0,3765,0.0,0.0
2023-01-19 12:00:00+09:00,1570.0,1585.0,1560.0,1575.0,1874,0.0,0.0
2023-01-19 13:00:00+09:00,1565.0,1585.0,1560.0,1565.0,1592,0.0,0.0
2023-01-19 14:00:00+09:00,1565.0,1575.0,1560.0,1575.0,10982,0.0,0.0
2023-01-20 09:00:00+09:00,1555.0,1600.0,1555.0,1565.0,0,0.0,0.0
2023-01-20 10:00:00+09:00,1565.0,1580.0,1560.0,1560.0,4894,0.0,0.0
2023-01-20 11:00:00+09:00,1570.0,1590.0,1565.0,1585.0,6877,0.0,0.0
2023-01-20 12:00:00+09:00,1585.0,1590.0,1570.0,1590.0,3363,0.0,0.0
2023-01-20 13:00:00+09:00,1590.0,1590.0,1570.0,1570.0,1888,0.0,0.0
2023-01-20 14:00:00+09:00,1570.0,1590.0,1570.0,1580.0,7510,0.0,0.0
2023-01-25 09:00:00+09:00,1585.0,1650.0,1570.0,1628.0,0,0.0,0.0
2023-01-25 10:00:00+09:00,1624.0,1659.0,1601.0,1609.0,67280,0.0,0.0
2023-01-25 11:00:00+09:00,1608.0,1612.0,1603.0,1608.0,5338,0.0,0.0
2023-01-25 12:00:00+09:00,1607.0,1608.0,1595.0,1605.0,25765,0.0,0.0
2023-01-25 13:00:00+09:00,1605.0,1612.0,1605.0,1607.0,13039,0.0,0.0
2023-01-25 14:00:00+09:00,1612.0,1622.0,1610.0,1622.0,19521,0.0,0.0
2023-01-26 09:00:00+09:00,1649.0,1649.0,1566.0,1614.0,37406,0.0,0.0
2023-01-26 10:00:00+09:00,1613.0,1621.0,1603.0,1621.0,10632,0.0,0.0
2023-01-26 11:00:00+09:00,1620.0,1621.0,1610.0,1613.0,2712,0.0,0.0
2023-01-26 12:00:00+09:00,1619.0,1619.0,1611.0,1611.0,9764,0.0,0.0
2023-01-26 13:00:00+09:00,1618.0,1618.0,1610.0,1616.0,6314,0.0,0.0
2023-01-26 14:00:00+09:00,1611.0,1611.0,1605.0,1606.0,13380,0.0,0.0
2023-01-27 09:00:00+09:00,1633.0,1633.0,1610.0,1611.0,16772,0.0,0.0
2023-01-27 10:00:00+09:00,1611.0,1624.0,1600.0,1624.0,27939,0.0,0.0
2023-01-27 11:00:00+09:00,1624.0,1626.0,1611.0,1622.0,4420,0.0,0.0
2023-01-27 12:00:00+09:00,1622.0,1626.0,1616.0,1618.0,11114,0.0,0.0
2023-01-27 13:00:00+09:00,1618.0,1619.0,1605.0,1617.0,6056,0.0,0.0
2023-01-27 14:00:00+09:00,1616.0,1618.0,1614.0,1617.0,2007,0.0,0.0
2023-01-30 09:00:00+09:00,1670.0,1670.0,1611.0,1617.0,0,0.0,0.0
2023-01-30 10:00:00+09:00,1613.0,1613.0,1603.0,1612.0,17367,0.0,0.0
2023-01-30 11:00:00+09:00,1619.0,1623.0,1619.0,1620.0,5004,0.0,0.0
2023-01-30 12:00:00+09:00,1615.0,1616.0,1605.0,1610.0,20522,0.0,0.0
2023-01-30 13:00:00+09:00,1610.0,1615.0,1605.0,1614.0,2884,0.0,0.0
2023-01-30 14:00:00+09:00,1611.0,1611.0,1605.0,1607.0,5135,0.0,0.0
2023-01-31 09:00:00+09:00,1607.0,1608.0,1580.0,1604.0,14062,0.0,0.0
2023-01-31 10:00:00+09:00,1604.0,1604.0,1595.0,1596.0,3642,0.0,0.0
2023-01-31 11:00:00+09:00,1596.0,1601.0,1591.0,1597.0,7270,0.0,0.0
2023-01-31 12:00:00+09:00,1597.0,1598.0,1596.0,1597.0,5390,0.0,0.0
2023-01-31 13:00:00+09:00,1597.0,1605.0,1597.0,1605.0,7807,0.0,0.0
2023-01-31 14:00:00+09:00,1604.0,1606.0,1599.0,1601.0,8310,0.0,0.0
2023-02-01 09:00:00+09:00,1605.0,1630.0,1604.0,1607.0,5380,0.0,0.0
2023-02-01 10:00:00+09:00,1607.0,1607.0,1596.0,1604.0,11516,0.0,0.0
2023-02-01 11:00:00+09:00,1605.0,1613.0,1605.0,1611.0,11575,0.0,0.0
2023-02-01 12:00:00+09:00,1611.0,1615.0,1611.0,1615.0,9099,0.0,0.0
2023-02-01 13:00:00+09:00,1615.0,1615.0,1608.0,1608.0,3068,0.0,0.0
2023-02-01 14:00:00+09:00,1608.0,1610.0,1605.0,1608.0,5166,0.0,0.0
2023-02-02 09:00:00+09:00,1613.0,1632.0,1613.0,1625.0,0,0.0,0.0
2023-02-02 10:00:00+09:00,1625.0,1627.0,1618.0,1622.0,12156,0.0,0.0
2023-02-02 11:00:00+09:00,1622.0,1627.0,1617.0,1626.0,6938,0.0,0.0
2023-02-02 12:00:00+09:00,1626.0,1626.0,1620.0,1620.0,2452,0.0,0.0
2023-02-02 13:00:00+09:00,1625.0,1626.0,1624.0,1625.0,13820,0.0,0.0
2023-02-02 14:00:00+09:00,1626.0,1626.0,1620.0,1623.0,7935,0.0,0.0
2023-02-03 09:00:00+09:00,1635.0,1639.0,1621.0,1623.0,14370,0.0,0.0
2023-02-03 10:00:00+09:00,1625.0,1626.0,1620.0,1623.0,8708,0.0,0.0
2023-02-03 11:00:00+09:00,1623.0,1624.0,1618.0,1623.0,11520,0.0,0.0
2023-02-03 12:00:00+09:00,1623.0,1624.0,1619.0,1623.0,5018,0.0,0.0
2023-02-03 13:00:00+09:00,1624.0,1628.0,1623.0,1628.0,5078,0.0,0.0
2023-02-03 14:00:00+09:00,1628.0,1630.0,1620.0,1630.0,5891,0.0,0.0
2023-02-06 09:00:00+09:00,1630.0,1630.0,1610.0,1626.0,0,0.0,0.0
2023-02-06 10:00:00+09:00,1626.0,1628.0,1620.0,1628.0,10825,0.0,0.0
2023-02-06 11:00:00+09:00,1628.0,1632.0,1625.0,1625.0,5768,0.0,0.0
2023-02-06 12:00:00+09:00,1621.0,1630.0,1615.0,1625.0,3030,0.0,0.0
2023-02-06 13:00:00+09:00,1627.0,1627.0,1619.0,1622.0,3635,0.0,0.0
2023-02-06 14:00:00+09:00,1622.0,1624.0,1616.0,1621.0,11094,0.0,0.0
2023-02-07 09:00:00+09:00,1624.0,1629.0,1617.0,1625.0,15792,0.0,0.0
2023-02-07 10:00:00+09:00,1625.0,1627.0,1620.0,1626.0,8095,0.0,0.0
2023-02-07 11:00:00+09:00,1625.0,1625.0,1620.0,1620.0,10026,0.0,0.0
2023-02-07 12:00:00+09:00,1621.0,1621.0,1618.0,1621.0,7097,0.0,0.0
2023-02-07 13:00:00+09:00,1621.0,1621.0,1615.0,1621.0,23204,0.0,0.0
2023-02-07 14:00:00+09:00,1622.0,1622.0,1617.0,1620.0,8944,0.0,0.0
2023-02-08 09:00:00+09:00,1626.0,1636.0,1626.0,1630.0,18315,0.0,0.0
2023-02-08 10:00:00+09:00,1630.0,1634.0,1629.0,1632.0,21759,0.0,0.0
2023-02-08 11:00:00+09:00,1632.0,1634.0,1630.0,1631.0,12718,0.0,0.0
2023-02-08 12:00:00+09:00,1631.0,1634.0,1629.0,1633.0,18184,0.0,0.0
2023-02-08 13:00:00+09:00,1633.0,1633.0,1628.0,1630.0,5598,0.0,0.0
2023-02-08 14:00:00+09:00,1628.0,1628.0,1623.0,1626.0,11157,0.0,0.0
2023-02-09 09:00:00+09:00,1637.0,1637.0,1621.0,1624.0,16043,0.0,0.0
2023-02-09 10:00:00+09:00,1621.0,1628.0,1619.0,1620.0,14023,0.0,0.0
2023-02-09 11:00:00+09:00,1620.0,1629.0,1619.0,1629.0,6671,0.0,0.0
2023-02-09 12:00:00+09:00,1629.0,1629.0,1625.0,1626.0,6869,0.0,0.0
2023-02-09 13:00:00+09:00,1626.0,1630.0,1626.0,1626.0,8211,0.0,0.0
2023-02-09 14:00:00+09:00,1626.0,1627.0,1623.0,1627.0,5879,0.0,0.0
2023-02-10 09:00:00+09:00,1638.0,1638.0,1607.0,1608.0,16435,0.0,0.0
2023-02-10 10:00:00+09:00,1608.0,1620.0,1607.0,1620.0,6932,0.0,0.0
2023-02-10 11:00:00+09:00,1620.0,1621.0,1613.0,1618.0,2619,0.0,0.0
2023-02-10 12:00:00+09:00,1619.0,1620.0,1614.0,1614.0,2307,0.0,0.0
2023-02-10 13:00:00+09:00,1614.0,1615.0,1611.0,1615.0,2423,0.0,0.0
2023-02-10 14:00:00+09:00,1613.0,1628.0,1608.0,1626.0,26243,0.0,0.0
2023-02-13 09:00:00+09:00,1622.0,1622.0,1608.0,1611.0,0,0.0,0.0
2023-02-13 10:00:00+09:00,1612.0,1614.0,1590.0,1590.0,33708,0.0,0.0
2023-02-13 11:00:00+09:00,1591.0,1599.0,1590.0,1595.0,5582,0.0,0.0
2023-02-13 12:00:00+09:00,1595.0,1604.0,1592.0,1604.0,6405,0.0,0.0
2023-02-13 13:00:00+09:00,1604.0,1604.0,1598.0,1604.0,2629,0.0,0.0
2023-02-13 14:00:00+09:00,1604.0,1605.0,1600.0,1600.0,2951,0.0,0.0
2023-02-14 09:00:00+09:00,1600.0,1620.0,1600.0,1606.0,9809,0.0,0.0
2023-02-14 10:00:00+09:00,1606.0,1606.0,1602.0,1604.0,4621,0.0,0.0
2023-02-14 11:00:00+09:00,1604.0,1609.0,1604.0,1606.0,1110,0.0,0.0
2023-02-14 12:00:00+09:00,1606.0,1606.0,1597.0,1601.0,14044,0.0,0.0
2023-02-14 13:00:00+09:00,1601.0,1601.0,1599.0,1601.0,2609,0.0,0.0
2023-02-14 14:00:00+09:00,1600.0,1601.0,1600.0,1600.0,4190,0.0,0.0
2023-02-15 09:00:00+09:00,1600.0,1603.0,1582.0,1598.0,89926,0.0,0.0
2023-02-15 10:00:00+09:00,1588.0,1597.0,1586.0,1588.0,12836,0.0,0.0
2023-02-15 11:00:00+09:00,1587.0,1589.0,1586.0,1587.0,9325,0.0,0.0
2023-02-15 12:00:00+09:00,1587.0,1588.0,1586.0,1586.0,3303,0.0,0.0
2023-02-15 13:00:00+09:00,1587.0,1588.0,1586.0,1586.0,31486,0.0,0.0
2023-02-15 14:00:00+09:00,1586.0,1587.0,1583.0,1585.0,37808,0.0,0.0
2023-02-16 09:00:00+09:00,1575.0,1610.0,1575.0,1589.0,28486,0.0,0.0
2023-02-16 10:00:00+09:00,1589.0,1600.0,1583.0,1597.0,6985,0.0,0.0
2023-02-16 11:00:00+09:00,1597.0,1597.0,1591.0,1597.0,3804,0.0,0.0
2023-02-16 12:00:00+09:00,1596.0,1600.0,1587.0,1593.0,9171,0.0,0.0
2023-02-16 13:00:00+09:00,1590.0,1590.0,1586.0,1589.0,6599,0.0,0.0
2023-02-16 14:00:00+09:00,1589.0,1593.0,1588.0,1593.0,2704,0.0,0.0
2023-02-17 09:00:00+09:00,1605.0,1607.0,1597.0,1600.0,13311,0.0,0.0
2023-02-17 10:00:00+09:00,1600.0,1600.0,1595.0,1597.0,6224,0.0,0.0
2023-02-17 11:00:00+09:00,1592.0,1595.0,1585.0,1592.0,5416,0.0,0.0
2023-02-17 12:00:00+09:00,1592.0,1593.0,1587.0,1592.0,2640,0.0,0.0
2023-02-17 13:00:00+09:00,1590.0,1592.0,1582.0,1583.0,10353,0.0,0.0
2023-02-17 14:00:00+09:00,1584.0,1587.0,1584.0,1586.0,9873,0.0,0.0
2023-02-20 09:00:00+09:00,1571.0,1576.0,1500.0,1571.0,0,0.0,0.0
2023-02-20 10:00:00+09:00,1571.0,1583.0,1571.0,1580.0,4259,0.0,0.0
2023-02-20 11:00:00+09:00,1577.0,1590.0,1575.0,1588.0,34169,0.0,0.0
2023-02-20 12:00:00+09:00,1588.0,1588.0,1580.0,1582.0,20993,0.0,0.0
2023-02-20 13:00:00+09:00,1582.0,1587.0,1580.0,1586.0,1533,0.0,0.0
2023-02-20 14:00:00+09:00,1586.0,1587.0,1580.0,1587.0,10857,0.0,0.0
2023-02-21 09:00:00+09:00,1595.0,1602.0,1582.0,1582.0,0,0.0,0.0
2023-02-21 10:00:00+09:00,1582.0,1591.0,1570.0,1578.0,31247,0.0,0.0
2023-02-21 11:00:00+09:00,1584.0,1589.0,1581.0,1582.0,2430,0.0,0.0
2023-02-21 12:00:00+09:00,1582.0,1582.0,1575.0,1577.0,3978,0.0,0.0
2023-02-21 13:00:00+09:00,1577.0,1579.0,1573.0,1576.0,0,0.0,0.0
2023-02-21 14:00:00+09:00,1575.0,1577.0,1573.0,1573.0,44442,0.0,0.0
2023-02-22 09:00:00+09:00,1566.0,1571.0,1528.0,1547.0,36587,0.0,0.0
2023-02-22 10:00:00+09:00,1547.0,1560.0,1545.0,1552.0,34382,0.0,0.0
2023-02-22 11:00:00+09:00,1552.0,1557.0,1552.0,1553.0,6168,0.0,0.0
2023-02-22 12:00:00+09:00,1553.0,1555.0,1553.0,1555.0,6007,0.0,0.0
2023-02-22 13:00:00+09:00,1555.0,1555.0,1546.0,1546.0,6651,0.0,0.0
2023-02-22 14:00:00+09:00,1546.0,1548.0,1544.0,1546.0,6755,0.0,0.0
2023-02-23 09:00:00+09:00,1531.0,1544.0,1530.0,1534.0,21215,0.0,0.0
2023-02-23 10:00:00+09:00,1534.0,1534.0,1529.0,1530.0,17378,0.0,0.0
2023-02-23 11:00:00+09:00,1530.0,1539.0,1530.0,1539.0,5946,0.0,0.0
2023-02-23 12:00:00+09:00,1539.0,1540.0,1538.0,1540.0,1598,0.0,0.0
2023-02-23 13:00:00+09:00,1540.0,1540.0,1539.0,1539.0,1582,0.0,0.0
2023-02-23 14:00:00+09:00,1539.0,1540.0,1538.0,1539.0,3582,0.0,0.0
2023-02-24 09:00:00+09:00,1536.0,1552.0,1525.0,1528.0,16617,0.0,0.0
2023-02-24 10:00:00+09:00,1528.0,1528.0,1522.0,1522.0,12305,0.0,0.0
2023-02-24 11:00:00+09:00,1524.0,1524.0,1517.0,1518.0,10289,0.0,0.0
2023-02-24 12:00:00+09:00,1518.0,1518.0,1503.0,1504.0,25462,0.0,0.0
2023-02-24 13:00:00+09:00,1504.0,1505.0,1497.0,1497.0,30769,0.0,0.0
2023-02-24 14:00:00+09:00,1499.0,1516.0,1495.0,1503.0,14366,0.0,0.0
2023-02-27 09:00:00+09:00,1500.0,1500.0,1477.0,1490.0,0,0.0,0.0
2023-02-27 10:00:00+09:00,1483.0,1490.0,1479.0,1479.0,13838,0.0,0.0
2023-02-27 11:00:00+09:00,1480.0,1499.0,1480.0,1499.0,4542,0.0,0.0
2023-02-27 12:00:00+09:00,1499.0,1500.0,1480.0,1491.0,2856,0.0,0.0
2023-02-27 13:00:00+09:00,1495.0,1498.0,1487.0,1491.0,1754,0.0,0.0
2023-02-27 14:00:00+09:00,1491.0,1491.0,1487.0,1487.0,1040,0.0,0.0
2023-02-28 09:00:00+09:00,1491.0,1491.0,1470.0,1490.0,15573,0.0,0.0
2023-02-28 10:00:00+09:00,1490.0,1498.0,1488.0,1489.0,6676,0.0,0.0
2023-02-28 11:00:00+09:00,1489.0,1494.0,1487.0,1493.0,2540,0.0,0.0
2023-02-28 12:00:00+09:00,1493.0,1493.0,1480.0,1489.0,10514,0.0,0.0
2023-02-28 13:00:00+09:00,1489.0,1491.0,1485.0,1491.0,10033,0.0,0.0
2023-02-28 14:00:00+09:00,1491.0,1491.0,1485.0,1488.0,7002,0.0,0.0
2023-03-02 09:00:00+09:00,1489.0,1489.0,1469.0,1469.0,0,0.0,0.0
2023-03-02 10:00:00+09:00,1468.0,1468.0,1455.0,1458.0,25924,0.0,0.0
2023-03-02 11:00:00+09:00,1460.0,1465.0,1458.0,1458.0,12343,0.0,0.0
2023-03-02 12:00:00+09:00,1464.0,1465.0,1457.0,1461.0,10376,0.0,0.0
2023-03-02 13:00:00+09:00,1464.0,1464.0,1461.0,1462.0,1671,0.0,0.0
2023-03-02 14:00:00+09:00,1462.0,1462.0,1460.0,1461.0,5426,0.0,0.0
2023-03-03 09:00:00+09:00,1465.0,1465.0,1450.0,1454.0,34447,0.0,0.0
2023-03-03 10:00:00+09:00,1452.0,1454.0,1446.0,1450.0,32239,0.0,0.0
2023-03-03 11:00:00+09:00,1450.0,1450.0,1447.0,1449.0,13211,0.0,0.0
2023-03-03 12:00:00+09:00,1449.0,1449.0,1446.0,1449.0,11123,0.0,0.0
2023-03-03 13:00:00+09:00,1448.0,1449.0,1446.0,1448.0,0,0.0,0.0
2023-03-03 14:00:00+09:00,1448.0,1453.0,1446.0,1451.0,116444,0.0,0.0
2023-03-06 09:00:00+09:00,1454.0,1468.0,1450.0,1451.0,0,0.0,0.0
2023-03-06 10:00:00+09:00,1451.0,1457.0,1450.0,1452.0,6990,0.0,0.0
2023-03-06 11:00:00+09:00,1451.0,1457.0,1450.0,1455.0,5272,0.0,0.0
2023-03-06 12:00:00+09:00,1453.0,1460.0,1450.0,1452.0,8895,0.0,0.0
2023-03-06 13:00:00+09:00,1453.0,1460.0,1452.0,1455.0,4179,0.0,0.0
2023-03-06 14:00:00+09:00,1453.0,1458.0,1453.0,1457.0,5579,0.0,0.0
2023-03-07 09:00:00+09:00,1470.0,1470.0,1459.0,1460.0,4469,0.0,0.0
2023-03-07 10:00:00+09:00,1460.0,1463.0,1457.0,1461.0,6641,0.0,0.0
2023-03-07 11:00:00+09:00,1461.0,1461.0,1450.0,1454.0,14861,0.0,0.0
2023-03-07 12:00:00+09:00,1454.0,1459.0,1450.0,1455.0,17796,0.0,0.0
2023-03-07 13:00:00+09:00,1455.0,1464.0,1454.0,1459.0,11840,0.0,0.0
2023-03-07 14:00:00+09:00,1462.0,1491.0,1459.0,1490.0,15258,0.0,0.0
2023-03-08 09:00:00+09:00,1505.0,1510.0,1485.0,1493.0,0,0.0,0.0
2023-03-08 10:00:00+09:00,1493.0,1501.0,1489.0,1501.0,9653,0.0,0.0
2023-03-08 11:00:00+09:00,1500.0,1500.0,1485.0,1486.0,6720,0.0,0.0
2023-03-08 12:00:00+09:00,1486.0,1491.0,1484.0,1485.0,7420,0.0,0.0
2023-03-08 13:00:00+09:00,1485.0,1491.0,1485.0,1485.0,3096,0.0,0.0
2023-03-08 14:00:00+09:00,1486.0,1489.0,1483.0,1485.0,7241,0.0,0.0
2023-03-09 09:00:00+09:00,1537.0,1537.0,1464.0,1464.0,0,0.0,0.0
2023-03-09 10:00:00+09:00,1476.0,1490.0,1450.0,1467.0,16377,0.0,0.0
2023-03-09 11:00:00+09:00,1469.0,1476.0,1463.0,1468.0,12846,0.0,0.0
2023-03-09 12:00:00+09:00,1468.0,1475.0,1468.0,1470.0,503,0.0,0.0
2023-03-09 13:00:00+09:00,1475.0,1475.0,1461.0,1462.0,6561,0.0,0.0
2023-03-09 14:00:00+09:00,1463.0,1472.0,1462.0,1468.0,6440,0.0,0.0
2023-03-10 09:00:00+09:00,1458.0,1460.0,1447.0,1450.0,40016,0.0,0.0
2023-03-10 10:00:00+09:00,1450.0,1450.0,1440.0,1444.0,23094,0.0,0.0
2023-03-10 11:00:00+09:00,1443.0,1443.0,1405.0,1424.0,33733,0.0,0.0
2023-03-10 12:00:00+09:00,1424.0,1428.0,1422.0,1427.0,5060,0.0,0.0
2023-03-10 13:00:00+09:00,1426.0,1427.0,1420.0,1422.0,17765,0.0,0.0
2023-03-10 14:00:00+09:00,1422.0,1423.0,1421.0,1423.0,15324,0.0,0.0
2023-03-13 09:00:00+09:00,1415.0,1415.0,1391.0,1400.0,0,0.0,0.0
2023-03-13 10:00:00+09:00,1400.0,1400.0,1390.0,1391.0,13871,0.0,0.0
2023-03-13 11:00:00+09:00,1391.0,1412.0,1391.0,1412.0,7386,0.0,0.0
2023-03-13 12:00:00+09:00,1410.0,1417.0,1409.0,1415.0,7853,0.0,0.0
2023-03-13 13:00:00+09:00,1415.0,1416.0,1412.0,1416.0,1839,0.0,0.0
2023-03-13 14:00:00+09:00,1413.0,1423.0,1413.0,1421.0,25597,0.0,0.0
2023-03-14 09:00:00+09:00,1405.0,1406.0,1391.0,1392.0,0,0.0,0.0
2023-03-14 10:00:00+09:00,1392.0,1414.0,1391.0,1410.0,23561,0.0,0.0
2023-03-14 11:00:00+09:00,1410.0,1410.0,1400.0,1400.0,25583,0.0,0.0
2023-03-14 12:00:00+09:00,1407.0,1407.0,1393.0,1393.0,4603,0.0,0.0
2023-03-14 13:00:00+09:00,1393.0,1394.0,1392.0,1392.0,3275,0.0,0.0
2023-03-14 14:00:00+09:00,1398.0,1398.0,1391.0,1393.0,7294,0.0,0.0
2023-03-15 09:00:00+09:00,1391.0,1408.0,1391.0,1393.0,0,0.0,0.0
2023-03-15 10:00:00+09:00,1395.0,1401.0,1391.0,1401.0,13398,0.0,0.0
2023-03-15 11:00:00+09:00,1401.0,1407.0,1401.0,1407.0,10849,0.0,0.0
2023-03-15 12:00:00+09:00,1408.0,1410.0,1405.0,1408.0,3404,0.0,0.0
2023-03-15 13:00:00+09:00,1408.0,1410.0,1406.0,1407.0,4626,0.0,0.0
2023-03-15 14:00:00+09:00,1407.0,1408.0,1404.0,1404.0,6063,0.0,0.0
2023-03-16 09:00:00+09:00,1424.0,1425.0,1384.0,1387.0,0,0.0,0.0
2023-03-16 10:00:00+09:00,1390.0,1408.0,1389.0,1407.0,5782,0.0,0.0
2023-03-16 11:00:00+09:00,1408.0,1408.0,1388.0,1394.0,11157,0.0,0.0
2023-03-16 12:00:00+09:00,1395.0,1395.0,1389.0,1390.0,5204,0.0,0.0
2023-03-16 13:00:00+09:00,1390.0,1391.0,1387.0,1388.0,26163,0.0,0.0
2023-03-16 14:00:00+09:00,1391.0,1391.0,1387.0,1387.0,11493,0.0,0.0
2023-03-17 09:00:00+09:00,1404.0,1488.0,1387.0,1463.0,0,0.0,0.0
2023-03-17 10:00:00+09:00,1463.0,1470.0,1451.0,1467.0,33579,0.0,0.0
2023-03-17 11:00:00+09:00,1459.0,1500.0,1457.0,1488.0,95496,0.0,0.0
2023-03-17 12:00:00+09:00,1487.0,1488.0,1480.0,1480.0,13942,0.0,0.0
2023-03-17 13:00:00+09:00,1480.0,1480.0,1457.0,1468.0,8571,0.0,0.0
2023-03-17 14:00:00+09:00,1467.0,1467.0,1455.0,1462.0,5773,0.0,0.0
2023-03-20 09:00:00+09:00,1465.0,1490.0,1451.0,1476.0,0,0.0,0.0
2023-03-20 10:00:00+09:00,1470.0,1476.0,1469.0,1475.0,8657,0.0,0.0
2023-03-20 11:00:00+09:00,1476.0,1495.0,1475.0,1484.0,17374,0.0,0.0
2023-03-20 12:00:00+09:00,1484.0,1495.0,1483.0,1483.0,12735,0.0,0.0
2023-03-20 13:00:00+09:00,1485.0,1485.0,1472.0,1477.0,12566,0.0,0.0
2023-03-20 14:00:00+09:00,1477.0,1477.0,1462.0,1468.0,16696,0.0,0.0
2023-03-21 09:00:00+09:00,1486.0,1490.0,1478.0,1482.0,6629,0.0,0.0
2023-03-21 10:00:00+09:00,1482.0,1482.0,1465.0,1471.0,12935,0.0,0.0
2023-03-21 11:00:00+09:00,1471.0,1478.0,1466.0,1467.0,5453,0.0,0.0
2023-03-21 12:00:00+09:00,1475.0,1476.0,1464.0,1474.0,10292,0.0,0.0
2023-03-21 13:00:00+09:00,1473.0,1473.0,1462.0,1462.0,3188,0.0,0.0
2023-03-21 14:00:00+09:00,1468.0,1469.0,1461.0,1464.0,8346,0.0,0.0
2023-03-22 09:00:00+09:00,1459.0,1485.0,1459.0,1478.0,0,0.0,0.0
2023-03-22 10:00:00+09:00,1478.0,1478.0,1464.0,1467.0,10400,0.0,0.0
2023-03-22 11:00:00+09:00,1467.0,1470.0,1464.0,1466.0,5517,0.0,0.0
2023-03-22 12:00:00+09:00,1466.0,1466.0,1462.0,1464.0,14754,0.0,0.0
2023-03-22 13:00:00+09:00,1464.0,1465.0,1459.0,1460.0,11402,0.0,0.0
2023-03-22 14:00:00+09:00,1460.0,1461.0,1460.0,1461.0,4907,0.0,0.0
2023-03-23 09:00:00+09:00,1453.0,1467.0,1440.0,1441.0,29915,0.0,0.0
2023-03-23 10:00:00+09:00,1440.0,1443.0,1438.0,1439.0,7719,0.0,0.0
2023-03-23 11:00:00+09:00,1440.0,1440.0,1430.0,1431.0,29749,0.0,0.0
2023-03-23 12:00:00+09:00,1431.0,1435.0,1426.0,1426.0,14896,0.0,0.0
2023-03-23 13:00:00+09:00,1427.0,1431.0,1425.0,1425.0,16280,0.0,0.0
2023-03-23 14:00:00+09:00,1425.0,1425.0,1413.0,1414.0,17950,0.0,0.0
2023-03-24 09:00:00+09:00,1450.0,1617.0,1450.0,1570.0,487538,0.0,0.0
2023-03-24 10:00:00+09:00,1564.0,1693.0,1560.0,1660.0,811630,0.0,0.0
2023-03-24 11:00:00+09:00,1660.0,1710.0,1660.0,1668.0,329107,0.0,0.0
2023-03-24 12:00:00+09:00,1668.0,1809.0,1649.0,1727.0,1707936,0.0,0.0
2023-03-24 13:00:00+09:00,1728.0,1750.0,1665.0,1670.0,431826,0.0,0.0
2023-03-24 14:00:00+09:00,1669.0,1680.0,1600.0,1630.0,330598,0.0,0.0
2023-03-27 09:00:00+09:00,1673.0,1680.0,1640.0,1644.0,0,0.0,0.0
2023-03-27 10:00:00+09:00,1644.0,1644.0,1620.0,1627.0,59262,0.0,0.0
2023-03-27 11:00:00+09:00,1627.0,1628.0,1590.0,1619.0,66816,0.0,0.0
2023-03-27 12:00:00+09:00,1620.0,1627.0,1618.0,1620.0,20794,0.0,0.0
2023-03-27 13:00:00+09:00,1620.0,1630.0,1620.0,1627.0,12756,0.0,0.0
2023-03-27 14:00:00+09:00,1627.0,1631.0,1621.0,1625.0,21232,0.0,0.0
2023-03-28 09:00:00+09:00,1630.0,1630.0,1596.0,1602.0,0,0.0,0.0
2023-03-28 10:00:00+09:00,1602.0,1606.0,1600.0,1600.0,20730,0.0,0.0
2023-03-28 11:00:00+09:00,1600.0,1610.0,1597.0,1606.0,27012,0.0,0.0
2023-03-28 12:00:00+09:00,1603.0,1608.0,1597.0,1598.0,30401,0.0,0.0
2023-03-28 13:00:00+09:00,1598.0,1607.0,1598.0,1604.0,7242,0.0,0.0
2023-03-28 14:00:00+09:00,1604.0,1606.0,1602.0,1604.0,11277,0.0,0.0
2023-03-29 09:00:00+09:00,1660.0,1852.0,1651.0,1760.0,1330998,0.0,0.0
2023-03-29 10:00:00+09:00,1760.0,1788.0,1731.0,1755.0,187831,0.0,0.0
2023-03-29 11:00:00+09:00,1760.0,1769.0,1733.0,1751.0,100717,0.0,0.0
2023-03-29 12:00:00+09:00,1755.0,1773.0,1746.0,1752.0,77552,0.0,0.0
2023-03-29 13:00:00+09:00,1752.0,1769.0,1748.0,1766.0,58289,0.0,0.0
2023-03-29 14:00:00+09:00,1766.0,1815.0,1758.0,1813.0,194868,0.0,0.0
2023-03-30 09:00:00+09:00,1765.0,1801.0,1760.0,1774.0,0,0.0,0.0
2023-03-30 10:00:00+09:00,1774.0,1788.0,1761.0,1772.0,42374,0.0,0.0
2023-03-30 11:00:00+09:00,1772.0,1790.0,1765.0,1767.0,44790,0.0,0.0
2023-03-30 12:00:00+09:00,1778.0,1779.0,1761.0,1770.0,40030,0.0,0.0
2023-03-30 13:00:00+09:00,1773.0,1779.0,1769.0,1773.0,21843,0.0,0.0
2023-03-30 14:00:00+09:00,1773.0,1774.0,1766.0,1772.0,51518,0.0,0.0
2023-03-31 09:00:00+09:00,1770.0,1798.0,1749.0,1781.0,0,0.0,0.0
2023-03-31 10:00:00+09:00,1781.0,1789.0,1761.0,1771.0,39023,0.0,0.0
2023-03-31 11:00:00+09:00,1779.0,1779.0,1770.0,1772.0,15553,0.0,0.0
2023-03-31 12:00:00+09:00,1772.0,1790.0,1762.0,1783.0,29954,0.0,0.0
2023-03-31 13:00:00+09:00,1783.0,1792.0,1775.0,1785.0,17664,0.0,0.0
2023-03-31 14:00:00+09:00,1789.0,1828.0,1789.0,1820.0,100868,0.0,0.0
2023-04-03 09:00:00+09:00,1789.0,1851.0,1776.0,1805.0,0,0.0,0.0
2023-04-03 10:00:00+09:00,1805.0,1881.0,1801.0,1852.0,162940,0.0,0.0
2023-04-03 11:00:00+09:00,1847.0,1889.0,1841.0,1865.0,96908,0.0,0.0
2023-04-03 12:00:00+09:00,1866.0,1866.0,1852.0,1860.0,15123,0.0,0.0
2023-04-03 13:00:00+09:00,1853.0,1890.0,1847.0,1864.0,98728,0.0,0.0
2023-04-03 14:00:00+09:00,1864.0,1876.0,1860.0,1861.0,13499,0.0,0.0
2023-04-04 09:00:00+09:00,1871.0,1884.0,1821.0,1841.0,0,0.0,0.0
2023-04-04 10:00:00+09:00,1841.0,1879.0,1840.0,1875.0,22634,0.0,0.0
2023-04-04 11:00:00+09:00,1870.0,1878.0,1869.0,1874.0,21972,0.0,0.0
2023-04-04 12:00:00+09:00,1874.0,1894.0,1865.0,1886.0,59134,0.0,0.0
2023-04-04 13:00:00+09:00,1885.0,1892.0,1883.0,1885.0,13008,0.0,0.0
2023-04-04 14:00:00+09:00,1885.0,1889.0,1882.0,1884.0,14787,0.0,0.0
2023-04-05 09:00:00+09:00,1927.0,1930.0,1852.0,1882.0,0,0.0,0.0
2023-04-05 10:00:00+09:00,1894.0,1925.0,1890.0,1905.0,37603,0.0,0.0
2023-04-05 11:00:00+09:00,1905.0,1909.0,1882.0,1898.0,25558,0.0,0.0
2023-04-05 12:00:00+09:00,1898.0,1898.0,1880.0,1886.0,22983,0.0,0.0
2023-04-05 13:00:00+09:00,1885.0,1886.0,1877.0,1886.0,51405,0.0,0.0
2023-04-05 14:00:00+09:00,1886.0,1895.0,1879.0,1892.0,7603,0.0,0.0
2023-04-06 09:00:00+09:00,1878.0,1920.0,1871.0,1901.0,78032,0.0,0.0
2023-04-06 10:00:00+09:00,1902.0,1902.0,1881.0,1887.0,31051,0.0,0.0
2023-04-06 11:00:00+09:00,1886.0,1898.0,1880.0,1880.0,12181,0.0,0.0
2023-04-06 12:00:00+09:00,1882.0,1888.0,1880.0,1888.0,15842,0.0,0.0
2023-04-06 13:00:00+09:00,1881.0,1895.0,1880.0,1890.0,17706,0.0,0.0
2023-04-06 14:00:00+09:00,1890.0,1897.0,1883.0,1897.0,5915,0.0,0.0
2023-04-07 09:00:00+09:00,1899.0,1900.0,1785.0,1795.0,98003,0.0,0.0
2023-04-07 10:00:00+09:00,1795.0,1850.0,1792.0,1834.0,47355,0.0,0.0
2023-04-07 11:00:00+09:00,1830.0,1848.0,1830.0,1838.0,18856,0.0,0.0
2023-04-07 12:00:00+09:00,1841.0,1852.0,1837.0,1844.0,28398,0.0,0.0
2023-04-07 13:00:00+09:00,1843.0,1856.0,1839.0,1847.0,25836,0.0,0.0
2023-04-07 14:00:00+09:00,1847.0,1883.0,1842.0,1872.0,11748,0.0,0.0
2023-04-10 09:00:00+09:00,1820.0,1844.0,1815.0,1844.0,0,0.0,0.0
2023-04-10 10:00:00+09:00,1844.0,1868.0,1822.0,1860.0,14129,0.0,0.0
2023-04-10 11:00:00+09:00,1859.0,1859.0,1828.0,1831.0,20112,0.0,0.0
2023-04-10 12:00:00+09:00,1831.0,1860.0,1825.0,1860.0,13627,0.0,0.0
2023-04-10 13:00:00+09:00,1860.0,1860.0,1850.0,1855.0,5863,0.0,0.0
2023-04-10 14:00:00+09:00,1857.0,1865.0,1851.0,1865.0,18088,0.0,0.0
2023-04-11 09:00:00+09:00,1840.0,1909.0,1840.0,1878.0,0,0.0,0.0
2023-04-11 10:00:00+09:00,1882.0,1898.0,1872.0,1874.0,9831,0.0,0.0
2023-04-11 11:00:00+09:00,1879.0,1883.0,1855.0,1865.0,48836,0.0,0.0
2023-04-11 12:00:00+09:00,1868.0,1878.0,1864.0,1870.0,6101,0.0,0.0
2023-04-11 13:00:00+09:00,1869.0,1876.0,1863.0,1865.0,12098,0.0,0.0
2023-04-11 14:00:00+09:00,1865.0,1887.0,1865.0,1885.0,38580,0.0,0.0
2023-04-12 09:00:00+09:00,1880.0,1953.0,1872.0,1944.0,128658,0.0,0.0
2023-04-12 10:00:00+09:00,1945.0,1950.0,1893.0,1919.0,53123,0.0,0.0
2023-04-12 11:00:00+09:00,1919.0,1919.0,1872.0,1898.0,10614,0.0,0.0
2023-04-12 12:00:00+09:00,1899.0,1900.0,1890.0,1900.0,4480,0.0,0.0
2023-04-12 13:00:00+09:00,1900.0,1929.0,1900.0,1924.0,42714,0.0,0.0
2023-04-12 14:00:00+09:00,1925.0,1938.0,1913.0,1938.0,36801,0.0,0.0
2023-04-13 09:00:00+09:00,1950.0,2240.0,1921.0,2165.0,1270005,0.0,0.0
2023-04-13 10:00:00+09:00,2165.0,2185.0,1980.0,2105.0,1038274,0.0,0.0
2023-04-13 11:00:00+09:00,2105.0,2170.0,2105.0,2140.0,280036,0.0,0.0
2023-04-13 12:00:00+09:00,2140.0,2245.0,2140.0,2200.0,445707,0.0,0.0
2023-04-13 13:00:00+09:00,2195.0,2240.0,2155.0,2165.0,294852,0.0,0.0
2023-04-13 14:00:00+09:00,2165.0,2185.0,2140.0,2150.0,133396,0.0,0.0
2023-04-14 09:00:00+09:00,2175.0,2175.0,2050.0,2150.0,261620,0.0,0.0
2023-04-14 10:00:00+09:00,2150.0,2180.0,2110.0,2150.0,78236,0.0,0.0
2023-04-14 11:00:00+09:00,2160.0,2235.0,2160.0,2205.0,131612,0.0,0.0
2023-04-14 12:00:00+09:00,2200.0,2230.0,2185.0,2200.0,35213,0.0,0.0
2023-04-14 13:00:00+09:00,2200.0,2210.0,2190.0,2205.0,36195,0.0,0.0
2023-04-14 14:00:00+09:00,2205.0,2230.0,2205.0,2225.0,50848,0.0,0.0
2023-04-17 09:00:00+09:00,2220.0,2250.0,2160.0,2220.0,0,0.0,0.0
2023-04-17 10:00:00+09:00,2220.0,2220.0,2185.0,2210.0,32639,0.0,0.0
2023-04-17 11:00:00+09:00,2210.0,2220.0,2165.0,2170.0,56279,0.0,0.0
2023-04-17 12:00:00+09:00,2175.0,2175.0,2110.0,2140.0,67076,0.0,0.0
2023-04-17 13:00:00+09:00,2140.0,2145.0,2115.0,2130.0,38534,0.0,0.0
2023-04-17 14:00:00+09:00,2130.0,2130.0,2100.0,2105.0,54817,0.0,0.0
2023-04-18 09:00:00+09:00,2155.0,2165.0,2005.0,2065.0,0,0.0,0.0
2023-04-18 10:00:00+09:00,2065.0,2115.0,2040.0,2080.0,28952,0.0,0.0
2023-04-18 11:00:00+09:00,2090.0,2100.0,2070.0,2070.0,10377,0.0,0.0
2023-04-18 12:00:00+09:00,2075.0,2085.0,2060.0,2070.0,12841,0.0,0.0
2023-04-18 13:00:00+09:00,2065.0,2095.0,2040.0,2045.0,25320,0.0,0.0
2023-04-18 14:00:00+09:00,2045.0,2055.0,2020.0,2045.0,43929,0.0,0.0
2023-04-19 09:00:00+09:00,2070.0,2070.0,2005.0,2040.0,52196,0.0,0.0
2023-04-19 10:00:00+09:00,2030.0,2055.0,2030.0,2050.0,11417,0.0,0.0
2023-04-19 11:00:00+09:00,2050.0,2060.0,2005.0,2040.0,24421,0.0,0.0
2023-04-19 12:00:00+09:00,2035.0,2075.0,2035.0,2065.0,28692,0.0,0.0
2023-04-19 13:00:00+09:00,2050.0,2080.0,2050.0,2080.0,19008,0.0,0.0
2023-04-19 14:00:00+09:00,2080.0,2085.0,2060.0,2085.0,34257,0.0,0.0
2023-04-20 09:00:00+09:00,2080.0,2080.0,2005.0,2020.0,0,0.0,0.0
2023-04-20 10:00:00+09:00,2020.0,2045.0,2020.0,2030.0,95803,0.0,0.0
2023-04-20 11:00:00+09:00,2035.0,2060.0,2030.0,2035.0,10007,0.0,0.0
2023-04-20 12:00:00+09:00,2035.0,2050.0,2035.0,2040.0,4354,0.0,0.0
2023-04-20 13:00:00+09:00,2035.0,2050.0,2025.0,2025.0,8611,0.0,0.0
2023-04-20 14:00:00+09:00,2025.0,2055.0,2015.0,2030.0,13847,0.0,0.0
2023-04-21 09:00:00+09:00,2020.0,2090.0,1996.0,2005.0,78517,0.0,0.0
2023-04-21 10:00:00+09:00,2010.0,2060.0,2000.0,2060.0,32236,0.0,0.0
2023-04-21 11:00:00+09:00,2060.0,2070.0,2025.0,2035.0,17854,0.0,0.0
2023-04-21 12:00:00+09:00,2035.0,2055.0,2025.0,2050.0,8848,0.0,0.0
2023-04-21 13:00:00+09:00,2055.0,2055.0,2040.0,2040.0,8457,0.0,0.0
2023-04-21 14:00:00+09:00,2055.0,2060.0,2035.0,2045.0,18983,0.0,0.0
2023-04-24 09:00:00+09:00,2030.0,2065.0,2005.0,2025.0,0,0.0,0.0
2023-04-24 10:00:00+09:00,2015.0,2025.0,2000.0,2000.0,30857,0.0,0.0
2023-04-24 11:00:00+09:00,2005.0,2025.0,2000.0,2020.0,12755,0.0,0.0
2023-04-24 12:00:00+09:00,2005.0,2015.0,1998.0,2015.0,41405,0.0,0.0
2023-04-24 13:00:00+09:00,2000.0,2015.0,1999.0,2000.0,7820,0.0,0.0
2023-04-24 14:00:00+09:00,2010.0,2015.0,2005.0,2005.0,9839,0.0,0.0
2023-04-25 09:00:00+09:00,2045.0,2065.0,2015.0,2065.0,0,0.0,0.0
2023-04-25 10:00:00+09:00,2065.0,2065.0,2005.0,2010.0,47747,0.0,0.0
2023-04-25 11:00:00+09:00,2010.0,2040.0,2005.0,2005.0,10685,0.0,0.0
2023-04-25 12:00:00+09:00,2005.0,2035.0,2005.0,2015.0,10026,0.0,0.0
2023-04-25 13:00:00+09:00,2010.0,2025.0,2000.0,2015.0,13783,0.0,0.0
2023-04-25 14:00:00+09:00,2015.0,2050.0,2000.0,2035.0,24648,0.0,0.0
2023-04-26 09:00:00+09:00,2050.0,2055.0,1999.0,2010.0,0,0.0,0.0
2023-04-26 10:00:00+09:00,2015.0,2050.0,2010.0,2050.0,12006,0.0,0.0
2023-04-26 11:00:00+09:00,2050.0,2050.0,2000.0,2015.0,36109,0.0,0.0
2023-04-26 12:00:00+09:00,2020.0,2035.0,2010.0,2030.0,2907,0.0,0.0
2023-04-26 13:00:00+09:00,2030.0,2030.0,2010.0,2010.0,2185,0.0,0.0
2023-04-26 14:00:00+09:00,2015.0,2020.0,2005.0,2010.0,14932,0.0,0.0
2023-04-27 09:00:00+09:00,2005.0,2050.0,1920.0,1934.0,0,0.0,0.0
2023-04-27 10:00:00+09:00,1938.0,1943.0,1915.0,1937.0,29813,0.0,0.0
2023-04-27 11:00:00+09:00,1935.0,1948.0,1935.0,1936.0,7644,0.0,0.0
2023-04-27 12:00:00+09:00,1936.0,1936.0,1918.0,1930.0,17047,0.0,0.0
2023-04-27 13:00:00+09:00,1930.0,1937.0,1918.0,1926.0,15064,0.0,0.0
2023-04-27 14:00:00+09:00,1936.0,1938.0,1924.0,1933.0,9359,0.0,0.0
2023-04-28 09:00:00+09:00,1949.0,1949.0,1851.0,1886.0,0,0.0,0.0
2023-04-28 10:00:00+09:00,1889.0,1937.0,1876.0,1936.0,16527,0.0,0.0
2023-04-28 11:00:00+09:00,1936.0,1936.0,1875.0,1882.0,13865,0.0,0.0
2023-04-28 12:00:00+09:00,1883.0,1920.0,1880.0,1902.0,3943,0.0,0.0
2023-04-28 13:00:00+09:00,1910.0,1910.0,1890.0,1890.0,10353,0.0,0.0
2023-04-28 14:00:00+09:00,1900.0,1920.0,1893.0,1918.0,19551,0.0,0.0
2023-05-02 09:00:00+09:00,1911.0,1964.0,1904.0,1964.0,0,0.0,0.0
2023-05-02 10:00:00+09:00,1961.0,1961.0,1931.0,1941.0,3494,0.0,0.0
2023-05-02 11:00:00+09:00,1943.0,1997.0,1941.0,1972.0,18910,0.0,0.0
2023-05-02 12:00:00+09:00,1971.0,1971.0,1956.0,1961.0,3028,0.0,0.0
2023-05-02 13:00:00+09:00,1961.0,1962.0,1941.0,1950.0,18980,0.0,0.0
2023-05-02 14:00:00+09:00,1958.0,1958.0,1936.0,1951.0,7862,0.0,0.0
2023-05-03 09:00:00+09:00,1910.0,1941.0,1910.0,1916.0,0,0.0,0.0
2023-05-03 10:00:00+09:00,1924.0,1932.0,1916.0,1916.0,2723,0.0,0.0
2023-05-03 11:00:00+09:00,1917.0,1930.0,1916.0,1919.0,7491,0.0,0.0
2023-05-03 12:00:00+09:00,1919.0,1930.0,1917.0,1929.0,970,0.0,0.0
2023-05-03 13:00:00+09:00,1929.0,1932.0,1925.0,1926.0,7884,0.0,0.0
2023-05-03 14:00:00+09:00,1925.0,1927.0,1911.0,1926.0,20624,0.0,0.0
2023-05-04 09:00:00+09:00,1922.0,1971.0,1909.0,1964.0,21256,0.0,0.0
2023-05-04 10:00:00+09:00,1960.0,1964.0,1940.0,1949.0,9515,0.0,0.0
2023-05-04 11:00:00+09:00,1941.0,1948.0,1925.0,1925.0,3963,0.0,0.0
2023-05-04 12:00:00+09:00,1925.0,1941.0,1925.0,1936.0,3703,0.0,0.0
2023-05-04 13:00:00+09:00,1935.0,1940.0,1929.0,1940.0,20415,0.0,0.0
2023-05-04 14:00:00+09:00,1940.0,1946.0,1940.0,1946.0,2677,0.0,0.0
2023-05-08 09:00:00+09:00,1951.0,1989.0,1951.0,1971.0,0,0.0,0.0
2023-05-08 10:00:00+09:00,1973.0,1976.0,1959.0,1961.0,9584,0.0,0.0
2023-05-08 11:00:00+09:00,1961.0,1961.0,1931.0,1936.0,12131,0.0,0.0
2023-05-08 12:00:00+09:00,1936.0,1936.0,1920.0,1920.0,11927,0.0,0.0
2023-05-08 13:00:00+09:00,1924.0,1931.0,1920.0,1930.0,9939,0.0,0.0
2023-05-08 14:00:00+09:00,1930.0,1930.0,1920.0,1924.0,4621,0.0,0.0
2023-05-09 09:00:00+09:00,1977.0,1977.0,1872.0,1881.0,46192,0.0,0.0
2023-05-09 10:00:00+09:00,1881.0,1889.0,1879.0,1889.0,5136,0.0,0.0
2023-05-09 11:00:00+09:00,1889.0,1902.0,1884.0,1902.0,4931,0.0,0.0
2023-05-09 12:00:00+09:00,1895.0,1902.0,1881.0,1892.0,1811,0.0,0.0
2023-05-09 13:00:00+09:00,1892.0,1893.0,1880.0,1881.0,4492,0.0,0.0
2023-05-09 14:00:00+09:00,1886.0,1886.0,1878.0,1878.0,20927,0.0,0.0
2023-05-10 09:00:00+09:00,2090.0,2430.0,2015.0,2155.0,2708493,0.0,0.0
2023-05-10 10:00:00+09:00,2150.0,2185.0,2100.0,2150.0,256356,0.0,0.0
2023-05-10 11:00:00+09:00,2145.0,2170.0,2105.0,2110.0,134998,0.0,0.0
2023-05-10 12:00:00+09:00,2110.0,2150.0,2110.0,2125.0,81392,0.0,0.0
2023-05-10 13:00:00+09:00,2130.0,2145.0,2110.0,2110.0,93452,0.0,0.0
2023-05-10 14:00:00+09:00,2115.0,2140.0,2080.0,2085.0,124880,0.0,0.0
2023-05-11 09:00:00+09:00,2150.0,2165.0,2020.0,2065.0,0,0.0,0.0
2023-05-11 10:00:00+09:00,2065.0,2080.0,2050.0,2060.0,43910,0.0,0.0
2023-05-11 11:00:00+09:00,2060.0,2100.0,2055.0,2075.0,25161,0.0,0.0
2023-05-11 12:00:00+09:00,2065.0,2115.0,2065.0,2115.0,17313,0.0,0.0
2023-05-11 13:00:00+09:00,2115.0,2125.0,2090.0,2125.0,18126,0.0,0.0
2023-05-11 14:00:00+09:00,2125.0,2175.0,2110.0,2125.0,76090,0.0,0.0
2023-05-12 09:00:00+09:00,2145.0,2150.0,2075.0,2095.0,0,0.0,0.0
2023-05-12 10:00:00+09:00,2105.0,2145.0,2090.0,2125.0,32936,0.0,0.0
2023-05-12 11:00:00+09:00,2120.0,2125.0,2100.0,2100.0,27190,0.0,0.0
2023-05-12 12:00:00+09:00,2100.0,2115.0,2095.0,2100.0,12681,0.0,0.0
2023-05-12 13:00:00+09:00,2100.0,2110.0,2085.0,2085.0,10425,0.0,0.0
2023-05-12 14:00:00+09:00,2085.0,2130.0,2070.0,2110.0,44031,0.0,0.0
2023-05-15 09:00:00+09:00,2115.0,2140.0,2025.0,2060.0,0,0.0,0.0
2023-05-15 10:00:00+09:00,2060.0,2075.0,2040.0,2060.0,10886,0.0,0.0
2023-05-15 11:00:00+09:00,2060.0,2060.0,2045.0,2045.0,9656,0.0,0.0
2023-05-15 12:00:00+09:00,2045.0,2070.0,2040.0,2055.0,10165,0.0,0.0
2023-05-15 13:00:00+09:00,2050.0,2065.0,2045.0,2060.0,9144,0.0,0.0
2023-05-15 14:00:00+09:00,2060.0,2115.0,2050.0,2110.0,21070,0.0,0.0
2023-05-16 09:00:00+09:00,2115.0,2115.0,2055.0,2060.0,24327,0.0,0.0
2023-05-16 10:00:00+09:00,2070.0,2095.0,2060.0,2060.0,23914,0.0,0.0
2023-05-16 11:00:00+09:00,2080.0,2120.0,2070.0,2105.0,43740,0.0,0.0
2023-05-16 12:00:00+09:00,2105.0,2130.0,2090.0,2095.0,20117,0.0,0.0
2023-05-16 13:00:00+09:00,2100.0,2120.0,2085.0,2110.0,11657,0.0,0.0
2023-05-16 14:00:00+09:00,2110.0,2130.0,2085.0,2115.0,23133,0.0,0.0
2023-05-17 09:00:00+09:00,2050.0,2100.0,2040.0,2070.0,33895,0.0,0.0
2023-05-17 10:00:00+09:00,2070.0,2080.0,2060.0,2080.0,9651,0.0,0.0
2023-05-17 11:00:00+09:00,2075.0,2100.0,2075.0,2100.0,8060,0.0,0.0
2023-05-17 12:00:00+09:00,2100.0,2100.0,2080.0,2100.0,17109,0.0,0.0
2023-05-17 13:00:00+09:00,2100.0,2105.0,2095.0,2095.0,7713,0.0,0.0
2023-05-17 14:00:00+09:00,2100.0,2105.0,2060.0,2100.0,37184,0.0,0.0
2023-05-18 09:00:00+09:00,2095.0,2180.0,2075.0,2110.0,82929,0.0,0.0
2023-05-18 10:00:00+09:00,2110.0,2130.0,2100.0,2115.0,6619,0.0,0.0
2023-05-18 11:00:00+09:00,2115.0,2125.0,2090.0,2115.0,13149,0.0,0.0
2023-05-18 12:00:00+09:00,2110.0,2125.0,2100.0,2110.0,4060,0.0,0.0
2023-05-18 13:00:00+09:00,2110.0,2120.0,2100.0,2105.0,6429,0.0,0.0
2023-05-18 14:00:00+09:00,2110.0,2125.0,2100.0,2100.0,13451,0.0,0.0
2023-05-19 09:00:00+09:00,2115.0,2160.0,2080.0,2100.0,16166,0.0,0.0
2023-05-19 10:00:00+09:00,2100.0,2100.0,2070.0,2070.0,21538,0.0,0.0
2023-05-19 11:00:00+09:00,2070.0,2075.0,2060.0,2065.0,22097,0.0,0.0
2023-05-19 12:00:00+09:00,2060.0,2085.0,2050.0,2080.0,12782,0.0,0.0
2023-05-19 13:00:00+09:00,2080.0,2085.0,2055.0,2055.0,3142,0.0,0.0
2023-05-19 14:00:00+09:00,2060.0,2075.0,2045.0,2055.0,30061,0.0,0.0
2023-05-22 09:00:00+09:00,2050.0,2075.0,2025.0,2075.0,0,0.0,0.0
2023-05-22 10:00:00+09:00,2075.0,2075.0,2060.0,2070.0,5382,0.0,0.0
2023-05-22 11:00:00+09:00,2065.0,2070.0,2050.0,2060.0,5762,0.0,0.0
2023-05-22 12:00:00+09:00,2060.0,2075.0,2040.0,2075.0,20771,0.0,0.0
2023-05-22 13:00:00+09:00,2075.0,2080.0,2065.0,2080.0,5741,0.0,0.0
2023-05-22 14:00:00+09:00,2075.0,2095.0,2050.0,2090.0,13505,0.0,0.0
2023-05-23 09:00:00+09:00,2070.0,2090.0,2060.0,2085.0,12285,0.0,0.0
2023-05-23 10:00:00+09:00,2085.0,2155.0,2060.0,2080.0,33313,0.0,0.0
2023-05-23 11:00:00+09:00,2080.0,2115.0,2060.0,2110.0,27675,0.0,0.0
2023-05-23 12:00:00+09:00,2110.0,2115.0,2095.0,2110.0,5683,0.0,0.0
2023-05-23 13:00:00+09:00,2110.0,2130.0,2100.0,2130.0,24034,0.0,0.0
2023-05-23 14:00:00+09:00,2125.0,2145.0,2120.0,2135.0,33197,0.0,0.0
2023-05-24 09:00:00+09:00,2170.0,2170.0,2100.0,2100.0,37305,0.0,0.0
2023-05-24 10:00:00+09:00,2100.0,2120.0,2050.0,2065.0,34114,0.0,0.0
2023-05-24 11:00:00+09:00,2055.0,2095.0,2030.0,2075.0,35952,0.0,0.0
2023-05-24 12:00:00+09:00,2075.0,2080.0,2065.0,2080.0,9530,0.0,0.0
2023-05-24 13:00:00+09:00,2085.0,2110.0,2080.0,2100.0,11793,0.0,0.0
2023-05-24 14:00:00+09:00,2100.0,2165.0,2090.0,2130.0,59358,0.0,0.0
2023-05-25 09:00:00+09:00,2110.0,2130.0,2100.0,2110.0,13314,0.0,0.0
2023-05-25 10:00:00+09:00,2115.0,2120.0,2100.0,2120.0,7076,0.0,0.0
2023-05-25 11:00:00+09:00,2120.0,2120.0,2095.0,2110.0,16132,0.0,0.0
2023-05-25 12:00:00+09:00,2115.0,2130.0,2095.0,2130.0,10150,0.0,0.0
2023-05-25 13:00:00+09:00,2125.0,2150.0,2120.0,2145.0,22030,0.0,0.0
2023-05-25 14:00:00+09:00,2140.0,2160.0,2125.0,2130.0,29885,0.0,0.0
2023-05-26 09:00:00+09:00,2155.0,2290.0,2130.0,2260.0,225266,0.0,0.0
2023-05-26 10:00:00+09:00,2260.0,2285.0,2225.0,2250.0,106159,0.0,0.0
2023-05-26 11:00:00+09:00,2255.0,2325.0,2230.0,2245.0,257917,0.0,0.0
2023-05-26 12:00:00+09:00,2240.0,2280.0,2220.0,2270.0,75360,0.0,0.0
2023-05-26 13:00:00+09:00,2270.0,2285.0,2235.0,2250.0,61017,0.0,0.0
2023-05-26 14:00:00+09:00,2250.0,2275.0,2230.0,2265.0,38982,0.0,0.0
2023-05-30 09:00:00+09:00,2355.0,2360.0,2245.0,2260.0,0,0.0,0.0
2023-05-30 10:00:00+09:00,2255.0,2260.0,2200.0,2220.0,87585,0.0,0.0
2023-05-30 11:00:00+09:00,2220.0,2230.0,2190.0,2205.0,40116,0.0,0.0
2023-05-30 12:00:00+09:00,2200.0,2220.0,2190.0,2220.0,38635,0.0,0.0
2023-05-30 13:00:00+09:00,2215.0,2240.0,2210.0,2235.0,16942,0.0,0.0
2023-05-30 14:00:00+09:00,2230.0,2255.0,2220.0,2235.0,22482,0.0,0.0
2023-05-31 09:00:00+09:00,2250.0,2250.0,2130.0,2205.0,72109,0.0,0.0
2023-05-31 10:00:00+09:00,2205.0,2225.0,2180.0,2205.0,38412,0.0,0.0
2023-05-31 11:00:00+09:00,2205.0,2210.0,2165.0,2170.0,32275,0.0,0.0
2023-05-31 12:00:00+09:00,2175.0,2185.0,2165.0,2180.0,20131,0.0,0.0
2023-05-31 13:00:00+09:00,2170.0,2215.0,2165.0,2215.0,36734,0.0,0.0
2023-05-31 14:00:00+09:00,2215.0,2220.0,2170.0,2170.0,34247,0.0,0.0
2023-06-01 09:00:00+09:00,2130.0,2245.0,2130.0,2160.0,0,0.0,0.0
2023-06-01 10:00:00+09:00,2160.0,2205.0,2150.0,2185.0,24134,0.0,0.0
2023-06-01 11:00:00+09:00,2180.0,2200.0,2180.0,2185.0,3817,0.0,0.0
2023-06-01 12:00:00+09:00,2185.0,2190.0,2165.0,2180.0,16521,0.0,0.0
2023-06-01 13:00:00+09:00,2180.0,2180.0,2160.0,2180.0,6575,0.0,0.0
2023-06-01 14:00:00+09:00,2180.0,2210.0,2165.0,2170.0,23848,0.0,0.0
2023-06-02 09:00:00+09:00,2165.0,2270.0,2165.0,2250.0,0,0.0,0.0
2023-06-02 10:00:00+09:00,2255.0,2265.0,2215.0,2260.0,39470,0.0,0.0
2023-06-02 11:00:00+09:00,2260.0,2340.0,2250.0,2315.0,157945,0.0,0.0
2023-06-02 12:00:00+09:00,2315.0,2315.0,2270.0,2275.0,54365,0.0,0.0
2023-06-02 13:00:00+09:00,2275.0,2335.0,2250.0,2300.0,84359,0.0,0.0
2023-06-02 14:00:00+09:00,2295.0,2320.0,2290.0,2305.0,36634,0.0,0.0
2023-06-05 09:00:00+09:00,2320.0,2325.0,2220.0,2270.0,0,0.0,0.0
2023-06-05 10:00:00+09:00,2270.0,2290.0,2245.0,2285.0,21452,0.0,0.0
2023-06-05 11:00:00+09:00,2270.0,2285.0,2255.0,2280.0,18550,0.0,0.0
2023-06-05 12:00:00+09:00,2280.0,2285.0,2265.0,2270.0,19506,0.0,0.0
2023-06-05 13:00:00+09:00,2280.0,2305.0,2260.0,2295.0,26612,0.0,0.0
2023-06-05 14:00:00+09:00,2295.0,2300.0,2275.0,2300.0,20671,0.0,0.0
2023-06-07 09:00:00+09:00,2270.0,2295.0,2110.0,2200.0,0,0.0,0.0
2023-06-07 10:00:00+09:00,2200.0,2215.0,2185.0,2215.0,30123,0.0,0.0
2023-06-07 11:00:00+09:00,2210.0,2250.0,2205.0,2240.0,14800,0.0,0.0
2023-06-07 12:00:00+09:00,2235.0,2240.0,2210.0,2210.0,10659,0.0,0.0
2023-06-07 13:00:00+09:00,2225.0,2235.0,2195.0,2220.0,17920,0.0,0.0
2023-06-07 14:00:00+09:00,2220.0,2250.0,2210.0,2240.0,23464,0.0,0.0
2023-06-08 09:00:00+09:00,2220.0,2260.0,2170.0,2230.0,38919,0.0,0.0
2023-06-08 10:00:00+09:00,2215.0,2240.0,2200.0,2220.0,22666,0.0,0.0
2023-06-08 11:00:00+09:00,2205.0,2220.0,2185.0,2210.0,25038,0.0,0.0
2023-06-08 12:00:00+09:00,2205.0,2210.0,2190.0,2205.0,10013,0.0,0.0
2023-06-08 13:00:00+09:00,2205.0,2205.0,2190.0,2205.0,7456,0.0,0.0
2023-06-08 14:00:00+09:00,2200.0,2205.0,2190.0,2195.0,10724,0.0,0.0
2023-06-09 09:00:00+09:00,2190.0,2235.0,2180.0,2210.0,0,0.0,0.0
2023-06-09 10:00:00+09:00,2220.0,2225.0,2195.0,2205.0,17030,0.0,0.0
2023-06-09 11:00:00+09:00,2200.0,2205.0,2190.0,2200.0,15313,0.0,0.0
2023-06-09 12:00:00+09:00,2190.0,2200.0,2185.0,2200.0,8579,0.0,0.0
2023-06-09 13:00:00+09:00,2190.0,2205.0,2190.0,2195.0,7464,0.0,0.0
2023-06-09 14:00:00+09:00,2200.0,2210.0,2190.0,2205.0,19608,0.0,0.0
2023-06-12 09:00:00+09:00,2200.0,2200.0,2140.0,2160.0,0,0.0,0.0
2023-06-12 10:00:00+09:00,2160.0,2170.0,2140.0,2170.0,16015,0.0,0.0
2023-06-12 11:00:00+09:00,2170.0,2170.0,2135.0,2140.0,19636,0.0,0.0
2023-06-12 12:00:00+09:00,2145.0,2150.0,2140.0,2150.0,7318,0.0,0.0
2023-06-12 13:00:00+09:00,2150.0,2155.0,2140.0,2140.0,11278,0.0,0.0
2023-06-12 14:00:00+09:00,2145.0,2155.0,2140.0,2140.0,13935,0.0,0.0
2023-06-13 09:00:00+09:00,2135.0,2170.0,2100.0,2145.0,0,0.0,0.0
2023-06-13 10:00:00+09:00,2140.0,2155.0,2130.0,2130.0,11521,0.0,0.0
2023-06-13 11:00:00+09:00,2130.0,2145.0,2115.0,2125.0,6132,0.0,0.0
2023-06-13 12:00:00+09:00,2125.0,2135.0,2110.0,2135.0,6879,0.0,0.0
2023-06-13 13:00:00+09:00,2130.0,2130.0,2105.0,2115.0,8710,0.0,0.0
2023-06-13 14:00:00+09:00,2115.0,2120.0,2100.0,2110.0,18782,0.0,0.0
2023-06-14 09:00:00+09:00,2095.0,2130.0,2055.0,2080.0,37408,0.0,0.0
2023-06-14 10:00:00+09:00,2080.0,2085.0,2070.0,2085.0,13058,0.0,0.0
2023-06-14 11:00:00+09:00,2085.0,2090.0,2080.0,2090.0,8926,0.0,0.0
2023-06-14 12:00:00+09:00,2090.0,2090.0,2080.0,2090.0,2509,0.0,0.0
2023-06-14 13:00:00+09:00,2080.0,2080.0,2055.0,2070.0,30408,0.0,0.0
2023-06-14 14:00:00+09:00,2060.0,2060.0,2055.0,2060.0,26888,0.0,0.0
2023-06-15 09:00:00+09:00,2060.0,2135.0,2030.0,2095.0,28033,0.0,0.0
2023-06-15 10:00:00+09:00,2090.0,2095.0,2070.0,2085.0,10826,0.0,0.0
2023-06-15 11:00:00+09:00,2070.0,2090.0,2045.0,2065.0,18558,0.0,0.0
2023-06-15 12:00:00+09:00,2065.0,2120.0,2065.0,2120.0,11875,0.0,0.0
2023-06-15 13:00:00+09:00,2120.0,2120.0,2090.0,2100.0,5304,0.0,0.0
2023-06-15 14:00:00+09:00,2100.0,2115.0,2090.0,2115.0,26806,0.0,0.0
2023-06-16 09:00:00+09:00,2075.0,2140.0,2075.0,2115.0,0,0.0,0.0
2023-06-16 10:00:00+09:00,2115.0,2115.0,2070.0,2090.0,11073,0.0,0.0
2023-06-16 11:00:00+09:00,2090.0,2135.0,2090.0,2105.0,13447,0.0,0.0
2023-06-16 12:00:00+09:00,2105.0,2110.0,2100.0,2110.0,4365,0.0,0.0
2023-06-16 13:00:00+09:00,2110.0,2115.0,2090.0,2110.0,4361,0.0,0.0
2023-06-16 14:00:00+09:00,2100.0,2105.0,2090.0,2105.0,4770,0.0,0.0
2023-06-19 09:00:00+09:00,2100.0,2105.0,2035.0,2050.0,0,0.0,0.0
2023-06-19 10:00:00+09:00,2050.0,2055.0,2020.0,2040.0,18014,0.0,0.0
2023-06-19 11:00:00+09:00,2040.0,2040.0,2025.0,2040.0,4060,0.0,0.0
2023-06-19 12:00:00+09:00,2040.0,2040.0,2030.0,2040.0,3050,0.0,0.0
2023-06-19 13:00:00+09:00,2040.0,2040.0,2010.0,2030.0,0,0.0,0.0
2023-06-19 14:00:00+09:00,2030.0,2035.0,2025.0,2035.0,86607,0.0,0.0
2023-06-20 09:00:00+09:00,2030.0,2045.0,2010.0,2025.0,11281,0.0,0.0
2023-06-20 10:00:00+09:00,2025.0,2045.0,2000.0,2020.0,16652,0.0,0.0
2023-06-20 11:00:00+09:00,2020.0,2035.0,2005.0,2020.0,4125,0.0,0.0
2023-06-20 12:00:00+09:00,2020.0,2030.0,2000.0,2005.0,13612,0.0,0.0
2023-06-20 13:00:00+09:00,2015.0,2020.0,1995.0,2020.0,12841,0.0,0.0
2023-06-20 14:00:00+09:00,2020.0,2020.0,2000.0,2015.0,3079,0.0,0.0
2023-06-21 09:00:00+09:00,2005.0,2025.0,1995.0,1996.0,23765,0.0,0.0
2023-06-21 10:00:00+09:00,1996.0,2000.0,1986.0,1998.0,31832,0.0,0.0
2023-06-21 11:00:00+09:00,1992.0,2000.0,1990.0,1998.0,8629,0.0,0.0
2023-06-21 12:00:00+09:00,1999.0,2000.0,1987.0,2000.0,19869,0.0,0.0
2023-06-21 13:00:00+09:00,2000.0,2005.0,1987.0,1995.0,6000,0.0,0.0
2023-06-21 14:00:00+09:00,1988.0,1995.0,1980.0,1989.0,28704,0.0,0.0
2023-06-22 09:00:00+09:00,1990.0,1995.0,1952.0,1983.0,0,0.0,0.0
2023-06-22 10:00:00+09:00,1982.0,1983.0,1960.0,1965.0,8546,0.0,0.0
2023-06-22 11:00:00+09:00,1976.0,1978.0,1960.0,1976.0,5465,0.0,0.0
2023-06-22 12:00:00+09:00,1975.0,1980.0,1953.0,1961.0,10137,0.0,0.0
2023-06-22 13:00:00+09:00,1961.0,1961.0,1952.0,1953.0,9930,0.0,0.0
2023-06-22 14:00:00+09:00,1953.0,1960.0,1953.0,1953.0,4437,0.0,0.0
2023-06-23 09:00:00+09:00,1951.0,1963.0,1822.0,1925.0,52021,0.0,0.0
2023-06-23 10:00:00+09:00,1938.0,1938.0,1880.0,1905.0,14609,0.0,0.0
2023-06-23 11:00:00+09:00,1904.0,1908.0,1882.0,1900.0,14590,0.0,0.0
2023-06-23 12:00:00+09:00,1901.0,1908.0,1900.0,1901.0,8011,0.0,0.0
2023-06-23 13:00:00+09:00,1901.0,1933.0,1900.0,1930.0,7485,0.0,0.0
2023-06-23 14:00:00+09:00,1930.0,1950.0,1925.0,1939.0,10401,0.0,0.0
2023-06-26 09:00:00+09:00,1938.0,1938.0,1876.0,1921.0,0,0.0,0.0
2023-06-26 10:00:00+09:00,1921.0,1946.0,1921.0,1943.0,1603,0.0,0.0
2023-06-26 11:00:00+09:00,1937.0,1946.0,1937.0,1937.0,2954,0.0,0.0
2023-06-26 12:00:00+09:00,1937.0,1937.0,1921.0,1934.0,3935,0.0,0.0
2023-06-26 13:00:00+09:00,1922.0,1937.0,1920.0,1936.0,5268,0.0,0.0
2023-06-26 14:00:00+09:00,1936.0,1940.0,1925.0,1940.0,16358,0.0,0.0
2023-06-27 09:00:00+09:00,1950.0,1992.0,1928.0,1928.0,0,0.0,0.0
2023-06-27 10:00:00+09:00,1927.0,1940.0,1927.0,1940.0,29320,0.0,0.0
2023-06-27 11:00:00+09:00,1941.0,1950.0,1929.0,1939.0,4937,0.0,0.0
2023-06-27 12:00:00+09:00,1938.0,1940.0,1927.0,1940.0,3165,0.0,0.0
2023-06-27 13:00:00+09:00,1940.0,1946.0,1933.0,1935.0,536,0.0,0.0
2023-06-27 14:00:00+09:00,1934.0,1935.0,1927.0,1935.0,10937,0.0,0.0
2023-06-28 09:00:00+09:00,1930.0,1949.0,1870.0,1931.0,0,0.0,0.0
2023-06-28 10:00:00+09:00,1931.0,1931.0,1920.0,1930.0,7045,0.0,0.0
2023-06-28 11:00:00+09:00,1930.0,1930.0,1920.0,1929.0,6175,0.0,0.0
2023-06-28 12:00:00+09:00,1927.0,1930.0,1920.0,1930.0,10883,0.0,0.0
2023-06-28 13:00:00+09:00,1929.0,1930.0,1924.0,1929.0,2838,0.0,0.0
2023-06-28 14:00:00+09:00,1928.0,1985.0,1921.0,1973.0,19755,0.0,0.0
2023-06-29 09:00:00+09:00,1943.0,1980.0,1892.0,1892.0,0,0.0,0.0
2023-06-29 10:00:00+09:00,1908.0,1908.0,1890.0,1901.0,10728,0.0,0.0
2023-06-29 11:00:00+09:00,1900.0,1900.0,1876.0,1876.0,17460,0.0,0.0
2023-06-29 12:00:00+09:00,1876.0,1890.0,1850.0,1869.0,25955,0.0,0.0
2023-06-29 13:00:00+09:00,1869.0,1889.0,1864.0,1878.0,5963,0.0,0.0
2023-06-29 14:00:00+09:00,1878.0,1882.0,1865.0,1879.0,9658,0.0,0.0
2023-06-30 09:00:00+09:00,1879.0,1884.0,1839.0,1839.0,0,0.0,0.0
2023-06-30 10:00:00+09:00,1842.0,1870.0,1842.0,1856.0,5914,0.0,0.0
2023-06-30 11:00:00+09:00,1844.0,1858.0,1841.0,1856.0,3042,0.0,0.0
2023-06-30 12:00:00+09:00,1851.0,1856.0,1847.0,1856.0,5881,0.0,0.0
2023-06-30 13:00:00+09:00,1855.0,1859.0,1849.0,1859.0,3281,0.0,0.0
2023-06-30 14:00:00+09:00,1852.0,1883.0,1852.0,1882.0,6899,0.0,0.0
2023-07-03 09:00:00+09:00,1899.0,1899.0,1869.0,1888.0,0,0.0,0.0
2023-07-03 10:00:00+09:00,1888.0,1889.0,1869.0,1875.0,21315,0.0,0.0
2023-07-03 11:00:00+09:00,1875.0,1878.0,1869.0,1878.0,15786,0.0,0.0
2023-07-03 12:00:00+09:00,1878.0,1878.0,1866.0,1875.0,12290,0.0,0.0
2023-07-03 13:00:00+09:00,1875.0,1875.0,1860.0,1864.0,9815,0.0,0.0
2023-07-03 14:00:00+09:00,1864.0,1864.0,1850.0,1859.0,13568,0.0,0.0
2023-07-04 09:00:00+09:00,1870.0,2090.0,1851.0,2050.0,223831,0.0,0.0
2023-07-04 10:00:00+09:00,2025.0,2050.0,1932.0,1938.0,250241,0.0,0.0
2023-07-04 11:00:00+09:00,1956.0,1956.0,1909.0,1910.0,29342,0.0,0.0
2023-07-04 12:00:00+09:00,1910.0,1912.0,1900.0,1903.0,15947,0.0,0.0
2023-07-04 13:00:00+09:00,1907.0,1914.0,1896.0,1910.0,20889,0.0,0.0
2023-07-04 14:00:00+09:00,1908.0,1908.0,1882.0,1892.0,11450,0.0,0.0
2023-07-05 09:00:00+09:00,1865.0,1886.0,1850.0,1851.0,42273,0.0,0.0
2023-07-05 10:00:00+09:00,1860.0,1860.0,1849.0,1849.0,17294,0.0,0.0
2023-07-05 11:00:00+09:00,1850.0,1858.0,1848.0,1848.0,7993,0.0,0.0
2023-07-05 12:00:00+09:00,1851.0,1853.0,1847.0,1850.0,4410,0.0,0.0
2023-07-05 13:00:00+09:00,1847.0,1858.0,1846.0,1847.0,10281,0.0,0.0
2023-07-05 14:00:00+09:00,1846.0,1858.0,1845.0,1856.0,4984,0.0,0.0
2023-07-06 09:00:00+09:00,1800.0,1869.0,1800.0,1824.0,0,0.0,0.0
2023-07-06 10:00:00+09:00,1824.0,1824.0,1811.0,1811.0,8226,0.0,0.0
2023-07-06 11:00:00+09:00,1821.0,1821.0,1800.0,1803.0,18335,0.0,0.0
2023-07-06 12:00:00+09:00,1805.0,1810.0,1800.0,1807.0,10145,0.0,0.0
2023-07-06 13:00:00+09:00,1805.0,1806.0,1780.0,1782.0,25704,0.0,0.0
2023-07-06 14:00:00+09:00,1788.0,1788.0,1750.0,1773.0,17619,0.0,0.0
2023-07-07 09:00:00+09:00,1750.0,1759.0,1725.0,1735.0,16156,0.0,0.0
2023-07-07 10:00:00+09:00,1735.0,1746.0,1730.0,1739.0,5008,0.0,0.0
2023-07-07 11:00:00+09:00,1739.0,1747.0,1725.0,1737.0,8272,0.0,0.0
2023-07-07 12:00:00+09:00,1737.0,1741.0,1725.0,1726.0,6993,0.0,0.0
2023-07-07 13:00:00+09:00,1730.0,1735.0,1717.0,1719.0,19692,0.0,0.0
2023-07-07 14:00:00+09:00,1719.0,1727.0,1713.0,1720.0,7810,0.0,0.0
2023-07-10 09:00:00+09:00,1700.0,1730.0,1700.0,1713.0,0,0.0,0.0
2023-07-10 10:00:00+09:00,1720.0,1736.0,1713.0,1736.0,24158,0.0,0.0
2023-07-10 11:00:00+09:00,1736.0,1761.0,1735.0,1750.0,10560,0.0,0.0
2023-07-10 12:00:00+09:00,1750.0,1754.0,1740.0,1753.0,8936,0.0,0.0
2023-07-10 13:00:00+09:00,1753.0,1759.0,1748.0,1752.0,4460,0.0,0.0
2023-07-10 14:00:00+09:00,1753.0,1757.0,1745.0,1745.0,10306,0.0,0.0
2023-07-11 09:00:00+09:00,1750.0,1805.0,1750.0,1751.0,0,0.0,0.0
2023-07-11 10:00:00+09:00,1751.0,1761.0,1740.0,1757.0,12989,0.0,0.0
2023-07-11 11:00:00+09:00,1757.0,1763.0,1751.0,1753.0,1447,0.0,0.0
2023-07-11 12:00:00+09:00,1754.0,1762.0,1752.0,1760.0,549,0.0,0.0
2023-07-11 13:00:00+09:00,1759.0,1759.0,1740.0,1745.0,4636,0.0,0.0
2023-07-11 14:00:00+09:00,1745.0,1753.0,1740.0,1752.0,5838,0.0,0.0
2023-07-12 09:00:00+09:00,1753.0,1768.0,1740.0,1758.0,11045,0.0,0.0
2023-07-12 10:00:00+09:00,1757.0,1757.0,1726.0,1746.0,11159,0.0,0.0
2023-07-12 11:00:00+09:00,1746.0,1746.0,1730.0,1731.0,1091,0.0,0.0
2023-07-12 12:00:00+09:00,1731.0,1737.0,1725.0,1728.0,8776,0.0,0.0
2023-07-12 13:00:00+09:00,1728.0,1735.0,1725.0,1735.0,4654,0.0,0.0
2023-07-12 14:00:00+09:00,1730.0,1735.0,1720.0,1725.0,9111,0.0,0.0
2023-07-13 09:00:00+09:00,1735.0,1762.0,1720.0,1740.0,0,0.0,0.0
2023-07-13 10:00:00+09:00,1740.0,1788.0,1740.0,1753.0,24189,0.0,0.0
2023-07-13 11:00:00+09:00,1754.0,1770.0,1747.0,1751.0,12390,0.0,0.0
2023-07-13 12:00:00+09:00,1759.0,1759.0,1750.0,1753.0,1418,0.0,0.0
2023-07-13 13:00:00+09:00,1758.0,1760.0,1744.0,1750.0,10480,0.0,0.0
2023-07-13 14:00:00+09:00,1744.0,1759.0,1743.0,1745.0,3654,0.0,0.0
2023-07-14 09:00:00+09:00,1758.0,1785.0,1721.0,1741.0,0,0.0,0.0
2023-07-14 10:00:00+09:00,1741.0,1741.0,1711.0,1711.0,24161,0.0,0.0
2023-07-14 11:00:00+09:00,1710.0,1730.0,1707.0,1717.0,14577,0.0,0.0
2023-07-14 12:00:00+09:00,1717.0,1723.0,1715.0,1720.0,2193,0.0,0.0
2023-07-14 13:00:00+09:00,1720.0,1721.0,1716.0,1720.0,1667,0.0,0.0
2023-07-14 14:00:00+09:00,1718.0,1744.0,1709.0,1744.0,52303,0.0,0.0
2023-07-17 09:00:00+09:00,1743.0,1743.0,1691.0,1712.0,0,0.0,0.0
2023-07-17 10:00:00+09:00,1711.0,1726.0,1700.0,1725.0,8546,0.0,0.0
2023-07-17 11:00:00+09:00,1722.0,1722.0,1701.0,1713.0,6387,0.0,0.0
2023-07-17 12:00:00+09:00,1708.0,1720.0,1706.0,1715.0,12263,0.0,0.0
2023-07-17 13:00:00+09:00,1716.0,1740.0,1716.0,1728.0,19746,0.0,0.0
2023-07-17 14:00:00+09:00,1728.0,1744.0,1720.0,1741.0,5614,0.0,0.0
2023-07-18 09:00:00+09:00,1730.0,1730.0,1690.0,1701.0,22582,0.0,0.0
2023-07-18 10:00:00+09:00,1700.0,1708.0,1687.0,1688.0,34183,0.0,0.0
2023-07-18 11:00:00+09:00,1688.0,1698.0,1687.0,1697.0,19931,0.0,0.0
2023-07-18 12:00:00+09:00,1697.0,1699.0,1690.0,1699.0,4608,0.0,0.0
2023-07-18 13:00:00+09:00,1698.0,1698.0,1689.0,1689.0,10993,0.0,0.0
2023-07-18 14:00:00+09:00,1697.0,1698.0,1688.0,1689.0,12590,0.0,0.0
2023-07-19 09:00:00+09:00,1679.0,1705.0,1647.0,1666.0,26545,0.0,0.0
2023-07-19 10:00:00+09:00,1666.0,1680.0,1650.0,1668.0,14556,0.0,0.0
2023-07-19 11:00:00+09:00,1668.0,1675.0,1655.0,1666.0,3903,0.0,0.0
2023-07-19 12:00:00+09:00,1656.0,1666.0,1656.0,1661.0,1138,0.0,0.0
2023-07-19 13:00:00+09:00,1661.0,1663.0,1654.0,1662.0,3963,0.0,0.0
2023-07-19 14:00:00+09:00,1654.0,1661.0,1650.0,1660.0,25542,0.0,0.0
2023-07-20 09:00:00+09:00,1651.0,1651.0,1600.0,1639.0,37647,0.0,0.0
2023-07-20 10:00:00+09:00,1639.0,1683.0,1638.0,1660.0,17083,0.0,0.0
2023-07-20 11:00:00+09:00,1661.0,1685.0,1656.0,1656.0,6986,0.0,0.0
2023-07-20 12:00:00+09:00,1656.0,1668.0,1653.0,1663.0,11187,0.0,0.0
2023-07-20 13:00:00+09:00,1663.0,1664.0,1653.0,1660.0,4587,0.0,0.0
2023-07-20 14:00:00+09:00,1660.0,1660.0,1643.0,1650.0,8121,0.0,0.0
2023-07-21 09:00:00+09:00,1644.0,1648.0,1634.0,1643.0,0,0.0,0.0
2023-07-21 10:00:00+09:00,1640.0,1680.0,1635.0,1674.0,54235,0.0,0.0
2023-07-21 11:00:00+09:00,1668.0,1675.0,1658.0,1671.0,14698,0.0,0.0
2023-07-21 12:00:00+09:00,1666.0,1670.0,1651.0,1657.0,5042,0.0,0.0
2023-07-21 13:00:00+09:00,1652.0,1675.0,1649.0,1669.0,20194,0.0,0.0
2023-07-21 14:00:00+09:00,1666.0,1675.0,1660.0,1662.0,10292,0.0,0.0
2023-07-24 09:00:00+09:00,1683.0,1698.0,1602.0,1611.0,0,0.0,0.0
2023-07-24 10:00:00+09:00,1611.0,1611.0,1600.0,1604.0,34685,0.0,0.0
2023-07-24 11:00:00+09:00,1604.0,1604.0,1575.0,1585.0,35912,0.0,0.0
2023-07-24 12:00:00+09:00,1586.0,1637.0,1586.0,1636.0,44996,0.0,0.0
2023-07-24 13:00:00+09:00,1629.0,1658.0,1621.0,1636.0,24653,0.0,0.0
2023-07-24 14:00:00+09:00,1638.0,1668.0,1634.0,1634.0,42092,0.0,0.0
2023-07-25 09:00:00+09:00,1590.0,1608.0,1551.0,1560.0,42379,0.0,0.0
2023-07-25 10:00:00+09:00,1560.0,1568.0,1552.0,1555.0,18768,0.0,0.0
2023-07-25 11:00:00+09:00,1554.0,1559.0,1542.0,1556.0,9500,0.0,0.0
2023-07-25 12:00:00+09:00,1557.0,1570.0,1553.0,1563.0,5526,0.0,0.0
2023-07-25 13:00:00+09:00,1564.0,1564.0,1548.0,1548.0,13004,0.0,0.0
2023-07-25 14:00:00+09:00,1547.0,1551.0,1544.0,1546.0,32288,0.0,0.0
2023-07-26 09:00:00+09:00,1547.0,1547.0,1470.0,1485.0,62734,0.0,0.0
2023-07-26 10:00:00+09:00,1484.0,1489.0,1479.0,1487.0,49814,0.0,0.0
2023-07-26 11:00:00+09:00,1487.0,1513.0,1480.0,1502.0,26817,0.0,0.0
2023-07-26 12:00:00+09:00,1500.0,1500.0,1479.0,1482.0,30146,0.0,0.0
2023-07-26 13:00:00+09:00,1482.0,1495.0,1479.0,1480.0,43842,0.0,0.0
2023-07-26 14:00:00+09:00,1479.0,1490.0,1479.0,1489.0,10660,0.0,0.0
2023-07-27 09:00:00+09:00,1432.0,1505.0,1432.0,1505.0,19121,0.0,0.0
2023-07-27 10:00:00+09:00,1505.0,1537.0,1496.0,1502.0,35915,0.0,0.0
2023-07-27 11:00:00+09:00,1511.0,1516.0,1493.0,1513.0,7144,0.0,0.0
2023-07-27 12:00:00+09:00,1513.0,1522.0,1498.0,1508.0,20700,0.0,0.0
2023-07-27 13:00:00+09:00,1508.0,1514.0,1498.0,1503.0,13700,0.0,0.0
2023-07-27 14:00:00+09:00,1511.0,1511.0,1489.0,1494.0,18113,0.0,0.0
2023-07-28 09:00:00+09:00,1469.0,1530.0,1464.0,1495.0,18719,0.0,0.0
2023-07-28 10:00:00+09:00,1490.0,1521.0,1471.0,1521.0,17956,0.0,0.0
2023-07-28 11:00:00+09:00,1521.0,1521.0,1500.0,1501.0,11826,0.0,0.0
2023-07-28 12:00:00+09:00,1502.0,1522.0,1496.0,1520.0,47370,0.0,0.0
2023-07-28 13:00:00+09:00,1520.0,1522.0,1513.0,1518.0,0,0.0,0.0
2023-07-28 14:00:00+09:00,1513.0,1516.0,1511.0,1513.0,102156,0.0,0.0
2023-07-31 09:00:00+09:00,1522.0,1580.0,1513.0,1551.0,0,0.0,0.0
2023-07-31 10:00:00+09:00,1552.0,1563.0,1548.0,1557.0,6597,0.0,0.0
2023-07-31 11:00:00+09:00,1557.0,1557.0,1541.0,1544.0,7679,0.0,0.0
2023-07-31 12:00:00+09:00,1545.0,1545.0,1530.0,1530.0,4589,0.0,0.0
2023-07-31 13:00:00+09:00,1535.0,1535.0,1533.0,1533.0,8573,0.0,0.0
2023-07-31 14:00:00+09:00,1532.0,1536.0,1525.0,1528.0,10011,0.0,0.0
2023-08-01 09:00:00+09:00,1542.0,1598.0,1537.0,1560.0,0,0.0,0.0
2023-08-01 10:00:00+09:00,1570.0,1585.0,1560.0,1573.0,38318,0.0,0.0
2023-08-01 11:00:00+09:00,1566.0,1585.0,1566.0,1579.0,20266,0.0,0.0
2023-08-01 12:00:00+09:00,1584.0,1590.0,1580.0,1586.0,7983,0.0,0.0
2023-08-01 13:00:00+09:00,1586.0,1595.0,1575.0,1585.0,16541,0.0,0.0
2023-08-01 14:00:00+09:00,1585.0,1609.0,1577.0,1605.0,30702,0.0,0.0
2023-08-02 09:00:00+09:00,1611.0,1637.0,1599.0,1606.0,15473,0.0,0.0
2023-08-02 10:00:00+09:00,1606.0,1620.0,1604.0,1604.0,15990,0.0,0.0
2023-08-02 11:00:00+09:00,1604.0,1606.0,1595.0,1597.0,22680,0.0,0.0
2023-08-02 12:00:00+09:00,1597.0,1611.0,1593.0,1600.0,30561,0.0,0.0
2023-08-02 13:00:00+09:00,1599.0,1599.0,1563.0,1569.0,13168,0.0,0.0
2023-08-02 14:00:00+09:00,1574.0,1591.0,1557.0,1586.0,31322,0.0,0.0
2023-08-03 09:00:00+09:00,1564.0,1635.0,1537.0,1635.0,47009,0.0,0.0
2023-08-03 10:00:00+09:00,1635.0,1659.0,1621.0,1622.0,63096,0.0,0.0
2023-08-03 11:00:00+09:00,1622.0,1655.0,1615.0,1620.0,22420,0.0,0.0
2023-08-03 12:00:00+09:00,1624.0,1626.0,1597.0,1614.0,17021,0.0,0.0
2023-08-03 13:00:00+09:00,1617.0,1631.0,1600.0,1609.0,10239,0.0,0.0
2023-08-03 14:00:00+09:00,1617.0,1617.0,1602.0,1612.0,9877,0.0,0.0
2023-08-04 09:00:00+09:00,1601.0,1650.0,1578.0,1582.0,37172,0.0,0.0
2023-08-04 10:00:00+09:00,1582.0,1605.0,1578.0,1599.0,7202,0.0,0.0
2023-08-04 11:00:00+09:00,1599.0,1599.0,1578.0,1584.0,11250,0.0,0.0
2023-08-04 12:00:00+09:00,1584.0,1590.0,1567.0,1577.0,14421,0.0,0.0
2023-08-04 13:00:00+09:00,1576.0,1593.0,1568.0,1589.0,4073,0.0,0.0
2023-08-04 14:00:00+09:00,1589.0,1589.0,1576.0,1578.0,2999,0.0,0.0
2023-08-07 09:00:00+09:00,1590.0,1590.0,1540.0,1570.0,0,0.0,0.0
2023-08-07 10:00:00+09:00,1569.0,1570.0,1553.0,1569.0,1051,0.0,0.0
2023-08-07 11:00:00+09:00,1568.0,1572.0,1565.0,1570.0,3849,0.0,0.0
2023-08-07 12:00:00+09:00,1570.0,1570.0,1562.0,1570.0,2596,0.0,0.0
2023-08-07 13:00:00+09:00,1570.0,1570.0,1561.0,1563.0,3949,0.0,0.0
2023-08-07 14:00:00+09:00,1564.0,1565.0,1562.0,1565.0,1027,0.0,0.0
2023-08-08 09:00:00+09:00,1560.0,1575.0,1548.0,1557.0,22163,0.0,0.0
2023-08-08 10:00:00+09:00,1556.0,1557.0,1544.0,1544.0,16413,0.0,0.0
2023-08-08 11:00:00+09:00,1543.0,1551.0,1531.0,1540.0,13993,0.0,0.0
2023-08-08 12:00:00+09:00,1540.0,1547.0,1538.0,1547.0,5670,0.0,0.0
2023-08-08 13:00:00+09:00,1547.0,1549.0,1538.0,1549.0,9941,0.0,0.0
2023-08-08 14:00:00+09:00,1541.0,1542.0,1524.0,1532.0,27718,0.0,0.0
2023-08-09 09:00:00+09:00,1530.0,1552.0,1524.0,1552.0,12478,0.0,0.0
2023-08-09 10:00:00+09:00,1548.0,1576.0,1540.0,1576.0,25524,0.0,0.0
2023-08-09 11:00:00+09:00,1574.0,1597.0,1568.0,1584.0,17412,0.0,0.0
2023-08-09 12:00:00+09:00,1585.0,1592.0,1582.0,1586.0,7516,0.0,0.0
2023-08-09 13:00:00+09:00,1586.0,1597.0,1580.0,1589.0,13814,0.0,0.0
2023-08-09 14:00:00+09:00,1589.0,1589.0,1572.0,1576.0,19620,0.0,0.0
2023-08-10 09:00:00+09:00,1600.0,1635.0,1589.0,1600.0,22788,0.0,0.0
2023-08-10 10:00:00+09:00,1600.0,1614.0,1591.0,1604.0,15569,0.0,0.0
2023-08-10 11:00:00+09:00,1609.0,1665.0,1604.0,1639.0,45212,0.0,0.0
2023-08-10 12:00:00+09:00,1644.0,1644.0,1614.0,1639.0,10951,0.0,0.0
2023-08-10 13:00:00+09:00,1638.0,1644.0,1630.0,1640.0,7121,0.0,0.0
2023-08-10 14:00:00+09:00,1640.0,1644.0,1630.0,1642.0,4954,0.0,0.0
2023-08-11 09:00:00+09:00,1624.0,1647.0,1623.0,1639.0,15831,0.0,0.0
2023-08-11 10:00:00+09:00,1640.0,1645.0,1628.0,1645.0,7443,0.0,0.0
2023-08-11 11:00:00+09:00,1644.0,1644.0,1632.0,1634.0,2022,0.0,0.0
2023-08-11 12:00:00+09:00,1638.0,1639.0,1631.0,1631.0,3748,0.0,0.0
2023-08-11 13:00:00+09:00,1638.0,1639.0,1617.0,1621.0,16084,0.0,0.0
2023-08-11 14:00:00+09:00,1621.0,1662.0,1621.0,1640.0,10705,0.0,0.0
2023-08-14 09:00:00+09:00,1642.0,1648.0,1601.0,1626.0,0,0.0,0.0
2023-08-14 10:00:00+09:00,1627.0,1641.0,1626.0,1633.0,2865,0.0,0.0
2023-08-14 11:00:00+09:00,1633.0,1633.0,1620.0,1622.0,3162,0.0,0.0
2023-08-14 12:00:00+09:00,1622.0,1631.0,1619.0,1619.0,3758,0.0,0.0
2023-08-14 13:00:00+09:00,1620.0,1628.0,1620.0,1627.0,5877,0.0,0.0
2023-08-14 14:00:00+09:00,1624.0,1694.0,1620.0,1686.0,36500,0.0,0.0
2023-08-16 09:00:00+09:00,1661.0,1747.0,1661.0,1701.0,64891,0.0,0.0
2023-08-16 10:00:00+09:00,1705.0,1720.0,1687.0,1701.0,42724,0.0,0.0
2023-08-16 11:00:00+09:00,1701.0,1708.0,1650.0,1676.0,22387,0.0,0.0
2023-08-16 12:00:00+09:00,1677.0,1683.0,1661.0,1678.0,5413,0.0,0.0
2023-08-16 13:00:00+09:00,1681.0,1700.0,1662.0,1662.0,46670,0.0,0.0
2023-08-16 14:00:00+09:00,1662.0,1680.0,1657.0,1666.0,22973,0.0,0.0
2023-08-17 09:00:00+09:00,1649.0,1680.0,1608.0,1677.0,39730,0.0,0.0
2023-08-17 10:00:00+09:00,1678.0,1679.0,1646.0,1654.0,9602,0.0,0.0
2023-08-17 11:00:00+09:00,1648.0,1658.0,1636.0,1653.0,16318,0.0,0.0
2023-08-17 12:00:00+09:00,1653.0,1653.0,1640.0,1652.0,1086,0.0,0.0
2023-08-17 13:00:00+09:00,1646.0,1700.0,1646.0,1694.0,30549,0.0,0.0
2023-08-17 14:00:00+09:00,1694.0,1694.0,1663.0,1663.0,3441,0.0,0.0
2023-08-18 09:00:00+09:00,1655.0,1658.0,1570.0,1629.0,21416,0.0,0.0
2023-08-18 10:00:00+09:00,1629.0,1656.0,1620.0,1655.0,15325,0.0,0.0
2023-08-18 11:00:00+09:00,1653.0,1670.0,1653.0,1663.0,10349,0.0,0.0
2023-08-18 12:00:00+09:00,1663.0,1663.0,1655.0,1655.0,8722,0.0,0.0
2023-08-18 13:00:00+09:00,1656.0,1657.0,1641.0,1642.0,4593,0.0,0.0
2023-08-18 14:00:00+09:00,1643.0,1649.0,1622.0,1637.0,22881,0.0,0.0
2023-08-21 09:00:00+09:00,1660.0,1660.0,1619.0,1630.0,0,0.0,0.0
2023-08-21 10:00:00+09:00,1639.0,1642.0,1627.0,1627.0,7507,0.0,0.0
2023-08-21 11:00:00+09:00,1628.0,1640.0,1628.0,1630.0,2602,0.0,0.0
2023-08-21 12:00:00+09:00,1636.0,1637.0,1630.0,1630.0,4686,0.0,0.0
2023-08-21 13:00:00+09:00,1630.0,1636.0,1626.0,1627.0,4591,0.0,0.0
2023-08-21 14:00:00+09:00,1629.0,1640.0,1621.0,1623.0,16698,0.0,0.0
2023-08-22 09:00:00+09:00,1663.0,1670.0,1623.0,1670.0,26151,0.0,0.0
2023-08-22 10:00:00+09:00,1664.0,1718.0,1662.0,1711.0,55653,0.0,0.0
2023-08-22 11:00:00+09:00,1711.0,1713.0,1663.0,1682.0,12310,0.0,0.0
2023-08-22 12:00:00+09:00,1681.0,1681.0,1664.0,1673.0,6947,0.0,0.0
2023-08-22 13:00:00+09:00,1673.0,1673.0,1667.0,1667.0,7564,0.0,0.0
2023-08-22 14:00:00+09:00,1666.0,1700.0,1663.0,1684.0,44763,0.0,0.0
2023-08-23 09:00:00+09:00,1695.0,1700.0,1673.0,1684.0,0,0.0,0.0
2023-08-23 10:00:00+09:00,1682.0,1682.0,1657.0,1662.0,16693,0.0,0.0
2023-08-23 11:00:00+09:00,1659.0,1680.0,1657.0,1677.0,3085,0.0,0.0
2023-08-23 12:00:00+09:00,1676.0,1676.0,1659.0,1660.0,4687,0.0,0.0
2023-08-23 13:00:00+09:00,1660.0,1665.0,1644.0,1647.0,12553,0.0,0.0
2023-08-23 14:00:00+09:00,1647.0,1647.0,1627.0,1629.0,17087,0.0,0.0
2023-08-24 09:00:00+09:00,1626.0,1665.0,1626.0,1661.0,19596,0.0,0.0
2023-08-24 10:00:00+09:00,1654.0,1660.0,1633.0,1650.0,8023,0.0,0.0
2023-08-24 11:00:00+09:00,1650.0,1650.0,1640.0,1649.0,3069,0.0,0.0
2023-08-24 12:00:00+09:00,1649.0,1649.0,1633.0,1646.0,3089,0.0,0.0
2023-08-24 13:00:00+09:00,1646.0,1646.0,1636.0,1645.0,59,0.0,0.0
2023-08-24 14:00:00+09:00,1636.0,1644.0,1630.0,1630.0,6078,0.0,0.0
2023-08-25 09:00:00+09:00,1640.0,1640.0,1612.0,1612.0,7438,0.0,0.0
2023-08-25 10:00:00+09:00,1612.0,1630.0,1612.0,1628.0,6144,0.0,0.0
2023-08-25 11:00:00+09:00,1628.0,1630.0,1620.0,1630.0,6048,0.0,0.0
2023-08-25 12:00:00+09:00,1625.0,1630.0,1624.0,1628.0,1903,0.0,0.0
2023-08-25 13:00:00+09:00,1628.0,1628.0,1620.0,1627.0,3590,0.0,0.0
2023-08-25 14:00:00+09:00,1627.0,1630.0,1620.0,1624.0,3532,0.0,0.0
2023-08-28 09:00:00+09:00,1630.0,1630.0,1575.0,1624.0,0,0.0,0.0
2023-08-28 10:00:00+09:00,1623.0,1662.0,1613.0,1660.0,15001,0.0,0.0
2023-08-28 11:00:00+09:00,1660.0,1685.0,1660.0,1675.0,10493,0.0,0.0
2023-08-28 12:00:00+09:00,1675.0,1685.0,1661.0,1664.0,4391,0.0,0.0
2023-08-28 13:00:00+09:00,1661.0,1661.0,1653.0,1653.0,2027,0.0,0.0
2023-08-28 14:00:00+09:00,1653.0,1655.0,1650.0,1652.0,1607,0.0,0.0
2023-08-29 09:00:00+09:00,1660.0,1670.0,1650.0,1660.0,6278,0.0,0.0
2023-08-29 10:00:00+09:00,1660.0,1663.0,1651.0,1659.0,3511,0.0,0.0
2023-08-29 11:00:00+09:00,1658.0,1660.0,1654.0,1654.0,609,0.0,0.0
2023-08-29 12:00:00+09:00,1658.0,1658.0,1654.0,1654.0,1985,0.0,0.0
2023-08-29 13:00:00+09:00,1654.0,1689.0,1654.0,1684.0,23246,0.0,0.0
2023-08-29 14:00:00+09:00,1680.0,1683.0,1652.0,1667.0,12956,0.0,0.0
2023-08-30 09:00:00+09:00,1651.0,1684.0,1600.0,1678.0,13619,0.0,0.0
2023-08-30 10:00:00+09:00,1678.0,1678.0,1650.0,1664.0,9694,0.0,0.0
2023-08-30 11:00:00+09:00,1664.0,1672.0,1657.0,1659.0,3660,0.0,0.0
2023-08-30 12:00:00+09:00,1670.0,1670.0,1651.0,1652.0,5035,0.0,0.0
2023-08-30 13:00:00+09:00,1651.0,1664.0,1650.0,1660.0,2581,0.0,0.0
2023-08-30 14:00:00+09:00,1650.0,1657.0,1640.0,1647.0,10871,0.0,0.0
2023-08-31 09:00:00+09:00,1634.0,1644.0,1624.0,1624.0,5771,0.0,0.0
2023-08-31 10:00:00+09:00,1624.0,1627.0,1617.0,1626.0,8638,0.0,0.0
2023-08-31 11:00:00+09:00,1627.0,1635.0,1622.0,1634.0,3556,0.0,0.0
2023-08-31 12:00:00+09:00,1633.0,1634.0,1618.0,1618.0,4677,0.0,0.0
2023-08-31 13:00:00+09:00,1618.0,1621.0,1612.0,1617.0,8485,0.0,0.0
2023-08-31 14:00:00+09:00,1614.0,1617.0,1600.0,1608.0,13192,0.0,0.0
2023-09-01 09:00:00+09:00,1608.0,1612.0,1594.0,1607.0,6663,0.0,0.0
2023-09-01 10:00:00+09:00,1605.0,1610.0,1601.0,1605.0,3758,0.0,0.0
2023-09-01 11:00:00+09:00,1605.0,1606.0,1591.0,1597.0,16982,0.0,0.0
2023-09-01 12:00:00+09:00,1592.0,1605.0,1592.0,1605.0,4562,0.0,0.0
2023-09-01 13:00:00+09:00,1604.0,1604.0,1591.0,1599.0,4294,0.0,0.0
2023-09-01 14:00:00+09:00,1599.0,1599.0,1591.0,1599.0,6602,0.0,0.0
2023-09-04 09:00:00+09:00,1599.0,1600.0,1580.0,1580.0,0,0.0,0.0
2023-09-04 10:00:00+09:00,1581.0,1583.0,1575.0,1577.0,17137,0.0,0.0
2023-09-04 11:00:00+09:00,1577.0,1583.0,1576.0,1583.0,4834,0.0,0.0
2023-09-04 12:00:00+09:00,1582.0,1589.0,1578.0,1588.0,4619,0.0,0.0
2023-09-04 13:00:00+09:00,1588.0,1596.0,1578.0,1590.0,6793,0.0,0.0
2023-09-04 14:00:00+09:00,1590.0,1590.0,1579.0,1579.0,2333,0.0,0.0
2023-09-05 09:00:00+09:00,1580.0,1580.0,1559.0,1565.0,4470,0.0,0.0
2023-09-05 10:00:00+09:00,1564.0,1565.0,1559.0,1565.0,5458,0.0,0.0
2023-09-05 11:00:00+09:00,1565.0,1570.0,1563.0,1569.0,3370,0.0,0.0
2023-09-05 12:00:00+09:00,1563.0,1567.0,1558.0,1564.0,4707,0.0,0.0
2023-09-05 13:00:00+09:00,1564.0,1564.0,1554.0,1558.0,16258,0.0,0.0
2023-09-05 14:00:00+09:00,1554.0,1558.0,1551.0,1553.0,5277,0.0,0.0
2023-09-06 09:00:00+09:00,1551.0,1583.0,1530.0,1559.0,36489,0.0,0.0
2023-09-06 10:00:00+09:00,1563.0,1580.0,1544.0,1569.0,7751,0.0,0.0
2023-09-06 11:00:00+09:00,1568.0,1568.0,1554.0,1554.0,2600,0.0,0.0
2023-09-06 12:00:00+09:00,1566.0,1567.0,1543.0,1547.0,4268,0.0,0.0
2023-09-06 13:00:00+09:00,1553.0,1565.0,1547.0,1561.0,2586,0.0,0.0
2023-09-06 14:00:00+09:00,1550.0,1554.0,1544.0,1546.0,7068,0.0,0.0
2023-09-07 09:00:00+09:00,1560.0,1560.0,1542.0,1542.0,18161,0.0,0.0
2023-09-07 10:00:00+09:00,1541.0,1542.0,1520.0,1527.0,23491,0.0,0.0
2023-09-07 11:00:00+09:00,1527.0,1533.0,1521.0,1529.0,5008,0.0,0.0
2023-09-07 12:00:00+09:00,1528.0,1532.0,1523.0,1532.0,1671,0.0,0.0
2023-09-07 13:00:00+09:00,1532.0,1532.0,1518.0,1522.0,8943,0.0,0.0
2023-09-07 14:00:00+09:00,1522.0,1532.0,1511.0,1532.0,23713,0.0,0.0
2023-09-08 09:00:00+09:00,1517.0,1533.0,1511.0,1521.0,12603,0.0,0.0
2023-09-08 10:00:00+09:00,1532.0,1532.0,1522.0,1522.0,1260,0.0,0.0
2023-09-08 11:00:00+09:00,1522.0,1522.0,1512.0,1512.0,7077,0.0,0.0
2023-09-08 12:00:00+09:00,1522.0,1522.0,1515.0,1521.0,0,0.0,0.0
2023-09-08 13:00:00+09:00,1521.0,1521.0,1513.0,1521.0,1765,0.0,0.0
2023-09-08 14:00:00+09:00,1517.0,1522.0,1512.0,1520.0,10162,0.0,0.0
2023-09-11 09:00:00+09:00,1522.0,1530.0,1515.0,1520.0,0,0.0,0.0
2023-09-11 10:00:00+09:00,1525.0,1545.0,1525.0,1542.0,9784,0.0,0.0
2023-09-11 11:00:00+09:00,1542.0,1553.0,1537.0,1553.0,7069,0.0,0.0
2023-09-11 12:00:00+09:00,1553.0,1559.0,1548.0,1558.0,3321,0.0,0.0
2023-09-11 13:00:00+09:00,1558.0,1654.0,1558.0,1621.0,120258,0.0,0.0
2023-09-11 14:00:00+09:00,1621.0,1621.0,1592.0,1600.0,15110,0.0,0.0
2023-09-12 09:00:00+09:00,1670.0,1675.0,1626.0,1644.0,49957,0.0,0.0
2023-09-12 10:00:00+09:00,1643.0,1683.0,1632.0,1672.0,47659,0.0,0.0
2023-09-12 11:00:00+09:00,1679.0,1742.0,1659.0,1722.0,84745,0.0,0.0
2023-09-12 12:00:00+09:00,1722.0,1726.0,1679.0,1707.0,57839,0.0,0.0
2023-09-12 13:00:00+09:00,1710.0,1780.0,1704.0,1763.0,181821,0.0,0.0
2023-09-12 14:00:00+09:00,1754.0,1788.0,1701.0,1770.0,170683,0.0,0.0
2023-09-13 09:00:00+09:00,1810.0,1816.0,1721.0,1733.0,244103,0.0,0.0
2023-09-13 10:00:00+09:00,1732.0,1778.0,1719.0,1736.0,63988,0.0,0.0
2023-09-13 11:00:00+09:00,1741.0,1758.0,1734.0,1755.0,38477,0.0,0.0
2023-09-13 12:00:00+09:00,1757.0,1769.0,1756.0,1763.0,12459,0.0,0.0
2023-09-13 13:00:00+09:00,1763.0,1765.0,1738.0,1738.0,13759,0.0,0.0
2023-09-13 14:00:00+09:00,1741.0,1780.0,1740.0,1768.0,32387,0.0,0.0
2023-09-14 09:00:00+09:00,1765.0,1799.0,1725.0,1740.0,99537,0.0,0.0
2023-09-14 10:00:00+09:00,1740.0,1740.0,1698.0,1719.0,43759,0.0,0.0
2023-09-14 11:00:00+09:00,1719.0,1726.0,1700.0,1722.0,13482,0.0,0.0
2023-09-14 12:00:00+09:00,1722.0,1726.0,1695.0,1717.0,40294,0.0,0.0
2023-09-14 13:00:00+09:00,1717.0,1735.0,1716.0,1721.0,7679,0.0,0.0
2023-09-14 14:00:00+09:00,1721.0,1777.0,1718.0,1721.0,23888,0.0,0.0
2023-09-15 09:00:00+09:00,1738.0,1756.0,1718.0,1726.0,0,0.0,0.0
2023-09-15 10:00:00+09:00,1725.0,1744.0,1710.0,1718.0,31656,0.0,0.0
2023-09-15 11:00:00+09:00,1717.0,1720.0,1700.0,1710.0,21575,0.0,0.0
2023-09-15 12:00:00+09:00,1710.0,1717.0,1703.0,1717.0,3923,0.0,0.0
2023-09-15 13:00:00+09:00,1712.0,1715.0,1706.0,1715.0,5929,0.0,0.0
2023-09-15 14:00:00+09:00,1715.0,1715.0,1706.0,1706.0,10086,0.0,0.0
2023-09-18 09:00:00+09:00,1714.0,1808.0,1714.0,1732.0,0,0.0,0.0
2023-09-18 10:00:00+09:00,1732.0,1743.0,1722.0,1738.0,10937,0.0,0.0
2023-09-18 11:00:00+09:00,1737.0,1748.0,1727.0,1742.0,4591,0.0,0.0
2023-09-18 12:00:00+09:00,1742.0,1742.0,1725.0,1733.0,6158,0.0,0.0
2023-09-18 13:00:00+09:00,1725.0,1725.0,1706.0,1718.0,31279,0.0,0.0
2023-09-18 14:00:00+09:00,1712.0,1712.0,1701.0,1707.0,9205,0.0,0.0
2023-09-19 09:00:00+09:00,1701.0,1715.0,1689.0,1708.0,21462,0.0,0.0
2023-09-19 10:00:00+09:00,1708.0,1729.0,1702.0,1713.0,8888,0.0,0.0
2023-09-19 11:00:00+09:00,1713.0,1719.0,1690.0,1697.0,9048,0.0,0.0
2023-09-19 12:00:00+09:00,1691.0,1703.0,1662.0,1703.0,14748,0.0,0.0
2023-09-19 13:00:00+09:00,1700.0,1703.0,1688.0,1690.0,1662,0.0,0.0
2023-09-19 14:00:00+09:00,1690.0,1690.0,1677.0,1686.0,12144,0.0,0.0
2023-09-20 09:00:00+09:00,1717.0,1717.0,1680.0,1703.0,17641,0.0,0.0
2023-09-20 10:00:00+09:00,1693.0,1715.0,1681.0,1690.0,21393,0.0,0.0
2023-09-20 11:00:00+09:00,1689.0,1698.0,1683.0,1697.0,5369,0.0,0.0
2023-09-20 12:00:00+09:00,1697.0,1706.0,1697.0,1703.0,2884,0.0,0.0
2023-09-20 13:00:00+09:00,1703.0,1703.0,1697.0,1700.0,6693,0.0,0.0
2023-09-20 14:00:00+09:00,1701.0,1704.0,1690.0,1698.0,5293,0.0,0.0
2023-09-21 09:00:00+09:00,1682.0,1693.0,1660.0,1670.0,16207,0.0,0.0
2023-09-21 10:00:00+09:00,1670.0,1670.0,1645.0,1661.0,22013,0.0,0.0
2023-09-21 11:00:00+09:00,1661.0,1662.0,1631.0,1633.0,9956,0.0,0.0
2023-09-21 12:00:00+09:00,1633.0,1640.0,1630.0,1632.0,4843,0.0,0.0
2023-09-21 13:00:00+09:00,1632.0,1636.0,1618.0,1627.0,20223,0.0,0.0
2023-09-21 14:00:00+09:00,1627.0,1636.0,1618.0,1619.0,11982,0.0,0.0
2023-09-22 09:00:00+09:00,1550.0,1638.0,1531.0,1608.0,30235,0.0,0.0
2023-09-22 10:00:00+09:00,1608.0,1618.0,1570.0,1618.0,3787,0.0,0.0
2023-09-22 11:00:00+09:00,1618.0,1619.0,1602.0,1618.0,3318,0.0,0.0
2023-09-22 12:00:00+09:00,1608.0,1617.0,1605.0,1616.0,2742,0.0,0.0
2023-09-22 13:00:00+09:00,1615.0,1618.0,1600.0,1605.0,10235,0.0,0.0
2023-09-22 14:00:00+09:00,1616.0,1616.0,1585.0,1595.0,13162,0.0,0.0
2023-09-25 09:00:00+09:00,1588.0,1625.0,1584.0,1609.0,0,0.0,0.0
2023-09-25 10:00:00+09:00,1603.0,1605.0,1580.0,1580.0,2377,0.0,0.0
2023-09-25 11:00:00+09:00,1580.0,1598.0,1571.0,1590.0,17241,0.0,0.0
2023-09-25 12:00:00+09:00,1590.0,1597.0,1572.0,1572.0,5687,0.0,0.0
2023-09-25 13:00:00+09:00,1572.0,1598.0,1571.0,1597.0,8871,0.0,0.0
2023-09-25 14:00:00+09:00,1596.0,1596.0,1576.0,1578.0,7329,0.0,0.0
2023-09-26 09:00:00+09:00,1561.0,1600.0,1561.0,1590.0,4043,0.0,0.0
2023-09-26 10:00:00+09:00,1589.0,1592.0,1570.0,1575.0,17467,0.0,0.0
2023-09-26 11:00:00+09:00,1586.0,1586.0,1570.0,1570.0,6835,0.0,0.0
2023-09-26 12:00:00+09:00,1576.0,1580.0,1570.0,1580.0,0,0.0,0.0
2023-09-26 13:00:00+09:00,1572.0,1590.0,1572.0,1590.0,6730,0.0,0.0
2023-09-26 14:00:00+09:00,1591.0,1591.0,1563.0,1567.0,11210,0.0,0.0
2023-09-27 09:00:00+09:00,1562.0,1603.0,1553.0,1586.0,7004,0.0,0.0
2023-09-27 10:00:00+09:00,1586.0,1594.0,1579.0,1594.0,11420,0.0,0.0
2023-09-27 11:00:00+09:00,1594.0,1605.0,1572.0,1572.0,8990,0.0,0.0
2023-09-27 12:00:00+09:00,1572.0,1578.0,1570.0,1577.0,4584,0.0,0.0
2023-09-27 13:00:00+09:00,1577.0,1577.0,1565.0,1575.0,5499,0.0,0.0
2023-09-27 14:00:00+09:00,1566.0,1585.0,1564.0,1578.0,6344,0.0,0.0
2023-10-04 09:00:00+09:00,1603.0,1603.0,1540.0,1552.0,0,0.0,0.0
2023-10-04 10:00:00+09:00,1551.0,1556.0,1540.0,1540.0,17768,0.0,0.0
2023-10-04 11:00:00+09:00,1547.0,1547.0,1541.0,1543.0,2800,0.0,0.0
2023-10-04 12:00:00+09:00,1543.0,1543.0,1534.0,1534.0,4610,0.0,0.0
2023-10-04 13:00:00+09:00,1533.0,1535.0,1531.0,1531.0,3480,0.0,0.0
2023-10-04 14:00:00+09:00,1532.0,1534.0,1513.0,1513.0,12518,0.0,0.0
2023-10-05 09:00:00+09:00,1515.0,1538.0,1506.0,1507.0,23614,0.0,0.0
2023-10-05 10:00:00+09:00,1516.0,1535.0,1516.0,1527.0,2380,0.0,0.0
2023-10-05 11:00:00+09:00,1526.0,1535.0,1523.0,1526.0,3011,0.0,0.0
2023-10-05 12:00:00+09:00,1526.0,1536.0,1521.0,1531.0,2055,0.0,0.0
2023-10-05 13:00:00+09:00,1530.0,1530.0,1522.0,1530.0,551,0.0,0.0
2023-10-05 14:00:00+09:00,1526.0,1538.0,1509.0,1509.0,7398,0.0,0.0
2023-10-06 09:00:00+09:00,1523.0,1526.0,1504.0,1520.0,7079,0.0,0.0
2023-10-06 10:00:00+09:00,1525.0,1527.0,1515.0,1520.0,5791,0.0,0.0
2023-10-06 11:00:00+09:00,1520.0,1526.0,1517.0,1525.0,4375,0.0,0.0
2023-10-06 12:00:00+09:00,1526.0,1537.0,1526.0,1537.0,3294,0.0,0.0
2023-10-06 13:00:00+09:00,1537.0,1540.0,1519.0,1536.0,2150,0.0,0.0
2023-10-06 14:00:00+09:00,1526.0,1538.0,1526.0,1536.0,1852,0.0,0.0
2023-10-10 09:00:00+09:00,1522.0,1535.0,1519.0,1535.0,0,0.0,0.0
2023-10-10 10:00:00+09:00,1535.0,1535.0,1529.0,1530.0,5773,0.0,0.0
2023-10-10 11:00:00+09:00,1529.0,1529.0,1521.0,1521.0,4311,0.0,0.0
2023-10-10 12:00:00+09:00,1521.0,1523.0,1503.0,1503.0,4389,0.0,0.0
2023-10-10 13:00:00+09:00,1504.0,1530.0,1500.0,1502.0,5478,0.0,0.0
2023-10-10 14:00:00+09:00,1503.0,1503.0,1490.0,1499.0,15958,0.0,0.0
2023-10-11 09:00:00+09:00,1493.0,1510.0,1488.0,1504.0,16858,0.0,0.0
2023-10-11 10:00:00+09:00,1504.0,1547.0,1501.0,1530.0,8370,0.0,0.0
2023-10-11 11:00:00+09:00,1530.0,1542.0,1527.0,1542.0,5503,0.0,0.0
2023-10-11 12:00:00+09:00,1535.0,1540.0,1528.0,1535.0,2156,0.0,0.0
2023-10-11 13:00:00+09:00,1534.0,1534.0,1524.0,1526.0,4529,0.0,0.0
2023-10-11 14:00:00+09:00,1526.0,1536.0,1515.0,1517.0,3207,0.0,0.0
2023-10-12 09:00:00+09:00,1539.0,1543.0,1527.0,1539.0,8292,0.0,0.0
2023-10-12 10:00:00+09:00,1539.0,1569.0,1524.0,1556.0,21515,0.0,0.0
2023-10-12 11:00:00+09:00,1556.0,1568.0,1555.0,1563.0,6875,0.0,0.0
2023-10-12 12:00:00+09:00,1563.0,1565.0,1553.0,1556.0,4967,0.0,0.0
2023-10-12 13:00:00+09:00,1556.0,1565.0,1552.0,1565.0,9921,0.0,0.0
2023-10-12 14:00:00+09:00,1554.0,1554.0,1539.0,1549.0,4435,0.0,0.0
2023-10-13 09:00:00+09:00,1563.0,1563.0,1530.0,1530.0,6106,0.0,0.0
2023-10-13 10:00:00+09:00,1531.0,1542.0,1529.0,1542.0,2591,0.0,0.0
2023-10-13 11:00:00+09:00,1542.0,1555.0,1532.0,1549.0,1905,0.0,0.0
2023-10-13 12:00:00+09:00,1546.0,1550.0,1522.0,1526.0,3394,0.0,0.0
2023-10-13 13:00:00+09:00,1526.0,1541.0,1518.0,1527.0,871,0.0,0.0
2023-10-13 14:00:00+09:00,1520.0,1520.0,1500.0,1504.0,16737,0.0,0.0
2023-10-16 09:00:00+09:00,1502.0,1520.0,1480.0,1497.0,0,0.0,0.0
2023-10-16 10:00:00+09:00,1497.0,1508.0,1488.0,1501.0,6348,0.0,0.0
2023-10-16 11:00:00+09:00,1501.0,1507.0,1490.0,1490.0,2220,0.0,0.0
2023-10-16 12:00:00+09:00,1500.0,1500.0,1489.0,1489.0,3898,0.0,0.0
2023-10-16 13:00:00+09:00,1498.0,1498.0,1490.0,1497.0,715,0.0,0.0
2023-10-16 14:00:00+09:00,1497.0,1498.0,1494.0,1497.0,2219,0.0,0.0
2023-10-17 09:00:00+09:00,1495.0,1525.0,1490.0,1521.0,7367,0.0,0.0
2023-10-17 10:00:00+09:00,1520.0,1520.0,1511.0,1514.0,104,0.0,0.0
2023-10-17 11:00:00+09:00,1515.0,1524.0,1506.0,1523.0,1341,0.0,0.0
2023-10-17 12:00:00+09:00,1518.0,1525.0,1511.0,1524.0,1644,0.0,0.0
2023-10-17 13:00:00+09:00,1524.0,1525.0,1520.0,1520.0,82,0.0,0.0
2023-10-17 14:00:00+09:00,1517.0,1522.0,1500.0,1500.0,6901,0.0,0.0
2023-10-18 09:00:00+09:00,1528.0,1544.0,1514.0,1514.0,5516,0.0,0.0
2023-10-18 10:00:00+09:00,1514.0,1519.0,1507.0,1510.0,7032,0.0,0.0
2023-10-18 11:00:00+09:00,1510.0,1516.0,1507.0,1515.0,717,0.0,0.0
2023-10-18 12:00:00+09:00,1510.0,1510.0,1505.0,1510.0,3345,0.0,0.0
2023-10-18 13:00:00+09:00,1510.0,1514.0,1490.0,1491.0,13348,0.0,0.0
2023-10-18 14:00:00+09:00,1496.0,1496.0,1480.0,1492.0,6898,0.0,0.0
2023-10-19 09:00:00+09:00,1490.0,1493.0,1458.0,1493.0,24829,0.0,0.0
2023-10-19 10:00:00+09:00,1482.0,1491.0,1480.0,1481.0,2635,0.0,0.0
2023-10-19 11:00:00+09:00,1481.0,1484.0,1461.0,1461.0,9820,0.0,0.0
2023-10-19 12:00:00+09:00,1463.0,1471.0,1458.0,1471.0,11571,0.0,0.0
2023-10-19 13:00:00+09:00,1471.0,1476.0,1410.0,1422.0,34365,0.0,0.0
2023-10-19 14:00:00+09:00,1435.0,1441.0,1428.0,1441.0,4003,0.0,0.0
2023-10-20 09:00:00+09:00,1430.0,1460.0,1412.0,1416.0,28214,0.0,0.0
2023-10-20 10:00:00+09:00,1416.0,1420.0,1412.0,1420.0,22309,0.0,0.0
2023-10-20 11:00:00+09:00,1421.0,1421.0,1414.0,1420.0,6624,0.0,0.0
2023-10-20 12:00:00+09:00,1419.0,1437.0,1415.0,1432.0,5041,0.0,0.0
2023-10-20 13:00:00+09:00,1432.0,1446.0,1430.0,1446.0,4386,0.0,0.0
2023-10-20 14:00:00+09:00,1440.0,1440.0,1419.0,1419.0,2746,0.0,0.0
2023-10-23 09:00:00+09:00,1402.0,1431.0,1402.0,1420.0,0,0.0,0.0
2023-10-23 10:00:00+09:00,1420.0,1440.0,1419.0,1437.0,11256,0.0,0.0
2023-10-23 11:00:00+09:00,1436.0,1437.0,1420.0,1433.0,783,0.0,0.0
2023-10-23 12:00:00+09:00,1432.0,1433.0,1413.0,1419.0,4860,0.0,0.0
2023-10-23 13:00:00+09:00,1419.0,1419.0,1406.0,1406.0,9123,0.0,0.0
2023-10-23 14:00:00+09:00,1405.0,1412.0,1402.0,1408.0,7105,0.0,0.0
2023-10-24 09:00:00+09:00,1402.0,1410.0,1355.0,1356.0,45668,0.0,0.0
2023-10-24 10:00:00+09:00,1362.0,1364.0,1323.0,1341.0,32047,0.0,0.0
2023-10-24 11:00:00+09:00,1333.0,1353.0,1332.0,1349.0,5449,0.0,0.0
2023-10-24 12:00:00+09:00,1349.0,1350.0,1340.0,1349.0,6409,0.0,0.0
2023-10-24 13:00:00+09:00,1345.0,1373.0,1340.0,1373.0,16337,0.0,0.0
2023-10-24 14:00:00+09:00,1370.0,1396.0,1370.0,1396.0,14605,0.0,0.0
2023-10-25 09:00:00+09:00,1434.0,1450.0,1419.0,1437.0,0,0.0,0.0
2023-10-25 10:00:00+09:00,1436.0,1438.0,1425.0,1435.0,22942,0.0,0.0
2023-10-25 11:00:00+09:00,1434.0,1435.0,1434.0,1435.0,0,0.0,0.0
2023-10-25 12:00:00+09:00,1432.0,1435.0,1423.0,1423.0,30208,0.0,0.0
2023-10-25 13:00:00+09:00,1423.0,1435.0,1416.0,1435.0,4700,0.0,0.0
2023-10-25 14:00:00+09:00,1434.0,1435.0,1417.0,1417.0,8801,0.0,0.0
2023-10-26 09:00:00+09:00,1420.0,1420.0,1365.0,1385.0,16257,0.0,0.0
2023-10-26 10:00:00+09:00,1385.0,1399.0,1385.0,1388.0,2009,0.0,0.0
2023-10-26 11:00:00+09:00,1392.0,1392.0,1381.0,1387.0,5167,0.0,0.0
2023-10-26 12:00:00+09:00,1387.0,1387.0,1381.0,1386.0,1190,0.0,0.0
2023-10-26 13:00:00+09:00,1382.0,1382.0,1365.0,1365.0,8901,0.0,0.0
2023-10-26 14:00:00+09:00,1366.0,1377.0,1360.0,1377.0,10017,0.0,0.0
2023-10-27 09:00:00+09:00,1345.0,1360.0,1321.0,1321.0,0,0.0,0.0
2023-10-27 10:00:00+09:00,1322.0,1339.0,1313.0,1339.0,38290,0.0,0.0
2023-10-27 11:00:00+09:00,1339.0,1353.0,1335.0,1350.0,5332,0.0,0.0
2023-10-27 12:00:00+09:00,1342.0,1349.0,1338.0,1340.0,8287,0.0,0.0
2023-10-27 13:00:00+09:00,1340.0,1344.0,1335.0,1343.0,10480,0.0,0.0
2023-10-27 14:00:00+09:00,1338.0,1341.0,1331.0,1334.0,2063,0.0,0.0
2023-10-30 09:00:00+09:00,1341.0,1360.0,1321.0,1349.0,0,0.0,0.0
2023-10-30 10:00:00+09:00,1352.0,1375.0,1348.0,1375.0,7000,0.0,0.0
2023-10-30 11:00:00+09:00,1370.0,1374.0,1330.0,1362.0,7904,0.0,0.0
2023-10-30 12:00:00+09:00,1362.0,1373.0,1359.0,1371.0,4366,0.0,0.0
2023-10-30 13:00:00+09:00,1373.0,1373.0,1369.0,1370.0,586,0.0,0.0
2023-10-30 14:00:00+09:00,1370.0,1370.0,1358.0,1363.0,2765,0.0,0.0
2023-10-31 09:00:00+09:00,1376.0,1378.0,1359.0,1359.0,10594,0.0,0.0
2023-10-31 10:00:00+09:00,1359.0,1366.0,1359.0,1366.0,1431,0.0,0.0
2023-10-31 11:00:00+09:00,1366.0,1370.0,1262.0,1338.0,38490,0.0,0.0
2023-10-31 12:00:00+09:00,1338.0,1356.0,1330.0,1332.0,4687,0.0,0.0
2023-10-31 13:00:00+09:00,1333.0,1334.0,1309.0,1318.0,10756,0.0,0.0
2023-10-31 14:00:00+09:00,1319.0,1331.0,1317.0,1331.0,5890,0.0,0.0
2023-11-01 09:00:00+09:00,1329.0,1375.0,1329.0,1368.0,7229,0.0,0.0
2023-11-01 10:00:00+09:00,1368.0,1368.0,1363.0,1367.0,1927,0.0,0.0
2023-11-01 11:00:00+09:00,1365.0,1367.0,1360.0,1367.0,2438,0.0,0.0
2023-11-01 12:00:00+09:00,1367.0,1367.0,1362.0,1367.0,1672,0.0,0.0
2023-11-01 13:00:00+09:00,1364.0,1367.0,1363.0,1366.0,3390,0.0,0.0
2023-11-01 14:00:00+09:00,1364.0,1366.0,1354.0,1366.0,7596,0.0,0.0
2023-11-02 09:00:00+09:00,1366.0,1390.0,1366.0,1389.0,9773,0.0,0.0
2023-11-02 10:00:00+09:00,1389.0,1395.0,1386.0,1391.0,14483,0.0,0.0
2023-11-02 11:00:00+09:00,1392.0,1395.0,1386.0,1395.0,3171,0.0,0.0
2023-11-02 12:00:00+09:00,1392.0,1414.0,1392.0,1402.0,3538,0.0,0.0
2023-11-02 13:00:00+09:00,1403.0,1414.0,1403.0,1413.0,11359,0.0,0.0
2023-11-02 14:00:00+09:00,1413.0,1414.0,1405.0,1407.0,3501,0.0,0.0
2023-11-03 09:00:00+09:00,1419.0,1431.0,1398.0,1419.0,8147,0.0,0.0
2023-11-03 10:00:00+09:00,1419.0,1428.0,1403.0,1428.0,7509,0.0,0.0
2023-11-03 11:00:00+09:00,1421.0,1443.0,1421.0,1443.0,10189,0.0,0.0
2023-11-03 12:00:00+09:00,1442.0,1442.0,1437.0,1441.0,368,0.0,0.0
2023-11-03 13:00:00+09:00,1440.0,1441.0,1433.0,1435.0,425,0.0,0.0
2023-11-03 14:00:00+09:00,1435.0,1435.0,1426.0,1430.0,4312,0.0,0.0
2023-11-06 09:00:00+09:00,1433.0,1473.0,1433.0,1468.0,0,0.0,0.0
2023-11-06 10:00:00+09:00,1467.0,1469.0,1380.0,1453.0,23033,0.0,0.0
2023-11-06 11:00:00+09:00,1453.0,1453.0,1433.0,1443.0,16419,0.0,0.0
2023-11-06 12:00:00+09:00,1443.0,1444.0,1436.0,1444.0,5498,0.0,0.0
2023-11-06 13:00:00+09:00,1444.0,1448.0,1442.0,1443.0,1710,0.0,0.0
2023-11-06 14:00:00+09:00,1447.0,1448.0,1435.0,1447.0,8265,0.0,0.0
2023-11-07 09:00:00+09:00,1436.0,1480.0,1434.0,1450.0,21525,0.0,0.0
2023-11-07 10:00:00+09:00,1462.0,1464.0,1446.0,1457.0,1410,0.0,0.0
2023-11-07 11:00:00+09:00,1459.0,1459.0,1433.0,1450.0,2366,0.0,0.0
2023-11-07 12:00:00+09:00,1451.0,1451.0,1428.0,1450.0,10966,0.0,0.0
2023-11-07 13:00:00+09:00,1447.0,1450.0,1428.0,1448.0,5651,0.0,0.0
2023-11-07 14:00:00+09:00,1448.0,1448.0,1435.0,1447.0,3485,0.0,0.0
2023-11-08 09:00:00+09:00,1460.0,1463.0,1446.0,1456.0,4377,0.0,0.0
2023-11-08 10:00:00+09:00,1456.0,1461.0,1448.0,1460.0,7542,0.0,0.0
2023-11-08 11:00:00+09:00,1460.0,1470.0,1456.0,1468.0,13131,0.0,0.0
2023-11-08 12:00:00+09:00,1467.0,1471.0,1457.0,1471.0,6502,0.0,0.0
2023-11-08 13:00:00+09:00,1470.0,1471.0,1460.0,1465.0,971,0.0,0.0
2023-11-08 14:00:00+09:00,1464.0,1465.0,1460.0,1465.0,4941,0.0,0.0
2023-11-09 09:00:00+09:00,1448.0,1448.0,1401.0,1423.0,11560,0.0,0.0
2023-11-09 10:00:00+09:00,1407.0,1437.0,1395.0,1436.0,26700,0.0,0.0
2023-11-09 11:00:00+09:00,1436.0,1437.0,1434.0,1437.0,1142,0.0,0.0
2023-11-09 12:00:00+09:00,1435.0,1437.0,1433.0,1437.0,1041,0.0,0.0
2023-11-09 13:00:00+09:00,1436.0,1437.0,1433.0,1435.0,1201,0.0,0.0
2023-11-09 14:00:00+09:00,1434.0,1435.0,1425.0,1430.0,3975,0.0,0.0
2023-11-10 09:00:00+09:00,1420.0,1420.0,1386.0,1394.0,4990,0.0,0.0
2023-11-10 10:00:00+09:00,1394.0,1411.0,1394.0,1396.0,2609,0.0,0.0
2023-11-10 11:00:00+09:00,1400.0,1409.0,1384.0,1391.0,9714,0.0,0.0
2023-11-10 12:00:00+09:00,1385.0,1389.0,1380.0,1384.0,4945,0.0,0.0
2023-11-10 13:00:00+09:00,1387.0,1388.0,1387.0,1388.0,6046,0.0,0.0
2023-11-10 14:00:00+09:00,1388.0,1398.0,1385.0,1397.0,6956,0.0,0.0
2023-11-13 09:00:00+09:00,1380.0,1400.0,1370.0,1383.0,0,0.0,0.0
2023-11-13 10:00:00+09:00,1381.0,1387.0,1351.0,1376.0,5166,0.0,0.0
2023-11-13 11:00:00+09:00,1377.0,1377.0,1360.0,1361.0,22748,0.0,0.0
2023-11-13 12:00:00+09:00,1370.0,1373.0,1360.0,1372.0,4775,0.0,0.0
2023-11-13 13:00:00+09:00,1372.0,1384.0,1371.0,1383.0,4248,0.0,0.0
2023-11-13 14:00:00+09:00,1384.0,1384.0,1376.0,1384.0,2807,0.0,0.0
2023-11-14 09:00:00+09:00,1333.0,1390.0,1333.0,1389.0,4244,0.0,0.0
2023-11-14 10:00:00+09:00,1389.0,1400.0,1386.0,1396.0,6294,0.0,0.0
2023-11-14 11:00:00+09:00,1394.0,1394.0,1386.0,1391.0,977,0.0,0.0
2023-11-14 12:00:00+09:00,1391.0,1391.0,1351.0,1380.0,22657,0.0,0.0
2023-11-14 13:00:00+09:00,1380.0,1381.0,1377.0,1381.0,5021,0.0,0.0
2023-11-14 14:00:00+09:00,1379.0,1381.0,1379.0,1381.0,383,0.0,0.0
2023-11-15 09:00:00+09:00,1399.0,1450.0,1399.0,1433.0,31047,0.0,0.0
2023-11-15 10:00:00+09:00,1434.0,1434.0,1406.0,1420.0,4481,0.0,0.0
2023-11-15 11:00:00+09:00,1419.0,1438.0,1419.0,1438.0,7342,0.0,0.0
2023-11-15 12:00:00+09:00,1437.0,1438.0,1432.0,1432.0,2402,0.0,0.0
2023-11-15 13:00:00+09:00,1433.0,1434.0,1410.0,1423.0,27958,0.0,0.0
2023-11-15 14:00:00+09:00,1422.0,1438.0,1422.0,1427.0,10389,0.0,0.0
2023-11-16 10:00:00+09:00,1418.0,1500.0,1371.0,1403.0,69071,0.0,0.0
2023-11-16 11:00:00+09:00,1398.0,1400.0,1386.0,1397.0,11324,0.0,0.0
2023-11-16 12:00:00+09:00,1399.0,1402.0,1393.0,1393.0,7165,0.0,0.0
2023-11-16 13:00:00+09:00,1399.0,1435.0,1393.0,1406.0,4768,0.0,0.0
2023-11-16 14:00:00+09:00,1406.0,1413.0,1405.0,1412.0,530,0.0,0.0
2023-11-17 09:00:00+09:00,1407.0,1407.0,1380.0,1395.0,6282,0.0,0.0
2023-11-17 10:00:00+09:00,1396.0,1401.0,1390.0,1401.0,2530,0.0,0.0
2023-11-17 11:00:00+09:00,1393.0,1406.0,1390.0,1404.0,6381,0.0,0.0
2023-11-17 12:00:00+09:00,1399.0,1399.0,1398.0,1399.0,770,0.0,0.0
2023-11-17 13:00:00+09:00,1400.0,1402.0,1399.0,1399.0,3990,0.0,0.0
2023-11-17 14:00:00+09:00,1399.0,1399.0,1390.0,1395.0,5504,0.0,0.0
2023-11-20 09:00:00+09:00,1390.0,1391.0,1382.0,1389.0,0,0.0,0.0
2023-11-20 10:00:00+09:00,1390.0,1392.0,1387.0,1392.0,8120,0.0,0.0
2023-11-20 11:00:00+09:00,1392.0,1394.0,1387.0,1392.0,6323,0.0,0.0
2023-11-20 12:00:00+09:00,1392.0,1406.0,1392.0,1404.0,2531,0.0,0.0
2023-11-20 13:00:00+09:00,1404.0,1405.0,1399.0,1400.0,1418,0.0,0.0
2023-11-20 14:00:00+09:00,1399.0,1400.0,1387.0,1392.0,13135,0.0,0.0
2023-11-21 09:00:00+09:00,1390.0,1434.0,1389.0,1395.0,21293,0.0,0.0
2023-11-21 10:00:00+09:00,1407.0,1424.0,1403.0,1424.0,4553,0.0,0.0
2023-11-21 11:00:00+09:00,1424.0,1425.0,1409.0,1419.0,4009,0.0,0.0
2023-11-21 12:00:00+09:00,1419.0,1419.0,1410.0,1416.0,308,0.0,0.0
2023-11-21 13:00:00+09:00,1416.0,1418.0,1414.0,1417.0,577,0.0,0.0
2023-11-21 14:00:00+09:00,1417.0,1424.0,1417.0,1423.0,4631,0.0,0.0
2023-11-22 09:00:00+09:00,1417.0,1420.0,1400.0,1417.0,5127,0.0,0.0
2023-11-22 10:00:00+09:00,1417.0,1423.0,1417.0,1422.0,3436,0.0,0.0
2023-11-22 11:00:00+09:00,1422.0,1422.0,1401.0,1412.0,8193,0.0,0.0
2023-11-22 12:00:00+09:00,1411.0,1416.0,1411.0,1416.0,4037,0.0,0.0
2023-11-22 13:00:00+09:00,1415.0,1425.0,1413.0,1425.0,2421,0.0,0.0
2023-11-22 14:00:00+09:00,1420.0,1425.0,1418.0,1424.0,15355,0.0,0.0
2023-11-23 09:00:00+09:00,1450.0,1450.0,1421.0,1433.0,6933,0.0,0.0
2023-11-23 10:00:00+09:00,1433.0,1434.0,1429.0,1434.0,6016,0.0,0.0
2023-11-23 11:00:00+09:00,1431.0,1435.0,1431.0,1435.0,2209,0.0,0.0
2023-11-23 12:00:00+09:00,1435.0,1436.0,1431.0,1436.0,837,0.0,0.0
2023-11-23 13:00:00+09:00,1436.0,1436.0,1421.0,1424.0,7148,0.0,0.0
2023-11-23 14:00:00+09:00,1423.0,1428.0,1422.0,1424.0,1353,0.0,0.0
2023-11-24 09:00:00+09:00,1430.0,1430.0,1416.0,1424.0,3397,0.0,0.0
2023-11-24 10:00:00+09:00,1420.0,1425.0,1420.0,1423.0,1597,0.0,0.0
2023-11-24 11:00:00+09:00,1425.0,1425.0,1388.0,1416.0,31745,0.0,0.0
2023-11-24 12:00:00+09:00,1416.0,1425.0,1411.0,1424.0,815,0.0,0.0
2023-11-24 13:00:00+09:00,1423.0,1423.0,1401.0,1401.0,2674,0.0,0.0
2023-11-24 14:00:00+09:00,1402.0,1420.0,1402.0,1411.0,5400,0.0,0.0
2023-11-27 09:00:00+09:00,1420.0,1429.0,1407.0,1426.0,0,0.0,0.0
2023-11-27 10:00:00+09:00,1418.0,1427.0,1414.0,1416.0,3002,0.0,0.0
2023-11-27 11:00:00+09:00,1416.0,1417.0,1400.0,1407.0,4692,0.0,0.0
2023-11-27 12:00:00+09:00,1407.0,1407.0,1397.0,1400.0,3012,0.0,0.0
2023-11-27 13:00:00+09:00,1397.0,1404.0,1395.0,1404.0,3791,0.0,0.0
2023-11-27 14:00:00+09:00,1404.0,1407.0,1400.0,1406.0,7314,0.0,0.0
2023-11-28 09:00:00+09:00,1420.0,1420.0,1386.0,1403.0,18531,0.0,0.0
2023-11-28 10:00:00+09:00,1403.0,1403.0,1386.0,1402.0,7323,0.0,0.0
2023-11-28 11:00:00+09:00,1400.0,1400.0,1390.0,1395.0,864,0.0,0.0
2023-11-28 12:00:00+09:00,1393.0,1400.0,1388.0,1397.0,3760,0.0,0.0
2023-11-28 13:00:00+09:00,1397.0,1398.0,1380.0,1388.0,9296,0.0,0.0
2023-11-28 14:00:00+09:00,1388.0,1388.0,1376.0,1380.0,9608,0.0,0.0
2023-11-29 09:00:00+09:00,1379.0,1379.0,1366.0,1376.0,18212,0.0,0.0
2023-11-29 10:00:00+09:00,1376.0,1376.0,1371.0,1374.0,1525,0.0,0.0
2023-11-29 11:00:00+09:00,1373.0,1375.0,1370.0,1373.0,5034,0.0,0.0
2023-11-29 12:00:00+09:00,1371.0,1371.0,1368.0,1369.0,1663,0.0,0.0
2023-11-29 13:00:00+09:00,1369.0,1370.0,1362.0,1368.0,10937,0.0,0.0
2023-11-29 14:00:00+09:00,1367.0,1370.0,1360.0,1363.0,6486,0.0,0.0
2023-11-30 09:00:00+09:00,1354.0,1378.0,1352.0,1376.0,6895,0.0,0.0
2023-11-30 10:00:00+09:00,1368.0,1370.0,1355.0,1370.0,6936,0.0,0.0
2023-11-30 11:00:00+09:00,1366.0,1370.0,1357.0,1368.0,5665,0.0,0.0
2023-11-30 12:00:00+09:00,1367.0,1367.0,1350.0,1364.0,12014,0.0,0.0
2023-11-30 13:00:00+09:00,1363.0,1363.0,1360.0,1363.0,602,0.0,0.0
2023-11-30 14:00:00+09:00,1363.0,1363.0,1353.0,1359.0,3897,0.0,0.0
2023-12-01 09:00:00+09:00,1358.0,1358.0,1330.0,1338.0,5564,0.0,0.0
2023-12-01 10:00:00+09:00,1338.0,1344.0,1337.0,1340.0,8012,0.0,0.0
2023-12-01 11:00:00+09:00,1339.0,1341.0,1337.0,1338.0,4045,0.0,0.0
2023-12-01 12:00:00+09:00,1338.0,1338.0,1336.0,1338.0,2917,0.0,0.0
2023-12-01 13:00:00+09:00,1337.0,1347.0,1337.0,1347.0,6740,0.0,0.0
2023-12-01 14:00:00+09:00,1346.0,1347.0,1340.0,1346.0,1329,0.0,0.0
2023-12-04 09:00:00+09:00,1329.0,1335.0,1316.0,1333.0,0,0.0,0.0
2023-12-04 10:00:00+09:00,1334.0,1340.0,1326.0,1340.0,12397,0.0,0.0
2023-12-04 11:00:00+09:00,1338.0,1338.0,1332.0,1333.0,3483,0.0,0.0
2023-12-04 12:00:00+09:00,1333.0,1334.0,1332.0,1333.0,3290,0.0,0.0
2023-12-04 13:00:00+09:00,1333.0,1335.0,1331.0,1335.0,2082,0.0,0.0
2023-12-04 14:00:00+09:00,1335.0,1337.0,1331.0,1337.0,10270,0.0,0.0
2023-12-05 09:00:00+09:00,1332.0,1340.0,1324.0,1340.0,11714,0.0,0.0
2023-12-05 10:00:00+09:00,1333.0,1340.0,1333.0,1334.0,1813,0.0,0.0
2023-12-05 11:00:00+09:00,1335.0,1335.0,1331.0,1331.0,4338,0.0,0.0
2023-12-05 12:00:00+09:00,1334.0,1343.0,1331.0,1343.0,6524,0.0,0.0
2023-12-05 13:00:00+09:00,1345.0,1349.0,1339.0,1341.0,2111,0.0,0.0
2023-12-05 14:00:00+09:00,1341.0,1354.0,1341.0,1349.0,11731,0.0,0.0
2023-12-06 09:00:00+09:00,1345.0,1354.0,1345.0,1350.0,5844,0.0,0.0
2023-12-06 10:00:00+09:00,1351.0,1400.0,1351.0,1381.0,4877,0.0,0.0
2023-12-06 11:00:00+09:00,1381.0,1381.0,1365.0,1365.0,1653,0.0,0.0
2023-12-06 12:00:00+09:00,1365.0,1367.0,1358.0,1365.0,1271,0.0,0.0
2023-12-06 13:00:00+09:00,1364.0,1368.0,1357.0,1358.0,1839,0.0,0.0
2023-12-06 14:00:00+09:00,1358.0,1365.0,1331.0,1355.0,20664,0.0,0.0
2023-12-07 09:00:00+09:00,1385.0,1385.0,1345.0,1378.0,5930,0.0,0.0
2023-12-07 10:00:00+09:00,1379.0,1392.0,1365.0,1389.0,6855,0.0,0.0
2023-12-07 11:00:00+09:00,1389.0,1392.0,1375.0,1390.0,1337,0.0,0.0
2023-12-07 12:00:00+09:00,1386.0,1388.0,1380.0,1388.0,3207,0.0,0.0
2023-12-07 13:00:00+09:00,1380.0,1388.0,1380.0,1386.0,584,0.0,0.0
2023-12-07 14:00:00+09:00,1386.0,1386.0,1375.0,1385.0,4524,0.0,0.0
2023-12-08 09:00:00+09:00,1350.0,1396.0,1350.0,1396.0,6411,0.0,0.0
2023-12-08 10:00:00+09:00,1394.0,1396.0,1387.0,1387.0,0,0.0,0.0
2023-12-08 11:00:00+09:00,1390.0,1390.0,1380.0,1385.0,10989,0.0,0.0
2023-12-08 12:00:00+09:00,1380.0,1385.0,1379.0,1384.0,754,0.0,0.0
2023-12-08 13:00:00+09:00,1382.0,1385.0,1376.0,1382.0,3674,0.0,0.0
2023-12-08 14:00:00+09:00,1380.0,1381.0,1365.0,1373.0,6613,0.0,0.0
2023-12-11 09:00:00+09:00,1372.0,1380.0,1368.0,1370.0,0,0.0,0.0
2023-12-11 10:00:00+09:00,1370.0,1380.0,1366.0,1372.0,9797,0.0,0.0
2023-12-11 11:00:00+09:00,1380.0,1380.0,1366.0,1376.0,2598,0.0,0.0
2023-12-11 12:00:00+09:00,1371.0,1375.0,1370.0,1375.0,455,0.0,0.0
2023-12-11 13:00:00+09:00,1374.0,1375.0,1369.0,1371.0,849,0.0,0.0
2023-12-11 14:00:00+09:00,1371.0,1374.0,1368.0,1371.0,3854,0.0,0.0
2023-12-12 09:00:00+09:00,1364.0,1377.0,1364.0,1376.0,5438,0.0,0.0
2023-12-12 10:00:00+09:00,1376.0,1378.0,1374.0,1378.0,3277,0.0,0.0
2023-12-12 11:00:00+09:00,1378.0,1380.0,1377.0,1379.0,1584,0.0,0.0
2023-12-12 12:00:00+09:00,1379.0,1379.0,1375.0,1378.0,3817,0.0,0.0
2023-12-12 13:00:00+09:00,1378.0,1378.0,1376.0,1376.0,1853,0.0,0.0
2023-12-12 14:00:00+09:00,1377.0,1378.0,1376.0,1378.0,783,0.0,0.0
2023-12-13 09:00:00+09:00,1390.0,1390.0,1367.0,1369.0,4058,0.0,0.0
2023-12-13 10:00:00+09:00,1369.0,1377.0,1366.0,1368.0,5183,0.0,0.0
2023-12-13 11:00:00+09:00,1369.0,1370.0,1365.0,1369.0,3500,0.0,0.0
2023-12-13 12:00:00+09:00,1369.0,1369.0,1364.0,1364.0,2825,0.0,0.0
2023-12-13 13:00:00+09:00,1365.0,1368.0,1362.0,1363.0,1338,0.0,0.0
2023-12-13 14:00:00+09:00,1368.0,1368.0,1362.0,1366.0,1914,0.0,0.0
2023-12-14 09:00:00+09:00,1360.0,1365.0,1356.0,1363.0,7246,0.0,0.0
2023-12-14 10:00:00+09:00,1362.0,1372.0,1362.0,1371.0,6366,0.0,0.0
2023-12-14 11:00:00+09:00,1366.0,1371.0,1357.0,1367.0,6285,0.0,0.0
2023-12-14 12:00:00+09:00,1367.0,1367.0,1359.0,1367.0,165,0.0,0.0
2023-12-14 13:00:00+09:00,1367.0,1368.0,1365.0,1368.0,1778,0.0,0.0
2023-12-14 14:00:00+09:00,1368.0,1368.0,1359.0,1360.0,3420,0.0,0.0
2023-12-15 09:00:00+09:00,1373.0,1373.0,1350.0,1352.0,12800,0.0,0.0
2023-12-15 10:00:00+09:00,1352.0,1370.0,1351.0,1370.0,4908,0.0,0.0
2023-12-15 11:00:00+09:00,1369.0,1373.0,1366.0,1369.0,7249,0.0,0.0
2023-12-15 12:00:00+09:00,1368.0,1368.0,1356.0,1367.0,3183,0.0,0.0
2023-12-15 13:00:00+09:00,1358.0,1367.0,1356.0,1367.0,991,0.0,0.0
2023-12-15 14:00:00+09:00,1367.0,1367.0,1365.0,1366.0,130,0.0,0.0
2023-12-18 09:00:00+09:00,1356.0,1365.0,1353.0,1354.0,0,0.0,0.0
2023-12-18 10:00:00+09:00,1353.0,1362.0,1353.0,1362.0,3510,0.0,0.0
2023-12-18 11:00:00+09:00,1362.0,1362.0,1354.0,1355.0,4657,0.0,0.0
2023-12-18 12:00:00+09:00,1356.0,1356.0,1352.0,1356.0,2120,0.0,0.0
2023-12-18 13:00:00+09:00,1356.0,1359.0,1352.0,1356.0,7266,0.0,0.0
2023-12-18 14:00:00+09:00,1359.0,1359.0,1354.0,1358.0,516,0.0,0.0
2023-12-19 09:00:00+09:00,1336.0,1360.0,1336.0,1359.0,3384,0.0,0.0
2023-12-19 10:00:00+09:00,1356.0,1360.0,1346.0,1360.0,23864,0.0,0.0
2023-12-19 11:00:00+09:00,1357.0,1357.0,1353.0,1354.0,445,0.0,0.0
2023-12-19 12:00:00+09:00,1354.0,1357.0,1352.0,1357.0,12189,0.0,0.0
2023-12-19 13:00:00+09:00,1357.0,1357.0,1354.0,1357.0,2668,0.0,0.0
2023-12-19 14:00:00+09:00,1357.0,1357.0,1354.0,1357.0,1148,0.0,0.0
2023-12-20 09:00:00+09:00,1356.0,1385.0,1351.0,1376.0,18010,0.0,0.0
2023-12-20 10:00:00+09:00,1375.0,1383.0,1347.0,1347.0,14297,0.0,0.0
2023-12-20 11:00:00+09:00,1348.0,1365.0,1337.0,1365.0,5217,0.0,0.0
2023-12-20 12:00:00+09:00,1361.0,1364.0,1356.0,1357.0,972,0.0,0.0
2023-12-20 13:00:00+09:00,1357.0,1361.0,1356.0,1361.0,492,0.0,0.0
2023-12-20 14:00:00+09:00,1358.0,1361.0,1357.0,1357.0,620,0.0,0.0
2023-12-21 09:00:00+09:00,1349.0,1359.0,1336.0,1352.0,0,0.0,0.0
2023-12-21 10:00:00+09:00,1352.0,1357.0,1350.0,1352.0,7954,0.0,0.0
2023-12-21 11:00:00+09:00,1352.0,1356.0,1346.0,1346.0,5485,0.0,0.0
2023-12-21 12:00:00+09:00,1345.0,1356.0,1345.0,1356.0,3113,0.0,0.0
2023-12-21 13:00:00+09:00,1352.0,1356.0,1349.0,1356.0,510,0.0,0.0
2023-12-21 14:00:00+09:00,1350.0,1356.0,1349.0,1355.0,1872,0.0,0.0
2023-12-22 09:00:00+09:00,1356.0,1358.0,1343.0,1349.0,3578,0.0,0.0
2023-12-22 10:00:00+09:00,1350.0,1350.0,1348.0,1349.0,3450,0.0,0.0
2023-12-22 11:00:00+09:00,1349.0,1351.0,1326.0,1347.0,26834,0.0,0.0
2023-12-22 12:00:00+09:00,1335.0,1344.0,1333.0,1339.0,0,0.0,0.0
2023-12-22 13:00:00+09:00,1339.0,1340.0,1335.0,1339.0,6334,0.0,0.0
2023-12-22 14:00:00+09:00,1337.0,1344.0,1332.0,1342.0,4465,0.0,0.0
2023-12-26 09:00:00+09:00,1355.0,1355.0,1327.0,1332.0,0,0.0,0.0
2023-12-26 10:00:00+09:00,1339.0,1343.0,1330.0,1336.0,9063,0.0,0.0
2023-12-26 11:00:00+09:00,1336.0,1336.0,1332.0,1332.0,3326,0.0,0.0
2023-12-26 12:00:00+09:00,1332.0,1336.0,1329.0,1336.0,13614,0.0,0.0
2023-12-26 13:00:00+09:00,1334.0,1335.0,1329.0,1333.0,5377,0.0,0.0
2023-12-26 14:00:00+09:00,1331.0,1334.0,1328.0,1334.0,26703,0.0,0.0
2023-12-27 09:00:00+09:00,1334.0,1335.0,1319.0,1320.0,0,0.0,0.0
2023-12-27 10:00:00+09:00,1328.0,1331.0,1319.0,1330.0,56239,0.0,0.0
2023-12-27 11:00:00+09:00,1330.0,1335.0,1330.0,1330.0,8686,0.0,0.0
2023-12-27 12:00:00+09:00,1335.0,1335.0,1333.0,1335.0,1825,0.0,0.0
2023-12-27 13:00:00+09:00,1334.0,1335.0,1333.0,1333.0,6191,0.0,0.0
2023-12-27 14:00:00+09:00,1335.0,1335.0,1330.0,1334.0,4721,0.0,0.0
2023-12-28 09:00:00+09:00,1341.0,1345.0,1319.0,1337.0,24032,0.0,0.0
2023-12-28 10:00:00+09:00,1337.0,1344.0,1334.0,1341.0,2662,0.0,0.0
2023-12-28 11:00:00+09:00,1341.0,1343.0,1340.0,1343.0,4287,0.0,0.0
2023-12-28 12:00:00+09:00,1343.0,1347.0,1341.0,1347.0,6284,0.0,0.0
2023-12-28 13:00:00+09:00,1344.0,1347.0,1330.0,1347.0,11760,0.0,0.0
2023-12-28 14:00:00+09:00,1346.0,1349.0,1337.0,1348.0,8787,0.0,0.0
2024-01-02 10:00:00+09:00,1345.0,1347.0,1331.0,1346.0,8942,0.0,0.0
2024-01-02 11:00:00+09:00,1346.0,1347.0,1338.0,1346.0,3825,0.0,0.0
2024-01-02 12:00:00+09:00,1344.0,1390.0,1342.0,1356.0,16901,0.0,0.0
2024-01-02 13:00:00+09:00,1348.0,1358.0,1347.0,1350.0,3028,0.0,0.0
2024-01-02 14:00:00+09:00,1350.0,1378.0,1350.0,1372.0,21785,0.0,0.0
2024-01-03 09:00:00+09:00,1360.0,1378.0,1359.0,1373.0,12918,0.0,0.0
2024-01-03 10:00:00+09:00,1373.0,1373.0,1365.0,1372.0,2337,0.0,0.0
2024-01-03 11:00:00+09:00,1372.0,1375.0,1368.0,1375.0,4752,0.0,0.0
2024-01-03 12:00:00+09:00,1375.0,1375.0,1367.0,1371.0,10189,0.0,0.0
2024-01-03 13:00:00+09:00,1371.0,1374.0,1365.0,1374.0,7381,0.0,0.0
2024-01-03 14:00:00+09:00,1373.0,1375.0,1372.0,1375.0,5101,0.0,0.0
2024-01-04 09:00:00+09:00,1375.0,1650.0,1374.0,1528.0,2094657,0.0,0.0
2024-01-04 10:00:00+09:00,1527.0,1539.0,1465.0,1476.0,297001,0.0,0.0
2024-01-04 11:00:00+09:00,1476.0,1533.0,1471.0,1478.0,134740,0.0,0.0
2024-01-04 12:00:00+09:00,1480.0,1493.0,1468.0,1469.0,53593,0.0,0.0
2024-01-04 13:00:00+09:00,1469.0,1485.0,1460.0,1461.0,65775,0.0,0.0
2024-01-04 14:00:00+09:00,1460.0,1486.0,1452.0,1480.0,52758,0.0,0.0
2024-01-05 09:00:00+09:00,1481.0,1537.0,1464.0,1510.0,213606,0.0,0.0
2024-01-05 10:00:00+09:00,1507.0,1520.0,1467.0,1486.0,31492,0.0,0.0
2024-01-05 11:00:00+09:00,1479.0,1504.0,1474.0,1500.0,13003,0.0,0.0
2024-01-05 12:00:00+09:00,1504.0,1504.0,1489.0,1489.0,6795,0.0,0.0
2024-01-05 13:00:00+09:00,1488.0,1489.0,1472.0,1479.0,14602,0.0,0.0
2024-01-05 14:00:00+09:00,1479.0,1483.0,1472.0,1479.0,13245,0.0,0.0
2024-01-08 09:00:00+09:00,1483.0,1527.0,1473.0,1492.0,0,0.0,0.0
2024-01-08 10:00:00+09:00,1490.0,1495.0,1484.0,1490.0,20755,0.0,0.0
2024-01-08 11:00:00+09:00,1490.0,1494.0,1480.0,1488.0,8915,0.0,0.0
2024-01-08 12:00:00+09:00,1487.0,1487.0,1480.0,1480.0,15852,0.0,0.0
2024-01-08 13:00:00+09:00,1481.0,1481.0,1472.0,1474.0,18629,0.0,0.0
2024-01-08 14:00:00+09:00,1473.0,1475.0,1466.0,1475.0,11103,0.0,0.0
2024-01-09 09:00:00+09:00,1474.0,1483.0,1451.0,1451.0,39820,0.0,0.0
2024-01-09 10:00:00+09:00,1451.0,1454.0,1430.0,1445.0,28974,0.0,0.0
2024-01-09 11:00:00+09:00,1442.0,1445.0,1430.0,1430.0,61433,0.0,0.0
2024-01-09 12:00:00+09:00,1430.0,1442.0,1430.0,1440.0,16926,0.0,0.0
2024-01-09 13:00:00+09:00,1438.0,1442.0,1437.0,1440.0,5124,0.0,0.0
2024-01-09 14:00:00+09:00,1438.0,1445.0,1437.0,1443.0,14866,0.0,0.0
2024-01-10 09:00:00+09:00,1444.0,1459.0,1441.0,1459.0,21440,0.0,0.0
2024-01-10 10:00:00+09:00,1459.0,1460.0,1449.0,1459.0,18446,0.0,0.0
2024-01-10 11:00:00+09:00,1459.0,1465.0,1456.0,1464.0,7375,0.0,0.0
2024-01-10 12:00:00+09:00,1463.0,1464.0,1453.0,1457.0,7858,0.0,0.0
2024-01-10 13:00:00+09:00,1455.0,1460.0,1451.0,1458.0,3662,0.0,0.0
2024-01-10 14:00:00+09:00,1458.0,1459.0,1448.0,1457.0,7052,0.0,0.0
2024-01-11 09:00:00+09:00,1448.0,1502.0,1443.0,1488.0,55379,0.0,0.0
2024-01-11 10:00:00+09:00,1488.0,1491.0,1480.0,1484.0,17224,0.0,0.0
2024-01-11 11:00:00+09:00,1484.0,1484.0,1480.0,1483.0,1973,0.0,0.0
2024-01-11 12:00:00+09:00,1482.0,1482.0,1477.0,1480.0,8191,0.0,0.0
2024-01-11 13:00:00+09:00,1480.0,1480.0,1470.0,1470.0,5047,0.0,0.0
2024-01-11 14:00:00+09:00,1470.0,1478.0,1450.0,1464.0,7474,0.0,0.0
2024-01-12 09:00:00+09:00,1465.0,1483.0,1458.0,1458.0,10224,0.0,0.0
2024-01-12 10:00:00+09:00,1456.0,1479.0,1451.0,1469.0,12638,0.0,0.0
2024-01-12 11:00:00+09:00,1468.0,1476.0,1465.0,1470.0,3850,0.0,0.0
2024-01-12 12:00:00+09:00,1466.0,1478.0,1460.0,1475.0,4253,0.0,0.0
2024-01-12 13:00:00+09:00,1467.0,1474.0,1460.0,1471.0,3288,0.0,0.0
2024-01-12 14:00:00+09:00,1465.0,1471.0,1457.0,1465.0,11594,0.0,0.0
2024-01-15 09:00:00+09:00,1467.0,1471.0,1455.0,1469.0,0,0.0,0.0
2024-01-15 10:00:00+09:00,1469.0,1469.0,1453.0,1460.0,10849,0.0,0.0
2024-01-15 11:00:00+09:00,1454.0,1460.0,1447.0,1452.0,7057,0.0,0.0
2024-01-15 12:00:00+09:00,1452.0,1460.0,1445.0,1459.0,11425,0.0,0.0
2024-01-15 13:00:00+09:00,1450.0,1480.0,1448.0,1480.0,22360,0.0,0.0
2024-01-15 14:00:00+09:00,1479.0,1487.0,1469.0,1471.0,8057,0.0,0.0
2024-01-16 09:00:00+09:00,1482.0,1490.0,1460.0,1464.0,8263,0.0,0.0
2024-01-16 10:00:00+09:00,1461.0,1484.0,1450.0,1467.0,16225,0.0,0.0
2024-01-16 11:00:00+09:00,1466.0,1467.0,1460.0,1464.0,3580,0.0,0.0
2024-01-16 12:00:00+09:00,1464.0,1465.0,1453.0,1462.0,2931,0.0,0.0
2024-01-16 13:00:00+09:00,1462.0,1467.0,1458.0,1466.0,5437,0.0,0.0
2024-01-16 14:00:00+09:00,1466.0,1467.0,1454.0,1466.0,9483,0.0,0.0
2024-01-17 09:00:00+09:00,1474.0,1482.0,1464.0,1465.0,13302,0.0,0.0
2024-01-17 10:00:00+09:00,1464.0,1464.0,1438.0,1438.0,9136,0.0,0.0
2024-01-17 11:00:00+09:00,1453.0,1459.0,1442.0,1459.0,3390,0.0,0.0
2024-01-17 12:00:00+09:00,1449.0,1458.0,1439.0,1455.0,2639,0.0,0.0
2024-01-17 13:00:00+09:00,1453.0,1453.0,1442.0,1443.0,1535,0.0,0.0
2024-01-17 14:00:00+09:00,1442.0,1457.0,1434.0,1453.0,9616,0.0,0.0
2024-01-18 09:00:00+09:00,1550.0,1550.0,1400.0,1491.0,134911,0.0,0.0
2024-01-18 10:00:00+09:00,1490.0,1510.0,1478.0,1503.0,40635,0.0,0.0
2024-01-18 11:00:00+09:00,1503.0,1503.0,1493.0,1500.0,7559,0.0,0.0
2024-01-18 12:00:00+09:00,1494.0,1500.0,1474.0,1500.0,17158,0.0,0.0
2024-01-18 13:00:00+09:00,1500.0,1500.0,1484.0,1495.0,17068,0.0,0.0
2024-01-18 14:00:00+09:00,1489.0,1496.0,1488.0,1493.0,11746,0.0,0.0
2024-01-19 09:00:00+09:00,1493.0,1511.0,1481.0,1497.0,23953,0.0,0.0
2024-01-19 10:00:00+09:00,1497.0,1498.0,1487.0,1489.0,6313,0.0,0.0
2024-01-19 11:00:00+09:00,1489.0,1499.0,1486.0,1499.0,5820,0.0,0.0
2024-01-19 12:00:00+09:00,1499.0,1499.0,1486.0,1494.0,7207,0.0,0.0
2024-01-19 13:00:00+09:00,1494.0,1495.0,1485.0,1495.0,4036,0.0,0.0
2024-01-19 14:00:00+09:00,1493.0,1499.0,1492.0,1499.0,13914,0.0,0.0
2024-01-22 09:00:00+09:00,1510.0,1512.0,1480.0,1485.0,0,0.0,0.0
2024-01-22 10:00:00+09:00,1485.0,1488.0,1480.0,1487.0,1371,0.0,0.0
2024-01-22 11:00:00+09:00,1485.0,1487.0,1480.0,1486.0,4412,0.0,0.0
2024-01-22 12:00:00+09:00,1486.0,1486.0,1478.0,1480.0,3137,0.0,0.0
2024-01-22 13:00:00+09:00,1479.0,1488.0,1474.0,1487.0,8749,0.0,0.0
2024-01-22 14:00:00+09:00,1486.0,1487.0,1476.0,1487.0,2908,0.0,0.0
2024-01-23 09:00:00+09:00,1490.0,1500.0,1480.0,1492.0,3849,0.0,0.0
2024-01-23 10:00:00+09:00,1489.0,1492.0,1480.0,1489.0,2904,0.0,0.0
2024-01-23 11:00:00+09:00,1489.0,1489.0,1480.0,1481.0,0,0.0,0.0
2024-01-23 12:00:00+09:00,1480.0,1489.0,1477.0,1489.0,14118,0.0,0.0
2024-01-23 13:00:00+09:00,1489.0,1489.0,1483.0,1489.0,1695,0.0,0.0
2024-01-23 14:00:00+09:00,1489.0,1489.0,1483.0,1487.0,3472,0.0,0.0
2024-01-24 09:00:00+09:00,1490.0,1490.0,1480.0,1488.0,5344,0.0,0.0
2024-01-24 10:00:00+09:00,1488.0,1500.0,1481.0,1499.0,15450,0.0,0.0
2024-01-24 11:00:00+09:00,1499.0,1499.0,1492.0,1493.0,2464,0.0,0.0
2024-01-24 12:00:00+09:00,1493.0,1495.0,1489.0,1495.0,4304,0.0,0.0
2024-01-24 13:00:00+09:00,1495.0,1495.0,1491.0,1495.0,878,0.0,0.0
2024-01-24 14:00:00+09:00,1495.0,1500.0,1495.0,1499.0,23952,0.0,0.0
2024-01-25 09:00:00+09:00,1500.0,1502.0,1432.0,1493.0,31330,0.0,0.0
2024-01-25 10:00:00+09:00,1491.0,1495.0,1476.0,1477.0,2477,0.0,0.0
2024-01-25 11:00:00+09:00,1480.0,1480.0,1449.0,1466.0,11501,0.0,0.0
2024-01-25 12:00:00+09:00,1466.0,1466.0,1450.0,1466.0,6306,0.0,0.0
2024-01-25 13:00:00+09:00,1466.0,1475.0,1457.0,1470.0,3067,0.0,0.0
2024-01-25 14:00:00+09:00,1469.0,1470.0,1460.0,1466.0,1638,0.0,0.0
2024-01-26 09:00:00+09:00,1440.0,1453.0,1434.0,1445.0,12225,0.0,0.0
2024-01-26 10:00:00+09:00,1445.0,1445.0,1438.0,1438.0,4041,0.0,0.0
2024-01-26 11:00:00+09:00,1438.0,1440.0,1431.0,1440.0,5409,0.0,0.0
2024-01-26 12:00:00+09:00,1440.0,1441.0,1433.0,1435.0,5176,0.0,0.0
2024-01-26 13:00:00+09:00,1435.0,1452.0,1432.0,1439.0,33287,0.0,0.0
2024-01-26 14:00:00+09:00,1439.0,1453.0,1437.0,1445.0,6620,0.0,0.0
2024-01-29 09:00:00+09:00,1470.0,1470.0,1442.0,1465.0,0,0.0,0.0
2024-01-29 10:00:00+09:00,1464.0,1465.0,1442.0,1455.0,1321,0.0,0.0
2024-01-29 11:00:00+09:00,1456.0,1457.0,1447.0,1450.0,3238,0.0,0.0
2024-01-29 12:00:00+09:00,1450.0,1451.0,1445.0,1445.0,3319,0.0,0.0
2024-01-29 13:00:00+09:00,1445.0,1450.0,1432.0,1450.0,8809,0.0,0.0
2024-01-29 14:00:00+09:00,1434.0,1450.0,1434.0,1438.0,1947,0.0,0.0
2024-01-30 09:00:00+09:00,1440.0,1445.0,1425.0,1425.0,11589,0.0,0.0
2024-01-30 10:00:00+09:00,1425.0,1429.0,1425.0,1425.0,16646,0.0,0.0
2024-01-30 11:00:00+09:00,1428.0,1429.0,1425.0,1429.0,5089,0.0,0.0
2024-01-30 12:00:00+09:00,1428.0,1440.0,1425.0,1427.0,7726,0.0,0.0
2024-01-30 13:00:00+09:00,1432.0,1433.0,1423.0,1433.0,5591,0.0,0.0
2024-01-30 14:00:00+09:00,1432.0,1433.0,1422.0,1433.0,1039,0.0,0.0
2024-01-31 09:00:00+09:00,1422.0,1456.0,1400.0,1455.0,19194,0.0,0.0
2024-01-31 10:00:00+09:00,1455.0,1455.0,1425.0,1439.0,5315,0.0,0.0
2024-01-31 11:00:00+09:00,1439.0,1440.0,1410.0,1439.0,1965,0.0,0.0
2024-01-31 12:00:00+09:00,1439.0,1439.0,1430.0,1432.0,1248,0.0,0.0
2024-01-31 13:00:00+09:00,1429.0,1429.0,1416.0,1420.0,848,0.0,0.0
2024-01-31 14:00:00+09:00,1420.0,1420.0,1410.0,1414.0,2633,0.0,0.0
2024-02-01 09:00:00+09:00,1411.0,1411.0,1377.0,1385.0,18541,0.0,0.0
2024-02-01 10:00:00+09:00,1390.0,1430.0,1385.0,1427.0,5014,0.0,0.0
2024-02-01 11:00:00+09:00,1426.0,1426.0,1411.0,1422.0,4398,0.0,0.0
2024-02-01 12:00:00+09:00,1411.0,1422.0,1400.0,1420.0,1305,0.0,0.0
2024-02-01 13:00:00+09:00,1420.0,1420.0,1400.0,1415.0,3843,0.0,0.0
2024-02-01 14:00:00+09:00,1415.0,1424.0,1415.0,1423.0,8692,0.0,0.0
2024-02-02 09:00:00+09:00,1395.0,1425.0,1395.0,1415.0,1881,0.0,0.0
2024-02-02 10:00:00+09:00,1413.0,1420.0,1399.0,1415.0,3316,0.0,0.0
2024-02-02 11:00:00+09:00,1415.0,1415.0,1409.0,1409.0,786,0.0,0.0
2024-02-02 12:00:00+09:00,1408.0,1415.0,1403.0,1415.0,6832,0.0,0.0
2024-02-02 13:00:00+09:00,1415.0,1415.0,1402.0,1409.0,1795,0.0,0.0
2024-02-02 14:00:00+09:00,1406.0,1420.0,1402.0,1419.0,3094,0.0,0.0
2024-02-05 09:00:00+09:00,1425.0,1425.0,1401.0,1423.0,0,0.0,0.0
2024-02-05 10:00:00+09:00,1422.0,1422.0,1413.0,1413.0,0,0.0,0.0
2024-02-05 11:00:00+09:00,1419.0,1424.0,1412.0,1414.0,4949,0.0,0.0
2024-02-05 12:00:00+09:00,1423.0,1423.0,1402.0,1416.0,2120,0.0,0.0
2024-02-05 13:00:00+09:00,1416.0,1416.0,1405.0,1416.0,410,0.0,0.0
2024-02-05 14:00:00+09:00,1416.0,1417.0,1401.0,1417.0,6767,0.0,0.0
2024-02-06 09:00:00+09:00,1390.0,1406.0,1390.0,1401.0,4257,0.0,0.0
2024-02-06 10:00:00+09:00,1405.0,1406.0,1396.0,1405.0,2278,0.0,0.0
2024-02-06 11:00:00+09:00,1401.0,1406.0,1395.0,1405.0,1216,0.0,0.0
2024-02-06 12:00:00+09:00,1405.0,1405.0,1399.0,1405.0,168,0.0,0.0
2024-02-06 13:00:00+09:00,1405.0,1411.0,1400.0,1411.0,4151,0.0,0.0
2024-02-06 14:00:00+09:00,1411.0,1411.0,1405.0,1405.0,1223,0.0,0.0
2024-02-07 09:00:00+09:00,1390.0,1429.0,1390.0,1405.0,4261,0.0,0.0
2024-02-07 10:00:00+09:00,1404.0,1405.0,1397.0,1405.0,1860,0.0,0.0
2024-02-07 11:00:00+09:00,1404.0,1405.0,1404.0,1405.0,2732,0.0,0.0
2024-02-07 12:00:00+09:00,1411.0,1415.0,1405.0,1408.0,41,0.0,0.0
2024-02-07 13:00:00+09:00,1408.0,1408.0,1400.0,1403.0,1456,0.0,0.0
2024-02-07 14:00:00+09:00,1403.0,1403.0,1399.0,1401.0,3241,0.0,0.0
2024-02-08 09:00:00+09:00,1404.0,1430.0,1390.0,1392.0,11778,0.0,0.0
2024-02-08 10:00:00+09:00,1391.0,1416.0,1390.0,1397.0,13899,0.0,0.0
2024-02-08 11:00:00+09:00,1396.0,1406.0,1396.0,1398.0,3404,0.0,0.0
2024-02-08 12:00:00+09:00,1400.0,1406.0,1391.0,1400.0,8760,0.0,0.0
2024-02-08 13:00:00+09:00,1399.0,1399.0,1396.0,1399.0,329,0.0,0.0
2024-02-08 14:00:00+09:00,1399.0,1399.0,1395.0,1398.0,1868,0.0,0.0
2024-02-13 09:00:00+09:00,1398.0,1408.0,1385.0,1401.0,0,0.0,0.0
2024-02-13 10:00:00+09:00,1402.0,1403.0,1386.0,1396.0,4142,0.0,0.0
2024-02-13 11:00:00+09:00,1396.0,1396.0,1388.0,1391.0,4962,0.0,0.0
2024-02-13 12:00:00+09:00,1394.0,1396.0,1390.0,1396.0,2020,0.0,0.0
2024-02-13 13:00:00+09:00,1392.0,1400.0,1389.0,1400.0,1846,0.0,0.0
2024-02-13 14:00:00+09:00,1400.0,1400.0,1396.0,1398.0,2034,0.0,0.0
2024-02-14 09:00:00+09:00,1388.0,1396.0,1380.0,1380.0,12276,0.0,0.0
2024-02-14 10:00:00+09:00,1382.0,1384.0,1371.0,1381.0,24573,0.0,0.0
2024-02-14 11:00:00+09:00,1380.0,1385.0,1372.0,1385.0,11091,0.0,0.0
2024-02-14 12:00:00+09:00,1385.0,1396.0,1385.0,1395.0,12328,0.0,0.0
2024-02-14 13:00:00+09:00,1395.0,1396.0,1390.0,1390.0,1763,0.0,0.0
2024-02-14 14:00:00+09:00,1389.0,1395.0,1385.0,1395.0,1427,0.0,0.0
2024-02-15 09:00:00+09:00,1401.0,1405.0,1365.0,1401.0,13501,0.0,0.0
2024-02-15 10:00:00+09:00,1399.0,1401.0,1395.0,1401.0,4486,0.0,0.0
2024-02-15 11:00:00+09:00,1401.0,1405.0,1373.0,1398.0,10249,0.0,0.0
2024-02-15 12:00:00+09:00,1392.0,1398.0,1380.0,1394.0,791,0.0,0.0
2024-02-15 13:00:00+09:00,1393.0,1400.0,1380.0,1399.0,5102,0.0,0.0
2024-02-15 14:00:00+09:00,1398.0,1399.0,1390.0,1398.0,697,0.0,0.0
2024-02-16 09:00:00+09:00,1412.0,1414.0,1399.0,1405.0,13159,0.0,0.0
2024-02-16 10:00:00+09:00,1404.0,1405.0,1400.0,1401.0,2860,0.0,0.0
2024-02-16 11:00:00+09:00,1405.0,1405.0,1400.0,1405.0,1249,0.0,0.0
2024-02-16 12:00:00+09:00,1405.0,1405.0,1400.0,1405.0,301,0.0,0.0
2024-02-16 13:00:00+09:00,1404.0,1406.0,1404.0,1405.0,3546,0.0,0.0
2024-02-16 14:00:00+09:00,1404.0,1461.0,1402.0,1439.0,130374,0.0,0.0
2024-02-19 09:00:00+09:00,1437.0,1451.0,1410.0,1430.0,0,0.0,0.0
2024-02-19 10:00:00+09:00,1430.0,1430.0,1412.0,1425.0,53982,0.0,0.0
2024-02-19 11:00:00+09:00,1425.0,1425.0,1418.0,1423.0,2855,0.0,0.0
2024-02-19 12:00:00+09:00,1423.0,1423.0,1417.0,1418.0,5152,0.0,0.0
2024-02-19 13:00:00+09:00,1418.0,1418.0,1412.0,1415.0,6338,0.0,0.0
2024-02-19 14:00:00+09:00,1415.0,1420.0,1414.0,1418.0,3181,0.0,0.0
2024-02-20 09:00:00+09:00,1440.0,1440.0,1418.0,1422.0,10561,0.0,0.0
2024-02-20 10:00:00+09:00,1422.0,1423.0,1418.0,1421.0,9104,0.0,0.0
2024-02-20 11:00:00+09:00,1420.0,1420.0,1418.0,1420.0,9005,0.0,0.0
2024-02-20 12:00:00+09:00,1420.0,1434.0,1419.0,1429.0,3529,0.0,0.0
2024-02-20 13:00:00+09:00,1429.0,1434.0,1424.0,1426.0,14721,0.0,0.0
2024-02-20 14:00:00+09:00,1429.0,1429.0,1421.0,1424.0,7890,0.0,0.0
2024-02-21 09:00:00+09:00,1418.0,1420.0,1408.0,1417.0,9396,0.0,0.0
2024-02-21 10:00:00+09:00,1417.0,1419.0,1409.0,1419.0,2802,0.0,0.0
2024-02-21 11:00:00+09:00,1418.0,1420.0,1410.0,1420.0,1936,0.0,0.0
2024-02-21 12:00:00+09:00,1419.0,1420.0,1416.0,1419.0,6426,0.0,0.0
2024-02-21 13:00:00+09:00,1416.0,1419.0,1411.0,1412.0,3348,0.0,0.0
2024-02-21 14:00:00+09:00,1413.0,1413.0,1400.0,1409.0,22729,0.0,0.0
2024-02-22 09:00:00+09:00,1412.0,1420.0,1396.0,1416.0,7287,0.0,0.0
2024-02-22 10:00:00+09:00,1410.0,1416.0,1402.0,1415.0,10048,0.0,0.0
2024-02-22 11:00:00+09:00,1415.0,1415.0,1405.0,1406.0,4349,0.0,0.0
2024-02-22 12:00:00+09:00,1410.0,1415.0,1402.0,1414.0,9535,0.0,0.0
2024-02-22 13:00:00+09:00,1415.0,1416.0,1405.0,1415.0,7678,0.0,0.0
2024-02-22 14:00:00+09:00,1404.0,1417.0,1401.0,1417.0,4751,0.0,0.0
2024-02-23 09:00:00+09:00,1416.0,1420.0,1395.0,1397.0,9674,0.0,0.0
2024-02-23 10:00:00+09:00,1397.0,1405.0,1395.0,1405.0,6154,0.0,0.0
2024-02-23 11:00:00+09:00,1405.0,1407.0,1405.0,1407.0,306,0.0,0.0
2024-02-23 12:00:00+09:00,1405.0,1407.0,1398.0,1406.0,2030,0.0,0.0
2024-02-23 13:00:00+09:00,1406.0,1406.0,1400.0,1406.0,271,0.0,0.0
2024-02-23 14:00:00+09:00,1405.0,1405.0,1400.0,1400.0,766,0.0,0.0
2024-02-26 09:00:00+09:00,1399.0,1400.0,1380.0,1390.0,0,0.0,0.0
2024-02-26 10:00:00+09:00,1390.0,1390.0,1383.0,1389.0,3730,0.0,0.0
2024-02-26 11:00:00+09:00,1389.0,1390.0,1383.0,1390.0,3222,0.0,0.0
2024-02-26 12:00:00+09:00,1390.0,1390.0,1382.0,1384.0,4825,0.0,0.0
2024-02-26 13:00:00+09:00,1387.0,1390.0,1383.0,1390.0,2268,0.0,0.0
2024-02-26 14:00:00+09:00,1390.0,1390.0,1384.0,1387.0,2720,0.0,0.0
2024-02-27 09:00:00+09:00,1385.0,1390.0,1375.0,1380.0,19641,0.0,0.0
2024-02-27 10:00:00+09:00,1381.0,1381.0,1374.0,1377.0,20830,0.0,0.0
2024-02-27 11:00:00+09:00,1377.0,1377.0,1365.0,1366.0,0,0.0,0.0
2024-02-27 12:00:00+09:00,1366.0,1378.0,1365.0,1376.0,71545,0.0,0.0
2024-02-27 13:00:00+09:00,1375.0,1376.0,1371.0,1373.0,4045,0.0,0.0
2024-02-27 14:00:00+09:00,1372.0,1375.0,1365.0,1375.0,12700,0.0,0.0
2024-02-28 09:00:00+09:00,1364.0,1375.0,1364.0,1367.0,6802,0.0,0.0
2024-02-28 10:00:00+09:00,1367.0,1367.0,1356.0,1358.0,7077,0.0,0.0
2024-02-28 11:00:00+09:00,1358.0,1359.0,1354.0,1359.0,18647,0.0,0.0
2024-02-28 12:00:00+09:00,1356.0,1359.0,1354.0,1358.0,3724,0.0,0.0
2024-02-28 13:00:00+09:00,1357.0,1370.0,1355.0,1365.0,7414,0.0,0.0
2024-02-28 14:00:00+09:00,1365.0,1365.0,1358.0,1365.0,3381,0.0,0.0
2024-02-29 09:00:00+09:00,1365.0,1365.0,1350.0,1360.0,2031,0.0,0.0
2024-02-29 10:00:00+09:00,1360.0,1364.0,1359.0,1360.0,4285,0.0,0.0
2024-02-29 11:00:00+09:00,1360.0,1400.0,1360.0,1386.0,3365,0.0,0.0
2024-02-29 12:00:00+09:00,1385.0,1385.0,1368.0,1373.0,1036,0.0,0.0
2024-02-29 13:00:00+09:00,1373.0,1373.0,1369.0,1373.0,6337,0.0,0.0
2024-02-29 14:00:00+09:00,1373.0,1384.0,1366.0,1380.0,6949,0.0,0.0
2024-03-04 09:00:00+09:00,1374.0,1390.0,1363.0,1373.0,0,0.0,0.0
2024-03-04 10:00:00+09:00,1373.0,1378.0,1370.0,1377.0,2451,0.0,0.0
2024-03-04 11:00:00+09:00,1377.0,1377.0,1367.0,1374.0,5615,0.0,0.0
2024-03-04 12:00:00+09:00,1374.0,1374.0,1369.0,1374.0,1823,0.0,0.0
2024-03-04 13:00:00+09:00,1374.0,1374.0,1368.0,1374.0,3687,0.0,0.0
2024-03-04 14:00:00+09:00,1370.0,1370.0,1364.0,1369.0,9639,0.0,0.0
2024-03-05 09:00:00+09:00,1377.0,1377.0,1362.0,1376.0,2691,0.0,0.0
2024-03-05 10:00:00+09:00,1367.0,1377.0,1360.0,1374.0,8448,0.0,0.0
2024-03-05 11:00:00+09:00,1374.0,1374.0,1362.0,1372.0,1890,0.0,0.0
2024-03-05 12:00:00+09:00,1373.0,1373.0,1362.0,1366.0,1738,0.0,0.0
2024-03-05 13:00:00+09:00,1370.0,1373.0,1362.0,1370.0,3439,0.0,0.0
2024-03-05 14:00:00+09:00,1370.0,1370.0,1363.0,1369.0,5478,0.0,0.0
2024-03-06 09:00:00+09:00,1350.0,1370.0,1347.0,1362.0,6258,0.0,0.0
2024-03-06 10:00:00+09:00,1362.0,1375.0,1361.0,1375.0,6904,0.0,0.0
2024-03-06 11:00:00+09:00,1374.0,1374.0,1364.0,1371.0,162,0.0,0.0
2024-03-06 12:00:00+09:00,1370.0,1370.0,1361.0,1362.0,4674,0.0,0.0
2024-03-06 13:00:00+09:00,1361.0,1362.0,1358.0,1362.0,2666,0.0,0.0
2024-03-06 14:00:00+09:00,1362.0,1362.0,1355.0,1359.0,7960,0.0,0.0
2024-03-07 09:00:00+09:00,1360.0,1360.0,1350.0,1355.0,18097,0.0,0.0
2024-03-07 10:00:00+09:00,1354.0,1354.0,1341.0,1342.0,9930,0.0,0.0
2024-03-07 11:00:00+09:00,1345.0,1351.0,1342.0,1351.0,1174,0.0,0.0
2024-03-07 12:00:00+09:00,1345.0,1351.0,1340.0,1351.0,4036,0.0,0.0
2024-03-07 13:00:00+09:00,1349.0,1354.0,1343.0,1354.0,12217,0.0,0.0
2024-03-07 14:00:00+09:00,1354.0,1354.0,1341.0,1353.0,2676,0.0,0.0
2024-03-08 09:00:00+09:00,1346.0,1360.0,1346.0,1356.0,11698,0.0,0.0
2024-03-08 10:00:00+09:00,1356.0,1356.0,1330.0,1349.0,12418,0.0,0.0
2024-03-08 11:00:00+09:00,1347.0,1347.0,1334.0,1343.0,5807,0.0,0.0
2024-03-08 12:00:00+09:00,1343.0,1344.0,1331.0,1338.0,11476,0.0,0.0
2024-03-08 13:00:00+09:00,1338.0,1344.0,1330.0,1335.0,24857,0.0,0.0
2024-03-08 14:00:00+09:00,1332.0,1343.0,1331.0,1340.0,4364,0.0,0.0
2024-03-11 09:00:00+09:00,1349.0,1355.0,1334.0,1349.0,0,0.0,0.0
2024-03-11 10:00:00+09:00,1343.0,1343.0,1338.0,1341.0,3842,0.0,0.0
2024-03-11 11:00:00+09:00,1341.0,1345.0,1341.0,1343.0,3842,0.0,0.0
2024-03-11 12:00:00+09:00,1343.0,1345.0,1340.0,1343.0,1513,0.0,0.0
2024-03-11 13:00:00+09:00,1343.0,1343.0,1338.0,1341.0,3358,0.0,0.0
2024-03-11 14:00:00+09:00,1341.0,1359.0,1341.0,1359.0,11806,0.0,0.0
2024-03-12 09:00:00+09:00,1359.0,1365.0,1350.0,1356.0,15104,0.0,0.0
2024-03-12 10:00:00+09:00,1356.0,1356.0,1350.0,1356.0,20160,0.0,0.0
2024-03-12 11:00:00+09:00,1356.0,1356.0,1354.0,1354.0,690,0.0,0.0
2024-03-12 12:00:00+09:00,1354.0,1356.0,1352.0,1354.0,780,0.0,0.0
2024-03-12 13:00:00+09:00,1354.0,1356.0,1353.0,1356.0,6442,0.0,0.0
2024-03-12 14:00:00+09:00,1356.0,1356.0,1353.0,1355.0,631,0.0,0.0
2024-03-13 09:00:00+09:00,1352.0,1355.0,1345.0,1354.0,3194,0.0,0.0
2024-03-13 10:00:00+09:00,1354.0,1354.0,1353.0,1353.0,0,0.0,0.0
2024-03-13 11:00:00+09:00,1352.0,1352.0,1348.0,1352.0,11235,0.0,0.0
2024-03-13 12:00:00+09:00,1348.0,1352.0,1347.0,1352.0,939,0.0,0.0
2024-03-13 13:00:00+09:00,1350.0,1352.0,1346.0,1352.0,2750,0.0,0.0
2024-03-13 14:00:00+09:00,1351.0,1351.0,1347.0,1347.0,3723,0.0,0.0
2024-03-14 09:00:00+09:00,1342.0,1358.0,1342.0,1349.0,6242,0.0,0.0
2024-03-14 10:00:00+09:00,1349.0,1349.0,1340.0,1342.0,7480,0.0,0.0
2024-03-14 11:00:00+09:00,1342.0,1348.0,1341.0,1348.0,1571,0.0,0.0
2024-03-14 12:00:00+09:00,1346.0,1346.0,1340.0,1341.0,3679,0.0,0.0
2024-03-14 13:00:00+09:00,1341.0,1364.0,1339.0,1363.0,10952,0.0,0.0
2024-03-14 14:00:00+09:00,1363.0,1368.0,1351.0,1362.0,4315,0.0,0.0
2024-03-15 09:00:00+09:00,1359.0,1368.0,1342.0,1357.0,12816,0.0,0.0
2024-03-15 10:00:00+09:00,1357.0,1362.0,1357.0,1362.0,1199,0.0,0.0
2024-03-15 11:00:00+09:00,1362.0,1362.0,1346.0,1355.0,2109,0.0,0.0
2024-03-15 12:00:00+09:00,1354.0,1354.0,1345.0,1351.0,3456,0.0,0.0
2024-03-15 13:00:00+09:00,1351.0,1352.0,1346.0,1347.0,762,0.0,0.0
2024-03-15 14:00:00+09:00,1347.0,1350.0,1344.0,1349.0,4622,0.0,0.0
2024-03-18 09:00:00+09:00,1350.0,1357.0,1302.0,1343.0,11652,0.0,0.0
2024-03-18 10:00:00+09:00,1341.0,1343.0,1330.0,1334.0,12313,0.0,0.0
2024-03-18 11:00:00+09:00,1331.0,1340.0,1328.0,1335.0,2470,0.0,0.0
2024-03-18 12:00:00+09:00,1335.0,1339.0,1334.0,1334.0,2898,0.0,0.0
2024-03-18 13:00:00+09:00,1334.0,1337.0,1332.0,1337.0,1689,0.0,0.0
2024-03-18 14:00:00+09:00,1337.0,1337.0,1332.0,1333.0,2603,0.0,0.0
2024-03-19 09:00:00+09:00,1330.0,1338.0,1330.0,1335.0,6504,0.0,0.0
2024-03-19 10:00:00+09:00,1335.0,1335.0,1332.0,1332.0,6383,0.0,0.0
2024-03-19 11:00:00+09:00,1335.0,1335.0,1332.0,1334.0,376,0.0,0.0
2024-03-19 12:00:00+09:00,1334.0,1334.0,1331.0,1334.0,4050,0.0,0.0
2024-03-19 13:00:00+09:00,1332.0,1334.0,1331.0,1334.0,3079,0.0,0.0
2024-03-19 14:00:00+09:00,1334.0,1334.0,1331.0,1332.0,7361,0.0,0.0
2024-03-20 09:00:00+09:00,1340.0,1340.0,1321.0,1338.0,17781,0.0,0.0
2024-03-20 10:00:00+09:00,1338.0,1338.0,1336.0,1336.0,2458,0.0,0.0
2024-03-20 11:00:00+09:00,1337.0,1337.0,1334.0,1334.0,1725,0.0,0.0
2024-03-20 12:00:00+09:00,1336.0,1337.0,1333.0,1337.0,2137,0.0,0.0
2024-03-20 13:00:00+09:00,1337.0,1337.0,1333.0,1336.0,463,0.0,0.0
2024-03-20 14:00:00+09:00,1334.0,1336.0,1330.0,1334.0,5407,0.0,0.0
2024-03-21 09:00:00+09:00,1340.0,1394.0,1340.0,1392.0,77849,0.0,0.0
2024-03-21 10:00:00+09:00,1391.0,1429.0,1391.0,1424.0,112218,0.0,0.0
2024-03-21 11:00:00+09:00,1425.0,1590.0,1410.0,1505.0,2088032,0.0,0.0
2024-03-21 12:00:00+09:00,1505.0,1523.0,1472.0,1508.0,374567,0.0,0.0
2024-03-21 13:00:00+09:00,1508.0,1508.0,1430.0,1460.0,197333,0.0,0.0
2024-03-21 14:00:00+09:00,1460.0,1462.0,1435.0,1448.0,92068,0.0,0.0
2024-03-22 09:00:00+09:00,1468.0,1471.0,1432.0,1433.0,128354,0.0,0.0
2024-03-22 10:00:00+09:00,1434.0,1434.0,1430.0,1433.0,28562,0.0,0.0
2024-03-22 11:00:00+09:00,1434.0,1450.0,1432.0,1435.0,17116,0.0,0.0
2024-03-22 12:00:00+09:00,1435.0,1443.0,1431.0,1434.0,12718,0.0,0.0
2024-03-22 13:00:00+09:00,1434.0,1437.0,1429.0,1437.0,27158,0.0,0.0
2024-03-22 14:00:00+09:00,1435.0,1442.0,1430.0,1441.0,8514,0.0,0.0
2024-03-25 09:00:00+09:00,1474.0,1510.0,1454.0,1477.0,0,0.0,0.0
2024-03-25 10:00:00+09:00,1477.0,1492.0,1465.0,1472.0,32529,0.0,0.0
2024-03-25 11:00:00+09:00,1472.0,1483.0,1467.0,1469.0,16533,0.0,0.0
2024-03-25 12:00:00+09:00,1469.0,1471.0,1465.0,1470.0,3970,0.0,0.0
2024-03-25 13:00:00+09:00,1466.0,1483.0,1464.0,1469.0,28927,0.0,0.0
2024-03-25 14:00:00+09:00,1473.0,1473.0,1466.0,1470.0,5965,0.0,0.0
2024-03-26 09:00:00+09:00,1485.0,1485.0,1460.0,1468.0,37288,0.0,0.0
2024-03-26 10:00:00+09:00,1466.0,1470.0,1463.0,1466.0,7299,0.0,0.0
2024-03-26 11:00:00+09:00,1466.0,1467.0,1450.0,1459.0,42849,0.0,0.0
2024-03-26 12:00:00+09:00,1459.0,1461.0,1434.0,1434.0,20212,0.0,0.0
2024-03-26 13:00:00+09:00,1434.0,1446.0,1418.0,1430.0,50545,0.0,0.0
2024-03-26 14:00:00+09:00,1429.0,1430.0,1410.0,1412.0,31283,0.0,0.0
2024-03-27 09:00:00+09:00,1426.0,1444.0,1425.0,1431.0,20683,0.0,0.0
2024-03-27 10:00:00+09:00,1440.0,1461.0,1440.0,1460.0,19608,0.0,0.0
2024-03-27 11:00:00+09:00,1460.0,1461.0,1453.0,1459.0,14789,0.0,0.0
2024-03-27 12:00:00+09:00,1458.0,1463.0,1454.0,1463.0,1858,0.0,0.0
2024-03-27 13:00:00+09:00,1463.0,1463.0,1455.0,1462.0,6621,0.0,0.0
2024-03-27 14:00:00+09:00,1460.0,1460.0,1453.0,1460.0,3212,0.0,0.0
2024-03-28 09:00:00+09:00,1447.0,1468.0,1440.0,1449.0,15559,0.0,0.0
2024-03-28 10:00:00+09:00,1458.0,1458.0,1445.0,1445.0,13050,0.0,0.0
2024-03-28 11:00:00+09:00,1444.0,1453.0,1434.0,1453.0,4483,0.0,0.0
2024-03-28 12:00:00+09:00,1453.0,1453.0,1444.0,1453.0,1937,0.0,0.0
2024-03-28 13:00:00+09:00,1453.0,1453.0,1434.0,1444.0,8649,0.0,0.0
2024-03-28 14:00:00+09:00,1444.0,1450.0,1428.0,1435.0,15599,0.0,0.0
2024-03-29 09:00:00+09:00,1452.0,1452.0,1425.0,1445.0,18777,0.0,0.0
2024-03-29 10:00:00+09:00,1444.0,1444.0,1430.0,1440.0,4748,0.0,0.0
2024-03-29 11:00:00+09:00,1440.0,1440.0,1430.0,1440.0,15458,0.0,0.0
2024-03-29 12:00:00+09:00,1430.0,1439.0,1430.0,1431.0,4438,0.0,0.0
2024-03-29 13:00:00+09:00,1436.0,1446.0,1431.0,1434.0,3243,0.0,0.0
2024-03-29 14:00:00+09:00,1443.0,1443.0,1428.0,1428.0,7244,0.0,0.0
2024-04-01 09:00:00+09:00,1425.0,1440.0,1425.0,1439.0,0,0.0,0.0
2024-04-01 10:00:00+09:00,1439.0,1440.0,1435.0,1440.0,7619,0.0,0.0
2024-04-01 11:00:00+09:00,1440.0,1440.0,1435.0,1435.0,911,0.0,0.0
2024-04-01 12:00:00+09:00,1437.0,1439.0,1432.0,1439.0,5962,0.0,0.0
2024-04-01 13:00:00+09:00,1439.0,1439.0,1433.0,1439.0,2224,0.0,0.0
2024-04-01 14:00:00+09:00,1439.0,1447.0,1434.0,1446.0,19913,0.0,0.0
2024-04-02 09:00:00+09:00,1446.0,1446.0,1430.0,1439.0,9071,0.0,0.0
2024-04-02 10:00:00+09:00,1439.0,1439.0,1428.0,1433.0,9505,0.0,0.0
2024-04-02 11:00:00+09:00,1430.0,1432.0,1414.0,1425.0,45234,0.0,0.0
2024-04-02 12:00:00+09:00,1425.0,1426.0,1415.0,1423.0,5562,0.0,0.0
2024-04-02 13:00:00+09:00,1423.0,1425.0,1415.0,1423.0,4035,0.0,0.0
2024-04-02 14:00:00+09:00,1423.0,1430.0,1419.0,1427.0,4182,0.0,0.0
2024-04-03 09:00:00+09:00,1410.0,1428.0,1400.0,1413.0,14328,0.0,0.0
2024-04-03 10:00:00+09:00,1413.0,1413.0,1394.0,1397.0,7160,0.0,0.0
2024-04-03 11:00:00+09:00,1400.0,1408.0,1396.0,1406.0,3157,0.0,0.0
2024-04-03 12:00:00+09:00,1406.0,1406.0,1395.0,1397.0,4101,0.0,0.0
2024-04-03 13:00:00+09:00,1396.0,1402.0,1394.0,1397.0,10549,0.0,0.0
2024-04-03 14:00:00+09:00,1397.0,1397.0,1395.0,1396.0,4357,0.0,0.0
2024-04-04 09:00:00+09:00,1386.0,1400.0,1375.0,1380.0,12735,0.0,0.0
2024-04-04 10:00:00+09:00,1380.0,1380.0,1375.0,1377.0,6024,0.0,0.0
2024-04-04 11:00:00+09:00,1377.0,1377.0,1375.0,1376.0,4814,0.0,0.0
2024-04-04 12:00:00+09:00,1376.0,1376.0,1371.0,1373.0,5234,0.0,0.0
2024-04-04 13:00:00+09:00,1374.0,1377.0,1372.0,1372.0,6742,0.0,0.0
2024-04-04 14:00:00+09:00,1372.0,1375.0,1371.0,1372.0,5734,0.0,0.0
2024-04-05 09:00:00+09:00,1378.0,1378.0,1355.0,1362.0,6321,0.0,0.0
2024-04-05 10:00:00+09:00,1361.0,1362.0,1357.0,1357.0,1024,0.0,0.0
2024-04-05 11:00:00+09:00,1357.0,1357.0,1351.0,1351.0,5895,0.0,0.0
2024-04-05 12:00:00+09:00,1351.0,1360.0,1347.0,1354.0,17872,0.0,0.0
2024-04-05 13:00:00+09:00,1355.0,1355.0,1342.0,1351.0,2675,0.0,0.0
2024-04-05 14:00:00+09:00,1350.0,1350.0,1342.0,1345.0,15230,0.0,0.0
2024-04-08 09:00:00+09:00,1351.0,1360.0,1343.0,1351.0,0,0.0,0.0
2024-04-08 10:00:00+09:00,1351.0,1351.0,1344.0,1350.0,3606,0.0,0.0
2024-04-08 11:00:00+09:00,1350.0,1351.0,1342.0,1351.0,9800,0.0,0.0
2024-04-08 12:00:00+09:00,1351.0,1355.0,1351.0,1355.0,2240,0.0,0.0
2024-04-08 13:00:00+09:00,1345.0,1360.0,1345.0,1355.0,1246,0.0,0.0
2024-04-08 14:00:00+09:00,1355.0,1355.0,1343.0,1352.0,1479,0.0,0.0
2024-04-09 09:00:00+09:00,1337.0,1350.0,1337.0,1348.0,7067,0.0,0.0
2024-04-09 10:00:00+09:00,1348.0,1350.0,1343.0,1346.0,7395,0.0,0.0
2024-04-09 11:00:00+09:00,1346.0,1356.0,1345.0,1355.0,2038,0.0,0.0
2024-04-09 12:00:00+09:00,1355.0,1358.0,1350.0,1357.0,1653,0.0,0.0
2024-04-09 13:00:00+09:00,1358.0,1359.0,1354.0,1356.0,4584,0.0,0.0
2024-04-09 14:00:00+09:00,1356.0,1365.0,1350.0,1350.0,5562,0.0,0.0
2024-04-11 09:00:00+09:00,1350.0,1360.0,1350.0,1360.0,0,0.0,0.0
2024-04-11 10:00:00+09:00,1359.0,1360.0,1352.0,1359.0,2746,0.0,0.0
2024-04-11 11:00:00+09:00,1358.0,1372.0,1355.0,1372.0,2198,0.0,0.0
2024-04-11 12:00:00+09:00,1374.0,1374.0,1353.0,1362.0,3769,0.0,0.0
2024-04-11 13:00:00+09:00,1360.0,1362.0,1360.0,1361.0,450,0.0,0.0
2024-04-11 14:00:00+09:00,1361.0,1361.0,1352.0,1360.0,4798,0.0,0.0
2024-04-12 09:00:00+09:00,1358.0,1370.0,1358.0,1369.0,3410,0.0,0.0
2024-04-12 10:00:00+09:00,1369.0,1369.0,1358.0,1368.0,7510,0.0,0.0
2024-04-12 11:00:00+09:00,1368.0,1369.0,1362.0,1367.0,615,0.0,0.0
2024-04-12 12:00:00+09:00,1367.0,1367.0,1362.0,1365.0,1918,0.0,0.0
2024-04-12 13:00:00+09:00,1365.0,1365.0,1360.0,1365.0,3327,0.0,0.0
2024-04-12 14:00:00+09:00,1363.0,1366.0,1363.0,1366.0,373,0.0,0.0
2024-04-15 09:00:00+09:00,1360.0,1360.0,1340.0,1353.0,0,0.0,0.0
2024-04-15 10:00:00+09:00,1353.0,1360.0,1348.0,1359.0,1959,0.0,0.0
2024-04-15 11:00:00+09:00,1359.0,1359.0,1357.0,1358.0,509,0.0,0.0
2024-04-15 12:00:00+09:00,1358.0,1358.0,1349.0,1358.0,323,0.0,0.0
2024-04-15 13:00:00+09:00,1351.0,1358.0,1348.0,1349.0,965,0.0,0.0
2024-04-15 14:00:00+09:00,1358.0,1358.0,1344.0,1346.0,1784,0.0,0.0
2024-04-16 09:00:00+09:00,1332.0,1380.0,1332.0,1350.0,5038,0.0,0.0
2024-04-16 10:00:00+09:00,1349.0,1349.0,1341.0,1347.0,1671,0.0,0.0
2024-04-16 11:00:00+09:00,1341.0,1345.0,1313.0,1327.0,27658,0.0,0.0
2024-04-16 12:00:00+09:00,1327.0,1330.0,1327.0,1328.0,487,0.0,0.0
2024-04-16 13:00:00+09:00,1328.0,1329.0,1324.0,1324.0,2060,0.0,0.0
2024-04-16 14:00:00+09:00,1324.0,1324.0,1319.0,1320.0,3918,0.0,0.0
2024-04-17 09:00:00+09:00,1324.0,1338.0,1324.0,1331.0,2865,0.0,0.0
2024-04-17 10:00:00+09:00,1331.0,1334.0,1326.0,1330.0,2636,0.0,0.0
2024-04-17 11:00:00+09:00,1326.0,1330.0,1326.0,1330.0,2120,0.0,0.0
2024-04-17 12:00:00+09:00,1330.0,1334.0,1327.0,1331.0,736,0.0,0.0
2024-04-17 13:00:00+09:00,1331.0,1334.0,1320.0,1323.0,16915,0.0,0.0
2024-04-17 14:00:00+09:00,1323.0,1330.0,1323.0,1330.0,648,0.0,0.0
2024-04-18 09:00:00+09:00,1328.0,1343.0,1328.0,1343.0,9054,0.0,0.0
2024-04-18 10:00:00+09:00,1342.0,1342.0,1337.0,1338.0,6854,0.0,0.0
2024-04-18 11:00:00+09:00,1338.0,1340.0,1337.0,1340.0,705,0.0,0.0
2024-04-18 12:00:00+09:00,1340.0,1340.0,1337.0,1339.0,723,0.0,0.0
2024-04-18 13:00:00+09:00,1337.0,1340.0,1337.0,1340.0,1380,0.0,0.0
2024-04-18 14:00:00+09:00,1340.0,1345.0,1338.0,1345.0,8112,0.0,0.0
2024-04-19 09:00:00+09:00,1345.0,1354.0,1345.0,1350.0,2580,0.0,0.0
2024-04-19 10:00:00+09:00,1350.0,1355.0,1339.0,1340.0,7006,0.0,0.0
2024-04-19 11:00:00+09:00,1340.0,1340.0,1318.0,1319.0,22395,0.0,0.0
2024-04-19 12:00:00+09:00,1319.0,1320.0,1316.0,1320.0,9594,0.0,0.0
2024-04-19 13:00:00+09:00,1320.0,1330.0,1317.0,1330.0,14496,0.0,0.0
2024-04-19 14:00:00+09:00,1330.0,1330.0,1327.0,1328.0,736,0.0,0.0
2024-04-22 09:00:00+09:00,1318.0,1332.0,1317.0,1320.0,0,0.0,0.0
2024-04-22 10:00:00+09:00,1319.0,1330.0,1314.0,1330.0,9411,0.0,0.0
2024-04-22 11:00:00+09:00,1330.0,1330.0,1315.0,1328.0,3121,0.0,0.0
2024-04-22 12:00:00+09:00,1325.0,1330.0,1317.0,1328.0,3993,0.0,0.0
2024-04-22 13:00:00+09:00,1328.0,1328.0,1320.0,1327.0,266,0.0,0.0
2024-04-22 14:00:00+09:00,1327.0,1327.0,1318.0,1326.0,2068,0.0,0.0
2024-04-23 09:00:00+09:00,1330.0,1332.0,1319.0,1330.0,8175,0.0,0.0
2024-04-23 10:00:00+09:00,1330.0,1331.0,1329.0,1331.0,4477,0.0,0.0
2024-04-23 11:00:00+09:00,1331.0,1339.0,1327.0,1337.0,5462,0.0,0.0
2024-04-23 12:00:00+09:00,1337.0,1337.0,1331.0,1335.0,737,0.0,0.0
2024-04-23 13:00:00+09:00,1337.0,1337.0,1335.0,1337.0,663,0.0,0.0
2024-04-23 14:00:00+09:00,1337.0,1339.0,1335.0,1338.0,1088,0.0,0.0
2024-04-24 09:00:00+09:00,1333.0,1360.0,1331.0,1350.0,1637,0.0,0.0
2024-04-24 10:00:00+09:00,1350.0,1359.0,1348.0,1359.0,1279,0.0,0.0
2024-04-24 11:00:00+09:00,1356.0,1356.0,1348.0,1354.0,1553,0.0,0.0
2024-04-24 12:00:00+09:00,1348.0,1356.0,1348.0,1355.0,2071,0.0,0.0
2024-04-24 13:00:00+09:00,1355.0,1355.0,1352.0,1352.0,139,0.0,0.0
2024-04-24 14:00:00+09:00,1350.0,1357.0,1350.0,1357.0,3980,0.0,0.0
2024-04-25 09:00:00+09:00,1357.0,1360.0,1330.0,1344.0,10197,0.0,0.0
2024-04-25 10:00:00+09:00,1344.0,1344.0,1332.0,1333.0,1682,0.0,0.0
2024-04-25 11:00:00+09:00,1333.0,1343.0,1333.0,1343.0,768,0.0,0.0
2024-04-25 12:00:00+09:00,1343.0,1354.0,1338.0,1353.0,3231,0.0,0.0
2024-04-25 13:00:00+09:00,1353.0,1353.0,1352.0,1352.0,1328,0.0,0.0
2024-04-25 14:00:00+09:00,1352.0,1354.0,1343.0,1347.0,1257,0.0,0.0
2024-04-26 09:00:00+09:00,1345.0,1350.0,1336.0,1343.0,271,0.0,0.0
2024-04-26 10:00:00+09:00,1343.0,1343.0,1336.0,1343.0,2873,0.0,0.0
2024-04-26 11:00:00+09:00,1337.0,1343.0,1335.0,1342.0,760,0.0,0.0
2024-04-26 12:00:00+09:00,1342.0,1342.0,1335.0,1337.0,2259,0.0,0.0
2024-04-26 13:00:00+09:00,1336.0,1338.0,1336.0,1338.0,280,0.0,0.0
2024-04-26 14:00:00+09:00,1338.0,1338.0,1337.0,1337.0,186,0.0,0.0
2024-04-29 09:00:00+09:00,1335.0,1343.0,1331.0,1341.0,0,0.0,0.0
2024-04-29 10:00:00+09:00,1341.0,1342.0,1337.0,1342.0,896,0.0,0.0
2024-04-29 11:00:00+09:00,1342.0,1342.0,1338.0,1339.0,2014,0.0,0.0
2024-04-29 12:00:00+09:00,1341.0,1342.0,1339.0,1339.0,9366,0.0,0.0
2024-04-29 13:00:00+09:00,1339.0,1342.0,1339.0,1340.0,3544,0.0,0.0
2024-04-29 14:00:00+09:00,1340.0,1340.0,1337.0,1340.0,1665,0.0,0.0
2024-04-30 09:00:00+09:00,1336.0,1356.0,1336.0,1355.0,12059,0.0,0.0
2024-04-30 10:00:00+09:00,1355.0,1355.0,1347.0,1350.0,1401,0.0,0.0
2024-04-30 11:00:00+09:00,1350.0,1350.0,1340.0,1348.0,13053,0.0,0.0
2024-04-30 12:00:00+09:00,1348.0,1349.0,1348.0,1348.0,0,0.0,0.0
2024-04-30 13:00:00+09:00,1348.0,1348.0,1341.0,1341.0,4111,0.0,0.0
2024-04-30 14:00:00+09:00,1341.0,1348.0,1339.0,1347.0,5101,0.0,0.0
2024-05-02 09:00:00+09:00,1345.0,1360.0,1343.0,1350.0,0,0.0,0.0
2024-05-02 10:00:00+09:00,1344.0,1350.0,1344.0,1350.0,625,0.0,0.0
2024-05-02 11:00:00+09:00,1350.0,1358.0,1350.0,1351.0,3553,0.0,0.0
2024-05-02 12:00:00+09:00,1353.0,1358.0,1353.0,1357.0,6813,0.0,0.0
2024-05-02 13:00:00+09:00,1357.0,1360.0,1350.0,1358.0,2892,0.0,0.0
2024-05-02 14:00:00+09:00,1357.0,1360.0,1353.0,1357.0,1101,0.0,0.0
2024-05-03 09:00:00+09:00,1370.0,1370.0,1355.0,1366.0,3811,0.0,0.0
2024-05-03 10:00:00+09:00,1366.0,1366.0,1355.0,1365.0,3548,0.0,0.0
2024-05-03 11:00:00+09:00,1364.0,1364.0,1356.0,1359.0,297,0.0,0.0
2024-05-03 12:00:00+09:00,1357.0,1364.0,1357.0,1364.0,1067,0.0,0.0
2024-05-03 13:00:00+09:00,1358.0,1363.0,1358.0,1362.0,674,0.0,0.0
2024-05-03 14:00:00+09:00,1360.0,1361.0,1355.0,1361.0,3266,0.0,0.0
2024-05-07 09:00:00+09:00,1366.0,1377.0,1362.0,1370.0,0,0.0,0.0
2024-05-07 10:00:00+09:00,1370.0,1371.0,1363.0,1369.0,7060,0.0,0.0
2024-05-07 11:00:00+09:00,1365.0,1368.0,1359.0,1359.0,5204,0.0,0.0
2024-05-07 12:00:00+09:00,1362.0,1366.0,1290.0,1341.0,24388,0.0,0.0
2024-05-07 13:00:00+09:00,1341.0,1344.0,1337.0,1342.0,3859,0.0,0.0
2024-05-07 14:00:00+09:00,1340.0,1344.0,1339.0,1344.0,8967,0.0,0.0
2024-05-08 09:00:00+09:00,1350.0,1371.0,1342.0,1368.0,7162,0.0,0.0
2024-05-08 10:00:00+09:00,1368.0,1368.0,1360.0,1367.0,2088,0.0,0.0
2024-05-08 11:00:00+09:00,1367.0,1367.0,1365.0,1367.0,1117,0.0,0.0
2024-05-08 12:00:00+09:00,1368.0,1368.0,1358.0,1359.0,6432,0.0,0.0
2024-05-08 13:00:00+09:00,1359.0,1359.0,1357.0,1359.0,2035,0.0,0.0
2024-05-08 14:00:00+09:00,1359.0,1359.0,1357.0,1359.0,2458,0.0,0.0
2024-05-09 09:00:00+09:00,1354.0,1360.0,1350.0,1356.0,8133,0.0,0.0
2024-05-09 10:00:00+09:00,1355.0,1355.0,1350.0,1354.0,6251,0.0,0.0
2024-05-09 11:00:00+09:00,1354.0,1355.0,1350.0,1352.0,4247,0.0,0.0
2024-05-09 12:00:00+09:00,1350.0,1352.0,1348.0,1349.0,6692,0.0,0.0
2024-05-09 13:00:00+09:00,1349.0,1349.0,1348.0,1349.0,3430,0.0,0.0
2024-05-09 14:00:00+09:00,1349.0,1358.0,1349.0,1355.0,13393,0.0,0.0
2024-05-10 09:00:00+09:00,1369.0,1369.0,1350.0,1363.0,7956,0.0,0.0
2024-05-10 10:00:00+09:00,1363.0,1364.0,1350.0,1362.0,4849,0.0,0.0
2024-05-10 11:00:00+09:00,1364.0,1364.0,1350.0,1361.0,3084,0.0,0.0
2024-05-10 12:00:00+09:00,1361.0,1361.0,1350.0,1360.0,1289,0.0,0.0
2024-05-10 13:00:00+09:00,1360.0,1360.0,1351.0,1356.0,3392,0.0,0.0
2024-05-10 14:00:00+09:00,1356.0,1357.0,1351.0,1357.0,2432,0.0,0.0
2024-05-13 09:00:00+09:00,1356.0,1371.0,1347.0,1356.0,0,0.0,0.0
2024-05-13 10:00:00+09:00,1358.0,1358.0,1305.0,1348.0,17769,0.0,0.0
2024-05-13 11:00:00+09:00,1347.0,1348.0,1343.0,1343.0,1254,0.0,0.0
2024-05-13 12:00:00+09:00,1348.0,1348.0,1335.0,1338.0,6607,0.0,0.0
2024-05-13 13:00:00+09:00,1338.0,1345.0,1338.0,1344.0,1494,0.0,0.0
2024-05-13 14:00:00+09:00,1338.0,1344.0,1334.0,1340.0,6370,0.0,0.0
2024-05-14 09:00:00+09:00,1340.0,1359.0,1340.0,1358.0,21611,0.0,0.0
2024-05-14 10:00:00+09:00,1358.0,1358.0,1349.0,1356.0,743,0.0,0.0
2024-05-14 11:00:00+09:00,1355.0,1355.0,1347.0,1354.0,2322,0.0,0.0
2024-05-14 12:00:00+09:00,1350.0,1350.0,1345.0,1350.0,744,0.0,0.0
2024-05-14 13:00:00+09:00,1350.0,1353.0,1345.0,1351.0,970,0.0,0.0
2024-05-14 14:00:00+09:00,1351.0,1353.0,1340.0,1352.0,14043,0.0,0.0
2024-05-16 09:00:00+09:00,1356.0,1372.0,1347.0,1367.0,0,0.0,0.0
2024-05-16 10:00:00+09:00,1367.0,1367.0,1356.0,1366.0,9680,0.0,0.0
2024-05-16 11:00:00+09:00,1366.0,1367.0,1356.0,1366.0,6459,0.0,0.0
2024-05-16 12:00:00+09:00,1365.0,1366.0,1356.0,1363.0,3893,0.0,0.0
2024-05-16 13:00:00+09:00,1361.0,1361.0,1352.0,1360.0,5355,0.0,0.0
2024-05-16 14:00:00+09:00,1360.0,1363.0,1347.0,1361.0,8416,0.0,0.0
2024-05-17 09:00:00+09:00,1370.0,1370.0,1349.0,1367.0,1391,0.0,0.0
2024-05-17 10:00:00+09:00,1367.0,1372.0,1346.0,1371.0,26982,0.0,0.0
2024-05-17 11:00:00+09:00,1372.0,1372.0,1357.0,1364.0,1751,0.0,0.0
2024-05-17 12:00:00+09:00,1364.0,1370.0,1357.0,1361.0,1484,0.0,0.0
2024-05-17 13:00:00+09:00,1362.0,1362.0,1355.0,1361.0,2270,0.0,0.0
2024-05-17 14:00:00+09:00,1355.0,1362.0,1353.0,1361.0,1904,0.0,0.0
2024-05-20 09:00:00+09:00,1351.0,1364.0,1350.0,1351.0,0,0.0,0.0
2024-05-20 10:00:00+09:00,1351.0,1355.0,1350.0,1350.0,2355,0.0,0.0
2024-05-20 11:00:00+09:00,1350.0,1353.0,1348.0,1349.0,0,0.0,0.0
2024-05-20 12:00:00+09:00,1349.0,1354.0,1347.0,1351.0,20298,0.0,0.0
2024-05-20 13:00:00+09:00,1351.0,1352.0,1350.0,1350.0,1577,0.0,0.0
2024-05-20 14:00:00+09:00,1352.0,1354.0,1350.0,1354.0,3141,0.0,0.0
2024-05-21 09:00:00+09:00,1364.0,1364.0,1345.0,1350.0,5917,0.0,0.0
2024-05-21 10:00:00+09:00,1350.0,1350.0,1341.0,1342.0,4877,0.0,0.0
2024-05-21 11:00:00+09:00,1342.0,1344.0,1341.0,1343.0,1069,0.0,0.0
2024-05-21 12:00:00+09:00,1343.0,1347.0,1343.0,1346.0,499,0.0,0.0
2024-05-21 13:00:00+09:00,1346.0,1346.0,1341.0,1344.0,671,0.0,0.0
2024-05-21 14:00:00+09:00,1344.0,1346.0,1338.0,1346.0,9285,0.0,0.0
2024-05-22 09:00:00+09:00,1355.0,1359.0,1342.0,1353.0,5467,0.0,0.0
2024-05-22 10:00:00+09:00,1353.0,1358.0,1346.0,1350.0,1118,0.0,0.0
2024-05-22 11:00:00+09:00,1350.0,1359.0,1347.0,1353.0,2389,0.0,0.0
2024-05-22 12:00:00+09:00,1352.0,1352.0,1350.0,1350.0,108,0.0,0.0
2024-05-22 13:00:00+09:00,1351.0,1351.0,1346.0,1347.0,3201,0.0,0.0
2024-05-22 14:00:00+09:00,1346.0,1347.0,1345.0,1345.0,1938,0.0,0.0
2024-05-23 09:00:00+09:00,1344.0,1350.0,1340.0,1347.0,6087,0.0,0.0
2024-05-23 10:00:00+09:00,1347.0,1347.0,1342.0,1345.0,2233,0.0,0.0
2024-05-23 11:00:00+09:00,1345.0,1345.0,1339.0,1345.0,5160,0.0,0.0
2024-05-23 12:00:00+09:00,1344.0,1345.0,1338.0,1344.0,519,0.0,0.0
2024-05-23 13:00:00+09:00,1342.0,1344.0,1339.0,1339.0,8274,0.0,0.0
2024-05-23 14:00:00+09:00,1339.0,1344.0,1333.0,1344.0,13622,0.0,0.0
2024-05-24 09:00:00+09:00,1331.0,1331.0,1325.0,1331.0,4089,0.0,0.0
2024-05-24 10:00:00+09:00,1331.0,1335.0,1331.0,1335.0,2898,0.0,0.0
2024-05-24 11:00:00+09:00,1333.0,1335.0,1331.0,1331.0,590,0.0,0.0
2024-05-24 12:00:00+09:00,1333.0,1335.0,1329.0,1335.0,17828,0.0,0.0
2024-05-24 13:00:00+09:00,1335.0,1335.0,1335.0,1335.0,1346,0.0,0.0
2024-05-24 14:00:00+09:00,1339.0,1340.0,1321.0,1332.0,16462,0.0,0.0
2024-05-27 09:00:00+09:00,1313.0,1340.0,1313.0,1335.0,0,0.0,0.0
2024-05-27 10:00:00+09:00,1335.0,1336.0,1321.0,1325.0,1134,0.0,0.0
2024-05-27 11:00:00+09:00,1321.0,1325.0,1303.0,1322.0,20356,0.0,0.0
2024-05-27 12:00:00+09:00,1322.0,1324.0,1310.0,1320.0,1829,0.0,0.0
2024-05-27 13:00:00+09:00,1320.0,1320.0,1308.0,1309.0,0,0.0,0.0
2024-05-27 14:00:00+09:00,1309.0,1314.0,1303.0,1304.0,38288,0.0,0.0
2024-05-28 09:00:00+09:00,1304.0,1321.0,1304.0,1315.0,5665,0.0,0.0
2024-05-28 10:00:00+09:00,1315.0,1315.0,1313.0,1315.0,3141,0.0,0.0
2024-05-28 11:00:00+09:00,1315.0,1318.0,1312.0,1318.0,12604,0.0,0.0
2024-05-28 12:00:00+09:00,1318.0,1319.0,1316.0,1318.0,430,0.0,0.0
2024-05-28 13:00:00+09:00,1316.0,1318.0,1308.0,1318.0,13498,0.0,0.0
2024-05-28 14:00:00+09:00,1317.0,1317.0,1310.0,1316.0,1730,0.0,0.0
2024-05-29 09:00:00+09:00,1321.0,1345.0,1310.0,1336.0,5878,0.0,0.0
2024-05-29 10:00:00+09:00,1335.0,1335.0,1317.0,1332.0,2280,0.0,0.0
2024-05-29 11:00:00+09:00,1330.0,1339.0,1320.0,1332.0,2850,0.0,0.0
2024-05-29 12:00:00+09:00,1330.0,1332.0,1320.0,1328.0,1446,0.0,0.0
2024-05-29 13:00:00+09:00,1328.0,1329.0,1320.0,1326.0,1378,0.0,0.0
2024-05-29 14:00:00+09:00,1321.0,1326.0,1306.0,1322.0,3251,0.0,0.0
2024-05-30 09:00:00+09:00,1305.0,1340.0,1305.0,1317.0,4284,0.0,0.0
2024-05-30 10:00:00+09:00,1317.0,1317.0,1307.0,1317.0,7543,0.0,0.0
2024-05-30 11:00:00+09:00,1317.0,1323.0,1307.0,1322.0,871,0.0,0.0
2024-05-30 12:00:00+09:00,1321.0,1322.0,1308.0,1321.0,669,0.0,0.0
2024-05-30 13:00:00+09:00,1321.0,1321.0,1308.0,1316.0,716,0.0,0.0
2024-05-30 14:00:00+09:00,1316.0,1316.0,1315.0,1315.0,2568,0.0,0.0
2024-05-31 09:00:00+09:00,1303.0,1320.0,1303.0,1311.0,10184,0.0,0.0
2024-05-31 10:00:00+09:00,1311.0,1313.0,1303.0,1310.0,3405,0.0,0.0
2024-05-31 11:00:00+09:00,1310.0,1310.0,1303.0,1309.0,2070,0.0,0.0
2024-05-31 12:00:00+09:00,1304.0,1309.0,1304.0,1309.0,1312,0.0,0.0
2024-05-31 13:00:00+09:00,1308.0,1313.0,1305.0,1305.0,1668,0.0,0.0
2024-05-31 14:00:00+09:00,1308.0,1308.0,1305.0,1308.0,464,0.0,0.0
2024-06-03 09:00:00+09:00,1291.0,1304.0,1291.0,1303.0,0,0.0,0.0
2024-06-03 10:00:00+09:00,1303.0,1309.0,1299.0,1308.0,6442,0.0,0.0
2024-06-03 11:00:00+09:00,1309.0,1310.0,1306.0,1306.0,6956,0.0,0.0
2024-06-03 12:00:00+09:00,1307.0,1307.0,1302.0,1305.0,4479,0.0,0.0
2024-06-03 13:00:00+09:00,1305.0,1305.0,1302.0,1303.0,3646,0.0,0.0
2024-06-03 14:00:00+09:00,1305.0,1307.0,1303.0,1307.0,1595,0.0,0.0
2024-06-04 09:00:00+09:00,1310.0,1310.0,1300.0,1303.0,2802,0.0,0.0
2024-06-04 10:00:00+09:00,1303.0,1305.0,1296.0,1297.0,7669,0.0,0.0
2024-06-04 11:00:00+09:00,1297.0,1303.0,1297.0,1303.0,11781,0.0,0.0
2024-06-04 12:00:00+09:00,1300.0,1305.0,1297.0,1297.0,6038,0.0,0.0
2024-06-04 13:00:00+09:00,1297.0,1298.0,1296.0,1296.0,3696,0.0,0.0
2024-06-04 14:00:00+09:00,1296.0,1299.0,1296.0,1297.0,4560,0.0,0.0
2024-06-05 09:00:00+09:00,1299.0,1305.0,1292.0,1300.0,7667,0.0,0.0
2024-06-05 10:00:00+09:00,1300.0,1300.0,1292.0,1292.0,5591,0.0,0.0
2024-06-05 11:00:00+09:00,1291.0,1300.0,1290.0,1300.0,8206,0.0,0.0
2024-06-05 12:00:00+09:00,1293.0,1300.0,1293.0,1299.0,321,0.0,0.0
2024-06-05 13:00:00+09:00,1297.0,1299.0,1295.0,1298.0,1351,0.0,0.0
2024-06-05 14:00:00+09:00,1298.0,1299.0,1292.0,1297.0,7569,0.0,0.0
2024-06-07 09:00:00+09:00,1299.0,1305.0,1295.0,1303.0,0,0.0,0.0
2024-06-07 10:00:00+09:00,1303.0,1303.0,1297.0,1299.0,2094,0.0,0.0
2024-06-07 11:00:00+09:00,1299.0,1299.0,1297.0,1297.0,935,0.0,0.0
2024-06-07 12:00:00+09:00,1298.0,1298.0,1297.0,1298.0,375,0.0,0.0
2024-06-07 13:00:00+09:00,1298.0,1298.0,1296.0,1296.0,7719,0.0,0.0
2024-06-07 14:00:00+09:00,1296.0,1297.0,1293.0,1295.0,12651,0.0,0.0
2024-06-10 09:00:00+09:00,1295.0,1298.0,1288.0,1297.0,0,0.0,0.0
2024-06-10 10:00:00+09:00,1297.0,1305.0,1293.0,1300.0,43704,0.0,0.0
2024-06-10 11:00:00+09:00,1300.0,1304.0,1297.0,1303.0,1667,0.0,0.0
2024-06-10 12:00:00+09:00,1303.0,1303.0,1297.0,1299.0,402,0.0,0.0
2024-06-10 13:00:00+09:00,1299.0,1301.0,1297.0,1301.0,779,0.0,0.0
2024-06-10 14:00:00+09:00,1301.0,1301.0,1298.0,1299.0,1566,0.0,0.0
2024-06-11 09:00:00+09:00,1306.0,1306.0,1293.0,1299.0,4692,0.0,0.0
2024-06-11 10:00:00+09:00,1296.0,1304.0,1295.0,1300.0,3839,0.0,0.0
2024-06-11 11:00:00+09:00,1300.0,1300.0,1296.0,1299.0,746,0.0,0.0
2024-06-11 12:00:00+09:00,1299.0,1299.0,1296.0,1299.0,301,0.0,0.0
2024-06-11 13:00:00+09:00,1296.0,1299.0,1294.0,1298.0,2720,0.0,0.0
2024-06-11 14:00:00+09:00,1294.0,1298.0,1294.0,1295.0,2063,0.0,0.0
2024-06-12 09:00:00+09:00,1305.0,1305.0,1293.0,1296.0,2234,0.0,0.0
2024-06-12 10:00:00+09:00,1296.0,1299.0,1295.0,1299.0,1394,0.0,0.0
2024-06-12 11:00:00+09:00,1298.0,1299.0,1296.0,1298.0,865,0.0,0.0
2024-06-12 12:00:00+09:00,1298.0,1299.0,1296.0,1297.0,1086,0.0,0.0
2024-06-12 13:00:00+09:00,1299.0,1301.0,1299.0,1300.0,5947,0.0,0.0
2024-06-12 14:00:00+09:00,1300.0,1301.0,1297.0,1301.0,1494,0.0,0.0
2024-06-13 09:00:00+09:00,1300.0,1300.0,1295.0,1300.0,7618,0.0,0.0
2024-06-13 10:00:00+09:00,1296.0,1300.0,1296.0,1296.0,8496,0.0,0.0
2024-06-13 11:00:00+09:00,1296.0,1300.0,1295.0,1300.0,6014,0.0,0.0
2024-06-13 12:00:00+09:00,1300.0,1300.0,1295.0,1296.0,1117,0.0,0.0
2024-06-13 13:00:00+09:00,1297.0,1298.0,1297.0,1298.0,731,0.0,0.0
2024-06-13 14:00:00+09:00,1298.0,1298.0,1295.0,1297.0,2234,0.0,0.0
2024-06-14 09:00:00+09:00,1296.0,1304.0,1293.0,1298.0,5606,0.0,0.0
2024-06-14 10:00:00+09:00,1298.0,1298.0,1289.0,1289.0,7088,0.0,0.0
2024-06-14 11:00:00+09:00,1290.0,1293.0,1289.0,1293.0,2546,0.0,0.0
2024-06-14 12:00:00+09:00,1293.0,1293.0,1288.0,1292.0,5379,0.0,0.0
2024-06-14 13:00:00+09:00,1292.0,1292.0,1290.0,1292.0,661,0.0,0.0
2024-06-14 14:00:00+09:00,1292.0,1293.0,1286.0,1293.0,8866,0.0,0.0
2024-06-17 09:00:00+09:00,1288.0,1299.0,1288.0,1290.0,0,0.0,0.0
2024-06-17 10:00:00+09:00,1295.0,1295.0,1290.0,1290.0,4460,0.0,0.0
2024-06-17 11:00:00+09:00,1291.0,1292.0,1289.0,1289.0,5865,0.0,0.0
2024-06-17 12:00:00+09:00,1290.0,1292.0,1282.0,1287.0,17438,0.0,0.0
2024-06-17 13:00:00+09:00,1286.0,1286.0,1282.0,1283.0,2963,0.0,0.0
2024-06-17 14:00:00+09:00,1282.0,1283.0,1281.0,1282.0,5354,0.0,0.0
2024-06-18 09:00:00+09:00,1290.0,1290.0,1272.0,1285.0,16682,0.0,0.0
2024-06-18 10:00:00+09:00,1286.0,1286.0,1280.0,1284.0,470,0.0,0.0
2024-06-18 11:00:00+09:00,1284.0,1284.0,1271.0,1272.0,10229,0.0,0.0
2024-06-18 12:00:00+09:00,1272.0,1272.0,1270.0,1271.0,11474,0.0,0.0
2024-06-18 13:00:00+09:00,1272.0,1275.0,1270.0,1275.0,3471,0.0,0.0
2024-06-18 14:00:00+09:00,1275.0,1283.0,1274.0,1281.0,4753,0.0,0.0
2024-06-19 09:00:00+09:00,1290.0,1290.0,1276.0,1277.0,1347,0.0,0.0
2024-06-19 10:00:00+09:00,1276.0,1277.0,1269.0,1272.0,10603,0.0,0.0
2024-06-19 11:00:00+09:00,1272.0,1272.0,1269.0,1269.0,8991,0.0,0.0
2024-06-19 12:00:00+09:00,1269.0,1272.0,1269.0,1271.0,2131,0.0,0.0
2024-06-19 13:00:00+09:00,1272.0,1272.0,1269.0,1272.0,2152,0.0,0.0
2024-06-19 14:00:00+09:00,1272.0,1272.0,1268.0,1268.0,7599,0.0,0.0
2024-06-20 09:00:00+09:00,1257.0,1280.0,1253.0,1275.0,33384,0.0,0.0
2024-06-20 10:00:00+09:00,1275.0,1275.0,1266.0,1274.0,1195,0.0,0.0
2024-06-20 11:00:00+09:00,1274.0,1274.0,1267.0,1272.0,1284,0.0,0.0
2024-06-20 12:00:00+09:00,1271.0,1272.0,1258.0,1267.0,20935,0.0,0.0
2024-06-20 13:00:00+09:00,1266.0,1270.0,1266.0,1270.0,1635,0.0,0.0
2024-06-20 14:00:00+09:00,1270.0,1272.0,1270.0,1271.0,4914,0.0,0.0
2024-06-21 09:00:00+09:00,1261.0,1272.0,1257.0,1258.0,10648,0.0,0.0
2024-06-21 10:00:00+09:00,1258.0,1265.0,1257.0,1265.0,1069,0.0,0.0
2024-06-21 11:00:00+09:00,1262.0,1265.0,1258.0,1262.0,1197,0.0,0.0
2024-06-21 12:00:00+09:00,1263.0,1264.0,1263.0,1263.0,1181,0.0,0.0
2024-06-21 13:00:00+09:00,1263.0,1263.0,1262.0,1263.0,429,0.0,0.0
2024-06-21 14:00:00+09:00,1262.0,1264.0,1262.0,1263.0,4744,0.0,0.0
2024-06-24 09:00:00+09:00,1265.0,1269.0,1255.0,1269.0,0,0.0,0.0
2024-06-24 10:00:00+09:00,1257.0,1267.0,1252.0,1262.0,10428,0.0,0.0
2024-06-24 11:00:00+09:00,1262.0,1264.0,1253.0,1263.0,410,0.0,0.0
2024-06-24 12:00:00+09:00,1263.0,1263.0,1254.0,1261.0,1116,0.0,0.0
2024-06-24 13:00:00+09:00,1261.0,1263.0,1254.0,1256.0,2178,0.0,0.0
2024-06-24 14:00:00+09:00,1262.0,1262.0,1258.0,1261.0,1381,0.0,0.0
2024-06-25 09:00:00+09:00,1223.0,1250.0,1223.0,1248.0,21380,0.0,0.0
2024-06-25 10:00:00+09:00,1248.0,1248.0,1240.0,1248.0,924,0.0,0.0
2024-06-25 11:00:00+09:00,1248.0,1248.0,1240.0,1241.0,7296,0.0,0.0
2024-06-25 12:00:00+09:00,1241.0,1244.0,1240.0,1244.0,1481,0.0,0.0
2024-06-25 13:00:00+09:00,1244.0,1244.0,1241.0,1244.0,446,0.0,0.0
2024-06-25 14:00:00+09:00,1241.0,1244.0,1240.0,1244.0,2911,0.0,0.0
2024-06-26 09:00:00+09:00,1239.0,1259.0,1239.0,1252.0,3675,0.0,0.0
2024-06-26 10:00:00+09:00,1252.0,1256.0,1243.0,1254.0,1603,0.0,0.0
2024-06-26 11:00:00+09:00,1252.0,1252.0,1240.0,1240.0,6314,0.0,0.0
2024-06-26 12:00:00+09:00,1240.0,1255.0,1240.0,1246.0,1307,0.0,0.0
2024-06-26 13:00:00+09:00,1253.0,1253.0,1247.0,1248.0,4687,0.0,0.0
2024-06-26 14:00:00+09:00,1248.0,1248.0,1243.0,1244.0,9421,0.0,0.0
2024-06-27 09:00:00+09:00,1245.0,1245.0,1235.0,1243.0,11334,0.0,0.0
2024-06-27 10:00:00+09:00,1243.0,1243.0,1235.0,1238.0,2785,0.0,0.0
2024-06-27 11:00:00+09:00,1235.0,1238.0,1235.0,1238.0,3563,0.0,0.0
2024-06-27 12:00:00+09:00,1237.0,1238.0,1235.0,1235.0,3020,0.0,0.0
2024-06-27 13:00:00+09:00,1235.0,1235.0,1230.0,1235.0,6174,0.0,0.0
2024-06-27 14:00:00+09:00,1235.0,1235.0,1230.0,1233.0,2438,0.0,0.0
2024-06-28 09:00:00+09:00,1222.0,1234.0,1222.0,1232.0,2748,0.0,0.0
2024-06-28 10:00:00+09:00,1230.0,1232.0,1230.0,1232.0,2370,0.0,0.0
2024-06-28 11:00:00+09:00,1232.0,1232.0,1230.0,1230.0,173,0.0,0.0
2024-06-28 12:00:00+09:00,1230.0,1231.0,1226.0,1230.0,753,0.0,0.0
2024-06-28 13:00:00+09:00,1226.0,1230.0,1225.0,1229.0,127,0.0,0.0
2024-06-28 14:00:00+09:00,1229.0,1230.0,1228.0,1229.0,174,0.0,0.0
2024-07-01 09:00:00+09:00,1208.0,1236.0,1208.0,1220.0,7807,0.0,0.0
2024-07-01 10:00:00+09:00,1220.0,1223.0,1214.0,1223.0,2482,0.0,0.0
2024-07-01 11:00:00+09:00,1223.0,1236.0,1223.0,1233.0,3474,0.0,0.0
2024-07-01 12:00:00+09:00,1233.0,1234.0,1229.0,1233.0,3658,0.0,0.0
2024-07-01 13:00:00+09:00,1225.0,1230.0,1222.0,1230.0,5817,0.0,0.0
2024-07-01 14:00:00+09:00,1230.0,1231.0,1220.0,1225.0,1634,0.0,0.0
2024-07-02 09:00:00+09:00,1233.0,1233.0,1210.0,1221.0,4917,0.0,0.0
2024-07-02 10:00:00+09:00,1221.0,1223.0,1221.0,1222.0,4251,0.0,0.0
2024-07-02 11:00:00+09:00,1222.0,1240.0,1221.0,1238.0,45352,0.0,0.0
2024-07-02 12:00:00+09:00,1238.0,1240.0,1225.0,1236.0,4155,0.0,0.0
2024-07-02 13:00:00+09:00,1236.0,1240.0,1217.0,1220.0,43829,0.0,0.0
2024-07-02 14:00:00+09:00,1218.0,1228.0,1213.0,1228.0,14792,0.0,0.0
2024-07-03 09:00:00+09:00,1224.0,1224.0,1208.0,1219.0,10197,0.0,0.0
2024-07-03 10:00:00+09:00,1218.0,1220.0,1216.0,1219.0,940,0.0,0.0
2024-07-03 11:00:00+09:00,1218.0,1219.0,1211.0,1219.0,1278,0.0,0.0
2024-07-03 12:00:00+09:00,1217.0,1217.0,1210.0,1216.0,1195,0.0,0.0
2024-07-03 13:00:00+09:00,1214.0,1215.0,1210.0,1214.0,2042,0.0,0.0
2024-07-03 14:00:00+09:00,1213.0,1213.0,1209.0,1209.0,3747,0.0,0.0
2024-07-04 09:00:00+09:00,1215.0,1215.0,1211.0,1213.0,914,0.0,0.0
2024-07-04 10:00:00+09:00,1213.0,1213.0,1210.0,1210.0,4837,0.0,0.0
2024-07-04 11:00:00+09:00,1212.0,1212.0,1202.0,1211.0,3332,0.0,0.0
2024-07-04 12:00:00+09:00,1211.0,1211.0,1201.0,1202.0,8097,0.0,0.0
2024-07-04 13:00:00+09:00,1201.0,1211.0,1201.0,1211.0,3217,0.0,0.0
2024-07-04 14:00:00+09:00,1211.0,1211.0,1207.0,1210.0,1890,0.0,0.0
2024-07-05 09:00:00+09:00,1215.0,1215.0,1210.0,1215.0,7176,0.0,0.0
2024-07-05 10:00:00+09:00,1216.0,1216.0,1210.0,1212.0,4469,0.0,0.0
2024-07-05 11:00:00+09:00,1211.0,1216.0,1210.0,1216.0,1032,0.0,0.0
2024-07-05 12:00:00+09:00,1215.0,1216.0,1208.0,1208.0,10475,0.0,0.0
2024-07-05 13:00:00+09:00,1208.0,1210.0,1205.0,1210.0,9210,0.0,0.0
2024-07-05 14:00:00+09:00,1210.0,1210.0,1208.0,1210.0,3822,0.0,0.0
2024-07-08 09:00:00+09:00,1331.0,1566.0,1329.0,1475.0,3761918,0.0,0.0
2024-07-08 10:00:00+09:00,1477.0,1490.0,1449.0,1457.0,640237,0.0,0.0
2024-07-08 11:00:00+09:00,1456.0,1475.0,1421.0,1459.0,342790,0.0,0.0
2024-07-08 12:00:00+09:00,1459.0,1465.0,1425.0,1430.0,184887,0.0,0.0
2024-07-08 13:00:00+09:00,1430.0,1434.0,1405.0,1425.0,180679,0.0,0.0
2024-07-08 14:00:00+09:00,1425.0,1427.0,1362.0,1369.0,261319,0.0,0.0
2024-07-09 09:00:00+09:00,1344.0,1344.0,1280.0,1295.0,301787,0.0,0.0
2024-07-09 10:00:00+09:00,1295.0,1329.0,1295.0,1310.0,92288,0.0,0.0
2024-07-09 11:00:00+09:00,1310.0,1314.0,1300.0,1301.0,71299,0.0,0.0
2024-07-09 12:00:00+09:00,1301.0,1313.0,1295.0,1303.0,32793,0.0,0.0
2024-07-09 13:00:00+09:00,1303.0,1307.0,1299.0,1305.0,10775,0.0,0.0
2024-07-09 14:00:00+09:00,1306.0,1306.0,1296.0,1297.0,19698,0.0,0.0
2024-07-10 09:00:00+09:00,1311.0,1311.0,1277.0,1277.0,110498,0.0,0.0
2024-07-10 10:00:00+09:00,1277.0,1287.0,1271.0,1276.0,91304,0.0,0.0
2024-07-10 11:00:00+09:00,1276.0,1278.0,1273.0,1275.0,40642,0.0,0.0
2024-07-10 12:00:00+09:00,1273.0,1278.0,1273.0,1277.0,8428,0.0,0.0
2024-07-10 13:00:00+09:00,1276.0,1280.0,1273.0,1274.0,30143,0.0,0.0
2024-07-10 14:00:00+09:00,1274.0,1280.0,1272.0,1277.0,30760,0.0,0.0
2024-07-11 09:00:00+09:00,1288.0,1289.0,1267.0,1283.0,53794,0.0,0.0
2024-07-11 10:00:00+09:00,1283.0,1283.0,1260.0,1276.0,30956,0.0,0.0
2024-07-11 11:00:00+09:00,1276.0,1277.0,1268.0,1276.0,18353,0.0,0.0
2024-07-11 12:00:00+09:00,1273.0,1277.0,1267.0,1275.0,8988,0.0,0.0
2024-07-11 13:00:00+09:00,1274.0,1274.0,1265.0,1265.0,11240,0.0,0.0
2024-07-11 14:00:00+09:00,1265.0,1271.0,1264.0,1270.0,12178,0.0,0.0
2024-07-12 09:00:00+09:00,1271.0,1272.0,1259.0,1267.0,44242,0.0,0.0
2024-07-12 10:00:00+09:00,1259.0,1267.0,1252.0,1267.0,16993,0.0,0.0
2024-07-12 11:00:00+09:00,1267.0,1267.0,1260.0,1260.0,1787,0.0,0.0
2024-07-12 12:00:00+09:00,1260.0,1267.0,1257.0,1265.0,5521,0.0,0.0
2024-07-12 13:00:00+09:00,1267.0,1270.0,1265.0,1266.0,12314,0.0,0.0
2024-07-12 14:00:00+09:00,1266.0,1269.0,1261.0,1265.0,7403,0.0,0.0
2024-07-15 09:00:00+09:00,1261.0,1261.0,1255.0,1260.0,0,0.0,0.0
2024-07-15 10:00:00+09:00,1260.0,1265.0,1260.0,1265.0,11676,0.0,0.0
2024-07-15 11:00:00+09:00,1265.0,1268.0,1262.0,1262.0,2423,0.0,0.0
2024-07-15 12:00:00+09:00,1262.0,1271.0,1261.0,1267.0,6885,0.0,0.0
2024-07-15 13:00:00+09:00,1267.0,1271.0,1264.0,1267.0,6267,0.0,0.0
2024-07-15 14:00:00+09:00,1267.0,1269.0,1256.0,1257.0,23499,0.0,0.0
2024-07-16 09:00:00+09:00,1253.0,1257.0,1245.0,1246.0,38736,0.0,0.0
2024-07-16 10:00:00+09:00,1246.0,1249.0,1242.0,1244.0,16678,0.0,0.0
2024-07-16 11:00:00+09:00,1247.0,1256.0,1242.0,1256.0,7131,0.0,0.0
2024-07-16 12:00:00+09:00,1256.0,1285.0,1250.0,1281.0,40117,0.0,0.0
2024-07-16 13:00:00+09:00,1279.0,1280.0,1263.0,1270.0,11132,0.0,0.0
2024-07-16 14:00:00+09:00,1270.0,1272.0,1260.0,1268.0,14314,0.0,0.0
2024-07-17 09:00:00+09:00,1279.0,1279.0,1266.0,1275.0,22114,0.0,0.0
2024-07-17 10:00:00+09:00,1275.0,1275.0,1266.0,1272.0,11730,0.0,0.0
2024-07-17 11:00:00+09:00,1272.0,1272.0,1260.0,1269.0,10224,0.0,0.0
2024-07-17 12:00:00+09:00,1268.0,1272.0,1263.0,1265.0,9355,0.0,0.0
2024-07-17 13:00:00+09:00,1266.0,1270.0,1265.0,1270.0,7580,0.0,0.0
2024-07-17 14:00:00+09:00,1270.0,1270.0,1263.0,1263.0,8092,0.0,0.0
2024-07-18 09:00:00+09:00,1260.0,1260.0,1210.0,1252.0,48439,0.0,0.0
2024-07-18 10:00:00+09:00,1252.0,1252.0,1243.0,1249.0,1729,0.0,0.0
2024-07-18 11:00:00+09:00,1249.0,1251.0,1242.0,1242.0,2891,0.0,0.0
2024-07-18 12:00:00+09:00,1242.0,1247.0,1242.0,1243.0,1634,0.0,0.0
2024-07-18 13:00:00+09:00,1243.0,1243.0,1239.0,1239.0,6139,0.0,0.0
2024-07-18 14:00:00+09:00,1239.0,1239.0,1231.0,1232.0,20819,0.0,0.0
2024-07-19 09:00:00+09:00,1241.0,1241.0,1230.0,1239.0,17514,0.0,0.0
2024-07-19 10:00:00+09:00,1239.0,1242.0,1238.0,1238.0,20655,0.0,0.0
2024-07-19 11:00:00+09:00,1238.0,1238.0,1232.0,1233.0,11736,0.0,0.0
2024-07-19 12:00:00+09:00,1235.0,1241.0,1232.0,1233.0,6844,0.0,0.0
2024-07-19 13:00:00+09:00,1234.0,1240.0,1234.0,1239.0,1184,0.0,0.0
2024-07-19 14:00:00+09:00,1236.0,1240.0,1234.0,1240.0,1985,0.0,0.0
2024-07-22 09:00:00+09:00,1233.0,1233.0,1218.0,1221.0,0,0.0,0.0
2024-07-22 10:00:00+09:00,1221.0,1229.0,1221.0,1224.0,3156,0.0,0.0
2024-07-22 11:00:00+09:00,1224.0,1225.0,1224.0,1224.0,1071,0.0,0.0
2024-07-22 12:00:00+09:00,1225.0,1227.0,1222.0,1223.0,4120,0.0,0.0
2024-07-22 13:00:00+09:00,1223.0,1228.0,1222.0,1228.0,11558,0.0,0.0
2024-07-22 14:00:00+09:00,1225.0,1229.0,1225.0,1225.0,1361,0.0,0.0
2024-07-23 09:00:00+09:00,1229.0,1245.0,1229.0,1245.0,17339,0.0,0.0
2024-07-23 10:00:00+09:00,1246.0,1255.0,1231.0,1249.0,62016,0.0,0.0
2024-07-23 11:00:00+09:00,1249.0,1249.0,1236.0,1244.0,11193,0.0,0.0
2024-07-23 12:00:00+09:00,1243.0,1245.0,1239.0,1245.0,6001,0.0,0.0
2024-07-23 13:00:00+09:00,1245.0,1250.0,1240.0,1250.0,22587,0.0,0.0
2024-07-23 14:00:00+09:00,1250.0,1256.0,1249.0,1254.0,20820,0.0,0.0
2024-07-24 09:00:00+09:00,1256.0,1306.0,1256.0,1294.0,87884,0.0,0.0
2024-07-24 10:00:00+09:00,1294.0,1298.0,1280.0,1290.0,36703,0.0,0.0
2024-07-24 11:00:00+09:00,1296.0,1297.0,1253.0,1259.0,46194,0.0,0.0
2024-07-24 12:00:00+09:00,1259.0,1303.0,1258.0,1288.0,22557,0.0,0.0
2024-07-24 13:00:00+09:00,1287.0,1298.0,1279.0,1296.0,24496,0.0,0.0
2024-07-24 14:00:00+09:00,1296.0,1296.0,1288.0,1294.0,15260,0.0,0.0
2024-07-25 09:00:00+09:00,1284.0,1287.0,1259.0,1266.0,13151,0.0,0.0
2024-07-25 10:00:00+09:00,1266.0,1273.0,1263.0,1270.0,10270,0.0,0.0
2024-07-25 11:00:00+09:00,1269.0,1275.0,1263.0,1274.0,5425,0.0,0.0
2024-07-25 12:00:00+09:00,1275.0,1275.0,1269.0,1274.0,3992,0.0,0.0
2024-07-25 13:00:00+09:00,1274.0,1278.0,1261.0,1275.0,13143,0.0,0.0
2024-07-25 14:00:00+09:00,1273.0,1274.0,1261.0,1266.0,9301,0.0,0.0
2024-07-26 09:00:00+09:00,1253.0,1280.0,1250.0,1271.0,47419,0.0,0.0
2024-07-26 10:00:00+09:00,1271.0,1276.0,1266.0,1272.0,6792,0.0,0.0
2024-07-26 11:00:00+09:00,1271.0,1272.0,1265.0,1265.0,4125,0.0,0.0
2024-07-26 12:00:00+09:00,1266.0,1269.0,1266.0,1269.0,2489,0.0,0.0
2024-07-26 13:00:00+09:00,1267.0,1267.0,1259.0,1263.0,5301,0.0,0.0
2024-07-26 14:00:00+09:00,1263.0,1266.0,1255.0,1266.0,12418,0.0,0.0
2024-07-29 09:00:00+09:00,1260.0,1280.0,1255.0,1271.0,0,0.0,0.0
2024-07-29 10:00:00+09:00,1270.0,1278.0,1270.0,1275.0,8818,0.0,0.0
2024-07-29 11:00:00+09:00,1275.0,1276.0,1272.0,1272.0,7809,0.0,0.0
2024-07-29 12:00:00+09:00,1273.0,1277.0,1271.0,1276.0,6449,0.0,0.0
2024-07-29 13:00:00+09:00,1275.0,1276.0,1271.0,1276.0,5485,0.0,0.0
2024-07-29 14:00:00+09:00,1274.0,1276.0,1274.0,1276.0,7432,0.0,0.0
2024-07-30 09:00:00+09:00,1286.0,1310.0,1275.0,1287.0,28887,0.0,0.0
2024-07-30 10:00:00+09:00,1285.0,1291.0,1273.0,1280.0,8615,0.0,0.0
2024-07-30 11:00:00+09:00,1280.0,1286.0,1277.0,1284.0,2043,0.0,0.0
2024-07-30 12:00:00+09:00,1284.0,1285.0,1275.0,1276.0,6572,0.0,0.0
2024-07-30 13:00:00+09:00,1276.0,1281.0,1274.0,1274.0,2574,0.0,0.0
2024-07-30 14:00:00+09:00,1276.0,1280.0,1273.0,1280.0,7271,0.0,0.0
2024-07-31 09:00:00+09:00,1280.0,1280.0,1265.0,1274.0,8594,0.0,0.0
2024-07-31 10:00:00+09:00,1274.0,1274.0,1264.0,1264.0,4936,0.0,0.0
2024-07-31 11:00:00+09:00,1264.0,1280.0,1264.0,1279.0,6124,0.0,0.0
2024-07-31 12:00:00+09:00,1277.0,1277.0,1270.0,1270.0,1329,0.0,0.0
2024-07-31 13:00:00+09:00,1270.0,1276.0,1268.0,1269.0,2113,0.0,0.0
2024-07-31 14:00:00+09:00,1269.0,1276.0,1269.0,1275.0,5865,0.0,0.0
2024-08-01 09:00:00+09:00,1390.0,1390.0,1296.0,1315.0,259018,0.0,0.0
2024-08-01 10:00:00+09:00,1309.0,1314.0,1301.0,1313.0,13800,0.0,0.0
2024-08-01 11:00:00+09:00,1313.0,1314.0,1305.0,1314.0,8922,0.0,0.0
2024-08-01 12:00:00+09:00,1313.0,1313.0,1287.0,1300.0,30466,0.0,0.0
2024-08-01 13:00:00+09:00,1297.0,1308.0,1296.0,1305.0,3019,0.0,0.0
2024-08-01 14:00:00+09:00,1305.0,1311.0,1296.0,1304.0,11071,0.0,0.0
2024-08-02 09:00:00+09:00,1298.0,1300.0,1273.0,1282.0,22097,0.0,0.0
2024-08-02 10:00:00+09:00,1282.0,1293.0,1276.0,1287.0,6650,0.0,0.0
2024-08-02 11:00:00+09:00,1287.0,1291.0,1273.0,1273.0,19797,0.0,0.0
2024-08-02 12:00:00+09:00,1273.0,1278.0,1273.0,1273.0,6666,0.0,0.0
2024-08-02 13:00:00+09:00,1273.0,1281.0,1271.0,1281.0,7240,0.0,0.0
2024-08-02 14:00:00+09:00,1276.0,1283.0,1270.0,1270.0,16441,0.0,0.0
2024-08-05 09:00:00+09:00,1230.0,1261.0,1223.0,1235.0,0,0.0,0.0
2024-08-05 10:00:00+09:00,1240.0,1240.0,1226.0,1237.0,21948,0.0,0.0
2024-08-05 11:00:00+09:00,1237.0,1237.0,1224.0,1224.0,12636,0.0,0.0
2024-08-05 12:00:00+09:00,1231.0,1231.0,1221.0,1221.0,21157,0.0,0.0
2024-08-05 13:00:00+09:00,1226.0,1226.0,1212.0,1212.0,18676,0.0,0.0
2024-08-05 14:00:00+09:00,1211.0,1212.0,1165.0,1181.0,38231,0.0,0.0
2024-08-06 09:00:00+09:00,1095.0,1234.0,1095.0,1225.0,43240,0.0,0.0
2024-08-06 10:00:00+09:00,1225.0,1232.0,1200.0,1212.0,14009,0.0,0.0
2024-08-06 11:00:00+09:00,1204.0,1218.0,1204.0,1218.0,12182,0.0,0.0
2024-08-06 12:00:00+09:00,1217.0,1220.0,1204.0,1219.0,33871,0.0,0.0
2024-08-06 13:00:00+09:00,1214.0,1222.0,1214.0,1219.0,5796,0.0,0.0
2024-08-06 14:00:00+09:00,1215.0,1228.0,1210.0,1228.0,32569,0.0,0.0
2024-08-07 09:00:00+09:00,1216.0,1229.0,1210.0,1227.0,13062,0.0,0.0
2024-08-07 10:00:00+09:00,1227.0,1228.0,1215.0,1225.0,13899,0.0,0.0
2024-08-07 11:00:00+09:00,1227.0,1249.0,1227.0,1240.0,30698,0.0,0.0
2024-08-07 12:00:00+09:00,1245.0,1247.0,1229.0,1229.0,2676,0.0,0.0
2024-08-07 13:00:00+09:00,1233.0,1248.0,1233.0,1248.0,11722,0.0,0.0
2024-08-07 14:00:00+09:00,1248.0,1300.0,1248.0,1266.0,26685,0.0,0.0
2024-08-08 09:00:00+09:00,1269.0,1272.0,1250.0,1253.0,31682,0.0,0.0
2024-08-08 10:00:00+09:00,1253.0,1266.0,1248.0,1266.0,7224,0.0,0.0
2024-08-08 11:00:00+09:00,1266.0,1465.0,1260.0,1418.0,858735,0.0,0.0
2024-08-08 12:00:00+09:00,1416.0,1550.0,1384.0,1449.0,2817850,0.0,0.0
2024-08-08 13:00:00+09:00,1449.0,1490.0,1370.0,1410.0,914418,0.0,0.0
2024-08-08 14:00:00+09:00,1408.0,1416.0,1380.0,1388.0,164760,0.0,0.0
2024-08-09 09:00:00+09:00,1405.0,1470.0,1388.0,1388.0,295580,0.0,0.0
2024-08-09 10:00:00+09:00,1394.0,1401.0,1386.0,1395.0,42421,0.0,0.0
2024-08-09 11:00:00+09:00,1394.0,1395.0,1383.0,1394.0,55013,0.0,0.0
2024-08-09 12:00:00+09:00,1388.0,1389.0,1363.0,1372.0,41976,0.0,0.0
2024-08-09 13:00:00+09:00,1372.0,1383.0,1357.0,1370.0,40297,0.0,0.0
2024-08-09 14:00:00+09:00,1370.0,1375.0,1366.0,1375.0,17467,0.0,0.0
2024-08-12 09:00:00+09:00,1440.0,1627.0,1424.0,1592.0,3309038,0.0,0.0
2024-08-12 10:00:00+09:00,1592.0,1602.0,1508.0,1519.0,711880,0.0,0.0
2024-08-12 11:00:00+09:00,1522.0,1660.0,1517.0,1630.0,3243777,0.0,0.0
2024-08-12 12:00:00+09:00,1630.0,1677.0,1583.0,1591.0,2621435,0.0,0.0
2024-08-12 13:00:00+09:00,1591.0,1660.0,1586.0,1591.0,1109379,0.0,0.0
2024-08-12 14:00:00+09:00,1591.0,1638.0,1586.0,1612.0,707087,0.0,0.0
2024-08-13 09:00:00+09:00,1662.0,1690.0,1586.0,1608.0,996419,0.0,0.0
2024-08-13 10:00:00+09:00,1608.0,1621.0,1600.0,1611.0,125852,0.0,0.0
2024-08-13 11:00:00+09:00,1611.0,1613.0,1585.0,1586.0,83798,0.0,0.0
2024-08-13 12:00:00+09:00,1585.0,1585.0,1450.0,1505.0,597739,0.0,0.0
2024-08-13 13:00:00+09:00,1504.0,1526.0,1495.0,1507.0,168659,0.0,0.0
2024-08-13 14:00:00+09:00,1507.0,1507.0,1466.0,1482.0,161876,0.0,0.0
2024-08-14 09:00:00+09:00,1542.0,1543.0,1476.0,1484.0,225447,0.0,0.0
2024-08-14 10:00:00+09:00,1488.0,1489.0,1478.0,1481.0,43559,0.0,0.0
2024-08-14 11:00:00+09:00,1481.0,1484.0,1480.0,1482.0,52205,0.0,0.0
2024-08-14 12:00:00+09:00,1481.0,1538.0,1478.0,1512.0,161158,0.0,0.0
2024-08-14 13:00:00+09:00,1512.0,1543.0,1506.0,1529.0,100000,0.0,0.0
2024-08-14 14:00:00+09:00,1529.0,1529.0,1511.0,1513.0,80407,0.0,0.0
2024-08-16 09:00:00+09:00,1460.0,1524.0,1460.0,1479.0,0,0.0,0.0
2024-08-16 10:00:00+09:00,1479.0,1540.0,1479.0,1503.0,246721,0.0,0.0
2024-08-16 11:00:00+09:00,1507.0,1511.0,1483.0,1490.0,53607,0.0,0.0
2024-08-16 12:00:00+09:00,1486.0,1515.0,1477.0,1508.0,103894,0.0,0.0
2024-08-16 13:00:00+09:00,1511.0,1511.0,1485.0,1487.0,76065,0.0,0.0
2024-08-16 14:00:00+09:00,1485.0,1499.0,1484.0,1494.0,40530,0.0,0.0
2024-08-19 09:00:00+09:00,1515.0,1531.0,1428.0,1514.0,0,0.0,0.0
2024-08-19 10:00:00+09:00,1514.0,1554.0,1512.0,1543.0,229409,0.0,0.0
2024-08-19 11:00:00+09:00,1550.0,1574.0,1525.0,1529.0,174010,0.0,0.0
2024-08-19 12:00:00+09:00,1530.0,1570.0,1530.0,1570.0,84997,0.0,0.0
2024-08-19 13:00:00+09:00,1570.0,1750.0,1540.0,1669.0,3377489,0.0,0.0
2024-08-19 14:00:00+09:00,1669.0,1895.0,1610.0,1795.0,6050556,0.0,0.0
2024-08-20 09:00:00+09:00,2005.0,2205.0,2000.0,2185.0,12345192,0.0,0.0
2024-08-20 10:00:00+09:00,2185.0,2245.0,2155.0,2245.0,2685508,0.0,0.0
2024-08-20 11:00:00+09:00,2245.0,2245.0,2245.0,2245.0,47633,0.0,0.0
2024-08-20 12:00:00+09:00,2245.0,2245.0,2245.0,2245.0,29306,0.0,0.0
2024-08-20 13:00:00+09:00,2245.0,2245.0,2245.0,2245.0,33434,0.0,0.0
2024-08-20 14:00:00+09:00,2245.0,2245.0,2080.0,2085.0,4387197,0.0,0.0
2024-08-21 09:00:00+09:00,1869.0,1869.0,1805.0,1805.0,1173356,0.0,0.0
2024-08-21 10:00:00+09:00,1797.0,1805.0,1797.0,1805.0,129769,0.0,0.0
2024-08-21 11:00:00+09:00,1768.0,1780.0,1768.0,1780.0,215068,0.0,0.0
2024-08-21 12:00:00+09:00,1780.0,1940.0,1780.0,1780.0,26046,0.0,0.0
2024-08-21 13:00:00+09:00,1780.0,1780.0,1772.0,1772.0,148769,0.0,0.0
2024-08-21 14:00:00+09:00,1764.0,1769.0,1764.0,1769.0,143935,0.0,0.0
2024-08-22 09:00:00+09:00,1745.0,1745.0,1740.0,1740.0,200976,0.0,0.0
2024-08-22 10:00:00+09:00,1682.0,1682.0,1677.0,1677.0,201579,0.0,0.0
2024-08-22 11:00:00+09:00,1621.0,1621.0,1599.0,1599.0,149644,0.0,0.0
2024-08-22 12:00:00+09:00,1592.0,1592.0,1592.0,1592.0,55124,0.0,0.0
2024-08-22 13:00:00+09:00,1593.0,1600.0,1593.0,1600.0,120530,0.0,0.0
2024-08-22 14:00:00+09:00,1645.0,1658.0,1645.0,1658.0,84411,0.0,0.0
2024-08-23 09:00:00+09:00,1640.0,1640.0,1640.0,1640.0,151586,0.0,0.0
2024-08-23 10:00:00+09:00,1680.0,1680.0,1666.0,1666.0,10576,0.0,0.0
2024-08-23 11:00:00+09:00,1642.0,1660.0,1642.0,1660.0,41854,0.0,0.0
2024-08-23 12:00:00+09:00,1679.0,1680.0,1679.0,1680.0,79768,0.0,0.0
2024-08-23 13:00:00+09:00,1713.0,1715.0,1713.0,1715.0,226463,0.0,0.0
2024-08-23 14:00:00+09:00,1698.0,1705.0,1698.0,1705.0,21080,0.0,0.0
2024-08-26 09:00:00+09:00,1661.0,1681.0,1581.0,1585.0,0,0.0,0.0
2024-08-26 10:00:00+09:00,1585.0,1590.0,1574.0,1581.0,228657,0.0,0.0
2024-08-26 11:00:00+09:00,1581.0,1588.0,1575.0,1580.0,91919,0.0,0.0
2024-08-26 12:00:00+09:00,1580.0,1586.0,1570.0,1580.0,145775,0.0,0.0
2024-08-26 13:00:00+09:00,1578.0,1592.0,1577.0,1588.0,51906,0.0,0.0
2024-08-26 14:00:00+09:00,1588.0,1625.0,1579.0,1606.0,114697,0.0,0.0
2024-08-27 09:00:00+09:00,1575.0,1579.0,1520.0,1530.0,290814,0.0,0.0
2024-08-27 10:00:00+09:00,1530.0,1546.0,1513.0,1525.0,129262,0.0,0.0
2024-08-27 11:00:00+09:00,1522.0,1522.0,1494.0,1495.0,141669,0.0,0.0
2024-08-27 12:00:00+09:00,1494.0,1504.0,1490.0,1504.0,55086,0.0,0.0
2024-08-27 13:00:00+09:00,1503.0,1504.0,1486.0,1494.0,35452,0.0,0.0
2024-08-27 14:00:00+09:00,1494.0,1550.0,1493.0,1542.0,125061,0.0,0.0
2024-08-28 09:00:00+09:00,1534.0,1558.0,1526.0,1557.0,204720,0.0,0.0
2024-08-28 10:00:00+09:00,1557.0,1587.0,1550.0,1550.0,130745,0.0,0.0
2024-08-28 11:00:00+09:00,1550.0,1553.0,1531.0,1541.0,119118,0.0,0.0
2024-08-28 12:00:00+09:00,1536.0,1540.0,1526.0,1540.0,38235,0.0,0.0
2024-08-28 13:00:00+09:00,1540.0,1550.0,1530.0,1538.0,48944,0.0,0.0
2024-08-28 14:00:00+09:00,1538.0,1539.0,1523.0,1529.0,40046,0.0,0.0
2024-08-29 09:00:00+09:00,1500.0,1500.0,1384.0,1415.0,366521,0.0,0.0
2024-08-29 10:00:00+09:00,1415.0,1463.0,1394.0,1410.0,95081,0.0,0.0
2024-08-29 11:00:00+09:00,1416.0,1422.0,1403.0,1408.0,26236,0.0,0.0
2024-08-29 12:00:00+09:00,1411.0,1417.0,1406.0,1407.0,34291,0.0,0.0
2024-08-29 13:00:00+09:00,1412.0,1414.0,1404.0,1406.0,24562,0.0,0.0
2024-08-29 14:00:00+09:00,1406.0,1406.0,1380.0,1396.0,95081,0.0,0.0
2024-08-30 09:00:00+09:00,1389.0,1435.0,1389.0,1417.0,114436,0.0,0.0
2024-08-30 10:00:00+09:00,1411.0,1434.0,1411.0,1432.0,45765,0.0,0.0
2024-08-30 11:00:00+09:00,1432.0,1460.0,1430.0,1442.0,89416,0.0,0.0
2024-08-30 12:00:00+09:00,1439.0,1439.0,1426.0,1431.0,19543,0.0,0.0
2024-08-30 13:00:00+09:00,1430.0,1445.0,1430.0,1445.0,14574,0.0,0.0
2024-08-30 14:00:00+09:00,1445.0,1446.0,1423.0,1439.0,38816,0.0,0.0
2024-09-02 09:00:00+09:00,1470.0,1470.0,1386.0,1410.0,0,0.0,0.0
2024-09-02 10:00:00+09:00,1410.0,1410.0,1370.0,1378.0,85397,0.0,0.0
2024-09-02 11:00:00+09:00,1377.0,1386.0,1375.0,1380.0,20502,0.0,0.0
2024-09-02 12:00:00+09:00,1379.0,1396.0,1376.0,1381.0,42050,0.0,0.0
2024-09-02 13:00:00+09:00,1381.0,1393.0,1380.0,1393.0,12842,0.0,0.0
2024-09-02 14:00:00+09:00,1392.0,1393.0,1377.0,1386.0,33978,0.0,0.0
2024-09-03 09:00:00+09:00,1395.0,1460.0,1395.0,1440.0,248659,0.0,0.0
2024-09-03 10:00:00+09:00,1439.0,1441.0,1413.0,1415.0,47812,0.0,0.0
2024-09-03 11:00:00+09:00,1415.0,1426.0,1410.0,1418.0,49919,0.0,0.0
2024-09-03 12:00:00+09:00,1412.0,1419.0,1405.0,1406.0,18176,0.0,0.0
2024-09-03 13:00:00+09:00,1405.0,1425.0,1403.0,1420.0,25916,0.0,0.0
2024-09-03 14:00:00+09:00,1412.0,1412.0,1402.0,1403.0,10257,0.0,0.0
2024-09-04 09:00:00+09:00,1360.0,1398.0,1345.0,1359.0,106743,0.0,0.0
2024-09-04 10:00:00+09:00,1358.0,1378.0,1348.0,1362.0,52942,0.0,0.0
2024-09-04 11:00:00+09:00,1362.0,1380.0,1362.0,1369.0,7984,0.0,0.0
2024-09-04 12:00:00+09:00,1372.0,1372.0,1356.0,1356.0,15784,0.0,0.0
2024-09-04 13:00:00+09:00,1361.0,1362.0,1355.0,1361.0,8924,0.0,0.0
2024-09-04 14:00:00+09:00,1362.0,1371.0,1355.0,1360.0,19222,0.0,0.0
2024-09-05 09:00:00+09:00,1345.0,1365.0,1345.0,1355.0,44851,0.0,0.0
2024-09-05 10:00:00+09:00,1355.0,1358.0,1333.0,1335.0,54261,0.0,0.0
2024-09-05 11:00:00+09:00,1336.0,1342.0,1320.0,1338.0,28151,0.0,0.0
2024-09-05 12:00:00+09:00,1334.0,1338.0,1320.0,1324.0,24790,0.0,0.0
2024-09-05 13:00:00+09:00,1320.0,1323.0,1312.0,1317.0,20469,0.0,0.0
2024-09-05 14:00:00+09:00,1314.0,1336.0,1307.0,1331.0,43468,0.0,0.0
2024-09-06 09:00:00+09:00,1330.0,1333.0,1300.0,1311.0,67701,0.0,0.0
2024-09-06 10:00:00+09:00,1314.0,1326.0,1304.0,1325.0,15109,0.0,0.0
2024-09-06 11:00:00+09:00,1322.0,1328.0,1320.0,1320.0,12613,0.0,0.0
2024-09-06 12:00:00+09:00,1324.0,1327.0,1302.0,1312.0,19667,0.0,0.0
2024-09-06 13:00:00+09:00,1305.0,1318.0,1301.0,1317.0,21047,0.0,0.0
2024-09-06 14:00:00+09:00,1313.0,1322.0,1304.0,1320.0,14029,0.0,0.0
2024-09-09 09:00:00+09:00,1300.0,1314.0,1275.0,1313.0,0,0.0,0.0
2024-09-09 10:00:00+09:00,1312.0,1313.0,1305.0,1312.0,5556,0.0,0.0
2024-09-09 11:00:00+09:00,1312.0,1351.0,1300.0,1344.0,38093,0.0,0.0
2024-09-09 12:00:00+09:00,1344.0,1360.0,1340.0,1347.0,34782,0.0,0.0
2024-09-09 13:00:00+09:00,1354.0,1356.0,1338.0,1349.0,30054,0.0,0.0
2024-09-09 14:00:00+09:00,1339.0,1347.0,1316.0,1344.0,28940,0.0,0.0
2024-09-10 09:00:00+09:00,1357.0,1362.0,1339.0,1351.0,14152,0.0,0.0
2024-09-10 10:00:00+09:00,1350.0,1352.0,1343.0,1343.0,4629,0.0,0.0
2024-09-10 11:00:00+09:00,1349.0,1350.0,1300.0,1303.0,34664,0.0,0.0
2024-09-10 12:00:00+09:00,1315.0,1316.0,1306.0,1312.0,4259,0.0,0.0
2024-09-10 13:00:00+09:00,1312.0,1313.0,1300.0,1303.0,18138,0.0,0.0
2024-09-10 14:00:00+09:00,1302.0,1308.0,1302.0,1306.0,3570,0.0,0.0
2024-09-11 09:00:00+09:00,1300.0,1367.0,1300.0,1334.0,62781,0.0,0.0
2024-09-11 10:00:00+09:00,1333.0,1337.0,1315.0,1321.0,16050,0.0,0.0
2024-09-11 11:00:00+09:00,1326.0,1329.0,1305.0,1326.0,14355,0.0,0.0
2024-09-11 12:00:00+09:00,1326.0,1337.0,1325.0,1329.0,11402,0.0,0.0
2024-09-11 13:00:00+09:00,1331.0,1338.0,1323.0,1328.0,5243,0.0,0.0
2024-09-11 14:00:00+09:00,1328.0,1328.0,1306.0,1310.0,29190,0.0,0.0
2024-09-12 09:00:00+09:00,1315.0,1349.0,1310.0,1342.0,47191,0.0,0.0
2024-09-12 10:00:00+09:00,1342.0,1344.0,1335.0,1335.0,8433,0.0,0.0
2024-09-12 11:00:00+09:00,1335.0,1354.0,1335.0,1344.0,14582,0.0,0.0
2024-09-12 12:00:00+09:00,1343.0,1351.0,1335.0,1338.0,11239,0.0,0.0
2024-09-12 13:00:00+09:00,1343.0,1348.0,1335.0,1341.0,5512,0.0,0.0
2024-09-12 14:00:00+09:00,1341.0,1356.0,1339.0,1355.0,17702,0.0,0.0
2024-09-13 09:00:00+09:00,1359.0,1362.0,1333.0,1356.0,40313,0.0,0.0
2024-09-13 10:00:00+09:00,1347.0,1354.0,1339.0,1339.0,11708,0.0,0.0
2024-09-13 11:00:00+09:00,1339.0,1353.0,1339.0,1345.0,13580,0.0,0.0
2024-09-13 12:00:00+09:00,1345.0,1353.0,1343.0,1344.0,3926,0.0,0.0
2024-09-13 13:00:00+09:00,1345.0,1363.0,1344.0,1356.0,18282,0.0,0.0
2024-09-13 14:00:00+09:00,1356.0,1370.0,1353.0,1367.0,34102,0.0,0.0
