Datetime,Open,High,Low,Close,Volume,Dividends,Stock Splits
2024-08-08 09:00:00+09:00,948.0,948.0,948.0,948.0,2200,0.0,0.0
2024-08-08 09:10:00+09:00,944.0,947.0,941.0,941.0,500,0.0,0.0
2024-08-08 09:35:00+09:00,946.0,946.0,946.0,946.0,100,0.0,0.0
2024-08-08 09:45:00+09:00,941.0,941.0,941.0,941.0,200,0.0,0.0
2024-08-08 09:50:00+09:00,941.0,941.0,941.0,941.0,500,0.0,0.0
2024-08-08 10:00:00+09:00,940.0,940.0,940.0,940.0,300,0.0,0.0
2024-08-08 10:05:00+09:00,940.0,943.0,940.0,943.0,200,0.0,0.0
2024-08-08 10:35:00+09:00,944.0,945.0,943.0,945.0,700,0.0,0.0
2024-08-08 10:50:00+09:00,945.0,945.0,945.0,945.0,100,0.0,0.0
2024-08-08 11:05:00+09:00,945.0,948.0,945.0,946.0,1600,0.0,0.0
2024-08-08 11:15:00+09:00,949.0,949.0,949.0,949.0,200,0.0,0.0
2024-08-08 11:20:00+09:00,950.0,950.0,950.0,950.0,100,0.0,0.0
2024-08-08 11:35:00+09:00,950.0,950.0,950.0,950.0,0,0.0,0.0
2024-08-08 12:30:00+09:00,950.0,951.0,950.0,951.0,0,0.0,0.0
2024-08-08 12:35:00+09:00,953.0,955.0,953.0,955.0,7900,0.0,0.0
2024-08-08 12:45:00+09:00,952.0,952.0,952.0,952.0,100,0.0,0.0
2024-08-08 12:50:00+09:00,955.0,955.0,955.0,955.0,100,0.0,0.0
2024-08-08 12:55:00+09:00,951.0,951.0,950.0,950.0,300,0.0,0.0
2024-08-08 13:20:00+09:00,951.0,951.0,949.0,949.0,300,0.0,0.0
2024-08-08 13:35:00+09:00,947.0,947.0,946.0,946.0,1400,0.0,0.0
2024-08-08 14:00:00+09:00,948.0,948.0,948.0,948.0,200,0.0,0.0
2024-08-08 14:10:00+09:00,946.0,946.0,946.0,946.0,100,0.0,0.0
2024-08-08 14:15:00+09:00,945.0,945.0,945.0,945.0,100,0.0,0.0
2024-08-08 14:20:00+09:00,944.0,944.0,944.0,944.0,100,0.0,0.0
2024-08-08 14:30:00+09:00,944.0,944.0,943.0,943.0,500,0.0,0.0
2024-08-08 14:40:00+09:00,944.0,944.0,944.0,944.0,100,0.0,0.0
2024-08-08 14:55:00+09:00,941.0,945.0,941.0,945.0,300,0.0,0.0
2024-08-09 09:00:00+09:00,959.0,959.0,959.0,959.0,3200,0.0,0.0
2024-08-09 09:20:00+09:00,954.0,954.0,954.0,954.0,100,0.0,0.0
2024-08-09 09:25:00+09:00,951.0,951.0,951.0,951.0,100,0.0,0.0
2024-08-09 09:35:00+09:00,951.0,953.0,951.0,953.0,200,0.0,0.0
2024-08-09 09:55:00+09:00,954.0,955.0,954.0,954.0,600,0.0,0.0
2024-08-09 10:00:00+09:00,955.0,955.0,955.0,955.0,300,0.0,0.0
2024-08-09 10:10:00+09:00,956.0,956.0,956.0,956.0,300,0.0,0.0
2024-08-09 10:15:00+09:00,957.0,959.0,957.0,959.0,600,0.0,0.0
2024-08-09 10:20:00+09:00,960.0,960.0,958.0,958.0,300,0.0,0.0
2024-08-09 10:30:00+09:00,958.0,958.0,958.0,958.0,100,0.0,0.0
2024-08-09 10:40:00+09:00,960.0,960.0,960.0,960.0,300,0.0,0.0
2024-08-09 11:10:00+09:00,961.0,962.0,961.0,962.0,300,0.0,0.0
2024-08-09 11:15:00+09:00,962.0,962.0,962.0,962.0,100,0.0,0.0
2024-08-09 11:20:00+09:00,961.0,961.0,961.0,961.0,100,0.0,0.0
2024-08-09 11:25:00+09:00,960.0,960.0,958.0,958.0,300,0.0,0.0
2024-08-09 11:35:00+09:00,958.0,958.0,958.0,958.0,0,0.0,0.0
2024-08-09 12:30:00+09:00,958.0,958.0,956.0,958.0,7200,0.0,0.0
2024-08-09 12:45:00+09:00,957.0,957.0,957.0,957.0,300,0.0,0.0
2024-08-09 12:50:00+09:00,955.0,955.0,954.0,954.0,500,0.0,0.0
2024-08-09 12:55:00+09:00,956.0,956.0,956.0,956.0,200,0.0,0.0
2024-08-09 13:00:00+09:00,955.0,955.0,955.0,955.0,100,0.0,0.0
2024-08-09 13:05:00+09:00,956.0,960.0,956.0,960.0,900,0.0,0.0
2024-08-09 13:10:00+09:00,957.0,957.0,955.0,956.0,1200,0.0,0.0
2024-08-09 13:15:00+09:00,955.0,955.0,953.0,953.0,600,0.0,0.0
2024-08-09 13:20:00+09:00,954.0,955.0,953.0,955.0,300,0.0,0.0
2024-08-09 13:25:00+09:00,953.0,954.0,953.0,954.0,300,0.0,0.0
2024-08-09 13:35:00+09:00,953.0,953.0,953.0,953.0,300,0.0,0.0
2024-08-09 13:40:00+09:00,952.0,952.0,952.0,952.0,300,0.0,0.0
2024-08-09 13:45:00+09:00,951.0,951.0,951.0,951.0,100,0.0,0.0
2024-08-09 13:55:00+09:00,950.0,952.0,949.0,949.0,1100,0.0,0.0
2024-08-09 14:00:00+09:00,947.0,948.0,940.0,948.0,2500,0.0,0.0
2024-08-09 14:05:00+09:00,946.0,948.0,946.0,948.0,500,0.0,0.0
2024-08-09 14:10:00+09:00,948.0,949.0,948.0,949.0,400,0.0,0.0
2024-08-09 14:20:00+09:00,955.0,955.0,954.0,954.0,200,0.0,0.0
2024-08-09 14:35:00+09:00,955.0,955.0,952.0,952.0,200,0.0,0.0
2024-08-09 14:40:00+09:00,954.0,954.0,954.0,954.0,100,0.0,0.0
2024-08-09 14:45:00+09:00,956.0,956.0,955.0,956.0,500,0.0,0.0
2024-08-09 14:55:00+09:00,956.0,956.0,949.0,953.0,600,0.0,0.0
2024-08-13 09:00:00+09:00,941.0,955.0,936.0,940.0,6000,0.0,0.0
2024-08-13 09:05:00+09:00,939.0,954.0,936.0,954.0,1100,0.0,0.0
2024-08-13 09:10:00+09:00,946.0,953.0,939.0,953.0,1900,0.0,0.0
2024-08-13 09:15:00+09:00,943.0,943.0,926.0,926.0,1300,0.0,0.0
2024-08-13 09:20:00+09:00,937.0,937.0,934.0,934.0,500,0.0,0.0
2024-08-13 09:25:00+09:00,935.0,939.0,929.0,938.0,2900,0.0,0.0
2024-08-13 09:30:00+09:00,938.0,944.0,938.0,944.0,1000,0.0,0.0
2024-08-13 09:35:00+09:00,940.0,940.0,940.0,940.0,100,0.0,0.0
2024-08-13 09:50:00+09:00,940.0,940.0,940.0,940.0,100,0.0,0.0
2024-08-13 10:00:00+09:00,941.0,941.0,941.0,941.0,300,0.0,0.0
2024-08-13 10:05:00+09:00,941.0,941.0,941.0,941.0,100,0.0,0.0
2024-08-13 10:15:00+09:00,938.0,938.0,938.0,938.0,100,0.0,0.0
2024-08-13 10:25:00+09:00,941.0,941.0,941.0,941.0,400,0.0,0.0
2024-08-13 10:35:00+09:00,942.0,943.0,942.0,943.0,500,0.0,0.0
2024-08-13 10:40:00+09:00,941.0,941.0,941.0,941.0,300,0.0,0.0
2024-08-13 10:45:00+09:00,942.0,942.0,942.0,942.0,200,0.0,0.0
2024-08-13 11:00:00+09:00,942.0,942.0,942.0,942.0,100,0.0,0.0
2024-08-13 11:05:00+09:00,941.0,941.0,941.0,941.0,100,0.0,0.0
2024-08-13 11:10:00+09:00,943.0,943.0,943.0,943.0,300,0.0,0.0
2024-08-13 11:30:00+09:00,941.0,941.0,941.0,941.0,100,0.0,0.0
2024-08-13 11:35:00+09:00,941.0,941.0,941.0,941.0,0,0.0,0.0
2024-08-13 12:30:00+09:00,945.0,945.0,940.0,940.0,17700,0.0,0.0
2024-08-13 12:40:00+09:00,940.0,940.0,940.0,940.0,1100,0.0,0.0
2024-08-13 12:45:00+09:00,940.0,940.0,940.0,940.0,100,0.0,0.0
2024-08-13 12:50:00+09:00,940.0,941.0,940.0,941.0,200,0.0,0.0
2024-08-13 12:55:00+09:00,939.0,939.0,939.0,939.0,200,0.0,0.0
2024-08-13 13:00:00+09:00,938.0,938.0,938.0,938.0,400,0.0,0.0
2024-08-13 13:10:00+09:00,937.0,937.0,937.0,937.0,100,0.0,0.0
2024-08-13 13:20:00+09:00,937.0,939.0,937.0,939.0,500,0.0,0.0
2024-08-13 13:25:00+09:00,939.0,940.0,939.0,940.0,500,0.0,0.0
2024-08-13 13:40:00+09:00,941.0,941.0,941.0,941.0,200,0.0,0.0
2024-08-13 13:50:00+09:00,941.0,941.0,941.0,941.0,100,0.0,0.0
2024-08-13 14:00:00+09:00,942.0,942.0,941.0,941.0,200,0.0,0.0
2024-08-13 14:10:00+09:00,940.0,940.0,940.0,940.0,100,0.0,0.0
2024-08-13 14:15:00+09:00,940.0,941.0,940.0,941.0,500,0.0,0.0
2024-08-13 14:25:00+09:00,942.0,942.0,942.0,942.0,100,0.0,0.0
2024-08-13 14:35:00+09:00,942.0,942.0,942.0,942.0,100,0.0,0.0
2024-08-13 14:45:00+09:00,943.0,944.0,943.0,944.0,800,0.0,0.0
2024-08-13 14:50:00+09:00,944.0,944.0,944.0,944.0,100,0.0,0.0
2024-08-13 14:55:00+09:00,944.0,944.0,942.0,942.0,800,0.0,0.0
2024-08-14 09:00:00+09:00,953.0,953.0,945.0,945.0,900,0.0,0.0
2024-08-14 09:20:00+09:00,948.0,948.0,947.0,947.0,200,0.0,0.0
2024-08-14 09:35:00+09:00,949.0,949.0,949.0,949.0,100,0.0,0.0
2024-08-14 09:45:00+09:00,949.0,949.0,949.0,949.0,300,0.0,0.0
2024-08-14 10:30:00+09:00,951.0,951.0,951.0,951.0,200,0.0,0.0
2024-08-14 10:35:00+09:00,953.0,953.0,953.0,953.0,100,0.0,0.0
2024-08-14 10:45:00+09:00,953.0,954.0,953.0,954.0,200,0.0,0.0
2024-08-14 10:55:00+09:00,954.0,954.0,954.0,954.0,400,0.0,0.0
2024-08-14 11:00:00+09:00,955.0,955.0,955.0,955.0,100,0.0,0.0
2024-08-14 11:10:00+09:00,954.0,954.0,954.0,954.0,100,0.0,0.0
2024-08-14 11:25:00+09:00,951.0,951.0,950.0,950.0,200,0.0,0.0
2024-08-14 11:35:00+09:00,950.0,950.0,950.0,950.0,0,0.0,0.0
2024-08-14 12:30:00+09:00,950.0,953.0,950.0,953.0,3100,0.0,0.0
2024-08-14 12:50:00+09:00,951.0,951.0,951.0,951.0,100,0.0,0.0
2024-08-14 13:05:00+09:00,952.0,952.0,952.0,952.0,100,0.0,0.0
2024-08-14 13:45:00+09:00,950.0,950.0,950.0,950.0,300,0.0,0.0
2024-08-14 13:55:00+09:00,950.0,951.0,949.0,951.0,800,0.0,0.0
2024-08-14 14:05:00+09:00,949.0,949.0,948.0,948.0,400,0.0,0.0
2024-08-14 14:20:00+09:00,948.0,948.0,948.0,948.0,100,0.0,0.0
2024-08-14 14:25:00+09:00,950.0,951.0,950.0,951.0,600,0.0,0.0
2024-08-14 14:30:00+09:00,948.0,948.0,948.0,948.0,100,0.0,0.0
2024-08-14 14:45:00+09:00,950.0,950.0,950.0,950.0,100,0.0,0.0
2024-08-14 14:50:00+09:00,950.0,950.0,949.0,949.0,1100,0.0,0.0
2024-08-14 14:55:00+09:00,950.0,954.0,948.0,948.0,1700,0.0,0.0
2024-08-15 09:00:00+09:00,956.0,956.0,956.0,956.0,400,0.0,0.0
2024-08-15 09:05:00+09:00,948.0,948.0,948.0,948.0,100,0.0,0.0
2024-08-15 09:15:00+09:00,954.0,954.0,948.0,954.0,900,0.0,0.0
2024-08-15 09:25:00+09:00,949.0,952.0,949.0,952.0,200,0.0,0.0
2024-08-15 09:35:00+09:00,953.0,954.0,953.0,954.0,200,0.0,0.0
2024-08-15 09:45:00+09:00,952.0,952.0,952.0,952.0,100,0.0,0.0
2024-08-15 09:55:00+09:00,950.0,950.0,950.0,950.0,100,0.0,0.0
2024-08-15 10:10:00+09:00,953.0,954.0,953.0,954.0,400,0.0,0.0
2024-08-15 10:15:00+09:00,952.0,952.0,952.0,952.0,100,0.0,0.0
2024-08-15 10:25:00+09:00,955.0,955.0,955.0,955.0,100,0.0,0.0
2024-08-15 10:30:00+09:00,955.0,960.0,955.0,960.0,3400,0.0,0.0
2024-08-15 10:45:00+09:00,961.0,963.0,961.0,963.0,400,0.0,0.0
2024-08-15 10:50:00+09:00,961.0,961.0,961.0,961.0,100,0.0,0.0
2024-08-15 11:00:00+09:00,961.0,962.0,961.0,962.0,200,0.0,0.0
2024-08-15 11:05:00+09:00,960.0,960.0,960.0,960.0,100,0.0,0.0
2024-08-15 11:15:00+09:00,960.0,960.0,956.0,956.0,1700,0.0,0.0
2024-08-15 11:20:00+09:00,955.0,955.0,955.0,955.0,100,0.0,0.0
2024-08-15 11:25:00+09:00,957.0,957.0,957.0,957.0,300,0.0,0.0
2024-08-15 11:30:00+09:00,957.0,957.0,957.0,957.0,200,0.0,0.0
2024-08-15 11:35:00+09:00,957.0,957.0,957.0,957.0,0,0.0,0.0
2024-08-15 12:30:00+09:00,962.0,963.0,961.0,961.0,10200,0.0,0.0
2024-08-15 12:35:00+09:00,961.0,961.0,961.0,961.0,100,0.0,0.0
2024-08-15 12:40:00+09:00,961.0,961.0,961.0,961.0,100,0.0,0.0
2024-08-15 13:05:00+09:00,959.0,959.0,959.0,959.0,100,0.0,0.0
2024-08-15 13:15:00+09:00,959.0,959.0,959.0,959.0,100,0.0,0.0
2024-08-15 13:20:00+09:00,958.0,958.0,955.0,955.0,200,0.0,0.0
2024-08-15 13:45:00+09:00,955.0,955.0,955.0,955.0,100,0.0,0.0
2024-08-15 13:55:00+09:00,955.0,955.0,955.0,955.0,100,0.0,0.0
2024-08-15 14:00:00+09:00,955.0,955.0,955.0,955.0,100,0.0,0.0
2024-08-15 14:05:00+09:00,955.0,955.0,955.0,955.0,400,0.0,0.0
2024-08-15 14:15:00+09:00,953.0,953.0,953.0,953.0,100,0.0,0.0
2024-08-15 14:35:00+09:00,956.0,957.0,956.0,957.0,700,0.0,0.0
2024-08-15 14:40:00+09:00,957.0,957.0,956.0,956.0,300,0.0,0.0
2024-08-15 14:50:00+09:00,956.0,956.0,954.0,954.0,1200,0.0,0.0
2024-08-15 14:55:00+09:00,954.0,954.0,954.0,954.0,100,0.0,0.0
2024-08-16 09:00:00+09:00,964.0,964.0,964.0,964.0,700,0.0,0.0
2024-08-16 09:05:00+09:00,962.0,962.0,962.0,962.0,100,0.0,0.0
2024-08-16 09:10:00+09:00,958.0,958.0,958.0,958.0,100,0.0,0.0
2024-08-16 09:15:00+09:00,958.0,958.0,955.0,955.0,600,0.0,0.0
2024-08-16 09:20:00+09:00,953.0,958.0,953.0,958.0,900,0.0,0.0
2024-08-16 09:25:00+09:00,962.0,962.0,962.0,962.0,100,0.0,0.0
2024-08-16 09:40:00+09:00,957.0,957.0,953.0,953.0,300,0.0,0.0
2024-08-16 09:45:00+09:00,956.0,956.0,956.0,956.0,100,0.0,0.0
2024-08-16 09:50:00+09:00,956.0,956.0,956.0,956.0,200,0.0,0.0
2024-08-16 09:55:00+09:00,956.0,956.0,953.0,953.0,1000,0.0,0.0
2024-08-16 10:00:00+09:00,953.0,953.0,953.0,953.0,100,0.0,0.0
2024-08-16 10:10:00+09:00,953.0,953.0,953.0,953.0,100,0.0,0.0
2024-08-16 10:20:00+09:00,953.0,953.0,953.0,953.0,100,0.0,0.0
2024-08-16 10:25:00+09:00,954.0,954.0,953.0,953.0,300,0.0,0.0
2024-08-16 10:30:00+09:00,953.0,953.0,953.0,953.0,100,0.0,0.0
2024-08-16 10:40:00+09:00,953.0,953.0,953.0,953.0,100,0.0,0.0
2024-08-16 11:05:00+09:00,953.0,955.0,953.0,955.0,500,0.0,0.0
2024-08-16 11:35:00+09:00,955.0,955.0,955.0,955.0,0,0.0,0.0
2024-08-16 12:30:00+09:00,958.0,958.0,955.0,955.0,6100,0.0,0.0
2024-08-16 12:35:00+09:00,954.0,954.0,954.0,954.0,300,0.0,0.0
2024-08-16 12:45:00+09:00,954.0,954.0,952.0,952.0,800,0.0,0.0
2024-08-16 13:00:00+09:00,952.0,952.0,952.0,952.0,100,0.0,0.0
2024-08-16 13:10:00+09:00,952.0,952.0,952.0,952.0,600,0.0,0.0
2024-08-16 13:20:00+09:00,952.0,952.0,951.0,951.0,400,0.0,0.0
2024-08-16 14:20:00+09:00,951.0,951.0,951.0,951.0,100,0.0,0.0
2024-08-16 14:30:00+09:00,951.0,951.0,951.0,951.0,100,0.0,0.0
2024-08-16 14:35:00+09:00,953.0,957.0,953.0,955.0,2600,0.0,0.0
2024-08-16 14:40:00+09:00,957.0,958.0,955.0,956.0,2800,0.0,0.0
2024-08-16 14:45:00+09:00,956.0,956.0,956.0,956.0,200,0.0,0.0
2024-08-16 14:50:00+09:00,956.0,956.0,956.0,956.0,100,0.0,0.0
2024-08-16 14:55:00+09:00,956.0,956.0,954.0,954.0,800,0.0,0.0
2024-08-19 09:00:00+09:00,958.0,958.0,957.0,957.0,2700,0.0,0.0
2024-08-19 09:05:00+09:00,956.0,957.0,956.0,957.0,600,0.0,0.0
2024-08-19 09:10:00+09:00,955.0,956.0,955.0,956.0,600,0.0,0.0
2024-08-19 09:30:00+09:00,959.0,959.0,959.0,959.0,200,0.0,0.0
2024-08-19 09:35:00+09:00,960.0,960.0,960.0,960.0,100,0.0,0.0
2024-08-19 09:45:00+09:00,960.0,960.0,959.0,959.0,300,0.0,0.0
2024-08-19 10:05:00+09:00,961.0,961.0,960.0,960.0,400,0.0,0.0
2024-08-19 10:35:00+09:00,960.0,960.0,960.0,960.0,100,0.0,0.0
2024-08-19 11:05:00+09:00,958.0,958.0,958.0,958.0,200,0.0,0.0
2024-08-19 11:35:00+09:00,958.0,958.0,958.0,958.0,0,0.0,0.0
2024-08-19 12:30:00+09:00,960.0,960.0,960.0,960.0,5300,0.0,0.0
2024-08-19 12:35:00+09:00,956.0,956.0,956.0,956.0,0,0.0,0.0
2024-08-19 12:40:00+09:00,955.0,956.0,955.0,955.0,7500,0.0,0.0
2024-08-19 12:45:00+09:00,955.0,955.0,955.0,955.0,100,0.0,0.0
2024-08-19 12:55:00+09:00,954.0,954.0,954.0,954.0,200,0.0,0.0
2024-08-19 13:40:00+09:00,953.0,953.0,951.0,953.0,1400,0.0,0.0
2024-08-19 13:50:00+09:00,953.0,953.0,953.0,953.0,100,0.0,0.0
2024-08-19 14:20:00+09:00,952.0,952.0,952.0,952.0,100,0.0,0.0
2024-08-19 14:25:00+09:00,952.0,952.0,951.0,951.0,300,0.0,0.0
2024-08-19 14:30:00+09:00,951.0,952.0,951.0,951.0,400,0.0,0.0
2024-08-19 14:40:00+09:00,953.0,953.0,953.0,953.0,100,0.0,0.0
2024-08-19 14:45:00+09:00,951.0,953.0,951.0,953.0,200,0.0,0.0
2024-08-19 14:55:00+09:00,951.0,951.0,951.0,951.0,100,0.0,0.0
2024-08-20 09:00:00+09:00,960.0,960.0,960.0,960.0,400,0.0,0.0
2024-08-20 09:10:00+09:00,952.0,952.0,952.0,952.0,100,0.0,0.0
2024-08-20 10:00:00+09:00,953.0,953.0,953.0,953.0,100,0.0,0.0
2024-08-20 10:10:00+09:00,954.0,954.0,953.0,953.0,500,0.0,0.0
2024-08-20 10:15:00+09:00,955.0,955.0,955.0,955.0,100,0.0,0.0
2024-08-20 10:35:00+09:00,956.0,956.0,953.0,956.0,400,0.0,0.0
2024-08-20 10:55:00+09:00,953.0,957.0,953.0,957.0,400,0.0,0.0
2024-08-20 11:10:00+09:00,953.0,953.0,952.0,952.0,400,0.0,0.0
2024-08-20 11:15:00+09:00,953.0,953.0,953.0,953.0,0,0.0,0.0
2024-08-20 11:35:00+09:00,953.0,953.0,953.0,953.0,0,0.0,0.0
2024-08-20 12:30:00+09:00,955.0,957.0,955.0,957.0,3000,0.0,0.0
2024-08-20 12:50:00+09:00,956.0,956.0,956.0,956.0,100,0.0,0.0
2024-08-20 12:55:00+09:00,955.0,955.0,953.0,954.0,400,0.0,0.0
2024-08-20 13:15:00+09:00,955.0,955.0,955.0,955.0,200,0.0,0.0
2024-08-20 13:30:00+09:00,953.0,955.0,953.0,954.0,400,0.0,0.0
2024-08-20 13:40:00+09:00,953.0,953.0,953.0,953.0,0,0.0,0.0
2024-08-20 13:50:00+09:00,955.0,956.0,955.0,956.0,4800,0.0,0.0
2024-08-20 14:20:00+09:00,955.0,956.0,954.0,956.0,400,0.0,0.0
2024-08-20 14:45:00+09:00,955.0,955.0,955.0,955.0,200,0.0,0.0
2024-08-20 14:50:00+09:00,954.0,954.0,954.0,954.0,100,0.0,0.0
2024-08-21 09:00:00+09:00,953.0,953.0,953.0,953.0,400,0.0,0.0
2024-08-21 09:10:00+09:00,957.0,957.0,957.0,957.0,100,0.0,0.0
2024-08-21 09:15:00+09:00,957.0,958.0,957.0,958.0,700,0.0,0.0
2024-08-21 10:00:00+09:00,955.0,955.0,955.0,955.0,100,0.0,0.0
2024-08-21 10:05:00+09:00,953.0,953.0,953.0,953.0,100,0.0,0.0
2024-08-21 10:10:00+09:00,953.0,959.0,953.0,959.0,900,0.0,0.0
2024-08-21 10:20:00+09:00,955.0,959.0,955.0,959.0,200,0.0,0.0
2024-08-21 11:35:00+09:00,959.0,959.0,959.0,959.0,0,0.0,0.0
2024-08-21 12:30:00+09:00,960.0,963.0,959.0,963.0,4100,0.0,0.0
2024-08-21 13:15:00+09:00,957.0,957.0,957.0,957.0,100,0.0,0.0
2024-08-21 14:15:00+09:00,957.0,957.0,957.0,957.0,100,0.0,0.0
2024-08-21 14:50:00+09:00,956.0,960.0,954.0,960.0,1800,0.0,0.0
2024-08-21 14:55:00+09:00,957.0,957.0,957.0,957.0,100,0.0,0.0
2024-08-22 09:00:00+09:00,963.0,963.0,963.0,963.0,600,0.0,0.0
2024-08-22 09:25:00+09:00,963.0,964.0,963.0,964.0,500,0.0,0.0
2024-08-22 09:30:00+09:00,961.0,961.0,961.0,961.0,200,0.0,0.0
2024-08-22 09:55:00+09:00,961.0,961.0,961.0,961.0,100,0.0,0.0
2024-08-22 10:30:00+09:00,965.0,970.0,964.0,966.0,3100,0.0,0.0
2024-08-22 10:55:00+09:00,966.0,966.0,966.0,966.0,200,0.0,0.0
2024-08-22 11:00:00+09:00,965.0,966.0,965.0,966.0,200,0.0,0.0
2024-08-22 11:10:00+09:00,964.0,966.0,964.0,966.0,400,0.0,0.0
2024-08-22 11:35:00+09:00,966.0,966.0,966.0,966.0,0,0.0,0.0
2024-08-22 12:30:00+09:00,968.0,970.0,968.0,968.0,7200,0.0,0.0
2024-08-22 12:40:00+09:00,966.0,966.0,966.0,966.0,100,0.0,0.0
2024-08-22 12:50:00+09:00,966.0,966.0,966.0,966.0,300,0.0,0.0
2024-08-22 13:00:00+09:00,965.0,968.0,965.0,968.0,500,0.0,0.0
2024-08-22 13:05:00+09:00,966.0,969.0,966.0,969.0,400,0.0,0.0
2024-08-22 13:15:00+09:00,969.0,969.0,963.0,963.0,400,0.0,0.0
2024-08-22 13:20:00+09:00,966.0,966.0,966.0,966.0,200,0.0,0.0
2024-08-22 13:30:00+09:00,965.0,965.0,965.0,965.0,100,0.0,0.0
2024-08-22 13:35:00+09:00,964.0,964.0,964.0,964.0,100,0.0,0.0
2024-08-22 13:45:00+09:00,962.0,970.0,961.0,970.0,1100,0.0,0.0
2024-08-22 13:50:00+09:00,967.0,967.0,967.0,967.0,100,0.0,0.0
2024-08-22 14:00:00+09:00,968.0,969.0,968.0,969.0,500,0.0,0.0
2024-08-22 14:10:00+09:00,968.0,968.0,968.0,968.0,300,0.0,0.0
2024-08-22 14:30:00+09:00,967.0,967.0,967.0,967.0,100,0.0,0.0
2024-08-22 14:40:00+09:00,968.0,971.0,968.0,970.0,1100,0.0,0.0
2024-08-22 14:45:00+09:00,970.0,970.0,970.0,970.0,100,0.0,0.0
2024-08-22 14:55:00+09:00,971.0,975.0,969.0,969.0,1700,0.0,0.0
2024-08-23 09:00:00+09:00,973.0,973.0,973.0,973.0,1300,0.0,0.0
2024-08-23 09:05:00+09:00,973.0,980.0,973.0,980.0,1700,0.0,0.0
2024-08-23 09:10:00+09:00,980.0,980.0,980.0,980.0,100,0.0,0.0
2024-08-23 09:35:00+09:00,980.0,980.0,980.0,980.0,100,0.0,0.0
2024-08-23 09:45:00+09:00,975.0,979.0,975.0,979.0,300,0.0,0.0
2024-08-23 09:50:00+09:00,978.0,978.0,978.0,978.0,100,0.0,0.0
2024-08-23 10:15:00+09:00,979.0,979.0,979.0,979.0,100,0.0,0.0
2024-08-23 10:35:00+09:00,975.0,975.0,975.0,975.0,200,0.0,0.0
2024-08-23 11:30:00+09:00,977.0,977.0,977.0,977.0,100,0.0,0.0
2024-08-23 11:35:00+09:00,977.0,977.0,977.0,977.0,0,0.0,0.0
2024-08-23 12:30:00+09:00,978.0,978.0,978.0,978.0,4400,0.0,0.0
2024-08-23 13:35:00+09:00,978.0,983.0,978.0,983.0,2700,0.0,0.0
2024-08-23 13:40:00+09:00,980.0,980.0,980.0,980.0,100,0.0,0.0
2024-08-23 13:45:00+09:00,980.0,980.0,980.0,980.0,100,0.0,0.0
2024-08-23 13:50:00+09:00,982.0,983.0,982.0,983.0,200,0.0,0.0
2024-08-23 14:20:00+09:00,983.0,983.0,983.0,983.0,200,0.0,0.0
2024-08-23 14:45:00+09:00,980.0,980.0,980.0,980.0,400,0.0,0.0
2024-08-23 14:55:00+09:00,983.0,983.0,977.0,977.0,600,0.0,0.0
2024-08-26 09:00:00+09:00,982.0,999.0,982.0,996.0,9600,0.0,0.0
2024-08-26 09:10:00+09:00,986.0,986.0,985.0,985.0,900,0.0,0.0
2024-08-26 09:20:00+09:00,986.0,986.0,986.0,986.0,100,0.0,0.0
2024-08-26 09:35:00+09:00,983.0,983.0,983.0,983.0,100,0.0,0.0
2024-08-26 09:55:00+09:00,984.0,984.0,984.0,984.0,400,0.0,0.0
2024-08-26 10:05:00+09:00,983.0,983.0,983.0,983.0,100,0.0,0.0
2024-08-26 10:15:00+09:00,982.0,982.0,982.0,982.0,100,0.0,0.0
2024-08-26 10:30:00+09:00,983.0,983.0,981.0,983.0,600,0.0,0.0
2024-08-26 11:30:00+09:00,984.0,984.0,984.0,984.0,100,0.0,0.0
2024-08-26 11:35:00+09:00,984.0,984.0,984.0,984.0,0,0.0,0.0
2024-08-26 12:30:00+09:00,982.0,984.0,982.0,984.0,12400,0.0,0.0
2024-08-26 12:45:00+09:00,981.0,981.0,981.0,981.0,100,0.0,0.0
2024-08-26 13:05:00+09:00,982.0,982.0,982.0,982.0,300,0.0,0.0
2024-08-26 13:15:00+09:00,981.0,982.0,981.0,982.0,200,0.0,0.0
2024-08-26 13:20:00+09:00,983.0,983.0,983.0,983.0,100,0.0,0.0
2024-08-26 13:30:00+09:00,981.0,983.0,980.0,983.0,1600,0.0,0.0
2024-08-26 14:20:00+09:00,980.0,983.0,979.0,979.0,600,0.0,0.0
2024-08-26 14:35:00+09:00,980.0,980.0,978.0,978.0,200,0.0,0.0
2024-08-26 14:45:00+09:00,978.0,978.0,977.0,977.0,200,0.0,0.0
2024-08-26 14:55:00+09:00,978.0,980.0,977.0,977.0,700,0.0,0.0
2024-08-27 09:00:00+09:00,983.0,984.0,982.0,984.0,900,0.0,0.0
2024-08-27 09:05:00+09:00,982.0,982.0,982.0,982.0,200,0.0,0.0
2024-08-27 09:20:00+09:00,981.0,981.0,981.0,981.0,100,0.0,0.0
2024-08-27 09:30:00+09:00,984.0,984.0,984.0,984.0,100,0.0,0.0
2024-08-27 09:40:00+09:00,982.0,982.0,982.0,982.0,200,0.0,0.0
2024-08-27 09:55:00+09:00,982.0,985.0,982.0,985.0,500,0.0,0.0
2024-08-27 10:15:00+09:00,984.0,984.0,984.0,984.0,100,0.0,0.0
2024-08-27 10:20:00+09:00,983.0,983.0,983.0,983.0,100,0.0,0.0
2024-08-27 10:35:00+09:00,983.0,983.0,983.0,983.0,100,0.0,0.0
2024-08-27 10:50:00+09:00,983.0,983.0,983.0,983.0,0,0.0,0.0
2024-08-27 11:05:00+09:00,981.0,981.0,981.0,981.0,2600,0.0,0.0
2024-08-27 11:10:00+09:00,983.0,983.0,981.0,981.0,200,0.0,0.0
2024-08-27 11:20:00+09:00,981.0,981.0,981.0,981.0,200,0.0,0.0
2024-08-27 11:30:00+09:00,982.0,982.0,982.0,982.0,100,0.0,0.0
2024-08-27 11:35:00+09:00,982.0,982.0,982.0,982.0,0,0.0,0.0
2024-08-27 12:30:00+09:00,982.0,982.0,980.0,980.0,3900,0.0,0.0
2024-08-27 12:35:00+09:00,980.0,980.0,980.0,980.0,200,0.0,0.0
2024-08-27 12:50:00+09:00,980.0,980.0,980.0,980.0,100,0.0,0.0
2024-08-27 12:55:00+09:00,982.0,982.0,982.0,982.0,200,0.0,0.0
2024-08-27 13:10:00+09:00,982.0,982.0,982.0,982.0,200,0.0,0.0
2024-08-27 13:20:00+09:00,981.0,983.0,981.0,981.0,1200,0.0,0.0
2024-08-27 13:25:00+09:00,981.0,981.0,981.0,981.0,100,0.0,0.0
2024-08-27 13:40:00+09:00,980.0,981.0,978.0,978.0,1700,0.0,0.0
2024-08-27 13:55:00+09:00,980.0,980.0,980.0,980.0,600,0.0,0.0
2024-08-27 14:15:00+09:00,981.0,981.0,981.0,981.0,100,0.0,0.0
2024-08-27 14:20:00+09:00,980.0,982.0,980.0,982.0,200,0.0,0.0
2024-08-27 14:25:00+09:00,983.0,983.0,983.0,983.0,100,0.0,0.0
2024-08-27 14:55:00+09:00,980.0,980.0,978.0,978.0,200,0.0,0.0
2024-08-28 09:00:00+09:00,985.0,985.0,980.0,980.0,500,0.0,0.0
2024-08-28 09:15:00+09:00,980.0,980.0,980.0,980.0,100,0.0,0.0
2024-08-28 09:20:00+09:00,979.0,979.0,978.0,978.0,300,0.0,0.0
2024-08-28 09:40:00+09:00,982.0,982.0,982.0,982.0,100,0.0,0.0
2024-08-28 09:45:00+09:00,978.0,978.0,978.0,978.0,100,0.0,0.0
2024-08-28 10:10:00+09:00,981.0,981.0,981.0,981.0,100,0.0,0.0
2024-08-28 10:15:00+09:00,983.0,983.0,983.0,983.0,100,0.0,0.0
2024-08-28 10:25:00+09:00,981.0,981.0,981.0,981.0,100,0.0,0.0
2024-08-28 10:50:00+09:00,982.0,985.0,982.0,985.0,600,0.0,0.0
2024-08-28 11:30:00+09:00,985.0,985.0,985.0,985.0,300,0.0,0.0
2024-08-28 11:35:00+09:00,985.0,985.0,985.0,985.0,0,0.0,0.0
2024-08-28 12:30:00+09:00,985.0,985.0,982.0,985.0,3300,0.0,0.0
2024-08-28 12:35:00+09:00,981.0,984.0,981.0,984.0,200,0.0,0.0
2024-08-28 12:45:00+09:00,982.0,982.0,982.0,982.0,100,0.0,0.0
2024-08-28 13:05:00+09:00,980.0,984.0,978.0,979.0,2500,0.0,0.0
2024-08-28 13:25:00+09:00,980.0,980.0,980.0,980.0,100,0.0,0.0
2024-08-28 13:30:00+09:00,980.0,980.0,980.0,980.0,100,0.0,0.0
2024-08-28 13:40:00+09:00,979.0,979.0,978.0,978.0,200,0.0,0.0
2024-08-28 13:50:00+09:00,978.0,983.0,978.0,983.0,300,0.0,0.0
2024-08-28 13:55:00+09:00,983.0,983.0,983.0,983.0,100,0.0,0.0
2024-08-28 14:00:00+09:00,983.0,983.0,983.0,983.0,300,0.0,0.0
2024-08-28 14:35:00+09:00,981.0,982.0,980.0,982.0,400,0.0,0.0
2024-08-28 14:55:00+09:00,982.0,983.0,980.0,980.0,300,0.0,0.0
2024-08-29 09:00:00+09:00,984.0,985.0,984.0,985.0,1200,0.0,0.0
2024-08-29 09:05:00+09:00,985.0,985.0,985.0,985.0,100,0.0,0.0
2024-08-29 09:20:00+09:00,984.0,987.0,982.0,987.0,1300,0.0,0.0
2024-08-29 09:25:00+09:00,983.0,983.0,983.0,983.0,100,0.0,0.0
2024-08-29 09:30:00+09:00,987.0,987.0,983.0,983.0,200,0.0,0.0
2024-08-29 09:35:00+09:00,985.0,985.0,985.0,985.0,100,0.0,0.0
2024-08-29 09:45:00+09:00,986.0,986.0,983.0,983.0,200,0.0,0.0
2024-08-29 09:50:00+09:00,982.0,986.0,982.0,986.0,300,0.0,0.0
2024-08-29 10:25:00+09:00,986.0,986.0,986.0,986.0,800,0.0,0.0
2024-08-29 10:50:00+09:00,984.0,984.0,984.0,984.0,100,0.0,0.0
2024-08-29 11:00:00+09:00,984.0,984.0,984.0,984.0,200,0.0,0.0
2024-08-29 11:20:00+09:00,983.0,983.0,983.0,983.0,100,0.0,0.0
2024-08-29 11:25:00+09:00,986.0,986.0,986.0,986.0,100,0.0,0.0
2024-08-29 11:30:00+09:00,986.0,986.0,986.0,986.0,100,0.0,0.0
2024-08-29 11:35:00+09:00,986.0,986.0,986.0,986.0,0,0.0,0.0
2024-08-29 12:30:00+09:00,986.0,986.0,986.0,986.0,5400,0.0,0.0
2024-08-29 12:40:00+09:00,985.0,985.0,985.0,985.0,100,0.0,0.0
2024-08-29 12:45:00+09:00,986.0,986.0,986.0,986.0,100,0.0,0.0
2024-08-29 13:10:00+09:00,983.0,983.0,983.0,983.0,100,0.0,0.0
2024-08-29 13:30:00+09:00,983.0,983.0,983.0,983.0,100,0.0,0.0
2024-08-29 13:45:00+09:00,984.0,984.0,984.0,984.0,100,0.0,0.0
2024-08-29 14:05:00+09:00,983.0,983.0,983.0,983.0,100,0.0,0.0
2024-08-29 14:30:00+09:00,982.0,982.0,982.0,982.0,100,0.0,0.0
2024-08-29 14:35:00+09:00,982.0,982.0,982.0,982.0,100,0.0,0.0
2024-08-29 14:40:00+09:00,982.0,985.0,982.0,985.0,600,0.0,0.0
2024-08-29 14:55:00+09:00,983.0,986.0,983.0,986.0,200,0.0,0.0
2024-08-30 09:00:00+09:00,988.0,988.0,988.0,988.0,400,0.0,0.0
2024-08-30 09:05:00+09:00,987.0,987.0,987.0,987.0,200,0.0,0.0
2024-08-30 09:30:00+09:00,985.0,985.0,985.0,985.0,100,0.0,0.0
2024-08-30 09:45:00+09:00,985.0,985.0,985.0,985.0,100,0.0,0.0
2024-08-30 09:50:00+09:00,987.0,987.0,987.0,987.0,300,0.0,0.0
2024-08-30 10:50:00+09:00,985.0,985.0,984.0,984.0,300,0.0,0.0
2024-08-30 11:30:00+09:00,987.0,987.0,987.0,987.0,100,0.0,0.0
2024-08-30 11:35:00+09:00,987.0,987.0,987.0,987.0,0,0.0,0.0
2024-08-30 12:30:00+09:00,988.0,989.0,988.0,989.0,2200,0.0,0.0
2024-08-30 13:05:00+09:00,985.0,985.0,985.0,985.0,100,0.0,0.0
2024-08-30 13:10:00+09:00,985.0,985.0,985.0,985.0,100,0.0,0.0
2024-08-30 13:55:00+09:00,984.0,984.0,984.0,984.0,100,0.0,0.0
2024-08-30 14:00:00+09:00,983.0,983.0,983.0,983.0,200,0.0,0.0
2024-08-30 14:20:00+09:00,986.0,986.0,986.0,986.0,100,0.0,0.0
2024-08-30 14:25:00+09:00,984.0,987.0,984.0,987.0,200,0.0,0.0
2024-08-30 14:55:00+09:00,984.0,984.0,984.0,984.0,200,0.0,0.0
2024-09-02 09:00:00+09:00,989.0,990.0,988.0,990.0,2000,0.0,0.0
2024-09-02 09:10:00+09:00,988.0,988.0,987.0,987.0,300,0.0,0.0
2024-09-02 09:45:00+09:00,986.0,988.0,986.0,986.0,400,0.0,0.0
2024-09-02 09:50:00+09:00,988.0,988.0,988.0,988.0,100,0.0,0.0
2024-09-02 10:20:00+09:00,986.0,986.0,986.0,986.0,200,0.0,0.0
2024-09-02 10:30:00+09:00,988.0,989.0,988.0,989.0,1000,0.0,0.0
2024-09-02 10:50:00+09:00,986.0,986.0,986.0,986.0,200,0.0,0.0
2024-09-02 11:30:00+09:00,988.0,988.0,988.0,988.0,100,0.0,0.0
2024-09-02 11:35:00+09:00,988.0,988.0,988.0,988.0,0,0.0,0.0
2024-09-02 12:30:00+09:00,985.0,987.0,985.0,986.0,5300,0.0,0.0
2024-09-02 12:35:00+09:00,985.0,985.0,985.0,985.0,400,0.0,0.0
2024-09-02 13:10:00+09:00,985.0,985.0,984.0,984.0,200,0.0,0.0
2024-09-02 13:40:00+09:00,983.0,983.0,983.0,983.0,100,0.0,0.0
2024-09-02 14:15:00+09:00,984.0,984.0,983.0,983.0,200,0.0,0.0
2024-09-02 14:50:00+09:00,985.0,989.0,985.0,989.0,1900,0.0,0.0
2024-09-03 09:00:00+09:00,992.0,992.0,990.0,990.0,3100,0.0,0.0
2024-09-03 09:05:00+09:00,989.0,990.0,987.0,987.0,500,0.0,0.0
2024-09-03 09:15:00+09:00,989.0,989.0,986.0,986.0,200,0.0,0.0
2024-09-03 09:25:00+09:00,989.0,993.0,989.0,993.0,3000,0.0,0.0
2024-09-03 09:30:00+09:00,993.0,993.0,992.0,992.0,200,0.0,0.0
2024-09-03 09:45:00+09:00,990.0,990.0,990.0,990.0,100,0.0,0.0
2024-09-03 10:00:00+09:00,990.0,990.0,990.0,990.0,100,0.0,0.0
2024-09-03 10:05:00+09:00,988.0,988.0,986.0,986.0,1100,0.0,0.0
2024-09-03 10:15:00+09:00,988.0,990.0,988.0,990.0,300,0.0,0.0
2024-09-03 10:40:00+09:00,989.0,989.0,989.0,989.0,300,0.0,0.0
2024-09-03 10:50:00+09:00,988.0,988.0,988.0,988.0,100,0.0,0.0
2024-09-03 11:30:00+09:00,990.0,990.0,990.0,990.0,100,0.0,0.0
2024-09-03 11:35:00+09:00,990.0,990.0,990.0,990.0,0,0.0,0.0
2024-09-03 12:30:00+09:00,990.0,990.0,990.0,990.0,9500,0.0,0.0
2024-09-03 12:40:00+09:00,988.0,988.0,988.0,988.0,100,0.0,0.0
2024-09-03 12:50:00+09:00,987.0,987.0,987.0,987.0,100,0.0,0.0
2024-09-03 13:10:00+09:00,988.0,988.0,988.0,988.0,100,0.0,0.0
2024-09-03 13:20:00+09:00,990.0,991.0,990.0,991.0,300,0.0,0.0
2024-09-03 13:50:00+09:00,990.0,990.0,990.0,990.0,100,0.0,0.0
2024-09-03 14:05:00+09:00,989.0,989.0,989.0,989.0,100,0.0,0.0
2024-09-03 14:15:00+09:00,991.0,991.0,991.0,991.0,100,0.0,0.0
2024-09-03 14:20:00+09:00,990.0,990.0,990.0,990.0,100,0.0,0.0
2024-09-03 14:25:00+09:00,989.0,989.0,988.0,988.0,200,0.0,0.0
2024-09-03 14:35:00+09:00,988.0,988.0,988.0,988.0,200,0.0,0.0
2024-09-03 14:55:00+09:00,987.0,987.0,987.0,987.0,200,0.0,0.0
2024-09-04 09:00:00+09:00,982.0,982.0,982.0,982.0,1400,0.0,0.0
2024-09-04 09:30:00+09:00,983.0,986.0,983.0,986.0,800,0.0,0.0
2024-09-04 09:35:00+09:00,983.0,983.0,983.0,983.0,300,0.0,0.0
2024-09-04 09:40:00+09:00,982.0,982.0,982.0,982.0,400,0.0,0.0
2024-09-04 09:45:00+09:00,981.0,982.0,980.0,982.0,900,0.0,0.0
2024-09-04 09:50:00+09:00,982.0,983.0,982.0,983.0,300,0.0,0.0
2024-09-04 09:55:00+09:00,981.0,983.0,977.0,983.0,0,0.0,0.0
2024-09-04 10:00:00+09:00,980.0,980.0,980.0,980.0,7700,0.0,0.0
2024-09-04 10:25:00+09:00,980.0,980.0,980.0,980.0,100,0.0,0.0
2024-09-04 10:30:00+09:00,982.0,982.0,982.0,982.0,100,0.0,0.0
2024-09-04 10:45:00+09:00,983.0,983.0,983.0,983.0,100,0.0,0.0
2024-09-04 11:05:00+09:00,981.0,981.0,981.0,981.0,100,0.0,0.0
2024-09-04 11:25:00+09:00,981.0,981.0,981.0,981.0,100,0.0,0.0
2024-09-04 11:30:00+09:00,981.0,981.0,981.0,981.0,3000,0.0,0.0
2024-09-04 11:35:00+09:00,981.0,981.0,981.0,981.0,0,0.0,0.0
2024-09-04 12:30:00+09:00,983.0,984.0,982.0,982.0,12200,0.0,0.0
2024-09-04 13:10:00+09:00,984.0,984.0,984.0,984.0,100,0.0,0.0
2024-09-04 13:15:00+09:00,982.0,982.0,980.0,980.0,800,0.0,0.0
2024-09-04 13:45:00+09:00,982.0,982.0,982.0,982.0,100,0.0,0.0
2024-09-04 14:00:00+09:00,984.0,989.0,984.0,989.0,1000,0.0,0.0
2024-09-04 14:05:00+09:00,982.0,982.0,981.0,981.0,300,0.0,0.0
2024-09-04 14:10:00+09:00,980.0,984.0,979.0,984.0,800,0.0,0.0
2024-09-04 14:15:00+09:00,979.0,988.0,979.0,988.0,700,0.0,0.0
2024-09-04 14:35:00+09:00,986.0,986.0,984.0,984.0,300,0.0,0.0
2024-09-04 14:55:00+09:00,983.0,986.0,979.0,986.0,500,0.0,0.0
2024-09-05 09:00:00+09:00,980.0,984.0,980.0,984.0,200,0.0,0.0
2024-09-05 09:20:00+09:00,982.0,982.0,982.0,982.0,100,0.0,0.0
2024-09-05 09:50:00+09:00,985.0,985.0,985.0,985.0,100,0.0,0.0
2024-09-05 10:05:00+09:00,981.0,981.0,981.0,981.0,100,0.0,0.0
2024-09-05 10:15:00+09:00,982.0,982.0,982.0,982.0,100,0.0,0.0
2024-09-05 10:30:00+09:00,984.0,985.0,984.0,985.0,200,0.0,0.0
2024-09-05 10:35:00+09:00,984.0,985.0,982.0,985.0,300,0.0,0.0
2024-09-05 10:45:00+09:00,983.0,983.0,983.0,983.0,200,0.0,0.0
2024-09-05 10:50:00+09:00,982.0,985.0,982.0,985.0,300,0.0,0.0
2024-09-05 11:05:00+09:00,981.0,981.0,981.0,981.0,200,0.0,0.0
2024-09-05 11:35:00+09:00,981.0,981.0,981.0,981.0,0,0.0,0.0
2024-09-05 12:30:00+09:00,981.0,981.0,981.0,981.0,2100,0.0,0.0
2024-09-05 12:40:00+09:00,980.0,980.0,980.0,980.0,400,0.0,0.0
2024-09-05 12:55:00+09:00,980.0,984.0,978.0,979.0,1000,0.0,0.0
2024-09-05 13:35:00+09:00,978.0,978.0,975.0,975.0,1700,0.0,0.0
2024-09-05 14:25:00+09:00,977.0,977.0,977.0,977.0,100,0.0,0.0
2024-09-06 09:00:00+09:00,985.0,985.0,985.0,985.0,200,0.0,0.0
2024-09-06 09:10:00+09:00,985.0,985.0,985.0,985.0,100,0.0,0.0
2024-09-06 09:20:00+09:00,983.0,983.0,983.0,983.0,200,0.0,0.0
2024-09-06 09:30:00+09:00,986.0,986.0,986.0,986.0,200,0.0,0.0
2024-09-06 09:45:00+09:00,982.0,984.0,982.0,984.0,200,0.0,0.0
2024-09-06 09:55:00+09:00,982.0,985.0,982.0,982.0,400,0.0,0.0
2024-09-06 10:05:00+09:00,985.0,985.0,982.0,982.0,200,0.0,0.0
2024-09-06 11:05:00+09:00,985.0,986.0,985.0,986.0,300,0.0,0.0
2024-09-06 11:30:00+09:00,986.0,986.0,986.0,986.0,100,0.0,0.0
2024-09-06 11:35:00+09:00,986.0,986.0,986.0,986.0,0,0.0,0.0
2024-09-06 12:30:00+09:00,986.0,986.0,986.0,986.0,2200,0.0,0.0
2024-09-06 12:35:00+09:00,982.0,982.0,982.0,982.0,100,0.0,0.0
2024-09-06 12:40:00+09:00,982.0,982.0,982.0,982.0,200,0.0,0.0
2024-09-06 13:00:00+09:00,981.0,981.0,981.0,981.0,100,0.0,0.0
2024-09-06 13:05:00+09:00,981.0,983.0,980.0,983.0,800,0.0,0.0
2024-09-06 13:25:00+09:00,981.0,981.0,981.0,981.0,100,0.0,0.0
2024-09-06 13:35:00+09:00,980.0,980.0,980.0,980.0,100,0.0,0.0
2024-09-06 14:00:00+09:00,980.0,980.0,980.0,980.0,300,0.0,0.0
2024-09-06 14:05:00+09:00,979.0,980.0,978.0,978.0,500,0.0,0.0
2024-09-06 14:30:00+09:00,980.0,980.0,980.0,980.0,100,0.0,0.0
2024-09-06 14:40:00+09:00,978.0,979.0,978.0,978.0,300,0.0,0.0
2024-09-06 14:55:00+09:00,980.0,981.0,979.0,979.0,500,0.0,0.0
