Datetime,Open,High,Low,Close,Volume,Dividends,Stock Splits
2024-08-08 09:00:00+09:00,685.0,688.0,685.0,686.0,102300,0.0,0.0
2024-08-08 09:05:00+09:00,689.0,689.0,684.0,685.0,4500,0.0,0.0
2024-08-08 09:10:00+09:00,685.0,686.0,685.0,686.0,600,0.0,0.0
2024-08-08 09:15:00+09:00,686.0,689.0,686.0,687.0,1200,0.0,0.0
2024-08-08 09:20:00+09:00,689.0,690.0,689.0,689.0,1800,0.0,0.0
2024-08-08 09:25:00+09:00,690.0,690.0,688.0,688.0,700,0.0,0.0
2024-08-08 09:30:00+09:00,688.0,691.0,687.0,690.0,2300,0.0,0.0
2024-08-08 09:35:00+09:00,692.0,692.0,684.0,684.0,4600,0.0,0.0
2024-08-08 09:40:00+09:00,684.0,685.0,683.0,685.0,1600,0.0,0.0
2024-08-08 09:45:00+09:00,684.0,684.0,683.0,684.0,900,0.0,0.0
2024-08-08 09:50:00+09:00,683.0,684.0,683.0,684.0,3700,0.0,0.0
2024-08-08 09:55:00+09:00,685.0,685.0,684.0,684.0,300,0.0,0.0
2024-08-08 10:00:00+09:00,685.0,685.0,683.0,684.0,1300,0.0,0.0
2024-08-08 10:05:00+09:00,684.0,684.0,684.0,684.0,500,0.0,0.0
2024-08-08 10:10:00+09:00,684.0,684.0,683.0,683.0,700,0.0,0.0
2024-08-08 10:15:00+09:00,684.0,684.0,684.0,684.0,600,0.0,0.0
2024-08-08 10:20:00+09:00,684.0,684.0,684.0,684.0,100,0.0,0.0
2024-08-08 10:25:00+09:00,684.0,684.0,682.0,682.0,5200,0.0,0.0
2024-08-08 10:30:00+09:00,681.0,682.0,681.0,682.0,2600,0.0,0.0
2024-08-08 10:35:00+09:00,682.0,684.0,682.0,684.0,2200,0.0,0.0
2024-08-08 10:40:00+09:00,684.0,685.0,684.0,685.0,200,0.0,0.0
2024-08-08 10:45:00+09:00,685.0,685.0,685.0,685.0,800,0.0,0.0
2024-08-08 10:50:00+09:00,684.0,685.0,684.0,685.0,900,0.0,0.0
2024-08-08 10:55:00+09:00,685.0,685.0,684.0,685.0,700,0.0,0.0
2024-08-08 11:00:00+09:00,685.0,685.0,685.0,685.0,600,0.0,0.0
2024-08-08 11:05:00+09:00,686.0,686.0,686.0,686.0,100,0.0,0.0
2024-08-08 11:10:00+09:00,686.0,687.0,686.0,687.0,1900,0.0,0.0
2024-08-08 11:15:00+09:00,687.0,687.0,687.0,687.0,1100,0.0,0.0
2024-08-08 11:20:00+09:00,688.0,688.0,688.0,688.0,400,0.0,0.0
2024-08-08 11:25:00+09:00,688.0,688.0,688.0,688.0,200,0.0,0.0
2024-08-08 11:30:00+09:00,687.0,687.0,687.0,687.0,5500,0.0,0.0
2024-08-08 11:35:00+09:00,687.0,687.0,687.0,687.0,0,0.0,0.0
2024-08-08 12:30:00+09:00,690.0,691.0,689.0,690.0,161300,0.0,0.0
2024-08-08 12:35:00+09:00,692.0,692.0,691.0,691.0,800,0.0,0.0
2024-08-08 12:40:00+09:00,691.0,691.0,691.0,691.0,700,0.0,0.0
2024-08-08 12:45:00+09:00,691.0,691.0,690.0,690.0,600,0.0,0.0
2024-08-08 12:50:00+09:00,691.0,691.0,690.0,690.0,3000,0.0,0.0
2024-08-08 12:55:00+09:00,690.0,690.0,688.0,688.0,1700,0.0,0.0
2024-08-08 13:00:00+09:00,688.0,688.0,688.0,688.0,400,0.0,0.0
2024-08-08 13:05:00+09:00,687.0,689.0,687.0,689.0,900,0.0,0.0
2024-08-08 13:10:00+09:00,689.0,689.0,689.0,689.0,200,0.0,0.0
2024-08-08 13:15:00+09:00,689.0,690.0,689.0,690.0,900,0.0,0.0
2024-08-08 13:20:00+09:00,690.0,690.0,689.0,689.0,300,0.0,0.0
2024-08-08 13:25:00+09:00,690.0,690.0,690.0,690.0,200,0.0,0.0
2024-08-08 13:30:00+09:00,689.0,690.0,689.0,689.0,1600,0.0,0.0
2024-08-08 13:35:00+09:00,689.0,689.0,688.0,688.0,2100,0.0,0.0
2024-08-08 13:40:00+09:00,689.0,689.0,687.0,687.0,1900,0.0,0.0
2024-08-08 13:45:00+09:00,687.0,687.0,687.0,687.0,100,0.0,0.0
2024-08-08 13:50:00+09:00,687.0,688.0,687.0,688.0,200,0.0,0.0
2024-08-08 13:55:00+09:00,687.0,687.0,687.0,687.0,0,0.0,0.0
2024-08-08 14:05:00+09:00,688.0,688.0,688.0,688.0,177100,0.0,0.0
2024-08-08 14:10:00+09:00,688.0,688.0,687.0,687.0,300,0.0,0.0
2024-08-08 14:15:00+09:00,687.0,687.0,687.0,687.0,1600,0.0,0.0
2024-08-08 14:20:00+09:00,687.0,687.0,687.0,687.0,300,0.0,0.0
2024-08-08 14:25:00+09:00,687.0,687.0,686.0,686.0,1600,0.0,0.0
2024-08-08 14:30:00+09:00,687.0,687.0,687.0,687.0,3100,0.0,0.0
2024-08-08 14:35:00+09:00,687.0,687.0,686.0,686.0,1700,0.0,0.0
2024-08-08 14:40:00+09:00,686.0,686.0,686.0,686.0,300,0.0,0.0
2024-08-08 14:45:00+09:00,686.0,686.0,686.0,686.0,500,0.0,0.0
2024-08-08 14:50:00+09:00,685.0,685.0,684.0,684.0,5400,0.0,0.0
2024-08-08 14:55:00+09:00,684.0,685.0,683.0,685.0,3600,0.0,0.0
2024-08-09 09:00:00+09:00,692.0,694.0,688.0,690.0,39300,0.0,0.0
2024-08-09 09:05:00+09:00,688.0,695.0,687.0,693.0,6000,0.0,0.0
2024-08-09 09:10:00+09:00,691.0,691.0,686.0,687.0,3800,0.0,0.0
2024-08-09 09:15:00+09:00,686.0,691.0,685.0,691.0,6500,0.0,0.0
2024-08-09 09:20:00+09:00,688.0,688.0,688.0,688.0,100,0.0,0.0
2024-08-09 09:25:00+09:00,689.0,690.0,689.0,690.0,200,0.0,0.0
2024-08-09 09:30:00+09:00,689.0,692.0,689.0,692.0,1000,0.0,0.0
2024-08-09 09:35:00+09:00,693.0,694.0,691.0,692.0,1200,0.0,0.0
2024-08-09 09:40:00+09:00,693.0,693.0,692.0,692.0,500,0.0,0.0
2024-08-09 09:45:00+09:00,693.0,694.0,693.0,694.0,2100,0.0,0.0
2024-08-09 09:50:00+09:00,693.0,694.0,692.0,694.0,1200,0.0,0.0
2024-08-09 09:55:00+09:00,693.0,693.0,693.0,693.0,300,0.0,0.0
2024-08-09 10:00:00+09:00,694.0,694.0,692.0,692.0,500,0.0,0.0
2024-08-09 10:05:00+09:00,692.0,692.0,692.0,692.0,300,0.0,0.0
2024-08-09 10:10:00+09:00,692.0,692.0,692.0,692.0,200,0.0,0.0
2024-08-09 10:15:00+09:00,693.0,693.0,692.0,692.0,600,0.0,0.0
2024-08-09 10:20:00+09:00,692.0,693.0,691.0,693.0,800,0.0,0.0
2024-08-09 10:25:00+09:00,691.0,691.0,691.0,691.0,100,0.0,0.0
2024-08-09 10:30:00+09:00,692.0,692.0,692.0,692.0,100,0.0,0.0
2024-08-09 10:35:00+09:00,691.0,691.0,690.0,691.0,500,0.0,0.0
2024-08-09 10:40:00+09:00,690.0,693.0,690.0,693.0,1800,0.0,0.0
2024-08-09 10:45:00+09:00,692.0,692.0,692.0,692.0,300,0.0,0.0
2024-08-09 10:50:00+09:00,692.0,692.0,692.0,692.0,500,0.0,0.0
2024-08-09 10:55:00+09:00,691.0,691.0,691.0,691.0,300,0.0,0.0
2024-08-09 11:00:00+09:00,691.0,691.0,688.0,688.0,2400,0.0,0.0
2024-08-09 11:05:00+09:00,688.0,688.0,687.0,687.0,1500,0.0,0.0
2024-08-09 11:10:00+09:00,688.0,688.0,688.0,688.0,500,0.0,0.0
2024-08-09 11:15:00+09:00,688.0,689.0,688.0,689.0,400,0.0,0.0
2024-08-09 11:25:00+09:00,688.0,688.0,687.0,688.0,700,0.0,0.0
2024-08-09 11:30:00+09:00,687.0,687.0,687.0,687.0,3000,0.0,0.0
2024-08-09 11:35:00+09:00,687.0,687.0,687.0,687.0,0,0.0,0.0
2024-08-09 12:30:00+09:00,691.0,691.0,689.0,689.0,96800,0.0,0.0
2024-08-09 12:35:00+09:00,691.0,691.0,690.0,691.0,800,0.0,0.0
2024-08-09 12:40:00+09:00,690.0,691.0,690.0,691.0,900,0.0,0.0
2024-08-09 12:45:00+09:00,690.0,691.0,689.0,689.0,800,0.0,0.0
2024-08-09 12:50:00+09:00,689.0,690.0,689.0,690.0,300,0.0,0.0
2024-08-09 13:00:00+09:00,691.0,691.0,689.0,689.0,500,0.0,0.0
2024-08-09 13:05:00+09:00,691.0,691.0,690.0,690.0,200,0.0,0.0
2024-08-09 13:10:00+09:00,689.0,689.0,688.0,688.0,1100,0.0,0.0
2024-08-09 13:15:00+09:00,689.0,689.0,689.0,689.0,100,0.0,0.0
2024-08-09 13:20:00+09:00,689.0,689.0,688.0,688.0,1200,0.0,0.0
2024-08-09 13:25:00+09:00,687.0,688.0,687.0,688.0,2400,0.0,0.0
2024-08-09 13:30:00+09:00,686.0,687.0,686.0,687.0,200,0.0,0.0
2024-08-09 13:35:00+09:00,686.0,686.0,685.0,686.0,7500,0.0,0.0
2024-08-09 13:40:00+09:00,686.0,686.0,686.0,686.0,200,0.0,0.0
2024-08-09 13:50:00+09:00,686.0,686.0,685.0,685.0,200,0.0,0.0
2024-08-09 13:55:00+09:00,685.0,685.0,683.0,683.0,5500,0.0,0.0
2024-08-09 14:00:00+09:00,683.0,685.0,683.0,685.0,3100,0.0,0.0
2024-08-09 14:05:00+09:00,685.0,686.0,685.0,686.0,1300,0.0,0.0
2024-08-09 14:10:00+09:00,685.0,686.0,685.0,686.0,500,0.0,0.0
2024-08-09 14:15:00+09:00,688.0,688.0,688.0,688.0,200,0.0,0.0
2024-08-09 14:20:00+09:00,687.0,687.0,686.0,687.0,800,0.0,0.0
2024-08-09 14:25:00+09:00,688.0,689.0,688.0,689.0,1000,0.0,0.0
2024-08-09 14:30:00+09:00,689.0,693.0,689.0,691.0,4400,0.0,0.0
2024-08-09 14:35:00+09:00,691.0,691.0,690.0,690.0,1900,0.0,0.0
2024-08-09 14:40:00+09:00,691.0,691.0,690.0,690.0,800,0.0,0.0
2024-08-09 14:45:00+09:00,690.0,690.0,690.0,690.0,1200,0.0,0.0
2024-08-09 14:50:00+09:00,690.0,691.0,690.0,690.0,3100,0.0,0.0
2024-08-09 14:55:00+09:00,690.0,691.0,690.0,690.0,1500,0.0,0.0
2024-08-13 09:00:00+09:00,698.0,698.0,695.0,695.0,0,0.0,0.0
2024-08-13 09:05:00+09:00,694.0,695.0,692.0,692.0,2300,0.0,0.0
2024-08-13 09:10:00+09:00,693.0,693.0,692.0,693.0,400,0.0,0.0
2024-08-13 09:15:00+09:00,692.0,692.0,690.0,690.0,2500,0.0,0.0
2024-08-13 09:20:00+09:00,691.0,691.0,690.0,690.0,700,0.0,0.0
2024-08-13 09:25:00+09:00,691.0,692.0,691.0,692.0,600,0.0,0.0
2024-08-13 09:30:00+09:00,692.0,692.0,692.0,692.0,1400,0.0,0.0
2024-08-13 09:35:00+09:00,693.0,693.0,693.0,693.0,500,0.0,0.0
2024-08-13 09:40:00+09:00,692.0,694.0,692.0,693.0,1300,0.0,0.0
2024-08-13 09:50:00+09:00,695.0,695.0,694.0,694.0,2900,0.0,0.0
2024-08-13 09:55:00+09:00,696.0,696.0,696.0,696.0,1700,0.0,0.0
2024-08-13 10:00:00+09:00,696.0,696.0,694.0,695.0,500,0.0,0.0
2024-08-13 10:10:00+09:00,695.0,695.0,695.0,695.0,300,0.0,0.0
2024-08-13 10:15:00+09:00,695.0,695.0,695.0,695.0,100,0.0,0.0
2024-08-13 10:20:00+09:00,696.0,696.0,696.0,696.0,200,0.0,0.0
2024-08-13 10:25:00+09:00,696.0,697.0,696.0,697.0,1400,0.0,0.0
2024-08-13 10:35:00+09:00,697.0,697.0,696.0,697.0,1000,0.0,0.0
2024-08-13 10:40:00+09:00,697.0,697.0,697.0,697.0,100,0.0,0.0
2024-08-13 10:45:00+09:00,697.0,698.0,697.0,698.0,1100,0.0,0.0
2024-08-13 10:50:00+09:00,698.0,698.0,697.0,697.0,400,0.0,0.0
2024-08-13 10:55:00+09:00,698.0,698.0,698.0,698.0,100,0.0,0.0
2024-08-13 11:00:00+09:00,698.0,698.0,698.0,698.0,300,0.0,0.0
2024-08-13 11:05:00+09:00,698.0,698.0,698.0,698.0,100,0.0,0.0
2024-08-13 11:10:00+09:00,698.0,698.0,696.0,696.0,500,0.0,0.0
2024-08-13 11:20:00+09:00,696.0,697.0,696.0,697.0,1500,0.0,0.0
2024-08-13 11:25:00+09:00,697.0,697.0,697.0,697.0,200,0.0,0.0
2024-08-13 11:30:00+09:00,697.0,697.0,697.0,697.0,2100,0.0,0.0
2024-08-13 11:35:00+09:00,697.0,697.0,697.0,697.0,0,0.0,0.0
2024-08-13 12:30:00+09:00,697.0,698.0,697.0,697.0,54400,0.0,0.0
2024-08-13 12:35:00+09:00,697.0,698.0,697.0,698.0,200,0.0,0.0
2024-08-13 12:40:00+09:00,698.0,698.0,697.0,698.0,1100,0.0,0.0
2024-08-13 12:45:00+09:00,698.0,698.0,697.0,697.0,300,0.0,0.0
2024-08-13 12:50:00+09:00,698.0,698.0,696.0,697.0,300,0.0,0.0
2024-08-13 12:55:00+09:00,697.0,697.0,697.0,697.0,400,0.0,0.0
2024-08-13 13:00:00+09:00,697.0,697.0,697.0,697.0,100,0.0,0.0
2024-08-13 13:05:00+09:00,697.0,697.0,696.0,696.0,200,0.0,0.0
2024-08-13 13:10:00+09:00,697.0,699.0,697.0,697.0,7000,0.0,0.0
2024-08-13 13:15:00+09:00,699.0,699.0,697.0,697.0,600,0.0,0.0
2024-08-13 13:20:00+09:00,697.0,699.0,697.0,699.0,800,0.0,0.0
2024-08-13 13:25:00+09:00,699.0,699.0,698.0,698.0,500,0.0,0.0
2024-08-13 13:30:00+09:00,698.0,698.0,698.0,698.0,100,0.0,0.0
2024-08-13 13:35:00+09:00,699.0,699.0,698.0,698.0,200,0.0,0.0
2024-08-13 13:40:00+09:00,699.0,699.0,699.0,699.0,300,0.0,0.0
2024-08-13 13:45:00+09:00,699.0,699.0,699.0,699.0,300,0.0,0.0
2024-08-13 13:50:00+09:00,699.0,699.0,699.0,699.0,200,0.0,0.0
2024-08-13 13:55:00+09:00,699.0,699.0,699.0,699.0,1200,0.0,0.0
2024-08-13 14:00:00+09:00,699.0,699.0,699.0,699.0,200,0.0,0.0
2024-08-13 14:05:00+09:00,699.0,699.0,699.0,699.0,100,0.0,0.0
2024-08-13 14:10:00+09:00,699.0,699.0,698.0,698.0,600,0.0,0.0
2024-08-13 14:15:00+09:00,698.0,699.0,698.0,698.0,1400,0.0,0.0
2024-08-13 14:20:00+09:00,698.0,698.0,698.0,698.0,100,0.0,0.0
2024-08-13 14:25:00+09:00,698.0,698.0,698.0,698.0,300,0.0,0.0
2024-08-13 14:30:00+09:00,699.0,699.0,699.0,699.0,100,0.0,0.0
2024-08-13 14:35:00+09:00,698.0,698.0,698.0,698.0,100,0.0,0.0
2024-08-13 14:40:00+09:00,699.0,699.0,698.0,699.0,300,0.0,0.0
2024-08-13 14:45:00+09:00,699.0,699.0,698.0,698.0,1400,0.0,0.0
2024-08-13 14:50:00+09:00,698.0,699.0,698.0,699.0,1000,0.0,0.0
2024-08-13 14:55:00+09:00,699.0,699.0,698.0,698.0,1000,0.0,0.0
2024-08-14 09:00:00+09:00,700.0,703.0,700.0,702.0,16000,0.0,0.0
2024-08-14 09:05:00+09:00,702.0,702.0,700.0,701.0,1800,0.0,0.0
2024-08-14 09:10:00+09:00,702.0,703.0,700.0,700.0,3600,0.0,0.0
2024-08-14 09:15:00+09:00,700.0,700.0,698.0,700.0,3100,0.0,0.0
2024-08-14 09:20:00+09:00,700.0,700.0,700.0,700.0,700,0.0,0.0
2024-08-14 09:25:00+09:00,700.0,700.0,699.0,699.0,1700,0.0,0.0
2024-08-14 09:30:00+09:00,700.0,700.0,699.0,700.0,4400,0.0,0.0
2024-08-14 09:35:00+09:00,700.0,700.0,700.0,700.0,1300,0.0,0.0
2024-08-14 09:40:00+09:00,700.0,701.0,700.0,701.0,900,0.0,0.0
2024-08-14 09:45:00+09:00,700.0,701.0,700.0,701.0,1200,0.0,0.0
2024-08-14 09:50:00+09:00,701.0,702.0,701.0,702.0,1200,0.0,0.0
2024-08-14 09:55:00+09:00,701.0,704.0,701.0,704.0,1000,0.0,0.0
2024-08-14 10:05:00+09:00,703.0,705.0,702.0,705.0,15700,0.0,0.0
2024-08-14 10:10:00+09:00,702.0,702.0,702.0,702.0,100,0.0,0.0
2024-08-14 10:15:00+09:00,703.0,703.0,701.0,701.0,700,0.0,0.0
2024-08-14 10:20:00+09:00,702.0,703.0,702.0,703.0,900,0.0,0.0
2024-08-14 10:25:00+09:00,703.0,703.0,703.0,703.0,1700,0.0,0.0
2024-08-14 10:35:00+09:00,704.0,704.0,704.0,704.0,2500,0.0,0.0
2024-08-14 10:40:00+09:00,704.0,704.0,704.0,704.0,100,0.0,0.0
2024-08-14 10:50:00+09:00,704.0,704.0,704.0,704.0,100,0.0,0.0
2024-08-14 10:55:00+09:00,703.0,707.0,703.0,705.0,8200,0.0,0.0
2024-08-14 11:00:00+09:00,706.0,707.0,706.0,707.0,1100,0.0,0.0
2024-08-14 11:05:00+09:00,705.0,705.0,704.0,704.0,900,0.0,0.0
2024-08-14 11:10:00+09:00,704.0,704.0,701.0,702.0,3100,0.0,0.0
2024-08-14 11:15:00+09:00,701.0,701.0,701.0,701.0,200,0.0,0.0
2024-08-14 11:25:00+09:00,701.0,701.0,701.0,701.0,400,0.0,0.0
2024-08-14 11:30:00+09:00,701.0,701.0,701.0,701.0,500,0.0,0.0
2024-08-14 11:35:00+09:00,701.0,701.0,701.0,701.0,0,0.0,0.0
2024-08-14 12:30:00+09:00,701.0,702.0,701.0,702.0,75700,0.0,0.0
2024-08-14 12:35:00+09:00,701.0,703.0,701.0,703.0,2200,0.0,0.0
2024-08-14 12:40:00+09:00,702.0,703.0,702.0,703.0,400,0.0,0.0
2024-08-14 12:45:00+09:00,702.0,702.0,701.0,701.0,200,0.0,0.0
2024-08-14 12:50:00+09:00,703.0,703.0,701.0,701.0,900,0.0,0.0
2024-08-14 13:00:00+09:00,703.0,703.0,702.0,702.0,500,0.0,0.0
2024-08-14 13:10:00+09:00,703.0,703.0,701.0,701.0,1400,0.0,0.0
2024-08-14 13:15:00+09:00,701.0,702.0,701.0,702.0,800,0.0,0.0
2024-08-14 13:20:00+09:00,701.0,701.0,701.0,701.0,600,0.0,0.0
2024-08-14 13:25:00+09:00,701.0,702.0,701.0,702.0,200,0.0,0.0
2024-08-14 13:30:00+09:00,701.0,702.0,700.0,702.0,6900,0.0,0.0
2024-08-14 13:35:00+09:00,701.0,701.0,700.0,700.0,300,0.0,0.0
2024-08-14 13:40:00+09:00,700.0,701.0,700.0,701.0,1200,0.0,0.0
2024-08-14 13:45:00+09:00,700.0,700.0,700.0,700.0,600,0.0,0.0
2024-08-14 13:50:00+09:00,700.0,700.0,700.0,700.0,300,0.0,0.0
2024-08-14 13:55:00+09:00,700.0,701.0,700.0,701.0,500,0.0,0.0
2024-08-14 14:00:00+09:00,701.0,701.0,700.0,701.0,300,0.0,0.0
2024-08-14 14:05:00+09:00,701.0,701.0,700.0,700.0,3900,0.0,0.0
2024-08-14 14:10:00+09:00,701.0,701.0,700.0,700.0,500,0.0,0.0
2024-08-14 14:15:00+09:00,700.0,700.0,700.0,700.0,300,0.0,0.0
2024-08-14 14:25:00+09:00,701.0,701.0,701.0,701.0,100,0.0,0.0
2024-08-14 14:30:00+09:00,701.0,701.0,701.0,701.0,2300,0.0,0.0
2024-08-14 14:35:00+09:00,702.0,702.0,701.0,702.0,700,0.0,0.0
2024-08-14 14:40:00+09:00,702.0,704.0,702.0,703.0,3700,0.0,0.0
2024-08-14 14:45:00+09:00,702.0,702.0,702.0,702.0,200,0.0,0.0
2024-08-14 14:50:00+09:00,702.0,702.0,702.0,702.0,500,0.0,0.0
2024-08-14 14:55:00+09:00,703.0,703.0,700.0,700.0,2800,0.0,0.0
2024-08-15 09:00:00+09:00,705.0,706.0,704.0,706.0,16500,0.0,0.0
2024-08-15 09:05:00+09:00,706.0,708.0,705.0,707.0,2500,0.0,0.0
2024-08-15 09:10:00+09:00,707.0,707.0,706.0,706.0,700,0.0,0.0
2024-08-15 09:15:00+09:00,706.0,706.0,705.0,706.0,3000,0.0,0.0
2024-08-15 09:20:00+09:00,705.0,705.0,704.0,705.0,1000,0.0,0.0
2024-08-15 09:25:00+09:00,705.0,705.0,705.0,705.0,800,0.0,0.0
2024-08-15 09:30:00+09:00,705.0,705.0,702.0,703.0,4300,0.0,0.0
2024-08-15 09:35:00+09:00,705.0,707.0,704.0,707.0,3500,0.0,0.0
2024-08-15 09:40:00+09:00,706.0,706.0,706.0,706.0,400,0.0,0.0
2024-08-15 09:45:00+09:00,706.0,707.0,706.0,706.0,2200,0.0,0.0
2024-08-15 09:50:00+09:00,705.0,705.0,705.0,705.0,200,0.0,0.0
2024-08-15 09:55:00+09:00,706.0,706.0,706.0,706.0,200,0.0,0.0
2024-08-15 10:05:00+09:00,706.0,706.0,706.0,706.0,100,0.0,0.0
2024-08-15 10:10:00+09:00,706.0,708.0,706.0,707.0,6600,0.0,0.0
2024-08-15 10:15:00+09:00,707.0,707.0,707.0,707.0,400,0.0,0.0
2024-08-15 10:20:00+09:00,707.0,708.0,707.0,708.0,300,0.0,0.0
2024-08-15 10:25:00+09:00,707.0,708.0,706.0,708.0,2500,0.0,0.0
2024-08-15 10:30:00+09:00,707.0,707.0,707.0,707.0,100,0.0,0.0
2024-08-15 10:40:00+09:00,707.0,708.0,707.0,708.0,900,0.0,0.0
2024-08-15 10:45:00+09:00,708.0,709.0,708.0,708.0,500,0.0,0.0
2024-08-15 10:50:00+09:00,708.0,708.0,708.0,708.0,400,0.0,0.0
2024-08-15 10:55:00+09:00,708.0,708.0,707.0,707.0,600,0.0,0.0
2024-08-15 11:20:00+09:00,709.0,709.0,709.0,709.0,100,0.0,0.0
2024-08-15 11:25:00+09:00,708.0,708.0,708.0,708.0,100,0.0,0.0
2024-08-15 11:30:00+09:00,707.0,707.0,707.0,707.0,500,0.0,0.0
2024-08-15 11:35:00+09:00,707.0,707.0,707.0,707.0,0,0.0,0.0
2024-08-15 12:30:00+09:00,709.0,710.0,709.0,710.0,62700,0.0,0.0
2024-08-15 12:35:00+09:00,709.0,710.0,709.0,710.0,700,0.0,0.0
2024-08-15 12:40:00+09:00,709.0,710.0,709.0,710.0,1200,0.0,0.0
2024-08-15 12:45:00+09:00,709.0,709.0,708.0,708.0,900,0.0,0.0
2024-08-15 12:50:00+09:00,708.0,710.0,708.0,708.0,2500,0.0,0.0
2024-08-15 12:55:00+09:00,709.0,709.0,709.0,709.0,100,0.0,0.0
2024-08-15 13:00:00+09:00,709.0,709.0,709.0,709.0,500,0.0,0.0
2024-08-15 13:05:00+09:00,709.0,710.0,709.0,709.0,2200,0.0,0.0
2024-08-15 13:10:00+09:00,709.0,709.0,709.0,709.0,300,0.0,0.0
2024-08-15 13:15:00+09:00,708.0,709.0,708.0,709.0,1800,0.0,0.0
2024-08-15 13:20:00+09:00,708.0,709.0,708.0,709.0,900,0.0,0.0
2024-08-15 13:25:00+09:00,709.0,709.0,709.0,709.0,200,0.0,0.0
2024-08-15 13:30:00+09:00,709.0,710.0,709.0,710.0,1800,0.0,0.0
2024-08-15 13:35:00+09:00,710.0,710.0,709.0,710.0,1100,0.0,0.0
2024-08-15 13:40:00+09:00,710.0,711.0,710.0,711.0,1100,0.0,0.0
2024-08-15 13:45:00+09:00,710.0,710.0,710.0,710.0,200,0.0,0.0
2024-08-15 13:50:00+09:00,710.0,710.0,710.0,710.0,400,0.0,0.0
2024-08-15 13:55:00+09:00,711.0,711.0,711.0,711.0,4500,0.0,0.0
2024-08-15 14:00:00+09:00,711.0,712.0,711.0,712.0,1400,0.0,0.0
2024-08-15 14:05:00+09:00,712.0,712.0,710.0,710.0,3900,0.0,0.0
2024-08-15 14:10:00+09:00,710.0,711.0,710.0,711.0,400,0.0,0.0
2024-08-15 14:15:00+09:00,710.0,712.0,710.0,710.0,1900,0.0,0.0
2024-08-15 14:25:00+09:00,710.0,710.0,710.0,710.0,100,0.0,0.0
2024-08-15 14:35:00+09:00,710.0,711.0,710.0,711.0,1900,0.0,0.0
2024-08-15 14:40:00+09:00,711.0,711.0,711.0,711.0,300,0.0,0.0
2024-08-15 14:45:00+09:00,711.0,711.0,711.0,711.0,400,0.0,0.0
2024-08-15 14:50:00+09:00,711.0,711.0,711.0,711.0,2600,0.0,0.0
2024-08-15 14:55:00+09:00,711.0,711.0,710.0,711.0,600,0.0,0.0
2024-08-16 09:00:00+09:00,719.0,719.0,713.0,713.0,64400,0.0,0.0
2024-08-16 09:05:00+09:00,713.0,714.0,711.0,712.0,5000,0.0,0.0
2024-08-16 09:10:00+09:00,712.0,713.0,712.0,713.0,800,0.0,0.0
2024-08-16 09:15:00+09:00,712.0,712.0,711.0,712.0,1200,0.0,0.0
2024-08-16 09:20:00+09:00,712.0,713.0,712.0,713.0,600,0.0,0.0
2024-08-16 09:25:00+09:00,713.0,714.0,713.0,714.0,800,0.0,0.0
2024-08-16 09:30:00+09:00,715.0,715.0,714.0,714.0,1000,0.0,0.0
2024-08-16 09:35:00+09:00,713.0,713.0,712.0,713.0,3500,0.0,0.0
2024-08-16 09:40:00+09:00,712.0,712.0,712.0,712.0,200,0.0,0.0
2024-08-16 09:45:00+09:00,712.0,712.0,711.0,711.0,1000,0.0,0.0
2024-08-16 09:50:00+09:00,711.0,712.0,711.0,712.0,900,0.0,0.0
2024-08-16 09:55:00+09:00,712.0,712.0,712.0,712.0,200,0.0,0.0
2024-08-16 10:00:00+09:00,712.0,713.0,712.0,713.0,300,0.0,0.0
2024-08-16 10:05:00+09:00,712.0,713.0,712.0,713.0,400,0.0,0.0
2024-08-16 10:10:00+09:00,712.0,712.0,712.0,712.0,700,0.0,0.0
2024-08-16 10:15:00+09:00,713.0,713.0,713.0,713.0,2800,0.0,0.0
2024-08-16 10:20:00+09:00,714.0,715.0,714.0,715.0,500,0.0,0.0
2024-08-16 10:25:00+09:00,715.0,715.0,715.0,715.0,900,0.0,0.0
2024-08-16 10:30:00+09:00,715.0,716.0,715.0,716.0,1200,0.0,0.0
2024-08-16 10:35:00+09:00,716.0,717.0,716.0,717.0,5000,0.0,0.0
2024-08-16 10:40:00+09:00,717.0,717.0,715.0,715.0,2000,0.0,0.0
2024-08-16 10:45:00+09:00,715.0,715.0,715.0,715.0,200,0.0,0.0
2024-08-16 10:50:00+09:00,716.0,716.0,716.0,716.0,0,0.0,0.0
2024-08-16 10:55:00+09:00,717.0,717.0,717.0,717.0,95600,0.0,0.0
2024-08-16 11:00:00+09:00,718.0,718.0,717.0,717.0,1900,0.0,0.0
2024-08-16 11:05:00+09:00,717.0,718.0,717.0,718.0,1600,0.0,0.0
2024-08-16 11:10:00+09:00,717.0,717.0,717.0,717.0,1100,0.0,0.0
2024-08-16 11:15:00+09:00,718.0,719.0,718.0,718.0,2500,0.0,0.0
2024-08-16 11:20:00+09:00,718.0,718.0,718.0,718.0,400,0.0,0.0
2024-08-16 11:30:00+09:00,717.0,717.0,717.0,717.0,6700,0.0,0.0
2024-08-16 11:35:00+09:00,717.0,717.0,717.0,717.0,0,0.0,0.0
2024-08-16 12:30:00+09:00,718.0,719.0,717.0,718.0,122400,0.0,0.0
2024-08-16 12:35:00+09:00,717.0,720.0,717.0,720.0,5700,0.0,0.0
2024-08-16 12:40:00+09:00,719.0,720.0,718.0,720.0,15600,0.0,0.0
2024-08-16 12:45:00+09:00,720.0,720.0,720.0,720.0,300,0.0,0.0
2024-08-16 12:55:00+09:00,719.0,719.0,719.0,719.0,1600,0.0,0.0
2024-08-16 13:00:00+09:00,719.0,720.0,719.0,719.0,1400,0.0,0.0
2024-08-16 13:05:00+09:00,719.0,720.0,719.0,720.0,300,0.0,0.0
2024-08-16 13:10:00+09:00,719.0,720.0,718.0,718.0,400,0.0,0.0
2024-08-16 13:15:00+09:00,719.0,720.0,719.0,720.0,1000,0.0,0.0
2024-08-16 13:20:00+09:00,719.0,719.0,719.0,719.0,400,0.0,0.0
2024-08-16 13:25:00+09:00,720.0,720.0,720.0,720.0,400,0.0,0.0
2024-08-16 13:30:00+09:00,719.0,719.0,719.0,719.0,1100,0.0,0.0
2024-08-16 13:35:00+09:00,718.0,719.0,718.0,719.0,1400,0.0,0.0
2024-08-16 13:40:00+09:00,719.0,719.0,719.0,719.0,1000,0.0,0.0
2024-08-16 13:45:00+09:00,719.0,719.0,719.0,719.0,700,0.0,0.0
2024-08-16 13:50:00+09:00,719.0,719.0,718.0,718.0,500,0.0,0.0
2024-08-16 13:55:00+09:00,718.0,719.0,718.0,719.0,2200,0.0,0.0
2024-08-16 14:00:00+09:00,719.0,719.0,719.0,719.0,200,0.0,0.0
2024-08-16 14:10:00+09:00,718.0,718.0,718.0,718.0,300,0.0,0.0
2024-08-16 14:15:00+09:00,718.0,718.0,718.0,718.0,200,0.0,0.0
2024-08-16 14:20:00+09:00,719.0,719.0,718.0,718.0,3000,0.0,0.0
2024-08-16 14:25:00+09:00,719.0,719.0,719.0,719.0,400,0.0,0.0
2024-08-16 14:30:00+09:00,719.0,719.0,718.0,718.0,1200,0.0,0.0
2024-08-16 14:35:00+09:00,718.0,718.0,718.0,718.0,1300,0.0,0.0
2024-08-16 14:40:00+09:00,719.0,719.0,718.0,719.0,300,0.0,0.0
2024-08-16 14:45:00+09:00,719.0,719.0,719.0,719.0,400,0.0,0.0
2024-08-16 14:50:00+09:00,719.0,719.0,718.0,719.0,1500,0.0,0.0
2024-08-16 14:55:00+09:00,719.0,720.0,719.0,719.0,2000,0.0,0.0
2024-08-19 09:00:00+09:00,721.0,722.0,718.0,722.0,57600,0.0,0.0
2024-08-19 09:05:00+09:00,722.0,723.0,719.0,721.0,3600,0.0,0.0
2024-08-19 09:10:00+09:00,722.0,722.0,721.0,721.0,500,0.0,0.0
2024-08-19 09:15:00+09:00,721.0,723.0,721.0,722.0,4300,0.0,0.0
2024-08-19 09:20:00+09:00,722.0,723.0,722.0,723.0,3200,0.0,0.0
2024-08-19 09:25:00+09:00,724.0,724.0,724.0,724.0,1600,0.0,0.0
2024-08-19 09:30:00+09:00,724.0,724.0,723.0,723.0,300,0.0,0.0
2024-08-19 09:35:00+09:00,724.0,724.0,723.0,723.0,300,0.0,0.0
2024-08-19 09:40:00+09:00,723.0,724.0,723.0,723.0,1500,0.0,0.0
2024-08-19 09:45:00+09:00,723.0,723.0,723.0,723.0,800,0.0,0.0
2024-08-19 09:50:00+09:00,722.0,722.0,722.0,722.0,100,0.0,0.0
2024-08-19 09:55:00+09:00,722.0,723.0,722.0,722.0,2000,0.0,0.0
2024-08-19 10:00:00+09:00,722.0,722.0,722.0,722.0,600,0.0,0.0
2024-08-19 10:05:00+09:00,722.0,722.0,721.0,721.0,2800,0.0,0.0
2024-08-19 10:10:00+09:00,720.0,721.0,720.0,721.0,200,0.0,0.0
2024-08-19 10:15:00+09:00,720.0,722.0,720.0,722.0,300,0.0,0.0
2024-08-19 10:20:00+09:00,722.0,722.0,722.0,722.0,100,0.0,0.0
2024-08-19 10:25:00+09:00,721.0,721.0,721.0,721.0,400,0.0,0.0
2024-08-19 10:30:00+09:00,721.0,722.0,720.0,722.0,400,0.0,0.0
2024-08-19 10:35:00+09:00,721.0,721.0,721.0,721.0,300,0.0,0.0
2024-08-19 10:40:00+09:00,721.0,721.0,720.0,721.0,3900,0.0,0.0
2024-08-19 10:45:00+09:00,722.0,723.0,721.0,723.0,1600,0.0,0.0
2024-08-19 10:50:00+09:00,723.0,723.0,723.0,723.0,1300,0.0,0.0
2024-08-19 10:55:00+09:00,723.0,724.0,723.0,724.0,400,0.0,0.0
2024-08-19 11:05:00+09:00,722.0,723.0,722.0,723.0,800,0.0,0.0
2024-08-19 11:10:00+09:00,722.0,723.0,722.0,722.0,800,0.0,0.0
2024-08-19 11:20:00+09:00,723.0,723.0,723.0,723.0,100,0.0,0.0
2024-08-19 11:25:00+09:00,722.0,723.0,722.0,723.0,700,0.0,0.0
2024-08-19 11:30:00+09:00,723.0,723.0,723.0,723.0,1500,0.0,0.0
2024-08-19 11:35:00+09:00,723.0,723.0,723.0,723.0,0,0.0,0.0
2024-08-19 12:30:00+09:00,724.0,725.0,723.0,725.0,110200,0.0,0.0
2024-08-19 12:35:00+09:00,721.0,721.0,720.0,720.0,5400,0.0,0.0
2024-08-19 12:40:00+09:00,720.0,720.0,719.0,719.0,5100,0.0,0.0
2024-08-19 12:45:00+09:00,720.0,720.0,719.0,719.0,600,0.0,0.0
2024-08-19 12:50:00+09:00,719.0,720.0,719.0,720.0,2700,0.0,0.0
2024-08-19 12:55:00+09:00,720.0,720.0,719.0,719.0,1200,0.0,0.0
2024-08-19 13:00:00+09:00,720.0,720.0,720.0,720.0,2500,0.0,0.0
2024-08-19 13:05:00+09:00,720.0,720.0,720.0,720.0,1100,0.0,0.0
2024-08-19 13:10:00+09:00,720.0,720.0,720.0,720.0,100,0.0,0.0
2024-08-19 13:15:00+09:00,721.0,721.0,721.0,721.0,300,0.0,0.0
2024-08-19 13:20:00+09:00,722.0,722.0,722.0,722.0,1100,0.0,0.0
2024-08-19 13:25:00+09:00,722.0,724.0,722.0,724.0,2400,0.0,0.0
2024-08-19 13:30:00+09:00,724.0,725.0,722.0,723.0,1300,0.0,0.0
2024-08-19 13:35:00+09:00,724.0,724.0,724.0,724.0,100,0.0,0.0
2024-08-19 13:40:00+09:00,722.0,722.0,722.0,722.0,0,0.0,0.0
2024-08-19 13:45:00+09:00,721.0,722.0,721.0,722.0,0,0.0,0.0
2024-08-19 13:50:00+09:00,722.0,722.0,721.0,721.0,135700,0.0,0.0
2024-08-19 13:55:00+09:00,722.0,722.0,722.0,722.0,300,0.0,0.0
2024-08-19 14:05:00+09:00,722.0,723.0,722.0,723.0,2800,0.0,0.0
2024-08-19 14:10:00+09:00,723.0,724.0,723.0,724.0,700,0.0,0.0
2024-08-19 14:15:00+09:00,723.0,724.0,723.0,723.0,1500,0.0,0.0
2024-08-19 14:20:00+09:00,724.0,724.0,724.0,724.0,100,0.0,0.0
2024-08-19 14:30:00+09:00,722.0,723.0,722.0,723.0,2300,0.0,0.0
2024-08-19 14:35:00+09:00,723.0,723.0,722.0,723.0,1100,0.0,0.0
2024-08-19 14:50:00+09:00,722.0,723.0,722.0,722.0,3500,0.0,0.0
2024-08-19 14:55:00+09:00,723.0,723.0,721.0,722.0,2000,0.0,0.0
2024-08-20 09:00:00+09:00,723.0,724.0,721.0,723.0,24100,0.0,0.0
2024-08-20 09:05:00+09:00,722.0,722.0,722.0,722.0,300,0.0,0.0
2024-08-20 09:10:00+09:00,721.0,723.0,721.0,723.0,1000,0.0,0.0
2024-08-20 09:15:00+09:00,724.0,724.0,724.0,724.0,100,0.0,0.0
2024-08-20 09:20:00+09:00,723.0,724.0,723.0,724.0,300,0.0,0.0
2024-08-20 09:25:00+09:00,723.0,724.0,722.0,724.0,2900,0.0,0.0
2024-08-20 09:30:00+09:00,723.0,723.0,722.0,722.0,1000,0.0,0.0
2024-08-20 09:35:00+09:00,723.0,723.0,722.0,722.0,1100,0.0,0.0
2024-08-20 09:40:00+09:00,724.0,726.0,724.0,726.0,8100,0.0,0.0
2024-08-20 09:45:00+09:00,725.0,725.0,721.0,724.0,9400,0.0,0.0
2024-08-20 09:50:00+09:00,724.0,724.0,724.0,724.0,400,0.0,0.0
2024-08-20 09:55:00+09:00,724.0,724.0,723.0,723.0,400,0.0,0.0
2024-08-20 10:00:00+09:00,723.0,724.0,721.0,723.0,2600,0.0,0.0
2024-08-20 10:05:00+09:00,723.0,724.0,723.0,723.0,1700,0.0,0.0
2024-08-20 10:10:00+09:00,724.0,724.0,724.0,724.0,800,0.0,0.0
2024-08-20 10:15:00+09:00,725.0,725.0,724.0,724.0,600,0.0,0.0
2024-08-20 10:20:00+09:00,725.0,725.0,725.0,725.0,2100,0.0,0.0
2024-08-20 10:25:00+09:00,725.0,725.0,725.0,725.0,500,0.0,0.0
2024-08-20 10:30:00+09:00,725.0,725.0,725.0,725.0,600,0.0,0.0
2024-08-20 10:35:00+09:00,725.0,725.0,725.0,725.0,1600,0.0,0.0
2024-08-20 10:45:00+09:00,726.0,726.0,725.0,725.0,300,0.0,0.0
2024-08-20 10:50:00+09:00,725.0,725.0,725.0,725.0,1500,0.0,0.0
2024-08-20 10:55:00+09:00,725.0,725.0,725.0,725.0,200,0.0,0.0
2024-08-20 11:00:00+09:00,725.0,725.0,725.0,725.0,400,0.0,0.0
2024-08-20 11:05:00+09:00,725.0,726.0,725.0,726.0,6900,0.0,0.0
2024-08-20 11:10:00+09:00,727.0,727.0,726.0,726.0,600,0.0,0.0
2024-08-20 11:15:00+09:00,727.0,727.0,727.0,727.0,1100,0.0,0.0
2024-08-20 11:20:00+09:00,726.0,726.0,726.0,726.0,400,0.0,0.0
2024-08-20 11:30:00+09:00,727.0,727.0,727.0,727.0,1300,0.0,0.0
2024-08-20 11:35:00+09:00,727.0,727.0,727.0,727.0,0,0.0,0.0
2024-08-20 12:30:00+09:00,727.0,728.0,727.0,727.0,82200,0.0,0.0
2024-08-20 12:35:00+09:00,727.0,727.0,727.0,727.0,1200,0.0,0.0
2024-08-20 12:40:00+09:00,727.0,727.0,727.0,727.0,700,0.0,0.0
2024-08-20 12:45:00+09:00,727.0,727.0,726.0,726.0,1100,0.0,0.0
2024-08-20 12:50:00+09:00,727.0,727.0,727.0,727.0,1400,0.0,0.0
2024-08-20 12:55:00+09:00,727.0,728.0,727.0,728.0,300,0.0,0.0
2024-08-20 13:00:00+09:00,727.0,727.0,726.0,726.0,300,0.0,0.0
2024-08-20 13:05:00+09:00,727.0,727.0,726.0,727.0,4600,0.0,0.0
2024-08-20 13:10:00+09:00,726.0,727.0,726.0,727.0,5700,0.0,0.0
2024-08-20 13:15:00+09:00,728.0,728.0,728.0,728.0,100,0.0,0.0
2024-08-20 13:20:00+09:00,728.0,728.0,728.0,728.0,500,0.0,0.0
2024-08-20 13:25:00+09:00,728.0,728.0,726.0,726.0,3000,0.0,0.0
2024-08-20 13:30:00+09:00,726.0,726.0,726.0,726.0,200,0.0,0.0
2024-08-20 13:35:00+09:00,726.0,726.0,726.0,726.0,4000,0.0,0.0
2024-08-20 13:40:00+09:00,726.0,726.0,725.0,725.0,0,0.0,0.0
2024-08-20 13:45:00+09:00,726.0,726.0,725.0,726.0,110600,0.0,0.0
2024-08-20 13:50:00+09:00,725.0,726.0,725.0,726.0,200,0.0,0.0
2024-08-20 13:55:00+09:00,726.0,726.0,725.0,726.0,2800,0.0,0.0
2024-08-20 14:00:00+09:00,726.0,726.0,726.0,726.0,200,0.0,0.0
2024-08-20 14:05:00+09:00,726.0,727.0,726.0,727.0,400,0.0,0.0
2024-08-20 14:15:00+09:00,726.0,726.0,726.0,726.0,600,0.0,0.0
2024-08-20 14:20:00+09:00,727.0,727.0,727.0,727.0,300,0.0,0.0
2024-08-20 14:25:00+09:00,727.0,727.0,727.0,727.0,100,0.0,0.0
2024-08-20 14:30:00+09:00,727.0,727.0,727.0,727.0,300,0.0,0.0
2024-08-20 14:35:00+09:00,727.0,727.0,727.0,727.0,100,0.0,0.0
2024-08-20 14:40:00+09:00,726.0,726.0,726.0,726.0,1200,0.0,0.0
2024-08-20 14:45:00+09:00,726.0,726.0,726.0,726.0,100,0.0,0.0
2024-08-20 14:50:00+09:00,725.0,726.0,725.0,726.0,300,0.0,0.0
2024-08-20 14:55:00+09:00,726.0,726.0,725.0,725.0,2200,0.0,0.0
2024-08-21 09:00:00+09:00,725.0,726.0,724.0,726.0,25000,0.0,0.0
2024-08-21 09:05:00+09:00,726.0,727.0,725.0,727.0,1300,0.0,0.0
2024-08-21 09:10:00+09:00,727.0,727.0,726.0,726.0,1200,0.0,0.0
2024-08-21 09:15:00+09:00,726.0,728.0,726.0,728.0,4700,0.0,0.0
2024-08-21 09:20:00+09:00,728.0,728.0,727.0,727.0,600,0.0,0.0
2024-08-21 09:25:00+09:00,727.0,728.0,727.0,728.0,1200,0.0,0.0
2024-08-21 09:30:00+09:00,727.0,727.0,726.0,726.0,800,0.0,0.0
2024-08-21 09:35:00+09:00,726.0,727.0,726.0,727.0,300,0.0,0.0
2024-08-21 09:40:00+09:00,727.0,727.0,727.0,727.0,100,0.0,0.0
2024-08-21 09:45:00+09:00,726.0,726.0,726.0,726.0,100,0.0,0.0
2024-08-21 09:50:00+09:00,726.0,726.0,726.0,726.0,1100,0.0,0.0
2024-08-21 10:00:00+09:00,726.0,727.0,726.0,726.0,1600,0.0,0.0
2024-08-21 10:10:00+09:00,727.0,728.0,727.0,728.0,1400,0.0,0.0
2024-08-21 10:15:00+09:00,726.0,726.0,726.0,726.0,700,0.0,0.0
2024-08-21 10:20:00+09:00,726.0,726.0,726.0,726.0,1600,0.0,0.0
2024-08-21 10:30:00+09:00,725.0,726.0,725.0,726.0,1100,0.0,0.0
2024-08-21 10:35:00+09:00,726.0,727.0,725.0,725.0,300,0.0,0.0
2024-08-21 10:40:00+09:00,727.0,727.0,727.0,727.0,500,0.0,0.0
2024-08-21 10:45:00+09:00,727.0,727.0,726.0,726.0,800,0.0,0.0
2024-08-21 10:50:00+09:00,726.0,726.0,725.0,726.0,700,0.0,0.0
2024-08-21 10:55:00+09:00,726.0,726.0,726.0,726.0,300,0.0,0.0
2024-08-21 11:00:00+09:00,726.0,727.0,726.0,726.0,1200,0.0,0.0
2024-08-21 11:05:00+09:00,727.0,727.0,727.0,727.0,100,0.0,0.0
2024-08-21 11:10:00+09:00,727.0,727.0,726.0,726.0,700,0.0,0.0
2024-08-21 11:15:00+09:00,726.0,728.0,726.0,728.0,5200,0.0,0.0
2024-08-21 11:20:00+09:00,728.0,728.0,727.0,727.0,600,0.0,0.0
2024-08-21 11:25:00+09:00,727.0,728.0,727.0,728.0,600,0.0,0.0
2024-08-21 11:30:00+09:00,728.0,728.0,728.0,728.0,5700,0.0,0.0
2024-08-21 11:35:00+09:00,728.0,728.0,728.0,728.0,0,0.0,0.0
2024-08-21 12:30:00+09:00,729.0,729.0,728.0,729.0,78200,0.0,0.0
2024-08-21 12:35:00+09:00,728.0,729.0,728.0,729.0,1100,0.0,0.0
2024-08-21 12:40:00+09:00,729.0,729.0,728.0,728.0,1500,0.0,0.0
2024-08-21 12:45:00+09:00,729.0,729.0,728.0,729.0,1100,0.0,0.0
2024-08-21 12:50:00+09:00,729.0,729.0,728.0,728.0,300,0.0,0.0
2024-08-21 12:55:00+09:00,728.0,728.0,728.0,728.0,400,0.0,0.0
2024-08-21 13:00:00+09:00,728.0,728.0,728.0,728.0,300,0.0,0.0
2024-08-21 13:05:00+09:00,729.0,729.0,727.0,728.0,1900,0.0,0.0
2024-08-21 13:15:00+09:00,728.0,728.0,728.0,728.0,400,0.0,0.0
2024-08-21 13:20:00+09:00,729.0,729.0,727.0,728.0,1100,0.0,0.0
2024-08-21 13:25:00+09:00,728.0,728.0,728.0,728.0,200,0.0,0.0
2024-08-21 13:30:00+09:00,728.0,728.0,728.0,728.0,500,0.0,0.0
2024-08-21 13:35:00+09:00,729.0,729.0,729.0,729.0,300,0.0,0.0
2024-08-21 13:40:00+09:00,728.0,728.0,728.0,728.0,400,0.0,0.0
2024-08-21 13:45:00+09:00,728.0,729.0,728.0,729.0,300,0.0,0.0
2024-08-21 13:50:00+09:00,729.0,729.0,729.0,729.0,3100,0.0,0.0
2024-08-21 13:55:00+09:00,729.0,729.0,728.0,728.0,1100,0.0,0.0
2024-08-21 14:00:00+09:00,730.0,730.0,729.0,729.0,700,0.0,0.0
2024-08-21 14:05:00+09:00,729.0,729.0,729.0,729.0,600,0.0,0.0
2024-08-21 14:10:00+09:00,728.0,728.0,728.0,728.0,1800,0.0,0.0
2024-08-21 14:15:00+09:00,728.0,728.0,728.0,728.0,200,0.0,0.0
2024-08-21 14:20:00+09:00,728.0,728.0,728.0,728.0,2100,0.0,0.0
2024-08-21 14:25:00+09:00,727.0,727.0,727.0,727.0,2100,0.0,0.0
2024-08-21 14:30:00+09:00,726.0,726.0,726.0,726.0,1500,0.0,0.0
2024-08-21 14:35:00+09:00,726.0,727.0,726.0,727.0,800,0.0,0.0
2024-08-21 14:40:00+09:00,727.0,727.0,726.0,726.0,1100,0.0,0.0
2024-08-21 14:45:00+09:00,726.0,727.0,726.0,727.0,1000,0.0,0.0
2024-08-21 14:50:00+09:00,727.0,727.0,726.0,727.0,1200,0.0,0.0
2024-08-21 14:55:00+09:00,727.0,727.0,726.0,727.0,3400,0.0,0.0
2024-08-22 09:00:00+09:00,728.0,729.0,728.0,728.0,36200,0.0,0.0
2024-08-22 09:05:00+09:00,728.0,728.0,728.0,728.0,700,0.0,0.0
2024-08-22 09:10:00+09:00,728.0,728.0,728.0,728.0,600,0.0,0.0
2024-08-22 09:15:00+09:00,729.0,729.0,729.0,729.0,400,0.0,0.0
2024-08-22 09:20:00+09:00,729.0,729.0,729.0,729.0,200,0.0,0.0
2024-08-22 09:25:00+09:00,729.0,729.0,728.0,729.0,1700,0.0,0.0
2024-08-22 09:30:00+09:00,729.0,729.0,729.0,729.0,100,0.0,0.0
2024-08-22 09:35:00+09:00,729.0,730.0,729.0,730.0,8900,0.0,0.0
2024-08-22 09:40:00+09:00,730.0,730.0,730.0,730.0,1000,0.0,0.0
2024-08-22 09:45:00+09:00,729.0,730.0,729.0,729.0,2400,0.0,0.0
2024-08-22 09:50:00+09:00,728.0,729.0,728.0,729.0,600,0.0,0.0
2024-08-22 09:55:00+09:00,729.0,729.0,729.0,729.0,800,0.0,0.0
2024-08-22 10:00:00+09:00,728.0,728.0,728.0,728.0,3600,0.0,0.0
2024-08-22 10:05:00+09:00,728.0,729.0,728.0,728.0,3700,0.0,0.0
2024-08-22 10:10:00+09:00,727.0,729.0,727.0,729.0,200,0.0,0.0
2024-08-22 10:20:00+09:00,728.0,728.0,728.0,728.0,100,0.0,0.0
2024-08-22 10:30:00+09:00,728.0,729.0,727.0,729.0,1800,0.0,0.0
2024-08-22 10:35:00+09:00,729.0,729.0,729.0,729.0,200,0.0,0.0
2024-08-22 10:40:00+09:00,728.0,728.0,728.0,728.0,100,0.0,0.0
2024-08-22 10:45:00+09:00,728.0,728.0,728.0,728.0,100,0.0,0.0
2024-08-22 10:55:00+09:00,728.0,728.0,728.0,728.0,100,0.0,0.0
2024-08-22 11:00:00+09:00,728.0,728.0,728.0,728.0,1200,0.0,0.0
2024-08-22 11:05:00+09:00,727.0,727.0,727.0,727.0,1600,0.0,0.0
2024-08-22 11:10:00+09:00,727.0,727.0,727.0,727.0,2700,0.0,0.0
2024-08-22 11:15:00+09:00,728.0,728.0,728.0,728.0,100,0.0,0.0
2024-08-22 11:20:00+09:00,727.0,728.0,726.0,726.0,400,0.0,0.0
2024-08-22 11:25:00+09:00,727.0,727.0,726.0,726.0,1900,0.0,0.0
2024-08-22 11:30:00+09:00,726.0,726.0,726.0,726.0,4900,0.0,0.0
2024-08-22 11:35:00+09:00,726.0,726.0,726.0,726.0,0,0.0,0.0
2024-08-22 12:30:00+09:00,727.0,729.0,727.0,728.0,83200,0.0,0.0
2024-08-22 12:35:00+09:00,727.0,727.0,727.0,727.0,0,0.0,0.0
2024-08-22 12:40:00+09:00,728.0,728.0,727.0,728.0,89100,0.0,0.0
2024-08-22 12:45:00+09:00,728.0,728.0,728.0,728.0,1300,0.0,0.0
2024-08-22 12:50:00+09:00,727.0,727.0,727.0,727.0,2900,0.0,0.0
2024-08-22 13:00:00+09:00,728.0,728.0,728.0,728.0,1900,0.0,0.0
2024-08-22 13:05:00+09:00,728.0,728.0,728.0,728.0,100,0.0,0.0
2024-08-22 13:10:00+09:00,728.0,728.0,728.0,728.0,300,0.0,0.0
2024-08-22 13:15:00+09:00,728.0,728.0,728.0,728.0,200,0.0,0.0
2024-08-22 13:20:00+09:00,728.0,728.0,728.0,728.0,100,0.0,0.0
2024-08-22 13:25:00+09:00,727.0,727.0,727.0,727.0,400,0.0,0.0
2024-08-22 13:30:00+09:00,728.0,728.0,727.0,727.0,200,0.0,0.0
2024-08-22 13:35:00+09:00,728.0,728.0,728.0,728.0,600,0.0,0.0
2024-08-22 13:40:00+09:00,728.0,728.0,728.0,728.0,100,0.0,0.0
2024-08-22 13:45:00+09:00,728.0,728.0,728.0,728.0,200,0.0,0.0
2024-08-22 13:50:00+09:00,728.0,728.0,728.0,728.0,400,0.0,0.0
2024-08-22 13:55:00+09:00,728.0,728.0,728.0,728.0,200,0.0,0.0
2024-08-22 14:00:00+09:00,728.0,728.0,728.0,728.0,700,0.0,0.0
2024-08-22 14:05:00+09:00,728.0,728.0,728.0,728.0,400,0.0,0.0
2024-08-22 14:10:00+09:00,728.0,728.0,728.0,728.0,100,0.0,0.0
2024-08-22 14:15:00+09:00,728.0,728.0,728.0,728.0,300,0.0,0.0
2024-08-22 14:20:00+09:00,728.0,728.0,728.0,728.0,800,0.0,0.0
2024-08-22 14:25:00+09:00,729.0,729.0,728.0,729.0,500,0.0,0.0
2024-08-22 14:30:00+09:00,729.0,729.0,728.0,728.0,300,0.0,0.0
2024-08-22 14:35:00+09:00,728.0,728.0,728.0,728.0,500,0.0,0.0
2024-08-22 14:40:00+09:00,728.0,728.0,728.0,728.0,400,0.0,0.0
2024-08-22 14:45:00+09:00,728.0,728.0,728.0,728.0,1300,0.0,0.0
2024-08-22 14:50:00+09:00,728.0,729.0,727.0,729.0,1100,0.0,0.0
2024-08-22 14:55:00+09:00,728.0,729.0,727.0,729.0,900,0.0,0.0
2024-08-23 09:00:00+09:00,727.0,729.0,725.0,727.0,44900,0.0,0.0
2024-08-23 09:05:00+09:00,726.0,728.0,726.0,728.0,400,0.0,0.0
2024-08-23 09:10:00+09:00,728.0,728.0,727.0,727.0,200,0.0,0.0
2024-08-23 09:15:00+09:00,727.0,728.0,727.0,728.0,300,0.0,0.0
2024-08-23 09:20:00+09:00,728.0,728.0,727.0,727.0,2900,0.0,0.0
2024-08-23 09:25:00+09:00,728.0,728.0,727.0,728.0,400,0.0,0.0
2024-08-23 09:30:00+09:00,728.0,729.0,728.0,728.0,3600,0.0,0.0
2024-08-23 09:35:00+09:00,728.0,728.0,728.0,728.0,200,0.0,0.0
2024-08-23 09:40:00+09:00,728.0,728.0,727.0,727.0,2100,0.0,0.0
2024-08-23 09:45:00+09:00,728.0,728.0,728.0,728.0,200,0.0,0.0
2024-08-23 09:50:00+09:00,728.0,728.0,728.0,728.0,200,0.0,0.0
2024-08-23 09:55:00+09:00,728.0,728.0,727.0,727.0,1600,0.0,0.0
2024-08-23 10:00:00+09:00,727.0,728.0,726.0,727.0,2300,0.0,0.0
2024-08-23 10:05:00+09:00,727.0,728.0,727.0,728.0,1400,0.0,0.0
2024-08-23 10:15:00+09:00,728.0,728.0,728.0,728.0,300,0.0,0.0
2024-08-23 10:20:00+09:00,728.0,728.0,728.0,728.0,800,0.0,0.0
2024-08-23 10:30:00+09:00,729.0,729.0,728.0,728.0,600,0.0,0.0
2024-08-23 10:35:00+09:00,729.0,729.0,729.0,729.0,900,0.0,0.0
2024-08-23 10:40:00+09:00,729.0,729.0,728.0,729.0,2400,0.0,0.0
2024-08-23 10:45:00+09:00,728.0,729.0,727.0,729.0,2600,0.0,0.0
2024-08-23 10:55:00+09:00,728.0,728.0,728.0,728.0,1900,0.0,0.0
2024-08-23 11:00:00+09:00,728.0,728.0,728.0,728.0,100,0.0,0.0
2024-08-23 11:05:00+09:00,728.0,728.0,728.0,728.0,200,0.0,0.0
2024-08-23 11:10:00+09:00,728.0,728.0,728.0,728.0,100,0.0,0.0
2024-08-23 11:15:00+09:00,728.0,728.0,728.0,728.0,400,0.0,0.0
2024-08-23 11:25:00+09:00,727.0,728.0,727.0,728.0,300,0.0,0.0
2024-08-23 11:30:00+09:00,727.0,727.0,727.0,727.0,1500,0.0,0.0
2024-08-23 11:35:00+09:00,727.0,727.0,727.0,727.0,0,0.0,0.0
2024-08-23 12:30:00+09:00,729.0,729.0,728.0,728.0,80400,0.0,0.0
2024-08-23 12:35:00+09:00,729.0,729.0,729.0,729.0,100,0.0,0.0
2024-08-23 12:40:00+09:00,729.0,729.0,728.0,728.0,300,0.0,0.0
2024-08-23 12:45:00+09:00,728.0,728.0,728.0,728.0,1000,0.0,0.0
2024-08-23 12:50:00+09:00,728.0,729.0,727.0,727.0,2600,0.0,0.0
2024-08-23 12:55:00+09:00,727.0,727.0,727.0,727.0,1600,0.0,0.0
2024-08-23 13:00:00+09:00,727.0,728.0,727.0,728.0,700,0.0,0.0
2024-08-23 13:10:00+09:00,727.0,727.0,727.0,727.0,100,0.0,0.0
2024-08-23 13:15:00+09:00,727.0,728.0,727.0,728.0,300,0.0,0.0
2024-08-23 13:20:00+09:00,727.0,727.0,726.0,726.0,1800,0.0,0.0
2024-08-23 13:35:00+09:00,727.0,728.0,727.0,728.0,200,0.0,0.0
2024-08-23 13:40:00+09:00,727.0,727.0,726.0,726.0,1400,0.0,0.0
2024-08-23 13:45:00+09:00,728.0,728.0,728.0,728.0,100,0.0,0.0
2024-08-23 14:00:00+09:00,727.0,727.0,727.0,727.0,2800,0.0,0.0
2024-08-23 14:05:00+09:00,727.0,727.0,727.0,727.0,700,0.0,0.0
2024-08-23 14:10:00+09:00,727.0,727.0,727.0,727.0,200,0.0,0.0
2024-08-23 14:15:00+09:00,727.0,727.0,727.0,727.0,200,0.0,0.0
2024-08-23 14:20:00+09:00,727.0,727.0,727.0,727.0,400,0.0,0.0
2024-08-23 14:25:00+09:00,726.0,727.0,726.0,727.0,200,0.0,0.0
2024-08-23 14:30:00+09:00,726.0,727.0,726.0,727.0,500,0.0,0.0
2024-08-23 14:35:00+09:00,727.0,727.0,727.0,727.0,300,0.0,0.0
2024-08-23 14:40:00+09:00,727.0,727.0,726.0,727.0,900,0.0,0.0
2024-08-23 14:45:00+09:00,727.0,727.0,727.0,727.0,500,0.0,0.0
2024-08-23 14:50:00+09:00,727.0,727.0,726.0,727.0,500,0.0,0.0
2024-08-23 14:55:00+09:00,727.0,727.0,727.0,727.0,800,0.0,0.0
2024-08-26 09:00:00+09:00,730.0,731.0,728.0,728.0,79500,0.0,0.0
2024-08-26 09:05:00+09:00,728.0,728.0,728.0,728.0,1600,0.0,0.0
2024-08-26 09:10:00+09:00,728.0,728.0,726.0,728.0,5900,0.0,0.0
2024-08-26 09:15:00+09:00,728.0,728.0,728.0,728.0,1600,0.0,0.0
2024-08-26 09:20:00+09:00,728.0,728.0,728.0,728.0,5000,0.0,0.0
2024-08-26 09:25:00+09:00,727.0,727.0,727.0,727.0,300,0.0,0.0
2024-08-26 09:30:00+09:00,728.0,728.0,727.0,727.0,3000,0.0,0.0
2024-08-26 09:35:00+09:00,727.0,727.0,727.0,727.0,12900,0.0,0.0
2024-08-26 09:45:00+09:00,728.0,729.0,727.0,728.0,3400,0.0,0.0
2024-08-26 09:50:00+09:00,728.0,728.0,727.0,727.0,600,0.0,0.0
2024-08-26 09:55:00+09:00,728.0,728.0,728.0,728.0,100,0.0,0.0
2024-08-26 10:00:00+09:00,728.0,728.0,728.0,728.0,1200,0.0,0.0
2024-08-26 10:05:00+09:00,728.0,728.0,727.0,727.0,2500,0.0,0.0
2024-08-26 10:10:00+09:00,727.0,727.0,726.0,726.0,1100,0.0,0.0
2024-08-26 10:15:00+09:00,728.0,728.0,727.0,727.0,300,0.0,0.0
2024-08-26 10:20:00+09:00,728.0,728.0,727.0,727.0,600,0.0,0.0
2024-08-26 10:25:00+09:00,728.0,728.0,727.0,728.0,1500,0.0,0.0
2024-08-26 10:30:00+09:00,728.0,728.0,727.0,727.0,700,0.0,0.0
2024-08-26 10:40:00+09:00,728.0,728.0,728.0,728.0,100,0.0,0.0
2024-08-26 10:45:00+09:00,727.0,729.0,727.0,728.0,8400,0.0,0.0
2024-08-26 10:50:00+09:00,727.0,728.0,726.0,726.0,4500,0.0,0.0
2024-08-26 10:55:00+09:00,727.0,727.0,727.0,727.0,100,0.0,0.0
2024-08-26 11:05:00+09:00,727.0,728.0,727.0,728.0,600,0.0,0.0
2024-08-26 11:10:00+09:00,728.0,728.0,728.0,728.0,400,0.0,0.0
2024-08-26 11:20:00+09:00,728.0,728.0,728.0,728.0,700,0.0,0.0
2024-08-26 11:30:00+09:00,728.0,728.0,728.0,728.0,6400,0.0,0.0
2024-08-26 11:35:00+09:00,728.0,728.0,728.0,728.0,0,0.0,0.0
2024-08-26 12:30:00+09:00,728.0,729.0,727.0,727.0,156300,0.0,0.0
2024-08-26 12:35:00+09:00,727.0,728.0,727.0,728.0,2600,0.0,0.0
2024-08-26 12:40:00+09:00,728.0,728.0,726.0,728.0,1800,0.0,0.0
2024-08-26 12:45:00+09:00,726.0,727.0,726.0,727.0,8500,0.0,0.0
2024-08-26 12:50:00+09:00,726.0,726.0,726.0,726.0,400,0.0,0.0
2024-08-26 12:55:00+09:00,726.0,726.0,726.0,726.0,2500,0.0,0.0
2024-08-26 13:00:00+09:00,725.0,725.0,724.0,725.0,21400,0.0,0.0
2024-08-26 13:05:00+09:00,725.0,728.0,725.0,726.0,10300,0.0,0.0
2024-08-26 13:10:00+09:00,725.0,727.0,725.0,727.0,1400,0.0,0.0
2024-08-26 13:15:00+09:00,726.0,726.0,726.0,726.0,500,0.0,0.0
2024-08-26 13:20:00+09:00,726.0,726.0,726.0,726.0,2200,0.0,0.0
2024-08-26 13:25:00+09:00,726.0,730.0,726.0,730.0,10100,0.0,0.0
2024-08-26 13:30:00+09:00,726.0,726.0,726.0,726.0,500,0.0,0.0
2024-08-26 13:35:00+09:00,727.0,727.0,727.0,727.0,100,0.0,0.0
2024-08-26 13:40:00+09:00,727.0,728.0,727.0,728.0,2300,0.0,0.0
2024-08-26 13:45:00+09:00,728.0,729.0,728.0,728.0,1700,0.0,0.0
2024-08-26 13:50:00+09:00,728.0,730.0,728.0,728.0,5300,0.0,0.0
2024-08-26 13:55:00+09:00,728.0,728.0,728.0,728.0,100,0.0,0.0
2024-08-26 14:00:00+09:00,727.0,728.0,727.0,727.0,1300,0.0,0.0
2024-08-26 14:05:00+09:00,727.0,727.0,726.0,727.0,300,0.0,0.0
2024-08-26 14:10:00+09:00,727.0,727.0,727.0,727.0,600,0.0,0.0
2024-08-26 14:15:00+09:00,727.0,727.0,727.0,727.0,200,0.0,0.0
2024-08-26 14:20:00+09:00,727.0,727.0,727.0,727.0,600,0.0,0.0
2024-08-26 14:25:00+09:00,727.0,728.0,726.0,726.0,3400,0.0,0.0
2024-08-26 14:35:00+09:00,727.0,727.0,727.0,727.0,100,0.0,0.0
2024-08-26 14:40:00+09:00,727.0,728.0,727.0,727.0,300,0.0,0.0
2024-08-26 14:45:00+09:00,728.0,728.0,727.0,728.0,1200,0.0,0.0
2024-08-26 14:50:00+09:00,727.0,728.0,727.0,727.0,600,0.0,0.0
2024-08-26 14:55:00+09:00,727.0,728.0,727.0,728.0,800,0.0,0.0
2024-08-27 09:00:00+09:00,725.0,727.0,725.0,727.0,90900,0.0,0.0
2024-08-27 09:05:00+09:00,728.0,728.0,727.0,728.0,1300,0.0,0.0
2024-08-27 09:10:00+09:00,728.0,728.0,728.0,728.0,1500,0.0,0.0
2024-08-27 09:15:00+09:00,729.0,729.0,727.0,727.0,3900,0.0,0.0
2024-08-27 09:20:00+09:00,727.0,727.0,727.0,727.0,400,0.0,0.0
2024-08-27 09:25:00+09:00,727.0,728.0,727.0,728.0,2200,0.0,0.0
2024-08-27 09:30:00+09:00,728.0,728.0,728.0,728.0,1900,0.0,0.0
2024-08-27 09:35:00+09:00,727.0,727.0,727.0,727.0,6400,0.0,0.0
2024-08-27 09:40:00+09:00,727.0,727.0,726.0,726.0,700,0.0,0.0
2024-08-27 09:45:00+09:00,726.0,728.0,726.0,727.0,2600,0.0,0.0
2024-08-27 09:50:00+09:00,727.0,727.0,726.0,726.0,400,0.0,0.0
2024-08-27 09:55:00+09:00,727.0,727.0,727.0,727.0,600,0.0,0.0
2024-08-27 10:00:00+09:00,727.0,727.0,726.0,726.0,600,0.0,0.0
2024-08-27 10:05:00+09:00,726.0,728.0,726.0,728.0,2300,0.0,0.0
2024-08-27 10:10:00+09:00,727.0,727.0,727.0,727.0,800,0.0,0.0
2024-08-27 10:15:00+09:00,728.0,728.0,727.0,727.0,1400,0.0,0.0
2024-08-27 10:20:00+09:00,728.0,728.0,728.0,728.0,400,0.0,0.0
2024-08-27 10:25:00+09:00,728.0,729.0,728.0,729.0,1400,0.0,0.0
2024-08-27 10:30:00+09:00,729.0,729.0,728.0,728.0,400,0.0,0.0
2024-08-27 10:35:00+09:00,729.0,729.0,729.0,729.0,500,0.0,0.0
2024-08-27 10:40:00+09:00,729.0,729.0,729.0,729.0,700,0.0,0.0
2024-08-27 10:45:00+09:00,728.0,731.0,728.0,731.0,21100,0.0,0.0
2024-08-27 10:50:00+09:00,730.0,730.0,730.0,730.0,1500,0.0,0.0
2024-08-27 10:55:00+09:00,730.0,730.0,730.0,730.0,1100,0.0,0.0
2024-08-27 11:00:00+09:00,730.0,731.0,730.0,731.0,200,0.0,0.0
2024-08-27 11:05:00+09:00,730.0,731.0,730.0,731.0,900,0.0,0.0
2024-08-27 11:10:00+09:00,730.0,731.0,730.0,730.0,800,0.0,0.0
2024-08-27 11:15:00+09:00,729.0,730.0,729.0,730.0,500,0.0,0.0
2024-08-27 11:20:00+09:00,731.0,731.0,730.0,730.0,1600,0.0,0.0
2024-08-27 11:25:00+09:00,730.0,731.0,730.0,730.0,300,0.0,0.0
2024-08-27 11:30:00+09:00,730.0,730.0,730.0,730.0,5000,0.0,0.0
2024-08-27 11:35:00+09:00,730.0,730.0,730.0,730.0,0,0.0,0.0
2024-08-27 12:30:00+09:00,730.0,731.0,729.0,729.0,175800,0.0,0.0
2024-08-27 12:35:00+09:00,730.0,730.0,730.0,730.0,1900,0.0,0.0
2024-08-27 12:40:00+09:00,731.0,731.0,730.0,730.0,1400,0.0,0.0
2024-08-27 12:45:00+09:00,731.0,731.0,730.0,731.0,4400,0.0,0.0
2024-08-27 12:50:00+09:00,731.0,731.0,730.0,730.0,1200,0.0,0.0
2024-08-27 12:55:00+09:00,730.0,731.0,730.0,731.0,900,0.0,0.0
2024-08-27 13:00:00+09:00,731.0,731.0,731.0,731.0,1200,0.0,0.0
2024-08-27 13:05:00+09:00,731.0,731.0,730.0,730.0,1600,0.0,0.0
2024-08-27 13:10:00+09:00,730.0,730.0,730.0,730.0,4700,0.0,0.0
2024-08-27 13:15:00+09:00,731.0,731.0,730.0,730.0,800,0.0,0.0
2024-08-27 13:20:00+09:00,730.0,731.0,730.0,731.0,600,0.0,0.0
2024-08-27 13:25:00+09:00,730.0,730.0,730.0,730.0,200,0.0,0.0
2024-08-27 13:30:00+09:00,730.0,731.0,730.0,731.0,300,0.0,0.0
2024-08-27 13:35:00+09:00,731.0,731.0,730.0,731.0,1700,0.0,0.0
2024-08-27 13:40:00+09:00,731.0,732.0,731.0,731.0,2100,0.0,0.0
2024-08-27 13:45:00+09:00,731.0,731.0,730.0,731.0,800,0.0,0.0
2024-08-27 13:50:00+09:00,731.0,731.0,731.0,731.0,100,0.0,0.0
2024-08-27 13:55:00+09:00,730.0,731.0,730.0,731.0,800,0.0,0.0
2024-08-27 14:00:00+09:00,731.0,731.0,731.0,731.0,200,0.0,0.0
2024-08-27 14:05:00+09:00,730.0,731.0,730.0,730.0,700,0.0,0.0
2024-08-27 14:10:00+09:00,731.0,733.0,731.0,732.0,5900,0.0,0.0
2024-08-27 14:15:00+09:00,732.0,732.0,731.0,731.0,500,0.0,0.0
2024-08-27 14:20:00+09:00,731.0,733.0,731.0,731.0,12400,0.0,0.0
2024-08-27 14:25:00+09:00,732.0,732.0,731.0,731.0,900,0.0,0.0
2024-08-27 14:30:00+09:00,732.0,732.0,731.0,731.0,400,0.0,0.0
2024-08-27 14:35:00+09:00,731.0,731.0,731.0,731.0,600,0.0,0.0
2024-08-27 14:40:00+09:00,731.0,733.0,731.0,733.0,2400,0.0,0.0
2024-08-27 14:45:00+09:00,732.0,733.0,731.0,731.0,1100,0.0,0.0
2024-08-27 14:50:00+09:00,732.0,732.0,732.0,732.0,900,0.0,0.0
2024-08-27 14:55:00+09:00,732.0,732.0,731.0,732.0,1400,0.0,0.0
2024-08-28 09:00:00+09:00,730.0,732.0,729.0,731.0,164300,0.0,0.0
2024-08-28 09:05:00+09:00,729.0,730.0,728.0,730.0,0,0.0,0.0
2024-08-28 09:10:00+09:00,730.0,730.0,729.0,729.0,170400,0.0,0.0
2024-08-28 09:15:00+09:00,729.0,729.0,728.0,729.0,2100,0.0,0.0
2024-08-28 09:20:00+09:00,729.0,729.0,728.0,729.0,900,0.0,0.0
2024-08-28 09:25:00+09:00,729.0,729.0,728.0,728.0,600,0.0,0.0
2024-08-28 09:30:00+09:00,729.0,731.0,728.0,728.0,11500,0.0,0.0
2024-08-28 09:35:00+09:00,730.0,730.0,728.0,729.0,2700,0.0,0.0
2024-08-28 09:40:00+09:00,730.0,731.0,730.0,730.0,1100,0.0,0.0
2024-08-28 09:45:00+09:00,731.0,731.0,729.0,729.0,1400,0.0,0.0
2024-08-28 09:50:00+09:00,730.0,731.0,730.0,730.0,15100,0.0,0.0
2024-08-28 09:55:00+09:00,730.0,730.0,730.0,730.0,1200,0.0,0.0
2024-08-28 10:00:00+09:00,730.0,730.0,729.0,729.0,2300,0.0,0.0
2024-08-28 10:05:00+09:00,729.0,730.0,729.0,729.0,4800,0.0,0.0
2024-08-28 10:10:00+09:00,729.0,730.0,729.0,729.0,2300,0.0,0.0
2024-08-28 10:15:00+09:00,729.0,729.0,729.0,729.0,100,0.0,0.0
2024-08-28 10:20:00+09:00,729.0,730.0,729.0,730.0,2300,0.0,0.0
2024-08-28 10:25:00+09:00,730.0,730.0,729.0,729.0,4300,0.0,0.0
2024-08-28 10:30:00+09:00,730.0,730.0,729.0,730.0,2600,0.0,0.0
2024-08-28 10:35:00+09:00,729.0,729.0,729.0,729.0,200,0.0,0.0
2024-08-28 10:40:00+09:00,729.0,729.0,729.0,729.0,400,0.0,0.0
2024-08-28 10:45:00+09:00,729.0,730.0,729.0,729.0,700,0.0,0.0
2024-08-28 10:50:00+09:00,729.0,729.0,729.0,729.0,600,0.0,0.0
2024-08-28 10:55:00+09:00,730.0,730.0,729.0,729.0,600,0.0,0.0
2024-08-28 11:00:00+09:00,730.0,730.0,729.0,729.0,2200,0.0,0.0
2024-08-28 11:05:00+09:00,729.0,730.0,729.0,730.0,6700,0.0,0.0
2024-08-28 11:10:00+09:00,730.0,730.0,730.0,730.0,3200,0.0,0.0
2024-08-28 11:15:00+09:00,730.0,730.0,730.0,730.0,5000,0.0,0.0
2024-08-28 11:20:00+09:00,730.0,730.0,730.0,730.0,600,0.0,0.0
2024-08-28 11:25:00+09:00,730.0,730.0,729.0,729.0,500,0.0,0.0
2024-08-28 11:30:00+09:00,730.0,730.0,730.0,730.0,25200,0.0,0.0
2024-08-28 11:35:00+09:00,730.0,730.0,730.0,730.0,0,0.0,0.0
2024-08-28 12:30:00+09:00,730.0,731.0,729.0,731.0,369900,0.0,0.0
2024-08-28 12:35:00+09:00,730.0,731.0,729.0,729.0,3600,0.0,0.0
2024-08-28 12:40:00+09:00,730.0,730.0,729.0,729.0,3500,0.0,0.0
2024-08-28 12:45:00+09:00,729.0,730.0,729.0,729.0,2500,0.0,0.0
2024-08-28 12:50:00+09:00,729.0,730.0,729.0,730.0,4300,0.0,0.0
2024-08-28 12:55:00+09:00,729.0,731.0,729.0,730.0,13400,0.0,0.0
2024-08-28 13:00:00+09:00,730.0,730.0,729.0,729.0,3300,0.0,0.0
2024-08-28 13:05:00+09:00,729.0,730.0,729.0,729.0,2200,0.0,0.0
2024-08-28 13:10:00+09:00,730.0,730.0,729.0,730.0,3900,0.0,0.0
2024-08-28 13:15:00+09:00,730.0,730.0,729.0,729.0,600,0.0,0.0
2024-08-28 13:20:00+09:00,729.0,730.0,729.0,730.0,7900,0.0,0.0
2024-08-28 13:25:00+09:00,731.0,731.0,731.0,731.0,5700,0.0,0.0
2024-08-28 13:30:00+09:00,731.0,732.0,730.0,731.0,4500,0.0,0.0
2024-08-28 13:35:00+09:00,732.0,732.0,732.0,732.0,200,0.0,0.0
2024-08-28 13:40:00+09:00,732.0,732.0,731.0,732.0,2000,0.0,0.0
2024-08-28 13:45:00+09:00,731.0,731.0,731.0,731.0,500,0.0,0.0
2024-08-28 13:50:00+09:00,731.0,731.0,730.0,730.0,3100,0.0,0.0
2024-08-28 13:55:00+09:00,731.0,732.0,730.0,731.0,3000,0.0,0.0
2024-08-28 14:00:00+09:00,731.0,732.0,730.0,731.0,1000,0.0,0.0
2024-08-28 14:05:00+09:00,730.0,731.0,730.0,731.0,3000,0.0,0.0
2024-08-28 14:10:00+09:00,731.0,731.0,731.0,731.0,700,0.0,0.0
2024-08-28 14:15:00+09:00,731.0,732.0,730.0,731.0,12100,0.0,0.0
2024-08-28 14:20:00+09:00,731.0,731.0,731.0,731.0,2100,0.0,0.0
2024-08-28 14:25:00+09:00,730.0,731.0,730.0,731.0,4200,0.0,0.0
2024-08-28 14:30:00+09:00,731.0,731.0,730.0,731.0,7100,0.0,0.0
2024-08-28 14:35:00+09:00,732.0,732.0,731.0,732.0,3600,0.0,0.0
2024-08-28 14:40:00+09:00,732.0,732.0,730.0,731.0,12100,0.0,0.0
2024-08-28 14:45:00+09:00,731.0,733.0,730.0,732.0,27200,0.0,0.0
2024-08-28 14:50:00+09:00,732.0,733.0,731.0,731.0,5700,0.0,0.0
2024-08-28 14:55:00+09:00,732.0,732.0,730.0,730.0,15400,0.0,0.0
2024-08-29 09:00:00+09:00,708.0,709.0,694.0,696.0,362700,0.0,0.0
2024-08-29 09:05:00+09:00,697.0,703.0,696.0,701.0,61000,0.0,0.0
2024-08-29 09:10:00+09:00,700.0,701.0,697.0,697.0,11300,0.0,0.0
2024-08-29 09:15:00+09:00,698.0,701.0,698.0,698.0,13000,0.0,0.0
2024-08-29 09:20:00+09:00,698.0,698.0,694.0,695.0,24600,0.0,0.0
2024-08-29 09:25:00+09:00,695.0,698.0,694.0,697.0,4100,0.0,0.0
2024-08-29 09:30:00+09:00,697.0,697.0,695.0,696.0,5500,0.0,0.0
2024-08-29 09:35:00+09:00,695.0,696.0,695.0,695.0,16200,0.0,0.0
2024-08-29 09:40:00+09:00,695.0,695.0,692.0,694.0,9700,0.0,0.0
2024-08-29 09:45:00+09:00,694.0,695.0,693.0,693.0,5900,0.0,0.0
2024-08-29 09:50:00+09:00,694.0,695.0,692.0,692.0,6200,0.0,0.0
2024-08-29 09:55:00+09:00,693.0,695.0,692.0,695.0,6500,0.0,0.0
2024-08-29 10:00:00+09:00,696.0,698.0,694.0,697.0,9300,0.0,0.0
2024-08-29 10:05:00+09:00,697.0,699.0,696.0,696.0,3600,0.0,0.0
2024-08-29 10:10:00+09:00,696.0,700.0,694.0,698.0,8900,0.0,0.0
2024-08-29 10:15:00+09:00,698.0,703.0,698.0,698.0,7400,0.0,0.0
2024-08-29 10:20:00+09:00,699.0,705.0,697.0,698.0,0,0.0,0.0
2024-08-29 10:25:00+09:00,698.0,701.0,698.0,701.0,565300,0.0,0.0
2024-08-29 10:30:00+09:00,699.0,700.0,698.0,699.0,2200,0.0,0.0
2024-08-29 10:35:00+09:00,698.0,699.0,698.0,699.0,1200,0.0,0.0
2024-08-29 10:40:00+09:00,698.0,698.0,698.0,698.0,1500,0.0,0.0
2024-08-29 10:45:00+09:00,698.0,699.0,698.0,699.0,600,0.0,0.0
2024-08-29 10:50:00+09:00,699.0,699.0,698.0,699.0,1800,0.0,0.0
2024-08-29 10:55:00+09:00,697.0,698.0,697.0,698.0,1100,0.0,0.0
2024-08-29 11:00:00+09:00,698.0,698.0,698.0,698.0,1000,0.0,0.0
2024-08-29 11:05:00+09:00,698.0,699.0,697.0,698.0,1600,0.0,0.0
2024-08-29 11:10:00+09:00,698.0,699.0,698.0,699.0,800,0.0,0.0
2024-08-29 11:15:00+09:00,698.0,700.0,698.0,700.0,3400,0.0,0.0
2024-08-29 11:20:00+09:00,700.0,700.0,699.0,699.0,1300,0.0,0.0
2024-08-29 11:25:00+09:00,700.0,700.0,699.0,699.0,900,0.0,0.0
2024-08-29 11:30:00+09:00,700.0,700.0,700.0,700.0,10100,0.0,0.0
2024-08-29 11:35:00+09:00,700.0,700.0,700.0,700.0,0,0.0,0.0
2024-08-29 12:30:00+09:00,700.0,702.0,700.0,701.0,602900,0.0,0.0
2024-08-29 12:35:00+09:00,701.0,701.0,700.0,700.0,900,0.0,0.0
2024-08-29 12:40:00+09:00,701.0,701.0,700.0,701.0,5500,0.0,0.0
2024-08-29 12:45:00+09:00,701.0,701.0,701.0,701.0,600,0.0,0.0
2024-08-29 12:50:00+09:00,701.0,701.0,701.0,701.0,1300,0.0,0.0
2024-08-29 12:55:00+09:00,701.0,701.0,701.0,701.0,700,0.0,0.0
2024-08-29 13:00:00+09:00,701.0,701.0,700.0,700.0,5600,0.0,0.0
2024-08-29 13:05:00+09:00,701.0,701.0,699.0,700.0,1500,0.0,0.0
2024-08-29 13:10:00+09:00,700.0,700.0,700.0,700.0,700,0.0,0.0
2024-08-29 13:15:00+09:00,700.0,701.0,699.0,700.0,5900,0.0,0.0
2024-08-29 13:20:00+09:00,700.0,700.0,700.0,700.0,1600,0.0,0.0
2024-08-29 13:25:00+09:00,700.0,700.0,700.0,700.0,900,0.0,0.0
2024-08-29 13:30:00+09:00,700.0,700.0,700.0,700.0,1300,0.0,0.0
2024-08-29 13:35:00+09:00,701.0,701.0,700.0,700.0,300,0.0,0.0
2024-08-29 13:40:00+09:00,701.0,702.0,700.0,701.0,2600,0.0,0.0
2024-08-29 13:45:00+09:00,701.0,702.0,701.0,702.0,1600,0.0,0.0
2024-08-29 13:50:00+09:00,702.0,702.0,702.0,702.0,3700,0.0,0.0
2024-08-29 13:55:00+09:00,702.0,703.0,701.0,703.0,3200,0.0,0.0
2024-08-29 14:00:00+09:00,702.0,702.0,702.0,702.0,100,0.0,0.0
2024-08-29 14:05:00+09:00,701.0,703.0,701.0,701.0,2800,0.0,0.0
2024-08-29 14:15:00+09:00,701.0,701.0,701.0,701.0,1800,0.0,0.0
2024-08-29 14:20:00+09:00,701.0,702.0,701.0,702.0,1600,0.0,0.0
2024-08-29 14:25:00+09:00,701.0,702.0,701.0,701.0,2800,0.0,0.0
2024-08-29 14:30:00+09:00,701.0,702.0,701.0,702.0,3300,0.0,0.0
2024-08-29 14:35:00+09:00,702.0,702.0,702.0,702.0,1700,0.0,0.0
2024-08-29 14:40:00+09:00,703.0,703.0,702.0,702.0,1100,0.0,0.0
2024-08-29 14:45:00+09:00,702.0,703.0,702.0,702.0,1600,0.0,0.0
2024-08-29 14:50:00+09:00,702.0,703.0,702.0,703.0,11700,0.0,0.0
2024-08-29 14:55:00+09:00,703.0,703.0,702.0,703.0,4000,0.0,0.0
2024-08-30 09:00:00+09:00,703.0,705.0,699.0,699.0,25200,0.0,0.0
2024-08-30 09:05:00+09:00,698.0,699.0,698.0,699.0,1800,0.0,0.0
2024-08-30 09:10:00+09:00,698.0,699.0,698.0,699.0,800,0.0,0.0
2024-08-30 09:15:00+09:00,700.0,700.0,699.0,700.0,2200,0.0,0.0
2024-08-30 09:20:00+09:00,699.0,699.0,699.0,699.0,600,0.0,0.0
2024-08-30 09:25:00+09:00,698.0,699.0,698.0,698.0,1400,0.0,0.0
2024-08-30 09:30:00+09:00,698.0,699.0,698.0,698.0,1700,0.0,0.0
2024-08-30 09:35:00+09:00,698.0,699.0,698.0,699.0,600,0.0,0.0
2024-08-30 09:40:00+09:00,698.0,698.0,698.0,698.0,100,0.0,0.0
2024-08-30 09:45:00+09:00,698.0,699.0,698.0,698.0,1200,0.0,0.0
2024-08-30 09:50:00+09:00,698.0,699.0,698.0,698.0,700,0.0,0.0
2024-08-30 09:55:00+09:00,699.0,699.0,699.0,699.0,100,0.0,0.0
2024-08-30 10:00:00+09:00,698.0,698.0,697.0,698.0,2700,0.0,0.0
2024-08-30 10:05:00+09:00,697.0,698.0,697.0,697.0,1600,0.0,0.0
2024-08-30 10:10:00+09:00,697.0,698.0,697.0,697.0,4100,0.0,0.0
2024-08-30 10:15:00+09:00,697.0,698.0,697.0,698.0,200,0.0,0.0
2024-08-30 10:20:00+09:00,697.0,698.0,697.0,698.0,1400,0.0,0.0
2024-08-30 10:25:00+09:00,698.0,698.0,698.0,698.0,1000,0.0,0.0
2024-08-30 10:30:00+09:00,697.0,697.0,696.0,696.0,1300,0.0,0.0
2024-08-30 10:35:00+09:00,696.0,696.0,696.0,696.0,3200,0.0,0.0
2024-08-30 10:40:00+09:00,696.0,697.0,696.0,697.0,1400,0.0,0.0
2024-08-30 10:45:00+09:00,697.0,697.0,696.0,696.0,300,0.0,0.0
2024-08-30 10:50:00+09:00,696.0,696.0,696.0,696.0,100,0.0,0.0
2024-08-30 10:55:00+09:00,697.0,697.0,697.0,697.0,100,0.0,0.0
2024-08-30 11:00:00+09:00,697.0,697.0,696.0,697.0,600,0.0,0.0
2024-08-30 11:05:00+09:00,697.0,697.0,696.0,696.0,3800,0.0,0.0
2024-08-30 11:10:00+09:00,697.0,697.0,697.0,697.0,400,0.0,0.0
2024-08-30 11:15:00+09:00,697.0,697.0,697.0,697.0,100,0.0,0.0
2024-08-30 11:25:00+09:00,697.0,697.0,697.0,697.0,200,0.0,0.0
2024-08-30 11:30:00+09:00,697.0,697.0,697.0,697.0,1900,0.0,0.0
2024-08-30 11:35:00+09:00,697.0,697.0,697.0,697.0,0,0.0,0.0
2024-08-30 12:30:00+09:00,697.0,697.0,696.0,696.0,66100,0.0,0.0
2024-08-30 12:35:00+09:00,696.0,696.0,696.0,696.0,2500,0.0,0.0
2024-08-30 12:40:00+09:00,696.0,696.0,695.0,696.0,1500,0.0,0.0
2024-08-30 12:45:00+09:00,696.0,696.0,696.0,696.0,1500,0.0,0.0
2024-08-30 12:50:00+09:00,695.0,699.0,694.0,695.0,15500,0.0,0.0
2024-08-30 12:55:00+09:00,695.0,696.0,695.0,695.0,2400,0.0,0.0
2024-08-30 13:00:00+09:00,695.0,695.0,695.0,695.0,100,0.0,0.0
2024-08-30 13:05:00+09:00,694.0,695.0,694.0,695.0,2100,0.0,0.0
2024-08-30 13:10:00+09:00,694.0,694.0,694.0,694.0,4400,0.0,0.0
2024-08-30 13:15:00+09:00,694.0,694.0,693.0,693.0,1000,0.0,0.0
2024-08-30 13:20:00+09:00,693.0,694.0,693.0,694.0,4800,0.0,0.0
2024-08-30 13:25:00+09:00,694.0,694.0,693.0,693.0,1400,0.0,0.0
2024-08-30 13:30:00+09:00,693.0,693.0,693.0,693.0,300,0.0,0.0
2024-08-30 13:35:00+09:00,693.0,693.0,693.0,693.0,3800,0.0,0.0
2024-08-30 13:40:00+09:00,693.0,693.0,693.0,693.0,1800,0.0,0.0
2024-08-30 13:45:00+09:00,692.0,693.0,692.0,693.0,800,0.0,0.0
2024-08-30 13:50:00+09:00,693.0,693.0,693.0,693.0,300,0.0,0.0
2024-08-30 13:55:00+09:00,693.0,693.0,693.0,693.0,1800,0.0,0.0
2024-08-30 14:00:00+09:00,693.0,693.0,693.0,693.0,1100,0.0,0.0
2024-08-30 14:05:00+09:00,693.0,693.0,693.0,693.0,500,0.0,0.0
2024-08-30 14:10:00+09:00,693.0,693.0,693.0,693.0,700,0.0,0.0
2024-08-30 14:15:00+09:00,693.0,693.0,693.0,693.0,500,0.0,0.0
2024-08-30 14:20:00+09:00,693.0,693.0,693.0,693.0,700,0.0,0.0
2024-08-30 14:25:00+09:00,693.0,693.0,692.0,693.0,1400,0.0,0.0
2024-08-30 14:30:00+09:00,693.0,693.0,693.0,693.0,1100,0.0,0.0
2024-08-30 14:35:00+09:00,693.0,693.0,692.0,693.0,4400,0.0,0.0
2024-08-30 14:40:00+09:00,692.0,693.0,692.0,693.0,4600,0.0,0.0
2024-08-30 14:45:00+09:00,693.0,693.0,693.0,693.0,2000,0.0,0.0
2024-08-30 14:50:00+09:00,693.0,694.0,693.0,693.0,1100,0.0,0.0
2024-08-30 14:55:00+09:00,693.0,694.0,692.0,692.0,6400,0.0,0.0
2024-09-02 09:00:00+09:00,690.0,690.0,686.0,687.0,59300,0.0,0.0
2024-09-02 09:05:00+09:00,686.0,686.0,683.0,684.0,11000,0.0,0.0
2024-09-02 09:10:00+09:00,684.0,685.0,683.0,684.0,1700,0.0,0.0
2024-09-02 09:15:00+09:00,684.0,685.0,683.0,684.0,4700,0.0,0.0
2024-09-02 09:20:00+09:00,684.0,684.0,683.0,684.0,3200,0.0,0.0
2024-09-02 09:25:00+09:00,685.0,686.0,684.0,686.0,2100,0.0,0.0
2024-09-02 09:30:00+09:00,685.0,685.0,685.0,685.0,1200,0.0,0.0
2024-09-02 09:35:00+09:00,685.0,685.0,685.0,685.0,2300,0.0,0.0
2024-09-02 09:40:00+09:00,685.0,685.0,684.0,684.0,1600,0.0,0.0
2024-09-02 09:45:00+09:00,684.0,686.0,684.0,685.0,2100,0.0,0.0
2024-09-02 09:50:00+09:00,684.0,685.0,684.0,684.0,1300,0.0,0.0
2024-09-02 09:55:00+09:00,684.0,684.0,683.0,683.0,3700,0.0,0.0
2024-09-02 10:00:00+09:00,682.0,683.0,682.0,683.0,6700,0.0,0.0
2024-09-02 10:05:00+09:00,683.0,683.0,683.0,683.0,200,0.0,0.0
2024-09-02 10:10:00+09:00,682.0,683.0,682.0,683.0,200,0.0,0.0
2024-09-02 10:15:00+09:00,683.0,683.0,683.0,683.0,200,0.0,0.0
2024-09-02 10:20:00+09:00,682.0,683.0,682.0,683.0,600,0.0,0.0
2024-09-02 10:25:00+09:00,683.0,683.0,682.0,683.0,1000,0.0,0.0
2024-09-02 10:30:00+09:00,683.0,683.0,682.0,682.0,3200,0.0,0.0
2024-09-02 10:35:00+09:00,681.0,681.0,681.0,681.0,1400,0.0,0.0
2024-09-02 10:40:00+09:00,681.0,682.0,681.0,682.0,700,0.0,0.0
2024-09-02 10:45:00+09:00,682.0,682.0,682.0,682.0,400,0.0,0.0
2024-09-02 10:50:00+09:00,681.0,681.0,681.0,681.0,300,0.0,0.0
2024-09-02 10:55:00+09:00,681.0,682.0,681.0,682.0,300,0.0,0.0
2024-09-02 11:00:00+09:00,681.0,682.0,681.0,681.0,400,0.0,0.0
2024-09-02 11:05:00+09:00,681.0,682.0,681.0,682.0,2000,0.0,0.0
2024-09-02 11:10:00+09:00,682.0,683.0,682.0,682.0,800,0.0,0.0
2024-09-02 11:15:00+09:00,682.0,682.0,682.0,682.0,100,0.0,0.0
2024-09-02 11:20:00+09:00,681.0,682.0,681.0,682.0,200,0.0,0.0
2024-09-02 11:25:00+09:00,681.0,681.0,681.0,681.0,1100,0.0,0.0
2024-09-02 11:30:00+09:00,682.0,682.0,682.0,682.0,8000,0.0,0.0
2024-09-02 11:35:00+09:00,682.0,682.0,682.0,682.0,0,0.0,0.0
2024-09-02 12:30:00+09:00,682.0,682.0,681.0,681.0,133400,0.0,0.0
2024-09-02 12:35:00+09:00,682.0,682.0,681.0,682.0,1600,0.0,0.0
2024-09-02 12:40:00+09:00,682.0,682.0,681.0,681.0,1400,0.0,0.0
2024-09-02 12:45:00+09:00,681.0,682.0,681.0,682.0,400,0.0,0.0
2024-09-02 12:50:00+09:00,681.0,682.0,681.0,681.0,1300,0.0,0.0
2024-09-02 12:55:00+09:00,682.0,682.0,681.0,682.0,800,0.0,0.0
2024-09-02 13:00:00+09:00,681.0,681.0,681.0,681.0,2600,0.0,0.0
2024-09-02 13:05:00+09:00,681.0,681.0,681.0,681.0,1900,0.0,0.0
2024-09-02 13:10:00+09:00,681.0,681.0,680.0,681.0,500,0.0,0.0
2024-09-02 13:15:00+09:00,681.0,681.0,681.0,681.0,2400,0.0,0.0
2024-09-02 13:20:00+09:00,681.0,681.0,681.0,681.0,400,0.0,0.0
2024-09-02 13:25:00+09:00,681.0,681.0,680.0,681.0,1400,0.0,0.0
2024-09-02 13:30:00+09:00,681.0,681.0,681.0,681.0,100,0.0,0.0
2024-09-02 13:35:00+09:00,681.0,681.0,680.0,680.0,600,0.0,0.0
2024-09-02 13:40:00+09:00,681.0,681.0,681.0,681.0,900,0.0,0.0
2024-09-02 13:45:00+09:00,681.0,681.0,681.0,681.0,100,0.0,0.0
2024-09-02 13:50:00+09:00,681.0,681.0,680.0,680.0,1600,0.0,0.0
2024-09-02 13:55:00+09:00,681.0,681.0,681.0,681.0,100,0.0,0.0
2024-09-02 14:00:00+09:00,681.0,681.0,681.0,681.0,1800,0.0,0.0
2024-09-02 14:05:00+09:00,681.0,681.0,681.0,681.0,1600,0.0,0.0
2024-09-02 14:10:00+09:00,681.0,681.0,681.0,681.0,100,0.0,0.0
2024-09-02 14:15:00+09:00,682.0,682.0,681.0,681.0,200,0.0,0.0
2024-09-02 14:20:00+09:00,681.0,681.0,681.0,681.0,600,0.0,0.0
2024-09-02 14:25:00+09:00,682.0,682.0,680.0,680.0,3000,0.0,0.0
2024-09-02 14:30:00+09:00,681.0,681.0,681.0,681.0,1000,0.0,0.0
2024-09-02 14:35:00+09:00,681.0,681.0,680.0,681.0,800,0.0,0.0
2024-09-02 14:40:00+09:00,681.0,681.0,681.0,681.0,700,0.0,0.0
2024-09-02 14:45:00+09:00,681.0,681.0,681.0,681.0,1300,0.0,0.0
2024-09-02 14:50:00+09:00,681.0,682.0,681.0,681.0,400,0.0,0.0
2024-09-02 14:55:00+09:00,681.0,682.0,681.0,681.0,7000,0.0,0.0
2024-09-03 09:00:00+09:00,685.0,685.0,683.0,684.0,11700,0.0,0.0
2024-09-03 09:05:00+09:00,685.0,688.0,685.0,687.0,7900,0.0,0.0
2024-09-03 09:10:00+09:00,687.0,688.0,686.0,687.0,2800,0.0,0.0
2024-09-03 09:15:00+09:00,686.0,687.0,686.0,686.0,500,0.0,0.0
2024-09-03 09:20:00+09:00,686.0,688.0,686.0,688.0,5800,0.0,0.0
2024-09-03 09:25:00+09:00,688.0,688.0,688.0,688.0,2600,0.0,0.0
2024-09-03 09:30:00+09:00,688.0,689.0,688.0,689.0,3300,0.0,0.0
2024-09-03 09:35:00+09:00,689.0,690.0,689.0,689.0,1100,0.0,0.0
2024-09-03 09:40:00+09:00,690.0,690.0,688.0,688.0,1400,0.0,0.0
2024-09-03 09:45:00+09:00,689.0,689.0,688.0,688.0,300,0.0,0.0
2024-09-03 09:50:00+09:00,688.0,688.0,687.0,688.0,900,0.0,0.0
2024-09-03 09:55:00+09:00,687.0,689.0,687.0,687.0,1700,0.0,0.0
2024-09-03 10:00:00+09:00,687.0,687.0,687.0,687.0,100,0.0,0.0
2024-09-03 10:05:00+09:00,688.0,688.0,688.0,688.0,700,0.0,0.0
2024-09-03 10:10:00+09:00,688.0,688.0,686.0,686.0,5400,0.0,0.0
2024-09-03 10:15:00+09:00,687.0,687.0,687.0,687.0,400,0.0,0.0
2024-09-03 10:20:00+09:00,688.0,688.0,687.0,687.0,200,0.0,0.0
2024-09-03 10:25:00+09:00,687.0,687.0,687.0,687.0,400,0.0,0.0
2024-09-03 10:30:00+09:00,687.0,687.0,687.0,687.0,100,0.0,0.0
2024-09-03 10:55:00+09:00,687.0,687.0,686.0,687.0,1100,0.0,0.0
2024-09-03 11:00:00+09:00,687.0,687.0,687.0,687.0,100,0.0,0.0
2024-09-03 11:05:00+09:00,687.0,687.0,687.0,687.0,1000,0.0,0.0
2024-09-03 11:10:00+09:00,687.0,687.0,687.0,687.0,400,0.0,0.0
2024-09-03 11:15:00+09:00,687.0,687.0,687.0,687.0,300,0.0,0.0
2024-09-03 11:20:00+09:00,688.0,688.0,688.0,688.0,2100,0.0,0.0
2024-09-03 11:25:00+09:00,688.0,688.0,688.0,688.0,100,0.0,0.0
2024-09-03 11:30:00+09:00,689.0,689.0,689.0,689.0,600,0.0,0.0
2024-09-03 11:35:00+09:00,689.0,689.0,689.0,689.0,0,0.0,0.0
2024-09-03 12:30:00+09:00,688.0,688.0,687.0,687.0,57300,0.0,0.0
2024-09-03 12:35:00+09:00,687.0,687.0,687.0,687.0,300,0.0,0.0
2024-09-03 12:40:00+09:00,688.0,688.0,687.0,687.0,2100,0.0,0.0
2024-09-03 12:45:00+09:00,688.0,688.0,687.0,687.0,1900,0.0,0.0
2024-09-03 12:50:00+09:00,686.0,687.0,686.0,687.0,200,0.0,0.0
2024-09-03 12:55:00+09:00,687.0,688.0,687.0,687.0,3800,0.0,0.0
2024-09-03 13:00:00+09:00,687.0,687.0,687.0,687.0,100,0.0,0.0
2024-09-03 13:05:00+09:00,688.0,688.0,687.0,687.0,6800,0.0,0.0
2024-09-03 13:10:00+09:00,687.0,687.0,687.0,687.0,100,0.0,0.0
2024-09-03 13:20:00+09:00,687.0,687.0,687.0,687.0,100,0.0,0.0
2024-09-03 13:25:00+09:00,687.0,687.0,687.0,687.0,300,0.0,0.0
2024-09-03 13:30:00+09:00,687.0,687.0,687.0,687.0,300,0.0,0.0
2024-09-03 13:45:00+09:00,687.0,687.0,687.0,687.0,1500,0.0,0.0
2024-09-03 13:50:00+09:00,686.0,686.0,686.0,686.0,200,0.0,0.0
2024-09-03 13:55:00+09:00,687.0,687.0,687.0,687.0,800,0.0,0.0
2024-09-03 14:10:00+09:00,687.0,688.0,687.0,688.0,500,0.0,0.0
2024-09-03 14:25:00+09:00,688.0,688.0,687.0,687.0,400,0.0,0.0
2024-09-03 14:30:00+09:00,688.0,688.0,688.0,688.0,300,0.0,0.0
2024-09-03 14:35:00+09:00,688.0,688.0,688.0,688.0,3100,0.0,0.0
2024-09-03 14:50:00+09:00,688.0,689.0,688.0,689.0,200,0.0,0.0
2024-09-03 14:55:00+09:00,689.0,689.0,688.0,689.0,1100,0.0,0.0
2024-09-04 09:00:00+09:00,688.0,690.0,686.0,689.0,13500,0.0,0.0
2024-09-04 09:05:00+09:00,689.0,689.0,689.0,689.0,900,0.0,0.0
2024-09-04 09:10:00+09:00,688.0,688.0,684.0,684.0,10300,0.0,0.0
2024-09-04 09:15:00+09:00,684.0,686.0,683.0,686.0,3500,0.0,0.0
2024-09-04 09:20:00+09:00,686.0,688.0,686.0,688.0,1500,0.0,0.0
2024-09-04 09:30:00+09:00,686.0,686.0,685.0,685.0,1100,0.0,0.0
2024-09-04 09:35:00+09:00,684.0,684.0,683.0,683.0,1400,0.0,0.0
2024-09-04 09:40:00+09:00,683.0,683.0,681.0,682.0,11000,0.0,0.0
2024-09-04 09:45:00+09:00,682.0,683.0,682.0,683.0,2700,0.0,0.0
2024-09-04 09:50:00+09:00,683.0,683.0,683.0,683.0,600,0.0,0.0
2024-09-04 09:55:00+09:00,682.0,683.0,680.0,681.0,4800,0.0,0.0
2024-09-04 10:00:00+09:00,683.0,683.0,680.0,682.0,4600,0.0,0.0
2024-09-04 10:05:00+09:00,681.0,681.0,681.0,681.0,200,0.0,0.0
2024-09-04 10:10:00+09:00,681.0,681.0,681.0,681.0,400,0.0,0.0
2024-09-04 10:20:00+09:00,680.0,681.0,680.0,680.0,5800,0.0,0.0
2024-09-04 10:25:00+09:00,680.0,681.0,680.0,680.0,1000,0.0,0.0
2024-09-04 10:30:00+09:00,681.0,682.0,681.0,682.0,1600,0.0,0.0
2024-09-04 10:35:00+09:00,682.0,682.0,681.0,681.0,900,0.0,0.0
2024-09-04 10:40:00+09:00,681.0,682.0,680.0,681.0,2300,0.0,0.0
2024-09-04 10:45:00+09:00,681.0,682.0,681.0,682.0,700,0.0,0.0
2024-09-04 10:50:00+09:00,682.0,682.0,682.0,682.0,700,0.0,0.0
2024-09-04 10:55:00+09:00,682.0,682.0,682.0,682.0,2000,0.0,0.0
2024-09-04 11:05:00+09:00,682.0,682.0,682.0,682.0,500,0.0,0.0
2024-09-04 11:10:00+09:00,681.0,681.0,681.0,681.0,100,0.0,0.0
2024-09-04 11:15:00+09:00,681.0,681.0,681.0,681.0,200,0.0,0.0
2024-09-04 11:20:00+09:00,681.0,682.0,681.0,682.0,600,0.0,0.0
2024-09-04 11:25:00+09:00,682.0,682.0,682.0,682.0,1900,0.0,0.0
2024-09-04 11:30:00+09:00,683.0,683.0,683.0,683.0,600,0.0,0.0
2024-09-04 11:35:00+09:00,683.0,683.0,683.0,683.0,0,0.0,0.0
2024-09-04 12:30:00+09:00,684.0,684.0,682.0,682.0,79000,0.0,0.0
2024-09-04 12:35:00+09:00,682.0,682.0,681.0,681.0,300,0.0,0.0
2024-09-04 12:40:00+09:00,681.0,681.0,681.0,681.0,2800,0.0,0.0
2024-09-04 12:45:00+09:00,681.0,682.0,681.0,681.0,4000,0.0,0.0
2024-09-04 12:50:00+09:00,681.0,681.0,681.0,681.0,600,0.0,0.0
2024-09-04 12:55:00+09:00,681.0,681.0,681.0,681.0,100,0.0,0.0
2024-09-04 13:00:00+09:00,681.0,681.0,681.0,681.0,300,0.0,0.0
2024-09-04 13:05:00+09:00,681.0,681.0,681.0,681.0,100,0.0,0.0
2024-09-04 13:10:00+09:00,681.0,682.0,681.0,681.0,1600,0.0,0.0
2024-09-04 13:15:00+09:00,681.0,681.0,681.0,681.0,600,0.0,0.0
2024-09-04 13:20:00+09:00,680.0,680.0,680.0,680.0,200,0.0,0.0
2024-09-04 13:25:00+09:00,681.0,681.0,681.0,681.0,800,0.0,0.0
2024-09-04 13:35:00+09:00,681.0,682.0,681.0,682.0,4300,0.0,0.0
2024-09-04 13:40:00+09:00,683.0,686.0,683.0,686.0,7600,0.0,0.0
2024-09-04 13:45:00+09:00,686.0,686.0,685.0,685.0,600,0.0,0.0
2024-09-04 13:50:00+09:00,685.0,686.0,685.0,686.0,500,0.0,0.0
2024-09-04 13:55:00+09:00,685.0,685.0,683.0,683.0,0,0.0,0.0
2024-09-04 14:00:00+09:00,683.0,683.0,683.0,683.0,107300,0.0,0.0
2024-09-04 14:05:00+09:00,682.0,682.0,681.0,681.0,2700,0.0,0.0
2024-09-04 14:10:00+09:00,681.0,681.0,679.0,679.0,9300,0.0,0.0
2024-09-04 14:15:00+09:00,680.0,680.0,680.0,680.0,2800,0.0,0.0
2024-09-04 14:20:00+09:00,679.0,680.0,679.0,680.0,300,0.0,0.0
2024-09-04 14:25:00+09:00,681.0,681.0,681.0,681.0,3800,0.0,0.0
2024-09-04 14:35:00+09:00,680.0,680.0,680.0,680.0,100,0.0,0.0
2024-09-04 14:40:00+09:00,680.0,682.0,680.0,681.0,0,0.0,0.0
2024-09-04 14:45:00+09:00,681.0,681.0,680.0,680.0,137600,0.0,0.0
2024-09-04 14:50:00+09:00,680.0,680.0,680.0,680.0,300,0.0,0.0
2024-09-04 14:55:00+09:00,680.0,681.0,680.0,680.0,2100,0.0,0.0
2024-09-05 09:00:00+09:00,679.0,682.0,679.0,682.0,3600,0.0,0.0
2024-09-05 09:05:00+09:00,681.0,681.0,680.0,681.0,3900,0.0,0.0
2024-09-05 09:10:00+09:00,681.0,683.0,680.0,683.0,1300,0.0,0.0
2024-09-05 09:15:00+09:00,683.0,686.0,683.0,686.0,1000,0.0,0.0
2024-09-05 09:20:00+09:00,685.0,686.0,685.0,686.0,1300,0.0,0.0
2024-09-05 09:25:00+09:00,686.0,687.0,686.0,686.0,300,0.0,0.0
2024-09-05 09:30:00+09:00,687.0,687.0,686.0,687.0,1100,0.0,0.0
2024-09-05 09:35:00+09:00,686.0,686.0,686.0,686.0,1500,0.0,0.0
2024-09-05 09:40:00+09:00,685.0,685.0,685.0,685.0,100,0.0,0.0
2024-09-05 09:45:00+09:00,686.0,686.0,686.0,686.0,200,0.0,0.0
2024-09-05 09:55:00+09:00,686.0,687.0,686.0,687.0,2900,0.0,0.0
2024-09-05 10:00:00+09:00,688.0,688.0,688.0,688.0,3000,0.0,0.0
2024-09-05 10:05:00+09:00,689.0,689.0,689.0,689.0,100,0.0,0.0
2024-09-05 10:10:00+09:00,688.0,688.0,688.0,688.0,400,0.0,0.0
2024-09-05 10:15:00+09:00,688.0,688.0,688.0,688.0,100,0.0,0.0
2024-09-05 10:20:00+09:00,689.0,689.0,689.0,689.0,100,0.0,0.0
2024-09-05 10:25:00+09:00,688.0,688.0,688.0,688.0,600,0.0,0.0
2024-09-05 10:30:00+09:00,688.0,689.0,688.0,689.0,3300,0.0,0.0
2024-09-05 10:35:00+09:00,690.0,691.0,690.0,691.0,14000,0.0,0.0
2024-09-05 10:40:00+09:00,691.0,692.0,691.0,692.0,1400,0.0,0.0
2024-09-05 10:45:00+09:00,691.0,691.0,691.0,691.0,2400,0.0,0.0
2024-09-05 10:50:00+09:00,689.0,689.0,689.0,689.0,0,0.0,0.0
2024-09-05 10:55:00+09:00,689.0,690.0,689.0,690.0,44800,0.0,0.0
2024-09-05 11:00:00+09:00,690.0,690.0,690.0,690.0,200,0.0,0.0
2024-09-05 11:05:00+09:00,691.0,691.0,690.0,690.0,500,0.0,0.0
2024-09-05 11:10:00+09:00,689.0,690.0,689.0,690.0,300,0.0,0.0
2024-09-05 11:15:00+09:00,690.0,690.0,690.0,690.0,100,0.0,0.0
2024-09-05 11:20:00+09:00,690.0,690.0,690.0,690.0,400,0.0,0.0
2024-09-05 11:25:00+09:00,691.0,691.0,691.0,691.0,1100,0.0,0.0
2024-09-05 11:30:00+09:00,692.0,692.0,692.0,692.0,900,0.0,0.0
2024-09-05 11:35:00+09:00,692.0,692.0,692.0,692.0,0,0.0,0.0
2024-09-05 12:30:00+09:00,691.0,691.0,690.0,690.0,51200,0.0,0.0
2024-09-05 12:35:00+09:00,689.0,689.0,689.0,689.0,2300,0.0,0.0
2024-09-05 12:40:00+09:00,689.0,689.0,689.0,689.0,100,0.0,0.0
2024-09-05 12:45:00+09:00,689.0,689.0,689.0,689.0,300,0.0,0.0
2024-09-05 12:50:00+09:00,688.0,688.0,687.0,687.0,600,0.0,0.0
2024-09-05 12:55:00+09:00,687.0,687.0,687.0,687.0,300,0.0,0.0
2024-09-05 13:00:00+09:00,687.0,687.0,686.0,686.0,600,0.0,0.0
2024-09-05 13:20:00+09:00,686.0,686.0,686.0,686.0,200,0.0,0.0
2024-09-05 13:25:00+09:00,686.0,686.0,686.0,686.0,100,0.0,0.0
2024-09-05 13:35:00+09:00,686.0,686.0,685.0,685.0,5400,0.0,0.0
2024-09-05 13:40:00+09:00,684.0,684.0,683.0,683.0,500,0.0,0.0
2024-09-05 13:45:00+09:00,684.0,684.0,682.0,682.0,3000,0.0,0.0
2024-09-05 13:50:00+09:00,684.0,684.0,684.0,684.0,800,0.0,0.0
2024-09-05 13:55:00+09:00,685.0,685.0,685.0,685.0,1000,0.0,0.0
2024-09-05 14:00:00+09:00,684.0,684.0,683.0,683.0,1200,0.0,0.0
2024-09-05 14:10:00+09:00,683.0,684.0,683.0,684.0,1700,0.0,0.0
2024-09-05 14:15:00+09:00,684.0,685.0,684.0,685.0,500,0.0,0.0
2024-09-05 14:20:00+09:00,685.0,685.0,685.0,685.0,1000,0.0,0.0
2024-09-05 14:25:00+09:00,685.0,685.0,685.0,685.0,500,0.0,0.0
2024-09-05 14:30:00+09:00,685.0,685.0,685.0,685.0,800,0.0,0.0
2024-09-05 14:35:00+09:00,686.0,686.0,686.0,686.0,600,0.0,0.0
2024-09-05 14:40:00+09:00,686.0,686.0,685.0,685.0,1300,0.0,0.0
2024-09-05 14:45:00+09:00,685.0,685.0,684.0,684.0,700,0.0,0.0
2024-09-05 14:50:00+09:00,684.0,684.0,683.0,684.0,4500,0.0,0.0
2024-09-05 14:55:00+09:00,685.0,686.0,685.0,686.0,3700,0.0,0.0
2024-09-06 09:00:00+09:00,689.0,689.0,689.0,689.0,2700,0.0,0.0
2024-09-06 09:05:00+09:00,688.0,689.0,688.0,689.0,200,0.0,0.0
2024-09-06 09:10:00+09:00,688.0,688.0,688.0,688.0,100,0.0,0.0
2024-09-06 09:15:00+09:00,687.0,687.0,687.0,687.0,300,0.0,0.0
2024-09-06 09:20:00+09:00,686.0,686.0,686.0,686.0,2200,0.0,0.0
2024-09-06 09:25:00+09:00,686.0,686.0,685.0,685.0,300,0.0,0.0
2024-09-06 09:30:00+09:00,686.0,686.0,685.0,685.0,1200,0.0,0.0
2024-09-06 09:35:00+09:00,684.0,684.0,684.0,684.0,200,0.0,0.0
2024-09-06 09:45:00+09:00,684.0,684.0,684.0,684.0,100,0.0,0.0
2024-09-06 09:50:00+09:00,685.0,685.0,685.0,685.0,100,0.0,0.0
2024-09-06 10:00:00+09:00,684.0,684.0,684.0,684.0,300,0.0,0.0
2024-09-06 10:05:00+09:00,683.0,683.0,683.0,683.0,200,0.0,0.0
2024-09-06 10:10:00+09:00,683.0,683.0,683.0,683.0,900,0.0,0.0
2024-09-06 10:20:00+09:00,684.0,684.0,684.0,684.0,400,0.0,0.0
2024-09-06 10:25:00+09:00,684.0,685.0,684.0,685.0,400,0.0,0.0
2024-09-06 10:30:00+09:00,685.0,687.0,685.0,687.0,3100,0.0,0.0
2024-09-06 10:35:00+09:00,686.0,687.0,686.0,687.0,300,0.0,0.0
2024-09-06 10:40:00+09:00,687.0,687.0,687.0,687.0,100,0.0,0.0
2024-09-06 11:10:00+09:00,686.0,686.0,686.0,686.0,400,0.0,0.0
2024-09-06 11:15:00+09:00,685.0,686.0,685.0,686.0,1000,0.0,0.0
2024-09-06 11:20:00+09:00,686.0,686.0,686.0,686.0,100,0.0,0.0
2024-09-06 11:30:00+09:00,686.0,686.0,686.0,686.0,1200,0.0,0.0
2024-09-06 11:35:00+09:00,686.0,686.0,686.0,686.0,0,0.0,0.0
2024-09-06 12:30:00+09:00,688.0,688.0,686.0,686.0,18900,0.0,0.0
2024-09-06 12:35:00+09:00,686.0,686.0,685.0,685.0,600,0.0,0.0
2024-09-06 12:40:00+09:00,685.0,686.0,685.0,686.0,600,0.0,0.0
2024-09-06 12:45:00+09:00,685.0,686.0,685.0,686.0,300,0.0,0.0
2024-09-06 12:50:00+09:00,684.0,684.0,684.0,684.0,200,0.0,0.0
2024-09-06 12:55:00+09:00,685.0,686.0,685.0,686.0,300,0.0,0.0
2024-09-06 13:00:00+09:00,685.0,686.0,685.0,686.0,200,0.0,0.0
2024-09-06 13:10:00+09:00,685.0,685.0,685.0,685.0,100,0.0,0.0
2024-09-06 13:15:00+09:00,685.0,685.0,685.0,685.0,100,0.0,0.0
2024-09-06 13:20:00+09:00,685.0,685.0,685.0,685.0,1100,0.0,0.0
2024-09-06 13:25:00+09:00,685.0,685.0,685.0,685.0,100,0.0,0.0
2024-09-06 13:35:00+09:00,685.0,685.0,684.0,684.0,1500,0.0,0.0
2024-09-06 13:40:00+09:00,684.0,684.0,684.0,684.0,100,0.0,0.0
2024-09-06 13:45:00+09:00,685.0,685.0,685.0,685.0,100,0.0,0.0
2024-09-06 13:55:00+09:00,684.0,684.0,684.0,684.0,100,0.0,0.0
2024-09-06 14:00:00+09:00,684.0,684.0,684.0,684.0,400,0.0,0.0
2024-09-06 14:05:00+09:00,684.0,684.0,684.0,684.0,100,0.0,0.0
2024-09-06 14:25:00+09:00,683.0,683.0,683.0,683.0,1100,0.0,0.0
2024-09-06 14:30:00+09:00,682.0,682.0,682.0,682.0,100,0.0,0.0
2024-09-06 14:35:00+09:00,682.0,682.0,682.0,682.0,900,0.0,0.0
2024-09-06 14:40:00+09:00,681.0,683.0,681.0,683.0,1700,0.0,0.0
2024-09-06 14:45:00+09:00,683.0,684.0,683.0,684.0,1900,0.0,0.0
2024-09-06 14:50:00+09:00,684.0,685.0,684.0,685.0,1000,0.0,0.0
2024-09-06 14:55:00+09:00,685.0,685.0,685.0,685.0,100,0.0,0.0
