Datetime,Open,High,Low,Close,Volume,Dividends,Stock Splits
2025-04-14 09:00:00+09:00,1582.0,1586.0,1582.0,1586.0,0,0.0,0.0
2025-04-14 09:01:00+09:00,1588.0,1590.0,1580.0,1580.0,4959,0.0,0.0
2025-04-14 09:02:00+09:00,1577.0,1580.0,1577.0,1580.0,0,0.0,0.0
2025-04-14 09:03:00+09:00,1577.0,1577.0,1555.0,1555.0,2747,0.0,0.0
2025-04-14 09:04:00+09:00,1577.0,1579.0,1577.0,1579.0,0,0.0,0.0
2025-04-14 09:05:00+09:00,1579.0,1590.0,1579.0,1590.0,43,0.0,0.0
2025-04-14 09:07:00+09:00,1590.0,1591.0,1580.0,1591.0,2358,0.0,0.0
2025-04-14 09:08:00+09:00,1591.0,1591.0,1588.0,1588.0,7311,0.0,0.0
2025-04-14 09:09:00+09:00,1595.0,1595.0,1595.0,1595.0,0,0.0,0.0
2025-04-14 09:10:00+09:00,1595.0,1597.0,1595.0,1597.0,484,0.0,0.0
2025-04-14 09:12:00+09:00,1597.0,1597.0,1595.0,1595.0,0,0.0,0.0
2025-04-14 09:13:00+09:00,1594.0,1596.0,1594.0,1596.0,1804,0.0,0.0
2025-04-14 09:14:00+09:00,1594.0,1596.0,1588.0,1596.0,14169,0.0,0.0
2025-04-14 09:15:00+09:00,1596.0,1599.0,1596.0,1598.0,3172,0.0,0.0
2025-04-14 09:17:00+09:00,1598.0,1599.0,1598.0,1599.0,956,0.0,0.0
2025-04-14 09:18:00+09:00,1598.0,1598.0,1594.0,1598.0,850,0.0,0.0
2025-04-14 09:19:00+09:00,1594.0,1601.0,1594.0,1601.0,14015,0.0,0.0
2025-04-14 09:20:00+09:00,1601.0,1604.0,1601.0,1604.0,121,0.0,0.0
2025-04-14 09:21:00+09:00,1603.0,1608.0,1601.0,1607.0,3220,0.0,0.0
2025-04-14 09:22:00+09:00,1597.0,1609.0,1597.0,1608.0,1506,0.0,0.0
2025-04-14 09:23:00+09:00,1608.0,1609.0,1608.0,1609.0,2380,0.0,0.0
2025-04-14 09:24:00+09:00,1609.0,1611.0,1605.0,1611.0,1712,0.0,0.0
2025-04-14 09:25:00+09:00,1611.0,1613.0,1611.0,1612.0,2445,0.0,0.0
2025-04-14 09:26:00+09:00,1613.0,1617.0,1612.0,1617.0,1395,0.0,0.0
2025-04-14 09:27:00+09:00,1615.0,1630.0,1615.0,1629.0,8238,0.0,0.0
2025-04-14 09:28:00+09:00,1629.0,1629.0,1625.0,1628.0,938,0.0,0.0
2025-04-14 09:30:00+09:00,1627.0,1638.0,1627.0,1638.0,12186,0.0,0.0
2025-04-14 09:31:00+09:00,1635.0,1637.0,1632.0,1637.0,1951,0.0,0.0
2025-04-14 09:32:00+09:00,1632.0,1632.0,1630.0,1632.0,874,0.0,0.0
2025-04-14 09:33:00+09:00,1629.0,1629.0,1624.0,1624.0,2829,0.0,0.0
2025-04-14 09:34:00+09:00,1624.0,1627.0,1624.0,1627.0,69,0.0,0.0
2025-04-14 09:35:00+09:00,1627.0,1630.0,1627.0,1630.0,57,0.0,0.0
2025-04-14 09:36:00+09:00,1630.0,1630.0,1630.0,1630.0,39,0.0,0.0
2025-04-14 09:37:00+09:00,1621.0,1630.0,1619.0,1630.0,1435,0.0,0.0
2025-04-14 09:38:00+09:00,1627.0,1629.0,1617.0,1621.0,12137,0.0,0.0
2025-04-14 09:39:00+09:00,1626.0,1626.0,1626.0,1626.0,0,0.0,0.0
2025-04-14 09:40:00+09:00,1620.0,1626.0,1619.0,1620.0,309,0.0,0.0
2025-04-14 09:41:00+09:00,1620.0,1620.0,1620.0,1620.0,134,0.0,0.0
2025-04-14 09:42:00+09:00,1625.0,1625.0,1624.0,1625.0,935,0.0,0.0
2025-04-14 09:43:00+09:00,1625.0,1626.0,1625.0,1625.0,252,0.0,0.0
2025-04-14 09:44:00+09:00,1625.0,1625.0,1622.0,1625.0,429,0.0,0.0
2025-04-14 09:45:00+09:00,1620.0,1629.0,1620.0,1629.0,1058,0.0,0.0
2025-04-14 09:46:00+09:00,1623.0,1623.0,1623.0,1623.0,1003,0.0,0.0
2025-04-14 09:47:00+09:00,1629.0,1629.0,1621.0,1628.0,336,0.0,0.0
2025-04-14 09:48:00+09:00,1628.0,1628.0,1628.0,1628.0,102,0.0,0.0
2025-04-14 09:49:00+09:00,1624.0,1628.0,1624.0,1628.0,209,0.0,0.0
2025-04-14 09:50:00+09:00,1628.0,1628.0,1628.0,1628.0,134,0.0,0.0
2025-04-14 09:51:00+09:00,1628.0,1628.0,1627.0,1627.0,399,0.0,0.0
2025-04-14 09:52:00+09:00,1626.0,1627.0,1626.0,1627.0,751,0.0,0.0
2025-04-14 09:53:00+09:00,1627.0,1627.0,1627.0,1627.0,166,0.0,0.0
2025-04-14 09:54:00+09:00,1626.0,1627.0,1626.0,1627.0,39,0.0,0.0
2025-04-14 09:55:00+09:00,1626.0,1626.0,1621.0,1621.0,3552,0.0,0.0
2025-04-14 09:56:00+09:00,1626.0,1626.0,1621.0,1626.0,571,0.0,0.0
2025-04-14 09:57:00+09:00,1625.0,1628.0,1625.0,1628.0,723,0.0,0.0
2025-04-14 09:58:00+09:00,1625.0,1628.0,1623.0,1628.0,131,0.0,0.0
2025-04-14 09:59:00+09:00,1628.0,1628.0,1628.0,1628.0,0,0.0,0.0
2025-04-14 10:00:00+09:00,1622.0,1622.0,1618.0,1618.0,5230,0.0,0.0
2025-04-14 10:01:00+09:00,1619.0,1628.0,1617.0,1628.0,313,0.0,0.0
2025-04-14 10:02:00+09:00,1618.0,1618.0,1618.0,1618.0,39,0.0,0.0
2025-04-14 10:03:00+09:00,1628.0,1628.0,1623.0,1623.0,22,0.0,0.0
2025-04-14 10:04:00+09:00,1623.0,1623.0,1623.0,1623.0,92,0.0,0.0
2025-04-14 10:05:00+09:00,1623.0,1624.0,1623.0,1624.0,3032,0.0,0.0
2025-04-14 10:06:00+09:00,1619.0,1624.0,1618.0,1624.0,1185,0.0,0.0
2025-04-14 10:07:00+09:00,1624.0,1624.0,1619.0,1624.0,695,0.0,0.0
2025-04-14 10:08:00+09:00,1624.0,1625.0,1624.0,1625.0,3990,0.0,0.0
2025-04-14 10:09:00+09:00,1625.0,1626.0,1625.0,1626.0,0,0.0,0.0
2025-04-14 10:10:00+09:00,1626.0,1629.0,1626.0,1629.0,379,0.0,0.0
2025-04-14 10:13:00+09:00,1627.0,1627.0,1627.0,1627.0,0,0.0,0.0
2025-04-14 10:14:00+09:00,1627.0,1629.0,1627.0,1628.0,1000,0.0,0.0
2025-04-14 10:15:00+09:00,1627.0,1628.0,1627.0,1628.0,2,0.0,0.0
2025-04-14 10:16:00+09:00,1628.0,1628.0,1628.0,1628.0,1,0.0,0.0
2025-04-14 10:17:00+09:00,1628.0,1628.0,1625.0,1625.0,1675,0.0,0.0
2025-04-14 10:18:00+09:00,1626.0,1626.0,1626.0,1626.0,20,0.0,0.0
2025-04-14 10:19:00+09:00,1625.0,1629.0,1625.0,1629.0,2001,0.0,0.0
2025-04-14 10:20:00+09:00,1629.0,1629.0,1629.0,1629.0,191,0.0,0.0
2025-04-14 10:21:00+09:00,1624.0,1630.0,1618.0,1618.0,3926,0.0,0.0
2025-04-14 10:22:00+09:00,1629.0,1629.0,1618.0,1628.0,148,0.0,0.0
2025-04-14 10:24:00+09:00,1627.0,1627.0,1619.0,1620.0,515,0.0,0.0
2025-04-14 10:25:00+09:00,1626.0,1627.0,1620.0,1620.0,366,0.0,0.0
2025-04-14 10:26:00+09:00,1619.0,1620.0,1619.0,1620.0,26,0.0,0.0
2025-04-14 10:27:00+09:00,1627.0,1627.0,1627.0,1627.0,194,0.0,0.0
2025-04-14 10:28:00+09:00,1627.0,1627.0,1627.0,1627.0,66,0.0,0.0
2025-04-14 10:29:00+09:00,1627.0,1627.0,1627.0,1627.0,359,0.0,0.0
2025-04-14 10:30:00+09:00,1627.0,1627.0,1625.0,1625.0,13,0.0,0.0
2025-04-14 10:31:00+09:00,1621.0,1621.0,1621.0,1621.0,79,0.0,0.0
2025-04-14 10:32:00+09:00,1621.0,1621.0,1621.0,1621.0,462,0.0,0.0
2025-04-14 10:33:00+09:00,1621.0,1621.0,1621.0,1621.0,0,0.0,0.0
2025-04-14 10:34:00+09:00,1622.0,1622.0,1622.0,1622.0,0,0.0,0.0
2025-04-14 10:38:00+09:00,1622.0,1622.0,1620.0,1620.0,317,0.0,0.0
2025-04-14 10:40:00+09:00,1626.0,1626.0,1615.0,1616.0,7273,0.0,0.0
2025-04-14 10:41:00+09:00,1616.0,1619.0,1615.0,1615.0,265,0.0,0.0
2025-04-14 10:42:00+09:00,1619.0,1619.0,1619.0,1619.0,22,0.0,0.0
2025-04-14 10:43:00+09:00,1623.0,1623.0,1619.0,1620.0,20,0.0,0.0
2025-04-14 10:44:00+09:00,1620.0,1622.0,1620.0,1622.0,36,0.0,0.0
2025-04-14 10:46:00+09:00,1621.0,1621.0,1621.0,1621.0,2,0.0,0.0
2025-04-14 10:47:00+09:00,1619.0,1619.0,1614.0,1614.0,255,0.0,0.0
2025-04-14 10:48:00+09:00,1614.0,1621.0,1614.0,1621.0,145,0.0,0.0
2025-04-14 10:49:00+09:00,1621.0,1621.0,1621.0,1621.0,1757,0.0,0.0
2025-04-14 10:50:00+09:00,1622.0,1628.0,1621.0,1621.0,14,0.0,0.0
2025-04-14 10:51:00+09:00,1616.0,1617.0,1616.0,1617.0,29,0.0,0.0
2025-04-14 10:52:00+09:00,1626.0,1626.0,1626.0,1626.0,0,0.0,0.0
2025-04-14 10:53:00+09:00,1626.0,1629.0,1626.0,1629.0,147,0.0,0.0
2025-04-14 10:54:00+09:00,1617.0,1617.0,1617.0,1617.0,1,0.0,0.0
2025-04-14 10:57:00+09:00,1627.0,1627.0,1627.0,1627.0,2,0.0,0.0
2025-04-14 11:01:00+09:00,1620.0,1620.0,1615.0,1615.0,1629,0.0,0.0
2025-04-14 11:02:00+09:00,1615.0,1624.0,1615.0,1623.0,521,0.0,0.0
2025-04-14 11:04:00+09:00,1623.0,1623.0,1615.0,1615.0,0,0.0,0.0
2025-04-14 11:05:00+09:00,1622.0,1624.0,1622.0,1624.0,153,0.0,0.0
2025-04-14 11:08:00+09:00,1616.0,1617.0,1616.0,1617.0,4815,0.0,0.0
2025-04-14 11:09:00+09:00,1617.0,1617.0,1615.0,1615.0,112,0.0,0.0
2025-04-14 11:10:00+09:00,1617.0,1622.0,1617.0,1622.0,80,0.0,0.0
2025-04-14 11:11:00+09:00,1622.0,1622.0,1622.0,1622.0,5,0.0,0.0
2025-04-14 11:12:00+09:00,1622.0,1622.0,1622.0,1622.0,10,0.0,0.0
2025-04-14 11:13:00+09:00,1622.0,1622.0,1622.0,1622.0,42,0.0,0.0
2025-04-14 11:15:00+09:00,1622.0,1622.0,1622.0,1622.0,49,0.0,0.0
2025-04-14 11:16:00+09:00,1623.0,1623.0,1623.0,1623.0,3,0.0,0.0
2025-04-14 11:17:00+09:00,1623.0,1623.0,1623.0,1623.0,98,0.0,0.0
2025-04-14 11:19:00+09:00,1623.0,1624.0,1623.0,1624.0,2089,0.0,0.0
2025-04-14 11:20:00+09:00,1624.0,1624.0,1615.0,1615.0,543,0.0,0.0
2025-04-14 11:24:00+09:00,1624.0,1624.0,1616.0,1616.0,155,0.0,0.0
2025-04-14 11:26:00+09:00,1617.0,1617.0,1617.0,1617.0,400,0.0,0.0
2025-04-14 11:28:00+09:00,1619.0,1620.0,1619.0,1620.0,58,0.0,0.0
2025-04-14 11:29:00+09:00,1623.0,1625.0,1623.0,1625.0,1365,0.0,0.0
2025-04-14 11:32:00+09:00,1625.0,1625.0,1621.0,1622.0,1397,0.0,0.0
2025-04-14 11:35:00+09:00,1622.0,1622.0,1621.0,1621.0,828,0.0,0.0
2025-04-14 11:36:00+09:00,1621.0,1626.0,1620.0,1626.0,393,0.0,0.0
2025-04-14 11:39:00+09:00,1626.0,1627.0,1621.0,1621.0,1358,0.0,0.0
2025-04-14 11:41:00+09:00,1627.0,1627.0,1627.0,1627.0,1199,0.0,0.0
2025-04-14 11:42:00+09:00,1627.0,1631.0,1627.0,1631.0,4355,0.0,0.0
2025-04-14 11:43:00+09:00,1632.0,1632.0,1632.0,1632.0,785,0.0,0.0
2025-04-14 11:45:00+09:00,1622.0,1622.0,1622.0,1622.0,0,0.0,0.0
2025-04-14 11:46:00+09:00,1623.0,1623.0,1623.0,1623.0,11,0.0,0.0
2025-04-14 11:47:00+09:00,1630.0,1630.0,1630.0,1630.0,19,0.0,0.0
2025-04-14 11:49:00+09:00,1630.0,1632.0,1630.0,1632.0,3826,0.0,0.0
2025-04-14 11:51:00+09:00,1632.0,1632.0,1632.0,1632.0,0,0.0,0.0
2025-04-14 11:52:00+09:00,1632.0,1633.0,1632.0,1633.0,732,0.0,0.0
2025-04-14 11:53:00+09:00,1632.0,1632.0,1632.0,1632.0,1526,0.0,0.0
2025-04-14 11:54:00+09:00,1632.0,1632.0,1632.0,1632.0,2532,0.0,0.0
2025-04-14 11:56:00+09:00,1625.0,1625.0,1625.0,1625.0,200,0.0,0.0
2025-04-14 11:57:00+09:00,1630.0,1631.0,1630.0,1631.0,37,0.0,0.0
2025-04-14 11:58:00+09:00,1630.0,1630.0,1625.0,1630.0,15426,0.0,0.0
2025-04-14 11:59:00+09:00,1630.0,1632.0,1630.0,1632.0,0,0.0,0.0
2025-04-14 12:00:00+09:00,1632.0,1632.0,1632.0,1632.0,0,0.0,0.0
2025-04-14 12:01:00+09:00,1632.0,1632.0,1632.0,1632.0,398,0.0,0.0
2025-04-14 12:05:00+09:00,1632.0,1632.0,1632.0,1632.0,40,0.0,0.0
2025-04-14 12:07:00+09:00,1628.0,1628.0,1628.0,1628.0,0,0.0,0.0
2025-04-14 12:08:00+09:00,1632.0,1632.0,1632.0,1632.0,0,0.0,0.0
2025-04-14 12:09:00+09:00,1632.0,1632.0,1632.0,1632.0,0,0.0,0.0
2025-04-14 12:10:00+09:00,1628.0,1628.0,1626.0,1626.0,686,0.0,0.0
2025-04-14 12:13:00+09:00,1632.0,1632.0,1631.0,1632.0,1229,0.0,0.0
2025-04-14 12:15:00+09:00,1632.0,1632.0,1632.0,1632.0,0,0.0,0.0
2025-04-14 12:17:00+09:00,1629.0,1632.0,1629.0,1632.0,1592,0.0,0.0
2025-04-14 12:18:00+09:00,1632.0,1632.0,1632.0,1632.0,0,0.0,0.0
2025-04-14 12:20:00+09:00,1631.0,1631.0,1631.0,1631.0,16,0.0,0.0
2025-04-14 12:21:00+09:00,1631.0,1632.0,1631.0,1632.0,48,0.0,0.0
2025-04-14 12:24:00+09:00,1632.0,1632.0,1630.0,1631.0,42,0.0,0.0
2025-04-14 12:25:00+09:00,1631.0,1631.0,1631.0,1631.0,2,0.0,0.0
2025-04-14 12:27:00+09:00,1631.0,1631.0,1631.0,1631.0,199,0.0,0.0
2025-04-14 12:28:00+09:00,1631.0,1631.0,1631.0,1631.0,0,0.0,0.0
2025-04-14 12:29:00+09:00,1630.0,1630.0,1630.0,1630.0,315,0.0,0.0
2025-04-14 12:30:00+09:00,1629.0,1630.0,1629.0,1629.0,426,0.0,0.0
2025-04-14 12:31:00+09:00,1629.0,1629.0,1629.0,1629.0,0,0.0,0.0
2025-04-14 12:34:00+09:00,1628.0,1628.0,1626.0,1626.0,450,0.0,0.0
2025-04-14 12:37:00+09:00,1628.0,1629.0,1628.0,1629.0,93,0.0,0.0
2025-04-14 12:38:00+09:00,1629.0,1629.0,1629.0,1629.0,1416,0.0,0.0
2025-04-14 12:39:00+09:00,1629.0,1629.0,1625.0,1625.0,392,0.0,0.0
2025-04-14 12:41:00+09:00,1625.0,1629.0,1625.0,1629.0,7,0.0,0.0
2025-04-14 12:42:00+09:00,1625.0,1625.0,1625.0,1625.0,1975,0.0,0.0
2025-04-14 12:43:00+09:00,1625.0,1625.0,1625.0,1625.0,0,0.0,0.0
2025-04-14 12:44:00+09:00,1629.0,1631.0,1629.0,1631.0,11746,0.0,0.0
2025-04-14 12:45:00+09:00,1630.0,1630.0,1630.0,1630.0,447,0.0,0.0
2025-04-14 12:48:00+09:00,1630.0,1630.0,1630.0,1630.0,0,0.0,0.0
2025-04-14 12:49:00+09:00,1630.0,1630.0,1629.0,1629.0,1744,0.0,0.0
2025-04-14 12:51:00+09:00,1630.0,1630.0,1629.0,1629.0,322,0.0,0.0
2025-04-14 12:55:00+09:00,1629.0,1629.0,1629.0,1629.0,225,0.0,0.0
2025-04-14 12:56:00+09:00,1629.0,1629.0,1629.0,1629.0,1143,0.0,0.0
2025-04-14 13:00:00+09:00,1629.0,1629.0,1629.0,1629.0,430,0.0,0.0
2025-04-14 13:01:00+09:00,1629.0,1629.0,1629.0,1629.0,0,0.0,0.0
2025-04-14 13:04:00+09:00,1628.0,1628.0,1628.0,1628.0,620,0.0,0.0
2025-04-14 13:05:00+09:00,1628.0,1628.0,1627.0,1627.0,0,0.0,0.0
2025-04-14 13:06:00+09:00,1626.0,1626.0,1625.0,1625.0,3061,0.0,0.0
2025-04-14 13:07:00+09:00,1626.0,1626.0,1626.0,1626.0,0,0.0,0.0
2025-04-14 13:08:00+09:00,1626.0,1626.0,1626.0,1626.0,10,0.0,0.0
2025-04-14 13:09:00+09:00,1626.0,1626.0,1626.0,1626.0,8,0.0,0.0
2025-04-14 13:10:00+09:00,1625.0,1625.0,1625.0,1625.0,272,0.0,0.0
2025-04-14 13:11:00+09:00,1624.0,1624.0,1623.0,1623.0,851,0.0,0.0
2025-04-14 13:12:00+09:00,1623.0,1623.0,1623.0,1623.0,0,0.0,0.0
2025-04-14 13:15:00+09:00,1624.0,1624.0,1624.0,1624.0,119,0.0,0.0
2025-04-14 13:16:00+09:00,1625.0,1628.0,1625.0,1628.0,1986,0.0,0.0
2025-04-14 13:19:00+09:00,1628.0,1628.0,1628.0,1628.0,0,0.0,0.0
2025-04-14 13:20:00+09:00,1628.0,1628.0,1628.0,1628.0,183,0.0,0.0
2025-04-14 13:22:00+09:00,1626.0,1626.0,1624.0,1624.0,389,0.0,0.0
2025-04-14 13:23:00+09:00,1624.0,1624.0,1622.0,1622.0,2061,0.0,0.0
2025-04-14 13:24:00+09:00,1622.0,1622.0,1622.0,1622.0,0,0.0,0.0
2025-04-14 13:25:00+09:00,1621.0,1622.0,1618.0,1622.0,4864,0.0,0.0
2025-04-14 13:28:00+09:00,1626.0,1628.0,1626.0,1628.0,0,0.0,0.0
2025-04-14 13:30:00+09:00,1625.0,1625.0,1625.0,1625.0,2058,0.0,0.0
2025-04-14 13:31:00+09:00,1625.0,1625.0,1625.0,1625.0,70,0.0,0.0
2025-04-14 13:32:00+09:00,1625.0,1625.0,1625.0,1625.0,7374,0.0,0.0
2025-04-14 13:33:00+09:00,1626.0,1626.0,1626.0,1626.0,0,0.0,0.0
2025-04-14 13:34:00+09:00,1626.0,1626.0,1625.0,1625.0,2513,0.0,0.0
2025-04-14 13:36:00+09:00,1625.0,1625.0,1625.0,1625.0,0,0.0,0.0
2025-04-14 13:37:00+09:00,1625.0,1625.0,1625.0,1625.0,246,0.0,0.0
2025-04-14 13:39:00+09:00,1625.0,1625.0,1617.0,1620.0,1928,0.0,0.0
2025-04-14 13:41:00+09:00,1625.0,1626.0,1623.0,1626.0,590,0.0,0.0
2025-04-14 13:43:00+09:00,1626.0,1626.0,1626.0,1626.0,3,0.0,0.0
2025-04-14 13:45:00+09:00,1626.0,1626.0,1626.0,1626.0,183,0.0,0.0
2025-04-14 13:48:00+09:00,1622.0,1622.0,1621.0,1622.0,2366,0.0,0.0
2025-04-14 13:49:00+09:00,1625.0,1628.0,1625.0,1628.0,991,0.0,0.0
2025-04-14 13:55:00+09:00,1627.0,1627.0,1627.0,1627.0,199,0.0,0.0
2025-04-14 13:56:00+09:00,1627.0,1627.0,1627.0,1627.0,100,0.0,0.0
2025-04-14 13:59:00+09:00,1627.0,1627.0,1627.0,1627.0,0,0.0,0.0
2025-04-14 14:02:00+09:00,1626.0,1626.0,1626.0,1626.0,66,0.0,0.0
2025-04-14 14:03:00+09:00,1623.0,1623.0,1623.0,1623.0,460,0.0,0.0
2025-04-14 14:04:00+09:00,1623.0,1623.0,1623.0,1623.0,42,0.0,0.0
2025-04-14 14:05:00+09:00,1623.0,1623.0,1622.0,1622.0,232,0.0,0.0
2025-04-14 14:06:00+09:00,1623.0,1623.0,1623.0,1623.0,0,0.0,0.0
2025-04-14 14:08:00+09:00,1623.0,1623.0,1622.0,1622.0,173,0.0,0.0
2025-04-14 14:10:00+09:00,1622.0,1622.0,1622.0,1622.0,1370,0.0,0.0
2025-04-14 14:11:00+09:00,1623.0,1623.0,1623.0,1623.0,0,0.0,0.0
2025-04-14 14:12:00+09:00,1623.0,1623.0,1623.0,1623.0,133,0.0,0.0
2025-04-14 14:14:00+09:00,1623.0,1623.0,1623.0,1623.0,3373,0.0,0.0
2025-04-14 14:15:00+09:00,1623.0,1623.0,1617.0,1623.0,3100,0.0,0.0
2025-04-14 14:19:00+09:00,1625.0,1625.0,1619.0,1619.0,518,0.0,0.0
2025-04-14 14:20:00+09:00,1625.0,1625.0,1623.0,1623.0,278,0.0,0.0
2025-04-14 14:21:00+09:00,1620.0,1620.0,1620.0,1620.0,557,0.0,0.0
2025-04-14 14:24:00+09:00,1622.0,1622.0,1622.0,1622.0,0,0.0,0.0
2025-04-14 14:25:00+09:00,1622.0,1623.0,1622.0,1623.0,117,0.0,0.0
2025-04-14 14:26:00+09:00,1623.0,1623.0,1623.0,1623.0,161,0.0,0.0
2025-04-14 14:28:00+09:00,1623.0,1624.0,1620.0,1624.0,1335,0.0,0.0
2025-04-14 14:29:00+09:00,1623.0,1623.0,1623.0,1623.0,2834,0.0,0.0
2025-04-14 14:31:00+09:00,1623.0,1623.0,1623.0,1623.0,0,0.0,0.0
2025-04-14 14:32:00+09:00,1623.0,1623.0,1623.0,1623.0,560,0.0,0.0
2025-04-14 14:33:00+09:00,1622.0,1622.0,1618.0,1618.0,1682,0.0,0.0
2025-04-14 14:34:00+09:00,1623.0,1625.0,1623.0,1625.0,0,0.0,0.0
2025-04-14 14:36:00+09:00,1625.0,1625.0,1625.0,1625.0,300,0.0,0.0
2025-04-14 14:37:00+09:00,1625.0,1625.0,1625.0,1625.0,0,0.0,0.0
2025-04-14 14:38:00+09:00,1625.0,1625.0,1623.0,1625.0,13,0.0,0.0
2025-04-14 14:40:00+09:00,1624.0,1624.0,1624.0,1624.0,188,0.0,0.0
2025-04-14 14:41:00+09:00,1623.0,1624.0,1623.0,1624.0,0,0.0,0.0
2025-04-14 14:42:00+09:00,1624.0,1624.0,1624.0,1624.0,599,0.0,0.0
2025-04-14 14:43:00+09:00,1623.0,1624.0,1623.0,1624.0,0,0.0,0.0
2025-04-14 14:47:00+09:00,1623.0,1624.0,1623.0,1624.0,75,0.0,0.0
2025-04-14 14:50:00+09:00,1622.0,1622.0,1622.0,1622.0,145,0.0,0.0
2025-04-14 14:53:00+09:00,1622.0,1625.0,1622.0,1625.0,6057,0.0,0.0
2025-04-14 14:54:00+09:00,1626.0,1626.0,1626.0,1626.0,0,0.0,0.0
2025-04-14 14:55:00+09:00,1625.0,1625.0,1625.0,1625.0,1000,0.0,0.0
2025-04-14 14:56:00+09:00,1626.0,1627.0,1626.0,1627.0,0,0.0,0.0
2025-04-14 14:59:00+09:00,1626.0,1627.0,1626.0,1627.0,1971,0.0,0.0
2025-04-15 09:00:00+09:00,1610.0,1625.0,1610.0,1625.0,6658,0.0,0.0
2025-04-15 09:01:00+09:00,1625.0,1625.0,1625.0,1625.0,28,0.0,0.0
2025-04-15 09:02:00+09:00,1616.0,1616.0,1612.0,1612.0,1307,0.0,0.0
2025-04-15 09:03:00+09:00,1615.0,1615.0,1611.0,1611.0,778,0.0,0.0
2025-04-15 09:04:00+09:00,1611.0,1623.0,1611.0,1623.0,2172,0.0,0.0
2025-04-15 09:05:00+09:00,1621.0,1622.0,1616.0,1616.0,100,0.0,0.0
2025-04-15 09:06:00+09:00,1615.0,1615.0,1611.0,1611.0,751,0.0,0.0
2025-04-15 09:07:00+09:00,1611.0,1616.0,1610.0,1616.0,37,0.0,0.0
2025-04-15 09:08:00+09:00,1613.0,1613.0,1610.0,1610.0,619,0.0,0.0
2025-04-15 09:09:00+09:00,1610.0,1610.0,1610.0,1610.0,345,0.0,0.0
2025-04-15 09:10:00+09:00,1609.0,1609.0,1607.0,1607.0,2385,0.0,0.0
2025-04-15 09:11:00+09:00,1607.0,1607.0,1607.0,1607.0,0,0.0,0.0
2025-04-15 09:12:00+09:00,1607.0,1608.0,1607.0,1608.0,794,0.0,0.0
2025-04-15 09:14:00+09:00,1608.0,1608.0,1608.0,1608.0,0,0.0,0.0
2025-04-15 09:15:00+09:00,1615.0,1615.0,1614.0,1614.0,497,0.0,0.0
2025-04-15 09:16:00+09:00,1614.0,1616.0,1614.0,1616.0,1326,0.0,0.0
2025-04-15 09:17:00+09:00,1620.0,1625.0,1620.0,1625.0,1139,0.0,0.0
2025-04-15 09:18:00+09:00,1615.0,1625.0,1615.0,1625.0,0,0.0,0.0
2025-04-15 09:20:00+09:00,1624.0,1624.0,1624.0,1624.0,106,0.0,0.0
2025-04-15 09:21:00+09:00,1620.0,1620.0,1616.0,1616.0,96,0.0,0.0
2025-04-15 09:22:00+09:00,1616.0,1617.0,1615.0,1615.0,1133,0.0,0.0
2025-04-15 09:23:00+09:00,1616.0,1625.0,1616.0,1625.0,110,0.0,0.0
2025-04-15 09:27:00+09:00,1617.0,1617.0,1617.0,1617.0,2,0.0,0.0
2025-04-15 09:30:00+09:00,1624.0,1624.0,1624.0,1624.0,11,0.0,0.0
2025-04-15 09:31:00+09:00,1624.0,1624.0,1624.0,1624.0,666,0.0,0.0
2025-04-15 09:32:00+09:00,1621.0,1621.0,1620.0,1620.0,0,0.0,0.0
2025-04-15 09:33:00+09:00,1621.0,1621.0,1621.0,1621.0,66,0.0,0.0
2025-04-15 09:34:00+09:00,1619.0,1624.0,1618.0,1624.0,1106,0.0,0.0
2025-04-15 09:35:00+09:00,1618.0,1618.0,1618.0,1618.0,175,0.0,0.0
2025-04-15 09:36:00+09:00,1618.0,1618.0,1617.0,1617.0,212,0.0,0.0
2025-04-15 09:37:00+09:00,1616.0,1616.0,1616.0,1616.0,650,0.0,0.0
2025-04-15 09:38:00+09:00,1621.0,1621.0,1619.0,1619.0,0,0.0,0.0
2025-04-15 09:39:00+09:00,1617.0,1620.0,1617.0,1620.0,140,0.0,0.0
2025-04-15 09:40:00+09:00,1620.0,1620.0,1617.0,1617.0,473,0.0,0.0
2025-04-15 09:41:00+09:00,1617.0,1617.0,1616.0,1616.0,104,0.0,0.0
2025-04-15 09:42:00+09:00,1617.0,1617.0,1617.0,1617.0,0,0.0,0.0
2025-04-15 09:43:00+09:00,1616.0,1616.0,1615.0,1616.0,2198,0.0,0.0
2025-04-15 09:44:00+09:00,1616.0,1616.0,1616.0,1616.0,17,0.0,0.0
2025-04-15 09:45:00+09:00,1616.0,1616.0,1616.0,1616.0,212,0.0,0.0
2025-04-15 09:46:00+09:00,1616.0,1620.0,1616.0,1620.0,2081,0.0,0.0
2025-04-15 09:47:00+09:00,1620.0,1620.0,1620.0,1620.0,0,0.0,0.0
2025-04-15 09:48:00+09:00,1620.0,1620.0,1611.0,1620.0,1142,0.0,0.0
2025-04-15 09:49:00+09:00,1619.0,1619.0,1619.0,1619.0,0,0.0,0.0
2025-04-15 09:51:00+09:00,1619.0,1619.0,1618.0,1618.0,114,0.0,0.0
2025-04-15 09:52:00+09:00,1613.0,1613.0,1612.0,1613.0,4010,0.0,0.0
2025-04-15 09:54:00+09:00,1614.0,1618.0,1614.0,1618.0,601,0.0,0.0
2025-04-15 09:55:00+09:00,1618.0,1618.0,1618.0,1618.0,0,0.0,0.0
2025-04-15 09:56:00+09:00,1618.0,1618.0,1618.0,1618.0,6,0.0,0.0
2025-04-15 09:58:00+09:00,1618.0,1618.0,1618.0,1618.0,608,0.0,0.0
2025-04-15 09:59:00+09:00,1618.0,1618.0,1618.0,1618.0,724,0.0,0.0
2025-04-15 10:00:00+09:00,1619.0,1619.0,1614.0,1614.0,0,0.0,0.0
2025-04-15 10:02:00+09:00,1619.0,1619.0,1619.0,1619.0,3,0.0,0.0
2025-04-15 10:03:00+09:00,1619.0,1619.0,1619.0,1619.0,201,0.0,0.0
2025-04-15 10:04:00+09:00,1615.0,1615.0,1615.0,1615.0,321,0.0,0.0
2025-04-15 10:05:00+09:00,1615.0,1615.0,1614.0,1615.0,913,0.0,0.0
2025-04-15 10:06:00+09:00,1615.0,1618.0,1615.0,1618.0,8,0.0,0.0
2025-04-15 10:08:00+09:00,1617.0,1619.0,1617.0,1619.0,3895,0.0,0.0
2025-04-15 10:09:00+09:00,1617.0,1618.0,1617.0,1618.0,490,0.0,0.0
2025-04-15 10:11:00+09:00,1619.0,1619.0,1619.0,1619.0,3,0.0,0.0
2025-04-15 10:12:00+09:00,1620.0,1622.0,1620.0,1622.0,97,0.0,0.0
2025-04-15 10:15:00+09:00,1622.0,1625.0,1622.0,1625.0,1749,0.0,0.0
2025-04-15 10:16:00+09:00,1625.0,1626.0,1621.0,1621.0,0,0.0,0.0
2025-04-15 10:17:00+09:00,1620.0,1620.0,1620.0,1620.0,30,0.0,0.0
2025-04-15 10:18:00+09:00,1628.0,1628.0,1628.0,1628.0,193,0.0,0.0
2025-04-15 10:19:00+09:00,1625.0,1628.0,1624.0,1628.0,250,0.0,0.0
2025-04-15 10:22:00+09:00,1628.0,1630.0,1628.0,1630.0,1555,0.0,0.0
2025-04-15 10:23:00+09:00,1630.0,1630.0,1630.0,1630.0,0,0.0,0.0
2025-04-15 10:24:00+09:00,1632.0,1632.0,1632.0,1632.0,0,0.0,0.0
2025-04-15 10:25:00+09:00,1630.0,1630.0,1628.0,1628.0,2,0.0,0.0
2025-04-15 10:26:00+09:00,1628.0,1628.0,1628.0,1628.0,1977,0.0,0.0
2025-04-15 10:27:00+09:00,1629.0,1629.0,1629.0,1629.0,0,0.0,0.0
2025-04-15 10:28:00+09:00,1629.0,1629.0,1629.0,1629.0,44,0.0,0.0
2025-04-15 10:30:00+09:00,1631.0,1632.0,1631.0,1632.0,259,0.0,0.0
2025-04-15 10:31:00+09:00,1633.0,1633.0,1633.0,1633.0,443,0.0,0.0
2025-04-15 10:32:00+09:00,1633.0,1633.0,1633.0,1633.0,0,0.0,0.0
2025-04-15 10:33:00+09:00,1633.0,1635.0,1633.0,1634.0,1696,0.0,0.0
2025-04-15 10:34:00+09:00,1634.0,1636.0,1634.0,1636.0,285,0.0,0.0
2025-04-15 10:35:00+09:00,1638.0,1638.0,1638.0,1638.0,0,0.0,0.0
2025-04-15 10:36:00+09:00,1638.0,1639.0,1636.0,1639.0,1683,0.0,0.0
2025-04-15 10:37:00+09:00,1638.0,1638.0,1638.0,1638.0,1795,0.0,0.0
2025-04-15 10:38:00+09:00,1639.0,1640.0,1639.0,1640.0,0,0.0,0.0
2025-04-15 10:39:00+09:00,1640.0,1640.0,1640.0,1640.0,124,0.0,0.0
2025-04-15 10:40:00+09:00,1640.0,1640.0,1640.0,1640.0,340,0.0,0.0
2025-04-15 10:41:00+09:00,1636.0,1636.0,1633.0,1635.0,1323,0.0,0.0
2025-04-15 10:42:00+09:00,1635.0,1640.0,1635.0,1640.0,3715,0.0,0.0
2025-04-15 10:43:00+09:00,1639.0,1639.0,1639.0,1639.0,542,0.0,0.0
2025-04-15 10:45:00+09:00,1638.0,1638.0,1638.0,1638.0,19,0.0,0.0
2025-04-15 10:46:00+09:00,1638.0,1639.0,1638.0,1639.0,1766,0.0,0.0
2025-04-15 10:47:00+09:00,1639.0,1639.0,1639.0,1639.0,0,0.0,0.0
2025-04-15 10:49:00+09:00,1632.0,1632.0,1632.0,1632.0,0,0.0,0.0
2025-04-15 10:50:00+09:00,1639.0,1639.0,1639.0,1639.0,2,0.0,0.0
2025-04-15 10:54:00+09:00,1638.0,1638.0,1638.0,1638.0,12,0.0,0.0
2025-04-15 10:55:00+09:00,1638.0,1638.0,1633.0,1633.0,1095,0.0,0.0
2025-04-15 10:56:00+09:00,1633.0,1637.0,1633.0,1637.0,0,0.0,0.0
2025-04-15 10:57:00+09:00,1635.0,1635.0,1635.0,1635.0,2210,0.0,0.0
2025-04-15 10:58:00+09:00,1636.0,1636.0,1635.0,1635.0,0,0.0,0.0
2025-04-15 10:59:00+09:00,1635.0,1635.0,1635.0,1635.0,0,0.0,0.0
2025-04-15 11:00:00+09:00,1635.0,1635.0,1635.0,1635.0,9,0.0,0.0
2025-04-15 11:01:00+09:00,1635.0,1635.0,1635.0,1635.0,376,0.0,0.0
2025-04-15 11:02:00+09:00,1636.0,1639.0,1636.0,1639.0,3748,0.0,0.0
2025-04-15 11:03:00+09:00,1640.0,1640.0,1640.0,1640.0,0,0.0,0.0
2025-04-15 11:04:00+09:00,1639.0,1640.0,1639.0,1639.0,1401,0.0,0.0
2025-04-15 11:05:00+09:00,1639.0,1639.0,1639.0,1639.0,149,0.0,0.0
2025-04-15 11:06:00+09:00,1639.0,1639.0,1639.0,1639.0,0,0.0,0.0
2025-04-15 11:10:00+09:00,1639.0,1639.0,1639.0,1639.0,10,0.0,0.0
2025-04-15 11:12:00+09:00,1639.0,1639.0,1635.0,1639.0,254,0.0,0.0
2025-04-15 11:19:00+09:00,1638.0,1638.0,1638.0,1638.0,0,0.0,0.0
2025-04-15 11:20:00+09:00,1638.0,1638.0,1638.0,1638.0,2032,0.0,0.0
2025-04-15 11:21:00+09:00,1637.0,1638.0,1637.0,1638.0,277,0.0,0.0
2025-04-15 11:22:00+09:00,1635.0,1635.0,1633.0,1633.0,523,0.0,0.0
2025-04-15 11:24:00+09:00,1634.0,1635.0,1634.0,1635.0,166,0.0,0.0
2025-04-15 11:25:00+09:00,1637.0,1637.0,1637.0,1637.0,166,0.0,0.0
2025-04-15 11:27:00+09:00,1634.0,1634.0,1634.0,1634.0,268,0.0,0.0
2025-04-15 11:28:00+09:00,1634.0,1639.0,1633.0,1639.0,9077,0.0,0.0
2025-04-15 11:29:00+09:00,1638.0,1642.0,1638.0,1640.0,12056,0.0,0.0
2025-04-15 11:30:00+09:00,1639.0,1639.0,1639.0,1639.0,630,0.0,0.0
2025-04-15 11:31:00+09:00,1639.0,1640.0,1639.0,1640.0,2002,0.0,0.0
2025-04-15 11:32:00+09:00,1640.0,1640.0,1640.0,1640.0,200,0.0,0.0
2025-04-15 11:34:00+09:00,1641.0,1642.0,1641.0,1642.0,323,0.0,0.0
2025-04-15 11:35:00+09:00,1640.0,1642.0,1638.0,1638.0,2606,0.0,0.0
2025-04-15 11:36:00+09:00,1638.0,1638.0,1638.0,1638.0,2,0.0,0.0
2025-04-15 11:40:00+09:00,1639.0,1639.0,1639.0,1639.0,203,0.0,0.0
2025-04-15 11:42:00+09:00,1638.0,1638.0,1638.0,1638.0,145,0.0,0.0
2025-04-15 11:44:00+09:00,1638.0,1638.0,1638.0,1638.0,0,0.0,0.0
2025-04-15 11:45:00+09:00,1639.0,1640.0,1639.0,1640.0,0,0.0,0.0
2025-04-15 11:51:00+09:00,1639.0,1641.0,1639.0,1641.0,229,0.0,0.0
2025-04-15 11:53:00+09:00,1641.0,1642.0,1641.0,1642.0,3189,0.0,0.0
2025-04-15 11:54:00+09:00,1642.0,1644.0,1642.0,1644.0,3010,0.0,0.0
2025-04-15 11:55:00+09:00,1643.0,1644.0,1643.0,1643.0,237,0.0,0.0
2025-04-15 11:56:00+09:00,1643.0,1685.0,1637.0,1676.0,45396,0.0,0.0
2025-04-15 11:57:00+09:00,1676.0,1750.0,1661.0,1696.0,245204,0.0,0.0
2025-04-15 11:58:00+09:00,1696.0,1704.0,1640.0,1650.0,137783,0.0,0.0
2025-04-15 11:59:00+09:00,1645.0,1657.0,1645.0,1649.0,33323,0.0,0.0
2025-04-15 12:00:00+09:00,1648.0,1649.0,1633.0,1636.0,30503,0.0,0.0
2025-04-15 12:01:00+09:00,1644.0,1656.0,1639.0,1643.0,22625,0.0,0.0
2025-04-15 12:02:00+09:00,1643.0,1653.0,1640.0,1653.0,3897,0.0,0.0
2025-04-15 12:03:00+09:00,1653.0,1653.0,1644.0,1645.0,1800,0.0,0.0
2025-04-15 12:04:00+09:00,1650.0,1650.0,1643.0,1643.0,5684,0.0,0.0
2025-04-15 12:05:00+09:00,1650.0,1650.0,1643.0,1644.0,725,0.0,0.0
2025-04-15 12:06:00+09:00,1644.0,1650.0,1643.0,1646.0,3915,0.0,0.0
2025-04-15 12:07:00+09:00,1646.0,1649.0,1643.0,1643.0,2097,0.0,0.0
2025-04-15 12:08:00+09:00,1644.0,1649.0,1644.0,1649.0,882,0.0,0.0
2025-04-15 12:09:00+09:00,1648.0,1648.0,1643.0,1647.0,1060,0.0,0.0
2025-04-15 12:10:00+09:00,1645.0,1645.0,1643.0,1643.0,7635,0.0,0.0
2025-04-15 12:11:00+09:00,1649.0,1649.0,1648.0,1648.0,0,0.0,0.0
2025-04-15 12:12:00+09:00,1647.0,1648.0,1647.0,1648.0,702,0.0,0.0
2025-04-15 12:13:00+09:00,1647.0,1647.0,1643.0,1647.0,891,0.0,0.0
2025-04-15 12:14:00+09:00,1643.0,1643.0,1643.0,1643.0,726,0.0,0.0
2025-04-15 12:15:00+09:00,1643.0,1646.0,1642.0,1646.0,4126,0.0,0.0
2025-04-15 12:16:00+09:00,1645.0,1645.0,1645.0,1645.0,0,0.0,0.0
2025-04-15 12:17:00+09:00,1645.0,1646.0,1644.0,1646.0,1204,0.0,0.0
2025-04-15 12:18:00+09:00,1646.0,1646.0,1645.0,1645.0,387,0.0,0.0
2025-04-15 12:19:00+09:00,1644.0,1645.0,1644.0,1645.0,0,0.0,0.0
2025-04-15 12:20:00+09:00,1644.0,1645.0,1644.0,1645.0,1480,0.0,0.0
2025-04-15 12:21:00+09:00,1645.0,1646.0,1645.0,1646.0,812,0.0,0.0
2025-04-15 12:22:00+09:00,1646.0,1647.0,1646.0,1647.0,1092,0.0,0.0
2025-04-15 12:23:00+09:00,1647.0,1651.0,1647.0,1648.0,3234,0.0,0.0
2025-04-15 12:24:00+09:00,1650.0,1654.0,1650.0,1652.0,1699,0.0,0.0
2025-04-15 12:25:00+09:00,1652.0,1653.0,1650.0,1653.0,9936,0.0,0.0
2025-04-15 12:26:00+09:00,1655.0,1662.0,1655.0,1661.0,4401,0.0,0.0
2025-04-15 12:27:00+09:00,1660.0,1662.0,1652.0,1653.0,3979,0.0,0.0
2025-04-15 12:28:00+09:00,1653.0,1656.0,1649.0,1656.0,6215,0.0,0.0
2025-04-15 12:29:00+09:00,1656.0,1657.0,1656.0,1657.0,427,0.0,0.0
2025-04-15 12:30:00+09:00,1658.0,1663.0,1653.0,1660.0,592,0.0,0.0
2025-04-15 12:32:00+09:00,1659.0,1659.0,1659.0,1659.0,416,0.0,0.0
2025-04-15 12:33:00+09:00,1660.0,1661.0,1659.0,1660.0,3662,0.0,0.0
2025-04-15 12:34:00+09:00,1660.0,1663.0,1660.0,1663.0,141,0.0,0.0
2025-04-15 12:35:00+09:00,1663.0,1663.0,1659.0,1659.0,2369,0.0,0.0
2025-04-15 12:36:00+09:00,1659.0,1660.0,1659.0,1659.0,1422,0.0,0.0
2025-04-15 12:37:00+09:00,1663.0,1670.0,1663.0,1670.0,4628,0.0,0.0
2025-04-15 12:38:00+09:00,1669.0,1669.0,1669.0,1669.0,0,0.0,0.0
2025-04-15 12:39:00+09:00,1667.0,1668.0,1667.0,1668.0,186,0.0,0.0
2025-04-15 12:40:00+09:00,1668.0,1668.0,1662.0,1662.0,2308,0.0,0.0
2025-04-15 12:41:00+09:00,1662.0,1662.0,1658.0,1658.0,286,0.0,0.0
2025-04-15 12:42:00+09:00,1659.0,1659.0,1656.0,1656.0,851,0.0,0.0
2025-04-15 12:43:00+09:00,1656.0,1657.0,1656.0,1657.0,663,0.0,0.0
2025-04-15 12:44:00+09:00,1655.0,1655.0,1655.0,1655.0,2143,0.0,0.0
2025-04-15 12:45:00+09:00,1658.0,1658.0,1658.0,1658.0,56,0.0,0.0
2025-04-15 12:46:00+09:00,1658.0,1661.0,1656.0,1661.0,722,0.0,0.0
2025-04-15 12:47:00+09:00,1657.0,1657.0,1657.0,1657.0,331,0.0,0.0
2025-04-15 12:48:00+09:00,1661.0,1662.0,1661.0,1661.0,1085,0.0,0.0
2025-04-15 12:49:00+09:00,1662.0,1671.0,1659.0,1671.0,7869,0.0,0.0
2025-04-15 12:50:00+09:00,1659.0,1669.0,1659.0,1668.0,129,0.0,0.0
2025-04-15 12:51:00+09:00,1668.0,1669.0,1668.0,1669.0,1380,0.0,0.0
2025-04-15 12:53:00+09:00,1661.0,1661.0,1658.0,1658.0,1048,0.0,0.0
2025-04-15 12:54:00+09:00,1658.0,1658.0,1656.0,1656.0,853,0.0,0.0
2025-04-15 12:55:00+09:00,1657.0,1657.0,1656.0,1657.0,1522,0.0,0.0
2025-04-15 12:56:00+09:00,1657.0,1657.0,1655.0,1655.0,1467,0.0,0.0
2025-04-15 12:57:00+09:00,1660.0,1666.0,1656.0,1666.0,564,0.0,0.0
2025-04-15 12:58:00+09:00,1656.0,1666.0,1656.0,1666.0,1402,0.0,0.0
2025-04-15 12:59:00+09:00,1665.0,1665.0,1665.0,1665.0,199,0.0,0.0
2025-04-15 13:00:00+09:00,1664.0,1664.0,1664.0,1664.0,0,0.0,0.0
2025-04-15 13:01:00+09:00,1655.0,1655.0,1655.0,1655.0,0,0.0,0.0
2025-04-15 13:02:00+09:00,1655.0,1655.0,1653.0,1653.0,2531,0.0,0.0
2025-04-15 13:03:00+09:00,1653.0,1654.0,1653.0,1654.0,738,0.0,0.0
2025-04-15 13:04:00+09:00,1661.0,1666.0,1661.0,1666.0,2907,0.0,0.0
2025-04-15 13:05:00+09:00,1655.0,1667.0,1655.0,1667.0,386,0.0,0.0
2025-04-15 13:06:00+09:00,1667.0,1667.0,1656.0,1656.0,1909,0.0,0.0
2025-04-15 13:07:00+09:00,1664.0,1664.0,1664.0,1664.0,0,0.0,0.0
2025-04-15 13:08:00+09:00,1664.0,1664.0,1657.0,1657.0,3524,0.0,0.0
2025-04-15 13:10:00+09:00,1657.0,1664.0,1655.0,1656.0,2933,0.0,0.0
2025-04-15 13:11:00+09:00,1656.0,1664.0,1656.0,1664.0,0,0.0,0.0
2025-04-15 13:12:00+09:00,1656.0,1656.0,1655.0,1655.0,598,0.0,0.0
2025-04-15 13:13:00+09:00,1655.0,1664.0,1655.0,1664.0,64,0.0,0.0
2025-04-15 13:14:00+09:00,1664.0,1664.0,1656.0,1656.0,0,0.0,0.0
2025-04-15 13:15:00+09:00,1656.0,1656.0,1654.0,1654.0,4126,0.0,0.0
2025-04-15 13:16:00+09:00,1663.0,1663.0,1663.0,1663.0,0,0.0,0.0
2025-04-15 13:17:00+09:00,1663.0,1663.0,1663.0,1663.0,399,0.0,0.0
2025-04-15 13:18:00+09:00,1663.0,1663.0,1663.0,1663.0,0,0.0,0.0
2025-04-15 13:20:00+09:00,1655.0,1656.0,1655.0,1655.0,310,0.0,0.0
2025-04-15 13:21:00+09:00,1662.0,1662.0,1662.0,1662.0,0,0.0,0.0
2025-04-15 13:22:00+09:00,1662.0,1662.0,1655.0,1655.0,3700,0.0,0.0
2025-04-15 13:23:00+09:00,1660.0,1660.0,1660.0,1660.0,0,0.0,0.0
2025-04-15 13:24:00+09:00,1659.0,1659.0,1659.0,1659.0,10,0.0,0.0
2025-04-15 13:25:00+09:00,1659.0,1659.0,1659.0,1659.0,1256,0.0,0.0
2025-04-15 13:26:00+09:00,1662.0,1662.0,1662.0,1662.0,0,0.0,0.0
2025-04-15 13:27:00+09:00,1662.0,1662.0,1662.0,1662.0,150,0.0,0.0
2025-04-15 13:28:00+09:00,1662.0,1662.0,1658.0,1662.0,401,0.0,0.0
2025-04-15 13:29:00+09:00,1658.0,1658.0,1657.0,1657.0,8034,0.0,0.0
2025-04-15 13:31:00+09:00,1661.0,1661.0,1661.0,1661.0,0,0.0,0.0
2025-04-15 13:32:00+09:00,1656.0,1656.0,1656.0,1656.0,1,0.0,0.0
2025-04-15 13:33:00+09:00,1661.0,1662.0,1661.0,1662.0,109,0.0,0.0
2025-04-15 13:35:00+09:00,1661.0,1662.0,1661.0,1661.0,8,0.0,0.0
2025-04-15 13:36:00+09:00,1658.0,1659.0,1658.0,1659.0,172,0.0,0.0
2025-04-15 13:37:00+09:00,1659.0,1659.0,1659.0,1659.0,0,0.0,0.0
2025-04-15 13:40:00+09:00,1657.0,1657.0,1653.0,1657.0,5208,0.0,0.0
2025-04-15 13:41:00+09:00,1653.0,1658.0,1653.0,1653.0,7517,0.0,0.0
2025-04-15 13:42:00+09:00,1652.0,1653.0,1651.0,1653.0,0,0.0,0.0
2025-04-15 13:43:00+09:00,1653.0,1653.0,1650.0,1650.0,4079,0.0,0.0
2025-04-15 13:44:00+09:00,1650.0,1650.0,1647.0,1647.0,1012,0.0,0.0
2025-04-15 13:45:00+09:00,1654.0,1654.0,1654.0,1654.0,0,0.0,0.0
2025-04-15 13:48:00+09:00,1651.0,1651.0,1651.0,1651.0,33,0.0,0.0
2025-04-15 13:49:00+09:00,1652.0,1652.0,1652.0,1652.0,62,0.0,0.0
2025-04-15 13:50:00+09:00,1651.0,1651.0,1647.0,1647.0,516,0.0,0.0
2025-04-15 13:51:00+09:00,1647.0,1647.0,1646.0,1646.0,1690,0.0,0.0
2025-04-15 13:53:00+09:00,1647.0,1647.0,1646.0,1646.0,1278,0.0,0.0
2025-04-15 13:54:00+09:00,1646.0,1646.0,1645.0,1646.0,3861,0.0,0.0
2025-04-15 13:55:00+09:00,1647.0,1650.0,1646.0,1650.0,42,0.0,0.0
2025-04-15 13:56:00+09:00,1650.0,1650.0,1649.0,1649.0,273,0.0,0.0
2025-04-15 13:57:00+09:00,1649.0,1650.0,1645.0,1650.0,1906,0.0,0.0
2025-04-15 13:58:00+09:00,1645.0,1650.0,1644.0,1650.0,0,0.0,0.0
2025-04-15 13:59:00+09:00,1650.0,1650.0,1645.0,1645.0,218,0.0,0.0
2025-04-15 14:01:00+09:00,1650.0,1650.0,1650.0,1650.0,236,0.0,0.0
2025-04-15 14:02:00+09:00,1650.0,1650.0,1650.0,1650.0,412,0.0,0.0
2025-04-15 14:03:00+09:00,1650.0,1650.0,1650.0,1650.0,170,0.0,0.0
2025-04-15 14:04:00+09:00,1650.0,1650.0,1650.0,1650.0,0,0.0,0.0
2025-04-15 14:05:00+09:00,1650.0,1654.0,1650.0,1654.0,3259,0.0,0.0
2025-04-15 14:06:00+09:00,1654.0,1654.0,1654.0,1654.0,610,0.0,0.0
2025-04-15 14:07:00+09:00,1654.0,1654.0,1654.0,1654.0,920,0.0,0.0
2025-04-15 14:08:00+09:00,1654.0,1654.0,1654.0,1654.0,5,0.0,0.0
2025-04-15 14:09:00+09:00,1654.0,1654.0,1648.0,1648.0,597,0.0,0.0
2025-04-15 14:11:00+09:00,1650.0,1651.0,1644.0,1644.0,8941,0.0,0.0
2025-04-15 14:12:00+09:00,1647.0,1647.0,1644.0,1644.0,0,0.0,0.0
2025-04-15 14:13:00+09:00,1655.0,1655.0,1655.0,1655.0,0,0.0,0.0
2025-04-15 14:14:00+09:00,1655.0,1655.0,1645.0,1645.0,118,0.0,0.0
2025-04-15 14:15:00+09:00,1655.0,1655.0,1655.0,1655.0,11,0.0,0.0
2025-04-15 14:16:00+09:00,1655.0,1655.0,1654.0,1655.0,14,0.0,0.0
2025-04-15 14:17:00+09:00,1655.0,1655.0,1655.0,1655.0,24,0.0,0.0
2025-04-15 14:18:00+09:00,1655.0,1655.0,1655.0,1655.0,11,0.0,0.0
2025-04-15 14:19:00+09:00,1655.0,1655.0,1655.0,1655.0,43,0.0,0.0
2025-04-15 14:20:00+09:00,1655.0,1655.0,1655.0,1655.0,24,0.0,0.0
2025-04-15 14:21:00+09:00,1655.0,1655.0,1655.0,1655.0,1097,0.0,0.0
2025-04-15 14:22:00+09:00,1655.0,1655.0,1649.0,1649.0,0,0.0,0.0
2025-04-15 14:23:00+09:00,1654.0,1654.0,1649.0,1654.0,1151,0.0,0.0
2025-04-15 14:24:00+09:00,1654.0,1654.0,1654.0,1654.0,50,0.0,0.0
2025-04-15 14:25:00+09:00,1654.0,1655.0,1650.0,1655.0,257,0.0,0.0
2025-04-15 14:26:00+09:00,1655.0,1655.0,1650.0,1650.0,63,0.0,0.0
2025-04-15 14:27:00+09:00,1651.0,1654.0,1651.0,1651.0,242,0.0,0.0
2025-04-15 14:29:00+09:00,1655.0,1655.0,1655.0,1655.0,21,0.0,0.0
2025-04-15 14:30:00+09:00,1655.0,1655.0,1655.0,1655.0,203,0.0,0.0
2025-04-15 14:31:00+09:00,1655.0,1655.0,1651.0,1655.0,160,0.0,0.0
2025-04-15 14:32:00+09:00,1655.0,1655.0,1655.0,1655.0,345,0.0,0.0
2025-04-15 14:35:00+09:00,1655.0,1655.0,1655.0,1655.0,8,0.0,0.0
2025-04-15 14:36:00+09:00,1654.0,1655.0,1654.0,1654.0,205,0.0,0.0
2025-04-15 14:37:00+09:00,1655.0,1655.0,1655.0,1655.0,2387,0.0,0.0
2025-04-15 14:38:00+09:00,1655.0,1655.0,1654.0,1655.0,0,0.0,0.0
2025-04-15 14:40:00+09:00,1656.0,1656.0,1656.0,1656.0,610,0.0,0.0
2025-04-15 14:41:00+09:00,1656.0,1656.0,1654.0,1654.0,0,0.0,0.0
2025-04-15 14:42:00+09:00,1656.0,1656.0,1656.0,1656.0,0,0.0,0.0
2025-04-15 14:44:00+09:00,1655.0,1655.0,1654.0,1654.0,431,0.0,0.0
2025-04-15 14:45:00+09:00,1654.0,1654.0,1651.0,1651.0,3337,0.0,0.0
2025-04-15 14:48:00+09:00,1651.0,1651.0,1651.0,1651.0,0,0.0,0.0
2025-04-15 14:50:00+09:00,1651.0,1651.0,1650.0,1650.0,1926,0.0,0.0
2025-04-15 14:51:00+09:00,1650.0,1653.0,1650.0,1653.0,412,0.0,0.0
2025-04-15 14:54:00+09:00,1652.0,1653.0,1652.0,1653.0,0,0.0,0.0
2025-04-15 14:55:00+09:00,1653.0,1653.0,1653.0,1653.0,598,0.0,0.0
2025-04-15 14:58:00+09:00,1650.0,1652.0,1650.0,1652.0,915,0.0,0.0
2025-04-15 14:59:00+09:00,1653.0,1653.0,1650.0,1650.0,1518,0.0,0.0
2025-04-16 09:02:00+09:00,1895.0,1943.0,1850.0,1913.0,1011424,0.0,0.0
2025-04-16 09:03:00+09:00,1917.0,2080.0,1900.0,2080.0,1461061,0.0,0.0
2025-04-16 09:05:00+09:00,2100.0,2100.0,2030.0,2060.0,850279,0.0,0.0
2025-04-16 09:06:00+09:00,2055.0,2090.0,2035.0,2055.0,715322,0.0,0.0
2025-04-16 09:07:00+09:00,2055.0,2060.0,2000.0,2015.0,545307,0.0,0.0
2025-04-16 09:08:00+09:00,2015.0,2050.0,2010.0,2025.0,458653,0.0,0.0
2025-04-16 09:09:00+09:00,2025.0,2065.0,2015.0,2045.0,381048,0.0,0.0
2025-04-16 09:10:00+09:00,2050.0,2050.0,2020.0,2040.0,181306,0.0,0.0
2025-04-16 09:11:00+09:00,2040.0,2080.0,2037.0,2065.0,579249,0.0,0.0
2025-04-16 09:12:00+09:00,2070.0,2075.0,2025.0,2050.0,361051,0.0,0.0
2025-04-16 09:13:00+09:00,2050.0,2075.0,2045.0,2070.0,244732,0.0,0.0
2025-04-16 09:14:00+09:00,2065.0,2145.0,2060.0,2145.0,2718221,0.0,0.0
2025-04-16 09:15:00+09:00,2145.0,2145.0,2145.0,2145.0,211641,0.0,0.0
2025-04-16 09:16:00+09:00,2145.0,2145.0,2145.0,2145.0,216451,0.0,0.0
2025-04-16 09:17:00+09:00,2145.0,2145.0,2145.0,2145.0,307088,0.0,0.0
2025-04-16 09:18:00+09:00,2145.0,2145.0,2145.0,2145.0,26308,0.0,0.0
2025-04-16 09:19:00+09:00,2145.0,2145.0,2145.0,2145.0,38339,0.0,0.0
2025-04-16 09:20:00+09:00,2145.0,2145.0,2145.0,2145.0,15477,0.0,0.0
2025-04-16 09:21:00+09:00,2145.0,2145.0,2065.0,2095.0,2541218,0.0,0.0
2025-04-16 09:22:00+09:00,2095.0,2125.0,2085.0,2110.0,908102,0.0,0.0
2025-04-16 09:23:00+09:00,2110.0,2115.0,2090.0,2100.0,452505,0.0,0.0
2025-04-16 09:24:00+09:00,2095.0,2110.0,2080.0,2080.0,488937,0.0,0.0
2025-04-16 09:25:00+09:00,2085.0,2130.0,2080.0,2115.0,461240,0.0,0.0
2025-04-16 09:26:00+09:00,2115.0,2115.0,2075.0,2095.0,298877,0.0,0.0
2025-04-16 09:27:00+09:00,2095.0,2115.0,2090.0,2115.0,185526,0.0,0.0
2025-04-16 09:28:00+09:00,2115.0,2115.0,2090.0,2105.0,137277,0.0,0.0
2025-04-16 09:29:00+09:00,2105.0,2110.0,2085.0,2095.0,141729,0.0,0.0
2025-04-16 09:30:00+09:00,2095.0,2100.0,2085.0,2095.0,164908,0.0,0.0
2025-04-16 09:31:00+09:00,2100.0,2115.0,2095.0,2115.0,200196,0.0,0.0
2025-04-16 09:32:00+09:00,2110.0,2115.0,2105.0,2110.0,115714,0.0,0.0
2025-04-16 09:33:00+09:00,2115.0,2115.0,2105.0,2115.0,99101,0.0,0.0
2025-04-16 09:34:00+09:00,2110.0,2145.0,2110.0,2145.0,819542,0.0,0.0
2025-04-16 09:35:00+09:00,2145.0,2145.0,2145.0,2145.0,83206,0.0,0.0
2025-04-16 09:36:00+09:00,2145.0,2145.0,2145.0,2145.0,57346,0.0,0.0
2025-04-16 09:37:00+09:00,2145.0,2145.0,2145.0,2145.0,21908,0.0,0.0
2025-04-16 09:38:00+09:00,2145.0,2145.0,2145.0,2145.0,8273,0.0,0.0
2025-04-16 09:39:00+09:00,2145.0,2145.0,2145.0,2145.0,15045,0.0,0.0
2025-04-16 09:40:00+09:00,2145.0,2145.0,2145.0,2145.0,15502,0.0,0.0
2025-04-16 09:41:00+09:00,2145.0,2145.0,2145.0,2145.0,15494,0.0,0.0
2025-04-16 09:42:00+09:00,2145.0,2145.0,2145.0,2145.0,1353303,0.0,0.0
2025-04-16 09:43:00+09:00,2145.0,2145.0,2145.0,2145.0,315701,0.0,0.0
2025-04-16 09:44:00+09:00,2145.0,2145.0,2145.0,2145.0,6133,0.0,0.0
2025-04-16 09:45:00+09:00,2145.0,2145.0,2145.0,2145.0,10811,0.0,0.0
2025-04-16 09:46:00+09:00,2145.0,2145.0,2145.0,2145.0,22251,0.0,0.0
2025-04-16 09:47:00+09:00,2145.0,2145.0,2145.0,2145.0,10703,0.0,0.0
2025-04-16 09:48:00+09:00,2145.0,2145.0,2125.0,2145.0,609344,0.0,0.0
2025-04-16 09:49:00+09:00,2145.0,2145.0,2145.0,2145.0,19322,0.0,0.0
2025-04-16 09:50:00+09:00,2145.0,2145.0,2145.0,2145.0,6565,0.0,0.0
2025-04-16 09:51:00+09:00,2145.0,2145.0,2145.0,2145.0,21448,0.0,0.0
2025-04-16 09:52:00+09:00,2145.0,2145.0,2145.0,2145.0,7425,0.0,0.0
2025-04-16 09:53:00+09:00,2145.0,2145.0,2145.0,2145.0,12313,0.0,0.0
2025-04-16 09:54:00+09:00,2145.0,2145.0,2145.0,2145.0,801,0.0,0.0
2025-04-16 09:55:00+09:00,2145.0,2145.0,2145.0,2145.0,41344,0.0,0.0
2025-04-16 09:56:00+09:00,2145.0,2145.0,2145.0,2145.0,8557,0.0,0.0
2025-04-16 09:57:00+09:00,2145.0,2145.0,2145.0,2145.0,0,0.0,0.0
2025-04-16 09:58:00+09:00,2145.0,2145.0,2145.0,2145.0,5237,0.0,0.0
2025-04-16 09:59:00+09:00,2145.0,2145.0,2145.0,2145.0,29276,0.0,0.0
2025-04-16 10:00:00+09:00,2145.0,2145.0,2145.0,2145.0,14797,0.0,0.0
2025-04-16 10:01:00+09:00,2145.0,2145.0,2145.0,2145.0,8084,0.0,0.0
2025-04-16 10:02:00+09:00,2145.0,2145.0,2145.0,2145.0,33690,0.0,0.0
2025-04-16 10:03:00+09:00,2145.0,2145.0,2145.0,2145.0,10913,0.0,0.0
2025-04-16 10:04:00+09:00,2145.0,2145.0,2145.0,2145.0,12109,0.0,0.0
2025-04-16 10:05:00+09:00,2145.0,2145.0,2145.0,2145.0,3695,0.0,0.0
2025-04-16 10:06:00+09:00,2145.0,2145.0,2145.0,2145.0,3977,0.0,0.0
2025-04-16 10:07:00+09:00,2145.0,2145.0,2095.0,2095.0,1145054,0.0,0.0
2025-04-16 10:08:00+09:00,2100.0,2110.0,2090.0,2095.0,678932,0.0,0.0
2025-04-16 10:09:00+09:00,2095.0,2115.0,2090.0,2105.0,274157,0.0,0.0
2025-04-16 10:10:00+09:00,2105.0,2110.0,2105.0,2110.0,153843,0.0,0.0
2025-04-16 10:11:00+09:00,2110.0,2110.0,2100.0,2110.0,63539,0.0,0.0
2025-04-16 10:12:00+09:00,2110.0,2110.0,2100.0,2100.0,112445,0.0,0.0
2025-04-16 10:13:00+09:00,2100.0,2115.0,2095.0,2105.0,140664,0.0,0.0
2025-04-16 10:14:00+09:00,2105.0,2110.0,2100.0,2105.0,101607,0.0,0.0
2025-04-16 10:15:00+09:00,2105.0,2115.0,2100.0,2110.0,72644,0.0,0.0
2025-04-16 10:16:00+09:00,2110.0,2112.0,2105.0,2105.0,58244,0.0,0.0
2025-04-16 10:17:00+09:00,2110.0,2110.0,2100.0,2110.0,46641,0.0,0.0
2025-04-16 10:18:00+09:00,2110.0,2110.0,2095.0,2100.0,132062,0.0,0.0
2025-04-16 10:19:00+09:00,2095.0,2100.0,2085.0,2095.0,198970,0.0,0.0
2025-04-16 10:20:00+09:00,2095.0,2095.0,2075.0,2075.0,219122,0.0,0.0
2025-04-16 10:21:00+09:00,2080.0,2105.0,2075.0,2100.0,126341,0.0,0.0
2025-04-16 10:22:00+09:00,2100.0,2100.0,2095.0,2100.0,37704,0.0,0.0
2025-04-16 10:23:00+09:00,2100.0,2100.0,2090.0,2100.0,44304,0.0,0.0
2025-04-16 10:24:00+09:00,2095.0,2100.0,2090.0,2095.0,36760,0.0,0.0
2025-04-16 10:25:00+09:00,2095.0,2105.0,2095.0,2100.0,45368,0.0,0.0
2025-04-16 10:26:00+09:00,2105.0,2110.0,2100.0,2110.0,83069,0.0,0.0
2025-04-16 10:27:00+09:00,2110.0,2115.0,2105.0,2110.0,114415,0.0,0.0
2025-04-16 10:28:00+09:00,2110.0,2120.0,2110.0,2115.0,68927,0.0,0.0
2025-04-16 10:29:00+09:00,2110.0,2120.0,2110.0,2115.0,55872,0.0,0.0
2025-04-16 10:30:00+09:00,2110.0,2120.0,2110.0,2115.0,45947,0.0,0.0
2025-04-16 10:31:00+09:00,2115.0,2120.0,2110.0,2115.0,30108,0.0,0.0
2025-04-16 10:32:00+09:00,2115.0,2120.0,2110.0,2120.0,24940,0.0,0.0
2025-04-16 10:33:00+09:00,2120.0,2130.0,2115.0,2130.0,77848,0.0,0.0
2025-04-16 10:34:00+09:00,2130.0,2135.0,2120.0,2125.0,148727,0.0,0.0
2025-04-16 10:35:00+09:00,2125.0,2125.0,2105.0,2105.0,53418,0.0,0.0
2025-04-16 10:36:00+09:00,2110.0,2125.0,2105.0,2115.0,42392,0.0,0.0
2025-04-16 10:37:00+09:00,2120.0,2120.0,2110.0,2115.0,32310,0.0,0.0
2025-04-16 10:38:00+09:00,2115.0,2115.0,2105.0,2110.0,36759,0.0,0.0
2025-04-16 10:39:00+09:00,2105.0,2110.0,2100.0,2105.0,40829,0.0,0.0
2025-04-16 10:40:00+09:00,2105.0,2115.0,2105.0,2115.0,36971,0.0,0.0
2025-04-16 10:41:00+09:00,2110.0,2115.0,2110.0,2110.0,16661,0.0,0.0
2025-04-16 10:42:00+09:00,2105.0,2110.0,2095.0,2100.0,59731,0.0,0.0
2025-04-16 10:43:00+09:00,2100.0,2100.0,2090.0,2090.0,110561,0.0,0.0
2025-04-16 10:44:00+09:00,2090.0,2095.0,2085.0,2090.0,65653,0.0,0.0
2025-04-16 10:45:00+09:00,2090.0,2100.0,2090.0,2090.0,30844,0.0,0.0
2025-04-16 10:46:00+09:00,2095.0,2100.0,2090.0,2100.0,20380,0.0,0.0
2025-04-16 10:47:00+09:00,2100.0,2105.0,2095.0,2095.0,41268,0.0,0.0
2025-04-16 10:48:00+09:00,2095.0,2100.0,2095.0,2095.0,15893,0.0,0.0
2025-04-16 10:49:00+09:00,2100.0,2100.0,2095.0,2100.0,27327,0.0,0.0
2025-04-16 10:50:00+09:00,2095.0,2100.0,2090.0,2095.0,29834,0.0,0.0
2025-04-16 10:51:00+09:00,2090.0,2100.0,2090.0,2100.0,36209,0.0,0.0
2025-04-16 10:52:00+09:00,2100.0,2110.0,2095.0,2110.0,100207,0.0,0.0
2025-04-16 10:53:00+09:00,2105.0,2120.0,2100.0,2110.0,91438,0.0,0.0
2025-04-16 10:54:00+09:00,2110.0,2120.0,2110.0,2115.0,24416,0.0,0.0
2025-04-16 10:55:00+09:00,2115.0,2120.0,2110.0,2115.0,34461,0.0,0.0
2025-04-16 10:56:00+09:00,2120.0,2145.0,2115.0,2140.0,613991,0.0,0.0
2025-04-16 10:57:00+09:00,2140.0,2140.0,2125.0,2135.0,67269,0.0,0.0
2025-04-16 10:58:00+09:00,2135.0,2140.0,2130.0,2135.0,66997,0.0,0.0
2025-04-16 10:59:00+09:00,2130.0,2145.0,2130.0,2145.0,499659,0.0,0.0
2025-04-16 11:00:00+09:00,2145.0,2145.0,2145.0,2145.0,31527,0.0,0.0
2025-04-16 11:01:00+09:00,2145.0,2145.0,2145.0,2145.0,19723,0.0,0.0
2025-04-16 11:02:00+09:00,2145.0,2145.0,2145.0,2145.0,28715,0.0,0.0
2025-04-16 11:03:00+09:00,2145.0,2145.0,2145.0,2145.0,7934,0.0,0.0
2025-04-16 11:04:00+09:00,2145.0,2145.0,2145.0,2145.0,1964,0.0,0.0
2025-04-16 11:05:00+09:00,2145.0,2145.0,2145.0,2145.0,13982,0.0,0.0
2025-04-16 11:06:00+09:00,2145.0,2145.0,2145.0,2145.0,3137,0.0,0.0
2025-04-16 11:07:00+09:00,2145.0,2145.0,2145.0,2145.0,1076,0.0,0.0
2025-04-16 11:08:00+09:00,2145.0,2145.0,2145.0,2145.0,14965,0.0,0.0
2025-04-16 11:09:00+09:00,2145.0,2145.0,2145.0,2145.0,5560,0.0,0.0
2025-04-16 11:10:00+09:00,2145.0,2145.0,2145.0,2145.0,1147,0.0,0.0
2025-04-16 11:11:00+09:00,2145.0,2145.0,2145.0,2145.0,3018,0.0,0.0
2025-04-16 11:12:00+09:00,2145.0,2145.0,2145.0,2145.0,19437,0.0,0.0
2025-04-16 11:13:00+09:00,2145.0,2145.0,2145.0,2145.0,335362,0.0,0.0
2025-04-16 11:14:00+09:00,2145.0,2145.0,2145.0,2145.0,25724,0.0,0.0
2025-04-16 11:15:00+09:00,2145.0,2145.0,2145.0,2145.0,14957,0.0,0.0
2025-04-16 11:16:00+09:00,2145.0,2145.0,2120.0,2125.0,344829,0.0,0.0
2025-04-16 11:17:00+09:00,2125.0,2130.0,2125.0,2127.0,47935,0.0,0.0
2025-04-16 11:18:00+09:00,2127.0,2130.0,2120.0,2125.0,46395,0.0,0.0
2025-04-16 11:19:00+09:00,2130.0,2145.0,2130.0,2145.0,96097,0.0,0.0
2025-04-16 11:20:00+09:00,2145.0,2145.0,2140.0,2145.0,125589,0.0,0.0
2025-04-16 11:21:00+09:00,2145.0,2145.0,2145.0,2145.0,9118,0.0,0.0
2025-04-16 11:22:00+09:00,2145.0,2145.0,2145.0,2145.0,2386,0.0,0.0
2025-04-16 11:23:00+09:00,2145.0,2145.0,2145.0,2145.0,2190,0.0,0.0
2025-04-16 11:24:00+09:00,2145.0,2145.0,2145.0,2145.0,2714,0.0,0.0
2025-04-16 11:25:00+09:00,2145.0,2145.0,2145.0,2145.0,3244,0.0,0.0
2025-04-16 11:26:00+09:00,2145.0,2145.0,2145.0,2145.0,591,0.0,0.0
2025-04-16 11:27:00+09:00,2145.0,2145.0,2145.0,2145.0,10328,0.0,0.0
2025-04-16 11:28:00+09:00,2145.0,2145.0,2145.0,2145.0,2893,0.0,0.0
2025-04-16 11:29:00+09:00,2145.0,2145.0,2145.0,2145.0,4543,0.0,0.0
2025-04-16 11:30:00+09:00,2145.0,2145.0,2145.0,2145.0,0,0.0,0.0
2025-04-16 11:31:00+09:00,2145.0,2145.0,2145.0,2145.0,1646,0.0,0.0
2025-04-16 11:32:00+09:00,2145.0,2145.0,2145.0,2145.0,719,0.0,0.0
2025-04-16 11:33:00+09:00,2145.0,2145.0,2145.0,2145.0,402,0.0,0.0
2025-04-16 11:34:00+09:00,2145.0,2145.0,2145.0,2145.0,5602,0.0,0.0
2025-04-16 11:35:00+09:00,2145.0,2145.0,2145.0,2145.0,1988,0.0,0.0
2025-04-16 11:36:00+09:00,2145.0,2145.0,2145.0,2145.0,3898,0.0,0.0
2025-04-16 11:37:00+09:00,2145.0,2145.0,2145.0,2145.0,832,0.0,0.0
2025-04-16 11:38:00+09:00,2145.0,2145.0,2145.0,2145.0,5606,0.0,0.0
2025-04-16 11:39:00+09:00,2145.0,2145.0,2145.0,2145.0,0,0.0,0.0
2025-04-16 11:40:00+09:00,2145.0,2145.0,2145.0,2145.0,58645,0.0,0.0
2025-04-16 11:41:00+09:00,2145.0,2145.0,2115.0,2135.0,260775,0.0,0.0
2025-04-16 11:42:00+09:00,2135.0,2145.0,2125.0,2145.0,61374,0.0,0.0
2025-04-16 11:43:00+09:00,2145.0,2145.0,2140.0,2145.0,108189,0.0,0.0
2025-04-16 11:44:00+09:00,2145.0,2145.0,2135.0,2145.0,66089,0.0,0.0
2025-04-16 11:45:00+09:00,2135.0,2145.0,2135.0,2140.0,29366,0.0,0.0
2025-04-16 11:46:00+09:00,2140.0,2145.0,2135.0,2145.0,51197,0.0,0.0
2025-04-16 11:47:00+09:00,2145.0,2145.0,2140.0,2145.0,67501,0.0,0.0
2025-04-16 11:48:00+09:00,2145.0,2145.0,2135.0,2140.0,14674,0.0,0.0
2025-04-16 11:49:00+09:00,2135.0,2145.0,2135.0,2145.0,30469,0.0,0.0
2025-04-16 11:50:00+09:00,2145.0,2145.0,2140.0,2140.0,7931,0.0,0.0
2025-04-16 11:51:00+09:00,2145.0,2145.0,2140.0,2145.0,14890,0.0,0.0
2025-04-16 11:52:00+09:00,2145.0,2145.0,2135.0,2135.0,12804,0.0,0.0
2025-04-16 11:53:00+09:00,2140.0,2145.0,2135.0,2140.0,19057,0.0,0.0
2025-04-16 11:54:00+09:00,2145.0,2145.0,2140.0,2140.0,43226,0.0,0.0
2025-04-16 11:55:00+09:00,2145.0,2145.0,2140.0,2140.0,24095,0.0,0.0
2025-04-16 11:56:00+09:00,2140.0,2140.0,2135.0,2135.0,9176,0.0,0.0
2025-04-16 11:57:00+09:00,2135.0,2140.0,2135.0,2140.0,6451,0.0,0.0
2025-04-16 11:58:00+09:00,2140.0,2145.0,2140.0,2140.0,9441,0.0,0.0
2025-04-16 11:59:00+09:00,2140.0,2145.0,2140.0,2145.0,16587,0.0,0.0
2025-04-16 12:00:00+09:00,2140.0,2142.0,2140.0,2140.0,8815,0.0,0.0
2025-04-16 12:01:00+09:00,2140.0,2145.0,2137.0,2140.0,20565,0.0,0.0
2025-04-16 12:02:00+09:00,2145.0,2145.0,2135.0,2140.0,7786,0.0,0.0
2025-04-16 12:03:00+09:00,2140.0,2140.0,2135.0,2135.0,17310,0.0,0.0
2025-04-16 12:04:00+09:00,2135.0,2145.0,2135.0,2140.0,12079,0.0,0.0
2025-04-16 12:05:00+09:00,2145.0,2145.0,2140.0,2145.0,14697,0.0,0.0
2025-04-16 12:06:00+09:00,2145.0,2145.0,2140.0,2145.0,1785,0.0,0.0
2025-04-16 12:07:00+09:00,2145.0,2145.0,2140.0,2140.0,19398,0.0,0.0
2025-04-16 12:08:00+09:00,2140.0,2145.0,2140.0,2142.0,9164,0.0,0.0
2025-04-16 12:09:00+09:00,2142.0,2145.0,2140.0,2140.0,21090,0.0,0.0
2025-04-16 12:10:00+09:00,2140.0,2145.0,2137.0,2140.0,12157,0.0,0.0
2025-04-16 12:11:00+09:00,2140.0,2145.0,2140.0,2145.0,3237,0.0,0.0
2025-04-16 12:12:00+09:00,2142.0,2145.0,2140.0,2145.0,4495,0.0,0.0
2025-04-16 12:13:00+09:00,2140.0,2145.0,2140.0,2145.0,1684,0.0,0.0
2025-04-16 12:14:00+09:00,2145.0,2145.0,2140.0,2140.0,21149,0.0,0.0
2025-04-16 12:15:00+09:00,2140.0,2142.0,2135.0,2137.0,32164,0.0,0.0
2025-04-16 12:16:00+09:00,2135.0,2137.0,2110.0,2115.0,179244,0.0,0.0
2025-04-16 12:17:00+09:00,2112.0,2125.0,2110.0,2120.0,53109,0.0,0.0
2025-04-16 12:18:00+09:00,2125.0,2125.0,2120.0,2120.0,22124,0.0,0.0
2025-04-16 12:19:00+09:00,2120.0,2120.0,2115.0,2120.0,17872,0.0,0.0
2025-04-16 12:20:00+09:00,2120.0,2120.0,2115.0,2120.0,21710,0.0,0.0
2025-04-16 12:21:00+09:00,2115.0,2120.0,2115.0,2115.0,9510,0.0,0.0
2025-04-16 12:22:00+09:00,2120.0,2130.0,2115.0,2125.0,39133,0.0,0.0
2025-04-16 12:23:00+09:00,2130.0,2130.0,2125.0,2130.0,7355,0.0,0.0
2025-04-16 12:24:00+09:00,2130.0,2130.0,2125.0,2130.0,14284,0.0,0.0
2025-04-16 12:25:00+09:00,2125.0,2130.0,2120.0,2120.0,12870,0.0,0.0
2025-04-16 12:26:00+09:00,2120.0,2130.0,2120.0,2125.0,11952,0.0,0.0
2025-04-16 12:27:00+09:00,2130.0,2130.0,2120.0,2120.0,15725,0.0,0.0
2025-04-16 12:28:00+09:00,2125.0,2130.0,2120.0,2125.0,12165,0.0,0.0
2025-04-16 12:29:00+09:00,2127.0,2127.0,2120.0,2120.0,12226,0.0,0.0
2025-04-16 12:30:00+09:00,2125.0,2125.0,2120.0,2125.0,7174,0.0,0.0
2025-04-16 12:31:00+09:00,2120.0,2125.0,2120.0,2125.0,12629,0.0,0.0
2025-04-16 12:32:00+09:00,2120.0,2125.0,2115.0,2120.0,16397,0.0,0.0
2025-04-16 12:33:00+09:00,2120.0,2120.0,2115.0,2115.0,18158,0.0,0.0
2025-04-16 12:34:00+09:00,2120.0,2120.0,2115.0,2115.0,24313,0.0,0.0
2025-04-16 12:35:00+09:00,2115.0,2120.0,2110.0,2115.0,24011,0.0,0.0
2025-04-16 12:36:00+09:00,2115.0,2120.0,2110.0,2110.0,14772,0.0,0.0
2025-04-16 12:37:00+09:00,2115.0,2120.0,2110.0,2115.0,20268,0.0,0.0
2025-04-16 12:38:00+09:00,2115.0,2120.0,2110.0,2120.0,21149,0.0,0.0
2025-04-16 12:39:00+09:00,2120.0,2120.0,2115.0,2120.0,14577,0.0,0.0
2025-04-16 12:40:00+09:00,2120.0,2120.0,2115.0,2120.0,12193,0.0,0.0
2025-04-16 12:41:00+09:00,2120.0,2120.0,2110.0,2115.0,15823,0.0,0.0
2025-04-16 12:42:00+09:00,2110.0,2120.0,2110.0,2115.0,18824,0.0,0.0
2025-04-16 12:43:00+09:00,2117.0,2120.0,2115.0,2120.0,974,0.0,0.0
2025-04-16 12:44:00+09:00,2120.0,2120.0,2115.0,2115.0,1622,0.0,0.0
2025-04-16 12:45:00+09:00,2120.0,2140.0,2115.0,2135.0,124100,0.0,0.0
2025-04-16 12:46:00+09:00,2135.0,2140.0,2130.0,2130.0,18596,0.0,0.0
2025-04-16 12:47:00+09:00,2135.0,2135.0,2125.0,2130.0,28519,0.0,0.0
2025-04-16 12:48:00+09:00,2125.0,2135.0,2125.0,2130.0,10019,0.0,0.0
2025-04-16 12:49:00+09:00,2130.0,2130.0,2125.0,2130.0,10387,0.0,0.0
2025-04-16 12:50:00+09:00,2125.0,2130.0,2110.0,2120.0,90679,0.0,0.0
2025-04-16 12:51:00+09:00,2125.0,2130.0,2120.0,2130.0,9602,0.0,0.0
2025-04-16 12:52:00+09:00,2130.0,2130.0,2120.0,2120.0,9918,0.0,0.0
2025-04-16 12:53:00+09:00,2120.0,2125.0,2120.0,2120.0,13679,0.0,0.0
2025-04-16 12:54:00+09:00,2120.0,2125.0,2120.0,2125.0,7797,0.0,0.0
2025-04-16 12:55:00+09:00,2120.0,2125.0,2120.0,2125.0,16675,0.0,0.0
2025-04-16 12:56:00+09:00,2125.0,2125.0,2120.0,2120.0,6137,0.0,0.0
2025-04-16 12:57:00+09:00,2125.0,2125.0,2120.0,2120.0,8874,0.0,0.0
2025-04-16 12:58:00+09:00,2125.0,2125.0,2115.0,2115.0,34524,0.0,0.0
2025-04-16 12:59:00+09:00,2120.0,2120.0,2115.0,2120.0,8615,0.0,0.0
2025-04-16 13:00:00+09:00,2120.0,2120.0,2115.0,2120.0,8281,0.0,0.0
2025-04-16 13:01:00+09:00,2115.0,2125.0,2115.0,2120.0,12599,0.0,0.0
2025-04-16 13:02:00+09:00,2120.0,2125.0,2120.0,2125.0,3791,0.0,0.0
2025-04-16 13:03:00+09:00,2120.0,2125.0,2115.0,2125.0,8984,0.0,0.0
2025-04-16 13:04:00+09:00,2120.0,2125.0,2120.0,2125.0,22221,0.0,0.0
2025-04-16 13:05:00+09:00,2125.0,2125.0,2115.0,2115.0,11988,0.0,0.0
2025-04-16 13:06:00+09:00,2120.0,2130.0,2115.0,2130.0,37348,0.0,0.0
2025-04-16 13:07:00+09:00,2130.0,2130.0,2125.0,2130.0,2436,0.0,0.0
2025-04-16 13:08:00+09:00,2130.0,2135.0,2125.0,2135.0,24457,0.0,0.0
2025-04-16 13:09:00+09:00,2135.0,2140.0,2130.0,2135.0,40654,0.0,0.0
2025-04-16 13:10:00+09:00,2135.0,2140.0,2130.0,2130.0,20085,0.0,0.0
2025-04-16 13:11:00+09:00,2125.0,2135.0,2125.0,2130.0,10635,0.0,0.0
2025-04-16 13:12:00+09:00,2130.0,2145.0,2127.0,2145.0,160116,0.0,0.0
2025-04-16 13:13:00+09:00,2145.0,2145.0,2140.0,2145.0,133761,0.0,0.0
2025-04-16 13:14:00+09:00,2145.0,2145.0,2135.0,2140.0,113037,0.0,0.0
2025-04-16 13:15:00+09:00,2140.0,2145.0,2135.0,2145.0,15768,0.0,0.0
2025-04-16 13:16:00+09:00,2145.0,2145.0,2140.0,2145.0,57767,0.0,0.0
2025-04-16 13:17:00+09:00,2145.0,2145.0,2140.0,2140.0,38363,0.0,0.0
2025-04-16 13:18:00+09:00,2145.0,2145.0,2140.0,2145.0,45017,0.0,0.0
2025-04-16 13:19:00+09:00,2145.0,2145.0,2145.0,2145.0,166,0.0,0.0
2025-04-16 13:20:00+09:00,2145.0,2145.0,2145.0,2145.0,7592,0.0,0.0
2025-04-16 13:21:00+09:00,2145.0,2145.0,2140.0,2145.0,34544,0.0,0.0
2025-04-16 13:22:00+09:00,2145.0,2145.0,2140.0,2145.0,47101,0.0,0.0
2025-04-16 13:23:00+09:00,2140.0,2145.0,2135.0,2140.0,24045,0.0,0.0
2025-04-16 13:24:00+09:00,2140.0,2145.0,2135.0,2140.0,10346,0.0,0.0
2025-04-16 13:25:00+09:00,2135.0,2145.0,2135.0,2145.0,21273,0.0,0.0
2025-04-16 13:26:00+09:00,2145.0,2145.0,2140.0,2140.0,2530,0.0,0.0
2025-04-16 13:27:00+09:00,2140.0,2145.0,2140.0,2140.0,14182,0.0,0.0
2025-04-16 13:28:00+09:00,2145.0,2145.0,2140.0,2140.0,14140,0.0,0.0
2025-04-16 13:29:00+09:00,2145.0,2145.0,2140.0,2145.0,4776,0.0,0.0
2025-04-16 13:30:00+09:00,2140.0,2145.0,2135.0,2140.0,11347,0.0,0.0
2025-04-16 13:31:00+09:00,2140.0,2145.0,2135.0,2140.0,9244,0.0,0.0
2025-04-16 13:32:00+09:00,2140.0,2140.0,2135.0,2135.0,13353,0.0,0.0
2025-04-16 13:33:00+09:00,2135.0,2135.0,2120.0,2120.0,105427,0.0,0.0
2025-04-16 13:34:00+09:00,2120.0,2130.0,2115.0,2130.0,42965,0.0,0.0
2025-04-16 13:35:00+09:00,2130.0,2140.0,2125.0,2135.0,31706,0.0,0.0
2025-04-16 13:36:00+09:00,2130.0,2135.0,2120.0,2130.0,18661,0.0,0.0
2025-04-16 13:37:00+09:00,2125.0,2130.0,2125.0,2130.0,16714,0.0,0.0
2025-04-16 13:38:00+09:00,2130.0,2130.0,2120.0,2130.0,19106,0.0,0.0
2025-04-16 13:39:00+09:00,2125.0,2130.0,2120.0,2130.0,6792,0.0,0.0
2025-04-16 13:40:00+09:00,2130.0,2130.0,2120.0,2125.0,12570,0.0,0.0
2025-04-16 13:41:00+09:00,2125.0,2130.0,2120.0,2130.0,6402,0.0,0.0
2025-04-16 13:42:00+09:00,2130.0,2130.0,2125.0,2130.0,10932,0.0,0.0
2025-04-16 13:43:00+09:00,2125.0,2130.0,2115.0,2120.0,67650,0.0,0.0
2025-04-16 13:44:00+09:00,2120.0,2125.0,2120.0,2125.0,16891,0.0,0.0
2025-04-16 13:45:00+09:00,2130.0,2135.0,2120.0,2125.0,11852,0.0,0.0
2025-04-16 13:46:00+09:00,2130.0,2135.0,2125.0,2130.0,5191,0.0,0.0
2025-04-16 13:47:00+09:00,2130.0,2145.0,2125.0,2135.0,95561,0.0,0.0
2025-04-16 13:48:00+09:00,2135.0,2135.0,2130.0,2132.0,4025,0.0,0.0
2025-04-16 13:49:00+09:00,2132.0,2140.0,2130.0,2140.0,12874,0.0,0.0
2025-04-16 13:50:00+09:00,2135.0,2140.0,2130.0,2135.0,5842,0.0,0.0
2025-04-16 13:51:00+09:00,2130.0,2140.0,2130.0,2140.0,11698,0.0,0.0
2025-04-16 13:52:00+09:00,2135.0,2135.0,2130.0,2135.0,14407,0.0,0.0
2025-04-16 13:53:00+09:00,2135.0,2135.0,2120.0,2125.0,82704,0.0,0.0
2025-04-16 13:54:00+09:00,2125.0,2130.0,2120.0,2120.0,51979,0.0,0.0
2025-04-16 13:55:00+09:00,2120.0,2125.0,2120.0,2125.0,26262,0.0,0.0
2025-04-16 13:56:00+09:00,2125.0,2135.0,2125.0,2135.0,24685,0.0,0.0
2025-04-16 13:57:00+09:00,2135.0,2140.0,2132.0,2140.0,16778,0.0,0.0
2025-04-16 13:58:00+09:00,2135.0,2140.0,2130.0,2135.0,9159,0.0,0.0
2025-04-16 13:59:00+09:00,2135.0,2135.0,2130.0,2130.0,6015,0.0,0.0
2025-04-16 14:00:00+09:00,2135.0,2140.0,2130.0,2140.0,16664,0.0,0.0
2025-04-16 14:01:00+09:00,2140.0,2140.0,2135.0,2135.0,55738,0.0,0.0
2025-04-16 14:02:00+09:00,2140.0,2145.0,2135.0,2145.0,265622,0.0,0.0
2025-04-16 14:03:00+09:00,2145.0,2145.0,2145.0,2145.0,18809,0.0,0.0
2025-04-16 14:04:00+09:00,2145.0,2145.0,2145.0,2145.0,3497,0.0,0.0
2025-04-16 14:05:00+09:00,2145.0,2145.0,2120.0,2135.0,394108,0.0,0.0
2025-04-16 14:06:00+09:00,2135.0,2140.0,2135.0,2140.0,15342,0.0,0.0
2025-04-16 14:07:00+09:00,2137.0,2140.0,2135.0,2135.0,18597,0.0,0.0
2025-04-16 14:08:00+09:00,2135.0,2140.0,2130.0,2135.0,14872,0.0,0.0
2025-04-16 14:09:00+09:00,2140.0,2145.0,2135.0,2140.0,42867,0.0,0.0
2025-04-16 14:10:00+09:00,2145.0,2145.0,2140.0,2145.0,59660,0.0,0.0
2025-04-16 14:11:00+09:00,2140.0,2145.0,2140.0,2145.0,17381,0.0,0.0
2025-04-16 14:12:00+09:00,2145.0,2145.0,2140.0,2145.0,20830,0.0,0.0
2025-04-16 14:13:00+09:00,2145.0,2145.0,2140.0,2140.0,68067,0.0,0.0
2025-04-16 14:14:00+09:00,2145.0,2145.0,2142.0,2145.0,15614,0.0,0.0
2025-04-16 14:15:00+09:00,2145.0,2145.0,2135.0,2140.0,38962,0.0,0.0
2025-04-16 14:16:00+09:00,2140.0,2145.0,2135.0,2140.0,12817,0.0,0.0
2025-04-16 14:17:00+09:00,2145.0,2145.0,2140.0,2145.0,11067,0.0,0.0
2025-04-16 14:18:00+09:00,2140.0,2145.0,2135.0,2140.0,13423,0.0,0.0
2025-04-16 14:19:00+09:00,2140.0,2140.0,2135.0,2140.0,8556,0.0,0.0
2025-04-16 14:20:00+09:00,2140.0,2140.0,2135.0,2140.0,29454,0.0,0.0
2025-04-16 14:21:00+09:00,2140.0,2140.0,2135.0,2140.0,14190,0.0,0.0
2025-04-16 14:22:00+09:00,2140.0,2140.0,2135.0,2135.0,4925,0.0,0.0
2025-04-16 14:23:00+09:00,2135.0,2140.0,2130.0,2135.0,34534,0.0,0.0
2025-04-16 14:24:00+09:00,2135.0,2135.0,2125.0,2130.0,48289,0.0,0.0
2025-04-16 14:25:00+09:00,2130.0,2135.0,2130.0,2135.0,12758,0.0,0.0
2025-04-16 14:26:00+09:00,2132.0,2135.0,2132.0,2132.0,6839,0.0,0.0
2025-04-16 14:27:00+09:00,2132.0,2135.0,2130.0,2135.0,15296,0.0,0.0
2025-04-16 14:28:00+09:00,2135.0,2140.0,2130.0,2135.0,25248,0.0,0.0
2025-04-16 14:29:00+09:00,2140.0,2140.0,2135.0,2140.0,22742,0.0,0.0
2025-04-16 14:30:00+09:00,2135.0,2140.0,2135.0,2140.0,7382,0.0,0.0
2025-04-16 14:31:00+09:00,2140.0,2140.0,2135.0,2140.0,12622,0.0,0.0
2025-04-16 14:32:00+09:00,2140.0,2140.0,2135.0,2140.0,9416,0.0,0.0
2025-04-16 14:33:00+09:00,2140.0,2140.0,2135.0,2135.0,6526,0.0,0.0
2025-04-16 14:34:00+09:00,2135.0,2140.0,2130.0,2140.0,19996,0.0,0.0
2025-04-16 14:35:00+09:00,2140.0,2140.0,2135.0,2140.0,17549,0.0,0.0
2025-04-16 14:36:00+09:00,2135.0,2145.0,2135.0,2140.0,16602,0.0,0.0
2025-04-16 14:37:00+09:00,2145.0,2145.0,2140.0,2140.0,20025,0.0,0.0
2025-04-16 14:38:00+09:00,2145.0,2145.0,2140.0,2145.0,2529,0.0,0.0
2025-04-16 14:39:00+09:00,2142.0,2145.0,2135.0,2135.0,30130,0.0,0.0
2025-04-16 14:40:00+09:00,2135.0,2145.0,2135.0,2140.0,3932,0.0,0.0
2025-04-16 14:41:00+09:00,2140.0,2140.0,2135.0,2140.0,12235,0.0,0.0
2025-04-16 14:42:00+09:00,2135.0,2145.0,2135.0,2140.0,14804,0.0,0.0
2025-04-16 14:43:00+09:00,2142.0,2145.0,2140.0,2145.0,15749,0.0,0.0
2025-04-16 14:44:00+09:00,2145.0,2145.0,2140.0,2140.0,14305,0.0,0.0
2025-04-16 14:45:00+09:00,2135.0,2140.0,2135.0,2135.0,15181,0.0,0.0
2025-04-16 14:46:00+09:00,2140.0,2140.0,2135.0,2140.0,17404,0.0,0.0
2025-04-16 14:47:00+09:00,2140.0,2145.0,2140.0,2145.0,16022,0.0,0.0
2025-04-16 14:48:00+09:00,2145.0,2145.0,2140.0,2145.0,6147,0.0,0.0
2025-04-16 14:49:00+09:00,2140.0,2145.0,2140.0,2145.0,123935,0.0,0.0
2025-04-16 14:50:00+09:00,2145.0,2145.0,2142.0,2145.0,49396,0.0,0.0
2025-04-16 14:51:00+09:00,2145.0,2145.0,2145.0,2145.0,18716,0.0,0.0
2025-04-16 14:52:00+09:00,2145.0,2145.0,2145.0,2145.0,915,0.0,0.0
2025-04-16 14:53:00+09:00,2145.0,2145.0,2130.0,2135.0,180701,0.0,0.0
2025-04-16 14:54:00+09:00,2135.0,2140.0,2110.0,2125.0,274468,0.0,0.0
2025-04-16 14:55:00+09:00,2125.0,2130.0,2115.0,2130.0,35458,0.0,0.0
2025-04-16 14:56:00+09:00,2125.0,2140.0,2125.0,2135.0,66474,0.0,0.0
2025-04-16 14:57:00+09:00,2140.0,2140.0,2135.0,2140.0,27984,0.0,0.0
2025-04-16 14:58:00+09:00,2135.0,2140.0,2130.0,2140.0,28882,0.0,0.0
2025-04-16 14:59:00+09:00,2135.0,2135.0,2125.0,2125.0,37545,0.0,0.0
2025-04-17 09:00:00+09:00,2090.0,2105.0,2050.0,2055.0,533881,0.0,0.0
2025-04-17 09:01:00+09:00,2060.0,2090.0,2050.0,2060.0,187550,0.0,0.0
2025-04-17 09:02:00+09:00,2060.0,2065.0,2000.0,2010.0,548100,0.0,0.0
2025-04-17 09:03:00+09:00,2020.0,2030.0,2010.0,2020.0,222236,0.0,0.0
2025-04-17 09:04:00+09:00,2020.0,2035.0,1996.0,2000.0,242993,0.0,0.0
2025-04-17 09:05:00+09:00,2000.0,2010.0,1997.0,2005.0,145278,0.0,0.0
2025-04-17 09:06:00+09:00,2005.0,2005.0,1987.0,1989.0,338282,0.0,0.0
2025-04-17 09:07:00+09:00,1990.0,1990.0,1976.0,1979.0,357444,0.0,0.0
2025-04-17 09:08:00+09:00,1980.0,2005.0,1979.0,1996.0,147685,0.0,0.0
2025-04-17 09:09:00+09:00,1996.0,2020.0,1986.0,1999.0,262946,0.0,0.0
2025-04-17 09:10:00+09:00,1999.0,2005.0,1996.0,2005.0,147522,0.0,0.0
2025-04-17 09:11:00+09:00,2005.0,2015.0,1983.0,1995.0,147476,0.0,0.0
2025-04-17 09:12:00+09:00,1995.0,2005.0,1992.0,2000.0,40809,0.0,0.0
2025-04-17 09:13:00+09:00,2000.0,2010.0,2000.0,2010.0,40746,0.0,0.0
2025-04-17 09:14:00+09:00,2010.0,2015.0,1999.0,2000.0,47464,0.0,0.0
2025-04-17 09:15:00+09:00,1999.0,2005.0,1999.0,2005.0,41759,0.0,0.0
2025-04-17 09:16:00+09:00,2005.0,2070.0,2000.0,2060.0,324365,0.0,0.0
2025-04-17 09:17:00+09:00,2055.0,2080.0,2035.0,2060.0,421966,0.0,0.0
2025-04-17 09:18:00+09:00,2065.0,2070.0,2030.0,2040.0,181674,0.0,0.0
2025-04-17 09:19:00+09:00,2040.0,2050.0,2030.0,2030.0,78498,0.0,0.0
2025-04-17 09:20:00+09:00,2035.0,2040.0,2015.0,2020.0,86371,0.0,0.0
2025-04-17 09:21:00+09:00,2020.0,2040.0,2020.0,2035.0,47463,0.0,0.0
2025-04-17 09:22:00+09:00,2035.0,2035.0,2020.0,2030.0,30668,0.0,0.0
2025-04-17 09:23:00+09:00,2030.0,2045.0,2025.0,2025.0,50993,0.0,0.0
2025-04-17 09:24:00+09:00,2025.0,2035.0,2022.0,2025.0,32374,0.0,0.0
2025-04-17 09:25:00+09:00,2020.0,2025.0,1999.0,2010.0,143929,0.0,0.0
2025-04-17 09:26:00+09:00,2005.0,2015.0,2000.0,2010.0,76377,0.0,0.0
2025-04-17 09:27:00+09:00,2010.0,2010.0,2000.0,2000.0,21819,0.0,0.0
2025-04-17 09:28:00+09:00,2005.0,2005.0,1999.0,2005.0,54838,0.0,0.0
2025-04-17 09:29:00+09:00,2000.0,2005.0,1999.0,2000.0,36961,0.0,0.0
2025-04-17 09:30:00+09:00,2000.0,2015.0,2000.0,2007.0,34918,0.0,0.0
2025-04-17 09:31:00+09:00,2005.0,2020.0,2005.0,2020.0,35099,0.0,0.0
2025-04-17 09:32:00+09:00,2015.0,2035.0,2015.0,2030.0,47637,0.0,0.0
2025-04-17 09:33:00+09:00,2030.0,2050.0,2020.0,2045.0,115117,0.0,0.0
2025-04-17 09:34:00+09:00,2045.0,2050.0,2035.0,2040.0,48946,0.0,0.0
2025-04-17 09:35:00+09:00,2045.0,2045.0,2030.0,2030.0,48283,0.0,0.0
2025-04-17 09:36:00+09:00,2035.0,2035.0,2025.0,2027.0,20809,0.0,0.0
2025-04-17 09:37:00+09:00,2027.0,2030.0,2005.0,2015.0,45566,0.0,0.0
2025-04-17 09:38:00+09:00,2015.0,2020.0,2010.0,2020.0,26206,0.0,0.0
2025-04-17 09:39:00+09:00,2015.0,2020.0,2010.0,2015.0,31047,0.0,0.0
2025-04-17 09:40:00+09:00,2020.0,2020.0,2010.0,2010.0,2160,0.0,0.0
2025-04-17 09:41:00+09:00,2015.0,2020.0,2005.0,2020.0,22083,0.0,0.0
2025-04-17 09:42:00+09:00,2015.0,2030.0,2015.0,2025.0,18954,0.0,0.0
2025-04-17 09:43:00+09:00,2020.0,2030.0,2020.0,2025.0,27770,0.0,0.0
2025-04-17 09:44:00+09:00,2025.0,2040.0,2020.0,2040.0,29313,0.0,0.0
2025-04-17 09:45:00+09:00,2030.0,2040.0,2030.0,2030.0,28038,0.0,0.0
2025-04-17 09:46:00+09:00,2035.0,2035.0,2025.0,2025.0,28693,0.0,0.0
2025-04-17 09:47:00+09:00,2030.0,2040.0,2025.0,2037.0,7149,0.0,0.0
2025-04-17 09:48:00+09:00,2035.0,2060.0,2035.0,2055.0,66184,0.0,0.0
2025-04-17 09:49:00+09:00,2050.0,2070.0,2050.0,2060.0,143067,0.0,0.0
2025-04-17 09:50:00+09:00,2060.0,2070.0,2055.0,2070.0,109120,0.0,0.0
2025-04-17 09:51:00+09:00,2070.0,2070.0,2030.0,2040.0,102631,0.0,0.0
2025-04-17 09:52:00+09:00,2040.0,2060.0,2040.0,2060.0,26253,0.0,0.0
2025-04-17 09:53:00+09:00,2055.0,2060.0,2040.0,2050.0,22244,0.0,0.0
2025-04-17 09:54:00+09:00,2055.0,2060.0,2035.0,2035.0,14064,0.0,0.0
2025-04-17 09:55:00+09:00,2037.0,2045.0,2035.0,2045.0,16281,0.0,0.0
2025-04-17 09:56:00+09:00,2045.0,2060.0,2045.0,2050.0,18653,0.0,0.0
2025-04-17 09:57:00+09:00,2050.0,2055.0,2030.0,2035.0,30616,0.0,0.0
2025-04-17 09:58:00+09:00,2035.0,2035.0,2025.0,2035.0,29451,0.0,0.0
2025-04-17 09:59:00+09:00,2035.0,2035.0,2010.0,2010.0,58615,0.0,0.0
2025-04-17 10:00:00+09:00,2010.0,2030.0,2010.0,2030.0,42842,0.0,0.0
2025-04-17 10:01:00+09:00,2030.0,2040.0,2025.0,2040.0,13998,0.0,0.0
2025-04-17 10:02:00+09:00,2037.0,2045.0,2030.0,2040.0,16476,0.0,0.0
2025-04-17 10:03:00+09:00,2030.0,2040.0,2030.0,2040.0,7208,0.0,0.0
2025-04-17 10:04:00+09:00,2040.0,2045.0,2035.0,2040.0,9131,0.0,0.0
2025-04-17 10:05:00+09:00,2040.0,2050.0,2040.0,2042.0,23978,0.0,0.0
2025-04-17 10:06:00+09:00,2045.0,2045.0,2025.0,2030.0,19385,0.0,0.0
2025-04-17 10:07:00+09:00,2030.0,2035.0,2025.0,2025.0,11404,0.0,0.0
2025-04-17 10:08:00+09:00,2025.0,2025.0,2015.0,2020.0,10477,0.0,0.0
2025-04-17 10:09:00+09:00,2025.0,2040.0,2020.0,2030.0,11278,0.0,0.0
2025-04-17 10:10:00+09:00,2025.0,2030.0,2020.0,2020.0,22194,0.0,0.0
2025-04-17 10:11:00+09:00,2020.0,2035.0,2015.0,2030.0,49507,0.0,0.0
2025-04-17 10:12:00+09:00,2030.0,2035.0,2020.0,2035.0,8977,0.0,0.0
2025-04-17 10:13:00+09:00,2030.0,2035.0,2020.0,2020.0,7012,0.0,0.0
2025-04-17 10:14:00+09:00,2020.0,2022.0,2012.0,2020.0,17481,0.0,0.0
2025-04-17 10:15:00+09:00,2020.0,2020.0,2010.0,2015.0,19994,0.0,0.0
2025-04-17 10:16:00+09:00,2010.0,2025.0,2010.0,2015.0,35063,0.0,0.0
2025-04-17 10:17:00+09:00,2015.0,2030.0,2015.0,2030.0,6616,0.0,0.0
2025-04-17 10:18:00+09:00,2030.0,2030.0,2015.0,2030.0,19526,0.0,0.0
2025-04-17 10:19:00+09:00,2020.0,2030.0,2015.0,2025.0,3596,0.0,0.0
2025-04-17 10:20:00+09:00,2020.0,2025.0,2020.0,2020.0,3745,0.0,0.0
2025-04-17 10:21:00+09:00,2020.0,2020.0,2015.0,2020.0,5994,0.0,0.0
2025-04-17 10:22:00+09:00,2015.0,2025.0,2015.0,2025.0,7238,0.0,0.0
2025-04-17 10:23:00+09:00,2022.0,2025.0,2015.0,2020.0,11134,0.0,0.0
2025-04-17 10:24:00+09:00,2020.0,2020.0,2020.0,2020.0,4080,0.0,0.0
2025-04-17 10:25:00+09:00,2025.0,2025.0,2010.0,2010.0,18847,0.0,0.0
2025-04-17 10:26:00+09:00,2010.0,2015.0,2005.0,2010.0,53510,0.0,0.0
2025-04-17 10:27:00+09:00,2010.0,2015.0,2010.0,2015.0,6102,0.0,0.0
2025-04-17 10:28:00+09:00,2015.0,2015.0,2005.0,2010.0,16405,0.0,0.0
2025-04-17 10:29:00+09:00,2005.0,2010.0,2000.0,2000.0,25709,0.0,0.0
2025-04-17 10:30:00+09:00,2000.0,2015.0,2000.0,2015.0,58635,0.0,0.0
2025-04-17 10:31:00+09:00,2015.0,2025.0,2010.0,2015.0,13777,0.0,0.0
2025-04-17 10:32:00+09:00,2025.0,2025.0,2015.0,2020.0,19030,0.0,0.0
2025-04-17 10:33:00+09:00,2020.0,2030.0,2020.0,2025.0,10903,0.0,0.0
2025-04-17 10:34:00+09:00,2030.0,2030.0,2020.0,2020.0,8038,0.0,0.0
2025-04-17 10:35:00+09:00,2020.0,2025.0,2015.0,2015.0,26824,0.0,0.0
2025-04-17 10:36:00+09:00,2020.0,2025.0,2015.0,2025.0,4304,0.0,0.0
2025-04-17 10:37:00+09:00,2020.0,2025.0,2015.0,2020.0,1740,0.0,0.0
2025-04-17 10:38:00+09:00,2015.0,2025.0,2015.0,2020.0,14954,0.0,0.0
2025-04-17 10:39:00+09:00,2025.0,2025.0,2010.0,2020.0,33154,0.0,0.0
2025-04-17 10:40:00+09:00,2015.0,2025.0,2015.0,2015.0,7707,0.0,0.0
2025-04-17 10:41:00+09:00,2020.0,2025.0,2015.0,2020.0,8290,0.0,0.0
2025-04-17 10:42:00+09:00,2025.0,2025.0,2020.0,2025.0,7717,0.0,0.0
2025-04-17 10:43:00+09:00,2020.0,2030.0,2020.0,2030.0,8157,0.0,0.0
2025-04-17 10:44:00+09:00,2025.0,2035.0,2025.0,2030.0,19393,0.0,0.0
2025-04-17 10:45:00+09:00,2035.0,2035.0,2025.0,2030.0,15375,0.0,0.0
2025-04-17 10:46:00+09:00,2025.0,2035.0,2025.0,2035.0,21925,0.0,0.0
2025-04-17 10:47:00+09:00,2030.0,2035.0,2030.0,2030.0,7701,0.0,0.0
2025-04-17 10:48:00+09:00,2035.0,2045.0,2030.0,2045.0,27670,0.0,0.0
2025-04-17 10:49:00+09:00,2040.0,2050.0,2040.0,2050.0,34603,0.0,0.0
2025-04-17 10:50:00+09:00,2045.0,2055.0,2045.0,2045.0,44832,0.0,0.0
2025-04-17 10:51:00+09:00,2047.0,2050.0,2030.0,2037.0,49093,0.0,0.0
2025-04-17 10:52:00+09:00,2035.0,2050.0,2035.0,2045.0,27770,0.0,0.0
2025-04-17 10:53:00+09:00,2050.0,2055.0,2045.0,2055.0,54427,0.0,0.0
2025-04-17 10:54:00+09:00,2050.0,2055.0,2045.0,2052.0,31124,0.0,0.0
2025-04-17 10:55:00+09:00,2055.0,2055.0,2052.0,2055.0,5787,0.0,0.0
2025-04-17 10:56:00+09:00,2052.0,2055.0,2050.0,2055.0,13686,0.0,0.0
2025-04-17 10:57:00+09:00,2052.0,2055.0,2045.0,2045.0,39681,0.0,0.0
2025-04-17 10:58:00+09:00,2045.0,2045.0,2035.0,2035.0,16975,0.0,0.0
2025-04-17 10:59:00+09:00,2035.0,2035.0,2025.0,2025.0,20187,0.0,0.0
2025-04-17 11:00:00+09:00,2030.0,2030.0,2015.0,2020.0,57578,0.0,0.0
2025-04-17 11:01:00+09:00,2020.0,2025.0,2015.0,2020.0,9799,0.0,0.0
2025-04-17 11:02:00+09:00,2020.0,2025.0,2020.0,2020.0,12264,0.0,0.0
2025-04-17 11:03:00+09:00,2020.0,2030.0,2020.0,2030.0,3381,0.0,0.0
2025-04-17 11:04:00+09:00,2030.0,2030.0,2020.0,2030.0,5145,0.0,0.0
2025-04-17 11:05:00+09:00,2025.0,2030.0,2020.0,2025.0,2400,0.0,0.0
2025-04-17 11:06:00+09:00,2025.0,2030.0,2020.0,2025.0,7111,0.0,0.0
2025-04-17 11:07:00+09:00,2030.0,2030.0,2025.0,2030.0,234,0.0,0.0
2025-04-17 11:08:00+09:00,2030.0,2030.0,2030.0,2030.0,227,0.0,0.0
2025-04-17 11:09:00+09:00,2025.0,2030.0,2020.0,2020.0,24101,0.0,0.0
2025-04-17 11:10:00+09:00,2020.0,2025.0,2020.0,2025.0,0,0.0,0.0
2025-04-17 11:11:00+09:00,2025.0,2030.0,2025.0,2025.0,9261,0.0,0.0
2025-04-17 11:12:00+09:00,2025.0,2030.0,2025.0,2025.0,8079,0.0,0.0
2025-04-17 11:13:00+09:00,2025.0,2030.0,2025.0,2030.0,751,0.0,0.0
2025-04-17 11:14:00+09:00,2030.0,2030.0,2025.0,2030.0,1799,0.0,0.0
2025-04-17 11:15:00+09:00,2030.0,2030.0,2025.0,2030.0,1791,0.0,0.0
2025-04-17 11:16:00+09:00,2025.0,2030.0,2025.0,2030.0,2268,0.0,0.0
2025-04-17 11:17:00+09:00,2025.0,2030.0,2025.0,2030.0,1078,0.0,0.0
2025-04-17 11:18:00+09:00,2030.0,2030.0,2025.0,2030.0,3553,0.0,0.0
2025-04-17 11:19:00+09:00,2030.0,2030.0,2025.0,2025.0,6425,0.0,0.0
2025-04-17 11:20:00+09:00,2025.0,2030.0,2025.0,2025.0,5844,0.0,0.0
2025-04-17 11:21:00+09:00,2025.0,2025.0,2025.0,2025.0,6133,0.0,0.0
2025-04-17 11:22:00+09:00,2025.0,2025.0,2025.0,2025.0,9516,0.0,0.0
2025-04-17 11:23:00+09:00,2025.0,2025.0,2020.0,2020.0,18608,0.0,0.0
2025-04-17 11:24:00+09:00,2020.0,2025.0,2020.0,2020.0,4054,0.0,0.0
2025-04-17 11:25:00+09:00,2020.0,2030.0,2020.0,2025.0,6724,0.0,0.0
2025-04-17 11:26:00+09:00,2025.0,2030.0,2025.0,2030.0,5958,0.0,0.0
2025-04-17 11:27:00+09:00,2030.0,2030.0,2025.0,2030.0,7448,0.0,0.0
2025-04-17 11:28:00+09:00,2025.0,2035.0,2025.0,2025.0,6160,0.0,0.0
2025-04-17 11:29:00+09:00,2035.0,2040.0,2035.0,2040.0,3906,0.0,0.0
2025-04-17 11:30:00+09:00,2040.0,2040.0,2030.0,2030.0,7645,0.0,0.0
2025-04-17 11:31:00+09:00,2032.0,2040.0,2030.0,2030.0,5767,0.0,0.0
2025-04-17 11:32:00+09:00,2030.0,2030.0,2030.0,2030.0,4338,0.0,0.0
2025-04-17 11:33:00+09:00,2030.0,2037.0,2030.0,2035.0,4272,0.0,0.0
2025-04-17 11:34:00+09:00,2035.0,2035.0,2030.0,2030.0,777,0.0,0.0
2025-04-17 11:35:00+09:00,2030.0,2040.0,2030.0,2040.0,2814,0.0,0.0
2025-04-17 11:36:00+09:00,2040.0,2040.0,2035.0,2035.0,5111,0.0,0.0
2025-04-17 11:37:00+09:00,2035.0,2040.0,2035.0,2035.0,9576,0.0,0.0
2025-04-17 11:38:00+09:00,2040.0,2040.0,2030.0,2035.0,13328,0.0,0.0
2025-04-17 11:39:00+09:00,2037.0,2040.0,2030.0,2035.0,0,0.0,0.0
2025-04-17 11:40:00+09:00,2040.0,2040.0,2035.0,2040.0,1303,0.0,0.0
2025-04-17 11:41:00+09:00,2035.0,2040.0,2030.0,2030.0,3123,0.0,0.0
2025-04-17 11:42:00+09:00,2035.0,2035.0,2030.0,2035.0,5593,0.0,0.0
2025-04-17 11:43:00+09:00,2030.0,2035.0,2030.0,2030.0,2403,0.0,0.0
2025-04-17 11:44:00+09:00,2030.0,2035.0,2030.0,2030.0,15035,0.0,0.0
2025-04-17 11:45:00+09:00,2030.0,2035.0,2030.0,2035.0,485,0.0,0.0
2025-04-17 11:46:00+09:00,2035.0,2035.0,2030.0,2035.0,6263,0.0,0.0
2025-04-17 11:47:00+09:00,2035.0,2035.0,2030.0,2030.0,8149,0.0,0.0
2025-04-17 11:48:00+09:00,2030.0,2035.0,2030.0,2030.0,6929,0.0,0.0
2025-04-17 11:49:00+09:00,2030.0,2030.0,2030.0,2030.0,788,0.0,0.0
2025-04-17 11:50:00+09:00,2030.0,2035.0,2030.0,2030.0,7236,0.0,0.0
2025-04-17 11:51:00+09:00,2030.0,2045.0,2030.0,2045.0,22315,0.0,0.0
2025-04-17 11:52:00+09:00,2035.0,2045.0,2035.0,2045.0,10169,0.0,0.0
2025-04-17 11:53:00+09:00,2050.0,2050.0,2045.0,2045.0,26220,0.0,0.0
2025-04-17 11:54:00+09:00,2045.0,2045.0,2040.0,2040.0,6178,0.0,0.0
2025-04-17 11:55:00+09:00,2035.0,2040.0,2035.0,2040.0,1368,0.0,0.0
2025-04-17 11:56:00+09:00,2040.0,2045.0,2035.0,2035.0,2999,0.0,0.0
2025-04-17 11:57:00+09:00,2035.0,2040.0,2035.0,2040.0,10808,0.0,0.0
2025-04-17 11:58:00+09:00,2040.0,2050.0,2035.0,2045.0,9984,0.0,0.0
2025-04-17 11:59:00+09:00,2045.0,2045.0,2035.0,2040.0,1716,0.0,0.0
2025-04-17 12:00:00+09:00,2040.0,2045.0,2040.0,2045.0,503,0.0,0.0
2025-04-17 12:01:00+09:00,2045.0,2050.0,2045.0,2050.0,5372,0.0,0.0
2025-04-17 12:02:00+09:00,2050.0,2050.0,2040.0,2040.0,7466,0.0,0.0
2025-04-17 12:03:00+09:00,2040.0,2040.0,2040.0,2040.0,7266,0.0,0.0
2025-04-17 12:04:00+09:00,2045.0,2045.0,2040.0,2045.0,7267,0.0,0.0
2025-04-17 12:05:00+09:00,2040.0,2040.0,2040.0,2040.0,3225,0.0,0.0
2025-04-17 12:06:00+09:00,2040.0,2040.0,2035.0,2035.0,18315,0.0,0.0
2025-04-17 12:07:00+09:00,2035.0,2035.0,2035.0,2035.0,0,0.0,0.0
2025-04-17 12:08:00+09:00,2035.0,2035.0,2035.0,2035.0,1434,0.0,0.0
2025-04-17 12:09:00+09:00,2035.0,2040.0,2035.0,2035.0,571,0.0,0.0
2025-04-17 12:10:00+09:00,2035.0,2035.0,2035.0,2035.0,4043,0.0,0.0
2025-04-17 12:11:00+09:00,2035.0,2040.0,2035.0,2040.0,3397,0.0,0.0
2025-04-17 12:12:00+09:00,2040.0,2040.0,2035.0,2040.0,10818,0.0,0.0
2025-04-17 12:13:00+09:00,2040.0,2040.0,2035.0,2035.0,2611,0.0,0.0
2025-04-17 12:14:00+09:00,2035.0,2040.0,2035.0,2040.0,415,0.0,0.0
2025-04-17 12:15:00+09:00,2040.0,2045.0,2040.0,2045.0,2851,0.0,0.0
2025-04-17 12:16:00+09:00,2040.0,2045.0,2040.0,2045.0,0,0.0,0.0
2025-04-17 12:17:00+09:00,2045.0,2045.0,2040.0,2045.0,945,0.0,0.0
2025-04-17 12:18:00+09:00,2040.0,2045.0,2035.0,2040.0,6205,0.0,0.0
2025-04-17 12:19:00+09:00,2040.0,2045.0,2040.0,2040.0,3559,0.0,0.0
2025-04-17 12:20:00+09:00,2045.0,2045.0,2040.0,2040.0,3854,0.0,0.0
2025-04-17 12:21:00+09:00,2045.0,2045.0,2040.0,2045.0,14142,0.0,0.0
2025-04-17 12:22:00+09:00,2045.0,2045.0,2040.0,2045.0,3113,0.0,0.0
2025-04-17 12:23:00+09:00,2045.0,2045.0,2040.0,2045.0,412,0.0,0.0
2025-04-17 12:24:00+09:00,2040.0,2040.0,2035.0,2035.0,12092,0.0,0.0
2025-04-17 12:25:00+09:00,2035.0,2040.0,2035.0,2035.0,4537,0.0,0.0
2025-04-17 12:26:00+09:00,2040.0,2040.0,2035.0,2040.0,2368,0.0,0.0
2025-04-17 12:27:00+09:00,2040.0,2040.0,2035.0,2035.0,4701,0.0,0.0
2025-04-17 12:28:00+09:00,2035.0,2040.0,2035.0,2040.0,0,0.0,0.0
2025-04-17 12:29:00+09:00,2040.0,2040.0,2040.0,2040.0,29,0.0,0.0
2025-04-17 12:30:00+09:00,2035.0,2040.0,2035.0,2040.0,6244,0.0,0.0
2025-04-17 12:31:00+09:00,2040.0,2040.0,2035.0,2035.0,5883,0.0,0.0
2025-04-17 12:32:00+09:00,2030.0,2040.0,2030.0,2040.0,12407,0.0,0.0
2025-04-17 12:33:00+09:00,2035.0,2040.0,2030.0,2040.0,17634,0.0,0.0
2025-04-17 12:34:00+09:00,2030.0,2035.0,2030.0,2035.0,1397,0.0,0.0
2025-04-17 12:35:00+09:00,2035.0,2035.0,2030.0,2035.0,9646,0.0,0.0
2025-04-17 12:36:00+09:00,2035.0,2035.0,2030.0,2035.0,3158,0.0,0.0
2025-04-17 12:37:00+09:00,2035.0,2035.0,2030.0,2035.0,752,0.0,0.0
2025-04-17 12:38:00+09:00,2035.0,2035.0,2030.0,2030.0,3946,0.0,0.0
2025-04-17 12:39:00+09:00,2030.0,2035.0,2030.0,2030.0,23899,0.0,0.0
2025-04-17 12:40:00+09:00,2030.0,2035.0,2025.0,2030.0,2624,0.0,0.0
2025-04-17 12:41:00+09:00,2025.0,2035.0,2025.0,2035.0,14675,0.0,0.0
2025-04-17 12:42:00+09:00,2030.0,2030.0,2030.0,2030.0,6845,0.0,0.0
2025-04-17 12:43:00+09:00,2035.0,2035.0,2030.0,2030.0,2427,0.0,0.0
2025-04-17 12:44:00+09:00,2030.0,2030.0,2025.0,2025.0,38663,0.0,0.0
2025-04-17 12:45:00+09:00,2025.0,2025.0,2020.0,2025.0,0,0.0,0.0
2025-04-17 12:46:00+09:00,2025.0,2025.0,2020.0,2025.0,8608,0.0,0.0
2025-04-17 12:47:00+09:00,2020.0,2025.0,2020.0,2022.0,2023,0.0,0.0
2025-04-17 12:48:00+09:00,2020.0,2020.0,2015.0,2015.0,33967,0.0,0.0
2025-04-17 12:49:00+09:00,2015.0,2020.0,2015.0,2020.0,3908,0.0,0.0
2025-04-17 12:50:00+09:00,2015.0,2020.0,2015.0,2020.0,4087,0.0,0.0
2025-04-17 12:51:00+09:00,2015.0,2020.0,2015.0,2020.0,1011,0.0,0.0
2025-04-17 12:52:00+09:00,2020.0,2020.0,2015.0,2015.0,12454,0.0,0.0
2025-04-17 12:53:00+09:00,2020.0,2020.0,2015.0,2015.0,5567,0.0,0.0
2025-04-17 12:54:00+09:00,2015.0,2020.0,2015.0,2020.0,898,0.0,0.0
2025-04-17 12:55:00+09:00,2020.0,2020.0,2015.0,2020.0,9465,0.0,0.0
2025-04-17 12:56:00+09:00,2020.0,2020.0,2015.0,2020.0,202,0.0,0.0
2025-04-17 12:57:00+09:00,2015.0,2020.0,2015.0,2020.0,4188,0.0,0.0
2025-04-17 12:58:00+09:00,2015.0,2020.0,2015.0,2015.0,2212,0.0,0.0
2025-04-17 12:59:00+09:00,2020.0,2020.0,2015.0,2015.0,10533,0.0,0.0
2025-04-17 13:00:00+09:00,2015.0,2020.0,2015.0,2020.0,3789,0.0,0.0
2025-04-17 13:01:00+09:00,2020.0,2025.0,2020.0,2025.0,3737,0.0,0.0
2025-04-17 13:02:00+09:00,2025.0,2030.0,2025.0,2030.0,8017,0.0,0.0
2025-04-17 13:03:00+09:00,2030.0,2030.0,2025.0,2025.0,606,0.0,0.0
2025-04-17 13:04:00+09:00,2025.0,2027.0,2025.0,2025.0,623,0.0,0.0
2025-04-17 13:05:00+09:00,2025.0,2027.0,2025.0,2025.0,1549,0.0,0.0
2025-04-17 13:06:00+09:00,2027.0,2030.0,2027.0,2030.0,16522,0.0,0.0
2025-04-17 13:07:00+09:00,2025.0,2030.0,2025.0,2030.0,4444,0.0,0.0
2025-04-17 13:08:00+09:00,2030.0,2030.0,2025.0,2030.0,1593,0.0,0.0
2025-04-17 13:09:00+09:00,2030.0,2030.0,2025.0,2025.0,776,0.0,0.0
2025-04-17 13:10:00+09:00,2030.0,2035.0,2025.0,2035.0,6406,0.0,0.0
2025-04-17 13:11:00+09:00,2035.0,2040.0,2035.0,2040.0,9221,0.0,0.0
2025-04-17 13:12:00+09:00,2040.0,2055.0,2040.0,2055.0,63426,0.0,0.0
2025-04-17 13:13:00+09:00,2050.0,2055.0,2045.0,2045.0,20325,0.0,0.0
2025-04-17 13:14:00+09:00,2045.0,2050.0,2040.0,2045.0,18232,0.0,0.0
2025-04-17 13:15:00+09:00,2040.0,2045.0,2040.0,2045.0,11485,0.0,0.0
2025-04-17 13:16:00+09:00,2045.0,2045.0,2040.0,2040.0,5798,0.0,0.0
2025-04-17 13:17:00+09:00,2040.0,2045.0,2040.0,2045.0,7535,0.0,0.0
2025-04-17 13:18:00+09:00,2045.0,2050.0,2045.0,2045.0,10114,0.0,0.0
2025-04-17 13:19:00+09:00,2045.0,2050.0,2045.0,2045.0,6069,0.0,0.0
2025-04-17 13:20:00+09:00,2045.0,2050.0,2045.0,2045.0,4298,0.0,0.0
2025-04-17 13:21:00+09:00,2045.0,2050.0,2040.0,2050.0,13254,0.0,0.0
2025-04-17 13:22:00+09:00,2050.0,2050.0,2045.0,2050.0,27296,0.0,0.0
2025-04-17 13:23:00+09:00,2050.0,2055.0,2040.0,2045.0,16102,0.0,0.0
2025-04-17 13:24:00+09:00,2045.0,2045.0,2035.0,2040.0,24937,0.0,0.0
2025-04-17 13:25:00+09:00,2040.0,2045.0,2035.0,2035.0,64713,0.0,0.0
2025-04-17 13:26:00+09:00,2045.0,2045.0,2045.0,2045.0,0,0.0,0.0
2025-04-17 13:27:00+09:00,2045.0,2060.0,2045.0,2060.0,52521,0.0,0.0
2025-04-17 13:28:00+09:00,2055.0,2060.0,2050.0,2055.0,17436,0.0,0.0
2025-04-17 13:29:00+09:00,2050.0,2050.0,2045.0,2045.0,10411,0.0,0.0
2025-04-17 13:30:00+09:00,2050.0,2050.0,2045.0,2045.0,5154,0.0,0.0
2025-04-17 13:31:00+09:00,2050.0,2050.0,2040.0,2045.0,7781,0.0,0.0
2025-04-17 13:32:00+09:00,2045.0,2050.0,2045.0,2045.0,4840,0.0,0.0
2025-04-17 13:33:00+09:00,2045.0,2045.0,2045.0,2045.0,7145,0.0,0.0
2025-04-17 13:34:00+09:00,2045.0,2045.0,2045.0,2045.0,4854,0.0,0.0
2025-04-17 13:35:00+09:00,2045.0,2045.0,2040.0,2045.0,6360,0.0,0.0
2025-04-17 13:36:00+09:00,2045.0,2045.0,2045.0,2045.0,947,0.0,0.0
2025-04-17 13:37:00+09:00,2050.0,2065.0,2050.0,2050.0,33927,0.0,0.0
2025-04-17 13:38:00+09:00,2065.0,2065.0,2050.0,2055.0,3529,0.0,0.0
2025-04-17 13:39:00+09:00,2055.0,2055.0,2045.0,2050.0,11007,0.0,0.0
2025-04-17 13:40:00+09:00,2050.0,2050.0,2045.0,2045.0,2351,0.0,0.0
2025-04-17 13:41:00+09:00,2045.0,2050.0,2045.0,2045.0,751,0.0,0.0
2025-04-17 13:42:00+09:00,2045.0,2060.0,2045.0,2060.0,13466,0.0,0.0
2025-04-17 13:43:00+09:00,2055.0,2060.0,2050.0,2060.0,4286,0.0,0.0
2025-04-17 13:44:00+09:00,2060.0,2060.0,2050.0,2060.0,18013,0.0,0.0
2025-04-17 13:45:00+09:00,2060.0,2060.0,2055.0,2055.0,21094,0.0,0.0
2025-04-17 13:46:00+09:00,2060.0,2065.0,2055.0,2060.0,12858,0.0,0.0
2025-04-17 13:47:00+09:00,2065.0,2065.0,2060.0,2065.0,363,0.0,0.0
2025-04-17 13:48:00+09:00,2065.0,2065.0,2060.0,2065.0,6838,0.0,0.0
2025-04-17 13:49:00+09:00,2065.0,2065.0,2057.0,2065.0,14311,0.0,0.0
2025-04-17 13:50:00+09:00,2060.0,2065.0,2060.0,2060.0,3286,0.0,0.0
2025-04-17 13:51:00+09:00,2060.0,2065.0,2060.0,2060.0,4043,0.0,0.0
2025-04-17 13:52:00+09:00,2065.0,2065.0,2055.0,2060.0,7544,0.0,0.0
2025-04-17 13:53:00+09:00,2055.0,2060.0,2055.0,2060.0,4501,0.0,0.0
2025-04-17 13:54:00+09:00,2060.0,2065.0,2060.0,2065.0,1399,0.0,0.0
2025-04-17 13:55:00+09:00,2062.0,2070.0,2060.0,2065.0,27177,0.0,0.0
2025-04-17 13:56:00+09:00,2065.0,2065.0,2060.0,2060.0,441,0.0,0.0
2025-04-17 13:57:00+09:00,2060.0,2065.0,2060.0,2065.0,5060,0.0,0.0
2025-04-17 13:58:00+09:00,2065.0,2065.0,2060.0,2060.0,2460,0.0,0.0
2025-04-17 13:59:00+09:00,2065.0,2065.0,2060.0,2065.0,3839,0.0,0.0
2025-04-17 14:00:00+09:00,2065.0,2070.0,2060.0,2070.0,17814,0.0,0.0
2025-04-17 14:01:00+09:00,2070.0,2070.0,2060.0,2065.0,26754,0.0,0.0
2025-04-17 14:02:00+09:00,2065.0,2070.0,2060.0,2065.0,10240,0.0,0.0
2025-04-17 14:03:00+09:00,2065.0,2065.0,2060.0,2065.0,5274,0.0,0.0
2025-04-17 14:04:00+09:00,2060.0,2060.0,2055.0,2055.0,11436,0.0,0.0
2025-04-17 14:05:00+09:00,2055.0,2055.0,2050.0,2050.0,20425,0.0,0.0
2025-04-17 14:06:00+09:00,2050.0,2055.0,2050.0,2050.0,10021,0.0,0.0
2025-04-17 14:07:00+09:00,2050.0,2055.0,2050.0,2050.0,9567,0.0,0.0
2025-04-17 14:08:00+09:00,2050.0,2055.0,2050.0,2050.0,2611,0.0,0.0
2025-04-17 14:09:00+09:00,2050.0,2055.0,2045.0,2045.0,19209,0.0,0.0
2025-04-17 14:10:00+09:00,2045.0,2050.0,2045.0,2050.0,5200,0.0,0.0
2025-04-17 14:11:00+09:00,2045.0,2050.0,2045.0,2045.0,4620,0.0,0.0
2025-04-17 14:12:00+09:00,2045.0,2050.0,2045.0,2050.0,2290,0.0,0.0
2025-04-17 14:13:00+09:00,2045.0,2050.0,2040.0,2040.0,15576,0.0,0.0
2025-04-17 14:14:00+09:00,2040.0,2045.0,2040.0,2040.0,4287,0.0,0.0
2025-04-17 14:15:00+09:00,2040.0,2045.0,2040.0,2045.0,20553,0.0,0.0
2025-04-17 14:16:00+09:00,2045.0,2045.0,2040.0,2045.0,0,0.0,0.0
2025-04-17 14:17:00+09:00,2045.0,2050.0,2040.0,2045.0,5398,0.0,0.0
2025-04-17 14:18:00+09:00,2045.0,2055.0,2045.0,2055.0,3648,0.0,0.0
2025-04-17 14:19:00+09:00,2055.0,2055.0,2045.0,2055.0,3701,0.0,0.0
2025-04-17 14:20:00+09:00,2050.0,2050.0,2045.0,2045.0,910,0.0,0.0
2025-04-17 14:21:00+09:00,2050.0,2050.0,2045.0,2050.0,1355,0.0,0.0
2025-04-17 14:22:00+09:00,2050.0,2050.0,2045.0,2045.0,4192,0.0,0.0
2025-04-17 14:23:00+09:00,2050.0,2050.0,2050.0,2050.0,3369,0.0,0.0
2025-04-17 14:24:00+09:00,2050.0,2050.0,2045.0,2045.0,3357,0.0,0.0
2025-04-17 14:25:00+09:00,2050.0,2050.0,2045.0,2045.0,5476,0.0,0.0
2025-04-17 14:26:00+09:00,2050.0,2050.0,2050.0,2050.0,2119,0.0,0.0
2025-04-17 14:27:00+09:00,2050.0,2055.0,2050.0,2050.0,3036,0.0,0.0
2025-04-17 14:28:00+09:00,2055.0,2055.0,2050.0,2050.0,13358,0.0,0.0
2025-04-17 14:29:00+09:00,2050.0,2055.0,2050.0,2050.0,1428,0.0,0.0
2025-04-17 14:30:00+09:00,2055.0,2055.0,2050.0,2050.0,1718,0.0,0.0
2025-04-17 14:31:00+09:00,2055.0,2060.0,2050.0,2055.0,20742,0.0,0.0
2025-04-17 14:32:00+09:00,2055.0,2060.0,2045.0,2055.0,35181,0.0,0.0
2025-04-17 14:33:00+09:00,2055.0,2055.0,2055.0,2055.0,5951,0.0,0.0
2025-04-17 14:34:00+09:00,2060.0,2060.0,2060.0,2060.0,1909,0.0,0.0
2025-04-17 14:35:00+09:00,2057.0,2060.0,2055.0,2060.0,4228,0.0,0.0
2025-04-17 14:36:00+09:00,2055.0,2060.0,2055.0,2055.0,2730,0.0,0.0
2025-04-17 14:37:00+09:00,2055.0,2060.0,2055.0,2055.0,18206,0.0,0.0
2025-04-17 14:38:00+09:00,2055.0,2060.0,2050.0,2050.0,2157,0.0,0.0
2025-04-17 14:39:00+09:00,2055.0,2060.0,2055.0,2055.0,1897,0.0,0.0
2025-04-17 14:40:00+09:00,2055.0,2055.0,2050.0,2055.0,293,0.0,0.0
2025-04-17 14:41:00+09:00,2055.0,2055.0,2050.0,2050.0,14832,0.0,0.0
2025-04-17 14:42:00+09:00,2045.0,2050.0,2035.0,2040.0,23300,0.0,0.0
2025-04-17 14:43:00+09:00,2040.0,2050.0,2040.0,2040.0,9477,0.0,0.0
2025-04-17 14:44:00+09:00,2040.0,2040.0,2025.0,2025.0,31700,0.0,0.0
2025-04-17 14:45:00+09:00,2025.0,2030.0,2020.0,2030.0,23941,0.0,0.0
2025-04-17 14:46:00+09:00,2035.0,2035.0,2030.0,2035.0,7323,0.0,0.0
2025-04-17 14:47:00+09:00,2035.0,2040.0,2035.0,2035.0,1284,0.0,0.0
2025-04-17 14:48:00+09:00,2040.0,2040.0,2035.0,2035.0,1585,0.0,0.0
2025-04-17 14:49:00+09:00,2035.0,2040.0,2035.0,2035.0,2134,0.0,0.0
2025-04-17 14:50:00+09:00,2035.0,2040.0,2035.0,2040.0,7725,0.0,0.0
2025-04-17 14:51:00+09:00,2040.0,2045.0,2035.0,2035.0,7429,0.0,0.0
2025-04-17 14:52:00+09:00,2035.0,2040.0,2035.0,2040.0,5602,0.0,0.0
2025-04-17 14:53:00+09:00,2040.0,2045.0,2040.0,2040.0,1059,0.0,0.0
2025-04-17 14:54:00+09:00,2040.0,2045.0,2040.0,2045.0,2610,0.0,0.0
2025-04-17 14:55:00+09:00,2040.0,2045.0,2035.0,2045.0,16030,0.0,0.0
2025-04-17 14:56:00+09:00,2045.0,2060.0,2040.0,2060.0,40550,0.0,0.0
2025-04-17 14:57:00+09:00,2060.0,2065.0,2045.0,2060.0,45041,0.0,0.0
2025-04-17 14:58:00+09:00,2060.0,2060.0,2050.0,2055.0,1192,0.0,0.0
2025-04-17 14:59:00+09:00,2060.0,2060.0,2050.0,2060.0,1517,0.0,0.0
2025-04-18 09:00:00+09:00,2010.0,2015.0,2005.0,2005.0,101853,0.0,0.0
2025-04-18 09:01:00+09:00,2005.0,2020.0,2005.0,2010.0,54285,0.0,0.0
2025-04-18 09:02:00+09:00,2005.0,2010.0,2000.0,2010.0,30133,0.0,0.0
2025-04-18 09:03:00+09:00,2010.0,2015.0,2000.0,2000.0,32148,0.0,0.0
2025-04-18 09:04:00+09:00,2000.0,2000.0,1985.0,1987.0,146144,0.0,0.0
2025-04-18 09:05:00+09:00,1987.0,1990.0,1983.0,1984.0,37559,0.0,0.0
2025-04-18 09:06:00+09:00,1984.0,1985.0,1954.0,1964.0,129015,0.0,0.0
2025-04-18 09:07:00+09:00,1964.0,1974.0,1960.0,1969.0,33491,0.0,0.0
2025-04-18 09:08:00+09:00,1969.0,1969.0,1954.0,1956.0,62064,0.0,0.0
2025-04-18 09:09:00+09:00,1955.0,1958.0,1953.0,1954.0,62865,0.0,0.0
2025-04-18 09:10:00+09:00,1954.0,1969.0,1953.0,1969.0,35724,0.0,0.0
2025-04-18 09:11:00+09:00,1969.0,1978.0,1968.0,1978.0,14938,0.0,0.0
2025-04-18 09:12:00+09:00,1978.0,1978.0,1974.0,1977.0,12605,0.0,0.0
2025-04-18 09:13:00+09:00,1978.0,1987.0,1978.0,1986.0,31807,0.0,0.0
2025-04-18 09:14:00+09:00,1986.0,1986.0,1980.0,1983.0,19269,0.0,0.0
2025-04-18 09:15:00+09:00,1982.0,1982.0,1976.0,1977.0,33725,0.0,0.0
2025-04-18 09:16:00+09:00,1977.0,1977.0,1973.0,1973.0,15688,0.0,0.0
2025-04-18 09:17:00+09:00,1973.0,1975.0,1966.0,1969.0,25788,0.0,0.0
2025-04-18 09:18:00+09:00,1969.0,1975.0,1967.0,1969.0,11111,0.0,0.0
2025-04-18 09:19:00+09:00,1970.0,1974.0,1965.0,1966.0,34546,0.0,0.0
2025-04-18 09:20:00+09:00,1972.0,1984.0,1968.0,1980.0,14631,0.0,0.0
2025-04-18 09:21:00+09:00,1980.0,1989.0,1980.0,1989.0,22269,0.0,0.0
2025-04-18 09:22:00+09:00,1989.0,1998.0,1989.0,1998.0,27068,0.0,0.0
2025-04-18 09:23:00+09:00,1997.0,1998.0,1987.0,1993.0,36012,0.0,0.0
2025-04-18 09:24:00+09:00,1993.0,1993.0,1988.0,1991.0,15067,0.0,0.0
2025-04-18 09:25:00+09:00,1990.0,1991.0,1987.0,1988.0,26857,0.0,0.0
2025-04-18 09:26:00+09:00,1989.0,1993.0,1989.0,1993.0,8975,0.0,0.0
2025-04-18 09:27:00+09:00,1992.0,1992.0,1988.0,1988.0,15922,0.0,0.0
2025-04-18 09:28:00+09:00,1988.0,1993.0,1987.0,1992.0,16220,0.0,0.0
2025-04-18 09:29:00+09:00,1992.0,1992.0,1990.0,1990.0,4799,0.0,0.0
2025-04-18 09:30:00+09:00,1990.0,1990.0,1985.0,1985.0,23346,0.0,0.0
2025-04-18 09:31:00+09:00,1985.0,1986.0,1982.0,1985.0,16288,0.0,0.0
2025-04-18 09:32:00+09:00,1985.0,1990.0,1985.0,1988.0,5736,0.0,0.0
2025-04-18 09:33:00+09:00,1988.0,1989.0,1987.0,1988.0,4063,0.0,0.0
2025-04-18 09:34:00+09:00,1988.0,1988.0,1985.0,1988.0,8695,0.0,0.0
2025-04-18 09:35:00+09:00,1985.0,1990.0,1985.0,1990.0,4574,0.0,0.0
2025-04-18 09:36:00+09:00,1986.0,1988.0,1986.0,1987.0,3833,0.0,0.0
2025-04-18 09:37:00+09:00,1987.0,1987.0,1986.0,1986.0,2919,0.0,0.0
2025-04-18 09:38:00+09:00,1987.0,1996.0,1983.0,1996.0,26934,0.0,0.0
2025-04-18 09:39:00+09:00,1996.0,2000.0,1996.0,1999.0,14677,0.0,0.0
2025-04-18 09:40:00+09:00,1999.0,1999.0,1994.0,1994.0,5105,0.0,0.0
2025-04-18 09:41:00+09:00,1994.0,1995.0,1994.0,1995.0,1864,0.0,0.0
2025-04-18 09:42:00+09:00,1995.0,1995.0,1991.0,1991.0,2080,0.0,0.0
2025-04-18 09:43:00+09:00,1991.0,1995.0,1990.0,1994.0,5383,0.0,0.0
2025-04-18 09:44:00+09:00,1994.0,1995.0,1991.0,1991.0,8494,0.0,0.0
2025-04-18 09:45:00+09:00,1992.0,1992.0,1988.0,1989.0,14601,0.0,0.0
2025-04-18 09:46:00+09:00,1990.0,1990.0,1986.0,1987.0,8537,0.0,0.0
2025-04-18 09:47:00+09:00,1987.0,1988.0,1982.0,1982.0,15916,0.0,0.0
2025-04-18 09:48:00+09:00,1982.0,1984.0,1982.0,1983.0,8778,0.0,0.0
2025-04-18 09:49:00+09:00,1983.0,1986.0,1981.0,1986.0,14465,0.0,0.0
2025-04-18 09:50:00+09:00,1987.0,1990.0,1986.0,1989.0,7491,0.0,0.0
2025-04-18 09:51:00+09:00,1991.0,1991.0,1989.0,1989.0,2152,0.0,0.0
2025-04-18 09:52:00+09:00,1989.0,1989.0,1985.0,1987.0,10494,0.0,0.0
2025-04-18 09:53:00+09:00,1987.0,1988.0,1985.0,1985.0,3237,0.0,0.0
2025-04-18 09:54:00+09:00,1988.0,1988.0,1986.0,1987.0,716,0.0,0.0
2025-04-18 09:55:00+09:00,1987.0,1988.0,1987.0,1987.0,5278,0.0,0.0
2025-04-18 09:56:00+09:00,1987.0,1987.0,1985.0,1985.0,9879,0.0,0.0
2025-04-18 09:57:00+09:00,1985.0,1987.0,1985.0,1987.0,1084,0.0,0.0
2025-04-18 09:58:00+09:00,1985.0,1986.0,1985.0,1986.0,3215,0.0,0.0
2025-04-18 09:59:00+09:00,1986.0,1987.0,1985.0,1986.0,2359,0.0,0.0
2025-04-18 10:00:00+09:00,1986.0,1988.0,1984.0,1985.0,10317,0.0,0.0
2025-04-18 10:01:00+09:00,1986.0,1986.0,1984.0,1984.0,7089,0.0,0.0
2025-04-18 10:02:00+09:00,1985.0,1988.0,1985.0,1988.0,4003,0.0,0.0
2025-04-18 10:03:00+09:00,1988.0,1992.0,1987.0,1991.0,10040,0.0,0.0
2025-04-18 10:04:00+09:00,1991.0,1992.0,1990.0,1990.0,8589,0.0,0.0
2025-04-18 10:05:00+09:00,1990.0,1991.0,1990.0,1991.0,501,0.0,0.0
2025-04-18 10:06:00+09:00,1991.0,1991.0,1988.0,1989.0,470,0.0,0.0
2025-04-18 10:07:00+09:00,1988.0,1989.0,1986.0,1986.0,4531,0.0,0.0
2025-04-18 10:08:00+09:00,1986.0,1986.0,1985.0,1985.0,2158,0.0,0.0
2025-04-18 10:09:00+09:00,1985.0,1989.0,1985.0,1989.0,6761,0.0,0.0
2025-04-18 10:10:00+09:00,1986.0,1986.0,1985.0,1985.0,2841,0.0,0.0
2025-04-18 10:11:00+09:00,1986.0,1989.0,1985.0,1985.0,11453,0.0,0.0
2025-04-18 10:12:00+09:00,1985.0,1988.0,1985.0,1988.0,0,0.0,0.0
2025-04-18 10:13:00+09:00,1988.0,1988.0,1985.0,1985.0,1759,0.0,0.0
2025-04-18 10:14:00+09:00,1985.0,1985.0,1984.0,1984.0,13770,0.0,0.0
2025-04-18 10:15:00+09:00,1985.0,1990.0,1984.0,1990.0,18308,0.0,0.0
2025-04-18 10:16:00+09:00,1989.0,1989.0,1984.0,1984.0,2640,0.0,0.0
2025-04-18 10:17:00+09:00,1985.0,1988.0,1983.0,1988.0,0,0.0,0.0
2025-04-18 10:18:00+09:00,1988.0,1988.0,1983.0,1983.0,5718,0.0,0.0
2025-04-18 10:19:00+09:00,1983.0,1986.0,1983.0,1984.0,3196,0.0,0.0
2025-04-18 10:20:00+09:00,1983.0,1984.0,1983.0,1984.0,2345,0.0,0.0
2025-04-18 10:21:00+09:00,1983.0,1984.0,1983.0,1983.0,983,0.0,0.0
2025-04-18 10:22:00+09:00,1983.0,1986.0,1983.0,1985.0,6469,0.0,0.0
2025-04-18 10:23:00+09:00,1986.0,1987.0,1986.0,1987.0,608,0.0,0.0
2025-04-18 10:24:00+09:00,1988.0,1989.0,1988.0,1988.0,5461,0.0,0.0
2025-04-18 10:25:00+09:00,1988.0,1988.0,1987.0,1988.0,4666,0.0,0.0
2025-04-18 10:26:00+09:00,1987.0,1987.0,1986.0,1986.0,3804,0.0,0.0
2025-04-18 10:27:00+09:00,1985.0,1986.0,1982.0,1984.0,12920,0.0,0.0
2025-04-18 10:28:00+09:00,1984.0,1985.0,1984.0,1985.0,3060,0.0,0.0
2025-04-18 10:29:00+09:00,1985.0,1985.0,1981.0,1981.0,14731,0.0,0.0
2025-04-18 10:30:00+09:00,1982.0,1984.0,1980.0,1984.0,2099,0.0,0.0
2025-04-18 10:31:00+09:00,1984.0,1985.0,1983.0,1983.0,3207,0.0,0.0
2025-04-18 10:32:00+09:00,1984.0,1985.0,1981.0,1981.0,1520,0.0,0.0
2025-04-18 10:33:00+09:00,1983.0,1983.0,1982.0,1982.0,920,0.0,0.0
2025-04-18 10:34:00+09:00,1982.0,1983.0,1981.0,1981.0,1903,0.0,0.0
2025-04-18 10:35:00+09:00,1982.0,1983.0,1982.0,1983.0,2320,0.0,0.0
2025-04-18 10:36:00+09:00,1983.0,1984.0,1981.0,1981.0,3412,0.0,0.0
2025-04-18 10:37:00+09:00,1982.0,1982.0,1982.0,1982.0,755,0.0,0.0
2025-04-18 10:38:00+09:00,1982.0,1983.0,1981.0,1981.0,2912,0.0,0.0
2025-04-18 10:39:00+09:00,1982.0,1982.0,1980.0,1981.0,4981,0.0,0.0
2025-04-18 10:40:00+09:00,1982.0,1982.0,1979.0,1979.0,21433,0.0,0.0
2025-04-18 10:41:00+09:00,1979.0,1980.0,1978.0,1980.0,21963,0.0,0.0
2025-04-18 10:42:00+09:00,1980.0,1990.0,1980.0,1990.0,32478,0.0,0.0
2025-04-18 10:43:00+09:00,1990.0,1990.0,1986.0,1990.0,620,0.0,0.0
2025-04-18 10:44:00+09:00,1989.0,1990.0,1982.0,1982.0,8582,0.0,0.0
2025-04-18 10:45:00+09:00,1982.0,1983.0,1977.0,1978.0,14421,0.0,0.0
2025-04-18 10:46:00+09:00,1979.0,1982.0,1979.0,1982.0,84,0.0,0.0
2025-04-18 10:47:00+09:00,1982.0,1984.0,1982.0,1984.0,1753,0.0,0.0
2025-04-18 10:48:00+09:00,1984.0,1985.0,1984.0,1985.0,1856,0.0,0.0
2025-04-18 10:49:00+09:00,1986.0,1988.0,1986.0,1987.0,2859,0.0,0.0
2025-04-18 10:50:00+09:00,1988.0,1995.0,1987.0,1994.0,19608,0.0,0.0
2025-04-18 10:51:00+09:00,1994.0,1994.0,1985.0,1985.0,7570,0.0,0.0
2025-04-18 10:52:00+09:00,1990.0,1990.0,1985.0,1989.0,3380,0.0,0.0
2025-04-18 10:53:00+09:00,1988.0,1990.0,1985.0,1989.0,1629,0.0,0.0
2025-04-18 10:54:00+09:00,1989.0,1989.0,1987.0,1987.0,721,0.0,0.0
2025-04-18 10:55:00+09:00,1987.0,1988.0,1985.0,1985.0,5339,0.0,0.0
2025-04-18 10:56:00+09:00,1985.0,1985.0,1982.0,1985.0,5233,0.0,0.0
2025-04-18 10:57:00+09:00,1985.0,1985.0,1984.0,1984.0,668,0.0,0.0
2025-04-18 10:58:00+09:00,1984.0,1984.0,1983.0,1983.0,2077,0.0,0.0
2025-04-18 10:59:00+09:00,1982.0,1985.0,1982.0,1985.0,2744,0.0,0.0
2025-04-18 11:00:00+09:00,1986.0,1988.0,1985.0,1987.0,3884,0.0,0.0
2025-04-18 11:01:00+09:00,1987.0,1989.0,1986.0,1987.0,5352,0.0,0.0
2025-04-18 11:02:00+09:00,1987.0,1992.0,1987.0,1992.0,7925,0.0,0.0
2025-04-18 11:03:00+09:00,1992.0,1993.0,1992.0,1992.0,2415,0.0,0.0
2025-04-18 11:04:00+09:00,1991.0,1994.0,1991.0,1994.0,1765,0.0,0.0
2025-04-18 11:05:00+09:00,1994.0,1994.0,1992.0,1994.0,4808,0.0,0.0
2025-04-18 11:06:00+09:00,1993.0,1993.0,1991.0,1991.0,3914,0.0,0.0
2025-04-18 11:07:00+09:00,1991.0,1992.0,1991.0,1992.0,1104,0.0,0.0
2025-04-18 11:08:00+09:00,1992.0,1994.0,1991.0,1994.0,6044,0.0,0.0
2025-04-18 11:09:00+09:00,1993.0,1994.0,1992.0,1993.0,679,0.0,0.0
2025-04-18 11:10:00+09:00,1993.0,1993.0,1993.0,1993.0,651,0.0,0.0
2025-04-18 11:11:00+09:00,1993.0,1993.0,1993.0,1993.0,2613,0.0,0.0
2025-04-18 11:12:00+09:00,1993.0,1993.0,1992.0,1993.0,1007,0.0,0.0
2025-04-18 11:13:00+09:00,1992.0,1992.0,1990.0,1990.0,11234,0.0,0.0
2025-04-18 11:14:00+09:00,1991.0,1992.0,1991.0,1992.0,1843,0.0,0.0
2025-04-18 11:15:00+09:00,1992.0,1994.0,1992.0,1994.0,13718,0.0,0.0
2025-04-18 11:16:00+09:00,1994.0,1998.0,1994.0,1998.0,15186,0.0,0.0
2025-04-18 11:17:00+09:00,1998.0,1998.0,1995.0,1997.0,21291,0.0,0.0
2025-04-18 11:18:00+09:00,1998.0,2050.0,1997.0,2030.0,367137,0.0,0.0
2025-04-18 11:19:00+09:00,2025.0,2065.0,2020.0,2050.0,342157,0.0,0.0
2025-04-18 11:20:00+09:00,2055.0,2055.0,2035.0,2035.0,114788,0.0,0.0
2025-04-18 11:21:00+09:00,2035.0,2050.0,2035.0,2040.0,126651,0.0,0.0
2025-04-18 11:22:00+09:00,2040.0,2045.0,2035.0,2035.0,60976,0.0,0.0
2025-04-18 11:23:00+09:00,2035.0,2040.0,2020.0,2040.0,66909,0.0,0.0
2025-04-18 11:24:00+09:00,2045.0,2045.0,2030.0,2035.0,16279,0.0,0.0
2025-04-18 11:25:00+09:00,2040.0,2055.0,2035.0,2040.0,66672,0.0,0.0
2025-04-18 11:26:00+09:00,2040.0,2040.0,2020.0,2020.0,47416,0.0,0.0
2025-04-18 11:27:00+09:00,2020.0,2025.0,2010.0,2020.0,28538,0.0,0.0
2025-04-18 11:28:00+09:00,2025.0,2025.0,2010.0,2010.0,18291,0.0,0.0
2025-04-18 11:29:00+09:00,2015.0,2015.0,2000.0,2005.0,64329,0.0,0.0
2025-04-18 11:30:00+09:00,2005.0,2010.0,2005.0,2010.0,8778,0.0,0.0
2025-04-18 11:31:00+09:00,2005.0,2020.0,2005.0,2020.0,8246,0.0,0.0
2025-04-18 11:32:00+09:00,2020.0,2020.0,2010.0,2020.0,6432,0.0,0.0
2025-04-18 11:33:00+09:00,2010.0,2020.0,2010.0,2015.0,17911,0.0,0.0
2025-04-18 11:34:00+09:00,2025.0,2030.0,2020.0,2025.0,4371,0.0,0.0
2025-04-18 11:35:00+09:00,2020.0,2025.0,2020.0,2025.0,3263,0.0,0.0
2025-04-18 11:36:00+09:00,2020.0,2025.0,2015.0,2015.0,12123,0.0,0.0
2025-04-18 11:37:00+09:00,2015.0,2020.0,2010.0,2010.0,5796,0.0,0.0
2025-04-18 11:38:00+09:00,2010.0,2015.0,2005.0,2010.0,18984,0.0,0.0
2025-04-18 11:39:00+09:00,2010.0,2020.0,2005.0,2015.0,4708,0.0,0.0
2025-04-18 11:40:00+09:00,2015.0,2015.0,1992.0,1994.0,104346,0.0,0.0
2025-04-18 11:41:00+09:00,1994.0,2005.0,1992.0,2005.0,12120,0.0,0.0
2025-04-18 11:42:00+09:00,2005.0,2005.0,1999.0,2000.0,202,0.0,0.0
2025-04-18 11:43:00+09:00,2000.0,2000.0,1999.0,2000.0,4132,0.0,0.0
2025-04-18 11:44:00+09:00,2000.0,2005.0,2000.0,2000.0,1167,0.0,0.0
2025-04-18 11:45:00+09:00,2005.0,2015.0,2000.0,2015.0,5026,0.0,0.0
2025-04-18 11:46:00+09:00,2015.0,2035.0,2015.0,2025.0,15366,0.0,0.0
2025-04-18 11:47:00+09:00,2025.0,2025.0,2020.0,2020.0,3688,0.0,0.0
2025-04-18 11:48:00+09:00,2020.0,2020.0,2015.0,2015.0,5079,0.0,0.0
2025-04-18 11:49:00+09:00,2020.0,2035.0,2020.0,2035.0,17088,0.0,0.0
2025-04-18 11:50:00+09:00,2035.0,2035.0,2025.0,2030.0,9383,0.0,0.0
2025-04-18 11:51:00+09:00,2030.0,2030.0,2020.0,2025.0,8375,0.0,0.0
2025-04-18 11:52:00+09:00,2025.0,2025.0,2020.0,2025.0,2466,0.0,0.0
2025-04-18 11:53:00+09:00,2025.0,2030.0,2020.0,2025.0,5702,0.0,0.0
2025-04-18 11:54:00+09:00,2025.0,2030.0,2025.0,2030.0,877,0.0,0.0
2025-04-18 11:55:00+09:00,2025.0,2030.0,2020.0,2020.0,1101,0.0,0.0
2025-04-18 11:56:00+09:00,2020.0,2025.0,2020.0,2025.0,6538,0.0,0.0
2025-04-18 11:57:00+09:00,2020.0,2025.0,2015.0,2025.0,7254,0.0,0.0
2025-04-18 11:58:00+09:00,2025.0,2030.0,2015.0,2030.0,10067,0.0,0.0
2025-04-18 11:59:00+09:00,2025.0,2030.0,2025.0,2025.0,969,0.0,0.0
2025-04-18 12:00:00+09:00,2020.0,2020.0,2015.0,2015.0,5532,0.0,0.0
2025-04-18 12:01:00+09:00,2015.0,2015.0,2015.0,2015.0,7813,0.0,0.0
2025-04-18 12:02:00+09:00,2015.0,2020.0,2015.0,2020.0,0,0.0,0.0
2025-04-18 12:03:00+09:00,2020.0,2020.0,2015.0,2020.0,602,0.0,0.0
2025-04-18 12:04:00+09:00,2015.0,2020.0,2015.0,2020.0,3059,0.0,0.0
2025-04-18 12:05:00+09:00,2020.0,2050.0,2020.0,2040.0,53423,0.0,0.0
2025-04-18 12:06:00+09:00,2040.0,2045.0,2030.0,2040.0,32156,0.0,0.0
2025-04-18 12:07:00+09:00,2040.0,2065.0,2040.0,2060.0,105028,0.0,0.0
2025-04-18 12:08:00+09:00,2060.0,2075.0,2050.0,2060.0,189702,0.0,0.0
2025-04-18 12:09:00+09:00,2065.0,2090.0,2060.0,2085.0,306188,0.0,0.0
2025-04-18 12:10:00+09:00,2085.0,2085.0,2065.0,2080.0,178967,0.0,0.0
2025-04-18 12:11:00+09:00,2075.0,2080.0,2035.0,2050.0,126741,0.0,0.0
2025-04-18 12:12:00+09:00,2050.0,2060.0,2050.0,2055.0,36187,0.0,0.0
2025-04-18 12:13:00+09:00,2060.0,2060.0,2050.0,2055.0,39314,0.0,0.0
2025-04-18 12:14:00+09:00,2055.0,2060.0,2050.0,2055.0,13040,0.0,0.0
2025-04-18 12:15:00+09:00,2060.0,2065.0,2055.0,2065.0,26162,0.0,0.0
2025-04-18 12:16:00+09:00,2065.0,2070.0,2050.0,2060.0,26392,0.0,0.0
2025-04-18 12:17:00+09:00,2055.0,2055.0,2045.0,2050.0,29596,0.0,0.0
2025-04-18 12:18:00+09:00,2045.0,2045.0,2027.0,2035.0,49940,0.0,0.0
2025-04-18 12:19:00+09:00,2030.0,2060.0,2030.0,2055.0,38049,0.0,0.0
2025-04-18 12:20:00+09:00,2055.0,2090.0,2050.0,2090.0,174620,0.0,0.0
2025-04-18 12:21:00+09:00,2085.0,2130.0,2080.0,2110.0,960023,0.0,0.0
2025-04-18 12:22:00+09:00,2110.0,2110.0,2085.0,2085.0,224215,0.0,0.0
2025-04-18 12:23:00+09:00,2085.0,2160.0,2085.0,2120.0,1129898,0.0,0.0
2025-04-18 12:24:00+09:00,2115.0,2195.0,2115.0,2185.0,1126098,0.0,0.0
2025-04-18 12:25:00+09:00,2185.0,2210.0,2170.0,2210.0,790279,0.0,0.0
2025-04-18 12:27:00+09:00,2245.0,2245.0,2200.0,2215.0,495160,0.0,0.0
2025-04-18 12:28:00+09:00,2215.0,2245.0,2200.0,2210.0,934315,0.0,0.0
2025-04-18 12:29:00+09:00,2215.0,2240.0,2205.0,2220.0,519974,0.0,0.0
2025-04-18 12:30:00+09:00,2220.0,2240.0,2190.0,2210.0,538791,0.0,0.0
2025-04-18 12:31:00+09:00,2210.0,2215.0,2165.0,2180.0,475937,0.0,0.0
2025-04-18 12:32:00+09:00,2175.0,2200.0,2175.0,2200.0,233374,0.0,0.0
2025-04-18 12:33:00+09:00,2200.0,2295.0,2190.0,2275.0,1190108,0.0,0.0
2025-04-18 12:34:00+09:00,2275.0,2320.0,2270.0,2300.0,1191879,0.0,0.0
2025-04-18 12:35:00+09:00,2300.0,2300.0,2250.0,2265.0,696692,0.0,0.0
2025-04-18 12:36:00+09:00,2270.0,2325.0,2265.0,2325.0,680888,0.0,0.0
2025-04-18 12:37:00+09:00,2320.0,2330.0,2275.0,2285.0,459571,0.0,0.0
2025-04-18 12:38:00+09:00,2285.0,2290.0,2225.0,2250.0,603990,0.0,0.0
2025-04-18 12:39:00+09:00,2250.0,2250.0,2220.0,2235.0,388981,0.0,0.0
2025-04-18 12:40:00+09:00,2230.0,2275.0,2225.0,2250.0,420462,0.0,0.0
2025-04-18 12:41:00+09:00,2240.0,2250.0,2185.0,2200.0,587106,0.0,0.0
2025-04-18 12:42:00+09:00,2195.0,2230.0,2190.0,2205.0,251285,0.0,0.0
2025-04-18 12:43:00+09:00,2205.0,2250.0,2205.0,2245.0,261388,0.0,0.0
2025-04-18 12:44:00+09:00,2240.0,2275.0,2235.0,2255.0,402536,0.0,0.0
2025-04-18 12:45:00+09:00,2255.0,2260.0,2220.0,2240.0,246064,0.0,0.0
2025-04-18 12:46:00+09:00,2240.0,2240.0,2205.0,2230.0,214958,0.0,0.0
2025-04-18 12:47:00+09:00,2225.0,2305.0,2225.0,2305.0,916421,0.0,0.0
2025-04-18 12:48:00+09:00,2300.0,2330.0,2290.0,2295.0,1002278,0.0,0.0
2025-04-18 12:49:00+09:00,2295.0,2300.0,2265.0,2265.0,417553,0.0,0.0
2025-04-18 12:50:00+09:00,2265.0,2270.0,2235.0,2260.0,296670,0.0,0.0
2025-04-18 12:51:00+09:00,2260.0,2260.0,2225.0,2240.0,239181,0.0,0.0
2025-04-18 12:52:00+09:00,2235.0,2240.0,2225.0,2235.0,127349,0.0,0.0
2025-04-18 12:53:00+09:00,2235.0,2255.0,2225.0,2230.0,175118,0.0,0.0
2025-04-18 12:54:00+09:00,2230.0,2245.0,2225.0,2230.0,126577,0.0,0.0
2025-04-18 12:55:00+09:00,2230.0,2240.0,2215.0,2240.0,192307,0.0,0.0
2025-04-18 12:56:00+09:00,2240.0,2240.0,2205.0,2215.0,209411,0.0,0.0
2025-04-18 12:57:00+09:00,2210.0,2220.0,2200.0,2215.0,150349,0.0,0.0
2025-04-18 12:58:00+09:00,2215.0,2220.0,2210.0,2210.0,61511,0.0,0.0
2025-04-18 12:59:00+09:00,2210.0,2225.0,2205.0,2220.0,102173,0.0,0.0
2025-04-18 13:00:00+09:00,2225.0,2240.0,2220.0,2225.0,113130,0.0,0.0
2025-04-18 13:01:00+09:00,2220.0,2225.0,2205.0,2215.0,79575,0.0,0.0
2025-04-18 13:02:00+09:00,2215.0,2220.0,2205.0,2205.0,63629,0.0,0.0
2025-04-18 13:03:00+09:00,2205.0,2215.0,2195.0,2195.0,136787,0.0,0.0
2025-04-18 13:04:00+09:00,2195.0,2205.0,2185.0,2195.0,125950,0.0,0.0
2025-04-18 13:05:00+09:00,2190.0,2210.0,2190.0,2200.0,104857,0.0,0.0
2025-04-18 13:06:00+09:00,2205.0,2205.0,2190.0,2195.0,47776,0.0,0.0
2025-04-18 13:07:00+09:00,2195.0,2200.0,2180.0,2180.0,159634,0.0,0.0
2025-04-18 13:08:00+09:00,2180.0,2195.0,2180.0,2190.0,47084,0.0,0.0
2025-04-18 13:09:00+09:00,2190.0,2195.0,2180.0,2180.0,83467,0.0,0.0
2025-04-18 13:10:00+09:00,2185.0,2190.0,2175.0,2185.0,63891,0.0,0.0
2025-04-18 13:11:00+09:00,2180.0,2185.0,2170.0,2175.0,125380,0.0,0.0
2025-04-18 13:12:00+09:00,2170.0,2190.0,2170.0,2185.0,112565,0.0,0.0
2025-04-18 13:13:00+09:00,2185.0,2185.0,2170.0,2175.0,57364,0.0,0.0
2025-04-18 13:14:00+09:00,2180.0,2185.0,2160.0,2175.0,172594,0.0,0.0
2025-04-18 13:15:00+09:00,2175.0,2190.0,2170.0,2190.0,55465,0.0,0.0
2025-04-18 13:16:00+09:00,2190.0,2240.0,2190.0,2235.0,443831,0.0,0.0
2025-04-18 13:17:00+09:00,2240.0,2260.0,2230.0,2260.0,508864,0.0,0.0
2025-04-18 13:18:00+09:00,2250.0,2260.0,2225.0,2255.0,182633,0.0,0.0
2025-04-18 13:19:00+09:00,2255.0,2255.0,2225.0,2235.0,137219,0.0,0.0
2025-04-18 13:20:00+09:00,2235.0,2240.0,2220.0,2220.0,134564,0.0,0.0
2025-04-18 13:21:00+09:00,2220.0,2245.0,2215.0,2230.0,83677,0.0,0.0
2025-04-18 13:22:00+09:00,2230.0,2235.0,2215.0,2215.0,47548,0.0,0.0
2025-04-18 13:23:00+09:00,2215.0,2220.0,2200.0,2205.0,130865,0.0,0.0
2025-04-18 13:24:00+09:00,2215.0,2225.0,2205.0,2210.0,84065,0.0,0.0
2025-04-18 13:25:00+09:00,2210.0,2230.0,2210.0,2225.0,50391,0.0,0.0
2025-04-18 13:26:00+09:00,2230.0,2300.0,2225.0,2285.0,1830620,0.0,0.0
2025-04-18 13:27:00+09:00,2287.0,2380.0,2270.0,2375.0,1881807,0.0,0.0
2025-04-18 13:28:00+09:00,2375.0,2375.0,2340.0,2350.0,830938,0.0,0.0
2025-04-18 13:29:00+09:00,2355.0,2370.0,2340.0,2340.0,686518,0.0,0.0
2025-04-18 13:30:00+09:00,2340.0,2380.0,2340.0,2365.0,660148,0.0,0.0
2025-04-18 13:31:00+09:00,2365.0,2390.0,2360.0,2390.0,654703,0.0,0.0
2025-04-18 13:32:00+09:00,2385.0,2415.0,2370.0,2370.0,1168895,0.0,0.0
2025-04-18 13:33:00+09:00,2370.0,2385.0,2325.0,2350.0,734646,0.0,0.0
2025-04-18 13:34:00+09:00,2350.0,2385.0,2330.0,2365.0,554845,0.0,0.0
2025-04-18 13:35:00+09:00,2370.0,2435.0,2360.0,2425.0,991151,0.0,0.0
2025-04-18 13:36:00+09:00,2435.0,2440.0,2415.0,2425.0,757492,0.0,0.0
2025-04-18 13:37:00+09:00,2425.0,2425.0,2395.0,2395.0,526645,0.0,0.0
2025-04-18 13:38:00+09:00,2395.0,2435.0,2395.0,2425.0,613480,0.0,0.0
2025-04-18 13:39:00+09:00,2420.0,2465.0,2420.0,2460.0,1109667,0.0,0.0
2025-04-18 13:40:00+09:00,2460.0,2465.0,2440.0,2445.0,654961,0.0,0.0
2025-04-18 13:41:00+09:00,2450.0,2455.0,2425.0,2440.0,515390,0.0,0.0
2025-04-18 13:42:00+09:00,2435.0,2465.0,2435.0,2465.0,447285,0.0,0.0
2025-04-18 13:44:00+09:00,2475.0,2480.0,2470.0,2475.0,261372,0.0,0.0
2025-04-18 13:45:00+09:00,2475.0,2480.0,2450.0,2465.0,873074,0.0,0.0
2025-04-18 13:46:00+09:00,2465.0,2490.0,2460.0,2485.0,688395,0.0,0.0
2025-04-18 13:47:00+09:00,2485.0,2540.0,2455.0,2520.0,1024439,0.0,0.0
2025-04-18 13:48:00+09:00,2515.0,2540.0,2510.0,2515.0,845511,0.0,0.0
2025-04-18 13:49:00+09:00,2520.0,2535.0,2515.0,2525.0,417930,0.0,0.0
2025-04-18 13:50:00+09:00,2525.0,2555.0,2515.0,2530.0,718754,0.0,0.0
2025-04-18 13:51:00+09:00,2530.0,2580.0,2520.0,2570.0,1191150,0.0,0.0
2025-04-18 13:52:00+09:00,2565.0,2620.0,2565.0,2610.0,1208155,0.0,0.0
2025-04-18 13:53:00+09:00,2605.0,2630.0,2595.0,2615.0,643822,0.0,0.0
2025-04-18 13:54:00+09:00,2615.0,2620.0,2605.0,2605.0,333796,0.0,0.0
2025-04-18 13:55:00+09:00,2610.0,2630.0,2595.0,2630.0,403889,0.0,0.0
2025-04-18 13:56:00+09:00,2630.0,2635.0,2605.0,2625.0,404561,0.0,0.0
2025-04-18 13:57:00+09:00,2620.0,2625.0,2610.0,2620.0,221313,0.0,0.0
2025-04-18 13:58:00+09:00,2620.0,2625.0,2615.0,2620.0,184674,0.0,0.0
2025-04-18 13:59:00+09:00,2615.0,2620.0,2605.0,2620.0,368683,0.0,0.0
2025-04-18 14:00:00+09:00,2620.0,2620.0,2605.0,2620.0,274064,0.0,0.0
2025-04-18 14:01:00+09:00,2620.0,2655.0,2615.0,2655.0,3284080,0.0,0.0
2025-04-18 14:02:00+09:00,2655.0,2655.0,2655.0,2655.0,285031,0.0,0.0
2025-04-18 14:03:00+09:00,2655.0,2655.0,2655.0,2655.0,94787,0.0,0.0
2025-04-18 14:04:00+09:00,2655.0,2655.0,2655.0,2655.0,81506,0.0,0.0
2025-04-18 14:05:00+09:00,2655.0,2655.0,2655.0,2655.0,47255,0.0,0.0
2025-04-18 14:06:00+09:00,2655.0,2655.0,2655.0,2655.0,28566,0.0,0.0
2025-04-18 14:07:00+09:00,2655.0,2655.0,2655.0,2655.0,11150,0.0,0.0
2025-04-18 14:08:00+09:00,2655.0,2655.0,2655.0,2655.0,15438,0.0,0.0
2025-04-18 14:09:00+09:00,2655.0,2655.0,2655.0,2655.0,13989,0.0,0.0
2025-04-18 14:10:00+09:00,2655.0,2655.0,2655.0,2655.0,18492,0.0,0.0
2025-04-18 14:11:00+09:00,2655.0,2655.0,2655.0,2655.0,21135,0.0,0.0
2025-04-18 14:12:00+09:00,2655.0,2655.0,2655.0,2655.0,21563,0.0,0.0
2025-04-18 14:13:00+09:00,2655.0,2655.0,2655.0,2655.0,12107,0.0,0.0
2025-04-18 14:14:00+09:00,2655.0,2655.0,2655.0,2655.0,23993,0.0,0.0
2025-04-18 14:15:00+09:00,2655.0,2655.0,2655.0,2655.0,14097,0.0,0.0
2025-04-18 14:16:00+09:00,2655.0,2655.0,2655.0,2655.0,3452,0.0,0.0
2025-04-18 14:17:00+09:00,2655.0,2655.0,2655.0,2655.0,5081,0.0,0.0
2025-04-18 14:18:00+09:00,2655.0,2655.0,2655.0,2655.0,8357,0.0,0.0
2025-04-18 14:19:00+09:00,2655.0,2655.0,2655.0,2655.0,14969,0.0,0.0
2025-04-18 14:20:00+09:00,2655.0,2655.0,2655.0,2655.0,15909,0.0,0.0
2025-04-18 14:21:00+09:00,2655.0,2655.0,2655.0,2655.0,4097,0.0,0.0
2025-04-18 14:22:00+09:00,2655.0,2655.0,2655.0,2655.0,33809,0.0,0.0
2025-04-18 14:23:00+09:00,2655.0,2655.0,2655.0,2655.0,58645,0.0,0.0
2025-04-18 14:24:00+09:00,2655.0,2655.0,2655.0,2655.0,74151,0.0,0.0
2025-04-18 14:25:00+09:00,2655.0,2655.0,2655.0,2655.0,20309,0.0,0.0
2025-04-18 14:26:00+09:00,2655.0,2655.0,2655.0,2655.0,9856,0.0,0.0
2025-04-18 14:27:00+09:00,2655.0,2655.0,2655.0,2655.0,11450,0.0,0.0
2025-04-18 14:28:00+09:00,2655.0,2655.0,2655.0,2655.0,8182,0.0,0.0
2025-04-18 14:29:00+09:00,2655.0,2655.0,2655.0,2655.0,14893,0.0,0.0
2025-04-18 14:30:00+09:00,2655.0,2655.0,2655.0,2655.0,19498,0.0,0.0
2025-04-18 14:31:00+09:00,2655.0,2655.0,2655.0,2655.0,11047,0.0,0.0
2025-04-18 14:32:00+09:00,2655.0,2655.0,2655.0,2655.0,11128,0.0,0.0
2025-04-18 14:33:00+09:00,2655.0,2655.0,2655.0,2655.0,9957,0.0,0.0
2025-04-18 14:34:00+09:00,2655.0,2655.0,2655.0,2655.0,4524,0.0,0.0
2025-04-18 14:35:00+09:00,2655.0,2655.0,2655.0,2655.0,7711,0.0,0.0
2025-04-18 14:36:00+09:00,2655.0,2655.0,2655.0,2655.0,5201,0.0,0.0
2025-04-18 14:37:00+09:00,2655.0,2655.0,2655.0,2655.0,5215,0.0,0.0
2025-04-18 14:38:00+09:00,2655.0,2655.0,2655.0,2655.0,9549,0.0,0.0
2025-04-18 14:39:00+09:00,2655.0,2655.0,2655.0,2655.0,32375,0.0,0.0
2025-04-18 14:40:00+09:00,2655.0,2655.0,2655.0,2655.0,30088,0.0,0.0
2025-04-18 14:41:00+09:00,2655.0,2655.0,2655.0,2655.0,40274,0.0,0.0
2025-04-18 14:42:00+09:00,2655.0,2655.0,2625.0,2635.0,1149532,0.0,0.0
2025-04-18 14:43:00+09:00,2640.0,2655.0,2560.0,2580.0,948917,0.0,0.0
2025-04-18 14:44:00+09:00,2580.0,2625.0,2565.0,2610.0,592767,0.0,0.0
2025-04-18 14:45:00+09:00,2605.0,2625.0,2585.0,2600.0,298873,0.0,0.0
2025-04-18 14:46:00+09:00,2600.0,2630.0,2590.0,2615.0,309091,0.0,0.0
2025-04-18 14:47:00+09:00,2615.0,2620.0,2600.0,2610.0,181626,0.0,0.0
2025-04-18 14:48:00+09:00,2615.0,2625.0,2550.0,2585.0,550815,0.0,0.0
2025-04-18 14:49:00+09:00,2575.0,2595.0,2575.0,2590.0,290510,0.0,0.0
2025-04-18 14:50:00+09:00,2590.0,2595.0,2560.0,2575.0,269867,0.0,0.0
2025-04-18 14:51:00+09:00,2575.0,2605.0,2570.0,2595.0,213513,0.0,0.0
2025-04-18 14:52:00+09:00,2590.0,2600.0,2550.0,2565.0,276072,0.0,0.0
2025-04-18 14:53:00+09:00,2565.0,2570.0,2505.0,2515.0,682716,0.0,0.0
2025-04-18 14:54:00+09:00,2510.0,2520.0,2470.0,2490.0,785571,0.0,0.0
2025-04-18 14:55:00+09:00,2500.0,2530.0,2485.0,2530.0,629848,0.0,0.0
2025-04-18 14:56:00+09:00,2525.0,2555.0,2515.0,2555.0,545285,0.0,0.0
2025-04-18 14:57:00+09:00,2555.0,2590.0,2545.0,2580.0,519533,0.0,0.0
2025-04-18 14:58:00+09:00,2580.0,2600.0,2560.0,2580.0,443043,0.0,0.0
2025-04-18 14:59:00+09:00,2580.0,2610.0,2580.0,2587.0,372882,0.0,0.0
