Datetime,Open,High,Low,Close,Volume,Dividends,Stock Splits
2025-04-14 09:00:00+09:00,1563.0,1563.0,1563.0,1563.0,0,0.0,0.0
2025-04-14 09:02:00+09:00,1562.0,1562.0,1562.0,1562.0,0,0.0,0.0
2025-04-14 09:04:00+09:00,1562.0,1562.0,1562.0,1562.0,1,0.0,0.0
2025-04-14 09:05:00+09:00,1562.0,1562.0,1562.0,1562.0,1,0.0,0.0
2025-04-14 09:06:00+09:00,1548.0,1548.0,1547.0,1547.0,15,0.0,0.0
2025-04-14 09:07:00+09:00,1559.0,1559.0,1559.0,1559.0,2,0.0,0.0
2025-04-14 09:08:00+09:00,1559.0,1559.0,1559.0,1559.0,4,0.0,0.0
2025-04-14 09:13:00+09:00,1558.0,1558.0,1558.0,1558.0,2,0.0,0.0
2025-04-14 09:14:00+09:00,1557.0,1557.0,1557.0,1557.0,1,0.0,0.0
2025-04-14 09:20:00+09:00,1549.0,1549.0,1548.0,1548.0,166,0.0,0.0
2025-04-14 09:21:00+09:00,1556.0,1556.0,1556.0,1556.0,0,0.0,0.0
2025-04-14 09:23:00+09:00,1556.0,1556.0,1556.0,1556.0,1000,0.0,0.0
2025-04-14 09:24:00+09:00,1548.0,1548.0,1548.0,1548.0,0,0.0,0.0
2025-04-14 09:25:00+09:00,1548.0,1548.0,1541.0,1541.0,195,0.0,0.0
2025-04-14 09:26:00+09:00,1542.0,1542.0,1541.0,1541.0,38,0.0,0.0
2025-04-14 09:27:00+09:00,1541.0,1541.0,1541.0,1541.0,101,0.0,0.0
2025-04-14 09:28:00+09:00,1541.0,1541.0,1460.0,1533.0,12761,0.0,0.0
2025-04-14 09:29:00+09:00,1505.0,1533.0,1505.0,1533.0,891,0.0,0.0
2025-04-14 09:31:00+09:00,1533.0,1533.0,1530.0,1533.0,2004,0.0,0.0
2025-04-14 09:33:00+09:00,1516.0,1533.0,1516.0,1533.0,0,0.0,0.0
2025-04-14 09:36:00+09:00,1532.0,1532.0,1532.0,1532.0,10,0.0,0.0
2025-04-14 09:37:00+09:00,1525.0,1525.0,1510.0,1510.0,1634,0.0,0.0
2025-04-14 09:38:00+09:00,1511.0,1511.0,1510.0,1510.0,1134,0.0,0.0
2025-04-14 09:39:00+09:00,1510.0,1519.0,1510.0,1519.0,461,0.0,0.0
2025-04-14 09:41:00+09:00,1519.0,1519.0,1519.0,1519.0,46,0.0,0.0
2025-04-14 09:42:00+09:00,1519.0,1519.0,1519.0,1519.0,207,0.0,0.0
2025-04-14 09:43:00+09:00,1519.0,1519.0,1519.0,1519.0,592,0.0,0.0
2025-04-14 09:44:00+09:00,1519.0,1519.0,1515.0,1515.0,1526,0.0,0.0
2025-04-14 09:45:00+09:00,1519.0,1519.0,1519.0,1519.0,0,0.0,0.0
2025-04-14 09:48:00+09:00,1515.0,1515.0,1510.0,1510.0,160,0.0,0.0
2025-04-14 09:50:00+09:00,1518.0,1518.0,1518.0,1518.0,5,0.0,0.0
2025-04-14 09:51:00+09:00,1518.0,1518.0,1518.0,1518.0,0,0.0,0.0
2025-04-14 09:53:00+09:00,1518.0,1518.0,1518.0,1518.0,329,0.0,0.0
2025-04-14 09:58:00+09:00,1518.0,1518.0,1518.0,1518.0,1501,0.0,0.0
2025-04-14 09:59:00+09:00,1518.0,1547.0,1518.0,1547.0,2601,0.0,0.0
2025-04-14 10:00:00+09:00,1546.0,1546.0,1545.0,1545.0,0,0.0,0.0
2025-04-14 10:05:00+09:00,1532.0,1544.0,1528.0,1544.0,22,0.0,0.0
2025-04-14 10:09:00+09:00,1542.0,1542.0,1542.0,1542.0,1,0.0,0.0
2025-04-14 10:11:00+09:00,1542.0,1542.0,1542.0,1542.0,2,0.0,0.0
2025-04-14 10:13:00+09:00,1542.0,1542.0,1542.0,1542.0,1,0.0,0.0
2025-04-14 10:14:00+09:00,1542.0,1542.0,1541.0,1541.0,1010,0.0,0.0
2025-04-14 10:15:00+09:00,1541.0,1541.0,1541.0,1541.0,156,0.0,0.0
2025-04-14 10:16:00+09:00,1536.0,1542.0,1530.0,1542.0,11,0.0,0.0
2025-04-14 10:17:00+09:00,1529.0,1529.0,1528.0,1528.0,15,0.0,0.0
2025-04-14 10:18:00+09:00,1542.0,1542.0,1542.0,1542.0,0,0.0,0.0
2025-04-14 10:28:00+09:00,1542.0,1542.0,1542.0,1542.0,56,0.0,0.0
2025-04-14 10:33:00+09:00,1533.0,1533.0,1525.0,1525.0,326,0.0,0.0
2025-04-14 10:36:00+09:00,1541.0,1541.0,1541.0,1541.0,0,0.0,0.0
2025-04-14 10:43:00+09:00,1540.0,1540.0,1525.0,1525.0,81,0.0,0.0
2025-04-14 10:44:00+09:00,1539.0,1539.0,1539.0,1539.0,0,0.0,0.0
2025-04-14 10:47:00+09:00,1525.0,1525.0,1521.0,1521.0,1101,0.0,0.0
2025-04-14 10:51:00+09:00,1539.0,1539.0,1539.0,1539.0,1,0.0,0.0
2025-04-14 11:01:00+09:00,1532.0,1532.0,1532.0,1532.0,382,0.0,0.0
2025-04-14 11:03:00+09:00,1532.0,1532.0,1530.0,1530.0,0,0.0,0.0
2025-04-14 11:04:00+09:00,1539.0,1539.0,1539.0,1539.0,0,0.0,0.0
2025-04-14 11:05:00+09:00,1539.0,1542.0,1539.0,1542.0,2065,0.0,0.0
2025-04-14 11:16:00+09:00,1541.0,1541.0,1541.0,1541.0,0,0.0,0.0
2025-04-14 11:27:00+09:00,1541.0,1542.0,1541.0,1541.0,2374,0.0,0.0
2025-04-14 11:29:00+09:00,1541.0,1541.0,1541.0,1541.0,434,0.0,0.0
2025-04-14 12:03:00+09:00,1541.0,1541.0,1541.0,1541.0,0,0.0,0.0
2025-04-14 12:06:00+09:00,1525.0,1525.0,1525.0,1525.0,12,0.0,0.0
2025-04-14 12:08:00+09:00,1541.0,1541.0,1541.0,1541.0,0,0.0,0.0
2025-04-14 12:13:00+09:00,1540.0,1540.0,1540.0,1540.0,6,0.0,0.0
2025-04-14 12:16:00+09:00,1540.0,1540.0,1540.0,1540.0,2,0.0,0.0
2025-04-14 12:23:00+09:00,1531.0,1540.0,1531.0,1540.0,100,0.0,0.0
2025-04-14 12:44:00+09:00,1532.0,1539.0,1532.0,1539.0,12,0.0,0.0
2025-04-14 12:49:00+09:00,1531.0,1531.0,1531.0,1531.0,103,0.0,0.0
2025-04-14 12:52:00+09:00,1527.0,1531.0,1527.0,1531.0,102,0.0,0.0
2025-04-14 12:54:00+09:00,1530.0,1530.0,1530.0,1530.0,0,0.0,0.0
2025-04-14 12:56:00+09:00,1527.0,1527.0,1527.0,1527.0,6,0.0,0.0
2025-04-14 12:57:00+09:00,1529.0,1529.0,1529.0,1529.0,28,0.0,0.0
2025-04-14 12:58:00+09:00,1530.0,1530.0,1530.0,1530.0,0,0.0,0.0
2025-04-14 13:01:00+09:00,1530.0,1530.0,1530.0,1530.0,15,0.0,0.0
2025-04-14 13:06:00+09:00,1529.0,1529.0,1529.0,1529.0,0,0.0,0.0
2025-04-14 13:12:00+09:00,1527.0,1527.0,1527.0,1527.0,191,0.0,0.0
2025-04-14 13:13:00+09:00,1527.0,1529.0,1527.0,1528.0,0,0.0,0.0
2025-04-14 13:14:00+09:00,1527.0,1529.0,1527.0,1529.0,1,0.0,0.0
2025-04-14 13:15:00+09:00,1526.0,1526.0,1522.0,1522.0,1698,0.0,0.0
2025-04-14 13:16:00+09:00,1526.0,1526.0,1525.0,1525.0,0,0.0,0.0
2025-04-14 13:21:00+09:00,1529.0,1529.0,1529.0,1529.0,0,0.0,0.0
2025-04-14 13:22:00+09:00,1524.0,1524.0,1521.0,1521.0,948,0.0,0.0
2025-04-14 13:24:00+09:00,1521.0,1521.0,1521.0,1521.0,1,0.0,0.0
2025-04-14 13:38:00+09:00,1511.0,1511.0,1505.0,1505.0,1172,0.0,0.0
2025-04-14 13:39:00+09:00,1517.0,1517.0,1517.0,1517.0,0,0.0,0.0
2025-04-14 13:40:00+09:00,1515.0,1515.0,1515.0,1515.0,2,0.0,0.0
2025-04-14 13:41:00+09:00,1515.0,1515.0,1514.0,1514.0,7,0.0,0.0
2025-04-14 13:42:00+09:00,1517.0,1517.0,1517.0,1517.0,0,0.0,0.0
2025-04-14 13:44:00+09:00,1517.0,1518.0,1517.0,1518.0,1005,0.0,0.0
2025-04-14 13:45:00+09:00,1518.0,1522.0,1518.0,1522.0,295,0.0,0.0
2025-04-14 13:46:00+09:00,1522.0,1522.0,1522.0,1522.0,90,0.0,0.0
2025-04-14 13:48:00+09:00,1530.0,1530.0,1530.0,1530.0,0,0.0,0.0
2025-04-14 13:51:00+09:00,1530.0,1530.0,1522.0,1522.0,2000,0.0,0.0
2025-04-14 13:52:00+09:00,1530.0,1530.0,1530.0,1530.0,0,0.0,0.0
2025-04-14 13:54:00+09:00,1522.0,1522.0,1522.0,1522.0,1,0.0,0.0
2025-04-14 13:55:00+09:00,1530.0,1530.0,1530.0,1530.0,2,0.0,0.0
2025-04-14 13:57:00+09:00,1530.0,1530.0,1525.0,1525.0,13,0.0,0.0
2025-04-14 13:59:00+09:00,1526.0,1526.0,1526.0,1526.0,18,0.0,0.0
2025-04-14 14:00:00+09:00,1526.0,1540.0,1526.0,1540.0,992,0.0,0.0
2025-04-14 14:01:00+09:00,1540.0,1540.0,1540.0,1540.0,0,0.0,0.0
2025-04-14 14:03:00+09:00,1540.0,1540.0,1540.0,1540.0,998,0.0,0.0
2025-04-14 14:04:00+09:00,1539.0,1539.0,1534.0,1534.0,0,0.0,0.0
2025-04-14 14:06:00+09:00,1539.0,1539.0,1539.0,1539.0,0,0.0,0.0
2025-04-14 14:09:00+09:00,1539.0,1539.0,1539.0,1539.0,6,0.0,0.0
2025-04-14 14:11:00+09:00,1534.0,1534.0,1533.0,1533.0,382,0.0,0.0
2025-04-14 14:12:00+09:00,1539.0,1539.0,1539.0,1539.0,0,0.0,0.0
2025-04-14 14:21:00+09:00,1539.0,1543.0,1539.0,1543.0,4012,0.0,0.0
2025-04-14 14:22:00+09:00,1543.0,1556.0,1543.0,1543.0,1989,0.0,0.0
2025-04-14 14:26:00+09:00,1554.0,1554.0,1554.0,1554.0,2,0.0,0.0
2025-04-14 14:29:00+09:00,1553.0,1553.0,1553.0,1553.0,3,0.0,0.0
2025-04-14 14:35:00+09:00,1543.0,1543.0,1541.0,1541.0,38,0.0,0.0
2025-04-14 14:36:00+09:00,1548.0,1548.0,1548.0,1548.0,0,0.0,0.0
2025-04-14 14:37:00+09:00,1548.0,1552.0,1548.0,1552.0,413,0.0,0.0
2025-04-14 14:38:00+09:00,1544.0,1544.0,1544.0,1544.0,293,0.0,0.0
2025-04-14 14:39:00+09:00,1552.0,1553.0,1552.0,1553.0,147,0.0,0.0
2025-04-14 14:41:00+09:00,1555.0,1555.0,1555.0,1555.0,14,0.0,0.0
2025-04-14 14:47:00+09:00,1555.0,1555.0,1555.0,1555.0,393,0.0,0.0
2025-04-14 14:58:00+09:00,1550.0,1550.0,1550.0,1550.0,18,0.0,0.0
2025-04-14 14:59:00+09:00,1547.0,1547.0,1545.0,1545.0,784,0.0,0.0
2025-04-15 09:00:00+09:00,1541.0,1541.0,1540.0,1541.0,9,0.0,0.0
2025-04-15 09:01:00+09:00,1540.0,1542.0,1523.0,1526.0,5411,0.0,0.0
2025-04-15 09:03:00+09:00,1578.0,1578.0,1540.0,1540.0,0,0.0,0.0
2025-04-15 09:04:00+09:00,1560.0,1560.0,1560.0,1560.0,0,0.0,0.0
2025-04-15 09:06:00+09:00,1560.0,1560.0,1560.0,1560.0,30,0.0,0.0
2025-04-15 09:08:00+09:00,1560.0,1560.0,1540.0,1540.0,119,0.0,0.0
2025-04-15 09:10:00+09:00,1539.0,1540.0,1539.0,1540.0,0,0.0,0.0
2025-04-15 09:11:00+09:00,1540.0,1558.0,1540.0,1558.0,1706,0.0,0.0
2025-04-15 09:12:00+09:00,1550.0,1559.0,1550.0,1558.0,0,0.0,0.0
2025-04-15 09:13:00+09:00,1550.0,1550.0,1550.0,1550.0,392,0.0,0.0
2025-04-15 09:16:00+09:00,1550.0,1550.0,1550.0,1550.0,0,0.0,0.0
2025-04-15 09:18:00+09:00,1545.0,1545.0,1545.0,1545.0,188,0.0,0.0
2025-04-15 09:20:00+09:00,1545.0,1545.0,1541.0,1541.0,0,0.0,0.0
2025-04-15 09:21:00+09:00,1544.0,1544.0,1544.0,1544.0,0,0.0,0.0
2025-04-15 09:22:00+09:00,1544.0,1544.0,1544.0,1544.0,20,0.0,0.0
2025-04-15 09:28:00+09:00,1545.0,1557.0,1545.0,1557.0,270,0.0,0.0
2025-04-15 09:29:00+09:00,1555.0,1557.0,1555.0,1557.0,153,0.0,0.0
2025-04-15 09:30:00+09:00,1556.0,1556.0,1556.0,1556.0,0,0.0,0.0
2025-04-15 09:35:00+09:00,1556.0,1556.0,1556.0,1556.0,99,0.0,0.0
2025-04-15 09:37:00+09:00,1550.0,1550.0,1550.0,1550.0,130,0.0,0.0
2025-04-15 09:38:00+09:00,1550.0,1552.0,1536.0,1552.0,2754,0.0,0.0
2025-04-15 09:39:00+09:00,1540.0,1550.0,1535.0,1550.0,999,0.0,0.0
2025-04-15 09:44:00+09:00,1549.0,1549.0,1549.0,1549.0,2,0.0,0.0
2025-04-15 09:45:00+09:00,1549.0,1549.0,1533.0,1533.0,782,0.0,0.0
2025-04-15 09:46:00+09:00,1531.0,1531.0,1530.0,1530.0,928,0.0,0.0
2025-04-15 09:50:00+09:00,1531.0,1531.0,1530.0,1530.0,16,0.0,0.0
2025-04-15 09:51:00+09:00,1544.0,1544.0,1544.0,1544.0,0,0.0,0.0
2025-04-15 09:53:00+09:00,1536.0,1536.0,1531.0,1531.0,4267,0.0,0.0
2025-04-15 09:54:00+09:00,1546.0,1546.0,1546.0,1546.0,0,0.0,0.0
2025-04-15 10:04:00+09:00,1546.0,1546.0,1546.0,1546.0,76,0.0,0.0
2025-04-15 10:06:00+09:00,1546.0,1546.0,1546.0,1546.0,0,0.0,0.0
2025-04-15 10:08:00+09:00,1545.0,1545.0,1545.0,1545.0,1,0.0,0.0
2025-04-15 10:16:00+09:00,1535.0,1535.0,1533.0,1533.0,2881,0.0,0.0
2025-04-15 10:21:00+09:00,1543.0,1543.0,1543.0,1543.0,0,0.0,0.0
2025-04-15 10:26:00+09:00,1541.0,1541.0,1541.0,1541.0,45,0.0,0.0
2025-04-15 10:27:00+09:00,1534.0,1542.0,1533.0,1542.0,305,0.0,0.0
2025-04-15 10:29:00+09:00,1542.0,1542.0,1542.0,1542.0,13,0.0,0.0
2025-04-15 10:32:00+09:00,1542.0,1542.0,1534.0,1534.0,579,0.0,0.0
2025-04-15 10:33:00+09:00,1542.0,1542.0,1542.0,1542.0,0,0.0,0.0
2025-04-15 10:43:00+09:00,1542.0,1542.0,1542.0,1542.0,205,0.0,0.0
2025-04-15 10:51:00+09:00,1541.0,1541.0,1539.0,1539.0,0,0.0,0.0
2025-04-15 10:52:00+09:00,1539.0,1540.0,1539.0,1540.0,4,0.0,0.0
2025-04-15 10:53:00+09:00,1540.0,1540.0,1540.0,1540.0,39,0.0,0.0
2025-04-15 10:54:00+09:00,1540.0,1541.0,1540.0,1541.0,0,0.0,0.0
2025-04-15 11:02:00+09:00,1540.0,1540.0,1540.0,1540.0,1,0.0,0.0
2025-04-15 11:07:00+09:00,1540.0,1540.0,1538.0,1538.0,10,0.0,0.0
2025-04-15 11:08:00+09:00,1534.0,1541.0,1534.0,1541.0,59,0.0,0.0
2025-04-15 11:09:00+09:00,1534.0,1540.0,1525.0,1540.0,5492,0.0,0.0
2025-04-15 11:10:00+09:00,1540.0,1540.0,1540.0,1540.0,10,0.0,0.0
2025-04-15 11:12:00+09:00,1533.0,1533.0,1533.0,1533.0,20,0.0,0.0
2025-04-15 11:13:00+09:00,1539.0,1539.0,1539.0,1539.0,0,0.0,0.0
2025-04-15 11:18:00+09:00,1531.0,1540.0,1531.0,1540.0,1189,0.0,0.0
2025-04-15 11:22:00+09:00,1538.0,1539.0,1538.0,1539.0,1018,0.0,0.0
2025-04-15 11:24:00+09:00,1532.0,1532.0,1530.0,1530.0,582,0.0,0.0
2025-04-15 11:26:00+09:00,1539.0,1539.0,1539.0,1539.0,1,0.0,0.0
2025-04-15 11:37:00+09:00,1539.0,1539.0,1539.0,1539.0,1,0.0,0.0
2025-04-15 11:40:00+09:00,1539.0,1541.0,1539.0,1541.0,8444,0.0,0.0
2025-04-15 11:42:00+09:00,1542.0,1542.0,1542.0,1542.0,0,0.0,0.0
2025-04-15 11:47:00+09:00,1542.0,1547.0,1542.0,1547.0,5590,0.0,0.0
2025-04-15 11:49:00+09:00,1556.0,1556.0,1556.0,1556.0,0,0.0,0.0
2025-04-15 11:56:00+09:00,1556.0,1568.0,1556.0,1568.0,2008,0.0,0.0
2025-04-15 11:59:00+09:00,1566.0,1568.0,1566.0,1568.0,1760,0.0,0.0
2025-04-15 12:00:00+09:00,1568.0,1569.0,1568.0,1569.0,0,0.0,0.0
2025-04-15 12:05:00+09:00,1567.0,1568.0,1567.0,1568.0,18,0.0,0.0
2025-04-15 12:08:00+09:00,1568.0,1570.0,1568.0,1568.0,7630,0.0,0.0
2025-04-15 12:10:00+09:00,1572.0,1574.0,1572.0,1574.0,138,0.0,0.0
2025-04-15 12:11:00+09:00,1574.0,1574.0,1574.0,1574.0,10,0.0,0.0
2025-04-15 12:16:00+09:00,1573.0,1574.0,1573.0,1574.0,0,0.0,0.0
2025-04-15 12:19:00+09:00,1574.0,1574.0,1574.0,1574.0,4609,0.0,0.0
2025-04-15 12:25:00+09:00,1573.0,1573.0,1573.0,1573.0,10,0.0,0.0
2025-04-15 12:26:00+09:00,1574.0,1574.0,1574.0,1574.0,0,0.0,0.0
2025-04-15 12:27:00+09:00,1574.0,1574.0,1574.0,1574.0,0,0.0,0.0
2025-04-15 12:30:00+09:00,1573.0,1573.0,1573.0,1573.0,69,0.0,0.0
2025-04-15 12:31:00+09:00,1573.0,1573.0,1573.0,1573.0,295,0.0,0.0
2025-04-15 12:34:00+09:00,1574.0,1574.0,1573.0,1573.0,1140,0.0,0.0
2025-04-15 12:35:00+09:00,1573.0,1573.0,1573.0,1573.0,0,0.0,0.0
2025-04-15 12:36:00+09:00,1573.0,1574.0,1573.0,1574.0,44,0.0,0.0
2025-04-15 12:37:00+09:00,1574.0,1581.0,1574.0,1581.0,294,0.0,0.0
2025-04-15 12:38:00+09:00,1585.0,1585.0,1585.0,1585.0,38,0.0,0.0
2025-04-15 12:39:00+09:00,1585.0,1586.0,1585.0,1586.0,17,0.0,0.0
2025-04-15 12:40:00+09:00,1584.0,1584.0,1584.0,1584.0,102,0.0,0.0
2025-04-15 12:41:00+09:00,1586.0,1586.0,1586.0,1586.0,0,0.0,0.0
2025-04-15 12:45:00+09:00,1586.0,1586.0,1586.0,1586.0,100,0.0,0.0
2025-04-15 12:53:00+09:00,1586.0,1625.0,1583.0,1621.0,12547,0.0,0.0
2025-04-15 12:54:00+09:00,1627.0,1641.0,1612.0,1615.0,2449,0.0,0.0
2025-04-15 12:55:00+09:00,1632.0,1632.0,1610.0,1611.0,230,0.0,0.0
2025-04-15 12:56:00+09:00,1611.0,1611.0,1611.0,1611.0,668,0.0,0.0
2025-04-15 12:57:00+09:00,1611.0,1629.0,1610.0,1629.0,275,0.0,0.0
2025-04-15 12:58:00+09:00,1611.0,1624.0,1611.0,1622.0,46,0.0,0.0
2025-04-15 12:59:00+09:00,1612.0,1622.0,1611.0,1622.0,452,0.0,0.0
2025-04-15 13:01:00+09:00,1618.0,1618.0,1617.0,1617.0,4,0.0,0.0
2025-04-15 13:03:00+09:00,1617.0,1617.0,1616.0,1616.0,66,0.0,0.0
2025-04-15 13:04:00+09:00,1615.0,1615.0,1615.0,1615.0,157,0.0,0.0
2025-04-15 13:05:00+09:00,1612.0,1612.0,1609.0,1609.0,1884,0.0,0.0
2025-04-15 13:06:00+09:00,1608.0,1608.0,1608.0,1608.0,0,0.0,0.0
2025-04-15 13:07:00+09:00,1604.0,1604.0,1604.0,1604.0,120,0.0,0.0
2025-04-15 13:08:00+09:00,1604.0,1604.0,1603.0,1603.0,1254,0.0,0.0
2025-04-15 13:10:00+09:00,1601.0,1601.0,1599.0,1599.0,6338,0.0,0.0
2025-04-15 13:14:00+09:00,1598.0,1598.0,1598.0,1598.0,0,0.0,0.0
2025-04-15 13:15:00+09:00,1599.0,1599.0,1598.0,1598.0,1770,0.0,0.0
2025-04-15 13:16:00+09:00,1605.0,1617.0,1605.0,1617.0,513,0.0,0.0
2025-04-15 13:17:00+09:00,1617.0,1618.0,1608.0,1618.0,560,0.0,0.0
2025-04-15 13:20:00+09:00,1617.0,1618.0,1617.0,1618.0,0,0.0,0.0
2025-04-15 13:21:00+09:00,1608.0,1608.0,1608.0,1608.0,207,0.0,0.0
2025-04-15 13:28:00+09:00,1608.0,1608.0,1608.0,1608.0,48,0.0,0.0
2025-04-15 13:32:00+09:00,1608.0,1608.0,1608.0,1608.0,114,0.0,0.0
2025-04-15 13:33:00+09:00,1607.0,1607.0,1607.0,1607.0,0,0.0,0.0
2025-04-15 13:34:00+09:00,1607.0,1607.0,1607.0,1607.0,16,0.0,0.0
2025-04-15 13:35:00+09:00,1607.0,1608.0,1607.0,1608.0,291,0.0,0.0
2025-04-15 13:36:00+09:00,1608.0,1608.0,1608.0,1608.0,398,0.0,0.0
2025-04-15 13:38:00+09:00,1608.0,1608.0,1608.0,1608.0,0,0.0,0.0
2025-04-15 13:39:00+09:00,1608.0,1608.0,1608.0,1608.0,0,0.0,0.0
2025-04-15 13:41:00+09:00,1607.0,1607.0,1605.0,1605.0,114,0.0,0.0
2025-04-15 13:42:00+09:00,1608.0,1608.0,1608.0,1608.0,1,0.0,0.0
2025-04-15 13:45:00+09:00,1605.0,1605.0,1603.0,1603.0,77,0.0,0.0
2025-04-15 13:46:00+09:00,1605.0,1605.0,1605.0,1605.0,0,0.0,0.0
2025-04-15 13:50:00+09:00,1605.0,1605.0,1605.0,1605.0,37,0.0,0.0
2025-04-15 13:51:00+09:00,1605.0,1605.0,1605.0,1605.0,318,0.0,0.0
2025-04-15 13:52:00+09:00,1607.0,1607.0,1606.0,1606.0,280,0.0,0.0
2025-04-15 13:53:00+09:00,1607.0,1607.0,1607.0,1607.0,494,0.0,0.0
2025-04-15 13:54:00+09:00,1607.0,1607.0,1607.0,1607.0,916,0.0,0.0
2025-04-15 13:55:00+09:00,1607.0,1608.0,1607.0,1608.0,2181,0.0,0.0
2025-04-15 13:58:00+09:00,1608.0,1608.0,1608.0,1608.0,0,0.0,0.0
2025-04-15 13:59:00+09:00,1608.0,1609.0,1608.0,1609.0,1465,0.0,0.0
2025-04-15 14:00:00+09:00,1618.0,1618.0,1618.0,1618.0,0,0.0,0.0
2025-04-15 14:02:00+09:00,1618.0,1618.0,1618.0,1618.0,296,0.0,0.0
2025-04-15 14:03:00+09:00,1617.0,1617.0,1617.0,1617.0,15,0.0,0.0
2025-04-15 14:06:00+09:00,1617.0,1621.0,1617.0,1620.0,5018,0.0,0.0
2025-04-15 14:07:00+09:00,1621.0,1621.0,1621.0,1621.0,192,0.0,0.0
2025-04-15 14:08:00+09:00,1622.0,1622.0,1620.0,1620.0,964,0.0,0.0
2025-04-15 14:09:00+09:00,1623.0,1623.0,1623.0,1623.0,0,0.0,0.0
2025-04-15 14:10:00+09:00,1623.0,1623.0,1620.0,1620.0,155,0.0,0.0
2025-04-15 14:11:00+09:00,1623.0,1626.0,1623.0,1626.0,1303,0.0,0.0
2025-04-15 14:12:00+09:00,1626.0,1629.0,1626.0,1629.0,248,0.0,0.0
2025-04-15 14:13:00+09:00,1629.0,1630.0,1629.0,1630.0,179,0.0,0.0
2025-04-15 14:14:00+09:00,1629.0,1629.0,1629.0,1629.0,17,0.0,0.0
2025-04-15 14:15:00+09:00,1629.0,1630.0,1629.0,1630.0,140,0.0,0.0
2025-04-15 14:16:00+09:00,1630.0,1631.0,1630.0,1631.0,2167,0.0,0.0
2025-04-15 14:17:00+09:00,1631.0,1631.0,1631.0,1631.0,4,0.0,0.0
2025-04-15 14:18:00+09:00,1631.0,1635.0,1630.0,1635.0,1390,0.0,0.0
2025-04-15 14:19:00+09:00,1635.0,1638.0,1635.0,1638.0,1812,0.0,0.0
2025-04-15 14:20:00+09:00,1638.0,1640.0,1638.0,1640.0,12082,0.0,0.0
2025-04-15 14:21:00+09:00,1640.0,1647.0,1640.0,1647.0,1094,0.0,0.0
2025-04-15 14:22:00+09:00,1649.0,1649.0,1642.0,1642.0,2228,0.0,0.0
2025-04-15 14:23:00+09:00,1649.0,1649.0,1649.0,1649.0,0,0.0,0.0
2025-04-15 14:26:00+09:00,1648.0,1648.0,1648.0,1648.0,2,0.0,0.0
2025-04-15 14:27:00+09:00,1644.0,1645.0,1644.0,1645.0,59,0.0,0.0
2025-04-15 14:28:00+09:00,1644.0,1644.0,1643.0,1643.0,7,0.0,0.0
2025-04-15 14:29:00+09:00,1642.0,1643.0,1638.0,1638.0,485,0.0,0.0
2025-04-15 14:30:00+09:00,1643.0,1643.0,1643.0,1643.0,0,0.0,0.0
2025-04-15 14:31:00+09:00,1641.0,1645.0,1641.0,1645.0,752,0.0,0.0
2025-04-15 14:32:00+09:00,1638.0,1644.0,1638.0,1644.0,0,0.0,0.0
2025-04-15 14:33:00+09:00,1643.0,1646.0,1638.0,1646.0,355,0.0,0.0
2025-04-15 14:34:00+09:00,1646.0,1648.0,1646.0,1648.0,118,0.0,0.0
2025-04-15 14:35:00+09:00,1646.0,1646.0,1646.0,1646.0,53,0.0,0.0
2025-04-15 14:36:00+09:00,1647.0,1647.0,1647.0,1647.0,91,0.0,0.0
2025-04-15 14:37:00+09:00,1647.0,1647.0,1647.0,1647.0,10,0.0,0.0
2025-04-15 14:38:00+09:00,1647.0,1647.0,1643.0,1643.0,238,0.0,0.0
2025-04-15 14:39:00+09:00,1644.0,1646.0,1644.0,1646.0,0,0.0,0.0
2025-04-15 14:40:00+09:00,1646.0,1648.0,1646.0,1648.0,1273,0.0,0.0
2025-04-15 14:42:00+09:00,1648.0,1654.0,1648.0,1654.0,20301,0.0,0.0
2025-04-15 14:43:00+09:00,1654.0,1656.0,1654.0,1656.0,39,0.0,0.0
2025-04-15 14:44:00+09:00,1656.0,1657.0,1656.0,1656.0,1237,0.0,0.0
2025-04-15 14:45:00+09:00,1656.0,1657.0,1656.0,1657.0,246,0.0,0.0
2025-04-15 14:46:00+09:00,1656.0,1657.0,1655.0,1655.0,2630,0.0,0.0
2025-04-15 14:47:00+09:00,1656.0,1656.0,1656.0,1656.0,215,0.0,0.0
2025-04-15 14:48:00+09:00,1656.0,1656.0,1655.0,1655.0,307,0.0,0.0
2025-04-15 14:49:00+09:00,1655.0,1655.0,1655.0,1655.0,908,0.0,0.0
2025-04-15 14:50:00+09:00,1655.0,1655.0,1654.0,1655.0,349,0.0,0.0
2025-04-15 14:51:00+09:00,1655.0,1655.0,1651.0,1651.0,282,0.0,0.0
2025-04-15 14:52:00+09:00,1651.0,1651.0,1649.0,1649.0,1786,0.0,0.0
2025-04-15 14:53:00+09:00,1654.0,1654.0,1654.0,1654.0,0,0.0,0.0
2025-04-15 14:54:00+09:00,1654.0,1654.0,1654.0,1654.0,0,0.0,0.0
2025-04-15 14:56:00+09:00,1654.0,1668.0,1654.0,1668.0,19724,0.0,0.0
2025-04-15 14:57:00+09:00,1668.0,1669.0,1665.0,1665.0,158,0.0,0.0
2025-04-15 14:58:00+09:00,1668.0,1690.0,1668.0,1675.0,27022,0.0,0.0
2025-04-15 14:59:00+09:00,1689.0,1690.0,1685.0,1689.0,1158,0.0,0.0
2025-04-16 09:00:00+09:00,1700.0,1700.0,1700.0,1700.0,334,0.0,0.0
2025-04-16 09:01:00+09:00,1690.0,1697.0,1683.0,1697.0,43,0.0,0.0
2025-04-16 09:05:00+09:00,1682.0,1682.0,1679.0,1679.0,118,0.0,0.0
2025-04-16 09:06:00+09:00,1682.0,1682.0,1666.0,1680.0,1149,0.0,0.0
2025-04-16 09:07:00+09:00,1682.0,1682.0,1666.0,1677.0,383,0.0,0.0
2025-04-16 09:08:00+09:00,1682.0,1682.0,1682.0,1682.0,0,0.0,0.0
2025-04-16 09:09:00+09:00,1682.0,1696.0,1682.0,1682.0,635,0.0,0.0
2025-04-16 09:11:00+09:00,1695.0,1695.0,1695.0,1695.0,2,0.0,0.0
2025-04-16 09:12:00+09:00,1695.0,1695.0,1695.0,1695.0,9,0.0,0.0
2025-04-16 09:13:00+09:00,1683.0,1694.0,1682.0,1694.0,57,0.0,0.0
2025-04-16 09:14:00+09:00,1694.0,1694.0,1684.0,1684.0,45,0.0,0.0
2025-04-16 09:15:00+09:00,1692.0,1692.0,1692.0,1692.0,0,0.0,0.0
2025-04-16 09:20:00+09:00,1681.0,1681.0,1680.0,1680.0,303,0.0,0.0
2025-04-16 09:21:00+09:00,1679.0,1679.0,1678.0,1678.0,290,0.0,0.0
2025-04-16 09:22:00+09:00,1679.0,1679.0,1679.0,1679.0,9,0.0,0.0
2025-04-16 09:23:00+09:00,1678.0,1678.0,1677.0,1677.0,130,0.0,0.0
2025-04-16 09:24:00+09:00,1678.0,1678.0,1666.0,1666.0,1367,0.0,0.0
2025-04-16 09:25:00+09:00,1678.0,1678.0,1678.0,1678.0,0,0.0,0.0
2025-04-16 09:26:00+09:00,1676.0,1676.0,1676.0,1676.0,12,0.0,0.0
2025-04-16 09:27:00+09:00,1666.0,1676.0,1666.0,1676.0,504,0.0,0.0
2025-04-16 09:31:00+09:00,1675.0,1675.0,1675.0,1675.0,4,0.0,0.0
2025-04-16 09:33:00+09:00,1666.0,1676.0,1666.0,1675.0,316,0.0,0.0
2025-04-16 09:36:00+09:00,1675.0,1691.0,1675.0,1691.0,499,0.0,0.0
2025-04-16 09:39:00+09:00,1671.0,1689.0,1670.0,1689.0,1008,0.0,0.0
2025-04-16 09:40:00+09:00,1689.0,1689.0,1689.0,1689.0,2,0.0,0.0
2025-04-16 09:41:00+09:00,1675.0,1675.0,1670.0,1670.0,952,0.0,0.0
2025-04-16 09:42:00+09:00,1670.0,1687.0,1670.0,1687.0,49,0.0,0.0
2025-04-16 09:43:00+09:00,1687.0,1688.0,1687.0,1688.0,8,0.0,0.0
2025-04-16 09:44:00+09:00,1687.0,1687.0,1687.0,1687.0,1,0.0,0.0
2025-04-16 09:47:00+09:00,1682.0,1682.0,1676.0,1676.0,473,0.0,0.0
2025-04-16 09:48:00+09:00,1681.0,1687.0,1680.0,1687.0,1272,0.0,0.0
2025-04-16 09:49:00+09:00,1687.0,1687.0,1687.0,1687.0,1,0.0,0.0
2025-04-16 09:50:00+09:00,1680.0,1680.0,1680.0,1680.0,3999,0.0,0.0
2025-04-16 09:51:00+09:00,1680.0,1687.0,1680.0,1687.0,0,0.0,0.0
2025-04-16 09:54:00+09:00,1684.0,1684.0,1684.0,1684.0,332,0.0,0.0
2025-04-16 09:55:00+09:00,1687.0,1687.0,1687.0,1687.0,0,0.0,0.0
2025-04-16 10:00:00+09:00,1687.0,1687.0,1687.0,1687.0,10,0.0,0.0
2025-04-16 10:05:00+09:00,1684.0,1684.0,1684.0,1684.0,15,0.0,0.0
2025-04-16 10:06:00+09:00,1687.0,1687.0,1687.0,1687.0,0,0.0,0.0
2025-04-16 10:08:00+09:00,1684.0,1684.0,1682.0,1682.0,973,0.0,0.0
2025-04-16 10:09:00+09:00,1683.0,1683.0,1683.0,1683.0,276,0.0,0.0
2025-04-16 10:10:00+09:00,1684.0,1684.0,1684.0,1684.0,2,0.0,0.0
2025-04-16 10:12:00+09:00,1684.0,1686.0,1684.0,1686.0,92,0.0,0.0
2025-04-16 10:15:00+09:00,1686.0,1686.0,1686.0,1686.0,3110,0.0,0.0
2025-04-16 10:16:00+09:00,1686.0,1686.0,1686.0,1686.0,3334,0.0,0.0
2025-04-16 10:19:00+09:00,1685.0,1685.0,1684.0,1684.0,0,0.0,0.0
2025-04-16 10:20:00+09:00,1685.0,1685.0,1685.0,1685.0,352,0.0,0.0
2025-04-16 10:21:00+09:00,1685.0,1686.0,1685.0,1686.0,156,0.0,0.0
2025-04-16 10:23:00+09:00,1686.0,1686.0,1684.0,1684.0,320,0.0,0.0
2025-04-16 10:25:00+09:00,1684.0,1684.0,1682.0,1682.0,5440,0.0,0.0
2025-04-16 10:26:00+09:00,1686.0,1686.0,1686.0,1686.0,0,0.0,0.0
2025-04-16 10:34:00+09:00,1686.0,1686.0,1686.0,1686.0,0,0.0,0.0
2025-04-16 10:36:00+09:00,1683.0,1683.0,1682.0,1683.0,1817,0.0,0.0
2025-04-16 10:37:00+09:00,1682.0,1682.0,1681.0,1681.0,3087,0.0,0.0
2025-04-16 10:38:00+09:00,1682.0,1682.0,1682.0,1682.0,0,0.0,0.0
2025-04-16 10:44:00+09:00,1681.0,1681.0,1680.0,1680.0,5144,0.0,0.0
2025-04-16 10:46:00+09:00,1682.0,1682.0,1682.0,1682.0,0,0.0,0.0
2025-04-16 10:52:00+09:00,1680.0,1680.0,1677.0,1677.0,9489,0.0,0.0
2025-04-16 10:53:00+09:00,1679.0,1679.0,1679.0,1679.0,0,0.0,0.0
2025-04-16 11:16:00+09:00,1675.0,1679.0,1675.0,1679.0,222,0.0,0.0
2025-04-16 11:22:00+09:00,1675.0,1675.0,1675.0,1675.0,2,0.0,0.0
2025-04-16 11:23:00+09:00,1675.0,1675.0,1675.0,1675.0,1,0.0,0.0
2025-04-16 11:25:00+09:00,1675.0,1675.0,1675.0,1675.0,682,0.0,0.0
2025-04-16 11:27:00+09:00,1679.0,1679.0,1679.0,1679.0,0,0.0,0.0
2025-04-16 11:29:00+09:00,1679.0,1680.0,1679.0,1680.0,0,0.0,0.0
2025-04-16 11:35:00+09:00,1677.0,1677.0,1677.0,1677.0,25,0.0,0.0
2025-04-16 11:36:00+09:00,1680.0,1680.0,1680.0,1680.0,2,0.0,0.0
2025-04-16 11:37:00+09:00,1680.0,1680.0,1680.0,1680.0,0,0.0,0.0
2025-04-16 11:47:00+09:00,1680.0,1680.0,1680.0,1680.0,1400,0.0,0.0
2025-04-16 11:49:00+09:00,1677.0,1677.0,1677.0,1677.0,0,0.0,0.0
2025-04-16 11:51:00+09:00,1675.0,1675.0,1675.0,1675.0,5,0.0,0.0
2025-04-16 11:58:00+09:00,1679.0,1679.0,1679.0,1679.0,1,0.0,0.0
2025-04-16 12:06:00+09:00,1675.0,1675.0,1675.0,1675.0,96,0.0,0.0
2025-04-16 12:07:00+09:00,1675.0,1675.0,1675.0,1675.0,0,0.0,0.0
2025-04-16 12:14:00+09:00,1674.0,1674.0,1674.0,1674.0,430,0.0,0.0
2025-04-16 12:15:00+09:00,1673.0,1673.0,1671.0,1671.0,0,0.0,0.0
2025-04-16 12:16:00+09:00,1675.0,1675.0,1675.0,1675.0,0,0.0,0.0
2025-04-16 12:21:00+09:00,1675.0,1675.0,1675.0,1675.0,20,0.0,0.0
2025-04-16 12:31:00+09:00,1675.0,1675.0,1675.0,1675.0,4,0.0,0.0
2025-04-16 12:51:00+09:00,1673.0,1673.0,1673.0,1673.0,8,0.0,0.0
2025-04-16 12:54:00+09:00,1673.0,1673.0,1673.0,1673.0,80,0.0,0.0
2025-04-16 12:58:00+09:00,1675.0,1675.0,1675.0,1675.0,2,0.0,0.0
2025-04-16 13:01:00+09:00,1675.0,1675.0,1675.0,1675.0,0,0.0,0.0
2025-04-16 13:07:00+09:00,1674.0,1674.0,1672.0,1672.0,1013,0.0,0.0
2025-04-16 13:11:00+09:00,1672.0,1672.0,1672.0,1672.0,200,0.0,0.0
2025-04-16 13:12:00+09:00,1675.0,1675.0,1675.0,1675.0,0,0.0,0.0
2025-04-16 13:15:00+09:00,1672.0,1672.0,1671.0,1671.0,841,0.0,0.0
2025-04-16 13:17:00+09:00,1670.0,1670.0,1670.0,1670.0,5515,0.0,0.0
2025-04-16 13:20:00+09:00,1675.0,1675.0,1675.0,1675.0,0,0.0,0.0
2025-04-16 13:24:00+09:00,1675.0,1675.0,1675.0,1675.0,1,0.0,0.0
2025-04-16 13:31:00+09:00,1675.0,1680.0,1675.0,1680.0,307,0.0,0.0
2025-04-16 13:40:00+09:00,1679.0,1679.0,1676.0,1679.0,18,0.0,0.0
2025-04-16 13:46:00+09:00,1674.0,1674.0,1674.0,1674.0,1,0.0,0.0
2025-04-16 13:48:00+09:00,1679.0,1679.0,1679.0,1679.0,1,0.0,0.0
2025-04-16 14:00:00+09:00,1674.0,1674.0,1674.0,1674.0,1,0.0,0.0
2025-04-16 14:01:00+09:00,1679.0,1679.0,1679.0,1679.0,0,0.0,0.0
2025-04-16 14:08:00+09:00,1674.0,1679.0,1672.0,1679.0,12,0.0,0.0
2025-04-16 14:25:00+09:00,1677.0,1677.0,1677.0,1677.0,2,0.0,0.0
2025-04-16 14:30:00+09:00,1672.0,1676.0,1672.0,1676.0,82,0.0,0.0
2025-04-16 14:36:00+09:00,1675.0,1675.0,1675.0,1675.0,2,0.0,0.0
2025-04-16 14:37:00+09:00,1675.0,1675.0,1675.0,1675.0,9,0.0,0.0
2025-04-16 14:38:00+09:00,1675.0,1675.0,1675.0,1675.0,0,0.0,0.0
2025-04-16 14:41:00+09:00,1672.0,1672.0,1671.0,1672.0,94,0.0,0.0
2025-04-16 14:42:00+09:00,1672.0,1672.0,1671.0,1671.0,10,0.0,0.0
2025-04-16 14:43:00+09:00,1672.0,1672.0,1668.0,1668.0,1105,0.0,0.0
2025-04-16 14:44:00+09:00,1669.0,1669.0,1667.0,1667.0,207,0.0,0.0
2025-04-16 14:45:00+09:00,1669.0,1669.0,1669.0,1669.0,0,0.0,0.0
2025-04-16 14:46:00+09:00,1667.0,1667.0,1666.0,1666.0,761,0.0,0.0
2025-04-16 14:48:00+09:00,1669.0,1669.0,1669.0,1669.0,0,0.0,0.0
2025-04-16 14:50:00+09:00,1666.0,1666.0,1660.0,1660.0,2081,0.0,0.0
2025-04-16 14:51:00+09:00,1665.0,1665.0,1665.0,1665.0,0,0.0,0.0
2025-04-16 14:52:00+09:00,1665.0,1666.0,1665.0,1666.0,7000,0.0,0.0
2025-04-16 14:53:00+09:00,1666.0,1666.0,1666.0,1666.0,0,0.0,0.0
2025-04-16 14:56:00+09:00,1666.0,1666.0,1666.0,1666.0,1590,0.0,0.0
2025-04-16 14:57:00+09:00,1669.0,1675.0,1669.0,1675.0,51,0.0,0.0
2025-04-17 09:00:00+09:00,1677.0,1690.0,1677.0,1690.0,4005,0.0,0.0
2025-04-17 09:06:00+09:00,1690.0,1690.0,1679.0,1679.0,682,0.0,0.0
2025-04-17 09:07:00+09:00,1678.0,1688.0,1678.0,1688.0,98,0.0,0.0
2025-04-17 09:08:00+09:00,1688.0,1688.0,1688.0,1688.0,3,0.0,0.0
2025-04-17 09:10:00+09:00,1688.0,1688.0,1688.0,1688.0,12,0.0,0.0
2025-04-17 09:11:00+09:00,1688.0,1688.0,1688.0,1688.0,116,0.0,0.0
2025-04-17 09:12:00+09:00,1687.0,1688.0,1687.0,1688.0,0,0.0,0.0
2025-04-17 09:13:00+09:00,1678.0,1678.0,1677.0,1678.0,87,0.0,0.0
2025-04-17 09:14:00+09:00,1678.0,1687.0,1678.0,1687.0,6,0.0,0.0
2025-04-17 09:16:00+09:00,1687.0,1687.0,1687.0,1687.0,1,0.0,0.0
2025-04-17 09:17:00+09:00,1687.0,1687.0,1687.0,1687.0,399,0.0,0.0
2025-04-17 09:18:00+09:00,1678.0,1678.0,1678.0,1678.0,0,0.0,0.0
2025-04-17 09:19:00+09:00,1687.0,1687.0,1678.0,1687.0,0,0.0,0.0
2025-04-17 09:24:00+09:00,1678.0,1687.0,1678.0,1687.0,103,0.0,0.0
2025-04-17 09:25:00+09:00,1678.0,1678.0,1678.0,1678.0,330,0.0,0.0
2025-04-17 09:26:00+09:00,1686.0,1686.0,1686.0,1686.0,0,0.0,0.0
2025-04-17 09:28:00+09:00,1678.0,1678.0,1678.0,1678.0,211,0.0,0.0
2025-04-17 09:29:00+09:00,1678.0,1678.0,1677.0,1677.0,405,0.0,0.0
2025-04-17 09:30:00+09:00,1685.0,1685.0,1677.0,1677.0,401,0.0,0.0
2025-04-17 09:31:00+09:00,1685.0,1685.0,1685.0,1685.0,0,0.0,0.0
2025-04-17 09:33:00+09:00,1677.0,1685.0,1677.0,1685.0,41,0.0,0.0
2025-04-17 09:42:00+09:00,1677.0,1677.0,1677.0,1677.0,69,0.0,0.0
2025-04-17 09:43:00+09:00,1685.0,1685.0,1685.0,1685.0,0,0.0,0.0
2025-04-17 09:46:00+09:00,1677.0,1677.0,1677.0,1677.0,1,0.0,0.0
2025-04-17 09:47:00+09:00,1682.0,1682.0,1682.0,1682.0,1,0.0,0.0
2025-04-17 09:59:00+09:00,1677.0,1677.0,1677.0,1677.0,185,0.0,0.0
2025-04-17 10:03:00+09:00,1677.0,1677.0,1677.0,1677.0,1409,0.0,0.0
2025-04-17 10:05:00+09:00,1677.0,1681.0,1677.0,1681.0,0,0.0,0.0
2025-04-17 10:17:00+09:00,1678.0,1678.0,1678.0,1678.0,1,0.0,0.0
2025-04-17 10:19:00+09:00,1679.0,1679.0,1672.0,1672.0,2429,0.0,0.0
2025-04-17 10:20:00+09:00,1679.0,1679.0,1679.0,1679.0,0,0.0,0.0
2025-04-17 10:21:00+09:00,1679.0,1679.0,1679.0,1679.0,1,0.0,0.0
2025-04-17 10:30:00+09:00,1679.0,1679.0,1679.0,1679.0,0,0.0,0.0
2025-04-17 10:37:00+09:00,1674.0,1674.0,1674.0,1674.0,26,0.0,0.0
2025-04-17 10:38:00+09:00,1674.0,1674.0,1674.0,1674.0,187,0.0,0.0
2025-04-17 10:39:00+09:00,1674.0,1674.0,1674.0,1674.0,147,0.0,0.0
2025-04-17 10:41:00+09:00,1674.0,1674.0,1674.0,1674.0,1674,0.0,0.0
2025-04-17 10:43:00+09:00,1673.0,1673.0,1673.0,1673.0,0,0.0,0.0
2025-04-17 10:44:00+09:00,1673.0,1673.0,1673.0,1673.0,890,0.0,0.0
2025-04-17 10:46:00+09:00,1674.0,1674.0,1674.0,1674.0,0,0.0,0.0
2025-04-17 10:49:00+09:00,1674.0,1674.0,1674.0,1674.0,5,0.0,0.0
2025-04-17 10:50:00+09:00,1678.0,1678.0,1678.0,1678.0,0,0.0,0.0
2025-04-17 11:09:00+09:00,1678.0,1678.0,1678.0,1678.0,100,0.0,0.0
2025-04-17 11:18:00+09:00,1678.0,1681.0,1678.0,1681.0,1502,0.0,0.0
2025-04-17 11:22:00+09:00,1681.0,1681.0,1681.0,1681.0,495,0.0,0.0
2025-04-17 11:32:00+09:00,1682.0,1682.0,1682.0,1682.0,2,0.0,0.0
2025-04-17 11:40:00+09:00,1682.0,1682.0,1682.0,1682.0,399,0.0,0.0
2025-04-17 11:42:00+09:00,1682.0,1682.0,1682.0,1682.0,0,0.0,0.0
2025-04-17 11:46:00+09:00,1681.0,1681.0,1681.0,1681.0,82,0.0,0.0
2025-04-17 11:52:00+09:00,1681.0,1685.0,1681.0,1685.0,1783,0.0,0.0
2025-04-17 12:06:00+09:00,1685.0,1685.0,1685.0,1685.0,0,0.0,0.0
2025-04-17 12:19:00+09:00,1684.0,1684.0,1684.0,1684.0,460,0.0,0.0
2025-04-17 12:20:00+09:00,1684.0,1690.0,1684.0,1690.0,17740,0.0,0.0
2025-04-17 12:29:00+09:00,1690.0,1690.0,1690.0,1690.0,0,0.0,0.0
2025-04-17 12:30:00+09:00,1690.0,1690.0,1690.0,1690.0,1426,0.0,0.0
2025-04-17 12:31:00+09:00,1691.0,1691.0,1690.0,1690.0,0,0.0,0.0
2025-04-17 12:32:00+09:00,1690.0,1699.0,1690.0,1699.0,4140,0.0,0.0
2025-04-17 12:33:00+09:00,1699.0,1710.0,1699.0,1710.0,4062,0.0,0.0
2025-04-17 12:34:00+09:00,1710.0,1710.0,1710.0,1710.0,29,0.0,0.0
2025-04-17 12:35:00+09:00,1710.0,1710.0,1705.0,1705.0,0,0.0,0.0
2025-04-17 12:36:00+09:00,1705.0,1705.0,1703.0,1703.0,37,0.0,0.0
2025-04-17 12:39:00+09:00,1703.0,1703.0,1703.0,1703.0,0,0.0,0.0
2025-04-17 12:45:00+09:00,1703.0,1704.0,1703.0,1704.0,2019,0.0,0.0
2025-04-17 12:49:00+09:00,1704.0,1705.0,1704.0,1705.0,319,0.0,0.0
2025-04-17 12:55:00+09:00,1704.0,1704.0,1704.0,1704.0,43,0.0,0.0
2025-04-17 12:56:00+09:00,1702.0,1702.0,1702.0,1702.0,419,0.0,0.0
2025-04-17 12:58:00+09:00,1705.0,1705.0,1705.0,1705.0,0,0.0,0.0
2025-04-17 12:59:00+09:00,1702.0,1705.0,1702.0,1705.0,6093,0.0,0.0
2025-04-17 13:00:00+09:00,1705.0,1705.0,1704.0,1705.0,637,0.0,0.0
2025-04-17 13:01:00+09:00,1709.0,1709.0,1706.0,1706.0,1190,0.0,0.0
2025-04-17 13:02:00+09:00,1709.0,1709.0,1709.0,1709.0,0,0.0,0.0
2025-04-17 13:07:00+09:00,1706.0,1709.0,1705.0,1709.0,167,0.0,0.0
2025-04-17 13:08:00+09:00,1709.0,1710.0,1709.0,1710.0,249,0.0,0.0
2025-04-17 13:17:00+09:00,1706.0,1707.0,1706.0,1706.0,295,0.0,0.0
2025-04-17 13:18:00+09:00,1707.0,1710.0,1707.0,1710.0,101,0.0,0.0
2025-04-17 13:19:00+09:00,1710.0,1710.0,1710.0,1710.0,1304,0.0,0.0
2025-04-17 13:20:00+09:00,1710.0,1710.0,1709.0,1709.0,318,0.0,0.0
2025-04-17 13:21:00+09:00,1710.0,1710.0,1710.0,1710.0,2,0.0,0.0
2025-04-17 13:24:00+09:00,1710.0,1710.0,1710.0,1710.0,58,0.0,0.0
2025-04-17 13:30:00+09:00,1710.0,1713.0,1710.0,1713.0,5493,0.0,0.0
2025-04-17 13:32:00+09:00,1713.0,1714.0,1713.0,1714.0,516,0.0,0.0
2025-04-17 13:33:00+09:00,1714.0,1714.0,1714.0,1714.0,0,0.0,0.0
2025-04-17 13:35:00+09:00,1712.0,1712.0,1712.0,1712.0,0,0.0,0.0
2025-04-17 13:38:00+09:00,1712.0,1714.0,1712.0,1714.0,121,0.0,0.0
2025-04-17 13:39:00+09:00,1714.0,1714.0,1714.0,1714.0,34,0.0,0.0
2025-04-17 13:43:00+09:00,1714.0,1714.0,1713.0,1713.0,2797,0.0,0.0
2025-04-17 13:44:00+09:00,1714.0,1714.0,1714.0,1714.0,0,0.0,0.0
2025-04-17 13:46:00+09:00,1713.0,1713.0,1713.0,1713.0,7,0.0,0.0
2025-04-17 13:47:00+09:00,1713.0,1714.0,1713.0,1714.0,1266,0.0,0.0
2025-04-17 13:48:00+09:00,1714.0,1715.0,1714.0,1715.0,398,0.0,0.0
2025-04-17 13:50:00+09:00,1714.0,1715.0,1714.0,1715.0,76,0.0,0.0
2025-04-17 13:51:00+09:00,1715.0,1715.0,1715.0,1715.0,1811,0.0,0.0
2025-04-17 13:52:00+09:00,1715.0,1720.0,1715.0,1720.0,478,0.0,0.0
2025-04-17 13:53:00+09:00,1720.0,1720.0,1716.0,1720.0,2458,0.0,0.0
2025-04-17 13:54:00+09:00,1720.0,1725.0,1720.0,1725.0,1565,0.0,0.0
2025-04-17 13:56:00+09:00,1725.0,1725.0,1724.0,1724.0,0,0.0,0.0
2025-04-17 13:57:00+09:00,1724.0,1730.0,1724.0,1730.0,673,0.0,0.0
2025-04-17 13:58:00+09:00,1730.0,1730.0,1730.0,1730.0,781,0.0,0.0
2025-04-17 14:01:00+09:00,1730.0,1730.0,1730.0,1730.0,0,0.0,0.0
2025-04-17 14:02:00+09:00,1730.0,1730.0,1730.0,1730.0,2078,0.0,0.0
2025-04-17 14:03:00+09:00,1727.0,1730.0,1725.0,1725.0,11,0.0,0.0
2025-04-17 14:04:00+09:00,1730.0,1730.0,1730.0,1730.0,19,0.0,0.0
2025-04-17 14:05:00+09:00,1729.0,1729.0,1729.0,1729.0,0,0.0,0.0
2025-04-17 14:07:00+09:00,1727.0,1727.0,1726.0,1726.0,21,0.0,0.0
2025-04-17 14:08:00+09:00,1727.0,1728.0,1727.0,1728.0,61,0.0,0.0
2025-04-17 14:09:00+09:00,1726.0,1726.0,1726.0,1726.0,154,0.0,0.0
2025-04-17 14:11:00+09:00,1725.0,1725.0,1725.0,1725.0,200,0.0,0.0
2025-04-17 14:13:00+09:00,1725.0,1725.0,1725.0,1725.0,0,0.0,0.0
2025-04-17 14:14:00+09:00,1725.0,1725.0,1725.0,1725.0,0,0.0,0.0
2025-04-17 14:18:00+09:00,1726.0,1728.0,1726.0,1728.0,130,0.0,0.0
2025-04-17 14:19:00+09:00,1728.0,1728.0,1728.0,1728.0,179,0.0,0.0
2025-04-17 14:20:00+09:00,1729.0,1729.0,1729.0,1729.0,0,0.0,0.0
2025-04-17 14:22:00+09:00,1729.0,1729.0,1728.0,1728.0,41,0.0,0.0
2025-04-17 14:23:00+09:00,1728.0,1729.0,1728.0,1729.0,30,0.0,0.0
2025-04-17 14:24:00+09:00,1729.0,1729.0,1729.0,1729.0,54,0.0,0.0
2025-04-17 14:25:00+09:00,1729.0,1729.0,1729.0,1729.0,300,0.0,0.0
2025-04-17 14:26:00+09:00,1728.0,1728.0,1728.0,1728.0,0,0.0,0.0
2025-04-17 14:27:00+09:00,1728.0,1728.0,1728.0,1728.0,19,0.0,0.0
2025-04-17 14:30:00+09:00,1728.0,1728.0,1728.0,1728.0,1020,0.0,0.0
2025-04-17 14:31:00+09:00,1728.0,1728.0,1728.0,1728.0,0,0.0,0.0
2025-04-17 14:32:00+09:00,1727.0,1727.0,1725.0,1725.0,4515,0.0,0.0
2025-04-17 14:35:00+09:00,1725.0,1725.0,1724.0,1724.0,0,0.0,0.0
2025-04-17 14:37:00+09:00,1724.0,1724.0,1724.0,1724.0,74,0.0,0.0
2025-04-17 14:38:00+09:00,1724.0,1728.0,1724.0,1728.0,147,0.0,0.0
2025-04-17 14:39:00+09:00,1724.0,1724.0,1724.0,1724.0,499,0.0,0.0
2025-04-17 14:40:00+09:00,1728.0,1728.0,1728.0,1728.0,2,0.0,0.0
2025-04-17 14:47:00+09:00,1726.0,1728.0,1726.0,1728.0,51,0.0,0.0
2025-04-17 14:48:00+09:00,1726.0,1726.0,1726.0,1726.0,1,0.0,0.0
2025-04-17 14:50:00+09:00,1726.0,1728.0,1726.0,1728.0,55,0.0,0.0
2025-04-17 14:51:00+09:00,1723.0,1723.0,1723.0,1723.0,1400,0.0,0.0
2025-04-17 14:52:00+09:00,1725.0,1725.0,1725.0,1725.0,0,0.0,0.0
2025-04-17 14:53:00+09:00,1725.0,1727.0,1725.0,1727.0,49,0.0,0.0
2025-04-17 14:57:00+09:00,1727.0,1727.0,1727.0,1727.0,2,0.0,0.0
2025-04-17 14:58:00+09:00,1726.0,1727.0,1726.0,1727.0,2,0.0,0.0
2025-04-18 09:00:00+09:00,1735.0,1735.0,1730.0,1730.0,112,0.0,0.0
2025-04-18 09:02:00+09:00,1730.0,1732.0,1730.0,1732.0,82,0.0,0.0
2025-04-18 09:03:00+09:00,1731.0,1732.0,1731.0,1732.0,105,0.0,0.0
2025-04-18 09:04:00+09:00,1732.0,1732.0,1732.0,1732.0,493,0.0,0.0
2025-04-18 09:06:00+09:00,1733.0,1733.0,1720.0,1721.0,395,0.0,0.0
2025-04-18 09:07:00+09:00,1720.0,1720.0,1719.0,1720.0,1028,0.0,0.0
2025-04-18 09:08:00+09:00,1720.0,1720.0,1719.0,1719.0,311,0.0,0.0
2025-04-18 09:09:00+09:00,1719.0,1719.0,1719.0,1719.0,290,0.0,0.0
2025-04-18 09:10:00+09:00,1712.0,1712.0,1712.0,1712.0,715,0.0,0.0
2025-04-18 09:11:00+09:00,1720.0,1720.0,1720.0,1720.0,0,0.0,0.0
2025-04-18 09:13:00+09:00,1732.0,1732.0,1732.0,1732.0,0,0.0,0.0
2025-04-18 09:15:00+09:00,1728.0,1728.0,1717.0,1717.0,1282,0.0,0.0
2025-04-18 09:16:00+09:00,1716.0,1733.0,1716.0,1733.0,244,0.0,0.0
2025-04-18 09:17:00+09:00,1733.0,1733.0,1733.0,1733.0,0,0.0,0.0
2025-04-18 09:18:00+09:00,1733.0,1733.0,1733.0,1733.0,599,0.0,0.0
2025-04-18 09:21:00+09:00,1728.0,1728.0,1728.0,1728.0,0,0.0,0.0
2025-04-18 09:22:00+09:00,1729.0,1733.0,1729.0,1733.0,5,0.0,0.0
2025-04-18 09:28:00+09:00,1731.0,1731.0,1731.0,1731.0,2,0.0,0.0
2025-04-18 09:35:00+09:00,1731.0,1731.0,1731.0,1731.0,9,0.0,0.0
2025-04-18 09:37:00+09:00,1731.0,1731.0,1722.0,1731.0,407,0.0,0.0
2025-04-18 09:43:00+09:00,1722.0,1722.0,1721.0,1721.0,526,0.0,0.0
2025-04-18 09:44:00+09:00,1730.0,1731.0,1730.0,1731.0,0,0.0,0.0
2025-04-18 09:45:00+09:00,1731.0,1731.0,1731.0,1731.0,0,0.0,0.0
2025-04-18 09:47:00+09:00,1731.0,1731.0,1731.0,1731.0,15,0.0,0.0
2025-04-18 09:50:00+09:00,1731.0,1731.0,1731.0,1731.0,137,0.0,0.0
2025-04-18 09:51:00+09:00,1726.0,1731.0,1725.0,1731.0,74,0.0,0.0
2025-04-18 09:52:00+09:00,1725.0,1731.0,1725.0,1731.0,80,0.0,0.0
2025-04-18 09:54:00+09:00,1728.0,1731.0,1728.0,1731.0,55,0.0,0.0
2025-04-18 09:55:00+09:00,1731.0,1731.0,1731.0,1731.0,8,0.0,0.0
2025-04-18 09:58:00+09:00,1731.0,1731.0,1731.0,1731.0,32,0.0,0.0
2025-04-18 09:59:00+09:00,1731.0,1734.0,1731.0,1734.0,39,0.0,0.0
2025-04-18 10:01:00+09:00,1730.0,1730.0,1728.0,1728.0,263,0.0,0.0
2025-04-18 10:04:00+09:00,1730.0,1734.0,1730.0,1731.0,0,0.0,0.0
2025-04-18 10:05:00+09:00,1730.0,1733.0,1730.0,1733.0,101,0.0,0.0
2025-04-18 10:06:00+09:00,1733.0,1733.0,1733.0,1733.0,299,0.0,0.0
2025-04-18 10:08:00+09:00,1729.0,1734.0,1729.0,1734.0,192,0.0,0.0
2025-04-18 10:11:00+09:00,1731.0,1733.0,1731.0,1733.0,4,0.0,0.0
2025-04-18 10:13:00+09:00,1730.0,1733.0,1730.0,1733.0,11,0.0,0.0
2025-04-18 10:14:00+09:00,1733.0,1733.0,1733.0,1733.0,9,0.0,0.0
2025-04-18 10:15:00+09:00,1733.0,1733.0,1733.0,1733.0,29,0.0,0.0
2025-04-18 10:16:00+09:00,1732.0,1733.0,1732.0,1733.0,95,0.0,0.0
2025-04-18 10:18:00+09:00,1733.0,1735.0,1733.0,1735.0,1713,0.0,0.0
2025-04-18 10:19:00+09:00,1735.0,1737.0,1735.0,1737.0,1358,0.0,0.0
2025-04-18 10:22:00+09:00,1737.0,1737.0,1737.0,1737.0,0,0.0,0.0
2025-04-18 10:23:00+09:00,1737.0,1739.0,1737.0,1739.0,1485,0.0,0.0
2025-04-18 10:27:00+09:00,1734.0,1734.0,1734.0,1734.0,58,0.0,0.0
2025-04-18 10:28:00+09:00,1738.0,1738.0,1738.0,1738.0,0,0.0,0.0
2025-04-18 10:29:00+09:00,1737.0,1737.0,1737.0,1737.0,0,0.0,0.0
2025-04-18 10:30:00+09:00,1734.0,1734.0,1730.0,1730.0,3276,0.0,0.0
2025-04-18 10:34:00+09:00,1737.0,1737.0,1737.0,1737.0,0,0.0,0.0
2025-04-18 10:43:00+09:00,1730.0,1730.0,1730.0,1730.0,224,0.0,0.0
2025-04-18 10:45:00+09:00,1731.0,1731.0,1731.0,1731.0,0,0.0,0.0
2025-04-18 10:48:00+09:00,1732.0,1734.0,1732.0,1734.0,4,0.0,0.0
2025-04-18 10:50:00+09:00,1732.0,1732.0,1732.0,1732.0,24,0.0,0.0
2025-04-18 10:52:00+09:00,1734.0,1734.0,1732.0,1732.0,53,0.0,0.0
2025-04-18 10:53:00+09:00,1731.0,1731.0,1731.0,1731.0,0,0.0,0.0
2025-04-18 10:54:00+09:00,1731.0,1731.0,1730.0,1730.0,29,0.0,0.0
2025-04-18 10:55:00+09:00,1731.0,1731.0,1731.0,1731.0,0,0.0,0.0
2025-04-18 10:56:00+09:00,1732.0,1732.0,1732.0,1732.0,2,0.0,0.0
2025-04-18 11:01:00+09:00,1730.0,1730.0,1730.0,1730.0,73,0.0,0.0
2025-04-18 11:02:00+09:00,1730.0,1730.0,1730.0,1730.0,0,0.0,0.0
2025-04-18 11:10:00+09:00,1731.0,1731.0,1731.0,1731.0,0,0.0,0.0
2025-04-18 11:15:00+09:00,1730.0,1730.0,1730.0,1730.0,3,0.0,0.0
2025-04-18 11:20:00+09:00,1728.0,1728.0,1728.0,1728.0,346,0.0,0.0
2025-04-18 11:24:00+09:00,1731.0,1731.0,1731.0,1731.0,1,0.0,0.0
2025-04-18 11:28:00+09:00,1728.0,1728.0,1728.0,1728.0,72,0.0,0.0
2025-04-18 11:29:00+09:00,1728.0,1728.0,1722.0,1722.0,602,0.0,0.0
2025-04-18 11:33:00+09:00,1722.0,1722.0,1722.0,1722.0,539,0.0,0.0
2025-04-18 11:36:00+09:00,1723.0,1723.0,1722.0,1722.0,0,0.0,0.0
2025-04-18 11:38:00+09:00,1728.0,1728.0,1728.0,1728.0,1,0.0,0.0
2025-04-18 11:40:00+09:00,1728.0,1728.0,1728.0,1728.0,2,0.0,0.0
2025-04-18 11:41:00+09:00,1724.0,1724.0,1724.0,1724.0,51,0.0,0.0
2025-04-18 11:43:00+09:00,1728.0,1728.0,1728.0,1728.0,1,0.0,0.0
2025-04-18 11:44:00+09:00,1728.0,1728.0,1728.0,1728.0,1,0.0,0.0
2025-04-18 12:00:00+09:00,1728.0,1728.0,1728.0,1728.0,119,0.0,0.0
2025-04-18 12:01:00+09:00,1728.0,1728.0,1728.0,1728.0,0,0.0,0.0
2025-04-18 12:04:00+09:00,1723.0,1723.0,1723.0,1723.0,369,0.0,0.0
2025-04-18 12:05:00+09:00,1727.0,1727.0,1727.0,1727.0,0,0.0,0.0
2025-04-18 12:10:00+09:00,1727.0,1727.0,1727.0,1727.0,1,0.0,0.0
2025-04-18 12:29:00+09:00,1727.0,1727.0,1727.0,1727.0,33,0.0,0.0
2025-04-18 12:33:00+09:00,1727.0,1727.0,1727.0,1727.0,3,0.0,0.0
2025-04-18 12:38:00+09:00,1727.0,1727.0,1725.0,1725.0,1222,0.0,0.0
2025-04-18 12:40:00+09:00,1727.0,1727.0,1727.0,1727.0,2,0.0,0.0
2025-04-18 12:41:00+09:00,1727.0,1727.0,1727.0,1727.0,57,0.0,0.0
2025-04-18 12:42:00+09:00,1727.0,1727.0,1727.0,1727.0,57,0.0,0.0
2025-04-18 12:44:00+09:00,1727.0,1727.0,1727.0,1727.0,35,0.0,0.0
2025-04-18 12:45:00+09:00,1727.0,1727.0,1727.0,1727.0,0,0.0,0.0
2025-04-18 12:50:00+09:00,1727.0,1727.0,1727.0,1727.0,19,0.0,0.0
2025-04-18 12:51:00+09:00,1727.0,1727.0,1727.0,1727.0,10,0.0,0.0
2025-04-18 12:59:00+09:00,1727.0,1727.0,1727.0,1727.0,100,0.0,0.0
2025-04-18 13:00:00+09:00,1727.0,1727.0,1727.0,1727.0,1105,0.0,0.0
2025-04-18 13:01:00+09:00,1727.0,1727.0,1727.0,1727.0,250,0.0,0.0
2025-04-18 13:02:00+09:00,1727.0,1727.0,1727.0,1727.0,200,0.0,0.0
2025-04-18 13:03:00+09:00,1727.0,1727.0,1727.0,1727.0,100,0.0,0.0
2025-04-18 13:09:00+09:00,1727.0,1740.0,1727.0,1740.0,10883,0.0,0.0
2025-04-18 13:12:00+09:00,1740.0,1740.0,1740.0,1740.0,2792,0.0,0.0
2025-04-18 13:15:00+09:00,1738.0,1738.0,1738.0,1738.0,0,0.0,0.0
2025-04-18 13:16:00+09:00,1733.0,1733.0,1732.0,1732.0,62,0.0,0.0
2025-04-18 13:17:00+09:00,1732.0,1732.0,1732.0,1732.0,33,0.0,0.0
2025-04-18 13:18:00+09:00,1738.0,1738.0,1738.0,1738.0,0,0.0,0.0
2025-04-18 13:19:00+09:00,1737.0,1737.0,1737.0,1737.0,0,0.0,0.0
2025-04-18 13:23:00+09:00,1732.0,1738.0,1732.0,1738.0,2,0.0,0.0
2025-04-18 13:34:00+09:00,1732.0,1732.0,1732.0,1732.0,16,0.0,0.0
2025-04-18 13:35:00+09:00,1732.0,1732.0,1732.0,1732.0,0,0.0,0.0
2025-04-18 13:38:00+09:00,1738.0,1738.0,1738.0,1738.0,22,0.0,0.0
2025-04-18 13:39:00+09:00,1738.0,1738.0,1738.0,1738.0,7,0.0,0.0
2025-04-18 13:42:00+09:00,1737.0,1737.0,1737.0,1737.0,1,0.0,0.0
2025-04-18 13:52:00+09:00,1737.0,1737.0,1737.0,1737.0,200,0.0,0.0
2025-04-18 14:01:00+09:00,1736.0,1736.0,1735.0,1735.0,3,0.0,0.0
2025-04-18 14:15:00+09:00,1735.0,1736.0,1735.0,1735.0,226,0.0,0.0
2025-04-18 14:16:00+09:00,1735.0,1736.0,1735.0,1736.0,31,0.0,0.0
2025-04-18 14:17:00+09:00,1736.0,1736.0,1736.0,1736.0,88,0.0,0.0
2025-04-18 14:19:00+09:00,1736.0,1736.0,1736.0,1736.0,0,0.0,0.0
2025-04-18 14:20:00+09:00,1736.0,1736.0,1736.0,1736.0,3,0.0,0.0
2025-04-18 14:22:00+09:00,1735.0,1735.0,1735.0,1735.0,146,0.0,0.0
2025-04-18 14:23:00+09:00,1734.0,1734.0,1734.0,1734.0,237,0.0,0.0
2025-04-18 14:24:00+09:00,1733.0,1733.0,1732.0,1732.0,740,0.0,0.0
2025-04-18 14:25:00+09:00,1734.0,1734.0,1734.0,1734.0,4,0.0,0.0
2025-04-18 14:29:00+09:00,1734.0,1734.0,1734.0,1734.0,0,0.0,0.0
2025-04-18 14:34:00+09:00,1733.0,1734.0,1731.0,1734.0,1257,0.0,0.0
2025-04-18 14:35:00+09:00,1734.0,1734.0,1734.0,1734.0,1,0.0,0.0
2025-04-18 14:36:00+09:00,1734.0,1734.0,1734.0,1734.0,9,0.0,0.0
2025-04-18 14:37:00+09:00,1734.0,1734.0,1734.0,1734.0,19,0.0,0.0
2025-04-18 14:38:00+09:00,1734.0,1734.0,1734.0,1734.0,0,0.0,0.0
2025-04-18 14:49:00+09:00,1734.0,1734.0,1732.0,1732.0,7,0.0,0.0
2025-04-18 14:50:00+09:00,1732.0,1732.0,1732.0,1732.0,17,0.0,0.0
2025-04-18 14:51:00+09:00,1732.0,1734.0,1732.0,1734.0,0,0.0,0.0
2025-04-18 14:55:00+09:00,1732.0,1732.0,1732.0,1732.0,60,0.0,0.0
2025-04-18 14:59:00+09:00,1732.0,1732.0,1732.0,1732.0,36,0.0,0.0
