Datetime,Open,High,Low,Close,Volume,Dividends,Stock Splits
2024-05-23 09:30:00-04:00,211.19000244140625,211.58999633789062,210.89649963378906,210.89649963378906,20885,0.0,0.0
2024-05-23 09:35:00-04:00,211.4600067138672,211.5399932861328,210.68499755859375,210.68499755859375,8241,0.0,0.0
2024-05-23 09:40:00-04:00,210.5800018310547,210.6999969482422,210.32000732421875,210.47999572753906,5224,0.0,0.0
2024-05-23 09:45:00-04:00,210.2899932861328,210.77000427246094,210.15499877929688,210.77000427246094,11482,0.0,0.0
2024-05-23 09:50:00-04:00,210.75999450683594,210.83200073242188,210.52000427246094,210.61000061035156,8640,0.0,0.0
2024-05-23 09:55:00-04:00,210.75999450683594,211.25,210.6999969482422,211.24000549316406,10789,0.0,0.0
2024-05-23 10:00:00-04:00,211.25,211.50999450683594,211.1999969482422,211.32000732421875,13967,0.0,0.0
2024-05-23 10:05:00-04:00,211.2550048828125,211.4199981689453,211.22000122070312,211.3800048828125,10575,0.0,0.0
2024-05-23 10:10:00-04:00,211.3699951171875,211.69000244140625,211.3699951171875,211.5,8530,0.0,0.0
2024-05-23 10:15:00-04:00,211.6300048828125,211.75,211.3000030517578,211.39500427246094,18016,0.0,0.0
2024-05-23 10:20:00-04:00,211.3800048828125,211.3800048828125,211.19949340820312,211.19949340820312,6641,0.0,0.0
2024-05-23 10:25:00-04:00,211.39999389648438,211.44000244140625,211.22000122070312,211.2899932861328,7819,0.0,0.0
2024-05-23 10:30:00-04:00,211.3000030517578,211.8800048828125,211.22000122070312,211.4199981689453,73234,0.0,0.0
2024-05-23 10:35:00-04:00,211.3300018310547,211.64410400390625,211.2899932861328,211.64410400390625,7819,0.0,0.0
2024-05-23 10:40:00-04:00,211.6999969482422,211.74000549316406,211.52999877929688,211.5800018310547,6406,0.0,0.0
2024-05-23 10:45:00-04:00,211.61000061035156,211.7100067138672,211.5050048828125,211.7100067138672,7564,0.0,0.0
2024-05-23 10:50:00-04:00,211.7100067138672,211.8249969482422,211.60000610351562,211.6300048828125,11862,0.0,0.0
2024-05-23 10:55:00-04:00,211.65499877929688,211.75,211.6199951171875,211.73500061035156,7158,0.0,0.0
2024-05-23 11:00:00-04:00,211.6999969482422,211.73500061035156,211.5800018310547,211.6199951171875,10389,0.0,0.0
2024-05-23 11:05:00-04:00,211.57000732421875,211.61500549316406,211.50999450683594,211.61500549316406,4173,0.0,0.0
2024-05-23 11:10:00-04:00,211.61500549316406,211.8000030517578,211.61500549316406,211.7899932861328,5573,0.0,0.0
2024-05-23 11:15:00-04:00,211.75999450683594,212.32000732421875,211.75999450683594,212.2899932861328,42911,0.0,0.0
2024-05-23 11:20:00-04:00,212.35000610351562,212.38499450683594,212.17999267578125,212.36000061035156,10449,0.0,0.0
2024-05-23 11:25:00-04:00,212.36000061035156,212.40899658203125,212.2899932861328,212.30999755859375,6193,0.0,0.0
2024-05-23 11:30:00-04:00,212.32000732421875,212.69000244140625,212.32000732421875,212.6199951171875,6117,0.0,0.0
2024-05-23 11:35:00-04:00,212.6199951171875,212.69000244140625,212.55999755859375,212.63999938964844,8480,0.0,0.0
2024-05-23 11:40:00-04:00,212.6929931640625,212.75,212.49000549316406,212.57000732421875,10751,0.0,0.0
2024-05-23 11:45:00-04:00,212.6042938232422,212.67999267578125,212.52000427246094,212.57000732421875,10226,0.0,0.0
2024-05-23 11:50:00-04:00,212.5749969482422,212.6199951171875,212.49029541015625,212.55499267578125,7367,0.0,0.0
2024-05-23 11:55:00-04:00,212.57000732421875,212.72999572753906,212.50999450683594,212.6649932861328,8274,0.0,0.0
2024-05-23 12:00:00-04:00,212.6909942626953,212.69590759277344,212.52999877929688,212.5500030517578,6404,0.0,0.0
2024-05-23 12:05:00-04:00,212.55999755859375,212.55999755859375,212.36000061035156,212.40499877929688,6732,0.0,0.0
2024-05-23 12:10:00-04:00,212.4600067138672,212.52000427246094,212.41000366210938,212.46499633789062,11602,0.0,0.0
2024-05-23 12:15:00-04:00,212.5458984375,212.5800018310547,212.36000061035156,212.36000061035156,5812,0.0,0.0
2024-05-23 12:20:00-04:00,212.4600067138672,212.4600067138672,212.33999633789062,212.33999633789062,6485,0.0,0.0
2024-05-23 12:25:00-04:00,212.41000366210938,212.41000366210938,212.2100067138672,212.25,11714,0.0,0.0
2024-05-23 12:30:00-04:00,212.22999572753906,212.27999877929688,212.09500122070312,212.09500122070312,8299,0.0,0.0
2024-05-23 12:35:00-04:00,212.09500122070312,212.4499969482422,212.09500122070312,212.2899932861328,6400,0.0,0.0
2024-05-23 12:40:00-04:00,212.3249969482422,212.3249969482422,212.19000244140625,212.22000122070312,6299,0.0,0.0
2024-05-23 12:45:00-04:00,212.22500610351562,212.25999450683594,212.13999938964844,212.17999267578125,6150,0.0,0.0
2024-05-23 12:50:00-04:00,212.1300048828125,212.1699981689453,212.07000732421875,212.07000732421875,3299,0.0,0.0
2024-05-23 12:55:00-04:00,212.13999938964844,212.13999938964844,211.99000549316406,212.11000061035156,7017,0.0,0.0
2024-05-23 13:00:00-04:00,212.07000732421875,212.12989807128906,212.0500030517578,212.1199951171875,3344,0.0,0.0
2024-05-23 13:05:00-04:00,212.11599731445312,212.1199951171875,212.07000732421875,212.07000732421875,3449,0.0,0.0
2024-05-23 13:10:00-04:00,212.08999633789062,212.15499877929688,212.02000427246094,212.07000732421875,107978,0.0,0.0
2024-05-23 13:15:00-04:00,211.99000549316406,212.00999450683594,211.88999938964844,211.92999267578125,3398,0.0,0.0
2024-05-23 13:20:00-04:00,211.85000610351562,211.89999389648438,211.75999450683594,211.85000610351562,5345,0.0,0.0
2024-05-23 13:25:00-04:00,211.8000030517578,211.91000366210938,211.8000030517578,211.8300018310547,5820,0.0,0.0
2024-05-23 13:30:00-04:00,211.7899932861328,211.8800048828125,211.66000366210938,211.8800048828125,22706,0.0,0.0
2024-05-23 13:35:00-04:00,211.8699951171875,211.9250030517578,211.69000244140625,211.72999572753906,18865,0.0,0.0
2024-05-23 13:40:00-04:00,211.75999450683594,211.82000732421875,211.69000244140625,211.80999755859375,9760,0.0,0.0
2024-05-23 13:45:00-04:00,211.75,211.80990600585938,211.4499969482422,211.5399932861328,24702,0.0,0.0
2024-05-23 13:50:00-04:00,211.5,211.69000244140625,211.5,211.6199951171875,8818,0.0,0.0
2024-05-23 13:55:00-04:00,211.60000610351562,211.99000549316406,211.5399932861328,211.99000549316406,14421,0.0,0.0
2024-05-23 14:00:00-04:00,211.9600067138672,212.22000122070312,211.9600067138672,212.1300048828125,42100,0.0,0.0
2024-05-23 14:05:00-04:00,212.1300048828125,212.30999755859375,211.8699951171875,212.30999755859375,16561,0.0,0.0
2024-05-23 14:10:00-04:00,212.22999572753906,212.27999877929688,211.99000549316406,211.99000549316406,17935,0.0,0.0
2024-05-23 14:15:00-04:00,211.97999572753906,212.10000610351562,211.85000610351562,211.85000610351562,23701,0.0,0.0
2024-05-23 14:20:00-04:00,211.82000732421875,211.92999267578125,211.7899932861328,211.92999267578125,10578,0.0,0.0
2024-05-23 14:25:00-04:00,211.92999267578125,212.02000427246094,211.9149932861328,211.96499633789062,23574,0.0,0.0
2024-05-23 14:30:00-04:00,211.88999938964844,212.0,211.86000061035156,211.99000549316406,13294,0.0,0.0
2024-05-23 14:35:00-04:00,211.97999572753906,212.0800018310547,211.9600067138672,211.9600067138672,25446,0.0,0.0
2024-05-23 14:40:00-04:00,211.88499450683594,212.0500030517578,211.80999755859375,212.00999450683594,9328,0.0,0.0
2024-05-23 14:45:00-04:00,212.0,212.02999877929688,211.94500732421875,212.0,9697,0.0,0.0
2024-05-23 14:50:00-04:00,212.02000427246094,212.1300048828125,211.92999267578125,212.00999450683594,15404,0.0,0.0
2024-05-23 14:55:00-04:00,212.02000427246094,212.0399932861328,211.97000122070312,211.97000122070312,11462,0.0,0.0
2024-05-23 15:00:00-04:00,211.9499969482422,212.11000061035156,211.9499969482422,212.08999633789062,9021,0.0,0.0
2024-05-23 15:05:00-04:00,212.03500366210938,212.0800018310547,211.9499969482422,211.96499633789062,18248,0.0,0.0
2024-05-23 15:10:00-04:00,211.97000122070312,212.52999877929688,211.97000122070312,212.47999572753906,17433,0.0,0.0
2024-05-23 15:15:00-04:00,212.47999572753906,212.60000610351562,212.44000244140625,212.53500366210938,15489,0.0,0.0
2024-05-23 15:20:00-04:00,212.53500366210938,212.71499633789062,212.52000427246094,212.57000732421875,23137,0.0,0.0
2024-05-23 15:25:00-04:00,212.58999633789062,212.69000244140625,212.34100341796875,212.34100341796875,19008,0.0,0.0
2024-05-23 15:30:00-04:00,212.41000366210938,212.47000122070312,212.30999755859375,212.31500244140625,18370,0.0,0.0
2024-05-23 15:35:00-04:00,212.38999938964844,212.4600067138672,212.22000122070312,212.25,31966,0.0,0.0
2024-05-23 15:40:00-04:00,212.2259979248047,212.27999877929688,211.92999267578125,212.22999572753906,28559,0.0,0.0
2024-05-23 15:45:00-04:00,212.19000244140625,212.2050018310547,211.91000366210938,212.03500366210938,26660,0.0,0.0
2024-05-23 15:50:00-04:00,212.07000732421875,212.25999450683594,211.88999938964844,212.2100067138672,55202,0.0,0.0
2024-05-23 15:55:00-04:00,212.22999572753906,212.3300018310547,211.97500610351562,212.05999755859375,166898,0.0,0.0
2024-05-24 09:30:00-04:00,212.97000122070312,213.24710083007812,212.76499938964844,213.11000061035156,18590,0.0,0.0
2024-05-24 09:35:00-04:00,213.05499267578125,213.875,212.9499969482422,213.5,40079,0.0,0.0
2024-05-24 09:40:00-04:00,213.42999267578125,213.92999267578125,213.38999938964844,213.92999267578125,8964,0.0,0.0
2024-05-24 09:45:00-04:00,213.8000030517578,213.8000030517578,213.3699951171875,213.6300048828125,15865,0.0,0.0
2024-05-24 09:50:00-04:00,213.60000610351562,213.66729736328125,213.52499389648438,213.58999633789062,10642,0.0,0.0
2024-05-24 09:55:00-04:00,213.58999633789062,213.60000610351562,213.44500732421875,213.55499267578125,19884,0.0,0.0
2024-05-24 10:00:00-04:00,213.5749969482422,214.16000366210938,213.5749969482422,213.88499450683594,15850,0.0,0.0
2024-05-24 10:05:00-04:00,213.8000030517578,213.88999938964844,213.7100067138672,213.80999755859375,17477,0.0,0.0
2024-05-24 10:10:00-04:00,213.77000427246094,213.77999877929688,213.6199951171875,213.71499633789062,9722,0.0,0.0
2024-05-24 10:15:00-04:00,213.67999267578125,213.67999267578125,213.38999938964844,213.60000610351562,7655,0.0,0.0
2024-05-24 10:20:00-04:00,213.60000610351562,213.7100067138672,213.57000732421875,213.67999267578125,7780,0.0,0.0
2024-05-24 10:25:00-04:00,213.67999267578125,213.67999267578125,213.60000610351562,213.6199951171875,4871,0.0,0.0
2024-05-24 10:30:00-04:00,213.63999938964844,213.72999572753906,213.47000122070312,213.55999755859375,11278,0.0,0.0
2024-05-24 10:35:00-04:00,213.52000427246094,213.6199951171875,213.5,213.6199951171875,10691,0.0,0.0
2024-05-24 10:40:00-04:00,213.64010620117188,213.6699981689453,213.5399932861328,213.55999755859375,7597,0.0,0.0
2024-05-24 10:45:00-04:00,213.5395050048828,213.55999755859375,213.38499450683594,213.55999755859375,9820,0.0,0.0
2024-05-24 10:50:00-04:00,213.6300048828125,213.8300018310547,213.6300048828125,213.77000427246094,8349,0.0,0.0
2024-05-24 10:55:00-04:00,213.7550048828125,213.8000030517578,213.63999938964844,213.8000030517578,15564,0.0,0.0
2024-05-24 11:00:00-04:00,213.77999877929688,213.8000030517578,213.57000732421875,213.66000366210938,9700,0.0,0.0
2024-05-24 11:05:00-04:00,213.60159301757812,213.72000122070312,213.55999755859375,213.68499755859375,9703,0.0,0.0
2024-05-24 11:10:00-04:00,213.67999267578125,213.74000549316406,213.67999267578125,213.72500610351562,3191,0.0,0.0
2024-05-24 11:15:00-04:00,213.74000549316406,213.74000549316406,213.64999389648438,213.64999389648438,3376,0.0,0.0
2024-05-24 11:20:00-04:00,213.60000610351562,213.6300048828125,213.55999755859375,213.6199951171875,10088,0.0,0.0
2024-05-24 11:25:00-04:00,213.60000610351562,213.64939880371094,213.58999633789062,213.58999633789062,3622,0.0,0.0
2024-05-24 11:30:00-04:00,213.5749969482422,213.6999969482422,213.5749969482422,213.6999969482422,7444,0.0,0.0
2024-05-24 11:35:00-04:00,213.67999267578125,213.67999267578125,213.4600067138672,213.50999450683594,13461,0.0,0.0
2024-05-24 11:40:00-04:00,213.50999450683594,213.75999450683594,213.5050048828125,213.75999450683594,8747,0.0,0.0
2024-05-24 11:45:00-04:00,213.6699981689453,213.77499389648438,213.66000366210938,213.77499389648438,6292,0.0,0.0
2024-05-24 11:50:00-04:00,213.80999755859375,213.94000244140625,213.75,213.8800048828125,15515,0.0,0.0
2024-05-24 11:55:00-04:00,213.89999389648438,214.02000427246094,213.8699951171875,213.98480224609375,17561,0.0,0.0
2024-05-24 12:00:00-04:00,213.97500610351562,214.25,213.97500610351562,214.24000549316406,5672,0.0,0.0
2024-05-24 12:05:00-04:00,214.24000549316406,214.24000549316406,214.14999389648438,214.22999572753906,9418,0.0,0.0
2024-05-24 12:10:00-04:00,214.24000549316406,214.36000061035156,214.1699981689453,214.1999969482422,8938,0.0,0.0
2024-05-24 12:15:00-04:00,214.11599731445312,214.11599731445312,213.97500610351562,214.07000732421875,7341,0.0,0.0
2024-05-24 12:20:00-04:00,213.89999389648438,213.99620056152344,213.88999938964844,213.88999938964844,14324,0.0,0.0
2024-05-24 12:25:00-04:00,213.94000244140625,213.96290588378906,213.6999969482422,213.6999969482422,4346,0.0,0.0
2024-05-24 12:30:00-04:00,213.75,213.80999755859375,213.5500030517578,213.59500122070312,8955,0.0,0.0
2024-05-24 12:35:00-04:00,213.5850067138672,213.58999633789062,213.5800018310547,213.58999633789062,2181,0.0,0.0
2024-05-24 12:40:00-04:00,213.58999633789062,213.86000061035156,213.58999633789062,213.86000061035156,9440,0.0,0.0
2024-05-24 12:45:00-04:00,213.80999755859375,214.0399932861328,213.80999755859375,214.00999450683594,7155,0.0,0.0
2024-05-24 12:50:00-04:00,213.9499969482422,214.02499389648438,213.91700744628906,214.02000427246094,7422,0.0,0.0
2024-05-24 12:55:00-04:00,214.0,214.03500366210938,213.98500061035156,214.0,4912,0.0,0.0
2024-05-24 13:00:00-04:00,213.9842071533203,214.07000732421875,213.9842071533203,214.05999755859375,3769,0.0,0.0
2024-05-24 13:05:00-04:00,214.0399932861328,214.21499633789062,214.0399932861328,214.1999969482422,9560,0.0,0.0
2024-05-24 13:10:00-04:00,214.1699981689453,214.1699981689453,213.97999572753906,214.0,25965,0.0,0.0
2024-05-24 13:15:00-04:00,213.91000366210938,214.11000061035156,213.8800048828125,214.11000061035156,17402,0.0,0.0
2024-05-24 13:20:00-04:00,214.1199951171875,214.47000122070312,214.1199951171875,214.47000122070312,7658,0.0,0.0
2024-05-24 13:25:00-04:00,214.47000122070312,214.61500549316406,214.47000122070312,214.60000610351562,16815,0.0,0.0
2024-05-24 13:30:00-04:00,214.5800018310547,214.5800018310547,214.42999267578125,214.47000122070312,21480,0.0,0.0
2024-05-24 13:35:00-04:00,214.5,214.52000427246094,214.44000244140625,214.4949951171875,14626,0.0,0.0
2024-05-24 13:40:00-04:00,214.4949951171875,214.55999755859375,214.49000549316406,214.52499389648438,13628,0.0,0.0
2024-05-24 13:45:00-04:00,214.52499389648438,214.52999877929688,214.25999450683594,214.30499267578125,23063,0.0,0.0
2024-05-24 13:50:00-04:00,214.30499267578125,214.30499267578125,213.9600067138672,214.0500030517578,8074,0.0,0.0
2024-05-24 13:55:00-04:00,214.0482940673828,214.10000610351562,214.00999450683594,214.10000610351562,9582,0.0,0.0
2024-05-24 14:00:00-04:00,214.13999938964844,214.28990173339844,214.13999938964844,214.28990173339844,4851,0.0,0.0
2024-05-24 14:05:00-04:00,214.24000549316406,214.41909790039062,214.24000549316406,214.3800048828125,6959,0.0,0.0
2024-05-24 14:10:00-04:00,214.4199981689453,214.4600067138672,214.375,214.43499755859375,7719,0.0,0.0
2024-05-24 14:15:00-04:00,214.47000122070312,214.53990173339844,214.47000122070312,214.48500061035156,5165,0.0,0.0
2024-05-24 14:20:00-04:00,214.42999267578125,214.46499633789062,214.39999389648438,214.4149932861328,10044,0.0,0.0
2024-05-24 14:25:00-04:00,214.3800048828125,214.40499877929688,214.3249969482422,214.3249969482422,11210,0.0,0.0
2024-05-24 14:30:00-04:00,214.27999877929688,214.3000030517578,214.22999572753906,214.25999450683594,5025,0.0,0.0
2024-05-24 14:35:00-04:00,214.2899932861328,214.52000427246094,214.2899932861328,214.5,8667,0.0,0.0
2024-05-24 14:40:00-04:00,214.5050048828125,214.55999755859375,214.5050048828125,214.55499267578125,7295,0.0,0.0
2024-05-24 14:45:00-04:00,214.55499267578125,214.58990478515625,214.40499877929688,214.4499969482422,6614,0.0,0.0
2024-05-24 14:50:00-04:00,214.38499450683594,214.4499969482422,214.25,214.25,17374,0.0,0.0
2024-05-24 14:55:00-04:00,214.27000427246094,214.57899475097656,214.21499633789062,214.3699951171875,28225,0.0,0.0
2024-05-24 15:00:00-04:00,214.39999389648438,214.39999389648438,214.30499267578125,214.36000061035156,7254,0.0,0.0
2024-05-24 15:05:00-04:00,214.33999633789062,214.52000427246094,214.33999633789062,214.52000427246094,8523,0.0,0.0
2024-05-24 15:10:00-04:00,214.5800018310547,214.64999389648438,214.5399932861328,214.6199951171875,4053,0.0,0.0
2024-05-24 15:15:00-04:00,214.60499572753906,214.63999938964844,214.55999755859375,214.6199951171875,8470,0.0,0.0
2024-05-24 15:20:00-04:00,214.6199951171875,214.6199951171875,214.55999755859375,214.58999633789062,9440,0.0,0.0
2024-05-24 15:25:00-04:00,214.63999938964844,214.7100067138672,214.63999938964844,214.6750030517578,6834,0.0,0.0
2024-05-24 15:30:00-04:00,214.6300048828125,214.86000061035156,214.6300048828125,214.86000061035156,10849,0.0,0.0
2024-05-24 15:35:00-04:00,214.81500244140625,214.86000061035156,214.55499267578125,214.61500549316406,12546,0.0,0.0
2024-05-24 15:40:00-04:00,214.55999755859375,214.64999389648438,214.52999877929688,214.6300048828125,14913,0.0,0.0
2024-05-24 15:45:00-04:00,214.60000610351562,214.66000366210938,214.4550018310547,214.52999877929688,15446,0.0,0.0
2024-05-24 15:50:00-04:00,214.51499938964844,214.7100067138672,214.4199981689453,214.7100067138672,40990,0.0,0.0
2024-05-24 15:55:00-04:00,214.7550048828125,214.9499969482422,214.6999969482422,214.89999389648438,71753,0.0,0.0
2024-05-28 09:30:00-04:00,212.9499969482422,213.63999938964844,212.24000549316406,212.93179321289062,76931,0.0,0.0
2024-05-28 09:35:00-04:00,212.36000061035156,212.91000366210938,212.0800018310547,212.83999633789062,15846,0.0,0.0
2024-05-28 09:40:00-04:00,212.67999267578125,213.05999755859375,212.67999267578125,213.05999755859375,5393,0.0,0.0
2024-05-28 09:45:00-04:00,213.1999969482422,213.75,213.0500030517578,213.0500030517578,31720,0.0,0.0
2024-05-28 09:50:00-04:00,212.86500549316406,213.0800018310547,212.65499877929688,213.01499938964844,17100,0.0,0.0
2024-05-28 09:55:00-04:00,213.0,213.39999389648438,212.9425048828125,213.25999450683594,17728,0.0,0.0
2024-05-28 10:00:00-04:00,213.15499877929688,213.16000366210938,212.86000061035156,213.0,38674,0.0,0.0
2024-05-28 10:05:00-04:00,213.0,213.0,212.5500030517578,212.7550048828125,13980,0.0,0.0
2024-05-28 10:10:00-04:00,212.61000061035156,212.6199951171875,212.16000366210938,212.16000366210938,9084,0.0,0.0
2024-05-28 10:15:00-04:00,212.1199951171875,212.1199951171875,211.80999755859375,211.80999755859375,5922,0.0,0.0
2024-05-28 10:20:00-04:00,211.6999969482422,211.89999389648438,211.64999389648438,211.75999450683594,6273,0.0,0.0
2024-05-28 10:25:00-04:00,211.66000366210938,211.66000366210938,211.22000122070312,211.22000122070312,6034,0.0,0.0
2024-05-28 10:30:00-04:00,211.02000427246094,211.17999267578125,210.9600067138672,211.12989807128906,6282,0.0,0.0
2024-05-28 10:35:00-04:00,211.0399932861328,211.3699951171875,210.8000030517578,211.3699951171875,8782,0.0,0.0
2024-05-28 10:40:00-04:00,211.27000427246094,211.27000427246094,211.0500030517578,211.0500030517578,3430,0.0,0.0
2024-05-28 10:45:00-04:00,211.1201934814453,211.13259887695312,210.89999389648438,210.9149932861328,5601,0.0,0.0
2024-05-28 10:50:00-04:00,210.77000427246094,210.77000427246094,210.4600067138672,210.4600067138672,4641,0.0,0.0
2024-05-28 10:55:00-04:00,210.4499969482422,210.4600067138672,210.18499755859375,210.44000244140625,9651,0.0,0.0
2024-05-28 11:00:00-04:00,210.43499755859375,210.49000549316406,210.30999755859375,210.43499755859375,6829,0.0,0.0
2024-05-28 11:05:00-04:00,210.43499755859375,210.52499389648438,210.42999267578125,210.52499389648438,7049,0.0,0.0
2024-05-28 11:10:00-04:00,210.5,210.5800018310547,210.44000244140625,210.4949951171875,3866,0.0,0.0
2024-05-28 11:15:00-04:00,210.48500061035156,210.48500061035156,210.0050048828125,210.0850067138672,7289,0.0,0.0
2024-05-28 11:20:00-04:00,210.0850067138672,210.08999633789062,209.9199981689453,209.92059326171875,8423,0.0,0.0
2024-05-28 11:25:00-04:00,209.97000122070312,210.1649932861328,209.97000122070312,210.05499267578125,5293,0.0,0.0
2024-05-28 11:30:00-04:00,209.97999572753906,209.9949951171875,209.85000610351562,209.86500549316406,5097,0.0,0.0
2024-05-28 11:35:00-04:00,209.8000030517578,210.06500244140625,209.8000030517578,210.06500244140625,5881,0.0,0.0
2024-05-28 11:40:00-04:00,210.0850067138672,210.47000122070312,210.0850067138672,210.30999755859375,8539,0.0,0.0
2024-05-28 11:45:00-04:00,210.35000610351562,210.49000549316406,210.27999877929688,210.4499969482422,12601,0.0,0.0
2024-05-28 11:50:00-04:00,210.46499633789062,210.4774932861328,210.24420166015625,210.2949981689453,9300,0.0,0.0
2024-05-28 11:55:00-04:00,210.32479858398438,210.32479858398438,209.85000610351562,209.8800048828125,8612,0.0,0.0
2024-05-28 12:00:00-04:00,209.8000030517578,209.8000030517578,209.47000122070312,209.5,5017,0.0,0.0
2024-05-28 12:05:00-04:00,209.4600067138672,209.5800018310547,209.2899932861328,209.3000030517578,5807,0.0,0.0
2024-05-28 12:10:00-04:00,209.27999877929688,209.4199981689453,209.19000244140625,209.4199981689453,8878,0.0,0.0
2024-05-28 12:15:00-04:00,209.3000946044922,209.5,209.3000946044922,209.49249267578125,6936,0.0,0.0
2024-05-28 12:20:00-04:00,209.42999267578125,209.4882049560547,209.3699951171875,209.375,4131,0.0,0.0
2024-05-28 12:25:00-04:00,209.32000732421875,209.32659912109375,209.11000061035156,209.16250610351562,3975,0.0,0.0
2024-05-28 12:30:00-04:00,209.1649932861328,209.1999969482422,209.02000427246094,209.0749969482422,5430,0.0,0.0
2024-05-28 12:35:00-04:00,209.02000427246094,209.0500030517578,208.91000366210938,208.99899291992188,7775,0.0,0.0
2024-05-28 12:40:00-04:00,208.89999389648438,209.02000427246094,208.61000061035156,208.61000061035156,13735,0.0,0.0
2024-05-28 12:45:00-04:00,208.74000549316406,208.89999389648438,208.66000366210938,208.7899932861328,10751,0.0,0.0
2024-05-28 12:50:00-04:00,208.69000244140625,208.72000122070312,208.69000244140625,208.72000122070312,1553,0.0,0.0
2024-05-28 12:55:00-04:00,208.67999267578125,208.75999450683594,208.66000366210938,208.75999450683594,5527,0.0,0.0
2024-05-28 13:00:00-04:00,208.66000366210938,208.69000244140625,208.4499969482422,208.4600067138672,5607,0.0,0.0
2024-05-28 13:05:00-04:00,208.5800018310547,208.77999877929688,208.52000427246094,208.6300048828125,10954,0.0,0.0
2024-05-28 13:10:00-04:00,208.66000366210938,208.66000366210938,208.5749969482422,208.58999633789062,4978,0.0,0.0
2024-05-28 13:15:00-04:00,208.52999877929688,208.5749969482422,208.49000549316406,208.55499267578125,3034,0.0,0.0
2024-05-28 13:20:00-04:00,208.55499267578125,208.8000030517578,208.3300018310547,208.4149932861328,118804,0.0,0.0
2024-05-28 13:25:00-04:00,208.4149932861328,208.4149932861328,208.05499267578125,208.14999389648438,8750,0.0,0.0
2024-05-28 13:30:00-04:00,208.08999633789062,208.17999267578125,208.03500366210938,208.08999633789062,5100,0.0,0.0
2024-05-28 13:35:00-04:00,208.05999755859375,208.05999755859375,207.82000732421875,207.82000732421875,10462,0.0,0.0
2024-05-28 13:40:00-04:00,207.82000732421875,207.9375,207.5800018310547,207.66000366210938,6101,0.0,0.0
2024-05-28 13:45:00-04:00,207.60000610351562,207.72000122070312,207.4600067138672,207.72000122070312,37028,0.0,0.0
2024-05-28 13:50:00-04:00,207.71499633789062,207.97000122070312,207.6199951171875,207.8350067138672,21984,0.0,0.0
2024-05-28 13:55:00-04:00,207.91000366210938,208.4600067138672,207.89999389648438,208.3699951171875,14407,0.0,0.0
2024-05-28 14:00:00-04:00,208.35499572753906,208.58999633789062,208.14999389648438,208.32000732421875,101526,0.0,0.0
2024-05-28 14:05:00-04:00,208.3040008544922,208.66000366210938,208.24000549316406,208.61000061035156,18953,0.0,0.0
2024-05-28 14:10:00-04:00,208.55499267578125,208.6699981689453,208.44500732421875,208.44500732421875,7994,0.0,0.0
2024-05-28 14:15:00-04:00,208.49000549316406,208.60000610351562,208.49000549316406,208.60000610351562,13716,0.0,0.0
2024-05-28 14:20:00-04:00,208.6199951171875,208.66000366210938,208.35000610351562,208.46499633789062,18307,0.0,0.0
2024-05-28 14:25:00-04:00,208.50999450683594,208.52499389648438,208.40499877929688,208.51499938964844,13339,0.0,0.0
2024-05-28 14:30:00-04:00,208.51499938964844,208.61000061035156,208.47000122070312,208.52999877929688,15671,0.0,0.0
2024-05-28 14:35:00-04:00,208.52999877929688,208.5500030517578,208.39999389648438,208.41000366210938,8491,0.0,0.0
2024-05-28 14:40:00-04:00,208.4499969482422,208.5,208.38999938964844,208.4499969482422,7784,0.0,0.0
2024-05-28 14:45:00-04:00,208.39999389648438,208.41990661621094,208.2686004638672,208.41990661621094,14210,0.0,0.0
2024-05-28 14:50:00-04:00,208.39999389648438,208.4149932861328,208.30999755859375,208.39999389648438,5538,0.0,0.0
2024-05-28 14:55:00-04:00,208.39500427246094,208.72999572753906,208.35000610351562,208.40499877929688,42699,0.0,0.0
2024-05-28 15:00:00-04:00,208.32000732421875,208.3350067138672,208.00999450683594,208.1300048828125,35295,0.0,0.0
2024-05-28 15:05:00-04:00,208.125,208.13999938964844,208.00999450683594,208.1300048828125,8401,0.0,0.0
2024-05-28 15:10:00-04:00,208.10000610351562,208.13999938964844,208.0,208.0,16220,0.0,0.0
2024-05-28 15:15:00-04:00,207.99000549316406,208.25999450683594,207.99000549316406,208.23500061035156,18327,0.0,0.0
2024-05-28 15:20:00-04:00,208.25999450683594,208.44000244140625,208.25999450683594,208.39999389648438,15087,0.0,0.0
2024-05-28 15:25:00-04:00,208.44000244140625,208.5,208.30999755859375,208.4199981689453,22064,0.0,0.0
2024-05-28 15:30:00-04:00,208.49000549316406,208.58999633789062,208.4199981689453,208.48500061035156,33964,0.0,0.0
2024-05-28 15:35:00-04:00,208.48500061035156,208.52999877929688,208.24749755859375,208.24749755859375,41865,0.0,0.0
2024-05-28 15:40:00-04:00,208.26499938964844,208.4600067138672,208.22000122070312,208.3000030517578,49632,0.0,0.0
2024-05-28 15:45:00-04:00,208.32000732421875,208.5,208.32000732421875,208.4499969482422,54751,0.0,0.0
2024-05-28 15:50:00-04:00,208.42999267578125,208.7550048828125,208.22999572753906,208.7550048828125,132196,0.0,0.0
2024-05-28 15:55:00-04:00,208.77999877929688,208.77999877929688,208.47000122070312,208.52000427246094,238875,0.0,0.0
2024-05-29 09:30:00-04:00,207.99000549316406,208.55999755859375,207.27999877929688,207.27999877929688,47472,0.0,0.0
2024-05-29 09:35:00-04:00,207.32000732421875,207.97000122070312,206.89999389648438,207.7100067138672,12526,0.0,0.0
2024-05-29 09:40:00-04:00,207.78439331054688,208.2595977783203,207.78439331054688,208.1999969482422,5748,0.0,0.0
2024-05-29 09:45:00-04:00,208.28500366210938,208.28500366210938,207.5449981689453,207.5449981689453,8475,0.0,0.0
2024-05-29 09:50:00-04:00,207.75770568847656,207.75799560546875,207.43499755859375,207.47999572753906,3123,0.0,0.0
2024-05-29 09:55:00-04:00,207.3300018310547,207.4600067138672,207.13999938964844,207.3000030517578,7106,0.0,0.0
2024-05-29 10:00:00-04:00,207.30999755859375,207.30999755859375,206.89999389648438,207.02999877929688,8106,0.0,0.0
2024-05-29 10:05:00-04:00,207.02000427246094,207.0500030517578,206.8300018310547,206.90499877929688,9319,0.0,0.0
2024-05-29 10:10:00-04:00,206.88999938964844,207.22999572753906,206.80999755859375,207.22999572753906,12341,0.0,0.0
2024-05-29 10:15:00-04:00,207.27000427246094,207.5,207.08999633789062,207.25999450683594,17171,0.0,0.0
2024-05-29 10:20:00-04:00,207.3699951171875,207.3800048828125,207.0850067138672,207.10000610351562,15790,0.0,0.0
2024-05-29 10:25:00-04:00,207.02999877929688,207.33999633789062,206.89500427246094,207.33999633789062,15683,0.0,0.0
2024-05-29 10:30:00-04:00,207.32000732421875,207.50999450683594,207.2987060546875,207.3699951171875,11372,0.0,0.0
2024-05-29 10:35:00-04:00,207.39999389648438,207.39999389648438,207.08999633789062,207.08999633789062,4932,0.0,0.0
2024-05-29 10:40:00-04:00,207.2100067138672,207.25,207.02000427246094,207.25,12570,0.0,0.0
2024-05-29 10:45:00-04:00,207.27029418945312,207.32000732421875,207.1699981689453,207.32000732421875,8594,0.0,0.0
2024-05-29 10:50:00-04:00,207.22000122070312,207.30999755859375,207.08999633789062,207.3000946044922,135315,0.0,0.0
2024-05-29 10:55:00-04:00,207.25999450683594,207.61000061035156,207.14999389648438,207.41000366210938,115744,0.0,0.0
2024-05-29 11:00:00-04:00,207.35000610351562,207.35000610351562,206.74000549316406,206.74000549316406,6961,0.0,0.0
2024-05-29 11:05:00-04:00,206.8986053466797,206.8986053466797,206.63999938964844,206.8000030517578,6569,0.0,0.0
2024-05-29 11:10:00-04:00,206.8000030517578,206.83999633789062,206.55999755859375,206.61000061035156,12975,0.0,0.0
2024-05-29 11:15:00-04:00,206.64999389648438,206.6999969482422,206.5399932861328,206.60499572753906,5682,0.0,0.0
2024-05-29 11:20:00-04:00,206.5500030517578,206.58999633789062,206.47999572753906,206.47999572753906,4074,0.0,0.0
2024-05-29 11:25:00-04:00,206.5699005126953,206.72999572753906,206.43499755859375,206.72999572753906,16228,0.0,0.0
2024-05-29 11:30:00-04:00,206.81500244140625,206.94500732421875,206.77000427246094,206.9199981689453,7189,0.0,0.0
2024-05-29 11:35:00-04:00,206.97000122070312,207.3000030517578,206.97000122070312,207.3000030517578,6611,0.0,0.0
2024-05-29 11:40:00-04:00,207.2899932861328,207.2899932861328,207.0601043701172,207.22000122070312,4866,0.0,0.0
2024-05-29 11:45:00-04:00,207.18499755859375,207.18499755859375,207.00999450683594,207.02000427246094,3752,0.0,0.0
2024-05-29 11:50:00-04:00,207.05499267578125,207.10000610351562,206.9600067138672,206.9600067138672,6910,0.0,0.0
2024-05-29 11:55:00-04:00,206.97999572753906,207.0299072265625,206.88999938964844,206.88999938964844,6099,0.0,0.0
2024-05-29 12:00:00-04:00,206.92999267578125,206.97000122070312,206.67999267578125,206.67999267578125,8781,0.0,0.0
2024-05-29 12:05:00-04:00,206.7050018310547,206.77000427246094,206.50999450683594,206.7310028076172,17273,0.0,0.0
2024-05-29 12:10:00-04:00,206.69000244140625,206.85000610351562,206.67999267578125,206.77999877929688,6211,0.0,0.0
2024-05-29 12:15:00-04:00,206.77139282226562,206.82000732421875,206.64999389648438,206.7050018310547,5899,0.0,0.0
2024-05-29 12:20:00-04:00,206.69500732421875,206.6999969482422,206.625,206.69000244140625,4652,0.0,0.0
2024-05-29 12:25:00-04:00,206.62750244140625,206.77000427246094,206.6199951171875,206.76499938964844,17540,0.0,0.0
2024-05-29 12:30:00-04:00,206.7550048828125,206.75999450683594,206.6199951171875,206.6199951171875,7102,0.0,0.0
2024-05-29 12:35:00-04:00,206.64999389648438,206.64999389648438,206.4199981689453,206.4199981689453,10570,0.0,0.0
2024-05-29 12:40:00-04:00,206.46499633789062,206.50999450683594,206.36000061035156,206.36000061035156,9392,0.0,0.0
2024-05-29 12:45:00-04:00,206.36000061035156,206.47999572753906,206.36000061035156,206.41000366210938,16822,0.0,0.0
2024-05-29 12:50:00-04:00,206.35000610351562,206.47000122070312,206.35000610351562,206.3800048828125,5041,0.0,0.0
2024-05-29 12:55:00-04:00,206.3800048828125,206.38499450683594,206.14999389648438,206.2050018310547,10348,0.0,0.0
2024-05-29 13:00:00-04:00,206.20750427246094,206.25,206.0800018310547,206.11000061035156,10028,0.0,0.0
2024-05-29 13:05:00-04:00,206.11000061035156,206.25,206.0500030517578,206.25,8279,0.0,0.0
2024-05-29 13:10:00-04:00,206.27999877929688,206.58999633789062,206.22000122070312,206.58999633789062,6302,0.0,0.0
2024-05-29 13:15:00-04:00,206.61500549316406,206.75999450683594,206.61500549316406,206.7050018310547,5451,0.0,0.0
2024-05-29 13:20:00-04:00,206.69000244140625,206.80999755859375,206.69000244140625,206.80999755859375,5615,0.0,0.0
2024-05-29 13:25:00-04:00,206.80499267578125,206.85000610351562,206.8000030517578,206.80499267578125,4601,0.0,0.0
2024-05-29 13:30:00-04:00,206.8000030517578,206.8000030517578,206.6699981689453,206.6699981689453,5999,0.0,0.0
2024-05-29 13:35:00-04:00,206.6699981689453,206.72999572753906,206.6699981689453,206.72500610351562,5335,0.0,0.0
2024-05-29 13:40:00-04:00,206.7899932861328,206.9199981689453,206.7100067138672,206.80189514160156,9790,0.0,0.0
2024-05-29 13:45:00-04:00,206.77999877929688,206.8300018310547,206.75,206.8300018310547,3962,0.0,0.0
2024-05-29 13:50:00-04:00,206.75999450683594,207.03500366210938,206.75999450683594,207.03500366210938,6723,0.0,0.0
2024-05-29 13:55:00-04:00,207.25,207.32000732421875,207.1999969482422,207.24000549316406,4093,0.0,0.0
2024-05-29 14:00:00-04:00,207.22999572753906,207.25999450683594,207.16000366210938,207.25,9550,0.0,0.0
2024-05-29 14:05:00-04:00,207.2100067138672,207.24000549316406,207.02000427246094,207.03500366210938,6012,0.0,0.0
2024-05-29 14:10:00-04:00,207.0500030517578,207.0500030517578,206.89999389648438,207.02000427246094,11121,0.0,0.0
2024-05-29 14:15:00-04:00,207.02499389648438,207.02499389648438,206.92999267578125,206.92999267578125,5201,0.0,0.0
2024-05-29 14:20:00-04:00,207.00999450683594,207.00999450683594,206.9499969482422,206.9499969482422,2825,0.0,0.0
2024-05-29 14:25:00-04:00,207.00999450683594,207.02999877929688,206.8249969482422,206.8800048828125,11772,0.0,0.0
2024-05-29 14:30:00-04:00,206.8614044189453,206.9199981689453,206.7899932861328,206.8800048828125,7322,0.0,0.0
2024-05-29 14:35:00-04:00,206.8699951171875,207.08999633789062,206.85499572753906,207.0449981689453,18065,0.0,0.0
2024-05-29 14:40:00-04:00,207.05999755859375,207.17999267578125,207.02999877929688,207.17999267578125,8603,0.0,0.0
2024-05-29 14:45:00-04:00,207.1300048828125,207.17999267578125,206.97000122070312,207.08999633789062,8920,0.0,0.0
2024-05-29 14:50:00-04:00,207.08999633789062,207.16000366210938,207.02499389648438,207.14999389648438,5983,0.0,0.0
2024-05-29 14:55:00-04:00,207.13999938964844,207.22000122070312,207.13999938964844,207.14999389648438,16039,0.0,0.0
2024-05-29 15:00:00-04:00,207.11000061035156,207.17999267578125,207.0500030517578,207.10000610351562,7206,0.0,0.0
2024-05-29 15:05:00-04:00,207.10000610351562,207.27000427246094,207.05999755859375,207.10000610351562,22758,0.0,0.0
2024-05-29 15:10:00-04:00,207.10000610351562,207.1750030517578,206.9949951171875,207.1750030517578,8350,0.0,0.0
2024-05-29 15:15:00-04:00,207.17999267578125,207.1840057373047,206.92999267578125,206.92999267578125,9083,0.0,0.0
2024-05-29 15:20:00-04:00,206.9499969482422,206.9499969482422,206.7899932861328,206.94000244140625,69962,0.0,0.0
2024-05-29 15:25:00-04:00,206.92999267578125,207.22999572753906,206.9199981689453,207.17999267578125,11154,0.0,0.0
2024-05-29 15:30:00-04:00,207.16000366210938,207.17999267578125,206.84500122070312,206.85000610351562,15000,0.0,0.0
2024-05-29 15:35:00-04:00,206.82000732421875,206.91000366210938,206.6699981689453,206.75999450683594,15633,0.0,0.0
2024-05-29 15:40:00-04:00,206.72999572753906,206.86000061035156,206.63999938964844,206.75999450683594,18955,0.0,0.0
2024-05-29 15:45:00-04:00,206.6999969482422,206.72000122070312,206.50999450683594,206.53500366210938,13045,0.0,0.0
2024-05-29 15:50:00-04:00,206.49000549316406,206.61000061035156,206.2100067138672,206.3000030517578,143216,0.0,0.0
2024-05-29 15:55:00-04:00,206.27000427246094,206.30999755859375,205.69000244140625,205.9199981689453,149055,0.0,0.0
2024-05-30 09:30:00-04:00,206.42999267578125,206.9199981689453,206.32000732421875,206.52749633789062,53968,0.0,0.0
2024-05-30 09:35:00-04:00,206.6199951171875,206.6199951171875,206.07000732421875,206.2100067138672,20421,0.0,0.0
2024-05-30 09:40:00-04:00,206.39999389648438,206.68580627441406,206.39999389648438,206.68580627441406,5404,0.0,0.0
2024-05-30 09:45:00-04:00,206.6999969482422,206.75,206.25,206.30499267578125,5793,0.0,0.0
2024-05-30 09:50:00-04:00,206.27999877929688,206.5749969482422,206.17999267578125,206.5050048828125,7343,0.0,0.0
2024-05-30 09:55:00-04:00,206.5,206.639892578125,206.48500061035156,206.52499389648438,3124,0.0,0.0
2024-05-30 10:00:00-04:00,206.57000732421875,206.72999572753906,206.3800048828125,206.47500610351562,13487,0.0,0.0
2024-05-30 10:05:00-04:00,206.50999450683594,206.82000732421875,206.5,206.82000732421875,18005,0.0,0.0
2024-05-30 10:10:00-04:00,206.77499389648438,206.9199981689453,206.5399932861328,206.5399932861328,237514,0.0,0.0
2024-05-30 10:15:00-04:00,206.5,206.6199951171875,206.43499755859375,206.5399932861328,5298,0.0,0.0
2024-05-30 10:20:00-04:00,206.38499450683594,206.4499969482422,206.1300048828125,206.14500427246094,11245,0.0,0.0
2024-05-30 10:25:00-04:00,206.0399932861328,206.2899932861328,205.91229248046875,206.2899932861328,9661,0.0,0.0
2024-05-30 10:30:00-04:00,206.35000610351562,206.6199951171875,206.35000610351562,206.58399963378906,11026,0.0,0.0
2024-05-30 10:35:00-04:00,206.63999938964844,206.80999755859375,206.58999633789062,206.8000030517578,13296,0.0,0.0
2024-05-30 10:40:00-04:00,206.9499969482422,206.9499969482422,206.82000732421875,206.94000244140625,3991,0.0,0.0
2024-05-30 10:45:00-04:00,206.94000244140625,207.02000427246094,206.7899932861328,206.8300018310547,8236,0.0,0.0
2024-05-30 10:50:00-04:00,206.91000366210938,206.92999267578125,206.6999969482422,206.78500366210938,20089,0.0,0.0
2024-05-30 10:55:00-04:00,206.74000549316406,206.77000427246094,206.5399932861328,206.5399932861328,6005,0.0,0.0
2024-05-30 11:00:00-04:00,206.5749969482422,206.83999633789062,206.5749969482422,206.66000366210938,6855,0.0,0.0
2024-05-30 11:05:00-04:00,206.5399932861328,206.5800018310547,206.4199981689453,206.4600067138672,15975,0.0,0.0
2024-05-30 11:10:00-04:00,206.5,206.94000244140625,206.5,206.94000244140625,4274,0.0,0.0
2024-05-30 11:15:00-04:00,206.9398956298828,206.97999572753906,206.86500549316406,206.97999572753906,3114,0.0,0.0
2024-05-30 11:20:00-04:00,206.9550018310547,207.02000427246094,206.6750030517578,206.6750030517578,7369,0.0,0.0
2024-05-30 11:25:00-04:00,206.7899932861328,206.8695068359375,206.5543975830078,206.639892578125,14632,0.0,0.0
2024-05-30 11:30:00-04:00,206.57000732421875,206.57000732421875,206.41000366210938,206.42759704589844,13817,0.0,0.0
2024-05-30 11:35:00-04:00,206.53590393066406,206.53590393066406,206.35000610351562,206.4199981689453,11163,0.0,0.0
2024-05-30 11:40:00-04:00,206.3800048828125,206.4499969482422,206.33999633789062,206.4499969482422,6736,0.0,0.0
2024-05-30 11:45:00-04:00,206.4199981689453,206.4781951904297,206.30999755859375,206.38999938964844,5314,0.0,0.0
2024-05-30 11:50:00-04:00,206.41000366210938,206.52999877929688,206.41000366210938,206.52999877929688,5384,0.0,0.0
2024-05-30 11:55:00-04:00,206.4600067138672,206.52999877929688,206.27999877929688,206.4199981689453,6245,0.0,0.0
2024-05-30 12:00:00-04:00,206.40499877929688,206.56500244140625,206.3800048828125,206.44000244140625,6050,0.0,0.0
2024-05-30 12:05:00-04:00,206.5,206.5399932861328,206.36000061035156,206.4499969482422,3397,0.0,0.0
2024-05-30 12:10:00-04:00,206.4499969482422,206.47000122070312,206.3300018310547,206.3300018310547,7938,0.0,0.0
2024-05-30 12:15:00-04:00,206.31500244140625,206.3699951171875,206.27000427246094,206.3350067138672,5497,0.0,0.0
2024-05-30 12:20:00-04:00,206.3350067138672,206.39999389648438,206.25,206.33639526367188,4545,0.0,0.0
2024-05-30 12:25:00-04:00,206.35499572753906,206.35499572753906,206.2100067138672,206.2100067138672,3959,0.0,0.0
2024-05-30 12:30:00-04:00,206.25999450683594,206.3699951171875,206.1999969482422,206.3000030517578,7404,0.0,0.0
2024-05-30 12:35:00-04:00,206.3300018310547,206.36000061035156,206.17999267578125,206.30999755859375,8288,0.0,0.0
2024-05-30 12:40:00-04:00,206.36000061035156,206.4600067138672,206.32009887695312,206.38499450683594,3784,0.0,0.0
2024-05-30 12:45:00-04:00,206.32000732421875,206.57000732421875,206.32000732421875,206.49000549316406,12468,0.0,0.0
2024-05-30 12:50:00-04:00,206.50169372558594,206.61000061035156,206.41000366210938,206.55499267578125,3754,0.0,0.0
2024-05-30 12:55:00-04:00,206.5500030517578,206.66000366210938,206.5500030517578,206.60499572753906,7496,0.0,0.0
2024-05-30 13:00:00-04:00,206.67999267578125,206.72000122070312,206.6300048828125,206.63999938964844,7266,0.0,0.0
2024-05-30 13:05:00-04:00,206.74000549316406,206.80999755859375,206.69000244140625,206.80999755859375,2662,0.0,0.0
2024-05-30 13:10:00-04:00,206.7899932861328,206.86000061035156,206.74009704589844,206.8300018310547,5778,0.0,0.0
2024-05-30 13:15:00-04:00,206.8000030517578,206.9499969482422,206.7899932861328,206.9499969482422,6505,0.0,0.0
2024-05-30 13:20:00-04:00,206.91000366210938,207.05999755859375,206.91000366210938,206.99000549316406,2844,0.0,0.0
2024-05-30 13:25:00-04:00,207.03729248046875,207.22000122070312,207.02499389648438,207.22000122070312,10342,0.0,0.0
2024-05-30 13:30:00-04:00,207.11000061035156,207.2100067138672,206.99000549316406,206.99000549316406,9520,0.0,0.0
2024-05-30 13:35:00-04:00,206.89999389648438,207.07020568847656,206.89999389648438,207.07020568847656,3746,0.0,0.0
2024-05-30 13:40:00-04:00,207.1121063232422,207.1121063232422,206.9600067138672,207.01370239257812,9042,0.0,0.0
2024-05-30 13:45:00-04:00,206.89999389648438,206.9499969482422,206.63999938964844,206.63999938964844,2995,0.0,0.0
2024-05-30 13:50:00-04:00,206.67999267578125,206.72000122070312,206.52999877929688,206.61000061035156,9790,0.0,0.0
2024-05-30 13:55:00-04:00,206.55499267578125,206.72999572753906,206.55499267578125,206.64300537109375,4243,0.0,0.0
2024-05-30 14:00:00-04:00,206.6833953857422,206.90960693359375,206.6833953857422,206.77000427246094,9418,0.0,0.0
2024-05-30 14:05:00-04:00,206.74249267578125,206.80499267578125,206.66000366210938,206.66000366210938,4828,0.0,0.0
2024-05-30 14:10:00-04:00,206.72500610351562,206.72500610351562,206.58200073242188,206.58999633789062,12218,0.0,0.0
2024-05-30 14:15:00-04:00,206.57000732421875,206.6699981689453,206.47999572753906,206.60499572753906,18152,0.0,0.0
2024-05-30 14:20:00-04:00,206.6699981689453,206.6699981689453,206.49000549316406,206.49000549316406,6061,0.0,0.0
2024-05-30 14:25:00-04:00,206.47000122070312,206.5399932861328,206.36500549316406,206.49000549316406,5019,0.0,0.0
2024-05-30 14:30:00-04:00,206.45440673828125,206.5800018310547,206.45440673828125,206.50999450683594,3590,0.0,0.0
2024-05-30 14:35:00-04:00,206.61990356445312,206.61990356445312,206.32000732421875,206.3800048828125,4097,0.0,0.0
2024-05-30 14:40:00-04:00,206.3300018310547,206.39999389648438,206.25999450683594,206.3699951171875,9423,0.0,0.0
2024-05-30 14:45:00-04:00,206.39999389648438,206.60000610351562,206.39999389648438,206.60000610351562,5065,0.0,0.0
2024-05-30 14:50:00-04:00,206.5800018310547,206.64999389648438,206.4600067138672,206.4600067138672,5174,0.0,0.0
2024-05-30 14:55:00-04:00,206.47500610351562,206.47500610351562,206.33999633789062,206.33999633789062,6602,0.0,0.0
2024-05-30 15:00:00-04:00,206.3699951171875,206.4499969482422,206.32000732421875,206.3300018310547,5584,0.0,0.0
2024-05-30 15:05:00-04:00,206.3000030517578,206.36000061035156,206.14999389648438,206.1649932861328,6344,0.0,0.0
2024-05-30 15:10:00-04:00,206.22999572753906,206.35000610351562,206.22999572753906,206.35000610351562,5609,0.0,0.0
2024-05-30 15:15:00-04:00,206.3699951171875,206.3699951171875,206.25,206.28990173339844,7459,0.0,0.0
2024-05-30 15:20:00-04:00,206.3000030517578,206.3699951171875,206.2899932861328,206.2899932861328,5413,0.0,0.0
2024-05-30 15:25:00-04:00,206.2760009765625,206.35000610351562,206.24000549316406,206.25999450683594,8012,0.0,0.0
2024-05-30 15:30:00-04:00,206.30999755859375,206.36000061035156,206.0800018310547,206.1199951171875,10320,0.0,0.0
2024-05-30 15:35:00-04:00,206.14999389648438,206.14999389648438,205.83999633789062,205.8800048828125,11743,0.0,0.0
2024-05-30 15:40:00-04:00,205.875,205.9199981689453,205.52000427246094,205.60000610351562,18886,0.0,0.0
2024-05-30 15:45:00-04:00,205.61000061035156,205.61500549316406,205.27999877929688,205.3125,12484,0.0,0.0
2024-05-30 15:50:00-04:00,205.25,205.32000732421875,205.13999938964844,205.24000549316406,44355,0.0,0.0
2024-05-30 15:55:00-04:00,205.27000427246094,205.58999633789062,204.83999633789062,204.88999938964844,152569,0.0,0.0
2024-05-31 09:30:00-04:00,205.0,205.16000366210938,204.0,204.4199981689453,129746,0.0,0.0
2024-05-31 09:35:00-04:00,204.41000366210938,204.75,203.58999633789062,204.25,28913,0.0,0.0
2024-05-31 09:40:00-04:00,204.2449951171875,204.2449951171875,203.5,203.61500549316406,25076,0.0,0.0
2024-05-31 09:45:00-04:00,203.66000366210938,203.8800048828125,203.3000030517578,203.52000427246094,58669,0.0,0.0
2024-05-31 09:50:00-04:00,203.55999755859375,203.9199981689453,203.5050048828125,203.80999755859375,41571,0.0,0.0
2024-05-31 09:55:00-04:00,203.82000732421875,204.22999572753906,203.75999450683594,204.0449981689453,21380,0.0,0.0
2024-05-31 10:00:00-04:00,204.05499267578125,204.63999938964844,204.0399932861328,204.4199981689453,16201,0.0,0.0
2024-05-31 10:05:00-04:00,204.22999572753906,204.22999572753906,203.27000427246094,203.40249633789062,17774,0.0,0.0
2024-05-31 10:10:00-04:00,203.3300018310547,203.4600067138672,203.10499572753906,203.10499572753906,11329,0.0,0.0
2024-05-31 10:15:00-04:00,203.29989624023438,203.29989624023438,203.0,203.25999450683594,24147,0.0,0.0
2024-05-31 10:20:00-04:00,203.0800018310547,203.27499389648438,202.80999755859375,203.26499938964844,21250,0.0,0.0
2024-05-31 10:25:00-04:00,203.27000427246094,203.44000244140625,203.1999969482422,203.25999450683594,28327,0.0,0.0
2024-05-31 10:30:00-04:00,203.2550048828125,203.5800018310547,203.0399932861328,203.42999267578125,38094,0.0,0.0
2024-05-31 10:35:00-04:00,203.52000427246094,203.75999450683594,203.50999450683594,203.74000549316406,12085,0.0,0.0
2024-05-31 10:40:00-04:00,203.77000427246094,203.97500610351562,203.52000427246094,203.52000427246094,15478,0.0,0.0
2024-05-31 10:45:00-04:00,203.5800018310547,203.8300018310547,203.5449981689453,203.68499755859375,13427,0.0,0.0
2024-05-31 10:50:00-04:00,203.625,203.625,203.32000732421875,203.39999389648438,7262,0.0,0.0
2024-05-31 10:55:00-04:00,203.36000061035156,203.4199981689453,203.22999572753906,203.30999755859375,13708,0.0,0.0
2024-05-31 11:00:00-04:00,203.3000030517578,203.33999633789062,202.98500061035156,203.1300048828125,17011,0.0,0.0
2024-05-31 11:05:00-04:00,203.0800018310547,203.0800018310547,202.88999938964844,202.91000366210938,20009,0.0,0.0
2024-05-31 11:10:00-04:00,202.9600067138672,203.1999969482422,202.9199981689453,203.1999969482422,23452,0.0,0.0
2024-05-31 11:15:00-04:00,203.1300048828125,203.1300048828125,202.798095703125,202.81500244140625,17378,0.0,0.0
2024-05-31 11:20:00-04:00,202.84500122070312,203.3350067138672,202.84500122070312,203.22000122070312,13678,0.0,0.0
2024-05-31 11:25:00-04:00,203.22000122070312,203.35000610351562,203.16000366210938,203.30999755859375,14162,0.0,0.0
2024-05-31 11:30:00-04:00,203.2949981689453,203.64999389648438,203.2899932861328,203.64999389648438,9166,0.0,0.0
2024-05-31 11:35:00-04:00,203.67999267578125,203.74819946289062,203.42999267578125,203.44000244140625,14157,0.0,0.0
2024-05-31 11:40:00-04:00,203.5500030517578,203.5500030517578,203.38999938964844,203.4199981689453,8237,0.0,0.0
2024-05-31 11:45:00-04:00,203.4199981689453,203.42999267578125,203.36000061035156,203.3979949951172,12354,0.0,0.0
2024-05-31 11:50:00-04:00,203.38999938964844,203.58999633789062,203.24000549316406,203.24000549316406,15661,0.0,0.0
2024-05-31 11:55:00-04:00,203.27000427246094,203.27000427246094,203.02999877929688,203.125,7951,0.0,0.0
2024-05-31 12:00:00-04:00,203.125,203.13999938964844,202.94000244140625,203.0050048828125,10317,0.0,0.0
2024-05-31 12:05:00-04:00,202.94000244140625,203.2100067138672,202.89999389648438,203.14999389648438,7610,0.0,0.0
2024-05-31 12:10:00-04:00,203.10000610351562,203.10000610351562,202.9199981689453,203.0,7473,0.0,0.0
2024-05-31 12:15:00-04:00,202.96499633789062,202.96499633789062,202.85000610351562,202.91000366210938,12897,0.0,0.0
2024-05-31 12:20:00-04:00,202.86000061035156,202.97999572753906,202.86000061035156,202.97000122070312,16018,0.0,0.0
2024-05-31 12:25:00-04:00,203.0,203.0,202.89999389648438,202.91000366210938,6199,0.0,0.0
2024-05-31 12:30:00-04:00,202.9499969482422,203.07000732421875,202.83999633789062,203.07000732421875,8791,0.0,0.0
2024-05-31 12:35:00-04:00,203.0749969482422,203.0749969482422,202.86000061035156,202.86000061035156,6489,0.0,0.0
2024-05-31 12:40:00-04:00,202.83999633789062,202.89999389648438,202.57000732421875,202.5850067138672,12760,0.0,0.0
2024-05-31 12:45:00-04:00,202.63999938964844,202.80999755859375,202.63999938964844,202.75999450683594,9052,0.0,0.0
2024-05-31 12:50:00-04:00,202.80999755859375,203.3699951171875,202.80999755859375,203.30999755859375,21789,0.0,0.0
2024-05-31 12:55:00-04:00,203.3000030517578,203.67999267578125,203.2449951171875,203.6699981689453,55756,0.0,0.0
2024-05-31 13:00:00-04:00,203.67999267578125,203.7050018310547,203.27000427246094,203.2949981689453,45947,0.0,0.0
2024-05-31 13:05:00-04:00,203.2790985107422,203.28500366210938,202.9199981689453,202.9199981689453,8534,0.0,0.0
2024-05-31 13:10:00-04:00,203.0,203.0,202.61000061035156,202.72999572753906,12906,0.0,0.0
2024-05-31 13:15:00-04:00,202.74000549316406,202.8699951171875,202.63999938964844,202.8000030517578,14662,0.0,0.0
2024-05-31 13:20:00-04:00,202.8000030517578,202.97000122070312,202.64999389648438,202.97000122070312,8743,0.0,0.0
2024-05-31 13:25:00-04:00,202.9600067138672,203.02000427246094,202.81500244140625,202.86239624023438,7142,0.0,0.0
2024-05-31 13:30:00-04:00,202.88999938964844,203.0500030517578,202.8800048828125,203.00999450683594,13518,0.0,0.0
2024-05-31 13:35:00-04:00,203.0,203.02999877929688,202.74000549316406,202.74000549316406,9543,0.0,0.0
2024-05-31 13:40:00-04:00,202.86000061035156,202.8699951171875,202.77000427246094,202.82000732421875,7116,0.0,0.0
2024-05-31 13:45:00-04:00,202.86000061035156,202.88999938964844,202.72000122070312,202.8000030517578,7520,0.0,0.0
2024-05-31 13:50:00-04:00,202.8699951171875,203.00999450683594,202.85000610351562,202.9250030517578,10073,0.0,0.0
2024-05-31 13:55:00-04:00,202.92999267578125,203.16000366210938,202.9199981689453,203.0800018310547,13630,0.0,0.0
2024-05-31 14:00:00-04:00,203.0449981689453,203.0449981689453,203.00999450683594,203.00999450683594,1405,0.0,0.0
2024-05-31 14:05:00-04:00,203.0,203.0399932861328,202.92999267578125,203.0399932861328,7402,0.0,0.0
2024-05-31 14:10:00-04:00,203.00999450683594,203.00999450683594,202.75999450683594,202.7801055908203,11534,0.0,0.0
2024-05-31 14:15:00-04:00,202.7899932861328,202.96499633789062,202.7899932861328,202.88999938964844,15600,0.0,0.0
2024-05-31 14:20:00-04:00,202.9250030517578,202.99000549316406,202.8800048828125,202.9600067138672,5784,0.0,0.0
2024-05-31 14:25:00-04:00,203.01829528808594,203.01829528808594,202.94000244140625,202.9949951171875,9650,0.0,0.0
2024-05-31 14:30:00-04:00,203.0399932861328,203.11000061035156,202.97000122070312,202.97000122070312,10113,0.0,0.0
2024-05-31 14:35:00-04:00,203.02000427246094,203.0399932861328,202.97000122070312,202.97999572753906,2709,0.0,0.0
2024-05-31 14:40:00-04:00,203.02000427246094,203.19500732421875,202.9199981689453,203.18260192871094,19980,0.0,0.0
2024-05-31 14:45:00-04:00,203.13499450683594,203.32000732421875,203.10000610351562,203.10000610351562,11710,0.0,0.0
2024-05-31 14:50:00-04:00,203.11000061035156,203.11000061035156,202.9600067138672,202.97999572753906,9443,0.0,0.0
2024-05-31 14:55:00-04:00,203.0,203.04750061035156,202.92999267578125,203.0,9936,0.0,0.0
2024-05-31 15:00:00-04:00,202.9600067138672,203.02999877929688,202.88999938964844,202.90499877929688,12586,0.0,0.0
2024-05-31 15:05:00-04:00,202.90499877929688,203.1999969482422,202.88999938964844,203.1300048828125,16366,0.0,0.0
2024-05-31 15:10:00-04:00,203.10000610351562,203.30999755859375,203.0800018310547,203.27999877929688,13626,0.0,0.0
2024-05-31 15:15:00-04:00,203.2899932861328,203.3300018310547,202.90499877929688,203.0,22820,0.0,0.0
2024-05-31 15:20:00-04:00,203.0050048828125,203.22000122070312,203.0050048828125,203.19500732421875,9359,0.0,0.0
2024-05-31 15:25:00-04:00,203.19500732421875,203.24000549316406,203.00999450683594,203.01499938964844,13745,0.0,0.0
2024-05-31 15:30:00-04:00,202.99000549316406,203.07000732421875,202.8699951171875,202.91180419921875,28395,0.0,0.0
2024-05-31 15:35:00-04:00,202.9250030517578,203.1300048828125,202.83999633789062,203.05999755859375,30207,0.0,0.0
2024-05-31 15:40:00-04:00,203.10000610351562,203.19000244140625,202.94000244140625,203.13499450683594,58172,0.0,0.0
2024-05-31 15:45:00-04:00,203.13499450683594,203.1699981689453,203.05999755859375,203.08999633789062,68686,0.0,0.0
2024-05-31 15:50:00-04:00,203.10000610351562,203.19500732421875,202.64999389648438,202.99000549316406,221736,0.0,0.0
2024-05-31 15:55:00-04:00,202.92999267578125,203.03900146484375,202.47500610351562,202.83999633789062,569666,0.0,0.0
2024-06-03 09:30:00-04:00,203.1999969482422,203.1999969482422,202.4250030517578,202.49249267578125,38412,0.0,0.0
2024-06-03 09:35:00-04:00,202.63999938964844,203.72000122070312,202.61500549316406,203.72000122070312,17176,0.0,0.0
2024-06-03 09:40:00-04:00,203.78500366210938,203.94000244140625,203.49000549316406,203.8300018310547,12886,0.0,0.0
2024-06-03 09:45:00-04:00,204.06500244140625,204.22000122070312,203.72999572753906,204.13999938964844,10825,0.0,0.0
2024-06-03 09:50:00-04:00,204.19920349121094,204.22000122070312,203.58999633789062,203.58999633789062,25070,0.0,0.0
2024-06-03 09:55:00-04:00,203.75,203.75999450683594,203.1699981689453,203.42999267578125,11552,0.0,0.0
2024-06-03 10:00:00-04:00,203.4949951171875,203.7100067138672,203.1699981689453,203.19000244140625,13700,0.0,0.0
2024-06-03 10:05:00-04:00,203.14999389648438,203.14999389648438,202.6699981689453,202.6699981689453,11009,0.0,0.0
2024-06-03 10:10:00-04:00,202.8000030517578,202.8000030517578,202.3000030517578,202.5850067138672,12577,0.0,0.0
2024-06-03 10:15:00-04:00,202.5800018310547,202.64999389648438,202.2949981689453,202.42999267578125,13439,0.0,0.0
2024-06-03 10:20:00-04:00,202.4499969482422,202.49000549316406,202.18499755859375,202.24310302734375,10717,0.0,0.0
2024-06-03 10:25:00-04:00,202.19500732421875,202.3000030517578,202.14999389648438,202.27000427246094,7403,0.0,0.0
2024-06-03 10:30:00-04:00,202.2550048828125,202.3000030517578,201.86000061035156,202.15499877929688,14642,0.0,0.0
2024-06-03 10:35:00-04:00,202.2100067138672,202.2100067138672,202.0749969482422,202.11000061035156,8109,0.0,0.0
2024-06-03 10:40:00-04:00,202.13250732421875,202.13250732421875,201.80999755859375,201.92999267578125,14140,0.0,0.0
2024-06-03 10:45:00-04:00,201.94000244140625,202.07000732421875,201.8300018310547,202.0500030517578,8868,0.0,0.0
2024-06-03 10:50:00-04:00,202.1699981689453,202.25,201.9600067138672,202.03900146484375,13208,0.0,0.0
2024-06-03 10:55:00-04:00,201.9600067138672,202.33990478515625,201.88999938964844,202.16000366210938,12486,0.0,0.0
2024-06-03 11:00:00-04:00,202.10000610351562,202.25,202.02999877929688,202.25,27915,0.0,0.0
2024-06-03 11:05:00-04:00,202.22999572753906,202.25999450683594,201.6999969482422,201.75180053710938,20171,0.0,0.0
2024-06-03 11:10:00-04:00,201.6999969482422,201.77000427246094,201.47999572753906,201.77000427246094,15313,0.0,0.0
2024-06-03 11:15:00-04:00,201.77000427246094,201.85000610351562,201.67999267578125,201.73500061035156,8928,0.0,0.0
2024-06-03 11:20:00-04:00,201.76499938964844,201.81900024414062,201.58999633789062,201.6199951171875,14649,0.0,0.0
2024-06-03 11:25:00-04:00,201.69000244140625,201.97000122070312,201.6199951171875,201.77999877929688,18829,0.0,0.0
2024-06-03 11:30:00-04:00,201.75999450683594,201.80999755859375,201.60000610351562,201.6999969482422,10108,0.0,0.0
2024-06-03 11:35:00-04:00,201.6699981689453,201.8699951171875,201.6199951171875,201.75999450683594,11435,0.0,0.0
2024-06-03 11:40:00-04:00,201.7949981689453,201.7949981689453,201.5850067138672,201.69000244140625,11108,0.0,0.0
2024-06-03 11:45:00-04:00,201.72500610351562,201.75999450683594,201.55999755859375,201.6300048828125,10398,0.0,0.0
2024-06-03 11:50:00-04:00,201.6199951171875,201.69000244140625,201.5500030517578,201.5500030517578,8491,0.0,0.0
2024-06-03 11:55:00-04:00,201.5399932861328,201.5500030517578,201.27000427246094,201.27000427246094,19393,0.0,0.0
2024-06-03 12:00:00-04:00,201.25,201.60000610351562,201.2100067138672,201.5399932861328,20646,0.0,0.0
2024-06-03 12:05:00-04:00,201.6300048828125,201.6699981689453,201.55999755859375,201.64500427246094,9658,0.0,0.0
2024-06-03 12:10:00-04:00,201.69000244140625,201.77000427246094,201.47999572753906,201.5,10057,0.0,0.0
2024-06-03 12:15:00-04:00,201.47999572753906,201.47999572753906,201.15499877929688,201.1649932861328,8085,0.0,0.0
2024-06-03 12:20:00-04:00,201.14999389648438,201.16000366210938,200.8699951171875,200.8699951171875,14034,0.0,0.0
2024-06-03 12:25:00-04:00,200.91000366210938,200.9499969482422,200.5800018310547,200.6300048828125,10442,0.0,0.0
2024-06-03 12:30:00-04:00,200.6300048828125,200.88499450683594,200.5800018310547,200.86000061035156,14563,0.0,0.0
2024-06-03 12:35:00-04:00,200.88999938964844,200.94000244140625,200.77000427246094,200.85000610351562,9343,0.0,0.0
2024-06-03 12:40:00-04:00,200.797607421875,200.82000732421875,200.75999450683594,200.82000732421875,6175,0.0,0.0
2024-06-03 12:45:00-04:00,200.80499267578125,200.85000610351562,200.68499755859375,200.68499755859375,8631,0.0,0.0
2024-06-03 12:50:00-04:00,200.63499450683594,200.67640686035156,200.5399932861328,200.54620361328125,10751,0.0,0.0
2024-06-03 12:55:00-04:00,200.50999450683594,200.61000061035156,200.49000549316406,200.59500122070312,6149,0.0,0.0
2024-06-03 13:00:00-04:00,200.5500030517578,200.66000366210938,200.52999877929688,200.6199951171875,11664,0.0,0.0
2024-06-03 13:05:00-04:00,200.61000061035156,200.73989868164062,200.33999633789062,200.33999633789062,27518,0.0,0.0
2024-06-03 13:10:00-04:00,200.36000061035156,200.47000122070312,200.22999572753906,200.25999450683594,23331,0.0,0.0
2024-06-03 13:15:00-04:00,200.36000061035156,200.6750030517578,200.27000427246094,200.6750030517578,13963,0.0,0.0
2024-06-03 13:20:00-04:00,200.69000244140625,200.8800048828125,200.69000244140625,200.8300018310547,6833,0.0,0.0
2024-06-03 13:25:00-04:00,200.77000427246094,200.91000366210938,200.75999450683594,200.8800048828125,4713,0.0,0.0
2024-06-03 13:30:00-04:00,200.8800048828125,200.98899841308594,200.8800048828125,200.94000244140625,4304,0.0,0.0
2024-06-03 13:35:00-04:00,200.89999389648438,201.0050048828125,200.89999389648438,201.0050048828125,5298,0.0,0.0
2024-06-03 13:40:00-04:00,201.02999877929688,201.25999450683594,201.0,201.23500061035156,14690,0.0,0.0
2024-06-03 13:45:00-04:00,201.3000030517578,201.3800048828125,201.2899932861328,201.36000061035156,5216,0.0,0.0
2024-06-03 13:50:00-04:00,201.38999938964844,201.4199981689453,201.35000610351562,201.3800048828125,6846,0.0,0.0
2024-06-03 13:55:00-04:00,201.38999938964844,201.42999267578125,201.3000030517578,201.38999938964844,7783,0.0,0.0
2024-06-03 14:00:00-04:00,201.39450073242188,201.4600067138672,201.38999938964844,201.4600067138672,5495,0.0,0.0
2024-06-03 14:05:00-04:00,201.4199981689453,201.44970703125,201.3699951171875,201.40499877929688,7844,0.0,0.0
2024-06-03 14:10:00-04:00,201.35000610351562,201.36000061035156,201.07049560546875,201.07049560546875,9235,0.0,0.0
2024-06-03 14:15:00-04:00,201.06500244140625,201.16940307617188,201.02000427246094,201.13499450683594,14843,0.0,0.0
2024-06-03 14:20:00-04:00,201.1300048828125,201.2100067138672,201.07000732421875,201.19000244140625,6264,0.0,0.0
2024-06-03 14:25:00-04:00,201.19000244140625,201.19000244140625,200.8300018310547,200.86000061035156,9330,0.0,0.0
2024-06-03 14:30:00-04:00,200.91000366210938,201.00999450683594,200.88999938964844,201.00999450683594,5042,0.0,0.0
2024-06-03 14:35:00-04:00,201.0299072265625,201.0850067138672,200.97000122070312,201.0800018310547,12722,0.0,0.0
2024-06-03 14:40:00-04:00,201.1199951171875,201.1199951171875,201.00999450683594,201.0399932861328,9634,0.0,0.0
2024-06-03 14:45:00-04:00,201.0399932861328,201.09500122070312,200.8800048828125,200.89999389648438,11700,0.0,0.0
2024-06-03 14:50:00-04:00,200.8800048828125,200.97000122070312,200.8300018310547,200.97000122070312,9770,0.0,0.0
2024-06-03 14:55:00-04:00,200.96499633789062,201.0,200.9199981689453,200.94000244140625,10213,0.0,0.0
2024-06-03 15:00:00-04:00,200.9199981689453,201.10000610351562,200.9199981689453,201.10000610351562,10432,0.0,0.0
2024-06-03 15:05:00-04:00,201.09500122070312,201.09500122070312,200.97000122070312,200.97999572753906,9940,0.0,0.0
2024-06-03 15:10:00-04:00,200.97999572753906,201.02999877929688,200.89999389648438,200.99000549316406,13127,0.0,0.0
2024-06-03 15:15:00-04:00,200.9600067138672,201.22999572753906,200.9600067138672,201.22999572753906,14908,0.0,0.0
2024-06-03 15:20:00-04:00,201.27999877929688,201.77499389648438,201.27999877929688,201.74000549316406,29124,0.0,0.0
2024-06-03 15:25:00-04:00,201.82000732421875,201.8800048828125,201.6999969482422,201.72999572753906,21578,0.0,0.0
2024-06-03 15:30:00-04:00,201.72999572753906,201.7899932861328,201.52999877929688,201.6490020751953,13271,0.0,0.0
2024-06-03 15:35:00-04:00,201.61500549316406,201.7689971923828,201.61000061035156,201.6490020751953,20336,0.0,0.0
2024-06-03 15:40:00-04:00,201.64999389648438,201.92999267578125,201.6300048828125,201.92999267578125,26991,0.0,0.0
2024-06-03 15:45:00-04:00,201.9600067138672,202.21499633789062,201.80999755859375,202.21499633789062,35390,0.0,0.0
2024-06-03 15:50:00-04:00,202.17999267578125,202.43499755859375,202.00999450683594,202.15499877929688,64630,0.0,0.0
2024-06-03 15:55:00-04:00,202.10000610351562,202.1300048828125,201.64999389648438,201.72000122070312,210118,0.0,0.0
2024-06-04 09:30:00-04:00,201.98500061035156,202.5,201.7100067138672,202.4425048828125,43426,0.0,0.0
2024-06-04 09:35:00-04:00,202.47500610351562,202.47500610351562,201.9600067138672,202.0050048828125,25042,0.0,0.0
2024-06-04 09:40:00-04:00,202.0800018310547,202.30999755859375,201.9499969482422,202.1699981689453,15373,0.0,0.0
2024-06-04 09:45:00-04:00,202.25,202.25340270996094,201.9600067138672,202.02000427246094,16571,0.0,0.0
2024-06-04 09:50:00-04:00,201.88999938964844,201.92999267578125,201.4600067138672,201.50999450683594,19019,0.0,0.0
2024-06-04 09:55:00-04:00,201.5800018310547,202.0,201.55499267578125,201.9600067138672,16430,0.0,0.0
2024-06-04 10:00:00-04:00,201.94500732421875,202.00990295410156,201.8300018310547,201.8524932861328,16158,0.0,0.0
2024-06-04 10:05:00-04:00,201.91000366210938,202.125,201.8300018310547,202.0850067138672,12556,0.0,0.0
2024-06-04 10:10:00-04:00,202.08999633789062,202.6300048828125,202.03500366210938,202.6300048828125,25466,0.0,0.0
2024-06-04 10:15:00-04:00,202.72000122070312,203.07000732421875,202.7100067138672,202.75,12101,0.0,0.0
2024-06-04 10:20:00-04:00,202.67999267578125,203.0,202.67999267578125,202.72999572753906,9963,0.0,0.0
2024-06-04 10:25:00-04:00,202.66000366210938,202.7899932861328,202.64999389648438,202.67999267578125,8207,0.0,0.0
2024-06-04 10:30:00-04:00,202.71499633789062,202.71499633789062,202.2100067138672,202.2100067138672,10500,0.0,0.0
2024-06-04 10:35:00-04:00,202.19500732421875,202.6750030517578,202.1699981689453,202.64999389648438,22420,0.0,0.0
2024-06-04 10:40:00-04:00,202.75999450683594,203.31500244140625,202.72000122070312,203.31500244140625,13401,0.0,0.0
2024-06-04 10:45:00-04:00,203.38499450683594,203.38499450683594,202.97999572753906,203.24000549316406,12911,0.0,0.0
2024-06-04 10:50:00-04:00,203.14500427246094,203.32000732421875,203.0850067138672,203.0850067138672,8975,0.0,0.0
2024-06-04 10:55:00-04:00,203.0850067138672,203.19500732421875,203.02000427246094,203.07000732421875,11062,0.0,0.0
2024-06-04 11:00:00-04:00,203.0749969482422,203.47000122070312,203.0,203.47000122070312,9966,0.0,0.0
2024-06-04 11:05:00-04:00,203.44000244140625,203.99000549316406,203.44000244140625,203.99000549316406,14889,0.0,0.0
2024-06-04 11:10:00-04:00,203.97999572753906,204.43710327148438,203.92999267578125,204.4185028076172,13805,0.0,0.0
2024-06-04 11:15:00-04:00,204.32000732421875,204.4600067138672,204.22999572753906,204.35499572753906,9307,0.0,0.0
2024-06-04 11:20:00-04:00,204.32000732421875,204.39999389648438,204.0800018310547,204.39500427246094,11925,0.0,0.0
2024-06-04 11:25:00-04:00,204.39500427246094,204.4250030517578,204.25999450683594,204.38499450683594,11125,0.0,0.0
2024-06-04 11:30:00-04:00,204.27000427246094,204.3699951171875,203.91000366210938,204.00999450683594,158992,0.0,0.0
2024-06-04 11:35:00-04:00,203.99049377441406,204.32000732421875,203.66000366210938,204.27499389648438,10199,0.0,0.0
2024-06-04 11:40:00-04:00,204.1999969482422,204.65499877929688,204.1999969482422,204.5399932861328,14696,0.0,0.0
2024-06-04 11:45:00-04:00,204.6300048828125,204.6300048828125,204.32000732421875,204.33999633789062,15644,0.0,0.0
2024-06-04 11:50:00-04:00,204.3300018310547,204.36000061035156,204.00999450683594,204.22000122070312,19401,0.0,0.0
2024-06-04 11:55:00-04:00,204.1699981689453,204.23500061035156,204.0800018310547,204.13499450683594,13226,0.0,0.0
2024-06-04 12:00:00-04:00,204.14999389648438,204.15989685058594,203.72000122070312,203.8000030517578,6626,0.0,0.0
2024-06-04 12:05:00-04:00,203.8000030517578,203.85000610351562,203.51499938964844,203.69000244140625,5961,0.0,0.0
2024-06-04 12:10:00-04:00,203.68499755859375,203.7100067138672,203.3699951171875,203.3699951171875,5824,0.0,0.0
2024-06-04 12:15:00-04:00,203.39999389648438,203.55999755859375,203.39999389648438,203.55999755859375,7745,0.0,0.0
2024-06-04 12:20:00-04:00,203.55999755859375,203.69000244140625,203.52000427246094,203.6300048828125,8914,0.0,0.0
2024-06-04 12:25:00-04:00,203.66000366210938,203.94500732421875,203.66000366210938,203.94500732421875,3614,0.0,0.0
2024-06-04 12:30:00-04:00,203.9499969482422,204.08999633789062,203.9499969482422,204.06500244140625,16761,0.0,0.0
2024-06-04 12:35:00-04:00,204.1300048828125,204.2050018310547,203.99000549316406,204.2050018310547,8764,0.0,0.0
2024-06-04 12:40:00-04:00,204.24000549316406,204.2899932861328,204.1300048828125,204.21499633789062,12394,0.0,0.0
2024-06-04 12:45:00-04:00,204.22109985351562,204.39999389648438,204.22109985351562,204.39500427246094,2802,0.0,0.0
2024-06-04 12:50:00-04:00,204.33999633789062,204.3874053955078,204.14999389648438,204.25,5674,0.0,0.0
2024-06-04 12:55:00-04:00,204.24000549316406,204.32000732421875,204.19000244140625,204.2100067138672,5627,0.0,0.0
2024-06-04 13:00:00-04:00,204.15280151367188,204.19500732421875,203.94000244140625,203.94000244140625,3463,0.0,0.0
2024-06-04 13:05:00-04:00,203.92999267578125,203.97000122070312,203.8800048828125,203.89999389648438,6792,0.0,0.0
2024-06-04 13:10:00-04:00,203.92999267578125,203.97000122070312,203.91000366210938,203.9499969482422,3734,0.0,0.0
2024-06-04 13:15:00-04:00,203.97999572753906,204.08999633789062,203.94500732421875,204.0850067138672,6373,0.0,0.0
2024-06-04 13:20:00-04:00,204.0850067138672,204.1199951171875,203.94000244140625,204.00999450683594,7979,0.0,0.0
2024-06-04 13:25:00-04:00,203.92999267578125,204.19000244140625,203.92999267578125,204.19000244140625,8978,0.0,0.0
2024-06-04 13:30:00-04:00,204.1999969482422,204.21499633789062,203.8125,203.8125,9377,0.0,0.0
2024-06-04 13:35:00-04:00,203.80999755859375,203.91000366210938,203.80999755859375,203.86500549316406,4313,0.0,0.0
2024-06-04 13:40:00-04:00,203.88999938964844,204.01400756835938,203.88999938964844,204.0,5294,0.0,0.0
2024-06-04 13:45:00-04:00,203.97999572753906,203.98500061035156,203.9199981689453,203.97610473632812,5329,0.0,0.0
2024-06-04 13:50:00-04:00,203.9600067138672,204.17999267578125,203.7949981689453,204.17999267578125,18563,0.0,0.0
2024-06-04 13:55:00-04:00,204.14999389648438,204.25,204.10000610351562,204.17059326171875,6509,0.0,0.0
2024-06-04 14:00:00-04:00,204.14500427246094,204.15499877929688,203.96009826660156,203.98500061035156,6891,0.0,0.0
2024-06-04 14:05:00-04:00,203.89999389648438,203.89999389648438,203.52099609375,203.53500366210938,7918,0.0,0.0
2024-06-04 14:10:00-04:00,203.56219482421875,203.60000610351562,203.49000549316406,203.57730102539062,7604,0.0,0.0
2024-06-04 14:15:00-04:00,203.5500030517578,203.8699951171875,203.52099609375,203.80999755859375,6559,0.0,0.0
2024-06-04 14:20:00-04:00,203.80499267578125,204.11000061035156,203.80499267578125,204.0449981689453,8286,0.0,0.0
2024-06-04 14:25:00-04:00,204.07919311523438,204.07919311523438,203.80999755859375,203.82000732421875,8764,0.0,0.0
2024-06-04 14:30:00-04:00,203.85499572753906,203.85499572753906,203.6300048828125,203.68499755859375,6993,0.0,0.0
2024-06-04 14:35:00-04:00,203.68499755859375,203.72999572753906,203.58099365234375,203.63999938964844,13596,0.0,0.0
2024-06-04 14:40:00-04:00,203.63999938964844,204.00999450683594,203.63999938964844,203.89990234375,19042,0.0,0.0
2024-06-04 14:45:00-04:00,203.92999267578125,203.99000549316406,203.9069061279297,203.99000549316406,7520,0.0,0.0
2024-06-04 14:50:00-04:00,203.9550018310547,204.1300048828125,203.91000366210938,204.02000427246094,14478,0.0,0.0
2024-06-04 14:55:00-04:00,204.0,204.06500244140625,203.97000122070312,203.97999572753906,10124,0.0,0.0
2024-06-04 15:00:00-04:00,203.9600067138672,204.0,203.75,203.7550048828125,14952,0.0,0.0
2024-06-04 15:05:00-04:00,203.6999969482422,203.9550018310547,203.57000732421875,203.9550018310547,15792,0.0,0.0
2024-06-04 15:10:00-04:00,203.97500610351562,204.11810302734375,203.94000244140625,204.0399932861328,14151,0.0,0.0
2024-06-04 15:15:00-04:00,204.0800018310547,204.10000610351562,203.9499969482422,203.99000549316406,11996,0.0,0.0
2024-06-04 15:20:00-04:00,203.9499969482422,203.9499969482422,203.6199951171875,203.6300048828125,13960,0.0,0.0
2024-06-04 15:25:00-04:00,203.61000061035156,203.69020080566406,203.57000732421875,203.57000732421875,10331,0.0,0.0
2024-06-04 15:30:00-04:00,203.55999755859375,203.63999938964844,203.41000366210938,203.4416961669922,18204,0.0,0.0
2024-06-04 15:35:00-04:00,203.4499969482422,203.52499389648438,203.24000549316406,203.5,19501,0.0,0.0
2024-06-04 15:40:00-04:00,203.5,203.67999267578125,203.44000244140625,203.5,88623,0.0,0.0
2024-06-04 15:45:00-04:00,203.5,203.75,203.4250030517578,203.75,79036,0.0,0.0
2024-06-04 15:50:00-04:00,203.7899932861328,203.83999633789062,203.49049377441406,203.81500244140625,63583,0.0,0.0
2024-06-04 15:55:00-04:00,203.81500244140625,203.91000366210938,203.6300048828125,203.82000732421875,136639,0.0,0.0
2024-06-05 09:30:00-04:00,203.77999877929688,204.5,203.14500427246094,203.72000122070312,42205,0.0,0.0
2024-06-05 09:35:00-04:00,204.14999389648438,204.7899932861328,203.3699951171875,203.3800048828125,17598,0.0,0.0
2024-06-05 09:40:00-04:00,203.4199981689453,203.4199981689453,202.72000122070312,202.9499969482422,7202,0.0,0.0
2024-06-05 09:45:00-04:00,202.86000061035156,202.8699951171875,202.22000122070312,202.22000122070312,5887,0.0,0.0
2024-06-05 09:50:00-04:00,202.2449951171875,202.33999633789062,201.77999877929688,202.1300048828125,11562,0.0,0.0
2024-06-05 09:55:00-04:00,201.97999572753906,202.2541046142578,201.97999572753906,202.02999877929688,6718,0.0,0.0
2024-06-05 10:00:00-04:00,201.85000610351562,202.1199951171875,201.35000610351562,201.9875030517578,8015,0.0,0.0
2024-06-05 10:05:00-04:00,201.9949951171875,202.22999572753906,201.67999267578125,201.80999755859375,12316,0.0,0.0
2024-06-05 10:10:00-04:00,201.77000427246094,201.88999938964844,201.61000061035156,201.80130004882812,12241,0.0,0.0
2024-06-05 10:15:00-04:00,201.6300048828125,201.8300018310547,201.59500122070312,201.72999572753906,12394,0.0,0.0
2024-06-05 10:20:00-04:00,201.8000030517578,201.8000030517578,201.30999755859375,201.30999755859375,9297,0.0,0.0
2024-06-05 10:25:00-04:00,201.19000244140625,201.69500732421875,201.08999633789062,201.69000244140625,13025,0.0,0.0
2024-06-05 10:30:00-04:00,201.6699981689453,201.75,201.34500122070312,201.6199951171875,25147,0.0,0.0
2024-06-05 10:35:00-04:00,201.64999389648438,201.84249877929688,201.63999938964844,201.77000427246094,10765,0.0,0.0
2024-06-05 10:40:00-04:00,201.77499389648438,201.7899932861328,201.16000366210938,201.2050018310547,79931,0.0,0.0
2024-06-05 10:45:00-04:00,201.14999389648438,201.61000061035156,201.14999389648438,201.3000030517578,64558,0.0,0.0
2024-06-05 10:50:00-04:00,201.30499267578125,201.44000244140625,201.27000427246094,201.4149932861328,16630,0.0,0.0
2024-06-05 10:55:00-04:00,201.4499969482422,201.5399932861328,201.02000427246094,201.0500030517578,41900,0.0,0.0
2024-06-05 11:00:00-04:00,201.11000061035156,201.75,201.07000732421875,201.68499755859375,14055,0.0,0.0
2024-06-05 11:05:00-04:00,201.75999450683594,202.04750061035156,201.75,202.04750061035156,10005,0.0,0.0
2024-06-05 11:10:00-04:00,202.0449981689453,202.42999267578125,201.9499969482422,202.4199981689453,11390,0.0,0.0
2024-06-05 11:15:00-04:00,202.4250030517578,202.4600067138672,202.25999450683594,202.2899932861328,12654,0.0,0.0
2024-06-05 11:20:00-04:00,202.16000366210938,202.2686004638672,201.9499969482422,201.9499969482422,7009,0.0,0.0
2024-06-05 11:25:00-04:00,201.9499969482422,201.9499969482422,201.72000122070312,201.72000122070312,7713,0.0,0.0
2024-06-05 11:30:00-04:00,201.77999877929688,201.77999877929688,201.64999389648438,201.69000244140625,10144,0.0,0.0
2024-06-05 11:35:00-04:00,201.72999572753906,201.75,201.57000732421875,201.65499877929688,6829,0.0,0.0
2024-06-05 11:40:00-04:00,201.6750030517578,201.8000030517578,201.41000366210938,201.779296875,29149,0.0,0.0
2024-06-05 11:45:00-04:00,201.75,201.75,201.35000610351562,201.5800018310547,21014,0.0,0.0
2024-06-05 11:50:00-04:00,201.66000366210938,201.74000549316406,201.50999450683594,201.74000549316406,4605,0.0,0.0
2024-06-05 11:55:00-04:00,201.6300048828125,201.72000122070312,201.60000610351562,201.72000122070312,6670,0.0,0.0
2024-06-05 12:00:00-04:00,201.68499755859375,201.82000732421875,201.6540069580078,201.6540069580078,9642,0.0,0.0
2024-06-05 12:05:00-04:00,201.6470947265625,201.77000427246094,201.61500549316406,201.6300048828125,8543,0.0,0.0
2024-06-05 12:10:00-04:00,201.57000732421875,201.64999389648438,201.33749389648438,201.35000610351562,16550,0.0,0.0
2024-06-05 12:15:00-04:00,201.31500244140625,201.3699951171875,201.22999572753906,201.30499267578125,6756,0.0,0.0
2024-06-05 12:20:00-04:00,201.36000061035156,201.52999877929688,201.30499267578125,201.4949951171875,14510,0.0,0.0
2024-06-05 12:25:00-04:00,201.5449981689453,201.58999633789062,201.4499969482422,201.49000549316406,12717,0.0,0.0
2024-06-05 12:30:00-04:00,201.52999877929688,201.58999633789062,201.4499969482422,201.56500244140625,10056,0.0,0.0
2024-06-05 12:35:00-04:00,201.58999633789062,201.8800048828125,201.47000122070312,201.50999450683594,45984,0.0,0.0
2024-06-05 12:40:00-04:00,201.52499389648438,201.5500030517578,201.33999633789062,201.33999633789062,18169,0.0,0.0
2024-06-05 12:45:00-04:00,201.27999877929688,201.3300018310547,201.2100067138672,201.3300018310547,8509,0.0,0.0
2024-06-05 12:50:00-04:00,201.3699951171875,201.3699951171875,201.27999877929688,201.30999755859375,4411,0.0,0.0
2024-06-05 12:55:00-04:00,201.3249969482422,201.3699951171875,201.25999450683594,201.3249969482422,12069,0.0,0.0
2024-06-05 13:00:00-04:00,201.11500549316406,201.17559814453125,201.11000061035156,201.1300048828125,5870,0.0,0.0
2024-06-05 13:05:00-04:00,201.17999267578125,201.19000244140625,201.02999877929688,201.05499267578125,5959,0.0,0.0
2024-06-05 13:10:00-04:00,201.03050231933594,201.05999755859375,200.8699951171875,201.02000427246094,15892,0.0,0.0
2024-06-05 13:15:00-04:00,201.14999389648438,201.14999389648438,200.92999267578125,200.92999267578125,10165,0.0,0.0
2024-06-05 13:20:00-04:00,200.92999267578125,201.0,200.88999938964844,200.91000366210938,5669,0.0,0.0
2024-06-05 13:25:00-04:00,200.88999938964844,200.9499969482422,200.8000030517578,200.94000244140625,6688,0.0,0.0
2024-06-05 13:30:00-04:00,200.9499053955078,200.9499053955078,200.75,200.8000030517578,11728,0.0,0.0
2024-06-05 13:35:00-04:00,200.82000732421875,200.8300018310547,200.74000549316406,200.75999450683594,6840,0.0,0.0
2024-06-05 13:40:00-04:00,200.80999755859375,201.0449981689453,200.7899932861328,200.9499969482422,19468,0.0,0.0
2024-06-05 13:45:00-04:00,200.875,200.89500427246094,200.76010131835938,200.83999633789062,3825,0.0,0.0
2024-06-05 13:50:00-04:00,200.81820678710938,200.81820678710938,200.52999877929688,200.55999755859375,11300,0.0,0.0
2024-06-05 13:55:00-04:00,200.61000061035156,200.74000549316406,200.58999633789062,200.74000549316406,5544,0.0,0.0
2024-06-05 14:00:00-04:00,200.69000244140625,200.86000061035156,200.64999389648438,200.8094940185547,5612,0.0,0.0
2024-06-05 14:05:00-04:00,200.88999938964844,200.9600067138672,200.86500549316406,200.9600067138672,5100,0.0,0.0
2024-06-05 14:10:00-04:00,201.02000427246094,201.22000122070312,200.97000122070312,201.22000122070312,15089,0.0,0.0
2024-06-05 14:15:00-04:00,201.22500610351562,201.25999450683594,201.14500427246094,201.19000244140625,7456,0.0,0.0
2024-06-05 14:20:00-04:00,201.22000122070312,201.3000030517578,201.05999755859375,201.10000610351562,10464,0.0,0.0
2024-06-05 14:25:00-04:00,201.11500549316406,201.16000366210938,201.0399932861328,201.16000366210938,7208,0.0,0.0
2024-06-05 14:30:00-04:00,201.16000366210938,201.50999450683594,201.15809631347656,201.50999450683594,10335,0.0,0.0
2024-06-05 14:35:00-04:00,201.48500061035156,201.67999267578125,201.47999572753906,201.47999572753906,18329,0.0,0.0
2024-06-05 14:40:00-04:00,201.47999572753906,201.64999389648438,201.47999572753906,201.58999633789062,5563,0.0,0.0
2024-06-05 14:45:00-04:00,201.58999633789062,201.74000549316406,201.58999633789062,201.6750030517578,8371,0.0,0.0
2024-06-05 14:50:00-04:00,201.67999267578125,201.74000549316406,201.14999389648438,201.14999389648438,16421,0.0,0.0
2024-06-05 14:55:00-04:00,201.19000244140625,201.24000549316406,201.0800018310547,201.1199951171875,21568,0.0,0.0
2024-06-05 15:00:00-04:00,201.13999938964844,201.1909942626953,201.00999450683594,201.0800018310547,12210,0.0,0.0
2024-06-05 15:05:00-04:00,201.10000610351562,201.11000061035156,200.85000610351562,200.89500427246094,26028,0.0,0.0
2024-06-05 15:10:00-04:00,200.89500427246094,200.97000122070312,200.69000244140625,200.83999633789062,31773,0.0,0.0
2024-06-05 15:15:00-04:00,200.90499877929688,201.1300048828125,200.88999938964844,201.05999755859375,15379,0.0,0.0
2024-06-05 15:20:00-04:00,201.0850067138672,201.39999389648438,201.02000427246094,201.3000030517578,18978,0.0,0.0
2024-06-05 15:25:00-04:00,201.2550048828125,201.4600067138672,201.22999572753906,201.3350067138672,12696,0.0,0.0
2024-06-05 15:30:00-04:00,201.41000366210938,201.44000244140625,201.33999633789062,201.3800048828125,10251,0.0,0.0
2024-06-05 15:35:00-04:00,201.3800048828125,201.4694061279297,201.07000732421875,201.11000061035156,21087,0.0,0.0
2024-06-05 15:40:00-04:00,201.1199951171875,201.36000061035156,201.0500030517578,201.2299041748047,17548,0.0,0.0
2024-06-05 15:45:00-04:00,201.2100067138672,201.38999938964844,200.90499877929688,200.9600067138672,25770,0.0,0.0
2024-06-05 15:50:00-04:00,200.92999267578125,201.2100067138672,200.72999572753906,200.9250030517578,81955,0.0,0.0
2024-06-05 15:55:00-04:00,200.8800048828125,200.8800048828125,200.25,200.4600067138672,270022,0.0,0.0
2024-06-06 09:30:00-04:00,200.97999572753906,201.59500122070312,200.6300048828125,201.3800048828125,43728,0.0,0.0
2024-06-06 09:35:00-04:00,201.0500030517578,201.9550018310547,201.0500030517578,201.2949981689453,20251,0.0,0.0
2024-06-06 09:40:00-04:00,201.3800048828125,201.44000244140625,201.0,201.3800048828125,10774,0.0,0.0
2024-06-06 09:45:00-04:00,201.375,201.4499969482422,201.08999633789062,201.4499969482422,20543,0.0,0.0
2024-06-06 09:50:00-04:00,201.38499450683594,201.63499450683594,201.15499877929688,201.55409240722656,17610,0.0,0.0
2024-06-06 09:55:00-04:00,201.35000610351562,202.13499450683594,201.35000610351562,202.1300048828125,27684,0.0,0.0
2024-06-06 10:00:00-04:00,202.125,202.19500732421875,201.9199981689453,202.10000610351562,17181,0.0,0.0
2024-06-06 10:05:00-04:00,202.17999267578125,202.24000549316406,201.9250030517578,202.10000610351562,27781,0.0,0.0
2024-06-06 10:10:00-04:00,202.0,202.02999877929688,201.47000122070312,201.60000610351562,8489,0.0,0.0
2024-06-06 10:15:00-04:00,201.52999877929688,202.3800048828125,201.52999877929688,202.375,10318,0.0,0.0
2024-06-06 10:20:00-04:00,202.40499877929688,202.4499969482422,201.97000122070312,201.99249267578125,12287,0.0,0.0
2024-06-06 10:25:00-04:00,201.97999572753906,202.0850067138672,201.85000610351562,201.99000549316406,13218,0.0,0.0
2024-06-06 10:30:00-04:00,201.99000549316406,201.99000549316406,201.76499938964844,201.83999633789062,8106,0.0,0.0
2024-06-06 10:35:00-04:00,201.75,201.80999755859375,201.58999633789062,201.71499633789062,10717,0.0,0.0
2024-06-06 10:40:00-04:00,201.7100067138672,201.78500366210938,201.6300048828125,201.74000549316406,9533,0.0,0.0
2024-06-06 10:45:00-04:00,201.74000549316406,201.7899932861328,201.64999389648438,201.6999969482422,8353,0.0,0.0
2024-06-06 10:50:00-04:00,201.66000366210938,201.6699981689453,201.57000732421875,201.6300048828125,9267,0.0,0.0
2024-06-06 10:55:00-04:00,201.68490600585938,201.69000244140625,201.52999877929688,201.6300048828125,6145,0.0,0.0
2024-06-06 11:00:00-04:00,201.67999267578125,202.1199951171875,201.66000366210938,202.0500030517578,10590,0.0,0.0
2024-06-06 11:05:00-04:00,202.08999633789062,202.3699951171875,202.08999633789062,202.3699951171875,13126,0.0,0.0
2024-06-06 11:10:00-04:00,202.3249969482422,202.8300018310547,202.3249969482422,202.57000732421875,34090,0.0,0.0
2024-06-06 11:15:00-04:00,202.5500030517578,202.61000061035156,202.10000610351562,202.11500549316406,63718,0.0,0.0
2024-06-06 11:20:00-04:00,202.16000366210938,202.30999755859375,202.14999389648438,202.3000030517578,5479,0.0,0.0
2024-06-06 11:25:00-04:00,202.25,202.35000610351562,202.10000610351562,202.11000061035156,7216,0.0,0.0
2024-06-06 11:30:00-04:00,202.1699981689453,202.27000427246094,202.13999938964844,202.19000244140625,5953,0.0,0.0
2024-06-06 11:35:00-04:00,202.14500427246094,202.24000549316406,202.1199951171875,202.19000244140625,2700,0.0,0.0
2024-06-06 11:40:00-04:00,202.1199951171875,202.1699981689453,202.07000732421875,202.11000061035156,6113,0.0,0.0
2024-06-06 11:45:00-04:00,202.05999755859375,202.2449951171875,201.9709014892578,202.10000610351562,20481,0.0,0.0
2024-06-06 11:50:00-04:00,202.05999755859375,202.1199951171875,201.9199981689453,201.9199981689453,9899,0.0,0.0
2024-06-06 11:55:00-04:00,201.77999877929688,201.80999755859375,201.74000549316406,201.75,4902,0.0,0.0
2024-06-06 12:00:00-04:00,201.77999877929688,201.86000061035156,201.5800018310547,201.80499267578125,11064,0.0,0.0
2024-06-06 12:05:00-04:00,201.80499267578125,201.82000732421875,201.64999389648438,201.69000244140625,11081,0.0,0.0
2024-06-06 12:10:00-04:00,201.7100067138672,201.75999450683594,201.52000427246094,201.5500030517578,7705,0.0,0.0
2024-06-06 12:15:00-04:00,201.5749969482422,201.7100067138672,201.4499969482422,201.64999389648438,15870,0.0,0.0
2024-06-06 12:20:00-04:00,201.64999389648438,201.76499938964844,201.50999450683594,201.58999633789062,7881,0.0,0.0
2024-06-06 12:25:00-04:00,201.63999938964844,201.63999938964844,201.38999938964844,201.38999938964844,7793,0.0,0.0
2024-06-06 12:30:00-04:00,201.3699951171875,201.3699951171875,201.3000030517578,201.3300018310547,3475,0.0,0.0
2024-06-06 12:35:00-04:00,201.22000122070312,201.4499969482422,201.22000122070312,201.43870544433594,7797,0.0,0.0
2024-06-06 12:40:00-04:00,201.46499633789062,201.46499633789062,201.36000061035156,201.46499633789062,8057,0.0,0.0
2024-06-06 12:45:00-04:00,201.47000122070312,201.6699981689453,201.47000122070312,201.63499450683594,7240,0.0,0.0
2024-06-06 12:50:00-04:00,201.67999267578125,201.7100067138672,201.4600067138672,201.4600067138672,12208,0.0,0.0
2024-06-06 12:55:00-04:00,201.38999938964844,201.47500610351562,201.35000610351562,201.44000244140625,8341,0.0,0.0
2024-06-06 13:00:00-04:00,201.4600067138672,201.4600067138672,201.38999938964844,201.44500732421875,3634,0.0,0.0
2024-06-06 13:05:00-04:00,201.44000244140625,201.5,201.4062957763672,201.4499969482422,4156,0.0,0.0
2024-06-06 13:10:00-04:00,201.47999572753906,201.64999389648438,201.47999572753906,201.61500549316406,5091,0.0,0.0
2024-06-06 13:15:00-04:00,201.63999938964844,201.69500732421875,201.52000427246094,201.57000732421875,9424,0.0,0.0
2024-06-06 13:20:00-04:00,201.57000732421875,201.5749969482422,201.5,201.5399932861328,4687,0.0,0.0
2024-06-06 13:25:00-04:00,201.5399932861328,201.60000610351562,201.52999877929688,201.5449981689453,5530,0.0,0.0
2024-06-06 13:30:00-04:00,201.52999877929688,201.72000122070312,201.50999450683594,201.7050018310547,20441,0.0,0.0
2024-06-06 13:35:00-04:00,201.7050018310547,201.92999267578125,201.67999267578125,201.89520263671875,11824,0.0,0.0
2024-06-06 13:40:00-04:00,201.9600067138672,202.02499389648438,201.9550018310547,202.0,4037,0.0,0.0
2024-06-06 13:45:00-04:00,201.9600067138672,202.00999450683594,201.83999633789062,201.83999633789062,5726,0.0,0.0
2024-06-06 13:50:00-04:00,201.7906036376953,201.88999938964844,201.7906036376953,201.88999938964844,4652,0.0,0.0
2024-06-06 13:55:00-04:00,201.89999389648438,202.08999633789062,201.89999389648438,202.08999633789062,9691,0.0,0.0
2024-06-06 14:00:00-04:00,202.08999633789062,202.10000610351562,201.89999389648438,201.95899963378906,8411,0.0,0.0
2024-06-06 14:05:00-04:00,201.8300018310547,201.8699951171875,201.69700622558594,201.69700622558594,5651,0.0,0.0
2024-06-06 14:10:00-04:00,201.75999450683594,201.7899932861328,201.64999389648438,201.72999572753906,5477,0.0,0.0
2024-06-06 14:15:00-04:00,201.6699981689453,201.69500732421875,201.61000061035156,201.6750030517578,12781,0.0,0.0
2024-06-06 14:20:00-04:00,201.64500427246094,201.69000244140625,201.58999633789062,201.64500427246094,11354,0.0,0.0
2024-06-06 14:25:00-04:00,201.58999633789062,201.69000244140625,201.5,201.63999938964844,19583,0.0,0.0
2024-06-06 14:30:00-04:00,201.5800018310547,201.6199951171875,201.47999572753906,201.52999877929688,5457,0.0,0.0
2024-06-06 14:35:00-04:00,201.5449981689453,201.6199951171875,201.50999450683594,201.6199951171875,7048,0.0,0.0
2024-06-06 14:40:00-04:00,201.68499755859375,201.7100067138672,201.57009887695312,201.67999267578125,7714,0.0,0.0
2024-06-06 14:45:00-04:00,201.61000061035156,201.6699981689453,201.57000732421875,201.5850067138672,10944,0.0,0.0
2024-06-06 14:50:00-04:00,201.58999633789062,201.74000549316406,201.5800018310547,201.74000549316406,7167,0.0,0.0
2024-06-06 14:55:00-04:00,201.72000122070312,201.75999450683594,201.67999267578125,201.67999267578125,12341,0.0,0.0
2024-06-06 15:00:00-04:00,201.66000366210938,201.67999267578125,201.44000244140625,201.44000244140625,21516,0.0,0.0
2024-06-06 15:05:00-04:00,201.52999877929688,201.64999389648438,201.4600067138672,201.55999755859375,15058,0.0,0.0
2024-06-06 15:10:00-04:00,201.5399932861328,201.55999755859375,201.37010192871094,201.39999389648438,13428,0.0,0.0
2024-06-06 15:15:00-04:00,201.33999633789062,201.5399932861328,201.30999755859375,201.4149932861328,12933,0.0,0.0
2024-06-06 15:20:00-04:00,201.37109375,201.39999389648438,201.31619262695312,201.39500427246094,9936,0.0,0.0
2024-06-06 15:25:00-04:00,201.3800048828125,201.75,201.3800048828125,201.7100067138672,11107,0.0,0.0
2024-06-06 15:30:00-04:00,201.72000122070312,202.02999877929688,201.7100067138672,201.97000122070312,14454,0.0,0.0
2024-06-06 15:35:00-04:00,202.0050048828125,202.2281036376953,201.9949951171875,202.2281036376953,21968,0.0,0.0
2024-06-06 15:40:00-04:00,202.23500061035156,202.2899932861328,202.00999450683594,202.125,18317,0.0,0.0
2024-06-06 15:45:00-04:00,202.11070251464844,202.27999877929688,202.0800018310547,202.25,25975,0.0,0.0
2024-06-06 15:50:00-04:00,202.22999572753906,202.25,201.5399932861328,201.6999969482422,62519,0.0,0.0
2024-06-06 15:55:00-04:00,201.5800018310547,201.5989990234375,201.2100067138672,201.50100708007812,136134,0.0,0.0
2024-06-07 09:30:00-04:00,201.36000061035156,201.7899932861328,200.44500732421875,200.61500549316406,43106,0.0,0.0
2024-06-07 09:35:00-04:00,200.65499877929688,200.9499969482422,200.5500030517578,200.85000610351562,10286,0.0,0.0
2024-06-07 09:40:00-04:00,200.9199981689453,200.97999572753906,200.53500366210938,200.63999938964844,10003,0.0,0.0
2024-06-07 09:45:00-04:00,200.46499633789062,200.6300048828125,200.13999938964844,200.25,11593,0.0,0.0
2024-06-07 09:50:00-04:00,200.26499938964844,200.5,200.1862030029297,200.22999572753906,10228,0.0,0.0
2024-06-07 09:55:00-04:00,200.33999633789062,200.69500732421875,200.33999633789062,200.69500732421875,19530,0.0,0.0
2024-06-07 10:00:00-04:00,200.61500549316406,201.07000732421875,200.57000732421875,200.94500732421875,14562,0.0,0.0
2024-06-07 10:05:00-04:00,201.00999450683594,201.02499389648438,200.77999877929688,200.9499969482422,12858,0.0,0.0
2024-06-07 10:10:00-04:00,200.96209716796875,201.01499938964844,200.8800048828125,201.01499938964844,6052,0.0,0.0
2024-06-07 10:15:00-04:00,201.02000427246094,201.02000427246094,200.67999267578125,200.94000244140625,34942,0.0,0.0
2024-06-07 10:20:00-04:00,200.91000366210938,201.05499267578125,200.89999389648438,200.92999267578125,15979,0.0,0.0
2024-06-07 10:25:00-04:00,200.97999572753906,201.4199981689453,200.94000244140625,201.4199981689453,16501,0.0,0.0
2024-06-07 10:30:00-04:00,201.36000061035156,201.3699951171875,201.13999938964844,201.25,9146,0.0,0.0
2024-06-07 10:35:00-04:00,201.23899841308594,201.31500244140625,201.13999938964844,201.31500244140625,10869,0.0,0.0
2024-06-07 10:40:00-04:00,201.31500244140625,201.72999572753906,201.31500244140625,201.6699981689453,19105,0.0,0.0
2024-06-07 10:45:00-04:00,201.6999969482422,201.77000427246094,201.6300048828125,201.6300048828125,27850,0.0,0.0
2024-06-07 10:50:00-04:00,201.6300048828125,201.75999450683594,201.61000061035156,201.6999969482422,8911,0.0,0.0
2024-06-07 10:55:00-04:00,201.72999572753906,201.75,201.6300048828125,201.67050170898438,11294,0.0,0.0
2024-06-07 11:00:00-04:00,201.66000366210938,201.74000549316406,201.47999572753906,201.5399932861328,8628,0.0,0.0
2024-06-07 11:05:00-04:00,201.52999877929688,201.52999877929688,201.24000549316406,201.35499572753906,11851,0.0,0.0
2024-06-07 11:10:00-04:00,201.3000030517578,201.3011932373047,200.97999572753906,200.97999572753906,8022,0.0,0.0
2024-06-07 11:15:00-04:00,200.94000244140625,201.3300018310547,200.89999389648438,201.2050018310547,15651,0.0,0.0
2024-06-07 11:20:00-04:00,201.25,201.25,201.00999450683594,201.125,7769,0.0,0.0
2024-06-07 11:25:00-04:00,201.1300048828125,201.2100067138672,201.1300048828125,201.19000244140625,18816,0.0,0.0
2024-06-07 11:30:00-04:00,201.22999572753906,201.64500427246094,201.22999572753906,201.64500427246094,6301,0.0,0.0
2024-06-07 11:35:00-04:00,201.67999267578125,201.71499633789062,201.33999633789062,201.47999572753906,8611,0.0,0.0
2024-06-07 11:40:00-04:00,201.49000549316406,201.5,201.2899932861328,201.33999633789062,4518,0.0,0.0
2024-06-07 11:45:00-04:00,201.31919860839844,201.47000122070312,201.31919860839844,201.35000610351562,8085,0.0,0.0
2024-06-07 11:50:00-04:00,201.36000061035156,201.36500549316406,201.16000366210938,201.16250610351562,12078,0.0,0.0
2024-06-07 11:55:00-04:00,201.0800018310547,201.22999572753906,201.01829528808594,201.14500427246094,11826,0.0,0.0
2024-06-07 12:00:00-04:00,201.1300048828125,201.16000366210938,200.97999572753906,201.00999450683594,6479,0.0,0.0
2024-06-07 12:05:00-04:00,201.0500030517578,201.0500030517578,200.86000061035156,201.02999877929688,8748,0.0,0.0
2024-06-07 12:10:00-04:00,201.0478973388672,201.0478973388672,200.92999267578125,200.97999572753906,4230,0.0,0.0
2024-06-07 12:15:00-04:00,200.97999572753906,201.0399932861328,200.92999267578125,200.9499969482422,8269,0.0,0.0
2024-06-07 12:20:00-04:00,200.9499969482422,200.99000549316406,200.9196014404297,200.94020080566406,2885,0.0,0.0
2024-06-07 12:25:00-04:00,200.9470977783203,201.0,200.76499938964844,200.8000030517578,8531,0.0,0.0
2024-06-07 12:30:00-04:00,200.86000061035156,201.13499450683594,200.86000061035156,201.0500030517578,8001,0.0,0.0
2024-06-07 12:35:00-04:00,201.00999450683594,201.00999450683594,200.6199951171875,200.68499755859375,11599,0.0,0.0
2024-06-07 12:40:00-04:00,200.63499450683594,200.63499450683594,200.43499755859375,200.49000549316406,6810,0.0,0.0
2024-06-07 12:45:00-04:00,200.49000549316406,200.66000366210938,200.4300994873047,200.66000366210938,7200,0.0,0.0
2024-06-07 12:50:00-04:00,200.64999389648438,200.8300018310547,200.55999755859375,200.63499450683594,9181,0.0,0.0
2024-06-07 12:55:00-04:00,200.5760955810547,200.67999267578125,200.52499389648438,200.5449981689453,7158,0.0,0.0
2024-06-07 13:00:00-04:00,200.58999633789062,200.625,200.3000030517578,200.3350067138672,12328,0.0,0.0
2024-06-07 13:05:00-04:00,200.3300018310547,200.5,200.27000427246094,200.4199981689453,7404,0.0,0.0
2024-06-07 13:10:00-04:00,200.36000061035156,200.5,200.36000061035156,200.45750427246094,18443,0.0,0.0
2024-06-07 13:15:00-04:00,200.4199981689453,200.4600067138672,200.35000610351562,200.4600067138672,6018,0.0,0.0
2024-06-07 13:20:00-04:00,200.5,200.72999572753906,200.39999389648438,200.72000122070312,38715,0.0,0.0
2024-06-07 13:25:00-04:00,200.69500732421875,200.73800659179688,200.49000549316406,200.52999877929688,15133,0.0,0.0
2024-06-07 13:30:00-04:00,200.49000549316406,200.64999389648438,200.49000549316406,200.64999389648438,6380,0.0,0.0
2024-06-07 13:35:00-04:00,200.6649932861328,200.6999969482422,200.42999267578125,200.4499969482422,8649,0.0,0.0
2024-06-07 13:40:00-04:00,200.47999572753906,200.52000427246094,200.39999389648438,200.41000366210938,7377,0.0,0.0
2024-06-07 13:45:00-04:00,200.47500610351562,200.5500030517578,200.26840209960938,200.31500244140625,13673,0.0,0.0
2024-06-07 13:50:00-04:00,200.35000610351562,200.5,200.25999450683594,200.46499633789062,32966,0.0,0.0
2024-06-07 13:55:00-04:00,200.5,200.50999450683594,200.22999572753906,200.22999572753906,13726,0.0,0.0
2024-06-07 14:00:00-04:00,200.2324981689453,200.26499938964844,199.91000366210938,199.95989990234375,13253,0.0,0.0
2024-06-07 14:05:00-04:00,199.8300018310547,199.85000610351562,199.61000061035156,199.67999267578125,11353,0.0,0.0
2024-06-07 14:10:00-04:00,199.64999389648438,199.69000244140625,199.58999633789062,199.63999938964844,8771,0.0,0.0
2024-06-07 14:15:00-04:00,199.60000610351562,199.72000122070312,199.55999755859375,199.59500122070312,12459,0.0,0.0
2024-06-07 14:20:00-04:00,199.59500122070312,199.7698974609375,199.47500610351562,199.47999572753906,30274,0.0,0.0
2024-06-07 14:25:00-04:00,199.48500061035156,199.6300048828125,199.32000732421875,199.5500030517578,26809,0.0,0.0
2024-06-07 14:30:00-04:00,199.52000427246094,200.02000427246094,199.49000549316406,199.86000061035156,40022,0.0,0.0
2024-06-07 14:35:00-04:00,199.9199981689453,200.5800018310547,199.9199981689453,200.4600067138672,18648,0.0,0.0
2024-06-07 14:40:00-04:00,200.47500610351562,200.5399932861328,200.0500030517578,200.14500427246094,16985,0.0,0.0
2024-06-07 14:45:00-04:00,200.09500122070312,200.27000427246094,200.03500366210938,200.24000549316406,17537,0.0,0.0
2024-06-07 14:50:00-04:00,200.25,200.35000610351562,200.17999267578125,200.2899932861328,26796,0.0,0.0
2024-06-07 14:55:00-04:00,200.32000732421875,200.41000366210938,200.16000366210938,200.16000366210938,25102,0.0,0.0
2024-06-07 15:00:00-04:00,200.16000366210938,200.27000427246094,200.02499389648438,200.27000427246094,14871,0.0,0.0
2024-06-07 15:05:00-04:00,200.24749755859375,200.27000427246094,200.1199951171875,200.15499877929688,13716,0.0,0.0
2024-06-07 15:10:00-04:00,200.19000244140625,200.3300018310547,200.08999633789062,200.3300018310547,22133,0.0,0.0
2024-06-07 15:15:00-04:00,200.3300018310547,200.4199981689453,200.30999755859375,200.3350067138672,11382,0.0,0.0
2024-06-07 15:20:00-04:00,200.30999755859375,200.30999755859375,199.92999267578125,200.02499389648438,41803,0.0,0.0
2024-06-07 15:25:00-04:00,199.97000122070312,200.1300048828125,199.89999389648438,200.08999633789062,36521,0.0,0.0
2024-06-07 15:30:00-04:00,200.08999633789062,200.25999450683594,200.0850067138672,200.14500427246094,19643,0.0,0.0
2024-06-07 15:35:00-04:00,200.13999938964844,200.13999938964844,199.74000549316406,199.7449951171875,19846,0.0,0.0
2024-06-07 15:40:00-04:00,199.75,200.0,199.72999572753906,199.89999389648438,35974,0.0,0.0
2024-06-07 15:45:00-04:00,199.86000061035156,199.91000366210938,199.77749633789062,199.83999633789062,32277,0.0,0.0
2024-06-07 15:50:00-04:00,199.83999633789062,199.91000366210938,199.39999389648438,199.75,68998,0.0,0.0
2024-06-07 15:55:00-04:00,199.67999267578125,199.72000122070312,199.2899932861328,199.35000610351562,164322,0.0,0.0
2024-06-10 09:30:00-04:00,198.9199981689453,198.94000244140625,198.0050048828125,198.57290649414062,33479,0.0,0.0
2024-06-10 09:35:00-04:00,198.47500610351562,198.60000610351562,198.1649932861328,198.1699981689453,35332,0.0,0.0
2024-06-10 09:40:00-04:00,198.11000061035156,198.1199951171875,197.4600067138672,197.4600067138672,10886,0.0,0.0
2024-06-10 09:45:00-04:00,197.5399932861328,198.41270446777344,197.50999450683594,197.99290466308594,14947,0.0,0.0
2024-06-10 09:50:00-04:00,198.02999877929688,198.6300048828125,197.99000549316406,198.5050048828125,15244,0.0,0.0
2024-06-10 09:55:00-04:00,198.35499572753906,198.63499450683594,198.25999450683594,198.6300048828125,12445,0.0,0.0
2024-06-10 10:00:00-04:00,198.6649932861328,198.68499755859375,198.27999877929688,198.5,7699,0.0,0.0
2024-06-10 10:05:00-04:00,198.6199951171875,198.7449951171875,198.41000366210938,198.41000366210938,9690,0.0,0.0
2024-06-10 10:10:00-04:00,198.3699951171875,198.4600067138672,198.1300048828125,198.1300048828125,17264,0.0,0.0
2024-06-10 10:15:00-04:00,198.125,198.49000549316406,198.1024932861328,198.2949981689453,20575,0.0,0.0
2024-06-10 10:20:00-04:00,198.25,198.25,197.89999389648438,198.0399932861328,20784,0.0,0.0
2024-06-10 10:25:00-04:00,198.04750061035156,198.19000244140625,197.97999572753906,198.19000244140625,11944,0.0,0.0
2024-06-10 10:30:00-04:00,198.22500610351562,198.36000061035156,198.2100067138672,198.2100067138672,6828,0.0,0.0
2024-06-10 10:35:00-04:00,198.11000061035156,198.125,197.77499389648438,197.8350067138672,13246,0.0,0.0
2024-06-10 10:40:00-04:00,197.8350067138672,197.8350067138672,197.59500122070312,197.59500122070312,9068,0.0,0.0
2024-06-10 10:45:00-04:00,197.55999755859375,197.61709594726562,197.43499755859375,197.4600067138672,9949,0.0,0.0
2024-06-10 10:50:00-04:00,197.46499633789062,197.50999450683594,197.35000610351562,197.41000366210938,25181,0.0,0.0
2024-06-10 10:55:00-04:00,197.36000061035156,197.3699951171875,197.1999969482422,197.1999969482422,23812,0.0,0.0
2024-06-10 11:00:00-04:00,197.2899932861328,197.36000061035156,197.19000244140625,197.19000244140625,11557,0.0,0.0
2024-06-10 11:05:00-04:00,197.2100067138672,197.33999633789062,197.2100067138672,197.27999877929688,17738,0.0,0.0
2024-06-10 11:10:00-04:00,197.27999877929688,197.5800018310547,197.25,197.53500366210938,21581,0.0,0.0
2024-06-10 11:15:00-04:00,197.53500366210938,197.7899932861328,197.53500366210938,197.7550048828125,12463,0.0,0.0
2024-06-10 11:20:00-04:00,197.78990173339844,197.8699951171875,197.6999969482422,197.72000122070312,10238,0.0,0.0
2024-06-10 11:25:00-04:00,197.72500610351562,197.75,197.5749969482422,197.7050018310547,12497,0.0,0.0
2024-06-10 11:30:00-04:00,197.67999267578125,198.0399932861328,197.67999267578125,197.92999267578125,11626,0.0,0.0
2024-06-10 11:35:00-04:00,197.94500732421875,198.1300048828125,197.89999389648438,198.11000061035156,9012,0.0,0.0
2024-06-10 11:40:00-04:00,198.07000732421875,198.11000061035156,197.86000061035156,198.0449981689453,6923,0.0,0.0
2024-06-10 11:45:00-04:00,198.0500030517578,198.1999969482422,198.02499389648438,198.1699981689453,11564,0.0,0.0
2024-06-10 11:50:00-04:00,198.1300048828125,198.25999450683594,198.1074981689453,198.24000549316406,11370,0.0,0.0
2024-06-10 11:55:00-04:00,198.22999572753906,198.25999450683594,198.1300048828125,198.1999969482422,14552,0.0,0.0
2024-06-10 12:00:00-04:00,198.1649932861328,198.2100067138672,197.9199981689453,197.9499969482422,13621,0.0,0.0
2024-06-10 12:05:00-04:00,197.97500610351562,198.25999450683594,197.97500610351562,198.19500732421875,56059,0.0,0.0
2024-06-10 12:10:00-04:00,198.19500732421875,198.47000122070312,198.19500732421875,198.27499389648438,37571,0.0,0.0
2024-06-10 12:15:00-04:00,198.2675018310547,198.72999572753906,198.26499938964844,198.72999572753906,17803,0.0,0.0
2024-06-10 12:20:00-04:00,198.64999389648438,198.7100067138672,198.42999267578125,198.4949951171875,17996,0.0,0.0
2024-06-10 12:25:00-04:00,198.4499969482422,198.5500030517578,198.33999633789062,198.42999267578125,8853,0.0,0.0
2024-06-10 12:30:00-04:00,198.3800048828125,198.47000122070312,198.25999450683594,198.3300018310547,5157,0.0,0.0
2024-06-10 12:35:00-04:00,198.47999572753906,198.63499450683594,198.35000610351562,198.63499450683594,7898,0.0,0.0
2024-06-10 12:40:00-04:00,198.69000244140625,198.76499938964844,198.58999633789062,198.6750030517578,4803,0.0,0.0
2024-06-10 12:45:00-04:00,198.7100067138672,198.7100067138672,198.5500030517578,198.60000610351562,6494,0.0,0.0
2024-06-10 12:50:00-04:00,198.55999755859375,198.6199951171875,198.52000427246094,198.55499267578125,6358,0.0,0.0
2024-06-10 12:55:00-04:00,198.58999633789062,198.58999633789062,198.49000549316406,198.57000732421875,5766,0.0,0.0
2024-06-10 13:00:00-04:00,198.5500030517578,198.56979370117188,198.39999389648438,198.4499969482422,9627,0.0,0.0
2024-06-10 13:05:00-04:00,198.38999938964844,198.42820739746094,198.3000030517578,198.3000030517578,5167,0.0,0.0
2024-06-10 13:10:00-04:00,198.3300018310547,198.33999633789062,198.25999450683594,198.3000030517578,6987,0.0,0.0
2024-06-10 13:15:00-04:00,198.3249969482422,198.4149932861328,198.25,198.4149932861328,7512,0.0,0.0
2024-06-10 13:20:00-04:00,198.52000427246094,198.60000610351562,198.4600067138672,198.47999572753906,5731,0.0,0.0
2024-06-10 13:25:00-04:00,198.4499969482422,198.88999938964844,198.4199981689453,198.8800048828125,80404,0.0,0.0
2024-06-10 13:30:00-04:00,198.875,198.9499969482422,198.80999755859375,198.84500122070312,8926,0.0,0.0
2024-06-10 13:35:00-04:00,198.84500122070312,198.97000122070312,198.84500122070312,198.9199981689453,7327,0.0,0.0
2024-06-10 13:40:00-04:00,198.92999267578125,199.14999389648438,198.92999267578125,199.14999389648438,16447,0.0,0.0
2024-06-10 13:45:00-04:00,199.13999938964844,199.25999450683594,199.1300048828125,199.19000244140625,9181,0.0,0.0
2024-06-10 13:50:00-04:00,199.19000244140625,199.19000244140625,198.88999938964844,198.9149932861328,8115,0.0,0.0
2024-06-10 13:55:00-04:00,198.9149932861328,198.9250030517578,198.83999633789062,198.86500549316406,8325,0.0,0.0
2024-06-10 14:00:00-04:00,198.83740234375,199.125,198.77999877929688,199.11000061035156,7218,0.0,0.0
2024-06-10 14:05:00-04:00,199.14999389648438,199.42999267578125,199.13499450683594,199.30999755859375,36798,0.0,0.0
2024-06-10 14:10:00-04:00,199.3800048828125,199.44500732421875,199.2899932861328,199.44000244140625,8059,0.0,0.0
2024-06-10 14:15:00-04:00,199.44000244140625,199.69000244140625,199.4199981689453,199.6649932861328,9618,0.0,0.0
2024-06-10 14:20:00-04:00,199.64999389648438,199.72000122070312,199.5601043701172,199.64999389648438,7248,0.0,0.0
2024-06-10 14:25:00-04:00,199.66000366210938,199.72000122070312,199.42999267578125,199.47500610351562,26643,0.0,0.0
2024-06-10 14:30:00-04:00,199.4774932861328,199.82000732421875,199.4499969482422,199.82000732421875,10436,0.0,0.0
2024-06-10 14:35:00-04:00,199.83999633789062,199.86500549316406,199.49000549316406,199.49000549316406,8010,0.0,0.0
2024-06-10 14:40:00-04:00,199.48500061035156,199.52000427246094,199.2949981689453,199.3074951171875,11785,0.0,0.0
2024-06-10 14:45:00-04:00,199.33949279785156,199.5800018310547,199.30499267578125,199.52749633789062,10240,0.0,0.0
2024-06-10 14:50:00-04:00,199.50999450683594,199.5500030517578,199.4600067138672,199.5500030517578,5020,0.0,0.0
2024-06-10 14:55:00-04:00,199.52499389648438,199.77000427246094,199.47000122070312,199.77000427246094,8681,0.0,0.0
2024-06-10 15:00:00-04:00,199.75,199.8000030517578,199.75,199.76499938964844,5483,0.0,0.0
2024-06-10 15:05:00-04:00,199.74000549316406,199.74000549316406,199.44000244140625,199.47000122070312,11988,0.0,0.0
2024-06-10 15:10:00-04:00,199.46499633789062,199.47999572753906,199.3800048828125,199.381103515625,7221,0.0,0.0
2024-06-10 15:15:00-04:00,199.39500427246094,199.39500427246094,199.11000061035156,199.14999389648438,14568,0.0,0.0
2024-06-10 15:20:00-04:00,199.1759033203125,199.1759033203125,199.0500030517578,199.0800018310547,6621,0.0,0.0
2024-06-10 15:25:00-04:00,199.0800018310547,199.19000244140625,199.0800018310547,199.19000244140625,8911,0.0,0.0
2024-06-10 15:30:00-04:00,199.1999969482422,199.25,199.0399932861328,199.1300048828125,15043,0.0,0.0
2024-06-10 15:35:00-04:00,199.1300048828125,199.1300048828125,199.02999877929688,199.0399932861328,11886,0.0,0.0
2024-06-10 15:40:00-04:00,199.05999755859375,199.17999267578125,199.0399932861328,199.17999267578125,17057,0.0,0.0
2024-06-10 15:45:00-04:00,199.1699981689453,199.25,198.9499969482422,198.9600067138672,26032,0.0,0.0
2024-06-10 15:50:00-04:00,198.97999572753906,199.02999877929688,198.66000366210938,198.72000122070312,62501,0.0,0.0
2024-06-10 15:55:00-04:00,198.72000122070312,198.72000122070312,198.38999938964844,198.49000549316406,254354,0.0,0.0
2024-06-11 09:30:00-04:00,198.4499969482422,198.4499969482422,197.47000122070312,198.16000366210938,21576,0.0,0.0
2024-06-11 09:35:00-04:00,198.23500061035156,199.7899932861328,198.23500061035156,199.33999633789062,110203,0.0,0.0
2024-06-11 09:40:00-04:00,199.41000366210938,200.1300048828125,199.41000366210938,199.9199981689453,18966,0.0,0.0
2024-06-11 09:45:00-04:00,199.49000549316406,199.49000549316406,199.0500030517578,199.0500030517578,19410,0.0,0.0
2024-06-11 09:50:00-04:00,198.97999572753906,199.5800018310547,198.83999633789062,199.4149932861328,108227,0.0,0.0
2024-06-11 09:55:00-04:00,199.2949981689453,199.32000732421875,198.60000610351562,198.8800048828125,12291,0.0,0.0
2024-06-11 10:00:00-04:00,198.77499389648438,199.17999267578125,198.77000427246094,198.80999755859375,6982,0.0,0.0
2024-06-11 10:05:00-04:00,198.74000549316406,199.36000061035156,198.74000549316406,199.36000061035156,15885,0.0,0.0
2024-06-11 10:10:00-04:00,199.3000030517578,199.41000366210938,199.2100067138672,199.41000366210938,7505,0.0,0.0
2024-06-11 10:15:00-04:00,199.19000244140625,199.32000732421875,199.1300048828125,199.23500061035156,31202,0.0,0.0
2024-06-11 10:20:00-04:00,199.14999389648438,199.25999450683594,198.97999572753906,199.18499755859375,10735,0.0,0.0
2024-06-11 10:25:00-04:00,199.2899932861328,199.2899932861328,198.8300018310547,198.8300018310547,13233,0.0,0.0
2024-06-11 10:30:00-04:00,198.75,198.92559814453125,198.64999389648438,198.8345947265625,10354,0.0,0.0
2024-06-11 10:35:00-04:00,198.86000061035156,199.25,198.77999877929688,199.1649932861328,22899,0.0,0.0
2024-06-11 10:40:00-04:00,199.08999633789062,199.09500122070312,198.9499969482422,199.06500244140625,6417,0.0,0.0
2024-06-11 10:45:00-04:00,199.06500244140625,199.1199951171875,198.7100067138672,198.85000610351562,6382,0.0,0.0
2024-06-11 10:50:00-04:00,198.72000122070312,198.8800048828125,198.72000122070312,198.77000427246094,15063,0.0,0.0
2024-06-11 10:55:00-04:00,198.83999633789062,199.06500244140625,198.8249969482422,199.06500244140625,8670,0.0,0.0
2024-06-11 11:00:00-04:00,199.09500122070312,199.23500061035156,199.0800018310547,199.08999633789062,5990,0.0,0.0
2024-06-11 11:05:00-04:00,199.0800018310547,199.0800018310547,198.52999877929688,198.5500030517578,11317,0.0,0.0
2024-06-11 11:10:00-04:00,198.5500030517578,198.63079833984375,198.38999938964844,198.42999267578125,6264,0.0,0.0
2024-06-11 11:15:00-04:00,198.35000610351562,198.64999389648438,198.35000610351562,198.63999938964844,6722,0.0,0.0
2024-06-11 11:20:00-04:00,198.61500549316406,198.61500549316406,198.5399932861328,198.56500244140625,7152,0.0,0.0
2024-06-11 11:25:00-04:00,198.57000732421875,198.63999938964844,198.50999450683594,198.55499267578125,10160,0.0,0.0
2024-06-11 11:30:00-04:00,198.6300048828125,198.7899932861328,198.6300048828125,198.7899932861328,12390,0.0,0.0
2024-06-11 11:35:00-04:00,198.75999450683594,198.8585968017578,198.5050048828125,198.5050048828125,13272,0.0,0.0
2024-06-11 11:40:00-04:00,198.4600067138672,198.57000732421875,198.4199981689453,198.57000732421875,11602,0.0,0.0
2024-06-11 11:45:00-04:00,198.53500366210938,198.97000122070312,198.53500366210938,198.8000030517578,18574,0.0,0.0
2024-06-11 11:50:00-04:00,198.80499267578125,199.05999755859375,198.80499267578125,198.97500610351562,24762,0.0,0.0
2024-06-11 11:55:00-04:00,198.97500610351562,198.97500610351562,198.81500244140625,198.90499877929688,14224,0.0,0.0
2024-06-11 12:00:00-04:00,198.89999389648438,199.07989501953125,198.80999755859375,198.99000549316406,17335,0.0,0.0
2024-06-11 12:05:00-04:00,198.9949951171875,199.05999755859375,198.9600067138672,199.00999450683594,12902,0.0,0.0
2024-06-11 12:10:00-04:00,199.06500244140625,199.1199951171875,198.77999877929688,199.02999877929688,18085,0.0,0.0
2024-06-11 12:15:00-04:00,199.0399932861328,199.0399932861328,198.88999938964844,199.02999877929688,7077,0.0,0.0
2024-06-11 12:20:00-04:00,199.0050048828125,199.06689453125,198.86000061035156,198.94500732421875,7823,0.0,0.0
2024-06-11 12:25:00-04:00,198.89500427246094,198.99000549316406,198.8000030517578,198.8000030517578,10966,0.0,0.0
2024-06-11 12:30:00-04:00,198.77499389648438,198.88999938964844,198.74000549316406,198.84500122070312,6144,0.0,0.0
2024-06-11 12:35:00-04:00,198.85000610351562,198.89999389648438,198.80999755859375,198.86500549316406,5620,0.0,0.0
2024-06-11 12:40:00-04:00,198.84080505371094,199.08999633789062,198.84080505371094,199.08999633789062,12802,0.0,0.0
2024-06-11 12:45:00-04:00,199.0850067138672,199.11000061035156,198.92999267578125,198.92999267578125,10934,0.0,0.0
2024-06-11 12:50:00-04:00,199.02000427246094,199.22000122070312,199.0,199.22000122070312,13372,0.0,0.0
2024-06-11 12:55:00-04:00,199.2100067138672,199.2899932861328,199.13999938964844,199.13999938964844,10381,0.0,0.0
2024-06-11 13:00:00-04:00,199.18499755859375,199.22000122070312,199.07009887695312,199.19000244140625,14122,0.0,0.0
2024-06-11 13:05:00-04:00,199.1750030517578,199.1750030517578,198.91070556640625,198.95199584960938,14119,0.0,0.0
2024-06-11 13:10:00-04:00,198.9499969482422,199.02000427246094,198.86000061035156,198.86000061035156,16231,0.0,0.0
2024-06-11 13:15:00-04:00,198.97999572753906,199.0,198.83999633789062,198.88999938964844,21344,0.0,0.0
2024-06-11 13:20:00-04:00,198.94000244140625,199.08999633789062,198.89999389648438,199.01499938964844,9316,0.0,0.0
2024-06-11 13:25:00-04:00,198.97999572753906,199.3300018310547,198.97500610351562,199.21499633789062,6065,0.0,0.0
2024-06-11 13:30:00-04:00,199.2100067138672,199.35000610351562,199.2100067138672,199.33999633789062,8287,0.0,0.0
2024-06-11 13:35:00-04:00,199.34500122070312,199.38999938964844,199.27000427246094,199.35000610351562,7261,0.0,0.0
2024-06-11 13:40:00-04:00,199.2899932861328,199.38999938964844,199.27000427246094,199.3699951171875,7643,0.0,0.0
2024-06-11 13:45:00-04:00,199.36000061035156,199.44000244140625,199.3300018310547,199.44000244140625,8808,0.0,0.0
2024-06-11 13:50:00-04:00,199.47999572753906,199.57000732421875,199.44000244140625,199.57000732421875,12936,0.0,0.0
2024-06-11 13:55:00-04:00,199.55810546875,199.58230590820312,199.4499969482422,199.5050048828125,8650,0.0,0.0
2024-06-11 14:00:00-04:00,199.57000732421875,199.57000732421875,199.41000366210938,199.42999267578125,5477,0.0,0.0
2024-06-11 14:05:00-04:00,199.48849487304688,199.48849487304688,199.35499572753906,199.39500427246094,5167,0.0,0.0
2024-06-11 14:10:00-04:00,199.41000366210938,199.60000610351562,199.38999938964844,199.59500122070312,8187,0.0,0.0
2024-06-11 14:15:00-04:00,199.6300048828125,199.67599487304688,199.5500030517578,199.63999938964844,8589,0.0,0.0
2024-06-11 14:20:00-04:00,199.5399932861328,199.58999633789062,199.44000244140625,199.44000244140625,9228,0.0,0.0
2024-06-11 14:25:00-04:00,199.41000366210938,199.48500061035156,199.30999755859375,199.4600067138672,9016,0.0,0.0
2024-06-11 14:30:00-04:00,199.43499755859375,199.47000122070312,199.36000061035156,199.3800048828125,8885,0.0,0.0
2024-06-11 14:35:00-04:00,199.3699951171875,199.39999389648438,199.30999755859375,199.38999938964844,6947,0.0,0.0
2024-06-11 14:40:00-04:00,199.30999755859375,199.4199981689453,199.30999755859375,199.36500549316406,10460,0.0,0.0
2024-06-11 14:45:00-04:00,199.33999633789062,199.36000061035156,199.0500030517578,199.0500030517578,25460,0.0,0.0
2024-06-11 14:50:00-04:00,199.0399932861328,199.05999755859375,198.57000732421875,198.5800018310547,66860,0.0,0.0
2024-06-11 14:55:00-04:00,198.58160400390625,198.94500732421875,198.52999877929688,198.8800048828125,17845,0.0,0.0
2024-06-11 15:00:00-04:00,198.875,199.00999450683594,198.83999633789062,198.99000549316406,6873,0.0,0.0
2024-06-11 15:05:00-04:00,199.0449981689453,199.2050018310547,199.0449981689453,199.10499572753906,7217,0.0,0.0
2024-06-11 15:10:00-04:00,199.05999755859375,199.0800018310547,198.8800048828125,199.0,10075,0.0,0.0
2024-06-11 15:15:00-04:00,198.91009521484375,198.99310302734375,198.86000061035156,198.9600067138672,8247,0.0,0.0
2024-06-11 15:20:00-04:00,198.94000244140625,199.01499938964844,198.8800048828125,198.99000549316406,12167,0.0,0.0
2024-06-11 15:25:00-04:00,199.02000427246094,199.0500030517578,198.9600067138672,199.00999450683594,14436,0.0,0.0
2024-06-11 15:30:00-04:00,198.94000244140625,199.10000610351562,198.91000366210938,199.10000610351562,12723,0.0,0.0
2024-06-11 15:35:00-04:00,199.02999877929688,199.1699981689453,199.00999450683594,199.1699981689453,11382,0.0,0.0
2024-06-11 15:40:00-04:00,199.19000244140625,199.22799682617188,198.97500610351562,199.0500030517578,17867,0.0,0.0
2024-06-11 15:45:00-04:00,199.07000732421875,199.07000732421875,198.7949981689453,198.80499267578125,19703,0.0,0.0
2024-06-11 15:50:00-04:00,198.8000030517578,199.0399932861328,198.77999877929688,199.0,46983,0.0,0.0
2024-06-11 15:55:00-04:00,199.0,199.0,198.60000610351562,198.67999267578125,131126,0.0,0.0
2024-06-12 09:30:00-04:00,199.9250030517578,199.9250030517578,197.30999755859375,197.44500732421875,107838,0.0,0.0
2024-06-12 09:35:00-04:00,197.61500549316406,198.77000427246094,197.3699951171875,197.63999938964844,20500,0.0,0.0
2024-06-12 09:40:00-04:00,197.5399932861328,198.0,197.14999389648438,198.0,25129,0.0,0.0
2024-06-12 09:45:00-04:00,198.0850067138672,198.0850067138672,197.52000427246094,197.61500549316406,16356,0.0,0.0
2024-06-12 09:50:00-04:00,197.39999389648438,197.6199951171875,197.1699981689453,197.35000610351562,14688,0.0,0.0
2024-06-12 09:55:00-04:00,197.31500244140625,198.0124969482422,197.22999572753906,197.27000427246094,33755,0.0,0.0
2024-06-12 10:00:00-04:00,197.4199981689453,197.50999450683594,197.05999755859375,197.25750732421875,31299,0.0,0.0
2024-06-12 10:05:00-04:00,197.1999969482422,197.21499633789062,196.75,197.00999450683594,50601,0.0,0.0
2024-06-12 10:10:00-04:00,197.11000061035156,197.49000549316406,196.99000549316406,197.0449981689453,36838,0.0,0.0
2024-06-12 10:15:00-04:00,197.03500366210938,197.4346923828125,197.02999877929688,197.125,31801,0.0,0.0
2024-06-12 10:20:00-04:00,197.19000244140625,197.32000732421875,197.00999450683594,197.0364990234375,19599,0.0,0.0
2024-06-12 10:25:00-04:00,197.01980590820312,197.0800018310547,196.8699951171875,196.97999572753906,28509,0.0,0.0
2024-06-12 10:30:00-04:00,196.91000366210938,197.10000610351562,196.39999389648438,196.86000061035156,47308,0.0,0.0
2024-06-12 10:35:00-04:00,196.84500122070312,197.27000427246094,196.82000732421875,197.10000610351562,13116,0.0,0.0
2024-06-12 10:40:00-04:00,197.09500122070312,197.09500122070312,196.5800018310547,196.59930419921875,10929,0.0,0.0
2024-06-12 10:45:00-04:00,196.5,196.77999877929688,196.47000122070312,196.47000122070312,10202,0.0,0.0
2024-06-12 10:50:00-04:00,196.4499969482422,196.4600067138672,196.0749969482422,196.0749969482422,12291,0.0,0.0
2024-06-12 10:55:00-04:00,196.07000732421875,196.74000549316406,196.05999755859375,196.68499755859375,29167,0.0,0.0
2024-06-12 11:00:00-04:00,196.7100067138672,197.00999450683594,196.69009399414062,197.00999450683594,13547,0.0,0.0
2024-06-12 11:05:00-04:00,197.0749969482422,197.1024932861328,196.9499969482422,196.9499969482422,5598,0.0,0.0
2024-06-12 11:10:00-04:00,196.97000122070312,196.97000122070312,196.40499877929688,196.5050048828125,19692,0.0,0.0
2024-06-12 11:15:00-04:00,196.41000366210938,196.50999450683594,196.3300018310547,196.4199981689453,16072,0.0,0.0
2024-06-12 11:20:00-04:00,196.4199981689453,196.57000732421875,196.41000366210938,196.4149932861328,24858,0.0,0.0
2024-06-12 11:25:00-04:00,196.41000366210938,196.4949951171875,196.125,196.4499969482422,77054,0.0,0.0
2024-06-12 11:30:00-04:00,196.44000244140625,196.89999389648438,196.2899932861328,196.78500366210938,21155,0.0,0.0
2024-06-12 11:35:00-04:00,196.76499938964844,196.80999755859375,196.26499938964844,196.30499267578125,46386,0.0,0.0
2024-06-12 11:40:00-04:00,196.28500366210938,196.5399932861328,196.27999877929688,196.3699951171875,33566,0.0,0.0
2024-06-12 11:45:00-04:00,196.4199981689453,196.4199981689453,196.0800018310547,196.0800018310547,30483,0.0,0.0
2024-06-12 11:50:00-04:00,196.0399932861328,196.1199951171875,195.82000732421875,196.09249877929688,18618,0.0,0.0
2024-06-12 11:55:00-04:00,196.06500244140625,196.39999389648438,196.0500030517578,196.39500427246094,23339,0.0,0.0
2024-06-12 12:00:00-04:00,196.39500427246094,196.64999389648438,196.1199951171875,196.64999389648438,19263,0.0,0.0
2024-06-12 12:05:00-04:00,196.625,196.99000549316406,196.625,196.85000610351562,10969,0.0,0.0
2024-06-12 12:10:00-04:00,196.91000366210938,197.25999450683594,196.91000366210938,197.1699981689453,17278,0.0,0.0
2024-06-12 12:15:00-04:00,197.1300048828125,197.2899932861328,196.97999572753906,196.97999572753906,12718,0.0,0.0
2024-06-12 12:20:00-04:00,196.9199981689453,197.06500244140625,196.86000061035156,196.97999572753906,8869,0.0,0.0
2024-06-12 12:25:00-04:00,197.00990295410156,197.00990295410156,196.85000610351562,196.8699951171875,5684,0.0,0.0
2024-06-12 12:30:00-04:00,196.9149932861328,196.98300170898438,196.80999755859375,196.8249969482422,7575,0.0,0.0
2024-06-12 12:35:00-04:00,196.8699951171875,197.17999267578125,196.8699951171875,197.13999938964844,8742,0.0,0.0
2024-06-12 12:40:00-04:00,197.13999938964844,197.14500427246094,197.01499938964844,197.07000732421875,9086,0.0,0.0
2024-06-12 12:45:00-04:00,197.0850067138672,197.0850067138672,196.9499969482422,196.9499969482422,4182,0.0,0.0
2024-06-12 12:50:00-04:00,196.9499969482422,197.02000427246094,196.91000366210938,196.97000122070312,5102,0.0,0.0
2024-06-12 12:55:00-04:00,196.85000610351562,197.02999877929688,196.85000610351562,197.02999877929688,5850,0.0,0.0
2024-06-12 13:00:00-04:00,197.10000610351562,197.13999938964844,196.99000549316406,196.9949951171875,9128,0.0,0.0
2024-06-12 13:05:00-04:00,196.94000244140625,197.0290069580078,196.84500122070312,196.84500122070312,6591,0.0,0.0
2024-06-12 13:10:00-04:00,196.88499450683594,197.0800018310547,196.88499450683594,197.02499389648438,4272,0.0,0.0
2024-06-12 13:15:00-04:00,196.9600067138672,197.02999877929688,196.9600067138672,197.00999450683594,3406,0.0,0.0
2024-06-12 13:20:00-04:00,196.89999389648438,196.97000122070312,196.83970642089844,196.88999938964844,6853,0.0,0.0
2024-06-12 13:25:00-04:00,196.9199981689453,196.9199981689453,196.67999267578125,196.6999969482422,6190,0.0,0.0
2024-06-12 13:30:00-04:00,196.60000610351562,196.75,196.5800018310547,196.72430419921875,3606,0.0,0.0
2024-06-12 13:35:00-04:00,196.6699981689453,196.8800048828125,196.6699981689453,196.78500366210938,7994,0.0,0.0
2024-06-12 13:40:00-04:00,196.77000427246094,196.77000427246094,196.52499389648438,196.5399932861328,7868,0.0,0.0
2024-06-12 13:45:00-04:00,196.49000549316406,196.55999755859375,196.27000427246094,196.375,21297,0.0,0.0
2024-06-12 13:50:00-04:00,196.42999267578125,196.50999450683594,196.40780639648438,196.50999450683594,6289,0.0,0.0
2024-06-12 13:55:00-04:00,196.4600067138672,196.50999450683594,196.19000244140625,196.19000244140625,8069,0.0,0.0
2024-06-12 14:00:00-04:00,196.1750030517578,196.17999267578125,195.8699951171875,196.14599609375,11664,0.0,0.0
2024-06-12 14:05:00-04:00,196.19000244140625,196.3249969482422,196.14500427246094,196.3074951171875,10999,0.0,0.0
2024-06-12 14:10:00-04:00,196.35000610351562,196.44000244140625,196.27000427246094,196.38999938964844,8251,0.0,0.0
2024-06-12 14:15:00-04:00,196.375,196.49000549316406,196.28500366210938,196.2949981689453,9056,0.0,0.0
2024-06-12 14:20:00-04:00,196.27499389648438,196.3800048828125,196.00999450683594,196.05499267578125,11702,0.0,0.0
2024-06-12 14:25:00-04:00,196.00999450683594,196.25,196.00999450683594,196.13999938964844,16101,0.0,0.0
2024-06-12 14:30:00-04:00,196.0800018310547,196.1300048828125,195.94000244140625,195.94000244140625,13002,0.0,0.0
2024-06-12 14:35:00-04:00,195.99000549316406,196.05499267578125,195.8000030517578,196.0,15226,0.0,0.0
2024-06-12 14:40:00-04:00,195.94000244140625,196.039794921875,195.8300018310547,196.00999450683594,13378,0.0,0.0
2024-06-12 14:45:00-04:00,195.98500061035156,196.1199951171875,195.9199981689453,196.00999450683594,6941,0.0,0.0
2024-06-12 14:50:00-04:00,196.08999633789062,196.08999633789062,195.7899932861328,195.84500122070312,23956,0.0,0.0
2024-06-12 14:55:00-04:00,195.8000030517578,196.08970642089844,195.63999938964844,195.9149932861328,33319,0.0,0.0
2024-06-12 15:00:00-04:00,195.92999267578125,196.10910034179688,195.8699951171875,195.9875030517578,9944,0.0,0.0
2024-06-12 15:05:00-04:00,195.9949951171875,196.0800018310547,195.89999389648438,195.9499969482422,11245,0.0,0.0
2024-06-12 15:10:00-04:00,195.9199981689453,195.9199981689453,195.61000061035156,195.8800048828125,32301,0.0,0.0
2024-06-12 15:15:00-04:00,195.89999389648438,196.0399932861328,195.77999877929688,195.78500366210938,14626,0.0,0.0
2024-06-12 15:20:00-04:00,195.74000549316406,195.83999633789062,195.64500427246094,195.6699981689453,25036,0.0,0.0
2024-06-12 15:25:00-04:00,195.63999938964844,195.6999969482422,195.3800048828125,195.625,24902,0.0,0.0
2024-06-12 15:30:00-04:00,195.63999938964844,195.85000610351562,195.5449981689453,195.85000610351562,46085,0.0,0.0
2024-06-12 15:35:00-04:00,195.8699951171875,196.3000030517578,195.85499572753906,196.18499755859375,27084,0.0,0.0
2024-06-12 15:40:00-04:00,196.1300048828125,196.2899932861328,195.8699951171875,196.1999969482422,34729,0.0,0.0
2024-06-12 15:45:00-04:00,196.1999969482422,196.25,195.89500427246094,196.08999633789062,32819,0.0,0.0
2024-06-12 15:50:00-04:00,196.07000732421875,196.3000030517578,195.89999389648438,196.2100067138672,54016,0.0,0.0
2024-06-12 15:55:00-04:00,196.2100067138672,196.2100067138672,195.67999267578125,195.72000122070312,153914,0.0,0.0
2024-06-13 09:30:00-04:00,195.639892578125,195.64500427246094,194.60000610351562,195.35499572753906,34083,0.0,0.0
2024-06-13 09:35:00-04:00,195.59500122070312,196.17300415039062,195.5,195.91000366210938,11436,0.0,0.0
2024-06-13 09:40:00-04:00,195.86500549316406,195.94749450683594,195.60000610351562,195.60000610351562,6608,0.0,0.0
2024-06-13 09:45:00-04:00,195.5850067138672,195.59500122070312,195.14500427246094,195.2050018310547,15493,0.0,0.0
2024-06-13 09:50:00-04:00,195.30999755859375,195.82000732421875,195.2050018310547,195.6999969482422,8175,0.0,0.0
2024-06-13 09:55:00-04:00,195.47999572753906,195.8000030517578,195.35499572753906,195.64999389648438,22002,0.0,0.0
2024-06-13 10:00:00-04:00,195.64500427246094,195.64999389648438,195.32000732421875,195.5800018310547,6683,0.0,0.0
2024-06-13 10:05:00-04:00,195.47999572753906,195.91000366210938,195.47999572753906,195.83880615234375,7670,0.0,0.0
2024-06-13 10:10:00-04:00,195.86500549316406,196.17999267578125,195.86500549316406,196.13499450683594,7344,0.0,0.0
2024-06-13 10:15:00-04:00,196.13499450683594,196.35000610351562,196.13499450683594,196.1699981689453,9359,0.0,0.0
2024-06-13 10:20:00-04:00,196.1199951171875,196.18499755859375,195.95140075683594,196.14500427246094,9753,0.0,0.0
2024-06-13 10:25:00-04:00,195.99000549316406,196.0399932861328,195.3800048828125,195.43499755859375,12901,0.0,0.0
2024-06-13 10:30:00-04:00,195.43499755859375,195.5500030517578,195.1699981689453,195.3300018310547,9179,0.0,0.0
2024-06-13 10:35:00-04:00,195.3350067138672,195.49000549316406,195.29750061035156,195.46499633789062,12439,0.0,0.0
2024-06-13 10:40:00-04:00,195.3800048828125,195.56500244140625,195.3800048828125,195.55499267578125,11266,0.0,0.0
2024-06-13 10:45:00-04:00,195.67999267578125,195.72000122070312,195.44000244140625,195.51499938964844,6752,0.0,0.0
2024-06-13 10:50:00-04:00,195.48500061035156,195.5500030517578,195.3300018310547,195.33999633789062,12164,0.0,0.0
2024-06-13 10:55:00-04:00,195.4600067138672,195.73500061035156,195.42999267578125,195.5500030517578,9597,0.0,0.0
2024-06-13 11:00:00-04:00,195.5449981689453,195.5449981689453,195.2449951171875,195.4199981689453,9326,0.0,0.0
2024-06-13 11:05:00-04:00,195.39999389648438,195.55999755859375,195.1999969482422,195.4600067138672,7085,0.0,0.0
2024-06-13 11:10:00-04:00,195.57000732421875,195.69000244140625,195.52000427246094,195.63729858398438,8118,0.0,0.0
2024-06-13 11:15:00-04:00,195.5749969482422,195.64999389648438,195.5,195.625,10574,0.0,0.0
2024-06-13 11:20:00-04:00,195.6699981689453,195.6750030517578,195.49000549316406,195.53500366210938,15839,0.0,0.0
2024-06-13 11:25:00-04:00,195.5449981689453,196.03500366210938,195.5449981689453,195.94500732421875,11622,0.0,0.0
2024-06-13 11:30:00-04:00,195.90499877929688,196.07000732421875,195.90499877929688,196.0050048828125,15460,0.0,0.0
2024-06-13 11:35:00-04:00,195.92999267578125,196.08999633789062,195.85000610351562,196.08999633789062,13691,0.0,0.0
2024-06-13 11:40:00-04:00,196.02499389648438,196.02999877929688,195.89500427246094,195.9250030517578,11385,0.0,0.0
2024-06-13 11:45:00-04:00,195.97999572753906,195.97999572753906,195.77000427246094,195.86500549316406,5875,0.0,0.0
2024-06-13 11:50:00-04:00,195.86500549316406,196.1833953857422,195.86500549316406,196.05999755859375,45785,0.0,0.0
2024-06-13 11:55:00-04:00,196.09500122070312,196.19000244140625,196.02000427246094,196.139892578125,47474,0.0,0.0
2024-06-13 12:00:00-04:00,196.02000427246094,196.05999755859375,195.9199981689453,195.92999267578125,9453,0.0,0.0
2024-06-13 12:05:00-04:00,195.93499755859375,196.42999267578125,195.88009643554688,196.375,6384,0.0,0.0
2024-06-13 12:10:00-04:00,196.4199981689453,196.5800018310547,196.41000366210938,196.5800018310547,11321,0.0,0.0
2024-06-13 12:15:00-04:00,196.5500030517578,196.5800018310547,196.34010314941406,196.39999389648438,8166,0.0,0.0
2024-06-13 12:20:00-04:00,196.39999389648438,196.39999389648438,196.30999755859375,196.39999389648438,5622,0.0,0.0
2024-06-13 12:25:00-04:00,196.39999389648438,196.40499877929688,196.31500244140625,196.33999633789062,7339,0.0,0.0
2024-06-13 12:30:00-04:00,196.30999755859375,196.4600067138672,196.30999755859375,196.44290161132812,5586,0.0,0.0
2024-06-13 12:35:00-04:00,196.4149932861328,196.42999267578125,196.36000061035156,196.4199981689453,8801,0.0,0.0
2024-06-13 12:40:00-04:00,196.4199981689453,196.50169372558594,196.3800048828125,196.47999572753906,6604,0.0,0.0
2024-06-13 12:45:00-04:00,196.47500610351562,196.47500610351562,196.33999633789062,196.33999633789062,5691,0.0,0.0
2024-06-13 12:50:00-04:00,196.3000030517578,196.38999938964844,196.27000427246094,196.38999938964844,6795,0.0,0.0
2024-06-13 12:55:00-04:00,196.39999389648438,196.52999877929688,196.3699951171875,196.4499969482422,15841,0.0,0.0
2024-06-13 13:00:00-04:00,196.47000122070312,196.47500610351562,196.3800048828125,196.4499969482422,4831,0.0,0.0
2024-06-13 13:05:00-04:00,196.4499969482422,196.49000549316406,196.4499969482422,196.47999572753906,4645,0.0,0.0
2024-06-13 13:10:00-04:00,196.47999572753906,196.8699951171875,196.47999572753906,196.82000732421875,15769,0.0,0.0
2024-06-13 13:15:00-04:00,196.72000122070312,196.7899932861328,196.52000427246094,196.52999877929688,10520,0.0,0.0
2024-06-13 13:20:00-04:00,196.55999755859375,196.64500427246094,196.55999755859375,196.64500427246094,3353,0.0,0.0
2024-06-13 13:25:00-04:00,196.58999633789062,196.74000549316406,196.58999633789062,196.6199951171875,5905,0.0,0.0
2024-06-13 13:30:00-04:00,196.55999755859375,196.65499877929688,196.36000061035156,196.36000061035156,8776,0.0,0.0
2024-06-13 13:35:00-04:00,196.36500549316406,196.41000366210938,196.30999755859375,196.3699951171875,6545,0.0,0.0
2024-06-13 13:40:00-04:00,196.39999389648438,196.47000122070312,196.27000427246094,196.2899932861328,5004,0.0,0.0
2024-06-13 13:45:00-04:00,196.2436981201172,196.41990661621094,196.22999572753906,196.33999633789062,18181,0.0,0.0
2024-06-13 13:50:00-04:00,196.39999389648438,196.44000244140625,196.39999389648438,196.4199981689453,2721,0.0,0.0
2024-06-13 13:55:00-04:00,196.39999389648438,196.39999389648438,196.2725067138672,196.3350067138672,47861,0.0,0.0
2024-06-13 14:00:00-04:00,196.41000366210938,196.69000244140625,196.3300018310547,196.625,15149,0.0,0.0
2024-06-13 14:05:00-04:00,196.625,196.69000244140625,196.60000610351562,196.63999938964844,9619,0.0,0.0
2024-06-13 14:10:00-04:00,196.63999938964844,196.69520568847656,196.4149932861328,196.4149932861328,12688,0.0,0.0
2024-06-13 14:15:00-04:00,196.4149932861328,196.5500030517578,196.4149932861328,196.49000549316406,14139,0.0,0.0
2024-06-13 14:20:00-04:00,196.47999572753906,196.5500030517578,196.47999572753906,196.5399932861328,3742,0.0,0.0
2024-06-13 14:25:00-04:00,196.51499938964844,196.5399932861328,196.0850067138672,196.1199951171875,43856,0.0,0.0
2024-06-13 14:30:00-04:00,196.08999633789062,196.10499572753906,195.85499572753906,195.97500610351562,18155,0.0,0.0
2024-06-13 14:35:00-04:00,195.9949951171875,196.1300048828125,195.98080444335938,195.98080444335938,2785,0.0,0.0
2024-06-13 14:40:00-04:00,196.08999633789062,196.1300048828125,195.9600067138672,196.01499938964844,10372,0.0,0.0
2024-06-13 14:45:00-04:00,196.01499938964844,196.03500366210938,195.8800048828125,195.96499633789062,9861,0.0,0.0
2024-06-13 14:50:00-04:00,195.91000366210938,196.00999450683594,195.91000366210938,195.99000549316406,4120,0.0,0.0
2024-06-13 14:55:00-04:00,195.9600067138672,196.00999450683594,195.9199981689453,196.00999450683594,6296,0.0,0.0
2024-06-13 15:00:00-04:00,196.0,196.00999450683594,195.9199981689453,195.96499633789062,5406,0.0,0.0
2024-06-13 15:05:00-04:00,195.97000122070312,196.0399932861328,195.90499877929688,195.98500061035156,11272,0.0,0.0
2024-06-13 15:10:00-04:00,196.0399932861328,196.0500030517578,195.90499877929688,195.90499877929688,11378,0.0,0.0
2024-06-13 15:15:00-04:00,195.88999938964844,195.91000366210938,195.8300018310547,195.83999633789062,11011,0.0,0.0
2024-06-13 15:20:00-04:00,195.8699951171875,196.03500366210938,195.8300018310547,196.03500366210938,12806,0.0,0.0
2024-06-13 15:25:00-04:00,195.97999572753906,196.00999450683594,195.86500549316406,195.875,7135,0.0,0.0
2024-06-13 15:30:00-04:00,195.83999633789062,195.86000061035156,195.6699981689453,195.80999755859375,14555,0.0,0.0
2024-06-13 15:35:00-04:00,195.78500366210938,195.86000061035156,195.73500061035156,195.8249969482422,12698,0.0,0.0
2024-06-13 15:40:00-04:00,195.85000610351562,196.08999633789062,195.85000610351562,196.08999633789062,16690,0.0,0.0
2024-06-13 15:45:00-04:00,196.05999755859375,196.16000366210938,195.8300018310547,196.0,55422,0.0,0.0
2024-06-13 15:50:00-04:00,195.9600067138672,196.11500549316406,195.82000732421875,195.9550018310547,50693,0.0,0.0
2024-06-13 15:55:00-04:00,195.91000366210938,195.91000366210938,195.60000610351562,195.6300048828125,137160,0.0,0.0
2024-06-14 09:30:00-04:00,194.6300048828125,195.68429565429688,194.3300018310547,195.68429565429688,32451,0.0,0.0
2024-06-14 09:35:00-04:00,195.375,195.9499969482422,195.375,195.80209350585938,4932,0.0,0.0
2024-06-14 09:40:00-04:00,196.10000610351562,196.10000610351562,195.6199951171875,195.75540161132812,11820,0.0,0.0
2024-06-14 09:45:00-04:00,195.6699981689453,195.75,194.97000122070312,194.97000122070312,6378,0.0,0.0
2024-06-14 09:50:00-04:00,194.9199981689453,195.13999938964844,194.77000427246094,195.125,18386,0.0,0.0
2024-06-14 09:55:00-04:00,195.1875,195.1875,195.0749969482422,195.0749969482422,2249,0.0,0.0
2024-06-14 10:00:00-04:00,194.92999267578125,195.10000610351562,194.8800048828125,194.97000122070312,6766,0.0,0.0
2024-06-14 10:05:00-04:00,194.8101043701172,195.25,194.8101043701172,195.25,5985,0.0,0.0
2024-06-14 10:10:00-04:00,195.23500061035156,195.3699951171875,195.1300048828125,195.31500244140625,7871,0.0,0.0
2024-06-14 10:15:00-04:00,195.34500122070312,195.35000610351562,195.0800018310547,195.24000549316406,4606,0.0,0.0
2024-06-14 10:20:00-04:00,195.1300048828125,195.5500030517578,195.08999633789062,195.52499389648438,11752,0.0,0.0
2024-06-14 10:25:00-04:00,195.5,195.5800018310547,195.35000610351562,195.5800018310547,8866,0.0,0.0
2024-06-14 10:30:00-04:00,195.57000732421875,195.57000732421875,195.13999938964844,195.27000427246094,13921,0.0,0.0
2024-06-14 10:35:00-04:00,195.25999450683594,195.3699951171875,195.08999633789062,195.31500244140625,17127,0.0,0.0
2024-06-14 10:40:00-04:00,195.30999755859375,195.30999755859375,195.07000732421875,195.08999633789062,9130,0.0,0.0
2024-06-14 10:45:00-04:00,195.22999572753906,195.36000061035156,195.14500427246094,195.2899932861328,12721,0.0,0.0
2024-06-14 10:50:00-04:00,195.19000244140625,195.38499450683594,195.1300048828125,195.30999755859375,7692,0.0,0.0
2024-06-14 10:55:00-04:00,195.3699951171875,195.5,195.22999572753906,195.3350067138672,12854,0.0,0.0
2024-06-14 11:00:00-04:00,195.38999938964844,195.49000549316406,195.3800048828125,195.41000366210938,17632,0.0,0.0
2024-06-14 11:05:00-04:00,195.38999938964844,195.53500366210938,195.36000061035156,195.50999450683594,13140,0.0,0.0
2024-06-14 11:10:00-04:00,195.50999450683594,195.69000244140625,195.50999450683594,195.55999755859375,7813,0.0,0.0
2024-06-14 11:15:00-04:00,195.5399932861328,195.58999633789062,195.35000610351562,195.58999633789062,28104,0.0,0.0
2024-06-14 11:20:00-04:00,195.63499450683594,195.63499450683594,195.52999877929688,195.6199951171875,21350,0.0,0.0
2024-06-14 11:25:00-04:00,195.6300048828125,195.67999267578125,195.58999633789062,195.64999389648438,20302,0.0,0.0
2024-06-14 11:30:00-04:00,195.69000244140625,195.75999450683594,195.52999877929688,195.6999969482422,25592,0.0,0.0
2024-06-14 11:35:00-04:00,195.65499877929688,195.6699981689453,195.25,195.25,13093,0.0,0.0
2024-06-14 11:40:00-04:00,195.26499938964844,195.47999572753906,195.1999969482422,195.4250030517578,27538,0.0,0.0
2024-06-14 11:45:00-04:00,195.4199981689453,195.4199981689453,195.18499755859375,195.27000427246094,11695,0.0,0.0
2024-06-14 11:50:00-04:00,195.27000427246094,195.31500244140625,195.1501007080078,195.2550048828125,15029,0.0,0.0
2024-06-14 11:55:00-04:00,195.25999450683594,195.44000244140625,195.25999450683594,195.44000244140625,8852,0.0,0.0
2024-06-14 12:00:00-04:00,195.39999389648438,195.6300048828125,195.33999633789062,195.6300048828125,49212,0.0,0.0
2024-06-14 12:05:00-04:00,195.61500549316406,195.6649932861328,195.5500030517578,195.59500122070312,7788,0.0,0.0
2024-06-14 12:10:00-04:00,195.60000610351562,195.6999969482422,195.56649780273438,195.64999389648438,7229,0.0,0.0
2024-06-14 12:15:00-04:00,195.69000244140625,195.83999633789062,195.65499877929688,195.74000549316406,7041,0.0,0.0
2024-06-14 12:20:00-04:00,195.77000427246094,195.8699951171875,195.72999572753906,195.80999755859375,3581,0.0,0.0
2024-06-14 12:25:00-04:00,195.7949981689453,195.89999389648438,195.71009826660156,195.74000549316406,8943,0.0,0.0
2024-06-14 12:30:00-04:00,195.72500610351562,195.74000549316406,195.57000732421875,195.57000732421875,12033,0.0,0.0
2024-06-14 12:35:00-04:00,195.60499572753906,195.73500061035156,195.59500122070312,195.72000122070312,10385,0.0,0.0
2024-06-14 12:40:00-04:00,195.72000122070312,195.9499053955078,195.71499633789062,195.89500427246094,27261,0.0,0.0
2024-06-14 12:45:00-04:00,195.89500427246094,195.9250030517578,195.8300018310547,195.9250030517578,11148,0.0,0.0
2024-06-14 12:50:00-04:00,195.89199829101562,195.92999267578125,195.8300018310547,195.86500549316406,5254,0.0,0.0
2024-06-14 12:55:00-04:00,195.86500549316406,196.0749969482422,195.86500549316406,196.0749969482422,6002,0.0,0.0
2024-06-14 13:00:00-04:00,196.07000732421875,196.10499572753906,196.02999877929688,196.02999877929688,5113,0.0,0.0
2024-06-14 13:05:00-04:00,196.0625,196.27999877929688,196.0625,196.27999877929688,6969,0.0,0.0
2024-06-14 13:10:00-04:00,196.2550048828125,196.3800048828125,196.2550048828125,196.28500366210938,11256,0.0,0.0
2024-06-14 13:15:00-04:00,196.27499389648438,196.27749633789062,196.14999389648438,196.27000427246094,7189,0.0,0.0
2024-06-14 13:20:00-04:00,196.33999633789062,196.47000122070312,196.32000732421875,196.3800048828125,5986,0.0,0.0
2024-06-14 13:25:00-04:00,196.47000122070312,196.4949951171875,196.3699951171875,196.3800048828125,5492,0.0,0.0
2024-06-14 13:30:00-04:00,196.35000610351562,196.4199981689453,196.2100067138672,196.2100067138672,10009,0.0,0.0
2024-06-14 13:35:00-04:00,196.2100067138672,196.3800048828125,196.2100067138672,196.34500122070312,5140,0.0,0.0
2024-06-14 13:40:00-04:00,196.30999755859375,196.3699951171875,196.1999969482422,196.22500610351562,6954,0.0,0.0
2024-06-14 13:45:00-04:00,196.3000030517578,196.5,196.2899932861328,196.4250030517578,7704,0.0,0.0
2024-06-14 13:50:00-04:00,196.47000122070312,196.55499267578125,196.3800048828125,196.55499267578125,6294,0.0,0.0
2024-06-14 13:55:00-04:00,196.60000610351562,196.6300048828125,196.52000427246094,196.6300048828125,9697,0.0,0.0
2024-06-14 14:00:00-04:00,196.64999389648438,196.75,196.58999633789062,196.7100067138672,11449,0.0,0.0
2024-06-14 14:05:00-04:00,196.75999450683594,196.83999633789062,196.67999267578125,196.6999969482422,10733,0.0,0.0
2024-06-14 14:10:00-04:00,196.72000122070312,196.72000122070312,196.5,196.50999450683594,7930,0.0,0.0
2024-06-14 14:15:00-04:00,196.56900024414062,196.56900024414062,196.3800048828125,196.43499755859375,6114,0.0,0.0
2024-06-14 14:20:00-04:00,196.28500366210938,196.43499755859375,196.22999572753906,196.30999755859375,9360,0.0,0.0
2024-06-14 14:25:00-04:00,196.30999755859375,196.41000366210938,196.3000030517578,196.3699951171875,6654,0.0,0.0
2024-06-14 14:30:00-04:00,196.27000427246094,196.49000549316406,196.25,196.44500732421875,8420,0.0,0.0
2024-06-14 14:35:00-04:00,196.50999450683594,196.6199951171875,196.5,196.6199951171875,5960,0.0,0.0
2024-06-14 14:40:00-04:00,196.5850067138672,196.6649932861328,196.4499969482422,196.6649932861328,18106,0.0,0.0
2024-06-14 14:45:00-04:00,196.69500732421875,196.72000122070312,196.63009643554688,196.68499755859375,3889,0.0,0.0
2024-06-14 14:50:00-04:00,196.64999389648438,196.64999389648438,196.5,196.52499389648438,11229,0.0,0.0
2024-06-14 14:55:00-04:00,196.52499389648438,196.63999938964844,196.5,196.60000610351562,24247,0.0,0.0
2024-06-14 15:00:00-04:00,196.63499450683594,196.63499450683594,196.5,196.61000061035156,7202,0.0,0.0
2024-06-14 15:05:00-04:00,196.58999633789062,196.63999938964844,196.5,196.53500366210938,35091,0.0,0.0
2024-06-14 15:10:00-04:00,196.52999877929688,196.6300048828125,196.4600067138672,196.61000061035156,48634,0.0,0.0
2024-06-14 15:15:00-04:00,196.60499572753906,196.67999267578125,196.59500122070312,196.64999389648438,6342,0.0,0.0
2024-06-14 15:20:00-04:00,196.67999267578125,196.99000549316406,196.67999267578125,196.96929931640625,39261,0.0,0.0
2024-06-14 15:25:00-04:00,196.99000549316406,197.10000610351562,196.9600067138672,197.03500366210938,12108,0.0,0.0
2024-06-14 15:30:00-04:00,197.07000732421875,197.1999969482422,197.0,197.10000610351562,24512,0.0,0.0
2024-06-14 15:35:00-04:00,197.08999633789062,197.10000610351562,196.94000244140625,197.0050048828125,8217,0.0,0.0
2024-06-14 15:40:00-04:00,196.97999572753906,196.97999572753906,196.72000122070312,196.7899932861328,11608,0.0,0.0
2024-06-14 15:45:00-04:00,196.8000030517578,197.0399932861328,196.8000030517578,197.0,14620,0.0,0.0
2024-06-14 15:50:00-04:00,197.0399932861328,197.13999938964844,196.7899932861328,196.7899932861328,37770,0.0,0.0
2024-06-14 15:55:00-04:00,196.72999572753906,197.22999572753906,196.52999877929688,197.14999389648438,109354,0.0,0.0
2024-06-17 09:30:00-04:00,196.38999938964844,196.52999877929688,195.33250427246094,196.52999877929688,34039,0.0,0.0
2024-06-17 09:35:00-04:00,196.5050048828125,196.52999877929688,195.9499969482422,196.02000427246094,19963,0.0,0.0
2024-06-17 09:40:00-04:00,196.01499938964844,196.26499938964844,195.97999572753906,196.1699981689453,16280,0.0,0.0
2024-06-17 09:45:00-04:00,196.27000427246094,196.27000427246094,196.0749969482422,196.1300048828125,20070,0.0,0.0
2024-06-17 09:50:00-04:00,196.1649932861328,196.52000427246094,195.86749267578125,196.11990356445312,20805,0.0,0.0
2024-06-17 09:55:00-04:00,196.02000427246094,196.4600067138672,196.02000427246094,196.3800048828125,11411,0.0,0.0
2024-06-17 10:00:00-04:00,196.3000030517578,196.6300048828125,196.2949981689453,196.6300048828125,9297,0.0,0.0
2024-06-17 10:05:00-04:00,196.61000061035156,197.1699981689453,196.60499572753906,197.1199951171875,11209,0.0,0.0
2024-06-17 10:10:00-04:00,197.0500030517578,197.0500030517578,196.66000366210938,196.6649932861328,16401,0.0,0.0
2024-06-17 10:15:00-04:00,196.6999969482422,196.6999969482422,196.31500244140625,196.31500244140625,16070,0.0,0.0
2024-06-17 10:20:00-04:00,196.22000122070312,196.57000732421875,196.1300048828125,196.39999389648438,18461,0.0,0.0
2024-06-17 10:25:00-04:00,196.4149932861328,196.4600067138672,196.27000427246094,196.38499450683594,10661,0.0,0.0
2024-06-17 10:30:00-04:00,196.3350067138672,196.49000549316406,196.25999450683594,196.42999267578125,14072,0.0,0.0
2024-06-17 10:35:00-04:00,196.4199981689453,196.5,196.27999877929688,196.3000030517578,10244,0.0,0.0
2024-06-17 10:40:00-04:00,196.33999633789062,196.7899932861328,196.29010009765625,196.7899932861328,8183,0.0,0.0
2024-06-17 10:45:00-04:00,196.8000030517578,196.86500549316406,196.6999969482422,196.6999969482422,10630,0.0,0.0
2024-06-17 10:50:00-04:00,196.80999755859375,196.98500061035156,196.77999877929688,196.8800048828125,17984,0.0,0.0
2024-06-17 10:55:00-04:00,196.85000610351562,196.97999572753906,196.6300048828125,196.75,9761,0.0,0.0
2024-06-17 11:00:00-04:00,196.6649932861328,196.94000244140625,196.50999450683594,196.94000244140625,10489,0.0,0.0
2024-06-17 11:05:00-04:00,196.80999755859375,196.89999389648438,196.75,196.75999450683594,18180,0.0,0.0
2024-06-17 11:10:00-04:00,196.84320068359375,196.88999938964844,196.71499633789062,196.7899932861328,9418,0.0,0.0
2024-06-17 11:15:00-04:00,196.85000610351562,196.86000061035156,196.7100067138672,196.72999572753906,10148,0.0,0.0
2024-06-17 11:20:00-04:00,196.69000244140625,196.8699951171875,196.61099243164062,196.75999450683594,16557,0.0,0.0
2024-06-17 11:25:00-04:00,196.7100067138672,196.7899932861328,196.59500122070312,196.61000061035156,12269,0.0,0.0
2024-06-17 11:30:00-04:00,196.6999969482422,196.85000610351562,196.66000366210938,196.80999755859375,29549,0.0,0.0
2024-06-17 11:35:00-04:00,196.74000549316406,196.77999877929688,196.63999938964844,196.77999877929688,10087,0.0,0.0
2024-06-17 11:40:00-04:00,196.86000061035156,196.97999572753906,196.8249969482422,196.9149932861328,6934,0.0,0.0
2024-06-17 11:45:00-04:00,196.86000061035156,196.8699951171875,196.74000549316406,196.77000427246094,8185,0.0,0.0
2024-06-17 11:50:00-04:00,196.86000061035156,196.8699951171875,196.77000427246094,196.8300018310547,5607,0.0,0.0
2024-06-17 11:55:00-04:00,196.8699951171875,197.10000610351562,196.8000030517578,197.03500366210938,11610,0.0,0.0
2024-06-17 12:00:00-04:00,197.05499267578125,197.1199951171875,197.02000427246094,197.05499267578125,8310,0.0,0.0
2024-06-17 12:05:00-04:00,197.05499267578125,197.25,197.0500030517578,197.19500732421875,16751,0.0,0.0
2024-06-17 12:10:00-04:00,197.25999450683594,197.3300018310547,197.25,197.3300018310547,5122,0.0,0.0
2024-06-17 12:15:00-04:00,197.3000030517578,197.3300018310547,197.24000549316406,197.30999755859375,8741,0.0,0.0
2024-06-17 12:20:00-04:00,197.33999633789062,197.5,197.33999633789062,197.47999572753906,4620,0.0,0.0
2024-06-17 12:25:00-04:00,197.5,197.67999267578125,197.38999938964844,197.50999450683594,36253,0.0,0.0
2024-06-17 12:30:00-04:00,197.47999572753906,197.4949951171875,197.3300018310547,197.3300018310547,7799,0.0,0.0
2024-06-17 12:35:00-04:00,197.3699951171875,197.47999572753906,197.3699951171875,197.46499633789062,7951,0.0,0.0
2024-06-17 12:40:00-04:00,197.42999267578125,197.47000122070312,197.38099670410156,197.42999267578125,6307,0.0,0.0
2024-06-17 12:45:00-04:00,197.39999389648438,197.4499969482422,197.3699951171875,197.3699951171875,6231,0.0,0.0
2024-06-17 12:50:00-04:00,197.3800048828125,197.4600067138672,197.3800048828125,197.4600067138672,4173,0.0,0.0
2024-06-17 12:55:00-04:00,197.38999938964844,197.50999450683594,197.38999938964844,197.47500610351562,6722,0.0,0.0
2024-06-17 13:00:00-04:00,197.44000244140625,197.44000244140625,197.3332061767578,197.38499450683594,8148,0.0,0.0
2024-06-17 13:05:00-04:00,197.39999389648438,197.44000244140625,197.3699951171875,197.3800048828125,6871,0.0,0.0
2024-06-17 13:10:00-04:00,197.3509979248047,197.3509979248047,197.2100067138672,197.25619506835938,8486,0.0,0.0
2024-06-17 13:15:00-04:00,197.24000549316406,197.3300018310547,197.0,197.05499267578125,21376,0.0,0.0
2024-06-17 13:20:00-04:00,197.05499267578125,197.27999877929688,197.05499267578125,197.27000427246094,18126,0.0,0.0
2024-06-17 13:25:00-04:00,197.2100067138672,197.22999572753906,196.9550018310547,197.02000427246094,10193,0.0,0.0
2024-06-17 13:30:00-04:00,197.02999877929688,197.1699981689453,197.02999877929688,197.10000610351562,5739,0.0,0.0
2024-06-17 13:35:00-04:00,197.10499572753906,197.15499877929688,197.0,197.02499389648438,6993,0.0,0.0
2024-06-17 13:40:00-04:00,196.9550018310547,196.97999572753906,196.88499450683594,196.97500610351562,4933,0.0,0.0
2024-06-17 13:45:00-04:00,196.97000122070312,197.00990295410156,196.8000030517578,196.86500549316406,6712,0.0,0.0
2024-06-17 13:50:00-04:00,196.85000610351562,196.89500427246094,196.8052978515625,196.8300018310547,3876,0.0,0.0
2024-06-17 13:55:00-04:00,196.8300018310547,196.8300018310547,196.71499633789062,196.71499633789062,6158,0.0,0.0
2024-06-17 14:00:00-04:00,196.7100067138672,196.82000732421875,196.61000061035156,196.82000732421875,12583,0.0,0.0
2024-06-17 14:05:00-04:00,196.83999633789062,196.96499633789062,196.80999755859375,196.9550018310547,5143,0.0,0.0
2024-06-17 14:10:00-04:00,196.9866943359375,197.02999877929688,196.92430114746094,196.97999572753906,9051,0.0,0.0
2024-06-17 14:15:00-04:00,196.96310424804688,197.0850067138672,196.9333038330078,197.0399932861328,9302,0.0,0.0
2024-06-17 14:20:00-04:00,197.06500244140625,197.30999755859375,197.06500244140625,197.30999755859375,7098,0.0,0.0
2024-06-17 14:25:00-04:00,197.25999450683594,197.32000732421875,197.13999938964844,197.13999938964844,14390,0.0,0.0
2024-06-17 14:30:00-04:00,197.1699981689453,197.1699981689453,197.05999755859375,197.08999633789062,9741,0.0,0.0
2024-06-17 14:35:00-04:00,197.10000610351562,197.30499267578125,197.0500030517578,197.30499267578125,8860,0.0,0.0
2024-06-17 14:40:00-04:00,197.3300018310547,197.3300018310547,197.17999267578125,197.17999267578125,10178,0.0,0.0
2024-06-17 14:45:00-04:00,197.18499755859375,197.18499755859375,197.0399932861328,197.14500427246094,18422,0.0,0.0
2024-06-17 14:50:00-04:00,197.14500427246094,197.1999969482422,197.14500427246094,197.17999267578125,11335,0.0,0.0
2024-06-17 14:55:00-04:00,197.17999267578125,197.17999267578125,197.0800018310547,197.1300048828125,17120,0.0,0.0
2024-06-17 15:00:00-04:00,197.13499450683594,197.25999450683594,197.13499450683594,197.2050018310547,13714,0.0,0.0
2024-06-17 15:05:00-04:00,197.22999572753906,197.22999572753906,197.10000610351562,197.15499877929688,18531,0.0,0.0
2024-06-17 15:10:00-04:00,197.19000244140625,197.19000244140625,197.0200958251953,197.1199951171875,28743,0.0,0.0
2024-06-17 15:15:00-04:00,197.14999389648438,197.17999267578125,196.8699951171875,197.0500030517578,37663,0.0,0.0
2024-06-17 15:20:00-04:00,197.05499267578125,197.1699981689453,197.0500030517578,197.13999938964844,15305,0.0,0.0
2024-06-17 15:25:00-04:00,197.14500427246094,197.21499633789062,197.1199951171875,197.21499633789062,32201,0.0,0.0
2024-06-17 15:30:00-04:00,197.21499633789062,197.27000427246094,196.94000244140625,196.94500732421875,24805,0.0,0.0
2024-06-17 15:35:00-04:00,196.9199981689453,197.0500030517578,196.87100219726562,197.0050048828125,17740,0.0,0.0
2024-06-17 15:40:00-04:00,197.0,197.16000366210938,197.0,197.0850067138672,32169,0.0,0.0
2024-06-17 15:45:00-04:00,197.08999633789062,197.1300048828125,196.9759979248047,197.02999877929688,38109,0.0,0.0
2024-06-17 15:50:00-04:00,197.02000427246094,197.16000366210938,196.92999267578125,197.08999633789062,47493,0.0,0.0
2024-06-17 15:55:00-04:00,196.9600067138672,197.07000732421875,196.52000427246094,196.6300048828125,128970,0.0,0.0
2024-06-18 09:30:00-04:00,197.7899932861328,197.7899932861328,196.13999938964844,196.5500030517578,32230,0.0,0.0
2024-06-18 09:35:00-04:00,196.24000549316406,196.24000549316406,195.4550018310547,195.7050018310547,23281,0.0,0.0
2024-06-18 09:40:00-04:00,195.72000122070312,196.55499267578125,195.6199951171875,196.26499938964844,9830,0.0,0.0
2024-06-18 09:45:00-04:00,196.27999877929688,196.3800048828125,195.77000427246094,195.77000427246094,5180,0.0,0.0
2024-06-18 09:50:00-04:00,195.8300018310547,195.9199981689453,195.60499572753906,195.72999572753906,11348,0.0,0.0
2024-06-18 09:55:00-04:00,195.69000244140625,196.1999053955078,195.5850067138672,195.5850067138672,11334,0.0,0.0
2024-06-18 10:00:00-04:00,195.85000610351562,196.1300048828125,195.5146942138672,195.9499969482422,25316,0.0,0.0
2024-06-18 10:05:00-04:00,195.9499969482422,196.2100067138672,195.72999572753906,196.2100067138672,13522,0.0,0.0
2024-06-18 10:10:00-04:00,196.14999389648438,196.14999389648438,196.0,196.10000610351562,8717,0.0,0.0
2024-06-18 10:15:00-04:00,196.10000610351562,196.57989501953125,196.0850067138672,196.42999267578125,6080,0.0,0.0
2024-06-18 10:20:00-04:00,196.5500030517578,196.5500030517578,196.19000244140625,196.24000549316406,7947,0.0,0.0
2024-06-18 10:25:00-04:00,196.11000061035156,196.14999389648438,195.8699951171875,195.9600067138672,12764,0.0,0.0
2024-06-18 10:30:00-04:00,195.8625030517578,196.35000610351562,195.8625030517578,196.35000610351562,8460,0.0,0.0
2024-06-18 10:35:00-04:00,196.1300048828125,196.1999969482422,195.9499969482422,196.1649932861328,7900,0.0,0.0
2024-06-18 10:40:00-04:00,196.1649932861328,196.47000122070312,196.1649932861328,196.47000122070312,7446,0.0,0.0
2024-06-18 10:45:00-04:00,196.57000732421875,196.63999938964844,196.44000244140625,196.44000244140625,13237,0.0,0.0
2024-06-18 10:50:00-04:00,196.5,196.5,195.9499969482422,196.17999267578125,16142,0.0,0.0
2024-06-18 10:55:00-04:00,196.16000366210938,196.23989868164062,196.1300048828125,196.22999572753906,6250,0.0,0.0
2024-06-18 11:00:00-04:00,196.2449951171875,196.2449951171875,196.0500030517578,196.11000061035156,6263,0.0,0.0
2024-06-18 11:05:00-04:00,196.07000732421875,196.35000610351562,196.07000732421875,196.24000549316406,11515,0.0,0.0
2024-06-18 11:10:00-04:00,196.24000549316406,196.67999267578125,196.19000244140625,196.67999267578125,10205,0.0,0.0
2024-06-18 11:15:00-04:00,196.72500610351562,196.82000732421875,196.52999877929688,196.52999877929688,5733,0.0,0.0
2024-06-18 11:20:00-04:00,196.6300048828125,196.8300018310547,196.6199951171875,196.67999267578125,6276,0.0,0.0
2024-06-18 11:25:00-04:00,196.59500122070312,196.66000366210938,196.58999633789062,196.60000610351562,4302,0.0,0.0
2024-06-18 11:30:00-04:00,196.5800018310547,196.6300048828125,196.52000427246094,196.6199951171875,6478,0.0,0.0
2024-06-18 11:35:00-04:00,196.6685028076172,196.69000244140625,196.58999633789062,196.6300048828125,6492,0.0,0.0
2024-06-18 11:40:00-04:00,196.6300048828125,196.64999389648438,196.30999755859375,196.38499450683594,10114,0.0,0.0
2024-06-18 11:45:00-04:00,196.30999755859375,196.39500427246094,196.24000549316406,196.24000549316406,6394,0.0,0.0
2024-06-18 11:50:00-04:00,196.32000732421875,196.61000061035156,196.17999267578125,196.58999633789062,55386,0.0,0.0
2024-06-18 11:55:00-04:00,196.59530639648438,196.92999267578125,196.59530639648438,196.92999267578125,12203,0.0,0.0
2024-06-18 12:00:00-04:00,196.85000610351562,197.1300048828125,196.85000610351562,197.1300048828125,3783,0.0,0.0
2024-06-18 12:05:00-04:00,197.10000610351562,197.4199981689453,197.10000610351562,197.3699951171875,14280,0.0,0.0
2024-06-18 12:10:00-04:00,197.32000732421875,197.39999389648438,197.0500030517578,197.10000610351562,19830,0.0,0.0
2024-06-18 12:15:00-04:00,197.10000610351562,197.11000061035156,196.90499877929688,196.90499877929688,7850,0.0,0.0
2024-06-18 12:20:00-04:00,196.89999389648438,197.05999755859375,196.8782958984375,197.05999755859375,9606,0.0,0.0
2024-06-18 12:25:00-04:00,197.0050048828125,197.0500030517578,196.87010192871094,196.93499755859375,5877,0.0,0.0
2024-06-18 12:30:00-04:00,196.94500732421875,197.0,196.94500732421875,196.94500732421875,4755,0.0,0.0
2024-06-18 12:35:00-04:00,196.97999572753906,197.0500030517578,196.94500732421875,197.0399932861328,10910,0.0,0.0
2024-06-18 12:40:00-04:00,197.00999450683594,197.22999572753906,197.00999450683594,197.13999938964844,11505,0.0,0.0
2024-06-18 12:45:00-04:00,197.09249877929688,197.13499450683594,197.0500030517578,197.0800018310547,3570,0.0,0.0
2024-06-18 12:50:00-04:00,197.01499938964844,197.0850067138672,196.8800048828125,196.8800048828125,4621,0.0,0.0
2024-06-18 12:55:00-04:00,196.8800048828125,197.031005859375,196.8800048828125,196.92999267578125,6466,0.0,0.0
2024-06-18 13:00:00-04:00,196.92999267578125,196.9600067138672,196.89500427246094,196.9199981689453,4305,0.0,0.0
2024-06-18 13:05:00-04:00,196.88499450683594,196.98660278320312,196.88499450683594,196.98660278320312,7326,0.0,0.0
2024-06-18 13:10:00-04:00,197.0050048828125,197.0050048828125,196.9199981689453,196.9600067138672,9279,0.0,0.0
2024-06-18 13:15:00-04:00,196.94000244140625,196.9893035888672,196.9199981689453,196.9250030517578,4347,0.0,0.0
2024-06-18 13:20:00-04:00,196.9499969482422,197.0,196.9149932861328,196.96499633789062,10971,0.0,0.0
2024-06-18 13:25:00-04:00,196.97999572753906,196.99459838867188,196.80999755859375,196.80999755859375,9300,0.0,0.0
2024-06-18 13:30:00-04:00,196.8000030517578,196.8000030517578,196.72000122070312,196.72999572753906,4377,0.0,0.0
2024-06-18 13:35:00-04:00,196.72999572753906,196.8925018310547,196.72999572753906,196.83999633789062,11245,0.0,0.0
2024-06-18 13:40:00-04:00,196.8699951171875,196.8800048828125,196.75,196.8000030517578,13719,0.0,0.0
2024-06-18 13:45:00-04:00,196.8000030517578,196.91000366210938,196.8000030517578,196.89999389648438,14531,0.0,0.0
2024-06-18 13:50:00-04:00,196.89999389648438,196.92999267578125,196.80999755859375,196.80999755859375,6181,0.0,0.0
2024-06-18 13:55:00-04:00,196.8000030517578,196.82000732421875,196.67999267578125,196.74000549316406,8450,0.0,0.0
2024-06-18 14:00:00-04:00,196.74000549316406,196.74000549316406,196.64500427246094,196.7050018310547,7801,0.0,0.0
2024-06-18 14:05:00-04:00,196.7050018310547,196.8000030517578,196.66000366210938,196.7449951171875,14615,0.0,0.0
2024-06-18 14:10:00-04:00,196.75,196.83999633789062,196.7310028076172,196.77999877929688,13506,0.0,0.0
2024-06-18 14:15:00-04:00,196.75999450683594,196.77000427246094,196.57000732421875,196.5800018310547,8225,0.0,0.0
2024-06-18 14:20:00-04:00,196.69000244140625,196.7100067138672,196.42999267578125,196.55999755859375,72712,0.0,0.0
2024-06-18 14:25:00-04:00,196.55999755859375,196.55999755859375,196.36000061035156,196.4499969482422,26833,0.0,0.0
2024-06-18 14:30:00-04:00,196.3699951171875,196.4600067138672,196.23500061035156,196.23500061035156,52927,0.0,0.0
2024-06-18 14:35:00-04:00,196.24000549316406,196.27499389648438,196.02999877929688,196.05999755859375,24261,0.0,0.0
2024-06-18 14:40:00-04:00,196.05999755859375,196.50999450683594,195.89999389648438,196.30999755859375,35245,0.0,0.0
2024-06-18 14:45:00-04:00,196.2899932861328,196.50999450683594,196.27000427246094,196.3800048828125,9442,0.0,0.0
2024-06-18 14:50:00-04:00,196.41000366210938,196.4499969482422,196.3000030517578,196.4499969482422,7157,0.0,0.0
2024-06-18 14:55:00-04:00,196.44000244140625,196.60499572753906,196.4149932861328,196.52000427246094,11477,0.0,0.0
2024-06-18 15:00:00-04:00,196.58999633789062,196.61900329589844,196.44000244140625,196.4600067138672,7175,0.0,0.0
2024-06-18 15:05:00-04:00,196.468994140625,196.5500030517578,196.35000610351562,196.39999389648438,9882,0.0,0.0
2024-06-18 15:10:00-04:00,196.4600067138672,196.47999572753906,196.38999938964844,196.47999572753906,8996,0.0,0.0
2024-06-18 15:15:00-04:00,196.47999572753906,196.61000061035156,196.47000122070312,196.49000549316406,9102,0.0,0.0
2024-06-18 15:20:00-04:00,196.5399932861328,196.55999755859375,196.47000122070312,196.50999450683594,10011,0.0,0.0
2024-06-18 15:25:00-04:00,196.47999572753906,196.61000061035156,196.47500610351562,196.5590057373047,10134,0.0,0.0
2024-06-18 15:30:00-04:00,196.52000427246094,196.64300537109375,196.44000244140625,196.5,17183,0.0,0.0
2024-06-18 15:35:00-04:00,196.47000122070312,196.5399932861328,196.41000366210938,196.42999267578125,12806,0.0,0.0
2024-06-18 15:40:00-04:00,196.36000061035156,196.5,190.72999572753906,196.41000366210938,154822,0.0,0.0
2024-06-18 15:45:00-04:00,196.4116973876953,196.64999389648438,196.39999389648438,196.55999755859375,34569,0.0,0.0
2024-06-18 15:50:00-04:00,196.47000122070312,196.6999969482422,196.3800048828125,196.65499877929688,74002,0.0,0.0
2024-06-18 15:55:00-04:00,196.6999969482422,196.6999969482422,196.41000366210938,196.52000427246094,230935,0.0,0.0
2024-06-20 09:30:00-04:00,196.8699951171875,196.8699951171875,196.0,196.36500549316406,42890,0.0,0.0
2024-06-20 09:35:00-04:00,195.97000122070312,196.11000061035156,195.41000366210938,196.0,22915,0.0,0.0
2024-06-20 09:40:00-04:00,195.85000610351562,196.0399932861328,195.02999877929688,195.16000366210938,21521,0.0,0.0
2024-06-20 09:45:00-04:00,195.24000549316406,195.49270629882812,195.02999877929688,195.3699951171875,11754,0.0,0.0
2024-06-20 09:50:00-04:00,195.3300018310547,195.76980590820312,195.13999938964844,195.54249572753906,13127,0.0,0.0
2024-06-20 09:55:00-04:00,195.5,195.7899932861328,195.0,195.63499450683594,19240,0.0,0.0
2024-06-20 10:00:00-04:00,195.6199951171875,196.0399932861328,195.6199951171875,195.75999450683594,13497,0.0,0.0
2024-06-20 10:05:00-04:00,195.8350067138672,196.08999633789062,195.8350067138672,196.00999450683594,11288,0.0,0.0
2024-06-20 10:10:00-04:00,195.9302978515625,196.24000549316406,195.88999938964844,196.18899536132812,37365,0.0,0.0
2024-06-20 10:15:00-04:00,196.19000244140625,196.63999938964844,196.08999633789062,196.63999938964844,15086,0.0,0.0
2024-06-20 10:20:00-04:00,196.63499450683594,196.66000366210938,196.10000610351562,196.10000610351562,13855,0.0,0.0
2024-06-20 10:25:00-04:00,196.1042022705078,196.5500030517578,196.02000427246094,196.4600067138672,12897,0.0,0.0
2024-06-20 10:30:00-04:00,196.39999389648438,196.47500610351562,196.27999877929688,196.39999389648438,11958,0.0,0.0
2024-06-20 10:35:00-04:00,196.42999267578125,196.49000549316406,196.27999877929688,196.3350067138672,10908,0.0,0.0
2024-06-20 10:40:00-04:00,196.25999450683594,196.30499267578125,196.1199951171875,196.21499633789062,12711,0.0,0.0
2024-06-20 10:45:00-04:00,196.19000244140625,196.19000244140625,195.8699951171875,195.93499755859375,10148,0.0,0.0
2024-06-20 10:50:00-04:00,195.91000366210938,196.05999755859375,195.86000061035156,196.02999877929688,38296,0.0,0.0
2024-06-20 10:55:00-04:00,196.0500030517578,196.16000366210938,195.9499969482422,196.13999938964844,39291,0.0,0.0
2024-06-20 11:00:00-04:00,196.22279357910156,196.38999938964844,196.0800018310547,196.38999938964844,14952,0.0,0.0
2024-06-20 11:05:00-04:00,196.3800048828125,196.5500030517578,196.33999633789062,196.5,23043,0.0,0.0
2024-06-20 11:10:00-04:00,196.47999572753906,196.61000061035156,196.3699951171875,196.5,23914,0.0,0.0
2024-06-20 11:15:00-04:00,196.5449981689453,196.74000549316406,196.5449981689453,196.60000610351562,13612,0.0,0.0
2024-06-20 11:20:00-04:00,196.5800018310547,196.6125030517578,196.43499755859375,196.5,11572,0.0,0.0
2024-06-20 11:25:00-04:00,196.5,196.6699981689453,196.5,196.6699981689453,27824,0.0,0.0
2024-06-20 11:30:00-04:00,196.72349548339844,196.80499267578125,196.6300048828125,196.80499267578125,15178,0.0,0.0
2024-06-20 11:35:00-04:00,196.90499877929688,197.0050048828125,196.86000061035156,197.0050048828125,22841,0.0,0.0
2024-06-20 11:40:00-04:00,197.02430725097656,197.30999755859375,197.02430725097656,197.2050018310547,12096,0.0,0.0
2024-06-20 11:45:00-04:00,197.22000122070312,197.2899932861328,197.13999938964844,197.25,15389,0.0,0.0
2024-06-20 11:50:00-04:00,197.27999877929688,197.64999389648438,197.13999938964844,197.63999938964844,16130,0.0,0.0
2024-06-20 11:55:00-04:00,197.625,197.6999969482422,197.30999755859375,197.47000122070312,33322,0.0,0.0
2024-06-20 12:00:00-04:00,197.4600067138672,197.8699951171875,197.4600067138672,197.8699951171875,10181,0.0,0.0
2024-06-20 12:05:00-04:00,197.73500061035156,197.94000244140625,197.73500061035156,197.8249969482422,8690,0.0,0.0
2024-06-20 12:10:00-04:00,197.83999633789062,197.88999938964844,197.61000061035156,197.6699981689453,10585,0.0,0.0
2024-06-20 12:15:00-04:00,197.7100067138672,197.8350067138672,197.7100067138672,197.8350067138672,9827,0.0,0.0
2024-06-20 12:20:00-04:00,197.8350067138672,198.00999450683594,197.8300018310547,197.97000122070312,17701,0.0,0.0
2024-06-20 12:25:00-04:00,197.9499969482422,198.07000732421875,197.91000366210938,198.07000732421875,7442,0.0,0.0
2024-06-20 12:30:00-04:00,198.02999877929688,198.3000030517578,197.9250030517578,198.27999877929688,13926,0.0,0.0
2024-06-20 12:35:00-04:00,198.22500610351562,198.52000427246094,198.14999389648438,198.45750427246094,17100,0.0,0.0
2024-06-20 12:40:00-04:00,198.4499969482422,198.6699981689453,198.4499969482422,198.66000366210938,14937,0.0,0.0
2024-06-20 12:45:00-04:00,198.6999969482422,198.88999938964844,198.6999969482422,198.7949981689453,13857,0.0,0.0
2024-06-20 12:50:00-04:00,198.7949981689453,198.86000061035156,198.6699981689453,198.81500244140625,12575,0.0,0.0
2024-06-20 12:55:00-04:00,198.77999877929688,198.7899932861328,198.5800018310547,198.5800018310547,8603,0.0,0.0
2024-06-20 13:00:00-04:00,198.5399932861328,198.5399932861328,198.32000732421875,198.47999572753906,15461,0.0,0.0
2024-06-20 13:05:00-04:00,198.5070037841797,198.59500122070312,198.3699951171875,198.5399932861328,12325,0.0,0.0
2024-06-20 13:10:00-04:00,198.49000549316406,198.58999633789062,198.44000244140625,198.5749969482422,10360,0.0,0.0
2024-06-20 13:15:00-04:00,198.5850067138672,198.61990356445312,198.5,198.55999755859375,8984,0.0,0.0
2024-06-20 13:20:00-04:00,198.5500030517578,198.5800018310547,198.32000732421875,198.39999389648438,25537,0.0,0.0
2024-06-20 13:25:00-04:00,198.39500427246094,198.53500366210938,198.38499450683594,198.41000366210938,12772,0.0,0.0
2024-06-20 13:30:00-04:00,198.50999450683594,198.57000732421875,198.47000122070312,198.5,9934,0.0,0.0
2024-06-20 13:35:00-04:00,198.60000610351562,198.6199951171875,198.375,198.60000610351562,25951,0.0,0.0
2024-06-20 13:40:00-04:00,198.60000610351562,198.82000732421875,198.5637969970703,198.6649932861328,10159,0.0,0.0
2024-06-20 13:45:00-04:00,198.66000366210938,198.77000427246094,198.63999938964844,198.63999938964844,7516,0.0,0.0
2024-06-20 13:50:00-04:00,198.68499755859375,198.72000122070312,198.58999633789062,198.66000366210938,9359,0.0,0.0
2024-06-20 13:55:00-04:00,198.72999572753906,198.72999572753906,198.5800018310547,198.63499450683594,7227,0.0,0.0
2024-06-20 14:00:00-04:00,198.5850067138672,198.66000366210938,198.57000732421875,198.58999633789062,7980,0.0,0.0
2024-06-20 14:05:00-04:00,198.58999633789062,198.6300048828125,198.32000732421875,198.32000732421875,10607,0.0,0.0
2024-06-20 14:10:00-04:00,198.32000732421875,198.36500549316406,198.22999572753906,198.23500061035156,8885,0.0,0.0
2024-06-20 14:15:00-04:00,198.27999877929688,198.55990600585938,198.22999572753906,198.49000549316406,12591,0.0,0.0
2024-06-20 14:20:00-04:00,198.47500610351562,198.47500610351562,198.3800048828125,198.39999389648438,12381,0.0,0.0
2024-06-20 14:25:00-04:00,198.39999389648438,198.44000244140625,198.3800048828125,198.41000366210938,8595,0.0,0.0
2024-06-20 14:30:00-04:00,198.4199981689453,198.48500061035156,198.3800048828125,198.38499450683594,12722,0.0,0.0
2024-06-20 14:35:00-04:00,198.3699951171875,198.4199981689453,198.11000061035156,198.14500427246094,15378,0.0,0.0
2024-06-20 14:40:00-04:00,198.08999633789062,198.1699981689453,197.99000549316406,198.125,8940,0.0,0.0
2024-06-20 14:45:00-04:00,198.05999755859375,198.375,198.05999755859375,198.36000061035156,13331,0.0,0.0
2024-06-20 14:50:00-04:00,198.36000061035156,198.41270446777344,198.27000427246094,198.37600708007812,11900,0.0,0.0
2024-06-20 14:55:00-04:00,198.3800048828125,198.4949951171875,198.32000732421875,198.3699951171875,27129,0.0,0.0
2024-06-20 15:00:00-04:00,198.34500122070312,198.35000610351562,198.06919860839844,198.0850067138672,11292,0.0,0.0
2024-06-20 15:05:00-04:00,198.08999633789062,198.20550537109375,198.08999633789062,198.1968994140625,9463,0.0,0.0
2024-06-20 15:10:00-04:00,198.14999389648438,198.1699981689453,197.97999572753906,197.97999572753906,15723,0.0,0.0
2024-06-20 15:15:00-04:00,198.0,198.17999267578125,197.88999938964844,198.10000610351562,15570,0.0,0.0
2024-06-20 15:20:00-04:00,198.08999633789062,198.22500610351562,198.00999450683594,198.00999450683594,16307,0.0,0.0
2024-06-20 15:25:00-04:00,198.01600646972656,198.3300018310547,197.85000610351562,198.30999755859375,35835,0.0,0.0
2024-06-20 15:30:00-04:00,198.3125,198.3125,198.05999755859375,198.1300048828125,22826,0.0,0.0
2024-06-20 15:35:00-04:00,198.14500427246094,198.20899963378906,197.92999267578125,198.05999755859375,22428,0.0,0.0
2024-06-20 15:40:00-04:00,198.0500030517578,198.16000366210938,197.8800048828125,197.88999938964844,21672,0.0,0.0
2024-06-20 15:45:00-04:00,197.8800048828125,198.2899932861328,197.8800048828125,198.17999267578125,31879,0.0,0.0
2024-06-20 15:50:00-04:00,198.1699981689453,198.82000732421875,198.0500030517578,198.82000732421875,67325,0.0,0.0
2024-06-20 15:55:00-04:00,198.8300018310547,198.86000061035156,198.1999969482422,198.49000549316406,153119,0.0,0.0
2024-06-21 09:30:00-04:00,195.0800018310547,196.75,194.4600067138672,194.8300018310547,349445,0.0,0.0
2024-06-21 09:35:00-04:00,194.6199951171875,196.11000061035156,194.57000732421875,194.7100067138672,45911,0.0,0.0
2024-06-21 09:40:00-04:00,194.57000732421875,194.97000122070312,194.26609802246094,194.39999389648438,56973,0.0,0.0
2024-06-21 09:45:00-04:00,194.3000030517578,195.22999572753906,194.10000610351562,195.0500030517578,59998,0.0,0.0
2024-06-21 09:50:00-04:00,195.05999755859375,195.1300048828125,194.55999755859375,194.85499572753906,37785,0.0,0.0
2024-06-21 09:55:00-04:00,194.80499267578125,195.11000061035156,194.80499267578125,194.9499969482422,41183,0.0,0.0
2024-06-21 10:00:00-04:00,194.9499969482422,195.02220153808594,194.8000030517578,194.92999267578125,31705,0.0,0.0
2024-06-21 10:05:00-04:00,194.9149932861328,195.3350067138672,194.86000061035156,195.2550048828125,44127,0.0,0.0
2024-06-21 10:10:00-04:00,195.32000732421875,196.0,195.25,195.9149932861328,39329,0.0,0.0
2024-06-21 10:15:00-04:00,195.85000610351562,195.92999267578125,195.7100067138672,195.8000030517578,14171,0.0,0.0
2024-06-21 10:20:00-04:00,195.8350067138672,195.91000366210938,195.7100067138672,195.80999755859375,27341,0.0,0.0
2024-06-21 10:25:00-04:00,195.80999755859375,195.80999755859375,195.2050018310547,195.39999389648438,24103,0.0,0.0
2024-06-21 10:30:00-04:00,195.44500732421875,195.52000427246094,195.22999572753906,195.3300018310547,18716,0.0,0.0
2024-06-21 10:35:00-04:00,195.3000030517578,195.3699951171875,194.99000549316406,194.99000549316406,25197,0.0,0.0
2024-06-21 10:40:00-04:00,195.00999450683594,195.08999633789062,194.88999938964844,195.03500366210938,18531,0.0,0.0
2024-06-21 10:45:00-04:00,195.13999938964844,195.1699981689453,194.82000732421875,194.9062957763672,26951,0.0,0.0
2024-06-21 10:50:00-04:00,194.9687957763672,195.05999755859375,194.72999572753906,194.72999572753906,19869,0.0,0.0
2024-06-21 10:55:00-04:00,194.82000732421875,194.9199981689453,194.74000549316406,194.74000549316406,15157,0.0,0.0
2024-06-21 11:00:00-04:00,194.74000549316406,194.7949981689453,194.63999938964844,194.68499755859375,12670,0.0,0.0
2024-06-21 11:05:00-04:00,194.72000122070312,194.8300018310547,194.69000244140625,194.75,20136,0.0,0.0
2024-06-21 11:10:00-04:00,194.75,194.8000030517578,194.58599853515625,194.8000030517578,15219,0.0,0.0
2024-06-21 11:15:00-04:00,194.7550048828125,194.9199981689453,194.5800018310547,194.85000610351562,21603,0.0,0.0
2024-06-21 11:20:00-04:00,194.8000030517578,194.8000030517578,194.61000061035156,194.61000061035156,6950,0.0,0.0
2024-06-21 11:25:00-04:00,194.61000061035156,194.68499755859375,194.44000244140625,194.48500061035156,17574,0.0,0.0
2024-06-21 11:30:00-04:00,194.4600067138672,194.57000732421875,194.39999389648438,194.39999389648438,21650,0.0,0.0
2024-06-21 11:35:00-04:00,194.39999389648438,194.5500030517578,194.38999938964844,194.42999267578125,34922,0.0,0.0
2024-06-21 11:40:00-04:00,194.47999572753906,194.5399932861328,194.33999633789062,194.375,18571,0.0,0.0
2024-06-21 11:45:00-04:00,194.375,194.5,194.27999877929688,194.4499969482422,11841,0.0,0.0
2024-06-21 11:50:00-04:00,194.47000122070312,194.64999389648438,194.47000122070312,194.5500030517578,8020,0.0,0.0
2024-06-21 11:55:00-04:00,194.5500030517578,194.7198944091797,194.39999389648438,194.39999389648438,23569,0.0,0.0
2024-06-21 12:00:00-04:00,194.4600067138672,194.5,194.36000061035156,194.4759979248047,5673,0.0,0.0
2024-06-21 12:05:00-04:00,194.48330688476562,194.69000244140625,194.36000061035156,194.63999938964844,12167,0.0,0.0
2024-06-21 12:10:00-04:00,194.60499572753906,194.64999389648438,194.50999450683594,194.50999450683594,11586,0.0,0.0
2024-06-21 12:15:00-04:00,194.47999572753906,194.5500030517578,194.39999389648438,194.49000549316406,8488,0.0,0.0
2024-06-21 12:20:00-04:00,194.49000549316406,194.5399932861328,194.4149932861328,194.4499969482422,8446,0.0,0.0
2024-06-21 12:25:00-04:00,194.50270080566406,194.52000427246094,194.44000244140625,194.50999450683594,6047,0.0,0.0
2024-06-21 12:30:00-04:00,194.52999877929688,194.57000732421875,194.42999267578125,194.42999267578125,7600,0.0,0.0
2024-06-21 12:35:00-04:00,194.52999877929688,194.81100463867188,194.52999877929688,194.81100463867188,9285,0.0,0.0
2024-06-21 12:40:00-04:00,194.77999877929688,195.0800018310547,194.77999877929688,195.0800018310547,6502,0.0,0.0
2024-06-21 12:45:00-04:00,195.0500030517578,195.05999755859375,194.9199981689453,194.97999572753906,10475,0.0,0.0
2024-06-21 12:50:00-04:00,194.9499969482422,195.0050048828125,194.8300018310547,195.0050048828125,7584,0.0,0.0
2024-06-21 12:55:00-04:00,195.0050048828125,195.0500030517578,194.9499969482422,195.04159545898438,16736,0.0,0.0
2024-06-21 13:00:00-04:00,195.0399932861328,195.0399932861328,194.92999267578125,195.03799438476562,7670,0.0,0.0
2024-06-21 13:05:00-04:00,195.03500366210938,195.03500366210938,194.92999267578125,194.94500732421875,11285,0.0,0.0
2024-06-21 13:10:00-04:00,194.94000244140625,195.00999450683594,194.9199981689453,194.99000549316406,7817,0.0,0.0
2024-06-21 13:15:00-04:00,194.99000549316406,195.02000427246094,194.97000122070312,194.99000549316406,4216,0.0,0.0
2024-06-21 13:20:00-04:00,194.9600067138672,195.01339721679688,194.91000366210938,195.01339721679688,8141,0.0,0.0
2024-06-21 13:25:00-04:00,195.02000427246094,195.02000427246094,194.9499969482422,194.9499969482422,10991,0.0,0.0
2024-06-21 13:30:00-04:00,194.9499969482422,194.97000122070312,194.8800048828125,194.91000366210938,7992,0.0,0.0
2024-06-21 13:35:00-04:00,194.89500427246094,194.94000244140625,194.80999755859375,194.83999633789062,11907,0.0,0.0
2024-06-21 13:40:00-04:00,194.86000061035156,194.9492950439453,194.7050018310547,194.75999450683594,7988,0.0,0.0
2024-06-21 13:45:00-04:00,194.7050018310547,194.75999450683594,194.60000610351562,194.625,7908,0.0,0.0
2024-06-21 13:50:00-04:00,194.6300048828125,194.86000061035156,194.62249755859375,194.8000030517578,5351,0.0,0.0
2024-06-21 13:55:00-04:00,194.82000732421875,194.89999389648438,194.82000732421875,194.88999938964844,3838,0.0,0.0
2024-06-21 14:00:00-04:00,194.85499572753906,194.9324951171875,194.77999877929688,194.91000366210938,30655,0.0,0.0
2024-06-21 14:05:00-04:00,194.875,194.93499755859375,194.8699951171875,194.89999389648438,37669,0.0,0.0
2024-06-21 14:10:00-04:00,194.91000366210938,195.07000732421875,194.89999389648438,194.92999267578125,22782,0.0,0.0
2024-06-21 14:15:00-04:00,194.89999389648438,195.10189819335938,194.86000061035156,194.97999572753906,13859,0.0,0.0
2024-06-21 14:20:00-04:00,195.0399932861328,195.0399932861328,194.94110107421875,194.9600067138672,10223,0.0,0.0
2024-06-21 14:25:00-04:00,194.97500610351562,195.01499938964844,194.91000366210938,194.9250030517578,9086,0.0,0.0
2024-06-21 14:30:00-04:00,194.9199981689453,194.9199981689453,194.65499877929688,194.71749877929688,15937,0.0,0.0
2024-06-21 14:35:00-04:00,194.6999969482422,194.7949981689453,194.6999969482422,194.7100067138672,20132,0.0,0.0
2024-06-21 14:40:00-04:00,194.71499633789062,194.7899932861328,194.61000061035156,194.63499450683594,18377,0.0,0.0
2024-06-21 14:45:00-04:00,194.62319946289062,194.625,194.38999938964844,194.4199981689453,24140,0.0,0.0
2024-06-21 14:50:00-04:00,194.4199981689453,194.5749969482422,194.4199981689453,194.52000427246094,23203,0.0,0.0
2024-06-21 14:55:00-04:00,194.49000549316406,194.6510009765625,194.49000549316406,194.6510009765625,26229,0.0,0.0
2024-06-21 15:00:00-04:00,194.63490295410156,194.94000244140625,194.6199951171875,194.9199981689453,17612,0.0,0.0
2024-06-21 15:05:00-04:00,194.8699951171875,194.9199981689453,194.63999938964844,194.7949981689453,21752,0.0,0.0
2024-06-21 15:10:00-04:00,194.7949981689453,194.8000030517578,194.55999755859375,194.55999755859375,15684,0.0,0.0
2024-06-21 15:15:00-04:00,194.5749969482422,194.60000610351562,194.41000366210938,194.41000366210938,17712,0.0,0.0
2024-06-21 15:20:00-04:00,194.39999389648438,194.58999633789062,194.39999389648438,194.4600067138672,19361,0.0,0.0
2024-06-21 15:25:00-04:00,194.42999267578125,194.42999267578125,194.2899932861328,194.32000732421875,21993,0.0,0.0
2024-06-21 15:30:00-04:00,194.2899932861328,194.36000061035156,194.19000244140625,194.25,25076,0.0,0.0
2024-06-21 15:35:00-04:00,194.2550048828125,194.30999755859375,194.19000244140625,194.2100067138672,29069,0.0,0.0
2024-06-21 15:40:00-04:00,194.1999969482422,194.24000549316406,194.02000427246094,194.02000427246094,48529,0.0,0.0
2024-06-21 15:45:00-04:00,194.02499389648438,194.28990173339844,193.9600067138672,194.22500610351562,64689,0.0,0.0
2024-06-21 15:50:00-04:00,194.1699981689453,194.6300048828125,193.9600067138672,194.25999450683594,134944,0.0,0.0
2024-06-21 15:55:00-04:00,194.44000244140625,195.19500732421875,194.14999389648438,194.4499969482422,770777,0.0,0.0
