Datetime,Open,High,Low,Close,Volume,Dividends,Stock Splits
2024-05-23 09:30:00-04:00,51.88999938964844,51.88999938964844,51.33000183105469,51.7400016784668,502383,0.0,0.0
2024-05-23 09:35:00-04:00,51.72999954223633,51.7400016784668,51.38999938964844,51.38999938964844,429562,0.0,0.0
2024-05-23 09:40:00-04:00,51.400001525878906,51.65999984741211,51.279998779296875,51.6150016784668,323693,0.0,0.0
2024-05-23 09:45:00-04:00,51.59000015258789,51.61000061035156,51.150001525878906,51.32500076293945,322942,0.0,0.0
2024-05-23 09:50:00-04:00,51.33000183105469,51.369998931884766,51.119998931884766,51.13999938964844,278286,0.0,0.0
2024-05-23 09:55:00-04:00,51.15999984741211,51.5099983215332,51.11000061035156,51.290000915527344,476965,0.0,0.0
2024-05-23 10:00:00-04:00,51.28499984741211,51.41999816894531,51.0099983215332,51.10499954223633,427295,0.0,0.0
2024-05-23 10:05:00-04:00,51.11000061035156,51.310001373291016,51.06999969482422,51.26499938964844,268497,0.0,0.0
2024-05-23 10:10:00-04:00,51.2599983215332,51.380001068115234,51.18000030517578,51.33000183105469,245178,0.0,0.0
2024-05-23 10:15:00-04:00,51.34000015258789,51.41999816894531,51.2400016784668,51.2599983215332,115645,0.0,0.0
2024-05-23 10:20:00-04:00,51.2599983215332,51.290000915527344,51.119998931884766,51.2400016784668,245910,0.0,0.0
2024-05-23 10:25:00-04:00,51.2400016784668,51.2400016784668,51.09000015258789,51.10499954223633,203479,0.0,0.0
2024-05-23 10:30:00-04:00,51.10499954223633,51.1150016784668,50.810001373291016,50.8297004699707,320093,0.0,0.0
2024-05-23 10:35:00-04:00,50.82500076293945,51.040000915527344,50.814998626708984,51.02000045776367,333289,0.0,0.0
2024-05-23 10:40:00-04:00,51.029998779296875,51.1150016784668,50.970001220703125,51.005001068115234,176233,0.0,0.0
2024-05-23 10:45:00-04:00,51.005001068115234,51.060001373291016,50.970001220703125,51.02000045776367,114598,0.0,0.0
2024-05-23 10:50:00-04:00,51.02000045776367,51.04999923706055,50.970001220703125,51.005001068115234,241093,0.0,0.0
2024-05-23 10:55:00-04:00,51.0,51.0099983215332,50.95500183105469,51.005001068115234,145305,0.0,0.0
2024-05-23 11:00:00-04:00,51.0099983215332,51.31999969482422,50.98500061035156,51.30289840698242,255845,0.0,0.0
2024-05-23 11:05:00-04:00,51.29999923706055,51.4900016784668,51.275001525878906,51.48500061035156,172145,0.0,0.0
2024-05-23 11:10:00-04:00,51.48500061035156,51.540000915527344,51.32500076293945,51.380001068115234,427115,0.0,0.0
2024-05-23 11:15:00-04:00,51.380001068115234,51.4900016784668,51.36000061035156,51.40999984741211,127909,0.0,0.0
2024-05-23 11:20:00-04:00,51.40999984741211,51.459999084472656,51.3650016784668,51.42499923706055,71261,0.0,0.0
2024-05-23 11:25:00-04:00,51.42499923706055,51.58000183105469,51.380001068115234,51.56999969482422,166148,0.0,0.0
2024-05-23 11:30:00-04:00,51.58000183105469,51.6349983215332,51.54999923706055,51.6349983215332,120896,0.0,0.0
2024-05-23 11:35:00-04:00,51.6349983215332,51.759498596191406,51.58000183105469,51.759498596191406,190996,0.0,0.0
2024-05-23 11:40:00-04:00,51.7599983215332,51.7599983215332,51.660499572753906,51.68000030517578,218606,0.0,0.0
2024-05-23 11:45:00-04:00,51.689998626708984,51.816001892089844,51.68000030517578,51.80289840698242,148760,0.0,0.0
2024-05-23 11:50:00-04:00,51.810001373291016,51.875,51.79999923706055,51.869998931884766,129811,0.0,0.0
2024-05-23 11:55:00-04:00,51.880001068115234,51.939998626708984,51.86000061035156,51.901100158691406,119188,0.0,0.0
2024-05-23 12:00:00-04:00,51.88999938964844,51.970001220703125,51.83000183105469,51.970001220703125,138668,0.0,0.0
2024-05-23 12:05:00-04:00,51.970001220703125,51.970001220703125,51.7400016784668,51.790000915527344,166904,0.0,0.0
2024-05-23 12:10:00-04:00,51.790000915527344,51.915000915527344,51.779998779296875,51.78499984741211,155173,0.0,0.0
2024-05-23 12:15:00-04:00,51.79999923706055,51.84000015258789,51.75,51.78499984741211,124300,0.0,0.0
2024-05-23 12:20:00-04:00,51.779998779296875,51.82500076293945,51.755001068115234,51.814998626708984,63553,0.0,0.0
2024-05-23 12:25:00-04:00,51.814998626708984,51.8650016784668,51.779998779296875,51.849998474121094,79290,0.0,0.0
2024-05-23 12:30:00-04:00,51.86000061035156,51.91999816894531,51.85499954223633,51.8650016784668,110334,0.0,0.0
2024-05-23 12:35:00-04:00,51.86000061035156,51.8849983215332,51.814998626708984,51.814998626708984,84078,0.0,0.0
2024-05-23 12:40:00-04:00,51.814998626708984,51.82500076293945,51.69200134277344,51.70000076293945,66858,0.0,0.0
2024-05-23 12:45:00-04:00,51.70000076293945,51.7400016784668,51.650001525878906,51.67499923706055,170320,0.0,0.0
2024-05-23 12:50:00-04:00,51.68000030517578,51.70000076293945,51.542198181152344,51.584999084472656,78784,0.0,0.0
2024-05-23 12:55:00-04:00,51.58190155029297,51.599998474121094,51.4900016784668,51.540000915527344,124683,0.0,0.0
2024-05-23 13:00:00-04:00,51.54499816894531,51.58000183105469,51.52000045776367,51.560001373291016,153242,0.0,0.0
2024-05-23 13:05:00-04:00,51.560001373291016,51.6150016784668,51.5099983215332,51.540000915527344,155039,0.0,0.0
2024-05-23 13:10:00-04:00,51.53499984741211,51.61750030517578,51.52000045776367,51.560001373291016,122731,0.0,0.0
2024-05-23 13:15:00-04:00,51.560001373291016,51.630001068115234,51.52000045776367,51.540000915527344,110778,0.0,0.0
2024-05-23 13:20:00-04:00,51.540000915527344,51.54499816894531,51.41999816894531,51.505001068115234,141278,0.0,0.0
2024-05-23 13:25:00-04:00,51.505001068115234,51.505001068115234,51.380001068115234,51.39030075073242,118519,0.0,0.0
2024-05-23 13:30:00-04:00,51.38999938964844,51.43989944458008,51.31999969482422,51.43000030517578,78047,0.0,0.0
2024-05-23 13:35:00-04:00,51.43000030517578,51.45000076293945,51.22999954223633,51.25,94583,0.0,0.0
2024-05-23 13:40:00-04:00,51.25,51.345001220703125,51.20000076293945,51.20000076293945,100777,0.0,0.0
2024-05-23 13:45:00-04:00,51.20000076293945,51.255001068115234,51.165000915527344,51.23500061035156,121386,0.0,0.0
2024-05-23 13:50:00-04:00,51.244998931884766,51.33000183105469,51.189998626708984,51.22999954223633,141827,0.0,0.0
2024-05-23 13:55:00-04:00,51.220001220703125,51.30500030517578,51.150001525878906,51.26499938964844,100826,0.0,0.0
2024-05-23 14:00:00-04:00,51.2599983215332,51.26499938964844,51.15999984741211,51.165000915527344,114599,0.0,0.0
2024-05-23 14:05:00-04:00,51.165000915527344,51.25,51.09000015258789,51.224998474121094,184180,0.0,0.0
2024-05-23 14:10:00-04:00,51.224998474121094,51.2599983215332,51.04499816894531,51.05500030517578,149538,0.0,0.0
2024-05-23 14:15:00-04:00,51.04999923706055,51.10499954223633,50.93000030517578,50.93000030517578,166992,0.0,0.0
2024-05-23 14:20:00-04:00,50.93000030517578,51.064998626708984,50.880001068115234,50.880001068115234,173663,0.0,0.0
2024-05-23 14:25:00-04:00,50.880001068115234,51.040000915527344,50.869998931884766,51.01499938964844,165460,0.0,0.0
2024-05-23 14:30:00-04:00,51.0099983215332,51.040000915527344,50.95000076293945,51.0,110281,0.0,0.0
2024-05-23 14:35:00-04:00,50.99190139770508,51.14500045776367,50.93000030517578,51.14500045776367,170122,0.0,0.0
2024-05-23 14:40:00-04:00,51.150001525878906,51.20819854736328,51.125,51.189998626708984,147361,0.0,0.0
2024-05-23 14:45:00-04:00,51.189998626708984,51.224998474121094,51.15999984741211,51.19499969482422,94663,0.0,0.0
2024-05-23 14:50:00-04:00,51.189998626708984,51.220001220703125,51.150001525878906,51.20000076293945,107882,0.0,0.0
2024-05-23 14:55:00-04:00,51.199798583984375,51.23500061035156,51.150001525878906,51.154998779296875,109417,0.0,0.0
2024-05-23 15:00:00-04:00,51.154998779296875,51.19499969482422,51.04999923706055,51.08000183105469,131895,0.0,0.0
2024-05-23 15:05:00-04:00,51.07500076293945,51.09989929199219,51.040000915527344,51.09000015258789,135189,0.0,0.0
2024-05-23 15:10:00-04:00,51.08000183105469,51.09000015258789,51.0,51.07099914550781,188826,0.0,0.0
2024-05-23 15:15:00-04:00,51.07500076293945,51.13999938964844,50.970001220703125,51.0099983215332,401253,0.0,0.0
2024-05-23 15:20:00-04:00,51.02000045776367,51.06999969482422,50.970001220703125,50.994998931884766,119943,0.0,0.0
2024-05-23 15:25:00-04:00,50.994998931884766,50.994998931884766,50.900001525878906,50.95000076293945,153133,0.0,0.0
2024-05-23 15:30:00-04:00,50.94499969482422,51.040000915527344,50.91999816894531,51.040000915527344,195975,0.0,0.0
2024-05-23 15:35:00-04:00,51.040000915527344,51.08000183105469,50.94499969482422,51.04499816894531,198092,0.0,0.0
2024-05-23 15:40:00-04:00,51.04499816894531,51.10599899291992,51.0099983215332,51.06999969482422,157448,0.0,0.0
2024-05-23 15:45:00-04:00,51.07500076293945,51.154998779296875,51.040000915527344,51.1150016784668,465159,0.0,0.0
2024-05-23 15:50:00-04:00,51.119998931884766,51.220001220703125,51.040000915527344,51.209999084472656,1085389,0.0,0.0
2024-05-23 15:55:00-04:00,51.209999084472656,51.25,51.119998931884766,51.189998626708984,731851,0.0,0.0
2024-05-24 09:30:00-04:00,51.505001068115234,51.72999954223633,51.439998626708984,51.56999969482422,367522,0.0,0.0
2024-05-24 09:35:00-04:00,51.560001373291016,52.06999969482422,51.5,51.94499969482422,270378,0.0,0.0
2024-05-24 09:40:00-04:00,51.95000076293945,51.959999084472656,51.7400016784668,51.82500076293945,174249,0.0,0.0
2024-05-24 09:45:00-04:00,51.81999969482422,51.93000030517578,51.79999923706055,51.88999938964844,181151,0.0,0.0
2024-05-24 09:50:00-04:00,51.88999938964844,51.90999984741211,51.7599983215332,51.790000915527344,124329,0.0,0.0
2024-05-24 09:55:00-04:00,51.790000915527344,51.83000183105469,51.69499969482422,51.69499969482422,123190,0.0,0.0
2024-05-24 10:00:00-04:00,51.70000076293945,52.040000915527344,51.69499969482422,51.900001525878906,314337,0.0,0.0
2024-05-24 10:05:00-04:00,51.900001525878906,52.07500076293945,51.814998626708984,51.81999969482422,223627,0.0,0.0
2024-05-24 10:10:00-04:00,51.82500076293945,51.849998474121094,51.66999816894531,51.709999084472656,168589,0.0,0.0
2024-05-24 10:15:00-04:00,51.709999084472656,51.814998626708984,51.630001068115234,51.79999923706055,176474,0.0,0.0
2024-05-24 10:20:00-04:00,51.79999923706055,51.845001220703125,51.689998626708984,51.74359893798828,142011,0.0,0.0
2024-05-24 10:25:00-04:00,51.747501373291016,51.95000076293945,51.744998931884766,51.900001525878906,158195,0.0,0.0
2024-05-24 10:30:00-04:00,51.900001525878906,51.94499969482422,51.80500030517578,51.83000183105469,134242,0.0,0.0
2024-05-24 10:35:00-04:00,51.8286018371582,51.8286018371582,51.66999816894531,51.68000030517578,68076,0.0,0.0
2024-05-24 10:40:00-04:00,51.68000030517578,51.720001220703125,51.61000061035156,51.61000061035156,116730,0.0,0.0
2024-05-24 10:45:00-04:00,51.6150016784668,51.65999984741211,51.560001373291016,51.630001068115234,122563,0.0,0.0
2024-05-24 10:50:00-04:00,51.625,51.83000183105469,51.61000061035156,51.779998779296875,90192,0.0,0.0
2024-05-24 10:55:00-04:00,51.790000915527344,51.79999923706055,51.709999084472656,51.76499938964844,123173,0.0,0.0
2024-05-24 11:00:00-04:00,51.77000045776367,51.97999954223633,51.72999954223633,51.97999954223633,102971,0.0,0.0
2024-05-24 11:05:00-04:00,51.97999954223633,51.97999954223633,51.869998931884766,51.939998626708984,68857,0.0,0.0
2024-05-24 11:10:00-04:00,51.935001373291016,51.97999954223633,51.880001068115234,51.97999954223633,77693,0.0,0.0
2024-05-24 11:15:00-04:00,51.974998474121094,51.9900016784668,51.915000915527344,51.939998626708984,110522,0.0,0.0
2024-05-24 11:20:00-04:00,51.91999816894531,51.91999816894531,51.810001373291016,51.81999969482422,39060,0.0,0.0
2024-05-24 11:25:00-04:00,51.83000183105469,51.845001220703125,51.720001220703125,51.755001068115234,94227,0.0,0.0
2024-05-24 11:30:00-04:00,51.75,51.77000045776367,51.6349983215332,51.63999938964844,98794,0.0,0.0
2024-05-24 11:35:00-04:00,51.64500045776367,51.64500045776367,51.400001525878906,51.40999984741211,175887,0.0,0.0
2024-05-24 11:40:00-04:00,51.40999984741211,51.459999084472656,51.375,51.38999938964844,212405,0.0,0.0
2024-05-24 11:45:00-04:00,51.391300201416016,51.391300201416016,51.28499984741211,51.369998931884766,99454,0.0,0.0
2024-05-24 11:50:00-04:00,51.380001068115234,51.45000076293945,51.380001068115234,51.43000030517578,66374,0.0,0.0
2024-05-24 11:55:00-04:00,51.42499923706055,51.47999954223633,51.41999816894531,51.470001220703125,52897,0.0,0.0
2024-05-24 12:00:00-04:00,51.47800064086914,51.47999954223633,51.3650016784668,51.415000915527344,70251,0.0,0.0
2024-05-24 12:05:00-04:00,51.40999984741211,51.439998626708984,51.375,51.41999816894531,77878,0.0,0.0
2024-05-24 12:10:00-04:00,51.43000030517578,51.56999969482422,51.43000030517578,51.54499816894531,57480,0.0,0.0
2024-05-24 12:15:00-04:00,51.54999923706055,51.650001525878906,51.54999923706055,51.650001525878906,69091,0.0,0.0
2024-05-24 12:20:00-04:00,51.64500045776367,51.654998779296875,51.61000061035156,51.63999938964844,33152,0.0,0.0
2024-05-24 12:25:00-04:00,51.63999938964844,51.689998626708984,51.6338005065918,51.687801361083984,43945,0.0,0.0
2024-05-24 12:30:00-04:00,51.689998626708984,51.709999084472656,51.630001068115234,51.650001525878906,36135,0.0,0.0
2024-05-24 12:35:00-04:00,51.650001525878906,51.68000030517578,51.56999969482422,51.56999969482422,68184,0.0,0.0
2024-05-24 12:40:00-04:00,51.56999969482422,51.58000183105469,51.540000915527344,51.54999923706055,26217,0.0,0.0
2024-05-24 12:45:00-04:00,51.560001373291016,51.59000015258789,51.54999923706055,51.55500030517578,32877,0.0,0.0
2024-05-24 12:50:00-04:00,51.54999923706055,51.599998474121094,51.540000915527344,51.59000015258789,36253,0.0,0.0
2024-05-24 12:55:00-04:00,51.595001220703125,51.60749816894531,51.529998779296875,51.529998779296875,23270,0.0,0.0
2024-05-24 13:00:00-04:00,51.53850173950195,51.59000015258789,51.53850173950195,51.56999969482422,30877,0.0,0.0
2024-05-24 13:05:00-04:00,51.56999969482422,51.56999969482422,51.4900016784668,51.505001068115234,40210,0.0,0.0
2024-05-24 13:10:00-04:00,51.5,51.560001373291016,51.494998931884766,51.529998779296875,37505,0.0,0.0
2024-05-24 13:15:00-04:00,51.540000915527344,51.599998474121094,51.529998779296875,51.54650115966797,54125,0.0,0.0
2024-05-24 13:20:00-04:00,51.54999923706055,51.58000183105469,51.529998779296875,51.560001373291016,33232,0.0,0.0
2024-05-24 13:25:00-04:00,51.56999969482422,51.587501525878906,51.494998931884766,51.505001068115234,54550,0.0,0.0
2024-05-24 13:30:00-04:00,51.5,51.52000045776367,51.47999954223633,51.51369857788086,35975,0.0,0.0
2024-05-24 13:35:00-04:00,51.51499938964844,51.560001373291016,51.51499938964844,51.54999923706055,23048,0.0,0.0
2024-05-24 13:40:00-04:00,51.55500030517578,51.55500030517578,51.494998931884766,51.525001525878906,29034,0.0,0.0
2024-05-24 13:45:00-04:00,51.525001525878906,51.560001373291016,51.505001068115234,51.52000045776367,47426,0.0,0.0
2024-05-24 13:50:00-04:00,51.52000045776367,51.54999923706055,51.51499938964844,51.53010177612305,17841,0.0,0.0
2024-05-24 13:55:00-04:00,51.529998779296875,51.57500076293945,51.52000045776367,51.529998779296875,33214,0.0,0.0
2024-05-24 14:00:00-04:00,51.52000045776367,51.59000015258789,51.4900016784668,51.56999969482422,59036,0.0,0.0
2024-05-24 14:05:00-04:00,51.58000183105469,51.59749984741211,51.560001373291016,51.59000015258789,29450,0.0,0.0
2024-05-24 14:10:00-04:00,51.584999084472656,51.584999084472656,51.47999954223633,51.48500061035156,63242,0.0,0.0
2024-05-24 14:15:00-04:00,51.47999954223633,51.52000045776367,51.47800064086914,51.47999954223633,42811,0.0,0.0
2024-05-24 14:20:00-04:00,51.47999954223633,51.47999954223633,51.34000015258789,51.380001068115234,137028,0.0,0.0
2024-05-24 14:25:00-04:00,51.369998931884766,51.375,51.29999923706055,51.35749816894531,63650,0.0,0.0
2024-05-24 14:30:00-04:00,51.349998474121094,51.45000076293945,51.349998474121094,51.38999938964844,125332,0.0,0.0
2024-05-24 14:35:00-04:00,51.400001525878906,51.4900016784668,51.380001068115234,51.47999954223633,46198,0.0,0.0
2024-05-24 14:40:00-04:00,51.4900016784668,51.4900016784668,51.45000076293945,51.480098724365234,50847,0.0,0.0
2024-05-24 14:45:00-04:00,51.47999954223633,51.540000915527344,51.474998474121094,51.529998779296875,39175,0.0,0.0
2024-05-24 14:50:00-04:00,51.53499984741211,51.58000183105469,51.52000045776367,51.540000915527344,65211,0.0,0.0
2024-05-24 14:55:00-04:00,51.529998779296875,51.56800079345703,51.520999908447266,51.529998779296875,60047,0.0,0.0
2024-05-24 15:00:00-04:00,51.529998779296875,51.53990173339844,51.310001373291016,51.349998474121094,113548,0.0,0.0
2024-05-24 15:05:00-04:00,51.345001220703125,51.40999984741211,51.34000015258789,51.404998779296875,45023,0.0,0.0
2024-05-24 15:10:00-04:00,51.404998779296875,51.43000030517578,51.38999938964844,51.400001525878906,58119,0.0,0.0
2024-05-24 15:15:00-04:00,51.404998779296875,51.46500015258789,51.400001525878906,51.45500183105469,82464,0.0,0.0
2024-05-24 15:20:00-04:00,51.451900482177734,51.507999420166016,51.439998626708984,51.5,88112,0.0,0.0
2024-05-24 15:25:00-04:00,51.494998931884766,51.505001068115234,51.349998474121094,51.36000061035156,114624,0.0,0.0
2024-05-24 15:30:00-04:00,51.36000061035156,51.45000076293945,51.33000183105469,51.43000030517578,105213,0.0,0.0
2024-05-24 15:35:00-04:00,51.41999816894531,51.47999954223633,51.40999984741211,51.46500015258789,121496,0.0,0.0
2024-05-24 15:40:00-04:00,51.46500015258789,51.470001220703125,51.40999984741211,51.41999816894531,118688,0.0,0.0
2024-05-24 15:45:00-04:00,51.41999816894531,51.470001220703125,51.40999984741211,51.439998626708984,118211,0.0,0.0
2024-05-24 15:50:00-04:00,51.439998626708984,51.470001220703125,51.40999984741211,51.45500183105469,218778,0.0,0.0
2024-05-24 15:55:00-04:00,51.45500183105469,51.56999969482422,51.41999816894531,51.540000915527344,539647,0.0,0.0
2024-05-28 09:30:00-04:00,53.060001373291016,53.2599983215332,52.58000183105469,52.61000061035156,626635,0.0,0.0
2024-05-28 09:35:00-04:00,52.61000061035156,52.77000045776367,52.5,52.59120178222656,215762,0.0,0.0
2024-05-28 09:40:00-04:00,52.59000015258789,53.04999923706055,52.58000183105469,52.880001068115234,226565,0.0,0.0
2024-05-28 09:45:00-04:00,52.869998931884766,52.88999938964844,52.599998474121094,52.630001068115234,322831,0.0,0.0
2024-05-28 09:50:00-04:00,52.619998931884766,52.84000015258789,52.599998474121094,52.610801696777344,120294,0.0,0.0
2024-05-28 09:55:00-04:00,52.619998931884766,52.63999938964844,52.36000061035156,52.39860153198242,190717,0.0,0.0
2024-05-28 10:00:00-04:00,52.40999984741211,52.435001373291016,52.279998779296875,52.380001068115234,171298,0.0,0.0
2024-05-28 10:05:00-04:00,52.369998931884766,52.60499954223633,52.34000015258789,52.59859848022461,160940,0.0,0.0
2024-05-28 10:10:00-04:00,52.599998474121094,52.619998931884766,52.47999954223633,52.52000045776367,202450,0.0,0.0
2024-05-28 10:15:00-04:00,52.5099983215332,52.80500030517578,52.5099983215332,52.7400016784668,160218,0.0,0.0
2024-05-28 10:20:00-04:00,52.7400016784668,52.80500030517578,52.63999938964844,52.79710006713867,131379,0.0,0.0
2024-05-28 10:25:00-04:00,52.79499816894531,52.959999084472656,52.77000045776367,52.904998779296875,129948,0.0,0.0
2024-05-28 10:30:00-04:00,52.900001525878906,52.98500061035156,52.79999923706055,52.95500183105469,170268,0.0,0.0
2024-05-28 10:35:00-04:00,52.95500183105469,53.01499938964844,52.869998931884766,52.90999984741211,158527,0.0,0.0
2024-05-28 10:40:00-04:00,52.90999984741211,53.09000015258789,52.90999984741211,53.04499816894531,163899,0.0,0.0
2024-05-28 10:45:00-04:00,53.04499816894531,53.16999816894531,53.02000045776367,53.080299377441406,138411,0.0,0.0
2024-05-28 10:50:00-04:00,53.084999084472656,53.28499984741211,53.084999084472656,53.224998474121094,144489,0.0,0.0
2024-05-28 10:55:00-04:00,53.22999954223633,53.28499984741211,53.15999984741211,53.209999084472656,162729,0.0,0.0
2024-05-28 11:00:00-04:00,53.220001220703125,53.2599983215332,53.029998779296875,53.04999923706055,149819,0.0,0.0
2024-05-28 11:05:00-04:00,53.04499816894531,53.1349983215332,53.03499984741211,53.11000061035156,139056,0.0,0.0
2024-05-28 11:10:00-04:00,53.11000061035156,53.220001220703125,53.040000915527344,53.20500183105469,149153,0.0,0.0
2024-05-28 11:15:00-04:00,53.20500183105469,53.415000915527344,53.185001373291016,53.404998779296875,197903,0.0,0.0
2024-05-28 11:20:00-04:00,53.404998779296875,53.4900016784668,53.34000015258789,53.44499969482422,185508,0.0,0.0
2024-05-28 11:25:00-04:00,53.43000030517578,53.58000183105469,53.43000030517578,53.540000915527344,231282,0.0,0.0
2024-05-28 11:30:00-04:00,53.540000915527344,53.599998474121094,53.46500015258789,53.5,195022,0.0,0.0
2024-05-28 11:35:00-04:00,53.49829864501953,53.57899856567383,53.40999984741211,53.564998626708984,161818,0.0,0.0
2024-05-28 11:40:00-04:00,53.569000244140625,53.654998779296875,53.564998626708984,53.619998931884766,139333,0.0,0.0
2024-05-28 11:45:00-04:00,53.625,53.65999984741211,53.529998779296875,53.65010070800781,151913,0.0,0.0
2024-05-28 11:50:00-04:00,53.650001525878906,53.66999816894531,53.59000015258789,53.665000915527344,120946,0.0,0.0
2024-05-28 11:55:00-04:00,53.665000915527344,53.72760009765625,53.61000061035156,53.7140007019043,133641,0.0,0.0
2024-05-28 12:00:00-04:00,53.71500015258789,53.79999923706055,53.685001373291016,53.775001525878906,133021,0.0,0.0
2024-05-28 12:05:00-04:00,53.775001525878906,53.790000915527344,53.70000076293945,53.78499984741211,116933,0.0,0.0
2024-05-28 12:10:00-04:00,53.78499984741211,53.88999938964844,53.775001525878906,53.88999938964844,99389,0.0,0.0
2024-05-28 12:15:00-04:00,53.8849983215332,53.8849983215332,53.77000045776367,53.82500076293945,121024,0.0,0.0
2024-05-28 12:20:00-04:00,53.82500076293945,53.82500076293945,53.709999084472656,53.720001220703125,119759,0.0,0.0
2024-05-28 12:25:00-04:00,53.71009826660156,53.779998779296875,53.709999084472656,53.7400016784668,124543,0.0,0.0
2024-05-28 12:30:00-04:00,53.75,53.84000015258789,53.65999984741211,53.720001220703125,140081,0.0,0.0
2024-05-28 12:35:00-04:00,53.720001220703125,53.779998779296875,53.70500183105469,53.77000045776367,122821,0.0,0.0
2024-05-28 12:40:00-04:00,53.775001525878906,53.790000915527344,53.66999816894531,53.70000076293945,69481,0.0,0.0
2024-05-28 12:45:00-04:00,53.69340133666992,53.75,53.650001525878906,53.70000076293945,73211,0.0,0.0
2024-05-28 12:50:00-04:00,53.70000076293945,53.7599983215332,53.68000030517578,53.689998626708984,79981,0.0,0.0
2024-05-28 12:55:00-04:00,53.69990158081055,53.70000076293945,53.63999938964844,53.66999816894531,66810,0.0,0.0
2024-05-28 13:00:00-04:00,53.665000915527344,53.689998626708984,53.53150177001953,53.53499984741211,104834,0.0,0.0
2024-05-28 13:05:00-04:00,53.540000915527344,53.66999816894531,53.5,53.619998931884766,128606,0.0,0.0
2024-05-28 13:10:00-04:00,53.625,53.69499969482422,53.619998931884766,53.64500045776367,90454,0.0,0.0
2024-05-28 13:15:00-04:00,53.63999938964844,53.64500045776367,53.4900016784668,53.5099983215332,139011,0.0,0.0
2024-05-28 13:20:00-04:00,53.52000045776367,53.59000015258789,53.470001220703125,53.53499984741211,161554,0.0,0.0
2024-05-28 13:25:00-04:00,53.53499984741211,53.65999984741211,53.525001525878906,53.654998779296875,50211,0.0,0.0
2024-05-28 13:30:00-04:00,53.65999984741211,53.65999984741211,53.595001220703125,53.6349983215332,63841,0.0,0.0
2024-05-28 13:35:00-04:00,53.6349983215332,53.689998626708984,53.619998931884766,53.650001525878906,84865,0.0,0.0
2024-05-28 13:40:00-04:00,53.654998779296875,53.669898986816406,53.58000183105469,53.60499954223633,63213,0.0,0.0
2024-05-28 13:45:00-04:00,53.61000061035156,53.61000061035156,53.4900016784668,53.54499816894531,158849,0.0,0.0
2024-05-28 13:50:00-04:00,53.540000915527344,53.540000915527344,53.435001373291016,53.51250076293945,98470,0.0,0.0
2024-05-28 13:55:00-04:00,53.5099983215332,53.56999969482422,53.5,53.52000045776367,91650,0.0,0.0
2024-05-28 14:00:00-04:00,53.525001525878906,53.529998779296875,53.439998626708984,53.529998779296875,73016,0.0,0.0
2024-05-28 14:05:00-04:00,53.529998779296875,53.599998474121094,53.5099983215332,53.52000045776367,79586,0.0,0.0
2024-05-28 14:10:00-04:00,53.525001525878906,53.58000183105469,53.5,53.56999969482422,55208,0.0,0.0
2024-05-28 14:15:00-04:00,53.5630989074707,53.5630989074707,53.494998931884766,53.540000915527344,92859,0.0,0.0
2024-05-28 14:20:00-04:00,53.53499984741211,53.54499816894531,53.375,53.380001068115234,80250,0.0,0.0
2024-05-28 14:25:00-04:00,53.37009811401367,53.40999984741211,53.2599983215332,53.290000915527344,87377,0.0,0.0
2024-05-28 14:30:00-04:00,53.279998779296875,53.279998779296875,53.165000915527344,53.18989944458008,126207,0.0,0.0
2024-05-28 14:35:00-04:00,53.18989944458008,53.20500183105469,53.119998931884766,53.17499923706055,262821,0.0,0.0
2024-05-28 14:40:00-04:00,53.17499923706055,53.27000045776367,53.17499923706055,53.21500015258789,113590,0.0,0.0
2024-05-28 14:45:00-04:00,53.220001220703125,53.26499938964844,53.16999816894531,53.2400016784668,82714,0.0,0.0
2024-05-28 14:50:00-04:00,53.2400016784668,53.255001068115234,53.18000030517578,53.244998931884766,68935,0.0,0.0
2024-05-28 14:55:00-04:00,53.244998931884766,53.400001525878906,53.244998931884766,53.375,76688,0.0,0.0
2024-05-28 15:00:00-04:00,53.369998931884766,53.44499969482422,53.345001220703125,53.40999984741211,92253,0.0,0.0
2024-05-28 15:05:00-04:00,53.40999984741211,53.54999923706055,53.40999984741211,53.529998779296875,137012,0.0,0.0
2024-05-28 15:10:00-04:00,53.53499984741211,53.540000915527344,53.45500183105469,53.494998931884766,92661,0.0,0.0
2024-05-28 15:15:00-04:00,53.4900016784668,53.557899475097656,53.459999084472656,53.52000045776367,156131,0.0,0.0
2024-05-28 15:20:00-04:00,53.51499938964844,53.52000045776367,53.43000030517578,53.459999084472656,145877,0.0,0.0
2024-05-28 15:25:00-04:00,53.470001220703125,53.529998779296875,53.3849983215332,53.39500045776367,173656,0.0,0.0
2024-05-28 15:30:00-04:00,53.400001525878906,53.58000183105469,53.400001525878906,53.53499984741211,195117,0.0,0.0
2024-05-28 15:35:00-04:00,53.53779983520508,53.62099838256836,53.5099983215332,53.60499954223633,145056,0.0,0.0
2024-05-28 15:40:00-04:00,53.60499954223633,53.665000915527344,53.595001220703125,53.595001220703125,227790,0.0,0.0
2024-05-28 15:45:00-04:00,53.595001220703125,53.650001525878906,53.58000183105469,53.645301818847656,287347,0.0,0.0
2024-05-28 15:50:00-04:00,53.63999938964844,53.69499969482422,53.63999938964844,53.650001525878906,405165,0.0,0.0
2024-05-28 15:55:00-04:00,53.65999984741211,53.689998626708984,53.54999923706055,53.630001068115234,1292802,0.0,0.0
2024-05-29 09:30:00-04:00,52.72999954223633,53.005001068115234,52.400001525878906,52.47999954223633,504582,0.0,0.0
2024-05-29 09:35:00-04:00,52.474998474121094,52.87990188598633,52.400001525878906,52.86009979248047,250454,0.0,0.0
2024-05-29 09:40:00-04:00,52.880001068115234,52.88999938964844,52.5099983215332,52.5099983215332,106012,0.0,0.0
2024-05-29 09:45:00-04:00,52.5,52.619998931884766,52.459999084472656,52.52000045776367,220138,0.0,0.0
2024-05-29 09:50:00-04:00,52.529998779296875,52.8849983215332,52.5,52.72999954223633,198209,0.0,0.0
2024-05-29 09:55:00-04:00,52.7400016784668,52.84000015258789,52.71049880981445,52.790000915527344,90715,0.0,0.0
2024-05-29 10:00:00-04:00,52.779998779296875,52.93000030517578,52.720001220703125,52.849998474121094,134830,0.0,0.0
2024-05-29 10:05:00-04:00,52.849998474121094,52.93000030517578,52.772499084472656,52.91999816894531,66346,0.0,0.0
2024-05-29 10:10:00-04:00,52.92499923706055,52.97999954223633,52.77000045776367,52.78499984741211,72681,0.0,0.0
2024-05-29 10:15:00-04:00,52.790000915527344,52.87990188598633,52.769901275634766,52.769901275634766,73021,0.0,0.0
2024-05-29 10:20:00-04:00,52.77000045776367,52.790000915527344,52.599998474121094,52.75,93183,0.0,0.0
2024-05-29 10:25:00-04:00,52.77000045776367,52.80500030517578,52.71500015258789,52.720001220703125,57211,0.0,0.0
2024-05-29 10:30:00-04:00,52.72999954223633,52.75,52.599998474121094,52.66999816894531,88473,0.0,0.0
2024-05-29 10:35:00-04:00,52.65999984741211,52.81990051269531,52.65999984741211,52.810001373291016,127416,0.0,0.0
2024-05-29 10:40:00-04:00,52.81660079956055,52.849998474121094,52.61000061035156,52.6349983215332,81614,0.0,0.0
2024-05-29 10:45:00-04:00,52.63999938964844,52.70500183105469,52.59000015258789,52.689998626708984,80692,0.0,0.0
2024-05-29 10:50:00-04:00,52.689998626708984,52.720001220703125,52.630001068115234,52.68000030517578,84592,0.0,0.0
2024-05-29 10:55:00-04:00,52.67499923706055,52.7400016784668,52.630001068115234,52.709999084472656,94028,0.0,0.0
2024-05-29 11:00:00-04:00,52.71500015258789,52.7599983215332,52.685001373291016,52.720001220703125,206114,0.0,0.0
2024-05-29 11:05:00-04:00,52.720001220703125,52.750099182128906,52.63159942626953,52.7400016784668,219378,0.0,0.0
2024-05-29 11:10:00-04:00,52.7400016784668,52.83000183105469,52.67409896850586,52.82500076293945,233237,0.0,0.0
2024-05-29 11:15:00-04:00,52.83000183105469,52.95500183105469,52.83000183105469,52.86009979248047,126395,0.0,0.0
2024-05-29 11:20:00-04:00,52.8650016784668,52.970001220703125,52.849998474121094,52.959999084472656,105837,0.0,0.0
2024-05-29 11:25:00-04:00,52.95500183105469,52.959999084472656,52.82500076293945,52.83000183105469,107651,0.0,0.0
2024-05-29 11:30:00-04:00,52.81999969482422,52.849998474121094,52.7599983215332,52.78499984741211,87049,0.0,0.0
2024-05-29 11:35:00-04:00,52.78499984741211,52.974998474121094,52.775001525878906,52.970001220703125,61985,0.0,0.0
2024-05-29 11:40:00-04:00,52.974998474121094,53.0099983215332,52.939998626708984,53.005001068115234,63690,0.0,0.0
2024-05-29 11:45:00-04:00,53.0,53.035400390625,52.95500183105469,52.974998474121094,123764,0.0,0.0
2024-05-29 11:50:00-04:00,52.97999954223633,53.005001068115234,52.93000030517578,52.96500015258789,57910,0.0,0.0
2024-05-29 11:55:00-04:00,52.96500015258789,52.970001220703125,52.88999938964844,52.900001525878906,47139,0.0,0.0
2024-05-29 12:00:00-04:00,52.88999938964844,52.88999938964844,52.82500076293945,52.880001068115234,58605,0.0,0.0
2024-05-29 12:05:00-04:00,52.880001068115234,52.959999084472656,52.869998931884766,52.93009948730469,46593,0.0,0.0
2024-05-29 12:10:00-04:00,52.935001373291016,52.935001373291016,52.85300064086914,52.900001525878906,42768,0.0,0.0
2024-05-29 12:15:00-04:00,52.89500045776367,52.970001220703125,52.869998931884766,52.9546012878418,41770,0.0,0.0
2024-05-29 12:20:00-04:00,52.95500183105469,53.06999969482422,52.952999114990234,53.04999923706055,323063,0.0,0.0
2024-05-29 12:25:00-04:00,53.064998626708984,53.130001068115234,53.03499984741211,53.12030029296875,0,0.0,0.0
2024-05-29 12:30:00-04:00,53.130001068115234,53.130001068115234,53.00510025024414,53.02000045776367,102450,0.0,0.0
2024-05-29 12:35:00-04:00,53.0099983215332,53.1349983215332,52.9900016784668,53.1150016784668,53882,0.0,0.0
2024-05-29 12:40:00-04:00,53.119998931884766,53.119998931884766,53.04999923706055,53.06999969482422,44184,0.0,0.0
2024-05-29 12:45:00-04:00,53.06999969482422,53.11000061035156,53.060001373291016,53.1088981628418,57739,0.0,0.0
2024-05-29 12:50:00-04:00,53.11000061035156,53.20000076293945,53.11000061035156,53.15879821777344,88754,0.0,0.0
2024-05-29 12:55:00-04:00,53.15999984741211,53.17499923706055,53.095001220703125,53.1150016784668,86039,0.0,0.0
2024-05-29 13:00:00-04:00,53.11000061035156,53.119998931884766,52.98500061035156,53.0452995300293,68535,0.0,0.0
2024-05-29 13:05:00-04:00,53.04499816894531,53.095001220703125,52.98500061035156,53.095001220703125,40723,0.0,0.0
2024-05-29 13:10:00-04:00,53.09000015258789,53.119998931884766,53.029998779296875,53.04499816894531,72889,0.0,0.0
2024-05-29 13:15:00-04:00,53.04999923706055,53.067501068115234,53.0099983215332,53.029998779296875,29954,0.0,0.0
2024-05-29 13:20:00-04:00,53.025001525878906,53.05500030517578,53.0,53.04990005493164,40590,0.0,0.0
2024-05-29 13:25:00-04:00,53.04999923706055,53.099998474121094,53.03499984741211,53.07500076293945,41020,0.0,0.0
2024-05-29 13:30:00-04:00,53.06999969482422,53.06999969482422,53.0099983215332,53.02799987792969,44187,0.0,0.0
2024-05-29 13:35:00-04:00,53.025001525878906,53.060001373291016,53.005001068115234,53.029998779296875,28965,0.0,0.0
2024-05-29 13:40:00-04:00,53.03499984741211,53.040000915527344,52.95500183105469,52.994998931884766,59720,0.0,0.0
2024-05-29 13:45:00-04:00,53.0,53.060001373291016,52.994998931884766,53.04999923706055,39538,0.0,0.0
2024-05-29 13:50:00-04:00,53.04499816894531,53.095001220703125,53.029998779296875,53.06999969482422,55750,0.0,0.0
2024-05-29 13:55:00-04:00,53.06999969482422,53.09000015258789,53.040000915527344,53.04999923706055,47913,0.0,0.0
2024-05-29 14:00:00-04:00,53.04499816894531,53.064998626708984,53.0,53.02000045776367,65382,0.0,0.0
2024-05-29 14:05:00-04:00,53.01499938964844,53.025001525878906,52.8849983215332,52.90800094604492,125309,0.0,0.0
2024-05-29 14:10:00-04:00,52.90010070800781,52.904998779296875,52.81999969482422,52.83000183105469,133524,0.0,0.0
2024-05-29 14:15:00-04:00,52.81999969482422,52.82500076293945,52.689998626708984,52.69499969482422,103893,0.0,0.0
2024-05-29 14:20:00-04:00,52.69499969482422,52.7599983215332,52.66999816894531,52.73500061035156,91232,0.0,0.0
2024-05-29 14:25:00-04:00,52.73500061035156,52.7599983215332,52.69499969482422,52.720001220703125,89245,0.0,0.0
2024-05-29 14:30:00-04:00,52.709999084472656,52.75,52.65999984741211,52.71500015258789,100810,0.0,0.0
2024-05-29 14:35:00-04:00,52.720001220703125,52.75,52.70000076293945,52.707698822021484,48401,0.0,0.0
2024-05-29 14:40:00-04:00,52.70000076293945,52.75,52.66999816894531,52.71500015258789,61644,0.0,0.0
2024-05-29 14:45:00-04:00,52.709999084472656,52.709999084472656,52.599998474121094,52.60240173339844,87631,0.0,0.0
2024-05-29 14:50:00-04:00,52.60499954223633,52.63999938964844,52.57500076293945,52.6349983215332,110391,0.0,0.0
2024-05-29 14:55:00-04:00,52.6349983215332,52.64500045776367,52.57500076293945,52.595001220703125,143075,0.0,0.0
2024-05-29 15:00:00-04:00,52.59000015258789,52.619998931884766,52.56999969482422,52.60499954223633,67551,0.0,0.0
2024-05-29 15:05:00-04:00,52.60499954223633,52.61000061035156,52.525001525878906,52.54499816894531,94718,0.0,0.0
2024-05-29 15:10:00-04:00,52.54999923706055,52.61600112915039,52.53499984741211,52.59000015258789,93509,0.0,0.0
2024-05-29 15:15:00-04:00,52.59000015258789,52.630001068115234,52.57500076293945,52.6150016784668,107597,0.0,0.0
2024-05-29 15:20:00-04:00,52.6150016784668,52.66999816894531,52.61000061035156,52.64500045776367,119418,0.0,0.0
2024-05-29 15:25:00-04:00,52.64500045776367,52.70000076293945,52.625,52.654998779296875,115402,0.0,0.0
2024-05-29 15:30:00-04:00,52.650001525878906,52.685001373291016,52.599998474121094,52.64500045776367,128684,0.0,0.0
2024-05-29 15:35:00-04:00,52.63999938964844,52.72999954223633,52.630001068115234,52.720001220703125,107731,0.0,0.0
2024-05-29 15:40:00-04:00,52.720001220703125,52.73500061035156,52.56999969482422,52.595001220703125,214892,0.0,0.0
2024-05-29 15:45:00-04:00,52.595001220703125,52.630001068115234,52.540000915527344,52.6150016784668,171161,0.0,0.0
2024-05-29 15:50:00-04:00,52.619998931884766,52.650001525878906,52.56999969482422,52.60499954223633,335342,0.0,0.0
2024-05-29 15:55:00-04:00,52.61000061035156,52.77000045776367,52.56010055541992,52.77000045776367,753178,0.0,0.0
2024-05-30 09:30:00-04:00,51.560001373291016,52.13999938964844,51.540000915527344,52.04999923706055,993877,0.0,0.0
2024-05-30 09:35:00-04:00,52.06999969482422,52.31999969482422,51.7599983215332,51.78099822998047,224579,0.0,0.0
2024-05-30 09:40:00-04:00,51.779998779296875,52.08000183105469,51.7400016784668,51.95000076293945,183348,0.0,0.0
2024-05-30 09:45:00-04:00,51.95500183105469,52.19900131225586,51.93000030517578,52.17689895629883,307576,0.0,0.0
2024-05-30 09:50:00-04:00,52.189998626708984,52.189998626708984,51.959999084472656,52.040000915527344,288858,0.0,0.0
2024-05-30 09:55:00-04:00,52.029998779296875,52.060001373291016,51.900001525878906,52.060001373291016,152909,0.0,0.0
2024-05-30 10:00:00-04:00,52.08000183105469,52.130001068115234,51.86000061035156,51.9900016784668,145166,0.0,0.0
2024-05-30 10:05:00-04:00,52.0,52.15999984741211,51.970001220703125,52.12049865722656,207521,0.0,0.0
2024-05-30 10:10:00-04:00,52.119998931884766,52.132999420166016,51.974998474121094,52.02000045776367,149966,0.0,0.0
2024-05-30 10:15:00-04:00,52.02000045776367,52.18000030517578,52.01499938964844,52.16999816894531,81646,0.0,0.0
2024-05-30 10:20:00-04:00,52.16999816894531,52.27000045776367,52.165000915527344,52.18000030517578,135520,0.0,0.0
2024-05-30 10:25:00-04:00,52.18000030517578,52.20000076293945,52.099998474121094,52.13999938964844,87769,0.0,0.0
2024-05-30 10:30:00-04:00,52.130001068115234,52.1349983215332,51.959999084472656,51.970001220703125,107868,0.0,0.0
2024-05-30 10:35:00-04:00,51.970001220703125,52.0099983215332,51.88999938964844,51.90999984741211,96885,0.0,0.0
2024-05-30 10:40:00-04:00,51.93000030517578,51.939998626708984,51.83000183105469,51.90999984741211,82872,0.0,0.0
2024-05-30 10:45:00-04:00,51.90999984741211,52.15999984741211,51.880001068115234,52.119998931884766,88289,0.0,0.0
2024-05-30 10:50:00-04:00,52.125,52.13999938964844,52.07500076293945,52.10499954223633,78458,0.0,0.0
2024-05-30 10:55:00-04:00,52.10499954223633,52.2400016784668,52.07500076293945,52.209999084472656,72508,0.0,0.0
2024-05-30 11:00:00-04:00,52.189998626708984,52.1974983215332,52.040000915527344,52.040000915527344,91198,0.0,0.0
2024-05-30 11:05:00-04:00,52.02000045776367,52.099998474121094,51.959999084472656,52.03499984741211,73133,0.0,0.0
2024-05-30 11:10:00-04:00,52.029998779296875,52.040000915527344,51.91999816894531,51.939998626708984,102111,0.0,0.0
2024-05-30 11:15:00-04:00,51.935001373291016,52.02000045776367,51.93000030517578,52.0,117817,0.0,0.0
2024-05-30 11:20:00-04:00,51.96110153198242,51.994998931884766,51.92499923706055,51.97999954223633,109176,0.0,0.0
2024-05-30 11:25:00-04:00,51.9900016784668,52.06999969482422,51.9900016784668,52.06999969482422,131261,0.0,0.0
2024-05-30 11:30:00-04:00,52.060001373291016,52.10499954223633,51.9900016784668,52.095001220703125,134313,0.0,0.0
2024-05-30 11:35:00-04:00,52.095001220703125,52.130001068115234,51.96500015258789,52.01499938964844,118249,0.0,0.0
2024-05-30 11:40:00-04:00,52.02000045776367,52.040000915527344,51.93000030517578,51.93000030517578,99279,0.0,0.0
2024-05-30 11:45:00-04:00,51.92499923706055,51.970001220703125,51.89500045776367,51.89500045776367,149138,0.0,0.0
2024-05-30 11:50:00-04:00,51.89500045776367,52.0,51.875,51.88999938964844,154064,0.0,0.0
2024-05-30 11:55:00-04:00,51.89500045776367,51.95500183105469,51.869998931884766,51.93000030517578,163451,0.0,0.0
2024-05-30 12:00:00-04:00,51.935001373291016,52.04999923706055,51.915000915527344,51.970298767089844,125282,0.0,0.0
2024-05-30 12:05:00-04:00,51.974998474121094,52.029998779296875,51.959999084472656,51.959999084472656,72941,0.0,0.0
2024-05-30 12:10:00-04:00,51.970001220703125,52.0099983215332,51.970001220703125,51.974998474121094,53323,0.0,0.0
2024-05-30 12:15:00-04:00,51.970001220703125,52.040000915527344,51.92499923706055,51.96500015258789,222437,0.0,0.0
2024-05-30 12:20:00-04:00,51.96500015258789,51.9900016784668,51.849998474121094,51.869998931884766,135021,0.0,0.0
2024-05-30 12:25:00-04:00,51.869998931884766,51.970001220703125,51.814998626708984,51.86000061035156,333005,0.0,0.0
2024-05-30 12:30:00-04:00,51.869998931884766,52.03499984741211,51.86000061035156,51.96500015258789,223952,0.0,0.0
2024-05-30 12:35:00-04:00,51.96989822387695,52.08000183105469,51.96500015258789,52.02000045776367,112260,0.0,0.0
2024-05-30 12:40:00-04:00,52.02000045776367,52.060001373291016,51.98500061035156,52.029998779296875,104771,0.0,0.0
2024-05-30 12:45:00-04:00,52.025001525878906,52.060001373291016,52.0099983215332,52.04499816894531,57824,0.0,0.0
2024-05-30 12:50:00-04:00,52.04499816894531,52.06999969482422,52.0,52.01620101928711,115114,0.0,0.0
2024-05-30 12:55:00-04:00,52.02000045776367,52.130001068115234,52.02000045776367,52.08000183105469,128791,0.0,0.0
2024-05-30 13:00:00-04:00,52.09000015258789,52.130001068115234,52.03499984741211,52.05500030517578,151316,0.0,0.0
2024-05-30 13:05:00-04:00,52.04999923706055,52.14500045776367,52.046600341796875,52.119998931884766,48814,0.0,0.0
2024-05-30 13:10:00-04:00,52.11000061035156,52.220001220703125,52.11000061035156,52.16889953613281,104683,0.0,0.0
2024-05-30 13:15:00-04:00,52.15999984741211,52.165000915527344,52.07080078125,52.11000061035156,72323,0.0,0.0
2024-05-30 13:20:00-04:00,52.099998474121094,52.150001525878906,52.099998474121094,52.14500045776367,44359,0.0,0.0
2024-05-30 13:25:00-04:00,52.14500045776367,52.2400016784668,52.14030075073242,52.2400016784668,39208,0.0,0.0
2024-05-30 13:30:00-04:00,52.2400016784668,52.415000915527344,52.23500061035156,52.369998931884766,89564,0.0,0.0
2024-05-30 13:35:00-04:00,52.369998931884766,52.3849983215332,52.34000015258789,52.345001220703125,42066,0.0,0.0
2024-05-30 13:40:00-04:00,52.34000015258789,52.380001068115234,52.31999969482422,52.36000061035156,45889,0.0,0.0
2024-05-30 13:45:00-04:00,52.36000061035156,52.36000061035156,52.29499816894531,52.29499816894531,33632,0.0,0.0
2024-05-30 13:50:00-04:00,52.29499816894531,52.314998626708984,52.26449966430664,52.310001373291016,49039,0.0,0.0
2024-05-30 13:55:00-04:00,52.29999923706055,52.35499954223633,52.279998779296875,52.28499984741211,48025,0.0,0.0
2024-05-30 14:00:00-04:00,52.279998779296875,52.310001373291016,52.2400016784668,52.28499984741211,55888,0.0,0.0
2024-05-30 14:05:00-04:00,52.279998779296875,52.31999969482422,52.27360153198242,52.29499816894531,49043,0.0,0.0
2024-05-30 14:10:00-04:00,52.29499816894531,52.40999984741211,52.2599983215332,52.400001525878906,64213,0.0,0.0
2024-05-30 14:15:00-04:00,52.40439987182617,52.41999816894531,52.279998779296875,52.34000015258789,86979,0.0,0.0
2024-05-30 14:20:00-04:00,52.334999084472656,52.36859893798828,52.29999923706055,52.345001220703125,122622,0.0,0.0
2024-05-30 14:25:00-04:00,52.345001220703125,52.41749954223633,52.33000183105469,52.40999984741211,105555,0.0,0.0
2024-05-30 14:30:00-04:00,52.404998779296875,52.439998626708984,52.380001068115234,52.3849983215332,63556,0.0,0.0
2024-05-30 14:35:00-04:00,52.380001068115234,52.380001068115234,52.31999969482422,52.334999084472656,65957,0.0,0.0
2024-05-30 14:40:00-04:00,52.334999084472656,52.41999816894531,52.32500076293945,52.41899871826172,71191,0.0,0.0
2024-05-30 14:45:00-04:00,52.41999816894531,52.5,52.40999984741211,52.474998474121094,66080,0.0,0.0
2024-05-30 14:50:00-04:00,52.474998474121094,52.540000915527344,52.45000076293945,52.53499984741211,64403,0.0,0.0
2024-05-30 14:55:00-04:00,52.529998779296875,52.589900970458984,52.525001525878906,52.56999969482422,83596,0.0,0.0
2024-05-30 15:00:00-04:00,52.57500076293945,52.604000091552734,52.470001220703125,52.529998779296875,91558,0.0,0.0
2024-05-30 15:05:00-04:00,52.529998779296875,52.599998474121094,52.529998779296875,52.57460021972656,135648,0.0,0.0
2024-05-30 15:10:00-04:00,52.57500076293945,52.6150016784668,52.56999969482422,52.60499954223633,79176,0.0,0.0
2024-05-30 15:15:00-04:00,52.599998474121094,52.654998779296875,52.59000015258789,52.6150016784668,101823,0.0,0.0
2024-05-30 15:20:00-04:00,52.6150016784668,52.64500045776367,52.51499938964844,52.529998779296875,164538,0.0,0.0
2024-05-30 15:25:00-04:00,52.529998779296875,52.56999969482422,52.5,52.54999923706055,132535,0.0,0.0
2024-05-30 15:30:00-04:00,52.54499816894531,52.564998626708984,52.41999816894531,52.494998931884766,164049,0.0,0.0
2024-05-30 15:35:00-04:00,52.494998931884766,52.560001373291016,52.47999954223633,52.51499938964844,143988,0.0,0.0
2024-05-30 15:40:00-04:00,52.5099983215332,52.540000915527344,52.42499923706055,52.525001525878906,197370,0.0,0.0
2024-05-30 15:45:00-04:00,52.52000045776367,52.52000045776367,52.290000915527344,52.33000183105469,213536,0.0,0.0
2024-05-30 15:50:00-04:00,52.33000183105469,52.47999954223633,52.310001373291016,52.474998474121094,335525,0.0,0.0
2024-05-30 15:55:00-04:00,52.474998474121094,52.53499984741211,52.29999923706055,52.314998626708984,784519,0.0,0.0
2024-05-31 09:30:00-04:00,52.7400016784668,52.7400016784668,52.439998626708984,52.61000061035156,324666,0.0,0.0
2024-05-31 09:35:00-04:00,52.61000061035156,52.939998626708984,52.54999923706055,52.84000015258789,146524,0.0,0.0
2024-05-31 09:40:00-04:00,52.849998474121094,53.290000915527344,52.834999084472656,53.060001373291016,173913,0.0,0.0
2024-05-31 09:45:00-04:00,53.064998626708984,53.2400016784668,52.88999938964844,53.16999816894531,184288,0.0,0.0
2024-05-31 09:50:00-04:00,53.15999984741211,53.20000076293945,52.83100128173828,52.84989929199219,117458,0.0,0.0
2024-05-31 09:55:00-04:00,52.84000015258789,52.880001068115234,52.63999938964844,52.85499954223633,206847,0.0,0.0
2024-05-31 10:00:00-04:00,52.86000061035156,52.970001220703125,52.66999816894531,52.83000183105469,115818,0.0,0.0
2024-05-31 10:05:00-04:00,52.84000015258789,52.959999084472656,52.7599983215332,52.959999084472656,76723,0.0,0.0
2024-05-31 10:10:00-04:00,52.959999084472656,52.9900016784668,52.7400016784668,52.7599983215332,93933,0.0,0.0
2024-05-31 10:15:00-04:00,52.77000045776367,52.814998626708984,52.65999984741211,52.7599983215332,135335,0.0,0.0
2024-05-31 10:20:00-04:00,52.7400016784668,52.790000915527344,52.44499969482422,52.44499969482422,205130,0.0,0.0
2024-05-31 10:25:00-04:00,52.44499969482422,52.59000015258789,52.439998626708984,52.45000076293945,353092,0.0,0.0
2024-05-31 10:30:00-04:00,52.439998626708984,52.47999954223633,52.220001220703125,52.27000045776367,202936,0.0,0.0
2024-05-31 10:35:00-04:00,52.27000045776367,52.279998779296875,52.06999969482422,52.08000183105469,215146,0.0,0.0
2024-05-31 10:40:00-04:00,52.07500076293945,52.150001525878906,51.900001525878906,51.90999984741211,190936,0.0,0.0
2024-05-31 10:45:00-04:00,51.91999816894531,51.9900016784668,51.8650016784668,51.959999084472656,109385,0.0,0.0
2024-05-31 10:50:00-04:00,51.970001220703125,52.060001373291016,51.8849983215332,52.04499816894531,162163,0.0,0.0
2024-05-31 10:55:00-04:00,52.04499816894531,52.16999816894531,52.0,52.099998474121094,81360,0.0,0.0
2024-05-31 11:00:00-04:00,52.099998474121094,52.130001068115234,51.96030044555664,52.0099983215332,74507,0.0,0.0
2024-05-31 11:05:00-04:00,52.0099983215332,52.04499816894531,51.95500183105469,52.029998779296875,53447,0.0,0.0
2024-05-31 11:10:00-04:00,52.029998779296875,52.064998626708984,51.88999938964844,51.970001220703125,173132,0.0,0.0
2024-05-31 11:15:00-04:00,51.959999084472656,51.970001220703125,51.81999969482422,51.84000015258789,148231,0.0,0.0
2024-05-31 11:20:00-04:00,51.84000015258789,51.939998626708984,51.779998779296875,51.90999984741211,124078,0.0,0.0
2024-05-31 11:25:00-04:00,51.91999816894531,51.939998626708984,51.79999923706055,51.93000030517578,91948,0.0,0.0
2024-05-31 11:30:00-04:00,51.93000030517578,51.93000030517578,51.720001220703125,51.790000915527344,181459,0.0,0.0
2024-05-31 11:35:00-04:00,51.79999923706055,51.869998931884766,51.77000045776367,51.779998779296875,97909,0.0,0.0
2024-05-31 11:40:00-04:00,51.779998779296875,51.837501525878906,51.6150016784668,51.63740158081055,329932,0.0,0.0
2024-05-31 11:45:00-04:00,51.619998931884766,51.65999984741211,51.45000076293945,51.58000183105469,548647,0.0,0.0
2024-05-31 11:50:00-04:00,51.59000015258789,51.673301696777344,51.5,51.61000061035156,311573,0.0,0.0
2024-05-31 11:55:00-04:00,51.599998474121094,51.63999938964844,51.470001220703125,51.47999954223633,185931,0.0,0.0
2024-05-31 12:00:00-04:00,51.470001220703125,51.494998931884766,51.38999938964844,51.48500061035156,250439,0.0,0.0
2024-05-31 12:05:00-04:00,51.4900016784668,51.5099983215332,51.31999969482422,51.31999969482422,194977,0.0,0.0
2024-05-31 12:10:00-04:00,51.31999969482422,51.400001525878906,51.209999084472656,51.31999969482422,260048,0.0,0.0
2024-05-31 12:15:00-04:00,51.33000183105469,51.459999084472656,51.31999969482422,51.44499969482422,94179,0.0,0.0
2024-05-31 12:20:00-04:00,51.439998626708984,51.4900016784668,51.349998474121094,51.41999816894531,123830,0.0,0.0
2024-05-31 12:25:00-04:00,51.43000030517578,51.43000030517578,51.31999969482422,51.32500076293945,62053,0.0,0.0
2024-05-31 12:30:00-04:00,51.31999969482422,51.34000015258789,51.27000045776367,51.30540084838867,89603,0.0,0.0
2024-05-31 12:35:00-04:00,51.29999923706055,51.38999938964844,51.22999954223633,51.380001068115234,171243,0.0,0.0
2024-05-31 12:40:00-04:00,51.38800048828125,51.54999923706055,51.34000015258789,51.494998931884766,75864,0.0,0.0
2024-05-31 12:45:00-04:00,51.5,51.599998474121094,51.494998931884766,51.560001373291016,60503,0.0,0.0
2024-05-31 12:50:00-04:00,51.56999969482422,51.630001068115234,51.54999923706055,51.60499954223633,70097,0.0,0.0
2024-05-31 12:55:00-04:00,51.61000061035156,51.63999938964844,51.59000015258789,51.63999938964844,72209,0.0,0.0
2024-05-31 13:00:00-04:00,51.6349983215332,51.790000915527344,51.630001068115234,51.78919982910156,51934,0.0,0.0
2024-05-31 13:05:00-04:00,51.78990173339844,51.84000015258789,51.76499938964844,51.82500076293945,34848,0.0,0.0
2024-05-31 13:10:00-04:00,51.82500076293945,51.83000183105469,51.7599983215332,51.790000915527344,80971,0.0,0.0
2024-05-31 13:15:00-04:00,51.79499816894531,51.900001525878906,51.79499816894531,51.89550018310547,64559,0.0,0.0
2024-05-31 13:20:00-04:00,51.900001525878906,51.91999816894531,51.84000015258789,51.900001525878906,44802,0.0,0.0
2024-05-31 13:25:00-04:00,51.89500045776367,51.9900016784668,51.8849983215332,51.935001373291016,134421,0.0,0.0
2024-05-31 13:30:00-04:00,51.939998626708984,51.95000076293945,51.8849983215332,51.929298400878906,54288,0.0,0.0
2024-05-31 13:35:00-04:00,51.91999816894531,52.01499938964844,51.904998779296875,51.970298767089844,51922,0.0,0.0
2024-05-31 13:40:00-04:00,51.974998474121094,51.9900016784668,51.93000030517578,51.94499969482422,93886,0.0,0.0
2024-05-31 13:45:00-04:00,51.939998626708984,52.025001525878906,51.935001373291016,52.0099983215332,70744,0.0,0.0
2024-05-31 13:50:00-04:00,52.0099983215332,52.025001525878906,51.83000183105469,51.8650016784668,113872,0.0,0.0
2024-05-31 13:55:00-04:00,51.8650016784668,51.970001220703125,51.86000061035156,51.970001220703125,52011,0.0,0.0
2024-05-31 14:00:00-04:00,51.959999084472656,52.040000915527344,51.95000076293945,52.0099983215332,89744,0.0,0.0
2024-05-31 14:05:00-04:00,52.0,52.09000015258789,51.9900016784668,52.08000183105469,57047,0.0,0.0
2024-05-31 14:10:00-04:00,52.06999969482422,52.189998626708984,52.04999923706055,52.15999984741211,88513,0.0,0.0
2024-05-31 14:15:00-04:00,52.15769958496094,52.2400016784668,52.15769958496094,52.224998474121094,118265,0.0,0.0
2024-05-31 14:20:00-04:00,52.22999954223633,52.2599983215332,52.189998626708984,52.244998931884766,80102,0.0,0.0
2024-05-31 14:25:00-04:00,52.25,52.36539840698242,52.23899841308594,52.36539840698242,162749,0.0,0.0
2024-05-31 14:30:00-04:00,52.36899948120117,52.380001068115234,52.279998779296875,52.345001220703125,140442,0.0,0.0
2024-05-31 14:35:00-04:00,52.345001220703125,52.38999938964844,52.34000015258789,52.380001068115234,81735,0.0,0.0
2024-05-31 14:40:00-04:00,52.375,52.47999954223633,52.375,52.47999954223633,189118,0.0,0.0
2024-05-31 14:45:00-04:00,52.47999954223633,52.52000045776367,52.26499938964844,52.27000045776367,119166,0.0,0.0
2024-05-31 14:50:00-04:00,52.27000045776367,52.27000045776367,52.189998626708984,52.244998931884766,58712,0.0,0.0
2024-05-31 14:55:00-04:00,52.244998931884766,52.279998779296875,52.209999084472656,52.220001220703125,63150,0.0,0.0
2024-05-31 15:00:00-04:00,52.220001220703125,52.26499938964844,52.18000030517578,52.23500061035156,57954,0.0,0.0
2024-05-31 15:05:00-04:00,52.2400016784668,52.290000915527344,52.189998626708984,52.26499938964844,121090,0.0,0.0
2024-05-31 15:10:00-04:00,52.26499938964844,52.369998931884766,52.255001068115234,52.34000015258789,72464,0.0,0.0
2024-05-31 15:15:00-04:00,52.34000015258789,52.369998931884766,52.2400016784668,52.25,103621,0.0,0.0
2024-05-31 15:20:00-04:00,52.25,52.34000015258789,52.19499969482422,52.334999084472656,113065,0.0,0.0
2024-05-31 15:25:00-04:00,52.33000183105469,52.38999938964844,52.2599983215332,52.2599983215332,983895,0.0,0.0
2024-05-31 15:30:00-04:00,52.255001068115234,52.33000183105469,52.220001220703125,52.314998626708984,107837,0.0,0.0
2024-05-31 15:35:00-04:00,52.310001373291016,52.345001220703125,52.2400016784668,52.2400016784668,124304,0.0,0.0
2024-05-31 15:40:00-04:00,52.2400016784668,52.459999084472656,52.2400016784668,52.439998626708984,161045,0.0,0.0
2024-05-31 15:45:00-04:00,52.439998626708984,52.59000015258789,52.41999816894531,52.58000183105469,229340,0.0,0.0
2024-05-31 15:50:00-04:00,52.58000183105469,52.64500045776367,52.4900016784668,52.595001220703125,523277,0.0,0.0
2024-05-31 15:55:00-04:00,52.599998474121094,52.779998779296875,52.59000015258789,52.709999084472656,2702323,0.0,0.0
2024-06-03 09:30:00-04:00,53.150001525878906,53.150001525878906,52.36000061035156,52.41999816894531,92653,0.0,0.0
2024-06-03 09:35:00-04:00,52.51499938964844,52.709999084472656,52.43000030517578,52.5,398955,0.0,0.0
2024-06-03 09:40:00-04:00,52.5,52.61000061035156,52.34000015258789,52.5,239701,0.0,0.0
2024-06-03 09:45:00-04:00,52.5099983215332,52.61249923706055,52.369998931884766,52.54999923706055,186777,0.0,0.0
2024-06-03 09:50:00-04:00,52.529998779296875,52.599998474121094,52.369998931884766,52.4900016784668,152270,0.0,0.0
2024-06-03 09:55:00-04:00,52.34000015258789,52.38999938964844,52.119998931884766,52.130001068115234,174608,0.0,0.0
2024-06-03 10:00:00-04:00,52.13999938964844,52.45000076293945,52.06999969482422,52.11000061035156,193092,0.0,0.0
2024-06-03 10:05:00-04:00,52.1150016784668,52.189998626708984,52.0,52.02000045776367,91828,0.0,0.0
2024-06-03 10:10:00-04:00,52.0099983215332,52.310001373291016,52.000099182128906,52.2599983215332,95240,0.0,0.0
2024-06-03 10:15:00-04:00,52.27000045776367,52.40999984741211,52.19499969482422,52.27000045776367,136685,0.0,0.0
2024-06-03 10:20:00-04:00,52.279998779296875,52.2843017578125,52.15999984741211,52.220001220703125,65745,0.0,0.0
2024-06-03 10:25:00-04:00,52.21009826660156,52.220001220703125,52.185001373291016,52.209999084472656,38162,0.0,0.0
2024-06-03 10:30:00-04:00,52.209999084472656,52.2599983215332,52.125,52.18989944458008,77781,0.0,0.0
2024-06-03 10:35:00-04:00,52.189998626708984,52.189998626708984,52.029998779296875,52.15999984741211,74078,0.0,0.0
2024-06-03 10:40:00-04:00,52.15999984741211,52.290000915527344,52.13999938964844,52.2599983215332,70274,0.0,0.0
2024-06-03 10:45:00-04:00,52.2599983215332,52.5,52.255001068115234,52.37770080566406,116971,0.0,0.0
2024-06-03 10:50:00-04:00,52.38999938964844,52.439998626708984,52.209999084472656,52.314998626708984,97788,0.0,0.0
2024-06-03 10:55:00-04:00,52.317501068115234,52.42499923706055,52.13999938964844,52.40999984741211,120468,0.0,0.0
2024-06-03 11:00:00-04:00,52.38999938964844,52.45000076293945,52.192100524902344,52.43000030517578,84720,0.0,0.0
2024-06-03 11:05:00-04:00,52.400001525878906,52.540000915527344,52.345001220703125,52.5,73840,0.0,0.0
2024-06-03 11:10:00-04:00,52.49250030517578,52.560001373291016,52.459999084472656,52.529998779296875,93877,0.0,0.0
2024-06-03 11:15:00-04:00,52.52000045776367,52.56999969482422,52.459999084472656,52.56999969482422,38646,0.0,0.0
2024-06-03 11:20:00-04:00,52.56999969482422,52.61000061035156,52.459999084472656,52.4900016784668,78912,0.0,0.0
2024-06-03 11:25:00-04:00,52.5,52.53499984741211,52.38999938964844,52.439998626708984,69682,0.0,0.0
2024-06-03 11:30:00-04:00,52.44499969482422,52.45989990234375,52.34000015258789,52.380001068115234,56261,0.0,0.0
2024-06-03 11:35:00-04:00,52.380001068115234,52.45000076293945,52.33000183105469,52.375,51779,0.0,0.0
2024-06-03 11:40:00-04:00,52.369998931884766,52.375,52.22999954223633,52.27000045776367,54064,0.0,0.0
2024-06-03 11:45:00-04:00,52.2599983215332,52.2599983215332,52.15999984741211,52.15999984741211,42865,0.0,0.0
2024-06-03 11:50:00-04:00,52.15999984741211,52.26499938964844,52.150001525878906,52.244998931884766,44724,0.0,0.0
2024-06-03 11:55:00-04:00,52.244998931884766,52.244998931884766,52.16999816894531,52.21500015258789,29035,0.0,0.0
2024-06-03 12:00:00-04:00,52.220001220703125,52.22999954223633,52.130001068115234,52.220001220703125,46284,0.0,0.0
2024-06-03 12:05:00-04:00,52.21500015258789,52.22999954223633,52.04999923706055,52.08380126953125,61879,0.0,0.0
2024-06-03 12:10:00-04:00,52.08219909667969,52.1150016784668,51.8849983215332,51.88999938964844,131124,0.0,0.0
2024-06-03 12:15:00-04:00,51.900001525878906,51.95000076293945,51.68000030517578,51.72999954223633,166393,0.0,0.0
2024-06-03 12:20:00-04:00,51.720001220703125,51.79999923706055,51.70500183105469,51.75,139591,0.0,0.0
2024-06-03 12:25:00-04:00,51.755001068115234,51.77000045776367,51.5723991394043,51.630001068115234,113487,0.0,0.0
2024-06-03 12:30:00-04:00,51.61000061035156,51.689998626708984,51.5099983215332,51.540000915527344,72128,0.0,0.0
2024-06-03 12:35:00-04:00,51.540000915527344,51.7599983215332,51.53499984741211,51.72999954223633,131277,0.0,0.0
2024-06-03 12:40:00-04:00,51.72999954223633,51.72999954223633,51.630001068115234,51.66999816894531,75725,0.0,0.0
2024-06-03 12:45:00-04:00,51.650001525878906,51.77000045776367,51.640098571777344,51.77000045776367,42849,0.0,0.0
2024-06-03 12:50:00-04:00,51.7599983215332,51.7599983215332,51.625,51.689998626708984,57783,0.0,0.0
2024-06-03 12:55:00-04:00,51.689998626708984,51.724998474121094,51.65999984741211,51.709999084472656,42101,0.0,0.0
2024-06-03 13:00:00-04:00,51.689998626708984,51.75,51.66999816894531,51.68000030517578,40475,0.0,0.0
2024-06-03 13:05:00-04:00,51.68000030517578,51.83000183105469,51.63999938964844,51.76100158691406,51377,0.0,0.0
2024-06-03 13:10:00-04:00,51.760101318359375,51.77000045776367,51.61000061035156,51.69499969482422,48058,0.0,0.0
2024-06-03 13:15:00-04:00,51.689998626708984,51.775001525878906,51.650001525878906,51.7489013671875,37277,0.0,0.0
2024-06-03 13:20:00-04:00,51.72999954223633,51.814998626708984,51.720001220703125,51.744998931884766,61687,0.0,0.0
2024-06-03 13:25:00-04:00,51.7400016784668,51.83000183105469,51.70000076293945,51.829200744628906,42928,0.0,0.0
2024-06-03 13:30:00-04:00,51.82500076293945,51.880001068115234,51.779998779296875,51.779998779296875,68452,0.0,0.0
2024-06-03 13:35:00-04:00,51.790000915527344,51.85499954223633,51.760101318359375,51.79499816894531,77980,0.0,0.0
2024-06-03 13:40:00-04:00,51.790000915527344,51.86000061035156,51.7400016784668,51.86000061035156,72928,0.0,0.0
2024-06-03 13:45:00-04:00,51.8650016784668,51.90999984741211,51.7599983215332,51.814998626708984,42844,0.0,0.0
2024-06-03 13:50:00-04:00,51.8135986328125,51.83000183105469,51.77000045776367,51.79499816894531,41030,0.0,0.0
2024-06-03 13:55:00-04:00,51.790000915527344,51.834999084472656,51.755001068115234,51.834999084472656,59896,0.0,0.0
2024-06-03 14:00:00-04:00,51.834999084472656,51.95500183105469,51.83000183105469,51.935001373291016,57816,0.0,0.0
2024-06-03 14:05:00-04:00,51.93000030517578,52.0099983215332,51.91999816894531,51.959999084472656,73384,0.0,0.0
2024-06-03 14:10:00-04:00,51.96500015258789,51.97999954223633,51.81999969482422,51.834999084472656,97541,0.0,0.0
2024-06-03 14:15:00-04:00,51.83000183105469,51.9281005859375,51.83000183105469,51.915000915527344,66800,0.0,0.0
2024-06-03 14:20:00-04:00,51.90999984741211,51.974998474121094,51.900001525878906,51.95000076293945,55725,0.0,0.0
2024-06-03 14:25:00-04:00,51.95000076293945,51.9900016784668,51.90999984741211,51.939998626708984,78900,0.0,0.0
2024-06-03 14:30:00-04:00,51.93009948730469,51.9900016784668,51.91999816894531,51.95500183105469,58911,0.0,0.0
2024-06-03 14:35:00-04:00,51.95000076293945,52.0099983215332,51.91999816894531,52.005001068115234,64466,0.0,0.0
2024-06-03 14:40:00-04:00,52.0,52.060001373291016,51.959999084472656,51.9900016784668,70753,0.0,0.0
2024-06-03 14:45:00-04:00,51.994998931884766,52.040000915527344,51.95000076293945,51.98500061035156,65146,0.0,0.0
2024-06-03 14:50:00-04:00,51.98500061035156,51.9900016784668,51.875,51.880001068115234,52695,0.0,0.0
2024-06-03 14:55:00-04:00,51.900001525878906,51.959999084472656,51.8650016784668,51.94499969482422,74587,0.0,0.0
2024-06-03 15:00:00-04:00,51.94499969482422,51.98500061035156,51.915000915527344,51.91999816894531,70073,0.0,0.0
2024-06-03 15:05:00-04:00,51.904998779296875,51.91999816894531,51.8650016784668,51.900001525878906,57568,0.0,0.0
2024-06-03 15:10:00-04:00,51.88999938964844,51.959999084472656,51.86000061035156,51.91999816894531,97906,0.0,0.0
2024-06-03 15:15:00-04:00,51.915000915527344,51.959999084472656,51.900001525878906,51.939998626708984,74713,0.0,0.0
2024-06-03 15:20:00-04:00,51.94499969482422,51.9900016784668,51.93000030517578,51.98500061035156,118441,0.0,0.0
2024-06-03 15:25:00-04:00,51.97999954223633,52.0099983215332,51.930198669433594,51.95000076293945,64595,0.0,0.0
2024-06-03 15:30:00-04:00,51.95000076293945,52.03499984741211,51.90999984741211,52.031700134277344,145409,0.0,0.0
2024-06-03 15:35:00-04:00,52.029998779296875,52.130001068115234,52.029998779296875,52.04999923706055,108622,0.0,0.0
2024-06-03 15:40:00-04:00,52.064998626708984,52.06999969482422,51.97999954223633,51.9900016784668,131980,0.0,0.0
2024-06-03 15:45:00-04:00,51.97999954223633,52.029998779296875,51.91999816894531,51.97999954223633,149761,0.0,0.0
2024-06-03 15:50:00-04:00,51.97999954223633,52.1150016784668,51.970001220703125,52.095001220703125,322632,0.0,0.0
2024-06-03 15:55:00-04:00,52.099998474121094,52.10499954223633,51.970001220703125,52.029998779296875,754301,0.0,0.0
2024-06-04 09:30:00-04:00,51.029998779296875,51.04999923706055,50.36000061035156,50.470001220703125,775772,0.0,0.0
2024-06-04 09:35:00-04:00,50.459999084472656,50.66899871826172,50.0620002746582,50.06999969482422,529862,0.0,0.0
2024-06-04 09:40:00-04:00,50.06999969482422,50.084999084472656,49.65999984741211,49.95000076293945,827933,0.0,0.0
2024-06-04 09:45:00-04:00,49.93000030517578,50.099998474121094,49.869998931884766,49.88999938964844,250407,0.0,0.0
2024-06-04 09:50:00-04:00,49.88999938964844,49.9900016784668,49.744998931884766,49.82500076293945,268794,0.0,0.0
2024-06-04 09:55:00-04:00,49.83000183105469,49.94770050048828,49.66999816894531,49.689998626708984,344579,0.0,0.0
2024-06-04 10:00:00-04:00,49.689998626708984,50.099998474121094,49.689998626708984,50.029998779296875,451272,0.0,0.0
2024-06-04 10:05:00-04:00,50.02000045776367,50.02000045776367,49.709999084472656,49.73500061035156,252053,0.0,0.0
2024-06-04 10:10:00-04:00,49.72999954223633,49.97999954223633,49.720001220703125,49.970001220703125,303510,0.0,0.0
2024-06-04 10:15:00-04:00,49.970001220703125,50.0,49.779998779296875,49.97999954223633,296701,0.0,0.0
2024-06-04 10:20:00-04:00,49.97999954223633,50.09000015258789,49.63999938964844,49.665000915527344,531413,0.0,0.0
2024-06-04 10:25:00-04:00,49.650001525878906,49.709999084472656,49.54999923706055,49.665000915527344,381275,0.0,0.0
2024-06-04 10:30:00-04:00,49.68000030517578,49.7599983215332,49.45000076293945,49.46799850463867,373953,0.0,0.0
2024-06-04 10:35:00-04:00,49.470001220703125,49.529998779296875,49.34000015258789,49.40999984741211,239035,0.0,0.0
2024-06-04 10:40:00-04:00,49.43000030517578,49.47999954223633,49.33000183105469,49.375,251444,0.0,0.0
2024-06-04 10:45:00-04:00,49.380001068115234,49.41999816894531,49.25,49.290000915527344,257323,0.0,0.0
2024-06-04 10:50:00-04:00,49.290000915527344,49.4900016784668,49.290000915527344,49.369998931884766,385715,0.0,0.0
2024-06-04 10:55:00-04:00,49.375,49.380001068115234,49.099998474121094,49.11000061035156,297034,0.0,0.0
2024-06-04 11:00:00-04:00,49.110599517822266,49.16999816894531,48.95000076293945,49.0099983215332,381554,0.0,0.0
2024-06-04 11:05:00-04:00,49.01499938964844,49.04999923706055,48.939998626708984,49.03070068359375,358295,0.0,0.0
2024-06-04 11:10:00-04:00,49.04499816894531,49.07500076293945,48.959999084472656,48.9900016784668,276705,0.0,0.0
2024-06-04 11:15:00-04:00,48.9900016784668,49.150001525878906,48.97999954223633,49.02000045776367,422874,0.0,0.0
2024-06-04 11:20:00-04:00,49.029998779296875,49.099998474121094,48.91999816894531,49.04999923706055,339318,0.0,0.0
2024-06-04 11:25:00-04:00,49.04999923706055,49.15999984741211,48.959999084472656,49.02000045776367,160317,0.0,0.0
2024-06-04 11:30:00-04:00,49.02000045776367,49.02000045776367,48.77000045776367,48.85499954223633,282169,0.0,0.0
2024-06-04 11:35:00-04:00,48.849998474121094,48.95000076293945,48.76499938964844,48.86000061035156,333376,0.0,0.0
2024-06-04 11:40:00-04:00,48.86000061035156,49.0099983215332,48.810001373291016,48.95000076293945,233339,0.0,0.0
2024-06-04 11:45:00-04:00,48.959999084472656,48.99810028076172,48.779998779296875,48.869998931884766,260982,0.0,0.0
2024-06-04 11:50:00-04:00,48.86000061035156,48.869998931884766,48.68000030517578,48.7599983215332,298369,0.0,0.0
2024-06-04 11:55:00-04:00,48.75,48.7599983215332,48.57500076293945,48.630001068115234,480520,0.0,0.0
2024-06-04 12:00:00-04:00,48.6349983215332,48.77000045776367,48.6349983215332,48.7400016784668,219649,0.0,0.0
2024-06-04 12:05:00-04:00,48.72999954223633,48.758201599121094,48.540000915527344,48.665000915527344,221281,0.0,0.0
2024-06-04 12:10:00-04:00,48.65999984741211,48.709999084472656,48.595001220703125,48.6150016784668,200749,0.0,0.0
2024-06-04 12:15:00-04:00,48.61000061035156,48.64500045776367,48.52000045776367,48.540000915527344,186373,0.0,0.0
2024-06-04 12:20:00-04:00,48.540000915527344,48.59000015258789,48.505001068115234,48.57500076293945,190036,0.0,0.0
2024-06-04 12:25:00-04:00,48.584999084472656,48.66999816894531,48.56999969482422,48.6150016784668,240434,0.0,0.0
2024-06-04 12:30:00-04:00,48.619998931884766,48.630001068115234,48.47999954223633,48.54499816894531,308030,0.0,0.0
2024-06-04 12:35:00-04:00,48.54999923706055,48.55500030517578,48.40999984741211,48.5,198085,0.0,0.0
2024-06-04 12:40:00-04:00,48.5,48.689998626708984,48.4900016784668,48.59749984741211,262074,0.0,0.0
2024-06-04 12:45:00-04:00,48.60499954223633,48.83000183105469,48.599998474121094,48.79499816894531,216643,0.0,0.0
2024-06-04 12:50:00-04:00,48.790000915527344,48.790000915527344,48.6349983215332,48.72999954223633,362176,0.0,0.0
2024-06-04 12:55:00-04:00,48.744998931884766,48.79499816894531,48.720001220703125,48.72999954223633,110191,0.0,0.0
2024-06-04 13:00:00-04:00,48.72999954223633,48.755001068115234,48.63999938964844,48.69499969482422,135987,0.0,0.0
2024-06-04 13:05:00-04:00,48.70000076293945,48.709999084472656,48.5099983215332,48.53499984741211,222738,0.0,0.0
2024-06-04 13:10:00-04:00,48.534000396728516,48.709999084472656,48.534000396728516,48.68050003051758,155379,0.0,0.0
2024-06-04 13:15:00-04:00,48.685001373291016,48.77000045776367,48.670101165771484,48.73569869995117,96284,0.0,0.0
2024-06-04 13:20:00-04:00,48.73500061035156,48.81999969482422,48.67499923706055,48.72999954223633,147360,0.0,0.0
2024-06-04 13:25:00-04:00,48.720001220703125,48.880001068115234,48.70100021362305,48.84000015258789,142435,0.0,0.0
2024-06-04 13:30:00-04:00,48.845001220703125,48.94029998779297,48.7599983215332,48.79499816894531,319824,0.0,0.0
2024-06-04 13:35:00-04:00,48.79499816894531,48.880001068115234,48.7599983215332,48.869998931884766,185835,0.0,0.0
2024-06-04 13:40:00-04:00,48.86000061035156,48.8849983215332,48.810001373291016,48.814998626708984,151284,0.0,0.0
2024-06-04 13:45:00-04:00,48.810001373291016,48.90999984741211,48.810001373291016,48.899898529052734,164991,0.0,0.0
2024-06-04 13:50:00-04:00,48.89500045776367,48.92499923706055,48.849998474121094,48.8849983215332,225126,0.0,0.0
2024-06-04 13:55:00-04:00,48.8849983215332,48.935001373291016,48.83000183105469,48.86000061035156,120185,0.0,0.0
2024-06-04 14:00:00-04:00,48.86000061035156,48.8849983215332,48.810001373291016,48.849998474121094,132950,0.0,0.0
2024-06-04 14:05:00-04:00,48.849998474121094,48.90999984741211,48.83000183105469,48.880001068115234,125041,0.0,0.0
2024-06-04 14:10:00-04:00,48.880001068115234,48.93000030517578,48.849998474121094,48.900001525878906,142255,0.0,0.0
2024-06-04 14:15:00-04:00,48.900001525878906,49.04499816894531,48.89500045776367,48.974998474121094,229275,0.0,0.0
2024-06-04 14:20:00-04:00,48.97999954223633,49.13999938964844,48.97999954223633,49.09000015258789,289020,0.0,0.0
2024-06-04 14:25:00-04:00,49.099998474121094,49.119998931884766,49.0,49.10499954223633,156383,0.0,0.0
2024-06-04 14:30:00-04:00,49.10499954223633,49.14500045776367,49.029998779296875,49.13999938964844,154840,0.0,0.0
2024-06-04 14:35:00-04:00,49.150001525878906,49.20500183105469,49.130001068115234,49.19499969482422,141699,0.0,0.0
2024-06-04 14:40:00-04:00,49.19499969482422,49.25,49.08000183105469,49.22999954223633,177211,0.0,0.0
2024-06-04 14:45:00-04:00,49.22999954223633,49.25,49.15999984741211,49.209999084472656,149032,0.0,0.0
2024-06-04 14:50:00-04:00,49.220001220703125,49.27000045776367,49.189998626708984,49.209999084472656,149408,0.0,0.0
2024-06-04 14:55:00-04:00,49.209999084472656,49.2400016784668,49.140499114990234,49.21500015258789,128514,0.0,0.0
2024-06-04 15:00:00-04:00,49.209999084472656,49.2400016784668,49.029998779296875,49.08000183105469,143258,0.0,0.0
2024-06-04 15:05:00-04:00,49.08000183105469,49.1885986328125,49.040000915527344,49.185001373291016,196362,0.0,0.0
2024-06-04 15:10:00-04:00,49.185001373291016,49.40999984741211,49.185001373291016,49.369998931884766,282707,0.0,0.0
2024-06-04 15:15:00-04:00,49.369998931884766,49.439998626708984,49.30500030517578,49.31999969482422,214187,0.0,0.0
2024-06-04 15:20:00-04:00,49.32500076293945,49.470001220703125,49.279998779296875,49.459999084472656,264801,0.0,0.0
2024-06-04 15:25:00-04:00,49.470001220703125,49.5,49.380001068115234,49.470001220703125,233733,0.0,0.0
2024-06-04 15:30:00-04:00,49.470001220703125,49.47999954223633,49.369998931884766,49.45000076293945,208306,0.0,0.0
2024-06-04 15:35:00-04:00,49.45000076293945,49.48500061035156,49.380001068115234,49.400001525878906,259684,0.0,0.0
2024-06-04 15:40:00-04:00,49.400001525878906,49.54999923706055,49.39500045776367,49.52000045776367,313535,0.0,0.0
2024-06-04 15:45:00-04:00,49.5099983215332,49.5099983215332,49.35499954223633,49.45500183105469,428101,0.0,0.0
2024-06-04 15:50:00-04:00,49.45500183105469,49.619998931884766,49.45000076293945,49.584999084472656,679175,0.0,0.0
2024-06-04 15:55:00-04:00,49.58100128173828,49.72999954223633,49.52000045776367,49.689998626708984,1466840,0.0,0.0
2024-06-05 09:30:00-04:00,50.0,50.130001068115234,49.65999984741211,50.099998474121094,369608,0.0,0.0
2024-06-05 09:35:00-04:00,50.099998474121094,50.27000045776367,50.0,50.09000015258789,243480,0.0,0.0
2024-06-05 09:40:00-04:00,50.084999084472656,50.220001220703125,49.939998626708984,50.15999984741211,267094,0.0,0.0
2024-06-05 09:45:00-04:00,50.15999984741211,50.22999954223633,50.0,50.0,275481,0.0,0.0
2024-06-05 09:50:00-04:00,49.994998931884766,50.150001525878906,49.93000030517578,50.05500030517578,152996,0.0,0.0
2024-06-05 09:55:00-04:00,50.060001373291016,50.279998779296875,50.060001373291016,50.25,130570,0.0,0.0
2024-06-05 10:00:00-04:00,50.2400016784668,50.30500030517578,49.97999954223633,50.01499938964844,396711,0.0,0.0
2024-06-05 10:05:00-04:00,50.01499938964844,50.029998779296875,49.75,49.790000915527344,146961,0.0,0.0
2024-06-05 10:10:00-04:00,49.790000915527344,49.93000030517578,49.75,49.784000396728516,111395,0.0,0.0
2024-06-05 10:15:00-04:00,49.78099822998047,49.9474983215332,49.75,49.939998626708984,91553,0.0,0.0
2024-06-05 10:20:00-04:00,49.95000076293945,50.14500045776367,49.92499923706055,50.1150016784668,154346,0.0,0.0
2024-06-05 10:25:00-04:00,50.11989974975586,50.220001220703125,50.1150016784668,50.21500015258789,193073,0.0,0.0
2024-06-05 10:30:00-04:00,50.21500015258789,50.439998626708984,50.20500183105469,50.2599983215332,279637,0.0,0.0
2024-06-05 10:35:00-04:00,50.27000045776367,50.30500030517578,50.119998931884766,50.21900177001953,115347,0.0,0.0
2024-06-05 10:40:00-04:00,50.22999954223633,50.275001525878906,50.150001525878906,50.18000030517578,91828,0.0,0.0
2024-06-05 10:45:00-04:00,50.18000030517578,50.18000030517578,50.099998474121094,50.125,85204,0.0,0.0
2024-06-05 10:50:00-04:00,50.119998931884766,50.14500045776367,50.04999923706055,50.099998474121094,65448,0.0,0.0
2024-06-05 10:55:00-04:00,50.09000015258789,50.109901428222656,50.005001068115234,50.025001525878906,62329,0.0,0.0
2024-06-05 11:00:00-04:00,50.029998779296875,50.095001220703125,49.97999954223633,50.005001068115234,89869,0.0,0.0
2024-06-05 11:05:00-04:00,50.0,50.02000045776367,49.900001525878906,49.91999816894531,71569,0.0,0.0
2024-06-05 11:10:00-04:00,49.921199798583984,50.029998779296875,49.921199798583984,50.029998779296875,63906,0.0,0.0
2024-06-05 11:15:00-04:00,50.02899932861328,50.150001525878906,50.025001525878906,50.10499954223633,84233,0.0,0.0
2024-06-05 11:20:00-04:00,50.10499954223633,50.13999938964844,50.04999923706055,50.064998626708984,119373,0.0,0.0
2024-06-05 11:25:00-04:00,50.064998626708984,50.095001220703125,50.025001525878906,50.08000183105469,67858,0.0,0.0
2024-06-05 11:30:00-04:00,50.084999084472656,50.1349983215332,50.029998779296875,50.1349983215332,77233,0.0,0.0
2024-06-05 11:35:00-04:00,50.13999938964844,50.20000076293945,50.1349983215332,50.15999984741211,114663,0.0,0.0
2024-06-05 11:40:00-04:00,50.165000915527344,50.22999954223633,50.165000915527344,50.21500015258789,71843,0.0,0.0
2024-06-05 11:45:00-04:00,50.220001220703125,50.220001220703125,50.060001373291016,50.11000061035156,84835,0.0,0.0
2024-06-05 11:50:00-04:00,50.130001068115234,50.15999984741211,50.07500076293945,50.1150016784668,92701,0.0,0.0
2024-06-05 11:55:00-04:00,50.11000061035156,50.150001525878906,50.099998474121094,50.1349983215332,56050,0.0,0.0
2024-06-05 12:00:00-04:00,50.13999938964844,50.22999954223633,50.130001068115234,50.229000091552734,84263,0.0,0.0
2024-06-05 12:05:00-04:00,50.224998474121094,50.22999954223633,50.150001525878906,50.165000915527344,66663,0.0,0.0
2024-06-05 12:10:00-04:00,50.16749954223633,50.17499923706055,50.110198974609375,50.119998931884766,76186,0.0,0.0
2024-06-05 12:15:00-04:00,50.119998931884766,50.209999084472656,50.099998474121094,50.19499969482422,110264,0.0,0.0
2024-06-05 12:20:00-04:00,50.19499969482422,50.20000076293945,50.131500244140625,50.1349983215332,84868,0.0,0.0
2024-06-05 12:25:00-04:00,50.1349983215332,50.209999084472656,50.095001220703125,50.10499954223633,102151,0.0,0.0
2024-06-05 12:30:00-04:00,50.10499954223633,50.13819885253906,50.08000183105469,50.125,94077,0.0,0.0
2024-06-05 12:35:00-04:00,50.121498107910156,50.189998626708984,50.119998931884766,50.189998626708984,64632,0.0,0.0
2024-06-05 12:40:00-04:00,50.185001373291016,50.22999954223633,50.165000915527344,50.16999816894531,87474,0.0,0.0
2024-06-05 12:45:00-04:00,50.16999816894531,50.20000076293945,50.119998931884766,50.17499923706055,58529,0.0,0.0
2024-06-05 12:50:00-04:00,50.18000030517578,50.369998931884766,50.165000915527344,50.34000015258789,224880,0.0,0.0
2024-06-05 12:55:00-04:00,50.334999084472656,50.334999084472656,50.220001220703125,50.220001220703125,39838,0.0,0.0
2024-06-05 13:00:00-04:00,50.209999084472656,50.220001220703125,50.17499923706055,50.189998626708984,63489,0.0,0.0
2024-06-05 13:05:00-04:00,50.189998626708984,50.22999954223633,50.16999816894531,50.189998626708984,61552,0.0,0.0
2024-06-05 13:10:00-04:00,50.20000076293945,50.2599983215332,50.185001373291016,50.2599983215332,71368,0.0,0.0
2024-06-05 13:15:00-04:00,50.2599983215332,50.310001373291016,50.18000030517578,50.18000030517578,74214,0.0,0.0
2024-06-05 13:20:00-04:00,50.18000030517578,50.18000030517578,50.10749816894531,50.125,42943,0.0,0.0
2024-06-05 13:25:00-04:00,50.12779998779297,50.189998626708984,50.125,50.189998626708984,47264,0.0,0.0
2024-06-05 13:30:00-04:00,50.19499969482422,50.20610046386719,50.170101165771484,50.19499969482422,30237,0.0,0.0
2024-06-05 13:35:00-04:00,50.19499969482422,50.25,50.19499969482422,50.20500183105469,71793,0.0,0.0
2024-06-05 13:40:00-04:00,50.20500183105469,50.25,50.1599006652832,50.22249984741211,63893,0.0,0.0
2024-06-05 13:45:00-04:00,50.229000091552734,50.310001373291016,50.209999084472656,50.30500030517578,56978,0.0,0.0
2024-06-05 13:50:00-04:00,50.310001373291016,50.31999969482422,50.26499938964844,50.290000915527344,46945,0.0,0.0
2024-06-05 13:55:00-04:00,50.29499816894531,50.33000183105469,50.290000915527344,50.313201904296875,42058,0.0,0.0
2024-06-05 14:00:00-04:00,50.310001373291016,50.33000183105469,50.27000045776367,50.30500030517578,47631,0.0,0.0
2024-06-05 14:05:00-04:00,50.30500030517578,50.30500030517578,50.255001068115234,50.26499938964844,94196,0.0,0.0
2024-06-05 14:10:00-04:00,50.26499938964844,50.26499938964844,50.189998626708984,50.19499969482422,73752,0.0,0.0
2024-06-05 14:15:00-04:00,50.19499969482422,50.250099182128906,50.185001373291016,50.250099182128906,34477,0.0,0.0
2024-06-05 14:20:00-04:00,50.258399963378906,50.310001373291016,50.2400016784668,50.26350021362305,77846,0.0,0.0
2024-06-05 14:25:00-04:00,50.268699645996094,50.29999923706055,50.25,50.26499938964844,91107,0.0,0.0
2024-06-05 14:30:00-04:00,50.26499938964844,50.36000061035156,50.2599983215332,50.29999923706055,127436,0.0,0.0
2024-06-05 14:35:00-04:00,50.30500030517578,50.400001525878906,50.279998779296875,50.279998779296875,159273,0.0,0.0
2024-06-05 14:40:00-04:00,50.282501220703125,50.29999923706055,50.255001068115234,50.275001525878906,67479,0.0,0.0
2024-06-05 14:45:00-04:00,50.275001525878906,50.33000183105469,50.2400016784668,50.275001525878906,87702,0.0,0.0
2024-06-05 14:50:00-04:00,50.279998779296875,50.349998474121094,50.27000045776367,50.334999084472656,74143,0.0,0.0
2024-06-05 14:55:00-04:00,50.33000183105469,50.375,50.33000183105469,50.36000061035156,120424,0.0,0.0
2024-06-05 15:00:00-04:00,50.35499954223633,50.45000076293945,50.33000183105469,50.41999816894531,147741,0.0,0.0
2024-06-05 15:05:00-04:00,50.422000885009766,50.529998779296875,50.41999816894531,50.5099983215332,130283,0.0,0.0
2024-06-05 15:10:00-04:00,50.51499938964844,50.61000061035156,50.494998931884766,50.58000183105469,151928,0.0,0.0
2024-06-05 15:15:00-04:00,50.58000183105469,50.599998474121094,50.505001068115234,50.52000045776367,140443,0.0,0.0
2024-06-05 15:20:00-04:00,50.525001525878906,50.540000915527344,50.47999954223633,50.48500061035156,100809,0.0,0.0
2024-06-05 15:25:00-04:00,50.47999954223633,50.52000045776367,50.45500183105469,50.470001220703125,130798,0.0,0.0
2024-06-05 15:30:00-04:00,50.474998474121094,50.5,50.404998779296875,50.41999816894531,159216,0.0,0.0
2024-06-05 15:35:00-04:00,50.41999816894531,50.5,50.36000061035156,50.470001220703125,225419,0.0,0.0
2024-06-05 15:40:00-04:00,50.47999954223633,50.4900016784668,50.25,50.29999923706055,442072,0.0,0.0
2024-06-05 15:45:00-04:00,50.298301696777344,50.38999938964844,50.27000045776367,50.369998931884766,303188,0.0,0.0
2024-06-05 15:50:00-04:00,50.369998931884766,50.470001220703125,50.345001220703125,50.404998779296875,403656,0.0,0.0
2024-06-05 15:55:00-04:00,50.40999984741211,50.4900016784668,50.349998474121094,50.47999954223633,782358,0.0,0.0
2024-06-06 09:30:00-04:00,50.665000915527344,50.81999969482422,50.45000076293945,50.755001068115234,324455,0.0,0.0
2024-06-06 09:35:00-04:00,50.7400016784668,50.83000183105469,50.58000183105469,50.72999954223633,126398,0.0,0.0
2024-06-06 09:40:00-04:00,50.720001220703125,50.769901275634766,50.61000061035156,50.744998931884766,76059,0.0,0.0
2024-06-06 09:45:00-04:00,50.744998931884766,50.775001525878906,50.58000183105469,50.58000183105469,93076,0.0,0.0
2024-06-06 09:50:00-04:00,50.56999969482422,50.65999984741211,50.470001220703125,50.470001220703125,120208,0.0,0.0
2024-06-06 09:55:00-04:00,50.47999954223633,50.53499984741211,50.2599983215332,50.2599983215332,162524,0.0,0.0
2024-06-06 10:00:00-04:00,50.27000045776367,50.27000045776367,50.119998931884766,50.1349983215332,289151,0.0,0.0
2024-06-06 10:05:00-04:00,50.130001068115234,50.345001220703125,50.04999923706055,50.310001373291016,196118,0.0,0.0
2024-06-06 10:10:00-04:00,50.31930160522461,50.35110092163086,50.005001068115234,50.01499938964844,135860,0.0,0.0
2024-06-06 10:15:00-04:00,50.02000045776367,50.09000015258789,49.900699615478516,50.09000015258789,195771,0.0,0.0
2024-06-06 10:20:00-04:00,50.099998474121094,50.369998931884766,50.09000015258789,50.290000915527344,101605,0.0,0.0
2024-06-06 10:25:00-04:00,50.279998779296875,50.279998779296875,50.09000015258789,50.130001068115234,114812,0.0,0.0
2024-06-06 10:30:00-04:00,50.119998931884766,50.15299987792969,50.06999969482422,50.095001220703125,72442,0.0,0.0
2024-06-06 10:35:00-04:00,50.099998474121094,50.29999923706055,50.095001220703125,50.290000915527344,111355,0.0,0.0
2024-06-06 10:40:00-04:00,50.279998779296875,50.31999969482422,50.209999084472656,50.22999954223633,82640,0.0,0.0
2024-06-06 10:45:00-04:00,50.22999954223633,50.51499938964844,50.21500015258789,50.470001220703125,150089,0.0,0.0
2024-06-06 10:50:00-04:00,50.46500015258789,50.499900817871094,50.349998474121094,50.4900016784668,55152,0.0,0.0
2024-06-06 10:55:00-04:00,50.4900016784668,50.4900016784668,50.334999084472656,50.38999938964844,75804,0.0,0.0
2024-06-06 11:00:00-04:00,50.380001068115234,50.494998931884766,50.33919906616211,50.474998474121094,86385,0.0,0.0
2024-06-06 11:05:00-04:00,50.474998474121094,50.560001373291016,50.45989990234375,50.505001068115234,62632,0.0,0.0
2024-06-06 11:10:00-04:00,50.5099983215332,50.630001068115234,50.5,50.607601165771484,76268,0.0,0.0
2024-06-06 11:15:00-04:00,50.599998474121094,50.75,50.599998474121094,50.7400016784668,94052,0.0,0.0
2024-06-06 11:20:00-04:00,50.744998931884766,50.88999938964844,50.7400016784668,50.880001068115234,104705,0.0,0.0
2024-06-06 11:25:00-04:00,50.8849983215332,51.11000061035156,50.8849983215332,51.11000061035156,220783,0.0,0.0
2024-06-06 11:30:00-04:00,51.099998474121094,51.13999938964844,51.000099182128906,51.029998779296875,116895,0.0,0.0
2024-06-06 11:35:00-04:00,51.03499984741211,51.189998626708984,51.03499984741211,51.064998626708984,126750,0.0,0.0
2024-06-06 11:40:00-04:00,51.06999969482422,51.0786018371582,50.95000076293945,50.970001220703125,166236,0.0,0.0
2024-06-06 11:45:00-04:00,50.97669982910156,51.099998474121094,50.974998474121094,51.07500076293945,59748,0.0,0.0
2024-06-06 11:50:00-04:00,51.07500076293945,51.10499954223633,51.03499984741211,51.099998474121094,61055,0.0,0.0
2024-06-06 11:55:00-04:00,51.09989929199219,51.11000061035156,51.02000045776367,51.025001525878906,137128,0.0,0.0
2024-06-06 12:00:00-04:00,51.029998779296875,51.04999923706055,50.91999816894531,50.93000030517578,73967,0.0,0.0
2024-06-06 12:05:00-04:00,50.93519973754883,50.95989990234375,50.85499954223633,50.8650016784668,79269,0.0,0.0
2024-06-06 12:10:00-04:00,50.86000061035156,50.939998626708984,50.80500030517578,50.864898681640625,545933,0.0,0.0
2024-06-06 12:15:00-04:00,50.86819839477539,50.869998931884766,50.709999084472656,50.78499984741211,135735,0.0,0.0
2024-06-06 12:20:00-04:00,50.790000915527344,50.845001220703125,50.73500061035156,50.834999084472656,88796,0.0,0.0
2024-06-06 12:25:00-04:00,50.8390998840332,50.849998474121094,50.77000045776367,50.810001373291016,50416,0.0,0.0
2024-06-06 12:30:00-04:00,50.810001373291016,50.810001373291016,50.66999816894531,50.707401275634766,70715,0.0,0.0
2024-06-06 12:35:00-04:00,50.70989990234375,50.77000045776367,50.685001373291016,50.724998474121094,49158,0.0,0.0
2024-06-06 12:40:00-04:00,50.724998474121094,50.7400016784668,50.685001373291016,50.70500183105469,44817,0.0,0.0
2024-06-06 12:45:00-04:00,50.709999084472656,50.77000045776367,50.709999084472656,50.75,32533,0.0,0.0
2024-06-06 12:50:00-04:00,50.745201110839844,50.78739929199219,50.72999954223633,50.7599983215332,37780,0.0,0.0
2024-06-06 12:55:00-04:00,50.75,50.817100524902344,50.724998474121094,50.802398681640625,62295,0.0,0.0
2024-06-06 13:00:00-04:00,50.80500030517578,50.849998474121094,50.779998779296875,50.845001220703125,64906,0.0,0.0
2024-06-06 13:05:00-04:00,50.845001220703125,50.845001220703125,50.79499816894531,50.810001373291016,69426,0.0,0.0
2024-06-06 13:10:00-04:00,50.814998626708984,50.82500076293945,50.755001068115234,50.77330017089844,52237,0.0,0.0
2024-06-06 13:15:00-04:00,50.779998779296875,50.779998779296875,50.689998626708984,50.7599983215332,60629,0.0,0.0
2024-06-06 13:20:00-04:00,50.7599983215332,50.79999923706055,50.755001068115234,50.77000045776367,44113,0.0,0.0
2024-06-06 13:25:00-04:00,50.76499938964844,50.790000915527344,50.68009948730469,50.70000076293945,58634,0.0,0.0
2024-06-06 13:30:00-04:00,50.70000076293945,50.77000045776367,50.69499969482422,50.76499938964844,47745,0.0,0.0
2024-06-06 13:35:00-04:00,50.76499938964844,50.78499984741211,50.730098724365234,50.76499938964844,49513,0.0,0.0
2024-06-06 13:40:00-04:00,50.760101318359375,50.775001525878906,50.709999084472656,50.744998931884766,44786,0.0,0.0
2024-06-06 13:45:00-04:00,50.744998931884766,50.744998931884766,50.665000915527344,50.720001220703125,41428,0.0,0.0
2024-06-06 13:50:00-04:00,50.71500015258789,50.7599983215332,50.69499969482422,50.73500061035156,74676,0.0,0.0
2024-06-06 13:55:00-04:00,50.73500061035156,50.888999938964844,50.73500061035156,50.872398376464844,142167,0.0,0.0
2024-06-06 14:00:00-04:00,50.880001068115234,50.89500045776367,50.70000076293945,50.709999084472656,71459,0.0,0.0
2024-06-06 14:05:00-04:00,50.70500183105469,50.70500183105469,50.59000015258789,50.595001220703125,91168,0.0,0.0
2024-06-06 14:10:00-04:00,50.59000015258789,50.650001525878906,50.54999923706055,50.595001220703125,76113,0.0,0.0
2024-06-06 14:15:00-04:00,50.595001220703125,50.70000076293945,50.58000183105469,50.685001373291016,107035,0.0,0.0
2024-06-06 14:20:00-04:00,50.68000030517578,50.70000076293945,50.6349983215332,50.6349983215332,83432,0.0,0.0
2024-06-06 14:25:00-04:00,50.630001068115234,50.689998626708984,50.630001068115234,50.665000915527344,50439,0.0,0.0
2024-06-06 14:30:00-04:00,50.65999984741211,50.75,50.640098571777344,50.744998931884766,95303,0.0,0.0
2024-06-06 14:35:00-04:00,50.744998931884766,50.79999923706055,50.73500061035156,50.749000549316406,103423,0.0,0.0
2024-06-06 14:40:00-04:00,50.7494010925293,50.810001373291016,50.744998931884766,50.79499816894531,68335,0.0,0.0
2024-06-06 14:45:00-04:00,50.79499816894531,50.86000061035156,50.79499816894531,50.85499954223633,45965,0.0,0.0
2024-06-06 14:50:00-04:00,50.85499954223633,50.95000076293945,50.85499954223633,50.92499923706055,71906,0.0,0.0
2024-06-06 14:55:00-04:00,50.92900085449219,50.93000030517578,50.89500045776367,50.915000915527344,80549,0.0,0.0
2024-06-06 15:00:00-04:00,50.90999984741211,50.90999984741211,50.85499954223633,50.8849983215332,83515,0.0,0.0
2024-06-06 15:05:00-04:00,50.880001068115234,50.97999954223633,50.880001068115234,50.974998474121094,120821,0.0,0.0
2024-06-06 15:10:00-04:00,50.974998474121094,51.060001373291016,50.974998474121094,51.005001068115234,159666,0.0,0.0
2024-06-06 15:15:00-04:00,51.005001068115234,51.03499984741211,50.942100524902344,50.98500061035156,92695,0.0,0.0
2024-06-06 15:20:00-04:00,50.98500061035156,51.029998779296875,50.98500061035156,51.0099983215332,120649,0.0,0.0
2024-06-06 15:25:00-04:00,51.005001068115234,51.06610107421875,50.9900016784668,51.05500030517578,124313,0.0,0.0
2024-06-06 15:30:00-04:00,51.05500030517578,51.130001068115234,51.029998779296875,51.04999923706055,123204,0.0,0.0
2024-06-06 15:35:00-04:00,51.04499816894531,51.095001220703125,51.025001525878906,51.07500076293945,141003,0.0,0.0
2024-06-06 15:40:00-04:00,51.07500076293945,51.099998474121094,50.994998931884766,51.084999084472656,158791,0.0,0.0
2024-06-06 15:45:00-04:00,51.08000183105469,51.18000030517578,51.08000183105469,51.143001556396484,261034,0.0,0.0
2024-06-06 15:50:00-04:00,51.13999938964844,51.189998626708984,51.09000015258789,51.09000015258789,335658,0.0,0.0
2024-06-06 15:55:00-04:00,51.095001220703125,51.279998779296875,51.064998626708984,51.25,814394,0.0,0.0
2024-06-07 09:30:00-04:00,49.650001525878906,49.75,49.11000061035156,49.12009811401367,966670,0.0,0.0
2024-06-07 09:35:00-04:00,49.125,49.529998779296875,49.11000061035156,49.46500015258789,328439,0.0,0.0
2024-06-07 09:40:00-04:00,49.45000076293945,49.709999084472656,49.43000030517578,49.6150016784668,264177,0.0,0.0
2024-06-07 09:45:00-04:00,49.599998474121094,49.599998474121094,49.375,49.529998779296875,176401,0.0,0.0
2024-06-07 09:50:00-04:00,49.529998779296875,49.630001068115234,49.47999954223633,49.5,124201,0.0,0.0
2024-06-07 09:55:00-04:00,49.49039840698242,49.505001068115234,49.2599983215332,49.29999923706055,165690,0.0,0.0
2024-06-07 10:00:00-04:00,49.30500030517578,49.40999984741211,49.25,49.34000015258789,194542,0.0,0.0
2024-06-07 10:05:00-04:00,49.334999084472656,49.400001525878906,49.16999816894531,49.349998474121094,175217,0.0,0.0
2024-06-07 10:10:00-04:00,49.34000015258789,49.34000015258789,49.18000030517578,49.19499969482422,113977,0.0,0.0
2024-06-07 10:15:00-04:00,49.20500183105469,49.439998626708984,49.15999984741211,49.43000030517578,167253,0.0,0.0
2024-06-07 10:20:00-04:00,49.41999816894531,49.56999969482422,49.38800048828125,49.4900016784668,128667,0.0,0.0
2024-06-07 10:25:00-04:00,49.490501403808594,49.58000183105469,49.43000030517578,49.529998779296875,85599,0.0,0.0
2024-06-07 10:30:00-04:00,49.529998779296875,49.61000061035156,49.47999954223633,49.564998626708984,69411,0.0,0.0
2024-06-07 10:35:00-04:00,49.560001373291016,49.69499969482422,49.51089859008789,49.65999984741211,136863,0.0,0.0
2024-06-07 10:40:00-04:00,49.66999816894531,49.7599983215332,49.63999938964844,49.7400016784668,102893,0.0,0.0
2024-06-07 10:45:00-04:00,49.7400016784668,49.77000045776367,49.650001525878906,49.68000030517578,119662,0.0,0.0
2024-06-07 10:50:00-04:00,49.68000030517578,49.70000076293945,49.52000045776367,49.529998779296875,114348,0.0,0.0
2024-06-07 10:55:00-04:00,49.54999923706055,49.64500045776367,49.4900016784668,49.619998931884766,128845,0.0,0.0
2024-06-07 11:00:00-04:00,49.61000061035156,49.61000061035156,49.40999984741211,49.439998626708984,76811,0.0,0.0
2024-06-07 11:05:00-04:00,49.459999084472656,49.459999084472656,49.365299224853516,49.41999816894531,72378,0.0,0.0
2024-06-07 11:10:00-04:00,49.41999816894531,49.4900016784668,49.369998931884766,49.4900016784668,65983,0.0,0.0
2024-06-07 11:15:00-04:00,49.47999954223633,49.5,49.41999816894531,49.420501708984375,88960,0.0,0.0
2024-06-07 11:20:00-04:00,49.439998626708984,49.45000076293945,49.375,49.45000076293945,55744,0.0,0.0
2024-06-07 11:25:00-04:00,49.45000076293945,49.4900016784668,49.279998779296875,49.334999084472656,140349,0.0,0.0
2024-06-07 11:30:00-04:00,49.349998474121094,49.38999938964844,49.20500183105469,49.21500015258789,75599,0.0,0.0
2024-06-07 11:35:00-04:00,49.21500015258789,49.2599983215332,49.15999984741211,49.189998626708984,143546,0.0,0.0
2024-06-07 11:40:00-04:00,49.19499969482422,49.279998779296875,49.15999984741211,49.15999984741211,93239,0.0,0.0
2024-06-07 11:45:00-04:00,49.165000915527344,49.2599983215332,49.154998779296875,49.2400016784668,132251,0.0,0.0
2024-06-07 11:50:00-04:00,49.2400016784668,49.2400016784668,49.119998931884766,49.130001068115234,69501,0.0,0.0
2024-06-07 11:55:00-04:00,49.130001068115234,49.1349983215332,48.96500015258789,48.97999954223633,156300,0.0,0.0
2024-06-07 12:00:00-04:00,48.974998474121094,48.9900016784668,48.93000030517578,48.95500183105469,78046,0.0,0.0
2024-06-07 12:05:00-04:00,48.95000076293945,49.04999923706055,48.92499923706055,49.0099983215332,77773,0.0,0.0
2024-06-07 12:10:00-04:00,49.0099983215332,49.10499954223633,49.0099983215332,49.04999923706055,67109,0.0,0.0
2024-06-07 12:15:00-04:00,49.05500030517578,49.08000183105469,49.02000045776367,49.05500030517578,54647,0.0,0.0
2024-06-07 12:20:00-04:00,49.060001373291016,49.130001068115234,49.05910110473633,49.119998931884766,70235,0.0,0.0
2024-06-07 12:25:00-04:00,49.119998931884766,49.13999938964844,49.09000015258789,49.1349983215332,54929,0.0,0.0
2024-06-07 12:30:00-04:00,49.13999938964844,49.209999084472656,49.04999923706055,49.05500030517578,69415,0.0,0.0
2024-06-07 12:35:00-04:00,49.05500030517578,49.099998474121094,49.0099983215332,49.0099983215332,107455,0.0,0.0
2024-06-07 12:40:00-04:00,49.01499938964844,49.11000061035156,48.994998931884766,49.084999084472656,67198,0.0,0.0
2024-06-07 12:45:00-04:00,49.08000183105469,49.08000183105469,48.98500061035156,49.040000915527344,52656,0.0,0.0
2024-06-07 12:50:00-04:00,49.04499816894531,49.11000061035156,49.029998779296875,49.10499954223633,62179,0.0,0.0
2024-06-07 12:55:00-04:00,49.11000061035156,49.125,49.060001373291016,49.099998474121094,87091,0.0,0.0
2024-06-07 13:00:00-04:00,49.099998474121094,49.11000061035156,48.970001220703125,48.974998474121094,68049,0.0,0.0
2024-06-07 13:05:00-04:00,48.974998474121094,49.04999923706055,48.970001220703125,49.025001525878906,100583,0.0,0.0
2024-06-07 13:10:00-04:00,49.025001525878906,49.119998931884766,49.01499938964844,49.10499954223633,101147,0.0,0.0
2024-06-07 13:15:00-04:00,49.11000061035156,49.224998474121094,49.10499954223633,49.1974983215332,92779,0.0,0.0
2024-06-07 13:20:00-04:00,49.189998626708984,49.27000045776367,49.165000915527344,49.20000076293945,60163,0.0,0.0
2024-06-07 13:25:00-04:00,49.209999084472656,49.209999084472656,49.025001525878906,49.040000915527344,85501,0.0,0.0
2024-06-07 13:30:00-04:00,49.029998779296875,49.04499816894531,48.959999084472656,49.01499938964844,78989,0.0,0.0
2024-06-07 13:35:00-04:00,49.01499938964844,49.08000183105469,49.0099983215332,49.07500076293945,53503,0.0,0.0
2024-06-07 13:40:00-04:00,49.07500076293945,49.09000015258789,49.0099983215332,49.08000183105469,50324,0.0,0.0
2024-06-07 13:45:00-04:00,49.084999084472656,49.09000015258789,49.02000045776367,49.060001373291016,54549,0.0,0.0
2024-06-07 13:50:00-04:00,49.060001373291016,49.11000061035156,49.0,49.00130081176758,75210,0.0,0.0
2024-06-07 13:55:00-04:00,49.0099983215332,49.01499938964844,48.95000076293945,48.959999084472656,56827,0.0,0.0
2024-06-07 14:00:00-04:00,48.95429992675781,48.96500015258789,48.845001220703125,48.86000061035156,114785,0.0,0.0
2024-06-07 14:05:00-04:00,48.86000061035156,48.970001220703125,48.82500076293945,48.939998626708984,220291,0.0,0.0
2024-06-07 14:10:00-04:00,48.938499450683594,48.95000076293945,48.86000061035156,48.88750076293945,160664,0.0,0.0
2024-06-07 14:15:00-04:00,48.88999938964844,49.02000045776367,48.877498626708984,49.02000045776367,71759,0.0,0.0
2024-06-07 14:20:00-04:00,49.0099983215332,49.16999816894531,49.005001068115234,49.16999816894531,216409,0.0,0.0
2024-06-07 14:25:00-04:00,49.15999984741211,49.29999923706055,49.150001525878906,49.279998779296875,138241,0.0,0.0
2024-06-07 14:30:00-04:00,49.279998779296875,49.66999816894531,49.26499938964844,49.38999938964844,1180721,0.0,0.0
2024-06-07 14:35:00-04:00,49.38999938964844,49.529998779296875,49.38999938964844,49.46500015258789,271704,0.0,0.0
2024-06-07 14:40:00-04:00,49.459999084472656,49.55500030517578,49.38999938964844,49.505001068115234,371150,0.0,0.0
2024-06-07 14:45:00-04:00,49.5,49.625,49.41999816894531,49.529998779296875,250910,0.0,0.0
2024-06-07 14:50:00-04:00,49.52000045776367,49.599998474121094,49.45000076293945,49.540000915527344,173084,0.0,0.0
2024-06-07 14:55:00-04:00,49.540000915527344,49.560001373291016,49.494998931884766,49.560001373291016,101788,0.0,0.0
2024-06-07 15:00:00-04:00,49.54999923706055,49.599998474121094,49.459999084472656,49.54499816894531,187567,0.0,0.0
2024-06-07 15:05:00-04:00,49.540000915527344,49.54990005493164,49.43000030517578,49.4900016784668,112395,0.0,0.0
2024-06-07 15:10:00-04:00,49.4900016784668,49.54999923706055,49.41999816894531,49.51499938964844,141064,0.0,0.0
2024-06-07 15:15:00-04:00,49.505001068115234,49.62699890136719,49.50360107421875,49.619998931884766,168651,0.0,0.0
2024-06-07 15:20:00-04:00,49.619998931884766,49.625,49.435001373291016,49.46500015258789,140906,0.0,0.0
2024-06-07 15:25:00-04:00,49.46500015258789,49.4900016784668,49.39500045776367,49.47999954223633,126515,0.0,0.0
2024-06-07 15:30:00-04:00,49.48500061035156,49.5099983215332,49.334999084472656,49.334999084472656,138838,0.0,0.0
2024-06-07 15:35:00-04:00,49.32500076293945,49.404998779296875,49.275001525878906,49.345001220703125,245324,0.0,0.0
2024-06-07 15:40:00-04:00,49.345001220703125,49.41999816894531,49.29999923706055,49.404998779296875,196765,0.0,0.0
2024-06-07 15:45:00-04:00,49.404998779296875,49.44499969482422,49.349998474121094,49.38999938964844,269853,0.0,0.0
2024-06-07 15:50:00-04:00,49.400001525878906,49.5099983215332,49.369998931884766,49.43000030517578,503626,0.0,0.0
2024-06-07 15:55:00-04:00,49.41999816894531,49.47999954223633,49.209999084472656,49.275001525878906,1249578,0.0,0.0
2024-06-10 09:30:00-04:00,49.5099983215332,49.75,49.459999084472656,49.720001220703125,405629,0.0,0.0
2024-06-10 09:35:00-04:00,49.720001220703125,49.88999938964844,49.58000183105469,49.7599983215332,231703,0.0,0.0
2024-06-10 09:40:00-04:00,49.75,49.779998779296875,49.599998474121094,49.67499923706055,204249,0.0,0.0
2024-06-10 09:45:00-04:00,49.67499923706055,49.720001220703125,49.4010009765625,49.439998626708984,133730,0.0,0.0
2024-06-10 09:50:00-04:00,49.45000076293945,49.59000015258789,49.43000030517578,49.54990005493164,92011,0.0,0.0
2024-06-10 09:55:00-04:00,49.55500030517578,49.68000030517578,49.54999923706055,49.68000030517578,83252,0.0,0.0
2024-06-10 10:00:00-04:00,49.685001373291016,49.709999084472656,49.46500015258789,49.529998779296875,87476,0.0,0.0
2024-06-10 10:05:00-04:00,49.529998779296875,49.66999816894531,49.494998931884766,49.650001525878906,91254,0.0,0.0
2024-06-10 10:10:00-04:00,49.65999984741211,49.689998626708984,49.540000915527344,49.64500045776367,94174,0.0,0.0
2024-06-10 10:15:00-04:00,49.650001525878906,49.83000183105469,49.63999938964844,49.81999969482422,83679,0.0,0.0
2024-06-10 10:20:00-04:00,49.81999969482422,49.869998931884766,49.79499816894531,49.86000061035156,114574,0.0,0.0
2024-06-10 10:25:00-04:00,49.849998474121094,49.849998474121094,49.689998626708984,49.70000076293945,87343,0.0,0.0
2024-06-10 10:30:00-04:00,49.70000076293945,49.81999969482422,49.650001525878906,49.80500030517578,110458,0.0,0.0
2024-06-10 10:35:00-04:00,49.80500030517578,49.959999084472656,49.79999923706055,49.959999084472656,58960,0.0,0.0
2024-06-10 10:40:00-04:00,49.959999084472656,50.084999084472656,49.939998626708984,50.07500076293945,111588,0.0,0.0
2024-06-10 10:45:00-04:00,50.08000183105469,50.09000015258789,49.959999084472656,50.000301361083984,78112,0.0,0.0
2024-06-10 10:50:00-04:00,50.005001068115234,50.03499984741211,49.959999084472656,49.96500015258789,69828,0.0,0.0
2024-06-10 10:55:00-04:00,49.959999084472656,49.959999084472656,49.720001220703125,49.7599983215332,87759,0.0,0.0
2024-06-10 11:00:00-04:00,49.7599983215332,49.79999923706055,49.685001373291016,49.724998474121094,92643,0.0,0.0
2024-06-10 11:05:00-04:00,49.724998474121094,49.755001068115234,49.65999984741211,49.689998626708984,83310,0.0,0.0
2024-06-10 11:10:00-04:00,49.689998626708984,49.75,49.66999816894531,49.744998931884766,73278,0.0,0.0
2024-06-10 11:15:00-04:00,49.744998931884766,49.95000076293945,49.71500015258789,49.935001373291016,105306,0.0,0.0
2024-06-10 11:20:00-04:00,49.935001373291016,50.01499938964844,49.93009948730469,49.959999084472656,81473,0.0,0.0
2024-06-10 11:25:00-04:00,49.970001220703125,50.0099983215332,49.939998626708984,50.0,78635,0.0,0.0
2024-06-10 11:30:00-04:00,50.005001068115234,50.08000183105469,50.005001068115234,50.06999969482422,108585,0.0,0.0
2024-06-10 11:35:00-04:00,50.064998626708984,50.09000015258789,50.02000045776367,50.08000183105469,99128,0.0,0.0
2024-06-10 11:40:00-04:00,50.08890151977539,50.15999984741211,50.07500076293945,50.119998931884766,86079,0.0,0.0
2024-06-10 11:45:00-04:00,50.125,50.150001525878906,50.084999084472656,50.1349983215332,59999,0.0,0.0
2024-06-10 11:50:00-04:00,50.13999938964844,50.17499923706055,50.08000183105469,50.11000061035156,69985,0.0,0.0
2024-06-10 11:55:00-04:00,50.10499954223633,50.119998931884766,50.060001373291016,50.064998626708984,54257,0.0,0.0
2024-06-10 12:00:00-04:00,50.06999969482422,50.17499923706055,50.064998626708984,50.1349983215332,69293,0.0,0.0
2024-06-10 12:05:00-04:00,50.125,50.185001373291016,50.11000061035156,50.16999816894531,107013,0.0,0.0
2024-06-10 12:10:00-04:00,50.165000915527344,50.220001220703125,50.1349983215332,50.150001525878906,82067,0.0,0.0
2024-06-10 12:15:00-04:00,50.154998779296875,50.160301208496094,50.040000915527344,50.060001373291016,60535,0.0,0.0
2024-06-10 12:20:00-04:00,50.06999969482422,50.09000015258789,50.04999923706055,50.05500030517578,56842,0.0,0.0
2024-06-10 12:25:00-04:00,50.05500030517578,50.059898376464844,49.95500183105469,49.970001220703125,69086,0.0,0.0
2024-06-10 12:30:00-04:00,49.974998474121094,50.029998779296875,49.96500015258789,50.025001525878906,78231,0.0,0.0
2024-06-10 12:35:00-04:00,50.025001525878906,50.060001373291016,50.010101318359375,50.04999923706055,59188,0.0,0.0
2024-06-10 12:40:00-04:00,50.040000915527344,50.095001220703125,50.029998779296875,50.03499984741211,124671,0.0,0.0
2024-06-10 12:45:00-04:00,50.029998779296875,50.029998779296875,49.90999984741211,49.90999984741211,40559,0.0,0.0
2024-06-10 12:50:00-04:00,49.90999984741211,49.95000076293945,49.900001525878906,49.94499969482422,57950,0.0,0.0
2024-06-10 12:55:00-04:00,49.94499969482422,49.959999084472656,49.915000915527344,49.95500183105469,47742,0.0,0.0
2024-06-10 13:00:00-04:00,49.959999084472656,49.959999084472656,49.8849983215332,49.904998779296875,55836,0.0,0.0
2024-06-10 13:05:00-04:00,49.904998779296875,49.959999084472656,49.873199462890625,49.873199462890625,54554,0.0,0.0
2024-06-10 13:10:00-04:00,49.869998931884766,49.880001068115234,49.83000183105469,49.85499954223633,109818,0.0,0.0
2024-06-10 13:15:00-04:00,49.849998474121094,49.86000061035156,49.779998779296875,49.814998626708984,95164,0.0,0.0
2024-06-10 13:20:00-04:00,49.814998626708984,49.83000183105469,49.77000045776367,49.775001525878906,95912,0.0,0.0
2024-06-10 13:25:00-04:00,49.775001525878906,49.834999084472656,49.7400016784668,49.779998779296875,97145,0.0,0.0
2024-06-10 13:30:00-04:00,49.779998779296875,49.84000015258789,49.75,49.834999084472656,49295,0.0,0.0
2024-06-10 13:35:00-04:00,49.834999084472656,49.8650016784668,49.81999969482422,49.84000015258789,68564,0.0,0.0
2024-06-10 13:40:00-04:00,49.84000015258789,49.91999816894531,49.84000015258789,49.904998779296875,44007,0.0,0.0
2024-06-10 13:45:00-04:00,49.904998779296875,50.040000915527344,49.85499954223633,50.02000045776367,100631,0.0,0.0
2024-06-10 13:50:00-04:00,50.02000045776367,50.02000045776367,49.95500183105469,49.974998474121094,35946,0.0,0.0
2024-06-10 13:55:00-04:00,49.97999954223633,50.0099983215332,49.95500183105469,49.959999084472656,43624,0.0,0.0
2024-06-10 14:00:00-04:00,49.959999084472656,49.970001220703125,49.915000915527344,49.95000076293945,60380,0.0,0.0
2024-06-10 14:05:00-04:00,49.95000076293945,49.95000076293945,49.880001068115234,49.900001525878906,44279,0.0,0.0
2024-06-10 14:10:00-04:00,49.8849983215332,49.90999984741211,49.869998931884766,49.88999938964844,36299,0.0,0.0
2024-06-10 14:15:00-04:00,49.89500045776367,49.91999816894531,49.85499954223633,49.88019943237305,50458,0.0,0.0
2024-06-10 14:20:00-04:00,49.88999938964844,49.97999954223633,49.86000061035156,49.96500015258789,71083,0.0,0.0
2024-06-10 14:25:00-04:00,49.959999084472656,49.97999954223633,49.90999984741211,49.93009948730469,50356,0.0,0.0
2024-06-10 14:30:00-04:00,49.935001373291016,49.97999954223633,49.92499923706055,49.96500015258789,69191,0.0,0.0
2024-06-10 14:35:00-04:00,49.970001220703125,50.029998779296875,49.960201263427734,49.98500061035156,75109,0.0,0.0
2024-06-10 14:40:00-04:00,49.98500061035156,50.10499954223633,49.98500061035156,50.07500076293945,82091,0.0,0.0
2024-06-10 14:45:00-04:00,50.07500076293945,50.09000015258789,50.010101318359375,50.04999923706055,57142,0.0,0.0
2024-06-10 14:50:00-04:00,50.04999923706055,50.060001373291016,49.915000915527344,49.935001373291016,73893,0.0,0.0
2024-06-10 14:55:00-04:00,49.93000030517578,49.95500183105469,49.880001068115234,49.8849983215332,72715,0.0,0.0
2024-06-10 15:00:00-04:00,49.8849983215332,49.97529983520508,49.880001068115234,49.95640182495117,83937,0.0,0.0
2024-06-10 15:05:00-04:00,49.95000076293945,50.0,49.95000076293945,49.9900016784668,55206,0.0,0.0
2024-06-10 15:10:00-04:00,49.994998931884766,50.040000915527344,49.95500183105469,50.03499984741211,90022,0.0,0.0
2024-06-10 15:15:00-04:00,50.040000915527344,50.099998474121094,50.005001068115234,50.064998626708984,133090,0.0,0.0
2024-06-10 15:20:00-04:00,50.064998626708984,50.099998474121094,50.04999923706055,50.04999923706055,84308,0.0,0.0
2024-06-10 15:25:00-04:00,50.05500030517578,50.08000183105469,50.029998779296875,50.03499984741211,105566,0.0,0.0
2024-06-10 15:30:00-04:00,50.029998779296875,50.029998779296875,49.96500015258789,49.98500061035156,88722,0.0,0.0
2024-06-10 15:35:00-04:00,49.98500061035156,50.0,49.91999816894531,49.935001373291016,135016,0.0,0.0
2024-06-10 15:40:00-04:00,49.935001373291016,50.0,49.91999816894531,49.994998931884766,173313,0.0,0.0
2024-06-10 15:45:00-04:00,49.994998931884766,50.0,49.8650016784668,49.869998931884766,227279,0.0,0.0
2024-06-10 15:50:00-04:00,49.86000061035156,49.935001373291016,49.82500076293945,49.90019989013672,365626,0.0,0.0
2024-06-10 15:55:00-04:00,49.904998779296875,50.09000015258789,49.880001068115234,50.0,823312,0.0,0.0
2024-06-11 09:30:00-04:00,48.90999984741211,48.97999954223633,48.58000183105469,48.7599983215332,452845,0.0,0.0
2024-06-11 09:35:00-04:00,48.54499816894531,48.54999923706055,48.279998779296875,48.45000076293945,402598,0.0,0.0
2024-06-11 09:40:00-04:00,48.43000030517578,48.68000030517578,48.369998931884766,48.6349983215332,205952,0.0,0.0
2024-06-11 09:45:00-04:00,48.619998931884766,48.650001525878906,48.400001525878906,48.47529983520508,209168,0.0,0.0
2024-06-11 09:50:00-04:00,48.470001220703125,48.7599983215332,48.43000030517578,48.630001068115234,204690,0.0,0.0
2024-06-11 09:55:00-04:00,48.62919998168945,48.7400016784668,48.560001373291016,48.6349983215332,174737,0.0,0.0
2024-06-11 10:00:00-04:00,48.65999984741211,48.68000030517578,48.435001373291016,48.4900016784668,173207,0.0,0.0
2024-06-11 10:05:00-04:00,48.4900016784668,48.744998931884766,48.439998626708984,48.654998779296875,146695,0.0,0.0
2024-06-11 10:10:00-04:00,48.654998779296875,48.7400016784668,48.60499954223633,48.720001220703125,119379,0.0,0.0
2024-06-11 10:15:00-04:00,48.724998474121094,48.77000045776367,48.58000183105469,48.61000061035156,160345,0.0,0.0
2024-06-11 10:20:00-04:00,48.599998474121094,48.70000076293945,48.599998474121094,48.65999984741211,127222,0.0,0.0
2024-06-11 10:25:00-04:00,48.66999816894531,48.72999954223633,48.6150016784668,48.72999954223633,86551,0.0,0.0
2024-06-11 10:30:00-04:00,48.72999954223633,48.97999954223633,48.63999938964844,48.970001220703125,296196,0.0,0.0
2024-06-11 10:35:00-04:00,48.970001220703125,49.1150016784668,48.92499923706055,49.029998779296875,186257,0.0,0.0
2024-06-11 10:40:00-04:00,49.029998779296875,49.13999938964844,49.029998779296875,49.040000915527344,225042,0.0,0.0
2024-06-11 10:45:00-04:00,49.029998779296875,49.060001373291016,48.95000076293945,49.025001525878906,71127,0.0,0.0
2024-06-11 10:50:00-04:00,49.03499984741211,49.06999969482422,48.970001220703125,49.0099983215332,112181,0.0,0.0
2024-06-11 10:55:00-04:00,49.0099983215332,49.06999969482422,48.970001220703125,49.0099983215332,149648,0.0,0.0
2024-06-11 11:00:00-04:00,49.0099983215332,49.040000915527344,48.970001220703125,48.970001220703125,74824,0.0,0.0
2024-06-11 11:05:00-04:00,48.97999954223633,49.04999923706055,48.97999954223633,49.01499938964844,46025,0.0,0.0
2024-06-11 11:10:00-04:00,49.02000045776367,49.060001373291016,48.9900016784668,49.0,65892,0.0,0.0
2024-06-11 11:15:00-04:00,48.994998931884766,49.09000015258789,48.970001220703125,49.06999969482422,120661,0.0,0.0
2024-06-11 11:20:00-04:00,49.064998626708984,49.15999984741211,49.06010055541992,49.07500076293945,103197,0.0,0.0
2024-06-11 11:25:00-04:00,49.06999969482422,49.165000915527344,49.06999969482422,49.13999938964844,69177,0.0,0.0
2024-06-11 11:30:00-04:00,49.150001525878906,49.20000076293945,49.1150016784668,49.154998779296875,109351,0.0,0.0
2024-06-11 11:35:00-04:00,49.15999984741211,49.2400016784668,49.13999938964844,49.16999816894531,104773,0.0,0.0
2024-06-11 11:40:00-04:00,49.150001525878906,49.150001525878906,49.039100646972656,49.060001373291016,101835,0.0,0.0
2024-06-11 11:45:00-04:00,49.06999969482422,49.06999969482422,48.900001525878906,48.95000076293945,110258,0.0,0.0
2024-06-11 11:50:00-04:00,48.95000076293945,49.08000183105469,48.94499969482422,49.04999923706055,73629,0.0,0.0
2024-06-11 11:55:00-04:00,49.04999923706055,49.09000015258789,49.040000915527344,49.07500076293945,50964,0.0,0.0
2024-06-11 12:00:00-04:00,49.07500076293945,49.130001068115234,49.060001373291016,49.125,70396,0.0,0.0
2024-06-11 12:05:00-04:00,49.119998931884766,49.154998779296875,49.08000183105469,49.09000015258789,74273,0.0,0.0
2024-06-11 12:10:00-04:00,49.09000015258789,49.095001220703125,49.029998779296875,49.040000915527344,57060,0.0,0.0
2024-06-11 12:15:00-04:00,49.049800872802734,49.060001373291016,48.97999954223633,48.9900016784668,60826,0.0,0.0
2024-06-11 12:20:00-04:00,49.0,49.02000045776367,48.900001525878906,48.93000030517578,78424,0.0,0.0
2024-06-11 12:25:00-04:00,48.91999816894531,49.084999084472656,48.91999816894531,49.04999923706055,48847,0.0,0.0
2024-06-11 12:30:00-04:00,49.05910110473633,49.13999938964844,49.0099983215332,49.13999938964844,108009,0.0,0.0
2024-06-11 12:35:00-04:00,49.1349983215332,49.23500061035156,49.12009811401367,49.224998474121094,38017,0.0,0.0
2024-06-11 12:40:00-04:00,49.220001220703125,49.224998474121094,49.15999984741211,49.19499969482422,57002,0.0,0.0
2024-06-11 12:45:00-04:00,49.19499969482422,49.21989822387695,49.165000915527344,49.209999084472656,61207,0.0,0.0
2024-06-11 12:50:00-04:00,49.220001220703125,49.2400016784668,49.189998626708984,49.21500015258789,40302,0.0,0.0
2024-06-11 12:55:00-04:00,49.21500015258789,49.23500061035156,49.185001373291016,49.209999084472656,49518,0.0,0.0
2024-06-11 13:00:00-04:00,49.209999084472656,49.28499984741211,49.130001068115234,49.220001220703125,121516,0.0,0.0
2024-06-11 13:05:00-04:00,49.21500015258789,49.2400016784668,49.15999984741211,49.15999984741211,51346,0.0,0.0
2024-06-11 13:10:00-04:00,49.15999984741211,49.189998626708984,49.150001525878906,49.150001525878906,25320,0.0,0.0
2024-06-11 13:15:00-04:00,49.154998779296875,49.189998626708984,49.060001373291016,49.10499954223633,52579,0.0,0.0
2024-06-11 13:20:00-04:00,49.11000061035156,49.1349983215332,49.05500030517578,49.05500030517578,34467,0.0,0.0
2024-06-11 13:25:00-04:00,49.060001373291016,49.119998931884766,49.060001373291016,49.11000061035156,36488,0.0,0.0
2024-06-11 13:30:00-04:00,49.1150016784668,49.13999938964844,49.09000015258789,49.119998931884766,45443,0.0,0.0
2024-06-11 13:35:00-04:00,49.125,49.16999816894531,49.11479949951172,49.15999984741211,32988,0.0,0.0
2024-06-11 13:40:00-04:00,49.15999984741211,49.165000915527344,49.11000061035156,49.13999938964844,35680,0.0,0.0
2024-06-11 13:45:00-04:00,49.14500045776367,49.229000091552734,49.1349983215332,49.220001220703125,67372,0.0,0.0
2024-06-11 13:50:00-04:00,49.220001220703125,49.310001373291016,49.20000076293945,49.29990005493164,75305,0.0,0.0
2024-06-11 13:55:00-04:00,49.29999923706055,49.345001220703125,49.282501220703125,49.345001220703125,74013,0.0,0.0
2024-06-11 14:00:00-04:00,49.34659957885742,49.439998626708984,49.310001373291016,49.421600341796875,100049,0.0,0.0
2024-06-11 14:05:00-04:00,49.41999816894531,49.41999816894531,49.29499816894531,49.30500030517578,99361,0.0,0.0
2024-06-11 14:10:00-04:00,49.29999923706055,49.308101654052734,49.2599983215332,49.29499816894531,68078,0.0,0.0
2024-06-11 14:15:00-04:00,49.29499816894531,49.34000015258789,49.2599983215332,49.334999084472656,50324,0.0,0.0
2024-06-11 14:20:00-04:00,49.33000183105469,49.40999984741211,49.290000915527344,49.310001373291016,129570,0.0,0.0
2024-06-11 14:25:00-04:00,49.310001373291016,49.349998474121094,49.29999923706055,49.349998474121094,30932,0.0,0.0
2024-06-11 14:30:00-04:00,49.349998474121094,49.400001525878906,49.31999969482422,49.31999969482422,61101,0.0,0.0
2024-06-11 14:35:00-04:00,49.328800201416016,49.36000061035156,49.31999969482422,49.31999969482422,71891,0.0,0.0
2024-06-11 14:40:00-04:00,49.31999969482422,49.35499954223633,49.27000045776367,49.279998779296875,45952,0.0,0.0
2024-06-11 14:45:00-04:00,49.275001525878906,49.34000015258789,49.27000045776367,49.30500030517578,49458,0.0,0.0
2024-06-11 14:50:00-04:00,49.29999923706055,49.314998626708984,49.2599983215332,49.27000045776367,47552,0.0,0.0
2024-06-11 14:55:00-04:00,49.275001525878906,49.345001220703125,49.25,49.345001220703125,74835,0.0,0.0
2024-06-11 15:00:00-04:00,49.349998474121094,49.415000915527344,49.345001220703125,49.36000061035156,122417,0.0,0.0
2024-06-11 15:05:00-04:00,49.3650016784668,49.399898529052734,49.349998474121094,49.375,81625,0.0,0.0
2024-06-11 15:10:00-04:00,49.369998931884766,49.41999816894531,49.31999969482422,49.415000915527344,65159,0.0,0.0
2024-06-11 15:15:00-04:00,49.415000915527344,49.41999816894531,49.33000183105469,49.33000183105469,68000,0.0,0.0
2024-06-11 15:20:00-04:00,49.31999969482422,49.33000183105469,49.255001068115234,49.255001068115234,70173,0.0,0.0
2024-06-11 15:25:00-04:00,49.255001068115234,49.255001068115234,49.20000076293945,49.209999084472656,67681,0.0,0.0
2024-06-11 15:30:00-04:00,49.20500183105469,49.229000091552734,49.154998779296875,49.18000030517578,118691,0.0,0.0
2024-06-11 15:35:00-04:00,49.185001373291016,49.220001220703125,49.16999816894531,49.209999084472656,89189,0.0,0.0
2024-06-11 15:40:00-04:00,49.21500015258789,49.22999954223633,49.15999984741211,49.189998626708984,94652,0.0,0.0
2024-06-11 15:45:00-04:00,49.189998626708984,49.25,49.15999984741211,49.160099029541016,170535,0.0,0.0
2024-06-11 15:50:00-04:00,49.16999816894531,49.310001373291016,49.165000915527344,49.279998779296875,316805,0.0,0.0
2024-06-11 15:55:00-04:00,49.279998779296875,49.380001068115234,49.27000045776367,49.34000015258789,682734,0.0,0.0
2024-06-12 09:30:00-04:00,50.86000061035156,51.27000045776367,50.279998779296875,50.375,827835,0.0,0.0
2024-06-12 09:35:00-04:00,50.380001068115234,50.40999984741211,50.040000915527344,50.09000015258789,226724,0.0,0.0
2024-06-12 09:40:00-04:00,50.06999969482422,50.119998931884766,49.83000183105469,50.0099983215332,197058,0.0,0.0
2024-06-12 09:45:00-04:00,50.0099983215332,50.13999938964844,49.86000061035156,49.97999954223633,149884,0.0,0.0
2024-06-12 09:50:00-04:00,49.97999954223633,50.040000915527344,49.88999938964844,49.89500045776367,105082,0.0,0.0
2024-06-12 09:55:00-04:00,49.900001525878906,50.08000183105469,49.900001525878906,50.0,89031,0.0,0.0
2024-06-12 10:00:00-04:00,50.0099983215332,50.029998779296875,49.86000061035156,49.939998626708984,111045,0.0,0.0
2024-06-12 10:05:00-04:00,49.95000076293945,49.95000076293945,49.77000045776367,49.814998626708984,83041,0.0,0.0
2024-06-12 10:10:00-04:00,49.81999969482422,50.119998931884766,49.68000030517578,50.115299224853516,264509,0.0,0.0
2024-06-12 10:15:00-04:00,50.11000061035156,50.220001220703125,50.04999923706055,50.20000076293945,102433,0.0,0.0
2024-06-12 10:20:00-04:00,50.20000076293945,50.2599983215332,50.185001373291016,50.220001220703125,139237,0.0,0.0
2024-06-12 10:25:00-04:00,50.220001220703125,50.369998931884766,50.21009826660156,50.30500030517578,128286,0.0,0.0
2024-06-12 10:30:00-04:00,50.29999923706055,50.30500030517578,49.97999954223633,49.97999954223633,135731,0.0,0.0
2024-06-12 10:35:00-04:00,49.98500061035156,50.005001068115234,49.68000030517578,49.709999084472656,111284,0.0,0.0
2024-06-12 10:40:00-04:00,49.720001220703125,49.790000915527344,49.63999938964844,49.63999938964844,155263,0.0,0.0
2024-06-12 10:45:00-04:00,49.625,49.72999954223633,49.59000015258789,49.720001220703125,126430,0.0,0.0
2024-06-12 10:50:00-04:00,49.70000076293945,49.790000915527344,49.609901428222656,49.75,90627,0.0,0.0
2024-06-12 10:55:00-04:00,49.7400016784668,49.790000915527344,49.65999984741211,49.75,108374,0.0,0.0
2024-06-12 11:00:00-04:00,49.7400016784668,49.849998474121094,49.724998474121094,49.83000183105469,68945,0.0,0.0
2024-06-12 11:05:00-04:00,49.84000015258789,49.93000030517578,49.79999923706055,49.900001525878906,99474,0.0,0.0
2024-06-12 11:10:00-04:00,49.8921012878418,49.904998779296875,49.83000183105469,49.8650016784668,92323,0.0,0.0
2024-06-12 11:15:00-04:00,49.861698150634766,49.97999954223633,49.849998474121094,49.86000061035156,74631,0.0,0.0
2024-06-12 11:20:00-04:00,49.869998931884766,49.939998626708984,49.849998474121094,49.86000061035156,53992,0.0,0.0
2024-06-12 11:25:00-04:00,49.86199951171875,49.96500015258789,49.849998474121094,49.91999816894531,101905,0.0,0.0
2024-06-12 11:30:00-04:00,49.90999984741211,49.90999984741211,49.779998779296875,49.79999923706055,49338,0.0,0.0
2024-06-12 11:35:00-04:00,49.790000915527344,49.935001373291016,49.779998779296875,49.904998779296875,108590,0.0,0.0
2024-06-12 11:40:00-04:00,49.90999984741211,49.959999084472656,49.80500030517578,49.8223991394043,137817,0.0,0.0
2024-06-12 11:45:00-04:00,49.81999969482422,49.81999969482422,49.720001220703125,49.73500061035156,42788,0.0,0.0
2024-06-12 11:50:00-04:00,49.7400016784668,49.79999923706055,49.650001525878906,49.798301696777344,105069,0.0,0.0
2024-06-12 11:55:00-04:00,49.790000915527344,49.79999923706055,49.70000076293945,49.7599983215332,88932,0.0,0.0
2024-06-12 12:00:00-04:00,49.7599983215332,49.790000915527344,49.69499969482422,49.69499969482422,70366,0.0,0.0
2024-06-12 12:05:00-04:00,49.69499969482422,49.7599983215332,49.66999816894531,49.7400016784668,47950,0.0,0.0
2024-06-12 12:10:00-04:00,49.7400016784668,49.755001068115234,49.68000030517578,49.689998626708984,46969,0.0,0.0
2024-06-12 12:15:00-04:00,49.68000030517578,49.689998626708984,49.654998779296875,49.65999984741211,23117,0.0,0.0
2024-06-12 12:20:00-04:00,49.65999984741211,49.720001220703125,49.650001525878906,49.709999084472656,38626,0.0,0.0
2024-06-12 12:25:00-04:00,49.71310043334961,49.7400016784668,49.67499923706055,49.720001220703125,60749,0.0,0.0
2024-06-12 12:30:00-04:00,49.70000076293945,49.77000045776367,49.68000030517578,49.73500061035156,38178,0.0,0.0
2024-06-12 12:35:00-04:00,49.730098724365234,49.779998779296875,49.724998474121094,49.76499938964844,43282,0.0,0.0
2024-06-12 12:40:00-04:00,49.76499938964844,49.79499816894531,49.73500061035156,49.755001068115234,46683,0.0,0.0
2024-06-12 12:45:00-04:00,49.7599983215332,49.78499984741211,49.7400016784668,49.7599983215332,47354,0.0,0.0
2024-06-12 12:50:00-04:00,49.76359939575195,49.779998779296875,49.71500015258789,49.744998931884766,49187,0.0,0.0
2024-06-12 12:55:00-04:00,49.7400016784668,49.79499816894531,49.724998474121094,49.75,66501,0.0,0.0
2024-06-12 13:00:00-04:00,49.7599983215332,49.77000045776367,49.665000915527344,49.66999816894531,44612,0.0,0.0
2024-06-12 13:05:00-04:00,49.66999816894531,49.68000030517578,49.630001068115234,49.630001068115234,70709,0.0,0.0
2024-06-12 13:10:00-04:00,49.619998931884766,49.665000915527344,49.619998931884766,49.63999938964844,45202,0.0,0.0
2024-06-12 13:15:00-04:00,49.64400100708008,49.665000915527344,49.630001068115234,49.65999984741211,28483,0.0,0.0
2024-06-12 13:20:00-04:00,49.65999984741211,49.720001220703125,49.65999984741211,49.71620178222656,77563,0.0,0.0
2024-06-12 13:25:00-04:00,49.712398529052734,49.755001068115234,49.70500183105469,49.709999084472656,52952,0.0,0.0
2024-06-12 13:30:00-04:00,49.709999084472656,49.710899353027344,49.560001373291016,49.595001220703125,107946,0.0,0.0
2024-06-12 13:35:00-04:00,49.595001220703125,49.599998474121094,49.54999923706055,49.560001373291016,51701,0.0,0.0
2024-06-12 13:40:00-04:00,49.55500030517578,49.625,49.540000915527344,49.584999084472656,68255,0.0,0.0
2024-06-12 13:45:00-04:00,49.56999969482422,49.59000015258789,49.529998779296875,49.55220031738281,38667,0.0,0.0
2024-06-12 13:50:00-04:00,49.560001373291016,49.654998779296875,49.560001373291016,49.650001525878906,64834,0.0,0.0
2024-06-12 13:55:00-04:00,49.650001525878906,49.665000915527344,49.56999969482422,49.56999969482422,148356,0.0,0.0
2024-06-12 14:00:00-04:00,49.57500076293945,49.63999938964844,49.18000030517578,49.41999816894531,217994,0.0,0.0
2024-06-12 14:05:00-04:00,49.41999816894531,49.54999923706055,49.290000915527344,49.400001525878906,139187,0.0,0.0
2024-06-12 14:10:00-04:00,49.404998779296875,49.529998779296875,49.369998931884766,49.400001525878906,89715,0.0,0.0
2024-06-12 14:15:00-04:00,49.40999984741211,49.61000061035156,49.37519836425781,49.54499816894531,87674,0.0,0.0
2024-06-12 14:20:00-04:00,49.529998779296875,49.599998474121094,49.47669982910156,49.54999923706055,58912,0.0,0.0
2024-06-12 14:25:00-04:00,49.560001373291016,49.65999984741211,49.540000915527344,49.6349983215332,56621,0.0,0.0
2024-06-12 14:30:00-04:00,49.63999938964844,49.775001525878906,49.459999084472656,49.717498779296875,181974,0.0,0.0
2024-06-12 14:35:00-04:00,49.70000076293945,49.7599983215332,49.47999954223633,49.685001373291016,162397,0.0,0.0
2024-06-12 14:40:00-04:00,49.68000030517578,49.709999084472656,49.33000183105469,49.470001220703125,107067,0.0,0.0
2024-06-12 14:45:00-04:00,49.45000076293945,49.459999084472656,49.290000915527344,49.31999969482422,114026,0.0,0.0
2024-06-12 14:50:00-04:00,49.36000061035156,49.45000076293945,49.279998779296875,49.36000061035156,90576,0.0,0.0
2024-06-12 14:55:00-04:00,49.36000061035156,49.59000015258789,49.345001220703125,49.47999954223633,83423,0.0,0.0
2024-06-12 15:00:00-04:00,49.459999084472656,49.61000061035156,49.439998626708984,49.5099983215332,74016,0.0,0.0
2024-06-12 15:05:00-04:00,49.5099983215332,49.540000915527344,49.41999816894531,49.470001220703125,63811,0.0,0.0
2024-06-12 15:10:00-04:00,49.46500015258789,49.4900016784668,49.3849983215332,49.45000076293945,104718,0.0,0.0
2024-06-12 15:15:00-04:00,49.45000076293945,49.47800064086914,49.380001068115234,49.42319869995117,78018,0.0,0.0
2024-06-12 15:20:00-04:00,49.41999816894531,49.43000030517578,49.15999984741211,49.17499923706055,170533,0.0,0.0
2024-06-12 15:25:00-04:00,49.150001525878906,49.209999084472656,48.92499923706055,48.959999084472656,183960,0.0,0.0
2024-06-12 15:30:00-04:00,48.970001220703125,49.08000183105469,48.91999816894531,49.025001525878906,199428,0.0,0.0
2024-06-12 15:35:00-04:00,49.02000045776367,49.154998779296875,48.974998474121094,49.06999969482422,116583,0.0,0.0
2024-06-12 15:40:00-04:00,49.060001373291016,49.169898986816406,49.029998779296875,49.12030029296875,140824,0.0,0.0
2024-06-12 15:45:00-04:00,49.130001068115234,49.279998779296875,49.10499954223633,49.244998931884766,166472,0.0,0.0
2024-06-12 15:50:00-04:00,49.2599983215332,49.33000183105469,49.20500183105469,49.2599983215332,249714,0.0,0.0
2024-06-12 15:55:00-04:00,49.26499938964844,49.35499954223633,49.16999816894531,49.189998626708984,661418,0.0,0.0
2024-06-13 09:30:00-04:00,49.11000061035156,49.11000061035156,48.7599983215332,48.88999938964844,264244,0.0,0.0
2024-06-13 09:35:00-04:00,48.900001525878906,48.959999084472656,48.45389938354492,48.54079818725586,368169,0.0,0.0
2024-06-13 09:40:00-04:00,48.54999923706055,48.625,48.34000015258789,48.40999984741211,266010,0.0,0.0
2024-06-13 09:45:00-04:00,48.400001525878906,48.47999954223633,48.290000915527344,48.4119987487793,228130,0.0,0.0
2024-06-13 09:50:00-04:00,48.41999816894531,48.47999954223633,48.2599983215332,48.262001037597656,185689,0.0,0.0
2024-06-13 09:55:00-04:00,48.27000045776367,48.31999969482422,48.220001220703125,48.2599983215332,185214,0.0,0.0
2024-06-13 10:00:00-04:00,48.26499938964844,48.345001220703125,48.119998931884766,48.119998931884766,202325,0.0,0.0
2024-06-13 10:05:00-04:00,48.119998931884766,48.25,48.099998474121094,48.20100021362305,131547,0.0,0.0
2024-06-13 10:10:00-04:00,48.189998626708984,48.189998626708984,48.0099983215332,48.08000183105469,201640,0.0,0.0
2024-06-13 10:15:00-04:00,48.08000183105469,48.220001220703125,48.060001373291016,48.130001068115234,118039,0.0,0.0
2024-06-13 10:20:00-04:00,48.1349983215332,48.16999816894531,47.970001220703125,47.974998474121094,196846,0.0,0.0
2024-06-13 10:25:00-04:00,47.992000579833984,48.0,47.84000015258789,47.97990036010742,296695,0.0,0.0
2024-06-13 10:30:00-04:00,47.97999954223633,47.9900016784668,47.869998931884766,47.92499923706055,146947,0.0,0.0
2024-06-13 10:35:00-04:00,47.915000915527344,48.02000045776367,47.88990020751953,48.010501861572266,133188,0.0,0.0
2024-06-13 10:40:00-04:00,48.01499938964844,48.02000045776367,47.880001068115234,47.90999984741211,109779,0.0,0.0
2024-06-13 10:45:00-04:00,47.91999816894531,47.959999084472656,47.849998474121094,47.92499923706055,89264,0.0,0.0
2024-06-13 10:50:00-04:00,47.92499923706055,47.9900016784668,47.90999984741211,47.980899810791016,100756,0.0,0.0
2024-06-13 10:55:00-04:00,47.97999954223633,48.099998474121094,47.970001220703125,48.07500076293945,116345,0.0,0.0
2024-06-13 11:00:00-04:00,48.07500076293945,48.09000015258789,47.994998931884766,48.005001068115234,82322,0.0,0.0
2024-06-13 11:05:00-04:00,48.0,48.08000183105469,47.91999816894531,47.935001373291016,132267,0.0,0.0
2024-06-13 11:10:00-04:00,47.930999755859375,47.97999954223633,47.90999984741211,47.970001220703125,77537,0.0,0.0
2024-06-13 11:15:00-04:00,47.970001220703125,47.97999954223633,47.82500076293945,47.880001068115234,137802,0.0,0.0
2024-06-13 11:20:00-04:00,47.88999938964844,47.904998779296875,47.79999923706055,47.869998931884766,95909,0.0,0.0
2024-06-13 11:25:00-04:00,47.8650016784668,47.92499923706055,47.84000015258789,47.880001068115234,82772,0.0,0.0
2024-06-13 11:30:00-04:00,47.880001068115234,47.91999816894531,47.84000015258789,47.90999984741211,96327,0.0,0.0
2024-06-13 11:35:00-04:00,47.90999984741211,47.970001220703125,47.830101013183594,47.834999084472656,104587,0.0,0.0
2024-06-13 11:40:00-04:00,47.834999084472656,47.869998931884766,47.766998291015625,47.790000915527344,105938,0.0,0.0
2024-06-13 11:45:00-04:00,47.79999923706055,47.81999969482422,47.72480010986328,47.779998779296875,117481,0.0,0.0
2024-06-13 11:50:00-04:00,47.79999923706055,47.86000061035156,47.779998779296875,47.80500030517578,98578,0.0,0.0
2024-06-13 11:55:00-04:00,47.810001373291016,47.83000183105469,47.76499938964844,47.76499938964844,80703,0.0,0.0
2024-06-13 12:00:00-04:00,47.77000045776367,47.779998779296875,47.65999984741211,47.73160171508789,112969,0.0,0.0
2024-06-13 12:05:00-04:00,47.73500061035156,47.77000045776367,47.61009979248047,47.630001068115234,103235,0.0,0.0
2024-06-13 12:10:00-04:00,47.630001068115234,47.726200103759766,47.619998931884766,47.720001220703125,88231,0.0,0.0
2024-06-13 12:15:00-04:00,47.720001220703125,47.720001220703125,47.61000061035156,47.661399841308594,87480,0.0,0.0
2024-06-13 12:20:00-04:00,47.65999984741211,47.7400016784668,47.63999938964844,47.70000076293945,123602,0.0,0.0
2024-06-13 12:25:00-04:00,47.70000076293945,47.75,47.64500045776367,47.7411994934082,89302,0.0,0.0
2024-06-13 12:30:00-04:00,47.75,47.810001373291016,47.72999954223633,47.79499816894531,89854,0.0,0.0
2024-06-13 12:35:00-04:00,47.79999923706055,47.79999923706055,47.73500061035156,47.790000915527344,51394,0.0,0.0
2024-06-13 12:40:00-04:00,47.78499984741211,47.790000915527344,47.73500061035156,47.75,70023,0.0,0.0
2024-06-13 12:45:00-04:00,47.744998931884766,47.779998779296875,47.724998474121094,47.755001068115234,54591,0.0,0.0
2024-06-13 12:50:00-04:00,47.7599983215332,47.83000183105469,47.755001068115234,47.810001373291016,64997,0.0,0.0
2024-06-13 12:55:00-04:00,47.80500030517578,47.90999984741211,47.77000045776367,47.90380096435547,264458,0.0,0.0
2024-06-13 13:00:00-04:00,47.900001525878906,48.11000061035156,47.880001068115234,48.0099983215332,276701,0.0,0.0
2024-06-13 13:05:00-04:00,48.02000045776367,48.06999969482422,47.994998931884766,48.03620147705078,117017,0.0,0.0
2024-06-13 13:10:00-04:00,48.040000915527344,48.119998931884766,48.029998779296875,48.080101013183594,91609,0.0,0.0
2024-06-13 13:15:00-04:00,48.08000183105469,48.08000183105469,48.0,48.0099983215332,121860,0.0,0.0
2024-06-13 13:20:00-04:00,48.0099983215332,48.05500030517578,47.9900016784668,48.029998779296875,52095,0.0,0.0
2024-06-13 13:25:00-04:00,48.03499984741211,48.05500030517578,48.02000045776367,48.029998779296875,42681,0.0,0.0
2024-06-13 13:30:00-04:00,48.029998779296875,48.029998779296875,47.95500183105469,47.96500015258789,52802,0.0,0.0
2024-06-13 13:35:00-04:00,47.959999084472656,47.959999084472656,47.880001068115234,47.93000030517578,63663,0.0,0.0
2024-06-13 13:40:00-04:00,47.93000030517578,47.95000076293945,47.900001525878906,47.90250015258789,59414,0.0,0.0
2024-06-13 13:45:00-04:00,47.90999984741211,47.91999816894531,47.869998931884766,47.904998779296875,64246,0.0,0.0
2024-06-13 13:50:00-04:00,47.90999984741211,47.98500061035156,47.88999938964844,47.97999954223633,68856,0.0,0.0
2024-06-13 13:55:00-04:00,47.988399505615234,48.04999923706055,47.970001220703125,48.025001525878906,91050,0.0,0.0
2024-06-13 14:00:00-04:00,48.025001525878906,48.029998779296875,47.98500061035156,47.9900016784668,92523,0.0,0.0
2024-06-13 14:05:00-04:00,47.986900329589844,47.9900016784668,47.939998626708984,47.959999084472656,65696,0.0,0.0
2024-06-13 14:10:00-04:00,47.96500015258789,48.017398834228516,47.95000076293945,47.98500061035156,50795,0.0,0.0
2024-06-13 14:15:00-04:00,47.98500061035156,47.9900016784668,47.939998626708984,47.95500183105469,51438,0.0,0.0
2024-06-13 14:20:00-04:00,47.95500183105469,47.97999954223633,47.90999984741211,47.94499969482422,114923,0.0,0.0
2024-06-13 14:25:00-04:00,47.94499969482422,48.099998474121094,47.939998626708984,48.04499816894531,217920,0.0,0.0
2024-06-13 14:30:00-04:00,48.04499816894531,48.04999923706055,47.959999084472656,47.959999084472656,76799,0.0,0.0
2024-06-13 14:35:00-04:00,47.959999084472656,47.96500015258789,47.900001525878906,47.907100677490234,69025,0.0,0.0
2024-06-13 14:40:00-04:00,47.90019989013672,48.0,47.90019989013672,47.994998931884766,66508,0.0,0.0
2024-06-13 14:45:00-04:00,47.9900016784668,48.0,47.959999084472656,47.959999084472656,59783,0.0,0.0
2024-06-13 14:50:00-04:00,47.959999084472656,47.994998931884766,47.95000076293945,47.959999084472656,69259,0.0,0.0
2024-06-13 14:55:00-04:00,47.959999084472656,47.994998931884766,47.94499969482422,47.974998474121094,54174,0.0,0.0
2024-06-13 15:00:00-04:00,47.970001220703125,47.98500061035156,47.92499923706055,47.974998474121094,69705,0.0,0.0
2024-06-13 15:05:00-04:00,47.974998474121094,47.97999954223633,47.904998779296875,47.93730163574219,68987,0.0,0.0
2024-06-13 15:10:00-04:00,47.93000030517578,47.9900016784668,47.90999984741211,47.95500183105469,75298,0.0,0.0
2024-06-13 15:15:00-04:00,47.959999084472656,47.96500015258789,47.90999984741211,47.95009994506836,105796,0.0,0.0
2024-06-13 15:20:00-04:00,47.95500183105469,47.970001220703125,47.875,47.91999816894531,117782,0.0,0.0
2024-06-13 15:25:00-04:00,47.915000915527344,48.0,47.88999938964844,47.91999816894531,142804,0.0,0.0
2024-06-13 15:30:00-04:00,47.92499923706055,47.92499923706055,47.84000015258789,47.900001525878906,120912,0.0,0.0
2024-06-13 15:35:00-04:00,47.904998779296875,48.01499938964844,47.8650016784668,48.0,131722,0.0,0.0
2024-06-13 15:40:00-04:00,47.994998931884766,48.040000915527344,47.97999954223633,47.994998931884766,168314,0.0,0.0
2024-06-13 15:45:00-04:00,47.994998931884766,48.05500030517578,47.974998474121094,48.029998779296875,235357,0.0,0.0
2024-06-13 15:50:00-04:00,48.029998779296875,48.08000183105469,48.0099983215332,48.07500076293945,436521,0.0,0.0
2024-06-13 15:55:00-04:00,48.08000183105469,48.130001068115234,47.959999084472656,47.959999084472656,1005570,0.0,0.0
2024-06-14 09:30:00-04:00,47.70500183105469,49.189998626708984,47.68000030517578,47.92499923706055,333549,0.0,0.0
2024-06-14 09:35:00-04:00,47.95000076293945,48.09000015258789,47.72999954223633,47.81999969482422,196456,0.0,0.0
2024-06-14 09:40:00-04:00,47.83000183105469,47.9900016784668,47.779998779296875,47.89500045776367,198427,0.0,0.0
2024-06-14 09:45:00-04:00,47.89500045776367,47.94499969482422,47.73500061035156,47.94449996948242,185163,0.0,0.0
2024-06-14 09:50:00-04:00,47.94499969482422,47.95000076293945,47.720001220703125,47.724998474121094,93379,0.0,0.0
2024-06-14 09:55:00-04:00,47.724998474121094,47.73500061035156,47.564998626708984,47.66999816894531,178659,0.0,0.0
2024-06-14 10:00:00-04:00,47.65999984741211,47.65999984741211,47.400001525878906,47.5,167772,0.0,0.0
2024-06-14 10:05:00-04:00,47.5099983215332,47.7400016784668,47.5099983215332,47.68000030517578,92347,0.0,0.0
2024-06-14 10:10:00-04:00,47.68000030517578,47.70000076293945,47.584999084472656,47.599998474121094,84228,0.0,0.0
2024-06-14 10:15:00-04:00,47.599998474121094,47.720001220703125,47.599998474121094,47.6349983215332,71220,0.0,0.0
2024-06-14 10:20:00-04:00,47.630001068115234,47.7400016784668,47.61000061035156,47.72999954223633,55550,0.0,0.0
2024-06-14 10:25:00-04:00,47.72999954223633,47.77000045776367,47.67499923706055,47.70000076293945,79277,0.0,0.0
2024-06-14 10:30:00-04:00,47.70000076293945,47.720001220703125,47.584999084472656,47.630001068115234,204119,0.0,0.0
2024-06-14 10:35:00-04:00,47.630001068115234,47.64500045776367,47.439998626708984,47.459999084472656,66697,0.0,0.0
2024-06-14 10:40:00-04:00,47.459999084472656,47.459999084472656,47.380001068115234,47.43000030517578,123232,0.0,0.0
2024-06-14 10:45:00-04:00,47.43000030517578,47.51499938964844,47.404998779296875,47.4900016784668,94804,0.0,0.0
2024-06-14 10:50:00-04:00,47.48500061035156,47.61000061035156,47.48500061035156,47.599998474121094,123589,0.0,0.0
2024-06-14 10:55:00-04:00,47.599998474121094,47.689998626708984,47.59000015258789,47.68000030517578,36948,0.0,0.0
2024-06-14 11:00:00-04:00,47.67499923706055,47.779998779296875,47.66999816894531,47.75,143882,0.0,0.0
2024-06-14 11:05:00-04:00,47.755001068115234,47.790000915527344,47.650001525878906,47.67499923706055,142719,0.0,0.0
2024-06-14 11:10:00-04:00,47.66999816894531,47.79999923706055,47.66999816894531,47.79499816894531,94360,0.0,0.0
2024-06-14 11:15:00-04:00,47.79999923706055,47.80500030517578,47.72999954223633,47.72999954223633,53685,0.0,0.0
2024-06-14 11:20:00-04:00,47.72999954223633,47.869998931884766,47.709999084472656,47.845001220703125,105942,0.0,0.0
2024-06-14 11:25:00-04:00,47.845001220703125,47.880001068115234,47.814998626708984,47.880001068115234,45250,0.0,0.0
2024-06-14 11:30:00-04:00,47.880001068115234,47.93000030517578,47.869998931884766,47.90999984741211,74053,0.0,0.0
2024-06-14 11:35:00-04:00,47.900001525878906,47.95000076293945,47.849998474121094,47.95000076293945,46676,0.0,0.0
2024-06-14 11:40:00-04:00,47.939998626708984,47.95000076293945,47.79999923706055,47.84000015258789,72654,0.0,0.0
2024-06-14 11:45:00-04:00,47.84000015258789,47.880001068115234,47.81999969482422,47.834999084472656,42608,0.0,0.0
2024-06-14 11:50:00-04:00,47.83530044555664,47.880001068115234,47.790000915527344,47.834999084472656,115792,0.0,0.0
2024-06-14 11:55:00-04:00,47.849998474121094,47.95000076293945,47.79999923706055,47.95000076293945,83492,0.0,0.0
2024-06-14 12:00:00-04:00,47.95000076293945,48.040000915527344,47.94499969482422,48.040000915527344,59396,0.0,0.0
2024-06-14 12:05:00-04:00,48.03499984741211,48.1349983215332,48.03499984741211,48.10749816894531,103279,0.0,0.0
2024-06-14 12:10:00-04:00,48.10499954223633,48.15999984741211,48.095001220703125,48.10020065307617,136552,0.0,0.0
2024-06-14 12:15:00-04:00,48.11000061035156,48.130001068115234,48.02000045776367,48.029998779296875,79637,0.0,0.0
2024-06-14 12:20:00-04:00,48.029998779296875,48.09000015258789,48.029998779296875,48.08000183105469,34160,0.0,0.0
2024-06-14 12:25:00-04:00,48.06999969482422,48.08000183105469,48.025001525878906,48.07500076293945,33647,0.0,0.0
2024-06-14 12:30:00-04:00,48.06999969482422,48.084999084472656,48.02000045776367,48.04499816894531,112076,0.0,0.0
2024-06-14 12:35:00-04:00,48.04499816894531,48.169898986816406,48.04499816894531,48.1349983215332,33998,0.0,0.0
2024-06-14 12:40:00-04:00,48.130001068115234,48.150001525878906,48.11000061035156,48.130001068115234,41615,0.0,0.0
2024-06-14 12:45:00-04:00,48.12009811401367,48.150001525878906,48.08000183105469,48.13999938964844,19251,0.0,0.0
2024-06-14 12:50:00-04:00,48.15999984741211,48.15999984741211,48.08000183105469,48.11000061035156,77602,0.0,0.0
2024-06-14 12:55:00-04:00,48.11000061035156,48.15999984741211,48.10499954223633,48.13999938964844,37777,0.0,0.0
2024-06-14 13:00:00-04:00,48.13999938964844,48.17770004272461,48.130001068115234,48.13999938964844,27722,0.0,0.0
2024-06-14 13:05:00-04:00,48.13999938964844,48.345001220703125,48.13999938964844,48.33000183105469,77574,0.0,0.0
2024-06-14 13:10:00-04:00,48.334999084472656,48.34000015258789,48.244998931884766,48.290000915527344,51410,0.0,0.0
2024-06-14 13:15:00-04:00,48.279998779296875,48.29999923706055,48.22010040283203,48.29499816894531,45350,0.0,0.0
2024-06-14 13:20:00-04:00,48.29999923706055,48.349998474121094,48.16999816894531,48.18000030517578,61425,0.0,0.0
2024-06-14 13:25:00-04:00,48.18000030517578,48.209999084472656,48.15999984741211,48.185001373291016,40654,0.0,0.0
2024-06-14 13:30:00-04:00,48.18000030517578,48.209999084472656,48.150001525878906,48.16999816894531,68552,0.0,0.0
2024-06-14 13:35:00-04:00,48.16999816894531,48.20500183105469,48.119998931884766,48.130001068115234,104986,0.0,0.0
2024-06-14 13:40:00-04:00,48.119998931884766,48.130001068115234,48.060001373291016,48.09709930419922,52857,0.0,0.0
2024-06-14 13:45:00-04:00,48.095001220703125,48.099998474121094,47.97999954223633,47.98500061035156,56956,0.0,0.0
2024-06-14 13:50:00-04:00,47.98500061035156,48.005001068115234,47.95500183105469,47.9900016784668,35101,0.0,0.0
2024-06-14 13:55:00-04:00,47.9900016784668,48.0,47.915000915527344,47.93000030517578,54669,0.0,0.0
2024-06-14 14:00:00-04:00,47.939998626708984,47.959999084472656,47.88999938964844,47.959999084472656,37344,0.0,0.0
2024-06-14 14:05:00-04:00,47.959999084472656,47.974998474121094,47.849998474121094,47.869998931884766,38662,0.0,0.0
2024-06-14 14:10:00-04:00,47.875,47.90999984741211,47.86000061035156,47.8650016784668,40450,0.0,0.0
2024-06-14 14:15:00-04:00,47.869998931884766,47.875,47.79999923706055,47.849998474121094,122095,0.0,0.0
2024-06-14 14:20:00-04:00,47.86000061035156,47.880001068115234,47.79999923706055,47.86989974975586,123989,0.0,0.0
2024-06-14 14:25:00-04:00,47.869998931884766,47.915000915527344,47.86000061035156,47.880001068115234,57026,0.0,0.0
2024-06-14 14:30:00-04:00,47.880001068115234,47.90999984741211,47.849998474121094,47.904998779296875,46153,0.0,0.0
2024-06-14 14:35:00-04:00,47.90999984741211,47.9900016784668,47.90010070800781,47.9900016784668,87857,0.0,0.0
2024-06-14 14:40:00-04:00,47.9900016784668,48.03499984741211,47.959999084472656,48.029998779296875,66265,0.0,0.0
2024-06-14 14:45:00-04:00,48.029998779296875,48.060001373291016,47.9900016784668,48.060001373291016,81992,0.0,0.0
2024-06-14 14:50:00-04:00,48.060001373291016,48.165000915527344,48.04999923706055,48.154998779296875,77874,0.0,0.0
2024-06-14 14:55:00-04:00,48.150001525878906,48.185001373291016,48.11000061035156,48.165000915527344,67922,0.0,0.0
2024-06-14 15:00:00-04:00,48.15999984741211,48.19499969482422,48.154998779296875,48.18000030517578,49786,0.0,0.0
2024-06-14 15:05:00-04:00,48.18000030517578,48.209999084472656,48.165000915527344,48.18000030517578,73413,0.0,0.0
2024-06-14 15:10:00-04:00,48.18000030517578,48.189998626708984,48.09000015258789,48.09379959106445,64280,0.0,0.0
2024-06-14 15:15:00-04:00,48.09000015258789,48.15999984741211,48.08000183105469,48.14500045776367,53359,0.0,0.0
2024-06-14 15:20:00-04:00,48.13999938964844,48.154998779296875,48.11000061035156,48.119998931884766,70757,0.0,0.0
2024-06-14 15:25:00-04:00,48.125,48.15999984741211,48.08000183105469,48.08000183105469,65691,0.0,0.0
2024-06-14 15:30:00-04:00,48.06999969482422,48.130001068115234,48.040000915527344,48.09000015258789,79739,0.0,0.0
2024-06-14 15:35:00-04:00,48.08000183105469,48.119998931884766,48.0,48.01499938964844,91566,0.0,0.0
2024-06-14 15:40:00-04:00,48.0099983215332,48.02000045776367,47.915000915527344,47.939998626708984,178387,0.0,0.0
2024-06-14 15:45:00-04:00,47.939998626708984,47.970001220703125,47.93000030517578,47.95500183105469,124864,0.0,0.0
2024-06-14 15:50:00-04:00,47.95500183105469,48.0,47.93000030517578,47.97999954223633,216574,0.0,0.0
2024-06-14 15:55:00-04:00,47.97999954223633,48.119998931884766,47.92499923706055,48.099998474121094,539532,0.0,0.0
2024-06-17 09:30:00-04:00,47.35499954223633,47.380001068115234,46.56999969482422,46.970001220703125,797790,0.0,0.0
2024-06-17 09:35:00-04:00,46.959999084472656,47.2400016784668,46.83000183105469,46.84000015258789,275421,0.0,0.0
2024-06-17 09:40:00-04:00,46.84000015258789,46.91999816894531,46.689998626708984,46.86000061035156,254376,0.0,0.0
2024-06-17 09:45:00-04:00,46.86000061035156,47.30500030517578,46.86000061035156,47.2599983215332,227034,0.0,0.0
2024-06-17 09:50:00-04:00,47.2599983215332,47.439998626708984,47.19649887084961,47.209999084472656,182345,0.0,0.0
2024-06-17 09:55:00-04:00,47.209999084472656,47.2400016784668,47.0,47.029998779296875,132248,0.0,0.0
2024-06-17 10:00:00-04:00,47.029998779296875,47.060001373291016,46.79999923706055,46.849998474121094,188182,0.0,0.0
2024-06-17 10:05:00-04:00,46.84000015258789,47.099998474121094,46.83039855957031,47.095001220703125,147670,0.0,0.0
2024-06-17 10:10:00-04:00,47.099998474121094,47.099998474121094,46.90380096435547,46.93000030517578,128200,0.0,0.0
2024-06-17 10:15:00-04:00,46.92499923706055,47.13999938964844,46.90999984741211,47.1349983215332,103418,0.0,0.0
2024-06-17 10:20:00-04:00,47.130001068115234,47.154998779296875,47.02009963989258,47.064998626708984,109450,0.0,0.0
2024-06-17 10:25:00-04:00,47.06999969482422,47.1150016784668,47.01499938964844,47.065799713134766,112763,0.0,0.0
2024-06-17 10:30:00-04:00,47.060001373291016,47.13999938964844,47.029998779296875,47.119998931884766,103215,0.0,0.0
2024-06-17 10:35:00-04:00,47.11000061035156,47.189998626708984,47.09000015258789,47.15999984741211,102003,0.0,0.0
2024-06-17 10:40:00-04:00,47.154998779296875,47.154998779296875,47.040000915527344,47.084999084472656,58260,0.0,0.0
2024-06-17 10:45:00-04:00,47.08000183105469,47.08000183105469,46.959999084472656,46.97999954223633,99875,0.0,0.0
2024-06-17 10:50:00-04:00,46.98310089111328,46.98500061035156,46.880001068115234,46.970001220703125,90150,0.0,0.0
2024-06-17 10:55:00-04:00,46.974998474121094,47.040000915527344,46.939998626708984,47.01499938964844,76507,0.0,0.0
2024-06-17 11:00:00-04:00,47.029998779296875,47.099998474121094,46.915000915527344,46.970001220703125,142529,0.0,0.0
2024-06-17 11:05:00-04:00,46.97999954223633,47.0,46.84000015258789,46.96500015258789,118064,0.0,0.0
2024-06-17 11:10:00-04:00,46.959999084472656,46.970001220703125,46.900001525878906,46.959999084472656,83928,0.0,0.0
2024-06-17 11:15:00-04:00,46.959999084472656,46.970001220703125,46.915000915527344,46.959999084472656,74088,0.0,0.0
2024-06-17 11:20:00-04:00,46.970001220703125,47.060001373291016,46.91999816894531,47.02750015258789,130371,0.0,0.0
2024-06-17 11:25:00-04:00,47.025001525878906,47.08000183105469,46.959999084472656,47.040000915527344,140829,0.0,0.0
2024-06-17 11:30:00-04:00,47.04999923706055,47.09000015258789,46.970001220703125,46.98500061035156,129192,0.0,0.0
2024-06-17 11:35:00-04:00,46.9900016784668,47.0,46.93000030517578,46.93000030517578,89001,0.0,0.0
2024-06-17 11:40:00-04:00,46.935001373291016,46.959999084472656,46.880001068115234,46.880001068115234,51933,0.0,0.0
2024-06-17 11:45:00-04:00,46.880001068115234,46.939998626708984,46.86000061035156,46.90999984741211,98821,0.0,0.0
2024-06-17 11:50:00-04:00,46.90999984741211,47.060001373291016,46.89500045776367,47.05500030517578,77524,0.0,0.0
2024-06-17 11:55:00-04:00,47.05500030517578,47.099998474121094,47.04999923706055,47.09000015258789,72464,0.0,0.0
2024-06-17 12:00:00-04:00,47.08000183105469,47.22999954223633,47.08000183105469,47.220001220703125,68608,0.0,0.0
2024-06-17 12:05:00-04:00,47.22999954223633,47.38999938964844,47.220001220703125,47.352500915527344,72725,0.0,0.0
2024-06-17 12:10:00-04:00,47.36000061035156,47.36539840698242,47.29999923706055,47.349998474121094,75567,0.0,0.0
2024-06-17 12:15:00-04:00,47.349998474121094,47.40999984741211,47.34000015258789,47.36009979248047,131097,0.0,0.0
2024-06-17 12:20:00-04:00,47.36000061035156,47.42499923706055,47.334999084472656,47.36000061035156,110361,0.0,0.0
2024-06-17 12:25:00-04:00,47.3650016784668,47.470001220703125,47.310001373291016,47.46500015258789,70336,0.0,0.0
2024-06-17 12:30:00-04:00,47.46500015258789,47.4900016784668,47.2400016784668,47.2599983215332,125524,0.0,0.0
2024-06-17 12:35:00-04:00,47.25,47.279998779296875,47.22999954223633,47.25,52829,0.0,0.0
2024-06-17 12:40:00-04:00,47.25619888305664,47.25619888305664,47.18000030517578,47.189998626708984,90155,0.0,0.0
2024-06-17 12:45:00-04:00,47.189998626708984,47.34000015258789,47.18000030517578,47.34000015258789,101289,0.0,0.0
2024-06-17 12:50:00-04:00,47.334999084472656,47.34000015258789,47.282798767089844,47.33420181274414,60670,0.0,0.0
2024-06-17 12:55:00-04:00,47.33000183105469,47.369998931884766,47.314998626708984,47.3650016784668,52307,0.0,0.0
2024-06-17 13:00:00-04:00,47.369998931884766,47.48500061035156,47.369998931884766,47.47999954223633,102124,0.0,0.0
2024-06-17 13:05:00-04:00,47.474998474121094,47.48699951171875,47.349998474121094,47.36000061035156,44782,0.0,0.0
2024-06-17 13:10:00-04:00,47.369998931884766,47.380001068115234,47.34000015258789,47.36000061035156,56525,0.0,0.0
2024-06-17 13:15:00-04:00,47.3650016784668,47.40999984741211,47.36000061035156,47.404998779296875,55850,0.0,0.0
2024-06-17 13:20:00-04:00,47.404998779296875,47.404998779296875,47.34000015258789,47.35499954223633,51696,0.0,0.0
2024-06-17 13:25:00-04:00,47.349998474121094,47.369998931884766,47.31999969482422,47.349998474121094,35149,0.0,0.0
2024-06-17 13:30:00-04:00,47.349998474121094,47.41999816894531,47.33000183105469,47.38999938964844,50534,0.0,0.0
2024-06-17 13:35:00-04:00,47.3849983215332,47.407501220703125,47.369998931884766,47.40129852294922,41603,0.0,0.0
2024-06-17 13:40:00-04:00,47.404998779296875,47.40999984741211,47.314998626708984,47.33000183105469,35584,0.0,0.0
2024-06-17 13:45:00-04:00,47.33000183105469,47.34000015258789,47.279998779296875,47.32500076293945,58699,0.0,0.0
2024-06-17 13:50:00-04:00,47.31999969482422,47.38999938964844,47.31999969482422,47.380001068115234,58169,0.0,0.0
2024-06-17 13:55:00-04:00,47.380001068115234,47.41999816894531,47.36000061035156,47.38999938964844,49362,0.0,0.0
2024-06-17 14:00:00-04:00,47.3849983215332,47.41999816894531,47.35499954223633,47.375,82974,0.0,0.0
2024-06-17 14:05:00-04:00,47.380001068115234,47.439998626708984,47.380001068115234,47.43000030517578,82171,0.0,0.0
2024-06-17 14:10:00-04:00,47.43000030517578,47.439998626708984,47.31890106201172,47.31890106201172,75540,0.0,0.0
2024-06-17 14:15:00-04:00,47.33000183105469,47.39500045776367,47.310001373291016,47.3202018737793,79633,0.0,0.0
2024-06-17 14:20:00-04:00,47.33000183105469,47.400001525878906,47.29999923706055,47.380001068115234,83929,0.0,0.0
2024-06-17 14:25:00-04:00,47.400001525878906,47.43000030517578,47.349998474121094,47.40999984741211,86555,0.0,0.0
2024-06-17 14:30:00-04:00,47.39500045776367,47.39500045776367,47.36000061035156,47.380001068115234,50591,0.0,0.0
2024-06-17 14:35:00-04:00,47.369998931884766,47.380001068115234,47.34000015258789,47.375,46359,0.0,0.0
2024-06-17 14:40:00-04:00,47.380001068115234,47.400001525878906,47.34000015258789,47.36000061035156,61455,0.0,0.0
2024-06-17 14:45:00-04:00,47.3650016784668,47.400001525878906,47.33000183105469,47.38999938964844,45648,0.0,0.0
2024-06-17 14:50:00-04:00,47.38999938964844,47.41999816894531,47.380001068115234,47.400001525878906,71417,0.0,0.0
2024-06-17 14:55:00-04:00,47.38999938964844,47.41999816894531,47.369998931884766,47.400001525878906,94979,0.0,0.0
2024-06-17 15:00:00-04:00,47.400001525878906,47.45000076293945,47.375,47.380001068115234,100146,0.0,0.0
2024-06-17 15:05:00-04:00,47.380001068115234,47.40999984741211,47.33000183105469,47.39500045776367,86886,0.0,0.0
2024-06-17 15:10:00-04:00,47.38999938964844,47.39500045776367,47.3650016784668,47.375,68576,0.0,0.0
2024-06-17 15:15:00-04:00,47.369998931884766,47.400001525878906,47.345001220703125,47.3849983215332,87122,0.0,0.0
2024-06-17 15:20:00-04:00,47.38999938964844,47.38999938964844,47.334999084472656,47.380001068115234,86180,0.0,0.0
2024-06-17 15:25:00-04:00,47.385101318359375,47.40999984741211,47.3650016784668,47.3849983215332,98108,0.0,0.0
2024-06-17 15:30:00-04:00,47.380001068115234,47.40999984741211,47.349998474121094,47.400001525878906,131063,0.0,0.0
2024-06-17 15:35:00-04:00,47.404998779296875,47.404998779296875,47.34000015258789,47.3849983215332,95617,0.0,0.0
2024-06-17 15:40:00-04:00,47.3849983215332,47.40999984741211,47.35499954223633,47.400001525878906,125951,0.0,0.0
2024-06-17 15:45:00-04:00,47.39500045776367,47.407501220703125,47.345001220703125,47.35499954223633,154999,0.0,0.0
2024-06-17 15:50:00-04:00,47.349998474121094,47.40999984741211,47.32500076293945,47.35499954223633,386294,0.0,0.0
2024-06-17 15:55:00-04:00,47.35499954223633,47.369998931884766,47.2400016784668,47.279998779296875,1008063,0.0,0.0
2024-06-18 09:30:00-04:00,47.15999984741211,47.400001525878906,46.880001068115234,47.0,372202,0.0,0.0
2024-06-18 09:35:00-04:00,47.0099983215332,47.391998291015625,47.0,47.391998291015625,190788,0.0,0.0
2024-06-18 09:40:00-04:00,47.3921012878418,47.70000076293945,47.369998931884766,47.54999923706055,209233,0.0,0.0
2024-06-18 09:45:00-04:00,47.529998779296875,47.59000015258789,47.369998931884766,47.56999969482422,96335,0.0,0.0
2024-06-18 09:50:00-04:00,47.59000015258789,47.849998474121094,47.584999084472656,47.665000915527344,208151,0.0,0.0
2024-06-18 09:55:00-04:00,47.65999984741211,47.84000015258789,47.650001525878906,47.79999923706055,193880,0.0,0.0
2024-06-18 10:00:00-04:00,47.79999923706055,47.869998931884766,47.59000015258789,47.61000061035156,238792,0.0,0.0
2024-06-18 10:05:00-04:00,47.599998474121094,47.619998931884766,47.45000076293945,47.540000915527344,259100,0.0,0.0
2024-06-18 10:10:00-04:00,47.529998779296875,47.5901985168457,47.47999954223633,47.5,98134,0.0,0.0
2024-06-18 10:15:00-04:00,47.5099983215332,47.66999816894531,47.470001220703125,47.630001068115234,81148,0.0,0.0
2024-06-18 10:20:00-04:00,47.625,47.650001525878906,47.58000183105469,47.630001068115234,71019,0.0,0.0
2024-06-18 10:25:00-04:00,47.619998931884766,47.685001373291016,47.59000015258789,47.6349983215332,82138,0.0,0.0
2024-06-18 10:30:00-04:00,47.63999938964844,47.755001068115234,47.619998931884766,47.654998779296875,75363,0.0,0.0
2024-06-18 10:35:00-04:00,47.65999984741211,47.665000915527344,47.570098876953125,47.60499954223633,86246,0.0,0.0
2024-06-18 10:40:00-04:00,47.619998931884766,47.619998931884766,47.45000076293945,47.52000045776367,74020,0.0,0.0
2024-06-18 10:45:00-04:00,47.5099983215332,47.58000183105469,47.4900016784668,47.540000915527344,55869,0.0,0.0
2024-06-18 10:50:00-04:00,47.540000915527344,47.59000015258789,47.5099983215332,47.56999969482422,58606,0.0,0.0
2024-06-18 10:55:00-04:00,47.56999969482422,47.58000183105469,47.4900016784668,47.52000045776367,52268,0.0,0.0
2024-06-18 11:00:00-04:00,47.52000045776367,47.58000183105469,47.415000915527344,47.435001373291016,79449,0.0,0.0
2024-06-18 11:05:00-04:00,47.40999984741211,47.40999984741211,47.119998931884766,47.369998931884766,289478,0.0,0.0
2024-06-18 11:10:00-04:00,47.36000061035156,47.470001220703125,47.36000061035156,47.435001373291016,57212,0.0,0.0
2024-06-18 11:15:00-04:00,47.439998626708984,47.470001220703125,47.43000030517578,47.45000076293945,70161,0.0,0.0
2024-06-18 11:20:00-04:00,47.45500183105469,47.46500015258789,47.380001068115234,47.380001068115234,49915,0.0,0.0
2024-06-18 11:25:00-04:00,47.3849983215332,47.3849983215332,47.310001373291016,47.31999969482422,38844,0.0,0.0
2024-06-18 11:30:00-04:00,47.314998626708984,47.48500061035156,47.29999923706055,47.47999954223633,68869,0.0,0.0
2024-06-18 11:35:00-04:00,47.47999954223633,47.56999969482422,47.47880172729492,47.56999969482422,70247,0.0,0.0
2024-06-18 11:40:00-04:00,47.57500076293945,47.689998626708984,47.56999969482422,47.685001373291016,95102,0.0,0.0
2024-06-18 11:45:00-04:00,47.689300537109375,47.744998931884766,47.66999816894531,47.744998931884766,70184,0.0,0.0
2024-06-18 11:50:00-04:00,47.749900817871094,47.779998779296875,47.7400016784668,47.755001068115234,72839,0.0,0.0
2024-06-18 11:55:00-04:00,47.75,47.755001068115234,47.65999984741211,47.70500183105469,43437,0.0,0.0
2024-06-18 12:00:00-04:00,47.709999084472656,47.77000045776367,47.69499969482422,47.755001068115234,42111,0.0,0.0
2024-06-18 12:05:00-04:00,47.7599983215332,47.779998779296875,47.7400016784668,47.779998779296875,40326,0.0,0.0
2024-06-18 12:10:00-04:00,47.78499984741211,47.81999969482422,47.75,47.7599983215332,50364,0.0,0.0
2024-06-18 12:15:00-04:00,47.7599983215332,47.83000183105469,47.709999084472656,47.83000183105469,97247,0.0,0.0
2024-06-18 12:20:00-04:00,47.83000183105469,47.834999084472656,47.7599983215332,47.79999923706055,76125,0.0,0.0
2024-06-18 12:25:00-04:00,47.810001373291016,47.81999969482422,47.64500045776367,47.64500045776367,59461,0.0,0.0
2024-06-18 12:30:00-04:00,47.63999938964844,47.64500045776367,47.54499816894531,47.54999923706055,59543,0.0,0.0
2024-06-18 12:35:00-04:00,47.54999923706055,47.564998626708984,47.5099983215332,47.55500030517578,56107,0.0,0.0
2024-06-18 12:40:00-04:00,47.54999923706055,47.560001373291016,47.4900016784668,47.5,47761,0.0,0.0
2024-06-18 12:45:00-04:00,47.5,47.52000045776367,47.47999954223633,47.48500061035156,43586,0.0,0.0
2024-06-18 12:50:00-04:00,47.48500061035156,47.560001373291016,47.48500061035156,47.4900016784668,80003,0.0,0.0
2024-06-18 12:55:00-04:00,47.494998931884766,47.525001525878906,47.47999954223633,47.4900016784668,26731,0.0,0.0
2024-06-18 13:00:00-04:00,47.48899841308594,47.525001525878906,47.45500183105469,47.51919937133789,63138,0.0,0.0
2024-06-18 13:05:00-04:00,47.5099983215332,47.52000045776367,47.435001373291016,47.459999084472656,31641,0.0,0.0
2024-06-18 13:10:00-04:00,47.454898834228516,47.474998474121094,47.439998626708984,47.470001220703125,29648,0.0,0.0
2024-06-18 13:15:00-04:00,47.47999954223633,47.52629852294922,47.439998626708984,47.52629852294922,58428,0.0,0.0
2024-06-18 13:20:00-04:00,47.529998779296875,47.630001068115234,47.494998931884766,47.6150016784668,82417,0.0,0.0
2024-06-18 13:25:00-04:00,47.619998931884766,47.71500015258789,47.599998474121094,47.69499969482422,215564,0.0,0.0
2024-06-18 13:30:00-04:00,47.689998626708984,47.849998474121094,47.689998626708984,47.80500030517578,152599,0.0,0.0
2024-06-18 13:35:00-04:00,47.80500030517578,47.814998626708984,47.744998931884766,47.7599983215332,66227,0.0,0.0
2024-06-18 13:40:00-04:00,47.75600051879883,47.779998779296875,47.70500183105469,47.709999084472656,41286,0.0,0.0
2024-06-18 13:45:00-04:00,47.70500183105469,47.72999954223633,47.70000076293945,47.720001220703125,28998,0.0,0.0
2024-06-18 13:50:00-04:00,47.71500015258789,47.72999954223633,47.65999984741211,47.66999816894531,29641,0.0,0.0
2024-06-18 13:55:00-04:00,47.665000915527344,47.66999816894531,47.619998931884766,47.625,64479,0.0,0.0
2024-06-18 14:00:00-04:00,47.62620162963867,47.65999984741211,47.57099914550781,47.630001068115234,59158,0.0,0.0
2024-06-18 14:05:00-04:00,47.63999938964844,47.73500061035156,47.63999938964844,47.72999954223633,71558,0.0,0.0
2024-06-18 14:10:00-04:00,47.724998474121094,47.77000045776367,47.720001220703125,47.76499938964844,54310,0.0,0.0
2024-06-18 14:15:00-04:00,47.76499938964844,47.86000061035156,47.75,47.83000183105469,105346,0.0,0.0
2024-06-18 14:20:00-04:00,47.83000183105469,47.84000015258789,47.75,47.75,51145,0.0,0.0
2024-06-18 14:25:00-04:00,47.75,47.83000183105469,47.73500061035156,47.79999923706055,44810,0.0,0.0
2024-06-18 14:30:00-04:00,47.79999923706055,47.91999816894531,47.779998779296875,47.91999816894531,67565,0.0,0.0
2024-06-18 14:35:00-04:00,47.90999984741211,47.90999984741211,47.790000915527344,47.790000915527344,52006,0.0,0.0
2024-06-18 14:40:00-04:00,47.779998779296875,47.83100128173828,47.77000045776367,47.79899978637695,93492,0.0,0.0
2024-06-18 14:45:00-04:00,47.79999923706055,47.849998474121094,47.790000915527344,47.845001220703125,51829,0.0,0.0
2024-06-18 14:50:00-04:00,47.849998474121094,47.87879943847656,47.834999084472656,47.84980010986328,50181,0.0,0.0
2024-06-18 14:55:00-04:00,47.84000015258789,47.88999938964844,47.84000015258789,47.8849983215332,50180,0.0,0.0
2024-06-18 15:00:00-04:00,47.8849983215332,47.8849983215332,47.79999923706055,47.810001373291016,65505,0.0,0.0
2024-06-18 15:05:00-04:00,47.810001373291016,47.810001373291016,47.72999954223633,47.72999954223633,65156,0.0,0.0
2024-06-18 15:10:00-04:00,47.7400016784668,47.79499816894531,47.73500061035156,47.779998779296875,44095,0.0,0.0
2024-06-18 15:15:00-04:00,47.775001525878906,47.849098205566406,47.7400016784668,47.84000015258789,150666,0.0,0.0
2024-06-18 15:20:00-04:00,47.845001220703125,47.8650016784668,47.810001373291016,47.86000061035156,88428,0.0,0.0
2024-06-18 15:25:00-04:00,47.85499954223633,47.90999984741211,47.833499908447266,47.849998474121094,111520,0.0,0.0
2024-06-18 15:30:00-04:00,47.845001220703125,47.849998474121094,47.7599983215332,47.80500030517578,140244,0.0,0.0
2024-06-18 15:35:00-04:00,47.810001373291016,47.89500045776367,47.779998779296875,47.849998474121094,158963,0.0,0.0
2024-06-18 15:40:00-04:00,47.849998474121094,47.869998931884766,47.810001373291016,47.834999084472656,101193,0.0,0.0
2024-06-18 15:45:00-04:00,47.834999084472656,47.880001068115234,47.790000915527344,47.80500030517578,183941,0.0,0.0
2024-06-18 15:50:00-04:00,47.79999923706055,47.83000183105469,47.69499969482422,47.75,270579,0.0,0.0
2024-06-18 15:55:00-04:00,47.755001068115234,47.755001068115234,47.630001068115234,47.70000076293945,551200,0.0,0.0
2024-06-20 09:30:00-04:00,48.4900016784668,48.650001525878906,48.38999938964844,48.48500061035156,853319,0.0,0.0
2024-06-20 09:35:00-04:00,48.47999954223633,48.599998474121094,48.220001220703125,48.4900016784668,480720,0.0,0.0
2024-06-20 09:40:00-04:00,48.48460006713867,48.81999969482422,48.41999816894531,48.724998474121094,450545,0.0,0.0
2024-06-20 09:45:00-04:00,48.724998474121094,48.82500076293945,48.5,48.720001220703125,393464,0.0,0.0
2024-06-20 09:50:00-04:00,48.72919845581055,48.72919845581055,48.5099983215332,48.61000061035156,140250,0.0,0.0
2024-06-20 09:55:00-04:00,48.599998474121094,48.61000061035156,48.35100173950195,48.4900016784668,252533,0.0,0.0
2024-06-20 10:00:00-04:00,48.5,48.689998626708984,48.5,48.560001373291016,108816,0.0,0.0
2024-06-20 10:05:00-04:00,48.57500076293945,48.61000061035156,48.459999084472656,48.470001220703125,255081,0.0,0.0
2024-06-20 10:10:00-04:00,48.47999954223633,48.560001373291016,48.43000030517578,48.44499969482422,157261,0.0,0.0
2024-06-20 10:15:00-04:00,48.45000076293945,48.62969970703125,48.45000076293945,48.59000015258789,127601,0.0,0.0
2024-06-20 10:20:00-04:00,48.59000015258789,48.86000061035156,48.59000015258789,48.78499984741211,117690,0.0,0.0
2024-06-20 10:25:00-04:00,48.78499984741211,48.959999084472656,48.76499938964844,48.939998626708984,215491,0.0,0.0
2024-06-20 10:30:00-04:00,48.939998626708984,49.04499816894531,48.86000061035156,48.8849983215332,301198,0.0,0.0
2024-06-20 10:35:00-04:00,48.88999938964844,49.01499938964844,48.8650016784668,48.95000076293945,263843,0.0,0.0
2024-06-20 10:40:00-04:00,48.94499969482422,48.95000076293945,48.81999969482422,48.95000076293945,151141,0.0,0.0
2024-06-20 10:45:00-04:00,48.95000076293945,48.959999084472656,48.849998474121094,48.91999816894531,164728,0.0,0.0
2024-06-20 10:50:00-04:00,48.91669845581055,49.029998779296875,48.91669845581055,48.9900016784668,127799,0.0,0.0
2024-06-20 10:55:00-04:00,48.9900016784668,49.149898529052734,48.970001220703125,49.12200164794922,150642,0.0,0.0
2024-06-20 11:00:00-04:00,49.130001068115234,49.22999954223633,49.11000061035156,49.220001220703125,167471,0.0,0.0
2024-06-20 11:05:00-04:00,49.22999954223633,49.244998931884766,49.10499954223633,49.11000061035156,262370,0.0,0.0
2024-06-20 11:10:00-04:00,49.099998474121094,49.10499954223633,49.02000045776367,49.04999923706055,116231,0.0,0.0
2024-06-20 11:15:00-04:00,49.060001373291016,49.130001068115234,49.040000915527344,49.048500061035156,136702,0.0,0.0
2024-06-20 11:20:00-04:00,49.0099983215332,49.08000183105469,49.0,49.029998779296875,192146,0.0,0.0
2024-06-20 11:25:00-04:00,49.02000045776367,49.02000045776367,48.900001525878906,48.94499969482422,101224,0.0,0.0
2024-06-20 11:30:00-04:00,48.94499969482422,49.09000015258789,48.900001525878906,49.08000183105469,122079,0.0,0.0
2024-06-20 11:35:00-04:00,49.084999084472656,49.09000015258789,49.0,49.025001525878906,67070,0.0,0.0
2024-06-20 11:40:00-04:00,49.02000045776367,49.060001373291016,48.9900016784668,49.01499938964844,77238,0.0,0.0
2024-06-20 11:45:00-04:00,49.02000045776367,49.1349983215332,49.02000045776367,49.064998626708984,91723,0.0,0.0
2024-06-20 11:50:00-04:00,49.060001373291016,49.130001068115234,49.05500030517578,49.084999084472656,71900,0.0,0.0
2024-06-20 11:55:00-04:00,49.084999084472656,49.099998474121094,49.03499984741211,49.07500076293945,103687,0.0,0.0
2024-06-20 12:00:00-04:00,49.07500076293945,49.13999938964844,49.0099983215332,49.01499938964844,111084,0.0,0.0
2024-06-20 12:05:00-04:00,49.0099983215332,49.130001068115234,49.0099983215332,49.10499954223633,88202,0.0,0.0
2024-06-20 12:10:00-04:00,49.10499954223633,49.18000030517578,49.099998474121094,49.13999938964844,138477,0.0,0.0
2024-06-20 12:15:00-04:00,49.130001068115234,49.22999954223633,49.123600006103516,49.22999954223633,103274,0.0,0.0
2024-06-20 12:20:00-04:00,49.224998474121094,49.2599983215332,49.119998931884766,49.140098571777344,231724,0.0,0.0
2024-06-20 12:25:00-04:00,49.14500045776367,49.22999954223633,49.1349983215332,49.20000076293945,104883,0.0,0.0
2024-06-20 12:30:00-04:00,49.189998626708984,49.220001220703125,49.119998931884766,49.16999816894531,110485,0.0,0.0
2024-06-20 12:35:00-04:00,49.1703987121582,49.220001220703125,49.13999938964844,49.220001220703125,110876,0.0,0.0
2024-06-20 12:40:00-04:00,49.220001220703125,49.31999969482422,49.220001220703125,49.2599983215332,122585,0.0,0.0
2024-06-20 12:45:00-04:00,49.27000045776367,49.29999923706055,49.220001220703125,49.22999954223633,77669,0.0,0.0
2024-06-20 12:50:00-04:00,49.22999954223633,49.27000045776367,49.20000076293945,49.2400016784668,69721,0.0,0.0
2024-06-20 12:55:00-04:00,49.2400016784668,49.2599983215332,49.16999816894531,49.220001220703125,87343,0.0,0.0
2024-06-20 13:00:00-04:00,49.209999084472656,49.209999084472656,49.06999969482422,49.099998474121094,67546,0.0,0.0
2024-06-20 13:05:00-04:00,49.099998474121094,49.11000061035156,49.03499984741211,49.09000015258789,67494,0.0,0.0
2024-06-20 13:10:00-04:00,49.09000015258789,49.15999984741211,49.08000183105469,49.150001525878906,54498,0.0,0.0
2024-06-20 13:15:00-04:00,49.14400100708008,49.14500045776367,49.06999969482422,49.08000183105469,75544,0.0,0.0
2024-06-20 13:20:00-04:00,49.08000183105469,49.09000015258789,49.040000915527344,49.04999923706055,81495,0.0,0.0
2024-06-20 13:25:00-04:00,49.04999923706055,49.04999923706055,48.92499923706055,48.93000030517578,90250,0.0,0.0
2024-06-20 13:30:00-04:00,48.91999816894531,48.95500183105469,48.78499984741211,48.79999923706055,120689,0.0,0.0
2024-06-20 13:35:00-04:00,48.80500030517578,48.88999938964844,48.76499938964844,48.849998474121094,91361,0.0,0.0
2024-06-20 13:40:00-04:00,48.85499954223633,48.974998474121094,48.85499954223633,48.959999084472656,61857,0.0,0.0
2024-06-20 13:45:00-04:00,48.970001220703125,48.985801696777344,48.8849983215332,48.98500061035156,45176,0.0,0.0
2024-06-20 13:50:00-04:00,48.98500061035156,49.04999923706055,48.974998474121094,49.029998779296875,113454,0.0,0.0
2024-06-20 13:55:00-04:00,49.040000915527344,49.119998931884766,49.040000915527344,49.099998474121094,65582,0.0,0.0
2024-06-20 14:00:00-04:00,49.11000061035156,49.22999954223633,49.09000015258789,49.22999954223633,100881,0.0,0.0
2024-06-20 14:05:00-04:00,49.22999954223633,49.334999084472656,49.189998626708984,49.279998779296875,269462,0.0,0.0
2024-06-20 14:10:00-04:00,49.279998779296875,49.310001373291016,49.239898681640625,49.279998779296875,67642,0.0,0.0
2024-06-20 14:15:00-04:00,49.279998779296875,49.31999969482422,49.2599983215332,49.29999923706055,80671,0.0,0.0
2024-06-20 14:20:00-04:00,49.29999923706055,49.369998931884766,49.25,49.36000061035156,100028,0.0,0.0
2024-06-20 14:25:00-04:00,49.369998931884766,49.459999084472656,49.34000015258789,49.439998626708984,88470,0.0,0.0
2024-06-20 14:30:00-04:00,49.439998626708984,49.45000076293945,49.380001068115234,49.400001525878906,86821,0.0,0.0
2024-06-20 14:35:00-04:00,49.400001525878906,49.439998626708984,49.349998474121094,49.380001068115234,81155,0.0,0.0
2024-06-20 14:40:00-04:00,49.375,49.47800064086914,49.375,49.470001220703125,150058,0.0,0.0
2024-06-20 14:45:00-04:00,49.474998474121094,49.52000045776367,49.43009948730469,49.5,155744,0.0,0.0
2024-06-20 14:50:00-04:00,49.5,49.525001525878906,49.470001220703125,49.4900016784668,135368,0.0,0.0
2024-06-20 14:55:00-04:00,49.5,49.540000915527344,49.43000030517578,49.439998626708984,138788,0.0,0.0
2024-06-20 15:00:00-04:00,49.439998626708984,49.46500015258789,49.334999084472656,49.3650016784668,186255,0.0,0.0
2024-06-20 15:05:00-04:00,49.36000061035156,49.375,49.29999923706055,49.3484992980957,132168,0.0,0.0
2024-06-20 15:10:00-04:00,49.345001220703125,49.40999984741211,49.33000183105469,49.39500045776367,170141,0.0,0.0
2024-06-20 15:15:00-04:00,49.39500045776367,49.41999816894531,49.369998931884766,49.404998779296875,178509,0.0,0.0
2024-06-20 15:20:00-04:00,49.40999984741211,49.439998626708984,49.33000183105469,49.369998931884766,236739,0.0,0.0
2024-06-20 15:25:00-04:00,49.36000061035156,49.529998779296875,49.36000061035156,49.525001525878906,138630,0.0,0.0
2024-06-20 15:30:00-04:00,49.525001525878906,49.525001525878906,49.41999816894531,49.5,139230,0.0,0.0
2024-06-20 15:35:00-04:00,49.494998931884766,49.494998931884766,49.38100051879883,49.41999816894531,173887,0.0,0.0
2024-06-20 15:40:00-04:00,49.415000915527344,49.44499969482422,49.38100051879883,49.415000915527344,183358,0.0,0.0
2024-06-20 15:45:00-04:00,49.415000915527344,49.47999954223633,49.38999938964844,49.42499923706055,253838,0.0,0.0
2024-06-20 15:50:00-04:00,49.43000030517578,49.5,49.40999984741211,49.46500015258789,401976,0.0,0.0
2024-06-20 15:55:00-04:00,49.459999084472656,49.46500015258789,49.33000183105469,49.369998931884766,898407,0.0,0.0
2024-06-21 09:30:00-04:00,49.09000015258789,49.439998626708984,49.06999969482422,49.22999954223633,2733385,0.0,0.0
2024-06-21 09:35:00-04:00,49.220001220703125,49.34000015258789,48.7400016784668,49.03499984741211,445846,0.0,0.0
2024-06-21 09:40:00-04:00,49.04999923706055,49.15999984741211,48.65999984741211,48.70949935913086,210540,0.0,0.0
2024-06-21 09:45:00-04:00,48.689998626708984,48.73500061035156,48.41999816894531,48.6609992980957,357303,0.0,0.0
2024-06-21 09:50:00-04:00,48.66999816894531,48.7400016784668,48.279998779296875,48.279998779296875,226754,0.0,0.0
2024-06-21 09:55:00-04:00,48.290000915527344,48.599998474121094,48.209999084472656,48.560001373291016,303529,0.0,0.0
2024-06-21 10:00:00-04:00,48.56999969482422,48.790000915527344,48.54999923706055,48.689998626708984,200691,0.0,0.0
2024-06-21 10:05:00-04:00,48.66999816894531,48.9900016784668,48.65999984741211,48.95000076293945,107313,0.0,0.0
2024-06-21 10:10:00-04:00,48.95000076293945,48.9900016784668,48.83000183105469,48.939998626708984,88273,0.0,0.0
2024-06-21 10:15:00-04:00,48.939998626708984,48.970001220703125,48.849998474121094,48.900001525878906,237556,0.0,0.0
2024-06-21 10:20:00-04:00,48.90999984741211,49.05929946899414,48.90999984741211,48.93000030517578,97105,0.0,0.0
2024-06-21 10:25:00-04:00,48.91999816894531,49.040000915527344,48.880001068115234,49.02000045776367,75471,0.0,0.0
2024-06-21 10:30:00-04:00,49.02000045776367,49.060001373291016,48.93000030517578,48.93000030517578,131260,0.0,0.0
2024-06-21 10:35:00-04:00,48.93000030517578,49.04999923706055,48.93000030517578,48.95500183105469,126344,0.0,0.0
2024-06-21 10:40:00-04:00,48.95000076293945,49.025001525878906,48.935001373291016,49.02000045776367,69059,0.0,0.0
2024-06-21 10:45:00-04:00,49.02000045776367,49.095001220703125,48.935001373291016,49.07149887084961,97615,0.0,0.0
2024-06-21 10:50:00-04:00,49.06999969482422,49.119998931884766,49.0,49.10580062866211,90457,0.0,0.0
2024-06-21 10:55:00-04:00,49.099998474121094,49.099998474121094,49.025001525878906,49.025001525878906,77033,0.0,0.0
2024-06-21 11:00:00-04:00,49.025001525878906,49.119998931884766,48.9900016784668,48.9900016784668,77621,0.0,0.0
2024-06-21 11:05:00-04:00,48.97999954223633,49.02000045776367,48.95000076293945,48.970001220703125,82216,0.0,0.0
2024-06-21 11:10:00-04:00,48.970001220703125,49.005001068115234,48.91999816894531,48.939998626708984,82966,0.0,0.0
2024-06-21 11:15:00-04:00,48.939998626708984,48.939998626708984,48.79999923706055,48.88999938964844,109189,0.0,0.0
2024-06-21 11:20:00-04:00,48.880001068115234,48.8849983215332,48.72999954223633,48.83000183105469,165478,0.0,0.0
2024-06-21 11:25:00-04:00,48.834999084472656,48.91999816894531,48.82500076293945,48.878501892089844,79246,0.0,0.0
2024-06-21 11:30:00-04:00,48.880001068115234,48.90999984741211,48.83000183105469,48.900001525878906,92274,0.0,0.0
2024-06-21 11:35:00-04:00,48.90999984741211,49.040000915527344,48.90999984741211,49.03499984741211,91425,0.0,0.0
2024-06-21 11:40:00-04:00,49.029998779296875,49.150001525878906,49.029998779296875,49.13999938964844,116663,0.0,0.0
2024-06-21 11:45:00-04:00,49.13999938964844,49.22999954223633,49.13999938964844,49.22999954223633,102532,0.0,0.0
2024-06-21 11:50:00-04:00,49.22999954223633,49.3224983215332,49.22999954223633,49.310001373291016,116197,0.0,0.0
2024-06-21 11:55:00-04:00,49.314998626708984,49.345001220703125,49.28499984741211,49.33000183105469,112908,0.0,0.0
2024-06-21 12:00:00-04:00,49.33000183105469,49.400001525878906,49.310001373291016,49.36000061035156,157296,0.0,0.0
2024-06-21 12:05:00-04:00,49.349998474121094,49.375,49.23500061035156,49.23500061035156,151486,0.0,0.0
2024-06-21 12:10:00-04:00,49.239200592041016,49.36000061035156,49.239200592041016,49.349998474121094,113124,0.0,0.0
2024-06-21 12:15:00-04:00,49.345001220703125,49.40999984741211,49.34000015258789,49.400001525878906,94652,0.0,0.0
2024-06-21 12:20:00-04:00,49.404998779296875,49.439998626708984,49.369998931884766,49.37990188598633,114268,0.0,0.0
2024-06-21 12:25:00-04:00,49.374000549316406,49.449798583984375,49.369998931884766,49.419898986816406,185651,0.0,0.0
2024-06-21 12:30:00-04:00,49.41999816894531,49.470001220703125,49.400001525878906,49.435001373291016,157773,0.0,0.0
2024-06-21 12:35:00-04:00,49.435001373291016,49.540000915527344,49.41999816894531,49.540000915527344,95367,0.0,0.0
2024-06-21 12:40:00-04:00,49.540000915527344,49.588401794433594,49.52000045776367,49.560001373291016,149195,0.0,0.0
2024-06-21 12:45:00-04:00,49.564998626708984,49.56999969482422,49.46500015258789,49.500099182128906,130847,0.0,0.0
2024-06-21 12:50:00-04:00,49.5099983215332,49.56999969482422,49.470001220703125,49.4900016784668,88281,0.0,0.0
2024-06-21 12:55:00-04:00,49.47999954223633,49.5099983215332,49.459999084472656,49.47999954223633,68142,0.0,0.0
2024-06-21 13:00:00-04:00,49.47999954223633,49.650001525878906,49.43000030517578,49.47999954223633,153492,0.0,0.0
2024-06-21 13:05:00-04:00,49.47999954223633,49.5099983215332,49.41999816894531,49.5099983215332,84406,0.0,0.0
2024-06-21 13:10:00-04:00,49.505001068115234,49.529998779296875,49.42499923706055,49.44499969482422,75186,0.0,0.0
2024-06-21 13:15:00-04:00,49.45000076293945,49.4900016784668,49.43000030517578,49.435001373291016,56093,0.0,0.0
2024-06-21 13:20:00-04:00,49.435001373291016,49.435001373291016,49.349998474121094,49.38999938964844,147660,0.0,0.0
2024-06-21 13:25:00-04:00,49.380001068115234,49.45000076293945,49.33000183105469,49.33000183105469,58559,0.0,0.0
2024-06-21 13:30:00-04:00,49.310001373291016,49.36000061035156,49.25,49.25,63298,0.0,0.0
2024-06-21 13:35:00-04:00,49.2599983215332,49.290000915527344,49.21500015258789,49.279998779296875,59161,0.0,0.0
2024-06-21 13:40:00-04:00,49.279998779296875,49.33000183105469,49.2400016784668,49.26499938964844,71747,0.0,0.0
2024-06-21 13:45:00-04:00,49.27000045776367,49.310001373291016,49.244998931884766,49.25,63205,0.0,0.0
2024-06-21 13:50:00-04:00,49.244998931884766,49.31999969482422,49.2400016784668,49.31999969482422,72334,0.0,0.0
2024-06-21 13:55:00-04:00,49.314998626708984,49.349998474121094,49.29999923706055,49.334999084472656,48152,0.0,0.0
2024-06-21 14:00:00-04:00,49.334999084472656,49.34000015258789,49.27000045776367,49.31999969482422,55924,0.0,0.0
2024-06-21 14:05:00-04:00,49.31999969482422,49.369998931884766,49.29999923706055,49.369998931884766,63793,0.0,0.0
2024-06-21 14:10:00-04:00,49.375,49.380001068115234,49.33000183105469,49.36000061035156,58110,0.0,0.0
2024-06-21 14:15:00-04:00,49.369998931884766,49.41999816894531,49.36000061035156,49.40999984741211,52462,0.0,0.0
2024-06-21 14:20:00-04:00,49.400001525878906,49.470001220703125,49.39500045776367,49.45000076293945,66016,0.0,0.0
2024-06-21 14:25:00-04:00,49.45500183105469,49.529998779296875,49.45500183105469,49.5,68553,0.0,0.0
2024-06-21 14:30:00-04:00,49.49470138549805,49.5,49.45009994506836,49.470001220703125,58976,0.0,0.0
2024-06-21 14:35:00-04:00,49.46500015258789,49.5,49.400001525878906,49.404998779296875,74245,0.0,0.0
2024-06-21 14:40:00-04:00,49.400001525878906,49.505001068115234,49.39500045776367,49.505001068115234,85758,0.0,0.0
2024-06-21 14:45:00-04:00,49.5,49.525001525878906,49.46500015258789,49.46659851074219,67815,0.0,0.0
2024-06-21 14:50:00-04:00,49.459999084472656,49.459999084472656,49.42499923706055,49.439998626708984,59518,0.0,0.0
2024-06-21 14:55:00-04:00,49.432098388671875,49.525001525878906,49.41999816894531,49.51499938964844,89148,0.0,0.0
2024-06-21 15:00:00-04:00,49.52000045776367,49.529998779296875,49.459999084472656,49.470001220703125,80358,0.0,0.0
2024-06-21 15:05:00-04:00,49.470001220703125,49.54999923706055,49.459999084472656,49.51499938964844,84323,0.0,0.0
2024-06-21 15:10:00-04:00,49.51499938964844,49.59000015258789,49.51499938964844,49.53499984741211,75968,0.0,0.0
2024-06-21 15:15:00-04:00,49.53770065307617,49.59000015258789,49.52000045776367,49.59000015258789,73917,0.0,0.0
2024-06-21 15:20:00-04:00,49.584999084472656,49.68000030517578,49.56999969482422,49.66999816894531,98584,0.0,0.0
2024-06-21 15:25:00-04:00,49.67499923706055,49.689998626708984,49.619998931884766,49.68000030517578,114000,0.0,0.0
2024-06-21 15:30:00-04:00,49.67499923706055,49.709999084472656,49.63999938964844,49.70000076293945,187099,0.0,0.0
2024-06-21 15:35:00-04:00,49.70000076293945,49.75,49.65999984741211,49.65999984741211,195142,0.0,0.0
2024-06-21 15:40:00-04:00,49.665000915527344,49.709999084472656,49.63999938964844,49.689998626708984,220132,0.0,0.0
2024-06-21 15:45:00-04:00,49.685001373291016,49.685001373291016,49.57500076293945,49.650001525878906,288239,0.0,0.0
2024-06-21 15:50:00-04:00,49.650001525878906,49.81999969482422,49.630001068115234,49.76499938964844,565009,0.0,0.0
2024-06-21 15:55:00-04:00,49.77000045776367,49.79999923706055,49.560001373291016,49.564998626708984,1330853,0.0,0.0
