Datetime,Open,High,Low,Close,Volume,Dividends,Stock Splits
2024-05-23 09:30:00-04:00,0.660099983215332,0.6700000166893005,0.6273999810218811,0.6485999822616577,52319,0.0,0.0
2024-05-23 09:35:00-04:00,0.6259999871253967,0.6367999911308289,0.625,0.6258500218391418,7021,0.0,0.0
2024-05-23 09:40:00-04:00,0.6367999911308289,0.6485999822616577,0.6367999911308289,0.6485999822616577,5342,0.0,0.0
2024-05-23 09:45:00-04:00,0.6309999823570251,0.6485999822616577,0.6299999952316284,0.6392999887466431,4018,0.0,0.0
2024-05-23 09:50:00-04:00,0.6392999887466431,0.6485999822616577,0.625,0.625,16613,0.0,0.0
2024-05-23 09:55:00-04:00,0.631850004196167,0.631850004196167,0.625,0.6251000165939331,6079,0.0,0.0
2024-05-23 10:00:00-04:00,0.6298999786376953,0.6299499869346619,0.6200000047683716,0.6201000213623047,17699,0.0,0.0
2024-05-23 10:05:00-04:00,0.6200000047683716,0.6245999932289124,0.6060000061988831,0.6121500134468079,10443,0.0,0.0
2024-05-23 10:10:00-04:00,0.6085000038146973,0.6100000143051147,0.6022999882698059,0.6025000214576721,9189,0.0,0.0
2024-05-23 10:15:00-04:00,0.6000000238418579,0.6291999816894531,0.6000000238418579,0.6291999816894531,53902,0.0,0.0
2024-05-23 10:20:00-04:00,0.6291999816894531,0.6291999816894531,0.6187999844551086,0.6233999729156494,7145,0.0,0.0
2024-05-23 10:25:00-04:00,0.6241999864578247,0.6245999932289124,0.6172999739646912,0.6210500001907349,2669,0.0,0.0
2024-05-23 10:30:00-04:00,0.6180999875068665,0.6180999875068665,0.6110000014305115,0.6129999756813049,13689,0.0,0.0
2024-05-23 10:35:00-04:00,0.6129999756813049,0.621399998664856,0.6115999817848206,0.6212999820709229,18350,0.0,0.0
2024-05-23 10:40:00-04:00,0.6212999820709229,0.621300995349884,0.6152999997138977,0.6152999997138977,6277,0.0,0.0
2024-05-23 10:45:00-04:00,0.614799976348877,0.6184999942779541,0.614799976348877,0.618399977684021,2380,0.0,0.0
2024-05-23 10:50:00-04:00,0.618399977684021,0.618399977684021,0.6146000027656555,0.618399977684021,2031,0.0,0.0
2024-05-23 10:55:00-04:00,0.618399977684021,0.6216999888420105,0.6146000027656555,0.618399977684021,3620,0.0,0.0
2024-05-23 11:00:00-04:00,0.618399977684021,0.6220999956130981,0.6146000027656555,0.6218000054359436,4097,0.0,0.0
2024-05-23 11:05:00-04:00,0.6183500289916992,0.6220999956130981,0.6146000027656555,0.6220999956130981,17169,0.0,0.0
2024-05-23 11:10:00-04:00,0.6183500289916992,0.6290000081062317,0.6157000064849854,0.6245999932289124,26010,0.0,0.0
2024-05-23 11:15:00-04:00,0.6245999932289124,0.6245999932289124,0.6122999787330627,0.6122999787330627,56367,0.0,0.0
2024-05-23 11:20:00-04:00,0.6146500110626221,0.6147000193595886,0.6036999821662903,0.6043000221252441,22750,0.0,0.0
2024-05-23 11:25:00-04:00,0.6069999933242798,0.6103000044822693,0.6036999821662903,0.6090999841690063,37019,0.0,0.0
2024-05-23 11:30:00-04:00,0.6097000241279602,0.6119999885559082,0.6036999821662903,0.6097000241279602,173724,0.0,0.0
2024-05-23 11:35:00-04:00,0.6093999743461609,0.6100999712944031,0.6043999791145325,0.6043999791145325,10448,0.0,0.0
2024-05-23 11:40:00-04:00,0.6043999791145325,0.6069999933242798,0.5950000286102295,0.5950000286102295,33696,0.0,0.0
2024-05-23 11:45:00-04:00,0.5960999727249146,0.5960999727249146,0.5891000032424927,0.5907999873161316,35717,0.0,0.0
2024-05-23 11:50:00-04:00,0.5889999866485596,0.5989000201225281,0.5758000016212463,0.5928999781608582,49009,0.0,0.0
2024-05-23 11:55:00-04:00,0.5989000201225281,0.5989000201225281,0.5899999737739563,0.5943999886512756,2935,0.0,0.0
2024-05-23 12:00:00-04:00,0.5943999886512756,0.5985000133514404,0.586899995803833,0.5899999737739563,21599,0.0,0.0
2024-05-23 12:05:00-04:00,0.5882999897003174,0.592199981212616,0.5882999897003174,0.5896000266075134,4375,0.0,0.0
2024-05-23 12:10:00-04:00,0.5918999910354614,0.5918999910354614,0.5802000164985657,0.5813000202178955,13469,0.0,0.0
2024-05-23 12:15:00-04:00,0.5824000239372253,0.5900499820709229,0.5813000202178955,0.5899999737739563,116318,0.0,0.0
2024-05-23 12:20:00-04:00,0.5892000198364258,0.5896999835968018,0.5777999758720398,0.5849999785423279,148861,0.0,0.0
2024-05-23 12:25:00-04:00,0.5896999835968018,0.5922499895095825,0.5863500237464905,0.5874999761581421,38646,0.0,0.0
2024-05-23 12:30:00-04:00,0.5838000178337097,0.5911999940872192,0.5838000178337097,0.588100016117096,14503,0.0,0.0
2024-05-23 12:35:00-04:00,0.5911999940872192,0.5911999940872192,0.585099995136261,0.5895000100135803,6638,0.0,0.0
2024-05-23 12:40:00-04:00,0.5878000259399414,0.5900999903678894,0.5855500102043152,0.5900999903678894,31641,0.0,0.0
2024-05-23 12:45:00-04:00,0.5880500078201294,0.5900999903678894,0.5860499739646912,0.5880500078201294,5195,0.0,0.0
2024-05-23 12:50:00-04:00,0.5899999737739563,0.5900999903678894,0.5860499739646912,0.5880500078201294,5879,0.0,0.0
2024-05-23 12:55:00-04:00,0.5900999903678894,0.5900999903678894,0.5860999822616577,0.588100016117096,4426,0.0,0.0
2024-05-23 13:00:00-04:00,0.5899999737739563,0.5900999903678894,0.5861999988555908,0.588100016117096,10170,0.0,0.0
2024-05-23 13:05:00-04:00,0.588100016117096,0.5900999903678894,0.5860999822616577,0.5899999737739563,17867,0.0,0.0
2024-05-23 13:10:00-04:00,0.588100016117096,0.5900999903678894,0.5860999822616577,0.5861999988555908,5000,0.0,0.0
2024-05-23 13:15:00-04:00,0.5899999737739563,0.5909000039100647,0.5861999988555908,0.588100016117096,27966,0.0,0.0
2024-05-23 13:20:00-04:00,0.5900999903678894,0.5900999903678894,0.588100016117096,0.5900999903678894,4413,0.0,0.0
2024-05-23 13:25:00-04:00,0.5900999903678894,0.5900999903678894,0.5861999988555908,0.588100016117096,3309,0.0,0.0
2024-05-23 13:30:00-04:00,0.588100016117096,0.5900999903678894,0.5861999988555908,0.588100016117096,3185,0.0,0.0
2024-05-23 13:35:00-04:00,0.588100016117096,0.5900999903678894,0.5860999822616577,0.5900999903678894,35537,0.0,0.0
2024-05-23 13:40:00-04:00,0.588100016117096,0.5900999903678894,0.5860999822616577,0.5884000062942505,9264,0.0,0.0
2024-05-23 13:45:00-04:00,0.5899999737739563,0.5900999903678894,0.588100016117096,0.5900499820709229,23743,0.0,0.0
2024-05-23 13:50:00-04:00,0.5884000062942505,0.5900999903678894,0.5875499844551086,0.5884000062942505,7701,0.0,0.0
2024-05-23 13:55:00-04:00,0.5900999903678894,0.5900999903678894,0.5828999876976013,0.5828999876976013,45420,0.0,0.0
2024-05-23 14:00:00-04:00,0.5828999876976013,0.5877990126609802,0.5719000101089478,0.5719000101089478,50228,0.0,0.0
2024-05-23 14:05:00-04:00,0.5719000101089478,0.5719000101089478,0.5699999928474426,0.5701000094413757,23409,0.0,0.0
2024-05-23 14:10:00-04:00,0.5701000094413757,0.580299973487854,0.5698500275611877,0.580299973487854,125929,0.0,0.0
2024-05-23 14:15:00-04:00,0.5795999765396118,0.588100016117096,0.5746999979019165,0.5782999992370605,124210,0.0,0.0
2024-05-23 14:20:00-04:00,0.5805000066757202,0.589900016784668,0.5802000164985657,0.589900016784668,7733,0.0,0.0
2024-05-23 14:25:00-04:00,0.5882999897003174,0.589900016784668,0.582099974155426,0.5860000252723694,3480,0.0,0.0
2024-05-23 14:30:00-04:00,0.5860000252723694,0.5896000266075134,0.5687999725341797,0.5699999928474426,33832,0.0,0.0
2024-05-23 14:35:00-04:00,0.5631999969482422,0.5806999802589417,0.5612000226974487,0.5806999802589417,39249,0.0,0.0
2024-05-23 14:40:00-04:00,0.5745000243186951,0.5807999968528748,0.5683000087738037,0.5754500031471252,3960,0.0,0.0
2024-05-23 14:45:00-04:00,0.5753999948501587,0.5807999968528748,0.5753999948501587,0.5800999999046326,2762,0.0,0.0
2024-05-23 14:50:00-04:00,0.5754500031471252,0.5807989835739136,0.5701000094413757,0.5754500031471252,5856,0.0,0.0
2024-05-23 14:55:00-04:00,0.5701000094413757,0.5807999968528748,0.5663999915122986,0.5663999915122986,19768,0.0,0.0
2024-05-23 15:00:00-04:00,0.5637999773025513,0.5637999773025513,0.5529999732971191,0.5600000023841858,66972,0.0,0.0
2024-05-23 15:05:00-04:00,0.5600000023841858,0.5687999725341797,0.5600000023841858,0.5645999908447266,26877,0.0,0.0
2024-05-23 15:10:00-04:00,0.5645999908447266,0.5688999891281128,0.5608000159263611,0.5645999908447266,5909,0.0,0.0
2024-05-23 15:15:00-04:00,0.5645999908447266,0.5649999976158142,0.5605000257492065,0.5605000257492065,6385,0.0,0.0
2024-05-23 15:20:00-04:00,0.5605000257492065,0.5647000074386597,0.5516999959945679,0.5601990222930908,87280,0.0,0.0
2024-05-23 15:25:00-04:00,0.5602999925613403,0.5764999985694885,0.5580999851226807,0.5764999985694885,45232,0.0,0.0
2024-05-23 15:30:00-04:00,0.57989901304245,0.5799999833106995,0.5702999830245972,0.5759000182151794,11352,0.0,0.0
2024-05-23 15:35:00-04:00,0.5759000182151794,0.5799999833106995,0.5759000182151794,0.5759000182151794,9986,0.0,0.0
2024-05-23 15:40:00-04:00,0.5738999843597412,0.5748000144958496,0.5600000023841858,0.5612999796867371,58917,0.0,0.0
2024-05-23 15:45:00-04:00,0.5613999962806702,0.5717999935150146,0.5610499978065491,0.5652999877929688,199566,0.0,0.0
2024-05-23 15:50:00-04:00,0.5659999847412109,0.5663999915122986,0.5646250247955322,0.5646250247955322,66485,0.0,0.0
2024-05-23 15:55:00-04:00,0.5647000074386597,0.5647000074386597,0.5546000003814697,0.5555999875068665,213961,0.0,0.0
2024-05-24 09:30:00-04:00,0.5799999833106995,0.5799999833106995,0.574999988079071,0.5799000263214111,14023,0.0,0.0
2024-05-24 09:35:00-04:00,0.5799999833106995,0.6062999963760376,0.5748999714851379,0.6054999828338623,26174,0.0,0.0
2024-05-24 09:40:00-04:00,0.6180999875068665,0.6180999875068665,0.5805000066757202,0.6072499752044678,2595,0.0,0.0
2024-05-24 09:45:00-04:00,0.5960000157356262,0.6072499752044678,0.5960000157356262,0.5988500118255615,25802,0.0,0.0
2024-05-24 09:50:00-04:00,0.5985999703407288,0.5985999703407288,0.583899974822998,0.5855000019073486,12596,0.0,0.0
2024-05-24 09:55:00-04:00,0.5853000283241272,0.6028000116348267,0.585099995136261,0.5938990116119385,3088,0.0,0.0
2024-05-24 10:00:00-04:00,0.6158999800682068,0.6299999952316284,0.6001999974250793,0.6299999952316284,19504,0.0,0.0
2024-05-24 10:05:00-04:00,0.6279000043869019,0.6298999786376953,0.6201000213623047,0.6207000017166138,11786,0.0,0.0
2024-05-24 10:10:00-04:00,0.625,0.6299999952316284,0.6200000047683716,0.6230000257492065,14950,0.0,0.0
2024-05-24 10:15:00-04:00,0.6298999786376953,0.6299999952316284,0.6200000047683716,0.6274999976158142,15971,0.0,0.0
2024-05-24 10:20:00-04:00,0.6299999952316284,0.6299999952316284,0.6200000047683716,0.6299499869346619,8529,0.0,0.0
2024-05-24 10:25:00-04:00,0.6298499703407288,0.6299999952316284,0.625,0.625,4571,0.0,0.0
2024-05-24 10:30:00-04:00,0.625,0.6299999952316284,0.6200000047683716,0.6244999766349792,18392,0.0,0.0
2024-05-24 10:35:00-04:00,0.6244999766349792,0.6290000081062317,0.6201000213623047,0.6290000081062317,3196,0.0,0.0
2024-05-24 10:40:00-04:00,0.6244999766349792,0.6395000219345093,0.6201000213623047,0.6345999836921692,30011,0.0,0.0
2024-05-24 10:45:00-04:00,0.6349999904632568,0.6391000151634216,0.6305000185966492,0.6370000243186951,5749,0.0,0.0
2024-05-24 10:50:00-04:00,0.6349999904632568,0.6388999819755554,0.6309999823570251,0.6317999958992004,8354,0.0,0.0
2024-05-24 10:55:00-04:00,0.6349999904632568,0.6388999819755554,0.6310999989509583,0.6384000182151794,6596,0.0,0.0
2024-05-24 11:00:00-04:00,0.6350499987602234,0.6350499987602234,0.6208000183105469,0.6252999901771545,30624,0.0,0.0
2024-05-24 11:05:00-04:00,0.6252999901771545,0.6254000067710876,0.6208999752998352,0.6244999766349792,1915,0.0,0.0
2024-05-24 11:10:00-04:00,0.6216999888420105,0.6297000050544739,0.6216999888420105,0.6254000067710876,5511,0.0,0.0
2024-05-24 11:15:00-04:00,0.6254000067710876,0.6297000050544739,0.6253499984741211,0.6253499984741211,1002,0.0,0.0
2024-05-24 11:20:00-04:00,0.6212000250816345,0.6289499998092651,0.6211000084877014,0.6235499978065491,26742,0.0,0.0
2024-05-24 11:25:00-04:00,0.6235499978065491,0.6258000135421753,0.621399998664856,0.6236500144004822,8545,0.0,0.0
2024-05-24 11:30:00-04:00,0.6218000054359436,0.6258000135421753,0.6215000152587891,0.6236500144004822,2812,0.0,0.0
2024-05-24 11:35:00-04:00,0.6236500144004822,0.6258000135421753,0.6236500144004822,0.6240000128746033,16404,0.0,0.0
2024-05-24 11:40:00-04:00,0.6240000128746033,0.6258000135421753,0.6240000128746033,0.6240000128746033,3516,0.0,0.0
2024-05-24 11:45:00-04:00,0.6258000135421753,0.6258000135421753,0.6222000122070312,0.6240000128746033,26222,0.0,0.0
2024-05-24 11:50:00-04:00,0.6258000135421753,0.6324999928474426,0.6207000017166138,0.6315000057220459,163091,0.0,0.0
2024-05-24 11:55:00-04:00,0.6367999911308289,0.6367999911308289,0.6313999891281128,0.6341000199317932,17341,0.0,0.0
2024-05-24 12:00:00-04:00,0.6341000199317932,0.6367999911308289,0.6244999766349792,0.6244999766349792,16293,0.0,0.0
2024-05-24 12:05:00-04:00,0.6244999766349792,0.6244999766349792,0.6216179728507996,0.6244999766349792,1702,0.0,0.0
2024-05-24 12:10:00-04:00,0.6212999820709229,0.6219000220298767,0.6123999953269958,0.6151999831199646,16919,0.0,0.0
2024-05-24 12:15:00-04:00,0.6198999881744385,0.6270999908447266,0.6151999831199646,0.6204000115394592,34636,0.0,0.0
2024-05-24 12:20:00-04:00,0.6260499954223633,0.6270999908447266,0.6236500144004822,0.6236500144004822,40202,0.0,0.0
2024-05-24 12:25:00-04:00,0.6236500144004822,0.6245999932289124,0.6155999898910522,0.6155999898910522,9881,0.0,0.0
2024-05-24 12:30:00-04:00,0.6197999715805054,0.6197999715805054,0.6155999898910522,0.6164000034332275,7101,0.0,0.0
2024-05-24 12:35:00-04:00,0.6155999898910522,0.6155999898910522,0.611299991607666,0.6155999898910522,3609,0.0,0.0
2024-05-24 12:40:00-04:00,0.611299991607666,0.6198999881744385,0.611299991607666,0.6174499988555908,8719,0.0,0.0
2024-05-24 12:45:00-04:00,0.6198999881744385,0.6215000152587891,0.6174499988555908,0.6215000152587891,21220,0.0,0.0
2024-05-24 12:50:00-04:00,0.6215000152587891,0.6215000152587891,0.6154999732971191,0.6215000152587891,8749,0.0,0.0
2024-05-24 12:55:00-04:00,0.6159999966621399,0.6184999942779541,0.6158999800682068,0.6184999942779541,6666,0.0,0.0
2024-05-24 13:00:00-04:00,0.6169499754905701,0.6284999847412109,0.6169499754905701,0.6227999925613403,93660,0.0,0.0
2024-05-24 13:05:00-04:00,0.6255000233650208,0.6284000277519226,0.6227999925613403,0.6255499720573425,6694,0.0,0.0
2024-05-24 13:10:00-04:00,0.6283000111579895,0.6284000277519226,0.6255499720573425,0.6283000111579895,4490,0.0,0.0
2024-05-24 13:15:00-04:00,0.62704998254776,0.6284000277519226,0.6257010102272034,0.62704998254776,3858,0.0,0.0
2024-05-24 13:20:00-04:00,0.6284000277519226,0.6349999904632568,0.6269999742507935,0.6303499937057495,22646,0.0,0.0
2024-05-24 13:25:00-04:00,0.6303499937057495,0.6349999904632568,0.6258010268211365,0.6310499906539917,12039,0.0,0.0
2024-05-24 13:30:00-04:00,0.6327999830245972,0.6327999830245972,0.6310499906539917,0.6310499906539917,3308,0.0,0.0
2024-05-24 13:35:00-04:00,0.6327000260353088,0.6327999830245972,0.6291000247001648,0.6310999989509583,11603,0.0,0.0
2024-05-24 13:40:00-04:00,0.6305500268936157,0.6310999989509583,0.6301000118255615,0.6309999823570251,3742,0.0,0.0
2024-05-24 13:45:00-04:00,0.6309999823570251,0.6327999830245972,0.6305500268936157,0.6315000057220459,17617,0.0,0.0
2024-05-24 13:50:00-04:00,0.6315000057220459,0.6456000208854675,0.6315000057220459,0.645550012588501,126326,0.0,0.0
2024-05-24 13:55:00-04:00,0.647599995136261,0.6586999893188477,0.6450999975204468,0.6552500128746033,149422,0.0,0.0
2024-05-24 14:00:00-04:00,0.6519010066986084,0.6585999727249146,0.6431999802589417,0.6483500003814697,65832,0.0,0.0
2024-05-24 14:05:00-04:00,0.6483500003814697,0.6514999866485596,0.6434000134468079,0.6491000056266785,51763,0.0,0.0
2024-05-24 14:10:00-04:00,0.6491000056266785,0.6500999927520752,0.6473000049591064,0.6487500071525574,12192,0.0,0.0
2024-05-24 14:15:00-04:00,0.6487500071525574,0.6589999794960022,0.6474999785423279,0.6518499851226807,70863,0.0,0.0
2024-05-24 14:20:00-04:00,0.6518499851226807,0.6518999934196472,0.6517999768257141,0.6518499851226807,12655,0.0,0.0
2024-05-24 14:25:00-04:00,0.6518999934196472,0.6675999760627747,0.6518499851226807,0.6628999710083008,147375,0.0,0.0
2024-05-24 14:30:00-04:00,0.6628999710083008,0.6675999760627747,0.6589999794960022,0.6608999967575073,112193,0.0,0.0
2024-05-24 14:35:00-04:00,0.6608999967575073,0.6629999876022339,0.6539000272750854,0.6629999876022339,44276,0.0,0.0
2024-05-24 14:40:00-04:00,0.6585000157356262,0.6646000146865845,0.6539999842643738,0.6646000146865845,12215,0.0,0.0
2024-05-24 14:45:00-04:00,0.6646000146865845,0.6646000146865845,0.6589000225067139,0.6635249853134155,29258,0.0,0.0
2024-05-24 14:50:00-04:00,0.6636000275611877,0.6643999814987183,0.6635299921035767,0.6636000275611877,6452,0.0,0.0
2024-05-24 14:55:00-04:00,0.6636000275611877,0.6848999857902527,0.6636000275611877,0.6794999837875366,143322,0.0,0.0
2024-05-24 15:00:00-04:00,0.6786999702453613,0.6794000267982483,0.6690999865531921,0.674049973487854,76736,0.0,0.0
2024-05-24 15:05:00-04:00,0.6739500164985657,0.6769999861717224,0.6658999919891357,0.6676999926567078,11201,0.0,0.0
2024-05-24 15:10:00-04:00,0.6676999926567078,0.6787999868392944,0.6660000085830688,0.6786999702453613,87592,0.0,0.0
2024-05-24 15:15:00-04:00,0.6765499711036682,0.6879000067710876,0.6743000149726868,0.6875,47186,0.0,0.0
2024-05-24 15:20:00-04:00,0.6875,0.6894999742507935,0.6740000247955322,0.6769000291824341,58141,0.0,0.0
2024-05-24 15:25:00-04:00,0.6789000034332275,0.6798999905586243,0.6747999787330627,0.6747999787330627,8622,0.0,0.0
2024-05-24 15:30:00-04:00,0.6796000003814697,0.6798999905586243,0.6741999983787537,0.6797999739646912,41718,0.0,0.0
2024-05-24 15:35:00-04:00,0.6772000193595886,0.6798999905586243,0.6758000254631042,0.676800012588501,17534,0.0,0.0
2024-05-24 15:40:00-04:00,0.676800012588501,0.6883999705314636,0.6765999794006348,0.676800012588501,100543,0.0,0.0
2024-05-24 15:45:00-04:00,0.6781709790229797,0.6844000220298767,0.676800012588501,0.677524983882904,78828,0.0,0.0
2024-05-24 15:50:00-04:00,0.6776000261306763,0.6784999966621399,0.6775000095367432,0.6776000261306763,105597,0.0,0.0
2024-05-24 15:55:00-04:00,0.6776000261306763,0.6869999766349792,0.677524983882904,0.6869000196456909,489366,0.0,0.0
2024-05-28 09:30:00-04:00,0.6650999784469604,0.7222999930381775,0.6650999784469604,0.7192469835281372,102940,0.0,0.0
2024-05-28 09:35:00-04:00,0.7197999954223633,0.7199000120162964,0.6940000057220459,0.694100022315979,24424,0.0,0.0
2024-05-28 09:40:00-04:00,0.7019000053405762,0.7177000045776367,0.7018499970436096,0.7127000093460083,13283,0.0,0.0
2024-05-28 09:45:00-04:00,0.7152000069618225,0.7177500128746033,0.7053999900817871,0.7095999717712402,6560,0.0,0.0
2024-05-28 09:50:00-04:00,0.7077500224113464,0.7077999711036682,0.6973000168800354,0.6995000243186951,37060,0.0,0.0
2024-05-28 09:55:00-04:00,0.6991999745368958,0.7020999789237976,0.6869000196456909,0.6869000196456909,8117,0.0,0.0
2024-05-28 10:00:00-04:00,0.6937500238418579,0.7019000053405762,0.671500027179718,0.6782000064849854,19795,0.0,0.0
2024-05-28 10:05:00-04:00,0.6782000064849854,0.6782000064849854,0.6690000295639038,0.6690000295639038,12320,0.0,0.0
2024-05-28 10:10:00-04:00,0.6674000024795532,0.6722000241279602,0.6636999845504761,0.6636999845504761,15461,0.0,0.0
2024-05-28 10:15:00-04:00,0.6636999845504761,0.6693999767303467,0.6600000262260437,0.6600000262260437,12085,0.0,0.0
2024-05-28 10:20:00-04:00,0.6608710289001465,0.6608710289001465,0.6445000171661377,0.6539499759674072,115982,0.0,0.0
2024-05-28 10:25:00-04:00,0.6539499759674072,0.6542999744415283,0.6480000019073486,0.651199996471405,28195,0.0,0.0
2024-05-28 10:30:00-04:00,0.6499999761581421,0.651199996471405,0.6420000195503235,0.6464999914169312,23484,0.0,0.0
2024-05-28 10:35:00-04:00,0.6420999765396118,0.6464999914169312,0.6416000127792358,0.641700029373169,15018,0.0,0.0
2024-05-28 10:40:00-04:00,0.6463000178337097,0.6499999761581421,0.6416000127792358,0.6416000127792358,8239,0.0,0.0
2024-05-28 10:45:00-04:00,0.6416000127792358,0.6478999853134155,0.6416000127792358,0.6417999863624573,8572,0.0,0.0
2024-05-28 10:50:00-04:00,0.6435999870300293,0.6467000246047974,0.6435999870300293,0.6467000246047974,17344,0.0,0.0
2024-05-28 10:55:00-04:00,0.6435999870300293,0.6473000049591064,0.6427000164985657,0.6427000164985657,9023,0.0,0.0
2024-05-28 11:00:00-04:00,0.6427000164985657,0.6479499936103821,0.6420000195503235,0.6420000195503235,11517,0.0,0.0
2024-05-28 11:05:00-04:00,0.6420000195503235,0.6448000073432922,0.6315000057220459,0.640250027179718,19800,0.0,0.0
2024-05-28 11:10:00-04:00,0.640250027179718,0.640250027179718,0.6315000057220459,0.6315000057220459,8043,0.0,0.0
2024-05-28 11:15:00-04:00,0.631600022315979,0.6401500105857849,0.6313999891281128,0.6320000290870667,19176,0.0,0.0
2024-05-28 11:20:00-04:00,0.6320000290870667,0.6377000212669373,0.6309999823570251,0.6370499730110168,31360,0.0,0.0
2024-05-28 11:25:00-04:00,0.6370000243186951,0.6466000080108643,0.635200023651123,0.6452500224113464,39879,0.0,0.0
2024-05-28 11:30:00-04:00,0.6452500224113464,0.6481999754905701,0.6421999931335449,0.6452500224113464,7653,0.0,0.0
2024-05-28 11:35:00-04:00,0.6452500224113464,0.6456999778747559,0.640999972820282,0.6456999778747559,19977,0.0,0.0
2024-05-28 11:40:00-04:00,0.6433500051498413,0.6445249915122986,0.6330999732017517,0.6330999732017517,23536,0.0,0.0
2024-05-28 11:45:00-04:00,0.6330999732017517,0.6399999856948853,0.6322000026702881,0.6323000192642212,23494,0.0,0.0
2024-05-28 11:50:00-04:00,0.6345499753952026,0.6464499831199646,0.6322000026702881,0.6464499831199646,55162,0.0,0.0
2024-05-28 11:55:00-04:00,0.6464499831199646,0.6465499997138977,0.6449999809265137,0.6453999876976013,14509,0.0,0.0
2024-05-28 12:00:00-04:00,0.6453999876976013,0.6453999876976013,0.6410999894142151,0.6435999870300293,3132,0.0,0.0
2024-05-28 12:05:00-04:00,0.6357300281524658,0.6412500143051147,0.635699987411499,0.635699987411499,1798,0.0,0.0
2024-05-28 12:10:00-04:00,0.635699987411499,0.6393499970436096,0.6345000267028809,0.6345000267028809,3897,0.0,0.0
2024-05-28 12:15:00-04:00,0.6345000267028809,0.6360499858856201,0.6316999793052673,0.6316999793052673,6506,0.0,0.0
2024-05-28 12:20:00-04:00,0.6317999958992004,0.6352999806404114,0.6316999793052673,0.6320000290870667,100339,0.0,0.0
2024-05-28 12:25:00-04:00,0.6319000124931335,0.6340000033378601,0.6319000124931335,0.6323999762535095,5239,0.0,0.0
2024-05-28 12:30:00-04:00,0.6338000297546387,0.6351000070571899,0.6241999864578247,0.6241999864578247,26470,0.0,0.0
2024-05-28 12:35:00-04:00,0.6291999816894531,0.6299999952316284,0.623199999332428,0.626800000667572,16166,0.0,0.0
2024-05-28 12:40:00-04:00,0.6236000061035156,0.6299989819526672,0.6234999895095825,0.6266999840736389,4918,0.0,0.0
2024-05-28 12:45:00-04:00,0.6234999895095825,0.6266999840736389,0.6234999895095825,0.6236000061035156,3104,0.0,0.0
2024-05-28 12:50:00-04:00,0.6234999895095825,0.629800021648407,0.6234999895095825,0.6266999840736389,17618,0.0,0.0
2024-05-28 12:55:00-04:00,0.6236000061035156,0.6323000192642212,0.6236000061035156,0.631600022315979,71373,0.0,0.0
2024-05-28 13:00:00-04:00,0.6323000192642212,0.6323000192642212,0.6313999891281128,0.631850004196167,16260,0.0,0.0
2024-05-28 13:05:00-04:00,0.6319000124931335,0.6402000188827515,0.6313999891281128,0.635699987411499,97714,0.0,0.0
2024-05-28 13:10:00-04:00,0.6356499791145325,0.6401000022888184,0.6310999989509583,0.6310999989509583,4086,0.0,0.0
2024-05-28 13:15:00-04:00,0.6310999989509583,0.6399000287055969,0.6310999989509583,0.6310999989509583,5289,0.0,0.0
2024-05-28 13:20:00-04:00,0.6310999989509583,0.6398000121116638,0.6310999989509583,0.6312000155448914,9458,0.0,0.0
2024-05-28 13:25:00-04:00,0.6312000155448914,0.6396999955177307,0.6310999989509583,0.6310999989509583,5074,0.0,0.0
2024-05-28 13:30:00-04:00,0.6312000155448914,0.6396999955177307,0.6310999989509583,0.6344000101089478,22143,0.0,0.0
2024-05-28 13:35:00-04:00,0.6344000101089478,0.6376000046730042,0.6312000155448914,0.6373999714851379,26778,0.0,0.0
2024-05-28 13:40:00-04:00,0.6374499797821045,0.637499988079071,0.6312000155448914,0.6312000155448914,10497,0.0,0.0
2024-05-28 13:45:00-04:00,0.6312000155448914,0.6342999935150146,0.6262999773025513,0.6266999840736389,11902,0.0,0.0
2024-05-28 13:50:00-04:00,0.6266999840736389,0.629800021648407,0.6230000257492065,0.6254000067710876,11047,0.0,0.0
2024-05-28 13:55:00-04:00,0.623199999332428,0.6254000067710876,0.6209999918937683,0.6211000084877014,7140,0.0,0.0
2024-05-28 14:00:00-04:00,0.6211000084877014,0.6244000196456909,0.6200000047683716,0.6207000017166138,15061,0.0,0.0
2024-05-28 14:05:00-04:00,0.6200000047683716,0.6207000017166138,0.6119499802589417,0.6128000020980835,30888,0.0,0.0
2024-05-28 14:10:00-04:00,0.6122000217437744,0.6212999820709229,0.6118999719619751,0.619350016117096,115609,0.0,0.0
2024-05-28 14:15:00-04:00,0.6202999949455261,0.6207000017166138,0.6183000206947327,0.6196500062942505,63226,0.0,0.0
2024-05-28 14:20:00-04:00,0.6196500062942505,0.619700014591217,0.6110000014305115,0.6119999885559082,40467,0.0,0.0
2024-05-28 14:25:00-04:00,0.6119999885559082,0.6140000224113464,0.6119999885559082,0.6119999885559082,31919,0.0,0.0
2024-05-28 14:30:00-04:00,0.6118999719619751,0.6118999719619751,0.6110000014305115,0.6115000247955322,14757,0.0,0.0
2024-05-28 14:35:00-04:00,0.6115000247955322,0.6115000247955322,0.6069999933242798,0.6082000136375427,137283,0.0,0.0
2024-05-28 14:40:00-04:00,0.6079999804496765,0.6087999939918518,0.607699990272522,0.6077499985694885,12304,0.0,0.0
2024-05-28 14:45:00-04:00,0.6077499985694885,0.6162999868392944,0.6070500016212463,0.607699990272522,173584,0.0,0.0
2024-05-28 14:50:00-04:00,0.6086000204086304,0.6086000204086304,0.6037999987602234,0.6037999987602234,19683,0.0,0.0
2024-05-28 14:55:00-04:00,0.6035900115966797,0.61080002784729,0.6010000109672546,0.6082000136375427,67684,0.0,0.0
2024-05-28 15:00:00-04:00,0.6082000136375427,0.61080002784729,0.6071000099182129,0.6086999773979187,16633,0.0,0.0
2024-05-28 15:05:00-04:00,0.6097999811172485,0.6101999878883362,0.6051999926567078,0.6076499819755554,105706,0.0,0.0
2024-05-28 15:10:00-04:00,0.6051999926567078,0.6100999712944031,0.6051999926567078,0.6051999926567078,78709,0.0,0.0
2024-05-28 15:15:00-04:00,0.6051999926567078,0.6172000169754028,0.6051999926567078,0.613099992275238,227885,0.0,0.0
2024-05-28 15:20:00-04:00,0.612500011920929,0.612500011920929,0.6057999730110168,0.6090499758720398,52328,0.0,0.0
2024-05-28 15:25:00-04:00,0.6090499758720398,0.6114000082015991,0.609000027179718,0.6096500158309937,58959,0.0,0.0
2024-05-28 15:30:00-04:00,0.6096500158309937,0.6100999712944031,0.609300971031189,0.6100000143051147,22244,0.0,0.0
2024-05-28 15:35:00-04:00,0.6100999712944031,0.6100999712944031,0.6100000143051147,0.6100000143051147,16847,0.0,0.0
2024-05-28 15:40:00-04:00,0.6100500226020813,0.6100999712944031,0.6014000177383423,0.6014000177383423,128867,0.0,0.0
2024-05-28 15:45:00-04:00,0.6014000177383423,0.6032999753952026,0.6000000238418579,0.6000249981880188,49966,0.0,0.0
2024-05-28 15:50:00-04:00,0.6000000238418579,0.6000999808311462,0.6000000238418579,0.6000499725341797,18023,0.0,0.0
2024-05-28 15:55:00-04:00,0.6000000238418579,0.6000999808311462,0.6000000238418579,0.6000000238418579,89163,0.0,0.0
2024-05-29 09:30:00-04:00,0.5910999774932861,0.5968000292778015,0.5852000117301941,0.5852000117301941,67199,0.0,0.0
2024-05-29 09:35:00-04:00,0.5809999704360962,0.5849999785423279,0.5805500149726868,0.5805500149726868,7452,0.0,0.0
2024-05-29 09:40:00-04:00,0.5806000232696533,0.5806000232696533,0.5799999833106995,0.5799999833106995,19224,0.0,0.0
2024-05-29 09:45:00-04:00,0.5787500143051147,0.5787500143051147,0.5787500143051147,0.5787500143051147,10980,0.0,0.0
2024-05-29 09:50:00-04:00,0.5788000226020813,0.5788000226020813,0.5787000060081482,0.5787500143051147,25513,0.0,0.0
2024-05-29 09:55:00-04:00,0.5787500143051147,0.5788000226020813,0.5787500143051147,0.5787500143051147,12330,0.0,0.0
2024-05-29 10:00:00-04:00,0.5787500143051147,0.5788000226020813,0.5722000002861023,0.5722500085830688,50830,0.0,0.0
2024-05-29 10:05:00-04:00,0.5722500085830688,0.5722500085830688,0.5611000061035156,0.5656999945640564,110279,0.0,0.0
2024-05-29 10:10:00-04:00,0.5659000277519226,0.5680000185966492,0.5659000277519226,0.5669999718666077,5316,0.0,0.0
2024-05-29 10:15:00-04:00,0.5667999982833862,0.5702999830245972,0.5666999816894531,0.5697000026702881,32484,0.0,0.0
2024-05-29 10:20:00-04:00,0.569599986076355,0.5698000192642212,0.562250018119812,0.5623000264167786,35484,0.0,0.0
2024-05-29 10:25:00-04:00,0.5623000264167786,0.567300021648407,0.5610499978065491,0.5610499978065491,24880,0.0,0.0
2024-05-29 10:30:00-04:00,0.5605000257492065,0.5609999895095825,0.550000011920929,0.5550000071525574,27609,0.0,0.0
2024-05-29 10:35:00-04:00,0.5547999739646912,0.5611000061035156,0.5534999966621399,0.5600249767303467,9521,0.0,0.0
2024-05-29 10:40:00-04:00,0.5600500106811523,0.5659000277519226,0.5600500106811523,0.5633000135421753,46642,0.0,0.0
2024-05-29 10:45:00-04:00,0.5612000226974487,0.5612999796867371,0.5590999722480774,0.5604000091552734,13105,0.0,0.0
2024-05-29 10:50:00-04:00,0.5601999759674072,0.5609999895095825,0.5583999752998352,0.5584999918937683,11028,0.0,0.0
2024-05-29 10:55:00-04:00,0.5584999918937683,0.5586000084877014,0.5509999990463257,0.5509999990463257,20663,0.0,0.0
2024-05-29 11:00:00-04:00,0.5526999831199646,0.5526999831199646,0.5511000156402588,0.5519000291824341,8250,0.0,0.0
2024-05-29 11:05:00-04:00,0.5529000163078308,0.5552999973297119,0.5525000095367432,0.5552999973297119,10511,0.0,0.0
2024-05-29 11:10:00-04:00,0.5544000267982483,0.5544999837875366,0.5526000261306763,0.5537999868392944,24332,0.0,0.0
2024-05-29 11:15:00-04:00,0.5533999800682068,0.5631999969482422,0.5530499815940857,0.5601000189781189,75143,0.0,0.0
2024-05-29 11:20:00-04:00,0.5590999722480774,0.5615000128746033,0.5590000152587891,0.5615000128746033,6443,0.0,0.0
2024-05-29 11:25:00-04:00,0.5615000128746033,0.5626500248908997,0.5615000128746033,0.5615000128746033,3638,0.0,0.0
2024-05-29 11:30:00-04:00,0.5615000128746033,0.5615000128746033,0.5615000128746033,0.5615000128746033,2727,0.0,0.0
2024-05-29 11:35:00-04:00,0.5615000128746033,0.5615000128746033,0.5609999895095825,0.5609999895095825,4998,0.0,0.0
2024-05-29 11:40:00-04:00,0.559249997138977,0.559249997138977,0.5580499768257141,0.5580499768257141,17203,0.0,0.0
2024-05-29 11:45:00-04:00,0.5580499768257141,0.5602499842643738,0.5580499768257141,0.5598499774932861,36513,0.0,0.0
2024-05-29 11:50:00-04:00,0.5598499774932861,0.5598999857902527,0.5598499774932861,0.5598499774932861,15425,0.0,0.0
2024-05-29 11:55:00-04:00,0.5598999857902527,0.5598999857902527,0.5598000288009644,0.5598499774932861,11951,0.0,0.0
2024-05-29 12:00:00-04:00,0.5598499774932861,0.5598999857902527,0.5598000288009644,0.5598499774932861,10851,0.0,0.0
2024-05-29 12:05:00-04:00,0.5598499774932861,0.5598999857902527,0.5529999732971191,0.5536999702453613,27247,0.0,0.0
2024-05-29 12:10:00-04:00,0.5529999732971191,0.5568000078201294,0.5529999732971191,0.5537999868392944,114241,0.0,0.0
2024-05-29 12:15:00-04:00,0.5532000064849854,0.554099977016449,0.5532000064849854,0.5536999702453613,6008,0.0,0.0
2024-05-29 12:20:00-04:00,0.5534999966621399,0.5605999827384949,0.5534999966621399,0.5553900003433228,103510,0.0,0.0
2024-05-29 12:25:00-04:00,0.555400013923645,0.5554999709129333,0.5553500056266785,0.5554999709129333,3325,0.0,0.0
2024-05-29 12:30:00-04:00,0.5554100275039673,0.5566999912261963,0.550000011920929,0.5564000010490417,73168,0.0,0.0
2024-05-29 12:35:00-04:00,0.5519999861717224,0.5529999732971191,0.5519999861717224,0.5529999732971191,2573,0.0,0.0
2024-05-29 12:40:00-04:00,0.5526999831199646,0.5527999997138977,0.5526999831199646,0.5527999997138977,4639,0.0,0.0
2024-05-29 12:45:00-04:00,0.5526999831199646,0.5591999888420105,0.5526999831199646,0.5589389801025391,15840,0.0,0.0
2024-05-29 12:50:00-04:00,0.5591999888420105,0.5591999888420105,0.5580000281333923,0.5591999888420105,1013,0.0,0.0
2024-05-29 12:55:00-04:00,0.5582000017166138,0.5615000128746033,0.5575500130653381,0.5615000128746033,35259,0.0,0.0
2024-05-29 13:00:00-04:00,0.5615000128746033,0.5616000294685364,0.5530999898910522,0.5530999898910522,58915,0.0,0.0
2024-05-29 13:05:00-04:00,0.5533990263938904,0.559499979019165,0.5529999732971191,0.5570250153541565,75357,0.0,0.0
2024-05-29 13:10:00-04:00,0.5539000034332275,0.5543000102043152,0.5539000034332275,0.554099977016449,922,0.0,0.0
2024-05-29 13:15:00-04:00,0.5544000267982483,0.5570999979972839,0.5537999868392944,0.555400013923645,9308,0.0,0.0
2024-05-29 13:20:00-04:00,0.555400013923645,0.5569999814033508,0.555400013923645,0.5569999814033508,1224,0.0,0.0
2024-05-29 13:25:00-04:00,0.5569999814033508,0.5593860149383545,0.5569999814033508,0.5593000054359436,22525,0.0,0.0
2024-05-29 13:30:00-04:00,0.5593000054359436,0.5604000091552734,0.5593000054359436,0.5603500008583069,10115,0.0,0.0
2024-05-29 13:35:00-04:00,0.5609999895095825,0.5609999895095825,0.5598000288009644,0.5598000288009644,3235,0.0,0.0
2024-05-29 13:40:00-04:00,0.5598999857902527,0.5722000002861023,0.5598999857902527,0.5705999732017517,75745,0.0,0.0
2024-05-29 13:45:00-04:00,0.5705999732017517,0.5733000040054321,0.5696499943733215,0.5702000260353088,10629,0.0,0.0
2024-05-29 13:50:00-04:00,0.5701500177383423,0.5701500177383423,0.5670999884605408,0.5701500177383423,5145,0.0,0.0
2024-05-29 13:55:00-04:00,0.5701500177383423,0.5733000040054321,0.565500020980835,0.5687999725341797,23905,0.0,0.0
2024-05-29 14:00:00-04:00,0.5687999725341797,0.569599986076355,0.565500020980835,0.5680999755859375,134588,0.0,0.0
2024-05-29 14:05:00-04:00,0.5680999755859375,0.5706999897956848,0.5655999779701233,0.5680999755859375,6299,0.0,0.0
2024-05-29 14:10:00-04:00,0.5706999897956848,0.5706999897956848,0.5680500268936157,0.5705999732017517,10723,0.0,0.0
2024-05-29 14:15:00-04:00,0.5705999732017517,0.5705999732017517,0.5655999779701233,0.5705000162124634,7366,0.0,0.0
2024-05-29 14:20:00-04:00,0.5705000162124634,0.5733000040054321,0.5655999779701233,0.5733000040054321,25896,0.0,0.0
2024-05-29 14:25:00-04:00,0.5733000040054321,0.5745000243186951,0.5669999718666077,0.5745000243186951,6741,0.0,0.0
2024-05-29 14:30:00-04:00,0.5745000243186951,0.5758000016212463,0.5687999725341797,0.5758000016212463,5381,0.0,0.0
2024-05-29 14:35:00-04:00,0.5758000016212463,0.5788000226020813,0.5701000094413757,0.5724999904632568,10348,0.0,0.0
2024-05-29 14:40:00-04:00,0.5773000121116638,0.5773000121116638,0.5712000131607056,0.5771999955177307,3966,0.0,0.0
2024-05-29 14:45:00-04:00,0.5771999955177307,0.5788000226020813,0.5770999789237976,0.5788000226020813,5016,0.0,0.0
2024-05-29 14:50:00-04:00,0.5788000226020813,0.5788000226020813,0.572700023651123,0.5767999887466431,6468,0.0,0.0
2024-05-29 14:55:00-04:00,0.5767999887466431,0.5805000066757202,0.5741000175476074,0.5781999826431274,13415,0.0,0.0
2024-05-29 15:00:00-04:00,0.5781999826431274,0.5859000086784363,0.5770999789237976,0.583299994468689,22243,0.0,0.0
2024-05-29 15:05:00-04:00,0.5856000185012817,0.5860000252723694,0.5807999968528748,0.5859000086784363,9104,0.0,0.0
2024-05-29 15:10:00-04:00,0.5859000086784363,0.5884000062942505,0.5831999778747559,0.5853000283241272,46579,0.0,0.0
2024-05-29 15:15:00-04:00,0.5853000283241272,0.5878000259399414,0.5853000283241272,0.5853999853134155,20602,0.0,0.0
2024-05-29 15:20:00-04:00,0.585349977016449,0.585349977016449,0.5853000283241272,0.585349977016449,22053,0.0,0.0
2024-05-29 15:25:00-04:00,0.585349977016449,0.5853999853134155,0.5800250172615051,0.5800250172615051,16239,0.0,0.0
2024-05-29 15:30:00-04:00,0.5799999833106995,0.5800999999046326,0.5799999833106995,0.5800999999046326,6425,0.0,0.0
2024-05-29 15:35:00-04:00,0.5800999999046326,0.5800999999046326,0.5799999833106995,0.5800999999046326,32380,0.0,0.0
2024-05-29 15:40:00-04:00,0.5800999999046326,0.5834000110626221,0.5800999999046326,0.5824000239372253,167457,0.0,0.0
2024-05-29 15:45:00-04:00,0.5823500156402588,0.5824000239372253,0.5823249816894531,0.5823500156402588,30538,0.0,0.0
2024-05-29 15:50:00-04:00,0.5823500156402588,0.5853000283241272,0.5823249816894531,0.5853000283241272,44232,0.0,0.0
2024-05-29 15:55:00-04:00,0.5853000283241272,0.5853000283241272,0.5805000066757202,0.5806000232696533,87521,0.0,0.0
2024-05-30 09:30:00-04:00,0.5650010108947754,0.5650010108947754,0.5650010108947754,0.5650010108947754,14160,0.0,0.0
2024-05-30 09:35:00-04:00,0.5891000032424927,0.5907999873161316,0.5709999799728394,0.5907999873161316,17618,0.0,0.0
2024-05-30 09:40:00-04:00,0.5702999830245972,0.5751000046730042,0.5702000260353088,0.5751000046730042,1171,0.0,0.0
2024-05-30 09:45:00-04:00,0.5824999809265137,0.589900016784668,0.574999988079071,0.5752000212669373,1032,0.0,0.0
2024-05-30 09:50:00-04:00,0.5800999999046326,0.5899999737739563,0.5800999999046326,0.5874999761581421,10639,0.0,0.0
2024-05-30 09:55:00-04:00,0.5874999761581421,0.5874999761581421,0.5849999785423279,0.5874999761581421,4823,0.0,0.0
2024-05-30 10:00:00-04:00,0.5899999737739563,0.5899999737739563,0.5849999785423279,0.5849999785423279,864,0.0,0.0
2024-05-30 10:05:00-04:00,0.5849999785423279,0.5874999761581421,0.5849999785423279,0.5849999785423279,1878,0.0,0.0
2024-05-30 10:10:00-04:00,0.5874999761581421,0.5874999761581421,0.5699999928474426,0.5705000162124634,5449,0.0,0.0
2024-05-30 10:15:00-04:00,0.5709999799728394,0.5709999799728394,0.5690000057220459,0.5699999928474426,2615,0.0,0.0
2024-05-30 10:20:00-04:00,0.5701000094413757,0.5792999863624573,0.5699999928474426,0.5699999928474426,2325,0.0,0.0
2024-05-30 10:25:00-04:00,0.5792499780654907,0.5885000228881836,0.5699999928474426,0.5885000228881836,3091,0.0,0.0
2024-05-30 10:30:00-04:00,0.5699999928474426,0.5885000228881836,0.5690000057220459,0.5690000057220459,6664,0.0,0.0
2024-05-30 10:35:00-04:00,0.5690000057220459,0.5787500143051147,0.5690000057220459,0.5690000057220459,1961,0.0,0.0
2024-05-30 10:40:00-04:00,0.5690000057220459,0.5885000228881836,0.5659999847412109,0.5659999847412109,5503,0.0,0.0
2024-05-30 10:45:00-04:00,0.5659999847412109,0.566100001335144,0.5529999732971191,0.5562000274658203,15896,0.0,0.0
2024-05-30 10:50:00-04:00,0.5562999844551086,0.5631499886512756,0.5562000274658203,0.5562999844551086,7302,0.0,0.0
2024-05-30 10:55:00-04:00,0.5562999844551086,0.5699999928474426,0.550000011920929,0.5600000023841858,68534,0.0,0.0
2024-05-30 11:00:00-04:00,0.550000011920929,0.5619999766349792,0.550000011920929,0.550000011920929,37386,0.0,0.0
2024-05-30 11:05:00-04:00,0.5600000023841858,0.5698999762535095,0.542900025844574,0.5432999730110168,74851,0.0,0.0
2024-05-30 11:10:00-04:00,0.54339998960495,0.5697000026702881,0.5400000214576721,0.5594000220298767,28620,0.0,0.0
2024-05-30 11:15:00-04:00,0.5440000295639038,0.5522000193595886,0.5425999760627747,0.5429999828338623,18927,0.0,0.0
2024-05-30 11:20:00-04:00,0.5404999852180481,0.5496500134468079,0.5400000214576721,0.5400000214576721,11427,0.0,0.0
2024-05-30 11:25:00-04:00,0.5401999950408936,0.5593000054359436,0.5400000214576721,0.5503000020980835,15287,0.0,0.0
2024-05-30 11:30:00-04:00,0.5503000020980835,0.5593000054359436,0.550000011920929,0.5503000020980835,12914,0.0,0.0
2024-05-30 11:35:00-04:00,0.5503000020980835,0.5593000054359436,0.5503000020980835,0.5508000254631042,24321,0.0,0.0
2024-05-30 11:40:00-04:00,0.5504000186920166,0.5593000054359436,0.5504000186920166,0.5533999800682068,9459,0.0,0.0
2024-05-30 11:45:00-04:00,0.5533999800682068,0.5591999888420105,0.5533999800682068,0.5591999888420105,6828,0.0,0.0
2024-05-30 11:50:00-04:00,0.5533999800682068,0.5619000196456909,0.5533000230789185,0.5600000023841858,35079,0.0,0.0
2024-05-30 11:55:00-04:00,0.5600000023841858,0.5637999773025513,0.5533999800682068,0.5637999773025513,24787,0.0,0.0
2024-05-30 12:00:00-04:00,0.5562000274658203,0.5637000203132629,0.5562000274658203,0.5562000274658203,6205,0.0,0.0
2024-05-30 12:05:00-04:00,0.5637000203132629,0.5637999773025513,0.5548999905586243,0.5548999905586243,7312,0.0,0.0
2024-05-30 12:10:00-04:00,0.559249997138977,0.5637999773025513,0.5533000230789185,0.5585500001907349,4896,0.0,0.0
2024-05-30 12:15:00-04:00,0.5585500001907349,0.5586000084877014,0.5533000230789185,0.5533000230789185,6574,0.0,0.0
2024-05-30 12:20:00-04:00,0.5533000230789185,0.5637999773025513,0.5533000230789185,0.5586000084877014,5356,0.0,0.0
2024-05-30 12:25:00-04:00,0.5533000230789185,0.5637999773025513,0.5533000230789185,0.5533000230789185,4396,0.0,0.0
2024-05-30 12:30:00-04:00,0.5533000230789185,0.5637999773025513,0.5533000230789185,0.5533000230789185,10170,0.0,0.0
2024-05-30 12:35:00-04:00,0.5533000230789185,0.5637999773025513,0.550000011920929,0.5529999732971191,19680,0.0,0.0
2024-05-30 12:40:00-04:00,0.5503000020980835,0.5569000244140625,0.550000011920929,0.550000011920929,6273,0.0,0.0
2024-05-30 12:45:00-04:00,0.550000011920929,0.5637999773025513,0.550000011920929,0.550000011920929,8440,0.0,0.0
2024-05-30 12:50:00-04:00,0.550000011920929,0.5570999979972839,0.550000011920929,0.550000011920929,7054,0.0,0.0
2024-05-30 12:55:00-04:00,0.550000011920929,0.5587000250816345,0.550000011920929,0.553600013256073,6864,0.0,0.0
2024-05-30 13:00:00-04:00,0.553600013256073,0.5587000250816345,0.553600013256073,0.553600013256073,7017,0.0,0.0
2024-05-30 13:05:00-04:00,0.553600013256073,0.5633000135421753,0.553600013256073,0.553600013256073,5296,0.0,0.0
2024-05-30 13:10:00-04:00,0.553600013256073,0.5637999773025513,0.550000011920929,0.5506870150566101,21074,0.0,0.0
2024-05-30 13:15:00-04:00,0.5569000244140625,0.5637000203132629,0.550000011920929,0.550000011920929,5943,0.0,0.0
2024-05-30 13:20:00-04:00,0.550000011920929,0.5623000264167786,0.550000011920929,0.550000011920929,9311,0.0,0.0
2024-05-30 13:25:00-04:00,0.550000011920929,0.5623000264167786,0.550000011920929,0.5562000274658203,5476,0.0,0.0
2024-05-30 13:30:00-04:00,0.5562000274658203,0.5637999773025513,0.5559999942779541,0.5562000274658203,7092,0.0,0.0
2024-05-30 13:35:00-04:00,0.5562000274658203,0.5600000023841858,0.5559999942779541,0.5559999942779541,10031,0.0,0.0
2024-05-30 13:40:00-04:00,0.5559999942779541,0.5633000135421753,0.5559999942779541,0.5562000274658203,5620,0.0,0.0
2024-05-30 13:45:00-04:00,0.5562000274658203,0.5623000264167786,0.5559999942779541,0.5623000264167786,5825,0.0,0.0
2024-05-30 13:50:00-04:00,0.5562000274658203,0.5616000294685364,0.5558000206947327,0.5558000206947327,10332,0.0,0.0
2024-05-30 13:55:00-04:00,0.5535399913787842,0.5633000135421753,0.5508999824523926,0.557200014591217,8202,0.0,0.0
2024-05-30 14:00:00-04:00,0.5509999990463257,0.5633999705314636,0.5508999824523926,0.5508999824523926,9108,0.0,0.0
2024-05-30 14:05:00-04:00,0.5508999824523926,0.5633999705314636,0.5508999824523926,0.5550000071525574,7070,0.0,0.0
2024-05-30 14:10:00-04:00,0.5608000159263611,0.5633000135421753,0.5515000224113464,0.5515000224113464,10214,0.0,0.0
2024-05-30 14:15:00-04:00,0.5573999881744385,0.5633000135421753,0.550000011920929,0.5501000285148621,13334,0.0,0.0
2024-05-30 14:20:00-04:00,0.5501000285148621,0.5630999803543091,0.550000011920929,0.5503000020980835,10841,0.0,0.0
2024-05-30 14:25:00-04:00,0.5503000020980835,0.5631999969482422,0.5503000020980835,0.5503000020980835,7656,0.0,0.0
2024-05-30 14:30:00-04:00,0.5504000186920166,0.5631999969482422,0.5503000020980835,0.5509999990463257,12612,0.0,0.0
2024-05-30 14:35:00-04:00,0.5509999990463257,0.5630999803543091,0.550000011920929,0.5503000020980835,45158,0.0,0.0
2024-05-30 14:40:00-04:00,0.5503000020980835,0.5622000098228455,0.5400000214576721,0.54830002784729,75079,0.0,0.0
2024-05-30 14:45:00-04:00,0.5482000112533569,0.5533000230789185,0.541100025177002,0.541100025177002,16661,0.0,0.0
2024-05-30 14:50:00-04:00,0.541100025177002,0.5501999855041504,0.5400999784469604,0.5401999950408936,11221,0.0,0.0
2024-05-30 14:55:00-04:00,0.5401999950408936,0.54830002784729,0.5400000214576721,0.5400999784469604,12539,0.0,0.0
2024-05-30 15:00:00-04:00,0.5433499813079834,0.5465999841690063,0.5400999784469604,0.5400999784469604,33572,0.0,0.0
2024-05-30 15:05:00-04:00,0.5450999736785889,0.5465999841690063,0.5400999784469604,0.5401999950408936,18140,0.0,0.0
2024-05-30 15:10:00-04:00,0.5401999950408936,0.5450000166893005,0.5400000214576721,0.5425000190734863,11984,0.0,0.0
2024-05-30 15:15:00-04:00,0.5425000190734863,0.5425000190734863,0.5335999727249146,0.5422999858856201,68139,0.0,0.0
2024-05-30 15:20:00-04:00,0.5427500009536743,0.5454999804496765,0.5400000214576721,0.5400999784469604,3696,0.0,0.0
2024-05-30 15:25:00-04:00,0.5428000092506409,0.5428000092506409,0.5400000214576721,0.5400000214576721,11386,0.0,0.0
2024-05-30 15:30:00-04:00,0.5427500009536743,0.5454999804496765,0.5400000214576721,0.5400000214576721,8414,0.0,0.0
2024-05-30 15:35:00-04:00,0.5400000214576721,0.5441499948501587,0.5400000214576721,0.5441499948501587,10998,0.0,0.0
2024-05-30 15:40:00-04:00,0.5400999784469604,0.5454999804496765,0.5400999784469604,0.5400999784469604,43368,0.0,0.0
2024-05-30 15:45:00-04:00,0.5400999784469604,0.5454999804496765,0.5361999869346619,0.5397999882698059,59981,0.0,0.0
2024-05-30 15:50:00-04:00,0.5379999876022339,0.5432000160217285,0.5360999703407288,0.5432000160217285,97551,0.0,0.0
2024-05-30 15:55:00-04:00,0.5422000288963318,0.5432000160217285,0.5400999784469604,0.5430999994277954,109737,0.0,0.0
2024-05-31 09:30:00-04:00,0.5467000007629395,0.5508999824523926,0.5410000085830688,0.5450000166893005,29203,0.0,0.0
2024-05-31 09:35:00-04:00,0.550000011920929,0.5505200028419495,0.5410000085830688,0.5419999957084656,5001,0.0,0.0
2024-05-31 09:40:00-04:00,0.5564500093460083,0.5568000078201294,0.5450000166893005,0.5450000166893005,2926,0.0,0.0
2024-05-31 09:45:00-04:00,0.5450000166893005,0.5450000166893005,0.5419999957084656,0.5419999957084656,5627,0.0,0.0
2024-05-31 09:50:00-04:00,0.5419999957084656,0.5419999957084656,0.5289000272750854,0.5299999713897705,16253,0.0,0.0
2024-05-31 09:55:00-04:00,0.5299999713897705,0.5339999794960022,0.5205000042915344,0.5220999717712402,29694,0.0,0.0
2024-05-31 10:00:00-04:00,0.5217999815940857,0.5299999713897705,0.5206000208854675,0.5210000276565552,15661,0.0,0.0
2024-05-31 10:05:00-04:00,0.5210000276565552,0.5339000225067139,0.5210000276565552,0.5242000222206116,8380,0.0,0.0
2024-05-31 10:10:00-04:00,0.5242000222206116,0.5292999744415283,0.5241000056266785,0.5241000056266785,4858,0.0,0.0
2024-05-31 10:15:00-04:00,0.5299999713897705,0.5324000120162964,0.5241000056266785,0.5324000120162964,2947,0.0,0.0
2024-05-31 10:20:00-04:00,0.5320000052452087,0.5386000275611877,0.5300999879837036,0.5386000275611877,5420,0.0,0.0
2024-05-31 10:25:00-04:00,0.5329999923706055,0.5378000140190125,0.5328999757766724,0.5378000140190125,27285,0.0,0.0
2024-05-31 10:30:00-04:00,0.5353999733924866,0.5392000079154968,0.5332000255584717,0.53329998254776,2336,0.0,0.0
2024-05-31 10:35:00-04:00,0.5361999869346619,0.5390999913215637,0.5332000255584717,0.5332000255584717,3287,0.0,0.0
2024-05-31 10:40:00-04:00,0.53329998254776,0.5390999913215637,0.5332000255584717,0.5353000164031982,3753,0.0,0.0
2024-05-31 10:45:00-04:00,0.5339999794960022,0.5386999845504761,0.5332000255584717,0.53329998254776,63325,0.0,0.0
2024-05-31 10:50:00-04:00,0.53329998254776,0.53329998254776,0.527999997138977,0.527999997138977,15659,0.0,0.0
2024-05-31 10:55:00-04:00,0.5303000211715698,0.5303000211715698,0.5210999846458435,0.5253750085830688,15388,0.0,0.0
2024-05-31 11:00:00-04:00,0.5242499709129333,0.5254999995231628,0.5220000147819519,0.5220000147819519,14529,0.0,0.0
2024-05-31 11:05:00-04:00,0.5220000147819519,0.527999997138977,0.5220000147819519,0.5249999761581421,11266,0.0,0.0
2024-05-31 11:10:00-04:00,0.5250999927520752,0.5339999794960022,0.5249999761581421,0.5306000113487244,15744,0.0,0.0
2024-05-31 11:15:00-04:00,0.5329999923706055,0.5424000024795532,0.5325000286102295,0.5422999858856201,38484,0.0,0.0
2024-05-31 11:20:00-04:00,0.5360000133514404,0.5422999858856201,0.5350000262260437,0.5350000262260437,6679,0.0,0.0
2024-05-31 11:25:00-04:00,0.5350000262260437,0.535099983215332,0.5329999923706055,0.5329999923706055,9601,0.0,0.0
2024-05-31 11:30:00-04:00,0.5329999923706055,0.5329999923706055,0.5230000019073486,0.5230000019073486,102832,0.0,0.0
2024-05-31 11:35:00-04:00,0.5230000019073486,0.525600016117096,0.5210000276565552,0.5240499973297119,79783,0.0,0.0
2024-05-31 11:40:00-04:00,0.5224999785423279,0.5296000242233276,0.5224999785423279,0.5260999798774719,22731,0.0,0.0
2024-05-31 11:45:00-04:00,0.5246000289916992,0.5253000259399414,0.5210000276565552,0.5253000259399414,1929,0.0,0.0
2024-05-31 11:50:00-04:00,0.5210999846458435,0.5210999846458435,0.5206000208854675,0.5206000208854675,7692,0.0,0.0
2024-05-31 11:55:00-04:00,0.5206000208854675,0.527999997138977,0.5199999809265137,0.5259000062942505,47849,0.0,0.0
2024-05-31 12:00:00-04:00,0.5259000062942505,0.5259000062942505,0.5231999754905701,0.5231999754905701,6018,0.0,0.0
2024-05-31 12:05:00-04:00,0.5231999754905701,0.5273000001907349,0.5210000276565552,0.5273000001907349,31530,0.0,0.0
2024-05-31 12:10:00-04:00,0.524150013923645,0.5258499979972839,0.5210000276565552,0.524399995803833,4088,0.0,0.0
2024-05-31 12:15:00-04:00,0.5259000062942505,0.5259000062942505,0.5224000215530396,0.5224000215530396,4502,0.0,0.0
2024-05-31 12:20:00-04:00,0.5241000056266785,0.5256999731063843,0.5210000276565552,0.5230000019073486,6726,0.0,0.0
2024-05-31 12:25:00-04:00,0.5230000019073486,0.5273000001907349,0.5230000019073486,0.5235999822616577,20105,0.0,0.0
2024-05-31 12:30:00-04:00,0.5253999829292297,0.5273000001907349,0.5235000252723694,0.5253999829292297,7208,0.0,0.0
2024-05-31 12:35:00-04:00,0.5253999829292297,0.5288000106811523,0.5253000259399414,0.5253499746322632,9044,0.0,0.0
2024-05-31 12:40:00-04:00,0.5253999829292297,0.5307000279426575,0.5252000093460083,0.5252000093460083,122735,0.0,0.0
2024-05-31 12:45:00-04:00,0.5253000259399414,0.5254999995231628,0.5230000019073486,0.5230000019073486,5426,0.0,0.0
2024-05-31 12:50:00-04:00,0.5242999792098999,0.5242999792098999,0.5223000049591064,0.522599995136261,8666,0.0,0.0
2024-05-31 12:55:00-04:00,0.522599995136261,0.522599995136261,0.5210000276565552,0.5210000276565552,4393,0.0,0.0
2024-05-31 13:00:00-04:00,0.5210000276565552,0.5218999981880188,0.5205000042915344,0.5205000042915344,7952,0.0,0.0
2024-05-31 13:05:00-04:00,0.5203999876976013,0.5224000215530396,0.5199999809265137,0.5224000215530396,7864,0.0,0.0
2024-05-31 13:10:00-04:00,0.5199999809265137,0.5224999785423279,0.5199999809265137,0.5212000012397766,75374,0.0,0.0
2024-05-31 13:15:00-04:00,0.5200999975204468,0.5224000215530396,0.5199999809265137,0.5202000141143799,6975,0.0,0.0
2024-05-31 13:20:00-04:00,0.5202000141143799,0.5224000215530396,0.5199999809265137,0.5212000012397766,5315,0.0,0.0
2024-05-31 13:25:00-04:00,0.5212000012397766,0.5224000215530396,0.5199999809265137,0.5200999975204468,7525,0.0,0.0
2024-05-31 13:30:00-04:00,0.5199999809265137,0.5242999792098999,0.5199999809265137,0.5242999792098999,18987,0.0,0.0
2024-05-31 13:35:00-04:00,0.5224000215530396,0.5242999792098999,0.5224000215530396,0.5236499905586243,3876,0.0,0.0
2024-05-31 13:40:00-04:00,0.5242999792098999,0.5328900218009949,0.5236999988555908,0.5305500030517578,50742,0.0,0.0
2024-05-31 13:45:00-04:00,0.5304999947547913,0.5317000150680542,0.5284000039100647,0.5300499796867371,5188,0.0,0.0
2024-05-31 13:50:00-04:00,0.5284000039100647,0.5332000255584717,0.5284000039100647,0.5332000255584717,84399,0.0,0.0
2024-05-31 13:55:00-04:00,0.5333999991416931,0.5342000126838684,0.5310999751091003,0.5326499938964844,5445,0.0,0.0
2024-05-31 14:00:00-04:00,0.5325999855995178,0.5342000126838684,0.5325999855995178,0.5334500074386597,10787,0.0,0.0
2024-05-31 14:05:00-04:00,0.5335000157356262,0.5350000262260437,0.5335000157356262,0.5335000157356262,8094,0.0,0.0
2024-05-31 14:10:00-04:00,0.534250020980835,0.5350000262260437,0.5335000157356262,0.5335000157356262,5558,0.0,0.0
2024-05-31 14:15:00-04:00,0.534250020980835,0.5350000262260437,0.5335000157356262,0.5343499779701233,11268,0.0,0.0
2024-05-31 14:20:00-04:00,0.5343499779701233,0.5350000262260437,0.5336999893188477,0.5343499779701233,9195,0.0,0.0
2024-05-31 14:25:00-04:00,0.5343000292778015,0.5350000262260437,0.5336999893188477,0.5336999893188477,4601,0.0,0.0
2024-05-31 14:30:00-04:00,0.5343499779701233,0.5350000262260437,0.5336999893188477,0.534250020980835,8678,0.0,0.0
2024-05-31 14:35:00-04:00,0.5336999893188477,0.5336999893188477,0.5266000032424927,0.5286499857902527,17826,0.0,0.0
2024-05-31 14:40:00-04:00,0.5286499857902527,0.5289999842643738,0.5267000198364258,0.527400016784668,6433,0.0,0.0
2024-05-31 14:45:00-04:00,0.5270000100135803,0.5288000106811523,0.5270000100135803,0.5270000100135803,5699,0.0,0.0
2024-05-31 14:50:00-04:00,0.5288000106811523,0.5288000106811523,0.5230000019073486,0.5250999927520752,10632,0.0,0.0
2024-05-31 14:55:00-04:00,0.5230000019073486,0.5289000272750854,0.5230000019073486,0.5289000272750854,66877,0.0,0.0
2024-05-31 15:00:00-04:00,0.5288000106811523,0.5289000272750854,0.5267999768257141,0.5267999768257141,7930,0.0,0.0
2024-05-31 15:05:00-04:00,0.5267999768257141,0.5288000106811523,0.5267999768257141,0.5285000205039978,13615,0.0,0.0
2024-05-31 15:10:00-04:00,0.527999997138977,0.5333999991416931,0.527999997138977,0.5328500270843506,126713,0.0,0.0
2024-05-31 15:15:00-04:00,0.5333999991416931,0.5333999991416931,0.5293999910354614,0.5293999910354614,11862,0.0,0.0
2024-05-31 15:20:00-04:00,0.5293999910354614,0.5293999910354614,0.5267000198364258,0.5267000198364258,12511,0.0,0.0
2024-05-31 15:25:00-04:00,0.5267000198364258,0.5288000106811523,0.5267000198364258,0.5286999940872192,5454,0.0,0.0
2024-05-31 15:30:00-04:00,0.5267999768257141,0.5278000235557556,0.5249999761581421,0.5250999927520752,12121,0.0,0.0
2024-05-31 15:35:00-04:00,0.5250999927520752,0.5278000235557556,0.5250999927520752,0.5266000032424927,18739,0.0,0.0
2024-05-31 15:40:00-04:00,0.5267999768257141,0.5288500189781189,0.5256999731063843,0.5288500189781189,79439,0.0,0.0
2024-05-31 15:45:00-04:00,0.5288500189781189,0.5347999930381775,0.5284000039100647,0.5335500240325928,113742,0.0,0.0
2024-05-31 15:50:00-04:00,0.5335999727249146,0.5336999893188477,0.5329999923706055,0.5331000089645386,34954,0.0,0.0
2024-05-31 15:55:00-04:00,0.5331000089645386,0.5497000217437744,0.5331000089645386,0.5375999808311462,228129,0.0,0.0
2024-06-03 09:30:00-04:00,0.545799970626831,0.5600000023841858,0.5223000049591064,0.5338000059127808,20638,0.0,0.0
2024-06-03 09:35:00-04:00,0.5270000100135803,0.5397999882698059,0.5270000100135803,0.5282009840011597,10088,0.0,0.0
2024-06-03 09:40:00-04:00,0.536899983882904,0.5424000024795532,0.5299999713897705,0.5299999713897705,2817,0.0,0.0
2024-06-03 09:45:00-04:00,0.5353000164031982,0.5422999858856201,0.527999997138977,0.5299999713897705,1610,0.0,0.0
2024-06-03 09:50:00-04:00,0.5299999713897705,0.5361999869346619,0.5299999713897705,0.5299999713897705,16907,0.0,0.0
2024-06-03 09:55:00-04:00,0.5299999713897705,0.5361999869346619,0.5299999713897705,0.5299999713897705,5354,0.0,0.0
2024-06-03 10:00:00-04:00,0.5361999869346619,0.5361999869346619,0.5220999717712402,0.5220999717712402,5400,0.0,0.0
2024-06-03 10:05:00-04:00,0.5224999785423279,0.527400016784668,0.5224999785423279,0.5224999785423279,10670,0.0,0.0
2024-06-03 10:10:00-04:00,0.5224999785423279,0.527400016784668,0.5210000276565552,0.522849977016449,17182,0.0,0.0
2024-06-03 10:15:00-04:00,0.5210000276565552,0.5246999859809875,0.5210000276565552,0.5210999846458435,12991,0.0,0.0
2024-06-03 10:20:00-04:00,0.5228999853134155,0.526199996471405,0.5210000276565552,0.5210000276565552,40740,0.0,0.0
2024-06-03 10:25:00-04:00,0.522599995136261,0.5236999988555908,0.522599995136261,0.522599995136261,523,0.0,0.0
2024-06-03 10:30:00-04:00,0.522849977016449,0.5246999859809875,0.5210000276565552,0.5210000276565552,3421,0.0,0.0
2024-06-03 10:35:00-04:00,0.5210000276565552,0.5246999859809875,0.5210000276565552,0.5210000276565552,2698,0.0,0.0
2024-06-03 10:40:00-04:00,0.5228000283241272,0.5246999859809875,0.5175999999046326,0.5175999999046326,21675,0.0,0.0
2024-06-03 10:45:00-04:00,0.5175999999046326,0.5199999809265137,0.5133000016212463,0.5139999985694885,26927,0.0,0.0
2024-06-03 10:50:00-04:00,0.5139999985694885,0.5199999809265137,0.5131999850273132,0.5148000121116638,23729,0.0,0.0
2024-06-03 10:55:00-04:00,0.5147500038146973,0.5166000127792358,0.5131000280380249,0.5164999961853027,33985,0.0,0.0
2024-06-03 11:00:00-04:00,0.5166000127792358,0.519599974155426,0.5149000287055969,0.5171999931335449,53753,0.0,0.0
2024-06-03 11:05:00-04:00,0.5181499719619751,0.5195000171661377,0.5149000287055969,0.5149000287055969,11667,0.0,0.0
2024-06-03 11:10:00-04:00,0.5149000287055969,0.5195000171661377,0.5149000287055969,0.5195000171661377,7850,0.0,0.0
2024-06-03 11:15:00-04:00,0.5195000171661377,0.5195000171661377,0.512499988079071,0.512499988079071,4863,0.0,0.0
2024-06-03 11:20:00-04:00,0.512499988079071,0.5194000005722046,0.5120000243186951,0.5159000158309937,25586,0.0,0.0
2024-06-03 11:25:00-04:00,0.5159000158309937,0.5159000158309937,0.5116999745368958,0.5131000280380249,10283,0.0,0.0
2024-06-03 11:30:00-04:00,0.512499988079071,0.5138999819755554,0.5099999904632568,0.5109000205993652,65478,0.0,0.0
2024-06-03 11:35:00-04:00,0.5109000205993652,0.5109000205993652,0.5059999823570251,0.5059999823570251,96914,0.0,0.0
2024-06-03 11:40:00-04:00,0.5084999799728394,0.5095999836921692,0.5052000284194946,0.5073999762535095,17077,0.0,0.0
2024-06-03 11:45:00-04:00,0.5073999762535095,0.508899986743927,0.5049999952316284,0.5073000192642212,25917,0.0,0.0
2024-06-03 11:50:00-04:00,0.5049999952316284,0.5077530145645142,0.5049999952316284,0.5059999823570251,9281,0.0,0.0
2024-06-03 11:55:00-04:00,0.505299985408783,0.5069000124931335,0.504800021648407,0.504800021648407,7618,0.0,0.0
2024-06-03 12:00:00-04:00,0.5049999952316284,0.5400000214576721,0.5044999718666077,0.529649019241333,175733,0.0,0.0
2024-06-03 12:05:00-04:00,0.5291000008583069,0.5291000008583069,0.5210000276565552,0.5210000276565552,500,0.0,0.0
2024-06-03 12:10:00-04:00,0.5210000276565552,0.5379989743232727,0.5199999809265137,0.5199999809265137,6212,0.0,0.0
2024-06-03 12:15:00-04:00,0.5199999809265137,0.5228000283241272,0.5151000022888184,0.5151000022888184,15083,0.0,0.0
2024-06-03 12:20:00-04:00,0.5151000022888184,0.5227500200271606,0.5151000022888184,0.5151000022888184,3632,0.0,0.0
2024-06-03 12:25:00-04:00,0.5151000022888184,0.5199999809265137,0.5059999823570251,0.5059999823570251,6211,0.0,0.0
2024-06-03 12:30:00-04:00,0.5059999823570251,0.5100499987602234,0.5051000118255615,0.5059999823570251,5573,0.0,0.0
2024-06-03 12:35:00-04:00,0.5059999823570251,0.5100499987602234,0.5059999823570251,0.5100499987602234,3972,0.0,0.0
2024-06-03 12:40:00-04:00,0.5059999823570251,0.5100499987602234,0.5059999823570251,0.5059999823570251,4092,0.0,0.0
2024-06-03 12:45:00-04:00,0.5059999823570251,0.5103999972343445,0.5059999823570251,0.5067999958992004,5013,0.0,0.0
2024-06-03 12:50:00-04:00,0.5101500153541565,0.5134999752044678,0.5059999823570251,0.5059999823570251,8677,0.0,0.0
2024-06-03 12:55:00-04:00,0.5097500085830688,0.5097500085830688,0.5044999718666077,0.5044999718666077,6256,0.0,0.0
2024-06-03 13:00:00-04:00,0.5044999718666077,0.5072500109672546,0.5033000111579895,0.5033000111579895,4869,0.0,0.0
2024-06-03 13:05:00-04:00,0.5033000111579895,0.5078999996185303,0.503000020980835,0.503000020980835,7273,0.0,0.0
2024-06-03 13:10:00-04:00,0.507099986076355,0.507099986076355,0.5019000172615051,0.5019000172615051,5201,0.0,0.0
2024-06-03 13:15:00-04:00,0.5019000172615051,0.5099999904632568,0.5019000172615051,0.5026999711990356,20037,0.0,0.0
2024-06-03 13:20:00-04:00,0.5026999711990356,0.5051000118255615,0.501800000667572,0.5026000142097473,22736,0.0,0.0
2024-06-03 13:25:00-04:00,0.5020999908447266,0.5078999996185303,0.5020999908447266,0.5063499808311462,69992,0.0,0.0
2024-06-03 13:30:00-04:00,0.5063999891281128,0.5087000131607056,0.504800021648407,0.5087000131607056,13652,0.0,0.0
2024-06-03 13:35:00-04:00,0.5087000131607056,0.5090000033378601,0.5076000094413757,0.5076000094413757,4275,0.0,0.0
2024-06-03 13:40:00-04:00,0.5076000094413757,0.5081499814987183,0.5034000277519226,0.5034000277519226,4765,0.0,0.0
2024-06-03 13:45:00-04:00,0.505299985408783,0.508400022983551,0.501800000667572,0.501800000667572,2782,0.0,0.0
2024-06-03 13:50:00-04:00,0.501800000667572,0.5051000118255615,0.501800000667572,0.501800000667572,4674,0.0,0.0
2024-06-03 13:55:00-04:00,0.501800000667572,0.508400022983551,0.501800000667572,0.5049999952316284,4277,0.0,0.0
2024-06-03 14:00:00-04:00,0.5059999823570251,0.5059999823570251,0.5012000203132629,0.5049999952316284,22814,0.0,0.0
2024-06-03 14:05:00-04:00,0.5040000081062317,0.5054000020027161,0.5002999901771545,0.5002999901771545,8250,0.0,0.0
2024-06-03 14:10:00-04:00,0.5002999901771545,0.5034999847412109,0.5,0.5,24963,0.0,0.0
2024-06-03 14:15:00-04:00,0.5,0.503350019454956,0.5,0.5,7357,0.0,0.0
2024-06-03 14:20:00-04:00,0.5,0.5066999793052673,0.5,0.5,19399,0.0,0.0
2024-06-03 14:25:00-04:00,0.5,0.506600022315979,0.5,0.5,7931,0.0,0.0
2024-06-03 14:30:00-04:00,0.5,0.503250002861023,0.5,0.5,16895,0.0,0.0
2024-06-03 14:35:00-04:00,0.5,0.506434977054596,0.5,0.5,12865,0.0,0.0
2024-06-03 14:40:00-04:00,0.5,0.503250002861023,0.49900001287460327,0.49900001287460327,17046,0.0,0.0
2024-06-03 14:45:00-04:00,0.49900001287460327,0.499099999666214,0.49230000376701355,0.4925000071525574,15971,0.0,0.0
2024-06-03 14:50:00-04:00,0.4925000071525574,0.49507901072502136,0.4925000071525574,0.4925000071525574,6807,0.0,0.0
2024-06-03 14:55:00-04:00,0.4925000071525574,0.5030999779701233,0.4925000071525574,0.5030999779701233,93946,0.0,0.0
2024-06-03 15:00:00-04:00,0.5030999779701233,0.5030999779701233,0.5012999773025513,0.5016999840736389,8124,0.0,0.0
2024-06-03 15:05:00-04:00,0.5023999810218811,0.5054000020027161,0.5016999840736389,0.5019999742507935,91223,0.0,0.0
2024-06-03 15:10:00-04:00,0.5019999742507935,0.5040000081062317,0.501800000667572,0.5029000043869019,10186,0.0,0.0
2024-06-03 15:15:00-04:00,0.5024999976158142,0.5040000081062317,0.5023999810218811,0.5040000081062317,101423,0.0,0.0
2024-06-03 15:20:00-04:00,0.5040000081062317,0.5040000081062317,0.5023999810218811,0.5031499862670898,48741,0.0,0.0
2024-06-03 15:25:00-04:00,0.5037999749183655,0.5038999915122986,0.5023999810218811,0.5024999976158142,11346,0.0,0.0
2024-06-03 15:30:00-04:00,0.5024999976158142,0.5037999749183655,0.4999000132083893,0.5005999803543091,19298,0.0,0.0
2024-06-03 15:35:00-04:00,0.5016999840736389,0.5034999847412109,0.49790000915527344,0.49790000915527344,18857,0.0,0.0
2024-06-03 15:40:00-04:00,0.49790000915527344,0.49900001287460327,0.49619999527931213,0.49619999527931213,25008,0.0,0.0
2024-06-03 15:45:00-04:00,0.49619999527931213,0.4984999895095825,0.4925000071525574,0.4984999895095825,96702,0.0,0.0
2024-06-03 15:50:00-04:00,0.4984000027179718,0.5020999908447266,0.49821001291275024,0.5017499923706055,121542,0.0,0.0
2024-06-03 15:55:00-04:00,0.5016000270843506,0.5058000087738037,0.49900001287460327,0.5051000118255615,186755,0.0,0.0
2024-06-04 09:30:00-04:00,0.5023000240325928,0.5254999995231628,0.5023000240325928,0.5160499811172485,14401,0.0,0.0
2024-06-04 09:35:00-04:00,0.5160499811172485,0.5162000060081482,0.492000013589859,0.492000013589859,7364,0.0,0.0
2024-06-04 09:40:00-04:00,0.4968000054359436,0.5037000179290771,0.492000013589859,0.4984999895095825,9778,0.0,0.0
2024-06-04 09:45:00-04:00,0.5037999749183655,0.5041999816894531,0.4936999976634979,0.5041999816894531,13240,0.0,0.0
2024-06-04 09:50:00-04:00,0.4937500059604645,0.506600022315979,0.4937500059604645,0.506600022315979,4300,0.0,0.0
2024-06-04 09:55:00-04:00,0.506600022315979,0.506600022315979,0.5001000165939331,0.506600022315979,4348,0.0,0.0
2024-06-04 10:00:00-04:00,0.5001000165939331,0.5062000155448914,0.5001000165939331,0.5001000165939331,2404,0.0,0.0
2024-06-04 10:05:00-04:00,0.5001000165939331,0.5049999952316284,0.4970000088214874,0.49869999289512634,3916,0.0,0.0
2024-06-04 10:10:00-04:00,0.49869999289512634,0.5051000118255615,0.4984000027179718,0.4984000027179718,6116,0.0,0.0
2024-06-04 10:15:00-04:00,0.4997999966144562,0.4997999966144562,0.4968999922275543,0.49834999442100525,2217,0.0,0.0
2024-06-04 10:20:00-04:00,0.4975000023841858,0.4975000023841858,0.4950000047683716,0.49605000019073486,4483,0.0,0.0
2024-06-04 10:25:00-04:00,0.4950000047683716,0.4957999885082245,0.4950000047683716,0.4957999885082245,1413,0.0,0.0
2024-06-04 10:30:00-04:00,0.4950000047683716,0.4957999885082245,0.4934999942779541,0.49480000138282776,7550,0.0,0.0
2024-06-04 10:35:00-04:00,0.4957999885082245,0.49630001187324524,0.49219998717308044,0.4925000071525574,1847,0.0,0.0
2024-06-04 10:40:00-04:00,0.4943999946117401,0.4961000084877014,0.4925000071525574,0.49399998784065247,3130,0.0,0.0
2024-06-04 10:45:00-04:00,0.49399998784065247,0.49572500586509705,0.492900013923645,0.492900013923645,14426,0.0,0.0
2024-06-04 10:50:00-04:00,0.492900013923645,0.4945499897003174,0.49219998717308044,0.49219998717308044,9657,0.0,0.0
2024-06-04 10:55:00-04:00,0.49219998717308044,0.49364998936653137,0.49219998717308044,0.49219998717308044,1695,0.0,0.0
2024-06-04 11:00:00-04:00,0.49219998717308044,0.4950990080833435,0.49219998717308044,0.49480000138282776,3898,0.0,0.0
2024-06-04 11:05:00-04:00,0.4950000047683716,0.4950000047683716,0.49149999022483826,0.49149999022483826,26484,0.0,0.0
2024-06-04 11:10:00-04:00,0.49320000410079956,0.4943000078201294,0.4916999936103821,0.49399998784065247,11456,0.0,0.0
2024-06-04 11:15:00-04:00,0.49399998784065247,0.4948999881744385,0.49309998750686646,0.49480000138282776,7206,0.0,0.0
2024-06-04 11:20:00-04:00,0.49399998784065247,0.49480000138282776,0.49309998750686646,0.49327999353408813,3917,0.0,0.0
2024-06-04 11:25:00-04:00,0.49309998750686646,0.49470001459121704,0.49300000071525574,0.49390000104904175,4774,0.0,0.0
2024-06-04 11:30:00-04:00,0.49470001459121704,0.49480000138282776,0.49300000071525574,0.49459999799728394,14974,0.0,0.0
2024-06-04 11:35:00-04:00,0.49390000104904175,0.4943999946117401,0.4805000126361847,0.4805000126361847,36866,0.0,0.0
2024-06-04 11:40:00-04:00,0.4830999970436096,0.4830999970436096,0.47909998893737793,0.4794999957084656,22555,0.0,0.0
2024-06-04 11:45:00-04:00,0.47909998893737793,0.4875999987125397,0.4788999855518341,0.486299991607666,46660,0.0,0.0
2024-06-04 11:50:00-04:00,0.486299991607666,0.4887999892234802,0.48489999771118164,0.4876999855041504,20907,0.0,0.0
2024-06-04 11:55:00-04:00,0.48570001125335693,0.4876999855041504,0.4855000078678131,0.4876999855041504,10506,0.0,0.0
2024-06-04 12:00:00-04:00,0.48674899339675903,0.4880000054836273,0.47999998927116394,0.4830000102519989,11724,0.0,0.0
2024-06-04 12:05:00-04:00,0.48304998874664307,0.4860999882221222,0.47999998927116394,0.48304998874664307,13083,0.0,0.0
2024-06-04 12:10:00-04:00,0.47999998927116394,0.4860999882221222,0.47999998927116394,0.47999998927116394,28134,0.0,0.0
2024-06-04 12:15:00-04:00,0.48080000281333923,0.48969998955726624,0.48080000281333923,0.48969998955726624,25873,0.0,0.0
2024-06-04 12:20:00-04:00,0.490200012922287,0.4925000071525574,0.4866830110549927,0.4918999969959259,32701,0.0,0.0
2024-06-04 12:25:00-04:00,0.4918999969959259,0.49239999055862427,0.4902999997138977,0.49230000376701355,13449,0.0,0.0
2024-06-04 12:30:00-04:00,0.49230000376701355,0.49230000376701355,0.4902999997138977,0.49105000495910645,10741,0.0,0.0
2024-06-04 12:35:00-04:00,0.49105000495910645,0.49105000495910645,0.4876500070095062,0.4876500070095062,10379,0.0,0.0
2024-06-04 12:40:00-04:00,0.48649999499320984,0.48919999599456787,0.48500001430511475,0.48919999599456787,8259,0.0,0.0
2024-06-04 12:45:00-04:00,0.48539999127388,0.48919999599456787,0.4814000129699707,0.4814000129699707,11420,0.0,0.0
2024-06-04 12:50:00-04:00,0.4814000129699707,0.48339399695396423,0.47600001096725464,0.47620001435279846,24231,0.0,0.0
2024-06-04 12:55:00-04:00,0.4749999940395355,0.47620001435279846,0.4724999964237213,0.4724999964237213,6810,0.0,0.0
2024-06-04 13:00:00-04:00,0.4749999940395355,0.4749999940395355,0.4699999988079071,0.4706000089645386,16430,0.0,0.0
2024-06-04 13:05:00-04:00,0.4706000089645386,0.4781000018119812,0.46560001373291016,0.4763999879360199,68295,0.0,0.0
2024-06-04 13:10:00-04:00,0.476500004529953,0.4781999886035919,0.4745999872684479,0.476500004529953,8839,0.0,0.0
2024-06-04 13:15:00-04:00,0.476500004529953,0.4781999886035919,0.4740999937057495,0.4756999909877777,42522,0.0,0.0
2024-06-04 13:20:00-04:00,0.4777989983558655,0.47780001163482666,0.4740999937057495,0.4740999937057495,7494,0.0,0.0
2024-06-04 13:25:00-04:00,0.47780001163482666,0.47780001163482666,0.4740999937057495,0.47780001163482666,16323,0.0,0.0
2024-06-04 13:30:00-04:00,0.47699999809265137,0.48350000381469727,0.4742000102996826,0.4808489978313446,83098,0.0,0.0
2024-06-04 13:35:00-04:00,0.4837000072002411,0.48429998755455017,0.47999998927116394,0.48429998755455017,14716,0.0,0.0
2024-06-04 13:40:00-04:00,0.4805999994277954,0.4844000041484833,0.47999998927116394,0.48429998755455017,16111,0.0,0.0
2024-06-04 13:45:00-04:00,0.4821999967098236,0.4844000041484833,0.47999998927116394,0.48429998755455017,8004,0.0,0.0
2024-06-04 13:50:00-04:00,0.4821999967098236,0.4830999970436096,0.47510001063346863,0.4765999913215637,33945,0.0,0.0
2024-06-04 13:55:00-04:00,0.47510001063346863,0.4765999913215637,0.4699999988079071,0.47189998626708984,17545,0.0,0.0
2024-06-04 14:00:00-04:00,0.47350001335144043,0.47609999775886536,0.46834999322891235,0.47609999775886536,61239,0.0,0.0
2024-06-04 14:05:00-04:00,0.47609999775886536,0.47749999165534973,0.4753499925136566,0.4763000011444092,14255,0.0,0.0
2024-06-04 14:10:00-04:00,0.4763000011444092,0.4778999984264374,0.4763000011444092,0.47655001282691956,12910,0.0,0.0
2024-06-04 14:15:00-04:00,0.4781999886035919,0.4885999858379364,0.4765999913215637,0.4851999878883362,29831,0.0,0.0
2024-06-04 14:20:00-04:00,0.4851999878883362,0.4885999858379364,0.48179998993873596,0.48489999771118164,4451,0.0,0.0
2024-06-04 14:25:00-04:00,0.48489999771118164,0.4880000054836273,0.48179998993873596,0.48750001192092896,3879,0.0,0.0
2024-06-04 14:30:00-04:00,0.48489999771118164,0.48750001192092896,0.48179998993873596,0.4840500056743622,10527,0.0,0.0
2024-06-04 14:35:00-04:00,0.48399999737739563,0.4853000044822693,0.47679999470710754,0.47679999470710754,22073,0.0,0.0
2024-06-04 14:40:00-04:00,0.47540000081062317,0.4779999852180481,0.47540000081062317,0.47679999470710754,12431,0.0,0.0
2024-06-04 14:45:00-04:00,0.4754999876022339,0.4781000018119812,0.47350001335144043,0.47360000014305115,12890,0.0,0.0
2024-06-04 14:50:00-04:00,0.47360000014305115,0.47760000824928284,0.47290000319480896,0.47760000824928284,30570,0.0,0.0
2024-06-04 14:55:00-04:00,0.4794999957084656,0.47999998927116394,0.47589999437332153,0.47589999437332153,18967,0.0,0.0
2024-06-04 15:00:00-04:00,0.4768500030040741,0.47769999504089355,0.4733999967575073,0.47350001335144043,20239,0.0,0.0
2024-06-04 15:05:00-04:00,0.4733999967575073,0.47530001401901245,0.47130000591278076,0.4740000069141388,51916,0.0,0.0
2024-06-04 15:10:00-04:00,0.4740000069141388,0.4763000011444092,0.4740000069141388,0.4763000011444092,13283,0.0,0.0
2024-06-04 15:15:00-04:00,0.4763000011444092,0.48559999465942383,0.4754999876022339,0.4816499948501587,26516,0.0,0.0
2024-06-04 15:20:00-04:00,0.4814999997615814,0.4869999885559082,0.47760000824928284,0.4814999997615814,6518,0.0,0.0
2024-06-04 15:25:00-04:00,0.47999998927116394,0.4830999970436096,0.47620001435279846,0.4810999929904938,21980,0.0,0.0
2024-06-04 15:30:00-04:00,0.47999998927116394,0.47999998927116394,0.4772999882698059,0.477400004863739,57215,0.0,0.0
2024-06-04 15:35:00-04:00,0.477400004863739,0.47815999388694763,0.47530001401901245,0.47530001401901245,31424,0.0,0.0
2024-06-04 15:40:00-04:00,0.4766499996185303,0.4766499996185303,0.47130000591278076,0.4722999930381775,43370,0.0,0.0
2024-06-04 15:45:00-04:00,0.47209998965263367,0.4742000102996826,0.4719499945640564,0.4742000102996826,84028,0.0,0.0
2024-06-04 15:50:00-04:00,0.4740999937057495,0.4742000102996826,0.4740999937057495,0.47415000200271606,54266,0.0,0.0
2024-06-04 15:55:00-04:00,0.4740999937057495,0.4742000102996826,0.4690000116825104,0.47279998660087585,181773,0.0,0.0
2024-06-05 09:30:00-04:00,0.4797999858856201,0.4855000078678131,0.45399999618530273,0.4641000032424927,61646,0.0,0.0
2024-06-05 09:35:00-04:00,0.4641000032424927,0.46549999713897705,0.4544999897480011,0.45500001311302185,25040,0.0,0.0
2024-06-05 09:40:00-04:00,0.45500001311302185,0.46299999952316284,0.45500001311302185,0.46299999952316284,18820,0.0,0.0
2024-06-05 09:45:00-04:00,0.45879998803138733,0.45879998803138733,0.45879998803138733,0.45879998803138733,1231,0.0,0.0
2024-06-05 09:50:00-04:00,0.45879998803138733,0.4609510004520416,0.44999998807907104,0.44999998807907104,73185,0.0,0.0
2024-06-05 09:55:00-04:00,0.44999998807907104,0.4523000121116638,0.44600000977516174,0.4480000138282776,24883,0.0,0.0
2024-06-05 10:00:00-04:00,0.45019999146461487,0.4521999955177307,0.4474000036716461,0.4474000036716461,7787,0.0,0.0
2024-06-05 10:05:00-04:00,0.44609999656677246,0.4490000009536743,0.44609999656677246,0.4478990137577057,24754,0.0,0.0
2024-06-05 10:10:00-04:00,0.4471000134944916,0.4471000134944916,0.44209998846054077,0.44209998846054077,47708,0.0,0.0
2024-06-05 10:15:00-04:00,0.4438000023365021,0.4438000023365021,0.4401000142097473,0.4401000142097473,4098,0.0,0.0
2024-06-05 10:20:00-04:00,0.4401000142097473,0.44269999861717224,0.4327000081539154,0.43529999256134033,56848,0.0,0.0
2024-06-05 10:25:00-04:00,0.43529999256134033,0.44359999895095825,0.4309999942779541,0.4417000114917755,45962,0.0,0.0
2024-06-05 10:30:00-04:00,0.4417000114917755,0.4417000114917755,0.4399999976158142,0.4399999976158142,13254,0.0,0.0
2024-06-05 10:35:00-04:00,0.4399999976158142,0.4431999921798706,0.43959999084472656,0.4399999976158142,8689,0.0,0.0
2024-06-05 10:40:00-04:00,0.4399999976158142,0.44029998779296875,0.4361000061035156,0.4361000061035156,10401,0.0,0.0
2024-06-05 10:45:00-04:00,0.4361000061035156,0.43959999084472656,0.4309999942779541,0.43274998664855957,18430,0.0,0.0
2024-06-05 10:50:00-04:00,0.43140000104904175,0.4343000054359436,0.43140000104904175,0.43274998664855957,13886,0.0,0.0
2024-06-05 10:55:00-04:00,0.4311999976634979,0.4343000054359436,0.4311999976634979,0.4311999976634979,7787,0.0,0.0
2024-06-05 11:00:00-04:00,0.4311999976634979,0.4343000054359436,0.4311999976634979,0.43320000171661377,6718,0.0,0.0
2024-06-05 11:05:00-04:00,0.43209999799728394,0.43290001153945923,0.4311000108718872,0.4318000078201294,27933,0.0,0.0
2024-06-05 11:10:00-04:00,0.4318000078201294,0.4343000054359436,0.4318000078201294,0.4318000078201294,21267,0.0,0.0
2024-06-05 11:15:00-04:00,0.4318000078201294,0.4329499900341034,0.43140000104904175,0.43140000104904175,6041,0.0,0.0
2024-06-05 11:20:00-04:00,0.43140000104904175,0.4342989921569824,0.4309999942779541,0.4327000081539154,26360,0.0,0.0
2024-06-05 11:25:00-04:00,0.4309999942779541,0.4343000054359436,0.4309999942779541,0.4327999949455261,5104,0.0,0.0
2024-06-05 11:30:00-04:00,0.43220001459121704,0.43320000171661377,0.43209999799728394,0.43209999799728394,3438,0.0,0.0
2024-06-05 11:35:00-04:00,0.43209999799728394,0.4357999861240387,0.43209999799728394,0.4347499907016754,21206,0.0,0.0
2024-06-05 11:40:00-04:00,0.4347499907016754,0.43639901280403137,0.4345000088214874,0.4345000088214874,10288,0.0,0.0
2024-06-05 11:45:00-04:00,0.4345000088214874,0.4352000057697296,0.4327999949455261,0.4327999949455261,23734,0.0,0.0
2024-06-05 11:50:00-04:00,0.4327999949455261,0.43355101346969604,0.4327999949455261,0.4327999949455261,9264,0.0,0.0
2024-06-05 11:55:00-04:00,0.4323999881744385,0.4343000054359436,0.42320001125335693,0.426800012588501,269585,0.0,0.0
2024-06-05 12:00:00-04:00,0.4253999888896942,0.43050000071525574,0.4253999888896942,0.42730000615119934,59896,0.0,0.0
2024-06-05 12:05:00-04:00,0.428600013256073,0.43050000071525574,0.428600013256073,0.4293000102043152,51832,0.0,0.0
2024-06-05 12:10:00-04:00,0.4300000071525574,0.43160000443458557,0.4293000102043152,0.4309999942779541,57987,0.0,0.0
2024-06-05 12:15:00-04:00,0.4309999942779541,0.4377000033855438,0.4309000074863434,0.4343999922275543,40269,0.0,0.0
2024-06-05 12:20:00-04:00,0.4348999857902527,0.43849998712539673,0.43309998512268066,0.4357999861240387,455085,0.0,0.0
2024-06-05 12:25:00-04:00,0.43494999408721924,0.43764999508857727,0.43494999408721924,0.43764999508857727,12881,0.0,0.0
2024-06-05 12:30:00-04:00,0.43764999508857727,0.4399999976158142,0.43629899621009827,0.4369499981403351,74262,0.0,0.0
2024-06-05 12:35:00-04:00,0.43700000643730164,0.43959999084472656,0.43505001068115234,0.438275009393692,17298,0.0,0.0
2024-06-05 12:40:00-04:00,0.43700000643730164,0.43700000643730164,0.4343999922275543,0.4350999891757965,21019,0.0,0.0
2024-06-05 12:45:00-04:00,0.4350999891757965,0.4357999861240387,0.43369999527931213,0.4350999891757965,30673,0.0,0.0
2024-06-05 12:50:00-04:00,0.4350999891757965,0.4357999861240387,0.4343999922275543,0.4350999891757965,15363,0.0,0.0
2024-06-05 12:55:00-04:00,0.4357999861240387,0.43959999084472656,0.4343999922275543,0.43720000982284546,116831,0.0,0.0
2024-06-05 13:00:00-04:00,0.43720000982284546,0.438400000333786,0.43470001220703125,0.4353500008583069,19032,0.0,0.0
2024-06-05 13:05:00-04:00,0.4353500008583069,0.435699999332428,0.4350000023841858,0.4353500008583069,11040,0.0,0.0
2024-06-05 13:10:00-04:00,0.4353500008583069,0.4353500008583069,0.43529999256134033,0.4353500008583069,3126,0.0,0.0
2024-06-05 13:15:00-04:00,0.4353500008583069,0.43810001015663147,0.4350000023841858,0.4372999966144562,50722,0.0,0.0
2024-06-05 13:20:00-04:00,0.4372999966144562,0.4372999966144562,0.4350999891757965,0.4350999891757965,5960,0.0,0.0
2024-06-05 13:25:00-04:00,0.43562498688697815,0.43562498688697815,0.4350999891757965,0.43549999594688416,7400,0.0,0.0
2024-06-05 13:30:00-04:00,0.4354499876499176,0.4390999972820282,0.4350999891757965,0.4357999861240387,26836,0.0,0.0
2024-06-05 13:35:00-04:00,0.4357999861240387,0.43939998745918274,0.4357999861240387,0.4375999867916107,17390,0.0,0.0
2024-06-05 13:40:00-04:00,0.4390000104904175,0.43950000405311584,0.43849998712539673,0.4390999972820282,31250,0.0,0.0
2024-06-05 13:45:00-04:00,0.43924999237060547,0.43939998745918274,0.4390000104904175,0.43924999237060547,11538,0.0,0.0
2024-06-05 13:50:00-04:00,0.4392000138759613,0.43950000405311584,0.43849998712539673,0.4390999972820282,55553,0.0,0.0
2024-06-05 13:55:00-04:00,0.4390999972820282,0.4392000138759613,0.4390000104904175,0.4390000104904175,13952,0.0,0.0
2024-06-05 14:00:00-04:00,0.4390999972820282,0.4392000138759613,0.43849998712539673,0.4388499855995178,15615,0.0,0.0
2024-06-05 14:05:00-04:00,0.4388499855995178,0.4392000138759613,0.43849998712539673,0.4388499855995178,20386,0.0,0.0
2024-06-05 14:10:00-04:00,0.4388499855995178,0.4388999938964844,0.43849998712539673,0.43849998712539673,8753,0.0,0.0
2024-06-05 14:15:00-04:00,0.43849998712539673,0.4392000138759613,0.43849998712539673,0.4388499855995178,12368,0.0,0.0
2024-06-05 14:20:00-04:00,0.43849998712539673,0.4392000138759613,0.43849998712539673,0.43857499957084656,34953,0.0,0.0
2024-06-05 14:25:00-04:00,0.43849998712539673,0.43860000371932983,0.43849998712539673,0.4385499954223633,25775,0.0,0.0
2024-06-05 14:30:00-04:00,0.43849998712539673,0.43860000371932983,0.43849998712539673,0.4385499954223633,35002,0.0,0.0
2024-06-05 14:35:00-04:00,0.4385499954223633,0.43860000371932983,0.43849998712539673,0.43849998712539673,11083,0.0,0.0
2024-06-05 14:40:00-04:00,0.4385499954223633,0.43860000371932983,0.43849998712539673,0.43860000371932983,20332,0.0,0.0
2024-06-05 14:45:00-04:00,0.43860000371932983,0.43860000371932983,0.43849998712539673,0.4385499954223633,10945,0.0,0.0
2024-06-05 14:50:00-04:00,0.4385499954223633,0.43860000371932983,0.43849998712539673,0.43849998712539673,59021,0.0,0.0
2024-06-05 14:55:00-04:00,0.4385499954223633,0.43860000371932983,0.43849998712539673,0.4385499954223633,21274,0.0,0.0
2024-06-05 15:00:00-04:00,0.43849998712539673,0.43860000371932983,0.43849998712539673,0.43849998712539673,10486,0.0,0.0
2024-06-05 15:05:00-04:00,0.43852499127388,0.43857499957084656,0.43849998712539673,0.4385499954223633,6211,0.0,0.0
2024-06-05 15:10:00-04:00,0.4385499954223633,0.43860000371932983,0.43849998712539673,0.4385499954223633,38507,0.0,0.0
2024-06-05 15:15:00-04:00,0.43849998712539673,0.43860000371932983,0.43849998712539673,0.43849998712539673,20163,0.0,0.0
2024-06-05 15:20:00-04:00,0.43849998712539673,0.43860000371932983,0.43849998712539673,0.43849998712539673,11666,0.0,0.0
2024-06-05 15:25:00-04:00,0.43849998712539673,0.43860000371932983,0.43849998712539673,0.43849998712539673,36251,0.0,0.0
2024-06-05 15:30:00-04:00,0.43860000371932983,0.43860000371932983,0.43849998712539673,0.43849998712539673,26254,0.0,0.0
2024-06-05 15:35:00-04:00,0.43860000371932983,0.43860000371932983,0.43849998712539673,0.43849998712539673,64061,0.0,0.0
2024-06-05 15:40:00-04:00,0.43849998712539673,0.43860000371932983,0.43849998712539673,0.43849998712539673,75659,0.0,0.0
2024-06-05 15:45:00-04:00,0.43849998712539673,0.43860000371932983,0.43849998712539673,0.43849998712539673,58260,0.0,0.0
2024-06-05 15:50:00-04:00,0.43860000371932983,0.43860000371932983,0.43849998712539673,0.43849998712539673,86529,0.0,0.0
2024-06-05 15:55:00-04:00,0.4385499954223633,0.43860000371932983,0.4350000023841858,0.4350000023841858,197250,0.0,0.0
2024-06-06 09:30:00-04:00,0.43470001220703125,0.4474000036716461,0.43470001220703125,0.4472000002861023,20621,0.0,0.0
2024-06-06 09:35:00-04:00,0.4471000134944916,0.4471000134944916,0.4341000020503998,0.4341000020503998,16856,0.0,0.0
2024-06-06 09:40:00-04:00,0.4327000081539154,0.4345000088214874,0.43160000443458557,0.4336000084877014,6110,0.0,0.0
2024-06-06 09:45:00-04:00,0.43299999833106995,0.4341999888420105,0.4300000071525574,0.4300999939441681,39641,0.0,0.0
2024-06-06 09:50:00-04:00,0.4300999939441681,0.4302999973297119,0.4300000071525574,0.4300999939441681,8173,0.0,0.0
2024-06-06 09:55:00-04:00,0.4300999939441681,0.4300999939441681,0.42969998717308044,0.4300999939441681,5743,0.0,0.0
2024-06-06 10:00:00-04:00,0.4300999939441681,0.4309000074863434,0.4300000071525574,0.4302000105381012,41627,0.0,0.0
2024-06-06 10:05:00-04:00,0.4300000071525574,0.4302000105381012,0.4300000071525574,0.4300999939441681,16649,0.0,0.0
2024-06-06 10:10:00-04:00,0.4300999939441681,0.4300999939441681,0.4300000071525574,0.4300749897956848,4386,0.0,0.0
2024-06-06 10:15:00-04:00,0.4300999939441681,0.4302999973297119,0.4300000071525574,0.4300999939441681,19264,0.0,0.0
2024-06-06 10:20:00-04:00,0.4302000105381012,0.4302000105381012,0.4300999939441681,0.4302000105381012,8424,0.0,0.0
2024-06-06 10:25:00-04:00,0.43015000224113464,0.4302000105381012,0.4300000071525574,0.4300999939441681,13841,0.0,0.0
2024-06-06 10:30:00-04:00,0.4300749897956848,0.4302000105381012,0.4300000071525574,0.4300000071525574,138212,0.0,0.0
2024-06-06 10:35:00-04:00,0.43004998564720154,0.4302999973297119,0.4300000071525574,0.43015000224113464,91946,0.0,0.0
2024-06-06 10:40:00-04:00,0.4302000105381012,0.4302000105381012,0.4300000071525574,0.43004998564720154,88357,0.0,0.0
2024-06-06 10:45:00-04:00,0.4300749897956848,0.4300999939441681,0.4300000071525574,0.4300749897956848,10951,0.0,0.0
2024-06-06 10:50:00-04:00,0.4300999939441681,0.4300999939441681,0.4300000071525574,0.4300749897956848,4686,0.0,0.0
2024-06-06 10:55:00-04:00,0.4300999939441681,0.4300999939441681,0.4300000071525574,0.43004998564720154,20822,0.0,0.0
2024-06-06 11:00:00-04:00,0.4300000071525574,0.4300999939441681,0.4300000071525574,0.43004998564720154,4069,0.0,0.0
2024-06-06 11:05:00-04:00,0.4300999939441681,0.4300999939441681,0.4300000071525574,0.4300999939441681,4180,0.0,0.0
2024-06-06 11:10:00-04:00,0.43004998564720154,0.4300999939441681,0.4300000071525574,0.4300000071525574,19960,0.0,0.0
2024-06-06 11:15:00-04:00,0.4300749897956848,0.4300999939441681,0.41999998688697815,0.420199990272522,64734,0.0,0.0
2024-06-06 11:20:00-04:00,0.41999998688697815,0.42089998722076416,0.4092999994754791,0.41370001435279846,103590,0.0,0.0
2024-06-06 11:25:00-04:00,0.4169999957084656,0.421999990940094,0.4163999855518341,0.4189999997615814,48036,0.0,0.0
2024-06-06 11:30:00-04:00,0.4174000024795532,0.4242999851703644,0.41499999165534973,0.4214000105857849,46277,0.0,0.0
2024-06-06 11:35:00-04:00,0.42500001192092896,0.4300000071525574,0.421999990940094,0.42719998955726624,39352,0.0,0.0
2024-06-06 11:40:00-04:00,0.4239499866962433,0.4300000071525574,0.42100000381469727,0.4293000102043152,84677,0.0,0.0
2024-06-06 11:45:00-04:00,0.42730000615119934,0.4300000071525574,0.42730000615119934,0.429500013589859,36209,0.0,0.0
2024-06-06 11:50:00-04:00,0.429500013589859,0.42969998717308044,0.42750000953674316,0.4284999966621399,50329,0.0,0.0
2024-06-06 11:55:00-04:00,0.4293999969959259,0.4293999969959259,0.42695000767707825,0.42730000615119934,17952,0.0,0.0
2024-06-06 12:00:00-04:00,0.42820000648498535,0.4300000071525574,0.42660000920295715,0.42969998717308044,39733,0.0,0.0
2024-06-06 12:05:00-04:00,0.4300000071525574,0.4300000071525574,0.427700012922287,0.427949994802475,46480,0.0,0.0
2024-06-06 12:10:00-04:00,0.4293000102043152,0.4300000071525574,0.427949994802475,0.4300000071525574,13939,0.0,0.0
2024-06-06 12:15:00-04:00,0.4300000071525574,0.430400013923645,0.42934998869895935,0.42969998717308044,368005,0.0,0.0
2024-06-06 12:20:00-04:00,0.4298500120639801,0.4302999973297119,0.42910000681877136,0.4300999939441681,82055,0.0,0.0
2024-06-06 12:25:00-04:00,0.4300999939441681,0.4300999939441681,0.42820000648498535,0.42910000681877136,26183,0.0,0.0
2024-06-06 12:30:00-04:00,0.4290750026702881,0.43309998512268066,0.42899999022483826,0.42989999055862427,53586,0.0,0.0
2024-06-06 12:35:00-04:00,0.4336250126361847,0.4336250126361847,0.4300000071525574,0.4322749972343445,15285,0.0,0.0
2024-06-06 12:40:00-04:00,0.4320000112056732,0.43299999833106995,0.4268999993801117,0.4271000027656555,36949,0.0,0.0
2024-06-06 12:45:00-04:00,0.4268999993801117,0.4269999861717224,0.4268999993801117,0.4269999861717224,8061,0.0,0.0
2024-06-06 12:50:00-04:00,0.42695000767707825,0.4269999861717224,0.4178999960422516,0.4196999967098236,34058,0.0,0.0
2024-06-06 12:55:00-04:00,0.4214000105857849,0.43059998750686646,0.4214000105857849,0.43050000071525574,49162,0.0,0.0
2024-06-06 13:00:00-04:00,0.4300999939441681,0.4300999939441681,0.42570000886917114,0.4291999936103821,19744,0.0,0.0
2024-06-06 13:05:00-04:00,0.4291999936103821,0.4291999936103821,0.42579999566078186,0.4291999936103821,11432,0.0,0.0
2024-06-06 13:10:00-04:00,0.4291999936103821,0.4291999936103821,0.42579999566078186,0.4291999936103821,8872,0.0,0.0
2024-06-06 13:15:00-04:00,0.4291999936103821,0.4291999936103821,0.42579999566078186,0.42730000615119934,18898,0.0,0.0
2024-06-06 13:20:00-04:00,0.42649999260902405,0.42730000615119934,0.4244000017642975,0.42649999260902405,26470,0.0,0.0
2024-06-06 13:25:00-04:00,0.42649999260902405,0.42649999260902405,0.42340001463890076,0.4244000017642975,32994,0.0,0.0
2024-06-06 13:30:00-04:00,0.4244000017642975,0.4244000017642975,0.4242999851703644,0.42434999346733093,21901,0.0,0.0
2024-06-06 13:35:00-04:00,0.4244000017642975,0.42579999566078186,0.4237000048160553,0.42579999566078186,87547,0.0,0.0
2024-06-06 13:40:00-04:00,0.4345000088214874,0.4345000088214874,0.42980000376701355,0.43299999833106995,16228,0.0,0.0
2024-06-06 13:45:00-04:00,0.43309998512268066,0.4368000030517578,0.431549996137619,0.4368000030517578,25045,0.0,0.0
2024-06-06 13:50:00-04:00,0.4368000030517578,0.44040000438690186,0.4352000057697296,0.4399999976158142,33106,0.0,0.0
2024-06-06 13:55:00-04:00,0.4399000108242035,0.4399999976158142,0.4381999969482422,0.43880000710487366,25814,0.0,0.0
2024-06-06 14:00:00-04:00,0.43880000710487366,0.43880000710487366,0.43459999561309814,0.4381999969482422,40837,0.0,0.0
2024-06-06 14:05:00-04:00,0.435699999332428,0.4383000135421753,0.43290001153945923,0.4345000088214874,14604,0.0,0.0
2024-06-06 14:10:00-04:00,0.4343999922275543,0.4345000088214874,0.43290001153945923,0.43320000171661377,25709,0.0,0.0
2024-06-06 14:15:00-04:00,0.43320000171661377,0.43320000171661377,0.43309998512268066,0.4331499934196472,18354,0.0,0.0
2024-06-06 14:20:00-04:00,0.43320000171661377,0.43320000171661377,0.43309998512268066,0.43309998512268066,20468,0.0,0.0
2024-06-06 14:25:00-04:00,0.4331499934196472,0.43320000171661377,0.43309998512268066,0.43320000171661377,14978,0.0,0.0
2024-06-06 14:30:00-04:00,0.43320000171661377,0.43320000171661377,0.43309998512268066,0.43309998512268066,20209,0.0,0.0
2024-06-06 14:35:00-04:00,0.4331749975681305,0.43320000171661377,0.43309998512268066,0.43320000171661377,7827,0.0,0.0
2024-06-06 14:40:00-04:00,0.43320000171661377,0.43320000171661377,0.43309998512268066,0.4331749975681305,11777,0.0,0.0
2024-06-06 14:45:00-04:00,0.43309998512268066,0.43320000171661377,0.4318000078201294,0.43184998631477356,23877,0.0,0.0
2024-06-06 14:50:00-04:00,0.43184998631477356,0.4318999946117401,0.4318000078201294,0.4318000078201294,17989,0.0,0.0
2024-06-06 14:55:00-04:00,0.43187499046325684,0.4318999946117401,0.43059998750686646,0.43059998750686646,38970,0.0,0.0
2024-06-06 15:00:00-04:00,0.43059998750686646,0.43070000410079956,0.4302999973297119,0.4302999973297119,16292,0.0,0.0
2024-06-06 15:05:00-04:00,0.43035000562667847,0.43037500977516174,0.4302999973297119,0.43035000562667847,8636,0.0,0.0
2024-06-06 15:10:00-04:00,0.43035000562667847,0.43035000562667847,0.42820000648498535,0.42820000648498535,41082,0.0,0.0
2024-06-06 15:15:00-04:00,0.42829999327659607,0.42829999327659607,0.42820000648498535,0.42829999327659607,13008,0.0,0.0
2024-06-06 15:20:00-04:00,0.42820000648498535,0.42829999327659607,0.42820000648498535,0.4282500147819519,18009,0.0,0.0
2024-06-06 15:25:00-04:00,0.42820000648498535,0.42829999327659607,0.42820000648498535,0.42820000648498535,12030,0.0,0.0
2024-06-06 15:30:00-04:00,0.4282500147819519,0.42829999327659607,0.4207000136375427,0.42080000042915344,205249,0.0,0.0
2024-06-06 15:35:00-04:00,0.4210500121116638,0.4214000105857849,0.41780000925064087,0.4200499951839447,63360,0.0,0.0
2024-06-06 15:40:00-04:00,0.4200499951839447,0.42160001397132874,0.4185999929904938,0.4214000105857849,124548,0.0,0.0
2024-06-06 15:45:00-04:00,0.42010000348091125,0.4214000105857849,0.41990000009536743,0.4214000105857849,49469,0.0,0.0
2024-06-06 15:50:00-04:00,0.4209499955177307,0.42570000886917114,0.4209499955177307,0.42559999227523804,95789,0.0,0.0
2024-06-06 15:55:00-04:00,0.423799991607666,0.44769999384880066,0.4237000048160553,0.4424999952316284,170431,0.0,0.0
2024-06-07 09:30:00-04:00,0.4318000078201294,0.4438999891281128,0.4318000078201294,0.4334000051021576,22544,0.0,0.0
2024-06-07 09:35:00-04:00,0.4375,0.4399999976158142,0.41999998688697815,0.41999998688697815,17053,0.0,0.0
2024-06-07 09:40:00-04:00,0.43050000071525574,0.43050000071525574,0.4189000129699707,0.4189000129699707,13647,0.0,0.0
2024-06-07 09:45:00-04:00,0.41499999165534973,0.4307999908924103,0.41499999165534973,0.42500001192092896,23629,0.0,0.0
2024-06-07 09:50:00-04:00,0.42500001192092896,0.429500013589859,0.41999998688697815,0.4203000068664551,3400,0.0,0.0
2024-06-07 09:55:00-04:00,0.4203000068664551,0.43779999017715454,0.41999998688697815,0.41999998688697815,9350,0.0,0.0
2024-06-07 10:00:00-04:00,0.41999998688697815,0.4377000033855438,0.41999998688697815,0.4203999936580658,10648,0.0,0.0
2024-06-07 10:05:00-04:00,0.427700012922287,0.42844998836517334,0.41999998688697815,0.41999998688697815,5668,0.0,0.0
2024-06-07 10:10:00-04:00,0.41999998688697815,0.4399999976158142,0.41999998688697815,0.4302000105381012,466079,0.0,0.0
2024-06-07 10:15:00-04:00,0.4202069938182831,0.4496000111103058,0.4202069938182831,0.4449000060558319,8990,0.0,0.0
2024-06-07 10:20:00-04:00,0.4449000060558319,0.4449000060558319,0.44488200545310974,0.4449000060558319,2212,0.0,0.0
2024-06-07 10:25:00-04:00,0.44020000100135803,0.4496000111103058,0.44020000100135803,0.44600000977516174,7321,0.0,0.0
2024-06-07 10:30:00-04:00,0.44600000977516174,0.4472000002861023,0.4447999894618988,0.4447999894618988,3932,0.0,0.0
2024-06-07 10:35:00-04:00,0.4401000142097473,0.4496000111103058,0.4399999976158142,0.4399999976158142,8918,0.0,0.0
2024-06-07 10:40:00-04:00,0.4447999894618988,0.4447999894618988,0.4399999976158142,0.4399999976158142,29891,0.0,0.0
2024-06-07 10:45:00-04:00,0.4399999976158142,0.4494999945163727,0.4399999976158142,0.4494999945163727,7993,0.0,0.0
2024-06-07 10:50:00-04:00,0.44475001096725464,0.4494999945163727,0.4399999976158142,0.4494999945163727,4310,0.0,0.0
2024-06-07 10:55:00-04:00,0.4401000142097473,0.4494999945163727,0.4399999976158142,0.4399999976158142,7316,0.0,0.0
2024-06-07 11:00:00-04:00,0.44475001096725464,0.4447999894618988,0.4399999976158142,0.44475001096725464,5827,0.0,0.0
2024-06-07 11:05:00-04:00,0.4401000142097473,0.4494999945163727,0.4399999976158142,0.4449999928474426,19868,0.0,0.0
2024-06-07 11:10:00-04:00,0.4401000142097473,0.444599986076355,0.4399999976158142,0.4399999976158142,17399,0.0,0.0
2024-06-07 11:15:00-04:00,0.4421499967575073,0.4432249963283539,0.43790000677108765,0.43790000677108765,65182,0.0,0.0
2024-06-07 11:20:00-04:00,0.43790000677108765,0.43880000710487366,0.42480000853538513,0.42480000853538513,103865,0.0,0.0
2024-06-07 11:25:00-04:00,0.42480000853538513,0.4399999976158142,0.42480000853538513,0.42489999532699585,7162,0.0,0.0
2024-06-07 11:30:00-04:00,0.42489999532699585,0.43274998664855957,0.42489999532699585,0.4250999987125397,6953,0.0,0.0
2024-06-07 11:35:00-04:00,0.4250999987125397,0.43479999899864197,0.42500001192092896,0.43479999899864197,4071,0.0,0.0
2024-06-07 11:40:00-04:00,0.4259999990463257,0.43050000071525574,0.42489999532699585,0.4253000020980835,4908,0.0,0.0
2024-06-07 11:45:00-04:00,0.4253000020980835,0.4328500032424927,0.41999998688697815,0.4300999939441681,45217,0.0,0.0
2024-06-07 11:50:00-04:00,0.4300999939441681,0.4343000054359436,0.4300999939441681,0.43220001459121704,7357,0.0,0.0
2024-06-07 11:55:00-04:00,0.4300999939441681,0.4343000054359436,0.4300999939441681,0.4302000105381012,6940,0.0,0.0
2024-06-07 12:00:00-04:00,0.4302000105381012,0.43220001459121704,0.4300999939441681,0.4300999939441681,6025,0.0,0.0
2024-06-07 12:05:00-04:00,0.4302000105381012,0.4343000054359436,0.4300999939441681,0.4302000105381012,2034,0.0,0.0
2024-06-07 12:10:00-04:00,0.43220001459121704,0.43220001459121704,0.4300999939441681,0.4302000105381012,5365,0.0,0.0
2024-06-07 12:15:00-04:00,0.4300999939441681,0.4343000054359436,0.4300999939441681,0.4300999939441681,4063,0.0,0.0
2024-06-07 12:20:00-04:00,0.43220001459121704,0.43220001459121704,0.4300999939441681,0.4300999939441681,6105,0.0,0.0
2024-06-07 12:25:00-04:00,0.4302000105381012,0.4343000054359436,0.4300999939441681,0.43389999866485596,23406,0.0,0.0
2024-06-07 12:30:00-04:00,0.4330500066280365,0.43869999051094055,0.43209999799728394,0.43209999799728394,9945,0.0,0.0
2024-06-07 12:35:00-04:00,0.43209999799728394,0.43540000915527344,0.43209999799728394,0.4327000081539154,5737,0.0,0.0
2024-06-07 12:40:00-04:00,0.4327000081539154,0.4372999966144562,0.4327000081539154,0.4343000054359436,10278,0.0,0.0
2024-06-07 12:45:00-04:00,0.4343000054359436,0.43639999628067017,0.4341999888420105,0.4341999888420105,4938,0.0,0.0
2024-06-07 12:50:00-04:00,0.4341999888420105,0.4361000061035156,0.43290001153945923,0.43290001153945923,6988,0.0,0.0
2024-06-07 12:55:00-04:00,0.43290001153945923,0.4375999867916107,0.4325999915599823,0.4325999915599823,9288,0.0,0.0
2024-06-07 13:00:00-04:00,0.4325999915599823,0.4374000132083893,0.4300000071525574,0.4339500069618225,9504,0.0,0.0
2024-06-07 13:05:00-04:00,0.4302999973297119,0.4375999867916107,0.4300000071525574,0.4300999939441681,11945,0.0,0.0
2024-06-07 13:10:00-04:00,0.4300999939441681,0.43380001187324524,0.4300000071525574,0.4300000071525574,6910,0.0,0.0
2024-06-07 13:15:00-04:00,0.43689998984336853,0.43689998984336853,0.4300000071525574,0.43459999561309814,19504,0.0,0.0
2024-06-07 13:20:00-04:00,0.4353500008583069,0.43540000915527344,0.4325000047683716,0.4345000088214874,4810,0.0,0.0
2024-06-07 13:25:00-04:00,0.4350999891757965,0.4353500008583069,0.4300000071525574,0.4338499903678894,11829,0.0,0.0
2024-06-07 13:30:00-04:00,0.4325000047683716,0.4345000088214874,0.4309999942779541,0.4309999942779541,8543,0.0,0.0
2024-06-07 13:35:00-04:00,0.4309999942779541,0.4352000057697296,0.4309999942779541,0.4325000047683716,5386,0.0,0.0
2024-06-07 13:40:00-04:00,0.4325999915599823,0.43479999899864197,0.42980000376701355,0.43320000171661377,61081,0.0,0.0
2024-06-07 13:45:00-04:00,0.4339999854564667,0.4343999922275543,0.43130001425743103,0.43140000104904175,9265,0.0,0.0
2024-06-07 13:50:00-04:00,0.43140000104904175,0.43380001187324524,0.42809998989105225,0.42820000648498535,17546,0.0,0.0
2024-06-07 13:55:00-04:00,0.430400013923645,0.430400013923645,0.4268999993801117,0.42730000615119934,6559,0.0,0.0
2024-06-07 14:00:00-04:00,0.42730000615119934,0.43070000410079956,0.42080000042915344,0.430400013923645,21521,0.0,0.0
2024-06-07 14:05:00-04:00,0.42089998722076416,0.428974986076355,0.42089998722076416,0.42480000853538513,15597,0.0,0.0
2024-06-07 14:10:00-04:00,0.42480000853538513,0.42649999260902405,0.42010000348091125,0.42480000853538513,15130,0.0,0.0
2024-06-07 14:15:00-04:00,0.42260000109672546,0.423799991607666,0.42010000348091125,0.4203999936580658,17765,0.0,0.0
2024-06-07 14:20:00-04:00,0.421999990940094,0.4237000048160553,0.4194999933242798,0.4230000078678131,26096,0.0,0.0
2024-06-07 14:25:00-04:00,0.4223000109195709,0.42260000109672546,0.41850000619888306,0.41850000619888306,13012,0.0,0.0
2024-06-07 14:30:00-04:00,0.41850000619888306,0.42179998755455017,0.41850000619888306,0.4196999967098236,15808,0.0,0.0
2024-06-07 14:35:00-04:00,0.41990000009536743,0.42170000076293945,0.41499999165534973,0.4154999852180481,16620,0.0,0.0
2024-06-07 14:40:00-04:00,0.4237000048160553,0.4237000048160553,0.4171000123023987,0.4171000123023987,13615,0.0,0.0
2024-06-07 14:45:00-04:00,0.41929998993873596,0.42329999804496765,0.41780000925064087,0.4205000102519989,9274,0.0,0.0
2024-06-07 14:50:00-04:00,0.41769999265670776,0.42320001125335693,0.41769999265670776,0.4194999933242798,15415,0.0,0.0
2024-06-07 14:55:00-04:00,0.4212000072002411,0.4221999943256378,0.4194999933242798,0.42054998874664307,17109,0.0,0.0
2024-06-07 15:00:00-04:00,0.4196999967098236,0.42149999737739563,0.4196000099182129,0.4196000099182129,12441,0.0,0.0
2024-06-07 15:05:00-04:00,0.4198000133037567,0.4212999939918518,0.4198000133037567,0.42089998722076416,19349,0.0,0.0
2024-06-07 15:10:00-04:00,0.42080000042915344,0.421099990606308,0.4185999929904938,0.4185999929904938,15045,0.0,0.0
2024-06-07 15:15:00-04:00,0.4185999929904938,0.41991400718688965,0.4171999990940094,0.4171999990940094,21686,0.0,0.0
2024-06-07 15:20:00-04:00,0.4187999963760376,0.4203999936580658,0.4171999990940094,0.4194999933242798,18725,0.0,0.0
2024-06-07 15:25:00-04:00,0.4194999933242798,0.41999998688697815,0.41830000281333923,0.41830000281333923,19167,0.0,0.0
2024-06-07 15:30:00-04:00,0.41830000281333923,0.4191499948501587,0.41679999232292175,0.41679999232292175,20019,0.0,0.0
2024-06-07 15:35:00-04:00,0.41679999232292175,0.41850000619888306,0.41609999537467957,0.4180999994277954,36743,0.0,0.0
2024-06-07 15:40:00-04:00,0.41850000619888306,0.41850000619888306,0.4171000123023987,0.4171000123023987,34100,0.0,0.0
2024-06-07 15:45:00-04:00,0.4171000123023987,0.41780000925064087,0.40880000591278076,0.41359999775886536,52567,0.0,0.0
2024-06-07 15:50:00-04:00,0.41359999775886536,0.4146000146865845,0.40779998898506165,0.4106000065803528,74012,0.0,0.0
2024-06-07 15:55:00-04:00,0.41260001063346863,0.4133000075817108,0.4056999981403351,0.4090999960899353,146219,0.0,0.0
2024-06-10 09:30:00-04:00,0.40790000557899475,0.4104999899864197,0.3930000066757202,0.3974989950656891,37632,0.0,0.0
2024-06-10 09:35:00-04:00,0.3953999876976013,0.39980000257492065,0.382099986076355,0.3993000090122223,24512,0.0,0.0
2024-06-10 09:40:00-04:00,0.3831000030040741,0.3984909951686859,0.3831000030040741,0.3833000063896179,5774,0.0,0.0
2024-06-10 09:45:00-04:00,0.3833000063896179,0.38999900221824646,0.3833000063896179,0.3840000033378601,5190,0.0,0.0
2024-06-10 09:50:00-04:00,0.3865000009536743,0.38999998569488525,0.3804999887943268,0.3815999925136566,13505,0.0,0.0
2024-06-10 09:55:00-04:00,0.3815999925136566,0.38989999890327454,0.3700000047683716,0.37040001153945923,39489,0.0,0.0
2024-06-10 10:00:00-04:00,0.37049999833106995,0.3882000148296356,0.37049999833106995,0.38749998807907104,81973,0.0,0.0
2024-06-10 10:05:00-04:00,0.3873000144958496,0.38920000195503235,0.38119998574256897,0.38315001130104065,31418,0.0,0.0
2024-06-10 10:10:00-04:00,0.38315001130104065,0.38940000534057617,0.3825500011444092,0.38359999656677246,40095,0.0,0.0
2024-06-10 10:15:00-04:00,0.38359999656677246,0.3840000033378601,0.3813999891281128,0.382999986410141,17317,0.0,0.0
2024-06-10 10:20:00-04:00,0.3829500079154968,0.382999986410141,0.3828999996185303,0.382999986410141,7099,0.0,0.0
2024-06-10 10:25:00-04:00,0.3829500079154968,0.382999986410141,0.3822999894618988,0.3829500079154968,11758,0.0,0.0
2024-06-10 10:30:00-04:00,0.3829500079154968,0.382999986410141,0.3828999996185303,0.3829750120639801,3049,0.0,0.0
2024-06-10 10:35:00-04:00,0.3829500079154968,0.383899986743927,0.3813999891281128,0.3831999897956848,90108,0.0,0.0
2024-06-10 10:40:00-04:00,0.38830000162124634,0.38839998841285706,0.3853999972343445,0.3867500126361847,64322,0.0,0.0
2024-06-10 10:45:00-04:00,0.3867500126361847,0.38690000772476196,0.38670000433921814,0.38690000772476196,8862,0.0,0.0
2024-06-10 10:50:00-04:00,0.3868499994277954,0.38690000772476196,0.38519999384880066,0.3855000138282776,49951,0.0,0.0
2024-06-10 10:55:00-04:00,0.3855000138282776,0.38989999890327454,0.3855000138282776,0.38960000872612,60454,0.0,0.0
2024-06-10 11:00:00-04:00,0.3901999890804291,0.3901999890804291,0.38784998655319214,0.38784998655319214,42447,0.0,0.0
2024-06-10 11:05:00-04:00,0.38784998655319214,0.3896999955177307,0.387800008058548,0.387800008058548,6887,0.0,0.0
2024-06-10 11:10:00-04:00,0.38784998655319214,0.3896999955177307,0.38600000739097595,0.38940000534057617,17908,0.0,0.0
2024-06-10 11:15:00-04:00,0.3891499936580658,0.3896999955177307,0.3891499936580658,0.3891499936580658,5518,0.0,0.0
2024-06-10 11:20:00-04:00,0.388700008392334,0.3896999955177307,0.388700008392334,0.3894500136375427,22214,0.0,0.0
2024-06-10 11:25:00-04:00,0.3894500136375427,0.39480000734329224,0.3894500136375427,0.39469999074935913,86299,0.0,0.0
2024-06-10 11:30:00-04:00,0.39294999837875366,0.39480000734329224,0.3928999900817871,0.3930499851703644,5400,0.0,0.0
2024-06-10 11:35:00-04:00,0.3930499851703644,0.39309999346733093,0.3930499851703644,0.39309999346733093,23769,0.0,0.0
2024-06-10 11:40:00-04:00,0.3930499851703644,0.39910000562667847,0.3930499851703644,0.39844998717308044,35265,0.0,0.0
2024-06-10 11:45:00-04:00,0.39844998717308044,0.39844998717308044,0.39590001106262207,0.39684998989105225,8194,0.0,0.0
2024-06-10 11:50:00-04:00,0.39684998989105225,0.39739999175071716,0.39500001072883606,0.3957499861717224,79736,0.0,0.0
2024-06-10 11:55:00-04:00,0.39570000767707825,0.39570000767707825,0.3950999975204468,0.39559999108314514,4964,0.0,0.0
2024-06-10 12:00:00-04:00,0.39559999108314514,0.3959999978542328,0.39430001378059387,0.39454999566078186,15985,0.0,0.0
2024-06-10 12:05:00-04:00,0.39454999566078186,0.39454999566078186,0.39329999685287476,0.39419999718666077,15601,0.0,0.0
2024-06-10 12:10:00-04:00,0.3941499888896942,0.3941499888896942,0.39410001039505005,0.3941499888896942,6771,0.0,0.0
2024-06-10 12:15:00-04:00,0.3941499888896942,0.39419999718666077,0.39410001039505005,0.3941499888896942,11386,0.0,0.0
2024-06-10 12:20:00-04:00,0.39419999718666077,0.39419999718666077,0.39410001039505005,0.3941499888896942,3682,0.0,0.0
2024-06-10 12:25:00-04:00,0.3941099941730499,0.39430001378059387,0.3937999904155731,0.3937999904155731,45151,0.0,0.0
2024-06-10 12:30:00-04:00,0.3937999904155731,0.3938499987125397,0.38690000772476196,0.38964998722076416,13169,0.0,0.0
2024-06-10 12:35:00-04:00,0.38874998688697815,0.3889999985694885,0.38874998688697815,0.38874998688697815,15513,0.0,0.0
2024-06-10 12:40:00-04:00,0.38874998688697815,0.3887999951839447,0.38874998688697815,0.38874998688697815,10891,0.0,0.0
2024-06-10 12:45:00-04:00,0.38874998688697815,0.3887999951839447,0.38874998688697815,0.3887999951839447,3658,0.0,0.0
2024-06-10 12:50:00-04:00,0.38874998688697815,0.3887999951839447,0.3878999948501587,0.38830000162124634,25289,0.0,0.0
2024-06-10 12:55:00-04:00,0.38850000500679016,0.388700008392334,0.38850000500679016,0.388700008392334,6052,0.0,0.0
2024-06-10 13:00:00-04:00,0.38865000009536743,0.388700008392334,0.3885999917984009,0.38865000009536743,37570,0.0,0.0
2024-06-10 13:05:00-04:00,0.388700008392334,0.388700008392334,0.38865000009536743,0.38865000009536743,8585,0.0,0.0
2024-06-10 13:10:00-04:00,0.38865000009536743,0.388700008392334,0.38865000009536743,0.38865000009536743,7372,0.0,0.0
2024-06-10 13:15:00-04:00,0.388700008392334,0.388700008392334,0.38865000009536743,0.38865000009536743,4515,0.0,0.0
2024-06-10 13:20:00-04:00,0.38865000009536743,0.4099999964237213,0.38865000009536743,0.40849998593330383,54022,0.0,0.0
2024-06-10 13:25:00-04:00,0.40849998593330383,0.4099999964237213,0.4068000018596649,0.4081999957561493,9464,0.0,0.0
2024-06-10 13:30:00-04:00,0.4065000116825104,0.4099000096321106,0.39899998903274536,0.4025000035762787,20451,0.0,0.0
2024-06-10 13:35:00-04:00,0.39899998903274536,0.40549999475479126,0.39899998903274536,0.40540000796318054,27539,0.0,0.0
2024-06-10 13:40:00-04:00,0.40630000829696655,0.4065999984741211,0.4041999876499176,0.4050000011920929,13009,0.0,0.0
2024-06-10 13:45:00-04:00,0.40630000829696655,0.40630000829696655,0.4041999876499176,0.40470001101493835,15332,0.0,0.0
2024-06-10 13:50:00-04:00,0.4046500027179718,0.40470001101493835,0.4046500027179718,0.40470001101493835,3193,0.0,0.0
2024-06-10 13:55:00-04:00,0.4046500027179718,0.4104999899864197,0.4046500027179718,0.4097999930381775,125066,0.0,0.0
2024-06-10 14:00:00-04:00,0.4099000096321106,0.41429999470710754,0.4099000096321106,0.412200003862381,54415,0.0,0.0
2024-06-10 14:05:00-04:00,0.4138999879360199,0.414000004529953,0.412200003862381,0.412200003862381,5814,0.0,0.0
2024-06-10 14:10:00-04:00,0.412200003862381,0.41909998655319214,0.412200003862381,0.4185999929904938,75362,0.0,0.0
2024-06-10 14:15:00-04:00,0.4172999858856201,0.41815000772476196,0.41609999537467957,0.41635000705718994,9198,0.0,0.0
2024-06-10 14:20:00-04:00,0.41635000705718994,0.4167500138282776,0.4146000146865845,0.4147000014781952,21151,0.0,0.0
2024-06-10 14:25:00-04:00,0.4152500033378601,0.4153999984264374,0.4131999909877777,0.41429999470710754,44785,0.0,0.0
2024-06-10 14:30:00-04:00,0.41405001282691956,0.4153999984264374,0.41405001282691956,0.4147999882698059,18602,0.0,0.0
2024-06-10 14:35:00-04:00,0.4147999882698059,0.414900004863739,0.41280001401901245,0.4129500091075897,43557,0.0,0.0
2024-06-10 14:40:00-04:00,0.41339999437332153,0.4171000123023987,0.413349986076355,0.4147000014781952,95458,0.0,0.0
2024-06-10 14:45:00-04:00,0.41464999318122864,0.41659998893737793,0.41359999775886536,0.4138999879360199,55383,0.0,0.0
2024-06-10 14:50:00-04:00,0.4138999879360199,0.41999998688697815,0.41339999437332153,0.41999998688697815,156967,0.0,0.0
2024-06-10 14:55:00-04:00,0.41850000619888306,0.4189000129699707,0.4156999886035919,0.4156999886035919,13440,0.0,0.0
2024-06-10 15:00:00-04:00,0.4156999886035919,0.41830000281333923,0.4150499999523163,0.4171000123023987,27825,0.0,0.0
2024-06-10 15:05:00-04:00,0.4167500138282776,0.4167500138282776,0.4163999855518341,0.41644999384880066,9907,0.0,0.0
2024-06-10 15:10:00-04:00,0.4164150059223175,0.4165000021457672,0.4163999855518341,0.41644999384880066,15268,0.0,0.0
2024-06-10 15:15:00-04:00,0.4165000021457672,0.4165000021457672,0.4163999855518341,0.41644999384880066,45381,0.0,0.0
2024-06-10 15:20:00-04:00,0.41644999384880066,0.4165000021457672,0.4163999855518341,0.41644999384880066,9854,0.0,0.0
2024-06-10 15:25:00-04:00,0.41644999384880066,0.4165000021457672,0.4163999855518341,0.41644999384880066,10030,0.0,0.0
2024-06-10 15:30:00-04:00,0.4165000021457672,0.4165000021457672,0.41644999384880066,0.4165000021457672,25281,0.0,0.0
2024-06-10 15:35:00-04:00,0.4165000021457672,0.4165000021457672,0.4163999855518341,0.41644999384880066,12029,0.0,0.0
2024-06-10 15:40:00-04:00,0.4165000021457672,0.4165000021457672,0.4163999855518341,0.4165000021457672,22448,0.0,0.0
2024-06-10 15:45:00-04:00,0.4165000021457672,0.4165000021457672,0.4117000102996826,0.414900004863739,93377,0.0,0.0
2024-06-10 15:50:00-04:00,0.414900004863739,0.414900004863739,0.41019999980926514,0.4131999909877777,196858,0.0,0.0
2024-06-10 15:55:00-04:00,0.4131999909877777,0.4499000012874603,0.41315001249313354,0.44909998774528503,309153,0.0,0.0
2024-06-11 09:30:00-04:00,0.44670000672340393,0.44670000672340393,0.44670000672340393,0.44670000672340393,26553,0.0,0.0
2024-06-11 09:35:00-04:00,0.4309000074863434,0.4350000023841858,0.4203999936580658,0.4203999936580658,60089,0.0,0.0
2024-06-11 09:40:00-04:00,0.4320249855518341,0.43779999017715454,0.4290499985218048,0.43057501316070557,3911,0.0,0.0
2024-06-11 09:45:00-04:00,0.4320249855518341,0.453900009393692,0.42910000681877136,0.44999998807907104,96623,0.0,0.0
2024-06-11 09:50:00-04:00,0.44714999198913574,0.46369999647140503,0.44714999198913574,0.46000000834465027,47588,0.0,0.0
2024-06-11 09:55:00-04:00,0.4636000096797943,0.47780001163482666,0.46000000834465027,0.4715000092983246,73890,0.0,0.0
2024-06-11 10:00:00-04:00,0.4659000039100647,0.4659999907016754,0.46094998717308044,0.4641000032424927,36812,0.0,0.0
2024-06-11 10:05:00-04:00,0.4641000032424927,0.4652999937534332,0.4620000123977661,0.46514999866485596,67056,0.0,0.0
2024-06-11 10:10:00-04:00,0.4650999903678894,0.4650999903678894,0.45590001344680786,0.4564000070095062,46301,0.0,0.0
2024-06-11 10:15:00-04:00,0.4553000032901764,0.4560000002384186,0.4544000029563904,0.4544000029563904,4446,0.0,0.0
2024-06-11 10:20:00-04:00,0.4544000029563904,0.4544999897480011,0.4512999951839447,0.4537999927997589,8873,0.0,0.0
2024-06-11 10:25:00-04:00,0.4512999951839447,0.45190000534057617,0.44999998807907104,0.4500499963760376,44609,0.0,0.0
2024-06-11 10:30:00-04:00,0.45010000467300415,0.45010000467300415,0.4500499963760376,0.45010000467300415,36503,0.0,0.0
2024-06-11 10:35:00-04:00,0.45010000467300415,0.45579999685287476,0.4471000134944916,0.45249998569488525,71169,0.0,0.0
2024-06-11 10:40:00-04:00,0.4542500078678131,0.4542500078678131,0.4507000148296356,0.4521999955177307,11913,0.0,0.0
2024-06-11 10:45:00-04:00,0.4512999951839447,0.4607999920845032,0.4512999951839447,0.4603999853134155,126749,0.0,0.0
2024-06-11 10:50:00-04:00,0.46630001068115234,0.4683000147342682,0.4546000063419342,0.4569000005722046,39271,0.0,0.0
2024-06-11 10:55:00-04:00,0.4569000005722046,0.4569000005722046,0.45100000500679016,0.4528999924659729,2222,0.0,0.0
2024-06-11 11:00:00-04:00,0.45320001244544983,0.45320001244544983,0.45010000467300415,0.45010000467300415,30831,0.0,0.0
2024-06-11 11:05:00-04:00,0.45010000467300415,0.451200008392334,0.4438000023365021,0.4500499963760376,37719,0.0,0.0
2024-06-11 11:10:00-04:00,0.45010000467300415,0.45019999146461487,0.4496000111103058,0.44999998807907104,30676,0.0,0.0
2024-06-11 11:15:00-04:00,0.45010000467300415,0.45010000467300415,0.44909998774528503,0.4499000012874603,4454,0.0,0.0
2024-06-11 11:20:00-04:00,0.4492500126361847,0.4494999945163727,0.44920000433921814,0.44944998621940613,15695,0.0,0.0
2024-06-11 11:25:00-04:00,0.44944998621940613,0.4494999945163727,0.44944998621940613,0.4494999945163727,22092,0.0,0.0
2024-06-11 11:30:00-04:00,0.4494999945163727,0.4494999945163727,0.44780001044273376,0.44780001044273376,8773,0.0,0.0
2024-06-11 11:35:00-04:00,0.4487000107765198,0.44929999113082886,0.44440001249313354,0.4462999999523163,57350,0.0,0.0
2024-06-11 11:40:00-04:00,0.4442000091075897,0.4442000091075897,0.4442000091075897,0.4442000091075897,163,0.0,0.0
2024-06-11 11:45:00-04:00,0.4465000033378601,0.4465000033378601,0.44385001063346863,0.4465000033378601,2399,0.0,0.0
2024-06-11 11:50:00-04:00,0.4465000033378601,0.4465000033378601,0.44644999504089355,0.44644999504089355,1687,0.0,0.0
2024-06-11 11:55:00-04:00,0.446399986743927,0.44644999504089355,0.4438999891281128,0.44644999504089355,2368,0.0,0.0
2024-06-11 12:00:00-04:00,0.44644999504089355,0.44690001010894775,0.4438999891281128,0.44624999165534973,49789,0.0,0.0
2024-06-11 12:05:00-04:00,0.44624999165534973,0.4462999999523163,0.44620001316070557,0.44624999165534973,2075,0.0,0.0
2024-06-11 12:10:00-04:00,0.4462999999523163,0.4462999999523163,0.44624999165534973,0.44624999165534973,2062,0.0,0.0
2024-06-11 12:15:00-04:00,0.44620001316070557,0.4462999999523163,0.44620001316070557,0.44620001316070557,6179,0.0,0.0
2024-06-11 12:20:00-04:00,0.4462999999523163,0.4514000117778778,0.44624999165534973,0.4505000114440918,101016,0.0,0.0
2024-06-11 12:25:00-04:00,0.4505000114440918,0.4505000114440918,0.45045000314712524,0.45045000314712524,4486,0.0,0.0
2024-06-11 12:30:00-04:00,0.4503999948501587,0.4505000114440918,0.4503999948501587,0.45045000314712524,8280,0.0,0.0
2024-06-11 12:35:00-04:00,0.4505000114440918,0.4505000114440918,0.4503999948501587,0.4505000114440918,2807,0.0,0.0
2024-06-11 12:40:00-04:00,0.45045000314712524,0.46239998936653137,0.4503999948501587,0.46180999279022217,91426,0.0,0.0
2024-06-11 12:45:00-04:00,0.4611000120639801,0.4611999988555908,0.4505000114440918,0.4514999985694885,56544,0.0,0.0
2024-06-11 12:50:00-04:00,0.44670000672340393,0.45410001277923584,0.4458000063896179,0.453900009393692,28748,0.0,0.0
2024-06-11 12:55:00-04:00,0.4551999866962433,0.4551999866962433,0.44699999690055847,0.45210000872612,20729,0.0,0.0
2024-06-11 13:00:00-04:00,0.45019999146461487,0.4542999863624573,0.4490000009536743,0.45350000262260437,13929,0.0,0.0
2024-06-11 13:05:00-04:00,0.451449990272522,0.4514999985694885,0.451449990272522,0.451449990272522,3143,0.0,0.0
2024-06-11 13:10:00-04:00,0.4514999985694885,0.4514999985694885,0.451449990272522,0.451449990272522,6631,0.0,0.0
2024-06-11 13:15:00-04:00,0.451449990272522,0.4514999985694885,0.451449990272522,0.451449990272522,4362,0.0,0.0
2024-06-11 13:20:00-04:00,0.4514999985694885,0.4514999985694885,0.451449990272522,0.451449990272522,11749,0.0,0.0
2024-06-11 13:25:00-04:00,0.4514999985694885,0.4514999985694885,0.451449990272522,0.45147499442100525,1073,0.0,0.0
2024-06-11 13:30:00-04:00,0.451449990272522,0.4514999985694885,0.44565001130104065,0.44565001130104065,20464,0.0,0.0
2024-06-11 13:35:00-04:00,0.4440000057220459,0.444599986076355,0.438400000333786,0.438400000333786,37576,0.0,0.0
2024-06-11 13:40:00-04:00,0.43720000982284546,0.4418500065803528,0.43709999322891235,0.44130000472068787,19995,0.0,0.0
2024-06-11 13:45:00-04:00,0.44530001282691956,0.44530001282691956,0.4440000057220459,0.4442000091075897,17716,0.0,0.0
2024-06-11 13:50:00-04:00,0.44315001368522644,0.44315001368522644,0.43790000677108765,0.43799999356269836,21639,0.0,0.0
2024-06-11 13:55:00-04:00,0.4429999887943268,0.4431000053882599,0.439300000667572,0.439300000667572,6421,0.0,0.0
2024-06-11 14:00:00-04:00,0.43939998745918274,0.45329999923706055,0.43939998745918274,0.4505009949207306,37841,0.0,0.0
2024-06-11 14:05:00-04:00,0.4519999921321869,0.45350000262260437,0.43869999051094055,0.4401000142097473,23670,0.0,0.0
2024-06-11 14:10:00-04:00,0.4424999952316284,0.4505999982357025,0.44110000133514404,0.4505000114440918,30742,0.0,0.0
2024-06-11 14:15:00-04:00,0.44699999690055847,0.44909998774528503,0.4450500011444092,0.44510000944137573,17485,0.0,0.0
2024-06-11 14:20:00-04:00,0.44510000944137573,0.44909998774528503,0.4450500011444092,0.44909998774528503,11940,0.0,0.0
2024-06-11 14:25:00-04:00,0.44920000433921814,0.4544000029563904,0.44920000433921814,0.4528999924659729,32337,0.0,0.0
2024-06-11 14:30:00-04:00,0.45190000534057617,0.45190000534057617,0.44359999895095825,0.44714999198913574,28769,0.0,0.0
2024-06-11 14:35:00-04:00,0.44725000858306885,0.447299987077713,0.4438000023365021,0.447299987077713,1913,0.0,0.0
2024-06-11 14:40:00-04:00,0.447299987077713,0.447299987077713,0.4438999891281128,0.4440999925136566,4563,0.0,0.0
2024-06-11 14:45:00-04:00,0.44624999165534973,0.44624999165534973,0.4440999925136566,0.44624999165534973,3203,0.0,0.0
2024-06-11 14:50:00-04:00,0.44624999165534973,0.44850000739097595,0.4440999925136566,0.4462999999523163,12588,0.0,0.0
2024-06-11 14:55:00-04:00,0.4462999999523163,0.44850000739097595,0.4441010057926178,0.44830000400543213,39210,0.0,0.0
2024-06-11 15:00:00-04:00,0.44839999079704285,0.44859999418258667,0.44839999079704285,0.44859999418258667,8142,0.0,0.0
2024-06-11 15:05:00-04:00,0.44859999418258667,0.44859999418258667,0.4485499858856201,0.44859999418258667,8516,0.0,0.0
2024-06-11 15:10:00-04:00,0.4485499858856201,0.44859999418258667,0.4453999996185303,0.44589999318122864,39198,0.0,0.0
2024-06-11 15:15:00-04:00,0.44589999318122864,0.44620001316070557,0.4440999925136566,0.444599986076355,12800,0.0,0.0
2024-06-11 15:20:00-04:00,0.444599986076355,0.446399986743927,0.4429999887943268,0.44369998574256897,8061,0.0,0.0
2024-06-11 15:25:00-04:00,0.44369998574256897,0.46000000834465027,0.44369998574256897,0.45809999108314514,73379,0.0,0.0
2024-06-11 15:30:00-04:00,0.45809999108314514,0.45989999175071716,0.4563010036945343,0.45855000615119934,11269,0.0,0.0
2024-06-11 15:35:00-04:00,0.45719999074935913,0.4575999975204468,0.44999998807907104,0.45010000467300415,27397,0.0,0.0
2024-06-11 15:40:00-04:00,0.44999998807907104,0.45500001311302185,0.4474000036716461,0.4547500014305115,139659,0.0,0.0
2024-06-11 15:45:00-04:00,0.4547500014305115,0.454800009727478,0.4533250033855438,0.45339998602867126,22051,0.0,0.0
2024-06-11 15:50:00-04:00,0.45339998602867126,0.46059998869895935,0.4533500075340271,0.46004998683929443,113107,0.0,0.0
2024-06-11 15:55:00-04:00,0.46004998683929443,0.4697999954223633,0.46000000834465027,0.46209999918937683,184926,0.0,0.0
2024-06-12 09:30:00-04:00,0.483599990606308,0.483599990606308,0.4742000102996826,0.48100000619888306,12177,0.0,0.0
2024-06-12 09:35:00-04:00,0.4718500077724457,0.47749999165534973,0.4659999907016754,0.47145000100135803,1325,0.0,0.0
2024-06-12 09:40:00-04:00,0.47749999165534973,0.47749999165534973,0.46540001034736633,0.47540000081062317,7482,0.0,0.0
2024-06-12 09:45:00-04:00,0.476500004529953,0.4769749939441681,0.4747999906539917,0.47519999742507935,4416,0.0,0.0
2024-06-12 09:50:00-04:00,0.47369998693466187,0.47450000047683716,0.4693000018596649,0.4693000018596649,6065,0.0,0.0
2024-06-12 09:55:00-04:00,0.4691999852657318,0.47209998965263367,0.46540001034736633,0.46540001034736633,23766,0.0,0.0
2024-06-12 10:00:00-04:00,0.46540001034736633,0.4657999873161316,0.45890000462532043,0.45890000462532043,12109,0.0,0.0
2024-06-12 10:05:00-04:00,0.46070000529289246,0.46070000529289246,0.4537999927997589,0.4553000032901764,15467,0.0,0.0
2024-06-12 10:10:00-04:00,0.4530999958515167,0.4662500023841858,0.4471000134944916,0.4662500023841858,50923,0.0,0.0
2024-06-12 10:15:00-04:00,0.46630001068115234,0.4668999910354614,0.46630001068115234,0.46630001068115234,1007,0.0,0.0
2024-06-12 10:20:00-04:00,0.4661499857902527,0.47780001163482666,0.4650999903678894,0.4749999940395355,17869,0.0,0.0
2024-06-12 10:25:00-04:00,0.4740999937057495,0.4740999937057495,0.4699000120162964,0.4699000120162964,7200,0.0,0.0
2024-06-12 10:30:00-04:00,0.4699000120162964,0.4745999872684479,0.4699000120162964,0.4745999872684479,8179,0.0,0.0
2024-06-12 10:35:00-04:00,0.4745999872684479,0.4763000011444092,0.4722999930381775,0.4749999940395355,16962,0.0,0.0
2024-06-12 10:40:00-04:00,0.47132501006126404,0.49540001153945923,0.47132501006126404,0.49160000681877136,66623,0.0,0.0
2024-06-12 10:45:00-04:00,0.4932500123977661,0.4948999881744385,0.4851999878883362,0.4851999878883362,44098,0.0,0.0
2024-06-12 10:50:00-04:00,0.48179998993873596,0.48980000615119934,0.48080000281333923,0.48980000615119934,12909,0.0,0.0
2024-06-12 10:55:00-04:00,0.48980000615119934,0.49729999899864197,0.48750001192092896,0.49729999899864197,29454,0.0,0.0
2024-06-12 11:00:00-04:00,0.4961499869823456,0.498199999332428,0.49540001153945923,0.49619999527931213,32280,0.0,0.0
2024-06-12 11:05:00-04:00,0.4959999918937683,0.5034999847412109,0.4959999918937683,0.49869999289512634,82578,0.0,0.0
2024-06-12 11:10:00-04:00,0.4986000061035156,0.5184999704360962,0.4986000061035156,0.5131999850273132,128978,0.0,0.0
2024-06-12 11:15:00-04:00,0.5149999856948853,0.5270000100135803,0.5130000114440918,0.5224000215530396,183619,0.0,0.0
2024-06-12 11:20:00-04:00,0.5224000215530396,0.5224000215530396,0.5123000144958496,0.5167999863624573,23015,0.0,0.0
2024-06-12 11:25:00-04:00,0.5136500000953674,0.519798994064331,0.5123999714851379,0.5169000029563904,47784,0.0,0.0
2024-06-12 11:30:00-04:00,0.5142999887466431,0.5249999761581421,0.51419997215271,0.5238999724388123,88875,0.0,0.0
2024-06-12 11:35:00-04:00,0.5235999822616577,0.5246999859809875,0.5117999911308289,0.5117999911308289,58899,0.0,0.0
2024-06-12 11:40:00-04:00,0.5120239853858948,0.5138999819755554,0.510200023651123,0.5117999911308289,99563,0.0,0.0
2024-06-12 11:45:00-04:00,0.5117999911308289,0.5117999911308289,0.5023999810218811,0.5023999810218811,25134,0.0,0.0
2024-06-12 11:50:00-04:00,0.5023999810218811,0.5060999989509583,0.4982999861240387,0.5059000253677368,37643,0.0,0.0
2024-06-12 11:55:00-04:00,0.5059999823570251,0.5060999989509583,0.5041999816894531,0.505299985408783,32401,0.0,0.0
2024-06-12 12:00:00-04:00,0.505299985408783,0.5059999823570251,0.5001000165939331,0.5015000104904175,16077,0.0,0.0
2024-06-12 12:05:00-04:00,0.5015000104904175,0.5015000104904175,0.4993000030517578,0.4993000030517578,4437,0.0,0.0
2024-06-12 12:10:00-04:00,0.499099999666214,0.5098999738693237,0.49880000948905945,0.5048999786376953,115959,0.0,0.0
2024-06-12 12:15:00-04:00,0.5012000203132629,0.5012000203132629,0.5002999901771545,0.5002999901771545,5942,0.0,0.0
2024-06-12 12:20:00-04:00,0.5015000104904175,0.5015000104904175,0.48225000500679016,0.48225000500679016,38876,0.0,0.0
2024-06-12 12:25:00-04:00,0.4821000099182129,0.4887999892234802,0.48080000281333923,0.48410001397132874,22989,0.0,0.0
2024-06-12 12:30:00-04:00,0.48260000348091125,0.48829901218414307,0.48260000348091125,0.4846999943256378,11248,0.0,0.0
2024-06-12 12:35:00-04:00,0.486050009727478,0.4903999865055084,0.486050009727478,0.4867999851703644,124083,0.0,0.0
2024-06-12 12:40:00-04:00,0.4862000048160553,0.48750001192092896,0.4846999943256378,0.4846999943256378,5796,0.0,0.0
2024-06-12 12:45:00-04:00,0.4846999943256378,0.48809999227523804,0.4846999943256378,0.4871000051498413,9843,0.0,0.0
2024-06-12 12:50:00-04:00,0.48809999227523804,0.4930500090122223,0.48739999532699585,0.4918999969959259,71924,0.0,0.0
2024-06-12 12:55:00-04:00,0.4918999969959259,0.4920499920845032,0.48919999599456787,0.48919999599456787,13180,0.0,0.0
2024-06-12 13:00:00-04:00,0.48919999599456787,0.49149999022483826,0.48919999599456787,0.49149999022483826,1266,0.0,0.0
2024-06-12 13:05:00-04:00,0.48919999599456787,0.490200012922287,0.48820000886917114,0.4887000024318695,30207,0.0,0.0
2024-06-12 13:10:00-04:00,0.4885999858379364,0.48890000581741333,0.486299991607666,0.486299991607666,13190,0.0,0.0
2024-06-12 13:15:00-04:00,0.48739999532699585,0.48739999532699585,0.486299991607666,0.486299991607666,1954,0.0,0.0
2024-06-12 13:20:00-04:00,0.4872500002384186,0.48820000886917114,0.486299991607666,0.4869000017642975,5988,0.0,0.0
2024-06-12 13:25:00-04:00,0.486299991607666,0.48730000853538513,0.4814000129699707,0.4819999933242798,38561,0.0,0.0
2024-06-12 13:30:00-04:00,0.4809199869632721,0.4814000129699707,0.4729999899864197,0.47839999198913574,52068,0.0,0.0
2024-06-12 13:35:00-04:00,0.47780001163482666,0.47780001163482666,0.47589999437332153,0.47589999437332153,5471,0.0,0.0
2024-06-12 13:40:00-04:00,0.47589999437332153,0.477400004863739,0.47429999709129333,0.47429999709129333,24236,0.0,0.0
2024-06-12 13:45:00-04:00,0.4740000069141388,0.4756999909877777,0.4704500138759613,0.47554999589920044,27108,0.0,0.0
2024-06-12 13:50:00-04:00,0.47554999589920044,0.4756999909877777,0.4722000062465668,0.4740999937057495,29575,0.0,0.0
2024-06-12 13:55:00-04:00,0.4733999967575073,0.4733999967575073,0.47040000557899475,0.47040000557899475,9938,0.0,0.0
2024-06-12 14:00:00-04:00,0.47029998898506165,0.4722999930381775,0.4693000018596649,0.4702000021934509,13742,0.0,0.0
2024-06-12 14:05:00-04:00,0.4702000021934509,0.4763000011444092,0.46970000863075256,0.4754999876022339,105952,0.0,0.0
2024-06-12 14:10:00-04:00,0.474700003862381,0.476500004529953,0.4740999937057495,0.47429999709129333,14579,0.0,0.0
2024-06-12 14:15:00-04:00,0.4745999872684479,0.48410001397132874,0.4740000069141388,0.4837000072002411,63243,0.0,0.0
2024-06-12 14:20:00-04:00,0.4837999939918518,0.48420000076293945,0.4805999994277954,0.48179998993873596,20646,0.0,0.0
2024-06-12 14:25:00-04:00,0.48089998960494995,0.48089998960494995,0.47760000824928284,0.47839999198913574,16996,0.0,0.0
2024-06-12 14:30:00-04:00,0.4772999882698059,0.4794999957084656,0.47530001401901245,0.4772999882698059,8242,0.0,0.0
2024-06-12 14:35:00-04:00,0.476500004529953,0.48330000042915344,0.4754999876022339,0.4830000102519989,42615,0.0,0.0
2024-06-12 14:40:00-04:00,0.4828999936580658,0.48429998755455017,0.4814999997615814,0.4821999967098236,23156,0.0,0.0
2024-06-12 14:45:00-04:00,0.48089998960494995,0.4846999943256378,0.48080000281333923,0.483599990606308,13409,0.0,0.0
2024-06-12 14:50:00-04:00,0.48350000381469727,0.4846000075340271,0.4828999936580658,0.4830999970436096,11255,0.0,0.0
2024-06-12 14:55:00-04:00,0.4828999936580658,0.4830999970436096,0.47859999537467957,0.47909998893737793,12444,0.0,0.0
2024-06-12 15:00:00-04:00,0.47859999537467957,0.4837000072002411,0.4779999852180481,0.48364999890327454,18219,0.0,0.0
2024-06-12 15:05:00-04:00,0.483599990606308,0.48364999890327454,0.4812999963760376,0.48190000653266907,13000,0.0,0.0
2024-06-12 15:10:00-04:00,0.48100000619888306,0.4812000095844269,0.47940000891685486,0.47940000891685486,21232,0.0,0.0
2024-06-12 15:15:00-04:00,0.4794999957084656,0.49869999289512634,0.4794999957084656,0.4936000108718872,82378,0.0,0.0
2024-06-12 15:20:00-04:00,0.4936000108718872,0.4936000108718872,0.4878000020980835,0.4878000020980835,25732,0.0,0.0
2024-06-12 15:25:00-04:00,0.4862000048160553,0.4862000048160553,0.48069998621940613,0.48080000281333923,31452,0.0,0.0
2024-06-12 15:30:00-04:00,0.48019999265670776,0.48019999265670776,0.4779999852180481,0.47955000400543213,35110,0.0,0.0
2024-06-12 15:35:00-04:00,0.4796000123023987,0.4887000024318695,0.4796000123023987,0.48489999771118164,193085,0.0,0.0
2024-06-12 15:40:00-04:00,0.4814000129699707,0.4821000099182129,0.478300005197525,0.478300005197525,21846,0.0,0.0
2024-06-12 15:45:00-04:00,0.478300005197525,0.4851999878883362,0.4781999886035919,0.48010000586509705,171908,0.0,0.0
2024-06-12 15:50:00-04:00,0.48030000925064087,0.48339998722076416,0.4796999990940094,0.48330000042915344,48240,0.0,0.0
2024-06-12 15:55:00-04:00,0.48350000381469727,0.48350000381469727,0.4636000096797943,0.4666999876499176,141574,0.0,0.0
2024-06-13 09:30:00-04:00,0.460099995136261,0.49320000410079956,0.460099995136261,0.4620000123977661,17603,0.0,0.0
2024-06-13 09:35:00-04:00,0.48899999260902405,0.48899999260902405,0.45089998841285706,0.45100000500679016,2027,0.0,0.0
2024-06-13 09:40:00-04:00,0.45100000500679016,0.48899999260902405,0.44940000772476196,0.44940000772476196,10637,0.0,0.0
2024-06-13 09:45:00-04:00,0.4440000057220459,0.44999998807907104,0.4399999976158142,0.4399999976158142,6971,0.0,0.0
2024-06-13 09:50:00-04:00,0.4399999976158142,0.4449999928474426,0.4399999976158142,0.4399999976158142,10530,0.0,0.0
2024-06-13 09:55:00-04:00,0.4399999976158142,0.44245100021362305,0.4334000051021576,0.44165000319480896,5963,0.0,0.0
2024-06-13 10:00:00-04:00,0.4334000051021576,0.4359999895095825,0.4235999882221222,0.4235999882221222,11535,0.0,0.0
2024-06-13 10:05:00-04:00,0.4235999882221222,0.430400013923645,0.42170000076293945,0.42730000615119934,13807,0.0,0.0
2024-06-13 10:10:00-04:00,0.43160000443458557,0.44110000133514404,0.4221999943256378,0.43950000405311584,53218,0.0,0.0
2024-06-13 10:15:00-04:00,0.44119998812675476,0.44119998812675476,0.4341000020503998,0.43529999256134033,43123,0.0,0.0
2024-06-13 10:20:00-04:00,0.43915000557899475,0.4404999911785126,0.4357999861240387,0.4357999861240387,4144,0.0,0.0
2024-06-13 10:25:00-04:00,0.43674999475479126,0.4377000033855438,0.4357999861240387,0.4357999861240387,7067,0.0,0.0
2024-06-13 10:30:00-04:00,0.4377000033855438,0.44530001282691956,0.4372499883174896,0.43790000677108765,90711,0.0,0.0
2024-06-13 10:35:00-04:00,0.43860000371932983,0.43860000371932983,0.43860000371932983,0.43860000371932983,1339,0.0,0.0
2024-06-13 10:40:00-04:00,0.43689998984336853,0.43709999322891235,0.43459999561309814,0.43709999322891235,26591,0.0,0.0
2024-06-13 10:45:00-04:00,0.43720000982284546,0.4431000053882599,0.4343389868736267,0.4375999867916107,89661,0.0,0.0
2024-06-13 10:50:00-04:00,0.4408999979496002,0.4410000145435333,0.43799999356269836,0.43950000405311584,4779,0.0,0.0
2024-06-13 10:55:00-04:00,0.43799999356269836,0.43950000405311584,0.4343999922275543,0.4348999857902527,9622,0.0,0.0
2024-06-13 11:00:00-04:00,0.43494999408721924,0.4413999915122986,0.4332999885082245,0.43880000710487366,25686,0.0,0.0
2024-06-13 11:05:00-04:00,0.43880000710487366,0.43880000710487366,0.43779999017715454,0.43880000710487366,1442,0.0,0.0
2024-06-13 11:10:00-04:00,0.43880000710487366,0.4397999942302704,0.43309998512268066,0.4352000057697296,45118,0.0,0.0
2024-06-13 11:15:00-04:00,0.4352000057697296,0.43529999256134033,0.4352000057697296,0.43525001406669617,3761,0.0,0.0
2024-06-13 11:20:00-04:00,0.4352000057697296,0.43529999256134033,0.4341000020503998,0.43459999561309814,49749,0.0,0.0
2024-06-13 11:25:00-04:00,0.43514999747276306,0.4399000108242035,0.43514999747276306,0.4399000108242035,5391,0.0,0.0
2024-06-13 11:30:00-04:00,0.43985000252723694,0.4399000108242035,0.4390000104904175,0.4390000104904175,3643,0.0,0.0
2024-06-13 11:35:00-04:00,0.4390000104904175,0.4397999942302704,0.4390000104904175,0.4390000104904175,1788,0.0,0.0
2024-06-13 11:40:00-04:00,0.4390000104904175,0.4456999897956848,0.4390000104904175,0.4456000030040741,34028,0.0,0.0
2024-06-13 11:45:00-04:00,0.4456999897956848,0.4456999897956848,0.4440999925136566,0.4447999894618988,10285,0.0,0.0
2024-06-13 11:50:00-04:00,0.4447999894618988,0.4447999894618988,0.4433000087738037,0.4433000087738037,2058,0.0,0.0
2024-06-13 11:55:00-04:00,0.4433000087738037,0.4440000057220459,0.44200000166893005,0.4420500099658966,7913,0.0,0.0
2024-06-13 12:00:00-04:00,0.44200000166893005,0.44200000166893005,0.43549999594688416,0.436599999666214,6280,0.0,0.0
2024-06-13 12:05:00-04:00,0.43764999508857727,0.43764999508857727,0.43764999508857727,0.43764999508857727,653,0.0,0.0
2024-06-13 12:10:00-04:00,0.43764999508857727,0.43764999508857727,0.4354499876499176,0.43549999594688416,1434,0.0,0.0
2024-06-13 12:15:00-04:00,0.43560001254081726,0.43939998745918274,0.4355500042438507,0.43924999237060547,12374,0.0,0.0
2024-06-13 12:20:00-04:00,0.43924999237060547,0.439300000667572,0.4361500144004822,0.43904998898506165,50916,0.0,0.0
2024-06-13 12:25:00-04:00,0.4390000104904175,0.4390000104904175,0.4355500042438507,0.4355500042438507,11034,0.0,0.0
2024-06-13 12:30:00-04:00,0.4355500042438507,0.4394499957561493,0.4355500042438507,0.4377000033855438,19361,0.0,0.0
2024-06-13 12:35:00-04:00,0.4372999966144562,0.4372999966144562,0.43560001254081726,0.4366999864578247,4169,0.0,0.0
2024-06-13 12:40:00-04:00,0.4366999864578247,0.43779999017715454,0.43549999594688416,0.4355500042438507,9270,0.0,0.0
2024-06-13 12:45:00-04:00,0.43549999594688416,0.43549999594688416,0.43299999833106995,0.4330500066280365,17621,0.0,0.0
2024-06-13 12:50:00-04:00,0.43309998512268066,0.43309998512268066,0.43299999833106995,0.4330500066280365,3807,0.0,0.0
2024-06-13 12:55:00-04:00,0.43299999833106995,0.43309998512268066,0.43299999833106995,0.43309998512268066,2655,0.0,0.0
2024-06-13 13:00:00-04:00,0.43309998512268066,0.43309998512268066,0.43299999833106995,0.4330500066280365,4649,0.0,0.0
2024-06-13 13:05:00-04:00,0.4330500066280365,0.4330500066280365,0.43299999833106995,0.4330500066280365,1309,0.0,0.0
2024-06-13 13:10:00-04:00,0.4330750107765198,0.43309998512268066,0.43299999833106995,0.4330500066280365,9644,0.0,0.0
2024-06-13 13:15:00-04:00,0.43309998512268066,0.43309998512268066,0.421099990606308,0.4235999882221222,55544,0.0,0.0
2024-06-13 13:20:00-04:00,0.4235999882221222,0.4235999882221222,0.41920000314712524,0.41920000314712524,8788,0.0,0.0
2024-06-13 13:25:00-04:00,0.42340001463890076,0.42340001463890076,0.4191499948501587,0.4203000068664551,9454,0.0,0.0
2024-06-13 13:30:00-04:00,0.4202499985694885,0.43070000410079956,0.420199990272522,0.4293999969959259,29608,0.0,0.0
2024-06-13 13:35:00-04:00,0.4293999969959259,0.42969998717308044,0.4293999969959259,0.429500013589859,1654,0.0,0.0
2024-06-13 13:40:00-04:00,0.4290499985218048,0.42910000681877136,0.42899999022483826,0.42910000681877136,19075,0.0,0.0
2024-06-13 13:45:00-04:00,0.42910000681877136,0.42910000681877136,0.4290499985218048,0.4290499985218048,5489,0.0,0.0
2024-06-13 13:50:00-04:00,0.42910000681877136,0.42910000681877136,0.4290499985218048,0.42910000681877136,3019,0.0,0.0
2024-06-13 13:55:00-04:00,0.4290499985218048,0.42910000681877136,0.42899999022483826,0.4290499985218048,4016,0.0,0.0
2024-06-13 14:00:00-04:00,0.4290499985218048,0.42910000681877136,0.42899999022483826,0.4290499985218048,19278,0.0,0.0
2024-06-13 14:05:00-04:00,0.4290499985218048,0.42910000681877136,0.4250499904155731,0.4277999997138977,27087,0.0,0.0
2024-06-13 14:10:00-04:00,0.4275999963283539,0.427700012922287,0.4275999963283539,0.42765000462532043,1705,0.0,0.0
2024-06-13 14:15:00-04:00,0.42765000462532043,0.427700012922287,0.4275999963283539,0.42765000462532043,9756,0.0,0.0
2024-06-13 14:20:00-04:00,0.42765000462532043,0.427700012922287,0.4275999963283539,0.42765000462532043,4498,0.0,0.0
2024-06-13 14:25:00-04:00,0.42765000462532043,0.427700012922287,0.42765000462532043,0.42765000462532043,4175,0.0,0.0
2024-06-13 14:30:00-04:00,0.42765000462532043,0.427700012922287,0.42500001192092896,0.4250499904155731,41918,0.0,0.0
2024-06-13 14:35:00-04:00,0.42500001192092896,0.4282500147819519,0.42500001192092896,0.4282500147819519,150275,0.0,0.0
2024-06-13 14:40:00-04:00,0.42899999022483826,0.43849998712539673,0.4250999987125397,0.42739999294281006,133457,0.0,0.0
2024-06-13 14:45:00-04:00,0.42739999294281006,0.42739999294281006,0.4251999855041504,0.426800012588501,2005,0.0,0.0
2024-06-13 14:50:00-04:00,0.426800012588501,0.4318000078201294,0.4253999888896942,0.4263499975204468,116281,0.0,0.0
2024-06-13 14:55:00-04:00,0.4263499975204468,0.42640000581741333,0.42500001192092896,0.42500001192092896,32514,0.0,0.0
2024-06-13 15:00:00-04:00,0.42500001192092896,0.4255000054836273,0.42500001192092896,0.4253000020980835,62487,0.0,0.0
2024-06-13 15:05:00-04:00,0.42980000376701355,0.4318999946117401,0.4250999987125397,0.42695000767707825,22837,0.0,0.0
2024-06-13 15:10:00-04:00,0.42695000767707825,0.4269999861717224,0.42500001192092896,0.4250499904155731,36479,0.0,0.0
2024-06-13 15:15:00-04:00,0.4250499904155731,0.43149998784065247,0.42500001192092896,0.4271000027656555,109716,0.0,0.0
2024-06-13 15:20:00-04:00,0.426800012588501,0.4271000027656555,0.42669999599456787,0.426800012588501,8738,0.0,0.0
2024-06-13 15:25:00-04:00,0.426800012588501,0.426800012588501,0.42669999599456787,0.426800012588501,5440,0.0,0.0
2024-06-13 15:30:00-04:00,0.4267500042915344,0.426800012588501,0.42500001192092896,0.42660000920295715,89807,0.0,0.0
2024-06-13 15:35:00-04:00,0.426800012588501,0.43149998784065247,0.426800012588501,0.429500013589859,47004,0.0,0.0
2024-06-13 15:40:00-04:00,0.429500013589859,0.4375,0.42899999022483826,0.43700000643730164,154048,0.0,0.0
2024-06-13 15:45:00-04:00,0.4370500147342682,0.43810001015663147,0.435699999332428,0.43779999017715454,41646,0.0,0.0
2024-06-13 15:50:00-04:00,0.4378499984741211,0.43790000677108765,0.43779999017715454,0.43790000677108765,32605,0.0,0.0
2024-06-13 15:55:00-04:00,0.4378499984741211,0.4528999924659729,0.43779999017715454,0.44920000433921814,76193,0.0,0.0
2024-06-14 09:30:00-04:00,0.427700012922287,0.42980000376701355,0.41850000619888306,0.4262999892234802,13325,0.0,0.0
2024-06-14 09:35:00-04:00,0.42649999260902405,0.4320000112056732,0.42649999260902405,0.4290499985218048,2304,0.0,0.0
2024-06-14 09:40:00-04:00,0.4300000071525574,0.44290000200271606,0.426800012588501,0.4357999861240387,17236,0.0,0.0
2024-06-14 09:45:00-04:00,0.4350999891757965,0.43720000982284546,0.4350999891757965,0.43700000643730164,14472,0.0,0.0
2024-06-14 09:50:00-04:00,0.4350999891757965,0.4404999911785126,0.4350999891757965,0.4404999911785126,622,0.0,0.0
2024-06-14 10:00:00-04:00,0.43529999256134033,0.43529999256134033,0.43525001406669617,0.43529999256134033,1616,0.0,0.0
2024-06-14 10:05:00-04:00,0.4380500018596649,0.4380500018596649,0.4350000023841858,0.4353500008583069,25877,0.0,0.0
2024-06-14 10:10:00-04:00,0.43529999256134033,0.4353500008583069,0.4350000023841858,0.4350999891757965,10940,0.0,0.0
2024-06-14 10:15:00-04:00,0.43505001068115234,0.44769999384880066,0.43505001068115234,0.4426000118255615,64530,0.0,0.0
2024-06-14 10:20:00-04:00,0.4442000091075897,0.4442000091075897,0.4388999938964844,0.43939998745918274,26835,0.0,0.0
2024-06-14 10:25:00-04:00,0.43924999237060547,0.43924999237060547,0.43924999237060547,0.43924999237060547,160,0.0,0.0
2024-06-14 10:30:00-04:00,0.43665000796318054,0.43689998984336853,0.43665000796318054,0.4366999864578247,19354,0.0,0.0
2024-06-14 10:35:00-04:00,0.43665000796318054,0.4366999864578247,0.43665000796318054,0.4366999864578247,5385,0.0,0.0
2024-06-14 10:40:00-04:00,0.4366999864578247,0.4472000002861023,0.43665000796318054,0.43810001015663147,112830,0.0,0.0
2024-06-14 10:50:00-04:00,0.44235000014305115,0.44235000014305115,0.44235000014305115,0.44235000014305115,154,0.0,0.0
2024-06-14 10:55:00-04:00,0.43810001015663147,0.4381999969482422,0.4380500018596649,0.4380500018596649,14436,0.0,0.0
2024-06-14 11:00:00-04:00,0.4380500018596649,0.4380500018596649,0.43799999356269836,0.43799999356269836,2582,0.0,0.0
2024-06-14 11:05:00-04:00,0.4380500018596649,0.4380500018596649,0.43505001068115234,0.43505001068115234,2810,0.0,0.0
2024-06-14 11:10:00-04:00,0.43639999628067017,0.4374000132083893,0.43505001068115234,0.43505001068115234,1896,0.0,0.0
2024-06-14 11:15:00-04:00,0.4350999891757965,0.4350999891757965,0.43505001068115234,0.43505001068115234,2112,0.0,0.0
2024-06-14 11:20:00-04:00,0.4350999891757965,0.4422000050544739,0.43505001068115234,0.43529999256134033,252280,0.0,0.0
2024-06-14 11:25:00-04:00,0.4386500120162964,0.44209998846054077,0.438616007566452,0.438616007566452,1434,0.0,0.0
2024-06-14 11:30:00-04:00,0.43810001015663147,0.439300000667572,0.43529999256134033,0.43529999256134033,4489,0.0,0.0
2024-06-14 11:35:00-04:00,0.43529999256134033,0.4353500008583069,0.4350000023841858,0.43505001068115234,15175,0.0,0.0
2024-06-14 11:40:00-04:00,0.43505001068115234,0.43505001068115234,0.4350000023841858,0.43505001068115234,40005,0.0,0.0
2024-06-14 11:45:00-04:00,0.43505001068115234,0.4350999891757965,0.43505001068115234,0.4350999891757965,2120,0.0,0.0
2024-06-14 11:50:00-04:00,0.43505001068115234,0.4350999891757965,0.43505001068115234,0.43505001068115234,1093,0.0,0.0
2024-06-14 11:55:00-04:00,0.43505001068115234,0.4350999891757965,0.4350000023841858,0.43505001068115234,1637,0.0,0.0
2024-06-14 12:00:00-04:00,0.43505001068115234,0.4350999891757965,0.4350000023841858,0.43505001068115234,1662,0.0,0.0
2024-06-14 12:05:00-04:00,0.4350000023841858,0.4350999891757965,0.4350000023841858,0.4350000023841858,3633,0.0,0.0
2024-06-14 12:10:00-04:00,0.43505001068115234,0.4350999891757965,0.4350000023841858,0.4350999891757965,1459,0.0,0.0
2024-06-14 12:15:00-04:00,0.43505001068115234,0.4350999891757965,0.4350000023841858,0.4350999891757965,8739,0.0,0.0
2024-06-14 12:20:00-04:00,0.43505001068115234,0.4350999891757965,0.43505001068115234,0.4350999891757965,2156,0.0,0.0
2024-06-14 12:25:00-04:00,0.43505001068115234,0.4350999891757965,0.43505001068115234,0.43505001068115234,1330,0.0,0.0
2024-06-14 12:30:00-04:00,0.4350999891757965,0.4350999891757965,0.43505001068115234,0.4350999891757965,1760,0.0,0.0
2024-06-14 12:35:00-04:00,0.43505001068115234,0.4350999891757965,0.4350000023841858,0.4350999891757965,8799,0.0,0.0
2024-06-14 12:40:00-04:00,0.4350999891757965,0.4350999891757965,0.4350000023841858,0.43505001068115234,1012,0.0,0.0
2024-06-14 12:45:00-04:00,0.43505001068115234,0.4350999891757965,0.4350000023841858,0.4350999891757965,12443,0.0,0.0
2024-06-14 12:50:00-04:00,0.43505001068115234,0.4350999891757965,0.43505001068115234,0.4350999891757965,1443,0.0,0.0
2024-06-14 12:55:00-04:00,0.4350999891757965,0.4350999891757965,0.43505001068115234,0.4350999891757965,2131,0.0,0.0
2024-06-14 13:00:00-04:00,0.43505001068115234,0.4350999891757965,0.43505001068115234,0.4350999891757965,2136,0.0,0.0
2024-06-14 13:05:00-04:00,0.43505001068115234,0.4350999891757965,0.4350000023841858,0.4350999891757965,11583,0.0,0.0
2024-06-14 13:10:00-04:00,0.43505001068115234,0.4350999891757965,0.43505001068115234,0.4350999891757965,1070,0.0,0.0
2024-06-14 13:15:00-04:00,0.4350999891757965,0.4350999891757965,0.43505001068115234,0.4350999891757965,3274,0.0,0.0
2024-06-14 13:20:00-04:00,0.4350999891757965,0.4350999891757965,0.43505001068115234,0.4350999891757965,1788,0.0,0.0
2024-06-14 13:25:00-04:00,0.43505001068115234,0.4350999891757965,0.43505001068115234,0.4350999891757965,4256,0.0,0.0
2024-06-14 13:30:00-04:00,0.4350999891757965,0.4350999891757965,0.43505001068115234,0.43505001068115234,2226,0.0,0.0
2024-06-14 13:35:00-04:00,0.4350999891757965,0.4350999891757965,0.4350000023841858,0.4350999891757965,12518,0.0,0.0
2024-06-14 13:40:00-04:00,0.43505001068115234,0.4350999891757965,0.4350000023841858,0.4350999891757965,8506,0.0,0.0
2024-06-14 13:45:00-04:00,0.43505001068115234,0.4350999891757965,0.43505001068115234,0.43505001068115234,3408,0.0,0.0
2024-06-14 13:50:00-04:00,0.4350999891757965,0.4350999891757965,0.43505001068115234,0.43505001068115234,1913,0.0,0.0
2024-06-14 13:55:00-04:00,0.43505001068115234,0.4350999891757965,0.4350000023841858,0.43505001068115234,66146,0.0,0.0
2024-06-14 14:00:00-04:00,0.4350000023841858,0.4350999891757965,0.4350000023841858,0.43505001068115234,3260,0.0,0.0
2024-06-14 14:05:00-04:00,0.43505001068115234,0.4350999891757965,0.43505001068115234,0.43505001068115234,9145,0.0,0.0
2024-06-14 14:10:00-04:00,0.43505001068115234,0.4350999891757965,0.43505001068115234,0.43505001068115234,2363,0.0,0.0
2024-06-14 14:15:00-04:00,0.43505001068115234,0.4350999891757965,0.43505001068115234,0.4350999891757965,9413,0.0,0.0
2024-06-14 14:20:00-04:00,0.4350999891757965,0.4350999891757965,0.4350000023841858,0.43505001068115234,38258,0.0,0.0
2024-06-14 14:25:00-04:00,0.43505001068115234,0.4350999891757965,0.43505001068115234,0.43505001068115234,4681,0.0,0.0
2024-06-14 14:30:00-04:00,0.4350999891757965,0.4350999891757965,0.43505001068115234,0.43505001068115234,2943,0.0,0.0
2024-06-14 14:35:00-04:00,0.4350999891757965,0.4350999891757965,0.4350000023841858,0.43505001068115234,16449,0.0,0.0
2024-06-14 14:40:00-04:00,0.43505001068115234,0.4350999891757965,0.4350000023841858,0.4350999891757965,7953,0.0,0.0
2024-06-14 14:45:00-04:00,0.43505001068115234,0.4350999891757965,0.43505001068115234,0.4350999891757965,2285,0.0,0.0
2024-06-14 14:50:00-04:00,0.4350999891757965,0.4350999891757965,0.4350000023841858,0.43505001068115234,49307,0.0,0.0
2024-06-14 14:55:00-04:00,0.43505001068115234,0.4350999891757965,0.43505001068115234,0.43505001068115234,2809,0.0,0.0
2024-06-14 15:00:00-04:00,0.43505001068115234,0.4350999891757965,0.4350000023841858,0.4350999891757965,5736,0.0,0.0
2024-06-14 15:05:00-04:00,0.43505001068115234,0.4350999891757965,0.4350000023841858,0.4350999891757965,4543,0.0,0.0
2024-06-14 15:10:00-04:00,0.4350999891757965,0.4350999891757965,0.4350000023841858,0.4350000023841858,4471,0.0,0.0
2024-06-14 15:15:00-04:00,0.4350999891757965,0.4350999891757965,0.43505001068115234,0.43505001068115234,5665,0.0,0.0
2024-06-14 15:20:00-04:00,0.43505001068115234,0.4350999891757965,0.4350000023841858,0.4350999891757965,4466,0.0,0.0
2024-06-14 15:25:00-04:00,0.43505001068115234,0.4350999891757965,0.43505001068115234,0.43505001068115234,2907,0.0,0.0
2024-06-14 15:30:00-04:00,0.43505001068115234,0.4350999891757965,0.4350000023841858,0.43505001068115234,3436,0.0,0.0
2024-06-14 15:35:00-04:00,0.43505001068115234,0.4350999891757965,0.4350000023841858,0.43505001068115234,4166,0.0,0.0
2024-06-14 15:40:00-04:00,0.43505001068115234,0.4350999891757965,0.4350000023841858,0.43505001068115234,9545,0.0,0.0
2024-06-14 15:45:00-04:00,0.4350999891757965,0.4350999891757965,0.43505001068115234,0.43505001068115234,6242,0.0,0.0
2024-06-14 15:50:00-04:00,0.4350999891757965,0.4350999891757965,0.4350000023841858,0.4350000023841858,67171,0.0,0.0
2024-06-14 15:55:00-04:00,0.4350999891757965,0.4350999891757965,0.4350000023841858,0.4350999891757965,88058,0.0,0.0
2024-06-17 09:30:00-04:00,0.42010000348091125,0.420199990272522,0.42010000348091125,0.420199990272522,8100,0.0,0.0
2024-06-17 09:35:00-04:00,0.42969998717308044,0.4392000138759613,0.42969998717308044,0.4392000138759613,2011,0.0,0.0
2024-06-17 09:40:00-04:00,0.420199990272522,0.420199990272522,0.41999998688697815,0.41999998688697815,417,0.0,0.0
2024-06-17 09:45:00-04:00,0.42080000042915344,0.42080000042915344,0.40220001339912415,0.40790000557899475,37387,0.0,0.0
2024-06-17 09:50:00-04:00,0.41359999775886536,0.4156000018119812,0.41200000047683716,0.4156000018119812,1400,0.0,0.0
2024-06-17 09:55:00-04:00,0.4156000018119812,0.41920000314712524,0.41200000047683716,0.41920000314712524,3324,0.0,0.0
2024-06-17 10:00:00-04:00,0.415149986743927,0.415149986743927,0.40639999508857727,0.4096989929676056,8670,0.0,0.0
2024-06-17 10:05:00-04:00,0.40630000829696655,0.40630000829696655,0.3912999927997589,0.3912999927997589,62868,0.0,0.0
2024-06-17 10:10:00-04:00,0.3912999927997589,0.40619999170303345,0.3806000053882599,0.40290001034736633,110442,0.0,0.0
2024-06-17 10:15:00-04:00,0.4007999897003174,0.4047999978065491,0.4000000059604645,0.4002000093460083,74189,0.0,0.0
2024-06-17 10:20:00-04:00,0.4002000093460083,0.41510000824928284,0.40015000104904175,0.4081999957561493,59708,0.0,0.0
2024-06-17 10:30:00-04:00,0.41029998660087585,0.41029998660087585,0.4000000059604645,0.4032999873161316,54471,0.0,0.0
2024-06-17 10:35:00-04:00,0.4000000059604645,0.4000000059604645,0.4000000059604645,0.4000000059604645,595,0.0,0.0
2024-06-17 10:40:00-04:00,0.4016999900341034,0.4023500084877014,0.4004000127315521,0.4023500084877014,16952,0.0,0.0
2024-06-17 10:45:00-04:00,0.40230000019073486,0.40230000019073486,0.40230000019073486,0.40230000019073486,209,0.0,0.0
2024-06-17 10:50:00-04:00,0.4003399908542633,0.4104999899864197,0.4003399908542633,0.4050999879837036,87515,0.0,0.0
2024-06-17 10:55:00-04:00,0.4097999930381775,0.4097999930381775,0.4050999879837036,0.4097999930381775,9274,0.0,0.0
2024-06-17 11:00:00-04:00,0.4043999910354614,0.40880000591278076,0.4000000059604645,0.4052000045776367,89690,0.0,0.0
2024-06-17 11:05:00-04:00,0.4092999994754791,0.4092999994754791,0.4041999876499176,0.4041999876499176,4617,0.0,0.0
2024-06-17 11:10:00-04:00,0.4036000072956085,0.4036000072956085,0.40005001425743103,0.40070000290870667,22281,0.0,0.0
2024-06-17 11:15:00-04:00,0.40059998631477356,0.40209999680519104,0.40059998631477356,0.40174999833106995,19092,0.0,0.0
2024-06-17 11:20:00-04:00,0.40174999833106995,0.40174999833106995,0.40174999833106995,0.40174999833106995,1219,0.0,0.0
2024-06-17 11:25:00-04:00,0.40174999833106995,0.4018000066280365,0.4016999900341034,0.40174999833106995,6782,0.0,0.0
2024-06-17 11:30:00-04:00,0.40174999833106995,0.40459999442100525,0.4000999927520752,0.40230000019073486,146023,0.0,0.0
2024-06-17 11:35:00-04:00,0.40059998631477356,0.40230000019073486,0.39959999918937683,0.4009999930858612,38659,0.0,0.0
2024-06-17 11:40:00-04:00,0.40130001306533813,0.40130001306533813,0.40119999647140503,0.40119999647140503,5302,0.0,0.0
2024-06-17 11:45:00-04:00,0.4012500047683716,0.40130001306533813,0.40119999647140503,0.40119999647140503,2008,0.0,0.0
2024-06-17 11:50:00-04:00,0.40130001306533813,0.40130001306533813,0.3961000144481659,0.3991999924182892,66015,0.0,0.0
2024-06-17 11:55:00-04:00,0.3986000120639801,0.4043999910354614,0.3986000120639801,0.39890000224113464,41190,0.0,0.0
2024-06-17 12:00:00-04:00,0.39890000224113464,0.4002000093460083,0.396699994802475,0.3995000123977661,5176,0.0,0.0
2024-06-17 12:05:00-04:00,0.396699994802475,0.3995000123977661,0.3939000070095062,0.39469999074935913,31544,0.0,0.0
2024-06-17 12:10:00-04:00,0.3952000141143799,0.398499995470047,0.3952000141143799,0.39844998717308044,4241,0.0,0.0
2024-06-17 12:15:00-04:00,0.39844998717308044,0.40119999647140503,0.3984000086784363,0.4007999897003174,25071,0.0,0.0
2024-06-17 12:20:00-04:00,0.4007999897003174,0.4009000062942505,0.3970000147819519,0.3982999920845032,41145,0.0,0.0
2024-06-17 12:25:00-04:00,0.3982999920845032,0.4041999876499176,0.3982999920845032,0.4041999876499176,30674,0.0,0.0
2024-06-17 12:30:00-04:00,0.4020000100135803,0.4020000100135803,0.39800000190734863,0.39809998869895935,10927,0.0,0.0
2024-06-17 12:35:00-04:00,0.39809998869895935,0.40119999647140503,0.397599995136261,0.3991999924182892,26345,0.0,0.0
2024-06-17 12:40:00-04:00,0.400299996137619,0.4059999883174896,0.4000000059604645,0.4011000096797943,85129,0.0,0.0
2024-06-17 12:45:00-04:00,0.40070000290870667,0.4032000005245209,0.3997499942779541,0.40049999952316284,49137,0.0,0.0
2024-06-17 12:50:00-04:00,0.4005500078201294,0.4083999991416931,0.4000999927520752,0.4000999927520752,19445,0.0,0.0
2024-06-17 12:55:00-04:00,0.4000999927520752,0.40220001339912415,0.3995000123977661,0.3995000123977661,5882,0.0,0.0
2024-06-17 13:00:00-04:00,0.3995000123977661,0.40549999475479126,0.39820000529289246,0.39820000529289246,43812,0.0,0.0
2024-06-17 13:05:00-04:00,0.4016999900341034,0.4052000045776367,0.39820000529289246,0.3991999924182892,16209,0.0,0.0
2024-06-17 13:10:00-04:00,0.3990499973297119,0.39980000257492065,0.3982999920845032,0.39969998598098755,8932,0.0,0.0
2024-06-17 13:15:00-04:00,0.39969998598098755,0.4002000093460083,0.39969998598098755,0.4002000093460083,19173,0.0,0.0
2024-06-17 13:20:00-04:00,0.4002000093460083,0.400299996137619,0.4002000093460083,0.40024998784065247,4572,0.0,0.0
2024-06-17 13:25:00-04:00,0.4002000093460083,0.40024998784065247,0.39629998803138733,0.39709898829460144,18256,0.0,0.0
2024-06-17 13:30:00-04:00,0.39629998803138733,0.4050000011920929,0.39629998803138733,0.4025000035762787,24940,0.0,0.0
2024-06-17 13:35:00-04:00,0.4032000005245209,0.4032999873161316,0.4011000096797943,0.4011000096797943,7553,0.0,0.0
2024-06-17 13:40:00-04:00,0.40084999799728394,0.40209999680519104,0.40070000290870667,0.40195000171661377,27737,0.0,0.0
2024-06-17 13:45:00-04:00,0.4020000100135803,0.4032000005245209,0.4020000100135803,0.4031499922275543,24792,0.0,0.0
2024-06-17 13:50:00-04:00,0.4032000005245209,0.40369999408721924,0.4032000005245209,0.4036499857902527,9475,0.0,0.0
2024-06-17 13:55:00-04:00,0.40369999408721924,0.40369999408721924,0.4036499857902527,0.40369999408721924,6255,0.0,0.0
2024-06-17 14:00:00-04:00,0.4036499857902527,0.40814998745918274,0.4036499857902527,0.40685001015663147,20943,0.0,0.0
2024-06-17 14:05:00-04:00,0.40689998865127563,0.40689998865127563,0.40685001015663147,0.40689998865127563,8014,0.0,0.0
2024-06-17 14:10:00-04:00,0.40685001015663147,0.4099999964237213,0.4068000018596649,0.40994998812675476,19964,0.0,0.0
2024-06-17 14:15:00-04:00,0.4099999964237213,0.4099999964237213,0.4099000096321106,0.40994998812675476,6873,0.0,0.0
2024-06-17 14:20:00-04:00,0.4099999964237213,0.4101000130176544,0.40994998812675476,0.41005000472068787,10019,0.0,0.0
2024-06-17 14:25:00-04:00,0.4101000130176544,0.4101000130176544,0.4032000005245209,0.4032000005245209,66875,0.0,0.0
2024-06-17 14:30:00-04:00,0.4032000005245209,0.4059999883174896,0.4032000005245209,0.40515100955963135,62309,0.0,0.0
2024-06-17 14:35:00-04:00,0.404449999332428,0.40470001101493835,0.404449999332428,0.40459999442100525,12970,0.0,0.0
2024-06-17 14:40:00-04:00,0.40459999442100525,0.40470001101493835,0.40459999442100525,0.40470001101493835,5312,0.0,0.0
2024-06-17 14:45:00-04:00,0.4046500027179718,0.40470001101493835,0.397599995136261,0.3989500105381012,43282,0.0,0.0
2024-06-17 14:50:00-04:00,0.39890000224113464,0.40049999952316284,0.39890000224113464,0.4004499912261963,25350,0.0,0.0
2024-06-17 14:55:00-04:00,0.40049999952316284,0.40049999952316284,0.3962000012397766,0.3989500105381012,53025,0.0,0.0
2024-06-17 15:00:00-04:00,0.3989500105381012,0.3991999924182892,0.3989500105381012,0.39910000562667847,3160,0.0,0.0
2024-06-17 15:05:00-04:00,0.39910000562667847,0.40049999952316284,0.39910000562667847,0.40049999952316284,27575,0.0,0.0
2024-06-17 15:10:00-04:00,0.40049999952316284,0.40049999952316284,0.4004499912261963,0.40049999952316284,14240,0.0,0.0
2024-06-17 15:15:00-04:00,0.4004499912261963,0.40049999952316284,0.4004499912261963,0.4004499912261963,4943,0.0,0.0
2024-06-17 15:20:00-04:00,0.40049999952316284,0.40049999952316284,0.39660000801086426,0.39899998903274536,44167,0.0,0.0
2024-06-17 15:25:00-04:00,0.39899998903274536,0.39910000562667847,0.397350013256073,0.397350013256073,13080,0.0,0.0
2024-06-17 15:30:00-04:00,0.3971000015735626,0.400299996137619,0.3928999900817871,0.39329999685287476,98435,0.0,0.0
2024-06-17 15:35:00-04:00,0.39329999685287476,0.3977000117301941,0.39320001006126404,0.3970000147819519,22677,0.0,0.0
2024-06-17 15:40:00-04:00,0.39695000648498535,0.3970000147819519,0.3968999981880188,0.39695000648498535,13864,0.0,0.0
2024-06-17 15:45:00-04:00,0.39695000648498535,0.3971000015735626,0.39695000648498535,0.39704999327659607,21663,0.0,0.0
2024-06-17 15:50:00-04:00,0.39704999327659607,0.3971000015735626,0.3970000147819519,0.39704999327659607,21566,0.0,0.0
2024-06-17 15:55:00-04:00,0.39704999327659607,0.4009000062942505,0.3900499939918518,0.3986999988555908,183645,0.0,0.0
2024-06-18 09:30:00-04:00,0.39969998598098755,0.39969998598098755,0.39969998598098755,0.39969998598098755,6891,0.0,0.0
2024-06-18 09:35:00-04:00,0.39250001311302185,0.3925510048866272,0.39250001311302185,0.3925510048866272,983,0.0,0.0
2024-06-18 09:40:00-04:00,0.392549991607666,0.39500001072883606,0.392549991607666,0.39489999413490295,14729,0.0,0.0
2024-06-18 09:45:00-04:00,0.39489999413490295,0.39489999413490295,0.3910999894142151,0.3928999900817871,14955,0.0,0.0
2024-06-18 09:50:00-04:00,0.39489999413490295,0.39489999413490295,0.39100000262260437,0.3947489857673645,40692,0.0,0.0
2024-06-18 09:55:00-04:00,0.39480000734329224,0.39750000834465027,0.39480000734329224,0.39750000834465027,4634,0.0,0.0
2024-06-18 10:00:00-04:00,0.39544999599456787,0.39750000834465027,0.39544999599456787,0.39544999599456787,7004,0.0,0.0
2024-06-18 10:05:00-04:00,0.3935000002384186,0.39570000767707825,0.39239999651908875,0.3928000032901764,15820,0.0,0.0
2024-06-18 10:10:00-04:00,0.39285001158714294,0.3935999870300293,0.3919999897480011,0.3924500048160553,17399,0.0,0.0
2024-06-18 10:15:00-04:00,0.3912000060081482,0.3968999981880188,0.3910999894142151,0.39590001106262207,65128,0.0,0.0
2024-06-18 10:20:00-04:00,0.39590001106262207,0.39590001106262207,0.39590001106262207,0.39590001106262207,672,0.0,0.0
2024-06-18 10:25:00-04:00,0.3949750065803528,0.3949750065803528,0.3949500024318695,0.3949750065803528,2560,0.0,0.0
2024-06-18 10:30:00-04:00,0.39500001072883606,0.39500001072883606,0.39469999074935913,0.3949500024318695,13027,0.0,0.0
2024-06-18 10:35:00-04:00,0.3949500024318695,0.39500001072883606,0.3949500024318695,0.3949500024318695,755,0.0,0.0
2024-06-18 10:40:00-04:00,0.3949750065803528,0.39500001072883606,0.39469999074935913,0.39500001072883606,3556,0.0,0.0
2024-06-18 10:45:00-04:00,0.3949500024318695,0.39500001072883606,0.3949500024318695,0.3949750065803528,479,0.0,0.0
2024-06-18 10:50:00-04:00,0.3949500024318695,0.3949750065803528,0.3949500024318695,0.3949500024318695,947,0.0,0.0
2024-06-18 10:55:00-04:00,0.3949500024318695,0.39500001072883606,0.3949500024318695,0.39500001072883606,1614,0.0,0.0
2024-06-18 11:00:00-04:00,0.3949500024318695,0.39500001072883606,0.3949500024318695,0.3949500024318695,3336,0.0,0.0
2024-06-18 11:05:00-04:00,0.3949500024318695,0.3952000141143799,0.39489999413490295,0.39500001072883606,68894,0.0,0.0
2024-06-18 11:10:00-04:00,0.39500001072883606,0.40230000019073486,0.3949500024318695,0.40230000019073486,26581,0.0,0.0
2024-06-18 11:15:00-04:00,0.4036000072956085,0.40369999408721924,0.4032999873161316,0.40369999408721924,3599,0.0,0.0
2024-06-18 11:20:00-04:00,0.4036499857902527,0.40369999408721924,0.40139999985694885,0.40139999985694885,9931,0.0,0.0
2024-06-18 11:25:00-04:00,0.4002000093460083,0.4002000093460083,0.3972499966621399,0.39739999175071716,24436,0.0,0.0
2024-06-18 11:30:00-04:00,0.397350013256073,0.397350013256073,0.39730000495910645,0.39730000495910645,537,0.0,0.0
2024-06-18 11:35:00-04:00,0.397350013256073,0.39739999175071716,0.39730000495910645,0.39739999175071716,5447,0.0,0.0
2024-06-18 11:40:00-04:00,0.397350013256073,0.39739999175071716,0.39730000495910645,0.39739999175071716,9201,0.0,0.0
2024-06-18 11:45:00-04:00,0.3973749876022339,0.39739999175071716,0.39730000495910645,0.39739999175071716,1740,0.0,0.0
2024-06-18 11:50:00-04:00,0.39739999175071716,0.39739999175071716,0.397350013256073,0.397350013256073,2136,0.0,0.0
2024-06-18 11:55:00-04:00,0.39730000495910645,0.39739999175071716,0.39730000495910645,0.397350013256073,3058,0.0,0.0
2024-06-18 12:00:00-04:00,0.39719998836517334,0.397350013256073,0.39114999771118164,0.39135000109672546,32066,0.0,0.0
2024-06-18 12:05:00-04:00,0.391400009393692,0.3926999866962433,0.39135000109672546,0.3921999931335449,24330,0.0,0.0
2024-06-18 12:10:00-04:00,0.39215001463890076,0.39250001311302185,0.39215001463890076,0.392300009727478,6293,0.0,0.0
2024-06-18 12:15:00-04:00,0.3922500014305115,0.392300009727478,0.3914499878883362,0.3914499878883362,5589,0.0,0.0
2024-06-18 12:20:00-04:00,0.3914499878883362,0.39149999618530273,0.3914499878883362,0.3914499878883362,2620,0.0,0.0
2024-06-18 12:25:00-04:00,0.3914499878883362,0.39149999618530273,0.3914499878883362,0.3914499878883362,3562,0.0,0.0
2024-06-18 12:30:00-04:00,0.3914499878883362,0.39149999618530273,0.3914499878883362,0.39149999618530273,3281,0.0,0.0
2024-06-18 12:35:00-04:00,0.3914499878883362,0.39149999618530273,0.3799999952316284,0.3799999952316284,68311,0.0,0.0
2024-06-18 12:40:00-04:00,0.3811500072479248,0.3815999925136566,0.3811500072479248,0.38155001401901245,4164,0.0,0.0
2024-06-18 12:45:00-04:00,0.38155001401901245,0.38155001401901245,0.3799999952316284,0.3806000053882599,15119,0.0,0.0
2024-06-18 12:50:00-04:00,0.3806000053882599,0.38119998574256897,0.3806000053882599,0.38065001368522644,2242,0.0,0.0
2024-06-18 12:55:00-04:00,0.3802500069141388,0.3808000087738037,0.3802500069141388,0.3804999887943268,29466,0.0,0.0
2024-06-18 13:00:00-04:00,0.3804500102996826,0.3804999887943268,0.38040000200271606,0.3804500102996826,2374,0.0,0.0
2024-06-18 13:05:00-04:00,0.3804500102996826,0.3815999925136566,0.3804500102996826,0.3815999925136566,12670,0.0,0.0
2024-06-18 13:10:00-04:00,0.3815999925136566,0.3815999925136566,0.3813000023365021,0.38144999742507935,9734,0.0,0.0
2024-06-18 13:15:00-04:00,0.3815999925136566,0.3815999925136566,0.38135001063346863,0.38135001063346863,1128,0.0,0.0
2024-06-18 13:20:00-04:00,0.38135001063346863,0.3813999891281128,0.3813000023365021,0.3813750147819519,1480,0.0,0.0
2024-06-18 13:25:00-04:00,0.3813999891281128,0.3813999891281128,0.38109999895095825,0.38135001063346863,4980,0.0,0.0
2024-06-18 13:30:00-04:00,0.3813999891281128,0.3813999891281128,0.3813000023365021,0.3813999891281128,1710,0.0,0.0
2024-06-18 13:35:00-04:00,0.3813000023365021,0.3813999891281128,0.3813000023365021,0.38135001063346863,4598,0.0,0.0
2024-06-18 13:40:00-04:00,0.3813000023365021,0.3813999891281128,0.3813000023365021,0.38135001063346863,2214,0.0,0.0
2024-06-18 13:45:00-04:00,0.3813999891281128,0.3813999891281128,0.38005000352859497,0.38005000352859497,12321,0.0,0.0
2024-06-18 13:50:00-04:00,0.38005000352859497,0.3801000118255615,0.3799999952316284,0.38005000352859497,46070,0.0,0.0
2024-06-18 13:55:00-04:00,0.38005000352859497,0.3801000118255615,0.3799999952316284,0.38007500767707825,25133,0.0,0.0
2024-06-18 14:00:00-04:00,0.3801000118255615,0.3801000118255615,0.3799999952316284,0.3801000118255615,3255,0.0,0.0
2024-06-18 14:05:00-04:00,0.38005000352859497,0.38019999861717224,0.3799999952316284,0.3801499903202057,85854,0.0,0.0
2024-06-18 14:10:00-04:00,0.3801499903202057,0.38019999861717224,0.3801000118255615,0.38019999861717224,2337,0.0,0.0
2024-06-18 14:15:00-04:00,0.38019999861717224,0.38019999861717224,0.3801000118255615,0.38019999861717224,10279,0.0,0.0
2024-06-18 14:20:00-04:00,0.3801499903202057,0.38019999861717224,0.3801000118255615,0.3801499903202057,52733,0.0,0.0
2024-06-18 14:25:00-04:00,0.3801499903202057,0.38019999861717224,0.3801000118255615,0.38017499446868896,3061,0.0,0.0
2024-06-18 14:30:00-04:00,0.3801499903202057,0.38019999861717224,0.3801000118255615,0.3801499903202057,3708,0.0,0.0
2024-06-18 14:35:00-04:00,0.3801499903202057,0.38019999861717224,0.3801000118255615,0.3801499903202057,5074,0.0,0.0
2024-06-18 14:40:00-04:00,0.3801499903202057,0.38019999861717224,0.3801000118255615,0.3801000118255615,3115,0.0,0.0
2024-06-18 14:45:00-04:00,0.3801000118255615,0.38019999861717224,0.3801000118255615,0.3801499903202057,4023,0.0,0.0
2024-06-18 14:50:00-04:00,0.3801499903202057,0.38019999861717224,0.3801000118255615,0.3801499903202057,15423,0.0,0.0
2024-06-18 14:55:00-04:00,0.38019999861717224,0.38019999861717224,0.3799999952316284,0.3801499903202057,28009,0.0,0.0
2024-06-18 15:00:00-04:00,0.3801000118255615,0.38019999861717224,0.3801000118255615,0.3801000118255615,3924,0.0,0.0
2024-06-18 15:05:00-04:00,0.38019999861717224,0.38019999861717224,0.3801000118255615,0.38017499446868896,12109,0.0,0.0
2024-06-18 15:10:00-04:00,0.3801499903202057,0.38019999861717224,0.3801000118255615,0.3801499903202057,5396,0.0,0.0
2024-06-18 15:15:00-04:00,0.3801499903202057,0.38019999861717224,0.3801000118255615,0.3801499903202057,16329,0.0,0.0
2024-06-18 15:20:00-04:00,0.3801499903202057,0.38019999861717224,0.3801000118255615,0.3801499903202057,98859,0.0,0.0
2024-06-18 15:25:00-04:00,0.38019999861717224,0.39089998602867126,0.3801000118255615,0.3878999948501587,275198,0.0,0.0
2024-06-18 15:30:00-04:00,0.38429999351501465,0.3878999948501587,0.38420000672340393,0.38429999351501465,14305,0.0,0.0
2024-06-18 15:35:00-04:00,0.38429999351501465,0.38429999351501465,0.38420000672340393,0.3842499852180481,8546,0.0,0.0
2024-06-18 15:40:00-04:00,0.3842499852180481,0.38429999351501465,0.38420000672340393,0.3842499852180481,37181,0.0,0.0
2024-06-18 15:45:00-04:00,0.3842499852180481,0.38429999351501465,0.38420000672340393,0.38429999351501465,54588,0.0,0.0
2024-06-18 15:50:00-04:00,0.38420000672340393,0.38429999351501465,0.3837999999523163,0.38429999351501465,69536,0.0,0.0
2024-06-18 15:55:00-04:00,0.3842499852180481,0.38429999351501465,0.38420000672340393,0.38429999351501465,38403,0.0,0.0
2024-06-20 09:30:00-04:00,0.37700000405311584,0.3856000006198883,0.37700000405311584,0.3799000084400177,17273,0.0,0.0
2024-06-20 09:35:00-04:00,0.3799000084400177,0.38280001282691956,0.37689998745918274,0.3799999952316284,13547,0.0,0.0
2024-06-20 09:40:00-04:00,0.3801000118255615,0.3855989873409271,0.3765000104904175,0.3810499906539917,51041,0.0,0.0
2024-06-20 09:45:00-04:00,0.3765000104904175,0.3810499906539917,0.3765000104904175,0.3765000104904175,7581,0.0,0.0
2024-06-20 09:50:00-04:00,0.3765000104904175,0.3810499906539917,0.3765000104904175,0.3765000104904175,7914,0.0,0.0
2024-06-20 09:55:00-04:00,0.3765000104904175,0.38029998540878296,0.3765000104904175,0.3765000104904175,15639,0.0,0.0
2024-06-20 10:00:00-04:00,0.3765000104904175,0.37975001335144043,0.3765000104904175,0.3765000104904175,11331,0.0,0.0
2024-06-20 10:05:00-04:00,0.3765000104904175,0.3765000104904175,0.36390000581741333,0.36390000581741333,77427,0.0,0.0
2024-06-20 10:10:00-04:00,0.36390000581741333,0.3639500141143799,0.35010001063346863,0.35010001063346863,30240,0.0,0.0
2024-06-20 10:15:00-04:00,0.35420000553131104,0.36059999465942383,0.35280001163482666,0.3601999878883362,34254,0.0,0.0
2024-06-20 10:20:00-04:00,0.35690000653266907,0.36480000615119934,0.35690000653266907,0.36454999446868896,4814,0.0,0.0
2024-06-20 10:25:00-04:00,0.366100013256073,0.3664500117301941,0.3650999963283539,0.365200012922287,4473,0.0,0.0
2024-06-20 10:30:00-04:00,0.3650999963283539,0.36579999327659607,0.3605000078678131,0.3605000078678131,32896,0.0,0.0
2024-06-20 10:35:00-04:00,0.36629998683929443,0.36629998683929443,0.3605000078678131,0.3610000014305115,4440,0.0,0.0
2024-06-20 10:40:00-04:00,0.3610000014305115,0.36629998683929443,0.3605000078678131,0.3610000014305115,6253,0.0,0.0
2024-06-20 10:45:00-04:00,0.36340001225471497,0.36340001225471497,0.3605000078678131,0.3605000078678131,5407,0.0,0.0
2024-06-20 10:50:00-04:00,0.3605000078678131,0.36340001225471497,0.3605000078678131,0.3610000014305115,5410,0.0,0.0
2024-06-20 10:55:00-04:00,0.3610000014305115,0.36579999327659607,0.3610000014305115,0.3610000014305115,8091,0.0,0.0
2024-06-20 11:00:00-04:00,0.3610000014305115,0.36340001225471497,0.3610000014305115,0.36340001225471497,4708,0.0,0.0
2024-06-20 11:05:00-04:00,0.3610000014305115,0.36489999294281006,0.36039999127388,0.36204999685287476,10882,0.0,0.0
2024-06-20 11:10:00-04:00,0.36000001430511475,0.36195001006126404,0.35910001397132874,0.35910001397132874,4947,0.0,0.0
2024-06-20 11:15:00-04:00,0.3610900044441223,0.36340001225471497,0.359499990940094,0.359499990940094,8332,0.0,0.0
2024-06-20 11:20:00-04:00,0.359499990940094,0.36340001225471497,0.359499990940094,0.359499990940094,11586,0.0,0.0
2024-06-20 11:25:00-04:00,0.359499990940094,0.36169999837875366,0.359499990940094,0.36000001430511475,5525,0.0,0.0
2024-06-20 11:30:00-04:00,0.3610000014305115,0.36730000376701355,0.3610000014305115,0.36469998955726624,35737,0.0,0.0
2024-06-20 11:35:00-04:00,0.36640000343322754,0.36910000443458557,0.3610000014305115,0.36910000443458557,4019,0.0,0.0
2024-06-20 11:40:00-04:00,0.36910000443458557,0.36910000443458557,0.36500000953674316,0.36910000443458557,4158,0.0,0.0
2024-06-20 11:45:00-04:00,0.3650999963283539,0.36910000443458557,0.3610999882221222,0.36910000443458557,2105,0.0,0.0
2024-06-20 11:50:00-04:00,0.3612009882926941,0.3690989911556244,0.3610999882221222,0.3619999885559082,8624,0.0,0.0
2024-06-20 11:55:00-04:00,0.3619999885559082,0.36910000443458557,0.3610999882221222,0.3610999882221222,8184,0.0,0.0
2024-06-20 12:00:00-04:00,0.3612000048160553,0.36910000443458557,0.3612000048160553,0.36579999327659607,15392,0.0,0.0
2024-06-20 12:05:00-04:00,0.36579999327659607,0.36910000443458557,0.36250001192092896,0.36579999327659607,7484,0.0,0.0
2024-06-20 12:10:00-04:00,0.36250001192092896,0.3671000003814697,0.36250001192092896,0.36570000648498535,16044,0.0,0.0
2024-06-20 12:15:00-04:00,0.36480000615119934,0.36480000615119934,0.3612000048160553,0.36390000581741333,8840,0.0,0.0
2024-06-20 12:20:00-04:00,0.3612000048160553,0.36390000581741333,0.3612000048160553,0.3638499975204468,4615,0.0,0.0
2024-06-20 12:25:00-04:00,0.3612000048160553,0.36390000581741333,0.3612000048160553,0.36390000581741333,6772,0.0,0.0
2024-06-20 12:30:00-04:00,0.3612000048160553,0.36390000581741333,0.3612000048160553,0.3612000048160553,2946,0.0,0.0
2024-06-20 12:35:00-04:00,0.3612000048160553,0.36390000581741333,0.3610000014305115,0.3610000014305115,7047,0.0,0.0
2024-06-20 12:40:00-04:00,0.3633500039577484,0.36340001225471497,0.3610000014305115,0.36340001225471497,3971,0.0,0.0
2024-06-20 12:45:00-04:00,0.36329999566078186,0.3635999858379364,0.3610000014305115,0.3633500039577484,3535,0.0,0.0
2024-06-20 12:50:00-04:00,0.3610000014305115,0.36570000648498535,0.3610000014305115,0.3633500039577484,7241,0.0,0.0
2024-06-20 12:55:00-04:00,0.3633500039577484,0.36570000648498535,0.3610000014305115,0.36340001225471497,4504,0.0,0.0
2024-06-20 13:00:00-04:00,0.3610999882221222,0.36340001225471497,0.3610999882221222,0.36340001225471497,5306,0.0,0.0
2024-06-20 13:05:00-04:00,0.36340001225471497,0.36570000648498535,0.3610999882221222,0.36344999074935913,4987,0.0,0.0
2024-06-20 13:10:00-04:00,0.36340001225471497,0.37470000982284546,0.3626999855041504,0.3732999861240387,32916,0.0,0.0
2024-06-20 13:15:00-04:00,0.3732999861240387,0.37619999051094055,0.3732999861240387,0.374099999666214,10680,0.0,0.0
2024-06-20 13:20:00-04:00,0.37619999051094055,0.38100001215934753,0.37459999322891235,0.37834998965263367,12547,0.0,0.0
2024-06-20 13:25:00-04:00,0.38100001215934753,0.38519999384880066,0.3785499930381775,0.3831000030040741,6983,0.0,0.0
2024-06-20 13:30:00-04:00,0.3831000030040741,0.38499999046325684,0.3788999915122986,0.38089999556541443,38663,0.0,0.0
2024-06-20 13:35:00-04:00,0.37893998622894287,0.3828999996185303,0.3788999915122986,0.3788999915122986,38034,0.0,0.0
2024-06-20 13:40:00-04:00,0.38040000200271606,0.38190001249313354,0.37860000133514404,0.3799000084400177,49824,0.0,0.0
2024-06-20 13:45:00-04:00,0.37985000014305115,0.3808000087738037,0.3779290020465851,0.3793500065803528,66199,0.0,0.0
2024-06-20 13:50:00-04:00,0.3793500065803528,0.3799000084400177,0.37790000438690186,0.3783999979496002,20281,0.0,0.0
2024-06-20 13:55:00-04:00,0.3788999915122986,0.37940001487731934,0.3760240077972412,0.37720000743865967,64021,0.0,0.0
2024-06-20 14:00:00-04:00,0.376120001077652,0.3855000138282776,0.37599998712539673,0.3855000138282776,52082,0.0,0.0
2024-06-20 14:05:00-04:00,0.3855000138282776,0.38589999079704285,0.38440001010894775,0.38499999046325684,26660,0.0,0.0
2024-06-20 14:10:00-04:00,0.38510000705718994,0.38989999890327454,0.38499999046325684,0.3889000117778778,75894,0.0,0.0
2024-06-20 14:15:00-04:00,0.3887999951839447,0.3946000039577484,0.3869999945163727,0.39430001378059387,36140,0.0,0.0
2024-06-20 14:20:00-04:00,0.39430001378059387,0.3944000005722046,0.3928999900817871,0.3944000005722046,7700,0.0,0.0
2024-06-20 14:25:00-04:00,0.3944000005722046,0.39590001106262207,0.39434999227523804,0.39465001225471497,19176,0.0,0.0
2024-06-20 14:30:00-04:00,0.39465001225471497,0.39500001072883606,0.3944999873638153,0.39489999413490295,6842,0.0,0.0
2024-06-20 14:35:00-04:00,0.39489999413490295,0.39500001072883606,0.39309999346733093,0.39309999346733093,9652,0.0,0.0
2024-06-20 14:40:00-04:00,0.39489999413490295,0.39500001072883606,0.39215001463890076,0.39500001072883606,6343,0.0,0.0
2024-06-20 14:45:00-04:00,0.39309999346733093,0.3952000141143799,0.39309999346733093,0.39419999718666077,14521,0.0,0.0
2024-06-20 14:50:00-04:00,0.39500001072883606,0.3952000141143799,0.39320001006126404,0.39489999413490295,65352,0.0,0.0
2024-06-20 14:55:00-04:00,0.39489999413490295,0.3950999975204468,0.3898000121116638,0.39489999413490295,79504,0.0,0.0
2024-06-20 15:00:00-04:00,0.38989999890327454,0.39430001378059387,0.3898000121116638,0.39430001378059387,10493,0.0,0.0
2024-06-20 15:05:00-04:00,0.3898000121116638,0.3921999931335449,0.38600000739097595,0.38600000739097595,25795,0.0,0.0
2024-06-20 15:10:00-04:00,0.38989999890327454,0.39169999957084656,0.38600000739097595,0.38600000739097595,20972,0.0,0.0
2024-06-20 15:15:00-04:00,0.38600000739097595,0.39169999957084656,0.38600000739097595,0.3882499933242798,8270,0.0,0.0
2024-06-20 15:20:00-04:00,0.390500009059906,0.390500009059906,0.38600000739097595,0.38600000739097595,8046,0.0,0.0
2024-06-20 15:25:00-04:00,0.38600000739097595,0.3903999924659729,0.38580000400543213,0.38580000400543213,14720,0.0,0.0
2024-06-20 15:30:00-04:00,0.3856000006198883,0.38659998774528503,0.383899986743927,0.38659998774528503,42928,0.0,0.0
2024-06-20 15:35:00-04:00,0.38659998774528503,0.38960000872612,0.38530001044273376,0.38920000195503235,19761,0.0,0.0
2024-06-20 15:40:00-04:00,0.38920000195503235,0.38929998874664307,0.384799987077713,0.38920000195503235,49234,0.0,0.0
2024-06-20 15:45:00-04:00,0.38920000195503235,0.38920000195503235,0.384799987077713,0.3862000107765198,54160,0.0,0.0
2024-06-20 15:50:00-04:00,0.3862000107765198,0.3862000107765198,0.38339999318122864,0.38359999656677246,40268,0.0,0.0
2024-06-20 15:55:00-04:00,0.38359999656677246,0.38659998774528503,0.38089999556541443,0.3847000002861023,154929,0.0,0.0
2024-06-21 09:30:00-04:00,0.38670000433921814,0.38670000433921814,0.38554999232292175,0.38554999232292175,605873,0.0,0.0
2024-06-21 09:35:00-04:00,0.38554999232292175,0.38554999232292175,0.37599998712539673,0.37599998712539673,2617,0.0,0.0
2024-06-21 09:40:00-04:00,0.3959999978542328,0.3959999978542328,0.37560001015663147,0.3779999911785126,4846,0.0,0.0
2024-06-21 09:45:00-04:00,0.3799999952316284,0.38464999198913574,0.3774000108242035,0.3774000108242035,1470,0.0,0.0
2024-06-21 09:50:00-04:00,0.3846839964389801,0.38495001196861267,0.3785000145435333,0.3785000145435333,2204,0.0,0.0
2024-06-21 09:55:00-04:00,0.3790000081062317,0.38495001196861267,0.3781000077724457,0.3781000077724457,2074,0.0,0.0
2024-06-21 10:00:00-04:00,0.3779999911785126,0.3865000009536743,0.3779999911785126,0.3808000087738037,5813,0.0,0.0
2024-06-21 10:05:00-04:00,0.3808000087738037,0.38324999809265137,0.37929999828338623,0.37929999828338623,2681,0.0,0.0
2024-06-21 10:10:00-04:00,0.37929999828338623,0.3833000063896179,0.37929999828338623,0.37940001487731934,1507,0.0,0.0
2024-06-21 10:15:00-04:00,0.37940001487731934,0.3833000063896179,0.37940001487731934,0.37940001487731934,2345,0.0,0.0
2024-06-21 10:20:00-04:00,0.38359999656677246,0.3869999945163727,0.3799999952316284,0.3869999945163727,2995,0.0,0.0
2024-06-21 10:25:00-04:00,0.3799999952316284,0.38600000739097595,0.3799999952316284,0.38545098900794983,3174,0.0,0.0
2024-06-21 10:30:00-04:00,0.382099986076355,0.38609999418258667,0.3799999952316284,0.3799999952316284,2681,0.0,0.0
2024-06-21 10:35:00-04:00,0.38690000772476196,0.38690000772476196,0.3799999952316284,0.3834500014781952,2489,0.0,0.0
2024-06-21 10:40:00-04:00,0.3834500014781952,0.3834500014781952,0.3799999952316284,0.3799999952316284,3591,0.0,0.0
2024-06-21 10:45:00-04:00,0.3799999952316284,0.383899986743927,0.3799999952316284,0.38385000824928284,3123,0.0,0.0
2024-06-21 10:50:00-04:00,0.383899986743927,0.38519999384880066,0.38190001249313354,0.38499999046325684,6725,0.0,0.0
2024-06-21 10:55:00-04:00,0.38089999556541443,0.384799987077713,0.37940001487731934,0.3799999952316284,6912,0.0,0.0
2024-06-21 11:00:00-04:00,0.384799987077713,0.384799987077713,0.3799999952316284,0.3799999952316284,3652,0.0,0.0
2024-06-21 11:05:00-04:00,0.3799999952316284,0.383899986743927,0.37940001487731934,0.383899986743927,9497,0.0,0.0
2024-06-21 11:10:00-04:00,0.3799999952316284,0.3853999972343445,0.3799999952316284,0.3853999972343445,25096,0.0,0.0
2024-06-21 11:15:00-04:00,0.38499999046325684,0.40049999952316284,0.383899986743927,0.3991999924182892,110629,0.0,0.0
2024-06-21 11:20:00-04:00,0.39989998936653137,0.4059999883174896,0.3993000090122223,0.40450000762939453,128179,0.0,0.0
2024-06-21 11:25:00-04:00,0.40779998898506165,0.40950000286102295,0.40459999442100525,0.40459999442100525,29922,0.0,0.0
2024-06-21 11:30:00-04:00,0.4068000018596649,0.4068000018596649,0.4050000011920929,0.4050000011920929,2542,0.0,0.0
2024-06-21 11:35:00-04:00,0.4064219892024994,0.40799999237060547,0.40540000796318054,0.40540000796318054,25032,0.0,0.0
2024-06-21 11:40:00-04:00,0.40540000796318054,0.40630000829696655,0.4023999869823456,0.40459999442100525,6905,0.0,0.0
2024-06-21 11:45:00-04:00,0.40470001101493835,0.40470001101493835,0.4000000059604645,0.4000000059604645,6716,0.0,0.0
2024-06-21 11:50:00-04:00,0.4000000059604645,0.4034000039100647,0.4000000059604645,0.4000000059604645,2732,0.0,0.0
2024-06-21 11:55:00-04:00,0.4032999873161316,0.40334999561309814,0.4000000059604645,0.40334999561309814,3781,0.0,0.0
2024-06-21 12:00:00-04:00,0.4000000059604645,0.4034000039100647,0.4000000059604645,0.4034000039100647,3482,0.0,0.0
2024-06-21 12:05:00-04:00,0.4000999927520752,0.4034000039100647,0.4000999927520752,0.4034000039100647,3013,0.0,0.0
2024-06-21 12:10:00-04:00,0.4000999927520752,0.40959998965263367,0.4000999927520752,0.40790000557899475,38033,0.0,0.0
2024-06-21 12:15:00-04:00,0.4078499972820282,0.4099999964237213,0.4056999981403351,0.4099999964237213,9290,0.0,0.0
2024-06-21 12:20:00-04:00,0.40790000557899475,0.4099999964237213,0.4058000147342682,0.4099999964237213,4617,0.0,0.0
2024-06-21 12:25:00-04:00,0.40779998898506165,0.4090000092983246,0.4056999981403351,0.4074999988079071,4732,0.0,0.0
2024-06-21 12:30:00-04:00,0.4059000015258789,0.4090000092983246,0.4059000015258789,0.4074000120162964,4610,0.0,0.0
2024-06-21 12:35:00-04:00,0.4090000092983246,0.4090000092983246,0.4059000015258789,0.4074000120162964,4015,0.0,0.0
2024-06-21 12:40:00-04:00,0.4074000120162964,0.4090000092983246,0.4059000015258789,0.40880000591278076,6600,0.0,0.0
2024-06-21 12:45:00-04:00,0.40880000591278076,0.4088500142097473,0.4018000066280365,0.40450000762939453,21056,0.0,0.0
2024-06-21 12:50:00-04:00,0.4018000066280365,0.40720000863075256,0.4018000066280365,0.4018000066280365,4853,0.0,0.0
2024-06-21 12:55:00-04:00,0.40450000762939453,0.40450000762939453,0.4018000066280365,0.40450000762939453,3629,0.0,0.0
2024-06-21 13:00:00-04:00,0.4018000066280365,0.40709999203681946,0.4018000066280365,0.40450000762939453,4905,0.0,0.0
2024-06-21 13:05:00-04:00,0.4018000066280365,0.40709999203681946,0.4018000066280365,0.4018999934196472,5535,0.0,0.0
2024-06-21 13:10:00-04:00,0.40459999442100525,0.40709999203681946,0.4020000100135803,0.4045499861240387,4329,0.0,0.0
2024-06-21 13:15:00-04:00,0.4020000100135803,0.40709999203681946,0.4020000100135803,0.40220001339912415,7540,0.0,0.0
2024-06-21 13:20:00-04:00,0.40220001339912415,0.40689900517463684,0.4000999927520752,0.4000999927520752,15672,0.0,0.0
2024-06-21 13:25:00-04:00,0.4000999927520752,0.40354999899864197,0.4000999927520752,0.4000999927520752,5178,0.0,0.0
2024-06-21 13:30:00-04:00,0.4000999927520752,0.4011000096797943,0.392300009727478,0.392300009727478,9675,0.0,0.0
2024-06-21 13:35:00-04:00,0.392300009727478,0.4009999930858612,0.392300009727478,0.4009999930858612,5472,0.0,0.0
2024-06-21 13:40:00-04:00,0.392300009727478,0.4018999934196472,0.392300009727478,0.392300009727478,7028,0.0,0.0
2024-06-21 13:45:00-04:00,0.392300009727478,0.4018999934196472,0.392300009727478,0.392300009727478,7824,0.0,0.0
2024-06-21 13:50:00-04:00,0.392300009727478,0.4018999934196472,0.392300009727478,0.392300009727478,3371,0.0,0.0
2024-06-21 13:55:00-04:00,0.392300009727478,0.3971000015735626,0.392300009727478,0.392300009727478,8930,0.0,0.0
2024-06-21 14:00:00-04:00,0.3971000015735626,0.4018000066280365,0.392300009727478,0.39704999327659607,6538,0.0,0.0
2024-06-21 14:05:00-04:00,0.392300009727478,0.4018000066280365,0.392300009727478,0.39704999327659607,8902,0.0,0.0
2024-06-21 14:10:00-04:00,0.4018000066280365,0.4018000066280365,0.392300009727478,0.39704999327659607,5763,0.0,0.0
2024-06-21 14:15:00-04:00,0.39969998598098755,0.4016999900341034,0.392300009727478,0.4016999900341034,9722,0.0,0.0
2024-06-21 14:20:00-04:00,0.3970000147819519,0.39899998903274536,0.392300009727478,0.392300009727478,8013,0.0,0.0
2024-06-21 14:25:00-04:00,0.39559999108314514,0.39890000224113464,0.392300009727478,0.39250001311302185,11153,0.0,0.0
2024-06-21 14:30:00-04:00,0.39890000224113464,0.39890000224113464,0.39259999990463257,0.39259999990463257,11725,0.0,0.0
2024-06-21 14:35:00-04:00,0.39259999990463257,0.39890000224113464,0.38679999113082886,0.38679999113082886,19842,0.0,0.0
2024-06-21 14:40:00-04:00,0.39879998564720154,0.39879998564720154,0.38119998574256897,0.3813000023365021,11602,0.0,0.0
2024-06-21 14:45:00-04:00,0.3813000023365021,0.39730000495910645,0.3813000023365021,0.3896999955177307,7691,0.0,0.0
2024-06-21 14:50:00-04:00,0.3896999955177307,0.3896999955177307,0.3774999976158142,0.3774999976158142,48716,0.0,0.0
2024-06-21 14:55:00-04:00,0.3774999976158142,0.38359999656677246,0.3774999976158142,0.38040000200271606,50515,0.0,0.0
2024-06-21 15:00:00-04:00,0.38260000944137573,0.3831999897956848,0.3783999979496002,0.3811500072479248,31766,0.0,0.0
2024-06-21 15:05:00-04:00,0.3811489939689636,0.38359999656677246,0.37880000472068787,0.38190001249313354,47288,0.0,0.0
2024-06-21 15:10:00-04:00,0.3819499909877777,0.38510000705718994,0.38029998540878296,0.38339999318122864,31021,0.0,0.0
2024-06-21 15:15:00-04:00,0.38339999318122864,0.38510000705718994,0.38339999318122864,0.38499999046325684,12402,0.0,0.0
2024-06-21 15:20:00-04:00,0.38499999046325684,0.3850499987602234,0.3817000091075897,0.38280001282691956,34120,0.0,0.0
2024-06-21 15:25:00-04:00,0.38260000944137573,0.38359999656677246,0.3799999952316284,0.38179999589920044,19819,0.0,0.0
2024-06-21 15:30:00-04:00,0.38179999589920044,0.38359999656677246,0.3799999952316284,0.3801000118255615,17347,0.0,0.0
2024-06-21 15:35:00-04:00,0.3801000118255615,0.38359999656677246,0.3799999952316284,0.38179999589920044,27656,0.0,0.0
2024-06-21 15:40:00-04:00,0.3799999952316284,0.38349899649620056,0.37630000710487366,0.3781000077724457,29527,0.0,0.0
2024-06-21 15:45:00-04:00,0.37720000743865967,0.3781000077724457,0.37560001015663147,0.37560001015663147,75413,0.0,0.0
2024-06-21 15:50:00-04:00,0.37770000100135803,0.37770000100135803,0.37470000982284546,0.3752000033855438,110758,0.0,0.0
2024-06-21 15:55:00-04:00,0.3741999864578247,0.3752000033855438,0.36000001430511475,0.36889898777008057,321790,0.0,0.0
