Datetime,Open,High,Low,Close,Volume,Dividends,Stock Splits
2022-07-14 09:30:00-04:00,22.799999237060547,22.8700008392334,22.739999771118164,22.8700008392334,0,0.0,0.0
2022-07-14 10:30:00-04:00,22.940000534057617,22.940000534057617,22.780000686645508,22.780000686645508,14917,0.0,0.0
2022-07-14 11:30:00-04:00,22.790000915527344,22.860000610351562,22.760000228881836,22.770000457763672,4607,0.0,0.0
2022-07-14 12:30:00-04:00,22.770000457763672,22.770000457763672,22.679000854492188,22.770000457763672,7050,0.0,0.0
2022-07-14 13:30:00-04:00,22.75,22.899999618530273,22.700000762939453,22.899999618530273,6997,0.0,0.0
2022-07-14 14:30:00-04:00,22.93000030517578,22.989999771118164,22.8700008392334,22.885000228881836,11619,0.0,0.0
2022-07-14 15:30:00-04:00,22.8799991607666,22.90999984741211,22.809999465942383,22.8799991607666,18282,0.0,0.0
2022-07-15 09:30:00-04:00,23.270000457763672,23.469999313354492,23.079999923706055,23.43000030517578,0,0.0,0.0
2022-07-15 10:30:00-04:00,23.43000030517578,23.520000457763672,23.350000381469727,23.5,13895,0.0,0.0
2022-07-15 11:30:00-04:00,23.469999313354492,23.68000030517578,23.469999313354492,23.635000228881836,9932,0.0,0.0
2022-07-15 12:30:00-04:00,23.639999389648438,23.760000228881836,23.594999313354492,23.760000228881836,11790,0.0,0.0
2022-07-15 13:30:00-04:00,23.770000457763672,23.770000457763672,23.704999923706055,23.770000457763672,9381,0.0,0.0
2022-07-15 14:30:00-04:00,23.770000457763672,23.799999237060547,23.729999542236328,23.729999542236328,12688,0.0,0.0
2022-07-15 15:30:00-04:00,23.719999313354492,23.760000228881836,23.65999984741211,23.75,32750,0.0,0.0
2022-07-18 09:30:00-04:00,23.959999084472656,24.18000030517578,23.84000015258789,23.90999984741211,11649,0.0,0.0
2022-07-18 10:30:00-04:00,23.959999084472656,23.975000381469727,23.899999618530273,23.940000534057617,6048,0.0,0.0
2022-07-18 11:30:00-04:00,23.959999084472656,24.0,23.915000915527344,23.94499969482422,6301,0.0,0.0
2022-07-18 12:30:00-04:00,23.93000030517578,23.93000030517578,23.799999237060547,23.81999969482422,4563,0.0,0.0
2022-07-18 13:30:00-04:00,23.809999465942383,23.809999465942383,23.649999618530273,23.649999618530273,7071,0.0,0.0
2022-07-18 14:30:00-04:00,23.639999389648438,23.780000686645508,23.6200008392334,23.739999771118164,8176,0.0,0.0
2022-07-18 15:30:00-04:00,23.709999084472656,23.719999313354492,23.6200008392334,23.639999389648438,22902,0.0,0.0
2022-07-19 09:30:00-04:00,23.75,24.219999313354492,23.729999542236328,24.170000076293945,19035,0.0,0.0
2022-07-19 10:30:00-04:00,24.190000534057617,24.219999313354492,24.104999542236328,24.15999984741211,8510,0.0,0.0
2022-07-19 11:30:00-04:00,24.190000534057617,24.229999542236328,24.149999618530273,24.229999542236328,4988,0.0,0.0
2022-07-19 12:30:00-04:00,24.225000381469727,24.290000915527344,24.225000381469727,24.270000457763672,7342,0.0,0.0
2022-07-19 13:30:00-04:00,24.25,24.344999313354492,24.2450008392334,24.309999465942383,6778,0.0,0.0
2022-07-19 14:30:00-04:00,24.290000915527344,24.3799991607666,24.290000915527344,24.360000610351562,9228,0.0,0.0
2022-07-19 15:30:00-04:00,24.350000381469727,24.350000381469727,24.200000762939453,24.209999084472656,18939,0.0,0.0
2022-07-20 09:30:00-04:00,24.18000030517578,24.3174991607666,24.059999465942383,24.1299991607666,12095,0.0,0.0
2022-07-20 10:30:00-04:00,24.1299991607666,24.288999557495117,24.1299991607666,24.229999542236328,9536,0.0,0.0
2022-07-20 11:30:00-04:00,24.229999542236328,24.260000228881836,24.190000534057617,24.239999771118164,3607,0.0,0.0
2022-07-20 12:30:00-04:00,24.219999313354492,24.239999771118164,24.110000610351562,24.209999084472656,7436,0.0,0.0
2022-07-20 13:30:00-04:00,24.190000534057617,24.309999465942383,24.184999465942383,24.299999237060547,8288,0.0,0.0
2022-07-20 14:30:00-04:00,24.28019905090332,24.399999618530273,24.28019905090332,24.399999618530273,10308,0.0,0.0
2022-07-20 15:30:00-04:00,24.399999618530273,24.46500015258789,24.3700008392334,24.3799991607666,22124,0.0,0.0
2022-07-21 09:30:00-04:00,24.010000228881836,24.399999618530273,23.889999389648438,23.889999389648438,22190,0.0,0.0
2022-07-21 10:30:00-04:00,23.899999618530273,23.989999771118164,23.899999618530273,23.989999771118164,5731,0.0,0.0
2022-07-21 11:30:00-04:00,24.020000457763672,24.09000015258789,24.020000457763672,24.079999923706055,2685,0.0,0.0
2022-07-21 12:30:00-04:00,24.1200008392334,24.18000030517578,24.1200008392334,24.174999237060547,3137,0.0,0.0
2022-07-21 13:30:00-04:00,24.149999618530273,24.15999984741211,24.079999923706055,24.1200008392334,4717,0.0,0.0
2022-07-21 14:30:00-04:00,24.114999771118164,24.1200008392334,24.049999237060547,24.09000015258789,8967,0.0,0.0
2022-07-21 15:30:00-04:00,24.059999465942383,24.260000228881836,24.020000457763672,24.260000228881836,22769,0.0,0.0
2022-07-22 09:30:00-04:00,24.18000030517578,24.469999313354492,23.920000076293945,24.104999542236328,16362,0.0,0.0
2022-07-22 10:30:00-04:00,24.110000610351562,24.299999237060547,24.110000610351562,24.260000228881836,4265,0.0,0.0
2022-07-22 11:30:00-04:00,24.299999237060547,24.3799991607666,24.25,24.309999465942383,13513,0.0,0.0
2022-07-22 12:30:00-04:00,24.3799991607666,24.3799991607666,24.18000030517578,24.18000030517578,8264,0.0,0.0
2022-07-22 13:30:00-04:00,24.15999984741211,24.15999984741211,24.079999923706055,24.09000015258789,8655,0.0,0.0
2022-07-22 14:30:00-04:00,24.100000381469727,24.170000076293945,24.09000015258789,24.110000610351562,8119,0.0,0.0
2022-07-22 15:30:00-04:00,24.110000610351562,24.260000228881836,24.090999603271484,24.260000228881836,14232,0.0,0.0
2022-07-25 09:30:00-04:00,24.420000076293945,24.649999618530273,24.049999237060547,24.600000381469727,21921,0.0,0.0
2022-07-25 10:30:00-04:00,24.6299991607666,24.6299991607666,24.56999969482422,24.604999542236328,6053,0.0,0.0
2022-07-25 11:30:00-04:00,24.610000610351562,24.71500015258789,24.600000381469727,24.614999771118164,7509,0.0,0.0
2022-07-25 12:30:00-04:00,24.684999465942383,24.799999237060547,24.670000076293945,24.78499984741211,13516,0.0,0.0
2022-07-25 13:30:00-04:00,24.78499984741211,24.78499984741211,24.68000030517578,24.729999542236328,8876,0.0,0.0
2022-07-25 14:30:00-04:00,24.735000610351562,24.8700008392334,24.719999313354492,24.809999465942383,14090,0.0,0.0
2022-07-25 15:30:00-04:00,24.829999923706055,24.850000381469727,24.760000228881836,24.809999465942383,23237,0.0,0.0
2022-07-26 09:30:00-04:00,24.56999969482422,24.8799991607666,24.56999969482422,24.829999923706055,4644,0.0,0.0
2022-07-26 10:30:00-04:00,24.899999618530273,24.969999313354492,24.889999389648438,24.90999984741211,5291,0.0,0.0
2022-07-26 11:30:00-04:00,24.899999618530273,24.899999618530273,24.75,24.799999237060547,7681,0.0,0.0
2022-07-26 12:30:00-04:00,24.729999542236328,24.850000381469727,24.729999542236328,24.850000381469727,5539,0.0,0.0
2022-07-26 13:30:00-04:00,24.81999969482422,24.829999923706055,24.75,24.75,6744,0.0,0.0
2022-07-26 14:30:00-04:00,24.760000228881836,24.780000686645508,24.729999542236328,24.729999542236328,6553,0.0,0.0
2022-07-26 15:30:00-04:00,24.719999313354492,24.809999465942383,24.68000030517578,24.790000915527344,25435,0.0,0.0
2022-07-27 09:30:00-04:00,24.700000762939453,24.889999389648438,23.674999237060547,24.280000686645508,26796,0.0,0.0
2022-07-27 10:30:00-04:00,24.270000457763672,24.280000686645508,24.149999618530273,24.190000534057617,8379,0.0,0.0
2022-07-27 11:30:00-04:00,24.170000076293945,24.170000076293945,23.940000534057617,23.959999084472656,16906,0.0,0.0
2022-07-27 12:30:00-04:00,23.969999313354492,24.067800521850586,23.969999313354492,24.040000915527344,6409,0.0,0.0
2022-07-27 13:30:00-04:00,24.049999237060547,24.170000076293945,24.049999237060547,24.100000381469727,12028,0.0,0.0
2022-07-27 14:30:00-04:00,24.06999969482422,24.5,24.040000915527344,24.5,23155,0.0,0.0
2022-07-27 15:30:00-04:00,24.489999771118164,24.530000686645508,24.40999984741211,24.40999984741211,51908,0.0,0.0
2022-07-28 09:30:00-04:00,24.56999969482422,24.80699920654297,24.299999237060547,24.299999237060547,24971,0.0,0.0
2022-07-28 10:30:00-04:00,24.358999252319336,24.358999252319336,24.18000030517578,24.25,8107,0.0,0.0
2022-07-28 11:30:00-04:00,24.239999771118164,24.309999465942383,24.219999313354492,24.290000915527344,18224,0.0,0.0
2022-07-28 12:30:00-04:00,24.309999465942383,24.31999969482422,24.2450008392334,24.260000228881836,22646,0.0,0.0
2022-07-28 13:30:00-04:00,24.270000457763672,24.309999465942383,24.264999389648438,24.280000686645508,17414,0.0,0.0
2022-07-28 14:30:00-04:00,24.309999465942383,24.40999984741211,24.235000610351562,24.40999984741211,23150,0.0,0.0
2022-07-28 15:30:00-04:00,24.40999984741211,24.40999984741211,24.280000686645508,24.31999969482422,20888,0.0,0.0
2022-07-29 09:30:00-04:00,24.459999084472656,24.733400344848633,24.459999084472656,24.65999984741211,17875,0.0,0.0
2022-07-29 10:30:00-04:00,24.639999389648438,24.709999084472656,24.639999389648438,24.649999618530273,8031,0.0,0.0
2022-07-29 11:30:00-04:00,24.649999618530273,24.700000762939453,24.639999389648438,24.700000762939453,6237,0.0,0.0
2022-07-29 12:30:00-04:00,24.700000762939453,24.75,24.700000762939453,24.75,4548,0.0,0.0
2022-07-29 13:30:00-04:00,24.795000076293945,24.850000381469727,24.739999771118164,24.739999771118164,7545,0.0,0.0
2022-07-29 14:30:00-04:00,24.770000457763672,24.770000457763672,24.450000762939453,24.739999771118164,94515,0.0,0.0
2022-07-29 15:30:00-04:00,24.725000381469727,24.725000381469727,24.610000610351562,24.6299991607666,59695,0.0,0.0
2022-08-01 09:30:00-04:00,24.780000686645508,24.860000610351562,24.440000534057617,24.579999923706055,15924,0.0,0.0
2022-08-01 10:30:00-04:00,24.56999969482422,24.770000457763672,24.56999969482422,24.700000762939453,8374,0.0,0.0
2022-08-01 11:30:00-04:00,24.6875,24.690000534057617,24.540000915527344,24.65999984741211,7808,0.0,0.0
2022-08-01 12:30:00-04:00,24.639999389648438,24.8700008392334,24.639999389648438,24.799999237060547,21168,0.0,0.0
2022-08-01 13:30:00-04:00,24.75,24.799999237060547,24.719999313354492,24.770000457763672,5389,0.0,0.0
2022-08-01 14:30:00-04:00,24.799999237060547,24.969999313354492,24.780000686645508,24.885000228881836,11675,0.0,0.0
2022-08-01 15:30:00-04:00,24.899999618530273,24.920000076293945,24.690000534057617,24.739999771118164,31279,0.0,0.0
2022-08-02 09:30:00-04:00,24.700000762939453,24.700000762939453,24.389999389648438,24.389999389648438,25734,0.0,0.0
2022-08-02 10:30:00-04:00,24.450000762939453,24.459999084472656,24.395000457763672,24.459999084472656,11881,0.0,0.0
2022-08-02 11:30:00-04:00,24.469999313354492,24.549999237060547,24.460100173950195,24.549999237060547,23395,0.0,0.0
2022-08-02 12:30:00-04:00,24.530000686645508,24.549999237060547,24.450000762939453,24.450000762939453,6340,0.0,0.0
2022-08-02 13:30:00-04:00,24.40999984741211,24.450000762939453,24.3799991607666,24.450000762939453,3456,0.0,0.0
2022-08-02 14:30:00-04:00,24.479999542236328,24.479999542236328,24.389999389648438,24.450000762939453,6601,0.0,0.0
2022-08-02 15:30:00-04:00,24.43000030517578,24.459999084472656,24.290000915527344,24.290000915527344,12397,0.0,0.0
2022-08-03 09:30:00-04:00,24.3799991607666,24.540000915527344,24.219999313354492,24.325000762939453,0,0.0,0.0
2022-08-03 10:30:00-04:00,24.31999969482422,24.32900047302246,24.219999313354492,24.290000915527344,8697,0.0,0.0
2022-08-03 11:30:00-04:00,24.280000686645508,24.3799991607666,24.25,24.329999923706055,13926,0.0,0.0
2022-08-03 12:30:00-04:00,24.329999923706055,24.459999084472656,24.329999923706055,24.399999618530273,7813,0.0,0.0
2022-08-03 13:30:00-04:00,24.440000534057617,24.530000686645508,24.43000030517578,24.46500015258789,7553,0.0,0.0
2022-08-03 14:30:00-04:00,24.450000762939453,24.530000686645508,24.450000762939453,24.530000686645508,10380,0.0,0.0
2022-08-03 15:30:00-04:00,24.530000686645508,24.530000686645508,24.459999084472656,24.479999542236328,26393,0.0,0.0
2022-08-04 09:30:00-04:00,24.559999465942383,24.559999465942383,24.309999465942383,24.40999984741211,4697,0.0,0.0
2022-08-04 10:30:00-04:00,24.469999313354492,24.469999313354492,24.309999465942383,24.309999465942383,7821,0.0,0.0
2022-08-04 11:30:00-04:00,24.290000915527344,24.290000915527344,24.149999618530273,24.190000534057617,9612,0.0,0.0
2022-08-04 12:30:00-04:00,24.170000076293945,24.18000030517578,24.09000015258789,24.114999771118164,17510,0.0,0.0
2022-08-04 13:30:00-04:00,24.1299991607666,24.1299991607666,24.049999237060547,24.049999237060547,13439,0.0,0.0
2022-08-04 14:30:00-04:00,24.049999237060547,24.135000228881836,24.010000228881836,24.125,21427,0.0,0.0
2022-08-04 15:30:00-04:00,24.110000610351562,24.170000076293945,24.049999237060547,24.1299991607666,42431,0.0,0.0
2022-08-05 09:30:00-04:00,24.079999923706055,24.260000228881836,24.079999923706055,24.1299991607666,5612,0.0,0.0
2022-08-05 10:30:00-04:00,24.139999389648438,24.204999923706055,24.079999923706055,24.18000030517578,9832,0.0,0.0
2022-08-05 11:30:00-04:00,24.149999618530273,24.18000030517578,24.075000762939453,24.100000381469727,4192,0.0,0.0
2022-08-05 12:30:00-04:00,24.1200008392334,24.229999542236328,24.1200008392334,24.170000076293945,4778,0.0,0.0
2022-08-05 13:30:00-04:00,24.15999984741211,24.235000610351562,24.149999618530273,24.170000076293945,5085,0.0,0.0
2022-08-05 14:30:00-04:00,24.190000534057617,24.270000457763672,24.18000030517578,24.239999771118164,12405,0.0,0.0
2022-08-05 15:30:00-04:00,24.229999542236328,24.229999542236328,24.110000610351562,24.110000610351562,22750,0.0,0.0
2022-08-08 09:30:00-04:00,24.34000015258789,24.34000015258789,24.049999237060547,24.170000076293945,10445,0.0,0.0
2022-08-08 10:30:00-04:00,24.25,24.329999923706055,24.1200008392334,24.1200008392334,5633,0.0,0.0
2022-08-08 11:30:00-04:00,24.1200008392334,24.1299991607666,24.030000686645508,24.03499984741211,7603,0.0,0.0
2022-08-08 12:30:00-04:00,24.040000915527344,24.1200008392334,24.030000686645508,24.079999923706055,6814,0.0,0.0
2022-08-08 13:30:00-04:00,24.059999465942383,24.059999465942383,23.969999313354492,23.989999771118164,7181,0.0,0.0
2022-08-08 14:30:00-04:00,24.020000457763672,24.139999389648438,23.96500015258789,24.1200008392334,12840,0.0,0.0
2022-08-08 15:30:00-04:00,24.125,24.15999984741211,24.010000228881836,24.010000228881836,37543,0.0,0.0
2022-08-09 09:30:00-04:00,24.18000030517578,24.219999313354492,24.059999465942383,24.09000015258789,8968,0.0,0.0
2022-08-09 10:30:00-04:00,24.101499557495117,24.101499557495117,24.040000915527344,24.049999237060547,4312,0.0,0.0
2022-08-09 11:30:00-04:00,24.040000915527344,24.040000915527344,23.979999542236328,23.989999771118164,3384,0.0,0.0
2022-08-09 12:30:00-04:00,23.959999084472656,24.045000076293945,23.959999084472656,23.989999771118164,15224,0.0,0.0
2022-08-09 13:30:00-04:00,24.024999618530273,24.026100158691406,23.950000762939453,23.950000762939453,4711,0.0,0.0
2022-08-09 14:30:00-04:00,23.920000076293945,24.0,23.900100708007812,23.920000076293945,17380,0.0,0.0
2022-08-09 15:30:00-04:00,23.924999237060547,24.139999389648438,23.90999984741211,24.139999389648438,22467,0.0,0.0
2022-08-10 09:30:00-04:00,24.309999465942383,24.57859992980957,24.13050079345703,24.44499969482422,8953,0.0,0.0
2022-08-10 10:30:00-04:00,24.450000762939453,24.450000762939453,24.309999465942383,24.309999465942383,13437,0.0,0.0
2022-08-10 11:30:00-04:00,24.329999923706055,24.399999618530273,24.260000228881836,24.399999618530273,10351,0.0,0.0
2022-08-10 12:30:00-04:00,24.395000457763672,24.40999984741211,24.329999923706055,24.368999481201172,10570,0.0,0.0
2022-08-10 13:30:00-04:00,24.358999252319336,24.40999984741211,24.290000915527344,24.375,15885,0.0,0.0
2022-08-10 14:30:00-04:00,24.350000381469727,24.3799991607666,24.280000686645508,24.31999969482422,81415,0.0,0.0
2022-08-10 15:30:00-04:00,24.31999969482422,24.415000915527344,24.299999237060547,24.299999237060547,45853,0.0,0.0
2022-08-11 09:30:00-04:00,24.43000030517578,24.59000015258789,24.389999389648438,24.399999618530273,11971,0.0,0.0
2022-08-11 10:30:00-04:00,24.399999618530273,24.415000915527344,24.360000610351562,24.389999389648438,11219,0.0,0.0
2022-08-11 11:30:00-04:00,24.360000610351562,24.489999771118164,24.329999923706055,24.489999771118164,27198,0.0,0.0
2022-08-11 12:30:00-04:00,24.489999771118164,24.610000610351562,24.489999771118164,24.540000915527344,6260,0.0,0.0
2022-08-11 13:30:00-04:00,24.545000076293945,24.549999237060547,24.389999389648438,24.450000762939453,17714,0.0,0.0
2022-08-11 14:30:00-04:00,24.469999313354492,24.5,24.399999618530273,24.485000610351562,15715,0.0,0.0
2022-08-11 15:30:00-04:00,24.5,24.520000457763672,24.389999389648438,24.479999542236328,45888,0.0,0.0
2022-08-12 09:30:00-04:00,24.700000762939453,24.718299865722656,24.56999969482422,24.604999542236328,6707,0.0,0.0
2022-08-12 10:30:00-04:00,24.604999542236328,24.78499984741211,24.59000015258789,24.78499984741211,17035,0.0,0.0
2022-08-12 11:30:00-04:00,24.770000457763672,24.940000534057617,24.739999771118164,24.920000076293945,34221,0.0,0.0
2022-08-12 12:30:00-04:00,24.920000076293945,24.920000076293945,24.860000610351562,24.889999389648438,11475,0.0,0.0
2022-08-12 13:30:00-04:00,24.889999389648438,24.915000915527344,24.8700008392334,24.899999618530273,7961,0.0,0.0
2022-08-12 14:30:00-04:00,24.885000228881836,24.950000762939453,24.8799991607666,24.940000534057617,21284,0.0,0.0
2022-08-12 15:30:00-04:00,24.950000762939453,24.959999084472656,24.889999389648438,24.899999618530273,42976,0.0,0.0
2022-08-15 09:30:00-04:00,24.81999969482422,24.837499618530273,24.760000228881836,24.780000686645508,8355,0.0,0.0
2022-08-15 10:30:00-04:00,24.81999969482422,24.88599967956543,24.81999969482422,24.8700008392334,5140,0.0,0.0
2022-08-15 11:30:00-04:00,24.889999389648438,25.09000015258789,24.889999389648438,25.079999923706055,10175,0.0,0.0
2022-08-15 12:30:00-04:00,25.059999465942383,25.100000381469727,25.030000686645508,25.030000686645508,13783,0.0,0.0
2022-08-15 13:30:00-04:00,25.030000686645508,25.045000076293945,24.959999084472656,24.969999313354492,10351,0.0,0.0
2022-08-15 14:30:00-04:00,24.989999771118164,25.010000228881836,24.979999542236328,25.0049991607666,15804,0.0,0.0
2022-08-15 15:30:00-04:00,25.0,25.020000457763672,24.989999771118164,24.989999771118164,51636,0.0,0.0
2022-08-16 09:30:00-04:00,25.06999969482422,25.139999389648438,24.940000534057617,25.100000381469727,17044,0.0,0.0
2022-08-16 10:30:00-04:00,25.100000381469727,25.100000381469727,25.040000915527344,25.100000381469727,4281,0.0,0.0
2022-08-16 11:30:00-04:00,25.059999465942383,25.174999237060547,25.049999237060547,25.174999237060547,28035,0.0,0.0
2022-08-16 12:30:00-04:00,25.190000534057617,25.209999084472656,25.1200008392334,25.1299991607666,8998,0.0,0.0
2022-08-16 13:30:00-04:00,25.1299991607666,25.200000762939453,25.1200008392334,25.18000030517578,10790,0.0,0.0
2022-08-16 14:30:00-04:00,25.170000076293945,25.170000076293945,25.079999923706055,25.149999618530273,13748,0.0,0.0
2022-08-16 15:30:00-04:00,25.149999618530273,25.25,25.100000381469727,25.239999771118164,25908,0.0,0.0
2022-08-17 09:30:00-04:00,25.18000030517578,25.18000030517578,24.67009925842285,24.8700008392334,13474,0.0,0.0
2022-08-17 10:30:00-04:00,24.8700008392334,24.8700008392334,24.7450008392334,24.75,14221,0.0,0.0
2022-08-17 11:30:00-04:00,24.729999542236328,24.739999771118164,24.59000015258789,24.700000762939453,8816,0.0,0.0
2022-08-17 12:30:00-04:00,24.700000762939453,24.729999542236328,24.649999618530273,24.719999313354492,11705,0.0,0.0
2022-08-17 13:30:00-04:00,24.709999084472656,24.915000915527344,24.709999084472656,24.850000381469727,14004,0.0,0.0
2022-08-17 14:30:00-04:00,24.8799991607666,24.920000076293945,24.75,24.799999237060547,12017,0.0,0.0
2022-08-17 15:30:00-04:00,24.799999237060547,24.829999923706055,24.75,24.780000686645508,15176,0.0,0.0
2022-08-18 09:30:00-04:00,24.739999771118164,24.84000015258789,24.739999771118164,24.84000015258789,2665,0.0,0.0
2022-08-18 10:30:00-04:00,24.860000610351562,24.860000610351562,24.790000915527344,24.799999237060547,2992,0.0,0.0
2022-08-18 11:30:00-04:00,24.850000381469727,24.860000610351562,24.81999969482422,24.84000015258789,2119,0.0,0.0
2022-08-18 12:30:00-04:00,24.780000686645508,24.790000915527344,24.760000228881836,24.790000915527344,5409,0.0,0.0
2022-08-18 13:30:00-04:00,24.795000076293945,24.860000610351562,24.780000686645508,24.850000381469727,4318,0.0,0.0
2022-08-18 14:30:00-04:00,24.829999923706055,24.969999313354492,24.829999923706055,24.959999084472656,6396,0.0,0.0
2022-08-18 15:30:00-04:00,24.959999084472656,24.979999542236328,24.889999389648438,24.889999389648438,12421,0.0,0.0
2022-08-19 09:30:00-04:00,24.829999923706055,24.829999923706055,24.68000030517578,24.690000534057617,14270,0.0,0.0
2022-08-19 10:30:00-04:00,24.68000030517578,24.68000030517578,24.520000457763672,24.520000457763672,3709,0.0,0.0
2022-08-19 11:30:00-04:00,24.540000915527344,24.59000015258789,24.540000915527344,24.579999923706055,2591,0.0,0.0
2022-08-19 12:30:00-04:00,24.59000015258789,24.68000030517578,24.584999084472656,24.600000381469727,5671,0.0,0.0
2022-08-19 13:30:00-04:00,24.579999923706055,24.579999923706055,24.540000915527344,24.56999969482422,6524,0.0,0.0
2022-08-19 14:30:00-04:00,24.579999923706055,24.579999923706055,24.450000762939453,24.510000228881836,7656,0.0,0.0
2022-08-19 15:30:00-04:00,24.5,24.6200008392334,24.5,24.604999542236328,12470,0.0,0.0
2022-08-22 09:30:00-04:00,24.34000015258789,24.350000381469727,24.200000762939453,24.239999771118164,6173,0.0,0.0
2022-08-22 10:30:00-04:00,24.219999313354492,24.260000228881836,24.17099952697754,24.239999771118164,4643,0.0,0.0
2022-08-22 11:30:00-04:00,24.219999313354492,24.219999313354492,24.149999618530273,24.190000534057617,3855,0.0,0.0
2022-08-22 12:30:00-04:00,24.209999084472656,24.219999313354492,24.149999618530273,24.149999618530273,4472,0.0,0.0
2022-08-22 13:30:00-04:00,24.15999984741211,24.15999984741211,24.059999465942383,24.110000610351562,9784,0.0,0.0
2022-08-22 14:30:00-04:00,24.100000381469727,24.1299991607666,24.020000457763672,24.049999237060547,10070,0.0,0.0
2022-08-22 15:30:00-04:00,24.06999969482422,24.190000534057617,24.049999237060547,24.149999618530273,17194,0.0,0.0
2022-08-23 09:30:00-04:00,24.260000228881836,24.309999465942383,24.100000381469727,24.139999389648438,5794,0.0,0.0
2022-08-23 10:30:00-04:00,24.139999389648438,24.21500015258789,24.100000381469727,24.100000381469727,4769,0.0,0.0
2022-08-23 11:30:00-04:00,24.1200008392334,24.139999389648438,24.010000228881836,24.030000686645508,3741,0.0,0.0
2022-08-23 12:30:00-04:00,24.040000915527344,24.059999465942383,23.979999542236328,23.989999771118164,12900,0.0,0.0
2022-08-23 13:30:00-04:00,23.979999542236328,24.0,23.889999389648438,23.905000686645508,7687,0.0,0.0
2022-08-23 14:30:00-04:00,23.889999389648438,23.889999389648438,23.829999923706055,23.834999084472656,5737,0.0,0.0
2022-08-23 15:30:00-04:00,23.834999084472656,23.850000381469727,23.780000686645508,23.780000686645508,11403,0.0,0.0
2022-08-24 09:30:00-04:00,23.790000915527344,23.790000915527344,23.510000228881836,23.56999969482422,8900,0.0,0.0
2022-08-24 10:30:00-04:00,23.575000762939453,23.690000534057617,23.575000762939453,23.690000534057617,7608,0.0,0.0
2022-08-24 11:30:00-04:00,23.700000762939453,23.704999923706055,23.6299991607666,23.6299991607666,4539,0.0,0.0
2022-08-24 12:30:00-04:00,23.610000610351562,23.610000610351562,23.530000686645508,23.55500030517578,1660,0.0,0.0
2022-08-24 13:30:00-04:00,23.540000915527344,23.540000915527344,23.489999771118164,23.5,9615,0.0,0.0
2022-08-24 14:30:00-04:00,23.489999771118164,23.6200008392334,23.489999771118164,23.610000610351562,10129,0.0,0.0
2022-08-24 15:30:00-04:00,23.610000610351562,23.635000228881836,23.559999465942383,23.59000015258789,18836,0.0,0.0
2022-08-25 09:30:00-04:00,23.600000381469727,23.80500030517578,23.399999618530273,23.80500030517578,19612,0.0,0.0
2022-08-25 10:30:00-04:00,23.8700008392334,23.905000686645508,23.790000915527344,23.790000915527344,3445,0.0,0.0
2022-08-25 11:30:00-04:00,23.809999465942383,23.809999465942383,23.739999771118164,23.739999771118164,2360,0.0,0.0
2022-08-25 12:30:00-04:00,23.670000076293945,23.670000076293945,23.600000381469727,23.6299991607666,2463,0.0,0.0
2022-08-25 13:30:00-04:00,23.635000228881836,23.700000762939453,23.635000228881836,23.690000534057617,4057,0.0,0.0
2022-08-25 14:30:00-04:00,23.68000030517578,23.799999237060547,23.68000030517578,23.770000457763672,5151,0.0,0.0
2022-08-25 15:30:00-04:00,23.774999618530273,23.850000381469727,23.729999542236328,23.84000015258789,31905,0.0,0.0
2022-08-26 09:30:00-04:00,23.860000610351562,24.049999237060547,23.670000076293945,23.670000076293945,6316,0.0,0.0
2022-08-26 10:30:00-04:00,23.6299991607666,23.65999984741211,23.56999969482422,23.59000015258789,4587,0.0,0.0
2022-08-26 11:30:00-04:00,23.520000457763672,23.670000076293945,23.520000457763672,23.639999389648438,12049,0.0,0.0
2022-08-26 12:30:00-04:00,23.639999389648438,23.75,23.6299991607666,23.75,13914,0.0,0.0
2022-08-26 13:30:00-04:00,23.75,23.790000915527344,23.709999084472656,23.780000686645508,15059,0.0,0.0
2022-08-26 14:30:00-04:00,23.780000686645508,23.790000915527344,23.760000228881836,23.760000228881836,17390,0.0,0.0
2022-08-26 15:30:00-04:00,23.760000228881836,23.780000686645508,23.6299991607666,23.719999313354492,29332,0.0,0.0
2022-08-29 09:30:00-04:00,23.81999969482422,23.81999969482422,23.329999923706055,23.440000534057617,13746,0.0,0.0
2022-08-29 10:30:00-04:00,23.434999465942383,23.450000762939453,23.290000915527344,23.43000030517578,9856,0.0,0.0
2022-08-29 11:30:00-04:00,23.450000762939453,23.469999313354492,23.270000457763672,23.334999084472656,22030,0.0,0.0
2022-08-29 12:30:00-04:00,23.334999084472656,23.360000610351562,23.25,23.25,6936,0.0,0.0
2022-08-29 13:30:00-04:00,23.2450008392334,23.329999923706055,23.149999618530273,23.149999618530273,11214,0.0,0.0
2022-08-29 14:30:00-04:00,23.149999618530273,23.229999542236328,23.1299991607666,23.1299991607666,10210,0.0,0.0
2022-08-29 15:30:00-04:00,23.1299991607666,23.219999313354492,23.100000381469727,23.1200008392334,18838,0.0,0.0
2022-08-30 09:30:00-04:00,23.31999969482422,23.31999969482422,23.0,23.06999969482422,9379,0.0,0.0
2022-08-30 10:30:00-04:00,22.990800857543945,23.139999389648438,22.93000030517578,23.139999389648438,12434,0.0,0.0
2022-08-30 11:30:00-04:00,23.139999389648438,23.209999084472656,23.1299991607666,23.18000030517578,2971,0.0,0.0
2022-08-30 12:30:00-04:00,23.139999389648438,23.149999618530273,23.0,23.020000457763672,7463,0.0,0.0
2022-08-30 13:30:00-04:00,23.049999237060547,23.100000381469727,23.010000228881836,23.100000381469727,6816,0.0,0.0
2022-08-30 14:30:00-04:00,23.09000015258789,23.170000076293945,23.06999969482422,23.1200008392334,20724,0.0,0.0
2022-08-30 15:30:00-04:00,23.1200008392334,23.229999542236328,23.100000381469727,23.200000762939453,21558,0.0,0.0
2022-08-31 09:30:00-04:00,23.18000030517578,23.604999542236328,23.09000015258789,23.110000610351562,13656,0.0,0.0
2022-08-31 10:30:00-04:00,23.1299991607666,23.19029998779297,23.100000381469727,23.18000030517578,3838,0.0,0.0
2022-08-31 11:30:00-04:00,23.170000076293945,23.200000762939453,23.094999313354492,23.094999313354492,3485,0.0,0.0
2022-08-31 12:30:00-04:00,23.155000686645508,23.15999984741211,23.09000015258789,23.110000610351562,5185,0.0,0.0
2022-08-31 13:30:00-04:00,23.12420082092285,23.1299991607666,23.020000457763672,23.03499984741211,5140,0.0,0.0
2022-08-31 14:30:00-04:00,23.024999618530273,23.09000015258789,22.959999084472656,23.05500030517578,6931,0.0,0.0
2022-08-31 15:30:00-04:00,23.06999969482422,23.100000381469727,22.989999771118164,23.010000228881836,19780,0.0,0.0
2022-09-01 09:30:00-04:00,23.1299991607666,23.1299991607666,22.719999313354492,23.0,9517,0.0,0.0
2022-09-01 10:30:00-04:00,22.989999771118164,23.040000915527344,22.920000076293945,22.969999313354492,6994,0.0,0.0
2022-09-01 11:30:00-04:00,22.969999313354492,23.09000015258789,22.969999313354492,23.059999465942383,6733,0.0,0.0
2022-09-01 12:30:00-04:00,23.020000457763672,23.020000457763672,22.875,22.959999084472656,7005,0.0,0.0
2022-09-01 13:30:00-04:00,22.940000534057617,22.940000534057617,22.829999923706055,22.920000076293945,6430,0.0,0.0
2022-09-01 14:30:00-04:00,22.90999984741211,22.969999313354492,22.864999771118164,22.8799991607666,9681,0.0,0.0
2022-09-01 15:30:00-04:00,22.8700008392334,23.059999465942383,22.8700008392334,23.030000686645508,23041,0.0,0.0
2022-09-02 09:30:00-04:00,23.1200008392334,23.270000457763672,23.06999969482422,23.15999984741211,4102,0.0,0.0
2022-09-02 10:30:00-04:00,23.209999084472656,23.34000015258789,23.209999084472656,23.34000015258789,4512,0.0,0.0
2022-09-02 11:30:00-04:00,23.350000381469727,23.350000381469727,23.200000762939453,23.200000762939453,8019,0.0,0.0
2022-09-02 12:30:00-04:00,23.200000762939453,23.233600616455078,22.93000030517578,22.950000762939453,6721,0.0,0.0
2022-09-02 13:30:00-04:00,22.940000534057617,22.989999771118164,22.90999984741211,22.950000762939453,6479,0.0,0.0
2022-09-02 14:30:00-04:00,22.959999084472656,22.959999084472656,22.81999969482422,22.84000015258789,12293,0.0,0.0
2022-09-02 15:30:00-04:00,22.809999465942383,22.90999984741211,22.729999542236328,22.90999984741211,17794,0.0,0.0
2022-09-06 09:30:00-04:00,22.969999313354492,22.969999313354492,22.65999984741211,22.719999313354492,13314,0.0,0.0
2022-09-06 10:30:00-04:00,22.709999084472656,22.790000915527344,22.65999984741211,22.745100021362305,10056,0.0,0.0
2022-09-06 11:30:00-04:00,22.6200008392334,22.760000228881836,22.545000076293945,22.545000076293945,8418,0.0,0.0
2022-09-06 12:30:00-04:00,22.530000686645508,22.670000076293945,22.510000228881836,22.6299991607666,14205,0.0,0.0
2022-09-06 13:30:00-04:00,22.639999389648438,22.760000228881836,22.639999389648438,22.75,19397,0.0,0.0
2022-09-06 14:30:00-04:00,22.75,22.75,22.5,22.5,15295,0.0,0.0
2022-09-06 15:30:00-04:00,22.530000686645508,22.709999084472656,22.530000686645508,22.690000534057617,20671,0.0,0.0
2022-09-07 09:30:00-04:00,22.579999923706055,22.78499984741211,22.489999771118164,22.719999313354492,6554,0.0,0.0
2022-09-07 10:30:00-04:00,22.790000915527344,22.81999969482422,22.739999771118164,22.774999618530273,11582,0.0,0.0
2022-09-07 11:30:00-04:00,22.774999618530273,22.809999465942383,22.739999771118164,22.75,8459,0.0,0.0
2022-09-07 12:30:00-04:00,22.770000457763672,22.829999923706055,22.75,22.829999923706055,8110,0.0,0.0
2022-09-07 13:30:00-04:00,22.84000015258789,22.950000762939453,22.829999923706055,22.950000762939453,8488,0.0,0.0
2022-09-07 14:30:00-04:00,22.969999313354492,23.06999969482422,22.959999084472656,23.030000686645508,14390,0.0,0.0
2022-09-07 15:30:00-04:00,23.03700065612793,23.05500030517578,22.979999542236328,23.049999237060547,18761,0.0,0.0
2022-09-08 09:30:00-04:00,22.920000076293945,23.149999618530273,22.739999771118164,23.104999542236328,9431,0.0,0.0
2022-09-08 10:30:00-04:00,23.100000381469727,23.190000534057617,23.049999237060547,23.06999969482422,8505,0.0,0.0
2022-09-08 11:30:00-04:00,23.114999771118164,23.139999389648438,22.989999771118164,23.020000457763672,15013,0.0,0.0
2022-09-08 12:30:00-04:00,23.05620002746582,23.104999542236328,22.989999771118164,23.020000457763672,9383,0.0,0.0
2022-09-08 13:30:00-04:00,23.014999389648438,23.079999923706055,22.979999542236328,23.079999923706055,8146,0.0,0.0
2022-09-08 14:30:00-04:00,23.09000015258789,23.110000610351562,23.0,23.084999084472656,9400,0.0,0.0
2022-09-08 15:30:00-04:00,23.06999969482422,23.100000381469727,23.0,23.09000015258789,15288,0.0,0.0
2022-09-09 09:30:00-04:00,23.149999618530273,23.351999282836914,23.149999618530273,23.350000381469727,4546,0.0,0.0
2022-09-09 10:30:00-04:00,23.315000534057617,23.360000610351562,23.239999771118164,23.25,5953,0.0,0.0
2022-09-09 11:30:00-04:00,23.190000534057617,23.25,23.1299991607666,23.1299991607666,4292,0.0,0.0
2022-09-09 12:30:00-04:00,23.149999618530273,23.190000534057617,23.149999618530273,23.170000076293945,4587,0.0,0.0
2022-09-09 13:30:00-04:00,23.190000534057617,23.25,23.190000534057617,23.219999313354492,4822,0.0,0.0
2022-09-09 14:30:00-04:00,23.209999084472656,23.280000686645508,23.190000534057617,23.280000686645508,8497,0.0,0.0
2022-09-09 15:30:00-04:00,23.260000228881836,23.299999237060547,23.229999542236328,23.280000686645508,16024,0.0,0.0
2022-09-12 09:30:00-04:00,23.469999313354492,23.549999237060547,23.3700008392334,23.540000915527344,7030,0.0,0.0
2022-09-12 10:30:00-04:00,23.520000457763672,23.520000457763672,23.40999984741211,23.440000534057617,6609,0.0,0.0
2022-09-12 11:30:00-04:00,23.43000030517578,23.440000534057617,23.31999969482422,23.350000381469727,4057,0.0,0.0
2022-09-12 12:30:00-04:00,23.329999923706055,23.40999984741211,23.299999237060547,23.40999984741211,7441,0.0,0.0
2022-09-12 13:30:00-04:00,23.424999237060547,23.424999237060547,23.280000686645508,23.354999542236328,25195,0.0,0.0
2022-09-12 14:30:00-04:00,23.31999969482422,23.3799991607666,23.25,23.299999237060547,16247,0.0,0.0
2022-09-12 15:30:00-04:00,23.309999465942383,23.43000030517578,23.270000457763672,23.399999618530273,19635,0.0,0.0
2022-09-13 09:30:00-04:00,23.139999389648438,23.274999618530273,23.079999923706055,23.09000015258789,11152,0.0,0.0
2022-09-13 10:30:00-04:00,23.09000015258789,23.1200008392334,23.040000915527344,23.049999237060547,9205,0.0,0.0
2022-09-13 11:30:00-04:00,23.045000076293945,23.06999969482422,22.9950008392334,23.040000915527344,6982,0.0,0.0
2022-09-13 12:30:00-04:00,22.979999542236328,23.020000457763672,22.934999465942383,22.969999313354492,7427,0.0,0.0
2022-09-13 13:30:00-04:00,22.979999542236328,22.989999771118164,22.860000610351562,22.899999618530273,9528,0.0,0.0
2022-09-13 14:30:00-04:00,22.854999542236328,22.875,22.690000534057617,22.690000534057617,12883,0.0,0.0
2022-09-13 15:30:00-04:00,22.690000534057617,22.790000915527344,22.639999389648438,22.739999771118164,20493,0.0,0.0
2022-09-14 09:30:00-04:00,22.670000076293945,22.969999313354492,22.65999984741211,22.65999984741211,16563,0.0,0.0
2022-09-14 10:30:00-04:00,22.739999771118164,22.80500030517578,22.714599609375,22.729999542236328,9729,0.0,0.0
2022-09-14 11:30:00-04:00,22.7450008392334,22.760000228881836,22.620100021362305,22.68000030517578,18052,0.0,0.0
2022-09-14 12:30:00-04:00,22.700000762939453,22.799999237060547,22.670000076293945,22.729999542236328,9429,0.0,0.0
2022-09-14 13:30:00-04:00,22.75,22.770000457763672,22.670000076293945,22.770000457763672,22355,0.0,0.0
2022-09-14 14:30:00-04:00,22.770000457763672,22.81999969482422,22.6299991607666,22.68000030517578,18777,0.0,0.0
2022-09-14 15:30:00-04:00,22.674999237060547,22.899999618530273,22.6200008392334,22.899999618530273,24743,0.0,0.0
2022-09-15 09:30:00-04:00,22.8700008392334,23.149999618530273,22.8612003326416,23.100000381469727,9458,0.0,0.0
2022-09-15 10:30:00-04:00,23.09000015258789,23.260000228881836,23.09000015258789,23.18000030517578,5917,0.0,0.0
2022-09-15 11:30:00-04:00,23.190000534057617,23.25,23.1299991607666,23.200000762939453,6287,0.0,0.0
2022-09-15 12:30:00-04:00,23.190900802612305,23.44499969482422,23.190900802612305,23.44499969482422,9136,0.0,0.0
2022-09-15 13:30:00-04:00,23.43000030517578,23.475000381469727,23.31999969482422,23.389999389648438,11215,0.0,0.0
2022-09-15 14:30:00-04:00,23.43000030517578,23.43000030517578,23.209999084472656,23.25,10862,0.0,0.0
2022-09-15 15:30:00-04:00,23.25,23.34000015258789,23.209999084472656,23.290000915527344,21144,0.0,0.0
2022-09-16 09:30:00-04:00,23.170000076293945,23.450000762939453,23.030000686645508,23.190000534057617,48882,0.0,0.0
2022-09-16 10:30:00-04:00,23.190000534057617,23.219999313354492,23.149999618530273,23.18000030517578,7478,0.0,0.0
2022-09-16 11:30:00-04:00,23.149999618530273,23.219999313354492,23.010000228881836,23.030000686645508,7108,0.0,0.0
2022-09-16 12:30:00-04:00,23.030000686645508,23.155000686645508,23.030000686645508,23.139999389648438,8738,0.0,0.0
2022-09-16 13:30:00-04:00,23.18000030517578,23.260000228881836,23.135000228881836,23.260000228881836,8534,0.0,0.0
2022-09-16 14:30:00-04:00,23.280000686645508,23.440000534057617,23.280000686645508,23.389999389648438,10232,0.0,0.0
2022-09-16 15:30:00-04:00,23.3799991607666,23.5049991607666,23.350000381469727,23.469999313354492,24465,0.0,0.0
2022-09-19 09:30:00-04:00,23.329999923706055,23.729999542236328,23.329999923706055,23.729999542236328,5865,0.0,0.0
2022-09-19 10:30:00-04:00,23.770000457763672,23.81999969482422,23.709999084472656,23.75,4857,0.0,0.0
2022-09-19 11:30:00-04:00,23.760000228881836,23.760000228881836,23.670000076293945,23.670000076293945,6183,0.0,0.0
2022-09-19 12:30:00-04:00,23.674999237060547,23.75,23.674999237060547,23.700000762939453,62405,0.0,0.0
2022-09-19 13:30:00-04:00,23.700000762939453,23.75,23.670000076293945,23.739999771118164,11150,0.0,0.0
2022-09-19 14:30:00-04:00,23.760000228881836,23.920000076293945,23.725000381469727,23.899999618530273,10794,0.0,0.0
2022-09-19 15:30:00-04:00,23.90999984741211,23.93000030517578,23.780000686645508,23.8700008392334,18060,0.0,0.0
2022-09-20 09:30:00-04:00,23.719999313354492,23.889999389648438,23.649999618530273,23.729999542236328,8756,0.0,0.0
2022-09-20 10:30:00-04:00,23.729999542236328,23.8700008392334,23.729999542236328,23.81999969482422,6253,0.0,0.0
2022-09-20 11:30:00-04:00,23.829999923706055,23.920000076293945,23.809999465942383,23.860000610351562,4450,0.0,0.0
2022-09-20 12:30:00-04:00,23.850000381469727,23.850000381469727,23.700000762939453,23.709999084472656,7964,0.0,0.0
2022-09-20 13:30:00-04:00,23.700000762939453,23.700000762939453,23.579999923706055,23.68000030517578,9605,0.0,0.0
2022-09-20 14:30:00-04:00,23.6299991607666,23.809999465942383,23.600000381469727,23.809999465942383,13156,0.0,0.0
2022-09-20 15:30:00-04:00,23.799999237060547,23.899999618530273,23.780000686645508,23.850000381469727,19927,0.0,0.0
2022-09-21 09:30:00-04:00,23.799999237060547,23.940000534057617,23.799999237060547,23.90999984741211,22429,0.0,0.0
2022-09-21 10:30:00-04:00,23.924999237060547,23.940000534057617,23.8700008392334,23.899999618530273,13449,0.0,0.0
2022-09-21 11:30:00-04:00,23.899999618530273,23.93000030517578,23.850000381469727,23.93000030517578,7008,0.0,0.0
2022-09-21 12:30:00-04:00,23.940000534057617,23.989999771118164,23.90999984741211,23.959999084472656,8883,0.0,0.0
2022-09-21 13:30:00-04:00,24.0,24.06999969482422,23.719999313354492,23.764999389648438,11398,0.0,0.0
2022-09-21 14:30:00-04:00,23.729999542236328,24.09000015258789,23.719999313354492,23.799999237060547,25230,0.0,0.0
2022-09-21 15:30:00-04:00,23.799999237060547,23.809999465942383,23.600000381469727,23.6299991607666,25848,0.0,0.0
2022-09-22 09:30:00-04:00,23.649999618530273,23.69499969482422,23.329999923706055,23.360000610351562,10230,0.0,0.0
2022-09-22 10:30:00-04:00,23.375,23.40999984741211,23.274999618530273,23.399999618530273,11948,0.0,0.0
2022-09-22 11:30:00-04:00,23.360000610351562,23.420000076293945,23.34000015258789,23.38319969177246,6532,0.0,0.0
2022-09-22 12:30:00-04:00,23.389999389648438,23.389999389648438,23.290000915527344,23.34000015258789,5166,0.0,0.0
2022-09-22 13:30:00-04:00,23.34000015258789,23.399999618530273,23.260000228881836,23.260000228881836,6313,0.0,0.0
2022-09-22 14:30:00-04:00,23.280000686645508,23.420000076293945,23.260000228881836,23.350000381469727,11474,0.0,0.0
2022-09-22 15:30:00-04:00,23.354999542236328,23.510000228881836,23.354999542236328,23.375,13787,0.0,0.0
2022-09-23 09:30:00-04:00,23.15999984741211,23.15999984741211,22.90999984741211,22.969999313354492,9280,0.0,0.0
2022-09-23 10:30:00-04:00,22.93000030517578,23.15999984741211,22.93000030517578,23.1200008392334,6621,0.0,0.0
2022-09-23 11:30:00-04:00,23.1200008392334,23.1200008392334,22.940000534057617,22.940000534057617,7713,0.0,0.0
2022-09-23 12:30:00-04:00,22.93000030517578,23.049999237060547,22.920000076293945,23.010000228881836,4353,0.0,0.0
2022-09-23 13:30:00-04:00,22.979999542236328,23.030000686645508,22.90999984741211,22.94499969482422,8817,0.0,0.0
2022-09-23 14:30:00-04:00,22.93000030517578,23.030000686645508,22.84000015258789,23.030000686645508,11144,0.0,0.0
2022-09-23 15:30:00-04:00,23.040000915527344,23.1200008392334,23.020000457763672,23.1200008392334,20873,0.0,0.0
2022-09-26 09:30:00-04:00,22.920000076293945,23.290000915527344,22.84000015258789,23.290000915527344,7998,0.0,0.0
2022-09-26 10:30:00-04:00,23.260000228881836,23.260000228881836,23.190000534057617,23.190000534057617,6900,0.0,0.0
2022-09-26 11:30:00-04:00,23.165000915527344,23.170000076293945,23.020000457763672,23.020000457763672,6521,0.0,0.0
2022-09-26 12:30:00-04:00,23.010000228881836,23.09000015258789,22.920000076293945,22.93000030517578,5666,0.0,0.0
2022-09-26 13:30:00-04:00,22.920000076293945,23.100000381469727,22.920000076293945,23.020000457763672,13215,0.0,0.0
2022-09-26 14:30:00-04:00,23.020000457763672,23.1200008392334,22.989999771118164,23.010000228881836,12345,0.0,0.0
2022-09-26 15:30:00-04:00,23.0,23.15999984741211,22.940000534057617,23.0,35002,0.0,0.0
2022-09-27 09:30:00-04:00,23.06999969482422,23.110000610351562,23.020000457763672,23.049999237060547,9946,0.0,0.0
2022-09-27 10:30:00-04:00,22.989999771118164,23.149599075317383,22.8700008392334,22.924999237060547,44054,0.0,0.0
2022-09-27 11:30:00-04:00,22.940000534057617,22.940000534057617,22.639999389648438,22.639999389648438,8118,0.0,0.0
2022-09-27 12:30:00-04:00,22.645000457763672,22.645000457763672,22.459999084472656,22.459999084472656,7115,0.0,0.0
2022-09-27 13:30:00-04:00,22.450000762939453,22.469999313354492,22.310100555419922,22.350000381469727,19119,0.0,0.0
2022-09-27 14:30:00-04:00,22.350000381469727,22.469999313354492,22.31999969482422,22.360000610351562,51647,0.0,0.0
2022-09-27 15:30:00-04:00,22.3700008392334,22.395000457763672,22.290000915527344,22.299999237060547,58263,0.0,0.0
2022-09-28 09:30:00-04:00,22.350000381469727,22.399999618530273,22.260000228881836,22.3799991607666,14238,0.0,0.0
2022-09-28 10:30:00-04:00,22.420000076293945,22.6200008392334,22.420000076293945,22.600000381469727,7957,0.0,0.0
2022-09-28 11:30:00-04:00,22.579999923706055,22.739999771118164,22.559999465942383,22.704999923706055,10843,0.0,0.0
2022-09-28 12:30:00-04:00,22.700000762939453,22.790000915527344,22.700000762939453,22.770000457763672,8269,0.0,0.0
2022-09-28 13:30:00-04:00,22.75,22.799999237060547,22.729999542236328,22.75,7708,0.0,0.0
2022-09-28 14:30:00-04:00,22.770000457763672,22.81999969482422,22.75,22.809999465942383,7148,0.0,0.0
2022-09-28 15:30:00-04:00,22.80500030517578,22.8700008392334,22.719999313354492,22.725000381469727,29807,0.0,0.0
2022-09-29 09:30:00-04:00,22.709999084472656,23.225000381469727,22.219999313354492,22.31999969482422,18260,0.0,0.0
2022-09-29 10:30:00-04:00,22.299999237060547,22.450000762939453,22.299999237060547,22.329999923706055,8418,0.0,0.0
2022-09-29 11:30:00-04:00,22.3700008392334,22.440000534057617,22.329999923706055,22.329999923706055,5452,0.0,0.0
2022-09-29 12:30:00-04:00,22.38800048828125,22.38800048828125,22.239999771118164,22.2549991607666,4416,0.0,0.0
2022-09-29 13:30:00-04:00,22.270000457763672,22.350000381469727,22.2450008392334,22.260000228881836,7900,0.0,0.0
2022-09-29 14:30:00-04:00,22.260000228881836,22.299999237060547,22.174999237060547,22.239999771118164,7958,0.0,0.0
2022-09-29 15:30:00-04:00,22.209999084472656,22.40999984741211,22.209999084472656,22.40999984741211,23111,0.0,0.0
2022-09-30 09:30:00-04:00,22.200000762939453,22.56999969482422,22.084999084472656,22.399999618530273,21180,0.0,0.0
2022-09-30 10:30:00-04:00,22.479999542236328,22.56999969482422,22.43000030517578,22.56999969482422,6522,0.0,0.0
2022-09-30 11:30:00-04:00,22.540000915527344,22.540000915527344,22.34000015258789,22.350000381469727,9653,0.0,0.0
2022-09-30 12:30:00-04:00,22.350000381469727,22.450000762939453,22.350000381469727,22.43000030517578,6377,0.0,0.0
2022-09-30 13:30:00-04:00,22.43000030517578,22.43000030517578,22.209999084472656,22.209999084472656,8500,0.0,0.0
2022-09-30 14:30:00-04:00,22.200000762939453,22.239999771118164,22.030000686645508,22.059999465942383,11684,0.0,0.0
2022-09-30 15:30:00-04:00,22.110000610351562,22.110000610351562,21.969999313354492,21.979999542236328,27944,0.0,0.0
2022-10-03 09:30:00-04:00,22.280000686645508,22.43899917602539,22.010000228881836,22.43899917602539,9597,0.0,0.0
2022-10-03 10:30:00-04:00,22.420000076293945,22.496999740600586,22.34000015258789,22.469999313354492,8561,0.0,0.0
2022-10-03 11:30:00-04:00,22.469999313354492,22.600000381469727,22.459999084472656,22.530000686645508,8419,0.0,0.0
2022-10-03 12:30:00-04:00,22.469999313354492,22.518999099731445,22.457199096679688,22.489999771118164,6761,0.0,0.0
2022-10-03 13:30:00-04:00,22.489999771118164,22.549999237060547,22.479999542236328,22.540000915527344,7120,0.0,0.0
2022-10-03 14:30:00-04:00,22.540000915527344,22.600000381469727,22.530000686645508,22.600000381469727,10084,0.0,0.0
2022-10-03 15:30:00-04:00,22.579999923706055,22.579999923706055,22.510000228881836,22.510000228881836,19933,0.0,0.0
2022-10-04 09:30:00-04:00,22.709999084472656,23.219999313354492,22.709999084472656,23.1200008392334,10555,0.0,0.0
2022-10-04 10:30:00-04:00,23.1200008392334,23.280000686645508,23.1200008392334,23.260000228881836,7514,0.0,0.0
2022-10-04 11:30:00-04:00,23.264999389648438,23.274999618530273,23.219999313354492,23.239999771118164,5377,0.0,0.0
2022-10-04 12:30:00-04:00,23.270000457763672,23.290000915527344,23.15999984741211,23.190000534057617,7079,0.0,0.0
2022-10-04 13:30:00-04:00,23.190000534057617,23.239999771118164,23.18000030517578,23.190000534057617,7844,0.0,0.0
2022-10-04 14:30:00-04:00,23.18000030517578,23.25,23.165000915527344,23.229999542236328,14334,0.0,0.0
2022-10-04 15:30:00-04:00,23.21500015258789,23.3799991607666,23.209999084472656,23.3700008392334,33338,0.0,0.0
2022-10-05 09:30:00-04:00,23.010000228881836,23.309999465942383,22.899999618530273,23.1299991607666,12665,0.0,0.0
2022-10-05 10:30:00-04:00,23.040000915527344,23.06999969482422,22.950000762939453,22.979999542236328,9069,0.0,0.0
2022-10-05 11:30:00-04:00,22.989999771118164,23.040000915527344,22.940000534057617,22.989999771118164,7245,0.0,0.0
2022-10-05 12:30:00-04:00,22.979999542236328,23.020000457763672,22.950000762939453,23.020000457763672,4186,0.0,0.0
2022-10-05 13:30:00-04:00,23.020000457763672,23.09079933166504,23.020000457763672,23.06999969482422,4859,0.0,0.0
2022-10-05 14:30:00-04:00,23.079999923706055,23.079999923706055,23.020000457763672,23.059999465942383,12401,0.0,0.0
2022-10-05 15:30:00-04:00,23.079999923706055,23.079999923706055,23.020000457763672,23.06999969482422,21165,0.0,0.0
2022-10-06 09:30:00-04:00,22.8700008392334,23.0,22.700000762939453,22.860000610351562,14577,0.0,0.0
2022-10-06 10:30:00-04:00,22.860000610351562,23.010000228881836,22.809999465942383,23.010000228881836,8848,0.0,0.0
2022-10-06 11:30:00-04:00,22.97760009765625,23.0049991607666,22.950000762939453,22.959999084472656,8943,0.0,0.0
2022-10-06 12:30:00-04:00,22.989999771118164,22.989999771118164,22.950000762939453,22.969999313354492,2970,0.0,0.0
2022-10-06 13:30:00-04:00,22.950000762939453,22.989999771118164,22.940000534057617,22.959999084472656,7371,0.0,0.0
2022-10-06 14:30:00-04:00,22.969999313354492,23.0,22.940000534057617,23.0,10614,0.0,0.0
2022-10-06 15:30:00-04:00,23.020000457763672,23.075000762939453,22.969999313354492,23.040000915527344,13741,0.0,0.0
2022-10-07 09:30:00-04:00,22.850000381469727,22.850000381469727,22.600000381469727,22.690000534057617,17208,0.0,0.0
2022-10-07 10:30:00-04:00,22.729999542236328,22.829999923706055,22.719999313354492,22.799999237060547,9327,0.0,0.0
2022-10-07 11:30:00-04:00,22.799999237060547,22.799999237060547,22.600000381469727,22.6299991607666,5548,0.0,0.0
2022-10-07 12:30:00-04:00,22.649999618530273,22.65999984741211,22.6299991607666,22.635000228881836,7046,0.0,0.0
2022-10-07 13:30:00-04:00,22.6299991607666,22.68000030517578,22.600000381469727,22.600000381469727,18286,0.0,0.0
2022-10-07 14:30:00-04:00,22.600000381469727,22.68000030517578,22.575000762939453,22.610000610351562,20991,0.0,0.0
2022-10-07 15:30:00-04:00,22.610000610351562,22.719999313354492,22.610000610351562,22.68000030517578,23038,0.0,0.0
2022-10-10 09:30:00-04:00,22.940000534057617,22.940000534057617,22.6200008392334,22.889999389648438,10129,0.0,0.0
2022-10-10 10:30:00-04:00,22.940000534057617,22.950000762939453,22.809999465942383,22.8799991607666,6225,0.0,0.0
2022-10-10 11:30:00-04:00,22.8700008392334,22.8799991607666,22.68000030517578,22.68000030517578,6119,0.0,0.0
2022-10-10 12:30:00-04:00,22.649999618530273,22.699899673461914,22.610000610351562,22.65999984741211,13670,0.0,0.0
2022-10-10 13:30:00-04:00,22.69499969482422,22.889999389648438,22.69499969482422,22.760000228881836,6569,0.0,0.0
2022-10-10 14:30:00-04:00,22.780000686645508,22.8700008392334,22.780000686645508,22.860000610351562,3608,0.0,0.0
2022-10-10 15:30:00-04:00,22.80419921875,22.81999969482422,22.739999771118164,22.760000228881836,14691,0.0,0.0
2022-10-11 09:30:00-04:00,22.639999389648438,22.739999771118164,22.639999389648438,22.739999771118164,4048,0.0,0.0
2022-10-11 10:30:00-04:00,22.75,22.850000381469727,22.729999542236328,22.81999969482422,7383,0.0,0.0
2022-10-11 11:30:00-04:00,22.8700008392334,22.940000534057617,22.799999237060547,22.940000534057617,7025,0.0,0.0
2022-10-11 12:30:00-04:00,22.940000534057617,23.010000228881836,22.940000534057617,23.0,7661,0.0,0.0
2022-10-11 13:30:00-04:00,23.0,23.030000686645508,22.969999313354492,22.969999313354492,5854,0.0,0.0
2022-10-11 14:30:00-04:00,22.979999542236328,22.989999771118164,22.610000610351562,22.6299991607666,13586,0.0,0.0
2022-10-11 15:30:00-04:00,22.639999389648438,22.889999389648438,22.6200008392334,22.81999969482422,21299,0.0,0.0
2022-10-12 09:30:00-04:00,22.770000457763672,22.780000686645508,22.510000228881836,22.780000686645508,8749,0.0,0.0
2022-10-12 10:30:00-04:00,22.75,22.809999465942383,22.709999084472656,22.760000228881836,7887,0.0,0.0
2022-10-12 11:30:00-04:00,22.72010040283203,22.920000076293945,22.72010040283203,22.90999984741211,5433,0.0,0.0
2022-10-12 12:30:00-04:00,22.889999389648438,22.895000457763672,22.84000015258789,22.850000381469727,4089,0.0,0.0
2022-10-12 13:30:00-04:00,22.844999313354492,23.010000228881836,22.829999923706055,23.010000228881836,10061,0.0,0.0
2022-10-12 14:30:00-04:00,23.024999618530273,23.024999618530273,22.875,22.875,8164,0.0,0.0
2022-10-12 15:30:00-04:00,22.8700008392334,22.90999984741211,22.780000686645508,22.790000915527344,21228,0.0,0.0
2022-10-13 09:30:00-04:00,22.59000015258789,22.920000076293945,22.479999542236328,22.739999771118164,13645,0.0,0.0
2022-10-13 10:30:00-04:00,22.780000686645508,23.18000030517578,22.780000686645508,23.110000610351562,18584,0.0,0.0
2022-10-13 11:30:00-04:00,23.170000076293945,23.540000915527344,23.170000076293945,23.489999771118164,8570,0.0,0.0
2022-10-13 12:30:00-04:00,23.520000457763672,23.770000457763672,23.5,23.770000457763672,7522,0.0,0.0
2022-10-13 13:30:00-04:00,23.770000457763672,23.899999618530273,23.760000228881836,23.834999084472656,9039,0.0,0.0
2022-10-13 14:30:00-04:00,23.790000915527344,23.940000534057617,23.790000915527344,23.84000015258789,10177,0.0,0.0
2022-10-13 15:30:00-04:00,23.84000015258789,23.940000534057617,23.780000686645508,23.8700008392334,21449,0.0,0.0
2022-10-14 09:30:00-04:00,24.100000381469727,24.299999237060547,23.799999237060547,23.850000381469727,8544,0.0,0.0
2022-10-14 10:30:00-04:00,23.84000015258789,23.940000534057617,23.739999771118164,23.8700008392334,8518,0.0,0.0
2022-10-14 11:30:00-04:00,23.8799991607666,23.8799991607666,23.739999771118164,23.760000228881836,4210,0.0,0.0
2022-10-14 12:30:00-04:00,23.760000228881836,23.850000381469727,23.719999313354492,23.764999389648438,4006,0.0,0.0
2022-10-14 13:30:00-04:00,23.75,23.809999465942383,23.719999313354492,23.719999313354492,6754,0.0,0.0
2022-10-14 14:30:00-04:00,23.709999084472656,23.770000457763672,23.649999618530273,23.739999771118164,9808,0.0,0.0
2022-10-14 15:30:00-04:00,23.739999771118164,23.780000686645508,23.68000030517578,23.739999771118164,17600,0.0,0.0
2022-10-17 09:30:00-04:00,24.18000030517578,24.610000610351562,24.139999389648438,24.21500015258789,21833,0.0,0.0
2022-10-17 10:30:00-04:00,24.229999542236328,24.229999542236328,23.90999984741211,24.049999237060547,10541,0.0,0.0
2022-10-17 11:30:00-04:00,24.040000915527344,24.06999969482422,24.0,24.010000228881836,5400,0.0,0.0
2022-10-17 12:30:00-04:00,23.989999771118164,24.045000076293945,23.950000762939453,24.045000076293945,3267,0.0,0.0
2022-10-17 13:30:00-04:00,24.079999923706055,24.110000610351562,23.989999771118164,24.030000686645508,4967,0.0,0.0
2022-10-17 14:30:00-04:00,24.045000076293945,24.09000015258789,24.020000457763672,24.059999465942383,8494,0.0,0.0
2022-10-17 15:30:00-04:00,24.079999923706055,24.15999984741211,24.040000915527344,24.09000015258789,16574,0.0,0.0
2022-10-18 09:30:00-04:00,24.520000457763672,24.520000457763672,24.190000534057617,24.270000457763672,18312,0.0,0.0
2022-10-18 10:30:00-04:00,24.239999771118164,24.25,24.100000381469727,24.100000381469727,6582,0.0,0.0
2022-10-18 11:30:00-04:00,24.010000228881836,24.059999465942383,23.979999542236328,24.040000915527344,5605,0.0,0.0
2022-10-18 12:30:00-04:00,24.09000015258789,24.139999389648438,24.049999237060547,24.079999923706055,6578,0.0,0.0
2022-10-18 13:30:00-04:00,24.110000610351562,24.200000762939453,24.040000915527344,24.100000381469727,10655,0.0,0.0
2022-10-18 14:30:00-04:00,24.119800567626953,24.119800567626953,23.93000030517578,24.040000915527344,13997,0.0,0.0
2022-10-18 15:30:00-04:00,24.040000915527344,24.1200008392334,24.0,24.079999923706055,19311,0.0,0.0
2022-10-19 09:30:00-04:00,23.790000915527344,24.165000915527344,23.780000686645508,24.049999237060547,10363,0.0,0.0
2022-10-19 10:30:00-04:00,24.079999923706055,24.09000015258789,23.940000534057617,24.075000762939453,8507,0.0,0.0
2022-10-19 11:30:00-04:00,24.020000457763672,24.030000686645508,23.8700008392334,23.8799991607666,6529,0.0,0.0
2022-10-19 12:30:00-04:00,23.8700008392334,23.8700008392334,23.709999084472656,23.790000915527344,4904,0.0,0.0
2022-10-19 13:30:00-04:00,23.75,23.825000762939453,23.71500015258789,23.81999969482422,8717,0.0,0.0
2022-10-19 14:30:00-04:00,23.84000015258789,23.93000030517578,23.799999237060547,23.895000457763672,10626,0.0,0.0
2022-10-19 15:30:00-04:00,23.899999618530273,24.149999618530273,23.899999618530273,24.1299991607666,29903,0.0,0.0
2022-10-20 09:30:00-04:00,23.8700008392334,23.93000030517578,23.649999618530273,23.829999923706055,13802,0.0,0.0
2022-10-20 10:30:00-04:00,23.780000686645508,23.780000686645508,23.639999389648438,23.674999237060547,6195,0.0,0.0
2022-10-20 11:30:00-04:00,23.68000030517578,23.700000762939453,23.5,23.510000228881836,5280,0.0,0.0
2022-10-20 12:30:00-04:00,23.479999542236328,23.479999542236328,23.34000015258789,23.344999313354492,3689,0.0,0.0
2022-10-20 13:30:00-04:00,23.309999465942383,23.309999465942383,23.1299991607666,23.149999618530273,5178,0.0,0.0
2022-10-20 14:30:00-04:00,23.155000686645508,23.239999771118164,23.040000915527344,23.06999969482422,7081,0.0,0.0
2022-10-20 15:30:00-04:00,23.03499984741211,23.34000015258789,23.03499984741211,23.299999237060547,23556,0.0,0.0
2022-10-21 09:30:00-04:00,23.540000915527344,23.645000457763672,23.3700008392334,23.44499969482422,12327,0.0,0.0
2022-10-21 10:30:00-04:00,23.40999984741211,23.540000915527344,23.350000381469727,23.4950008392334,7171,0.0,0.0
2022-10-21 11:30:00-04:00,23.530000686645508,23.729999542236328,23.530000686645508,23.684999465942383,7438,0.0,0.0
2022-10-21 12:30:00-04:00,23.700000762939453,23.84000015258789,23.690000534057617,23.84000015258789,7820,0.0,0.0
2022-10-21 13:30:00-04:00,23.829999923706055,23.90999984741211,23.829999923706055,23.889999389648438,5341,0.0,0.0
2022-10-21 14:30:00-04:00,23.915000915527344,24.0,23.90250015258789,23.954999923706055,12300,0.0,0.0
2022-10-21 15:30:00-04:00,23.969999313354492,24.0,23.860000610351562,23.924999237060547,27125,0.0,0.0
2022-10-24 09:30:00-04:00,23.959999084472656,24.329999923706055,23.959999084472656,24.31999969482422,11927,0.0,0.0
2022-10-24 10:30:00-04:00,24.31999969482422,24.34000015258789,24.200000762939453,24.200000762939453,6895,0.0,0.0
2022-10-24 11:30:00-04:00,24.18000030517578,24.18000030517578,23.989999771118164,24.09000015258789,81021,0.0,0.0
2022-10-24 12:30:00-04:00,24.049999237060547,24.1299991607666,24.020000457763672,24.079999923706055,52754,0.0,0.0
2022-10-24 13:30:00-04:00,24.079999923706055,24.094999313354492,23.989999771118164,24.09000015258789,26528,0.0,0.0
2022-10-24 14:30:00-04:00,24.100000381469727,24.110000610351562,23.979999542236328,23.979999542236328,24445,0.0,0.0
2022-10-24 15:30:00-04:00,24.0,24.079999923706055,23.98870086669922,24.020000457763672,27763,0.0,0.0
2022-10-25 09:30:00-04:00,24.040000915527344,24.174999237060547,23.969999313354492,24.156999588012695,18597,0.0,0.0
2022-10-25 10:30:00-04:00,24.139999389648438,24.229999542236328,24.00079917907715,24.170000076293945,15463,0.0,0.0
2022-10-25 11:30:00-04:00,24.110000610351562,24.34000015258789,24.100000381469727,24.299999237060547,28805,0.0,0.0
2022-10-25 12:30:00-04:00,24.309999465942383,24.31999969482422,24.239999771118164,24.239999771118164,6856,0.0,0.0
2022-10-25 13:30:00-04:00,24.25,24.270000457763672,24.1299991607666,24.1299991607666,18505,0.0,0.0
2022-10-25 14:30:00-04:00,24.121000289916992,24.139999389648438,23.979999542236328,23.979999542236328,35368,0.0,0.0
2022-10-25 15:30:00-04:00,24.0,24.09000015258789,23.954999923706055,24.010000228881836,66798,0.0,0.0
2022-10-26 09:30:00-04:00,24.989999771118164,25.079999923706055,24.479999542236328,24.809999465942383,31312,0.0,0.0
2022-10-26 10:30:00-04:00,24.850000381469727,24.915000915527344,24.75,24.75,33282,0.0,0.0
2022-10-26 11:30:00-04:00,24.790000915527344,24.8700008392334,24.770000457763672,24.829999923706055,12379,0.0,0.0
2022-10-26 12:30:00-04:00,24.809999465942383,25.05500030517578,24.809999465942383,25.0,27949,0.0,0.0
2022-10-26 13:30:00-04:00,24.969999313354492,25.06999969482422,24.889999389648438,24.889999389648438,19323,0.0,0.0
2022-10-26 14:30:00-04:00,24.8700008392334,24.8799991607666,24.780000686645508,24.850000381469727,21046,0.0,0.0
2022-10-26 15:30:00-04:00,24.867000579833984,24.93000030517578,24.760000228881836,24.760000228881836,26274,0.0,0.0
2022-10-27 09:30:00-04:00,24.860000610351562,25.290000915527344,24.860000610351562,25.15999984741211,28236,0.0,0.0
2022-10-27 10:30:00-04:00,25.15999984741211,25.434999465942383,25.1200008392334,25.399999618530273,28038,0.0,0.0
2022-10-27 11:30:00-04:00,25.399999618530273,25.43000030517578,25.100000381469727,25.15999984741211,31559,0.0,0.0
2022-10-27 12:30:00-04:00,25.229999542236328,25.389999389648438,25.209999084472656,25.229999542236328,9916,0.0,0.0
2022-10-27 13:30:00-04:00,25.219100952148438,25.360000610351562,25.149999618530273,25.329999923706055,10655,0.0,0.0
2022-10-27 14:30:00-04:00,25.344999313354492,25.420000076293945,25.059999465942383,25.06999969482422,30335,0.0,0.0
2022-10-27 15:30:00-04:00,25.100000381469727,25.15999984741211,24.940000534057617,24.959999084472656,40017,0.0,0.0
2022-10-28 09:30:00-04:00,25.200000762939453,25.530000686645508,25.173999786376953,25.399999618530273,37777,0.0,0.0
2022-10-28 10:30:00-04:00,25.31999969482422,25.489999771118164,25.31999969482422,25.3700008392334,34430,0.0,0.0
2022-10-28 11:30:00-04:00,25.389999389648438,25.524999618530273,25.350000381469727,25.489999771118164,25723,0.0,0.0
2022-10-28 12:30:00-04:00,25.510000228881836,25.709999084472656,25.510000228881836,25.6200008392334,29666,0.0,0.0
2022-10-28 13:30:00-04:00,25.6200008392334,25.6200008392334,25.479999542236328,25.540000915527344,16593,0.0,0.0
2022-10-28 14:30:00-04:00,25.540000915527344,25.809999465942383,25.540000915527344,25.760000228881836,23411,0.0,0.0
2022-10-28 15:30:00-04:00,25.760000228881836,25.81999969482422,25.68000030517578,25.700000762939453,35435,0.0,0.0
2022-10-31 09:30:00-04:00,25.8799991607666,26.110000610351562,25.799999237060547,25.93000030517578,28301,0.0,0.0
2022-10-31 10:30:00-04:00,25.979999542236328,26.040000915527344,25.950000762939453,25.950000762939453,9395,0.0,0.0
2022-10-31 11:30:00-04:00,25.950000762939453,26.09000015258789,25.950000762939453,26.030000686645508,12114,0.0,0.0
2022-10-31 12:30:00-04:00,26.010000228881836,26.3799991607666,25.989999771118164,26.3799991607666,17025,0.0,0.0
2022-10-31 13:30:00-04:00,26.3700008392334,26.450000762939453,26.3700008392334,26.40999984741211,14046,0.0,0.0
2022-10-31 14:30:00-04:00,26.40999984741211,26.450000762939453,26.350000381469727,26.43000030517578,13323,0.0,0.0
2022-10-31 15:30:00-04:00,26.440000534057617,26.520000457763672,26.3799991607666,26.40999984741211,35996,0.0,0.0
2022-11-01 09:30:00-04:00,26.329999923706055,26.540000915527344,26.260000228881836,26.420000076293945,11014,0.0,0.0
2022-11-01 10:30:00-04:00,26.420000076293945,26.56999969482422,26.360000610351562,26.360000610351562,12203,0.0,0.0
2022-11-01 11:30:00-04:00,26.360000610351562,26.40999984741211,26.264999389648438,26.395000457763672,8723,0.0,0.0
2022-11-01 12:30:00-04:00,26.40999984741211,26.5,26.389999389648438,26.450000762939453,8129,0.0,0.0
2022-11-01 13:30:00-04:00,26.450000762939453,26.479999542236328,26.360000610351562,26.369300842285156,7053,0.0,0.0
2022-11-01 14:30:00-04:00,26.360000610351562,26.360000610351562,26.239999771118164,26.239999771118164,15541,0.0,0.0
2022-11-01 15:30:00-04:00,26.239999771118164,26.295000076293945,26.219999313354492,26.239999771118164,31371,0.0,0.0
2022-11-02 09:30:00-04:00,26.170000076293945,26.170000076293945,26.010099411010742,26.024999618530273,7850,0.0,0.0
2022-11-02 10:30:00-04:00,26.05900001525879,26.149999618530273,25.940000534057617,25.969999313354492,10175,0.0,0.0
2022-11-02 11:30:00-04:00,25.940000534057617,25.950000762939453,25.780000686645508,25.799999237060547,8329,0.0,0.0
2022-11-02 12:30:00-04:00,25.850000381469727,25.959999084472656,25.850000381469727,25.920000076293945,14922,0.0,0.0
2022-11-02 13:30:00-04:00,25.905000686645508,26.389999389648438,25.905000686645508,26.3700008392334,13827,0.0,0.0
2022-11-02 14:30:00-04:00,26.389999389648438,26.389999389648438,25.6299991607666,25.68000030517578,29797,0.0,0.0
2022-11-02 15:30:00-04:00,25.65999984741211,25.80500030517578,25.65999984741211,25.719999313354492,26434,0.0,0.0
2022-11-03 09:30:00-04:00,25.610000610351562,25.780000686645508,25.19499969482422,25.450000762939453,15220,0.0,0.0
2022-11-03 10:30:00-04:00,25.399999618530273,25.579999923706055,25.309999465942383,25.579999923706055,9444,0.0,0.0
2022-11-03 11:30:00-04:00,25.579999923706055,25.809999465942383,25.579999923706055,25.760000228881836,7186,0.0,0.0
2022-11-03 12:30:00-04:00,25.770000457763672,25.959999084472656,25.75,25.940000534057617,9870,0.0,0.0
2022-11-03 13:30:00-04:00,25.8700008392334,25.920000076293945,25.790000915527344,25.920000076293945,39663,0.0,0.0
2022-11-03 14:30:00-04:00,25.940000534057617,26.020000457763672,25.889999389648438,25.93000030517578,11932,0.0,0.0
2022-11-03 15:30:00-04:00,25.93000030517578,25.950000762939453,25.84000015258789,25.84000015258789,21865,0.0,0.0
2022-11-04 09:30:00-04:00,25.8799991607666,26.290000915527344,25.8799991607666,26.290000915527344,19351,0.0,0.0
2022-11-04 10:30:00-04:00,26.34000015258789,26.360000610351562,26.270000457763672,26.270000457763672,8198,0.0,0.0
2022-11-04 11:30:00-04:00,26.270000457763672,26.309999465942383,26.1299991607666,26.219999313354492,4849,0.0,0.0
2022-11-04 12:30:00-04:00,26.229999542236328,26.360000610351562,26.139999389648438,26.350000381469727,4908,0.0,0.0
2022-11-04 13:30:00-04:00,26.329999923706055,26.3799991607666,26.260000228881836,26.3799991607666,6971,0.0,0.0
2022-11-04 14:30:00-04:00,26.459999084472656,26.6200008392334,26.420000076293945,26.610000610351562,14695,0.0,0.0
2022-11-04 15:30:00-04:00,26.600000381469727,26.84000015258789,26.575000762939453,26.84000015258789,40935,0.0,0.0
2022-11-07 09:30:00-05:00,26.920000076293945,27.209999084472656,26.850000381469727,27.190000534057617,20880,0.0,0.0
2022-11-07 10:30:00-05:00,27.184999465942383,27.239999771118164,27.1200008392334,27.229999542236328,13921,0.0,0.0
2022-11-07 11:30:00-05:00,27.239999771118164,27.239999771118164,27.09000015258789,27.100000381469727,17519,0.0,0.0
2022-11-07 12:30:00-05:00,27.06999969482422,27.190000534057617,27.06999969482422,27.18000030517578,13646,0.0,0.0
2022-11-07 13:30:00-05:00,27.18000030517578,27.239999771118164,27.100000381469727,27.15999984741211,21238,0.0,0.0
2022-11-07 14:30:00-05:00,27.170000076293945,27.204999923706055,27.059999465942383,27.110000610351562,22081,0.0,0.0
2022-11-07 15:30:00-05:00,27.100000381469727,27.19499969482422,27.100000381469727,27.110000610351562,38005,0.0,0.0
2022-11-08 09:30:00-05:00,26.90999984741211,27.170000076293945,26.8700008392334,27.079999923706055,38288,0.0,0.0
2022-11-08 10:30:00-05:00,27.09000015258789,27.280000686645508,27.09000015258789,27.219999313354492,12483,0.0,0.0
2022-11-08 11:30:00-05:00,27.200000762939453,27.260000228881836,27.149999618530273,27.209999084472656,12037,0.0,0.0
2022-11-08 12:30:00-05:00,27.209999084472656,27.25,27.040000915527344,27.040000915527344,22864,0.0,0.0
2022-11-08 13:30:00-05:00,27.0,27.170000076293945,27.0,27.0,16423,0.0,0.0
2022-11-08 14:30:00-05:00,26.979999542236328,27.15999984741211,26.979999542236328,27.141000747680664,14908,0.0,0.0
2022-11-08 15:30:00-05:00,27.149999618530273,27.239999771118164,27.05500030517578,27.079999923706055,31259,0.0,0.0
2022-11-09 09:30:00-05:00,27.0,27.139999389648438,26.799999237060547,27.09000015258789,9126,0.0,0.0
2022-11-09 10:30:00-05:00,27.05500030517578,27.149999618530273,26.959999084472656,27.1299991607666,10545,0.0,0.0
2022-11-09 11:30:00-05:00,27.1299991607666,27.219999313354492,27.059999465942383,27.059999465942383,8688,0.0,0.0
2022-11-09 12:30:00-05:00,27.059999465942383,27.139999389648438,27.059999465942383,27.09000015258789,8765,0.0,0.0
2022-11-09 13:30:00-05:00,26.979999542236328,27.010000228881836,26.920000076293945,26.969999313354492,11197,0.0,0.0
2022-11-09 14:30:00-05:00,26.979999542236328,26.979999542236328,26.815000534057617,26.829999923706055,16393,0.0,0.0
2022-11-09 15:30:00-05:00,26.834999084472656,26.915000915527344,26.81999969482422,26.8799991607666,28590,0.0,0.0
2022-11-10 09:30:00-05:00,27.43000030517578,27.760000228881836,27.200000762939453,27.639999389648438,17215,0.0,0.0
2022-11-10 10:30:00-05:00,27.690000534057617,27.93000030517578,27.670000076293945,27.899999618530273,10350,0.0,0.0
2022-11-10 11:30:00-05:00,27.84000015258789,27.889999389648438,27.729999542236328,27.75,8944,0.0,0.0
2022-11-10 12:30:00-05:00,27.735000610351562,27.8799991607666,27.670000076293945,27.8799991607666,11608,0.0,0.0
2022-11-10 13:30:00-05:00,27.895000457763672,27.979999542236328,27.790000915527344,27.829999923706055,14191,0.0,0.0
2022-11-10 14:30:00-05:00,27.81999969482422,27.81999969482422,27.729999542236328,27.729999542236328,18324,0.0,0.0
2022-11-10 15:30:00-05:00,27.709999084472656,27.709999084472656,27.559999465942383,27.639999389648438,45660,0.0,0.0
2022-11-11 09:30:00-05:00,27.59000015258789,27.780000686645508,27.459999084472656,27.479999542236328,22151,0.0,0.0
2022-11-11 10:30:00-05:00,27.454999923706055,27.454999923706055,26.920000076293945,26.920000076293945,15395,0.0,0.0
2022-11-11 11:30:00-05:00,26.959999084472656,26.969999313354492,26.799999237060547,26.81999969482422,21751,0.0,0.0
2022-11-11 12:30:00-05:00,26.799999237060547,26.81999969482422,26.610000610351562,26.610000610351562,36516,0.0,0.0
2022-11-11 13:30:00-05:00,26.600000381469727,26.860000610351562,26.600000381469727,26.795000076293945,28234,0.0,0.0
2022-11-11 14:30:00-05:00,26.75,26.764999389648438,26.540000915527344,26.56999969482422,22376,0.0,0.0
2022-11-11 15:30:00-05:00,26.56999969482422,26.579999923706055,26.459999084472656,26.530000686645508,37269,0.0,0.0
2022-11-14 09:30:00-05:00,26.520000457763672,26.81999969482422,26.290000915527344,26.770000457763672,11979,0.0,0.0
2022-11-14 10:30:00-05:00,26.770000457763672,26.93000030517578,26.739999771118164,26.770000457763672,7379,0.0,0.0
2022-11-14 11:30:00-05:00,26.790000915527344,26.829999923706055,26.719999313354492,26.809999465942383,8466,0.0,0.0
2022-11-14 12:30:00-05:00,26.795000076293945,26.969999313354492,26.795000076293945,26.969999313354492,9017,0.0,0.0
2022-11-14 13:30:00-05:00,26.959999084472656,27.049999237060547,26.790000915527344,26.790000915527344,10241,0.0,0.0
2022-11-14 14:30:00-05:00,26.81999969482422,26.860000610351562,26.739999771118164,26.770000457763672,11626,0.0,0.0
2022-11-14 15:30:00-05:00,26.770000457763672,26.809999465942383,26.540000915527344,26.600000381469727,35144,0.0,0.0
2022-11-15 09:30:00-05:00,26.770000457763672,26.940000534057617,26.450000762939453,26.900100708007812,10933,0.0,0.0
2022-11-15 10:30:00-05:00,26.90999984741211,26.989999771118164,26.760000228881836,26.8799991607666,10962,0.0,0.0
2022-11-15 11:30:00-05:00,26.93000030517578,27.049999237060547,26.93000030517578,27.020000457763672,15745,0.0,0.0
2022-11-15 12:30:00-05:00,27.0049991607666,27.049999237060547,26.850000381469727,26.889999389648438,11890,0.0,0.0
2022-11-15 13:30:00-05:00,26.829999923706055,26.899999618530273,26.739999771118164,26.850000381469727,20314,0.0,0.0
2022-11-15 14:30:00-05:00,26.84000015258789,26.940000534057617,26.790000915527344,26.8700008392334,13160,0.0,0.0
2022-11-15 15:30:00-05:00,26.850000381469727,26.899999618530273,26.760000228881836,26.84000015258789,34378,0.0,0.0
2022-11-16 09:30:00-05:00,26.850000381469727,26.940000534057617,26.5,26.790000915527344,11611,0.0,0.0
2022-11-16 10:30:00-05:00,26.760000228881836,26.770000457763672,26.68000030517578,26.700000762939453,5804,0.0,0.0
2022-11-16 11:30:00-05:00,26.770000457763672,26.8700008392334,26.770000457763672,26.829999923706055,4487,0.0,0.0
2022-11-16 12:30:00-05:00,26.81100082397461,26.84000015258789,26.479999542236328,26.479999542236328,17794,0.0,0.0
2022-11-16 13:30:00-05:00,26.469999313354492,26.55500030517578,26.46500015258789,26.530000686645508,12873,0.0,0.0
2022-11-16 14:30:00-05:00,26.520000457763672,26.584999084472656,26.420000076293945,26.424999237060547,27777,0.0,0.0
2022-11-16 15:30:00-05:00,26.40999984741211,26.559999465942383,26.399999618530273,26.559999465942383,35460,0.0,0.0
2022-11-17 09:30:00-05:00,26.399999618530273,26.450000762939453,26.219999313354492,26.415000915527344,8979,0.0,0.0
2022-11-17 10:30:00-05:00,26.415000915527344,26.43000030517578,26.299999237060547,26.399999618530273,9115,0.0,0.0
2022-11-17 11:30:00-05:00,26.399999618530273,26.450000762939453,26.3700008392334,26.420000076293945,6343,0.0,0.0
2022-11-17 12:30:00-05:00,26.43000030517578,26.469999313354492,26.399999618530273,26.399999618530273,13412,0.0,0.0
2022-11-17 13:30:00-05:00,26.375,26.415000915527344,26.270000457763672,26.28499984741211,9408,0.0,0.0
2022-11-17 14:30:00-05:00,26.299999237060547,26.327499389648438,26.1299991607666,26.139999389648438,17219,0.0,0.0
2022-11-17 15:30:00-05:00,26.18000030517578,26.31999969482422,26.1200008392334,26.309999465942383,31757,0.0,0.0
2022-11-18 09:30:00-05:00,26.65999984741211,26.729999542236328,26.43000030517578,26.610000610351562,34711,0.0,0.0
2022-11-18 10:30:00-05:00,26.655000686645508,26.709999084472656,26.440000534057617,26.520000457763672,6443,0.0,0.0
2022-11-18 11:30:00-05:00,26.489999771118164,26.489999771118164,26.229999542236328,26.229999542236328,4751,0.0,0.0
2022-11-18 12:30:00-05:00,26.239999771118164,26.280000686645508,26.190000534057617,26.260000228881836,6469,0.0,0.0
2022-11-18 13:30:00-05:00,26.260000228881836,26.31999969482422,26.200000762939453,26.31999969482422,9474,0.0,0.0
2022-11-18 14:30:00-05:00,26.31999969482422,26.440000534057617,26.235000610351562,26.360000610351562,28421,0.0,0.0
2022-11-18 15:30:00-05:00,26.40999984741211,26.459999084472656,26.329999923706055,26.420000076293945,20954,0.0,0.0
2022-11-21 09:30:00-05:00,26.3700008392334,26.469999313354492,26.299999237060547,26.3700008392334,6985,0.0,0.0
2022-11-21 10:30:00-05:00,26.309999465942383,26.360000610351562,26.280000686645508,26.280000686645508,8910,0.0,0.0
2022-11-21 11:30:00-05:00,26.295000076293945,26.440000534057617,26.280000686645508,26.440000534057617,11025,0.0,0.0
2022-11-21 12:30:00-05:00,26.415000915527344,26.56999969482422,26.399999618530273,26.440000534057617,23435,0.0,0.0
2022-11-21 13:30:00-05:00,26.40999984741211,26.440000534057617,26.329999923706055,26.329999923706055,15052,0.0,0.0
2022-11-21 14:30:00-05:00,26.334999084472656,26.40999984741211,26.270000457763672,26.270000457763672,7968,0.0,0.0
2022-11-21 15:30:00-05:00,26.309999465942383,26.489999771118164,26.309999465942383,26.43000030517578,35240,0.0,0.0
2022-11-22 09:30:00-05:00,26.610000610351562,26.698999404907227,26.100000381469727,26.579999923706055,6638,0.0,0.0
2022-11-22 10:30:00-05:00,26.559999465942383,26.559999465942383,26.405000686645508,26.40999984741211,4133,0.0,0.0
2022-11-22 11:30:00-05:00,26.360000610351562,26.3700008392334,26.329999923706055,26.350000381469727,4169,0.0,0.0
2022-11-22 12:30:00-05:00,26.3700008392334,26.415000915527344,26.354999542236328,26.415000915527344,3050,0.0,0.0
2022-11-22 13:30:00-05:00,26.389999389648438,26.5,26.389999389648438,26.5,11148,0.0,0.0
2022-11-22 14:30:00-05:00,26.459999084472656,26.5,26.3799991607666,26.450000762939453,12023,0.0,0.0
2022-11-22 15:30:00-05:00,26.450000762939453,26.610000610351562,26.399999618530273,26.459999084472656,68864,0.0,0.0
2022-11-23 09:30:00-05:00,26.290000915527344,26.40999984741211,26.290000915527344,26.329999923706055,7390,0.0,0.0
2022-11-23 10:30:00-05:00,26.329999923706055,26.389999389648438,26.209999084472656,26.209999084472656,8257,0.0,0.0
2022-11-23 11:30:00-05:00,26.229999542236328,26.299999237060547,26.170000076293945,26.190000534057617,5565,0.0,0.0
2022-11-23 12:30:00-05:00,26.190000534057617,26.190000534057617,26.06999969482422,26.139999389648438,4684,0.0,0.0
2022-11-23 13:30:00-05:00,26.139999389648438,26.239999771118164,26.049999237060547,26.229999542236328,9649,0.0,0.0
2022-11-23 14:30:00-05:00,26.11009979248047,26.139999389648438,25.989999771118164,26.040000915527344,12848,0.0,0.0
2022-11-23 15:30:00-05:00,26.030000686645508,26.09000015258789,26.0,26.06999969482422,22323,0.0,0.0
2022-11-25 09:30:00-05:00,26.25,26.336999893188477,25.700000762939453,26.336999893188477,2767,0.0,0.0
2022-11-25 10:30:00-05:00,26.309999465942383,26.3799991607666,26.309999465942383,26.3799991607666,2917,0.0,0.0
2022-11-25 11:30:00-05:00,26.34000015258789,26.350000381469727,26.30500030517578,26.350000381469727,2806,0.0,0.0
2022-11-28 09:30:00-05:00,26.18000030517578,26.18000030517578,25.93000030517578,25.969999313354492,3036,0.0,0.0
2022-11-28 10:30:00-05:00,26.0,26.0,25.889999389648438,25.90999984741211,3388,0.0,0.0
2022-11-28 11:30:00-05:00,25.90999984741211,25.969999313354492,25.864999771118164,25.864999771118164,4907,0.0,0.0
2022-11-28 12:30:00-05:00,25.860000610351562,25.860000610351562,25.739999771118164,25.81999969482422,6627,0.0,0.0
2022-11-28 13:30:00-05:00,25.809999465942383,25.809999465942383,25.65999984741211,25.674999237060547,6921,0.0,0.0
2022-11-28 14:30:00-05:00,25.68000030517578,25.700000762939453,25.600000381469727,25.600000381469727,6109,0.0,0.0
2022-11-28 15:30:00-05:00,25.579999923706055,25.709999084472656,25.559999465942383,25.709999084472656,17795,0.0,0.0
2022-11-29 09:30:00-05:00,25.719999313354492,25.829999923706055,25.649999618530273,25.799999237060547,3010,0.0,0.0
2022-11-29 10:30:00-05:00,25.75,25.75,25.56999969482422,25.639999389648438,14362,0.0,0.0
2022-11-29 11:30:00-05:00,25.59000015258789,25.759899139404297,25.59000015258789,25.759899139404297,2797,0.0,0.0
2022-11-29 12:30:00-05:00,25.690000534057617,25.739999771118164,25.649999618530273,25.649999618530273,4454,0.0,0.0
2022-11-29 13:30:00-05:00,25.631999969482422,25.729999542236328,25.6299991607666,25.6299991607666,7704,0.0,0.0
2022-11-29 14:30:00-05:00,25.604999542236328,25.65999984741211,25.559999465942383,25.614999771118164,13022,0.0,0.0
2022-11-29 15:30:00-05:00,25.604999542236328,25.6299991607666,25.459999084472656,25.5,46156,0.0,0.0
2022-11-30 09:30:00-05:00,25.549999237060547,25.71500015258789,24.979999542236328,25.010000228881836,8042,0.0,0.0
2022-11-30 10:30:00-05:00,24.989999771118164,25.190000534057617,24.989999771118164,25.190000534057617,5266,0.0,0.0
2022-11-30 11:30:00-05:00,25.24250030517578,25.270000457763672,25.18000030517578,25.219999313354492,5254,0.0,0.0
2022-11-30 12:30:00-05:00,25.209999084472656,25.280000686645508,25.209999084472656,25.280000686645508,2074,0.0,0.0
2022-11-30 13:30:00-05:00,25.260000228881836,25.989999771118164,25.25,25.920000076293945,14440,0.0,0.0
2022-11-30 14:30:00-05:00,25.94499969482422,26.020000457763672,25.8700008392334,25.8700008392334,15962,0.0,0.0
2022-11-30 15:30:00-05:00,25.850000381469727,26.149999618530273,25.75,26.06999969482422,74947,0.0,0.0
2022-12-01 09:30:00-05:00,25.989999771118164,25.989999771118164,25.520099639892578,25.6200008392334,5865,0.0,0.0
2022-12-01 10:30:00-05:00,25.649999618530273,25.850000381469727,25.649999618530273,25.799999237060547,15458,0.0,0.0
2022-12-01 11:30:00-05:00,25.799999237060547,26.030000686645508,25.799999237060547,25.920000076293945,25724,0.0,0.0
2022-12-01 12:30:00-05:00,25.889999389648438,25.90999984741211,25.790000915527344,25.809999465942383,14130,0.0,0.0
2022-12-01 13:30:00-05:00,25.81839942932129,25.81999969482422,25.709999084472656,25.780000686645508,7407,0.0,0.0
2022-12-01 14:30:00-05:00,25.829999923706055,25.899999618530273,25.790000915527344,25.81999969482422,10063,0.0,0.0
2022-12-01 15:30:00-05:00,25.81999969482422,25.905000686645508,25.790000915527344,25.790000915527344,22579,0.0,0.0
2022-12-02 09:30:00-05:00,25.59000015258789,25.6299991607666,25.450000762939453,25.450000762939453,7696,0.0,0.0
2022-12-02 10:30:00-05:00,25.510000228881836,25.604999542236328,25.459999084472656,25.489999771118164,7797,0.0,0.0
2022-12-02 11:30:00-05:00,25.5,25.600000381469727,25.479999542236328,25.51300048828125,5416,0.0,0.0
2022-12-02 12:30:00-05:00,25.489999771118164,25.5,25.43000030517578,25.43000030517578,4568,0.0,0.0
2022-12-02 13:30:00-05:00,25.434999465942383,25.549999237060547,25.434999465942383,25.489999771118164,5371,0.0,0.0
2022-12-02 14:30:00-05:00,25.489999771118164,25.600000381469727,25.469999313354492,25.520000457763672,14303,0.0,0.0
2022-12-02 15:30:00-05:00,25.520000457763672,25.610000610351562,25.450000762939453,25.59000015258789,17813,0.0,0.0
2022-12-05 09:30:00-05:00,25.549999237060547,25.571699142456055,24.809999465942383,24.809999465942383,9631,0.0,0.0
2022-12-05 10:30:00-05:00,24.809999465942383,24.809999465942383,24.6299991607666,24.780000686645508,14259,0.0,0.0
2022-12-05 11:30:00-05:00,24.719999313354492,24.780000686645508,24.59000015258789,24.690000534057617,13263,0.0,0.0
2022-12-05 12:30:00-05:00,24.69499969482422,24.950000762939453,24.690000534057617,24.836000442504883,11148,0.0,0.0
2022-12-05 13:30:00-05:00,24.809999465942383,24.860000610351562,24.690099716186523,24.799999237060547,9413,0.0,0.0
2022-12-05 14:30:00-05:00,24.809999465942383,24.8700008392334,24.75,24.75,14853,0.0,0.0
2022-12-05 15:30:00-05:00,24.780000686645508,24.885000228881836,24.770000457763672,24.850000381469727,22369,0.0,0.0
2022-12-06 09:30:00-05:00,24.75,24.950000762939453,24.75,24.834999084472656,9598,0.0,0.0
2022-12-06 10:30:00-05:00,24.739999771118164,24.899999618530273,24.725000381469727,24.81999969482422,6594,0.0,0.0
2022-12-06 11:30:00-05:00,24.829999923706055,24.829999923706055,24.795000076293945,24.809999465942383,2819,0.0,0.0
2022-12-06 12:30:00-05:00,24.795000076293945,24.809999465942383,24.719999313354492,24.75,5542,0.0,0.0
2022-12-06 13:30:00-05:00,24.790000915527344,24.790000915527344,24.739999771118164,24.770000457763672,5817,0.0,0.0
2022-12-06 14:30:00-05:00,24.739999771118164,24.829999923706055,24.729999542236328,24.729999542236328,5603,0.0,0.0
2022-12-06 15:30:00-05:00,24.75,24.8799991607666,24.75,24.8700008392334,15983,0.0,0.0
2022-12-07 09:30:00-05:00,24.780000686645508,24.8700008392334,24.670000076293945,24.8700008392334,5095,0.0,0.0
2022-12-07 10:30:00-05:00,24.93000030517578,25.020000457763672,24.920000076293945,24.940000534057617,6948,0.0,0.0
2022-12-07 11:30:00-05:00,24.899999618530273,24.899999618530273,24.729999542236328,24.75510025024414,4058,0.0,0.0
2022-12-07 12:30:00-05:00,24.75,24.780000686645508,24.700000762939453,24.709999084472656,8440,0.0,0.0
2022-12-07 13:30:00-05:00,24.700000762939453,24.700000762939453,24.56999969482422,24.584999084472656,5652,0.0,0.0
2022-12-07 14:30:00-05:00,24.579999923706055,24.6299991607666,24.56999969482422,24.6200008392334,17681,0.0,0.0
2022-12-07 15:30:00-05:00,24.6299991607666,24.6299991607666,24.56999969482422,24.56999969482422,17062,0.0,0.0
2022-12-08 09:30:00-05:00,24.610000610351562,24.860000610351562,24.600000381469727,24.790000915527344,4869,0.0,0.0
2022-12-08 10:30:00-05:00,24.829999923706055,24.889999389648438,24.68000030517578,24.739999771118164,7459,0.0,0.0
2022-12-08 11:30:00-05:00,24.739999771118164,24.790000915527344,24.700000762939453,24.700000762939453,3016,0.0,0.0
2022-12-08 12:30:00-05:00,24.65999984741211,24.690000534057617,24.610000610351562,24.690000534057617,3642,0.0,0.0
2022-12-08 13:30:00-05:00,24.690000534057617,24.760000228881836,24.6200008392334,24.6200008392334,4175,0.0,0.0
2022-12-08 14:30:00-05:00,24.639999389648438,24.65999984741211,24.579999923706055,24.6299991607666,7697,0.0,0.0
2022-12-08 15:30:00-05:00,24.670000076293945,24.729999542236328,24.600000381469727,24.700000762939453,17173,0.0,0.0
2022-12-09 09:30:00-05:00,24.65999984741211,24.829999923706055,24.65999984741211,24.780000686645508,9092,0.0,0.0
2022-12-09 10:30:00-05:00,24.809999465942383,24.829999923706055,24.709999084472656,24.790000915527344,10882,0.0,0.0
2022-12-09 11:30:00-05:00,24.799999237060547,24.90999984741211,24.799999237060547,24.885000228881836,7900,0.0,0.0
2022-12-09 12:30:00-05:00,24.889999389648438,24.979999542236328,24.889999389648438,24.93000030517578,7582,0.0,0.0
2022-12-09 13:30:00-05:00,24.920000076293945,24.959999084472656,24.780000686645508,24.8700008392334,8449,0.0,0.0
2022-12-09 14:30:00-05:00,24.8700008392334,24.899999618530273,24.780000686645508,24.780000686645508,9965,0.0,0.0
2022-12-09 15:30:00-05:00,24.770000457763672,24.829999923706055,24.709999084472656,24.799999237060547,27177,0.0,0.0
2022-12-12 09:30:00-05:00,24.920000076293945,24.920000076293945,24.75,24.8799991607666,21986,0.0,0.0
2022-12-12 10:30:00-05:00,24.899999618530273,25.104999542236328,24.885000228881836,25.104999542236328,17883,0.0,0.0
2022-12-12 11:30:00-05:00,25.1200008392334,25.149999618530273,25.09000015258789,25.125,14417,0.0,0.0
2022-12-12 12:30:00-05:00,25.15999984741211,25.229999542236328,25.15999984741211,25.209999084472656,6373,0.0,0.0
2022-12-12 13:30:00-05:00,25.209999084472656,25.290000915527344,25.170000076293945,25.18000030517578,9243,0.0,0.0
2022-12-12 14:30:00-05:00,25.18000030517578,25.290000915527344,25.170000076293945,25.290000915527344,13464,0.0,0.0
2022-12-12 15:30:00-05:00,25.280000686645508,25.280000686645508,25.149999618530273,25.200000762939453,33965,0.0,0.0
2022-12-13 09:30:00-05:00,25.600000381469727,25.780000686645508,25.34000015258789,25.350000381469727,47437,0.0,0.0
2022-12-13 10:30:00-05:00,25.360000610351562,25.479999542236328,25.31999969482422,25.354999542236328,15771,0.0,0.0
2022-12-13 11:30:00-05:00,25.360000610351562,25.3700008392334,25.1299991607666,25.1299991607666,11192,0.0,0.0
2022-12-13 12:30:00-05:00,25.1299991607666,25.18000030517578,25.079999923706055,25.18000030517578,9280,0.0,0.0
2022-12-13 13:30:00-05:00,25.170000076293945,25.209999084472656,25.110000610351562,25.165000915527344,13896,0.0,0.0
2022-12-13 14:30:00-05:00,25.149999618530273,25.200000762939453,25.040000915527344,25.141000747680664,18765,0.0,0.0
2022-12-13 15:30:00-05:00,25.174999237060547,25.299999237060547,25.1200008392334,25.200000762939453,46877,0.0,0.0
2022-12-14 09:30:00-05:00,25.329999923706055,25.329999923706055,25.1200008392334,25.239999771118164,11526,0.0,0.0
2022-12-14 10:30:00-05:00,25.260000228881836,25.334999084472656,25.2450008392334,25.31999969482422,5554,0.0,0.0
2022-12-14 11:30:00-05:00,25.309999465942383,25.309999465942383,25.25,25.25,8492,0.0,0.0
2022-12-14 12:30:00-05:00,25.219999313354492,25.25,25.200000762939453,25.219999313354492,4634,0.0,0.0
2022-12-14 13:30:00-05:00,25.239999771118164,25.260000228881836,25.045000076293945,25.1299991607666,16518,0.0,0.0
2022-12-14 14:30:00-05:00,25.100000381469727,25.200000762939453,24.899999618530273,25.0,45361,0.0,0.0
2022-12-14 15:30:00-05:00,25.0,25.06999969482422,24.860000610351562,25.010000228881836,53134,0.0,0.0
2022-12-15 09:30:00-05:00,24.790000915527344,24.809999465942383,24.6299991607666,24.809999465942383,13592,0.0,0.0
2022-12-15 10:30:00-05:00,24.809999465942383,24.889999389648438,24.739999771118164,24.739999771118164,18384,0.0,0.0
2022-12-15 11:30:00-05:00,24.709999084472656,24.709999084472656,24.540000915527344,24.579999923706055,10080,0.0,0.0
2022-12-15 12:30:00-05:00,24.610000610351562,24.649999618530273,24.549999237060547,24.579999923706055,13362,0.0,0.0
2022-12-15 13:30:00-05:00,24.549999237060547,24.579999923706055,24.43000030517578,24.44499969482422,21083,0.0,0.0
2022-12-15 14:30:00-05:00,24.479999542236328,24.610000610351562,24.479999542236328,24.604999542236328,13024,0.0,0.0
2022-12-15 15:30:00-05:00,24.614999771118164,24.639999389648438,24.5,24.530000686645508,26055,0.0,0.0
2022-12-16 09:30:00-05:00,24.59000015258789,24.799999237060547,24.450000762939453,24.510000228881836,104283,0.0,0.0
2022-12-16 10:30:00-05:00,24.530000686645508,24.649999618530273,24.450000762939453,24.4950008392334,12951,0.0,0.0
2022-12-16 11:30:00-05:00,24.479999542236328,24.479999542236328,24.3799991607666,24.389999389648438,6372,0.0,0.0
2022-12-16 12:30:00-05:00,24.399999618530273,24.405000686645508,24.290000915527344,24.344999313354492,6481,0.0,0.0
2022-12-16 13:30:00-05:00,24.350000381469727,24.450000762939453,24.344999313354492,24.385000228881836,10077,0.0,0.0
2022-12-16 14:30:00-05:00,24.334999084472656,24.420000076293945,24.31999969482422,24.389999389648438,8414,0.0,0.0
2022-12-16 15:30:00-05:00,24.40999984741211,24.44499969482422,24.280000686645508,24.280000686645508,30084,0.0,0.0
2022-12-19 09:30:00-05:00,24.280000686645508,24.920000076293945,24.16010093688965,24.770000457763672,15468,0.0,0.0
2022-12-19 10:30:00-05:00,24.809999465942383,24.81999969482422,24.610000610351562,24.610000610351562,4414,0.0,0.0
2022-12-19 11:30:00-05:00,24.610000610351562,24.610000610351562,24.440000534057617,24.440000534057617,6265,0.0,0.0
2022-12-19 12:30:00-05:00,24.469999313354492,24.489999771118164,24.43000030517578,24.440000534057617,9375,0.0,0.0
2022-12-19 13:30:00-05:00,24.389999389648438,24.389999389648438,24.280000686645508,24.290000915527344,3800,0.0,0.0
2022-12-19 14:30:00-05:00,24.280000686645508,24.329999923706055,24.229999542236328,24.329999923706055,11330,0.0,0.0
2022-12-19 15:30:00-05:00,24.3799991607666,24.440000534057617,24.290000915527344,24.3700008392334,32078,0.0,0.0
2022-12-20 09:30:00-05:00,24.450000762939453,24.559999465942383,24.420000076293945,24.549999237060547,8435,0.0,0.0
2022-12-20 10:30:00-05:00,24.59000015258789,24.6299991607666,24.475000381469727,24.489999771118164,6720,0.0,0.0
2022-12-20 11:30:00-05:00,24.5,24.56999969482422,24.489999771118164,24.489999771118164,6905,0.0,0.0
2022-12-20 12:30:00-05:00,24.479999542236328,24.56999969482422,24.479999542236328,24.56999969482422,4439,0.0,0.0
2022-12-20 13:30:00-05:00,24.559999465942383,24.68000030517578,24.540000915527344,24.600000381469727,8594,0.0,0.0
2022-12-20 14:30:00-05:00,24.600000381469727,24.6200008392334,24.559999465942383,24.610000610351562,9748,0.0,0.0
2022-12-20 15:30:00-05:00,24.610000610351562,24.670000076293945,24.549999237060547,24.549999237060547,15289,0.0,0.0
2022-12-21 09:30:00-05:00,24.8700008392334,24.96500015258789,24.68000030517578,24.96500015258789,0,0.0,0.0
2022-12-21 10:30:00-05:00,25.010000228881836,25.25,25.0,25.209999084472656,13554,0.0,0.0
2022-12-21 11:30:00-05:00,25.200000762939453,25.200000762939453,25.09000015258789,25.110000610351562,6067,0.0,0.0
2022-12-21 12:30:00-05:00,25.1200008392334,25.15999984741211,25.049999237060547,25.049999237060547,5256,0.0,0.0
2022-12-21 13:30:00-05:00,25.010000228881836,25.079999923706055,24.969999313354492,24.979999542236328,22822,0.0,0.0
2022-12-21 14:30:00-05:00,24.969999313354492,24.969999313354492,24.920000076293945,24.950000762939453,5832,0.0,0.0
2022-12-21 15:30:00-05:00,24.969999313354492,25.020000457763672,24.950000762939453,25.010000228881836,17210,0.0,0.0
2022-12-22 09:30:00-05:00,24.969999313354492,24.969999313354492,24.559999465942383,24.635000228881836,4371,0.0,0.0
2022-12-22 10:30:00-05:00,24.549999237060547,24.690000534057617,24.540000915527344,24.6299991607666,6002,0.0,0.0
2022-12-22 11:30:00-05:00,24.6200008392334,24.6200008392334,24.579999923706055,24.6200008392334,4271,0.0,0.0
2022-12-22 12:30:00-05:00,24.520000457763672,24.540000915527344,24.479999542236328,24.530000686645508,3777,0.0,0.0
2022-12-22 13:30:00-05:00,24.530000686645508,24.540000915527344,24.459999084472656,24.540000915527344,7626,0.0,0.0
2022-12-22 14:30:00-05:00,24.559999465942383,24.709999084472656,24.559999465942383,24.70009994506836,6139,0.0,0.0
2022-12-22 15:30:00-05:00,24.709999084472656,24.860000610351562,24.709999084472656,24.84000015258789,21995,0.0,0.0
2022-12-23 09:30:00-05:00,24.850000381469727,24.93000030517578,24.850000381469727,24.93000030517578,4474,0.0,0.0
2022-12-23 10:30:00-05:00,25.010000228881836,25.010000228881836,24.915000915527344,24.915000915527344,4963,0.0,0.0
2022-12-23 11:30:00-05:00,24.90999984741211,25.040000915527344,24.900100708007812,24.950000762939453,17124,0.0,0.0
2022-12-23 12:30:00-05:00,24.979999542236328,24.989999771118164,24.889999389648438,24.93000030517578,7494,0.0,0.0
2022-12-23 13:30:00-05:00,24.954999923706055,24.954999923706055,24.889999389648438,24.899999618530273,10130,0.0,0.0
2022-12-23 14:30:00-05:00,24.899999618530273,25.030000686645508,24.899999618530273,24.920000076293945,13075,0.0,0.0
2022-12-23 15:30:00-05:00,24.955299377441406,24.989999771118164,24.90999984741211,24.985000610351562,21927,0.0,0.0
2022-12-27 09:30:00-05:00,25.1299991607666,25.1299991607666,24.790000915527344,25.079999923706055,11275,0.0,0.0
2022-12-27 10:30:00-05:00,25.15999984741211,25.190000534057617,25.06999969482422,25.06999969482422,4679,0.0,0.0
2022-12-27 11:30:00-05:00,25.100000381469727,25.125,25.09000015258789,25.110000610351562,2375,0.0,0.0
2022-12-27 12:30:00-05:00,25.1200008392334,25.145000457763672,25.079999923706055,25.114999771118164,5418,0.0,0.0
2022-12-27 13:30:00-05:00,25.100000381469727,25.100000381469727,24.889999389648438,24.889999389648438,7992,0.0,0.0
2022-12-27 14:30:00-05:00,24.889999389648438,24.969999313354492,24.860000610351562,24.940000534057617,8178,0.0,0.0
2022-12-27 15:30:00-05:00,24.950000762939453,24.959999084472656,24.920000076293945,24.940000534057617,17592,0.0,0.0
2022-12-28 09:30:00-05:00,25.15999984741211,25.15999984741211,24.8700008392334,24.90999984741211,0,0.0,0.0
2022-12-28 10:30:00-05:00,24.8799991607666,24.959999084472656,24.829999923706055,24.860000610351562,9117,0.0,0.0
2022-12-28 11:30:00-05:00,24.850299835205078,24.899999618530273,24.75,24.764999389648438,9095,0.0,0.0
2022-12-28 12:30:00-05:00,24.780000686645508,24.885000228881836,24.780000686645508,24.844999313354492,5899,0.0,0.0
2022-12-28 13:30:00-05:00,24.829999923706055,24.850000381469727,24.760000228881836,24.774999618530273,7141,0.0,0.0
2022-12-28 14:30:00-05:00,24.799999237060547,24.81999969482422,24.665000915527344,24.670000076293945,7791,0.0,0.0
2022-12-28 15:30:00-05:00,24.68000030517578,24.690000534057617,24.604999542236328,24.65999984741211,14385,0.0,0.0
2022-12-29 09:30:00-05:00,24.860000610351562,24.940000534057617,24.68000030517578,24.860000610351562,6627,0.0,0.0
2022-12-29 10:30:00-05:00,24.84000015258789,24.895000457763672,24.7549991607666,24.790000915527344,6238,0.0,0.0
2022-12-29 11:30:00-05:00,24.799999237060547,24.950000762939453,24.799999237060547,24.915000915527344,7242,0.0,0.0
2022-12-29 12:30:00-05:00,24.915000915527344,24.959999084472656,24.850000381469727,24.850000381469727,9489,0.0,0.0
2022-12-29 13:30:00-05:00,24.84000015258789,24.8799991607666,24.790000915527344,24.850000381469727,8298,0.0,0.0
2022-12-29 14:30:00-05:00,24.850000381469727,24.8799991607666,24.790000915527344,24.809999465942383,12492,0.0,0.0
2022-12-29 15:30:00-05:00,24.81999969482422,24.899999618530273,24.81999969482422,24.850000381469727,28483,0.0,0.0
2022-12-30 09:30:00-05:00,24.81999969482422,24.81999969482422,24.6200008392334,24.780000686645508,18196,0.0,0.0
2022-12-30 10:30:00-05:00,24.770000457763672,24.850000381469727,24.770000457763672,24.780000686645508,11228,0.0,0.0
2022-12-30 11:30:00-05:00,24.770000457763672,24.850000381469727,24.770000457763672,24.825000762939453,5790,0.0,0.0
2022-12-30 12:30:00-05:00,24.84000015258789,24.860000610351562,24.670000076293945,24.670000076293945,11161,0.0,0.0
2022-12-30 13:30:00-05:00,24.670000076293945,24.760000228881836,24.65999984741211,24.709999084472656,9782,0.0,0.0
2022-12-30 14:30:00-05:00,24.700000762939453,24.700000762939453,24.575000762939453,24.610000610351562,15250,0.0,0.0
2022-12-30 15:30:00-05:00,24.610000610351562,24.790000915527344,24.610000610351562,24.709999084472656,36110,0.0,0.0
2023-01-03 09:30:00-05:00,24.709999084472656,24.850000381469727,24.420000076293945,24.530000686645508,21392,0.0,0.0
2023-01-03 10:30:00-05:00,24.579999923706055,24.770000457763672,24.56999969482422,24.610000610351562,7258,0.0,0.0
2023-01-03 11:30:00-05:00,24.59000015258789,24.600000381469727,24.440000534057617,24.450000762939453,6481,0.0,0.0
2023-01-03 12:30:00-05:00,24.489999771118164,24.559999465942383,24.420000076293945,24.559999465942383,4718,0.0,0.0
2023-01-03 13:30:00-05:00,24.549999237060547,24.56999969482422,24.399999618530273,24.399999618530273,7307,0.0,0.0
2023-01-03 14:30:00-05:00,24.3799991607666,24.540000915527344,24.34000015258789,24.489999771118164,13037,0.0,0.0
2023-01-03 15:30:00-05:00,24.489999771118164,24.65999984741211,24.489999771118164,24.579999923706055,38322,0.0,0.0
2023-01-04 09:30:00-05:00,24.790000915527344,24.93000030517578,24.780000686645508,24.860000610351562,5911,0.0,0.0
2023-01-04 10:30:00-05:00,24.790000915527344,24.90999984741211,24.790000915527344,24.889999389648438,3474,0.0,0.0
2023-01-04 11:30:00-05:00,24.899999618530273,24.940000534057617,24.760000228881836,24.760000228881836,3680,0.0,0.0
2023-01-04 12:30:00-05:00,24.729999542236328,24.780000686645508,24.625,24.6299991607666,5964,0.0,0.0
2023-01-04 13:30:00-05:00,24.639999389648438,24.649999618530273,24.5,24.530000686645508,10152,0.0,0.0
2023-01-04 14:30:00-05:00,24.540000915527344,24.614999771118164,24.5,24.559999465942383,9232,0.0,0.0
2023-01-04 15:30:00-05:00,24.524999618530273,24.559999465942383,24.389999389648438,24.540000915527344,28993,0.0,0.0
2023-01-05 09:30:00-05:00,24.440000534057617,24.440000534057617,24.290000915527344,24.290000915527344,4313,0.0,0.0
2023-01-05 10:30:00-05:00,24.270000457763672,24.350000381469727,24.110000610351562,24.110000610351562,6987,0.0,0.0
2023-01-05 11:30:00-05:00,24.1200008392334,24.25,24.1200008392334,24.204999923706055,2364,0.0,0.0
2023-01-05 12:30:00-05:00,24.229999542236328,24.3799991607666,24.200000762939453,24.34000015258789,5194,0.0,0.0
2023-01-05 13:30:00-05:00,24.3700008392334,24.440000534057617,24.360000610351562,24.420000076293945,5235,0.0,0.0
2023-01-05 14:30:00-05:00,24.3700008392334,24.4950008392334,24.25,24.290000915527344,8914,0.0,0.0
2023-01-05 15:30:00-05:00,24.290000915527344,24.360000610351562,24.260000228881836,24.280000686645508,15844,0.0,0.0
2023-01-06 09:30:00-05:00,24.5,24.670000076293945,24.40999984741211,24.549999237060547,13666,0.0,0.0
2023-01-06 10:30:00-05:00,24.579999923706055,24.790000915527344,24.579999923706055,24.729999542236328,8607,0.0,0.0
2023-01-06 11:30:00-05:00,24.75,24.809999465942383,24.739999771118164,24.760000228881836,6149,0.0,0.0
2023-01-06 12:30:00-05:00,24.68000030517578,24.729999542236328,24.68000030517578,24.729999542236328,2039,0.0,0.0
2023-01-06 13:30:00-05:00,24.719999313354492,24.770000457763672,24.700000762939453,24.760000228881836,6053,0.0,0.0
2023-01-06 14:30:00-05:00,24.760000228881836,24.8700008392334,24.760000228881836,24.799999237060547,6897,0.0,0.0
2023-01-06 15:30:00-05:00,24.809999465942383,24.81999969482422,24.739999771118164,24.809999465942383,18289,0.0,0.0
2023-01-09 09:30:00-05:00,24.899999618530273,24.899999618530273,24.735000610351562,24.81999969482422,8184,0.0,0.0
2023-01-09 10:30:00-05:00,24.809999465942383,24.8799991607666,24.809999465942383,24.81999969482422,2866,0.0,0.0
2023-01-09 11:30:00-05:00,24.790000915527344,24.829999923706055,24.770000457763672,24.780000686645508,2814,0.0,0.0
2023-01-09 12:30:00-05:00,24.690000534057617,24.690000534057617,24.6200008392334,24.6200008392334,1708,0.0,0.0
2023-01-09 13:30:00-05:00,24.610000610351562,24.610000610351562,24.469999313354492,24.5049991607666,7695,0.0,0.0
2023-01-09 14:30:00-05:00,24.469999313354492,24.469999313354492,24.350000381469727,24.3799991607666,12844,0.0,0.0
2023-01-09 15:30:00-05:00,24.360000610351562,24.360000610351562,24.290000915527344,24.299999237060547,28199,0.0,0.0
2023-01-10 09:30:00-05:00,24.3799991607666,24.389999389648438,24.139999389648438,24.389999389648438,14879,0.0,0.0
2023-01-10 10:30:00-05:00,24.385000228881836,24.739999771118164,24.3799991607666,24.719999313354492,10782,0.0,0.0
2023-01-10 11:30:00-05:00,24.739999771118164,24.799999237060547,24.65999984741211,24.65999984741211,8623,0.0,0.0
2023-01-10 12:30:00-05:00,24.670499801635742,24.735000610351562,24.670499801635742,24.700000762939453,2365,0.0,0.0
2023-01-10 13:30:00-05:00,24.69499969482422,24.739999771118164,24.660600662231445,24.660600662231445,5989,0.0,0.0
2023-01-10 14:30:00-05:00,24.690000534057617,24.690000534057617,24.559999465942383,24.610000610351562,6354,0.0,0.0
2023-01-10 15:30:00-05:00,24.549999237060547,24.6200008392334,24.549999237060547,24.600000381469727,15392,0.0,0.0
2023-01-11 09:30:00-05:00,24.739999771118164,24.959999084472656,24.459999084472656,24.530000686645508,6175,0.0,0.0
2023-01-11 10:30:00-05:00,24.510000228881836,24.540000915527344,24.399999618530273,24.415000915527344,5986,0.0,0.0
2023-01-11 11:30:00-05:00,24.399999618530273,24.420000076293945,24.360000610351562,24.360000610351562,7070,0.0,0.0
2023-01-11 12:30:00-05:00,24.34000015258789,24.434999465942383,24.34000015258789,24.399999618530273,3366,0.0,0.0
2023-01-11 13:30:00-05:00,24.43000030517578,24.469999313354492,24.34000015258789,24.469999313354492,6171,0.0,0.0
2023-01-11 14:30:00-05:00,24.469999313354492,24.520000457763672,24.469999313354492,24.4950008392334,5357,0.0,0.0
2023-01-11 15:30:00-05:00,24.479999542236328,24.549999237060547,24.475000381469727,24.540000915527344,17428,0.0,0.0
2023-01-12 09:30:00-05:00,24.700000762939453,24.850000381469727,24.700000762939453,24.850000381469727,2819,0.0,0.0
2023-01-12 10:30:00-05:00,24.8799991607666,24.959999084472656,24.860000610351562,24.959999084472656,2411,0.0,0.0
2023-01-12 11:30:00-05:00,24.90999984741211,25.049999237060547,24.8799991607666,25.020000457763672,4972,0.0,0.0
2023-01-12 12:30:00-05:00,25.0,25.09000015258789,24.959999084472656,24.989999771118164,6113,0.0,0.0
2023-01-12 13:30:00-05:00,24.979999542236328,25.110000610351562,24.969999313354492,25.030000686645508,10157,0.0,0.0
2023-01-12 14:30:00-05:00,25.020000457763672,25.059999465942383,24.950000762939453,24.969100952148438,7960,0.0,0.0
2023-01-12 15:30:00-05:00,24.959999084472656,24.979999542236328,24.8799991607666,24.959999084472656,12584,0.0,0.0
2023-01-13 09:30:00-05:00,24.780000686645508,24.780000686645508,24.399999618530273,24.479999542236328,14286,0.0,0.0
2023-01-13 10:30:00-05:00,24.485000610351562,24.73550033569336,24.450000762939453,24.709999084472656,8255,0.0,0.0
2023-01-13 11:30:00-05:00,24.670000076293945,24.704999923706055,24.6299991607666,24.700000762939453,19753,0.0,0.0
2023-01-13 12:30:00-05:00,24.700000762939453,24.760000228881836,24.665000915527344,24.690000534057617,10905,0.0,0.0
2023-01-13 13:30:00-05:00,24.700000762939453,24.84000015258789,24.670000076293945,24.780000686645508,17669,0.0,0.0
2023-01-13 14:30:00-05:00,24.81999969482422,25.030000686645508,24.809999465942383,25.030000686645508,9440,0.0,0.0
2023-01-13 15:30:00-05:00,25.040000915527344,25.084999084472656,24.959999084472656,24.979999542236328,14330,0.0,0.0
2023-01-17 09:30:00-05:00,25.010000228881836,25.010000228881836,24.600000381469727,24.75,12854,0.0,0.0
2023-01-17 10:30:00-05:00,24.65999984741211,24.65999984741211,24.6200008392334,24.639999389648438,2463,0.0,0.0
2023-01-17 11:30:00-05:00,24.649999618530273,24.725000381469727,24.639999389648438,24.725000381469727,3413,0.0,0.0
2023-01-17 12:30:00-05:00,24.75,24.864999771118164,24.75,24.860000610351562,13862,0.0,0.0
2023-01-17 13:30:00-05:00,24.864999771118164,24.920000076293945,24.81999969482422,24.81999969482422,5602,0.0,0.0
2023-01-17 14:30:00-05:00,24.829999923706055,24.875,24.809999465942383,24.860000610351562,9664,0.0,0.0
2023-01-17 15:30:00-05:00,24.850000381469727,24.8799991607666,24.809999465942383,24.850000381469727,14469,0.0,0.0
2023-01-18 09:30:00-05:00,24.770000457763672,24.770000457763672,24.229999542236328,24.440000534057617,12035,0.0,0.0
2023-01-18 10:30:00-05:00,24.389999389648438,24.389999389648438,24.25,24.290000915527344,19206,0.0,0.0
2023-01-18 11:30:00-05:00,24.190000534057617,24.260000228881836,24.15999984741211,24.229999542236328,5354,0.0,0.0
2023-01-18 12:30:00-05:00,24.200000762939453,24.200000762939453,24.06999969482422,24.1299991607666,7864,0.0,0.0
2023-01-18 13:30:00-05:00,24.18000030517578,24.280000686645508,24.049999237060547,24.059999465942383,9881,0.0,0.0
2023-01-18 14:30:00-05:00,24.099000930786133,24.101499557495117,23.989999771118164,24.030000686645508,13919,0.0,0.0
2023-01-18 15:30:00-05:00,24.040000915527344,24.040000915527344,23.969999313354492,24.0,33245,0.0,0.0
2023-01-19 09:30:00-05:00,23.6299991607666,23.8700008392334,23.6299991607666,23.842500686645508,10590,0.0,0.0
2023-01-19 10:30:00-05:00,23.860000610351562,23.860000610351562,23.65999984741211,23.670000076293945,8911,0.0,0.0
2023-01-19 11:30:00-05:00,23.719999313354492,23.790000915527344,23.719999313354492,23.75,5355,0.0,0.0
2023-01-19 12:30:00-05:00,23.729999542236328,23.84000015258789,23.700000762939453,23.84000015258789,4217,0.0,0.0
2023-01-19 13:30:00-05:00,23.860000610351562,23.90999984741211,23.850000381469727,23.889999389648438,7274,0.0,0.0
2023-01-19 14:30:00-05:00,23.8700008392334,23.905000686645508,23.760000228881836,23.809999465942383,9932,0.0,0.0
2023-01-19 15:30:00-05:00,23.790000915527344,23.889999389648438,23.790000915527344,23.885000228881836,10394,0.0,0.0
2023-01-20 09:30:00-05:00,24.1200008392334,24.1200008392334,23.889999389648438,23.989999771118164,31005,0.0,0.0
2023-01-20 10:30:00-05:00,24.0,24.040000915527344,23.829999923706055,23.90999984741211,7730,0.0,0.0
2023-01-20 11:30:00-05:00,23.889999389648438,23.920000076293945,23.81999969482422,23.885000228881836,7496,0.0,0.0
2023-01-20 12:30:00-05:00,23.850000381469727,23.850000381469727,23.739999771118164,23.739999771118164,4996,0.0,0.0
2023-01-20 13:30:00-05:00,23.770000457763672,23.860000610351562,23.770000457763672,23.860000610351562,7988,0.0,0.0
2023-01-20 14:30:00-05:00,23.90999984741211,24.020000457763672,23.90999984741211,23.979999542236328,10302,0.0,0.0
2023-01-20 15:30:00-05:00,23.979999542236328,24.030000686645508,23.899999618530273,24.030000686645508,17211,0.0,0.0
2023-01-23 09:30:00-05:00,24.059999465942383,24.100000381469727,23.8700008392334,23.985000610351562,12947,0.0,0.0
2023-01-23 10:30:00-05:00,23.979999542236328,24.18000030517578,23.979999542236328,24.170000076293945,13632,0.0,0.0
2023-01-23 11:30:00-05:00,24.165000915527344,24.229999542236328,24.15999984741211,24.225000381469727,9765,0.0,0.0
2023-01-23 12:30:00-05:00,24.225000381469727,24.325000762939453,24.200000762939453,24.325000762939453,8921,0.0,0.0
2023-01-23 13:30:00-05:00,24.325000762939453,24.329999923706055,24.139999389648438,24.190000534057617,17698,0.0,0.0
2023-01-23 14:30:00-05:00,24.18000030517578,24.18000030517578,23.979999542236328,24.100000381469727,19395,0.0,0.0
2023-01-23 15:30:00-05:00,24.100000381469727,24.18000030517578,24.079999923706055,24.079999923706055,47261,0.0,0.0
2023-01-24 09:30:00-05:00,24.18000030517578,24.18000030517578,23.860000610351562,24.059999465942383,21527,0.0,0.0
2023-01-24 10:30:00-05:00,24.065000534057617,24.204999923706055,24.030000686645508,24.079999923706055,15520,0.0,0.0
2023-01-24 11:30:00-05:00,24.079999923706055,24.1200008392334,23.940000534057617,24.094999313354492,14782,0.0,0.0
2023-01-24 12:30:00-05:00,24.100000381469727,24.15999984741211,24.030000686645508,24.15999984741211,13998,0.0,0.0
2023-01-24 13:30:00-05:00,24.135000228881836,24.18000030517578,24.09000015258789,24.135000228881836,18063,0.0,0.0
2023-01-24 14:30:00-05:00,24.1299991607666,24.219999313354492,24.079999923706055,24.09000015258789,21606,0.0,0.0
2023-01-24 15:30:00-05:00,24.100000381469727,24.1200008392334,24.010000228881836,24.030000686645508,44515,0.0,0.0
2023-01-25 09:30:00-05:00,23.520000457763672,23.790000915527344,22.530000686645508,22.530000686645508,51267,0.0,0.0
2023-01-25 10:30:00-05:00,22.520000457763672,22.559999465942383,22.09000015258789,22.350000381469727,49388,0.0,0.0
2023-01-25 11:30:00-05:00,22.399999618530273,23.049999237060547,22.399999618530273,22.579999923706055,28493,0.0,0.0
2023-01-25 12:30:00-05:00,22.579999923706055,22.700000762939453,22.575000762939453,22.639999389648438,71498,0.0,0.0
2023-01-25 13:30:00-05:00,22.639999389648438,22.639999389648438,22.325000762939453,22.510000228881836,26371,0.0,0.0
2023-01-25 14:30:00-05:00,22.549999237060547,22.71500015258789,22.530000686645508,22.71500015258789,28080,0.0,0.0
2023-01-25 15:30:00-05:00,22.71500015258789,22.75,22.645000457763672,22.649999618530273,62841,0.0,0.0
2023-01-26 09:30:00-05:00,22.799999237060547,22.799999237060547,22.15999984741211,22.15999984741211,20241,0.0,0.0
2023-01-26 10:30:00-05:00,22.174999237060547,22.190000534057617,21.90999984741211,21.959999084472656,20523,0.0,0.0
2023-01-26 11:30:00-05:00,21.959999084472656,22.489999771118164,21.959999084472656,22.469999313354492,25579,0.0,0.0
2023-01-26 12:30:00-05:00,22.469999313354492,22.469999313354492,22.165000915527344,22.260000228881836,14640,0.0,0.0
2023-01-26 13:30:00-05:00,22.239999771118164,22.280000686645508,22.149999618530273,22.184999465942383,30468,0.0,0.0
2023-01-26 14:30:00-05:00,22.174999237060547,22.280000686645508,22.110000610351562,22.209999084472656,19013,0.0,0.0
2023-01-26 15:30:00-05:00,22.209999084472656,22.520000457763672,22.190000534057617,22.520000457763672,86277,0.0,0.0
2023-01-27 09:30:00-05:00,22.479999542236328,22.799999237060547,22.302000045776367,22.69499969482422,25834,0.0,0.0
2023-01-27 10:30:00-05:00,22.670000076293945,22.68000030517578,22.459999084472656,22.56999969482422,10140,0.0,0.0
2023-01-27 11:30:00-05:00,22.56999969482422,22.690000534057617,22.569900512695312,22.6200008392334,9932,0.0,0.0
2023-01-27 12:30:00-05:00,22.610000610351562,22.68000030517578,22.530000686645508,22.559999465942383,9950,0.0,0.0
2023-01-27 13:30:00-05:00,22.56999969482422,22.690000534057617,22.56999969482422,22.649999618530273,14403,0.0,0.0
2023-01-27 14:30:00-05:00,22.635000228881836,22.81999969482422,22.6200008392334,22.71500015258789,36556,0.0,0.0
2023-01-27 15:30:00-05:00,22.729999542236328,22.90999984741211,22.729999542236328,22.860000610351562,46553,0.0,0.0
2023-01-30 09:30:00-05:00,22.850000381469727,23.350000381469727,22.690000534057617,23.31999969482422,36440,0.0,0.0
2023-01-30 10:30:00-05:00,23.34000015258789,23.43000030517578,23.229999542236328,23.354999542236328,17128,0.0,0.0
2023-01-30 11:30:00-05:00,23.3700008392334,23.3799991607666,23.190000534057617,23.270000457763672,12061,0.0,0.0
2023-01-30 12:30:00-05:00,23.309999465942383,23.309999465942383,23.100000381469727,23.190000534057617,16794,0.0,0.0
2023-01-30 13:30:00-05:00,23.209999084472656,23.290000915527344,23.020000457763672,23.040000915527344,26357,0.0,0.0
2023-01-30 14:30:00-05:00,23.020000457763672,23.139999389648438,23.010000228881836,23.1200008392334,39013,0.0,0.0
2023-01-30 15:30:00-05:00,23.110000610351562,23.15999984741211,22.969999313354492,23.010000228881836,41672,0.0,0.0
2023-01-31 09:30:00-05:00,23.040000915527344,23.3700008392334,23.020099639892578,23.135000228881836,78926,0.0,0.0
2023-01-31 10:30:00-05:00,23.1299991607666,23.6200008392334,23.1299991607666,23.59000015258789,82478,0.0,0.0
2023-01-31 11:30:00-05:00,23.56999969482422,23.700000762939453,23.559999465942383,23.6299991607666,18069,0.0,0.0
2023-01-31 12:30:00-05:00,23.635000228881836,23.700000762939453,23.610000610351562,23.655000686645508,19420,0.0,0.0
2023-01-31 13:30:00-05:00,23.639999389648438,23.780000686645508,23.6200008392334,23.7549991607666,30323,0.0,0.0
2023-01-31 14:30:00-05:00,23.7549991607666,23.770000457763672,23.65999984741211,23.700000762939453,32606,0.0,0.0
2023-01-31 15:30:00-05:00,23.729999542236328,23.8799991607666,23.6299991607666,23.84000015258789,62844,0.0,0.0
2023-02-01 09:30:00-05:00,23.809999465942383,23.889999389648438,23.651100158691406,23.834999084472656,18715,0.0,0.0
2023-02-01 10:30:00-05:00,23.84000015258789,23.969999313354492,23.81999969482422,23.959999084472656,23103,0.0,0.0
2023-02-01 11:30:00-05:00,23.975000381469727,24.09000015258789,23.975000381469727,24.09000015258789,40582,0.0,0.0
2023-02-01 12:30:00-05:00,24.100000381469727,24.18000030517578,24.06999969482422,24.09000015258789,9640,0.0,0.0
2023-02-01 13:30:00-05:00,24.110000610351562,24.190000534057617,23.989999771118164,24.020000457763672,14422,0.0,0.0
2023-02-01 14:30:00-05:00,24.010000228881836,24.309999465942383,23.940000534057617,24.170000076293945,40842,0.0,0.0
2023-02-01 15:30:00-05:00,24.190000534057617,24.315000534057617,24.010000228881836,24.15999984741211,56781,0.0,0.0
2023-02-02 09:30:00-05:00,24.1299991607666,24.309999465942383,24.020000457763672,24.239999771118164,31488,0.0,0.0
2023-02-02 10:30:00-05:00,24.34000015258789,24.579999923706055,24.34000015258789,24.514999389648438,22079,0.0,0.0
2023-02-02 11:30:00-05:00,24.510000228881836,24.510000228881836,24.34000015258789,24.375,10618,0.0,0.0
2023-02-02 12:30:00-05:00,24.350000381469727,24.440000534057617,24.34000015258789,24.399999618530273,16482,0.0,0.0
2023-02-02 13:30:00-05:00,24.420000076293945,24.549999237060547,24.399999618530273,24.440000534057617,13614,0.0,0.0
2023-02-02 14:30:00-05:00,24.424999237060547,24.524999618530273,24.389999389648438,24.485000610351562,30341,0.0,0.0
2023-02-02 15:30:00-05:00,24.489999771118164,24.75,24.479999542236328,24.729999542236328,61934,0.0,0.0
2023-02-03 09:30:00-05:00,24.65999984741211,24.710500717163086,24.524999618530273,24.700000762939453,10020,0.0,0.0
2023-02-03 10:30:00-05:00,24.704999923706055,24.809999465942383,24.700000762939453,24.780000686645508,11534,0.0,0.0
2023-02-03 11:30:00-05:00,24.799999237060547,24.799999237060547,24.684999465942383,24.770000457763672,10489,0.0,0.0
2023-02-03 12:30:00-05:00,24.780000686645508,24.920000076293945,24.510000228881836,24.540000915527344,98346,0.0,0.0
2023-02-03 13:30:00-05:00,24.540000915527344,24.75,24.53499984741211,24.690000534057617,77029,0.0,0.0
2023-02-03 14:30:00-05:00,24.649999618530273,24.8700008392334,24.514999389648438,24.829999923706055,61895,0.0,0.0
2023-02-03 15:30:00-05:00,24.829999923706055,24.93000030517578,24.75,24.889999389648438,57391,0.0,0.0
2023-02-06 09:30:00-05:00,24.809999465942383,24.809999465942383,24.479999542236328,24.479999542236328,8574,0.0,0.0
2023-02-06 10:30:00-05:00,24.389999389648438,24.59000015258789,24.389999389648438,24.59000015258789,4197,0.0,0.0
2023-02-06 11:30:00-05:00,24.610000610351562,24.6200008392334,24.549999237060547,24.59000015258789,9643,0.0,0.0
2023-02-06 12:30:00-05:00,24.610000610351562,24.610000610351562,24.489999771118164,24.489999771118164,10125,0.0,0.0
2023-02-06 13:30:00-05:00,24.459999084472656,24.559999465942383,24.440000534057617,24.520000457763672,18923,0.0,0.0
2023-02-06 14:30:00-05:00,24.510000228881836,24.510000228881836,24.389999389648438,24.420000076293945,19101,0.0,0.0
2023-02-06 15:30:00-05:00,24.3799991607666,24.6200008392334,24.3700008392334,24.59000015258789,33707,0.0,0.0
2023-02-07 09:30:00-05:00,24.520000457763672,24.540000915527344,24.229999542236328,24.530000686645508,11478,0.0,0.0
2023-02-07 10:30:00-05:00,24.59000015258789,24.6200008392334,24.540000915527344,24.604999542236328,10263,0.0,0.0
2023-02-07 11:30:00-05:00,24.635000228881836,24.670000076293945,24.600000381469727,24.600000381469727,7474,0.0,0.0
2023-02-07 12:30:00-05:00,24.600000381469727,24.8799991607666,24.600000381469727,24.729999542236328,24394,0.0,0.0
2023-02-07 13:30:00-05:00,24.709999084472656,24.854999542236328,24.56999969482422,24.850000381469727,25071,0.0,0.0
2023-02-07 14:30:00-05:00,24.829999923706055,24.899999618530273,24.700000762939453,24.75,13569,0.0,0.0
2023-02-07 15:30:00-05:00,24.770000457763672,24.860000610351562,24.719999313354492,24.809999465942383,29455,0.0,0.0
2023-02-08 09:30:00-05:00,24.690000534057617,24.940000534057617,24.59000015258789,24.719999313354492,4475,0.0,0.0
2023-02-08 10:30:00-05:00,24.729999542236328,24.729999542236328,24.479999542236328,24.5,9321,0.0,0.0
2023-02-08 11:30:00-05:00,24.510000228881836,24.510000228881836,24.399999618530273,24.459999084472656,5299,0.0,0.0
2023-02-08 12:30:00-05:00,24.469999313354492,24.559999465942383,24.469999313354492,24.549999237060547,2765,0.0,0.0
2023-02-08 13:30:00-05:00,24.540000915527344,24.540000915527344,24.469999313354492,24.479999542236328,8209,0.0,0.0
2023-02-08 14:30:00-05:00,24.489999771118164,24.540000915527344,24.469999313354492,24.540000915527344,10040,0.0,0.0
2023-02-08 15:30:00-05:00,24.540000915527344,24.690000534057617,24.540000915527344,24.68000030517578,41289,0.0,0.0
2023-02-09 09:30:00-05:00,24.75,24.75,24.549999237060547,24.549999237060547,5516,0.0,0.0
2023-02-09 10:30:00-05:00,24.549999237060547,24.59000015258789,24.5,24.510000228881836,5214,0.0,0.0
2023-02-09 11:30:00-05:00,24.399999618530273,24.420000076293945,24.34000015258789,24.389999389648438,8009,0.0,0.0
2023-02-09 12:30:00-05:00,24.3700008392334,24.3700008392334,24.299999237060547,24.34000015258789,5955,0.0,0.0
2023-02-09 13:30:00-05:00,24.299999237060547,24.350000381469727,24.274999618530273,24.30500030517578,12255,0.0,0.0
2023-02-09 14:30:00-05:00,24.31999969482422,24.389999389648438,24.235000610351562,24.299999237060547,12829,0.0,0.0
2023-02-09 15:30:00-05:00,24.299999237060547,24.520000457763672,24.299999237060547,24.420000076293945,50614,0.0,0.0
2023-02-10 09:30:00-05:00,24.350000381469727,24.479999542236328,24.260000228881836,24.334999084472656,31596,0.0,0.0
2023-02-10 10:30:00-05:00,24.344600677490234,24.40999984741211,24.329999923706055,24.360000610351562,8493,0.0,0.0
2023-02-10 11:30:00-05:00,24.34469985961914,24.399999618530273,24.299999237060547,24.3700008392334,7679,0.0,0.0
2023-02-10 12:30:00-05:00,24.3799991607666,24.520000457763672,24.3799991607666,24.510000228881836,25245,0.0,0.0
2023-02-10 13:30:00-05:00,24.5,24.520000457763672,24.440000534057617,24.5,10861,0.0,0.0
2023-02-10 14:30:00-05:00,24.469999313354492,24.540000915527344,24.469999313354492,24.479999542236328,11447,0.0,0.0
2023-02-10 15:30:00-05:00,24.469999313354492,24.565000534057617,24.440000534057617,24.53499984741211,40570,0.0,0.0
2023-02-13 09:30:00-05:00,24.56999969482422,24.6200008392334,24.56999969482422,24.6200008392334,3016,0.0,0.0
2023-02-13 10:30:00-05:00,24.649999618530273,24.68000030517578,24.600000381469727,24.614999771118164,7120,0.0,0.0
2023-02-13 11:30:00-05:00,24.600000381469727,24.610000610351562,24.559999465942383,24.56999969482422,6077,0.0,0.0
2023-02-13 12:30:00-05:00,24.540000915527344,24.549999237060547,24.4950008392334,24.520000457763672,6066,0.0,0.0
2023-02-13 13:30:00-05:00,24.530000686645508,24.56999969482422,24.481800079345703,24.520000457763672,8912,0.0,0.0
2023-02-13 14:30:00-05:00,24.479999542236328,24.59000015258789,24.479999542236328,24.549999237060547,7467,0.0,0.0
2023-02-13 15:30:00-05:00,24.559999465942383,24.649999618530273,24.549999237060547,24.6299991607666,35213,0.0,0.0
2023-02-14 09:30:00-05:00,24.649999618530273,24.670000076293945,24.489999771118164,24.600000381469727,5976,0.0,0.0
2023-02-14 10:30:00-05:00,24.450000762939453,24.479999542236328,24.299999237060547,24.440000534057617,6135,0.0,0.0
2023-02-14 11:30:00-05:00,24.3799991607666,24.420000076293945,24.25,24.420000076293945,8626,0.0,0.0
2023-02-14 12:30:00-05:00,24.415000915527344,24.530000686645508,24.415000915527344,24.459999084472656,6366,0.0,0.0
2023-02-14 13:30:00-05:00,24.450000762939453,24.469999313354492,24.40999984741211,24.469999313354492,5448,0.0,0.0
2023-02-14 14:30:00-05:00,24.469999313354492,24.530000686645508,24.450000762939453,24.469999313354492,4913,0.0,0.0
2023-02-14 15:30:00-05:00,24.43000030517578,24.549999237060547,24.424999237060547,24.510000228881836,31978,0.0,0.0
2023-02-15 09:30:00-05:00,24.3799991607666,24.635000228881836,24.1299991607666,24.459999084472656,14484,0.0,0.0
2023-02-15 10:30:00-05:00,24.510000228881836,24.68000030517578,24.510000228881836,24.645000457763672,13799,0.0,0.0
2023-02-15 11:30:00-05:00,24.640100479125977,24.645999908447266,24.510000228881836,24.510000228881836,5736,0.0,0.0
2023-02-15 12:30:00-05:00,24.530000686645508,24.579999923706055,24.530000686645508,24.570100784301758,6028,0.0,0.0
2023-02-15 13:30:00-05:00,24.59000015258789,24.68000030517578,24.579999923706055,24.670000076293945,13438,0.0,0.0
2023-02-15 14:30:00-05:00,24.65999984741211,24.65999984741211,24.600000381469727,24.639999389648438,10556,0.0,0.0
2023-02-15 15:30:00-05:00,24.6299991607666,24.719999313354492,24.600000381469727,24.709999084472656,31412,0.0,0.0
2023-02-16 09:30:00-05:00,24.559999465942383,24.579999923706055,24.405000686645508,24.479999542236328,14273,0.0,0.0
2023-02-16 10:30:00-05:00,24.5,24.559999465942383,24.360000610351562,24.530000686645508,15837,0.0,0.0
2023-02-16 11:30:00-05:00,24.545000076293945,24.59000015258789,24.514999389648438,24.59000015258789,3534,0.0,0.0
2023-02-16 12:30:00-05:00,24.610000610351562,24.6200008392334,24.600000381469727,24.600000381469727,2070,0.0,0.0
2023-02-16 13:30:00-05:00,24.6200008392334,24.649999618530273,24.56999969482422,24.639999389648438,13968,0.0,0.0
2023-02-16 14:30:00-05:00,24.639999389648438,24.639999389648438,24.489999771118164,24.489999771118164,10455,0.0,0.0
2023-02-16 15:30:00-05:00,24.469999313354492,24.540000915527344,24.440000534057617,24.5049991607666,28549,0.0,0.0
2023-02-17 09:30:00-05:00,24.6299991607666,24.815000534057617,24.3799991607666,24.700000762939453,33764,0.0,0.0
2023-02-17 10:30:00-05:00,24.709999084472656,24.75,24.579999923706055,24.6299991607666,6160,0.0,0.0
2023-02-17 11:30:00-05:00,24.65999984741211,24.8700008392334,24.65999984741211,24.81999969482422,8457,0.0,0.0
2023-02-17 12:30:00-05:00,24.799999237060547,24.799999237060547,24.729999542236328,24.790000915527344,6035,0.0,0.0
2023-02-17 13:30:00-05:00,24.795000076293945,24.854999542236328,24.760000228881836,24.854999542236328,4219,0.0,0.0
2023-02-17 14:30:00-05:00,24.860000610351562,24.93000030517578,24.770000457763672,24.780000686645508,21482,0.0,0.0
2023-02-17 15:30:00-05:00,24.790000915527344,24.8700008392334,24.780000686645508,24.84000015258789,18386,0.0,0.0
2023-02-21 09:30:00-05:00,24.729999542236328,24.84000015258789,24.530000686645508,24.59000015258789,13472,0.0,0.0
2023-02-21 10:30:00-05:00,24.610000610351562,24.690000534057617,24.579999923706055,24.635000228881836,7578,0.0,0.0
2023-02-21 11:30:00-05:00,24.610000610351562,24.610000610351562,24.549999237060547,24.579999923706055,6894,0.0,0.0
2023-02-21 12:30:00-05:00,24.565000534057617,24.6299991607666,24.565000534057617,24.59000015258789,15416,0.0,0.0
2023-02-21 13:30:00-05:00,24.579999923706055,24.610000610351562,24.549999237060547,24.59000015258789,8519,0.0,0.0
2023-02-21 14:30:00-05:00,24.6299991607666,24.68000030517578,24.6200008392334,24.670000076293945,10753,0.0,0.0
2023-02-21 15:30:00-05:00,24.704999923706055,24.719999313354492,24.600000381469727,24.639999389648438,27956,0.0,0.0
2023-02-22 09:30:00-05:00,24.700000762939453,24.75,24.489999771118164,24.510000228881836,13268,0.0,0.0
2023-02-22 10:30:00-05:00,24.479999542236328,24.56999969482422,24.389999389648438,24.549999237060547,6714,0.0,0.0
2023-02-22 11:30:00-05:00,24.56999969482422,24.610000610351562,24.540000915527344,24.600000381469727,3937,0.0,0.0
2023-02-22 12:30:00-05:00,24.56999969482422,24.614999771118164,24.56999969482422,24.600000381469727,4979,0.0,0.0
2023-02-22 13:30:00-05:00,24.600000381469727,24.6299991607666,24.469999313354492,24.540000915527344,11625,0.0,0.0
2023-02-22 14:30:00-05:00,24.520000457763672,24.520000457763672,24.329999923706055,24.329999923706055,10389,0.0,0.0
2023-02-22 15:30:00-05:00,24.329999923706055,24.489999771118164,24.329999923706055,24.489999771118164,23409,0.0,0.0
2023-02-23 09:30:00-05:00,24.540000915527344,24.690000534057617,24.530000686645508,24.530000686645508,31118,0.0,0.0
2023-02-23 10:30:00-05:00,24.5,24.579999923706055,24.43000030517578,24.489999771118164,18525,0.0,0.0
2023-02-23 11:30:00-05:00,24.450000762939453,24.5,24.270000457763672,24.350000381469727,16392,0.0,0.0
2023-02-23 12:30:00-05:00,24.31999969482422,24.399999618530273,24.31999969482422,24.399999618530273,12940,0.0,0.0
2023-02-23 13:30:00-05:00,24.360000610351562,24.56999969482422,24.34000015258789,24.549999237060547,26018,0.0,0.0
2023-02-23 14:30:00-05:00,24.579999923706055,24.639999389648438,24.549999237060547,24.59000015258789,8859,0.0,0.0
2023-02-23 15:30:00-05:00,24.600000381469727,24.610000610351562,24.510000228881836,24.549999237060547,26382,0.0,0.0
2023-02-24 09:30:00-05:00,24.450000762939453,24.559999465942383,24.149999618530273,24.287700653076172,13848,0.0,0.0
2023-02-24 10:30:00-05:00,24.290000915527344,24.420000076293945,24.239999771118164,24.389999389648438,6049,0.0,0.0
2023-02-24 11:30:00-05:00,24.399999618530273,24.43000030517578,24.360000610351562,24.391799926757812,5702,0.0,0.0
2023-02-24 12:30:00-05:00,24.40730094909668,24.40730094909668,24.275999069213867,24.280000686645508,5958,0.0,0.0
2023-02-24 13:30:00-05:00,24.309999465942383,24.389999389648438,24.280000686645508,24.3700008392334,8125,0.0,0.0
2023-02-24 14:30:00-05:00,24.34000015258789,24.3799991607666,24.299999237060547,24.31999969482422,10515,0.0,0.0
2023-02-24 15:30:00-05:00,24.280000686645508,24.440000534057617,24.239999771118164,24.40999984741211,41571,0.0,0.0
2023-02-27 09:30:00-05:00,24.5,24.729999542236328,24.389999389648438,24.700000762939453,16785,0.0,0.0
2023-02-27 10:30:00-05:00,24.65999984741211,24.665000915527344,24.489999771118164,24.489999771118164,6535,0.0,0.0
2023-02-27 11:30:00-05:00,24.459999084472656,24.459999084472656,24.34000015258789,24.34000015258789,5251,0.0,0.0
2023-02-27 12:30:00-05:00,24.360000610351562,24.399999618530273,24.329999923706055,24.329999923706055,5692,0.0,0.0
2023-02-27 13:30:00-05:00,24.329999923706055,24.375,24.280000686645508,24.309999465942383,8181,0.0,0.0
2023-02-27 14:30:00-05:00,24.299999237060547,24.299999237060547,24.209999084472656,24.239999771118164,11173,0.0,0.0
2023-02-27 15:30:00-05:00,24.219999313354492,24.31999969482422,24.190000534057617,24.280000686645508,23705,0.0,0.0
2023-02-28 09:30:00-05:00,24.350000381469727,24.510000228881836,23.90999984741211,24.31999969482422,37075,0.0,0.0
2023-02-28 10:30:00-05:00,24.299999237060547,24.364999771118164,24.258399963378906,24.31999969482422,15892,0.0,0.0
2023-02-28 11:30:00-05:00,24.325000762939453,24.325000762939453,24.219999313354492,24.290000915527344,10462,0.0,0.0
2023-02-28 12:30:00-05:00,24.290000915527344,24.31999969482422,24.229999542236328,24.309999465942383,9025,0.0,0.0
2023-02-28 13:30:00-05:00,24.31999969482422,24.34000015258789,24.290000915527344,24.31999969482422,9871,0.0,0.0
2023-02-28 14:30:00-05:00,24.31999969482422,24.3799991607666,24.260000228881836,24.280000686645508,20321,0.0,0.0
2023-02-28 15:30:00-05:00,24.280000686645508,24.280000686645508,24.1299991607666,24.15999984741211,64342,0.0,0.0
2023-03-01 09:30:00-05:00,24.139999389648438,24.18000030517578,23.940000534057617,24.030000686645508,12300,0.0,0.0
2023-03-01 10:30:00-05:00,24.024999618530273,24.225000381469727,23.989999771118164,24.020000457763672,7782,0.0,0.0
2023-03-01 11:30:00-05:00,24.040000915527344,24.2450008392334,24.03499984741211,24.235000610351562,7529,0.0,0.0
2023-03-01 12:30:00-05:00,24.219999313354492,24.229999542236328,24.149999618530273,24.149999618530273,4721,0.0,0.0
2023-03-01 13:30:00-05:00,24.1200008392334,24.1299991607666,24.049999237060547,24.06999969482422,6812,0.0,0.0
2023-03-01 14:30:00-05:00,24.049999237060547,24.1299991607666,24.049999237060547,24.100000381469727,11316,0.0,0.0
2023-03-01 15:30:00-05:00,24.100000381469727,24.225000381469727,24.100000381469727,24.18000030517578,29150,0.0,0.0
2023-03-02 09:30:00-05:00,24.030000686645508,24.030000686645508,23.850000381469727,23.889999389648438,9812,0.0,0.0
2023-03-02 10:30:00-05:00,23.920000076293945,23.940000534057617,23.860000610351562,23.8799991607666,7694,0.0,0.0
2023-03-02 11:30:00-05:00,23.889999389648438,23.915000915527344,23.770000457763672,23.780000686645508,6115,0.0,0.0
2023-03-02 12:30:00-05:00,23.809999465942383,23.825000762939453,23.760000228881836,23.774999618530273,4619,0.0,0.0
2023-03-02 13:30:00-05:00,23.729999542236328,23.8799991607666,23.719999313354492,23.829999923706055,12776,0.0,0.0
2023-03-02 14:30:00-05:00,23.84000015258789,23.899999618530273,23.81999969482422,23.8700008392334,10053,0.0,0.0
2023-03-02 15:30:00-05:00,23.860000610351562,24.010000228881836,23.860000610351562,24.0,41635,0.0,0.0
2023-03-03 09:30:00-05:00,24.020000457763672,24.020000457763672,23.850000381469727,23.959999084472656,8388,0.0,0.0
2023-03-03 10:30:00-05:00,23.959999084472656,23.959999084472656,23.8799991607666,23.93000030517578,4081,0.0,0.0
2023-03-03 11:30:00-05:00,23.979999542236328,24.049999237060547,23.940000534057617,24.020000457763672,7619,0.0,0.0
2023-03-03 12:30:00-05:00,24.0,24.079999923706055,24.0,24.020000457763672,2777,0.0,0.0
2023-03-03 13:30:00-05:00,24.040000915527344,24.139999389648438,24.010000228881836,24.100000381469727,6107,0.0,0.0
2023-03-03 14:30:00-05:00,24.103300094604492,24.219999313354492,24.087499618530273,24.209999084472656,8037,0.0,0.0
2023-03-03 15:30:00-05:00,24.200000762939453,24.229999542236328,24.149999618530273,24.219999313354492,18168,0.0,0.0
2023-03-06 09:30:00-05:00,24.229999542236328,24.28499984741211,24.149999618530273,24.170000076293945,6947,0.0,0.0
2023-03-06 10:30:00-05:00,24.139999389648438,24.139999389648438,24.010000228881836,24.010000228881836,5815,0.0,0.0
2023-03-06 11:30:00-05:00,23.989999771118164,24.03499984741211,23.959999084472656,23.989999771118164,6360,0.0,0.0
2023-03-06 12:30:00-05:00,23.954999923706055,23.954999923706055,23.84000015258789,23.889999389648438,5813,0.0,0.0
2023-03-06 13:30:00-05:00,23.850000381469727,23.850000381469727,23.780000686645508,23.790000915527344,11192,0.0,0.0
2023-03-06 14:30:00-05:00,23.80500030517578,23.81999969482422,23.774999618530273,23.809999465942383,12120,0.0,0.0
2023-03-06 15:30:00-05:00,23.84000015258789,23.969999313354492,23.829999923706055,23.969999313354492,22999,0.0,0.0
2023-03-07 09:30:00-05:00,23.950000762939453,23.950000762939453,23.579999923706055,23.6299991607666,8021,0.0,0.0
2023-03-07 10:30:00-05:00,23.65999984741211,23.690000534057617,23.489999771118164,23.635000228881836,11159,0.0,0.0
2023-03-07 11:30:00-05:00,23.639999389648438,23.760000228881836,23.600000381469727,23.68000030517578,16228,0.0,0.0
2023-03-07 12:30:00-05:00,23.68000030517578,23.75,23.579999923706055,23.59000015258789,56953,0.0,0.0
2023-03-07 13:30:00-05:00,23.579999923706055,23.579999923706055,23.40999984741211,23.413999557495117,16560,0.0,0.0
2023-03-07 14:30:00-05:00,23.440000534057617,23.5,23.299999237060547,23.5,78671,0.0,0.0
2023-03-07 15:30:00-05:00,23.516000747680664,23.56999969482422,23.479999542236328,23.540000915527344,18642,0.0,0.0
2023-03-08 09:30:00-05:00,23.56999969482422,23.6299991607666,23.360000610351562,23.600000381469727,8704,0.0,0.0
2023-03-08 10:30:00-05:00,23.530000686645508,23.600000381469727,23.40999984741211,23.44499969482422,7728,0.0,0.0
2023-03-08 11:30:00-05:00,23.43000030517578,23.489999771118164,23.360000610351562,23.3700008392334,7240,0.0,0.0
2023-03-08 12:30:00-05:00,23.34000015258789,23.34000015258789,23.280000686645508,23.28499984741211,6259,0.0,0.0
2023-03-08 13:30:00-05:00,23.299999237060547,23.329999923706055,23.270000457763672,23.329999923706055,7542,0.0,0.0
2023-03-08 14:30:00-05:00,23.34000015258789,23.415000915527344,23.34000015258789,23.415000915527344,13252,0.0,0.0
2023-03-08 15:30:00-05:00,23.440000534057617,23.530000686645508,23.43000030517578,23.520000457763672,32174,0.0,0.0
2023-03-09 09:30:00-05:00,23.389999389648438,23.610000610351562,22.895000457763672,22.895000457763672,13316,0.0,0.0
2023-03-09 10:30:00-05:00,22.889999389648438,22.90999984741211,22.510000228881836,22.575000762939453,10124,0.0,0.0
2023-03-09 11:30:00-05:00,22.559999465942383,22.59000015258789,22.500099182128906,22.540000915527344,11367,0.0,0.0
2023-03-09 12:30:00-05:00,22.510000228881836,22.575000762939453,22.420000076293945,22.510000228881836,24059,0.0,0.0
2023-03-09 13:30:00-05:00,22.5,22.75,22.469999313354492,22.75,19860,0.0,0.0
2023-03-09 14:30:00-05:00,22.709999084472656,22.709999084472656,22.476499557495117,22.510000228881836,24131,0.0,0.0
2023-03-09 15:30:00-05:00,22.489999771118164,22.6299991607666,22.43000030517578,22.59000015258789,69882,0.0,0.0
2023-03-10 09:30:00-05:00,22.260000228881836,22.450000762939453,21.540000915527344,22.420000076293945,27440,0.0,0.0
2023-03-10 10:30:00-05:00,22.40999984741211,22.78499984741211,22.149999618530273,22.770000457763672,31272,0.0,0.0
2023-03-10 11:30:00-05:00,22.729999542236328,22.809999465942383,22.110000610351562,22.114999771118164,15054,0.0,0.0
2023-03-10 12:30:00-05:00,22.149999618530273,22.31999969482422,22.040000915527344,22.09000015258789,22368,0.0,0.0
2023-03-10 13:30:00-05:00,22.09000015258789,22.270000457763672,21.829999923706055,22.219999313354492,22223,0.0,0.0
2023-03-10 14:30:00-05:00,22.260000228881836,22.450000762939453,22.139999389648438,22.229999542236328,24837,0.0,0.0
2023-03-10 15:30:00-05:00,22.200000762939453,22.440000534057617,22.18000030517578,22.420000076293945,36813,0.0,0.0
2023-03-13 09:30:00-04:00,21.440000534057617,21.440000534057617,20.190000534057617,20.479999542236328,75001,0.0,0.0
2023-03-13 10:30:00-04:00,20.43000030517578,21.6200008392334,20.3799991607666,21.549999237060547,60577,0.0,0.0
2023-03-13 11:30:00-04:00,21.670000076293945,21.690000534057617,21.139999389648438,21.161699295043945,21421,0.0,0.0
2023-03-13 12:30:00-04:00,21.165000915527344,21.28499984741211,20.850000381469727,20.905000686645508,22056,0.0,0.0
2023-03-13 13:30:00-04:00,20.850000381469727,21.5,20.809999465942383,21.274999618530273,24124,0.0,0.0
2023-03-13 14:30:00-04:00,21.31999969482422,21.3700008392334,20.985000610351562,21.084999084472656,32209,0.0,0.0
2023-03-13 15:30:00-04:00,21.079999923706055,21.1200008392334,20.889999389648438,20.93000030517578,45067,0.0,0.0
2023-03-14 09:30:00-04:00,22.399999618530273,22.399999618530273,21.84000015258789,22.18000030517578,21457,0.0,0.0
2023-03-14 10:30:00-04:00,22.149999618530273,22.350000381469727,21.959999084472656,22.059999465942383,22442,0.0,0.0
2023-03-14 11:30:00-04:00,22.049999237060547,22.049999237060547,21.670000076293945,21.8700008392334,18402,0.0,0.0
2023-03-14 12:30:00-04:00,21.8799991607666,21.93000030517578,21.3799991607666,21.58099937438965,18129,0.0,0.0
2023-03-14 13:30:00-04:00,21.6200008392334,21.729999542236328,21.3700008392334,21.59000015258789,20412,0.0,0.0
2023-03-14 14:30:00-04:00,21.600000381469727,21.670000076293945,21.09000015258789,21.190000534057617,84646,0.0,0.0
2023-03-14 15:30:00-04:00,21.170000076293945,21.3799991607666,20.989999771118164,21.360000610351562,67487,0.0,0.0
2023-03-15 09:30:00-04:00,20.700000762939453,20.700000762939453,20.139999389648438,20.270000457763672,72754,0.0,0.0
2023-03-15 10:30:00-04:00,20.274999618530273,20.790000915527344,20.274999618530273,20.559999465942383,76680,0.0,0.0
2023-03-15 11:30:00-04:00,20.559999465942383,20.719999313354492,20.299999237060547,20.299999237060547,31599,0.0,0.0
2023-03-15 12:30:00-04:00,20.30500030517578,20.670000076293945,20.149999618530273,20.625,105948,0.0,0.0
2023-03-15 13:30:00-04:00,20.579999923706055,20.760000228881836,20.43000030517578,20.760000228881836,26762,0.0,0.0
2023-03-15 14:30:00-04:00,20.770000457763672,20.93000030517578,20.6299991607666,20.80500030517578,35602,0.0,0.0
2023-03-15 15:30:00-04:00,20.80500030517578,20.850000381469727,20.670000076293945,20.850000381469727,73656,0.0,0.0
2023-03-16 09:30:00-04:00,20.579999923706055,20.579999923706055,20.139999389648438,20.34000015258789,21711,0.0,0.0
2023-03-16 10:30:00-04:00,20.34000015258789,21.190000534057617,20.34000015258789,21.09000015258789,51668,0.0,0.0
2023-03-16 11:30:00-04:00,21.06999969482422,21.399999618530273,20.950000762939453,21.34000015258789,28438,0.0,0.0
2023-03-16 12:30:00-04:00,21.360000610351562,21.93000030517578,21.200000762939453,21.780000686645508,70818,0.0,0.0
2023-03-16 13:30:00-04:00,21.850000381469727,21.860000610351562,21.459999084472656,21.5,24420,0.0,0.0
2023-03-16 14:30:00-04:00,21.489999771118164,21.559999465942383,21.389999389648438,21.520000457763672,26270,0.0,0.0
2023-03-16 15:30:00-04:00,21.524999618530273,21.639999389648438,21.40999984741211,21.540000915527344,51982,0.0,0.0
2023-03-17 09:30:00-04:00,21.34000015258789,21.34000015258789,20.829999923706055,20.950000762939453,97557,0.0,0.0
2023-03-17 10:30:00-04:00,21.0,21.1200008392334,20.895000457763672,20.96500015258789,21876,0.0,0.0
2023-03-17 11:30:00-04:00,20.93000030517578,21.145000457763672,20.93000030517578,21.110000610351562,15729,0.0,0.0
2023-03-17 12:30:00-04:00,21.18000030517578,21.219999313354492,20.920000076293945,20.920000076293945,14679,0.0,0.0
2023-03-17 13:30:00-04:00,20.940000534057617,20.979999542236328,20.549999237060547,20.579999923706055,25522,0.0,0.0
2023-03-17 14:30:00-04:00,20.579999923706055,20.7549991607666,20.579999923706055,20.7549991607666,31888,0.0,0.0
2023-03-17 15:30:00-04:00,20.729999542236328,20.790000915527344,20.450000762939453,20.709999084472656,67131,0.0,0.0
2023-03-20 09:30:00-04:00,21.020000457763672,21.440000534057617,21.020000457763672,21.309999465942383,19989,0.0,0.0
2023-03-20 10:30:00-04:00,21.350000381469727,21.420000076293945,21.010000228881836,21.280000686645508,23057,0.0,0.0
2023-03-20 11:30:00-04:00,21.219999313354492,21.225000381469727,20.700000762939453,20.850000381469727,24669,0.0,0.0
2023-03-20 12:30:00-04:00,20.8700008392334,21.149999618530273,20.860000610351562,21.020000457763672,13299,0.0,0.0
2023-03-20 13:30:00-04:00,21.014999389648438,21.020000457763672,20.790000915527344,20.899999618530273,17666,0.0,0.0
2023-03-20 14:30:00-04:00,20.81999969482422,20.860000610351562,20.68000030517578,20.854999542236328,12499,0.0,0.0
2023-03-20 15:30:00-04:00,20.8700008392334,20.8700008392334,20.690000534057617,20.700000762939453,33003,0.0,0.0
2023-03-21 09:30:00-04:00,21.280000686645508,22.0,21.170000076293945,21.280000686645508,22213,0.0,0.0
2023-03-21 10:30:00-04:00,21.280000686645508,21.44499969482422,21.260000228881836,21.34000015258789,11789,0.0,0.0
2023-03-21 11:30:00-04:00,21.34000015258789,21.40999984741211,21.219999313354492,21.40999984741211,8205,0.0,0.0
2023-03-21 12:30:00-04:00,21.399999618530273,21.459999084472656,21.334999084472656,21.364999771118164,15901,0.0,0.0
2023-03-21 13:30:00-04:00,21.389999389648438,21.43000030517578,21.295000076293945,21.420000076293945,13181,0.0,0.0
2023-03-21 14:30:00-04:00,21.43000030517578,21.459999084472656,21.3799991607666,21.399999618530273,17011,0.0,0.0
2023-03-21 15:30:00-04:00,21.424999237060547,21.530000686645508,21.399999618530273,21.440000534057617,35927,0.0,0.0
2023-03-22 09:30:00-04:00,21.3799991607666,21.530000686645508,21.280000686645508,21.459999084472656,0,0.0,0.0
2023-03-22 10:30:00-04:00,21.459999084472656,21.46500015258789,21.139999389648438,21.139999389648438,8883,0.0,0.0
2023-03-22 11:30:00-04:00,21.139999389648438,21.25,21.1299991607666,21.25,10423,0.0,0.0
2023-03-22 12:30:00-04:00,21.229999542236328,21.229999542236328,21.1299991607666,21.139999389648438,8940,0.0,0.0
2023-03-22 13:30:00-04:00,21.15999984741211,21.350000381469727,21.06999969482422,21.114999771118164,11313,0.0,0.0
2023-03-22 14:30:00-04:00,21.06999969482422,21.219999313354492,20.739999771118164,20.799999237060547,32256,0.0,0.0
2023-03-22 15:30:00-04:00,20.780000686645508,20.780000686645508,20.399999618530273,20.399999618530273,51620,0.0,0.0
2023-03-23 09:30:00-04:00,20.610000610351562,20.83930015563965,20.34000015258789,20.479999542236328,13378,0.0,0.0
2023-03-23 10:30:00-04:00,20.485000610351562,20.579999923706055,20.31999969482422,20.31999969482422,22113,0.0,0.0
2023-03-23 11:30:00-04:00,20.31999969482422,20.43000030517578,20.139999389648438,20.25,23958,0.0,0.0
2023-03-23 12:30:00-04:00,20.25,20.260000228881836,20.1200008392334,20.15999984741211,17988,0.0,0.0
2023-03-23 13:30:00-04:00,20.139999389648438,20.270000457763672,20.049999237060547,20.049999237060547,23703,0.0,0.0
2023-03-23 14:30:00-04:00,20.049999237060547,20.354999542236328,19.950000762939453,20.030000686645508,35167,0.0,0.0
2023-03-23 15:30:00-04:00,20.010000228881836,20.174999237060547,20.0,20.079999923706055,40339,0.0,0.0
2023-03-24 09:30:00-04:00,19.940000534057617,20.3700008392334,19.799999237060547,20.34000015258789,21898,0.0,0.0
2023-03-24 10:30:00-04:00,20.34000015258789,20.399999618530273,20.09000015258789,20.270000457763672,15924,0.0,0.0
2023-03-24 11:30:00-04:00,20.280000686645508,20.65999984741211,20.239999771118164,20.450000762939453,19455,0.0,0.0
2023-03-24 12:30:00-04:00,20.399999618530273,20.510000228881836,20.3799991607666,20.469999313354492,14809,0.0,0.0
2023-03-24 13:30:00-04:00,20.469999313354492,20.669099807739258,20.440000534057617,20.549999237060547,13672,0.0,0.0
2023-03-24 14:30:00-04:00,20.549999237060547,20.68000030517578,20.520000457763672,20.6299991607666,17216,0.0,0.0
2023-03-24 15:30:00-04:00,20.68000030517578,20.719999313354492,20.559999465942383,20.690000534057617,30030,0.0,0.0
2023-03-27 09:30:00-04:00,21.149999618530273,21.280000686645508,20.950000762939453,20.950000762939453,13057,0.0,0.0
2023-03-27 10:30:00-04:00,20.920000076293945,21.020000457763672,20.850000381469727,20.950000762939453,8056,0.0,0.0
2023-03-27 11:30:00-04:00,20.959999084472656,21.040000915527344,20.90999984741211,20.96500015258789,9327,0.0,0.0
2023-03-27 12:30:00-04:00,20.950000762939453,20.959999084472656,20.84000015258789,20.8700008392334,17993,0.0,0.0
2023-03-27 13:30:00-04:00,20.917999267578125,21.010000228881836,20.844999313354492,20.889999389648438,18464,0.0,0.0
2023-03-27 14:30:00-04:00,20.885000228881836,21.06999969482422,20.8799991607666,21.045000076293945,19348,0.0,0.0
2023-03-27 15:30:00-04:00,21.049999237060547,21.06999969482422,20.81999969482422,20.860000610351562,29339,0.0,0.0
2023-03-28 09:30:00-04:00,20.729999542236328,20.860000610351562,20.5,20.739999771118164,22711,0.0,0.0
2023-03-28 10:30:00-04:00,20.690000534057617,20.737499237060547,20.6200008392334,20.667800903320312,8596,0.0,0.0
2023-03-28 11:30:00-04:00,20.6200008392334,20.639999389648438,20.540000915527344,20.540000915527344,5497,0.0,0.0
2023-03-28 12:30:00-04:00,20.549999237060547,20.549999237060547,20.309999465942383,20.315000534057617,9528,0.0,0.0
2023-03-28 13:30:00-04:00,20.299999237060547,20.3700008392334,20.260000228881836,20.360000610351562,13770,0.0,0.0
2023-03-28 14:30:00-04:00,20.34000015258789,20.395000457763672,20.31999969482422,20.3700008392334,15509,0.0,0.0
2023-03-28 15:30:00-04:00,20.350000381469727,20.459999084472656,20.329999923706055,20.399999618530273,30238,0.0,0.0
2023-03-29 09:30:00-04:00,20.600000381469727,20.600000381469727,20.260000228881836,20.309999465942383,18183,0.0,0.0
2023-03-29 10:30:00-04:00,20.309999465942383,20.333599090576172,20.079999923706055,20.239999771118164,18440,0.0,0.0
2023-03-29 11:30:00-04:00,20.219999313354492,20.299999237060547,20.18000030517578,20.229999542236328,18375,0.0,0.0
2023-03-29 12:30:00-04:00,20.229999542236328,20.299999237060547,20.18000030517578,20.219999313354492,11000,0.0,0.0
2023-03-29 13:30:00-04:00,20.239999771118164,20.239999771118164,20.03499984741211,20.110000610351562,15149,0.0,0.0
2023-03-29 14:30:00-04:00,20.1200008392334,20.290000915527344,20.114999771118164,20.25,19314,0.0,0.0
2023-03-29 15:30:00-04:00,20.25,20.3799991607666,20.190000534057617,20.3700008392334,38286,0.0,0.0
2023-03-30 09:30:00-04:00,20.479999542236328,20.479999542236328,20.260000228881836,20.3799991607666,5332,0.0,0.0
2023-03-30 10:30:00-04:00,20.3700008392334,20.399999618530273,20.1200008392334,20.18000030517578,8542,0.0,0.0
2023-03-30 11:30:00-04:00,20.209999084472656,20.229999542236328,20.020000457763672,20.020000457763672,5735,0.0,0.0
2023-03-30 12:30:00-04:00,20.010000228881836,20.059999465942383,19.899999618530273,19.959999084472656,14401,0.0,0.0
2023-03-30 13:30:00-04:00,19.90999984741211,19.969999313354492,19.8700008392334,19.93000030517578,13073,0.0,0.0
2023-03-30 14:30:00-04:00,19.940000534057617,19.969999313354492,19.84000015258789,19.889999389648438,18813,0.0,0.0
2023-03-30 15:30:00-04:00,19.889999389648438,20.0,19.889999389648438,19.959999084472656,24027,0.0,0.0
2023-03-31 09:30:00-04:00,20.059999465942383,20.149999618530273,19.950000762939453,20.149999618530273,9196,0.0,0.0
2023-03-31 10:30:00-04:00,20.145000457763672,20.309999465942383,20.045000076293945,20.283000946044922,9893,0.0,0.0
2023-03-31 11:30:00-04:00,20.280000686645508,20.280000686645508,20.139999389648438,20.165000915527344,6220,0.0,0.0
2023-03-31 12:30:00-04:00,20.15999984741211,20.170000076293945,20.049999237060547,20.100000381469727,5533,0.0,0.0
2023-03-31 13:30:00-04:00,20.059999465942383,20.114999771118164,20.030000686645508,20.06999969482422,7466,0.0,0.0
2023-03-31 14:30:00-04:00,20.079999923706055,20.139999389648438,19.989999771118164,20.139999389648438,13410,0.0,0.0
2023-03-31 15:30:00-04:00,20.149999618530273,20.40999984741211,20.110000610351562,20.329999923706055,70276,0.0,0.0
2023-04-03 09:30:00-04:00,20.350000381469727,20.59000015258789,20.219999313354492,20.469999313354492,17942,0.0,0.0
2023-04-03 10:30:00-04:00,20.510000228881836,20.510000228881836,20.06999969482422,20.139999389648438,14241,0.0,0.0
2023-04-03 11:30:00-04:00,20.18000030517578,20.25,20.1299991607666,20.25,9218,0.0,0.0
2023-04-03 12:30:00-04:00,20.239999771118164,20.260000228881836,20.190000534057617,20.260000228881836,9787,0.0,0.0
2023-04-03 13:30:00-04:00,20.235000610351562,20.290000915527344,20.139999389648438,20.170000076293945,21137,0.0,0.0
2023-04-03 14:30:00-04:00,20.190000534057617,20.299999237060547,20.149999618530273,20.190000534057617,12034,0.0,0.0
2023-04-03 15:30:00-04:00,20.170000076293945,20.31999969482422,20.149999618530273,20.270000457763672,34503,0.0,0.0
2023-04-04 09:30:00-04:00,20.360000610351562,20.360000610351562,19.93000030517578,20.0,6496,0.0,0.0
2023-04-04 10:30:00-04:00,19.920000076293945,19.920000076293945,19.450000762939453,19.61090087890625,36528,0.0,0.0
2023-04-04 11:30:00-04:00,19.600000381469727,19.6299991607666,19.530000686645508,19.610000610351562,7384,0.0,0.0
2023-04-04 12:30:00-04:00,19.68000030517578,19.75,19.645000457763672,19.65999984741211,11764,0.0,0.0
2023-04-04 13:30:00-04:00,19.68000030517578,19.68000030517578,19.530000686645508,19.549999237060547,11914,0.0,0.0
2023-04-04 14:30:00-04:00,19.530000686645508,19.639999389648438,19.530000686645508,19.614999771118164,17279,0.0,0.0
2023-04-04 15:30:00-04:00,19.6200008392334,19.700000762939453,19.586599349975586,19.690000534057617,31460,0.0,0.0
2023-04-05 09:30:00-04:00,19.469999313354492,19.670000076293945,19.385000228881836,19.514999389648438,10306,0.0,0.0
2023-04-05 10:30:00-04:00,19.56999969482422,19.6299991607666,19.479999542236328,19.520000457763672,7370,0.0,0.0
2023-04-05 11:30:00-04:00,19.530000686645508,19.56999969482422,19.450000762939453,19.479999542236328,5965,0.0,0.0
2023-04-05 12:30:00-04:00,19.440000534057617,19.600000381469727,19.440000534057617,19.549999237060547,14065,0.0,0.0
2023-04-05 13:30:00-04:00,19.55500030517578,19.6299991607666,19.440000534057617,19.5,13193,0.0,0.0
2023-04-05 14:30:00-04:00,19.5,19.549999237060547,19.44499969482422,19.479999542236328,33416,0.0,0.0
2023-04-05 15:30:00-04:00,19.475000381469727,19.4950008392334,19.40999984741211,19.43000030517578,18495,0.0,0.0
2023-04-06 09:30:00-04:00,19.559999465942383,19.780000686645508,19.559999465942383,19.760000228881836,14956,0.0,0.0
2023-04-06 10:30:00-04:00,19.65999984741211,19.799999237060547,19.65999984741211,19.729999542236328,7454,0.0,0.0
2023-04-06 11:30:00-04:00,19.7549991607666,19.819900512695312,19.729999542236328,19.809999465942383,10627,0.0,0.0
2023-04-06 12:30:00-04:00,19.829700469970703,19.889999389648438,19.790000915527344,19.81999969482422,12183,0.0,0.0
2023-04-06 13:30:00-04:00,19.809999465942383,19.84000015258789,19.729999542236328,19.825000762939453,10806,0.0,0.0
2023-04-06 14:30:00-04:00,19.829999923706055,19.889999389648438,19.809999465942383,19.834999084472656,17141,0.0,0.0
2023-04-06 15:30:00-04:00,19.850000381469727,19.850000381469727,19.700000762939453,19.770000457763672,34260,0.0,0.0
2023-04-10 09:30:00-04:00,19.719999313354492,20.15999984741211,19.690000534057617,20.059999465942383,9968,0.0,0.0
2023-04-10 10:30:00-04:00,20.100000381469727,20.100000381469727,19.924999237060547,19.924999237060547,12979,0.0,0.0
2023-04-10 11:30:00-04:00,19.920000076293945,19.920000076293945,19.665000915527344,19.670000076293945,29165,0.0,0.0
2023-04-10 12:30:00-04:00,19.639999389648438,19.799999237060547,19.633800506591797,19.7549991607666,28856,0.0,0.0
2023-04-10 13:30:00-04:00,19.770000457763672,19.90999984741211,19.719999313354492,19.90999984741211,29432,0.0,0.0
2023-04-10 14:30:00-04:00,19.95680046081543,19.959999084472656,19.829999923706055,19.8799991607666,10003,0.0,0.0
2023-04-10 15:30:00-04:00,19.875,19.885000228881836,19.75,19.829999923706055,29047,0.0,0.0
2023-04-11 09:30:00-04:00,19.850000381469727,19.96500015258789,19.799999237060547,19.873699188232422,8659,0.0,0.0
2023-04-11 10:30:00-04:00,19.84000015258789,19.84000015258789,19.639999389648438,19.68000030517578,10771,0.0,0.0
2023-04-11 11:30:00-04:00,19.68000030517578,19.889999389648438,19.65999984741211,19.889999389648438,8274,0.0,0.0
2023-04-11 12:30:00-04:00,19.8799991607666,19.920000076293945,19.809999465942383,19.889999389648438,7013,0.0,0.0
2023-04-11 13:30:00-04:00,19.8799991607666,19.940000534057617,19.850000381469727,19.889999389648438,9072,0.0,0.0
2023-04-11 14:30:00-04:00,19.889999389648438,20.010000228881836,19.889999389648438,19.889999389648438,24329,0.0,0.0
2023-04-11 15:30:00-04:00,19.899999618530273,19.90999984741211,19.729999542236328,19.75,28520,0.0,0.0
2023-04-12 09:30:00-04:00,19.93000030517578,20.003299713134766,19.559999465942383,19.559999465942383,30952,0.0,0.0
2023-04-12 10:30:00-04:00,19.6200008392334,19.649999618530273,19.420000076293945,19.5,9109,0.0,0.0
2023-04-12 11:30:00-04:00,19.530000686645508,19.59000015258789,19.489999771118164,19.579999923706055,4653,0.0,0.0
2023-04-12 12:30:00-04:00,19.540000915527344,19.59000015258789,19.489999771118164,19.59000015258789,10962,0.0,0.0
2023-04-12 13:30:00-04:00,19.59000015258789,19.610000610351562,19.479999542236328,19.479999542236328,13334,0.0,0.0
2023-04-12 14:30:00-04:00,19.450000762939453,19.520000457763672,19.450000762939453,19.5,13118,0.0,0.0
2023-04-12 15:30:00-04:00,19.520000457763672,19.579999923706055,19.420000076293945,19.5,21691,0.0,0.0
2023-04-13 09:30:00-04:00,19.43000030517578,19.610000610351562,19.260000228881836,19.350000381469727,34076,0.0,0.0
2023-04-13 10:30:00-04:00,19.350000381469727,19.462499618530273,19.350000381469727,19.450000762939453,13219,0.0,0.0
2023-04-13 11:30:00-04:00,19.469999313354492,19.6200008392334,19.450000762939453,19.549999237060547,12643,0.0,0.0
2023-04-13 12:30:00-04:00,19.559999465942383,19.639999389648438,19.549999237060547,19.600000381469727,7131,0.0,0.0
2023-04-13 13:30:00-04:00,19.610000610351562,19.6200008392334,19.540000915527344,19.6200008392334,7414,0.0,0.0
2023-04-13 14:30:00-04:00,19.6200008392334,19.709999084472656,19.614999771118164,19.6200008392334,9240,0.0,0.0
2023-04-13 15:30:00-04:00,19.600000381469727,19.6200008392334,19.489999771118164,19.540000915527344,25731,0.0,0.0
2023-04-14 09:30:00-04:00,19.809999465942383,19.809999465942383,19.360000610351562,19.385000228881836,8980,0.0,0.0
2023-04-14 10:30:00-04:00,19.389999389648438,19.389999389648438,19.200000762939453,19.225799560546875,11175,0.0,0.0
2023-04-14 11:30:00-04:00,19.18000030517578,19.26759910583496,19.079999923706055,19.09000015258789,20647,0.0,0.0
2023-04-14 12:30:00-04:00,19.1299991607666,19.190000534057617,19.079999923706055,19.079999923706055,8478,0.0,0.0
2023-04-14 13:30:00-04:00,19.059999465942383,19.100000381469727,19.010000228881836,19.049999237060547,8664,0.0,0.0
2023-04-14 14:30:00-04:00,19.079999923706055,19.1299991607666,19.03070068359375,19.06999969482422,19691,0.0,0.0
2023-04-14 15:30:00-04:00,19.06999969482422,19.15999984741211,19.040000915527344,19.139999389648438,15638,0.0,0.0
2023-04-17 09:30:00-04:00,19.139999389648438,19.190000534057617,18.889999389648438,18.979999542236328,7205,0.0,0.0
2023-04-17 10:30:00-04:00,18.985000610351562,19.18000030517578,18.950000762939453,19.18000030517578,8217,0.0,0.0
2023-04-17 11:30:00-04:00,19.190000534057617,19.219999313354492,19.049999237060547,19.135000228881836,16000,0.0,0.0
2023-04-17 12:30:00-04:00,19.170000076293945,19.229999542236328,19.139999389648438,19.190000534057617,13211,0.0,0.0
2023-04-17 13:30:00-04:00,19.190000534057617,19.34000015258789,19.18000030517578,19.34000015258789,12607,0.0,0.0
2023-04-17 14:30:00-04:00,19.34000015258789,19.489999771118164,19.309999465942383,19.440000534057617,12478,0.0,0.0
2023-04-17 15:30:00-04:00,19.450000762939453,19.450000762939453,19.350000381469727,19.420000076293945,20573,0.0,0.0
2023-04-18 09:30:00-04:00,19.520000457763672,19.520000457763672,19.030000686645508,19.059999465942383,11894,0.0,0.0
2023-04-18 10:30:00-04:00,19.0,19.030000686645508,18.969999313354492,18.989999771118164,9656,0.0,0.0
2023-04-18 11:30:00-04:00,18.989999771118164,19.01300048828125,18.90999984741211,18.94610023498535,11455,0.0,0.0
2023-04-18 12:30:00-04:00,18.920000076293945,19.010000228881836,18.889999389648438,18.889999389648438,12130,0.0,0.0
2023-04-18 13:30:00-04:00,18.8799991607666,18.969999313354492,18.84000015258789,18.937999725341797,9957,0.0,0.0
2023-04-18 14:30:00-04:00,18.940000534057617,18.969999313354492,18.860000610351562,18.951799392700195,8094,0.0,0.0
2023-04-18 15:30:00-04:00,18.940000534057617,19.049999237060547,18.90999984741211,19.0049991607666,29662,0.0,0.0
2023-04-19 09:30:00-04:00,19.110000610351562,19.289899826049805,19.110000610351562,19.289899826049805,8928,0.0,0.0
2023-04-19 10:30:00-04:00,19.200000762939453,19.270000457763672,19.060100555419922,19.1299991607666,6153,0.0,0.0
2023-04-19 11:30:00-04:00,19.059999465942383,19.15999984741211,19.059999465942383,19.1299991607666,6792,0.0,0.0
2023-04-19 12:30:00-04:00,19.135000228881836,19.299999237060547,19.135000228881836,19.239999771118164,9146,0.0,0.0
2023-04-19 13:30:00-04:00,19.239999771118164,19.4950008392334,19.239999771118164,19.4950008392334,23639,0.0,0.0
2023-04-19 14:30:00-04:00,19.469999313354492,19.479999542236328,19.360000610351562,19.479999542236328,10920,0.0,0.0
2023-04-19 15:30:00-04:00,19.489999771118164,19.489999771118164,19.3799991607666,19.40999984741211,22775,0.0,0.0
2023-04-20 09:30:00-04:00,19.020000457763672,19.136600494384766,18.989999771118164,19.094999313354492,8915,0.0,0.0
2023-04-20 10:30:00-04:00,19.06999969482422,19.1299991607666,19.0,19.010000228881836,7401,0.0,0.0
2023-04-20 11:30:00-04:00,18.959999084472656,19.010000228881836,18.84950065612793,18.93000030517578,10391,0.0,0.0
2023-04-20 12:30:00-04:00,18.8700008392334,18.979999542236328,18.8700008392334,18.93600082397461,4416,0.0,0.0
2023-04-20 13:30:00-04:00,18.950000762939453,19.03700065612793,18.950000762939453,19.0,4891,0.0,0.0
2023-04-20 14:30:00-04:00,18.989999771118164,19.020000457763672,18.954999923706055,18.969999313354492,13479,0.0,0.0
2023-04-20 15:30:00-04:00,19.020000457763672,19.030000686645508,18.950000762939453,19.0,20562,0.0,0.0
2023-04-21 09:30:00-04:00,18.93000030517578,18.93000030517578,18.75,18.799999237060547,20227,0.0,0.0
2023-04-21 10:30:00-04:00,18.859899520874023,18.859899520874023,18.700000762939453,18.780000686645508,10533,0.0,0.0
2023-04-21 11:30:00-04:00,18.84000015258789,18.84000015258789,18.75,18.7549991607666,5409,0.0,0.0
2023-04-21 12:30:00-04:00,18.75,18.780000686645508,18.739999771118164,18.739999771118164,4480,0.0,0.0
2023-04-21 13:30:00-04:00,18.739999771118164,18.850000381469727,18.739999771118164,18.850000381469727,6100,0.0,0.0
2023-04-21 14:30:00-04:00,18.850000381469727,18.90999984741211,18.84000015258789,18.8700008392334,19324,0.0,0.0
2023-04-21 15:30:00-04:00,18.8799991607666,18.93000030517578,18.850000381469727,18.920000076293945,29135,0.0,0.0
2023-04-24 09:30:00-04:00,18.690000534057617,19.1299991607666,18.690000534057617,19.100000381469727,12011,0.0,0.0
2023-04-24 10:30:00-04:00,19.1299991607666,19.170000076293945,18.954999923706055,18.959999084472656,15311,0.0,0.0
2023-04-24 11:30:00-04:00,18.969999313354492,18.969999313354492,18.8799991607666,18.920000076293945,6769,0.0,0.0
2023-04-24 12:30:00-04:00,18.8700008392334,18.950000762939453,18.850000381469727,18.899999618530273,7564,0.0,0.0
2023-04-24 13:30:00-04:00,18.920000076293945,18.93000030517578,18.829999923706055,18.8700008392334,7700,0.0,0.0
2023-04-24 14:30:00-04:00,18.889999389648438,18.940000534057617,18.860000610351562,18.940000534057617,8237,0.0,0.0
2023-04-24 15:30:00-04:00,18.93000030517578,18.93000030517578,18.8700008392334,18.899999618530273,24997,0.0,0.0
2023-04-25 09:30:00-04:00,18.799999237060547,18.860000610351562,18.405000686645508,18.405000686645508,14726,0.0,0.0
2023-04-25 10:30:00-04:00,18.420000076293945,18.540000915527344,18.420000076293945,18.46500015258789,12984,0.0,0.0
2023-04-25 11:30:00-04:00,18.454999923706055,18.549999237060547,18.440000534057617,18.530000686645508,10288,0.0,0.0
2023-04-25 12:30:00-04:00,18.479999542236328,18.510000228881836,18.255699157714844,18.28499984741211,12982,0.0,0.0
2023-04-25 13:30:00-04:00,18.28499984741211,18.34000015258789,18.170000076293945,18.290000915527344,43826,0.0,0.0
2023-04-25 14:30:00-04:00,18.299999237060547,18.299999237060547,18.18000030517578,18.190000534057617,17845,0.0,0.0
2023-04-25 15:30:00-04:00,18.149999618530273,18.184999465942383,18.09000015258789,18.139999389648438,38676,0.0,0.0
2023-04-26 09:30:00-04:00,18.5,18.700000762939453,18.139999389648438,18.18000030517578,44113,0.0,0.0
2023-04-26 10:30:00-04:00,18.200000762939453,18.40999984741211,18.18000030517578,18.31999969482422,12317,0.0,0.0
2023-04-26 11:30:00-04:00,18.329999923706055,18.395000457763672,18.270000457763672,18.315000534057617,17091,0.0,0.0
2023-04-26 12:30:00-04:00,18.31999969482422,18.329999923706055,18.149999618530273,18.170000076293945,10565,0.0,0.0
2023-04-26 13:30:00-04:00,18.18000030517578,18.25,18.079999923706055,18.1200008392334,28985,0.0,0.0
2023-04-26 14:30:00-04:00,18.110000610351562,18.110000610351562,17.8799991607666,17.922000885009766,29589,0.0,0.0
2023-04-26 15:30:00-04:00,17.94499969482422,18.049999237060547,17.84000015258789,18.020000457763672,41433,0.0,0.0
2023-04-27 09:30:00-04:00,17.989999771118164,18.64579963684082,17.940000534057617,17.989999771118164,21284,0.0,0.0
2023-04-27 10:30:00-04:00,18.0,18.0,17.790000915527344,17.90999984741211,8742,0.0,0.0
2023-04-27 11:30:00-04:00,17.8799991607666,18.040000915527344,17.860000610351562,18.020000457763672,25384,0.0,0.0
2023-04-27 12:30:00-04:00,18.0,18.020000457763672,17.92490005493164,17.92490005493164,13683,0.0,0.0
2023-04-27 13:30:00-04:00,17.934999465942383,17.979999542236328,17.90999984741211,17.940000534057617,12703,0.0,0.0
2023-04-27 14:30:00-04:00,17.954999923706055,17.959999084472656,17.8799991607666,17.920000076293945,44821,0.0,0.0
2023-04-27 15:30:00-04:00,17.90999984741211,17.950000762939453,17.8700008392334,17.899999618530273,30142,0.0,0.0
2023-04-28 09:30:00-04:00,18.110000610351562,18.44499969482422,17.790000915527344,18.43000030517578,26939,0.0,0.0
2023-04-28 10:30:00-04:00,18.389999389648438,18.43000030517578,18.200000762939453,18.3799991607666,41432,0.0,0.0
2023-04-28 11:30:00-04:00,18.3700008392334,18.389999389648438,18.229999542236328,18.260000228881836,11708,0.0,0.0
2023-04-28 12:30:00-04:00,18.280000686645508,18.31999969482422,18.25,18.2549991607666,18291,0.0,0.0
2023-04-28 13:30:00-04:00,18.274999618530273,18.290000915527344,18.1200008392334,18.1299991607666,15459,0.0,0.0
2023-04-28 14:30:00-04:00,18.09000015258789,18.219999313354492,18.06999969482422,18.200000762939453,22857,0.0,0.0
2023-04-28 15:30:00-04:00,18.190000534057617,18.229999542236328,18.139999389648438,18.170000076293945,53396,0.0,0.0
2023-05-01 09:30:00-04:00,18.239999771118164,18.489999771118164,18.18000030517578,18.31999969482422,26554,0.0,0.0
2023-05-01 10:30:00-04:00,18.3799991607666,18.44499969482422,18.200000762939453,18.239999771118164,12046,0.0,0.0
2023-05-01 11:30:00-04:00,18.219999313354492,18.358200073242188,18.170000076293945,18.34000015258789,10604,0.0,0.0
2023-05-01 12:30:00-04:00,18.334999084472656,18.3700008392334,18.170000076293945,18.18000030517578,11494,0.0,0.0
2023-05-01 13:30:00-04:00,18.18000030517578,18.280000686645508,18.139999389648438,18.139999389648438,12985,0.0,0.0
2023-05-01 14:30:00-04:00,18.150100708007812,18.209999084472656,18.09000015258789,18.125,18246,0.0,0.0
2023-05-01 15:30:00-04:00,18.125,18.195999145507812,18.100000381469727,18.1299991607666,34783,0.0,0.0
2023-05-02 09:30:00-04:00,18.100000381469727,18.217500686645508,17.389999389648438,17.440000534057617,27562,0.0,0.0
2023-05-02 10:30:00-04:00,17.429899215698242,17.429899215698242,16.889999389648438,16.940000534057617,25484,0.0,0.0
2023-05-02 11:30:00-04:00,16.940000534057617,17.199499130249023,16.81999969482422,17.18000030517578,53425,0.0,0.0
2023-05-02 12:30:00-04:00,17.200000762939453,17.277999877929688,17.04050064086914,17.209999084472656,33579,0.0,0.0
2023-05-02 13:30:00-04:00,17.219999313354492,17.510000228881836,17.219900131225586,17.40999984741211,55710,0.0,0.0
2023-05-02 14:30:00-04:00,17.405000686645508,17.719999313354492,17.405000686645508,17.6200008392334,77667,0.0,0.0
2023-05-02 15:30:00-04:00,17.604999542236328,17.6299991607666,17.489999771118164,17.559999465942383,48578,0.0,0.0
2023-05-03 09:30:00-04:00,17.639999389648438,17.90999984741211,16.899999618530273,17.740800857543945,27865,0.0,0.0
2023-05-03 10:30:00-04:00,17.729999542236328,17.760000228881836,17.485000610351562,17.56999969482422,21688,0.0,0.0
2023-05-03 11:30:00-04:00,17.59000015258789,17.795000076293945,17.549999237060547,17.790000915527344,20195,0.0,0.0
2023-05-03 12:30:00-04:00,17.795000076293945,17.895000457763672,17.700000762939453,17.864999771118164,12884,0.0,0.0
2023-05-03 13:30:00-04:00,17.8700008392334,18.030000686645508,17.75,17.83099937438965,57180,0.0,0.0
2023-05-03 14:30:00-04:00,17.81999969482422,18.0,17.5,17.510000228881836,90256,0.0,0.0
2023-05-03 15:30:00-04:00,17.510000228881836,17.6200008392334,17.350000381469727,17.389999389648438,63501,0.0,0.0
2023-05-04 09:30:00-04:00,16.799999237060547,17.434999465942383,16.350000381469727,16.399999618530273,52247,0.0,0.0
2023-05-04 10:30:00-04:00,16.360000610351562,17.110000610351562,16.260000228881836,16.899999618530273,42927,0.0,0.0
2023-05-04 11:30:00-04:00,16.854999542236328,17.059999465942383,16.7549991607666,17.059999465942383,20423,0.0,0.0
2023-05-04 12:30:00-04:00,17.040000915527344,17.06999969482422,16.899999618530273,17.030000686645508,21887,0.0,0.0
2023-05-04 13:30:00-04:00,17.100000381469727,17.135000228881836,16.979999542236328,17.084999084472656,18830,0.0,0.0
2023-05-04 14:30:00-04:00,17.100000381469727,17.170000076293945,17.049999237060547,17.149999618530273,18394,0.0,0.0
2023-05-04 15:30:00-04:00,17.15999984741211,17.184999465942383,16.969999313354492,17.09000015258789,29807,0.0,0.0
2023-05-05 09:30:00-04:00,17.989999771118164,17.989999771118164,17.450000762939453,17.579999923706055,10775,0.0,0.0
2023-05-05 10:30:00-04:00,17.579999923706055,17.84000015258789,17.5,17.649999618530273,8029,0.0,0.0
2023-05-05 11:30:00-04:00,17.690000534057617,17.950000762939453,17.690000534057617,17.7450008392334,18657,0.0,0.0
2023-05-05 12:30:00-04:00,17.700000762939453,17.739999771118164,17.559999465942383,17.665000915527344,15007,0.0,0.0
2023-05-05 13:30:00-04:00,17.690000534057617,17.75,17.649999618530273,17.700000762939453,15925,0.0,0.0
2023-05-05 14:30:00-04:00,17.739999771118164,17.940000534057617,17.729999542236328,17.8799991607666,41453,0.0,0.0
2023-05-05 15:30:00-04:00,17.8799991607666,18.020000457763672,17.8799991607666,18.020000457763672,67280,0.0,0.0
2023-05-08 09:30:00-04:00,18.219999313354492,18.219999313354492,17.68000030517578,17.68000030517578,22577,0.0,0.0
2023-05-08 10:30:00-04:00,17.709999084472656,17.829999923706055,17.700000762939453,17.700000762939453,10253,0.0,0.0
2023-05-08 11:30:00-04:00,17.700000762939453,17.725000381469727,17.559999465942383,17.59000015258789,21440,0.0,0.0
2023-05-08 12:30:00-04:00,17.584999084472656,17.655000686645508,17.469999313354492,17.579999923706055,12738,0.0,0.0
2023-05-08 13:30:00-04:00,17.54599952697754,17.65999984741211,17.54129981994629,17.639999389648438,7510,0.0,0.0
2023-05-08 14:30:00-04:00,17.649999618530273,17.68000030517578,17.520000457763672,17.530000686645508,15712,0.0,0.0
2023-05-08 15:30:00-04:00,17.510000228881836,17.540000915527344,17.450000762939453,17.479999542236328,16529,0.0,0.0
2023-05-09 09:30:00-04:00,17.350000381469727,17.4950008392334,17.06999969482422,17.15999984741211,20453,0.0,0.0
2023-05-09 10:30:00-04:00,17.100000381469727,17.190000534057617,17.079999923706055,17.1200008392334,10786,0.0,0.0
2023-05-09 11:30:00-04:00,17.059999465942383,17.059999465942383,16.950000762939453,17.0,10046,0.0,0.0
2023-05-09 12:30:00-04:00,17.020000457763672,17.020000457763672,16.885000228881836,16.950000762939453,8442,0.0,0.0
2023-05-09 13:30:00-04:00,16.959999084472656,17.239099502563477,16.95400047302246,17.165000915527344,14003,0.0,0.0
2023-05-09 14:30:00-04:00,17.15999984741211,17.170000076293945,17.100000381469727,17.125,8350,0.0,0.0
2023-05-09 15:30:00-04:00,17.100000381469727,17.100000381469727,17.020000457763672,17.049999237060547,17784,0.0,0.0
2023-05-10 09:30:00-04:00,17.290000915527344,17.399999618530273,16.8700008392334,16.94499969482422,28512,0.0,0.0
2023-05-10 10:30:00-04:00,16.950000762939453,17.100000381469727,16.920000076293945,17.059999465942383,13443,0.0,0.0
2023-05-10 11:30:00-04:00,17.08340072631836,17.15999984741211,16.989999771118164,17.100000381469727,6126,0.0,0.0
2023-05-10 12:30:00-04:00,17.065000534057617,17.06879997253418,16.920000076293945,16.940000534057617,12218,0.0,0.0
2023-05-10 13:30:00-04:00,16.959999084472656,17.059999465942383,16.920000076293945,17.059999465942383,9468,0.0,0.0
2023-05-10 14:30:00-04:00,17.065000534057617,17.149999618530273,17.020000457763672,17.1200008392334,13500,0.0,0.0
2023-05-10 15:30:00-04:00,17.1200008392334,17.149999618530273,17.040000915527344,17.1299991607666,34677,0.0,0.0
2023-05-11 09:30:00-04:00,16.899999618530273,17.30500030517578,16.649999618530273,16.700000762939453,16263,0.0,0.0
2023-05-11 10:30:00-04:00,16.739999771118164,16.799999237060547,16.68000030517578,16.760000228881836,14072,0.0,0.0
2023-05-11 11:30:00-04:00,16.790000915527344,16.93000030517578,16.790000915527344,16.85099983215332,8237,0.0,0.0
2023-05-11 12:30:00-04:00,16.850000381469727,16.8700008392334,16.799999237060547,16.84000015258789,6653,0.0,0.0
2023-05-11 13:30:00-04:00,16.81999969482422,16.915000915527344,16.760000228881836,16.915000915527344,12377,0.0,0.0
2023-05-11 14:30:00-04:00,16.90999984741211,16.969999313354492,16.889999389648438,16.90999984741211,45489,0.0,0.0
2023-05-11 15:30:00-04:00,16.905000686645508,16.989999771118164,16.8799991607666,16.959999084472656,30070,0.0,0.0
2023-05-12 09:30:00-04:00,17.040000915527344,17.18000030517578,16.809999465942383,16.875,11065,0.0,0.0
2023-05-12 10:30:00-04:00,16.875,16.9950008392334,16.875,16.94499969482422,7118,0.0,0.0
2023-05-12 11:30:00-04:00,16.954999923706055,16.989999771118164,16.860000610351562,16.875,14895,0.0,0.0
2023-05-12 12:30:00-04:00,16.899999618530273,17.030000686645508,16.854999542236328,17.005300521850586,10169,0.0,0.0
2023-05-12 13:30:00-04:00,17.020000457763672,17.06999969482422,16.969999313354492,17.06999969482422,15625,0.0,0.0
2023-05-12 14:30:00-04:00,17.049999237060547,17.110000610351562,17.010000228881836,17.100000381469727,13722,0.0,0.0
2023-05-12 15:30:00-04:00,17.110000610351562,17.229999542236328,17.110000610351562,17.219999313354492,22840,0.0,0.0
2023-05-15 09:30:00-04:00,17.260000228881836,17.479999542236328,17.260000228881836,17.43000030517578,8703,0.0,0.0
2023-05-15 10:30:00-04:00,17.469999313354492,17.559999465942383,17.420000076293945,17.510000228881836,11273,0.0,0.0
2023-05-15 11:30:00-04:00,17.5,17.540000915527344,17.420000076293945,17.459999084472656,13632,0.0,0.0
2023-05-15 12:30:00-04:00,17.440000534057617,17.659000396728516,17.3799991607666,17.6200008392334,17434,0.0,0.0
2023-05-15 13:30:00-04:00,17.600000381469727,17.610000610351562,17.510000228881836,17.510000228881836,5288,0.0,0.0
2023-05-15 14:30:00-04:00,17.540000915527344,17.59000015258789,17.4950008392334,17.549999237060547,18774,0.0,0.0
2023-05-15 15:30:00-04:00,17.530000686645508,17.56999969482422,17.459999084472656,17.510000228881836,43631,0.0,0.0
2023-05-16 09:30:00-04:00,17.6200008392334,17.649999618530273,17.46500015258789,17.510000228881836,5176,0.0,0.0
2023-05-16 10:30:00-04:00,17.540000915527344,17.639999389648438,17.540000915527344,17.600000381469727,12514,0.0,0.0
2023-05-16 11:30:00-04:00,17.600000381469727,17.600000381469727,17.444499969482422,17.46500015258789,5490,0.0,0.0
2023-05-16 12:30:00-04:00,17.473400115966797,17.610000610351562,17.473400115966797,17.489999771118164,16952,0.0,0.0
2023-05-16 13:30:00-04:00,17.5,17.635000228881836,17.469999313354492,17.6299991607666,19640,0.0,0.0
2023-05-16 14:30:00-04:00,17.649999618530273,17.649999618530273,17.531700134277344,17.594999313354492,28005,0.0,0.0
2023-05-16 15:30:00-04:00,17.600000381469727,17.610000610351562,17.40999984741211,17.40999984741211,29162,0.0,0.0
2023-05-17 09:30:00-04:00,17.59000015258789,17.809999465942383,17.450000762939453,17.809999465942383,8858,0.0,0.0
2023-05-17 10:30:00-04:00,17.84000015258789,18.149999618530273,17.829999923706055,18.049999237060547,14546,0.0,0.0
2023-05-17 11:30:00-04:00,18.065000534057617,18.18000030517578,18.030000686645508,18.18000030517578,13152,0.0,0.0
2023-05-17 12:30:00-04:00,18.209999084472656,18.459999084472656,18.209999084472656,18.3799991607666,14077,0.0,0.0
2023-05-17 13:30:00-04:00,18.440000534057617,18.440000534057617,18.290000915527344,18.350000381469727,11427,0.0,0.0
2023-05-17 14:30:00-04:00,18.309999465942383,18.56999969482422,18.309999465942383,18.440000534057617,29558,0.0,0.0
2023-05-17 15:30:00-04:00,18.420000076293945,18.56999969482422,18.405000686645508,18.510000228881836,29858,0.0,0.0
2023-05-18 09:30:00-04:00,18.540000915527344,18.600000381469727,18.0,18.520000457763672,6525,0.0,0.0
2023-05-18 10:30:00-04:00,18.520000457763672,18.540000915527344,18.29010009765625,18.299999237060547,15498,0.0,0.0
2023-05-18 11:30:00-04:00,18.34000015258789,18.3799991607666,18.260000228881836,18.299999237060547,9554,0.0,0.0
2023-05-18 12:30:00-04:00,18.309999465942383,18.489999771118164,18.290000915527344,18.450000762939453,10557,0.0,0.0
2023-05-18 13:30:00-04:00,18.40999984741211,18.559999465942383,18.391000747680664,18.540000915527344,10648,0.0,0.0
2023-05-18 14:30:00-04:00,18.540000915527344,18.56999969482422,18.440000534057617,18.440000534057617,32211,0.0,0.0
2023-05-18 15:30:00-04:00,18.459999084472656,18.610000610351562,18.459999084472656,18.510000228881836,29985,0.0,0.0
2023-05-19 09:30:00-04:00,18.75,18.829999923706055,18.432199478149414,18.479999542236328,38096,0.0,0.0
2023-05-19 10:30:00-04:00,18.524999618530273,18.565000534057617,18.110000610351562,18.15999984741211,16048,0.0,0.0
2023-05-19 11:30:00-04:00,18.170000076293945,18.229999542236328,18.010000228881836,18.18000030517578,24060,0.0,0.0
2023-05-19 12:30:00-04:00,18.145000457763672,18.190000534057617,18.059999465942383,18.1200008392334,9273,0.0,0.0
2023-05-19 13:30:00-04:00,18.149999618530273,18.15999984741211,18.030000686645508,18.110000610351562,10521,0.0,0.0
2023-05-19 14:30:00-04:00,18.09000015258789,18.139999389648438,18.020000457763672,18.030000686645508,14195,0.0,0.0
2023-05-19 15:30:00-04:00,18.045000076293945,18.1200008392334,18.010000228881836,18.1200008392334,39939,0.0,0.0
2023-05-22 09:30:00-04:00,18.25,18.360000610351562,18.100000381469727,18.357500076293945,10631,0.0,0.0
2023-05-22 10:30:00-04:00,18.350000381469727,18.440000534057617,18.270000457763672,18.440000534057617,13528,0.0,0.0
2023-05-22 11:30:00-04:00,18.440000534057617,18.674999237060547,18.399999618530273,18.639999389648438,13238,0.0,0.0
2023-05-22 12:30:00-04:00,18.6200008392334,18.670000076293945,18.5,18.579999923706055,12276,0.0,0.0
2023-05-22 13:30:00-04:00,18.56999969482422,18.68000030517578,18.56999969482422,18.68000030517578,18739,0.0,0.0
2023-05-22 14:30:00-04:00,18.670000076293945,18.770000457763672,18.670000076293945,18.709999084472656,25307,0.0,0.0
2023-05-22 15:30:00-04:00,18.719999313354492,18.738000869750977,18.639999389648438,18.700000762939453,24570,0.0,0.0
2023-05-23 09:30:00-04:00,18.690000534057617,19.05900001525879,18.690000534057617,19.05900001525879,9878,0.0,0.0
2023-05-23 10:30:00-04:00,19.059999465942383,19.290000915527344,19.030000686645508,19.290000915527344,16556,0.0,0.0
2023-05-23 11:30:00-04:00,19.264999389648438,19.56999969482422,19.264999389648438,19.440000534057617,35531,0.0,0.0
2023-05-23 12:30:00-04:00,19.440000534057617,19.649999618530273,19.309999465942383,19.549999237060547,43751,0.0,0.0
2023-05-23 13:30:00-04:00,19.520000457763672,19.690000534057617,19.440000534057617,19.540000915527344,45425,0.0,0.0
2023-05-23 14:30:00-04:00,19.549999237060547,19.639999389648438,19.364999771118164,19.3799991607666,19764,0.0,0.0
2023-05-23 15:30:00-04:00,19.31999969482422,19.360000610351562,19.200000762939453,19.239999771118164,31183,0.0,0.0
2023-05-24 09:30:00-04:00,19.09000015258789,19.1875,18.799999237060547,18.850000381469727,9148,0.0,0.0
2023-05-24 10:30:00-04:00,18.889999389648438,19.030000686645508,18.829999923706055,18.9950008392334,16592,0.0,0.0
2023-05-24 11:30:00-04:00,18.989999771118164,19.065000534057617,18.985000610351562,19.040000915527344,12388,0.0,0.0
2023-05-24 12:30:00-04:00,19.03499984741211,19.094999313354492,18.975000381469727,18.975000381469727,10254,0.0,0.0
2023-05-24 13:30:00-04:00,19.030000686645508,19.059999465942383,18.969999313354492,19.0,9726,0.0,0.0
2023-05-24 14:30:00-04:00,19.0,19.079999923706055,19.0,19.059999465942383,12683,0.0,0.0
2023-05-24 15:30:00-04:00,19.059999465942383,19.110000610351562,18.989999771118164,19.030000686645508,26234,0.0,0.0
2023-05-25 09:30:00-04:00,18.81999969482422,19.135000228881836,18.799999237060547,19.135000228881836,15791,0.0,0.0
2023-05-25 10:30:00-04:00,19.09000015258789,19.09000015258789,18.899999618530273,18.940000534057617,26879,0.0,0.0
2023-05-25 11:30:00-04:00,18.899999618530273,18.979999542236328,18.829999923706055,18.959999084472656,20549,0.0,0.0
2023-05-25 12:30:00-04:00,18.969999313354492,19.09000015258789,18.885000228881836,19.041000366210938,17107,0.0,0.0
2023-05-25 13:30:00-04:00,19.108999252319336,19.170000076293945,19.040000915527344,19.110000610351562,16756,0.0,0.0
2023-05-25 14:30:00-04:00,19.084999084472656,19.1200008392334,19.010000228881836,19.1200008392334,18742,0.0,0.0
2023-05-25 15:30:00-04:00,19.110000610351562,19.15999984741211,19.079999923706055,19.1200008392334,33710,0.0,0.0
2023-05-26 09:30:00-04:00,19.09000015258789,19.09000015258789,18.770000457763672,19.065000534057617,15585,0.0,0.0
2023-05-26 10:30:00-04:00,19.065000534057617,19.15999984741211,18.93000030517578,18.975000381469727,8245,0.0,0.0
2023-05-26 11:30:00-04:00,18.969999313354492,19.190000534057617,18.924999237060547,19.165000915527344,14999,0.0,0.0
2023-05-26 12:30:00-04:00,19.149999618530273,19.190000534057617,19.0,19.03499984741211,14898,0.0,0.0
2023-05-26 13:30:00-04:00,19.049999237060547,19.100000381469727,19.010000228881836,19.079999923706055,11209,0.0,0.0
2023-05-26 14:30:00-04:00,19.079999923706055,19.15999984741211,19.06999969482422,19.1200008392334,19719,0.0,0.0
2023-05-26 15:30:00-04:00,19.100000381469727,19.174999237060547,19.079999923706055,19.149999618530273,42388,0.0,0.0
2023-05-30 09:30:00-04:00,19.295000076293945,19.309999465942383,18.915000915527344,19.114999771118164,17666,0.0,0.0
2023-05-30 10:30:00-04:00,19.094999313354492,19.18000030517578,18.950000762939453,19.06999969482422,15449,0.0,0.0
2023-05-30 11:30:00-04:00,19.040000915527344,19.097999572753906,19.0049991607666,19.040000915527344,11480,0.0,0.0
2023-05-30 12:30:00-04:00,19.049999237060547,19.1200008392334,19.0,19.09000015258789,18401,0.0,0.0
2023-05-30 13:30:00-04:00,19.065000534057617,19.209999084472656,19.065000534057617,19.209999084472656,12396,0.0,0.0
2023-05-30 14:30:00-04:00,19.190000534057617,19.259000778198242,19.139999389648438,19.170000076293945,17814,0.0,0.0
2023-05-30 15:30:00-04:00,19.174999237060547,19.25,19.15999984741211,19.209999084472656,29346,0.0,0.0
2023-05-31 09:30:00-04:00,19.079999923706055,19.1299991607666,18.780000686645508,18.850000381469727,32675,0.0,0.0
2023-05-31 10:30:00-04:00,18.829999923706055,18.850000381469727,18.594999313354492,18.625,37737,0.0,0.0
2023-05-31 11:30:00-04:00,18.625,18.719999313354492,18.559999465942383,18.625,22055,0.0,0.0
2023-05-31 12:30:00-04:00,18.649999618530273,18.729999542236328,18.59000015258789,18.6200008392334,21696,0.0,0.0
2023-05-31 13:30:00-04:00,18.625,18.719999313354492,18.565000534057617,18.68000030517578,25816,0.0,0.0
2023-05-31 14:30:00-04:00,18.700000762939453,18.850000381469727,18.56999969482422,18.65999984741211,97334,0.0,0.0
2023-05-31 15:30:00-04:00,18.65999984741211,18.739999771118164,18.649999618530273,18.700000762939453,42262,0.0,0.0
2023-06-01 09:30:00-04:00,18.829999923706055,18.93000030517578,18.59000015258789,18.93000030517578,17526,0.0,0.0
2023-06-01 10:30:00-04:00,18.93000030517578,19.15999984741211,18.905000686645508,19.1299991607666,26490,0.0,0.0
2023-06-01 11:30:00-04:00,19.1200008392334,19.329999923706055,19.1200008392334,19.229999542236328,39658,0.0,0.0
2023-06-01 12:30:00-04:00,19.239999771118164,19.360000610351562,19.18000030517578,19.239999771118164,26812,0.0,0.0
2023-06-01 13:30:00-04:00,19.260000228881836,19.329999923706055,19.209999084472656,19.31999969482422,19849,0.0,0.0
2023-06-01 14:30:00-04:00,19.309999465942383,19.309999465942383,19.100000381469727,19.299999237060547,55014,0.0,0.0
2023-06-01 15:30:00-04:00,19.229999542236328,19.229999542236328,19.1200008392334,19.18000030517578,23433,0.0,0.0
2023-06-02 09:30:00-04:00,19.479999542236328,19.530000686645508,19.1200008392334,19.530000686645508,12154,0.0,0.0
2023-06-02 10:30:00-04:00,19.549999237060547,19.88990020751953,19.549999237060547,19.850000381469727,26074,0.0,0.0
2023-06-02 11:30:00-04:00,19.854999542236328,19.969999313354492,19.790000915527344,19.969999313354492,16820,0.0,0.0
2023-06-02 12:30:00-04:00,19.959999084472656,20.299999237060547,19.93000030517578,20.280000686645508,22264,0.0,0.0
2023-06-02 13:30:00-04:00,20.309999465942383,20.3799991607666,20.219999313354492,20.325000762939453,20232,0.0,0.0
2023-06-02 14:30:00-04:00,20.299999237060547,20.3700008392334,20.239999771118164,20.3700008392334,26501,0.0,0.0
2023-06-02 15:30:00-04:00,20.34000015258789,20.510000228881836,20.34000015258789,20.43000030517578,53692,0.0,0.0
2023-06-05 09:30:00-04:00,20.43000030517578,20.43000030517578,19.665000915527344,19.780000686645508,20628,0.0,0.0
2023-06-05 10:30:00-04:00,19.81999969482422,20.059999465942383,19.760000228881836,20.0,16728,0.0,0.0
2023-06-05 11:30:00-04:00,20.010000228881836,20.1200008392334,20.0,20.047399520874023,30237,0.0,0.0
2023-06-05 12:30:00-04:00,20.049999237060547,20.079999923706055,19.90999984741211,19.90999984741211,12813,0.0,0.0
2023-06-05 13:30:00-04:00,19.899999618530273,19.985000610351562,19.809999465942383,19.809999465942383,11300,0.0,0.0
2023-06-05 14:30:00-04:00,19.815000534057617,19.81599998474121,19.6200008392334,19.6200008392334,17971,0.0,0.0
2023-06-05 15:30:00-04:00,19.625,19.75,19.59000015258789,19.639999389648438,45780,0.0,0.0
2023-06-06 09:30:00-04:00,19.6299991607666,20.3799991607666,19.5,20.3799991607666,9810,0.0,0.0
2023-06-06 10:30:00-04:00,20.389999389648438,20.860000610351562,20.350000381469727,20.58099937438965,34479,0.0,0.0
2023-06-06 11:30:00-04:00,20.639999389648438,20.950000762939453,20.6299991607666,20.799999237060547,18210,0.0,0.0
2023-06-06 12:30:00-04:00,20.84000015258789,20.84000015258789,20.530000686645508,20.610000610351562,17702,0.0,0.0
2023-06-06 13:30:00-04:00,20.549999237060547,20.6299991607666,20.450000762939453,20.6299991607666,11476,0.0,0.0
2023-06-06 14:30:00-04:00,20.639999389648438,20.649999618530273,20.549999237060547,20.600000381469727,16749,0.0,0.0
2023-06-06 15:30:00-04:00,20.6200008392334,20.719999313354492,20.579999923706055,20.600000381469727,29205,0.0,0.0
2023-06-07 09:30:00-04:00,20.860000610351562,21.350000381469727,20.68000030517578,21.190000534057617,19890,0.0,0.0
2023-06-07 10:30:00-04:00,21.170000076293945,21.25,21.049999237060547,21.200000762939453,18623,0.0,0.0
2023-06-07 11:30:00-04:00,21.270000457763672,21.270099639892578,20.959999084472656,21.219999313354492,9578,0.0,0.0
2023-06-07 12:30:00-04:00,21.235000610351562,21.3700008392334,21.219999313354492,21.329999923706055,16392,0.0,0.0
2023-06-07 13:30:00-04:00,21.290000915527344,21.450000762939453,21.229999542236328,21.450000762939453,18040,0.0,0.0
2023-06-07 14:30:00-04:00,21.479999542236328,21.6299991607666,21.440000534057617,21.440000534057617,27520,0.0,0.0
2023-06-07 15:30:00-04:00,21.459999084472656,21.55900001525879,21.3799991607666,21.399999618530273,39549,0.0,0.0
2023-06-08 09:30:00-04:00,21.290000915527344,21.290000915527344,20.770000457763672,21.030000686645508,10508,0.0,0.0
2023-06-08 10:30:00-04:00,21.010000228881836,21.100000381469727,20.940000534057617,21.06999969482422,8919,0.0,0.0
2023-06-08 11:30:00-04:00,21.079999923706055,21.139999389648438,21.030000686645508,21.139999389648438,11790,0.0,0.0
2023-06-08 12:30:00-04:00,21.1200008392334,21.315000534057617,21.06999969482422,21.315000534057617,11186,0.0,0.0
2023-06-08 13:30:00-04:00,21.31999969482422,21.350000381469727,21.270000457763672,21.31999969482422,9395,0.0,0.0
2023-06-08 14:30:00-04:00,21.360000610351562,21.3799991607666,21.290000915527344,21.31999969482422,14409,0.0,0.0
2023-06-08 15:30:00-04:00,21.325000762939453,21.360000610351562,21.25,21.31999969482422,35096,0.0,0.0
2023-06-09 09:30:00-04:00,21.290000915527344,21.290000915527344,20.799999237060547,21.280000686645508,17037,0.0,0.0
2023-06-09 10:30:00-04:00,21.299999237060547,21.40999984741211,21.170000076293945,21.174999237060547,20729,0.0,0.0
2023-06-09 11:30:00-04:00,21.174999237060547,21.209999084472656,21.075000762939453,21.209999084472656,13981,0.0,0.0
2023-06-09 12:30:00-04:00,21.219999313354492,21.219999313354492,21.09000015258789,21.200000762939453,19851,0.0,0.0
2023-06-09 13:30:00-04:00,21.219999313354492,21.274999618530273,21.200000762939453,21.2450008392334,17625,0.0,0.0
2023-06-09 14:30:00-04:00,21.209999084472656,21.219999313354492,20.950000762939453,20.950000762939453,21668,0.0,0.0
2023-06-09 15:30:00-04:00,20.959999084472656,21.100000381469727,20.950000762939453,21.100000381469727,25508,0.0,0.0
2023-06-12 09:30:00-04:00,21.06999969482422,21.350000381469727,20.36389923095703,21.170000076293945,11507,0.0,0.0
2023-06-12 10:30:00-04:00,21.040000915527344,21.209999084472656,20.93000030517578,20.93000030517578,11542,0.0,0.0
2023-06-12 11:30:00-04:00,20.93000030517578,20.979999542236328,20.770000457763672,20.969999313354492,9705,0.0,0.0
2023-06-12 12:30:00-04:00,20.979999542236328,20.9950008392334,20.809999465942383,20.829999923706055,8297,0.0,0.0
2023-06-12 13:30:00-04:00,20.799999237060547,20.940099716186523,20.760000228881836,20.899999618530273,15040,0.0,0.0
2023-06-12 14:30:00-04:00,20.90999984741211,20.950000762939453,20.739999771118164,20.93000030517578,12393,0.0,0.0
2023-06-12 15:30:00-04:00,20.90999984741211,20.950000762939453,20.719999313354492,20.760000228881836,34048,0.0,0.0
2023-06-13 09:30:00-04:00,20.790000915527344,21.3799991607666,20.649999618530273,21.3700008392334,12829,0.0,0.0
2023-06-13 10:30:00-04:00,21.270000457763672,21.31999969482422,20.959999084472656,21.149999618530273,11105,0.0,0.0
2023-06-13 11:30:00-04:00,21.170000076293945,21.34000015258789,21.09000015258789,21.34000015258789,12023,0.0,0.0
2023-06-13 12:30:00-04:00,21.290000915527344,21.31999969482422,21.239999771118164,21.239999771118164,6399,0.0,0.0
2023-06-13 13:30:00-04:00,21.19499969482422,21.290000915527344,21.147499084472656,21.260000228881836,8287,0.0,0.0
2023-06-13 14:30:00-04:00,21.2549991607666,21.420000076293945,21.2549991607666,21.389999389648438,21609,0.0,0.0
2023-06-13 15:30:00-04:00,21.399999618530273,21.43000030517578,21.329999923706055,21.40999984741211,32806,0.0,0.0
2023-06-14 09:30:00-04:00,21.389999389648438,21.549999237060547,21.200000762939453,21.200000762939453,21667,0.0,0.0
2023-06-14 10:30:00-04:00,21.260000228881836,21.385000228881836,21.200000762939453,21.3700008392334,9841,0.0,0.0
2023-06-14 11:30:00-04:00,21.34000015258789,21.450000762939453,21.329999923706055,21.364999771118164,7534,0.0,0.0
2023-06-14 12:30:00-04:00,21.31999969482422,21.360000610351562,21.280000686645508,21.290000915527344,4715,0.0,0.0
2023-06-14 13:30:00-04:00,21.270000457763672,21.329999923706055,20.850000381469727,20.889999389648438,15360,0.0,0.0
2023-06-14 14:30:00-04:00,20.950000762939453,21.15999984741211,20.899999618530273,21.059999465942383,16056,0.0,0.0
2023-06-14 15:30:00-04:00,21.040000915527344,21.09000015258789,20.799999237060547,20.93000030517578,36915,0.0,0.0
2023-06-15 09:30:00-04:00,20.75,21.219999313354492,20.443099975585938,21.1200008392334,7824,0.0,0.0
2023-06-15 10:30:00-04:00,21.0,21.18000030517578,20.940000534057617,21.18000030517578,12483,0.0,0.0
2023-06-15 11:30:00-04:00,21.18000030517578,21.200000762939453,21.0,21.049999237060547,6295,0.0,0.0
2023-06-15 12:30:00-04:00,21.030000686645508,21.1200008392334,20.969999313354492,21.0049991607666,10633,0.0,0.0
2023-06-15 13:30:00-04:00,21.030000686645508,21.06999969482422,20.959999084472656,20.979999542236328,17512,0.0,0.0
2023-06-15 14:30:00-04:00,20.989999771118164,21.139999389648438,20.969999313354492,21.065000534057617,25605,0.0,0.0
2023-06-15 15:30:00-04:00,21.040000915527344,21.190000534057617,20.959999084472656,21.030000686645508,35892,0.0,0.0
2023-06-16 09:30:00-04:00,21.25,21.25,20.739999771118164,20.739999771118164,78431,0.0,0.0
2023-06-16 10:30:00-04:00,20.780000686645508,20.780000686645508,20.549999237060547,20.639999389648438,15614,0.0,0.0
2023-06-16 11:30:00-04:00,20.68000030517578,20.84000015258789,20.65999984741211,20.84000015258789,11103,0.0,0.0
2023-06-16 12:30:00-04:00,20.764999389648438,20.799999237060547,20.735000610351562,20.75,8581,0.0,0.0
2023-06-16 13:30:00-04:00,20.690000534057617,20.729999542236328,20.665000915527344,20.709999084472656,9688,0.0,0.0
2023-06-16 14:30:00-04:00,20.71500015258789,20.809999465942383,20.71500015258789,20.780000686645508,15127,0.0,0.0
2023-06-16 15:30:00-04:00,20.780000686645508,20.8700008392334,20.760000228881836,20.790000915527344,30078,0.0,0.0
2023-06-20 09:30:00-04:00,20.780000686645508,20.850000381469727,20.4950008392334,20.6299991607666,9771,0.0,0.0
2023-06-20 10:30:00-04:00,20.6299991607666,20.787500381469727,20.59000015258789,20.665000915527344,11420,0.0,0.0
2023-06-20 11:30:00-04:00,20.649999618530273,20.729999542236328,20.600000381469727,20.6200008392334,10767,0.0,0.0
2023-06-20 12:30:00-04:00,20.655000686645508,20.719999313354492,20.6200008392334,20.65999984741211,8518,0.0,0.0
2023-06-20 13:30:00-04:00,20.600000381469727,20.610000610351562,20.56999969482422,20.579999923706055,8444,0.0,0.0
2023-06-20 14:30:00-04:00,20.579999923706055,20.59000015258789,20.479999542236328,20.559999465942383,16765,0.0,0.0
2023-06-20 15:30:00-04:00,20.559999465942383,20.59000015258789,20.5,20.520000457763672,24245,0.0,0.0
2023-06-21 09:30:00-04:00,20.43000030517578,20.614999771118164,20.28499984741211,20.549999237060547,29369,0.0,0.0
2023-06-21 10:30:00-04:00,20.549999237060547,20.645000457763672,20.5,20.56999969482422,19916,0.0,0.0
2023-06-21 11:30:00-04:00,20.56999969482422,20.645000457763672,20.549999237060547,20.59000015258789,7682,0.0,0.0
2023-06-21 12:30:00-04:00,20.600000381469727,20.639999389648438,20.459999084472656,20.489999771118164,13529,0.0,0.0
2023-06-21 13:30:00-04:00,20.489999771118164,20.610000610351562,20.489999771118164,20.610000610351562,9591,0.0,0.0
2023-06-21 14:30:00-04:00,20.625,20.65999984741211,20.510000228881836,20.510000228881836,18719,0.0,0.0
2023-06-21 15:30:00-04:00,20.5,20.530000686645508,20.3700008392334,20.3799991607666,26346,0.0,0.0
2023-06-22 09:30:00-04:00,20.270000457763672,20.270000457763672,19.948200225830078,20.110000610351562,23864,0.0,0.0
2023-06-22 10:30:00-04:00,20.110000610351562,20.110000610351562,19.690000534057617,19.799999237060547,21619,0.0,0.0
2023-06-22 11:30:00-04:00,19.829999923706055,19.940000534057617,19.829999923706055,19.899999618530273,15701,0.0,0.0
2023-06-22 12:30:00-04:00,19.940000534057617,19.975000381469727,19.860000610351562,19.959999084472656,16732,0.0,0.0
2023-06-22 13:30:00-04:00,19.93000030517578,19.989999771118164,19.8700008392334,19.969999313354492,17991,0.0,0.0
2023-06-22 14:30:00-04:00,19.959999084472656,20.010000228881836,19.8700008392334,19.8700008392334,17065,0.0,0.0
2023-06-22 15:30:00-04:00,19.860000610351562,19.8700008392334,19.790000915527344,19.860000610351562,47860,0.0,0.0
2023-06-23 09:30:00-04:00,19.59000015258789,20.0,19.540000915527344,19.780000686645508,17469,0.0,0.0
2023-06-23 10:30:00-04:00,19.799999237060547,19.8700008392334,19.719999313354492,19.719999313354492,21273,0.0,0.0
2023-06-23 11:30:00-04:00,19.739999771118164,19.770000457763672,19.674999237060547,19.760000228881836,11284,0.0,0.0
2023-06-23 12:30:00-04:00,19.75,19.799999237060547,19.719999313354492,19.799999237060547,10605,0.0,0.0
2023-06-23 13:30:00-04:00,19.790000915527344,19.829999923706055,19.649999618530273,19.649999618530273,15451,0.0,0.0
2023-06-23 14:30:00-04:00,19.649999618530273,19.649999618530273,19.43000030517578,19.489999771118164,30403,0.0,0.0
2023-06-23 15:30:00-04:00,19.510000228881836,20.020000457763672,19.43000030517578,19.790000915527344,142568,0.0,0.0
2023-06-26 09:30:00-04:00,19.790000915527344,20.149999618530273,19.780000686645508,19.895000457763672,29967,0.0,0.0
2023-06-26 10:30:00-04:00,19.895000457763672,19.90999984741211,19.770000457763672,19.8799991607666,15237,0.0,0.0
2023-06-26 11:30:00-04:00,19.8700008392334,19.979999542236328,19.799999237060547,19.84000015258789,19040,0.0,0.0
2023-06-26 12:30:00-04:00,19.8700008392334,19.889999389648438,19.809999465942383,19.860000610351562,12325,0.0,0.0
2023-06-26 13:30:00-04:00,19.84000015258789,19.899999618530273,19.84000015258789,19.895000457763672,13144,0.0,0.0
2023-06-26 14:30:00-04:00,19.899999618530273,19.90999984741211,19.850000381469727,19.899999618530273,17808,0.0,0.0
2023-06-26 15:30:00-04:00,19.889999389648438,19.899999618530273,19.700000762939453,19.739999771118164,33164,0.0,0.0
2023-06-27 09:30:00-04:00,19.829999923706055,19.959999084472656,19.3799991607666,19.950000762939453,19257,0.0,0.0
2023-06-27 10:30:00-04:00,19.969999313354492,20.059999465942383,19.891000747680664,19.891000747680664,10284,0.0,0.0
2023-06-27 11:30:00-04:00,19.860000610351562,19.950000762939453,19.829999923706055,19.950000762939453,11954,0.0,0.0
2023-06-27 12:30:00-04:00,19.920000076293945,20.1200008392334,19.920000076293945,20.100000381469727,16316,0.0,0.0
2023-06-27 13:30:00-04:00,20.100000381469727,20.125,20.020000457763672,20.059999465942383,10066,0.0,0.0
2023-06-27 14:30:00-04:00,20.059999465942383,20.059999465942383,19.889999389648438,19.91659927368164,23414,0.0,0.0
2023-06-27 15:30:00-04:00,19.915000915527344,19.975000381469727,19.829999923706055,19.8799991607666,28748,0.0,0.0
2023-06-28 09:30:00-04:00,19.809999465942383,19.809999465942383,19.56999969482422,19.600000381469727,10536,0.0,0.0
2023-06-28 10:30:00-04:00,19.59000015258789,19.670000076293945,19.530000686645508,19.670000076293945,11014,0.0,0.0
2023-06-28 11:30:00-04:00,19.709999084472656,19.81999969482422,19.709999084472656,19.7450008392334,6223,0.0,0.0
2023-06-28 12:30:00-04:00,19.760000228881836,19.770000457763672,19.59000015258789,19.700000762939453,21621,0.0,0.0
2023-06-28 13:30:00-04:00,19.739999771118164,19.780000686645508,19.690000534057617,19.719999313354492,16187,0.0,0.0
2023-06-28 14:30:00-04:00,19.75,19.81999969482422,19.700000762939453,19.81999969482422,12932,0.0,0.0
2023-06-28 15:30:00-04:00,19.799999237060547,19.81999969482422,19.739999771118164,19.770000457763672,19034,0.0,0.0
2023-06-29 09:30:00-04:00,20.0,20.354999542236328,19.940000534057617,20.18000030517578,17956,0.0,0.0
2023-06-29 10:30:00-04:00,20.21500015258789,20.299999237060547,20.110000610351562,20.174999237060547,37827,0.0,0.0
2023-06-29 11:30:00-04:00,20.247499465942383,20.31999969482422,20.18000030517578,20.290000915527344,26804,0.0,0.0
2023-06-29 12:30:00-04:00,20.290000915527344,20.34000015258789,20.229999542236328,20.299999237060547,41176,0.0,0.0
2023-06-29 13:30:00-04:00,20.309999465942383,20.360000610351562,20.190000534057617,20.276199340820312,37348,0.0,0.0
2023-06-29 14:30:00-04:00,20.290000915527344,20.329999923706055,20.190000534057617,20.19499969482422,32492,0.0,0.0
2023-06-29 15:30:00-04:00,20.200000762939453,20.270000457763672,20.15999984741211,20.200000762939453,36898,0.0,0.0
2023-06-30 09:30:00-04:00,20.3700008392334,20.3700008392334,19.959999084472656,20.1299991607666,21833,0.0,0.0
2023-06-30 10:30:00-04:00,20.190000534057617,20.190000534057617,19.979999542236328,20.100000381469727,32889,0.0,0.0
2023-06-30 11:30:00-04:00,20.09000015258789,20.15999984741211,20.075000762939453,20.1299991607666,19473,0.0,0.0
2023-06-30 12:30:00-04:00,20.149999618530273,20.219999313354492,20.1299991607666,20.19499969482422,27276,0.0,0.0
2023-06-30 13:30:00-04:00,20.19499969482422,20.290000915527344,20.190000534057617,20.260000228881836,26199,0.0,0.0
2023-06-30 14:30:00-04:00,20.270000457763672,20.290000915527344,20.225000381469727,20.270000457763672,33263,0.0,0.0
2023-06-30 15:30:00-04:00,20.25,20.260000228881836,20.09000015258789,20.09000015258789,39530,0.0,0.0
2023-07-03 09:30:00-04:00,19.940000534057617,20.479999542236328,19.940000534057617,20.290000915527344,20127,0.0,0.0
2023-07-03 10:30:00-04:00,20.299999237060547,20.34000015258789,20.139999389648438,20.200000762939453,16120,0.0,0.0
2023-07-03 11:30:00-04:00,20.209999084472656,20.260000228881836,20.145000457763672,20.15999984741211,15775,0.0,0.0
2023-07-05 09:30:00-04:00,20.200000762939453,20.200000762939453,19.860000610351562,19.969999313354492,19231,0.0,0.0
2023-07-05 10:30:00-04:00,19.989999771118164,20.110000610351562,19.90999984741211,20.049999237060547,31937,0.0,0.0
2023-07-05 11:30:00-04:00,20.040000915527344,20.135000228881836,20.020000457763672,20.020000457763672,21357,0.0,0.0
2023-07-05 12:30:00-04:00,20.020000457763672,20.079999923706055,19.989999771118164,20.040000915527344,9942,0.0,0.0
2023-07-05 13:30:00-04:00,20.059999465942383,20.18000030517578,20.045000076293945,20.170000076293945,11280,0.0,0.0
2023-07-05 14:30:00-04:00,20.170000076293945,20.18000030517578,20.09000015258789,20.09000015258789,12104,0.0,0.0
2023-07-05 15:30:00-04:00,20.06999969482422,20.06999969482422,19.905000686645508,19.93000030517578,30855,0.0,0.0
2023-07-06 09:30:00-04:00,19.709999084472656,20.18000030517578,19.450000762939453,19.489999771118164,14283,0.0,0.0
2023-07-06 10:30:00-04:00,19.43000030517578,19.510000228881836,19.344999313354492,19.450000762939453,20118,0.0,0.0
2023-07-06 11:30:00-04:00,19.459999084472656,19.600000381469727,19.459999084472656,19.520000457763672,17600,0.0,0.0
2023-07-06 12:30:00-04:00,19.489999771118164,19.649999618530273,19.489999771118164,19.639999389648438,12012,0.0,0.0
2023-07-06 13:30:00-04:00,19.655000686645508,19.68000030517578,19.639999389648438,19.670000076293945,10043,0.0,0.0
2023-07-06 14:30:00-04:00,19.68000030517578,19.729999542236328,19.645000457763672,19.649999618530273,17973,0.0,0.0
2023-07-06 15:30:00-04:00,19.610000610351562,19.68000030517578,19.549999237060547,19.610000610351562,26315,0.0,0.0
2023-07-07 09:30:00-04:00,19.68000030517578,20.03499984741211,19.68000030517578,20.010000228881836,14222,0.0,0.0
2023-07-07 10:30:00-04:00,20.020000457763672,20.290000915527344,19.979999542236328,20.280000686645508,17280,0.0,0.0
2023-07-07 11:30:00-04:00,20.290000915527344,20.440000534057617,20.25,20.399999618530273,48157,0.0,0.0
2023-07-07 12:30:00-04:00,20.415000915527344,20.540000915527344,20.389999389648438,20.5049991607666,13457,0.0,0.0
2023-07-07 13:30:00-04:00,20.5049991607666,20.540000915527344,20.459999084472656,20.520000457763672,21545,0.0,0.0
2023-07-07 14:30:00-04:00,20.520000457763672,20.549999237060547,20.485000610351562,20.5,22931,0.0,0.0
2023-07-07 15:30:00-04:00,20.510000228881836,20.549999237060547,20.475000381469727,20.510000228881836,49252,0.0,0.0
2023-07-10 09:30:00-04:00,20.299999237060547,21.0,20.1299991607666,20.844999313354492,38888,0.0,0.0
2023-07-10 10:30:00-04:00,20.844999313354492,21.0,20.760000228881836,20.774999618530273,31553,0.0,0.0
2023-07-10 11:30:00-04:00,20.770000457763672,20.809999465942383,20.75,20.75,12170,0.0,0.0
2023-07-10 12:30:00-04:00,20.760000228881836,20.764999389648438,20.65999984741211,20.670000076293945,9653,0.0,0.0
2023-07-10 13:30:00-04:00,20.674999237060547,20.71500015258789,20.625,20.684999465942383,10397,0.0,0.0
2023-07-10 14:30:00-04:00,20.68000030517578,20.700000762939453,20.5,20.5,19441,0.0,0.0
2023-07-10 15:30:00-04:00,20.5,20.670000076293945,20.440000534057617,20.670000076293945,61444,0.0,0.0
2023-07-11 09:30:00-04:00,20.729999542236328,20.950000762939453,20.614999771118164,20.950000762939453,12322,0.0,0.0
2023-07-11 10:30:00-04:00,20.889999389648438,20.889999389648438,20.6299991607666,20.65999984741211,13409,0.0,0.0
2023-07-11 11:30:00-04:00,20.635000228881836,20.81999969482422,20.600000381469727,20.780000686645508,19070,0.0,0.0
2023-07-11 12:30:00-04:00,20.7549991607666,20.764999389648438,20.670000076293945,20.684999465942383,6610,0.0,0.0
2023-07-11 13:30:00-04:00,20.670000076293945,20.690000534057617,20.604999542236328,20.690000534057617,7371,0.0,0.0
2023-07-11 14:30:00-04:00,20.65999984741211,20.825000762939453,20.65999984741211,20.78499984741211,30336,0.0,0.0
2023-07-11 15:30:00-04:00,20.780000686645508,20.899999618530273,20.760000228881836,20.889999389648438,52746,0.0,0.0
2023-07-12 09:30:00-04:00,21.139999389648438,21.4950008392334,21.06999969482422,21.239999771118164,41252,0.0,0.0
2023-07-12 10:30:00-04:00,21.274999618530273,21.479999542236328,21.274999618530273,21.399999618530273,16820,0.0,0.0
2023-07-12 11:30:00-04:00,21.420000076293945,21.440000534057617,21.270000457763672,21.290000915527344,11950,0.0,0.0
2023-07-12 12:30:00-04:00,21.295000076293945,21.329999923706055,21.200000762939453,21.274999618530273,8341,0.0,0.0
2023-07-12 13:30:00-04:00,21.280000686645508,21.350000381469727,21.260000228881836,21.334999084472656,17014,0.0,0.0
2023-07-12 14:30:00-04:00,21.360000610351562,21.3700008392334,21.190000534057617,21.190000534057617,13569,0.0,0.0
2023-07-12 15:30:00-04:00,21.18000030517578,21.209999084472656,21.1200008392334,21.190000534057617,24337,0.0,0.0
2023-07-13 09:30:00-04:00,21.270000457763672,21.420000076293945,21.174999237060547,21.420000076293945,9841,0.0,0.0
2023-07-13 10:30:00-04:00,21.479999542236328,21.520000457763672,21.281299591064453,21.290000915527344,7349,0.0,0.0
2023-07-13 11:30:00-04:00,21.295000076293945,21.309999465942383,21.225000381469727,21.225000381469727,11248,0.0,0.0
2023-07-13 12:30:00-04:00,21.200000762939453,21.229999542236328,21.170000076293945,21.1924991607666,6651,0.0,0.0
2023-07-13 13:30:00-04:00,21.184999465942383,21.270000457763672,21.139999389648438,21.264999389648438,8552,0.0,0.0
2023-07-13 14:30:00-04:00,21.260000228881836,21.31369972229004,21.239999771118164,21.299999237060547,16462,0.0,0.0
2023-07-13 15:30:00-04:00,21.299999237060547,21.360000610351562,21.270000457763672,21.360000610351562,20205,0.0,0.0
2023-07-14 09:30:00-04:00,21.459999084472656,21.459999084472656,21.0049991607666,21.100000381469727,12387,0.0,0.0
2023-07-14 10:30:00-04:00,21.06999969482422,21.06999969482422,20.860000610351562,20.940000534057617,31284,0.0,0.0
2023-07-14 11:30:00-04:00,21.0,21.010000228881836,20.950000762939453,20.969999313354492,6034,0.0,0.0
2023-07-14 12:30:00-04:00,20.979999542236328,21.09000015258789,20.979999542236328,21.075000762939453,5710,0.0,0.0
2023-07-14 13:30:00-04:00,21.09000015258789,21.135000228881836,21.084999084472656,21.084999084472656,4533,0.0,0.0
2023-07-14 14:30:00-04:00,21.09000015258789,21.149999618530273,21.045000076293945,21.139999389648438,18668,0.0,0.0
2023-07-14 15:30:00-04:00,21.135000228881836,21.18000030517578,21.059999465942383,21.149999618530273,22366,0.0,0.0
2023-07-17 09:30:00-04:00,21.110000610351562,21.514999389648438,21.110000610351562,21.43000030517578,13011,0.0,0.0
2023-07-17 10:30:00-04:00,21.43000030517578,21.649999618530273,21.400999069213867,21.575000762939453,10689,0.0,0.0
2023-07-17 11:30:00-04:00,21.559999465942383,21.760000228881836,21.559999465942383,21.739999771118164,13424,0.0,0.0
2023-07-17 12:30:00-04:00,21.735000610351562,21.770000457763672,21.719999313354492,21.729999542236328,9027,0.0,0.0
2023-07-17 13:30:00-04:00,21.739999771118164,21.739999771118164,21.612499237060547,21.700000762939453,24493,0.0,0.0
2023-07-17 14:30:00-04:00,21.6299991607666,21.6299991607666,21.424999237060547,21.424999237060547,23049,0.0,0.0
2023-07-17 15:30:00-04:00,21.399999618530273,21.454999923706055,21.340999603271484,21.440000534057617,36845,0.0,0.0
2023-07-18 09:30:00-04:00,21.389999389648438,22.049999237060547,21.389999389648438,21.889999389648438,35100,0.0,0.0
2023-07-18 10:30:00-04:00,21.860000610351562,21.96500015258789,21.719999313354492,21.96500015258789,28926,0.0,0.0
2023-07-18 11:30:00-04:00,21.96500015258789,22.010000228881836,21.860000610351562,21.940000534057617,15098,0.0,0.0
2023-07-18 12:30:00-04:00,22.0,22.024999618530273,21.94499969482422,22.0,10961,0.0,0.0
2023-07-18 13:30:00-04:00,21.959999084472656,22.0,21.93899917602539,21.985000610351562,10732,0.0,0.0
2023-07-18 14:30:00-04:00,21.975000381469727,22.0,21.8700008392334,21.979999542236328,40671,0.0,0.0
2023-07-18 15:30:00-04:00,21.989999771118164,22.010000228881836,21.940000534057617,21.979999542236328,32643,0.0,0.0
2023-07-19 09:30:00-04:00,22.0,22.565000534057617,21.860000610351562,22.389999389648438,26620,0.0,0.0
2023-07-19 10:30:00-04:00,22.520000457763672,22.520000457763672,22.360000610351562,22.450000762939453,14886,0.0,0.0
2023-07-19 11:30:00-04:00,22.489999771118164,22.645000457763672,22.469999313354492,22.645000457763672,9873,0.0,0.0
2023-07-19 12:30:00-04:00,22.59000015258789,22.770000457763672,22.520000457763672,22.760000228881836,14391,0.0,0.0
2023-07-19 13:30:00-04:00,22.79400062561035,22.81999969482422,22.709999084472656,22.780000686645508,17775,0.0,0.0
2023-07-19 14:30:00-04:00,22.799999237060547,22.860000610351562,22.760000228881836,22.829999923706055,20156,0.0,0.0
2023-07-19 15:30:00-04:00,22.809999465942383,22.90999984741211,22.780000686645508,22.850000381469727,48507,0.0,0.0
2023-07-20 09:30:00-04:00,22.450000762939453,22.5,22.059999465942383,22.059999465942383,22107,0.0,0.0
2023-07-20 10:30:00-04:00,22.049999237060547,22.40999984741211,22.049999237060547,22.3799991607666,8936,0.0,0.0
2023-07-20 11:30:00-04:00,22.364999771118164,22.489999771118164,22.31999969482422,22.469999313354492,8251,0.0,0.0
2023-07-20 12:30:00-04:00,22.440000534057617,22.459999084472656,22.34000015258789,22.3799991607666,6920,0.0,0.0
2023-07-20 13:30:00-04:00,22.360000610351562,22.46500015258789,22.350000381469727,22.459999084472656,8188,0.0,0.0
2023-07-20 14:30:00-04:00,22.489999771118164,22.5,22.389999389648438,22.43000030517578,12061,0.0,0.0
2023-07-20 15:30:00-04:00,22.40999984741211,22.450000762939453,22.270000457763672,22.31999969482422,62694,0.0,0.0
2023-07-21 09:30:00-04:00,22.450000762939453,22.450000762939453,22.09000015258789,22.139999389648438,31680,0.0,0.0
2023-07-21 10:30:00-04:00,22.020000457763672,22.100000381469727,21.959999084472656,22.030000686645508,8079,0.0,0.0
2023-07-21 11:30:00-04:00,22.030000686645508,22.079999923706055,22.010000228881836,22.05500030517578,6480,0.0,0.0
2023-07-21 12:30:00-04:00,22.05500030517578,22.05500030517578,21.959999084472656,21.9950008392334,4621,0.0,0.0
2023-07-21 13:30:00-04:00,21.989999771118164,22.020000457763672,21.959999084472656,21.989999771118164,5727,0.0,0.0
2023-07-21 14:30:00-04:00,22.0,22.0,21.889999389648438,21.93000030517578,10969,0.0,0.0
2023-07-21 15:30:00-04:00,21.950000762939453,22.0,21.889999389648438,21.90999984741211,18185,0.0,0.0
2023-07-24 09:30:00-04:00,21.90999984741211,22.209999084472656,21.790000915527344,22.149999618530273,36939,0.0,0.0
2023-07-24 10:30:00-04:00,22.104999542236328,22.270000457763672,22.0,22.239999771118164,70305,0.0,0.0
2023-07-24 11:30:00-04:00,22.239999771118164,22.299999237060547,22.110000610351562,22.280000686645508,29754,0.0,0.0
2023-07-24 12:30:00-04:00,22.299999237060547,22.3799991607666,22.15999984741211,22.190000534057617,60309,0.0,0.0
2023-07-24 13:30:00-04:00,22.190000534057617,22.229999542236328,22.094999313354492,22.104999542236328,23798,0.0,0.0
2023-07-24 14:30:00-04:00,22.09000015258789,22.100000381469727,21.979999542236328,21.989999771118164,101134,0.0,0.0
2023-07-24 15:30:00-04:00,22.0,22.049999237060547,21.899999618530273,21.989999771118164,117662,0.0,0.0
2023-07-25 09:30:00-04:00,21.889999389648438,22.149999618530273,21.850000381469727,22.030000686645508,34462,0.0,0.0
2023-07-25 10:30:00-04:00,22.040000915527344,22.1200008392334,21.989999771118164,22.010000228881836,32731,0.0,0.0
2023-07-25 11:30:00-04:00,22.0,22.010000228881836,21.950000762939453,22.0,13488,0.0,0.0
2023-07-25 12:30:00-04:00,22.010000228881836,22.020000457763672,21.959999084472656,22.0,34856,0.0,0.0
2023-07-25 13:30:00-04:00,22.010000228881836,22.065900802612305,21.93000030517578,21.989999771118164,40059,0.0,0.0
2023-07-25 14:30:00-04:00,21.979999542236328,22.0,21.600000381469727,21.760000228881836,34168,0.0,0.0
2023-07-25 15:30:00-04:00,21.760000228881836,21.760000228881836,21.6200008392334,21.700000762939453,59695,0.0,0.0
2023-07-26 09:30:00-04:00,21.190000534057617,22.260000228881836,20.985700607299805,21.799999237060547,54130,0.0,0.0
2023-07-26 10:30:00-04:00,21.825000762939453,21.864999771118164,21.540000915527344,21.700000762939453,16125,0.0,0.0
2023-07-26 11:30:00-04:00,21.71500015258789,21.875,21.71500015258789,21.875,39082,0.0,0.0
2023-07-26 12:30:00-04:00,21.850000381469727,21.950000762939453,21.809999465942383,21.899999618530273,25831,0.0,0.0
2023-07-26 13:30:00-04:00,21.8799991607666,21.8799991607666,21.746000289916992,21.780000686645508,11836,0.0,0.0
2023-07-26 14:30:00-04:00,21.799999237060547,21.950000762939453,21.709999084472656,21.8700008392334,38253,0.0,0.0
2023-07-26 15:30:00-04:00,21.84000015258789,21.860000610351562,21.75,21.81999969482422,53953,0.0,0.0
2023-07-27 09:30:00-04:00,21.979999542236328,21.979999542236328,21.719999313354492,21.799999237060547,42464,0.0,0.0
2023-07-27 10:30:00-04:00,21.790000915527344,21.850000381469727,21.6200008392334,21.690000534057617,21531,0.0,0.0
2023-07-27 11:30:00-04:00,21.65999984741211,21.66010093688965,21.440000534057617,21.540000915527344,18915,0.0,0.0
2023-07-27 12:30:00-04:00,21.53260040283203,21.6200008392334,21.450000762939453,21.475000381469727,7532,0.0,0.0
2023-07-27 13:30:00-04:00,21.489999771118164,21.489999771118164,21.350000381469727,21.3700008392334,15116,0.0,0.0
2023-07-27 14:30:00-04:00,21.34000015258789,21.450000762939453,21.299999237060547,21.360000610351562,15250,0.0,0.0
2023-07-27 15:30:00-04:00,21.364999771118164,21.520000457763672,21.364999771118164,21.469999313354492,56371,0.0,0.0
2023-07-28 09:30:00-04:00,21.700000762939453,21.809999465942383,21.469999313354492,21.65999984741211,84531,0.0,0.0
2023-07-28 10:30:00-04:00,21.655000686645508,21.75,21.610000610351562,21.65999984741211,38723,0.0,0.0
2023-07-28 11:30:00-04:00,21.65999984741211,21.729999542236328,21.559999465942383,21.719999313354492,20353,0.0,0.0
2023-07-28 12:30:00-04:00,21.75,21.75,21.559999465942383,21.559999465942383,7883,0.0,0.0
2023-07-28 13:30:00-04:00,21.540000915527344,21.545000076293945,21.440000534057617,21.530000686645508,9000,0.0,0.0
2023-07-28 14:30:00-04:00,21.520000457763672,21.600000381469727,21.459999084472656,21.540000915527344,29927,0.0,0.0
2023-07-28 15:30:00-04:00,21.545000076293945,21.559999465942383,21.469999313354492,21.489999771118164,43229,0.0,0.0
2023-07-31 09:30:00-04:00,21.6200008392334,21.75,21.40999984741211,21.600000381469727,63446,0.0,0.0
2023-07-31 10:30:00-04:00,21.600000381469727,21.6299991607666,21.520000457763672,21.600000381469727,19906,0.0,0.0
2023-07-31 11:30:00-04:00,21.690000534057617,21.690000534057617,21.520000457763672,21.614999771118164,19231,0.0,0.0
2023-07-31 12:30:00-04:00,21.614999771118164,21.614999771118164,21.540000915527344,21.559999465942383,9817,0.0,0.0
2023-07-31 13:30:00-04:00,21.530000686645508,21.65999984741211,21.530000686645508,21.6200008392334,13792,0.0,0.0
2023-07-31 14:30:00-04:00,21.6200008392334,21.649999618530273,21.579999923706055,21.600000381469727,24784,0.0,0.0
2023-07-31 15:30:00-04:00,21.600000381469727,21.670000076293945,21.540000915527344,21.649999618530273,66889,0.0,0.0
2023-08-01 09:30:00-04:00,21.600000381469727,21.639999389648438,21.299999237060547,21.329999923706055,33110,0.0,0.0
2023-08-01 10:30:00-04:00,21.31999969482422,21.46500015258789,21.200000762939453,21.40999984741211,25080,0.0,0.0
2023-08-01 11:30:00-04:00,21.43000030517578,21.49250030517578,21.399999618530273,21.43000030517578,14682,0.0,0.0
2023-08-01 12:30:00-04:00,21.450000762939453,21.469999313354492,21.43000030517578,21.469999313354492,14637,0.0,0.0
2023-08-01 13:30:00-04:00,21.469999313354492,21.469999313354492,21.420000076293945,21.450000762939453,14366,0.0,0.0
2023-08-01 14:30:00-04:00,21.40999984741211,21.450000762939453,21.360000610351562,21.3799991607666,16993,0.0,0.0
2023-08-01 15:30:00-04:00,21.3799991607666,21.489999771118164,21.34000015258789,21.458999633789062,33346,0.0,0.0
2023-08-02 09:30:00-04:00,21.3700008392334,21.75,21.329999923706055,21.65999984741211,44033,0.0,0.0
2023-08-02 10:30:00-04:00,21.68000030517578,21.760000228881836,21.540000915527344,21.639999389648438,29032,0.0,0.0
2023-08-02 11:30:00-04:00,21.6299991607666,21.864999771118164,21.579999923706055,21.799999237060547,77085,0.0,0.0
2023-08-02 12:30:00-04:00,21.81999969482422,21.850000381469727,21.670000076293945,21.670000076293945,11299,0.0,0.0
2023-08-02 13:30:00-04:00,21.719999313354492,21.774999618530273,21.670000076293945,21.729999542236328,19427,0.0,0.0
2023-08-02 14:30:00-04:00,21.75,21.799999237060547,21.709999084472656,21.729999542236328,21070,0.0,0.0
2023-08-02 15:30:00-04:00,21.729999542236328,21.799999237060547,21.690000534057617,21.770000457763672,50809,0.0,0.0
2023-08-03 09:30:00-04:00,21.739999771118164,21.950000762939453,21.59000015258789,21.65999984741211,19947,0.0,0.0
2023-08-03 10:30:00-04:00,21.690000534057617,21.81999969482422,21.649999618530273,21.81999969482422,43777,0.0,0.0
2023-08-03 11:30:00-04:00,21.81999969482422,21.81999969482422,21.75,21.780000686645508,18922,0.0,0.0
2023-08-03 12:30:00-04:00,21.799999237060547,21.81999969482422,21.760000228881836,21.790000915527344,15243,0.0,0.0
2023-08-03 13:30:00-04:00,21.790000915527344,21.790000915527344,21.670000076293945,21.670000076293945,9734,0.0,0.0
2023-08-03 14:30:00-04:00,21.690000534057617,21.690000534057617,21.610000610351562,21.65999984741211,11415,0.0,0.0
2023-08-03 15:30:00-04:00,21.670000076293945,21.68000030517578,21.610000610351562,21.6299991607666,25148,0.0,0.0
2023-08-04 09:30:00-04:00,21.700000762939453,21.84000015258789,21.610000610351562,21.809999465942383,37920,0.0,0.0
2023-08-04 10:30:00-04:00,21.829999923706055,21.829999923706055,21.735000610351562,21.760000228881836,8848,0.0,0.0
2023-08-04 11:30:00-04:00,21.75,21.81999969482422,21.75,21.795000076293945,19055,0.0,0.0
2023-08-04 12:30:00-04:00,21.834999084472656,21.899999618530273,21.799999237060547,21.799999237060547,28099,0.0,0.0
2023-08-04 13:30:00-04:00,21.81999969482422,21.81999969482422,21.719999313354492,21.729999542236328,6442,0.0,0.0
2023-08-04 14:30:00-04:00,21.7450008392334,21.7450008392334,21.670000076293945,21.719999313354492,10549,0.0,0.0
2023-08-04 15:30:00-04:00,21.75,21.78499984741211,21.700000762939453,21.729999542236328,28442,0.0,0.0
2023-08-07 09:30:00-04:00,21.850000381469727,22.0,21.739999771118164,21.950000762939453,109265,0.0,0.0
2023-08-07 10:30:00-04:00,21.954999923706055,21.985000610351562,21.860000610351562,21.899999618530273,16512,0.0,0.0
2023-08-07 11:30:00-04:00,21.8700008392334,21.8799991607666,21.809999465942383,21.81999969482422,17614,0.0,0.0
2023-08-07 12:30:00-04:00,21.84000015258789,21.90999984741211,21.81999969482422,21.889999389648438,23978,0.0,0.0
2023-08-07 13:30:00-04:00,21.860000610351562,21.889999389648438,21.84000015258789,21.850000381469727,16044,0.0,0.0
2023-08-07 14:30:00-04:00,21.850000381469727,21.899999618530273,21.84000015258789,21.885000228881836,18064,0.0,0.0
2023-08-07 15:30:00-04:00,21.899999618530273,21.950000762939453,21.8700008392334,21.889999389648438,58155,0.0,0.0
2023-08-08 09:30:00-04:00,21.530000686645508,21.530000686645508,21.149999618530273,21.309999465942383,28478,0.0,0.0
2023-08-08 10:30:00-04:00,21.260000228881836,21.420000076293945,21.170000076293945,21.420000076293945,10042,0.0,0.0
2023-08-08 11:30:00-04:00,21.40999984741211,21.5,21.40999984741211,21.479999542236328,11985,0.0,0.0
2023-08-08 12:30:00-04:00,21.520000457763672,21.6299991607666,21.520000457763672,21.600000381469727,11050,0.0,0.0
2023-08-08 13:30:00-04:00,21.600000381469727,21.65999984741211,21.579999923706055,21.6200008392334,15490,0.0,0.0
2023-08-08 14:30:00-04:00,21.65999984741211,21.790000915527344,21.639999389648438,21.774999618530273,10778,0.0,0.0
2023-08-08 15:30:00-04:00,21.75,21.809999465942383,21.690000534057617,21.780000686645508,37212,0.0,0.0
2023-08-09 09:30:00-04:00,21.670000076293945,21.979999542236328,21.489999771118164,21.899999618530273,43215,0.0,0.0
2023-08-09 10:30:00-04:00,21.920000076293945,21.959999084472656,21.68000030517578,21.729999542236328,20639,0.0,0.0
2023-08-09 11:30:00-04:00,21.690000534057617,21.719999313354492,21.610000610351562,21.719999313354492,10670,0.0,0.0
2023-08-09 12:30:00-04:00,21.670000076293945,21.760000228881836,21.670000076293945,21.729999542236328,8609,0.0,0.0
2023-08-09 13:30:00-04:00,21.739999771118164,21.829999923706055,21.719999313354492,21.799999237060547,9336,0.0,0.0
2023-08-09 14:30:00-04:00,21.81999969482422,21.850000381469727,21.729999542236328,21.770000457763672,27165,0.0,0.0
2023-08-09 15:30:00-04:00,21.780000686645508,21.809999465942383,21.649999618530273,21.729999542236328,26444,0.0,0.0
2023-08-10 09:30:00-04:00,21.790000915527344,21.985000610351562,21.780000686645508,21.80500030517578,10793,0.0,0.0
2023-08-10 10:30:00-04:00,21.790000915527344,21.790000915527344,21.6299991607666,21.700000762939453,8963,0.0,0.0
2023-08-10 11:30:00-04:00,21.690000534057617,21.690000534057617,21.6299991607666,21.649999618530273,7107,0.0,0.0
2023-08-10 12:30:00-04:00,21.639999389648438,21.649999618530273,21.479999542236328,21.530000686645508,5192,0.0,0.0
2023-08-10 13:30:00-04:00,21.520000457763672,21.600000381469727,21.5,21.59000015258789,9619,0.0,0.0
2023-08-10 14:30:00-04:00,21.59000015258789,21.645000457763672,21.549999237060547,21.610000610351562,14294,0.0,0.0
2023-08-10 15:30:00-04:00,21.6299991607666,21.6299991607666,21.549999237060547,21.6200008392334,20431,0.0,0.0
2023-08-11 09:30:00-04:00,21.5,21.670000076293945,21.489999771118164,21.65999984741211,5707,0.0,0.0
2023-08-11 10:30:00-04:00,21.684999465942383,21.725000381469727,21.600000381469727,21.65999984741211,5727,0.0,0.0
2023-08-11 11:30:00-04:00,21.639999389648438,21.690000534057617,21.585599899291992,21.65999984741211,4296,0.0,0.0
2023-08-11 12:30:00-04:00,21.649999618530273,21.65999984741211,21.6299991607666,21.655000686645508,1595,0.0,0.0
2023-08-11 13:30:00-04:00,21.655000686645508,21.670000076293945,21.6299991607666,21.65999984741211,5423,0.0,0.0
2023-08-11 14:30:00-04:00,21.670000076293945,21.670000076293945,21.559999465942383,21.579999923706055,21817,0.0,0.0
2023-08-11 15:30:00-04:00,21.610000610351562,21.6200008392334,21.549999237060547,21.57900047302246,20136,0.0,0.0
2023-08-14 09:30:00-04:00,21.420000076293945,21.420000076293945,21.110000610351562,21.229999542236328,6211,0.0,0.0
2023-08-14 10:30:00-04:00,21.204999923706055,21.309999465942383,21.204999923706055,21.290000915527344,5995,0.0,0.0
2023-08-14 11:30:00-04:00,21.284900665283203,21.389999389648438,21.284900665283203,21.309999465942383,5105,0.0,0.0
2023-08-14 12:30:00-04:00,21.309999465942383,21.375,21.299999237060547,21.34000015258789,4247,0.0,0.0
2023-08-14 13:30:00-04:00,21.31999969482422,21.31999969482422,21.260000228881836,21.260000228881836,4234,0.0,0.0
2023-08-14 14:30:00-04:00,21.25,21.25,21.200000762939453,21.200000762939453,10740,0.0,0.0
2023-08-14 15:30:00-04:00,21.170000076293945,21.229999542236328,21.15999984741211,21.190000534057617,19240,0.0,0.0
2023-08-15 09:30:00-04:00,20.93000030517578,20.959999084472656,20.760000228881836,20.799999237060547,17023,0.0,0.0
2023-08-15 10:30:00-04:00,20.809999465942383,20.90999984741211,20.809999465942383,20.905000686645508,4981,0.0,0.0
2023-08-15 11:30:00-04:00,20.885000228881836,20.920000076293945,20.809999465942383,20.829999923706055,17367,0.0,0.0
2023-08-15 12:30:00-04:00,20.809999465942383,20.850000381469727,20.760000228881836,20.764999389648438,6042,0.0,0.0
2023-08-15 13:30:00-04:00,20.75,20.75,20.68000030517578,20.69499969482422,9771,0.0,0.0
2023-08-15 14:30:00-04:00,20.700000762939453,20.71500015258789,20.59000015258789,20.59000015258789,9261,0.0,0.0
2023-08-15 15:30:00-04:00,20.56999969482422,20.670000076293945,20.56999969482422,20.649999618530273,20641,0.0,0.0
2023-08-16 09:30:00-04:00,20.530000686645508,20.75,20.530000686645508,20.559999465942383,6411,0.0,0.0
2023-08-16 10:30:00-04:00,20.530000686645508,20.729999542236328,20.530000686645508,20.684999465942383,18133,0.0,0.0
2023-08-16 11:30:00-04:00,20.700000762939453,20.75,20.68000030517578,20.739999771118164,7470,0.0,0.0
2023-08-16 12:30:00-04:00,20.75,20.75,20.610000610351562,20.6200008392334,8053,0.0,0.0
2023-08-16 13:30:00-04:00,20.6200008392334,20.665000915527344,20.59000015258789,20.614999771118164,15245,0.0,0.0
2023-08-16 14:30:00-04:00,20.610000610351562,20.614999771118164,20.43000030517578,20.514999389648438,24156,0.0,0.0
2023-08-16 15:30:00-04:00,20.514999389648438,20.600000381469727,20.510000228881836,20.549999237060547,42192,0.0,0.0
2023-08-17 09:30:00-04:00,20.639999389648438,20.75,20.59000015258789,20.725000381469727,6302,0.0,0.0
2023-08-17 10:30:00-04:00,20.780000686645508,20.780000686645508,20.6299991607666,20.6299991607666,7568,0.0,0.0
2023-08-17 11:30:00-04:00,20.635000228881836,20.735000610351562,20.600000381469727,20.731199264526367,5046,0.0,0.0
2023-08-17 12:30:00-04:00,20.709999084472656,20.719999313354492,20.670000076293945,20.719999313354492,4445,0.0,0.0
2023-08-17 13:30:00-04:00,20.725000381469727,20.725000381469727,20.639999389648438,20.65999984741211,12558,0.0,0.0
2023-08-17 14:30:00-04:00,20.68000030517578,20.709999084472656,20.6200008392334,20.709999084472656,11851,0.0,0.0
2023-08-17 15:30:00-04:00,20.739999771118164,20.790000915527344,20.690000534057617,20.709999084472656,23933,0.0,0.0
2023-08-18 09:30:00-04:00,20.559999465942383,20.825000762939453,20.520000457763672,20.649999618530273,27152,0.0,0.0
2023-08-18 10:30:00-04:00,20.635000228881836,20.899999618530273,20.635000228881836,20.899999618530273,5480,0.0,0.0
2023-08-18 11:30:00-04:00,20.8799991607666,20.93000030517578,20.799999237060547,20.799999237060547,6334,0.0,0.0
2023-08-18 12:30:00-04:00,20.809999465942383,20.84000015258789,20.729999542236328,20.760000228881836,5293,0.0,0.0
2023-08-18 13:30:00-04:00,20.809999465942383,20.850000381469727,20.799999237060547,20.799999237060547,4453,0.0,0.0
2023-08-18 14:30:00-04:00,20.809999465942383,20.829999923706055,20.760000228881836,20.790000915527344,9248,0.0,0.0
2023-08-18 15:30:00-04:00,20.780000686645508,20.84000015258789,20.709999084472656,20.739999771118164,19595,0.0,0.0
2023-08-21 09:30:00-04:00,20.75,21.184999465942383,20.579999923706055,20.587200164794922,15078,0.0,0.0
2023-08-21 10:30:00-04:00,20.579999923706055,20.59000015258789,20.420000076293945,20.420000076293945,6076,0.0,0.0
2023-08-21 11:30:00-04:00,20.43000030517578,20.459999084472656,20.3799991607666,20.459999084472656,10253,0.0,0.0
2023-08-21 12:30:00-04:00,20.420000076293945,20.52750015258789,20.40999984741211,20.52750015258789,6125,0.0,0.0
2023-08-21 13:30:00-04:00,20.540000915527344,20.549999237060547,20.489999771118164,20.520000457763672,8289,0.0,0.0
2023-08-21 14:30:00-04:00,20.489999771118164,20.5,20.46500015258789,20.46500015258789,8104,0.0,0.0
2023-08-21 15:30:00-04:00,20.479999542236328,20.5,20.420000076293945,20.440000534057617,14112,0.0,0.0
2023-08-22 09:30:00-04:00,20.420000076293945,20.610000610351562,20.200000762939453,20.329999923706055,33426,0.0,0.0
2023-08-22 10:30:00-04:00,20.31999969482422,20.34000015258789,20.09000015258789,20.1299991607666,10869,0.0,0.0
2023-08-22 11:30:00-04:00,20.165000915527344,20.25,20.010000228881836,20.010000228881836,19439,0.0,0.0
2023-08-22 12:30:00-04:00,20.040000915527344,20.049999237060547,19.920000076293945,19.989999771118164,25569,0.0,0.0
2023-08-22 13:30:00-04:00,20.010000228881836,20.049999237060547,20.0,20.010000228881836,9716,0.0,0.0
2023-08-22 14:30:00-04:00,20.024999618530273,20.040000915527344,19.989999771118164,19.989999771118164,12372,0.0,0.0
2023-08-22 15:30:00-04:00,20.01099967956543,20.01099967956543,19.950000762939453,19.979999542236328,39535,0.0,0.0
2023-08-23 09:30:00-04:00,20.030000686645508,20.200000762939453,19.81999969482422,20.100000381469727,14222,0.0,0.0
2023-08-23 10:30:00-04:00,20.100000381469727,20.329999923706055,20.014999389648438,20.290000915527344,10010,0.0,0.0
2023-08-23 11:30:00-04:00,20.31719970703125,20.350000381469727,20.219999313354492,20.260000228881836,5107,0.0,0.0
2023-08-23 12:30:00-04:00,20.25,20.270000457763672,20.190000534057617,20.239999771118164,4937,0.0,0.0
2023-08-23 13:30:00-04:00,20.209999084472656,20.225000381469727,20.139999389648438,20.219999313354492,5204,0.0,0.0
2023-08-23 14:30:00-04:00,20.19499969482422,20.219999313354492,20.149999618530273,20.149999618530273,8443,0.0,0.0
2023-08-23 15:30:00-04:00,20.149999618530273,20.209999084472656,20.110000610351562,20.170000076293945,25235,0.0,0.0
2023-08-24 09:30:00-04:00,20.040000915527344,20.440000534057617,20.040000915527344,20.3700008392334,7916,0.0,0.0
2023-08-24 10:30:00-04:00,20.3799991607666,20.485000610351562,20.299999237060547,20.334999084472656,13579,0.0,0.0
2023-08-24 11:30:00-04:00,20.313499450683594,20.354999542236328,20.260000228881836,20.31999969482422,6102,0.0,0.0
2023-08-24 12:30:00-04:00,20.299999237060547,20.350000381469727,20.25,20.2549991607666,5435,0.0,0.0
2023-08-24 13:30:00-04:00,20.260000228881836,20.290000915527344,20.239999771118164,20.2549991607666,5709,0.0,0.0
2023-08-24 14:30:00-04:00,20.239999771118164,20.36750030517578,20.239999771118164,20.36750030517578,16254,0.0,0.0
2023-08-24 15:30:00-04:00,20.3700008392334,20.399999618530273,20.299999237060547,20.350000381469727,32462,0.0,0.0
2023-08-25 09:30:00-04:00,20.450000762939453,20.56999969482422,20.209999084472656,20.239999771118164,6318,0.0,0.0
2023-08-25 10:30:00-04:00,20.21500015258789,20.21500015258789,20.0,20.114999771118164,6538,0.0,0.0
2023-08-25 11:30:00-04:00,20.149999618530273,20.31999969482422,20.149999618530273,20.31439971923828,13950,0.0,0.0
2023-08-25 12:30:00-04:00,20.280000686645508,20.29129981994629,20.200000762939453,20.200000762939453,10385,0.0,0.0
2023-08-25 13:30:00-04:00,20.100000381469727,20.299999237060547,20.100000381469727,20.299999237060547,4064,0.0,0.0
2023-08-25 14:30:00-04:00,20.329999923706055,20.34869956970215,20.260000228881836,20.274999618530273,10122,0.0,0.0
2023-08-25 15:30:00-04:00,20.260000228881836,20.280000686645508,20.165000915527344,20.200000762939453,15290,0.0,0.0
2023-08-28 09:30:00-04:00,20.270000457763672,20.719999313354492,20.270000457763672,20.420000076293945,18501,0.0,0.0
2023-08-28 10:30:00-04:00,20.415000915527344,20.415000915527344,20.309999465942383,20.309999465942383,2323,0.0,0.0
2023-08-28 11:30:00-04:00,20.34000015258789,20.3799991607666,20.270000457763672,20.329999923706055,5111,0.0,0.0
2023-08-28 12:30:00-04:00,20.354999542236328,20.3700008392334,20.301799774169922,20.3700008392334,4430,0.0,0.0
2023-08-28 13:30:00-04:00,20.360000610351562,20.3700008392334,20.25,20.295000076293945,7703,0.0,0.0
2023-08-28 14:30:00-04:00,20.30500030517578,20.329999923706055,20.264999389648438,20.290000915527344,8653,0.0,0.0
2023-08-28 15:30:00-04:00,20.280000686645508,20.3700008392334,20.25,20.34000015258789,24921,0.0,0.0
2023-08-29 09:30:00-04:00,20.3700008392334,20.385000228881836,20.1200008392334,20.309999465942383,7546,0.0,0.0
2023-08-29 10:30:00-04:00,20.34000015258789,20.3799991607666,20.280000686645508,20.31999969482422,4770,0.0,0.0
2023-08-29 11:30:00-04:00,20.329999923706055,20.350000381469727,20.309999465942383,20.350000381469727,3025,0.0,0.0
2023-08-29 12:30:00-04:00,20.362499237060547,20.40999984741211,20.260000228881836,20.360000610351562,4727,0.0,0.0
2023-08-29 13:30:00-04:00,20.389999389648438,20.389999389648438,20.280000686645508,20.280000686645508,4300,0.0,0.0
2023-08-29 14:30:00-04:00,20.280000686645508,20.299999237060547,20.219999313354492,20.270000457763672,8696,0.0,0.0
2023-08-29 15:30:00-04:00,20.270000457763672,20.290000915527344,20.229999542236328,20.270000457763672,10461,0.0,0.0
2023-08-30 09:30:00-04:00,20.209999084472656,20.389999389648438,20.06999969482422,20.06999969482422,8168,0.0,0.0
2023-08-30 10:30:00-04:00,20.1299991607666,20.170000076293945,20.09000015258789,20.170000076293945,9891,0.0,0.0
2023-08-30 11:30:00-04:00,20.15999984741211,20.229999542236328,20.1299991607666,20.209999084472656,7260,0.0,0.0
2023-08-30 12:30:00-04:00,20.177499771118164,20.235000610351562,20.104999542236328,20.1299991607666,5979,0.0,0.0
2023-08-30 13:30:00-04:00,20.139999389648438,20.139999389648438,20.100000381469727,20.100000381469727,6680,0.0,0.0
2023-08-30 14:30:00-04:00,20.084999084472656,20.138999938964844,20.059999465942383,20.1299991607666,8670,0.0,0.0
2023-08-30 15:30:00-04:00,20.139999389648438,20.149999618530273,20.100000381469727,20.149999618530273,31372,0.0,0.0
2023-08-31 09:30:00-04:00,20.139999389648438,20.31999969482422,20.09000015258789,20.25,6840,0.0,0.0
2023-08-31 10:30:00-04:00,20.190000534057617,20.290000915527344,20.190000534057617,20.264999389648438,6504,0.0,0.0
2023-08-31 11:30:00-04:00,20.239999771118164,20.280000686645508,20.18000030517578,20.219999313354492,27338,0.0,0.0
2023-08-31 12:30:00-04:00,20.209999084472656,20.209999084472656,20.139999389648438,20.18000030517578,3661,0.0,0.0
2023-08-31 13:30:00-04:00,20.18000030517578,20.200000762939453,20.139999389648438,20.18000030517578,7748,0.0,0.0
2023-08-31 14:30:00-04:00,20.18000030517578,20.204999923706055,20.1200008392334,20.184999465942383,12857,0.0,0.0
2023-08-31 15:30:00-04:00,20.190000534057617,20.229999542236328,20.15999984741211,20.190000534057617,30894,0.0,0.0
2023-09-01 09:30:00-04:00,20.3700008392334,20.670000076293945,20.3700008392334,20.575000762939453,10526,0.0,0.0
2023-09-01 10:30:00-04:00,20.639999389648438,20.75,20.639999389648438,20.719999313354492,8329,0.0,0.0
2023-09-01 11:30:00-04:00,20.739999771118164,20.739999771118164,20.665000915527344,20.719999313354492,8219,0.0,0.0
2023-09-01 12:30:00-04:00,20.809999465942383,20.829999923706055,20.774999618530273,20.80500030517578,7515,0.0,0.0
2023-09-01 13:30:00-04:00,20.81999969482422,20.8700008392334,20.799999237060547,20.799999237060547,8321,0.0,0.0
2023-09-01 14:30:00-04:00,20.829999923706055,20.84000015258789,20.760000228881836,20.780000686645508,11246,0.0,0.0
2023-09-01 15:30:00-04:00,20.780000686645508,20.815000534057617,20.739999771118164,20.799999237060547,23601,0.0,0.0
2023-09-05 09:30:00-04:00,20.670000076293945,20.719999313354492,20.469999313354492,20.559999465942383,7905,0.0,0.0
2023-09-05 10:30:00-04:00,20.52039909362793,20.59000015258789,20.450000762939453,20.530000686645508,7579,0.0,0.0
2023-09-05 11:30:00-04:00,20.459999084472656,20.479999542236328,20.415000915527344,20.479999542236328,3978,0.0,0.0
2023-09-05 12:30:00-04:00,20.489999771118164,20.4950008392334,20.399999618530273,20.420000076293945,5061,0.0,0.0
2023-09-05 13:30:00-04:00,20.381000518798828,20.399999618530273,20.31999969482422,20.329999923706055,5693,0.0,0.0
2023-09-05 14:30:00-04:00,20.329999923706055,20.420000076293945,20.31999969482422,20.399999618530273,10346,0.0,0.0
2023-09-05 15:30:00-04:00,20.40999984741211,20.420000076293945,20.329999923706055,20.350000381469727,30864,0.0,0.0
2023-09-06 09:30:00-04:00,20.389999389648438,20.567899703979492,20.209999084472656,20.229999542236328,12954,0.0,0.0
2023-09-06 10:30:00-04:00,20.229999542236328,20.280000686645508,20.190000534057617,20.229999542236328,6949,0.0,0.0
2023-09-06 11:30:00-04:00,20.190000534057617,20.209999084472656,20.139999389648438,20.139999389648438,4680,0.0,0.0
2023-09-06 12:30:00-04:00,20.139999389648438,20.174999237060547,20.104999542236328,20.1299991607666,5168,0.0,0.0
2023-09-06 13:30:00-04:00,20.121999740600586,20.121999740600586,20.059999465942383,20.110000610351562,12333,0.0,0.0
2023-09-06 14:30:00-04:00,20.1299991607666,20.149999618530273,20.079999923706055,20.079999923706055,9343,0.0,0.0
2023-09-06 15:30:00-04:00,20.059999465942383,20.09000015258789,19.989999771118164,20.065000534057617,29792,0.0,0.0
2023-09-07 09:30:00-04:00,20.010000228881836,20.15999984741211,19.940000534057617,19.969999313354492,16023,0.0,0.0
2023-09-07 10:30:00-04:00,19.979999542236328,20.049999237060547,19.979999542236328,20.049999237060547,6787,0.0,0.0
2023-09-07 11:30:00-04:00,20.079999923706055,20.09000015258789,20.040000915527344,20.049999237060547,5400,0.0,0.0
2023-09-07 12:30:00-04:00,20.040000915527344,20.100000381469727,20.010000228881836,20.100000381469727,6802,0.0,0.0
2023-09-07 13:30:00-04:00,20.1200008392334,20.1200008392334,20.049999237060547,20.049999237060547,5392,0.0,0.0
2023-09-07 14:30:00-04:00,20.020000457763672,20.059999465942383,20.010000228881836,20.059999465942383,9773,0.0,0.0
2023-09-07 15:30:00-04:00,20.06999969482422,20.125,20.065000534057617,20.110000610351562,41024,0.0,0.0
2023-09-08 09:30:00-04:00,20.1200008392334,20.25,19.8700008392334,20.0,9296,0.0,0.0
2023-09-08 10:30:00-04:00,19.989999771118164,20.190000534057617,19.989999771118164,20.190000534057617,27622,0.0,0.0
2023-09-08 11:30:00-04:00,20.174999237060547,20.190000534057617,20.1200008392334,20.149999618530273,27810,0.0,0.0
2023-09-08 12:30:00-04:00,20.139999389648438,20.18000030517578,20.1299991607666,20.139999389648438,25604,0.0,0.0
2023-09-08 13:30:00-04:00,20.1299991607666,20.1299991607666,20.049999237060547,20.059999465942383,11563,0.0,0.0
2023-09-08 14:30:00-04:00,20.06999969482422,20.104999542236328,20.049999237060547,20.094999313354492,8961,0.0,0.0
2023-09-08 15:30:00-04:00,20.100000381469727,20.108999252319336,20.040000915527344,20.040000915527344,16873,0.0,0.0
2023-09-11 09:30:00-04:00,20.059999465942383,20.329999923706055,20.059999465942383,20.1200008392334,8373,0.0,0.0
2023-09-11 10:30:00-04:00,20.09000015258789,20.139999389648438,20.010400772094727,20.010400772094727,7470,0.0,0.0
2023-09-11 11:30:00-04:00,20.030000686645508,20.049999237060547,19.979999542236328,20.03499984741211,4998,0.0,0.0
2023-09-11 12:30:00-04:00,20.049999237060547,20.06999969482422,20.0,20.0,4833,0.0,0.0
2023-09-11 13:30:00-04:00,19.989999771118164,20.020000457763672,19.93000030517578,19.940000534057617,11982,0.0,0.0
2023-09-11 14:30:00-04:00,19.950000762939453,19.950000762939453,19.905000686645508,19.934999465942383,11129,0.0,0.0
2023-09-11 15:30:00-04:00,19.93000030517578,19.979999542236328,19.8705997467041,19.950000762939453,28373,0.0,0.0
2023-09-12 09:30:00-04:00,19.899999618530273,20.040000915527344,19.809999465942383,19.84000015258789,8293,0.0,0.0
2023-09-12 10:30:00-04:00,19.829999923706055,19.899999618530273,19.799999237060547,19.899999618530273,6082,0.0,0.0
2023-09-12 11:30:00-04:00,19.899999618530273,20.010000228881836,19.854999542236328,20.0,7975,0.0,0.0
2023-09-12 12:30:00-04:00,20.020000457763672,20.05500030517578,20.010000228881836,20.040000915527344,3305,0.0,0.0
2023-09-12 13:30:00-04:00,20.05500030517578,20.05500030517578,20.030000686645508,20.053199768066406,3010,0.0,0.0
2023-09-12 14:30:00-04:00,20.030000686645508,20.040000915527344,19.940000534057617,19.940000534057617,9044,0.0,0.0
2023-09-12 15:30:00-04:00,19.950000762939453,19.979999542236328,19.93000030517578,19.93000030517578,19780,0.0,0.0
2023-09-13 09:30:00-04:00,19.969999313354492,19.989999771118164,19.530000686645508,19.729999542236328,13426,0.0,0.0
2023-09-13 10:30:00-04:00,19.7549991607666,19.809999465942383,19.75,19.760000228881836,8610,0.0,0.0
2023-09-13 11:30:00-04:00,19.739999771118164,19.75,19.690000534057617,19.690000534057617,6389,0.0,0.0
2023-09-13 12:30:00-04:00,19.68000030517578,19.739999771118164,19.68000030517578,19.690000534057617,3849,0.0,0.0
2023-09-13 13:30:00-04:00,19.68000030517578,19.719999313354492,19.649999618530273,19.65999984741211,6858,0.0,0.0
2023-09-13 14:30:00-04:00,19.65999984741211,19.670000076293945,19.59000015258789,19.610000610351562,15105,0.0,0.0
2023-09-13 15:30:00-04:00,19.610000610351562,19.670000076293945,19.610000610351562,19.670000076293945,31016,0.0,0.0
2023-09-14 09:30:00-04:00,19.829999923706055,20.079999923706055,19.790000915527344,19.825000762939453,9848,0.0,0.0
2023-09-14 10:30:00-04:00,19.815000534057617,20.0,19.815000534057617,19.93000030517578,9973,0.0,0.0
2023-09-14 11:30:00-04:00,19.924999237060547,19.979999542236328,19.915000915527344,19.940000534057617,7575,0.0,0.0
2023-09-14 12:30:00-04:00,19.93000030517578,19.959999084472656,19.920000076293945,19.959999084472656,6289,0.0,0.0
2023-09-14 13:30:00-04:00,19.95989990234375,20.049999237060547,19.95989990234375,20.030000686645508,10331,0.0,0.0
2023-09-14 14:30:00-04:00,20.040000915527344,20.06999969482422,20.010000228881836,20.030000686645508,11640,0.0,0.0
2023-09-14 15:30:00-04:00,20.010000228881836,20.110000610351562,20.010000228881836,20.100000381469727,24189,0.0,0.0
2023-09-15 09:30:00-04:00,20.100000381469727,20.299999237060547,19.989999771118164,20.170000076293945,73013,0.0,0.0
2023-09-15 10:30:00-04:00,20.079999923706055,20.100000381469727,19.989999771118164,20.017499923706055,8722,0.0,0.0
2023-09-15 11:30:00-04:00,20.030000686645508,20.030000686645508,19.920000076293945,19.920000076293945,6805,0.0,0.0
2023-09-15 12:30:00-04:00,19.93000030517578,19.94499969482422,19.90999984741211,19.93000030517578,8422,0.0,0.0
2023-09-15 13:30:00-04:00,19.920000076293945,19.989999771118164,19.920000076293945,19.989999771118164,9282,0.0,0.0
2023-09-15 14:30:00-04:00,20.0,20.059999465942383,20.0,20.049999237060547,14010,0.0,0.0
2023-09-15 15:30:00-04:00,20.045000076293945,20.059999465942383,19.8799991607666,19.90999984741211,59931,0.0,0.0
2023-09-18 09:30:00-04:00,19.8700008392334,19.940000534057617,19.489999771118164,19.520000457763672,13377,0.0,0.0
2023-09-18 10:30:00-04:00,19.575000762939453,19.614999771118164,19.469999313354492,19.5,6747,0.0,0.0
2023-09-18 11:30:00-04:00,19.530000686645508,19.59000015258789,19.530000686645508,19.530000686645508,17964,0.0,0.0
2023-09-18 12:30:00-04:00,19.520000457763672,19.549999237060547,19.5,19.5049991607666,6776,0.0,0.0
2023-09-18 13:30:00-04:00,19.5049991607666,19.5049991607666,19.389999389648438,19.420000076293945,6255,0.0,0.0
2023-09-18 14:30:00-04:00,19.420000076293945,19.440000534057617,19.31999969482422,19.440000534057617,22409,0.0,0.0
2023-09-18 15:30:00-04:00,19.440000534057617,19.469999313354492,19.3799991607666,19.420000076293945,29214,0.0,0.0
2023-09-19 09:30:00-04:00,19.459999084472656,20.415000915527344,19.264999389648438,19.270000457763672,11487,0.0,0.0
2023-09-19 10:30:00-04:00,19.28499984741211,19.31999969482422,19.209999084472656,19.239999771118164,11152,0.0,0.0
2023-09-19 11:30:00-04:00,19.270000457763672,19.3799991607666,19.270000457763672,19.3700008392334,9272,0.0,0.0
2023-09-19 12:30:00-04:00,19.360000610351562,19.360000610351562,19.34000015258789,19.34000015258789,3326,0.0,0.0
2023-09-19 13:30:00-04:00,19.360000610351562,19.459999084472656,19.360000610351562,19.40999984741211,7323,0.0,0.0
2023-09-19 14:30:00-04:00,19.399999618530273,19.434999465942383,19.375,19.3799991607666,10756,0.0,0.0
2023-09-19 15:30:00-04:00,19.389999389648438,19.40999984741211,19.350000381469727,19.3700008392334,34484,0.0,0.0
2023-09-20 09:30:00-04:00,19.420000076293945,19.645000457763672,19.280000686645508,19.399999618530273,5471,0.0,0.0
2023-09-20 10:30:00-04:00,19.389999389648438,19.420000076293945,19.3700008392334,19.400400161743164,4545,0.0,0.0
2023-09-20 11:30:00-04:00,19.389999389648438,19.459999084472656,19.38010025024414,19.43000030517578,11534,0.0,0.0
2023-09-20 12:30:00-04:00,19.429000854492188,19.450000762939453,19.401500701904297,19.450000762939453,3842,0.0,0.0
2023-09-20 13:30:00-04:00,19.420000076293945,19.450000762939453,19.34000015258789,19.389999389648438,9479,0.0,0.0
2023-09-20 14:30:00-04:00,19.395000457763672,19.43000030517578,19.239999771118164,19.34000015258789,17559,0.0,0.0
2023-09-20 15:30:00-04:00,19.350000381469727,19.350000381469727,19.239999771118164,19.25,20763,0.0,0.0
2023-09-21 09:30:00-04:00,19.139999389648438,19.34000015258789,18.989999771118164,19.34000015258789,11767,0.0,0.0
2023-09-21 10:30:00-04:00,19.25,19.280000686645508,19.170000076293945,19.229999542236328,6220,0.0,0.0
2023-09-21 11:30:00-04:00,19.25,19.350000381469727,19.174999237060547,19.21500015258789,7064,0.0,0.0
2023-09-21 12:30:00-04:00,19.219999313354492,19.260000228881836,19.170000076293945,19.212499618530273,5901,0.0,0.0
2023-09-21 13:30:00-04:00,19.219999313354492,19.219999313354492,19.170000076293945,19.190000534057617,5114,0.0,0.0
2023-09-21 14:30:00-04:00,19.18000030517578,19.229999542236328,19.15999984741211,19.219999313354492,13085,0.0,0.0
2023-09-21 15:30:00-04:00,19.219999313354492,19.280000686645508,19.219999313354492,19.239999771118164,28924,0.0,0.0
2023-09-22 09:30:00-04:00,19.219999313354492,19.795000076293945,19.110000610351562,19.200000762939453,18425,0.0,0.0
2023-09-22 10:30:00-04:00,19.170000076293945,19.170000076293945,19.059999465942383,19.147499084472656,10016,0.0,0.0
2023-09-22 11:30:00-04:00,19.139999389648438,19.190000534057617,19.049999237060547,19.100000381469727,7944,0.0,0.0
2023-09-22 12:30:00-04:00,19.079999923706055,19.15999984741211,19.07990074157715,19.1299991607666,10062,0.0,0.0
2023-09-22 13:30:00-04:00,19.110000610351562,19.149999618530273,19.073299407958984,19.149999618530273,4677,0.0,0.0
2023-09-22 14:30:00-04:00,19.15999984741211,19.25,19.15999984741211,19.225000381469727,7753,0.0,0.0
2023-09-22 15:30:00-04:00,19.219999313354492,19.239999771118164,19.131000518798828,19.149999618530273,19551,0.0,0.0
2023-09-25 09:30:00-04:00,19.030000686645508,19.364999771118164,19.030000686645508,19.360000610351562,6480,0.0,0.0
2023-09-25 10:30:00-04:00,19.344999313354492,19.385000228881836,19.290000915527344,19.329999923706055,7469,0.0,0.0
2023-09-25 11:30:00-04:00,19.360000610351562,19.393800735473633,19.354999542236328,19.393800735473633,2727,0.0,0.0
2023-09-25 12:30:00-04:00,19.399999618530273,19.43000030517578,19.3799991607666,19.3799991607666,4304,0.0,0.0
2023-09-25 13:30:00-04:00,19.399999618530273,19.469999313354492,19.399999618530273,19.450000762939453,3671,0.0,0.0
2023-09-25 14:30:00-04:00,19.469999313354492,19.520000457763672,19.424999237060547,19.520000457763672,11530,0.0,0.0
2023-09-25 15:30:00-04:00,19.5,19.530000686645508,19.459999084472656,19.530000686645508,20743,0.0,0.0
2023-09-26 09:30:00-04:00,19.290000915527344,19.56999969482422,19.290000915527344,19.56999969482422,12987,0.0,0.0
2023-09-26 10:30:00-04:00,19.56999969482422,19.59000015258789,19.399999618530273,19.399999618530273,4716,0.0,0.0
2023-09-26 11:30:00-04:00,19.420000076293945,19.420000076293945,19.34000015258789,19.350000381469727,5293,0.0,0.0
2023-09-26 12:30:00-04:00,19.34000015258789,19.3700008392334,19.280000686645508,19.290000915527344,5134,0.0,0.0
2023-09-26 13:30:00-04:00,19.295000076293945,19.329999923706055,19.268800735473633,19.28499984741211,7915,0.0,0.0
2023-09-26 14:30:00-04:00,19.299999237060547,19.34000015258789,19.229999542236328,19.329999923706055,15407,0.0,0.0
2023-09-26 15:30:00-04:00,19.34000015258789,19.364999771118164,19.25,19.290000915527344,28616,0.0,0.0
2023-09-27 09:30:00-04:00,19.399999618530273,19.475000381469727,19.1200008392334,19.28499984741211,16797,0.0,0.0
2023-09-27 10:30:00-04:00,19.225000381469727,19.270000457763672,19.1200008392334,19.15999984741211,7665,0.0,0.0
2023-09-27 11:30:00-04:00,19.190000534057617,19.200000762939453,18.969999313354492,18.9950008392334,10269,0.0,0.0
2023-09-27 12:30:00-04:00,19.0,19.110000610351562,18.989999771118164,19.010000228881836,15428,0.0,0.0
2023-09-27 13:30:00-04:00,19.030000686645508,19.059999465942383,18.950000762939453,19.059999465942383,7086,0.0,0.0
2023-09-27 14:30:00-04:00,19.09000015258789,19.139999389648438,19.049999237060547,19.110000610351562,9319,0.0,0.0
2023-09-27 15:30:00-04:00,19.09000015258789,19.1200008392334,19.059999465942383,19.079999923706055,24542,0.0,0.0
2023-09-28 09:30:00-04:00,19.020000457763672,19.34000015258789,18.90999984741211,19.200000762939453,11452,0.0,0.0
2023-09-28 10:30:00-04:00,19.18000030517578,19.299999237060547,19.1299991607666,19.290000915527344,4373,0.0,0.0
2023-09-28 11:30:00-04:00,19.295000076293945,19.3700008392334,19.235000610351562,19.270000457763672,17050,0.0,0.0
2023-09-28 12:30:00-04:00,19.260000228881836,19.260000228881836,19.18000030517578,19.18000030517578,8506,0.0,0.0
2023-09-28 13:30:00-04:00,19.18000030517578,19.2549991607666,19.155000686645508,19.25,11417,0.0,0.0
2023-09-28 14:30:00-04:00,19.239999771118164,19.299999237060547,19.190000534057617,19.280000686645508,15770,0.0,0.0
2023-09-28 15:30:00-04:00,19.260000228881836,19.260000228881836,19.1200008392334,19.1299991607666,17326,0.0,0.0
2023-09-29 09:30:00-04:00,19.299999237060547,19.405000686645508,19.25,19.28499984741211,8669,0.0,0.0
2023-09-29 10:30:00-04:00,19.350000381469727,19.360000610351562,19.21500015258789,19.299999237060547,12419,0.0,0.0
2023-09-29 11:30:00-04:00,19.309999465942383,19.389999389648438,19.229999542236328,19.329999923706055,9471,0.0,0.0
2023-09-29 12:30:00-04:00,19.329999923706055,19.344999313354492,19.198400497436523,19.25,9205,0.0,0.0
2023-09-29 13:30:00-04:00,19.239999771118164,19.260000228881836,19.209999084472656,19.225000381469727,13241,0.0,0.0
2023-09-29 14:30:00-04:00,19.209999084472656,19.229999542236328,19.170000076293945,19.170000076293945,11213,0.0,0.0
2023-09-29 15:30:00-04:00,19.15999984741211,19.229999542236328,19.110000610351562,19.200000762939453,31125,0.0,0.0
2023-10-02 09:30:00-04:00,19.149999618530273,19.290000915527344,18.989999771118164,19.049999237060547,12042,0.0,0.0
2023-10-02 10:30:00-04:00,19.030000686645508,19.030000686645508,18.950000762939453,18.979999542236328,5816,0.0,0.0
2023-10-02 11:30:00-04:00,18.969999313354492,18.969999313354492,18.850000381469727,18.850000381469727,13798,0.0,0.0
2023-10-02 12:30:00-04:00,18.850000381469727,18.889999389648438,18.780000686645508,18.860000610351562,21028,0.0,0.0
2023-10-02 13:30:00-04:00,18.850000381469727,18.93000030517578,18.799999237060547,18.809999465942383,14367,0.0,0.0
2023-10-02 14:30:00-04:00,18.81999969482422,18.84000015258789,18.700000762939453,18.729999542236328,17138,0.0,0.0
2023-10-02 15:30:00-04:00,18.739999771118164,18.809999465942383,18.709999084472656,18.809999465942383,28321,0.0,0.0
2023-10-03 09:30:00-04:00,18.700000762939453,18.8700008392334,18.459999084472656,18.559999465942383,17038,0.0,0.0
2023-10-03 10:30:00-04:00,18.489999771118164,18.590999603271484,18.450000762939453,18.559999465942383,6410,0.0,0.0
2023-10-03 11:30:00-04:00,18.59000015258789,18.709999084472656,18.540000915527344,18.673799514770508,8582,0.0,0.0
2023-10-03 12:30:00-04:00,18.700000762939453,18.73900032043457,18.639999389648438,18.690000534057617,6348,0.0,0.0
2023-10-03 13:30:00-04:00,18.670000076293945,18.670000076293945,18.579999923706055,18.600000381469727,5373,0.0,0.0
2023-10-03 14:30:00-04:00,18.610000610351562,18.649999618530273,18.579999923706055,18.6200008392334,15435,0.0,0.0
2023-10-03 15:30:00-04:00,18.639999389648438,18.704999923706055,18.6299991607666,18.65999984741211,31484,0.0,0.0
2023-10-04 09:30:00-04:00,18.690000534057617,19.225000381469727,18.510000228881836,18.549999237060547,10956,0.0,0.0
2023-10-04 10:30:00-04:00,18.579999923706055,18.68000030517578,18.53499984741211,18.68000030517578,7519,0.0,0.0
2023-10-04 11:30:00-04:00,18.68000030517578,18.84000015258789,18.649999618530273,18.80459976196289,7355,0.0,0.0
2023-10-04 12:30:00-04:00,18.80500030517578,18.850000381469727,18.770000457763672,18.809999465942383,5464,0.0,0.0
2023-10-04 13:30:00-04:00,18.770000457763672,18.790000915527344,18.7549991607666,18.770000457763672,6582,0.0,0.0
2023-10-04 14:30:00-04:00,18.770000457763672,18.8799991607666,18.770000457763672,18.8799991607666,10214,0.0,0.0
2023-10-04 15:30:00-04:00,18.899999618530273,18.969999313354492,18.899999618530273,18.899999618530273,21734,0.0,0.0
2023-10-05 09:30:00-04:00,18.799999237060547,19.469999313354492,18.469999313354492,19.06999969482422,7859,0.0,0.0
2023-10-05 10:30:00-04:00,19.059999465942383,19.079999923706055,18.979999542236328,19.030000686645508,9436,0.0,0.0
2023-10-05 11:30:00-04:00,19.040000915527344,19.06999969482422,19.030000686645508,19.035499572753906,3055,0.0,0.0
2023-10-05 12:30:00-04:00,19.05500030517578,19.149999618530273,19.05500030517578,19.149999618530273,9493,0.0,0.0
2023-10-05 13:30:00-04:00,19.139999389648438,19.280000686645508,19.139999389648438,19.25,6430,0.0,0.0
2023-10-05 14:30:00-04:00,19.25,19.31999969482422,19.25,19.290000915527344,13234,0.0,0.0
2023-10-05 15:30:00-04:00,19.299999237060547,19.405000686645508,19.299999237060547,19.360000610351562,27128,0.0,0.0
2023-10-06 09:30:00-04:00,19.18000030517578,19.190000534057617,19.059999465942383,19.059999465942383,4896,0.0,0.0
2023-10-06 10:30:00-04:00,19.040000915527344,19.18000030517578,19.040000915527344,19.170000076293945,3027,0.0,0.0
2023-10-06 11:30:00-04:00,19.2549991607666,19.530000686645508,19.25,19.405000686645508,5784,0.0,0.0
2023-10-06 12:30:00-04:00,19.34000015258789,19.3799991607666,19.290000915527344,19.3799991607666,5243,0.0,0.0
2023-10-06 13:30:00-04:00,19.3700008392334,19.489999771118164,19.364999771118164,19.489999771118164,14620,0.0,0.0
2023-10-06 14:30:00-04:00,19.5,19.5,19.39699935913086,19.399999618530273,5961,0.0,0.0
2023-10-06 15:30:00-04:00,19.389999389648438,19.450000762939453,19.350000381469727,19.389999389648438,18857,0.0,0.0
2023-10-09 09:30:00-04:00,19.209999084472656,19.3700008392334,19.209999084472656,19.309999465942383,2979,0.0,0.0
2023-10-09 10:30:00-04:00,19.3700008392334,19.540000915527344,19.34000015258789,19.540000915527344,3758,0.0,0.0
2023-10-09 11:30:00-04:00,19.530000686645508,19.530000686645508,19.469999313354492,19.479999542236328,5584,0.0,0.0
2023-10-09 12:30:00-04:00,19.450000762939453,19.450000762939453,19.399999618530273,19.40999984741211,12160,0.0,0.0
2023-10-09 13:30:00-04:00,19.450000762939453,19.559999465942383,19.450000762939453,19.540000915527344,8299,0.0,0.0
2023-10-09 14:30:00-04:00,19.530000686645508,19.530000686645508,19.450000762939453,19.459999084472656,13745,0.0,0.0
2023-10-09 15:30:00-04:00,19.440000534057617,19.440000534057617,19.350000381469727,19.40999984741211,19609,0.0,0.0
2023-10-10 09:30:00-04:00,19.420000076293945,19.709999084472656,19.420000076293945,19.56999969482422,10272,0.0,0.0
2023-10-10 10:30:00-04:00,19.579999923706055,19.579999923706055,19.450000762939453,19.450000762939453,3878,0.0,0.0
2023-10-10 11:30:00-04:00,19.475000381469727,19.540000915527344,19.450000762939453,19.540000915527344,3357,0.0,0.0
2023-10-10 12:30:00-04:00,19.559999465942383,19.579999923706055,19.5,19.520000457763672,5001,0.0,0.0
2023-10-10 13:30:00-04:00,19.50629997253418,19.520000457763672,19.469999313354492,19.520000457763672,4589,0.0,0.0
2023-10-10 14:30:00-04:00,19.479999542236328,19.56999969482422,19.459999084472656,19.459999084472656,3994,0.0,0.0
2023-10-10 15:30:00-04:00,19.43000030517578,19.489999771118164,19.399999618530273,19.420000076293945,16256,0.0,0.0
2023-10-11 09:30:00-04:00,19.43000030517578,19.639999389648438,19.43000030517578,19.56999969482422,5815,0.0,0.0
2023-10-11 10:30:00-04:00,19.559999465942383,19.559999465942383,19.39299964904785,19.469999313354492,4583,0.0,0.0
2023-10-11 11:30:00-04:00,19.450000762939453,19.489999771118164,19.420000076293945,19.420000076293945,4186,0.0,0.0
2023-10-11 12:30:00-04:00,19.3799991607666,19.415000915527344,19.34000015258789,19.405000686645508,4118,0.0,0.0
2023-10-11 13:30:00-04:00,19.399999618530273,19.549999237060547,19.399999618530273,19.524999618530273,9178,0.0,0.0
2023-10-11 14:30:00-04:00,19.540000915527344,19.575000762939453,19.5,19.5,10140,0.0,0.0
2023-10-11 15:30:00-04:00,19.489999771118164,19.540000915527344,19.479999542236328,19.520000457763672,16072,0.0,0.0
2023-10-12 09:30:00-04:00,19.530000686645508,19.530000686645508,19.229999542236328,19.31999969482422,4603,0.0,0.0
2023-10-12 10:30:00-04:00,19.3799991607666,19.420000076293945,19.350000381469727,19.360000610351562,8844,0.0,0.0
2023-10-12 11:30:00-04:00,19.399999618530273,19.440000534057617,19.31999969482422,19.394699096679688,6296,0.0,0.0
2023-10-12 12:30:00-04:00,19.389999389648438,19.43000030517578,19.329999923706055,19.3700008392334,5128,0.0,0.0
2023-10-12 13:30:00-04:00,19.350000381469727,19.3700008392334,19.280000686645508,19.31999969482422,5920,0.0,0.0
2023-10-12 14:30:00-04:00,19.329999923706055,19.420000076293945,19.329999923706055,19.420000076293945,7088,0.0,0.0
2023-10-12 15:30:00-04:00,19.43000030517578,19.479999542236328,19.389999389648438,19.440000534057617,21948,0.0,0.0
2023-10-13 09:30:00-04:00,19.6299991607666,19.6299991607666,19.299999237060547,19.299999237060547,4861,0.0,0.0
2023-10-13 10:30:00-04:00,19.309999465942383,19.336000442504883,19.229999542236328,19.280000686645508,4141,0.0,0.0
2023-10-13 11:30:00-04:00,19.25,19.290000915527344,19.25,19.25,2559,0.0,0.0
2023-10-13 12:30:00-04:00,19.264999389648438,19.264999389648438,19.1299991607666,19.139999389648438,5718,0.0,0.0
2023-10-13 13:30:00-04:00,19.114999771118164,19.181299209594727,19.079999923706055,19.181299209594727,5974,0.0,0.0
2023-10-13 14:30:00-04:00,19.14579963684082,19.200000762939453,19.1299991607666,19.139999389648438,8358,0.0,0.0
2023-10-13 15:30:00-04:00,19.139999389648438,19.149999618530273,19.06999969482422,19.079999923706055,19064,0.0,0.0
2023-10-16 09:30:00-04:00,19.299999237060547,19.48900032043457,19.299999237060547,19.360000610351562,7604,0.0,0.0
2023-10-16 10:30:00-04:00,19.38479995727539,19.459999084472656,19.38479995727539,19.43000030517578,6594,0.0,0.0
2023-10-16 11:30:00-04:00,19.40999984741211,19.440000534057617,19.3700008392334,19.43000030517578,6926,0.0,0.0
2023-10-16 12:30:00-04:00,19.40999984741211,19.450000762939453,19.280000686645508,19.309999465942383,5250,0.0,0.0
2023-10-16 13:30:00-04:00,19.329999923706055,19.360000610351562,19.299999237060547,19.299999237060547,4134,0.0,0.0
2023-10-16 14:30:00-04:00,19.309999465942383,19.34000015258789,19.290000915527344,19.34000015258789,8160,0.0,0.0
2023-10-16 15:30:00-04:00,19.3799991607666,19.440000534057617,19.350000381469727,19.440000534057617,26589,0.0,0.0
2023-10-17 09:30:00-04:00,19.329999923706055,19.670000076293945,19.31999969482422,19.610000610351562,10472,0.0,0.0
2023-10-17 10:30:00-04:00,19.610000610351562,19.860000610351562,19.579999923706055,19.84000015258789,8194,0.0,0.0
2023-10-17 11:30:00-04:00,19.889999389648438,20.09000015258789,19.8700008392334,20.09000015258789,9327,0.0,0.0
2023-10-17 12:30:00-04:00,20.084999084472656,20.084999084472656,19.969999313354492,20.0,26286,0.0,0.0
2023-10-17 13:30:00-04:00,19.969999313354492,19.979999542236328,19.899999618530273,19.905000686645508,8466,0.0,0.0
2023-10-17 14:30:00-04:00,19.905000686645508,20.020000457763672,19.864999771118164,19.940000534057617,16320,0.0,0.0
2023-10-17 15:30:00-04:00,19.950000762939453,19.969999313354492,19.864999771118164,19.905000686645508,33332,0.0,0.0
2023-10-18 09:30:00-04:00,19.75,19.760000228881836,19.6200008392334,19.704999923706055,4712,0.0,0.0
2023-10-18 10:30:00-04:00,19.677000045776367,19.700000762939453,19.555999755859375,19.579999923706055,6400,0.0,0.0
2023-10-18 11:30:00-04:00,19.520000457763672,19.59000015258789,19.479999542236328,19.59000015258789,7756,0.0,0.0
2023-10-18 12:30:00-04:00,19.6299991607666,19.760000228881836,19.600000381469727,19.693099975585938,7001,0.0,0.0
2023-10-18 13:30:00-04:00,19.670000076293945,19.770000457763672,19.639999389648438,19.68000030517578,6606,0.0,0.0
2023-10-18 14:30:00-04:00,19.69700050354004,19.700000762939453,19.579999923706055,19.610000610351562,12509,0.0,0.0
2023-10-18 15:30:00-04:00,19.610000610351562,19.639999389648438,19.559999465942383,19.579999923706055,32920,0.0,0.0
2023-10-19 09:30:00-04:00,19.360000610351562,19.489999771118164,19.290000915527344,19.489999771118164,6125,0.0,0.0
2023-10-19 10:30:00-04:00,19.399999618530273,19.459999084472656,19.399999618530273,19.440000534057617,2579,0.0,0.0
2023-10-19 11:30:00-04:00,19.440000534057617,19.639999389648438,19.420000076293945,19.639999389648438,9029,0.0,0.0
2023-10-19 12:30:00-04:00,19.479999542236328,19.549999237060547,19.43000030517578,19.530000686645508,4297,0.0,0.0
2023-10-19 13:30:00-04:00,19.520000457763672,19.520000457763672,19.420000076293945,19.43000030517578,2829,0.0,0.0
2023-10-19 14:30:00-04:00,19.350000381469727,19.350000381469727,19.309999465942383,19.34000015258789,7162,0.0,0.0
2023-10-19 15:30:00-04:00,19.34000015258789,19.3700008392334,19.290000915527344,19.350000381469727,17746,0.0,0.0
2023-10-20 09:30:00-04:00,19.3799991607666,19.3799991607666,18.899999618530273,18.979999542236328,27505,0.0,0.0
2023-10-20 10:30:00-04:00,18.989999771118164,19.1299991607666,18.989999771118164,19.09000015258789,6986,0.0,0.0
2023-10-20 11:30:00-04:00,19.079999923706055,19.18000030517578,19.040000915527344,19.110000610351562,7677,0.0,0.0
2023-10-20 12:30:00-04:00,19.1299991607666,19.246999740600586,19.1299991607666,19.239999771118164,5434,0.0,0.0
2023-10-20 13:30:00-04:00,19.239999771118164,19.25,19.059999465942383,19.100000381469727,9250,0.0,0.0
2023-10-20 14:30:00-04:00,19.09000015258789,19.139999389648438,19.030000686645508,19.040000915527344,6977,0.0,0.0
2023-10-20 15:30:00-04:00,19.030000686645508,19.06999969482422,18.979999542236328,18.979999542236328,20969,0.0,0.0
2023-10-23 09:30:00-04:00,18.850000381469727,19.225000381469727,18.81999969482422,19.170000076293945,13547,0.0,0.0
2023-10-23 10:30:00-04:00,19.155000686645508,19.209999084472656,19.1200008392334,19.209999084472656,6503,0.0,0.0
2023-10-23 11:30:00-04:00,19.198299407958984,19.299999237060547,19.18000030517578,19.264999389648438,19552,0.0,0.0
2023-10-23 12:30:00-04:00,19.285999298095703,19.299999237060547,19.18000030517578,19.219999313354492,13096,0.0,0.0
2023-10-23 13:30:00-04:00,19.22800064086914,19.270000457763672,19.15999984741211,19.15999984741211,7242,0.0,0.0
2023-10-23 14:30:00-04:00,19.149999618530273,19.165000915527344,18.950000762939453,18.979999542236328,23782,0.0,0.0
2023-10-23 15:30:00-04:00,18.969999313354492,19.010000228881836,18.940000534057617,18.979999542236328,18844,0.0,0.0
2023-10-24 09:30:00-04:00,19.040000915527344,19.389999389648438,18.8799991607666,18.920000076293945,11696,0.0,0.0
2023-10-24 10:30:00-04:00,18.889999389648438,18.969999313354492,18.690000534057617,18.700000762939453,8574,0.0,0.0
2023-10-24 11:30:00-04:00,18.719999313354492,18.75,18.6299991607666,18.645000457763672,12992,0.0,0.0
2023-10-24 12:30:00-04:00,18.6299991607666,18.709999084472656,18.600000381469727,18.700000762939453,5897,0.0,0.0
2023-10-24 13:30:00-04:00,18.700000762939453,18.709999084472656,18.56999969482422,18.684999465942383,9305,0.0,0.0
2023-10-24 14:30:00-04:00,18.719999313354492,18.72249984741211,18.639999389648438,18.670000076293945,22349,0.0,0.0
2023-10-24 15:30:00-04:00,18.670000076293945,18.770000457763672,18.6200008392334,18.68000030517578,40578,0.0,0.0
2023-10-25 09:30:00-04:00,18.59000015258789,19.1919002532959,17.770000457763672,17.770000457763672,18951,0.0,0.0
2023-10-25 10:30:00-04:00,17.670000076293945,18.325000762939453,17.510000228881836,18.325000762939453,26412,0.0,0.0
2023-10-25 11:30:00-04:00,18.325000762939453,18.389999389648438,18.024099349975586,18.149999618530273,22955,0.0,0.0
2023-10-25 12:30:00-04:00,18.165000915527344,18.43000030517578,18.15999984741211,18.309999465942383,90717,0.0,0.0
2023-10-25 13:30:00-04:00,18.280000686645508,18.440000534057617,18.280000686645508,18.420000076293945,11780,0.0,0.0
2023-10-25 14:30:00-04:00,18.420000076293945,18.700000762939453,18.3799991607666,18.600000381469727,51461,0.0,0.0
2023-10-25 15:30:00-04:00,18.56999969482422,18.579999923706055,18.415000915527344,18.420000076293945,63781,0.0,0.0
2023-10-26 09:30:00-04:00,18.520000457763672,18.8700008392334,18.5,18.8700008392334,33094,0.0,0.0
2023-10-26 10:30:00-04:00,18.850000381469727,19.049999237060547,18.834999084472656,18.834999084472656,20878,0.0,0.0
2023-10-26 11:30:00-04:00,18.799999237060547,18.940000534057617,18.709999084472656,18.709999084472656,11360,0.0,0.0
2023-10-26 12:30:00-04:00,18.704999923706055,18.774999618530273,18.649999618530273,18.774999618530273,6056,0.0,0.0
2023-10-26 13:30:00-04:00,18.774999618530273,19.065000534057617,18.774999618530273,18.989999771118164,20652,0.0,0.0
2023-10-26 14:30:00-04:00,18.989999771118164,19.184999465942383,18.989999771118164,19.020000457763672,11098,0.0,0.0
2023-10-26 15:30:00-04:00,19.0,19.100000381469727,18.959999084472656,19.079999923706055,37606,0.0,0.0
2023-10-27 09:30:00-04:00,19.100000381469727,19.295000076293945,18.969999313354492,19.200000762939453,8211,0.0,0.0
2023-10-27 10:30:00-04:00,19.226999282836914,19.290000915527344,19.18000030517578,19.18000030517578,3688,0.0,0.0
2023-10-27 11:30:00-04:00,19.165000915527344,19.18000030517578,19.09000015258789,19.1200008392334,11617,0.0,0.0
2023-10-27 12:30:00-04:00,19.100000381469727,19.100000381469727,18.75,18.81999969482422,11907,0.0,0.0
2023-10-27 13:30:00-04:00,18.860000610351562,18.875099182128906,18.799999237060547,18.860000610351562,4901,0.0,0.0
2023-10-27 14:30:00-04:00,18.899999618530273,19.0,18.899999618530273,19.0,13787,0.0,0.0
2023-10-27 15:30:00-04:00,19.010000228881836,19.09000015258789,18.950000762939453,19.09000015258789,31923,0.0,0.0
2023-10-30 09:30:00-04:00,19.309999465942383,19.625,19.219999313354492,19.600000381469727,19849,0.0,0.0
2023-10-30 10:30:00-04:00,19.613000869750977,19.760000228881836,19.559999465942383,19.760000228881836,13714,0.0,0.0
2023-10-30 11:30:00-04:00,19.799999237060547,19.809999465942383,19.729999542236328,19.761499404907227,5577,0.0,0.0
2023-10-30 12:30:00-04:00,19.739999771118164,19.860000610351562,19.72599983215332,19.84000015258789,6307,0.0,0.0
2023-10-30 13:30:00-04:00,19.8700008392334,19.899999618530273,19.799999237060547,19.850000381469727,20787,0.0,0.0
2023-10-30 14:30:00-04:00,19.899999618530273,19.899999618530273,19.719999313354492,19.719999313354492,15259,0.0,0.0
2023-10-30 15:30:00-04:00,19.719999313354492,19.770000457763672,19.709999084472656,19.719999313354492,31113,0.0,0.0
2023-10-31 09:30:00-04:00,19.709999084472656,19.850000381469727,19.651399612426758,19.71500015258789,12189,0.0,0.0
2023-10-31 10:30:00-04:00,19.735000610351562,19.959999084472656,19.735000610351562,19.959999084472656,3799,0.0,0.0
2023-10-31 11:30:00-04:00,19.920000076293945,19.920000076293945,19.799999237060547,19.799999237060547,3048,0.0,0.0
2023-10-31 12:30:00-04:00,19.799999237060547,19.829999923706055,19.790000915527344,19.829999923706055,6064,0.0,0.0
2023-10-31 13:30:00-04:00,19.8799991607666,19.885000228881836,19.858999252319336,19.860000610351562,5461,0.0,0.0
2023-10-31 14:30:00-04:00,19.899999618530273,19.924699783325195,19.860000610351562,19.899999618530273,6535,0.0,0.0
2023-10-31 15:30:00-04:00,19.899999618530273,19.899999618530273,19.81999969482422,19.8700008392334,21336,0.0,0.0
2023-11-01 09:30:00-04:00,19.780000686645508,19.780000686645508,19.450000762939453,19.780000686645508,9841,0.0,0.0
2023-11-01 10:30:00-04:00,19.844999313354492,19.899999618530273,19.639999389648438,19.639999389648438,16338,0.0,0.0
2023-11-01 11:30:00-04:00,19.66990089416504,19.700000762939453,19.600000381469727,19.649999618530273,4771,0.0,0.0
2023-11-01 12:30:00-04:00,19.670000076293945,19.670000076293945,19.3700008392334,19.450000762939453,13718,0.0,0.0
2023-11-01 13:30:00-04:00,19.454999923706055,19.489999771118164,19.360000610351562,19.399999618530273,12263,0.0,0.0
2023-11-01 14:30:00-04:00,19.440000534057617,19.465999603271484,19.270000457763672,19.399999618530273,41011,0.0,0.0
2023-11-01 15:30:00-04:00,19.43000030517578,19.489999771118164,19.43000030517578,19.479999542236328,48312,0.0,0.0
2023-11-02 09:30:00-04:00,19.700000762939453,19.979999542236328,19.700000762939453,19.885000228881836,8471,0.0,0.0
2023-11-02 10:30:00-04:00,19.940000534057617,20.0,19.90999984741211,19.940000534057617,4921,0.0,0.0
2023-11-02 11:30:00-04:00,19.979999542236328,19.989999771118164,19.860000610351562,19.860000610351562,5899,0.0,0.0
2023-11-02 12:30:00-04:00,19.899999618530273,20.00909996032715,19.899999618530273,19.959999084472656,5687,0.0,0.0
2023-11-02 13:30:00-04:00,20.0,20.040000915527344,20.0,20.014999389648438,3529,0.0,0.0
2023-11-02 14:30:00-04:00,20.06999969482422,20.209999084472656,20.049999237060547,20.209999084472656,7231,0.0,0.0
2023-11-02 15:30:00-04:00,20.209999084472656,20.290000915527344,20.13010025024414,20.260000228881836,57502,0.0,0.0
2023-11-03 09:30:00-04:00,20.75,21.010000228881836,20.6299991607666,20.81999969482422,9803,0.0,0.0
2023-11-03 10:30:00-04:00,20.795000076293945,21.049999237060547,20.795000076293945,21.049999237060547,3131,0.0,0.0
2023-11-03 11:30:00-04:00,20.96500015258789,20.979999542236328,20.905000686645508,20.969999313354492,10343,0.0,0.0
2023-11-03 12:30:00-04:00,20.934999465942383,21.040000915527344,20.920000076293945,20.950000762939453,17561,0.0,0.0
2023-11-03 13:30:00-04:00,20.93000030517578,21.040000915527344,20.889999389648438,21.030000686645508,9779,0.0,0.0
2023-11-03 14:30:00-04:00,21.049999237060547,21.170000076293945,20.989999771118164,20.989999771118164,16677,0.0,0.0
2023-11-03 15:30:00-04:00,20.979999542236328,20.98200035095215,20.8700008392334,20.8700008392334,21520,0.0,0.0
2023-11-06 09:30:00-05:00,20.790000915527344,20.790000915527344,20.559999465942383,20.690000534057617,16583,0.0,0.0
2023-11-06 10:30:00-05:00,20.695999145507812,20.81999969482422,20.695999145507812,20.719999313354492,6211,0.0,0.0
2023-11-06 11:30:00-05:00,20.700000762939453,20.760000228881836,20.635000228881836,20.635000228881836,10721,0.0,0.0
2023-11-06 12:30:00-05:00,20.635000228881836,20.729999542236328,20.59000015258789,20.631000518798828,4496,0.0,0.0
2023-11-06 13:30:00-05:00,20.65999984741211,20.670000076293945,20.6299991607666,20.670000076293945,4478,0.0,0.0
2023-11-06 14:30:00-05:00,20.690000534057617,20.770000457763672,20.690000534057617,20.719999313354492,8361,0.0,0.0
2023-11-06 15:30:00-05:00,20.700000762939453,20.809999465942383,20.690000534057617,20.799999237060547,22040,0.0,0.0
2023-11-07 09:30:00-05:00,20.65999984741211,20.7450008392334,20.579999923706055,20.65999984741211,3661,0.0,0.0
2023-11-07 10:30:00-05:00,20.649999618530273,20.649999618530273,20.56999969482422,20.58300018310547,4445,0.0,0.0
2023-11-07 11:30:00-05:00,20.59000015258789,20.59000015258789,20.549999237060547,20.55500030517578,4144,0.0,0.0
2023-11-07 12:30:00-05:00,20.510000228881836,20.510000228881836,20.46500015258789,20.5,4704,0.0,0.0
2023-11-07 13:30:00-05:00,20.489999771118164,20.579999923706055,20.489999771118164,20.579999923706055,2237,0.0,0.0
2023-11-07 14:30:00-05:00,20.540000915527344,20.670000076293945,20.540000915527344,20.649999618530273,6436,0.0,0.0
2023-11-07 15:30:00-05:00,20.6299991607666,20.68000030517578,20.540000915527344,20.56999969482422,14292,0.0,0.0
2023-11-08 09:30:00-05:00,20.549999237060547,20.549999237060547,20.299999237060547,20.299999237060547,6258,0.0,0.0
2023-11-08 10:30:00-05:00,20.25,20.274999618530273,20.049999237060547,20.114999771118164,12139,0.0,0.0
2023-11-08 11:30:00-05:00,20.079999923706055,20.18000030517578,20.06999969482422,20.18000030517578,10028,0.0,0.0
2023-11-08 12:30:00-05:00,20.204200744628906,20.239999771118164,20.139999389648438,20.190000534057617,4853,0.0,0.0
2023-11-08 13:30:00-05:00,20.174999237060547,20.239999771118164,20.139999389648438,20.18000030517578,3751,0.0,0.0
2023-11-08 14:30:00-05:00,20.190000534057617,20.209999084472656,20.06999969482422,20.06999969482422,6066,0.0,0.0
2023-11-08 15:30:00-05:00,20.06999969482422,20.25,20.06999969482422,20.25,17694,0.0,0.0
2023-11-09 09:30:00-05:00,20.280000686645508,20.309999465942383,19.610000610351562,20.010000228881836,6427,0.0,0.0
2023-11-09 10:30:00-05:00,20.030000686645508,20.108999252319336,19.989999771118164,20.065000534057617,4780,0.0,0.0
2023-11-09 11:30:00-05:00,20.049999237060547,20.219999313354492,20.049999237060547,20.18000030517578,3439,0.0,0.0
2023-11-09 12:30:00-05:00,20.190000534057617,20.280000686645508,20.139999389648438,20.190000534057617,4174,0.0,0.0
2023-11-09 13:30:00-05:00,20.075000762939453,20.075000762939453,19.8799991607666,19.889999389648438,13220,0.0,0.0
2023-11-09 14:30:00-05:00,19.8799991607666,20.001699447631836,19.8799991607666,19.93000030517578,6418,0.0,0.0
2023-11-09 15:30:00-05:00,19.93000030517578,19.959999084472656,19.889999389648438,19.899999618530273,19147,0.0,0.0
2023-11-10 09:30:00-05:00,19.959999084472656,19.959999084472656,19.760000228881836,19.8700008392334,4307,0.0,0.0
2023-11-10 10:30:00-05:00,19.81999969482422,19.84000015258789,19.795000076293945,19.795000076293945,2979,0.0,0.0
2023-11-10 11:30:00-05:00,19.760000228881836,19.809999465942383,19.700000762939453,19.739999771118164,12546,0.0,0.0
2023-11-10 12:30:00-05:00,19.764999389648438,19.90999984741211,19.764999389648438,19.90999984741211,12824,0.0,0.0
2023-11-10 13:30:00-05:00,19.940000534057617,19.950000762939453,19.860000610351562,19.950000762939453,7288,0.0,0.0
2023-11-10 14:30:00-05:00,19.93000030517578,19.940000534057617,19.829999923706055,19.899999618530273,17953,0.0,0.0
2023-11-10 15:30:00-05:00,19.89299964904785,19.89299964904785,19.829999923706055,19.829999923706055,23898,0.0,0.0
2023-11-13 09:30:00-05:00,19.709999084472656,19.760000228881836,19.670000076293945,19.6919002532959,4891,0.0,0.0
2023-11-13 10:30:00-05:00,19.788700103759766,19.8700008392334,19.719999313354492,19.8700008392334,8276,0.0,0.0
2023-11-13 11:30:00-05:00,19.940000534057617,20.049999237060547,19.940000534057617,20.049999237060547,5892,0.0,0.0
2023-11-13 12:30:00-05:00,20.049999237060547,20.08989906311035,20.020000457763672,20.059999465942383,8384,0.0,0.0
2023-11-13 13:30:00-05:00,20.049999237060547,20.135000228881836,20.049999237060547,20.096500396728516,2716,0.0,0.0
2023-11-13 14:30:00-05:00,20.06999969482422,20.18000030517578,20.06999969482422,20.15999984741211,7945,0.0,0.0
2023-11-13 15:30:00-05:00,20.139999389648438,20.209999084472656,20.139999389648438,20.18000030517578,20066,0.0,0.0
2023-11-14 09:30:00-05:00,20.799999237060547,21.399999618530273,20.780000686645508,21.399999618530273,13915,0.0,0.0
2023-11-14 10:30:00-05:00,21.299999237060547,21.579999923706055,21.299999237060547,21.579999923706055,12960,0.0,0.0
2023-11-14 11:30:00-05:00,21.56999969482422,21.639999389648438,21.417499542236328,21.450000762939453,9854,0.0,0.0
2023-11-14 12:30:00-05:00,21.520000457763672,21.549999237060547,21.450000762939453,21.450000762939453,6074,0.0,0.0
2023-11-14 13:30:00-05:00,21.489999771118164,21.510000228881836,21.3799991607666,21.43000030517578,8983,0.0,0.0
2023-11-14 14:30:00-05:00,21.459999084472656,21.6299991607666,21.450000762939453,21.6299991607666,30106,0.0,0.0
2023-11-14 15:30:00-05:00,21.600000381469727,21.729999542236328,21.579999923706055,21.700000762939453,39675,0.0,0.0
2023-11-15 09:30:00-05:00,21.59000015258789,21.969999313354492,21.395700454711914,21.889999389648438,10731,0.0,0.0
2023-11-15 10:30:00-05:00,21.899999618530273,22.0049991607666,21.886499404907227,21.975000381469727,8282,0.0,0.0
2023-11-15 11:30:00-05:00,21.959999084472656,21.959999084472656,21.829999923706055,21.899999618530273,4922,0.0,0.0
2023-11-15 12:30:00-05:00,21.920000076293945,21.920000076293945,21.739999771118164,21.799999237060547,5098,0.0,0.0
2023-11-15 13:30:00-05:00,21.790000915527344,21.8700008392334,21.780000686645508,21.78499984741211,5056,0.0,0.0
2023-11-15 14:30:00-05:00,21.770000457763672,21.829999923706055,21.690000534057617,21.829999923706055,9545,0.0,0.0
2023-11-15 15:30:00-05:00,21.850000381469727,21.8700008392334,21.809999465942383,21.829999923706055,21613,0.0,0.0
2023-11-16 09:30:00-05:00,21.829999923706055,21.889999389648438,21.399999618530273,21.459999084472656,7196,0.0,0.0
2023-11-16 10:30:00-05:00,21.44700050354004,21.450000762939453,21.3799991607666,21.3799991607666,2394,0.0,0.0
2023-11-16 11:30:00-05:00,21.450000762939453,21.559999465942383,21.450000762939453,21.520000457763672,4600,0.0,0.0
2023-11-16 12:30:00-05:00,21.454999923706055,21.579999923706055,21.454999923706055,21.540000915527344,5347,0.0,0.0
2023-11-16 13:30:00-05:00,21.5,21.549999237060547,21.5,21.530000686645508,2296,0.0,0.0
2023-11-16 14:30:00-05:00,21.510000228881836,21.579999923706055,21.510000228881836,21.549999237060547,10800,0.0,0.0
2023-11-16 15:30:00-05:00,21.549999237060547,21.559999465942383,21.479999542236328,21.5,10907,0.0,0.0
2023-11-17 09:30:00-05:00,21.760000228881836,21.899999618530273,21.559999465942383,21.829999923706055,33381,0.0,0.0
2023-11-17 10:30:00-05:00,21.81999969482422,21.950000762939453,21.780000686645508,21.860000610351562,9039,0.0,0.0
2023-11-17 11:30:00-05:00,21.90999984741211,21.90999984741211,21.75,21.829999923706055,14266,0.0,0.0
2023-11-17 12:30:00-05:00,21.829999923706055,21.84000015258789,21.780000686645508,21.780000686645508,2424,0.0,0.0
2023-11-17 13:30:00-05:00,21.790000915527344,21.790000915527344,21.700000762939453,21.700000762939453,8253,0.0,0.0
2023-11-17 14:30:00-05:00,21.65999984741211,21.690000534057617,21.639999389648438,21.639999389648438,2879,0.0,0.0
2023-11-17 15:30:00-05:00,21.639999389648438,21.670000076293945,21.56999969482422,21.600000381469727,19529,0.0,0.0
2023-11-20 09:30:00-05:00,21.600000381469727,21.600000381469727,21.209999084472656,21.389999389648438,8395,0.0,0.0
2023-11-20 10:30:00-05:00,21.399999618530273,21.420000076293945,21.350000381469727,21.405000686645508,3099,0.0,0.0
2023-11-20 11:30:00-05:00,21.405000686645508,21.405000686645508,21.270000457763672,21.364999771118164,7145,0.0,0.0
2023-11-20 12:30:00-05:00,21.34000015258789,21.489999771118164,21.280000686645508,21.489999771118164,5578,0.0,0.0
2023-11-20 13:30:00-05:00,21.44499969482422,21.479999542236328,21.399999618530273,21.454999923706055,4619,0.0,0.0
2023-11-20 14:30:00-05:00,21.5,21.600000381469727,21.489999771118164,21.56999969482422,13152,0.0,0.0
2023-11-20 15:30:00-05:00,21.530000686645508,21.56999969482422,21.479999542236328,21.510000228881836,15544,0.0,0.0
2023-11-21 09:30:00-05:00,21.520000457763672,21.520000457763672,21.25,21.475000381469727,6119,0.0,0.0
2023-11-21 10:30:00-05:00,21.469999313354492,21.59000015258789,21.450000762939453,21.485000610351562,5041,0.0,0.0
2023-11-21 11:30:00-05:00,21.5,21.530000686645508,21.395000457763672,21.395000457763672,4885,0.0,0.0
2023-11-21 12:30:00-05:00,21.389999389648438,21.40999984741211,21.309999465942383,21.309999465942383,2768,0.0,0.0
2023-11-21 13:30:00-05:00,21.329999923706055,21.329999923706055,21.25,21.280000686645508,3453,0.0,0.0
2023-11-21 14:30:00-05:00,21.299999237060547,21.299999237060547,21.110000610351562,21.110000610351562,4899,0.0,0.0
2023-11-21 15:30:00-05:00,21.1299991607666,21.139999389648438,21.06999969482422,21.100000381469727,16858,0.0,0.0
2023-11-22 09:30:00-05:00,21.34000015258789,21.34000015258789,21.1200008392334,21.299999237060547,9354,0.0,0.0
2023-11-22 10:30:00-05:00,21.309999465942383,21.309999465942383,21.209999084472656,21.209999084472656,3757,0.0,0.0
2023-11-22 11:30:00-05:00,21.219999313354492,21.25,21.139999389648438,21.139999389648438,5264,0.0,0.0
2023-11-22 12:30:00-05:00,21.1200008392334,21.139999389648438,21.049999237060547,21.075000762939453,2475,0.0,0.0
2023-11-22 13:30:00-05:00,21.09000015258789,21.110000610351562,21.059999465942383,21.059999465942383,3953,0.0,0.0
2023-11-22 14:30:00-05:00,21.059999465942383,21.139999389648438,21.030000686645508,21.139999389648438,7318,0.0,0.0
2023-11-22 15:30:00-05:00,21.149999618530273,21.15999984741211,21.1200008392334,21.139999389648438,12070,0.0,0.0
2023-11-24 09:30:00-05:00,21.15999984741211,21.3125,21.127700805664062,21.3125,6409,0.0,0.0
2023-11-24 10:30:00-05:00,21.350000381469727,21.350000381469727,21.119699478149414,21.119699478149414,4780,0.0,0.0
2023-11-24 11:30:00-05:00,21.1299991607666,21.15999984741211,21.059999465942383,21.145000457763672,4751,0.0,0.0
2023-11-27 09:30:00-05:00,21.0,21.372499465942383,20.670000076293945,20.96500015258789,12797,0.0,0.0
2023-11-27 10:30:00-05:00,20.959999084472656,21.007600784301758,20.940000534057617,20.940000534057617,3142,0.0,0.0
2023-11-27 11:30:00-05:00,20.959999084472656,20.975000381469727,20.770000457763672,20.799999237060547,7066,0.0,0.0
2023-11-27 12:30:00-05:00,20.799999237060547,20.8700008392334,20.799999237060547,20.860000610351562,2172,0.0,0.0
2023-11-27 13:30:00-05:00,20.8700008392334,20.93000030517578,20.8700008392334,20.8700008392334,7280,0.0,0.0
2023-11-27 14:30:00-05:00,20.860000610351562,20.950000762939453,20.860000610351562,20.920000076293945,8547,0.0,0.0
2023-11-27 15:30:00-05:00,20.934999465942383,20.952999114990234,20.8799991607666,20.889999389648438,19920,0.0,0.0
2023-11-28 09:30:00-05:00,21.270000457763672,21.799999237060547,20.8700008392334,21.219999313354492,27776,0.0,0.0
2023-11-28 10:30:00-05:00,21.200000762939453,21.399999618530273,21.18000030517578,21.399999618530273,17482,0.0,0.0
2023-11-28 11:30:00-05:00,21.43000030517578,21.469999313354492,21.399999618530273,21.459999084472656,5099,0.0,0.0
2023-11-28 12:30:00-05:00,21.459999084472656,21.459999084472656,21.260000228881836,21.389999389648438,41693,0.0,0.0
2023-11-28 13:30:00-05:00,21.43000030517578,21.4950008392334,21.43000030517578,21.479999542236328,4829,0.0,0.0
2023-11-28 14:30:00-05:00,21.460399627685547,21.56999969482422,21.450000762939453,21.5,11840,0.0,0.0
2023-11-28 15:30:00-05:00,21.4950008392334,21.540000915527344,21.459999084472656,21.5,32282,0.0,0.0
2023-11-29 09:30:00-05:00,21.68000030517578,22.1200008392334,21.649999618530273,22.06999969482422,31469,0.0,0.0
2023-11-29 10:30:00-05:00,22.079999923706055,22.139999389648438,22.010000228881836,22.066499710083008,8625,0.0,0.0
2023-11-29 11:30:00-05:00,22.06999969482422,22.100000381469727,22.037500381469727,22.09000015258789,5077,0.0,0.0
2023-11-29 12:30:00-05:00,22.09000015258789,22.149999618530273,22.079999923706055,22.084999084472656,6989,0.0,0.0
2023-11-29 13:30:00-05:00,22.09000015258789,22.149999618530273,22.05139923095703,22.1200008392334,4855,0.0,0.0
2023-11-29 14:30:00-05:00,22.06999969482422,22.09000015258789,21.959999084472656,21.959999084472656,23295,0.0,0.0
2023-11-29 15:30:00-05:00,21.959999084472656,22.0,21.940000534057617,21.950000762939453,24649,0.0,0.0
2023-11-30 09:30:00-05:00,21.969999313354492,22.079999923706055,21.709999084472656,22.059999465942383,11340,0.0,0.0
2023-11-30 10:30:00-05:00,22.059999465942383,22.059999465942383,21.950000762939453,21.969999313354492,10729,0.0,0.0
2023-11-30 11:30:00-05:00,21.959999084472656,22.0,21.950000762939453,21.989999771118164,6626,0.0,0.0
2023-11-30 12:30:00-05:00,21.959999084472656,21.969999313354492,21.920000076293945,21.969999313354492,2646,0.0,0.0
2023-11-30 13:30:00-05:00,21.920000076293945,21.950000762939453,21.8799991607666,21.899999618530273,9776,0.0,0.0
2023-11-30 14:30:00-05:00,21.920000076293945,21.989999771118164,21.920000076293945,21.969999313354492,14443,0.0,0.0
2023-11-30 15:30:00-05:00,21.959999084472656,21.959999084472656,21.579999923706055,21.729999542236328,48826,0.0,0.0
2023-12-01 09:30:00-05:00,21.530000686645508,22.0,21.3799991607666,21.93000030517578,31510,0.0,0.0
2023-12-01 10:30:00-05:00,21.920000076293945,22.34000015258789,21.829999923706055,22.34000015258789,17404,0.0,0.0
2023-12-01 11:30:00-05:00,22.360000610351562,22.639999389648438,22.350000381469727,22.631000518798828,10066,0.0,0.0
2023-12-01 12:30:00-05:00,22.579999923706055,22.889999389648438,22.579999923706055,22.719999313354492,21920,0.0,0.0
2023-12-01 13:30:00-05:00,22.719999313354492,22.809999465942383,22.649999618530273,22.729999542236328,15162,0.0,0.0
2023-12-01 14:30:00-05:00,22.75,22.770000457763672,22.635000228881836,22.68000030517578,26704,0.0,0.0
2023-12-01 15:30:00-05:00,22.690000534057617,22.875,22.690000534057617,22.84000015258789,30601,0.0,0.0
2023-12-04 09:30:00-05:00,22.670000076293945,23.0,22.25,22.864999771118164,8746,0.0,0.0
2023-12-04 10:30:00-05:00,22.780000686645508,22.979999542236328,22.780000686645508,22.950000762939453,10702,0.0,0.0
2023-12-04 11:30:00-05:00,22.8799991607666,23.219999313354492,22.81999969482422,23.190000534057617,25176,0.0,0.0
2023-12-04 12:30:00-05:00,23.174999237060547,23.4060001373291,23.174999237060547,23.34000015258789,11740,0.0,0.0
2023-12-04 13:30:00-05:00,23.290000915527344,23.31999969482422,23.2450008392334,23.260000228881836,12131,0.0,0.0
2023-12-04 14:30:00-05:00,23.270000457763672,23.3700008392334,23.219999313354492,23.219999313354492,23316,0.0,0.0
2023-12-04 15:30:00-05:00,23.229999542236328,23.25,23.100000381469727,23.239999771118164,33596,0.0,0.0
2023-12-05 09:30:00-05:00,23.280000686645508,23.420000076293945,23.020000457763672,23.239999771118164,14096,0.0,0.0
2023-12-05 10:30:00-05:00,23.239999771118164,23.420000076293945,23.204999923706055,23.420000076293945,7983,0.0,0.0
2023-12-05 11:30:00-05:00,23.405000686645508,23.440000534057617,23.309999465942383,23.350000381469727,11853,0.0,0.0
2023-12-05 12:30:00-05:00,23.34000015258789,23.3700008392334,23.329999923706055,23.344999313354492,9194,0.0,0.0
2023-12-05 13:30:00-05:00,23.309999465942383,23.354999542236328,23.239999771118164,23.264999389648438,11694,0.0,0.0
2023-12-05 14:30:00-05:00,23.2549991607666,23.270000457763672,23.139999389648438,23.170000076293945,26159,0.0,0.0
2023-12-05 15:30:00-05:00,23.170000076293945,23.200000762939453,23.125,23.18000030517578,30149,0.0,0.0
2023-12-06 09:30:00-05:00,23.399999618530273,23.8799991607666,23.010000228881836,23.727399826049805,18209,0.0,0.0
2023-12-06 10:30:00-05:00,23.69499969482422,23.75,23.400100708007812,23.486799240112305,12724,0.0,0.0
2023-12-06 11:30:00-05:00,23.389999389648438,23.420000076293945,23.264999389648438,23.290000915527344,8539,0.0,0.0
2023-12-06 12:30:00-05:00,23.30500030517578,23.3700008392334,23.25,23.320499420166016,5886,0.0,0.0
2023-12-06 13:30:00-05:00,23.3700008392334,23.385000228881836,23.1200008392334,23.149999618530273,13037,0.0,0.0
2023-12-06 14:30:00-05:00,23.149999618530273,23.149999618530273,23.020000457763672,23.020000457763672,20285,0.0,0.0
2023-12-06 15:30:00-05:00,23.017499923706055,23.040000915527344,22.969999313354492,23.030000686645508,31766,0.0,0.0
2023-12-07 09:30:00-05:00,23.139999389648438,23.40999984741211,23.0,23.309999465942383,15214,0.0,0.0
2023-12-07 10:30:00-05:00,23.34000015258789,23.360000610351562,23.25,23.25,2585,0.0,0.0
2023-12-07 11:30:00-05:00,23.270000457763672,23.354999542236328,23.260000228881836,23.296100616455078,5569,0.0,0.0
2023-12-07 12:30:00-05:00,23.309999465942383,23.40999984741211,23.280000686645508,23.290000915527344,15177,0.0,0.0
2023-12-07 13:30:00-05:00,23.329999923706055,23.399999618530273,23.280000686645508,23.344999313354492,11449,0.0,0.0
2023-12-07 14:30:00-05:00,23.389999389648438,23.440000534057617,23.34000015258789,23.360000610351562,15507,0.0,0.0
2023-12-07 15:30:00-05:00,23.40999984741211,23.56999969482422,23.3700008392334,23.559999465942383,49113,0.0,0.0
2023-12-08 09:30:00-05:00,23.639999389648438,23.8700008392334,23.334999084472656,23.780000686645508,12303,0.0,0.0
2023-12-08 10:30:00-05:00,23.790000915527344,23.790000915527344,23.5,23.53499984741211,6581,0.0,0.0
2023-12-08 11:30:00-05:00,23.559999465942383,23.649999618530273,23.559999465942383,23.600000381469727,6092,0.0,0.0
2023-12-08 12:30:00-05:00,23.59000015258789,23.65999984741211,23.549999237060547,23.649999618530273,17802,0.0,0.0
2023-12-08 13:30:00-05:00,23.6299991607666,23.690000534057617,23.579999923706055,23.690000534057617,12051,0.0,0.0
2023-12-08 14:30:00-05:00,23.690000534057617,23.75,23.649999618530273,23.735000610351562,15739,0.0,0.0
2023-12-08 15:30:00-05:00,23.709999084472656,23.770000457763672,23.59000015258789,23.59000015258789,38180,0.0,0.0
2023-12-11 09:30:00-05:00,23.75,23.81999969482422,23.43000030517578,23.53499984741211,12108,0.0,0.0
2023-12-11 10:30:00-05:00,23.53339958190918,23.549999237060547,23.5,23.540000915527344,4846,0.0,0.0
2023-12-11 11:30:00-05:00,23.480100631713867,23.579999923706055,23.469999313354492,23.520000457763672,8609,0.0,0.0
2023-12-11 12:30:00-05:00,23.540000915527344,23.75,23.540000915527344,23.729999542236328,17396,0.0,0.0
2023-12-11 13:30:00-05:00,23.739999771118164,23.770000457763672,23.674999237060547,23.71500015258789,5341,0.0,0.0
2023-12-11 14:30:00-05:00,23.670000076293945,23.780000686645508,23.645000457763672,23.645000457763672,14502,0.0,0.0
2023-12-11 15:30:00-05:00,23.645000457763672,23.709999084472656,23.635000228881836,23.68000030517578,26720,0.0,0.0
2023-12-12 09:30:00-05:00,23.649999618530273,23.670000076293945,23.479999542236328,23.6200008392334,14421,0.0,0.0
2023-12-12 10:30:00-05:00,23.6200008392334,23.719999313354492,23.579999923706055,23.579999923706055,5955,0.0,0.0
2023-12-12 11:30:00-05:00,23.59000015258789,23.6200008392334,23.530000686645508,23.554000854492188,10409,0.0,0.0
2023-12-12 12:30:00-05:00,23.565000534057617,23.649999618530273,23.530000686645508,23.614999771118164,5552,0.0,0.0
2023-12-12 13:30:00-05:00,23.639999389648438,23.65999984741211,23.534000396728516,23.59000015258789,20452,0.0,0.0
2023-12-12 14:30:00-05:00,23.59000015258789,23.600000381469727,23.55500030517578,23.56999969482422,8656,0.0,0.0
2023-12-12 15:30:00-05:00,23.56999969482422,23.56999969482422,23.450000762939453,23.5,20292,0.0,0.0
2023-12-13 09:30:00-05:00,23.579999923706055,23.579999923706055,23.19499969482422,23.52720069885254,10434,0.0,0.0
2023-12-13 10:30:00-05:00,23.489999771118164,23.489999771118164,23.43000030517578,23.459999084472656,5114,0.0,0.0
2023-12-13 11:30:00-05:00,23.43000030517578,23.450000762939453,23.31999969482422,23.31999969482422,7552,0.0,0.0
2023-12-13 12:30:00-05:00,23.31999969482422,23.40999984741211,23.30500030517578,23.30500030517578,5149,0.0,0.0
2023-12-13 13:30:00-05:00,23.30500030517578,23.899999618530273,23.229999542236328,23.8799991607666,32923,0.0,0.0
2023-12-13 14:30:00-05:00,23.8799991607666,24.530000686645508,23.8799991607666,24.360000610351562,38789,0.0,0.0
2023-12-13 15:30:00-05:00,24.3700008392334,24.729999542236328,24.3700008392334,24.709999084472656,97941,0.0,0.0
2023-12-14 09:30:00-05:00,25.209999084472656,25.729999542236328,24.649999618530273,24.799999237060547,38542,0.0,0.0
2023-12-14 10:30:00-05:00,24.790000915527344,24.950000762939453,24.520000457763672,24.889999389648438,19636,0.0,0.0
2023-12-14 11:30:00-05:00,24.850000381469727,25.0,24.809999465942383,24.8799991607666,16352,0.0,0.0
2023-12-14 12:30:00-05:00,24.88089942932129,24.98900032043457,24.670000076293945,24.670000076293945,31963,0.0,0.0
2023-12-14 13:30:00-05:00,24.709999084472656,24.729999542236328,24.530000686645508,24.670000076293945,9413,0.0,0.0
2023-12-14 14:30:00-05:00,24.65999984741211,24.799999237060547,24.610000610351562,24.799999237060547,21092,0.0,0.0
2023-12-14 15:30:00-05:00,24.790000915527344,24.950000762939453,24.75,24.81999969482422,38708,0.0,0.0
2023-12-15 09:30:00-05:00,25.0,25.049999237060547,24.6299991607666,24.709999084472656,131834,0.0,0.0
2023-12-15 10:30:00-05:00,24.719999313354492,24.8799991607666,24.65999984741211,24.665000915527344,22046,0.0,0.0
2023-12-15 11:30:00-05:00,24.639999389648438,24.655000686645508,24.520000457763672,24.6200008392334,11342,0.0,0.0
2023-12-15 12:30:00-05:00,24.584999084472656,24.584999084472656,24.389999389648438,24.40999984741211,10642,0.0,0.0
2023-12-15 13:30:00-05:00,24.389999389648438,24.450000762939453,24.315000534057617,24.399999618530273,21191,0.0,0.0
2023-12-15 14:30:00-05:00,24.395000457763672,24.530000686645508,24.350000381469727,24.459999084472656,31485,0.0,0.0
2023-12-15 15:30:00-05:00,24.5,24.540000915527344,24.31999969482422,24.3799991607666,44456,0.0,0.0
2023-12-18 09:30:00-05:00,24.579999923706055,24.75,24.31999969482422,24.709999084472656,14510,0.0,0.0
2023-12-18 10:30:00-05:00,24.709999084472656,24.770000457763672,24.479999542236328,24.579999923706055,13923,0.0,0.0
2023-12-18 11:30:00-05:00,24.520000457763672,24.559999465942383,24.43000030517578,24.450000762939453,9533,0.0,0.0
2023-12-18 12:30:00-05:00,24.420000076293945,24.43000030517578,24.350000381469727,24.399999618530273,8495,0.0,0.0
2023-12-18 13:30:00-05:00,24.40999984741211,24.55500030517578,24.399999618530273,24.5,21425,0.0,0.0
2023-12-18 14:30:00-05:00,24.5,24.670000076293945,24.489999771118164,24.6299991607666,19629,0.0,0.0
2023-12-18 15:30:00-05:00,24.6299991607666,24.670000076293945,24.549999237060547,24.549999237060547,36335,0.0,0.0
2023-12-19 09:30:00-05:00,24.65999984741211,25.030000686645508,24.510000228881836,25.030000686645508,26403,0.0,0.0
2023-12-19 10:30:00-05:00,24.940000534057617,25.229999542236328,24.940000534057617,25.1200008392334,9093,0.0,0.0
2023-12-19 11:30:00-05:00,25.1200008392334,25.1299991607666,24.9950008392334,25.014999389648438,16713,0.0,0.0
2023-12-19 12:30:00-05:00,25.030000686645508,25.06999969482422,25.020000457763672,25.06999969482422,6926,0.0,0.0
2023-12-19 13:30:00-05:00,25.05500030517578,25.170000076293945,25.05500030517578,25.100000381469727,13751,0.0,0.0
2023-12-19 14:30:00-05:00,25.108999252319336,25.15999984741211,25.075000762939453,25.149999618530273,20183,0.0,0.0
2023-12-19 15:30:00-05:00,25.15999984741211,25.200000762939453,25.110000610351562,25.15999984741211,46041,0.0,0.0
2023-12-20 09:30:00-05:00,25.059999465942383,25.520000457763672,24.990100860595703,25.479999542236328,13236,0.0,0.0
2023-12-20 10:30:00-05:00,25.540000915527344,25.700000762939453,25.53499984741211,25.6200008392334,13197,0.0,0.0
2023-12-20 11:30:00-05:00,25.639999389648438,25.700000762939453,25.549999237060547,25.700000762939453,9291,0.0,0.0
2023-12-20 12:30:00-05:00,25.709999084472656,25.799999237060547,25.600000381469727,25.649999618530273,13797,0.0,0.0
2023-12-20 13:30:00-05:00,25.649999618530273,25.729999542236328,25.59000015258789,25.649999618530273,10529,0.0,0.0
2023-12-20 14:30:00-05:00,25.600000381469727,25.614999771118164,25.079999923706055,25.079999923706055,21098,0.0,0.0
2023-12-20 15:30:00-05:00,25.06999969482422,25.079999923706055,24.739999771118164,24.790000915527344,29555,0.0,0.0
2023-12-21 09:30:00-05:00,24.969999313354492,24.969999313354492,24.78499984741211,24.795000076293945,8458,0.0,0.0
2023-12-21 10:30:00-05:00,24.760000228881836,24.93000030517578,24.75,24.84000015258789,8107,0.0,0.0
2023-12-21 11:30:00-05:00,24.81999969482422,24.8799991607666,24.760000228881836,24.8799991607666,6080,0.0,0.0
2023-12-21 12:30:00-05:00,24.889999389648438,24.920000076293945,24.790000915527344,24.8700008392334,7627,0.0,0.0
2023-12-21 13:30:00-05:00,24.8799991607666,24.889999389648438,24.81999969482422,24.8799991607666,7924,0.0,0.0
2023-12-21 14:30:00-05:00,24.90999984741211,24.950000762939453,24.8700008392334,24.950000762939453,9124,0.0,0.0
2023-12-21 15:30:00-05:00,24.920000076293945,25.049999237060547,24.920000076293945,25.030000686645508,22435,0.0,0.0
2023-12-22 09:30:00-05:00,25.25,25.530000686645508,25.149999618530273,25.479999542236328,33168,0.0,0.0
2023-12-22 10:30:00-05:00,25.479999542236328,25.479999542236328,25.31999969482422,25.31999969482422,4475,0.0,0.0
2023-12-22 11:30:00-05:00,25.350000381469727,25.475200653076172,25.299999237060547,25.475200653076172,9444,0.0,0.0
2023-12-22 12:30:00-05:00,25.389999389648438,25.489999771118164,25.25,25.32830047607422,24974,0.0,0.0
2023-12-22 13:30:00-05:00,25.270000457763672,25.31999969482422,25.149999618530273,25.149999618530273,7912,0.0,0.0
2023-12-22 14:30:00-05:00,25.18000030517578,25.270000457763672,25.170000076293945,25.170000076293945,10604,0.0,0.0
2023-12-22 15:30:00-05:00,25.15999984741211,25.260000228881836,25.110000610351562,25.260000228881836,26547,0.0,0.0
2023-12-26 09:30:00-05:00,25.450000762939453,25.450000762939453,25.190000534057617,25.25,8676,0.0,0.0
2023-12-26 10:30:00-05:00,25.290000915527344,25.389999389648438,25.260000228881836,25.3799991607666,4044,0.0,0.0
2023-12-26 11:30:00-05:00,25.34000015258789,25.44499969482422,25.31999969482422,25.44499969482422,10860,0.0,0.0
2023-12-26 12:30:00-05:00,25.420000076293945,25.5,25.385000228881836,25.5,4820,0.0,0.0
2023-12-26 13:30:00-05:00,25.450000762939453,25.520000457763672,25.440000534057617,25.5,9761,0.0,0.0
2023-12-26 14:30:00-05:00,25.520000457763672,25.559999465942383,25.489999771118164,25.520000457763672,11897,0.0,0.0
2023-12-26 15:30:00-05:00,25.459999084472656,25.489999771118164,25.3700008392334,25.40999984741211,20925,0.0,0.0
2023-12-27 09:30:00-05:00,25.56999969482422,25.56999969482422,25.329999923706055,25.44499969482422,6415,0.0,0.0
2023-12-27 10:30:00-05:00,25.399999618530273,25.399999618530273,25.270000457763672,25.315000534057617,2495,0.0,0.0
2023-12-27 11:30:00-05:00,25.329999923706055,25.3799991607666,25.329999923706055,25.34000015258789,2983,0.0,0.0
2023-12-27 12:30:00-05:00,25.34000015258789,25.450000762939453,25.31999969482422,25.399999618530273,5373,0.0,0.0
2023-12-27 13:30:00-05:00,25.395000457763672,25.440000534057617,25.260000228881836,25.39900016784668,11628,0.0,0.0
2023-12-27 14:30:00-05:00,25.350000381469727,25.389999389648438,25.270000457763672,25.270000457763672,7187,0.0,0.0
2023-12-27 15:30:00-05:00,25.290000915527344,25.360000610351562,25.219999313354492,25.360000610351562,21166,0.0,0.0
2023-12-28 09:30:00-05:00,25.299999237060547,25.40999984741211,25.290000915527344,25.40999984741211,5455,0.0,0.0
2023-12-28 10:30:00-05:00,25.3700008392334,25.389999389648438,25.309999465942383,25.309999465942383,5149,0.0,0.0
2023-12-28 11:30:00-05:00,25.280000686645508,25.31999969482422,25.270000457763672,25.309999465942383,2112,0.0,0.0
2023-12-28 12:30:00-05:00,25.309999465942383,25.309999465942383,25.1299991607666,25.170000076293945,3978,0.0,0.0
2023-12-28 13:30:00-05:00,25.219999313354492,25.25,25.209999084472656,25.25,4048,0.0,0.0
2023-12-28 14:30:00-05:00,25.270000457763672,25.290000915527344,25.229999542236328,25.260000228881836,4537,0.0,0.0
2023-12-28 15:30:00-05:00,25.290000915527344,25.329999923706055,25.270000457763672,25.309999465942383,15481,0.0,0.0
2023-12-29 09:30:00-05:00,25.190000534057617,25.28860092163086,25.0,25.094999313354492,5618,0.0,0.0
2023-12-29 10:30:00-05:00,25.094999313354492,25.094999313354492,24.90999984741211,24.989999771118164,7324,0.0,0.0
2023-12-29 11:30:00-05:00,24.959999084472656,24.979999542236328,24.93000030517578,24.979999542236328,2928,0.0,0.0
2023-12-29 12:30:00-05:00,24.959999084472656,25.010000228881836,24.90999984741211,24.90999984741211,3398,0.0,0.0
2023-12-29 13:30:00-05:00,24.93000030517578,24.959999084472656,24.899999618530273,24.950000762939453,2959,0.0,0.0
2023-12-29 14:30:00-05:00,24.969999313354492,24.979999542236328,24.93000030517578,24.969999313354492,5390,0.0,0.0
2023-12-29 15:30:00-05:00,24.959999084472656,24.979999542236328,24.809999465942383,24.81999969482422,20350,0.0,0.0
2024-01-02 09:30:00-05:00,24.600000381469727,25.040000915527344,23.948999404907227,25.040000915527344,12241,0.0,0.0
2024-01-02 10:30:00-05:00,24.950000762939453,25.06999969482422,24.889999389648438,25.05500030517578,6327,0.0,0.0
2024-01-02 11:30:00-05:00,25.05500030517578,25.229999542236328,25.020000457763672,25.1299991607666,7322,0.0,0.0
2024-01-02 12:30:00-05:00,25.155000686645508,25.155000686645508,24.979999542236328,25.0049991607666,6056,0.0,0.0
2024-01-02 13:30:00-05:00,24.969999313354492,25.030000686645508,24.895000457763672,24.895000457763672,14782,0.0,0.0
2024-01-02 14:30:00-05:00,24.829999923706055,24.84000015258789,24.68600082397461,24.780000686645508,20101,0.0,0.0
2024-01-02 15:30:00-05:00,24.760000228881836,24.8799991607666,24.709999084472656,24.8799991607666,19847,0.0,0.0
2024-01-03 09:30:00-05:00,24.799999237060547,24.809999465942383,24.46500015258789,24.780000686645508,20249,0.0,0.0
2024-01-03 10:30:00-05:00,24.6299991607666,24.68000030517578,24.559999465942383,24.559999465942383,6412,0.0,0.0
2024-01-03 11:30:00-05:00,24.625,24.649999618530273,24.479999542236328,24.549999237060547,18676,0.0,0.0
2024-01-03 12:30:00-05:00,24.540000915527344,24.540000915527344,24.36199951171875,24.395000457763672,18242,0.0,0.0
2024-01-03 13:30:00-05:00,24.395000457763672,24.420000076293945,24.260000228881836,24.364999771118164,22390,0.0,0.0
2024-01-03 14:30:00-05:00,24.420000076293945,24.420000076293945,23.860000610351562,23.8799991607666,31839,0.0,0.0
2024-01-03 15:30:00-05:00,23.90999984741211,24.079999923706055,23.8700008392334,23.90999984741211,72301,0.0,0.0
2024-01-04 09:30:00-05:00,24.040000915527344,24.450000762939453,23.959999084472656,24.43000030517578,35911,0.0,0.0
2024-01-04 10:30:00-05:00,24.405000686645508,24.405000686645508,24.280000686645508,24.405000686645508,22017,0.0,0.0
2024-01-04 11:30:00-05:00,24.3799991607666,24.5,24.209999084472656,24.399999618530273,12344,0.0,0.0
2024-01-04 12:30:00-05:00,24.31999969482422,24.3700008392334,24.239999771118164,24.299999237060547,11270,0.0,0.0
2024-01-04 13:30:00-05:00,24.280000686645508,24.350000381469727,24.229999542236328,24.229999542236328,9300,0.0,0.0
2024-01-04 14:30:00-05:00,24.25,24.31999969482422,24.139999389648438,24.139999389648438,18146,0.0,0.0
2024-01-04 15:30:00-05:00,24.190000534057617,24.19499969482422,24.049999237060547,24.149999618530273,32296,0.0,0.0
2024-01-05 09:30:00-05:00,24.010000228881836,24.495100021362305,23.860000610351562,24.280000686645508,18609,0.0,0.0
2024-01-05 10:30:00-05:00,24.350000381469727,24.440000534057617,24.29800033569336,24.309999465942383,11965,0.0,0.0
2024-01-05 11:30:00-05:00,24.37849998474121,24.37849998474121,24.219999313354492,24.3700008392334,4779,0.0,0.0
2024-01-05 12:30:00-05:00,24.309999465942383,24.389999389648438,24.25,24.360000610351562,19765,0.0,0.0
2024-01-05 13:30:00-05:00,24.459999084472656,24.475000381469727,24.34000015258789,24.34749984741211,14122,0.0,0.0
2024-01-05 14:30:00-05:00,24.354999542236328,24.43000030517578,24.190000534057617,24.40999984741211,51304,0.0,0.0
2024-01-05 15:30:00-05:00,24.420000076293945,24.450000762939453,24.399999618530273,24.399999618530273,32899,0.0,0.0
2024-01-08 09:30:00-05:00,24.479999542236328,24.706899642944336,24.25,24.459999084472656,8593,0.0,0.0
2024-01-08 10:30:00-05:00,24.479000091552734,24.709999084472656,24.479000091552734,24.709999084472656,14807,0.0,0.0
2024-01-08 11:30:00-05:00,24.700000762939453,24.719999313354492,24.389999389648438,24.40999984741211,18255,0.0,0.0
2024-01-08 12:30:00-05:00,24.388999938964844,24.40999984741211,24.270000457763672,24.329999923706055,9096,0.0,0.0
2024-01-08 13:30:00-05:00,24.34000015258789,24.459999084472656,24.34000015258789,24.459999084472656,6623,0.0,0.0
2024-01-08 14:30:00-05:00,24.489999771118164,24.489999771118164,24.350000381469727,24.405000686645508,11194,0.0,0.0
2024-01-08 15:30:00-05:00,24.40999984741211,24.489999771118164,24.3700008392334,24.489999771118164,24318,0.0,0.0
2024-01-09 09:30:00-05:00,24.149999618530273,24.299999237060547,23.719999313354492,24.059999465942383,16086,0.0,0.0
2024-01-09 10:30:00-05:00,24.038999557495117,24.15999984741211,24.038999557495117,24.139999389648438,5899,0.0,0.0
2024-01-09 11:30:00-05:00,24.149999618530273,24.229999542236328,24.06999969482422,24.219999313354492,18995,0.0,0.0
2024-01-09 12:30:00-05:00,24.209999084472656,24.246999740600586,24.079999923706055,24.079999923706055,5447,0.0,0.0
2024-01-09 13:30:00-05:00,24.06999969482422,24.18000030517578,24.059999465942383,24.079999923706055,7236,0.0,0.0
2024-01-09 14:30:00-05:00,24.09000015258789,24.170000076293945,24.06999969482422,24.114999771118164,19508,0.0,0.0
2024-01-09 15:30:00-05:00,24.110000610351562,24.149999618530273,24.06999969482422,24.06999969482422,23982,0.0,0.0
2024-01-10 09:30:00-05:00,23.93000030517578,24.155000686645508,23.760000228881836,23.834999084472656,7513,0.0,0.0
2024-01-10 10:30:00-05:00,23.86400032043457,23.94499969482422,23.84000015258789,23.8799991607666,5809,0.0,0.0
2024-01-10 11:30:00-05:00,23.8700008392334,23.950000762939453,23.829999923706055,23.950000762939453,8123,0.0,0.0
2024-01-10 12:30:00-05:00,23.90999984741211,23.979999542236328,23.829999923706055,23.959999084472656,7291,0.0,0.0
2024-01-10 13:30:00-05:00,23.940000534057617,24.024999618530273,23.920000076293945,24.024999618530273,4214,0.0,0.0
2024-01-10 14:30:00-05:00,24.059999465942383,24.059999465942383,24.010000228881836,24.010000228881836,3373,0.0,0.0
2024-01-10 15:30:00-05:00,23.954999923706055,24.06999969482422,23.920000076293945,24.040000915527344,25555,0.0,0.0
2024-01-11 09:30:00-05:00,23.81999969482422,24.274999618530273,23.5,23.579999923706055,9994,0.0,0.0
2024-01-11 10:30:00-05:00,23.610000610351562,23.610000610351562,23.5,23.5,5960,0.0,0.0
2024-01-11 11:30:00-05:00,23.510000228881836,23.510000228881836,23.399999618530273,23.43000030517578,6269,0.0,0.0
2024-01-11 12:30:00-05:00,23.40999984741211,23.59000015258789,23.39900016784668,23.540000915527344,7766,0.0,0.0
2024-01-11 13:30:00-05:00,23.559999465942383,23.649999618530273,23.510000228881836,23.649999618530273,8059,0.0,0.0
2024-01-11 14:30:00-05:00,23.701799392700195,23.790000915527344,23.649999618530273,23.790000915527344,9264,0.0,0.0
2024-01-11 15:30:00-05:00,23.780000686645508,23.829999923706055,23.75,23.81999969482422,18205,0.0,0.0
2024-01-12 09:30:00-05:00,24.06999969482422,24.2549991607666,23.7450008392334,23.7450008392334,6809,0.0,0.0
2024-01-12 10:30:00-05:00,23.739999771118164,23.739999771118164,23.459999084472656,23.5,6734,0.0,0.0
2024-01-12 11:30:00-05:00,23.503999710083008,23.549999237060547,23.31999969482422,23.510000228881836,26788,0.0,0.0
2024-01-12 12:30:00-05:00,23.5,23.670000076293945,23.479999542236328,23.670000076293945,5877,0.0,0.0
2024-01-12 13:30:00-05:00,23.670000076293945,23.760000228881836,23.639999389648438,23.739999771118164,5013,0.0,0.0
2024-01-12 14:30:00-05:00,23.700000762939453,23.739999771118164,23.649999618530273,23.649999618530273,10857,0.0,0.0
2024-01-12 15:30:00-05:00,23.670000076293945,23.719999313354492,23.65999984741211,23.68000030517578,10398,0.0,0.0
2024-01-16 09:30:00-05:00,23.299999237060547,23.440000534057617,23.170000076293945,23.440000534057617,14056,0.0,0.0
2024-01-16 10:30:00-05:00,23.434999465942383,23.434999465942383,23.260000228881836,23.3799991607666,9205,0.0,0.0
2024-01-16 11:30:00-05:00,23.344900131225586,23.389999389648438,23.209999084472656,23.209999084472656,14266,0.0,0.0
2024-01-16 12:30:00-05:00,23.209999084472656,23.309999465942383,23.15999984741211,23.25,18043,0.0,0.0
2024-01-16 13:30:00-05:00,23.290000915527344,23.290000915527344,23.08099937438965,23.1200008392334,8060,0.0,0.0
2024-01-16 14:30:00-05:00,23.100000381469727,23.200000762939453,23.06999969482422,23.110000610351562,26210,0.0,0.0
2024-01-16 15:30:00-05:00,23.1299991607666,23.219999313354492,23.1299991607666,23.200000762939453,30091,0.0,0.0
2024-01-17 09:30:00-05:00,22.959999084472656,23.420000076293945,22.959999084472656,23.1200008392334,10703,0.0,0.0
2024-01-17 10:30:00-05:00,23.065000534057617,23.170000076293945,23.059999465942383,23.149999618530273,9108,0.0,0.0
2024-01-17 11:30:00-05:00,23.1299991607666,23.149999618530273,23.100000381469727,23.100000381469727,3810,0.0,0.0
2024-01-17 12:30:00-05:00,23.09000015258789,23.16309928894043,23.079999923706055,23.100000381469727,10888,0.0,0.0
2024-01-17 13:30:00-05:00,23.100000381469727,23.18000030517578,23.049999237060547,23.139999389648438,9919,0.0,0.0
2024-01-17 14:30:00-05:00,23.139999389648438,23.139999389648438,23.06999969482422,23.125,11956,0.0,0.0
2024-01-17 15:30:00-05:00,23.110000610351562,23.280000686645508,23.110000610351562,23.270000457763672,27399,0.0,0.0
2024-01-18 09:30:00-05:00,23.049999237060547,23.18000030517578,22.969999313354492,23.100000381469727,8042,0.0,0.0
2024-01-18 10:30:00-05:00,23.104000091552734,23.135000228881836,22.920000076293945,23.0,8791,0.0,0.0
2024-01-18 11:30:00-05:00,22.989999771118164,23.059999465942383,22.969999313354492,23.010000228881836,11501,0.0,0.0
2024-01-18 12:30:00-05:00,23.0,23.030000686645508,22.885000228881836,22.93000030517578,8083,0.0,0.0
2024-01-18 13:30:00-05:00,22.979999542236328,23.030000686645508,22.969999313354492,23.030000686645508,5519,0.0,0.0
2024-01-18 14:30:00-05:00,23.040000915527344,23.079999923706055,22.989999771118164,23.079999923706055,10963,0.0,0.0
2024-01-18 15:30:00-05:00,23.079999923706055,23.100000381469727,23.040000915527344,23.079999923706055,17588,0.0,0.0
2024-01-19 09:30:00-05:00,23.209999084472656,23.209999084472656,22.920000076293945,22.959999084472656,18089,0.0,0.0
2024-01-19 10:30:00-05:00,22.95400047302246,23.0,22.899999618530273,22.979999542236328,11939,0.0,0.0
2024-01-19 11:30:00-05:00,23.0,23.114999771118164,22.93000030517578,23.114999771118164,8690,0.0,0.0
2024-01-19 12:30:00-05:00,23.170000076293945,23.313100814819336,23.1200008392334,23.313100814819336,12393,0.0,0.0
2024-01-19 13:30:00-05:00,23.350000381469727,23.60700035095215,23.34000015258789,23.60700035095215,15379,0.0,0.0
2024-01-19 14:30:00-05:00,23.520000457763672,23.545000076293945,23.5,23.530000686645508,26955,0.0,0.0
2024-01-19 15:30:00-05:00,23.540000915527344,23.639999389648438,23.540000915527344,23.639999389648438,34742,0.0,0.0
2024-01-22 09:30:00-05:00,23.799999237060547,24.104999542236328,23.799999237060547,24.020000457763672,21095,0.0,0.0
2024-01-22 10:30:00-05:00,24.003000259399414,24.003000259399414,23.90999984741211,23.969999313354492,21544,0.0,0.0
2024-01-22 11:30:00-05:00,24.0,24.06999969482422,24.0,24.0049991607666,3846,0.0,0.0
2024-01-22 12:30:00-05:00,24.030000686645508,24.030000686645508,23.920000076293945,23.920000076293945,5522,0.0,0.0
2024-01-22 13:30:00-05:00,23.950000762939453,24.010000228881836,23.920000076293945,23.989999771118164,8007,0.0,0.0
2024-01-22 14:30:00-05:00,24.010000228881836,24.200000762939453,24.010000228881836,24.190000534057617,14778,0.0,0.0
2024-01-22 15:30:00-05:00,24.209999084472656,24.274999618530273,24.18000030517578,24.25,26204,0.0,0.0
2024-01-23 09:30:00-05:00,24.520000457763672,24.520000457763672,24.139999389648438,24.139999389648438,13853,0.0,0.0
2024-01-23 10:30:00-05:00,24.035999298095703,24.035999298095703,23.84000015258789,23.8799991607666,6244,0.0,0.0
2024-01-23 11:30:00-05:00,23.8700008392334,23.9862003326416,23.8700008392334,23.940000534057617,7730,0.0,0.0
2024-01-23 12:30:00-05:00,23.920000076293945,24.010000228881836,23.920000076293945,23.989999771118164,4821,0.0,0.0
2024-01-23 13:30:00-05:00,23.979999542236328,24.100000381469727,23.979999542236328,24.094999313354492,10957,0.0,0.0
2024-01-23 14:30:00-05:00,24.094999313354492,24.1299991607666,23.94499969482422,23.94499969482422,13649,0.0,0.0
2024-01-23 15:30:00-05:00,23.920000076293945,23.959999084472656,23.860000610351562,23.860000610351562,31801,0.0,0.0
2024-01-24 09:30:00-05:00,24.260000228881836,24.770000457763672,23.30579948425293,24.520000457763672,31629,0.0,0.0
2024-01-24 10:30:00-05:00,24.44499969482422,24.719999313354492,24.44499969482422,24.670000076293945,6497,0.0,0.0
2024-01-24 11:30:00-05:00,24.65999984741211,24.690000534057617,24.5049991607666,24.6200008392334,24453,0.0,0.0
2024-01-24 12:30:00-05:00,24.559999465942383,24.559999465942383,24.395000457763672,24.450000762939453,14201,0.0,0.0
2024-01-24 13:30:00-05:00,24.440000534057617,24.510000228881836,24.3799991607666,24.43000030517578,17569,0.0,0.0
2024-01-24 14:30:00-05:00,24.43000030517578,24.459999084472656,24.309999465942383,24.309999465942383,22785,0.0,0.0
2024-01-24 15:30:00-05:00,24.329999923706055,24.399999618530273,24.290000915527344,24.3700008392334,30347,0.0,0.0
2024-01-25 09:30:00-05:00,24.780000686645508,24.790000915527344,24.395000457763672,24.549999237060547,11555,0.0,0.0
2024-01-25 10:30:00-05:00,24.59000015258789,24.59000015258789,24.280000686645508,24.354999542236328,12456,0.0,0.0
2024-01-25 11:30:00-05:00,24.354999542236328,24.354999542236328,24.030000686645508,24.084999084472656,61309,0.0,0.0
2024-01-25 12:30:00-05:00,24.084999084472656,24.239999771118164,24.045000076293945,24.155000686645508,26283,0.0,0.0
2024-01-25 13:30:00-05:00,24.155000686645508,24.280000686645508,24.06999969482422,24.25,26961,0.0,0.0
2024-01-25 14:30:00-05:00,24.260000228881836,24.3700008392334,24.190000534057617,24.3700008392334,27102,0.0,0.0
2024-01-25 15:30:00-05:00,24.360000610351562,24.459999084472656,24.309999465942383,24.459999084472656,35673,0.0,0.0
2024-01-26 09:30:00-05:00,24.56999969482422,24.84000015258789,24.43000030517578,24.459999084472656,11151,0.0,0.0
2024-01-26 10:30:00-05:00,24.5,24.645000457763672,24.459999084472656,24.514999389648438,13852,0.0,0.0
2024-01-26 11:30:00-05:00,24.514999389648438,24.545000076293945,24.450000762939453,24.5,24893,0.0,0.0
2024-01-26 12:30:00-05:00,24.489999771118164,24.489999771118164,24.350000381469727,24.469999313354492,22815,0.0,0.0
2024-01-26 13:30:00-05:00,24.469999313354492,24.469999313354492,24.3700008392334,24.40999984741211,27961,0.0,0.0
2024-01-26 14:30:00-05:00,24.40999984741211,24.485000610351562,24.350000381469727,24.3700008392334,53620,0.0,0.0
2024-01-26 15:30:00-05:00,24.3700008392334,24.510000228881836,24.350000381469727,24.459999084472656,43620,0.0,0.0
2024-01-29 09:30:00-05:00,24.389999389648438,24.8799991607666,24.280000686645508,24.625,26590,0.0,0.0
2024-01-29 10:30:00-05:00,24.559999465942383,24.649999618530273,24.440000534057617,24.459999084472656,15853,0.0,0.0
2024-01-29 11:30:00-05:00,24.469999313354492,24.469999313354492,24.290000915527344,24.290000915527344,58725,0.0,0.0
2024-01-29 12:30:00-05:00,24.28499984741211,24.530000686645508,24.270000457763672,24.46500015258789,34452,0.0,0.0
2024-01-29 13:30:00-05:00,24.46500015258789,24.600000381469727,24.381000518798828,24.510000228881836,31700,0.0,0.0
2024-01-29 14:30:00-05:00,24.545000076293945,24.889999389648438,24.510000228881836,24.84000015258789,26654,0.0,0.0
2024-01-29 15:30:00-05:00,24.850000381469727,24.969999313354492,24.799999237060547,24.950000762939453,46675,0.0,0.0
2024-01-30 09:30:00-05:00,24.8700008392334,25.06999969482422,24.68000030517578,24.81999969482422,24878,0.0,0.0
2024-01-30 10:30:00-05:00,24.81999969482422,24.899999618530273,24.760000228881836,24.866500854492188,36005,0.0,0.0
2024-01-30 11:30:00-05:00,24.899999618530273,24.96500015258789,24.899999618530273,24.93000030517578,2732,0.0,0.0
2024-01-30 12:30:00-05:00,24.90999984741211,24.940000534057617,24.850000381469727,24.860000610351562,4004,0.0,0.0
2024-01-30 13:30:00-05:00,24.899999618530273,24.950000762939453,24.889999389648438,24.950000762939453,3104,0.0,0.0
2024-01-30 14:30:00-05:00,24.950000762939453,24.950000762939453,24.8700008392334,24.90999984741211,6688,0.0,0.0
2024-01-30 15:30:00-05:00,24.922500610351562,24.93000030517578,24.8799991607666,24.8799991607666,22516,0.0,0.0
2024-01-31 09:30:00-05:00,24.5,24.594999313354492,24.350000381469727,24.360000610351562,8329,0.0,0.0
2024-01-31 10:30:00-05:00,24.459999084472656,24.5,24.209999084472656,24.290000915527344,9176,0.0,0.0
2024-01-31 11:30:00-05:00,24.290000915527344,24.34000015258789,24.209999084472656,24.263999938964844,7987,0.0,0.0
2024-01-31 12:30:00-05:00,24.385000228881836,24.450000762939453,24.34000015258789,24.440000534057617,6833,0.0,0.0
2024-01-31 13:30:00-05:00,24.459999084472656,24.545000076293945,24.274999618530273,24.34000015258789,5953,0.0,0.0
2024-01-31 14:30:00-05:00,24.309999465942383,24.639999389648438,23.950000762939453,23.989999771118164,19669,0.0,0.0
2024-01-31 15:30:00-05:00,23.93000030517578,23.940000534057617,23.540000915527344,23.540000915527344,48792,0.0,0.0
2024-02-01 09:30:00-05:00,23.6200008392334,23.850000381469727,22.729999542236328,22.899999618530273,16489,0.0,0.0
2024-02-01 10:30:00-05:00,22.8799991607666,22.8799991607666,22.6299991607666,22.760000228881836,34601,0.0,0.0
2024-02-01 11:30:00-05:00,22.760000228881836,22.989999771118164,22.760000228881836,22.989999771118164,13295,0.0,0.0
2024-02-01 12:30:00-05:00,23.06999969482422,23.229999542236328,22.979999542236328,23.229999542236328,11096,0.0,0.0
2024-02-01 13:30:00-05:00,23.219999313354492,23.389999389648438,23.190000534057617,23.360000610351562,8283,0.0,0.0
2024-02-01 14:30:00-05:00,23.290000915527344,23.520000457763672,23.270000457763672,23.3700008392334,13821,0.0,0.0
2024-02-01 15:30:00-05:00,23.399999618530273,23.43000030517578,23.25,23.34000015258789,26178,0.0,0.0
2024-02-02 09:30:00-05:00,22.889999389648438,23.260000228881836,22.84000015258789,23.260000228881836,7041,0.0,0.0
2024-02-02 10:30:00-05:00,23.371000289916992,23.459999084472656,23.299999237060547,23.389999389648438,8179,0.0,0.0
2024-02-02 11:30:00-05:00,23.40999984741211,23.469999313354492,23.229999542236328,23.30500030517578,7790,0.0,0.0
2024-02-02 12:30:00-05:00,23.309999465942383,23.34000015258789,23.110000610351562,23.200000762939453,14629,0.0,0.0
2024-02-02 13:30:00-05:00,23.200000762939453,23.239999771118164,23.049999237060547,23.139999389648438,17667,0.0,0.0
2024-02-02 14:30:00-05:00,23.139999389648438,23.5,23.049999237060547,23.469999313354492,48819,0.0,0.0
2024-02-02 15:30:00-05:00,23.459999084472656,23.489999771118164,23.260000228881836,23.280000686645508,53720,0.0,0.0
2024-02-05 09:30:00-05:00,22.989999771118164,22.989999771118164,22.655000686645508,22.774999618530273,22485,0.0,0.0
2024-02-05 10:30:00-05:00,22.764999389648438,22.829999923706055,22.6299991607666,22.770000457763672,12739,0.0,0.0
2024-02-05 11:30:00-05:00,22.780000686645508,22.8799991607666,22.75,22.875,7061,0.0,0.0
2024-02-05 12:30:00-05:00,22.885000228881836,22.950000762939453,22.850000381469727,22.875,10302,0.0,0.0
2024-02-05 13:30:00-05:00,22.860000610351562,23.06999969482422,22.829999923706055,23.06999969482422,9106,0.0,0.0
2024-02-05 14:30:00-05:00,23.075000762939453,23.1299991607666,22.950000762939453,23.06999969482422,11400,0.0,0.0
2024-02-05 15:30:00-05:00,23.100000381469727,23.1299991607666,22.899999618530273,22.93000030517578,31744,0.0,0.0
2024-02-06 09:30:00-05:00,22.889999389648438,23.1299991607666,22.739999771118164,22.950000762939453,27163,0.0,0.0
2024-02-06 10:30:00-05:00,22.950000762939453,22.979999542236328,22.59000015258789,22.889999389648438,26722,0.0,0.0
2024-02-06 11:30:00-05:00,22.8799991607666,22.959999084472656,22.83009910583496,22.83009910583496,6662,0.0,0.0
2024-02-06 12:30:00-05:00,22.860000610351562,22.8700008392334,22.6200008392334,22.68000030517578,9650,0.0,0.0
2024-02-06 13:30:00-05:00,22.71500015258789,22.79949951171875,22.68709945678711,22.739999771118164,8211,0.0,0.0
2024-02-06 14:30:00-05:00,22.719999313354492,22.850000381469727,22.68000030517578,22.729999542236328,12158,0.0,0.0
2024-02-06 15:30:00-05:00,22.719999313354492,22.780000686645508,22.639999389648438,22.780000686645508,22228,0.0,0.0
2024-02-07 09:30:00-05:00,22.68000030517578,22.93000030517578,22.239999771118164,22.524999618530273,13570,0.0,0.0
2024-02-07 10:30:00-05:00,22.594999313354492,22.610000610351562,22.459999084472656,22.549999237060547,11239,0.0,0.0
2024-02-07 11:30:00-05:00,22.56999969482422,22.7450008392334,22.56999969482422,22.704999923706055,9675,0.0,0.0
2024-02-07 12:30:00-05:00,22.760000228881836,22.93000030517578,22.760000228881836,22.93000030517578,6640,0.0,0.0
2024-02-07 13:30:00-05:00,22.979999542236328,22.979999542236328,22.8799991607666,22.8799991607666,6513,0.0,0.0
2024-02-07 14:30:00-05:00,22.90999984741211,22.90999984741211,22.760000228881836,22.799999237060547,7630,0.0,0.0
2024-02-07 15:30:00-05:00,22.790000915527344,22.809999465942383,22.68000030517578,22.719999313354492,22210,0.0,0.0
2024-02-08 09:30:00-05:00,22.610000610351562,22.954999923706055,22.553199768066406,22.954999923706055,6139,0.0,0.0
2024-02-08 10:30:00-05:00,22.899999618530273,22.940000534057617,22.760000228881836,22.760000228881836,10765,0.0,0.0
2024-02-08 11:30:00-05:00,22.780000686645508,22.8799991607666,22.780000686645508,22.825000762939453,11007,0.0,0.0
2024-02-08 12:30:00-05:00,22.850000381469727,22.850000381469727,22.700000762939453,22.780000686645508,18939,0.0,0.0
2024-02-08 13:30:00-05:00,22.81999969482422,22.899999618530273,22.81999969482422,22.854999542236328,7700,0.0,0.0
2024-02-08 14:30:00-05:00,22.84000015258789,22.8700008392334,22.760000228881836,22.829999923706055,10392,0.0,0.0
2024-02-08 15:30:00-05:00,22.801000595092773,22.90999984741211,22.790000915527344,22.90999984741211,29436,0.0,0.0
2024-02-09 09:30:00-05:00,22.93000030517578,23.030000686645508,22.729999542236328,22.780000686645508,14208,0.0,0.0
2024-02-09 10:30:00-05:00,22.850000381469727,22.940000534057617,22.81999969482422,22.825199127197266,4487,0.0,0.0
2024-02-09 11:30:00-05:00,22.829999923706055,23.075000762939453,22.829999923706055,23.075000762939453,3435,0.0,0.0
2024-02-09 12:30:00-05:00,23.1200008392334,23.309999465942383,23.049999237060547,23.280000686645508,7234,0.0,0.0
2024-02-09 13:30:00-05:00,23.325000762939453,23.360000610351562,23.239999771118164,23.329999923706055,17983,0.0,0.0
2024-02-09 14:30:00-05:00,23.350000381469727,23.350000381469727,23.170000076293945,23.329999923706055,15551,0.0,0.0
2024-02-09 15:30:00-05:00,23.334999084472656,23.399999618530273,23.270000457763672,23.399999618530273,30665,0.0,0.0
2024-02-12 09:30:00-05:00,23.270000457763672,23.6299991607666,23.260000228881836,23.6299991607666,7872,0.0,0.0
2024-02-12 10:30:00-05:00,23.670000076293945,23.790000915527344,23.559999465942383,23.739999771118164,10307,0.0,0.0
2024-02-12 11:30:00-05:00,23.790000915527344,23.889999389648438,23.729999542236328,23.774999618530273,7503,0.0,0.0
2024-02-12 12:30:00-05:00,23.75,23.8799991607666,23.739999771118164,23.790000915527344,7269,0.0,0.0
2024-02-12 13:30:00-05:00,23.799999237060547,24.010000228881836,23.790000915527344,23.889999389648438,22126,0.0,0.0
2024-02-12 14:30:00-05:00,23.940000534057617,24.045000076293945,23.889999389648438,23.90999984741211,15091,0.0,0.0
2024-02-12 15:30:00-05:00,23.889999389648438,23.969999313354492,23.75,23.770000457763672,39710,0.0,0.0
2024-02-13 09:30:00-05:00,22.8700008392334,23.060300827026367,22.68000030517578,22.790000915527344,9813,0.0,0.0
2024-02-13 10:30:00-05:00,22.760000228881836,22.860000610351562,22.65999984741211,22.809999465942383,12414,0.0,0.0
2024-02-13 11:30:00-05:00,22.770000457763672,22.829999923706055,22.56999969482422,22.600000381469727,10791,0.0,0.0
2024-02-13 12:30:00-05:00,22.610000610351562,22.68000030517578,22.510000228881836,22.56999969482422,10418,0.0,0.0
2024-02-13 13:30:00-05:00,22.530000686645508,22.56999969482422,22.389999389648438,22.440000534057617,10353,0.0,0.0
2024-02-13 14:30:00-05:00,22.440000534057617,22.485000610351562,22.149999618530273,22.229999542236328,22564,0.0,0.0
2024-02-13 15:30:00-05:00,22.260000228881836,22.450000762939453,22.209999084472656,22.43000030517578,46177,0.0,0.0
2024-02-14 09:30:00-05:00,22.649999618530273,22.81999969482422,22.510000228881836,22.6200008392334,6100,0.0,0.0
2024-02-14 10:30:00-05:00,22.479999542236328,22.479999542236328,22.405000686645508,22.479999542236328,3636,0.0,0.0
2024-02-14 11:30:00-05:00,22.469999313354492,22.549999237060547,22.399999618530273,22.510000228881836,4419,0.0,0.0
2024-02-14 12:30:00-05:00,22.489999771118164,22.489999771118164,22.420000076293945,22.475000381469727,5314,0.0,0.0
2024-02-14 13:30:00-05:00,22.475000381469727,22.549999237060547,22.389999389648438,22.520000457763672,7429,0.0,0.0
2024-02-14 14:30:00-05:00,22.5,22.739999771118164,22.5,22.739999771118164,7059,0.0,0.0
2024-02-14 15:30:00-05:00,22.709999084472656,22.829999923706055,22.690000534057617,22.690000534057617,29725,0.0,0.0
2024-02-15 09:30:00-05:00,22.889999389648438,23.200000762939453,22.760000228881836,23.049999237060547,11980,0.0,0.0
2024-02-15 10:30:00-05:00,23.059999465942383,23.059999465942383,22.899999618530273,23.0049991607666,2393,0.0,0.0
2024-02-15 11:30:00-05:00,22.969999313354492,23.219999313354492,22.954999923706055,23.219999313354492,2886,0.0,0.0
2024-02-15 12:30:00-05:00,23.190000534057617,23.309999465942383,23.1200008392334,23.309999465942383,6402,0.0,0.0
2024-02-15 13:30:00-05:00,23.309999465942383,23.56999969482422,23.299999237060547,23.51409912109375,10217,0.0,0.0
2024-02-15 14:30:00-05:00,23.579999923706055,23.600000381469727,23.450000762939453,23.584999084472656,21196,0.0,0.0
2024-02-15 15:30:00-05:00,23.59000015258789,23.59000015258789,23.459999084472656,23.549999237060547,44961,0.0,0.0
2024-02-16 09:30:00-05:00,23.34000015258789,23.520000457763672,23.0,23.309999465942383,28616,0.0,0.0
2024-02-16 10:30:00-05:00,23.200000762939453,23.225000381469727,23.079999923706055,23.225000381469727,6387,0.0,0.0
2024-02-16 11:30:00-05:00,23.239999771118164,23.2549991607666,23.149999618530273,23.25,7725,0.0,0.0
2024-02-16 12:30:00-05:00,23.2450008392334,23.270000457763672,23.190000534057617,23.239999771118164,4307,0.0,0.0
2024-02-16 13:30:00-05:00,23.280000686645508,23.3700008392334,23.25,23.350000381469727,3851,0.0,0.0
2024-02-16 14:30:00-05:00,23.354999542236328,23.354999542236328,23.239999771118164,23.34000015258789,7267,0.0,0.0
2024-02-16 15:30:00-05:00,23.34000015258789,23.3799991607666,23.190000534057617,23.219999313354492,19658,0.0,0.0
2024-02-20 09:30:00-05:00,23.0,23.235000610351562,22.90999984741211,23.219999313354492,15987,0.0,0.0
2024-02-20 10:30:00-05:00,23.260000228881836,23.350000381469727,23.219999313354492,23.31999969482422,5684,0.0,0.0
2024-02-20 11:30:00-05:00,23.280000686645508,23.280000686645508,23.100000381469727,23.135000228881836,7220,0.0,0.0
2024-02-20 12:30:00-05:00,23.135000228881836,23.25,23.100000381469727,23.229999542236328,17247,0.0,0.0
2024-02-20 13:30:00-05:00,23.2450008392334,23.299999237060547,23.200000762939453,23.25,6396,0.0,0.0
2024-02-20 14:30:00-05:00,23.25,23.270000457763672,23.1299991607666,23.174999237060547,16396,0.0,0.0
2024-02-20 15:30:00-05:00,23.200000762939453,23.280000686645508,23.059999465942383,23.219999313354492,44081,0.0,0.0
2024-02-21 09:30:00-05:00,23.239999771118164,23.299999237060547,23.1200008392334,23.200000762939453,7929,0.0,0.0
2024-02-21 10:30:00-05:00,23.25,23.354999542236328,23.25,23.31999969482422,13054,0.0,0.0
2024-02-21 11:30:00-05:00,23.280000686645508,23.280000686645508,23.06999969482422,23.139999389648438,8070,0.0,0.0
2024-02-21 12:30:00-05:00,23.18000030517578,23.28499984741211,23.143999099731445,23.270000457763672,7776,0.0,0.0
2024-02-21 13:30:00-05:00,23.270000457763672,23.385000228881836,23.239999771118164,23.309999465942383,12507,0.0,0.0
2024-02-21 14:30:00-05:00,23.309999465942383,23.31999969482422,23.149999618530273,23.209999084472656,10910,0.0,0.0
2024-02-21 15:30:00-05:00,23.229999542236328,23.350000381469727,23.209999084472656,23.329999923706055,32560,0.0,0.0
2024-02-22 09:30:00-05:00,23.18000030517578,23.44499969482422,23.1200008392334,23.1200008392334,17749,0.0,0.0
2024-02-22 10:30:00-05:00,23.049999237060547,23.100000381469727,23.030000686645508,23.084999084472656,8693,0.0,0.0
2024-02-22 11:30:00-05:00,23.06999969482422,23.165000915527344,23.030000686645508,23.165000915527344,9087,0.0,0.0
2024-02-22 12:30:00-05:00,23.155000686645508,23.170000076293945,22.93000030517578,22.969999313354492,7278,0.0,0.0
2024-02-22 13:30:00-05:00,23.0,23.110000610351562,23.0,23.084999084472656,4267,0.0,0.0
2024-02-22 14:30:00-05:00,23.059999465942383,23.094999313354492,22.950000762939453,23.079999923706055,13910,0.0,0.0
2024-02-22 15:30:00-05:00,23.06999969482422,23.219999313354492,23.06999969482422,23.149999618530273,32437,0.0,0.0
2024-02-23 09:30:00-05:00,23.190000534057617,23.190000534057617,22.950000762939453,23.15999984741211,4619,0.0,0.0
2024-02-23 10:30:00-05:00,23.135000228881836,23.25,23.06999969482422,23.209999084472656,9721,0.0,0.0
2024-02-23 11:30:00-05:00,23.219999313354492,23.420000076293945,23.209999084472656,23.389999389648438,6442,0.0,0.0
2024-02-23 12:30:00-05:00,23.290000915527344,23.34000015258789,23.229999542236328,23.229999542236328,4165,0.0,0.0
2024-02-23 13:30:00-05:00,23.260000228881836,23.270000457763672,23.104999542236328,23.104999542236328,12329,0.0,0.0
2024-02-23 14:30:00-05:00,23.09000015258789,23.12849998474121,23.018299102783203,23.079999923706055,16933,0.0,0.0
2024-02-23 15:30:00-05:00,23.065000534057617,23.075000762939453,22.979999542236328,23.030000686645508,28795,0.0,0.0
2024-02-26 09:30:00-05:00,22.920000076293945,23.06999969482422,22.920000076293945,22.959999084472656,5707,0.0,0.0
2024-02-26 10:30:00-05:00,22.90999984741211,22.969999313354492,22.90999984741211,22.90999984741211,2698,0.0,0.0
2024-02-26 11:30:00-05:00,22.87929916381836,22.87929916381836,22.84000015258789,22.850000381469727,3448,0.0,0.0
2024-02-26 12:30:00-05:00,22.799999237060547,22.850000381469727,22.520000457763672,22.520000457763672,17464,0.0,0.0
2024-02-26 13:30:00-05:00,22.520000457763672,22.68000030517578,22.510000228881836,22.68000030517578,25554,0.0,0.0
2024-02-26 14:30:00-05:00,22.690000534057617,22.790000915527344,22.690000534057617,22.770000457763672,5327,0.0,0.0
2024-02-26 15:30:00-05:00,22.75,22.829999923706055,22.6200008392334,22.6299991607666,25416,0.0,0.0
2024-02-27 09:30:00-05:00,22.790000915527344,22.90999984741211,22.760000228881836,22.760000228881836,3537,0.0,0.0
2024-02-27 10:30:00-05:00,22.860000610351562,22.969999313354492,22.81999969482422,22.920000076293945,4536,0.0,0.0
2024-02-27 11:30:00-05:00,22.934999465942383,22.950000762939453,22.809999465942383,22.809999465942383,3080,0.0,0.0
2024-02-27 12:30:00-05:00,22.829999923706055,22.899999618530273,22.790000915527344,22.790000915527344,6927,0.0,0.0
2024-02-27 13:30:00-05:00,22.75,22.780000686645508,22.709999084472656,22.739999771118164,7387,0.0,0.0
2024-02-27 14:30:00-05:00,22.729999542236328,22.729999542236328,22.639999389648438,22.729999542236328,7879,0.0,0.0
2024-02-27 15:30:00-05:00,22.7450008392334,22.770000457763672,22.729999542236328,22.739999771118164,13969,0.0,0.0
2024-02-28 09:30:00-05:00,22.549999237060547,22.68000030517578,22.549999237060547,22.68000030517578,6065,0.0,0.0
2024-02-28 10:30:00-05:00,22.719999313354492,22.719999313354492,22.700000762939453,22.71500015258789,3889,0.0,0.0
2024-02-28 11:30:00-05:00,22.649999618530273,22.71500015258789,22.639999389648438,22.639999389648438,6726,0.0,0.0
2024-02-28 12:30:00-05:00,22.670000076293945,22.719999313354492,22.665000915527344,22.670000076293945,3166,0.0,0.0
2024-02-28 13:30:00-05:00,22.709999084472656,22.719999313354492,22.600000381469727,22.6299991607666,9100,0.0,0.0
2024-02-28 14:30:00-05:00,22.6299991607666,22.725000381469727,22.600000381469727,22.709999084472656,10440,0.0,0.0
2024-02-28 15:30:00-05:00,22.739900588989258,22.764999389648438,22.600000381469727,22.639999389648438,24685,0.0,0.0
2024-02-29 09:30:00-05:00,23.1200008392334,23.540000915527344,23.104999542236328,23.420000076293945,21270,0.0,0.0
2024-02-29 10:30:00-05:00,23.360000610351562,23.360000610351562,23.020000457763672,23.020000457763672,8957,0.0,0.0
2024-02-29 11:30:00-05:00,22.950000762939453,22.979999542236328,22.93000030517578,22.93000030517578,1809,0.0,0.0
2024-02-29 12:30:00-05:00,22.905000686645508,23.0,22.905000686645508,22.979999542236328,5750,0.0,0.0
2024-02-29 13:30:00-05:00,22.959999084472656,23.049999237060547,22.93779945373535,22.950000762939453,6416,0.0,0.0
2024-02-29 14:30:00-05:00,22.969999313354492,23.040000915527344,22.959999084472656,23.010000228881836,8847,0.0,0.0
2024-02-29 15:30:00-05:00,23.020000457763672,23.18000030517578,23.010000228881836,23.040000915527344,25053,0.0,0.0
2024-03-01 09:30:00-05:00,22.8700008392334,23.065000534057617,22.5,23.030000686645508,12729,0.0,0.0
2024-03-01 10:30:00-05:00,23.030000686645508,23.059999465942383,22.889999389648438,22.969999313354492,15669,0.0,0.0
2024-03-01 11:30:00-05:00,22.979999542236328,23.09000015258789,22.93000030517578,23.014999389648438,10999,0.0,0.0
2024-03-01 12:30:00-05:00,22.989999771118164,22.9950008392334,22.850000381469727,22.860000610351562,6147,0.0,0.0
2024-03-01 13:30:00-05:00,22.854999542236328,23.0,22.84000015258789,23.0,9811,0.0,0.0
2024-03-01 14:30:00-05:00,23.010000228881836,23.014999389648438,22.8799991607666,22.899999618530273,9657,0.0,0.0
2024-03-01 15:30:00-05:00,22.90999984741211,23.010000228881836,22.899999618530273,22.979999542236328,23713,0.0,0.0
2024-03-04 09:30:00-05:00,22.979999542236328,23.3799991607666,22.75,23.094999313354492,17185,0.0,0.0
2024-03-04 10:30:00-05:00,23.040000915527344,23.209999084472656,23.040000915527344,23.209999084472656,0,0.0,0.0
2024-03-04 11:30:00-05:00,23.229999542236328,23.229999542236328,23.184999465942383,23.209999084472656,3081,0.0,0.0
2024-03-04 12:30:00-05:00,23.125,23.15999984741211,23.1200008392334,23.145000457763672,1925,0.0,0.0
2024-03-04 13:30:00-05:00,23.125,23.125,22.969999313354492,22.969999313354492,3932,0.0,0.0
2024-03-04 14:30:00-05:00,22.985000610351562,23.030000686645508,22.889999389648438,22.899999618530273,6476,0.0,0.0
2024-03-04 15:30:00-05:00,22.920000076293945,22.94499969482422,22.875,22.920000076293945,35477,0.0,0.0
2024-03-05 09:30:00-05:00,22.780000686645508,23.3700008392334,22.780000686645508,23.34000015258789,6328,0.0,0.0
2024-03-05 10:30:00-05:00,23.479999542236328,23.489999771118164,23.375,23.375,3315,0.0,0.0
2024-03-05 11:30:00-05:00,23.424999237060547,23.579999923706055,23.3700008392334,23.579999923706055,3026,0.0,0.0
2024-03-05 12:30:00-05:00,23.59000015258789,23.690000534057617,23.59000015258789,23.690000534057617,3785,0.0,0.0
2024-03-05 13:30:00-05:00,23.649999618530273,23.84000015258789,23.6200008392334,23.80500030517578,20322,0.0,0.0
2024-03-05 14:30:00-05:00,23.760000228881836,23.774999618530273,23.600000381469727,23.75,25532,0.0,0.0
2024-03-05 15:30:00-05:00,23.735000610351562,23.793899536132812,23.667999267578125,23.770000457763672,53143,0.0,0.0
2024-03-06 09:30:00-05:00,23.809999465942383,23.809999465942383,23.280000686645508,23.489999771118164,15871,0.0,0.0
2024-03-06 10:30:00-05:00,23.459999084472656,23.700000762939453,23.459999084472656,23.700000762939453,238,0.0,0.0
2024-03-06 11:30:00-05:00,23.610000610351562,23.655000686645508,23.31999969482422,23.5,14981,0.0,0.0
2024-03-06 12:30:00-05:00,23.485000610351562,23.610000610351562,23.485000610351562,23.610000610351562,3726,0.0,0.0
2024-03-06 13:30:00-05:00,23.56999969482422,24.049999237060547,23.5049991607666,24.049999237060547,11533,0.0,0.0
2024-03-06 14:30:00-05:00,24.079999923706055,24.229700088500977,23.860000610351562,23.996000289916992,23146,0.0,0.0
2024-03-06 15:30:00-05:00,23.959999084472656,23.959999084472656,23.71500015258789,23.89900016784668,41251,0.0,0.0
2024-03-07 09:30:00-05:00,24.1200008392334,24.329999923706055,24.09000015258789,24.329999923706055,13676,0.0,0.0
2024-03-07 10:30:00-05:00,24.30500030517578,24.3700008392334,24.049999237060547,24.09000015258789,12517,0.0,0.0
2024-03-07 11:30:00-05:00,24.1200008392334,24.1200008392334,23.989999771118164,24.040000915527344,6180,0.0,0.0
2024-03-07 12:30:00-05:00,24.040000915527344,24.1299991607666,23.969999313354492,24.1299991607666,8752,0.0,0.0
2024-03-07 13:30:00-05:00,24.114999771118164,24.114999771118164,23.922500610351562,23.934999465942383,11886,0.0,0.0
2024-03-07 14:30:00-05:00,23.899999618530273,23.940000534057617,23.84000015258789,23.879899978637695,9445,0.0,0.0
2024-03-07 15:30:00-05:00,23.895000457763672,23.969999313354492,23.889999389648438,23.889999389648438,16804,0.0,0.0
2024-03-08 09:30:00-05:00,24.209999084472656,24.260000228881836,23.850000381469727,24.110000610351562,16599,0.0,0.0
2024-03-08 10:30:00-05:00,24.165000915527344,24.399999618530273,24.100000381469727,24.100000381469727,7503,0.0,0.0
2024-03-08 11:30:00-05:00,24.149999618530273,24.149999618530273,24.059999465942383,24.059999465942383,2679,0.0,0.0
2024-03-08 12:30:00-05:00,24.020000457763672,24.020000457763672,23.8700008392334,23.8700008392334,6289,0.0,0.0
2024-03-08 13:30:00-05:00,23.885000228881836,23.885000228881836,23.690000534057617,23.790000915527344,50858,0.0,0.0
2024-03-08 14:30:00-05:00,23.799999237060547,23.81999969482422,23.6299991607666,23.68000030517578,30716,0.0,0.0
2024-03-08 15:30:00-05:00,23.68000030517578,23.729999542236328,23.649999618530273,23.65999984741211,25192,0.0,0.0
2024-03-11 09:30:00-04:00,23.530000686645508,23.700000762939453,23.524999618530273,23.68000030517578,6476,0.0,0.0
2024-03-11 10:30:00-04:00,23.700000762939453,23.700000762939453,23.59000015258789,23.670000076293945,6214,0.0,0.0
2024-03-11 11:30:00-04:00,23.700000762939453,23.729999542236328,23.68000030517578,23.729999542236328,4642,0.0,0.0
2024-03-11 12:30:00-04:00,23.709999084472656,23.760000228881836,23.68000030517578,23.760000228881836,3977,0.0,0.0
2024-03-11 13:30:00-04:00,23.729999542236328,23.729999542236328,23.559999465942383,23.610000610351562,7982,0.0,0.0
2024-03-11 14:30:00-04:00,23.6200008392334,23.770000457763672,23.6200008392334,23.729999542236328,9071,0.0,0.0
2024-03-11 15:30:00-04:00,23.719999313354492,23.780000686645508,23.68000030517578,23.760000228881836,26643,0.0,0.0
2024-03-12 09:30:00-04:00,23.649999618530273,23.71500015258789,23.290000915527344,23.43000030517578,8477,0.0,0.0
2024-03-12 10:30:00-04:00,23.500499725341797,23.65999984741211,23.500499725341797,23.625,10950,0.0,0.0
2024-03-12 11:30:00-04:00,23.579999923706055,23.6200008392334,23.440000534057617,23.440000534057617,7653,0.0,0.0
2024-03-12 12:30:00-04:00,23.440000534057617,23.459999084472656,23.309999465942383,23.3700008392334,5753,0.0,0.0
2024-03-12 13:30:00-04:00,23.360000610351562,23.420000076293945,23.309999465942383,23.420000076293945,3784,0.0,0.0
2024-03-12 14:30:00-04:00,23.40999984741211,23.479999542236328,23.3799991607666,23.389999389648438,11943,0.0,0.0
2024-03-12 15:30:00-04:00,23.3799991607666,23.510000228881836,23.3799991607666,23.459999084472656,24007,0.0,0.0
2024-03-13 09:30:00-04:00,23.360000610351562,23.700000762939453,23.360000610351562,23.655000686645508,9107,0.0,0.0
2024-03-13 10:30:00-04:00,23.6299991607666,23.6299991607666,23.43000030517578,23.489999771118164,6814,0.0,0.0
2024-03-13 11:30:00-04:00,23.469999313354492,23.520000457763672,23.459999084472656,23.479999542236328,6933,0.0,0.0
2024-03-13 12:30:00-04:00,23.440000534057617,23.475000381469727,23.399999618530273,23.475000381469727,4175,0.0,0.0
2024-03-13 13:30:00-04:00,23.450000762939453,23.450000762939453,23.3700008392334,23.389999389648438,4885,0.0,0.0
2024-03-13 14:30:00-04:00,23.399999618530273,23.399999618530273,23.260000228881836,23.270000457763672,11661,0.0,0.0
2024-03-13 15:30:00-04:00,23.299999237060547,23.350000381469727,23.25,23.350000381469727,14483,0.0,0.0
2024-03-14 09:30:00-04:00,23.18000030517578,23.18000030517578,22.8799991607666,22.8799991607666,6635,0.0,0.0
2024-03-14 10:30:00-04:00,22.8799991607666,22.979999542236328,22.8799991607666,22.889999389648438,4496,0.0,0.0
2024-03-14 11:30:00-04:00,22.889999389648438,22.905000686645508,22.760000228881836,22.760000228881836,10641,0.0,0.0
2024-03-14 12:30:00-04:00,22.75,22.790000915527344,22.719999313354492,22.719999313354492,3474,0.0,0.0
2024-03-14 13:30:00-04:00,22.760000228881836,22.80500030517578,22.65999984741211,22.68000030517578,3513,0.0,0.0
2024-03-14 14:30:00-04:00,22.690000534057617,22.725000381469727,22.489999771118164,22.600000381469727,10382,0.0,0.0
2024-03-14 15:30:00-04:00,22.600000381469727,22.6200008392334,22.5,22.6200008392334,31346,0.0,0.0
2024-03-15 09:30:00-04:00,22.510000228881836,23.110000610351562,22.5,22.920000076293945,85914,0.0,0.0
2024-03-15 10:30:00-04:00,22.950000762939453,22.974000930786133,22.899999618530273,22.940000534057617,3955,0.0,0.0
2024-03-15 11:30:00-04:00,23.030000686645508,23.030000686645508,22.940000534057617,22.989999771118164,2439,0.0,0.0
2024-03-15 12:30:00-04:00,22.989999771118164,22.989999771118164,22.84000015258789,22.84000015258789,3877,0.0,0.0
2024-03-15 13:30:00-04:00,22.799999237060547,22.899999618530273,22.790000915527344,22.899999618530273,5279,0.0,0.0
2024-03-15 14:30:00-04:00,22.90999984741211,22.95789909362793,22.84980010986328,22.940000534057617,5188,0.0,0.0
2024-03-15 15:30:00-04:00,22.90999984741211,22.940000534057617,22.790000915527344,22.8700008392334,33261,0.0,0.0
2024-03-18 09:30:00-04:00,22.700000762939453,22.75,22.3700008392334,22.549999237060547,16191,0.0,0.0
2024-03-18 10:30:00-04:00,22.65999984741211,22.68000030517578,22.649999618530273,22.68000030517578,2380,0.0,0.0
2024-03-18 11:30:00-04:00,22.649999618530273,22.68000030517578,22.610000610351562,22.61389923095703,4293,0.0,0.0
2024-03-18 12:30:00-04:00,22.62849998474121,22.700000762939453,22.62849998474121,22.655000686645508,4477,0.0,0.0
2024-03-18 13:30:00-04:00,22.639999389648438,22.649999618530273,22.549999237060547,22.55500030517578,7003,0.0,0.0
2024-03-18 14:30:00-04:00,22.540000915527344,22.540000915527344,22.389999389648438,22.420000076293945,9206,0.0,0.0
2024-03-18 15:30:00-04:00,22.429000854492188,22.5049991607666,22.31999969482422,22.34000015258789,27342,0.0,0.0
2024-03-19 09:30:00-04:00,22.350000381469727,22.780000686645508,22.350000381469727,22.56999969482422,9906,0.0,0.0
2024-03-19 10:30:00-04:00,22.59000015258789,22.670000076293945,22.58099937438965,22.639999389648438,5450,0.0,0.0
2024-03-19 11:30:00-04:00,22.649999618530273,22.68000030517578,22.579999923706055,22.60650062561035,9601,0.0,0.0
2024-03-19 12:30:00-04:00,22.649999618530273,22.649999618530273,22.560100555419922,22.579999923706055,5570,0.0,0.0
2024-03-19 13:30:00-04:00,22.600000381469727,22.6299991607666,22.5,22.510000228881836,10319,0.0,0.0
2024-03-19 14:30:00-04:00,22.5,22.6299991607666,22.5,22.600000381469727,9012,0.0,0.0
2024-03-19 15:30:00-04:00,22.59000015258789,22.59000015258789,22.520000457763672,22.549999237060547,17569,0.0,0.0
2024-03-20 09:30:00-04:00,22.450000762939453,22.450000762939453,22.209999084472656,22.40999984741211,4353,0.0,0.0
2024-03-20 10:30:00-04:00,22.482999801635742,22.549999237060547,22.482999801635742,22.549999237060547,6775,0.0,0.0
2024-03-20 11:30:00-04:00,22.540000915527344,22.59000015258789,22.510099411010742,22.579999923706055,3177,0.0,0.0
2024-03-20 12:30:00-04:00,22.530000686645508,22.530000686645508,22.469999313354492,22.491899490356445,3599,0.0,0.0
2024-03-20 13:30:00-04:00,22.475000381469727,22.864999771118164,22.459999084472656,22.81999969482422,11516,0.0,0.0
2024-03-20 14:30:00-04:00,22.829999923706055,23.520000457763672,22.739999771118164,23.469999313354492,29012,0.0,0.0
2024-03-20 15:30:00-04:00,23.459999084472656,23.600000381469727,23.309999465942383,23.329999923706055,33591,0.0,0.0
2024-03-21 09:30:00-04:00,23.350000381469727,23.700000762939453,23.15999984741211,23.399999618530273,22748,0.0,0.0
2024-03-21 10:30:00-04:00,23.405000686645508,23.549999237060547,23.399999618530273,23.459999084472656,9038,0.0,0.0
2024-03-21 11:30:00-04:00,23.5,23.530000686645508,23.420000076293945,23.420000076293945,4391,0.0,0.0
2024-03-21 12:30:00-04:00,23.364999771118164,23.45989990234375,23.31999969482422,23.420000076293945,6977,0.0,0.0
2024-03-21 13:30:00-04:00,23.3700008392334,23.469999313354492,23.3700008392334,23.466699600219727,6614,0.0,0.0
2024-03-21 14:30:00-04:00,23.5,23.665000915527344,23.460800170898438,23.665000915527344,13487,0.0,0.0
2024-03-21 15:30:00-04:00,23.6200008392334,23.68000030517578,23.469999313354492,23.520000457763672,22290,0.0,0.0
2024-03-22 09:30:00-04:00,23.6200008392334,23.6200008392334,23.25,23.250999450683594,8454,0.0,0.0
2024-03-22 10:30:00-04:00,23.15999984741211,23.18000030517578,23.15999984741211,23.18000030517578,1143,0.0,0.0
2024-03-22 11:30:00-04:00,23.15999984741211,23.15999984741211,23.09000015258789,23.139999389648438,2107,0.0,0.0
2024-03-22 12:30:00-04:00,23.1200008392334,23.200000762939453,23.104999542236328,23.149999618530273,3304,0.0,0.0
2024-03-22 13:30:00-04:00,23.100000381469727,23.149999618530273,23.079999923706055,23.149999618530273,6176,0.0,0.0
2024-03-22 14:30:00-04:00,23.15999984741211,23.170000076293945,23.079999923706055,23.139999389648438,8141,0.0,0.0
2024-03-22 15:30:00-04:00,23.1200008392334,23.190000534057617,23.049999237060547,23.049999237060547,16942,0.0,0.0
2024-03-25 09:30:00-04:00,23.190000534057617,23.43000030517578,23.190000534057617,23.309999465942383,4850,0.0,0.0
2024-03-25 10:30:00-04:00,23.350000381469727,23.350000381469727,23.350000381469727,23.350000381469727,1386,0.0,0.0
2024-03-25 11:30:00-04:00,23.334999084472656,23.334999084472656,23.309999465942383,23.31999969482422,1679,0.0,0.0
2024-03-25 12:30:00-04:00,23.31999969482422,23.360000610351562,23.25,23.25,8660,0.0,0.0
2024-03-25 13:30:00-04:00,23.239999771118164,23.260000228881836,23.229999542236328,23.2549991607666,2769,0.0,0.0
2024-03-25 14:30:00-04:00,23.270000457763672,23.290000915527344,23.09149932861328,23.09149932861328,4910,0.0,0.0
2024-03-25 15:30:00-04:00,23.149999618530273,23.200000762939453,23.139999389648438,23.200000762939453,22986,0.0,0.0
2024-03-26 09:30:00-04:00,23.299999237060547,23.360000610351562,23.1200008392334,23.1299991607666,9507,0.0,0.0
2024-03-26 10:30:00-04:00,23.1299991607666,23.1299991607666,22.940000534057617,22.940000534057617,2664,0.0,0.0
2024-03-26 11:30:00-04:00,22.969999313354492,22.989999771118164,22.940200805664062,22.989999771118164,5270,0.0,0.0
2024-03-26 12:30:00-04:00,23.010000228881836,23.059999465942383,22.979999542236328,23.059999465942383,5090,0.0,0.0
2024-03-26 13:30:00-04:00,23.079999923706055,23.139999389648438,23.065000534057617,23.135000228881836,6884,0.0,0.0
2024-03-26 14:30:00-04:00,23.100000381469727,23.100000381469727,23.03499984741211,23.049999237060547,5814,0.0,0.0
2024-03-26 15:30:00-04:00,22.985000610351562,23.030000686645508,22.899999618530273,22.950000762939453,29727,0.0,0.0
2024-03-27 09:30:00-04:00,23.100000381469727,23.360000610351562,23.100000381469727,23.230100631713867,5647,0.0,0.0
2024-03-27 10:30:00-04:00,23.299999237060547,23.334999084472656,23.280000686645508,23.299999237060547,5655,0.0,0.0
2024-03-27 11:30:00-04:00,23.34000015258789,23.3700008392334,23.31999969482422,23.3700008392334,7139,0.0,0.0
2024-03-27 12:30:00-04:00,23.385000228881836,23.43000030517578,23.34000015258789,23.364999771118164,12580,0.0,0.0
2024-03-27 13:30:00-04:00,23.350000381469727,23.389999389648438,23.350000381469727,23.389999389648438,3228,0.0,0.0
2024-03-27 14:30:00-04:00,23.469999313354492,23.540000915527344,23.420000076293945,23.540000915527344,10169,0.0,0.0
2024-03-27 15:30:00-04:00,23.530000686645508,23.8700008392334,23.530000686645508,23.8700008392334,35551,0.0,0.0
2024-03-28 09:30:00-04:00,23.81999969482422,23.81999969482422,23.690000534057617,23.799999237060547,8229,0.0,0.0
2024-03-28 10:30:00-04:00,23.809999465942383,23.93000030517578,23.809999465942383,23.93000030517578,15322,0.0,0.0
2024-03-28 11:30:00-04:00,23.969999313354492,24.049999237060547,23.969999313354492,23.979999542236328,5586,0.0,0.0
2024-03-28 12:30:00-04:00,23.93000030517578,23.94499969482422,23.899999618530273,23.940000534057617,3444,0.0,0.0
2024-03-28 13:30:00-04:00,23.940000534057617,23.959999084472656,23.915000915527344,23.915000915527344,5522,0.0,0.0
2024-03-28 14:30:00-04:00,23.90999984741211,23.977699279785156,23.860000610351562,23.860000610351562,5749,0.0,0.0
2024-03-28 15:30:00-04:00,23.860000610351562,24.149999618530273,23.81999969482422,24.020000457763672,80232,0.0,0.0
2024-04-01 09:30:00-04:00,24.200000762939453,24.200000762939453,23.260000228881836,23.559999465942383,19846,0.0,0.0
2024-04-01 10:30:00-04:00,23.6200008392334,23.700000762939453,23.579999923706055,23.579999923706055,4798,0.0,0.0
2024-04-01 11:30:00-04:00,23.510000228881836,23.510000228881836,23.43000030517578,23.459999084472656,4128,0.0,0.0
2024-04-01 12:30:00-04:00,23.450000762939453,23.450000762939453,23.3799991607666,23.420000076293945,4035,0.0,0.0
2024-04-01 13:30:00-04:00,23.440000534057617,23.46030044555664,23.40999984741211,23.43000030517578,9650,0.0,0.0
2024-04-01 14:30:00-04:00,23.43000030517578,23.530000686645508,23.43000030517578,23.5,11131,0.0,0.0
2024-04-01 15:30:00-04:00,23.510000228881836,23.56999969482422,23.459999084472656,23.489999771118164,16753,0.0,0.0
2024-04-02 09:30:00-04:00,23.360000610351562,23.360000610351562,22.920000076293945,23.18000030517578,7309,0.0,0.0
2024-04-02 10:30:00-04:00,23.100000381469727,23.18000030517578,23.100000381469727,23.110000610351562,3289,0.0,0.0
2024-04-02 11:30:00-04:00,23.06999969482422,23.079999923706055,23.030000686645508,23.030000686645508,5327,0.0,0.0
2024-04-02 12:30:00-04:00,23.020000457763672,23.020000457763672,22.934999465942383,22.950000762939453,10018,0.0,0.0
2024-04-02 13:30:00-04:00,22.940000534057617,23.170000076293945,22.90999984741211,23.139999389648438,30564,0.0,0.0
2024-04-02 14:30:00-04:00,23.139999389648438,23.229999542236328,22.950000762939453,23.059999465942383,43385,0.0,0.0
2024-04-02 15:30:00-04:00,23.09000015258789,23.1299991607666,23.040000915527344,23.100000381469727,44469,0.0,0.0
2024-04-03 09:30:00-04:00,22.950000762939453,23.127500534057617,22.864999771118164,22.950000762939453,9666,0.0,0.0
2024-04-03 10:30:00-04:00,22.979999542236328,23.1299991607666,22.979999542236328,23.04010009765625,6035,0.0,0.0
2024-04-03 11:30:00-04:00,23.09000015258789,23.09000015258789,22.889999389648438,22.940000534057617,3929,0.0,0.0
2024-04-03 12:30:00-04:00,23.06999969482422,23.100000381469727,22.969999313354492,23.0,4754,0.0,0.0
2024-04-03 13:30:00-04:00,23.0,23.079999923706055,22.9950008392334,23.079999923706055,12014,0.0,0.0
2024-04-03 14:30:00-04:00,23.049999237060547,23.100000381469727,22.908700942993164,22.950000762939453,15551,0.0,0.0
2024-04-03 15:30:00-04:00,22.969999313354492,23.09000015258789,22.950000762939453,23.06999969482422,34748,0.0,0.0
2024-04-04 09:30:00-04:00,23.219999313354492,23.3700008392334,23.209999084472656,23.31999969482422,8821,0.0,0.0
2024-04-04 10:30:00-04:00,23.30500030517578,23.3799991607666,23.290000915527344,23.290000915527344,6353,0.0,0.0
2024-04-04 11:30:00-04:00,23.299999237060547,23.399999618530273,23.299999237060547,23.399999618530273,3049,0.0,0.0
2024-04-04 12:30:00-04:00,23.360000610351562,23.510000228881836,23.360000610351562,23.489999771118164,21901,0.0,0.0
2024-04-04 13:30:00-04:00,23.479999542236328,23.489999771118164,23.264999389648438,23.266000747680664,11829,0.0,0.0
2024-04-04 14:30:00-04:00,23.229999542236328,23.2549991607666,23.1200008392334,23.202499389648438,7759,0.0,0.0
2024-04-04 15:30:00-04:00,23.15999984741211,23.170000076293945,23.049999237060547,23.100000381469727,33641,0.0,0.0
2024-04-05 09:30:00-04:00,23.06999969482422,23.229999542236328,23.0,23.040000915527344,7381,0.0,0.0
2024-04-05 10:30:00-04:00,23.0,23.100000381469727,23.0,23.06999969482422,3686,0.0,0.0
2024-04-05 11:30:00-04:00,23.06999969482422,23.260000228881836,23.049999237060547,23.219999313354492,28926,0.0,0.0
2024-04-05 12:30:00-04:00,23.229999542236328,23.239999771118164,23.06999969482422,23.084999084472656,19616,0.0,0.0
2024-04-05 13:30:00-04:00,23.094999313354492,23.200000762939453,23.079999923706055,23.1299991607666,23036,0.0,0.0
2024-04-05 14:30:00-04:00,23.125,23.139999389648438,23.062400817871094,23.09000015258789,22248,0.0,0.0
2024-04-05 15:30:00-04:00,23.06999969482422,23.170000076293945,23.06999969482422,23.1200008392334,24624,0.0,0.0
2024-04-08 09:30:00-04:00,23.280000686645508,23.364999771118164,23.059999465942383,23.2549991607666,7192,0.0,0.0
2024-04-08 10:30:00-04:00,23.290000915527344,23.354999542236328,23.229999542236328,23.295000076293945,5404,0.0,0.0
2024-04-08 11:30:00-04:00,23.270000457763672,23.440000534057617,23.270000457763672,23.440000534057617,7021,0.0,0.0
2024-04-08 12:30:00-04:00,23.479999542236328,23.530000686645508,23.450000762939453,23.510000228881836,17369,0.0,0.0
2024-04-08 13:30:00-04:00,23.510000228881836,23.530000686645508,23.469999313354492,23.489999771118164,19026,0.0,0.0
2024-04-08 14:30:00-04:00,23.485000610351562,23.540000915527344,23.459999084472656,23.540000915527344,44002,0.0,0.0
2024-04-08 15:30:00-04:00,23.530000686645508,23.559999465942383,23.5,23.514999389648438,37233,0.0,0.0
2024-04-09 09:30:00-04:00,23.610000610351562,23.65999984741211,23.2450008392334,23.649999618530273,13164,0.0,0.0
2024-04-09 10:30:00-04:00,23.600000381469727,23.704999923706055,23.489999771118164,23.610000610351562,17148,0.0,0.0
2024-04-09 11:30:00-04:00,23.6200008392334,23.65999984741211,23.579999923706055,23.645000457763672,14030,0.0,0.0
2024-04-09 12:30:00-04:00,23.65999984741211,23.690000534057617,23.549999237060547,23.549999237060547,18291,0.0,0.0
2024-04-09 13:30:00-04:00,23.530000686645508,23.565000534057617,23.489999771118164,23.549999237060547,13782,0.0,0.0
2024-04-09 14:30:00-04:00,23.549999237060547,23.559999465942383,23.454999923706055,23.540000915527344,18926,0.0,0.0
2024-04-09 15:30:00-04:00,23.530000686645508,23.610000610351562,23.520000457763672,23.579999923706055,20995,0.0,0.0
2024-04-10 09:30:00-04:00,22.989999771118164,23.34000015258789,22.559999465942383,22.84000015258789,31645,0.0,0.0
2024-04-10 10:30:00-04:00,22.81999969482422,22.905000686645508,22.489999771118164,22.530000686645508,20346,0.0,0.0
2024-04-10 11:30:00-04:00,22.510000228881836,22.540000915527344,22.389999389648438,22.5,22421,0.0,0.0
2024-04-10 12:30:00-04:00,22.479999542236328,22.479999542236328,22.170000076293945,22.219999313354492,26164,0.0,0.0
2024-04-10 13:30:00-04:00,22.200000762939453,22.34000015258789,22.200000762939453,22.219999313354492,21205,0.0,0.0
2024-04-10 14:30:00-04:00,22.219999313354492,23.56999969482422,22.18000030517578,22.399999618530273,24799,0.0,0.0
2024-04-10 15:30:00-04:00,22.40999984741211,22.43000030517578,22.239999771118164,22.360000610351562,50081,0.0,0.0
2024-04-11 09:30:00-04:00,22.540000915527344,22.952499389648438,22.09000015258789,22.09000015258789,15265,0.0,0.0
2024-04-11 10:30:00-04:00,22.075899124145508,22.209999084472656,22.049999237060547,22.1200008392334,11021,0.0,0.0
2024-04-11 11:30:00-04:00,22.127500534057617,22.309999465942383,22.127500534057617,22.200000762939453,10933,0.0,0.0
2024-04-11 12:30:00-04:00,22.200000762939453,22.3799991607666,22.200000762939453,22.350000381469727,11039,0.0,0.0
2024-04-11 13:30:00-04:00,22.34000015258789,22.3799991607666,22.229999542236328,22.329999923706055,10437,0.0,0.0
2024-04-11 14:30:00-04:00,22.270000457763672,22.290000915527344,22.190000534057617,22.207500457763672,13218,0.0,0.0
2024-04-11 15:30:00-04:00,22.219999313354492,22.260000228881836,22.190000534057617,22.219999313354492,35162,0.0,0.0
2024-04-12 09:30:00-04:00,22.079999923706055,22.229999542236328,21.850000381469727,22.1299991607666,27791,0.0,0.0
2024-04-12 10:30:00-04:00,22.110000610351562,22.139999389648438,22.049999237060547,22.139999389648438,5960,0.0,0.0
2024-04-12 11:30:00-04:00,22.200000762939453,22.2450008392334,22.200000762939453,22.2450008392334,4622,0.0,0.0
2024-04-12 12:30:00-04:00,22.229999542236328,22.229999542236328,22.18000030517578,22.18000030517578,4520,0.0,0.0
2024-04-12 13:30:00-04:00,22.170000076293945,22.219999313354492,22.149999618530273,22.149999618530273,7395,0.0,0.0
2024-04-12 14:30:00-04:00,22.149999618530273,22.209999084472656,22.114999771118164,22.15999984741211,11408,0.0,0.0
2024-04-12 15:30:00-04:00,22.170000076293945,22.236299514770508,22.149999618530273,22.229999542236328,20662,0.0,0.0
2024-04-15 09:30:00-04:00,22.469999313354492,22.690000534057617,22.219999313354492,22.25,32310,0.0,0.0
2024-04-15 10:30:00-04:00,22.190000534057617,22.239999771118164,22.170000076293945,22.170000076293945,8269,0.0,0.0
2024-04-15 11:30:00-04:00,22.214000701904297,22.25,22.149999618530273,22.18000030517578,6823,0.0,0.0
2024-04-15 12:30:00-04:00,22.170000076293945,22.170000076293945,22.020000457763672,22.020000457763672,17007,0.0,0.0
2024-04-15 13:30:00-04:00,22.010000228881836,22.110000610351562,22.0,22.045000076293945,8657,0.0,0.0
2024-04-15 14:30:00-04:00,22.03499984741211,22.110000610351562,22.0,22.110000610351562,9659,0.0,0.0
2024-04-15 15:30:00-04:00,22.139999389648438,22.190000534057617,22.09000015258789,22.18000030517578,18924,0.0,0.0
2024-04-16 09:30:00-04:00,22.0,22.0,21.850000381469727,21.959999084472656,20187,0.0,0.0
2024-04-16 10:30:00-04:00,21.923799514770508,21.969999313354492,21.899999618530273,21.969999313354492,7645,0.0,0.0
2024-04-16 11:30:00-04:00,22.000900268554688,22.06999969482422,21.989999771118164,22.06999969482422,5906,0.0,0.0
2024-04-16 12:30:00-04:00,22.040000915527344,22.045000076293945,22.010000228881836,22.030000686645508,5189,0.0,0.0
2024-04-16 13:30:00-04:00,21.989999771118164,22.079999923706055,21.8799991607666,21.920000076293945,11043,0.0,0.0
2024-04-16 14:30:00-04:00,21.940000534057617,21.979999542236328,21.940000534057617,21.959999084472656,7276,0.0,0.0
2024-04-16 15:30:00-04:00,21.950000762939453,21.950000762939453,21.799999237060547,21.799999237060547,38972,0.0,0.0
2024-04-17 09:30:00-04:00,22.049999237060547,22.15999984741211,21.940000534057617,22.0,8963,0.0,0.0
2024-04-17 10:30:00-04:00,21.979999542236328,22.010000228881836,21.899999618530273,21.899999618530273,8021,0.0,0.0
2024-04-17 11:30:00-04:00,21.899999618530273,22.0,21.899999618530273,21.933799743652344,11650,0.0,0.0
2024-04-17 12:30:00-04:00,21.959999084472656,22.139999389648438,21.950000762939453,22.139999389648438,7330,0.0,0.0
2024-04-17 13:30:00-04:00,22.139999389648438,22.139999389648438,22.0,22.030000686645508,8957,0.0,0.0
2024-04-17 14:30:00-04:00,22.020000457763672,22.110000610351562,21.962499618530273,21.96500015258789,14923,0.0,0.0
2024-04-17 15:30:00-04:00,21.950000762939453,21.989999771118164,21.8700008392334,21.8700008392334,24914,0.0,0.0
2024-04-18 09:30:00-04:00,21.68000030517578,21.90999984741211,21.68000030517578,21.893600463867188,15986,0.0,0.0
2024-04-18 10:30:00-04:00,21.90999984741211,21.950000762939453,21.90999984741211,21.940000534057617,3964,0.0,0.0
2024-04-18 11:30:00-04:00,21.940000534057617,21.940000534057617,21.820999145507812,21.820999145507812,7562,0.0,0.0
2024-04-18 12:30:00-04:00,21.809999465942383,21.850000381469727,21.790000915527344,21.850000381469727,6206,0.0,0.0
2024-04-18 13:30:00-04:00,21.860000610351562,21.860000610351562,21.790000915527344,21.800899505615234,5068,0.0,0.0
2024-04-18 14:30:00-04:00,21.770000457763672,21.860000610351562,21.739999771118164,21.860000610351562,13812,0.0,0.0
2024-04-18 15:30:00-04:00,21.920000076293945,21.93000030517578,21.829999923706055,21.844999313354492,24726,0.0,0.0
2024-04-19 09:30:00-04:00,21.90999984741211,22.25,21.75,22.190000534057617,37792,0.0,0.0
2024-04-19 10:30:00-04:00,22.229999542236328,22.239999771118164,22.145000457763672,22.200000762939453,12761,0.0,0.0
2024-04-19 11:30:00-04:00,22.190000534057617,22.315000534057617,22.190000534057617,22.229999542236328,8460,0.0,0.0
2024-04-19 12:30:00-04:00,22.260000228881836,22.448999404907227,22.260000228881836,22.399999618530273,17565,0.0,0.0
2024-04-19 13:30:00-04:00,22.420000076293945,22.520000457763672,22.399999618530273,22.459999084472656,22104,0.0,0.0
2024-04-19 14:30:00-04:00,22.399999618530273,22.56999969482422,22.34000015258789,22.540000915527344,19244,0.0,0.0
2024-04-19 15:30:00-04:00,22.520000457763672,22.84000015258789,22.489999771118164,22.809999465942383,60076,0.0,0.0
2024-04-22 09:30:00-04:00,22.829999923706055,22.90999984741211,22.770000457763672,22.809999465942383,11502,0.0,0.0
2024-04-22 10:30:00-04:00,22.8799991607666,22.889999389648438,22.829999923706055,22.889999389648438,4612,0.0,0.0
2024-04-22 11:30:00-04:00,22.920000076293945,22.969999313354492,22.899999618530273,22.959999084472656,8685,0.0,0.0
2024-04-22 12:30:00-04:00,22.969999313354492,23.1299991607666,22.969999313354492,23.100000381469727,7599,0.0,0.0
2024-04-22 13:30:00-04:00,23.09000015258789,23.110000610351562,23.059999465942383,23.09000015258789,10886,0.0,0.0
2024-04-22 14:30:00-04:00,23.100000381469727,23.110000610351562,22.940000534057617,22.950000762939453,32406,0.0,0.0
2024-04-22 15:30:00-04:00,22.940000534057617,23.03499984741211,22.8700008392334,22.889999389648438,44253,0.0,0.0
2024-04-23 09:30:00-04:00,22.860000610351562,23.200000762939453,22.860000610351562,23.200000762939453,8341,0.0,0.0
2024-04-23 10:30:00-04:00,23.229999542236328,23.35059928894043,23.209999084472656,23.35059928894043,4977,0.0,0.0
2024-04-23 11:30:00-04:00,23.364999771118164,23.389999389648438,23.25979995727539,23.25979995727539,7634,0.0,0.0
2024-04-23 12:30:00-04:00,23.264999389648438,23.389999389648438,23.264999389648438,23.389999389648438,7765,0.0,0.0
2024-04-23 13:30:00-04:00,23.3799991607666,23.399999618530273,23.31999969482422,23.31999969482422,7801,0.0,0.0
2024-04-23 14:30:00-04:00,23.299999237060547,23.360000610351562,23.219999313354492,23.253700256347656,11016,0.0,0.0
2024-04-23 15:30:00-04:00,23.239999771118164,23.280000686645508,23.15999984741211,23.280000686645508,21279,0.0,0.0
2024-04-24 09:30:00-04:00,21.940000534057617,23.059999465942383,21.940000534057617,22.59000015258789,42639,0.0,0.0
2024-04-24 10:30:00-04:00,22.618999481201172,22.739999771118164,22.5,22.670000076293945,30526,0.0,0.0
2024-04-24 11:30:00-04:00,22.649999618530273,22.969999313354492,22.649999618530273,22.959999084472656,19994,0.0,0.0
2024-04-24 12:30:00-04:00,22.940000534057617,23.1200008392334,22.940000534057617,23.09000015258789,13536,0.0,0.0
2024-04-24 13:30:00-04:00,23.100000381469727,23.100000381469727,22.889999389648438,22.969999313354492,18858,0.0,0.0
2024-04-24 14:30:00-04:00,23.0,23.100000381469727,22.889999389648438,22.895000457763672,21302,0.0,0.0
2024-04-24 15:30:00-04:00,22.90999984741211,23.1299991607666,22.889999389648438,23.110000610351562,63730,0.0,0.0
2024-04-25 09:30:00-04:00,22.90999984741211,22.959999084472656,21.87179946899414,22.959999084472656,20514,0.0,0.0
2024-04-25 10:30:00-04:00,23.086000442504883,23.120100021362305,22.979999542236328,23.09000015258789,16000,0.0,0.0
2024-04-25 11:30:00-04:00,23.040000915527344,23.1200008392334,23.010000228881836,23.06999969482422,6343,0.0,0.0
2024-04-25 12:30:00-04:00,23.09000015258789,23.139999389648438,23.059999465942383,23.1200008392334,9267,0.0,0.0
2024-04-25 13:30:00-04:00,23.110000610351562,23.1299991607666,23.010000228881836,23.020000457763672,18010,0.0,0.0
2024-04-25 14:30:00-04:00,23.020000457763672,23.329999923706055,23.020000457763672,23.329999923706055,15179,0.0,0.0
2024-04-25 15:30:00-04:00,23.280000686645508,23.299999237060547,23.09000015258789,23.1200008392334,37656,0.0,0.0
2024-04-26 09:30:00-04:00,22.989999771118164,23.270000457763672,22.989999771118164,23.139999389648438,26973,0.0,0.0
2024-04-26 10:30:00-04:00,23.1200008392334,23.200000762939453,22.93000030517578,23.020000457763672,9425,0.0,0.0
2024-04-26 11:30:00-04:00,23.049999237060547,23.11669921875,23.0,23.11669921875,9516,0.0,0.0
2024-04-26 12:30:00-04:00,23.110000610351562,23.1200008392334,23.0,23.0,16667,0.0,0.0
2024-04-26 13:30:00-04:00,22.979999542236328,22.979999542236328,22.90999984741211,22.90999984741211,4777,0.0,0.0
2024-04-26 14:30:00-04:00,22.899999618530273,22.920000076293945,22.84000015258789,22.899999618530273,8059,0.0,0.0
2024-04-26 15:30:00-04:00,22.90999984741211,22.90999984741211,22.780000686645508,22.790000915527344,15838,0.0,0.0
2024-04-29 09:30:00-04:00,22.790000915527344,22.924999237060547,22.56999969482422,22.829999923706055,27820,0.0,0.0
2024-04-29 10:30:00-04:00,22.729999542236328,22.81999969482422,22.729999542236328,22.760000228881836,14536,0.0,0.0
2024-04-29 11:30:00-04:00,22.709999084472656,22.780000686645508,22.690000534057617,22.780000686645508,11200,0.0,0.0
2024-04-29 12:30:00-04:00,22.780000686645508,22.8700008392334,22.670000076293945,22.700000762939453,13286,0.0,0.0
2024-04-29 13:30:00-04:00,22.670000076293945,22.739999771118164,22.639999389648438,22.690000534057617,14898,0.0,0.0
2024-04-29 14:30:00-04:00,22.700000762939453,22.716100692749023,22.530000686645508,22.549999237060547,24582,0.0,0.0
2024-04-29 15:30:00-04:00,22.559999465942383,22.59000015258789,22.520000457763672,22.540000915527344,36940,0.0,0.0
2024-04-30 09:30:00-04:00,22.440000534057617,22.5,22.270000457763672,22.3799991607666,18204,0.0,0.0
2024-04-30 10:30:00-04:00,22.3799991607666,22.469999313354492,22.3799991607666,22.459999084472656,13632,0.0,0.0
2024-04-30 11:30:00-04:00,22.450000762939453,22.5,22.44499969482422,22.459999084472656,14947,0.0,0.0
2024-04-30 12:30:00-04:00,22.450000762939453,22.53499984741211,22.39389991760254,22.510000228881836,14025,0.0,0.0
2024-04-30 13:30:00-04:00,22.520000457763672,22.559999465942383,22.479999542236328,22.549999237060547,15950,0.0,0.0
2024-04-30 14:30:00-04:00,22.540000915527344,22.55500030517578,22.43000030517578,22.43000030517578,16657,0.0,0.0
2024-04-30 15:30:00-04:00,22.420000076293945,22.420000076293945,22.309999465942383,22.309999465942383,32207,0.0,0.0
2024-05-01 09:30:00-04:00,22.639999389648438,22.90999984741211,22.639999389648438,22.84000015258789,21041,0.0,0.0
2024-05-01 10:30:00-04:00,22.860000610351562,22.954999923706055,22.825000762939453,22.825000762939453,14941,0.0,0.0
2024-05-01 11:30:00-04:00,22.81999969482422,22.829999923706055,22.69499969482422,22.829999923706055,50257,0.0,0.0
2024-05-01 12:30:00-04:00,22.81999969482422,23.010000228881836,22.809999465942383,22.983299255371094,15521,0.0,0.0
2024-05-01 13:30:00-04:00,23.0,23.0,22.809999465942383,22.81290054321289,19858,0.0,0.0
2024-05-01 14:30:00-04:00,22.790000915527344,23.270000457763672,22.790000915527344,23.15999984741211,16864,0.0,0.0
2024-05-01 15:30:00-04:00,23.079999923706055,23.079999923706055,22.850000381469727,22.889999389648438,25422,0.0,0.0
2024-05-02 09:30:00-04:00,23.139999389648438,23.3799991607666,23.1299991607666,23.31999969482422,9894,0.0,0.0
2024-05-02 10:30:00-04:00,23.25,23.450000762939453,23.25,23.389999389648438,11647,0.0,0.0
2024-05-02 11:30:00-04:00,23.3700008392334,23.440000534057617,23.350000381469727,23.43000030517578,9554,0.0,0.0
2024-05-02 12:30:00-04:00,23.43000030517578,23.549999237060547,23.420000076293945,23.549999237060547,11739,0.0,0.0
2024-05-02 13:30:00-04:00,23.549999237060547,23.649999618530273,23.514999389648438,23.56999969482422,49677,0.0,0.0
2024-05-02 14:30:00-04:00,23.59000015258789,23.649999618530273,23.56999969482422,23.600000381469727,15153,0.0,0.0
2024-05-02 15:30:00-04:00,23.600000381469727,23.639999389648438,23.389999389648438,23.479999542236328,63456,0.0,0.0
2024-05-03 09:30:00-04:00,23.790000915527344,23.799999237060547,23.610000610351562,23.649999618530273,19314,0.0,0.0
2024-05-03 10:30:00-04:00,23.6200008392334,23.649999618530273,23.510000228881836,23.649999618530273,27618,0.0,0.0
2024-05-03 11:30:00-04:00,23.690000534057617,23.690000534057617,23.594999313354492,23.65999984741211,9452,0.0,0.0
2024-05-03 12:30:00-04:00,23.6200008392334,23.719999313354492,23.6200008392334,23.700000762939453,10516,0.0,0.0
2024-05-03 13:30:00-04:00,23.690000534057617,23.770000457763672,23.65999984741211,23.764999389648438,7239,0.0,0.0
2024-05-03 14:30:00-04:00,23.75,23.75,23.6200008392334,23.709999084472656,8466,0.0,0.0
2024-05-03 15:30:00-04:00,23.704999923706055,23.75,23.65999984741211,23.719999313354492,21842,0.0,0.0
2024-05-06 09:30:00-04:00,23.860000610351562,23.969999313354492,23.670000076293945,23.924999237060547,13789,0.0,0.0
2024-05-06 10:30:00-04:00,23.924999237060547,23.924999237060547,23.719999313354492,23.770000457763672,7902,0.0,0.0
2024-05-06 11:30:00-04:00,23.780000686645508,23.8799991607666,23.739999771118164,23.875,15004,0.0,0.0
2024-05-06 12:30:00-04:00,23.8799991607666,23.8799991607666,23.84000015258789,23.8799991607666,2948,0.0,0.0
2024-05-06 13:30:00-04:00,23.889999389648438,23.93000030517578,23.889999389648438,23.920000076293945,7906,0.0,0.0
2024-05-06 14:30:00-04:00,23.899999618530273,23.899999618530273,23.790000915527344,23.829999923706055,7330,0.0,0.0
2024-05-06 15:30:00-04:00,23.84000015258789,23.84000015258789,23.440000534057617,23.489999771118164,76558,0.0,0.0
2024-05-07 09:30:00-04:00,23.6200008392334,23.739999771118164,23.6200008392334,23.690000534057617,9764,0.0,0.0
2024-05-07 10:30:00-04:00,23.75,23.75,23.68000030517578,23.690000534057617,7276,0.0,0.0
2024-05-07 11:30:00-04:00,23.649999618530273,23.780000686645508,23.649999618530273,23.770000457763672,44458,0.0,0.0
2024-05-07 12:30:00-04:00,23.780000686645508,23.780000686645508,23.600000381469727,23.600000381469727,10956,0.0,0.0
2024-05-07 13:30:00-04:00,23.579999923706055,23.604999542236328,23.5,23.545000076293945,11779,0.0,0.0
2024-05-07 14:30:00-04:00,23.559999465942383,23.559999465942383,23.43000030517578,23.44420051574707,26057,0.0,0.0
2024-05-07 15:30:00-04:00,23.440000534057617,23.479999542236328,23.299999237060547,23.420000076293945,60594,0.0,0.0
2024-05-08 09:30:00-04:00,23.18000030517578,23.399999618530273,23.114999771118164,23.399999618530273,22113,0.0,0.0
2024-05-08 10:30:00-04:00,23.3799991607666,23.56999969482422,23.3799991607666,23.56999969482422,8315,0.0,0.0
2024-05-08 11:30:00-04:00,23.540000915527344,23.594999313354492,23.5,23.575000762939453,8316,0.0,0.0
2024-05-08 12:30:00-04:00,23.579999923706055,23.579999923706055,23.520000457763672,23.579999923706055,8566,0.0,0.0
2024-05-08 13:30:00-04:00,23.600000381469727,23.635000228881836,23.56999969482422,23.59000015258789,5872,0.0,0.0
2024-05-08 14:30:00-04:00,23.575000762939453,23.600000381469727,23.559999465942383,23.579999923706055,10297,0.0,0.0
2024-05-08 15:30:00-04:00,23.56999969482422,23.649999618530273,23.450000762939453,23.450000762939453,50837,0.0,0.0
2024-05-09 09:30:00-04:00,23.559999465942383,23.670000076293945,23.450000762939453,23.649999618530273,90849,0.0,0.0
2024-05-09 10:30:00-04:00,23.639999389648438,23.700000762939453,23.610000610351562,23.684999465942383,54003,0.0,0.0
2024-05-09 11:30:00-04:00,23.68000030517578,23.709999084472656,23.670000076293945,23.670000076293945,9879,0.0,0.0
2024-05-09 12:30:00-04:00,23.65999984741211,23.65999984741211,23.646499633789062,23.646499633789062,4659,0.0,0.0
2024-05-09 13:30:00-04:00,23.6299991607666,23.6299991607666,23.559999465942383,23.610000610351562,6896,0.0,0.0
2024-05-09 14:30:00-04:00,23.610000610351562,23.639999389648438,23.540000915527344,23.600000381469727,12860,0.0,0.0
2024-05-09 15:30:00-04:00,23.579999923706055,23.760000228881836,23.579999923706055,23.759000778198242,57515,0.0,0.0
2024-05-10 09:30:00-04:00,23.829999923706055,23.829999923706055,23.725000381469727,23.75,12135,0.0,0.0
2024-05-10 10:30:00-04:00,23.739999771118164,23.760000228881836,23.520000457763672,23.604999542236328,34375,0.0,0.0
2024-05-10 11:30:00-04:00,23.579999923706055,23.674999237060547,23.520000457763672,23.649999618530273,6299,0.0,0.0
2024-05-10 12:30:00-04:00,23.670000076293945,23.70870018005371,23.6299991607666,23.70870018005371,4529,0.0,0.0
2024-05-10 13:30:00-04:00,23.685300827026367,23.739999771118164,23.685300827026367,23.739999771118164,2815,0.0,0.0
2024-05-10 14:30:00-04:00,23.739999771118164,23.780000686645508,23.709999084472656,23.739999771118164,10818,0.0,0.0
2024-05-10 15:30:00-04:00,23.75,23.860000610351562,23.729999542236328,23.770000457763672,26469,0.0,0.0
2024-05-13 09:30:00-04:00,23.8700008392334,23.8700008392334,23.829999923706055,23.829999923706055,2281,0.0,0.0
2024-05-13 10:30:00-04:00,23.846900939941406,23.860000610351562,23.770000457763672,23.809999465942383,4848,0.0,0.0
2024-05-13 11:30:00-04:00,23.770000457763672,23.770000457763672,23.639999389648438,23.639999389648438,3343,0.0,0.0
2024-05-13 12:30:00-04:00,23.65999984741211,23.68000030517578,23.559999465942383,23.625,9927,0.0,0.0
2024-05-13 13:30:00-04:00,23.625,23.639999389648438,23.600000381469727,23.6299991607666,6201,0.0,0.0
2024-05-13 14:30:00-04:00,23.639999389648438,23.700000762939453,23.56999969482422,23.56999969482422,5479,0.0,0.0
2024-05-13 15:30:00-04:00,23.584999084472656,23.639999389648438,23.5,23.579999923706055,38317,0.0,0.0
2024-05-14 09:30:00-04:00,23.84000015258789,23.84000015258789,23.719999313354492,23.739999771118164,3936,0.0,0.0
2024-05-14 10:30:00-04:00,23.709999084472656,23.780000686645508,23.709999084472656,23.739999771118164,5773,0.0,0.0
2024-05-14 11:30:00-04:00,23.729999542236328,23.760000228881836,23.719999313354492,23.739999771118164,8264,0.0,0.0
2024-05-14 12:30:00-04:00,23.700000762939453,23.700000762939453,23.65999984741211,23.65999984741211,4149,0.0,0.0
2024-05-14 13:30:00-04:00,23.649999618530273,23.68000030517578,23.6200008392334,23.649999618530273,6633,0.0,0.0
2024-05-14 14:30:00-04:00,23.65999984741211,23.68000030517578,23.579999923706055,23.600000381469727,9075,0.0,0.0
2024-05-14 15:30:00-04:00,23.56999969482422,23.739999771118164,23.56999969482422,23.690000534057617,24042,0.0,0.0
2024-05-15 09:30:00-04:00,23.979999542236328,23.979999542236328,23.729999542236328,23.729999542236328,9810,0.0,0.0
2024-05-15 10:30:00-04:00,23.725000381469727,23.760000228881836,23.670000076293945,23.739999771118164,6143,0.0,0.0
2024-05-15 11:30:00-04:00,23.739999771118164,23.75,23.614999771118164,23.614999771118164,7958,0.0,0.0
2024-05-15 12:30:00-04:00,23.600000381469727,23.65999984741211,23.559999465942383,23.594999313354492,14494,0.0,0.0
2024-05-15 13:30:00-04:00,23.594999313354492,23.610000610351562,23.489999771118164,23.56999969482422,15956,0.0,0.0
2024-05-15 14:30:00-04:00,23.549999237060547,23.770000457763672,23.549999237060547,23.770000457763672,31192,0.0,0.0
2024-05-15 15:30:00-04:00,23.760000228881836,23.8700008392334,23.7450008392334,23.860000610351562,31039,0.0,0.0
2024-05-16 09:30:00-04:00,23.719999313354492,23.799999237060547,23.709999084472656,23.760000228881836,5042,0.0,0.0
2024-05-16 10:30:00-04:00,23.8799991607666,23.8799991607666,23.84000015258789,23.84000015258789,1267,0.0,0.0
2024-05-16 11:30:00-04:00,23.889999389648438,23.889999389648438,23.81999969482422,23.829999923706055,4608,0.0,0.0
2024-05-16 12:30:00-04:00,23.81570053100586,23.93000030517578,23.81570053100586,23.8799991607666,4572,0.0,0.0
2024-05-16 13:30:00-04:00,23.8700008392334,23.875,23.854999542236328,23.875,4787,0.0,0.0
2024-05-16 14:30:00-04:00,23.84000015258789,23.959999084472656,23.84000015258789,23.959999084472656,8511,0.0,0.0
2024-05-16 15:30:00-04:00,23.950000762939453,24.0,23.844999313354492,23.850000381469727,28920,0.0,0.0
2024-05-17 09:30:00-04:00,24.0,24.06999969482422,23.90999984741211,24.040000915527344,20612,0.0,0.0
2024-05-17 10:30:00-04:00,24.0,24.020000457763672,23.969999313354492,24.020000457763672,3122,0.0,0.0
2024-05-17 11:30:00-04:00,24.049999237060547,24.110000610351562,24.049999237060547,24.09000015258789,2018,0.0,0.0
2024-05-17 12:30:00-04:00,24.059999465942383,24.09000015258789,24.040000915527344,24.09000015258789,8113,0.0,0.0
2024-05-17 13:30:00-04:00,24.09000015258789,24.117000579833984,24.030500411987305,24.09819984436035,14897,0.0,0.0
2024-05-17 14:30:00-04:00,24.06999969482422,24.06999969482422,23.920000076293945,23.940000534057617,15253,0.0,0.0
2024-05-17 15:30:00-04:00,23.920000076293945,24.010000228881836,23.84000015258789,24.010000228881836,26603,0.0,0.0
2024-05-20 09:30:00-04:00,24.030000686645508,24.059999465942383,23.81100082397461,23.81999969482422,5037,0.0,0.0
2024-05-20 10:30:00-04:00,23.81999969482422,23.959999084472656,23.81999969482422,23.950000762939453,3945,0.0,0.0
2024-05-20 11:30:00-04:00,23.989999771118164,23.989999771118164,23.860000610351562,23.872699737548828,2665,0.0,0.0
2024-05-20 12:30:00-04:00,23.850000381469727,23.875,23.809999465942383,23.84000015258789,5586,0.0,0.0
2024-05-20 13:30:00-04:00,23.84000015258789,23.8700008392334,23.790000915527344,23.81999969482422,7471,0.0,0.0
2024-05-20 14:30:00-04:00,23.770000457763672,23.770000457763672,23.56999969482422,23.614999771118164,22965,0.0,0.0
2024-05-20 15:30:00-04:00,23.600000381469727,23.639999389648438,23.420000076293945,23.440000534057617,29579,0.0,0.0
2024-05-21 09:30:00-04:00,23.420000076293945,23.524999618530273,23.420000076293945,23.469999313354492,4120,0.0,0.0
2024-05-21 10:30:00-04:00,23.540000915527344,23.540000915527344,23.530000686645508,23.530000686645508,2358,0.0,0.0
2024-05-21 11:30:00-04:00,23.434999465942383,23.459999084472656,23.395000457763672,23.395000457763672,2162,0.0,0.0
2024-05-21 12:30:00-04:00,23.40239906311035,23.515399932861328,23.40239906311035,23.515399932861328,6731,0.0,0.0
2024-05-21 13:30:00-04:00,23.520000457763672,23.530000686645508,23.3700008392334,23.479999542236328,13858,0.0,0.0
2024-05-21 14:30:00-04:00,23.510000228881836,23.520000457763672,23.459999084472656,23.459999084472656,6973,0.0,0.0
2024-05-21 15:30:00-04:00,23.441099166870117,23.549999237060547,23.440000534057617,23.530000686645508,22738,0.0,0.0
2024-05-22 09:30:00-04:00,23.530000686645508,23.530000686645508,23.46500015258789,23.489999771118164,4326,0.0,0.0
2024-05-22 10:30:00-04:00,23.420000076293945,23.420000076293945,23.31999969482422,23.325000762939453,2867,0.0,0.0
2024-05-22 11:30:00-04:00,23.309999465942383,23.379499435424805,23.295000076293945,23.329999923706055,7509,0.0,0.0
2024-05-22 12:30:00-04:00,23.350000381469727,23.360000610351562,23.280000686645508,23.280000686645508,3766,0.0,0.0
2024-05-22 13:30:00-04:00,23.270000457763672,23.360000610351562,23.229999542236328,23.229999542236328,7748,0.0,0.0
2024-05-22 14:30:00-04:00,23.19499969482422,23.21500015258789,23.135000228881836,23.184999465942383,11067,0.0,0.0
2024-05-22 15:30:00-04:00,23.200000762939453,23.3700008392334,23.200000762939453,23.290000915527344,31206,0.0,0.0
2024-05-23 09:30:00-04:00,23.3700008392334,23.545000076293945,23.030000686645508,23.065000534057617,11910,0.0,0.0
2024-05-23 10:30:00-04:00,23.110000610351562,23.139999389648438,23.05500030517578,23.05500030517578,4829,0.0,0.0
2024-05-23 11:30:00-04:00,23.020099639892578,23.110000610351562,23.010000228881836,23.059999465942383,3537,0.0,0.0
2024-05-23 12:30:00-04:00,23.079999923706055,23.079999923706055,22.92799949645996,22.950000762939453,11674,0.0,0.0
2024-05-23 13:30:00-04:00,22.950000762939453,22.950000762939453,22.75,22.770000457763672,11652,0.0,0.0
2024-05-23 14:30:00-04:00,22.739999771118164,22.829999923706055,22.739999771118164,22.829999923706055,10731,0.0,0.0
2024-05-23 15:30:00-04:00,22.827899932861328,22.854999542236328,22.809999465942383,22.84000015258789,17579,0.0,0.0
2024-05-24 09:30:00-04:00,22.8700008392334,22.940000534057617,22.809999465942383,22.825000762939453,5166,0.0,0.0
2024-05-24 10:30:00-04:00,22.81999969482422,22.81999969482422,22.75,22.790000915527344,7987,0.0,0.0
2024-05-24 11:30:00-04:00,22.760000228881836,22.81999969482422,22.75,22.795000076293945,4019,0.0,0.0
2024-05-24 12:30:00-04:00,22.780000686645508,22.780000686645508,22.719999313354492,22.735000610351562,10786,0.0,0.0
2024-05-24 13:30:00-04:00,22.729999542236328,22.770000457763672,22.71500015258789,22.760000228881836,8946,0.0,0.0
2024-05-24 14:30:00-04:00,22.719999313354492,22.81209945678711,22.670000076293945,22.75,29351,0.0,0.0
2024-05-24 15:30:00-04:00,22.760000228881836,22.899999618530273,22.700000762939453,22.899999618530273,46722,0.0,0.0
2024-05-28 09:30:00-04:00,22.959999084472656,22.989999771118164,22.780000686645508,22.780000686645508,4528,0.0,0.0
2024-05-28 10:30:00-04:00,22.729999542236328,22.774999618530273,22.709999084472656,22.774999618530273,4572,0.0,0.0
2024-05-28 11:30:00-04:00,22.84000015258789,22.84000015258789,22.790000915527344,22.790000915527344,4419,0.0,0.0
2024-05-28 12:30:00-04:00,22.750099182128906,22.920000076293945,22.75,22.84000015258789,29782,0.0,0.0
2024-05-28 13:30:00-04:00,22.790000915527344,22.8799991607666,22.639999389648438,22.649999618530273,9785,0.0,0.0
2024-05-28 14:30:00-04:00,22.59000015258789,22.59000015258789,22.540000915527344,22.559999465942383,12450,0.0,0.0
2024-05-28 15:30:00-04:00,22.565000534057617,22.6200008392334,22.545000076293945,22.6200008392334,18735,0.0,0.0
2024-05-29 09:30:00-04:00,22.209999084472656,22.229999542236328,22.18000030517578,22.21500015258789,4970,0.0,0.0
2024-05-29 10:30:00-04:00,22.18000030517578,22.18000030517578,22.084999084472656,22.09000015258789,5628,0.0,0.0
2024-05-29 11:30:00-04:00,22.079999923706055,22.147300720214844,22.05500030517578,22.147300720214844,4703,0.0,0.0
2024-05-29 12:30:00-04:00,22.1299991607666,22.155000686645508,22.100000381469727,22.155000686645508,5605,0.0,0.0
2024-05-29 13:30:00-04:00,22.149999618530273,22.190000534057617,22.139999389648438,22.190000534057617,5431,0.0,0.0
2024-05-29 14:30:00-04:00,22.190000534057617,22.209999084472656,22.139999389648438,22.170000076293945,9397,0.0,0.0
2024-05-29 15:30:00-04:00,22.170000076293945,22.25,22.110000610351562,22.209999084472656,24766,0.0,0.0
2024-05-30 09:30:00-04:00,22.389999389648438,22.56999969482422,22.385000228881836,22.389999389648438,4382,0.0,0.0
2024-05-30 10:30:00-04:00,22.3799991607666,22.540000915527344,22.3799991607666,22.524999618530273,3980,0.0,0.0
2024-05-30 11:30:00-04:00,22.530000686645508,22.549999237060547,22.510000228881836,22.53529930114746,4725,0.0,0.0
2024-05-30 12:30:00-04:00,22.515399932861328,22.515399932861328,22.424999237060547,22.424999237060547,5313,0.0,0.0
2024-05-30 13:30:00-04:00,22.450000762939453,22.489999771118164,22.40999984741211,22.479999542236328,6824,0.0,0.0
2024-05-30 14:30:00-04:00,22.510000228881836,22.510000228881836,22.459999084472656,22.479999542236328,13068,0.0,0.0
2024-05-30 15:30:00-04:00,22.479999542236328,22.479999542236328,22.3700008392334,22.420000076293945,26428,0.0,0.0
2024-05-31 09:30:00-04:00,22.510000228881836,22.639999389648438,22.510000228881836,22.639999389648438,6015,0.0,0.0
2024-05-31 10:30:00-04:00,22.614299774169922,22.670000076293945,22.610000610351562,22.655000686645508,5988,0.0,0.0
2024-05-31 11:30:00-04:00,22.645000457763672,22.645000457763672,22.579999923706055,22.600000381469727,3406,0.0,0.0
2024-05-31 12:30:00-04:00,22.59000015258789,22.68000030517578,22.579999923706055,22.68000030517578,5913,0.0,0.0
2024-05-31 13:30:00-04:00,22.725000381469727,22.760000228881836,22.604999542236328,22.604999542236328,12616,0.0,0.0
2024-05-31 14:30:00-04:00,22.59000015258789,22.59000015258789,22.3799991607666,22.389999389648438,100560,0.0,0.0
2024-05-31 15:30:00-04:00,22.3799991607666,22.610000610351562,22.350000381469727,22.600000381469727,66074,0.0,0.0
2024-06-03 09:30:00-04:00,22.959999084472656,22.959999084472656,22.440000534057617,22.510000228881836,26873,0.0,0.0
2024-06-03 10:30:00-04:00,22.450000762939453,22.4950008392334,22.299999237060547,22.34000015258789,3411,0.0,0.0
2024-06-03 11:30:00-04:00,22.31999969482422,22.31999969482422,22.145000457763672,22.209999084472656,4087,0.0,0.0
2024-06-03 12:30:00-04:00,22.239999771118164,22.260000228881836,22.18000030517578,22.260000228881836,4006,0.0,0.0
2024-06-03 13:30:00-04:00,22.239999771118164,22.270000457763672,22.221900939941406,22.270000457763672,8284,0.0,0.0
2024-06-03 14:30:00-04:00,22.260000228881836,22.280000686645508,22.190000534057617,22.219999313354492,8865,0.0,0.0
2024-06-03 15:30:00-04:00,22.200000762939453,22.246000289916992,22.18000030517578,22.200000762939453,18956,0.0,0.0
2024-06-04 09:30:00-04:00,22.1299991607666,22.15999984741211,22.050100326538086,22.1299991607666,10407,0.0,0.0
2024-06-04 10:30:00-04:00,22.149999618530273,22.18000030517578,22.045000076293945,22.079999923706055,7594,0.0,0.0
2024-06-04 11:30:00-04:00,22.079999923706055,22.079999923706055,21.97209930419922,22.010000228881836,7471,0.0,0.0
2024-06-04 12:30:00-04:00,21.989999771118164,22.040000915527344,21.950000762939453,22.040000915527344,3273,0.0,0.0
2024-06-04 13:30:00-04:00,21.98539924621582,22.049999237060547,21.954999923706055,22.010000228881836,8139,0.0,0.0
2024-06-04 14:30:00-04:00,22.030000686645508,22.06999969482422,21.989999771118164,22.030000686645508,11011,0.0,0.0
2024-06-04 15:30:00-04:00,22.040000915527344,22.100000381469727,21.889999389648438,21.889999389648438,21272,0.0,0.0
2024-06-05 09:30:00-04:00,22.079999923706055,22.079999923706055,21.860000610351562,21.950000762939453,10000,0.0,0.0
2024-06-05 10:30:00-04:00,22.020000457763672,22.100000381469727,21.989999771118164,22.079999923706055,9126,0.0,0.0
2024-06-05 11:30:00-04:00,22.049999237060547,22.100000381469727,22.049999237060547,22.100000381469727,3203,0.0,0.0
2024-06-05 12:30:00-04:00,22.0531005859375,22.09000015258789,22.0,22.09000015258789,11710,0.0,0.0
2024-06-05 13:30:00-04:00,22.100000381469727,22.200000762939453,22.079999923706055,22.165000915527344,8716,0.0,0.0
2024-06-05 14:30:00-04:00,22.190000534057617,22.219999313354492,22.18000030517578,22.200000762939453,20358,0.0,0.0
2024-06-05 15:30:00-04:00,22.200000762939453,22.280000686645508,22.165000915527344,22.260000228881836,36464,0.0,0.0
2024-06-06 09:30:00-04:00,22.209999084472656,22.454999923706055,22.209999084472656,22.270000457763672,12918,0.0,0.0
2024-06-06 10:30:00-04:00,22.270000457763672,22.299999237060547,22.239999771118164,22.260000228881836,5712,0.0,0.0
2024-06-06 11:30:00-04:00,22.280000686645508,22.280000686645508,22.160499572753906,22.160499572753906,9889,0.0,0.0
2024-06-06 12:30:00-04:00,22.18000030517578,22.270000457763672,22.18000030517578,22.270000457763672,6036,0.0,0.0
2024-06-06 13:30:00-04:00,22.290000915527344,22.34000015258789,22.270000457763672,22.315000534057617,10592,0.0,0.0
2024-06-06 14:30:00-04:00,22.31999969482422,22.420000076293945,22.31999969482422,22.420000076293945,14320,0.0,0.0
2024-06-06 15:30:00-04:00,22.399999618530273,22.43000030517578,22.350000381469727,22.43000030517578,20412,0.0,0.0
2024-06-07 09:30:00-04:00,22.18000030517578,22.40999984741211,22.18000030517578,22.2450008392334,7634,0.0,0.0
2024-06-07 10:30:00-04:00,22.43000030517578,22.450000762939453,22.290000915527344,22.309999465942383,6687,0.0,0.0
2024-06-07 11:30:00-04:00,22.280000686645508,22.395000457763672,22.280000686645508,22.395000457763672,8267,0.0,0.0
2024-06-07 12:30:00-04:00,22.395000457763672,22.43000030517578,22.3700008392334,22.405000686645508,10344,0.0,0.0
2024-06-07 13:30:00-04:00,22.415000915527344,22.420000076293945,22.3799991607666,22.420000076293945,42040,0.0,0.0
2024-06-07 14:30:00-04:00,22.399999618530273,22.5,22.389999389648438,22.420000076293945,221008,0.0,0.0
2024-06-07 15:30:00-04:00,22.440000534057617,22.559999465942383,22.43000030517578,22.479999542236328,30969,0.0,0.0
2024-06-10 09:30:00-04:00,22.290000915527344,22.3799991607666,22.139999389648438,22.360000610351562,21225,0.0,0.0
2024-06-10 10:30:00-04:00,22.25,22.25,22.170000076293945,22.239999771118164,7492,0.0,0.0
2024-06-10 11:30:00-04:00,22.219999313354492,22.270000457763672,22.209999084472656,22.209999084472656,7452,0.0,0.0
2024-06-10 12:30:00-04:00,22.190000534057617,22.229999542236328,22.153900146484375,22.200000762939453,7736,0.0,0.0
2024-06-10 13:30:00-04:00,22.209999084472656,22.31999969482422,22.114999771118164,22.139999389648438,15806,0.0,0.0
2024-06-10 14:30:00-04:00,22.139999389648438,22.190000534057617,22.09000015258789,22.184999465942383,21098,0.0,0.0
2024-06-10 15:30:00-04:00,22.198999404907227,22.209999084472656,22.100000381469727,22.209999084472656,44244,0.0,0.0
2024-06-11 09:30:00-04:00,21.90999984741211,22.142499923706055,21.780000686645508,22.040000915527344,17710,0.0,0.0
2024-06-11 10:30:00-04:00,22.020000457763672,22.18000030517578,21.979999542236328,22.18000030517578,16901,0.0,0.0
2024-06-11 11:30:00-04:00,22.170000076293945,22.309999465942383,22.110000610351562,22.25,77491,0.0,0.0
2024-06-11 12:30:00-04:00,22.280000686645508,22.290000915527344,22.18000030517578,22.219999313354492,34944,0.0,0.0
2024-06-11 13:30:00-04:00,22.18000030517578,22.309999465942383,22.18000030517578,22.309999465942383,7649,0.0,0.0
2024-06-11 14:30:00-04:00,22.389999389648438,22.389999389648438,22.3700008392334,22.389999389648438,8294,0.0,0.0
2024-06-11 15:30:00-04:00,22.31999969482422,22.389999389648438,22.295000076293945,22.360000610351562,61497,0.0,0.0
2024-06-12 09:30:00-04:00,23.0,23.165000915527344,22.770000457763672,23.0,19485,0.0,0.0
2024-06-12 10:30:00-04:00,23.030000686645508,23.290000915527344,22.920000076293945,22.920000076293945,18818,0.0,0.0
2024-06-12 11:30:00-04:00,22.90999984741211,22.959999084472656,22.790000915527344,22.799999237060547,24339,0.0,0.0
2024-06-12 12:30:00-04:00,22.860000610351562,22.940000534057617,22.80500030517578,22.940000534057617,8085,0.0,0.0
2024-06-12 13:30:00-04:00,23.010000228881836,23.06999969482422,22.799999237060547,22.829999923706055,13296,0.0,0.0
2024-06-12 14:30:00-04:00,22.809999465942383,22.860000610351562,22.575000762939453,22.575000762939453,44630,0.0,0.0
2024-06-12 15:30:00-04:00,22.4950008392334,22.530000686645508,22.344999313354492,22.530000686645508,70900,0.0,0.0
2024-06-13 09:30:00-04:00,22.510000228881836,22.510000228881836,22.25,22.389999389648438,12466,0.0,0.0
2024-06-13 10:30:00-04:00,22.260099411010742,22.260099411010742,22.165000915527344,22.18000030517578,9896,0.0,0.0
2024-06-13 11:30:00-04:00,22.18000030517578,22.190000534057617,22.1299991607666,22.139999389648438,7572,0.0,0.0
2024-06-13 12:30:00-04:00,22.18000030517578,22.2450008392334,22.167499542236328,22.239999771118164,5419,0.0,0.0
2024-06-13 13:30:00-04:00,22.235000610351562,22.270000457763672,22.209999084472656,22.270000457763672,7530,0.0,0.0
2024-06-13 14:30:00-04:00,22.25,22.299999237060547,22.235000610351562,22.299999237060547,10312,0.0,0.0
2024-06-13 15:30:00-04:00,22.299999237060547,22.420000076293945,22.270000457763672,22.360000610351562,31746,0.0,0.0
2024-06-14 09:30:00-04:00,22.030000686645508,22.209999084472656,21.84000015258789,22.209999084472656,69782,0.0,0.0
2024-06-14 10:30:00-04:00,22.21500015258789,22.344999313354492,22.145000457763672,22.31920051574707,38229,0.0,0.0
2024-06-14 11:30:00-04:00,22.299999237060547,22.299999237060547,22.110000610351562,22.110000610351562,6460,0.0,0.0
2024-06-14 12:30:00-04:00,22.110000610351562,22.18000030517578,22.079999923706055,22.079999923706055,3821,0.0,0.0
2024-06-14 13:30:00-04:00,22.09000015258789,22.09000015258789,22.003000259399414,22.049999237060547,7134,0.0,0.0
2024-06-14 14:30:00-04:00,22.020000457763672,22.139999389648438,21.989999771118164,22.139999389648438,19105,0.0,0.0
2024-06-14 15:30:00-04:00,22.1299991607666,22.229999542236328,22.030000686645508,22.110000610351562,80456,0.0,0.0
2024-06-17 09:30:00-04:00,21.989999771118164,22.100000381469727,21.8799991607666,21.979999542236328,14755,0.0,0.0
2024-06-17 10:30:00-04:00,21.985000610351562,22.0,21.969999313354492,21.979999542236328,3762,0.0,0.0
2024-06-17 11:30:00-04:00,22.024999618530273,22.079999923706055,21.979999542236328,22.06999969482422,4430,0.0,0.0
2024-06-17 12:30:00-04:00,22.09000015258789,22.110000610351562,22.030000686645508,22.110000610351562,8926,0.0,0.0
2024-06-17 13:30:00-04:00,22.100000381469727,22.280000686645508,22.100000381469727,22.239999771118164,10469,0.0,0.0
2024-06-17 14:30:00-04:00,22.239999771118164,22.290000915527344,22.225000381469727,22.28499984741211,8761,0.0,0.0
2024-06-17 15:30:00-04:00,22.306499481201172,22.479999542236328,22.306499481201172,22.469999313354492,17234,0.0,0.0
2024-06-18 09:30:00-04:00,22.34000015258789,22.540000915527344,22.34000015258789,22.53499984741211,10457,0.0,0.0
2024-06-18 10:30:00-04:00,22.549999237060547,22.665000915527344,22.540000915527344,22.614999771118164,21802,0.0,0.0
2024-06-18 11:30:00-04:00,22.614999771118164,22.670000076293945,22.559999465942383,22.579999923706055,27940,0.0,0.0
2024-06-18 12:30:00-04:00,22.59000015258789,22.59000015258789,22.549999237060547,22.56999969482422,3564,0.0,0.0
2024-06-18 13:30:00-04:00,22.579999923706055,22.610000610351562,22.565000534057617,22.610000610351562,3824,0.0,0.0
2024-06-18 14:30:00-04:00,22.610000610351562,22.6299991607666,22.520000457763672,22.540000915527344,8358,0.0,0.0
2024-06-18 15:30:00-04:00,22.540000915527344,22.540000915527344,22.459999084472656,22.479999542236328,19119,0.0,0.0
2024-06-20 09:30:00-04:00,22.31999969482422,22.54800033569336,22.1299991607666,22.54800033569336,17354,0.0,0.0
2024-06-20 10:30:00-04:00,22.459999084472656,22.459999084472656,22.360000610351562,22.360000610351562,3119,0.0,0.0
2024-06-20 11:30:00-04:00,22.38909912109375,22.405000686645508,22.280000686645508,22.3700008392334,9206,0.0,0.0
2024-06-20 12:30:00-04:00,22.350000381469727,22.398000717163086,22.350000381469727,22.354999542236328,5916,0.0,0.0
2024-06-20 13:30:00-04:00,22.350000381469727,22.399999618530273,22.350000381469727,22.3700008392334,10371,0.0,0.0
2024-06-20 14:30:00-04:00,22.360000610351562,22.360000610351562,22.280000686645508,22.329999923706055,14917,0.0,0.0
2024-06-20 15:30:00-04:00,22.309999465942383,22.43000030517578,22.290000915527344,22.43000030517578,27905,0.0,0.0
2024-06-21 09:30:00-04:00,22.450000762939453,22.489999771118164,22.174999237060547,22.46500015258789,127158,0.0,0.0
2024-06-21 10:30:00-04:00,22.479999542236328,22.479999542236328,22.350000381469727,22.350000381469727,3039,0.0,0.0
2024-06-21 11:30:00-04:00,22.350000381469727,22.350000381469727,22.309999465942383,22.329999923706055,3475,0.0,0.0
2024-06-21 12:30:00-04:00,22.3700008392334,22.37529945373535,22.329999923706055,22.334999084472656,3233,0.0,0.0
2024-06-21 13:30:00-04:00,22.299999237060547,22.389999389648438,22.29439926147461,22.374900817871094,7636,0.0,0.0
2024-06-21 14:30:00-04:00,22.3700008392334,22.469999313354492,22.34000015258789,22.440000534057617,22856,0.0,0.0
2024-06-21 15:30:00-04:00,22.469999313354492,22.540000915527344,22.469999313354492,22.479999542236328,32595,0.0,0.0
2024-06-24 09:30:00-04:00,22.440000534057617,22.739999771118164,22.260000228881836,22.729999542236328,23415,0.0,0.0
2024-06-24 10:30:00-04:00,22.73710060119629,22.899999618530273,22.73710060119629,22.8700008392334,7955,0.0,0.0
2024-06-24 11:30:00-04:00,22.84000015258789,22.84000015258789,22.780000686645508,22.815000534057617,5662,0.0,0.0
2024-06-24 12:30:00-04:00,22.780000686645508,22.780000686645508,22.690000534057617,22.700000762939453,14708,0.0,0.0
2024-06-24 13:30:00-04:00,22.670000076293945,22.770000457763672,22.649999618530273,22.770000457763672,10703,0.0,0.0
2024-06-24 14:30:00-04:00,22.780000686645508,22.81999969482422,22.666000366210938,22.690000534057617,20196,0.0,0.0
2024-06-24 15:30:00-04:00,22.674999237060547,22.674999237060547,22.59000015258789,22.59000015258789,36663,0.0,0.0
2024-06-25 09:30:00-04:00,22.56999969482422,22.6299991607666,22.450000762939453,22.6299991607666,18433,0.0,0.0
2024-06-25 10:30:00-04:00,22.600000381469727,22.6299991607666,22.549999237060547,22.549999237060547,14505,0.0,0.0
2024-06-25 11:30:00-04:00,22.579999923706055,22.6299991607666,22.559999465942383,22.6200008392334,7604,0.0,0.0
2024-06-25 12:30:00-04:00,22.579999923706055,22.674999237060547,22.579999923706055,22.670000076293945,6180,0.0,0.0
2024-06-25 13:30:00-04:00,22.670000076293945,22.670000076293945,22.6200008392334,22.66990089416504,21733,0.0,0.0
2024-06-25 14:30:00-04:00,22.6299991607666,22.6299991607666,22.450000762939453,22.520000457763672,28512,0.0,0.0
2024-06-25 15:30:00-04:00,22.479999542236328,22.6200008392334,22.479999542236328,22.600000381469727,35258,0.0,0.0
2024-06-26 09:30:00-04:00,22.40999984741211,22.549999237060547,22.280000686645508,22.530000686645508,11143,0.0,0.0
2024-06-26 10:30:00-04:00,22.530000686645508,22.549999237060547,22.5,22.549999237060547,4128,0.0,0.0
2024-06-26 11:30:00-04:00,22.559999465942383,22.69499969482422,22.559999465942383,22.670000076293945,7793,0.0,0.0
2024-06-26 12:30:00-04:00,22.673999786376953,22.739900588989258,22.670000076293945,22.739900588989258,6707,0.0,0.0
2024-06-26 13:30:00-04:00,22.739999771118164,22.8700008392334,22.719999313354492,22.8700008392334,10741,0.0,0.0
2024-06-26 14:30:00-04:00,22.8799991607666,23.06999969482422,22.8799991607666,23.040000915527344,20710,0.0,0.0
2024-06-26 15:30:00-04:00,23.05500030517578,23.06999969482422,22.8700008392334,22.8700008392334,39587,0.0,0.0
2024-06-27 09:30:00-04:00,22.979999542236328,23.174999237060547,22.8799991607666,23.1299991607666,14900,0.0,0.0
2024-06-27 10:30:00-04:00,23.145000457763672,23.149999618530273,23.059999465942383,23.079999923706055,7275,0.0,0.0
2024-06-27 11:30:00-04:00,23.079999923706055,23.11949920654297,23.079999923706055,23.100000381469727,6192,0.0,0.0
2024-06-27 12:30:00-04:00,23.100000381469727,23.200000762939453,23.040000915527344,23.17060089111328,8682,0.0,0.0
2024-06-27 13:30:00-04:00,23.149999618530273,23.18000030517578,23.1200008392334,23.1200008392334,5513,0.0,0.0
2024-06-27 14:30:00-04:00,23.100000381469727,23.209999084472656,23.100000381469727,23.209999084472656,9815,0.0,0.0
2024-06-27 15:30:00-04:00,23.190000534057617,23.3700008392334,23.190000534057617,23.350000381469727,30051,0.0,0.0
2024-06-28 09:30:00-04:00,23.559999465942383,23.799999237060547,23.489999771118164,23.729999542236328,11437,0.0,0.0
2024-06-28 10:30:00-04:00,23.75,24.030000686645508,23.75,23.940000534057617,25848,0.0,0.0
2024-06-28 11:30:00-04:00,23.969999313354492,24.0,23.889999389648438,23.924999237060547,21313,0.0,0.0
2024-06-28 12:30:00-04:00,23.93000030517578,24.010000228881836,23.899999618530273,24.010000228881836,20641,0.0,0.0
2024-06-28 13:30:00-04:00,24.0,24.040000915527344,23.934999465942383,24.0,11706,0.0,0.0
2024-06-28 14:30:00-04:00,24.0,24.030000686645508,23.8700008392334,23.940000534057617,16612,0.0,0.0
2024-06-28 15:30:00-04:00,23.969999313354492,24.280000686645508,23.8799991607666,24.209999084472656,142736,0.0,0.0
2024-07-01 09:30:00-04:00,24.059999465942383,24.25,23.959999084472656,23.969999313354492,16089,0.0,0.0
2024-07-01 10:30:00-04:00,23.940000534057617,24.110000610351562,23.8799991607666,23.8799991607666,19645,0.0,0.0
2024-07-01 11:30:00-04:00,23.895000457763672,24.010000228881836,23.829999923706055,24.010000228881836,27308,0.0,0.0
2024-07-01 12:30:00-04:00,24.049999237060547,24.15999984741211,24.0,24.150999069213867,11994,0.0,0.0
2024-07-01 13:30:00-04:00,24.110000610351562,24.110000610351562,23.8799991607666,23.940000534057617,20995,0.0,0.0
2024-07-01 14:30:00-04:00,23.920000076293945,24.010000228881836,23.860000610351562,23.899999618530273,17519,0.0,0.0
2024-07-01 15:30:00-04:00,23.920000076293945,23.920000076293945,23.760000228881836,23.770000457763672,45049,0.0,0.0
2024-07-02 09:30:00-04:00,23.790000915527344,23.950000762939453,23.790000915527344,23.889999389648438,7659,0.0,0.0
2024-07-02 10:30:00-04:00,23.889999389648438,23.889999389648438,23.81999969482422,23.8700008392334,5550,0.0,0.0
2024-07-02 11:30:00-04:00,23.889999389648438,23.989999771118164,23.889999389648438,23.989999771118164,7623,0.0,0.0
2024-07-02 12:30:00-04:00,23.979999542236328,23.989999771118164,23.959999084472656,23.989999771118164,4632,0.0,0.0
2024-07-02 13:30:00-04:00,24.020000457763672,24.049999237060547,23.99799919128418,24.030000686645508,5937,0.0,0.0
2024-07-02 14:30:00-04:00,24.040000915527344,24.104999542236328,23.959999084472656,24.094999313354492,14644,0.0,0.0
2024-07-02 15:30:00-04:00,24.079999923706055,24.190000534057617,24.06999969482422,24.149999618530273,25260,0.0,0.0
2024-07-03 09:30:00-04:00,24.15999984741211,24.190000534057617,23.979999542236328,24.079999923706055,10065,0.0,0.0
2024-07-03 10:30:00-04:00,24.06999969482422,24.125,23.84000015258789,23.889999389648438,5648,0.0,0.0
2024-07-03 11:30:00-04:00,23.8799991607666,23.8799991607666,23.780000686645508,23.829999923706055,8055,0.0,0.0
2024-07-05 09:30:00-04:00,23.549999237060547,23.719999313354492,23.520000457763672,23.610000610351562,31592,0.0,0.0
2024-07-05 10:30:00-04:00,23.6200008392334,23.770000457763672,23.53499984741211,23.59000015258789,10327,0.0,0.0
2024-07-05 11:30:00-04:00,23.579999923706055,23.579999923706055,23.520000457763672,23.520000457763672,3444,0.0,0.0
2024-07-05 12:30:00-04:00,23.489999771118164,23.540000915527344,23.481199264526367,23.514999389648438,7968,0.0,0.0
2024-07-05 13:30:00-04:00,23.514999389648438,23.579999923706055,23.514999389648438,23.579999923706055,4834,0.0,0.0
2024-07-05 14:30:00-04:00,23.59000015258789,23.59000015258789,23.530000686645508,23.53499984741211,11593,0.0,0.0
2024-07-05 15:30:00-04:00,23.530000686645508,23.649999618530273,23.530000686645508,23.540000915527344,24658,0.0,0.0
2024-07-08 09:30:00-04:00,23.739999771118164,23.829999923706055,23.65999984741211,23.739999771118164,9114,0.0,0.0
2024-07-08 10:30:00-04:00,23.729999542236328,23.850000381469727,23.729999542236328,23.774999618530273,7282,0.0,0.0
2024-07-08 11:30:00-04:00,23.690000534057617,23.760000228881836,23.670000076293945,23.7549991607666,3430,0.0,0.0
2024-07-08 12:30:00-04:00,23.770000457763672,23.770000457763672,23.610000610351562,23.639999389648438,4913,0.0,0.0
2024-07-08 13:30:00-04:00,23.59000015258789,23.649999618530273,23.59000015258789,23.649999618530273,4056,0.0,0.0
2024-07-08 14:30:00-04:00,23.6299991607666,23.75,23.6299991607666,23.739999771118164,7290,0.0,0.0
2024-07-08 15:30:00-04:00,23.65999984741211,23.690000534057617,23.540000915527344,23.6200008392334,41704,0.0,0.0
2024-07-09 09:30:00-04:00,23.489999771118164,23.520000457763672,23.299999237060547,23.479999542236328,29614,0.0,0.0
2024-07-09 10:30:00-04:00,23.459999084472656,23.520000457763672,23.459999084472656,23.469999313354492,4016,0.0,0.0
2024-07-09 11:30:00-04:00,23.47010040283203,23.68000030517578,23.47010040283203,23.670000076293945,13400,0.0,0.0
2024-07-09 12:30:00-04:00,23.670000076293945,23.7549991607666,23.670000076293945,23.7549991607666,4104,0.0,0.0
2024-07-09 13:30:00-04:00,23.770000457763672,23.84000015258789,23.770000457763672,23.790000915527344,7662,0.0,0.0
2024-07-09 14:30:00-04:00,23.739999771118164,23.780000686645508,23.65999984741211,23.739999771118164,9877,0.0,0.0
2024-07-09 15:30:00-04:00,23.75,23.8799991607666,23.709999084472656,23.850000381469727,30158,0.0,0.0
2024-07-10 09:30:00-04:00,23.84000015258789,23.93000030517578,23.770000457763672,23.899999618530273,9483,0.0,0.0
2024-07-10 10:30:00-04:00,23.854000091552734,24.0,23.799999237060547,23.959999084472656,6975,0.0,0.0
2024-07-10 11:30:00-04:00,23.979999542236328,24.18000030517578,23.979999542236328,24.1200008392334,6572,0.0,0.0
2024-07-10 12:30:00-04:00,24.059999465942383,24.110000610351562,24.040000915527344,24.079999923706055,6165,0.0,0.0
2024-07-10 13:30:00-04:00,24.083999633789062,24.170000076293945,24.083999633789062,24.170000076293945,6944,0.0,0.0
2024-07-10 14:30:00-04:00,24.18000030517578,24.229999542236328,24.170000076293945,24.200000762939453,8638,0.0,0.0
2024-07-10 15:30:00-04:00,24.219999313354492,24.31999969482422,24.190000534057617,24.280000686645508,28888,0.0,0.0
2024-07-11 09:30:00-04:00,24.65999984741211,25.270000457763672,24.6200008392334,25.209999084472656,29750,0.0,0.0
2024-07-11 10:30:00-04:00,25.190000534057617,25.489999771118164,25.190000534057617,25.360000610351562,19165,0.0,0.0
2024-07-11 11:30:00-04:00,25.420000076293945,25.43000030517578,25.06999969482422,25.06999969482422,11244,0.0,0.0
2024-07-11 12:30:00-04:00,25.09000015258789,25.260000228881836,25.059999465942383,25.209999084472656,19699,0.0,0.0
2024-07-11 13:30:00-04:00,25.209999084472656,25.229999542236328,25.139999389648438,25.200000762939453,22677,0.0,0.0
2024-07-11 14:30:00-04:00,25.200000762939453,25.350000381469727,25.15999984741211,25.31999969482422,34828,0.0,0.0
2024-07-11 15:30:00-04:00,25.34000015258789,25.446399688720703,25.219999313354492,25.3700008392334,66382,0.0,0.0
2024-07-12 09:30:00-04:00,25.6200008392334,25.81999969482422,25.010000228881836,25.770000457763672,41258,0.0,0.0
2024-07-12 10:30:00-04:00,25.719999313354492,25.719999313354492,25.5,25.600000381469727,12738,0.0,0.0
2024-07-12 11:30:00-04:00,25.540000915527344,25.540000915527344,25.420000076293945,25.510000228881836,13861,0.0,0.0
2024-07-12 12:30:00-04:00,25.471500396728516,25.471500396728516,25.3700008392334,25.389999389648438,8715,0.0,0.0
2024-07-12 13:30:00-04:00,25.3700008392334,25.3799991607666,25.309999465942383,25.3700008392334,7217,0.0,0.0
2024-07-12 14:30:00-04:00,25.360000610351562,25.520000457763672,25.325599670410156,25.469999313354492,12098,0.0,0.0
2024-07-12 15:30:00-04:00,25.488000869750977,25.559999465942383,25.440000534057617,25.458999633789062,41826,0.0,0.0
