Datetime,Open,High,Low,Close,Volume,Dividends,Stock Splits,Capital Gains
2022-07-14 14:30:00-04:00,34.029998779296875,34.26499938964844,34.029998779296875,34.26499938964844,571,0.0,0.0,0.0
2022-07-14 15:30:00-04:00,34.04999923706055,34.235198974609375,34.040000915527344,34.235198974609375,0,0.0,0.0,0.0
2022-07-15 10:30:00-04:00,34.525001525878906,34.55419921875,34.525001525878906,34.55419921875,389,0.0,0.0,0.0
2022-07-18 09:30:00-04:00,34.6150016784668,34.6150016784668,34.6150016784668,34.6150016784668,0,0.0,0.0,0.0
2022-07-18 12:30:00-04:00,34.62229919433594,34.62229919433594,34.34579849243164,34.62229919433594,778,0.0,0.0,0.0
2022-07-19 11:30:00-04:00,34.33000183105469,34.33000183105469,33.869998931884766,33.869998931884766,1054,0.0,0.0,0.0
2022-07-19 12:30:00-04:00,33.869998931884766,34.209999084472656,33.630001068115234,34.185001373291016,4157,0.0,0.0,0.0
2022-07-20 09:30:00-04:00,34.77000045776367,34.79999923706055,34.630001068115234,34.630001068115234,0,0.0,0.0,0.0
2022-07-20 11:30:00-04:00,33.040000915527344,33.040000915527344,33.040000915527344,33.040000915527344,406,0.0,0.0,0.0
2022-07-20 13:30:00-04:00,33.400001525878906,34.18000030517578,32.810001373291016,32.810001373291016,576,0.0,0.0,0.0
2022-07-20 14:30:00-04:00,34.790000915527344,34.960601806640625,34.63999938964844,34.875,1627,0.0,0.0,0.0
2022-07-21 09:30:00-04:00,34.2599983215332,34.380001068115234,33.58000183105469,34.327701568603516,0,0.0,0.0,0.0
2022-07-21 10:30:00-04:00,33.124000549316406,33.124000549316406,33.124000549316406,33.124000549316406,148,0.0,0.0,0.0
2022-07-21 13:30:00-04:00,34.29999923706055,34.599998474121094,33.34000015258789,34.5525016784668,3601,0.0,0.0,0.0
2022-07-21 14:30:00-04:00,34.11000061035156,34.77000045776367,34.11000061035156,34.70000076293945,2049,0.0,0.0,0.0
2022-07-21 15:30:00-04:00,35.02000045776367,35.025001525878906,35.02000045776367,35.025001525878906,981,0.0,0.0,0.0
2022-07-22 12:30:00-04:00,33.88420104980469,34.369998931884766,33.88420104980469,34.369998931884766,3567,0.0,0.0,0.0
2022-07-22 15:30:00-04:00,33.494998931884766,33.494998931884766,33.494998931884766,33.494998931884766,100,0.0,0.0,0.0
2022-07-25 09:30:00-04:00,33.68000030517578,33.68000030517578,33.68000030517578,33.68000030517578,1206,0.0,0.0,0.0
2022-07-25 10:30:00-04:00,34.13999938964844,34.13999938964844,34.10060119628906,34.10060119628906,226,0.0,0.0,0.0
2022-07-25 11:30:00-04:00,33.7400016784668,33.7400016784668,33.7400016784668,33.7400016784668,169,0.0,0.0,0.0
2022-07-25 13:30:00-04:00,33.38999938964844,33.790000915527344,33.380001068115234,33.790000915527344,405,0.0,0.0,0.0
2022-07-25 14:30:00-04:00,33.709999084472656,34.38999938964844,33.709999084472656,34.38999938964844,121,0.0,0.0,0.0
2022-07-26 13:30:00-04:00,33.833499908447266,33.833499908447266,33.833499908447266,33.833499908447266,0,0.0,0.0,0.0
2022-07-26 15:30:00-04:00,33.52000045776367,33.52000045776367,33.52000045776367,33.52000045776367,0,0.0,0.0,0.0
2022-07-27 10:30:00-04:00,34.0,34.0,34.0,34.0,194,0.0,0.0,0.0
2022-07-27 11:30:00-04:00,33.04999923706055,33.529998779296875,33.04999923706055,33.529998779296875,876,0.0,0.0,0.0
2022-07-27 12:30:00-04:00,33.064998626708984,33.064998626708984,33.064998626708984,33.064998626708984,1015,0.0,0.0,0.0
2022-07-27 14:30:00-04:00,34.9900016784668,34.9900016784668,34.9900016784668,34.9900016784668,0,0.0,0.0,0.0
2022-07-28 09:30:00-04:00,33.59000015258789,33.59000015258789,33.59000015258789,33.59000015258789,475,0.0,0.0,0.0
2022-07-28 13:30:00-04:00,34.9900016784668,35.03499984741211,34.580299377441406,34.580299377441406,770,0.0,0.0,0.0
2022-07-29 11:30:00-04:00,33.415000915527344,35.4900016784668,33.415000915527344,35.4900016784668,3538,0.0,0.0,0.0
2022-07-29 15:30:00-04:00,35.040000915527344,35.529998779296875,35.040000915527344,35.529998779296875,244,0.0,0.0,0.0
2022-08-01 10:30:00-04:00,34.755001068115234,34.88999938964844,32.95000076293945,34.88999938964844,1080,0.0,0.0,0.0
2022-08-01 14:30:00-04:00,32.96009826660156,34.88999938964844,32.96009826660156,32.96009826660156,1159,0.0,0.0,0.0
2022-08-01 15:30:00-04:00,34.20000076293945,34.20000076293945,34.20000076293945,34.20000076293945,782,0.0,0.0,0.0
2022-08-02 09:30:00-04:00,34.13999938964844,34.13999938964844,34.13999938964844,34.13999938964844,0,0.0,0.0,0.0
2022-08-02 10:30:00-04:00,34.13999938964844,34.4900016784668,32.910099029541016,32.910099029541016,1260,0.0,0.0,0.0
2022-08-02 12:30:00-04:00,34.505001068115234,34.630001068115234,34.505001068115234,34.511199951171875,1885,0.0,0.0,0.0
2022-08-02 15:30:00-04:00,33.91999816894531,35.025001525878906,33.91999816894531,35.025001525878906,194,0.0,0.0,0.0
2022-08-03 12:30:00-04:00,33.599998474121094,34.75,32.22010040283203,34.75,2263,0.0,0.0,0.0
2022-08-03 14:30:00-04:00,34.75,34.849998474121094,34.75,34.849998474121094,2261,0.0,0.0,0.0
2022-08-03 15:30:00-04:00,34.900001525878906,35.369998931884766,34.900001525878906,35.369998931884766,150,0.0,0.0,0.0
2022-08-04 13:30:00-04:00,35.0,35.0,35.0,35.0,0,0.0,0.0,0.0
2022-08-04 14:30:00-04:00,34.79999923706055,35.439998626708984,34.79999923706055,34.79999923706055,1012,0.0,0.0,0.0
2022-08-04 15:30:00-04:00,35.04999923706055,35.439998626708984,35.04999923706055,35.439998626708984,261,0.0,0.0,0.0
2022-08-05 14:30:00-04:00,32.600101470947266,32.600101470947266,32.600101470947266,32.600101470947266,0,0.0,0.0,0.0
2022-08-08 09:30:00-04:00,34.0,34.0,34.0,34.0,468,0.0,0.0,0.0
2022-08-08 14:30:00-04:00,35.230098724365234,36.025001525878906,35.230098724365234,36.025001525878906,330,0.0,0.0,0.0
2022-08-09 09:30:00-04:00,34.779998779296875,35.18899917602539,33.810001373291016,34.900001525878906,2602,0.0,0.0,0.0
2022-08-09 10:30:00-04:00,34.02000045776367,34.630001068115234,34.011600494384766,34.60060119628906,580,0.0,0.0,0.0
2022-08-09 11:30:00-04:00,35.2599983215332,35.2599983215332,35.18090057373047,35.2599983215332,414,0.0,0.0,0.0
2022-08-09 12:30:00-04:00,35.4900016784668,36.099998474121094,35.037498474121094,35.037498474121094,555,0.0,0.0,0.0
2022-08-10 09:30:00-04:00,34.79999923706055,35.875,33.779998779296875,35.099998474121094,0,0.0,0.0,0.0
2022-08-10 10:30:00-04:00,35.099998474121094,35.220001220703125,35.099998474121094,35.220001220703125,501,0.0,0.0,0.0
2022-08-10 14:30:00-04:00,35.869998931884766,36.5,35.869998931884766,36.40999984741211,1650,0.0,0.0,0.0
2022-08-10 15:30:00-04:00,36.41999816894531,36.41999816894531,36.40999984741211,36.40999984741211,1039,0.0,0.0,0.0
2022-08-11 09:30:00-04:00,35.599998474121094,36.279998779296875,35.350799560546875,36.099998474121094,0,0.0,0.0,0.0
2022-08-11 10:30:00-04:00,35.04999923706055,35.5,35.000099182128906,35.5,3697,0.0,0.0,0.0
2022-08-11 13:30:00-04:00,35.27000045776367,35.85499954223633,35.16999816894531,35.85499954223633,589,0.0,0.0,0.0
2022-08-11 15:30:00-04:00,35.904998779296875,36.29999923706055,35.27000045776367,35.27000045776367,768,0.0,0.0,0.0
2022-08-12 09:30:00-04:00,35.29999923706055,35.78929901123047,34.90399932861328,35.52000045776367,0,0.0,0.0,0.0
2022-08-12 11:30:00-04:00,35.20000076293945,35.20000076293945,35.20000076293945,35.20000076293945,193,0.0,0.0,0.0
2022-08-12 14:30:00-04:00,35.20000076293945,35.94499969482422,35.20000076293945,35.94499969482422,345,0.0,0.0,0.0
2022-08-15 09:30:00-04:00,35.400001525878906,36.209999084472656,34.2599983215332,35.599998474121094,0,0.0,0.0,0.0
2022-08-15 10:30:00-04:00,35.439998626708984,35.52000045776367,35.439998626708984,35.52000045776367,428,0.0,0.0,0.0
2022-08-15 13:30:00-04:00,36.45000076293945,36.45000076293945,36.45000076293945,36.45000076293945,8211,0.0,0.0,0.0
2022-08-15 15:30:00-04:00,36.1150016784668,36.1150016784668,36.1150016784668,36.1150016784668,100,0.0,0.0,0.0
2022-08-16 09:30:00-04:00,36.1150016784668,36.435001373291016,33.22999954223633,35.959999084472656,9607,0.0,0.0,0.0
2022-08-16 10:30:00-04:00,35.02000045776367,35.75,35.02000045776367,35.75,277,0.0,0.0,0.0
2022-08-17 09:30:00-04:00,34.779998779296875,36.374000549316406,34.244998931884766,35.7400016784668,0,0.0,0.0,0.0
2022-08-17 12:30:00-04:00,35.04999923706055,35.04999923706055,35.04999923706055,35.04999923706055,101,0.0,0.0,0.0
2022-08-17 13:30:00-04:00,35.04010009765625,35.04010009765625,35.04010009765625,35.04010009765625,1810,0.0,0.0,0.0
2022-08-17 15:30:00-04:00,35.640899658203125,35.7505989074707,35.640899658203125,35.7505989074707,221,0.0,0.0,0.0
2022-08-18 09:30:00-04:00,35.470001220703125,36.709999084472656,35.470001220703125,36.0,0,0.0,0.0,0.0
2022-08-18 11:30:00-04:00,35.80590057373047,35.959999084472656,35.80590057373047,35.959999084472656,341,0.0,0.0,0.0
2022-08-19 09:30:00-04:00,34.88840103149414,36.45000076293945,34.88840103149414,36.130001068115234,206,0.0,0.0,0.0
2022-08-22 09:30:00-04:00,34.939998626708984,34.939998626708984,34.939998626708984,34.939998626708984,0,0.0,0.0,0.0
2022-08-22 10:30:00-04:00,34.47999954223633,34.58000183105469,34.099998474121094,34.099998474121094,733,0.0,0.0,0.0
2022-08-22 11:30:00-04:00,34.560001373291016,34.58000183105469,34.220001220703125,34.55149841308594,449,0.0,0.0,0.0
2022-08-22 12:30:00-04:00,34.560001373291016,34.560001373291016,34.21799850463867,34.5004997253418,562,0.0,0.0,0.0
2022-08-22 13:30:00-04:00,34.4900016784668,34.4900016784668,34.08000183105469,34.40449905395508,890,0.0,0.0,0.0
2022-08-22 14:30:00-04:00,34.44309997558594,34.44309997558594,34.402000427246094,34.402000427246094,366,0.0,0.0,0.0
2022-08-22 15:30:00-04:00,34.45000076293945,34.45000076293945,33.56999969482422,33.56999969482422,531,0.0,0.0,0.0
2022-08-23 10:30:00-04:00,33.720001220703125,34.0,33.720001220703125,34.0,149,0.0,0.0,0.0
2022-08-23 13:30:00-04:00,34.0099983215332,34.0099983215332,34.0099983215332,34.0099983215332,199,0.0,0.0,0.0
2022-08-23 14:30:00-04:00,35.63999938964844,35.63999938964844,35.63999938964844,35.63999938964844,1106,0.0,0.0,0.0
2022-08-24 09:30:00-04:00,34.470001220703125,34.470001220703125,34.470001220703125,34.470001220703125,0,0.0,0.0,0.0
2022-08-24 10:30:00-04:00,33.029998779296875,33.029998779296875,33.029998779296875,33.029998779296875,129,0.0,0.0,0.0
2022-08-24 11:30:00-04:00,33.95000076293945,34.470001220703125,33.95000076293945,34.470001220703125,1396,0.0,0.0,0.0
2022-08-24 13:30:00-04:00,34.63999938964844,34.688899993896484,34.63999938964844,34.688899993896484,384,0.0,0.0,0.0
2022-08-25 10:30:00-04:00,34.5099983215332,34.5099983215332,34.41999816894531,34.41999816894531,250,0.0,0.0,0.0
2022-08-25 11:30:00-04:00,34.400001525878906,34.45000076293945,34.400001525878906,34.45000076293945,1115,0.0,0.0,0.0
2022-08-25 15:30:00-04:00,34.470001220703125,34.630001068115234,34.470001220703125,34.630001068115234,699,0.0,0.0,0.0
2022-08-26 13:30:00-04:00,35.209999084472656,35.209999084472656,33.349998474121094,34.5,18068,0.0,0.0,0.0
2022-08-26 14:30:00-04:00,34.459999084472656,35.459999084472656,33.7400016784668,34.099998474121094,19232,0.0,0.0,0.0
2022-08-26 15:30:00-04:00,34.0,34.16999816894531,33.77000045776367,33.77000045776367,420,0.0,0.0,0.0
2022-08-29 09:30:00-04:00,33.5099983215332,35.209999084472656,33.5099983215332,34.0,0,0.0,0.0,0.0
2022-08-29 10:30:00-04:00,34.099998474121094,34.310001373291016,33.70000076293945,33.70000076293945,1258,0.0,0.0,0.0
2022-08-29 11:30:00-04:00,33.599998474121094,34.119998931884766,33.599998474121094,34.119998931884766,550,0.0,0.0,0.0
2022-08-29 12:30:00-04:00,34.099998474121094,34.22999954223633,34.099998474121094,34.220001220703125,1106,0.0,0.0,0.0
2022-08-29 13:30:00-04:00,34.279998779296875,35.16999816894531,34.279998779296875,34.46500015258789,2099,0.0,0.0,0.0
2022-08-30 09:30:00-04:00,35.400001525878906,35.400001525878906,33.49850082397461,34.0099983215332,0,0.0,0.0,0.0
2022-08-30 14:30:00-04:00,34.130001068115234,34.130001068115234,33.43000030517578,33.43000030517578,1296,0.0,0.0,0.0
2022-08-31 09:30:00-04:00,34.5,34.5,33.900001525878906,33.900001525878906,0,0.0,0.0,0.0
2022-08-31 15:30:00-04:00,33.560001373291016,34.400001525878906,33.560001373291016,34.040000915527344,76402,0.0,0.0,0.0
2022-09-01 09:30:00-04:00,34.0,34.15999984741211,33.970001220703125,34.09000015258789,0,0.0,0.0,0.0
2022-09-01 10:30:00-04:00,33.40950012207031,33.40950012207031,33.40950012207031,33.40950012207031,905,0.0,0.0,0.0
2022-09-01 12:30:00-04:00,33.84000015258789,34.0,33.79999923706055,33.79999923706055,1205,0.0,0.0,0.0
2022-09-01 13:30:00-04:00,34.040000915527344,34.040000915527344,33.599998474121094,33.86000061035156,936,0.0,0.0,0.0
2022-09-01 14:30:00-04:00,34.0099983215332,34.0099983215332,32.83000183105469,33.45500183105469,6167,0.0,0.0,0.0
2022-09-01 15:30:00-04:00,33.91999816894531,34.0,33.9005012512207,34.0,2300,0.0,0.0,0.0
2022-09-02 09:30:00-04:00,34.04999923706055,34.04999923706055,33.959999084472656,34.0,0,0.0,0.0,0.0
2022-09-02 10:30:00-04:00,33.907501220703125,33.907501220703125,33.907501220703125,33.907501220703125,150,0.0,0.0,0.0
2022-09-02 11:30:00-04:00,34.470001220703125,34.849998474121094,34.150001525878906,34.40010070800781,8558,0.0,0.0,0.0
2022-09-02 12:30:00-04:00,34.189998626708984,34.22999954223633,33.63999938964844,34.11000061035156,1450,0.0,0.0,0.0
2022-09-02 13:30:00-04:00,34.0,34.0,34.0,34.0,190,0.0,0.0,0.0
2022-09-02 14:30:00-04:00,34.0,34.5,34.0,34.5,371,0.0,0.0,0.0
2022-09-02 15:30:00-04:00,33.68000030517578,34.0,33.68000030517578,34.0,350,0.0,0.0,0.0
2022-09-06 09:30:00-04:00,34.16999816894531,34.29999923706055,34.16999816894531,34.29999923706055,0,0.0,0.0,0.0
2022-09-06 10:30:00-04:00,34.310001373291016,34.45000076293945,34.310001373291016,34.45000076293945,1000,0.0,0.0,0.0
2022-09-06 11:30:00-04:00,34.38999938964844,34.38999938964844,34.38999938964844,34.38999938964844,245,0.0,0.0,0.0
2022-09-06 14:30:00-04:00,34.77000045776367,34.77000045776367,34.2400016784668,34.50630187988281,1810,0.0,0.0,0.0
2022-09-07 10:30:00-04:00,34.630001068115234,34.630001068115234,34.630001068115234,34.630001068115234,150,0.0,0.0,0.0
2022-09-07 11:30:00-04:00,34.650001525878906,34.996299743652344,34.650001525878906,34.996299743652344,436,0.0,0.0,0.0
2022-09-08 14:30:00-04:00,35.16019821166992,35.23649978637695,35.16019821166992,35.23649978637695,371,0.0,0.0,0.0
2022-09-09 10:30:00-04:00,35.630001068115234,35.630001068115234,35.53219985961914,35.53219985961914,0,0.0,0.0,0.0
2022-09-12 11:30:00-04:00,35.33000183105469,35.33000183105469,35.33000183105469,35.33000183105469,389,0.0,0.0,0.0
2022-09-12 15:30:00-04:00,35.369998931884766,35.369998931884766,35.369998931884766,35.369998931884766,210,0.0,0.0,0.0
2022-09-13 14:30:00-04:00,34.580101013183594,34.68939971923828,34.580101013183594,34.68939971923828,564,0.0,0.0,0.0
2022-09-14 13:30:00-04:00,34.310001373291016,34.42599868774414,34.310001373291016,34.42599868774414,107,0.0,0.0,0.0
2022-09-15 13:30:00-04:00,34.220001220703125,34.27730178833008,34.220001220703125,34.27730178833008,821,0.0,0.0,0.0
2022-09-16 10:30:00-04:00,34.08000183105469,34.08000183105469,34.08000183105469,34.08000183105469,0,0.0,0.0,0.0
2022-09-16 14:30:00-04:00,34.08000183105469,34.269798278808594,34.08000183105469,34.269798278808594,966,0.0,0.0,0.0
2022-09-19 12:30:00-04:00,34.13999938964844,34.13999938964844,34.13999938964844,34.13999938964844,0,0.0,0.0,0.0
2022-09-19 14:30:00-04:00,34.25,34.404701232910156,34.25,34.404701232910156,1410,0.0,0.0,0.0
2022-09-20 10:30:00-04:00,34.071998596191406,34.214298248291016,34.071998596191406,34.214298248291016,0,0.0,0.0,0.0
2022-09-21 09:30:00-04:00,33.880001068115234,33.880001068115234,33.880001068115234,33.880001068115234,344,0.0,0.0,0.0
2022-09-21 11:30:00-04:00,34.61000061035156,34.61000061035156,34.61000061035156,34.61000061035156,283,0.0,0.0,0.0
2022-09-21 12:30:00-04:00,34.5,34.5,34.5,34.5,140,0.0,0.0,0.0
2022-09-21 13:30:00-04:00,34.040000915527344,34.040000915527344,34.040000915527344,34.040000915527344,101,0.0,0.0,0.0
2022-09-21 14:30:00-04:00,34.09000015258789,34.09000015258789,33.7400016784668,34.073699951171875,580,0.0,0.0,0.0
2022-09-22 09:30:00-04:00,33.63999938964844,33.689998626708984,33.63999938964844,33.689998626708984,0,0.0,0.0,0.0
2022-09-22 10:30:00-04:00,33.59000015258789,33.650001525878906,33.59000015258789,33.650001525878906,227,0.0,0.0,0.0
2022-09-22 12:30:00-04:00,33.54999923706055,33.643699645996094,33.54999923706055,33.643699645996094,354,0.0,0.0,0.0
2022-09-23 09:30:00-04:00,33.290000915527344,33.290000915527344,33.290000915527344,33.290000915527344,0,0.0,0.0,0.0
2022-09-23 10:30:00-04:00,33.29999923706055,33.44850158691406,33.25,33.44850158691406,5177,0.0,0.0,0.0
2022-09-26 13:30:00-04:00,33.20000076293945,33.4098014831543,33.20000076293945,33.4098014831543,108,0.0,0.0,0.0
2022-09-27 09:30:00-04:00,33.20000076293945,33.70000076293945,33.20000076293945,33.70000076293945,1424,0.0,0.0,0.0
2022-09-27 13:30:00-04:00,33.13999938964844,33.13999938964844,33.130001068115234,33.130001068115234,398,0.0,0.0,0.0
2022-09-27 14:30:00-04:00,33.130001068115234,33.35240173339844,33.099998474121094,33.35240173339844,1215,0.0,0.0,0.0
2022-09-28 09:30:00-04:00,33.36000061035156,33.36000061035156,33.36000061035156,33.36000061035156,0,0.0,0.0,0.0
2022-09-28 11:30:00-04:00,33.529998779296875,33.529998779296875,33.529998779296875,33.529998779296875,100,0.0,0.0,0.0
2022-09-28 14:30:00-04:00,33.529998779296875,33.6442985534668,33.529998779296875,33.6442985534668,0,0.0,0.0,0.0
2022-09-29 10:30:00-04:00,33.2599983215332,33.2599983215332,33.2599983215332,33.2599983215332,441,0.0,0.0,0.0
2022-09-29 15:30:00-04:00,33.27000045776367,33.37139892578125,33.157501220703125,33.37139892578125,101,0.0,0.0,0.0
2022-10-03 10:30:00-04:00,33.36000061035156,33.380001068115234,33.36000061035156,33.380001068115234,178,0.0,0.0,0.0
2022-10-03 11:30:00-04:00,33.400001525878906,33.400001525878906,33.400001525878906,33.400001525878906,299,0.0,0.0,0.0
2022-10-03 13:30:00-04:00,33.5,33.532501220703125,33.4900016784668,33.532501220703125,509,0.0,0.0,0.0
2022-10-04 09:30:00-04:00,34.26839828491211,34.26839828491211,34.05630111694336,34.05630111694336,0,0.0,0.0,0.0
2022-10-05 09:30:00-04:00,33.58000183105469,33.58000183105469,33.58000183105469,33.58000183105469,77,0.0,0.0,0.0
2022-10-05 10:30:00-04:00,33.70009994506836,33.70009994506836,33.70009994506836,33.70009994506836,761,0.0,0.0,0.0
2022-10-05 14:30:00-04:00,33.939998626708984,34.04999923706055,33.92449951171875,33.92449951171875,0,0.0,0.0,0.0
2022-10-07 13:30:00-04:00,33.22999954223633,33.22999954223633,33.22710037231445,33.22710037231445,222,0.0,0.0,0.0
2022-10-10 10:30:00-04:00,33.209999084472656,33.209999084472656,33.209999084472656,33.209999084472656,0,0.0,0.0,0.0
2022-10-10 14:30:00-04:00,33.044700622558594,33.1234016418457,33.044700622558594,33.1234016418457,388,0.0,0.0,0.0
2022-10-11 09:30:00-04:00,32.7599983215332,32.7599983215332,32.7599983215332,32.7599983215332,0,0.0,0.0,0.0
2022-10-11 14:30:00-04:00,32.970001220703125,32.970001220703125,32.970001220703125,32.970001220703125,100,0.0,0.0,0.0
2022-10-11 15:30:00-04:00,32.790000915527344,32.79999923706055,32.777000427246094,32.777000427246094,1100,0.0,0.0,0.0
2022-10-12 09:30:00-04:00,33.20000076293945,33.20000076293945,33.0099983215332,33.0099983215332,700,0.0,0.0,0.0
2022-10-12 14:30:00-04:00,32.869998931884766,32.869998931884766,32.834800720214844,32.834800720214844,0,0.0,0.0,0.0
2022-10-13 11:30:00-04:00,33.239898681640625,33.239898681640625,33.239898681640625,33.239898681640625,729,0.0,0.0,0.0
2022-10-13 12:30:00-04:00,32.900001525878906,32.900001525878906,32.900001525878906,32.900001525878906,348,0.0,0.0,0.0
2022-10-13 14:30:00-04:00,33.09000015258789,33.1593017578125,33.08000183105469,33.1593017578125,5226,0.0,0.0,0.0
2022-10-14 13:30:00-04:00,32.66999816894531,32.66999816894531,32.66999816894531,32.66999816894531,0,0.0,0.0,0.0
2022-10-14 15:30:00-04:00,32.68000030517578,32.68000030517578,32.635398864746094,32.68000030517578,4470,0.0,0.0,0.0
2022-10-17 09:30:00-04:00,33.060001373291016,33.060001373291016,33.04999923706055,33.04999923706055,5094,0.0,0.0,0.0
2022-10-17 12:30:00-04:00,32.93000030517578,32.93009948730469,32.93000030517578,32.93009948730469,873,0.0,0.0,0.0
2022-10-17 14:30:00-04:00,33.0260009765625,33.0260009765625,32.95000076293945,33.01559829711914,2366,0.0,0.0,0.0
2022-10-18 11:30:00-04:00,33.099998474121094,33.099998474121094,33.099998474121094,33.099998474121094,0,0.0,0.0,0.0
2022-10-18 13:30:00-04:00,33.2400016784668,33.2400016784668,33.15999984741211,33.15999984741211,3403,0.0,0.0,0.0
2022-10-18 14:30:00-04:00,33.040000915527344,33.14889907836914,33.029998779296875,33.14889907836914,858,0.0,0.0,0.0
2022-10-19 12:30:00-04:00,32.810001373291016,32.810001373291016,32.71780014038086,32.71780014038086,1293,0.0,0.0,0.0
2022-10-19 13:30:00-04:00,32.63999938964844,32.68000030517578,32.599998474121094,32.68000030517578,2315,0.0,0.0,0.0
2022-10-19 14:30:00-04:00,32.75,32.76250076293945,32.75,32.76250076293945,129,0.0,0.0,0.0
2022-10-20 09:30:00-04:00,33.0,33.0,32.95000076293945,33.0,0,0.0,0.0,0.0
2022-10-20 10:30:00-04:00,32.869998931884766,32.880001068115234,32.869998931884766,32.880001068115234,246,0.0,0.0,0.0
2022-10-20 13:30:00-04:00,32.560001373291016,32.560001373291016,32.560001373291016,32.560001373291016,131,0.0,0.0,0.0
2022-10-20 14:30:00-04:00,32.54999923706055,32.602298736572266,32.54999923706055,32.602298736572266,542,0.0,0.0,0.0
2022-10-21 09:30:00-04:00,32.4900016784668,32.52000045776367,32.400001525878906,32.459999084472656,0,0.0,0.0,0.0
2022-10-21 14:30:00-04:00,32.83000183105469,32.948001861572266,32.83000183105469,32.948001861572266,8986,0.0,0.0,0.0
2022-10-24 09:30:00-04:00,32.630001068115234,33.0,32.630001068115234,33.0,0,0.0,0.0,0.0
2022-10-24 14:30:00-04:00,33.13999938964844,33.150001525878906,33.13999938964844,33.14339828491211,6020,0.0,0.0,0.0
2022-10-25 11:30:00-04:00,33.5,33.5525016784668,33.5,33.5525016784668,0,0.0,0.0,0.0
2022-10-26 09:30:00-04:00,33.462501525878906,33.462501525878906,33.462501525878906,33.462501525878906,109,0.0,0.0,0.0
2022-10-26 13:30:00-04:00,33.453399658203125,33.529998779296875,33.453399658203125,33.453399658203125,189,0.0,0.0,0.0
2022-10-27 15:30:00-04:00,33.35499954223633,33.35499954223633,33.29750061035156,33.29750061035156,144,0.0,0.0,0.0
2022-10-28 09:30:00-04:00,33.38999938964844,33.38999938964844,33.38999938964844,33.38999938964844,0,0.0,0.0,0.0
2022-10-28 10:30:00-04:00,33.619998931884766,33.619998931884766,33.619998931884766,33.619998931884766,200,0.0,0.0,0.0
2022-10-28 14:30:00-04:00,33.75,33.80609893798828,33.7400016784668,33.80609893798828,1080,0.0,0.0,0.0
2022-10-31 13:30:00-04:00,33.68000030517578,33.68000030517578,33.604698181152344,33.604698181152344,1960,0.0,0.0,0.0
2022-11-01 14:30:00-04:00,33.5900993347168,33.6338996887207,33.5900993347168,33.6338996887207,0,0.0,0.0,0.0
2022-11-02 09:30:00-04:00,33.290000915527344,33.290000915527344,33.290000915527344,33.290000915527344,0,0.0,0.0,0.0
2022-11-02 13:30:00-04:00,33.400001525878906,33.400001525878906,33.400001525878906,33.400001525878906,146,0.0,0.0,0.0
2022-11-02 14:30:00-04:00,33.4900016784668,33.4900016784668,33.07600021362305,33.07600021362305,190,0.0,0.0,0.0
2022-11-03 09:30:00-04:00,32.84000015258789,32.84000015258789,32.84000015258789,32.84000015258789,0,0.0,0.0,0.0
2022-11-03 10:30:00-04:00,32.900001525878906,32.900001525878906,32.900001525878906,32.900001525878906,263,0.0,0.0,0.0
2022-11-03 14:30:00-04:00,32.93000030517578,32.93009948730469,32.867698669433594,32.867698669433594,294,0.0,0.0,0.0
2022-11-04 09:30:00-04:00,33.099998474121094,33.099998474121094,33.099998474121094,33.099998474121094,0,0.0,0.0,0.0
2022-11-04 14:30:00-04:00,32.869998931884766,33.069698333740234,32.869998931884766,33.069698333740234,100,0.0,0.0,0.0
2022-11-07 13:30:00-05:00,33.119998931884766,33.119998931884766,33.119998931884766,33.119998931884766,248,0.0,0.0,0.0
2022-11-07 14:30:00-05:00,33.20000076293945,33.21889877319336,33.20000076293945,33.21889877319336,1586,0.0,0.0,0.0
2022-11-08 11:30:00-05:00,33.56999969482422,33.56999969482422,33.56999969482422,33.56999969482422,0,0.0,0.0,0.0
2022-11-08 14:30:00-05:00,33.279998779296875,33.279998779296875,33.279998779296875,33.279998779296875,931,0.0,0.0,0.0
2022-11-08 15:30:00-05:00,33.45000076293945,33.45000076293945,33.42879867553711,33.42879867553711,1022,0.0,0.0,0.0
2022-11-09 11:30:00-05:00,33.310001373291016,33.310001373291016,33.1952018737793,33.1952018737793,188,0.0,0.0,0.0
2022-11-10 10:30:00-05:00,34.290000915527344,34.67499923706055,34.290000915527344,34.67499923706055,172,0.0,0.0,0.0
2022-11-11 14:30:00-05:00,35.02000045776367,35.03010177612305,34.93000030517578,35.003299713134766,2021,0.0,0.0,0.0
2022-11-14 09:30:00-05:00,34.630001068115234,34.630001068115234,34.630001068115234,34.630001068115234,0,0.0,0.0,0.0
2022-11-14 12:30:00-05:00,34.91999816894531,34.93000030517578,34.90999984741211,34.90999984741211,3867,0.0,0.0,0.0
2022-11-14 14:30:00-05:00,34.93000030517578,34.93000030517578,34.77320098876953,34.77320098876953,518,0.0,0.0,0.0
2022-11-15 13:30:00-05:00,34.939998626708984,34.99480056762695,34.939998626708984,34.99480056762695,0,0.0,0.0,0.0
2022-11-16 09:30:00-05:00,34.59000015258789,34.59000015258789,34.59000015258789,34.59000015258789,0,0.0,0.0,0.0
2022-11-16 10:30:00-05:00,34.70000076293945,34.70000076293945,34.70000076293945,34.70000076293945,203,0.0,0.0,0.0
2022-11-16 13:30:00-05:00,34.66999816894531,34.670101165771484,34.66999816894531,34.670101165771484,2668,0.0,0.0,0.0
2022-11-16 14:30:00-05:00,34.66999816894531,34.68870162963867,34.66999816894531,34.68870162963867,166,0.0,0.0,0.0
2022-11-17 13:30:00-05:00,34.52000045776367,34.56999969482422,34.47060012817383,34.47060012817383,0,0.0,0.0,0.0
2022-11-18 09:30:00-05:00,34.66999816894531,34.66999816894531,34.66999816894531,34.66999816894531,0,0.0,0.0,0.0
2022-11-18 12:30:00-05:00,34.5,34.5,34.5,34.5,390,0.0,0.0,0.0
2022-11-18 13:30:00-05:00,34.55009841918945,34.6682014465332,34.55009841918945,34.6682014465332,150,0.0,0.0,0.0
2022-11-21 09:30:00-05:00,34.720001220703125,34.790000915527344,34.720001220703125,34.790000915527344,0,0.0,0.0,0.0
2022-11-21 10:30:00-05:00,34.75,34.75,34.75,34.75,219,0.0,0.0,0.0
2022-11-21 12:30:00-05:00,34.7599983215332,34.77000045776367,34.7599983215332,34.77000045776367,700,0.0,0.0,0.0
2022-11-21 13:30:00-05:00,34.77000045776367,34.77000045776367,34.7057991027832,34.7057991027832,237,0.0,0.0,0.0
2022-11-22 10:30:00-05:00,34.86000061035156,34.869998931884766,34.81999969482422,34.869998931884766,0,0.0,0.0,0.0
2022-11-22 13:30:00-05:00,34.90999984741211,34.90999984741211,34.900001525878906,34.90999984741211,0,0.0,0.0,0.0
2022-11-22 14:30:00-05:00,34.88999938964844,34.97200012207031,34.88999938964844,34.97200012207031,2832,0.0,0.0,0.0
2022-11-23 10:30:00-05:00,35.27000045776367,35.290000915527344,35.22999954223633,35.26250076293945,1301,0.0,0.0,0.0
2022-11-23 11:30:00-05:00,35.12009811401367,35.12009811401367,35.119998931884766,35.119998931884766,1402,0.0,0.0,0.0
2022-11-23 13:30:00-05:00,35.290000915527344,35.29999923706055,35.21200180053711,35.21200180053711,454,0.0,0.0,0.0
2022-11-25 11:30:00-05:00,35.12009811401367,35.176300048828125,35.12009811401367,35.176300048828125,0,0.0,0.0,0.0
2022-11-28 14:30:00-05:00,34.72999954223633,34.730098724365234,34.72999954223633,34.730098724365234,532,0.0,0.0,0.0
2022-11-28 15:30:00-05:00,34.84000015258789,34.84000015258789,34.84000015258789,34.84000015258789,200,0.0,0.0,0.0
2022-11-29 10:30:00-05:00,34.86000061035156,34.869998931884766,34.72200012207031,34.72200012207031,102,0.0,0.0,0.0
2022-11-30 13:30:00-05:00,34.900001525878906,34.900001525878906,34.900001525878906,34.900001525878906,0,0.0,0.0,0.0
2022-11-30 15:30:00-05:00,35.27000045776367,35.4281005859375,35.27000045776367,35.4281005859375,214,0.0,0.0,0.0
2022-12-01 09:30:00-05:00,35.46500015258789,35.46500015258789,35.46500015258789,35.46500015258789,0,0.0,0.0,0.0
2022-12-01 13:30:00-05:00,35.380001068115234,35.380001068115234,35.380001068115234,35.380001068115234,100,0.0,0.0,0.0
2022-12-01 14:30:00-05:00,35.40010070800781,35.45240020751953,35.40010070800781,35.45240020751953,352,0.0,0.0,0.0
2022-12-02 10:30:00-05:00,35.189998626708984,35.189998626708984,35.189998626708984,35.189998626708984,0,0.0,0.0,0.0
2022-12-02 13:30:00-05:00,35.29010009765625,35.29010009765625,35.290000915527344,35.290000915527344,362,0.0,0.0,0.0
2022-12-02 14:30:00-05:00,35.34000015258789,35.39659881591797,35.34000015258789,35.39659881591797,501,0.0,0.0,0.0
2022-12-05 11:30:00-05:00,35.0099983215332,35.0099983215332,35.0099983215332,35.0099983215332,0,0.0,0.0,0.0
2022-12-05 15:30:00-05:00,34.9900016784668,35.0640983581543,34.9900016784668,35.0640983581543,2846,0.0,0.0,0.0
2022-12-06 09:30:00-05:00,36.79999923706055,36.79999923706055,35.09000015258789,35.130001068115234,14021,0.0,0.0,0.0
2022-12-06 11:30:00-05:00,34.90999984741211,35.02000045776367,34.90999984741211,35.0099983215332,3942,0.0,0.0,0.0
2022-12-06 12:30:00-05:00,34.838401794433594,34.838401794433594,34.838401794433594,34.838401794433594,0,0.0,0.0,0.0
2022-12-07 09:30:00-05:00,34.29999923706055,34.29999923706055,34.29999923706055,34.29999923706055,202,0.0,0.0,0.0
2022-12-07 11:30:00-05:00,34.30939865112305,34.30939865112305,34.28919982910156,34.28919982910156,248,0.0,0.0,0.0
2022-12-08 13:30:00-05:00,34.4900016784668,34.4900016784668,34.467498779296875,34.467498779296875,0,0.0,0.0,0.0
2022-12-09 11:30:00-05:00,34.439998626708984,34.439998626708984,34.33530044555664,34.33530044555664,498,0.0,0.0,0.0
2022-12-12 09:30:00-05:00,34.435001373291016,34.435001373291016,34.435001373291016,34.435001373291016,0,0.0,0.0,0.0
2022-12-12 12:30:00-05:00,34.45000076293945,34.62080001831055,34.41999816894531,34.62080001831055,3098,0.0,0.0,0.0
2022-12-13 09:30:00-05:00,34.9900016784668,34.9900016784668,34.9900016784668,34.9900016784668,0,0.0,0.0,0.0
2022-12-13 11:30:00-05:00,34.90999984741211,34.91999816894531,34.90999984741211,34.91999816894531,709,0.0,0.0,0.0
2022-12-13 12:30:00-05:00,34.66999816894531,34.66999816894531,34.66999816894531,34.66999816894531,540,0.0,0.0,0.0
2022-12-13 13:30:00-05:00,34.76499938964844,34.7869987487793,34.76499938964844,34.7869987487793,200,0.0,0.0,0.0
2022-12-14 09:30:00-05:00,34.915401458740234,34.915401458740234,34.63209915161133,34.63209915161133,0,0.0,0.0,0.0
2022-12-15 09:30:00-05:00,34.29010009765625,34.29010009765625,34.01029968261719,34.01029968261719,0,0.0,0.0,0.0
2022-12-16 13:30:00-05:00,33.75680160522461,33.87480163574219,33.75680160522461,33.87480163574219,564,0.0,0.0,0.0
2022-12-19 15:30:00-05:00,33.7400016784668,33.80059814453125,33.7400016784668,33.80059814453125,0,0.0,0.0,0.0
2022-12-20 12:30:00-05:00,33.77000045776367,33.77000045776367,33.77000045776367,33.77000045776367,5908,0.0,0.0,0.0
2022-12-20 13:30:00-05:00,33.84000015258789,33.85499954223633,33.790000915527344,33.80120086669922,0,0.0,0.0,0.0
2022-12-21 11:30:00-05:00,33.93000030517578,33.93000030517578,33.93000030517578,33.93000030517578,200,0.0,0.0,0.0
2022-12-21 13:30:00-05:00,33.940101623535156,34.0,33.940101623535156,34.0,260,0.0,0.0,0.0
2022-12-21 14:30:00-05:00,33.970001220703125,34.08000183105469,33.970001220703125,34.04990005493164,2885,0.0,0.0,0.0
2022-12-21 15:30:00-05:00,33.939998626708984,34.00120162963867,33.939998626708984,34.00120162963867,1451,0.0,0.0,0.0
2022-12-22 14:30:00-05:00,33.5900993347168,33.6702995300293,33.5900993347168,33.6702995300293,270,0.0,0.0,0.0
2022-12-23 09:30:00-05:00,33.67499923706055,33.68000030517578,33.67499923706055,33.68000030517578,177,0.0,0.0,0.0
2022-12-23 13:30:00-05:00,33.70000076293945,33.765201568603516,33.70000076293945,33.765201568603516,644,0.0,0.0,0.0
2022-12-28 09:30:00-05:00,33.439998626708984,33.439998626708984,33.439998626708984,33.439998626708984,0,0.0,0.0,0.0
2022-12-28 10:30:00-05:00,33.70000076293945,33.70000076293945,33.70000076293945,33.70000076293945,182,0.0,0.0,0.0
2022-12-28 12:30:00-05:00,33.59000015258789,33.59000015258789,33.59000015258789,33.59000015258789,810,0.0,0.0,0.0
2022-12-28 14:30:00-05:00,33.61000061035156,33.61000061035156,33.5099983215332,33.54650115966797,4269,0.0,0.0,0.0
2022-12-28 15:30:00-05:00,33.54999923706055,33.54999923706055,33.545101165771484,33.545101165771484,0,0.0,0.0,0.0
2022-12-29 12:30:00-05:00,33.810001373291016,33.810001373291016,33.810001373291016,33.810001373291016,1099,0.0,0.0,0.0
2022-12-29 13:30:00-05:00,33.81999969482422,33.820098876953125,33.81999969482422,33.820098876953125,418,0.0,0.0,0.0
2022-12-29 15:30:00-05:00,33.810001373291016,33.85329818725586,33.810001373291016,33.85329818725586,2104,0.0,0.0,0.0
2022-12-30 10:30:00-05:00,33.61000061035156,33.61009979248047,33.61000061035156,33.61009979248047,0,0.0,0.0,0.0
2022-12-30 11:30:00-05:00,33.61000061035156,33.61009979248047,33.61000061035156,33.61009979248047,366,0.0,0.0,0.0
2022-12-30 13:30:00-05:00,33.54999923706055,33.595001220703125,33.54999923706055,33.595001220703125,504,0.0,0.0,0.0
2022-12-30 14:30:00-05:00,33.59000015258789,33.5900993347168,33.59000015258789,33.5900993347168,604,0.0,0.0,0.0
2022-12-30 15:30:00-05:00,33.619998931884766,33.72610092163086,33.619998931884766,33.72610092163086,1461,0.0,0.0,0.0
2023-01-03 14:30:00-05:00,33.5,33.5,33.5,33.5,0,0.0,0.0,0.0
2023-01-03 15:30:00-05:00,33.51499938964844,33.54909896850586,33.51499938964844,33.54909896850586,145,0.0,0.0,0.0
2023-01-04 09:30:00-05:00,33.470001220703125,33.65999984741211,33.470001220703125,33.65999984741211,0,0.0,0.0,0.0
2023-01-04 12:30:00-05:00,33.52000045776367,33.52000045776367,33.52000045776367,33.52000045776367,3000,0.0,0.0,0.0
2023-01-04 14:30:00-05:00,33.38999938964844,33.47999954223633,33.38999938964844,33.47999954223633,734,0.0,0.0,0.0
2023-01-04 15:30:00-05:00,33.36000061035156,33.36009979248047,33.36000061035156,33.36009979248047,1503,0.0,0.0,0.0
2023-01-05 09:30:00-05:00,33.38999938964844,33.38999938964844,33.38999938964844,33.38999938964844,0,0.0,0.0,0.0
2023-01-05 14:30:00-05:00,33.20009994506836,33.237300872802734,33.20000076293945,33.237300872802734,258,0.0,0.0,0.0
2023-01-06 09:30:00-05:00,33.09000015258789,33.150001525878906,33.09000015258789,33.150001525878906,426,0.0,0.0,0.0
2023-01-06 10:30:00-05:00,33.15999984741211,33.16999816894531,33.15999984741211,33.16999816894531,464,0.0,0.0,0.0
2023-01-06 12:30:00-05:00,33.2599983215332,33.34000015258789,33.2599983215332,33.34000015258789,714,0.0,0.0,0.0
2023-01-06 13:30:00-05:00,33.380001068115234,33.380001068115234,33.380001068115234,33.380001068115234,104,0.0,0.0,0.0
2023-01-06 14:30:00-05:00,33.459999084472656,33.619998931884766,33.43000030517578,33.43000030517578,6791,0.0,0.0,0.0
2023-01-06 15:30:00-05:00,33.440101623535156,33.441001892089844,33.41999816894531,33.41999816894531,1784,0.0,0.0,0.0
2023-01-09 09:30:00-05:00,33.439998626708984,33.439998626708984,33.439998626708984,33.439998626708984,0,0.0,0.0,0.0
2023-01-09 10:30:00-05:00,33.810001373291016,33.92839813232422,33.810001373291016,33.92839813232422,4257,0.0,0.0,0.0
2023-01-09 13:30:00-05:00,33.720001220703125,33.85900115966797,33.720001220703125,33.85900115966797,100,0.0,0.0,0.0
2023-01-10 13:30:00-05:00,33.72999954223633,33.914100646972656,33.68000030517578,33.914100646972656,0,0.0,0.0,0.0
2023-01-11 09:30:00-05:00,33.68000030517578,33.81999969482422,33.68000030517578,33.79999923706055,640,0.0,0.0,0.0
2023-01-11 14:30:00-05:00,33.880001068115234,33.880001068115234,33.869998931884766,33.869998931884766,547,0.0,0.0,0.0
2023-01-11 15:30:00-05:00,33.88999938964844,34.18000030517578,33.88999938964844,34.18000030517578,453,0.0,0.0,0.0
2023-01-12 09:30:00-05:00,33.86000061035156,33.86000061035156,33.849998474121094,33.86000061035156,0,0.0,0.0,0.0
2023-01-12 10:30:00-05:00,34.36000061035156,34.45000076293945,34.36000061035156,34.45000076293945,671,0.0,0.0,0.0
2023-01-12 11:30:00-05:00,34.255001068115234,34.27000045776367,34.255001068115234,34.27000045776367,200,0.0,0.0,0.0
2023-01-12 14:30:00-05:00,33.9901008605957,34.2943000793457,33.9901008605957,34.2943000793457,611,0.0,0.0,0.0
2023-01-17 13:30:00-05:00,34.02009963989258,34.06999969482422,34.02000045776367,34.02009963989258,1154,0.0,0.0,0.0
2023-01-17 14:30:00-05:00,34.000999450683594,34.29499816894531,34.0,34.29499816894531,2145,0.0,0.0,0.0
2023-01-17 15:30:00-05:00,34.099998474121094,34.099998474121094,34.099998474121094,34.099998474121094,586,0.0,0.0,0.0
2023-01-18 09:30:00-05:00,34.54999923706055,34.54999923706055,34.54999923706055,34.54999923706055,0,0.0,0.0,0.0
2023-01-18 10:30:00-05:00,34.369998931884766,34.369998931884766,34.369998931884766,34.369998931884766,299,0.0,0.0,0.0
2023-01-18 12:30:00-05:00,34.09000015258789,34.09000015258789,34.09000015258789,34.09000015258789,395,0.0,0.0,0.0
2023-01-18 14:30:00-05:00,34.11000061035156,34.26449966430664,34.11000061035156,34.22309875488281,343,0.0,0.0,0.0
2023-01-19 14:30:00-05:00,34.11000061035156,34.11000061035156,33.939998626708984,34.034698486328125,1111,0.0,0.0,0.0
2023-01-20 11:30:00-05:00,33.939998626708984,33.940101623535156,33.939998626708984,33.940101623535156,0,0.0,0.0,0.0
2023-01-20 12:30:00-05:00,33.935001373291016,34.331298828125,33.935001373291016,34.331298828125,620,0.0,0.0,0.0
2023-01-23 10:30:00-05:00,34.400001525878906,34.400001525878906,34.400001525878906,34.400001525878906,0,0.0,0.0,0.0
2023-01-23 14:30:00-05:00,34.36000061035156,34.56100082397461,34.36000061035156,34.56100082397461,1439,0.0,0.0,0.0
2023-01-24 09:30:00-05:00,34.20000076293945,34.33000183105469,34.20000076293945,34.33000183105469,0,0.0,0.0,0.0
2023-01-24 13:30:00-05:00,34.40999984741211,34.410099029541016,34.40999984741211,34.410099029541016,416,0.0,0.0,0.0
2023-01-24 15:30:00-05:00,34.38999938964844,34.540000915527344,34.38999938964844,34.43000030517578,0,0.0,0.0,0.0
2023-01-25 10:30:00-05:00,34.19020080566406,34.255001068115234,34.070098876953125,34.255001068115234,1929,0.0,0.0,0.0
2023-01-25 11:30:00-05:00,34.13999938964844,34.13999938964844,34.13999938964844,34.13999938964844,134,0.0,0.0,0.0
2023-01-25 12:30:00-05:00,34.2400016784668,34.46080017089844,34.2400016784668,34.46080017089844,285,0.0,0.0,0.0
2023-01-26 10:30:00-05:00,34.4900016784668,34.752498626708984,34.4900016784668,34.510101318359375,280,0.0,0.0,0.0
2023-01-27 09:30:00-05:00,34.70000076293945,34.70000076293945,34.70000076293945,34.70000076293945,0,0.0,0.0,0.0
2023-01-27 14:30:00-05:00,34.72999954223633,34.72999954223633,34.708900451660156,34.708900451660156,394,0.0,0.0,0.0
2023-01-30 09:30:00-05:00,34.58000183105469,34.58000183105469,34.58000183105469,34.58000183105469,0,0.0,0.0,0.0
2023-01-30 13:30:00-05:00,34.459999084472656,34.459999084472656,34.459999084472656,34.459999084472656,1117,0.0,0.0,0.0
2023-01-30 14:30:00-05:00,34.41999816894531,34.44820022583008,34.400001525878906,34.44820022583008,558,0.0,0.0,0.0
2023-01-31 14:30:00-05:00,34.564998626708984,34.64659881591797,34.564998626708984,34.64659881591797,0,0.0,0.0,0.0
2023-02-01 09:30:00-05:00,34.40999984741211,34.40999984741211,34.40999984741211,34.40999984741211,0,0.0,0.0,0.0
2023-02-01 13:30:00-05:00,34.689998626708984,35.095699310302734,34.689998626708984,35.095699310302734,206,0.0,0.0,0.0
2023-02-02 13:30:00-05:00,35.38029861450195,35.492801666259766,35.38029861450195,35.492801666259766,94,0.0,0.0,0.0
2023-02-03 13:30:00-05:00,35.342498779296875,35.342498779296875,35.342498779296875,35.342498779296875,41,0.0,0.0,0.0
2023-02-03 15:30:00-05:00,35.32500076293945,35.32929992675781,35.32500076293945,35.32929992675781,203,0.0,0.0,0.0
2023-02-06 15:30:00-05:00,35.11000061035156,35.197898864746094,35.11000061035156,35.197898864746094,166,0.0,0.0,0.0
2023-02-07 13:30:00-05:00,35.06999969482422,35.48789978027344,35.06999969482422,35.48789978027344,457,0.0,0.0,0.0
2023-02-08 10:30:00-05:00,35.330101013183594,35.43000030517578,35.330101013183594,35.33089828491211,1523,0.0,0.0,0.0
2023-02-09 12:30:00-05:00,35.279998779296875,35.279998779296875,35.279998779296875,35.279998779296875,0,0.0,0.0,0.0
2023-02-09 15:30:00-05:00,35.189998626708984,35.28260040283203,35.189998626708984,35.28260040283203,384,0.0,0.0,0.0
2023-02-10 09:30:00-05:00,34.90999984741211,34.90999984741211,34.90999984741211,34.90999984741211,0,0.0,0.0,0.0
2023-02-10 11:30:00-05:00,35.150001525878906,35.15010070800781,35.150001525878906,35.15010070800781,378,0.0,0.0,0.0
2023-02-10 13:30:00-05:00,35.11000061035156,35.11000061035156,35.11000061035156,35.11000061035156,218,0.0,0.0,0.0
2023-02-10 14:30:00-05:00,35.119998931884766,35.247798919677734,35.119998931884766,35.247798919677734,154,0.0,0.0,0.0
2023-02-13 15:30:00-05:00,35.37009811401367,35.44029998779297,35.369998931884766,35.44029998779297,697,0.0,0.0,0.0
2023-02-14 09:30:00-05:00,35.47999954223633,35.47999954223633,35.47999954223633,35.47999954223633,0,0.0,0.0,0.0
2023-02-14 10:30:00-05:00,35.40999984741211,35.40999984741211,35.40999984741211,35.40999984741211,598,0.0,0.0,0.0
2023-02-14 14:30:00-05:00,35.58000183105469,35.58000183105469,35.48929977416992,35.530799865722656,0,0.0,0.0,0.0
2023-02-16 11:30:00-05:00,35.470001220703125,35.470001220703125,35.470001220703125,35.470001220703125,700,0.0,0.0,0.0
2023-02-16 12:30:00-05:00,35.470001220703125,35.5,35.450401306152344,35.450401306152344,0,0.0,0.0,0.0
2023-02-17 13:30:00-05:00,35.16999816894531,35.16999816894531,35.16999816894531,35.16999816894531,300,0.0,0.0,0.0
2023-02-17 15:30:00-05:00,35.24689865112305,35.28070068359375,35.24689865112305,35.28070068359375,187,0.0,0.0,0.0
2023-02-21 12:30:00-05:00,34.849998474121094,34.849998474121094,34.849998474121094,34.849998474121094,0,0.0,0.0,0.0
2023-02-21 15:30:00-05:00,34.737998962402344,34.737998962402344,34.737998962402344,34.737998962402344,203,0.0,0.0,0.0
2023-02-23 13:30:00-05:00,34.720001220703125,34.779998779296875,34.720001220703125,34.779998779296875,100,0.0,0.0,0.0
2023-02-23 14:30:00-05:00,34.88999938964844,34.94889831542969,34.79560089111328,34.79560089111328,0,0.0,0.0,0.0
2023-02-27 14:30:00-05:00,34.939998626708984,34.94940185546875,34.939998626708984,34.94940185546875,994,0.0,0.0,0.0
2023-02-28 12:30:00-05:00,35.07160186767578,35.07160186767578,35.07160186767578,35.07160186767578,0,0.0,0.0,0.0
2023-02-28 13:30:00-05:00,35.11899948120117,35.11899948120117,35.08000183105469,35.080101013183594,481,0.0,0.0,0.0
2023-02-28 14:30:00-05:00,35.029998779296875,35.189998626708984,34.98469924926758,34.98469924926758,976,0.0,0.0,0.0
2023-03-01 15:30:00-05:00,34.7400016784668,34.792999267578125,34.7400016784668,34.792999267578125,202,0.0,0.0,0.0
2023-03-02 12:30:00-05:00,34.75,34.95759963989258,34.75,34.750099182128906,354,0.0,0.0,0.0
2023-03-03 10:30:00-05:00,35.04999923706055,35.22060012817383,35.04999923706055,35.22060012817383,0,0.0,0.0,0.0
2023-03-06 09:30:00-05:00,35.189998626708984,35.21009826660156,35.189998626708984,35.21009826660156,254,0.0,0.0,0.0
2023-03-06 12:30:00-05:00,35.140098571777344,35.174400329589844,35.140098571777344,35.174400329589844,0,0.0,0.0,0.0
2023-03-07 13:30:00-05:00,34.88999938964844,34.88999938964844,34.88999938964844,34.88999938964844,1149,0.0,0.0,0.0
2023-03-07 14:30:00-05:00,34.95500183105469,34.97019958496094,34.95500183105469,34.97019958496094,170,0.0,0.0,0.0
2023-03-08 12:30:00-05:00,34.920101165771484,34.962501525878906,34.920101165771484,34.962501525878906,300,0.0,0.0,0.0
2023-03-08 13:30:00-05:00,34.900001525878906,35.099300384521484,34.809200286865234,34.809200286865234,0,0.0,0.0,0.0
2023-03-10 09:30:00-05:00,34.59000015258789,34.59000015258789,34.59000015258789,34.59000015258789,0,0.0,0.0,0.0
2023-03-10 11:30:00-05:00,34.7400016784668,34.7400016784668,34.7400016784668,34.7400016784668,2604,0.0,0.0,0.0
2023-03-10 15:30:00-05:00,34.40999984741211,34.50090026855469,34.40999984741211,34.50090026855469,379,0.0,0.0,0.0
2023-03-14 09:30:00-04:00,34.84000015258789,34.84000015258789,34.790000915527344,34.790000915527344,0,0.0,0.0,0.0
2023-03-14 10:30:00-04:00,34.900001525878906,34.900001525878906,34.900001525878906,34.900001525878906,165,0.0,0.0,0.0
2023-03-14 12:30:00-04:00,34.7401008605957,34.7401008605957,34.7401008605957,34.7401008605957,345,0.0,0.0,0.0
2023-03-14 15:30:00-04:00,34.56999969482422,34.792701721191406,34.467201232910156,34.467201232910156,0,0.0,0.0,0.0
2023-03-16 09:30:00-04:00,34.119998931884766,34.4900016784668,34.119998931884766,34.4900016784668,676,0.0,0.0,0.0
2023-03-16 10:30:00-04:00,34.5,34.5,34.5,34.5,300,0.0,0.0,0.0
2023-03-16 14:30:00-04:00,34.849998474121094,34.850101470947266,34.849998474121094,34.850101470947266,332,0.0,0.0,0.0
2023-03-16 15:30:00-04:00,34.88999938964844,34.89080047607422,34.70199966430664,34.70199966430664,737,0.0,0.0,0.0
2023-03-20 09:30:00-04:00,34.63999938964844,34.63999938964844,34.63999938964844,34.63999938964844,0,0.0,0.0,0.0
2023-03-20 10:30:00-04:00,34.7599983215332,34.77000045776367,34.7599983215332,34.77000045776367,570,0.0,0.0,0.0
2023-03-20 11:30:00-04:00,34.77000045776367,34.77000045776367,34.77000045776367,34.77000045776367,200,0.0,0.0,0.0
2023-03-20 12:30:00-04:00,34.7599983215332,34.790000915527344,34.7599983215332,34.790000915527344,902,0.0,0.0,0.0
2023-03-20 14:30:00-04:00,34.79999923706055,34.81999969482422,34.79999923706055,34.81999969482422,300,0.0,0.0,0.0
2023-03-20 15:30:00-04:00,34.84000015258789,34.91339874267578,34.84000015258789,34.91339874267578,0,0.0,0.0,0.0
2023-03-21 14:30:00-04:00,34.959999084472656,35.0265998840332,34.84349822998047,34.84349822998047,506,0.0,0.0,0.0
2023-03-23 09:30:00-04:00,34.95000076293945,35.0099983215332,34.95000076293945,35.0099983215332,178,0.0,0.0,0.0
2023-03-23 10:30:00-04:00,35.09000015258789,35.13209915161133,34.99150085449219,34.99150085449219,1333,0.0,0.0,0.0
2023-03-24 09:30:00-04:00,34.27000045776367,34.27000045776367,34.27000045776367,34.27000045776367,0,0.0,0.0,0.0
2023-03-24 10:30:00-04:00,34.380001068115234,34.380001068115234,34.380001068115234,34.380001068115234,108,0.0,0.0,0.0
2023-03-24 13:30:00-04:00,34.470001220703125,34.533599853515625,34.470001220703125,34.533599853515625,100,0.0,0.0,0.0
2023-03-27 09:30:00-04:00,34.43000030517578,34.67900085449219,34.43000030517578,34.67900085449219,123,0.0,0.0,0.0
2023-03-27 11:30:00-04:00,34.560001373291016,34.560001373291016,34.560001373291016,34.560001373291016,4800,0.0,0.0,0.0
2023-03-27 12:30:00-04:00,34.56999969482422,34.570098876953125,34.56999969482422,34.570098876953125,470,0.0,0.0,0.0
2023-03-27 13:30:00-04:00,34.650001525878906,34.650001525878906,34.540000915527344,34.576499938964844,779,0.0,0.0,0.0
2023-03-27 15:30:00-04:00,34.61000061035156,34.61000061035156,34.52000045776367,34.52000045776367,427,0.0,0.0,0.0
2023-03-28 09:30:00-04:00,34.189998626708984,34.439998626708984,34.189998626708984,34.439998626708984,0,0.0,0.0,0.0
2023-03-28 14:30:00-04:00,34.349998474121094,34.46889877319336,34.349998474121094,34.46889877319336,689,0.0,0.0,0.0
2023-03-29 09:30:00-04:00,34.4900016784668,34.769901275634766,34.4900016784668,34.70500183105469,397,0.0,0.0,0.0
2023-03-29 13:30:00-04:00,34.59000015258789,34.59000015258789,34.58000183105469,34.58000183105469,900,0.0,0.0,0.0
2023-03-29 14:30:00-04:00,34.65999984741211,34.72610092163086,34.65999984741211,34.72610092163086,1433,0.0,0.0,0.0
2023-03-30 09:30:00-04:00,34.849998474121094,34.849998474121094,34.849998474121094,34.849998474121094,0,0.0,0.0,0.0
2023-03-30 12:30:00-04:00,34.77000045776367,34.77009963989258,34.77000045776367,34.77009963989258,428,0.0,0.0,0.0
2023-03-30 14:30:00-04:00,34.790000915527344,34.870201110839844,34.790000915527344,34.870201110839844,100,0.0,0.0,0.0
2023-03-31 10:30:00-04:00,34.900001525878906,34.970001220703125,34.900001525878906,34.970001220703125,600,0.0,0.0,0.0
2023-03-31 11:30:00-04:00,34.980098724365234,35.108001708984375,34.97999954223633,35.019500732421875,526,0.0,0.0,0.0
2023-04-03 09:30:00-04:00,35.099998474121094,35.15999984741211,35.099998474121094,35.15999984741211,0,0.0,0.0,0.0
2023-04-03 12:30:00-04:00,35.07400131225586,35.17679977416992,35.0099983215332,35.17679977416992,1515,0.0,0.0,0.0
2023-04-04 09:30:00-04:00,35.11000061035156,35.19369888305664,35.11000061035156,35.11009979248047,0,0.0,0.0,0.0
2023-04-04 10:30:00-04:00,34.939998626708984,34.939998626708984,34.939998626708984,34.939998626708984,680,0.0,0.0,0.0
2023-04-04 13:30:00-04:00,34.880001068115234,34.880001068115234,34.82609939575195,34.82609939575195,100,0.0,0.0,0.0
2023-04-05 13:30:00-04:00,34.580101013183594,34.65340042114258,34.16999816894531,34.65340042114258,16054,0.0,0.0,0.0
2023-04-06 09:30:00-04:00,34.5,34.60660171508789,34.5,34.60660171508789,0,0.0,0.0,0.0
2023-04-11 15:30:00-04:00,34.7599983215332,34.7599983215332,34.7599983215332,34.7599983215332,121,0.0,0.0,0.0
2023-04-12 09:30:00-04:00,34.81999969482422,34.81999969482422,34.81999969482422,34.81999969482422,218,0.0,0.0,0.0
2023-04-12 10:30:00-04:00,34.77000045776367,34.77000045776367,34.77000045776367,34.77000045776367,282,0.0,0.0,0.0
2023-04-12 11:30:00-04:00,34.779998779296875,34.78010177612305,34.683799743652344,34.683799743652344,0,0.0,0.0,0.0
2023-04-13 11:30:00-04:00,34.66999816894531,34.6879997253418,34.66999816894531,34.6879997253418,620,0.0,0.0,0.0
2023-04-13 14:30:00-04:00,34.790000915527344,34.8406982421875,34.757198333740234,34.8406982421875,514,0.0,0.0,0.0
2023-04-18 13:30:00-04:00,34.911598205566406,34.911598205566406,34.86000061035156,34.911598205566406,871,0.0,0.0,0.0
2023-04-19 12:30:00-04:00,34.68000030517578,34.72800064086914,34.68000030517578,34.72800064086914,0,0.0,0.0,0.0
2023-04-20 10:30:00-04:00,34.88199996948242,34.88199996948242,34.88199996948242,34.88199996948242,0,0.0,0.0,0.0
2023-04-20 12:30:00-04:00,35.0099983215332,35.0099983215332,35.0099983215332,35.0099983215332,911,0.0,0.0,0.0
2023-04-24 11:30:00-04:00,34.90999984741211,34.90999984741211,34.90999984741211,34.90999984741211,0,0.0,0.0,0.0
2023-04-24 12:30:00-04:00,34.849998474121094,34.93840026855469,34.849998474121094,34.93840026855469,0,0.0,0.0,0.0
2023-04-25 13:30:00-04:00,34.480098724365234,34.480098724365234,34.458900451660156,34.458900451660156,4,0.0,0.0,0.0
2023-04-26 12:30:00-04:00,34.310001373291016,34.310001373291016,34.310001373291016,34.310001373291016,0,0.0,0.0,0.0
2023-04-26 14:30:00-04:00,34.16999816894531,34.16999816894531,34.16999816894531,34.16999816894531,255,0.0,0.0,0.0
2023-04-26 15:30:00-04:00,34.20000076293945,34.20000076293945,34.189998626708984,34.189998626708984,350,0.0,0.0,0.0
2023-04-28 09:30:00-04:00,34.15999984741211,34.15999984741211,34.15999984741211,34.15999984741211,0,0.0,0.0,0.0
2023-04-28 12:30:00-04:00,34.63999938964844,34.63999938964844,34.63999938964844,34.63999938964844,725,0.0,0.0,0.0
2023-04-28 14:30:00-04:00,34.63999938964844,34.63999938964844,34.63999938964844,34.63999938964844,267,0.0,0.0,0.0
2023-04-28 15:30:00-04:00,34.630001068115234,34.70100021362305,34.630001068115234,34.70100021362305,162,0.0,0.0,0.0
2023-05-01 15:30:00-04:00,34.81999969482422,34.81999969482422,34.801998138427734,34.801998138427734,0,0.0,0.0,0.0
2023-05-03 09:30:00-04:00,34.47999954223633,34.47999954223633,34.47999954223633,34.47999954223633,264,0.0,0.0,0.0
2023-05-03 14:30:00-04:00,34.70479965209961,34.790000915527344,34.70479965209961,34.70479965209961,1964,0.0,0.0,0.0
2023-05-04 09:30:00-04:00,34.61000061035156,34.61000061035156,34.61000061035156,34.61000061035156,0,0.0,0.0,0.0
2023-05-04 12:30:00-04:00,34.715999603271484,34.715999603271484,34.65999984741211,34.715999603271484,117,0.0,0.0,0.0
2023-05-05 11:30:00-04:00,34.86000061035156,34.94860076904297,34.86000061035156,34.94860076904297,0,0.0,0.0,0.0
2023-05-09 10:30:00-04:00,34.80009841918945,34.815799713134766,34.80009841918945,34.815799713134766,0,0.0,0.0,0.0
2023-05-10 10:30:00-04:00,34.959999084472656,34.959999084472656,34.959999084472656,34.959999084472656,477,0.0,0.0,0.0
2023-05-10 15:30:00-04:00,34.979698181152344,34.979698181152344,34.970001220703125,34.979698181152344,100,0.0,0.0,0.0
2023-05-11 09:30:00-04:00,34.79999923706055,34.79999923706055,34.790000915527344,34.79999923706055,0,0.0,0.0,0.0
2023-05-11 14:30:00-04:00,34.880001068115234,34.92430114746094,34.880001068115234,34.92430114746094,0,0.0,0.0,0.0
2023-05-12 09:30:00-04:00,34.94960021972656,34.94960021972656,34.94960021972656,34.94960021972656,0,0.0,0.0,0.0
2023-05-12 12:30:00-04:00,34.84000015258789,34.875,34.79999923706055,34.79999923706055,1599,0.0,0.0,0.0
2023-05-12 13:30:00-04:00,34.790000915527344,34.790000915527344,34.779998779296875,34.779998779296875,400,0.0,0.0,0.0
2023-05-12 14:30:00-04:00,34.790000915527344,34.81999969482422,34.790000915527344,34.81999969482422,800,0.0,0.0,0.0
2023-05-12 15:30:00-04:00,34.81999969482422,35.0,34.75,34.900001525878906,8321,0.0,0.0,0.0
2023-05-15 12:30:00-04:00,35.0,35.0,35.0,35.0,0,0.0,0.0,0.0
2023-05-15 15:30:00-04:00,35.0099983215332,35.0099983215332,35.0099983215332,35.0099983215332,116,0.0,0.0,0.0
2023-05-16 09:30:00-04:00,34.969200134277344,34.969200134277344,34.619998931884766,34.969200134277344,0,0.0,0.0,0.0
2023-05-17 13:30:00-04:00,35.130001068115234,35.18220138549805,35.130001068115234,35.13010025024414,232,0.0,0.0,0.0
2023-05-17 14:30:00-04:00,35.19929885864258,35.19929885864258,35.150001525878906,35.19929885864258,281,0.0,0.0,0.0
2023-05-18 14:30:00-04:00,35.43470001220703,35.43470001220703,35.34000015258789,35.43470001220703,197,0.0,0.0,0.0
2023-05-19 09:30:00-04:00,35.5,35.5,35.5,35.5,124,0.0,0.0,0.0
2023-05-19 12:30:00-04:00,35.43299865722656,35.43299865722656,35.43299865722656,35.43299865722656,100,0.0,0.0,0.0
2023-05-22 14:30:00-04:00,35.41999816894531,35.4369010925293,35.177799224853516,35.177799224853516,2,0.0,0.0,0.0
2023-05-25 12:30:00-04:00,35.189998626708984,35.189998626708984,35.189998626708984,35.189998626708984,142,0.0,0.0,0.0
2023-05-25 13:30:00-04:00,35.29600143432617,35.29600143432617,35.29600143432617,35.29600143432617,0,0.0,0.0,0.0
2023-05-25 15:30:00-04:00,35.290000915527344,35.311798095703125,35.290000915527344,35.311798095703125,397,0.0,0.0,0.0
2023-05-30 14:30:00-04:00,35.5,35.500099182128906,35.49250030517578,35.49250030517578,254,0.0,0.0,0.0
2023-05-31 09:30:00-04:00,35.029998779296875,35.029998779296875,35.029998779296875,35.029998779296875,0,0.0,0.0,0.0
2023-05-31 12:30:00-04:00,35.27000045776367,35.295501708984375,35.27000045776367,35.295501708984375,290,0.0,0.0,0.0
2023-05-31 13:30:00-04:00,35.310001373291016,35.310001373291016,35.310001373291016,35.310001373291016,100,0.0,0.0,0.0
2023-05-31 15:30:00-04:00,35.27000045776367,35.45109939575195,35.27000045776367,35.45109939575195,0,0.0,0.0,0.0
2023-06-07 13:30:00-04:00,35.47999954223633,35.47999954223633,35.47999954223633,35.47999954223633,13,0.0,0.0,0.0
2023-06-07 14:30:00-04:00,35.5099983215332,35.5276985168457,35.5099983215332,35.5276985168457,0,0.0,0.0,0.0
2023-06-08 14:30:00-04:00,35.52009963989258,35.564300537109375,35.52000045776367,35.53779983520508,582,0.0,0.0,0.0
2023-06-13 10:30:00-04:00,35.93000030517578,36.040000915527344,35.93000030517578,36.040000915527344,702,0.0,0.0,0.0
2023-06-13 15:30:00-04:00,35.93000030517578,35.962501525878906,35.93000030517578,35.962501525878906,118,0.0,0.0,0.0
2023-06-14 10:30:00-04:00,35.849998474121094,35.849998474121094,35.849998474121094,35.849998474121094,0,0.0,0.0,0.0
2023-06-14 14:30:00-04:00,35.9213981628418,36.18389892578125,35.9213981628418,35.9213981628418,0,0.0,0.0,0.0
2023-06-20 13:30:00-04:00,35.96820068359375,35.9900016784668,35.96179962158203,35.96820068359375,328,0.0,0.0,0.0
2023-06-22 09:30:00-04:00,35.959999084472656,35.959999084472656,35.959999084472656,35.959999084472656,0,0.0,0.0,0.0
2023-06-22 13:30:00-04:00,35.959999084472656,36.036598205566406,35.81840133666992,36.036598205566406,0,0.0,0.0,0.0
2023-06-26 09:30:00-04:00,35.4900016784668,35.4900016784668,35.4900016784668,35.4900016784668,0,0.0,0.0,0.0
2023-06-26 14:30:00-04:00,35.93000030517578,35.9369010925293,35.93000030517578,35.9369010925293,98,0.0,0.0,0.0
2023-06-27 13:30:00-04:00,36.189998626708984,36.30849838256836,36.189998626708984,36.30849838256836,244,0.0,0.0,0.0
2023-06-28 09:30:00-04:00,36.285301208496094,36.285301208496094,36.2400016784668,36.2400016784668,0,0.0,0.0,0.0
2023-06-28 10:30:00-04:00,36.26110076904297,36.26110076904297,36.26110076904297,36.26110076904297,0,0.0,0.0,0.0
2023-06-28 15:30:00-04:00,36.25,36.28450012207031,36.25,36.28450012207031,128,0.0,0.0,0.0
2023-06-29 13:30:00-04:00,36.49959945678711,36.49959945678711,36.49959945678711,36.49959945678711,63,0.0,0.0,0.0
2023-06-30 10:30:00-04:00,36.630001068115234,36.78779983520508,36.630001068115234,36.78779983520508,724,0.0,0.0,0.0
2023-07-03 11:30:00-04:00,36.63999938964844,36.65370178222656,36.63999938964844,36.65370178222656,0,0.0,0.0,0.0
2023-07-05 09:30:00-04:00,36.630001068115234,36.630001068115234,36.630001068115234,36.630001068115234,178,0.0,0.0,0.0
2023-07-05 13:30:00-04:00,36.41999816894531,36.50389862060547,36.41999816894531,36.50389862060547,250,0.0,0.0,0.0
2023-07-06 09:30:00-04:00,36.220001220703125,36.3047981262207,36.220001220703125,36.3047981262207,24,0.0,0.0,0.0
2023-07-06 12:30:00-04:00,36.36600112915039,36.38959884643555,36.31999969482422,36.37110137939453,761,0.0,0.0,0.0
2023-07-07 11:30:00-04:00,36.36000061035156,36.36000061035156,36.36000061035156,36.36000061035156,0,0.0,0.0,0.0
2023-07-07 13:30:00-04:00,36.47999954223633,36.5099983215332,36.31840133666992,36.31840133666992,599,0.0,0.0,0.0
2023-07-10 14:30:00-04:00,36.62379837036133,36.62379837036133,36.619998931884766,36.62379837036133,219,0.0,0.0,0.0
2023-07-11 13:30:00-04:00,36.54999923706055,36.54999923706055,36.54999923706055,36.54999923706055,0,0.0,0.0,0.0
2023-07-11 15:30:00-04:00,36.71590042114258,36.71590042114258,36.68989944458008,36.71590042114258,410,0.0,0.0,0.0
2023-07-12 10:30:00-04:00,36.81760025024414,36.81760025024414,36.81760025024414,36.81760025024414,89,0.0,0.0,0.0
2023-07-13 15:30:00-04:00,36.880001068115234,36.880001068115234,36.85319900512695,36.85319900512695,389,0.0,0.0,0.0
2023-07-14 13:30:00-04:00,36.88010025024414,36.95000076293945,36.88010025024414,36.95000076293945,677,0.0,0.0,0.0
2023-07-14 14:30:00-04:00,36.849998474121094,36.849998474121094,36.849998474121094,36.849998474121094,161,0.0,0.0,0.0
2023-07-14 15:30:00-04:00,36.904998779296875,36.904998779296875,36.89870071411133,36.89870071411133,297,0.0,0.0,0.0
2023-07-17 09:30:00-04:00,36.709999084472656,36.900001525878906,36.709999084472656,36.900001525878906,0,0.0,0.0,0.0
2023-07-17 13:30:00-04:00,37.23640060424805,37.23640060424805,37.23640060424805,37.23640060424805,0,0.0,0.0,0.0
2023-07-18 09:30:00-04:00,37.13999938964844,37.13999938964844,37.13999938964844,37.13999938964844,241,0.0,0.0,0.0
2023-07-18 15:30:00-04:00,37.2599983215332,37.2765998840332,37.2599983215332,37.2765998840332,226,0.0,0.0,0.0
2023-07-19 09:30:00-04:00,36.93000030517578,37.27000045776367,36.93000030517578,37.27000045776367,0,0.0,0.0,0.0
2023-07-19 11:30:00-04:00,37.22999954223633,37.22999954223633,37.22999954223633,37.22999954223633,199,0.0,0.0,0.0
2023-07-19 15:30:00-04:00,37.208900451660156,37.208900451660156,36.79990005493164,36.79990005493164,0,0.0,0.0,0.0
2023-07-21 12:30:00-04:00,37.02000045776367,37.02510070800781,37.02000045776367,37.02510070800781,209,0.0,0.0,0.0
2023-07-24 14:30:00-04:00,37.084598541259766,37.357601165771484,37.084598541259766,37.357601165771484,0,0.0,0.0,0.0
2023-07-26 14:30:00-04:00,37.2599983215332,37.310001373291016,37.2599983215332,37.310001373291016,363,0.0,0.0,0.0
2023-07-26 15:30:00-04:00,37.18009948730469,37.18009948730469,37.18009948730469,37.18009948730469,0,0.0,0.0,0.0
2023-07-27 14:30:00-04:00,37.22999954223633,37.22999954223633,37.21879959106445,37.21879959106445,523,0.0,0.0,0.0
2023-07-28 11:30:00-04:00,37.43000030517578,37.43000030517578,37.38999938964844,37.41999816894531,703,0.0,0.0,0.0
2023-07-31 14:30:00-04:00,37.423500061035156,37.423500061035156,37.423500061035156,37.423500061035156,0,0.0,0.0,0.0
2023-08-01 10:30:00-04:00,37.439998626708984,37.535301208496094,37.38999938964844,37.535301208496094,171,0.0,0.0,0.0
2023-08-02 09:30:00-04:00,37.38199996948242,37.38199996948242,37.310001373291016,37.310001373291016,1046,0.0,0.0,0.0
2023-08-02 10:30:00-04:00,37.34299850463867,37.34299850463867,37.27000045776367,37.327999114990234,0,0.0,0.0,0.0
2023-08-02 14:30:00-04:00,37.28089904785156,37.28089904785156,37.28089904785156,37.28089904785156,107,0.0,0.0,0.0
2023-08-03 13:30:00-04:00,37.369998931884766,37.37009811401367,37.369998931884766,37.37009811401367,730,0.0,0.0,0.0
2023-08-03 14:30:00-04:00,37.38010025024414,37.43000030517578,37.38010025024414,37.43000030517578,1056,0.0,0.0,0.0
2023-08-07 09:30:00-04:00,37.349998474121094,37.349998474121094,37.349998474121094,37.349998474121094,0,0.0,0.0,0.0
2023-08-07 11:30:00-04:00,37.470401763916016,37.470401763916016,37.31829833984375,37.31829833984375,0,0.0,0.0,0.0
2023-08-09 13:30:00-04:00,37.310001373291016,37.310001373291016,37.310001373291016,37.310001373291016,326,0.0,0.0,0.0
2023-08-09 15:30:00-04:00,37.256900787353516,37.256900787353516,37.256900787353516,37.256900787353516,0,0.0,0.0,0.0
2023-08-10 14:30:00-04:00,37.37009811401367,37.37009811401367,37.37009811401367,37.37009811401367,109,0.0,0.0,0.0
2023-08-10 15:30:00-04:00,37.35490036010742,37.35490036010742,37.26430130004883,37.26430130004883,0,0.0,0.0,0.0
2023-08-14 15:30:00-04:00,37.410099029541016,37.410099029541016,37.410099029541016,37.410099029541016,101,0.0,0.0,0.0
2023-08-15 09:30:00-04:00,37.400001525878906,37.41999816894531,37.400001525878906,37.41999816894531,836,0.0,0.0,0.0
2023-08-15 10:30:00-04:00,37.33570098876953,37.33570098876953,37.33570098876953,37.33570098876953,7475,0.0,0.0,0.0
2023-08-15 12:30:00-04:00,37.369998931884766,37.369998931884766,37.369998931884766,37.369998931884766,362,0.0,0.0,0.0
2023-08-15 14:30:00-04:00,37.279998779296875,37.279998779296875,37.220001220703125,37.220001220703125,798,0.0,0.0,0.0
2023-08-15 15:30:00-04:00,37.220001220703125,37.27539825439453,37.220001220703125,37.27539825439453,0,0.0,0.0,0.0
2023-08-16 09:30:00-04:00,37.1057014465332,37.1057014465332,37.1057014465332,37.1057014465332,153,0.0,0.0,0.0
2023-08-17 14:30:00-04:00,36.910301208496094,36.910301208496094,36.910301208496094,36.910301208496094,187,0.0,0.0,0.0
2023-08-18 10:30:00-04:00,36.8911018371582,36.8911018371582,36.8911018371582,36.8911018371582,0,0.0,0.0,0.0
2023-08-18 14:30:00-04:00,36.8911018371582,36.8911018371582,36.8911018371582,36.8911018371582,1005,0.0,0.0,0.0
2023-08-18 15:30:00-04:00,36.959999084472656,36.959999084472656,36.900001525878906,36.900001525878906,336,0.0,0.0,0.0
2023-08-21 11:30:00-04:00,36.91999816894531,36.91999816894531,36.91999816894531,36.91999816894531,0,0.0,0.0,0.0
2023-08-21 12:30:00-04:00,36.98030090332031,37.155601501464844,36.98030090332031,37.155601501464844,0,0.0,0.0,0.0
2023-08-22 12:30:00-04:00,37.19820022583008,37.19820022583008,37.19820022583008,37.19820022583008,73,0.0,0.0,0.0
2023-08-23 11:30:00-04:00,37.290000915527344,37.290000915527344,37.290000915527344,37.290000915527344,402,0.0,0.0,0.0
2023-08-23 12:30:00-04:00,37.380001068115234,37.38999938964844,37.380001068115234,37.38999938964844,626,0.0,0.0,0.0
2023-08-23 14:30:00-04:00,37.39339828491211,37.39339828491211,37.39339828491211,37.39339828491211,0,0.0,0.0,0.0
2023-08-24 13:30:00-04:00,37.220001220703125,37.22010040283203,37.220001220703125,37.22010040283203,208,0.0,0.0,0.0
2023-08-24 14:30:00-04:00,37.220001220703125,37.220001220703125,37.20000076293945,37.20000076293945,716,0.0,0.0,0.0
2023-08-24 15:30:00-04:00,37.13930130004883,37.13930130004883,37.13930130004883,37.13930130004883,0,0.0,0.0,0.0
2023-08-25 13:30:00-04:00,37.2400016784668,37.32699966430664,37.2400016784668,37.32699966430664,195,0.0,0.0,0.0
2023-08-28 09:30:00-04:00,37.04999923706055,37.38199996948242,37.04999923706055,37.38199996948242,802,0.0,0.0,0.0
2023-08-28 14:30:00-04:00,37.29999923706055,37.692501068115234,37.29999923706055,37.40570068359375,0,0.0,0.0,0.0
2023-08-30 14:30:00-04:00,37.75,37.80500030517578,37.7400016784668,37.7400016784668,1516,0.0,0.0,0.0
2023-08-30 15:30:00-04:00,37.7400016784668,37.767398834228516,37.7400016784668,37.767398834228516,506,0.0,0.0,0.0
2023-08-31 09:30:00-04:00,37.689998626708984,37.689998626708984,37.689998626708984,37.689998626708984,0,0.0,0.0,0.0
2023-08-31 10:30:00-04:00,37.790000915527344,37.790000915527344,37.790000915527344,37.790000915527344,1540,0.0,0.0,0.0
2023-08-31 15:30:00-04:00,37.709999084472656,37.76029968261719,37.709999084472656,37.76029968261719,0,0.0,0.0,0.0
2023-09-01 14:30:00-04:00,37.81999969482422,37.87480163574219,37.81999969482422,37.87480163574219,324,0.0,0.0,0.0
2023-09-05 09:30:00-04:00,37.4900016784668,37.7400016784668,37.4900016784668,37.70000076293945,1138,0.0,0.0,0.0
2023-09-05 10:30:00-04:00,37.779998779296875,37.84000015258789,37.77000045776367,37.790000915527344,0,0.0,0.0,0.0
2023-09-05 11:30:00-04:00,37.790000915527344,37.790000915527344,37.790000915527344,37.790000915527344,11449,0.0,0.0,0.0
2023-09-05 14:30:00-04:00,37.77000045776367,37.77000045776367,37.77000045776367,37.77000045776367,208,0.0,0.0,0.0
2023-09-05 15:30:00-04:00,37.72200012207031,37.72200012207031,37.720001220703125,37.720001220703125,0,0.0,0.0,0.0
2023-09-06 12:30:00-04:00,37.65119934082031,37.65119934082031,37.65119934082031,37.65119934082031,131,0.0,0.0,0.0
2023-09-06 14:30:00-04:00,37.65999984741211,37.70090103149414,37.65999984741211,37.70090103149414,954,0.0,0.0,0.0
2023-09-07 12:30:00-04:00,37.650001525878906,37.650001525878906,37.6265983581543,37.6265983581543,0,0.0,0.0,0.0
2023-09-08 11:30:00-04:00,37.630001068115234,37.630001068115234,37.630001068115234,37.630001068115234,0,0.0,0.0,0.0
2023-09-08 15:30:00-04:00,37.439998626708984,37.50749969482422,37.439998626708984,37.50749969482422,109,0.0,0.0,0.0
2023-09-11 14:30:00-04:00,37.4900016784668,37.54790115356445,37.4900016784668,37.54790115356445,1150,0.0,0.0,0.0
2023-09-12 14:30:00-04:00,37.38999938964844,37.38999938964844,37.33000183105469,37.36320114135742,615,0.0,0.0,0.0
2023-09-13 15:30:00-04:00,37.34000015258789,37.39149856567383,37.34000015258789,37.39149856567383,316,0.0,0.0,0.0
2023-09-14 09:30:00-04:00,37.459999084472656,37.459999084472656,37.459999084472656,37.459999084472656,60,0.0,0.0,0.0
2023-09-14 10:30:00-04:00,37.31999969482422,37.36000061035156,37.31999969482422,37.36000061035156,409,0.0,0.0,0.0
2023-09-14 14:30:00-04:00,37.441001892089844,37.441001892089844,37.441001892089844,37.441001892089844,152,0.0,0.0,0.0
2023-09-14 15:30:00-04:00,37.45000076293945,37.46739959716797,37.45000076293945,37.46739959716797,0,0.0,0.0,0.0
2023-09-15 13:30:00-04:00,37.1599006652832,37.1599006652832,37.1599006652832,37.1599006652832,382,0.0,0.0,0.0
2023-09-15 15:30:00-04:00,37.04999923706055,37.04999923706055,37.04999923706055,37.04999923706055,355,0.0,0.0,0.0
2023-09-18 09:30:00-04:00,37.22999954223633,37.22999954223633,37.22999954223633,37.22999954223633,0,0.0,0.0,0.0
2023-09-18 15:30:00-04:00,37.189998626708984,37.2333984375,37.189998626708984,37.2333984375,0,0.0,0.0,0.0
2023-09-19 11:30:00-04:00,37.09000015258789,37.09000015258789,37.04999923706055,37.04999923706055,972,0.0,0.0,0.0
2023-09-19 12:30:00-04:00,37.040000915527344,37.06399917602539,37.040000915527344,37.04999923706055,701,0.0,0.0,0.0
2023-09-19 13:30:00-04:00,37.099998474121094,37.099998474121094,37.099998474121094,37.099998474121094,100,0.0,0.0,0.0
2023-09-19 15:30:00-04:00,37.16999816894531,37.16999816894531,37.16999816894531,37.16999816894531,0,0.0,0.0,0.0
2023-09-20 14:30:00-04:00,37.11000061035156,37.11000061035156,37.11000061035156,37.11000061035156,389,0.0,0.0,0.0
2023-09-20 15:30:00-04:00,37.029998779296875,37.029998779296875,37.029998779296875,37.029998779296875,0,0.0,0.0,0.0
2023-09-21 15:30:00-04:00,36.8650016784668,36.8650016784668,36.79999923706055,36.79999923706055,209,0.0,0.0,0.0
2023-09-22 15:30:00-04:00,36.720001220703125,36.720001220703125,36.720001220703125,36.720001220703125,100,0.0,0.0,0.0
2023-09-25 10:30:00-04:00,36.849998474121094,36.849998474121094,36.849998474121094,36.849998474121094,0,0.0,0.0,0.0
2023-09-25 15:30:00-04:00,36.840999603271484,36.840999603271484,36.840999603271484,36.840999603271484,100,0.0,0.0,0.0
2023-09-26 14:30:00-04:00,36.560001373291016,36.560001373291016,36.529998779296875,36.529998779296875,4624,0.0,0.0,0.0
2023-09-26 15:30:00-04:00,36.529998779296875,36.55099868774414,36.529998779296875,36.54999923706055,0,0.0,0.0,0.0
2023-09-27 09:30:00-04:00,36.739898681640625,36.739898681640625,36.739898681640625,36.739898681640625,522,0.0,0.0,0.0
2023-09-27 12:30:00-04:00,36.529998779296875,36.53010177612305,36.529998779296875,36.529998779296875,920,0.0,0.0,0.0
2023-09-27 13:30:00-04:00,36.4900016784668,36.4900016784668,36.4900016784668,36.4900016784668,100,0.0,0.0,0.0
2023-09-27 15:30:00-04:00,36.650001525878906,36.650001525878906,36.650001525878906,36.650001525878906,0,0.0,0.0,0.0
2023-09-28 09:30:00-04:00,36.790000915527344,36.790000915527344,36.790000915527344,36.790000915527344,109,0.0,0.0,0.0
2023-09-28 15:30:00-04:00,36.90999984741211,36.90999984741211,36.90999984741211,36.90999984741211,0,0.0,0.0,0.0
2023-09-29 15:30:00-04:00,36.79499816894531,36.79499816894531,36.79499816894531,36.79499816894531,208,0.0,0.0,0.0
2023-10-02 15:30:00-04:00,36.86000061035156,36.86000061035156,36.86000061035156,36.86000061035156,0,0.0,0.0,0.0
2023-10-03 15:30:00-04:00,36.70000076293945,36.70000076293945,36.70000076293945,36.70000076293945,5,0.0,0.0,0.0
2023-10-04 15:30:00-04:00,36.939998626708984,36.939998626708984,36.939998626708984,36.939998626708984,99,0.0,0.0,0.0
2023-10-05 15:30:00-04:00,36.959999084472656,36.959999084472656,36.959999084472656,36.959999084472656,0,0.0,0.0,0.0
2023-10-06 11:30:00-04:00,37.099998474121094,37.099998474121094,37.099998474121094,37.099998474121094,931,0.0,0.0,0.0
2023-10-06 12:30:00-04:00,37.13999938964844,37.13999938964844,37.13999938964844,37.13999938964844,100,0.0,0.0,0.0
2023-10-06 14:30:00-04:00,37.18000030517578,37.18000030517578,37.16999816894531,37.170101165771484,322,0.0,0.0,0.0
2023-10-06 15:30:00-04:00,37.11000061035156,37.11000061035156,37.11000061035156,37.11000061035156,100,0.0,0.0,0.0
2023-10-09 11:30:00-04:00,37.09000015258789,37.0900993347168,37.09000015258789,37.0900993347168,0,0.0,0.0,0.0
2023-10-09 12:30:00-04:00,37.119998931884766,37.119998931884766,37.119998931884766,37.119998931884766,157,0.0,0.0,0.0
2023-10-09 13:30:00-04:00,37.220001220703125,37.220001220703125,37.220001220703125,37.220001220703125,214,0.0,0.0,0.0
2023-10-09 14:30:00-04:00,37.2400016784668,37.2400016784668,37.238399505615234,37.238399505615234,100,0.0,0.0,0.0
2023-10-10 09:30:00-04:00,37.15999984741211,37.20000076293945,37.15999984741211,37.20000076293945,0,0.0,0.0,0.0
2023-10-10 14:30:00-04:00,37.34000015258789,37.34000015258789,37.34000015258789,37.34000015258789,103,0.0,0.0,0.0
2023-10-10 15:30:00-04:00,37.290000915527344,37.290000915527344,37.290000915527344,37.290000915527344,0,0.0,0.0,0.0
2023-10-11 13:30:00-04:00,37.349700927734375,37.349700927734375,37.349700927734375,37.349700927734375,0,0.0,0.0,0.0
2023-10-11 15:30:00-04:00,37.40999984741211,37.40999984741211,37.40999984741211,37.40999984741211,2,0.0,0.0,0.0
2023-10-12 09:30:00-04:00,37.65010070800781,37.65010070800781,37.650001525878906,37.65010070800781,502,0.0,0.0,0.0
2023-10-12 11:30:00-04:00,37.68000030517578,37.70000076293945,37.68000030517578,37.70000076293945,546,0.0,0.0,0.0
2023-10-12 13:30:00-04:00,37.529998779296875,37.529998779296875,37.529998779296875,37.529998779296875,110,0.0,0.0,0.0
2023-10-12 14:30:00-04:00,37.529998779296875,37.54819869995117,37.52000045776367,37.529998779296875,1363,0.0,0.0,0.0
2023-10-12 15:30:00-04:00,37.540000915527344,37.540000915527344,37.5,37.5099983215332,0,0.0,0.0,0.0
2023-10-13 11:30:00-04:00,37.40999984741211,37.40999984741211,37.30099868774414,37.30099868774414,230,0.0,0.0,0.0
2023-10-16 09:30:00-04:00,37.36000061035156,37.45000076293945,37.36000061035156,37.45000076293945,0,0.0,0.0,0.0
2023-10-16 11:30:00-04:00,37.560001373291016,37.560001373291016,37.560001373291016,37.560001373291016,226,0.0,0.0,0.0
2023-10-16 12:30:00-04:00,37.54990005493164,37.54990005493164,37.54990005493164,37.54990005493164,238,0.0,0.0,0.0
2023-10-16 14:30:00-04:00,37.4900016784668,37.51499938964844,37.41339874267578,37.41339874267578,0,0.0,0.0,0.0
2023-10-18 15:30:00-04:00,37.099998474121094,37.099998474121094,37.099998474121094,37.099998474121094,53,0.0,0.0,0.0
2023-10-19 09:30:00-04:00,37.029998779296875,37.029998779296875,37.029998779296875,37.029998779296875,177,0.0,0.0,0.0
2023-10-19 11:30:00-04:00,36.9900016784668,37.029998779296875,36.9900016784668,37.029998779296875,556,0.0,0.0,0.0
2023-10-19 12:30:00-04:00,36.849998474121094,36.91999816894531,36.849998474121094,36.91999816894531,544,0.0,0.0,0.0
2023-10-19 14:30:00-04:00,36.810001373291016,36.810001373291016,36.810001373291016,36.810001373291016,323,0.0,0.0,0.0
2023-10-19 15:30:00-04:00,36.84000015258789,36.858699798583984,36.84000015258789,36.858699798583984,0,0.0,0.0,0.0
2023-10-20 12:30:00-04:00,36.72999954223633,36.72999954223633,36.67829895019531,36.67829895019531,430,0.0,0.0,0.0
2023-10-23 10:30:00-04:00,36.580101013183594,36.580101013183594,36.580101013183594,36.580101013183594,396,0.0,0.0,0.0
2023-10-23 14:30:00-04:00,36.63399887084961,36.63399887084961,36.58980178833008,36.58980178833008,0,0.0,0.0,0.0
2023-10-24 11:30:00-04:00,36.4900016784668,36.4900016784668,36.4900016784668,36.4900016784668,254,0.0,0.0,0.0
2023-10-24 14:30:00-04:00,36.57400131225586,36.580101013183594,36.57400131225586,36.58000183105469,975,0.0,0.0,0.0
2023-10-24 15:30:00-04:00,36.58000183105469,36.61880111694336,36.58000183105469,36.61880111694336,120,0.0,0.0,0.0
2023-10-25 09:30:00-04:00,36.380001068115234,36.380001068115234,36.380001068115234,36.380001068115234,0,0.0,0.0,0.0
2023-10-25 12:30:00-04:00,36.33000183105469,36.33000183105469,36.33000183105469,36.33000183105469,302,0.0,0.0,0.0
2023-10-25 13:30:00-04:00,36.334999084472656,36.36989974975586,36.334999084472656,36.36989974975586,422,0.0,0.0,0.0
2023-10-25 14:30:00-04:00,36.380001068115234,36.380001068115234,36.33660125732422,36.33660125732422,314,0.0,0.0,0.0
2023-10-26 09:30:00-04:00,36.209999084472656,36.209999084472656,36.209999084472656,36.209999084472656,0,0.0,0.0,0.0
2023-10-26 10:30:00-04:00,36.279998779296875,36.279998779296875,36.27000045776367,36.27000045776367,268,0.0,0.0,0.0
2023-10-26 14:30:00-04:00,36.25,36.25,36.17639923095703,36.17639923095703,0,0.0,0.0,0.0
2023-10-27 10:30:00-04:00,36.150001525878906,36.150001525878906,36.150001525878906,36.150001525878906,121,0.0,0.0,0.0
2023-10-27 14:30:00-04:00,36.09000015258789,36.14830017089844,36.09000015258789,36.14830017089844,329,0.0,0.0,0.0
2023-10-30 14:30:00-04:00,36.41999816894531,36.657100677490234,36.380001068115234,36.657100677490234,652,0.0,0.0,0.0
2023-11-01 14:30:00-04:00,36.7599983215332,36.7599983215332,36.7599983215332,36.7599983215332,306,0.0,0.0,0.0
2023-11-01 15:30:00-04:00,36.86000061035156,36.877498626708984,36.86000061035156,36.877498626708984,189,0.0,0.0,0.0
2023-11-02 09:30:00-04:00,36.540000915527344,37.11000061035156,36.540000915527344,37.11000061035156,0,0.0,0.0,0.0
2023-11-03 09:30:00-04:00,37.130001068115234,37.130001068115234,37.029998779296875,37.029998779296875,8,0.0,0.0,0.0
2023-11-03 10:30:00-04:00,37.185001373291016,37.229801177978516,37.185001373291016,37.229801177978516,315,0.0,0.0,0.0
2023-11-03 15:30:00-04:00,37.290000915527344,37.290000915527344,37.21620178222656,37.290000915527344,100,0.0,0.0,0.0
2023-11-07 14:30:00-05:00,37.33000183105469,37.43000030517578,37.33000183105469,37.36130142211914,1085,0.0,0.0,0.0
2023-11-08 14:30:00-05:00,37.510101318359375,37.54840087890625,37.5099983215332,37.54840087890625,0,0.0,0.0,0.0
2023-11-09 14:30:00-05:00,37.459999084472656,37.97809982299805,37.459999084472656,37.97809982299805,366,0.0,0.0,0.0
2023-11-13 11:30:00-05:00,37.97999954223633,37.97999954223633,37.94609832763672,37.94609832763672,389,0.0,0.0,0.0
2023-11-14 09:30:00-05:00,38.08000183105469,38.2400016784668,38.08000183105469,38.2400016784668,565,0.0,0.0,0.0
2023-11-14 15:30:00-05:00,38.30699920654297,38.30699920654297,38.27669906616211,38.27669906616211,0,0.0,0.0,0.0
2023-11-15 13:30:00-05:00,38.400001525878906,38.41999816894531,38.400001525878906,38.41999816894531,2795,0.0,0.0,0.0
2023-11-15 14:30:00-05:00,38.3302001953125,38.3302001953125,38.29999923706055,38.31039810180664,990,0.0,0.0,0.0
2023-11-16 09:30:00-05:00,38.189998626708984,38.32500076293945,38.189998626708984,38.32500076293945,0,0.0,0.0,0.0
2023-11-17 10:30:00-05:00,38.29999923706055,38.34590148925781,38.29999923706055,38.34590148925781,457,0.0,0.0,0.0
2023-11-20 15:30:00-05:00,38.54499816894531,38.54499816894531,38.51689910888672,38.51689910888672,0,0.0,0.0,0.0
2023-11-22 09:30:00-05:00,38.58000183105469,38.59280014038086,38.58000183105469,38.59280014038086,307,0.0,0.0,0.0
2023-11-27 09:30:00-05:00,38.41999816894531,38.5099983215332,38.41999816894531,38.5,769,0.0,0.0,0.0
2023-11-27 11:30:00-05:00,38.569698333740234,38.569698333740234,38.38710021972656,38.38710021972656,0,0.0,0.0,0.0
2023-11-29 12:30:00-05:00,38.34410095214844,38.34410095214844,38.34410095214844,38.34410095214844,0,0.0,0.0,0.0
2023-11-30 09:30:00-05:00,38.2599983215332,38.290000915527344,38.2599983215332,38.290000915527344,381,0.0,0.0,0.0
2023-11-30 13:30:00-05:00,38.349998474121094,38.349998474121094,38.349998474121094,38.349998474121094,152,0.0,0.0,0.0
2023-11-30 15:30:00-05:00,38.41059875488281,38.56079864501953,38.41059875488281,38.56079864501953,0,0.0,0.0,0.0
2023-12-04 11:30:00-05:00,38.34000015258789,38.34000015258789,38.34000015258789,38.34000015258789,339,0.0,0.0,0.0
2023-12-04 13:30:00-05:00,38.38999938964844,38.38999938964844,38.36000061035156,38.36000061035156,1533,0.0,0.0,0.0
2023-12-04 15:30:00-05:00,38.400001525878906,38.477298736572266,38.400001525878906,38.477298736572266,0,0.0,0.0,0.0
2023-12-05 09:30:00-05:00,38.2599983215332,38.2599983215332,38.2599983215332,38.2599983215332,177,0.0,0.0,0.0
2023-12-05 11:30:00-05:00,38.400001525878906,38.41450119018555,38.400001525878906,38.41450119018555,1174,0.0,0.0,0.0
2023-12-06 09:30:00-05:00,38.560001373291016,38.900001525878906,37.709999084472656,38.33000183105469,33499,0.0,0.0,0.0
2023-12-06 11:30:00-05:00,37.83000183105469,37.83000183105469,37.83000183105469,37.83000183105469,154,0.0,0.0,0.0
2023-12-06 12:30:00-05:00,36.938899993896484,37.865699768066406,36.938899993896484,37.865699768066406,0,0.0,0.0,0.0
2023-12-07 09:30:00-05:00,38.099998474121094,38.599998474121094,38.099998474121094,38.220001220703125,26772,0.0,0.0,0.0
2023-12-07 10:30:00-05:00,38.0099983215332,38.0099983215332,37.970001220703125,38.007999420166016,1503,0.0,0.0,0.0
2023-12-07 11:30:00-05:00,38.040000915527344,38.040000915527344,38.040000915527344,38.040000915527344,124,0.0,0.0,0.0
2023-12-07 12:30:00-05:00,38.06999969482422,38.06999969482422,37.80110168457031,37.80110168457031,0,0.0,0.0,0.0
2023-12-08 09:30:00-05:00,37.70000076293945,38.47999954223633,37.70000076293945,37.900001525878906,21748,0.0,0.0,0.0
2023-12-08 13:30:00-05:00,38.81999969482422,38.81999969482422,38.81999969482422,38.81999969482422,191,0.0,0.0,0.0
2023-12-08 15:30:00-05:00,38.34000015258789,38.34000015258789,38.34000015258789,38.34000015258789,103,0.0,0.0,0.0
2023-12-11 14:30:00-05:00,38.188899993896484,38.39609909057617,38.188899993896484,38.39609909057617,0,0.0,0.0,0.0
2023-12-13 09:30:00-05:00,38.5,38.5,38.46730041503906,38.46730041503906,1,0.0,0.0,0.0
2023-12-14 09:30:00-05:00,38.09000015258789,38.439998626708984,37.11000061035156,37.19940185546875,10237,0.0,0.0,0.0
2023-12-14 13:30:00-05:00,37.81999969482422,38.29010009765625,37.81999969482422,38.29010009765625,0,0.0,0.0,0.0
2023-12-15 09:30:00-05:00,38.334999084472656,38.334999084472656,38.20000076293945,38.20000076293945,686,0.0,0.0,0.0
2023-12-15 15:30:00-05:00,37.72999954223633,37.72999954223633,37.72999954223633,37.72999954223633,435,0.0,0.0,0.0
2023-12-18 09:30:00-05:00,37.709999084472656,38.43220138549805,37.709999084472656,38.42839813232422,0,0.0,0.0,0.0
2023-12-20 14:30:00-05:00,38.880001068115234,38.88999938964844,38.27320098876953,38.27320098876953,0,0.0,0.0,0.0
2023-12-21 13:30:00-05:00,38.40950012207031,38.40950012207031,38.40950012207031,38.40950012207031,0,0.0,0.0,0.0
2023-12-22 09:30:00-05:00,38.189998626708984,38.900001525878906,36.69499969482422,37.900001525878906,16231,0.0,0.0,0.0
2023-12-22 12:30:00-05:00,37.720001220703125,37.720001220703125,37.66999816894531,37.709999084472656,1100,0.0,0.0,0.0
2023-12-22 13:30:00-05:00,37.619998931884766,37.619998931884766,37.59830093383789,37.59830093383789,199,0.0,0.0,0.0
2023-12-26 09:30:00-05:00,37.5,38.900001525878906,37.02000045776367,38.0099983215332,20462,0.0,0.0,0.0
2023-12-26 14:30:00-05:00,37.0,38.0099983215332,36.400001525878906,38.0099983215332,1286,0.0,0.0,0.0
2023-12-26 15:30:00-05:00,36.5,36.5,36.5,36.5,342,0.0,0.0,0.0
2023-12-27 09:30:00-05:00,37.84000015258789,38.16999816894531,37.84000015258789,38.119998931884766,1255,0.0,0.0,0.0
2023-12-27 11:30:00-05:00,38.220001220703125,38.59000015258789,38.220001220703125,38.298301696777344,0,0.0,0.0,0.0
2023-12-28 09:30:00-05:00,37.99800109863281,38.45000076293945,37.380001068115234,38.45000076293945,3221,0.0,0.0,0.0
2023-12-28 11:30:00-05:00,37.79600143432617,37.79600143432617,37.79600143432617,37.79600143432617,257,0.0,0.0,0.0
2023-12-28 13:30:00-05:00,37.38010025024414,37.38010025024414,37.38010025024414,37.38010025024414,200,0.0,0.0,0.0
2023-12-28 14:30:00-05:00,37.38999938964844,37.90250015258789,37.38999938964844,37.90250015258789,0,0.0,0.0,0.0
2023-12-29 09:30:00-05:00,38.0,38.31999969482422,37.0,38.31999969482422,1236,0.0,0.0,0.0
2023-12-29 15:30:00-05:00,38.20000076293945,38.20000076293945,37.099998474121094,37.099998474121094,140,0.0,0.0,0.0
2024-01-02 09:30:00-05:00,37.209999084472656,37.599998474121094,37.0,37.5005989074707,97,0.0,0.0,0.0
2024-01-02 10:30:00-05:00,37.209999084472656,38.84000015258789,37.16389846801758,37.16389846801758,0,0.0,0.0,0.0
2024-01-03 09:30:00-05:00,36.900001525878906,37.5,36.900001525878906,37.5,1126,0.0,0.0,0.0
2024-01-03 11:30:00-05:00,36.9900016784668,37.959999084472656,36.9900016784668,37.279998779296875,1078,0.0,0.0,0.0
2024-01-03 15:30:00-05:00,37.0,37.0,37.0,37.0,0,0.0,0.0,0.0
2024-01-04 10:30:00-05:00,37.099998474121094,37.650001525878906,37.099998474121094,37.650001525878906,428,0.0,0.0,0.0
2024-01-04 14:30:00-05:00,36.9900016784668,36.9900016784668,36.9900016784668,36.9900016784668,88,0.0,0.0,0.0
2024-01-05 09:30:00-05:00,37.599998474121094,37.9994010925293,37.099998474121094,37.469398498535156,6352,0.0,0.0,0.0
2024-01-08 09:30:00-05:00,37.79999923706055,37.79999923706055,37.500999450683594,37.790000915527344,0,0.0,0.0,0.0
2024-01-08 10:30:00-05:00,37.79999923706055,37.79999923706055,37.79999923706055,37.79999923706055,210,0.0,0.0,0.0
2024-01-08 13:30:00-05:00,37.79999923706055,37.79999923706055,37.79999923706055,37.79999923706055,512,0.0,0.0,0.0
2024-01-08 14:30:00-05:00,37.0,37.625,37.0,37.625,0,0.0,0.0,0.0
2024-01-09 13:30:00-05:00,37.599998474121094,37.935001373291016,37.599998474121094,37.935001373291016,703,0.0,0.0,0.0
2024-01-10 10:30:00-05:00,37.70000076293945,37.95000076293945,37.70000076293945,37.95000076293945,20,0.0,0.0,0.0
2024-01-11 09:30:00-05:00,38.400001525878906,38.400001525878906,38.400001525878906,38.400001525878906,121,0.0,0.0,0.0
2024-01-11 10:30:00-05:00,38.099998474121094,38.099998474121094,38.01499938964844,38.09000015258789,0,0.0,0.0,0.0
2024-01-16 09:30:00-05:00,38.09000015258789,38.400001525878906,38.09000015258789,38.15999984741211,0,0.0,0.0,0.0
2024-01-17 10:30:00-05:00,37.61000061035156,37.61000061035156,37.61000061035156,37.61000061035156,153,0.0,0.0,0.0
2024-01-17 13:30:00-05:00,37.66999816894531,38.32550048828125,37.66999816894531,38.32550048828125,0,0.0,0.0,0.0
2024-01-18 09:30:00-05:00,38.70000076293945,38.70000076293945,38.70000076293945,38.70000076293945,217,0.0,0.0,0.0
2024-01-18 13:30:00-05:00,38.20000076293945,38.20000076293945,38.18000030517578,38.18000030517578,0,0.0,0.0,0.0
2024-01-19 09:30:00-05:00,38.0,38.20000076293945,37.435001373291016,38.20000076293945,0,0.0,0.0,0.0
2024-01-19 12:30:00-05:00,38.380001068115234,38.79999923706055,38.380001068115234,38.790000915527344,1445,0.0,0.0,0.0
2024-01-19 14:30:00-05:00,38.119998931884766,38.119998931884766,38.11000061035156,38.119998931884766,998,0.0,0.0,0.0
2024-01-22 09:30:00-05:00,38.79999923706055,38.79999923706055,37.474998474121094,38.279998779296875,0,0.0,0.0,0.0
2024-01-22 10:30:00-05:00,38.61600112915039,38.61600112915039,38.61600112915039,38.61600112915039,0,0.0,0.0,0.0
2024-01-23 12:30:00-05:00,38.29999923706055,38.56570053100586,38.29999923706055,38.56570053100586,0,0.0,0.0,0.0
2024-01-24 09:30:00-05:00,38.29999923706055,39.29999923706055,37.54999923706055,38.73870086669922,19,0.0,0.0,0.0
2024-01-25 11:30:00-05:00,39.06449890136719,39.06449890136719,39.06449890136719,39.06449890136719,0,0.0,0.0,0.0
2024-01-26 09:30:00-05:00,38.5,38.79999923706055,38.18000030517578,38.599998474121094,4891,0.0,0.0,0.0
2024-01-26 13:30:00-05:00,38.790000915527344,38.88460159301758,38.790000915527344,38.88460159301758,290,0.0,0.0,0.0
2024-01-29 09:30:00-05:00,37.97999954223633,39.0099983215332,36.5099983215332,38.31999969482422,6648,0.0,0.0,0.0
2024-01-29 14:30:00-05:00,38.18000030517578,38.49480056762695,38.16999816894531,38.49480056762695,0,0.0,0.0,0.0
2024-01-30 09:30:00-05:00,38.150001525878906,39.0099983215332,38.150001525878906,38.310001373291016,4142,0.0,0.0,0.0
2024-01-30 11:30:00-05:00,38.47999954223633,38.720001220703125,38.47999954223633,38.720001220703125,240,0.0,0.0,0.0
2024-01-31 09:30:00-05:00,38.29999923706055,38.5099983215332,37.775001525878906,38.5099983215332,0,0.0,0.0,0.0
2024-01-31 11:30:00-05:00,38.219398498535156,38.219398498535156,38.219398498535156,38.219398498535156,0,0.0,0.0,0.0
2024-02-01 14:30:00-05:00,38.369998931884766,38.650299072265625,38.20000076293945,38.20000076293945,0,0.0,0.0,0.0
2024-02-05 09:30:00-05:00,38.2400016784668,38.5,38.2400016784668,38.5,758,0.0,0.0,0.0
2024-02-05 10:30:00-05:00,38.400001525878906,38.400001525878906,38.400001525878906,38.400001525878906,717,0.0,0.0,0.0
2024-02-05 11:30:00-05:00,37.40010070800781,38.20000076293945,37.40010070800781,38.20000076293945,0,0.0,0.0,0.0
2024-02-06 09:30:00-05:00,37.68000030517578,38.20000076293945,37.68000030517578,38.20000076293945,59,0.0,0.0,0.0
2024-02-07 14:30:00-05:00,38.9900016784668,38.9900016784668,38.209999084472656,38.209999084472656,0,0.0,0.0,0.0
2024-02-08 09:30:00-05:00,38.36000061035156,38.36000061035156,38.095001220703125,38.095001220703125,15,0.0,0.0,0.0
2024-02-12 09:30:00-05:00,37.850101470947266,37.850101470947266,37.850101470947266,37.850101470947266,118,0.0,0.0,0.0
2024-02-12 11:30:00-05:00,38.38999938964844,38.38999938964844,38.204498291015625,38.204498291015625,0,0.0,0.0,0.0
2024-02-13 12:30:00-05:00,38.0099983215332,38.0099983215332,36.02000045776367,37.9900016784668,1266,0.0,0.0,0.0
2024-02-14 13:30:00-05:00,37.689998626708984,38.36709976196289,37.689998626708984,38.36709976196289,100,0.0,0.0,0.0
2024-02-16 10:30:00-05:00,38.474998474121094,38.9900016784668,38.474998474121094,38.9900016784668,729,0.0,0.0,0.0
2024-02-16 11:30:00-05:00,39.0,39.0,38.9900016784668,38.9900016784668,1080,0.0,0.0,0.0
2024-02-21 09:30:00-05:00,38.70000076293945,38.70000076293945,38.70000076293945,38.70000076293945,993,0.0,0.0,0.0
2024-02-21 10:30:00-05:00,38.79999923706055,38.79999923706055,38.79999923706055,38.79999923706055,2471,0.0,0.0,0.0
2024-02-21 13:30:00-05:00,38.900001525878906,38.900001525878906,38.099998474121094,38.599998474121094,2384,0.0,0.0,0.0
2024-02-21 14:30:00-05:00,38.599998474121094,38.599998474121094,38.599998474121094,38.599998474121094,1107,0.0,0.0,0.0
2024-02-21 15:30:00-05:00,38.79999923706055,38.79999923706055,38.63880157470703,38.63880157470703,0,0.0,0.0,0.0
2024-02-22 09:30:00-05:00,38.900001525878906,38.900001525878906,38.900001525878906,38.900001525878906,1253,0.0,0.0,0.0
2024-02-22 10:30:00-05:00,39.0,39.400001525878906,39.0,39.099998474121094,679,0.0,0.0,0.0
2024-02-22 11:30:00-05:00,39.099998474121094,39.20000076293945,39.099998474121094,39.20000076293945,2442,0.0,0.0,0.0
2024-02-22 12:30:00-05:00,39.29999923706055,39.5,39.29999923706055,39.29999923706055,1260,0.0,0.0,0.0
2024-02-22 13:30:00-05:00,39.20000076293945,39.20000076293945,39.150001525878906,39.150001525878906,2273,0.0,0.0,0.0
2024-02-22 14:30:00-05:00,39.5,39.5,39.5,39.5,576,0.0,0.0,0.0
2024-02-22 15:30:00-05:00,39.400001525878906,39.400001525878906,39.349998474121094,39.349998474121094,0,0.0,0.0,0.0
2024-02-23 09:30:00-05:00,37.04999923706055,40.0,37.04999923706055,39.599998474121094,774,0.0,0.0,0.0
2024-02-23 10:30:00-05:00,39.599998474121094,39.900001525878906,39.599998474121094,39.900001525878906,1930,0.0,0.0,0.0
2024-02-23 11:30:00-05:00,39.900001525878906,40.400001525878906,39.900001525878906,40.400001525878906,1791,0.0,0.0,0.0
2024-02-26 12:30:00-05:00,40.04499816894531,40.04499816894531,40.04499816894531,40.04499816894531,0,0.0,0.0,0.0
2024-02-26 14:30:00-05:00,40.599998474121094,40.72999954223633,40.599998474121094,40.72999954223633,0,0.0,0.0,0.0
2024-02-27 09:30:00-05:00,41.9900016784668,41.9900016784668,41.0099983215332,41.0099983215332,410,0.0,0.0,0.0
2024-02-27 10:30:00-05:00,41.2599983215332,41.2599983215332,41.2599983215332,41.2599983215332,219,0.0,0.0,0.0
2024-02-27 11:30:00-05:00,41.0099983215332,41.02519989013672,40.67499923706055,41.02519989013672,0,0.0,0.0,0.0
2024-02-29 11:30:00-05:00,42.34000015258789,42.34000015258789,40.7400016784668,40.7400016784668,0,0.0,0.0,0.0
2024-03-01 11:30:00-05:00,40.78499984741211,40.78499984741211,40.78499984741211,40.78499984741211,0,0.0,0.0,0.0
2024-03-01 14:30:00-05:00,39.22010040283203,40.79249954223633,39.22010040283203,40.79249954223633,1138,0.0,0.0,0.0
2024-03-04 09:30:00-05:00,40.0099983215332,40.0099983215332,40.0099983215332,40.0099983215332,1504,0.0,0.0,0.0
2024-03-04 12:30:00-05:00,40.935001373291016,42.34989929199219,40.935001373291016,42.34989929199219,1070,0.0,0.0,0.0
2024-03-04 15:30:00-05:00,41.04999923706055,41.04999923706055,41.0,41.040000915527344,0,0.0,0.0,0.0
2024-03-05 11:30:00-05:00,39.360198974609375,41.00230026245117,39.360198974609375,41.00230026245117,404,0.0,0.0,0.0
2024-03-06 09:30:00-05:00,40.459999084472656,40.459999084472656,40.459999084472656,40.459999084472656,3448,0.0,0.0,0.0
2024-03-06 10:30:00-05:00,39.630001068115234,39.630001068115234,39.630001068115234,39.630001068115234,312,0.0,0.0,0.0
2024-03-06 11:30:00-05:00,39.400001525878906,39.400001525878906,39.400001525878906,39.400001525878906,290,0.0,0.0,0.0
2024-03-06 15:30:00-05:00,42.95000076293945,42.95000076293945,42.95000076293945,42.95000076293945,0,0.0,0.0,0.0
2024-03-07 14:30:00-05:00,38.65999984741211,38.65999984741211,37.25,37.25,595,0.0,0.0,0.0
2024-03-07 15:30:00-05:00,38.599998474121094,39.619998931884766,38.599998474121094,38.599998474121094,0,0.0,0.0,0.0
2024-03-08 10:30:00-05:00,38.099998474121094,38.099998474121094,38.099998474121094,38.099998474121094,336,0.0,0.0,0.0
2024-03-08 15:30:00-05:00,41.87189865112305,41.87189865112305,40.005001068115234,40.005001068115234,402,0.0,0.0,0.0
2024-03-18 12:30:00-04:00,41.095001220703125,41.095001220703125,41.095001220703125,41.095001220703125,178,0.0,0.0,0.0
2024-03-18 13:30:00-04:00,41.32500076293945,41.32500076293945,41.32500076293945,41.32500076293945,164,0.0,0.0,0.0
2024-03-18 15:30:00-04:00,40.060001373291016,40.21500015258789,40.060001373291016,40.21500015258789,0,0.0,0.0,0.0
2024-03-22 09:30:00-04:00,38.5,39.5,38.5,39.29999923706055,517,0.0,0.0,0.0
2024-03-22 11:30:00-04:00,39.2599983215332,39.540000915527344,39.2599983215332,39.540000915527344,104,0.0,0.0,0.0
2024-03-26 09:30:00-04:00,39.0,40.0,39.0,39.29999923706055,761,0.0,0.0,0.0
2024-03-26 12:30:00-04:00,38.130001068115234,38.130001068115234,38.130001068115234,38.130001068115234,1973,0.0,0.0,0.0
2024-03-26 13:30:00-04:00,39.0,43.310001373291016,38.83000183105469,38.83000183105469,1411,0.0,0.0,0.0
2024-03-26 14:30:00-04:00,40.0,40.95000076293945,39.5,39.709999084472656,0,0.0,0.0,0.0
2024-03-27 14:30:00-04:00,40.599998474121094,40.599998474121094,40.599998474121094,40.599998474121094,302,0.0,0.0,0.0
2024-03-27 15:30:00-04:00,42.099998474121094,42.099998474121094,42.099998474121094,42.099998474121094,0,0.0,0.0,0.0
2024-03-28 09:30:00-04:00,40.4452018737793,40.4452018737793,40.4452018737793,40.4452018737793,0,0.0,0.0,0.0
2024-03-28 13:30:00-04:00,39.495201110839844,41.43149948120117,39.495201110839844,41.43149948120117,1213,0.0,0.0,0.0
2024-04-01 12:30:00-04:00,40.18000030517578,40.18000030517578,40.18000030517578,40.18000030517578,0,0.0,0.0,0.0
2024-04-01 14:30:00-04:00,41.23500061035156,41.23500061035156,41.23500061035156,41.23500061035156,0,0.0,0.0,0.0
2024-04-02 10:30:00-04:00,39.119998931884766,40.560001373291016,39.119998931884766,40.505001068115234,0,0.0,0.0,0.0
2024-04-04 15:30:00-04:00,39.95500183105469,39.95500183105469,39.82979965209961,39.82979965209961,0,0.0,0.0,0.0
2024-04-05 11:30:00-04:00,39.3567008972168,40.41019821166992,39.3567008972168,40.41019821166992,449,0.0,0.0,0.0
2024-04-08 13:30:00-04:00,39.604000091552734,39.90010070800781,39.604000091552734,39.90010070800781,0,0.0,0.0,0.0
2024-04-09 10:30:00-04:00,39.04999923706055,39.05009841918945,39.04999923706055,39.05009841918945,207,0.0,0.0,0.0
2024-04-09 13:30:00-04:00,39.810001373291016,40.80659866333008,39.810001373291016,40.80659866333008,0,0.0,0.0,0.0
2024-04-10 09:30:00-04:00,38.16999816894531,40.19499969482422,38.16999816894531,40.19499969482422,0,0.0,0.0,0.0
2024-04-11 12:30:00-04:00,38.59000015258789,39.905399322509766,38.59000015258789,39.5099983215332,58,0.0,0.0,0.0
2024-04-15 09:30:00-04:00,40.290000915527344,40.290000915527344,38.9900016784668,38.9900016784668,56,0.0,0.0,0.0
2024-04-16 12:30:00-04:00,38.20000076293945,38.20000076293945,38.16999816894531,38.16999816894531,960,0.0,0.0,0.0
2024-04-16 13:30:00-04:00,38.0,38.150001525878906,33.540000915527344,38.150001525878906,2171,0.0,0.0,0.0
2024-04-16 14:30:00-04:00,38.0,38.7599983215332,38.0,38.0,0,0.0,0.0,0.0
2024-04-17 11:30:00-04:00,38.650001525878906,38.650001525878906,37.04999923706055,37.04999923706055,367,0.0,0.0,0.0
2024-04-17 12:30:00-04:00,38.11000061035156,38.11000061035156,37.150001525878906,38.11000061035156,1148,0.0,0.0,0.0
2024-04-17 13:30:00-04:00,38.0,38.150001525878906,38.0,38.150001525878906,569,0.0,0.0,0.0
2024-04-17 14:30:00-04:00,38.150001525878906,38.46500015258789,38.150001525878906,38.46500015258789,0,0.0,0.0,0.0
2024-04-19 09:30:00-04:00,37.599998474121094,37.599998474121094,37.599998474121094,37.599998474121094,170,0.0,0.0,0.0
2024-04-19 11:30:00-04:00,38.0,39.59199905395508,38.0,39.59199905395508,270,0.0,0.0,0.0
2024-04-22 09:30:00-04:00,39.20000076293945,39.53499984741211,39.20000076293945,39.474300384521484,0,0.0,0.0,0.0
2024-04-26 13:30:00-04:00,39.869998931884766,39.869998931884766,39.75279998779297,39.75279998779297,464,0.0,0.0,0.0
2024-04-29 09:30:00-04:00,40.084999084472656,40.084999084472656,40.084999084472656,40.084999084472656,0,0.0,0.0,0.0
2024-04-29 13:30:00-04:00,38.56999969482422,39.84159851074219,38.56999969482422,39.84159851074219,133,0.0,0.0,0.0
2024-04-30 10:30:00-04:00,39.880001068115234,39.880001068115234,39.53070068359375,39.53070068359375,0,0.0,0.0,0.0
2024-05-01 09:30:00-04:00,37.77000045776367,37.77000045776367,37.77000045776367,37.77000045776367,316,0.0,0.0,0.0
2024-05-01 14:30:00-04:00,39.47999954223633,39.650699615478516,39.47999954223633,39.64619827270508,0,0.0,0.0,0.0
2024-05-03 09:30:00-04:00,39.599998474121094,39.599998474121094,39.599998474121094,39.599998474121094,199,0.0,0.0,0.0
2024-05-03 13:30:00-04:00,41.099998474121094,41.099998474121094,39.449100494384766,39.449100494384766,650,0.0,0.0,0.0
2024-05-06 15:30:00-04:00,40.14500045776367,40.14500045776367,39.866600036621094,39.866600036621094,0,0.0,0.0,0.0
2024-05-07 09:30:00-04:00,38.099998474121094,39.98609924316406,38.099998474121094,39.98609924316406,0,0.0,0.0,0.0
2024-05-10 13:30:00-04:00,40.41550064086914,40.41550064086914,39.860198974609375,39.860198974609375,202,0.0,0.0,0.0
2024-05-13 09:30:00-04:00,39.9900016784668,39.9900016784668,39.9900016784668,39.9900016784668,843,0.0,0.0,0.0
2024-05-13 11:30:00-04:00,39.970001220703125,40.18939971923828,39.724998474121094,40.18939971923828,0,0.0,0.0,0.0
2024-05-15 10:30:00-04:00,39.90999984741211,39.9900016784668,39.90999984741211,39.9900016784668,0,0.0,0.0,0.0
2024-05-16 09:30:00-04:00,38.2599983215332,40.525001525878906,38.2599983215332,40.142799377441406,2,0.0,0.0,0.0
2024-05-20 13:30:00-04:00,38.850101470947266,39.451900482177734,38.850101470947266,39.451900482177734,138,0.0,0.0,0.0
2024-05-21 12:30:00-04:00,40.41999816894531,40.41999816894531,39.652000427246094,39.652000427246094,3,0.0,0.0,0.0
2024-05-28 09:30:00-04:00,37.04999923706055,40.110198974609375,37.04999923706055,39.595001220703125,0,0.0,0.0,0.0
2024-06-04 11:30:00-04:00,40.989898681640625,40.989898681640625,39.352298736572266,39.494998931884766,30,0.0,0.0,0.0
2024-06-06 11:30:00-04:00,38.13999938964844,38.13999938964844,38.13999938964844,38.13999938964844,293,0.0,0.0,0.0
2024-06-06 13:30:00-04:00,38.13999938964844,38.13999938964844,38.13999938964844,38.13999938964844,100,0.0,0.0,0.0
2024-06-06 14:30:00-04:00,39.31999969482422,39.31999969482422,39.31999969482422,39.31999969482422,0,0.0,0.0,0.0
2024-06-07 12:30:00-04:00,39.29999923706055,39.29999923706055,38.65999984741211,38.65999984741211,436,0.0,0.0,0.0
2024-06-10 09:30:00-04:00,38.22999954223633,38.900001525878906,38.22999954223633,38.22999954223633,0,0.0,0.0,0.0
2024-06-11 14:30:00-04:00,38.20000076293945,38.20000076293945,37.220001220703125,37.220001220703125,0,0.0,0.0,0.0
2024-06-12 12:30:00-04:00,37.20000076293945,39.029998779296875,37.0,38.529998779296875,1043,0.0,0.0,0.0
2024-06-13 10:30:00-04:00,37.11000061035156,38.564998626708984,37.11000061035156,38.564998626708984,0,0.0,0.0,0.0
2024-06-17 11:30:00-04:00,39.86000061035156,39.86000061035156,38.779998779296875,38.779998779296875,573,0.0,0.0,0.0
2024-06-20 09:30:00-04:00,37.16999816894531,38.65729904174805,37.16999816894531,38.630001068115234,498,0.0,0.0,0.0
2024-06-24 09:30:00-04:00,39.970001220703125,39.97999954223633,39.970001220703125,39.970001220703125,0,0.0,0.0,0.0
2024-06-24 11:30:00-04:00,39.9900016784668,39.9900016784668,38.82500076293945,38.875,0,0.0,0.0,0.0
2024-06-26 12:30:00-04:00,38.88999938964844,38.89860153198242,38.88999938964844,38.89860153198242,113,0.0,0.0,0.0
2024-06-27 12:30:00-04:00,38.310001373291016,39.15480041503906,38.310001373291016,39.099998474121094,0,0.0,0.0,0.0
2024-07-02 10:30:00-04:00,39.0,39.0,39.0,39.0,457,0.0,0.0,0.0
2024-07-02 11:30:00-04:00,39.0,39.5,39.0,39.150001525878906,400,0.0,0.0,0.0
2024-07-02 15:30:00-04:00,39.9900016784668,39.9900016784668,39.9900016784668,39.9900016784668,0,0.0,0.0,0.0
2024-07-03 09:30:00-04:00,38.08000183105469,39.95000076293945,38.08000183105469,39.95000076293945,404,0.0,0.0,0.0
2024-07-03 12:30:00-04:00,38.27000045776367,38.27000045776367,38.27000045776367,38.27000045776367,0,0.0,0.0,0.0
2024-07-08 09:30:00-04:00,37.5,37.5,37.5,37.5,195,0.0,0.0,0.0
2024-07-08 11:30:00-04:00,38.92499923706055,39.397701263427734,38.92499923706055,39.397701263427734,0,0.0,0.0,0.0
2024-07-10 11:30:00-04:00,40.040000915527344,40.040000915527344,39.275001525878906,39.275001525878906,109,0.0,0.0,0.0
2024-07-11 12:30:00-04:00,39.380001068115234,39.380001068115234,39.380001068115234,39.380001068115234,0,0.0,0.0,0.0
2024-07-12 14:30:00-04:00,39.380001068115234,39.380001068115234,39.380001068115234,39.380001068115234,370,0.0,0.0,0.0
2024-07-12 15:30:00-04:00,40.1797981262207,40.18000030517578,40.1797981262207,40.18000030517578,418,0.0,0.0,0.0
