Datetime,Open,High,Low,Close,Volume,Dividends,Stock Splits
2022-11-08 09:30:00-05:00,21.625,21.860000610351562,21.170000076293945,21.860000610351562,707223,0.0,0.0
2022-11-08 10:30:00-05:00,21.854999542236328,22.0,21.809999465942383,21.959999084472656,407851,0.0,0.0
2022-11-08 11:30:00-05:00,21.959999084472656,22.030000686645508,21.68000030517578,21.690000534057617,276895,0.0,0.0
2022-11-08 12:30:00-05:00,21.690000534057617,21.770000457763672,21.530000686645508,21.600000381469727,232392,0.0,0.0
2022-11-08 13:30:00-05:00,21.59000015258789,21.68000030517578,21.3799991607666,21.5,1023065,0.0,0.0
2022-11-08 14:30:00-05:00,21.514999389648438,21.719999313354492,21.25,21.65999984741211,793876,0.0,0.0
2022-11-08 15:30:00-05:00,21.665000915527344,21.729999542236328,21.600000381469727,21.6200008392334,831641,0.0,0.0
2022-11-09 09:30:00-05:00,22.260000228881836,22.709999084472656,21.84000015258789,22.690000534057617,1777952,0.0,0.0
2022-11-09 10:30:00-05:00,22.690000534057617,22.78499984741211,22.479999542236328,22.594999313354492,922788,0.0,0.0
2022-11-09 11:30:00-05:00,22.593000411987305,22.854999542236328,22.593000411987305,22.834999084472656,683033,0.0,0.0
2022-11-09 12:30:00-05:00,22.834999084472656,23.110000610351562,22.780000686645508,23.090999603271484,580697,0.0,0.0
2022-11-09 13:30:00-05:00,23.100000381469727,23.110000610351562,22.84000015258789,23.049999237060547,684224,0.0,0.0
2022-11-09 14:30:00-05:00,23.040000915527344,23.1200008392334,22.790000915527344,23.114999771118164,849602,0.0,0.0
2022-11-09 15:30:00-05:00,23.110000610351562,23.114999771118164,22.8700008392334,22.93000030517578,1137034,0.0,0.0
2022-11-10 09:30:00-05:00,23.68000030517578,23.690000534057617,22.010000228881836,22.229999542236328,2242256,0.0,0.0
2022-11-10 10:30:00-05:00,22.25,22.719999313354492,21.959999084472656,22.600000381469727,1684355,0.0,0.0
2022-11-10 11:30:00-05:00,22.600000381469727,22.770000457763672,22.450000762939453,22.670000076293945,1209645,0.0,0.0
2022-11-10 12:30:00-05:00,22.670000076293945,22.700000762939453,22.059999465942383,22.15999984741211,780755,0.0,0.0
2022-11-10 13:30:00-05:00,22.174999237060547,22.3700008392334,22.020000457763672,22.2450008392334,1061704,0.0,0.0
2022-11-10 14:30:00-05:00,22.239999771118164,22.649999618530273,22.21500015258789,22.649999618530273,950564,0.0,0.0
2022-11-10 15:30:00-05:00,22.655000686645508,22.725000381469727,22.55500030517578,22.639999389648438,914589,0.0,0.0
2022-11-11 09:30:00-05:00,22.56999969482422,23.149999618530273,22.489999771118164,22.739999771118164,1010456,0.0,0.0
2022-11-11 10:30:00-05:00,22.739999771118164,23.1299991607666,22.700000762939453,23.05500030517578,671182,0.0,0.0
2022-11-11 11:30:00-05:00,23.05500030517578,23.15999984741211,22.920000076293945,22.959999084472656,784437,0.0,0.0
2022-11-11 12:30:00-05:00,22.954999923706055,23.079999923706055,22.860000610351562,23.010000228881836,592923,0.0,0.0
2022-11-11 13:30:00-05:00,23.014999389648438,23.040000915527344,22.940000534057617,23.030000686645508,467820,0.0,0.0
2022-11-11 14:30:00-05:00,23.030000686645508,23.110000610351562,22.790000915527344,22.899999618530273,4282479,0.0,0.0
2022-11-11 15:30:00-05:00,22.90999984741211,22.959999084472656,22.7450008392334,22.93000030517578,1290331,0.0,0.0
2022-11-14 09:30:00-05:00,22.790000915527344,22.959999084472656,22.34000015258789,22.34000015258789,1694757,0.0,0.0
2022-11-14 10:30:00-05:00,22.329999923706055,22.559999465942383,22.274999618530273,22.395000457763672,767441,0.0,0.0
2022-11-14 11:30:00-05:00,22.389999389648438,22.670000076293945,22.334999084472656,22.639999389648438,552084,0.0,0.0
2022-11-14 12:30:00-05:00,22.649999618530273,22.860000610351562,22.610000610351562,22.844999313354492,617062,0.0,0.0
2022-11-14 13:30:00-05:00,22.84000015258789,22.8799991607666,22.674999237060547,22.799999237060547,760266,0.0,0.0
2022-11-14 14:30:00-05:00,22.799999237060547,22.950000762939453,22.764999389648438,22.94499969482422,754808,0.0,0.0
2022-11-14 15:30:00-05:00,22.94499969482422,22.950000762939453,22.65999984741211,22.700000762939453,1021796,0.0,0.0
2022-11-15 09:30:00-05:00,22.899999618530273,22.950000762939453,22.46500015258789,22.65999984741211,901559,0.0,0.0
2022-11-15 10:30:00-05:00,22.670000076293945,22.791500091552734,22.59000015258789,22.700000762939453,566856,0.0,0.0
2022-11-15 11:30:00-05:00,22.709999084472656,22.739999771118164,22.610000610351562,22.700000762939453,502156,0.0,0.0
2022-11-15 12:30:00-05:00,22.704999923706055,22.729999542236328,22.325000762939453,22.34119987487793,840543,0.0,0.0
2022-11-15 13:30:00-05:00,22.34000015258789,22.549999237060547,22.209999084472656,22.530000686645508,787688,0.0,0.0
2022-11-15 14:30:00-05:00,22.540000915527344,22.579999923706055,22.424999237060547,22.475000381469727,1054390,0.0,0.0
2022-11-15 15:30:00-05:00,22.469999313354492,22.469999313354492,22.209999084472656,22.229999542236328,1171926,0.0,0.0
2022-11-16 09:30:00-05:00,22.260000228881836,22.600000381469727,22.190000534057617,22.479999542236328,573858,0.0,0.0
2022-11-16 10:30:00-05:00,22.4950008392334,22.56999969482422,22.450000762939453,22.479999542236328,350965,0.0,0.0
2022-11-16 11:30:00-05:00,22.485000610351562,22.59000015258789,22.3799991607666,22.44499969482422,393169,0.0,0.0
2022-11-16 12:30:00-05:00,22.44499969482422,22.604999542236328,22.440000534057617,22.56999969482422,263399,0.0,0.0
2022-11-16 13:30:00-05:00,22.575000762939453,22.6299991607666,22.479999542236328,22.59000015258789,249048,0.0,0.0
2022-11-16 14:30:00-05:00,22.59000015258789,22.709999084472656,22.489999771118164,22.5049991607666,487015,0.0,0.0
2022-11-16 15:30:00-05:00,22.5049991607666,22.639999389648438,22.479999542236328,22.625,869148,0.0,0.0
2022-11-17 09:30:00-05:00,22.25,22.65999984741211,22.25,22.395000457763672,531776,0.0,0.0
2022-11-17 10:30:00-05:00,22.399999618530273,22.420000076293945,22.100000381469727,22.184999465942383,486895,0.0,0.0
2022-11-17 11:30:00-05:00,22.18000030517578,22.434999465942383,22.135000228881836,22.415000915527344,1009653,0.0,0.0
2022-11-17 12:30:00-05:00,22.399999618530273,22.55500030517578,22.309999465942383,22.549999237060547,589659,0.0,0.0
2022-11-17 13:30:00-05:00,22.549999237060547,22.56999969482422,22.389999389648438,22.43000030517578,656802,0.0,0.0
2022-11-17 14:30:00-05:00,22.424999237060547,22.56999969482422,22.399999618530273,22.489999771118164,635646,0.0,0.0
2022-11-17 15:30:00-05:00,22.489999771118164,22.520000457763672,22.344999313354492,22.459999084472656,1040923,0.0,0.0
2022-11-18 09:30:00-05:00,22.43000030517578,22.690000534057617,22.219999313354492,22.479999542236328,355581,0.0,0.0
2022-11-18 10:30:00-05:00,22.471799850463867,22.649999618530273,22.43000030517578,22.610000610351562,324157,0.0,0.0
2022-11-18 11:30:00-05:00,22.604999542236328,22.639999389648438,22.4950008392334,22.514999389648438,214650,0.0,0.0
2022-11-18 12:30:00-05:00,22.514999389648438,22.55500030517578,22.389999389648438,22.549999237060547,216160,0.0,0.0
2022-11-18 13:30:00-05:00,22.549999237060547,22.594999313354492,22.489999771118164,22.520000457763672,297464,0.0,0.0
2022-11-18 14:30:00-05:00,22.520000457763672,22.610000610351562,22.475000381469727,22.610000610351562,296575,0.0,0.0
2022-11-18 15:30:00-05:00,22.610000610351562,22.71500015258789,22.56999969482422,22.6299991607666,573054,0.0,0.0
2022-11-21 09:30:00-05:00,22.700000762939453,23.049999237060547,22.639999389648438,22.78499984741211,474190,0.0,0.0
2022-11-21 10:30:00-05:00,22.780000686645508,22.959999084472656,22.780000686645508,22.875,514682,0.0,0.0
2022-11-21 11:30:00-05:00,22.8799991607666,23.024999618530273,22.875,23.010000228881836,426335,0.0,0.0
2022-11-21 12:30:00-05:00,23.010000228881836,23.1299991607666,22.979999542236328,23.114999771118164,449470,0.0,0.0
2022-11-21 13:30:00-05:00,23.1200008392334,23.170000076293945,23.024999618530273,23.139999389648438,498132,0.0,0.0
2022-11-21 14:30:00-05:00,23.139999389648438,23.229999542236328,23.125,23.155000686645508,509614,0.0,0.0
2022-11-21 15:30:00-05:00,23.155000686645508,23.18000030517578,23.049999237060547,23.049999237060547,909402,0.0,0.0
2022-11-22 09:30:00-05:00,23.149999618530273,23.260000228881836,22.920000076293945,23.06999969482422,632360,0.0,0.0
2022-11-22 10:30:00-05:00,23.075000762939453,23.100000381469727,22.899999618530273,23.024999618530273,438558,0.0,0.0
2022-11-22 11:30:00-05:00,23.022499084472656,23.05500030517578,22.889999389648438,22.899999618530273,444767,0.0,0.0
2022-11-22 12:30:00-05:00,22.895000457763672,23.05500030517578,22.8799991607666,22.94499969482422,614448,0.0,0.0
2022-11-22 13:30:00-05:00,22.950000762939453,23.079999923706055,22.94499969482422,23.059999465942383,746160,0.0,0.0
2022-11-22 14:30:00-05:00,23.065000534057617,23.079999923706055,22.93000030517578,23.030000686645508,642398,0.0,0.0
2022-11-22 15:30:00-05:00,23.030000686645508,23.149999618530273,23.020000457763672,23.104999542236328,693027,0.0,0.0
2022-11-23 09:30:00-05:00,22.440000534057617,23.299999237060547,22.440000534057617,23.28499984741211,382600,0.0,0.0
2022-11-23 10:30:00-05:00,23.28499984741211,23.3700008392334,23.174999237060547,23.1924991607666,269732,0.0,0.0
2022-11-23 11:30:00-05:00,23.19499969482422,23.19499969482422,23.059999465942383,23.104999542236328,226144,0.0,0.0
2022-11-23 12:30:00-05:00,23.110000610351562,23.179899215698242,23.100000381469727,23.170000076293945,211671,0.0,0.0
2022-11-23 13:30:00-05:00,23.170000076293945,23.290000915527344,23.149999618530273,23.260000228881836,188412,0.0,0.0
2022-11-23 14:30:00-05:00,23.25,23.280000686645508,23.174999237060547,23.204999923706055,263290,0.0,0.0
2022-11-23 15:30:00-05:00,23.204999923706055,23.20599937438965,23.030000686645508,23.049999237060547,650642,0.0,0.0
2022-11-25 09:30:00-05:00,23.040000915527344,23.21500015258789,23.020000457763672,23.110000610351562,1274535,0.0,0.0
2022-11-25 10:30:00-05:00,23.110000610351562,23.1200008392334,23.014999389648438,23.03499984741211,368648,0.0,0.0
2022-11-25 11:30:00-05:00,23.03499984741211,23.09000015258789,22.950000762939453,23.079999923706055,345476,0.0,0.0
2022-11-28 09:30:00-05:00,23.040000915527344,23.200000762939453,22.860000610351562,22.8700008392334,501277,0.0,0.0
2022-11-28 10:30:00-05:00,22.860000610351562,22.979999542236328,22.84000015258789,22.905000686645508,617653,0.0,0.0
2022-11-28 11:30:00-05:00,22.90999984741211,22.969999313354492,22.84000015258789,22.959999084472656,464854,0.0,0.0
2022-11-28 12:30:00-05:00,22.950000762939453,22.959999084472656,22.809999465942383,22.860000610351562,399297,0.0,0.0
2022-11-28 13:30:00-05:00,22.860000610351562,23.030000686645508,22.84000015258789,23.020000457763672,886115,0.0,0.0
2022-11-28 14:30:00-05:00,23.024999618530273,23.110000610351562,22.8700008392334,23.03499984741211,1072847,0.0,0.0
2022-11-28 15:30:00-05:00,23.03499984741211,23.1200008392334,22.9950008392334,23.030000686645508,1290491,0.0,0.0
2022-11-29 09:30:00-05:00,22.950000762939453,23.190000534057617,22.795000076293945,22.860000610351562,616727,0.0,0.0
2022-11-29 10:30:00-05:00,22.860000610351562,22.889999389648438,22.614999771118164,22.670000076293945,470745,0.0,0.0
2022-11-29 11:30:00-05:00,22.674999237060547,22.90999984741211,22.665000915527344,22.854999542236328,705914,0.0,0.0
2022-11-29 12:30:00-05:00,22.854999542236328,22.8700008392334,22.6200008392334,22.631200790405273,431957,0.0,0.0
2022-11-29 13:30:00-05:00,22.649999618530273,22.700000762939453,22.579999923706055,22.59000015258789,578538,0.0,0.0
2022-11-29 14:30:00-05:00,22.594999313354492,22.649999618530273,22.524999618530273,22.56999969482422,642207,0.0,0.0
2022-11-29 15:30:00-05:00,22.575000762939453,22.639999389648438,22.4950008392334,22.610000610351562,734655,0.0,0.0
2022-11-30 09:30:00-05:00,22.450000762939453,22.575000762939453,21.75,21.809999465942383,839012,0.0,0.0
2022-11-30 10:30:00-05:00,21.799999237060547,22.024999618530273,21.760000228881836,21.8700008392334,918216,0.0,0.0
2022-11-30 11:30:00-05:00,21.875,22.190000534057617,21.8700008392334,22.1299991607666,511158,0.0,0.0
2022-11-30 12:30:00-05:00,22.1299991607666,22.350000381469727,22.1200008392334,22.274999618530273,593293,0.0,0.0
2022-11-30 13:30:00-05:00,22.270000457763672,22.584999084472656,22.200000762939453,22.549999237060547,1013823,0.0,0.0
2022-11-30 14:30:00-05:00,22.549999237060547,22.795000076293945,22.46500015258789,22.75,1062096,0.0,0.0
2022-11-30 15:30:00-05:00,22.75,23.1200008392334,22.739999771118164,22.959999084472656,1915306,0.0,0.0
2022-12-01 09:30:00-05:00,22.959999084472656,23.639999389648438,22.90999984741211,23.375,710511,0.0,0.0
2022-12-01 10:30:00-05:00,23.3700008392334,23.540000915527344,23.31999969482422,23.485000610351562,386824,0.0,0.0
2022-12-01 11:30:00-05:00,23.485000610351562,23.579999923706055,23.424999237060547,23.565000534057617,296889,0.0,0.0
2022-12-01 12:30:00-05:00,23.565000534057617,23.635000228881836,23.520000457763672,23.55500030517578,215317,0.0,0.0
2022-12-01 13:30:00-05:00,23.55500030517578,23.649999618530273,23.549999237060547,23.604999542236328,290787,0.0,0.0
2022-12-01 14:30:00-05:00,23.604999542236328,23.709999084472656,23.549999237060547,23.68000030517578,355074,0.0,0.0
2022-12-01 15:30:00-05:00,23.684999465942383,23.780000686645508,23.68000030517578,23.760000228881836,654957,0.0,0.0
2022-12-02 09:30:00-05:00,23.389999389648438,23.6200008392334,23.30500030517578,23.325000762939453,376950,0.0,0.0
2022-12-02 10:30:00-05:00,23.329999923706055,23.6200008392334,23.31999969482422,23.56999969482422,250217,0.0,0.0
2022-12-02 11:30:00-05:00,23.575000762939453,23.850000381469727,23.575000762939453,23.81999969482422,472271,0.0,0.0
2022-12-02 12:30:00-05:00,23.829999923706055,23.920000076293945,23.829999923706055,23.860000610351562,388984,0.0,0.0
2022-12-02 13:30:00-05:00,23.854999542236328,23.864999771118164,23.639999389648438,23.760000228881836,372191,0.0,0.0
2022-12-02 14:30:00-05:00,23.760000228881836,23.899999618530273,23.7450008392334,23.80500030517578,402764,0.0,0.0
2022-12-02 15:30:00-05:00,23.80500030517578,23.84000015258789,23.7549991607666,23.815000534057617,575244,0.0,0.0
2022-12-05 09:30:00-05:00,23.700000762939453,23.71500015258789,23.43000030517578,23.479999542236328,367628,0.0,0.0
2022-12-05 10:30:00-05:00,23.479999542236328,23.6299991607666,23.43000030517578,23.559999465942383,353342,0.0,0.0
2022-12-05 11:30:00-05:00,23.56999969482422,23.604999542236328,23.459999084472656,23.600000381469727,232237,0.0,0.0
2022-12-05 12:30:00-05:00,23.59000015258789,23.600000381469727,23.520000457763672,23.559999465942383,229856,0.0,0.0
2022-12-05 13:30:00-05:00,23.565000534057617,23.600000381469727,23.459999084472656,23.514999389648438,330598,0.0,0.0
2022-12-05 14:30:00-05:00,23.510000228881836,23.540000915527344,23.440000534057617,23.44499969482422,415975,0.0,0.0
2022-12-05 15:30:00-05:00,23.44499969482422,23.610000610351562,23.44499969482422,23.59000015258789,587318,0.0,0.0
2022-12-06 09:30:00-05:00,23.700000762939453,23.719999313354492,23.459999084472656,23.489999771118164,364312,0.0,0.0
2022-12-06 10:30:00-05:00,23.485000610351562,23.5,23.354999542236328,23.354999542236328,240256,0.0,0.0
2022-12-06 11:30:00-05:00,23.360000610351562,23.399999618530273,23.225000381469727,23.28499984741211,174580,0.0,0.0
2022-12-06 12:30:00-05:00,23.28499984741211,23.28499984741211,23.100000381469727,23.100000381469727,179036,0.0,0.0
2022-12-06 13:30:00-05:00,23.100000381469727,23.125,23.040000915527344,23.075000762939453,279911,0.0,0.0
2022-12-06 14:30:00-05:00,23.075000762939453,23.1299991607666,23.020000457763672,23.030000686645508,346551,0.0,0.0
2022-12-06 15:30:00-05:00,23.030000686645508,23.18000030517578,23.030000686645508,23.139999389648438,631346,0.0,0.0
2022-12-07 09:30:00-05:00,23.1200008392334,23.3700008392334,22.7549991607666,22.790000915527344,301047,0.0,0.0
2022-12-07 10:30:00-05:00,22.795000076293945,22.81999969482422,22.639999389648438,22.7450008392334,305235,0.0,0.0
2022-12-07 11:30:00-05:00,22.739999771118164,22.899999618530273,22.729999542236328,22.80500030517578,197484,0.0,0.0
2022-12-07 12:30:00-05:00,22.799999237060547,22.860000610351562,22.75,22.860000610351562,165989,0.0,0.0
2022-12-07 13:30:00-05:00,22.860000610351562,22.8700008392334,22.649999618530273,22.68000030517578,335572,0.0,0.0
2022-12-07 14:30:00-05:00,22.674999237060547,22.729999542236328,22.59000015258789,22.635000228881836,256314,0.0,0.0
2022-12-07 15:30:00-05:00,22.635000228881836,22.690000534057617,22.59000015258789,22.645000457763672,688295,0.0,0.0
2022-12-08 09:30:00-05:00,22.649999618530273,22.790000915527344,22.528200149536133,22.790000915527344,237224,0.0,0.0
2022-12-08 10:30:00-05:00,22.795000076293945,22.829999923706055,22.68000030517578,22.81999969482422,262792,0.0,0.0
2022-12-08 11:30:00-05:00,22.829999923706055,23.09000015258789,22.829999923706055,22.895000457763672,290406,0.0,0.0
2022-12-08 12:30:00-05:00,22.889999389648438,23.014999389648438,22.860000610351562,22.8799991607666,208200,0.0,0.0
2022-12-08 13:30:00-05:00,22.8799991607666,22.90999984741211,22.790000915527344,22.825000762939453,267676,0.0,0.0
2022-12-08 14:30:00-05:00,22.825000762939453,22.8700008392334,22.770000457763672,22.8700008392334,429930,0.0,0.0
2022-12-08 15:30:00-05:00,22.864999771118164,22.8700008392334,22.760000228881836,22.790000915527344,639034,0.0,0.0
2022-12-09 09:30:00-05:00,22.780000686645508,23.229999542236328,22.65999984741211,22.94499969482422,218541,0.0,0.0
2022-12-09 10:30:00-05:00,22.94499969482422,22.969999313354492,22.8799991607666,22.96500015258789,243725,0.0,0.0
2022-12-09 11:30:00-05:00,22.959999084472656,22.959999084472656,22.872499465942383,22.885000228881836,195717,0.0,0.0
2022-12-09 12:30:00-05:00,22.885000228881836,22.924999237060547,22.829999923706055,22.864999771118164,208669,0.0,0.0
2022-12-09 13:30:00-05:00,22.864999771118164,22.90999984741211,22.709999084472656,22.7450008392334,201918,0.0,0.0
2022-12-09 14:30:00-05:00,22.7450008392334,22.81999969482422,22.71500015258789,22.7549991607666,269646,0.0,0.0
2022-12-09 15:30:00-05:00,22.7549991607666,22.770000457763672,22.645000457763672,22.674999237060547,493877,0.0,0.0
2022-12-12 09:30:00-05:00,22.549999237060547,22.68000030517578,22.530000686645508,22.655000686645508,216382,0.0,0.0
2022-12-12 10:30:00-05:00,22.655000686645508,22.75,22.559999465942383,22.7450008392334,241245,0.0,0.0
2022-12-12 11:30:00-05:00,22.739999771118164,22.8700008392334,22.729999542236328,22.825000762939453,144483,0.0,0.0
2022-12-12 12:30:00-05:00,22.81999969482422,22.8799991607666,22.780000686645508,22.81999969482422,115741,0.0,0.0
2022-12-12 13:30:00-05:00,22.81999969482422,22.899999618530273,22.815000534057617,22.885000228881836,149278,0.0,0.0
2022-12-12 14:30:00-05:00,22.8799991607666,23.030000686645508,22.860000610351562,23.0049991607666,237298,0.0,0.0
2022-12-12 15:30:00-05:00,23.010000228881836,23.149999618530273,23.010000228881836,23.139999389648438,440241,0.0,0.0
2022-12-13 09:30:00-05:00,23.40999984741211,23.6200008392334,23.229999542236328,23.325000762939453,488690,0.0,0.0
2022-12-13 10:30:00-05:00,23.325000762939453,23.40999984741211,23.139999389648438,23.184999465942383,262166,0.0,0.0
2022-12-13 11:30:00-05:00,23.18000030517578,23.219999313354492,22.90999984741211,22.920000076293945,240016,0.0,0.0
2022-12-13 12:30:00-05:00,22.920000076293945,23.049999237060547,22.8700008392334,23.030000686645508,196403,0.0,0.0
2022-12-13 13:30:00-05:00,23.03499984741211,23.145000457763672,22.9950008392334,23.084999084472656,196826,0.0,0.0
2022-12-13 14:30:00-05:00,23.084999084472656,23.15999984741211,22.979999542236328,23.049999237060547,180441,0.0,0.0
2022-12-13 15:30:00-05:00,23.049999237060547,23.125,22.989999771118164,23.010000228881836,503722,0.0,0.0
2022-12-14 09:30:00-05:00,23.18000030517578,23.18000030517578,22.969999313354492,23.125,309220,0.0,0.0
2022-12-14 10:30:00-05:00,23.1200008392334,23.260000228881836,23.049999237060547,23.260000228881836,158624,0.0,0.0
2022-12-14 11:30:00-05:00,23.260000228881836,23.264999389648438,23.139999389648438,23.15999984741211,115633,0.0,0.0
2022-12-14 12:30:00-05:00,23.15999984741211,23.219999313354492,23.1299991607666,23.190099716186523,118720,0.0,0.0
2022-12-14 13:30:00-05:00,23.19499969482422,23.290000915527344,22.954999923706055,23.020000457763672,193231,0.0,0.0
2022-12-14 14:30:00-05:00,23.010000228881836,23.1299991607666,22.799999237060547,22.940000534057617,271083,0.0,0.0
2022-12-14 15:30:00-05:00,22.93000030517578,23.049999237060547,22.8700008392334,23.020000457763672,373610,0.0,0.0
2022-12-15 09:30:00-05:00,22.889999389648438,22.93000030517578,22.389999389648438,22.405000686645508,337316,0.0,0.0
2022-12-15 10:30:00-05:00,22.389999389648438,22.40999984741211,22.139999389648438,22.200000762939453,303312,0.0,0.0
2022-12-15 11:30:00-05:00,22.200000762939453,22.25,22.110000610351562,22.110000610351562,280558,0.0,0.0
2022-12-15 12:30:00-05:00,22.110000610351562,22.15999984741211,21.899999618530273,21.950000762939453,258421,0.0,0.0
2022-12-15 13:30:00-05:00,21.940000534057617,22.030000686645508,21.905000686645508,21.93000030517578,253532,0.0,0.0
2022-12-15 14:30:00-05:00,21.93000030517578,22.020000457763672,21.90999984741211,21.969999313354492,324559,0.0,0.0
2022-12-15 15:30:00-05:00,21.975000381469727,22.010000228881836,21.844999313354492,21.93000030517578,705583,0.0,0.0
2022-12-16 09:30:00-05:00,21.829999923706055,21.844600677490234,21.389999389648438,21.59000015258789,1117419,0.0,0.0
2022-12-16 10:30:00-05:00,21.600000381469727,21.635000228881836,21.450000762939453,21.4950008392334,491932,0.0,0.0
2022-12-16 11:30:00-05:00,21.489999771118164,21.59000015258789,21.440000534057617,21.549999237060547,329418,0.0,0.0
2022-12-16 12:30:00-05:00,21.549999237060547,21.610000610351562,21.475000381469727,21.475000381469727,241912,0.0,0.0
2022-12-16 13:30:00-05:00,21.479999542236328,21.674999237060547,21.479999542236328,21.56999969482422,274636,0.0,0.0
2022-12-16 14:30:00-05:00,21.575000762939453,21.700000762939453,21.540000915527344,21.655000686645508,382346,0.0,0.0
2022-12-16 15:30:00-05:00,21.655000686645508,21.709999084472656,21.565000534057617,21.600000381469727,1267221,0.0,0.0
2022-12-19 09:30:00-05:00,21.719999313354492,21.739999771118164,21.510000228881836,21.698999404907227,282920,0.0,0.0
2022-12-19 10:30:00-05:00,21.690000534057617,21.809999465942383,21.6200008392334,21.649999618530273,337567,0.0,0.0
2022-12-19 11:30:00-05:00,21.645000457763672,21.68000030517578,21.56999969482422,21.579999923706055,267781,0.0,0.0
2022-12-19 12:30:00-05:00,21.575000762939453,21.594999313354492,21.510000228881836,21.510000228881836,209335,0.0,0.0
2022-12-19 13:30:00-05:00,21.510000228881836,21.579999923706055,21.44499969482422,21.549999237060547,255134,0.0,0.0
2022-12-19 14:30:00-05:00,21.549999237060547,21.600000381469727,21.350000381469727,21.354999542236328,554253,0.0,0.0
2022-12-19 15:30:00-05:00,21.354999542236328,21.6200008392334,21.34000015258789,21.56999969482422,1050601,0.0,0.0
2022-12-20 09:30:00-05:00,21.5,21.6200008392334,21.43000030517578,21.549999237060547,223084,0.0,0.0
2022-12-20 10:30:00-05:00,21.549999237060547,21.6299991607666,21.389999389648438,21.424999237060547,239066,0.0,0.0
2022-12-20 11:30:00-05:00,21.420000076293945,21.5049991607666,21.3799991607666,21.385000228881836,154280,0.0,0.0
2022-12-20 12:30:00-05:00,21.385000228881836,21.399999618530273,21.329999923706055,21.364999771118164,216947,0.0,0.0
2022-12-20 13:30:00-05:00,21.364999771118164,21.415000915527344,21.34000015258789,21.389999389648438,240495,0.0,0.0
2022-12-20 14:30:00-05:00,21.389999389648438,21.40999984741211,21.299999237060547,21.375,271608,0.0,0.0
2022-12-20 15:30:00-05:00,21.375,21.5,21.375,21.489999771118164,540547,0.0,0.0
2022-12-21 09:30:00-05:00,21.520000457763672,21.59000015258789,21.3700008392334,21.5226993560791,172646,0.0,0.0
2022-12-21 10:30:00-05:00,21.520000457763672,21.65999984741211,21.459999084472656,21.65999984741211,182548,0.0,0.0
2022-12-21 11:30:00-05:00,21.65999984741211,21.704999923706055,21.59000015258789,21.65999984741211,173638,0.0,0.0
2022-12-21 12:30:00-05:00,21.665000915527344,21.729999542236328,21.645000457763672,21.65999984741211,197765,0.0,0.0
2022-12-21 13:30:00-05:00,21.649999618530273,21.709999084472656,21.59000015258789,21.645000457763672,179956,0.0,0.0
2022-12-21 14:30:00-05:00,21.645000457763672,21.649999618530273,21.523000717163086,21.524999618530273,241192,0.0,0.0
2022-12-21 15:30:00-05:00,21.524999618530273,21.559999465942383,21.434999465942383,21.520000457763672,683207,0.0,0.0
2022-12-22 09:30:00-05:00,21.270000457763672,21.309999465942383,21.1299991607666,21.204999923706055,276414,0.0,0.0
2022-12-22 10:30:00-05:00,21.200000762939453,21.260000228881836,21.162099838256836,21.18000030517578,179953,0.0,0.0
2022-12-22 11:30:00-05:00,21.18000030517578,21.25,21.100000381469727,21.110000610351562,149991,0.0,0.0
2022-12-22 12:30:00-05:00,21.110000610351562,21.139999389648438,21.049999237060547,21.094999313354492,122898,0.0,0.0
2022-12-22 13:30:00-05:00,21.09000015258789,21.149999618530273,21.040000915527344,21.135000228881836,171461,0.0,0.0
2022-12-22 14:30:00-05:00,21.1299991607666,21.275299072265625,21.104999542236328,21.264999389648438,183721,0.0,0.0
2022-12-22 15:30:00-05:00,21.270000457763672,21.344999313354492,21.219999313354492,21.31999969482422,391983,0.0,0.0
2022-12-23 09:30:00-05:00,21.219999313354492,21.354999542236328,21.170000076293945,21.290000915527344,131677,0.0,0.0
2022-12-23 10:30:00-05:00,21.28499984741211,21.3799991607666,21.264999389648438,21.270000457763672,108507,0.0,0.0
2022-12-23 11:30:00-05:00,21.274999618530273,21.334999084472656,21.24340057373047,21.31999969482422,103372,0.0,0.0
2022-12-23 12:30:00-05:00,21.31999969482422,21.344999313354492,21.25,21.280000686645508,94507,0.0,0.0
2022-12-23 13:30:00-05:00,21.280000686645508,21.31999969482422,21.25,21.299999237060547,99056,0.0,0.0
2022-12-23 14:30:00-05:00,21.299999237060547,21.344999313354492,21.264999389648438,21.290000915527344,122389,0.0,0.0
2022-12-23 15:30:00-05:00,21.28499984741211,21.31999969482422,21.25,21.290000915527344,302289,0.0,0.0
2022-12-27 09:30:00-05:00,21.299999237060547,21.434999465942383,21.209999084472656,21.424999237060547,132849,0.0,0.0
2022-12-27 10:30:00-05:00,21.43000030517578,21.4950008392334,21.3799991607666,21.399999618530273,149753,0.0,0.0
2022-12-27 11:30:00-05:00,21.40999984741211,21.43000030517578,21.360000610351562,21.395000457763672,118585,0.0,0.0
2022-12-27 12:30:00-05:00,21.389999389648438,21.5,21.389999389648438,21.47089958190918,134048,0.0,0.0
2022-12-27 13:30:00-05:00,21.475000381469727,21.489999771118164,21.360000610351562,21.375,170791,0.0,0.0
2022-12-27 14:30:00-05:00,21.3700008392334,21.46500015258789,21.344999313354492,21.424999237060547,189788,0.0,0.0
2022-12-27 15:30:00-05:00,21.424999237060547,21.489999771118164,21.395000457763672,21.440000534057617,407657,0.0,0.0
2022-12-28 09:30:00-05:00,21.450000762939453,21.56999969482422,21.270000457763672,21.420000076293945,264509,0.0,0.0
2022-12-28 10:30:00-05:00,21.420000076293945,21.459999084472656,21.209999084472656,21.229999542236328,169443,0.0,0.0
2022-12-28 11:30:00-05:00,21.239999771118164,21.25,21.079999923706055,21.079999923706055,223426,0.0,0.0
2022-12-28 12:30:00-05:00,21.079999923706055,21.209999084472656,21.079999923706055,21.145000457763672,195228,0.0,0.0
2022-12-28 13:30:00-05:00,21.145000457763672,21.149999618530273,21.014999389648438,21.024999618530273,199710,0.0,0.0
2022-12-28 14:30:00-05:00,21.020000457763672,21.06999969482422,20.934999465942383,20.985000610351562,301943,0.0,0.0
2022-12-28 15:30:00-05:00,20.979999542236328,21.010000228881836,20.8700008392334,20.8700008392334,513213,0.0,0.0
2022-12-29 09:30:00-05:00,20.729999542236328,21.190000534057617,20.700000762939453,21.104999542236328,313334,0.0,0.0
2022-12-29 10:30:00-05:00,21.09000015258789,21.15999984741211,21.040000915527344,21.149999618530273,206714,0.0,0.0
2022-12-29 11:30:00-05:00,21.149999618530273,21.299999237060547,21.139999389648438,21.28499984741211,157007,0.0,0.0
2022-12-29 12:30:00-05:00,21.28499984741211,21.309999465942383,21.219999313354492,21.273399353027344,201343,0.0,0.0
2022-12-29 13:30:00-05:00,21.280000686645508,21.360000610351562,21.2549991607666,21.30500030517578,177044,0.0,0.0
2022-12-29 14:30:00-05:00,21.30500030517578,21.31999969482422,21.225000381469727,21.274999618530273,177791,0.0,0.0
2022-12-29 15:30:00-05:00,21.274999618530273,21.309999465942383,21.209999084472656,21.25,466959,0.0,0.0
2022-12-30 09:30:00-05:00,21.15999984741211,21.239999771118164,21.0,21.204999923706055,167798,0.0,0.0
2022-12-30 10:30:00-05:00,21.200000762939453,21.325000762939453,21.114999771118164,21.114999771118164,155686,0.0,0.0
2022-12-30 11:30:00-05:00,21.1200008392334,21.2450008392334,21.09000015258789,21.204999923706055,119329,0.0,0.0
2022-12-30 12:30:00-05:00,21.204999923706055,21.270000457763672,21.139999389648438,21.190000534057617,125933,0.0,0.0
2022-12-30 13:30:00-05:00,21.190000534057617,21.229999542236328,21.145000457763672,21.21500015258789,130902,0.0,0.0
2022-12-30 14:30:00-05:00,21.209999084472656,21.31999969482422,21.170000076293945,21.295000076293945,148531,0.0,0.0
2022-12-30 15:30:00-05:00,21.295000076293945,21.454999923706055,21.28499984741211,21.420000076293945,426014,0.0,0.0
2023-01-03 09:30:00-05:00,21.43000030517578,21.770000457763672,21.260000228881836,21.424999237060547,423709,0.0,0.0
2023-01-03 10:30:00-05:00,21.420000076293945,21.459999084472656,21.2549991607666,21.31999969482422,215997,0.0,0.0
2023-01-03 11:30:00-05:00,21.31999969482422,21.399999618530273,21.225000381469727,21.385000228881836,235001,0.0,0.0
2023-01-03 12:30:00-05:00,21.389999389648438,21.510000228881836,21.329999923706055,21.5,184672,0.0,0.0
2023-01-03 13:30:00-05:00,21.5,21.575000762939453,21.46500015258789,21.549999237060547,172411,0.0,0.0
2023-01-03 14:30:00-05:00,21.559999465942383,21.704999923706055,21.545000076293945,21.639999389648438,291108,0.0,0.0
2023-01-03 15:30:00-05:00,21.639999389648438,21.665000915527344,21.59000015258789,21.625,458680,0.0,0.0
2023-01-04 09:30:00-05:00,21.729999542236328,21.834999084472656,21.489999771118164,21.674999237060547,266039,0.0,0.0
2023-01-04 10:30:00-05:00,21.670000076293945,21.74410057067871,21.579999923706055,21.610000610351562,222021,0.0,0.0
2023-01-04 11:30:00-05:00,21.610000610351562,21.940000534057617,21.610000610351562,21.875,176097,0.0,0.0
2023-01-04 12:30:00-05:00,21.8799991607666,21.920000076293945,21.774999618530273,21.825000762939453,139016,0.0,0.0
2023-01-04 13:30:00-05:00,21.829999923706055,21.875,21.65999984741211,21.66990089416504,255271,0.0,0.0
2023-01-04 14:30:00-05:00,21.65999984741211,21.854999542236328,21.65999984741211,21.799999237060547,296721,0.0,0.0
2023-01-04 15:30:00-05:00,21.790000915527344,21.889999389648438,21.7549991607666,21.8799991607666,603895,0.0,0.0
2023-01-05 09:30:00-05:00,21.530000686645508,21.559999465942383,21.219999313354492,21.3700008392334,576915,0.0,0.0
2023-01-05 10:30:00-05:00,21.375,21.375,21.174999237060547,21.235000610351562,244954,0.0,0.0
2023-01-05 11:30:00-05:00,21.229999542236328,21.239999771118164,21.020000457763672,21.03499984741211,254600,0.0,0.0
2023-01-05 12:30:00-05:00,21.030000686645508,21.110000610351562,20.934999465942383,21.06999969482422,318681,0.0,0.0
2023-01-05 13:30:00-05:00,21.075000762939453,21.13990020751953,21.024999618530273,21.05500030517578,319133,0.0,0.0
2023-01-05 14:30:00-05:00,21.05500030517578,21.139999389648438,21.040000915527344,21.104999542236328,371774,0.0,0.0
2023-01-05 15:30:00-05:00,21.104999542236328,21.149999618530273,21.079999923706055,21.110000610351562,508812,0.0,0.0
2023-01-06 09:30:00-05:00,21.219999313354492,21.260000228881836,20.920000076293945,21.110000610351562,315004,0.0,0.0
2023-01-06 10:30:00-05:00,21.1200008392334,21.28499984741211,21.1200008392334,21.25,230697,0.0,0.0
2023-01-06 11:30:00-05:00,21.2549991607666,21.31999969482422,21.19499969482422,21.264999389648438,242976,0.0,0.0
2023-01-06 12:30:00-05:00,21.264999389648438,21.395000457763672,21.264999389648438,21.354999542236328,365172,0.0,0.0
2023-01-06 13:30:00-05:00,21.354999542236328,21.549999237060547,21.350000381469727,21.479999542236328,304244,0.0,0.0
2023-01-06 14:30:00-05:00,21.485000610351562,21.530000686645508,21.440000534057617,21.530000686645508,411240,0.0,0.0
2023-01-06 15:30:00-05:00,21.524999618530273,21.579999923706055,21.489999771118164,21.489999771118164,654819,0.0,0.0
2023-01-09 09:30:00-05:00,21.489999771118164,21.84000015258789,21.395000457763672,21.725000381469727,462948,0.0,0.0
2023-01-09 10:30:00-05:00,21.729999542236328,22.020000457763672,21.725000381469727,22.020000457763672,290964,0.0,0.0
2023-01-09 11:30:00-05:00,22.020000457763672,22.030000686645508,21.905000686645508,21.989999771118164,221802,0.0,0.0
2023-01-09 12:30:00-05:00,21.985000610351562,22.0,21.850000381469727,21.885000228881836,226701,0.0,0.0
2023-01-09 13:30:00-05:00,21.8799991607666,21.8799991607666,21.68000030517578,21.709999084472656,307741,0.0,0.0
2023-01-09 14:30:00-05:00,21.709999084472656,21.729999542236328,21.575000762939453,21.6299991607666,284691,0.0,0.0
2023-01-09 15:30:00-05:00,21.6299991607666,21.6299991607666,21.440000534057617,21.479999542236328,507620,0.0,0.0
2023-01-10 09:30:00-05:00,21.540000915527344,21.610000610351562,21.3799991607666,21.420000076293945,211338,0.0,0.0
2023-01-10 10:30:00-05:00,21.415000915527344,21.46500015258789,21.364999771118164,21.375,190547,0.0,0.0
2023-01-10 11:30:00-05:00,21.375,21.600000381469727,21.34000015258789,21.594999313354492,170317,0.0,0.0
2023-01-10 12:30:00-05:00,21.594999313354492,21.709999084472656,21.549999237060547,21.559999465942383,140798,0.0,0.0
2023-01-10 13:30:00-05:00,21.559999465942383,21.6299991607666,21.489999771118164,21.530000686645508,302161,0.0,0.0
2023-01-10 14:30:00-05:00,21.53499984741211,21.540000915527344,21.375,21.415000915527344,329666,0.0,0.0
2023-01-10 15:30:00-05:00,21.415000915527344,21.600000381469727,21.399999618530273,21.600000381469727,457766,0.0,0.0
2023-01-11 09:30:00-05:00,21.719999313354492,21.719999313354492,21.489999771118164,21.565000534057617,122383,0.0,0.0
2023-01-11 10:30:00-05:00,21.559999465942383,21.6200008392334,21.440000534057617,21.4950008392334,331149,0.0,0.0
2023-01-11 11:30:00-05:00,21.4950008392334,21.6200008392334,21.389999389648438,21.604999542236328,554243,0.0,0.0
2023-01-11 12:30:00-05:00,21.604999542236328,21.729999542236328,21.540000915527344,21.729999542236328,169467,0.0,0.0
2023-01-11 13:30:00-05:00,21.725000381469727,21.780000686645508,21.670000076293945,21.770000457763672,340733,0.0,0.0
2023-01-11 14:30:00-05:00,21.764999389648438,21.93000030517578,21.764999389648438,21.8700008392334,364427,0.0,0.0
2023-01-11 15:30:00-05:00,21.864999771118164,22.020000457763672,21.850000381469727,21.979999542236328,734786,0.0,0.0
2023-01-12 09:30:00-05:00,21.989999771118164,22.100000381469727,21.81999969482422,22.059999465942383,415223,0.0,0.0
2023-01-12 10:30:00-05:00,22.05500030517578,22.09000015258789,21.889999389648438,21.950000762939453,151171,0.0,0.0
2023-01-12 11:30:00-05:00,21.950000762939453,22.049999237060547,21.90999984741211,22.045000076293945,97371,0.0,0.0
2023-01-12 12:30:00-05:00,22.049999237060547,22.084999084472656,21.90999984741211,21.93000030517578,193346,0.0,0.0
2023-01-12 13:30:00-05:00,21.924999237060547,22.010000228881836,21.905000686645508,21.975000381469727,133966,0.0,0.0
2023-01-12 14:30:00-05:00,21.969999313354492,21.989999771118164,21.790000915527344,21.829999923706055,306281,0.0,0.0
2023-01-12 15:30:00-05:00,21.84000015258789,21.975000381469727,21.81999969482422,21.959999084472656,527980,0.0,0.0
2023-01-13 09:30:00-05:00,21.780000686645508,22.03499984741211,21.719999313354492,22.03499984741211,228986,0.0,0.0
2023-01-13 10:30:00-05:00,22.024999618530273,22.260000228881836,22.020000457763672,22.204999923706055,239902,0.0,0.0
2023-01-13 11:30:00-05:00,22.209999084472656,22.25,22.110000610351562,22.19499969482422,173731,0.0,0.0
2023-01-13 12:30:00-05:00,22.200000762939453,22.25,22.15999984741211,22.184999465942383,174205,0.0,0.0
2023-01-13 13:30:00-05:00,22.184999465942383,22.299999237060547,22.18000030517578,22.270000457763672,171656,0.0,0.0
2023-01-13 14:30:00-05:00,22.274999618530273,22.3799991607666,22.25,22.3799991607666,205164,0.0,0.0
2023-01-13 15:30:00-05:00,22.3799991607666,22.440000534057617,22.3700008392334,22.375,635524,0.0,0.0
2023-01-17 09:30:00-05:00,22.510000228881836,22.55500030517578,22.299999237060547,22.530000686645508,422741,0.0,0.0
2023-01-17 10:30:00-05:00,22.524999618530273,22.530000686645508,22.395000457763672,22.479999542236328,203028,0.0,0.0
2023-01-17 11:30:00-05:00,22.475000381469727,22.5049991607666,22.420000076293945,22.424999237060547,131295,0.0,0.0
2023-01-17 12:30:00-05:00,22.424999237060547,22.579999923706055,22.420000076293945,22.575000762939453,168536,0.0,0.0
2023-01-17 13:30:00-05:00,22.575000762939453,22.594999313354492,22.4950008392334,22.524999618530273,176336,0.0,0.0
2023-01-17 14:30:00-05:00,22.530000686645508,22.739999771118164,22.530000686645508,22.739999771118164,434766,0.0,0.0
2023-01-17 15:30:00-05:00,22.729999542236328,22.764999389648438,22.56999969482422,22.59000015258789,738637,0.0,0.0
2023-01-18 09:30:00-05:00,22.549999237060547,22.649999618530273,22.375,22.481800079345703,345323,0.0,0.0
2023-01-18 10:30:00-05:00,22.489999771118164,22.530000686645508,22.3700008392334,22.40999984741211,230626,0.0,0.0
2023-01-18 11:30:00-05:00,22.399999618530273,22.59000015258789,22.31999969482422,22.424999237060547,445593,0.0,0.0
2023-01-18 12:30:00-05:00,22.420000076293945,22.459999084472656,22.329999923706055,22.43000030517578,217531,0.0,0.0
2023-01-18 13:30:00-05:00,22.43000030517578,22.475000381469727,22.360000610351562,22.399999618530273,160183,0.0,0.0
2023-01-18 14:30:00-05:00,22.395000457763672,22.44499969482422,22.325000762939453,22.360000610351562,206112,0.0,0.0
2023-01-18 15:30:00-05:00,22.360000610351562,22.399999618530273,22.290000915527344,22.31999969482422,626673,0.0,0.0
2023-01-19 09:30:00-05:00,22.260000228881836,22.3700008392334,22.094999313354492,22.19499969482422,199879,0.0,0.0
2023-01-19 10:30:00-05:00,22.19499969482422,22.19499969482422,22.014999389648438,22.059999465942383,186110,0.0,0.0
2023-01-19 11:30:00-05:00,22.059999465942383,22.149999618530273,22.020000457763672,22.104999542236328,144783,0.0,0.0
2023-01-19 12:30:00-05:00,22.104999542236328,22.149999618530273,22.040000915527344,22.084999084472656,126111,0.0,0.0
2023-01-19 13:30:00-05:00,22.084999084472656,22.219999313354492,22.079999923706055,22.219999313354492,230096,0.0,0.0
2023-01-19 14:30:00-05:00,22.209999084472656,22.229999542236328,22.094999313354492,22.145000457763672,292543,0.0,0.0
2023-01-19 15:30:00-05:00,22.145000457763672,22.145000457763672,21.93000030517578,21.950000762939453,595346,0.0,0.0
2023-01-20 09:30:00-05:00,21.93000030517578,22.049999237060547,21.790000915527344,22.0,609488,0.0,0.0
2023-01-20 10:30:00-05:00,22.0,22.15999984741211,21.94499969482422,22.1299991607666,508493,0.0,0.0
2023-01-20 11:30:00-05:00,22.1299991607666,22.28499984741211,22.1299991607666,22.209999084472656,256523,0.0,0.0
2023-01-20 12:30:00-05:00,22.200000762939453,22.225000381469727,22.155000686645508,22.165000915527344,193471,0.0,0.0
2023-01-20 13:30:00-05:00,22.165000915527344,22.2549991607666,22.165000915527344,22.239999771118164,156170,0.0,0.0
2023-01-20 14:30:00-05:00,22.235000610351562,22.434999465942383,22.229999542236328,22.415000915527344,252830,0.0,0.0
2023-01-20 15:30:00-05:00,22.415000915527344,22.469999313354492,22.40999984741211,22.440000534057617,363181,0.0,0.0
2023-01-23 09:30:00-05:00,22.5,22.635000228881836,22.43000030517578,22.614999771118164,196252,0.0,0.0
2023-01-23 10:30:00-05:00,22.6200008392334,22.770000457763672,22.6200008392334,22.719999313354492,207354,0.0,0.0
2023-01-23 11:30:00-05:00,22.709999084472656,22.809999465942383,22.709999084472656,22.764999389648438,146780,0.0,0.0
2023-01-23 12:30:00-05:00,22.760000228881836,22.8799991607666,22.760000228881836,22.854999542236328,119362,0.0,0.0
2023-01-23 13:30:00-05:00,22.854999542236328,22.889999389648438,22.709999084472656,22.719999313354492,141014,0.0,0.0
2023-01-23 14:30:00-05:00,22.72800064086914,22.770000457763672,22.670000076293945,22.739999771118164,201772,0.0,0.0
2023-01-23 15:30:00-05:00,22.73889923095703,22.850000381469727,22.71500015258789,22.81999969482422,328833,0.0,0.0
2023-01-24 09:30:00-05:00,22.81999969482422,22.969999313354492,22.635000228881836,22.729999542236328,205666,0.0,0.0
2023-01-24 10:30:00-05:00,22.739999771118164,22.8799991607666,22.725000381469727,22.875,136562,0.0,0.0
2023-01-24 11:30:00-05:00,22.8799991607666,22.885000228881836,22.739999771118164,22.760000228881836,111599,0.0,0.0
2023-01-24 12:30:00-05:00,22.75,22.774999618530273,22.709999084472656,22.735000610351562,98685,0.0,0.0
2023-01-24 13:30:00-05:00,22.735000610351562,22.809999465942383,22.690000534057617,22.704999923706055,130598,0.0,0.0
2023-01-24 14:30:00-05:00,22.709999084472656,22.7450008392334,22.670000076293945,22.69499969482422,135846,0.0,0.0
2023-01-24 15:30:00-05:00,22.69499969482422,22.69499969482422,22.59000015258789,22.65999984741211,318113,0.0,0.0
2023-01-25 09:30:00-05:00,22.469999313354492,22.5,22.235000610351562,22.350000381469727,179975,0.0,0.0
2023-01-25 10:30:00-05:00,22.350000381469727,22.389999389648438,22.25,22.295000076293945,185577,0.0,0.0
2023-01-25 11:30:00-05:00,22.295000076293945,22.43000030517578,22.28499984741211,22.364999771118164,103909,0.0,0.0
2023-01-25 12:30:00-05:00,22.364999771118164,22.565000534057617,22.350000381469727,22.549999237060547,98967,0.0,0.0
2023-01-25 13:30:00-05:00,22.559999465942383,22.690000534057617,22.540000915527344,22.670000076293945,135419,0.0,0.0
2023-01-25 14:30:00-05:00,22.665000915527344,22.690000534057617,22.584999084472656,22.604999542236328,136045,0.0,0.0
2023-01-25 15:30:00-05:00,22.610000610351562,22.625,22.549999237060547,22.614999771118164,263748,0.0,0.0
2023-01-26 09:30:00-05:00,22.729999542236328,22.8799991607666,22.68000030517578,22.84000015258789,349211,0.0,0.0
2023-01-26 10:30:00-05:00,22.834999084472656,22.889999389648438,22.65999984741211,22.700000762939453,288864,0.0,0.0
2023-01-26 11:30:00-05:00,22.700000762939453,22.729999542236328,22.65999984741211,22.674999237060547,344859,0.0,0.0
2023-01-26 12:30:00-05:00,22.674999237060547,22.684999465942383,22.565000534057617,22.625,312794,0.0,0.0
2023-01-26 13:30:00-05:00,22.6200008392334,22.684999465942383,22.559999465942383,22.565000534057617,272519,0.0,0.0
2023-01-26 14:30:00-05:00,22.565000534057617,22.6200008392334,22.520000457763672,22.565000534057617,558317,0.0,0.0
2023-01-26 15:30:00-05:00,22.559999465942383,22.729999542236328,22.545000076293945,22.704999923706055,491019,0.0,0.0
2023-01-27 09:30:00-05:00,22.670000076293945,22.729999542236328,22.510000228881836,22.670000076293945,191827,0.0,0.0
2023-01-27 10:30:00-05:00,22.674999237060547,22.700000762939453,22.56999969482422,22.669200897216797,198400,0.0,0.0
2023-01-27 11:30:00-05:00,22.670000076293945,22.789199829101562,22.670000076293945,22.7450008392334,155364,0.0,0.0
2023-01-27 12:30:00-05:00,22.7450008392334,22.780000686645508,22.725000381469727,22.760000228881836,136432,0.0,0.0
2023-01-27 13:30:00-05:00,22.750900268554688,22.8700008392334,22.719999313354492,22.854999542236328,170530,0.0,0.0
2023-01-27 14:30:00-05:00,22.860000610351562,22.920000076293945,22.809999465942383,22.8700008392334,252811,0.0,0.0
2023-01-27 15:30:00-05:00,22.864999771118164,22.899999618530273,22.80500030517578,22.844999313354492,425432,0.0,0.0
2023-01-30 09:30:00-05:00,22.790000915527344,22.790000915527344,22.56999969482422,22.71500015258789,305602,0.0,0.0
2023-01-30 10:30:00-05:00,22.719999313354492,22.735000610351562,22.540000915527344,22.670000076293945,266967,0.0,0.0
2023-01-30 11:30:00-05:00,22.665000915527344,22.739999771118164,22.6299991607666,22.709999084472656,221040,0.0,0.0
2023-01-30 12:30:00-05:00,22.700000762939453,22.799999237060547,22.665000915527344,22.774999618530273,143469,0.0,0.0
2023-01-30 13:30:00-05:00,22.770000457763672,22.780000686645508,22.690000534057617,22.71500015258789,161167,0.0,0.0
2023-01-30 14:30:00-05:00,22.71500015258789,22.778900146484375,22.625,22.655000686645508,471162,0.0,0.0
2023-01-30 15:30:00-05:00,22.655000686645508,22.725000381469727,22.6299991607666,22.709999084472656,560079,0.0,0.0
2023-01-31 09:30:00-05:00,22.709999084472656,22.799999237060547,22.540000915527344,22.625,288301,0.0,0.0
2023-01-31 10:30:00-05:00,22.625,22.649999618530273,22.549999237060547,22.6200008392334,247276,0.0,0.0
2023-01-31 11:30:00-05:00,22.6299991607666,22.700000762939453,22.6200008392334,22.655000686645508,209873,0.0,0.0
2023-01-31 12:30:00-05:00,22.65999984741211,22.809999465942383,22.6299991607666,22.770000457763672,428433,0.0,0.0
2023-01-31 13:30:00-05:00,22.770000457763672,22.90999984741211,22.770000457763672,22.905000686645508,380878,0.0,0.0
2023-01-31 14:30:00-05:00,22.90999984741211,22.915000915527344,22.809999465942383,22.825000762939453,350094,0.0,0.0
2023-01-31 15:30:00-05:00,22.825000762939453,23.040000915527344,22.825000762939453,23.030000686645508,833602,0.0,0.0
2023-02-01 09:30:00-05:00,22.850000381469727,23.100000381469727,22.81999969482422,23.014999389648438,622590,0.0,0.0
2023-02-01 10:30:00-05:00,23.014999389648438,23.040000915527344,22.891300201416016,22.975000381469727,232734,0.0,0.0
2023-02-01 11:30:00-05:00,22.975000381469727,23.030000686645508,22.844999313354492,22.860000610351562,236411,0.0,0.0
2023-02-01 12:30:00-05:00,22.864999771118164,22.895000457763672,22.760000228881836,22.864999771118164,293207,0.0,0.0
2023-02-01 13:30:00-05:00,22.8700008392334,23.014999389648438,22.770000457763672,22.979999542236328,249589,0.0,0.0
2023-02-01 14:30:00-05:00,22.989999771118164,23.3700008392334,22.8799991607666,23.309999465942383,502992,0.0,0.0
2023-02-01 15:30:00-05:00,23.309999465942383,23.475000381469727,23.30500030517578,23.3700008392334,706628,0.0,0.0
2023-02-02 09:30:00-05:00,23.479999542236328,23.5,23.25,23.350000381469727,708918,0.0,0.0
2023-02-02 10:30:00-05:00,23.350000381469727,23.739999771118164,23.350000381469727,23.684999465942383,509153,0.0,0.0
2023-02-02 11:30:00-05:00,23.690000534057617,23.739999771118164,23.559999465942383,23.559999465942383,407163,0.0,0.0
2023-02-02 12:30:00-05:00,23.559999465942383,23.610000610351562,23.5,23.575000762939453,240502,0.0,0.0
2023-02-02 13:30:00-05:00,23.575000762939453,23.66119956970215,23.489999771118164,23.5,353841,0.0,0.0
2023-02-02 14:30:00-05:00,23.5049991607666,23.56999969482422,23.44499969482422,23.46500015258789,485269,0.0,0.0
2023-02-02 15:30:00-05:00,23.469999313354492,23.610000610351562,23.44499969482422,23.559999465942383,867195,0.0,0.0
2023-02-03 09:30:00-05:00,23.110000610351562,23.209999084472656,21.100000381469727,21.450000762939453,1582614,0.0,0.0
2023-02-03 10:30:00-05:00,21.44499969482422,22.040000915527344,21.200000762939453,22.014999389648438,1307725,0.0,0.0
2023-02-03 11:30:00-05:00,22.014999389648438,22.020000457763672,21.530000686645508,21.59000015258789,752375,0.0,0.0
2023-02-03 12:30:00-05:00,21.584999084472656,21.774999618530273,21.295000076293945,21.364999771118164,622019,0.0,0.0
2023-02-03 13:30:00-05:00,21.364999771118164,21.40999984741211,21.110000610351562,21.21500015258789,793048,0.0,0.0
2023-02-03 14:30:00-05:00,21.21500015258789,21.40999984741211,21.15999984741211,21.342500686645508,929912,0.0,0.0
2023-02-03 15:30:00-05:00,21.344999313354492,21.399999618530273,21.270000457763672,21.295000076293945,1300884,0.0,0.0
2023-02-06 09:30:00-05:00,21.354999542236328,21.540000915527344,20.940000534057617,21.15999984741211,1148043,0.0,0.0
2023-02-06 10:30:00-05:00,21.15999984741211,21.399999618530273,21.15999984741211,21.389999389648438,467308,0.0,0.0
2023-02-06 11:30:00-05:00,21.389999389648438,21.43000030517578,21.19499969482422,21.200000762939453,390069,0.0,0.0
2023-02-06 12:30:00-05:00,21.19499969482422,21.309999465942383,21.149999618530273,21.295000076293945,359323,0.0,0.0
2023-02-06 13:30:00-05:00,21.295000076293945,21.399999618530273,21.28499984741211,21.315000534057617,455871,0.0,0.0
2023-02-06 14:30:00-05:00,21.315000534057617,21.360000610351562,21.15999984741211,21.21500015258789,525655,0.0,0.0
2023-02-06 15:30:00-05:00,21.21500015258789,21.350000381469727,21.204999923706055,21.30500030517578,1091677,0.0,0.0
2023-02-07 09:30:00-05:00,21.25,21.44499969482422,21.209999084472656,21.290000915527344,794574,0.0,0.0
2023-02-07 10:30:00-05:00,21.28499984741211,21.420000076293945,21.270000457763672,21.364999771118164,643915,0.0,0.0
2023-02-07 11:30:00-05:00,21.365999221801758,21.56999969482422,21.31999969482422,21.545000076293945,567396,0.0,0.0
2023-02-07 12:30:00-05:00,21.545000076293945,21.815000534057617,21.440000534057617,21.594999313354492,641545,0.0,0.0
2023-02-07 13:30:00-05:00,21.579999923706055,21.790000915527344,21.489999771118164,21.718900680541992,534440,0.0,0.0
2023-02-07 14:30:00-05:00,21.71500015258789,21.764999389648438,21.610000610351562,21.735000610351562,402022,0.0,0.0
2023-02-07 15:30:00-05:00,21.729999542236328,21.90999984741211,21.704999923706055,21.850000381469727,981437,0.0,0.0
2023-02-08 09:30:00-05:00,21.809999465942383,22.15999984741211,21.709999084472656,22.045000076293945,546497,0.0,0.0
2023-02-08 10:30:00-05:00,22.040000915527344,22.040000915527344,21.899999618530273,21.920000076293945,548136,0.0,0.0
2023-02-08 11:30:00-05:00,21.915000915527344,21.94499969482422,21.690000534057617,21.729999542236328,391152,0.0,0.0
2023-02-08 12:30:00-05:00,21.725000381469727,21.860000610351562,21.665000915527344,21.735000610351562,297448,0.0,0.0
2023-02-08 13:30:00-05:00,21.739999771118164,21.749900817871094,21.639999389648438,21.665000915527344,363786,0.0,0.0
2023-02-08 14:30:00-05:00,21.665000915527344,21.690000534057617,21.565000534057617,21.579999923706055,392298,0.0,0.0
2023-02-08 15:30:00-05:00,21.575000762939453,21.6200008392334,21.459999084472656,21.5,1104048,0.0,0.0
2023-02-09 09:30:00-05:00,21.690000534057617,21.780000686645508,21.55500030517578,21.674999237060547,418077,0.0,0.0
2023-02-09 10:30:00-05:00,21.670000076293945,21.75,21.530000686645508,21.577899932861328,926427,0.0,0.0
2023-02-09 11:30:00-05:00,21.56999969482422,21.68000030517578,21.545000076293945,21.6200008392334,347010,0.0,0.0
2023-02-09 12:30:00-05:00,21.6200008392334,21.6200008392334,21.450000762939453,21.482500076293945,322787,0.0,0.0
2023-02-09 13:30:00-05:00,21.485000610351562,21.549999237060547,21.40999984741211,21.40999984741211,397665,0.0,0.0
2023-02-09 14:30:00-05:00,21.415000915527344,21.44499969482422,21.290000915527344,21.295000076293945,385568,0.0,0.0
2023-02-09 15:30:00-05:00,21.290000915527344,21.34000015258789,21.200000762939453,21.290000915527344,577464,0.0,0.0
2023-02-10 09:30:00-05:00,21.229999542236328,21.375,21.135000228881836,21.350000381469727,451082,0.0,0.0
2023-02-10 10:30:00-05:00,21.360000610351562,21.3700008392334,21.28499984741211,21.329999923706055,321475,0.0,0.0
2023-02-10 11:30:00-05:00,21.325000762939453,21.34000015258789,21.190000534057617,21.219999313354492,249042,0.0,0.0
2023-02-10 12:30:00-05:00,21.219900131225586,21.360000610351562,21.209999084472656,21.34000015258789,202482,0.0,0.0
2023-02-10 13:30:00-05:00,21.34000015258789,21.350000381469727,21.264999389648438,21.264999389648438,236295,0.0,0.0
2023-02-10 14:30:00-05:00,21.260000228881836,21.360000610351562,21.2549991607666,21.344999313354492,291615,0.0,0.0
2023-02-10 15:30:00-05:00,21.344999313354492,21.440000534057617,21.329999923706055,21.415000915527344,519631,0.0,0.0
2023-02-13 09:30:00-05:00,21.489999771118164,21.635000228881836,21.475000381469727,21.540000915527344,448335,0.0,0.0
2023-02-13 10:30:00-05:00,21.540000915527344,21.549999237060547,21.399999618530273,21.475000381469727,194075,0.0,0.0
2023-02-13 11:30:00-05:00,21.475000381469727,21.489999771118164,21.40999984741211,21.475000381469727,207907,0.0,0.0
2023-02-13 12:30:00-05:00,21.485000610351562,21.5,21.43000030517578,21.475000381469727,219937,0.0,0.0
2023-02-13 13:30:00-05:00,21.475000381469727,21.520000457763672,21.420000076293945,21.420000076293945,244899,0.0,0.0
2023-02-13 14:30:00-05:00,21.43000030517578,21.459999084472656,21.385000228881836,21.415000915527344,365839,0.0,0.0
2023-02-13 15:30:00-05:00,21.415000915527344,21.459999084472656,21.375,21.459999084472656,601880,0.0,0.0
2023-02-14 09:30:00-05:00,21.420000076293945,21.540000915527344,21.29990005493164,21.3799991607666,689790,0.0,0.0
2023-02-14 10:30:00-05:00,21.3700008392334,21.385000228881836,21.094999313354492,21.104999542236328,273079,0.0,0.0
2023-02-14 11:30:00-05:00,21.100000381469727,21.100000381469727,21.014999389648438,21.05500030517578,280849,0.0,0.0
2023-02-14 12:30:00-05:00,21.05500030517578,21.170000076293945,21.010000228881836,21.125,229692,0.0,0.0
2023-02-14 13:30:00-05:00,21.125,21.239999771118164,21.114999771118164,21.174999237060547,323026,0.0,0.0
2023-02-14 14:30:00-05:00,21.18000030517578,21.239999771118164,21.143699645996094,21.21500015258789,239493,0.0,0.0
2023-02-14 15:30:00-05:00,21.209999084472656,21.260000228881836,21.18000030517578,21.190000534057617,689471,0.0,0.0
2023-02-15 09:30:00-05:00,21.149999618530273,21.43000030517578,21.114999771118164,21.385000228881836,543566,0.0,0.0
2023-02-15 10:30:00-05:00,21.3799991607666,21.514999389648438,21.350000381469727,21.43000030517578,529053,0.0,0.0
2023-02-15 11:30:00-05:00,21.424999237060547,21.520000457763672,21.364999771118164,21.3700008392334,205039,0.0,0.0
2023-02-15 12:30:00-05:00,21.3700008392334,21.40999984741211,21.295000076293945,21.334999084472656,418497,0.0,0.0
2023-02-15 13:30:00-05:00,21.34000015258789,21.40999984741211,21.299999237060547,21.385000228881836,371104,0.0,0.0
2023-02-15 14:30:00-05:00,21.385000228881836,21.459999084472656,21.385000228881836,21.450000762939453,269565,0.0,0.0
2023-02-15 15:30:00-05:00,21.44499969482422,21.56999969482422,21.405000686645508,21.530000686645508,619131,0.0,0.0
2023-02-16 09:30:00-05:00,21.209999084472656,21.30500030517578,21.06999969482422,21.30500030517578,468596,0.0,0.0
2023-02-16 10:30:00-05:00,21.309999465942383,21.485000610351562,21.309999465942383,21.475000381469727,249510,0.0,0.0
2023-02-16 11:30:00-05:00,21.475000381469727,21.497499465942383,21.360000610351562,21.475000381469727,150077,0.0,0.0
2023-02-16 12:30:00-05:00,21.469999313354492,21.575000762939453,21.469999313354492,21.514999389648438,153665,0.0,0.0
2023-02-16 13:30:00-05:00,21.514999389648438,21.559999465942383,21.4950008392334,21.530000686645508,160488,0.0,0.0
2023-02-16 14:30:00-05:00,21.53499984741211,21.549999237060547,21.4325008392334,21.434999465942383,247414,0.0,0.0
2023-02-16 15:30:00-05:00,21.43000030517578,21.469999313354492,21.350000381469727,21.350000381469727,526374,0.0,0.0
2023-02-17 09:30:00-05:00,21.209999084472656,21.270000457763672,20.84000015258789,20.90999984741211,620342,0.0,0.0
2023-02-17 10:30:00-05:00,20.915000915527344,20.950000762939453,20.790000915527344,20.81999969482422,296464,0.0,0.0
2023-02-17 11:30:00-05:00,20.809999465942383,20.889999389648438,20.790000915527344,20.829999923706055,407090,0.0,0.0
2023-02-17 12:30:00-05:00,20.829999923706055,20.875,20.719999313354492,20.815000534057617,256715,0.0,0.0
2023-02-17 13:30:00-05:00,20.815000534057617,20.989999771118164,20.780000686645508,20.954999923706055,365875,0.0,0.0
2023-02-17 14:30:00-05:00,20.950000762939453,21.040000915527344,20.895000457763672,21.010000228881836,533150,0.0,0.0
2023-02-17 15:30:00-05:00,21.014999389648438,21.09000015258789,20.989999771118164,21.030000686645508,714988,0.0,0.0
2023-02-21 09:30:00-05:00,20.850000381469727,20.950000762939453,20.670000076293945,20.71500015258789,316462,0.0,0.0
2023-02-21 10:30:00-05:00,20.71150016784668,20.735000610351562,20.440000534057617,20.461299896240234,331392,0.0,0.0
2023-02-21 11:30:00-05:00,20.46500015258789,20.614999771118164,20.459999084472656,20.565000534057617,208440,0.0,0.0
2023-02-21 12:30:00-05:00,20.56999969482422,20.704999923706055,20.56999969482422,20.614999771118164,377270,0.0,0.0
2023-02-21 13:30:00-05:00,20.614999771118164,20.65999984741211,20.559999465942383,20.639999389648438,302596,0.0,0.0
2023-02-21 14:30:00-05:00,20.639999389648438,20.72879981994629,20.6299991607666,20.705900192260742,328888,0.0,0.0
2023-02-21 15:30:00-05:00,20.704999923706055,20.790000915527344,20.704999923706055,20.735000610351562,544529,0.0,0.0
2023-02-22 09:30:00-05:00,20.81999969482422,20.895000457763672,20.6200008392334,20.69499969482422,255154,0.0,0.0
2023-02-22 10:30:00-05:00,20.693599700927734,20.860000610351562,20.655000686645508,20.725000381469727,262138,0.0,0.0
2023-02-22 11:30:00-05:00,20.729999542236328,20.809999465942383,20.700000762939453,20.760000228881836,201627,0.0,0.0
2023-02-22 12:30:00-05:00,20.764999389648438,20.79990005493164,20.720699310302734,20.764999389648438,186631,0.0,0.0
2023-02-22 13:30:00-05:00,20.761699676513672,20.768600463867188,20.639999389648438,20.665000915527344,222413,0.0,0.0
2023-02-22 14:30:00-05:00,20.665000915527344,20.665000915527344,20.520000457763672,20.530000686645508,308070,0.0,0.0
2023-02-22 15:30:00-05:00,20.530000686645508,20.579999923706055,20.5,20.579999923706055,492998,0.0,0.0
2023-02-23 09:30:00-05:00,20.559999465942383,20.69499969482422,20.5,20.55500030517578,183453,0.0,0.0
2023-02-23 10:30:00-05:00,20.55500030517578,20.610000610351562,20.489999771118164,20.510000228881836,365398,0.0,0.0
2023-02-23 11:30:00-05:00,20.514999389648438,20.53499984741211,20.399999618530273,20.440000534057617,219972,0.0,0.0
2023-02-23 12:30:00-05:00,20.44499969482422,20.450000762939453,20.315000534057617,20.344999313354492,186709,0.0,0.0
2023-02-23 13:30:00-05:00,20.34000015258789,20.514999389648438,20.315000534057617,20.5049991607666,189282,0.0,0.0
2023-02-23 14:30:00-05:00,20.5049991607666,20.6200008392334,20.489999771118164,20.610000610351562,270877,0.0,0.0
2023-02-23 15:30:00-05:00,20.614999771118164,20.635000228881836,20.549999237060547,20.579999923706055,351824,0.0,0.0
2023-02-24 09:30:00-05:00,20.40999984741211,20.510000228881836,20.1200008392334,20.20400047302246,375073,0.0,0.0
2023-02-24 10:30:00-05:00,20.204999923706055,20.260000228881836,20.135000228881836,20.18000030517578,279381,0.0,0.0
2023-02-24 11:30:00-05:00,20.184999465942383,20.28499984741211,20.18000030517578,20.2549991607666,248457,0.0,0.0
2023-02-24 12:30:00-05:00,20.25,20.2549991607666,20.149999618530273,20.19499969482422,188749,0.0,0.0
2023-02-24 13:30:00-05:00,20.190000534057617,20.274999618530273,20.170000076293945,20.25,206215,0.0,0.0
2023-02-24 14:30:00-05:00,20.258899688720703,20.270000457763672,20.200000762939453,20.225000381469727,196702,0.0,0.0
2023-02-24 15:30:00-05:00,20.225000381469727,20.225000381469727,20.100000381469727,20.18000030517578,405837,0.0,0.0
2023-02-27 09:30:00-05:00,20.3799991607666,20.479999542236328,20.299999237060547,20.405000686645508,213302,0.0,0.0
2023-02-27 10:30:00-05:00,20.405000686645508,20.415000915527344,20.209999084472656,20.225000381469727,203612,0.0,0.0
2023-02-27 11:30:00-05:00,20.229999542236328,20.350000381469727,20.209999084472656,20.272499084472656,225982,0.0,0.0
2023-02-27 12:30:00-05:00,20.270000457763672,20.299999237060547,20.139999389648438,20.145000457763672,223009,0.0,0.0
2023-02-27 13:30:00-05:00,20.145000457763672,20.200000762939453,20.075000762939453,20.094999313354492,388113,0.0,0.0
2023-02-27 14:30:00-05:00,20.094999313354492,20.100000381469727,19.94499969482422,19.993999481201172,481212,0.0,0.0
2023-02-27 15:30:00-05:00,19.9950008392334,19.9950008392334,19.90999984741211,19.989999771118164,631766,0.0,0.0
2023-02-28 09:30:00-05:00,19.950000762939453,19.950000762939453,19.790000915527344,19.895000457763672,605434,0.0,0.0
2023-02-28 10:30:00-05:00,19.899999618530273,19.899999618530273,19.68000030517578,19.834999084472656,814772,0.0,0.0
2023-02-28 11:30:00-05:00,19.84000015258789,19.850000381469727,19.690000534057617,19.7549991607666,378503,0.0,0.0
2023-02-28 12:30:00-05:00,19.75,19.774999618530273,19.69499969482422,19.700000762939453,355583,0.0,0.0
2023-02-28 13:30:00-05:00,19.709999084472656,19.719999313354492,19.549999237060547,19.55500030517578,570655,0.0,0.0
2023-02-28 14:30:00-05:00,19.559999465942383,19.56999969482422,19.454999923706055,19.454999923706055,590933,0.0,0.0
2023-02-28 15:30:00-05:00,19.450000762939453,19.559999465942383,19.40999984741211,19.510000228881836,1229488,0.0,0.0
2023-03-01 09:30:00-05:00,19.40999984741211,19.731399536132812,19.3799991607666,19.43000030517578,572212,0.0,0.0
2023-03-01 10:30:00-05:00,19.43000030517578,19.469999313354492,19.260000228881836,19.295000076293945,501585,0.0,0.0
2023-03-01 11:30:00-05:00,19.295000076293945,19.389999389648438,19.295000076293945,19.315000534057617,250030,0.0,0.0
2023-03-01 12:30:00-05:00,19.315000534057617,19.3700008392334,19.2450008392334,19.2549991607666,218865,0.0,0.0
2023-03-01 13:30:00-05:00,19.25,19.2549991607666,19.155000686645508,19.174999237060547,349528,0.0,0.0
2023-03-01 14:30:00-05:00,19.170000076293945,19.280000686645508,19.139999389648438,19.19499969482422,418979,0.0,0.0
2023-03-01 15:30:00-05:00,19.190000534057617,19.260000228881836,19.170000076293945,19.200000762939453,602230,0.0,0.0
2023-03-02 09:30:00-05:00,19.15999984741211,19.299999237060547,19.024999618530273,19.204999923706055,540707,0.0,0.0
2023-03-02 10:30:00-05:00,19.204999923706055,19.30500030517578,19.190000534057617,19.209999084472656,402945,0.0,0.0
2023-03-02 11:30:00-05:00,19.20009994506836,19.225000381469727,19.145000457763672,19.165000915527344,317335,0.0,0.0
2023-03-02 12:30:00-05:00,19.15999984741211,19.280000686645508,19.149999618530273,19.2549991607666,354551,0.0,0.0
2023-03-02 13:30:00-05:00,19.2549991607666,19.415000915527344,19.219999313354492,19.40999984741211,301676,0.0,0.0
2023-03-02 14:30:00-05:00,19.399999618530273,19.40999984741211,19.239999771118164,19.290000915527344,573780,0.0,0.0
2023-03-02 15:30:00-05:00,19.290000915527344,19.354999542236328,19.229999542236328,19.299999237060547,865309,0.0,0.0
2023-03-03 09:30:00-05:00,19.350000381469727,19.399999618530273,19.229999542236328,19.2549991607666,320239,0.0,0.0
2023-03-03 10:30:00-05:00,19.2549991607666,19.277999877929688,19.209999084472656,19.219999313354492,267473,0.0,0.0
2023-03-03 11:30:00-05:00,19.219999313354492,19.30500030517578,19.200000762939453,19.28499984741211,537569,0.0,0.0
2023-03-03 12:30:00-05:00,19.280099868774414,19.334999084472656,19.264999389648438,19.325000762939453,438825,0.0,0.0
2023-03-03 13:30:00-05:00,19.325000762939453,19.329999923706055,19.280000686645508,19.28499984741211,322135,0.0,0.0
2023-03-03 14:30:00-05:00,19.290000915527344,19.309999465942383,19.190799713134766,19.235000610351562,545523,0.0,0.0
2023-03-03 15:30:00-05:00,19.239999771118164,19.280000686645508,19.219999313354492,19.2450008392334,734306,0.0,0.0
2023-03-06 09:30:00-05:00,19.309999465942383,19.5,19.219999313354492,19.46500015258789,623692,0.0,0.0
2023-03-06 10:30:00-05:00,19.469999313354492,19.540000915527344,19.450000762939453,19.475000381469727,379528,0.0,0.0
2023-03-06 11:30:00-05:00,19.475000381469727,19.59000015258789,19.459999084472656,19.479999542236328,356614,0.0,0.0
2023-03-06 12:30:00-05:00,19.485000610351562,19.488800048828125,19.329999923706055,19.354999542236328,308871,0.0,0.0
2023-03-06 13:30:00-05:00,19.360000610351562,19.399999618530273,19.325000762939453,19.344999313354492,339256,0.0,0.0
2023-03-06 14:30:00-05:00,19.344999313354492,19.3700008392334,19.274999618530273,19.274999618530273,431042,0.0,0.0
2023-03-06 15:30:00-05:00,19.274999618530273,19.34000015258789,19.219999313354492,19.280000686645508,601181,0.0,0.0
2023-03-07 09:30:00-05:00,19.170000076293945,19.270000457763672,18.93000030517578,18.934999465942383,625793,0.0,0.0
2023-03-07 10:30:00-05:00,18.934999465942383,19.0049991607666,18.75,18.760000228881836,411832,0.0,0.0
2023-03-07 11:30:00-05:00,18.764999389648438,18.829999923706055,18.71500015258789,18.780000686645508,423754,0.0,0.0
2023-03-07 12:30:00-05:00,18.771499633789062,18.78499984741211,18.649999618530273,18.665000915527344,539128,0.0,0.0
2023-03-07 13:30:00-05:00,18.670000076293945,18.690000534057617,18.59000015258789,18.600000381469727,485604,0.0,0.0
2023-03-07 14:30:00-05:00,18.604999542236328,18.735000610351562,18.549999237060547,18.684999465942383,1057663,0.0,0.0
2023-03-07 15:30:00-05:00,18.68000030517578,18.725000381469727,18.639999389648438,18.684999465942383,783883,0.0,0.0
2023-03-08 09:30:00-05:00,18.68000030517578,18.725000381469727,18.510000228881836,18.559999465942383,651514,0.0,0.0
2023-03-08 10:30:00-05:00,18.565000534057617,18.635000228881836,18.510000228881836,18.514999389648438,461751,0.0,0.0
2023-03-08 11:30:00-05:00,18.524999618530273,18.6299991607666,18.4950008392334,18.51420021057129,566611,0.0,0.0
2023-03-08 12:30:00-05:00,18.510000228881836,18.53499984741211,18.434999465942383,18.440000534057617,479855,0.0,0.0
2023-03-08 13:30:00-05:00,18.440000534057617,18.489999771118164,18.350000381469727,18.454999923706055,532106,0.0,0.0
2023-03-08 14:30:00-05:00,18.454999923706055,18.46500015258789,18.329999923706055,18.375,522074,0.0,0.0
2023-03-08 15:30:00-05:00,18.375,18.440000534057617,18.34000015258789,18.350000381469727,1667503,0.0,0.0
2023-03-09 09:30:00-05:00,18.479999542236328,18.530000686645508,18.114999771118164,18.28499984741211,622610,0.0,0.0
2023-03-09 10:30:00-05:00,18.28499984741211,18.31999969482422,18.15999984741211,18.200000762939453,827967,0.0,0.0
2023-03-09 11:30:00-05:00,18.204999923706055,18.235000610351562,18.125,18.184999465942383,631031,0.0,0.0
2023-03-09 12:30:00-05:00,18.190000534057617,18.209999084472656,18.075000762939453,18.09239959716797,469589,0.0,0.0
2023-03-09 13:30:00-05:00,18.100000381469727,18.100000381469727,17.905000686645508,17.924999237060547,552298,0.0,0.0
2023-03-09 14:30:00-05:00,17.927499771118164,17.927499771118164,17.649999618530273,17.674999237060547,708860,0.0,0.0
2023-03-09 15:30:00-05:00,17.674999237060547,17.825000762939453,17.670000076293945,17.739999771118164,1073105,0.0,0.0
2023-03-10 09:30:00-05:00,17.6299991607666,17.670000076293945,16.899999618530273,17.204999923706055,1725769,0.0,0.0
2023-03-10 10:30:00-05:00,17.204999923706055,17.219999313354492,17.030000686645508,17.190000534057617,938914,0.0,0.0
2023-03-10 11:30:00-05:00,17.19499969482422,17.229999542236328,16.780000686645508,16.799999237060547,878506,0.0,0.0
2023-03-10 12:30:00-05:00,16.799999237060547,16.8799991607666,16.469999313354492,16.5049991607666,986091,0.0,0.0
2023-03-10 13:30:00-05:00,16.5049991607666,16.579999923706055,16.344999313354492,16.44499969482422,1329454,0.0,0.0
2023-03-10 14:30:00-05:00,16.44499969482422,16.725000381469727,16.44499969482422,16.674999237060547,1317829,0.0,0.0
2023-03-10 15:30:00-05:00,16.670000076293945,16.735000610351562,16.549999237060547,16.6200008392334,1935891,0.0,0.0
2023-03-13 09:30:00-04:00,16.530000686645508,16.530000686645508,16.170000076293945,16.315000534057617,1027419,0.0,0.0
2023-03-13 10:30:00-04:00,16.31999969482422,16.90999984741211,16.31999969482422,16.895000457763672,921994,0.0,0.0
2023-03-13 11:30:00-04:00,16.899999618530273,16.950000762939453,16.68000030517578,16.795000076293945,831036,0.0,0.0
2023-03-13 12:30:00-04:00,16.795000076293945,16.84000015258789,16.645000457763672,16.725000381469727,623191,0.0,0.0
2023-03-13 13:30:00-04:00,16.725000381469727,16.7450008392334,16.600000381469727,16.674999237060547,584996,0.0,0.0
2023-03-13 14:30:00-04:00,16.674999237060547,16.760000228881836,16.5,16.520000457763672,742370,0.0,0.0
2023-03-13 15:30:00-04:00,16.524999618530273,16.59000015258789,16.399999618530273,16.43000030517578,1014947,0.0,0.0
2023-03-14 09:30:00-04:00,16.600000381469727,16.690000534057617,16.344999313354492,16.43000030517578,548745,0.0,0.0
2023-03-14 10:30:00-04:00,16.440000534057617,16.489999771118164,16.25,16.360000610351562,552729,0.0,0.0
2023-03-14 11:30:00-04:00,16.360000610351562,16.389999389648438,16.114999771118164,16.139799118041992,473257,0.0,0.0
2023-03-14 12:30:00-04:00,16.135000228881836,16.15999984741211,15.890000343322754,15.895000457763672,592926,0.0,0.0
2023-03-14 13:30:00-04:00,15.895000457763672,16.045000076293945,15.875,15.9350004196167,430913,0.0,0.0
2023-03-14 14:30:00-04:00,15.930000305175781,15.970000267028809,15.729999542236328,15.800100326538086,626597,0.0,0.0
2023-03-14 15:30:00-04:00,15.805000305175781,15.9399995803833,15.78499984741211,15.899999618530273,1256384,0.0,0.0
2023-03-15 09:30:00-04:00,15.6899995803833,15.880000114440918,15.520000457763672,15.850000381469727,971237,0.0,0.0
2023-03-15 10:30:00-04:00,15.850000381469727,16.030000686645508,15.720000267028809,15.920000076293945,1103569,0.0,0.0
2023-03-15 11:30:00-04:00,15.925000190734863,15.975000381469727,15.765000343322754,15.835000038146973,581748,0.0,0.0
2023-03-15 12:30:00-04:00,15.835000038146973,16.010000228881836,15.795000076293945,15.994999885559082,516995,0.0,0.0
2023-03-15 13:30:00-04:00,15.984999656677246,16.020000457763672,15.850000381469727,15.960000038146973,703148,0.0,0.0
2023-03-15 14:30:00-04:00,15.960000038146973,16.03499984741211,15.820099830627441,15.914999961853027,628608,0.0,0.0
2023-03-15 15:30:00-04:00,15.914999961853027,15.970000267028809,15.84000015258789,15.960000038146973,1207753,0.0,0.0
2023-03-16 09:30:00-04:00,15.819999694824219,15.925000190734863,15.675000190734863,15.744999885559082,708371,0.0,0.0
2023-03-16 10:30:00-04:00,15.744999885559082,16.010000228881836,15.720000267028809,15.970000267028809,453287,0.0,0.0
2023-03-16 11:30:00-04:00,15.970000267028809,16.0,15.800000190734863,15.864999771118164,398003,0.0,0.0
2023-03-16 12:30:00-04:00,15.864999771118164,16.030000686645508,15.800000190734863,15.961799621582031,662914,0.0,0.0
2023-03-16 13:30:00-04:00,15.96500015258789,16.020000457763672,15.880000114440918,16.0049991607666,670534,0.0,0.0
2023-03-16 14:30:00-04:00,16.0049991607666,16.1200008392334,15.979999542236328,16.094999313354492,512120,0.0,0.0
2023-03-16 15:30:00-04:00,16.094999313354492,16.200000762939453,16.059999465942383,16.18000030517578,1354326,0.0,0.0
2023-03-17 09:30:00-04:00,16.15999984741211,16.31999969482422,16.049999237060547,16.225000381469727,1129251,0.0,0.0
2023-03-17 10:30:00-04:00,16.235000610351562,16.290000915527344,16.030000686645508,16.03499984741211,1350071,0.0,0.0
2023-03-17 11:30:00-04:00,16.03499984741211,16.09000015258789,16.0,16.06999969482422,417047,0.0,0.0
2023-03-17 12:30:00-04:00,16.079999923706055,16.155000686645508,16.052499771118164,16.052499771118164,537845,0.0,0.0
2023-03-17 13:30:00-04:00,16.05500030517578,16.1299991607666,16.049999237060547,16.075000762939453,489040,0.0,0.0
2023-03-17 14:30:00-04:00,16.075000762939453,16.290000915527344,16.059999465942383,16.270000457763672,1066413,0.0,0.0
2023-03-17 15:30:00-04:00,16.270000457763672,16.3799991607666,16.219999313354492,16.31999969482422,1413933,0.0,0.0
2023-03-20 09:30:00-04:00,16.420000076293945,16.420000076293945,16.274999618530273,16.350000381469727,646592,0.0,0.0
2023-03-20 10:30:00-04:00,16.350000381469727,16.645000457763672,16.299999237060547,16.579999923706055,586287,0.0,0.0
2023-03-20 11:30:00-04:00,16.579999923706055,16.594999313354492,16.350000381469727,16.454999923706055,531795,0.0,0.0
2023-03-20 12:30:00-04:00,16.454999923706055,16.614999771118164,16.44499969482422,16.520000457763672,387720,0.0,0.0
2023-03-20 13:30:00-04:00,16.524999618530273,16.530000686645508,16.389999389648438,16.450000762939453,547094,0.0,0.0
2023-03-20 14:30:00-04:00,16.44499969482422,16.670000076293945,16.434999465942383,16.649999618530273,1853348,0.0,0.0
2023-03-20 15:30:00-04:00,16.645000457763672,16.690000534057617,16.614999771118164,16.639999389648438,1289710,0.0,0.0
2023-03-21 09:30:00-04:00,16.709999084472656,16.84000015258789,16.670000076293945,16.799999237060547,695043,0.0,0.0
2023-03-21 10:30:00-04:00,16.80500030517578,16.93000030517578,16.799999237060547,16.924999237060547,509353,0.0,0.0
2023-03-21 11:30:00-04:00,16.93000030517578,16.940000534057617,16.84000015258789,16.895000457763672,360262,0.0,0.0
2023-03-21 12:30:00-04:00,16.899999618530273,16.989999771118164,16.885000228881836,16.985000610351562,525764,0.0,0.0
2023-03-21 13:30:00-04:00,16.989999771118164,17.010000228881836,16.899999618530273,16.93000030517578,409753,0.0,0.0
2023-03-21 14:30:00-04:00,16.93000030517578,17.100000381469727,16.915000915527344,17.100000381469727,777427,0.0,0.0
2023-03-21 15:30:00-04:00,17.094999313354492,17.18000030517578,17.040000915527344,17.06999969482422,1575792,0.0,0.0
2023-03-22 09:30:00-04:00,17.059999465942383,17.1299991607666,16.825000762939453,17.00320053100586,363800,0.0,0.0
2023-03-22 10:30:00-04:00,17.010000228881836,17.010000228881836,16.860000610351562,16.905000686645508,330584,0.0,0.0
2023-03-22 11:30:00-04:00,16.90999984741211,16.90999984741211,16.719999313354492,16.80500030517578,663030,0.0,0.0
2023-03-22 12:30:00-04:00,16.80500030517578,16.809999465942383,16.739999771118164,16.799999237060547,235671,0.0,0.0
2023-03-22 13:30:00-04:00,16.795000076293945,16.899999618530273,16.770000457763672,16.809999465942383,323641,0.0,0.0
2023-03-22 14:30:00-04:00,16.809999465942383,16.899999618530273,16.594999313354492,16.770000457763672,739515,0.0,0.0
2023-03-22 15:30:00-04:00,16.770000457763672,16.78499984741211,16.440000534057617,16.440000534057617,1153191,0.0,0.0
2023-03-23 09:30:00-04:00,16.479999542236328,16.725000381469727,16.420000076293945,16.649999618530273,552261,0.0,0.0
2023-03-23 10:30:00-04:00,16.65999984741211,16.770000457763672,16.645000457763672,16.700000762939453,440525,0.0,0.0
2023-03-23 11:30:00-04:00,16.709999084472656,16.729999542236328,16.493200302124023,16.540000915527344,901930,0.0,0.0
2023-03-23 12:30:00-04:00,16.540000915527344,16.600000381469727,16.459999084472656,16.489999771118164,918942,0.0,0.0
2023-03-23 13:30:00-04:00,16.489999771118164,16.530000686645508,16.334999084472656,16.334999084472656,833949,0.0,0.0
2023-03-23 14:30:00-04:00,16.334999084472656,16.415000915527344,16.200000762939453,16.260000228881836,791725,0.0,0.0
2023-03-23 15:30:00-04:00,16.260000228881836,16.40999984741211,16.239999771118164,16.34000015258789,958796,0.0,0.0
2023-03-24 09:30:00-04:00,16.280000686645508,16.31999969482422,16.075000762939453,16.165000915527344,464910,0.0,0.0
2023-03-24 10:30:00-04:00,16.170000076293945,16.209999084472656,16.065000534057617,16.135000228881836,410697,0.0,0.0
2023-03-24 11:30:00-04:00,16.1299991607666,16.260000228881836,16.114999771118164,16.25,506783,0.0,0.0
2023-03-24 12:30:00-04:00,16.25,16.309999465942383,16.21500015258789,16.274999618530273,277242,0.0,0.0
2023-03-24 13:30:00-04:00,16.274999618530273,16.334999084472656,16.239999771118164,16.295000076293945,347998,0.0,0.0
2023-03-24 14:30:00-04:00,16.290000915527344,16.3700008392334,16.290000915527344,16.354999542236328,569059,0.0,0.0
2023-03-24 15:30:00-04:00,16.354999542236328,16.40999984741211,16.334999084472656,16.40999984741211,853769,0.0,0.0
2023-03-27 09:30:00-04:00,16.549999237060547,16.700000762939453,16.389999389648438,16.469999313354492,821860,0.0,0.0
2023-03-27 10:30:00-04:00,16.475000381469727,16.59000015258789,16.440000534057617,16.53499984741211,591042,0.0,0.0
2023-03-27 11:30:00-04:00,16.53499984741211,16.6200008392334,16.485000610351562,16.6200008392334,412715,0.0,0.0
2023-03-27 12:30:00-04:00,16.6200008392334,16.68000030517578,16.510000228881836,16.56999969482422,339501,0.0,0.0
2023-03-27 13:30:00-04:00,16.565000534057617,16.739999771118164,16.559999465942383,16.735000610351562,812871,0.0,0.0
2023-03-27 14:30:00-04:00,16.735000610351562,16.80500030517578,16.729999542236328,16.774999618530273,518456,0.0,0.0
2023-03-27 15:30:00-04:00,16.770000457763672,16.799999237060547,16.729999542236328,16.799999237060547,1105626,0.0,0.0
2023-03-28 09:30:00-04:00,16.65999984741211,16.850000381469727,16.59000015258789,16.75,439026,0.0,0.0
2023-03-28 10:30:00-04:00,16.75,16.7549991607666,16.645000457763672,16.7549991607666,213401,0.0,0.0
2023-03-28 11:30:00-04:00,16.760000228881836,16.78499984741211,16.725000381469727,16.780000686645508,190987,0.0,0.0
2023-03-28 12:30:00-04:00,16.780000686645508,16.790000915527344,16.655000686645508,16.684999465942383,215611,0.0,0.0
2023-03-28 13:30:00-04:00,16.684999465942383,16.709999084472656,16.649999618530273,16.674999237060547,361800,0.0,0.0
2023-03-28 14:30:00-04:00,16.674999237060547,16.719999313354492,16.610000610351562,16.69499969482422,338162,0.0,0.0
2023-03-28 15:30:00-04:00,16.69499969482422,16.735000610351562,16.690000534057617,16.709999084472656,540016,0.0,0.0
2023-03-29 09:30:00-04:00,16.8700008392334,16.8700008392334,16.71500015258789,16.729999542236328,261170,0.0,0.0
2023-03-29 10:30:00-04:00,16.729999542236328,16.815000534057617,16.684999465942383,16.71500015258789,632077,0.0,0.0
2023-03-29 11:30:00-04:00,16.719999313354492,16.75,16.635000228881836,16.649999618530273,378881,0.0,0.0
2023-03-29 12:30:00-04:00,16.655000686645508,16.684999465942383,16.6299991607666,16.670000076293945,220347,0.0,0.0
2023-03-29 13:30:00-04:00,16.674999237060547,16.679899215698242,16.614999771118164,16.6200008392334,266695,0.0,0.0
2023-03-29 14:30:00-04:00,16.6200008392334,16.649999618530273,16.56999969482422,16.614999771118164,432647,0.0,0.0
2023-03-29 15:30:00-04:00,16.610000610351562,16.670000076293945,16.600000381469727,16.639999389648438,810079,0.0,0.0
2023-03-30 09:30:00-04:00,16.770000457763672,16.9950008392334,16.75,16.989999771118164,523975,0.0,0.0
2023-03-30 10:30:00-04:00,16.985000610351562,17.104999542236328,16.875,16.875,598272,0.0,0.0
2023-03-30 11:30:00-04:00,16.875,16.915000915527344,16.780000686645508,16.787500381469727,308869,0.0,0.0
2023-03-30 12:30:00-04:00,16.78499984741211,16.78499984741211,16.709999084472656,16.739999771118164,329561,0.0,0.0
2023-03-30 13:30:00-04:00,16.7450008392334,16.81999969482422,16.739999771118164,16.799999237060547,394869,0.0,0.0
2023-03-30 14:30:00-04:00,16.80500030517578,16.81999969482422,16.690000534057617,16.7549991607666,698231,0.0,0.0
2023-03-30 15:30:00-04:00,16.7549991607666,16.780000686645508,16.684999465942383,16.780000686645508,1163834,0.0,0.0
2023-03-31 09:30:00-04:00,16.790000915527344,16.829999923706055,16.69499969482422,16.799999237060547,272897,0.0,0.0
2023-03-31 10:30:00-04:00,16.795000076293945,17.040000915527344,16.79129981994629,17.030000686645508,271550,0.0,0.0
2023-03-31 11:30:00-04:00,17.03499984741211,17.1299991607666,17.020000457763672,17.1299991607666,276078,0.0,0.0
2023-03-31 12:30:00-04:00,17.1299991607666,17.145000457763672,17.030000686645508,17.059999465942383,203958,0.0,0.0
2023-03-31 13:30:00-04:00,17.059999465942383,17.06999969482422,16.989999771118164,17.05500030517578,230459,0.0,0.0
2023-03-31 14:30:00-04:00,17.059999465942383,17.1299991607666,17.03499984741211,17.1299991607666,238362,0.0,0.0
2023-03-31 15:30:00-04:00,17.1200008392334,17.200000762939453,17.059999465942383,17.15999984741211,1147616,0.0,0.0
2023-04-03 09:30:00-04:00,17.209999084472656,17.31999969482422,17.170000076293945,17.200000762939453,461462,0.0,0.0
2023-04-03 10:30:00-04:00,17.200000762939453,17.274999618530273,17.075000762939453,17.114999771118164,431784,0.0,0.0
2023-04-03 11:30:00-04:00,17.114999771118164,17.309999465942383,17.079999923706055,17.28499984741211,329596,0.0,0.0
2023-04-03 12:30:00-04:00,17.28499984741211,17.290000915527344,17.201900482177734,17.225000381469727,251821,0.0,0.0
2023-04-03 13:30:00-04:00,17.219999313354492,17.280000686645508,17.15999984741211,17.190000534057617,440670,0.0,0.0
2023-04-03 14:30:00-04:00,17.190000534057617,17.229999542236328,17.170000076293945,17.19499969482422,314084,0.0,0.0
2023-04-03 15:30:00-04:00,17.19499969482422,17.209999084472656,17.15999984741211,17.15999984741211,520361,0.0,0.0
2023-04-04 09:30:00-04:00,17.075000762939453,17.190000534057617,16.940000534057617,16.94499969482422,443760,0.0,0.0
2023-04-04 10:30:00-04:00,16.94499969482422,16.985000610351562,16.81999969482422,16.81999969482422,300554,0.0,0.0
2023-04-04 11:30:00-04:00,16.81999969482422,16.90999984741211,16.799999237060547,16.889999389648438,336397,0.0,0.0
2023-04-04 12:30:00-04:00,16.895000457763672,16.950000762939453,16.889999389648438,16.950000762939453,224487,0.0,0.0
2023-04-04 13:30:00-04:00,16.94499969482422,16.989999771118164,16.8700008392334,16.871000289916992,218571,0.0,0.0
2023-04-04 14:30:00-04:00,16.8700008392334,16.9950008392334,16.81999969482422,16.985000610351562,820403,0.0,0.0
2023-04-04 15:30:00-04:00,16.985000610351562,17.110000610351562,16.985000610351562,17.049999237060547,1099458,0.0,0.0
2023-04-05 09:30:00-04:00,17.020000457763672,17.219999313354492,16.969999313354492,17.145000457763672,381014,0.0,0.0
2023-04-05 10:30:00-04:00,17.145000457763672,17.187000274658203,17.049999237060547,17.114999771118164,291069,0.0,0.0
2023-04-05 11:30:00-04:00,17.1200008392334,17.190000534057617,17.110000610351562,17.174999237060547,253575,0.0,0.0
2023-04-05 12:30:00-04:00,17.174999237060547,17.280000686645508,17.125,17.270000457763672,413900,0.0,0.0
2023-04-05 13:30:00-04:00,17.280000686645508,17.329999923706055,17.209999084472656,17.229999542236328,283788,0.0,0.0
2023-04-05 14:30:00-04:00,17.235000610351562,17.329999923706055,17.229999542236328,17.325000762939453,342916,0.0,0.0
2023-04-05 15:30:00-04:00,17.325000762939453,17.334999084472656,17.190000534057617,17.190000534057617,849146,0.0,0.0
2023-04-06 09:30:00-04:00,17.200000762939453,17.209999084472656,17.09000015258789,17.165000915527344,177966,0.0,0.0
2023-04-06 10:30:00-04:00,17.15999984741211,17.204999923706055,17.145000457763672,17.190000534057617,185505,0.0,0.0
2023-04-06 11:30:00-04:00,17.190000534057617,17.270000457763672,17.18000030517578,17.260000228881836,178411,0.0,0.0
2023-04-06 12:30:00-04:00,17.264999389648438,17.329999923706055,17.264999389648438,17.31999969482422,158731,0.0,0.0
2023-04-06 13:30:00-04:00,17.315000534057617,17.329999923706055,17.2450008392334,17.260000228881836,213043,0.0,0.0
2023-04-06 14:30:00-04:00,17.264999389648438,17.280000686645508,17.229999542236328,17.264999389648438,182284,0.0,0.0
2023-04-06 15:30:00-04:00,17.270000457763672,17.299999237060547,17.25,17.274999618530273,421996,0.0,0.0
2023-04-10 09:30:00-04:00,17.100000381469727,17.25,17.049999237060547,17.209999084472656,346919,0.0,0.0
2023-04-10 10:30:00-04:00,17.219999313354492,17.280000686645508,17.219999313354492,17.26140022277832,163681,0.0,0.0
2023-04-10 11:30:00-04:00,17.270000457763672,17.270000457763672,17.139999389648438,17.149999618530273,155421,0.0,0.0
2023-04-10 12:30:00-04:00,17.149999618530273,17.290000915527344,17.149999618530273,17.27910041809082,199921,0.0,0.0
2023-04-10 13:30:00-04:00,17.280000686645508,17.309999465942383,17.270000457763672,17.299999237060547,188577,0.0,0.0
2023-04-10 14:30:00-04:00,17.299999237060547,17.329999923706055,17.260000228881836,17.299999237060547,249521,0.0,0.0
2023-04-10 15:30:00-04:00,17.299999237060547,17.334999084472656,17.280000686645508,17.309999465942383,715705,0.0,0.0
2023-04-11 09:30:00-04:00,17.290000915527344,17.59000015258789,17.270000457763672,17.59000015258789,330867,0.0,0.0
2023-04-11 10:30:00-04:00,17.59000015258789,17.6200008392334,17.530000686645508,17.575000762939453,448334,0.0,0.0
2023-04-11 11:30:00-04:00,17.575000762939453,17.690000534057617,17.559999465942383,17.645000457763672,415163,0.0,0.0
2023-04-11 12:30:00-04:00,17.645000457763672,17.709999084472656,17.600000381469727,17.704999923706055,325075,0.0,0.0
2023-04-11 13:30:00-04:00,17.704999923706055,17.770000457763672,17.690000534057617,17.760000228881836,425556,0.0,0.0
2023-04-11 14:30:00-04:00,17.760000228881836,17.84000015258789,17.760000228881836,17.80500030517578,467385,0.0,0.0
2023-04-11 15:30:00-04:00,17.80500030517578,17.860000610351562,17.75,17.780000686645508,1133403,0.0,0.0
2023-04-12 09:30:00-04:00,17.829999923706055,18.0049991607666,17.829999923706055,17.940000534057617,617795,0.0,0.0
2023-04-12 10:30:00-04:00,17.940000534057617,17.975000381469727,17.725000381469727,17.875,654476,0.0,0.0
2023-04-12 11:30:00-04:00,17.8700008392334,18.0049991607666,17.825000762939453,17.96500015258789,498780,0.0,0.0
2023-04-12 12:30:00-04:00,17.96500015258789,18.09000015258789,17.940000534057617,18.084999084472656,277583,0.0,0.0
2023-04-12 13:30:00-04:00,18.09000015258789,18.09000015258789,17.770000457763672,17.78499984741211,338968,0.0,0.0
2023-04-12 14:30:00-04:00,17.78499984741211,17.78499984741211,17.6200008392334,17.6200008392334,454811,0.0,0.0
2023-04-12 15:30:00-04:00,17.625,17.670000076293945,17.579999923706055,17.625,762229,0.0,0.0
2023-04-13 09:30:00-04:00,17.639999389648438,17.905000686645508,17.639999389648438,17.8799991607666,349474,0.0,0.0
2023-04-13 10:30:00-04:00,17.8799991607666,17.895000457763672,17.81999969482422,17.844999313354492,267069,0.0,0.0
2023-04-13 11:30:00-04:00,17.844999313354492,17.875,17.71500015258789,17.7549991607666,506930,0.0,0.0
2023-04-13 12:30:00-04:00,17.760000228881836,17.760000228881836,17.709999084472656,17.725000381469727,328141,0.0,0.0
2023-04-13 13:30:00-04:00,17.719999313354492,17.770000457763672,17.71500015258789,17.7549991607666,277302,0.0,0.0
2023-04-13 14:30:00-04:00,17.7549991607666,17.760000228881836,17.70400047302246,17.71500015258789,321795,0.0,0.0
2023-04-13 15:30:00-04:00,17.71500015258789,17.719999313354492,17.670000076293945,17.709999084472656,809411,0.0,0.0
2023-04-14 09:30:00-04:00,17.639999389648438,17.790000915527344,17.514999389648438,17.53499984741211,303304,0.0,0.0
2023-04-14 10:30:00-04:00,17.53499984741211,17.549999237060547,17.405000686645508,17.420000076293945,243204,0.0,0.0
2023-04-14 11:30:00-04:00,17.424999237060547,17.46500015258789,17.3700008392334,17.391599655151367,328542,0.0,0.0
2023-04-14 12:30:00-04:00,17.395000457763672,17.475000381469727,17.360000610351562,17.448200225830078,290896,0.0,0.0
2023-04-14 13:30:00-04:00,17.440000534057617,17.479999542236328,17.415000915527344,17.46500015258789,253597,0.0,0.0
2023-04-14 14:30:00-04:00,17.46500015258789,17.59000015258789,17.434999465942383,17.53499984741211,573274,0.0,0.0
2023-04-14 15:30:00-04:00,17.530000686645508,17.579999923706055,17.514999389648438,17.56999969482422,497586,0.0,0.0
2023-04-17 09:30:00-04:00,17.649999618530273,17.790000915527344,17.559999465942383,17.774999618530273,249071,0.0,0.0
2023-04-17 10:30:00-04:00,17.774999618530273,17.850000381469727,17.69499969482422,17.850000381469727,341144,0.0,0.0
2023-04-17 11:30:00-04:00,17.844999313354492,17.950000762939453,17.809999465942383,17.84000015258789,398493,0.0,0.0
2023-04-17 12:30:00-04:00,17.844999313354492,17.96500015258789,17.84000015258789,17.8700008392334,277741,0.0,0.0
2023-04-17 13:30:00-04:00,17.864999771118164,17.875,17.790000915527344,17.8700008392334,330212,0.0,0.0
2023-04-17 14:30:00-04:00,17.864999771118164,17.979999542236328,17.860000610351562,17.979999542236328,340853,0.0,0.0
2023-04-17 15:30:00-04:00,17.975000381469727,17.975000381469727,17.899999618530273,17.950000762939453,566659,0.0,0.0
2023-04-18 09:30:00-04:00,18.0,18.084999084472656,17.850000381469727,17.850000381469727,341485,0.0,0.0
2023-04-18 10:30:00-04:00,17.850000381469727,17.875,17.809999465942383,17.860000610351562,156518,0.0,0.0
2023-04-18 11:30:00-04:00,17.854999542236328,17.875,17.760000228881836,17.815000534057617,206513,0.0,0.0
2023-04-18 12:30:00-04:00,17.81999969482422,17.829999923706055,17.7549991607666,17.795000076293945,496983,0.0,0.0
2023-04-18 13:30:00-04:00,17.795000076293945,17.829999923706055,17.760000228881836,17.815000534057617,308078,0.0,0.0
2023-04-18 14:30:00-04:00,17.815000534057617,17.834999084472656,17.725000381469727,17.815000534057617,395561,0.0,0.0
2023-04-18 15:30:00-04:00,17.815000534057617,17.8799991607666,17.795000076293945,17.8700008392334,549330,0.0,0.0
2023-04-19 09:30:00-04:00,17.84000015258789,17.93000030517578,17.780000686645508,17.889999389648438,1087639,0.0,0.0
2023-04-19 10:30:00-04:00,17.885000228881836,18.014999389648438,17.832500457763672,17.885000228881836,857761,0.0,0.0
2023-04-19 11:30:00-04:00,17.885000228881836,17.889999389648438,17.829999923706055,17.854999542236328,424273,0.0,0.0
2023-04-19 12:30:00-04:00,17.854999542236328,17.90999984741211,17.81999969482422,17.885000228881836,235393,0.0,0.0
2023-04-19 13:30:00-04:00,17.885000228881836,17.989999771118164,17.8799991607666,17.975000381469727,265217,0.0,0.0
2023-04-19 14:30:00-04:00,17.975000381469727,17.985000610351562,17.875,17.8799991607666,279176,0.0,0.0
2023-04-19 15:30:00-04:00,17.8799991607666,17.905000686645508,17.84000015258789,17.8700008392334,532189,0.0,0.0
2023-04-20 09:30:00-04:00,17.719999313354492,17.729999542236328,17.575000762939453,17.645000457763672,251278,0.0,0.0
2023-04-20 10:30:00-04:00,17.645000457763672,17.719999313354492,17.6299991607666,17.645000457763672,197372,0.0,0.0
2023-04-20 11:30:00-04:00,17.644399642944336,17.670000076293945,17.614999771118164,17.655000686645508,201321,0.0,0.0
2023-04-20 12:30:00-04:00,17.655000686645508,17.719999313354492,17.653400421142578,17.704999923706055,194682,0.0,0.0
2023-04-20 13:30:00-04:00,17.709999084472656,17.725000381469727,17.645000457763672,17.645000457763672,230730,0.0,0.0
2023-04-20 14:30:00-04:00,17.639999389648438,17.645000457763672,17.56999969482422,17.594999313354492,305007,0.0,0.0
2023-04-20 15:30:00-04:00,17.600000381469727,17.649999618530273,17.59000015258789,17.639999389648438,596806,0.0,0.0
2023-04-21 09:30:00-04:00,17.719999313354492,17.735000610351562,17.639999389648438,17.69499969482422,386827,0.0,0.0
2023-04-21 10:30:00-04:00,17.69499969482422,17.700000762939453,17.600000381469727,17.632299423217773,266772,0.0,0.0
2023-04-21 11:30:00-04:00,17.635000228881836,17.665000915527344,17.56999969482422,17.6299991607666,228726,0.0,0.0
2023-04-21 12:30:00-04:00,17.621000289916992,17.639999389648438,17.579999923706055,17.604999542236328,350758,0.0,0.0
2023-04-21 13:30:00-04:00,17.604999542236328,17.6299991607666,17.600000381469727,17.614999771118164,238075,0.0,0.0
2023-04-21 14:30:00-04:00,17.610000610351562,17.6200008392334,17.549999237060547,17.600000381469727,274764,0.0,0.0
2023-04-21 15:30:00-04:00,17.594999313354492,17.68000030517578,17.559999465942383,17.649999618530273,1120930,0.0,0.0
2023-04-24 09:30:00-04:00,17.649999618530273,17.700000762939453,17.469999313354492,17.540000915527344,385764,0.0,0.0
2023-04-24 10:30:00-04:00,17.549999237060547,17.549999237060547,17.43000030517578,17.479999542236328,285057,0.0,0.0
2023-04-24 11:30:00-04:00,17.485000610351562,17.579999923706055,17.459999084472656,17.575000762939453,278547,0.0,0.0
2023-04-24 12:30:00-04:00,17.575000762939453,17.579999923706055,17.549999237060547,17.579999923706055,130237,0.0,0.0
2023-04-24 13:30:00-04:00,17.575000762939453,17.607999801635742,17.479999542236328,17.5,245150,0.0,0.0
2023-04-24 14:30:00-04:00,17.5,17.530000686645508,17.479999542236328,17.514999389648438,159889,0.0,0.0
2023-04-24 15:30:00-04:00,17.514999389648438,17.559999465942383,17.510099411010742,17.545000076293945,403467,0.0,0.0
2023-04-25 09:30:00-04:00,17.3700008392334,17.400400161743164,17.280000686645508,17.354999542236328,272019,0.0,0.0
2023-04-25 10:30:00-04:00,17.354999542236328,17.469999313354492,17.344999313354492,17.43000030517578,352925,0.0,0.0
2023-04-25 11:30:00-04:00,17.424999237060547,17.5,17.399999618530273,17.450000762939453,258737,0.0,0.0
2023-04-25 12:30:00-04:00,17.454999923706055,17.489999771118164,17.389999389648438,17.395000457763672,285721,0.0,0.0
2023-04-25 13:30:00-04:00,17.395000457763672,17.43000030517578,17.375,17.43000030517578,286657,0.0,0.0
2023-04-25 14:30:00-04:00,17.424999237060547,17.485000610351562,17.40999984741211,17.43000030517578,342104,0.0,0.0
2023-04-25 15:30:00-04:00,17.434999465942383,17.44499969482422,17.350000381469727,17.360000610351562,932949,0.0,0.0
2023-04-26 09:30:00-04:00,17.459999084472656,17.59000015258789,17.3799991607666,17.424999237060547,371288,0.0,0.0
2023-04-26 10:30:00-04:00,17.424999237060547,17.545000076293945,17.424999237060547,17.5049991607666,281982,0.0,0.0
2023-04-26 11:30:00-04:00,17.5049991607666,17.540000915527344,17.450000762939453,17.454999923706055,236807,0.0,0.0
2023-04-26 12:30:00-04:00,17.454999923706055,17.479999542236328,17.43000030517578,17.44499969482422,180949,0.0,0.0
2023-04-26 13:30:00-04:00,17.450000762939453,17.450000762939453,17.350000381469727,17.3799991607666,235292,0.0,0.0
2023-04-26 14:30:00-04:00,17.375,17.3799991607666,17.229999542236328,17.229999542236328,290135,0.0,0.0
2023-04-26 15:30:00-04:00,17.229999542236328,17.235000610351562,17.139999389648438,17.209999084472656,743150,0.0,0.0
2023-04-27 09:30:00-04:00,17.34000015258789,17.638700485229492,17.34000015258789,17.638700485229492,293666,0.0,0.0
2023-04-27 10:30:00-04:00,17.639999389648438,17.66830062866211,17.510000228881836,17.65999984741211,240744,0.0,0.0
2023-04-27 11:30:00-04:00,17.65999984741211,17.790000915527344,17.635000228881836,17.790000915527344,179994,0.0,0.0
2023-04-27 12:30:00-04:00,17.78499984741211,17.799999237060547,17.674999237060547,17.69499969482422,373247,0.0,0.0
2023-04-27 13:30:00-04:00,17.690000534057617,17.75,17.690000534057617,17.7450008392334,260754,0.0,0.0
2023-04-27 14:30:00-04:00,17.75,17.7549991607666,17.719999313354492,17.729999542236328,231515,0.0,0.0
2023-04-27 15:30:00-04:00,17.725000381469727,17.75749969482422,17.690000534057617,17.7450008392334,485941,0.0,0.0
2023-04-28 09:30:00-04:00,17.639999389648438,17.795000076293945,17.559999465942383,17.780000686645508,225471,0.0,0.0
2023-04-28 10:30:00-04:00,17.774999618530273,17.790000915527344,17.639999389648438,17.709999084472656,230940,0.0,0.0
2023-04-28 11:30:00-04:00,17.71500015258789,17.760000228881836,17.65999984741211,17.69499969482422,216350,0.0,0.0
2023-04-28 12:30:00-04:00,17.700000762939453,17.739999771118164,17.649999618530273,17.735000610351562,210775,0.0,0.0
2023-04-28 13:30:00-04:00,17.735000610351562,17.739999771118164,17.649999618530273,17.655000686645508,197951,0.0,0.0
2023-04-28 14:30:00-04:00,17.655000686645508,17.68000030517578,17.614999771118164,17.639999389648438,221078,0.0,0.0
2023-04-28 15:30:00-04:00,17.639999389648438,17.69499969482422,17.639999389648438,17.65999984741211,676995,0.0,0.0
2023-05-01 09:30:00-04:00,17.559999465942383,17.760000228881836,17.485000610351562,17.700000762939453,346795,0.0,0.0
2023-05-01 10:30:00-04:00,17.709999084472656,17.8799991607666,17.700000762939453,17.7450008392334,344803,0.0,0.0
2023-05-01 11:30:00-04:00,17.739999771118164,17.78499984741211,17.670000076293945,17.75,312970,0.0,0.0
2023-05-01 12:30:00-04:00,17.7450008392334,17.790000915527344,17.719999313354492,17.719999313354492,287824,0.0,0.0
2023-05-01 13:30:00-04:00,17.725000381469727,17.725000381469727,17.6200008392334,17.6200008392334,235051,0.0,0.0
2023-05-01 14:30:00-04:00,17.625,17.655000686645508,17.600000381469727,17.625,421046,0.0,0.0
2023-05-01 15:30:00-04:00,17.625,17.68000030517578,17.600000381469727,17.645000457763672,614144,0.0,0.0
2023-05-02 09:30:00-04:00,17.530000686645508,17.639999389648438,17.100000381469727,17.100000381469727,302906,0.0,0.0
2023-05-02 10:30:00-04:00,17.09000015258789,17.1299991607666,16.954999923706055,17.020000457763672,325355,0.0,0.0
2023-05-02 11:30:00-04:00,17.014999389648438,17.125,17.0049991607666,17.075000762939453,518936,0.0,0.0
2023-05-02 12:30:00-04:00,17.079999923706055,17.110000610351562,16.985000610351562,17.03499984741211,255360,0.0,0.0
2023-05-02 13:30:00-04:00,17.03499984741211,17.079999923706055,16.969999313354492,16.9950008392334,266178,0.0,0.0
2023-05-02 14:30:00-04:00,17.0,17.0575008392334,16.989999771118164,17.030000686645508,433847,0.0,0.0
2023-05-02 15:30:00-04:00,17.03499984741211,17.040000915527344,16.920000076293945,16.934999465942383,736598,0.0,0.0
2023-05-03 09:30:00-04:00,17.020000457763672,17.190000534057617,16.889999389648438,16.979999542236328,579099,0.0,0.0
2023-05-03 10:30:00-04:00,16.975000381469727,17.024999618530273,16.872499465942383,17.020000457763672,416777,0.0,0.0
2023-05-03 11:30:00-04:00,17.010000228881836,17.049999237060547,16.90999984741211,16.940000534057617,293943,0.0,0.0
2023-05-03 12:30:00-04:00,16.940000534057617,17.010000228881836,16.889999389648438,17.0049991607666,262574,0.0,0.0
2023-05-03 13:30:00-04:00,17.0,17.040000915527344,16.899999618530273,17.014999389648438,426888,0.0,0.0
2023-05-03 14:30:00-04:00,17.010000228881836,17.104999542236328,16.809999465942383,16.84000015258789,538655,0.0,0.0
2023-05-03 15:30:00-04:00,16.84000015258789,16.854999542236328,16.739999771118164,16.770000457763672,606682,0.0,0.0
2023-05-04 09:30:00-04:00,16.584999084472656,16.6299991607666,16.385000228881836,16.385000228881836,849548,0.0,0.0
2023-05-04 10:30:00-04:00,16.3799991607666,16.610000610351562,16.375,16.514999389648438,423537,0.0,0.0
2023-05-04 11:30:00-04:00,16.514999389648438,16.600000381469727,16.415000915527344,16.594999313354492,259904,0.0,0.0
2023-05-04 12:30:00-04:00,16.594999313354492,16.6200008392334,16.520000457763672,16.565200805664062,227253,0.0,0.0
2023-05-04 13:30:00-04:00,16.565000534057617,16.56999969482422,16.475000381469727,16.475000381469727,210657,0.0,0.0
2023-05-04 14:30:00-04:00,16.469999313354492,16.524999618530273,16.424999237060547,16.5049991607666,325504,0.0,0.0
2023-05-04 15:30:00-04:00,16.5049991607666,16.540000915527344,16.43000030517578,16.450000762939453,683751,0.0,0.0
2023-05-05 09:30:00-04:00,16.729999542236328,16.940000534057617,16.600000381469727,16.864999771118164,578460,0.0,0.0
2023-05-05 10:30:00-04:00,16.864999771118164,16.895000457763672,16.809999465942383,16.8799991607666,315519,0.0,0.0
2023-05-05 11:30:00-04:00,16.875,16.875,16.80500030517578,16.854999542236328,243798,0.0,0.0
2023-05-05 12:30:00-04:00,16.854999542236328,16.860000610351562,16.75,16.850000381469727,227286,0.0,0.0
2023-05-05 13:30:00-04:00,16.854999542236328,16.969999313354492,16.852100372314453,16.96500015258789,324192,0.0,0.0
2023-05-05 14:30:00-04:00,16.96500015258789,17.059999465942383,16.959999084472656,17.049999237060547,413998,0.0,0.0
2023-05-05 15:30:00-04:00,17.049999237060547,17.139999389648438,17.049999237060547,17.125,817114,0.0,0.0
2023-05-08 09:30:00-04:00,17.239999771118164,17.399999618530273,17.040000915527344,17.06999969482422,1130073,0.0,0.0
2023-05-08 10:30:00-04:00,17.079999923706055,17.165000915527344,17.010000228881836,17.084999084472656,429799,0.0,0.0
2023-05-08 11:30:00-04:00,17.079999923706055,17.104999542236328,17.030000686645508,17.065000534057617,252071,0.0,0.0
2023-05-08 12:30:00-04:00,17.065000534057617,17.094999313354492,17.0049991607666,17.075000762939453,304330,0.0,0.0
2023-05-08 13:30:00-04:00,17.075000762939453,17.139999389648438,17.030000686645508,17.104999542236328,336192,0.0,0.0
2023-05-08 14:30:00-04:00,17.110000610351562,17.139999389648438,17.020000457763672,17.040000915527344,431580,0.0,0.0
2023-05-08 15:30:00-04:00,17.03499984741211,17.125,17.030000686645508,17.059999465942383,1259388,0.0,0.0
2023-05-09 09:30:00-04:00,17.020000457763672,17.1200008392334,16.920000076293945,17.014999389648438,1021410,0.0,0.0
2023-05-09 10:30:00-04:00,17.010000228881836,17.125,16.989999771118164,17.104999542236328,1251128,0.0,0.0
2023-05-09 11:30:00-04:00,17.100000381469727,17.165000915527344,17.030000686645508,17.03499984741211,331350,0.0,0.0
2023-05-09 12:30:00-04:00,17.03499984741211,17.084999084472656,16.90999984741211,16.96500015258789,407599,0.0,0.0
2023-05-09 13:30:00-04:00,16.969999313354492,17.045000076293945,16.969999313354492,16.979999542236328,323697,0.0,0.0
2023-05-09 14:30:00-04:00,16.983999252319336,16.989900588989258,16.860000610351562,16.8700008392334,604286,0.0,0.0
2023-05-09 15:30:00-04:00,16.871999740600586,17.030000686645508,16.864999771118164,17.010000228881836,882851,0.0,0.0
2023-05-10 09:30:00-04:00,17.1299991607666,17.290000915527344,16.979999542236328,17.079999923706055,623082,0.0,0.0
2023-05-10 10:30:00-04:00,17.079999923706055,17.11750030517578,16.979999542236328,17.104999542236328,577167,0.0,0.0
2023-05-10 11:30:00-04:00,17.110000610351562,17.1299991607666,16.979999542236328,17.030000686645508,448545,0.0,0.0
2023-05-10 12:30:00-04:00,17.040000915527344,17.05500030517578,16.96500015258789,16.989999771118164,419392,0.0,0.0
2023-05-10 13:30:00-04:00,16.989999771118164,17.09000015258789,16.959999084472656,17.079999923706055,354351,0.0,0.0
2023-05-10 14:30:00-04:00,17.09000015258789,17.149999618530273,16.989999771118164,17.145000457763672,617081,0.0,0.0
2023-05-10 15:30:00-04:00,17.139999389648438,17.309999465942383,17.139999389648438,17.25,1068077,0.0,0.0
2023-05-11 09:30:00-04:00,17.260000228881836,17.299999237060547,17.05500030517578,17.110000610351562,321064,0.0,0.0
2023-05-11 10:30:00-04:00,17.104999542236328,17.235000610351562,17.010000228881836,17.235000610351562,579974,0.0,0.0
2023-05-11 11:30:00-04:00,17.235000610351562,17.329999923706055,17.229999542236328,17.295000076293945,601108,0.0,0.0
2023-05-11 12:30:00-04:00,17.295000076293945,17.34000015258789,17.270000457763672,17.31999969482422,431584,0.0,0.0
2023-05-11 13:30:00-04:00,17.31999969482422,17.325000762939453,17.19499969482422,17.2450008392334,375781,0.0,0.0
2023-05-11 14:30:00-04:00,17.2450008392334,17.280000686645508,17.190000534057617,17.204999923706055,565751,0.0,0.0
2023-05-11 15:30:00-04:00,17.204999923706055,17.25,17.15999984741211,17.18000030517578,1056458,0.0,0.0
2023-05-12 09:30:00-04:00,16.920000076293945,16.940000534057617,15.774999618530273,15.854999542236328,1529887,0.0,0.0
2023-05-12 10:30:00-04:00,15.854999542236328,15.9399995803833,15.680000305175781,15.779999732971191,895443,0.0,0.0
2023-05-12 11:30:00-04:00,15.774999618530273,15.795000076293945,15.619999885559082,15.680000305175781,716940,0.0,0.0
2023-05-12 12:30:00-04:00,15.6850004196167,15.9399995803833,15.651200294494629,15.914999961853027,783305,0.0,0.0
2023-05-12 13:30:00-04:00,15.914999961853027,16.235000610351562,15.914999961853027,16.170000076293945,1396452,0.0,0.0
2023-05-12 14:30:00-04:00,16.165000915527344,16.209999084472656,16.065000534057617,16.200000762939453,956820,0.0,0.0
2023-05-12 15:30:00-04:00,16.200000762939453,16.280000686645508,16.190000534057617,16.219999313354492,1328240,0.0,0.0
2023-05-15 09:30:00-04:00,16.239999771118164,16.6200008392334,16.239999771118164,16.299999237060547,1140525,0.0,0.0
2023-05-15 10:30:00-04:00,16.295000076293945,16.309999465942383,16.170000076293945,16.200000762939453,977262,0.0,0.0
2023-05-15 11:30:00-04:00,16.200000762939453,16.21500015258789,16.104999542236328,16.21500015258789,598984,0.0,0.0
2023-05-15 12:30:00-04:00,16.209999084472656,16.325000762939453,16.180099487304688,16.229999542236328,703084,0.0,0.0
2023-05-15 13:30:00-04:00,16.235000610351562,16.389999389648438,16.15999984741211,16.3799991607666,623920,0.0,0.0
2023-05-15 14:30:00-04:00,16.3799991607666,16.434999465942383,16.360000610351562,16.424999237060547,716295,0.0,0.0
2023-05-15 15:30:00-04:00,16.424999237060547,16.450000762939453,16.3799991607666,16.405000686645508,881159,0.0,0.0
2023-05-16 09:30:00-04:00,16.360000610351562,16.389999389648438,15.875,15.895000457763672,544545,0.0,0.0
2023-05-16 10:30:00-04:00,15.895000457763672,16.049999237060547,15.875,15.9350004196167,651237,0.0,0.0
2023-05-16 11:30:00-04:00,15.9399995803833,15.949999809265137,15.789999961853027,15.805000305175781,596686,0.0,0.0
2023-05-16 12:30:00-04:00,15.805000305175781,15.845000267028809,15.71500015258789,15.755000114440918,439226,0.0,0.0
2023-05-16 13:30:00-04:00,15.755000114440918,15.774999618530273,15.640000343322754,15.680000305175781,515713,0.0,0.0
2023-05-16 14:30:00-04:00,15.6850004196167,15.6850004196167,15.545000076293945,15.545000076293945,608506,0.0,0.0
2023-05-16 15:30:00-04:00,15.545000076293945,15.5649995803833,15.449999809265137,15.449999809265137,1354375,0.0,0.0
2023-05-17 09:30:00-04:00,15.510000228881836,15.970000267028809,15.510000228881836,15.720000267028809,962253,0.0,0.0
2023-05-17 10:30:00-04:00,15.71500015258789,15.899999618530273,15.710000038146973,15.835000038146973,466021,0.0,0.0
2023-05-17 11:30:00-04:00,15.845000267028809,15.954999923706055,15.829999923706055,15.904999732971191,440955,0.0,0.0
2023-05-17 12:30:00-04:00,15.904999732971191,16.084999084472656,15.885000228881836,16.040000915527344,645674,0.0,0.0
2023-05-17 13:30:00-04:00,16.030000686645508,16.100000381469727,15.994999885559082,16.0,640328,0.0,0.0
2023-05-17 14:30:00-04:00,16.0049991607666,16.110000610351562,15.9399995803833,16.045000076293945,513084,0.0,0.0
2023-05-17 15:30:00-04:00,16.045000076293945,16.059999465942383,15.975000381469727,16.049999237060547,1120707,0.0,0.0
2023-05-18 09:30:00-04:00,15.989999771118164,16.094999313354492,15.9350004196167,15.970000267028809,608399,0.0,0.0
2023-05-18 10:30:00-04:00,15.970000267028809,16.110000610351562,15.90999984741211,16.045000076293945,405776,0.0,0.0
2023-05-18 11:30:00-04:00,16.049999237060547,16.09000015258789,15.954999923706055,15.979999542236328,490420,0.0,0.0
2023-05-18 12:30:00-04:00,15.979999542236328,16.0,15.920000076293945,15.954999923706055,587050,0.0,0.0
2023-05-18 13:30:00-04:00,15.949999809265137,16.020000457763672,15.90999984741211,15.979999542236328,593300,0.0,0.0
2023-05-18 14:30:00-04:00,15.970000267028809,16.0,15.890000343322754,15.984999656677246,657440,0.0,0.0
2023-05-18 15:30:00-04:00,15.984999656677246,16.139999389648438,15.984999656677246,16.110000610351562,944973,0.0,0.0
2023-05-19 09:30:00-04:00,16.190000534057617,16.395000457763672,16.09000015258789,16.389999389648438,1971288,0.0,0.0
2023-05-19 10:30:00-04:00,16.389999389648438,16.395000457763672,16.149999618530273,16.149999618530273,493390,0.0,0.0
2023-05-19 11:30:00-04:00,16.149999618530273,16.149999618530273,16.020000457763672,16.079999923706055,516489,0.0,0.0
2023-05-19 12:30:00-04:00,16.075000762939453,16.15999984741211,16.020000457763672,16.149999618530273,1012767,0.0,0.0
2023-05-19 13:30:00-04:00,16.15999984741211,16.200000762939453,16.094999313354492,16.155000686645508,797062,0.0,0.0
2023-05-19 14:30:00-04:00,16.155000686645508,16.2549991607666,16.1299991607666,16.19499969482422,780700,0.0,0.0
2023-05-19 15:30:00-04:00,16.19499969482422,16.229999542236328,16.145000457763672,16.204999923706055,1153495,0.0,0.0
2023-05-22 09:30:00-04:00,16.530000686645508,16.954999923706055,16.440000534057617,16.510000228881836,1954872,0.0,0.0
2023-05-22 10:30:00-04:00,16.520000457763672,16.790000915527344,16.520000457763672,16.78499984741211,822572,0.0,0.0
2023-05-22 11:30:00-04:00,16.790000915527344,17.0,16.739999771118164,16.954999923706055,773301,0.0,0.0
2023-05-22 12:30:00-04:00,16.959999084472656,17.139999389648438,16.934999465942383,16.979999542236328,854225,0.0,0.0
2023-05-22 13:30:00-04:00,16.985000610351562,17.059999465942383,16.959999084472656,17.020000457763672,625358,0.0,0.0
2023-05-22 14:30:00-04:00,17.014999389648438,17.139999389648438,17.014999389648438,17.059999465942383,726682,0.0,0.0
2023-05-22 15:30:00-04:00,17.065000534057617,17.1200008392334,17.040000915527344,17.06999969482422,1499080,0.0,0.0
2023-05-23 09:30:00-04:00,17.049999237060547,17.190000534057617,16.8799991607666,16.895000457763672,824756,0.0,0.0
2023-05-23 10:30:00-04:00,16.895000457763672,16.985000610351562,16.854999542236328,16.969999313354492,604707,0.0,0.0
2023-05-23 11:30:00-04:00,16.969999313354492,17.030000686645508,16.959999084472656,16.985000610351562,484424,0.0,0.0
2023-05-23 12:30:00-04:00,16.985000610351562,17.040000915527344,16.8799991607666,16.9950008392334,684361,0.0,0.0
2023-05-23 13:30:00-04:00,16.9950008392334,17.030000686645508,16.905000686645508,16.96500015258789,543229,0.0,0.0
2023-05-23 14:30:00-04:00,16.96500015258789,17.024999618530273,16.90999984741211,17.0,720429,0.0,0.0
2023-05-23 15:30:00-04:00,17.010000228881836,17.100000381469727,16.959999084472656,16.969999313354492,1114105,0.0,0.0
2023-05-24 09:30:00-04:00,16.829999923706055,16.950000762939453,16.690000534057617,16.735000610351562,573002,0.0,0.0
2023-05-24 10:30:00-04:00,16.739999771118164,16.967500686645508,16.739999771118164,16.920000076293945,538427,0.0,0.0
2023-05-24 11:30:00-04:00,16.93000030517578,16.940000534057617,16.829999923706055,16.924999237060547,348203,0.0,0.0
2023-05-24 12:30:00-04:00,16.924999237060547,16.959999084472656,16.799999237060547,16.834999084472656,382514,0.0,0.0
2023-05-24 13:30:00-04:00,16.829999923706055,16.899999618530273,16.829999923706055,16.860000610351562,350086,0.0,0.0
2023-05-24 14:30:00-04:00,16.864999771118164,16.979999542236328,16.860000610351562,16.954999923706055,506892,0.0,0.0
2023-05-24 15:30:00-04:00,16.950000762939453,16.989999771118164,16.84000015258789,16.850000381469727,1017347,0.0,0.0
2023-05-25 09:30:00-04:00,16.780000686645508,16.864999771118164,16.625,16.84000015258789,487351,0.0,0.0
2023-05-25 10:30:00-04:00,16.834999084472656,16.899999618530273,16.670000076293945,16.71500015258789,556373,0.0,0.0
2023-05-25 11:30:00-04:00,16.709999084472656,16.854999542236328,16.690000534057617,16.760000228881836,580349,0.0,0.0
2023-05-25 12:30:00-04:00,16.770000457763672,16.860000610351562,16.739999771118164,16.844999313354492,419804,0.0,0.0
2023-05-25 13:30:00-04:00,16.844999313354492,16.985000610351562,16.84000015258789,16.844999313354492,270384,0.0,0.0
2023-05-25 14:30:00-04:00,16.84000015258789,16.875,16.780000686645508,16.864999771118164,342891,0.0,0.0
2023-05-25 15:30:00-04:00,16.860000610351562,16.889999389648438,16.799999237060547,16.844999313354492,620385,0.0,0.0
2023-05-26 09:30:00-04:00,16.729999542236328,17.0,16.729999542236328,16.940000534057617,283597,0.0,0.0
2023-05-26 10:30:00-04:00,16.94499969482422,16.989999771118164,16.90999984741211,16.934999465942383,294062,0.0,0.0
2023-05-26 11:30:00-04:00,16.940000534057617,17.040000915527344,16.905000686645508,17.030000686645508,356461,0.0,0.0
2023-05-26 12:30:00-04:00,17.03499984741211,17.100000381469727,17.0049991607666,17.059999465942383,283144,0.0,0.0
2023-05-26 13:30:00-04:00,17.05500030517578,17.135000228881836,17.05500030517578,17.1200008392334,262322,0.0,0.0
2023-05-26 14:30:00-04:00,17.1299991607666,17.229999542236328,17.125,17.15999984741211,615971,0.0,0.0
2023-05-26 15:30:00-04:00,17.15999984741211,17.15999984741211,17.05500030517578,17.104999542236328,738101,0.0,0.0
2023-05-30 09:30:00-04:00,17.190000534057617,17.40999984741211,17.1200008392334,17.25,612433,0.0,0.0
2023-05-30 10:30:00-04:00,17.2549991607666,17.2549991607666,17.010700225830078,17.084999084472656,328356,0.0,0.0
2023-05-30 11:30:00-04:00,17.09000015258789,17.1299991607666,17.065000534057617,17.114999771118164,241882,0.0,0.0
2023-05-30 12:30:00-04:00,17.110000610351562,17.135000228881836,17.065000534057617,17.110000610351562,207269,0.0,0.0
2023-05-30 13:30:00-04:00,17.110000610351562,17.170000076293945,17.079999923706055,17.165000915527344,239189,0.0,0.0
2023-05-30 14:30:00-04:00,17.165000915527344,17.329999923706055,17.15999984741211,17.309999465942383,384774,0.0,0.0
2023-05-30 15:30:00-04:00,17.31999969482422,17.325000762939453,17.19499969482422,17.219999313354492,760963,0.0,0.0
2023-05-31 09:30:00-04:00,17.15999984741211,17.489999771118164,17.079999923706055,17.235000610351562,1612512,0.0,0.0
2023-05-31 10:30:00-04:00,17.239999771118164,17.325000762939453,17.165000915527344,17.315000534057617,723719,0.0,0.0
2023-05-31 11:30:00-04:00,17.315000534057617,17.389999389648438,17.280000686645508,17.375,543589,0.0,0.0
2023-05-31 12:30:00-04:00,17.375,17.44499969482422,17.219999313354492,17.264999389648438,636527,0.0,0.0
2023-05-31 13:30:00-04:00,17.260000228881836,17.399999618530273,17.229999542236328,17.385000228881836,521475,0.0,0.0
2023-05-31 14:30:00-04:00,17.385000228881836,17.475000381469727,17.334999084472656,17.44499969482422,741818,0.0,0.0
2023-05-31 15:30:00-04:00,17.44499969482422,17.6299991607666,17.440000534057617,17.549999237060547,1992760,0.0,0.0
2023-06-01 09:30:00-04:00,17.510000228881836,17.719999313354492,17.299999237060547,17.53499984741211,832916,0.0,0.0
2023-06-01 10:30:00-04:00,17.540000915527344,17.6299991607666,17.459999084472656,17.594999313354492,521336,0.0,0.0
2023-06-01 11:30:00-04:00,17.594999313354492,17.700000762939453,17.56999969482422,17.69499969482422,383655,0.0,0.0
2023-06-01 12:30:00-04:00,17.69499969482422,17.69499969482422,17.56999969482422,17.645000457763672,350814,0.0,0.0
2023-06-01 13:30:00-04:00,17.645000457763672,17.690000534057617,17.582300186157227,17.604999542236328,310560,0.0,0.0
2023-06-01 14:30:00-04:00,17.604999542236328,17.760000228881836,17.604999542236328,17.635000228881836,461141,0.0,0.0
2023-06-01 15:30:00-04:00,17.635000228881836,17.649999618530273,17.530000686645508,17.559999465942383,881729,0.0,0.0
2023-06-02 09:30:00-04:00,17.670000076293945,17.81999969482422,17.610000610351562,17.711000442504883,497937,0.0,0.0
2023-06-02 10:30:00-04:00,17.71500015258789,17.93000030517578,17.68000030517578,17.885000228881836,394209,0.0,0.0
2023-06-02 11:30:00-04:00,17.88010025024414,17.90999984741211,17.809999465942383,17.899999618530273,221760,0.0,0.0
2023-06-02 12:30:00-04:00,17.899999618530273,17.96500015258789,17.860000610351562,17.954999923706055,208529,0.0,0.0
2023-06-02 13:30:00-04:00,17.95989990234375,18.09000015258789,17.905000686645508,18.020000457763672,669978,0.0,0.0
2023-06-02 14:30:00-04:00,18.014999389648438,18.059999465942383,17.979999542236328,18.010000228881836,430107,0.0,0.0
2023-06-02 15:30:00-04:00,18.007999420166016,18.05500030517578,17.969999313354492,17.979999542236328,777677,0.0,0.0
2023-06-05 09:30:00-04:00,17.899999618530273,18.010000228881836,17.799999237060547,17.8799991607666,410901,0.0,0.0
2023-06-05 10:30:00-04:00,17.8799991607666,18.200000762939453,17.8799991607666,18.18000030517578,556462,0.0,0.0
2023-06-05 11:30:00-04:00,18.184999465942383,18.190000534057617,18.100000381469727,18.149999618530273,260380,0.0,0.0
2023-06-05 12:30:00-04:00,18.155000686645508,18.2450008392334,18.1299991607666,18.135000228881836,272442,0.0,0.0
2023-06-05 13:30:00-04:00,18.131000518798828,18.139999389648438,18.0,18.065000534057617,292042,0.0,0.0
2023-06-05 14:30:00-04:00,18.065000534057617,18.065000534057617,18.0,18.018999099731445,465156,0.0,0.0
2023-06-05 15:30:00-04:00,18.014999389648438,18.049999237060547,17.969999313354492,17.969999313354492,797865,0.0,0.0
2023-06-06 09:30:00-04:00,17.90999984741211,17.915000915527344,17.729999542236328,17.915000915527344,300393,0.0,0.0
2023-06-06 10:30:00-04:00,17.915000915527344,18.030000686645508,17.860000610351562,17.94499969482422,284094,0.0,0.0
2023-06-06 11:30:00-04:00,17.94499969482422,18.020000457763672,17.940000534057617,17.979999542236328,163864,0.0,0.0
2023-06-06 12:30:00-04:00,17.975000381469727,18.03499984741211,17.96500015258789,17.989999771118164,167558,0.0,0.0
2023-06-06 13:30:00-04:00,17.989999771118164,18.05500030517578,17.969999313354492,18.049999237060547,241364,0.0,0.0
2023-06-06 14:30:00-04:00,18.045000076293945,18.139999389648438,18.024999618530273,18.1200008392334,315155,0.0,0.0
2023-06-06 15:30:00-04:00,18.125,18.149999618530273,18.06999969482422,18.110000610351562,652237,0.0,0.0
2023-06-07 09:30:00-04:00,18.1200008392334,18.170000076293945,17.93000030517578,17.96500015258789,397453,0.0,0.0
2023-06-07 10:30:00-04:00,17.96500015258789,17.975000381469727,17.834999084472656,17.950000762939453,699863,0.0,0.0
2023-06-07 11:30:00-04:00,17.954999923706055,17.979999542236328,17.75,17.760000228881836,418510,0.0,0.0
2023-06-07 12:30:00-04:00,17.7549991607666,17.780000686645508,17.645000457763672,17.739999771118164,587686,0.0,0.0
2023-06-07 13:30:00-04:00,17.739999771118164,17.8700008392334,17.700000762939453,17.864999771118164,340413,0.0,0.0
2023-06-07 14:30:00-04:00,17.860000610351562,17.875,17.80500030517578,17.864999771118164,383332,0.0,0.0
2023-06-07 15:30:00-04:00,17.860000610351562,17.875,17.7450008392334,17.770000457763672,760239,0.0,0.0
2023-06-08 09:30:00-04:00,17.790000915527344,17.899999618530273,17.6200008392334,17.80500030517578,310419,0.0,0.0
2023-06-08 10:30:00-04:00,17.809999465942383,17.84000015258789,17.770000457763672,17.834999084472656,182395,0.0,0.0
2023-06-08 11:30:00-04:00,17.838899612426758,17.860000610351562,17.764999389648438,17.799999237060547,124956,0.0,0.0
2023-06-08 12:30:00-04:00,17.799999237060547,17.799999237060547,17.739999771118164,17.764999389648438,119702,0.0,0.0
2023-06-08 13:30:00-04:00,17.764999389648438,17.774999618530273,17.690000534057617,17.71500015258789,183707,0.0,0.0
2023-06-08 14:30:00-04:00,17.71500015258789,17.799999237060547,17.704999923706055,17.774999618530273,183558,0.0,0.0
2023-06-08 15:30:00-04:00,17.780000686645508,17.795000076293945,17.75,17.770000457763672,438848,0.0,0.0
2023-06-09 09:30:00-04:00,17.829999923706055,17.979999542236328,17.770000457763672,17.934999465942383,286966,0.0,0.0
2023-06-09 10:30:00-04:00,17.940000534057617,17.96500015258789,17.770000457763672,17.799999237060547,273078,0.0,0.0
2023-06-09 11:30:00-04:00,17.790000915527344,17.815000534057617,17.7450008392334,17.799999237060547,148776,0.0,0.0
2023-06-09 12:30:00-04:00,17.790000915527344,17.80500030517578,17.719999313354492,17.735000610351562,176827,0.0,0.0
2023-06-09 13:30:00-04:00,17.739999771118164,17.780000686645508,17.690000534057617,17.7549991607666,184296,0.0,0.0
2023-06-09 14:30:00-04:00,17.760000228881836,17.81999969482422,17.729999542236328,17.80500030517578,157665,0.0,0.0
2023-06-09 15:30:00-04:00,17.80500030517578,17.829999923706055,17.774999618530273,17.825000762939453,455373,0.0,0.0
2023-06-12 09:30:00-04:00,17.850000381469727,18.174999237060547,17.850000381469727,18.079999923706055,382566,0.0,0.0
2023-06-12 10:30:00-04:00,18.079999923706055,18.174999237060547,18.014999389648438,18.084999084472656,225208,0.0,0.0
2023-06-12 11:30:00-04:00,18.084999084472656,18.2549991607666,18.06999969482422,18.235000610351562,261247,0.0,0.0
2023-06-12 12:30:00-04:00,18.235000610351562,18.290000915527344,18.209999084472656,18.28499984741211,286467,0.0,0.0
2023-06-12 13:30:00-04:00,18.280000686645508,18.28499984741211,18.209999084472656,18.264999389648438,279165,0.0,0.0
2023-06-12 14:30:00-04:00,18.265100479125977,18.309999465942383,18.25,18.280000686645508,256723,0.0,0.0
2023-06-12 15:30:00-04:00,18.274999618530273,18.350000381469727,18.260000228881836,18.309999465942383,577771,0.0,0.0
2023-06-13 09:30:00-04:00,18.3799991607666,18.59000015258789,18.329999923706055,18.440000534057617,390348,0.0,0.0
2023-06-13 10:30:00-04:00,18.440000534057617,18.5049991607666,18.389999389648438,18.5049991607666,219160,0.0,0.0
2023-06-13 11:30:00-04:00,18.5049991607666,18.53499984741211,18.3799991607666,18.475000381469727,258426,0.0,0.0
2023-06-13 12:30:00-04:00,18.479999542236328,18.594999313354492,18.469999313354492,18.55500030517578,287703,0.0,0.0
2023-06-13 13:30:00-04:00,18.559999465942383,18.575000762939453,18.485000610351562,18.5049991607666,240042,0.0,0.0
2023-06-13 14:30:00-04:00,18.5049991607666,18.559999465942383,18.450000762939453,18.549999237060547,218129,0.0,0.0
2023-06-13 15:30:00-04:00,18.549999237060547,18.56999969482422,18.395000457763672,18.440000534057617,1181113,0.0,0.0
2023-06-14 09:30:00-04:00,18.469999313354492,18.665000915527344,18.459999084472656,18.559999465942383,378438,0.0,0.0
2023-06-14 10:30:00-04:00,18.559999465942383,18.6200008392334,18.549999237060547,18.614999771118164,228255,0.0,0.0
2023-06-14 11:30:00-04:00,18.6200008392334,18.6299991607666,18.579999923706055,18.594999313354492,182490,0.0,0.0
2023-06-14 12:30:00-04:00,18.594999313354492,18.594999313354492,18.469999313354492,18.479999542236328,182326,0.0,0.0
2023-06-14 13:30:00-04:00,18.485000610351562,18.530000686645508,18.315000534057617,18.354999542236328,245418,0.0,0.0
2023-06-14 14:30:00-04:00,18.350000381469727,18.4950008392334,18.34000015258789,18.424999237060547,265444,0.0,0.0
2023-06-14 15:30:00-04:00,18.424999237060547,18.450000762939453,18.31999969482422,18.350000381469727,383170,0.0,0.0
2023-06-15 09:30:00-04:00,18.170000076293945,18.450000762939453,18.094999313354492,18.434999465942383,348969,0.0,0.0
2023-06-15 10:30:00-04:00,18.438800811767578,18.614999771118164,18.399999618530273,18.614999771118164,204706,0.0,0.0
2023-06-15 11:30:00-04:00,18.614999771118164,18.649999618530273,18.56999969482422,18.625,158528,0.0,0.0
2023-06-15 12:30:00-04:00,18.6299991607666,18.649999618530273,18.573200225830078,18.594999313354492,340155,0.0,0.0
2023-06-15 13:30:00-04:00,18.594999313354492,18.719999313354492,18.584999084472656,18.71500015258789,389920,0.0,0.0
2023-06-15 14:30:00-04:00,18.710899353027344,18.81999969482422,18.709999084472656,18.80500030517578,368499,0.0,0.0
2023-06-15 15:30:00-04:00,18.80500030517578,18.899999618530273,18.78499984741211,18.860000610351562,1089522,0.0,0.0
2023-06-16 09:30:00-04:00,19.040000915527344,19.149999618530273,18.739999771118164,18.885000228881836,877791,0.0,0.0
2023-06-16 10:30:00-04:00,18.8799991607666,18.889999389648438,18.739999771118164,18.80500030517578,223612,0.0,0.0
2023-06-16 11:30:00-04:00,18.80500030517578,18.920000076293945,18.780000686645508,18.915000915527344,234944,0.0,0.0
2023-06-16 12:30:00-04:00,18.915000915527344,18.979999542236328,18.764999389648438,18.764999389648438,279077,0.0,0.0
2023-06-16 13:30:00-04:00,18.770000457763672,18.770000457763672,18.704999923706055,18.71500015258789,188861,0.0,0.0
2023-06-16 14:30:00-04:00,18.71500015258789,18.719999313354492,18.635000228881836,18.635000228881836,267661,0.0,0.0
2023-06-16 15:30:00-04:00,18.635000228881836,18.704999923706055,18.579999923706055,18.635000228881836,1805726,0.0,0.0
2023-06-20 09:30:00-04:00,18.610000610351562,18.790000915527344,18.46500015258789,18.475000381469727,688142,0.0,0.0
2023-06-20 10:30:00-04:00,18.475000381469727,18.510000228881836,18.389999389648438,18.389999389648438,358357,0.0,0.0
2023-06-20 11:30:00-04:00,18.395000457763672,18.635000228881836,18.385000228881836,18.584999084472656,281739,0.0,0.0
2023-06-20 12:30:00-04:00,18.584999084472656,18.68000030517578,18.584999084472656,18.674999237060547,175816,0.0,0.0
2023-06-20 13:30:00-04:00,18.670000076293945,18.725000381469727,18.584999084472656,18.593399047851562,229273,0.0,0.0
2023-06-20 14:30:00-04:00,18.594999313354492,18.6299991607666,18.55500030517578,18.625,281508,0.0,0.0
2023-06-20 15:30:00-04:00,18.625,18.649999618530273,18.545000076293945,18.59000015258789,672001,0.0,0.0
2023-06-21 09:30:00-04:00,18.479999542236328,18.523799896240234,18.360000610351562,18.40999984741211,266616,0.0,0.0
2023-06-21 10:30:00-04:00,18.415000915527344,18.469999313354492,18.325000762939453,18.3700008392334,197894,0.0,0.0
2023-06-21 11:30:00-04:00,18.364999771118164,18.420000076293945,18.315000534057617,18.3700008392334,204526,0.0,0.0
2023-06-21 12:30:00-04:00,18.3799991607666,18.40999984741211,18.25,18.299999237060547,326448,0.0,0.0
2023-06-21 13:30:00-04:00,18.309999465942383,18.360000610351562,18.280000686645508,18.299999237060547,334423,0.0,0.0
2023-06-21 14:30:00-04:00,18.299999237060547,18.309999465942383,18.235000610351562,18.2450008392334,322384,0.0,0.0
2023-06-21 15:30:00-04:00,18.2450008392334,18.360000610351562,18.209999084472656,18.235000610351562,694211,0.0,0.0
2023-06-22 09:30:00-04:00,18.229999542236328,18.260000228881836,17.969999313354492,18.079999923706055,390855,0.0,0.0
2023-06-22 10:30:00-04:00,18.075000762939453,18.165000915527344,18.030000686645508,18.075000762939453,345218,0.0,0.0
2023-06-22 11:30:00-04:00,18.075000762939453,18.1299991607666,18.06999969482422,18.094999313354492,212907,0.0,0.0
2023-06-22 12:30:00-04:00,18.100000381469727,18.100000381469727,17.9950008392334,18.03499984741211,482393,0.0,0.0
2023-06-22 13:30:00-04:00,18.03499984741211,18.075000762939453,18.010000228881836,18.075000762939453,204940,0.0,0.0
2023-06-22 14:30:00-04:00,18.075000762939453,18.09000015258789,17.989999771118164,18.059999465942383,597541,0.0,0.0
2023-06-22 15:30:00-04:00,18.065000534057617,18.100000381469727,18.059999465942383,18.100000381469727,468675,0.0,0.0
2023-06-23 09:30:00-04:00,17.885000228881836,17.9950008392334,17.84000015258789,17.860000610351562,331884,0.0,0.0
2023-06-23 10:30:00-04:00,17.860000610351562,17.90999984741211,17.6200008392334,17.6299991607666,501273,0.0,0.0
2023-06-23 11:30:00-04:00,17.635000228881836,17.815000534057617,17.635000228881836,17.729999542236328,657163,0.0,0.0
2023-06-23 12:30:00-04:00,17.739999771118164,17.78499984741211,17.68000030517578,17.760000228881836,396480,0.0,0.0
2023-06-23 13:30:00-04:00,17.760000228881836,17.774999618530273,17.68000030517578,17.68000030517578,331730,0.0,0.0
2023-06-23 14:30:00-04:00,17.684999465942383,17.709999084472656,17.6299991607666,17.700000762939453,470183,0.0,0.0
2023-06-23 15:30:00-04:00,17.69499969482422,17.739999771118164,17.56999969482422,17.709999084472656,1077685,0.0,0.0
2023-06-26 09:30:00-04:00,17.700000762939453,17.774999618530273,17.6299991607666,17.649999618530273,631796,0.0,0.0
2023-06-26 10:30:00-04:00,17.655000686645508,17.889999389648438,17.600000381469727,17.8700008392334,423400,0.0,0.0
2023-06-26 11:30:00-04:00,17.878000259399414,17.954999923706055,17.8700008392334,17.934999465942383,240383,0.0,0.0
2023-06-26 12:30:00-04:00,17.934999465942383,18.0,17.90999984741211,17.9950008392334,250365,0.0,0.0
2023-06-26 13:30:00-04:00,18.0,18.040000915527344,17.96500015258789,18.024999618530273,326312,0.0,0.0
2023-06-26 14:30:00-04:00,18.024999618530273,18.094999313354492,18.020000457763672,18.075000762939453,484492,0.0,0.0
2023-06-26 15:30:00-04:00,18.075000762939453,18.125,18.040000915527344,18.06999969482422,831456,0.0,0.0
2023-06-27 09:30:00-04:00,18.059999465942383,18.260000228881836,18.020000457763672,18.204999923706055,409954,0.0,0.0
2023-06-27 10:30:00-04:00,18.204999923706055,18.360000610351562,18.200000762939453,18.31999969482422,262502,0.0,0.0
2023-06-27 11:30:00-04:00,18.315000534057617,18.395000457763672,18.28499984741211,18.395000457763672,163400,0.0,0.0
2023-06-27 12:30:00-04:00,18.395000457763672,18.475000381469727,18.39150047302246,18.46500015258789,157520,0.0,0.0
2023-06-27 13:30:00-04:00,18.46500015258789,18.56999969482422,18.46500015258789,18.524999618530273,237547,0.0,0.0
2023-06-27 14:30:00-04:00,18.524999618530273,18.545000076293945,18.469999313354492,18.545000076293945,222706,0.0,0.0
2023-06-27 15:30:00-04:00,18.540000915527344,18.549999237060547,18.450000762939453,18.454999923706055,479572,0.0,0.0
2023-06-28 09:30:00-04:00,18.350000381469727,18.395000457763672,18.239999771118164,18.295000076293945,250058,0.0,0.0
2023-06-28 10:30:00-04:00,18.295000076293945,18.434999465942383,18.280899047851562,18.315000534057617,253526,0.0,0.0
2023-06-28 11:30:00-04:00,18.315000534057617,18.3799991607666,18.295000076293945,18.322500228881836,171694,0.0,0.0
2023-06-28 12:30:00-04:00,18.31999969482422,18.34000015258789,18.219999313354492,18.264999389648438,187184,0.0,0.0
2023-06-28 13:30:00-04:00,18.270000457763672,18.295000076293945,18.200000762939453,18.225000381469727,217821,0.0,0.0
2023-06-28 14:30:00-04:00,18.225000381469727,18.309999465942383,18.204999923706055,18.280000686645508,405180,0.0,0.0
2023-06-28 15:30:00-04:00,18.280000686645508,18.31999969482422,18.229999542236328,18.274999618530273,745796,0.0,0.0
2023-06-29 09:30:00-04:00,18.25,18.375,18.18000030517578,18.325000762939453,233621,0.0,0.0
2023-06-29 10:30:00-04:00,18.325000762939453,18.354999542236328,18.270000457763672,18.308300018310547,168430,0.0,0.0
2023-06-29 11:30:00-04:00,18.30500030517578,18.405000686645508,18.270000457763672,18.389999389648438,151979,0.0,0.0
2023-06-29 12:30:00-04:00,18.395000457763672,18.43000030517578,18.354999542236328,18.395000457763672,127739,0.0,0.0
2023-06-29 13:30:00-04:00,18.399999618530273,18.420000076293945,18.344600677490234,18.360000610351562,131726,0.0,0.0
2023-06-29 14:30:00-04:00,18.354999542236328,18.40999984741211,18.329999923706055,18.395000457763672,180573,0.0,0.0
2023-06-29 15:30:00-04:00,18.395000457763672,18.440000534057617,18.329999923706055,18.43000030517578,620233,0.0,0.0
2023-06-30 09:30:00-04:00,18.610000610351562,18.6299991607666,18.40999984741211,18.514999389648438,307415,0.0,0.0
2023-06-30 10:30:00-04:00,18.514999389648438,18.56999969482422,18.420000076293945,18.530000686645508,176169,0.0,0.0
2023-06-30 11:30:00-04:00,18.530000686645508,18.559999465942383,18.510000228881836,18.55500030517578,124768,0.0,0.0
2023-06-30 12:30:00-04:00,18.55500030517578,18.59000015258789,18.549999237060547,18.579999923706055,136541,0.0,0.0
2023-06-30 13:30:00-04:00,18.575000762939453,18.670000076293945,18.559999465942383,18.600000381469727,233075,0.0,0.0
2023-06-30 14:30:00-04:00,18.594999313354492,18.6299991607666,18.559999465942383,18.610000610351562,217303,0.0,0.0
2023-06-30 15:30:00-04:00,18.604999542236328,18.610000610351562,18.549999237060547,18.549999237060547,378454,0.0,0.0
2023-07-03 09:30:00-04:00,18.479999542236328,18.559999465942383,18.3700008392334,18.53499984741211,464514,0.0,0.0
2023-07-03 10:30:00-04:00,18.53499984741211,18.6299991607666,18.459999084472656,18.46500015258789,435436,0.0,0.0
2023-07-03 11:30:00-04:00,18.46500015258789,18.56999969482422,18.440000534057617,18.549999237060547,259326,0.0,0.0
2023-07-05 09:30:00-04:00,18.280000686645508,18.299999237060547,18.084999084472656,18.125,394253,0.0,0.0
2023-07-05 10:30:00-04:00,18.125,18.19499969482422,18.075000762939453,18.19499969482422,370942,0.0,0.0
2023-07-05 11:30:00-04:00,18.19499969482422,18.219999313354492,18.110000610351562,18.112499237060547,256086,0.0,0.0
2023-07-05 12:30:00-04:00,18.114999771118164,18.18000030517578,18.06999969482422,18.15999984741211,303633,0.0,0.0
2023-07-05 13:30:00-04:00,18.15999984741211,18.190000534057617,18.049999237060547,18.075000762939453,285271,0.0,0.0
2023-07-05 14:30:00-04:00,18.075000762939453,18.139999389648438,18.059999465942383,18.06999969482422,302148,0.0,0.0
2023-07-05 15:30:00-04:00,18.075000762939453,18.079999923706055,17.989999771118164,18.045000076293945,914339,0.0,0.0
2023-07-06 09:30:00-04:00,17.790000915527344,17.96500015258789,17.7450008392334,17.80500030517578,759987,0.0,0.0
2023-07-06 10:30:00-04:00,17.80500030517578,17.875,17.75,17.78499984741211,424597,0.0,0.0
2023-07-06 11:30:00-04:00,17.78499984741211,17.905000686645508,17.764999389648438,17.885000228881836,570624,0.0,0.0
2023-07-06 12:30:00-04:00,17.885000228881836,17.924999237060547,17.8700008392334,17.895000457763672,173206,0.0,0.0
2023-07-06 13:30:00-04:00,17.889999389648438,17.90999984741211,17.864999771118164,17.864999771118164,213103,0.0,0.0
2023-07-06 14:30:00-04:00,17.8700008392334,17.940000534057617,17.860000610351562,17.940000534057617,234883,0.0,0.0
2023-07-06 15:30:00-04:00,17.934999465942383,17.954999923706055,17.90999984741211,17.920000076293945,489205,0.0,0.0
2023-07-07 09:30:00-04:00,17.84000015258789,18.049999237060547,17.84000015258789,18.030000686645508,380170,0.0,0.0
2023-07-07 10:30:00-04:00,18.024999618530273,18.125,18.0049991607666,18.1200008392334,378979,0.0,0.0
2023-07-07 11:30:00-04:00,18.1200008392334,18.170000076293945,18.065000534057617,18.092899322509766,317818,0.0,0.0
2023-07-07 12:30:00-04:00,18.100000381469727,18.18000030517578,18.099199295043945,18.149999618530273,315614,0.0,0.0
2023-07-07 13:30:00-04:00,18.155000686645508,18.21500015258789,18.114999771118164,18.204999923706055,485329,0.0,0.0
2023-07-07 14:30:00-04:00,18.204999923706055,18.209999084472656,18.15999984741211,18.17180061340332,316094,0.0,0.0
2023-07-07 15:30:00-04:00,18.170000076293945,18.18000030517578,18.049999237060547,18.079999923706055,1121987,0.0,0.0
2023-07-10 09:30:00-04:00,17.979999542236328,18.3700008392334,17.979999542236328,18.329999923706055,451347,0.0,0.0
2023-07-10 10:30:00-04:00,18.334999084472656,18.34000015258789,18.21500015258789,18.329999923706055,352171,0.0,0.0
2023-07-10 11:30:00-04:00,18.329999923706055,18.440000534057617,18.306699752807617,18.364999771118164,445862,0.0,0.0
2023-07-10 12:30:00-04:00,18.3700008392334,18.3700008392334,18.290000915527344,18.30500030517578,311883,0.0,0.0
2023-07-10 13:30:00-04:00,18.309999465942383,18.434999465942383,18.309999465942383,18.415000915527344,417185,0.0,0.0
2023-07-10 14:30:00-04:00,18.415000915527344,18.43000030517578,18.350000381469727,18.354999542236328,607528,0.0,0.0
2023-07-10 15:30:00-04:00,18.354999542236328,18.3799991607666,18.31999969482422,18.3700008392334,1041212,0.0,0.0
2023-07-11 09:30:00-04:00,18.40999984741211,18.600000381469727,18.360000610351562,18.56999969482422,309391,0.0,0.0
2023-07-11 10:30:00-04:00,18.559999465942383,18.655000686645508,18.514999389648438,18.600000381469727,437073,0.0,0.0
2023-07-11 11:30:00-04:00,18.604999542236328,18.709999084472656,18.604999542236328,18.670000076293945,228811,0.0,0.0
2023-07-11 12:30:00-04:00,18.665000915527344,18.700000762939453,18.645000457763672,18.69499969482422,194333,0.0,0.0
2023-07-11 13:30:00-04:00,18.690000534057617,18.727500915527344,18.683900833129883,18.704999923706055,183622,0.0,0.0
2023-07-11 14:30:00-04:00,18.709999084472656,18.719999313354492,18.684999465942383,18.704999923706055,214353,0.0,0.0
2023-07-11 15:30:00-04:00,18.709999084472656,18.780000686645508,18.690000534057617,18.75,601272,0.0,0.0
2023-07-12 09:30:00-04:00,19.0,19.06999969482422,18.809999465942383,18.885000228881836,286691,0.0,0.0
2023-07-12 10:30:00-04:00,18.885000228881836,18.93000030517578,18.81999969482422,18.899999618530273,262474,0.0,0.0
2023-07-12 11:30:00-04:00,18.889999389648438,18.895000457763672,18.735000610351562,18.795000076293945,203360,0.0,0.0
2023-07-12 12:30:00-04:00,18.795000076293945,18.875,18.78499984741211,18.844999313354492,285622,0.0,0.0
2023-07-12 13:30:00-04:00,18.844999313354492,18.860000610351562,18.81999969482422,18.854999542236328,153099,0.0,0.0
2023-07-12 14:30:00-04:00,18.85099983215332,18.8700008392334,18.770000457763672,18.774999618530273,258907,0.0,0.0
2023-07-12 15:30:00-04:00,18.780000686645508,18.8700008392334,18.780000686645508,18.84000015258789,669882,0.0,0.0
2023-07-13 09:30:00-04:00,18.950000762939453,19.15999984741211,18.90999984741211,19.15999984741211,224143,0.0,0.0
2023-07-13 10:30:00-04:00,19.159000396728516,19.209999084472656,19.09000015258789,19.15999984741211,278053,0.0,0.0
2023-07-13 11:30:00-04:00,19.15999984741211,19.225000381469727,19.145000457763672,19.19499969482422,178161,0.0,0.0
2023-07-13 12:30:00-04:00,19.190000534057617,19.235000610351562,19.180099487304688,19.229999542236328,164130,0.0,0.0
2023-07-13 13:30:00-04:00,19.229999542236328,19.235000610351562,19.15999984741211,19.225000381469727,174605,0.0,0.0
2023-07-13 14:30:00-04:00,19.225000381469727,19.229999542236328,19.18000030517578,19.204999923706055,219250,0.0,0.0
2023-07-13 15:30:00-04:00,19.204999923706055,19.239999771118164,19.170000076293945,19.200000762939453,472340,0.0,0.0
2023-07-14 09:30:00-04:00,19.18000030517578,19.18000030517578,18.950000762939453,18.950000762939453,231760,0.0,0.0
2023-07-14 10:30:00-04:00,18.954999923706055,19.014999389648438,18.864999771118164,18.96500015258789,285962,0.0,0.0
2023-07-14 11:30:00-04:00,18.96500015258789,19.0,18.94499969482422,18.9950008392334,192579,0.0,0.0
2023-07-14 12:30:00-04:00,18.989999771118164,19.049999237060547,18.969999313354492,19.014999389648438,237086,0.0,0.0
2023-07-14 13:30:00-04:00,19.014999389648438,19.049999237060547,18.9950008392334,19.024999618530273,178338,0.0,0.0
2023-07-14 14:30:00-04:00,19.024999618530273,19.045000076293945,18.969999313354492,19.0049991607666,242628,0.0,0.0
2023-07-14 15:30:00-04:00,19.0049991607666,19.020000457763672,18.959999084472656,19.010000228881836,604691,0.0,0.0
2023-07-17 09:30:00-04:00,18.940000534057617,19.010000228881836,18.860000610351562,18.90999984741211,228951,0.0,0.0
2023-07-17 10:30:00-04:00,18.915000915527344,18.915000915527344,18.78499984741211,18.850000381469727,232686,0.0,0.0
2023-07-17 11:30:00-04:00,18.844999313354492,18.950000762939453,18.825000762939453,18.934999465942383,163802,0.0,0.0
2023-07-17 12:30:00-04:00,18.934999465942383,18.950000762939453,18.850000381469727,18.875,159288,0.0,0.0
2023-07-17 13:30:00-04:00,18.875,18.895000457763672,18.84000015258789,18.875,118183,0.0,0.0
2023-07-17 14:30:00-04:00,18.875,18.959999084472656,18.850000381469727,18.954999923706055,336545,0.0,0.0
2023-07-17 15:30:00-04:00,18.954999923706055,18.959999084472656,18.8700008392334,18.8700008392334,572704,0.0,0.0
2023-07-18 09:30:00-04:00,18.8799991607666,19.139999389648438,18.850000381469727,19.114999771118164,252557,0.0,0.0
2023-07-18 10:30:00-04:00,19.110000610351562,19.165000915527344,19.075000762939453,19.135000228881836,183327,0.0,0.0
2023-07-18 11:30:00-04:00,19.135000228881836,19.155000686645508,19.104999542236328,19.135000228881836,228330,0.0,0.0
2023-07-18 12:30:00-04:00,19.139999389648438,19.18000030517578,19.100000381469727,19.149999618530273,148212,0.0,0.0
2023-07-18 13:30:00-04:00,19.149999618530273,19.149999618530273,19.100000381469727,19.125,125385,0.0,0.0
2023-07-18 14:30:00-04:00,19.1299991607666,19.219999313354492,19.114999771118164,19.204999923706055,238961,0.0,0.0
2023-07-18 15:30:00-04:00,19.204999923706055,19.229999542236328,19.190000534057617,19.219999313354492,401303,0.0,0.0
2023-07-19 09:30:00-04:00,19.329999923706055,19.549999237060547,19.329999923706055,19.450000762939453,368984,0.0,0.0
2023-07-19 10:30:00-04:00,19.44499969482422,19.454999923706055,19.28499984741211,19.334999084472656,256205,0.0,0.0
2023-07-19 11:30:00-04:00,19.34000015258789,19.389999389648438,19.295000076293945,19.30500030517578,207805,0.0,0.0
2023-07-19 12:30:00-04:00,19.299999237060547,19.299999237060547,19.22010040283203,19.295000076293945,210580,0.0,0.0
2023-07-19 13:30:00-04:00,19.290000915527344,19.31999969482422,19.280000686645508,19.30500030517578,269402,0.0,0.0
2023-07-19 14:30:00-04:00,19.30500030517578,19.3799991607666,19.30500030517578,19.36400032043457,272514,0.0,0.0
2023-07-19 15:30:00-04:00,19.364999771118164,19.364999771118164,19.295000076293945,19.325000762939453,501455,0.0,0.0
2023-07-20 09:30:00-04:00,19.239999771118164,19.299999237060547,19.03499984741211,19.065000534057617,477227,0.0,0.0
2023-07-20 10:30:00-04:00,19.065000534057617,19.100000381469727,19.030000686645508,19.049999237060547,168350,0.0,0.0
2023-07-20 11:30:00-04:00,19.050199508666992,19.084999084472656,19.030000686645508,19.079999923706055,136047,0.0,0.0
2023-07-20 12:30:00-04:00,19.079999923706055,19.079999923706055,19.030000686645508,19.065000534057617,127386,0.0,0.0
2023-07-20 13:30:00-04:00,19.059999465942383,19.059999465942383,18.989999771118164,18.989999771118164,252463,0.0,0.0
2023-07-20 14:30:00-04:00,18.989999771118164,19.059999465942383,18.989999771118164,19.014999389648438,244817,0.0,0.0
2023-07-20 15:30:00-04:00,19.020000457763672,19.110000610351562,19.020000457763672,19.110000610351562,521350,0.0,0.0
2023-07-21 09:30:00-04:00,19.209999084472656,19.2810001373291,19.059999465942383,19.1299991607666,225416,0.0,0.0
2023-07-21 10:30:00-04:00,19.135000228881836,19.2450008392334,19.110000610351562,19.21500015258789,167434,0.0,0.0
2023-07-21 11:30:00-04:00,19.216800689697266,19.290000915527344,19.209999084472656,19.219999313354492,142604,0.0,0.0
2023-07-21 12:30:00-04:00,19.209999084472656,19.247499465942383,19.190000534057617,19.21500015258789,115202,0.0,0.0
2023-07-21 13:30:00-04:00,19.218799591064453,19.360000610351562,19.209999084472656,19.34000015258789,340839,0.0,0.0
2023-07-21 14:30:00-04:00,19.344999313354492,19.357500076293945,19.291500091552734,19.315000534057617,255554,0.0,0.0
2023-07-21 15:30:00-04:00,19.31999969482422,19.34000015258789,19.25,19.260000228881836,681598,0.0,0.0
2023-07-24 09:30:00-04:00,19.31999969482422,19.40999984741211,19.25,19.271400451660156,333726,0.0,0.0
2023-07-24 10:30:00-04:00,19.27079963684082,19.440000534057617,19.264999389648438,19.440000534057617,204102,0.0,0.0
2023-07-24 11:30:00-04:00,19.440000534057617,19.440000534057617,19.295000076293945,19.31999969482422,155694,0.0,0.0
2023-07-24 12:30:00-04:00,19.310699462890625,19.378599166870117,19.309999465942383,19.354999542236328,147008,0.0,0.0
2023-07-24 13:30:00-04:00,19.350000381469727,19.389999389648438,19.34000015258789,19.350000381469727,162709,0.0,0.0
2023-07-24 14:30:00-04:00,19.354999542236328,19.3700008392334,19.2450008392334,19.2450008392334,250260,0.0,0.0
2023-07-24 15:30:00-04:00,19.2450008392334,19.309999465942383,19.235000610351562,19.30500030517578,414588,0.0,0.0
2023-07-25 09:30:00-04:00,19.280000686645508,19.399999618530273,19.209999084472656,19.235000610351562,221154,0.0,0.0
2023-07-25 10:30:00-04:00,19.229999542236328,19.399999618530273,19.229999542236328,19.395000457763672,291373,0.0,0.0
2023-07-25 11:30:00-04:00,19.395000457763672,19.450000762939453,19.371599197387695,19.40999984741211,211023,0.0,0.0
2023-07-25 12:30:00-04:00,19.407899856567383,19.520000457763672,19.407899856567383,19.5,183781,0.0,0.0
2023-07-25 13:30:00-04:00,19.5,19.53499984741211,19.479999542236328,19.530000686645508,359473,0.0,0.0
2023-07-25 14:30:00-04:00,19.53499984741211,19.579999923706055,19.4950008392334,19.53499984741211,308653,0.0,0.0
2023-07-25 15:30:00-04:00,19.53499984741211,19.6200008392334,19.530000686645508,19.604999542236328,942868,0.0,0.0
2023-07-26 09:30:00-04:00,19.600000381469727,19.780000686645508,19.540000915527344,19.71500015258789,427938,0.0,0.0
2023-07-26 10:30:00-04:00,19.71500015258789,19.735000610351562,19.6299991607666,19.684999465942383,466264,0.0,0.0
2023-07-26 11:30:00-04:00,19.684999465942383,19.7549991607666,19.68000030517578,19.7549991607666,202020,0.0,0.0
2023-07-26 12:30:00-04:00,19.7549991607666,19.760000228881836,19.670000076293945,19.719999313354492,285785,0.0,0.0
2023-07-26 13:30:00-04:00,19.71500015258789,19.7549991607666,19.68000030517578,19.69499969482422,218671,0.0,0.0
2023-07-26 14:30:00-04:00,19.69499969482422,19.78499984741211,19.655000686645508,19.700000762939453,345244,0.0,0.0
2023-07-26 15:30:00-04:00,19.69499969482422,19.760000228881836,19.68000030517578,19.75,738383,0.0,0.0
2023-07-27 09:30:00-04:00,19.899999618530273,19.899999618530273,19.69499969482422,19.780000686645508,981091,0.0,0.0
2023-07-27 10:30:00-04:00,19.790000915527344,19.815000534057617,19.709999084472656,19.712900161743164,281519,0.0,0.0
2023-07-27 11:30:00-04:00,19.71500015258789,19.7450008392334,19.670000076293945,19.69499969482422,268867,0.0,0.0
2023-07-27 12:30:00-04:00,19.700000762939453,19.71500015258789,19.59000015258789,19.61280059814453,325592,0.0,0.0
2023-07-27 13:30:00-04:00,19.6200008392334,19.6200008392334,19.5,19.514999389648438,309443,0.0,0.0
2023-07-27 14:30:00-04:00,19.520000457763672,19.600000381469727,19.5,19.559999465942383,463423,0.0,0.0
2023-07-27 15:30:00-04:00,19.549999237060547,19.575000762939453,19.399999618530273,19.5,677227,0.0,0.0
2023-07-28 09:30:00-04:00,19.81999969482422,19.81999969482422,19.56999969482422,19.579999923706055,450024,0.0,0.0
2023-07-28 10:30:00-04:00,19.579999923706055,19.600000381469727,19.5,19.53499984741211,224029,0.0,0.0
2023-07-28 11:30:00-04:00,19.540000915527344,19.604999542236328,19.520000457763672,19.584999084472656,173194,0.0,0.0
2023-07-28 12:30:00-04:00,19.58989906311035,19.614999771118164,19.520000457763672,19.540000915527344,185613,0.0,0.0
2023-07-28 13:30:00-04:00,19.540000915527344,19.579999923706055,19.440000534057617,19.579999923706055,267822,0.0,0.0
2023-07-28 14:30:00-04:00,19.579999923706055,19.579999923706055,19.485000610351562,19.489999771118164,319794,0.0,0.0
2023-07-28 15:30:00-04:00,19.485000610351562,19.510000228881836,19.459999084472656,19.489999771118164,612930,0.0,0.0
2023-07-31 09:30:00-04:00,19.459999084472656,19.69499969482422,19.40999984741211,19.645000457763672,242518,0.0,0.0
2023-07-31 10:30:00-04:00,19.649999618530273,19.655000686645508,19.46500015258789,19.514999389648438,189958,0.0,0.0
2023-07-31 11:30:00-04:00,19.520000457763672,19.520000457763672,19.40999984741211,19.44499969482422,211984,0.0,0.0
2023-07-31 12:30:00-04:00,19.44499969482422,19.454999923706055,19.354999542236328,19.405000686645508,253736,0.0,0.0
2023-07-31 13:30:00-04:00,19.405000686645508,19.459999084472656,19.399999618530273,19.424999237060547,211087,0.0,0.0
2023-07-31 14:30:00-04:00,19.424999237060547,19.46500015258789,19.420000076293945,19.450000762939453,199234,0.0,0.0
2023-07-31 15:30:00-04:00,19.454999923706055,19.459999084472656,19.3700008392334,19.454999923706055,979356,0.0,0.0
2023-08-01 09:30:00-04:00,19.399999618530273,19.450000762939453,19.200000762939453,19.325000762939453,289202,0.0,0.0
2023-08-01 10:30:00-04:00,19.31999969482422,19.420000076293945,19.270000457763672,19.385000228881836,255185,0.0,0.0
2023-08-01 11:30:00-04:00,19.389999389648438,19.389999389648438,19.219999313354492,19.219999313354492,322109,0.0,0.0
2023-08-01 12:30:00-04:00,19.219999313354492,19.309999465942383,19.209999084472656,19.239999771118164,384993,0.0,0.0
2023-08-01 13:30:00-04:00,19.239999771118164,19.34000015258789,19.229999542236328,19.295000076293945,406894,0.0,0.0
2023-08-01 14:30:00-04:00,19.295000076293945,19.389999389648438,19.280000686645508,19.34000015258789,272427,0.0,0.0
2023-08-01 15:30:00-04:00,19.34000015258789,19.3700008392334,19.290000915527344,19.30500030517578,774518,0.0,0.0
2023-08-02 09:30:00-04:00,19.040000915527344,19.06999969482422,18.840099334716797,18.941099166870117,403909,0.0,0.0
2023-08-02 10:30:00-04:00,18.949899673461914,18.949899673461914,18.670000076293945,18.799999237060547,498985,0.0,0.0
2023-08-02 11:30:00-04:00,18.799999237060547,18.854999542236328,18.719999313354492,18.809999465942383,360654,0.0,0.0
2023-08-02 12:30:00-04:00,18.815099716186523,18.8700008392334,18.790000915527344,18.815000534057617,237227,0.0,0.0
2023-08-02 13:30:00-04:00,18.81999969482422,18.854999542236328,18.790000915527344,18.815000534057617,231616,0.0,0.0
2023-08-02 14:30:00-04:00,18.815000534057617,18.825000762939453,18.709999084472656,18.725000381469727,290961,0.0,0.0
2023-08-02 15:30:00-04:00,18.725000381469727,18.770000457763672,18.709999084472656,18.7549991607666,785668,0.0,0.0
2023-08-03 09:30:00-04:00,18.780000686645508,18.780000686645508,18.510000228881836,18.610000610351562,422593,0.0,0.0
2023-08-03 10:30:00-04:00,18.610000610351562,18.65999984741211,18.545000076293945,18.59000015258789,574425,0.0,0.0
2023-08-03 11:30:00-04:00,18.59000015258789,18.725000381469727,18.56999969482422,18.674999237060547,348265,0.0,0.0
2023-08-03 12:30:00-04:00,18.674999237060547,18.809999465942383,18.674999237060547,18.78499984741211,286931,0.0,0.0
2023-08-03 13:30:00-04:00,18.78499984741211,18.80500030517578,18.719999313354492,18.7549991607666,304421,0.0,0.0
2023-08-03 14:30:00-04:00,18.7549991607666,18.7549991607666,18.600000381469727,18.635000228881836,905241,0.0,0.0
2023-08-03 15:30:00-04:00,18.635000228881836,18.670000076293945,18.579999923706055,18.594999313354492,1439504,0.0,0.0
2023-08-04 09:30:00-04:00,18.93000030517578,20.1200008392334,18.782499313354492,20.09000015258789,1309597,0.0,0.0
2023-08-04 10:30:00-04:00,20.09000015258789,20.239999771118164,19.774999618530273,20.024999618530273,845078,0.0,0.0
2023-08-04 11:30:00-04:00,20.020999908447266,20.344999313354492,19.989999771118164,20.321300506591797,570220,0.0,0.0
2023-08-04 12:30:00-04:00,20.325000762939453,20.45989990234375,20.25,20.274999618530273,524388,0.0,0.0
2023-08-04 13:30:00-04:00,20.280000686645508,20.395000457763672,20.270000457763672,20.360000610351562,504388,0.0,0.0
2023-08-04 14:30:00-04:00,20.360000610351562,20.405000686645508,20.110000610351562,20.114999771118164,829119,0.0,0.0
2023-08-04 15:30:00-04:00,20.11199951171875,20.1299991607666,20.020000457763672,20.110000610351562,1359993,0.0,0.0
2023-08-07 09:30:00-04:00,20.229999542236328,20.770000457763672,20.229999542236328,20.770000457763672,1317939,0.0,0.0
2023-08-07 10:30:00-04:00,20.770000457763672,20.969999313354492,20.725000381469727,20.954999923706055,959835,0.0,0.0
2023-08-07 11:30:00-04:00,20.950000762939453,21.010000228881836,20.829999923706055,20.96500015258789,1135657,0.0,0.0
2023-08-07 12:30:00-04:00,20.96500015258789,21.065000534057617,20.959999084472656,21.05500030517578,455267,0.0,0.0
2023-08-07 13:30:00-04:00,21.059999465942383,21.149999618530273,20.979999542236328,21.030000686645508,658703,0.0,0.0
2023-08-07 14:30:00-04:00,21.020000457763672,21.1299991607666,20.989999771118164,21.079999923706055,673653,0.0,0.0
2023-08-07 15:30:00-04:00,21.079999923706055,21.149999618530273,21.059999465942383,21.139999389648438,1434279,0.0,0.0
2023-08-08 09:30:00-04:00,20.799999237060547,20.915000915527344,20.530000686645508,20.665000915527344,1217622,0.0,0.0
2023-08-08 10:30:00-04:00,20.665000915527344,20.665000915527344,20.315000534057617,20.44499969482422,1033928,0.0,0.0
2023-08-08 11:30:00-04:00,20.440000534057617,20.440000534057617,20.149999618530273,20.15999984741211,644737,0.0,0.0
2023-08-08 12:30:00-04:00,20.149999618530273,20.3799991607666,20.094999313354492,20.21500015258789,721351,0.0,0.0
2023-08-08 13:30:00-04:00,20.219999313354492,20.295000076293945,20.174999237060547,20.28499984741211,669591,0.0,0.0
2023-08-08 14:30:00-04:00,20.28499984741211,20.329999923706055,20.139999389648438,20.19499969482422,935175,0.0,0.0
2023-08-08 15:30:00-04:00,20.19499969482422,20.30500030517578,20.170000076293945,20.260000228881836,1363390,0.0,0.0
2023-08-09 09:30:00-04:00,20.34000015258789,20.81999969482422,20.299999237060547,20.684999465942383,757272,0.0,0.0
2023-08-09 10:30:00-04:00,20.68000030517578,20.700000762939453,20.559999465942383,20.584999084472656,512988,0.0,0.0
2023-08-09 11:30:00-04:00,20.584999084472656,20.674999237060547,20.55500030517578,20.594999313354492,425147,0.0,0.0
2023-08-09 12:30:00-04:00,20.594999313354492,20.795000076293945,20.59000015258789,20.770000457763672,335144,0.0,0.0
2023-08-09 13:30:00-04:00,20.762500762939453,21.049999237060547,20.762500762939453,21.03499984741211,646890,0.0,0.0
2023-08-09 14:30:00-04:00,21.040000915527344,21.079999923706055,20.8700008392334,20.895000457763672,676787,0.0,0.0
2023-08-09 15:30:00-04:00,20.895000457763672,20.90999984741211,20.795000076293945,20.854999542236328,898698,0.0,0.0
2023-08-10 09:30:00-04:00,21.049999237060547,21.1200008392334,20.829999923706055,20.905000686645508,642687,0.0,0.0
2023-08-10 10:30:00-04:00,20.899999618530273,20.954999923706055,20.75,20.81999969482422,412676,0.0,0.0
2023-08-10 11:30:00-04:00,20.829999923706055,20.850000381469727,20.719999313354492,20.786100387573242,219672,0.0,0.0
2023-08-10 12:30:00-04:00,20.780000686645508,20.844999313354492,20.710100173950195,20.719999313354492,204298,0.0,0.0
2023-08-10 13:30:00-04:00,20.719999313354492,20.790000915527344,20.665000915527344,20.780000686645508,240015,0.0,0.0
2023-08-10 14:30:00-04:00,20.78499984741211,20.84000015258789,20.7450008392334,20.795000076293945,323128,0.0,0.0
2023-08-10 15:30:00-04:00,20.795000076293945,20.795000076293945,20.71500015258789,20.739999771118164,615425,0.0,0.0
2023-08-11 09:30:00-04:00,20.65999984741211,20.78499984741211,20.614999771118164,20.7450008392334,283677,0.0,0.0
2023-08-11 10:30:00-04:00,20.75,20.790000915527344,20.700000762939453,20.7549991607666,205011,0.0,0.0
2023-08-11 11:30:00-04:00,20.7549991607666,20.799999237060547,20.700000762939453,20.739999771118164,238790,0.0,0.0
2023-08-11 12:30:00-04:00,20.735000610351562,20.809999465942383,20.69499969482422,20.80500030517578,169853,0.0,0.0
2023-08-11 13:30:00-04:00,20.80500030517578,20.90999984741211,20.799999237060547,20.881799697875977,356870,0.0,0.0
2023-08-11 14:30:00-04:00,20.884000778198242,20.895000457763672,20.84000015258789,20.885000228881836,223172,0.0,0.0
2023-08-11 15:30:00-04:00,20.885000228881836,20.920000076293945,20.84000015258789,20.8700008392334,516101,0.0,0.0
2023-08-14 09:30:00-04:00,20.8700008392334,20.93000030517578,20.700000762939453,20.93000030517578,255680,0.0,0.0
2023-08-14 10:30:00-04:00,20.924999237060547,21.040000915527344,20.864999771118164,20.985000610351562,221981,0.0,0.0
2023-08-14 11:30:00-04:00,20.985000610351562,21.049699783325195,20.969999313354492,21.041900634765625,213119,0.0,0.0
2023-08-14 12:30:00-04:00,21.040000915527344,21.05500030517578,21.0,21.05500030517578,196948,0.0,0.0
2023-08-14 13:30:00-04:00,21.05500030517578,21.100000381469727,20.950000762939453,20.969999313354492,336771,0.0,0.0
2023-08-14 14:30:00-04:00,20.969999313354492,21.020000457763672,20.959999084472656,21.014999389648438,161344,0.0,0.0
2023-08-14 15:30:00-04:00,21.014999389648438,21.079999923706055,20.989999771118164,21.059999465942383,677100,0.0,0.0
2023-08-15 09:30:00-04:00,20.93000030517578,20.979999542236328,20.75,20.774999618530273,402367,0.0,0.0
2023-08-15 10:30:00-04:00,20.780000686645508,20.860000610351562,20.75,20.834999084472656,242651,0.0,0.0
2023-08-15 11:30:00-04:00,20.834999084472656,20.854999542236328,20.75,20.773000717163086,176480,0.0,0.0
2023-08-15 12:30:00-04:00,20.774999618530273,20.790000915527344,20.725000381469727,20.78499984741211,125160,0.0,0.0
2023-08-15 13:30:00-04:00,20.790000915527344,20.834999084472656,20.729999542236328,20.760000228881836,184778,0.0,0.0
2023-08-15 14:30:00-04:00,20.760000228881836,20.8799991607666,20.7549991607666,20.795000076293945,262970,0.0,0.0
2023-08-15 15:30:00-04:00,20.790000915527344,20.81999969482422,20.764999389648438,20.799999237060547,610964,0.0,0.0
2023-08-16 09:30:00-04:00,20.65999984741211,20.760000228881836,20.565000534057617,20.594999313354492,284750,0.0,0.0
2023-08-16 10:30:00-04:00,20.590999603271484,20.719999313354492,20.540000915527344,20.709999084472656,311740,0.0,0.0
2023-08-16 11:30:00-04:00,20.700000762939453,20.739999771118164,20.68000030517578,20.69499969482422,211218,0.0,0.0
2023-08-16 12:30:00-04:00,20.69499969482422,20.709999084472656,20.530000686645508,20.53499984741211,183185,0.0,0.0
2023-08-16 13:30:00-04:00,20.53499984741211,20.69499969482422,20.53499984741211,20.670000076293945,226812,0.0,0.0
2023-08-16 14:30:00-04:00,20.670000076293945,20.674999237060547,20.510000228881836,20.524999618530273,234733,0.0,0.0
2023-08-16 15:30:00-04:00,20.524999618530273,20.55500030517578,20.469999313354492,20.479999542236328,770805,0.0,0.0
2023-08-17 09:30:00-04:00,20.540000915527344,20.68000030517578,20.395000457763672,20.43000030517578,771745,0.0,0.0
2023-08-17 10:30:00-04:00,20.434999465942383,20.434999465942383,20.270000457763672,20.30500030517578,388527,0.0,0.0
2023-08-17 11:30:00-04:00,20.30500030517578,20.420000076293945,20.295000076293945,20.415000915527344,414712,0.0,0.0
2023-08-17 12:30:00-04:00,20.415000915527344,20.43000030517578,20.31999969482422,20.34000015258789,254674,0.0,0.0
2023-08-17 13:30:00-04:00,20.350000381469727,20.385000228881836,20.274999618530273,20.314899444580078,236510,0.0,0.0
2023-08-17 14:30:00-04:00,20.309999465942383,20.309999465942383,20.149999618530273,20.2450008392334,361922,0.0,0.0
2023-08-17 15:30:00-04:00,20.25,20.260000228881836,20.149999618530273,20.165000915527344,708688,0.0,0.0
2023-08-18 09:30:00-04:00,19.75,20.19499969482422,19.670000076293945,20.165000915527344,389585,0.0,0.0
2023-08-18 10:30:00-04:00,20.170000076293945,20.364999771118164,20.15999984741211,20.364999771118164,282104,0.0,0.0
2023-08-18 11:30:00-04:00,20.360000610351562,20.399999618530273,20.309999465942383,20.344999313354492,204205,0.0,0.0
2023-08-18 12:30:00-04:00,20.344999313354492,20.385000228881836,20.31999969482422,20.350000381469727,186429,0.0,0.0
2023-08-18 13:30:00-04:00,20.344999313354492,20.46500015258789,20.290000915527344,20.444299697875977,418160,0.0,0.0
2023-08-18 14:30:00-04:00,20.44499969482422,20.469999313354492,20.3700008392334,20.40999984741211,234654,0.0,0.0
2023-08-18 15:30:00-04:00,20.405000686645508,20.43000030517578,20.350000381469727,20.389999389648438,432059,0.0,0.0
2023-08-21 09:30:00-04:00,20.40999984741211,20.610000610351562,20.360000610351562,20.584999084472656,365597,0.0,0.0
2023-08-21 10:30:00-04:00,20.579999923706055,20.690000534057617,20.559999465942383,20.6299991607666,322086,0.0,0.0
2023-08-21 11:30:00-04:00,20.625,20.649999618530273,20.514999389648438,20.61989974975586,238494,0.0,0.0
2023-08-21 12:30:00-04:00,20.6200008392334,20.690000534057617,20.594999313354492,20.68000030517578,207197,0.0,0.0
2023-08-21 13:30:00-04:00,20.674999237060547,20.739999771118164,20.674999237060547,20.729999542236328,260946,0.0,0.0
2023-08-21 14:30:00-04:00,20.729999542236328,20.81999969482422,20.704999923706055,20.81999969482422,481466,0.0,0.0
2023-08-21 15:30:00-04:00,20.815000534057617,20.860000610351562,20.770000457763672,20.809999465942383,880746,0.0,0.0
2023-08-22 09:30:00-04:00,20.899999618530273,21.084999084472656,20.670000076293945,20.69499969482422,387111,0.0,0.0
2023-08-22 10:30:00-04:00,20.69499969482422,20.69499969482422,20.604999542236328,20.635000228881836,256899,0.0,0.0
2023-08-22 11:30:00-04:00,20.6299991607666,20.635000228881836,20.549999237060547,20.575000762939453,182236,0.0,0.0
2023-08-22 12:30:00-04:00,20.575000762939453,20.600000381469727,20.5049991607666,20.539199829101562,189230,0.0,0.0
2023-08-22 13:30:00-04:00,20.540000915527344,20.56999969482422,20.520000457763672,20.549999237060547,163098,0.0,0.0
2023-08-22 14:30:00-04:00,20.559999465942383,20.579999923706055,20.530000686645508,20.549999237060547,203463,0.0,0.0
2023-08-22 15:30:00-04:00,20.55500030517578,20.559999465942383,20.530000686645508,20.540000915527344,499020,0.0,0.0
2023-08-23 09:30:00-04:00,20.540000915527344,20.604999542236328,20.454999923706055,20.545000076293945,276105,0.0,0.0
2023-08-23 10:30:00-04:00,20.545000076293945,20.71500015258789,20.540000915527344,20.704999923706055,195907,0.0,0.0
2023-08-23 11:30:00-04:00,20.700000762939453,20.764999389648438,20.670000076293945,20.729999542236328,426523,0.0,0.0
2023-08-23 12:30:00-04:00,20.725000381469727,20.790000915527344,20.709999084472656,20.780000686645508,137751,0.0,0.0
2023-08-23 13:30:00-04:00,20.780000686645508,20.78499984741211,20.68000030517578,20.684999465942383,162548,0.0,0.0
2023-08-23 14:30:00-04:00,20.684999465942383,20.709999084472656,20.649999618530273,20.704999923706055,159493,0.0,0.0
2023-08-23 15:30:00-04:00,20.69499969482422,20.719999313354492,20.662500381469727,20.704999923706055,352006,0.0,0.0
2023-08-24 09:30:00-04:00,20.700000762939453,20.84000015258789,20.514999389648438,20.635000228881836,218041,0.0,0.0
2023-08-24 10:30:00-04:00,20.639999389648438,20.65999984741211,20.459999084472656,20.5049991607666,229657,0.0,0.0
2023-08-24 11:30:00-04:00,20.5049991607666,20.549999237060547,20.43000030517578,20.43000030517578,594172,0.0,0.0
2023-08-24 12:30:00-04:00,20.43000030517578,20.434999465942383,20.25,20.264999389648438,222537,0.0,0.0
2023-08-24 13:30:00-04:00,20.264999389648438,20.34000015258789,20.260000228881836,20.325000762939453,155503,0.0,0.0
2023-08-24 14:30:00-04:00,20.325000762939453,20.350000381469727,20.280000686645508,20.290000915527344,241941,0.0,0.0
2023-08-24 15:30:00-04:00,20.299999237060547,20.309999465942383,20.149999618530273,20.170000076293945,632053,0.0,0.0
2023-08-25 09:30:00-04:00,20.190000534057617,20.299999237060547,20.104999542236328,20.139999389648438,302734,0.0,0.0
2023-08-25 10:30:00-04:00,20.135000228881836,20.174999237060547,19.989999771118164,20.170000076293945,213957,0.0,0.0
2023-08-25 11:30:00-04:00,20.15999984741211,20.225000381469727,20.100000381469727,20.209999084472656,183661,0.0,0.0
2023-08-25 12:30:00-04:00,20.21500015258789,20.25,20.170000076293945,20.204999923706055,121538,0.0,0.0
2023-08-25 13:30:00-04:00,20.209999084472656,20.270000457763672,20.165000915527344,20.260000228881836,175283,0.0,0.0
2023-08-25 14:30:00-04:00,20.264999389648438,20.329999923706055,20.25,20.30419921875,188024,0.0,0.0
2023-08-25 15:30:00-04:00,20.299999237060547,20.31999969482422,20.170000076293945,20.209999084472656,614736,0.0,0.0
2023-08-28 09:30:00-04:00,20.229999542236328,20.40999984741211,20.079999923706055,20.344999313354492,239547,0.0,0.0
2023-08-28 10:30:00-04:00,20.34000015258789,20.364999771118164,20.260900497436523,20.315000534057617,169366,0.0,0.0
2023-08-28 11:30:00-04:00,20.315000534057617,20.459999084472656,20.299999237060547,20.454999923706055,275547,0.0,0.0
2023-08-28 12:30:00-04:00,20.454999923706055,20.559999465942383,20.395000457763672,20.545000076293945,250960,0.0,0.0
2023-08-28 13:30:00-04:00,20.545000076293945,20.549999237060547,20.385000228881836,20.405000686645508,336018,0.0,0.0
2023-08-28 14:30:00-04:00,20.399999618530273,20.469999313354492,20.389999389648438,20.440000534057617,320974,0.0,0.0
2023-08-28 15:30:00-04:00,20.443700790405273,20.5,20.399999618530273,20.399999618530273,748475,0.0,0.0
2023-08-29 09:30:00-04:00,20.43000030517578,20.479999542236328,20.280000686645508,20.469999313354492,247148,0.0,0.0
2023-08-29 10:30:00-04:00,20.469999313354492,20.565000534057617,20.469999313354492,20.545000076293945,292886,0.0,0.0
2023-08-29 11:30:00-04:00,20.54949951171875,20.6200008392334,20.545000076293945,20.614999771118164,235104,0.0,0.0
2023-08-29 12:30:00-04:00,20.6200008392334,20.759000778198242,20.614999771118164,20.75,228945,0.0,0.0
2023-08-29 13:30:00-04:00,20.75,20.809999465942383,20.59000015258789,20.604999542236328,467210,0.0,0.0
2023-08-29 14:30:00-04:00,20.604999542236328,20.645000457763672,20.489999771118164,20.53499984741211,409851,0.0,0.0
2023-08-29 15:30:00-04:00,20.53499984741211,20.584999084472656,20.530000686645508,20.545000076293945,234806,0.0,0.0
2023-08-30 09:30:00-04:00,20.5,20.55500030517578,20.399999618530273,20.459999084472656,226179,0.0,0.0
2023-08-30 10:30:00-04:00,20.46500015258789,20.559999465942383,20.459999084472656,20.524999618530273,174637,0.0,0.0
2023-08-30 11:30:00-04:00,20.520000457763672,20.540000915527344,20.399999618530273,20.40999984741211,155952,0.0,0.0
2023-08-30 12:30:00-04:00,20.420000076293945,20.420000076293945,20.304000854492188,20.354999542236328,165629,0.0,0.0
2023-08-30 13:30:00-04:00,20.350000381469727,20.3799991607666,20.225000381469727,20.25,279146,0.0,0.0
2023-08-30 14:30:00-04:00,20.250999450683594,20.299999237060547,20.225000381469727,20.264999389648438,438040,0.0,0.0
2023-08-30 15:30:00-04:00,20.264999389648438,20.270000457763672,20.190000534057617,20.270000457763672,789233,0.0,0.0
2023-08-31 09:30:00-04:00,20.309999465942383,20.625,20.309999465942383,20.524999618530273,289231,0.0,0.0
2023-08-31 10:30:00-04:00,20.530000686645508,20.530000686645508,20.424999237060547,20.452499389648438,173146,0.0,0.0
2023-08-31 11:30:00-04:00,20.459999084472656,20.559999465942383,20.40999984741211,20.549999237060547,213889,0.0,0.0
2023-08-31 12:30:00-04:00,20.549999237060547,20.55500030517578,20.459999084472656,20.514999389648438,141193,0.0,0.0
2023-08-31 13:30:00-04:00,20.520000457763672,20.520000457763672,20.399999618530273,20.399999618530273,168353,0.0,0.0
2023-08-31 14:30:00-04:00,20.399999618530273,20.415000915527344,20.219999313354492,20.219999313354492,281519,0.0,0.0
2023-08-31 15:30:00-04:00,20.225000381469727,20.260000228881836,20.170000076293945,20.260000228881836,655770,0.0,0.0
2023-09-01 09:30:00-04:00,20.399999618530273,20.6200008392334,20.329999923706055,20.584999084472656,387683,0.0,0.0
2023-09-01 10:30:00-04:00,20.579999923706055,20.6200008392334,20.4950008392334,20.56999969482422,361298,0.0,0.0
2023-09-01 11:30:00-04:00,20.56999969482422,20.575000762939453,20.5,20.565000534057617,144260,0.0,0.0
2023-09-01 12:30:00-04:00,20.565000534057617,20.59000015258789,20.53499984741211,20.575000762939453,140588,0.0,0.0
2023-09-01 13:30:00-04:00,20.56999969482422,20.604999542236328,20.459999084472656,20.469999313354492,193814,0.0,0.0
2023-09-01 14:30:00-04:00,20.469999313354492,20.5049991607666,20.43000030517578,20.5,201526,0.0,0.0
2023-09-01 15:30:00-04:00,20.5049991607666,20.5049991607666,20.43000030517578,20.479999542236328,702784,0.0,0.0
2023-09-05 09:30:00-04:00,20.450000762939453,20.479999542236328,20.219999313354492,20.375,377082,0.0,0.0
2023-09-05 10:30:00-04:00,20.3799991607666,20.600000381469727,20.3799991607666,20.549999237060547,305312,0.0,0.0
2023-09-05 11:30:00-04:00,20.541400909423828,20.610000610351562,20.469999313354492,20.610000610351562,181283,0.0,0.0
2023-09-05 12:30:00-04:00,20.610000610351562,20.6200008392334,20.549999237060547,20.579999923706055,149380,0.0,0.0
2023-09-05 13:30:00-04:00,20.572500228881836,20.616100311279297,20.559999465942383,20.604999542236328,238367,0.0,0.0
2023-09-05 14:30:00-04:00,20.604999542236328,20.65999984741211,20.579999923706055,20.6200008392334,221744,0.0,0.0
2023-09-05 15:30:00-04:00,20.6200008392334,20.690000534057617,20.600000381469727,20.602500915527344,494337,0.0,0.0
2023-09-06 09:30:00-04:00,20.520000457763672,20.55500030517578,20.28499984741211,20.28499984741211,322194,0.0,0.0
2023-09-06 10:30:00-04:00,20.28499984741211,20.399999618530273,20.229999542236328,20.396099090576172,218289,0.0,0.0
2023-09-06 11:30:00-04:00,20.389999389648438,20.399999618530273,20.260000228881836,20.280000686645508,173953,0.0,0.0
2023-09-06 12:30:00-04:00,20.274999618530273,20.309999465942383,20.2450008392334,20.274999618530273,165933,0.0,0.0
2023-09-06 13:30:00-04:00,20.270000457763672,20.290000915527344,20.25,20.270000457763672,160379,0.0,0.0
2023-09-06 14:30:00-04:00,20.264999389648438,20.329999923706055,20.2549991607666,20.299999237060547,191437,0.0,0.0
2023-09-06 15:30:00-04:00,20.295000076293945,20.299999237060547,20.209999084472656,20.2450008392334,634448,0.0,0.0
2023-09-07 09:30:00-04:00,20.079999923706055,20.204999923706055,19.9950008392334,20.024999618530273,379079,0.0,0.0
2023-09-07 10:30:00-04:00,20.040000915527344,20.1299991607666,20.014999389648438,20.075000762939453,265236,0.0,0.0
2023-09-07 11:30:00-04:00,20.075000762939453,20.219999313354492,20.05500030517578,20.21500015258789,348573,0.0,0.0
2023-09-07 12:30:00-04:00,20.219999313354492,20.239999771118164,20.125,20.170000076293945,275389,0.0,0.0
2023-09-07 13:30:00-04:00,20.165000915527344,20.174999237060547,20.079999923706055,20.084999084472656,255394,0.0,0.0
2023-09-07 14:30:00-04:00,20.079999923706055,20.079999923706055,19.950000762939453,20.03499984741211,394506,0.0,0.0
2023-09-07 15:30:00-04:00,20.030000686645508,20.110000610351562,20.0,20.0,974524,0.0,0.0
2023-09-08 09:30:00-04:00,20.040000915527344,20.174999237060547,19.959999084472656,20.104999542236328,343419,0.0,0.0
2023-09-08 10:30:00-04:00,20.104999542236328,20.135000228881836,20.072500228881836,20.079999923706055,201916,0.0,0.0
2023-09-08 11:30:00-04:00,20.079999923706055,20.094999313354492,19.969999313354492,19.969999313354492,170991,0.0,0.0
2023-09-08 12:30:00-04:00,19.969999313354492,19.969999313354492,19.885000228881836,19.895000457763672,165859,0.0,0.0
2023-09-08 13:30:00-04:00,19.895000457763672,19.93000030517578,19.84000015258789,19.84000015258789,213856,0.0,0.0
2023-09-08 14:30:00-04:00,19.84000015258789,19.979999542236328,19.799999237060547,19.93000030517578,549082,0.0,0.0
2023-09-08 15:30:00-04:00,19.934999465942383,20.010000228881836,19.924999237060547,19.985000610351562,569566,0.0,0.0
2023-09-11 09:30:00-04:00,20.020000457763672,20.079999923706055,19.690000534057617,19.764999389648438,378428,0.0,0.0
2023-09-11 10:30:00-04:00,19.764999389648438,19.790000915527344,19.559999465942383,19.594999313354492,273617,0.0,0.0
2023-09-11 11:30:00-04:00,19.594999313354492,19.594999313354492,19.479999542236328,19.530000686645508,265294,0.0,0.0
2023-09-11 12:30:00-04:00,19.53499984741211,19.59000015258789,19.510000228881836,19.584999084472656,255178,0.0,0.0
2023-09-11 13:30:00-04:00,19.584999084472656,19.610000610351562,19.389999389648438,19.389999389648438,441051,0.0,0.0
2023-09-11 14:30:00-04:00,19.389999389648438,19.415000915527344,19.264999389648438,19.28499984741211,373178,0.0,0.0
2023-09-11 15:30:00-04:00,19.280000686645508,19.329999923706055,19.260000228881836,19.31999969482422,675209,0.0,0.0
2023-09-12 09:30:00-04:00,19.1299991607666,19.360000610351562,18.889999389648438,19.299999237060547,441995,0.0,0.0
2023-09-12 10:30:00-04:00,19.299999237060547,19.299999237060547,19.149999618530273,19.200000762939453,278065,0.0,0.0
2023-09-12 11:30:00-04:00,19.19499969482422,19.247800827026367,19.18000030517578,19.229999542236328,144735,0.0,0.0
2023-09-12 12:30:00-04:00,19.229999542236328,19.309999465942383,19.225000381469727,19.30500030517578,320945,0.0,0.0
2023-09-12 13:30:00-04:00,19.30500030517578,19.315000534057617,19.2450008392334,19.274999618530273,159490,0.0,0.0
2023-09-12 14:30:00-04:00,19.274999618530273,19.43000030517578,19.270000457763672,19.364999771118164,371356,0.0,0.0
2023-09-12 15:30:00-04:00,19.3700008392334,19.510000228881836,19.3700008392334,19.510000228881836,797234,0.0,0.0
2023-09-13 09:30:00-04:00,19.469999313354492,19.54800033569336,19.075000762939453,19.075000762939453,441904,0.0,0.0
2023-09-13 10:30:00-04:00,19.06999969482422,19.299999237060547,19.06999969482422,19.204999923706055,366144,0.0,0.0
2023-09-13 11:30:00-04:00,19.204999923706055,19.204999923706055,19.09000015258789,19.139999389648438,244631,0.0,0.0
2023-09-13 12:30:00-04:00,19.145000457763672,19.149999618530273,19.079999923706055,19.082500457763672,179092,0.0,0.0
2023-09-13 13:30:00-04:00,19.079999923706055,19.174999237060547,19.079999923706055,19.145000457763672,298704,0.0,0.0
2023-09-13 14:30:00-04:00,19.145000457763672,19.145000457763672,18.989999771118164,19.0049991607666,342112,0.0,0.0
2023-09-13 15:30:00-04:00,19.0,19.040000915527344,18.985000610351562,19.024999618530273,506156,0.0,0.0
2023-09-14 09:30:00-04:00,19.09000015258789,19.270000457763672,18.969999313354492,19.170000076293945,495085,0.0,0.0
2023-09-14 10:30:00-04:00,19.174999237060547,19.2549991607666,19.155000686645508,19.21500015258789,276993,0.0,0.0
2023-09-14 11:30:00-04:00,19.219999313354492,19.219999313354492,19.110000610351562,19.139999389648438,232829,0.0,0.0
2023-09-14 12:30:00-04:00,19.145000457763672,19.15999984741211,19.06999969482422,19.100000381469727,290633,0.0,0.0
2023-09-14 13:30:00-04:00,19.104999542236328,19.1200008392334,19.065000534057617,19.100000381469727,203274,0.0,0.0
2023-09-14 14:30:00-04:00,19.100000381469727,19.209999084472656,19.09000015258789,19.165000915527344,235476,0.0,0.0
2023-09-14 15:30:00-04:00,19.165000915527344,19.229999542236328,19.1299991607666,19.21500015258789,567810,0.0,0.0
2023-09-15 09:30:00-04:00,19.149999618530273,19.2450008392334,18.969999313354492,19.200000762939453,517714,0.0,0.0
2023-09-15 10:30:00-04:00,19.190000534057617,19.204999923706055,19.049999237060547,19.135000228881836,176543,0.0,0.0
2023-09-15 11:30:00-04:00,19.135000228881836,19.204999923706055,19.102100372314453,19.204999923706055,223383,0.0,0.0
2023-09-15 12:30:00-04:00,19.200000762939453,19.200000762939453,19.09000015258789,19.094999313354492,128659,0.0,0.0
2023-09-15 13:30:00-04:00,19.09000015258789,19.1200008392334,19.040000915527344,19.040000915527344,156225,0.0,0.0
2023-09-15 14:30:00-04:00,19.045000076293945,19.094999313354492,19.040000915527344,19.075000762939453,200679,0.0,0.0
2023-09-15 15:30:00-04:00,19.075000762939453,19.09000015258789,18.979999542236328,19.040000915527344,492684,0.0,0.0
2023-09-18 09:30:00-04:00,19.040000915527344,19.09000015258789,18.860000610351562,18.9950008392334,750755,0.0,0.0
2023-09-18 10:30:00-04:00,18.999300003051758,19.104999542236328,18.989999771118164,19.100000381469727,219099,0.0,0.0
2023-09-18 11:30:00-04:00,19.100000381469727,19.190000534057617,19.084999084472656,19.100000381469727,194168,0.0,0.0
2023-09-18 12:30:00-04:00,19.094999313354492,19.110000610351562,19.0,19.075000762939453,208443,0.0,0.0
2023-09-18 13:30:00-04:00,19.075000762939453,19.09000015258789,19.030000686645508,19.045000076293945,196109,0.0,0.0
2023-09-18 14:30:00-04:00,19.049999237060547,19.094999313354492,19.020000457763672,19.065000534057617,691322,0.0,0.0
2023-09-18 15:30:00-04:00,19.065000534057617,19.079999923706055,19.0,19.0,573357,0.0,0.0
2023-09-19 09:30:00-04:00,18.979999542236328,19.165000915527344,18.947999954223633,19.020000457763672,188962,0.0,0.0
2023-09-19 10:30:00-04:00,19.010000228881836,19.05500030517578,18.969999313354492,19.03499984741211,167529,0.0,0.0
2023-09-19 11:30:00-04:00,19.03499984741211,19.06999969482422,19.024999618530273,19.040000915527344,125317,0.0,0.0
2023-09-19 12:30:00-04:00,19.040000915527344,19.065000534057617,19.020000457763672,19.05500030517578,97366,0.0,0.0
2023-09-19 13:30:00-04:00,19.05500030517578,19.079999923706055,19.010000228881836,19.014999389648438,119929,0.0,0.0
2023-09-19 14:30:00-04:00,19.020000457763672,19.06999969482422,19.0,19.03499984741211,176653,0.0,0.0
2023-09-19 15:30:00-04:00,19.030000686645508,19.030000686645508,18.9950008392334,19.0049991607666,342233,0.0,0.0
2023-09-20 09:30:00-04:00,19.059999465942383,19.299999237060547,19.059999465942383,19.219999313354492,174505,0.0,0.0
2023-09-20 10:30:00-04:00,19.21500015258789,19.354999542236328,19.21500015258789,19.329999923706055,169577,0.0,0.0
2023-09-20 11:30:00-04:00,19.34000015258789,19.415000915527344,19.329999923706055,19.3799991607666,166077,0.0,0.0
2023-09-20 12:30:00-04:00,19.375,19.3799991607666,19.31999969482422,19.325000762939453,96177,0.0,0.0
2023-09-20 13:30:00-04:00,19.322999954223633,19.350000381469727,19.229999542236328,19.309999465942383,144022,0.0,0.0
2023-09-20 14:30:00-04:00,19.299999237060547,19.420000076293945,19.239999771118164,19.290000915527344,328507,0.0,0.0
2023-09-20 15:30:00-04:00,19.290000915527344,19.299999237060547,19.1200008392334,19.155000686645508,370302,0.0,0.0
2023-09-21 09:30:00-04:00,19.040000915527344,19.274999618530273,18.9601993560791,19.260000228881836,476364,0.0,0.0
2023-09-21 10:30:00-04:00,19.264999389648438,19.264999389648438,19.174999237060547,19.219999313354492,197849,0.0,0.0
2023-09-21 11:30:00-04:00,19.219999313354492,19.280000686645508,19.030000686645508,19.110000610351562,265062,0.0,0.0
2023-09-21 12:30:00-04:00,19.100000381469727,19.225000381469727,19.059999465942383,19.21500015258789,255529,0.0,0.0
2023-09-21 13:30:00-04:00,19.209999084472656,19.235000610351562,19.09000015258789,19.114999771118164,432411,0.0,0.0
2023-09-21 14:30:00-04:00,19.114999771118164,19.15999984741211,19.014999389648438,19.049999237060547,788550,0.0,0.0
2023-09-21 15:30:00-04:00,19.05500030517578,19.059999465942383,18.950000762939453,18.96500015258789,785350,0.0,0.0
2023-09-22 09:30:00-04:00,18.969999313354492,18.97249984741211,18.764999389648438,18.8700008392334,371976,0.0,0.0
2023-09-22 10:30:00-04:00,18.8700008392334,18.94499969482422,18.81999969482422,18.915000915527344,186888,0.0,0.0
2023-09-22 11:30:00-04:00,18.915000915527344,18.915000915527344,18.850000381469727,18.850000381469727,159368,0.0,0.0
2023-09-22 12:30:00-04:00,18.854999542236328,18.975200653076172,18.854999542236328,18.915000915527344,152985,0.0,0.0
2023-09-22 13:30:00-04:00,18.915000915527344,18.93000030517578,18.850000381469727,18.920000076293945,202640,0.0,0.0
2023-09-22 14:30:00-04:00,18.924999237060547,18.9950008392334,18.850000381469727,18.94499969482422,299696,0.0,0.0
2023-09-22 15:30:00-04:00,18.94499969482422,18.94499969482422,18.81999969482422,18.860000610351562,592964,0.0,0.0
2023-09-25 09:30:00-04:00,18.790000915527344,18.920000076293945,18.719999313354492,18.795000076293945,347466,0.0,0.0
2023-09-25 10:30:00-04:00,18.795000076293945,18.81999969482422,18.69499969482422,18.725000381469727,464049,0.0,0.0
2023-09-25 11:30:00-04:00,18.71500015258789,18.719999313354492,18.614999771118164,18.635000228881836,171330,0.0,0.0
2023-09-25 12:30:00-04:00,18.635000228881836,18.700000762939453,18.604999542236328,18.625,299040,0.0,0.0
2023-09-25 13:30:00-04:00,18.6200008392334,18.670000076293945,18.559999465942383,18.559999465942383,275852,0.0,0.0
2023-09-25 14:30:00-04:00,18.559999465942383,18.670000076293945,18.530000686645508,18.639999389648438,819705,0.0,0.0
2023-09-25 15:30:00-04:00,18.639999389648438,18.700000762939453,18.6200008392334,18.700000762939453,711384,0.0,0.0
2023-09-26 09:30:00-04:00,18.540000915527344,18.725000381469727,18.25,18.415000915527344,1177537,0.0,0.0
2023-09-26 10:30:00-04:00,18.420000076293945,18.450000762939453,18.280000686645508,18.280000686645508,304219,0.0,0.0
2023-09-26 11:30:00-04:00,18.270000457763672,18.405000686645508,18.264999389648438,18.385000228881836,183510,0.0,0.0
2023-09-26 12:30:00-04:00,18.385000228881836,18.385000228881836,18.239999771118164,18.2549991607666,331665,0.0,0.0
2023-09-26 13:30:00-04:00,18.2549991607666,18.2549991607666,18.15999984741211,18.184999465942383,258954,0.0,0.0
2023-09-26 14:30:00-04:00,18.18000030517578,18.229999542236328,18.06999969482422,18.084999084472656,325260,0.0,0.0
2023-09-26 15:30:00-04:00,18.084999084472656,18.155000686645508,18.06999969482422,18.110000610351562,872719,0.0,0.0
2023-09-27 09:30:00-04:00,18.059999465942383,18.079999923706055,17.860000610351562,18.05500030517578,564072,0.0,0.0
2023-09-27 10:30:00-04:00,18.049999237060547,18.155000686645508,18.0049991607666,18.114999771118164,370085,0.0,0.0
2023-09-27 11:30:00-04:00,18.114999771118164,18.170000076293945,17.989999771118164,18.0049991607666,311117,0.0,0.0
2023-09-27 12:30:00-04:00,18.0,18.045000076293945,17.860000610351562,17.875,236977,0.0,0.0
2023-09-27 13:30:00-04:00,17.8700008392334,17.959999084472656,17.8700008392334,17.950000762939453,232740,0.0,0.0
2023-09-27 14:30:00-04:00,17.954999923706055,18.059999465942383,17.954999923706055,17.9950008392334,326157,0.0,0.0
2023-09-27 15:30:00-04:00,17.989999771118164,17.989999771118164,17.864999771118164,17.90999984741211,737593,0.0,0.0
2023-09-28 09:30:00-04:00,17.850000381469727,17.975000381469727,17.809999465942383,17.829999923706055,312175,0.0,0.0
2023-09-28 10:30:00-04:00,17.829999923706055,17.885000228881836,17.780000686645508,17.825000762939453,352232,0.0,0.0
2023-09-28 11:30:00-04:00,17.825000762939453,17.86750030517578,17.809999465942383,17.864999771118164,330638,0.0,0.0
2023-09-28 12:30:00-04:00,17.864999771118164,17.899999618530273,17.770000457763672,17.850000381469727,499120,0.0,0.0
2023-09-28 13:30:00-04:00,17.850000381469727,17.8700008392334,17.770000457763672,17.825000762939453,441434,0.0,0.0
2023-09-28 14:30:00-04:00,17.825000762939453,17.860000610351562,17.80500030517578,17.829999923706055,467142,0.0,0.0
2023-09-28 15:30:00-04:00,17.829999923706055,17.84000015258789,17.725000381469727,17.795000076293945,1341455,0.0,0.0
2023-09-29 09:30:00-04:00,17.8799991607666,18.083799362182617,17.850099563598633,17.934999465942383,345848,0.0,0.0
2023-09-29 10:30:00-04:00,17.934999465942383,18.059999465942383,17.920000076293945,17.940000534057617,290600,0.0,0.0
2023-09-29 11:30:00-04:00,17.940000534057617,17.94499969482422,17.850000381469727,17.860000610351562,259274,0.0,0.0
2023-09-29 12:30:00-04:00,17.860000610351562,17.8799991607666,17.700000762939453,17.725000381469727,221051,0.0,0.0
2023-09-29 13:30:00-04:00,17.729999542236328,17.75,17.6200008392334,17.639999389648438,408980,0.0,0.0
2023-09-29 14:30:00-04:00,17.639999389648438,17.729900360107422,17.625,17.670000076293945,443137,0.0,0.0
2023-09-29 15:30:00-04:00,17.674999237060547,17.71500015258789,17.614999771118164,17.68000030517578,965450,0.0,0.0
2023-10-02 09:30:00-04:00,17.6200008392334,17.684999465942383,17.5,17.55500030517578,318519,0.0,0.0
2023-10-02 10:30:00-04:00,17.55500030517578,17.649999618530273,17.46500015258789,17.635000228881836,317296,0.0,0.0
2023-10-02 11:30:00-04:00,17.649999618530273,17.670000076293945,17.579999923706055,17.6200008392334,275635,0.0,0.0
2023-10-02 12:30:00-04:00,17.625,17.674999237060547,17.56999969482422,17.600000381469727,278322,0.0,0.0
2023-10-02 13:30:00-04:00,17.602500915527344,17.665000915527344,17.520000457763672,17.520000457763672,197743,0.0,0.0
2023-10-02 14:30:00-04:00,17.520000457763672,17.545000076293945,17.459999084472656,17.5,391567,0.0,0.0
2023-10-02 15:30:00-04:00,17.489999771118164,17.559999465942383,17.479999542236328,17.530000686645508,799046,0.0,0.0
2023-10-03 09:30:00-04:00,17.450000762939453,17.514999389648438,17.3799991607666,17.43000030517578,276157,0.0,0.0
2023-10-03 10:30:00-04:00,17.43000030517578,17.524999618530273,17.3799991607666,17.4950008392334,624639,0.0,0.0
2023-10-03 11:30:00-04:00,17.4950008392334,17.530000686645508,17.450000762939453,17.50909996032715,567037,0.0,0.0
2023-10-03 12:30:00-04:00,17.510000228881836,17.559999465942383,17.469999313354492,17.489999771118164,231630,0.0,0.0
2023-10-03 13:30:00-04:00,17.490800857543945,17.490800857543945,17.31999969482422,17.389999389648438,374533,0.0,0.0
2023-10-03 14:30:00-04:00,17.395000457763672,17.415000915527344,17.239999771118164,17.28499984741211,424735,0.0,0.0
2023-10-03 15:30:00-04:00,17.290000915527344,17.354999542236328,17.270000457763672,17.350000381469727,572583,0.0,0.0
2023-10-04 09:30:00-04:00,17.40999984741211,17.44499969482422,17.139999389648438,17.145000457763672,289574,0.0,0.0
2023-10-04 10:30:00-04:00,17.145000457763672,17.170000076293945,17.040000915527344,17.05500030517578,226671,0.0,0.0
2023-10-04 11:30:00-04:00,17.05500030517578,17.190000534057617,17.024999618530273,17.190000534057617,199954,0.0,0.0
2023-10-04 12:30:00-04:00,17.190000534057617,17.22800064086914,17.114999771118164,17.114999771118164,234517,0.0,0.0
2023-10-04 13:30:00-04:00,17.114999771118164,17.170000076293945,17.094999313354492,17.155000686645508,383497,0.0,0.0
2023-10-04 14:30:00-04:00,17.155000686645508,17.25,17.149999618530273,17.18000030517578,426751,0.0,0.0
2023-10-04 15:30:00-04:00,17.18000030517578,17.229999542236328,17.1299991607666,17.149999618530273,774262,0.0,0.0
2023-10-05 09:30:00-04:00,17.149999618530273,17.209999084472656,17.010000228881836,17.020000457763672,267096,0.0,0.0
2023-10-05 10:30:00-04:00,17.020000457763672,17.020000457763672,16.850000381469727,16.889999389648438,299321,0.0,0.0
2023-10-05 11:30:00-04:00,16.895000457763672,16.96500015258789,16.8700008392334,16.959999084472656,233700,0.0,0.0
2023-10-05 12:30:00-04:00,16.96500015258789,16.989999771118164,16.899999618530273,16.924999237060547,188491,0.0,0.0
2023-10-05 13:30:00-04:00,16.924999237060547,17.040000915527344,16.90999984741211,16.9950008392334,239812,0.0,0.0
2023-10-05 14:30:00-04:00,16.9950008392334,17.020000457763672,16.969999313354492,16.989999771118164,396507,0.0,0.0
2023-10-05 15:30:00-04:00,16.9950008392334,17.020000457763672,16.940000534057617,16.989999771118164,882526,0.0,0.0
2023-10-06 09:30:00-04:00,16.850000381469727,17.045000076293945,16.850000381469727,17.03499984741211,379322,0.0,0.0
2023-10-06 10:30:00-04:00,17.040000915527344,17.139999389648438,17.010000228881836,17.100000381469727,433656,0.0,0.0
2023-10-06 11:30:00-04:00,17.104999542236328,17.299999237060547,17.09000015258789,17.204999923706055,343415,0.0,0.0
2023-10-06 12:30:00-04:00,17.209999084472656,17.290000915527344,17.139999389648438,17.290000915527344,321150,0.0,0.0
2023-10-06 13:30:00-04:00,17.28499984741211,17.415000915527344,17.28499984741211,17.415000915527344,312404,0.0,0.0
2023-10-06 14:30:00-04:00,17.415000915527344,17.530000686645508,17.360000610351562,17.405000686645508,424196,0.0,0.0
2023-10-06 15:30:00-04:00,17.405000686645508,17.440000534057617,17.329999923706055,17.34000015258789,456047,0.0,0.0
2023-10-09 09:30:00-04:00,17.209999084472656,17.329999923706055,17.1200008392334,17.229999542236328,201113,0.0,0.0
2023-10-09 10:30:00-04:00,17.229999542236328,17.239999771118164,17.15999984741211,17.174999237060547,352360,0.0,0.0
2023-10-09 11:30:00-04:00,17.174999237060547,17.225000381469727,17.145000457763672,17.21500015258789,103010,0.0,0.0
2023-10-09 12:30:00-04:00,17.21500015258789,17.290000915527344,17.19300079345703,17.28499984741211,102356,0.0,0.0
2023-10-09 13:30:00-04:00,17.290000915527344,17.3799991607666,17.290000915527344,17.354999542236328,100846,0.0,0.0
2023-10-09 14:30:00-04:00,17.352500915527344,17.385000228881836,17.299999237060547,17.309999465942383,185931,0.0,0.0
2023-10-09 15:30:00-04:00,17.31599998474121,17.329999923706055,17.25,17.31999969482422,325287,0.0,0.0
2023-10-10 09:30:00-04:00,17.329999923706055,17.690000534057617,17.329999923706055,17.68000030517578,272684,0.0,0.0
2023-10-10 10:30:00-04:00,17.674999237060547,17.725000381469727,17.604999542236328,17.709999084472656,226633,0.0,0.0
2023-10-10 11:30:00-04:00,17.709999084472656,17.834999084472656,17.709999084472656,17.80500030517578,346420,0.0,0.0
2023-10-10 12:30:00-04:00,17.809999465942383,17.860000610351562,17.7549991607666,17.774999618530273,248884,0.0,0.0
2023-10-10 13:30:00-04:00,17.780000686645508,17.790000915527344,17.6200008392334,17.684999465942383,223849,0.0,0.0
2023-10-10 14:30:00-04:00,17.684999465942383,17.709999084472656,17.604999542236328,17.645000457763672,260659,0.0,0.0
2023-10-10 15:30:00-04:00,17.645000457763672,17.69499969482422,17.635000228881836,17.690000534057617,472086,0.0,0.0
2023-10-11 09:30:00-04:00,17.690000534057617,17.84000015258789,17.565000534057617,17.6299991607666,237378,0.0,0.0
2023-10-11 10:30:00-04:00,17.625,17.795000076293945,17.614999771118164,17.71500015258789,293281,0.0,0.0
2023-10-11 11:30:00-04:00,17.71500015258789,17.735000610351562,17.655000686645508,17.690000534057617,272481,0.0,0.0
2023-10-11 12:30:00-04:00,17.690000534057617,17.774999618530273,17.670000076293945,17.75,284324,0.0,0.0
2023-10-11 13:30:00-04:00,17.7450008392334,17.78499984741211,17.690000534057617,17.690000534057617,198630,0.0,0.0
2023-10-11 14:30:00-04:00,17.690000534057617,17.709999084472656,17.604999542236328,17.674999237060547,342516,0.0,0.0
2023-10-11 15:30:00-04:00,17.670000076293945,17.739999771118164,17.670000076293945,17.729999542236328,534319,0.0,0.0
2023-10-12 09:30:00-04:00,17.670000076293945,17.709999084472656,17.360000610351562,17.44499969482422,215908,0.0,0.0
2023-10-12 10:30:00-04:00,17.44499969482422,17.5049991607666,17.43000030517578,17.4950008392334,228899,0.0,0.0
2023-10-12 11:30:00-04:00,17.489999771118164,17.549999237060547,17.450000762939453,17.524999618530273,167087,0.0,0.0
2023-10-12 12:30:00-04:00,17.524999618530273,17.530000686645508,17.344999313354492,17.344999313354492,194754,0.0,0.0
2023-10-12 13:30:00-04:00,17.34000015258789,17.360000610351562,17.19499969482422,17.260000228881836,356944,0.0,0.0
2023-10-12 14:30:00-04:00,17.25,17.329999923706055,17.2450008392334,17.30500030517578,225141,0.0,0.0
2023-10-12 15:30:00-04:00,17.30500030517578,17.334999084472656,17.290000915527344,17.299999237060547,491659,0.0,0.0
2023-10-13 09:30:00-04:00,17.309999465942383,17.375,17.225000381469727,17.28499984741211,204586,0.0,0.0
2023-10-13 10:30:00-04:00,17.280000686645508,17.29599952697754,17.16200065612793,17.204999923706055,155370,0.0,0.0
2023-10-13 11:30:00-04:00,17.200000762939453,17.274999618530273,17.165000915527344,17.2549991607666,158049,0.0,0.0
2023-10-13 12:30:00-04:00,17.2549991607666,17.2549991607666,17.06999969482422,17.084999084472656,279733,0.0,0.0
2023-10-13 13:30:00-04:00,17.079999923706055,17.145000457763672,17.059999465942383,17.09000015258789,295418,0.0,0.0
2023-10-13 14:30:00-04:00,17.09000015258789,17.108699798583984,17.040000915527344,17.075000762939453,292810,0.0,0.0
2023-10-13 15:30:00-04:00,17.075000762939453,17.1299991607666,17.06999969482422,17.1299991607666,694882,0.0,0.0
2023-10-16 09:30:00-04:00,17.239999771118164,17.524999618530273,17.229999542236328,17.524999618530273,470471,0.0,0.0
2023-10-16 10:30:00-04:00,17.524999618530273,17.575000762939453,17.44499969482422,17.44499969482422,270498,0.0,0.0
2023-10-16 11:30:00-04:00,17.44499969482422,17.56999969482422,17.385000228881836,17.56999969482422,366955,0.0,0.0
2023-10-16 12:30:00-04:00,17.565000534057617,17.565000534057617,17.424999237060547,17.479999542236328,301182,0.0,0.0
2023-10-16 13:30:00-04:00,17.479999542236328,17.530000686645508,17.469999313354492,17.4950008392334,286387,0.0,0.0
2023-10-16 14:30:00-04:00,17.4950008392334,17.510000228881836,17.450000762939453,17.479999542236328,171127,0.0,0.0
2023-10-16 15:30:00-04:00,17.479999542236328,17.520000457763672,17.454999923706055,17.5,568184,0.0,0.0
2023-10-17 09:30:00-04:00,17.3799991607666,17.56999969482422,17.309999465942383,17.545000076293945,290584,0.0,0.0
2023-10-17 10:30:00-04:00,17.549999237060547,17.65999984741211,17.510000228881836,17.645000457763672,304704,0.0,0.0
2023-10-17 11:30:00-04:00,17.645000457763672,17.709999084472656,17.6299991607666,17.700000762939453,338429,0.0,0.0
2023-10-17 12:30:00-04:00,17.700000762939453,17.709999084472656,17.6299991607666,17.674999237060547,195071,0.0,0.0
2023-10-17 13:30:00-04:00,17.670000076293945,17.700000762939453,17.6200008392334,17.678499221801758,185937,0.0,0.0
2023-10-17 14:30:00-04:00,17.674999237060547,17.704999923706055,17.625,17.68899917602539,255339,0.0,0.0
2023-10-17 15:30:00-04:00,17.684999465942383,17.709999084472656,17.655000686645508,17.700000762939453,439545,0.0,0.0
2023-10-18 09:30:00-04:00,17.549999237060547,17.75,17.450000762939453,17.65999984741211,241741,0.0,0.0
2023-10-18 10:30:00-04:00,17.65999984741211,17.690000534057617,17.59000015258789,17.655000686645508,177792,0.0,0.0
2023-10-18 11:30:00-04:00,17.649999618530273,17.670000076293945,17.540000915527344,17.565000534057617,204898,0.0,0.0
2023-10-18 12:30:00-04:00,17.5625,17.6200008392334,17.5049991607666,17.55500030517578,145550,0.0,0.0
2023-10-18 13:30:00-04:00,17.549999237060547,17.575000762939453,17.459999084472656,17.540000915527344,147742,0.0,0.0
2023-10-18 14:30:00-04:00,17.545000076293945,17.59000015258789,17.5,17.55500030517578,224126,0.0,0.0
2023-10-18 15:30:00-04:00,17.559999465942383,17.625,17.530000686645508,17.600000381469727,568879,0.0,0.0
2023-10-19 09:30:00-04:00,17.59000015258789,17.80500030517578,17.530000686645508,17.540000915527344,319988,0.0,0.0
2023-10-19 10:30:00-04:00,17.530000686645508,17.56999969482422,17.475000381469727,17.55500030517578,219596,0.0,0.0
2023-10-19 11:30:00-04:00,17.55500030517578,17.71500015258789,17.55500030517578,17.614999771118164,309977,0.0,0.0
2023-10-19 12:30:00-04:00,17.6200008392334,17.719999313354492,17.5049991607666,17.700000762939453,242813,0.0,0.0
2023-10-19 13:30:00-04:00,17.700000762939453,17.700000762939453,17.489999771118164,17.4950008392334,291336,0.0,0.0
2023-10-19 14:30:00-04:00,17.489999771118164,17.489999771118164,17.40999984741211,17.424999237060547,447698,0.0,0.0
2023-10-19 15:30:00-04:00,17.424999237060547,17.440000534057617,17.3700008392334,17.3700008392334,509951,0.0,0.0
2023-10-20 09:30:00-04:00,17.440000534057617,17.440000534057617,17.19499969482422,17.209999084472656,417024,0.0,0.0
2023-10-20 10:30:00-04:00,17.21500015258789,17.225000381469727,17.110000610351562,17.145000457763672,357344,0.0,0.0
2023-10-20 11:30:00-04:00,17.145000457763672,17.25,17.1200008392334,17.21500015258789,188794,0.0,0.0
2023-10-20 12:30:00-04:00,17.219900131225586,17.280000686645508,17.204999923706055,17.264999389648438,195582,0.0,0.0
2023-10-20 13:30:00-04:00,17.270000457763672,17.280000686645508,17.15999984741211,17.15999984741211,163993,0.0,0.0
2023-10-20 14:30:00-04:00,17.165000915527344,17.209999084472656,17.145000457763672,17.19499969482422,185574,0.0,0.0
2023-10-20 15:30:00-04:00,17.19499969482422,17.209999084472656,17.104999542236328,17.155000686645508,488439,0.0,0.0
2023-10-23 09:30:00-04:00,17.030000686645508,17.059999465942383,16.71500015258789,16.940000534057617,520712,0.0,0.0
2023-10-23 10:30:00-04:00,16.94499969482422,17.069900512695312,16.8700008392334,17.045000076293945,480986,0.0,0.0
2023-10-23 11:30:00-04:00,17.045000076293945,17.100000381469727,16.989999771118164,17.040000915527344,245092,0.0,0.0
2023-10-23 12:30:00-04:00,17.045000076293945,17.149999618530273,17.020000457763672,17.05500030517578,236324,0.0,0.0
2023-10-23 13:30:00-04:00,17.05500030517578,17.1200008392334,17.0,17.059999465942383,287336,0.0,0.0
2023-10-23 14:30:00-04:00,17.059999465942383,17.065000534057617,16.889999389648438,16.899999618530273,255899,0.0,0.0
2023-10-23 15:30:00-04:00,16.899999618530273,16.934999465942383,16.81999969482422,16.8700008392334,725094,0.0,0.0
2023-10-24 09:30:00-04:00,17.010000228881836,17.204999923706055,16.989999771118164,17.200000762939453,552823,0.0,0.0
2023-10-24 10:30:00-04:00,17.204999923706055,17.229999542236328,16.969999313354492,16.975000381469727,319193,0.0,0.0
2023-10-24 11:30:00-04:00,16.969999313354492,16.979999542236328,16.850000381469727,16.850000381469727,159931,0.0,0.0
2023-10-24 12:30:00-04:00,16.860000610351562,16.985000610351562,16.850000381469727,16.985000610351562,157500,0.0,0.0
2023-10-24 13:30:00-04:00,16.989999771118164,17.0049991607666,16.950000762939453,17.0,197825,0.0,0.0
2023-10-24 14:30:00-04:00,17.010000228881836,17.110000610351562,17.010000228881836,17.094999313354492,359429,0.0,0.0
2023-10-24 15:30:00-04:00,17.094999313354492,17.104999542236328,17.049999237060547,17.059999465942383,548948,0.0,0.0
2023-10-25 09:30:00-04:00,16.989999771118164,17.0,16.649999618530273,16.729999542236328,432007,0.0,0.0
2023-10-25 10:30:00-04:00,16.729999542236328,16.829999923706055,16.600000381469727,16.735000610351562,1047474,0.0,0.0
2023-10-25 11:30:00-04:00,16.735000610351562,16.739999771118164,16.549999237060547,16.549999237060547,244675,0.0,0.0
2023-10-25 12:30:00-04:00,16.55500030517578,16.584999084472656,16.40999984741211,16.44499969482422,309140,0.0,0.0
2023-10-25 13:30:00-04:00,16.440000534057617,16.540000915527344,16.420000076293945,16.475000381469727,528853,0.0,0.0
2023-10-25 14:30:00-04:00,16.475000381469727,16.610000610351562,16.434999465942383,16.559999465942383,536361,0.0,0.0
2023-10-25 15:30:00-04:00,16.55500030517578,16.584999084472656,16.4950008392334,16.5,519304,0.0,0.0
2023-10-26 09:30:00-04:00,16.559999465942383,16.729999542236328,16.53499984741211,16.575000762939453,454110,0.0,0.0
2023-10-26 10:30:00-04:00,16.57900047302246,16.764999389648438,16.565000534057617,16.649999618530273,273979,0.0,0.0
2023-10-26 11:30:00-04:00,16.639999389648438,16.65999984741211,16.479999542236328,16.5049991607666,168177,0.0,0.0
2023-10-26 12:30:00-04:00,16.5,16.575000762939453,16.4950008392334,16.514999389648438,177395,0.0,0.0
2023-10-26 13:30:00-04:00,16.514999389648438,16.6200008392334,16.5,16.6200008392334,161204,0.0,0.0
2023-10-26 14:30:00-04:00,16.610000610351562,16.71500015258789,16.594999313354492,16.594999313354492,224867,0.0,0.0
2023-10-26 15:30:00-04:00,16.59000015258789,16.690000534057617,16.559999465942383,16.649999618530273,836927,0.0,0.0
2023-10-27 09:30:00-04:00,16.729999542236328,16.809999465942383,16.489999771118164,16.600000381469727,415285,0.0,0.0
2023-10-27 10:30:00-04:00,16.594999313354492,16.709999084472656,16.559999465942383,16.68000030517578,242496,0.0,0.0
2023-10-27 11:30:00-04:00,16.670000076293945,16.674999237060547,16.565000534057617,16.59000015258789,155157,0.0,0.0
2023-10-27 12:30:00-04:00,16.59000015258789,16.604999542236328,16.44499969482422,16.454999923706055,151648,0.0,0.0
2023-10-27 13:30:00-04:00,16.450000762939453,16.459999084472656,16.3799991607666,16.40999984741211,217913,0.0,0.0
2023-10-27 14:30:00-04:00,16.40999984741211,16.52750015258789,16.405000686645508,16.454999923706055,241852,0.0,0.0
2023-10-27 15:30:00-04:00,16.454999923706055,16.510000228881836,16.415000915527344,16.510000228881836,363608,0.0,0.0
2023-10-30 09:30:00-04:00,16.530000686645508,16.690000534057617,16.459999084472656,16.485000610351562,273560,0.0,0.0
2023-10-30 10:30:00-04:00,16.485000610351562,16.6200008392334,16.450000762939453,16.5,791345,0.0,0.0
2023-10-30 11:30:00-04:00,16.5,16.559999465942383,16.479999542236328,16.4950008392334,267647,0.0,0.0
2023-10-30 12:30:00-04:00,16.4950008392334,16.53499984741211,16.440000534057617,16.52519989013672,571432,0.0,0.0
2023-10-30 13:30:00-04:00,16.524999618530273,16.6200008392334,16.4950008392334,16.6200008392334,228874,0.0,0.0
2023-10-30 14:30:00-04:00,16.610000610351562,16.700000762939453,16.610000610351562,16.69499969482422,306921,0.0,0.0
2023-10-30 15:30:00-04:00,16.69499969482422,16.69499969482422,16.6299991607666,16.65999984741211,524499,0.0,0.0
2023-10-31 09:30:00-04:00,16.729999542236328,16.81999969482422,16.674999237060547,16.809999465942383,290290,0.0,0.0
2023-10-31 10:30:00-04:00,16.809999465942383,16.860000610351562,16.68000030517578,16.7450008392334,399805,0.0,0.0
2023-10-31 11:30:00-04:00,16.7450008392334,16.760000228881836,16.649999618530273,16.690000534057617,225433,0.0,0.0
2023-10-31 12:30:00-04:00,16.700000762939453,16.71500015258789,16.639999389648438,16.674999237060547,235618,0.0,0.0
2023-10-31 13:30:00-04:00,16.68000030517578,16.71500015258789,16.625,16.625,250791,0.0,0.0
2023-10-31 14:30:00-04:00,16.6200008392334,16.709999084472656,16.610000610351562,16.670000076293945,319234,0.0,0.0
2023-10-31 15:30:00-04:00,16.65999984741211,16.65999984741211,16.59000015258789,16.655000686645508,805710,0.0,0.0
2023-11-01 09:30:00-04:00,16.700000762939453,16.790000915527344,16.530000686645508,16.610000610351562,305802,0.0,0.0
2023-11-01 10:30:00-04:00,16.604999542236328,16.7450008392334,16.584999084472656,16.600000381469727,315030,0.0,0.0
2023-11-01 11:30:00-04:00,16.600000381469727,16.65999984741211,16.582500457763672,16.59000015258789,252347,0.0,0.0
2023-11-01 12:30:00-04:00,16.59000015258789,16.625,16.524999618530273,16.545000076293945,233974,0.0,0.0
2023-11-01 13:30:00-04:00,16.545000076293945,16.600000381469727,16.5049991607666,16.545000076293945,294619,0.0,0.0
2023-11-01 14:30:00-04:00,16.545000076293945,16.700000762939453,16.5049991607666,16.655000686645508,438511,0.0,0.0
2023-11-01 15:30:00-04:00,16.655000686645508,16.684999465942383,16.6200008392334,16.6200008392334,575940,0.0,0.0
2023-11-02 09:30:00-04:00,16.719999313354492,17.094999313354492,16.68000030517578,16.934999465942383,513180,0.0,0.0
2023-11-02 10:30:00-04:00,16.93000030517578,17.020000457763672,16.899999618530273,16.959999084472656,556034,0.0,0.0
2023-11-02 11:30:00-04:00,16.959999084472656,16.975000381469727,16.8799991607666,16.910999298095703,325149,0.0,0.0
2023-11-02 12:30:00-04:00,16.915000915527344,17.030000686645508,16.90999984741211,17.020000457763672,300033,0.0,0.0
2023-11-02 13:30:00-04:00,17.014999389648438,17.1200008392334,17.010000228881836,17.114999771118164,286883,0.0,0.0
2023-11-02 14:30:00-04:00,17.11039924621582,17.149999618530273,17.059999465942383,17.149999618530273,492158,0.0,0.0
2023-11-02 15:30:00-04:00,17.149999618530273,17.209999084472656,17.135000228881836,17.162500381469727,1109859,0.0,0.0
2023-11-03 09:30:00-04:00,17.34000015258789,17.530000686645508,17.34000015258789,17.440000534057617,756946,0.0,0.0
2023-11-03 10:30:00-04:00,17.440000534057617,17.454999923706055,17.334999084472656,17.389999389648438,576006,0.0,0.0
2023-11-03 11:30:00-04:00,17.395000457763672,17.53499984741211,17.395000457763672,17.53499984741211,474394,0.0,0.0
2023-11-03 12:30:00-04:00,17.540000915527344,17.635000228881836,17.53499984741211,17.614999771118164,464230,0.0,0.0
2023-11-03 13:30:00-04:00,17.614999771118164,17.75,17.614999771118164,17.729999542236328,548331,0.0,0.0
2023-11-03 14:30:00-04:00,17.725000381469727,17.75,17.683300018310547,17.704999923706055,364145,0.0,0.0
2023-11-03 15:30:00-04:00,17.704999923706055,17.709999084472656,17.594999313354492,17.6200008392334,1015964,0.0,0.0
2023-11-06 09:30:00-05:00,17.610000610351562,17.75,17.360000610351562,17.434999465942383,892382,0.0,0.0
2023-11-06 10:30:00-05:00,17.434999465942383,17.610000610351562,17.399999618530273,17.514999389648438,1506653,0.0,0.0
2023-11-06 11:30:00-05:00,17.514999389648438,17.549999237060547,17.114999771118164,17.31999969482422,1705188,0.0,0.0
2023-11-06 12:30:00-05:00,17.31999969482422,17.434999465942383,17.309999465942383,17.375,668714,0.0,0.0
2023-11-06 13:30:00-05:00,17.375,17.389999389648438,17.325000762939453,17.375,561089,0.0,0.0
2023-11-06 14:30:00-05:00,17.375,17.46500015258789,17.364999771118164,17.415000915527344,1012954,0.0,0.0
2023-11-06 15:30:00-05:00,17.420000076293945,17.479999542236328,17.40999984741211,17.469999313354492,1391956,0.0,0.0
2023-11-07 09:30:00-05:00,18.420000076293945,18.670000076293945,18.25,18.649999618530273,2229545,0.0,0.0
2023-11-07 10:30:00-05:00,18.645000457763672,18.850000381469727,18.6299991607666,18.65999984741211,1015353,0.0,0.0
2023-11-07 11:30:00-05:00,18.665000915527344,19.024999618530273,18.660200119018555,19.010099411010742,929331,0.0,0.0
2023-11-07 12:30:00-05:00,19.014999389648438,19.209999084472656,18.979999542236328,19.100000381469727,622878,0.0,0.0
2023-11-07 13:30:00-05:00,19.09000015258789,19.19499969482422,18.989999771118164,19.049999237060547,671191,0.0,0.0
2023-11-07 14:30:00-05:00,19.045000076293945,19.049999237060547,18.780000686645508,18.934999465942383,942650,0.0,0.0
2023-11-07 15:30:00-05:00,18.934999465942383,18.969999313354492,18.88249969482422,18.920000076293945,1215755,0.0,0.0
2023-11-08 09:30:00-05:00,18.950000762939453,19.3700008392334,18.850000381469727,19.329999923706055,1499662,0.0,0.0
2023-11-08 10:30:00-05:00,19.334999084472656,19.354999542236328,19.149999618530273,19.25,1580132,0.0,0.0
2023-11-08 11:30:00-05:00,19.239999771118164,19.454999923706055,19.204999923706055,19.350000381469727,613022,0.0,0.0
2023-11-08 12:30:00-05:00,19.350000381469727,19.5,19.292499542236328,19.4950008392334,697878,0.0,0.0
2023-11-08 13:30:00-05:00,19.4950008392334,19.53499984741211,19.270000457763672,19.344999313354492,769986,0.0,0.0
2023-11-08 14:30:00-05:00,19.344999313354492,19.3799991607666,19.299999237060547,19.350000381469727,721165,0.0,0.0
2023-11-08 15:30:00-05:00,19.354999542236328,19.450000762939453,19.290000915527344,19.309999465942383,1417870,0.0,0.0
2023-11-09 09:30:00-05:00,19.360000610351562,19.360000610351562,19.1200008392334,19.209999084472656,576065,0.0,0.0
2023-11-09 10:30:00-05:00,19.21500015258789,19.309999465942383,19.135000228881836,19.30500030517578,567670,0.0,0.0
2023-11-09 11:30:00-05:00,19.30500030517578,19.30500030517578,19.020000457763672,19.045000076293945,326814,0.0,0.0
2023-11-09 12:30:00-05:00,19.040000915527344,19.219999313354492,19.010000228881836,19.190000534057617,438194,0.0,0.0
2023-11-09 13:30:00-05:00,19.18000030517578,19.18000030517578,19.040000915527344,19.110000610351562,516271,0.0,0.0
2023-11-09 14:30:00-05:00,19.100000381469727,19.139999389648438,19.0,19.0049991607666,395984,0.0,0.0
2023-11-09 15:30:00-05:00,19.0049991607666,19.020000457763672,18.93000030517578,19.010000228881836,980184,0.0,0.0
2023-11-10 09:30:00-05:00,19.149999618530273,19.149999618530273,18.8700008392334,18.895000457763672,442620,0.0,0.0
2023-11-10 10:30:00-05:00,18.889999389648438,18.920000076293945,18.752599716186523,18.889999389648438,338563,0.0,0.0
2023-11-10 11:30:00-05:00,18.897499084472656,18.934999465942383,18.780000686645508,18.8799991607666,290044,0.0,0.0
2023-11-10 12:30:00-05:00,18.8799991607666,19.15999984741211,18.8799991607666,19.149999618530273,396823,0.0,0.0
2023-11-10 13:30:00-05:00,19.149999618530273,19.18000030517578,19.1200008392334,19.165000915527344,313824,0.0,0.0
2023-11-10 14:30:00-05:00,19.165000915527344,19.290000915527344,19.149999618530273,19.274999618530273,1090372,0.0,0.0
2023-11-10 15:30:00-05:00,19.270000457763672,19.344999313354492,19.239999771118164,19.290000915527344,1486093,0.0,0.0
2023-11-13 09:30:00-05:00,19.200000762939453,19.239999771118164,19.0,19.05500030517578,327947,0.0,0.0
2023-11-13 10:30:00-05:00,19.05500030517578,19.06999969482422,18.954999923706055,19.0,268295,0.0,0.0
2023-11-13 11:30:00-05:00,19.0049991607666,19.075000762939453,18.979999542236328,19.0049991607666,221851,0.0,0.0
2023-11-13 12:30:00-05:00,19.0,19.0,18.834999084472656,18.84749984741211,379171,0.0,0.0
2023-11-13 13:30:00-05:00,18.844999313354492,18.8799991607666,18.811100006103516,18.844999313354492,224453,0.0,0.0
2023-11-13 14:30:00-05:00,18.850000381469727,18.860000610351562,18.80500030517578,18.80500030517578,224427,0.0,0.0
2023-11-13 15:30:00-05:00,18.799999237060547,18.899999618530273,18.790000915527344,18.889999389648438,877419,0.0,0.0
2023-11-14 09:30:00-05:00,19.34000015258789,19.3799991607666,19.225000381469727,19.325000762939453,506006,0.0,0.0
2023-11-14 10:30:00-05:00,19.325000762939453,19.610000610351562,19.31999969482422,19.59000015258789,425914,0.0,0.0
2023-11-14 11:30:00-05:00,19.59000015258789,19.639999389648438,19.530000686645508,19.600000381469727,293168,0.0,0.0
2023-11-14 12:30:00-05:00,19.600000381469727,19.639999389648438,19.56999969482422,19.575000762939453,233828,0.0,0.0
2023-11-14 13:30:00-05:00,19.579999923706055,19.65999984741211,19.55500030517578,19.56999969482422,313660,0.0,0.0
2023-11-14 14:30:00-05:00,19.565000534057617,19.639999389648438,19.540000915527344,19.635000228881836,273202,0.0,0.0
2023-11-14 15:30:00-05:00,19.635000228881836,19.65999984741211,19.579999923706055,19.6299991607666,830010,0.0,0.0
2023-11-15 09:30:00-05:00,19.649999618530273,19.860000610351562,19.610000610351562,19.791000366210938,420934,0.0,0.0
2023-11-15 10:30:00-05:00,19.799999237060547,19.950000762939453,19.78499984741211,19.885000228881836,528896,0.0,0.0
2023-11-15 11:30:00-05:00,19.885000228881836,19.885000228881836,19.809999465942383,19.860000610351562,326111,0.0,0.0
2023-11-15 12:30:00-05:00,19.862699508666992,19.864999771118164,19.75,19.7549991607666,172645,0.0,0.0
2023-11-15 13:30:00-05:00,19.7549991607666,19.770000457763672,19.65999984741211,19.700000762939453,307975,0.0,0.0
2023-11-15 14:30:00-05:00,19.704999923706055,19.729999542236328,19.690000534057617,19.704999923706055,308427,0.0,0.0
2023-11-15 15:30:00-05:00,19.709999084472656,19.799999237060547,19.690000534057617,19.780000686645508,861883,0.0,0.0
2023-11-16 09:30:00-05:00,19.739999771118164,20.094999313354492,19.729999542236328,20.065000534057617,544400,0.0,0.0
2023-11-16 10:30:00-05:00,20.065000534057617,20.165000915527344,19.989999771118164,20.084999084472656,658790,0.0,0.0
2023-11-16 11:30:00-05:00,20.09000015258789,20.155000686645508,20.049999237060547,20.1200008392334,551714,0.0,0.0
2023-11-16 12:30:00-05:00,20.1299991607666,20.190000534057617,20.100000381469727,20.165000915527344,448975,0.0,0.0
2023-11-16 13:30:00-05:00,20.162500381469727,20.280000686645508,20.15999984741211,20.264999389648438,389045,0.0,0.0
2023-11-16 14:30:00-05:00,20.264999389648438,20.389999389648438,20.239999771118164,20.350000381469727,760097,0.0,0.0
2023-11-16 15:30:00-05:00,20.342500686645508,20.420000076293945,20.329999923706055,20.420000076293945,1606625,0.0,0.0
2023-11-17 09:30:00-05:00,20.469999313354492,20.50029945373535,20.290000915527344,20.350000381469727,888361,0.0,0.0
2023-11-17 10:30:00-05:00,20.34269905090332,20.420000076293945,20.325000762939453,20.395000457763672,371243,0.0,0.0
2023-11-17 11:30:00-05:00,20.389999389648438,20.510000228881836,20.360000610351562,20.5,491556,0.0,0.0
2023-11-17 12:30:00-05:00,20.4950008392334,20.579999923706055,20.459999084472656,20.545000076293945,388603,0.0,0.0
2023-11-17 13:30:00-05:00,20.549999237060547,20.6200008392334,20.540000915527344,20.604999542236328,378792,0.0,0.0
2023-11-17 14:30:00-05:00,20.610000610351562,20.670000076293945,20.59000015258789,20.610000610351562,750032,0.0,0.0
2023-11-17 15:30:00-05:00,20.610000610351562,20.68000030517578,20.520000457763672,20.670000076293945,1256040,0.0,0.0
2023-11-20 09:30:00-05:00,20.579999923706055,20.915000915527344,20.41790008544922,20.885000228881836,836507,0.0,0.0
2023-11-20 10:30:00-05:00,20.885000228881836,21.010000228881836,20.829999923706055,20.854999542236328,691670,0.0,0.0
2023-11-20 11:30:00-05:00,20.854999542236328,20.889999389648438,20.545000076293945,20.559999465942383,1817734,0.0,0.0
2023-11-20 12:30:00-05:00,20.55500030517578,20.735000610351562,20.510000228881836,20.729999542236328,534574,0.0,0.0
2023-11-20 13:30:00-05:00,20.725000381469727,20.81999969482422,20.719999313354492,20.772199630737305,346593,0.0,0.0
2023-11-20 14:30:00-05:00,20.774999618530273,20.875,20.774999618530273,20.83009910583496,374261,0.0,0.0
2023-11-20 15:30:00-05:00,20.829999923706055,20.83300018310547,20.770000457763672,20.809999465942383,615488,0.0,0.0
2023-11-21 09:30:00-05:00,21.389999389648438,21.760000228881836,21.260000228881836,21.579999923706055,2500348,0.0,0.0
2023-11-21 10:30:00-05:00,21.575000762939453,21.59000015258789,21.0,21.165000915527344,1046843,0.0,0.0
2023-11-21 11:30:00-05:00,21.170000076293945,21.299999237060547,21.110000610351562,21.219999313354492,429444,0.0,0.0
2023-11-21 12:30:00-05:00,21.225000381469727,21.229999542236328,21.09000015258789,21.094999313354492,260722,0.0,0.0
2023-11-21 13:30:00-05:00,21.094999313354492,21.190000534057617,21.09000015258789,21.139999389648438,352079,0.0,0.0
2023-11-21 14:30:00-05:00,21.139999389648438,21.200000762939453,20.94499969482422,20.96500015258789,580741,0.0,0.0
2023-11-21 15:30:00-05:00,20.96500015258789,21.135000228881836,20.959999084472656,21.079999923706055,874798,0.0,0.0
2023-11-22 09:30:00-05:00,21.15999984741211,21.329999923706055,21.040000915527344,21.165000915527344,522100,0.0,0.0
2023-11-22 10:30:00-05:00,21.15999984741211,21.325000762939453,21.149999618530273,21.325000762939453,342404,0.0,0.0
2023-11-22 11:30:00-05:00,21.325000762939453,21.334999084472656,21.25,21.274999618530273,228959,0.0,0.0
2023-11-22 12:30:00-05:00,21.274999618530273,21.274999618530273,21.209999084472656,21.2549991607666,373587,0.0,0.0
2023-11-22 13:30:00-05:00,21.260000228881836,21.260000228881836,21.200000762939453,21.229999542236328,248518,0.0,0.0
2023-11-22 14:30:00-05:00,21.229999542236328,21.270000457763672,21.19499969482422,21.25,729464,0.0,0.0
2023-11-22 15:30:00-05:00,21.2549991607666,21.270000457763672,21.170000076293945,21.190000534057617,764739,0.0,0.0
2023-11-24 09:30:00-05:00,21.200000762939453,21.270000457763672,20.920000076293945,21.204999923706055,505306,0.0,0.0
2023-11-24 10:30:00-05:00,21.204999923706055,21.239999771118164,21.149999618530273,21.15999984741211,581122,0.0,0.0
2023-11-24 11:30:00-05:00,21.1658992767334,21.264999389648438,21.149999618530273,21.2450008392334,207978,0.0,0.0
2023-11-27 09:30:00-05:00,21.270000457763672,21.56999969482422,21.200000762939453,21.434999465942383,623180,0.0,0.0
2023-11-27 10:30:00-05:00,21.434999465942383,21.5,21.3700008392334,21.479999542236328,564242,0.0,0.0
2023-11-27 11:30:00-05:00,21.485000610351562,21.547700881958008,21.34000015258789,21.469999313354492,929701,0.0,0.0
2023-11-27 12:30:00-05:00,21.46500015258789,21.479999542236328,21.3700008392334,21.395000457763672,450351,0.0,0.0
2023-11-27 13:30:00-05:00,21.395000457763672,21.479999542236328,21.360000610351562,21.364999771118164,743608,0.0,0.0
2023-11-27 14:30:00-05:00,21.3799991607666,21.450000762939453,21.329999923706055,21.440000534057617,638703,0.0,0.0
2023-11-27 15:30:00-05:00,21.434999465942383,21.459999084472656,21.329999923706055,21.329999923706055,855364,0.0,0.0
2023-11-28 09:30:00-05:00,21.299999237060547,21.375,21.219999313354492,21.25,654521,0.0,0.0
2023-11-28 10:30:00-05:00,21.2450008392334,21.375,21.15999984741211,21.329999923706055,951217,0.0,0.0
2023-11-28 11:30:00-05:00,21.34000015258789,21.5,21.339500427246094,21.459999084472656,403408,0.0,0.0
2023-11-28 12:30:00-05:00,21.454999923706055,21.549999237060547,21.309999465942383,21.354999542236328,597758,0.0,0.0
2023-11-28 13:30:00-05:00,21.350000381469727,21.350000381469727,21.2549991607666,21.334999084472656,489662,0.0,0.0
2023-11-28 14:30:00-05:00,21.334999084472656,21.434999465942383,21.280000686645508,21.295000076293945,727351,0.0,0.0
2023-11-28 15:30:00-05:00,21.295000076293945,21.3700008392334,21.270000457763672,21.329999923706055,1268985,0.0,0.0
2023-11-29 09:30:00-05:00,21.549999237060547,21.790000915527344,21.459999084472656,21.7549991607666,568653,0.0,0.0
2023-11-29 10:30:00-05:00,21.7549991607666,21.7549991607666,21.545000076293945,21.545000076293945,487920,0.0,0.0
2023-11-29 11:30:00-05:00,21.545000076293945,21.689899444580078,21.5049991607666,21.684999465942383,267467,0.0,0.0
2023-11-29 12:30:00-05:00,21.684999465942383,21.850000381469727,21.65999984741211,21.809999465942383,612329,0.0,0.0
2023-11-29 13:30:00-05:00,21.809999465942383,21.864999771118164,21.7450008392334,21.75,343613,0.0,0.0
2023-11-29 14:30:00-05:00,21.75,21.760000228881836,21.719999313354492,21.739999771118164,414141,0.0,0.0
2023-11-29 15:30:00-05:00,21.739999771118164,21.780000686645508,21.719999313354492,21.770000457763672,810067,0.0,0.0
2023-11-30 09:30:00-05:00,21.90999984741211,22.290000915527344,21.864999771118164,22.189899444580078,930122,0.0,0.0
2023-11-30 10:30:00-05:00,22.184999465942383,22.334999084472656,22.104999542236328,22.299999237060547,1464642,0.0,0.0
2023-11-30 11:30:00-05:00,22.299999237060547,22.350000381469727,22.135000228881836,22.174999237060547,424827,0.0,0.0
2023-11-30 12:30:00-05:00,22.18000030517578,22.21500015258789,22.110000610351562,22.19499969482422,520244,0.0,0.0
2023-11-30 13:30:00-05:00,22.19499969482422,22.31999969482422,22.170000076293945,22.299999237060547,680945,0.0,0.0
2023-11-30 14:30:00-05:00,22.309999465942383,22.389999389648438,22.290000915527344,22.295000076293945,709848,0.0,0.0
2023-11-30 15:30:00-05:00,22.295000076293945,22.350000381469727,21.959999084472656,22.06999969482422,2861632,0.0,0.0
2023-12-01 09:30:00-05:00,22.100000381469727,22.139999389648438,21.799999237060547,21.989999771118164,554896,0.0,0.0
2023-12-01 10:30:00-05:00,21.9950008392334,22.075000762939453,21.905000686645508,22.06999969482422,401439,0.0,0.0
2023-12-01 11:30:00-05:00,22.06999969482422,22.309999465942383,22.040000915527344,22.274999618530273,425408,0.0,0.0
2023-12-01 12:30:00-05:00,22.270000457763672,22.325000762939453,22.239999771118164,22.299999237060547,292579,0.0,0.0
2023-12-01 13:30:00-05:00,22.299999237060547,22.299999237060547,22.200000762939453,22.28499984741211,341713,0.0,0.0
2023-12-01 14:30:00-05:00,22.28499984741211,22.315000534057617,22.2450008392334,22.31100082397461,347084,0.0,0.0
2023-12-01 15:30:00-05:00,22.309999465942383,22.3700008392334,22.30500030517578,22.34000015258789,870405,0.0,0.0
2023-12-04 09:30:00-05:00,22.229999542236328,22.7549991607666,22.18000030517578,22.56999969482422,847070,0.0,0.0
2023-12-04 10:30:00-05:00,22.565000534057617,22.6200008392334,22.434999465942383,22.440000534057617,432730,0.0,0.0
2023-12-04 11:30:00-05:00,22.43000030517578,22.517499923706055,22.385000228881836,22.459999084472656,396477,0.0,0.0
2023-12-04 12:30:00-05:00,22.454999923706055,22.46500015258789,22.309999465942383,22.325000762939453,242091,0.0,0.0
2023-12-04 13:30:00-05:00,22.31999969482422,22.360000610351562,22.290000915527344,22.30500030517578,318404,0.0,0.0
2023-12-04 14:30:00-05:00,22.309999465942383,22.440000534057617,22.280000686645508,22.395000457763672,287701,0.0,0.0
2023-12-04 15:30:00-05:00,22.399999618530273,22.510000228881836,22.385000228881836,22.5,645682,0.0,0.0
2023-12-05 09:30:00-05:00,22.299999237060547,22.34000015258789,22.110000610351562,22.235000610351562,376002,0.0,0.0
2023-12-05 10:30:00-05:00,22.239999771118164,22.329999923706055,22.15999984741211,22.309999465942383,259121,0.0,0.0
2023-12-05 11:30:00-05:00,22.299999237060547,22.334999084472656,22.200000762939453,22.25,228996,0.0,0.0
2023-12-05 12:30:00-05:00,22.25,22.260000228881836,22.155000686645508,22.155000686645508,294998,0.0,0.0
2023-12-05 13:30:00-05:00,22.149999618530273,22.229999542236328,22.1200008392334,22.20599937438965,220577,0.0,0.0
2023-12-05 14:30:00-05:00,22.204999923706055,22.34000015258789,22.18000030517578,22.309999465942383,465370,0.0,0.0
2023-12-05 15:30:00-05:00,22.30500030517578,22.329999923706055,22.229999542236328,22.25,643302,0.0,0.0
2023-12-06 09:30:00-05:00,22.40999984741211,22.44499969482422,22.280000686645508,22.299999237060547,278663,0.0,0.0
2023-12-06 10:30:00-05:00,22.309999465942383,22.469999313354492,22.30500030517578,22.44499969482422,224547,0.0,0.0
2023-12-06 11:30:00-05:00,22.440000534057617,22.479999542236328,22.350000381469727,22.405000686645508,267227,0.0,0.0
2023-12-06 12:30:00-05:00,22.40999984741211,22.43000030517578,22.354999542236328,22.415000915527344,262519,0.0,0.0
2023-12-06 13:30:00-05:00,22.415000915527344,22.440000534057617,22.309999465942383,22.325000762939453,346842,0.0,0.0
2023-12-06 14:30:00-05:00,22.329999923706055,22.344999313354492,22.18000030517578,22.184999465942383,202779,0.0,0.0
2023-12-06 15:30:00-05:00,22.184999465942383,22.219999313354492,22.104999542236328,22.1299991607666,571350,0.0,0.0
2023-12-07 09:30:00-05:00,22.209999084472656,22.399999618530273,22.075000762939453,22.35099983215332,317957,0.0,0.0
2023-12-07 10:30:00-05:00,22.360000610351562,22.364999771118164,22.135000228881836,22.174999237060547,263987,0.0,0.0
2023-12-07 11:30:00-05:00,22.174999237060547,22.329999923706055,22.15999984741211,22.309999465942383,282524,0.0,0.0
2023-12-07 12:30:00-05:00,22.309999465942383,22.34000015258789,22.270000457763672,22.309999465942383,112896,0.0,0.0
2023-12-07 13:30:00-05:00,22.309999465942383,22.34000015258789,22.2450008392334,22.260000228881836,210142,0.0,0.0
2023-12-07 14:30:00-05:00,22.260000228881836,22.274999618530273,22.204999923706055,22.260000228881836,211060,0.0,0.0
2023-12-07 15:30:00-05:00,22.260000228881836,22.315000534057617,22.222000122070312,22.264999389648438,393139,0.0,0.0
2023-12-08 09:30:00-05:00,22.15999984741211,22.260000228881836,22.110000610351562,22.114999771118164,358847,0.0,0.0
2023-12-08 10:30:00-05:00,22.114999771118164,22.239999771118164,22.040000915527344,22.05500030517578,364095,0.0,0.0
2023-12-08 11:30:00-05:00,22.059999465942383,22.09000015258789,21.969999313354492,22.0049991607666,300440,0.0,0.0
2023-12-08 12:30:00-05:00,22.010000228881836,22.139999389648438,21.989999771118164,22.1200008392334,307622,0.0,0.0
2023-12-08 13:30:00-05:00,22.114999771118164,22.174999237060547,22.094999313354492,22.155000686645508,228389,0.0,0.0
2023-12-08 14:30:00-05:00,22.15999984741211,22.219999313354492,22.149999618530273,22.204999923706055,264012,0.0,0.0
2023-12-08 15:30:00-05:00,22.209999084472656,22.239999771118164,22.139999389648438,22.139999389648438,466195,0.0,0.0
2023-12-11 09:30:00-05:00,22.170000076293945,22.190000534057617,22.010000228881836,22.114999771118164,352321,0.0,0.0
2023-12-11 10:30:00-05:00,22.114999771118164,22.239999771118164,22.084999084472656,22.155000686645508,243821,0.0,0.0
2023-12-11 11:30:00-05:00,22.15999984741211,22.36750030517578,22.139999389648438,22.276500701904297,222597,0.0,0.0
2023-12-11 12:30:00-05:00,22.280000686645508,22.299999237060547,22.239999771118164,22.290000915527344,143576,0.0,0.0
2023-12-11 13:30:00-05:00,22.290000915527344,22.31999969482422,22.25,22.25,169562,0.0,0.0
2023-12-11 14:30:00-05:00,22.2549991607666,22.274999618530273,22.190000534057617,22.19499969482422,259252,0.0,0.0
2023-12-11 15:30:00-05:00,22.19499969482422,22.229999542236328,22.184999465942383,22.21500015258789,486971,0.0,0.0
2023-12-12 09:30:00-05:00,22.260000228881836,22.439699172973633,22.139999389648438,22.434999465942383,300333,0.0,0.0
2023-12-12 10:30:00-05:00,22.440000534057617,22.475000381469727,22.40999984741211,22.43000030517578,294050,0.0,0.0
2023-12-12 11:30:00-05:00,22.43000030517578,22.440000534057617,22.30500030517578,22.385000228881836,196920,0.0,0.0
2023-12-12 12:30:00-05:00,22.375,22.440000534057617,22.3700008392334,22.415000915527344,197518,0.0,0.0
2023-12-12 13:30:00-05:00,22.415000915527344,22.43000030517578,22.264999389648438,22.270000457763672,240875,0.0,0.0
2023-12-12 14:30:00-05:00,22.264999389648438,22.34000015258789,22.264999389648438,22.334999084472656,241515,0.0,0.0
2023-12-12 15:30:00-05:00,22.329999923706055,22.360000610351562,22.299999237060547,22.360000610351562,623002,0.0,0.0
2023-12-13 09:30:00-05:00,22.34000015258789,22.34000015258789,22.09000015258789,22.280000686645508,305265,0.0,0.0
2023-12-13 10:30:00-05:00,22.280000686645508,22.31999969482422,22.209999084472656,22.21500015258789,321061,0.0,0.0
2023-12-13 11:30:00-05:00,22.209999084472656,22.229999542236328,22.170000076293945,22.174999237060547,156024,0.0,0.0
2023-12-13 12:30:00-05:00,22.174999237060547,22.205299377441406,22.165000915527344,22.19499969482422,141929,0.0,0.0
2023-12-13 13:30:00-05:00,22.19499969482422,22.5,22.174999237060547,22.5,377122,0.0,0.0
2023-12-13 14:30:00-05:00,22.4950008392334,22.700000762939453,22.450000762939453,22.5049991607666,438456,0.0,0.0
2023-12-13 15:30:00-05:00,22.5049991607666,22.59000015258789,22.479999542236328,22.520000457763672,673307,0.0,0.0
2023-12-14 09:30:00-05:00,22.729999542236328,22.829999923706055,22.59079933166504,22.649999618530273,658358,0.0,0.0
2023-12-14 10:30:00-05:00,22.65999984741211,22.709999084472656,22.5,22.586000442504883,414423,0.0,0.0
2023-12-14 11:30:00-05:00,22.584999084472656,22.924999237060547,22.584999084472656,22.860000610351562,349078,0.0,0.0
2023-12-14 12:30:00-05:00,22.864999771118164,22.864999771118164,22.719999313354492,22.760000228881836,219264,0.0,0.0
2023-12-14 13:30:00-05:00,22.7549991607666,22.78499984741211,22.69300079345703,22.764999389648438,288126,0.0,0.0
2023-12-14 14:30:00-05:00,22.760000228881836,22.899999618530273,22.739999771118164,22.844999313354492,440736,0.0,0.0
2023-12-14 15:30:00-05:00,22.850000381469727,22.969999313354492,22.850000381469727,22.969999313354492,902308,0.0,0.0
2023-12-15 09:30:00-05:00,22.979999542236328,23.25,22.899999618530273,23.170000076293945,862884,0.0,0.0
2023-12-15 10:30:00-05:00,23.165000915527344,23.329999923706055,23.149999618530273,23.225000381469727,377573,0.0,0.0
2023-12-15 11:30:00-05:00,23.225000381469727,23.280000686645508,23.18000030517578,23.264999389648438,260199,0.0,0.0
2023-12-15 12:30:00-05:00,23.264999389648438,23.270000457763672,23.170000076293945,23.184999465942383,218531,0.0,0.0
2023-12-15 13:30:00-05:00,23.190000534057617,23.200000762939453,23.030000686645508,23.059999465942383,490965,0.0,0.0
2023-12-15 14:30:00-05:00,23.059999465942383,23.110000610351562,23.014999389648438,23.065000534057617,408188,0.0,0.0
2023-12-15 15:30:00-05:00,23.065000534057617,23.21500015258789,23.03499984741211,23.15999984741211,1044933,0.0,0.0
2023-12-18 09:30:00-05:00,23.149999618530273,23.290000915527344,23.030000686645508,23.200000762939453,347774,0.0,0.0
2023-12-18 10:30:00-05:00,23.190000534057617,23.31999969482422,23.143600463867188,23.31999969482422,227975,0.0,0.0
2023-12-18 11:30:00-05:00,23.315000534057617,23.3700008392334,23.264999389648438,23.334999084472656,253392,0.0,0.0
2023-12-18 12:30:00-05:00,23.334999084472656,23.3799991607666,23.315000534057617,23.3700008392334,186590,0.0,0.0
2023-12-18 13:30:00-05:00,23.3700008392334,23.385000228881836,23.260000228881836,23.274999618530273,150671,0.0,0.0
2023-12-18 14:30:00-05:00,23.274999618530273,23.280000686645508,23.174999237060547,23.184999465942383,165658,0.0,0.0
2023-12-18 15:30:00-05:00,23.18000030517578,23.200000762939453,23.1299991607666,23.170000076293945,385672,0.0,0.0
2023-12-19 09:30:00-05:00,23.219999313354492,23.239999771118164,22.920000076293945,23.19499969482422,340932,0.0,0.0
2023-12-19 10:30:00-05:00,23.190000534057617,23.31999969482422,23.155000686645508,23.229999542236328,161628,0.0,0.0
2023-12-19 11:30:00-05:00,23.2450008392334,23.260000228881836,23.18000030517578,23.239999771118164,163170,0.0,0.0
2023-12-19 12:30:00-05:00,23.235000610351562,23.274999618530273,23.225000381469727,23.264999389648438,111535,0.0,0.0
2023-12-19 13:30:00-05:00,23.270000457763672,23.280000686645508,23.21500015258789,23.225000381469727,143328,0.0,0.0
2023-12-19 14:30:00-05:00,23.225000381469727,23.274999618530273,23.209999084472656,23.264999389648438,163380,0.0,0.0
2023-12-19 15:30:00-05:00,23.264999389648438,23.290000915527344,23.204999923706055,23.270000457763672,424479,0.0,0.0
2023-12-20 09:30:00-05:00,23.190000534057617,23.270000457763672,23.100000381469727,23.145000457763672,271853,0.0,0.0
2023-12-20 10:30:00-05:00,23.149999618530273,23.21619987487793,23.145000457763672,23.209999084472656,244782,0.0,0.0
2023-12-20 11:30:00-05:00,23.21500015258789,23.28499984741211,23.190000534057617,23.229999542236328,192965,0.0,0.0
2023-12-20 12:30:00-05:00,23.229999542236328,23.239999771118164,23.135000228881836,23.155000686645508,144924,0.0,0.0
2023-12-20 13:30:00-05:00,23.155000686645508,23.190000534057617,23.1299991607666,23.139999389648438,109404,0.0,0.0
2023-12-20 14:30:00-05:00,23.1299991607666,23.13990020751953,22.791099548339844,22.815000534057617,288975,0.0,0.0
2023-12-20 15:30:00-05:00,22.815000534057617,22.860000610351562,22.760000228881836,22.770000457763672,486805,0.0,0.0
2023-12-21 09:30:00-05:00,22.959999084472656,23.020000457763672,22.850000381469727,22.90999984741211,249765,0.0,0.0
2023-12-21 10:30:00-05:00,22.90999984741211,22.9950008392334,22.90999984741211,22.979999542236328,177055,0.0,0.0
2023-12-21 11:30:00-05:00,22.985000610351562,23.024999618530273,22.8799991607666,22.899999618530273,181928,0.0,0.0
2023-12-21 12:30:00-05:00,22.895000457763672,22.969999313354492,22.889999389648438,22.959999084472656,186083,0.0,0.0
2023-12-21 13:30:00-05:00,22.959999084472656,23.049999237060547,22.940000534057617,23.049999237060547,218989,0.0,0.0
2023-12-21 14:30:00-05:00,23.045000076293945,23.219999313354492,23.03499984741211,23.21500015258789,434454,0.0,0.0
2023-12-21 15:30:00-05:00,23.219999313354492,23.229999542236328,23.139999389648438,23.18000030517578,495020,0.0,0.0
2023-12-22 09:30:00-05:00,23.299999237060547,23.385000228881836,23.110000610351562,23.135000228881836,193341,0.0,0.0
2023-12-22 10:30:00-05:00,23.139999389648438,23.190000534057617,23.073999404907227,23.135000228881836,199900,0.0,0.0
2023-12-22 11:30:00-05:00,23.139999389648438,23.16990089416504,23.03499984741211,23.079999923706055,183578,0.0,0.0
2023-12-22 12:30:00-05:00,23.079999923706055,23.094999313354492,23.043899536132812,23.065000534057617,136921,0.0,0.0
2023-12-22 13:30:00-05:00,23.059999465942383,23.06999969482422,22.90999984741211,22.920000076293945,167628,0.0,0.0
2023-12-22 14:30:00-05:00,22.90999984741211,23.094999313354492,22.889999389648438,23.06999969482422,234594,0.0,0.0
2023-12-22 15:30:00-05:00,23.06999969482422,23.139999389648438,23.059999465942383,23.139999389648438,392937,0.0,0.0
2023-12-26 09:30:00-05:00,23.06999969482422,23.170000076293945,23.010000228881836,23.170000076293945,185240,0.0,0.0
2023-12-26 10:30:00-05:00,23.174999237060547,23.19879913330078,23.114999771118164,23.174999237060547,111875,0.0,0.0
2023-12-26 11:30:00-05:00,23.18000030517578,23.23539924621582,23.18000030517578,23.204999923706055,86582,0.0,0.0
2023-12-26 12:30:00-05:00,23.209999084472656,23.28499984741211,23.19499969482422,23.273399353027344,125887,0.0,0.0
2023-12-26 13:30:00-05:00,23.280000686645508,23.325000762939453,23.174999237060547,23.174999237060547,139282,0.0,0.0
2023-12-26 14:30:00-05:00,23.170000076293945,23.280000686645508,23.170000076293945,23.260000228881836,182587,0.0,0.0
2023-12-26 15:30:00-05:00,23.260000228881836,23.280000686645508,23.190000534057617,23.209999084472656,252357,0.0,0.0
2023-12-27 09:30:00-05:00,23.219999313354492,23.219999313354492,23.06999969482422,23.100000381469727,236160,0.0,0.0
2023-12-27 10:30:00-05:00,23.100000381469727,23.100000381469727,23.020000457763672,23.06999969482422,140860,0.0,0.0
2023-12-27 11:30:00-05:00,23.065000534057617,23.110000610351562,23.059999465942383,23.065000534057617,87101,0.0,0.0
2023-12-27 12:30:00-05:00,23.06999969482422,23.100000381469727,23.010000228881836,23.030000686645508,116155,0.0,0.0
2023-12-27 13:30:00-05:00,23.03499984741211,23.06999969482422,22.950000762939453,23.014999389648438,139672,0.0,0.0
2023-12-27 14:30:00-05:00,23.010000228881836,23.045000076293945,22.959999084472656,23.0049991607666,166769,0.0,0.0
2023-12-27 15:30:00-05:00,23.0049991607666,23.040000915527344,22.969999313354492,23.0,343198,0.0,0.0
2023-12-28 09:30:00-05:00,23.0,23.06999969482422,22.94499969482422,22.989999771118164,183538,0.0,0.0
2023-12-28 10:30:00-05:00,22.9950008392334,23.014999389648438,22.90999984741211,22.94499969482422,96760,0.0,0.0
2023-12-28 11:30:00-05:00,22.94499969482422,22.969999313354492,22.892499923706055,22.905000686645508,98929,0.0,0.0
2023-12-28 12:30:00-05:00,22.905000686645508,22.950000762939453,22.891199111938477,22.94499969482422,95048,0.0,0.0
2023-12-28 13:30:00-05:00,22.948999404907227,22.989999771118164,22.924999237060547,22.959999084472656,148116,0.0,0.0
2023-12-28 14:30:00-05:00,22.9601993560791,22.9950008392334,22.934999465942383,22.969999313354492,199852,0.0,0.0
2023-12-28 15:30:00-05:00,22.969999313354492,23.0049991607666,22.940000534057617,22.989999771118164,318568,0.0,0.0
2023-12-29 09:30:00-05:00,22.959999084472656,22.979999542236328,22.760000228881836,22.850200653076172,218761,0.0,0.0
2023-12-29 10:30:00-05:00,22.850000381469727,22.8700008392334,22.75,22.755399703979492,190595,0.0,0.0
2023-12-29 11:30:00-05:00,22.7549991607666,22.809999465942383,22.71500015258789,22.7450008392334,139948,0.0,0.0
2023-12-29 12:30:00-05:00,22.7450008392334,22.834999084472656,22.739999771118164,22.764999389648438,226905,0.0,0.0
2023-12-29 13:30:00-05:00,22.764999389648438,22.81999969482422,22.75,22.790000915527344,189770,0.0,0.0
2023-12-29 14:30:00-05:00,22.799999237060547,22.84000015258789,22.764999389648438,22.80500030517578,192380,0.0,0.0
2023-12-29 15:30:00-05:00,22.80500030517578,22.829999923706055,22.739999771118164,22.819000244140625,386928,0.0,0.0
2024-01-02 09:30:00-05:00,22.729999542236328,22.780000686645508,22.440000534057617,22.575000762939453,403339,0.0,0.0
2024-01-02 10:30:00-05:00,22.56999969482422,22.81999969482422,22.46500015258789,22.764999389648438,495357,0.0,0.0
2024-01-02 11:30:00-05:00,22.770000457763672,22.864999771118164,22.71500015258789,22.829999923706055,310788,0.0,0.0
2024-01-02 12:30:00-05:00,22.829999923706055,22.875,22.7450008392334,22.854999542236328,244454,0.0,0.0
2024-01-02 13:30:00-05:00,22.854999542236328,22.899999618530273,22.764999389648438,22.81999969482422,320429,0.0,0.0
2024-01-02 14:30:00-05:00,22.825000762939453,22.920000076293945,22.719999313354492,22.735000610351562,391509,0.0,0.0
2024-01-02 15:30:00-05:00,22.739999771118164,22.809999465942383,22.729999542236328,22.80500030517578,556286,0.0,0.0
2024-01-03 09:30:00-05:00,22.68000030517578,22.81999969482422,22.43000030517578,22.690000534057617,406176,0.0,0.0
2024-01-03 10:30:00-05:00,22.68000030517578,22.719999313354492,22.5,22.55500030517578,286189,0.0,0.0
2024-01-03 11:30:00-05:00,22.549999237060547,22.65999984741211,22.540000915527344,22.625,189157,0.0,0.0
2024-01-03 12:30:00-05:00,22.625,22.690000534057617,22.604999542236328,22.639999389648438,128284,0.0,0.0
2024-01-03 13:30:00-05:00,22.645000457763672,22.65999984741211,22.53499984741211,22.649999618530273,154045,0.0,0.0
2024-01-03 14:30:00-05:00,22.655000686645508,22.670000076293945,22.4950008392334,22.5049991607666,181573,0.0,0.0
2024-01-03 15:30:00-05:00,22.5049991607666,22.549999237060547,22.454999923706055,22.469999313354492,554835,0.0,0.0
2024-01-04 09:30:00-05:00,22.450000762939453,22.607500076293945,22.329999923706055,22.559999465942383,250483,0.0,0.0
2024-01-04 10:30:00-05:00,22.56999969482422,22.579999923706055,22.440000534057617,22.440000534057617,183047,0.0,0.0
2024-01-04 11:30:00-05:00,22.440000534057617,22.475000381469727,22.3799991607666,22.43000030517578,145216,0.0,0.0
2024-01-04 12:30:00-05:00,22.434999465942383,22.434999465942383,22.295000076293945,22.309999465942383,145164,0.0,0.0
2024-01-04 13:30:00-05:00,22.30500030517578,22.360000610351562,22.290000915527344,22.334999084472656,186674,0.0,0.0
2024-01-04 14:30:00-05:00,22.334999084472656,22.420000076293945,22.309999465942383,22.3799991607666,245462,0.0,0.0
2024-01-04 15:30:00-05:00,22.375,22.415000915527344,22.299999237060547,22.334999084472656,528254,0.0,0.0
2024-01-05 09:30:00-05:00,22.239999771118164,22.520000457763672,22.239999771118164,22.479999542236328,303009,0.0,0.0
2024-01-05 10:30:00-05:00,22.479999542236328,22.530000686645508,22.350000381469727,22.364999771118164,475549,0.0,0.0
2024-01-05 11:30:00-05:00,22.3700008392334,22.420000076293945,22.329999923706055,22.390600204467773,183386,0.0,0.0
2024-01-05 12:30:00-05:00,22.395000457763672,22.459999084472656,22.3799991607666,22.459999084472656,176799,0.0,0.0
2024-01-05 13:30:00-05:00,22.469999313354492,22.510000228881836,22.434999465942383,22.440000534057617,183079,0.0,0.0
2024-01-05 14:30:00-05:00,22.440000534057617,22.450000762939453,22.315000534057617,22.34000015258789,171675,0.0,0.0
2024-01-05 15:30:00-05:00,22.334999084472656,22.44499969482422,22.290000915527344,22.399999618530273,617187,0.0,0.0
2024-01-08 09:30:00-05:00,22.40999984741211,22.540000915527344,22.270000457763672,22.420000076293945,302874,0.0,0.0
2024-01-08 10:30:00-05:00,22.43000030517578,22.520000457763672,22.40250015258789,22.489999771118164,170889,0.0,0.0
2024-01-08 11:30:00-05:00,22.4950008392334,22.649999618530273,22.485000610351562,22.579999923706055,145079,0.0,0.0
2024-01-08 12:30:00-05:00,22.575000762939453,22.67530059814453,22.575000762939453,22.665000915527344,118924,0.0,0.0
2024-01-08 13:30:00-05:00,22.670000076293945,22.7450008392334,22.649999618530273,22.735000610351562,165169,0.0,0.0
2024-01-08 14:30:00-05:00,22.739999771118164,22.790000915527344,22.684999465942383,22.729999542236328,188683,0.0,0.0
2024-01-08 15:30:00-05:00,22.725000381469727,22.799999237060547,22.719999313354492,22.78499984741211,601099,0.0,0.0
2024-01-09 09:30:00-05:00,22.56999969482422,22.809999465942383,22.56999969482422,22.780000686645508,347226,0.0,0.0
2024-01-09 10:30:00-05:00,22.780000686645508,22.78499984741211,22.68000030517578,22.707199096679688,206555,0.0,0.0
2024-01-09 11:30:00-05:00,22.709999084472656,22.780000686645508,22.690000534057617,22.760000228881836,144928,0.0,0.0
2024-01-09 12:30:00-05:00,22.760000228881836,22.770000457763672,22.68000030517578,22.68000030517578,104602,0.0,0.0
2024-01-09 13:30:00-05:00,22.684999465942383,22.75,22.639999389648438,22.665000915527344,147977,0.0,0.0
2024-01-09 14:30:00-05:00,22.665000915527344,22.690000534057617,22.610000610351562,22.614999771118164,180861,0.0,0.0
2024-01-09 15:30:00-05:00,22.614999771118164,22.6200008392334,22.549999237060547,22.56999969482422,510290,0.0,0.0
2024-01-10 09:30:00-05:00,22.56999969482422,22.795000076293945,22.56999969482422,22.6200008392334,296781,0.0,0.0
2024-01-10 10:30:00-05:00,22.614999771118164,22.645000457763672,22.584999084472656,22.625,130454,0.0,0.0
2024-01-10 11:30:00-05:00,22.625,22.71500015258789,22.610000610351562,22.704999923706055,112010,0.0,0.0
2024-01-10 12:30:00-05:00,22.709999084472656,22.760000228881836,22.690000534057617,22.735000610351562,168714,0.0,0.0
2024-01-10 13:30:00-05:00,22.735000610351562,22.81999969482422,22.719999313354492,22.795000076293945,171931,0.0,0.0
2024-01-10 14:30:00-05:00,22.799999237060547,22.860000610351562,22.760000228881836,22.770000457763672,175385,0.0,0.0
2024-01-10 15:30:00-05:00,22.760000228881836,22.84000015258789,22.719999313354492,22.829999923706055,397782,0.0,0.0
2024-01-11 09:30:00-05:00,22.950000762939453,23.114999771118164,22.8075008392334,22.899999618530273,394213,0.0,0.0
2024-01-11 10:30:00-05:00,22.899999618530273,22.934999465942383,22.790000915527344,22.829999923706055,478928,0.0,0.0
2024-01-11 11:30:00-05:00,22.829999923706055,22.829999923706055,22.68000030517578,22.69499969482422,359339,0.0,0.0
2024-01-11 12:30:00-05:00,22.700000762939453,22.825000762939453,22.670000076293945,22.808799743652344,172089,0.0,0.0
2024-01-11 13:30:00-05:00,22.809999465942383,22.860000610351562,22.75,22.850000381469727,180318,0.0,0.0
2024-01-11 14:30:00-05:00,22.850000381469727,22.920000076293945,22.809999465942383,22.905000686645508,364694,0.0,0.0
2024-01-11 15:30:00-05:00,22.899999618530273,23.059999465942383,22.889999389648438,23.030000686645508,1008024,0.0,0.0
2024-01-12 09:30:00-05:00,23.190000534057617,23.5,23.100000381469727,23.364999771118164,713243,0.0,0.0
2024-01-12 10:30:00-05:00,23.3700008392334,23.40999984741211,23.204999923706055,23.344999313354492,541046,0.0,0.0
2024-01-12 11:30:00-05:00,23.350000381469727,23.399999618530273,23.184999465942383,23.295000076293945,452094,0.0,0.0
2024-01-12 12:30:00-05:00,23.299999237060547,23.30500030517578,23.135000228881836,23.174999237060547,269314,0.0,0.0
2024-01-12 13:30:00-05:00,23.174999237060547,23.209999084472656,23.1299991607666,23.131000518798828,430890,0.0,0.0
2024-01-12 14:30:00-05:00,23.1299991607666,23.1299991607666,23.045000076293945,23.075000762939453,204951,0.0,0.0
2024-01-12 15:30:00-05:00,23.075000762939453,23.110000610351562,23.06999969482422,23.079999923706055,545491,0.0,0.0
2024-01-16 09:30:00-05:00,22.889999389648438,22.989999771118164,22.561899185180664,22.934999465942383,423937,0.0,0.0
2024-01-16 10:30:00-05:00,22.940000534057617,23.020000457763672,22.899999618530273,22.96500015258789,346387,0.0,0.0
2024-01-16 11:30:00-05:00,22.96500015258789,23.014999389648438,22.8700008392334,22.93000030517578,252638,0.0,0.0
2024-01-16 12:30:00-05:00,22.93000030517578,23.020000457763672,22.889999389648438,23.020000457763672,204834,0.0,0.0
2024-01-16 13:30:00-05:00,23.020000457763672,23.05500030517578,22.96500015258789,22.9950008392334,299132,0.0,0.0
2024-01-16 14:30:00-05:00,22.9950008392334,23.05500030517578,22.985000610351562,23.03499984741211,337181,0.0,0.0
2024-01-16 15:30:00-05:00,23.040000915527344,23.149999618530273,23.0,23.149999618530273,723675,0.0,0.0
2024-01-17 09:30:00-05:00,22.979999542236328,23.09000015258789,22.815000534057617,22.8700008392334,640812,0.0,0.0
2024-01-17 10:30:00-05:00,22.8700008392334,22.920000076293945,22.84000015258789,22.860000610351562,304277,0.0,0.0
2024-01-17 11:30:00-05:00,22.860000610351562,22.8799991607666,22.603599548339844,22.610000610351562,294962,0.0,0.0
2024-01-17 12:30:00-05:00,22.614999771118164,22.689899444580078,22.59000015258789,22.604999542236328,216190,0.0,0.0
2024-01-17 13:30:00-05:00,22.604999542236328,22.78499984741211,22.59000015258789,22.78499984741211,395765,0.0,0.0
2024-01-17 14:30:00-05:00,22.790000915527344,22.795000076293945,22.665000915527344,22.690000534057617,488727,0.0,0.0
2024-01-17 15:30:00-05:00,22.69499969482422,22.829999923706055,22.690000534057617,22.799999237060547,780312,0.0,0.0
2024-01-18 09:30:00-05:00,22.860000610351562,22.979999542236328,22.725000381469727,22.790000915527344,253589,0.0,0.0
2024-01-18 10:30:00-05:00,22.795000076293945,22.93000030517578,22.735000610351562,22.915000915527344,291946,0.0,0.0
2024-01-18 11:30:00-05:00,22.915000915527344,22.924999237060547,22.84000015258789,22.895000457763672,202411,0.0,0.0
2024-01-18 12:30:00-05:00,22.889999389648438,22.89069938659668,22.770000457763672,22.795000076293945,137275,0.0,0.0
2024-01-18 13:30:00-05:00,22.790000915527344,22.8799991607666,22.774999618530273,22.875,267298,0.0,0.0
2024-01-18 14:30:00-05:00,22.875,23.0,22.795000076293945,22.975000381469727,378925,0.0,0.0
2024-01-18 15:30:00-05:00,22.975000381469727,22.979999542236328,22.920000076293945,22.950000762939453,409315,0.0,0.0
2024-01-19 09:30:00-05:00,23.079999923706055,23.149999618530273,22.850000381469727,23.030000686645508,409896,0.0,0.0
2024-01-19 10:30:00-05:00,23.020000457763672,23.079999923706055,22.975000381469727,23.05500030517578,178913,0.0,0.0
2024-01-19 11:30:00-05:00,23.05500030517578,23.065000534057617,22.975000381469727,23.045000076293945,165509,0.0,0.0
2024-01-19 12:30:00-05:00,23.045000076293945,23.190000534057617,23.040000915527344,23.184999465942383,160997,0.0,0.0
2024-01-19 13:30:00-05:00,23.184999465942383,23.3799991607666,23.184999465942383,23.344999313354492,216647,0.0,0.0
2024-01-19 14:30:00-05:00,23.350000381469727,23.395000457763672,23.290000915527344,23.344999313354492,311489,0.0,0.0
2024-01-19 15:30:00-05:00,23.34000015258789,23.5,23.34000015258789,23.479999542236328,994185,0.0,0.0
2024-01-22 09:30:00-05:00,23.610000610351562,23.799999237060547,23.5049991607666,23.69499969482422,441990,0.0,0.0
2024-01-22 10:30:00-05:00,23.699899673461914,23.71500015258789,23.604999542236328,23.674999237060547,273415,0.0,0.0
2024-01-22 11:30:00-05:00,23.68000030517578,23.690000534057617,23.6200008392334,23.655000686645508,203262,0.0,0.0
2024-01-22 12:30:00-05:00,23.649999618530273,23.65999984741211,23.549999237060547,23.55500030517578,213879,0.0,0.0
2024-01-22 13:30:00-05:00,23.55500030517578,23.665000915527344,23.55500030517578,23.655000686645508,164494,0.0,0.0
2024-01-22 14:30:00-05:00,23.65999984741211,23.690000534057617,23.600000381469727,23.655000686645508,231545,0.0,0.0
2024-01-22 15:30:00-05:00,23.655000686645508,23.670000076293945,23.549999237060547,23.559999465942383,446241,0.0,0.0
2024-01-23 09:30:00-05:00,23.639999389648438,23.795000076293945,23.579999923706055,23.704999923706055,286096,0.0,0.0
2024-01-23 10:30:00-05:00,23.704999923706055,23.709999084472656,23.53499984741211,23.625,264355,0.0,0.0
2024-01-23 11:30:00-05:00,23.6200008392334,23.635000228881836,23.559999465942383,23.575000762939453,173816,0.0,0.0
2024-01-23 12:30:00-05:00,23.575000762939453,23.625,23.545000076293945,23.604999542236328,137963,0.0,0.0
2024-01-23 13:30:00-05:00,23.604999542236328,23.635000228881836,23.56999969482422,23.635000228881836,146538,0.0,0.0
2024-01-23 14:30:00-05:00,23.625,23.704999923706055,23.610000610351562,23.68000030517578,180331,0.0,0.0
2024-01-23 15:30:00-05:00,23.684999465942383,23.69499969482422,23.559999465942383,23.559999465942383,1061778,0.0,0.0
2024-01-24 09:30:00-05:00,23.799999237060547,23.799999237060547,23.420000076293945,23.440000534057617,240009,0.0,0.0
2024-01-24 10:30:00-05:00,23.440000534057617,23.59000015258789,23.424999237060547,23.4950008392334,148297,0.0,0.0
2024-01-24 11:30:00-05:00,23.5,23.53499984741211,23.424999237060547,23.4950008392334,137989,0.0,0.0
2024-01-24 12:30:00-05:00,23.4950008392334,23.540000915527344,23.434999465942383,23.46500015258789,103525,0.0,0.0
2024-01-24 13:30:00-05:00,23.459999084472656,23.524999618530273,23.423999786376953,23.459999084472656,174880,0.0,0.0
2024-01-24 14:30:00-05:00,23.46500015258789,23.520000457763672,23.434999465942383,23.469999313354492,230138,0.0,0.0
2024-01-24 15:30:00-05:00,23.46500015258789,23.520000457763672,23.459999084472656,23.510000228881836,443488,0.0,0.0
2024-01-25 09:30:00-05:00,23.719999313354492,24.0,23.639999389648438,23.80500030517578,488571,0.0,0.0
2024-01-25 10:30:00-05:00,23.80150032043457,23.84000015258789,23.69499969482422,23.80500030517578,251512,0.0,0.0
2024-01-25 11:30:00-05:00,23.799999237060547,23.850000381469727,23.739999771118164,23.75,236214,0.0,0.0
2024-01-25 12:30:00-05:00,23.75,23.860000610351562,23.709999084472656,23.719999313354492,340241,0.0,0.0
2024-01-25 13:30:00-05:00,23.719999313354492,23.799999237060547,23.704999923706055,23.739999771118164,291933,0.0,0.0
2024-01-25 14:30:00-05:00,23.739999771118164,23.81999969482422,23.739999771118164,23.774999618530273,483186,0.0,0.0
2024-01-25 15:30:00-05:00,23.770000457763672,23.860000610351562,23.7450008392334,23.860000610351562,656088,0.0,0.0
2024-01-26 09:30:00-05:00,23.860000610351562,23.93000030517578,23.655000686645508,23.770000457763672,319643,0.0,0.0
2024-01-26 10:30:00-05:00,23.760000228881836,23.829999923706055,23.704999923706055,23.712499618530273,201439,0.0,0.0
2024-01-26 11:30:00-05:00,23.712499618530273,23.774999618530273,23.670000076293945,23.7450008392334,310551,0.0,0.0
2024-01-26 12:30:00-05:00,23.739999771118164,23.739999771118164,23.59000015258789,23.604999542236328,183804,0.0,0.0
2024-01-26 13:30:00-05:00,23.610000610351562,23.6299991607666,23.549999237060547,23.625,122732,0.0,0.0
2024-01-26 14:30:00-05:00,23.6200008392334,23.719999313354492,23.600000381469727,23.65999984741211,196537,0.0,0.0
2024-01-26 15:30:00-05:00,23.65999984741211,23.770000457763672,23.645000457763672,23.770000457763672,547112,0.0,0.0
2024-01-29 09:30:00-05:00,24.0,24.225000381469727,23.850000381469727,24.0049991607666,608430,0.0,0.0
2024-01-29 10:30:00-05:00,24.010000228881836,24.024999618530273,23.875,23.90999984741211,225190,0.0,0.0
2024-01-29 11:30:00-05:00,23.90999984741211,24.010000228881836,23.8799991607666,24.0049991607666,246061,0.0,0.0
2024-01-29 12:30:00-05:00,24.0,24.014999389648438,23.93000030517578,23.96500015258789,209244,0.0,0.0
2024-01-29 13:30:00-05:00,23.96500015258789,24.084999084472656,23.934999465942383,24.079999923706055,703995,0.0,0.0
2024-01-29 14:30:00-05:00,24.079999923706055,24.190000534057617,24.045000076293945,24.155000686645508,479540,0.0,0.0
2024-01-29 15:30:00-05:00,24.151599884033203,24.209999084472656,24.1200008392334,24.18000030517578,783506,0.0,0.0
2024-01-30 09:30:00-05:00,24.219999313354492,24.3700008392334,24.149999618530273,24.25,500235,0.0,0.0
2024-01-30 10:30:00-05:00,24.25,24.2549991607666,24.079999923706055,24.1299991607666,776497,0.0,0.0
2024-01-30 11:30:00-05:00,24.135000228881836,24.139999389648438,24.0,24.03499984741211,331984,0.0,0.0
2024-01-30 12:30:00-05:00,24.030000686645508,24.049999237060547,23.864999771118164,23.905000686645508,777411,0.0,0.0
2024-01-30 13:30:00-05:00,23.905000686645508,23.93000030517578,23.809999465942383,23.860000610351562,403547,0.0,0.0
2024-01-30 14:30:00-05:00,23.8700008392334,23.8799991607666,23.792499542236328,23.875,347498,0.0,0.0
2024-01-30 15:30:00-05:00,23.8799991607666,24.0,23.864999771118164,23.989999771118164,562413,0.0,0.0
2024-01-31 09:30:00-05:00,24.030000686645508,24.100000381469727,23.739999771118164,23.889699935913086,707472,0.0,0.0
2024-01-31 10:30:00-05:00,23.885000228881836,23.915000915527344,23.799999237060547,23.854999542236328,202889,0.0,0.0
2024-01-31 11:30:00-05:00,23.854999542236328,23.918800354003906,23.815000534057617,23.90999984741211,167138,0.0,0.0
2024-01-31 12:30:00-05:00,23.915000915527344,23.920000076293945,23.80500030517578,23.81999969482422,191985,0.0,0.0
2024-01-31 13:30:00-05:00,23.825000762939453,23.8700008392334,23.690000534057617,23.725000381469727,246587,0.0,0.0
2024-01-31 14:30:00-05:00,23.729999542236328,23.915000915527344,23.454999923706055,23.584999084472656,460499,0.0,0.0
2024-01-31 15:30:00-05:00,23.579999923706055,23.584999084472656,23.420000076293945,23.479999542236328,804169,0.0,0.0
2024-02-01 09:30:00-05:00,23.530000686645508,23.670000076293945,23.354400634765625,23.65999984741211,395787,0.0,0.0
2024-02-01 10:30:00-05:00,23.655000686645508,23.65999984741211,23.399999618530273,23.559999465942383,549309,0.0,0.0
2024-02-01 11:30:00-05:00,23.559999465942383,23.809999465942383,23.559999465942383,23.78499984741211,401170,0.0,0.0
2024-02-01 12:30:00-05:00,23.780000686645508,23.885000228881836,23.71500015258789,23.81999969482422,295773,0.0,0.0
2024-02-01 13:30:00-05:00,23.825000762939453,23.90839958190918,23.760000228881836,23.899999618530273,363165,0.0,0.0
2024-02-01 14:30:00-05:00,23.905000686645508,24.014999389648438,23.815000534057617,23.954999923706055,383994,0.0,0.0
2024-02-01 15:30:00-05:00,23.959999084472656,24.045000076293945,23.8799991607666,23.950000762939453,1161653,0.0,0.0
2024-02-02 09:30:00-05:00,22.3799991607666,22.469999313354492,19.190000534057617,19.325000762939453,4894335,0.0,0.0
2024-02-02 10:30:00-05:00,19.325000762939453,19.799999237060547,19.079999923706055,19.63249969482422,4171022,0.0,0.0
2024-02-02 11:30:00-05:00,19.635000228881836,20.56999969482422,19.524999618530273,20.565000534057617,4158137,0.0,0.0
2024-02-02 12:30:00-05:00,20.565000534057617,21.0,19.989999771118164,20.709999084472656,3120113,0.0,0.0
2024-02-02 13:30:00-05:00,20.700000762939453,20.90999984741211,20.475000381469727,20.579999923706055,2053004,0.0,0.0
2024-02-02 14:30:00-05:00,20.575000762939453,20.799999237060547,20.371000289916992,20.730499267578125,1717575,0.0,0.0
2024-02-02 15:30:00-05:00,20.735000610351562,21.260000228881836,20.700000762939453,21.229999542236328,3838992,0.0,0.0
2024-02-05 09:30:00-05:00,21.229999542236328,21.520000457763672,20.850000381469727,21.149999618530273,2066820,0.0,0.0
2024-02-05 10:30:00-05:00,21.151199340820312,21.329999923706055,20.795000076293945,21.155000686645508,1283296,0.0,0.0
2024-02-05 11:30:00-05:00,21.15999984741211,21.260000228881836,21.010000228881836,21.1299991607666,1564212,0.0,0.0
2024-02-05 12:30:00-05:00,21.1299991607666,21.260000228881836,21.094999313354492,21.114999771118164,604936,0.0,0.0
2024-02-05 13:30:00-05:00,21.110000610351562,21.28030014038086,21.03499984741211,21.260000228881836,1062084,0.0,0.0
2024-02-05 14:30:00-05:00,21.260000228881836,21.34000015258789,21.145000457763672,21.200000762939453,1220685,0.0,0.0
2024-02-05 15:30:00-05:00,21.204999923706055,21.299999237060547,21.079999923706055,21.084999084472656,2039231,0.0,0.0
2024-02-06 09:30:00-05:00,21.049999237060547,21.1200008392334,20.645000457763672,20.71500015258789,1054573,0.0,0.0
2024-02-06 10:30:00-05:00,20.709999084472656,20.799999237060547,20.545000076293945,20.795000076293945,821251,0.0,0.0
2024-02-06 11:30:00-05:00,20.795000076293945,20.809999465942383,20.610000610351562,20.690000534057617,819964,0.0,0.0
2024-02-06 12:30:00-05:00,20.690000534057617,20.940000534057617,20.645000457763672,20.940000534057617,676103,0.0,0.0
2024-02-06 13:30:00-05:00,20.934999465942383,20.940000534057617,20.719999313354492,20.735000610351562,642254,0.0,0.0
2024-02-06 14:30:00-05:00,20.719999313354492,20.735000610351562,20.559999465942383,20.579999923706055,696336,0.0,0.0
2024-02-06 15:30:00-05:00,20.575000762939453,20.6200008392334,20.5049991607666,20.59000015258789,1135473,0.0,0.0
2024-02-07 09:30:00-05:00,20.829999923706055,20.950000762939453,20.6200008392334,20.75,654143,0.0,0.0
2024-02-07 10:30:00-05:00,20.75,20.809999465942383,20.649999618530273,20.764999389648438,650159,0.0,0.0
2024-02-07 11:30:00-05:00,20.770000457763672,20.90999984741211,20.69499969482422,20.885000228881836,784800,0.0,0.0
2024-02-07 12:30:00-05:00,20.889999389648438,21.069900512695312,20.854999542236328,21.065000534057617,634829,0.0,0.0
2024-02-07 13:30:00-05:00,21.06999969482422,21.06999969482422,20.979999542236328,21.030000686645508,810711,0.0,0.0
2024-02-07 14:30:00-05:00,21.040000915527344,21.045000076293945,20.889999389648438,20.90999984741211,647287,0.0,0.0
2024-02-07 15:30:00-05:00,20.90999984741211,20.950000762939453,20.8700008392334,20.915000915527344,954434,0.0,0.0
2024-02-08 09:30:00-05:00,20.90999984741211,20.959999084472656,20.610000610351562,20.760000228881836,532971,0.0,0.0
2024-02-08 10:30:00-05:00,20.760000228881836,20.770000457763672,20.625,20.700000762939453,391488,0.0,0.0
2024-02-08 11:30:00-05:00,20.700000762939453,20.84000015258789,20.69499969482422,20.809999465942383,766847,0.0,0.0
2024-02-08 12:30:00-05:00,20.809999465942383,20.934999465942383,20.790000915527344,20.885000228881836,420950,0.0,0.0
2024-02-08 13:30:00-05:00,20.885000228881836,20.924999237060547,20.799999237060547,20.834999084472656,650287,0.0,0.0
2024-02-08 14:30:00-05:00,20.829999923706055,20.90999984741211,20.799999237060547,20.895000457763672,1107901,0.0,0.0
2024-02-08 15:30:00-05:00,20.895000457763672,20.920000076293945,20.825000762939453,20.875,910724,0.0,0.0
2024-02-09 09:30:00-05:00,21.010000228881836,21.200000762939453,20.920000076293945,21.170000076293945,1270509,0.0,0.0
2024-02-09 10:30:00-05:00,21.174999237060547,21.209999084472656,21.024999618530273,21.040000915527344,804943,0.0,0.0
2024-02-09 11:30:00-05:00,21.045000076293945,21.110000610351562,21.020000457763672,21.05500030517578,819821,0.0,0.0
2024-02-09 12:30:00-05:00,21.05500030517578,21.147499084472656,21.014999389648438,21.135000228881836,269996,0.0,0.0
2024-02-09 13:30:00-05:00,21.131000518798828,21.225000381469727,21.094999313354492,21.225000381469727,334252,0.0,0.0
2024-02-09 14:30:00-05:00,21.225000381469727,21.389999389648438,21.21500015258789,21.315000534057617,554132,0.0,0.0
2024-02-09 15:30:00-05:00,21.315000534057617,21.3700008392334,21.260000228881836,21.360000610351562,873798,0.0,0.0
2024-02-12 09:30:00-05:00,21.360000610351562,21.709999084472656,21.309999465942383,21.579999923706055,1167004,0.0,0.0
2024-02-12 10:30:00-05:00,21.59000015258789,21.80500030517578,21.59000015258789,21.790000915527344,526920,0.0,0.0
2024-02-12 11:30:00-05:00,21.790000915527344,21.854999542236328,21.725000381469727,21.844999313354492,533851,0.0,0.0
2024-02-12 12:30:00-05:00,21.844999313354492,21.985000610351562,21.790000915527344,21.834999084472656,590158,0.0,0.0
2024-02-12 13:30:00-05:00,21.829999923706055,21.985000610351562,21.829999923706055,21.979999542236328,623019,0.0,0.0
2024-02-12 14:30:00-05:00,21.979999542236328,22.0049991607666,21.850000381469727,21.8700008392334,1196046,0.0,0.0
2024-02-12 15:30:00-05:00,21.8700008392334,21.985000610351562,21.8700008392334,21.90999984741211,1085830,0.0,0.0
2024-02-13 09:30:00-05:00,21.360000610351562,21.459999084472656,21.079999923706055,21.18000030517578,1122708,0.0,0.0
2024-02-13 10:30:00-05:00,21.184999465942383,21.420000076293945,21.030000686645508,21.385000228881836,1094605,0.0,0.0
2024-02-13 11:30:00-05:00,21.389999389648438,21.459999084472656,21.354999542236328,21.399999618530273,1258493,0.0,0.0
2024-02-13 12:30:00-05:00,21.405000686645508,21.565000534057617,21.395000457763672,21.545000076293945,390635,0.0,0.0
2024-02-13 13:30:00-05:00,21.545000076293945,21.575000762939453,21.30500030517578,21.334999084472656,608538,0.0,0.0
2024-02-13 14:30:00-05:00,21.329999923706055,21.479999542236328,21.235000610351562,21.440000534057617,1529429,0.0,0.0
2024-02-13 15:30:00-05:00,21.44499969482422,21.489999771118164,21.28499984741211,21.3700008392334,1442356,0.0,0.0
2024-02-14 09:30:00-05:00,21.479999542236328,21.549999237060547,21.264999389648438,21.360000610351562,410646,0.0,0.0
2024-02-14 10:30:00-05:00,21.360000610351562,21.3799991607666,21.270000457763672,21.350000381469727,772774,0.0,0.0
2024-02-14 11:30:00-05:00,21.344999313354492,21.360000610351562,21.219999313354492,21.295000076293945,789233,0.0,0.0
2024-02-14 12:30:00-05:00,21.299999237060547,21.385000228881836,21.270000457763672,21.3700008392334,815128,0.0,0.0
2024-02-14 13:30:00-05:00,21.3799991607666,21.479999542236328,21.2450008392334,21.30500030517578,433871,0.0,0.0
2024-02-14 14:30:00-05:00,21.30500030517578,21.399999618530273,21.280000686645508,21.354999542236328,565024,0.0,0.0
2024-02-14 15:30:00-05:00,21.354999542236328,21.43000030517578,21.299999237060547,21.31999969482422,1617867,0.0,0.0
2024-02-15 09:30:00-05:00,21.329999923706055,21.774999618530273,21.329999923706055,21.645000457763672,1249766,0.0,0.0
2024-02-15 10:30:00-05:00,21.649999618530273,21.665000915527344,21.385000228881836,21.405000686645508,809842,0.0,0.0
2024-02-15 11:30:00-05:00,21.399999618530273,21.450000762939453,21.350000381469727,21.450000762939453,331764,0.0,0.0
2024-02-15 12:30:00-05:00,21.450000762939453,21.459999084472656,21.34000015258789,21.389999389648438,301411,0.0,0.0
2024-02-15 13:30:00-05:00,21.389999389648438,21.405000686645508,21.299999237060547,21.325000762939453,297438,0.0,0.0
2024-02-15 14:30:00-05:00,21.329999923706055,21.514999389648438,21.280000686645508,21.450000762939453,559222,0.0,0.0
2024-02-15 15:30:00-05:00,21.450000762939453,21.450000762939453,21.360000610351562,21.395000457763672,550937,0.0,0.0
2024-02-16 09:30:00-05:00,21.31999969482422,21.3700008392334,21.1200008392334,21.209999084472656,615764,0.0,0.0
2024-02-16 10:30:00-05:00,21.209999084472656,21.25200080871582,21.174999237060547,21.239999771118164,431933,0.0,0.0
2024-02-16 11:30:00-05:00,21.235000610351562,21.295000076293945,21.184999465942383,21.290000915527344,547466,0.0,0.0
2024-02-16 12:30:00-05:00,21.296499252319336,21.360000610351562,21.260000228881836,21.34000015258789,168295,0.0,0.0
2024-02-16 13:30:00-05:00,21.34000015258789,21.399999618530273,21.309999465942383,21.362499237060547,182111,0.0,0.0
2024-02-16 14:30:00-05:00,21.364999771118164,21.389999389648438,21.309999465942383,21.385000228881836,773947,0.0,0.0
2024-02-16 15:30:00-05:00,21.385000228881836,21.56999969482422,21.34000015258789,21.364999771118164,1656503,0.0,0.0
2024-02-20 09:30:00-05:00,21.274999618530273,21.364999771118164,21.149999618530273,21.2450008392334,977874,0.0,0.0
2024-02-20 10:30:00-05:00,21.239999771118164,21.360000610351562,21.209999084472656,21.354999542236328,295313,0.0,0.0
2024-02-20 11:30:00-05:00,21.360000610351562,21.520000457763672,21.325000762939453,21.520000457763672,383554,0.0,0.0
2024-02-20 12:30:00-05:00,21.520000457763672,21.639999389648438,21.504499435424805,21.635000228881836,528720,0.0,0.0
2024-02-20 13:30:00-05:00,21.639999389648438,21.84000015258789,21.614999771118164,21.795000076293945,579997,0.0,0.0
2024-02-20 14:30:00-05:00,21.792499542236328,21.924999237060547,21.719999313354492,21.875,1145139,0.0,0.0
2024-02-20 15:30:00-05:00,21.8700008392334,21.895000457763672,21.645000457763672,21.700000762939453,798992,0.0,0.0
2024-02-21 09:30:00-05:00,21.31999969482422,21.415000915527344,21.0049991607666,21.2549991607666,1043635,0.0,0.0
2024-02-21 10:30:00-05:00,21.25200080871582,21.579999923706055,21.225000381469727,21.5,731358,0.0,0.0
2024-02-21 11:30:00-05:00,21.4950008392334,21.549999237060547,21.475000381469727,21.4950008392334,425708,0.0,0.0
2024-02-21 12:30:00-05:00,21.4950008392334,21.559999465942383,21.3799991607666,21.399999618530273,628368,0.0,0.0
2024-02-21 13:30:00-05:00,21.405000686645508,21.43000030517578,21.354999542236328,21.385000228881836,395351,0.0,0.0
2024-02-21 14:30:00-05:00,21.385000228881836,21.489999771118164,21.3799991607666,21.475000381469727,442286,0.0,0.0
2024-02-21 15:30:00-05:00,21.475000381469727,21.600000381469727,21.46500015258789,21.55500030517578,724671,0.0,0.0
2024-02-22 09:30:00-05:00,21.719999313354492,21.969999313354492,21.719999313354492,21.899999618530273,741581,0.0,0.0
2024-02-22 10:30:00-05:00,21.907499313354492,21.96109962463379,21.829999923706055,21.954999923706055,380625,0.0,0.0
2024-02-22 11:30:00-05:00,21.954999923706055,21.9950008392334,21.795000076293945,21.81999969482422,618176,0.0,0.0
2024-02-22 12:30:00-05:00,21.825000762939453,21.93000030517578,21.770000457763672,21.81100082397461,475049,0.0,0.0
2024-02-22 13:30:00-05:00,21.81999969482422,21.850000381469727,21.795000076293945,21.84000015258789,225089,0.0,0.0
2024-02-22 14:30:00-05:00,21.842500686645508,21.959999084472656,21.795000076293945,21.8700008392334,786056,0.0,0.0
2024-02-22 15:30:00-05:00,21.8700008392334,21.920000076293945,21.7450008392334,21.75,951387,0.0,0.0
2024-02-23 09:30:00-05:00,21.860000610351562,22.125,21.809999465942383,22.075000762939453,460581,0.0,0.0
2024-02-23 10:30:00-05:00,22.079999923706055,22.280000686645508,22.040000915527344,22.060800552368164,429882,0.0,0.0
2024-02-23 11:30:00-05:00,22.06999969482422,22.209999084472656,22.059999465942383,22.18000030517578,331336,0.0,0.0
2024-02-23 12:30:00-05:00,22.184999465942383,22.260000228881836,22.149999618530273,22.2450008392334,282765,0.0,0.0
2024-02-23 13:30:00-05:00,22.25,22.30500030517578,22.229999542236328,22.270000457763672,286648,0.0,0.0
2024-02-23 14:30:00-05:00,22.270000457763672,22.290000915527344,22.135000228881836,22.149999618530273,306397,0.0,0.0
2024-02-23 15:30:00-05:00,22.145000457763672,22.219999313354492,22.139999389648438,22.139999389648438,530219,0.0,0.0
2024-02-26 09:30:00-05:00,22.155000686645508,22.170000076293945,21.969999313354492,22.030000686645508,434120,0.0,0.0
2024-02-26 10:30:00-05:00,22.030000686645508,22.077499389648438,21.810800552368164,21.815000534057617,340497,0.0,0.0
2024-02-26 11:30:00-05:00,21.81999969482422,21.860000610351562,21.770000457763672,21.850000381469727,207230,0.0,0.0
2024-02-26 12:30:00-05:00,21.850000381469727,21.8700008392334,21.645000457763672,21.655000686645508,349439,0.0,0.0
2024-02-26 13:30:00-05:00,21.649999618530273,21.709999084472656,21.635000228881836,21.700000762939453,349294,0.0,0.0
2024-02-26 14:30:00-05:00,21.699499130249023,21.709999084472656,21.59000015258789,21.639999389648438,347672,0.0,0.0
2024-02-26 15:30:00-05:00,21.635000228881836,21.635000228881836,21.479999542236328,21.5,756410,0.0,0.0
2024-02-27 09:30:00-05:00,21.610000610351562,21.68000030517578,21.44499969482422,21.469999313354492,461403,0.0,0.0
2024-02-27 10:30:00-05:00,21.469999313354492,21.530000686645508,21.459999084472656,21.510000228881836,258209,0.0,0.0
2024-02-27 11:30:00-05:00,21.520000457763672,21.520000457763672,21.405000686645508,21.43000030517578,158032,0.0,0.0
2024-02-27 12:30:00-05:00,21.43000030517578,21.454999923706055,21.399999618530273,21.424999237060547,183459,0.0,0.0
2024-02-27 13:30:00-05:00,21.420000076293945,21.44499969482422,21.40999984741211,21.434999465942383,129850,0.0,0.0
2024-02-27 14:30:00-05:00,21.440000534057617,21.440000534057617,21.354999542236328,21.420000076293945,197462,0.0,0.0
2024-02-27 15:30:00-05:00,21.415000915527344,21.459999084472656,21.389999389648438,21.424999237060547,392297,0.0,0.0
2024-02-28 09:30:00-05:00,21.350000381469727,21.489999771118164,21.309999465942383,21.475000381469727,290851,0.0,0.0
2024-02-28 10:30:00-05:00,21.469999313354492,21.549999237060547,21.469999313354492,21.510000228881836,101857,0.0,0.0
2024-02-28 11:30:00-05:00,21.5,21.559999465942383,21.479999542236328,21.540000915527344,133789,0.0,0.0
2024-02-28 12:30:00-05:00,21.53499984741211,21.575000762939453,21.479999542236328,21.549999237060547,223634,0.0,0.0
2024-02-28 13:30:00-05:00,21.549999237060547,21.56999969482422,21.479999542236328,21.520000457763672,138527,0.0,0.0
2024-02-28 14:30:00-05:00,21.510000228881836,21.524999618530273,21.399999618530273,21.43000030517578,199302,0.0,0.0
2024-02-28 15:30:00-05:00,21.43000030517578,21.440000534057617,21.360000610351562,21.40999984741211,513888,0.0,0.0
2024-02-29 09:30:00-05:00,21.540000915527344,21.635000228881836,21.440000534057617,21.4950008392334,276542,0.0,0.0
2024-02-29 10:30:00-05:00,21.5,21.555999755859375,21.434999465942383,21.434999465942383,341256,0.0,0.0
2024-02-29 11:30:00-05:00,21.434999465942383,21.510000228881836,21.3799991607666,21.46500015258789,220583,0.0,0.0
2024-02-29 12:30:00-05:00,21.46500015258789,21.579999923706055,21.34000015258789,21.375,873873,0.0,0.0
2024-02-29 13:30:00-05:00,21.375,21.520000457763672,21.3700008392334,21.40999984741211,433000,0.0,0.0
2024-02-29 14:30:00-05:00,21.41029930114746,21.450000762939453,21.34000015258789,21.3700008392334,273745,0.0,0.0
2024-02-29 15:30:00-05:00,21.364999771118164,21.530000686645508,21.364999771118164,21.469999313354492,785569,0.0,0.0
2024-03-01 09:30:00-05:00,21.469999313354492,21.68000030517578,21.299999237060547,21.645000457763672,191401,0.0,0.0
2024-03-01 10:30:00-05:00,21.649999618530273,21.725000381469727,21.610000610351562,21.610000610351562,312449,0.0,0.0
2024-03-01 11:30:00-05:00,21.614999771118164,21.780000686645508,21.594999313354492,21.776500701904297,152166,0.0,0.0
2024-03-01 12:30:00-05:00,21.774999618530273,21.84000015258789,21.7549991607666,21.822500228881836,146197,0.0,0.0
2024-03-01 13:30:00-05:00,21.825000762939453,21.850000381469727,21.770000457763672,21.815000534057617,140528,0.0,0.0
2024-03-01 14:30:00-05:00,21.815000534057617,21.850000381469727,21.760000228881836,21.850000381469727,242261,0.0,0.0
2024-03-01 15:30:00-05:00,21.850000381469727,21.854999542236328,21.799999237060547,21.81999969482422,362687,0.0,0.0
2024-03-04 09:30:00-05:00,21.90999984741211,21.93000030517578,21.71500015258789,21.93000030517578,322434,0.0,0.0
2024-03-04 10:30:00-05:00,21.920000076293945,21.920000076293945,21.834999084472656,21.854999542236328,25135,0.0,0.0
2024-03-04 11:30:00-05:00,21.854999542236328,21.860000610351562,21.68000030517578,21.719999313354492,135476,0.0,0.0
2024-03-04 12:30:00-05:00,21.725000381469727,21.767499923706055,21.68000030517578,21.684999465942383,133665,0.0,0.0
2024-03-04 13:30:00-05:00,21.68000030517578,21.770000457763672,21.665000915527344,21.690000534057617,154217,0.0,0.0
2024-03-04 14:30:00-05:00,21.690000534057617,21.725000381469727,21.649999618530273,21.649999618530273,200823,0.0,0.0
2024-03-04 15:30:00-05:00,21.649999618530273,21.709999084472656,21.604999542236328,21.709999084472656,1119338,0.0,0.0
2024-03-05 09:30:00-05:00,21.670000076293945,21.670000076293945,21.065000534057617,21.209999084472656,781054,0.0,0.0
2024-03-05 10:30:00-05:00,21.204999923706055,21.334999084472656,21.110000610351562,21.219999313354492,586841,0.0,0.0
2024-03-05 11:30:00-05:00,21.334999084472656,21.334999084472656,21.25,21.30500030517578,10125,0.0,0.0
2024-03-05 12:30:00-05:00,21.309999465942383,21.329999923706055,21.229999542236328,21.280000686645508,189709,0.0,0.0
2024-03-05 13:30:00-05:00,21.274999618530273,21.30500030517578,21.19499969482422,21.21500015258789,228119,0.0,0.0
2024-03-05 14:30:00-05:00,21.21500015258789,21.219999313354492,21.15999984741211,21.174999237060547,313940,0.0,0.0
2024-03-05 15:30:00-05:00,21.18000030517578,21.209999084472656,21.170000076293945,21.190000534057617,1601536,0.0,0.0
2024-03-06 09:30:00-05:00,21.479999542236328,21.559999465942383,21.360000610351562,21.389999389648438,352879,0.0,0.0
2024-03-06 10:30:00-05:00,21.3799991607666,21.459999084472656,21.28499984741211,21.454999923706055,31528,0.0,0.0
2024-03-06 11:30:00-05:00,21.459999084472656,21.485000610351562,21.344999313354492,21.405000686645508,175285,0.0,0.0
2024-03-06 12:30:00-05:00,21.40999984741211,21.420000076293945,21.334999084472656,21.3700008392334,175328,0.0,0.0
2024-03-06 13:30:00-05:00,21.364999771118164,21.584999084472656,21.295000076293945,21.584999084472656,303554,0.0,0.0
2024-03-06 14:30:00-05:00,21.584999084472656,21.584999084472656,21.459999084472656,21.479999542236328,203897,0.0,0.0
2024-03-06 15:30:00-05:00,21.485000610351562,21.5049991607666,21.3799991607666,21.469999313354492,1841414,0.0,0.0
2024-03-07 09:30:00-05:00,21.670000076293945,21.75,21.424999237060547,21.599700927734375,423328,0.0,0.0
2024-03-07 10:30:00-05:00,21.59000015258789,21.639999389648438,21.549999237060547,21.594999313354492,343565,0.0,0.0
2024-03-07 11:30:00-05:00,21.594999313354492,21.700000762939453,21.540000915527344,21.670000076293945,250182,0.0,0.0
2024-03-07 12:30:00-05:00,21.674999237060547,21.799999237060547,21.65999984741211,21.795000076293945,305482,0.0,0.0
2024-03-07 13:30:00-05:00,21.799999237060547,21.829999923706055,21.760000228881836,21.799999237060547,311343,0.0,0.0
2024-03-07 14:30:00-05:00,21.799999237060547,21.84000015258789,21.719999313354492,21.834999084472656,431255,0.0,0.0
2024-03-07 15:30:00-05:00,21.834999084472656,21.917499542236328,21.829999923706055,21.899999618530273,635127,0.0,0.0
2024-03-08 09:30:00-05:00,21.950000762939453,22.170000076293945,21.93000030517578,22.1200008392334,408667,0.0,0.0
2024-03-08 10:30:00-05:00,22.125,22.225000381469727,22.06999969482422,22.1200008392334,407306,0.0,0.0
2024-03-08 11:30:00-05:00,22.114999771118164,22.239999771118164,22.103300094604492,22.203800201416016,328925,0.0,0.0
2024-03-08 12:30:00-05:00,22.200000762939453,22.209199905395508,22.114999771118164,22.165000915527344,350024,0.0,0.0
2024-03-08 13:30:00-05:00,22.165000915527344,22.18000030517578,22.014999389648438,22.170000076293945,230840,0.0,0.0
2024-03-08 14:30:00-05:00,22.165000915527344,22.219999313354492,22.1299991607666,22.1299991607666,403834,0.0,0.0
2024-03-08 15:30:00-05:00,22.1200008392334,22.15999984741211,22.05500030517578,22.06999969482422,656995,0.0,0.0
2024-03-11 09:30:00-04:00,22.1200008392334,22.34000015258789,22.1200008392334,22.135000228881836,414960,0.0,0.0
2024-03-11 10:30:00-04:00,22.139999389648438,22.2450008392334,22.079999923706055,22.114999771118164,362467,0.0,0.0
2024-03-11 11:30:00-04:00,22.104999542236328,22.139999389648438,22.020000457763672,22.065000534057617,268225,0.0,0.0
2024-03-11 12:30:00-04:00,22.06999969482422,22.149999618530273,22.03499984741211,22.09000015258789,178030,0.0,0.0
2024-03-11 13:30:00-04:00,22.079999923706055,22.09000015258789,22.0,22.024999618530273,313669,0.0,0.0
2024-03-11 14:30:00-04:00,22.024999618530273,22.02790069580078,21.93000030517578,21.979999542236328,326180,0.0,0.0
2024-03-11 15:30:00-04:00,21.975000381469727,22.0,21.8799991607666,21.8799991607666,771276,0.0,0.0
2024-03-12 09:30:00-04:00,21.899999618530273,22.190000534057617,21.899999618530273,22.125,289077,0.0,0.0
2024-03-12 10:30:00-04:00,22.1299991607666,22.299999237060547,22.1299991607666,22.225000381469727,244524,0.0,0.0
2024-03-12 11:30:00-04:00,22.225000381469727,22.277299880981445,22.084999084472656,22.1200008392334,212758,0.0,0.0
2024-03-12 12:30:00-04:00,22.125,22.145000457763672,21.940000534057617,22.020000457763672,220791,0.0,0.0
2024-03-12 13:30:00-04:00,22.024999618530273,22.1299991607666,22.017499923706055,22.125,173315,0.0,0.0
2024-03-12 14:30:00-04:00,22.125,22.15999984741211,22.104999542236328,22.155000686645508,234693,0.0,0.0
2024-03-12 15:30:00-04:00,22.150999069213867,22.190000534057617,22.1299991607666,22.170000076293945,407196,0.0,0.0
2024-03-13 09:30:00-04:00,22.1299991607666,22.299999237060547,21.989999771118164,22.295000076293945,383961,0.0,0.0
2024-03-13 10:30:00-04:00,22.295000076293945,22.299999237060547,22.125,22.1299991607666,241902,0.0,0.0
2024-03-13 11:30:00-04:00,22.135000228881836,22.209999084472656,22.094999313354492,22.16069984436035,169422,0.0,0.0
2024-03-13 12:30:00-04:00,22.165000915527344,22.209999084472656,22.1200008392334,22.149999618530273,211255,0.0,0.0
2024-03-13 13:30:00-04:00,22.155000686645508,22.170000076293945,22.075000762939453,22.145000457763672,185746,0.0,0.0
2024-03-13 14:30:00-04:00,22.145000457763672,22.18000030517578,22.014999389648438,22.05500030517578,202890,0.0,0.0
2024-03-13 15:30:00-04:00,22.049999237060547,22.125,22.03499984741211,22.114999771118164,303891,0.0,0.0
2024-03-14 09:30:00-04:00,22.040000915527344,22.209999084472656,21.719999313354492,21.770000457763672,422607,0.0,0.0
2024-03-14 10:30:00-04:00,21.780000686645508,21.84000015258789,21.700000762939453,21.739999771118164,276043,0.0,0.0
2024-03-14 11:30:00-04:00,21.735000610351562,21.739999771118164,21.6200008392334,21.6299991607666,232541,0.0,0.0
2024-03-14 12:30:00-04:00,21.6299991607666,21.689699172973633,21.55500030517578,21.55500030517578,206890,0.0,0.0
2024-03-14 13:30:00-04:00,21.55500030517578,21.725000381469727,21.520000457763672,21.674999237060547,284572,0.0,0.0
2024-03-14 14:30:00-04:00,21.674999237060547,21.675100326538086,21.43000030517578,21.434999465942383,443148,0.0,0.0
2024-03-14 15:30:00-04:00,21.434999465942383,21.600000381469727,21.405000686645508,21.59000015258789,629448,0.0,0.0
2024-03-15 09:30:00-04:00,21.3799991607666,21.725000381469727,21.360000610351562,21.510000228881836,533683,0.0,0.0
2024-03-15 10:30:00-04:00,21.5049991607666,21.514999389648438,21.350000381469727,21.360000610351562,159769,0.0,0.0
2024-03-15 11:30:00-04:00,21.360000610351562,21.415000915527344,21.309999465942383,21.395000457763672,320225,0.0,0.0
2024-03-15 12:30:00-04:00,21.395000457763672,21.40999984741211,21.295000076293945,21.354999542236328,117848,0.0,0.0
2024-03-15 13:30:00-04:00,21.354999542236328,21.399999618530273,21.329999923706055,21.344999313354492,189111,0.0,0.0
2024-03-15 14:30:00-04:00,21.350000381469727,21.434999465942383,21.329999923706055,21.415000915527344,144990,0.0,0.0
2024-03-15 15:30:00-04:00,21.415000915527344,21.420000076293945,21.239999771118164,21.239999771118164,564657,0.0,0.0
2024-03-18 09:30:00-04:00,21.25,21.360000610351562,21.049999237060547,21.30500030517578,388906,0.0,0.0
2024-03-18 10:30:00-04:00,21.30500030517578,21.3700008392334,21.229999542236328,21.30500030517578,222662,0.0,0.0
2024-03-18 11:30:00-04:00,21.299999237060547,21.3799991607666,21.260000228881836,21.364999771118164,174879,0.0,0.0
2024-03-18 12:30:00-04:00,21.362499237060547,21.375,21.235000610351562,21.25,209101,0.0,0.0
2024-03-18 13:30:00-04:00,21.2549991607666,21.40999984741211,21.149999618530273,21.295000076293945,359987,0.0,0.0
2024-03-18 14:30:00-04:00,21.290000915527344,21.34000015258789,21.2450008392334,21.2450008392334,303733,0.0,0.0
2024-03-18 15:30:00-04:00,21.2450008392334,21.270000457763672,21.184999465942383,21.190000534057617,1032031,0.0,0.0
2024-03-19 09:30:00-04:00,21.059999465942383,21.20949935913086,20.975000381469727,21.184999465942383,296043,0.0,0.0
2024-03-19 10:30:00-04:00,21.184999465942383,21.286399841308594,21.15999984741211,21.15999984741211,229921,0.0,0.0
2024-03-19 11:30:00-04:00,21.149999618530273,21.399999618530273,21.149999618530273,21.344999313354492,305853,0.0,0.0
2024-03-19 12:30:00-04:00,21.350000381469727,21.434999465942383,21.299999237060547,21.385000228881836,199561,0.0,0.0
2024-03-19 13:30:00-04:00,21.385000228881836,21.405000686645508,21.334999084472656,21.405000686645508,167929,0.0,0.0
2024-03-19 14:30:00-04:00,21.405000686645508,21.43000030517578,21.309999465942383,21.309999465942383,287557,0.0,0.0
2024-03-19 15:30:00-04:00,21.315000534057617,21.420000076293945,21.299999237060547,21.40999984741211,540786,0.0,0.0
2024-03-20 09:30:00-04:00,21.420000076293945,21.56999969482422,21.31999969482422,21.524999618530273,217690,0.0,0.0
2024-03-20 10:30:00-04:00,21.528799057006836,21.545000076293945,21.219999313354492,21.370500564575195,263051,0.0,0.0
2024-03-20 11:30:00-04:00,21.3700008392334,21.379199981689453,21.31399917602539,21.325000762939453,188912,0.0,0.0
2024-03-20 12:30:00-04:00,21.31999969482422,21.34000015258789,21.219999313354492,21.2549991607666,229670,0.0,0.0
2024-03-20 13:30:00-04:00,21.25,21.440000534057617,21.21500015258789,21.364999771118164,264452,0.0,0.0
2024-03-20 14:30:00-04:00,21.3700008392334,21.530000686645508,21.229999542236328,21.524999618530273,583598,0.0,0.0
2024-03-20 15:30:00-04:00,21.520000457763672,21.600000381469727,21.469999313354492,21.584999084472656,592261,0.0,0.0
2024-03-21 09:30:00-04:00,21.770000457763672,22.020000457763672,21.690000534057617,21.90999984741211,285868,0.0,0.0
2024-03-21 10:30:00-04:00,21.920000076293945,22.0,21.864999771118164,21.920000076293945,243435,0.0,0.0
2024-03-21 11:30:00-04:00,21.920000076293945,22.075000762939453,21.920000076293945,22.056800842285156,225298,0.0,0.0
2024-03-21 12:30:00-04:00,22.05500030517578,22.110000610351562,22.040000915527344,22.075000762939453,269167,0.0,0.0
2024-03-21 13:30:00-04:00,22.075000762939453,22.1299991607666,22.040000915527344,22.114999771118164,256553,0.0,0.0
2024-03-21 14:30:00-04:00,22.110000610351562,22.200000762939453,22.084999084472656,22.18000030517578,631786,0.0,0.0
2024-03-21 15:30:00-04:00,22.18000030517578,22.217500686645508,22.1200008392334,22.1299991607666,667378,0.0,0.0
2024-03-22 09:30:00-04:00,22.170000076293945,22.190000534057617,21.90999984741211,22.079999923706055,239625,0.0,0.0
2024-03-22 10:30:00-04:00,22.079999923706055,22.139999389648438,22.059999465942383,22.125,233217,0.0,0.0
2024-03-22 11:30:00-04:00,22.1299991607666,22.15999984741211,22.065000534057617,22.094999313354492,214103,0.0,0.0
2024-03-22 12:30:00-04:00,22.094999313354492,22.110000610351562,22.020000457763672,22.104999542236328,324398,0.0,0.0
2024-03-22 13:30:00-04:00,22.104999542236328,22.145000457763672,22.094999313354492,22.114999771118164,172061,0.0,0.0
2024-03-22 14:30:00-04:00,22.114999771118164,22.114999771118164,22.079999923706055,22.09000015258789,247987,0.0,0.0
2024-03-22 15:30:00-04:00,22.094999313354492,22.1200008392334,22.084999084472656,22.111000061035156,511913,0.0,0.0
2024-03-25 09:30:00-04:00,22.1299991607666,22.15999984741211,22.0,22.094999313354492,280909,0.0,0.0
2024-03-25 10:30:00-04:00,22.094999313354492,22.110000610351562,22.0,22.0049991607666,164742,0.0,0.0
2024-03-25 11:30:00-04:00,22.0,22.014999389648438,21.93000030517578,21.934999465942383,121286,0.0,0.0
2024-03-25 12:30:00-04:00,21.93000030517578,21.989999771118164,21.84000015258789,21.985000610351562,151882,0.0,0.0
2024-03-25 13:30:00-04:00,21.985000610351562,22.1200008392334,21.985000610351562,22.065000534057617,350498,0.0,0.0
2024-03-25 14:30:00-04:00,22.065000534057617,22.094999313354492,21.7450008392334,21.7450008392334,327456,0.0,0.0
2024-03-25 15:30:00-04:00,21.739999771118164,21.854999542236328,21.729999542236328,21.739999771118164,2181089,0.0,0.0
2024-03-26 09:30:00-04:00,21.729999542236328,21.864999771118164,21.729999542236328,21.825000762939453,246170,0.0,0.0
2024-03-26 10:30:00-04:00,21.825000762939453,21.864999771118164,21.799999237060547,21.81999969482422,155022,0.0,0.0
2024-03-26 11:30:00-04:00,21.82699966430664,22.030000686645508,21.799999237060547,22.010000228881836,366950,0.0,0.0
2024-03-26 12:30:00-04:00,22.010000228881836,22.014999389648438,21.950000762939453,21.985000610351562,190692,0.0,0.0
2024-03-26 13:30:00-04:00,21.985000610351562,22.0049991607666,21.8700008392334,21.989999771118164,348741,0.0,0.0
2024-03-26 14:30:00-04:00,21.985000610351562,22.030000686645508,21.93000030517578,21.9950008392334,354606,0.0,0.0
2024-03-26 15:30:00-04:00,21.9950008392334,22.040000915527344,21.8799991607666,21.90999984741211,695633,0.0,0.0
2024-03-27 09:30:00-04:00,22.040000915527344,22.145000457763672,21.899999618530273,21.950000762939453,245227,0.0,0.0
2024-03-27 10:30:00-04:00,21.969999313354492,22.0,21.8799991607666,21.899999618530273,191079,0.0,0.0
2024-03-27 11:30:00-04:00,21.899999618530273,21.905000686645508,21.770000457763672,21.790000915527344,305097,0.0,0.0
2024-03-27 12:30:00-04:00,21.795000076293945,21.815000534057617,21.704999923706055,21.780000686645508,153428,0.0,0.0
2024-03-27 13:30:00-04:00,21.780000686645508,21.809999465942383,21.735000610351562,21.809999465942383,136400,0.0,0.0
2024-03-27 14:30:00-04:00,21.815000534057617,22.0,21.780000686645508,22.0,350242,0.0,0.0
2024-03-27 15:30:00-04:00,21.9950008392334,22.1200008392334,21.989999771118164,22.114999771118164,414311,0.0,0.0
2024-03-28 09:30:00-04:00,22.149999618530273,22.34000015258789,22.149999618530273,22.2731990814209,199182,0.0,0.0
2024-03-28 10:30:00-04:00,22.27899932861328,22.360000610351562,22.239999771118164,22.25,276522,0.0,0.0
2024-03-28 11:30:00-04:00,22.260000228881836,22.350000381469727,22.260000228881836,22.295000076293945,139409,0.0,0.0
2024-03-28 12:30:00-04:00,22.29199981689453,22.34000015258789,22.280000686645508,22.28499984741211,115646,0.0,0.0
2024-03-28 13:30:00-04:00,22.28499984741211,22.43000030517578,22.280000686645508,22.40999984741211,252047,0.0,0.0
2024-03-28 14:30:00-04:00,22.40999984741211,22.415000915527344,22.360000610351562,22.399999618530273,209100,0.0,0.0
2024-03-28 15:30:00-04:00,22.399999618530273,22.420000076293945,22.34000015258789,22.385000228881836,560567,0.0,0.0
2024-04-01 09:30:00-04:00,22.34000015258789,22.395000457763672,22.045000076293945,22.045000076293945,305500,0.0,0.0
2024-04-01 10:30:00-04:00,22.0575008392334,22.209999084472656,21.948999404907227,22.155000686645508,347321,0.0,0.0
2024-04-01 11:30:00-04:00,22.150100708007812,22.229999542236328,22.12070083618164,22.135000228881836,235982,0.0,0.0
2024-04-01 12:30:00-04:00,22.1299991607666,22.30900001525879,22.12190055847168,22.30500030517578,278165,0.0,0.0
2024-04-01 13:30:00-04:00,22.30500030517578,22.360000610351562,22.274999618530273,22.280000686645508,209677,0.0,0.0
2024-04-01 14:30:00-04:00,22.28499984741211,22.350000381469727,22.271400451660156,22.325000762939453,234630,0.0,0.0
2024-04-01 15:30:00-04:00,22.329999923706055,22.34000015258789,22.295000076293945,22.309999465942383,411693,0.0,0.0
2024-04-02 09:30:00-04:00,22.110000610351562,22.334999084472656,21.854999542236328,22.020000457763672,372122,0.0,0.0
2024-04-02 10:30:00-04:00,22.020000457763672,22.094999313354492,21.952499389648438,21.96500015258789,136814,0.0,0.0
2024-04-02 11:30:00-04:00,21.969999313354492,22.020000457763672,21.920000076293945,21.94499969482422,151593,0.0,0.0
2024-04-02 12:30:00-04:00,21.94700050354004,22.030000686645508,21.940000534057617,22.030000686645508,93792,0.0,0.0
2024-04-02 13:30:00-04:00,22.024999618530273,22.079999923706055,22.010000228881836,22.06999969482422,105405,0.0,0.0
2024-04-02 14:30:00-04:00,22.059999465942383,22.079999923706055,21.989999771118164,22.03499984741211,146714,0.0,0.0
2024-04-02 15:30:00-04:00,22.03499984741211,22.06999969482422,22.020000457763672,22.040000915527344,379698,0.0,0.0
2024-04-03 09:30:00-04:00,22.010000228881836,22.06999969482422,21.90999984741211,22.059999465942383,271432,0.0,0.0
2024-04-03 10:30:00-04:00,22.059999465942383,22.204999923706055,22.03499984741211,22.104999542236328,236013,0.0,0.0
2024-04-03 11:30:00-04:00,22.100000381469727,22.149999618530273,22.045000076293945,22.135000228881836,191735,0.0,0.0
2024-04-03 12:30:00-04:00,22.139999389648438,22.165000915527344,22.075000762939453,22.104999542236328,138659,0.0,0.0
2024-04-03 13:30:00-04:00,22.100000381469727,22.155000686645508,22.079999923706055,22.079999923706055,154761,0.0,0.0
2024-04-03 14:30:00-04:00,22.079999923706055,22.094999313354492,21.979999542236328,22.0,212847,0.0,0.0
2024-04-03 15:30:00-04:00,22.0,22.09000015258789,21.9950008392334,22.079999923706055,590305,0.0,0.0
2024-04-04 09:30:00-04:00,22.239999771118164,22.579999923706055,22.170000076293945,22.514999389648438,398804,0.0,0.0
2024-04-04 10:30:00-04:00,22.514999389648438,22.53499984741211,22.395000457763672,22.424999237060547,209976,0.0,0.0
2024-04-04 11:30:00-04:00,22.424999237060547,22.600000381469727,22.424999237060547,22.55500030517578,293475,0.0,0.0
2024-04-04 12:30:00-04:00,22.55500030517578,22.6299991607666,22.513700485229492,22.594999313354492,245872,0.0,0.0
2024-04-04 13:30:00-04:00,22.594999313354492,22.600000381469727,22.315000534057617,22.31999969482422,235105,0.0,0.0
2024-04-04 14:30:00-04:00,22.309999465942383,22.309999465942383,22.03499984741211,22.03499984741211,334340,0.0,0.0
2024-04-04 15:30:00-04:00,22.03499984741211,22.09000015258789,22.0049991607666,22.03499984741211,464564,0.0,0.0
2024-04-05 09:30:00-04:00,21.989999771118164,22.084999084472656,21.8700008392334,21.881200790405273,258020,0.0,0.0
2024-04-05 10:30:00-04:00,21.8799991607666,22.09000015258789,21.8799991607666,22.075000762939453,186063,0.0,0.0
2024-04-05 11:30:00-04:00,22.079999923706055,22.186199188232422,22.040000915527344,22.174999237060547,203816,0.0,0.0
2024-04-05 12:30:00-04:00,22.170000076293945,22.209999084472656,22.1299991607666,22.19499969482422,184450,0.0,0.0
2024-04-05 13:30:00-04:00,22.19499969482422,22.229000091552734,22.100000381469727,22.110000610351562,174058,0.0,0.0
2024-04-05 14:30:00-04:00,22.1200008392334,22.190000534057617,22.100000381469727,22.165000915527344,190974,0.0,0.0
2024-04-05 15:30:00-04:00,22.165000915527344,22.190000534057617,22.1200008392334,22.145000457763672,545705,0.0,0.0
2024-04-08 09:30:00-04:00,22.209999084472656,22.389999389648438,22.170000076293945,22.385000228881836,260168,0.0,0.0
2024-04-08 10:30:00-04:00,22.385000228881836,22.4950008392334,22.334999084472656,22.454999923706055,323833,0.0,0.0
2024-04-08 11:30:00-04:00,22.459999084472656,22.489999771118164,22.43000030517578,22.46500015258789,301014,0.0,0.0
2024-04-08 12:30:00-04:00,22.46500015258789,22.5049991607666,22.434999465942383,22.46500015258789,272690,0.0,0.0
2024-04-08 13:30:00-04:00,22.46500015258789,22.475000381469727,22.260000228881836,22.264999389648438,197759,0.0,0.0
2024-04-08 14:30:00-04:00,22.262500762939453,22.264999389648438,22.21500015258789,22.2450008392334,160888,0.0,0.0
2024-04-08 15:30:00-04:00,22.239999771118164,22.290000915527344,22.200000762939453,22.28499984741211,290463,0.0,0.0
2024-04-09 09:30:00-04:00,22.399999618530273,22.610000610351562,22.389999389648438,22.530000686645508,233834,0.0,0.0
2024-04-09 10:30:00-04:00,22.489999771118164,22.5,22.2549991607666,22.40999984741211,200828,0.0,0.0
2024-04-09 11:30:00-04:00,22.40999984741211,22.475000381469727,22.364999771118164,22.440000534057617,138776,0.0,0.0
2024-04-09 12:30:00-04:00,22.440000534057617,22.44499969482422,22.3700008392334,22.40999984741211,123108,0.0,0.0
2024-04-09 13:30:00-04:00,22.40999984741211,22.469999313354492,22.389999389648438,22.43000030517578,145856,0.0,0.0
2024-04-09 14:30:00-04:00,22.424999237060547,22.6299991607666,22.424999237060547,22.625,614670,0.0,0.0
2024-04-09 15:30:00-04:00,22.625,22.684999465942383,22.614999771118164,22.65999984741211,596127,0.0,0.0
2024-04-10 09:30:00-04:00,22.229999542236328,22.6200008392334,22.229999542236328,22.565000534057617,896475,0.0,0.0
2024-04-10 10:30:00-04:00,22.565000534057617,22.594999313354492,22.3799991607666,22.44499969482422,729114,0.0,0.0
2024-04-10 11:30:00-04:00,22.44499969482422,22.459999084472656,22.329999923706055,22.375,271489,0.0,0.0
2024-04-10 12:30:00-04:00,22.3799991607666,22.475000381469727,22.315000534057617,22.40999984741211,379419,0.0,0.0
2024-04-10 13:30:00-04:00,22.40999984741211,22.46500015258789,22.309999465942383,22.354999542236328,386665,0.0,0.0
2024-04-10 14:30:00-04:00,22.34000015258789,22.65999984741211,22.235000610351562,22.325000762939453,234257,0.0,0.0
2024-04-10 15:30:00-04:00,22.325000762939453,22.389999389648438,22.264999389648438,22.329999923706055,556213,0.0,0.0
2024-04-11 09:30:00-04:00,21.889999389648438,21.969999313354492,21.225000381469727,21.225000381469727,1065272,0.0,0.0
2024-04-11 10:30:00-04:00,21.219999313354492,21.3700008392334,21.09000015258789,21.09000015258789,950037,0.0,0.0
2024-04-11 11:30:00-04:00,21.094999313354492,21.239999771118164,21.010000228881836,21.040000915527344,492107,0.0,0.0
2024-04-11 12:30:00-04:00,21.030000686645508,21.084999084472656,20.905000686645508,21.024999618530273,784779,0.0,0.0
2024-04-11 13:30:00-04:00,21.02079963684082,21.139999389648438,20.950000762939453,21.104999542236328,388553,0.0,0.0
2024-04-11 14:30:00-04:00,21.110000610351562,21.149999618530273,21.020000457763672,21.05500030517578,411682,0.0,0.0
2024-04-11 15:30:00-04:00,21.049999237060547,21.087499618530273,20.989999771118164,20.989999771118164,1027941,0.0,0.0
2024-04-12 09:30:00-04:00,20.812000274658203,21.149999618530273,20.739999771118164,21.1299991607666,567963,0.0,0.0
2024-04-12 10:30:00-04:00,21.125,21.149999618530273,20.920000076293945,21.104999542236328,314101,0.0,0.0
2024-04-12 11:30:00-04:00,21.104999542236328,21.135000228881836,20.9950008392334,21.0,264233,0.0,0.0
2024-04-12 12:30:00-04:00,20.99799919128418,21.00979995727539,20.80500030517578,20.834999084472656,322534,0.0,0.0
2024-04-12 13:30:00-04:00,20.829999923706055,20.93910026550293,20.795000076293945,20.915000915527344,296557,0.0,0.0
2024-04-12 14:30:00-04:00,20.915000915527344,20.920000076293945,20.829999923706055,20.834999084472656,307917,0.0,0.0
2024-04-12 15:30:00-04:00,20.829999923706055,20.940000534057617,20.780000686645508,20.924999237060547,684822,0.0,0.0
2024-04-15 09:30:00-04:00,21.09000015258789,21.239999771118164,20.770000457763672,20.770000457763672,359271,0.0,0.0
2024-04-15 10:30:00-04:00,20.770000457763672,20.920000076293945,20.760000228881836,20.889999389648438,255972,0.0,0.0
2024-04-15 11:30:00-04:00,20.889999389648438,21.0,20.8799991607666,20.920000076293945,257994,0.0,0.0
2024-04-15 12:30:00-04:00,20.915000915527344,20.969999313354492,20.7450008392334,20.75,251583,0.0,0.0
2024-04-15 13:30:00-04:00,20.739999771118164,20.7450008392334,20.6200008392334,20.635000228881836,294441,0.0,0.0
2024-04-15 14:30:00-04:00,20.6299991607666,20.65999984741211,20.454999923706055,20.510000228881836,459276,0.0,0.0
2024-04-15 15:30:00-04:00,20.514999389648438,20.6200008392334,20.479999542236328,20.600000381469727,746007,0.0,0.0
2024-04-16 09:30:00-04:00,20.532499313354492,20.625600814819336,20.420000076293945,20.420000076293945,221291,0.0,0.0
2024-04-16 10:30:00-04:00,20.40999984741211,20.549999237060547,20.399999618530273,20.53499984741211,343710,0.0,0.0
2024-04-16 11:30:00-04:00,20.53499984741211,20.565000534057617,20.459999084472656,20.524999618530273,329333,0.0,0.0
2024-04-16 12:30:00-04:00,20.524999618530273,20.604999542236328,20.524999618530273,20.56999969482422,120157,0.0,0.0
2024-04-16 13:30:00-04:00,20.559999465942383,20.690000534057617,20.5,20.530000686645508,192268,0.0,0.0
2024-04-16 14:30:00-04:00,20.530000686645508,20.635000228881836,20.530000686645508,20.575000762939453,163998,0.0,0.0
2024-04-16 15:30:00-04:00,20.575000762939453,20.575000762939453,20.440000534057617,20.440000534057617,458911,0.0,0.0
2024-04-17 09:30:00-04:00,20.459999084472656,20.719999313354492,20.400100708007812,20.655000686645508,323921,0.0,0.0
2024-04-17 10:30:00-04:00,20.655000686645508,20.65999984741211,20.44499969482422,20.44499969482422,352713,0.0,0.0
2024-04-17 11:30:00-04:00,20.43000030517578,20.487499237060547,20.389999389648438,20.415000915527344,368673,0.0,0.0
2024-04-17 12:30:00-04:00,20.417499542236328,20.434999465942383,20.3700008392334,20.424999237060547,149188,0.0,0.0
2024-04-17 13:30:00-04:00,20.43000030517578,20.475000381469727,20.389999389648438,20.415000915527344,172202,0.0,0.0
2024-04-17 14:30:00-04:00,20.415000915527344,20.510000228881836,20.35379981994629,20.354999542236328,200669,0.0,0.0
2024-04-17 15:30:00-04:00,20.360000610351562,20.434999465942383,20.354999542236328,20.3700008392334,412044,0.0,0.0
2024-04-18 09:30:00-04:00,20.450000762939453,20.475000381469727,20.290000915527344,20.415000915527344,316307,0.0,0.0
2024-04-18 10:30:00-04:00,20.415000915527344,20.514999389648438,20.395000457763672,20.434999465942383,390616,0.0,0.0
2024-04-18 11:30:00-04:00,20.434999465942383,20.540000915527344,20.420000076293945,20.485000610351562,329166,0.0,0.0
2024-04-18 12:30:00-04:00,20.482500076293945,20.4950008392334,20.385000228881836,20.434999465942383,191472,0.0,0.0
2024-04-18 13:30:00-04:00,20.43000030517578,20.450000762939453,20.329999923706055,20.329999923706055,187635,0.0,0.0
2024-04-18 14:30:00-04:00,20.31999969482422,20.364999771118164,20.290000915527344,20.334999084472656,230318,0.0,0.0
2024-04-18 15:30:00-04:00,20.332500457763672,20.399999618530273,20.332500457763672,20.3700008392334,408094,0.0,0.0
2024-04-19 09:30:00-04:00,20.40999984741211,20.68000030517578,20.40999984741211,20.6200008392334,361031,0.0,0.0
2024-04-19 10:30:00-04:00,20.614999771118164,20.635000228881836,20.489999771118164,20.55500030517578,193982,0.0,0.0
2024-04-19 11:30:00-04:00,20.55500030517578,20.59000015258789,20.475000381469727,20.485000610351562,150976,0.0,0.0
2024-04-19 12:30:00-04:00,20.489999771118164,20.579999923706055,20.43000030517578,20.524999618530273,156500,0.0,0.0
2024-04-19 13:30:00-04:00,20.530000686645508,20.6200008392334,20.469999313354492,20.469999313354492,200013,0.0,0.0
2024-04-19 14:30:00-04:00,20.46500015258789,20.520000457763672,20.440000534057617,20.485000610351562,245680,0.0,0.0
2024-04-19 15:30:00-04:00,20.485000610351562,20.545000076293945,20.440000534057617,20.4950008392334,418809,0.0,0.0
2024-04-22 09:30:00-04:00,20.739999771118164,20.739999771118164,20.420000076293945,20.454999923706055,430260,0.0,0.0
2024-04-22 10:30:00-04:00,20.44499969482422,20.540000915527344,20.270000457763672,20.274999618530273,383383,0.0,0.0
2024-04-22 11:30:00-04:00,20.274999618530273,20.415000915527344,20.229999542236328,20.3174991607666,521348,0.0,0.0
2024-04-22 12:30:00-04:00,20.315000534057617,20.485000610351562,20.309999465942383,20.475000381469727,197494,0.0,0.0
2024-04-22 13:30:00-04:00,20.475000381469727,20.649999618530273,20.46500015258789,20.625,231547,0.0,0.0
2024-04-22 14:30:00-04:00,20.6200008392334,20.6299991607666,20.520000457763672,20.53499984741211,224464,0.0,0.0
2024-04-22 15:30:00-04:00,20.530000686645508,20.594999313354492,20.475000381469727,20.489999771118164,613247,0.0,0.0
2024-04-23 09:30:00-04:00,20.579999923706055,20.90999984741211,20.575000762939453,20.764999389648438,493822,0.0,0.0
2024-04-23 10:30:00-04:00,20.760000228881836,20.795000076293945,20.639999389648438,20.725000381469727,239652,0.0,0.0
2024-04-23 11:30:00-04:00,20.719999313354492,20.735000610351562,20.690000534057617,20.729999542236328,191036,0.0,0.0
2024-04-23 12:30:00-04:00,20.729999542236328,20.799999237060547,20.670000076293945,20.674999237060547,428865,0.0,0.0
2024-04-23 13:30:00-04:00,20.674999237060547,20.735000610351562,20.670000076293945,20.700000762939453,242366,0.0,0.0
2024-04-23 14:30:00-04:00,20.700000762939453,20.75,20.674999237060547,20.700000762939453,300778,0.0,0.0
2024-04-23 15:30:00-04:00,20.690000534057617,20.709999084472656,20.635000228881836,20.674999237060547,588288,0.0,0.0
2024-04-24 09:30:00-04:00,20.700000762939453,20.790000915527344,20.579999923706055,20.65999984741211,283266,0.0,0.0
2024-04-24 10:30:00-04:00,20.655000686645508,20.684999465942383,20.514999389648438,20.55500030517578,257832,0.0,0.0
2024-04-24 11:30:00-04:00,20.55500030517578,20.604999542236328,20.510000228881836,20.584999084472656,184266,0.0,0.0
2024-04-24 12:30:00-04:00,20.579999923706055,20.645000457763672,20.53499984741211,20.625,220511,0.0,0.0
2024-04-24 13:30:00-04:00,20.625,20.735000610351562,20.604999542236328,20.719999313354492,213550,0.0,0.0
2024-04-24 14:30:00-04:00,20.725000381469727,20.774999618530273,20.700000762939453,20.774999618530273,222385,0.0,0.0
2024-04-24 15:30:00-04:00,20.774999618530273,20.860000610351562,20.774999618530273,20.84000015258789,438752,0.0,0.0
2024-04-25 09:30:00-04:00,20.610000610351562,20.639999389648438,20.420000076293945,20.4950008392334,240145,0.0,0.0
2024-04-25 10:30:00-04:00,20.4950008392334,20.530000686645508,20.395000457763672,20.520000457763672,160166,0.0,0.0
2024-04-25 11:30:00-04:00,20.514999389648438,20.575000762939453,20.5049991607666,20.55500030517578,231118,0.0,0.0
2024-04-25 12:30:00-04:00,20.55500030517578,20.565000534057617,20.489999771118164,20.524999618530273,119606,0.0,0.0
2024-04-25 13:30:00-04:00,20.520000457763672,20.635000228881836,20.514999389648438,20.565000534057617,173091,0.0,0.0
2024-04-25 14:30:00-04:00,20.565000534057617,20.649999618530273,20.545000076293945,20.649999618530273,237961,0.0,0.0
2024-04-25 15:30:00-04:00,20.656200408935547,20.674999237060547,20.530000686645508,20.559999465942383,506504,0.0,0.0
2024-04-26 09:30:00-04:00,20.6200008392334,20.854999542236328,20.530000686645508,20.815000534057617,216598,0.0,0.0
2024-04-26 10:30:00-04:00,20.815000534057617,20.8700008392334,20.78499984741211,20.815000534057617,240486,0.0,0.0
2024-04-26 11:30:00-04:00,20.81999969482422,20.875,20.735000610351562,20.774999618530273,287573,0.0,0.0
2024-04-26 12:30:00-04:00,20.780000686645508,20.825000762939453,20.7549991607666,20.7549991607666,140850,0.0,0.0
2024-04-26 13:30:00-04:00,20.7549991607666,20.780000686645508,20.729999542236328,20.760000228881836,135376,0.0,0.0
2024-04-26 14:30:00-04:00,20.760000228881836,20.78499984741211,20.719999313354492,20.774999618530273,239114,0.0,0.0
2024-04-26 15:30:00-04:00,20.770000457763672,20.770000457763672,20.625,20.6299991607666,648762,0.0,0.0
2024-04-29 09:30:00-04:00,20.639999389648438,21.0,20.639999389648438,20.954999923706055,301701,0.0,0.0
2024-04-29 10:30:00-04:00,20.954999923706055,20.96500015258789,20.74250030517578,20.74250030517578,200263,0.0,0.0
2024-04-29 11:30:00-04:00,20.7450008392334,20.799999237060547,20.725000381469727,20.790000915527344,167461,0.0,0.0
2024-04-29 12:30:00-04:00,20.790000915527344,20.815000534057617,20.764999389648438,20.780000686645508,132155,0.0,0.0
2024-04-29 13:30:00-04:00,20.78499984741211,20.809200286865234,20.739999771118164,20.7450008392334,133886,0.0,0.0
2024-04-29 14:30:00-04:00,20.739999771118164,20.739999771118164,20.635000228881836,20.655000686645508,198206,0.0,0.0
2024-04-29 15:30:00-04:00,20.655000686645508,20.760000228881836,20.610000610351562,20.760000228881836,591186,0.0,0.0
2024-04-30 09:30:00-04:00,20.649999618530273,20.84000015258789,20.570999145507812,20.6299991607666,354448,0.0,0.0
2024-04-30 10:30:00-04:00,20.637500762939453,20.670000076293945,20.479999542236328,20.4950008392334,287315,0.0,0.0
2024-04-30 11:30:00-04:00,20.4950008392334,20.510000228881836,20.424999237060547,20.424999237060547,253725,0.0,0.0
2024-04-30 12:30:00-04:00,20.424999237060547,20.489999771118164,20.364999771118164,20.44499969482422,346942,0.0,0.0
2024-04-30 13:30:00-04:00,20.44499969482422,20.520000457763672,20.3799991607666,20.3799991607666,279190,0.0,0.0
2024-04-30 14:30:00-04:00,20.3799991607666,20.405000686645508,20.290000915527344,20.299999237060547,737141,0.0,0.0
2024-04-30 15:30:00-04:00,20.30500030517578,20.315000534057617,20.125,20.135000228881836,970943,0.0,0.0
2024-05-01 09:30:00-04:00,20.200000762939453,20.476999282836914,19.920000076293945,20.0,645370,0.0,0.0
2024-05-01 10:30:00-04:00,20.0,20.1200008392334,19.920000076293945,20.06999969482422,617161,0.0,0.0
2024-05-01 11:30:00-04:00,20.06999969482422,20.19499969482422,20.014999389648438,20.049999237060547,566170,0.0,0.0
2024-05-01 12:30:00-04:00,20.045000076293945,20.09000015258789,19.989999771118164,20.065000534057617,330300,0.0,0.0
2024-05-01 13:30:00-04:00,20.065000534057617,20.1299991607666,20.014999389648438,20.1299991607666,472163,0.0,0.0
2024-05-01 14:30:00-04:00,20.1200008392334,20.424999237060547,20.030000686645508,20.184999465942383,896590,0.0,0.0
2024-05-01 15:30:00-04:00,20.190000534057617,20.190000534057617,19.940000534057617,19.940000534057617,1203848,0.0,0.0
2024-05-02 09:30:00-04:00,20.0,20.079999923706055,19.674999237060547,19.829999923706055,444895,0.0,0.0
2024-05-02 10:30:00-04:00,19.81999969482422,19.856000900268555,19.709999084472656,19.71500015258789,1348040,0.0,0.0
2024-05-02 11:30:00-04:00,19.709999084472656,19.725000381469727,19.6299991607666,19.684999465942383,400425,0.0,0.0
2024-05-02 12:30:00-04:00,19.684999465942383,19.719999313354492,19.600000381469727,19.674999237060547,1185293,0.0,0.0
2024-05-02 13:30:00-04:00,19.674999237060547,19.690000534057617,19.645000457763672,19.65999984741211,316156,0.0,0.0
2024-05-02 14:30:00-04:00,19.65999984741211,19.704999923706055,19.610000610351562,19.645000457763672,598281,0.0,0.0
2024-05-02 15:30:00-04:00,19.639999389648438,19.68000030517578,19.575000762939453,19.68000030517578,1106385,0.0,0.0
2024-05-03 09:30:00-04:00,19.850000381469727,19.899999618530273,19.655000686645508,19.704999923706055,1183364,0.0,0.0
2024-05-03 10:30:00-04:00,19.700000762939453,19.81999969482422,19.700000762939453,19.795000076293945,585543,0.0,0.0
2024-05-03 11:30:00-04:00,19.795000076293945,19.844999313354492,19.770000457763672,19.81100082397461,398816,0.0,0.0
2024-05-03 12:30:00-04:00,19.809999465942383,19.924999237060547,19.78499984741211,19.899999618530273,779492,0.0,0.0
2024-05-03 13:30:00-04:00,19.899999618530273,19.969999313354492,19.8700008392334,19.885000228881836,338867,0.0,0.0
2024-05-03 14:30:00-04:00,19.885299682617188,19.959999084472656,19.850000381469727,19.959999084472656,479246,0.0,0.0
2024-05-03 15:30:00-04:00,19.959999084472656,20.049999237060547,19.90999984741211,20.030000686645508,1049440,0.0,0.0
2024-05-06 09:30:00-04:00,20.06999969482422,20.079999923706055,19.760000228881836,19.924999237060547,607651,0.0,0.0
2024-05-06 10:30:00-04:00,19.920000076293945,20.030000686645508,19.889999389648438,19.899999618530273,386967,0.0,0.0
2024-05-06 11:30:00-04:00,19.899999618530273,19.915000915527344,19.8700008392334,19.895000457763672,271168,0.0,0.0
2024-05-06 12:30:00-04:00,19.889999389648438,19.959999084472656,19.700000762939453,19.864999771118164,1973363,0.0,0.0
2024-05-06 13:30:00-04:00,19.864999771118164,19.909000396728516,19.75,19.774999618530273,843770,0.0,0.0
2024-05-06 14:30:00-04:00,19.774999618530273,19.774999618530273,19.639999389648438,19.700000762939453,661352,0.0,0.0
2024-05-06 15:30:00-04:00,19.700000762939453,19.719999313354492,19.639999389648438,19.700000762939453,1090889,0.0,0.0
2024-05-07 09:30:00-04:00,19.770000457763672,19.934999465942383,19.674999237060547,19.84000015258789,780204,0.0,0.0
2024-05-07 10:30:00-04:00,19.844999313354492,20.014999389648438,19.844999313354492,19.864999771118164,944397,0.0,0.0
2024-05-07 11:30:00-04:00,19.86750030517578,19.90999984741211,19.834999084472656,19.875,292755,0.0,0.0
2024-05-07 12:30:00-04:00,19.875,19.90999984741211,19.799999237060547,19.864999771118164,601802,0.0,0.0
2024-05-07 13:30:00-04:00,19.860000610351562,19.899999618530273,19.829999923706055,19.875,364159,0.0,0.0
2024-05-07 14:30:00-04:00,19.8700008392334,19.905000686645508,19.854999542236328,19.899999618530273,402239,0.0,0.0
2024-05-07 15:30:00-04:00,19.899999618530273,19.969999313354492,19.889999389648438,19.959999084472656,875878,0.0,0.0
2024-05-08 09:30:00-04:00,19.829999923706055,19.895000457763672,19.65999984741211,19.704999923706055,434750,0.0,0.0
2024-05-08 10:30:00-04:00,19.709999084472656,19.834999084472656,19.704999923706055,19.780000686645508,333942,0.0,0.0
2024-05-08 11:30:00-04:00,19.78499984741211,19.834999084472656,19.780000686645508,19.790000915527344,190862,0.0,0.0
2024-05-08 12:30:00-04:00,19.795000076293945,19.829999923706055,19.760000228881836,19.764999389648438,300109,0.0,0.0
2024-05-08 13:30:00-04:00,19.764999389648438,19.889999389648438,19.760000228881836,19.834999084472656,365577,0.0,0.0
2024-05-08 14:30:00-04:00,19.834999084472656,19.94499969482422,19.825000762939453,19.940000534057617,378036,0.0,0.0
2024-05-08 15:30:00-04:00,19.930200576782227,20.049999237060547,19.8799991607666,20.020000457763672,968225,0.0,0.0
2024-05-09 09:30:00-04:00,20.09000015258789,20.329999923706055,20.030000686645508,20.239999771118164,710978,0.0,0.0
2024-05-09 10:30:00-04:00,20.239999771118164,20.350000381469727,20.21500015258789,20.315000534057617,510796,0.0,0.0
2024-05-09 11:30:00-04:00,20.315000534057617,20.334999084472656,20.190000534057617,20.190000534057617,505708,0.0,0.0
2024-05-09 12:30:00-04:00,20.190000534057617,20.21579933166504,20.139999389648438,20.19499969482422,456630,0.0,0.0
2024-05-09 13:30:00-04:00,20.200000762939453,20.209999084472656,20.139999389648438,20.15999984741211,443356,0.0,0.0
2024-05-09 14:30:00-04:00,20.165000915527344,20.229999542236328,20.139999389648438,20.204999923706055,845723,0.0,0.0
2024-05-09 15:30:00-04:00,20.200000762939453,20.368999481201172,20.184999465942383,20.34000015258789,1403329,0.0,0.0
2024-05-10 09:30:00-04:00,22.469999313354492,23.639999389648438,22.09000015258789,23.350000381469727,3887284,0.0,0.0
2024-05-10 10:30:00-04:00,23.350000381469727,23.645000457763672,23.329999923706055,23.530000686645508,1741618,0.0,0.0
2024-05-10 11:30:00-04:00,23.52050018310547,23.579999923706055,23.28499984741211,23.395000457763672,1184237,0.0,0.0
2024-05-10 12:30:00-04:00,23.390899658203125,23.40999984741211,23.270000457763672,23.360000610351562,1090835,0.0,0.0
2024-05-10 13:30:00-04:00,23.364999771118164,23.479999542236328,23.29319953918457,23.325000762939453,1066167,0.0,0.0
2024-05-10 14:30:00-04:00,23.325000762939453,23.459999084472656,23.260000228881836,23.334999084472656,1317839,0.0,0.0
2024-05-10 15:30:00-04:00,23.344999313354492,23.479999542236328,23.329999923706055,23.454999923706055,1840495,0.0,0.0
2024-05-13 09:30:00-04:00,23.53499984741211,23.920000076293945,23.450000762939453,23.799999237060547,1326348,0.0,0.0
2024-05-13 10:30:00-04:00,23.790000915527344,23.989999771118164,23.709999084472656,23.790000915527344,966399,0.0,0.0
2024-05-13 11:30:00-04:00,23.780000686645508,23.920000076293945,23.670000076293945,23.764999389648438,833877,0.0,0.0
2024-05-13 12:30:00-04:00,23.764999389648438,23.8799991607666,23.725000381469727,23.774999618530273,722521,0.0,0.0
2024-05-13 13:30:00-04:00,23.770000457763672,23.790000915527344,23.635000228881836,23.739999771118164,1224381,0.0,0.0
2024-05-13 14:30:00-04:00,23.75,23.989999771118164,23.739999771118164,23.975000381469727,1026866,0.0,0.0
2024-05-13 15:30:00-04:00,23.974700927734375,24.145000457763672,23.959999084472656,24.010000228881836,1868721,0.0,0.0
2024-05-14 09:30:00-04:00,23.920000076293945,24.5,23.790000915527344,24.484699249267578,1369210,0.0,0.0
2024-05-14 10:30:00-04:00,24.485000610351562,24.56999969482422,24.375,24.454999923706055,765799,0.0,0.0
2024-05-14 11:30:00-04:00,24.44499969482422,24.475000381469727,24.174999237060547,24.30500030517578,845705,0.0,0.0
2024-05-14 12:30:00-04:00,24.30109977722168,24.3700008392334,24.229999542236328,24.290000915527344,732396,0.0,0.0
2024-05-14 13:30:00-04:00,24.28499984741211,24.5,24.239999771118164,24.485000610351562,1154038,0.0,0.0
2024-05-14 14:30:00-04:00,24.489999771118164,24.524999618530273,24.385000228881836,24.489999771118164,1106470,0.0,0.0
2024-05-14 15:30:00-04:00,24.489999771118164,24.579999923706055,24.46500015258789,24.52899932861328,1586864,0.0,0.0
2024-05-15 09:30:00-04:00,24.709999084472656,25.03499984741211,24.614999771118164,24.895000457763672,1216478,0.0,0.0
2024-05-15 10:30:00-04:00,24.89189910888672,24.940000534057617,24.729999542236328,24.854999542236328,764759,0.0,0.0
2024-05-15 11:30:00-04:00,24.850000381469727,24.989999771118164,24.829999923706055,24.959999084472656,699896,0.0,0.0
2024-05-15 12:30:00-04:00,24.969999313354492,25.010000228881836,24.8799991607666,24.899999618530273,591036,0.0,0.0
2024-05-15 13:30:00-04:00,24.905000686645508,24.975000381469727,24.885000228881836,24.885000228881836,440466,0.0,0.0
2024-05-15 14:30:00-04:00,24.8799991607666,25.040000915527344,24.81999969482422,25.014999389648438,683865,0.0,0.0
2024-05-15 15:30:00-04:00,25.014999389648438,25.059999465942383,24.934999465942383,25.059999465942383,1091660,0.0,0.0
2024-05-16 09:30:00-04:00,24.780000686645508,25.030000686645508,24.780000686645508,24.985000610351562,704249,0.0,0.0
2024-05-16 10:30:00-04:00,24.985000610351562,25.135000228881836,24.979999542236328,25.114999771118164,433434,0.0,0.0
2024-05-16 11:30:00-04:00,25.1200008392334,25.25,25.104999542236328,25.235000610351562,619440,0.0,0.0
2024-05-16 12:30:00-04:00,25.235000610351562,25.36520004272461,25.209999084472656,25.315000534057617,400767,0.0,0.0
2024-05-16 13:30:00-04:00,25.315000534057617,25.399999618530273,25.309999465942383,25.350000381469727,350465,0.0,0.0
2024-05-16 14:30:00-04:00,25.350000381469727,25.459999084472656,25.341999053955078,25.459999084472656,528527,0.0,0.0
2024-05-16 15:30:00-04:00,25.454999923706055,25.46500015258789,25.3799991607666,25.3799991607666,1065015,0.0,0.0
2024-05-17 09:30:00-04:00,25.1299991607666,25.219999313354492,24.489999771118164,24.864999771118164,1250343,0.0,0.0
2024-05-17 10:30:00-04:00,24.860000610351562,24.979999542236328,24.799999237060547,24.94499969482422,772847,0.0,0.0
2024-05-17 11:30:00-04:00,24.950000762939453,25.0,24.8799991607666,24.905000686645508,592628,0.0,0.0
2024-05-17 12:30:00-04:00,24.90999984741211,24.9950008392334,24.8799991607666,24.96500015258789,421847,0.0,0.0
2024-05-17 13:30:00-04:00,24.969999313354492,25.014999389648438,24.90999984741211,24.934999465942383,399452,0.0,0.0
2024-05-17 14:30:00-04:00,24.934999465942383,25.0049991607666,24.93000030517578,25.0049991607666,508041,0.0,0.0
2024-05-17 15:30:00-04:00,25.0,25.040000915527344,24.93000030517578,25.040000915527344,907229,0.0,0.0
2024-05-20 09:30:00-04:00,25.020000457763672,25.100000381469727,24.741899490356445,24.829999923706055,820064,0.0,0.0
2024-05-20 10:30:00-04:00,24.834999084472656,24.854999542236328,24.719999313354492,24.850000381469727,805206,0.0,0.0
2024-05-20 11:30:00-04:00,24.854999542236328,24.8799991607666,24.729999542236328,24.7450008392334,739630,0.0,0.0
2024-05-20 12:30:00-04:00,24.75,24.7549991607666,24.6200008392334,24.6299991607666,623136,0.0,0.0
2024-05-20 13:30:00-04:00,24.6299991607666,24.65999984741211,24.53499984741211,24.594999313354492,760985,0.0,0.0
2024-05-20 14:30:00-04:00,24.594999313354492,24.665000915527344,24.549999237060547,24.610000610351562,1160061,0.0,0.0
2024-05-20 15:30:00-04:00,24.604999542236328,24.604999542236328,24.360000610351562,24.459999084472656,1915268,0.0,0.0
2024-05-21 09:30:00-04:00,24.469999313354492,24.860000610351562,24.395000457763672,24.614999771118164,1336702,0.0,0.0
2024-05-21 10:30:00-04:00,24.614999771118164,25.0,24.549999237060547,24.885000228881836,1136255,0.0,0.0
2024-05-21 11:30:00-04:00,24.8799991607666,24.979999542236328,24.850000381469727,24.979999542236328,426872,0.0,0.0
2024-05-21 12:30:00-04:00,24.975000381469727,25.030000686645508,24.954999923706055,25.014999389648438,620295,0.0,0.0
2024-05-21 13:30:00-04:00,25.014999389648438,25.030000686645508,24.979999542236328,25.014999389648438,483962,0.0,0.0
2024-05-21 14:30:00-04:00,25.01609992980957,25.030000686645508,24.969999313354492,25.014999389648438,605887,0.0,0.0
2024-05-21 15:30:00-04:00,25.014999389648438,25.06999969482422,25.0,25.049999237060547,886076,0.0,0.0
2024-05-22 09:30:00-04:00,25.059999465942383,25.125,24.959999084472656,25.079999923706055,671214,0.0,0.0
2024-05-22 10:30:00-04:00,25.079999923706055,25.184999465942383,25.059999465942383,25.100000381469727,397624,0.0,0.0
2024-05-22 11:30:00-04:00,25.079999923706055,25.139999389648438,25.065000534057617,25.094999313354492,300356,0.0,0.0
2024-05-22 12:30:00-04:00,25.094999313354492,25.200000762939453,25.079999923706055,25.145000457763672,482330,0.0,0.0
2024-05-22 13:30:00-04:00,25.145000457763672,25.165000915527344,24.940000534057617,24.989999771118164,746921,0.0,0.0
2024-05-22 14:30:00-04:00,24.989999771118164,25.014999389648438,24.950000762939453,24.975000381469727,885368,0.0,0.0
2024-05-22 15:30:00-04:00,24.975000381469727,25.010000228881836,24.940000534057617,25.010000228881836,1140968,0.0,0.0
2024-05-23 09:30:00-04:00,24.979999542236328,25.030000686645508,24.709999084472656,25.010000228881836,968203,0.0,0.0
2024-05-23 10:30:00-04:00,25.014999389648438,25.014999389648438,24.875,24.940000534057617,427001,0.0,0.0
2024-05-23 11:30:00-04:00,24.934999465942383,25.010000228881836,24.854299545288086,24.895000457763672,375355,0.0,0.0
2024-05-23 12:30:00-04:00,24.899999618530273,24.975000381469727,24.844999313354492,24.878799438476562,489397,0.0,0.0
2024-05-23 13:30:00-04:00,24.875,24.875,24.559999465942383,24.625,643342,0.0,0.0
2024-05-23 14:30:00-04:00,24.6200008392334,24.700000762939453,24.579999923706055,24.639999389648438,625663,0.0,0.0
2024-05-23 15:30:00-04:00,24.645000457763672,24.68000030517578,24.6200008392334,24.670000076293945,693342,0.0,0.0
2024-05-24 09:30:00-04:00,24.729999542236328,24.93000030517578,24.635000228881836,24.780000686645508,575564,0.0,0.0
2024-05-24 10:30:00-04:00,24.78499984741211,24.850000381469727,24.729999542236328,24.799999237060547,493829,0.0,0.0
2024-05-24 11:30:00-04:00,24.79170036315918,24.844999313354492,24.780000686645508,24.825000762939453,349036,0.0,0.0
2024-05-24 12:30:00-04:00,24.825000762939453,24.860000610351562,24.75,24.795000076293945,343548,0.0,0.0
2024-05-24 13:30:00-04:00,24.790000915527344,24.850000381469727,24.780000686645508,24.825000762939453,394792,0.0,0.0
2024-05-24 14:30:00-04:00,24.825000762939453,24.954999923706055,24.81999969482422,24.915000915527344,543671,0.0,0.0
2024-05-24 15:30:00-04:00,24.915000915527344,24.920000076293945,24.834999084472656,24.8799991607666,527166,0.0,0.0
2024-05-28 09:30:00-04:00,24.709999084472656,24.895000457763672,24.68000030517578,24.80500030517578,776911,0.0,0.0
2024-05-28 10:30:00-04:00,24.799999237060547,24.950000762939453,24.739999771118164,24.93000030517578,638862,0.0,0.0
2024-05-28 11:30:00-04:00,24.934999465942383,25.010000228881836,24.93000030517578,24.950000762939453,486445,0.0,0.0
2024-05-28 12:30:00-04:00,24.950000762939453,25.0049991607666,24.920000076293945,24.934999465942383,349193,0.0,0.0
2024-05-28 13:30:00-04:00,24.93000030517578,24.959999084472656,24.790000915527344,24.80500030517578,389390,0.0,0.0
2024-05-28 14:30:00-04:00,24.799999237060547,24.799999237060547,24.6200008392334,24.655000686645508,555857,0.0,0.0
2024-05-28 15:30:00-04:00,24.649999618530273,24.81999969482422,24.635000228881836,24.815000534057617,847495,0.0,0.0
2024-05-29 09:30:00-04:00,24.440000534057617,24.780000686645508,24.440000534057617,24.75,713419,0.0,0.0
2024-05-29 10:30:00-04:00,24.7549991607666,24.764999389648438,24.594999313354492,24.635000228881836,508434,0.0,0.0
2024-05-29 11:30:00-04:00,24.635000228881836,24.726299285888672,24.6200008392334,24.71310043334961,468715,0.0,0.0
2024-05-29 12:30:00-04:00,24.71500015258789,24.719999313354492,24.59000015258789,24.610000610351562,428549,0.0,0.0
2024-05-29 13:30:00-04:00,24.614999771118164,24.614999771118164,24.524999618530273,24.545000076293945,530504,0.0,0.0
2024-05-29 14:30:00-04:00,24.540000915527344,24.56999969482422,24.4950008392334,24.549999237060547,563641,0.0,0.0
2024-05-29 15:30:00-04:00,24.545000076293945,24.584999084472656,24.450000762939453,24.510000228881836,835360,0.0,0.0
2024-05-30 09:30:00-04:00,24.520000457763672,24.540000915527344,24.219999313354492,24.3799991607666,506002,0.0,0.0
2024-05-30 10:30:00-04:00,24.3799991607666,24.540000915527344,24.375,24.514999389648438,502198,0.0,0.0
2024-05-30 11:30:00-04:00,24.514999389648438,24.59000015258789,24.424999237060547,24.565000534057617,568058,0.0,0.0
2024-05-30 12:30:00-04:00,24.565000534057617,24.625,24.545000076293945,24.584999084472656,409449,0.0,0.0
2024-05-30 13:30:00-04:00,24.584999084472656,24.59000015258789,24.43120002746582,24.524999618530273,392871,0.0,0.0
2024-05-30 14:30:00-04:00,24.524999618530273,24.649999618530273,24.510000228881836,24.604999542236328,753731,0.0,0.0
2024-05-30 15:30:00-04:00,24.604999542236328,24.614999771118164,24.5,24.590999603271484,751996,0.0,0.0
2024-05-31 09:30:00-04:00,24.697999954223633,24.770000457763672,24.424999237060547,24.44499969482422,670176,0.0,0.0
2024-05-31 10:30:00-04:00,24.440000534057617,24.600000381469727,24.434999465942383,24.524999618530273,827601,0.0,0.0
2024-05-31 11:30:00-04:00,24.524999618530273,24.68000030517578,24.5,24.665000915527344,915286,0.0,0.0
2024-05-31 12:30:00-04:00,24.670000076293945,24.68000030517578,24.579999923706055,24.674999237060547,920079,0.0,0.0
2024-05-31 13:30:00-04:00,24.674999237060547,24.704999923706055,24.575000762939453,24.59000015258789,775757,0.0,0.0
2024-05-31 14:30:00-04:00,24.594999313354492,24.684999465942383,24.530000686645508,24.645000457763672,1068627,0.0,0.0
2024-05-31 15:30:00-04:00,24.645000457763672,24.860000610351562,24.610000610351562,24.81999969482422,2495397,0.0,0.0
2024-06-03 09:30:00-04:00,24.940000534057617,25.059999465942383,24.81999969482422,24.850000381469727,1277244,0.0,0.0
2024-06-03 10:30:00-04:00,24.844999313354492,24.924999237060547,24.68000030517578,24.700000762939453,667150,0.0,0.0
2024-06-03 11:30:00-04:00,24.704999923706055,24.7549991607666,24.520000457763672,24.540000915527344,590696,0.0,0.0
2024-06-03 12:30:00-04:00,24.545000076293945,24.71500015258789,24.479999542236328,24.700000762939453,352533,0.0,0.0
2024-06-03 13:30:00-04:00,24.700000762939453,24.875,24.700000762939453,24.810400009155273,866746,0.0,0.0
2024-06-03 14:30:00-04:00,24.809999465942383,24.834999084472656,24.770000457763672,24.784900665283203,429239,0.0,0.0
2024-06-03 15:30:00-04:00,24.78499984741211,24.868999481201172,24.760000228881836,24.809999465942383,875363,0.0,0.0
2024-06-04 09:30:00-04:00,24.649999618530273,25.065000534057617,24.6200008392334,24.950000762939453,922717,0.0,0.0
2024-06-04 10:30:00-04:00,24.950000762939453,24.959999084472656,24.829999923706055,24.844999313354492,420479,0.0,0.0
2024-06-04 11:30:00-04:00,24.844999313354492,24.850000381469727,24.75,24.834999084472656,279559,0.0,0.0
2024-06-04 12:30:00-04:00,24.84000015258789,24.905000686645508,24.81999969482422,24.875,246186,0.0,0.0
2024-06-04 13:30:00-04:00,24.875,24.908899307250977,24.84000015258789,24.885000228881836,258111,0.0,0.0
2024-06-04 14:30:00-04:00,24.885000228881836,24.899999618530273,24.81999969482422,24.8799991607666,454552,0.0,0.0
2024-06-04 15:30:00-04:00,24.8700008392334,24.940000534057617,24.799999237060547,24.829999923706055,1003988,0.0,0.0
2024-06-05 09:30:00-04:00,24.8799991607666,25.045000076293945,24.8799991607666,25.0049991607666,626561,0.0,0.0
2024-06-05 10:30:00-04:00,25.0049991607666,25.06999969482422,24.979999542236328,25.03499984741211,431120,0.0,0.0
2024-06-05 11:30:00-04:00,25.040000915527344,25.18000030517578,25.030000686645508,25.170000076293945,422476,0.0,0.0
2024-06-05 12:30:00-04:00,25.174999237060547,25.30500030517578,25.173599243164062,25.260000228881836,405781,0.0,0.0
2024-06-05 13:30:00-04:00,25.270000457763672,25.43000030517578,25.270000457763672,25.415000915527344,316904,0.0,0.0
2024-06-05 14:30:00-04:00,25.415000915527344,25.475000381469727,25.364999771118164,25.434999465942383,482871,0.0,0.0
2024-06-05 15:30:00-04:00,25.434999465942383,25.459999084472656,25.395000457763672,25.454999923706055,694387,0.0,0.0
2024-06-06 09:30:00-04:00,25.3700008392334,25.610000610351562,25.36050033569336,25.5049991607666,586757,0.0,0.0
2024-06-06 10:30:00-04:00,25.5049991607666,25.514999389648438,25.31999969482422,25.350000381469727,341420,0.0,0.0
2024-06-06 11:30:00-04:00,25.354999542236328,25.375,25.309999465942383,25.364999771118164,261661,0.0,0.0
2024-06-06 12:30:00-04:00,25.364999771118164,25.420000076293945,25.344999313354492,25.405000686645508,242683,0.0,0.0
2024-06-06 13:30:00-04:00,25.405000686645508,25.489999771118164,25.3799991607666,25.46500015258789,387235,0.0,0.0
2024-06-06 14:30:00-04:00,25.46500015258789,25.489999771118164,25.364999771118164,25.399999618530273,400262,0.0,0.0
2024-06-06 15:30:00-04:00,25.395000457763672,25.469999313354492,25.3799991607666,25.450000762939453,721468,0.0,0.0
2024-06-07 09:30:00-04:00,24.080400466918945,24.52400016784668,23.860000610351562,24.045000076293945,1399989,0.0,0.0
2024-06-07 10:30:00-04:00,24.044700622558594,24.290000915527344,24.044700622558594,24.25,752131,0.0,0.0
2024-06-07 11:30:00-04:00,24.2549991607666,24.510000228881836,24.25,24.385000228881836,823011,0.0,0.0
2024-06-07 12:30:00-04:00,24.389999389648438,24.774999618530273,24.360000610351562,24.690000534057617,893910,0.0,0.0
2024-06-07 13:30:00-04:00,24.684999465942383,24.735000610351562,24.530000686645508,24.649999618530273,908476,0.0,0.0
2024-06-07 14:30:00-04:00,24.649999618530273,24.815000534057617,24.649999618530273,24.760000228881836,1071513,0.0,0.0
2024-06-07 15:30:00-04:00,24.760000228881836,24.81999969482422,24.68000030517578,24.709999084472656,1550318,0.0,0.0
2024-06-10 09:30:00-04:00,24.459999084472656,24.899999618530273,24.3799991607666,24.479999542236328,1368688,0.0,0.0
2024-06-10 10:30:00-04:00,24.485000610351562,24.53499984741211,24.344999313354492,24.4242000579834,840876,0.0,0.0
2024-06-10 11:30:00-04:00,24.424999237060547,24.475000381469727,24.165000915527344,24.209999084472656,637890,0.0,0.0
2024-06-10 12:30:00-04:00,24.209999084472656,24.31999969482422,24.1299991607666,24.21500015258789,741974,0.0,0.0
2024-06-10 13:30:00-04:00,24.21500015258789,24.520000457763672,24.209999084472656,24.4950008392334,568284,0.0,0.0
2024-06-10 14:30:00-04:00,24.4950008392334,24.545000076293945,24.3799991607666,24.514999389648438,716189,0.0,0.0
2024-06-10 15:30:00-04:00,24.514999389648438,24.520000457763672,24.450000762939453,24.479999542236328,892946,0.0,0.0
2024-06-11 09:30:00-04:00,24.309999465942383,24.53499984741211,24.184999465942383,24.290000915527344,568785,0.0,0.0
2024-06-11 10:30:00-04:00,24.290000915527344,24.385000228881836,24.1299991607666,24.235000610351562,507063,0.0,0.0
2024-06-11 11:30:00-04:00,24.235000610351562,24.3799991607666,24.219999313354492,24.364999771118164,298862,0.0,0.0
2024-06-11 12:30:00-04:00,24.3700008392334,24.434999465942383,24.309999465942383,24.434999465942383,294246,0.0,0.0
2024-06-11 13:30:00-04:00,24.434999465942383,24.4950008392334,24.415000915527344,24.485000610351562,389472,0.0,0.0
2024-06-11 14:30:00-04:00,24.489999771118164,24.510000228881836,24.385000228881836,24.395000457763672,321643,0.0,0.0
2024-06-11 15:30:00-04:00,24.395000457763672,24.40999984741211,24.34000015258789,24.3700008392334,691989,0.0,0.0
2024-06-12 09:30:00-04:00,24.780000686645508,25.110000610351562,24.649999618530273,24.860000610351562,628611,0.0,0.0
2024-06-12 10:30:00-04:00,24.860000610351562,24.959999084472656,24.84000015258789,24.905000686645508,304691,0.0,0.0
2024-06-12 11:30:00-04:00,24.905000686645508,25.05500030517578,24.8799991607666,24.915000915527344,622180,0.0,0.0
2024-06-12 12:30:00-04:00,24.915000915527344,25.020000457763672,24.905000686645508,24.959999084472656,447711,0.0,0.0
2024-06-12 13:30:00-04:00,24.950000762939453,24.954999923706055,24.770000457763672,24.895000457763672,414179,0.0,0.0
2024-06-12 14:30:00-04:00,24.895000457763672,24.93000030517578,24.764999389648438,24.815000534057617,576888,0.0,0.0
2024-06-12 15:30:00-04:00,24.81999969482422,24.940000534057617,24.735000610351562,24.889999389648438,1192445,0.0,0.0
2024-06-13 09:30:00-04:00,24.729999542236328,25.084999084472656,24.729999542236328,24.860000610351562,637686,0.0,0.0
2024-06-13 10:30:00-04:00,24.864999771118164,24.899999618530273,24.614999771118164,24.635000228881836,342187,0.0,0.0
2024-06-13 11:30:00-04:00,24.635000228881836,24.65999984741211,24.360300064086914,24.364999771118164,293067,0.0,0.0
2024-06-13 12:30:00-04:00,24.360000610351562,24.459999084472656,24.350000381469727,24.44499969482422,264501,0.0,0.0
2024-06-13 13:30:00-04:00,24.450000762939453,24.549999237060547,24.399999618530273,24.514999389648438,441884,0.0,0.0
2024-06-13 14:30:00-04:00,24.514999389648438,24.559999465942383,24.4950008392334,24.530000686645508,362560,0.0,0.0
2024-06-13 15:30:00-04:00,24.530000686645508,24.6200008392334,24.479999542236328,24.485000610351562,595875,0.0,0.0
2024-06-14 09:30:00-04:00,24.40999984741211,24.670000076293945,24.364999771118164,24.479999542236328,402296,0.0,0.0
2024-06-14 10:30:00-04:00,24.475000381469727,24.524999618530273,24.3700008392334,24.450000762939453,380488,0.0,0.0
2024-06-14 11:30:00-04:00,24.44499969482422,24.479999542236328,24.31999969482422,24.329999923706055,321591,0.0,0.0
2024-06-14 12:30:00-04:00,24.334999084472656,24.420000076293945,24.30500030517578,24.3700008392334,212795,0.0,0.0
2024-06-14 13:30:00-04:00,24.364999771118164,24.469999313354492,24.31999969482422,24.46500015258789,489367,0.0,0.0
2024-06-14 14:30:00-04:00,24.46500015258789,24.479999542236328,24.350000381469727,24.360000610351562,578480,0.0,0.0
2024-06-14 15:30:00-04:00,24.360000610351562,24.454999923706055,24.325000762939453,24.385000228881836,697956,0.0,0.0
2024-06-17 09:30:00-04:00,24.3799991607666,24.3799991607666,23.895000457763672,23.895000457763672,445414,0.0,0.0
2024-06-17 10:30:00-04:00,23.889999389648438,23.889999389648438,23.739999771118164,23.825000762939453,531217,0.0,0.0
2024-06-17 11:30:00-04:00,23.825000762939453,23.834999084472656,23.639999389648438,23.670000076293945,392797,0.0,0.0
2024-06-17 12:30:00-04:00,23.670000076293945,23.864999771118164,23.655000686645508,23.80500030517578,521663,0.0,0.0
2024-06-17 13:30:00-04:00,23.80929946899414,23.920000076293945,23.760000228881836,23.850000381469727,528703,0.0,0.0
2024-06-17 14:30:00-04:00,23.850000381469727,23.934999465942383,23.790000915527344,23.895000457763672,682448,0.0,0.0
2024-06-17 15:30:00-04:00,23.889999389648438,23.889999389648438,23.65999984741211,23.68000030517578,1278419,0.0,0.0
2024-06-18 09:30:00-04:00,23.770000457763672,24.0,23.530000686645508,23.540000915527344,743442,0.0,0.0
2024-06-18 10:30:00-04:00,23.540000915527344,23.549999237060547,23.40999984741211,23.424999237060547,409544,0.0,0.0
2024-06-18 11:30:00-04:00,23.424999237060547,23.424999237060547,23.329999923706055,23.399999618530273,405565,0.0,0.0
2024-06-18 12:30:00-04:00,23.405000686645508,23.405000686645508,23.270000457763672,23.325000762939453,458182,0.0,0.0
2024-06-18 13:30:00-04:00,23.325000762939453,23.530000686645508,23.299999237060547,23.489999771118164,556781,0.0,0.0
2024-06-18 14:30:00-04:00,23.479999542236328,23.485000610351562,23.360000610351562,23.459999084472656,534062,0.0,0.0
2024-06-18 15:30:00-04:00,23.459999084472656,23.579999923706055,23.440000534057617,23.559999465942383,1348759,0.0,0.0
2024-06-20 09:30:00-04:00,23.520000457763672,23.729999542236328,23.350000381469727,23.56999969482422,865204,0.0,0.0
2024-06-20 10:30:00-04:00,23.559999465942383,23.600000381469727,23.5,23.559999465942383,325677,0.0,0.0
2024-06-20 11:30:00-04:00,23.565000534057617,23.635000228881836,23.545000076293945,23.614999771118164,323360,0.0,0.0
2024-06-20 12:30:00-04:00,23.614999771118164,23.690000534057617,23.584999084472656,23.684999465942383,313547,0.0,0.0
2024-06-20 13:30:00-04:00,23.684999465942383,23.760000228881836,23.670000076293945,23.684999465942383,296351,0.0,0.0
2024-06-20 14:30:00-04:00,23.684999465942383,23.809999465942383,23.68000030517578,23.781200408935547,439865,0.0,0.0
2024-06-20 15:30:00-04:00,23.780000686645508,23.825000762939453,23.729999542236328,23.770000457763672,746984,0.0,0.0
2024-06-21 09:30:00-04:00,23.770000457763672,24.100000381469727,23.639999389648438,24.094999313354492,801439,0.0,0.0
2024-06-21 10:30:00-04:00,24.094999313354492,24.225000381469727,24.0,24.03499984741211,392643,0.0,0.0
2024-06-21 11:30:00-04:00,24.03499984741211,24.09000015258789,24.020000457763672,24.079999923706055,223714,0.0,0.0
2024-06-21 12:30:00-04:00,24.09000015258789,24.110000610351562,24.020000457763672,24.05500030517578,224495,0.0,0.0
2024-06-21 13:30:00-04:00,24.049999237060547,24.079999923706055,23.81999969482422,23.834999084472656,329189,0.0,0.0
2024-06-21 14:30:00-04:00,23.829999923706055,23.829999923706055,23.65999984741211,23.672800064086914,681281,0.0,0.0
2024-06-21 15:30:00-04:00,23.674999237060547,24.34000015258789,23.665000915527344,24.270000457763672,4412718,0.0,0.0
2024-06-24 09:30:00-04:00,23.940000534057617,24.25,23.690000534057617,24.200000762939453,509969,0.0,0.0
2024-06-24 10:30:00-04:00,24.209999084472656,24.229999542236328,24.079999923706055,24.184999465942383,399526,0.0,0.0
2024-06-24 11:30:00-04:00,24.184999465942383,24.21500015258789,24.0,24.05500030517578,234924,0.0,0.0
2024-06-24 12:30:00-04:00,24.049999237060547,24.049999237060547,23.959999084472656,23.989999771118164,204211,0.0,0.0
2024-06-24 13:30:00-04:00,23.985000610351562,24.159000396728516,23.94499969482422,24.155000686645508,246526,0.0,0.0
2024-06-24 14:30:00-04:00,24.149999618530273,24.204999923706055,24.149999618530273,24.184999465942383,324089,0.0,0.0
2024-06-24 15:30:00-04:00,24.18000030517578,24.204999923706055,24.06999969482422,24.09000015258789,859756,0.0,0.0
2024-06-25 09:30:00-04:00,24.200000762939453,24.3700008392334,24.100000381469727,24.21500015258789,411962,0.0,0.0
2024-06-25 10:30:00-04:00,24.21500015258789,24.30500030517578,24.174999237060547,24.25,412414,0.0,0.0
2024-06-25 11:30:00-04:00,24.2549991607666,24.295000076293945,24.200000762939453,24.229999542236328,239553,0.0,0.0
2024-06-25 12:30:00-04:00,24.225000381469727,24.260000228881836,24.15999984741211,24.229999542236328,237442,0.0,0.0
2024-06-25 13:30:00-04:00,24.229999542236328,24.270000457763672,24.225000381469727,24.260000228881836,227458,0.0,0.0
2024-06-25 14:30:00-04:00,24.260000228881836,24.260000228881836,24.200000762939453,24.225000381469727,295243,0.0,0.0
2024-06-25 15:30:00-04:00,24.225000381469727,24.270000457763672,24.145000457763672,24.18000030517578,694866,0.0,0.0
2024-06-26 09:30:00-04:00,24.100000381469727,24.184999465942383,23.989999771118164,24.05500030517578,189031,0.0,0.0
2024-06-26 10:30:00-04:00,24.049999237060547,24.25,24.049999237060547,24.25,473267,0.0,0.0
2024-06-26 11:30:00-04:00,24.24370002746582,24.270000457763672,24.19499969482422,24.21500015258789,175479,0.0,0.0
2024-06-26 12:30:00-04:00,24.21500015258789,24.225000381469727,24.18000030517578,24.19499969482422,237242,0.0,0.0
2024-06-26 13:30:00-04:00,24.19499969482422,24.270000457763672,24.19499969482422,24.239999771118164,210397,0.0,0.0
2024-06-26 14:30:00-04:00,24.235000610351562,24.31999969482422,24.235000610351562,24.28499984741211,238164,0.0,0.0
2024-06-26 15:30:00-04:00,24.290000915527344,24.299999237060547,24.149999618530273,24.190000534057617,688010,0.0,0.0
2024-06-27 09:30:00-04:00,24.329999923706055,24.549999237060547,24.25,24.548200607299805,276107,0.0,0.0
2024-06-27 10:30:00-04:00,24.545000076293945,24.657899856567383,24.5,24.625,254190,0.0,0.0
2024-06-27 11:30:00-04:00,24.625,24.709999084472656,24.53499984741211,24.584999084472656,511985,0.0,0.0
2024-06-27 12:30:00-04:00,24.59000015258789,24.684999465942383,24.540000915527344,24.635000228881836,440873,0.0,0.0
2024-06-27 13:30:00-04:00,24.635000228881836,24.645000457763672,24.559999465942383,24.565000534057617,366862,0.0,0.0
2024-06-27 14:30:00-04:00,24.559999465942383,24.639999389648438,24.53499984741211,24.625,434212,0.0,0.0
2024-06-27 15:30:00-04:00,24.625,24.709999084472656,24.594999313354492,24.6299991607666,892482,0.0,0.0
2024-06-28 09:30:00-04:00,24.719999313354492,24.889999389648438,24.670000076293945,24.875,279026,0.0,0.0
2024-06-28 10:30:00-04:00,24.884000778198242,24.979999542236328,24.8700008392334,24.924999237060547,343260,0.0,0.0
2024-06-28 11:30:00-04:00,24.93000030517578,24.934999465942383,24.80500030517578,24.875,191184,0.0,0.0
2024-06-28 12:30:00-04:00,24.875,24.889999389648438,24.760000228881836,24.764999389648438,193385,0.0,0.0
2024-06-28 13:30:00-04:00,24.760000228881836,24.780000686645508,24.725000381469727,24.7450008392334,230017,0.0,0.0
2024-06-28 14:30:00-04:00,24.739999771118164,24.834999084472656,24.700000762939453,24.829999923706055,261712,0.0,0.0
2024-06-28 15:30:00-04:00,24.834999084472656,25.0,24.760000228881836,24.979999542236328,811461,0.0,0.0
2024-07-01 09:30:00-04:00,24.979999542236328,25.139999389648438,24.899999618530273,24.959999084472656,455633,0.0,0.0
2024-07-01 10:30:00-04:00,24.950000762939453,24.959999084472656,24.799999237060547,24.8700008392334,273729,0.0,0.0
2024-07-01 11:30:00-04:00,24.8700008392334,25.0049991607666,24.860000610351562,24.989999771118164,360772,0.0,0.0
2024-07-01 12:30:00-04:00,24.989999771118164,25.155000686645508,24.989999771118164,25.125,273152,0.0,0.0
2024-07-01 13:30:00-04:00,25.125,25.170000076293945,24.905000686645508,24.920000076293945,299557,0.0,0.0
2024-07-01 14:30:00-04:00,24.915000915527344,25.0049991607666,24.895000457763672,24.915000915527344,293477,0.0,0.0
2024-07-01 15:30:00-04:00,24.915000915527344,24.959999084472656,24.889999389648438,24.889999389648438,530178,0.0,0.0
2024-07-02 09:30:00-04:00,24.920000076293945,25.049999237060547,24.670000076293945,24.69499969482422,508921,0.0,0.0
2024-07-02 10:30:00-04:00,24.69499969482422,24.700000762939453,24.56999969482422,24.645000457763672,199128,0.0,0.0
2024-07-02 11:30:00-04:00,24.639999389648438,24.68000030517578,24.55500030517578,24.61709976196289,293478,0.0,0.0
2024-07-02 12:30:00-04:00,24.614999771118164,24.759899139404297,24.610000610351562,24.7450008392334,134519,0.0,0.0
2024-07-02 13:30:00-04:00,24.7450008392334,24.829999923706055,24.725000381469727,24.799999237060547,203124,0.0,0.0
2024-07-02 14:30:00-04:00,24.80500030517578,24.954999923706055,24.799999237060547,24.954999923706055,267075,0.0,0.0
2024-07-02 15:30:00-04:00,24.954999923706055,24.985000610351562,24.924999237060547,24.979999542236328,458724,0.0,0.0
2024-07-03 09:30:00-04:00,24.989999771118164,25.040000915527344,24.809999465942383,24.969999313354492,405644,0.0,0.0
2024-07-03 10:30:00-04:00,24.96500015258789,25.0049991607666,24.899999618530273,24.90999984741211,304975,0.0,0.0
2024-07-03 11:30:00-04:00,24.905000686645508,24.905000686645508,24.809999465942383,24.815000534057617,296020,0.0,0.0
2024-07-05 09:30:00-04:00,24.4950008392334,24.770000457763672,24.43000030517578,24.540000915527344,350650,0.0,0.0
2024-07-05 10:30:00-04:00,24.545000076293945,24.6200008392334,24.510000228881836,24.565000534057617,273298,0.0,0.0
2024-07-05 11:30:00-04:00,24.56999969482422,24.6200008392334,24.55500030517578,24.56999969482422,228724,0.0,0.0
2024-07-05 12:30:00-04:00,24.56999969482422,24.65999984741211,24.564899444580078,24.610000610351562,212209,0.0,0.0
2024-07-05 13:30:00-04:00,24.604999542236328,24.644800186157227,24.59000015258789,24.625,217196,0.0,0.0
2024-07-05 14:30:00-04:00,24.6299991607666,24.684999465942383,24.614999771118164,24.625,359754,0.0,0.0
2024-07-05 15:30:00-04:00,24.625,24.674999237060547,24.610000610351562,24.655000686645508,456551,0.0,0.0
2024-07-08 09:30:00-04:00,24.65999984741211,24.739599227905273,24.420000076293945,24.514999389648438,240666,0.0,0.0
2024-07-08 10:30:00-04:00,24.510000228881836,24.549999237060547,24.44499969482422,24.489999771118164,169460,0.0,0.0
2024-07-08 11:30:00-04:00,24.489999771118164,24.520000457763672,24.440000534057617,24.489999771118164,142067,0.0,0.0
2024-07-08 12:30:00-04:00,24.485000610351562,24.524999618530273,24.440000534057617,24.479999542236328,149244,0.0,0.0
2024-07-08 13:30:00-04:00,24.485000610351562,24.645999908447266,24.479999542236328,24.645000457763672,206412,0.0,0.0
2024-07-08 14:30:00-04:00,24.649999618530273,24.65999984741211,24.610000610351562,24.625,187381,0.0,0.0
2024-07-08 15:30:00-04:00,24.6200008392334,24.665000915527344,24.530000686645508,24.540000915527344,568841,0.0,0.0
2024-07-09 09:30:00-04:00,24.459999084472656,24.579999923706055,24.114999771118164,24.145000457763672,468001,0.0,0.0
2024-07-09 10:30:00-04:00,24.145000457763672,24.200000762939453,24.09000015258789,24.149999618530273,314327,0.0,0.0
2024-07-09 11:30:00-04:00,24.15999984741211,24.190000534057617,24.125,24.165000915527344,192867,0.0,0.0
2024-07-09 12:30:00-04:00,24.170000076293945,24.190000534057617,24.1200008392334,24.165000915527344,222187,0.0,0.0
2024-07-09 13:30:00-04:00,24.165000915527344,24.229999542236328,24.104999542236328,24.125,256791,0.0,0.0
2024-07-09 14:30:00-04:00,24.1200008392334,24.1200008392334,24.065000534057617,24.110000610351562,252730,0.0,0.0
2024-07-09 15:30:00-04:00,24.110000610351562,24.15999984741211,24.06999969482422,24.125,658275,0.0,0.0
2024-07-10 09:30:00-04:00,24.079999923706055,24.280000686645508,24.05500030517578,24.225000381469727,286263,0.0,0.0
2024-07-10 10:30:00-04:00,24.225000381469727,24.30500030517578,24.219999313354492,24.235000610351562,205695,0.0,0.0
2024-07-10 11:30:00-04:00,24.229999542236328,24.299999237060547,24.19499969482422,24.295000076293945,157596,0.0,0.0
2024-07-10 12:30:00-04:00,24.290000915527344,24.389999389648438,24.2549991607666,24.375,148641,0.0,0.0
2024-07-10 13:30:00-04:00,24.375,24.395000457763672,24.329999923706055,24.334999084472656,183180,0.0,0.0
2024-07-10 14:30:00-04:00,24.334999084472656,24.40999984741211,24.334999084472656,24.405000686645508,242717,0.0,0.0
2024-07-10 15:30:00-04:00,24.405000686645508,24.6200008392334,24.405000686645508,24.600000381469727,644915,0.0,0.0
2024-07-11 09:30:00-04:00,24.649999618530273,25.28499984741211,24.649999618530273,25.280000686645508,471725,0.0,0.0
2024-07-11 10:30:00-04:00,25.280000686645508,25.28499984741211,25.06999969482422,25.114999771118164,211218,0.0,0.0
2024-07-11 11:30:00-04:00,25.125,25.125,24.711000442504883,24.875,337512,0.0,0.0
2024-07-11 12:30:00-04:00,24.875,24.950000762939453,24.844999313354492,24.93000030517578,144668,0.0,0.0
2024-07-11 13:30:00-04:00,24.934999465942383,25.014999389648438,24.90999984741211,24.90999984741211,151152,0.0,0.0
2024-07-11 14:30:00-04:00,24.915000915527344,25.0049991607666,24.90999984741211,24.979999542236328,251933,0.0,0.0
2024-07-11 15:30:00-04:00,24.979999542236328,25.014999389648438,24.975000381469727,24.989999771118164,517418,0.0,0.0
2024-07-12 09:30:00-04:00,25.0,25.299999237060547,24.850000381469727,25.274999618530273,284911,0.0,0.0
2024-07-12 10:30:00-04:00,25.274999618530273,25.3700008392334,25.229999542236328,25.3700008392334,186727,0.0,0.0
2024-07-12 11:30:00-04:00,25.364999771118164,25.385000228881836,25.28499984741211,25.334999084472656,143626,0.0,0.0
2024-07-12 12:30:00-04:00,25.334999084472656,25.479999542236328,25.309999465942383,25.460500717163086,204510,0.0,0.0
2024-07-12 13:30:00-04:00,25.46500015258789,25.524999618530273,25.440000534057617,25.440000534057617,210152,0.0,0.0
2024-07-12 14:30:00-04:00,25.440000534057617,25.524999618530273,25.43000030517578,25.5,238521,0.0,0.0
2024-07-12 15:30:00-04:00,25.4950008392334,25.549999237060547,25.469999313354492,25.520000457763672,592933,0.0,0.0
