Datetime,Open,High,Low,Close,Volume,Dividends,Stock Splits,Capital Gains
2022-07-14 09:30:00-04:00,8.149999618530273,8.180000305175781,8.020000457763672,8.0600004196167,66639,0.0,0.0,0.0
2022-07-14 10:30:00-04:00,8.0600004196167,8.140000343322754,8.039999961853027,8.130000114440918,53950,0.0,0.0,0.0
2022-07-14 11:30:00-04:00,8.140000343322754,8.180000305175781,8.100000381469727,8.119999885559082,26562,0.0,0.0,0.0
2022-07-14 12:30:00-04:00,8.130000114440918,8.154999732971191,8.079999923706055,8.154999732971191,20352,0.0,0.0,0.0
2022-07-14 13:30:00-04:00,8.140000343322754,8.210000038146973,8.130000114440918,8.199999809265137,11199,0.0,0.0,0.0
2022-07-14 14:30:00-04:00,8.210000038146973,8.229999542236328,8.170000076293945,8.194299697875977,10520,0.0,0.0,0.0
2022-07-14 15:30:00-04:00,8.199999809265137,8.199999809265137,8.15999984741211,8.170000076293945,13712,0.0,0.0,0.0
2022-07-15 09:30:00-04:00,8.270000457763672,8.380000114440918,8.220000267028809,8.3100004196167,72532,0.0,0.0,0.0
2022-07-15 10:30:00-04:00,8.300000190734863,8.329999923706055,8.239999771118164,8.319999694824219,24612,0.0,0.0,0.0
2022-07-15 11:30:00-04:00,8.3100004196167,8.329999923706055,8.300000190734863,8.319899559020996,17790,0.0,0.0,0.0
2022-07-15 12:30:00-04:00,8.300000190734863,8.354999542236328,8.300000190734863,8.350000381469727,122287,0.0,0.0,0.0
2022-07-15 13:30:00-04:00,8.354999542236328,8.38659954071045,8.350000381469727,8.360099792480469,25097,0.0,0.0,0.0
2022-07-15 14:30:00-04:00,8.369999885559082,8.399999618530273,8.369999885559082,8.385000228881836,10948,0.0,0.0,0.0
2022-07-15 15:30:00-04:00,8.380000114440918,8.399999618530273,8.369999885559082,8.399999618530273,18529,0.0,0.0,0.0
2022-07-18 09:30:00-04:00,8.510000228881836,8.653900146484375,8.510000228881836,8.569999694824219,112663,0.0,0.0,0.0
2022-07-18 10:30:00-04:00,8.579999923706055,8.630000114440918,8.537300109863281,8.626899719238281,30297,0.0,0.0,0.0
2022-07-18 11:30:00-04:00,8.619999885559082,8.710000038146973,8.609999656677246,8.694199562072754,28827,0.0,0.0,0.0
2022-07-18 12:30:00-04:00,8.699999809265137,8.699999809265137,8.630000114440918,8.640000343322754,14929,0.0,0.0,0.0
2022-07-18 13:30:00-04:00,8.649900436401367,8.649999618530273,8.510000228881836,8.529999732971191,35340,0.0,0.0,0.0
2022-07-18 14:30:00-04:00,8.520000457763672,8.535099983215332,8.460000038146973,8.478500366210938,14782,0.0,0.0,0.0
2022-07-18 15:30:00-04:00,8.470000267028809,8.470000267028809,8.430000305175781,8.470000267028809,16059,0.0,0.0,0.0
2022-07-19 09:30:00-04:00,8.579999923706055,8.600000381469727,8.460700035095215,8.555000305175781,50274,0.0,0.0,0.0
2022-07-19 10:30:00-04:00,8.550100326538086,8.656000137329102,8.539999961853027,8.649999618530273,18765,0.0,0.0,0.0
2022-07-19 11:30:00-04:00,8.675000190734863,8.694299697875977,8.664299964904785,8.690099716186523,11017,0.0,0.0,0.0
2022-07-19 12:30:00-04:00,8.699999809265137,8.720000267028809,8.6899995803833,8.704999923706055,10117,0.0,0.0,0.0
2022-07-19 13:30:00-04:00,8.710000038146973,8.779999732971191,8.710000038146973,8.729999542236328,17576,0.0,0.0,0.0
2022-07-19 14:30:00-04:00,8.725000381469727,8.755000114440918,8.720000267028809,8.755000114440918,27148,0.0,0.0,0.0
2022-07-19 15:30:00-04:00,8.739999771118164,8.770000457763672,8.729999542236328,8.75,32016,0.0,0.0,0.0
2022-07-20 09:30:00-04:00,8.779999732971191,9.029999732971191,8.779999732971191,9.029999732971191,140430,0.0,0.0,0.0
2022-07-20 10:30:00-04:00,9.029999732971191,9.119999885559082,9.028800010681152,9.119999885559082,71478,0.0,0.0,0.0
2022-07-20 11:30:00-04:00,9.109999656677246,9.164999961853027,9.095000267028809,9.119999885559082,35898,0.0,0.0,0.0
2022-07-20 12:30:00-04:00,9.119999885559082,9.145000457763672,8.989999771118164,9.029999732971191,33978,0.0,0.0,0.0
2022-07-20 13:30:00-04:00,9.069700241088867,9.079700469970703,9.020000457763672,9.079700469970703,49194,0.0,0.0,0.0
2022-07-20 14:30:00-04:00,9.079899787902832,9.149900436401367,9.069999694824219,9.149900436401367,31343,0.0,0.0,0.0
2022-07-20 15:30:00-04:00,9.149999618530273,9.149999618530273,9.109999656677246,9.109999656677246,43483,0.0,0.0,0.0
2022-07-21 09:30:00-04:00,9.100000381469727,9.220000267028809,9.039999961853027,9.069999694824219,170738,0.0,0.0,0.0
2022-07-21 10:30:00-04:00,9.0600004196167,9.1850004196167,9.03499984741211,9.1850004196167,30530,0.0,0.0,0.0
2022-07-21 11:30:00-04:00,9.1899995803833,9.274999618530273,9.164999961853027,9.274999618530273,28263,0.0,0.0,0.0
2022-07-21 12:30:00-04:00,9.279999732971191,9.289999961853027,9.199999809265137,9.210000038146973,44799,0.0,0.0,0.0
2022-07-21 13:30:00-04:00,9.199999809265137,9.239999771118164,9.180000305175781,9.229999542236328,33382,0.0,0.0,0.0
2022-07-21 14:30:00-04:00,9.220000267028809,9.239999771118164,9.199999809265137,9.220000267028809,41890,0.0,0.0,0.0
2022-07-21 15:30:00-04:00,9.225000381469727,9.270000457763672,9.225000381469727,9.270000457763672,28201,0.0,0.0,0.0
2022-07-22 09:30:00-04:00,9.09000015258789,9.100000381469727,8.864999771118164,8.890000343322754,158787,0.0,0.0,0.0
2022-07-22 10:30:00-04:00,8.890000343322754,8.925000190734863,8.800000190734863,8.800000190734863,47952,0.0,0.0,0.0
2022-07-22 11:30:00-04:00,8.800000190734863,8.800000190734863,8.720000267028809,8.744999885559082,85029,0.0,0.0,0.0
2022-07-22 12:30:00-04:00,8.739999771118164,8.770000457763672,8.70199966430664,8.710000038146973,22334,0.0,0.0,0.0
2022-07-22 13:30:00-04:00,8.711999893188477,8.733499526977539,8.6899995803833,8.704999923706055,61526,0.0,0.0,0.0
2022-07-22 14:30:00-04:00,8.699999809265137,8.770000457763672,8.699999809265137,8.75,29203,0.0,0.0,0.0
2022-07-22 15:30:00-04:00,8.755000114440918,8.755000114440918,8.719900131225586,8.739999771118164,28068,0.0,0.0,0.0
2022-07-25 09:30:00-04:00,8.729999542236328,8.729999542236328,8.59000015258789,8.630000114440918,126799,0.0,0.0,0.0
2022-07-25 10:30:00-04:00,8.619999885559082,8.670000076293945,8.59000015258789,8.635000228881836,26872,0.0,0.0,0.0
2022-07-25 11:30:00-04:00,8.643199920654297,8.670000076293945,8.638799667358398,8.649999618530273,14857,0.0,0.0,0.0
2022-07-25 12:30:00-04:00,8.654999732971191,8.710000038146973,8.649999618530273,8.670000076293945,14342,0.0,0.0,0.0
2022-07-25 13:30:00-04:00,8.670000076293945,8.680000305175781,8.625,8.640000343322754,15745,0.0,0.0,0.0
2022-07-25 14:30:00-04:00,8.635000228881836,8.649999618530273,8.600000381469727,8.614999771118164,10812,0.0,0.0,0.0
2022-07-25 15:30:00-04:00,8.609999656677246,8.670000076293945,8.604999542236328,8.649999618530273,29676,0.0,0.0,0.0
2022-07-26 09:30:00-04:00,8.59000015258789,8.59000015258789,8.425000190734863,8.430000305175781,47745,0.0,0.0,0.0
2022-07-26 10:30:00-04:00,8.420000076293945,8.460000038146973,8.40999984741211,8.420000076293945,48414,0.0,0.0,0.0
2022-07-26 11:30:00-04:00,8.40999984741211,8.430000305175781,8.390000343322754,8.430000305175781,21139,0.0,0.0,0.0
2022-07-26 12:30:00-04:00,8.4399995803833,8.449999809265137,8.40999984741211,8.4399995803833,8974,0.0,0.0,0.0
2022-07-26 13:30:00-04:00,8.4399995803833,8.449999809265137,8.390000343322754,8.390000343322754,9947,0.0,0.0,0.0
2022-07-26 14:30:00-04:00,8.380999565124512,8.390000343322754,8.359999656677246,8.369999885559082,18197,0.0,0.0,0.0
2022-07-26 15:30:00-04:00,8.369999885559082,8.395000457763672,8.369999885559082,8.380000114440918,19420,0.0,0.0,0.0
2022-07-27 09:30:00-04:00,8.520000457763672,8.662300109863281,8.499899864196777,8.619999885559082,60888,0.0,0.0,0.0
2022-07-27 10:30:00-04:00,8.630000114440918,8.670000076293945,8.600000381469727,8.649999618530273,20045,0.0,0.0,0.0
2022-07-27 11:30:00-04:00,8.659000396728516,8.680000305175781,8.649999618530273,8.680000305175781,29644,0.0,0.0,0.0
2022-07-27 12:30:00-04:00,8.680000305175781,8.680000305175781,8.63129997253418,8.645000457763672,7781,0.0,0.0,0.0
2022-07-27 13:30:00-04:00,8.649999618530273,8.699999809265137,8.640000343322754,8.689800262451172,69224,0.0,0.0,0.0
2022-07-27 14:30:00-04:00,8.6850004196167,8.850000381469727,8.65999984741211,8.845000267028809,49860,0.0,0.0,0.0
2022-07-27 15:30:00-04:00,8.869999885559082,8.869999885559082,8.8100004196167,8.8100004196167,24484,0.0,0.0,0.0
2022-07-28 09:30:00-04:00,8.770000457763672,8.859999656677246,8.600000381469727,8.609299659729004,85297,0.0,0.0,0.0
2022-07-28 10:30:00-04:00,8.629199981689453,8.819999694824219,8.609999656677246,8.819999694824219,29199,0.0,0.0,0.0
2022-07-28 11:30:00-04:00,8.84000015258789,8.871000289916992,8.800000190734863,8.829999923706055,19796,0.0,0.0,0.0
2022-07-28 12:30:00-04:00,8.835000038146973,8.850000381469727,8.789999961853027,8.845000267028809,16251,0.0,0.0,0.0
2022-07-28 13:30:00-04:00,8.84000015258789,8.879400253295898,8.829999923706055,8.835000038146973,9408,0.0,0.0,0.0
2022-07-28 14:30:00-04:00,8.829999923706055,8.899999618530273,8.829999923706055,8.890000343322754,43032,0.0,0.0,0.0
2022-07-28 15:30:00-04:00,8.890000343322754,8.899999618530273,8.869999885559082,8.899999618530273,41254,0.0,0.0,0.0
2022-07-29 09:30:00-04:00,8.899999618530273,8.989999771118164,8.800000190734863,8.984999656677246,195392,0.0,0.0,0.0
2022-07-29 10:30:00-04:00,8.979999542236328,8.979999542236328,8.829999923706055,8.850000381469727,72800,0.0,0.0,0.0
2022-07-29 11:30:00-04:00,8.84000015258789,8.880000114440918,8.835000038146973,8.869999885559082,46575,0.0,0.0,0.0
2022-07-29 12:30:00-04:00,8.859999656677246,8.919899940490723,8.855899810791016,8.899999618530273,40571,0.0,0.0,0.0
2022-07-29 13:30:00-04:00,8.90999984741211,8.960000038146973,8.899999618530273,8.960000038146973,15241,0.0,0.0,0.0
2022-07-29 14:30:00-04:00,8.960000038146973,8.970000267028809,8.940999984741211,8.970000267028809,26172,0.0,0.0,0.0
2022-07-29 15:30:00-04:00,8.960000038146973,9.0,8.960000038146973,8.989999771118164,279366,0.0,0.0,0.0
2022-08-01 09:30:00-04:00,8.920000076293945,9.056500434875488,8.810199737548828,9.010000228881836,89930,0.0,0.0,0.0
2022-08-01 10:30:00-04:00,9.029999732971191,9.149999618530273,9.029999732971191,9.129899978637695,111647,0.0,0.0,0.0
2022-08-01 11:30:00-04:00,9.100000381469727,9.129899978637695,9.069999694824219,9.09000015258789,17506,0.0,0.0,0.0
2022-08-01 12:30:00-04:00,9.100000381469727,9.100000381469727,9.010000228881836,9.014300346374512,20576,0.0,0.0,0.0
2022-08-01 13:30:00-04:00,9.000300407409668,9.015800476074219,8.960000038146973,9.005000114440918,177271,0.0,0.0,0.0
2022-08-01 14:30:00-04:00,9.010000228881836,9.055399894714355,9.010000228881836,9.010000228881836,15445,0.0,0.0,0.0
2022-08-01 15:30:00-04:00,9.020000457763672,9.055000305175781,9.020000457763672,9.045000076293945,16114,0.0,0.0,0.0
2022-08-02 09:30:00-04:00,8.949999809265137,9.104999542236328,8.90999984741211,9.0600004196167,137910,0.0,0.0,0.0
2022-08-02 10:30:00-04:00,9.0600004196167,9.149999618530273,9.029999732971191,9.109999656677246,51828,0.0,0.0,0.0
2022-08-02 11:30:00-04:00,9.109999656677246,9.229999542236328,9.069999694824219,9.220000267028809,63066,0.0,0.0,0.0
2022-08-02 12:30:00-04:00,9.220000267028809,9.244999885559082,9.15999984741211,9.15999984741211,27715,0.0,0.0,0.0
2022-08-02 13:30:00-04:00,9.130000114440918,9.1850004196167,9.100000381469727,9.17490005493164,26501,0.0,0.0,0.0
2022-08-02 14:30:00-04:00,9.180000305175781,9.197500228881836,9.119999885559082,9.149999618530273,25094,0.0,0.0,0.0
2022-08-02 15:30:00-04:00,9.149999618530273,9.15999984741211,9.109999656677246,9.109999656677246,28661,0.0,0.0,0.0
2022-08-03 09:30:00-04:00,9.1899995803833,9.399999618530273,9.170000076293945,9.34000015258789,119300,0.0,0.0,0.0
2022-08-03 10:30:00-04:00,9.319999694824219,9.414999961853027,9.300000190734863,9.414999961853027,49653,0.0,0.0,0.0
2022-08-03 11:30:00-04:00,9.40999984741211,9.449999809265137,9.39490032196045,9.425000190734863,51892,0.0,0.0,0.0
2022-08-03 12:30:00-04:00,9.41919994354248,9.498000144958496,9.414999961853027,9.479999542236328,43815,0.0,0.0,0.0
2022-08-03 13:30:00-04:00,9.48639965057373,9.489999771118164,9.4399995803833,9.475000381469727,34780,0.0,0.0,0.0
2022-08-03 14:30:00-04:00,9.470000267028809,9.479000091552734,9.4399995803833,9.460000038146973,22979,0.0,0.0,0.0
2022-08-03 15:30:00-04:00,9.460000038146973,9.510000228881836,9.460000038146973,9.489999771118164,75723,0.0,0.0,0.0
2022-08-04 09:30:00-04:00,9.5600004196167,9.689900398254395,9.5600004196167,9.569999694824219,104303,0.0,0.0,0.0
2022-08-04 10:30:00-04:00,9.550000190734863,9.5649995803833,9.470000267028809,9.520000457763672,42117,0.0,0.0,0.0
2022-08-04 11:30:00-04:00,9.530099868774414,9.649999618530273,9.510000228881836,9.649999618530273,21083,0.0,0.0,0.0
2022-08-04 12:30:00-04:00,9.649999618530273,9.649999618530273,9.5600004196167,9.619999885559082,31994,0.0,0.0,0.0
2022-08-04 13:30:00-04:00,9.609999656677246,9.619999885559082,9.569999694824219,9.59000015258789,25052,0.0,0.0,0.0
2022-08-04 14:30:00-04:00,9.59000015258789,9.630000114440918,9.569999694824219,9.619999885559082,33513,0.0,0.0,0.0
2022-08-04 15:30:00-04:00,9.614999771118164,9.619999885559082,9.579999923706055,9.619999885559082,17877,0.0,0.0,0.0
2022-08-05 09:30:00-04:00,9.489999771118164,9.800000190734863,9.449999809265137,9.760000228881836,222271,0.0,0.0,0.0
2022-08-05 10:30:00-04:00,9.770000457763672,9.779999732971191,9.562000274658203,9.5649995803833,73259,0.0,0.0,0.0
2022-08-05 11:30:00-04:00,9.5600004196167,9.670000076293945,9.5600004196167,9.649999618530273,61781,0.0,0.0,0.0
2022-08-05 12:30:00-04:00,9.64009952545166,9.710000038146973,9.619999885559082,9.6899995803833,21049,0.0,0.0,0.0
2022-08-05 13:30:00-04:00,9.6850004196167,9.710000038146973,9.640000343322754,9.640000343322754,22576,0.0,0.0,0.0
2022-08-05 14:30:00-04:00,9.630000114440918,9.685700416564941,9.630000114440918,9.65999984741211,30136,0.0,0.0,0.0
2022-08-05 15:30:00-04:00,9.664999961853027,9.704999923706055,9.65999984741211,9.699999809265137,30829,0.0,0.0,0.0
2022-08-08 09:30:00-04:00,9.680000305175781,9.923800468444824,9.649999618530273,9.819999694824219,125875,0.0,0.0,0.0
2022-08-08 10:30:00-04:00,9.824999809265137,9.859999656677246,9.760000228881836,9.760000228881836,80711,0.0,0.0,0.0
2022-08-08 11:30:00-04:00,9.760000228881836,9.779999732971191,9.640000343322754,9.649999618530273,247430,0.0,0.0,0.0
2022-08-08 12:30:00-04:00,9.649999618530273,9.725000381469727,9.649999618530273,9.6899995803833,39237,0.0,0.0,0.0
2022-08-08 13:30:00-04:00,9.6899995803833,9.71500015258789,9.649999618530273,9.680000305175781,24728,0.0,0.0,0.0
2022-08-08 14:30:00-04:00,9.680000305175781,9.680000305175781,9.619999885559082,9.664999961853027,19367,0.0,0.0,0.0
2022-08-08 15:30:00-04:00,9.65999984741211,9.6850004196167,9.64009952545166,9.670000076293945,20470,0.0,0.0,0.0
2022-08-09 09:30:00-04:00,9.569999694824219,9.619999885559082,9.4399995803833,9.479999542236328,121735,0.0,0.0,0.0
2022-08-09 10:30:00-04:00,9.489999771118164,9.510000228881836,9.420999526977539,9.489999771118164,38927,0.0,0.0,0.0
2022-08-09 11:30:00-04:00,9.487899780273438,9.489999771118164,9.42240047454834,9.42240047454834,8869,0.0,0.0,0.0
2022-08-09 12:30:00-04:00,9.420100212097168,9.456399917602539,9.40999984741211,9.444999694824219,21686,0.0,0.0,0.0
2022-08-09 13:30:00-04:00,9.435999870300293,9.46500015258789,9.399999618530273,9.430000305175781,10440,0.0,0.0,0.0
2022-08-09 14:30:00-04:00,9.4399995803833,9.480799674987793,9.433099746704102,9.479999542236328,34849,0.0,0.0,0.0
2022-08-09 15:30:00-04:00,9.470000267028809,9.479999542236328,9.460000038146973,9.460000038146973,16719,0.0,0.0,0.0
2022-08-10 09:30:00-04:00,9.670000076293945,9.680000305175781,9.530099868774414,9.609999656677246,227721,0.0,0.0,0.0
2022-08-10 10:30:00-04:00,9.609999656677246,9.75,9.600000381469727,9.729999542236328,76001,0.0,0.0,0.0
2022-08-10 11:30:00-04:00,9.720000267028809,9.770000457763672,9.6899995803833,9.720000267028809,94061,0.0,0.0,0.0
2022-08-10 12:30:00-04:00,9.720000267028809,9.770000457763672,9.710000038146973,9.760000228881836,48023,0.0,0.0,0.0
2022-08-10 13:30:00-04:00,9.75,9.789999961853027,9.736499786376953,9.760000228881836,37903,0.0,0.0,0.0
2022-08-10 14:30:00-04:00,9.760000228881836,9.819999694824219,9.739999771118164,9.8149995803833,73883,0.0,0.0,0.0
2022-08-10 15:30:00-04:00,9.817999839782715,9.859999656677246,9.8149995803833,9.850000381469727,75229,0.0,0.0,0.0
2022-08-11 09:30:00-04:00,9.960000038146973,10.289999961853027,9.960000038146973,10.199999809265137,290458,0.0,0.0,0.0
2022-08-11 10:30:00-04:00,10.204999923706055,10.256699562072754,9.949999809265137,10.0,110291,0.0,0.0,0.0
2022-08-11 11:30:00-04:00,10.0,10.020000457763672,9.881999969482422,9.9399995803833,68416,0.0,0.0,0.0
2022-08-11 12:30:00-04:00,9.9399995803833,9.979999542236328,9.939900398254395,9.954999923706055,32391,0.0,0.0,0.0
2022-08-11 13:30:00-04:00,9.944999694824219,9.96500015258789,9.850000381469727,9.887999534606934,22893,0.0,0.0,0.0
2022-08-11 14:30:00-04:00,9.880000114440918,9.880000114440918,9.800000190734863,9.850000381469727,35530,0.0,0.0,0.0
2022-08-11 15:30:00-04:00,9.849800109863281,9.859999656677246,9.829999923706055,9.850000381469727,24188,0.0,0.0,0.0
2022-08-12 09:30:00-04:00,9.930000305175781,10.069499969482422,9.829999923706055,10.029999732971191,222129,0.0,0.0,0.0
2022-08-12 10:30:00-04:00,10.015000343322754,10.059900283813477,9.949999809265137,10.039999961853027,38910,0.0,0.0,0.0
2022-08-12 11:30:00-04:00,10.029999732971191,10.039999961853027,9.989999771118164,10.024999618530273,39778,0.0,0.0,0.0
2022-08-12 12:30:00-04:00,10.038999557495117,10.055000305175781,10.020000457763672,10.045000076293945,20816,0.0,0.0,0.0
2022-08-12 13:30:00-04:00,10.050000190734863,10.08590030670166,10.029999732971191,10.084099769592285,30759,0.0,0.0,0.0
2022-08-12 14:30:00-04:00,10.089900016784668,10.125300407409668,10.079999923706055,10.114999771118164,20095,0.0,0.0,0.0
2022-08-12 15:30:00-04:00,10.119999885559082,10.140000343322754,10.109999656677246,10.140000343322754,32028,0.0,0.0,0.0
2022-08-15 09:30:00-04:00,10.100000381469727,10.18850040435791,9.970000267028809,9.989999771118164,166530,0.0,0.0,0.0
2022-08-15 10:30:00-04:00,10.0,10.050000190734863,9.989999771118164,10.039899826049805,20309,0.0,0.0,0.0
2022-08-15 11:30:00-04:00,10.050000190734863,10.109999656677246,10.050000190734863,10.09000015258789,23214,0.0,0.0,0.0
2022-08-15 12:30:00-04:00,10.09000015258789,10.104999542236328,10.069999694824219,10.09000015258789,21792,0.0,0.0,0.0
2022-08-15 13:30:00-04:00,10.09000015258789,10.09000015258789,10.04010009765625,10.050000190734863,48246,0.0,0.0,0.0
2022-08-15 14:30:00-04:00,10.0600004196167,10.120400428771973,10.055000305175781,10.11520004272461,36813,0.0,0.0,0.0
2022-08-15 15:30:00-04:00,10.109999656677246,10.109999656677246,10.079999923706055,10.085000038146973,33903,0.0,0.0,0.0
2022-08-16 09:30:00-04:00,10.0600004196167,10.0600004196167,9.8100004196167,9.819999694824219,103312,0.0,0.0,0.0
2022-08-16 10:30:00-04:00,9.819999694824219,9.880000114440918,9.76990032196045,9.875,68297,0.0,0.0,0.0
2022-08-16 11:30:00-04:00,9.880000114440918,9.960000038146973,9.880000114440918,9.9399995803833,25066,0.0,0.0,0.0
2022-08-16 12:30:00-04:00,9.9375,9.979999542236328,9.925000190734863,9.970000267028809,16809,0.0,0.0,0.0
2022-08-16 13:30:00-04:00,9.970999717712402,10.0649995803833,9.970999717712402,10.029999732971191,28247,0.0,0.0,0.0
2022-08-16 14:30:00-04:00,10.035799980163574,10.035799980163574,9.904999732971191,9.991000175476074,37322,0.0,0.0,0.0
2022-08-16 15:30:00-04:00,9.980999946594238,9.998900413513184,9.97029972076416,9.979999542236328,31970,0.0,0.0,0.0
2022-08-17 09:30:00-04:00,9.84000015258789,9.890000343322754,9.75,9.760000228881836,81071,0.0,0.0,0.0
2022-08-17 10:30:00-04:00,9.75,9.760000228881836,9.699999809265137,9.713500022888184,53140,0.0,0.0,0.0
2022-08-17 11:30:00-04:00,9.699999809265137,9.720000267028809,9.649999618530273,9.717900276184082,72035,0.0,0.0,0.0
2022-08-17 12:30:00-04:00,9.720000267028809,9.75,9.710000038146973,9.734600067138672,16221,0.0,0.0,0.0
2022-08-17 13:30:00-04:00,9.739999771118164,9.831199645996094,9.723600387573242,9.8100004196167,57838,0.0,0.0,0.0
2022-08-17 14:30:00-04:00,9.8100004196167,9.869999885559082,9.729999542236328,9.755000114440918,54489,0.0,0.0,0.0
2022-08-17 15:30:00-04:00,9.75,9.760000228881836,9.720000267028809,9.739999771118164,33084,0.0,0.0,0.0
2022-08-18 09:30:00-04:00,9.729999542236328,9.729999542236328,9.600000381469727,9.649999618530273,103946,0.0,0.0,0.0
2022-08-18 10:30:00-04:00,9.649999618530273,9.720000267028809,9.640000343322754,9.71399974822998,65208,0.0,0.0,0.0
2022-08-18 11:30:00-04:00,9.729999542236328,9.759099960327148,9.671199798583984,9.689599990844727,17444,0.0,0.0,0.0
2022-08-18 12:30:00-04:00,9.6899995803833,9.718199729919434,9.670000076293945,9.71500015258789,26062,0.0,0.0,0.0
2022-08-18 13:30:00-04:00,9.719900131225586,9.729999542236328,9.709799766540527,9.71500015258789,17250,0.0,0.0,0.0
2022-08-18 14:30:00-04:00,9.710000038146973,9.765000343322754,9.699999809265137,9.753999710083008,20618,0.0,0.0,0.0
2022-08-18 15:30:00-04:00,9.755000114440918,9.760000228881836,9.710000038146973,9.71500015258789,16491,0.0,0.0,0.0
2022-08-19 09:30:00-04:00,9.550000190734863,9.579999923706055,9.390000343322754,9.399999618530273,116498,0.0,0.0,0.0
2022-08-19 10:30:00-04:00,9.406100273132324,9.40999984741211,9.329999923706055,9.336099624633789,82551,0.0,0.0,0.0
2022-08-19 11:30:00-04:00,9.34000015258789,9.395000457763672,9.329999923706055,9.350000381469727,73902,0.0,0.0,0.0
2022-08-19 12:30:00-04:00,9.350000381469727,9.375,9.329999923706055,9.329999923706055,12019,0.0,0.0,0.0
2022-08-19 13:30:00-04:00,9.329999923706055,9.354999542236328,9.3149995803833,9.33329963684082,10725,0.0,0.0,0.0
2022-08-19 14:30:00-04:00,9.34000015258789,9.351900100708008,9.3100004196167,9.34000015258789,30951,0.0,0.0,0.0
2022-08-19 15:30:00-04:00,9.350000381469727,9.354999542236328,9.331000328063965,9.34000015258789,28001,0.0,0.0,0.0
2022-08-22 09:30:00-04:00,9.15999984741211,9.21500015258789,9.0600004196167,9.079899787902832,128090,0.0,0.0,0.0
2022-08-22 10:30:00-04:00,9.069999694824219,9.10990047454834,9.039999961853027,9.050000190734863,41226,0.0,0.0,0.0
2022-08-22 11:30:00-04:00,9.045000076293945,9.109999656677246,9.045000076293945,9.075699806213379,26041,0.0,0.0,0.0
2022-08-22 12:30:00-04:00,9.074999809265137,9.079999923706055,9.043499946594238,9.043499946594238,23782,0.0,0.0,0.0
2022-08-22 13:30:00-04:00,9.045000076293945,9.050000190734863,9.029999732971191,9.039999961853027,40603,0.0,0.0,0.0
2022-08-22 14:30:00-04:00,9.039899826049805,9.04990005493164,9.015000343322754,9.029999732971191,27268,0.0,0.0,0.0
2022-08-22 15:30:00-04:00,9.021499633789062,9.039999961853027,9.010000228881836,9.039999961853027,23977,0.0,0.0,0.0
2022-08-23 09:30:00-04:00,9.020000457763672,9.180000305175781,8.990599632263184,9.100000381469727,71273,0.0,0.0,0.0
2022-08-23 10:30:00-04:00,9.100000381469727,9.119999885559082,9.0,9.050000190734863,39077,0.0,0.0,0.0
2022-08-23 11:30:00-04:00,9.039999961853027,9.050000190734863,8.994999885559082,9.0,24165,0.0,0.0,0.0
2022-08-23 12:30:00-04:00,8.989999771118164,9.029999732971191,8.989999771118164,9.029999732971191,17981,0.0,0.0,0.0
2022-08-23 13:30:00-04:00,9.050000190734863,9.0600004196167,9.005000114440918,9.055000305175781,15994,0.0,0.0,0.0
2022-08-23 14:30:00-04:00,9.049699783325195,9.050000190734863,9.010000228881836,9.010000228881836,41549,0.0,0.0,0.0
2022-08-23 15:30:00-04:00,9.010000228881836,9.01099967956543,8.979999542236328,8.994999885559082,24252,0.0,0.0,0.0
2022-08-24 09:30:00-04:00,8.970000267028809,9.09000015258789,8.960000038146973,9.09000015258789,76478,0.0,0.0,0.0
2022-08-24 10:30:00-04:00,9.100000381469727,9.149900436401367,9.0600004196167,9.140000343322754,32685,0.0,0.0,0.0
2022-08-24 11:30:00-04:00,9.130000114440918,9.149900436401367,9.110099792480469,9.120499610900879,13907,0.0,0.0,0.0
2022-08-24 12:30:00-04:00,9.126999855041504,9.126999855041504,9.050000190734863,9.050000190734863,18778,0.0,0.0,0.0
2022-08-24 13:30:00-04:00,9.039400100708008,9.069000244140625,9.039400100708008,9.064200401306152,17407,0.0,0.0,0.0
2022-08-24 14:30:00-04:00,9.0600004196167,9.069899559020996,9.045000076293945,9.055000305175781,79021,0.0,0.0,0.0
2022-08-24 15:30:00-04:00,9.0600004196167,9.069999694824219,9.029999732971191,9.039999961853027,40803,0.0,0.0,0.0
2022-08-25 09:30:00-04:00,9.130000114440918,9.229999542236328,9.0649995803833,9.212400436401367,114399,0.0,0.0,0.0
2022-08-25 10:30:00-04:00,9.229999542236328,9.244999885559082,9.114999771118164,9.135000228881836,27608,0.0,0.0,0.0
2022-08-25 11:30:00-04:00,9.140000343322754,9.175000190734863,9.130000114440918,9.15999984741211,19608,0.0,0.0,0.0
2022-08-25 12:30:00-04:00,9.15999984741211,9.194999694824219,9.135000228881836,9.1899995803833,13149,0.0,0.0,0.0
2022-08-25 13:30:00-04:00,9.199999809265137,9.21560001373291,9.1899995803833,9.210000038146973,9796,0.0,0.0,0.0
2022-08-25 14:30:00-04:00,9.210100173950195,9.225000381469727,9.180000305175781,9.220000267028809,27873,0.0,0.0,0.0
2022-08-25 15:30:00-04:00,9.220000267028809,9.289999961853027,9.21500015258789,9.289999961853027,27677,0.0,0.0,0.0
2022-08-26 09:30:00-04:00,9.300000190734863,9.34000015258789,9.109999656677246,9.126500129699707,126812,0.0,0.0,0.0
2022-08-26 10:30:00-04:00,9.100000381469727,9.100000381469727,8.920000076293945,8.970000267028809,63534,0.0,0.0,0.0
2022-08-26 11:30:00-04:00,8.970000267028809,8.979999542236328,8.899999618530273,8.899999618530273,28649,0.0,0.0,0.0
2022-08-26 12:30:00-04:00,8.904999732971191,8.960000038146973,8.899999618530273,8.930000305175781,24792,0.0,0.0,0.0
2022-08-26 13:30:00-04:00,8.920000076293945,8.920000076293945,8.860099792480469,8.860099792480469,27576,0.0,0.0,0.0
2022-08-26 14:30:00-04:00,8.860099792480469,8.899999618530273,8.859999656677246,8.875,30212,0.0,0.0,0.0
2022-08-26 15:30:00-04:00,8.864999771118164,8.869999885559082,8.829999923706055,8.829999923706055,26897,0.0,0.0,0.0
2022-08-29 09:30:00-04:00,8.699999809265137,8.850000381469727,8.6899995803833,8.8100004196167,103434,0.0,0.0,0.0
2022-08-29 10:30:00-04:00,8.8100004196167,8.819999694824219,8.699999809265137,8.729999542236328,60725,0.0,0.0,0.0
2022-08-29 11:30:00-04:00,8.71500015258789,8.779999732971191,8.694999694824219,8.744999885559082,33262,0.0,0.0,0.0
2022-08-29 12:30:00-04:00,8.729999542236328,8.789999961853027,8.725000381469727,8.770000457763672,12164,0.0,0.0,0.0
2022-08-29 13:30:00-04:00,8.779999732971191,8.8100004196167,8.765000343322754,8.765000343322754,23516,0.0,0.0,0.0
2022-08-29 14:30:00-04:00,8.760000228881836,8.789999961853027,8.750100135803223,8.760000228881836,12275,0.0,0.0,0.0
2022-08-29 15:30:00-04:00,8.755000114440918,8.769599914550781,8.699999809265137,8.699999809265137,19631,0.0,0.0,0.0
2022-08-30 09:30:00-04:00,8.789999961853027,8.850000381469727,8.634400367736816,8.640000343322754,80942,0.0,0.0,0.0
2022-08-30 10:30:00-04:00,8.640000343322754,8.647000312805176,8.520000457763672,8.579700469970703,102068,0.0,0.0,0.0
2022-08-30 11:30:00-04:00,8.569999694824219,8.619999885559082,8.5600004196167,8.590700149536133,31257,0.0,0.0,0.0
2022-08-30 12:30:00-04:00,8.5600004196167,8.575900077819824,8.510000228881836,8.524100303649902,11198,0.0,0.0,0.0
2022-08-30 13:30:00-04:00,8.520000457763672,8.574999809265137,8.510000228881836,8.543999671936035,19836,0.0,0.0,0.0
2022-08-30 14:30:00-04:00,8.550000190734863,8.630000114440918,8.545000076293945,8.609999656677246,22840,0.0,0.0,0.0
2022-08-30 15:30:00-04:00,8.59000015258789,8.619999885559082,8.569999694824219,8.619999885559082,13640,0.0,0.0,0.0
2022-08-31 09:30:00-04:00,8.699999809265137,8.819999694824219,8.699999809265137,8.720000267028809,92951,0.0,0.0,0.0
2022-08-31 10:30:00-04:00,8.720999717712402,8.729999542236328,8.609999656677246,8.635000228881836,75846,0.0,0.0,0.0
2022-08-31 11:30:00-04:00,8.630000114440918,8.675000190734863,8.619999885559082,8.649999618530273,10711,0.0,0.0,0.0
2022-08-31 12:30:00-04:00,8.670000076293945,8.670000076293945,8.61929988861084,8.619999885559082,5015,0.0,0.0,0.0
2022-08-31 13:30:00-04:00,8.619999885559082,8.649999618530273,8.595000267028809,8.640000343322754,11237,0.0,0.0,0.0
2022-08-31 14:30:00-04:00,8.640000343322754,8.680000305175781,8.609999656677246,8.656000137329102,12615,0.0,0.0,0.0
2022-08-31 15:30:00-04:00,8.654999732971191,8.685799598693848,8.609999656677246,8.609999656677246,21021,0.0,0.0,0.0
2022-09-01 09:30:00-04:00,8.489999771118164,8.520000457763672,8.331999778747559,8.390000343322754,57053,0.0,0.0,0.0
2022-09-01 10:30:00-04:00,8.390000343322754,8.390000343322754,8.25,8.25,46679,0.0,0.0,0.0
2022-09-01 11:30:00-04:00,8.244999885559082,8.305000305175781,8.244999885559082,8.300000190734863,30162,0.0,0.0,0.0
2022-09-01 12:30:00-04:00,8.300000190734863,8.359999656677246,8.270000457763672,8.359999656677246,27186,0.0,0.0,0.0
2022-09-01 13:30:00-04:00,8.359999656677246,8.414199829101562,8.319999694824219,8.414199829101562,26835,0.0,0.0,0.0
2022-09-01 14:30:00-04:00,8.4399995803833,8.489999771118164,8.40999984741211,8.4399995803833,30684,0.0,0.0,0.0
2022-09-01 15:30:00-04:00,8.4306001663208,8.515000343322754,8.4306001663208,8.510000228881836,22815,0.0,0.0,0.0
2022-09-02 09:30:00-04:00,8.600000381469727,8.600000381469727,8.420000076293945,8.555000305175781,40861,0.0,0.0,0.0
2022-09-02 10:30:00-04:00,8.574999809265137,8.630000114440918,8.569999694824219,8.579999923706055,37338,0.0,0.0,0.0
2022-09-02 11:30:00-04:00,8.569999694824219,8.595000267028809,8.489999771118164,8.489999771118164,21859,0.0,0.0,0.0
2022-09-02 12:30:00-04:00,8.5,8.5,8.380000114440918,8.380000114440918,22837,0.0,0.0,0.0
2022-09-02 13:30:00-04:00,8.385000228881836,8.399999618530273,8.344200134277344,8.390000343322754,15952,0.0,0.0,0.0
2022-09-02 14:30:00-04:00,8.38129997253418,8.40999984741211,8.359999656677246,8.369999885559082,23002,0.0,0.0,0.0
2022-09-02 15:30:00-04:00,8.369999885559082,8.380000114440918,8.324999809265137,8.369999885559082,21716,0.0,0.0,0.0
2022-09-06 09:30:00-04:00,8.380000114440918,8.380000114440918,8.149999618530273,8.199999809265137,82204,0.0,0.0,0.0
2022-09-06 10:30:00-04:00,8.194999694824219,8.305000305175781,8.180000305175781,8.274999618530273,25679,0.0,0.0,0.0
2022-09-06 11:30:00-04:00,8.270000457763672,8.350000381469727,8.260000228881836,8.279999732971191,26483,0.0,0.0,0.0
2022-09-06 12:30:00-04:00,8.285499572753906,8.285499572753906,8.214900016784668,8.225000381469727,16795,0.0,0.0,0.0
2022-09-06 13:30:00-04:00,8.220999717712402,8.270000457763672,8.220000267028809,8.260000228881836,21211,0.0,0.0,0.0
2022-09-06 14:30:00-04:00,8.239999771118164,8.279999732971191,8.229999542236328,8.256799697875977,22325,0.0,0.0,0.0
2022-09-06 15:30:00-04:00,8.25,8.25,8.220000267028809,8.229999542236328,27341,0.0,0.0,0.0
2022-09-07 09:30:00-04:00,8.220000267028809,8.333399772644043,8.180999755859375,8.220000267028809,70817,0.0,0.0,0.0
2022-09-07 10:30:00-04:00,8.229999542236328,8.289999961853027,8.201499938964844,8.279999732971191,22036,0.0,0.0,0.0
2022-09-07 11:30:00-04:00,8.289899826049805,8.329999923706055,8.270000457763672,8.283900260925293,12695,0.0,0.0,0.0
2022-09-07 12:30:00-04:00,8.279999732971191,8.34000015258789,8.274999618530273,8.319999694824219,22372,0.0,0.0,0.0
2022-09-07 13:30:00-04:00,8.3100004196167,8.377900123596191,8.3100004196167,8.37399959564209,15558,0.0,0.0,0.0
2022-09-07 14:30:00-04:00,8.380000114440918,8.449999809265137,8.380000114440918,8.449999809265137,27997,0.0,0.0,0.0
2022-09-07 15:30:00-04:00,8.448399543762207,8.460000038146973,8.431699752807617,8.4399995803833,15332,0.0,0.0,0.0
2022-09-08 09:30:00-04:00,8.329999923706055,8.510000228881836,8.300000190734863,8.479999542236328,112075,0.0,0.0,0.0
2022-09-08 10:30:00-04:00,8.490799903869629,8.579999923706055,8.484999656677246,8.556900024414062,40607,0.0,0.0,0.0
2022-09-08 11:30:00-04:00,8.5600004196167,8.5600004196167,8.390000343322754,8.40429973602295,17491,0.0,0.0,0.0
2022-09-08 12:30:00-04:00,8.40999984741211,8.509900093078613,8.40999984741211,8.509900093078613,12153,0.0,0.0,0.0
2022-09-08 13:30:00-04:00,8.5,8.520000457763672,8.461199760437012,8.491000175476074,12400,0.0,0.0,0.0
2022-09-08 14:30:00-04:00,8.5,8.520000457763672,8.479999542236328,8.520000457763672,26429,0.0,0.0,0.0
2022-09-08 15:30:00-04:00,8.520000457763672,8.579999923706055,8.510000228881836,8.569999694824219,20936,0.0,0.0,0.0
2022-09-09 09:30:00-04:00,8.699999809265137,8.819999694824219,8.699999809265137,8.779999732971191,343262,0.0,0.0,0.0
2022-09-09 10:30:00-04:00,8.770000457763672,8.835200309753418,8.770000457763672,8.829999923706055,29339,0.0,0.0,0.0
2022-09-09 11:30:00-04:00,8.829999923706055,8.854999542236328,8.810600280761719,8.829999923706055,91559,0.0,0.0,0.0
2022-09-09 12:30:00-04:00,8.829999923706055,8.90939998626709,8.829999923706055,8.899999618530273,25550,0.0,0.0,0.0
2022-09-09 13:30:00-04:00,8.899999618530273,8.900199890136719,8.859999656677246,8.890000343322754,38210,0.0,0.0,0.0
2022-09-09 14:30:00-04:00,8.89009952545166,8.89009952545166,8.850000381469727,8.880000114440918,26018,0.0,0.0,0.0
2022-09-09 15:30:00-04:00,8.875,8.899999618530273,8.869999885559082,8.899999618530273,21050,0.0,0.0,0.0
2022-09-12 09:30:00-04:00,8.9399995803833,9.017000198364258,8.899999618530273,9.005000114440918,70239,0.0,0.0,0.0
2022-09-12 10:30:00-04:00,9.0,9.010000228881836,8.904999732971191,8.960000038146973,31841,0.0,0.0,0.0
2022-09-12 11:30:00-04:00,8.960000038146973,8.970000267028809,8.899999618530273,8.9399995803833,28199,0.0,0.0,0.0
2022-09-12 12:30:00-04:00,8.9399995803833,8.994999885559082,8.9399995803833,8.994999885559082,22198,0.0,0.0,0.0
2022-09-12 13:30:00-04:00,9.0,9.010000228881836,8.970000267028809,8.970000267028809,37409,0.0,0.0,0.0
2022-09-12 14:30:00-04:00,8.970000267028809,9.020000457763672,8.970000267028809,9.020000457763672,19858,0.0,0.0,0.0
2022-09-12 15:30:00-04:00,9.020000457763672,9.050000190734863,9.020000457763672,9.039999961853027,20352,0.0,0.0,0.0
2022-09-13 09:30:00-04:00,8.649999618530273,8.6899995803833,8.604999542236328,8.640000343322754,139832,0.0,0.0,0.0
2022-09-13 10:30:00-04:00,8.630000114440918,8.63759994506836,8.515000343322754,8.539999961853027,54471,0.0,0.0,0.0
2022-09-13 11:30:00-04:00,8.539999961853027,8.574999809265137,8.520000457763672,8.539999961853027,44123,0.0,0.0,0.0
2022-09-13 12:30:00-04:00,8.539999961853027,8.589900016784668,8.539999961853027,8.585000038146973,14055,0.0,0.0,0.0
2022-09-13 13:30:00-04:00,8.581000328063965,8.59689998626709,8.539999961853027,8.545000076293945,41073,0.0,0.0,0.0
2022-09-13 14:30:00-04:00,8.539999961853027,8.539999961853027,8.470000267028809,8.470000267028809,62520,0.0,0.0,0.0
2022-09-13 15:30:00-04:00,8.460000038146973,8.470000267028809,8.430000305175781,8.460000038146973,52753,0.0,0.0,0.0
2022-09-14 09:30:00-04:00,8.479999542236328,8.489899635314941,8.369999885559082,8.40999984741211,67962,0.0,0.0,0.0
2022-09-14 10:30:00-04:00,8.399999618530273,8.520000457763672,8.399999618530273,8.484999656677246,37445,0.0,0.0,0.0
2022-09-14 11:30:00-04:00,8.484999656677246,8.530599594116211,8.470000267028809,8.505000114440918,29876,0.0,0.0,0.0
2022-09-14 12:30:00-04:00,8.510000228881836,8.553600311279297,8.494999885559082,8.520000457763672,21232,0.0,0.0,0.0
2022-09-14 13:30:00-04:00,8.520899772644043,8.520899772644043,8.4399995803833,8.470000267028809,29262,0.0,0.0,0.0
2022-09-14 14:30:00-04:00,8.470000267028809,8.489999771118164,8.449999809265137,8.460000038146973,34264,0.0,0.0,0.0
2022-09-14 15:30:00-04:00,8.460000038146973,8.529999732971191,8.4399995803833,8.524999618530273,71727,0.0,0.0,0.0
2022-09-15 09:30:00-04:00,8.449999809265137,8.609999656677246,8.40999984741211,8.5,52394,0.0,0.0,0.0
2022-09-15 10:30:00-04:00,8.489999771118164,8.510000228881836,8.375,8.425100326538086,40177,0.0,0.0,0.0
2022-09-15 11:30:00-04:00,8.4399995803833,8.489999771118164,8.40999984741211,8.40999984741211,26872,0.0,0.0,0.0
2022-09-15 12:30:00-04:00,8.420000076293945,8.5600004196167,8.420000076293945,8.5600004196167,12932,0.0,0.0,0.0
2022-09-15 13:30:00-04:00,8.545000076293945,8.545000076293945,8.460000038146973,8.470000267028809,19403,0.0,0.0,0.0
2022-09-15 14:30:00-04:00,8.479999542236328,8.489999771118164,8.3100004196167,8.319999694824219,147259,0.0,0.0,0.0
2022-09-15 15:30:00-04:00,8.319999694824219,8.380000114440918,8.319999694824219,8.380000114440918,44955,0.0,0.0,0.0
2022-09-16 09:30:00-04:00,8.239999771118164,8.239999771118164,8.074999809265137,8.15999984741211,116527,0.0,0.0,0.0
2022-09-16 10:30:00-04:00,8.15999984741211,8.220000267028809,8.10420036315918,8.109999656677246,37269,0.0,0.0,0.0
2022-09-16 11:30:00-04:00,8.109999656677246,8.127699851989746,8.069999694824219,8.071000099182129,34775,0.0,0.0,0.0
2022-09-16 12:30:00-04:00,8.079999923706055,8.130000114440918,8.079999923706055,8.09000015258789,15102,0.0,0.0,0.0
2022-09-16 13:30:00-04:00,8.09000015258789,8.119999885559082,8.079999923706055,8.119999885559082,30227,0.0,0.0,0.0
2022-09-16 14:30:00-04:00,8.100099563598633,8.168999671936035,8.09000015258789,8.130000114440918,34342,0.0,0.0,0.0
2022-09-16 15:30:00-04:00,8.121000289916992,8.149999618530273,8.114999771118164,8.140000343322754,16389,0.0,0.0,0.0
2022-09-19 09:30:00-04:00,8.0600004196167,8.109800338745117,8.039999961853027,8.079899787902832,73953,0.0,0.0,0.0
2022-09-19 10:30:00-04:00,8.050000190734863,8.118000030517578,8.050000190734863,8.0649995803833,26726,0.0,0.0,0.0
2022-09-19 11:30:00-04:00,8.0600004196167,8.0600004196167,8.029999732971191,8.050000190734863,26117,0.0,0.0,0.0
2022-09-19 12:30:00-04:00,8.050000190734863,8.100000381469727,8.050000190734863,8.074999809265137,10160,0.0,0.0,0.0
2022-09-19 13:30:00-04:00,8.079999923706055,8.079999923706055,8.0600004196167,8.069999694824219,15162,0.0,0.0,0.0
2022-09-19 14:30:00-04:00,8.074999809265137,8.145000457763672,8.074999809265137,8.140000343322754,20200,0.0,0.0,0.0
2022-09-19 15:30:00-04:00,8.149999618530273,8.154999732971191,8.138199806213379,8.154999732971191,17328,0.0,0.0,0.0
2022-09-20 09:30:00-04:00,8.100000381469727,8.109999656677246,8.050000190734863,8.079999923706055,45457,0.0,0.0,0.0
2022-09-20 10:30:00-04:00,8.079999923706055,8.119999885559082,8.050000190734863,8.109999656677246,17604,0.0,0.0,0.0
2022-09-20 11:30:00-04:00,8.109999656677246,8.138799667358398,8.079999923706055,8.100000381469727,14207,0.0,0.0,0.0
2022-09-20 12:30:00-04:00,8.085000038146973,8.085000038146973,8.029999732971191,8.029999732971191,13144,0.0,0.0,0.0
2022-09-20 13:30:00-04:00,8.020000457763672,8.03499984741211,7.989999771118164,8.027999877929688,48829,0.0,0.0,0.0
2022-09-20 14:30:00-04:00,8.020000457763672,8.06719970703125,8.010000228881836,8.054499626159668,35682,0.0,0.0,0.0
2022-09-20 15:30:00-04:00,8.045000076293945,8.0649995803833,8.020000457763672,8.029999732971191,17198,0.0,0.0,0.0
2022-09-21 09:30:00-04:00,8.050000190734863,8.069999694824219,7.980000019073486,8.069999694824219,59877,0.0,0.0,0.0
2022-09-21 10:30:00-04:00,8.08080005645752,8.08080005645752,8.039999961853027,8.070799827575684,15398,0.0,0.0,0.0
2022-09-21 11:30:00-04:00,8.069999694824219,8.079999923706055,8.0600004196167,8.069999694824219,19042,0.0,0.0,0.0
2022-09-21 12:30:00-04:00,8.079999923706055,8.09000015258789,8.050100326538086,8.069999694824219,12814,0.0,0.0,0.0
2022-09-21 13:30:00-04:00,8.069999694824219,8.100000381469727,7.940000057220459,8.003100395202637,41461,0.0,0.0,0.0
2022-09-21 14:30:00-04:00,7.989999771118164,8.210000038146973,7.96999979019165,8.010000228881836,36481,0.0,0.0,0.0
2022-09-21 15:30:00-04:00,8.0,8.010000228881836,7.900000095367432,7.909999847412109,36363,0.0,0.0,0.0
2022-09-22 09:30:00-04:00,7.889999866485596,7.900000095367432,7.769999980926514,7.784999847412109,88983,0.0,0.0,0.0
2022-09-22 10:30:00-04:00,7.789999961853027,7.810299873352051,7.71999979019165,7.735000133514404,78475,0.0,0.0,0.0
2022-09-22 11:30:00-04:00,7.739999771118164,7.769899845123291,7.729899883270264,7.75,35323,0.0,0.0,0.0
2022-09-22 12:30:00-04:00,7.75,7.78000020980835,7.730000019073486,7.746600151062012,16042,0.0,0.0,0.0
2022-09-22 13:30:00-04:00,7.740099906921387,7.769999980926514,7.710000038146973,7.710000038146973,22346,0.0,0.0,0.0
2022-09-22 14:30:00-04:00,7.7104997634887695,7.798299789428711,7.710000038146973,7.770999908447266,19452,0.0,0.0,0.0
2022-09-22 15:30:00-04:00,7.78000020980835,7.815000057220459,7.730000019073486,7.730000019073486,32832,0.0,0.0,0.0
2022-09-23 09:30:00-04:00,7.619999885559082,7.65500020980835,7.53000020980835,7.579899787902832,135604,0.0,0.0,0.0
2022-09-23 10:30:00-04:00,7.570000171661377,7.610000133514404,7.545000076293945,7.585000038146973,64902,0.0,0.0,0.0
2022-09-23 11:30:00-04:00,7.579999923706055,7.599999904632568,7.534999847412109,7.534999847412109,49576,0.0,0.0,0.0
2022-09-23 12:30:00-04:00,7.53000020980835,7.574999809265137,7.519999980926514,7.539999961853027,36185,0.0,0.0,0.0
2022-09-23 13:30:00-04:00,7.546299934387207,7.570000171661377,7.514999866485596,7.539999961853027,41173,0.0,0.0,0.0
2022-09-23 14:30:00-04:00,7.53000020980835,7.570000171661377,7.5,7.559999942779541,45601,0.0,0.0,0.0
2022-09-23 15:30:00-04:00,7.570000171661377,7.619999885559082,7.565000057220459,7.610000133514404,44898,0.0,0.0,0.0
2022-09-26 09:30:00-04:00,7.599999904632568,7.769999980926514,7.599999904632568,7.739999771118164,136992,0.0,0.0,0.0
2022-09-26 10:30:00-04:00,7.730000019073486,7.739999771118164,7.630000114440918,7.630000114440918,0,0.0,0.0,0.0
2022-09-26 11:30:00-04:00,7.630000114440918,7.639999866485596,7.579999923706055,7.585000038146973,213044,0.0,0.0,0.0
2022-09-26 12:30:00-04:00,7.579999923706055,7.614999771118164,7.566299915313721,7.570000171661377,50187,0.0,0.0,0.0
2022-09-26 13:30:00-04:00,7.579999923706055,7.605000019073486,7.559999942779541,7.579999923706055,52479,0.0,0.0,0.0
2022-09-26 14:30:00-04:00,7.590000152587891,7.630000114440918,7.565000057220459,7.610000133514404,37376,0.0,0.0,0.0
2022-09-26 15:30:00-04:00,7.599999904632568,7.610000133514404,7.550000190734863,7.559999942779541,41768,0.0,0.0,0.0
2022-09-27 09:30:00-04:00,7.650000095367432,7.78000020980835,7.650000095367432,7.672999858856201,94168,0.0,0.0,0.0
2022-09-27 10:30:00-04:00,7.679999828338623,7.730000019073486,7.644999980926514,7.650000095367432,90360,0.0,0.0,0.0
2022-09-27 11:30:00-04:00,7.644999980926514,7.659999847412109,7.53000020980835,7.550000190734863,62026,0.0,0.0,0.0
2022-09-27 12:30:00-04:00,7.550000190734863,7.559999942779541,7.525000095367432,7.539999961853027,28457,0.0,0.0,0.0
2022-09-27 13:30:00-04:00,7.539999961853027,7.559999942779541,7.525000095367432,7.550000190734863,48533,0.0,0.0,0.0
2022-09-27 14:30:00-04:00,7.550000190734863,7.605899810791016,7.539999961853027,7.570000171661377,105631,0.0,0.0,0.0
2022-09-27 15:30:00-04:00,7.579999923706055,7.599999904632568,7.559999942779541,7.599999904632568,53217,0.0,0.0,0.0
2022-09-28 09:30:00-04:00,7.550000190734863,7.670000076293945,7.53000020980835,7.670000076293945,60592,0.0,0.0,0.0
2022-09-28 10:30:00-04:00,7.670000076293945,7.690000057220459,7.639999866485596,7.670000076293945,49777,0.0,0.0,0.0
2022-09-28 11:30:00-04:00,7.670000076293945,7.730000019073486,7.65500020980835,7.695000171661377,39327,0.0,0.0,0.0
2022-09-28 12:30:00-04:00,7.699999809265137,7.71999979019165,7.670000076293945,7.699999809265137,26126,0.0,0.0,0.0
2022-09-28 13:30:00-04:00,7.706600189208984,7.71999979019165,7.690000057220459,7.71999979019165,20421,0.0,0.0,0.0
2022-09-28 14:30:00-04:00,7.71999979019165,7.764999866485596,7.71999979019165,7.760000228881836,18608,0.0,0.0,0.0
2022-09-28 15:30:00-04:00,7.760000228881836,7.788000106811523,7.75,7.75,34495,0.0,0.0,0.0
2022-09-29 09:30:00-04:00,7.639999866485596,7.639999866485596,7.420000076293945,7.446700096130371,104329,0.0,0.0,0.0
2022-09-29 10:30:00-04:00,7.440000057220459,7.480000019073486,7.417200088500977,7.460000038146973,34570,0.0,0.0,0.0
2022-09-29 11:30:00-04:00,7.460000038146973,7.510000228881836,7.449999809265137,7.465000152587891,36340,0.0,0.0,0.0
2022-09-29 12:30:00-04:00,7.460000038146973,7.46999979019165,7.434999942779541,7.440000057220459,28637,0.0,0.0,0.0
2022-09-29 13:30:00-04:00,7.443699836730957,7.460000038146973,7.375,7.400000095367432,33839,0.0,0.0,0.0
2022-09-29 14:30:00-04:00,7.400000095367432,7.434999942779541,7.385000228881836,7.420000076293945,33563,0.0,0.0,0.0
2022-09-29 15:30:00-04:00,7.420000076293945,7.460000038146973,7.420000076293945,7.460000038146973,37376,0.0,0.0,0.0
2022-09-30 09:30:00-04:00,7.438000202178955,7.53000020980835,7.400000095367432,7.5269999504089355,131432,0.0,0.0,0.0
2022-09-30 10:30:00-04:00,7.53000020980835,7.610000133514404,7.53000020980835,7.594200134277344,22543,0.0,0.0,0.0
2022-09-30 11:30:00-04:00,7.580100059509277,7.590000152587891,7.505000114440918,7.519999980926514,13020,0.0,0.0,0.0
2022-09-30 12:30:00-04:00,7.510000228881836,7.539999961853027,7.5,7.519999980926514,13514,0.0,0.0,0.0
2022-09-30 13:30:00-04:00,7.519999980926514,7.525000095367432,7.460599899291992,7.480000019073486,11992,0.0,0.0,0.0
2022-09-30 14:30:00-04:00,7.481500148773193,7.4899001121521,7.440000057220459,7.440000057220459,61176,0.0,0.0,0.0
2022-09-30 15:30:00-04:00,7.46999979019165,7.46999979019165,7.389999866485596,7.400000095367432,71342,0.0,0.0,0.0
2022-10-03 09:30:00-04:00,7.429999828338623,7.485000133514404,7.329999923706055,7.485000133514404,157288,0.0,0.0,0.0
2022-10-03 10:30:00-04:00,7.489999771118164,7.519999980926514,7.46999979019165,7.519999980926514,27497,0.0,0.0,0.0
2022-10-03 11:30:00-04:00,7.519999980926514,7.521599769592285,7.480000019073486,7.5,37109,0.0,0.0,0.0
2022-10-03 12:30:00-04:00,7.5,7.550000190734863,7.485000133514404,7.550000190734863,24184,0.0,0.0,0.0
2022-10-03 13:30:00-04:00,7.557600021362305,7.599999904632568,7.554999828338623,7.599999904632568,36698,0.0,0.0,0.0
2022-10-03 14:30:00-04:00,7.599999904632568,7.625,7.5903000831604,7.610099792480469,15714,0.0,0.0,0.0
2022-10-03 15:30:00-04:00,7.611000061035156,7.615200042724609,7.570000171661377,7.570000171661377,50294,0.0,0.0,0.0
2022-10-04 09:30:00-04:00,7.769999980926514,7.880000114440918,7.742499828338623,7.849999904632568,87164,0.0,0.0,0.0
2022-10-04 10:30:00-04:00,7.840000152587891,7.929999828338623,7.833799839019775,7.920000076293945,82363,0.0,0.0,0.0
2022-10-04 11:30:00-04:00,7.909999847412109,7.929999828338623,7.900000095367432,7.929999828338623,61156,0.0,0.0,0.0
2022-10-04 12:30:00-04:00,7.929999828338623,7.929999828338623,7.829999923706055,7.864999771118164,14524,0.0,0.0,0.0
2022-10-04 13:30:00-04:00,7.869999885559082,7.909999847412109,7.869999885559082,7.889999866485596,39182,0.0,0.0,0.0
2022-10-04 14:30:00-04:00,7.889999866485596,7.929999828338623,7.889999866485596,7.909999847412109,23599,0.0,0.0,0.0
2022-10-04 15:30:00-04:00,7.903500080108643,7.934999942779541,7.894999980926514,7.929999828338623,27315,0.0,0.0,0.0
2022-10-05 09:30:00-04:00,7.800000190734863,7.860000133514404,7.710100173950195,7.710100173950195,66269,0.0,0.0,0.0
2022-10-05 10:30:00-04:00,7.710000038146973,7.75,7.699999809265137,7.75,53503,0.0,0.0,0.0
2022-10-05 11:30:00-04:00,7.75,7.829999923706055,7.739999771118164,7.8059000968933105,34865,0.0,0.0,0.0
2022-10-05 12:30:00-04:00,7.804999828338623,7.889999866485596,7.795000076293945,7.880000114440918,21176,0.0,0.0,0.0
2022-10-05 13:30:00-04:00,7.880000114440918,7.880000114440918,7.849999904632568,7.869999885559082,30710,0.0,0.0,0.0
2022-10-05 14:30:00-04:00,7.880000114440918,7.949999809265137,7.875,7.939799785614014,42317,0.0,0.0,0.0
2022-10-05 15:30:00-04:00,7.934999942779541,7.949999809265137,7.900000095367432,7.909999847412109,23955,0.0,0.0,0.0
2022-10-06 09:30:00-04:00,7.909999847412109,8.050000190734863,7.869999885559082,7.869999885559082,110377,0.0,0.0,0.0
2022-10-06 10:30:00-04:00,7.880000114440918,7.980000019073486,7.869999885559082,7.980000019073486,47657,0.0,0.0,0.0
2022-10-06 11:30:00-04:00,7.96999979019165,7.980000019073486,7.900000095367432,7.940000057220459,27716,0.0,0.0,0.0
2022-10-06 12:30:00-04:00,7.940000057220459,7.979499816894531,7.929999828338623,7.96999979019165,10537,0.0,0.0,0.0
2022-10-06 13:30:00-04:00,7.96999979019165,7.989999771118164,7.949999809265137,7.960000038146973,26957,0.0,0.0,0.0
2022-10-06 14:30:00-04:00,7.965000152587891,7.965000152587891,7.909999847412109,7.955399990081787,12952,0.0,0.0,0.0
2022-10-06 15:30:00-04:00,7.954999923706055,7.960000038146973,7.920000076293945,7.920000076293945,11467,0.0,0.0,0.0
2022-10-07 09:30:00-04:00,7.760000228881836,7.760000228881836,7.619999885559082,7.650000095367432,47425,0.0,0.0,0.0
2022-10-07 10:30:00-04:00,7.6504998207092285,7.6504998207092285,7.589000225067139,7.590099811553955,28375,0.0,0.0,0.0
2022-10-07 11:30:00-04:00,7.597300052642822,7.599999904632568,7.550000190734863,7.550000190734863,21414,0.0,0.0,0.0
2022-10-07 12:30:00-04:00,7.53000020980835,7.550000190734863,7.519999980926514,7.550000190734863,12911,0.0,0.0,0.0
2022-10-07 13:30:00-04:00,7.539999961853027,7.545000076293945,7.510000228881836,7.510000228881836,23567,0.0,0.0,0.0
2022-10-07 14:30:00-04:00,7.510000228881836,7.534900188446045,7.5,7.5,33541,0.0,0.0,0.0
2022-10-07 15:30:00-04:00,7.5,7.53000020980835,7.483500003814697,7.519999980926514,38732,0.0,0.0,0.0
2022-10-10 09:30:00-04:00,7.489999771118164,7.5,7.389999866485596,7.420000076293945,45767,0.0,0.0,0.0
2022-10-10 10:30:00-04:00,7.409999847412109,7.420000076293945,7.320000171661377,7.378300189971924,55310,0.0,0.0,0.0
2022-10-10 11:30:00-04:00,7.369999885559082,7.414999961853027,7.320899963378906,7.320899963378906,26567,0.0,0.0,0.0
2022-10-10 12:30:00-04:00,7.329999923706055,7.349999904632568,7.300000190734863,7.340000152587891,25257,0.0,0.0,0.0
2022-10-10 13:30:00-04:00,7.340000152587891,7.429999828338623,7.340000152587891,7.385000228881836,27230,0.0,0.0,0.0
2022-10-10 14:30:00-04:00,7.380000114440918,7.420000076293945,7.375,7.388899803161621,25281,0.0,0.0,0.0
2022-10-10 15:30:00-04:00,7.389999866485596,7.409999847412109,7.369999885559082,7.380000114440918,19474,0.0,0.0,0.0
2022-10-11 09:30:00-04:00,7.269999980926514,7.309999942779541,7.130000114440918,7.170000076293945,83926,0.0,0.0,0.0
2022-10-11 10:30:00-04:00,7.159999847412109,7.269999980926514,7.156000137329102,7.269999980926514,51639,0.0,0.0,0.0
2022-10-11 11:30:00-04:00,7.269999980926514,7.355000019073486,7.269999980926514,7.340000152587891,55505,0.0,0.0,0.0
2022-10-11 12:30:00-04:00,7.329999923706055,7.388299942016602,7.304999828338623,7.309999942779541,31959,0.0,0.0,0.0
2022-10-11 13:30:00-04:00,7.309700012207031,7.329999923706055,7.28000020980835,7.300000190734863,12887,0.0,0.0,0.0
2022-10-11 14:30:00-04:00,7.300000190734863,7.309999942779541,7.190000057220459,7.209000110626221,59951,0.0,0.0,0.0
2022-10-11 15:30:00-04:00,7.204999923706055,7.2555999755859375,7.195000171661377,7.239999771118164,48162,0.0,0.0,0.0
2022-10-12 09:30:00-04:00,7.239999771118164,7.320000171661377,7.190000057220459,7.23199987411499,111885,0.0,0.0,0.0
2022-10-12 10:30:00-04:00,7.229300022125244,7.260000228881836,7.18120002746582,7.260000228881836,32747,0.0,0.0,0.0
2022-10-12 11:30:00-04:00,7.269899845123291,7.300000190734863,7.25,7.250100135803223,30374,0.0,0.0,0.0
2022-10-12 12:30:00-04:00,7.25,7.290299892425537,7.25,7.289999961853027,13208,0.0,0.0,0.0
2022-10-12 13:30:00-04:00,7.284999847412109,7.315800189971924,7.260000228881836,7.310100078582764,23614,0.0,0.0,0.0
2022-10-12 14:30:00-04:00,7.320000171661377,7.320000171661377,7.269999980926514,7.289999961853027,21400,0.0,0.0,0.0
2022-10-12 15:30:00-04:00,7.280099868774414,7.300300121307373,7.28000020980835,7.28000020980835,20845,0.0,0.0,0.0
2022-10-13 09:30:00-04:00,7.010000228881836,7.105000019073486,6.925000190734863,7.0100998878479,141242,0.0,0.0,0.0
2022-10-13 10:30:00-04:00,7.010000228881836,7.349999904632568,7.010000228881836,7.269999980926514,152131,0.0,0.0,0.0
2022-10-13 11:30:00-04:00,7.269999980926514,7.400000095367432,7.242000102996826,7.260000228881836,59870,0.0,0.0,0.0
2022-10-13 12:30:00-04:00,7.260000228881836,7.394999980926514,7.260000228881836,7.389999866485596,14217,0.0,0.0,0.0
2022-10-13 13:30:00-04:00,7.389999866485596,7.415999889373779,7.340000152587891,7.340000152587891,23163,0.0,0.0,0.0
2022-10-13 14:30:00-04:00,7.340000152587891,7.419899940490723,7.340000152587891,7.389999866485596,53302,0.0,0.0,0.0
2022-10-13 15:30:00-04:00,7.390900135040283,7.409999847412109,7.3632001876831055,7.389999866485596,21896,0.0,0.0,0.0
2022-10-14 09:30:00-04:00,7.5,7.5,7.215000152587891,7.260000228881836,140436,0.0,0.0,0.0
2022-10-14 10:30:00-04:00,7.25,7.284999847412109,7.20989990234375,7.239999771118164,28088,0.0,0.0,0.0
2022-10-14 11:30:00-04:00,7.230000019073486,7.239999771118164,7.15500020980835,7.190000057220459,13355,0.0,0.0,0.0
2022-10-14 12:30:00-04:00,7.179999828338623,7.199999809265137,7.150000095367432,7.163700103759766,14075,0.0,0.0,0.0
2022-10-14 13:30:00-04:00,7.164999961853027,7.1855998039245605,7.144999980926514,7.144999980926514,9404,0.0,0.0,0.0
2022-10-14 14:30:00-04:00,7.133900165557861,7.150899887084961,7.119999885559082,7.139999866485596,72124,0.0,0.0,0.0
2022-10-14 15:30:00-04:00,7.135000228881836,7.150000095367432,7.099999904632568,7.110000133514404,36877,0.0,0.0,0.0
2022-10-17 09:30:00-04:00,7.349999904632568,7.495999813079834,7.349999904632568,7.46999979019165,134092,0.0,0.0,0.0
2022-10-17 10:30:00-04:00,7.46999979019165,7.5,7.425000190734863,7.480000019073486,29063,0.0,0.0,0.0
2022-10-17 11:30:00-04:00,7.485000133514404,7.53000020980835,7.474999904632568,7.514999866485596,52405,0.0,0.0,0.0
2022-10-17 12:30:00-04:00,7.525000095367432,7.525000095367432,7.485000133514404,7.519000053405762,11218,0.0,0.0,0.0
2022-10-17 13:30:00-04:00,7.514999866485596,7.520599842071533,7.5,7.5,12181,0.0,0.0,0.0
2022-10-17 14:30:00-04:00,7.505000114440918,7.514999866485596,7.465000152587891,7.489999771118164,40929,0.0,0.0,0.0
2022-10-17 15:30:00-04:00,7.480000019073486,7.499300003051758,7.465000152587891,7.46999979019165,12932,0.0,0.0,0.0
2022-10-18 09:30:00-04:00,7.690000057220459,7.710000038146973,7.545000076293945,7.545000076293945,97032,0.0,0.0,0.0
2022-10-18 10:30:00-04:00,7.550000190734863,7.559999942779541,7.440000057220459,7.440000057220459,73170,0.0,0.0,0.0
2022-10-18 11:30:00-04:00,7.445000171661377,7.519999980926514,7.420000076293945,7.5,12319,0.0,0.0,0.0
2022-10-18 12:30:00-04:00,7.500199794769287,7.550000190734863,7.489999771118164,7.519999980926514,30398,0.0,0.0,0.0
2022-10-18 13:30:00-04:00,7.525000095367432,7.552499771118164,7.525000095367432,7.550000190734863,15709,0.0,0.0,0.0
2022-10-18 14:30:00-04:00,7.550000190734863,7.550000190734863,7.440000057220459,7.46999979019165,50214,0.0,0.0,0.0
2022-10-18 15:30:00-04:00,7.480000019073486,7.519999980926514,7.480000019073486,7.519999980926514,25474,0.0,0.0,0.0
2022-10-19 09:30:00-04:00,7.458000183105469,7.53000020980835,7.380000114440918,7.53000020980835,49898,0.0,0.0,0.0
2022-10-19 10:30:00-04:00,7.53000020980835,7.53000020980835,7.429999828338623,7.429999828338623,17723,0.0,0.0,0.0
2022-10-19 11:30:00-04:00,7.429999828338623,7.449999809265137,7.389999866485596,7.389999866485596,13143,0.0,0.0,0.0
2022-10-19 12:30:00-04:00,7.389999866485596,7.409999847412109,7.329999923706055,7.349999904632568,19857,0.0,0.0,0.0
2022-10-19 13:30:00-04:00,7.34499979019165,7.385000228881836,7.340000152587891,7.385000228881836,12285,0.0,0.0,0.0
2022-10-19 14:30:00-04:00,7.385000228881836,7.385000228881836,7.329999923706055,7.340000152587891,27482,0.0,0.0,0.0
2022-10-19 15:30:00-04:00,7.340400218963623,7.380000114440918,7.335000038146973,7.380000114440918,24408,0.0,0.0,0.0
2022-10-20 09:30:00-04:00,7.349999904632568,7.590000152587891,7.349999904632568,7.574999809265137,49730,0.0,0.0,0.0
2022-10-20 10:30:00-04:00,7.579999923706055,7.590000152587891,7.541999816894531,7.541999816894531,36090,0.0,0.0,0.0
2022-10-20 11:30:00-04:00,7.551199913024902,7.574999809265137,7.480000019073486,7.480000019073486,11446,0.0,0.0,0.0
2022-10-20 12:30:00-04:00,7.480000019073486,7.485000133514404,7.425000190734863,7.440000057220459,7902,0.0,0.0,0.0
2022-10-20 13:30:00-04:00,7.429999828338623,7.429999828338623,7.35099983215332,7.35099983215332,10735,0.0,0.0,0.0
2022-10-20 14:30:00-04:00,7.372099876403809,7.409999847412109,7.349999904632568,7.380000114440918,8706,0.0,0.0,0.0
2022-10-20 15:30:00-04:00,7.369999885559082,7.400000095367432,7.369999885559082,7.380000114440918,48876,0.0,0.0,0.0
2022-10-21 09:30:00-04:00,7.25,7.320000171661377,7.159999847412109,7.230000019073486,257554,0.0,0.0,0.0
2022-10-21 10:30:00-04:00,7.230000019073486,7.241000175476074,7.190000057220459,7.239999771118164,66089,0.0,0.0,0.0
2022-10-21 11:30:00-04:00,7.255000114440918,7.324999809265137,7.239999771118164,7.304999828338623,50692,0.0,0.0,0.0
2022-10-21 12:30:00-04:00,7.300000190734863,7.34499979019165,7.300000190734863,7.330100059509277,18926,0.0,0.0,0.0
2022-10-21 13:30:00-04:00,7.340000152587891,7.385000228881836,7.340000152587891,7.360000133514404,27187,0.0,0.0,0.0
2022-10-21 14:30:00-04:00,7.364999771118164,7.40500020980835,7.355000019073486,7.40500020980835,22244,0.0,0.0,0.0
2022-10-21 15:30:00-04:00,7.400000095367432,7.420000076293945,7.400000095367432,7.402500152587891,15893,0.0,0.0,0.0
2022-10-24 09:30:00-04:00,7.340000152587891,7.340000152587891,7.139999866485596,7.159999847412109,206043,0.0,0.0,0.0
2022-10-24 10:30:00-04:00,7.159599781036377,7.289999961853027,7.159599781036377,7.289999961853027,100027,0.0,0.0,0.0
2022-10-24 11:30:00-04:00,7.300000190734863,7.360000133514404,7.28000020980835,7.355000019073486,31587,0.0,0.0,0.0
2022-10-24 12:30:00-04:00,7.340000152587891,7.362400054931641,7.320000171661377,7.320000171661377,12100,0.0,0.0,0.0
2022-10-24 13:30:00-04:00,7.309999942779541,7.335000038146973,7.28000020980835,7.329999923706055,23482,0.0,0.0,0.0
2022-10-24 14:30:00-04:00,7.324999809265137,7.389999866485596,7.324999809265137,7.380000114440918,22585,0.0,0.0,0.0
2022-10-24 15:30:00-04:00,7.380000114440918,7.380000114440918,7.354100227355957,7.369999885559082,11707,0.0,0.0,0.0
2022-10-25 09:30:00-04:00,7.460000038146973,7.585000038146973,7.400000095367432,7.570000171661377,84011,0.0,0.0,0.0
2022-10-25 10:30:00-04:00,7.559999942779541,7.619999885559082,7.53000020980835,7.619999885559082,50425,0.0,0.0,0.0
2022-10-25 11:30:00-04:00,7.619999885559082,7.639999866485596,7.610099792480469,7.639999866485596,11384,0.0,0.0,0.0
2022-10-25 12:30:00-04:00,7.619999885559082,7.630000114440918,7.580699920654297,7.605000019073486,10793,0.0,0.0,0.0
2022-10-25 13:30:00-04:00,7.610000133514404,7.650000095367432,7.610000133514404,7.650000095367432,14345,0.0,0.0,0.0
2022-10-25 14:30:00-04:00,7.650000095367432,7.679999828338623,7.640100002288818,7.679999828338623,21456,0.0,0.0,0.0
2022-10-25 15:30:00-04:00,7.684999942779541,7.684999942779541,7.659999847412109,7.679999828338623,29767,0.0,0.0,0.0
2022-10-26 09:30:00-04:00,7.53000020980835,7.679999828338623,7.510000228881836,7.679999828338623,69866,0.0,0.0,0.0
2022-10-26 10:30:00-04:00,7.670000076293945,7.74459981918335,7.659999847412109,7.739999771118164,44730,0.0,0.0,0.0
2022-10-26 11:30:00-04:00,7.75,7.755000114440918,7.700099945068359,7.709700107574463,12165,0.0,0.0,0.0
2022-10-26 12:30:00-04:00,7.71999979019165,7.71999979019165,7.565000057220459,7.570000171661377,17430,0.0,0.0,0.0
2022-10-26 13:30:00-04:00,7.559999942779541,7.610300064086914,7.554999828338623,7.590000152587891,9529,0.0,0.0,0.0
2022-10-26 14:30:00-04:00,7.570000171661377,7.576700210571289,7.550000190734863,7.550000190734863,23240,0.0,0.0,0.0
2022-10-26 15:30:00-04:00,7.565000057220459,7.579500198364258,7.550000190734863,7.554999828338623,20575,0.0,0.0,0.0
2022-10-27 09:30:00-04:00,7.46999979019165,7.514999866485596,7.349999904632568,7.496699810028076,185616,0.0,0.0,0.0
2022-10-27 10:30:00-04:00,7.505000114440918,7.525000095367432,7.420000076293945,7.429999828338623,46254,0.0,0.0,0.0
2022-10-27 11:30:00-04:00,7.420000076293945,7.454999923706055,7.364999771118164,7.364999771118164,24039,0.0,0.0,0.0
2022-10-27 12:30:00-04:00,7.369999885559082,7.422699928283691,7.369999885559082,7.40500020980835,40050,0.0,0.0,0.0
2022-10-27 13:30:00-04:00,7.400000095367432,7.409999847412109,7.369999885559082,7.380099773406982,37698,0.0,0.0,0.0
2022-10-27 14:30:00-04:00,7.380000114440918,7.385000228881836,7.340000152587891,7.369999885559082,32106,0.0,0.0,0.0
2022-10-27 15:30:00-04:00,7.383500099182129,7.383500099182129,7.340000152587891,7.340000152587891,18706,0.0,0.0,0.0
2022-10-28 09:30:00-04:00,7.329999923706055,7.409999847412109,7.289999961853027,7.349999904632568,102027,0.0,0.0,0.0
2022-10-28 10:30:00-04:00,7.360000133514404,7.420100212097168,7.340000152587891,7.389999866485596,39648,0.0,0.0,0.0
2022-10-28 11:30:00-04:00,7.389999866485596,7.429999828338623,7.375,7.429999828338623,34681,0.0,0.0,0.0
2022-10-28 12:30:00-04:00,7.429999828338623,7.460000038146973,7.425000190734863,7.460000038146973,14277,0.0,0.0,0.0
2022-10-28 13:30:00-04:00,7.460000038146973,7.461699962615967,7.440000057220459,7.451700210571289,30781,0.0,0.0,0.0
2022-10-28 14:30:00-04:00,7.449999809265137,7.4807000160217285,7.449999809265137,7.480000019073486,13097,0.0,0.0,0.0
2022-10-28 15:30:00-04:00,7.480000019073486,7.5,7.474999904632568,7.489999771118164,20383,0.0,0.0,0.0
2022-10-31 09:30:00-04:00,7.449999809265137,7.489999771118164,7.34499979019165,7.34499979019165,70829,0.0,0.0,0.0
2022-10-31 10:30:00-04:00,7.340000152587891,7.385799884796143,7.309999942779541,7.385799884796143,20512,0.0,0.0,0.0
2022-10-31 11:30:00-04:00,7.369999885559082,7.414999961853027,7.369999885559082,7.394999980926514,25041,0.0,0.0,0.0
2022-10-31 12:30:00-04:00,7.389699935913086,7.40500020980835,7.360000133514404,7.40500020980835,9037,0.0,0.0,0.0
2022-10-31 13:30:00-04:00,7.409900188446045,7.409900188446045,7.375,7.385000228881836,5921,0.0,0.0,0.0
2022-10-31 14:30:00-04:00,7.385000228881836,7.394999980926514,7.34499979019165,7.364999771118164,9949,0.0,0.0,0.0
2022-10-31 15:30:00-04:00,7.360000133514404,7.388599872589111,7.355000019073486,7.360000133514404,14527,0.0,0.0,0.0
2022-11-01 09:30:00-04:00,7.519999980926514,7.559999942779541,7.389999866485596,7.449999809265137,113835,0.0,0.0,0.0
2022-11-01 10:30:00-04:00,7.434999942779541,7.449999809265137,7.379899978637695,7.400000095367432,41871,0.0,0.0,0.0
2022-11-01 11:30:00-04:00,7.409999847412109,7.429999828338623,7.380000114440918,7.389999866485596,88471,0.0,0.0,0.0
2022-11-01 12:30:00-04:00,7.380000114440918,7.425000190734863,7.364999771118164,7.409999847412109,35251,0.0,0.0,0.0
2022-11-01 13:30:00-04:00,7.400000095367432,7.417900085449219,7.385000228881836,7.409900188446045,43701,0.0,0.0,0.0
2022-11-01 14:30:00-04:00,7.409900188446045,7.409999847412109,7.380000114440918,7.380000114440918,16488,0.0,0.0,0.0
2022-11-01 15:30:00-04:00,7.375,7.380000114440918,7.360000133514404,7.360000133514404,31687,0.0,0.0,0.0
2022-11-02 09:30:00-04:00,7.369999885559082,7.400000095367432,7.329999923706055,7.349999904632568,56155,0.0,0.0,0.0
2022-11-02 10:30:00-04:00,7.349999904632568,7.369999885559082,7.309999942779541,7.315000057220459,20086,0.0,0.0,0.0
2022-11-02 11:30:00-04:00,7.324999809265137,7.329999923706055,7.295000076293945,7.300000190734863,34027,0.0,0.0,0.0
2022-11-02 12:30:00-04:00,7.289999961853027,7.320000171661377,7.279600143432617,7.300000190734863,15174,0.0,0.0,0.0
2022-11-02 13:30:00-04:00,7.299099922180176,7.440000057220459,7.293000221252441,7.429999828338623,15675,0.0,0.0,0.0
2022-11-02 14:30:00-04:00,7.460000038146973,7.460000038146973,7.139999866485596,7.159800052642822,89954,0.0,0.0,0.0
2022-11-02 15:30:00-04:00,7.150000095367432,7.170000076293945,7.110000133514404,7.110000133514404,57064,0.0,0.0,0.0
2022-11-03 09:30:00-04:00,7.019999980926514,7.085000038146973,6.949999809265137,7.085000038146973,166564,0.0,0.0,0.0
2022-11-03 10:30:00-04:00,7.079999923706055,7.159999847412109,7.050000190734863,7.070700168609619,42964,0.0,0.0,0.0
2022-11-03 11:30:00-04:00,7.070000171661377,7.090000152587891,7.049799919128418,7.069200038909912,50108,0.0,0.0,0.0
2022-11-03 12:30:00-04:00,7.059999942779541,7.099999904632568,7.045000076293945,7.0457000732421875,16116,0.0,0.0,0.0
2022-11-03 13:30:00-04:00,7.044600009918213,7.050000190734863,7.03000020980835,7.050000190734863,32946,0.0,0.0,0.0
2022-11-03 14:30:00-04:00,7.050000190734863,7.050000190734863,7.03000020980835,7.034999847412109,14015,0.0,0.0,0.0
2022-11-03 15:30:00-04:00,7.034999847412109,7.045000076293945,6.980999946594238,6.989999771118164,18433,0.0,0.0,0.0
2022-11-04 09:30:00-04:00,7.179999828338623,7.210000038146973,7.019999980926514,7.159999847412109,77222,0.0,0.0,0.0
2022-11-04 10:30:00-04:00,7.151199817657471,7.184999942779541,7.056600093841553,7.059999942779541,99142,0.0,0.0,0.0
2022-11-04 11:30:00-04:00,7.054999828338623,7.070000171661377,6.960100173950195,7.03000020980835,37584,0.0,0.0,0.0
2022-11-04 12:30:00-04:00,7.039999961853027,7.050000190734863,6.96999979019165,6.96999979019165,30171,0.0,0.0,0.0
2022-11-04 13:30:00-04:00,6.96999979019165,7.00540018081665,6.940000057220459,7.003600120544434,28248,0.0,0.0,0.0
2022-11-04 14:30:00-04:00,7.0,7.074999809265137,7.0,7.070000171661377,31148,0.0,0.0,0.0
2022-11-04 15:30:00-04:00,7.059999942779541,7.099899768829346,7.059999942779541,7.090000152587891,25029,0.0,0.0,0.0
2022-11-07 09:30:00-05:00,7.139999866485596,7.159999847412109,7.049900054931641,7.105000019073486,83257,0.0,0.0,0.0
2022-11-07 10:30:00-05:00,7.099999904632568,7.150000095367432,7.090000152587891,7.150000095367432,46722,0.0,0.0,0.0
2022-11-07 11:30:00-05:00,7.149799823760986,7.150400161743164,7.074999809265137,7.110000133514404,39990,0.0,0.0,0.0
2022-11-07 12:30:00-05:00,7.114099979400635,7.129899978637695,7.090099811553955,7.114999771118164,8394,0.0,0.0,0.0
2022-11-07 13:30:00-05:00,7.119699954986572,7.168799877166748,7.093999862670898,7.168000221252441,21030,0.0,0.0,0.0
2022-11-07 14:30:00-05:00,7.170000076293945,7.199999809265137,7.170000076293945,7.193399906158447,30237,0.0,0.0,0.0
2022-11-07 15:30:00-05:00,7.199999809265137,7.199999809265137,7.170000076293945,7.170000076293945,21390,0.0,0.0,0.0
2022-11-08 09:30:00-05:00,7.190000057220459,7.199999809265137,7.119999885559082,7.170000076293945,67771,0.0,0.0,0.0
2022-11-08 10:30:00-05:00,7.159999847412109,7.289999961853027,7.159999847412109,7.28000020980835,84211,0.0,0.0,0.0
2022-11-08 11:30:00-05:00,7.289999961853027,7.3130998611450195,7.28000020980835,7.290999889373779,56067,0.0,0.0,0.0
2022-11-08 12:30:00-05:00,7.28000020980835,7.282199859619141,7.179999828338623,7.179999828338623,16470,0.0,0.0,0.0
2022-11-08 13:30:00-05:00,7.179999828338623,7.199999809265137,7.065000057220459,7.065000057220459,29928,0.0,0.0,0.0
2022-11-08 14:30:00-05:00,7.070000171661377,7.179999828338623,7.054999828338623,7.179999828338623,33519,0.0,0.0,0.0
2022-11-08 15:30:00-05:00,7.190000057220459,7.21999979019165,7.170000076293945,7.179999828338623,17951,0.0,0.0,0.0
2022-11-09 09:30:00-05:00,7.070000171661377,7.070000171661377,6.960000038146973,6.979899883270264,106784,0.0,0.0,0.0
2022-11-09 10:30:00-05:00,6.960000038146973,6.960000038146973,6.90500020980835,6.940000057220459,33557,0.0,0.0,0.0
2022-11-09 11:30:00-05:00,6.9303998947143555,6.965000152587891,6.901000022888184,6.90939998626709,36013,0.0,0.0,0.0
2022-11-09 12:30:00-05:00,6.909999847412109,6.920000076293945,6.869999885559082,6.869999885559082,73390,0.0,0.0,0.0
2022-11-09 13:30:00-05:00,6.869999885559082,6.869999885559082,6.820000171661377,6.859899997711182,37050,0.0,0.0,0.0
2022-11-09 14:30:00-05:00,6.840000152587891,6.8403000831604,6.820000171661377,6.840000152587891,17009,0.0,0.0,0.0
2022-11-09 15:30:00-05:00,6.840000152587891,6.840000152587891,6.789999961853027,6.820000171661377,48814,0.0,0.0,0.0
2022-11-10 09:30:00-05:00,7.210000038146973,7.329999923706055,7.119999885559082,7.300000190734863,325392,0.0,0.0,0.0
2022-11-10 10:30:00-05:00,7.300000190734863,7.315000057220459,7.239999771118164,7.309999942779541,62564,0.0,0.0,0.0
2022-11-10 11:30:00-05:00,7.315000057220459,7.364999771118164,7.315000057220459,7.34499979019165,48367,0.0,0.0,0.0
2022-11-10 12:30:00-05:00,7.335000038146973,7.350100040435791,7.300000190734863,7.340000152587891,22249,0.0,0.0,0.0
2022-11-10 13:30:00-05:00,7.340000152587891,7.385000228881836,7.324999809265137,7.3821001052856445,35414,0.0,0.0,0.0
2022-11-10 14:30:00-05:00,7.385000228881836,7.440000057220459,7.369999885559082,7.440000057220459,40957,0.0,0.0,0.0
2022-11-10 15:30:00-05:00,7.436999797821045,7.480000019073486,7.434000015258789,7.480000019073486,33516,0.0,0.0,0.0
2022-11-11 09:30:00-05:00,7.5,7.71999979019165,7.489999771118164,7.710000038146973,85602,0.0,0.0,0.0
2022-11-11 10:30:00-05:00,7.71999979019165,7.739999771118164,7.670000076293945,7.670100212097168,58123,0.0,0.0,0.0
2022-11-11 11:30:00-05:00,7.650000095367432,7.735000133514404,7.644999980926514,7.730000019073486,82810,0.0,0.0,0.0
2022-11-11 12:30:00-05:00,7.739999771118164,7.820000171661377,7.727499961853027,7.820000171661377,46672,0.0,0.0,0.0
2022-11-11 13:30:00-05:00,7.820000171661377,7.839399814605713,7.795300006866455,7.820000171661377,21410,0.0,0.0,0.0
2022-11-11 14:30:00-05:00,7.824999809265137,7.849999904632568,7.769999980926514,7.804999828338623,42422,0.0,0.0,0.0
2022-11-11 15:30:00-05:00,7.809999942779541,7.828000068664551,7.800000190734863,7.800000190734863,78470,0.0,0.0,0.0
2022-11-14 09:30:00-05:00,7.75,7.770199775695801,7.650100231170654,7.715000152587891,79644,0.0,0.0,0.0
2022-11-14 10:30:00-05:00,7.71999979019165,7.75,7.679999828338623,7.699999809265137,27655,0.0,0.0,0.0
2022-11-14 11:30:00-05:00,7.710000038146973,7.755000114440918,7.699999809265137,7.71999979019165,8750,0.0,0.0,0.0
2022-11-14 12:30:00-05:00,7.71999979019165,7.784999847412109,7.71999979019165,7.780099868774414,7454,0.0,0.0,0.0
2022-11-14 13:30:00-05:00,7.7820000648498535,7.795000076293945,7.769999980926514,7.789299964904785,81706,0.0,0.0,0.0
2022-11-14 14:30:00-05:00,7.789999961853027,7.789999961853027,7.724999904632568,7.75,18844,0.0,0.0,0.0
2022-11-14 15:30:00-05:00,7.71999979019165,7.730000019073486,7.679999828338623,7.679999828338623,48321,0.0,0.0,0.0
2022-11-15 09:30:00-05:00,7.960000038146973,8.111100196838379,7.960000038146973,8.111100196838379,141334,0.0,0.0,0.0
2022-11-15 10:30:00-05:00,8.091099739074707,8.109999656677246,8.020000457763672,8.074999809265137,26013,0.0,0.0,0.0
2022-11-15 11:30:00-05:00,8.069999694824219,8.11989974975586,8.069999694824219,8.09749984741211,28616,0.0,0.0,0.0
2022-11-15 12:30:00-05:00,8.100000381469727,8.104999542236328,7.980000019073486,7.989999771118164,18554,0.0,0.0,0.0
2022-11-15 13:30:00-05:00,7.989999771118164,8.050000190734863,7.920000076293945,8.03499984741211,87919,0.0,0.0,0.0
2022-11-15 14:30:00-05:00,8.029999732971191,8.055000305175781,7.989999771118164,8.03030014038086,20462,0.0,0.0,0.0
2022-11-15 15:30:00-05:00,8.029999732971191,8.039999961853027,7.989999771118164,8.0,15825,0.0,0.0,0.0
2022-11-16 09:30:00-05:00,7.909999847412109,7.920000076293945,7.795000076293945,7.811399936676025,76518,0.0,0.0,0.0
2022-11-16 10:30:00-05:00,7.815000057220459,7.820000171661377,7.75,7.800000190734863,20282,0.0,0.0,0.0
2022-11-16 11:30:00-05:00,7.789999961853027,7.820000171661377,7.771699905395508,7.789999961853027,18540,0.0,0.0,0.0
2022-11-16 12:30:00-05:00,7.809999942779541,7.840000152587891,7.809999942779541,7.820099830627441,11322,0.0,0.0,0.0
2022-11-16 13:30:00-05:00,7.820000171661377,7.820000171661377,7.785999774932861,7.800000190734863,6733,0.0,0.0,0.0
2022-11-16 14:30:00-05:00,7.789999961853027,7.795000076293945,7.75,7.75,5581,0.0,0.0,0.0
2022-11-16 15:30:00-05:00,7.75,7.769999980926514,7.741499900817871,7.75,30152,0.0,0.0,0.0
2022-11-17 09:30:00-05:00,7.619999885559082,7.71999979019165,7.570700168609619,7.71999979019165,41000,0.0,0.0,0.0
2022-11-17 10:30:00-05:00,7.699999809265137,7.71999979019165,7.664100170135498,7.690100193023682,10283,0.0,0.0,0.0
2022-11-17 11:30:00-05:00,7.690000057220459,7.744999885559082,7.690000057220459,7.715000152587891,6259,0.0,0.0,0.0
2022-11-17 12:30:00-05:00,7.710000038146973,7.78000020980835,7.710000038146973,7.769000053405762,7630,0.0,0.0,0.0
2022-11-17 13:30:00-05:00,7.769599914550781,7.789999961853027,7.699999809265137,7.710000038146973,11652,0.0,0.0,0.0
2022-11-17 14:30:00-05:00,7.713200092315674,7.71999979019165,7.670000076293945,7.670000076293945,14954,0.0,0.0,0.0
2022-11-17 15:30:00-05:00,7.679999828338623,7.730000019073486,7.679999828338623,7.730000019073486,24343,0.0,0.0,0.0
2022-11-18 09:30:00-05:00,7.78000020980835,7.806000232696533,7.631899833679199,7.659999847412109,33311,0.0,0.0,0.0
2022-11-18 10:30:00-05:00,7.659999847412109,7.670000076293945,7.610000133514404,7.639999866485596,20926,0.0,0.0,0.0
2022-11-18 11:30:00-05:00,7.635000228881836,7.639999866485596,7.559999942779541,7.579999923706055,81021,0.0,0.0,0.0
2022-11-18 12:30:00-05:00,7.585000038146973,7.610000133514404,7.570000171661377,7.610000133514404,19587,0.0,0.0,0.0
2022-11-18 13:30:00-05:00,7.611000061035156,7.614999771118164,7.579999923706055,7.60129976272583,10994,0.0,0.0,0.0
2022-11-18 14:30:00-05:00,7.59499979019165,7.630000114440918,7.590000152587891,7.630000114440918,19058,0.0,0.0,0.0
2022-11-18 15:30:00-05:00,7.630000114440918,7.639999866485596,7.616000175476074,7.639999866485596,13965,0.0,0.0,0.0
2022-11-21 09:30:00-05:00,7.539999961853027,7.579999923706055,7.489999771118164,7.489999771118164,198960,0.0,0.0,0.0
2022-11-21 10:30:00-05:00,7.489999771118164,7.5,7.449999809265137,7.489999771118164,46420,0.0,0.0,0.0
2022-11-21 11:30:00-05:00,7.480000019073486,7.489999771118164,7.449999809265137,7.449999809265137,26454,0.0,0.0,0.0
2022-11-21 12:30:00-05:00,7.445000171661377,7.480000019073486,7.434999942779541,7.480000019073486,45811,0.0,0.0,0.0
2022-11-21 13:30:00-05:00,7.474999904632568,7.494999885559082,7.465000152587891,7.46999979019165,17085,0.0,0.0,0.0
2022-11-21 14:30:00-05:00,7.46999979019165,7.474999904632568,7.460000038146973,7.466800212860107,18654,0.0,0.0,0.0
2022-11-21 15:30:00-05:00,7.465000152587891,7.4899001121521,7.465000152587891,7.46999979019165,25238,0.0,0.0,0.0
2022-11-22 09:30:00-05:00,7.449999809265137,7.519000053405762,7.40500020980835,7.510000228881836,59613,0.0,0.0,0.0
2022-11-22 10:30:00-05:00,7.505000114440918,7.539999961853027,7.477700233459473,7.510000228881836,37188,0.0,0.0,0.0
2022-11-22 11:30:00-05:00,7.5,7.534999847412109,7.494999885559082,7.53000020980835,7924,0.0,0.0,0.0
2022-11-22 12:30:00-05:00,7.525000095367432,7.550000190734863,7.5100998878479,7.550000190734863,17673,0.0,0.0,0.0
2022-11-22 13:30:00-05:00,7.545000076293945,7.550000190734863,7.519999980926514,7.534999847412109,18562,0.0,0.0,0.0
2022-11-22 14:30:00-05:00,7.5370001792907715,7.565000057220459,7.53000020980835,7.565000057220459,37113,0.0,0.0,0.0
2022-11-22 15:30:00-05:00,7.565899848937988,7.590000152587891,7.565000057220459,7.590000152587891,31651,0.0,0.0,0.0
2022-11-23 09:30:00-05:00,7.579999923706055,7.690000057220459,7.579999923706055,7.690000057220459,73337,0.0,0.0,0.0
2022-11-23 10:30:00-05:00,7.690000057220459,7.71999979019165,7.690000057220459,7.699999809265137,54410,0.0,0.0,0.0
2022-11-23 11:30:00-05:00,7.691999912261963,7.704999923706055,7.635000228881836,7.659999847412109,30439,0.0,0.0,0.0
2022-11-23 12:30:00-05:00,7.659999847412109,7.659999847412109,7.614999771118164,7.65500020980835,43891,0.0,0.0,0.0
2022-11-23 13:30:00-05:00,7.659999847412109,7.730000019073486,7.659999847412109,7.71999979019165,19181,0.0,0.0,0.0
2022-11-23 14:30:00-05:00,7.710100173950195,7.730000019073486,7.695000171661377,7.724999904632568,13242,0.0,0.0,0.0
2022-11-23 15:30:00-05:00,7.71999979019165,7.730000019073486,7.703000068664551,7.730000019073486,9812,0.0,0.0,0.0
2022-11-25 09:30:00-05:00,7.659999847412109,7.664100170135498,7.610000133514404,7.639999866485596,59515,0.0,0.0,0.0
2022-11-25 10:30:00-05:00,7.639999866485596,7.650000095367432,7.625,7.630000114440918,23627,0.0,0.0,0.0
2022-11-25 11:30:00-05:00,7.619999885559082,7.645299911499023,7.619999885559082,7.639999866485596,4329,0.0,0.0,0.0
2022-11-28 09:30:00-05:00,7.53000020980835,7.630000114440918,7.519999980926514,7.554999828338623,77983,0.0,0.0,0.0
2022-11-28 10:30:00-05:00,7.559999942779541,7.579999923706055,7.550000190734863,7.550000190734863,30861,0.0,0.0,0.0
2022-11-28 11:30:00-05:00,7.550000190734863,7.559999942779541,7.53000020980835,7.539999961853027,32217,0.0,0.0,0.0
2022-11-28 12:30:00-05:00,7.545000076293945,7.554999828338623,7.510000228881836,7.525000095367432,7151,0.0,0.0,0.0
2022-11-28 13:30:00-05:00,7.525000095367432,7.525000095367432,7.480000019073486,7.480000019073486,7867,0.0,0.0,0.0
2022-11-28 14:30:00-05:00,7.489099979400635,7.499899864196777,7.449999809265137,7.449999809265137,6309,0.0,0.0,0.0
2022-11-28 15:30:00-05:00,7.460000038146973,7.480000019073486,7.449999809265137,7.46999979019165,31811,0.0,0.0,0.0
2022-11-29 09:30:00-05:00,7.510000228881836,7.550000190734863,7.510000228881836,7.550000190734863,45107,0.0,0.0,0.0
2022-11-29 10:30:00-05:00,7.554999828338623,7.559999942779541,7.440000057220459,7.449999809265137,28970,0.0,0.0,0.0
2022-11-29 11:30:00-05:00,7.449999809265137,7.46999979019165,7.44789981842041,7.454999923706055,7619,0.0,0.0,0.0
2022-11-29 12:30:00-05:00,7.454999923706055,7.478000164031982,7.429999828338623,7.429999828338623,14132,0.0,0.0,0.0
2022-11-29 13:30:00-05:00,7.429999828338623,7.480000019073486,7.428999900817871,7.460000038146973,7674,0.0,0.0,0.0
2022-11-29 14:30:00-05:00,7.460000038146973,7.46999979019165,7.440000057220459,7.460000038146973,15996,0.0,0.0,0.0
2022-11-29 15:30:00-05:00,7.465000152587891,7.46999979019165,7.451000213623047,7.46999979019165,7367,0.0,0.0,0.0
2022-11-30 09:30:00-05:00,7.539000034332275,7.570000171661377,7.489999771118164,7.570000171661377,73850,0.0,0.0,0.0
2022-11-30 10:30:00-05:00,7.570000171661377,7.571499824523926,7.510000228881836,7.546000003814697,22970,0.0,0.0,0.0
2022-11-30 11:30:00-05:00,7.549699783325195,7.559999942779541,7.5,7.514999866485596,14600,0.0,0.0,0.0
2022-11-30 12:30:00-05:00,7.510200023651123,7.545000076293945,7.5,7.539999961853027,16293,0.0,0.0,0.0
2022-11-30 13:30:00-05:00,7.550000190734863,7.809999942779541,7.550000190734863,7.809999942779541,51729,0.0,0.0,0.0
2022-11-30 14:30:00-05:00,7.789999961853027,7.835000038146973,7.75,7.835000038146973,46137,0.0,0.0,0.0
2022-11-30 15:30:00-05:00,7.840000152587891,7.880000114440918,7.834000110626221,7.880000114440918,51475,0.0,0.0,0.0
2022-12-01 09:30:00-05:00,7.889999866485596,8.0,7.860000133514404,7.869999885559082,84324,0.0,0.0,0.0
2022-12-01 10:30:00-05:00,7.849999904632568,7.949999809265137,7.849999904632568,7.920599937438965,9291,0.0,0.0,0.0
2022-12-01 11:30:00-05:00,7.934999942779541,7.960000038146973,7.914999961853027,7.940000057220459,19371,0.0,0.0,0.0
2022-12-01 12:30:00-05:00,7.949999809265137,7.974999904632568,7.934999942779541,7.949999809265137,10186,0.0,0.0,0.0
2022-12-01 13:30:00-05:00,7.954999923706055,7.974999904632568,7.949999809265137,7.960000038146973,16029,0.0,0.0,0.0
2022-12-01 14:30:00-05:00,7.960000038146973,8.0,7.960000038146973,7.982500076293945,25031,0.0,0.0,0.0
2022-12-01 15:30:00-05:00,7.989999771118164,8.0,7.974999904632568,7.980000019073486,9136,0.0,0.0,0.0
2022-12-02 09:30:00-05:00,7.800000190734863,7.949999809265137,7.78000020980835,7.894999980926514,72103,0.0,0.0,0.0
2022-12-02 10:30:00-05:00,7.889999866485596,7.920000076293945,7.875,7.920000076293945,18423,0.0,0.0,0.0
2022-12-02 11:30:00-05:00,7.920000076293945,7.960000038146973,7.920000076293945,7.940000057220459,52725,0.0,0.0,0.0
2022-12-02 12:30:00-05:00,7.934999942779541,7.940000057220459,7.889999866485596,7.90500020980835,14420,0.0,0.0,0.0
2022-12-02 13:30:00-05:00,7.906000137329102,7.920000076293945,7.900000095367432,7.909999847412109,13933,0.0,0.0,0.0
2022-12-02 14:30:00-05:00,7.920000076293945,7.986199855804443,7.920000076293945,7.965000152587891,34027,0.0,0.0,0.0
2022-12-02 15:30:00-05:00,7.960000038146973,7.960000038146973,7.934999942779541,7.949999809265137,16432,0.0,0.0,0.0
2022-12-05 09:30:00-05:00,7.920000076293945,7.989999771118164,7.860000133514404,7.869999885559082,456285,0.0,0.0,0.0
2022-12-05 10:30:00-05:00,7.860000133514404,7.920000076293945,7.860000133514404,7.869999885559082,52115,0.0,0.0,0.0
2022-12-05 11:30:00-05:00,7.864999771118164,7.869800090789795,7.840000152587891,7.855000019073486,17031,0.0,0.0,0.0
2022-12-05 12:30:00-05:00,7.855000019073486,7.855000019073486,7.800000190734863,7.809999942779541,35616,0.0,0.0,0.0
2022-12-05 13:30:00-05:00,7.815000057220459,7.829999923706055,7.764999866485596,7.778800010681152,38978,0.0,0.0,0.0
2022-12-05 14:30:00-05:00,7.769999980926514,7.769999980926514,7.744999885559082,7.75,16185,0.0,0.0,0.0
2022-12-05 15:30:00-05:00,7.75,7.78000020980835,7.75,7.78000020980835,66324,0.0,0.0,0.0
2022-12-06 09:30:00-05:00,7.75,7.75,7.570000171661377,7.599999904632568,51170,0.0,0.0,0.0
2022-12-06 10:30:00-05:00,7.599999904632568,7.630000114440918,7.570000171661377,7.625,18173,0.0,0.0,0.0
2022-12-06 11:30:00-05:00,7.619999885559082,7.630000114440918,7.565000057220459,7.585000038146973,15347,0.0,0.0,0.0
2022-12-06 12:30:00-05:00,7.579999923706055,7.585000038146973,7.554999828338623,7.559999942779541,15173,0.0,0.0,0.0
2022-12-06 13:30:00-05:00,7.554999828338623,7.570099830627441,7.519999980926514,7.519999980926514,26093,0.0,0.0,0.0
2022-12-06 14:30:00-05:00,7.514999866485596,7.569900035858154,7.5100998878479,7.511499881744385,18076,0.0,0.0,0.0
2022-12-06 15:30:00-05:00,7.514999866485596,7.559999942779541,7.514999866485596,7.550000190734863,19676,0.0,0.0,0.0
2022-12-07 09:30:00-05:00,7.489999771118164,7.579999923706055,7.449999809265137,7.47790002822876,185951,0.0,0.0,0.0
2022-12-07 10:30:00-05:00,7.489999771118164,7.559999942779541,7.46999979019165,7.480000019073486,13122,0.0,0.0,0.0
2022-12-07 11:30:00-05:00,7.46999979019165,7.519999980926514,7.46999979019165,7.5,19088,0.0,0.0,0.0
2022-12-07 12:30:00-05:00,7.494900226593018,7.539999961853027,7.494900226593018,7.534999847412109,9056,0.0,0.0,0.0
2022-12-07 13:30:00-05:00,7.525000095367432,7.53000020980835,7.489999771118164,7.519100189208984,8105,0.0,0.0,0.0
2022-12-07 14:30:00-05:00,7.505000114440918,7.521500110626221,7.5,7.505000114440918,9398,0.0,0.0,0.0
2022-12-07 15:30:00-05:00,7.510000228881836,7.525000095367432,7.505000114440918,7.510000228881836,26410,0.0,0.0,0.0
2022-12-08 09:30:00-05:00,7.570000171661377,7.690299987792969,7.510000228881836,7.6803998947143555,86785,0.0,0.0,0.0
2022-12-08 10:30:00-05:00,7.675000190734863,7.699999809265137,7.635000228881836,7.650000095367432,14776,0.0,0.0,0.0
2022-12-08 11:30:00-05:00,7.670000076293945,7.690000057220459,7.659999847412109,7.670000076293945,31466,0.0,0.0,0.0
2022-12-08 12:30:00-05:00,7.65500020980835,7.679999828338623,7.6519999504089355,7.675000190734863,10963,0.0,0.0,0.0
2022-12-08 13:30:00-05:00,7.690000057220459,7.715000152587891,7.650000095367432,7.679999828338623,16835,0.0,0.0,0.0
2022-12-08 14:30:00-05:00,7.679999828338623,7.708899974822998,7.675000190734863,7.708899974822998,39272,0.0,0.0,0.0
2022-12-08 15:30:00-05:00,7.710000038146973,7.716700077056885,7.684999942779541,7.699999809265137,21982,0.0,0.0,0.0
2022-12-09 09:30:00-05:00,7.690000057220459,7.75,7.650000095367432,7.699999809265137,56355,0.0,0.0,0.0
2022-12-09 10:30:00-05:00,7.71999979019165,7.764999866485596,7.715000152587891,7.75,11009,0.0,0.0,0.0
2022-12-09 11:30:00-05:00,7.75600004196167,7.776199817657471,7.75,7.755000114440918,38950,0.0,0.0,0.0
2022-12-09 12:30:00-05:00,7.760000228881836,7.760000228881836,7.704999923706055,7.715000152587891,17851,0.0,0.0,0.0
2022-12-09 13:30:00-05:00,7.710000038146973,7.71999979019165,7.699999809265137,7.719799995422363,9058,0.0,0.0,0.0
2022-12-09 14:30:00-05:00,7.71999979019165,7.71999979019165,7.690100193023682,7.690100193023682,12713,0.0,0.0,0.0
2022-12-09 15:30:00-05:00,7.690000057220459,7.690000057220459,7.639999866485596,7.639999866485596,18051,0.0,0.0,0.0
2022-12-12 09:30:00-05:00,7.619999885559082,7.679999828338623,7.599999904632568,7.660099983215332,95707,0.0,0.0,0.0
2022-12-12 10:30:00-05:00,7.650000095367432,7.681300163269043,7.630000114440918,7.659999847412109,16747,0.0,0.0,0.0
2022-12-12 11:30:00-05:00,7.65500020980835,7.690000057220459,7.650100231170654,7.679999828338623,24917,0.0,0.0,0.0
2022-12-12 12:30:00-05:00,7.675000190734863,7.690000057220459,7.650100231170654,7.650100231170654,20633,0.0,0.0,0.0
2022-12-12 13:30:00-05:00,7.664999961853027,7.673999786376953,7.650000095367432,7.67080020904541,27506,0.0,0.0,0.0
2022-12-12 14:30:00-05:00,7.664999961853027,7.739999771118164,7.663899898529053,7.739999771118164,32996,0.0,0.0,0.0
2022-12-12 15:30:00-05:00,7.73859977722168,7.760000228881836,7.71999979019165,7.760000228881836,31736,0.0,0.0,0.0
2022-12-13 09:30:00-05:00,8.09000015258789,8.160099983215332,7.96999979019165,7.96999979019165,143900,0.0,0.0,0.0
2022-12-13 10:30:00-05:00,7.980000019073486,7.980100154876709,7.920000076293945,7.9430999755859375,51976,0.0,0.0,0.0
2022-12-13 11:30:00-05:00,7.949999809265137,7.965000152587891,7.789999961853027,7.790900230407715,32076,0.0,0.0,0.0
2022-12-13 12:30:00-05:00,7.775000095367432,7.849999904632568,7.769999980926514,7.84499979019165,18399,0.0,0.0,0.0
2022-12-13 13:30:00-05:00,7.849999904632568,7.864999771118164,7.815000057220459,7.84499979019165,25940,0.0,0.0,0.0
2022-12-13 14:30:00-05:00,7.849999904632568,7.885000228881836,7.791299819946289,7.835000038146973,184571,0.0,0.0,0.0
2022-12-13 15:30:00-05:00,7.840000152587891,7.8694000244140625,7.835000038146973,7.84499979019165,41313,0.0,0.0,0.0
2022-12-14 09:30:00-05:00,7.840000152587891,7.945000171661377,7.829999923706055,7.93720006942749,64052,0.0,0.0,0.0
2022-12-14 10:30:00-05:00,7.920000076293945,7.949999809265137,7.90749979019165,7.949999809265137,21932,0.0,0.0,0.0
2022-12-14 11:30:00-05:00,7.945000171661377,7.949999809265137,7.909999847412109,7.909999847412109,39462,0.0,0.0,0.0
2022-12-14 12:30:00-05:00,7.914999961853027,7.920000076293945,7.90500020980835,7.920000076293945,15022,0.0,0.0,0.0
2022-12-14 13:30:00-05:00,7.929999828338623,7.965000152587891,7.789999961853027,7.840000152587891,46036,0.0,0.0,0.0
2022-12-14 14:30:00-05:00,7.820000171661377,7.920000076293945,7.71999979019165,7.804999828338623,42455,0.0,0.0,0.0
2022-12-14 15:30:00-05:00,7.789999961853027,7.840000152587891,7.78000020980835,7.829999923706055,18389,0.0,0.0,0.0
2022-12-15 09:30:00-05:00,7.630000114440918,7.650000095367432,7.497700214385986,7.510000228881836,87312,0.0,0.0,0.0
2022-12-15 10:30:00-05:00,7.5,7.5,7.429999828338623,7.451499938964844,43085,0.0,0.0,0.0
2022-12-15 11:30:00-05:00,7.454999923706055,7.4679999351501465,7.430099964141846,7.44320011138916,42804,0.0,0.0,0.0
2022-12-15 12:30:00-05:00,7.449999809265137,7.460000038146973,7.400000095367432,7.400000095367432,59957,0.0,0.0,0.0
2022-12-15 13:30:00-05:00,7.400000095367432,7.420000076293945,7.389999866485596,7.414999961853027,22085,0.0,0.0,0.0
2022-12-15 14:30:00-05:00,7.414999961853027,7.46999979019165,7.414999961853027,7.465000152587891,37833,0.0,0.0,0.0
2022-12-15 15:30:00-05:00,7.454999923706055,7.460000038146973,7.414999961853027,7.429999828338623,47549,0.0,0.0,0.0
2022-12-16 09:30:00-05:00,7.420000076293945,7.470699787139893,7.349999904632568,7.349999904632568,63429,0.0,0.0,0.0
2022-12-16 10:30:00-05:00,7.3429999351501465,7.360000133514404,7.320000171661377,7.335000038146973,27886,0.0,0.0,0.0
2022-12-16 11:30:00-05:00,7.340000152587891,7.349999904632568,7.310100078582764,7.320099830627441,37026,0.0,0.0,0.0
2022-12-16 12:30:00-05:00,7.324999809265137,7.340000152587891,7.304999828338623,7.306000232696533,12308,0.0,0.0,0.0
2022-12-16 13:30:00-05:00,7.304999828338623,7.349800109863281,7.302599906921387,7.323200225830078,14616,0.0,0.0,0.0
2022-12-16 14:30:00-05:00,7.324999809265137,7.360000133514404,7.310100078582764,7.360000133514404,19581,0.0,0.0,0.0
2022-12-16 15:30:00-05:00,7.360000133514404,7.375,7.340000152587891,7.349999904632568,11024,0.0,0.0,0.0
2022-12-19 09:30:00-05:00,7.360000133514404,7.360000133514404,7.210000038146973,7.260000228881836,128846,0.0,0.0,0.0
2022-12-19 10:30:00-05:00,7.260000228881836,7.260000228881836,7.210000038146973,7.21999979019165,33890,0.0,0.0,0.0
2022-12-19 11:30:00-05:00,7.204999923706055,7.230000019073486,7.179999828338623,7.215000152587891,60418,0.0,0.0,0.0
2022-12-19 12:30:00-05:00,7.210100173950195,7.25,7.210100173950195,7.239999771118164,39835,0.0,0.0,0.0
2022-12-19 13:30:00-05:00,7.235000133514404,7.235000133514404,7.190000057220459,7.190000057220459,24844,0.0,0.0,0.0
2022-12-19 14:30:00-05:00,7.190000057220459,7.199999809265137,7.184999942779541,7.190000057220459,22213,0.0,0.0,0.0
2022-12-19 15:30:00-05:00,7.190000057220459,7.210000038146973,7.175000190734863,7.210000038146973,42019,0.0,0.0,0.0
2022-12-20 09:30:00-05:00,7.130000114440918,7.246500015258789,7.110000133514404,7.230000019073486,85865,0.0,0.0,0.0
2022-12-20 10:30:00-05:00,7.239999771118164,7.260000228881836,7.150100231170654,7.155099868774414,33389,0.0,0.0,0.0
2022-12-20 11:30:00-05:00,7.160999774932861,7.21999979019165,7.159999847412109,7.210999965667725,23166,0.0,0.0,0.0
2022-12-20 12:30:00-05:00,7.184999942779541,7.210100173950195,7.184999942779541,7.201000213623047,14291,0.0,0.0,0.0
2022-12-20 13:30:00-05:00,7.210000038146973,7.2210001945495605,7.199999809265137,7.210999965667725,24315,0.0,0.0,0.0
2022-12-20 14:30:00-05:00,7.210000038146973,7.210000038146973,7.190000057220459,7.199999809265137,32117,0.0,0.0,0.0
2022-12-20 15:30:00-05:00,7.204999923706055,7.215000152587891,7.190000057220459,7.199999809265137,29200,0.0,0.0,0.0
2022-12-21 09:30:00-05:00,7.199999809265137,7.289999961853027,7.179999828338623,7.28000020980835,71903,0.0,0.0,0.0
2022-12-21 10:30:00-05:00,7.28000020980835,7.335000038146973,7.28000020980835,7.329999923706055,76029,0.0,0.0,0.0
2022-12-21 11:30:00-05:00,7.324999809265137,7.334099769592285,7.304999828338623,7.315000057220459,17581,0.0,0.0,0.0
2022-12-21 12:30:00-05:00,7.318900108337402,7.335000038146973,7.3125,7.322299957275391,14778,0.0,0.0,0.0
2022-12-21 13:30:00-05:00,7.315000057220459,7.364999771118164,7.310100078582764,7.354899883270264,37383,0.0,0.0,0.0
2022-12-21 14:30:00-05:00,7.349999904632568,7.349999904632568,7.320000171661377,7.335000038146973,43540,0.0,0.0,0.0
2022-12-21 15:30:00-05:00,7.332200050354004,7.340000152587891,7.320000171661377,7.329999923706055,16255,0.0,0.0,0.0
2022-12-22 09:30:00-05:00,7.239999771118164,7.25,7.099999904632568,7.10099983215332,54691,0.0,0.0,0.0
2022-12-22 10:30:00-05:00,7.099999904632568,7.110000133514404,7.079999923706055,7.098599910736084,34605,0.0,0.0,0.0
2022-12-22 11:30:00-05:00,7.079999923706055,7.079999923706055,7.019999980926514,7.019999980926514,11228,0.0,0.0,0.0
2022-12-22 12:30:00-05:00,7.025000095367432,7.039999961853027,7.0,7.005000114440918,45409,0.0,0.0,0.0
2022-12-22 13:30:00-05:00,7.010000228881836,7.050000190734863,7.0,7.050000190734863,32678,0.0,0.0,0.0
2022-12-22 14:30:00-05:00,7.048600196838379,7.119999885559082,7.034999847412109,7.110300064086914,66446,0.0,0.0,0.0
2022-12-22 15:30:00-05:00,7.114999771118164,7.139999866485596,7.09499979019165,7.139999866485596,16706,0.0,0.0,0.0
2022-12-23 09:30:00-05:00,7.079999923706055,7.119999885559082,7.010000228881836,7.090000152587891,71572,0.0,0.0,0.0
2022-12-23 10:30:00-05:00,7.099100112915039,7.139999866485596,7.054800033569336,7.090000152587891,36982,0.0,0.0,0.0
2022-12-23 11:30:00-05:00,7.079999923706055,7.1118998527526855,7.070099830627441,7.1118998527526855,29439,0.0,0.0,0.0
2022-12-23 12:30:00-05:00,7.110000133514404,7.119999885559082,7.091400146484375,7.105000019073486,35512,0.0,0.0,0.0
2022-12-23 13:30:00-05:00,7.109899997711182,7.119999885559082,7.090000152587891,7.105000019073486,16182,0.0,0.0,0.0
2022-12-23 14:30:00-05:00,7.110000133514404,7.125,7.110000133514404,7.119999885559082,31105,0.0,0.0,0.0
2022-12-23 15:30:00-05:00,7.114999771118164,7.130000114440918,7.110000133514404,7.119999885559082,11434,0.0,0.0,0.0
2022-12-27 09:30:00-05:00,7.090000152587891,7.09499979019165,7.005000114440918,7.090000152587891,153411,0.0,0.0,0.0
2022-12-27 10:30:00-05:00,7.090000152587891,7.110000133514404,7.060100078582764,7.079899787902832,105867,0.0,0.0,0.0
2022-12-27 11:30:00-05:00,7.079999923706055,7.085000038146973,7.060500144958496,7.060500144958496,52411,0.0,0.0,0.0
2022-12-27 12:30:00-05:00,7.059999942779541,7.065000057220459,7.039999961853027,7.050000190734863,30109,0.0,0.0,0.0
2022-12-27 13:30:00-05:00,7.044899940490723,7.050000190734863,7.031000137329102,7.034999847412109,49390,0.0,0.0,0.0
2022-12-27 14:30:00-05:00,7.034999847412109,7.050000190734863,7.03000020980835,7.039999961853027,57232,0.0,0.0,0.0
2022-12-27 15:30:00-05:00,7.034999847412109,7.0578999519348145,7.030600070953369,7.034999847412109,44780,0.0,0.0,0.0
2022-12-28 09:30:00-05:00,7.0,7.079999923706055,6.989999771118164,7.0,55383,0.0,0.0,0.0
2022-12-28 10:30:00-05:00,6.998300075531006,6.999899864196777,6.940000057220459,6.960000038146973,62265,0.0,0.0,0.0
2022-12-28 11:30:00-05:00,6.954999923706055,6.960000038146973,6.921000003814697,6.940000057220459,35236,0.0,0.0,0.0
2022-12-28 12:30:00-05:00,6.940000057220459,6.989999771118164,6.940000057220459,6.965000152587891,88126,0.0,0.0,0.0
2022-12-28 13:30:00-05:00,6.964000225067139,6.964000225067139,6.934999942779541,6.934999942779541,52585,0.0,0.0,0.0
2022-12-28 14:30:00-05:00,6.93149995803833,6.949999809265137,6.914999961853027,6.925000190734863,30798,0.0,0.0,0.0
2022-12-28 15:30:00-05:00,6.923900127410889,6.940000057220459,6.920000076293945,6.925000190734863,64321,0.0,0.0,0.0
2022-12-29 09:30:00-05:00,7.010000228881836,7.150000095367432,7.0,7.139999866485596,85042,0.0,0.0,0.0
2022-12-29 10:30:00-05:00,7.139999866485596,7.179999828338623,7.130000114440918,7.169400215148926,48235,0.0,0.0,0.0
2022-12-29 11:30:00-05:00,7.170000076293945,7.199900150299072,7.159999847412109,7.164999961853027,43816,0.0,0.0,0.0
2022-12-29 12:30:00-05:00,7.164999961853027,7.179100036621094,7.150000095367432,7.170100212097168,60627,0.0,0.0,0.0
2022-12-29 13:30:00-05:00,7.170000076293945,7.184999942779541,7.170000076293945,7.175000190734863,23800,0.0,0.0,0.0
2022-12-29 14:30:00-05:00,7.175000190734863,7.190000057220459,7.159999847412109,7.190000057220459,67891,0.0,0.0,0.0
2022-12-29 15:30:00-05:00,7.184999942779541,7.199999809265137,7.170000076293945,7.190000057220459,118959,0.0,0.0,0.0
2022-12-30 09:30:00-05:00,7.070000171661377,7.130000114440918,7.065000057220459,7.123499870300293,71803,0.0,0.0,0.0
2022-12-30 10:30:00-05:00,7.119900226593018,7.150000095367432,7.100100040435791,7.110099792480469,34222,0.0,0.0,0.0
2022-12-30 11:30:00-05:00,7.119999885559082,7.1269001960754395,7.110000133514404,7.117000102996826,36759,0.0,0.0,0.0
2022-12-30 12:30:00-05:00,7.114999771118164,7.119999885559082,7.079999923706055,7.085000038146973,74518,0.0,0.0,0.0
2022-12-30 13:30:00-05:00,7.0858001708984375,7.110000133514404,7.0858001708984375,7.105000019073486,70410,0.0,0.0,0.0
2022-12-30 14:30:00-05:00,7.107900142669678,7.150000095367432,7.100100040435791,7.135000228881836,94897,0.0,0.0,0.0
2022-12-30 15:30:00-05:00,7.135000228881836,7.190000057220459,7.130099773406982,7.190000057220459,67863,0.0,0.0,0.0
2023-01-03 09:30:00-05:00,7.289999961853027,7.399899959564209,7.179999828338623,7.179999828338623,101022,0.0,0.0,0.0
2023-01-03 10:30:00-05:00,7.170000076293945,7.21999979019165,7.170000076293945,7.179999828338623,43501,0.0,0.0,0.0
2023-01-03 11:30:00-05:00,7.175000190734863,7.175000190734863,7.130000114440918,7.138999938964844,15168,0.0,0.0,0.0
2023-01-03 12:30:00-05:00,7.135000228881836,7.15500020980835,7.110000133514404,7.149899959564209,570594,0.0,0.0,0.0
2023-01-03 13:30:00-05:00,7.144999980926514,7.164999961853027,7.130000114440918,7.150000095367432,1005650,0.0,0.0,0.0
2023-01-03 14:30:00-05:00,7.150599956512451,7.199999809265137,7.135000228881836,7.189899921417236,8458,0.0,0.0,0.0
2023-01-03 15:30:00-05:00,7.184999942779541,7.190000057220459,7.170000076293945,7.179999828338623,14188,0.0,0.0,0.0
2023-01-04 09:30:00-05:00,7.289999961853027,7.349999904632568,7.230000019073486,7.25,49634,0.0,0.0,0.0
2023-01-04 10:30:00-05:00,7.25,7.329999923706055,7.239999771118164,7.329999923706055,14741,0.0,0.0,0.0
2023-01-04 11:30:00-05:00,7.349999904632568,7.400000095367432,7.349999904632568,7.400000095367432,6597,0.0,0.0,0.0
2023-01-04 12:30:00-05:00,7.389999866485596,7.408599853515625,7.355000019073486,7.385000228881836,31496,0.0,0.0,0.0
2023-01-04 13:30:00-05:00,7.389999866485596,7.4004998207092285,7.309999942779541,7.309999942779541,43825,0.0,0.0,0.0
2023-01-04 14:30:00-05:00,7.309999942779541,7.389999866485596,7.309999942779541,7.360000133514404,26454,0.0,0.0,0.0
2023-01-04 15:30:00-05:00,7.360000133514404,7.389999866485596,7.329999923706055,7.389999866485596,19263,0.0,0.0,0.0
2023-01-05 09:30:00-05:00,7.28000020980835,7.300000190734863,7.2210001945495605,7.28000020980835,36634,0.0,0.0,0.0
2023-01-05 10:30:00-05:00,7.284999847412109,7.292699813842773,7.260000228881836,7.260000228881836,11741,0.0,0.0,0.0
2023-01-05 11:30:00-05:00,7.260000228881836,7.300000190734863,7.260000228881836,7.289599895477295,6588,0.0,0.0,0.0
2023-01-05 12:30:00-05:00,7.289999961853027,7.315000057220459,7.269999980926514,7.315000057220459,6164,0.0,0.0,0.0
2023-01-05 13:30:00-05:00,7.329899787902832,7.329999923706055,7.291999816894531,7.304999828338623,7536,0.0,0.0,0.0
2023-01-05 14:30:00-05:00,7.300000190734863,7.324999809265137,7.270599842071533,7.275000095367432,8414,0.0,0.0,0.0
2023-01-05 15:30:00-05:00,7.275000095367432,7.28000020980835,7.264999866485596,7.269999980926514,17180,0.0,0.0,0.0
2023-01-06 09:30:00-05:00,7.329999923706055,7.340099811553955,7.210000038146973,7.280099868774414,103691,0.0,0.0,0.0
2023-01-06 10:30:00-05:00,7.28000020980835,7.369999885559082,7.28000020980835,7.364999771118164,15264,0.0,0.0,0.0
2023-01-06 11:30:00-05:00,7.360000133514404,7.40500020980835,7.349999904632568,7.380099773406982,16847,0.0,0.0,0.0
2023-01-06 12:30:00-05:00,7.381499767303467,7.400000095367432,7.369999885559082,7.400000095367432,13336,0.0,0.0,0.0
2023-01-06 13:30:00-05:00,7.40500020980835,7.450099945068359,7.40500020980835,7.449999809265137,11855,0.0,0.0,0.0
2023-01-06 14:30:00-05:00,7.440000057220459,7.46999979019165,7.440000057220459,7.451000213623047,11370,0.0,0.0,0.0
2023-01-06 15:30:00-05:00,7.454999923706055,7.465000152587891,7.434999942779541,7.440000057220459,17026,0.0,0.0,0.0
2023-01-09 09:30:00-05:00,7.550000190734863,7.659999847412109,7.539999961853027,7.650000095367432,110619,0.0,0.0,0.0
2023-01-09 10:30:00-05:00,7.650000095367432,7.691400051116943,7.640900135040283,7.690299987792969,23070,0.0,0.0,0.0
2023-01-09 11:30:00-05:00,7.679999828338623,7.695000171661377,7.675000190734863,7.690899848937988,35735,0.0,0.0,0.0
2023-01-09 12:30:00-05:00,7.695000171661377,7.710000038146973,7.664999961853027,7.710000038146973,22814,0.0,0.0,0.0
2023-01-09 13:30:00-05:00,7.699999809265137,7.704999923706055,7.644999980926514,7.679100036621094,21672,0.0,0.0,0.0
2023-01-09 14:30:00-05:00,7.675000190734863,7.675000190734863,7.605000019073486,7.614999771118164,21044,0.0,0.0,0.0
2023-01-09 15:30:00-05:00,7.610000133514404,7.614999771118164,7.571800231933594,7.579999923706055,17721,0.0,0.0,0.0
2023-01-10 09:30:00-05:00,7.53000020980835,7.659999847412109,7.53000020980835,7.610000133514404,174539,0.0,0.0,0.0
2023-01-10 10:30:00-05:00,7.599999904632568,7.635000228881836,7.550000190734863,7.619999885559082,2454366,0.0,0.0,0.0
2023-01-10 11:30:00-05:00,7.614999771118164,7.639999866485596,7.609899997711182,7.625,8622,0.0,0.0,0.0
2023-01-10 12:30:00-05:00,7.635000228881836,7.664999961853027,7.635000228881836,7.664999961853027,90404,0.0,0.0,0.0
2023-01-10 13:30:00-05:00,7.659999847412109,7.690100193023682,7.659999847412109,7.690000057220459,39244,0.0,0.0,0.0
2023-01-10 14:30:00-05:00,7.684999942779541,7.695000171661377,7.675000190734863,7.681399822235107,7327,0.0,0.0,0.0
2023-01-10 15:30:00-05:00,7.684999942779541,7.730000019073486,7.683199882507324,7.730000019073486,15115,0.0,0.0,0.0
2023-01-11 09:30:00-05:00,7.800000190734863,7.840000152587891,7.730100154876709,7.835400104522705,1122427,0.0,0.0,0.0
2023-01-11 10:30:00-05:00,7.829899787902832,7.835000038146973,7.764999866485596,7.818399906158447,491490,0.0,0.0,0.0
2023-01-11 11:30:00-05:00,7.820000171661377,7.849999904632568,7.811999797821045,7.849999904632568,48086,0.0,0.0,0.0
2023-01-11 12:30:00-05:00,7.84499979019165,7.860000133514404,7.820000171661377,7.834199905395508,68402,0.0,0.0,0.0
2023-01-11 13:30:00-05:00,7.8420000076293945,7.8495001792907715,7.824999809265137,7.829999923706055,13969,0.0,0.0,0.0
2023-01-11 14:30:00-05:00,7.829999923706055,7.860000133514404,7.829999923706055,7.855000019073486,39241,0.0,0.0,0.0
2023-01-11 15:30:00-05:00,7.855000019073486,7.880000114440918,7.84499979019165,7.880000114440918,13964,0.0,0.0,0.0
2023-01-12 09:30:00-05:00,7.929999828338623,7.929999828338623,7.75,7.860000133514404,120208,0.0,0.0,0.0
2023-01-12 10:30:00-05:00,7.860000133514404,7.889999866485596,7.840000152587891,7.880000114440918,31645,0.0,0.0,0.0
2023-01-12 11:30:00-05:00,7.869999885559082,7.960000038146973,7.860000133514404,7.960000038146973,42644,0.0,0.0,0.0
2023-01-12 12:30:00-05:00,7.960000038146973,7.980000019073486,7.920000076293945,7.920000076293945,28777,0.0,0.0,0.0
2023-01-12 13:30:00-05:00,7.920000076293945,7.989999771118164,7.901500225067139,7.96999979019165,13662,0.0,0.0,0.0
2023-01-12 14:30:00-05:00,7.966000080108643,7.985000133514404,7.949999809265137,7.96999979019165,21953,0.0,0.0,0.0
2023-01-12 15:30:00-05:00,7.972899913787842,7.972899913787842,7.945000171661377,7.96999979019165,13007,0.0,0.0,0.0
2023-01-13 09:30:00-05:00,7.869999885559082,7.985000133514404,7.869999885559082,7.980000019073486,126083,0.0,0.0,0.0
2023-01-13 10:30:00-05:00,7.989999771118164,8.0,7.9309000968933105,7.960000038146973,26116,0.0,0.0,0.0
2023-01-13 11:30:00-05:00,7.940700054168701,7.980000019073486,7.925000190734863,7.980000019073486,20200,0.0,0.0,0.0
2023-01-13 12:30:00-05:00,7.979000091552734,7.985000133514404,7.960000038146973,7.96999979019165,15276,0.0,0.0,0.0
2023-01-13 13:30:00-05:00,7.974999904632568,8.010000228881836,7.974999904632568,8.010000228881836,37853,0.0,0.0,0.0
2023-01-13 14:30:00-05:00,8.001999855041504,8.029999732971191,8.0,8.029999732971191,150970,0.0,0.0,0.0
2023-01-13 15:30:00-05:00,8.029999732971191,8.045000076293945,8.020000457763672,8.029999732971191,271553,0.0,0.0,0.0
2023-01-17 09:30:00-05:00,8.100000381469727,8.154999732971191,8.050000190734863,8.130000114440918,137066,0.0,0.0,0.0
2023-01-17 10:30:00-05:00,8.125,8.125,8.050000190734863,8.0649995803833,31814,0.0,0.0,0.0
2023-01-17 11:30:00-05:00,8.095000267028809,8.125,8.079999923706055,8.099900245666504,24189,0.0,0.0,0.0
2023-01-17 12:30:00-05:00,8.104999542236328,8.135000228881836,8.100000381469727,8.125,12731,0.0,0.0,0.0
2023-01-17 13:30:00-05:00,8.129799842834473,8.149999618530273,8.119999885559082,8.140000343322754,17783,0.0,0.0,0.0
2023-01-17 14:30:00-05:00,8.145000457763672,8.149999618530273,8.135000228881836,8.140000343322754,16854,0.0,0.0,0.0
2023-01-17 15:30:00-05:00,8.145000457763672,8.145000457763672,8.125,8.140000343322754,29537,0.0,0.0,0.0
2023-01-18 09:30:00-05:00,8.1899995803833,8.239999771118164,8.175000190734863,8.204999923706055,53553,0.0,0.0,0.0
2023-01-18 10:30:00-05:00,8.1899995803833,8.1899995803833,8.050100326538086,8.079999923706055,50545,0.0,0.0,0.0
2023-01-18 11:30:00-05:00,8.064800262451172,8.079999923706055,8.029999732971191,8.039999961853027,31987,0.0,0.0,0.0
2023-01-18 12:30:00-05:00,8.039999961853027,8.055000305175781,8.010000228881836,8.029999732971191,33601,0.0,0.0,0.0
2023-01-18 13:30:00-05:00,8.029999732971191,8.0600004196167,8.015000343322754,8.0600004196167,30316,0.0,0.0,0.0
2023-01-18 14:30:00-05:00,8.0600004196167,8.069999694824219,8.050000190734863,8.050000190734863,28907,0.0,0.0,0.0
2023-01-18 15:30:00-05:00,8.039999961853027,8.039999961853027,8.010000228881836,8.010000228881836,58788,0.0,0.0,0.0
2023-01-19 09:30:00-05:00,7.909999847412109,7.97790002822876,7.880000114440918,7.929999828338623,95315,0.0,0.0,0.0
2023-01-19 10:30:00-05:00,7.920000076293945,7.940000057220459,7.889999866485596,7.889999866485596,20245,0.0,0.0,0.0
2023-01-19 11:30:00-05:00,7.885000228881836,7.920000076293945,7.870100021362305,7.894999980926514,18140,0.0,0.0,0.0
2023-01-19 12:30:00-05:00,7.894999980926514,7.920899868011475,7.889999866485596,7.909999847412109,13865,0.0,0.0,0.0
2023-01-19 13:30:00-05:00,7.929999828338623,7.960000038146973,7.920000076293945,7.960000038146973,19260,0.0,0.0,0.0
2023-01-19 14:30:00-05:00,7.960000038146973,7.974999904632568,7.954999923706055,7.960000038146973,31166,0.0,0.0,0.0
2023-01-19 15:30:00-05:00,7.949999809265137,7.949999809265137,7.900000095367432,7.900000095367432,11630,0.0,0.0,0.0
2023-01-20 09:30:00-05:00,7.960000038146973,8.050000190734863,7.949999809265137,8.050000190734863,45975,0.0,0.0,0.0
2023-01-20 10:30:00-05:00,8.0600004196167,8.09000015258789,8.024999618530273,8.09000015258789,15674,0.0,0.0,0.0
2023-01-20 11:30:00-05:00,8.100000381469727,8.109999656677246,8.079999923706055,8.100799560546875,33809,0.0,0.0,0.0
2023-01-20 12:30:00-05:00,8.099900245666504,8.114999771118164,8.09000015258789,8.100000381469727,27989,0.0,0.0,0.0
2023-01-20 13:30:00-05:00,8.100000381469727,8.170000076293945,8.100000381469727,8.165800094604492,20230,0.0,0.0,0.0
2023-01-20 14:30:00-05:00,8.164999961853027,8.210000038146973,8.161999702453613,8.191100120544434,29773,0.0,0.0,0.0
2023-01-20 15:30:00-05:00,8.1899995803833,8.210000038146973,8.189299583435059,8.210000038146973,21476,0.0,0.0,0.0
2023-01-23 09:30:00-05:00,8.229999542236328,8.390000343322754,8.21399974822998,8.390000343322754,124377,0.0,0.0,0.0
2023-01-23 10:30:00-05:00,8.385000228881836,8.454999923706055,8.375,8.425000190734863,48230,0.0,0.0,0.0
2023-01-23 11:30:00-05:00,8.413100242614746,8.441100120544434,8.410099983215332,8.425000190734863,48946,0.0,0.0,0.0
2023-01-23 12:30:00-05:00,8.430000305175781,8.445199966430664,8.420000076293945,8.4399995803833,17718,0.0,0.0,0.0
2023-01-23 13:30:00-05:00,8.444999694824219,8.460000038146973,8.430000305175781,8.4399995803833,34913,0.0,0.0,0.0
2023-01-23 14:30:00-05:00,8.4399995803833,8.440099716186523,8.390000343322754,8.420000076293945,38824,0.0,0.0,0.0
2023-01-23 15:30:00-05:00,8.430000305175781,8.460000038146973,8.420000076293945,8.460000038146973,26154,0.0,0.0,0.0
2023-01-24 09:30:00-05:00,8.380000114440918,8.479999542236328,8.369999885559082,8.404999732971191,127949,0.0,0.0,0.0
2023-01-24 10:30:00-05:00,8.399999618530273,8.449999809265137,8.380000114440918,8.444999694824219,31739,0.0,0.0,0.0
2023-01-24 11:30:00-05:00,8.430000305175781,8.4399995803833,8.404999732971191,8.430000305175781,21141,0.0,0.0,0.0
2023-01-24 12:30:00-05:00,8.428299903869629,8.428299903869629,8.388699531555176,8.40999984741211,901918,0.0,0.0,0.0
2023-01-24 13:30:00-05:00,8.409199714660645,8.420000076293945,8.390000343322754,8.399999618530273,26022,0.0,0.0,0.0
2023-01-24 14:30:00-05:00,8.399999618530273,8.40999984741211,8.391500473022461,8.404999732971191,18749,0.0,0.0,0.0
2023-01-24 15:30:00-05:00,8.404999732971191,8.40999984741211,8.369999885559082,8.40999984741211,43260,0.0,0.0,0.0
2023-01-25 09:30:00-05:00,8.229999542236328,8.289899826049805,8.171299934387207,8.190500259399414,2031368,0.0,0.0,0.0
2023-01-25 10:30:00-05:00,8.1899995803833,8.270000457763672,8.170000076293945,8.250100135803223,47938,0.0,0.0,0.0
2023-01-25 11:30:00-05:00,8.25,8.289999961853027,8.25,8.260000228881836,63820,0.0,0.0,0.0
2023-01-25 12:30:00-05:00,8.255000114440918,8.324999809265137,8.250100135803223,8.319999694824219,65902,0.0,0.0,0.0
2023-01-25 13:30:00-05:00,8.32759952545166,8.385000228881836,8.3149995803833,8.364999771118164,62154,0.0,0.0,0.0
2023-01-25 14:30:00-05:00,8.369999885559082,8.399999618530273,8.354900360107422,8.369999885559082,57864,0.0,0.0,0.0
2023-01-25 15:30:00-05:00,8.380000114440918,8.380000114440918,8.354999542236328,8.380000114440918,66270,0.0,0.0,0.0
2023-01-26 09:30:00-05:00,8.510000228881836,8.59000015258789,8.420100212097168,8.484999656677246,78417,0.0,0.0,0.0
2023-01-26 10:30:00-05:00,8.489999771118164,8.494999885559082,8.390000343322754,8.414999961853027,29285,0.0,0.0,0.0
2023-01-26 11:30:00-05:00,8.425000190734863,8.469900131225586,8.41759967803955,8.454999923706055,29408,0.0,0.0,0.0
2023-01-26 12:30:00-05:00,8.460000038146973,8.465700149536133,8.4399995803833,8.454999923706055,15043,0.0,0.0,0.0
2023-01-26 13:30:00-05:00,8.454999923706055,8.494999885559082,8.454999923706055,8.494999885559082,38230,0.0,0.0,0.0
2023-01-26 14:30:00-05:00,8.489999771118164,8.515000343322754,8.484999656677246,8.510299682617188,43079,0.0,0.0,0.0
2023-01-26 15:30:00-05:00,8.505000114440918,8.545000076293945,8.5,8.545000076293945,15102,0.0,0.0,0.0
2023-01-27 09:30:00-05:00,8.489999771118164,8.619799613952637,8.489999771118164,8.59000015258789,41018,0.0,0.0,0.0
2023-01-27 10:30:00-05:00,8.609999656677246,8.609999656677246,8.54800033569336,8.600000381469727,27927,0.0,0.0,0.0
2023-01-27 11:30:00-05:00,8.590800285339355,8.670900344848633,8.590800285339355,8.65999984741211,30888,0.0,0.0,0.0
2023-01-27 12:30:00-05:00,8.670000076293945,8.6899995803833,8.65999984741211,8.680000305175781,30998,0.0,0.0,0.0
2023-01-27 13:30:00-05:00,8.6899995803833,8.728599548339844,8.6899995803833,8.720000267028809,16272,0.0,0.0,0.0
2023-01-27 14:30:00-05:00,8.720000267028809,8.744999885559082,8.710000038146973,8.739999771118164,28824,0.0,0.0,0.0
2023-01-27 15:30:00-05:00,8.75,8.75,8.6899995803833,8.699999809265137,24828,0.0,0.0,0.0
2023-01-30 09:30:00-05:00,8.539999961853027,8.59000015258789,8.5,8.50100040435791,108802,0.0,0.0,0.0
2023-01-30 10:30:00-05:00,8.503800392150879,8.505000114440918,8.444999694824219,8.5,59530,0.0,0.0,0.0
2023-01-30 11:30:00-05:00,8.505000114440918,8.520000457763672,8.479999542236328,8.509900093078613,35488,0.0,0.0,0.0
2023-01-30 12:30:00-05:00,8.505000114440918,8.520000457763672,8.470000267028809,8.5,28811,0.0,0.0,0.0
2023-01-30 13:30:00-05:00,8.494999885559082,8.494999885559082,8.460000038146973,8.46500015258789,24420,0.0,0.0,0.0
2023-01-30 14:30:00-05:00,8.454999923706055,8.479999542236328,8.4399995803833,8.449999809265137,54078,0.0,0.0,0.0
2023-01-30 15:30:00-05:00,8.444999694824219,8.46500015258789,8.425000190734863,8.430000305175781,30835,0.0,0.0,0.0
2023-01-31 09:30:00-05:00,8.420000076293945,8.489999771118164,8.40999984741211,8.489999771118164,95375,0.0,0.0,0.0
2023-01-31 10:30:00-05:00,8.489999771118164,8.539999961853027,8.489999771118164,8.53499984741211,45883,0.0,0.0,0.0
2023-01-31 11:30:00-05:00,8.539999961853027,8.545000076293945,8.50790023803711,8.529999732971191,26750,0.0,0.0,0.0
2023-01-31 12:30:00-05:00,8.520000457763672,8.54990005493164,8.510000228881836,8.520000457763672,26267,0.0,0.0,0.0
2023-01-31 13:30:00-05:00,8.520099639892578,8.550000190734863,8.510100364685059,8.542499542236328,19485,0.0,0.0,0.0
2023-01-31 14:30:00-05:00,8.550000190734863,8.559900283813477,8.520000457763672,8.520000457763672,28109,0.0,0.0,0.0
2023-01-31 15:30:00-05:00,8.524999618530273,8.569999694824219,8.520099639892578,8.569999694824219,35057,0.0,0.0,0.0
2023-02-01 09:30:00-05:00,8.579999923706055,8.619999885559082,8.524999618530273,8.600000381469727,75598,0.0,0.0,0.0
2023-02-01 10:30:00-05:00,8.600000381469727,8.600700378417969,8.520000457763672,8.5649995803833,36688,0.0,0.0,0.0
2023-02-01 11:30:00-05:00,8.569999694824219,8.574999809265137,8.539999961853027,8.550000190734863,26448,0.0,0.0,0.0
2023-02-01 12:30:00-05:00,8.550000190734863,8.579999923706055,8.543000221252441,8.579999923706055,31842,0.0,0.0,0.0
2023-02-01 13:30:00-05:00,8.579999923706055,8.640000343322754,8.539999961853027,8.609700202941895,38855,0.0,0.0,0.0
2023-02-01 14:30:00-05:00,8.600000381469727,8.819999694824219,8.54990005493164,8.819999694824219,130213,0.0,0.0,0.0
2023-02-01 15:30:00-05:00,8.819999694824219,8.869999885559082,8.789999961853027,8.819999694824219,56489,0.0,0.0,0.0
2023-02-02 09:30:00-05:00,9.100000381469727,9.180000305175781,9.069999694824219,9.177499771118164,173065,0.0,0.0,0.0
2023-02-02 10:30:00-05:00,9.179900169372559,9.25,9.179900169372559,9.225000381469727,104671,0.0,0.0,0.0
2023-02-02 11:30:00-05:00,9.220600128173828,9.245499610900879,9.199999809265137,9.244999885559082,46981,0.0,0.0,0.0
2023-02-02 12:30:00-05:00,9.25,9.300000190734863,9.239999771118164,9.300000190734863,96993,0.0,0.0,0.0
2023-02-02 13:30:00-05:00,9.301899909973145,9.359000205993652,9.25,9.25,52474,0.0,0.0,0.0
2023-02-02 14:30:00-05:00,9.25,9.25,9.119999885559082,9.1899995803833,91633,0.0,0.0,0.0
2023-02-02 15:30:00-05:00,9.1899995803833,9.25,9.170000076293945,9.239999771118164,75924,0.0,0.0,0.0
2023-02-03 09:30:00-05:00,9.029999732971191,9.204999923706055,8.949999809265137,9.180000305175781,108443,0.0,0.0,0.0
2023-02-03 10:30:00-05:00,9.15060043334961,9.255000114440918,9.149999618530273,9.229999542236328,61399,0.0,0.0,0.0
2023-02-03 11:30:00-05:00,9.229999542236328,9.265000343322754,9.170000076293945,9.220000267028809,27029,0.0,0.0,0.0
2023-02-03 12:30:00-05:00,9.218600273132324,9.228300094604492,9.09000015258789,9.10219955444336,17585,0.0,0.0,0.0
2023-02-03 13:30:00-05:00,9.098699569702148,9.098699569702148,9.029999732971191,9.039999961853027,58854,0.0,0.0,0.0
2023-02-03 14:30:00-05:00,9.045000076293945,9.069999694824219,8.989999771118164,9.017200469970703,73457,0.0,0.0,0.0
2023-02-03 15:30:00-05:00,9.020000457763672,9.020000457763672,8.980400085449219,9.0,40607,0.0,0.0,0.0
2023-02-06 09:30:00-05:00,8.869999885559082,8.960000038146973,8.850000381469727,8.850000381469727,123789,0.0,0.0,0.0
2023-02-06 10:30:00-05:00,8.850000381469727,8.979999542236328,8.829999923706055,8.975000381469727,21789,0.0,0.0,0.0
2023-02-06 11:30:00-05:00,8.979999542236328,8.984999656677246,8.90310001373291,8.920000076293945,19928,0.0,0.0,0.0
2023-02-06 12:30:00-05:00,8.920000076293945,8.9399995803833,8.895000457763672,8.899999618530273,14986,0.0,0.0,0.0
2023-02-06 13:30:00-05:00,8.890000343322754,8.949999809265137,8.889200210571289,8.916399955749512,19855,0.0,0.0,0.0
2023-02-06 14:30:00-05:00,8.920000076293945,8.920000076293945,8.869999885559082,8.880000114440918,30568,0.0,0.0,0.0
2023-02-06 15:30:00-05:00,8.880000114440918,8.920000076293945,8.869999885559082,8.90999984741211,51266,0.0,0.0,0.0
2023-02-07 09:30:00-05:00,8.9399995803833,8.979999542236328,8.899999618530273,8.899999618530273,55993,0.0,0.0,0.0
2023-02-07 10:30:00-05:00,8.914999961853027,8.979999542236328,8.90999984741211,8.970000267028809,63726,0.0,0.0,0.0
2023-02-07 11:30:00-05:00,8.960000038146973,8.991499900817871,8.949999809265137,8.954999923706055,42290,0.0,0.0,0.0
2023-02-07 12:30:00-05:00,8.960000038146973,9.149999618530273,8.949999809265137,8.949999809265137,111829,0.0,0.0,0.0
2023-02-07 13:30:00-05:00,8.949999809265137,9.029999732971191,8.89009952545166,9.020000457763672,73897,0.0,0.0,0.0
2023-02-07 14:30:00-05:00,9.020000457763672,9.100000381469727,9.020000457763672,9.100000381469727,51695,0.0,0.0,0.0
2023-02-07 15:30:00-05:00,9.104999542236328,9.154999732971191,9.100000381469727,9.130000114440918,59508,0.0,0.0,0.0
2023-02-08 09:30:00-05:00,9.069999694824219,9.140000343322754,9.050000190734863,9.050000190734863,31894,0.0,0.0,0.0
2023-02-08 10:30:00-05:00,9.050000190734863,9.050000190734863,8.9399995803833,8.954999923706055,50139,0.0,0.0,0.0
2023-02-08 11:30:00-05:00,8.949999809265137,9.010000228881836,8.944999694824219,8.994999885559082,38631,0.0,0.0,0.0
2023-02-08 12:30:00-05:00,8.994999885559082,9.020000457763672,8.96500015258789,8.979999542236328,37144,0.0,0.0,0.0
2023-02-08 13:30:00-05:00,8.975000381469727,8.994999885559082,8.954999923706055,8.96500015258789,29848,0.0,0.0,0.0
2023-02-08 14:30:00-05:00,8.970000267028809,8.975000381469727,8.925000190734863,8.9350004196167,37357,0.0,0.0,0.0
2023-02-08 15:30:00-05:00,8.9350004196167,8.949999809265137,8.920000076293945,8.920000076293945,26374,0.0,0.0,0.0
2023-02-09 09:30:00-05:00,9.079999923706055,9.140000343322754,9.054900169372559,9.054900169372559,47815,0.0,0.0,0.0
2023-02-09 10:30:00-05:00,9.029999732971191,9.069999694824219,9.0,9.010000228881836,28736,0.0,0.0,0.0
2023-02-09 11:30:00-05:00,9.005999565124512,9.020000457763672,8.989999771118164,9.010000228881836,15728,0.0,0.0,0.0
2023-02-09 12:30:00-05:00,9.0,9.0,8.9350004196167,8.960000038146973,21699,0.0,0.0,0.0
2023-02-09 13:30:00-05:00,8.960000038146973,8.979999542236328,8.890000343322754,8.895000457763672,14011,0.0,0.0,0.0
2023-02-09 14:30:00-05:00,8.890000343322754,8.895000457763672,8.835000038146973,8.835000038146973,38172,0.0,0.0,0.0
2023-02-09 15:30:00-05:00,8.84000015258789,8.875,8.8100004196167,8.850000381469727,34665,0.0,0.0,0.0
2023-02-10 09:30:00-05:00,8.75,8.779999732971191,8.645000457763672,8.725000381469727,58448,0.0,0.0,0.0
2023-02-10 10:30:00-05:00,8.75,8.760000228881836,8.668600082397461,8.680000305175781,24334,0.0,0.0,0.0
2023-02-10 11:30:00-05:00,8.680000305175781,8.680000305175781,8.59000015258789,8.600199699401855,25545,0.0,0.0,0.0
2023-02-10 12:30:00-05:00,8.604999542236328,8.6899995803833,8.604999542236328,8.664999961853027,23855,0.0,0.0,0.0
2023-02-10 13:30:00-05:00,8.65999984741211,8.65999984741211,8.604999542236328,8.604999542236328,30348,0.0,0.0,0.0
2023-02-10 14:30:00-05:00,8.609999656677246,8.640000343322754,8.604999542236328,8.614999771118164,16928,0.0,0.0,0.0
2023-02-10 15:30:00-05:00,8.619999885559082,8.669899940490723,8.619999885559082,8.649999618530273,27233,0.0,0.0,0.0
2023-02-13 09:30:00-05:00,8.729999542236328,8.75,8.640000343322754,8.729999542236328,164701,0.0,0.0,0.0
2023-02-13 10:30:00-05:00,8.729999542236328,8.795000076293945,8.729999542236328,8.795000076293945,7633,0.0,0.0,0.0
2023-02-13 11:30:00-05:00,8.770000457763672,8.8149995803833,8.76990032196045,8.8100004196167,15627,0.0,0.0,0.0
2023-02-13 12:30:00-05:00,8.807999610900879,8.819999694824219,8.779999732971191,8.789999961853027,7177,0.0,0.0,0.0
2023-02-13 13:30:00-05:00,8.829999923706055,8.835000038146973,8.800100326538086,8.800100326538086,4472,0.0,0.0,0.0
2023-02-13 14:30:00-05:00,8.789999961853027,8.789999961853027,8.760000228881836,8.78499984741211,6861,0.0,0.0,0.0
2023-02-13 15:30:00-05:00,8.789999961853027,8.79990005493164,8.765000343322754,8.779999732971191,14224,0.0,0.0,0.0
2023-02-14 09:30:00-05:00,8.720000267028809,8.930000305175781,8.630000114440918,8.869999885559082,135067,0.0,0.0,0.0
2023-02-14 10:30:00-05:00,8.860099792480469,8.869999885559082,8.729999542236328,8.770000457763672,17140,0.0,0.0,0.0
2023-02-14 11:30:00-05:00,8.760000228881836,8.800000190734863,8.729999542236328,8.789999961853027,39721,0.0,0.0,0.0
2023-02-14 12:30:00-05:00,8.795000076293945,8.869999885559082,8.779999732971191,8.850000381469727,16162,0.0,0.0,0.0
2023-02-14 13:30:00-05:00,8.850000381469727,8.854999542236328,8.8100004196167,8.840100288391113,18329,0.0,0.0,0.0
2023-02-14 14:30:00-05:00,8.850000381469727,8.904999732971191,8.850000381469727,8.895000457763672,23206,0.0,0.0,0.0
2023-02-14 15:30:00-05:00,8.885000228881836,8.920000076293945,8.885000228881836,8.890000343322754,46382,0.0,0.0,0.0
2023-02-15 09:30:00-05:00,8.930000305175781,9.029999732971191,8.90999984741211,9.0,104993,0.0,0.0,0.0
2023-02-15 10:30:00-05:00,8.989999771118164,9.039999961853027,8.970000267028809,9.039999961853027,10693,0.0,0.0,0.0
2023-02-15 11:30:00-05:00,9.029999732971191,9.069999694824219,9.010000228881836,9.020000457763672,15113,0.0,0.0,0.0
2023-02-15 12:30:00-05:00,9.010000228881836,9.050000190734863,9.010000228881836,9.043399810791016,23204,0.0,0.0,0.0
2023-02-15 13:30:00-05:00,9.050000190734863,9.09000015258789,9.041199684143066,9.085200309753418,10376,0.0,0.0,0.0
2023-02-15 14:30:00-05:00,9.09000015258789,9.095000267028809,9.0600004196167,9.07390022277832,14914,0.0,0.0,0.0
2023-02-15 15:30:00-05:00,9.079999923706055,9.130000114440918,9.071499824523926,9.130000114440918,15501,0.0,0.0,0.0
2023-02-16 09:30:00-05:00,8.979999542236328,9.029999732971191,8.914999961853027,9.01990032196045,118452,0.0,0.0,0.0
2023-02-16 10:30:00-05:00,9.020000457763672,9.067500114440918,9.020000457763672,9.02750015258789,30536,0.0,0.0,0.0
2023-02-16 11:30:00-05:00,9.039999961853027,9.079999923706055,9.020000457763672,9.050000190734863,19056,0.0,0.0,0.0
2023-02-16 12:30:00-05:00,9.0600004196167,9.079999923706055,9.010100364685059,9.015000343322754,31463,0.0,0.0,0.0
2023-02-16 13:30:00-05:00,9.020000457763672,9.067500114440918,9.017499923706055,9.039999961853027,25757,0.0,0.0,0.0
2023-02-16 14:30:00-05:00,9.045000076293945,9.057499885559082,8.9399995803833,8.9399995803833,36081,0.0,0.0,0.0
2023-02-16 15:30:00-05:00,8.920000076293945,8.949999809265137,8.904999732971191,8.904999732971191,44868,0.0,0.0,0.0
2023-02-17 09:30:00-05:00,8.8100004196167,8.814000129699707,8.694999694824219,8.729999542236328,68500,0.0,0.0,0.0
2023-02-17 10:30:00-05:00,8.729999542236328,8.755000114440918,8.6850004196167,8.6899995803833,18133,0.0,0.0,0.0
2023-02-17 11:30:00-05:00,8.680000305175781,8.739999771118164,8.670000076293945,8.710000038146973,24072,0.0,0.0,0.0
2023-02-17 12:30:00-05:00,8.710000038146973,8.719599723815918,8.670000076293945,8.680000305175781,24826,0.0,0.0,0.0
2023-02-17 13:30:00-05:00,8.665800094604492,8.725000381469727,8.665800094604492,8.710000038146973,19412,0.0,0.0,0.0
2023-02-17 14:30:00-05:00,8.720000267028809,8.75,8.710000038146973,8.720000267028809,11220,0.0,0.0,0.0
2023-02-17 15:30:00-05:00,8.720000267028809,8.75,8.720000267028809,8.75,9546,0.0,0.0,0.0
2023-02-21 09:30:00-05:00,8.579999923706055,8.670000076293945,8.529999732971191,8.529999732971191,65656,0.0,0.0,0.0
2023-02-21 10:30:00-05:00,8.550000190734863,8.570099830627441,8.510000228881836,8.520000457763672,33946,0.0,0.0,0.0
2023-02-21 11:30:00-05:00,8.510000228881836,8.520000457763672,8.479999542236328,8.480899810791016,26630,0.0,0.0,0.0
2023-02-21 12:30:00-05:00,8.480999946594238,8.520000457763672,8.479999542236328,8.494000434875488,23646,0.0,0.0,0.0
2023-02-21 13:30:00-05:00,8.495400428771973,8.495800018310547,8.470000267028809,8.479999542236328,14886,0.0,0.0,0.0
2023-02-21 14:30:00-05:00,8.489999771118164,8.5,8.470000267028809,8.470000267028809,48226,0.0,0.0,0.0
2023-02-21 15:30:00-05:00,8.475000381469727,8.484999656677246,8.449999809265137,8.460000038146973,23153,0.0,0.0,0.0
2023-02-22 09:30:00-05:00,8.479999542236328,8.539999961853027,8.390000343322754,8.40999984741211,40369,0.0,0.0,0.0
2023-02-22 10:30:00-05:00,8.380000114440918,8.449999809265137,8.380000114440918,8.4399995803833,24448,0.0,0.0,0.0
2023-02-22 11:30:00-05:00,8.4399995803833,8.449999809265137,8.420000076293945,8.449700355529785,10104,0.0,0.0,0.0
2023-02-22 12:30:00-05:00,8.449999809265137,8.470000267028809,8.449999809265137,8.470000267028809,6362,0.0,0.0,0.0
2023-02-22 13:30:00-05:00,8.469200134277344,8.5,8.4399995803833,8.449999809265137,18965,0.0,0.0,0.0
2023-02-22 14:30:00-05:00,8.441100120544434,8.460000038146973,8.40999984741211,8.4399995803833,31595,0.0,0.0,0.0
2023-02-22 15:30:00-05:00,8.430000305175781,8.449999809265137,8.420000076293945,8.449999809265137,20593,0.0,0.0,0.0
2023-02-23 09:30:00-05:00,8.609999656677246,8.640000343322754,8.5,8.515000343322754,61403,0.0,0.0,0.0
2023-02-23 10:30:00-05:00,8.526900291442871,8.529999732971191,8.4399995803833,8.449999809265137,32191,0.0,0.0,0.0
2023-02-23 11:30:00-05:00,8.449999809265137,8.460000038146973,8.430000305175781,8.449999809265137,23024,0.0,0.0,0.0
2023-02-23 12:30:00-05:00,8.4399995803833,8.470000267028809,8.4399995803833,8.46500015258789,10877,0.0,0.0,0.0
2023-02-23 13:30:00-05:00,8.46500015258789,8.540200233459473,8.460000038146973,8.540200233459473,18859,0.0,0.0,0.0
2023-02-23 14:30:00-05:00,8.539999961853027,8.579000473022461,8.529999732971191,8.576199531555176,20589,0.0,0.0,0.0
2023-02-23 15:30:00-05:00,8.569999694824219,8.579999923706055,8.539999961853027,8.550000190734863,23036,0.0,0.0,0.0
2023-02-24 09:30:00-05:00,8.34000015258789,8.369999885559082,8.270000457763672,8.280099868774414,40659,0.0,0.0,0.0
2023-02-24 10:30:00-05:00,8.279999732971191,8.3100004196167,8.260000228881836,8.3100004196167,15810,0.0,0.0,0.0
2023-02-24 11:30:00-05:00,8.300000190734863,8.339900016784668,8.289999961853027,8.29990005493164,26603,0.0,0.0,0.0
2023-02-24 12:30:00-05:00,8.300000190734863,8.300000190734863,8.270000457763672,8.289999961853027,32627,0.0,0.0,0.0
2023-02-24 13:30:00-05:00,8.289999961853027,8.3100004196167,8.279999732971191,8.289999961853027,69938,0.0,0.0,0.0
2023-02-24 14:30:00-05:00,8.279999732971191,8.324999809265137,8.279999732971191,8.300000190734863,37129,0.0,0.0,0.0
2023-02-24 15:30:00-05:00,8.289999961853027,8.319999694824219,8.274999618530273,8.319999694824219,29111,0.0,0.0,0.0
2023-02-27 09:30:00-05:00,8.460000038146973,8.460000038146973,8.399999618530273,8.4399995803833,292257,0.0,0.0,0.0
2023-02-27 10:30:00-05:00,8.430000305175781,8.430000305175781,8.375,8.38379955291748,21548,0.0,0.0,0.0
2023-02-27 11:30:00-05:00,8.390000343322754,8.39330005645752,8.35420036315918,8.369999885559082,4985,0.0,0.0,0.0
2023-02-27 12:30:00-05:00,8.385000228881836,8.399999618530273,8.383000373840332,8.385000228881836,4476,0.0,0.0,0.0
2023-02-27 13:30:00-05:00,8.386699676513672,8.40999984741211,8.38010025024414,8.390000343322754,5294,0.0,0.0,0.0
2023-02-27 14:30:00-05:00,8.38010025024414,8.390000343322754,8.357500076293945,8.359999656677246,8012,0.0,0.0,0.0
2023-02-27 15:30:00-05:00,8.359999656677246,8.369999885559082,8.345000267028809,8.366999626159668,7217,0.0,0.0,0.0
2023-02-28 09:30:00-05:00,8.350000381469727,8.429100036621094,8.3100004196167,8.390000343322754,125767,0.0,0.0,0.0
2023-02-28 10:30:00-05:00,8.390000343322754,8.420000076293945,8.369999885559082,8.420000076293945,41297,0.0,0.0,0.0
2023-02-28 11:30:00-05:00,8.420000076293945,8.430000305175781,8.395000457763672,8.420100212097168,10878,0.0,0.0,0.0
2023-02-28 12:30:00-05:00,8.425000190734863,8.449999809265137,8.40999984741211,8.449999809265137,11482,0.0,0.0,0.0
2023-02-28 13:30:00-05:00,8.43690013885498,8.46500015258789,8.43690013885498,8.46500015258789,5475,0.0,0.0,0.0
2023-02-28 14:30:00-05:00,8.4399995803833,8.449999809265137,8.40999984741211,8.40999984741211,6795,0.0,0.0,0.0
2023-02-28 15:30:00-05:00,8.395000457763672,8.399999618530273,8.380000114440918,8.380000114440918,7367,0.0,0.0,0.0
2023-03-01 09:30:00-05:00,8.460000038146973,8.479999542236328,8.37969970703125,8.380000114440918,44173,0.0,0.0,0.0
2023-03-01 10:30:00-05:00,8.380000114440918,8.430000305175781,8.359999656677246,8.380000114440918,14359,0.0,0.0,0.0
2023-03-01 11:30:00-05:00,8.369999885559082,8.425000190734863,8.369999885559082,8.420000076293945,13964,0.0,0.0,0.0
2023-03-01 12:30:00-05:00,8.414999961853027,8.427399635314941,8.380000114440918,8.380000114440918,5478,0.0,0.0,0.0
2023-03-01 13:30:00-05:00,8.369999885559082,8.38129997253418,8.36709976196289,8.369999885559082,6402,0.0,0.0,0.0
2023-03-01 14:30:00-05:00,8.359999656677246,8.369999885559082,8.350000381469727,8.359999656677246,12319,0.0,0.0,0.0
2023-03-01 15:30:00-05:00,8.369999885559082,8.390000343322754,8.369999885559082,8.369999885559082,23186,0.0,0.0,0.0
2023-03-02 09:30:00-05:00,8.3100004196167,8.369999885559082,8.300000190734863,8.34000015258789,61987,0.0,0.0,0.0
2023-03-02 10:30:00-05:00,8.335000038146973,8.350099563598633,8.3149995803833,8.329999923706055,18841,0.0,0.0,0.0
2023-03-02 11:30:00-05:00,8.34000015258789,8.359999656677246,8.34000015258789,8.359999656677246,6181,0.0,0.0,0.0
2023-03-02 12:30:00-05:00,8.369999885559082,8.374699592590332,8.360099792480469,8.369999885559082,8523,0.0,0.0,0.0
2023-03-02 13:30:00-05:00,8.369999885559082,8.460000038146973,8.364999771118164,8.4399995803833,10781,0.0,0.0,0.0
2023-03-02 14:30:00-05:00,8.478500366210938,8.479999542236328,8.460000038146973,8.479999542236328,14764,0.0,0.0,0.0
2023-03-02 15:30:00-05:00,8.484999656677246,8.515000343322754,8.484999656677246,8.5,25368,0.0,0.0,0.0
2023-03-03 09:30:00-05:00,8.529999732971191,8.630000114440918,8.529999732971191,8.630000114440918,32413,0.0,0.0,0.0
2023-03-03 10:30:00-05:00,8.620100021362305,8.630000114440918,8.600000381469727,8.619999885559082,10197,0.0,0.0,0.0
2023-03-03 11:30:00-05:00,8.625,8.660799980163574,8.619999885559082,8.658499717712402,6995,0.0,0.0,0.0
2023-03-03 12:30:00-05:00,8.654999732971191,8.699999809265137,8.654999732971191,8.680000305175781,11321,0.0,0.0,0.0
2023-03-03 13:30:00-05:00,8.689900398254395,8.71500015258789,8.680000305175781,8.71500015258789,11461,0.0,0.0,0.0
2023-03-03 14:30:00-05:00,8.719900131225586,8.729999542236328,8.699999809265137,8.711000442504883,23095,0.0,0.0,0.0
2023-03-03 15:30:00-05:00,8.720000267028809,8.729999542236328,8.699999809265137,8.729999542236328,16339,0.0,0.0,0.0
2023-03-06 09:30:00-05:00,8.760000228881836,8.845000267028809,8.739999771118164,8.845000267028809,97339,0.0,0.0,0.0
2023-03-06 10:30:00-05:00,8.84000015258789,8.875,8.84000015258789,8.84000015258789,18723,0.0,0.0,0.0
2023-03-06 11:30:00-05:00,8.829999923706055,8.845000267028809,8.824799537658691,8.829999923706055,10730,0.0,0.0,0.0
2023-03-06 12:30:00-05:00,8.821000099182129,8.824199676513672,8.770000457763672,8.779999732971191,21728,0.0,0.0,0.0
2023-03-06 13:30:00-05:00,8.779999732971191,8.779999732971191,8.729999542236328,8.734999656677246,13295,0.0,0.0,0.0
2023-03-06 14:30:00-05:00,8.739999771118164,8.75,8.704999923706055,8.704999923706055,20226,0.0,0.0,0.0
2023-03-06 15:30:00-05:00,8.699999809265137,8.710000038146973,8.6850004196167,8.699999809265137,15195,0.0,0.0,0.0
2023-03-07 09:30:00-05:00,8.699999809265137,8.779600143432617,8.630000114440918,8.695300102233887,33569,0.0,0.0,0.0
2023-03-07 10:30:00-05:00,8.729999542236328,8.729999542236328,8.65999984741211,8.65999984741211,7987,0.0,0.0,0.0
2023-03-07 11:30:00-05:00,8.670000076293945,8.759900093078613,8.670000076293945,8.739999771118164,34526,0.0,0.0,0.0
2023-03-07 12:30:00-05:00,8.739999771118164,8.75,8.6899995803833,8.699999809265137,23865,0.0,0.0,0.0
2023-03-07 13:30:00-05:00,8.704999923706055,8.704999923706055,8.640000343322754,8.640000343322754,52110,0.0,0.0,0.0
2023-03-07 14:30:00-05:00,8.640000343322754,8.640800476074219,8.614999771118164,8.618200302124023,44048,0.0,0.0,0.0
2023-03-07 15:30:00-05:00,8.619999885559082,8.649999618530273,8.619999885559082,8.640000343322754,14080,0.0,0.0,0.0
2023-03-08 09:30:00-05:00,8.600000381469727,8.65999984741211,8.59000015258789,8.65999984741211,68334,0.0,0.0,0.0
2023-03-08 10:30:00-05:00,8.645000457763672,8.680999755859375,8.645000457763672,8.680000305175781,13954,0.0,0.0,0.0
2023-03-08 11:30:00-05:00,8.655599594116211,8.700400352478027,8.635000228881836,8.672200202941895,25802,0.0,0.0,0.0
2023-03-08 12:30:00-05:00,8.65999984741211,8.670000076293945,8.640000343322754,8.640000343322754,6897,0.0,0.0,0.0
2023-03-08 13:30:00-05:00,8.640000343322754,8.664999961853027,8.630000114440918,8.664999961853027,7333,0.0,0.0,0.0
2023-03-08 14:30:00-05:00,8.654999732971191,8.670000076293945,8.630000114440918,8.640000343322754,21466,0.0,0.0,0.0
2023-03-08 15:30:00-05:00,8.640000343322754,8.699999809265137,8.640000343322754,8.6850004196167,31880,0.0,0.0,0.0
2023-03-09 09:30:00-05:00,8.680000305175781,8.750699996948242,8.65999984741211,8.699999809265137,112541,0.0,0.0,0.0
2023-03-09 10:30:00-05:00,8.710000038146973,8.720000267028809,8.670000076293945,8.6850004196167,11048,0.0,0.0,0.0
2023-03-09 11:30:00-05:00,8.664999961853027,8.670000076293945,8.6225004196167,8.649999618530273,13830,0.0,0.0,0.0
2023-03-09 12:30:00-05:00,8.642000198364258,8.645000457763672,8.550000190734863,8.550399780273438,39278,0.0,0.0,0.0
2023-03-09 13:30:00-05:00,8.535200119018555,8.535200119018555,8.479999542236328,8.510000228881836,26952,0.0,0.0,0.0
2023-03-09 14:30:00-05:00,8.510000228881836,8.520000457763672,8.420000076293945,8.4399995803833,37288,0.0,0.0,0.0
2023-03-09 15:30:00-05:00,8.430000305175781,8.470000267028809,8.430000305175781,8.444999694824219,37479,0.0,0.0,0.0
2023-03-10 09:30:00-05:00,8.4399995803833,8.479999542236328,8.28499984741211,8.369999885559082,42468,0.0,0.0,0.0
2023-03-10 10:30:00-05:00,8.380000114440918,8.460000038146973,8.34000015258789,8.460000038146973,23150,0.0,0.0,0.0
2023-03-10 11:30:00-05:00,8.470000267028809,8.479999542236328,8.368200302124023,8.369999885559082,7742,0.0,0.0,0.0
2023-03-10 12:30:00-05:00,8.389800071716309,8.399999618530273,8.300000190734863,8.300000190734863,7228,0.0,0.0,0.0
2023-03-10 13:30:00-05:00,8.289999961853027,8.3100004196167,8.260000228881836,8.276599884033203,20661,0.0,0.0,0.0
2023-03-10 14:30:00-05:00,8.284000396728516,8.350000381469727,8.284000396728516,8.319999694824219,18696,0.0,0.0,0.0
2023-03-10 15:30:00-05:00,8.319999694824219,8.319999694824219,8.279999732971191,8.3100004196167,18960,0.0,0.0,0.0
2023-03-13 09:30:00-04:00,8.260000228881836,8.380000114440918,8.170000076293945,8.333600044250488,207346,0.0,0.0,0.0
2023-03-13 10:30:00-04:00,8.329999923706055,8.470000267028809,8.3100004196167,8.470000267028809,86451,0.0,0.0,0.0
2023-03-13 11:30:00-04:00,8.475000381469727,8.479999542236328,8.40999984741211,8.420000076293945,84461,0.0,0.0,0.0
2023-03-13 12:30:00-04:00,8.430000305175781,8.449999809265137,8.362000465393066,8.399999618530273,43008,0.0,0.0,0.0
2023-03-13 13:30:00-04:00,8.399999618530273,8.479999542236328,8.380000114440918,8.479999542236328,18135,0.0,0.0,0.0
2023-03-13 14:30:00-04:00,8.479999542236328,8.494999885559082,8.40999984741211,8.40999984741211,38706,0.0,0.0,0.0
2023-03-13 15:30:00-04:00,8.420000076293945,8.454999923706055,8.390000343322754,8.399999618530273,22813,0.0,0.0,0.0
2023-03-14 09:30:00-04:00,8.510000228881836,8.619999885559082,8.510000228881836,8.609999656677246,64928,0.0,0.0,0.0
2023-03-14 10:30:00-04:00,8.619999885559082,8.640000343322754,8.579999923706055,8.640000343322754,47209,0.0,0.0,0.0
2023-03-14 11:30:00-04:00,8.635000228881836,8.649999618530273,8.609999656677246,8.609999656677246,51823,0.0,0.0,0.0
2023-03-14 12:30:00-04:00,8.619999885559082,8.640000343322754,8.550000190734863,8.59000015258789,34811,0.0,0.0,0.0
2023-03-14 13:30:00-04:00,8.579999923706055,8.600000381469727,8.524999618530273,8.569999694824219,17610,0.0,0.0,0.0
2023-03-14 14:30:00-04:00,8.579999923706055,8.585000038146973,8.516799926757812,8.53499984741211,27386,0.0,0.0,0.0
2023-03-14 15:30:00-04:00,8.53849983215332,8.625,8.529999732971191,8.619999885559082,42741,0.0,0.0,0.0
2023-03-15 09:30:00-04:00,8.479999542236328,8.520000457763672,8.430000305175781,8.460000038146973,85267,0.0,0.0,0.0
2023-03-15 10:30:00-04:00,8.449999809265137,8.489999771118164,8.390000343322754,8.479999542236328,103098,0.0,0.0,0.0
2023-03-15 11:30:00-04:00,8.489999771118164,8.53030014038086,8.460000038146973,8.470000267028809,54989,0.0,0.0,0.0
2023-03-15 12:30:00-04:00,8.479999542236328,8.510000228881836,8.430000305175781,8.510000228881836,43111,0.0,0.0,0.0
2023-03-15 13:30:00-04:00,8.5,8.569999694824219,8.460000038146973,8.550000190734863,54406,0.0,0.0,0.0
2023-03-15 14:30:00-04:00,8.569999694824219,8.600000381469727,8.539999961853027,8.600000381469727,43723,0.0,0.0,0.0
2023-03-15 15:30:00-04:00,8.600000381469727,8.600000381469727,8.539999961853027,8.59000015258789,34508,0.0,0.0,0.0
2023-03-16 09:30:00-04:00,8.600000381469727,8.670000076293945,8.569999694824219,8.630000114440918,46123,0.0,0.0,0.0
2023-03-16 10:30:00-04:00,8.625,8.77400016784668,8.625,8.771200180053711,102498,0.0,0.0,0.0
2023-03-16 11:30:00-04:00,8.779999732971191,8.829999923706055,8.779999732971191,8.800000190734863,23990,0.0,0.0,0.0
2023-03-16 12:30:00-04:00,8.801400184631348,8.862199783325195,8.800999641418457,8.860099792480469,88067,0.0,0.0,0.0
2023-03-16 13:30:00-04:00,8.859999656677246,8.86989974975586,8.829999923706055,8.84000015258789,24370,0.0,0.0,0.0
2023-03-16 14:30:00-04:00,8.84000015258789,8.90999984741211,8.829999923706055,8.90999984741211,66731,0.0,0.0,0.0
2023-03-16 15:30:00-04:00,8.899499893188477,8.920000076293945,8.886099815368652,8.914999961853027,19903,0.0,0.0,0.0
2023-03-17 09:30:00-04:00,8.949999809265137,8.989999771118164,8.886500358581543,8.899999618530273,47290,0.0,0.0,0.0
2023-03-17 10:30:00-04:00,8.899999618530273,8.90999984741211,8.819999694824219,8.829999923706055,12109,0.0,0.0,0.0
2023-03-17 11:30:00-04:00,8.835000038146973,8.869999885559082,8.8100004196167,8.854999542236328,22292,0.0,0.0,0.0
2023-03-17 12:30:00-04:00,8.890000343322754,8.913399696350098,8.859999656677246,8.899999618530273,30469,0.0,0.0,0.0
2023-03-17 13:30:00-04:00,8.90999984741211,8.925000190734863,8.859999656677246,8.859999656677246,23517,0.0,0.0,0.0
2023-03-17 14:30:00-04:00,8.859999656677246,8.899999618530273,8.84000015258789,8.899999618530273,39327,0.0,0.0,0.0
2023-03-17 15:30:00-04:00,8.899999618530273,8.899999618530273,8.850000381469727,8.859999656677246,33130,0.0,0.0,0.0
2023-03-20 09:30:00-04:00,8.899999618530273,8.899999618530273,8.798800468444824,8.864999771118164,82253,0.0,0.0,0.0
2023-03-20 10:30:00-04:00,8.869999885559082,8.90999984741211,8.850000381469727,8.90999984741211,24690,0.0,0.0,0.0
2023-03-20 11:30:00-04:00,8.90999984741211,8.90999984741211,8.79010009765625,8.8100004196167,20987,0.0,0.0,0.0
2023-03-20 12:30:00-04:00,8.819999694824219,8.875,8.8149995803833,8.850000381469727,41864,0.0,0.0,0.0
2023-03-20 13:30:00-04:00,8.854999542236328,8.880000114440918,8.850000381469727,8.880000114440918,12680,0.0,0.0,0.0
2023-03-20 14:30:00-04:00,8.869999885559082,8.890000343322754,8.854999542236328,8.869999885559082,22726,0.0,0.0,0.0
2023-03-20 15:30:00-04:00,8.869999885559082,8.90999984741211,8.869999885559082,8.890000343322754,36136,0.0,0.0,0.0
2023-03-21 09:30:00-04:00,8.989999771118164,9.050000190734863,8.949999809265137,8.960000038146973,78784,0.0,0.0,0.0
2023-03-21 10:30:00-04:00,8.96500015258789,9.0,8.9399995803833,8.994999885559082,20648,0.0,0.0,0.0
2023-03-21 11:30:00-04:00,8.994999885559082,9.020000457763672,8.960000038146973,9.010000228881836,16673,0.0,0.0,0.0
2023-03-21 12:30:00-04:00,9.024999618530273,9.039999961853027,9.010000228881836,9.039999961853027,18732,0.0,0.0,0.0
2023-03-21 13:30:00-04:00,9.050000190734863,9.0649995803833,9.029999732971191,9.041299819946289,19858,0.0,0.0,0.0
2023-03-21 14:30:00-04:00,9.04010009765625,9.09000015258789,9.04010009765625,9.074000358581543,27570,0.0,0.0,0.0
2023-03-21 15:30:00-04:00,9.079999923706055,9.100000381469727,9.069999694824219,9.079999923706055,17474,0.0,0.0,0.0
2023-03-22 09:30:00-04:00,9.069999694824219,9.109999656677246,9.0600004196167,9.109999656677246,142432,0.0,0.0,0.0
2023-03-22 10:30:00-04:00,9.11050033569336,9.115300178527832,9.064499855041504,9.095000267028809,31429,0.0,0.0,0.0
2023-03-22 11:30:00-04:00,9.095199584960938,9.109999656677246,9.0600004196167,9.070799827575684,21331,0.0,0.0,0.0
2023-03-22 12:30:00-04:00,9.069999694824219,9.079099655151367,9.050000190734863,9.074999809265137,20062,0.0,0.0,0.0
2023-03-22 13:30:00-04:00,9.079999923706055,9.170000076293945,9.069999694824219,9.149999618530273,40953,0.0,0.0,0.0
2023-03-22 14:30:00-04:00,9.15999984741211,9.220000267028809,9.029999732971191,9.119999885559082,65005,0.0,0.0,0.0
2023-03-22 15:30:00-04:00,9.119999885559082,9.119999885559082,8.90999984741211,8.90999984741211,66910,0.0,0.0,0.0
2023-03-23 09:30:00-04:00,9.069999694824219,9.170000076293945,9.062000274658203,9.150099754333496,52957,0.0,0.0,0.0
2023-03-23 10:30:00-04:00,9.15999984741211,9.220000267028809,9.149999618530273,9.190999984741211,24378,0.0,0.0,0.0
2023-03-23 11:30:00-04:00,9.1850004196167,9.199999809265137,9.149999618530273,9.159899711608887,14364,0.0,0.0,0.0
2023-03-23 12:30:00-04:00,9.15999984741211,9.15999984741211,9.09000015258789,9.100099563598633,53257,0.0,0.0,0.0
2023-03-23 13:30:00-04:00,9.109999656677246,9.130000114440918,9.020000457763672,9.020000457763672,26872,0.0,0.0,0.0
2023-03-23 14:30:00-04:00,9.024999618530273,9.069999694824219,8.960000038146973,9.020000457763672,60526,0.0,0.0,0.0
2023-03-23 15:30:00-04:00,9.020000457763672,9.109999656677246,9.015000343322754,9.079999923706055,0,0.0,0.0,0.0
2023-03-24 09:30:00-04:00,9.069999694824219,9.119999885559082,9.029999732971191,9.100000381469727,54907,0.0,0.0,0.0
2023-03-24 10:30:00-04:00,9.109999656677246,9.119999885559082,9.0,9.010000228881836,31987,0.0,0.0,0.0
2023-03-24 11:30:00-04:00,9.017499923706055,9.079999923706055,9.0,9.020000457763672,49919,0.0,0.0,0.0
2023-03-24 12:30:00-04:00,9.020000457763672,9.050000190734863,9.010000228881836,9.029999732971191,49616,0.0,0.0,0.0
2023-03-24 13:30:00-04:00,9.039999961853027,9.057499885559082,9.020000457763672,9.045000076293945,26590,0.0,0.0,0.0
2023-03-24 14:30:00-04:00,9.050000190734863,9.100000381469727,9.050000190734863,9.09000015258789,20397,0.0,0.0,0.0
2023-03-24 15:30:00-04:00,9.095000267028809,9.100000381469727,9.0600004196167,9.09000015258789,18200,0.0,0.0,0.0
2023-03-27 09:30:00-04:00,9.119999885559082,9.119999885559082,9.050000190734863,9.050000190734863,40866,0.0,0.0,0.0
2023-03-27 10:30:00-04:00,9.039999961853027,9.0600004196167,8.989999771118164,9.0,49969,0.0,0.0,0.0
2023-03-27 11:30:00-04:00,9.005000114440918,9.010000228881836,8.949999809265137,8.989999771118164,27079,0.0,0.0,0.0
2023-03-27 12:30:00-04:00,8.984999656677246,8.984999656677246,8.954999923706055,8.979999542236328,23140,0.0,0.0,0.0
2023-03-27 13:30:00-04:00,8.984999656677246,9.015000343322754,8.975000381469727,9.015000343322754,17983,0.0,0.0,0.0
2023-03-27 14:30:00-04:00,9.015000343322754,9.045000076293945,9.015000343322754,9.024999618530273,20738,0.0,0.0,0.0
2023-03-27 15:30:00-04:00,9.020000457763672,9.024999618530273,8.970000267028809,8.979999542236328,37984,0.0,0.0,0.0
2023-03-28 09:30:00-04:00,8.970000267028809,9.008399963378906,8.914999961853027,8.930000305175781,86976,0.0,0.0,0.0
2023-03-28 10:30:00-04:00,8.9399995803833,8.960000038146973,8.90999984741211,8.949999809265137,48075,0.0,0.0,0.0
2023-03-28 11:30:00-04:00,8.949999809265137,8.96500015258789,8.90999984741211,8.914999961853027,33830,0.0,0.0,0.0
2023-03-28 12:30:00-04:00,8.90999984741211,8.930000305175781,8.90999984741211,8.925000190734863,21051,0.0,0.0,0.0
2023-03-28 13:30:00-04:00,8.930000305175781,8.9350004196167,8.890000343322754,8.910099983215332,38419,0.0,0.0,0.0
2023-03-28 14:30:00-04:00,8.914999961853027,8.9552001953125,8.90999984741211,8.9399995803833,18226,0.0,0.0,0.0
2023-03-28 15:30:00-04:00,8.9399995803833,8.975000381469727,8.930000305175781,8.970000267028809,23832,0.0,0.0,0.0
2023-03-29 09:30:00-04:00,9.050000190734863,9.104999542236328,9.039999961853027,9.0600004196167,58626,0.0,0.0,0.0
2023-03-29 10:30:00-04:00,9.074999809265137,9.079999923706055,9.039999961853027,9.069999694824219,30737,0.0,0.0,0.0
2023-03-29 11:30:00-04:00,9.074999809265137,9.100000381469727,9.074999809265137,9.093600273132324,32331,0.0,0.0,0.0
2023-03-29 12:30:00-04:00,9.095000267028809,9.100000381469727,9.0600004196167,9.095000267028809,18553,0.0,0.0,0.0
2023-03-29 13:30:00-04:00,9.095000267028809,9.098199844360352,9.079999923706055,9.095000267028809,19919,0.0,0.0,0.0
2023-03-29 14:30:00-04:00,9.100000381469727,9.145000457763672,9.095000267028809,9.135000228881836,33412,0.0,0.0,0.0
2023-03-29 15:30:00-04:00,9.140000343322754,9.149999618530273,9.125,9.140000343322754,17073,0.0,0.0,0.0
2023-03-30 09:30:00-04:00,9.210000038146973,9.25,9.194999694824219,9.25,95710,0.0,0.0,0.0
2023-03-30 10:30:00-04:00,9.240099906921387,9.265000343322754,9.220000267028809,9.220000267028809,55577,0.0,0.0,0.0
2023-03-30 11:30:00-04:00,9.220000267028809,9.237500190734863,9.210000038146973,9.225700378417969,23281,0.0,0.0,0.0
2023-03-30 12:30:00-04:00,9.220000267028809,9.227499961853027,9.199999809265137,9.209799766540527,36840,0.0,0.0,0.0
2023-03-30 13:30:00-04:00,9.207500457763672,9.210000038146973,9.164999961853027,9.210000038146973,25121,0.0,0.0,0.0
2023-03-30 14:30:00-04:00,9.204999923706055,9.229999542236328,9.190099716186523,9.220000267028809,34440,0.0,0.0,0.0
2023-03-30 15:30:00-04:00,9.220000267028809,9.229999542236328,9.219900131225586,9.229999542236328,18336,0.0,0.0,0.0
2023-03-31 09:30:00-04:00,9.220000267028809,9.289999961853027,9.210000038146973,9.279999732971191,49799,0.0,0.0,0.0
2023-03-31 10:30:00-04:00,9.28499984741211,9.34000015258789,9.28499984741211,9.34000015258789,40476,0.0,0.0,0.0
2023-03-31 11:30:00-04:00,9.333999633789062,9.359999656677246,9.324999809265137,9.354999542236328,22483,0.0,0.0,0.0
2023-03-31 12:30:00-04:00,9.359999656677246,9.369999885559082,9.34000015258789,9.354999542236328,24544,0.0,0.0,0.0
2023-03-31 13:30:00-04:00,9.359999656677246,9.359999656677246,9.329999923706055,9.34000015258789,34968,0.0,0.0,0.0
2023-03-31 14:30:00-04:00,9.34000015258789,9.390000343322754,9.335000038146973,9.389900207519531,56882,0.0,0.0,0.0
2023-03-31 15:30:00-04:00,9.390000343322754,9.399999618530273,9.350000381469727,9.399999618530273,32034,0.0,0.0,0.0
2023-04-03 09:30:00-04:00,9.319999694824219,9.370499610900879,9.289999961853027,9.359999656677246,149037,0.0,0.0,0.0
2023-04-03 10:30:00-04:00,9.359999656677246,9.369999885559082,9.270000457763672,9.309900283813477,54891,0.0,0.0,0.0
2023-04-03 11:30:00-04:00,9.305000305175781,9.331000328063965,9.289999961853027,9.310700416564941,18258,0.0,0.0,0.0
2023-04-03 12:30:00-04:00,9.309200286865234,9.319999694824219,9.289999961853027,9.289999961853027,9837,0.0,0.0,0.0
2023-04-03 13:30:00-04:00,9.279999732971191,9.3149995803833,9.279999732971191,9.3149995803833,27385,0.0,0.0,0.0
2023-04-03 14:30:00-04:00,9.319999694824219,9.359800338745117,9.319100379943848,9.358200073242188,17996,0.0,0.0,0.0
2023-04-03 15:30:00-04:00,9.364999771118164,9.395000457763672,9.364999771118164,9.380000114440918,15822,0.0,0.0,0.0
2023-04-04 09:30:00-04:00,9.430000305175781,9.4399995803833,9.351300239562988,9.371500015258789,124495,0.0,0.0,0.0
2023-04-04 10:30:00-04:00,9.380399703979492,9.399999618530273,9.329999923706055,9.359999656677246,19405,0.0,0.0,0.0
2023-04-04 11:30:00-04:00,9.364999771118164,9.370100021362305,9.319999694824219,9.350000381469727,19916,0.0,0.0,0.0
2023-04-04 12:30:00-04:00,9.350000381469727,9.359999656677246,9.329999923706055,9.359999656677246,26075,0.0,0.0,0.0
2023-04-04 13:30:00-04:00,9.364999771118164,9.369999885559082,9.34000015258789,9.34000015258789,7369,0.0,0.0,0.0
2023-04-04 14:30:00-04:00,9.34000015258789,9.359999656677246,9.324999809265137,9.34000015258789,55492,0.0,0.0,0.0
2023-04-04 15:30:00-04:00,9.335000038146973,9.359999656677246,9.329999923706055,9.350000381469727,28496,0.0,0.0,0.0
2023-04-05 09:30:00-04:00,9.279999732971191,9.289999961853027,9.175000190734863,9.175000190734863,41448,0.0,0.0,0.0
2023-04-05 10:30:00-04:00,9.170000076293945,9.170000076293945,9.100000381469727,9.130000114440918,56914,0.0,0.0,0.0
2023-04-05 11:30:00-04:00,9.132599830627441,9.149999618530273,9.119999885559082,9.125,73780,0.0,0.0,0.0
2023-04-05 12:30:00-04:00,9.119999885559082,9.154999732971191,9.119999885559082,9.154999732971191,46489,0.0,0.0,0.0
2023-04-05 13:30:00-04:00,9.149999618530273,9.170000076293945,9.141300201416016,9.149999618530273,13881,0.0,0.0,0.0
2023-04-05 14:30:00-04:00,9.15999984741211,9.178000450134277,9.130000114440918,9.149999618530273,13945,0.0,0.0,0.0
2023-04-05 15:30:00-04:00,9.149999618530273,9.1899995803833,9.149999618530273,9.1899995803833,17595,0.0,0.0,0.0
2023-04-06 09:30:00-04:00,9.109999656677246,9.180000305175781,9.074999809265137,9.170000076293945,35505,0.0,0.0,0.0
2023-04-06 10:30:00-04:00,9.170000076293945,9.199999809265137,9.14009952545166,9.197500228881836,13213,0.0,0.0,0.0
2023-04-06 11:30:00-04:00,9.192099571228027,9.259400367736816,9.192099571228027,9.25,9233,0.0,0.0,0.0
2023-04-06 12:30:00-04:00,9.260000228881836,9.270000457763672,9.229999542236328,9.255000114440918,45049,0.0,0.0,0.0
2023-04-06 13:30:00-04:00,9.256999969482422,9.279999732971191,9.239999771118164,9.279999732971191,10172,0.0,0.0,0.0
2023-04-06 14:30:00-04:00,9.279399871826172,9.279399871826172,9.239999771118164,9.252099990844727,22959,0.0,0.0,0.0
2023-04-06 15:30:00-04:00,9.260000228881836,9.266400337219238,9.25,9.260000228881836,8375,0.0,0.0,0.0
2023-04-10 09:30:00-04:00,9.1899995803833,9.1899995803833,9.029999732971191,9.130000114440918,103341,0.0,0.0,0.0
2023-04-10 10:30:00-04:00,9.139100074768066,9.199600219726562,9.13129997253418,9.1850004196167,32690,0.0,0.0,0.0
2023-04-10 11:30:00-04:00,9.1899995803833,9.1899995803833,9.140000343322754,9.154999732971191,11330,0.0,0.0,0.0
2023-04-10 12:30:00-04:00,9.154999732971191,9.229900360107422,9.145000457763672,9.220100402832031,24341,0.0,0.0,0.0
2023-04-10 13:30:00-04:00,9.229999542236328,9.244999885559082,9.210000038146973,9.239999771118164,11546,0.0,0.0,0.0
2023-04-10 14:30:00-04:00,9.229999542236328,9.260000228881836,9.229999542236328,9.25,15242,0.0,0.0,0.0
2023-04-10 15:30:00-04:00,9.25,9.270000457763672,9.25,9.260000228881836,12641,0.0,0.0,0.0
2023-04-11 09:30:00-04:00,9.270000457763672,9.289999961853027,9.229999542236328,9.279999732971191,43622,0.0,0.0,0.0
2023-04-11 10:30:00-04:00,9.270000457763672,9.270000457763672,9.210000038146973,9.239999771118164,13875,0.0,0.0,0.0
2023-04-11 11:30:00-04:00,9.220499992370605,9.255000114440918,9.210000038146973,9.229999542236328,9436,0.0,0.0,0.0
2023-04-11 12:30:00-04:00,9.239999771118164,9.239999771118164,9.21500015258789,9.229999542236328,7035,0.0,0.0,0.0
2023-04-11 13:30:00-04:00,9.239999771118164,9.26990032196045,9.239999771118164,9.260000228881836,14005,0.0,0.0,0.0
2023-04-11 14:30:00-04:00,9.260000228881836,9.274999618530273,9.25,9.26099967956543,9508,0.0,0.0,0.0
2023-04-11 15:30:00-04:00,9.26830005645752,9.270000457763672,9.220000267028809,9.229999542236328,0,0.0,0.0,0.0
2023-04-12 09:30:00-04:00,9.279999732971191,9.319899559020996,9.160499572753906,9.22130012512207,54045,0.0,0.0,0.0
2023-04-12 10:30:00-04:00,9.229999542236328,9.229999542236328,9.095000267028809,9.131600379943848,49410,0.0,0.0,0.0
2023-04-12 11:30:00-04:00,9.13010025024414,9.199999809265137,9.125,9.199999809265137,31414,0.0,0.0,0.0
2023-04-12 12:30:00-04:00,9.1899995803833,9.210000038146973,9.170999526977539,9.199999809265137,15579,0.0,0.0,0.0
2023-04-12 13:30:00-04:00,9.199999809265137,9.199999809265137,9.135000228881836,9.135000228881836,16014,0.0,0.0,0.0
2023-04-12 14:30:00-04:00,9.135000228881836,9.140000343322754,9.085000038146973,9.093299865722656,24220,0.0,0.0,0.0
2023-04-12 15:30:00-04:00,9.09000015258789,9.114999771118164,9.09000015258789,9.09000015258789,23633,0.0,0.0,0.0
2023-04-13 09:30:00-04:00,9.149999618530273,9.270000457763672,9.109999656677246,9.25,66480,0.0,0.0,0.0
2023-04-13 10:30:00-04:00,9.240900039672852,9.260000228881836,9.229999542236328,9.239999771118164,37406,0.0,0.0,0.0
2023-04-13 11:30:00-04:00,9.240099906921387,9.280599594116211,9.239999771118164,9.270000457763672,42542,0.0,0.0,0.0
2023-04-13 12:30:00-04:00,9.277999877929688,9.279999732971191,9.239999771118164,9.260000228881836,14899,0.0,0.0,0.0
2023-04-13 13:30:00-04:00,9.270000457763672,9.289999961853027,9.269499778747559,9.279999732971191,11881,0.0,0.0,0.0
2023-04-13 14:30:00-04:00,9.279999732971191,9.288100242614746,9.270000457763672,9.270000457763672,11338,0.0,0.0,0.0
2023-04-13 15:30:00-04:00,9.270000457763672,9.270000457763672,9.25,9.260000228881836,11606,0.0,0.0,0.0
2023-04-14 09:30:00-04:00,9.220000267028809,9.3100004196167,9.199999809265137,9.199999809265137,69244,0.0,0.0,0.0
2023-04-14 10:30:00-04:00,9.210000038146973,9.221500396728516,9.1899995803833,9.192999839782715,23638,0.0,0.0,0.0
2023-04-14 11:30:00-04:00,9.194999694824219,9.194999694824219,9.15999984741211,9.170000076293945,18180,0.0,0.0,0.0
2023-04-14 12:30:00-04:00,9.163299560546875,9.170000076293945,9.130000114440918,9.151700019836426,11586,0.0,0.0,0.0
2023-04-14 13:30:00-04:00,9.149999618530273,9.200499534606934,9.13949966430664,9.200499534606934,15436,0.0,0.0,0.0
2023-04-14 14:30:00-04:00,9.210000038146973,9.216099739074707,9.1850004196167,9.210000038146973,25080,0.0,0.0,0.0
2023-04-14 15:30:00-04:00,9.204999923706055,9.234999656677246,9.204999923706055,9.229999542236328,12406,0.0,0.0,0.0
2023-04-17 09:30:00-04:00,9.149999618530273,9.149999618530273,9.100000381469727,9.11970043182373,452338,0.0,0.0,0.0
2023-04-17 10:30:00-04:00,9.119999885559082,9.130000114440918,9.069999694824219,9.130000114440918,113880,0.0,0.0,0.0
2023-04-17 11:30:00-04:00,9.100000381469727,9.104999542236328,9.079999923706055,9.095000267028809,35441,0.0,0.0,0.0
2023-04-17 12:30:00-04:00,9.100000381469727,9.126199722290039,9.092000007629395,9.114999771118164,31578,0.0,0.0,0.0
2023-04-17 13:30:00-04:00,9.109999656677246,9.125,9.09000015258789,9.100000381469727,38260,0.0,0.0,0.0
2023-04-17 14:30:00-04:00,9.104999542236328,9.154999732971191,9.100000381469727,9.154999732971191,45614,0.0,0.0,0.0
2023-04-17 15:30:00-04:00,9.150799751281738,9.164999961853027,9.140000343322754,9.15999984741211,41351,0.0,0.0,0.0
2023-04-18 09:30:00-04:00,9.210000038146973,9.255000114440918,9.149999618530273,9.15999984741211,49051,0.0,0.0,0.0
2023-04-18 10:30:00-04:00,9.149999618530273,9.180000305175781,9.140000343322754,9.15999984741211,28799,0.0,0.0,0.0
2023-04-18 11:30:00-04:00,9.180000305175781,9.180000305175781,9.140000343322754,9.180000305175781,17521,0.0,0.0,0.0
2023-04-18 12:30:00-04:00,9.180000305175781,9.180000305175781,9.149999618530273,9.149999618530273,12968,0.0,0.0,0.0
2023-04-18 13:30:00-04:00,9.157899856567383,9.170000076293945,9.149999618530273,9.170000076293945,14717,0.0,0.0,0.0
2023-04-18 14:30:00-04:00,9.170000076293945,9.170000076293945,9.140000343322754,9.149999618530273,14445,0.0,0.0,0.0
2023-04-18 15:30:00-04:00,9.149999618530273,9.17080020904541,9.149299621582031,9.170000076293945,20824,0.0,0.0,0.0
2023-04-19 09:30:00-04:00,9.039999961853027,9.095000267028809,9.039999961853027,9.060600280761719,48684,0.0,0.0,0.0
2023-04-19 10:30:00-04:00,9.069999694824219,9.09000015258789,9.069999694824219,9.079899787902832,16699,0.0,0.0,0.0
2023-04-19 11:30:00-04:00,9.09000015258789,9.132599830627441,9.09000015258789,9.132599830627441,8897,0.0,0.0,0.0
2023-04-19 12:30:00-04:00,9.132399559020996,9.149999618530273,9.130000114440918,9.140000343322754,21615,0.0,0.0,0.0
2023-04-19 13:30:00-04:00,9.1496000289917,9.149999618530273,9.121500015258789,9.135000228881836,20398,0.0,0.0,0.0
2023-04-19 14:30:00-04:00,9.134499549865723,9.149999618530273,9.130000114440918,9.14050006866455,6426,0.0,0.0,0.0
2023-04-19 15:30:00-04:00,9.140000343322754,9.140000343322754,9.112600326538086,9.130000114440918,13677,0.0,0.0,0.0
2023-04-20 09:30:00-04:00,9.029999732971191,9.140700340270996,9.029999732971191,9.114999771118164,62985,0.0,0.0,0.0
2023-04-20 10:30:00-04:00,9.130000114440918,9.140000343322754,9.069999694824219,9.079999923706055,12030,0.0,0.0,0.0
2023-04-20 11:30:00-04:00,9.09000015258789,9.104999542236328,9.074999809265137,9.090999603271484,24675,0.0,0.0,0.0
2023-04-20 12:30:00-04:00,9.100000381469727,9.138999938964844,9.100000381469727,9.130000114440918,14425,0.0,0.0,0.0
2023-04-20 13:30:00-04:00,9.130000114440918,9.135000228881836,9.060099601745605,9.060099601745605,15945,0.0,0.0,0.0
2023-04-20 14:30:00-04:00,9.0600004196167,9.0600004196167,9.005000114440918,9.005000114440918,11574,0.0,0.0,0.0
2023-04-20 15:30:00-04:00,9.005000114440918,9.03499984741211,9.005000114440918,9.03499984741211,0,0.0,0.0,0.0
2023-04-21 09:30:00-04:00,9.0,9.020000457763672,8.9399995803833,9.005000114440918,76621,0.0,0.0,0.0
2023-04-21 10:30:00-04:00,9.010000228881836,9.010000228881836,8.960700035095215,8.989999771118164,21053,0.0,0.0,0.0
2023-04-21 11:30:00-04:00,8.994999885559082,9.010000228881836,8.979999542236328,8.99839973449707,23557,0.0,0.0,0.0
2023-04-21 12:30:00-04:00,8.989999771118164,9.0,8.970100402832031,8.970100402832031,6615,0.0,0.0,0.0
2023-04-21 13:30:00-04:00,8.979999542236328,9.015000343322754,8.979999542236328,9.010000228881836,19426,0.0,0.0,0.0
2023-04-21 14:30:00-04:00,9.010000228881836,9.010000228881836,8.979999542236328,8.984999656677246,68904,0.0,0.0,0.0
2023-04-21 15:30:00-04:00,8.989999771118164,9.0,8.979999542236328,9.0,53386,0.0,0.0,0.0
2023-04-24 09:30:00-04:00,9.0,9.015000343322754,8.949999809265137,8.954999923706055,130268,0.0,0.0,0.0
2023-04-24 10:30:00-04:00,8.954999923706055,8.96399974822998,8.859999656677246,8.864999771118164,59521,0.0,0.0,0.0
2023-04-24 11:30:00-04:00,8.864999771118164,8.885000228881836,8.850000381469727,8.883999824523926,57968,0.0,0.0,0.0
2023-04-24 12:30:00-04:00,8.880000114440918,8.909899711608887,8.880000114440918,8.890000343322754,32047,0.0,0.0,0.0
2023-04-24 13:30:00-04:00,8.895000457763672,8.930000305175781,8.895000457763672,8.920000076293945,24802,0.0,0.0,0.0
2023-04-24 14:30:00-04:00,8.925000190734863,8.925000190734863,8.899999618530273,8.90999984741211,28704,0.0,0.0,0.0
2023-04-24 15:30:00-04:00,8.914999961853027,8.930000305175781,8.914999961853027,8.930000305175781,0,0.0,0.0,0.0
2023-04-25 09:30:00-04:00,8.899999618530273,8.899999618530273,8.779999732971191,8.779999732971191,129671,0.0,0.0,0.0
2023-04-25 10:30:00-04:00,8.789999961853027,8.805000305175781,8.779999732971191,8.800000190734863,14139,0.0,0.0,0.0
2023-04-25 11:30:00-04:00,8.789999961853027,8.789999961853027,8.755000114440918,8.755000114440918,15866,0.0,0.0,0.0
2023-04-25 12:30:00-04:00,8.75,8.765000343322754,8.720000267028809,8.732799530029297,18730,0.0,0.0,0.0
2023-04-25 13:30:00-04:00,8.725000381469727,8.73270034790039,8.704999923706055,8.720000267028809,59972,0.0,0.0,0.0
2023-04-25 14:30:00-04:00,8.725000381469727,8.739999771118164,8.71500015258789,8.725000381469727,25476,0.0,0.0,0.0
2023-04-25 15:30:00-04:00,8.725000381469727,8.72659969329834,8.694999694824219,8.699999809265137,34242,0.0,0.0,0.0
2023-04-26 09:30:00-04:00,8.84000015258789,8.84000015258789,8.75,8.770000457763672,104766,0.0,0.0,0.0
2023-04-26 10:30:00-04:00,8.770000457763672,8.8100004196167,8.760000228881836,8.800000190734863,87924,0.0,0.0,0.0
2023-04-26 11:30:00-04:00,8.795999526977539,8.824999809265137,8.789999961853027,8.791099548339844,90477,0.0,0.0,0.0
2023-04-26 12:30:00-04:00,8.789999961853027,8.789999961853027,8.760000228881836,8.760000228881836,59483,0.0,0.0,0.0
2023-04-26 13:30:00-04:00,8.770000457763672,8.770000457763672,8.725000381469727,8.739999771118164,24846,0.0,0.0,0.0
2023-04-26 14:30:00-04:00,8.73799991607666,8.739899635314941,8.6899995803833,8.710000038146973,14933,0.0,0.0,0.0
2023-04-26 15:30:00-04:00,8.710000038146973,8.720000267028809,8.68970012664795,8.704999923706055,0,0.0,0.0,0.0
2023-04-27 09:30:00-04:00,8.850000381469727,8.854999542236328,8.800000190734863,8.828499794006348,83355,0.0,0.0,0.0
2023-04-27 10:30:00-04:00,8.848400115966797,8.859999656677246,8.831600189208984,8.859999656677246,38221,0.0,0.0,0.0
2023-04-27 11:30:00-04:00,8.869999885559082,8.899999618530273,8.850000381469727,8.899299621582031,19787,0.0,0.0,0.0
2023-04-27 12:30:00-04:00,8.895000457763672,8.914999961853027,8.890000343322754,8.914999961853027,15512,0.0,0.0,0.0
2023-04-27 13:30:00-04:00,8.918999671936035,8.930100440979004,8.90999984741211,8.930000305175781,16145,0.0,0.0,0.0
2023-04-27 14:30:00-04:00,8.9350004196167,8.9399995803833,8.920000076293945,8.930100440979004,25103,0.0,0.0,0.0
2023-04-27 15:30:00-04:00,8.930100440979004,8.9399995803833,8.925000190734863,8.930000305175781,22040,0.0,0.0,0.0
2023-04-28 09:30:00-04:00,8.850000381469727,8.899999618530273,8.800000190734863,8.89009952545166,163417,0.0,0.0,0.0
2023-04-28 10:30:00-04:00,8.895000457763672,8.895000457763672,8.84000015258789,8.859999656677246,90002,0.0,0.0,0.0
2023-04-28 11:30:00-04:00,8.869999885559082,8.89840030670166,8.859999656677246,8.880000114440918,155609,0.0,0.0,0.0
2023-04-28 12:30:00-04:00,8.885000228881836,8.905900001525879,8.860099792480469,8.905900001525879,19111,0.0,0.0,0.0
2023-04-28 13:30:00-04:00,8.899999618530273,8.90999984741211,8.890000343322754,8.895000457763672,10925,0.0,0.0,0.0
2023-04-28 14:30:00-04:00,8.899999618530273,8.90999984741211,8.895000457763672,8.90999984741211,5328,0.0,0.0,0.0
2023-04-28 15:30:00-04:00,8.900899887084961,8.9399995803833,8.890000343322754,8.92199993133545,15076,0.0,0.0,0.0
2023-05-01 09:30:00-04:00,8.920000076293945,8.96500015258789,8.90999984741211,8.920000076293945,60220,0.0,0.0,0.0
2023-05-01 10:30:00-04:00,8.944999694824219,8.96780014038086,8.899999618530273,8.90999984741211,31617,0.0,0.0,0.0
2023-05-01 11:30:00-04:00,8.90999984741211,8.942299842834473,8.90999984741211,8.942299842834473,8000,0.0,0.0,0.0
2023-05-01 12:30:00-04:00,8.942099571228027,8.975000381469727,8.942099571228027,8.960000038146973,15239,0.0,0.0,0.0
2023-05-01 13:30:00-04:00,8.960000038146973,8.970000267028809,8.949999809265137,8.949999809265137,11293,0.0,0.0,0.0
2023-05-01 14:30:00-04:00,8.930000305175781,8.949999809265137,8.930000305175781,8.944999694824219,19275,0.0,0.0,0.0
2023-05-01 15:30:00-04:00,8.944000244140625,8.960000038146973,8.930000305175781,8.944999694824219,32228,0.0,0.0,0.0
2023-05-02 09:30:00-04:00,8.90999984741211,8.9399995803833,8.800000190734863,8.819999694824219,0,0.0,0.0,0.0
2023-05-02 10:30:00-04:00,8.817500114440918,8.817500114440918,8.765000343322754,8.770299911499023,87607,0.0,0.0,0.0
2023-05-02 11:30:00-04:00,8.779999732971191,8.807499885559082,8.770000457763672,8.79990005493164,26233,0.0,0.0,0.0
2023-05-02 12:30:00-04:00,8.79990005493164,8.827500343322754,8.79990005493164,8.81029987335205,20219,0.0,0.0,0.0
2023-05-02 13:30:00-04:00,8.819999694824219,8.837499618530273,8.800000190734863,8.800000190734863,25247,0.0,0.0,0.0
2023-05-02 14:30:00-04:00,8.807499885559082,8.834699630737305,8.807499885559082,8.829999923706055,27414,0.0,0.0,0.0
2023-05-02 15:30:00-04:00,8.829999923706055,8.829999923706055,8.795000076293945,8.800000190734863,19516,0.0,0.0,0.0
2023-05-03 09:30:00-04:00,8.789999961853027,8.819999694824219,8.774999618530273,8.779999732971191,37644,0.0,0.0,0.0
2023-05-03 10:30:00-04:00,8.78499984741211,8.8149995803833,8.78499984741211,8.800000190734863,18207,0.0,0.0,0.0
2023-05-03 11:30:00-04:00,8.789999961853027,8.8100004196167,8.779999732971191,8.795000076293945,6704,0.0,0.0,0.0
2023-05-03 12:30:00-04:00,8.800000190734863,8.8100004196167,8.779999732971191,8.8100004196167,13787,0.0,0.0,0.0
2023-05-03 13:30:00-04:00,8.812100410461426,8.869999885559082,8.800000190734863,8.859999656677246,25044,0.0,0.0,0.0
2023-05-03 14:30:00-04:00,8.850000381469727,8.880000114440918,8.770000457763672,8.779999732971191,26649,0.0,0.0,0.0
2023-05-03 15:30:00-04:00,8.760000228881836,8.760000228881836,8.729999542236328,8.734999656677246,20257,0.0,0.0,0.0
2023-05-04 09:30:00-04:00,8.6899995803833,8.720000267028809,8.670000076293945,8.680000305175781,36792,0.0,0.0,0.0
2023-05-04 10:30:00-04:00,8.670000076293945,8.739999771118164,8.664999961853027,8.71500015258789,26007,0.0,0.0,0.0
2023-05-04 11:30:00-04:00,8.710000038146973,8.71500015258789,8.688300132751465,8.711000442504883,31907,0.0,0.0,0.0
2023-05-04 12:30:00-04:00,8.700400352478027,8.729999542236328,8.69849967956543,8.729999542236328,15438,0.0,0.0,0.0
2023-05-04 13:30:00-04:00,8.729999542236328,8.757699966430664,8.729999542236328,8.739999771118164,8383,0.0,0.0,0.0
2023-05-04 14:30:00-04:00,8.699999809265137,8.720000267028809,8.694999694824219,8.694999694824219,7085,0.0,0.0,0.0
2023-05-04 15:30:00-04:00,8.720000267028809,8.720000267028809,8.699999809265137,8.710000038146973,4791,0.0,0.0,0.0
2023-05-05 09:30:00-04:00,8.819999694824219,8.845000267028809,8.782500267028809,8.835000038146973,32780,0.0,0.0,0.0
2023-05-05 10:30:00-04:00,8.84000015258789,8.869999885559082,8.84000015258789,8.850500106811523,24288,0.0,0.0,0.0
2023-05-05 11:30:00-04:00,8.861900329589844,8.874699592590332,8.859999656677246,8.870100021362305,10405,0.0,0.0,0.0
2023-05-05 12:30:00-04:00,8.871000289916992,8.90999984741211,8.871000289916992,8.899999618530273,20147,0.0,0.0,0.0
2023-05-05 13:30:00-04:00,8.90999984741211,8.9399995803833,8.90999984741211,8.930000305175781,28320,0.0,0.0,0.0
2023-05-05 14:30:00-04:00,8.939900398254395,8.957900047302246,8.939900398254395,8.944999694824219,14875,0.0,0.0,0.0
2023-05-05 15:30:00-04:00,8.946000099182129,8.949999809265137,8.9350004196167,8.9399995803833,39978,0.0,0.0,0.0
2023-05-08 09:30:00-04:00,8.979999542236328,8.979999542236328,8.930000305175781,8.9399995803833,219221,0.0,0.0,0.0
2023-05-08 10:30:00-04:00,8.944999694824219,8.984999656677246,8.930000305175781,8.96500015258789,27743,0.0,0.0,0.0
2023-05-08 11:30:00-04:00,8.960000038146973,8.998000144958496,8.960000038146973,8.994999885559082,17514,0.0,0.0,0.0
2023-05-08 12:30:00-04:00,8.994999885559082,9.017399787902832,8.989999771118164,9.017399787902832,16452,0.0,0.0,0.0
2023-05-08 13:30:00-04:00,9.020000457763672,9.029999732971191,8.979999542236328,9.015800476074219,18405,0.0,0.0,0.0
2023-05-08 14:30:00-04:00,9.020000457763672,9.039999961853027,9.010000228881836,9.029999732971191,16361,0.0,0.0,0.0
2023-05-08 15:30:00-04:00,9.017399787902832,9.039999961853027,9.017399787902832,9.029999732971191,8230,0.0,0.0,0.0
2023-05-09 09:30:00-04:00,8.949999809265137,8.969900131225586,8.920000076293945,8.969900131225586,42581,0.0,0.0,0.0
2023-05-09 10:30:00-04:00,8.95009994506836,8.979999542236328,8.94909954071045,8.960000038146973,21488,0.0,0.0,0.0
2023-05-09 11:30:00-04:00,8.949999809265137,8.962499618530273,8.949999809265137,8.950699806213379,19969,0.0,0.0,0.0
2023-05-09 12:30:00-04:00,8.960000038146973,8.987799644470215,8.960000038146973,8.975000381469727,15408,0.0,0.0,0.0
2023-05-09 13:30:00-04:00,8.975000381469727,8.989999771118164,8.970000267028809,8.979999542236328,22471,0.0,0.0,0.0
2023-05-09 14:30:00-04:00,8.984999656677246,8.994999885559082,8.970000267028809,8.975000381469727,13775,0.0,0.0,0.0
2023-05-09 15:30:00-04:00,8.975000381469727,8.979999542236328,8.960000038146973,8.960000038146973,17124,0.0,0.0,0.0
2023-05-10 09:30:00-04:00,9.0600004196167,9.130000114440918,9.0600004196167,9.114999771118164,67691,0.0,0.0,0.0
2023-05-10 10:30:00-04:00,9.119999885559082,9.130000114440918,9.024999618530273,9.0600004196167,34911,0.0,0.0,0.0
2023-05-10 11:30:00-04:00,9.062999725341797,9.095000267028809,9.045000076293945,9.079999923706055,18160,0.0,0.0,0.0
2023-05-10 12:30:00-04:00,9.081000328063965,9.09000015258789,9.01099967956543,9.015000343322754,16073,0.0,0.0,0.0
2023-05-10 13:30:00-04:00,9.020000457763672,9.09000015258789,9.015000343322754,9.09000015258789,11802,0.0,0.0,0.0
2023-05-10 14:30:00-04:00,9.08549976348877,9.145000457763672,9.08549976348877,9.145000457763672,25607,0.0,0.0,0.0
2023-05-10 15:30:00-04:00,9.140000343322754,9.145000457763672,9.109999656677246,9.109999656677246,17447,0.0,0.0,0.0
2023-05-11 09:30:00-04:00,9.140000343322754,9.15999984741211,9.113499641418457,9.138500213623047,194728,0.0,0.0,0.0
2023-05-11 10:30:00-04:00,9.119999885559082,9.140000343322754,9.09000015258789,9.120100021362305,58655,0.0,0.0,0.0
2023-05-11 11:30:00-04:00,9.140000343322754,9.164999961853027,9.140000343322754,9.159899711608887,15837,0.0,0.0,0.0
2023-05-11 12:30:00-04:00,9.15999984741211,9.179900169372559,9.149999618530273,9.154999732971191,4596,0.0,0.0,0.0
2023-05-11 13:30:00-04:00,9.15999984741211,9.15999984741211,9.119999885559082,9.141500473022461,7064,0.0,0.0,0.0
2023-05-11 14:30:00-04:00,9.145000457763672,9.15999984741211,9.145000457763672,9.151000022888184,6064,0.0,0.0,0.0
2023-05-11 15:30:00-04:00,9.149999618530273,9.149999618530273,9.130999565124512,9.140000343322754,6148,0.0,0.0,0.0
2023-05-12 09:30:00-04:00,9.180000305175781,9.180000305175781,9.0649995803833,9.075699806213379,119054,0.0,0.0,0.0
2023-05-12 10:30:00-04:00,9.050000190734863,9.085000038146973,9.050000190734863,9.0600004196167,117413,0.0,0.0,0.0
2023-05-12 11:30:00-04:00,9.050000190734863,9.057900428771973,9.005000114440918,9.005000114440918,13576,0.0,0.0,0.0
2023-05-12 12:30:00-04:00,9.010000228881836,9.029999732971191,8.989999771118164,9.020000457763672,24632,0.0,0.0,0.0
2023-05-12 13:30:00-04:00,9.020000457763672,9.020000457763672,8.984999656677246,8.997099876403809,25501,0.0,0.0,0.0
2023-05-12 14:30:00-04:00,8.994999885559082,9.015000343322754,8.989999771118164,9.015000343322754,4906,0.0,0.0,0.0
2023-05-12 15:30:00-04:00,9.02750015258789,9.0600004196167,9.020099639892578,9.0600004196167,16695,0.0,0.0,0.0
2023-05-15 09:30:00-04:00,9.119999885559082,9.119999885559082,9.04010009765625,9.069999694824219,260443,0.0,0.0,0.0
2023-05-15 10:30:00-04:00,9.079999923706055,9.145000457763672,9.079999923706055,9.140000343322754,13189,0.0,0.0,0.0
2023-05-15 11:30:00-04:00,9.140800476074219,9.15999984741211,9.140000343322754,9.15999984741211,31571,0.0,0.0,0.0
2023-05-15 12:30:00-04:00,9.149999618530273,9.210000038146973,9.149999618530273,9.1899995803833,106016,0.0,0.0,0.0
2023-05-15 13:30:00-04:00,9.180000305175781,9.199999809265137,9.170000076293945,9.194999694824219,15491,0.0,0.0,0.0
2023-05-15 14:30:00-04:00,9.194999694824219,9.204999923706055,9.180100440979004,9.194999694824219,21264,0.0,0.0,0.0
2023-05-15 15:30:00-04:00,9.194999694824219,9.210000038146973,9.1899995803833,9.204999923706055,11450,0.0,0.0,0.0
2023-05-16 09:30:00-04:00,9.140000343322754,9.170100212097168,9.114999771118164,9.15999984741211,63331,0.0,0.0,0.0
2023-05-16 10:30:00-04:00,9.15999984741211,9.180000305175781,9.142000198364258,9.180000305175781,16091,0.0,0.0,0.0
2023-05-16 11:30:00-04:00,9.175000190734863,9.1899995803833,9.149999618530273,9.180000305175781,17932,0.0,0.0,0.0
2023-05-16 12:30:00-04:00,9.175100326538086,9.190099716186523,9.175000190734863,9.175000190734863,37622,0.0,0.0,0.0
2023-05-16 13:30:00-04:00,9.170100212097168,9.1899995803833,9.16759967803955,9.181699752807617,15386,0.0,0.0,0.0
2023-05-16 14:30:00-04:00,9.180000305175781,9.199999809265137,9.170000076293945,9.194999694824219,5417,0.0,0.0,0.0
2023-05-16 15:30:00-04:00,9.1899995803833,9.1899995803833,9.152099609375,9.15999984741211,10713,0.0,0.0,0.0
2023-05-17 09:30:00-04:00,9.180000305175781,9.236000061035156,9.180000305175781,9.228699684143066,118331,0.0,0.0,0.0
2023-05-17 10:30:00-04:00,9.229999542236328,9.270000457763672,9.229999542236328,9.270000457763672,39970,0.0,0.0,0.0
2023-05-17 11:30:00-04:00,9.27079963684082,9.295000076293945,9.270000457763672,9.270099639892578,22136,0.0,0.0,0.0
2023-05-17 12:30:00-04:00,9.274999618530273,9.335000038146973,9.274999618530273,9.335000038146973,24834,0.0,0.0,0.0
2023-05-17 13:30:00-04:00,9.349100112915039,9.375,9.349100112915039,9.369999885559082,22059,0.0,0.0,0.0
2023-05-17 14:30:00-04:00,9.369999885559082,9.369999885559082,9.34000015258789,9.350000381469727,11991,0.0,0.0,0.0
2023-05-17 15:30:00-04:00,9.359999656677246,9.380000114440918,9.34000015258789,9.369999885559082,24943,0.0,0.0,0.0
2023-05-18 09:30:00-04:00,9.380000114440918,9.460000038146973,9.369999885559082,9.460000038146973,61165,0.0,0.0,0.0
2023-05-18 10:30:00-04:00,9.470000267028809,9.5,9.449999809265137,9.5,38854,0.0,0.0,0.0
2023-05-18 11:30:00-04:00,9.489999771118164,9.520000457763672,9.444999694824219,9.444999694824219,49815,0.0,0.0,0.0
2023-05-18 12:30:00-04:00,9.449999809265137,9.505000114440918,9.449999809265137,9.479999542236328,34615,0.0,0.0,0.0
2023-05-18 13:30:00-04:00,9.479999542236328,9.489899635314941,9.4350004196167,9.470000267028809,28674,0.0,0.0,0.0
2023-05-18 14:30:00-04:00,9.470000267028809,9.509900093078613,9.470000267028809,9.505000114440918,12693,0.0,0.0,0.0
2023-05-18 15:30:00-04:00,9.510000228881836,9.529999732971191,9.5,9.529999732971191,63770,0.0,0.0,0.0
2023-05-19 09:30:00-04:00,9.5,9.529999732971191,9.430000305175781,9.460000038146973,75524,0.0,0.0,0.0
2023-05-19 10:30:00-04:00,9.454999923706055,9.475000381469727,9.4350004196167,9.4399995803833,195474,0.0,0.0,0.0
2023-05-19 11:30:00-04:00,9.4350004196167,9.444999694824219,9.404999732971191,9.425000190734863,81635,0.0,0.0,0.0
2023-05-19 12:30:00-04:00,9.420000076293945,9.4399995803833,9.399999618530273,9.425000190734863,64363,0.0,0.0,0.0
2023-05-19 13:30:00-04:00,9.425000190734863,9.430000305175781,9.399999618530273,9.403400421142578,50692,0.0,0.0,0.0
2023-05-19 14:30:00-04:00,9.404999732971191,9.430000305175781,9.390000343322754,9.419899940490723,62167,0.0,0.0,0.0
2023-05-19 15:30:00-04:00,9.410699844360352,9.437999725341797,9.40999984741211,9.430000305175781,51839,0.0,0.0,0.0
2023-05-22 09:30:00-04:00,9.399999618530273,9.515000343322754,9.399999618530273,9.484999656677246,122209,0.0,0.0,0.0
2023-05-22 10:30:00-04:00,9.488900184631348,9.5,9.460000038146973,9.484999656677246,54821,0.0,0.0,0.0
2023-05-22 11:30:00-04:00,9.484999656677246,9.489999771118164,9.454999923706055,9.460000038146973,15707,0.0,0.0,0.0
2023-05-22 12:30:00-04:00,9.454999923706055,9.479900360107422,9.449999809265137,9.465900421142578,24429,0.0,0.0,0.0
2023-05-22 13:30:00-04:00,9.470000267028809,9.479999542236328,9.449999809265137,9.470000267028809,8273,0.0,0.0,0.0
2023-05-22 14:30:00-04:00,9.475000381469727,9.489999771118164,9.460000038146973,9.460000038146973,9015,0.0,0.0,0.0
2023-05-22 15:30:00-04:00,9.460000038146973,9.460000038146973,9.444999694824219,9.449999809265137,15023,0.0,0.0,0.0
2023-05-23 09:30:00-04:00,9.350000381469727,9.430000305175781,9.319999694824219,9.404999732971191,102174,0.0,0.0,0.0
2023-05-23 10:30:00-04:00,9.40999984741211,9.4306001663208,9.399999618530273,9.4306001663208,27033,0.0,0.0,0.0
2023-05-23 11:30:00-04:00,9.4350004196167,9.4350004196167,9.404999732971191,9.40999984741211,43661,0.0,0.0,0.0
2023-05-23 12:30:00-04:00,9.390000343322754,9.391200065612793,9.347999572753906,9.360400199890137,14987,0.0,0.0,0.0
2023-05-23 13:30:00-04:00,9.34000015258789,9.355999946594238,9.289999961853027,9.300000190734863,10050,0.0,0.0,0.0
2023-05-23 14:30:00-04:00,9.305000305175781,9.319999694824219,9.289999961853027,9.3100004196167,21206,0.0,0.0,0.0
2023-05-23 15:30:00-04:00,9.3100004196167,9.319999694824219,9.289999961853027,9.3100004196167,19667,0.0,0.0,0.0
2023-05-24 09:30:00-04:00,9.199999809265137,9.25469970703125,9.187199592590332,9.187199592590332,83262,0.0,0.0,0.0
2023-05-24 10:30:00-04:00,9.1899995803833,9.210000038146973,9.170000076293945,9.210000038146973,33296,0.0,0.0,0.0
2023-05-24 11:30:00-04:00,9.220000267028809,9.220000267028809,9.194999694824219,9.194999694824219,16108,0.0,0.0,0.0
2023-05-24 12:30:00-04:00,9.199999809265137,9.210000038146973,9.180100440979004,9.210000038146973,15335,0.0,0.0,0.0
2023-05-24 13:30:00-04:00,9.209400177001953,9.229299545288086,9.209400177001953,9.220000267028809,11350,0.0,0.0,0.0
2023-05-24 14:30:00-04:00,9.211600303649902,9.270099639892578,9.210000038146973,9.270000457763672,20518,0.0,0.0,0.0
2023-05-24 15:30:00-04:00,9.279999732971191,9.289999961853027,9.255000114440918,9.260000228881836,18446,0.0,0.0,0.0
2023-05-25 09:30:00-04:00,9.579999923706055,9.609999656677246,9.5,9.529999732971191,182081,0.0,0.0,0.0
2023-05-25 10:30:00-04:00,9.534500122070312,9.585000038146973,9.515999794006348,9.560199737548828,65983,0.0,0.0,0.0
2023-05-25 11:30:00-04:00,9.568099975585938,9.581000328063965,9.529999732971191,9.569999694824219,25391,0.0,0.0,0.0
2023-05-25 12:30:00-04:00,9.574999809265137,9.579999923706055,9.550000190734863,9.564000129699707,8571,0.0,0.0,0.0
2023-05-25 13:30:00-04:00,9.568099975585938,9.59000015258789,9.5600004196167,9.585000038146973,23683,0.0,0.0,0.0
2023-05-25 14:30:00-04:00,9.555000305175781,9.59000015258789,9.539999961853027,9.581899642944336,66392,0.0,0.0,0.0
2023-05-25 15:30:00-04:00,9.585000038146973,9.59000015258789,9.550000190734863,9.550000190734863,60906,0.0,0.0,0.0
2023-05-26 09:30:00-04:00,9.600000381469727,9.760000228881836,9.600000381469727,9.750300407409668,123379,0.0,0.0,0.0
2023-05-26 10:30:00-04:00,9.755599975585938,9.805000305175781,9.739999771118164,9.779999732971191,73478,0.0,0.0,0.0
2023-05-26 11:30:00-04:00,9.770000457763672,9.8100004196167,9.770000457763672,9.805000305175781,25392,0.0,0.0,0.0
2023-05-26 12:30:00-04:00,9.800000190734863,9.829999923706055,9.800000190734863,9.810600280761719,47046,0.0,0.0,0.0
2023-05-26 13:30:00-04:00,9.8100004196167,9.824999809265137,9.801899909973145,9.824999809265137,16442,0.0,0.0,0.0
2023-05-26 14:30:00-04:00,9.819999694824219,9.859999656677246,9.8100004196167,9.829999923706055,57693,0.0,0.0,0.0
2023-05-26 15:30:00-04:00,9.829999923706055,9.84000015258789,9.81350040435791,9.819999694824219,29790,0.0,0.0,0.0
2023-05-30 09:30:00-04:00,9.979999542236328,10.039899826049805,9.899999618530273,9.904999732971191,467944,0.0,0.0,0.0
2023-05-30 10:30:00-04:00,9.899999618530273,9.949999809265137,9.899999618530273,9.925000190734863,94722,0.0,0.0,0.0
2023-05-30 11:30:00-04:00,9.930000305175781,9.960000038146973,9.890000343322754,9.890000343322754,64998,0.0,0.0,0.0
2023-05-30 12:30:00-04:00,9.890000343322754,9.913999557495117,9.859999656677246,9.869999885559082,41954,0.0,0.0,0.0
2023-05-30 13:30:00-04:00,9.869999885559082,9.888099670410156,9.84000015258789,9.88010025024414,46630,0.0,0.0,0.0
2023-05-30 14:30:00-04:00,9.887700080871582,9.90999984741211,9.881699562072754,9.899999618530273,28350,0.0,0.0,0.0
2023-05-30 15:30:00-04:00,9.904999732971191,9.904999732971191,9.875,9.890000343322754,31715,0.0,0.0,0.0
2023-05-31 09:30:00-04:00,9.84000015258789,9.871500015258789,9.765000343322754,9.789999961853027,101445,0.0,0.0,0.0
2023-05-31 10:30:00-04:00,9.789999961853027,9.829999923706055,9.770000457763672,9.770000457763672,59082,0.0,0.0,0.0
2023-05-31 11:30:00-04:00,9.760000228881836,9.791999816894531,9.757499694824219,9.760700225830078,11865,0.0,0.0,0.0
2023-05-31 12:30:00-04:00,9.758899688720703,9.8149995803833,9.758899688720703,9.8149995803833,24211,0.0,0.0,0.0
2023-05-31 13:30:00-04:00,9.819999694824219,9.859999656677246,9.819999694824219,9.859999656677246,9927,0.0,0.0,0.0
2023-05-31 14:30:00-04:00,9.859999656677246,9.869999885559082,9.829999923706055,9.84000015258789,28649,0.0,0.0,0.0
2023-05-31 15:30:00-04:00,9.845000267028809,9.867300033569336,9.829999923706055,9.829999923706055,29122,0.0,0.0,0.0
2023-06-01 09:30:00-04:00,9.84000015258789,9.930000305175781,9.84000015258789,9.899999618530273,61477,0.0,0.0,0.0
2023-06-01 10:30:00-04:00,9.90999984741211,9.979999542236328,9.890000343322754,9.960000038146973,37329,0.0,0.0,0.0
2023-06-01 11:30:00-04:00,9.960000038146973,10.029999732971191,9.960000038146973,10.020000457763672,41263,0.0,0.0,0.0
2023-06-01 12:30:00-04:00,10.020000457763672,10.050000190734863,10.010000228881836,10.029999732971191,21071,0.0,0.0,0.0
2023-06-01 13:30:00-04:00,10.030599594116211,10.069999694824219,10.029999732971191,10.069100379943848,43543,0.0,0.0,0.0
2023-06-01 14:30:00-04:00,10.0600004196167,10.07699966430664,10.039999961853027,10.039999961853027,38742,0.0,0.0,0.0
2023-06-01 15:30:00-04:00,10.02929973602295,10.029999732971191,10.0,10.020000457763672,27345,0.0,0.0,0.0
2023-06-02 09:30:00-04:00,10.100000381469727,10.170000076293945,10.010499954223633,10.039999961853027,152975,0.0,0.0,0.0
2023-06-02 10:30:00-04:00,10.050000190734863,10.100000381469727,10.029999732971191,10.079999923706055,72314,0.0,0.0,0.0
2023-06-02 11:30:00-04:00,10.074999809265137,10.085000038146973,10.04010009765625,10.04010009765625,80928,0.0,0.0,0.0
2023-06-02 12:30:00-04:00,10.050000190734863,10.09000015258789,10.050000190734863,10.085000038146973,50189,0.0,0.0,0.0
2023-06-02 13:30:00-04:00,10.085000038146973,10.09000015258789,10.039999961853027,10.050000190734863,57063,0.0,0.0,0.0
2023-06-02 14:30:00-04:00,10.050000190734863,10.0600004196167,10.040200233459473,10.050000190734863,65081,0.0,0.0,0.0
2023-06-02 15:30:00-04:00,10.050000190734863,10.0600004196167,10.032099723815918,10.050000190734863,69736,0.0,0.0,0.0
2023-06-05 09:30:00-04:00,10.020000457763672,10.050000190734863,10.0,10.015000343322754,78364,0.0,0.0,0.0
2023-06-05 10:30:00-04:00,10.009900093078613,10.069999694824219,10.009900093078613,10.069999694824219,50211,0.0,0.0,0.0
2023-06-05 11:30:00-04:00,10.071499824523926,10.079999923706055,10.050000190734863,10.079999923706055,52455,0.0,0.0,0.0
2023-06-05 12:30:00-04:00,10.074999809265137,10.100000381469727,10.060799598693848,10.06779956817627,47493,0.0,0.0,0.0
2023-06-05 13:30:00-04:00,10.0600004196167,10.065699577331543,10.020000457763672,10.020600318908691,47508,0.0,0.0,0.0
2023-06-05 14:30:00-04:00,10.020000457763672,10.095000267028809,9.980799674987793,10.074999809265137,44951,0.0,0.0,0.0
2023-06-05 15:30:00-04:00,10.073599815368652,10.079999923706055,10.0600004196167,10.069999694824219,64973,0.0,0.0,0.0
2023-06-06 09:30:00-04:00,10.029999732971191,10.08810043334961,10.0,10.074999809265137,77685,0.0,0.0,0.0
2023-06-06 10:30:00-04:00,10.069700241088867,10.125,10.0600004196167,10.100000381469727,40237,0.0,0.0,0.0
2023-06-06 11:30:00-04:00,10.106499671936035,10.149999618530273,10.100000381469727,10.123000144958496,36918,0.0,0.0,0.0
2023-06-06 12:30:00-04:00,10.119999885559082,10.130000114440918,10.060099601745605,10.100000381469727,36958,0.0,0.0,0.0
2023-06-06 13:30:00-04:00,10.107799530029297,10.11970043182373,10.09000015258789,10.107799530029297,42428,0.0,0.0,0.0
2023-06-06 14:30:00-04:00,10.100700378417969,10.130000114440918,10.09000015258789,10.114999771118164,24027,0.0,0.0,0.0
2023-06-06 15:30:00-04:00,10.119999885559082,10.119999885559082,10.09000015258789,10.100000381469727,41095,0.0,0.0,0.0
2023-06-07 09:30:00-04:00,10.100000381469727,10.169300079345703,10.0600004196167,10.074999809265137,66564,0.0,0.0,0.0
2023-06-07 10:30:00-04:00,10.071900367736816,10.079999923706055,9.979999542236328,10.020000457763672,50942,0.0,0.0,0.0
2023-06-07 11:30:00-04:00,10.03499984741211,10.03499984741211,9.939900398254395,9.939900398254395,44507,0.0,0.0,0.0
2023-06-07 12:30:00-04:00,9.9399995803833,9.970000267028809,9.90999984741211,9.920000076293945,48566,0.0,0.0,0.0
2023-06-07 13:30:00-04:00,9.90999984741211,9.930000305175781,9.890000343322754,9.914999961853027,95071,0.0,0.0,0.0
2023-06-07 14:30:00-04:00,9.920000076293945,9.920000076293945,9.869999885559082,9.880000114440918,49165,0.0,0.0,0.0
2023-06-07 15:30:00-04:00,9.880000114440918,9.880000114440918,9.84000015258789,9.85569953918457,44012,0.0,0.0,0.0
2023-06-08 09:30:00-04:00,9.850000381469727,9.90999984741211,9.84220027923584,9.899999618530273,42336,0.0,0.0,0.0
2023-06-08 10:30:00-04:00,9.90999984741211,9.96500015258789,9.895000457763672,9.962300300598145,35284,0.0,0.0,0.0
2023-06-08 11:30:00-04:00,9.960000038146973,9.984999656677246,9.952099800109863,9.984999656677246,11841,0.0,0.0,0.0
2023-06-08 12:30:00-04:00,9.984999656677246,9.984999656677246,9.945799827575684,9.954999923706055,21325,0.0,0.0,0.0
2023-06-08 13:30:00-04:00,9.949999809265137,9.954999923706055,9.920000076293945,9.947799682617188,20112,0.0,0.0,0.0
2023-06-08 14:30:00-04:00,9.954999923706055,9.979100227355957,9.954999923706055,9.96500015258789,17740,0.0,0.0,0.0
2023-06-08 15:30:00-04:00,9.969599723815918,9.970000267028809,9.960000038146973,9.970000267028809,14736,0.0,0.0,0.0
2023-06-09 09:30:00-04:00,10.020000457763672,10.125,10.0,10.109999656677246,64396,0.0,0.0,0.0
2023-06-09 10:30:00-04:00,10.119999885559082,10.128100395202637,10.010000228881836,10.010000228881836,43529,0.0,0.0,0.0
2023-06-09 11:30:00-04:00,10.010000228881836,10.029999732971191,9.970000267028809,9.975000381469727,34512,0.0,0.0,0.0
2023-06-09 12:30:00-04:00,9.984999656677246,10.015000343322754,9.960000038146973,10.015000343322754,22495,0.0,0.0,0.0
2023-06-09 13:30:00-04:00,10.020000457763672,10.029999732971191,10.011500358581543,10.020000457763672,16162,0.0,0.0,0.0
2023-06-09 14:30:00-04:00,10.010000228881836,10.010000228881836,9.984999656677246,9.984999656677246,15344,0.0,0.0,0.0
2023-06-09 15:30:00-04:00,9.989999771118164,10.0,9.979999542236328,10.0,43410,0.0,0.0,0.0
2023-06-12 09:30:00-04:00,10.039999961853027,10.089900016784668,10.020000457763672,10.089900016784668,78586,0.0,0.0,0.0
2023-06-12 10:30:00-04:00,10.079999923706055,10.09529972076416,10.050000190734863,10.0649995803833,41729,0.0,0.0,0.0
2023-06-12 11:30:00-04:00,10.069999694824219,10.100000381469727,10.069999694824219,10.079999923706055,25271,0.0,0.0,0.0
2023-06-12 12:30:00-04:00,10.089900016784668,10.100000381469727,10.079999923706055,10.09000015258789,17531,0.0,0.0,0.0
2023-06-12 13:30:00-04:00,10.080100059509277,10.109999656677246,10.080100059509277,10.104999542236328,47917,0.0,0.0,0.0
2023-06-12 14:30:00-04:00,10.101799964904785,10.143099784851074,10.100000381469727,10.124500274658203,25557,0.0,0.0,0.0
2023-06-12 15:30:00-04:00,10.13599967956543,10.157999992370605,10.13599967956543,10.149999618530273,19908,0.0,0.0,0.0
2023-06-13 09:30:00-04:00,10.270000457763672,10.319999694824219,10.204999923706055,10.243000030517578,95280,0.0,0.0,0.0
2023-06-13 10:30:00-04:00,10.239999771118164,10.317999839782715,10.234999656677246,10.3100004196167,51795,0.0,0.0,0.0
2023-06-13 11:30:00-04:00,10.3100004196167,10.319999694824219,10.273699760437012,10.289999961853027,25626,0.0,0.0,0.0
2023-06-13 12:30:00-04:00,10.295000076293945,10.34000015258789,10.293299674987793,10.3100004196167,36704,0.0,0.0,0.0
2023-06-13 13:30:00-04:00,10.310999870300293,10.335000038146973,10.25,10.25,20453,0.0,0.0,0.0
2023-06-13 14:30:00-04:00,10.259900093078613,10.319999694824219,10.240099906921387,10.3100004196167,26069,0.0,0.0,0.0
2023-06-13 15:30:00-04:00,10.3100004196167,10.329999923706055,10.295000076293945,10.329999923706055,32954,0.0,0.0,0.0
2023-06-14 09:30:00-04:00,10.359999656677246,10.375,10.289999961853027,10.358400344848633,72491,0.0,0.0,0.0
2023-06-14 10:30:00-04:00,10.364999771118164,10.420000076293945,10.364999771118164,10.40999984741211,35073,0.0,0.0,0.0
2023-06-14 11:30:00-04:00,10.420000076293945,10.430000305175781,10.390000343322754,10.430000305175781,20564,0.0,0.0,0.0
2023-06-14 12:30:00-04:00,10.420599937438965,10.430000305175781,10.380000114440918,10.380000114440918,24369,0.0,0.0,0.0
2023-06-14 13:30:00-04:00,10.369999885559082,10.380000114440918,10.250699996948242,10.300000190734863,37486,0.0,0.0,0.0
2023-06-14 14:30:00-04:00,10.300000190734863,10.4399995803833,10.28950023651123,10.404999732971191,62581,0.0,0.0,0.0
2023-06-14 15:30:00-04:00,10.399999618530273,10.449999809265137,10.390000343322754,10.4399995803833,84837,0.0,0.0,0.0
2023-06-15 09:30:00-04:00,10.390000343322754,10.468500137329102,10.359999656677246,10.468500137329102,103739,0.0,0.0,0.0
2023-06-15 10:30:00-04:00,10.4483003616333,10.4891996383667,10.430000305175781,10.4891996383667,26727,0.0,0.0,0.0
2023-06-15 11:30:00-04:00,10.48960018157959,10.517999649047852,10.479999542236328,10.494999885559082,39958,0.0,0.0,0.0
2023-06-15 12:30:00-04:00,10.499600410461426,10.5,10.475000381469727,10.489999771118164,11472,0.0,0.0,0.0
2023-06-15 13:30:00-04:00,10.5,10.545000076293945,10.5,10.520000457763672,24707,0.0,0.0,0.0
2023-06-15 14:30:00-04:00,10.530900001525879,10.579999923706055,10.529999732971191,10.5600004196167,27378,0.0,0.0,0.0
2023-06-15 15:30:00-04:00,10.56190013885498,10.574999809265137,10.53499984741211,10.539999961853027,27293,0.0,0.0,0.0
2023-06-16 09:30:00-04:00,10.609999656677246,10.62030029296875,10.53499984741211,10.600000381469727,84716,0.0,0.0,0.0
2023-06-16 10:30:00-04:00,10.604999542236328,10.618399620056152,10.524999618530273,10.550000190734863,56607,0.0,0.0,0.0
2023-06-16 11:30:00-04:00,10.545000076293945,10.579999923706055,10.522100448608398,10.579999923706055,27759,0.0,0.0,0.0
2023-06-16 12:30:00-04:00,10.579999923706055,10.609999656677246,10.569999694824219,10.569999694824219,24142,0.0,0.0,0.0
2023-06-16 13:30:00-04:00,10.569999694824219,10.579999923706055,10.54010009765625,10.546199798583984,30777,0.0,0.0,0.0
2023-06-16 14:30:00-04:00,10.539999961853027,10.545000076293945,10.484999656677246,10.5,34381,0.0,0.0,0.0
2023-06-16 15:30:00-04:00,10.5,10.529999732971191,10.489999771118164,10.5,15072,0.0,0.0,0.0
2023-06-20 09:30:00-04:00,10.449999809265137,10.470000267028809,10.300000190734863,10.300000190734863,295388,0.0,0.0,0.0
2023-06-20 10:30:00-04:00,10.300000190734863,10.324999809265137,10.290900230407715,10.3149995803833,50410,0.0,0.0,0.0
2023-06-20 11:30:00-04:00,10.319999694824219,10.342100143432617,10.300000190734863,10.342100143432617,22630,0.0,0.0,0.0
2023-06-20 12:30:00-04:00,10.34000015258789,10.369999885559082,10.34000015258789,10.361700057983398,13422,0.0,0.0,0.0
2023-06-20 13:30:00-04:00,10.359999656677246,10.369999885559082,10.34000015258789,10.359999656677246,14671,0.0,0.0,0.0
2023-06-20 14:30:00-04:00,10.350000381469727,10.359299659729004,10.34000015258789,10.359299659729004,8715,0.0,0.0,0.0
2023-06-20 15:30:00-04:00,10.359999656677246,10.390000343322754,10.359999656677246,10.359999656677246,29206,0.0,0.0,0.0
2023-06-21 09:30:00-04:00,10.3100004196167,10.319999694824219,10.1850004196167,10.1899995803833,143603,0.0,0.0,0.0
2023-06-21 10:30:00-04:00,10.199399948120117,10.199999809265137,10.100000381469727,10.130000114440918,73357,0.0,0.0,0.0
2023-06-21 11:30:00-04:00,10.130000114440918,10.154999732971191,10.104999542236328,10.12440013885498,13678,0.0,0.0,0.0
2023-06-21 12:30:00-04:00,10.130000114440918,10.137999534606934,10.110099792480469,10.125,15443,0.0,0.0,0.0
2023-06-21 13:30:00-04:00,10.111900329589844,10.175000190734863,10.111900329589844,10.174699783325195,15590,0.0,0.0,0.0
2023-06-21 14:30:00-04:00,10.175800323486328,10.187999725341797,10.15999984741211,10.164999961853027,14712,0.0,0.0,0.0
2023-06-21 15:30:00-04:00,10.164999961853027,10.164999961853027,10.119999885559082,10.119999885559082,11060,0.0,0.0,0.0
2023-06-22 09:30:00-04:00,10.050000190734863,10.164999961853027,10.050000190734863,10.149999618530273,52265,0.0,0.0,0.0
2023-06-22 10:30:00-04:00,10.149999618530273,10.149999618530273,10.084099769592285,10.125,20735,0.0,0.0,0.0
2023-06-22 11:30:00-04:00,10.120100021362305,10.1899995803833,10.120100021362305,10.149999618530273,21337,0.0,0.0,0.0
2023-06-22 12:30:00-04:00,10.15999984741211,10.178000450134277,10.130000114440918,10.149999618530273,27343,0.0,0.0,0.0
2023-06-22 13:30:00-04:00,10.15999984741211,10.175000190734863,10.150099754333496,10.175000190734863,15390,0.0,0.0,0.0
2023-06-22 14:30:00-04:00,10.171699523925781,10.199999809265137,10.162199974060059,10.179900169372559,22310,0.0,0.0,0.0
2023-06-22 15:30:00-04:00,10.170000076293945,10.204999923706055,10.164999961853027,10.199999809265137,49515,0.0,0.0,0.0
2023-06-23 09:30:00-04:00,10.050000190734863,10.069999694824219,10.0,10.03499984741211,62338,0.0,0.0,0.0
2023-06-23 10:30:00-04:00,10.039999961853027,10.069999694824219,10.024999618530273,10.024999618530273,54191,0.0,0.0,0.0
2023-06-23 11:30:00-04:00,10.024999618530273,10.100000381469727,10.024999618530273,10.100000381469727,57756,0.0,0.0,0.0
2023-06-23 12:30:00-04:00,10.095000267028809,10.135000228881836,10.095000267028809,10.125,28879,0.0,0.0,0.0
2023-06-23 13:30:00-04:00,10.120100021362305,10.128700256347656,10.100000381469727,10.104999542236328,28483,0.0,0.0,0.0
2023-06-23 14:30:00-04:00,10.104999542236328,10.104999542236328,10.069999694824219,10.085000038146973,28470,0.0,0.0,0.0
2023-06-23 15:30:00-04:00,10.079999923706055,10.095000267028809,10.069999694824219,10.09000015258789,30633,0.0,0.0,0.0
2023-06-26 09:30:00-04:00,10.069999694824219,10.194999694824219,10.069999694824219,10.170000076293945,94275,0.0,0.0,0.0
2023-06-26 10:30:00-04:00,10.164999961853027,10.164999961853027,10.100000381469727,10.109999656677246,37922,0.0,0.0,0.0
2023-06-26 11:30:00-04:00,10.104999542236328,10.13029956817627,10.0600004196167,10.069999694824219,22419,0.0,0.0,0.0
2023-06-26 12:30:00-04:00,10.059800148010254,10.079999923706055,10.039999961853027,10.079999923706055,29018,0.0,0.0,0.0
2023-06-26 13:30:00-04:00,10.079999923706055,10.08590030670166,10.0649995803833,10.074999809265137,9530,0.0,0.0,0.0
2023-06-26 14:30:00-04:00,10.074999809265137,10.114999771118164,10.074999809265137,10.100000381469727,15156,0.0,0.0,0.0
2023-06-26 15:30:00-04:00,10.100000381469727,10.114999771118164,10.050000190734863,10.059700012207031,19851,0.0,0.0,0.0
2023-06-27 09:30:00-04:00,10.130000114440918,10.225000381469727,10.130000114440918,10.21500015258789,28507,0.0,0.0,0.0
2023-06-27 10:30:00-04:00,10.204999923706055,10.25,10.20479965209961,10.25,38322,0.0,0.0,0.0
2023-06-27 11:30:00-04:00,10.252300262451172,10.287699699401855,10.252300262451172,10.287699699401855,15548,0.0,0.0,0.0
2023-06-27 12:30:00-04:00,10.295000076293945,10.329899787902832,10.289999961853027,10.324999809265137,17884,0.0,0.0,0.0
2023-06-27 13:30:00-04:00,10.329999923706055,10.359999656677246,10.329999923706055,10.359999656677246,63675,0.0,0.0,0.0
2023-06-27 14:30:00-04:00,10.36989974975586,10.388899803161621,10.350000381469727,10.388899803161621,15092,0.0,0.0,0.0
2023-06-27 15:30:00-04:00,10.385000228881836,10.385000228881836,10.350000381469727,10.350000381469727,26657,0.0,0.0,0.0
2023-06-28 09:30:00-04:00,10.279999732971191,10.35200023651123,10.260000228881836,10.35200023651123,40473,0.0,0.0,0.0
2023-06-28 10:30:00-04:00,10.369999885559082,10.399399757385254,10.34000015258789,10.350000381469727,19072,0.0,0.0,0.0
2023-06-28 11:30:00-04:00,10.359999656677246,10.399999618530273,10.359999656677246,10.367799758911133,14285,0.0,0.0,0.0
2023-06-28 12:30:00-04:00,10.351499557495117,10.359999656677246,10.280500411987305,10.311400413513184,37648,0.0,0.0,0.0
2023-06-28 13:30:00-04:00,10.319999694824219,10.329999923706055,10.300000190734863,10.329999923706055,34314,0.0,0.0,0.0
2023-06-28 14:30:00-04:00,10.322699546813965,10.329999923706055,10.289999961853027,10.3100004196167,8708,0.0,0.0,0.0
2023-06-28 15:30:00-04:00,10.3149995803833,10.324999809265137,10.305000305175781,10.319999694824219,8887,0.0,0.0,0.0
2023-06-29 09:30:00-04:00,10.300000190734863,10.320199966430664,10.25,10.269399642944336,30817,0.0,0.0,0.0
2023-06-29 10:30:00-04:00,10.25,10.289999961853027,10.244999885559082,10.289999961853027,10826,0.0,0.0,0.0
2023-06-29 11:30:00-04:00,10.28499984741211,10.28499984741211,10.251999855041504,10.274999618530273,16219,0.0,0.0,0.0
2023-06-29 12:30:00-04:00,10.274999618530273,10.295000076293945,10.25,10.262200355529785,8490,0.0,0.0,0.0
2023-06-29 13:30:00-04:00,10.261699676513672,10.265700340270996,10.229999542236328,10.25160026550293,18954,0.0,0.0,0.0
2023-06-29 14:30:00-04:00,10.25,10.270000457763672,10.239999771118164,10.260000228881836,7839,0.0,0.0,0.0
2023-06-29 15:30:00-04:00,10.260000228881836,10.270000457763672,10.240900039672852,10.270000457763672,18014,0.0,0.0,0.0
2023-06-30 09:30:00-04:00,10.359999656677246,10.460000038146973,10.359999656677246,10.454999923706055,318200,0.0,0.0,0.0
2023-06-30 10:30:00-04:00,10.460599899291992,10.470600128173828,10.399999618530273,10.399999618530273,30788,0.0,0.0,0.0
2023-06-30 11:30:00-04:00,10.398099899291992,10.408300399780273,10.380000114440918,10.406399726867676,16932,0.0,0.0,0.0
2023-06-30 12:30:00-04:00,10.40999984741211,10.4399995803833,10.40999984741211,10.425000190734863,18915,0.0,0.0,0.0
2023-06-30 13:30:00-04:00,10.420000076293945,10.438300132751465,10.414999961853027,10.423500061035156,132368,0.0,0.0,0.0
2023-06-30 14:30:00-04:00,10.430100440979004,10.430100440979004,10.399999618530273,10.40999984741211,21081,0.0,0.0,0.0
2023-06-30 15:30:00-04:00,10.404999732971191,10.415900230407715,10.390000343322754,10.390000343322754,21675,0.0,0.0,0.0
2023-07-03 09:30:00-04:00,10.430000305175781,10.490500450134277,10.40999984741211,10.479999542236328,74459,0.0,0.0,0.0
2023-07-03 10:30:00-04:00,10.470000267028809,10.475000381469727,10.430100440979004,10.456600189208984,23041,0.0,0.0,0.0
2023-07-03 11:30:00-04:00,10.449999809265137,10.468299865722656,10.4399995803833,10.462200164794922,11688,0.0,0.0,0.0
2023-07-05 09:30:00-04:00,10.399999618530273,10.425000190734863,10.380000114440918,10.420000076293945,46544,0.0,0.0,0.0
2023-07-05 10:30:00-04:00,10.430000305175781,10.449999809265137,10.399999618530273,10.400099754333496,79777,0.0,0.0,0.0
2023-07-05 11:30:00-04:00,10.399999618530273,10.420999526977539,10.385000228881836,10.419899940490723,11389,0.0,0.0,0.0
2023-07-05 12:30:00-04:00,10.412799835205078,10.421299934387207,10.385000228881836,10.414999961853027,11984,0.0,0.0,0.0
2023-07-05 13:30:00-04:00,10.404999732971191,10.430000305175781,10.390399932861328,10.404999732971191,12260,0.0,0.0,0.0
2023-07-05 14:30:00-04:00,10.40999984741211,10.439900398254395,10.404999732971191,10.4350004196167,8736,0.0,0.0,0.0
2023-07-05 15:30:00-04:00,10.4399995803833,10.444999694824219,10.399999618530273,10.399999618530273,15439,0.0,0.0,0.0
2023-07-06 09:30:00-04:00,10.289999961853027,10.289999961853027,10.199999809265137,10.204999923706055,0,0.0,0.0,0.0
2023-07-06 10:30:00-04:00,10.204999923706055,10.210399627685547,10.15999984741211,10.173500061035156,87121,0.0,0.0,0.0
2023-07-06 11:30:00-04:00,10.180000305175781,10.209500312805176,10.180000305175781,10.209500312805176,16432,0.0,0.0,0.0
2023-07-06 12:30:00-04:00,10.204999923706055,10.229999542236328,10.204999923706055,10.220000267028809,11221,0.0,0.0,0.0
2023-07-06 13:30:00-04:00,10.210000038146973,10.229999542236328,10.208000183105469,10.211999893188477,6186,0.0,0.0,0.0
2023-07-06 14:30:00-04:00,10.220000267028809,10.239999771118164,10.220000267028809,10.229999542236328,23003,0.0,0.0,0.0
2023-07-06 15:30:00-04:00,10.227499961853027,10.25,10.220000267028809,10.239999771118164,15009,0.0,0.0,0.0
2023-07-07 09:30:00-04:00,10.260000228881836,10.359999656677246,10.25,10.329999923706055,1036975,0.0,0.0,0.0
2023-07-07 10:30:00-04:00,10.319999694824219,10.369999885559082,10.300000190734863,10.35219955444336,20924,0.0,0.0,0.0
2023-07-07 11:30:00-04:00,10.354999542236328,10.389300346374512,10.35219955444336,10.385000228881836,41897,0.0,0.0,0.0
2023-07-07 12:30:00-04:00,10.389300346374512,10.430100440979004,10.389300346374512,10.430100440979004,51976,0.0,0.0,0.0
2023-07-07 13:30:00-04:00,10.430000305175781,10.4350004196167,10.399999618530273,10.40999984741211,36867,0.0,0.0,0.0
2023-07-07 14:30:00-04:00,10.399999618530273,10.404999732971191,10.369999885559082,10.369999885559082,29063,0.0,0.0,0.0
2023-07-07 15:30:00-04:00,10.354499816894531,10.369099617004395,10.3100004196167,10.319999694824219,28621,0.0,0.0,0.0
2023-07-10 09:30:00-04:00,10.300000190734863,10.324999809265137,10.229999542236328,10.305000305175781,55209,0.0,0.0,0.0
2023-07-10 10:30:00-04:00,10.305000305175781,10.319999694824219,10.279999732971191,10.3100004196167,38268,0.0,0.0,0.0
2023-07-10 11:30:00-04:00,10.3149995803833,10.324999809265137,10.255000114440918,10.28499984741211,16685,0.0,0.0,0.0
2023-07-10 12:30:00-04:00,10.28499984741211,10.321399688720703,10.28219985961914,10.321399688720703,21215,0.0,0.0,0.0
2023-07-10 13:30:00-04:00,10.324999809265137,10.350000381469727,10.31190013885498,10.350000381469727,21104,0.0,0.0,0.0
2023-07-10 14:30:00-04:00,10.345000267028809,10.350000381469727,10.335000038146973,10.34000015258789,32509,0.0,0.0,0.0
2023-07-10 15:30:00-04:00,10.340100288391113,10.350000381469727,10.329999923706055,10.350000381469727,54987,0.0,0.0,0.0
2023-07-11 09:30:00-04:00,10.380000114440918,10.464699745178223,10.372200012207031,10.464699745178223,73972,0.0,0.0,0.0
2023-07-11 10:30:00-04:00,10.460000038146973,10.520299911499023,10.460000038146973,10.491000175476074,41259,0.0,0.0,0.0
2023-07-11 11:30:00-04:00,10.494999885559082,10.5600004196167,10.491000175476074,10.520000457763672,57257,0.0,0.0,0.0
2023-07-11 12:30:00-04:00,10.527799606323242,10.540900230407715,10.520000457763672,10.529999732971191,16436,0.0,0.0,0.0
2023-07-11 13:30:00-04:00,10.538999557495117,10.539999961853027,10.5,10.5,16477,0.0,0.0,0.0
2023-07-11 14:30:00-04:00,10.5,10.545000076293945,10.494999885559082,10.545000076293945,6315,0.0,0.0,0.0
2023-07-11 15:30:00-04:00,10.545000076293945,10.569999694824219,10.52560043334961,10.5600004196167,16826,0.0,0.0,0.0
2023-07-12 09:30:00-04:00,10.680000305175781,10.720000267028809,10.670000076293945,10.694999694824219,128098,0.0,0.0,0.0
2023-07-12 10:30:00-04:00,10.699999809265137,10.710000038146973,10.682100296020508,10.6899995803833,75950,0.0,0.0,0.0
2023-07-12 11:30:00-04:00,10.6899995803833,10.699999809265137,10.614999771118164,10.65999984741211,136320,0.0,0.0,0.0
2023-07-12 12:30:00-04:00,10.65999984741211,10.699999809265137,10.65999984741211,10.699999809265137,55974,0.0,0.0,0.0
2023-07-12 13:30:00-04:00,10.699999809265137,10.739999771118164,10.699999809265137,10.729999542236328,53732,0.0,0.0,0.0
2023-07-12 14:30:00-04:00,10.729999542236328,10.739999771118164,10.699999809265137,10.710000038146973,52341,0.0,0.0,0.0
2023-07-12 15:30:00-04:00,10.712300300598145,10.739999771118164,10.710000038146973,10.739999771118164,188889,0.0,0.0,0.0
2023-07-13 09:30:00-04:00,10.829999923706055,10.920000076293945,10.829999923706055,10.890000343322754,117752,0.0,0.0,0.0
2023-07-13 10:30:00-04:00,10.880000114440918,10.930000305175781,10.880000114440918,10.90999984741211,53250,0.0,0.0,0.0
2023-07-13 11:30:00-04:00,10.90999984741211,10.949999809265137,10.899999618530273,10.949999809265137,89068,0.0,0.0,0.0
2023-07-13 12:30:00-04:00,10.944999694824219,10.968999862670898,10.9399995803833,10.96500015258789,53171,0.0,0.0,0.0
2023-07-13 13:30:00-04:00,10.96500015258789,10.979999542236328,10.959600448608398,10.96500015258789,23255,0.0,0.0,0.0
2023-07-13 14:30:00-04:00,10.960000038146973,10.989999771118164,10.954999923706055,10.98169994354248,27227,0.0,0.0,0.0
2023-07-13 15:30:00-04:00,10.989999771118164,11.0,10.981900215148926,11.0,50173,0.0,0.0,0.0
2023-07-14 09:30:00-04:00,10.979999542236328,11.037799835205078,10.979999542236328,11.002099990844727,112489,0.0,0.0,0.0
2023-07-14 10:30:00-04:00,11.010000228881836,11.0108003616333,10.91919994354248,10.960000038146973,42850,0.0,0.0,0.0
2023-07-14 11:30:00-04:00,10.970000267028809,10.975000381469727,10.920000076293945,10.920000076293945,25098,0.0,0.0,0.0
2023-07-14 12:30:00-04:00,10.930000305175781,10.949899673461914,10.882399559020996,10.89169979095459,36065,0.0,0.0,0.0
2023-07-14 13:30:00-04:00,10.899900436401367,10.909000396728516,10.859999656677246,10.859999656677246,14354,0.0,0.0,0.0
2023-07-14 14:30:00-04:00,10.854999542236328,10.864999771118164,10.802200317382812,10.824999809265137,18810,0.0,0.0,0.0
2023-07-14 15:30:00-04:00,10.822799682617188,10.850000381469727,10.822500228881836,10.845000267028809,19552,0.0,0.0,0.0
2023-07-17 09:30:00-04:00,10.859999656677246,10.890000343322754,10.819999694824219,10.880000114440918,53477,0.0,0.0,0.0
2023-07-17 10:30:00-04:00,10.888699531555176,10.899999618530273,10.869999885559082,10.890000343322754,33326,0.0,0.0,0.0
2023-07-17 11:30:00-04:00,10.88379955291748,10.920000076293945,10.88379955291748,10.89169979095459,37088,0.0,0.0,0.0
2023-07-17 12:30:00-04:00,10.892200469970703,10.930000305175781,10.890000343322754,10.914999961853027,80280,0.0,0.0,0.0
2023-07-17 13:30:00-04:00,10.920000076293945,10.949999809265137,10.920000076293945,10.949999809265137,25695,0.0,0.0,0.0
2023-07-17 14:30:00-04:00,10.949999809265137,10.989999771118164,10.9399995803833,10.979599952697754,46363,0.0,0.0,0.0
2023-07-17 15:30:00-04:00,10.977100372314453,10.979999542236328,10.960000038146973,10.960000038146973,33411,0.0,0.0,0.0
2023-07-18 09:30:00-04:00,10.930000305175781,10.949199676513672,10.850000381469727,10.89009952545166,91680,0.0,0.0,0.0
2023-07-18 10:30:00-04:00,10.880000114440918,10.90999984741211,10.880000114440918,10.880000114440918,37579,0.0,0.0,0.0
2023-07-18 11:30:00-04:00,10.880000114440918,10.930000305175781,10.869999885559082,10.930000305175781,36480,0.0,0.0,0.0
2023-07-18 12:30:00-04:00,10.9399995803833,10.94219970703125,10.914999961853027,10.930000305175781,8038,0.0,0.0,0.0
2023-07-18 13:30:00-04:00,10.938199996948242,10.989999771118164,10.930000305175781,10.988900184631348,17255,0.0,0.0,0.0
2023-07-18 14:30:00-04:00,10.979999542236328,11.010000228881836,10.976200103759766,11.005000114440918,25820,0.0,0.0,0.0
2023-07-18 15:30:00-04:00,11.008199691772461,11.008199691772461,10.979999542236328,10.989999771118164,26102,0.0,0.0,0.0
2023-07-19 09:30:00-04:00,11.029999732971191,11.089799880981445,11.020000457763672,11.0600004196167,82846,0.0,0.0,0.0
2023-07-19 10:30:00-04:00,11.05840015411377,11.085000038146973,11.039999961853027,11.07919979095459,28300,0.0,0.0,0.0
2023-07-19 11:30:00-04:00,11.079999923706055,11.079999923706055,11.0,11.001399993896484,23675,0.0,0.0,0.0
2023-07-19 12:30:00-04:00,10.989999771118164,10.99839973449707,10.952099800109863,10.952400207519531,25868,0.0,0.0,0.0
2023-07-19 13:30:00-04:00,10.960100173950195,10.984999656677246,10.949999809265137,10.954999923706055,15361,0.0,0.0,0.0
2023-07-19 14:30:00-04:00,10.960000038146973,11.017999649047852,10.960000038146973,11.010000228881836,25888,0.0,0.0,0.0
2023-07-19 15:30:00-04:00,11.005000114440918,11.010000228881836,10.989999771118164,11.0,21635,0.0,0.0,0.0
2023-07-20 09:30:00-04:00,10.899999618530273,10.910599708557129,10.778900146484375,10.778900146484375,45338,0.0,0.0,0.0
2023-07-20 10:30:00-04:00,10.770000457763672,10.774999618530273,10.710000038146973,10.770000457763672,44307,0.0,0.0,0.0
2023-07-20 11:30:00-04:00,10.770999908447266,10.779999732971191,10.734999656677246,10.740599632263184,15382,0.0,0.0,0.0
2023-07-20 12:30:00-04:00,10.725000381469727,10.729999542236328,10.70009994506836,10.718299865722656,24007,0.0,0.0,0.0
2023-07-20 13:30:00-04:00,10.719200134277344,10.720000267028809,10.65999984741211,10.65999984741211,15881,0.0,0.0,0.0
2023-07-20 14:30:00-04:00,10.654999732971191,10.670000076293945,10.600000381469727,10.603699684143066,68103,0.0,0.0,0.0
2023-07-20 15:30:00-04:00,10.604999542236328,10.635000228881836,10.600799560546875,10.619999885559082,33918,0.0,0.0,0.0
2023-07-21 09:30:00-04:00,10.699999809265137,10.739999771118164,10.59000015258789,10.59000015258789,0,0.0,0.0,0.0
2023-07-21 10:30:00-04:00,10.600000381469727,10.670000076293945,10.600000381469727,10.670000076293945,93081,0.0,0.0,0.0
2023-07-21 11:30:00-04:00,10.65999984741211,10.65999984741211,10.609999656677246,10.630000114440918,19197,0.0,0.0,0.0
2023-07-21 12:30:00-04:00,10.619999885559082,10.639900207519531,10.600000381469727,10.630000114440918,16854,0.0,0.0,0.0
2023-07-21 13:30:00-04:00,10.649999618530273,10.65839958190918,10.630999565124512,10.630999565124512,9417,0.0,0.0,0.0
2023-07-21 14:30:00-04:00,10.62399959564209,10.631699562072754,10.59000015258789,10.600000381469727,108655,0.0,0.0,0.0
2023-07-21 15:30:00-04:00,10.597900390625,10.600000381469727,10.585000038146973,10.600000381469727,16045,0.0,0.0,0.0
2023-07-24 09:30:00-04:00,10.579999923706055,10.630000114440918,10.510000228881836,10.579899787902832,53070,0.0,0.0,0.0
2023-07-24 10:30:00-04:00,10.569999694824219,10.609999656677246,10.555000305175781,10.59000015258789,17944,0.0,0.0,0.0
2023-07-24 11:30:00-04:00,10.579999923706055,10.600000381469727,10.5600004196167,10.59000015258789,20243,0.0,0.0,0.0
2023-07-24 12:30:00-04:00,10.604999542236328,10.604999542236328,10.59000015258789,10.595999717712402,11349,0.0,0.0,0.0
2023-07-24 13:30:00-04:00,10.599699974060059,10.628000259399414,10.599699974060059,10.614999771118164,8867,0.0,0.0,0.0
2023-07-24 14:30:00-04:00,10.609999656677246,10.614999771118164,10.569999694824219,10.569999694824219,11725,0.0,0.0,0.0
2023-07-24 15:30:00-04:00,10.569999694824219,10.579999923706055,10.569600105285645,10.579999923706055,102766,0.0,0.0,0.0
2023-07-25 09:30:00-04:00,10.619999885559082,10.680000305175781,10.619999885559082,10.65999984741211,51349,0.0,0.0,0.0
2023-07-25 10:30:00-04:00,10.65999984741211,10.65999984741211,10.632499694824219,10.642000198364258,24778,0.0,0.0,0.0
2023-07-25 11:30:00-04:00,10.649999618530273,10.670000076293945,10.649999618530273,10.659099578857422,37449,0.0,0.0,0.0
2023-07-25 12:30:00-04:00,10.65999984741211,10.680000305175781,10.649999618530273,10.674300193786621,18622,0.0,0.0,0.0
2023-07-25 13:30:00-04:00,10.67770004272461,10.680000305175781,10.660099983215332,10.670000076293945,7606,0.0,0.0,0.0
2023-07-25 14:30:00-04:00,10.680000305175781,10.691900253295898,10.660099983215332,10.670100212097168,6746,0.0,0.0,0.0
2023-07-25 15:30:00-04:00,10.670000076293945,10.670000076293945,10.640000343322754,10.649999618530273,19866,0.0,0.0,0.0
2023-07-26 09:30:00-04:00,10.600000381469727,10.604999542236328,10.510000228881836,10.573100090026855,42315,0.0,0.0,0.0
2023-07-26 10:30:00-04:00,10.585000038146973,10.585000038146973,10.510000228881836,10.520000457763672,20086,0.0,0.0,0.0
2023-07-26 11:30:00-04:00,10.524999618530273,10.56029987335205,10.524999618530273,10.537199974060059,9170,0.0,0.0,0.0
2023-07-26 12:30:00-04:00,10.548500061035156,10.556699752807617,10.539999961853027,10.550100326538086,4052,0.0,0.0,0.0
2023-07-26 13:30:00-04:00,10.559300422668457,10.582300186157227,10.550000190734863,10.550000190734863,14717,0.0,0.0,0.0
2023-07-26 14:30:00-04:00,10.555000305175781,10.640000343322754,10.539400100708008,10.579899787902832,99725,0.0,0.0,0.0
2023-07-26 15:30:00-04:00,10.574999809265137,10.611000061035156,10.574999809265137,10.600000381469727,30883,0.0,0.0,0.0
2023-07-27 09:30:00-04:00,10.819999694824219,10.837800025939941,10.720000267028809,10.720000267028809,88177,0.0,0.0,0.0
2023-07-27 10:30:00-04:00,10.710000038146973,10.7568998336792,10.704999923706055,10.739999771118164,33524,0.0,0.0,0.0
2023-07-27 11:30:00-04:00,10.75,10.760000228881836,10.720000267028809,10.760000228881836,19662,0.0,0.0,0.0
2023-07-27 12:30:00-04:00,10.765000343322754,10.765000343322754,10.663200378417969,10.663200378417969,44878,0.0,0.0,0.0
2023-07-27 13:30:00-04:00,10.650300025939941,10.66819953918457,10.579999923706055,10.579999923706055,23382,0.0,0.0,0.0
2023-07-27 14:30:00-04:00,10.579999923706055,10.579999923706055,10.515000343322754,10.53499984741211,36013,0.0,0.0,0.0
2023-07-27 15:30:00-04:00,10.539999961853027,10.548100471496582,10.489999771118164,10.539999961853027,58942,0.0,0.0,0.0
2023-07-28 09:30:00-04:00,10.670000076293945,10.770000457763672,10.670000076293945,10.729999542236328,74651,0.0,0.0,0.0
2023-07-28 10:30:00-04:00,10.75,10.781000137329102,10.714500427246094,10.781000137329102,35400,0.0,0.0,0.0
2023-07-28 11:30:00-04:00,10.779999732971191,10.800000190734863,10.779999732971191,10.800000190734863,37849,0.0,0.0,0.0
2023-07-28 12:30:00-04:00,10.808300018310547,10.808300018310547,10.765000343322754,10.765999794006348,19123,0.0,0.0,0.0
2023-07-28 13:30:00-04:00,10.765000343322754,10.789999961853027,10.739999771118164,10.789999961853027,11420,0.0,0.0,0.0
2023-07-28 14:30:00-04:00,10.795000076293945,10.8100004196167,10.779999732971191,10.789999961853027,32605,0.0,0.0,0.0
2023-07-28 15:30:00-04:00,10.784799575805664,10.795000076293945,10.779999732971191,10.779999732971191,34770,0.0,0.0,0.0
2023-07-31 09:30:00-04:00,10.8100004196167,10.890000343322754,10.8100004196167,10.859999656677246,61710,0.0,0.0,0.0
2023-07-31 10:30:00-04:00,10.869999885559082,10.875,10.84000015258789,10.867799758911133,33492,0.0,0.0,0.0
2023-07-31 11:30:00-04:00,10.860699653625488,10.875,10.850099563598633,10.869600296020508,18864,0.0,0.0,0.0
2023-07-31 12:30:00-04:00,10.868000030517578,10.869799613952637,10.829999923706055,10.854000091552734,16021,0.0,0.0,0.0
2023-07-31 13:30:00-04:00,10.845000267028809,10.869999885559082,10.845000267028809,10.859999656677246,11663,0.0,0.0,0.0
2023-07-31 14:30:00-04:00,10.851499557495117,10.869600296020508,10.850000381469727,10.854999542236328,9295,0.0,0.0,0.0
2023-07-31 15:30:00-04:00,10.850000381469727,10.859999656677246,10.820300102233887,10.859999656677246,22045,0.0,0.0,0.0
2023-08-01 09:30:00-04:00,10.84000015258789,10.84000015258789,10.75,10.779999732971191,44943,0.0,0.0,0.0
2023-08-01 10:30:00-04:00,10.779999732971191,10.829999923706055,10.779999732971191,10.819999694824219,23872,0.0,0.0,0.0
2023-08-01 11:30:00-04:00,10.819999694824219,10.830100059509277,10.813799858093262,10.819999694824219,18318,0.0,0.0,0.0
2023-08-01 12:30:00-04:00,10.81779956817627,10.850000381469727,10.8100004196167,10.844499588012695,91163,0.0,0.0,0.0
2023-08-01 13:30:00-04:00,10.829999923706055,10.850000381469727,10.829999923706055,10.847599983215332,13100,0.0,0.0,0.0
2023-08-01 14:30:00-04:00,10.850500106811523,10.869999885559082,10.850000381469727,10.860799789428711,9033,0.0,0.0,0.0
2023-08-01 15:30:00-04:00,10.864899635314941,10.875,10.850000381469727,10.850000381469727,69802,0.0,0.0,0.0
2023-08-02 09:30:00-04:00,10.65999984741211,10.668600082397461,10.520000457763672,10.550000190734863,122269,0.0,0.0,0.0
2023-08-02 10:30:00-04:00,10.550000190734863,10.553000450134277,10.454999923706055,10.460000038146973,38832,0.0,0.0,0.0
2023-08-02 11:30:00-04:00,10.46500015258789,10.479999542236328,10.380000114440918,10.404999732971191,28803,0.0,0.0,0.0
2023-08-02 12:30:00-04:00,10.404500007629395,10.475000381469727,10.404500007629395,10.460000038146973,16995,0.0,0.0,0.0
2023-08-02 13:30:00-04:00,10.46500015258789,10.492500305175781,10.460000038146973,10.475000381469727,14676,0.0,0.0,0.0
2023-08-02 14:30:00-04:00,10.479900360107422,10.489999771118164,10.449999809265137,10.449999809265137,9268,0.0,0.0,0.0
2023-08-02 15:30:00-04:00,10.4399995803833,10.470000267028809,10.4399995803833,10.460000038146973,71991,0.0,0.0,0.0
2023-08-03 09:30:00-04:00,10.390000343322754,10.4399995803833,10.34220027923584,10.350000381469727,74923,0.0,0.0,0.0
2023-08-03 10:30:00-04:00,10.345000267028809,10.449999809265137,10.345000267028809,10.4399995803833,57157,0.0,0.0,0.0
2023-08-03 11:30:00-04:00,10.4350004196167,10.439900398254395,10.404999732971191,10.425000190734863,12774,0.0,0.0,0.0
2023-08-03 12:30:00-04:00,10.430000305175781,10.46500015258789,10.420000076293945,10.444499969482422,41710,0.0,0.0,0.0
2023-08-03 13:30:00-04:00,10.449999809265137,10.449999809265137,10.401399612426758,10.40999984741211,31466,0.0,0.0,0.0
2023-08-03 14:30:00-04:00,10.414999961853027,10.420000076293945,10.380000114440918,10.392200469970703,44492,0.0,0.0,0.0
2023-08-03 15:30:00-04:00,10.395000457763672,10.40999984741211,10.390000343322754,10.399999618530273,44276,0.0,0.0,0.0
2023-08-04 09:30:00-04:00,10.479999542236328,10.524999618530273,10.369999885559082,10.414999961853027,44388,0.0,0.0,0.0
2023-08-04 10:30:00-04:00,10.420000076293945,10.489999771118164,10.420000076293945,10.489999771118164,25043,0.0,0.0,0.0
2023-08-04 11:30:00-04:00,10.484999656677246,10.515000343322754,10.470000267028809,10.515000343322754,23405,0.0,0.0,0.0
2023-08-04 12:30:00-04:00,10.515000343322754,10.529999732971191,10.470100402832031,10.475000381469727,26729,0.0,0.0,0.0
2023-08-04 13:30:00-04:00,10.476300239562988,10.484999656677246,10.399999618530273,10.40999984741211,25773,0.0,0.0,0.0
2023-08-04 14:30:00-04:00,10.399999618530273,10.404999732971191,10.354999542236328,10.354999542236328,28540,0.0,0.0,0.0
2023-08-04 15:30:00-04:00,10.359999656677246,10.369999885559082,10.34000015258789,10.369999885559082,46646,0.0,0.0,0.0
2023-08-07 09:30:00-04:00,10.40999984741211,10.430000305175781,10.3100004196167,10.359999656677246,69425,0.0,0.0,0.0
2023-08-07 10:30:00-04:00,10.359999656677246,10.380000114440918,10.312199592590332,10.320899963378906,25236,0.0,0.0,0.0
2023-08-07 11:30:00-04:00,10.319999694824219,10.359999656677246,10.305000305175781,10.359999656677246,12588,0.0,0.0,0.0
2023-08-07 12:30:00-04:00,10.359999656677246,10.369999885559082,10.345499992370605,10.35990047454834,9791,0.0,0.0,0.0
2023-08-07 13:30:00-04:00,10.355400085449219,10.380000114440918,10.351499557495117,10.359999656677246,14470,0.0,0.0,0.0
2023-08-07 14:30:00-04:00,10.354999542236328,10.380000114440918,10.354999542236328,10.369999885559082,14429,0.0,0.0,0.0
2023-08-07 15:30:00-04:00,10.369000434875488,10.40999984741211,10.364999771118164,10.399999618530273,27039,0.0,0.0,0.0
2023-08-08 09:30:00-04:00,10.289999961853027,10.289999961853027,10.200200080871582,10.229999542236328,61753,0.0,0.0,0.0
2023-08-08 10:30:00-04:00,10.239999771118164,10.239999771118164,10.1850004196167,10.21500015258789,25986,0.0,0.0,0.0
2023-08-08 11:30:00-04:00,10.220000267028809,10.228500366210938,10.180000305175781,10.228500366210938,24846,0.0,0.0,0.0
2023-08-08 12:30:00-04:00,10.225199699401855,10.239999771118164,10.213600158691406,10.229999542236328,16939,0.0,0.0,0.0
2023-08-08 13:30:00-04:00,10.239299774169922,10.270000457763672,10.225000381469727,10.260100364685059,20676,0.0,0.0,0.0
2023-08-08 14:30:00-04:00,10.265000343322754,10.289999961853027,10.260000228881836,10.286999702453613,8291,0.0,0.0,0.0
2023-08-08 15:30:00-04:00,10.279999732971191,10.3100004196167,10.274999618530273,10.305000305175781,9515,0.0,0.0,0.0
2023-08-09 09:30:00-04:00,10.260000228881836,10.260000228881836,10.050000190734863,10.0649995803833,278556,0.0,0.0,0.0
2023-08-09 10:30:00-04:00,10.061699867248535,10.0649995803833,9.949999809265137,9.954999923706055,81939,0.0,0.0,0.0
2023-08-09 11:30:00-04:00,9.960000038146973,10.0,9.949999809265137,10.0,68540,0.0,0.0,0.0
2023-08-09 12:30:00-04:00,9.994999885559082,10.024999618530273,9.984999656677246,10.015000343322754,51882,0.0,0.0,0.0
2023-08-09 13:30:00-04:00,10.015000343322754,10.03499984741211,10.015000343322754,10.03499984741211,41463,0.0,0.0,0.0
2023-08-09 14:30:00-04:00,10.03499984741211,10.045000076293945,10.005000114440918,10.029899597167969,65534,0.0,0.0,0.0
2023-08-09 15:30:00-04:00,10.022199630737305,10.024999618530273,9.960000038146973,9.970000267028809,72837,0.0,0.0,0.0
2023-08-10 09:30:00-04:00,10.0600004196167,10.199999809265137,10.0600004196167,10.154999732971191,80767,0.0,0.0,0.0
2023-08-10 10:30:00-04:00,10.154999732971191,10.170000076293945,10.0649995803833,10.095000267028809,34643,0.0,0.0,0.0
2023-08-10 11:30:00-04:00,10.09000015258789,10.114999771118164,10.03499984741211,10.0600004196167,46441,0.0,0.0,0.0
2023-08-10 12:30:00-04:00,10.0649995803833,10.09000015258789,10.011500358581543,10.020000457763672,34892,0.0,0.0,0.0
2023-08-10 13:30:00-04:00,10.015000343322754,10.029999732971191,9.979999542236328,10.029999732971191,33738,0.0,0.0,0.0
2023-08-10 14:30:00-04:00,10.029999732971191,10.050000190734863,10.015000343322754,10.015000343322754,41168,0.0,0.0,0.0
2023-08-10 15:30:00-04:00,10.015000343322754,10.029999732971191,10.0,10.029999732971191,34222,0.0,0.0,0.0
2023-08-11 09:30:00-04:00,9.9399995803833,9.949999809265137,9.854999542236328,9.9399995803833,100992,0.0,0.0,0.0
2023-08-11 10:30:00-04:00,9.9399995803833,9.946000099182129,9.864999771118164,9.890000343322754,28505,0.0,0.0,0.0
2023-08-11 11:30:00-04:00,9.878399848937988,9.899999618530273,9.84000015258789,9.899999618530273,15468,0.0,0.0,0.0
2023-08-11 12:30:00-04:00,9.890000343322754,9.890000343322754,9.850000381469727,9.889599800109863,8974,0.0,0.0,0.0
2023-08-11 13:30:00-04:00,9.883500099182129,9.890000343322754,9.862000465393066,9.890000343322754,13762,0.0,0.0,0.0
2023-08-11 14:30:00-04:00,9.899999618530273,9.90999984741211,9.880000114440918,9.897700309753418,26823,0.0,0.0,0.0
2023-08-11 15:30:00-04:00,9.899999618530273,9.899999618530273,9.8725004196167,9.880000114440918,11389,0.0,0.0,0.0
2023-08-14 09:30:00-04:00,9.829999923706055,9.90999984741211,9.805000305175781,9.880000114440918,46140,0.0,0.0,0.0
2023-08-14 10:30:00-04:00,9.875,9.9399995803833,9.875,9.930000305175781,50110,0.0,0.0,0.0
2023-08-14 11:30:00-04:00,9.930000305175781,9.960000038146973,9.910099983215332,9.928199768066406,48074,0.0,0.0,0.0
2023-08-14 12:30:00-04:00,9.925000190734863,9.960000038146973,9.925000190734863,9.954999923706055,20432,0.0,0.0,0.0
2023-08-14 13:30:00-04:00,9.954999923706055,9.954999923706055,9.925000190734863,9.9399995803833,27192,0.0,0.0,0.0
2023-08-14 14:30:00-04:00,9.930000305175781,9.96500015258789,9.925000190734863,9.960000038146973,24331,0.0,0.0,0.0
2023-08-14 15:30:00-04:00,9.960000038146973,10.0,9.960000038146973,9.989999771118164,24292,0.0,0.0,0.0
2023-08-15 09:30:00-04:00,9.949999809265137,9.949999809265137,9.819999694824219,9.829999923706055,100366,0.0,0.0,0.0
2023-08-15 10:30:00-04:00,9.829999923706055,9.864999771118164,9.810099601745605,9.859999656677246,26609,0.0,0.0,0.0
2023-08-15 11:30:00-04:00,9.85990047454834,9.875,9.840100288391113,9.850000381469727,25933,0.0,0.0,0.0
2023-08-15 12:30:00-04:00,9.850000381469727,9.854999542236328,9.829999923706055,9.845000267028809,22953,0.0,0.0,0.0
2023-08-15 13:30:00-04:00,9.840200424194336,9.844200134277344,9.819999694824219,9.828499794006348,17276,0.0,0.0,0.0
2023-08-15 14:30:00-04:00,9.82349967956543,9.84000015258789,9.78499984741211,9.78499984741211,15279,0.0,0.0,0.0
2023-08-15 15:30:00-04:00,9.7878999710083,9.800000190734863,9.773699760437012,9.800000190734863,15576,0.0,0.0,0.0
2023-08-16 09:30:00-04:00,9.75,9.78499984741211,9.720000267028809,9.755000114440918,75232,0.0,0.0,0.0
2023-08-16 10:30:00-04:00,9.75,9.789999961853027,9.75,9.75220012664795,97768,0.0,0.0,0.0
2023-08-16 11:30:00-04:00,9.75,9.750100135803223,9.680999755859375,9.6850004196167,71364,0.0,0.0,0.0
2023-08-16 12:30:00-04:00,9.6850004196167,9.70989990234375,9.680000305175781,9.694999694824219,30975,0.0,0.0,0.0
2023-08-16 13:30:00-04:00,9.694999694824219,9.734999656677246,9.680000305175781,9.729999542236328,66951,0.0,0.0,0.0
2023-08-16 14:30:00-04:00,9.734999656677246,9.739999771118164,9.65999984741211,9.664999961853027,56337,0.0,0.0,0.0
2023-08-16 15:30:00-04:00,9.661499977111816,9.680000305175781,9.640000343322754,9.649999618530273,74840,0.0,0.0,0.0
2023-08-17 09:30:00-04:00,9.699999809265137,9.699999809265137,9.600000381469727,9.600000381469727,105490,0.0,0.0,0.0
2023-08-17 10:30:00-04:00,9.595000267028809,9.630000114440918,9.579999923706055,9.59000015258789,44986,0.0,0.0,0.0
2023-08-17 11:30:00-04:00,9.587200164794922,9.630000114440918,9.579999923706055,9.630000114440918,24003,0.0,0.0,0.0
2023-08-17 12:30:00-04:00,9.623000144958496,9.645000457763672,9.610300064086914,9.614999771118164,21177,0.0,0.0,0.0
2023-08-17 13:30:00-04:00,9.600000381469727,9.605899810791016,9.581899642944336,9.59000015258789,19706,0.0,0.0,0.0
2023-08-17 14:30:00-04:00,9.59000015258789,9.59000015258789,9.529999732971191,9.550000190734863,36757,0.0,0.0,0.0
2023-08-17 15:30:00-04:00,9.550000190734863,9.5600004196167,9.520000457763672,9.539999961853027,20552,0.0,0.0,0.0
2023-08-18 09:30:00-04:00,9.399999618530273,9.449999809265137,9.369999885559082,9.399999618530273,54911,0.0,0.0,0.0
2023-08-18 10:30:00-04:00,9.40999984741211,9.470000267028809,9.40999984741211,9.455599784851074,21492,0.0,0.0,0.0
2023-08-18 11:30:00-04:00,9.444999694824219,9.494999885559082,9.430000305175781,9.470000267028809,30509,0.0,0.0,0.0
2023-08-18 12:30:00-04:00,9.46500015258789,9.484999656677246,9.444999694824219,9.460000038146973,32592,0.0,0.0,0.0
2023-08-18 13:30:00-04:00,9.470000267028809,9.494999885559082,9.460200309753418,9.484999656677246,17266,0.0,0.0,0.0
2023-08-18 14:30:00-04:00,9.489399909973145,9.520000457763672,9.484999656677246,9.509599685668945,19471,0.0,0.0,0.0
2023-08-18 15:30:00-04:00,9.505000114440918,9.53499984741211,9.489999771118164,9.5,31504,0.0,0.0,0.0
2023-08-21 09:30:00-04:00,9.520000457763672,9.579899787902832,9.5,9.508099555969238,99275,0.0,0.0,0.0
2023-08-21 10:30:00-04:00,9.505000114440918,9.529999732971191,9.484999656677246,9.499300003051758,146957,0.0,0.0,0.0
2023-08-21 11:30:00-04:00,9.5,9.539999961853027,9.489999771118164,9.539999961853027,56468,0.0,0.0,0.0
2023-08-21 12:30:00-04:00,9.529999732971191,9.581000328063965,9.529999732971191,9.579500198364258,47751,0.0,0.0,0.0
2023-08-21 13:30:00-04:00,9.579999923706055,9.600000381469727,9.571999549865723,9.585000038146973,35444,0.0,0.0,0.0
2023-08-21 14:30:00-04:00,9.59000015258789,9.619999885559082,9.585000038146973,9.609999656677246,68686,0.0,0.0,0.0
2023-08-21 15:30:00-04:00,9.609999656677246,9.619999885559082,9.600000381469727,9.609999656677246,37731,0.0,0.0,0.0
2023-08-22 09:30:00-04:00,9.680000305175781,9.680000305175781,9.592300415039062,9.600000381469727,154681,0.0,0.0,0.0
2023-08-22 10:30:00-04:00,9.600000381469727,9.635000228881836,9.579899787902832,9.610099792480469,61532,0.0,0.0,0.0
2023-08-22 11:30:00-04:00,9.609999656677246,9.619999885559082,9.5600004196167,9.569999694824219,119466,0.0,0.0,0.0
2023-08-22 12:30:00-04:00,9.574999809265137,9.600000381469727,9.562299728393555,9.574999809265137,78706,0.0,0.0,0.0
2023-08-22 13:30:00-04:00,9.569999694824219,9.579999923706055,9.559900283813477,9.574999809265137,92780,0.0,0.0,0.0
2023-08-22 14:30:00-04:00,9.579999923706055,9.604999542236328,9.573800086975098,9.579999923706055,133519,0.0,0.0,0.0
2023-08-22 15:30:00-04:00,9.574999809265137,9.574999809265137,9.555000305175781,9.569999694824219,0,0.0,0.0,0.0
2023-08-23 09:30:00-04:00,9.569999694824219,9.710000038146973,9.569999694824219,9.694999694824219,500785,0.0,0.0,0.0
2023-08-23 10:30:00-04:00,9.6899995803833,9.729999542236328,9.6899995803833,9.729999542236328,26436,0.0,0.0,0.0
2023-08-23 11:30:00-04:00,9.720100402832031,9.729999542236328,9.710000038146973,9.711600303649902,10006,0.0,0.0,0.0
2023-08-23 12:30:00-04:00,9.720000267028809,9.729999542236328,9.710000038146973,9.729999542236328,14132,0.0,0.0,0.0
2023-08-23 13:30:00-04:00,9.734000205993652,9.75,9.725000381469727,9.731599807739258,30108,0.0,0.0,0.0
2023-08-23 14:30:00-04:00,9.729999542236328,9.75,9.720000267028809,9.744999885559082,40197,0.0,0.0,0.0
2023-08-23 15:30:00-04:00,9.74899959564209,9.75,9.720000267028809,9.739999771118164,45933,0.0,0.0,0.0
2023-08-24 09:30:00-04:00,9.829999923706055,9.875800132751465,9.694999694824219,9.694999694824219,197280,0.0,0.0,0.0
2023-08-24 10:30:00-04:00,9.680000305175781,9.694999694824219,9.625,9.630000114440918,36025,0.0,0.0,0.0
2023-08-24 11:30:00-04:00,9.640000343322754,9.659899711608887,9.595000267028809,9.659899711608887,22214,0.0,0.0,0.0
2023-08-24 12:30:00-04:00,9.654999732971191,9.680000305175781,9.640000343322754,9.641500473022461,24535,0.0,0.0,0.0
2023-08-24 13:30:00-04:00,9.649999618530273,9.664999961853027,9.640000343322754,9.649999618530273,18815,0.0,0.0,0.0
2023-08-24 14:30:00-04:00,9.649999618530273,9.649999618530273,9.614999771118164,9.619999885559082,49584,0.0,0.0,0.0
2023-08-24 15:30:00-04:00,9.614999771118164,9.614999771118164,9.579999923706055,9.579999923706055,41158,0.0,0.0,0.0
2023-08-25 09:30:00-04:00,9.579999923706055,9.670000076293945,9.550000190734863,9.5600004196167,70987,0.0,0.0,0.0
2023-08-25 10:30:00-04:00,9.5600004196167,9.563699722290039,9.470000267028809,9.529999732971191,117564,0.0,0.0,0.0
2023-08-25 11:30:00-04:00,9.529999732971191,9.5600004196167,9.510000228881836,9.5600004196167,46826,0.0,0.0,0.0
2023-08-25 12:30:00-04:00,9.5600004196167,9.579899787902832,9.550000190734863,9.550000190734863,33317,0.0,0.0,0.0
2023-08-25 13:30:00-04:00,9.550000190734863,9.621500015258789,9.541999816894531,9.621500015258789,49258,0.0,0.0,0.0
2023-08-25 14:30:00-04:00,9.623299598693848,9.65999984741211,9.612500190734863,9.649999618530273,115246,0.0,0.0,0.0
2023-08-25 15:30:00-04:00,9.649999618530273,9.649999618530273,9.614999771118164,9.619999885559082,36977,0.0,0.0,0.0
2023-08-28 09:30:00-04:00,9.699999809265137,9.720000267028809,9.65999984741211,9.718999862670898,53154,0.0,0.0,0.0
2023-08-28 10:30:00-04:00,9.710000038146973,9.721500396728516,9.670000076293945,9.6850004196167,147466,0.0,0.0,0.0
2023-08-28 11:30:00-04:00,9.6899995803833,9.699600219726562,9.670000076293945,9.67199993133545,50499,0.0,0.0,0.0
2023-08-28 12:30:00-04:00,9.678099632263184,9.729999542236328,9.670000076293945,9.720000267028809,16720,0.0,0.0,0.0
2023-08-28 13:30:00-04:00,9.720000267028809,9.729999542236328,9.673999786376953,9.6850004196167,63059,0.0,0.0,0.0
2023-08-28 14:30:00-04:00,9.6899995803833,9.725000381469727,9.6899995803833,9.704999923706055,108663,0.0,0.0,0.0
2023-08-28 15:30:00-04:00,9.699999809265137,9.744999885559082,9.699999809265137,9.739999771118164,48048,0.0,0.0,0.0
2023-08-29 09:30:00-04:00,9.710000038146973,9.870499610900879,9.699999809265137,9.870499610900879,41308,0.0,0.0,0.0
2023-08-29 10:30:00-04:00,9.880000114440918,9.930000305175781,9.875,9.925999641418457,81367,0.0,0.0,0.0
2023-08-29 11:30:00-04:00,9.923999786376953,9.949999809265137,9.920100212097168,9.932299613952637,55902,0.0,0.0,0.0
2023-08-29 12:30:00-04:00,9.930000305175781,9.9399995803833,9.920000076293945,9.9399995803833,7055,0.0,0.0,0.0
2023-08-29 13:30:00-04:00,9.9399995803833,9.949999809265137,9.9399995803833,9.941900253295898,18946,0.0,0.0,0.0
2023-08-29 14:30:00-04:00,9.947999954223633,9.954999923706055,9.941800117492676,9.949999809265137,11016,0.0,0.0,0.0
2023-08-29 15:30:00-04:00,9.949999809265137,9.954999923706055,9.941800117492676,9.954999923706055,13473,0.0,0.0,0.0
2023-08-30 09:30:00-04:00,9.930000305175781,9.989999771118164,9.899999618530273,9.930000305175781,139488,0.0,0.0,0.0
2023-08-30 10:30:00-04:00,9.930399894714355,9.994999885559082,9.930399894714355,9.979999542236328,47640,0.0,0.0,0.0
2023-08-30 11:30:00-04:00,9.989999771118164,10.024700164794922,9.979999542236328,10.024700164794922,48451,0.0,0.0,0.0
2023-08-30 12:30:00-04:00,10.010000228881836,10.03499984741211,10.010000228881836,10.012100219726562,54053,0.0,0.0,0.0
2023-08-30 13:30:00-04:00,10.020000457763672,10.026000022888184,9.975000381469727,9.984999656677246,27494,0.0,0.0,0.0
2023-08-30 14:30:00-04:00,9.979999542236328,10.02910041809082,9.979999542236328,10.0,41195,0.0,0.0,0.0
2023-08-30 15:30:00-04:00,10.000699996948242,10.010000228881836,10.0,10.010000228881836,17710,0.0,0.0,0.0
2023-08-31 09:30:00-04:00,10.0,10.0600004196167,10.0,10.050000190734863,25782,0.0,0.0,0.0
2023-08-31 10:30:00-04:00,10.05210018157959,10.069999694824219,10.029999732971191,10.039999961853027,71836,0.0,0.0,0.0
2023-08-31 11:30:00-04:00,10.039999961853027,10.041899681091309,10.0,10.000100135803223,18734,0.0,0.0,0.0
2023-08-31 12:30:00-04:00,10.010000228881836,10.020000457763672,9.984999656677246,10.020000457763672,11950,0.0,0.0,0.0
2023-08-31 13:30:00-04:00,10.021699905395508,10.045000076293945,10.015000343322754,10.040800094604492,9809,0.0,0.0,0.0
2023-08-31 14:30:00-04:00,10.036999702453613,10.039999961853027,10.029999732971191,10.039999961853027,10166,0.0,0.0,0.0
2023-08-31 15:30:00-04:00,10.039999961853027,10.050000190734863,10.010000228881836,10.010000228881836,20885,0.0,0.0,0.0
2023-09-01 09:30:00-04:00,10.109999656677246,10.149999618530273,10.0600004196167,10.130000114440918,29997,0.0,0.0,0.0
2023-09-01 10:30:00-04:00,10.130000114440918,10.130000114440918,10.0600004196167,10.069999694824219,27972,0.0,0.0,0.0
2023-09-01 11:30:00-04:00,10.079999923706055,10.079999923706055,10.039999961853027,10.069999694824219,12625,0.0,0.0,0.0
2023-09-01 12:30:00-04:00,10.069999694824219,10.070699691772461,10.050000190734863,10.052200317382812,8688,0.0,0.0,0.0
2023-09-01 13:30:00-04:00,10.0516996383667,10.0649995803833,10.029999732971191,10.030099868774414,29020,0.0,0.0,0.0
2023-09-01 14:30:00-04:00,10.030699729919434,10.0649995803833,10.029999732971191,10.0649995803833,9722,0.0,0.0,0.0
2023-09-01 15:30:00-04:00,10.069999694824219,10.069999694824219,10.050000190734863,10.069999694824219,17012,0.0,0.0,0.0
2023-09-05 09:30:00-04:00,9.989999771118164,10.029999732971191,9.979999542236328,10.010000228881836,141492,0.0,0.0,0.0
2023-09-05 10:30:00-04:00,10.010100364685059,10.069999694824219,10.010000228881836,10.039999961853027,53316,0.0,0.0,0.0
2023-09-05 11:30:00-04:00,10.039999961853027,10.050000190734863,10.015000343322754,10.039999961853027,23277,0.0,0.0,0.0
2023-09-05 12:30:00-04:00,10.044300079345703,10.050000190734863,10.039999961853027,10.042799949645996,20154,0.0,0.0,0.0
2023-09-05 13:30:00-04:00,10.050000190734863,10.069999694824219,10.045000076293945,10.069999694824219,13694,0.0,0.0,0.0
2023-09-05 14:30:00-04:00,10.074999809265137,10.079999923706055,10.050000190734863,10.057900428771973,8576,0.0,0.0,0.0
2023-09-05 15:30:00-04:00,10.0600004196167,10.085000038146973,10.0600004196167,10.069999694824219,22288,0.0,0.0,0.0
2023-09-06 09:30:00-04:00,10.050000190734863,10.069999694824219,9.960000038146973,9.960100173950195,45791,0.0,0.0,0.0
2023-09-06 10:30:00-04:00,9.949999809265137,9.979999542236328,9.9399995803833,9.975000381469727,32113,0.0,0.0,0.0
2023-09-06 11:30:00-04:00,9.979999542236328,9.979999542236328,9.9399995803833,9.9399995803833,19757,0.0,0.0,0.0
2023-09-06 12:30:00-04:00,9.920000076293945,9.944999694824219,9.901000022888184,9.925600051879883,11440,0.0,0.0,0.0
2023-09-06 13:30:00-04:00,9.930000305175781,9.944999694824219,9.930000305175781,9.939900398254395,9102,0.0,0.0,0.0
2023-09-06 14:30:00-04:00,9.960000038146973,9.969900131225586,9.9399995803833,9.949999809265137,8235,0.0,0.0,0.0
2023-09-06 15:30:00-04:00,9.949999809265137,9.970000267028809,9.949999809265137,9.970000267028809,32695,0.0,0.0,0.0
2023-09-07 09:30:00-04:00,9.800000190734863,9.800000190734863,9.733699798583984,9.770000457763672,66940,0.0,0.0,0.0
2023-09-07 10:30:00-04:00,9.760000228881836,9.810099601745605,9.749899864196777,9.78499984741211,22687,0.0,0.0,0.0
2023-09-07 11:30:00-04:00,9.791999816894531,9.791999816894531,9.75,9.79010009765625,13811,0.0,0.0,0.0
2023-09-07 12:30:00-04:00,9.793499946594238,9.800000190734863,9.779999732971191,9.793299674987793,25044,0.0,0.0,0.0
2023-09-07 13:30:00-04:00,9.800000190734863,9.820099830627441,9.78499984741211,9.805000305175781,11367,0.0,0.0,0.0
2023-09-07 14:30:00-04:00,9.800000190734863,9.829999923706055,9.800000190734863,9.819999694824219,8463,0.0,0.0,0.0
2023-09-07 15:30:00-04:00,9.820099830627441,9.84000015258789,9.811800003051758,9.819999694824219,14551,0.0,0.0,0.0
2023-09-08 09:30:00-04:00,9.8100004196167,9.859999656677246,9.800000190734863,9.84850025177002,77280,0.0,0.0,0.0
2023-09-08 10:30:00-04:00,9.84000015258789,9.84000015258789,9.770000457763672,9.8100004196167,22800,0.0,0.0,0.0
2023-09-08 11:30:00-04:00,9.8100004196167,9.819999694824219,9.800000190734863,9.801600456237793,16409,0.0,0.0,0.0
2023-09-08 12:30:00-04:00,9.800000190734863,9.805000305175781,9.779999732971191,9.798399925231934,16902,0.0,0.0,0.0
2023-09-08 13:30:00-04:00,9.805000305175781,9.822500228881836,9.789999961853027,9.789999961853027,20421,0.0,0.0,0.0
2023-09-08 14:30:00-04:00,9.795000076293945,9.805000305175781,9.770000457763672,9.779999732971191,22982,0.0,0.0,0.0
2023-09-08 15:30:00-04:00,9.779999732971191,9.795000076293945,9.774999618530273,9.795000076293945,37233,0.0,0.0,0.0
2023-09-11 09:30:00-04:00,9.890000343322754,9.910300254821777,9.800000190734863,9.835000038146973,52253,0.0,0.0,0.0
2023-09-11 10:30:00-04:00,9.829999923706055,9.854999542236328,9.819999694824219,9.854999542236328,27495,0.0,0.0,0.0
2023-09-11 11:30:00-04:00,9.850000381469727,9.850000381469727,9.8149995803833,9.835000038146973,18720,0.0,0.0,0.0
2023-09-11 12:30:00-04:00,9.835000038146973,9.859999656677246,9.829999923706055,9.859999656677246,26536,0.0,0.0,0.0
2023-09-11 13:30:00-04:00,9.859999656677246,9.880000114440918,9.859999656677246,9.875,21641,0.0,0.0,0.0
2023-09-11 14:30:00-04:00,9.875,9.880000114440918,9.864999771118164,9.875,10616,0.0,0.0,0.0
2023-09-11 15:30:00-04:00,9.880000114440918,9.880000114440918,9.854999542236328,9.859999656677246,22521,0.0,0.0,0.0
2023-09-12 09:30:00-04:00,9.8100004196167,9.920000076293945,9.800000190734863,9.850000381469727,53777,0.0,0.0,0.0
2023-09-12 10:30:00-04:00,9.850000381469727,9.859999656677246,9.800000190734863,9.8100004196167,15151,0.0,0.0,0.0
2023-09-12 11:30:00-04:00,9.829999923706055,9.851099967956543,9.829999923706055,9.850000381469727,17182,0.0,0.0,0.0
2023-09-12 12:30:00-04:00,9.850000381469727,9.880000114440918,9.84000015258789,9.880000114440918,12942,0.0,0.0,0.0
2023-09-12 13:30:00-04:00,9.885499954223633,9.885499954223633,9.84000015258789,9.84000015258789,7384,0.0,0.0,0.0
2023-09-12 14:30:00-04:00,9.845000267028809,9.845000267028809,9.8100004196167,9.811599731445312,16966,0.0,0.0,0.0
2023-09-12 15:30:00-04:00,9.8100004196167,9.826499938964844,9.8100004196167,9.819999694824219,22253,0.0,0.0,0.0
2023-09-13 09:30:00-04:00,9.800000190734863,9.8100004196167,9.725000381469727,9.770999908447266,39676,0.0,0.0,0.0
2023-09-13 10:30:00-04:00,9.781000137329102,9.819999694824219,9.776000022888184,9.812299728393555,8329,0.0,0.0,0.0
2023-09-13 11:30:00-04:00,9.819999694824219,9.819999694824219,9.789999961853027,9.817999839782715,13543,0.0,0.0,0.0
2023-09-13 12:30:00-04:00,9.8149995803833,9.829999923706055,9.805000305175781,9.829999923706055,11677,0.0,0.0,0.0
2023-09-13 13:30:00-04:00,9.829999923706055,9.829999923706055,9.803299903869629,9.808199882507324,9543,0.0,0.0,0.0
2023-09-13 14:30:00-04:00,9.800100326538086,9.800100326538086,9.760000228881836,9.779999732971191,7108,0.0,0.0,0.0
2023-09-13 15:30:00-04:00,9.789999961853027,9.800000190734863,9.789999961853027,9.789999961853027,14436,0.0,0.0,0.0
2023-09-14 09:30:00-04:00,9.829999923706055,9.880999565124512,9.803000450134277,9.829999923706055,43976,0.0,0.0,0.0
2023-09-14 10:30:00-04:00,9.84000015258789,9.90999984741211,9.84000015258789,9.890000343322754,16760,0.0,0.0,0.0
2023-09-14 11:30:00-04:00,9.890000343322754,9.890000343322754,9.859999656677246,9.859999656677246,15771,0.0,0.0,0.0
2023-09-14 12:30:00-04:00,9.859999656677246,9.875,9.850199699401855,9.869999885559082,20635,0.0,0.0,0.0
2023-09-14 13:30:00-04:00,9.869999885559082,9.87909984588623,9.854999542236328,9.854999542236328,26242,0.0,0.0,0.0
2023-09-14 14:30:00-04:00,9.854999542236328,9.890000343322754,9.854999542236328,9.869999885559082,11060,0.0,0.0,0.0
2023-09-14 15:30:00-04:00,9.864999771118164,9.878600120544434,9.85990047454834,9.859999656677246,171522,0.0,0.0,0.0
2023-09-15 09:30:00-04:00,9.829999923706055,9.859999656677246,9.770000457763672,9.78499984741211,52372,0.0,0.0,0.0
2023-09-15 10:30:00-04:00,9.78849983215332,9.78849983215332,9.729999542236328,9.75,19623,0.0,0.0,0.0
2023-09-15 11:30:00-04:00,9.75100040435791,9.76360034942627,9.75,9.760000228881836,8050,0.0,0.0,0.0
2023-09-15 12:30:00-04:00,9.760000228881836,9.770999908447266,9.725000381469727,9.725000381469727,6225,0.0,0.0,0.0
2023-09-15 13:30:00-04:00,9.710000038146973,9.720000267028809,9.699999809265137,9.699999809265137,28608,0.0,0.0,0.0
2023-09-15 14:30:00-04:00,9.699999809265137,9.71500015258789,9.691499710083008,9.71500015258789,31747,0.0,0.0,0.0
2023-09-15 15:30:00-04:00,9.720000267028809,9.725899696350098,9.710000038146973,9.720000267028809,43114,0.0,0.0,0.0
2023-09-18 09:30:00-04:00,9.649999618530273,9.6899995803833,9.611800193786621,9.670000076293945,82938,0.0,0.0,0.0
2023-09-18 10:30:00-04:00,9.661499977111816,9.670000076293945,9.630000114440918,9.670000076293945,27364,0.0,0.0,0.0
2023-09-18 11:30:00-04:00,9.670000076293945,9.6850004196167,9.670000076293945,9.680000305175781,20740,0.0,0.0,0.0
2023-09-18 12:30:00-04:00,9.681599617004395,9.6899995803833,9.670000076293945,9.680000305175781,20229,0.0,0.0,0.0
2023-09-18 13:30:00-04:00,9.6899995803833,9.69540023803711,9.683899879455566,9.694999694824219,20328,0.0,0.0,0.0
2023-09-18 14:30:00-04:00,9.6899995803833,9.690999984741211,9.652700424194336,9.652700424194336,12249,0.0,0.0,0.0
2023-09-18 15:30:00-04:00,9.649999618530273,9.664999961853027,9.649999618530273,9.65999984741211,25851,0.0,0.0,0.0
2023-09-19 09:30:00-04:00,9.619999885559082,9.640000343322754,9.5600004196167,9.5649995803833,41417,0.0,0.0,0.0
2023-09-19 10:30:00-04:00,9.561400413513184,9.5649995803833,9.539999961853027,9.550000190734863,42112,0.0,0.0,0.0
2023-09-19 11:30:00-04:00,9.5600004196167,9.570500373840332,9.558899879455566,9.569999694824219,23404,0.0,0.0,0.0
2023-09-19 12:30:00-04:00,9.5600004196167,9.609999656677246,9.555000305175781,9.600099563598633,13932,0.0,0.0,0.0
2023-09-19 13:30:00-04:00,9.605400085449219,9.630000114440918,9.605400085449219,9.625,14866,0.0,0.0,0.0
2023-09-19 14:30:00-04:00,9.625,9.645000457763672,9.609999656677246,9.630000114440918,33636,0.0,0.0,0.0
2023-09-19 15:30:00-04:00,9.630000114440918,9.630000114440918,9.619999885559082,9.630000114440918,24996,0.0,0.0,0.0
2023-09-20 09:30:00-04:00,9.630000114440918,9.669300079345703,9.605500221252441,9.609600067138672,28665,0.0,0.0,0.0
2023-09-20 10:30:00-04:00,9.604999542236328,9.619999885559082,9.59000015258789,9.59000015258789,12207,0.0,0.0,0.0
2023-09-20 11:30:00-04:00,9.595000267028809,9.61989974975586,9.590100288391113,9.609999656677246,17525,0.0,0.0,0.0
2023-09-20 12:30:00-04:00,9.614999771118164,9.614999771118164,9.600000381469727,9.609999656677246,25980,0.0,0.0,0.0
2023-09-20 13:30:00-04:00,9.600099563598633,9.604999542236328,9.550000190734863,9.59000015258789,45966,0.0,0.0,0.0
2023-09-20 14:30:00-04:00,9.579999923706055,9.614999771118164,9.510000228881836,9.529999732971191,38229,0.0,0.0,0.0
2023-09-20 15:30:00-04:00,9.520000457763672,9.521900177001953,9.460000038146973,9.460000038146973,61092,0.0,0.0,0.0
2023-09-21 09:30:00-04:00,9.319999694824219,9.340499877929688,9.279999732971191,9.289999961853027,351694,0.0,0.0,0.0
2023-09-21 10:30:00-04:00,9.300000190734863,9.32450008392334,9.279999732971191,9.279999732971191,28034,0.0,0.0,0.0
2023-09-21 11:30:00-04:00,9.279999732971191,9.300000190734863,9.270000457763672,9.279999732971191,20978,0.0,0.0,0.0
2023-09-21 12:30:00-04:00,9.279999732971191,9.3149995803833,9.279899597167969,9.3149995803833,9328,0.0,0.0,0.0
2023-09-21 13:30:00-04:00,9.3149995803833,9.319999694824219,9.279999732971191,9.279999732971191,12746,0.0,0.0,0.0
2023-09-21 14:30:00-04:00,9.279999732971191,9.298399925231934,9.255000114440918,9.258000373840332,16265,0.0,0.0,0.0
2023-09-21 15:30:00-04:00,9.252099990844727,9.274999618530273,9.239999771118164,9.244999885559082,38553,0.0,0.0,0.0
2023-09-22 09:30:00-04:00,9.359999656677246,9.369999885559082,9.319999694824219,9.350000381469727,35741,0.0,0.0,0.0
2023-09-22 10:30:00-04:00,9.385000228881836,9.391300201416016,9.359999656677246,9.375,23751,0.0,0.0,0.0
2023-09-22 11:30:00-04:00,9.380000114440918,9.385000228881836,9.350099563598633,9.364999771118164,21452,0.0,0.0,0.0
2023-09-22 12:30:00-04:00,9.369400024414062,9.37030029296875,9.332500457763672,9.332500457763672,6315,0.0,0.0,0.0
2023-09-22 13:30:00-04:00,9.329999923706055,9.331399917602539,9.280599594116211,9.305000305175781,8440,0.0,0.0,0.0
2023-09-22 14:30:00-04:00,9.295000076293945,9.350000381469727,9.289999961853027,9.350000381469727,9461,0.0,0.0,0.0
2023-09-22 15:30:00-04:00,9.34000015258789,9.34000015258789,9.289999961853027,9.300000190734863,4708,0.0,0.0,0.0
2023-09-25 09:30:00-04:00,9.229999542236328,9.319999694824219,9.220000267028809,9.279999732971191,51844,0.0,0.0,0.0
2023-09-25 10:30:00-04:00,9.289999961853027,9.350000381469727,9.272000312805176,9.34000015258789,34143,0.0,0.0,0.0
2023-09-25 11:30:00-04:00,9.34000015258789,9.359999656677246,9.331999778747559,9.359999656677246,2715,0.0,0.0,0.0
2023-09-25 12:30:00-04:00,9.364999771118164,9.364999771118164,9.329999923706055,9.335000038146973,4986,0.0,0.0,0.0
2023-09-25 13:30:00-04:00,9.33590030670166,9.350000381469727,9.329999923706055,9.34000015258789,8286,0.0,0.0,0.0
2023-09-25 14:30:00-04:00,9.34000015258789,9.350000381469727,9.310099601745605,9.319999694824219,11839,0.0,0.0,0.0
2023-09-25 15:30:00-04:00,9.335000038146973,9.354999542236328,9.329999923706055,9.350000381469727,11954,0.0,0.0,0.0
2023-09-26 09:30:00-04:00,9.279999732971191,9.310199737548828,9.25,9.274999618530273,48547,0.0,0.0,0.0
2023-09-26 10:30:00-04:00,9.279999732971191,9.300000190734863,9.25,9.25,40593,0.0,0.0,0.0
2023-09-26 11:30:00-04:00,9.25,9.270000457763672,9.25,9.260000228881836,9329,0.0,0.0,0.0
2023-09-26 12:30:00-04:00,9.260000228881836,9.270000457763672,9.234999656677246,9.234999656677246,25822,0.0,0.0,0.0
2023-09-26 13:30:00-04:00,9.23550033569336,9.239999771118164,9.211799621582031,9.225000381469727,17330,0.0,0.0,0.0
2023-09-26 14:30:00-04:00,9.220499992370605,9.229999542236328,9.199999809265137,9.204999923706055,24440,0.0,0.0,0.0
2023-09-26 15:30:00-04:00,9.204999923706055,9.239999771118164,9.199999809265137,9.239999771118164,33048,0.0,0.0,0.0
2023-09-27 09:30:00-04:00,9.279999732971191,9.3100004196167,9.255000114440918,9.289999961853027,129372,0.0,0.0,0.0
2023-09-27 10:30:00-04:00,9.300000190734863,9.3100004196167,9.270000457763672,9.300000190734863,17681,0.0,0.0,0.0
2023-09-27 11:30:00-04:00,9.295000076293945,9.300000190734863,9.239999771118164,9.239999771118164,18372,0.0,0.0,0.0
2023-09-27 12:30:00-04:00,9.25,9.260000228881836,9.214400291442871,9.214400291442871,23522,0.0,0.0,0.0
2023-09-27 13:30:00-04:00,9.217300415039062,9.229999542236328,9.1850004196167,9.229999542236328,13529,0.0,0.0,0.0
2023-09-27 14:30:00-04:00,9.25,9.350000381469727,9.25,9.319999694824219,32000,0.0,0.0,0.0
2023-09-27 15:30:00-04:00,9.3149995803833,9.3149995803833,9.279999732971191,9.3100004196167,70337,0.0,0.0,0.0
2023-09-28 09:30:00-04:00,9.25,9.331000328063965,9.25,9.299400329589844,42011,0.0,0.0,0.0
2023-09-28 10:30:00-04:00,9.289999961853027,9.369999885559082,9.279999732971191,9.360099792480469,25343,0.0,0.0,0.0
2023-09-28 11:30:00-04:00,9.369999885559082,9.460000038146973,9.369999885559082,9.460000038146973,11699,0.0,0.0,0.0
2023-09-28 12:30:00-04:00,9.449999809265137,9.449999809265137,9.399999618530273,9.425000190734863,4855,0.0,0.0,0.0
2023-09-28 13:30:00-04:00,9.414999961853027,9.418499946594238,9.390000343322754,9.418499946594238,16904,0.0,0.0,0.0
2023-09-28 14:30:00-04:00,9.380000114440918,9.435600280761719,9.380000114440918,9.435600280761719,14534,0.0,0.0,0.0
2023-09-28 15:30:00-04:00,9.430000305175781,9.430000305175781,9.390000343322754,9.40999984741211,8812,0.0,0.0,0.0
2023-09-29 09:30:00-04:00,9.510000228881836,9.574999809265137,9.510000228881836,9.520000457763672,123946,0.0,0.0,0.0
2023-09-29 10:30:00-04:00,9.520000457763672,9.5600004196167,9.520000457763672,9.539999961853027,15514,0.0,0.0,0.0
2023-09-29 11:30:00-04:00,9.529999732971191,9.53499984741211,9.5,9.529999732971191,12332,0.0,0.0,0.0
2023-09-29 12:30:00-04:00,9.529999732971191,9.539999961853027,9.460000038146973,9.484999656677246,19718,0.0,0.0,0.0
2023-09-29 13:30:00-04:00,9.480500221252441,9.48840045928955,9.449999809265137,9.460000038146973,22097,0.0,0.0,0.0
2023-09-29 14:30:00-04:00,9.460000038146973,9.510000228881836,9.460000038146973,9.479999542236328,38631,0.0,0.0,0.0
2023-09-29 15:30:00-04:00,9.484999656677246,9.510000228881836,9.46500015258789,9.479999542236328,45459,0.0,0.0,0.0
2023-10-02 09:30:00-04:00,9.489999771118164,9.545000076293945,9.461299896240234,9.5,50474,0.0,0.0,0.0
2023-10-02 10:30:00-04:00,9.479999542236328,9.5600004196167,9.475000381469727,9.555000305175781,11862,0.0,0.0,0.0
2023-10-02 11:30:00-04:00,9.554400444030762,9.554400444030762,9.470000267028809,9.470000267028809,10163,0.0,0.0,0.0
2023-10-02 12:30:00-04:00,9.470000267028809,9.479999542236328,9.460000038146973,9.479999542236328,10975,0.0,0.0,0.0
2023-10-02 13:30:00-04:00,9.479999542236328,9.5,9.470000267028809,9.475000381469727,10589,0.0,0.0,0.0
2023-10-02 14:30:00-04:00,9.460000038146973,9.475000381469727,9.449999809265137,9.470000267028809,10220,0.0,0.0,0.0
2023-10-02 15:30:00-04:00,9.470000267028809,9.505000114440918,9.470000267028809,9.5,16022,0.0,0.0,0.0
2023-10-03 09:30:00-04:00,9.430000305175781,9.5,9.369999885559082,9.384699821472168,77563,0.0,0.0,0.0
2023-10-03 10:30:00-04:00,9.369999885559082,9.399999618530273,9.329999923706055,9.350000381469727,91087,0.0,0.0,0.0
2023-10-03 11:30:00-04:00,9.350000381469727,9.369999885559082,9.329999923706055,9.369999885559082,28115,0.0,0.0,0.0
2023-10-03 12:30:00-04:00,9.375,9.380000114440918,9.339900016784668,9.339900016784668,14167,0.0,0.0,0.0
2023-10-03 13:30:00-04:00,9.34000015258789,9.34000015258789,9.289999961853027,9.300000190734863,23625,0.0,0.0,0.0
2023-10-03 14:30:00-04:00,9.305000305175781,9.329999923706055,9.289999961853027,9.295000076293945,16312,0.0,0.0,0.0
2023-10-03 15:30:00-04:00,9.295000076293945,9.319999694824219,9.289999961853027,9.319999694824219,25150,0.0,0.0,0.0
2023-10-04 09:30:00-04:00,9.319999694824219,9.380000114440918,9.294699668884277,9.29520034790039,560848,0.0,0.0,0.0
2023-10-04 10:30:00-04:00,9.300000190734863,9.360099792480469,9.300000190734863,9.350000381469727,18470,0.0,0.0,0.0
2023-10-04 11:30:00-04:00,9.3641996383667,9.40999984741211,9.361000061035156,9.399999618530273,14244,0.0,0.0,0.0
2023-10-04 12:30:00-04:00,9.399999618530273,9.40999984741211,9.374199867248535,9.375,18402,0.0,0.0,0.0
2023-10-04 13:30:00-04:00,9.375,9.380000114440918,9.359999656677246,9.359999656677246,19128,0.0,0.0,0.0
2023-10-04 14:30:00-04:00,9.380000114440918,9.420000076293945,9.369999885559082,9.420000076293945,12885,0.0,0.0,0.0
2023-10-04 15:30:00-04:00,9.4350004196167,9.450499534606934,9.430000305175781,9.444999694824219,26943,0.0,0.0,0.0
2023-10-05 09:30:00-04:00,9.449999809265137,9.460000038146973,9.360099792480469,9.395000457763672,165923,0.0,0.0,0.0
2023-10-05 10:30:00-04:00,9.380000114440918,9.380000114440918,9.34000015258789,9.359999656677246,22060,0.0,0.0,0.0
2023-10-05 11:30:00-04:00,9.350000381469727,9.404999732971191,9.350000381469727,9.402600288391113,13571,0.0,0.0,0.0
2023-10-05 12:30:00-04:00,9.40999984741211,9.40999984741211,9.385000228881836,9.40999984741211,13327,0.0,0.0,0.0
2023-10-05 13:30:00-04:00,9.399999618530273,9.449999809265137,9.399999618530273,9.444999694824219,13347,0.0,0.0,0.0
2023-10-05 14:30:00-04:00,9.444999694824219,9.479999542236328,9.444999694824219,9.470000267028809,17328,0.0,0.0,0.0
2023-10-05 15:30:00-04:00,9.464099884033203,9.470000267028809,9.449999809265137,9.460000038146973,20975,0.0,0.0,0.0
2023-10-06 09:30:00-04:00,9.390000343322754,9.470000267028809,9.371000289916992,9.470000267028809,64086,0.0,0.0,0.0
2023-10-06 10:30:00-04:00,9.489999771118164,9.550000190734863,9.489999771118164,9.550000190734863,33286,0.0,0.0,0.0
2023-10-06 11:30:00-04:00,9.5649995803833,9.630000114440918,9.5649995803833,9.609999656677246,23864,0.0,0.0,0.0
2023-10-06 12:30:00-04:00,9.600000381469727,9.635000228881836,9.600000381469727,9.635000228881836,15484,0.0,0.0,0.0
2023-10-06 13:30:00-04:00,9.633500099182129,9.645000457763672,9.630000114440918,9.640000343322754,25475,0.0,0.0,0.0
2023-10-06 14:30:00-04:00,9.649999618530273,9.664999961853027,9.640000343322754,9.65999984741211,19919,0.0,0.0,0.0
2023-10-06 15:30:00-04:00,9.670000076293945,9.670000076293945,9.640000343322754,9.645000457763672,20323,0.0,0.0,0.0
2023-10-09 09:30:00-04:00,9.539999961853027,9.588299751281738,9.5,9.569999694824219,336999,0.0,0.0,0.0
2023-10-09 10:30:00-04:00,9.5600004196167,9.569999694824219,9.53219985961914,9.569999694824219,12305,0.0,0.0,0.0
2023-10-09 11:30:00-04:00,9.570199966430664,9.60789966583252,9.5649995803833,9.59000015258789,18102,0.0,0.0,0.0
2023-10-09 12:30:00-04:00,9.58180046081543,9.609399795532227,9.574999809265137,9.609399795532227,13479,0.0,0.0,0.0
2023-10-09 13:30:00-04:00,9.609999656677246,9.65999984741211,9.609999656677246,9.654999732971191,19857,0.0,0.0,0.0
2023-10-09 14:30:00-04:00,9.654999732971191,9.680000305175781,9.645000457763672,9.65999984741211,23342,0.0,0.0,0.0
2023-10-09 15:30:00-04:00,9.654999732971191,9.65999984741211,9.640000343322754,9.649999618530273,24045,0.0,0.0,0.0
2023-10-10 09:30:00-04:00,9.670000076293945,9.79010009765625,9.670000076293945,9.79010009765625,46281,0.0,0.0,0.0
2023-10-10 10:30:00-04:00,9.79990005493164,9.829999923706055,9.79319953918457,9.829999923706055,317333,0.0,0.0,0.0
2023-10-10 11:30:00-04:00,9.824999809265137,9.845000267028809,9.819999694824219,9.824999809265137,37616,0.0,0.0,0.0
2023-10-10 12:30:00-04:00,9.824999809265137,9.84000015258789,9.770000457763672,9.789999961853027,16666,0.0,0.0,0.0
2023-10-10 13:30:00-04:00,9.789999961853027,9.8100004196167,9.779999732971191,9.779999732971191,16478,0.0,0.0,0.0
2023-10-10 14:30:00-04:00,9.788000106811523,9.795000076293945,9.779999732971191,9.789999961853027,15392,0.0,0.0,0.0
2023-10-10 15:30:00-04:00,9.79010009765625,9.800000190734863,9.779999732971191,9.78499984741211,18083,0.0,0.0,0.0
2023-10-11 09:30:00-04:00,9.84000015258789,9.880000114440918,9.8100004196167,9.829999923706055,37885,0.0,0.0,0.0
2023-10-11 10:30:00-04:00,9.829999923706055,9.880000114440918,9.824999809265137,9.849100112915039,12401,0.0,0.0,0.0
2023-10-11 11:30:00-04:00,9.848999977111816,9.848999977111816,9.805000305175781,9.805000305175781,6139,0.0,0.0,0.0
2023-10-11 12:30:00-04:00,9.819999694824219,9.819999694824219,9.789999961853027,9.8100004196167,14282,0.0,0.0,0.0
2023-10-11 13:30:00-04:00,9.800000190734863,9.829999923706055,9.789999961853027,9.829999923706055,7114,0.0,0.0,0.0
2023-10-11 14:30:00-04:00,9.829999923706055,9.850000381469727,9.829999923706055,9.850000381469727,9288,0.0,0.0,0.0
2023-10-11 15:30:00-04:00,9.850099563598633,9.880000114440918,9.845000267028809,9.875,16708,0.0,0.0,0.0
2023-10-12 09:30:00-04:00,9.859999656677246,9.930000305175781,9.84000015258789,9.880000114440918,75344,0.0,0.0,0.0
2023-10-12 10:30:00-04:00,9.899999618530273,9.910900115966797,9.880000114440918,9.899999618530273,19797,0.0,0.0,0.0
2023-10-12 11:30:00-04:00,9.890000343322754,9.911800384521484,9.880000114440918,9.911800384521484,10993,0.0,0.0,0.0
2023-10-12 12:30:00-04:00,9.90999984741211,9.910499572753906,9.8100004196167,9.8100004196167,11770,0.0,0.0,0.0
2023-10-12 13:30:00-04:00,9.819999694824219,9.819999694824219,9.751799583435059,9.795000076293945,19368,0.0,0.0,0.0
2023-10-12 14:30:00-04:00,9.795000076293945,9.829999923706055,9.791000366210938,9.819999694824219,32483,0.0,0.0,0.0
2023-10-12 15:30:00-04:00,9.84000015258789,9.84000015258789,9.8100004196167,9.819999694824219,19094,0.0,0.0,0.0
2023-10-13 09:30:00-04:00,9.800000190734863,9.829999923706055,9.734999656677246,9.734999656677246,41326,0.0,0.0,0.0
2023-10-13 10:30:00-04:00,9.739999771118164,9.75,9.65999984741211,9.660099983215332,11136,0.0,0.0,0.0
2023-10-13 11:30:00-04:00,9.66100025177002,9.680000305175781,9.645000457763672,9.679900169372559,10104,0.0,0.0,0.0
2023-10-13 12:30:00-04:00,9.675000190734863,9.689000129699707,9.619999885559082,9.619999885559082,27814,0.0,0.0,0.0
2023-10-13 13:30:00-04:00,9.609999656677246,9.645000457763672,9.604999542236328,9.619999885559082,16463,0.0,0.0,0.0
2023-10-13 14:30:00-04:00,9.635000228881836,9.65999984741211,9.620100021362305,9.630000114440918,6163,0.0,0.0,0.0
2023-10-13 15:30:00-04:00,9.630000114440918,9.635000228881836,9.614999771118164,9.625,11468,0.0,0.0,0.0
2023-10-16 09:30:00-04:00,9.640000343322754,9.734999656677246,9.630000114440918,9.734999656677246,41990,0.0,0.0,0.0
2023-10-16 10:30:00-04:00,9.739999771118164,9.739999771118164,9.710000038146973,9.725000381469727,8653,0.0,0.0,0.0
2023-10-16 11:30:00-04:00,9.720000267028809,9.734999656677246,9.710000038146973,9.729999542236328,21253,0.0,0.0,0.0
2023-10-16 12:30:00-04:00,9.729999542236328,9.75,9.710000038146973,9.729999542236328,8063,0.0,0.0,0.0
2023-10-16 13:30:00-04:00,9.720100402832031,9.760000228881836,9.720100402832031,9.755000114440918,8357,0.0,0.0,0.0
2023-10-16 14:30:00-04:00,9.75,9.770000457763672,9.739999771118164,9.76039981842041,24045,0.0,0.0,0.0
2023-10-16 15:30:00-04:00,9.760000228881836,9.760000228881836,9.744999885559082,9.744999885559082,32715,0.0,0.0,0.0
2023-10-17 09:30:00-04:00,9.600000381469727,9.682000160217285,9.600000381469727,9.680000305175781,92548,0.0,0.0,0.0
2023-10-17 10:30:00-04:00,9.6899995803833,9.744999885559082,9.6899995803833,9.739999771118164,30919,0.0,0.0,0.0
2023-10-17 11:30:00-04:00,9.75,9.789199829101562,9.75,9.783599853515625,59000,0.0,0.0,0.0
2023-10-17 12:30:00-04:00,9.78499984741211,9.789899826049805,9.75,9.750100135803223,31133,0.0,0.0,0.0
2023-10-17 13:30:00-04:00,9.75,9.75,9.711799621582031,9.739999771118164,17149,0.0,0.0,0.0
2023-10-17 14:30:00-04:00,9.729999542236328,9.744999885559082,9.704999923706055,9.734999656677246,16305,0.0,0.0,0.0
2023-10-17 15:30:00-04:00,9.732000350952148,9.75,9.725000381469727,9.739999771118164,19421,0.0,0.0,0.0
2023-10-18 09:30:00-04:00,9.649999618530273,9.6899995803833,9.625,9.65999984741211,55835,0.0,0.0,0.0
2023-10-18 10:30:00-04:00,9.649999618530273,9.649999618530273,9.600099563598633,9.630000114440918,23825,0.0,0.0,0.0
2023-10-18 11:30:00-04:00,9.640000343322754,9.657899856567383,9.619999885559082,9.630000114440918,27329,0.0,0.0,0.0
2023-10-18 12:30:00-04:00,9.630000114440918,9.640000343322754,9.59000015258789,9.640000343322754,20681,0.0,0.0,0.0
2023-10-18 13:30:00-04:00,9.619999885559082,9.620100021362305,9.579999923706055,9.585000038146973,5076,0.0,0.0,0.0
2023-10-18 14:30:00-04:00,9.59000015258789,9.609999656677246,9.550000190734863,9.550999641418457,13221,0.0,0.0,0.0
2023-10-18 15:30:00-04:00,9.555000305175781,9.56879997253418,9.529999732971191,9.5600004196167,19287,0.0,0.0,0.0
2023-10-19 09:30:00-04:00,9.5600004196167,9.649999618530273,9.5600004196167,9.595000267028809,105845,0.0,0.0,0.0
2023-10-19 10:30:00-04:00,9.579999923706055,9.609999656677246,9.5600004196167,9.5600004196167,19212,0.0,0.0,0.0
2023-10-19 11:30:00-04:00,9.580100059509277,9.65999984741211,9.580100059509277,9.619999885559082,48475,0.0,0.0,0.0
2023-10-19 12:30:00-04:00,9.619999885559082,9.680000305175781,9.5600004196167,9.65999984741211,31877,0.0,0.0,0.0
2023-10-19 13:30:00-04:00,9.64009952545166,9.649999618530273,9.600000381469727,9.609999656677246,19446,0.0,0.0,0.0
2023-10-19 14:30:00-04:00,9.579999923706055,9.579999923706055,9.539999961853027,9.539999961853027,18319,0.0,0.0,0.0
2023-10-19 15:30:00-04:00,9.550000190734863,9.555000305175781,9.524999618530273,9.550000190734863,21295,0.0,0.0,0.0
2023-10-20 09:30:00-04:00,9.5,9.550399780273438,9.470000267028809,9.470000267028809,66289,0.0,0.0,0.0
2023-10-20 10:30:00-04:00,9.454999923706055,9.46500015258789,9.381600379943848,9.381600379943848,32044,0.0,0.0,0.0
2023-10-20 11:30:00-04:00,9.399999618530273,9.432100296020508,9.390000343322754,9.430000305175781,11595,0.0,0.0,0.0
2023-10-20 12:30:00-04:00,9.420000076293945,9.489999771118164,9.420000076293945,9.479999542236328,7216,0.0,0.0,0.0
2023-10-20 13:30:00-04:00,9.475000381469727,9.489999771118164,9.4350004196167,9.4399995803833,70930,0.0,0.0,0.0
2023-10-20 14:30:00-04:00,9.4399995803833,9.449999809265137,9.420000076293945,9.430000305175781,10828,0.0,0.0,0.0
2023-10-20 15:30:00-04:00,9.430000305175781,9.4399995803833,9.420000076293945,9.430000305175781,35881,0.0,0.0,0.0
2023-10-23 09:30:00-04:00,9.350000381469727,9.414999961853027,9.279999732971191,9.399999618530273,120893,0.0,0.0,0.0
2023-10-23 10:30:00-04:00,9.40999984741211,9.449999809265137,9.380000114440918,9.4350004196167,36573,0.0,0.0,0.0
2023-10-23 11:30:00-04:00,9.430000305175781,9.470000267028809,9.430000305175781,9.470000267028809,20202,0.0,0.0,0.0
2023-10-23 12:30:00-04:00,9.475000381469727,9.515000343322754,9.470100402832031,9.479999542236328,11636,0.0,0.0,0.0
2023-10-23 13:30:00-04:00,9.479999542236328,9.505200386047363,9.451499938964844,9.46500015258789,28372,0.0,0.0,0.0
2023-10-23 14:30:00-04:00,9.460000038146973,9.46500015258789,9.420000076293945,9.425000190734863,30260,0.0,0.0,0.0
2023-10-23 15:30:00-04:00,9.420000076293945,9.420000076293945,9.39009952545166,9.399999618530273,17864,0.0,0.0,0.0
2023-10-24 09:30:00-04:00,9.460000038146973,9.609999656677246,9.449999809265137,9.609999656677246,49147,0.0,0.0,0.0
2023-10-24 10:30:00-04:00,9.604999542236328,9.635000228881836,9.574999809265137,9.574999809265137,18811,0.0,0.0,0.0
2023-10-24 11:30:00-04:00,9.569999694824219,9.569999694824219,9.505000114440918,9.505000114440918,9135,0.0,0.0,0.0
2023-10-24 12:30:00-04:00,9.510000228881836,9.529999732971191,9.489999771118164,9.529999732971191,13721,0.0,0.0,0.0
2023-10-24 13:30:00-04:00,9.539999961853027,9.567700386047363,9.529999732971191,9.567700386047363,17021,0.0,0.0,0.0
2023-10-24 14:30:00-04:00,9.569999694824219,9.600000381469727,9.569999694824219,9.600000381469727,14479,0.0,0.0,0.0
2023-10-24 15:30:00-04:00,9.595000267028809,9.600000381469727,9.579999923706055,9.600000381469727,8516,0.0,0.0,0.0
2023-10-25 09:30:00-04:00,9.510000228881836,9.510000228881836,9.414999961853027,9.414999961853027,35415,0.0,0.0,0.0
2023-10-25 10:30:00-04:00,9.430000305175781,9.462200164794922,9.420100212097168,9.430000305175781,24836,0.0,0.0,0.0
2023-10-25 11:30:00-04:00,9.430000305175781,9.430000305175781,9.354999542236328,9.362099647521973,16971,0.0,0.0,0.0
2023-10-25 12:30:00-04:00,9.369999885559082,9.375,9.300000190734863,9.300000190734863,46846,0.0,0.0,0.0
2023-10-25 13:30:00-04:00,9.300000190734863,9.300000190734863,9.25160026550293,9.270000457763672,15260,0.0,0.0,0.0
2023-10-25 14:30:00-04:00,9.270000457763672,9.280699729919434,9.260000228881836,9.27180004119873,22541,0.0,0.0,0.0
2023-10-25 15:30:00-04:00,9.279999732971191,9.289999961853027,9.270000457763672,9.279999732971191,19520,0.0,0.0,0.0
2023-10-26 09:30:00-04:00,9.239999771118164,9.25,9.119999885559082,9.177499771118164,52717,0.0,0.0,0.0
2023-10-26 10:30:00-04:00,9.180000305175781,9.234999656677246,9.145000457763672,9.149999618530273,27146,0.0,0.0,0.0
2023-10-26 11:30:00-04:00,9.149999618530273,9.170000076293945,9.074999809265137,9.099900245666504,25052,0.0,0.0,0.0
2023-10-26 12:30:00-04:00,9.095000267028809,9.109999656677246,9.0649995803833,9.09000015258789,16899,0.0,0.0,0.0
2023-10-26 13:30:00-04:00,9.069999694824219,9.145000457763672,9.069999694824219,9.145000457763672,20230,0.0,0.0,0.0
2023-10-26 14:30:00-04:00,9.149999618530273,9.217900276184082,9.149999618530273,9.1899995803833,32810,0.0,0.0,0.0
2023-10-26 15:30:00-04:00,9.180000305175781,9.180000305175781,9.121999740600586,9.140000343322754,21635,0.0,0.0,0.0
2023-10-27 09:30:00-04:00,9.25,9.25,9.199999809265137,9.229999542236328,47587,0.0,0.0,0.0
2023-10-27 10:30:00-04:00,9.220000267028809,9.260499954223633,9.1850004196167,9.255000114440918,13914,0.0,0.0,0.0
2023-10-27 11:30:00-04:00,9.231900215148926,9.249899864196777,9.210000038146973,9.210000038146973,8156,0.0,0.0,0.0
2023-10-27 12:30:00-04:00,9.21500015258789,9.239999771118164,9.170000076293945,9.180000305175781,30242,0.0,0.0,0.0
2023-10-27 13:30:00-04:00,9.177800178527832,9.180000305175781,9.149999618530273,9.149999618530273,18546,0.0,0.0,0.0
2023-10-27 14:30:00-04:00,9.149999618530273,9.180000305175781,9.149999618530273,9.175000190734863,46814,0.0,0.0,0.0
2023-10-27 15:30:00-04:00,9.180000305175781,9.180000305175781,9.149999618530273,9.170000076293945,32915,0.0,0.0,0.0
2023-10-30 09:30:00-04:00,9.25,9.329999923706055,9.239999771118164,9.239999771118164,40161,0.0,0.0,0.0
2023-10-30 10:30:00-04:00,9.239999771118164,9.279999732971191,9.220000267028809,9.25,9864,0.0,0.0,0.0
2023-10-30 11:30:00-04:00,9.260000228881836,9.279999732971191,9.25,9.255000114440918,34772,0.0,0.0,0.0
2023-10-30 12:30:00-04:00,9.260000228881836,9.270000457763672,9.225000381469727,9.270000457763672,19256,0.0,0.0,0.0
2023-10-30 13:30:00-04:00,9.270000457763672,9.300000190734863,9.265000343322754,9.295000076293945,13520,0.0,0.0,0.0
2023-10-30 14:30:00-04:00,9.295000076293945,9.34000015258789,9.295000076293945,9.329999923706055,27012,0.0,0.0,0.0
2023-10-30 15:30:00-04:00,9.324999809265137,9.328300476074219,9.300000190734863,9.300000190734863,27297,0.0,0.0,0.0
2023-10-31 09:30:00-04:00,9.289999961853027,9.3100004196167,9.239999771118164,9.305000305175781,20083,0.0,0.0,0.0
2023-10-31 10:30:00-04:00,9.3100004196167,9.34000015258789,9.279999732971191,9.300000190734863,13093,0.0,0.0,0.0
2023-10-31 11:30:00-04:00,9.295000076293945,9.324999809265137,9.289999961853027,9.3100004196167,19161,0.0,0.0,0.0
2023-10-31 12:30:00-04:00,9.3100004196167,9.335000038146973,9.300000190734863,9.324999809265137,9349,0.0,0.0,0.0
2023-10-31 13:30:00-04:00,9.319999694824219,9.345000267028809,9.3149995803833,9.3149995803833,8541,0.0,0.0,0.0
2023-10-31 14:30:00-04:00,9.319999694824219,9.369999885559082,9.319999694824219,9.345000267028809,11336,0.0,0.0,0.0
2023-10-31 15:30:00-04:00,9.354999542236328,9.359999656677246,9.34000015258789,9.359999656677246,56812,0.0,0.0,0.0
2023-11-01 09:30:00-04:00,9.359999656677246,9.399999618530273,9.319999694824219,9.397899627685547,61458,0.0,0.0,0.0
2023-11-01 10:30:00-04:00,9.390000343322754,9.400099754333496,9.354999542236328,9.354999542236328,57384,0.0,0.0,0.0
2023-11-01 11:30:00-04:00,9.354999542236328,9.380000114440918,9.354999542236328,9.369999885559082,13319,0.0,0.0,0.0
2023-11-01 12:30:00-04:00,9.364999771118164,9.375,9.340100288391113,9.350099563598633,18813,0.0,0.0,0.0
2023-11-01 13:30:00-04:00,9.358499526977539,9.369999885559082,9.319999694824219,9.345000267028809,40441,0.0,0.0,0.0
2023-11-01 14:30:00-04:00,9.354999542236328,9.420000076293945,9.3100004196167,9.404999732971191,35749,0.0,0.0,0.0
2023-11-01 15:30:00-04:00,9.404999732971191,9.4350004196167,9.404999732971191,9.430000305175781,12849,0.0,0.0,0.0
2023-11-02 09:30:00-04:00,9.600000381469727,9.649999618530273,9.577199935913086,9.610300064086914,75210,0.0,0.0,0.0
2023-11-02 10:30:00-04:00,9.610199928283691,9.65999984741211,9.59000015258789,9.630000114440918,47936,0.0,0.0,0.0
2023-11-02 11:30:00-04:00,9.630000114440918,9.645000457763672,9.619999885559082,9.629899978637695,44935,0.0,0.0,0.0
2023-11-02 12:30:00-04:00,9.630000114440918,9.65999984741211,9.625,9.649999618530273,40978,0.0,0.0,0.0
2023-11-02 13:30:00-04:00,9.649999618530273,9.675000190734863,9.649999618530273,9.670000076293945,50993,0.0,0.0,0.0
2023-11-02 14:30:00-04:00,9.660099983215332,9.6899995803833,9.65999984741211,9.6899995803833,60805,0.0,0.0,0.0
2023-11-02 15:30:00-04:00,9.6850004196167,9.6899995803833,9.670000076293945,9.6899995803833,63699,0.0,0.0,0.0
2023-11-03 09:30:00-04:00,9.729999542236328,9.890000343322754,9.729999542236328,9.8100004196167,49683,0.0,0.0,0.0
2023-11-03 10:30:00-04:00,9.819999694824219,9.880000114440918,9.8100004196167,9.868300437927246,9293,0.0,0.0,0.0
2023-11-03 11:30:00-04:00,9.859999656677246,9.91469955444336,9.859999656677246,9.91469955444336,24717,0.0,0.0,0.0
2023-11-03 12:30:00-04:00,9.90999984741211,9.921299934387207,9.899999618530273,9.899999618530273,19086,0.0,0.0,0.0
2023-11-03 13:30:00-04:00,9.90999984741211,9.930000305175781,9.90939998626709,9.930000305175781,18481,0.0,0.0,0.0
2023-11-03 14:30:00-04:00,9.930000305175781,9.9399995803833,9.922100067138672,9.925000190734863,11157,0.0,0.0,0.0
2023-11-03 15:30:00-04:00,9.920000076293945,9.930000305175781,9.90999984741211,9.914999961853027,21774,0.0,0.0,0.0
2023-11-06 09:30:00-05:00,9.949999809265137,9.989999771118164,9.885000228881836,9.914999961853027,41390,0.0,0.0,0.0
2023-11-06 10:30:00-05:00,9.90999984741211,9.933799743652344,9.900099754333496,9.906399726867676,9188,0.0,0.0,0.0
2023-11-06 11:30:00-05:00,9.899999618530273,9.904999732971191,9.869999885559082,9.875,16007,0.0,0.0,0.0
2023-11-06 12:30:00-05:00,9.879500389099121,9.880000114440918,9.8149995803833,9.824999809265137,11219,0.0,0.0,0.0
2023-11-06 13:30:00-05:00,9.829999923706055,9.854999542236328,9.824999809265137,9.849499702453613,15151,0.0,0.0,0.0
2023-11-06 14:30:00-05:00,9.850000381469727,9.885000228881836,9.850000381469727,9.875,9341,0.0,0.0,0.0
2023-11-06 15:30:00-05:00,9.880000114440918,9.899999618530273,9.871700286865234,9.899999618530273,23456,0.0,0.0,0.0
2023-11-07 09:30:00-05:00,9.90999984741211,10.029999732971191,9.904999732971191,10.029800415039062,34120,0.0,0.0,0.0
2023-11-07 10:30:00-05:00,10.050000190734863,10.089900016784668,10.050000190734863,10.069999694824219,28616,0.0,0.0,0.0
2023-11-07 11:30:00-05:00,10.079999923706055,10.085000038146973,10.039999961853027,10.039999961853027,12301,0.0,0.0,0.0
2023-11-07 12:30:00-05:00,10.029999732971191,10.0600004196167,10.024999618530273,10.050000190734863,12156,0.0,0.0,0.0
2023-11-07 13:30:00-05:00,10.0600004196167,10.069999694824219,10.050000190734863,10.069999694824219,20076,0.0,0.0,0.0
2023-11-07 14:30:00-05:00,10.069999694824219,10.079999923706055,10.055000305175781,10.074999809265137,24277,0.0,0.0,0.0
2023-11-07 15:30:00-05:00,10.071900367736816,10.085000038146973,10.050000190734863,10.0600004196167,23290,0.0,0.0,0.0
2023-11-08 09:30:00-05:00,10.220000267028809,10.298800468444824,10.180000305175781,10.220100402832031,113155,0.0,0.0,0.0
2023-11-08 10:30:00-05:00,10.220000267028809,10.239999771118164,10.199999809265137,10.229999542236328,20575,0.0,0.0,0.0
2023-11-08 11:30:00-05:00,10.230999946594238,10.239999771118164,10.170000076293945,10.180000305175781,22803,0.0,0.0,0.0
2023-11-08 12:30:00-05:00,10.180000305175781,10.220000267028809,10.180000305175781,10.21500015258789,24485,0.0,0.0,0.0
2023-11-08 13:30:00-05:00,10.223400115966797,10.225500106811523,10.199999809265137,10.210100173950195,6446,0.0,0.0,0.0
2023-11-08 14:30:00-05:00,10.220000267028809,10.220000267028809,10.180100440979004,10.1899995803833,33755,0.0,0.0,0.0
2023-11-08 15:30:00-05:00,10.199999809265137,10.210000038146973,10.1899995803833,10.1899995803833,17444,0.0,0.0,0.0
2023-11-09 09:30:00-05:00,10.220000267028809,10.2568998336792,10.175000190734863,10.1899995803833,38924,0.0,0.0,0.0
2023-11-09 10:30:00-05:00,10.1899995803833,10.239999771118164,10.180000305175781,10.21500015258789,23266,0.0,0.0,0.0
2023-11-09 11:30:00-05:00,10.210000038146973,10.234700202941895,10.199999809265137,10.199999809265137,11786,0.0,0.0,0.0
2023-11-09 12:30:00-05:00,10.1899995803833,10.220000267028809,10.140000343322754,10.170000076293945,18909,0.0,0.0,0.0
2023-11-09 13:30:00-05:00,10.165499687194824,10.175000190734863,10.109999656677246,10.125,16891,0.0,0.0,0.0
2023-11-09 14:30:00-05:00,10.119999885559082,10.119999885559082,10.085000038146973,10.100000381469727,20528,0.0,0.0,0.0
2023-11-09 15:30:00-05:00,10.095000267028809,10.100000381469727,10.074999809265137,10.100000381469727,12195,0.0,0.0,0.0
2023-11-10 09:30:00-05:00,10.100000381469727,10.199999809265137,10.09000015258789,10.175000190734863,36834,0.0,0.0,0.0
2023-11-10 10:30:00-05:00,10.164999961853027,10.24020004272461,10.149999618530273,10.230999946594238,27005,0.0,0.0,0.0
2023-11-10 11:30:00-05:00,10.234999656677246,10.258000373840332,10.213800430297852,10.239999771118164,12846,0.0,0.0,0.0
2023-11-10 12:30:00-05:00,10.239999771118164,10.284500122070312,10.239999771118164,10.279999732971191,22521,0.0,0.0,0.0
2023-11-10 13:30:00-05:00,10.28499984741211,10.300000190734863,10.272899627685547,10.300000190734863,11223,0.0,0.0,0.0
2023-11-10 14:30:00-05:00,10.3149995803833,10.319899559020996,10.300000190734863,10.310099601745605,10755,0.0,0.0,0.0
2023-11-10 15:30:00-05:00,10.3149995803833,10.324999809265137,10.305000305175781,10.3100004196167,23368,0.0,0.0,0.0
2023-11-13 09:30:00-05:00,10.239999771118164,10.260100364685059,10.204999923706055,10.239999771118164,48052,0.0,0.0,0.0
2023-11-13 10:30:00-05:00,10.25,10.300000190734863,10.244999885559082,10.289999961853027,17673,0.0,0.0,0.0
2023-11-13 11:30:00-05:00,10.300000190734863,10.319999694824219,10.291000366210938,10.3100004196167,17282,0.0,0.0,0.0
2023-11-13 12:30:00-05:00,10.3100004196167,10.3149995803833,10.292400360107422,10.300000190734863,9668,0.0,0.0,0.0
2023-11-13 13:30:00-05:00,10.300000190734863,10.329999923706055,10.295000076293945,10.324999809265137,20007,0.0,0.0,0.0
2023-11-13 14:30:00-05:00,10.319999694824219,10.329999923706055,10.305000305175781,10.313400268554688,25999,0.0,0.0,0.0
2023-11-13 15:30:00-05:00,10.310400009155273,10.31820011138916,10.300000190734863,10.300000190734863,26590,0.0,0.0,0.0
2023-11-14 09:30:00-05:00,10.489999771118164,10.539999961853027,10.473299980163574,10.505000114440918,169971,0.0,0.0,0.0
2023-11-14 10:30:00-05:00,10.501799583435059,10.550000190734863,10.501799583435059,10.545000076293945,42921,0.0,0.0,0.0
2023-11-14 11:30:00-05:00,10.545000076293945,10.545000076293945,10.49020004272461,10.494999885559082,54671,0.0,0.0,0.0
2023-11-14 12:30:00-05:00,10.5,10.529999732971191,10.5,10.529999732971191,20828,0.0,0.0,0.0
2023-11-14 13:30:00-05:00,10.536800384521484,10.536800384521484,10.489999771118164,10.505000114440918,23528,0.0,0.0,0.0
2023-11-14 14:30:00-05:00,10.510000228881836,10.538900375366211,10.510000228881836,10.529999732971191,29267,0.0,0.0,0.0
2023-11-14 15:30:00-05:00,10.529999732971191,10.53499984741211,10.510000228881836,10.510000228881836,37840,0.0,0.0,0.0
2023-11-15 09:30:00-05:00,10.579999923706055,10.654999732971191,10.579999923706055,10.630000114440918,42275,0.0,0.0,0.0
2023-11-15 10:30:00-05:00,10.640000343322754,10.670000076293945,10.630000114440918,10.670000076293945,33813,0.0,0.0,0.0
2023-11-15 11:30:00-05:00,10.670000076293945,10.670000076293945,10.593600273132324,10.609999656677246,17587,0.0,0.0,0.0
2023-11-15 12:30:00-05:00,10.614999771118164,10.620100021362305,10.5600004196167,10.59000015258789,16574,0.0,0.0,0.0
2023-11-15 13:30:00-05:00,10.600000381469727,10.670000076293945,10.600000381469727,10.630000114440918,25448,0.0,0.0,0.0
2023-11-15 14:30:00-05:00,10.630000114440918,10.640000343322754,10.609999656677246,10.614999771118164,14400,0.0,0.0,0.0
2023-11-15 15:30:00-05:00,10.619999885559082,10.630000114440918,10.600000381469727,10.619999885559082,27243,0.0,0.0,0.0
2023-11-16 09:30:00-05:00,10.520000457763672,10.545000076293945,10.479999542236328,10.5,32613,0.0,0.0,0.0
2023-11-16 10:30:00-05:00,10.510000228881836,10.510000228881836,10.449999809265137,10.460000038146973,37485,0.0,0.0,0.0
2023-11-16 11:30:00-05:00,10.460000038146973,10.504400253295898,10.460000038146973,10.504400253295898,16429,0.0,0.0,0.0
2023-11-16 12:30:00-05:00,10.504300117492676,10.529999732971191,10.493300437927246,10.510000228881836,19427,0.0,0.0,0.0
2023-11-16 13:30:00-05:00,10.505000114440918,10.524999618530273,10.489999771118164,10.524999618530273,17931,0.0,0.0,0.0
2023-11-16 14:30:00-05:00,10.520000457763672,10.5423002243042,10.516300201416016,10.539999961853027,24639,0.0,0.0,0.0
2023-11-16 15:30:00-05:00,10.53499984741211,10.5600004196167,10.520000457763672,10.550000190734863,24301,0.0,0.0,0.0
2023-11-17 09:30:00-05:00,10.520000457763672,10.529999732971191,10.479999542236328,10.510000228881836,25570,0.0,0.0,0.0
2023-11-17 10:30:00-05:00,10.510000228881836,10.520000457763672,10.484999656677246,10.505000114440918,21793,0.0,0.0,0.0
2023-11-17 11:30:00-05:00,10.5,10.5201997756958,10.489999771118164,10.520099639892578,13446,0.0,0.0,0.0
2023-11-17 12:30:00-05:00,10.515000343322754,10.549699783325195,10.514599800109863,10.529999732971191,16632,0.0,0.0,0.0
2023-11-17 13:30:00-05:00,10.539899826049805,10.550000190734863,10.529999732971191,10.549699783325195,7099,0.0,0.0,0.0
2023-11-17 14:30:00-05:00,10.539999961853027,10.539999961853027,10.520000457763672,10.53499984741211,7223,0.0,0.0,0.0
2023-11-17 15:30:00-05:00,10.520000457763672,10.539999961853027,10.510000228881836,10.539999961853027,20590,0.0,0.0,0.0
2023-11-20 09:30:00-05:00,10.545000076293945,10.630000114440918,10.520000457763672,10.600000381469727,42371,0.0,0.0,0.0
2023-11-20 10:30:00-05:00,10.600000381469727,10.630000114440918,10.583000183105469,10.630000114440918,31973,0.0,0.0,0.0
2023-11-20 11:30:00-05:00,10.630000114440918,10.640000343322754,10.623800277709961,10.639900207519531,13956,0.0,0.0,0.0
2023-11-20 12:30:00-05:00,10.630000114440918,10.670000076293945,10.625,10.664999961853027,25514,0.0,0.0,0.0
2023-11-20 13:30:00-05:00,10.670000076293945,10.67549991607666,10.650099754333496,10.664999961853027,24435,0.0,0.0,0.0
2023-11-20 14:30:00-05:00,10.65999984741211,10.689900398254395,10.65999984741211,10.680000305175781,12534,0.0,0.0,0.0
2023-11-20 15:30:00-05:00,10.670000076293945,10.678199768066406,10.649999618530273,10.649999618530273,12304,0.0,0.0,0.0
2023-11-21 09:30:00-05:00,10.59000015258789,10.614999771118164,10.494500160217285,10.5,85753,0.0,0.0,0.0
2023-11-21 10:30:00-05:00,10.5,10.520099639892578,10.5,10.517999649047852,82110,0.0,0.0,0.0
2023-11-21 11:30:00-05:00,10.510000228881836,10.529999732971191,10.5,10.529899597167969,10130,0.0,0.0,0.0
2023-11-21 12:30:00-05:00,10.529999732971191,10.539999961853027,10.5,10.510000228881836,11855,0.0,0.0,0.0
2023-11-21 13:30:00-05:00,10.5,10.539999961853027,10.5,10.539999961853027,26645,0.0,0.0,0.0
2023-11-21 14:30:00-05:00,10.529999732971191,10.555000305175781,10.529999732971191,10.545000076293945,13145,0.0,0.0,0.0
2023-11-21 15:30:00-05:00,10.550000190734863,10.5600004196167,10.539999961853027,10.550000190734863,20393,0.0,0.0,0.0
2023-11-22 09:30:00-05:00,10.5600004196167,10.640000343322754,10.539999961853027,10.579999923706055,68865,0.0,0.0,0.0
2023-11-22 10:30:00-05:00,10.584500312805176,10.609999656677246,10.584500312805176,10.60990047454834,30905,0.0,0.0,0.0
2023-11-22 11:30:00-05:00,10.600099563598633,10.63759994506836,10.600099563598633,10.630000114440918,14478,0.0,0.0,0.0
2023-11-22 12:30:00-05:00,10.631500244140625,10.645000457763672,10.619999885559082,10.645000457763672,12231,0.0,0.0,0.0
2023-11-22 13:30:00-05:00,10.645500183105469,10.649999618530273,10.630000114440918,10.631600379943848,42818,0.0,0.0,0.0
2023-11-22 14:30:00-05:00,10.630000114440918,10.630000114440918,10.579999923706055,10.609999656677246,36775,0.0,0.0,0.0
2023-11-22 15:30:00-05:00,10.609999656677246,10.619999885559082,10.600000381469727,10.600000381469727,11858,0.0,0.0,0.0
2023-11-24 09:30:00-05:00,10.550000190734863,10.59000015258789,10.550000190734863,10.569999694824219,24926,0.0,0.0,0.0
2023-11-24 10:30:00-05:00,10.569999694824219,10.579999923706055,10.550100326538086,10.579999923706055,19578,0.0,0.0,0.0
2023-11-24 11:30:00-05:00,10.569999694824219,10.59000015258789,10.569999694824219,10.59000015258789,8394,0.0,0.0,0.0
2023-11-27 09:30:00-05:00,10.529999732971191,10.625,10.529999732971191,10.609999656677246,52908,0.0,0.0,0.0
2023-11-27 10:30:00-05:00,10.619999885559082,10.645000457763672,10.600000381469727,10.614999771118164,103786,0.0,0.0,0.0
2023-11-27 11:30:00-05:00,10.614999771118164,10.640000343322754,10.614999771118164,10.640000343322754,32079,0.0,0.0,0.0
2023-11-27 12:30:00-05:00,10.635000228881836,10.649999618530273,10.63479995727539,10.645000457763672,15074,0.0,0.0,0.0
2023-11-27 13:30:00-05:00,10.640000343322754,10.649800300598145,10.609999656677246,10.619999885559082,314858,0.0,0.0,0.0
2023-11-27 14:30:00-05:00,10.619999885559082,10.630000114440918,10.594200134277344,10.630000114440918,25196,0.0,0.0,0.0
2023-11-27 15:30:00-05:00,10.624500274658203,10.630000114440918,10.600000381469727,10.600000381469727,32151,0.0,0.0,0.0
2023-11-28 09:30:00-05:00,10.59000015258789,10.619999885559082,10.545000076293945,10.590100288391113,48018,0.0,0.0,0.0
2023-11-28 10:30:00-05:00,10.585000038146973,10.640000343322754,10.574999809265137,10.640000343322754,30166,0.0,0.0,0.0
2023-11-28 11:30:00-05:00,10.634900093078613,10.658900260925293,10.634900093078613,10.658900260925293,11111,0.0,0.0,0.0
2023-11-28 12:30:00-05:00,10.645500183105469,10.645500183105469,10.600000381469727,10.614999771118164,7946,0.0,0.0,0.0
2023-11-28 13:30:00-05:00,10.61989974975586,10.619999885559082,10.603400230407715,10.612099647521973,8709,0.0,0.0,0.0
2023-11-28 14:30:00-05:00,10.610099792480469,10.630000114440918,10.600000381469727,10.615500450134277,18269,0.0,0.0,0.0
2023-11-28 15:30:00-05:00,10.609999656677246,10.645000457763672,10.609999656677246,10.640000343322754,16600,0.0,0.0,0.0
2023-11-29 09:30:00-05:00,10.710000038146973,10.770000457763672,10.6899995803833,10.699999809265137,49379,0.0,0.0,0.0
2023-11-29 10:30:00-05:00,10.702099800109863,10.71500015258789,10.649999618530273,10.649999618530273,28867,0.0,0.0,0.0
2023-11-29 11:30:00-05:00,10.640000343322754,10.680000305175781,10.635000228881836,10.680000305175781,13173,0.0,0.0,0.0
2023-11-29 12:30:00-05:00,10.680100440979004,10.710000038146973,10.680000305175781,10.699999809265137,29542,0.0,0.0,0.0
2023-11-29 13:30:00-05:00,10.694999694824219,10.704999923706055,10.680000305175781,10.699999809265137,60722,0.0,0.0,0.0
2023-11-29 14:30:00-05:00,10.699999809265137,10.699999809265137,10.654999732971191,10.65999984741211,35064,0.0,0.0,0.0
2023-11-29 15:30:00-05:00,10.649999618530273,10.670000076293945,10.649999618530273,10.670000076293945,36493,0.0,0.0,0.0
2023-11-30 09:30:00-05:00,10.670000076293945,10.711999893188477,10.630000114440918,10.670000076293945,28924,0.0,0.0,0.0
2023-11-30 10:30:00-05:00,10.670000076293945,10.672800064086914,10.600000381469727,10.611100196838379,17971,0.0,0.0,0.0
2023-11-30 11:30:00-05:00,10.600000381469727,10.609999656677246,10.569999694824219,10.600000381469727,13020,0.0,0.0,0.0
2023-11-30 12:30:00-05:00,10.590200424194336,10.630000114440918,10.590200424194336,10.600000381469727,82157,0.0,0.0,0.0
2023-11-30 13:30:00-05:00,10.600000381469727,10.614999771118164,10.585000038146973,10.604999542236328,43637,0.0,0.0,0.0
2023-11-30 14:30:00-05:00,10.609999656677246,10.630000114440918,10.59000015258789,10.595000267028809,41113,0.0,0.0,0.0
2023-11-30 15:30:00-05:00,10.59000015258789,10.65999984741211,10.59000015258789,10.65999984741211,39279,0.0,0.0,0.0
2023-12-01 09:30:00-05:00,10.585700035095215,10.631099700927734,10.553400039672852,10.602399826049805,67965,0.0,0.0,0.0
2023-12-01 10:30:00-05:00,10.600000381469727,10.6850004196167,10.600000381469727,10.680000305175781,17341,0.0,0.0,0.0
2023-12-01 11:30:00-05:00,10.689900398254395,10.739999771118164,10.671500205993652,10.730199813842773,15240,0.0,0.0,0.0
2023-12-01 12:30:00-05:00,10.739999771118164,10.766599655151367,10.734999656677246,10.734999656677246,23144,0.0,0.0,0.0
2023-12-01 13:30:00-05:00,10.739999771118164,10.765000343322754,10.720000267028809,10.754599571228027,31421,0.0,0.0,0.0
2023-12-01 14:30:00-05:00,10.760000228881836,10.765000343322754,10.75,10.765000343322754,19029,0.0,0.0,0.0
2023-12-01 15:30:00-05:00,10.765000343322754,10.779999732971191,10.750100135803223,10.779999732971191,14145,0.0,0.0,0.0
2023-12-04 09:30:00-05:00,10.640000343322754,10.6899995803833,10.609999656677246,10.609999656677246,60641,0.0,0.0,0.0
2023-12-04 10:30:00-05:00,10.604999542236328,10.625,10.574199676513672,10.625,20472,0.0,0.0,0.0
2023-12-04 11:30:00-05:00,10.614999771118164,10.680000305175781,10.609999656677246,10.675000190734863,26713,0.0,0.0,0.0
2023-12-04 12:30:00-05:00,10.675000190734863,10.694999694824219,10.65999984741211,10.65999984741211,70726,0.0,0.0,0.0
2023-12-04 13:30:00-05:00,10.649999618530273,10.687800407409668,10.649999618530273,10.6850004196167,21877,0.0,0.0,0.0
2023-12-04 14:30:00-05:00,10.6850004196167,10.694999694824219,10.670000076293945,10.6899995803833,16468,0.0,0.0,0.0
2023-12-04 15:30:00-05:00,10.6899995803833,10.729999542236328,10.6899995803833,10.720000267028809,19987,0.0,0.0,0.0
2023-12-05 09:30:00-05:00,10.630000114440918,10.71500015258789,10.630000114440918,10.699999809265137,56945,0.0,0.0,0.0
2023-12-05 10:30:00-05:00,10.694999694824219,10.720000267028809,10.670000076293945,10.6899995803833,37095,0.0,0.0,0.0
2023-12-05 11:30:00-05:00,10.680000305175781,10.6850004196167,10.652999877929688,10.670000076293945,17172,0.0,0.0,0.0
2023-12-05 12:30:00-05:00,10.675000190734863,10.675200462341309,10.640000343322754,10.661999702453613,22494,0.0,0.0,0.0
2023-12-05 13:30:00-05:00,10.668600082397461,10.6899995803833,10.66450023651123,10.6850004196167,24168,0.0,0.0,0.0
2023-12-05 14:30:00-05:00,10.680000305175781,10.694999694824219,10.664999961853027,10.6899995803833,10056,0.0,0.0,0.0
2023-12-05 15:30:00-05:00,10.6850004196167,10.6899995803833,10.675000190734863,10.6899995803833,21823,0.0,0.0,0.0
2023-12-06 09:30:00-05:00,10.779999732971191,10.795000076293945,10.720000267028809,10.729999542236328,78357,0.0,0.0,0.0
2023-12-06 10:30:00-05:00,10.739999771118164,10.785599708557129,10.739999771118164,10.768199920654297,91812,0.0,0.0,0.0
2023-12-06 11:30:00-05:00,10.760000228881836,10.770000457763672,10.727100372314453,10.749899864196777,15080,0.0,0.0,0.0
2023-12-06 12:30:00-05:00,10.75,10.755000114440918,10.699999809265137,10.710000038146973,15623,0.0,0.0,0.0
2023-12-06 13:30:00-05:00,10.713199615478516,10.71500015258789,10.680000305175781,10.680000305175781,9108,0.0,0.0,0.0
2023-12-06 14:30:00-05:00,10.6850004196167,10.699999809265137,10.640000343322754,10.640299797058105,7375,0.0,0.0,0.0
2023-12-06 15:30:00-05:00,10.64009952545166,10.649999618530273,10.625,10.640000343322754,17283,0.0,0.0,0.0
2023-12-07 09:30:00-05:00,10.65999984741211,10.739999771118164,10.641300201416016,10.734100341796875,50472,0.0,0.0,0.0
2023-12-07 10:30:00-05:00,10.739999771118164,10.749099731445312,10.694999694824219,10.720800399780273,26293,0.0,0.0,0.0
2023-12-07 11:30:00-05:00,10.727899551391602,10.760000228881836,10.727899551391602,10.754899978637695,19346,0.0,0.0,0.0
2023-12-07 12:30:00-05:00,10.755000114440918,10.760000228881836,10.73009967803955,10.75,19746,0.0,0.0,0.0
2023-12-07 13:30:00-05:00,10.739999771118164,10.764699935913086,10.73009967803955,10.761799812316895,30510,0.0,0.0,0.0
2023-12-07 14:30:00-05:00,10.765000343322754,10.765000343322754,10.739999771118164,10.755000114440918,13559,0.0,0.0,0.0
2023-12-07 15:30:00-05:00,10.75,10.770000457763672,10.75,10.770000457763672,17792,0.0,0.0,0.0
2023-12-08 09:30:00-05:00,10.760000228881836,10.890000343322754,10.760000228881836,10.880000114440918,64945,0.0,0.0,0.0
2023-12-08 10:30:00-05:00,10.869999885559082,10.869999885559082,10.8100004196167,10.824999809265137,19350,0.0,0.0,0.0
2023-12-08 11:30:00-05:00,10.835000038146973,10.84000015258789,10.800000190734863,10.84000015258789,9308,0.0,0.0,0.0
2023-12-08 12:30:00-05:00,10.841400146484375,10.850000381469727,10.829999923706055,10.849900245666504,12924,0.0,0.0,0.0
2023-12-08 13:30:00-05:00,10.845000267028809,10.869999885559082,10.845000267028809,10.859999656677246,10450,0.0,0.0,0.0
2023-12-08 14:30:00-05:00,10.869999885559082,10.880000114440918,10.864899635314941,10.875,12117,0.0,0.0,0.0
2023-12-08 15:30:00-05:00,10.869999885559082,10.880000114440918,10.859999656677246,10.869999885559082,16783,0.0,0.0,0.0
2023-12-11 09:30:00-05:00,10.819999694824219,10.850000381469727,10.800000190734863,10.800000190734863,40370,0.0,0.0,0.0
2023-12-11 10:30:00-05:00,10.795000076293945,10.831999778747559,10.795000076293945,10.8100004196167,10605,0.0,0.0,0.0
2023-12-11 11:30:00-05:00,10.8100004196167,10.83329963684082,10.789999961853027,10.829999923706055,26015,0.0,0.0,0.0
2023-12-11 12:30:00-05:00,10.835599899291992,10.854999542236328,10.829999923706055,10.854999542236328,14869,0.0,0.0,0.0
2023-12-11 13:30:00-05:00,10.851200103759766,10.885000228881836,10.851200103759766,10.880000114440918,19038,0.0,0.0,0.0
2023-12-11 14:30:00-05:00,10.869999885559082,10.869999885559082,10.854999542236328,10.854999542236328,18226,0.0,0.0,0.0
2023-12-11 15:30:00-05:00,10.851799964904785,10.859999656677246,10.850000381469727,10.859999656677246,5618,0.0,0.0,0.0
2023-12-12 09:30:00-05:00,10.819999694824219,10.909000396728516,10.819999694824219,10.899999618530273,60593,0.0,0.0,0.0
2023-12-12 10:30:00-05:00,10.895000457763672,10.960000038146973,10.895000457763672,10.949899673461914,25083,0.0,0.0,0.0
2023-12-12 11:30:00-05:00,10.944999694824219,10.94909954071045,10.90999984741211,10.925000190734863,19502,0.0,0.0,0.0
2023-12-12 12:30:00-05:00,10.930000305175781,10.945599555969238,10.920000076293945,10.940099716186523,13773,0.0,0.0,0.0
2023-12-12 13:30:00-05:00,10.944999694824219,10.96500015258789,10.9399995803833,10.96500015258789,27677,0.0,0.0,0.0
2023-12-12 14:30:00-05:00,10.960000038146973,10.974900245666504,10.960000038146973,10.974900245666504,22777,0.0,0.0,0.0
2023-12-12 15:30:00-05:00,10.975000381469727,10.984999656677246,10.970000267028809,10.984999656677246,50786,0.0,0.0,0.0
2023-12-13 09:30:00-05:00,11.029999732971191,11.0649995803833,11.020500183105469,11.029999732971191,134043,0.0,0.0,0.0
2023-12-13 10:30:00-05:00,11.024999618530273,11.04889965057373,11.000100135803223,11.000100135803223,23054,0.0,0.0,0.0
2023-12-13 11:30:00-05:00,11.015000343322754,11.015000343322754,10.984999656677246,10.9931001663208,6106,0.0,0.0,0.0
2023-12-13 12:30:00-05:00,10.994999885559082,11.0,10.970000267028809,10.970000267028809,7945,0.0,0.0,0.0
2023-12-13 13:30:00-05:00,10.970000267028809,11.109999656677246,10.970000267028809,11.100099563598633,34634,0.0,0.0,0.0
2023-12-13 14:30:00-05:00,11.109999656677246,11.211999893188477,11.109999656677246,11.140999794006348,68942,0.0,0.0,0.0
2023-12-13 15:30:00-05:00,11.149999618530273,11.1899995803833,11.145000457763672,11.1899995803833,33828,0.0,0.0,0.0
2023-12-14 09:30:00-05:00,11.239999771118164,11.354999542236328,11.220000267028809,11.3149995803833,111742,0.0,0.0,0.0
2023-12-14 10:30:00-05:00,11.3149995803833,11.345000267028809,11.289999961853027,11.3149995803833,32602,0.0,0.0,0.0
2023-12-14 11:30:00-05:00,11.310199737548828,11.34000015258789,11.294899940490723,11.335000038146973,18244,0.0,0.0,0.0
2023-12-14 12:30:00-05:00,11.34000015258789,11.350000381469727,11.255000114440918,11.265000343322754,60946,0.0,0.0,0.0
2023-12-14 13:30:00-05:00,11.260000228881836,11.300000190734863,11.225000381469727,11.300000190734863,21210,0.0,0.0,0.0
2023-12-14 14:30:00-05:00,11.300000190734863,11.329999923706055,11.28499984741211,11.319999694824219,21296,0.0,0.0,0.0
2023-12-14 15:30:00-05:00,11.3149995803833,11.329999923706055,11.3149995803833,11.329999923706055,30158,0.0,0.0,0.0
2023-12-15 09:30:00-05:00,11.329999923706055,11.380000114440918,11.3100004196167,11.380000114440918,60482,0.0,0.0,0.0
2023-12-15 10:30:00-05:00,11.359999656677246,11.389699935913086,11.359999656677246,11.375,49186,0.0,0.0,0.0
2023-12-15 11:30:00-05:00,11.380000114440918,11.380000114440918,11.354900360107422,11.375,151249,0.0,0.0,0.0
2023-12-15 12:30:00-05:00,11.369999885559082,11.371600151062012,11.305000305175781,11.329999923706055,47685,0.0,0.0,0.0
2023-12-15 13:30:00-05:00,11.329999923706055,11.329999923706055,11.279999732971191,11.29010009765625,33130,0.0,0.0,0.0
2023-12-15 14:30:00-05:00,11.295000076293945,11.324999809265137,11.295000076293945,11.324999809265137,12991,0.0,0.0,0.0
2023-12-15 15:30:00-05:00,11.3149995803833,11.351900100708008,11.310999870300293,11.34000015258789,22960,0.0,0.0,0.0
2023-12-18 09:30:00-05:00,11.300000190734863,11.34000015258789,11.279999732971191,11.3149995803833,93031,0.0,0.0,0.0
2023-12-18 10:30:00-05:00,11.3149995803833,11.319999694824219,11.279999732971191,11.305000305175781,44936,0.0,0.0,0.0
2023-12-18 11:30:00-05:00,11.305000305175781,11.34000015258789,11.300999641418457,11.335000038146973,27318,0.0,0.0,0.0
2023-12-18 12:30:00-05:00,11.335000038146973,11.369799613952637,11.329999923706055,11.359999656677246,31399,0.0,0.0,0.0
2023-12-18 13:30:00-05:00,11.364999771118164,11.385000228881836,11.359999656677246,11.375,41105,0.0,0.0,0.0
2023-12-18 14:30:00-05:00,11.375,11.385000228881836,11.364999771118164,11.375,29740,0.0,0.0,0.0
2023-12-18 15:30:00-05:00,11.375,11.375,11.350000381469727,11.354999542236328,35741,0.0,0.0,0.0
2023-12-19 09:30:00-05:00,11.34000015258789,11.4399995803833,11.34000015258789,11.430000305175781,84971,0.0,0.0,0.0
2023-12-19 10:30:00-05:00,11.43340015411377,11.4399995803833,11.40999984741211,11.40999984741211,49317,0.0,0.0,0.0
2023-12-19 11:30:00-05:00,11.406000137329102,11.430000305175781,11.380000114440918,11.40999984741211,32319,0.0,0.0,0.0
2023-12-19 12:30:00-05:00,11.414999961853027,11.420000076293945,11.399999618530273,11.404999732971191,16347,0.0,0.0,0.0
2023-12-19 13:30:00-05:00,11.409799575805664,11.430100440979004,11.399999618530273,11.430000305175781,13062,0.0,0.0,0.0
2023-12-19 14:30:00-05:00,11.4350004196167,11.4399995803833,11.425000190734863,11.4399995803833,42137,0.0,0.0,0.0
2023-12-19 15:30:00-05:00,11.4399995803833,11.4399995803833,11.425000190734863,11.4399995803833,21152,0.0,0.0,0.0
2023-12-20 09:30:00-05:00,11.390000343322754,11.470000267028809,11.390000343322754,11.46500015258789,94132,0.0,0.0,0.0
2023-12-20 10:30:00-05:00,11.470000267028809,11.478899955749512,11.446000099182129,11.460000038146973,42560,0.0,0.0,0.0
2023-12-20 11:30:00-05:00,11.454999923706055,11.46969985961914,11.449999809265137,11.454999923706055,19497,0.0,0.0,0.0
2023-12-20 12:30:00-05:00,11.460000038146973,11.470000267028809,11.4399995803833,11.460000038146973,15907,0.0,0.0,0.0
2023-12-20 13:30:00-05:00,11.46500015258789,11.470000267028809,11.430999755859375,11.4399995803833,29026,0.0,0.0,0.0
2023-12-20 14:30:00-05:00,11.430000305175781,11.430000305175781,11.239999771118164,11.25,44937,0.0,0.0,0.0
2023-12-20 15:30:00-05:00,11.25,11.270000457763672,11.225000381469727,11.229999542236328,58323,0.0,0.0,0.0
2023-12-21 09:30:00-05:00,11.350000381469727,11.40999984741211,11.305000305175781,11.350000381469727,82852,0.0,0.0,0.0
2023-12-21 10:30:00-05:00,11.350000381469727,11.369999885559082,11.335000038146973,11.360099792480469,72996,0.0,0.0,0.0
2023-12-21 11:30:00-05:00,11.354999542236328,11.380000114440918,11.34000015258789,11.34000015258789,12456,0.0,0.0,0.0
2023-12-21 12:30:00-05:00,11.345000267028809,11.364999771118164,11.329999923706055,11.350000381469727,29343,0.0,0.0,0.0
2023-12-21 13:30:00-05:00,11.359999656677246,11.380499839782715,11.350000381469727,11.380499839782715,15178,0.0,0.0,0.0
2023-12-21 14:30:00-05:00,11.380000114440918,11.426199913024902,11.380000114440918,11.426199913024902,0,0.0,0.0,0.0
2023-12-21 15:30:00-05:00,11.430000305175781,11.449999809265137,11.420000076293945,11.449999809265137,264946,0.0,0.0,0.0
2023-12-22 09:30:00-05:00,11.319999694824219,11.420000076293945,11.3100004196167,11.399999618530273,110473,0.0,0.0,0.0
2023-12-22 10:30:00-05:00,11.40999984741211,11.420000076293945,11.375,11.399999618530273,39300,0.0,0.0,0.0
2023-12-22 11:30:00-05:00,11.408100128173828,11.420000076293945,11.395000457763672,11.40999984741211,21890,0.0,0.0,0.0
2023-12-22 12:30:00-05:00,11.40999984741211,11.430000305175781,11.404399871826172,11.425000190734863,19744,0.0,0.0,0.0
2023-12-22 13:30:00-05:00,11.425000190734863,11.430000305175781,11.369999885559082,11.375,22720,0.0,0.0,0.0
2023-12-22 14:30:00-05:00,11.359999656677246,11.430000305175781,11.359999656677246,11.430000305175781,36209,0.0,0.0,0.0
2023-12-22 15:30:00-05:00,11.430000305175781,11.430000305175781,11.404999732971191,11.40999984741211,50632,0.0,0.0,0.0
2023-12-26 09:30:00-05:00,11.399999618530273,11.53499984741211,11.399999618530273,11.524399757385254,137479,0.0,0.0,0.0
2023-12-26 10:30:00-05:00,11.529999732971191,11.545000076293945,11.505000114440918,11.510100364685059,41716,0.0,0.0,0.0
2023-12-26 11:30:00-05:00,11.520000457763672,11.539199829101562,11.515000343322754,11.53499984741211,14442,0.0,0.0,0.0
2023-12-26 12:30:00-05:00,11.539999961853027,11.539999961853027,11.520000457763672,11.53499984741211,14935,0.0,0.0,0.0
2023-12-26 13:30:00-05:00,11.53499984741211,11.550000190734863,11.524800300598145,11.545000076293945,25402,0.0,0.0,0.0
2023-12-26 14:30:00-05:00,11.545000076293945,11.579999923706055,11.544699668884277,11.574899673461914,69038,0.0,0.0,0.0
2023-12-26 15:30:00-05:00,11.571000099182129,11.579999923706055,11.550000190734863,11.550000190734863,40007,0.0,0.0,0.0
2023-12-27 09:30:00-05:00,11.520000457763672,11.574999809265137,11.520000457763672,11.53499984741211,31418,0.0,0.0,0.0
2023-12-27 10:30:00-05:00,11.529999732971191,11.530099868774414,11.510000228881836,11.524999618530273,18543,0.0,0.0,0.0
2023-12-27 11:30:00-05:00,11.529999732971191,11.550000190734863,11.529999732971191,11.550000190734863,11103,0.0,0.0,0.0
2023-12-27 12:30:00-05:00,11.550000190734863,11.569999694824219,11.53030014038086,11.5600004196167,20532,0.0,0.0,0.0
2023-12-27 13:30:00-05:00,11.5600004196167,11.569999694824219,11.529999732971191,11.545000076293945,24849,0.0,0.0,0.0
2023-12-27 14:30:00-05:00,11.550000190734863,11.5600004196167,11.534199714660645,11.550000190734863,16613,0.0,0.0,0.0
2023-12-27 15:30:00-05:00,11.545000076293945,11.579999923706055,11.539999961853027,11.569999694824219,40144,0.0,0.0,0.0
2023-12-28 09:30:00-05:00,11.579999923706055,11.640000343322754,11.579999923706055,11.635000228881836,68862,0.0,0.0,0.0
2023-12-28 10:30:00-05:00,11.630000114440918,11.649999618530273,11.625,11.635000228881836,34475,0.0,0.0,0.0
2023-12-28 11:30:00-05:00,11.630000114440918,11.64799976348877,11.630000114440918,11.633299827575684,13378,0.0,0.0,0.0
2023-12-28 12:30:00-05:00,11.640000343322754,11.649999618530273,11.630000114440918,11.645000457763672,10272,0.0,0.0,0.0
2023-12-28 13:30:00-05:00,11.649999618530273,11.65999984741211,11.63010025024414,11.645999908447266,21449,0.0,0.0,0.0
2023-12-28 14:30:00-05:00,11.645000457763672,11.645000457763672,11.609999656677246,11.614999771118164,48205,0.0,0.0,0.0
2023-12-28 15:30:00-05:00,11.625,11.636099815368652,11.612299919128418,11.619999885559082,25856,0.0,0.0,0.0
2023-12-29 09:30:00-05:00,11.600000381469727,11.645500183105469,11.590100288391113,11.600099563598633,50693,0.0,0.0,0.0
2023-12-29 10:30:00-05:00,11.609999656677246,11.609999656677246,11.472399711608887,11.472399711608887,40848,0.0,0.0,0.0
2023-12-29 11:30:00-05:00,11.479999542236328,11.520000457763672,11.475000381469727,11.489999771118164,27026,0.0,0.0,0.0
2023-12-29 12:30:00-05:00,11.489999771118164,11.539999961853027,11.489999771118164,11.520000457763672,18179,0.0,0.0,0.0
2023-12-29 13:30:00-05:00,11.524999618530273,11.5649995803833,11.520000457763672,11.545000076293945,17828,0.0,0.0,0.0
2023-12-29 14:30:00-05:00,11.549400329589844,11.557900428771973,11.53499984741211,11.545000076293945,21809,0.0,0.0,0.0
2023-12-29 15:30:00-05:00,11.545000076293945,11.545000076293945,11.510000228881836,11.520000457763672,45123,0.0,0.0,0.0
2024-01-02 09:30:00-05:00,11.350000381469727,11.35420036315918,11.199999809265137,11.199999809265137,100621,0.0,0.0,0.0
2024-01-02 10:30:00-05:00,11.1899995803833,11.220000267028809,11.154999732971191,11.218999862670898,48096,0.0,0.0,0.0
2024-01-02 11:30:00-05:00,11.220000267028809,11.25,11.220000267028809,11.230999946594238,34403,0.0,0.0,0.0
2024-01-02 12:30:00-05:00,11.225000381469727,11.241000175476074,11.1899995803833,11.21049976348877,29125,0.0,0.0,0.0
2024-01-02 13:30:00-05:00,11.210000038146973,11.219900131225586,11.15999984741211,11.170000076293945,14379,0.0,0.0,0.0
2024-01-02 14:30:00-05:00,11.172499656677246,11.172499656677246,11.112199783325195,11.125,24225,0.0,0.0,0.0
2024-01-02 15:30:00-05:00,11.130000114440918,11.170000076293945,11.109999656677246,11.170000076293945,43923,0.0,0.0,0.0
2024-01-03 09:30:00-05:00,11.020000457763672,11.09000015258789,10.989999771118164,11.020000457763672,203034,0.0,0.0,0.0
2024-01-03 10:30:00-05:00,11.015000343322754,11.050000190734863,10.984999656677246,11.039999961853027,90227,0.0,0.0,0.0
2024-01-03 11:30:00-05:00,11.045000076293945,11.055000305175781,11.014900207519531,11.029999732971191,51061,0.0,0.0,0.0
2024-01-03 12:30:00-05:00,11.029999732971191,11.069299697875977,11.029999732971191,11.055000305175781,46901,0.0,0.0,0.0
2024-01-03 13:30:00-05:00,11.050000190734863,11.069999694824219,11.005000114440918,11.069999694824219,72703,0.0,0.0,0.0
2024-01-03 14:30:00-05:00,11.069999694824219,11.079999923706055,11.015000343322754,11.020000457763672,64420,0.0,0.0,0.0
2024-01-03 15:30:00-05:00,11.020000457763672,11.039999961853027,11.005000114440918,11.020000457763672,79715,0.0,0.0,0.0
2024-01-04 09:30:00-05:00,10.960000038146973,11.020000457763672,10.9399995803833,11.0,180211,0.0,0.0,0.0
2024-01-04 10:30:00-05:00,11.010000228881836,11.056099891662598,11.0,11.056099891662598,11570,0.0,0.0,0.0
2024-01-04 11:30:00-05:00,11.039999961853027,11.050000190734863,11.010000228881836,11.024999618530273,24281,0.0,0.0,0.0
2024-01-04 12:30:00-05:00,11.020000457763672,11.022199630737305,11.0,11.020000457763672,10134,0.0,0.0,0.0
2024-01-04 13:30:00-05:00,11.029999732971191,11.039999961853027,11.005000114440918,11.010000228881836,12178,0.0,0.0,0.0
2024-01-04 14:30:00-05:00,11.000200271606445,11.029999732971191,10.989999771118164,11.010000228881836,12023,0.0,0.0,0.0
2024-01-04 15:30:00-05:00,11.020000457763672,11.029999732971191,10.984999656677246,10.984999656677246,30333,0.0,0.0,0.0
2024-01-05 09:30:00-05:00,10.949999809265137,11.069999694824219,10.9399995803833,11.052599906921387,102894,0.0,0.0,0.0
2024-01-05 10:30:00-05:00,11.0600004196167,11.09000015258789,11.050000190734863,11.050000190734863,51526,0.0,0.0,0.0
2024-01-05 11:30:00-05:00,11.045000076293945,11.045000076293945,10.984999656677246,10.989999771118164,22343,0.0,0.0,0.0
2024-01-05 12:30:00-05:00,10.989999771118164,11.010000228881836,10.974900245666504,10.989999771118164,38384,0.0,0.0,0.0
2024-01-05 13:30:00-05:00,11.0,11.0201997756958,11.0,11.010000228881836,17700,0.0,0.0,0.0
2024-01-05 14:30:00-05:00,11.010000228881836,11.015000343322754,10.949999809265137,10.949999809265137,21031,0.0,0.0,0.0
2024-01-05 15:30:00-05:00,10.954999923706055,10.989999771118164,10.949999809265137,10.989999771118164,79131,0.0,0.0,0.0
2024-01-08 09:30:00-05:00,11.010000228881836,11.109999656677246,11.0,11.100000381469727,48831,0.0,0.0,0.0
2024-01-08 10:30:00-05:00,11.109999656677246,11.15410041809082,11.109999656677246,11.149999618530273,16052,0.0,0.0,0.0
2024-01-08 11:30:00-05:00,11.145000457763672,11.170000076293945,11.139900207519531,11.15999984741211,35794,0.0,0.0,0.0
2024-01-08 12:30:00-05:00,11.16409969329834,11.199899673461914,11.16409969329834,11.192299842834473,10468,0.0,0.0,0.0
2024-01-08 13:30:00-05:00,11.190600395202637,11.220000267028809,11.190099716186523,11.204999923706055,15154,0.0,0.0,0.0
2024-01-08 14:30:00-05:00,11.210000038146973,11.239999771118164,11.20989990234375,11.229999542236328,33666,0.0,0.0,0.0
2024-01-08 15:30:00-05:00,11.220000267028809,11.25,11.220000267028809,11.239999771118164,29349,0.0,0.0,0.0
2024-01-09 09:30:00-05:00,11.199999809265137,11.199999809265137,11.119999885559082,11.15999984741211,74969,0.0,0.0,0.0
2024-01-09 10:30:00-05:00,11.15999984741211,11.1899995803833,11.144700050354004,11.1899995803833,21310,0.0,0.0,0.0
2024-01-09 11:30:00-05:00,11.1899995803833,11.220000267028809,11.180000305175781,11.20009994506836,12379,0.0,0.0,0.0
2024-01-09 12:30:00-05:00,11.199999809265137,11.239999771118164,11.194999694824219,11.210000038146973,13024,0.0,0.0,0.0
2024-01-09 13:30:00-05:00,11.1899995803833,11.229999542236328,11.1850004196167,11.1850004196167,24271,0.0,0.0,0.0
2024-01-09 14:30:00-05:00,11.199999809265137,11.199999809265137,11.175000190734863,11.183300018310547,15540,0.0,0.0,0.0
2024-01-09 15:30:00-05:00,11.1899995803833,11.1899995803833,11.149999618530273,11.164999961853027,11470,0.0,0.0,0.0
2024-01-10 09:30:00-05:00,11.180000305175781,11.220000267028809,11.15999984741211,11.199999809265137,38433,0.0,0.0,0.0
2024-01-10 10:30:00-05:00,11.210000038146973,11.255000114440918,11.199999809265137,11.229999542236328,9478,0.0,0.0,0.0
2024-01-10 11:30:00-05:00,11.210100173950195,11.24899959564209,11.210100173950195,11.239999771118164,8181,0.0,0.0,0.0
2024-01-10 12:30:00-05:00,11.244999885559082,11.270000457763672,11.244999885559082,11.260000228881836,15600,0.0,0.0,0.0
2024-01-10 13:30:00-05:00,11.260000228881836,11.295000076293945,11.259499549865723,11.289999961853027,10412,0.0,0.0,0.0
2024-01-10 14:30:00-05:00,11.28499984741211,11.289999961853027,11.25,11.255000114440918,12317,0.0,0.0,0.0
2024-01-10 15:30:00-05:00,11.244999885559082,11.260000228881836,11.220000267028809,11.260000228881836,28876,0.0,0.0,0.0
2024-01-11 09:30:00-05:00,11.289999961853027,11.340100288391113,11.150300025939941,11.202500343322754,69891,0.0,0.0,0.0
2024-01-11 10:30:00-05:00,11.21500015258789,11.229700088500977,11.119999885559082,11.130999565124512,16204,0.0,0.0,0.0
2024-01-11 11:30:00-05:00,11.130000114440918,11.164999961853027,11.119999885559082,11.149999618530273,8281,0.0,0.0,0.0
2024-01-11 12:30:00-05:00,11.149999618530273,11.239999771118164,11.149999618530273,11.239999771118164,6106,0.0,0.0,0.0
2024-01-11 13:30:00-05:00,11.220000267028809,11.260000228881836,11.220000267028809,11.239999771118164,5801,0.0,0.0,0.0
2024-01-11 14:30:00-05:00,11.260000228881836,11.279999732971191,11.244999885559082,11.260000228881836,13622,0.0,0.0,0.0
2024-01-11 15:30:00-05:00,11.260000228881836,11.260000228881836,11.239999771118164,11.25,40830,0.0,0.0,0.0
2024-01-12 09:30:00-05:00,11.229999542236328,11.34000015258789,11.229999542236328,11.260000228881836,49307,0.0,0.0,0.0
2024-01-12 10:30:00-05:00,11.274999618530273,11.274999618530273,11.21500015258789,11.270000457763672,21882,0.0,0.0,0.0
2024-01-12 11:30:00-05:00,11.260000228881836,11.260000228881836,11.210000038146973,11.210000038146973,12037,0.0,0.0,0.0
2024-01-12 12:30:00-05:00,11.220000267028809,11.234999656677246,11.206600189208984,11.229999542236328,9961,0.0,0.0,0.0
2024-01-12 13:30:00-05:00,11.229700088500977,11.239999771118164,11.224699974060059,11.225000381469727,7495,0.0,0.0,0.0
2024-01-12 14:30:00-05:00,11.229999542236328,11.229999542236328,11.194999694824219,11.197699546813965,12375,0.0,0.0,0.0
2024-01-12 15:30:00-05:00,11.20009994506836,11.210000038146973,11.194999694824219,11.201000213623047,19167,0.0,0.0,0.0
2024-01-16 09:30:00-05:00,11.100000381469727,11.149999618530273,11.04010009765625,11.135000228881836,96489,0.0,0.0,0.0
2024-01-16 10:30:00-05:00,11.145000457763672,11.170000076293945,11.100000381469727,11.140000343322754,37046,0.0,0.0,0.0
2024-01-16 11:30:00-05:00,11.140000343322754,11.149999618530273,11.09000015258789,11.09000015258789,18302,0.0,0.0,0.0
2024-01-16 12:30:00-05:00,11.079999923706055,11.104999542236328,11.079999923706055,11.098099708557129,13873,0.0,0.0,0.0
2024-01-16 13:30:00-05:00,11.100000381469727,11.1072998046875,11.0600004196167,11.069999694824219,35995,0.0,0.0,0.0
2024-01-16 14:30:00-05:00,11.069899559020996,11.095000267028809,11.0649995803833,11.075900077819824,152101,0.0,0.0,0.0
2024-01-16 15:30:00-05:00,11.078399658203125,11.09000015258789,11.0600004196167,11.09000015258789,233155,0.0,0.0,0.0
2024-01-17 09:30:00-05:00,10.970000267028809,10.970000267028809,10.829999923706055,10.890000343322754,44984,0.0,0.0,0.0
2024-01-17 10:30:00-05:00,10.890000343322754,10.920000076293945,10.864999771118164,10.914999961853027,18120,0.0,0.0,0.0
2024-01-17 11:30:00-05:00,10.920000076293945,10.928600311279297,10.90999984741211,10.910099983215332,5522,0.0,0.0,0.0
2024-01-17 12:30:00-05:00,10.90999984741211,10.930000305175781,10.899999618530273,10.899999618530273,10500,0.0,0.0,0.0
2024-01-17 13:30:00-05:00,10.899999618530273,10.920100212097168,10.880000114440918,10.920100212097168,15225,0.0,0.0,0.0
2024-01-17 14:30:00-05:00,10.925000190734863,10.944999694824219,10.920000076293945,10.9350004196167,19344,0.0,0.0,0.0
2024-01-17 15:30:00-05:00,10.930100440979004,10.989999771118164,10.930100440979004,10.989999771118164,38099,0.0,0.0,0.0
2024-01-18 09:30:00-05:00,11.140000343322754,11.15999984741211,11.10569953918457,11.130000114440918,53502,0.0,0.0,0.0
2024-01-18 10:30:00-05:00,11.139900207519531,11.180000305175781,11.130000114440918,11.180000305175781,12499,0.0,0.0,0.0
2024-01-18 11:30:00-05:00,11.194899559020996,11.199999809265137,11.11989974975586,11.140000343322754,55500,0.0,0.0,0.0
2024-01-18 12:30:00-05:00,11.130000114440918,11.145000457763672,11.071100234985352,11.079999923706055,10452,0.0,0.0,0.0
2024-01-18 13:30:00-05:00,11.09000015258789,11.15999984741211,11.09000015258789,11.15999984741211,13328,0.0,0.0,0.0
2024-01-18 14:30:00-05:00,11.170000076293945,11.1899995803833,11.15999984741211,11.1850004196167,25977,0.0,0.0,0.0
2024-01-18 15:30:00-05:00,11.1850004196167,11.194999694824219,11.180000305175781,11.1899995803833,52482,0.0,0.0,0.0
2024-01-19 09:30:00-05:00,11.25,11.279999732971191,11.210000038146973,11.240799903869629,115448,0.0,0.0,0.0
2024-01-19 10:30:00-05:00,11.230199813842773,11.273799896240234,11.229999542236328,11.25,36327,0.0,0.0,0.0
2024-01-19 11:30:00-05:00,11.253600120544434,11.289999961853027,11.234800338745117,11.289999961853027,52290,0.0,0.0,0.0
2024-01-19 12:30:00-05:00,11.300000190734863,11.34000015258789,11.300000190734863,11.337900161743164,48062,0.0,0.0,0.0
2024-01-19 13:30:00-05:00,11.345000267028809,11.38010025024414,11.342499732971191,11.369999885559082,37652,0.0,0.0,0.0
2024-01-19 14:30:00-05:00,11.369999885559082,11.399999618530273,11.359999656677246,11.38759994506836,34608,0.0,0.0,0.0
2024-01-19 15:30:00-05:00,11.38010025024414,11.399999618530273,11.380000114440918,11.390000343322754,27333,0.0,0.0,0.0
2024-01-22 09:30:00-05:00,11.399999618530273,11.55370044708252,11.399999618530273,11.5,100610,0.0,0.0,0.0
2024-01-22 10:30:00-05:00,11.479999542236328,11.484999656677246,11.449999809265137,11.479999542236328,35725,0.0,0.0,0.0
2024-01-22 11:30:00-05:00,11.479999542236328,11.489999771118164,11.454999923706055,11.470100402832031,49930,0.0,0.0,0.0
2024-01-22 12:30:00-05:00,11.479999542236328,11.479999542236328,11.430000305175781,11.432000160217285,20548,0.0,0.0,0.0
2024-01-22 13:30:00-05:00,11.4350004196167,11.479999542236328,11.4350004196167,11.444999694824219,23444,0.0,0.0,0.0
2024-01-22 14:30:00-05:00,11.449999809265137,11.489299774169922,11.4399995803833,11.48550033569336,20922,0.0,0.0,0.0
2024-01-22 15:30:00-05:00,11.48009967803955,11.5,11.470000267028809,11.475000381469727,19211,0.0,0.0,0.0
2024-01-23 09:30:00-05:00,11.53499984741211,11.609999656677246,11.520000457763672,11.569999694824219,128927,0.0,0.0,0.0
2024-01-23 10:30:00-05:00,11.5600004196167,11.560799598693848,11.520000457763672,11.520000457763672,44886,0.0,0.0,0.0
2024-01-23 11:30:00-05:00,11.520000457763672,11.55150032043457,11.515000343322754,11.524999618530273,15023,0.0,0.0,0.0
2024-01-23 12:30:00-05:00,11.529999732971191,11.5649995803833,11.524999618530273,11.550000190734863,13621,0.0,0.0,0.0
2024-01-23 13:30:00-05:00,11.540499687194824,11.555000305175781,11.53499984741211,11.53499984741211,14521,0.0,0.0,0.0
2024-01-23 14:30:00-05:00,11.529999732971191,11.579999923706055,11.529999732971191,11.574999809265137,22132,0.0,0.0,0.0
2024-01-23 15:30:00-05:00,11.569999694824219,11.579999923706055,11.5600004196167,11.569999694824219,23638,0.0,0.0,0.0
2024-01-24 09:30:00-05:00,11.699999809265137,11.739999771118164,11.649999618530273,11.734999656677246,128733,0.0,0.0,0.0
2024-01-24 10:30:00-05:00,11.729999542236328,11.779999732971191,11.720000267028809,11.729999542236328,61936,0.0,0.0,0.0
2024-01-24 11:30:00-05:00,11.729999542236328,11.765000343322754,11.726099967956543,11.765000343322754,59513,0.0,0.0,0.0
2024-01-24 12:30:00-05:00,11.770000457763672,11.78499984741211,11.729999542236328,11.75,36146,0.0,0.0,0.0
2024-01-24 13:30:00-05:00,11.739999771118164,11.739999771118164,11.660300254821777,11.664999961853027,11078,0.0,0.0,0.0
2024-01-24 14:30:00-05:00,11.670000076293945,11.710000038146973,11.649999618530273,11.649999618530273,20241,0.0,0.0,0.0
2024-01-24 15:30:00-05:00,11.640000343322754,11.679900169372559,11.635000228881836,11.649999618530273,22263,0.0,0.0,0.0
2024-01-25 09:30:00-05:00,11.729999542236328,11.789999961853027,11.729999542236328,11.789999961853027,66858,0.0,0.0,0.0
2024-01-25 10:30:00-05:00,11.779999732971191,11.779999732971191,11.729999542236328,11.763099670410156,17782,0.0,0.0,0.0
2024-01-25 11:30:00-05:00,11.760000228881836,11.775199890136719,11.720000267028809,11.725000381469727,17882,0.0,0.0,0.0
2024-01-25 12:30:00-05:00,11.720000267028809,11.720000267028809,11.675000190734863,11.6899995803833,25535,0.0,0.0,0.0
2024-01-25 13:30:00-05:00,11.680000305175781,11.6899995803833,11.619999885559082,11.630000114440918,16231,0.0,0.0,0.0
2024-01-25 14:30:00-05:00,11.640000343322754,11.670000076293945,11.630000114440918,11.660200119018555,25636,0.0,0.0,0.0
2024-01-25 15:30:00-05:00,11.65999984741211,11.6899995803833,11.65999984741211,11.680000305175781,24030,0.0,0.0,0.0
2024-01-26 09:30:00-05:00,11.630000114440918,11.680000305175781,11.604999542236328,11.649999618530273,331883,0.0,0.0,0.0
2024-01-26 10:30:00-05:00,11.654999732971191,11.699899673461914,11.650099754333496,11.680100440979004,43580,0.0,0.0,0.0
2024-01-26 11:30:00-05:00,11.675000190734863,11.6899995803833,11.654999732971191,11.670000076293945,23206,0.0,0.0,0.0
2024-01-26 12:30:00-05:00,11.65999984741211,11.65999984741211,11.619999885559082,11.635000228881836,13814,0.0,0.0,0.0
2024-01-26 13:30:00-05:00,11.640000343322754,11.649700164794922,11.609999656677246,11.614700317382812,27916,0.0,0.0,0.0
2024-01-26 14:30:00-05:00,11.604999542236328,11.630000114440918,11.595000267028809,11.596199989318848,24429,0.0,0.0,0.0
2024-01-26 15:30:00-05:00,11.600000381469727,11.600000381469727,11.579999923706055,11.59000015258789,22830,0.0,0.0,0.0
2024-01-29 09:30:00-05:00,11.600000381469727,11.630900382995605,11.579999923706055,11.609999656677246,78816,0.0,0.0,0.0
2024-01-29 10:30:00-05:00,11.619999885559082,11.619999885559082,11.59000015258789,11.609999656677246,16315,0.0,0.0,0.0
2024-01-29 11:30:00-05:00,11.609999656677246,11.635000228881836,11.600000381469727,11.635000228881836,27021,0.0,0.0,0.0
2024-01-29 12:30:00-05:00,11.635000228881836,11.645000457763672,11.619999885559082,11.625,16051,0.0,0.0,0.0
2024-01-29 13:30:00-05:00,11.625,11.645000457763672,11.614999771118164,11.645000457763672,20582,0.0,0.0,0.0
2024-01-29 14:30:00-05:00,11.645000457763672,11.734999656677246,11.640000343322754,11.724900245666504,39193,0.0,0.0,0.0
2024-01-29 15:30:00-05:00,11.729999542236328,11.739999771118164,11.71500015258789,11.739999771118164,40338,0.0,0.0,0.0
2024-01-30 09:30:00-05:00,11.670000076293945,11.694999694824219,11.640000343322754,11.65999984741211,41160,0.0,0.0,0.0
2024-01-30 10:30:00-05:00,11.670000076293945,11.675000190734863,11.627900123596191,11.635000228881836,65364,0.0,0.0,0.0
2024-01-30 11:30:00-05:00,11.635000228881836,11.659000396728516,11.59000015258789,11.59000015258789,25634,0.0,0.0,0.0
2024-01-30 12:30:00-05:00,11.59000015258789,11.59000015258789,11.5600004196167,11.59000015258789,19268,0.0,0.0,0.0
2024-01-30 13:30:00-05:00,11.585000038146973,11.585000038146973,11.539999961853027,11.550000190734863,13851,0.0,0.0,0.0
2024-01-30 14:30:00-05:00,11.5600004196167,11.579999923706055,11.5600004196167,11.579999923706055,7272,0.0,0.0,0.0
2024-01-30 15:30:00-05:00,11.56980037689209,11.569999694824219,11.5600004196167,11.5649995803833,14128,0.0,0.0,0.0
2024-01-31 09:30:00-05:00,11.380000114440918,11.444999694824219,11.359999656677246,11.420000076293945,82057,0.0,0.0,0.0
2024-01-31 10:30:00-05:00,11.414199829101562,11.444999694824219,11.399999618530273,11.420000076293945,24776,0.0,0.0,0.0
2024-01-31 11:30:00-05:00,11.420000076293945,11.460100173950195,11.410599708557129,11.460000038146973,14340,0.0,0.0,0.0
2024-01-31 12:30:00-05:00,11.460000038146973,11.47029972076416,11.4399995803833,11.454999923706055,5606,0.0,0.0,0.0
2024-01-31 13:30:00-05:00,11.46500015258789,11.470100402832031,11.40999984741211,11.4350004196167,22610,0.0,0.0,0.0
2024-01-31 14:30:00-05:00,11.411999702453613,11.550000190734863,11.359999656677246,11.399999618530273,25956,0.0,0.0,0.0
2024-01-31 15:30:00-05:00,11.375,11.375,11.335000038146973,11.34000015258789,35628,0.0,0.0,0.0
2024-02-01 09:30:00-05:00,11.390000343322754,11.460000038146973,11.359999656677246,11.4399995803833,174193,0.0,0.0,0.0
2024-02-01 10:30:00-05:00,11.4399995803833,11.4399995803833,11.350000381469727,11.352299690246582,21633,0.0,0.0,0.0
2024-02-01 11:30:00-05:00,11.354999542236328,11.430000305175781,11.350000381469727,11.40999984741211,19289,0.0,0.0,0.0
2024-02-01 12:30:00-05:00,11.40310001373291,11.45009994506836,11.399999618530273,11.4399995803833,14745,0.0,0.0,0.0
2024-02-01 13:30:00-05:00,11.4399995803833,11.460000038146973,11.40999984741211,11.444999694824219,11089,0.0,0.0,0.0
2024-02-01 14:30:00-05:00,11.4350004196167,11.470000267028809,11.4350004196167,11.454999923706055,14376,0.0,0.0,0.0
2024-02-01 15:30:00-05:00,11.456500053405762,11.470000267028809,11.4399995803833,11.470000267028809,25451,0.0,0.0,0.0
2024-02-02 09:30:00-05:00,11.59000015258789,11.6899995803833,11.539999961853027,11.65999984741211,97887,0.0,0.0,0.0
2024-02-02 10:30:00-05:00,11.65999984741211,11.710000038146973,11.630000114440918,11.710000038146973,26193,0.0,0.0,0.0
2024-02-02 11:30:00-05:00,11.720000267028809,11.779999732971191,11.720000267028809,11.779999732971191,42078,0.0,0.0,0.0
2024-02-02 12:30:00-05:00,11.78499984741211,11.795000076293945,11.720100402832031,11.739999771118164,51809,0.0,0.0,0.0
2024-02-02 13:30:00-05:00,11.739999771118164,11.795000076293945,11.729999542236328,11.78499984741211,29033,0.0,0.0,0.0
2024-02-02 14:30:00-05:00,11.78499984741211,11.805000305175781,11.78499984741211,11.800000190734863,35502,0.0,0.0,0.0
2024-02-02 15:30:00-05:00,11.800000190734863,11.8100004196167,11.789999961853027,11.800000190734863,23351,0.0,0.0,0.0
2024-02-05 09:30:00-05:00,11.789999961853027,11.800000190734863,11.680000305175781,11.699999809265137,120021,0.0,0.0,0.0
2024-02-05 10:30:00-05:00,11.699999809265137,11.710000038146973,11.640000343322754,11.680000305175781,38769,0.0,0.0,0.0
2024-02-05 11:30:00-05:00,11.6850004196167,11.73009967803955,11.67140007019043,11.729999542236328,20946,0.0,0.0,0.0
2024-02-05 12:30:00-05:00,11.739999771118164,11.760000228881836,11.73009967803955,11.741000175476074,23679,0.0,0.0,0.0
2024-02-05 13:30:00-05:00,11.739999771118164,11.770000457763672,11.739999771118164,11.760000228881836,26177,0.0,0.0,0.0
2024-02-05 14:30:00-05:00,11.760000228881836,11.785400390625,11.729999542236328,11.765000343322754,35177,0.0,0.0,0.0
2024-02-05 15:30:00-05:00,11.760000228881836,11.760000228881836,11.729999542236328,11.75,161863,0.0,0.0,0.0
2024-02-06 09:30:00-05:00,11.789999961853027,11.84000015258789,11.739999771118164,11.770000457763672,106106,0.0,0.0,0.0
2024-02-06 10:30:00-05:00,11.770000457763672,11.805000305175781,11.765000343322754,11.805000305175781,13456,0.0,0.0,0.0
2024-02-06 11:30:00-05:00,11.8100004196167,11.8100004196167,11.725000381469727,11.760000228881836,106335,0.0,0.0,0.0
2024-02-06 12:30:00-05:00,11.760000228881836,11.774999618530273,11.75,11.770000457763672,12538,0.0,0.0,0.0
2024-02-06 13:30:00-05:00,11.779800415039062,11.795000076293945,11.760000228881836,11.779999732971191,24009,0.0,0.0,0.0
2024-02-06 14:30:00-05:00,11.779999732971191,11.829999923706055,11.779999732971191,11.8149995803833,22889,0.0,0.0,0.0
2024-02-06 15:30:00-05:00,11.8149995803833,11.84000015258789,11.795000076293945,11.84000015258789,40436,0.0,0.0,0.0
2024-02-07 09:30:00-05:00,11.850000381469727,11.949999809265137,11.819999694824219,11.949999809265137,102670,0.0,0.0,0.0
2024-02-07 10:30:00-05:00,11.930000305175781,11.9399995803833,11.859999656677246,11.895000457763672,36716,0.0,0.0,0.0
2024-02-07 11:30:00-05:00,11.890000343322754,11.9350004196167,11.880000114440918,11.914999961853027,24894,0.0,0.0,0.0
2024-02-07 12:30:00-05:00,11.904999732971191,11.9399995803833,11.880000114440918,11.9399995803833,13893,0.0,0.0,0.0
2024-02-07 13:30:00-05:00,11.944999694824219,11.960000038146973,11.930000305175781,11.9399995803833,18414,0.0,0.0,0.0
2024-02-07 14:30:00-05:00,11.9399995803833,11.984999656677246,11.9399995803833,11.98009967803955,26534,0.0,0.0,0.0
2024-02-07 15:30:00-05:00,11.979999542236328,11.979999542236328,11.954999923706055,11.96500015258789,24018,0.0,0.0,0.0
2024-02-08 09:30:00-05:00,12.029999732971191,12.170999526977539,12.029999732971191,12.149999618530273,181654,0.0,0.0,0.0
2024-02-08 10:30:00-05:00,12.149999618530273,12.21500015258789,12.149999618530273,12.1850004196167,48030,0.0,0.0,0.0
2024-02-08 11:30:00-05:00,12.180000305175781,12.190099716186523,12.149999618530273,12.180000305175781,31093,0.0,0.0,0.0
2024-02-08 12:30:00-05:00,12.180000305175781,12.1850004196167,12.141900062561035,12.175000190734863,21153,0.0,0.0,0.0
2024-02-08 13:30:00-05:00,12.180000305175781,12.1850004196167,12.119999885559082,12.119999885559082,39203,0.0,0.0,0.0
2024-02-08 14:30:00-05:00,12.119999885559082,12.154999732971191,12.104999542236328,12.154999732971191,18461,0.0,0.0,0.0
2024-02-08 15:30:00-05:00,12.149999618530273,12.154999732971191,12.130000114440918,12.145000457763672,25177,0.0,0.0,0.0
2024-02-09 09:30:00-05:00,12.180000305175781,12.21500015258789,12.135000228881836,12.21500015258789,54644,0.0,0.0,0.0
2024-02-09 10:30:00-05:00,12.204700469970703,12.244999885559082,12.199999809265137,12.21500015258789,63774,0.0,0.0,0.0
2024-02-09 11:30:00-05:00,12.21500015258789,12.239999771118164,12.20009994506836,12.239999771118164,51054,0.0,0.0,0.0
2024-02-09 12:30:00-05:00,12.239999771118164,12.279999732971191,12.234800338745117,12.279999732971191,41212,0.0,0.0,0.0
2024-02-09 13:30:00-05:00,12.289999961853027,12.3100004196167,12.279999732971191,12.3100004196167,25506,0.0,0.0,0.0
2024-02-09 14:30:00-05:00,12.3100004196167,12.3149995803833,12.270099639892578,12.274999618530273,73058,0.0,0.0,0.0
2024-02-09 15:30:00-05:00,12.270000457763672,12.300000190734863,12.265000343322754,12.300000190734863,51716,0.0,0.0,0.0
2024-02-12 09:30:00-05:00,12.289999961853027,12.4399995803833,12.289999961853027,12.4399995803833,153308,0.0,0.0,0.0
2024-02-12 10:30:00-05:00,12.4399995803833,12.569999694824219,12.4399995803833,12.5600004196167,149322,0.0,0.0,0.0
2024-02-12 11:30:00-05:00,12.5600004196167,12.579400062561035,12.489999771118164,12.489999771118164,25734,0.0,0.0,0.0
2024-02-12 12:30:00-05:00,12.490099906921387,12.53499984741211,12.484999656677246,12.489999771118164,22333,0.0,0.0,0.0
2024-02-12 13:30:00-05:00,12.479999542236328,12.479999542236328,12.345000267028809,12.399999618530273,39665,0.0,0.0,0.0
2024-02-12 14:30:00-05:00,12.395000457763672,12.449999809265137,12.385000228881836,12.440199851989746,28085,0.0,0.0,0.0
2024-02-12 15:30:00-05:00,12.447999954223633,12.454999923706055,12.40999984741211,12.40999984741211,27358,0.0,0.0,0.0
2024-02-13 09:30:00-05:00,12.079999923706055,12.15999984741211,12.0,12.15999984741211,129103,0.0,0.0,0.0
2024-02-13 10:30:00-05:00,12.15999984741211,12.1899995803833,12.140000343322754,12.149999618530273,28115,0.0,0.0,0.0
2024-02-13 11:30:00-05:00,12.149999618530273,12.170000076293945,12.079999923706055,12.079999923706055,33606,0.0,0.0,0.0
2024-02-13 12:30:00-05:00,12.100000381469727,12.119999885559082,12.07960033416748,12.100000381469727,13489,0.0,0.0,0.0
2024-02-13 13:30:00-05:00,12.099900245666504,12.104999542236328,12.029999732971191,12.039999961853027,12574,0.0,0.0,0.0
2024-02-13 14:30:00-05:00,12.0600004196167,12.069999694824219,11.979999542236328,12.0,31916,0.0,0.0,0.0
2024-02-13 15:30:00-05:00,12.0,12.0600004196167,11.99899959564209,12.0600004196167,29683,0.0,0.0,0.0
2024-02-14 09:30:00-05:00,12.199999809265137,12.270099639892578,12.154999732971191,12.262100219726562,73936,0.0,0.0,0.0
2024-02-14 10:30:00-05:00,12.260000228881836,12.270000457763672,12.130000114440918,12.17039966583252,34746,0.0,0.0,0.0
2024-02-14 11:30:00-05:00,12.180000305175781,12.1899995803833,12.125,12.180000305175781,16977,0.0,0.0,0.0
2024-02-14 12:30:00-05:00,12.1899995803833,12.218600273132324,12.180000305175781,12.1899995803833,9166,0.0,0.0,0.0
2024-02-14 13:30:00-05:00,12.200200080871582,12.234999656677246,12.1899995803833,12.23009967803955,12569,0.0,0.0,0.0
2024-02-14 14:30:00-05:00,12.234999656677246,12.28499984741211,12.229999542236328,12.28499984741211,20888,0.0,0.0,0.0
2024-02-14 15:30:00-05:00,12.279999732971191,12.300000190734863,12.266300201416016,12.300000190734863,11306,0.0,0.0,0.0
2024-02-15 09:30:00-05:00,12.300000190734863,12.359999656677246,12.274999618530273,12.28219985961914,56008,0.0,0.0,0.0
2024-02-15 10:30:00-05:00,12.289999961853027,12.300000190734863,12.229999542236328,12.282600402832031,27081,0.0,0.0,0.0
2024-02-15 11:30:00-05:00,12.289999961853027,12.3149995803833,12.270000457763672,12.3149995803833,20825,0.0,0.0,0.0
2024-02-15 12:30:00-05:00,12.3149995803833,12.335000038146973,12.289999961853027,12.335000038146973,17906,0.0,0.0,0.0
2024-02-15 13:30:00-05:00,12.34000015258789,12.34000015258789,12.319499969482422,12.329999923706055,30918,0.0,0.0,0.0
2024-02-15 14:30:00-05:00,12.329999923706055,12.350000381469727,12.3100004196167,12.319999694824219,17820,0.0,0.0,0.0
2024-02-15 15:30:00-05:00,12.329999923706055,12.34000015258789,12.3149995803833,12.329999923706055,18006,0.0,0.0,0.0
2024-02-16 09:30:00-05:00,12.300000190734863,12.329999923706055,12.139699935913086,12.180000305175781,58733,0.0,0.0,0.0
2024-02-16 10:30:00-05:00,12.18019962310791,12.274999618530273,12.180000305175781,12.265000343322754,24655,0.0,0.0,0.0
2024-02-16 11:30:00-05:00,12.270000457763672,12.283100128173828,12.25,12.260199546813965,14545,0.0,0.0,0.0
2024-02-16 12:30:00-05:00,12.270000457763672,12.271499633789062,12.210000038146973,12.229999542236328,33431,0.0,0.0,0.0
2024-02-16 13:30:00-05:00,12.229999542236328,12.267999649047852,12.225000381469727,12.25,18243,0.0,0.0,0.0
2024-02-16 14:30:00-05:00,12.25,12.25,12.170000076293945,12.180000305175781,36332,0.0,0.0,0.0
2024-02-16 15:30:00-05:00,12.180000305175781,12.180000305175781,12.146300315856934,12.15999984741211,35188,0.0,0.0,0.0
2024-02-20 09:30:00-05:00,12.06879997253418,12.079999923706055,11.859999656677246,11.859999656677246,254140,0.0,0.0,0.0
2024-02-20 10:30:00-05:00,11.850000381469727,11.9399995803833,11.820099830627441,11.925000190734863,31518,0.0,0.0,0.0
2024-02-20 11:30:00-05:00,11.920100212097168,11.920100212097168,11.850000381469727,11.860099792480469,27870,0.0,0.0,0.0
2024-02-20 12:30:00-05:00,11.869999885559082,11.90999984741211,11.859999656677246,11.899999618530273,22534,0.0,0.0,0.0
2024-02-20 13:30:00-05:00,11.889599800109863,11.920000076293945,11.880000114440918,11.90999984741211,15389,0.0,0.0,0.0
2024-02-20 14:30:00-05:00,11.920000076293945,11.944999694824219,11.914999961853027,11.9399995803833,20951,0.0,0.0,0.0
2024-02-20 15:30:00-05:00,11.9399995803833,11.970000267028809,11.904999732971191,11.970000267028809,41232,0.0,0.0,0.0
2024-02-21 09:30:00-05:00,11.84000015258789,11.88010025024414,11.815799713134766,11.819999694824219,66961,0.0,0.0,0.0
2024-02-21 10:30:00-05:00,11.824399948120117,11.869999885559082,11.81980037689209,11.850000381469727,27852,0.0,0.0,0.0
2024-02-21 11:30:00-05:00,11.845000267028809,11.858400344848633,11.789999961853027,11.805000305175781,25629,0.0,0.0,0.0
2024-02-21 12:30:00-05:00,11.805000305175781,11.840100288391113,11.800000190734863,11.820599555969238,15074,0.0,0.0,0.0
2024-02-21 13:30:00-05:00,11.828800201416016,11.845000267028809,11.78499984741211,11.800000190734863,23915,0.0,0.0,0.0
2024-02-21 14:30:00-05:00,11.795000076293945,11.800000190734863,11.760000228881836,11.789999961853027,29948,0.0,0.0,0.0
2024-02-21 15:30:00-05:00,11.800000190734863,11.859999656677246,11.800000190734863,11.854999542236328,29408,0.0,0.0,0.0
2024-02-22 09:30:00-05:00,12.119999885559082,12.239999771118164,12.119999885559082,12.204999923706055,86921,0.0,0.0,0.0
2024-02-22 10:30:00-05:00,12.2121000289917,12.229999542236328,12.169599533081055,12.21500015258789,31829,0.0,0.0,0.0
2024-02-22 11:30:00-05:00,12.21500015258789,12.234999656677246,12.20419979095459,12.23009967803955,25325,0.0,0.0,0.0
2024-02-22 12:30:00-05:00,12.234999656677246,12.260000228881836,12.220199584960938,12.244999885559082,36277,0.0,0.0,0.0
2024-02-22 13:30:00-05:00,12.25,12.299099922180176,12.244600296020508,12.295000076293945,30582,0.0,0.0,0.0
2024-02-22 14:30:00-05:00,12.295999526977539,12.300000190734863,12.260000228881836,12.29010009765625,25262,0.0,0.0,0.0
2024-02-22 15:30:00-05:00,12.289999961853027,12.289999961853027,12.239999771118164,12.25,45312,0.0,0.0,0.0
2024-02-23 09:30:00-05:00,12.289999961853027,12.350000381469727,12.239999771118164,12.270000457763672,92742,0.0,0.0,0.0
2024-02-23 10:30:00-05:00,12.239999771118164,12.270000457763672,12.180000305175781,12.239999771118164,21596,0.0,0.0,0.0
2024-02-23 11:30:00-05:00,12.229999542236328,12.300000190734863,12.229999542236328,12.265000343322754,26966,0.0,0.0,0.0
2024-02-23 12:30:00-05:00,12.265000343322754,12.3100004196167,12.25,12.305000305175781,28798,0.0,0.0,0.0
2024-02-23 13:30:00-05:00,12.300000190734863,12.305000305175781,12.234999656677246,12.243599891662598,14862,0.0,0.0,0.0
2024-02-23 14:30:00-05:00,12.244999885559082,12.260000228881836,12.21500015258789,12.21500015258789,20103,0.0,0.0,0.0
2024-02-23 15:30:00-05:00,12.210000038146973,12.245200157165527,12.210000038146973,12.229999542236328,16969,0.0,0.0,0.0
2024-02-26 09:30:00-05:00,12.239999771118164,12.315799713134766,12.23009967803955,12.315799713134766,67848,0.0,0.0,0.0
2024-02-26 10:30:00-05:00,12.295000076293945,12.308199882507324,12.265000343322754,12.270000457763672,16503,0.0,0.0,0.0
2024-02-26 11:30:00-05:00,12.289999961853027,12.305000305175781,12.274999618530273,12.305000305175781,14620,0.0,0.0,0.0
2024-02-26 12:30:00-05:00,12.3100004196167,12.319999694824219,12.289999961853027,12.289999961853027,7944,0.0,0.0,0.0
2024-02-26 13:30:00-05:00,12.28499984741211,12.3149995803833,12.279999732971191,12.305000305175781,32818,0.0,0.0,0.0
2024-02-26 14:30:00-05:00,12.3100004196167,12.317099571228027,12.282699584960938,12.291000366210938,12616,0.0,0.0,0.0
2024-02-26 15:30:00-05:00,12.289999961853027,12.300000190734863,12.260000228881836,12.279999732971191,44766,0.0,0.0,0.0
2024-02-27 09:30:00-05:00,12.260000228881836,12.289999961853027,12.199999809265137,12.274999618530273,119312,0.0,0.0,0.0
2024-02-27 10:30:00-05:00,12.270000457763672,12.279899597167969,12.239999771118164,12.244999885559082,24370,0.0,0.0,0.0
2024-02-27 11:30:00-05:00,12.244999885559082,12.260000228881836,12.220100402832031,12.239999771118164,23606,0.0,0.0,0.0
2024-02-27 12:30:00-05:00,12.234999656677246,12.239999771118164,12.1899995803833,12.204999923706055,11282,0.0,0.0,0.0
2024-02-27 13:30:00-05:00,12.210000038146973,12.244999885559082,12.210000038146973,12.239999771118164,29583,0.0,0.0,0.0
2024-02-27 14:30:00-05:00,12.249600410461426,12.259900093078613,12.239999771118164,12.25,18428,0.0,0.0,0.0
2024-02-27 15:30:00-05:00,12.244999885559082,12.25,12.239999771118164,12.25,16780,0.0,0.0,0.0
2024-02-28 09:30:00-05:00,12.140000343322754,12.140000343322754,12.079999923706055,12.095000267028809,50487,0.0,0.0,0.0
2024-02-28 10:30:00-05:00,12.090999603271484,12.149999618530273,12.09000015258789,12.149999618530273,44032,0.0,0.0,0.0
2024-02-28 11:30:00-05:00,12.154999732971191,12.175000190734863,12.135000228881836,12.135000228881836,22298,0.0,0.0,0.0
2024-02-28 12:30:00-05:00,12.130000114440918,12.140000343322754,12.114999771118164,12.140000343322754,18597,0.0,0.0,0.0
2024-02-28 13:30:00-05:00,12.149999618530273,12.149999618530273,12.125,12.125,16139,0.0,0.0,0.0
2024-02-28 14:30:00-05:00,12.119999885559082,12.135000228881836,12.104999542236328,12.125,15529,0.0,0.0,0.0
2024-02-28 15:30:00-05:00,12.125,12.125,12.100000381469727,12.104999542236328,44206,0.0,0.0,0.0
2024-02-29 09:30:00-05:00,12.180000305175781,12.265000343322754,12.149999618530273,12.229999542236328,158774,0.0,0.0,0.0
2024-02-29 10:30:00-05:00,12.229999542236328,12.239999771118164,12.175000190734863,12.1850004196167,12629,0.0,0.0,0.0
2024-02-29 11:30:00-05:00,12.164999961853027,12.1899995803833,12.119999885559082,12.180000305175781,16073,0.0,0.0,0.0
2024-02-29 12:30:00-05:00,12.170000076293945,12.218600273132324,12.169699668884277,12.21500015258789,16513,0.0,0.0,0.0
2024-02-29 13:30:00-05:00,12.220000267028809,12.225000381469727,12.20009994506836,12.20009994506836,19898,0.0,0.0,0.0
2024-02-29 14:30:00-05:00,12.204999923706055,12.21500015258789,12.194999694824219,12.204999923706055,54166,0.0,0.0,0.0
2024-02-29 15:30:00-05:00,12.204999923706055,12.25,12.203100204467773,12.239999771118164,68552,0.0,0.0,0.0
2024-03-01 09:30:00-05:00,12.3100004196167,12.390000343322754,12.300100326538086,12.380000114440918,68490,0.0,0.0,0.0
2024-03-01 10:30:00-05:00,12.369999885559082,12.449799537658691,12.364999771118164,12.4350004196167,27548,0.0,0.0,0.0
2024-03-01 11:30:00-05:00,12.430000305175781,12.460000038146973,12.420100212097168,12.459600448608398,37986,0.0,0.0,0.0
2024-03-01 12:30:00-05:00,12.454999923706055,12.48009967803955,12.449999809265137,12.479999542236328,26092,0.0,0.0,0.0
2024-03-01 13:30:00-05:00,12.489899635314941,12.515000343322754,12.4822998046875,12.510000228881836,33684,0.0,0.0,0.0
2024-03-01 14:30:00-05:00,12.505000114440918,12.505000114440918,12.475000381469727,12.488499641418457,39046,0.0,0.0,0.0
2024-03-01 15:30:00-05:00,12.484999656677246,12.489999771118164,12.470000267028809,12.484999656677246,24673,0.0,0.0,0.0
2024-03-04 09:30:00-05:00,12.529999732971191,12.5600004196167,12.399999618530273,12.399999618530273,88886,0.0,0.0,0.0
2024-03-04 10:30:00-05:00,12.40999984741211,12.4399995803833,12.40999984741211,12.425000190734863,24227,0.0,0.0,0.0
2024-03-04 11:30:00-05:00,12.40999984741211,12.46500015258789,12.401000022888184,12.454999923706055,36071,0.0,0.0,0.0
2024-03-04 12:30:00-05:00,12.460000038146973,12.470000267028809,12.4399995803833,12.45009994506836,27211,0.0,0.0,0.0
2024-03-04 13:30:00-05:00,12.460000038146973,12.484999656677246,12.460000038146973,12.479999542236328,22517,0.0,0.0,0.0
2024-03-04 14:30:00-05:00,12.477499961853027,12.524999618530273,12.477499961853027,12.5,35404,0.0,0.0,0.0
2024-03-04 15:30:00-05:00,12.489999771118164,12.490099906921387,12.425000190734863,12.430000305175781,26534,0.0,0.0,0.0
2024-03-05 09:30:00-05:00,12.289999961853027,12.3100004196167,12.210000038146973,12.210000038146973,179622,0.0,0.0,0.0
2024-03-05 10:30:00-05:00,12.199999809265137,12.211000442504883,12.180000305175781,12.210000038146973,27953,0.0,0.0,0.0
2024-03-05 11:30:00-05:00,12.21500015258789,12.25,12.1899995803833,12.25,33324,0.0,0.0,0.0
2024-03-05 12:30:00-05:00,12.260000228881836,12.260100364685059,12.229999542236328,12.229999542236328,12315,0.0,0.0,0.0
2024-03-05 13:30:00-05:00,12.239999771118164,12.239999771118164,12.1899995803833,12.204999923706055,16404,0.0,0.0,0.0
2024-03-05 14:30:00-05:00,12.199999809265137,12.199999809265137,12.150099754333496,12.150099754333496,49128,0.0,0.0,0.0
2024-03-05 15:30:00-05:00,12.149999618530273,12.220000267028809,12.149999618530273,12.210000038146973,30482,0.0,0.0,0.0
2024-03-06 09:30:00-05:00,12.359999656677246,12.444999694824219,12.3100004196167,12.329999923706055,167185,0.0,0.0,0.0
2024-03-06 10:30:00-05:00,12.329999923706055,12.414999961853027,12.329999923706055,12.409899711608887,24888,0.0,0.0,0.0
2024-03-06 11:30:00-05:00,12.404999732971191,12.46500015258789,12.390000343322754,12.46500015258789,23294,0.0,0.0,0.0
2024-03-06 12:30:00-05:00,12.470000267028809,12.479999542236328,12.4399995803833,12.475000381469727,25910,0.0,0.0,0.0
2024-03-06 13:30:00-05:00,12.470000267028809,12.470000267028809,12.380000114440918,12.420000076293945,44899,0.0,0.0,0.0
2024-03-06 14:30:00-05:00,12.430000305175781,12.430000305175781,12.369999885559082,12.380000114440918,18502,0.0,0.0,0.0
2024-03-06 15:30:00-05:00,12.385000228881836,12.414999961853027,12.354999542236328,12.404999732971191,33376,0.0,0.0,0.0
2024-03-07 09:30:00-05:00,12.520000457763672,12.595000267028809,12.470000267028809,12.579999923706055,113951,0.0,0.0,0.0
2024-03-07 10:30:00-05:00,12.579999923706055,12.625,12.570099830627441,12.625,38196,0.0,0.0,0.0
2024-03-07 11:30:00-05:00,12.619999885559082,12.670000076293945,12.604999542236328,12.65999984741211,72450,0.0,0.0,0.0
2024-03-07 12:30:00-05:00,12.649999618530273,12.65999984741211,12.630000114440918,12.652000427246094,57988,0.0,0.0,0.0
2024-03-07 13:30:00-05:00,12.658699989318848,12.670000076293945,12.649999618530273,12.66469955444336,18428,0.0,0.0,0.0
2024-03-07 14:30:00-05:00,12.664999961853027,12.670000076293945,12.619999885559082,12.634599685668945,31846,0.0,0.0,0.0
2024-03-07 15:30:00-05:00,12.640000343322754,12.66510009765625,12.635000228881836,12.649999618530273,28825,0.0,0.0,0.0
2024-03-08 09:30:00-05:00,12.6899995803833,12.869999885559082,12.6899995803833,12.869999885559082,152545,0.0,0.0,0.0
2024-03-08 10:30:00-05:00,12.869999885559082,12.869999885559082,12.600000381469727,12.600000381469727,63079,0.0,0.0,0.0
2024-03-08 11:30:00-05:00,12.59000015258789,12.640000343322754,12.539999961853027,12.59000015258789,56491,0.0,0.0,0.0
2024-03-08 12:30:00-05:00,12.59000015258789,12.600000381469727,12.484999656677246,12.489999771118164,58520,0.0,0.0,0.0
2024-03-08 13:30:00-05:00,12.479999542236328,12.539999961853027,12.4399995803833,12.529999732971191,49663,0.0,0.0,0.0
2024-03-08 14:30:00-05:00,12.539999961853027,12.577099800109863,12.489999771118164,12.489999771118164,24079,0.0,0.0,0.0
2024-03-08 15:30:00-05:00,12.489999771118164,12.510000228881836,12.475000381469727,12.479999542236328,41231,0.0,0.0,0.0
2024-03-11 09:30:00-04:00,12.34000015258789,12.479999542236328,12.34000015258789,12.4399995803833,61086,0.0,0.0,0.0
2024-03-11 10:30:00-04:00,12.444999694824219,12.529999732971191,12.444999694824219,12.470000267028809,27408,0.0,0.0,0.0
2024-03-11 11:30:00-04:00,12.470000267028809,12.510000228881836,12.460000038146973,12.5,13445,0.0,0.0,0.0
2024-03-11 12:30:00-04:00,12.520000457763672,12.520000457763672,12.479999542236328,12.510000228881836,13534,0.0,0.0,0.0
2024-03-11 13:30:00-04:00,12.50220012664795,12.510000228881836,12.460100173950195,12.494999885559082,8808,0.0,0.0,0.0
2024-03-11 14:30:00-04:00,12.489999771118164,12.510000228881836,12.4399995803833,12.4399995803833,18870,0.0,0.0,0.0
2024-03-11 15:30:00-04:00,12.4399995803833,12.449999809265137,12.420000076293945,12.4399995803833,26260,0.0,0.0,0.0
2024-03-12 09:30:00-04:00,12.5,12.53600025177002,12.375,12.524999618530273,109410,0.0,0.0,0.0
2024-03-12 10:30:00-04:00,12.524999618530273,12.618200302124023,12.524999618530273,12.610099792480469,30084,0.0,0.0,0.0
2024-03-12 11:30:00-04:00,12.609999656677246,12.614999771118164,12.519399642944336,12.520000457763672,37274,0.0,0.0,0.0
2024-03-12 12:30:00-04:00,12.526100158691406,12.526100158691406,12.479999542236328,12.510000228881836,21353,0.0,0.0,0.0
2024-03-12 13:30:00-04:00,12.520000457763672,12.553999900817871,12.503299713134766,12.553999900817871,13972,0.0,0.0,0.0
2024-03-12 14:30:00-04:00,12.569999694824219,12.585000038146973,12.550000190734863,12.585000038146973,13137,0.0,0.0,0.0
2024-03-12 15:30:00-04:00,12.579999923706055,12.614999771118164,12.579999923706055,12.609999656677246,18197,0.0,0.0,0.0
2024-03-13 09:30:00-04:00,12.550000190734863,12.619999885559082,12.529999732971191,12.579999923706055,50573,0.0,0.0,0.0
2024-03-13 10:30:00-04:00,12.579999923706055,12.619500160217285,12.550000190734863,12.5649995803833,30835,0.0,0.0,0.0
2024-03-13 11:30:00-04:00,12.550000190734863,12.569499969482422,12.538299560546875,12.5600004196167,31891,0.0,0.0,0.0
2024-03-13 12:30:00-04:00,12.5600004196167,12.600000381469727,12.550000190734863,12.592499732971191,12336,0.0,0.0,0.0
2024-03-13 13:30:00-04:00,12.600000381469727,12.609999656677246,12.581199645996094,12.595000267028809,17106,0.0,0.0,0.0
2024-03-13 14:30:00-04:00,12.595000267028809,12.604999542236328,12.520000457763672,12.529999732971191,23804,0.0,0.0,0.0
2024-03-13 15:30:00-04:00,12.539999961853027,12.550100326538086,12.529999732971191,12.539999961853027,26328,0.0,0.0,0.0
2024-03-14 09:30:00-04:00,12.529999732971191,12.562999725341797,12.390000343322754,12.460000038146973,48987,0.0,0.0,0.0
2024-03-14 10:30:00-04:00,12.470000267028809,12.489999771118164,12.420000076293945,12.420000076293945,30845,0.0,0.0,0.0
2024-03-14 11:30:00-04:00,12.40999984741211,12.449999809265137,12.395000457763672,12.40999984741211,19048,0.0,0.0,0.0
2024-03-14 12:30:00-04:00,12.40999984741211,12.425000190734863,12.369999885559082,12.390000343322754,24550,0.0,0.0,0.0
2024-03-14 13:30:00-04:00,12.390000343322754,12.460000038146973,12.386500358581543,12.449999809265137,18154,0.0,0.0,0.0
2024-03-14 14:30:00-04:00,12.454999923706055,12.454999923706055,12.359999656677246,12.364999771118164,23255,0.0,0.0,0.0
2024-03-14 15:30:00-04:00,12.364999771118164,12.430000305175781,12.345000267028809,12.430000305175781,20969,0.0,0.0,0.0
2024-03-15 09:30:00-04:00,12.289999961853027,12.34000015258789,12.25,12.319999694824219,45789,0.0,0.0,0.0
2024-03-15 10:30:00-04:00,12.320099830627441,12.380000114440918,12.319999694824219,12.329999923706055,14681,0.0,0.0,0.0
2024-03-15 11:30:00-04:00,12.324999809265137,12.324999809265137,12.279899597167969,12.279999732971191,11370,0.0,0.0,0.0
2024-03-15 12:30:00-04:00,12.28499984741211,12.295000076293945,12.260000228881836,12.276300430297852,12633,0.0,0.0,0.0
2024-03-15 13:30:00-04:00,12.279999732971191,12.29010009765625,12.265000343322754,12.279999732971191,10145,0.0,0.0,0.0
2024-03-15 14:30:00-04:00,12.279999732971191,12.3100004196167,12.279999732971191,12.289999961853027,13881,0.0,0.0,0.0
2024-03-15 15:30:00-04:00,12.289999961853027,12.289999961853027,12.244999885559082,12.270000457763672,12992,0.0,0.0,0.0
2024-03-18 09:30:00-04:00,12.390000343322754,12.399999618530273,12.300000190734863,12.350000381469727,72156,0.0,0.0,0.0
2024-03-18 10:30:00-04:00,12.354999542236328,12.369999885559082,12.3100004196167,12.3149995803833,24964,0.0,0.0,0.0
2024-03-18 11:30:00-04:00,12.3100004196167,12.3100004196167,12.289999961853027,12.300000190734863,13252,0.0,0.0,0.0
2024-03-18 12:30:00-04:00,12.295000076293945,12.305000305175781,12.255000114440918,12.288100242614746,11802,0.0,0.0,0.0
2024-03-18 13:30:00-04:00,12.284000396728516,12.3100004196167,12.270000457763672,12.3100004196167,23572,0.0,0.0,0.0
2024-03-18 14:30:00-04:00,12.3149995803833,12.3149995803833,12.289999961853027,12.300000190734863,9292,0.0,0.0,0.0
2024-03-18 15:30:00-04:00,12.300000190734863,12.307999610900879,12.270000457763672,12.279999732971191,32676,0.0,0.0,0.0
2024-03-19 09:30:00-04:00,12.15999984741211,12.190099716186523,12.09000015258789,12.119999885559082,59479,0.0,0.0,0.0
2024-03-19 10:30:00-04:00,12.119999885559082,12.171699523925781,12.119999885559082,12.170999526977539,46225,0.0,0.0,0.0
2024-03-19 11:30:00-04:00,12.180000305175781,12.239999771118164,12.180000305175781,12.234999656677246,40919,0.0,0.0,0.0
2024-03-19 12:30:00-04:00,12.239999771118164,12.289999961853027,12.239999771118164,12.270000457763672,23532,0.0,0.0,0.0
2024-03-19 13:30:00-04:00,12.279999732971191,12.28499984741211,12.260000228881836,12.279999732971191,9832,0.0,0.0,0.0
2024-03-19 14:30:00-04:00,12.289999961853027,12.295000076293945,12.239999771118164,12.244999885559082,19530,0.0,0.0,0.0
2024-03-19 15:30:00-04:00,12.244999885559082,12.274999618530273,12.244999885559082,12.270000457763672,20631,0.0,0.0,0.0
2024-03-20 09:30:00-04:00,12.300000190734863,12.350000381469727,12.281700134277344,12.350000381469727,66765,0.0,0.0,0.0
2024-03-20 10:30:00-04:00,12.350000381469727,12.350000381469727,12.3149995803833,12.334600448608398,22409,0.0,0.0,0.0
2024-03-20 11:30:00-04:00,12.335000038146973,12.335000038146973,12.3149995803833,12.315099716186523,20607,0.0,0.0,0.0
2024-03-20 12:30:00-04:00,12.3149995803833,12.324999809265137,12.300000190734863,12.305000305175781,16320,0.0,0.0,0.0
2024-03-20 13:30:00-04:00,12.300000190734863,12.40999984741211,12.294899940490723,12.392200469970703,84321,0.0,0.0,0.0
2024-03-20 14:30:00-04:00,12.399999618530273,12.494999885559082,12.329999923706055,12.494999885559082,80030,0.0,0.0,0.0
2024-03-20 15:30:00-04:00,12.494999885559082,12.505000114440918,12.46500015258789,12.489999771118164,21549,0.0,0.0,0.0
2024-03-21 09:30:00-04:00,12.59000015258789,12.625,12.5649995803833,12.604999542236328,83475,0.0,0.0,0.0
2024-03-21 10:30:00-04:00,12.600000381469727,12.600000381469727,12.530099868774414,12.550000190734863,35449,0.0,0.0,0.0
2024-03-21 11:30:00-04:00,12.555000305175781,12.585000038146973,12.550000190734863,12.585000038146973,13955,0.0,0.0,0.0
2024-03-21 12:30:00-04:00,12.59000015258789,12.597599983215332,12.5649995803833,12.5649995803833,20646,0.0,0.0,0.0
2024-03-21 13:30:00-04:00,12.569899559020996,12.569899559020996,12.5,12.520000457763672,18001,0.0,0.0,0.0
2024-03-21 14:30:00-04:00,12.520000457763672,12.520000457763672,12.479999542236328,12.503499984741211,27225,0.0,0.0,0.0
2024-03-21 15:30:00-04:00,12.510000228881836,12.520000457763672,12.470000267028809,12.470000267028809,23030,0.0,0.0,0.0
2024-03-22 09:30:00-04:00,12.449999809265137,12.478400230407715,12.430000305175781,12.430000305175781,19353,0.0,0.0,0.0
2024-03-22 10:30:00-04:00,12.4399995803833,12.470000267028809,12.428600311279297,12.470000267028809,15678,0.0,0.0,0.0
2024-03-22 11:30:00-04:00,12.475000381469727,12.475000381469727,12.454999923706055,12.470000267028809,19778,0.0,0.0,0.0
2024-03-22 12:30:00-04:00,12.470000267028809,12.5,12.454999923706055,12.489999771118164,6181,0.0,0.0,0.0
2024-03-22 13:30:00-04:00,12.494999885559082,12.505000114440918,12.479999542236328,12.494999885559082,12713,0.0,0.0,0.0
2024-03-22 14:30:00-04:00,12.494999885559082,12.494999885559082,12.460000038146973,12.460000038146973,5225,0.0,0.0,0.0
2024-03-22 15:30:00-04:00,12.46500015258789,12.489999771118164,12.46500015258789,12.470000267028809,10396,0.0,0.0,0.0
2024-03-25 09:30:00-04:00,12.390000343322754,12.441200256347656,12.380000114440918,12.425000190734863,25254,0.0,0.0,0.0
2024-03-25 10:30:00-04:00,12.40999984741211,12.4399995803833,12.401700019836426,12.420000076293945,13391,0.0,0.0,0.0
2024-03-25 11:30:00-04:00,12.420000076293945,12.430000305175781,12.399999618530273,12.425000190734863,27952,0.0,0.0,0.0
2024-03-25 12:30:00-04:00,12.425000190734863,12.449999809265137,12.425000190734863,12.444999694824219,12792,0.0,0.0,0.0
2024-03-25 13:30:00-04:00,12.449999809265137,12.46500015258789,12.444999694824219,12.460000038146973,17659,0.0,0.0,0.0
2024-03-25 14:30:00-04:00,12.460000038146973,12.475000381469727,12.430100440979004,12.444999694824219,23999,0.0,0.0,0.0
2024-03-25 15:30:00-04:00,12.449899673461914,12.454999923706055,12.430000305175781,12.430000305175781,18079,0.0,0.0,0.0
2024-03-26 09:30:00-04:00,12.479999542236328,12.529999732971191,12.475000381469727,12.475000381469727,45205,0.0,0.0,0.0
2024-03-26 10:30:00-04:00,12.475000381469727,12.516200065612793,12.470000267028809,12.515000343322754,18953,0.0,0.0,0.0
2024-03-26 11:30:00-04:00,12.510000228881836,12.520000457763672,12.505000114440918,12.510000228881836,15791,0.0,0.0,0.0
2024-03-26 12:30:00-04:00,12.510000228881836,12.515000343322754,12.484999656677246,12.489999771118164,8144,0.0,0.0,0.0
2024-03-26 13:30:00-04:00,12.495800018310547,12.495800018310547,12.475000381469727,12.48490047454834,21179,0.0,0.0,0.0
2024-03-26 14:30:00-04:00,12.484999656677246,12.489999771118164,12.444999694824219,12.444999694824219,36069,0.0,0.0,0.0
2024-03-26 15:30:00-04:00,12.4350004196167,12.4350004196167,12.380000114440918,12.390000343322754,53596,0.0,0.0,0.0
2024-03-27 09:30:00-04:00,12.460000038146973,12.470000267028809,12.3149995803833,12.364999771118164,40782,0.0,0.0,0.0
2024-03-27 10:30:00-04:00,12.369999885559082,12.399999618530273,12.364999771118164,12.375,18223,0.0,0.0,0.0
2024-03-27 11:30:00-04:00,12.364999771118164,12.385000228881836,12.350000381469727,12.380000114440918,17878,0.0,0.0,0.0
2024-03-27 12:30:00-04:00,12.38070011138916,12.395000457763672,12.375,12.390000343322754,9688,0.0,0.0,0.0
2024-03-27 13:30:00-04:00,12.390000343322754,12.40999984741211,12.380000114440918,12.40999984741211,24100,0.0,0.0,0.0
2024-03-27 14:30:00-04:00,12.399999618530273,12.399999618530273,12.369999885559082,12.399999618530273,19664,0.0,0.0,0.0
2024-03-27 15:30:00-04:00,12.399999618530273,12.449999809265137,12.399999618530273,12.4399995803833,19520,0.0,0.0,0.0
2024-03-28 09:30:00-04:00,12.399999618530273,12.510000228881836,12.399999618530273,12.484999656677246,49960,0.0,0.0,0.0
2024-03-28 10:30:00-04:00,12.484999656677246,12.49940013885498,12.470000267028809,12.489999771118164,34347,0.0,0.0,0.0
2024-03-28 11:30:00-04:00,12.489999771118164,12.499899864196777,12.460000038146973,12.479900360107422,22279,0.0,0.0,0.0
2024-03-28 12:30:00-04:00,12.479999542236328,12.479999542236328,12.440500259399414,12.440500259399414,7334,0.0,0.0,0.0
2024-03-28 13:30:00-04:00,12.444999694824219,12.460000038146973,12.444999694824219,12.454999923706055,11423,0.0,0.0,0.0
2024-03-28 14:30:00-04:00,12.449999809265137,12.465100288391113,12.449999809265137,12.460000038146973,4423,0.0,0.0,0.0
2024-03-28 15:30:00-04:00,12.460000038146973,12.46500015258789,12.430000305175781,12.430000305175781,22230,0.0,0.0,0.0
2024-04-01 09:30:00-04:00,12.4399995803833,12.550000190734863,12.4399995803833,12.472999572753906,80272,0.0,0.0,0.0
2024-04-01 10:30:00-04:00,12.479999542236328,12.479999542236328,12.404999732971191,12.430000305175781,31160,0.0,0.0,0.0
2024-04-01 11:30:00-04:00,12.430000305175781,12.4399995803833,12.399999618530273,12.4399995803833,16128,0.0,0.0,0.0
2024-04-01 12:30:00-04:00,12.449999809265137,12.45009994506836,12.420000076293945,12.430000305175781,23899,0.0,0.0,0.0
2024-04-01 13:30:00-04:00,12.4350004196167,12.454999923706055,12.4350004196167,12.449999809265137,13949,0.0,0.0,0.0
2024-04-01 14:30:00-04:00,12.454999923706055,12.460000038146973,12.444999694824219,12.444999694824219,22918,0.0,0.0,0.0
2024-04-01 15:30:00-04:00,12.445500373840332,12.470000267028809,12.4399995803833,12.460000038146973,17031,0.0,0.0,0.0
2024-04-02 09:30:00-04:00,12.329999923706055,12.329999923706055,12.25,12.301600456237793,57353,0.0,0.0,0.0
2024-04-02 10:30:00-04:00,12.300000190734863,12.326299667358398,12.289999961853027,12.319999694824219,26829,0.0,0.0,0.0
2024-04-02 11:30:00-04:00,12.319999694824219,12.319999694824219,12.300000190734863,12.3149995803833,7127,0.0,0.0,0.0
2024-04-02 12:30:00-04:00,12.3100004196167,12.345000267028809,12.3100004196167,12.34000015258789,42184,0.0,0.0,0.0
2024-04-02 13:30:00-04:00,12.331500053405762,12.35569953918457,12.331500053405762,12.350099563598633,13382,0.0,0.0,0.0
2024-04-02 14:30:00-04:00,12.350000381469727,12.354999542236328,12.34000015258789,12.354999542236328,10664,0.0,0.0,0.0
2024-04-02 15:30:00-04:00,12.359999656677246,12.369999885559082,12.359999656677246,12.364999771118164,18637,0.0,0.0,0.0
2024-04-03 09:30:00-04:00,12.270000457763672,12.385000228881836,12.270000457763672,12.380000114440918,49825,0.0,0.0,0.0
2024-04-03 10:30:00-04:00,12.380000114440918,12.399999618530273,12.375,12.395000457763672,9094,0.0,0.0,0.0
2024-04-03 11:30:00-04:00,12.399999618530273,12.399999618530273,12.350000381469727,12.369999885559082,11077,0.0,0.0,0.0
2024-04-03 12:30:00-04:00,12.380000114440918,12.385000228881836,12.345000267028809,12.385000228881836,7064,0.0,0.0,0.0
2024-04-03 13:30:00-04:00,12.390000343322754,12.395000457763672,12.380000114440918,12.385000228881836,8655,0.0,0.0,0.0
2024-04-03 14:30:00-04:00,12.375,12.384699821472168,12.3149995803833,12.335000038146973,21107,0.0,0.0,0.0
2024-04-03 15:30:00-04:00,12.324999809265137,12.359999656677246,12.324999809265137,12.350000381469727,13481,0.0,0.0,0.0
2024-04-04 09:30:00-04:00,12.449999809265137,12.5,12.449999809265137,12.489999771118164,59399,0.0,0.0,0.0
2024-04-04 10:30:00-04:00,12.490099906921387,12.5,12.479999542236328,12.489999771118164,25708,0.0,0.0,0.0
2024-04-04 11:30:00-04:00,12.492799758911133,12.52810001373291,12.492799758911133,12.524999618530273,21129,0.0,0.0,0.0
2024-04-04 12:30:00-04:00,12.529999732971191,12.529999732971191,12.510000228881836,12.515000343322754,7840,0.0,0.0,0.0
2024-04-04 13:30:00-04:00,12.515000343322754,12.520000457763672,12.369999885559082,12.369999885559082,17781,0.0,0.0,0.0
2024-04-04 14:30:00-04:00,12.359999656677246,12.369999885559082,12.225000381469727,12.225000381469727,46597,0.0,0.0,0.0
2024-04-04 15:30:00-04:00,12.220000267028809,12.25,12.199999809265137,12.199999809265137,53933,0.0,0.0,0.0
2024-04-05 09:30:00-04:00,12.210000038146973,12.305100440979004,12.199999809265137,12.260000228881836,34377,0.0,0.0,0.0
2024-04-05 10:30:00-04:00,12.265000343322754,12.34000015258789,12.260000228881836,12.300000190734863,35611,0.0,0.0,0.0
2024-04-05 11:30:00-04:00,12.302499771118164,12.359999656677246,12.302499771118164,12.354999542236328,11427,0.0,0.0,0.0
2024-04-05 12:30:00-04:00,12.344599723815918,12.380000114440918,12.344599723815918,12.364700317382812,14715,0.0,0.0,0.0
2024-04-05 13:30:00-04:00,12.375,12.378299713134766,12.300000190734863,12.319999694824219,12936,0.0,0.0,0.0
2024-04-05 14:30:00-04:00,12.329999923706055,12.34000015258789,12.3100004196167,12.324999809265137,27339,0.0,0.0,0.0
2024-04-05 15:30:00-04:00,12.329999923706055,12.345000267028809,12.319999694824219,12.329999923706055,20187,0.0,0.0,0.0
2024-04-08 09:30:00-04:00,12.329999923706055,12.390000343322754,12.3100004196167,12.390000343322754,46280,0.0,0.0,0.0
2024-04-08 10:30:00-04:00,12.399999618530273,12.414999961853027,12.390000343322754,12.399999618530273,24113,0.0,0.0,0.0
2024-04-08 11:30:00-04:00,12.390000343322754,12.395000457763672,12.350000381469727,12.368499755859375,12376,0.0,0.0,0.0
2024-04-08 12:30:00-04:00,12.369999885559082,12.375,12.359999656677246,12.359999656677246,3617,0.0,0.0,0.0
2024-04-08 13:30:00-04:00,12.364999771118164,12.369999885559082,12.350000381469727,12.359999656677246,17187,0.0,0.0,0.0
2024-04-08 14:30:00-04:00,12.35099983215332,12.369999885559082,12.350000381469727,12.359999656677246,8269,0.0,0.0,0.0
2024-04-08 15:30:00-04:00,12.369999885559082,12.375,12.350000381469727,12.350000381469727,16568,0.0,0.0,0.0
2024-04-09 09:30:00-04:00,12.399999618530273,12.449999809265137,12.369999885559082,12.369999885559082,41009,0.0,0.0,0.0
2024-04-09 10:30:00-04:00,12.329999923706055,12.362099647521973,12.300000190734863,12.350000381469727,28561,0.0,0.0,0.0
2024-04-09 11:30:00-04:00,12.350000381469727,12.401200294494629,12.34000015258789,12.401200294494629,12988,0.0,0.0,0.0
2024-04-09 12:30:00-04:00,12.399999618530273,12.399999618530273,12.369999885559082,12.384099960327148,9335,0.0,0.0,0.0
2024-04-09 13:30:00-04:00,12.385000228881836,12.390000343322754,12.369999885559082,12.369999885559082,6651,0.0,0.0,0.0
2024-04-09 14:30:00-04:00,12.364999771118164,12.40999984741211,12.345000267028809,12.40999984741211,19996,0.0,0.0,0.0
2024-04-09 15:30:00-04:00,12.4128999710083,12.430000305175781,12.399999618530273,12.430000305175781,26225,0.0,0.0,0.0
2024-04-10 09:30:00-04:00,12.3100004196167,12.359999656677246,12.3100004196167,12.354999542236328,38079,0.0,0.0,0.0
2024-04-10 10:30:00-04:00,12.359999656677246,12.390000343322754,12.305000305175781,12.329999923706055,14322,0.0,0.0,0.0
2024-04-10 11:30:00-04:00,12.329999923706055,12.329999923706055,12.300000190734863,12.300000190734863,8338,0.0,0.0,0.0
2024-04-10 12:30:00-04:00,12.3100004196167,12.34000015258789,12.274999618530273,12.3149995803833,18864,0.0,0.0,0.0
2024-04-10 13:30:00-04:00,12.319999694824219,12.319999694824219,12.270000457763672,12.279999732971191,40824,0.0,0.0,0.0
2024-04-10 14:30:00-04:00,12.279999732971191,12.3100004196167,12.260000228881836,12.300000190734863,14921,0.0,0.0,0.0
2024-04-10 15:30:00-04:00,12.289999961853027,12.329999923706055,12.279999732971191,12.3100004196167,0,0.0,0.0,0.0
2024-04-11 09:30:00-04:00,12.380000114440918,12.399999618530273,12.3100004196167,12.320099830627441,17139,0.0,0.0,0.0
2024-04-11 10:30:00-04:00,12.315600395202637,12.340100288391113,12.3149995803833,12.329999923706055,14827,0.0,0.0,0.0
2024-04-11 11:30:00-04:00,12.329999923706055,12.375,12.319999694824219,12.360099792480469,12856,0.0,0.0,0.0
2024-04-11 12:30:00-04:00,12.359999656677246,12.444999694824219,12.359999656677246,12.444999694824219,12177,0.0,0.0,0.0
2024-04-11 13:30:00-04:00,12.4399995803833,12.475000381469727,12.430000305175781,12.475000381469727,10298,0.0,0.0,0.0
2024-04-11 14:30:00-04:00,12.479999542236328,12.479999542236328,12.460000038146973,12.470000267028809,11891,0.0,0.0,0.0
2024-04-11 15:30:00-04:00,12.461299896240234,12.479999542236328,12.461000442504883,12.461000442504883,10791,0.0,0.0,0.0
2024-04-12 09:30:00-04:00,12.3100004196167,12.339900016784668,12.270000457763672,12.289999961853027,82004,0.0,0.0,0.0
2024-04-12 10:30:00-04:00,12.289999961853027,12.300000190734863,12.229999542236328,12.260600090026855,25218,0.0,0.0,0.0
2024-04-12 11:30:00-04:00,12.270000457763672,12.28499984741211,12.229999542236328,12.239999771118164,18835,0.0,0.0,0.0
2024-04-12 12:30:00-04:00,12.229999542236328,12.229999542236328,12.180000305175781,12.180000305175781,15336,0.0,0.0,0.0
2024-04-12 13:30:00-04:00,12.175000190734863,12.21500015258789,12.170000076293945,12.1850004196167,23571,0.0,0.0,0.0
2024-04-12 14:30:00-04:00,12.180000305175781,12.180000305175781,12.159600257873535,12.166999816894531,19060,0.0,0.0,0.0
2024-04-12 15:30:00-04:00,12.170000076293945,12.194999694824219,12.164999961853027,12.180000305175781,54887,0.0,0.0,0.0
2024-04-15 09:30:00-04:00,12.25,12.25,12.149999618530273,12.15999984741211,75928,0.0,0.0,0.0
2024-04-15 10:30:00-04:00,12.170000076293945,12.188599586486816,12.110099792480469,12.130000114440918,35428,0.0,0.0,0.0
2024-04-15 11:30:00-04:00,12.135000228881836,12.164999961853027,12.109999656677246,12.109999656677246,33718,0.0,0.0,0.0
2024-04-15 12:30:00-04:00,12.104999542236328,12.104999542236328,11.990400314331055,11.990400314331055,30914,0.0,0.0,0.0
2024-04-15 13:30:00-04:00,11.979999542236328,11.980299949645996,11.930000305175781,11.949999809265137,33433,0.0,0.0,0.0
2024-04-15 14:30:00-04:00,11.949999809265137,11.984999656677246,11.904999732971191,11.914999961853027,25904,0.0,0.0,0.0
2024-04-15 15:30:00-04:00,11.914999961853027,11.939900398254395,11.914999961853027,11.930000305175781,27098,0.0,0.0,0.0
2024-04-16 09:30:00-04:00,11.899999618530273,11.949999809265137,11.84000015258789,11.90999984741211,63088,0.0,0.0,0.0
2024-04-16 10:30:00-04:00,11.904999732971191,11.934700012207031,11.890000343322754,11.930000305175781,26367,0.0,0.0,0.0
2024-04-16 11:30:00-04:00,11.925000190734863,11.9399995803833,11.904999732971191,11.9350004196167,6854,0.0,0.0,0.0
2024-04-16 12:30:00-04:00,11.930000305175781,11.949999809265137,11.920999526977539,11.949999809265137,13141,0.0,0.0,0.0
2024-04-16 13:30:00-04:00,11.899999618530273,11.989999771118164,11.890000343322754,11.90999984741211,15062,0.0,0.0,0.0
2024-04-16 14:30:00-04:00,11.920100212097168,11.960000038146973,11.920000076293945,11.960000038146973,17215,0.0,0.0,0.0
2024-04-16 15:30:00-04:00,11.954999923706055,11.960000038146973,11.920000076293945,11.920000076293945,22611,0.0,0.0,0.0
2024-04-17 09:30:00-04:00,11.920000076293945,11.949999809265137,11.829999923706055,11.854999542236328,20215,0.0,0.0,0.0
2024-04-17 10:30:00-04:00,11.850000381469727,11.859999656677246,11.805000305175781,11.829999923706055,13087,0.0,0.0,0.0
2024-04-17 11:30:00-04:00,11.8149995803833,11.8149995803833,11.760000228881836,11.760000228881836,15000,0.0,0.0,0.0
2024-04-17 12:30:00-04:00,11.762700080871582,11.800000190734863,11.720000267028809,11.800000190734863,17954,0.0,0.0,0.0
2024-04-17 13:30:00-04:00,11.8149995803833,11.84000015258789,11.8100004196167,11.819999694824219,17830,0.0,0.0,0.0
2024-04-17 14:30:00-04:00,11.805000305175781,11.859999656677246,11.770000457763672,11.770000457763672,24464,0.0,0.0,0.0
2024-04-17 15:30:00-04:00,11.765000343322754,11.789999961853027,11.75,11.760000228881836,38814,0.0,0.0,0.0
2024-04-18 09:30:00-04:00,11.770000457763672,11.807000160217285,11.694999694824219,11.789999961853027,54651,0.0,0.0,0.0
2024-04-18 10:30:00-04:00,11.789999961853027,11.859600067138672,11.789999961853027,11.829999923706055,26190,0.0,0.0,0.0
2024-04-18 11:30:00-04:00,11.829999923706055,11.829999923706055,11.800000190734863,11.805000305175781,20994,0.0,0.0,0.0
2024-04-18 12:30:00-04:00,11.805000305175781,11.819999694824219,11.710000038146973,11.729999542236328,14326,0.0,0.0,0.0
2024-04-18 13:30:00-04:00,11.729999542236328,11.734999656677246,11.699999809265137,11.710000038146973,13842,0.0,0.0,0.0
2024-04-18 14:30:00-04:00,11.710000038146973,11.729999542236328,11.6899995803833,11.71500015258789,16483,0.0,0.0,0.0
2024-04-18 15:30:00-04:00,11.720000267028809,11.729999542236328,11.699999809265137,11.710000038146973,40237,0.0,0.0,0.0
2024-04-19 09:30:00-04:00,11.6899995803833,11.699999809265137,11.579999923706055,11.600000381469727,68758,0.0,0.0,0.0
2024-04-19 10:30:00-04:00,11.609999656677246,11.640000343322754,11.579999923706055,11.579999923706055,25927,0.0,0.0,0.0
2024-04-19 11:30:00-04:00,11.585000038146973,11.600000381469727,11.489999771118164,11.489999771118164,15367,0.0,0.0,0.0
2024-04-19 12:30:00-04:00,11.489999771118164,11.5600004196167,11.484999656677246,11.524200439453125,15889,0.0,0.0,0.0
2024-04-19 13:30:00-04:00,11.529999732971191,11.569999694824219,11.489999771118164,11.489999771118164,49500,0.0,0.0,0.0
2024-04-19 14:30:00-04:00,11.479999542236328,11.484999656677246,11.430000305175781,11.470000267028809,48291,0.0,0.0,0.0
2024-04-19 15:30:00-04:00,11.46500015258789,11.470000267028809,11.410099983215332,11.470000267028809,40054,0.0,0.0,0.0
2024-04-22 09:30:00-04:00,11.539999961853027,11.614999771118164,11.484999656677246,11.489999771118164,141647,0.0,0.0,0.0
2024-04-22 10:30:00-04:00,11.494999885559082,11.524999618530273,11.454999923706055,11.489999771118164,48759,0.0,0.0,0.0
2024-04-22 11:30:00-04:00,11.494999885559082,11.550000190734863,11.490099906921387,11.53499984741211,45782,0.0,0.0,0.0
2024-04-22 12:30:00-04:00,11.53499984741211,11.595000267028809,11.524999618530273,11.595000267028809,49076,0.0,0.0,0.0
2024-04-22 13:30:00-04:00,11.600000381469727,11.65999984741211,11.600000381469727,11.654999732971191,43453,0.0,0.0,0.0
2024-04-22 14:30:00-04:00,11.654999732971191,11.65999984741211,11.614999771118164,11.619999885559082,46570,0.0,0.0,0.0
2024-04-22 15:30:00-04:00,11.629899978637695,11.629899978637695,11.585000038146973,11.609999656677246,38048,0.0,0.0,0.0
2024-04-23 09:30:00-04:00,11.649999618530273,11.796899795532227,11.630000114440918,11.796899795532227,39126,0.0,0.0,0.0
2024-04-23 10:30:00-04:00,11.800000190734863,11.809599876403809,11.760000228881836,11.793600082397461,14111,0.0,0.0,0.0
2024-04-23 11:30:00-04:00,11.78499984741211,11.800000190734863,11.760100364685059,11.78499984741211,7146,0.0,0.0,0.0
2024-04-23 12:30:00-04:00,11.795000076293945,11.795000076293945,11.770000457763672,11.78499984741211,4854,0.0,0.0,0.0
2024-04-23 13:30:00-04:00,11.779999732971191,11.819999694824219,11.774999618530273,11.810099601745605,10930,0.0,0.0,0.0
2024-04-23 14:30:00-04:00,11.811599731445312,11.819999694824219,11.795000076293945,11.800000190734863,9774,0.0,0.0,0.0
2024-04-23 15:30:00-04:00,11.800000190734863,11.800000190734863,11.760000228881836,11.774999618530273,8889,0.0,0.0,0.0
2024-04-24 09:30:00-04:00,11.859999656677246,11.914999961853027,11.819999694824219,11.827099800109863,51245,0.0,0.0,0.0
2024-04-24 10:30:00-04:00,11.829999923706055,11.829999923706055,11.755000114440918,11.770000457763672,21502,0.0,0.0,0.0
2024-04-24 11:30:00-04:00,11.770000457763672,11.779999732971191,11.720000267028809,11.729999542236328,17760,0.0,0.0,0.0
2024-04-24 12:30:00-04:00,11.720000267028809,11.770000457763672,11.710000038146973,11.770000457763672,38680,0.0,0.0,0.0
2024-04-24 13:30:00-04:00,11.770000457763672,11.8100004196167,11.750100135803223,11.765000343322754,18193,0.0,0.0,0.0
2024-04-24 14:30:00-04:00,11.75,11.779999732971191,11.73009967803955,11.774999618530273,16684,0.0,0.0,0.0
2024-04-24 15:30:00-04:00,11.774999618530273,11.789999961853027,11.774999618530273,11.789999961853027,9133,0.0,0.0,0.0
2024-04-25 09:30:00-04:00,11.5,11.609999656677246,11.469200134277344,11.609999656677246,53856,0.0,0.0,0.0
2024-04-25 10:30:00-04:00,11.606100082397461,11.606100082397461,11.53499984741211,11.581000328063965,22899,0.0,0.0,0.0
2024-04-25 11:30:00-04:00,11.5600004196167,11.630000114440918,11.5600004196167,11.630000114440918,11942,0.0,0.0,0.0
2024-04-25 12:30:00-04:00,11.635000228881836,11.670000076293945,11.625,11.65999984741211,8230,0.0,0.0,0.0
2024-04-25 13:30:00-04:00,11.6850004196167,11.723799705505371,11.6850004196167,11.723799705505371,23526,0.0,0.0,0.0
2024-04-25 14:30:00-04:00,11.680100440979004,11.734999656677246,11.670000076293945,11.729999542236328,11979,0.0,0.0,0.0
2024-04-25 15:30:00-04:00,11.725000381469727,11.725000381469727,11.694999694824219,11.71500015258789,0,0.0,0.0,0.0
2024-04-26 09:30:00-04:00,11.869999885559082,11.979999542236328,11.869999885559082,11.9399995803833,65258,0.0,0.0,0.0
2024-04-26 10:30:00-04:00,11.930000305175781,12.010000228881836,11.930000305175781,11.970000267028809,88981,0.0,0.0,0.0
2024-04-26 11:30:00-04:00,11.970000267028809,11.989999771118164,11.954999923706055,11.970000267028809,13821,0.0,0.0,0.0
2024-04-26 12:30:00-04:00,11.970000267028809,12.020000457763672,11.970000267028809,12.020000457763672,13774,0.0,0.0,0.0
2024-04-26 13:30:00-04:00,12.015000343322754,12.020000457763672,11.979999542236328,11.979999542236328,14808,0.0,0.0,0.0
2024-04-26 14:30:00-04:00,11.970000267028809,12.0,11.964200019836426,11.995100021362305,22599,0.0,0.0,0.0
2024-04-26 15:30:00-04:00,11.989999771118164,11.994999885559082,11.979999542236328,11.979999542236328,6214,0.0,0.0,0.0
2024-04-29 09:30:00-04:00,12.020000457763672,12.0600004196167,11.984999656677246,12.039999961853027,36739,0.0,0.0,0.0
2024-04-29 10:30:00-04:00,12.055000305175781,12.0649995803833,12.038599967956543,12.045000076293945,20520,0.0,0.0,0.0
2024-04-29 11:30:00-04:00,12.039999961853027,12.065600395202637,12.024999618530273,12.0600004196167,18485,0.0,0.0,0.0
2024-04-29 12:30:00-04:00,12.0600004196167,12.074999809265137,12.0447998046875,12.074999809265137,19179,0.0,0.0,0.0
2024-04-29 13:30:00-04:00,12.079999923706055,12.079999923706055,12.055000305175781,12.0600004196167,12841,0.0,0.0,0.0
2024-04-29 14:30:00-04:00,12.050000190734863,12.0600004196167,12.0,12.020000457763672,23075,0.0,0.0,0.0
2024-04-29 15:30:00-04:00,12.024999618530273,12.069999694824219,12.020000457763672,12.069999694824219,9498,0.0,0.0,0.0
2024-04-30 09:30:00-04:00,11.989999771118164,12.050000190734863,11.979999542236328,12.029999732971191,41009,0.0,0.0,0.0
2024-04-30 10:30:00-04:00,12.010000228881836,12.039999961853027,11.975000381469727,11.979999542236328,10505,0.0,0.0,0.0
2024-04-30 11:30:00-04:00,11.979999542236328,11.979999542236328,11.960000038146973,11.970000267028809,14680,0.0,0.0,0.0
2024-04-30 12:30:00-04:00,11.949999809265137,11.949999809265137,11.909899711608887,11.925000190734863,18450,0.0,0.0,0.0
2024-04-30 13:30:00-04:00,11.925000190734863,11.949999809265137,11.914999961853027,11.914999961853027,14251,0.0,0.0,0.0
2024-04-30 14:30:00-04:00,11.930000305175781,11.93220043182373,11.904999732971191,11.91510009765625,9151,0.0,0.0,0.0
2024-04-30 15:30:00-04:00,11.920000076293945,11.925000190734863,11.845000267028809,11.850000381469727,23287,0.0,0.0,0.0
2024-05-01 09:30:00-04:00,11.779999732971191,11.84000015258789,11.779999732971191,11.819999694824219,32730,0.0,0.0,0.0
2024-05-01 10:30:00-04:00,11.829999923706055,11.859999656677246,11.789999961853027,11.819999694824219,10441,0.0,0.0,0.0
2024-05-01 11:30:00-04:00,11.819899559020996,11.829999923706055,11.779999732971191,11.8100004196167,9338,0.0,0.0,0.0
2024-05-01 12:30:00-04:00,11.8100004196167,11.815099716186523,11.789999961853027,11.8100004196167,4030,0.0,0.0,0.0
2024-05-01 13:30:00-04:00,11.805000305175781,11.880000114440918,11.805000305175781,11.869999885559082,3678,0.0,0.0,0.0
2024-05-01 14:30:00-04:00,11.899999618530273,12.085000038146973,11.859999656677246,12.031999588012695,31059,0.0,0.0,0.0
2024-05-01 15:30:00-04:00,12.015000343322754,12.015000343322754,11.84000015258789,11.84000015258789,12789,0.0,0.0,0.0
2024-05-02 09:30:00-04:00,12.020000457763672,12.066100120544434,11.920000076293945,12.0,49529,0.0,0.0,0.0
2024-05-02 10:30:00-04:00,12.010000228881836,12.050000190734863,11.970000267028809,12.029999732971191,22925,0.0,0.0,0.0
2024-05-02 11:30:00-04:00,12.03499984741211,12.055000305175781,12.020000457763672,12.039999961853027,34408,0.0,0.0,0.0
2024-05-02 12:30:00-04:00,12.045000076293945,12.079999923706055,12.020000457763672,12.079999923706055,21634,0.0,0.0,0.0
2024-05-02 13:30:00-04:00,12.09000015258789,12.114999771118164,12.074999809265137,12.104999542236328,31237,0.0,0.0,0.0
2024-05-02 14:30:00-04:00,12.109999656677246,12.140000343322754,12.109999656677246,12.130000114440918,69403,0.0,0.0,0.0
2024-05-02 15:30:00-04:00,12.119999885559082,12.130000114440918,12.100000381469727,12.130000114440918,13077,0.0,0.0,0.0
2024-05-03 09:30:00-04:00,12.3100004196167,12.390000343322754,12.289999961853027,12.329999923706055,84040,0.0,0.0,0.0
2024-05-03 10:30:00-04:00,12.329999923706055,12.369999885559082,12.300000190734863,12.34000015258789,44936,0.0,0.0,0.0
2024-05-03 11:30:00-04:00,12.335000038146973,12.369999885559082,12.335000038146973,12.364999771118164,36649,0.0,0.0,0.0
2024-05-03 12:30:00-04:00,12.364999771118164,12.380000114440918,12.34000015258789,12.369999885559082,25072,0.0,0.0,0.0
2024-05-03 13:30:00-04:00,12.364999771118164,12.399999618530273,12.350000381469727,12.399999618530273,27822,0.0,0.0,0.0
2024-05-03 14:30:00-04:00,12.390000343322754,12.399999618530273,12.385000228881836,12.399999618530273,12865,0.0,0.0,0.0
2024-05-03 15:30:00-04:00,12.390000343322754,12.399999618530273,12.385000228881836,12.390000343322754,18074,0.0,0.0,0.0
2024-05-06 09:30:00-04:00,12.430000305175781,12.489999771118164,12.430000305175781,12.479999542236328,73384,0.0,0.0,0.0
2024-05-06 10:30:00-04:00,12.484999656677246,12.494999885559082,12.475000381469727,12.484999656677246,22767,0.0,0.0,0.0
2024-05-06 11:30:00-04:00,12.484999656677246,12.5,12.470000267028809,12.484999656677246,24218,0.0,0.0,0.0
2024-05-06 12:30:00-04:00,12.479999542236328,12.5,12.478300094604492,12.494999885559082,34582,0.0,0.0,0.0
2024-05-06 13:30:00-04:00,12.494999885559082,12.524999618530273,12.489999771118164,12.524999618530273,15904,0.0,0.0,0.0
2024-05-06 14:30:00-04:00,12.520000457763672,12.524999618530273,12.510000228881836,12.515000343322754,29464,0.0,0.0,0.0
2024-05-06 15:30:00-04:00,12.510000228881836,12.5600004196167,12.510000228881836,12.555000305175781,43712,0.0,0.0,0.0
2024-05-07 09:30:00-04:00,12.520000457763672,12.539999961853027,12.479999542236328,12.510000228881836,110682,0.0,0.0,0.0
2024-05-07 10:30:00-04:00,12.505000114440918,12.550000190734863,12.494999885559082,12.539999961853027,32889,0.0,0.0,0.0
2024-05-07 11:30:00-04:00,12.539999961853027,12.539999961853027,12.524999618530273,12.53499984741211,16062,0.0,0.0,0.0
2024-05-07 12:30:00-04:00,12.539999961853027,12.539999961853027,12.513799667358398,12.529999732971191,17521,0.0,0.0,0.0
2024-05-07 13:30:00-04:00,12.538299560546875,12.538299560546875,12.475000381469727,12.475000381469727,24850,0.0,0.0,0.0
2024-05-07 14:30:00-04:00,12.479999542236328,12.5,12.470000267028809,12.489999771118164,26896,0.0,0.0,0.0
2024-05-07 15:30:00-04:00,12.482500076293945,12.5,12.475000381469727,12.489999771118164,23277,0.0,0.0,0.0
2024-05-08 09:30:00-04:00,12.329999923706055,12.390000343322754,12.295000076293945,12.380000114440918,85190,0.0,0.0,0.0
2024-05-08 10:30:00-04:00,12.375,12.40999984741211,12.34000015258789,12.354999542236328,65602,0.0,0.0,0.0
2024-05-08 11:30:00-04:00,12.350000381469727,12.375,12.345000267028809,12.354999542236328,32928,0.0,0.0,0.0
2024-05-08 12:30:00-04:00,12.359999656677246,12.359999656677246,12.329999923706055,12.34000015258789,43431,0.0,0.0,0.0
2024-05-08 13:30:00-04:00,12.34000015258789,12.369999885559082,12.34000015258789,12.364999771118164,17309,0.0,0.0,0.0
2024-05-08 14:30:00-04:00,12.364999771118164,12.369999885559082,12.345000267028809,12.364999771118164,14526,0.0,0.0,0.0
2024-05-08 15:30:00-04:00,12.369999885559082,12.380000114440918,12.350000381469727,12.350000381469727,17992,0.0,0.0,0.0
2024-05-09 09:30:00-04:00,12.119999885559082,12.194999694824219,12.100000381469727,12.145000457763672,70016,0.0,0.0,0.0
2024-05-09 10:30:00-04:00,12.145000457763672,12.199999809265137,12.145000457763672,12.1899995803833,48182,0.0,0.0,0.0
2024-05-09 11:30:00-04:00,12.199999809265137,12.199999809265137,12.164999961853027,12.180000305175781,12370,0.0,0.0,0.0
2024-05-09 12:30:00-04:00,12.180999755859375,12.1983003616333,12.170000076293945,12.1850004196167,19521,0.0,0.0,0.0
2024-05-09 13:30:00-04:00,12.1899995803833,12.1899995803833,12.163000106811523,12.170000076293945,8384,0.0,0.0,0.0
2024-05-09 14:30:00-04:00,12.179100036621094,12.199999809265137,12.170100212097168,12.1850004196167,30075,0.0,0.0,0.0
2024-05-09 15:30:00-04:00,12.180100440979004,12.194999694824219,12.180000305175781,12.1899995803833,31820,0.0,0.0,0.0
2024-05-10 09:30:00-04:00,12.199999809265137,12.239999771118164,12.130000114440918,12.130000114440918,37022,0.0,0.0,0.0
2024-05-10 10:30:00-04:00,12.130000114440918,12.15999984741211,12.119999885559082,12.145000457763672,59240,0.0,0.0,0.0
2024-05-10 11:30:00-04:00,12.145000457763672,12.149999618530273,12.119999885559082,12.130000114440918,23720,0.0,0.0,0.0
2024-05-10 12:30:00-04:00,12.130000114440918,12.140000343322754,12.114999771118164,12.114999771118164,8296,0.0,0.0,0.0
2024-05-10 13:30:00-04:00,12.110099792480469,12.119999885559082,12.095000267028809,12.114999771118164,10163,0.0,0.0,0.0
2024-05-10 14:30:00-04:00,12.114999771118164,12.118399620056152,12.100000381469727,12.114999771118164,13707,0.0,0.0,0.0
2024-05-10 15:30:00-04:00,12.114999771118164,12.119999885559082,12.100000381469727,12.114999771118164,10513,0.0,0.0,0.0
2024-05-13 09:30:00-04:00,12.170000076293945,12.194999694824219,12.135000228881836,12.194999694824219,66309,0.0,0.0,0.0
2024-05-13 10:30:00-04:00,12.194999694824219,12.220000267028809,12.1899995803833,12.204999923706055,18024,0.0,0.0,0.0
2024-05-13 11:30:00-04:00,12.194999694824219,12.220000267028809,12.1899995803833,12.219599723815918,29900,0.0,0.0,0.0
2024-05-13 12:30:00-04:00,12.220000267028809,12.220000267028809,12.164999961853027,12.194999694824219,16946,0.0,0.0,0.0
2024-05-13 13:30:00-04:00,12.1899995803833,12.1899995803833,12.180000305175781,12.1850004196167,9766,0.0,0.0,0.0
2024-05-13 14:30:00-04:00,12.1850004196167,12.1899995803833,12.180000305175781,12.1899995803833,15460,0.0,0.0,0.0
2024-05-13 15:30:00-04:00,12.1850004196167,12.1899995803833,12.175000190734863,12.1899995803833,0,0.0,0.0,0.0
2024-05-14 09:30:00-04:00,12.229999542236328,12.329999923706055,12.149999618530273,12.329999923706055,101199,0.0,0.0,0.0
2024-05-14 10:30:00-04:00,12.329999923706055,12.336600303649902,12.28499984741211,12.335000038146973,32669,0.0,0.0,0.0
2024-05-14 11:30:00-04:00,12.329999923706055,12.329999923706055,12.289999961853027,12.289999961853027,11740,0.0,0.0,0.0
2024-05-14 12:30:00-04:00,12.291000366210938,12.291000366210938,12.2608003616333,12.278200149536133,21743,0.0,0.0,0.0
2024-05-14 13:30:00-04:00,12.279999732971191,12.3100004196167,12.274999618530273,12.300000190734863,13277,0.0,0.0,0.0
2024-05-14 14:30:00-04:00,12.300000190734863,12.329999923706055,12.291000366210938,12.320099830627441,10664,0.0,0.0,0.0
2024-05-14 15:30:00-04:00,12.319999694824219,12.329999923706055,12.3100004196167,12.329999923706055,21576,0.0,0.0,0.0
2024-05-15 09:30:00-04:00,12.350000381469727,12.448800086975098,12.350000381469727,12.380000114440918,38363,0.0,0.0,0.0
2024-05-15 10:30:00-04:00,12.375,12.449999809265137,12.375,12.444999694824219,20046,0.0,0.0,0.0
2024-05-15 11:30:00-04:00,12.449999809265137,12.460000038146973,12.440099716186523,12.460000038146973,19857,0.0,0.0,0.0
2024-05-15 12:30:00-04:00,12.460000038146973,12.484999656677246,12.460000038146973,12.479999542236328,19972,0.0,0.0,0.0
2024-05-15 13:30:00-04:00,12.479999542236328,12.5,12.477899551391602,12.492500305175781,42286,0.0,0.0,0.0
2024-05-15 14:30:00-04:00,12.49899959564209,12.515000343322754,12.489999771118164,12.515000343322754,21813,0.0,0.0,0.0
2024-05-15 15:30:00-04:00,12.515000343322754,12.529999732971191,12.514200210571289,12.524999618530273,24816,0.0,0.0,0.0
2024-05-16 09:30:00-04:00,12.5,12.5649995803833,12.5,12.5649995803833,87298,0.0,0.0,0.0
2024-05-16 10:30:00-04:00,12.5600004196167,12.585000038146973,12.555000305175781,12.576899528503418,43320,0.0,0.0,0.0
2024-05-16 11:30:00-04:00,12.579999923706055,12.585000038146973,12.5600004196167,12.574999809265137,104683,0.0,0.0,0.0
2024-05-16 12:30:00-04:00,12.569999694824219,12.579999923706055,12.545000076293945,12.555000305175781,28735,0.0,0.0,0.0
2024-05-16 13:30:00-04:00,12.5600004196167,12.569999694824219,12.539999961853027,12.553000450134277,28435,0.0,0.0,0.0
2024-05-16 14:30:00-04:00,12.5600004196167,12.569999694824219,12.550100326538086,12.5600004196167,23553,0.0,0.0,0.0
2024-05-16 15:30:00-04:00,12.5600004196167,12.5600004196167,12.510000228881836,12.510000228881836,41474,0.0,0.0,0.0
2024-05-17 09:30:00-04:00,12.539999961853027,12.539999961853027,12.489999771118164,12.539999961853027,34884,0.0,0.0,0.0
2024-05-17 10:30:00-04:00,12.550000190734863,12.5600004196167,12.529999732971191,12.53499984741211,16594,0.0,0.0,0.0
2024-05-17 11:30:00-04:00,12.529999732971191,12.529999732971191,12.510000228881836,12.510000228881836,30884,0.0,0.0,0.0
2024-05-17 12:30:00-04:00,12.510000228881836,12.520000457763672,12.494999885559082,12.510000228881836,10476,0.0,0.0,0.0
2024-05-17 13:30:00-04:00,12.505000114440918,12.510000228881836,12.444999694824219,12.46500015258789,22856,0.0,0.0,0.0
2024-05-17 14:30:00-04:00,12.470000267028809,12.510000228881836,12.46500015258789,12.50510025024414,25597,0.0,0.0,0.0
2024-05-17 15:30:00-04:00,12.505000114440918,12.510000228881836,12.494999885559082,12.510000228881836,18475,0.0,0.0,0.0
2024-05-20 09:30:00-04:00,12.449999809265137,12.5649995803833,12.449999809265137,12.539999961853027,48038,0.0,0.0,0.0
2024-05-20 10:30:00-04:00,12.545000076293945,12.555000305175781,12.529999732971191,12.550000190734863,21347,0.0,0.0,0.0
2024-05-20 11:30:00-04:00,12.545000076293945,12.550999641418457,12.529999732971191,12.534500122070312,25318,0.0,0.0,0.0
2024-05-20 12:30:00-04:00,12.53499984741211,12.5600004196167,12.529999732971191,12.53499984741211,9560,0.0,0.0,0.0
2024-05-20 13:30:00-04:00,12.530099868774414,12.539999961853027,12.515000343322754,12.529999732971191,9742,0.0,0.0,0.0
2024-05-20 14:30:00-04:00,12.53499984741211,12.55090045928955,12.530099868774414,12.55090045928955,76024,0.0,0.0,0.0
2024-05-20 15:30:00-04:00,12.5600004196167,12.5600004196167,12.545000076293945,12.5600004196167,15031,0.0,0.0,0.0
2024-05-21 09:30:00-04:00,12.470000267028809,12.496999740600586,12.430000305175781,12.450300216674805,40989,0.0,0.0,0.0
2024-05-21 10:30:00-04:00,12.460000038146973,12.479999542236328,12.460000038146973,12.46500015258789,19667,0.0,0.0,0.0
2024-05-21 11:30:00-04:00,12.460000038146973,12.460000038146973,12.444999694824219,12.449999809265137,10507,0.0,0.0,0.0
2024-05-21 12:30:00-04:00,12.449999809265137,12.449999809265137,12.430000305175781,12.4350004196167,19968,0.0,0.0,0.0
2024-05-21 13:30:00-04:00,12.4399995803833,12.460000038146973,12.4399995803833,12.449999809265137,25132,0.0,0.0,0.0
2024-05-21 14:30:00-04:00,12.45009994506836,12.460000038146973,12.449999809265137,12.454999923706055,23407,0.0,0.0,0.0
2024-05-21 15:30:00-04:00,12.45009994506836,12.475000381469727,12.449999809265137,12.449999809265137,22656,0.0,0.0,0.0
2024-05-22 09:30:00-04:00,12.460000038146973,12.5,12.454999923706055,12.480899810791016,44567,0.0,0.0,0.0
2024-05-22 10:30:00-04:00,12.489999771118164,12.505000114440918,12.484999656677246,12.505000114440918,35391,0.0,0.0,0.0
2024-05-22 11:30:00-04:00,12.5,12.500100135803223,12.475000381469727,12.489999771118164,14954,0.0,0.0,0.0
2024-05-22 12:30:00-04:00,12.490099906921387,12.490099906921387,12.475000381469727,12.484999656677246,11287,0.0,0.0,0.0
2024-05-22 13:30:00-04:00,12.479999542236328,12.479999542236328,12.40999984741211,12.40999984741211,28258,0.0,0.0,0.0
2024-05-22 14:30:00-04:00,12.40999984741211,12.430000305175781,12.404999732971191,12.430000305175781,22032,0.0,0.0,0.0
2024-05-22 15:30:00-04:00,12.4399995803833,12.460000038146973,12.414999961853027,12.460000038146973,23552,0.0,0.0,0.0
2024-05-23 09:30:00-04:00,12.569999694824219,12.579999923706055,12.449999809265137,12.479999542236328,77020,0.0,0.0,0.0
2024-05-23 10:30:00-04:00,12.479999542236328,12.479999542236328,12.40999984741211,12.454999923706055,39365,0.0,0.0,0.0
2024-05-23 11:30:00-04:00,12.454999923706055,12.479999542236328,12.454999923706055,12.470000267028809,57380,0.0,0.0,0.0
2024-05-23 12:30:00-04:00,12.475000381469727,12.475099563598633,12.40999984741211,12.425000190734863,43088,0.0,0.0,0.0
2024-05-23 13:30:00-04:00,12.420000076293945,12.420000076293945,12.3100004196167,12.3149995803833,17268,0.0,0.0,0.0
2024-05-23 14:30:00-04:00,12.300000190734863,12.3100004196167,12.279999732971191,12.300000190734863,13341,0.0,0.0,0.0
2024-05-23 15:30:00-04:00,12.300000190734863,12.34000015258789,12.300000190734863,12.329999923706055,27476,0.0,0.0,0.0
2024-05-24 09:30:00-04:00,12.399999618530273,12.430000305175781,12.329999923706055,12.430000305175781,38311,0.0,0.0,0.0
2024-05-24 10:30:00-04:00,12.430000305175781,12.479999542236328,12.420000076293945,12.460000038146973,17821,0.0,0.0,0.0
2024-05-24 11:30:00-04:00,12.460100173950195,12.475000381469727,12.444999694824219,12.470100402832031,8043,0.0,0.0,0.0
2024-05-24 12:30:00-04:00,12.475000381469727,12.475000381469727,12.454999923706055,12.46500015258789,12149,0.0,0.0,0.0
2024-05-24 13:30:00-04:00,12.460000038146973,12.475000381469727,12.449999809265137,12.470000267028809,8556,0.0,0.0,0.0
2024-05-24 14:30:00-04:00,12.460000038146973,12.460000038146973,12.4350004196167,12.449999809265137,11785,0.0,0.0,0.0
2024-05-24 15:30:00-04:00,12.449999809265137,12.470000267028809,12.449999809265137,12.470000267028809,14303,0.0,0.0,0.0
2024-05-28 09:30:00-04:00,12.479999542236328,12.520000457763672,12.442399978637695,12.510000228881836,89972,0.0,0.0,0.0
2024-05-28 10:30:00-04:00,12.515000343322754,12.549500465393066,12.5,12.549500465393066,39025,0.0,0.0,0.0
2024-05-28 11:30:00-04:00,12.545000076293945,12.5600004196167,12.539999961853027,12.545000076293945,24133,0.0,0.0,0.0
2024-05-28 12:30:00-04:00,12.539999961853027,12.5600004196167,12.524999618530273,12.539999961853027,32685,0.0,0.0,0.0
2024-05-28 13:30:00-04:00,12.53499984741211,12.555000305175781,12.505000114440918,12.505000114440918,32470,0.0,0.0,0.0
2024-05-28 14:30:00-04:00,12.5,12.515000343322754,12.46500015258789,12.51200008392334,28743,0.0,0.0,0.0
2024-05-28 15:30:00-04:00,12.510000228881836,12.550000190734863,12.505000114440918,12.545000076293945,16405,0.0,0.0,0.0
2024-05-29 09:30:00-04:00,12.380000114440918,12.449999809265137,12.369999885559082,12.449999809265137,55456,0.0,0.0,0.0
2024-05-29 10:30:00-04:00,12.460000038146973,12.46500015258789,12.425000190734863,12.449999809265137,29012,0.0,0.0,0.0
2024-05-29 11:30:00-04:00,12.4399995803833,12.449999809265137,12.428099632263184,12.449999809265137,11449,0.0,0.0,0.0
2024-05-29 12:30:00-04:00,12.454999923706055,12.47249984741211,12.4399995803833,12.449999809265137,13837,0.0,0.0,0.0
2024-05-29 13:30:00-04:00,12.45009994506836,12.460000038146973,12.4350004196167,12.460000038146973,25736,0.0,0.0,0.0
2024-05-29 14:30:00-04:00,12.441100120544434,12.449999809265137,12.425000190734863,12.449999809265137,23177,0.0,0.0,0.0
2024-05-29 15:30:00-04:00,12.444999694824219,12.460000038146973,12.40999984741211,12.420000076293945,17624,0.0,0.0,0.0
2024-05-30 09:30:00-04:00,12.399999618530273,12.420000076293945,12.350000381469727,12.359999656677246,36018,0.0,0.0,0.0
2024-05-30 10:30:00-04:00,12.364999771118164,12.364999771118164,12.319999694824219,12.350000381469727,16752,0.0,0.0,0.0
2024-05-30 11:30:00-04:00,12.359999656677246,12.369999885559082,12.350000381469727,12.359999656677246,39395,0.0,0.0,0.0
2024-05-30 12:30:00-04:00,12.350099563598633,12.380000114440918,12.345000267028809,12.380000114440918,11240,0.0,0.0,0.0
2024-05-30 13:30:00-04:00,12.380000114440918,12.385000228881836,12.345000267028809,12.354999542236328,22186,0.0,0.0,0.0
2024-05-30 14:30:00-04:00,12.359999656677246,12.359999656677246,12.305000305175781,12.319999694824219,17771,0.0,0.0,0.0
2024-05-30 15:30:00-04:00,12.319999694824219,12.319999694824219,12.274999618530273,12.300000190734863,68715,0.0,0.0,0.0
2024-05-31 09:30:00-04:00,12.3100004196167,12.354299545288086,12.210000038146973,12.211099624633789,47674,0.0,0.0,0.0
2024-05-31 10:30:00-04:00,12.210000038146973,12.210000038146973,12.15999984741211,12.15999984741211,40065,0.0,0.0,0.0
2024-05-31 11:30:00-04:00,12.164999961853027,12.180000305175781,12.114999771118164,12.114999771118164,25806,0.0,0.0,0.0
2024-05-31 12:30:00-04:00,12.119999885559082,12.180000305175781,12.119999885559082,12.180000305175781,15658,0.0,0.0,0.0
2024-05-31 13:30:00-04:00,12.180000305175781,12.1850004196167,12.15999984741211,12.168299674987793,11236,0.0,0.0,0.0
2024-05-31 14:30:00-04:00,12.164999961853027,12.225500106811523,12.15999984741211,12.21500015258789,26128,0.0,0.0,0.0
2024-05-31 15:30:00-04:00,12.21500015258789,12.3100004196167,12.210000038146973,12.300000190734863,43125,0.0,0.0,0.0
2024-06-03 09:30:00-04:00,12.399999618530273,12.510000228881836,12.350000381469727,12.479999542236328,73119,0.0,0.0,0.0
2024-06-03 10:30:00-04:00,12.479599952697754,12.479999542236328,12.399999618530273,12.420000076293945,16513,0.0,0.0,0.0
2024-06-03 11:30:00-04:00,12.4399995803833,12.4399995803833,12.390000343322754,12.390000343322754,8038,0.0,0.0,0.0
2024-06-03 12:30:00-04:00,12.380000114440918,12.390000343322754,12.335000038146973,12.390000343322754,11124,0.0,0.0,0.0
2024-06-03 13:30:00-04:00,12.399999618530273,12.420000076293945,12.395000457763672,12.40999984741211,26424,0.0,0.0,0.0
2024-06-03 14:30:00-04:00,12.40999984741211,12.430100440979004,12.404999732971191,12.430000305175781,27875,0.0,0.0,0.0
2024-06-03 15:30:00-04:00,12.420000076293945,12.470000267028809,12.410099983215332,12.460000038146973,68133,0.0,0.0,0.0
2024-06-04 09:30:00-04:00,12.479999542236328,12.489999771118164,12.4350004196167,12.460000038146973,61590,0.0,0.0,0.0
2024-06-04 10:30:00-04:00,12.449999809265137,12.475000381469727,12.444999694824219,12.444999694824219,41513,0.0,0.0,0.0
2024-06-04 11:30:00-04:00,12.425000190734863,12.460000038146973,12.425000190734863,12.460000038146973,16389,0.0,0.0,0.0
2024-06-04 12:30:00-04:00,12.460000038146973,12.484999656677246,12.449999809265137,12.475000381469727,19890,0.0,0.0,0.0
2024-06-04 13:30:00-04:00,12.479999542236328,12.539999961853027,12.460000038146973,12.529999732971191,20711,0.0,0.0,0.0
2024-06-04 14:30:00-04:00,12.529999732971191,12.545000076293945,12.479999542236328,12.510000228881836,21608,0.0,0.0,0.0
2024-06-04 15:30:00-04:00,12.503399848937988,12.529999732971191,12.494999885559082,12.524999618530273,31931,0.0,0.0,0.0
2024-06-05 09:30:00-04:00,12.619999885559082,12.699999809265137,12.619999885559082,12.699999809265137,111683,0.0,0.0,0.0
2024-06-05 10:30:00-04:00,12.710000038146973,12.739999771118164,12.70009994506836,12.725000381469727,71445,0.0,0.0,0.0
2024-06-05 11:30:00-04:00,12.729999542236328,12.739999771118164,12.725000381469727,12.739999771118164,34114,0.0,0.0,0.0
2024-06-05 12:30:00-04:00,12.734999656677246,12.760100364685059,12.734999656677246,12.75,43798,0.0,0.0,0.0
2024-06-05 13:30:00-04:00,12.744999885559082,12.770000457763672,12.744999885559082,12.760199546813965,25447,0.0,0.0,0.0
2024-06-05 14:30:00-04:00,12.770000457763672,12.789999961853027,12.770000457763672,12.774999618530273,26858,0.0,0.0,0.0
2024-06-05 15:30:00-04:00,12.774999618530273,12.809700012207031,12.770000457763672,12.800000190734863,30948,0.0,0.0,0.0
2024-06-06 09:30:00-04:00,12.779999732971191,12.829999923706055,12.779999732971191,12.824999809265137,83078,0.0,0.0,0.0
2024-06-06 10:30:00-04:00,12.819999694824219,12.845000267028809,12.8100004196167,12.8149995803833,30733,0.0,0.0,0.0
2024-06-06 11:30:00-04:00,12.8100004196167,12.82509994506836,12.800000190734863,12.800000190734863,17721,0.0,0.0,0.0
2024-06-06 12:30:00-04:00,12.795000076293945,12.835700035095215,12.78499984741211,12.835000038146973,24729,0.0,0.0,0.0
2024-06-06 13:30:00-04:00,12.84000015258789,12.850000381469727,12.805000305175781,12.819999694824219,34694,0.0,0.0,0.0
2024-06-06 14:30:00-04:00,12.819999694824219,12.84000015258789,12.8100004196167,12.829999923706055,19193,0.0,0.0,0.0
2024-06-06 15:30:00-04:00,12.824999809265137,12.829999923706055,12.805000305175781,12.8100004196167,19040,0.0,0.0,0.0
2024-06-07 09:30:00-04:00,12.739999771118164,12.789999961853027,12.722299575805664,12.779999732971191,44705,0.0,0.0,0.0
2024-06-07 10:30:00-04:00,12.774999618530273,12.8100004196167,12.755000114440918,12.774999618530273,14545,0.0,0.0,0.0
2024-06-07 11:30:00-04:00,12.779999732971191,12.8100004196167,12.774999618530273,12.8100004196167,23264,0.0,0.0,0.0
2024-06-07 12:30:00-04:00,12.8100004196167,12.8149995803833,12.779999732971191,12.793399810791016,18743,0.0,0.0,0.0
2024-06-07 13:30:00-04:00,12.800000190734863,12.800000190734863,12.710000038146973,12.729999542236328,16995,0.0,0.0,0.0
2024-06-07 14:30:00-04:00,12.729999542236328,12.75,12.725000381469727,12.75,18216,0.0,0.0,0.0
2024-06-07 15:30:00-04:00,12.744999885559082,12.760000228881836,12.734999656677246,12.75,35538,0.0,0.0,0.0
2024-06-10 09:30:00-04:00,12.680000305175781,12.75,12.670000076293945,12.75,76099,0.0,0.0,0.0
2024-06-10 10:30:00-04:00,12.760000228881836,12.788999557495117,12.755000114440918,12.780099868774414,33924,0.0,0.0,0.0
2024-06-10 11:30:00-04:00,12.790200233459473,12.800000190734863,12.779999732971191,12.792799949645996,44033,0.0,0.0,0.0
2024-06-10 12:30:00-04:00,12.795000076293945,12.795000076293945,12.767499923706055,12.767499923706055,16229,0.0,0.0,0.0
2024-06-10 13:30:00-04:00,12.751999855041504,12.795000076293945,12.75,12.752799987792969,19850,0.0,0.0,0.0
2024-06-10 14:30:00-04:00,12.744999885559082,12.8100004196167,12.739999771118164,12.789999961853027,27821,0.0,0.0,0.0
2024-06-10 15:30:00-04:00,12.795000076293945,12.795000076293945,12.760000228881836,12.779999732971191,23357,0.0,0.0,0.0
2024-06-11 09:30:00-04:00,12.710000038146973,12.760000228881836,12.699999809265137,12.75,82510,0.0,0.0,0.0
2024-06-11 10:30:00-04:00,12.755000114440918,12.78499984741211,12.75,12.760000228881836,33904,0.0,0.0,0.0
2024-06-11 11:30:00-04:00,12.770000457763672,12.770000457763672,12.710100173950195,12.75,17297,0.0,0.0,0.0
2024-06-11 12:30:00-04:00,12.744999885559082,12.789999961853027,12.74020004272461,12.774999618530273,23135,0.0,0.0,0.0
2024-06-11 13:30:00-04:00,12.779999732971191,12.829999923706055,12.779899597167969,12.829999923706055,20974,0.0,0.0,0.0
2024-06-11 14:30:00-04:00,12.829999923706055,12.84000015258789,12.819999694824219,12.819999694824219,24889,0.0,0.0,0.0
2024-06-11 15:30:00-04:00,12.824999809265137,12.850000381469727,12.8149995803833,12.850000381469727,15034,0.0,0.0,0.0
2024-06-12 09:30:00-04:00,12.970000267028809,13.119799613952637,12.949999809265137,13.119799613952637,127550,0.0,0.0,0.0
2024-06-12 10:30:00-04:00,13.104999542236328,13.140000343322754,13.09000015258789,13.135000228881836,48843,0.0,0.0,0.0
2024-06-12 11:30:00-04:00,13.135000228881836,13.140000343322754,13.110199928283691,13.114999771118164,27787,0.0,0.0,0.0
2024-06-12 12:30:00-04:00,13.114999771118164,13.135000228881836,13.109999656677246,13.135000228881836,14795,0.0,0.0,0.0
2024-06-12 13:30:00-04:00,13.130000114440918,13.130000114440918,13.09000015258789,13.130000114440918,30486,0.0,0.0,0.0
2024-06-12 14:30:00-04:00,13.130000114440918,13.149999618530273,13.069999694824219,13.079999923706055,43209,0.0,0.0,0.0
2024-06-12 15:30:00-04:00,13.069999694824219,13.09000015258789,13.03499984741211,13.069999694824219,48594,0.0,0.0,0.0
2024-06-13 09:30:00-04:00,13.140000343322754,13.145000457763672,13.045000076293945,13.061800003051758,78389,0.0,0.0,0.0
2024-06-13 10:30:00-04:00,13.069999694824219,13.069999694824219,13.020099639892578,13.045000076293945,18581,0.0,0.0,0.0
2024-06-13 11:30:00-04:00,13.050000190734863,13.0600004196167,12.989999771118164,12.994999885559082,17182,0.0,0.0,0.0
2024-06-13 12:30:00-04:00,12.989999771118164,13.039999961853027,12.989999771118164,13.03499984741211,22309,0.0,0.0,0.0
2024-06-13 13:30:00-04:00,13.030099868774414,13.03499984741211,13.015000343322754,13.029999732971191,9729,0.0,0.0,0.0
2024-06-13 14:30:00-04:00,13.039999961853027,13.055000305175781,13.029999732971191,13.050000190734863,28028,0.0,0.0,0.0
2024-06-13 15:30:00-04:00,13.045000076293945,13.050000190734863,13.029999732971191,13.029999732971191,51733,0.0,0.0,0.0
2024-06-14 09:30:00-04:00,13.030099868774414,13.07509994506836,13.010000228881836,13.0600004196167,45440,0.0,0.0,0.0
2024-06-14 10:30:00-04:00,13.0600004196167,13.060999870300293,13.020000457763672,13.03499984741211,30481,0.0,0.0,0.0
2024-06-14 11:30:00-04:00,13.010000228881836,13.020099639892578,13.0,13.010000228881836,7035,0.0,0.0,0.0
2024-06-14 12:30:00-04:00,13.005000114440918,13.030099868774414,13.0,13.029999732971191,10976,0.0,0.0,0.0
2024-06-14 13:30:00-04:00,13.03499984741211,13.039999961853027,13.005000114440918,13.020000457763672,15660,0.0,0.0,0.0
2024-06-14 14:30:00-04:00,13.015000343322754,13.039999961853027,13.005000114440918,13.039999961853027,16898,0.0,0.0,0.0
2024-06-14 15:30:00-04:00,13.039999961853027,13.050000190734863,13.024999618530273,13.039999961853027,12145,0.0,0.0,0.0
2024-06-17 09:30:00-04:00,13.0649995803833,13.065099716186523,13.0,13.029999732971191,56003,0.0,0.0,0.0
2024-06-17 10:30:00-04:00,13.033100128173828,13.069999694824219,13.020000457763672,13.0649995803833,31921,0.0,0.0,0.0
2024-06-17 11:30:00-04:00,13.060999870300293,13.110099792480469,13.050100326538086,13.110099792480469,39234,0.0,0.0,0.0
2024-06-17 12:30:00-04:00,13.119999885559082,13.15999984741211,13.109999656677246,13.154999732971191,28261,0.0,0.0,0.0
2024-06-17 13:30:00-04:00,13.15999984741211,13.239999771118164,13.15999984741211,13.223299980163574,25380,0.0,0.0,0.0
2024-06-17 14:30:00-04:00,13.22029972076416,13.229999542236328,13.210000038146973,13.225000381469727,16644,0.0,0.0,0.0
2024-06-17 15:30:00-04:00,13.220000267028809,13.220000267028809,13.180000305175781,13.180000305175781,48191,0.0,0.0,0.0
2024-06-18 09:30:00-04:00,13.180000305175781,13.239999771118164,13.170000076293945,13.239999771118164,55166,0.0,0.0,0.0
2024-06-18 10:30:00-04:00,13.239999771118164,13.25790023803711,13.19480037689209,13.210000038146973,37110,0.0,0.0,0.0
2024-06-18 11:30:00-04:00,13.210000038146973,13.225000381469727,13.190099716186523,13.199999809265137,28208,0.0,0.0,0.0
2024-06-18 12:30:00-04:00,13.20259952545166,13.220000267028809,13.1899995803833,13.21500015258789,30961,0.0,0.0,0.0
2024-06-18 13:30:00-04:00,13.210100173950195,13.237500190734863,13.199999809265137,13.225000381469727,19441,0.0,0.0,0.0
2024-06-18 14:30:00-04:00,13.220100402832031,13.229999542236328,13.21500015258789,13.225000381469727,10867,0.0,0.0,0.0
2024-06-18 15:30:00-04:00,13.225000381469727,13.23799991607666,13.210000038146973,13.21500015258789,30524,0.0,0.0,0.0
2024-06-20 09:30:00-04:00,13.249099731445312,13.270000457763672,13.14009952545166,13.180000305175781,106195,0.0,0.0,0.0
2024-06-20 10:30:00-04:00,13.180000305175781,13.210000038146973,13.170000076293945,13.180000305175781,39190,0.0,0.0,0.0
2024-06-20 11:30:00-04:00,13.177499771118164,13.190299987792969,13.104999542236328,13.104999542236328,23864,0.0,0.0,0.0
2024-06-20 12:30:00-04:00,13.09000015258789,13.109999656677246,13.045000076293945,13.0600004196167,23051,0.0,0.0,0.0
2024-06-20 13:30:00-04:00,13.050000190734863,13.104999542236328,13.010000228881836,13.104999542236328,25889,0.0,0.0,0.0
2024-06-20 14:30:00-04:00,13.104999542236328,13.104999542236328,13.039999961853027,13.08329963684082,16862,0.0,0.0,0.0
2024-06-20 15:30:00-04:00,13.085000038146973,13.109999656677246,13.079999923706055,13.09000015258789,18954,0.0,0.0,0.0
2024-06-21 09:30:00-04:00,12.989999771118164,13.050000190734863,12.970000267028809,13.020099639892578,64709,0.0,0.0,0.0
2024-06-21 10:30:00-04:00,13.020000457763672,13.0649995803833,13.015000343322754,13.03499984741211,43203,0.0,0.0,0.0
2024-06-21 11:30:00-04:00,13.029999732971191,13.09000015258789,13.020000457763672,13.067999839782715,31751,0.0,0.0,0.0
2024-06-21 12:30:00-04:00,13.069999694824219,13.071100234985352,13.029999732971191,13.029999732971191,25450,0.0,0.0,0.0
2024-06-21 13:30:00-04:00,13.0177001953125,13.045000076293945,13.0177001953125,13.045000076293945,11993,0.0,0.0,0.0
2024-06-21 14:30:00-04:00,13.039999961853027,13.045000076293945,13.024999618530273,13.045000076293945,12467,0.0,0.0,0.0
2024-06-21 15:30:00-04:00,13.039999961853027,13.069999694824219,13.039999961853027,13.0600004196167,34524,0.0,0.0,0.0
2024-06-24 09:30:00-04:00,12.989999771118164,13.020000457763672,12.930000305175781,12.949999809265137,79780,0.0,0.0,0.0
2024-06-24 10:30:00-04:00,12.949999809265137,12.98009967803955,12.920000076293945,12.979999542236328,30521,0.0,0.0,0.0
2024-06-24 11:30:00-04:00,12.970000267028809,12.979999542236328,12.940099716186523,12.940099716186523,19074,0.0,0.0,0.0
2024-06-24 12:30:00-04:00,12.944999694824219,12.949999809265137,12.864999771118164,12.881999969482422,41499,0.0,0.0,0.0
2024-06-24 13:30:00-04:00,12.875,12.895000457763672,12.854999542236328,12.870100021362305,26914,0.0,0.0,0.0
2024-06-24 14:30:00-04:00,12.875,12.930000305175781,12.875,12.925000190734863,27024,0.0,0.0,0.0
2024-06-24 15:30:00-04:00,12.920000076293945,12.925000190734863,12.864999771118164,12.869999885559082,22016,0.0,0.0,0.0
2024-06-25 09:30:00-04:00,12.899999618530273,12.970000267028809,12.880000114440918,12.96500015258789,65112,0.0,0.0,0.0
2024-06-25 10:30:00-04:00,12.970000267028809,12.994999885559082,12.954999923706055,12.989999771118164,40802,0.0,0.0,0.0
2024-06-25 11:30:00-04:00,12.994999885559082,13.010000228881836,12.989999771118164,12.989999771118164,20943,0.0,0.0,0.0
2024-06-25 12:30:00-04:00,12.979999542236328,12.984700202941895,12.9399995803833,12.975000381469727,17970,0.0,0.0,0.0
2024-06-25 13:30:00-04:00,12.975000381469727,13.010000228881836,12.960000038146973,13.010000228881836,10964,0.0,0.0,0.0
2024-06-25 14:30:00-04:00,13.010000228881836,13.020000457763672,13.0,13.020000457763672,19083,0.0,0.0,0.0
2024-06-25 15:30:00-04:00,13.020000457763672,13.039999961853027,13.010000228881836,13.029999732971191,16102,0.0,0.0,0.0
2024-06-26 09:30:00-04:00,12.989999771118164,13.090999603271484,12.989999771118164,13.0600004196167,77172,0.0,0.0,0.0
2024-06-26 10:30:00-04:00,13.0600004196167,13.109999656677246,13.0600004196167,13.09000015258789,34913,0.0,0.0,0.0
2024-06-26 11:30:00-04:00,13.081100463867188,13.116900444030762,13.069999694824219,13.100000381469727,10692,0.0,0.0,0.0
2024-06-26 12:30:00-04:00,13.109999656677246,13.109999656677246,13.069999694824219,13.09000015258789,5430,0.0,0.0,0.0
2024-06-26 13:30:00-04:00,13.095000267028809,13.114999771118164,13.09000015258789,13.109999656677246,8709,0.0,0.0,0.0
2024-06-26 14:30:00-04:00,13.100000381469727,13.109999656677246,13.074999809265137,13.09000015258789,7068,0.0,0.0,0.0
2024-06-26 15:30:00-04:00,13.109100341796875,13.12969970703125,13.090200424194336,13.109999656677246,24290,0.0,0.0,0.0
2024-06-27 09:30:00-04:00,13.109999656677246,13.220000267028809,13.109999656677246,13.210000038146973,51233,0.0,0.0,0.0
2024-06-27 10:30:00-04:00,13.199999809265137,13.199999809265137,13.149999618530273,13.149999618530273,28357,0.0,0.0,0.0
2024-06-27 11:30:00-04:00,13.130000114440918,13.170000076293945,13.119999885559082,13.170000076293945,12734,0.0,0.0,0.0
2024-06-27 12:30:00-04:00,13.167099952697754,13.1899995803833,13.167099952697754,13.1850004196167,29821,0.0,0.0,0.0
2024-06-27 13:30:00-04:00,13.1850004196167,13.198599815368652,13.154999732971191,13.164999961853027,10955,0.0,0.0,0.0
2024-06-27 14:30:00-04:00,13.164999961853027,13.189900398254395,13.15999984741211,13.175000190734863,18286,0.0,0.0,0.0
2024-06-27 15:30:00-04:00,13.180000305175781,13.180000305175781,13.149999618530273,13.164999961853027,8406,0.0,0.0,0.0
2024-06-28 09:30:00-04:00,13.149999618530273,13.239999771118164,13.149999618530273,13.220000267028809,56496,0.0,0.0,0.0
2024-06-28 10:30:00-04:00,13.220000267028809,13.225000381469727,13.140000343322754,13.15999984741211,22794,0.0,0.0,0.0
2024-06-28 11:30:00-04:00,13.15999984741211,13.170000076293945,13.109999656677246,13.119999885559082,13260,0.0,0.0,0.0
2024-06-28 12:30:00-04:00,13.135000228881836,13.135000228881836,13.079999923706055,13.119999885559082,18630,0.0,0.0,0.0
2024-06-28 13:30:00-04:00,13.112500190734863,13.119999885559082,13.100000381469727,13.100000381469727,4793,0.0,0.0,0.0
2024-06-28 14:30:00-04:00,13.100000381469727,13.109999656677246,13.079999923706055,13.085000038146973,6179,0.0,0.0,0.0
2024-06-28 15:30:00-04:00,13.079999923706055,13.100000381469727,13.045000076293945,13.055000305175781,24626,0.0,0.0,0.0
2024-07-01 09:30:00-04:00,13.050000190734863,13.069999694824219,12.940099716186523,13.010000228881836,46997,0.0,0.0,0.0
2024-07-01 10:30:00-04:00,13.010000228881836,13.010000228881836,12.979999542236328,13.010000228881836,16845,0.0,0.0,0.0
2024-07-01 11:30:00-04:00,13.010000228881836,13.045000076293945,13.0,13.03499984741211,14475,0.0,0.0,0.0
2024-07-01 12:30:00-04:00,13.03499984741211,13.039999961853027,13.022000312805176,13.029999732971191,24175,0.0,0.0,0.0
2024-07-01 13:30:00-04:00,13.030099868774414,13.070300102233887,13.029999732971191,13.061100006103516,12870,0.0,0.0,0.0
2024-07-01 14:30:00-04:00,13.050000190734863,13.0600004196167,13.029999732971191,13.039999961853027,23907,0.0,0.0,0.0
2024-07-01 15:30:00-04:00,13.041099548339844,13.079999923706055,13.041099548339844,13.069999694824219,40259,0.0,0.0,0.0
2024-07-02 09:30:00-04:00,13.0,13.110099792480469,12.99429988861084,13.069999694824219,32495,0.0,0.0,0.0
2024-07-02 10:30:00-04:00,13.069999694824219,13.117899894714355,13.069999694824219,13.110300064086914,14008,0.0,0.0,0.0
2024-07-02 11:30:00-04:00,13.114999771118164,13.140000343322754,13.09000015258789,13.104999542236328,11196,0.0,0.0,0.0
2024-07-02 12:30:00-04:00,13.100099563598633,13.147500038146973,13.100099563598633,13.135000228881836,28410,0.0,0.0,0.0
2024-07-02 13:30:00-04:00,13.135000228881836,13.178600311279297,13.135000228881836,13.170000076293945,30329,0.0,0.0,0.0
2024-07-02 14:30:00-04:00,13.164999961853027,13.1850004196167,13.164999961853027,13.179800033569336,24188,0.0,0.0,0.0
2024-07-02 15:30:00-04:00,13.170000076293945,13.180000305175781,13.164999961853027,13.170000076293945,15364,0.0,0.0,0.0
2024-07-03 09:30:00-04:00,13.180000305175781,13.220000267028809,13.170000076293945,13.1899995803833,41261,0.0,0.0,0.0
2024-07-03 10:30:00-04:00,13.18970012664795,13.220000267028809,13.170100212097168,13.220000267028809,27073,0.0,0.0,0.0
2024-07-03 11:30:00-04:00,13.21500015258789,13.234999656677246,13.199999809265137,13.234600067138672,22212,0.0,0.0,0.0
2024-07-05 09:30:00-04:00,13.220000267028809,13.225000381469727,13.15999984741211,13.203900337219238,91049,0.0,0.0,0.0
2024-07-05 10:30:00-04:00,13.204999923706055,13.274999618530273,13.199999809265137,13.265000343322754,40097,0.0,0.0,0.0
2024-07-05 11:30:00-04:00,13.270000457763672,13.300000190734863,13.270000457763672,13.295000076293945,15846,0.0,0.0,0.0
2024-07-05 12:30:00-04:00,13.292400360107422,13.292400360107422,13.260000228881836,13.28499984741211,32705,0.0,0.0,0.0
2024-07-05 13:30:00-04:00,13.289999961853027,13.29990005493164,13.279999732971191,13.28499984741211,14074,0.0,0.0,0.0
2024-07-05 14:30:00-04:00,13.279999732971191,13.3100004196167,13.279999732971191,13.3100004196167,21281,0.0,0.0,0.0
2024-07-05 15:30:00-04:00,13.308899879455566,13.329999923706055,13.305000305175781,13.324999809265137,14962,0.0,0.0,0.0
2024-07-08 09:30:00-04:00,13.359999656677246,13.379899978637695,13.319999694824219,13.324999809265137,109837,0.0,0.0,0.0
2024-07-08 10:30:00-04:00,13.319999694824219,13.375,13.289999961853027,13.369999885559082,99149,0.0,0.0,0.0
2024-07-08 11:30:00-04:00,13.375,13.380000114440918,13.324999809265137,13.335000038146973,26824,0.0,0.0,0.0
2024-07-08 12:30:00-04:00,13.329999923706055,13.359999656677246,13.329999923706055,13.359999656677246,16540,0.0,0.0,0.0
2024-07-08 13:30:00-04:00,13.359999656677246,13.380000114440918,13.359999656677246,13.375,11575,0.0,0.0,0.0
2024-07-08 14:30:00-04:00,13.369999885559082,13.380000114440918,13.359999656677246,13.375,18754,0.0,0.0,0.0
2024-07-08 15:30:00-04:00,13.375,13.399999618530273,13.371000289916992,13.399999618530273,14706,0.0,0.0,0.0
2024-07-09 09:30:00-04:00,13.470000267028809,13.489999771118164,13.420000076293945,13.430000305175781,44258,0.0,0.0,0.0
2024-07-09 10:30:00-04:00,13.40999984741211,13.4350004196167,13.390000343322754,13.393199920654297,15611,0.0,0.0,0.0
2024-07-09 11:30:00-04:00,13.395000457763672,13.430000305175781,13.39009952545166,13.430000305175781,14922,0.0,0.0,0.0
2024-07-09 12:30:00-04:00,13.430100440979004,13.4350004196167,13.399999618530273,13.420000076293945,18946,0.0,0.0,0.0
2024-07-09 13:30:00-04:00,13.414999961853027,13.449999809265137,13.414999961853027,13.446700096130371,62926,0.0,0.0,0.0
2024-07-09 14:30:00-04:00,13.4350004196167,13.460000038146973,13.4350004196167,13.449999809265137,8558,0.0,0.0,0.0
2024-07-09 15:30:00-04:00,13.444999694824219,13.449999809265137,13.439499855041504,13.449999809265137,18397,0.0,0.0,0.0
2024-07-10 09:30:00-04:00,13.5,13.545000076293945,13.5,13.520000457763672,81404,0.0,0.0,0.0
2024-07-10 10:30:00-04:00,13.510000228881836,13.51099967956543,13.470000267028809,13.5,14342,0.0,0.0,0.0
2024-07-10 11:30:00-04:00,13.510000228881836,13.550000190734863,13.510000228881836,13.550000190734863,17100,0.0,0.0,0.0
2024-07-10 12:30:00-04:00,13.539999961853027,13.579999923706055,13.539999961853027,13.562000274658203,42803,0.0,0.0,0.0
2024-07-10 13:30:00-04:00,13.5600004196167,13.589900016784668,13.5600004196167,13.574999809265137,17941,0.0,0.0,0.0
2024-07-10 14:30:00-04:00,13.571000099182129,13.59000015258789,13.560099601745605,13.569999694824219,21100,0.0,0.0,0.0
2024-07-10 15:30:00-04:00,13.569999694824219,13.609999656677246,13.569999694824219,13.600000381469727,31393,0.0,0.0,0.0
2024-07-11 09:30:00-04:00,13.670000076293945,13.729999542236328,13.574999809265137,13.609999656677246,94611,0.0,0.0,0.0
2024-07-11 10:30:00-04:00,13.609999656677246,13.619999885559082,13.520000457763672,13.520000457763672,44100,0.0,0.0,0.0
2024-07-11 11:30:00-04:00,13.510000228881836,13.510000228881836,13.454999923706055,13.494999885559082,34460,0.0,0.0,0.0
2024-07-11 12:30:00-04:00,13.5,13.529999732971191,13.460000038146973,13.479999542236328,24274,0.0,0.0,0.0
2024-07-11 13:30:00-04:00,13.477999687194824,13.479999542236328,13.430000305175781,13.460100173950195,25752,0.0,0.0,0.0
2024-07-11 14:30:00-04:00,13.449999809265137,13.479999542236328,13.449999809265137,13.460000038146973,26534,0.0,0.0,0.0
2024-07-11 15:30:00-04:00,13.460000038146973,13.489999771118164,13.454999923706055,13.460000038146973,31691,0.0,0.0,0.0
2024-07-12 09:30:00-04:00,13.510000228881836,13.600000381469727,13.5,13.581100463867188,78572,0.0,0.0,0.0
2024-07-12 10:30:00-04:00,13.59000015258789,13.625,13.59000015258789,13.614999771118164,19539,0.0,0.0,0.0
2024-07-12 11:30:00-04:00,13.614999771118164,13.614999771118164,13.569999694824219,13.600000381469727,35052,0.0,0.0,0.0
2024-07-12 12:30:00-04:00,13.595000267028809,13.635000228881836,13.595000267028809,13.635000228881836,17362,0.0,0.0,0.0
2024-07-12 13:30:00-04:00,13.640000343322754,13.666099548339844,13.635000228881836,13.649999618530273,32662,0.0,0.0,0.0
2024-07-12 14:30:00-04:00,13.649999618530273,13.670000076293945,13.640000343322754,13.645000457763672,19716,0.0,0.0,0.0
2024-07-12 15:30:00-04:00,13.640000343322754,13.640000343322754,13.569999694824219,13.579999923706055,34651,0.0,0.0,0.0
