Datetime,Open,High,Low,Close,Volume,Dividends,Stock Splits
2022-07-14 09:30:00-04:00,15.600000381469727,15.600000381469727,15.449999809265137,15.520000457763672,0,0.0,0.0
2022-07-14 10:30:00-04:00,15.520000457763672,15.529999732971191,15.470000267028809,15.479999542236328,13265,0.0,0.0
2022-07-14 11:30:00-04:00,15.475000381469727,15.600000381469727,15.399999618530273,15.460000038146973,74106,0.0,0.0
2022-07-14 12:30:00-04:00,15.40999984741211,15.5600004196167,15.40999984741211,15.5,17565,0.0,0.0
2022-07-14 13:30:00-04:00,15.520000457763672,15.520000457763672,15.390000343322754,15.425000190734863,35657,0.0,0.0
2022-07-14 14:30:00-04:00,15.425000190734863,15.529999732971191,15.229999542236328,15.5,32929,0.0,0.0
2022-07-14 15:30:00-04:00,15.520000457763672,15.520000457763672,15.369999885559082,15.369999885559082,31469,0.0,0.0
2022-07-15 09:30:00-04:00,15.550000190734863,15.760000228881836,15.470000267028809,15.569999694824219,31219,0.0,0.0
2022-07-15 10:30:00-04:00,15.619999885559082,15.699999809265137,15.300000190734863,15.470000267028809,74756,0.0,0.0
2022-07-15 11:30:00-04:00,15.460000038146973,15.479999542236328,15.420000076293945,15.460000038146973,51419,0.0,0.0
2022-07-15 12:30:00-04:00,15.460000038146973,15.479999542236328,15.300000190734863,15.359999656677246,53439,0.0,0.0
2022-07-15 13:30:00-04:00,15.380000114440918,15.399999618530273,15.319999694824219,15.375,27650,0.0,0.0
2022-07-15 14:30:00-04:00,15.375,15.390000343322754,15.319999694824219,15.34000015258789,39209,0.0,0.0
2022-07-15 15:30:00-04:00,15.335000038146973,15.479999542236328,15.25,15.25,107263,0.0,0.0
2022-07-18 09:30:00-04:00,15.279999732971191,15.433799743652344,15.279999732971191,15.390000343322754,0,0.0,0.0
2022-07-18 10:30:00-04:00,15.350000381469727,15.420000076293945,15.350000381469727,15.420000076293945,12426,0.0,0.0
2022-07-18 11:30:00-04:00,15.34000015258789,15.430000305175781,15.34000015258789,15.430000305175781,5211,0.0,0.0
2022-07-18 12:30:00-04:00,15.430000305175781,15.539999961853027,15.415599822998047,15.505000114440918,7555,0.0,0.0
2022-07-18 13:30:00-04:00,15.48009967803955,15.65999984741211,15.430000305175781,15.5649995803833,19020,0.0,0.0
2022-07-18 14:30:00-04:00,15.550000190734863,15.5649995803833,15.390000343322754,15.5649995803833,29531,0.0,0.0
2022-07-18 15:30:00-04:00,15.475000381469727,15.539999961853027,15.475000381469727,15.539999961853027,3727,0.0,0.0
2022-07-19 09:30:00-04:00,15.479999542236328,15.670000076293945,15.460000038146973,15.670000076293945,0,0.0,0.0
2022-07-19 10:30:00-04:00,15.669899940490723,15.699999809265137,15.479999542236328,15.660699844360352,55999,0.0,0.0
2022-07-19 11:30:00-04:00,15.699999809265137,15.819999694824219,15.649999618530273,15.75,21833,0.0,0.0
2022-07-19 12:30:00-04:00,15.729999542236328,15.829999923706055,15.649999618530273,15.8149995803833,19363,0.0,0.0
2022-07-19 13:30:00-04:00,15.800000190734863,16.079999923706055,15.760000228881836,15.989999771118164,47175,0.0,0.0
2022-07-19 14:30:00-04:00,16.010000228881836,16.040000915527344,15.920000076293945,15.920000076293945,20137,0.0,0.0
2022-07-19 15:30:00-04:00,15.920000076293945,16.040000915527344,15.920000076293945,16.010000228881836,20046,0.0,0.0
2022-07-20 09:30:00-04:00,16.15999984741211,16.190000534057617,15.961000442504883,16.024999618530273,0,0.0,0.0
2022-07-20 10:30:00-04:00,16.09000015258789,16.219999313354492,16.030000686645508,16.145000457763672,18337,0.0,0.0
2022-07-20 11:30:00-04:00,16.1200008392334,16.18000030517578,16.030000686645508,16.125,11463,0.0,0.0
2022-07-20 12:30:00-04:00,16.100000381469727,16.10409927368164,16.0,16.020000457763672,5535,0.0,0.0
2022-07-20 13:30:00-04:00,16.059999465942383,16.420000076293945,16.030000686645508,16.364999771118164,27882,0.0,0.0
2022-07-20 14:30:00-04:00,16.40999984741211,16.420000076293945,16.219999313354492,16.229999542236328,41259,0.0,0.0
2022-07-20 15:30:00-04:00,16.270000457763672,16.274999618530273,16.100000381469727,16.100000381469727,27105,0.0,0.0
2022-07-21 09:30:00-04:00,16.139999389648438,16.209999084472656,15.90999984741211,15.90999984741211,0,0.0,0.0
2022-07-21 10:30:00-04:00,15.930000305175781,16.18000030517578,15.930000305175781,16.170000076293945,12893,0.0,0.0
2022-07-21 11:30:00-04:00,16.170000076293945,16.3799991607666,16.170000076293945,16.290000915527344,22775,0.0,0.0
2022-07-21 12:30:00-04:00,16.360000610351562,16.360000610351562,16.260000228881836,16.34000015258789,10093,0.0,0.0
2022-07-21 13:30:00-04:00,16.31999969482422,16.34000015258789,16.225000381469727,16.260000228881836,17689,0.0,0.0
2022-07-21 14:30:00-04:00,16.260000228881836,16.31999969482422,16.200000762939453,16.299999237060547,41998,0.0,0.0
2022-07-21 15:30:00-04:00,16.31999969482422,16.420000076293945,16.260000228881836,16.31999969482422,23096,0.0,0.0
2022-07-22 09:30:00-04:00,16.40999984741211,16.579999923706055,16.252899169921875,16.489999771118164,56189,0.0,0.0
2022-07-22 10:30:00-04:00,16.415000915527344,16.5,16.385000228881836,16.479999542236328,20467,0.0,0.0
2022-07-22 11:30:00-04:00,16.549999237060547,16.579999923706055,16.34440040588379,16.459999084472656,19278,0.0,0.0
2022-07-22 12:30:00-04:00,16.469999313354492,16.479999542236328,16.3700008392334,16.415000915527344,18153,0.0,0.0
2022-07-22 13:30:00-04:00,16.415000915527344,16.469999313354492,16.290000915527344,16.350000381469727,14748,0.0,0.0
2022-07-22 14:30:00-04:00,16.309999465942383,16.420000076293945,16.309999465942383,16.420000076293945,9264,0.0,0.0
2022-07-22 15:30:00-04:00,16.420000076293945,16.459999084472656,16.360000610351562,16.459999084472656,16272,0.0,0.0
2022-07-25 09:30:00-04:00,16.420000076293945,16.649999618530273,16.377099990844727,16.600000381469727,9792,0.0,0.0
2022-07-25 10:30:00-04:00,16.579999923706055,16.739999771118164,16.360000610351562,16.719999313354492,27840,0.0,0.0
2022-07-25 11:30:00-04:00,16.729999542236328,16.739999771118164,16.640100479125977,16.679399490356445,24181,0.0,0.0
2022-07-25 12:30:00-04:00,16.690000534057617,16.75,16.640100479125977,16.709999084472656,10404,0.0,0.0
2022-07-25 13:30:00-04:00,16.739999771118164,16.739999771118164,16.704999923706055,16.725000381469727,2354,0.0,0.0
2022-07-25 14:30:00-04:00,16.709999084472656,16.739999771118164,16.6299991607666,16.68000030517578,34694,0.0,0.0
2022-07-25 15:30:00-04:00,16.68000030517578,16.700000762939453,16.49449920654297,16.56999969482422,20051,0.0,0.0
2022-07-26 09:30:00-04:00,16.559999465942383,16.639999389648438,16.350000381469727,16.489999771118164,0,0.0,0.0
2022-07-26 10:30:00-04:00,16.482999801635742,16.482999801635742,16.360000610351562,16.360000610351562,448,0.0,0.0
2022-07-26 11:30:00-04:00,16.489999771118164,16.56999969482422,16.450000762939453,16.549999237060547,5012,0.0,0.0
2022-07-26 12:30:00-04:00,16.459999084472656,16.489999771118164,16.34000015258789,16.420000076293945,16045,0.0,0.0
2022-07-26 13:30:00-04:00,16.411300659179688,16.479999542236328,16.411300659179688,16.479999542236328,1111,0.0,0.0
2022-07-26 14:30:00-04:00,16.44099998474121,16.530000686645508,16.44099998474121,16.5,4134,0.0,0.0
2022-07-26 15:30:00-04:00,16.525699615478516,16.639999389648438,16.420000076293945,16.610000610351562,20763,0.0,0.0
2022-07-27 09:30:00-04:00,16.552000045776367,16.6299991607666,16.350000381469727,16.510000228881836,0,0.0,0.0
2022-07-27 10:30:00-04:00,16.520000457763672,16.739999771118164,16.209999084472656,16.350000381469727,12097,0.0,0.0
2022-07-27 11:30:00-04:00,16.360000610351562,16.360000610351562,16.260000228881836,16.303800582885742,3861,0.0,0.0
2022-07-27 12:30:00-04:00,16.31999969482422,16.549999237060547,16.31999969482422,16.520000457763672,15189,0.0,0.0
2022-07-27 13:30:00-04:00,16.520000457763672,16.649999618530273,16.520000457763672,16.520000457763672,5163,0.0,0.0
2022-07-27 14:30:00-04:00,16.530000686645508,16.610000610351562,16.510000228881836,16.56999969482422,12307,0.0,0.0
2022-07-27 15:30:00-04:00,16.600000381469727,16.600000381469727,16.489999771118164,16.489999771118164,13521,0.0,0.0
2022-07-28 09:30:00-04:00,16.579999923706055,16.897499084472656,16.5,16.8799991607666,0,0.0,0.0
2022-07-28 10:30:00-04:00,16.809999465942383,16.989999771118164,16.799999237060547,16.864500045776367,15713,0.0,0.0
2022-07-28 11:30:00-04:00,16.989999771118164,16.989999771118164,16.850400924682617,16.940000534057617,10055,0.0,0.0
2022-07-28 12:30:00-04:00,16.94499969482422,16.950000762939453,16.850000381469727,16.950000762939453,8730,0.0,0.0
2022-07-28 13:30:00-04:00,16.948999404907227,16.950000762939453,16.809999465942383,16.809999465942383,15200,0.0,0.0
2022-07-28 14:30:00-04:00,16.84600067138672,16.899999618530273,16.799999237060547,16.8799991607666,12762,0.0,0.0
2022-07-28 15:30:00-04:00,16.844999313354492,16.899999618530273,16.800600051879883,16.889999389648438,12247,0.0,0.0
2022-07-29 09:30:00-04:00,17.010000228881836,17.010000228881836,16.760000228881836,16.920000076293945,0,0.0,0.0
2022-07-29 10:30:00-04:00,16.899999618530273,17.40999984741211,16.84000015258789,17.329999923706055,23532,0.0,0.0
2022-07-29 11:30:00-04:00,17.329999923706055,17.3799991607666,17.1299991607666,17.15999984741211,26092,0.0,0.0
2022-07-29 12:30:00-04:00,17.15999984741211,17.360000610351562,17.1200008392334,17.209999084472656,18486,0.0,0.0
2022-07-29 13:30:00-04:00,17.219999313354492,17.350000381469727,17.100000381469727,17.164899826049805,20963,0.0,0.0
2022-07-29 14:30:00-04:00,17.260000228881836,17.350000381469727,16.950000762939453,17.040000915527344,40745,0.0,0.0
2022-07-29 15:30:00-04:00,17.290000915527344,17.290000915527344,17.020000457763672,17.200000762939453,17785,0.0,0.0
2022-08-01 09:30:00-04:00,17.25,17.34119987487793,16.989999771118164,17.23110008239746,0,0.0,0.0
2022-08-01 10:30:00-04:00,17.100000381469727,17.219999313354492,17.030000686645508,17.1299991607666,6881,0.0,0.0
2022-08-01 11:30:00-04:00,17.1200008392334,17.170000076293945,17.1200008392334,17.1299991607666,8013,0.0,0.0
2022-08-01 12:30:00-04:00,17.170000076293945,17.219999313354492,16.899999618530273,16.9950008392334,47564,0.0,0.0
2022-08-01 13:30:00-04:00,16.960100173950195,17.03499984741211,16.93000030517578,17.03499984741211,9267,0.0,0.0
2022-08-01 14:30:00-04:00,16.989999771118164,17.020000457763672,16.829999923706055,16.910999298095703,28069,0.0,0.0
2022-08-01 15:30:00-04:00,16.905000686645508,16.989999771118164,16.809999465942383,16.899999618530273,28784,0.0,0.0
2022-08-02 09:30:00-04:00,16.940000534057617,17.080799102783203,16.899999618530273,17.06999969482422,0,0.0,0.0
2022-08-02 10:30:00-04:00,17.06999969482422,17.100000381469727,16.979999542236328,17.100000381469727,11974,0.0,0.0
2022-08-02 11:30:00-04:00,17.020000457763672,17.040000915527344,16.93000030517578,16.96500015258789,23500,0.0,0.0
2022-08-02 12:30:00-04:00,16.969999313354492,17.0,16.850000381469727,16.8799991607666,23919,0.0,0.0
2022-08-02 13:30:00-04:00,16.860000610351562,16.969999313354492,16.65999984741211,16.700000762939453,19546,0.0,0.0
2022-08-02 14:30:00-04:00,16.690000534057617,16.808399200439453,16.690000534057617,16.700000762939453,14690,0.0,0.0
2022-08-02 15:30:00-04:00,16.709999084472656,16.81999969482422,16.709999084472656,16.709999084472656,11655,0.0,0.0
2022-08-03 09:30:00-04:00,16.75,16.899999618530273,16.729999542236328,16.86009979248047,0,0.0,0.0
2022-08-03 10:30:00-04:00,16.90999984741211,16.955699920654297,16.84000015258789,16.84000015258789,6781,0.0,0.0
2022-08-03 11:30:00-04:00,16.93000030517578,16.959999084472656,16.760000228881836,16.770000457763672,6367,0.0,0.0
2022-08-03 12:30:00-04:00,16.884199142456055,16.958799362182617,16.784000396728516,16.790000915527344,3761,0.0,0.0
2022-08-03 13:30:00-04:00,16.950000762939453,16.950000762939453,16.780000686645508,16.799999237060547,10964,0.0,0.0
2022-08-03 14:30:00-04:00,16.799999237060547,16.799999237060547,16.739999771118164,16.774999618530273,14170,0.0,0.0
2022-08-03 15:30:00-04:00,16.760000228881836,16.799999237060547,16.700000762939453,16.709999084472656,23120,0.0,0.0
2022-08-04 09:30:00-04:00,16.75,16.809999465942383,16.700000762939453,16.719999313354492,0,0.0,0.0
2022-08-04 10:30:00-04:00,16.739999771118164,16.89419937133789,16.639999389648438,16.684999465942383,31805,0.0,0.0
2022-08-04 11:30:00-04:00,16.639999389648438,16.729900360107422,16.3799991607666,16.649999618530273,60968,0.0,0.0
2022-08-04 12:30:00-04:00,16.649999618530273,16.694400787353516,16.559999465942383,16.559999465942383,22054,0.0,0.0
2022-08-04 13:30:00-04:00,16.530000686645508,16.610000610351562,16.459999084472656,16.469999313354492,16992,0.0,0.0
2022-08-04 14:30:00-04:00,16.479999542236328,16.704999923706055,16.459999084472656,16.5,24247,0.0,0.0
2022-08-04 15:30:00-04:00,16.5,16.704999923706055,16.5,16.559999465942383,11605,0.0,0.0
2022-08-05 09:30:00-04:00,16.549999237060547,16.780000686645508,16.5,16.780000686645508,0,0.0,0.0
2022-08-05 10:30:00-04:00,16.762500762939453,16.770000457763672,16.610000610351562,16.68000030517578,26260,0.0,0.0
2022-08-05 11:30:00-04:00,16.684999465942383,16.690000534057617,16.610000610351562,16.649999618530273,3070,0.0,0.0
2022-08-05 12:30:00-04:00,16.674999237060547,16.700000762939453,16.600000381469727,16.700000762939453,10837,0.0,0.0
2022-08-05 13:30:00-04:00,16.700000762939453,16.700000762939453,16.549999237060547,16.649999618530273,7469,0.0,0.0
2022-08-05 14:30:00-04:00,16.559999465942383,16.639999389648438,16.420000076293945,16.450000762939453,26399,0.0,0.0
2022-08-05 15:30:00-04:00,16.440000534057617,16.579999923706055,16.420000076293945,16.579999923706055,23112,0.0,0.0
2022-08-08 09:30:00-04:00,16.68000030517578,16.84000015258789,16.649999618530273,16.747600555419922,0,0.0,0.0
2022-08-08 10:30:00-04:00,16.709999084472656,16.90999984741211,16.709999084472656,16.80940055847168,5367,0.0,0.0
2022-08-08 11:30:00-04:00,16.889999389648438,16.90999984741211,16.75,16.799999237060547,5495,0.0,0.0
2022-08-08 12:30:00-04:00,16.709999084472656,16.860000610351562,16.709999084472656,16.80500030517578,21274,0.0,0.0
2022-08-08 13:30:00-04:00,16.81999969482422,16.850000381469727,16.75,16.774999618530273,11169,0.0,0.0
2022-08-08 14:30:00-04:00,16.760000228881836,16.8700008392334,16.760000228881836,16.844999313354492,7928,0.0,0.0
2022-08-08 15:30:00-04:00,16.81999969482422,16.850000381469727,16.729999542236328,16.760000228881836,19275,0.0,0.0
2022-08-09 09:30:00-04:00,16.68000030517578,16.889999389648438,16.68000030517578,16.729999542236328,0,0.0,0.0
2022-08-09 10:30:00-04:00,16.719999313354492,16.84000015258789,16.610000610351562,16.711000442504883,12822,0.0,0.0
2022-08-09 11:30:00-04:00,16.750099182128906,16.799999237060547,16.690000534057617,16.790000915527344,25529,0.0,0.0
2022-08-09 12:30:00-04:00,16.799999237060547,16.84000015258789,16.69499969482422,16.700000762939453,15913,0.0,0.0
2022-08-09 13:30:00-04:00,16.700000762939453,16.799999237060547,16.649999618530273,16.729999542236328,8077,0.0,0.0
2022-08-09 14:30:00-04:00,16.674999237060547,16.770000457763672,16.600000381469727,16.670000076293945,58430,0.0,0.0
2022-08-09 15:30:00-04:00,16.670000076293945,16.700000762939453,16.610000610351562,16.690000534057617,66712,0.0,0.0
2022-08-10 09:30:00-04:00,16.6299991607666,16.81999969482422,16.6299991607666,16.780000686645508,0,0.0,0.0
2022-08-10 10:30:00-04:00,16.780000686645508,16.850000381469727,16.670000076293945,16.850000381469727,17752,0.0,0.0
2022-08-10 11:30:00-04:00,16.83329963684082,16.860000610351562,16.75,16.770000457763672,26743,0.0,0.0
2022-08-10 12:30:00-04:00,16.780000686645508,16.859500885009766,16.760000228881836,16.770000457763672,6554,0.0,0.0
2022-08-10 13:30:00-04:00,16.770000457763672,16.8700008392334,16.739999771118164,16.805200576782227,35771,0.0,0.0
2022-08-10 14:30:00-04:00,16.799999237060547,16.8700008392334,16.75,16.80500030517578,39572,0.0,0.0
2022-08-10 15:30:00-04:00,16.80500030517578,16.8700008392334,16.760000228881836,16.8700008392334,32784,0.0,0.0
2022-08-11 09:30:00-04:00,16.8700008392334,17.030000686645508,16.780000686645508,16.799999237060547,0,0.0,0.0
2022-08-11 10:30:00-04:00,16.78499984741211,16.850000381469727,16.770000457763672,16.770000457763672,35686,0.0,0.0
2022-08-11 11:30:00-04:00,16.790000915527344,16.809999465942383,16.75,16.75,40895,0.0,0.0
2022-08-11 12:30:00-04:00,16.7549991607666,16.850000381469727,16.71500015258789,16.809999465942383,33500,0.0,0.0
2022-08-11 13:30:00-04:00,16.829999923706055,16.829999923706055,16.700000762939453,16.75,35148,0.0,0.0
2022-08-11 14:30:00-04:00,16.739999771118164,16.760000228881836,16.68000030517578,16.75,26629,0.0,0.0
2022-08-11 15:30:00-04:00,16.739999771118164,16.770000457763672,16.68000030517578,16.68000030517578,17393,0.0,0.0
2022-08-12 09:30:00-04:00,16.639999389648438,16.860000610351562,16.639999389648438,16.860000610351562,0,0.0,0.0
2022-08-12 10:30:00-04:00,16.780000686645508,16.90999984741211,16.780000686645508,16.83530044555664,8026,0.0,0.0
2022-08-12 11:30:00-04:00,16.905000686645508,16.90999984741211,16.799999237060547,16.829999923706055,7461,0.0,0.0
2022-08-12 12:30:00-04:00,16.838199615478516,16.860000610351562,16.700000762939453,16.709999084472656,22713,0.0,0.0
2022-08-12 13:30:00-04:00,16.719999313354492,16.729999542236328,16.700000762939453,16.709999084472656,12008,0.0,0.0
2022-08-12 14:30:00-04:00,16.709999084472656,16.790000915527344,16.68000030517578,16.719999313354492,29601,0.0,0.0
2022-08-12 15:30:00-04:00,16.719999313354492,16.768299102783203,16.690000534057617,16.690000534057617,46783,0.0,0.0
2022-08-15 09:30:00-04:00,16.719999313354492,16.739999771118164,16.68000030517578,16.700000762939453,0,0.0,0.0
2022-08-15 10:30:00-04:00,16.729999542236328,16.760000228881836,16.68000030517578,16.704999923706055,36292,0.0,0.0
2022-08-15 11:30:00-04:00,16.704999923706055,16.75,16.59000015258789,16.718900680541992,37755,0.0,0.0
2022-08-15 12:30:00-04:00,16.69499969482422,16.768699645996094,16.673099517822266,16.690000534057617,17154,0.0,0.0
2022-08-15 13:30:00-04:00,16.690000534057617,16.75,16.690000534057617,16.700000762939453,20384,0.0,0.0
2022-08-15 14:30:00-04:00,16.700000762939453,16.75,16.700000762939453,16.731199264526367,23591,0.0,0.0
2022-08-15 15:30:00-04:00,16.709999084472656,16.790000915527344,16.670000076293945,16.729999542236328,30294,0.0,0.0
2022-08-16 09:30:00-04:00,16.760000228881836,16.799999237060547,16.700000762939453,16.760700225830078,0,0.0,0.0
2022-08-16 10:30:00-04:00,16.75,16.790000915527344,16.709999084472656,16.790000915527344,8591,0.0,0.0
2022-08-16 11:30:00-04:00,16.790000915527344,16.899999618530273,16.700000762939453,16.809999465942383,47493,0.0,0.0
2022-08-16 12:30:00-04:00,16.84000015258789,16.889999389648438,16.799999237060547,16.799999237060547,22083,0.0,0.0
2022-08-16 13:30:00-04:00,16.81999969482422,16.829999923706055,16.719999313354492,16.770000457763672,22687,0.0,0.0
2022-08-16 14:30:00-04:00,16.760000228881836,16.780000686645508,16.709999084472656,16.780000686645508,36529,0.0,0.0
2022-08-16 15:30:00-04:00,16.780000686645508,16.860000610351562,16.75,16.860000610351562,29381,0.0,0.0
2022-08-17 09:30:00-04:00,16.84000015258789,16.84000015258789,16.719999313354492,16.760000228881836,4088,0.0,0.0
2022-08-17 10:30:00-04:00,16.729999542236328,16.780799865722656,16.729999542236328,16.780799865722656,2284,0.0,0.0
2022-08-17 11:30:00-04:00,16.780000686645508,16.809999465942383,16.7549991607666,16.770000457763672,13207,0.0,0.0
2022-08-17 12:30:00-04:00,16.770000457763672,16.809999465942383,16.739999771118164,16.75,67194,0.0,0.0
2022-08-17 13:30:00-04:00,16.75,16.81999969482422,16.75,16.780000686645508,15002,0.0,0.0
2022-08-17 14:30:00-04:00,16.780000686645508,16.829999923706055,16.780000686645508,16.780000686645508,25681,0.0,0.0
2022-08-17 15:30:00-04:00,16.829999923706055,16.829999923706055,16.770000457763672,16.799999237060547,12207,0.0,0.0
2022-08-18 09:30:00-04:00,16.709999084472656,16.799999237060547,16.709999084472656,16.792200088500977,0,0.0,0.0
2022-08-18 10:30:00-04:00,16.780000686645508,16.829999923706055,16.780000686645508,16.829999923706055,950,0.0,0.0
2022-08-18 11:30:00-04:00,16.829999923706055,16.959999084472656,16.829999923706055,16.959999084472656,10860,0.0,0.0
2022-08-18 12:30:00-04:00,16.90999984741211,16.93000030517578,16.81999969482422,16.81999969482422,11815,0.0,0.0
2022-08-18 13:30:00-04:00,16.850000381469727,16.899999618530273,16.809999465942383,16.850000381469727,20418,0.0,0.0
2022-08-18 14:30:00-04:00,16.850000381469727,16.920000076293945,16.81999969482422,16.81999969482422,38328,0.0,0.0
2022-08-18 15:30:00-04:00,16.809999465942383,16.829999923706055,16.760000228881836,16.760000228881836,44179,0.0,0.0
2022-08-19 09:30:00-04:00,16.639999389648438,16.75,16.600099563598633,16.709999084472656,0,0.0,0.0
2022-08-19 10:30:00-04:00,16.729999542236328,16.75,16.68000030517578,16.71500015258789,15459,0.0,0.0
2022-08-19 11:30:00-04:00,16.709999084472656,16.729999542236328,16.700000762939453,16.709999084472656,919,0.0,0.0
2022-08-19 12:30:00-04:00,16.690000534057617,16.71500015258789,16.665000915527344,16.69499969482422,21052,0.0,0.0
2022-08-19 13:30:00-04:00,16.68000030517578,16.709999084472656,16.68000030517578,16.690000534057617,2488,0.0,0.0
2022-08-19 14:30:00-04:00,16.690000534057617,16.75,16.690000534057617,16.75,16822,0.0,0.0
2022-08-19 15:30:00-04:00,16.735000610351562,16.809999465942383,16.68000030517578,16.68000030517578,15191,0.0,0.0
2022-08-22 09:30:00-04:00,16.600000381469727,16.65850067138672,16.510000228881836,16.59000015258789,0,0.0,0.0
2022-08-22 10:30:00-04:00,16.59000015258789,16.600000381469727,16.565000534057617,16.59000015258789,11107,0.0,0.0
2022-08-22 11:30:00-04:00,16.565000534057617,16.68000030517578,16.549999237060547,16.600000381469727,21938,0.0,0.0
2022-08-22 12:30:00-04:00,16.610000610351562,16.670000076293945,16.59000015258789,16.59000015258789,4258,0.0,0.0
2022-08-22 13:30:00-04:00,16.600000381469727,16.600000381469727,16.549999237060547,16.575000762939453,12011,0.0,0.0
2022-08-22 14:30:00-04:00,16.59000015258789,16.729999542236328,16.575000762939453,16.65999984741211,5484,0.0,0.0
2022-08-22 15:30:00-04:00,16.600000381469727,16.670000076293945,16.600000381469727,16.670000076293945,7235,0.0,0.0
2022-08-23 09:30:00-04:00,16.719999313354492,16.799999237060547,16.6200008392334,16.71500015258789,0,0.0,0.0
2022-08-23 10:30:00-04:00,16.719999313354492,16.719999313354492,16.649999618530273,16.690000534057617,9773,0.0,0.0
2022-08-23 11:30:00-04:00,16.704999923706055,16.899999618530273,16.649999618530273,16.84000015258789,36766,0.0,0.0
2022-08-23 12:30:00-04:00,16.764999389648438,16.848600387573242,16.690000534057617,16.700000762939453,9801,0.0,0.0
2022-08-23 13:30:00-04:00,16.709999084472656,16.833499908447266,16.69569969177246,16.770000457763672,7665,0.0,0.0
2022-08-23 14:30:00-04:00,16.725000381469727,16.780000686645508,16.649999618530273,16.780000686645508,7894,0.0,0.0
2022-08-23 15:30:00-04:00,16.780000686645508,16.829999923706055,16.760000228881836,16.790000915527344,6422,0.0,0.0
2022-08-24 09:30:00-04:00,16.829999923706055,16.855499267578125,16.75,16.764999389648438,0,0.0,0.0
2022-08-24 10:30:00-04:00,16.8799991607666,16.8799991607666,16.799999237060547,16.85059928894043,2942,0.0,0.0
2022-08-24 11:30:00-04:00,16.809999465942383,16.84000015258789,16.719999313354492,16.81999969482422,19867,0.0,0.0
2022-08-24 12:30:00-04:00,16.799999237060547,16.8700008392334,16.735000610351562,16.829999923706055,62345,0.0,0.0
2022-08-24 13:30:00-04:00,16.829999923706055,16.988399505615234,16.829999923706055,16.829999923706055,29531,0.0,0.0
2022-08-24 14:30:00-04:00,16.84000015258789,16.88990020751953,16.799999237060547,16.88990020751953,18908,0.0,0.0
2022-08-24 15:30:00-04:00,16.829999923706055,16.860000610351562,16.829999923706055,16.829999923706055,28946,0.0,0.0
2022-08-25 09:30:00-04:00,16.959400177001953,16.959400177001953,16.760000228881836,16.760000228881836,0,0.0,0.0
2022-08-25 10:30:00-04:00,16.770000457763672,16.81999969482422,16.72010040283203,16.729999542236328,7483,0.0,0.0
2022-08-25 11:30:00-04:00,16.719999313354492,16.784299850463867,16.670000076293945,16.729999542236328,10987,0.0,0.0
2022-08-25 12:30:00-04:00,16.729999542236328,16.91990089416504,16.700000762939453,16.804800033569336,11330,0.0,0.0
2022-08-25 13:30:00-04:00,16.760000228881836,16.8799991607666,16.700000762939453,16.75,26418,0.0,0.0
2022-08-25 14:30:00-04:00,16.75,16.829999923706055,16.75,16.780000686645508,7349,0.0,0.0
2022-08-25 15:30:00-04:00,16.790000915527344,16.889999389648438,16.780000686645508,16.809999465942383,15551,0.0,0.0
2022-08-26 09:30:00-04:00,16.799999237060547,16.8799991607666,16.75,16.860000610351562,0,0.0,0.0
2022-08-26 10:30:00-04:00,16.790000915527344,16.818599700927734,16.649999618530273,16.700000762939453,18569,0.0,0.0
2022-08-26 11:30:00-04:00,16.700000762939453,16.81209945678711,16.691200256347656,16.729999542236328,9265,0.0,0.0
2022-08-26 12:30:00-04:00,16.719999313354492,16.760000228881836,16.700000762939453,16.709999084472656,5318,0.0,0.0
2022-08-26 13:30:00-04:00,16.700000762939453,16.809999465942383,16.68000030517578,16.770000457763672,21805,0.0,0.0
2022-08-26 14:30:00-04:00,16.75,16.770000457763672,16.700000762939453,16.700000762939453,10341,0.0,0.0
2022-08-26 15:30:00-04:00,16.690000534057617,16.690000534057617,16.6200008392334,16.65999984741211,14015,0.0,0.0
2022-08-29 09:30:00-04:00,16.579999923706055,16.861299514770508,16.579999923706055,16.861299514770508,0,0.0,0.0
2022-08-29 10:30:00-04:00,16.780000686645508,16.822099685668945,16.65999984741211,16.756999969482422,17403,0.0,0.0
2022-08-29 11:30:00-04:00,16.732500076293945,16.732500076293945,16.632999420166016,16.65999984741211,8392,0.0,0.0
2022-08-29 12:30:00-04:00,16.700000762939453,16.789899826049805,16.700000762939453,16.719999313354492,3356,0.0,0.0
2022-08-29 13:30:00-04:00,16.780000686645508,16.790000915527344,16.764999389648438,16.790000915527344,4452,0.0,0.0
2022-08-29 14:30:00-04:00,16.7726993560791,16.809999465942383,16.725000381469727,16.739999771118164,9115,0.0,0.0
2022-08-29 15:30:00-04:00,16.780000686645508,16.809999465942383,16.709999084472656,16.770000457763672,9649,0.0,0.0
2022-08-30 09:30:00-04:00,16.770000457763672,16.780000686645508,16.649999618530273,16.670000076293945,0,0.0,0.0
2022-08-30 10:30:00-04:00,16.65999984741211,16.700000762939453,16.6299991607666,16.68000030517578,16048,0.0,0.0
2022-08-30 11:30:00-04:00,16.68000030517578,16.790000915527344,16.649999618530273,16.690900802612305,31118,0.0,0.0
2022-08-30 12:30:00-04:00,16.674999237060547,16.684999465942383,16.625,16.625,41536,0.0,0.0
2022-08-30 13:30:00-04:00,16.639999389648438,16.770000457763672,16.639999389648438,16.649999618530273,45146,0.0,0.0
2022-08-30 14:30:00-04:00,16.65999984741211,16.739900588989258,16.540000915527344,16.540000915527344,39116,0.0,0.0
2022-08-30 15:30:00-04:00,16.540000915527344,16.6023006439209,16.469999313354492,16.469999313354492,18801,0.0,0.0
2022-08-31 09:30:00-04:00,16.530000686645508,16.799999237060547,16.528799057006836,16.6200008392334,0,0.0,0.0
2022-08-31 10:30:00-04:00,16.690000534057617,16.690000534057617,16.549999237060547,16.549999237060547,17185,0.0,0.0
2022-08-31 11:30:00-04:00,16.600000381469727,16.670000076293945,16.540000915527344,16.65999984741211,16777,0.0,0.0
2022-08-31 12:30:00-04:00,16.600000381469727,16.719999313354492,16.579999923706055,16.670000076293945,10818,0.0,0.0
2022-08-31 13:30:00-04:00,16.639999389648438,16.690000534057617,16.5,16.5,8881,0.0,0.0
2022-08-31 14:30:00-04:00,16.479999542236328,16.579999923706055,16.399999618530273,16.579999923706055,21392,0.0,0.0
2022-08-31 15:30:00-04:00,16.530000686645508,16.610000610351562,16.493799209594727,16.510000228881836,4552,0.0,0.0
2022-09-01 09:30:00-04:00,16.59000015258789,16.59000015258789,16.299999237060547,16.459999084472656,0,0.0,0.0
2022-09-01 10:30:00-04:00,16.485000610351562,16.545000076293945,16.299999237060547,16.545000076293945,7718,0.0,0.0
2022-09-01 11:30:00-04:00,16.3799991607666,16.702899932861328,16.329999923706055,16.40999984741211,3766,0.0,0.0
2022-09-01 12:30:00-04:00,16.399999618530273,16.43829917907715,16.260000228881836,16.295000076293945,9219,0.0,0.0
2022-09-01 13:30:00-04:00,16.295000076293945,16.360000610351562,16.28499984741211,16.329999923706055,17392,0.0,0.0
2022-09-01 14:30:00-04:00,16.360000610351562,16.450000762939453,16.360000610351562,16.389999389648438,8278,0.0,0.0
2022-09-01 15:30:00-04:00,16.389999389648438,16.430999755859375,16.360000610351562,16.430999755859375,28983,0.0,0.0
2022-09-02 09:30:00-04:00,16.770000457763672,17.200000762939453,16.75,17.094999313354492,51323,0.0,0.0
2022-09-02 10:30:00-04:00,17.094999313354492,17.1299991607666,16.809999465942383,17.06999969482422,64376,0.0,0.0
2022-09-02 11:30:00-04:00,17.049999237060547,17.078899383544922,16.959999084472656,17.059999465942383,17966,0.0,0.0
2022-09-02 12:30:00-04:00,17.06999969482422,17.06999969482422,16.895000457763672,16.989999771118164,14427,0.0,0.0
2022-09-02 13:30:00-04:00,16.979999542236328,17.030000686645508,16.850000381469727,16.901500701904297,20062,0.0,0.0
2022-09-02 14:30:00-04:00,16.924999237060547,17.030000686645508,16.924999237060547,17.0,8556,0.0,0.0
2022-09-02 15:30:00-04:00,16.959999084472656,16.989999771118164,16.90999984741211,16.989999771118164,4816,0.0,0.0
2022-09-06 09:30:00-04:00,17.079999923706055,17.139999389648438,16.899999618530273,17.030000686645508,12659,0.0,0.0
2022-09-06 10:30:00-04:00,17.049999237060547,17.43000030517578,17.049999237060547,17.25,25327,0.0,0.0
2022-09-06 11:30:00-04:00,17.244699478149414,17.31999969482422,17.149999618530273,17.200000762939453,13110,0.0,0.0
2022-09-06 12:30:00-04:00,17.174999237060547,17.189899444580078,17.020099639892578,17.020099639892578,18770,0.0,0.0
2022-09-06 13:30:00-04:00,17.040000915527344,17.09000015258789,17.01420021057129,17.09000015258789,3974,0.0,0.0
2022-09-06 14:30:00-04:00,17.06999969482422,17.079999923706055,17.049999237060547,17.059999465942383,5640,0.0,0.0
2022-09-06 15:30:00-04:00,17.059999465942383,17.079999923706055,16.93000030517578,16.93000030517578,28546,0.0,0.0
2022-09-07 09:30:00-04:00,16.809999465942383,17.1200008392334,16.809999465942383,17.03499984741211,0,0.0,0.0
2022-09-07 10:30:00-04:00,17.09000015258789,17.100000381469727,17.020000457763672,17.048599243164062,8659,0.0,0.0
2022-09-07 11:30:00-04:00,17.09000015258789,17.149900436401367,17.09000015258789,17.112499237060547,8276,0.0,0.0
2022-09-07 12:30:00-04:00,17.149999618530273,17.149999618530273,17.06999969482422,17.1200008392334,3137,0.0,0.0
2022-09-07 13:30:00-04:00,17.149999618530273,17.149999618530273,17.06999969482422,17.06999969482422,5295,0.0,0.0
2022-09-07 14:30:00-04:00,17.091699600219727,17.149999618530273,17.07539939880371,17.110000610351562,24807,0.0,0.0
2022-09-07 15:30:00-04:00,17.09000015258789,17.100000381469727,17.0,17.020000457763672,4940,0.0,0.0
2022-09-08 09:30:00-04:00,17.079999923706055,17.25,17.079999923706055,17.1299991607666,0,0.0,0.0
2022-09-08 10:30:00-04:00,17.104999542236328,17.18000030517578,17.100000381469727,17.1299991607666,10826,0.0,0.0
2022-09-08 11:30:00-04:00,17.1299991607666,17.149999618530273,17.079999923706055,17.080299377441406,11332,0.0,0.0
2022-09-08 12:30:00-04:00,17.079999923706055,17.110000610351562,17.010000228881836,17.010000228881836,8355,0.0,0.0
2022-09-08 13:30:00-04:00,17.010000228881836,17.07990074157715,17.0,17.0,16308,0.0,0.0
2022-09-08 14:30:00-04:00,17.0,17.05500030517578,17.0,17.030000686645508,16354,0.0,0.0
2022-09-08 15:30:00-04:00,17.030000686645508,17.030000686645508,16.969999313354492,16.979999542236328,0,0.0,0.0
2022-09-09 09:30:00-04:00,16.940000534057617,16.940000534057617,16.770000457763672,16.809999465942383,14131,0.0,0.0
2022-09-09 10:30:00-04:00,16.81999969482422,16.94179916381836,16.799999237060547,16.889999389648438,4378,0.0,0.0
2022-09-09 11:30:00-04:00,16.889999389648438,16.889999389648438,16.790000915527344,16.790000915527344,6677,0.0,0.0
2022-09-09 12:30:00-04:00,16.760000228881836,16.79640007019043,16.690000534057617,16.729999542236328,7242,0.0,0.0
2022-09-09 13:30:00-04:00,16.739999771118164,16.780000686645508,16.690000534057617,16.690000534057617,16104,0.0,0.0
2022-09-09 14:30:00-04:00,16.719999313354492,16.889999389648438,16.68000030517578,16.8799991607666,23602,0.0,0.0
2022-09-09 15:30:00-04:00,16.885000228881836,16.899999618530273,16.829999923706055,16.84000015258789,13878,0.0,0.0
2022-09-12 09:30:00-04:00,16.889999389648438,16.889999389648438,16.770000457763672,16.8700008392334,0,0.0,0.0
2022-09-12 10:30:00-04:00,16.8700008392334,16.90999984741211,16.829999923706055,16.860000610351562,15433,0.0,0.0
2022-09-12 11:30:00-04:00,16.829999923706055,16.875,16.709999084472656,16.780000686645508,22277,0.0,0.0
2022-09-12 12:30:00-04:00,16.832500457763672,16.979999542236328,16.799999237060547,16.889999389648438,11760,0.0,0.0
2022-09-12 13:30:00-04:00,16.89069938659668,16.941999435424805,16.89069938659668,16.941999435424805,2251,0.0,0.0
2022-09-12 14:30:00-04:00,16.93000030517578,16.95989990234375,16.8799991607666,16.895000457763672,5167,0.0,0.0
2022-09-12 15:30:00-04:00,16.8799991607666,16.959999084472656,16.8700008392334,16.90999984741211,7008,0.0,0.0
2022-09-13 09:30:00-04:00,16.56999969482422,16.81100082397461,16.56999969482422,16.78499984741211,0,0.0,0.0
2022-09-13 10:30:00-04:00,16.75,16.81999969482422,16.719999313354492,16.81999969482422,7964,0.0,0.0
2022-09-13 11:30:00-04:00,16.829999923706055,16.8799991607666,16.709999084472656,16.760000228881836,19063,0.0,0.0
2022-09-13 12:30:00-04:00,16.760000228881836,16.969999313354492,16.760000228881836,16.969999313354492,50165,0.0,0.0
2022-09-13 13:30:00-04:00,16.940000534057617,16.959999084472656,16.770000457763672,16.81999969482422,10440,0.0,0.0
2022-09-13 14:30:00-04:00,16.81999969482422,16.8799991607666,16.75,16.799999237060547,12635,0.0,0.0
2022-09-13 15:30:00-04:00,16.780000686645508,16.799999237060547,16.729999542236328,16.764999389648438,15819,0.0,0.0
2022-09-14 09:30:00-04:00,16.65999984741211,16.820600509643555,16.6299991607666,16.820600509643555,5182,0.0,0.0
2022-09-14 10:30:00-04:00,16.75629997253418,16.84000015258789,16.75,16.78499984741211,14211,0.0,0.0
2022-09-14 11:30:00-04:00,16.78499984741211,16.899999618530273,16.77739906311035,16.790000915527344,13568,0.0,0.0
2022-09-14 12:30:00-04:00,16.790000915527344,17.09000015258789,16.780000686645508,16.780000686645508,27169,0.0,0.0
2022-09-14 13:30:00-04:00,16.780000686645508,16.889999389648438,16.780000686645508,16.780000686645508,13351,0.0,0.0
2022-09-14 14:30:00-04:00,16.780000686645508,16.8700008392334,16.780000686645508,16.790000915527344,6435,0.0,0.0
2022-09-14 15:30:00-04:00,16.790000915527344,16.850000381469727,16.790000915527344,16.84000015258789,7888,0.0,0.0
2022-09-15 09:30:00-04:00,16.81999969482422,16.93829917907715,16.81999969482422,16.920000076293945,0,0.0,0.0
2022-09-15 10:30:00-04:00,16.947599411010742,16.947599411010742,16.827800750732422,16.850000381469727,13498,0.0,0.0
2022-09-15 11:30:00-04:00,16.850000381469727,16.86319923400879,16.81999969482422,16.81999969482422,21729,0.0,0.0
2022-09-15 12:30:00-04:00,16.850000381469727,16.8799991607666,16.75,16.760000228881836,12407,0.0,0.0
2022-09-15 13:30:00-04:00,16.695899963378906,16.809999465942383,16.65999984741211,16.75,18893,0.0,0.0
2022-09-15 14:30:00-04:00,16.719999313354492,16.8799991607666,16.719999313354492,16.860000610351562,27283,0.0,0.0
2022-09-15 15:30:00-04:00,16.860000610351562,16.889999389648438,16.81999969482422,16.889999389648438,27554,0.0,0.0
2022-09-16 09:30:00-04:00,16.700000762939453,16.829999923706055,16.549999237060547,16.610000610351562,0,0.0,0.0
2022-09-16 10:30:00-04:00,16.6200008392334,16.670000076293945,16.51059913635254,16.549999237060547,22513,0.0,0.0
2022-09-16 11:30:00-04:00,16.559999465942383,16.559999465942383,16.420000076293945,16.520000457763672,15366,0.0,0.0
2022-09-16 12:30:00-04:00,16.540000915527344,16.55299949645996,16.450000762939453,16.530000686645508,16735,0.0,0.0
2022-09-16 13:30:00-04:00,16.530000686645508,16.549999237060547,16.5,16.5,5053,0.0,0.0
2022-09-16 14:30:00-04:00,16.533100128173828,16.65839958190918,16.533000946044922,16.59000015258789,12242,0.0,0.0
2022-09-16 15:30:00-04:00,16.619199752807617,16.619199752807617,16.549999237060547,16.56999969482422,15813,0.0,0.0
2022-09-19 09:30:00-04:00,16.43000030517578,16.52910041809082,16.43000030517578,16.5,11185,0.0,0.0
2022-09-19 10:30:00-04:00,16.489999771118164,16.489999771118164,16.350000381469727,16.399999618530273,9088,0.0,0.0
2022-09-19 11:30:00-04:00,16.360000610351562,16.399999618530273,16.350000381469727,16.3700008392334,5859,0.0,0.0
2022-09-19 12:30:00-04:00,16.3799991607666,16.540000915527344,16.3799991607666,16.399999618530273,6057,0.0,0.0
2022-09-19 13:30:00-04:00,16.40999984741211,16.489999771118164,16.350000381469727,16.350000381469727,4867,0.0,0.0
2022-09-19 14:30:00-04:00,16.350000381469727,16.459999084472656,16.325000762939453,16.43000030517578,14903,0.0,0.0
2022-09-19 15:30:00-04:00,16.469999313354492,16.469999313354492,16.3700008392334,16.3700008392334,7228,0.0,0.0
2022-09-20 09:30:00-04:00,16.440000534057617,16.540000915527344,16.350000381469727,16.527700424194336,0,0.0,0.0
2022-09-20 10:30:00-04:00,16.4950008392334,16.540000915527344,16.43000030517578,16.502500534057617,7582,0.0,0.0
2022-09-20 11:30:00-04:00,16.530000686645508,16.540000915527344,16.420000076293945,16.540000915527344,23229,0.0,0.0
2022-09-20 12:30:00-04:00,16.540000915527344,16.559999465942383,16.43000030517578,16.520000457763672,28772,0.0,0.0
2022-09-20 13:30:00-04:00,16.5,16.520000457763672,16.260000228881836,16.30500030517578,42082,0.0,0.0
2022-09-20 14:30:00-04:00,16.315000534057617,16.350000381469727,16.300500869750977,16.31999969482422,29959,0.0,0.0
2022-09-20 15:30:00-04:00,16.31999969482422,16.399999618530273,16.295000076293945,16.34000015258789,27496,0.0,0.0
2022-09-21 09:30:00-04:00,16.350000381469727,16.420000076293945,16.279199600219727,16.299999237060547,0,0.0,0.0
2022-09-21 10:30:00-04:00,16.289400100708008,16.405000686645508,16.260099411010742,16.405000686645508,15074,0.0,0.0
2022-09-21 11:30:00-04:00,16.405000686645508,16.405000686645508,16.280000686645508,16.33060073852539,31615,0.0,0.0
2022-09-21 12:30:00-04:00,16.3085994720459,16.6299991607666,16.3085994720459,16.344999313354492,34583,0.0,0.0
2022-09-21 13:30:00-04:00,16.34000015258789,16.496000289916992,16.34000015258789,16.3700008392334,15686,0.0,0.0
2022-09-21 14:30:00-04:00,16.4143009185791,16.440000534057617,16.389999389648438,16.424999237060547,9010,0.0,0.0
2022-09-21 15:30:00-04:00,16.375,16.375,16.299999237060547,16.309999465942383,1958,0.0,0.0
2022-09-22 09:30:00-04:00,16.25,16.399999618530273,16.059999465942383,16.149999618530273,0,0.0,0.0
2022-09-22 10:30:00-04:00,16.165000915527344,16.219999313354492,16.079999923706055,16.170000076293945,17384,0.0,0.0
2022-09-22 11:30:00-04:00,16.18000030517578,16.239999771118164,16.100000381469727,16.229999542236328,6198,0.0,0.0
2022-09-22 12:30:00-04:00,16.229999542236328,16.239999771118164,16.11280059814453,16.219999313354492,5094,0.0,0.0
2022-09-22 13:30:00-04:00,16.209999084472656,16.229999542236328,16.190000534057617,16.219999313354492,7106,0.0,0.0
2022-09-22 14:30:00-04:00,16.219999313354492,16.219999313354492,16.1299991607666,16.209999084472656,11869,0.0,0.0
2022-09-22 15:30:00-04:00,16.219999313354492,16.309999465942383,16.200000762939453,16.239999771118164,14653,0.0,0.0
2022-09-23 09:30:00-04:00,16.040000915527344,16.34939956665039,15.890000343322754,16.079999923706055,20414,0.0,0.0
2022-09-23 10:30:00-04:00,16.01420021057129,16.110000610351562,15.90999984741211,16.0,29055,0.0,0.0
2022-09-23 11:30:00-04:00,16.0,16.0,15.760000228881836,15.789999961853027,36528,0.0,0.0
2022-09-23 12:30:00-04:00,15.795000076293945,15.829999923706055,15.779999732971191,15.800000190734863,14941,0.0,0.0
2022-09-23 13:30:00-04:00,15.817000389099121,15.829999923706055,15.619999885559082,15.720000267028809,31689,0.0,0.0
2022-09-23 14:30:00-04:00,15.712699890136719,15.789999961853027,15.670000076293945,15.720000267028809,17616,0.0,0.0
2022-09-23 15:30:00-04:00,15.78689956665039,15.920000076293945,15.779999732971191,15.850000381469727,12548,0.0,0.0
2022-09-26 09:30:00-04:00,15.869999885559082,16.100500106811523,15.869999885559082,15.970000267028809,0,0.0,0.0
2022-09-26 10:30:00-04:00,15.899999618530273,16.033000946044922,15.75,15.75,23840,0.0,0.0
2022-09-26 11:30:00-04:00,15.765000343322754,15.880000114440918,15.487799644470215,15.487799644470215,22366,0.0,0.0
2022-09-26 12:30:00-04:00,15.484999656677246,15.989999771118164,15.470000267028809,15.630000114440918,34986,0.0,0.0
2022-09-26 13:30:00-04:00,15.619999885559082,15.710000038146973,15.529999732971191,15.687000274658203,25060,0.0,0.0
2022-09-26 14:30:00-04:00,15.619999885559082,15.720000267028809,15.600000381469727,15.600000381469727,9011,0.0,0.0
2022-09-26 15:30:00-04:00,15.600000381469727,15.609999656677246,15.479999542236328,15.59000015258789,19041,0.0,0.0
2022-09-27 09:30:00-04:00,15.779999732971191,15.869999885559082,15.59000015258789,15.600000381469727,0,0.0,0.0
2022-09-27 10:30:00-04:00,15.622400283813477,15.680500030517578,15.510000228881836,15.539999961853027,15840,0.0,0.0
2022-09-27 11:30:00-04:00,15.539999961853027,15.649999618530273,15.390000343322754,15.449999809265137,34902,0.0,0.0
2022-09-27 12:30:00-04:00,15.449999809265137,15.619999885559082,15.430000305175781,15.595000267028809,17657,0.0,0.0
2022-09-27 13:30:00-04:00,15.635000228881836,15.789999961853027,15.5600004196167,15.744999885559082,26433,0.0,0.0
2022-09-27 14:30:00-04:00,15.739999771118164,15.859999656677246,15.699999809265137,15.770000457763672,27302,0.0,0.0
2022-09-27 15:30:00-04:00,15.729999542236328,15.729999542236328,15.65999984741211,15.729999542236328,8126,0.0,0.0
2022-09-28 09:30:00-04:00,15.729999542236328,15.781599998474121,15.670000076293945,15.710000038146973,8333,0.0,0.0
2022-09-28 10:30:00-04:00,15.789999961853027,15.887800216674805,15.739999771118164,15.760000228881836,9966,0.0,0.0
2022-09-28 11:30:00-04:00,15.829999923706055,15.859999656677246,15.739999771118164,15.770000457763672,22184,0.0,0.0
2022-09-28 12:30:00-04:00,15.770000457763672,15.800000190734863,15.720000267028809,15.755000114440918,22952,0.0,0.0
2022-09-28 13:30:00-04:00,15.75,15.800000190734863,15.699999809265137,15.729999542236328,14267,0.0,0.0
2022-09-28 14:30:00-04:00,15.720000267028809,15.75,15.65999984741211,15.710000038146973,13472,0.0,0.0
2022-09-28 15:30:00-04:00,15.710000038146973,15.770000457763672,15.710000038146973,15.770000457763672,15393,0.0,0.0
2022-09-29 09:30:00-04:00,15.6899995803833,15.6899995803833,15.359999656677246,15.369999885559082,16869,0.0,0.0
2022-09-29 10:30:00-04:00,15.420000076293945,15.4350004196167,15.300000190734863,15.418999671936035,7793,0.0,0.0
2022-09-29 11:30:00-04:00,15.350000381469727,15.369999885559082,15.25,15.279999732971191,20044,0.0,0.0
2022-09-29 12:30:00-04:00,15.274999618530273,15.359999656677246,15.274999618530273,15.300000190734863,19200,0.0,0.0
2022-09-29 13:30:00-04:00,15.319999694824219,15.319999694824219,15.270000457763672,15.289999961853027,15738,0.0,0.0
2022-09-29 14:30:00-04:00,15.300000190734863,15.300000190734863,15.199999809265137,15.210000038146973,40502,0.0,0.0
2022-09-29 15:30:00-04:00,15.220000267028809,15.229999542236328,15.199999809265137,15.199999809265137,8640,0.0,0.0
2022-09-30 09:30:00-04:00,15.149999618530273,15.800000190734863,15.149999618530273,15.729999542236328,37338,0.0,0.0
2022-09-30 10:30:00-04:00,15.760000228881836,16.079999923706055,15.75,16.079999923706055,73015,0.0,0.0
2022-09-30 11:30:00-04:00,16.079999923706055,16.100000381469727,15.9399995803833,16.0,60497,0.0,0.0
2022-09-30 12:30:00-04:00,16.010000228881836,16.1200008392334,15.859999656677246,15.939900398254395,95268,0.0,0.0
2022-09-30 13:30:00-04:00,15.9399995803833,16.0,15.850000381469727,15.859999656677246,90044,0.0,0.0
2022-09-30 14:30:00-04:00,15.885000228881836,15.899999618530273,15.640000343322754,15.704999923706055,66052,0.0,0.0
2022-09-30 15:30:00-04:00,15.710000038146973,15.949999809265137,15.710000038146973,15.829999923706055,34081,0.0,0.0
2022-10-03 09:30:00-04:00,16.1200008392334,16.557600021362305,16.020000457763672,16.489999771118164,0,0.0,0.0
2022-10-03 10:30:00-04:00,16.46649932861328,16.533899307250977,16.200000762939453,16.200000762939453,59505,0.0,0.0
2022-10-03 11:30:00-04:00,16.209999084472656,16.290000915527344,16.103200912475586,16.269399642944336,7928,0.0,0.0
2022-10-03 12:30:00-04:00,16.290000915527344,16.290000915527344,16.030000686645508,16.200000762939453,36773,0.0,0.0
2022-10-03 13:30:00-04:00,16.200000762939453,16.21109962463379,16.1299991607666,16.149999618530273,16831,0.0,0.0
2022-10-03 14:30:00-04:00,16.149999618530273,16.309900283813477,16.145000457763672,16.25,17329,0.0,0.0
2022-10-03 15:30:00-04:00,16.229999542236328,16.229999542236328,16.177000045776367,16.219999313354492,4929,0.0,0.0
2022-10-04 09:30:00-04:00,16.350000381469727,16.56999969482422,16.251399993896484,16.56999969482422,0,0.0,0.0
2022-10-04 10:30:00-04:00,16.649999618530273,16.75,16.59079933166504,16.649999618530273,29837,0.0,0.0
2022-10-04 11:30:00-04:00,16.676799774169922,16.700000762939453,16.479999542236328,16.480100631713867,17264,0.0,0.0
2022-10-04 12:30:00-04:00,16.454999923706055,16.489999771118164,16.454999923706055,16.480499267578125,6555,0.0,0.0
2022-10-04 13:30:00-04:00,16.479999542236328,16.600000381469727,16.479999542236328,16.559999465942383,17142,0.0,0.0
2022-10-04 14:30:00-04:00,16.579999923706055,16.59000015258789,16.489999771118164,16.510000228881836,17013,0.0,0.0
2022-10-04 15:30:00-04:00,16.520000457763672,16.549999237060547,16.459999084472656,16.5,0,0.0,0.0
2022-10-05 09:30:00-04:00,16.389999389648438,16.389999389648438,16.200000762939453,16.209999084472656,12908,0.0,0.0
2022-10-05 10:30:00-04:00,16.329999923706055,16.36709976196289,16.149999618530273,16.18000030517578,17036,0.0,0.0
2022-10-05 11:30:00-04:00,16.209999084472656,16.260000228881836,16.100000381469727,16.1200008392334,18681,0.0,0.0
2022-10-05 12:30:00-04:00,16.1200008392334,16.199899673461914,16.049999237060547,16.181499481201172,25882,0.0,0.0
2022-10-05 13:30:00-04:00,16.1200008392334,16.270000457763672,16.06999969482422,16.25,12297,0.0,0.0
2022-10-05 14:30:00-04:00,16.25,16.31999969482422,16.209999084472656,16.31999969482422,5466,0.0,0.0
2022-10-05 15:30:00-04:00,16.34000015258789,16.344999313354492,16.200000762939453,16.200000762939453,9800,0.0,0.0
2022-10-06 09:30:00-04:00,16.25,16.544099807739258,16.020000457763672,16.100000381469727,0,0.0,0.0
2022-10-06 10:30:00-04:00,16.049999237060547,16.135000228881836,16.0,16.0,13841,0.0,0.0
2022-10-06 11:30:00-04:00,15.9399995803833,15.949999809265137,15.840200424194336,15.90999984741211,10204,0.0,0.0
2022-10-06 12:30:00-04:00,15.940999984741211,15.940999984741211,15.8100004196167,15.880000114440918,24988,0.0,0.0
2022-10-06 13:30:00-04:00,15.869999885559082,15.899999618530273,15.800000190734863,15.800000190734863,18009,0.0,0.0
2022-10-06 14:30:00-04:00,15.800000190734863,15.859999656677246,15.699999809265137,15.710000038146973,31026,0.0,0.0
2022-10-06 15:30:00-04:00,15.699999809265137,15.75,15.640000343322754,15.710000038146973,22168,0.0,0.0
2022-10-07 09:30:00-04:00,15.680000305175781,15.680000305175781,15.569899559020996,15.600000381469727,0,0.0,0.0
2022-10-07 10:30:00-04:00,15.630000114440918,15.642800331115723,15.510000228881836,15.520000457763672,27553,0.0,0.0
2022-10-07 11:30:00-04:00,15.5600004196167,15.649999618530273,15.550000190734863,15.649999618530273,17908,0.0,0.0
2022-10-07 12:30:00-04:00,15.640000343322754,15.649999618530273,15.609999656677246,15.609999656677246,8669,0.0,0.0
2022-10-07 13:30:00-04:00,15.609999656677246,15.619999885559082,15.520000457763672,15.520000457763672,30713,0.0,0.0
2022-10-07 14:30:00-04:00,15.5,15.539999961853027,15.369999885559082,15.369999885559082,49006,0.0,0.0
2022-10-07 15:30:00-04:00,15.380000114440918,15.510000228881836,15.380000114440918,15.449999809265137,30937,0.0,0.0
2022-10-10 09:30:00-04:00,15.34000015258789,15.51990032196045,15.220000267028809,15.265399932861328,0,0.0,0.0
2022-10-10 10:30:00-04:00,15.335000038146973,15.335000038146973,15.260000228881836,15.315899848937988,21989,0.0,0.0
2022-10-10 11:30:00-04:00,15.315799713134766,15.36240005493164,15.270000457763672,15.270000457763672,8508,0.0,0.0
2022-10-10 12:30:00-04:00,15.300000190734863,15.3100004196167,15.279999732971191,15.295000076293945,5635,0.0,0.0
2022-10-10 13:30:00-04:00,15.3100004196167,15.350000381469727,15.260100364685059,15.319999694824219,11923,0.0,0.0
2022-10-10 14:30:00-04:00,15.339200019836426,15.369999885559082,15.260000228881836,15.369999885559082,6051,0.0,0.0
2022-10-10 15:30:00-04:00,15.369999885559082,15.390000343322754,15.350000381469727,15.359999656677246,6802,0.0,0.0
2022-10-11 09:30:00-04:00,15.260000228881836,15.579999923706055,15.260000228881836,15.489999771118164,0,0.0,0.0
2022-10-11 10:30:00-04:00,15.460000038146973,15.489999771118164,15.390000343322754,15.489999771118164,8763,0.0,0.0
2022-10-11 11:30:00-04:00,15.420000076293945,15.489999771118164,15.289999961853027,15.369999885559082,18059,0.0,0.0
2022-10-11 12:30:00-04:00,15.329999923706055,15.489999771118164,15.319999694824219,15.420000076293945,15689,0.0,0.0
2022-10-11 13:30:00-04:00,15.439900398254395,15.489999771118164,15.390000343322754,15.45989990234375,19411,0.0,0.0
2022-10-11 14:30:00-04:00,15.430000305175781,15.444999694824219,15.170000076293945,15.329299926757812,58331,0.0,0.0
2022-10-11 15:30:00-04:00,15.3100004196167,15.350000381469727,15.260000228881836,15.300000190734863,20646,0.0,0.0
2022-10-12 09:30:00-04:00,15.149999618530273,15.270600318908691,15.149999618530273,15.1899995803833,22371,0.0,0.0
2022-10-12 10:30:00-04:00,15.220000267028809,15.220000267028809,15.050399780273438,15.0600004196167,17093,0.0,0.0
2022-10-12 11:30:00-04:00,15.079999923706055,15.095600128173828,15.0600004196167,15.069999694824219,6530,0.0,0.0
2022-10-12 12:30:00-04:00,15.0600004196167,15.149999618530273,15.0600004196167,15.100000381469727,12821,0.0,0.0
2022-10-12 13:30:00-04:00,15.095000267028809,15.1899995803833,15.0600004196167,15.149999618530273,17577,0.0,0.0
2022-10-12 14:30:00-04:00,15.140000343322754,15.199999809265137,15.09000015258789,15.154999732971191,17955,0.0,0.0
2022-10-12 15:30:00-04:00,15.149999618530273,15.199999809265137,15.069999694824219,15.069999694824219,0,0.0,0.0
2022-10-13 09:30:00-04:00,15.0,15.0,14.899999618530273,14.90999984741211,15432,0.0,0.0
2022-10-13 10:30:00-04:00,14.899999618530273,15.149999618530273,14.859999656677246,15.149999618530273,25404,0.0,0.0
2022-10-13 11:30:00-04:00,15.0600004196167,15.069999694824219,14.9399995803833,14.99470043182373,10582,0.0,0.0
2022-10-13 12:30:00-04:00,14.979999542236328,15.050000190734863,14.960000038146973,15.039999961853027,23142,0.0,0.0
2022-10-13 13:30:00-04:00,15.059900283813477,15.079999923706055,14.960000038146973,15.029999732971191,17372,0.0,0.0
2022-10-13 14:30:00-04:00,15.029999732971191,15.119999885559082,15.010000228881836,15.010000228881836,15697,0.0,0.0
2022-10-13 15:30:00-04:00,15.010000228881836,15.0600004196167,15.010000228881836,15.029999732971191,12537,0.0,0.0
2022-10-14 09:30:00-04:00,15.149999618530273,15.199999809265137,15.100000381469727,15.15999984741211,0,0.0,0.0
2022-10-14 10:30:00-04:00,15.140000343322754,15.220000267028809,15.140000343322754,15.15999984741211,11886,0.0,0.0
2022-10-14 11:30:00-04:00,15.100000381469727,15.107099533081055,15.0,15.039999961853027,14129,0.0,0.0
2022-10-14 12:30:00-04:00,15.015000343322754,15.050000190734863,15.015000343322754,15.050000190734863,0,0.0,0.0
2022-10-14 13:30:00-04:00,15.03499984741211,15.03499984741211,14.90999984741211,14.961799621582031,49971,0.0,0.0
2022-10-14 14:30:00-04:00,14.989999771118164,14.989999771118164,14.899999618530273,14.949999809265137,14791,0.0,0.0
2022-10-14 15:30:00-04:00,14.96500015258789,14.96500015258789,14.930000305175781,14.9399995803833,4907,0.0,0.0
2022-10-17 09:30:00-04:00,15.130000114440918,15.232199668884277,15.039999961853027,15.099900245666504,0,0.0,0.0
2022-10-17 10:30:00-04:00,15.100000381469727,15.130000114440918,15.100000381469727,15.100000381469727,17584,0.0,0.0
2022-10-17 11:30:00-04:00,15.100000381469727,15.109999656677246,15.069999694824219,15.095000267028809,8584,0.0,0.0
2022-10-17 12:30:00-04:00,15.079999923706055,15.109999656677246,15.079999923706055,15.09000015258789,6301,0.0,0.0
2022-10-17 13:30:00-04:00,15.100000381469727,15.100000381469727,14.880000114440918,14.890000343322754,37822,0.0,0.0
2022-10-17 14:30:00-04:00,14.880000114440918,15.130000114440918,14.819999694824219,15.100000381469727,62986,0.0,0.0
2022-10-17 15:30:00-04:00,15.130000114440918,15.130000114440918,15.079999923706055,15.100000381469727,12299,0.0,0.0
2022-10-18 09:30:00-04:00,15.279999732971191,15.380000114440918,15.25,15.25,0,0.0,0.0
2022-10-18 10:30:00-04:00,15.260000228881836,15.300000190734863,15.038900375366211,15.038900375366211,19555,0.0,0.0
2022-10-18 11:30:00-04:00,15.0,15.170100212097168,14.994999885559082,15.149999618530273,19774,0.0,0.0
2022-10-18 12:30:00-04:00,15.149999618530273,15.1899995803833,15.119999885559082,15.179900169372559,9035,0.0,0.0
2022-10-18 13:30:00-04:00,15.205699920654297,15.205699920654297,15.145000457763672,15.149999618530273,17130,0.0,0.0
2022-10-18 14:30:00-04:00,15.149999618530273,15.149999618530273,15.079999923706055,15.093299865722656,13805,0.0,0.0
2022-10-18 15:30:00-04:00,15.119999885559082,15.119999885559082,15.100000381469727,15.119999885559082,9042,0.0,0.0
2022-10-19 09:30:00-04:00,14.960000038146973,15.270000457763672,14.960000038146973,15.211099624633789,0,0.0,0.0
2022-10-19 10:30:00-04:00,15.220000267028809,15.220000267028809,15.128399848937988,15.149999618530273,16196,0.0,0.0
2022-10-19 11:30:00-04:00,15.149999618530273,15.319999694824219,15.149999618530273,15.25,27848,0.0,0.0
2022-10-19 12:30:00-04:00,15.260000228881836,15.300000190734863,15.220000267028809,15.300000190734863,42869,0.0,0.0
2022-10-19 13:30:00-04:00,15.260000228881836,15.289999961853027,15.210000038146973,15.288700103759766,5967,0.0,0.0
2022-10-19 14:30:00-04:00,15.239999771118164,15.270000457763672,15.220000267028809,15.270000457763672,4126,0.0,0.0
2022-10-19 15:30:00-04:00,15.25,15.25,15.210000038146973,15.210000038146973,11807,0.0,0.0
2022-10-20 09:30:00-04:00,15.180000305175781,15.600000381469727,15.085000038146973,15.392000198364258,0,0.0,0.0
2022-10-20 10:30:00-04:00,15.40999984741211,15.40999984741211,15.260000228881836,15.388400077819824,25754,0.0,0.0
2022-10-20 11:30:00-04:00,15.468999862670898,15.468999862670898,15.279999732971191,15.279999732971191,14882,0.0,0.0
2022-10-20 12:30:00-04:00,15.300000190734863,15.304200172424316,15.21500015258789,15.289999961853027,3691,0.0,0.0
2022-10-20 13:30:00-04:00,15.279999732971191,15.319999694824219,15.239999771118164,15.319999694824219,12318,0.0,0.0
2022-10-20 14:30:00-04:00,15.2524995803833,15.347900390625,15.2524995803833,15.319999694824219,13143,0.0,0.0
2022-10-20 15:30:00-04:00,15.319999694824219,15.399999618530273,15.319999694824219,15.329999923706055,0,0.0,0.0
2022-10-21 09:30:00-04:00,15.40999984741211,15.420000076293945,15.079999923706055,15.420000076293945,18813,0.0,0.0
2022-10-21 10:30:00-04:00,15.430000305175781,15.498100280761719,15.270000457763672,15.420000076293945,24680,0.0,0.0
2022-10-21 11:30:00-04:00,15.40999984741211,15.520000457763672,15.359999656677246,15.390000343322754,16821,0.0,0.0
2022-10-21 12:30:00-04:00,15.45989990234375,15.489999771118164,15.380000114440918,15.449999809265137,7412,0.0,0.0
2022-10-21 13:30:00-04:00,15.460000038146973,15.529999732971191,15.430000305175781,15.5,14916,0.0,0.0
2022-10-21 14:30:00-04:00,15.520000457763672,15.520000457763672,15.40999984741211,15.470000267028809,21578,0.0,0.0
2022-10-21 15:30:00-04:00,15.46500015258789,15.489999771118164,15.399999618530273,15.489999771118164,18630,0.0,0.0
2022-10-24 09:30:00-04:00,15.5600004196167,15.829000473022461,15.479999542236328,15.489999771118164,0,0.0,0.0
2022-10-24 10:30:00-04:00,15.489999771118164,15.627799987792969,15.470000267028809,15.489999771118164,12235,0.0,0.0
2022-10-24 11:30:00-04:00,15.569999694824219,15.65999984741211,15.449999809265137,15.537199974060059,10609,0.0,0.0
2022-10-24 12:30:00-04:00,15.53499984741211,15.670000076293945,15.430000305175781,15.630000114440918,14717,0.0,0.0
2022-10-24 13:30:00-04:00,15.59000015258789,15.619999885559082,15.439499855041504,15.515000343322754,13722,0.0,0.0
2022-10-24 14:30:00-04:00,15.515000343322754,15.589900016784668,15.279999732971191,15.279999732971191,30440,0.0,0.0
2022-10-24 15:30:00-04:00,15.329999923706055,15.470000267028809,15.270000457763672,15.430000305175781,52883,0.0,0.0
2022-10-25 09:30:00-04:00,15.74209976196289,15.74209976196289,15.505000114440918,15.529999732971191,0,0.0,0.0
2022-10-25 10:30:00-04:00,15.529999732971191,15.630000114440918,15.380000114440918,15.569999694824219,24066,0.0,0.0
2022-10-25 11:30:00-04:00,15.463800430297852,15.710000038146973,15.40999984741211,15.710000038146973,14242,0.0,0.0
2022-10-25 12:30:00-04:00,15.65999984741211,15.710000038146973,15.609999656677246,15.609999656677246,11636,0.0,0.0
2022-10-25 13:30:00-04:00,15.609999656677246,15.739999771118164,15.609999656677246,15.729999542236328,5181,0.0,0.0
2022-10-25 14:30:00-04:00,15.729999542236328,15.770000457763672,15.5600004196167,15.670000076293945,56529,0.0,0.0
2022-10-25 15:30:00-04:00,15.670000076293945,15.670000076293945,15.600000381469727,15.600000381469727,9601,0.0,0.0
2022-10-26 09:30:00-04:00,15.600000381469727,15.600000381469727,15.600000381469727,15.600000381469727,0,0.0,0.0
2022-10-26 10:30:00-04:00,15.755999565124512,15.850000381469727,15.755999565124512,15.779999732971191,23403,0.0,0.0
2022-10-26 11:30:00-04:00,15.795000076293945,15.84000015258789,15.760000228881836,15.760000228881836,14048,0.0,0.0
2022-10-26 12:30:00-04:00,15.760000228881836,15.774999618530273,15.649999618530273,15.716300010681152,38276,0.0,0.0
2022-10-26 13:30:00-04:00,15.710000038146973,15.774999618530273,15.699999809265137,15.710000038146973,10559,0.0,0.0
2022-10-26 14:30:00-04:00,15.744999885559082,15.84000015258789,15.699999809265137,15.699999809265137,25495,0.0,0.0
2022-10-26 15:30:00-04:00,15.699999809265137,15.75,15.699999809265137,15.699999809265137,24330,0.0,0.0
2022-10-27 09:30:00-04:00,15.699999809265137,16.0,15.699999809265137,15.789999961853027,0,0.0,0.0
2022-10-27 10:30:00-04:00,15.850000381469727,15.989999771118164,15.850000381469727,15.949999809265137,8003,0.0,0.0
2022-10-27 11:30:00-04:00,15.949999809265137,16.09000015258789,15.79010009765625,15.920000076293945,39089,0.0,0.0
2022-10-27 12:30:00-04:00,15.930000305175781,15.949999809265137,15.779999732971191,15.890000343322754,10252,0.0,0.0
2022-10-27 13:30:00-04:00,15.920000076293945,15.969900131225586,15.85099983215332,15.885000228881836,10153,0.0,0.0
2022-10-27 14:30:00-04:00,15.899999618530273,15.925000190734863,15.699999809265137,15.699999809265137,35768,0.0,0.0
2022-10-27 15:30:00-04:00,15.74269962310791,15.74269962310791,15.687999725341797,15.710000038146973,17552,0.0,0.0
2022-10-28 09:30:00-04:00,15.710000038146973,16.274999618530273,15.710000038146973,15.899999618530273,0,0.0,0.0
2022-10-28 10:30:00-04:00,15.890000343322754,16.149999618530273,15.890000343322754,16.110000610351562,8097,0.0,0.0
2022-10-28 11:30:00-04:00,16.18000030517578,16.18000030517578,15.960000038146973,16.06999969482422,16770,0.0,0.0
2022-10-28 12:30:00-04:00,16.079999923706055,16.079999923706055,15.729999542236328,15.765000343322754,24235,0.0,0.0
2022-10-28 13:30:00-04:00,15.770000457763672,15.829999923706055,15.730999946594238,15.779999732971191,15007,0.0,0.0
2022-10-28 14:30:00-04:00,15.769399642944336,15.770000457763672,15.710000038146973,15.75,7383,0.0,0.0
2022-10-28 15:30:00-04:00,15.729999542236328,15.75,15.649999618530273,15.6899995803833,14333,0.0,0.0
2022-10-31 09:30:00-04:00,15.59000015258789,15.850799560546875,15.550000190734863,15.626999855041504,0,0.0,0.0
2022-10-31 10:30:00-04:00,15.680000305175781,15.920000076293945,15.619999885559082,15.869999885559082,25884,0.0,0.0
2022-10-31 11:30:00-04:00,15.880000114440918,15.880000114440918,15.779999732971191,15.859999656677246,9223,0.0,0.0
2022-10-31 12:30:00-04:00,15.850000381469727,15.880000114440918,15.569999694824219,15.579999923706055,82276,0.0,0.0
2022-10-31 13:30:00-04:00,15.59000015258789,15.899999618530273,15.5600004196167,15.859999656677246,21782,0.0,0.0
2022-10-31 14:30:00-04:00,15.84000015258789,15.84000015258789,15.6899995803833,15.739999771118164,21689,0.0,0.0
2022-10-31 15:30:00-04:00,15.739999771118164,15.739999771118164,15.680000305175781,15.694999694824219,6195,0.0,0.0
2022-11-01 09:30:00-04:00,15.880000114440918,16.091299057006836,15.621000289916992,15.699999809265137,0,0.0,0.0
2022-11-01 10:30:00-04:00,15.763899803161621,15.763899803161621,15.5600004196167,15.635000228881836,21836,0.0,0.0
2022-11-01 11:30:00-04:00,15.609999656677246,15.670000076293945,15.569999694824219,15.619999885559082,10542,0.0,0.0
2022-11-01 12:30:00-04:00,15.654999732971191,15.654999732971191,15.569999694824219,15.630000114440918,9490,0.0,0.0
2022-11-01 13:30:00-04:00,15.600000381469727,15.800000190734863,15.600000381469727,15.774999618530273,11676,0.0,0.0
2022-11-01 14:30:00-04:00,15.760000228881836,15.805000305175781,15.75,15.779999732971191,7918,0.0,0.0
2022-11-01 15:30:00-04:00,15.78499984741211,15.819999694824219,15.779999732971191,15.8149995803833,4667,0.0,0.0
2022-11-02 09:30:00-04:00,15.819999694824219,15.949999809265137,15.70930004119873,15.895000457763672,0,0.0,0.0
2022-11-02 10:30:00-04:00,15.899999618530273,15.949999809265137,15.890000343322754,15.920000076293945,12824,0.0,0.0
2022-11-02 11:30:00-04:00,15.949999809265137,16.190000534057617,15.930000305175781,16.09000015258789,31362,0.0,0.0
2022-11-02 12:30:00-04:00,16.100000381469727,16.190000534057617,15.760000228881836,15.789999961853027,53176,0.0,0.0
2022-11-02 13:30:00-04:00,15.819999694824219,15.989500045776367,15.819999694824219,15.9399995803833,13807,0.0,0.0
2022-11-02 14:30:00-04:00,15.96500015258789,16.079999923706055,15.819999694824219,15.819999694824219,36037,0.0,0.0
2022-11-02 15:30:00-04:00,15.819999694824219,15.880000114440918,15.789999961853027,15.859999656677246,23052,0.0,0.0
2022-11-03 09:30:00-04:00,15.699999809265137,15.812199592590332,15.627400398254395,15.812199592590332,17599,0.0,0.0
2022-11-03 10:30:00-04:00,15.609999656677246,15.815400123596191,15.550000190734863,15.550000190734863,25382,0.0,0.0
2022-11-03 11:30:00-04:00,15.569999694824219,15.720000267028809,15.569999694824219,15.649999618530273,12391,0.0,0.0
2022-11-03 12:30:00-04:00,15.695500373840332,15.760000228881836,15.539999961853027,15.649999618530273,17808,0.0,0.0
2022-11-03 13:30:00-04:00,15.6899995803833,15.6899995803833,15.595000267028809,15.640000343322754,6280,0.0,0.0
2022-11-03 14:30:00-04:00,15.619999885559082,15.710000038146973,15.5600004196167,15.600000381469727,79171,0.0,0.0
2022-11-03 15:30:00-04:00,15.59000015258789,15.610199928283691,15.5600004196167,15.59000015258789,21324,0.0,0.0
2022-11-04 09:30:00-04:00,15.710000038146973,15.729999542236328,15.55679988861084,15.680000305175781,0,0.0,0.0
2022-11-04 10:30:00-04:00,15.65999984741211,15.710000038146973,15.5,15.630000114440918,49996,0.0,0.0
2022-11-04 11:30:00-04:00,15.699999809265137,15.719900131225586,15.539999961853027,15.600000381469727,27252,0.0,0.0
2022-11-04 12:30:00-04:00,15.600000381469727,15.600000381469727,15.460000038146973,15.510000228881836,10715,0.0,0.0
2022-11-04 13:30:00-04:00,15.501700401306152,15.539999961853027,15.479999542236328,15.524999618530273,5182,0.0,0.0
2022-11-04 14:30:00-04:00,15.524999618530273,15.529999732971191,15.470000267028809,15.520000457763672,5975,0.0,0.0
2022-11-04 15:30:00-04:00,15.510000228881836,15.569999694824219,15.5,15.569999694824219,12026,0.0,0.0
2022-11-07 09:30:00-05:00,15.649999618530273,15.747099876403809,15.5,15.505000114440918,34391,0.0,0.0
2022-11-07 10:30:00-05:00,15.470000267028809,15.54990005493164,15.40999984741211,15.40999984741211,23184,0.0,0.0
2022-11-07 11:30:00-05:00,15.440699577331543,15.45989990234375,15.220000267028809,15.229999542236328,100347,0.0,0.0
2022-11-07 12:30:00-05:00,15.229999542236328,15.289999961853027,15.220000267028809,15.279999732971191,29310,0.0,0.0
2022-11-07 13:30:00-05:00,15.289999961853027,15.430000305175781,15.289999961853027,15.420000076293945,26429,0.0,0.0
2022-11-07 14:30:00-05:00,15.40999984741211,15.449999809265137,15.350000381469727,15.444999694824219,13179,0.0,0.0
2022-11-07 15:30:00-05:00,15.4399995803833,15.59000015258789,15.260000228881836,15.359999656677246,119045,0.0,0.0
2022-11-08 09:30:00-05:00,15.399999618530273,15.649999618530273,15.399999618530273,15.470000267028809,59889,0.0,0.0
2022-11-08 10:30:00-05:00,15.515000343322754,15.880000114440918,15.460000038146973,15.824999809265137,61038,0.0,0.0
2022-11-08 11:30:00-05:00,15.830699920654297,15.899999618530273,15.755000114440918,15.755000114440918,44729,0.0,0.0
2022-11-08 12:30:00-05:00,15.765000343322754,15.890000343322754,15.729999542236328,15.729999542236328,21630,0.0,0.0
2022-11-08 13:30:00-05:00,15.75,15.850000381469727,15.619999885559082,15.619999885559082,24719,0.0,0.0
2022-11-08 14:30:00-05:00,15.600000381469727,15.729999542236328,15.550000190734863,15.694999694824219,23482,0.0,0.0
2022-11-08 15:30:00-05:00,15.694999694824219,15.949999809265137,15.6899995803833,15.890000343322754,29790,0.0,0.0
2022-11-09 09:30:00-05:00,15.760000228881836,15.961199760437012,15.630000114440918,15.899999618530273,12628,0.0,0.0
2022-11-09 10:30:00-05:00,15.887999534606934,15.887999534606934,15.691900253295898,15.718400001525879,10372,0.0,0.0
2022-11-09 11:30:00-05:00,15.704999923706055,15.704999923706055,15.5600004196167,15.59000015258789,19010,0.0,0.0
2022-11-09 12:30:00-05:00,15.569999694824219,15.591099739074707,15.569999694824219,15.569999694824219,11758,0.0,0.0
2022-11-09 13:30:00-05:00,15.569999694824219,15.899999618530273,15.569999694824219,15.880000114440918,33291,0.0,0.0
2022-11-09 14:30:00-05:00,15.890000343322754,15.899999618530273,15.640000343322754,15.850000381469727,44863,0.0,0.0
2022-11-09 15:30:00-05:00,15.829999923706055,15.890000343322754,15.779999732971191,15.880000114440918,32723,0.0,0.0
2022-11-10 09:30:00-05:00,15.930000305175781,16.100000381469727,15.880000114440918,16.0,17674,0.0,0.0
2022-11-10 10:30:00-05:00,16.020000457763672,16.059099197387695,15.970100402832031,15.989999771118164,7342,0.0,0.0
2022-11-10 11:30:00-05:00,16.0,16.014699935913086,15.899999618530273,15.899999618530273,4601,0.0,0.0
2022-11-10 12:30:00-05:00,15.84000015258789,15.869999885559082,15.800000190734863,15.800000190734863,19312,0.0,0.0
2022-11-10 13:30:00-05:00,15.779999732971191,15.847999572753906,15.75,15.770000457763672,27609,0.0,0.0
2022-11-10 14:30:00-05:00,15.770000457763672,15.850000381469727,15.770000457763672,15.800000190734863,31705,0.0,0.0
2022-11-10 15:30:00-05:00,15.811699867248535,15.920000076293945,15.811699867248535,15.920000076293945,24321,0.0,0.0
2022-11-11 09:30:00-05:00,15.930000305175781,16.045000076293945,15.479999542236328,15.65999984741211,65375,0.0,0.0
2022-11-11 10:30:00-05:00,15.749899864196777,15.874799728393555,15.6899995803833,15.874799728393555,92536,0.0,0.0
2022-11-11 11:30:00-05:00,15.850000381469727,15.890000343322754,15.770000457763672,15.8100004196167,24222,0.0,0.0
2022-11-11 12:30:00-05:00,15.819999694824219,15.832599639892578,15.699999809265137,15.819999694824219,14798,0.0,0.0
2022-11-11 13:30:00-05:00,15.795000076293945,15.854999542236328,15.75,15.852800369262695,64619,0.0,0.0
2022-11-11 14:30:00-05:00,15.845000267028809,15.850000381469727,15.710000038146973,15.760000228881836,38498,0.0,0.0
2022-11-11 15:30:00-05:00,15.739999771118164,15.779999732971191,15.6899995803833,15.6899995803833,15126,0.0,0.0
2022-11-14 09:30:00-05:00,15.550000190734863,15.640000343322754,15.529999732971191,15.595000267028809,0,0.0,0.0
2022-11-14 10:30:00-05:00,15.569999694824219,15.569999694824219,15.460000038146973,15.51990032196045,37655,0.0,0.0
2022-11-14 11:30:00-05:00,15.5,15.529999732971191,15.489999771118164,15.5,7595,0.0,0.0
2022-11-14 12:30:00-05:00,15.520000457763672,15.550000190734863,15.460000038146973,15.524999618530273,46615,0.0,0.0
2022-11-14 13:30:00-05:00,15.536399841308594,15.579999923706055,15.520000457763672,15.550000190734863,24240,0.0,0.0
2022-11-14 14:30:00-05:00,15.5600004196167,15.619999885559082,15.529999732971191,15.550000190734863,10644,0.0,0.0
2022-11-14 15:30:00-05:00,15.567899703979492,15.567899703979492,15.45359992980957,15.45359992980957,13981,0.0,0.0
2022-11-15 09:30:00-05:00,15.619999885559082,15.720499992370605,15.5600004196167,15.699999809265137,0,0.0,0.0
2022-11-15 10:30:00-05:00,15.694999694824219,15.75,15.694999694824219,15.71500015258789,16239,0.0,0.0
2022-11-15 11:30:00-05:00,15.71500015258789,15.71500015258789,15.625,15.625,15908,0.0,0.0
2022-11-15 12:30:00-05:00,15.632200241088867,15.720000267028809,15.632200241088867,15.684200286865234,12345,0.0,0.0
2022-11-15 13:30:00-05:00,15.649999618530273,15.720000267028809,15.609999656677246,15.6899995803833,18804,0.0,0.0
2022-11-15 14:30:00-05:00,15.680000305175781,15.720000267028809,15.619999885559082,15.69849967956543,19021,0.0,0.0
2022-11-15 15:30:00-05:00,15.65999984741211,15.729999542236328,15.65999984741211,15.729999542236328,21700,0.0,0.0
2022-11-16 09:30:00-05:00,15.649999618530273,15.729299545288086,15.649999618530273,15.710000038146973,0,0.0,0.0
2022-11-16 10:30:00-05:00,15.725000381469727,15.850000381469727,15.725000381469727,15.774999618530273,20814,0.0,0.0
2022-11-16 11:30:00-05:00,15.774999618530273,15.800000190734863,15.710000038146973,15.75,13639,0.0,0.0
2022-11-16 12:30:00-05:00,15.75,15.890000343322754,15.75,15.880000114440918,12322,0.0,0.0
2022-11-16 13:30:00-05:00,15.858499526977539,15.929499626159668,15.84000015258789,15.859999656677246,10896,0.0,0.0
2022-11-16 14:30:00-05:00,15.819999694824219,15.880000114440918,15.6899995803833,15.770000457763672,30179,0.0,0.0
2022-11-16 15:30:00-05:00,15.779000282287598,15.779000282287598,15.739999771118164,15.739999771118164,19353,0.0,0.0
2022-11-17 09:30:00-05:00,15.569999694824219,15.75,15.569999694824219,15.726499557495117,0,0.0,0.0
2022-11-17 10:30:00-05:00,15.75,15.75,15.600000381469727,15.604999542236328,20957,0.0,0.0
2022-11-17 11:30:00-05:00,15.601300239562988,15.601300239562988,15.479399681091309,15.579999923706055,12908,0.0,0.0
2022-11-17 12:30:00-05:00,15.579999923706055,15.600000381469727,15.520000457763672,15.595000267028809,23510,0.0,0.0
2022-11-17 13:30:00-05:00,15.593299865722656,15.60219955444336,15.545000076293945,15.545000076293945,3913,0.0,0.0
2022-11-17 14:30:00-05:00,15.510000228881836,15.520000457763672,15.430000305175781,15.460000038146973,14685,0.0,0.0
2022-11-17 15:30:00-05:00,15.444999694824219,15.479999542236328,15.369999885559082,15.399999618530273,18304,0.0,0.0
2022-11-18 09:30:00-05:00,15.479999542236328,15.5600004196167,15.472000122070312,15.510000228881836,0,0.0,0.0
2022-11-18 10:30:00-05:00,15.477499961853027,15.539899826049805,15.430000305175781,15.51140022277832,17141,0.0,0.0
2022-11-18 11:30:00-05:00,15.5,15.53499984741211,15.359999656677246,15.449999809265137,12764,0.0,0.0
2022-11-18 12:30:00-05:00,15.449999809265137,15.539999961853027,15.430000305175781,15.449999809265137,25133,0.0,0.0
2022-11-18 13:30:00-05:00,15.463500022888184,15.463500022888184,15.40999984741211,15.430100440979004,16458,0.0,0.0
2022-11-18 14:30:00-05:00,15.425000190734863,15.492799758911133,15.399999618530273,15.475000381469727,46155,0.0,0.0
2022-11-18 15:30:00-05:00,15.479999542236328,15.5,15.380000114440918,15.380000114440918,57076,0.0,0.0
2022-11-21 09:30:00-05:00,15.399999618530273,15.619999885559082,15.399999618530273,15.510000228881836,0,0.0,0.0
2022-11-21 10:30:00-05:00,15.460000038146973,15.609999656677246,15.380000114440918,15.399999618530273,24144,0.0,0.0
2022-11-21 11:30:00-05:00,15.399999618530273,15.399999618530273,15.279999732971191,15.279999732971191,35142,0.0,0.0
2022-11-21 12:30:00-05:00,15.279999732971191,15.375300407409668,15.279999732971191,15.34000015258789,24872,0.0,0.0
2022-11-21 13:30:00-05:00,15.34000015258789,15.380000114440918,15.229999542236328,15.305399894714355,32598,0.0,0.0
2022-11-21 14:30:00-05:00,15.28499984741211,15.3100004196167,15.180000305175781,15.260000228881836,50203,0.0,0.0
2022-11-21 15:30:00-05:00,15.239999771118164,15.380000114440918,15.239999771118164,15.380000114440918,23495,0.0,0.0
2022-11-22 09:30:00-05:00,15.319999694824219,15.494999885559082,15.319999694824219,15.494999885559082,0,0.0,0.0
2022-11-22 10:30:00-05:00,15.53499984741211,15.579999923706055,15.431099891662598,15.528300285339355,24858,0.0,0.0
2022-11-22 11:30:00-05:00,15.494999885559082,15.539999961853027,15.420000076293945,15.539999961853027,27090,0.0,0.0
2022-11-22 12:30:00-05:00,15.5,15.779999732971191,15.5,15.640000343322754,32458,0.0,0.0
2022-11-22 13:30:00-05:00,15.649900436401367,15.770000457763672,15.5600004196167,15.760000228881836,68112,0.0,0.0
2022-11-22 14:30:00-05:00,15.770000457763672,15.850000381469727,15.75,15.829999923706055,36600,0.0,0.0
2022-11-22 15:30:00-05:00,15.850000381469727,15.899800300598145,15.829999923706055,15.859999656677246,15941,0.0,0.0
2022-11-23 09:30:00-05:00,15.770000457763672,15.930000305175781,15.770000457763672,15.929900169372559,0,0.0,0.0
2022-11-23 10:30:00-05:00,15.960000038146973,15.96500015258789,15.8100004196167,15.899999618530273,17479,0.0,0.0
2022-11-23 11:30:00-05:00,15.899999618530273,15.930000305175781,15.800800323486328,15.84000015258789,36930,0.0,0.0
2022-11-23 12:30:00-05:00,15.880000114440918,15.949999809265137,15.789999961853027,15.90999984741211,33703,0.0,0.0
2022-11-23 13:30:00-05:00,15.88029956817627,15.979900360107422,15.864999771118164,15.96720027923584,12353,0.0,0.0
2022-11-23 14:30:00-05:00,15.96720027923584,16.110000610351562,15.949999809265137,16.100000381469727,17806,0.0,0.0
2022-11-23 15:30:00-05:00,16.1299991607666,16.133899688720703,16.065000534057617,16.1200008392334,9273,0.0,0.0
2022-11-25 09:30:00-05:00,16.280000686645508,16.520000457763672,16.270000457763672,16.459699630737305,130234,0.0,0.0
2022-11-25 10:30:00-05:00,16.459999084472656,16.579999923706055,16.43000030517578,16.479999542236328,66758,0.0,0.0
2022-11-25 11:30:00-05:00,16.489999771118164,16.510000228881836,16.459999084472656,16.510000228881836,47769,0.0,0.0
2022-11-28 09:30:00-05:00,16.520000457763672,16.639999389648438,16.459999084472656,16.530000686645508,78020,0.0,0.0
2022-11-28 10:30:00-05:00,16.530000686645508,16.569900512695312,16.5,16.530000686645508,42632,0.0,0.0
2022-11-28 11:30:00-05:00,16.53499984741211,16.569900512695312,16.490100860595703,16.540000915527344,41391,0.0,0.0
2022-11-28 12:30:00-05:00,16.520000457763672,16.56999969482422,16.489999771118164,16.540000915527344,43041,0.0,0.0
2022-11-28 13:30:00-05:00,16.530000686645508,16.530000686645508,16.350000381469727,16.459999084472656,47617,0.0,0.0
2022-11-28 14:30:00-05:00,16.489999771118164,16.489999771118164,16.309999465942383,16.327899932861328,48218,0.0,0.0
2022-11-28 15:30:00-05:00,16.329999923706055,16.360000610351562,16.260000228881836,16.280000686645508,29491,0.0,0.0
2022-11-29 09:30:00-05:00,16.3700008392334,16.489999771118164,16.299999237060547,16.3799991607666,31824,0.0,0.0
2022-11-29 10:30:00-05:00,16.3799991607666,16.399900436401367,16.290000915527344,16.375,32245,0.0,0.0
2022-11-29 11:30:00-05:00,16.3799991607666,16.427499771118164,16.35070037841797,16.3700008392334,47317,0.0,0.0
2022-11-29 12:30:00-05:00,16.399999618530273,16.420000076293945,16.385000228881836,16.415000915527344,11522,0.0,0.0
2022-11-29 13:30:00-05:00,16.415000915527344,16.440000534057617,16.3700008392334,16.440000534057617,26385,0.0,0.0
2022-11-29 14:30:00-05:00,16.420000076293945,16.540000915527344,16.40999984741211,16.493099212646484,29241,0.0,0.0
2022-11-29 15:30:00-05:00,16.48069953918457,16.510000228881836,16.469999313354492,16.510000228881836,8341,0.0,0.0
2022-11-30 09:30:00-05:00,16.459999084472656,16.55500030517578,16.42009925842285,16.520000457763672,16289,0.0,0.0
2022-11-30 10:30:00-05:00,16.559999465942383,16.774999618530273,16.559999465942383,16.725000381469727,21234,0.0,0.0
2022-11-30 11:30:00-05:00,16.770000457763672,16.850000381469727,16.652799606323242,16.65999984741211,14717,0.0,0.0
2022-11-30 12:30:00-05:00,16.700000762939453,16.770000457763672,16.675199508666992,16.760000228881836,24864,0.0,0.0
2022-11-30 13:30:00-05:00,16.760000228881836,16.920000076293945,16.670000076293945,16.908000946044922,36035,0.0,0.0
2022-11-30 14:30:00-05:00,16.91990089416504,16.920000076293945,16.725000381469727,16.84000015258789,62484,0.0,0.0
2022-11-30 15:30:00-05:00,16.86989974975586,16.8700008392334,16.809999465942383,16.8700008392334,28600,0.0,0.0
2022-12-01 09:30:00-05:00,17.0,17.0,16.760000228881836,16.849899291992188,69568,0.0,0.0
2022-12-01 10:30:00-05:00,16.808300018310547,16.899999618530273,16.78499984741211,16.850000381469727,4052,0.0,0.0
2022-12-01 11:30:00-05:00,16.8799991607666,16.920000076293945,16.81999969482422,16.838699340820312,30426,0.0,0.0
2022-12-01 12:30:00-05:00,16.850000381469727,16.940000534057617,16.850000381469727,16.920000076293945,18079,0.0,0.0
2022-12-01 13:30:00-05:00,16.9330997467041,16.9330997467041,16.709999084472656,16.739999771118164,36816,0.0,0.0
2022-12-01 14:30:00-05:00,16.724000930786133,16.829999923706055,16.65999984741211,16.829999923706055,19169,0.0,0.0
2022-12-01 15:30:00-05:00,16.799999237060547,16.950000762939453,16.799999237060547,16.90999984741211,21071,0.0,0.0
2022-12-02 09:30:00-05:00,16.75,16.899900436401367,16.75,16.81999969482422,22125,0.0,0.0
2022-12-02 10:30:00-05:00,16.780000686645508,16.809999465942383,16.690000534057617,16.75,39086,0.0,0.0
2022-12-02 11:30:00-05:00,16.770000457763672,16.809999465942383,16.649999618530273,16.719999313354492,29486,0.0,0.0
2022-12-02 12:30:00-05:00,16.725000381469727,16.770000457763672,16.540000915527344,16.559999465942383,28404,0.0,0.0
2022-12-02 13:30:00-05:00,16.575000762939453,16.639999389648438,16.549999237060547,16.59320068359375,26311,0.0,0.0
2022-12-02 14:30:00-05:00,16.614999771118164,16.690000534057617,16.549999237060547,16.690000534057617,21291,0.0,0.0
2022-12-02 15:30:00-05:00,16.690000534057617,16.729999542236328,16.642499923706055,16.670000076293945,16730,0.0,0.0
2022-12-05 09:30:00-05:00,16.6299991607666,16.699899673461914,16.545000076293945,16.6299991607666,8819,0.0,0.0
2022-12-05 10:30:00-05:00,16.55109977722168,16.850000381469727,16.55109977722168,16.674999237060547,11076,0.0,0.0
2022-12-05 11:30:00-05:00,16.670000076293945,16.790000915527344,16.65999984741211,16.730499267578125,20292,0.0,0.0
2022-12-05 12:30:00-05:00,16.739999771118164,16.770000457763672,16.650100708007812,16.73110008239746,17115,0.0,0.0
2022-12-05 13:30:00-05:00,16.75,16.75,16.649999618530273,16.649999618530273,23185,0.0,0.0
2022-12-05 14:30:00-05:00,16.639999389648438,16.719999313354492,16.6299991607666,16.698699951171875,26063,0.0,0.0
2022-12-05 15:30:00-05:00,16.704999923706055,16.75,16.670000076293945,16.670000076293945,26242,0.0,0.0
2022-12-06 09:30:00-05:00,16.8799991607666,17.13990020751953,16.40999984741211,16.43000030517578,75417,0.0,0.0
2022-12-06 10:30:00-05:00,16.43000030517578,16.809999465942383,16.43000030517578,16.809999465942383,45650,0.0,0.0
2022-12-06 11:30:00-05:00,16.79050064086914,16.881999969482422,16.670000076293945,16.75,34958,0.0,0.0
2022-12-06 12:30:00-05:00,16.75,16.75,16.510000228881836,16.510000228881836,13621,0.0,0.0
2022-12-06 13:30:00-05:00,16.510000228881836,16.600000381469727,16.40999984741211,16.40999984741211,34531,0.0,0.0
2022-12-06 14:30:00-05:00,16.415000915527344,16.520000457763672,16.350000381469727,16.450000762939453,28862,0.0,0.0
2022-12-06 15:30:00-05:00,16.450000762939453,16.530000686645508,16.450000762939453,16.479999542236328,19525,0.0,0.0
2022-12-07 09:30:00-05:00,16.56999969482422,16.56999969482422,16.360000610351562,16.549999237060547,75844,0.0,0.0
2022-12-07 10:30:00-05:00,16.549999237060547,16.6299991607666,16.510000228881836,16.56999969482422,50686,0.0,0.0
2022-12-07 11:30:00-05:00,16.588699340820312,16.603500366210938,16.440000534057617,16.440000534057617,57422,0.0,0.0
2022-12-07 12:30:00-05:00,16.440000534057617,16.51300048828125,16.360000610351562,16.4950008392334,41223,0.0,0.0
2022-12-07 13:30:00-05:00,16.479999542236328,16.520000457763672,16.389999389648438,16.5,18746,0.0,0.0
2022-12-07 14:30:00-05:00,16.489999771118164,16.89109992980957,16.489999771118164,16.75,53697,0.0,0.0
2022-12-07 15:30:00-05:00,16.700000762939453,16.739700317382812,16.6200008392334,16.704999923706055,6905,0.0,0.0
2022-12-08 09:30:00-05:00,16.8700008392334,16.969999313354492,16.479999542236328,16.5,0,0.0,0.0
2022-12-08 10:30:00-05:00,16.5,16.655000686645508,16.5,16.559999465942383,37914,0.0,0.0
2022-12-08 11:30:00-05:00,16.530000686645508,16.670000076293945,16.530000686645508,16.559999465942383,29189,0.0,0.0
2022-12-08 12:30:00-05:00,16.549999237060547,16.559999465942383,16.43000030517578,16.489999771118164,30326,0.0,0.0
2022-12-08 13:30:00-05:00,16.510000228881836,16.540000915527344,16.43000030517578,16.469999313354492,23477,0.0,0.0
2022-12-08 14:30:00-05:00,16.450000762939453,16.670000076293945,16.440000534057617,16.549999237060547,62785,0.0,0.0
2022-12-08 15:30:00-05:00,16.549999237060547,16.649999618530273,16.540000915527344,16.610000610351562,15458,0.0,0.0
2022-12-09 09:30:00-05:00,16.489999771118164,16.54990005493164,16.360000610351562,16.360000610351562,50951,0.0,0.0
2022-12-09 10:30:00-05:00,16.36709976196289,16.40999984741211,16.31999969482422,16.399999618530273,31417,0.0,0.0
2022-12-09 11:30:00-05:00,16.399999618530273,16.469999313354492,16.3799991607666,16.40999984741211,14532,0.0,0.0
2022-12-09 12:30:00-05:00,16.40999984741211,16.45989990234375,16.34000015258789,16.360000610351562,15883,0.0,0.0
2022-12-09 13:30:00-05:00,16.360000610351562,16.404399871826172,16.329999923706055,16.329999923706055,16289,0.0,0.0
2022-12-09 14:30:00-05:00,16.34000015258789,16.34000015258789,16.1200008392334,16.149999618530273,59738,0.0,0.0
2022-12-09 15:30:00-05:00,16.149999618530273,16.239999771118164,16.139999389648438,16.170000076293945,35219,0.0,0.0
2022-12-12 09:30:00-05:00,16.34000015258789,16.459999084472656,16.280000686645508,16.443199157714844,28897,0.0,0.0
2022-12-12 10:30:00-05:00,16.459999084472656,16.559999465942383,16.459999084472656,16.4950008392334,11289,0.0,0.0
2022-12-12 11:30:00-05:00,16.4950008392334,16.549999237060547,16.459999084472656,16.540000915527344,14382,0.0,0.0
2022-12-12 12:30:00-05:00,16.514999389648438,16.51799964904785,16.43000030517578,16.469999313354492,16604,0.0,0.0
2022-12-12 13:30:00-05:00,16.475000381469727,16.540000915527344,16.280000686645508,16.489999771118164,79147,0.0,0.0
2022-12-12 14:30:00-05:00,16.530000686645508,16.530000686645508,16.450000762939453,16.450000762939453,37277,0.0,0.0
2022-12-12 15:30:00-05:00,16.450000762939453,16.510000228881836,16.450000762939453,16.469999313354492,80905,0.0,0.0
2022-12-13 09:30:00-05:00,16.68000030517578,16.690000534057617,16.360000610351562,16.389999389648438,59141,0.0,0.0
2022-12-13 10:30:00-05:00,16.36549949645996,16.469999313354492,16.329999923706055,16.3799991607666,73143,0.0,0.0
2022-12-13 11:30:00-05:00,16.3799991607666,16.440000534057617,16.31999969482422,16.420000076293945,19396,0.0,0.0
2022-12-13 12:30:00-05:00,16.420000076293945,16.59000015258789,16.399999618530273,16.5,30612,0.0,0.0
2022-12-13 13:30:00-05:00,16.5,16.575000762939453,16.5,16.5,32898,0.0,0.0
2022-12-13 14:30:00-05:00,16.5,16.510000228881836,16.229999542236328,16.34000015258789,63180,0.0,0.0
2022-12-13 15:30:00-05:00,16.352500915527344,16.40999984741211,16.309999465942383,16.34000015258789,24153,0.0,0.0
2022-12-14 09:30:00-05:00,15.84000015258789,16.059999465942383,15.84000015258789,15.970000267028809,28708,0.0,0.0
2022-12-14 10:30:00-05:00,15.960000038146973,16.020000457763672,15.760000228881836,15.760000228881836,115215,0.0,0.0
2022-12-14 11:30:00-05:00,15.760000228881836,15.770000457763672,15.65999984741211,15.670000076293945,40675,0.0,0.0
2022-12-14 12:30:00-05:00,15.670000076293945,15.760000228881836,15.65999984741211,15.680000305175781,31421,0.0,0.0
2022-12-14 13:30:00-05:00,15.71500015258789,15.800000190734863,15.649999618530273,15.6899995803833,44560,0.0,0.0
2022-12-14 14:30:00-05:00,15.6899995803833,15.739999771118164,15.619999885559082,15.630000114440918,38239,0.0,0.0
2022-12-14 15:30:00-05:00,15.640000343322754,15.670000076293945,15.609999656677246,15.640000343322754,18983,0.0,0.0
2022-12-15 09:30:00-05:00,15.720000267028809,15.720000267028809,15.529999732971191,15.549099922180176,0,0.0,0.0
2022-12-15 10:30:00-05:00,15.545000076293945,15.550000190734863,15.449999809265137,15.479999542236328,61698,0.0,0.0
2022-12-15 11:30:00-05:00,15.519000053405762,15.550000190734863,15.430000305175781,15.430000305175781,15932,0.0,0.0
2022-12-15 12:30:00-05:00,15.430000305175781,15.5,15.319999694824219,15.380000114440918,117561,0.0,0.0
2022-12-15 13:30:00-05:00,15.359999656677246,15.489999771118164,15.319999694824219,15.489999771118164,41739,0.0,0.0
2022-12-15 14:30:00-05:00,15.489999771118164,15.550000190734863,15.460000038146973,15.470000267028809,18754,0.0,0.0
2022-12-15 15:30:00-05:00,15.460000038146973,15.470000267028809,15.449999809265137,15.449999809265137,23475,0.0,0.0
2022-12-16 09:30:00-05:00,15.329999923706055,15.489999771118164,15.321000099182129,15.399999618530273,0,0.0,0.0
2022-12-16 10:30:00-05:00,15.390000343322754,15.390000343322754,15.130000114440918,15.149999618530273,44219,0.0,0.0
2022-12-16 11:30:00-05:00,15.19729995727539,15.220000267028809,15.130000114440918,15.15999984741211,20253,0.0,0.0
2022-12-16 12:30:00-05:00,15.149999618530273,15.399999618530273,15.149999618530273,15.319999694824219,58782,0.0,0.0
2022-12-16 13:30:00-05:00,15.319999694824219,15.359999656677246,15.199999809265137,15.239999771118164,137687,0.0,0.0
2022-12-16 14:30:00-05:00,15.25,15.369999885559082,15.229999542236328,15.319999694824219,55633,0.0,0.0
2022-12-16 15:30:00-05:00,15.350000381469727,15.369999885559082,15.289999961853027,15.359999656677246,45245,0.0,0.0
2022-12-19 09:30:00-05:00,15.510000228881836,15.510000228881836,15.289999961853027,15.40999984741211,0,0.0,0.0
2022-12-19 10:30:00-05:00,15.380000114440918,15.389699935913086,15.300000190734863,15.300000190734863,54982,0.0,0.0
2022-12-19 11:30:00-05:00,15.300000190734863,15.350000381469727,15.210000038146973,15.329999923706055,58856,0.0,0.0
2022-12-19 12:30:00-05:00,15.329999923706055,15.329999923706055,15.260000228881836,15.300000190734863,41984,0.0,0.0
2022-12-19 13:30:00-05:00,15.305000305175781,15.350000381469727,15.210000038146973,15.210000038146973,76305,0.0,0.0
2022-12-19 14:30:00-05:00,15.210000038146973,15.239999771118164,15.175000190734863,15.180000305175781,42325,0.0,0.0
2022-12-19 15:30:00-05:00,15.189900398254395,15.25,15.170000076293945,15.25,70218,0.0,0.0
2022-12-20 09:30:00-05:00,15.210000038146973,15.270000457763672,15.119999885559082,15.194999694824219,0,0.0,0.0
2022-12-20 10:30:00-05:00,15.194999694824219,15.204999923706055,15.100000381469727,15.1899995803833,69012,0.0,0.0
2022-12-20 11:30:00-05:00,15.1899995803833,15.210000038146973,15.119999885559082,15.130000114440918,32940,0.0,0.0
2022-12-20 12:30:00-05:00,15.119999885559082,15.130000114440918,15.100000381469727,15.109999656677246,32976,0.0,0.0
2022-12-20 13:30:00-05:00,15.100000381469727,15.130000114440918,15.0,15.119999885559082,73644,0.0,0.0
2022-12-20 14:30:00-05:00,15.109999656677246,15.118900299072266,15.029999732971191,15.029999732971191,39910,0.0,0.0
2022-12-20 15:30:00-05:00,15.039999961853027,15.130000114440918,15.0,15.0600004196167,66290,0.0,0.0
2022-12-21 09:30:00-05:00,15.1899995803833,15.34000015258789,15.0600004196167,15.194999694824219,0,0.0,0.0
2022-12-21 10:30:00-05:00,15.260000228881836,15.260000228881836,15.029999732971191,15.087699890136719,81575,0.0,0.0
2022-12-21 11:30:00-05:00,15.0600004196167,15.109999656677246,15.039999961853027,15.0600004196167,31328,0.0,0.0
2022-12-21 12:30:00-05:00,15.0600004196167,15.109999656677246,15.0600004196167,15.100000381469727,29457,0.0,0.0
2022-12-21 13:30:00-05:00,15.100000381469727,15.100000381469727,15.050000190734863,15.050000190734863,31541,0.0,0.0
2022-12-21 14:30:00-05:00,15.050000190734863,15.069999694824219,14.899999618530273,14.979999542236328,82798,0.0,0.0
2022-12-21 15:30:00-05:00,14.979999542236328,14.989999771118164,14.960000038146973,14.979999542236328,29610,0.0,0.0
2022-12-22 09:30:00-05:00,15.15999984741211,15.19279956817627,14.930000305175781,14.979999542236328,84881,0.0,0.0
2022-12-22 10:30:00-05:00,14.960000038146973,15.11989974975586,14.949999809265137,15.109999656677246,42137,0.0,0.0
2022-12-22 11:30:00-05:00,15.119999885559082,15.119999885559082,14.968999862670898,14.968999862670898,34485,0.0,0.0
2022-12-22 12:30:00-05:00,14.960000038146973,14.989999771118164,14.90999984741211,14.940099716186523,29433,0.0,0.0
2022-12-22 13:30:00-05:00,14.9399995803833,15.140000343322754,14.920000076293945,15.130800247192383,51151,0.0,0.0
2022-12-22 14:30:00-05:00,15.130000114440918,15.130000114440918,15.039999961853027,15.069999694824219,41507,0.0,0.0
2022-12-22 15:30:00-05:00,15.069999694824219,15.100000381469727,15.050000190734863,15.100000381469727,21087,0.0,0.0
2022-12-23 09:30:00-05:00,15.180000305175781,15.25469970703125,15.039999961853027,15.170000076293945,0,0.0,0.0
2022-12-23 10:30:00-05:00,15.187999725341797,15.21500015258789,15.109999656677246,15.149999618530273,29368,0.0,0.0
2022-12-23 11:30:00-05:00,15.149999618530273,15.1899995803833,15.100000381469727,15.15820026397705,37211,0.0,0.0
2022-12-23 12:30:00-05:00,15.140000343322754,15.22700023651123,15.109999656677246,15.199999809265137,31888,0.0,0.0
2022-12-23 13:30:00-05:00,15.204999923706055,15.369999885559082,15.1899995803833,15.35569953918457,32989,0.0,0.0
2022-12-23 14:30:00-05:00,15.319999694824219,15.5600004196167,15.140000343322754,15.5600004196167,50987,0.0,0.0
2022-12-23 15:30:00-05:00,15.5600004196167,15.609999656677246,15.5,15.609999656677246,28091,0.0,0.0
2022-12-27 09:30:00-05:00,15.609999656677246,15.609999656677246,15.300000190734863,15.300000190734863,49204,0.0,0.0
2022-12-27 10:30:00-05:00,15.3100004196167,15.329999923706055,15.170000076293945,15.260000228881836,74908,0.0,0.0
2022-12-27 11:30:00-05:00,15.260000228881836,15.449999809265137,15.260000228881836,15.380000114440918,21624,0.0,0.0
2022-12-27 12:30:00-05:00,15.380000114440918,15.380000114440918,15.050000190734863,15.0600004196167,144343,0.0,0.0
2022-12-27 13:30:00-05:00,15.069999694824219,15.270000457763672,14.920000076293945,15.260000228881836,104255,0.0,0.0
2022-12-27 14:30:00-05:00,15.260000228881836,15.369999885559082,15.25,15.359999656677246,37111,0.0,0.0
2022-12-27 15:30:00-05:00,15.354999542236328,15.369999885559082,15.210000038146973,15.369999885559082,108656,0.0,0.0
2022-12-28 09:30:00-05:00,15.260000228881836,15.369999885559082,15.220000267028809,15.329999923706055,81313,0.0,0.0
2022-12-28 10:30:00-05:00,15.300000190734863,15.300000190734863,14.729999542236328,14.824999809265137,250951,0.0,0.0
2022-12-28 11:30:00-05:00,14.84000015258789,14.949999809265137,14.700200080871582,14.819999694824219,252718,0.0,0.0
2022-12-28 12:30:00-05:00,14.829999923706055,14.90999984741211,14.75,14.82800006866455,77925,0.0,0.0
2022-12-28 13:30:00-05:00,14.8100004196167,14.890000343322754,14.670000076293945,14.680000305175781,123961,0.0,0.0
2022-12-28 14:30:00-05:00,14.680000305175781,15.039999961853027,14.649999618530273,14.680000305175781,170405,0.0,0.0
2022-12-28 15:30:00-05:00,14.680000305175781,14.770000457763672,14.619999885559082,14.675000190734863,162100,0.0,0.0
2022-12-29 09:30:00-05:00,14.779999732971191,14.989899635314941,14.779999732971191,14.979999542236328,43010,0.0,0.0
2022-12-29 10:30:00-05:00,14.970000267028809,15.0,14.789999961853027,14.817000389099121,64795,0.0,0.0
2022-12-29 11:30:00-05:00,14.800000190734863,14.920000076293945,14.800000190734863,14.86460018157959,40795,0.0,0.0
2022-12-29 12:30:00-05:00,14.869999885559082,14.908900260925293,14.84000015258789,14.850000381469727,64194,0.0,0.0
2022-12-29 13:30:00-05:00,14.84000015258789,14.850000381469727,14.6899995803833,14.710000038146973,134701,0.0,0.0
2022-12-29 14:30:00-05:00,14.729999542236328,14.850000381469727,14.699999809265137,14.849699974060059,54849,0.0,0.0
2022-12-29 15:30:00-05:00,14.850000381469727,14.960000038146973,14.829999923706055,14.9399995803833,44593,0.0,0.0
2022-12-30 09:30:00-05:00,14.779999732971191,14.880000114440918,14.680000305175781,14.760000228881836,74898,0.0,0.0
2022-12-30 10:30:00-05:00,14.789999961853027,14.84000015258789,14.739999771118164,14.75,35948,0.0,0.0
2022-12-30 11:30:00-05:00,14.758999824523926,14.800000190734863,14.710000038146973,14.739999771118164,48582,0.0,0.0
2022-12-30 12:30:00-05:00,14.739999771118164,14.779999732971191,14.65999984741211,14.729999542236328,98588,0.0,0.0
2022-12-30 13:30:00-05:00,14.759900093078613,14.759900093078613,14.65999984741211,14.699999809265137,57291,0.0,0.0
2022-12-30 14:30:00-05:00,14.710000038146973,14.789999961853027,14.65999984741211,14.70989990234375,85386,0.0,0.0
2022-12-30 15:30:00-05:00,14.6899995803833,14.789999961853027,14.680000305175781,14.789999961853027,31648,0.0,0.0
2023-01-03 09:30:00-05:00,14.970000267028809,14.970000267028809,14.850000381469727,14.899700164794922,0,0.0,0.0
2023-01-03 10:30:00-05:00,14.899999618530273,14.988300323486328,14.896400451660156,14.979700088500977,27370,0.0,0.0
2023-01-03 11:30:00-05:00,14.960000038146973,15.0,14.960000038146973,14.970000267028809,9003,0.0,0.0
2023-01-03 12:30:00-05:00,14.952699661254883,15.069999694824219,14.952699661254883,15.069999694824219,28708,0.0,0.0
2023-01-03 13:30:00-05:00,15.089900016784668,15.09000015258789,15.050000190734863,15.074000358581543,29982,0.0,0.0
2023-01-03 14:30:00-05:00,15.069999694824219,15.180000305175781,15.055000305175781,15.180000305175781,32119,0.0,0.0
2023-01-03 15:30:00-05:00,15.180000305175781,15.210000038146973,15.170000076293945,15.199999809265137,21913,0.0,0.0
2023-01-04 09:30:00-05:00,15.270000457763672,15.449999809265137,15.265000343322754,15.425000190734863,64669,0.0,0.0
2023-01-04 10:30:00-05:00,15.40999984741211,15.489999771118164,15.40250015258789,15.470000267028809,35069,0.0,0.0
2023-01-04 11:30:00-05:00,15.470000267028809,15.505000114440918,15.460000038146973,15.5,17515,0.0,0.0
2023-01-04 12:30:00-05:00,15.5,15.529999732971191,15.449999809265137,15.449999809265137,16683,0.0,0.0
2023-01-04 13:30:00-05:00,15.460000038146973,15.470000267028809,15.39009952545166,15.40999984741211,12596,0.0,0.0
2023-01-04 14:30:00-05:00,15.430000305175781,15.449999809265137,15.404999732971191,15.4399995803833,12515,0.0,0.0
2023-01-04 15:30:00-05:00,15.430000305175781,15.449999809265137,15.395000457763672,15.439900398254395,26653,0.0,0.0
2023-01-05 09:30:00-05:00,15.369999885559082,15.369999885559082,15.260000228881836,15.335000038146973,0,0.0,0.0
2023-01-05 10:30:00-05:00,15.329999923706055,15.329999923706055,15.279999732971191,15.300000190734863,11306,0.0,0.0
2023-01-05 11:30:00-05:00,15.28499984741211,15.289999961853027,15.229999542236328,15.267000198364258,25981,0.0,0.0
2023-01-05 12:30:00-05:00,15.270000457763672,15.380000114440918,15.25,15.319999694824219,24561,0.0,0.0
2023-01-05 13:30:00-05:00,15.329999923706055,15.329999923706055,15.270000457763672,15.300000190734863,13312,0.0,0.0
2023-01-05 14:30:00-05:00,15.327799797058105,15.350000381469727,15.279999732971191,15.289999961853027,29887,0.0,0.0
2023-01-05 15:30:00-05:00,15.289999961853027,15.300000190734863,15.270000457763672,15.270000457763672,18208,0.0,0.0
2023-01-06 09:30:00-05:00,15.399999618530273,15.470000267028809,15.310099601745605,15.449999809265137,28921,0.0,0.0
2023-01-06 10:30:00-05:00,15.444999694824219,15.511099815368652,15.289999961853027,15.324999809265137,21606,0.0,0.0
2023-01-06 11:30:00-05:00,15.319999694824219,15.409899711608887,15.270099639892578,15.270099639892578,31936,0.0,0.0
2023-01-06 12:30:00-05:00,15.274900436401367,15.285300254821777,15.15999984741211,15.255000114440918,38072,0.0,0.0
2023-01-06 13:30:00-05:00,15.25,15.279500007629395,15.199999809265137,15.260000228881836,11709,0.0,0.0
2023-01-06 14:30:00-05:00,15.234999656677246,15.350000381469727,15.180000305175781,15.289999961853027,32624,0.0,0.0
2023-01-06 15:30:00-05:00,15.300000190734863,15.3100004196167,15.260000228881836,15.270000457763672,8562,0.0,0.0
2023-01-09 09:30:00-05:00,15.380000114440918,15.469900131225586,15.3100004196167,15.392900466918945,55518,0.0,0.0
2023-01-09 10:30:00-05:00,15.399900436401367,15.482999801635742,15.390000343322754,15.4399995803833,21581,0.0,0.0
2023-01-09 11:30:00-05:00,15.449999809265137,15.489999771118164,15.420000076293945,15.470000267028809,10497,0.0,0.0
2023-01-09 12:30:00-05:00,15.479999542236328,15.539999961853027,15.449999809265137,15.510000228881836,13487,0.0,0.0
2023-01-09 13:30:00-05:00,15.513899803161621,15.51990032196045,15.40999984741211,15.4350004196167,25216,0.0,0.0
2023-01-09 14:30:00-05:00,15.4350004196167,15.4350004196167,15.350000381469727,15.359999656677246,27546,0.0,0.0
2023-01-09 15:30:00-05:00,15.364999771118164,15.380000114440918,15.345000267028809,15.350000381469727,19918,0.0,0.0
2023-01-10 09:30:00-05:00,15.430000305175781,15.550000190734863,15.338500022888184,15.34000015258789,0,0.0,0.0
2023-01-10 10:30:00-05:00,15.380000114440918,15.520000457763672,15.369000434875488,15.505000114440918,16024,0.0,0.0
2023-01-10 11:30:00-05:00,15.5,15.5,15.420100212097168,15.45989990234375,13964,0.0,0.0
2023-01-10 12:30:00-05:00,15.460000038146973,15.520000457763672,15.459699630737305,15.5,9176,0.0,0.0
2023-01-10 13:30:00-05:00,15.518799781799316,15.518799781799316,15.479999542236328,15.510000228881836,6417,0.0,0.0
2023-01-10 14:30:00-05:00,15.505000114440918,15.51990032196045,15.489999771118164,15.489999771118164,18718,0.0,0.0
2023-01-10 15:30:00-05:00,15.509499549865723,15.54990005493164,15.489999771118164,15.539999961853027,7668,0.0,0.0
2023-01-11 09:30:00-05:00,15.619999885559082,15.626399993896484,15.5,15.555000305175781,0,0.0,0.0
2023-01-11 10:30:00-05:00,15.550000190734863,15.609999656677246,15.550000190734863,15.579999923706055,17816,0.0,0.0
2023-01-11 11:30:00-05:00,15.569000244140625,15.619799613952637,15.5649995803833,15.619799613952637,6084,0.0,0.0
2023-01-11 12:30:00-05:00,15.614999771118164,15.614999771118164,15.529999732971191,15.59000015258789,18992,0.0,0.0
2023-01-11 13:30:00-05:00,15.639900207519531,15.639900207519531,15.579999923706055,15.585000038146973,17886,0.0,0.0
2023-01-11 14:30:00-05:00,15.59000015258789,15.699999809265137,15.589900016784668,15.699999809265137,23325,0.0,0.0
2023-01-11 15:30:00-05:00,15.699999809265137,15.725000381469727,15.680000305175781,15.710000038146973,0,0.0,0.0
2023-01-12 09:30:00-05:00,15.65999984741211,15.710000038146973,15.449999809265137,15.520000457763672,16745,0.0,0.0
2023-01-12 10:30:00-05:00,15.489999771118164,15.5600004196167,15.479999542236328,15.510000228881836,10553,0.0,0.0
2023-01-12 11:30:00-05:00,15.569999694824219,15.59000015258789,15.5600004196167,15.5600004196167,16452,0.0,0.0
2023-01-12 12:30:00-05:00,15.529999732971191,15.574999809265137,15.529999732971191,15.539999961853027,14608,0.0,0.0
2023-01-12 13:30:00-05:00,15.539999961853027,15.569999694824219,15.510000228881836,15.539999961853027,14841,0.0,0.0
2023-01-12 14:30:00-05:00,15.53969955444336,15.600000381469727,15.520000457763672,15.539999961853027,24772,0.0,0.0
2023-01-12 15:30:00-05:00,15.53499984741211,15.5600004196167,15.5,15.5,0,0.0,0.0
2023-01-13 09:30:00-05:00,15.5,15.539999961853027,15.40999984741211,15.539999961853027,28297,0.0,0.0
2023-01-13 10:30:00-05:00,15.539999961853027,15.640000343322754,15.529999732971191,15.579999923706055,17528,0.0,0.0
2023-01-13 11:30:00-05:00,15.579999923706055,15.670000076293945,15.579999923706055,15.65999984741211,12952,0.0,0.0
2023-01-13 12:30:00-05:00,15.6899995803833,15.819999694824219,15.640000343322754,15.819999694824219,8856,0.0,0.0
2023-01-13 13:30:00-05:00,15.760000228881836,15.789999961853027,15.70009994506836,15.739999771118164,30629,0.0,0.0
2023-01-13 14:30:00-05:00,15.739999771118164,15.760000228881836,15.649999618530273,15.71310043334961,15285,0.0,0.0
2023-01-13 15:30:00-05:00,15.720000267028809,15.729999542236328,15.649999618530273,15.699999809265137,12055,0.0,0.0
2023-01-17 09:30:00-05:00,15.779999732971191,15.779999732971191,15.619999885559082,15.670000076293945,16085,0.0,0.0
2023-01-17 10:30:00-05:00,15.680000305175781,15.819999694824219,15.658499717712402,15.762499809265137,15570,0.0,0.0
2023-01-17 11:30:00-05:00,15.761699676513672,15.819999694824219,15.725000381469727,15.754199981689453,16908,0.0,0.0
2023-01-17 12:30:00-05:00,15.760000228881836,15.78499984741211,15.699999809265137,15.725000381469727,9655,0.0,0.0
2023-01-17 13:30:00-05:00,15.729999542236328,15.759900093078613,15.729999542236328,15.749899864196777,3984,0.0,0.0
2023-01-17 14:30:00-05:00,15.748700141906738,15.779999732971191,15.720000267028809,15.739999771118164,11696,0.0,0.0
2023-01-17 15:30:00-05:00,15.752400398254395,15.800000190734863,15.75,15.765000343322754,0,0.0,0.0
2023-01-18 09:30:00-05:00,15.979999542236328,15.979999542236328,15.880000114440918,15.899999618530273,24525,0.0,0.0
2023-01-18 10:30:00-05:00,15.920000076293945,15.920000076293945,15.819999694824219,15.850000381469727,10554,0.0,0.0
2023-01-18 11:30:00-05:00,15.854999542236328,15.891300201416016,15.779999732971191,15.824999809265137,22467,0.0,0.0
2023-01-18 12:30:00-05:00,15.812000274658203,15.843799591064453,15.75,15.79010009765625,9572,0.0,0.0
2023-01-18 13:30:00-05:00,15.800000190734863,15.800000190734863,15.75,15.79990005493164,18676,0.0,0.0
2023-01-18 14:30:00-05:00,15.809300422668457,15.829999923706055,15.710000038146973,15.710000038146973,11233,0.0,0.0
2023-01-18 15:30:00-05:00,15.699999809265137,15.710000038146973,15.609999656677246,15.649999618530273,35314,0.0,0.0
2023-01-19 09:30:00-05:00,15.520000457763672,15.6451997756958,15.520000457763672,15.625,0,0.0,0.0
2023-01-19 10:30:00-05:00,15.626799583435059,15.649999618530273,15.609999656677246,15.619999885559082,12311,0.0,0.0
2023-01-19 11:30:00-05:00,15.609999656677246,15.619999885559082,15.569999694824219,15.59000015258789,8705,0.0,0.0
2023-01-19 12:30:00-05:00,15.59000015258789,15.604999542236328,15.569000244140625,15.59000015258789,18745,0.0,0.0
2023-01-19 13:30:00-05:00,15.579999923706055,15.630000114440918,15.579999923706055,15.59000015258789,12541,0.0,0.0
2023-01-19 14:30:00-05:00,15.59000015258789,15.649999618530273,15.575799942016602,15.60990047454834,21265,0.0,0.0
2023-01-19 15:30:00-05:00,15.625,15.630000114440918,15.59000015258789,15.600000381469727,11279,0.0,0.0
2023-01-20 09:30:00-05:00,15.65999984741211,15.819299697875977,15.65999984741211,15.819299697875977,0,0.0,0.0
2023-01-20 10:30:00-05:00,15.805000305175781,15.86400032043457,15.777299880981445,15.8100004196167,21446,0.0,0.0
2023-01-20 11:30:00-05:00,15.800000190734863,15.880000114440918,15.789999961853027,15.869999885559082,21949,0.0,0.0
2023-01-20 12:30:00-05:00,15.869999885559082,15.869999885559082,15.760000228881836,15.828499794006348,22265,0.0,0.0
2023-01-20 13:30:00-05:00,15.829999923706055,15.850000381469727,15.6899995803833,15.710000038146973,38486,0.0,0.0
2023-01-20 14:30:00-05:00,15.739999771118164,15.779999732971191,15.720000267028809,15.744999885559082,13987,0.0,0.0
2023-01-20 15:30:00-05:00,15.739999771118164,15.829999923706055,15.720000267028809,15.819999694824219,22556,0.0,0.0
2023-01-23 09:30:00-05:00,15.699999809265137,15.816300392150879,15.699999809265137,15.789999961853027,23645,0.0,0.0
2023-01-23 10:30:00-05:00,15.78499984741211,15.829999923706055,15.729999542236328,15.800000190734863,12985,0.0,0.0
2023-01-23 11:30:00-05:00,15.800000190734863,15.850000381469727,15.760000228881836,15.779999732971191,11886,0.0,0.0
2023-01-23 12:30:00-05:00,15.8016996383667,15.849900245666504,15.779999732971191,15.829999923706055,11265,0.0,0.0
2023-01-23 13:30:00-05:00,15.800000190734863,15.849900245666504,15.800000190734863,15.8149995803833,8076,0.0,0.0
2023-01-23 14:30:00-05:00,15.8100004196167,15.859999656677246,15.770000457763672,15.819999694824219,9791,0.0,0.0
2023-01-23 15:30:00-05:00,15.829899787902832,15.859999656677246,15.789999961853027,15.84000015258789,8505,0.0,0.0
2023-01-24 09:30:00-05:00,15.800000190734863,15.890000343322754,12.600000381469727,15.8100004196167,0,0.0,0.0
2023-01-24 10:30:00-05:00,15.779999732971191,15.869999885559082,15.729999542236328,15.829999923706055,12936,0.0,0.0
2023-01-24 11:30:00-05:00,15.822500228881836,15.869999885559082,15.789999961853027,15.795000076293945,20702,0.0,0.0
2023-01-24 12:30:00-05:00,15.800000190734863,15.840999603271484,15.75,15.840999603271484,7060,0.0,0.0
2023-01-24 13:30:00-05:00,15.84000015258789,15.869999885559082,15.817500114440918,15.850000381469727,17847,0.0,0.0
2023-01-24 14:30:00-05:00,15.84000015258789,15.90999984741211,15.8100004196167,15.819999694824219,22766,0.0,0.0
2023-01-24 15:30:00-05:00,15.800000190734863,15.800000190734863,15.739999771118164,15.739999771118164,21571,0.0,0.0
2023-01-25 09:30:00-05:00,15.680000305175781,15.789999961853027,15.609999656677246,15.760000228881836,0,0.0,0.0
2023-01-25 10:30:00-05:00,15.75,15.829999923706055,15.71500015258789,15.75,22249,0.0,0.0
2023-01-25 11:30:00-05:00,15.720000267028809,15.789999961853027,15.720000267028809,15.779999732971191,3491,0.0,0.0
2023-01-25 12:30:00-05:00,15.770000457763672,15.779999732971191,15.6899995803833,15.713700294494629,12872,0.0,0.0
2023-01-25 13:30:00-05:00,15.699999809265137,15.75,15.6899995803833,15.748200416564941,13707,0.0,0.0
2023-01-25 14:30:00-05:00,15.75,15.8100004196167,15.729999542236328,15.77649974822998,33805,0.0,0.0
2023-01-25 15:30:00-05:00,15.781999588012695,15.800000190734863,15.760000228881836,15.779999732971191,0,0.0,0.0
2023-01-26 09:30:00-05:00,15.850000381469727,15.893099784851074,15.779999732971191,15.880000114440918,42991,0.0,0.0
2023-01-26 10:30:00-05:00,15.890000343322754,15.930000305175781,15.84000015258789,15.869999885559082,7107,0.0,0.0
2023-01-26 11:30:00-05:00,15.84000015258789,15.84000015258789,15.770000457763672,15.770000457763672,14114,0.0,0.0
2023-01-26 12:30:00-05:00,15.779999732971191,15.849900245666504,15.779999732971191,15.8100004196167,17463,0.0,0.0
2023-01-26 13:30:00-05:00,15.8100004196167,15.824999809265137,15.770000457763672,15.779999732971191,38792,0.0,0.0
2023-01-26 14:30:00-05:00,15.779999732971191,15.789999961853027,15.729999542236328,15.75,19789,0.0,0.0
2023-01-26 15:30:00-05:00,15.75,15.779999732971191,15.710000038146973,15.710000038146973,22230,0.0,0.0
2023-01-27 09:30:00-05:00,15.779999732971191,15.867400169372559,15.75,15.799599647521973,64044,0.0,0.0
2023-01-27 10:30:00-05:00,15.79889965057373,15.879899978637695,15.710000038146973,15.8149995803833,52383,0.0,0.0
2023-01-27 11:30:00-05:00,15.80780029296875,15.895000457763672,15.75,15.762900352478027,57797,0.0,0.0
2023-01-27 12:30:00-05:00,15.760000228881836,15.880000114440918,15.720000267028809,15.818300247192383,57504,0.0,0.0
2023-01-27 13:30:00-05:00,15.819999694824219,15.839900016784668,15.739999771118164,15.75220012664795,23943,0.0,0.0
2023-01-27 14:30:00-05:00,15.760000228881836,15.779399871826172,15.729999542236328,15.760000228881836,15105,0.0,0.0
2023-01-27 15:30:00-05:00,15.76159954071045,15.779999732971191,15.76159954071045,15.779999732971191,13287,0.0,0.0
2023-01-30 09:30:00-05:00,15.6899995803833,15.739999771118164,15.625,15.678600311279297,136253,0.0,0.0
2023-01-30 10:30:00-05:00,15.675000190734863,15.719900131225586,15.620499610900879,15.654999732971191,44457,0.0,0.0
2023-01-30 11:30:00-05:00,15.646599769592285,15.680000305175781,15.630499839782715,15.680000305175781,24412,0.0,0.0
2023-01-30 12:30:00-05:00,15.672499656677246,15.699999809265137,15.65999984741211,15.670000076293945,22547,0.0,0.0
2023-01-30 13:30:00-05:00,15.677599906921387,15.6899995803833,15.640000343322754,15.653499603271484,23339,0.0,0.0
2023-01-30 14:30:00-05:00,15.650099754333496,15.650099754333496,15.600000381469727,15.640000343322754,33011,0.0,0.0
2023-01-30 15:30:00-05:00,15.617500305175781,15.640000343322754,15.609999656677246,15.609999656677246,10022,0.0,0.0
2023-01-31 09:30:00-05:00,15.630000114440918,15.699999809265137,15.619999885559082,15.645000457763672,54631,0.0,0.0
2023-01-31 10:30:00-05:00,15.645000457763672,15.65999984741211,15.600000381469727,15.633600234985352,115479,0.0,0.0
2023-01-31 11:30:00-05:00,15.64009952545166,15.652099609375,15.630000114440918,15.635000228881836,31658,0.0,0.0
2023-01-31 12:30:00-05:00,15.619999885559082,15.63290023803711,15.609999656677246,15.619999885559082,9305,0.0,0.0
2023-01-31 13:30:00-05:00,15.628800392150879,15.630000114440918,15.619999885559082,15.619999885559082,25730,0.0,0.0
2023-01-31 14:30:00-05:00,15.619999885559082,15.649999618530273,15.600000381469727,15.635000228881836,101652,0.0,0.0
2023-01-31 15:30:00-05:00,15.635000228881836,15.641300201416016,15.609999656677246,15.619999885559082,54244,0.0,0.0
2023-02-01 09:30:00-05:00,15.59000015258789,15.649900436401367,15.579999923706055,15.614999771118164,0,0.0,0.0
2023-02-01 10:30:00-05:00,15.609999656677246,15.630000114440918,15.550000190734863,15.609999656677246,33258,0.0,0.0
2023-02-01 11:30:00-05:00,15.619999885559082,15.63599967956543,15.579999923706055,15.614999771118164,39693,0.0,0.0
2023-02-01 12:30:00-05:00,15.609999656677246,15.619999885559082,15.592100143432617,15.607000350952148,20412,0.0,0.0
2023-02-01 13:30:00-05:00,15.619999885559082,15.619999885559082,15.579999923706055,15.600000381469727,22207,0.0,0.0
2023-02-01 14:30:00-05:00,15.579999923706055,15.635000228881836,15.5600004196167,15.618499755859375,52862,0.0,0.0
2023-02-01 15:30:00-05:00,15.629500389099121,15.670000076293945,15.621999740600586,15.640000343322754,29151,0.0,0.0
2023-02-02 09:30:00-05:00,15.699999809265137,15.760000228881836,15.65999984741211,15.670100212097168,0,0.0,0.0
2023-02-02 10:30:00-05:00,15.699999809265137,15.739999771118164,15.680000305175781,15.729999542236328,115293,0.0,0.0
2023-02-02 11:30:00-05:00,15.729999542236328,15.739999771118164,15.720000267028809,15.725000381469727,46593,0.0,0.0
2023-02-02 12:30:00-05:00,15.720000267028809,15.729999542236328,15.670000076293945,15.710000038146973,53521,0.0,0.0
2023-02-02 13:30:00-05:00,15.719900131225586,15.719900131225586,15.65999984741211,15.6850004196167,42492,0.0,0.0
2023-02-02 14:30:00-05:00,15.699999809265137,15.699999809265137,15.640000343322754,15.649999618530273,33968,0.0,0.0
2023-02-02 15:30:00-05:00,15.649999618530273,15.699999809265137,15.649999618530273,15.680000305175781,21984,0.0,0.0
2023-02-03 09:30:00-05:00,15.630000114440918,15.720000267028809,15.630000114440918,15.6850004196167,73973,0.0,0.0
2023-02-03 10:30:00-05:00,15.6850004196167,15.720000267028809,15.680000305175781,15.699999809265137,46765,0.0,0.0
2023-02-03 11:30:00-05:00,15.704999923706055,15.71660041809082,15.5600004196167,15.661999702453613,68250,0.0,0.0
2023-02-03 12:30:00-05:00,15.680000305175781,15.710000038146973,15.61989974975586,15.61989974975586,23856,0.0,0.0
2023-02-03 13:30:00-05:00,15.614999771118164,15.61989974975586,15.529999732971191,15.529999732971191,52225,0.0,0.0
2023-02-03 14:30:00-05:00,15.541099548339844,15.60890007019043,15.541099548339844,15.60890007019043,18854,0.0,0.0
2023-02-03 15:30:00-05:00,15.600000381469727,15.630000114440918,15.579999923706055,15.59000015258789,13622,0.0,0.0
2023-02-06 09:30:00-05:00,15.600000381469727,15.670000076293945,15.5,15.630000114440918,46171,0.0,0.0
2023-02-06 10:30:00-05:00,15.640000343322754,15.649999618530273,15.602800369262695,15.633999824523926,25352,0.0,0.0
2023-02-06 11:30:00-05:00,15.649999618530273,15.656599998474121,15.619999885559082,15.649999618530273,29753,0.0,0.0
2023-02-06 12:30:00-05:00,15.63010025024414,15.649999618530273,15.619999885559082,15.63599967956543,10501,0.0,0.0
2023-02-06 13:30:00-05:00,15.630000114440918,15.65999984741211,15.630000114440918,15.649999618530273,15101,0.0,0.0
2023-02-06 14:30:00-05:00,15.640000343322754,15.649999618530273,15.609999656677246,15.64109992980957,24017,0.0,0.0
2023-02-06 15:30:00-05:00,15.643600463867188,15.649999618530273,15.619999885559082,15.640000343322754,13381,0.0,0.0
2023-02-07 09:30:00-05:00,15.630000114440918,15.670000076293945,15.592700004577637,15.664999961853027,40312,0.0,0.0
2023-02-07 10:30:00-05:00,15.664999961853027,15.670000076293945,15.654999732971191,15.654999732971191,13526,0.0,0.0
2023-02-07 11:30:00-05:00,15.657699584960938,15.670000076293945,15.654999732971191,15.664999961853027,18176,0.0,0.0
2023-02-07 12:30:00-05:00,15.649999618530273,15.720000267028809,15.649999618530273,15.6899995803833,44110,0.0,0.0
2023-02-07 13:30:00-05:00,15.670000076293945,15.699999809265137,15.640000343322754,15.6899995803833,26514,0.0,0.0
2023-02-07 14:30:00-05:00,15.6899995803833,15.729999542236328,15.680000305175781,15.712499618530273,28686,0.0,0.0
2023-02-07 15:30:00-05:00,15.710000038146973,15.720000267028809,15.65999984741211,15.65999984741211,25328,0.0,0.0
2023-02-08 09:30:00-05:00,15.76990032196045,15.76990032196045,15.65999984741211,15.677800178527832,0,0.0,0.0
2023-02-08 10:30:00-05:00,15.678400039672852,15.679900169372559,15.640000343322754,15.640000343322754,19085,0.0,0.0
2023-02-08 11:30:00-05:00,15.630000114440918,15.640000343322754,15.579999923706055,15.619999885559082,25952,0.0,0.0
2023-02-08 12:30:00-05:00,15.619999885559082,15.640000343322754,15.600000381469727,15.630000114440918,13101,0.0,0.0
2023-02-08 13:30:00-05:00,15.630000114440918,15.649999618530273,15.630000114440918,15.640800476074219,11765,0.0,0.0
2023-02-08 14:30:00-05:00,15.645000457763672,15.659899711608887,15.619999885559082,15.640000343322754,25521,0.0,0.0
2023-02-08 15:30:00-05:00,15.645000457763672,15.649999618530273,15.619999885559082,15.640000343322754,36224,0.0,0.0
2023-02-09 09:30:00-05:00,15.649999618530273,15.739999771118164,15.600799560546875,15.66409969329834,0,0.0,0.0
2023-02-09 10:30:00-05:00,15.664999961853027,15.680000305175781,15.649999618530273,15.649999618530273,12338,0.0,0.0
2023-02-09 11:30:00-05:00,15.649999618530273,15.670000076293945,15.649999618530273,15.65999984741211,14344,0.0,0.0
2023-02-09 12:30:00-05:00,15.65999984741211,15.679900169372559,15.649999618530273,15.649999618530273,21566,0.0,0.0
2023-02-09 13:30:00-05:00,15.65999984741211,15.670000076293945,15.630000114440918,15.630000114440918,12795,0.0,0.0
2023-02-09 14:30:00-05:00,15.619999885559082,15.630000114440918,15.600000381469727,15.604999542236328,10592,0.0,0.0
2023-02-09 15:30:00-05:00,15.604999542236328,15.609999656677246,15.579999923706055,15.585000038146973,11563,0.0,0.0
2023-02-10 09:30:00-05:00,15.449999809265137,15.539999961853027,15.300000190734863,15.470000267028809,72163,0.0,0.0
2023-02-10 10:30:00-05:00,15.479999542236328,15.489999771118164,15.449999809265137,15.479999542236328,23252,0.0,0.0
2023-02-10 11:30:00-05:00,15.479999542236328,15.489899635314941,15.279999732971191,15.31089973449707,39110,0.0,0.0
2023-02-10 12:30:00-05:00,15.319999694824219,15.380000114440918,15.270000457763672,15.29990005493164,14835,0.0,0.0
2023-02-10 13:30:00-05:00,15.289999961853027,15.379899978637695,15.260000228881836,15.374099731445312,22164,0.0,0.0
2023-02-10 14:30:00-05:00,15.359999656677246,15.40999984741211,15.359999656677246,15.390000343322754,30193,0.0,0.0
2023-02-10 15:30:00-05:00,15.390000343322754,15.399999618530273,15.380000114440918,15.380000114440918,54506,0.0,0.0
2023-02-13 09:30:00-05:00,15.40999984741211,15.5,15.300000190734863,15.329999923706055,72824,0.0,0.0
2023-02-13 10:30:00-05:00,15.300000190734863,15.390000343322754,15.300000190734863,15.3149995803833,63529,0.0,0.0
2023-02-13 11:30:00-05:00,15.3100004196167,15.359999656677246,15.300000190734863,15.319999694824219,18275,0.0,0.0
2023-02-13 12:30:00-05:00,15.329999923706055,15.380000114440918,15.329999923706055,15.34000015258789,22382,0.0,0.0
2023-02-13 13:30:00-05:00,15.34000015258789,15.470000267028809,15.329999923706055,15.430000305175781,21772,0.0,0.0
2023-02-13 14:30:00-05:00,15.4399995803833,15.470000267028809,15.380000114440918,15.460000038146973,17160,0.0,0.0
2023-02-13 15:30:00-05:00,15.460000038146973,15.489999771118164,15.4399995803833,15.479999542236328,24283,0.0,0.0
2023-02-14 09:30:00-05:00,15.5600004196167,15.5600004196167,15.420000076293945,15.5024995803833,25518,0.0,0.0
2023-02-14 10:30:00-05:00,15.470000267028809,15.50629997253418,15.4399995803833,15.470000267028809,13712,0.0,0.0
2023-02-14 11:30:00-05:00,15.460000038146973,15.475000381469727,15.454999923706055,15.460000038146973,11216,0.0,0.0
2023-02-14 12:30:00-05:00,15.46049976348877,15.5,15.460000038146973,15.484999656677246,19824,0.0,0.0
2023-02-14 13:30:00-05:00,15.5,15.5,15.470100402832031,15.489700317382812,8952,0.0,0.0
2023-02-14 14:30:00-05:00,15.489899635314941,15.489999771118164,15.479999542236328,15.489899635314941,11726,0.0,0.0
2023-02-14 15:30:00-05:00,15.484999656677246,15.489999771118164,15.460000038146973,15.479999542236328,0,0.0,0.0
2023-02-15 09:30:00-05:00,15.520000457763672,15.520000457763672,15.380000114440918,15.399900436401367,20217,0.0,0.0
2023-02-15 10:30:00-05:00,15.399900436401367,15.399999618530273,15.350000381469727,15.380000114440918,25250,0.0,0.0
2023-02-15 11:30:00-05:00,15.395000457763672,15.40999984741211,15.380000114440918,15.399999618530273,21877,0.0,0.0
2023-02-15 12:30:00-05:00,15.390000343322754,15.40820026397705,15.390000343322754,15.40820026397705,6357,0.0,0.0
2023-02-15 13:30:00-05:00,15.390000343322754,15.430000305175781,15.390000343322754,15.399999618530273,24105,0.0,0.0
2023-02-15 14:30:00-05:00,15.402000427246094,15.420000076293945,15.390000343322754,15.404999732971191,21852,0.0,0.0
2023-02-15 15:30:00-05:00,15.409099578857422,15.414999961853027,15.399999618530273,15.40999984741211,20772,0.0,0.0
2023-02-16 09:30:00-05:00,15.390000343322754,15.399999618530273,15.359999656677246,15.390000343322754,36785,0.0,0.0
2023-02-16 10:30:00-05:00,15.380000114440918,15.420000076293945,15.380000114440918,15.399999618530273,17187,0.0,0.0
2023-02-16 11:30:00-05:00,15.399999618530273,15.420000076293945,15.394599914550781,15.399999618530273,12754,0.0,0.0
2023-02-16 12:30:00-05:00,15.399999618530273,15.40999984741211,15.369999885559082,15.369999885559082,31127,0.0,0.0
2023-02-16 13:30:00-05:00,15.371399879455566,15.380000114440918,15.350000381469727,15.350000381469727,26043,0.0,0.0
2023-02-16 14:30:00-05:00,15.34000015258789,15.350000381469727,15.270000457763672,15.300000190734863,36148,0.0,0.0
2023-02-16 15:30:00-05:00,15.295000076293945,15.300000190734863,15.220000267028809,15.260000228881836,35482,0.0,0.0
2023-02-17 09:30:00-05:00,15.25,15.260000228881836,15.170000076293945,15.23069953918457,39566,0.0,0.0
2023-02-17 10:30:00-05:00,15.227700233459473,15.32129955291748,15.227700233459473,15.279999732971191,16071,0.0,0.0
2023-02-17 11:30:00-05:00,15.240099906921387,15.26990032196045,15.199999809265137,15.26990032196045,15620,0.0,0.0
2023-02-17 12:30:00-05:00,15.25570011138916,15.25570011138916,15.194999694824219,15.199999809265137,17359,0.0,0.0
2023-02-17 13:30:00-05:00,15.204999923706055,15.21500015258789,15.1899995803833,15.210000038146973,16528,0.0,0.0
2023-02-17 14:30:00-05:00,15.212300300598145,15.250699996948242,15.210000038146973,15.239999771118164,10298,0.0,0.0
2023-02-17 15:30:00-05:00,15.244000434875488,15.300000190734863,15.239100456237793,15.260000228881836,17205,0.0,0.0
2023-02-21 09:30:00-05:00,15.170000076293945,15.289999961853027,15.149999618530273,15.172699928283691,48249,0.0,0.0
2023-02-21 10:30:00-05:00,15.183099746704102,15.189900398254395,15.114999771118164,15.148900032043457,29555,0.0,0.0
2023-02-21 11:30:00-05:00,15.149999618530273,15.180000305175781,15.079999923706055,15.169899940490723,30077,0.0,0.0
2023-02-21 12:30:00-05:00,15.180000305175781,15.220000267028809,15.175000190734863,15.1899995803833,21130,0.0,0.0
2023-02-21 13:30:00-05:00,15.199999809265137,15.220000267028809,15.100000381469727,15.111300468444824,30675,0.0,0.0
2023-02-21 14:30:00-05:00,15.109999656677246,15.170000076293945,15.050000190734863,15.095000267028809,78647,0.0,0.0
2023-02-21 15:30:00-05:00,15.100000381469727,15.130000114440918,15.0600004196167,15.119999885559082,28224,0.0,0.0
2023-02-22 09:30:00-05:00,15.1899995803833,15.270000457763672,15.170100212097168,15.220100402832031,22709,0.0,0.0
2023-02-22 10:30:00-05:00,15.239999771118164,15.300000190734863,15.22089958190918,15.27400016784668,11460,0.0,0.0
2023-02-22 11:30:00-05:00,15.300000190734863,15.380000114440918,15.239999771118164,15.359999656677246,28920,0.0,0.0
2023-02-22 12:30:00-05:00,15.359999656677246,15.430000305175781,15.300000190734863,15.430000305175781,22317,0.0,0.0
2023-02-22 13:30:00-05:00,15.432600021362305,15.432600021362305,15.350000381469727,15.359999656677246,16001,0.0,0.0
2023-02-22 14:30:00-05:00,15.359999656677246,15.40999984741211,15.25,15.25,28561,0.0,0.0
2023-02-22 15:30:00-05:00,15.241499900817871,15.319999694824219,15.241499900817871,15.28499984741211,23205,0.0,0.0
2023-02-23 09:30:00-05:00,15.279999732971191,15.539999961853027,15.279999732971191,15.529999732971191,30010,0.0,0.0
2023-02-23 10:30:00-05:00,15.539999961853027,15.550000190734863,15.470000267028809,15.5,13112,0.0,0.0
2023-02-23 11:30:00-05:00,15.505000114440918,15.520000457763672,15.479999542236328,15.5,16588,0.0,0.0
2023-02-23 12:30:00-05:00,15.5,15.529999732971191,15.5,15.520000457763672,11569,0.0,0.0
2023-02-23 13:30:00-05:00,15.520000457763672,15.574999809265137,15.489999771118164,15.541999816894531,17631,0.0,0.0
2023-02-23 14:30:00-05:00,15.541999816894531,15.609999656677246,15.539999961853027,15.569999694824219,7652,0.0,0.0
2023-02-23 15:30:00-05:00,15.597999572753906,15.630000114440918,15.579999923706055,15.579999923706055,27842,0.0,0.0
2023-02-24 09:30:00-05:00,15.489999771118164,15.489999771118164,15.340100288391113,15.360899925231934,51252,0.0,0.0
2023-02-24 10:30:00-05:00,15.364999771118164,15.380000114440918,15.329999923706055,15.359999656677246,21319,0.0,0.0
2023-02-24 11:30:00-05:00,15.369999885559082,15.380000114440918,15.342599868774414,15.345000267028809,27517,0.0,0.0
2023-02-24 12:30:00-05:00,15.344099998474121,15.350000381469727,15.34000015258789,15.345000267028809,6199,0.0,0.0
2023-02-24 13:30:00-05:00,15.345399856567383,15.350000381469727,15.335000038146973,15.34000015258789,16852,0.0,0.0
2023-02-24 14:30:00-05:00,15.34000015258789,15.369999885559082,15.34000015258789,15.369999885559082,19348,0.0,0.0
2023-02-24 15:30:00-05:00,15.369999885559082,15.369999885559082,15.319999694824219,15.359999656677246,9485,0.0,0.0
2023-02-27 09:30:00-05:00,15.359999656677246,15.4399995803833,15.359999656677246,15.4399995803833,0,0.0,0.0
2023-02-27 10:30:00-05:00,15.4350004196167,15.4399995803833,15.390000343322754,15.430899620056152,14817,0.0,0.0
2023-02-27 11:30:00-05:00,15.4350004196167,15.494000434875488,15.430000305175781,15.470000267028809,17799,0.0,0.0
2023-02-27 12:30:00-05:00,15.475000381469727,15.489899635314941,15.380000114440918,15.399999618530273,37941,0.0,0.0
2023-02-27 13:30:00-05:00,15.414999961853027,15.449999809265137,15.359999656677246,15.395000457763672,12293,0.0,0.0
2023-02-27 14:30:00-05:00,15.395000457763672,15.489999771118164,15.395000457763672,15.470000267028809,6723,0.0,0.0
2023-02-27 15:30:00-05:00,15.489999771118164,15.5,15.430000305175781,15.430000305175781,8399,0.0,0.0
2023-02-28 09:30:00-05:00,15.470000267028809,15.470000267028809,15.369999885559082,15.399999618530273,0,0.0,0.0
2023-02-28 10:30:00-05:00,15.390000343322754,15.414999961853027,15.390000343322754,15.404999732971191,13801,0.0,0.0
2023-02-28 11:30:00-05:00,15.409899711608887,15.4399995803833,15.399999618530273,15.420000076293945,10205,0.0,0.0
2023-02-28 12:30:00-05:00,15.425000190734863,15.430000305175781,15.399999618530273,15.420000076293945,32574,0.0,0.0
2023-02-28 13:30:00-05:00,15.420000076293945,15.420000076293945,15.359999656677246,15.369999885559082,26512,0.0,0.0
2023-02-28 14:30:00-05:00,15.375,15.375,15.260000228881836,15.350000381469727,25275,0.0,0.0
2023-02-28 15:30:00-05:00,15.34000015258789,15.34000015258789,15.3100004196167,15.329999923706055,17503,0.0,0.0
2023-03-01 09:30:00-05:00,15.34000015258789,15.40999984741211,15.3100004196167,15.385000228881836,38586,0.0,0.0
2023-03-01 10:30:00-05:00,15.385000228881836,15.399999618530273,15.350000381469727,15.350000381469727,18691,0.0,0.0
2023-03-01 11:30:00-05:00,15.34000015258789,15.350000381469727,15.329999923706055,15.329999923706055,10144,0.0,0.0
2023-03-01 12:30:00-05:00,15.34000015258789,15.345000267028809,15.329999923706055,15.345000267028809,6057,0.0,0.0
2023-03-01 13:30:00-05:00,15.345000267028809,15.347900390625,15.329999923706055,15.34000015258789,13384,0.0,0.0
2023-03-01 14:30:00-05:00,15.34000015258789,15.349900245666504,15.3100004196167,15.319999694824219,17045,0.0,0.0
2023-03-01 15:30:00-05:00,15.319999694824219,15.329999923706055,15.300000190734863,15.300000190734863,16310,0.0,0.0
2023-03-02 09:30:00-05:00,15.289999961853027,15.380000114440918,15.289999961853027,15.329999923706055,44418,0.0,0.0
2023-03-02 10:30:00-05:00,15.329999923706055,15.359999656677246,15.305000305175781,15.345000267028809,25404,0.0,0.0
2023-03-02 11:30:00-05:00,15.345000267028809,15.359999656677246,15.34000015258789,15.359999656677246,18168,0.0,0.0
2023-03-02 12:30:00-05:00,15.359999656677246,15.359999656677246,15.300000190734863,15.350000381469727,19672,0.0,0.0
2023-03-02 13:30:00-05:00,15.350000381469727,15.369999885559082,15.335000038146973,15.350099563598633,18158,0.0,0.0
2023-03-02 14:30:00-05:00,15.359999656677246,15.378499984741211,15.320099830627441,15.359999656677246,13169,0.0,0.0
2023-03-02 15:30:00-05:00,15.345000267028809,15.369999885559082,15.329999923706055,15.34000015258789,23189,0.0,0.0
2023-03-03 09:30:00-05:00,15.390000343322754,15.399999618530273,15.359999656677246,15.399999618530273,0,0.0,0.0
2023-03-03 10:30:00-05:00,15.399999618530273,15.429900169372559,15.380000114440918,15.382100105285645,35245,0.0,0.0
2023-03-03 11:30:00-05:00,15.39780044555664,15.449999809265137,15.359999656677246,15.420000076293945,27593,0.0,0.0
2023-03-03 12:30:00-05:00,15.4399995803833,15.470000267028809,15.430000305175781,15.470000267028809,8744,0.0,0.0
2023-03-03 13:30:00-05:00,15.479999542236328,15.5,15.420000076293945,15.460000038146973,20301,0.0,0.0
2023-03-03 14:30:00-05:00,15.481499671936035,15.510000228881836,15.420000076293945,15.44279956817627,17680,0.0,0.0
2023-03-03 15:30:00-05:00,15.4399995803833,15.4399995803833,15.399999618530273,15.399999618530273,5598,0.0,0.0
2023-03-06 09:30:00-05:00,15.510000228881836,15.510000228881836,15.34000015258789,15.34000015258789,61666,0.0,0.0
2023-03-06 10:30:00-05:00,15.399999618530273,15.40999984741211,15.369999885559082,15.381999969482422,19406,0.0,0.0
2023-03-06 11:30:00-05:00,15.370800018310547,15.390000343322754,15.360799789428711,15.375,19405,0.0,0.0
2023-03-06 12:30:00-05:00,15.359999656677246,15.390000343322754,15.350000381469727,15.350000381469727,18276,0.0,0.0
2023-03-06 13:30:00-05:00,15.369999885559082,15.369999885559082,15.34000015258789,15.350000381469727,22409,0.0,0.0
2023-03-06 14:30:00-05:00,15.350000381469727,15.359999656677246,15.329999923706055,15.34000015258789,16335,0.0,0.0
2023-03-06 15:30:00-05:00,15.329999923706055,15.348799705505371,15.319999694824219,15.329999923706055,15949,0.0,0.0
2023-03-07 09:30:00-05:00,15.399999618530273,15.399999618530273,15.306099891662598,15.329999923706055,17793,0.0,0.0
2023-03-07 10:30:00-05:00,15.329999923706055,15.329999923706055,15.270000457763672,15.289999961853027,15835,0.0,0.0
2023-03-07 11:30:00-05:00,15.279399871826172,15.289999961853027,15.272500038146973,15.28499984741211,7299,0.0,0.0
2023-03-07 12:30:00-05:00,15.280900001525879,15.289999961853027,15.270099639892578,15.279999732971191,13850,0.0,0.0
2023-03-07 13:30:00-05:00,15.28499984741211,15.289899826049805,15.270000457763672,15.270000457763672,13272,0.0,0.0
2023-03-07 14:30:00-05:00,15.27750015258789,15.289999961853027,15.270000457763672,15.289999961853027,23197,0.0,0.0
2023-03-07 15:30:00-05:00,15.279999732971191,15.289999961853027,15.270000457763672,15.270000457763672,14904,0.0,0.0
2023-03-08 09:30:00-05:00,15.25,15.329500198364258,15.149999618530273,15.1899995803833,35060,0.0,0.0
2023-03-08 10:30:00-05:00,15.1899995803833,15.1899995803833,15.15999984741211,15.180000305175781,11427,0.0,0.0
2023-03-08 11:30:00-05:00,15.180000305175781,15.213199615478516,15.15999984741211,15.201899528503418,17552,0.0,0.0
2023-03-08 12:30:00-05:00,15.199999809265137,15.25,15.100000381469727,15.100000381469727,38879,0.0,0.0
2023-03-08 13:30:00-05:00,15.09000015258789,15.140000343322754,15.029999732971191,15.079999923706055,41482,0.0,0.0
2023-03-08 14:30:00-05:00,15.079999923706055,15.079999923706055,15.010000228881836,15.039999961853027,54557,0.0,0.0
2023-03-08 15:30:00-05:00,15.039999961853027,15.059900283813477,15.020000457763672,15.039999961853027,27050,0.0,0.0
2023-03-09 09:30:00-05:00,15.119999885559082,15.140000343322754,15.080100059509277,15.089400291442871,12610,0.0,0.0
2023-03-09 10:30:00-05:00,15.095000267028809,15.097299575805664,15.079999923706055,15.079999923706055,9267,0.0,0.0
2023-03-09 11:30:00-05:00,15.088800430297852,15.09000015258789,15.0,15.0,26211,0.0,0.0
2023-03-09 12:30:00-05:00,15.0,15.0,14.949999809265137,14.989999771118164,27727,0.0,0.0
2023-03-09 13:30:00-05:00,14.970000267028809,14.979499816894531,14.930000305175781,14.95009994506836,33963,0.0,0.0
2023-03-09 14:30:00-05:00,14.930000305175781,14.930100440979004,14.859999656677246,14.880000114440918,28388,0.0,0.0
2023-03-09 15:30:00-05:00,14.869999885559082,14.879199981689453,14.770000457763672,14.800000190734863,47164,0.0,0.0
2023-03-10 09:30:00-05:00,14.600000381469727,14.680000305175781,14.550000190734863,14.609999656677246,62583,0.0,0.0
2023-03-10 10:30:00-05:00,14.604999542236328,14.6899995803833,14.579999923706055,14.670000076293945,12580,0.0,0.0
2023-03-10 11:30:00-05:00,14.680000305175781,14.689900398254395,14.609999656677246,14.609999656677246,7664,0.0,0.0
2023-03-10 12:30:00-05:00,14.614500045776367,14.670000076293945,14.569999694824219,14.569999694824219,12843,0.0,0.0
2023-03-10 13:30:00-05:00,14.550000190734863,14.550000190734863,14.350000381469727,14.380000114440918,55174,0.0,0.0
2023-03-10 14:30:00-05:00,14.390000343322754,14.420000076293945,14.380000114440918,14.395000457763672,18540,0.0,0.0
2023-03-10 15:30:00-05:00,14.390000343322754,14.399999618530273,14.369999885559082,14.369999885559082,19803,0.0,0.0
2023-03-13 09:30:00-04:00,14.359999656677246,14.5600004196167,14.100000381469727,14.324899673461914,131883,0.0,0.0
2023-03-13 10:30:00-04:00,14.329999923706055,14.529999732971191,14.300000190734863,14.514399528503418,38217,0.0,0.0
2023-03-13 11:30:00-04:00,14.52810001373291,14.539999961853027,14.449999809265137,14.449999809265137,33559,0.0,0.0
2023-03-13 12:30:00-04:00,14.451700210571289,14.475000381469727,14.210000038146973,14.229999542236328,54556,0.0,0.0
2023-03-13 13:30:00-04:00,14.239999771118164,14.25,14.199999809265137,14.218700408935547,27477,0.0,0.0
2023-03-13 14:30:00-04:00,14.21500015258789,14.238300323486328,14.069999694824219,14.069999694824219,51991,0.0,0.0
2023-03-13 15:30:00-04:00,14.050000190734863,14.119999885559082,14.050000190734863,14.079999923706055,0,0.0,0.0
2023-03-14 09:30:00-04:00,14.25,14.350000381469727,14.15999984741211,14.260000228881836,64474,0.0,0.0
2023-03-14 10:30:00-04:00,14.260000228881836,14.40999984741211,14.260000228881836,14.399999618530273,24312,0.0,0.0
2023-03-14 11:30:00-04:00,14.420000076293945,14.420000076293945,14.329999923706055,14.329999923706055,22782,0.0,0.0
2023-03-14 12:30:00-04:00,14.329999923706055,14.380000114440918,14.3100004196167,14.359999656677246,25953,0.0,0.0
2023-03-14 13:30:00-04:00,14.359999656677246,14.359999656677246,14.274999618530273,14.274999618530273,32343,0.0,0.0
2023-03-14 14:30:00-04:00,14.274999618530273,14.28499984741211,14.25,14.268600463867188,24918,0.0,0.0
2023-03-14 15:30:00-04:00,14.279999732971191,14.279999732971191,14.220000267028809,14.279999732971191,13109,0.0,0.0
2023-03-15 09:30:00-04:00,14.0600004196167,14.210000038146973,14.0600004196167,14.180000305175781,28166,0.0,0.0
2023-03-15 10:30:00-04:00,14.199999809265137,14.260000228881836,14.180000305175781,14.199999809265137,30306,0.0,0.0
2023-03-15 11:30:00-04:00,14.220000267028809,14.226300239562988,14.199999809265137,14.207200050354004,11204,0.0,0.0
2023-03-15 12:30:00-04:00,14.199999809265137,14.199999809265137,14.010000228881836,14.010000228881836,34716,0.0,0.0
2023-03-15 13:30:00-04:00,14.0600004196167,14.074399948120117,13.920000076293945,13.970000267028809,88097,0.0,0.0
2023-03-15 14:30:00-04:00,14.010000228881836,14.03499984741211,14.0,14.03499984741211,27476,0.0,0.0
2023-03-15 15:30:00-04:00,14.050000190734863,14.058099746704102,14.020000457763672,14.050000190734863,19833,0.0,0.0
2023-03-16 09:30:00-04:00,14.119999885559082,14.25,14.000300407409668,14.071900367736816,60135,0.0,0.0
2023-03-16 10:30:00-04:00,14.045000076293945,14.199999809265137,14.010000228881836,14.15999984741211,28810,0.0,0.0
2023-03-16 11:30:00-04:00,14.189900398254395,14.23900032043457,14.180000305175781,14.182600021362305,39202,0.0,0.0
2023-03-16 12:30:00-04:00,14.170000076293945,14.460000038146973,14.149999618530273,14.265000343322754,114597,0.0,0.0
2023-03-16 13:30:00-04:00,14.260899543762207,14.3100004196167,14.210000038146973,14.270000457763672,47801,0.0,0.0
2023-03-16 14:30:00-04:00,14.270000457763672,14.34000015258789,14.25,14.34000015258789,21535,0.0,0.0
2023-03-16 15:30:00-04:00,14.350000381469727,14.36989974975586,14.319000244140625,14.34000015258789,37994,0.0,0.0
2023-03-17 09:30:00-04:00,14.1899995803833,14.34000015258789,14.1899995803833,14.20009994506836,55720,0.0,0.0
2023-03-17 10:30:00-04:00,14.204999923706055,14.289999961853027,14.199999809265137,14.255000114440918,24884,0.0,0.0
2023-03-17 11:30:00-04:00,14.255000114440918,14.279899597167969,14.220000267028809,14.239999771118164,28328,0.0,0.0
2023-03-17 12:30:00-04:00,14.25,14.279999732971191,14.220000267028809,14.234999656677246,10031,0.0,0.0
2023-03-17 13:30:00-04:00,14.220000267028809,14.229999542236328,14.149999618530273,14.170000076293945,24812,0.0,0.0
2023-03-17 14:30:00-04:00,14.175000190734863,14.199899673461914,14.149999618530273,14.170000076293945,14068,0.0,0.0
2023-03-17 15:30:00-04:00,14.169099807739258,14.170000076293945,14.140000343322754,14.140000343322754,15473,0.0,0.0
2023-03-20 09:30:00-04:00,14.140000343322754,14.229999542236328,14.13010025024414,14.220000267028809,40755,0.0,0.0
2023-03-20 10:30:00-04:00,14.229999542236328,14.239999771118164,14.185199737548828,14.220000267028809,26363,0.0,0.0
2023-03-20 11:30:00-04:00,14.220000267028809,14.260000228881836,14.199999809265137,14.239999771118164,51002,0.0,0.0
2023-03-20 12:30:00-04:00,14.220000267028809,14.239999771118164,14.199999809265137,14.210000038146973,53513,0.0,0.0
2023-03-20 13:30:00-04:00,14.210000038146973,14.234999656677246,14.199999809265137,14.199999809265137,30987,0.0,0.0
2023-03-20 14:30:00-04:00,14.211000442504883,14.211000442504883,14.109999656677246,14.180000305175781,37095,0.0,0.0
2023-03-20 15:30:00-04:00,14.15999984741211,14.25,14.109999656677246,14.239999771118164,0,0.0,0.0
2023-03-21 09:30:00-04:00,14.4399995803833,14.4399995803833,14.130000114440918,14.149999618530273,19938,0.0,0.0
2023-03-21 10:30:00-04:00,14.140000343322754,14.319999694824219,14.119999885559082,14.229999542236328,22119,0.0,0.0
2023-03-21 11:30:00-04:00,14.28499984741211,14.420000076293945,14.28499984741211,14.380000114440918,18994,0.0,0.0
2023-03-21 12:30:00-04:00,14.389900207519531,14.5,14.389900207519531,14.5,29404,0.0,0.0
2023-03-21 13:30:00-04:00,14.5,14.609999656677246,14.489999771118164,14.576499938964844,41678,0.0,0.0
2023-03-21 14:30:00-04:00,14.585000038146973,14.585000038146973,14.520000457763672,14.520000457763672,41981,0.0,0.0
2023-03-21 15:30:00-04:00,14.47029972076416,14.47029972076416,14.270000457763672,14.34000015258789,75575,0.0,0.0
2023-03-22 09:30:00-04:00,14.34000015258789,14.34000015258789,14.130000114440918,14.229999542236328,0,0.0,0.0
2023-03-22 10:30:00-04:00,14.1899995803833,14.289999961853027,14.1899995803833,14.234999656677246,31780,0.0,0.0
2023-03-22 11:30:00-04:00,14.279999732971191,14.279999732971191,14.059300422668457,14.105299949645996,43690,0.0,0.0
2023-03-22 12:30:00-04:00,14.100000381469727,14.119999885559082,14.050000190734863,14.0600004196167,18006,0.0,0.0
2023-03-22 13:30:00-04:00,14.0600004196167,14.239999771118164,14.0600004196167,14.193099975585938,27603,0.0,0.0
2023-03-22 14:30:00-04:00,14.199999809265137,14.399999618530273,14.180000305175781,14.229999542236328,50800,0.0,0.0
2023-03-22 15:30:00-04:00,14.210000038146973,14.210000038146973,14.069999694824219,14.069999694824219,27975,0.0,0.0
2023-03-23 09:30:00-04:00,14.130000114440918,14.34000015258789,14.130000114440918,14.329999923706055,0,0.0,0.0
2023-03-23 10:30:00-04:00,14.300000190734863,14.459199905395508,14.29990005493164,14.40999984741211,43167,0.0,0.0
2023-03-23 11:30:00-04:00,14.399999618530273,14.5,14.380499839782715,14.449600219726562,40485,0.0,0.0
2023-03-23 12:30:00-04:00,14.435700416564941,14.470000267028809,14.380000114440918,14.430000305175781,27818,0.0,0.0
2023-03-23 13:30:00-04:00,14.399999618530273,14.420000076293945,14.3100004196167,14.3100004196167,15514,0.0,0.0
2023-03-23 14:30:00-04:00,14.3149995803833,14.449999809265137,14.3100004196167,14.319999694824219,52011,0.0,0.0
2023-03-23 15:30:00-04:00,14.319999694824219,14.369999885559082,14.3100004196167,14.369999885559082,15331,0.0,0.0
2023-03-24 09:30:00-04:00,14.399999618530273,14.489999771118164,14.300100326538086,14.489899635314941,0,0.0,0.0
2023-03-24 10:30:00-04:00,14.522299766540527,14.569999694824219,14.4399995803833,14.5,78874,0.0,0.0
2023-03-24 11:30:00-04:00,14.510000228881836,14.510000228881836,14.319999694824219,14.350000381469727,35974,0.0,0.0
2023-03-24 12:30:00-04:00,14.350000381469727,14.489899635314941,14.350000381469727,14.350000381469727,12526,0.0,0.0
2023-03-24 13:30:00-04:00,14.335000038146973,14.34000015258789,14.3100004196167,14.3100004196167,8406,0.0,0.0
2023-03-24 14:30:00-04:00,14.3100004196167,14.40999984741211,14.3100004196167,14.390000343322754,15442,0.0,0.0
2023-03-24 15:30:00-04:00,14.39009952545166,14.470000267028809,14.380000114440918,14.470000267028809,14325,0.0,0.0
2023-03-27 09:30:00-04:00,14.430000305175781,14.5600004196167,14.420000076293945,14.50160026550293,0,0.0,0.0
2023-03-27 10:30:00-04:00,14.510000228881836,14.5600004196167,14.4399995803833,14.529999732971191,27408,0.0,0.0
2023-03-27 11:30:00-04:00,14.53499984741211,14.53499984741211,14.449999809265137,14.494999885559082,11620,0.0,0.0
2023-03-27 12:30:00-04:00,14.494999885559082,14.505000114440918,14.40999984741211,14.470000267028809,32326,0.0,0.0
2023-03-27 13:30:00-04:00,14.460000038146973,14.470000267028809,14.380000114440918,14.40999984741211,21707,0.0,0.0
2023-03-27 14:30:00-04:00,14.420000076293945,14.444999694824219,14.380000114440918,14.444999694824219,21337,0.0,0.0
2023-03-27 15:30:00-04:00,14.4399995803833,14.444999694824219,14.40999984741211,14.430000305175781,16268,0.0,0.0
2023-03-28 09:30:00-04:00,14.359999656677246,14.479999542236328,14.359999656677246,14.4399995803833,28383,0.0,0.0
2023-03-28 10:30:00-04:00,14.449999809265137,14.479900360107422,14.34000015258789,14.34000015258789,14876,0.0,0.0
2023-03-28 11:30:00-04:00,14.34000015258789,14.381199836730957,14.34000015258789,14.35990047454834,20073,0.0,0.0
2023-03-28 12:30:00-04:00,14.34000015258789,14.359999656677246,14.270000457763672,14.300000190734863,19892,0.0,0.0
2023-03-28 13:30:00-04:00,14.289999961853027,14.300000190734863,14.239899635314941,14.239999771118164,28741,0.0,0.0
2023-03-28 14:30:00-04:00,14.25,14.289999961853027,14.239999771118164,14.279899597167969,30144,0.0,0.0
2023-03-28 15:30:00-04:00,14.279999732971191,14.29990005493164,14.25,14.279999732971191,16520,0.0,0.0
2023-03-29 09:30:00-04:00,14.329999923706055,14.369999885559082,14.279999732971191,14.279999732971191,15033,0.0,0.0
2023-03-29 10:30:00-04:00,14.279999732971191,14.329999923706055,14.270000457763672,14.289999961853027,24907,0.0,0.0
2023-03-29 11:30:00-04:00,14.300000190734863,14.34000015258789,14.279999732971191,14.34000015258789,8411,0.0,0.0
2023-03-29 12:30:00-04:00,14.34000015258789,14.369999885559082,14.300000190734863,14.324999809265137,12260,0.0,0.0
2023-03-29 13:30:00-04:00,14.324999809265137,14.350000381469727,14.25,14.300000190734863,20154,0.0,0.0
2023-03-29 14:30:00-04:00,14.28849983215332,14.359999656677246,14.28849983215332,14.34000015258789,21623,0.0,0.0
2023-03-29 15:30:00-04:00,14.345000267028809,14.359999656677246,14.319999694824219,14.34000015258789,8060,0.0,0.0
2023-03-30 09:30:00-04:00,14.369999885559082,14.569999694824219,14.369999885559082,14.529999732971191,0,0.0,0.0
2023-03-30 10:30:00-04:00,14.5,14.539999961853027,14.454500198364258,14.470000267028809,13241,0.0,0.0
2023-03-30 11:30:00-04:00,14.455699920654297,14.5600004196167,14.455699920654297,14.520000457763672,18796,0.0,0.0
2023-03-30 12:30:00-04:00,14.516300201416016,14.600000381469727,14.516300201416016,14.600000381469727,18821,0.0,0.0
2023-03-30 13:30:00-04:00,14.600000381469727,14.710000038146973,14.579999923706055,14.654999732971191,34690,0.0,0.0
2023-03-30 14:30:00-04:00,14.65999984741211,14.6899995803833,14.574299812316895,14.609999656677246,13520,0.0,0.0
2023-03-30 15:30:00-04:00,14.619999885559082,14.649999618530273,14.569999694824219,14.600000381469727,6806,0.0,0.0
2023-03-31 09:30:00-04:00,14.649999618530273,14.649999618530273,14.4306001663208,14.63860034942627,28297,0.0,0.0
2023-03-31 10:30:00-04:00,14.640000343322754,14.720000267028809,14.59000015258789,14.699999809265137,25398,0.0,0.0
2023-03-31 11:30:00-04:00,14.710000038146973,14.75,14.680100440979004,14.75,23123,0.0,0.0
2023-03-31 12:30:00-04:00,14.75,14.829999923706055,14.699999809265137,14.760000228881836,12638,0.0,0.0
2023-03-31 13:30:00-04:00,14.729999542236328,14.859999656677246,14.729999542236328,14.819299697875977,11905,0.0,0.0
2023-03-31 14:30:00-04:00,14.8149995803833,14.829999923706055,14.800000190734863,14.819999694824219,13725,0.0,0.0
2023-03-31 15:30:00-04:00,14.829999923706055,14.850000381469727,14.8100004196167,14.850000381469727,17228,0.0,0.0
2023-04-03 09:30:00-04:00,14.800000190734863,15.109999656677246,14.800000190734863,15.029999732971191,62258,0.0,0.0
2023-04-03 10:30:00-04:00,15.029999732971191,15.049200057983398,14.899999618530273,14.899999618530273,14686,0.0,0.0
2023-04-03 11:30:00-04:00,14.930000305175781,14.932600021362305,14.885000228881836,14.885000228881836,34292,0.0,0.0
2023-04-03 12:30:00-04:00,14.888400077819824,14.920000076293945,14.869999885559082,14.869999885559082,33242,0.0,0.0
2023-04-03 13:30:00-04:00,14.819999694824219,14.84000015258789,14.670000076293945,14.710000038146973,27121,0.0,0.0
2023-04-03 14:30:00-04:00,14.704999923706055,14.704999923706055,14.649999618530273,14.694999694824219,21379,0.0,0.0
2023-04-03 15:30:00-04:00,14.710000038146973,14.75,14.6899995803833,14.75,25805,0.0,0.0
2023-04-04 09:30:00-04:00,14.850000381469727,14.999899864196777,14.8100004196167,14.899999618530273,0,0.0,0.0
2023-04-04 10:30:00-04:00,14.899999618530273,15.079999923706055,14.895000457763672,14.960000038146973,37370,0.0,0.0
2023-04-04 11:30:00-04:00,14.960000038146973,14.960000038146973,14.930000305175781,14.949999809265137,21499,0.0,0.0
2023-04-04 12:30:00-04:00,14.949999809265137,15.024999618530273,14.880000114440918,14.970000267028809,57553,0.0,0.0
2023-04-04 13:30:00-04:00,14.970000267028809,14.970000267028809,14.906700134277344,14.920000076293945,37542,0.0,0.0
2023-04-04 14:30:00-04:00,14.925000190734863,15.0,14.925000190734863,14.930000305175781,22674,0.0,0.0
2023-04-04 15:30:00-04:00,14.936699867248535,15.0,14.936699867248535,14.989999771118164,14672,0.0,0.0
2023-04-05 09:30:00-04:00,14.880000114440918,15.010000228881836,14.860099792480469,14.994999885559082,16532,0.0,0.0
2023-04-05 10:30:00-04:00,15.010000228881836,15.050000190734863,14.979999542236328,14.98009967803955,18503,0.0,0.0
2023-04-05 11:30:00-04:00,14.98009967803955,15.02929973602295,14.960000038146973,15.024999618530273,18770,0.0,0.0
2023-04-05 12:30:00-04:00,15.024999618530273,15.050000190734863,14.989999771118164,15.030500411987305,10950,0.0,0.0
2023-04-05 13:30:00-04:00,15.049200057983398,15.050000190734863,14.979900360107422,14.984999656677246,8194,0.0,0.0
2023-04-05 14:30:00-04:00,15.0,15.0,14.979999542236328,15.0,6399,0.0,0.0
2023-04-05 15:30:00-04:00,15.010000228881836,15.010000228881836,14.979999542236328,14.979999542236328,7892,0.0,0.0
2023-04-06 09:30:00-04:00,14.899999618530273,15.0,14.899999618530273,15.0,8262,0.0,0.0
2023-04-06 10:30:00-04:00,15.0,15.029999732971191,14.970000267028809,14.995499610900879,19508,0.0,0.0
2023-04-06 11:30:00-04:00,14.989999771118164,14.989999771118164,14.960000038146973,14.970000267028809,15866,0.0,0.0
2023-04-06 12:30:00-04:00,14.960000038146973,14.970000267028809,14.949999809265137,14.970000267028809,14206,0.0,0.0
2023-04-06 13:30:00-04:00,14.96090030670166,14.96090030670166,14.949999809265137,14.960000038146973,1088,0.0,0.0
2023-04-06 14:30:00-04:00,14.95009994506836,14.95009994506836,14.930000305175781,14.939399719238281,9586,0.0,0.0
2023-04-06 15:30:00-04:00,14.93690013885498,14.9399995803833,14.922499656677246,14.930000305175781,8557,0.0,0.0
2023-04-10 09:30:00-04:00,15.0,15.0,14.899999618530273,14.949999809265137,30135,0.0,0.0
2023-04-10 10:30:00-04:00,14.949999809265137,14.984000205993652,14.9306001663208,14.98270034790039,5563,0.0,0.0
2023-04-10 11:30:00-04:00,14.971699714660645,14.989999771118164,14.933099746704102,14.9399995803833,26905,0.0,0.0
2023-04-10 12:30:00-04:00,14.930000305175781,14.9399995803833,14.930000305175781,14.930100440979004,32675,0.0,0.0
2023-04-10 13:30:00-04:00,14.939900398254395,14.9399995803833,14.930000305175781,14.939900398254395,31179,0.0,0.0
2023-04-10 14:30:00-04:00,14.960000038146973,14.960000038146973,14.930000305175781,14.949999809265137,12505,0.0,0.0
2023-04-10 15:30:00-04:00,14.9399995803833,14.969799995422363,14.930000305175781,14.930000305175781,8028,0.0,0.0
2023-04-11 09:30:00-04:00,15.039999961853027,15.039999961853027,14.970000267028809,14.98490047454834,16101,0.0,0.0
2023-04-11 10:30:00-04:00,14.979999542236328,15.0649995803833,14.979999542236328,14.998800277709961,29986,0.0,0.0
2023-04-11 11:30:00-04:00,15.079899787902832,15.079899787902832,14.994099617004395,15.0,5699,0.0,0.0
2023-04-11 12:30:00-04:00,15.046600341796875,15.046600341796875,14.979999542236328,14.995200157165527,15671,0.0,0.0
2023-04-11 13:30:00-04:00,15.0,15.020000457763672,14.970000267028809,14.970000267028809,9267,0.0,0.0
2023-04-11 14:30:00-04:00,14.979900360107422,15.0,14.979100227355957,15.0,14017,0.0,0.0
2023-04-11 15:30:00-04:00,14.989999771118164,14.994999885559082,14.949999809265137,14.969200134277344,10115,0.0,0.0
2023-04-12 09:30:00-04:00,14.920000076293945,14.949999809265137,14.850000381469727,14.890000343322754,0,0.0,0.0
2023-04-12 10:30:00-04:00,14.949899673461914,14.949899673461914,14.829999923706055,14.87399959564209,12459,0.0,0.0
2023-04-12 11:30:00-04:00,14.854999542236328,14.859999656677246,14.84000015258789,14.840100288391113,8267,0.0,0.0
2023-04-12 12:30:00-04:00,14.865699768066406,14.90999984741211,14.850000381469727,14.898200035095215,5196,0.0,0.0
2023-04-12 13:30:00-04:00,14.89009952545166,14.895000457763672,14.859999656677246,14.880000114440918,11534,0.0,0.0
2023-04-12 14:30:00-04:00,14.880000114440918,14.899900436401367,14.829999923706055,14.829999923706055,38547,0.0,0.0
2023-04-12 15:30:00-04:00,14.824999809265137,14.824999809265137,14.770000457763672,14.770000457763672,13159,0.0,0.0
2023-04-13 09:30:00-04:00,14.8100004196167,14.90999984741211,14.75,14.890000343322754,28431,0.0,0.0
2023-04-13 10:30:00-04:00,14.890000343322754,14.989999771118164,14.850000381469727,14.989999771118164,10798,0.0,0.0
2023-04-13 11:30:00-04:00,14.989999771118164,14.989999771118164,14.880000114440918,14.957200050354004,22070,0.0,0.0
2023-04-13 12:30:00-04:00,14.922499656677246,14.960000038146973,14.90999984741211,14.920000076293945,20395,0.0,0.0
2023-04-13 13:30:00-04:00,14.914999961853027,14.920000076293945,14.869999885559082,14.890000343322754,14271,0.0,0.0
2023-04-13 14:30:00-04:00,14.869999885559082,14.890000343322754,14.850000381469727,14.855299949645996,7744,0.0,0.0
2023-04-13 15:30:00-04:00,14.859999656677246,14.880000114440918,14.854999542236328,14.875200271606445,7853,0.0,0.0
2023-04-14 09:30:00-04:00,14.920000076293945,14.920000076293945,14.786299705505371,14.800000190734863,0,0.0,0.0
2023-04-14 10:30:00-04:00,14.8100004196167,14.869999885559082,14.800000190734863,14.869999885559082,12586,0.0,0.0
2023-04-14 11:30:00-04:00,14.869999885559082,14.899999618530273,14.829999923706055,14.859999656677246,22197,0.0,0.0
2023-04-14 12:30:00-04:00,14.859999656677246,14.899900436401367,14.859999656677246,14.882599830627441,10133,0.0,0.0
2023-04-14 13:30:00-04:00,14.829999923706055,14.890000343322754,14.75,14.774999618530273,22716,0.0,0.0
2023-04-14 14:30:00-04:00,14.774999618530273,14.779999732971191,14.724300384521484,14.75,17941,0.0,0.0
2023-04-14 15:30:00-04:00,14.765000343322754,14.770000457763672,14.6899995803833,14.710000038146973,14109,0.0,0.0
2023-04-17 09:30:00-04:00,14.699999809265137,14.79990005493164,14.643600463867188,14.79990005493164,36577,0.0,0.0
2023-04-17 10:30:00-04:00,14.800000190734863,14.800000190734863,14.550000190734863,14.720000267028809,42358,0.0,0.0
2023-04-17 11:30:00-04:00,14.680000305175781,14.739999771118164,14.680000305175781,14.704999923706055,8446,0.0,0.0
2023-04-17 12:30:00-04:00,14.714200019836426,14.759900093078613,14.680000305175781,14.759900093078613,18303,0.0,0.0
2023-04-17 13:30:00-04:00,14.731599807739258,14.731599807739258,14.579999923706055,14.625,32523,0.0,0.0
2023-04-17 14:30:00-04:00,14.649999618530273,14.670000076293945,14.59000015258789,14.65999984741211,18844,0.0,0.0
2023-04-17 15:30:00-04:00,14.6496000289917,14.6496000289917,14.520000457763672,14.520000457763672,0,0.0,0.0
2023-04-18 09:30:00-04:00,14.550000190734863,14.649999618530273,14.532500267028809,14.630000114440918,33864,0.0,0.0
2023-04-18 10:30:00-04:00,14.600000381469727,14.6899995803833,14.59000015258789,14.630000114440918,16291,0.0,0.0
2023-04-18 11:30:00-04:00,14.640000343322754,14.65999984741211,14.550999641418457,14.5600004196167,19469,0.0,0.0
2023-04-18 12:30:00-04:00,14.598400115966797,14.600000381469727,14.4399995803833,14.501799583435059,41280,0.0,0.0
2023-04-18 13:30:00-04:00,14.520000457763672,14.520000457763672,14.40999984741211,14.460000038146973,29172,0.0,0.0
2023-04-18 14:30:00-04:00,14.449999809265137,14.489999771118164,14.430000305175781,14.474200248718262,10801,0.0,0.0
2023-04-18 15:30:00-04:00,14.472200393676758,14.479999542236328,14.4399995803833,14.479999542236328,10337,0.0,0.0
2023-04-19 09:30:00-04:00,14.399999618530273,14.550000190734863,14.260000228881836,14.260000228881836,0,0.0,0.0
2023-04-19 10:30:00-04:00,14.295000076293945,14.40999984741211,14.295000076293945,14.399999618530273,12489,0.0,0.0
2023-04-19 11:30:00-04:00,14.390000343322754,14.390000343322754,14.300000190734863,14.350000381469727,26341,0.0,0.0
2023-04-19 12:30:00-04:00,14.346400260925293,14.363200187683105,14.1899995803833,14.1899995803833,47671,0.0,0.0
2023-04-19 13:30:00-04:00,14.194999694824219,14.239999771118164,14.180000305175781,14.188899993896484,29754,0.0,0.0
2023-04-19 14:30:00-04:00,14.180000305175781,14.260000228881836,14.15999984741211,14.246399879455566,23557,0.0,0.0
2023-04-19 15:30:00-04:00,14.220000267028809,14.229999542236328,14.199999809265137,14.210000038146973,19576,0.0,0.0
2023-04-20 09:30:00-04:00,14.15999984741211,14.265000343322754,14.15999984741211,14.220100402832031,19757,0.0,0.0
2023-04-20 10:30:00-04:00,14.210000038146973,14.25,14.180000305175781,14.220000267028809,17382,0.0,0.0
2023-04-20 11:30:00-04:00,14.219200134277344,14.249899864196777,14.170000076293945,14.220000267028809,19258,0.0,0.0
2023-04-20 12:30:00-04:00,14.210000038146973,14.229999542236328,14.1899995803833,14.210000038146973,18255,0.0,0.0
2023-04-20 13:30:00-04:00,14.199999809265137,14.199999809265137,14.15999984741211,14.175000190734863,18534,0.0,0.0
2023-04-20 14:30:00-04:00,14.170000076293945,14.194999694824219,14.125,14.179100036621094,16184,0.0,0.0
2023-04-20 15:30:00-04:00,14.173500061035156,14.198599815368652,14.140000343322754,14.1899995803833,11352,0.0,0.0
2023-04-21 09:30:00-04:00,14.239999771118164,14.244999885559082,14.15999984741211,14.15999984741211,0,0.0,0.0
2023-04-21 10:30:00-04:00,14.180000305175781,14.197999954223633,14.148799896240234,14.180000305175781,15658,0.0,0.0
2023-04-21 11:30:00-04:00,14.170100212097168,14.180000305175781,14.149999618530273,14.15999984741211,7917,0.0,0.0
2023-04-21 12:30:00-04:00,14.154999732971191,14.180000305175781,14.154999732971191,14.174799919128418,13720,0.0,0.0
2023-04-21 13:30:00-04:00,14.175000190734863,14.1899995803833,14.149999618530273,14.15999984741211,19718,0.0,0.0
2023-04-21 14:30:00-04:00,14.15999984741211,14.359999656677246,14.15999984741211,14.34000015258789,43701,0.0,0.0
2023-04-21 15:30:00-04:00,14.3100004196167,14.349800109863281,14.3100004196167,14.329999923706055,0,0.0,0.0
2023-04-24 09:30:00-04:00,14.350000381469727,14.51200008392334,14.350000381469727,14.470000267028809,36501,0.0,0.0
2023-04-24 10:30:00-04:00,14.460000038146973,14.479999542236328,14.4399995803833,14.479999542236328,15962,0.0,0.0
2023-04-24 11:30:00-04:00,14.479999542236328,14.510000228881836,14.390000343322754,14.400099754333496,33214,0.0,0.0
2023-04-24 12:30:00-04:00,14.4399995803833,14.449999809265137,14.380000114440918,14.4399995803833,20578,0.0,0.0
2023-04-24 13:30:00-04:00,14.420000076293945,14.489999771118164,14.40999984741211,14.470000267028809,19465,0.0,0.0
2023-04-24 14:30:00-04:00,14.470000267028809,14.5,14.4399995803833,14.444999694824219,11590,0.0,0.0
2023-04-24 15:30:00-04:00,14.449999809265137,14.484800338745117,14.4399995803833,14.484800338745117,0,0.0,0.0
2023-04-25 09:30:00-04:00,14.520000457763672,14.520000457763672,14.430000305175781,14.430000305175781,4753,0.0,0.0
2023-04-25 10:30:00-04:00,14.40999984741211,14.40999984741211,14.369999885559082,14.390000343322754,15583,0.0,0.0
2023-04-25 11:30:00-04:00,14.380000114440918,14.430000305175781,14.380000114440918,14.42140007019043,0,0.0,0.0
2023-04-25 12:30:00-04:00,14.420000076293945,14.420000076293945,14.319999694824219,14.319999694824219,60991,0.0,0.0
2023-04-25 13:30:00-04:00,14.343600273132324,14.364999771118164,14.300000190734863,14.3100004196167,25980,0.0,0.0
2023-04-25 14:30:00-04:00,14.3149995803833,14.34000015258789,14.229999542236328,14.29990005493164,39557,0.0,0.0
2023-04-25 15:30:00-04:00,14.300000190734863,14.329999923706055,14.260000228881836,14.260000228881836,20864,0.0,0.0
2023-04-26 09:30:00-04:00,14.229999542236328,14.289999961853027,14.199999809265137,14.230299949645996,23492,0.0,0.0
2023-04-26 10:30:00-04:00,14.249899864196777,14.324999809265137,14.210000038146973,14.319999694824219,18996,0.0,0.0
2023-04-26 11:30:00-04:00,14.270000457763672,14.319999694824219,14.229999542236328,14.293999671936035,14813,0.0,0.0
2023-04-26 12:30:00-04:00,14.329899787902832,14.329899787902832,14.199999809265137,14.239999771118164,18638,0.0,0.0
2023-04-26 13:30:00-04:00,14.239999771118164,14.239999771118164,14.175000190734863,14.175000190734863,15927,0.0,0.0
2023-04-26 14:30:00-04:00,14.170000076293945,14.24470043182373,14.170000076293945,14.21500015258789,27160,0.0,0.0
2023-04-26 15:30:00-04:00,14.21500015258789,14.239999771118164,14.170000076293945,14.199999809265137,12039,0.0,0.0
2023-04-27 09:30:00-04:00,14.199999809265137,14.329999923706055,14.199999809265137,14.300100326538086,0,0.0,0.0
2023-04-27 10:30:00-04:00,14.3100004196167,14.34000015258789,14.260000228881836,14.310099601745605,33118,0.0,0.0
2023-04-27 11:30:00-04:00,14.324999809265137,14.324999809265137,14.265000343322754,14.319999694824219,16246,0.0,0.0
2023-04-27 12:30:00-04:00,14.325300216674805,14.325300216674805,14.260000228881836,14.260000228881836,20773,0.0,0.0
2023-04-27 13:30:00-04:00,14.265000343322754,14.298999786376953,14.260000228881836,14.260000228881836,13597,0.0,0.0
2023-04-27 14:30:00-04:00,14.270000457763672,14.3100004196167,14.260000228881836,14.300000190734863,8910,0.0,0.0
2023-04-27 15:30:00-04:00,14.300000190734863,14.319999694824219,14.289999961853027,14.319999694824219,3911,0.0,0.0
2023-04-28 09:30:00-04:00,14.380000114440918,14.380000114440918,14.350000381469727,14.359999656677246,14570,0.0,0.0
2023-04-28 10:30:00-04:00,14.369999885559082,14.40999984741211,14.359999656677246,14.36400032043457,18886,0.0,0.0
2023-04-28 11:30:00-04:00,14.369999885559082,14.40999984741211,14.359999656677246,14.36769962310791,31185,0.0,0.0
2023-04-28 12:30:00-04:00,14.369999885559082,14.390000343322754,14.350000381469727,14.369999885559082,28991,0.0,0.0
2023-04-28 13:30:00-04:00,14.369999885559082,14.399999618530273,14.350000381469727,14.359999656677246,14204,0.0,0.0
2023-04-28 14:30:00-04:00,14.350000381469727,14.40999984741211,14.34000015258789,14.399999618530273,18493,0.0,0.0
2023-04-28 15:30:00-04:00,14.399999618530273,14.430000305175781,14.380000114440918,14.390000343322754,19816,0.0,0.0
2023-05-01 09:30:00-04:00,14.430000305175781,14.430000305175781,14.289999961853027,14.30519962310791,54763,0.0,0.0
2023-05-01 10:30:00-04:00,14.305000305175781,14.369999885559082,14.289999961853027,14.323800086975098,55218,0.0,0.0
2023-05-01 11:30:00-04:00,14.319999694824219,14.319999694824219,14.25,14.274999618530273,19732,0.0,0.0
2023-05-01 12:30:00-04:00,14.279999732971191,14.329999923706055,14.279999732971191,14.324999809265137,17254,0.0,0.0
2023-05-01 13:30:00-04:00,14.329999923706055,14.369999885559082,14.3100004196167,14.3100004196167,15775,0.0,0.0
2023-05-01 14:30:00-04:00,14.3100004196167,14.319999694824219,14.229999542236328,14.260000228881836,43281,0.0,0.0
2023-05-01 15:30:00-04:00,14.260000228881836,14.26990032196045,14.220000267028809,14.220000267028809,10919,0.0,0.0
2023-05-02 09:30:00-04:00,14.350000381469727,14.389900207519531,14.25,14.270000457763672,35295,0.0,0.0
2023-05-02 10:30:00-04:00,14.270000457763672,14.319999694824219,14.180000305175781,14.319999694824219,37682,0.0,0.0
2023-05-02 11:30:00-04:00,14.319999694824219,14.369999885559082,14.270000457763672,14.363200187683105,20752,0.0,0.0
2023-05-02 12:30:00-04:00,14.369999885559082,14.430000305175781,14.345000267028809,14.420000076293945,19252,0.0,0.0
2023-05-02 13:30:00-04:00,14.430000305175781,14.430000305175781,14.300000190734863,14.324999809265137,49200,0.0,0.0
2023-05-02 14:30:00-04:00,14.334799766540527,14.34000015258789,14.270000457763672,14.324999809265137,14032,0.0,0.0
2023-05-02 15:30:00-04:00,14.329999923706055,14.350000381469727,14.3100004196167,14.34000015258789,7567,0.0,0.0
2023-05-03 09:30:00-04:00,14.34000015258789,14.40999984741211,14.3100004196167,14.336199760437012,0,0.0,0.0
2023-05-03 10:30:00-04:00,14.3100004196167,14.329899787902832,14.25,14.277999877929688,23920,0.0,0.0
2023-05-03 11:30:00-04:00,14.31719970703125,14.31719970703125,14.260000228881836,14.260000228881836,13512,0.0,0.0
2023-05-03 12:30:00-04:00,14.27810001373291,14.319999694824219,14.25,14.299599647521973,19689,0.0,0.0
2023-05-03 13:30:00-04:00,14.289999961853027,14.350000381469727,14.289999961853027,14.341300010681152,24790,0.0,0.0
2023-05-03 14:30:00-04:00,14.34000015258789,14.390000343322754,14.319999694824219,14.319999694824219,16690,0.0,0.0
2023-05-03 15:30:00-04:00,14.350000381469727,14.359999656677246,14.316200256347656,14.34000015258789,10564,0.0,0.0
2023-05-04 09:30:00-04:00,14.300000190734863,14.379899978637695,14.300000190734863,14.360600471496582,18204,0.0,0.0
2023-05-04 10:30:00-04:00,14.359999656677246,14.359999656677246,14.199999809265137,14.28499984741211,37095,0.0,0.0
2023-05-04 11:30:00-04:00,14.299099922180176,14.34000015258789,14.260000228881836,14.3100004196167,24324,0.0,0.0
2023-05-04 12:30:00-04:00,14.289999961853027,14.34000015258789,14.289999961853027,14.321700096130371,17451,0.0,0.0
2023-05-04 13:30:00-04:00,14.336000442504883,14.336000442504883,14.239999771118164,14.260000228881836,17710,0.0,0.0
2023-05-04 14:30:00-04:00,14.259900093078613,14.289999961853027,14.149999618530273,14.239999771118164,47139,0.0,0.0
2023-05-04 15:30:00-04:00,14.239999771118164,14.239999771118164,14.149999618530273,14.180000305175781,38961,0.0,0.0
2023-05-05 09:30:00-04:00,14.300000190734863,14.460000038146973,14.28499984741211,14.40999984741211,42086,0.0,0.0
2023-05-05 10:30:00-04:00,14.385000228881836,14.470000267028809,14.350000381469727,14.469900131225586,18307,0.0,0.0
2023-05-05 11:30:00-04:00,14.459400177001953,14.470000267028809,14.405400276184082,14.420000076293945,12086,0.0,0.0
2023-05-05 12:30:00-04:00,14.420000076293945,14.489999771118164,14.390000343322754,14.454999923706055,22438,0.0,0.0
2023-05-05 13:30:00-04:00,14.4399995803833,14.4399995803833,14.414999961853027,14.414999961853027,14221,0.0,0.0
2023-05-05 14:30:00-04:00,14.420000076293945,14.515399932861328,14.40999984741211,14.510000228881836,17894,0.0,0.0
2023-05-05 15:30:00-04:00,14.520000457763672,14.529999732971191,14.5,14.510000228881836,11846,0.0,0.0
2023-05-08 09:30:00-04:00,14.649999618530273,14.710000038146973,14.449999809265137,14.529899597167969,24460,0.0,0.0
2023-05-08 10:30:00-04:00,14.51990032196045,14.5600004196167,14.470000267028809,14.519100189208984,23883,0.0,0.0
2023-05-08 11:30:00-04:00,14.5,14.520000457763672,14.470000267028809,14.520000457763672,16614,0.0,0.0
2023-05-08 12:30:00-04:00,14.519700050354004,14.520000457763672,14.473999977111816,14.510000228881836,10180,0.0,0.0
2023-05-08 13:30:00-04:00,14.5,14.506699562072754,14.430000305175781,14.484999656677246,22986,0.0,0.0
2023-05-08 14:30:00-04:00,14.470000267028809,14.489999771118164,14.430000305175781,14.46150016784668,22865,0.0,0.0
2023-05-08 15:30:00-04:00,14.453900337219238,14.484600067138672,14.453900337219238,14.460000038146973,2797,0.0,0.0
2023-05-09 09:30:00-04:00,14.420000076293945,14.510000228881836,14.40999984741211,14.4350004196167,12350,0.0,0.0
2023-05-09 10:30:00-04:00,14.478799819946289,14.478799819946289,14.380000114440918,14.40999984741211,6991,0.0,0.0
2023-05-09 11:30:00-04:00,14.404999732971191,14.420000076293945,14.350000381469727,14.420000076293945,9937,0.0,0.0
2023-05-09 12:30:00-04:00,14.449999809265137,14.479999542236328,14.414999961853027,14.430000305175781,20246,0.0,0.0
2023-05-09 13:30:00-04:00,14.420000076293945,14.489700317382812,14.399999618530273,14.449999809265137,37127,0.0,0.0
2023-05-09 14:30:00-04:00,14.470000267028809,14.470000267028809,14.390000343322754,14.430000305175781,17897,0.0,0.0
2023-05-09 15:30:00-04:00,14.430000305175781,14.470000267028809,14.420000076293945,14.460000038146973,15979,0.0,0.0
2023-05-10 09:30:00-04:00,14.40999984741211,14.420000076293945,14.199999809265137,14.279999732971191,0,0.0,0.0
2023-05-10 10:30:00-04:00,14.319899559020996,14.319899559020996,14.25,14.295000076293945,10583,0.0,0.0
2023-05-10 11:30:00-04:00,14.295000076293945,14.303999900817871,14.279999732971191,14.295000076293945,7261,0.0,0.0
2023-05-10 12:30:00-04:00,14.295000076293945,14.3100004196167,14.15999984741211,14.15999984741211,28776,0.0,0.0
2023-05-10 13:30:00-04:00,14.15999984741211,14.1899995803833,14.069999694824219,14.170000076293945,50085,0.0,0.0
2023-05-10 14:30:00-04:00,14.170000076293945,14.220000267028809,14.170000076293945,14.219900131225586,17560,0.0,0.0
2023-05-10 15:30:00-04:00,14.1899995803833,14.219900131225586,14.180000305175781,14.180000305175781,4585,0.0,0.0
2023-05-11 09:30:00-04:00,14.329999923706055,14.329999923706055,14.175700187683105,14.1899995803833,28637,0.0,0.0
2023-05-11 10:30:00-04:00,14.1850004196167,14.210000038146973,14.175700187683105,14.1899995803833,23724,0.0,0.0
2023-05-11 11:30:00-04:00,14.194999694824219,14.210000038146973,14.180000305175781,14.180100440979004,29806,0.0,0.0
2023-05-11 12:30:00-04:00,14.185099601745605,14.199999809265137,14.170000076293945,14.180000305175781,24157,0.0,0.0
2023-05-11 13:30:00-04:00,14.180000305175781,14.180000305175781,14.140000343322754,14.140000343322754,17103,0.0,0.0
2023-05-11 14:30:00-04:00,14.140000343322754,14.175000190734863,14.109999656677246,14.145000457763672,25479,0.0,0.0
2023-05-11 15:30:00-04:00,14.149999618530273,14.199999809265137,14.149999618530273,14.170000076293945,8469,0.0,0.0
2023-05-12 09:30:00-04:00,14.180000305175781,14.1899995803833,14.130000114440918,14.135000228881836,0,0.0,0.0
2023-05-12 10:30:00-04:00,14.130000114440918,14.159899711608887,14.119999885559082,14.132499694824219,24798,0.0,0.0
2023-05-12 11:30:00-04:00,14.135000228881836,14.15999984741211,14.127900123596191,14.135199546813965,12579,0.0,0.0
2023-05-12 12:30:00-04:00,14.130000114440918,14.140000343322754,14.079999923706055,14.086099624633789,19621,0.0,0.0
2023-05-12 13:30:00-04:00,14.085000038146973,14.114999771118164,14.039999961853027,14.039999961853027,37757,0.0,0.0
2023-05-12 14:30:00-04:00,14.039999961853027,14.109999656677246,14.039999961853027,14.087400436401367,15020,0.0,0.0
2023-05-12 15:30:00-04:00,14.089900016784668,14.109999656677246,14.079999923706055,14.109999656677246,13664,0.0,0.0
2023-05-15 09:30:00-04:00,14.100000381469727,14.199999809265137,14.100000381469727,14.100000381469727,0,0.0,0.0
2023-05-15 10:30:00-04:00,14.109999656677246,14.109999656677246,14.050000190734863,14.069999694824219,19492,0.0,0.0
2023-05-15 11:30:00-04:00,14.089900016784668,14.149999618530273,14.069999694824219,14.095000267028809,19606,0.0,0.0
2023-05-15 12:30:00-04:00,14.095000267028809,14.149999618530273,14.039999961853027,14.050000190734863,22801,0.0,0.0
2023-05-15 13:30:00-04:00,14.050000190734863,14.069899559020996,14.0,14.010000228881836,45565,0.0,0.0
2023-05-15 14:30:00-04:00,14.015000343322754,14.069999694824219,14.0,14.029999732971191,35678,0.0,0.0
2023-05-15 15:30:00-04:00,14.045000076293945,14.079999923706055,14.038900375366211,14.079999923706055,9152,0.0,0.0
2023-05-16 09:30:00-04:00,14.020000457763672,14.139900207519531,14.020000457763672,14.074999809265137,22437,0.0,0.0
2023-05-16 10:30:00-04:00,14.079999923706055,14.130000114440918,14.07390022277832,14.09000015258789,28649,0.0,0.0
2023-05-16 11:30:00-04:00,14.100000381469727,14.109600067138672,14.039999961853027,14.039999961853027,30524,0.0,0.0
2023-05-16 12:30:00-04:00,14.039999961853027,14.069999694824219,13.989999771118164,14.01990032196045,37874,0.0,0.0
2023-05-16 13:30:00-04:00,14.010000228881836,14.010899543762207,13.9399995803833,13.949999809265137,78133,0.0,0.0
2023-05-16 14:30:00-04:00,13.949999809265137,14.020000457763672,13.949999809265137,14.010000228881836,22114,0.0,0.0
2023-05-16 15:30:00-04:00,14.010000228881836,14.020000457763672,14.005000114440918,14.020000457763672,9727,0.0,0.0
2023-05-17 09:30:00-04:00,14.069999694824219,14.069999694824219,13.890000343322754,13.90999984741211,35185,0.0,0.0
2023-05-17 10:30:00-04:00,13.944999694824219,13.969900131225586,13.880000114440918,13.920000076293945,30321,0.0,0.0
2023-05-17 11:30:00-04:00,13.90999984741211,13.949999809265137,13.890000343322754,13.944000244140625,16185,0.0,0.0
2023-05-17 12:30:00-04:00,13.920000076293945,13.970000267028809,13.904999732971191,13.954999923706055,24959,0.0,0.0
2023-05-17 13:30:00-04:00,13.949999809265137,13.960000038146973,13.899999618530273,13.90999984741211,25750,0.0,0.0
2023-05-17 14:30:00-04:00,13.90999984741211,13.95989990234375,13.899999618530273,13.94540023803711,43896,0.0,0.0
2023-05-17 15:30:00-04:00,13.930000305175781,13.97760009765625,13.930000305175781,13.960000038146973,11215,0.0,0.0
2023-05-18 09:30:00-04:00,13.899999618530273,14.050000190734863,13.890000343322754,13.990099906921387,0,0.0,0.0
2023-05-18 10:30:00-04:00,14.013999938964844,14.09000015258789,14.008600234985352,14.050000190734863,13687,0.0,0.0
2023-05-18 11:30:00-04:00,14.020000457763672,14.020000457763672,14.010000228881836,14.015000343322754,6077,0.0,0.0
2023-05-18 12:30:00-04:00,14.020000457763672,14.050000190734863,14.005000114440918,14.020000457763672,17867,0.0,0.0
2023-05-18 13:30:00-04:00,14.0,14.009900093078613,13.949999809265137,13.960000038146973,25725,0.0,0.0
2023-05-18 14:30:00-04:00,13.949999809265137,13.986599922180176,13.949999809265137,13.960000038146973,12733,0.0,0.0
2023-05-18 15:30:00-04:00,13.949999809265137,14.0,13.949999809265137,13.984999656677246,11023,0.0,0.0
2023-05-19 09:30:00-04:00,13.970000267028809,14.04990005493164,13.970000267028809,14.010100364685059,0,0.0,0.0
2023-05-19 10:30:00-04:00,14.043700218200684,14.0600004196167,13.997599601745605,14.03499984741211,27671,0.0,0.0
2023-05-19 11:30:00-04:00,14.0,14.039999961853027,14.0,14.029899597167969,3704,0.0,0.0
2023-05-19 12:30:00-04:00,14.000100135803223,14.053500175476074,14.000100135803223,14.039999961853027,18185,0.0,0.0
2023-05-19 13:30:00-04:00,14.029899597167969,14.029899597167969,14.0,14.020000457763672,1912,0.0,0.0
2023-05-19 14:30:00-04:00,14.029999732971191,14.0600004196167,14.020000457763672,14.0600004196167,12731,0.0,0.0
2023-05-19 15:30:00-04:00,14.0600004196167,14.069999694824219,14.020000457763672,14.0600004196167,20440,0.0,0.0
2023-05-22 09:30:00-04:00,14.069999694824219,14.1697998046875,14.069999694824219,14.079999923706055,20144,0.0,0.0
2023-05-22 10:30:00-04:00,14.07960033416748,14.124300003051758,14.07960033416748,14.124300003051758,2832,0.0,0.0
2023-05-22 11:30:00-04:00,14.140000343322754,14.140000343322754,14.069999694824219,14.069999694824219,14334,0.0,0.0
2023-05-22 12:30:00-04:00,14.095000267028809,14.118000030517578,14.020000457763672,14.02649974822998,14774,0.0,0.0
2023-05-22 13:30:00-04:00,14.020099639892578,14.020099639892578,13.960000038146973,13.970000267028809,24549,0.0,0.0
2023-05-22 14:30:00-04:00,13.970000267028809,14.029999732971191,13.970000267028809,14.005000114440918,10435,0.0,0.0
2023-05-22 15:30:00-04:00,14.0,14.010000228881836,13.970000267028809,14.0,12302,0.0,0.0
2023-05-23 09:30:00-04:00,13.960000038146973,14.03499984741211,13.960000038146973,14.020099639892578,0,0.0,0.0
2023-05-23 10:30:00-04:00,14.020099639892578,14.116900444030762,14.0,14.050000190734863,20401,0.0,0.0
2023-05-23 11:30:00-04:00,14.149900436401367,14.149900436401367,14.029999732971191,14.055000305175781,15814,0.0,0.0
2023-05-23 12:30:00-04:00,14.049400329589844,14.100000381469727,14.0,14.0,11655,0.0,0.0
2023-05-23 13:30:00-04:00,14.020000457763672,14.039999961853027,14.0,14.010000228881836,11513,0.0,0.0
2023-05-23 14:30:00-04:00,14.020000457763672,14.069999694824219,13.994600296020508,14.020000457763672,15921,0.0,0.0
2023-05-23 15:30:00-04:00,14.020000457763672,14.045000076293945,14.020000457763672,14.020000457763672,5099,0.0,0.0
2023-05-24 09:30:00-04:00,14.079999923706055,14.105500221252441,14.036199569702148,14.036199569702148,0,0.0,0.0
2023-05-24 10:30:00-04:00,14.039999961853027,14.039999961853027,13.979999542236328,14.029999732971191,18016,0.0,0.0
2023-05-24 11:30:00-04:00,14.012499809265137,14.029999732971191,14.0,14.012900352478027,7942,0.0,0.0
2023-05-24 12:30:00-04:00,13.994999885559082,14.0,13.949999809265137,13.967599868774414,4864,0.0,0.0
2023-05-24 13:30:00-04:00,13.970000267028809,14.0,13.930000305175781,13.989999771118164,6740,0.0,0.0
2023-05-24 14:30:00-04:00,13.979900360107422,13.994999885559082,13.9399995803833,13.984999656677246,5882,0.0,0.0
2023-05-24 15:30:00-04:00,13.975700378417969,14.009900093078613,13.960000038146973,13.960000038146973,4825,0.0,0.0
2023-05-25 09:30:00-04:00,13.9399995803833,13.94950008392334,13.850000381469727,13.863800048828125,0,0.0,0.0
2023-05-25 10:30:00-04:00,13.850000381469727,13.913999557495117,13.850000381469727,13.899900436401367,19804,0.0,0.0
2023-05-25 11:30:00-04:00,13.890000343322754,13.890000343322754,13.859999656677246,13.884400367736816,11826,0.0,0.0
2023-05-25 12:30:00-04:00,13.869999885559082,13.90999984741211,13.859999656677246,13.90149974822998,21971,0.0,0.0
2023-05-25 13:30:00-04:00,13.890999794006348,13.904999732971191,13.869999885559082,13.889599800109863,16547,0.0,0.0
2023-05-25 14:30:00-04:00,13.880000114440918,13.899999618530273,13.859999656677246,13.899999618530273,13249,0.0,0.0
2023-05-25 15:30:00-04:00,13.902400016784668,13.90999984741211,13.869999885559082,13.869999885559082,6338,0.0,0.0
2023-05-26 09:30:00-04:00,13.899999618530273,13.949999809265137,13.899999618530273,13.949999809265137,5941,0.0,0.0
2023-05-26 10:30:00-04:00,13.975000381469727,14.0,13.930100440979004,13.960000038146973,8960,0.0,0.0
2023-05-26 11:30:00-04:00,13.982199668884277,14.020000457763672,13.970000267028809,13.994999885559082,13830,0.0,0.0
2023-05-26 12:30:00-04:00,14.0,14.020000457763672,13.949999809265137,13.978799819946289,30000,0.0,0.0
2023-05-26 13:30:00-04:00,13.979999542236328,13.979999542236328,13.960000038146973,13.979999542236328,4748,0.0,0.0
2023-05-26 14:30:00-04:00,13.979999542236328,14.050000190734863,13.979999542236328,14.020099639892578,8415,0.0,0.0
2023-05-26 15:30:00-04:00,14.020000457763672,14.020000457763672,13.979999542236328,13.989999771118164,10037,0.0,0.0
2023-05-30 09:30:00-04:00,13.890000343322754,14.044099807739258,13.890000343322754,14.029999732971191,0,0.0,0.0
2023-05-30 10:30:00-04:00,14.045900344848633,14.050000190734863,13.989999771118164,14.020000457763672,6853,0.0,0.0
2023-05-30 11:30:00-04:00,14.020000457763672,14.039999961853027,14.000100135803223,14.022700309753418,28760,0.0,0.0
2023-05-30 12:30:00-04:00,14.029999732971191,14.109999656677246,14.020000457763672,14.039999961853027,22122,0.0,0.0
2023-05-30 13:30:00-04:00,14.0600004196167,14.0600004196167,14.029999732971191,14.050000190734863,7610,0.0,0.0
2023-05-30 14:30:00-04:00,14.039999961853027,14.050000190734863,13.989999771118164,14.039999961853027,27703,0.0,0.0
2023-05-30 15:30:00-04:00,14.036199569702148,14.039999961853027,14.010000228881836,14.010000228881836,6685,0.0,0.0
2023-05-31 09:30:00-04:00,14.0,14.020500183105469,13.949999809265137,13.980299949645996,23881,0.0,0.0
2023-05-31 10:30:00-04:00,14.029999732971191,14.140000343322754,14.010000228881836,14.130000114440918,13466,0.0,0.0
2023-05-31 11:30:00-04:00,14.130000114440918,14.130000114440918,14.050000190734863,14.109999656677246,12260,0.0,0.0
2023-05-31 12:30:00-04:00,14.068300247192383,14.109999656677246,14.06190013885498,14.081700325012207,6161,0.0,0.0
2023-05-31 13:30:00-04:00,14.074999809265137,14.079999923706055,14.039999961853027,14.069999694824219,12180,0.0,0.0
2023-05-31 14:30:00-04:00,14.055000305175781,14.09000015258789,14.010000228881836,14.010000228881836,23299,0.0,0.0
2023-05-31 15:30:00-04:00,14.028900146484375,14.09000015258789,13.979999542236328,14.0,17575,0.0,0.0
2023-06-01 09:30:00-04:00,14.109999656677246,14.380000114440918,14.08899974822998,14.364999771118164,0,0.0,0.0
2023-06-01 10:30:00-04:00,14.399999618530273,14.4399995803833,14.329999923706055,14.399999618530273,40665,0.0,0.0
2023-06-01 11:30:00-04:00,14.4399995803833,14.4399995803833,14.25,14.270000457763672,32226,0.0,0.0
2023-06-01 12:30:00-04:00,14.260000228881836,14.430000305175781,14.260000228881836,14.420000076293945,10708,0.0,0.0
2023-06-01 13:30:00-04:00,14.430000305175781,14.489999771118164,14.380000114440918,14.380000114440918,22115,0.0,0.0
2023-06-01 14:30:00-04:00,14.369999885559082,14.4399995803833,14.350000381469727,14.40999984741211,4931,0.0,0.0
2023-06-01 15:30:00-04:00,14.420000076293945,14.420000076293945,14.359999656677246,14.399999618530273,9221,0.0,0.0
2023-06-02 09:30:00-04:00,14.510000228881836,14.579999923706055,14.489999771118164,14.539999961853027,0,0.0,0.0
2023-06-02 10:30:00-04:00,14.524999618530273,14.550000190734863,14.449999809265137,14.47700023651123,26704,0.0,0.0
2023-06-02 11:30:00-04:00,14.47700023651123,14.479299545288086,14.40999984741211,14.4399995803833,23565,0.0,0.0
2023-06-02 12:30:00-04:00,14.4399995803833,14.45989990234375,14.430000305175781,14.444999694824219,14006,0.0,0.0
2023-06-02 13:30:00-04:00,14.449999809265137,14.539999961853027,14.4399995803833,14.526000022888184,23952,0.0,0.0
2023-06-02 14:30:00-04:00,14.526000022888184,14.550000190734863,14.5,14.520000457763672,15994,0.0,0.0
2023-06-02 15:30:00-04:00,14.520000457763672,14.529899597167969,14.489999771118164,14.5,3841,0.0,0.0
2023-06-05 09:30:00-04:00,14.470000267028809,14.661399841308594,14.470000267028809,14.619999885559082,0,0.0,0.0
2023-06-05 10:30:00-04:00,14.652299880981445,14.729999542236328,14.619999885559082,14.670000076293945,54358,0.0,0.0
2023-06-05 11:30:00-04:00,14.689900398254395,14.689900398254395,14.635299682617188,14.649999618530273,6548,0.0,0.0
2023-06-05 12:30:00-04:00,14.640000343322754,14.65999984741211,14.600000381469727,14.600000381469727,7466,0.0,0.0
2023-06-05 13:30:00-04:00,14.600000381469727,14.609999656677246,14.539999961853027,14.588299751281738,12521,0.0,0.0
2023-06-05 14:30:00-04:00,14.579999923706055,14.640000343322754,14.579999923706055,14.579999923706055,5949,0.0,0.0
2023-06-05 15:30:00-04:00,14.614999771118164,14.640199661254883,14.589300155639648,14.640000343322754,985,0.0,0.0
2023-06-06 09:30:00-04:00,14.680000305175781,14.719900131225586,14.640000343322754,14.640000343322754,0,0.0,0.0
2023-06-06 10:30:00-04:00,14.654999732971191,14.680000305175781,14.630000114440918,14.640000343322754,5854,0.0,0.0
2023-06-06 11:30:00-04:00,14.640000343322754,14.65999984741211,14.5,14.510000228881836,29966,0.0,0.0
2023-06-06 12:30:00-04:00,14.5,14.579999923706055,14.5,14.5600004196167,13553,0.0,0.0
2023-06-06 13:30:00-04:00,14.5600004196167,14.600000381469727,14.539999961853027,14.579999923706055,6363,0.0,0.0
2023-06-06 14:30:00-04:00,14.599699974060059,14.65999984741211,14.579999923706055,14.579999923706055,6789,0.0,0.0
2023-06-06 15:30:00-04:00,14.579999923706055,14.625,14.579999923706055,14.59000015258789,8477,0.0,0.0
2023-06-07 09:30:00-04:00,14.59000015258789,14.75,14.579999923706055,14.734999656677246,21477,0.0,0.0
2023-06-07 10:30:00-04:00,14.739999771118164,14.789999961853027,14.6899995803833,14.717700004577637,16652,0.0,0.0
2023-06-07 11:30:00-04:00,14.737700462341309,14.739800453186035,14.6899995803833,14.710000038146973,6446,0.0,0.0
2023-06-07 12:30:00-04:00,14.710000038146973,14.710000038146973,14.609999656677246,14.609999656677246,11083,0.0,0.0
2023-06-07 13:30:00-04:00,14.635000228881836,14.639900207519531,14.569999694824219,14.600000381469727,10890,0.0,0.0
2023-06-07 14:30:00-04:00,14.595000267028809,14.649999618530273,14.5600004196167,14.59000015258789,12036,0.0,0.0
2023-06-07 15:30:00-04:00,14.579999923706055,14.619999885559082,14.529999732971191,14.569999694824219,0,0.0,0.0
2023-06-08 09:30:00-04:00,14.619999885559082,14.6899995803833,14.600000381469727,14.649999618530273,12502,0.0,0.0
2023-06-08 10:30:00-04:00,14.630000114440918,14.655200004577637,14.600099563598633,14.645000457763672,12884,0.0,0.0
2023-06-08 11:30:00-04:00,14.650799751281738,14.650799751281738,14.5,14.550000190734863,33827,0.0,0.0
2023-06-08 12:30:00-04:00,14.5600004196167,14.65999984741211,14.524499893188477,14.65999984741211,15968,0.0,0.0
2023-06-08 13:30:00-04:00,14.670000076293945,14.699999809265137,14.640000343322754,14.670000076293945,14043,0.0,0.0
2023-06-08 14:30:00-04:00,14.664999961853027,14.688899993896484,14.600000381469727,14.640000343322754,5901,0.0,0.0
2023-06-08 15:30:00-04:00,14.620100021362305,14.680000305175781,14.600000381469727,14.63010025024414,10853,0.0,0.0
2023-06-09 09:30:00-04:00,14.479999542236328,14.479999542236328,14.328700065612793,14.440099716186523,32317,0.0,0.0
2023-06-09 10:30:00-04:00,14.479999542236328,14.489999771118164,14.420000076293945,14.430000305175781,7701,0.0,0.0
2023-06-09 11:30:00-04:00,14.430000305175781,14.45009994506836,14.40310001373291,14.449999809265137,5241,0.0,0.0
2023-06-09 12:30:00-04:00,14.45009994506836,14.460000038146973,14.4399995803833,14.451000213623047,2142,0.0,0.0
2023-06-09 13:30:00-04:00,14.456199645996094,14.460000038146973,14.430000305175781,14.430000305175781,3037,0.0,0.0
2023-06-09 14:30:00-04:00,14.430000305175781,14.489999771118164,14.430000305175781,14.449999809265137,7100,0.0,0.0
2023-06-09 15:30:00-04:00,14.470000267028809,14.470000267028809,14.4399995803833,14.470000267028809,2760,0.0,0.0
2023-06-12 09:30:00-04:00,14.460000038146973,14.494999885559082,14.420000076293945,14.420100212097168,4162,0.0,0.0
2023-06-12 10:30:00-04:00,14.449999809265137,14.479999542236328,14.399999618530273,14.479399681091309,12812,0.0,0.0
2023-06-12 11:30:00-04:00,14.460000038146973,14.505000114440918,14.4399995803833,14.498900413513184,10585,0.0,0.0
2023-06-12 12:30:00-04:00,14.510000228881836,14.520000457763672,14.495599746704102,14.5,2857,0.0,0.0
2023-06-12 13:30:00-04:00,14.489999771118164,14.510000228881836,14.479999542236328,14.489999771118164,7405,0.0,0.0
2023-06-12 14:30:00-04:00,14.479999542236328,14.520000457763672,14.430000305175781,14.510000228881836,30824,0.0,0.0
2023-06-12 15:30:00-04:00,14.510000228881836,14.515800476074219,14.449999809265137,14.5,21521,0.0,0.0
2023-06-13 09:30:00-04:00,14.479999542236328,14.627300262451172,14.454099655151367,14.470000267028809,0,0.0,0.0
2023-06-13 10:30:00-04:00,14.465200424194336,14.5,14.465200424194336,14.474900245666504,10731,0.0,0.0
2023-06-13 11:30:00-04:00,14.449999809265137,14.45989990234375,14.359999656677246,14.400099754333496,26252,0.0,0.0
2023-06-13 12:30:00-04:00,14.38010025024414,14.439900398254395,14.369999885559082,14.40999984741211,27442,0.0,0.0
2023-06-13 13:30:00-04:00,14.399999618530273,14.460000038146973,14.399999618530273,14.430000305175781,21292,0.0,0.0
2023-06-13 14:30:00-04:00,14.420000076293945,14.4399995803833,14.40999984741211,14.430000305175781,6944,0.0,0.0
2023-06-13 15:30:00-04:00,14.430000305175781,14.430000305175781,14.40999984741211,14.420000076293945,15577,0.0,0.0
2023-06-14 09:30:00-04:00,14.40999984741211,14.5,14.34000015258789,14.34000015258789,0,0.0,0.0
2023-06-14 10:30:00-04:00,14.324999809265137,14.399999618530273,14.324999809265137,14.397199630737305,11581,0.0,0.0
2023-06-14 11:30:00-04:00,14.385000228881836,14.394599914550781,14.319999694824219,14.350000381469727,7740,0.0,0.0
2023-06-14 12:30:00-04:00,14.34000015258789,14.345000267028809,14.260000228881836,14.3100004196167,18727,0.0,0.0
2023-06-14 13:30:00-04:00,14.3100004196167,14.369999885559082,14.25,14.28499984741211,35192,0.0,0.0
2023-06-14 14:30:00-04:00,14.289999961853027,14.350000381469727,14.282500267028809,14.329999923706055,10103,0.0,0.0
2023-06-14 15:30:00-04:00,14.329999923706055,14.390000343322754,14.3100004196167,14.359999656677246,18325,0.0,0.0
2023-06-15 09:30:00-04:00,14.289999961853027,14.319999694824219,14.229999542236328,14.319999694824219,44254,0.0,0.0
2023-06-15 10:30:00-04:00,14.329099655151367,14.359999656677246,14.329099655151367,14.35890007019043,11553,0.0,0.0
2023-06-15 11:30:00-04:00,14.380000114440918,14.460000038146973,14.380000114440918,14.459699630737305,12041,0.0,0.0
2023-06-15 12:30:00-04:00,14.420000076293945,14.460000038146973,14.420000076293945,14.449999809265137,6822,0.0,0.0
2023-06-15 13:30:00-04:00,14.460000038146973,14.59000015258789,14.454000473022461,14.529999732971191,8094,0.0,0.0
2023-06-15 14:30:00-04:00,14.531999588012695,14.59000015258789,14.520000457763672,14.550000190734863,12114,0.0,0.0
2023-06-15 15:30:00-04:00,14.529999732971191,14.589900016784668,14.529999732971191,14.5600004196167,4407,0.0,0.0
2023-06-16 09:30:00-04:00,14.550000190734863,14.550000190734863,14.460000038146973,14.479999542236328,0,0.0,0.0
2023-06-16 10:30:00-04:00,14.489999771118164,14.529500007629395,14.489999771118164,14.524999618530273,22717,0.0,0.0
2023-06-16 11:30:00-04:00,14.539999961853027,14.609999656677246,14.475000381469727,14.475000381469727,13477,0.0,0.0
2023-06-16 12:30:00-04:00,14.470000267028809,14.5,14.410699844360352,14.410699844360352,9667,0.0,0.0
2023-06-16 13:30:00-04:00,14.430000305175781,14.470000267028809,14.40999984741211,14.46090030670166,12945,0.0,0.0
2023-06-16 14:30:00-04:00,14.470000267028809,14.489999771118164,14.444999694824219,14.449999809265137,8099,0.0,0.0
2023-06-16 15:30:00-04:00,14.449999809265137,14.449999809265137,14.4399995803833,14.449999809265137,9640,0.0,0.0
2023-06-20 09:30:00-04:00,14.390000343322754,14.489899635314941,14.319999694824219,14.329999923706055,42750,0.0,0.0
2023-06-20 10:30:00-04:00,14.359999656677246,14.390000343322754,14.330100059509277,14.34000015258789,32298,0.0,0.0
2023-06-20 11:30:00-04:00,14.330100059509277,14.39840030670166,14.330100059509277,14.39840030670166,98771,0.0,0.0
2023-06-20 12:30:00-04:00,14.397199630737305,14.39799976348877,14.329999923706055,14.34000015258789,22484,0.0,0.0
2023-06-20 13:30:00-04:00,14.350000381469727,14.380000114440918,14.25,14.260000228881836,42619,0.0,0.0
2023-06-20 14:30:00-04:00,14.260000228881836,14.309900283813477,14.260000228881836,14.279999732971191,18303,0.0,0.0
2023-06-20 15:30:00-04:00,14.279999732971191,14.289999961853027,14.229999542236328,14.239800453186035,30569,0.0,0.0
2023-06-21 09:30:00-04:00,14.270000457763672,14.4399995803833,14.251199722290039,14.300000190734863,0,0.0,0.0
2023-06-21 10:30:00-04:00,14.300000190734863,14.390399932861328,14.279999732971191,14.390399932861328,18664,0.0,0.0
2023-06-21 11:30:00-04:00,14.324999809265137,14.350000381469727,14.320099830627441,14.320099830627441,9855,0.0,0.0
2023-06-21 12:30:00-04:00,14.350000381469727,14.399999618530273,14.350000381469727,14.375,14486,0.0,0.0
2023-06-21 13:30:00-04:00,14.38539981842041,14.397199630737305,14.359999656677246,14.359999656677246,2590,0.0,0.0
2023-06-21 14:30:00-04:00,14.409899711608887,14.430000305175781,14.379300117492676,14.426199913024902,15813,0.0,0.0
2023-06-21 15:30:00-04:00,14.40999984741211,14.430000305175781,14.380000114440918,14.40999984741211,10900,0.0,0.0
2023-06-22 09:30:00-04:00,14.329999923706055,14.4399995803833,14.329999923706055,14.429900169372559,0,0.0,0.0
2023-06-22 10:30:00-04:00,14.425000190734863,14.449999809265137,14.359999656677246,14.380000114440918,39579,0.0,0.0
2023-06-22 11:30:00-04:00,14.350000381469727,14.376700401306152,14.279999732971191,14.307999610900879,20489,0.0,0.0
2023-06-22 12:30:00-04:00,14.335000038146973,14.380000114440918,14.335000038146973,14.369999885559082,5103,0.0,0.0
2023-06-22 13:30:00-04:00,14.380000114440918,14.40999984741211,14.359999656677246,14.399999618530273,17511,0.0,0.0
2023-06-22 14:30:00-04:00,14.399999618530273,14.420000076293945,14.385000228881836,14.39009952545166,5817,0.0,0.0
2023-06-22 15:30:00-04:00,14.40999984741211,14.427200317382812,14.40999984741211,14.420000076293945,5021,0.0,0.0
2023-06-23 09:30:00-04:00,14.350000381469727,14.550000190734863,14.349200248718262,14.529999732971191,0,0.0,0.0
2023-06-23 10:30:00-04:00,14.529999732971191,14.559900283813477,14.449999809265137,14.479999542236328,42368,0.0,0.0
2023-06-23 11:30:00-04:00,14.479999542236328,14.505000114440918,14.449999809265137,14.505000114440918,25092,0.0,0.0
2023-06-23 12:30:00-04:00,14.509900093078613,14.529999732971191,14.509900093078613,14.529999732971191,4353,0.0,0.0
2023-06-23 13:30:00-04:00,14.529999732971191,14.589900016784668,14.510000228881836,14.549099922180176,34620,0.0,0.0
2023-06-23 14:30:00-04:00,14.54990005493164,14.569899559020996,14.520000457763672,14.520000457763672,15386,0.0,0.0
2023-06-23 15:30:00-04:00,14.529999732971191,14.550000190734863,14.5,14.550000190734863,11646,0.0,0.0
2023-06-26 09:30:00-04:00,14.550000190734863,14.550000190734863,14.449999809265137,14.5,30561,0.0,0.0
2023-06-26 10:30:00-04:00,14.5,14.589900016784668,14.470000267028809,14.520000457763672,26182,0.0,0.0
2023-06-26 11:30:00-04:00,14.539999961853027,14.54990005493164,14.5,14.5,9644,0.0,0.0
2023-06-26 12:30:00-04:00,14.5,14.5600004196167,14.479999542236328,14.5600004196167,25725,0.0,0.0
2023-06-26 13:30:00-04:00,14.503499984741211,14.539899826049805,14.5,14.5,7898,0.0,0.0
2023-06-26 14:30:00-04:00,14.539899826049805,14.539899826049805,14.5,14.510000228881836,5062,0.0,0.0
2023-06-26 15:30:00-04:00,14.51990032196045,14.51990032196045,14.510000228881836,14.510100364685059,0,0.0,0.0
2023-06-27 09:30:00-04:00,14.520000457763672,14.569999694824219,14.5,14.569999694824219,11470,0.0,0.0
2023-06-27 10:30:00-04:00,14.569600105285645,14.569600105285645,14.520000457763672,14.559900283813477,1950,0.0,0.0
2023-06-27 11:30:00-04:00,14.529999732971191,14.600000381469727,14.529999732971191,14.58080005645752,15237,0.0,0.0
2023-06-27 12:30:00-04:00,14.580100059509277,14.59000015258789,14.565699577331543,14.579999923706055,23331,0.0,0.0
2023-06-27 13:30:00-04:00,14.569999694824219,14.59000015258789,14.54069995880127,14.569999694824219,9971,0.0,0.0
2023-06-27 14:30:00-04:00,14.539999961853027,14.550000190734863,14.539999961853027,14.550000190734863,2004,0.0,0.0
2023-06-27 15:30:00-04:00,14.550000190734863,14.569999694824219,14.5,14.510000228881836,8373,0.0,0.0
2023-06-28 09:30:00-04:00,14.600000381469727,14.600000381469727,14.520099639892578,14.520099639892578,0,0.0,0.0
2023-06-28 10:30:00-04:00,14.545900344848633,14.545900344848633,14.520299911499023,14.520299911499023,3806,0.0,0.0
2023-06-28 11:30:00-04:00,14.524999618530273,14.59000015258789,14.524999618530273,14.5649995803833,29788,0.0,0.0
2023-06-28 12:30:00-04:00,14.5649995803833,14.59000015258789,14.5649995803833,14.59000015258789,6764,0.0,0.0
2023-06-28 13:30:00-04:00,14.569999694824219,14.59000015258789,14.539999961853027,14.571200370788574,21333,0.0,0.0
2023-06-28 14:30:00-04:00,14.59000015258789,14.59000015258789,14.569999694824219,14.59000015258789,17388,0.0,0.0
2023-06-28 15:30:00-04:00,14.585000038146973,14.600000381469727,14.569999694824219,14.59000015258789,15529,0.0,0.0
2023-06-29 09:30:00-04:00,14.579999923706055,14.609999656677246,14.5600004196167,14.600000381469727,29115,0.0,0.0
2023-06-29 10:30:00-04:00,14.640000343322754,14.649999618530273,14.59000015258789,14.609999656677246,24760,0.0,0.0
2023-06-29 11:30:00-04:00,14.625,14.625,14.579999923706055,14.59000015258789,16180,0.0,0.0
2023-06-29 12:30:00-04:00,14.594300270080566,14.599900245666504,14.529999732971191,14.576499938964844,14146,0.0,0.0
2023-06-29 13:30:00-04:00,14.579999923706055,14.579999923706055,14.520000457763672,14.529999732971191,6302,0.0,0.0
2023-06-29 14:30:00-04:00,14.524999618530273,14.5600004196167,14.460100173950195,14.550000190734863,17998,0.0,0.0
2023-06-29 15:30:00-04:00,14.5600004196167,14.569999694824219,14.520000457763672,14.569999694824219,0,0.0,0.0
2023-06-30 09:30:00-04:00,14.670000076293945,14.6899995803833,14.569999694824219,14.6899995803833,18008,0.0,0.0
2023-06-30 10:30:00-04:00,14.6899995803833,14.755000114440918,14.680000305175781,14.739999771118164,19982,0.0,0.0
2023-06-30 11:30:00-04:00,14.729999542236328,14.829999923706055,14.720000267028809,14.829999923706055,47780,0.0,0.0
2023-06-30 12:30:00-04:00,14.819999694824219,14.819999694824219,14.699999809265137,14.760000228881836,28373,0.0,0.0
2023-06-30 13:30:00-04:00,14.755000114440918,14.770000457763672,14.729999542236328,14.729999542236328,3694,0.0,0.0
2023-06-30 14:30:00-04:00,14.725000381469727,14.729999542236328,14.681400299072266,14.699999809265137,74664,0.0,0.0
2023-06-30 15:30:00-04:00,14.710000038146973,14.75,14.710000038146973,14.75,13487,0.0,0.0
2023-07-03 09:30:00-04:00,14.8100004196167,14.8100004196167,14.70009994506836,14.770000457763672,0,0.0,0.0
2023-07-03 10:30:00-04:00,14.770000457763672,14.800000190734863,14.739999771118164,14.779999732971191,42760,0.0,0.0
2023-07-03 11:30:00-04:00,14.795000076293945,14.819999694824219,14.779999732971191,14.789999961853027,16419,0.0,0.0
2023-07-05 09:30:00-04:00,14.800000190734863,14.890000343322754,14.779999732971191,14.789999961853027,36024,0.0,0.0
2023-07-05 10:30:00-04:00,14.789999961853027,14.850000381469727,14.789999961853027,14.800000190734863,43324,0.0,0.0
2023-07-05 11:30:00-04:00,14.8100004196167,14.829999923706055,14.800000190734863,14.800000190734863,18698,0.0,0.0
2023-07-05 12:30:00-04:00,14.800100326538086,14.819999694824219,14.789999961853027,14.805000305175781,28137,0.0,0.0
2023-07-05 13:30:00-04:00,14.819999694824219,14.869999885559082,14.800000190734863,14.8100004196167,24599,0.0,0.0
2023-07-05 14:30:00-04:00,14.8100004196167,14.869999885559082,14.8100004196167,14.854999542236328,26606,0.0,0.0
2023-07-05 15:30:00-04:00,14.850000381469727,14.850199699401855,14.8100004196167,14.8100004196167,14122,0.0,0.0
2023-07-06 09:30:00-04:00,14.800000190734863,14.8100004196167,14.729999542236328,14.76669979095459,0,0.0,0.0
2023-07-06 10:30:00-04:00,14.741600036621094,14.779999732971191,14.680000305175781,14.699999809265137,44073,0.0,0.0
2023-07-06 11:30:00-04:00,14.699999809265137,14.760000228881836,14.6850004196167,14.760000228881836,15696,0.0,0.0
2023-07-06 12:30:00-04:00,14.75059986114502,14.770000457763672,14.710000038146973,14.720000267028809,14151,0.0,0.0
2023-07-06 13:30:00-04:00,14.720000267028809,14.76990032196045,14.709799766540527,14.729999542236328,7537,0.0,0.0
2023-07-06 14:30:00-04:00,14.769499778747559,14.770000457763672,14.739999771118164,14.75,15120,0.0,0.0
2023-07-06 15:30:00-04:00,14.760000228881836,14.777999877929688,14.739999771118164,14.760000228881836,5964,0.0,0.0
2023-07-07 09:30:00-04:00,14.75,14.824999809265137,14.75,14.795000076293945,0,0.0,0.0
2023-07-07 10:30:00-04:00,14.779999732971191,14.850000381469727,14.760000228881836,14.800000190734863,26657,0.0,0.0
2023-07-07 11:30:00-04:00,14.805000305175781,14.880000114440918,14.805000305175781,14.829999923706055,28769,0.0,0.0
2023-07-07 12:30:00-04:00,14.85990047454834,14.9399995803833,14.84000015258789,14.90999984741211,37417,0.0,0.0
2023-07-07 13:30:00-04:00,14.869999885559082,14.90999984741211,14.869999885559082,14.880000114440918,11005,0.0,0.0
2023-07-07 14:30:00-04:00,14.895000457763672,14.90999984741211,14.875,14.880000114440918,10259,0.0,0.0
2023-07-07 15:30:00-04:00,14.87090015411377,14.880000114440918,14.850000381469727,14.850000381469727,7580,0.0,0.0
2023-07-10 09:30:00-04:00,14.850000381469727,14.922100067138672,14.8100004196167,14.909899711608887,18533,0.0,0.0
2023-07-10 10:30:00-04:00,14.895000457763672,14.979999542236328,14.859999656677246,14.979999542236328,18043,0.0,0.0
2023-07-10 11:30:00-04:00,14.944999694824219,14.950699806213379,14.890000343322754,14.891900062561035,44729,0.0,0.0
2023-07-10 12:30:00-04:00,14.890899658203125,14.970000267028809,14.890000343322754,14.899900436401367,19427,0.0,0.0
2023-07-10 13:30:00-04:00,14.890000343322754,14.920000076293945,14.890000343322754,14.920000076293945,6583,0.0,0.0
2023-07-10 14:30:00-04:00,14.920000076293945,14.93910026550293,14.880000114440918,14.880000114440918,13287,0.0,0.0
2023-07-10 15:30:00-04:00,14.90999984741211,14.930000305175781,14.880000114440918,14.920000076293945,14666,0.0,0.0
2023-07-11 09:30:00-04:00,14.90999984741211,14.930000305175781,14.887200355529785,14.887200355529785,6206,0.0,0.0
2023-07-11 10:30:00-04:00,14.89900016784668,14.930000305175781,14.89900016784668,14.904999732971191,8718,0.0,0.0
2023-07-11 11:30:00-04:00,14.904999732971191,14.918600082397461,14.880000114440918,14.890000343322754,8946,0.0,0.0
2023-07-11 12:30:00-04:00,14.880000114440918,14.889900207519531,14.859999656677246,14.869999885559082,18314,0.0,0.0
2023-07-11 13:30:00-04:00,14.889900207519531,14.899999618530273,14.869999885559082,14.899999618530273,12874,0.0,0.0
2023-07-11 14:30:00-04:00,14.899999618530273,14.930000305175781,14.88010025024414,14.917200088500977,4723,0.0,0.0
2023-07-11 15:30:00-04:00,14.915900230407715,14.930000305175781,14.890000343322754,14.890000343322754,13840,0.0,0.0
2023-07-12 09:30:00-04:00,14.779999732971191,14.800000190734863,14.710000038146973,14.710000038146973,30556,0.0,0.0
2023-07-12 10:30:00-04:00,14.720000267028809,14.800000190734863,14.720000267028809,14.785900115966797,24217,0.0,0.0
2023-07-12 11:30:00-04:00,14.779999732971191,14.829999923706055,14.762800216674805,14.82859992980957,10538,0.0,0.0
2023-07-12 12:30:00-04:00,14.829999923706055,14.829999923706055,14.800100326538086,14.8100004196167,13994,0.0,0.0
2023-07-12 13:30:00-04:00,14.800100326538086,14.800100326538086,14.6899995803833,14.739999771118164,31775,0.0,0.0
2023-07-12 14:30:00-04:00,14.729999542236328,14.739999771118164,14.680000305175781,14.739999771118164,17700,0.0,0.0
2023-07-12 15:30:00-04:00,14.741399765014648,14.770000457763672,14.720000267028809,14.720000267028809,0,0.0,0.0
2023-07-13 09:30:00-04:00,14.819999694824219,14.819999694824219,14.649999618530273,14.709699630737305,40180,0.0,0.0
2023-07-13 10:30:00-04:00,14.6899995803833,14.720000267028809,14.619999885559082,14.635000228881836,18291,0.0,0.0
2023-07-13 11:30:00-04:00,14.621999740600586,14.689900398254395,14.619999885559082,14.654999732971191,28340,0.0,0.0
2023-07-13 12:30:00-04:00,14.654999732971191,14.670000076293945,14.649999618530273,14.670000076293945,18659,0.0,0.0
2023-07-13 13:30:00-04:00,14.675000190734863,14.680000305175781,14.619999885559082,14.639100074768066,9528,0.0,0.0
2023-07-13 14:30:00-04:00,14.630000114440918,14.649999618530273,14.609999656677246,14.614999771118164,14026,0.0,0.0
2023-07-13 15:30:00-04:00,14.609999656677246,14.630000114440918,14.569999694824219,14.579999923706055,19569,0.0,0.0
2023-07-14 09:30:00-04:00,14.65999984741211,14.65999984741211,14.470000267028809,14.490099906921387,44731,0.0,0.0
2023-07-14 10:30:00-04:00,14.5,14.5,14.415399551391602,14.440899848937988,28802,0.0,0.0
2023-07-14 11:30:00-04:00,14.4399995803833,14.470000267028809,14.40999984741211,14.420000076293945,31289,0.0,0.0
2023-07-14 12:30:00-04:00,14.420000076293945,14.460000038146973,14.399999618530273,14.460000038146973,31612,0.0,0.0
2023-07-14 13:30:00-04:00,14.460000038146973,14.460000038146973,14.40999984741211,14.419899940490723,11712,0.0,0.0
2023-07-14 14:30:00-04:00,14.40999984741211,14.420000076293945,14.400099754333496,14.40999984741211,7042,0.0,0.0
2023-07-14 15:30:00-04:00,14.414999961853027,14.420000076293945,14.411999702453613,14.420000076293945,3319,0.0,0.0
2023-07-17 09:30:00-04:00,14.390000343322754,14.449999809265137,14.390000343322754,14.4399995803833,46923,0.0,0.0
2023-07-17 10:30:00-04:00,14.4399995803833,14.470000267028809,14.399999618530273,14.470000267028809,37379,0.0,0.0
2023-07-17 11:30:00-04:00,14.461799621582031,14.461799621582031,14.420000076293945,14.449999809265137,10774,0.0,0.0
2023-07-17 12:30:00-04:00,14.460000038146973,14.460000038146973,14.390000343322754,14.40999984741211,19443,0.0,0.0
2023-07-17 13:30:00-04:00,14.406000137329102,14.420000076293945,14.359999656677246,14.375,16327,0.0,0.0
2023-07-17 14:30:00-04:00,14.380000114440918,14.399999618530273,14.350000381469727,14.358499526977539,22262,0.0,0.0
2023-07-17 15:30:00-04:00,14.359999656677246,14.359999656677246,14.329999923706055,14.350000381469727,20404,0.0,0.0
2023-07-18 09:30:00-04:00,14.420000076293945,14.420000076293945,14.34000015258789,14.420000076293945,27264,0.0,0.0
2023-07-18 10:30:00-04:00,14.425000190734863,14.4350004196167,14.369999885559082,14.4350004196167,29916,0.0,0.0
2023-07-18 11:30:00-04:00,14.420000076293945,14.470000267028809,14.420000076293945,14.460000038146973,14605,0.0,0.0
2023-07-18 12:30:00-04:00,14.470000267028809,14.470000267028809,14.46500015258789,14.470000267028809,5403,0.0,0.0
2023-07-18 13:30:00-04:00,14.470000267028809,14.489999771118164,14.4399995803833,14.489999771118164,9373,0.0,0.0
2023-07-18 14:30:00-04:00,14.499899864196777,14.5,14.470000267028809,14.489999771118164,8208,0.0,0.0
2023-07-18 15:30:00-04:00,14.484999656677246,14.489999771118164,14.420000076293945,14.460000038146973,16073,0.0,0.0
2023-07-19 09:30:00-04:00,14.4399995803833,14.489999771118164,14.380000114440918,14.400500297546387,0,0.0,0.0
2023-07-19 10:30:00-04:00,14.425000190734863,14.489999771118164,14.425000190734863,14.489999771118164,12811,0.0,0.0
2023-07-19 11:30:00-04:00,14.489999771118164,14.510000228881836,14.479999542236328,14.499899864196777,8807,0.0,0.0
2023-07-19 12:30:00-04:00,14.5,14.569999694824219,14.490500450134277,14.539999961853027,13472,0.0,0.0
2023-07-19 13:30:00-04:00,14.569899559020996,14.569899559020996,14.539999961853027,14.550000190734863,3871,0.0,0.0
2023-07-19 14:30:00-04:00,14.547599792480469,14.579999923706055,14.547599792480469,14.570500373840332,7006,0.0,0.0
2023-07-19 15:30:00-04:00,14.560099601745605,14.609999656677246,14.560099601745605,14.609999656677246,20665,0.0,0.0
2023-07-20 09:30:00-04:00,14.649999618530273,14.649999618530273,14.5600004196167,14.640000343322754,23615,0.0,0.0
2023-07-20 10:30:00-04:00,14.645000457763672,14.673299789428711,14.630000114440918,14.649999618530273,15124,0.0,0.0
2023-07-20 11:30:00-04:00,14.649999618530273,14.739999771118164,14.640000343322754,14.720100402832031,10816,0.0,0.0
2023-07-20 12:30:00-04:00,14.72089958190918,14.725000381469727,14.66189956665039,14.670000076293945,8840,0.0,0.0
2023-07-20 13:30:00-04:00,14.661399841308594,14.680000305175781,14.62030029296875,14.630000114440918,24139,0.0,0.0
2023-07-20 14:30:00-04:00,14.630000114440918,14.699999809265137,14.630000114440918,14.6899995803833,25379,0.0,0.0
2023-07-20 15:30:00-04:00,14.690299987792969,14.760000228881836,14.690299987792969,14.699999809265137,29439,0.0,0.0
2023-07-21 09:30:00-04:00,14.680000305175781,14.755000114440918,14.679200172424316,14.744999885559082,18498,0.0,0.0
2023-07-21 10:30:00-04:00,14.75,14.839900016784668,14.75,14.800100326538086,21986,0.0,0.0
2023-07-21 11:30:00-04:00,14.805000305175781,14.824999809265137,14.800000190734863,14.824999809265137,8422,0.0,0.0
2023-07-21 12:30:00-04:00,14.819999694824219,14.850000381469727,14.819999694824219,14.850000381469727,5652,0.0,0.0
2023-07-21 13:30:00-04:00,14.829999923706055,14.850000381469727,14.818599700927734,14.824999809265137,18176,0.0,0.0
2023-07-21 14:30:00-04:00,14.824999809265137,14.850000381469727,14.6899995803833,14.756999969482422,54443,0.0,0.0
2023-07-21 15:30:00-04:00,14.800000190734863,14.869999885559082,14.774999618530273,14.869999885559082,43366,0.0,0.0
2023-07-24 09:30:00-04:00,14.789999961853027,14.836600303649902,14.779999732971191,14.836600303649902,21648,0.0,0.0
2023-07-24 10:30:00-04:00,14.827300071716309,14.890000343322754,14.827300071716309,14.850000381469727,16918,0.0,0.0
2023-07-24 11:30:00-04:00,14.855500221252441,14.855500221252441,14.800000190734863,14.8100004196167,12263,0.0,0.0
2023-07-24 12:30:00-04:00,14.8149995803833,14.84000015258789,14.800000190734863,14.84000015258789,9279,0.0,0.0
2023-07-24 13:30:00-04:00,14.829999923706055,14.84000015258789,14.8100004196167,14.833900451660156,6976,0.0,0.0
2023-07-24 14:30:00-04:00,14.821399688720703,14.830400466918945,14.795100212097168,14.819999694824219,23282,0.0,0.0
2023-07-24 15:30:00-04:00,14.819999694824219,14.819999694824219,14.8100004196167,14.8100004196167,4483,0.0,0.0
2023-07-25 09:30:00-04:00,14.8100004196167,14.85990047454834,14.779999732971191,14.829999923706055,15839,0.0,0.0
2023-07-25 10:30:00-04:00,14.807900428771973,14.85990047454834,14.800000190734863,14.814599990844727,10116,0.0,0.0
2023-07-25 11:30:00-04:00,14.829999923706055,14.829999923706055,14.770000457763672,14.770000457763672,24752,0.0,0.0
2023-07-25 12:30:00-04:00,14.770000457763672,14.800000190734863,14.770000457763672,14.800000190734863,2920,0.0,0.0
2023-07-25 13:30:00-04:00,14.816499710083008,14.81879997253418,14.789999961853027,14.800000190734863,10475,0.0,0.0
2023-07-25 14:30:00-04:00,14.8100004196167,14.8100004196167,14.770000457763672,14.78499984741211,7880,0.0,0.0
2023-07-25 15:30:00-04:00,14.78499984741211,14.800000190734863,14.770000457763672,14.800000190734863,0,0.0,0.0
2023-07-26 09:30:00-04:00,14.84000015258789,14.850000381469727,14.78499984741211,14.844900131225586,20725,0.0,0.0
2023-07-26 10:30:00-04:00,14.835000038146973,14.835000038146973,14.79010009765625,14.800000190734863,4049,0.0,0.0
2023-07-26 11:30:00-04:00,14.8100004196167,14.8100004196167,14.779999732971191,14.792699813842773,4477,0.0,0.0
2023-07-26 12:30:00-04:00,14.789999961853027,14.789999961853027,14.739999771118164,14.75,18467,0.0,0.0
2023-07-26 13:30:00-04:00,14.76990032196045,14.770000457763672,14.710000038146973,14.734999656677246,10314,0.0,0.0
2023-07-26 14:30:00-04:00,14.739999771118164,14.800000190734863,14.710000038146973,14.710000038146973,16947,0.0,0.0
2023-07-26 15:30:00-04:00,14.720000267028809,14.720000267028809,14.65999984741211,14.670000076293945,33033,0.0,0.0
2023-07-27 09:30:00-04:00,14.779999732971191,14.779999732971191,14.699999809265137,14.717100143432617,22008,0.0,0.0
2023-07-27 10:30:00-04:00,14.710000038146973,14.741999626159668,14.680000305175781,14.6899995803833,10391,0.0,0.0
2023-07-27 11:30:00-04:00,14.699999809265137,14.710000038146973,14.694999694824219,14.699999809265137,19818,0.0,0.0
2023-07-27 12:30:00-04:00,14.699999809265137,14.700499534606934,14.670000076293945,14.699999809265137,20814,0.0,0.0
2023-07-27 13:30:00-04:00,14.693900108337402,14.710000038146973,14.649999618530273,14.699999809265137,36142,0.0,0.0
2023-07-27 14:30:00-04:00,14.680000305175781,14.680000305175781,14.655200004577637,14.679900169372559,13810,0.0,0.0
2023-07-27 15:30:00-04:00,14.679200172424316,14.699999809265137,14.670000076293945,14.680000305175781,10131,0.0,0.0
2023-07-28 09:30:00-04:00,14.710000038146973,14.789999961853027,14.699999809265137,14.789899826049805,0,0.0,0.0
2023-07-28 10:30:00-04:00,14.78499984741211,14.829999923706055,14.75,14.8100004196167,9482,0.0,0.0
2023-07-28 11:30:00-04:00,14.8100004196167,14.819999694824219,14.770000457763672,14.788100242614746,40651,0.0,0.0
2023-07-28 12:30:00-04:00,14.795499801635742,14.829999923706055,14.789999961853027,14.819999694824219,13753,0.0,0.0
2023-07-28 13:30:00-04:00,14.819000244140625,14.84000015258789,14.8100004196167,14.829999923706055,15957,0.0,0.0
2023-07-28 14:30:00-04:00,14.810099601745605,14.850000381469727,14.810099601745605,14.831399917602539,3986,0.0,0.0
2023-07-28 15:30:00-04:00,14.839599609375,14.850000381469727,14.8302001953125,14.850000381469727,4905,0.0,0.0
2023-07-31 09:30:00-04:00,14.899999618530273,14.899999618530273,14.800000190734863,14.84000015258789,102082,0.0,0.0
2023-07-31 10:30:00-04:00,14.859999656677246,14.899999618530273,14.858499526977539,14.890000343322754,58139,0.0,0.0
2023-07-31 11:30:00-04:00,14.890000343322754,14.899999618530273,14.870100021362305,14.880000114440918,24621,0.0,0.0
2023-07-31 12:30:00-04:00,14.875,14.880000114440918,14.859999656677246,14.879899978637695,7155,0.0,0.0
2023-07-31 13:30:00-04:00,14.880000114440918,14.899999618530273,14.869999885559082,14.875,7273,0.0,0.0
2023-07-31 14:30:00-04:00,14.880000114440918,14.899999618530273,14.869999885559082,14.899999618530273,24854,0.0,0.0
2023-07-31 15:30:00-04:00,14.871999740600586,14.899999618530273,14.859999656677246,14.890000343322754,7043,0.0,0.0
2023-08-01 09:30:00-04:00,14.800000190734863,14.949999809265137,14.779999732971191,14.925200462341309,127407,0.0,0.0
2023-08-01 10:30:00-04:00,14.93850040435791,15.039999961853027,14.90999984741211,14.949999809265137,50141,0.0,0.0
2023-08-01 11:30:00-04:00,14.930000305175781,14.989999771118164,14.859999656677246,14.890000343322754,44923,0.0,0.0
2023-08-01 12:30:00-04:00,14.869999885559082,14.869999885559082,14.829999923706055,14.845000267028809,17582,0.0,0.0
2023-08-01 13:30:00-04:00,14.84000015258789,14.920000076293945,14.739999771118164,14.739999771118164,46757,0.0,0.0
2023-08-01 14:30:00-04:00,14.75,14.760000228881836,14.670000076293945,14.71500015258789,48206,0.0,0.0
2023-08-01 15:30:00-04:00,14.711999893188477,14.75469970703125,14.711999893188477,14.739999771118164,10414,0.0,0.0
2023-08-02 09:30:00-04:00,14.75,14.771699905395508,14.6899995803833,14.739999771118164,37880,0.0,0.0
2023-08-02 10:30:00-04:00,14.734999656677246,14.789999961853027,14.65999984741211,14.768400192260742,51816,0.0,0.0
2023-08-02 11:30:00-04:00,14.761899948120117,14.779999732971191,14.714900016784668,14.760000228881836,46426,0.0,0.0
2023-08-02 12:30:00-04:00,14.760000228881836,14.800000190734863,14.75,14.777899742126465,22046,0.0,0.0
2023-08-02 13:30:00-04:00,14.800000190734863,14.800000190734863,14.729999542236328,14.779999732971191,10562,0.0,0.0
2023-08-02 14:30:00-04:00,14.779999732971191,14.789999961853027,14.739999771118164,14.749199867248535,9297,0.0,0.0
2023-08-02 15:30:00-04:00,14.739999771118164,14.800000190734863,14.739999771118164,14.770000457763672,19901,0.0,0.0
2023-08-03 09:30:00-04:00,14.699999809265137,14.779999732971191,14.680100440979004,14.720000267028809,0,0.0,0.0
2023-08-03 10:30:00-04:00,14.699999809265137,14.760000228881836,14.6899995803833,14.690099716186523,37910,0.0,0.0
2023-08-03 11:30:00-04:00,14.715700149536133,14.779500007629395,14.699999809265137,14.763999938964844,26402,0.0,0.0
2023-08-03 12:30:00-04:00,14.760000228881836,14.779999732971191,14.720000267028809,14.732500076293945,9964,0.0,0.0
2023-08-03 13:30:00-04:00,14.765000343322754,14.800000190734863,14.75,14.760000228881836,12632,0.0,0.0
2023-08-03 14:30:00-04:00,14.789999961853027,14.800000190734863,14.774399757385254,14.795000076293945,18731,0.0,0.0
2023-08-03 15:30:00-04:00,14.800000190734863,14.800000190734863,14.79010009765625,14.800000190734863,20984,0.0,0.0
2023-08-04 09:30:00-04:00,14.792699813842773,14.899999618530273,14.792699813842773,14.886799812316895,0,0.0,0.0
2023-08-04 10:30:00-04:00,14.899999618530273,14.989999771118164,14.869999885559082,14.989999771118164,14578,0.0,0.0
2023-08-04 11:30:00-04:00,14.9399995803833,15.020000457763672,14.9399995803833,14.99209976196289,30546,0.0,0.0
2023-08-04 12:30:00-04:00,15.001299858093262,15.050000190734863,15.0,15.0,21837,0.0,0.0
2023-08-04 13:30:00-04:00,15.015000343322754,15.039999961853027,14.949999809265137,14.96150016784668,30652,0.0,0.0
2023-08-04 14:30:00-04:00,14.96150016784668,14.989899635314941,14.930000305175781,14.949999809265137,20616,0.0,0.0
2023-08-04 15:30:00-04:00,14.960000038146973,15.010000228881836,14.949999809265137,15.010000228881836,32950,0.0,0.0
2023-08-07 09:30:00-04:00,15.0,15.039999961853027,14.9399995803833,15.039999961853027,0,0.0,0.0
2023-08-07 10:30:00-04:00,15.018600463867188,15.039999961853027,14.989999771118164,15.0,23614,0.0,0.0
2023-08-07 11:30:00-04:00,15.0,15.0,14.9399995803833,14.989999771118164,31597,0.0,0.0
2023-08-07 12:30:00-04:00,14.994999885559082,15.01159954071045,14.949999809265137,14.989999771118164,47977,0.0,0.0
2023-08-07 13:30:00-04:00,15.010000228881836,15.020000457763672,14.989999771118164,15.009900093078613,14516,0.0,0.0
2023-08-07 14:30:00-04:00,15.008199691772461,15.029999732971191,15.0,15.029999732971191,12067,0.0,0.0
2023-08-07 15:30:00-04:00,15.020000457763672,15.039999961853027,15.010000228881836,15.020000457763672,8831,0.0,0.0
2023-08-08 09:30:00-04:00,15.0,15.079999923706055,15.0,15.0600004196167,0,0.0,0.0
2023-08-08 10:30:00-04:00,15.0600004196167,15.062800407409668,15.0,15.005000114440918,15279,0.0,0.0
2023-08-08 11:30:00-04:00,14.99899959564209,15.0,14.970000267028809,15.0,13962,0.0,0.0
2023-08-08 12:30:00-04:00,15.0,15.0600004196167,15.0,15.03499984741211,13523,0.0,0.0
2023-08-08 13:30:00-04:00,15.038000106811523,15.038000106811523,14.954999923706055,14.95989990234375,121956,0.0,0.0
2023-08-08 14:30:00-04:00,14.960000038146973,15.010000228881836,14.95989990234375,15.005200386047363,34755,0.0,0.0
2023-08-08 15:30:00-04:00,15.010000228881836,15.010000228881836,14.960000038146973,14.979999542236328,38856,0.0,0.0
2023-08-09 09:30:00-04:00,15.020000457763672,15.050000190734863,15.0,15.01990032196045,0,0.0,0.0
2023-08-09 10:30:00-04:00,15.038999557495117,15.045100212097168,14.960000038146973,14.960000038146973,30897,0.0,0.0
2023-08-09 11:30:00-04:00,14.979999542236328,14.989999771118164,14.95009994506836,14.989999771118164,5330,0.0,0.0
2023-08-09 12:30:00-04:00,14.989999771118164,14.989999771118164,14.949999809265137,14.949999809265137,10731,0.0,0.0
2023-08-09 13:30:00-04:00,14.9399995803833,14.949999809265137,14.890000343322754,14.893899917602539,13035,0.0,0.0
2023-08-09 14:30:00-04:00,14.890000343322754,14.949999809265137,14.890000343322754,14.939000129699707,16954,0.0,0.0
2023-08-09 15:30:00-04:00,14.930000305175781,14.949999809265137,14.919899940490723,14.920000076293945,13609,0.0,0.0
2023-08-10 09:30:00-04:00,14.770000457763672,14.850000381469727,14.770000457763672,14.779999732971191,0,0.0,0.0
2023-08-10 10:30:00-04:00,14.770000457763672,14.8100004196167,14.760000228881836,14.770899772644043,27233,0.0,0.0
2023-08-10 11:30:00-04:00,14.800000190734863,14.808199882507324,14.729499816894531,14.759900093078613,15660,0.0,0.0
2023-08-10 12:30:00-04:00,14.760000228881836,14.800000190734863,14.760000228881836,14.770000457763672,16621,0.0,0.0
2023-08-10 13:30:00-04:00,14.774999618530273,14.789999961853027,14.760100364685059,14.789999961853027,4316,0.0,0.0
2023-08-10 14:30:00-04:00,14.779999732971191,14.890000343322754,14.779999732971191,14.830100059509277,15706,0.0,0.0
2023-08-10 15:30:00-04:00,14.819999694824219,14.829999923706055,14.789999961853027,14.800000190734863,11015,0.0,0.0
2023-08-11 09:30:00-04:00,14.760000228881836,14.880000114440918,14.760000228881836,14.841899871826172,0,0.0,0.0
2023-08-11 10:30:00-04:00,14.84000015258789,14.851300239562988,14.770000457763672,14.850000381469727,15002,0.0,0.0
2023-08-11 11:30:00-04:00,14.829999923706055,14.850000381469727,14.8100004196167,14.8100004196167,6252,0.0,0.0
2023-08-11 12:30:00-04:00,14.8100004196167,14.850000381469727,14.789999961853027,14.850000381469727,31830,0.0,0.0
2023-08-11 13:30:00-04:00,14.829999923706055,14.84000015258789,14.800000190734863,14.800000190734863,12540,0.0,0.0
2023-08-11 14:30:00-04:00,14.800000190734863,14.800000190734863,14.779999732971191,14.789899826049805,29055,0.0,0.0
2023-08-11 15:30:00-04:00,14.789999961853027,14.805000305175781,14.770000457763672,14.770000457763672,10710,0.0,0.0
2023-08-14 09:30:00-04:00,14.789999961853027,14.789999961853027,14.720000267028809,14.750100135803223,16646,0.0,0.0
2023-08-14 10:30:00-04:00,14.75,14.760000228881836,14.699999809265137,14.729999542236328,22943,0.0,0.0
2023-08-14 11:30:00-04:00,14.75,14.770000457763672,14.720000267028809,14.749899864196777,15513,0.0,0.0
2023-08-14 12:30:00-04:00,14.720000267028809,14.770000457763672,14.720000267028809,14.75,11760,0.0,0.0
2023-08-14 13:30:00-04:00,14.75,14.779999732971191,14.720000267028809,14.729999542236328,14953,0.0,0.0
2023-08-14 14:30:00-04:00,14.729999542236328,14.779999732971191,14.729999542236328,14.779999732971191,3863,0.0,0.0
2023-08-14 15:30:00-04:00,14.770000457763672,14.789999961853027,14.765000343322754,14.770000457763672,6009,0.0,0.0
2023-08-15 09:30:00-04:00,14.65999984741211,14.75,14.65999984741211,14.680000305175781,31673,0.0,0.0
2023-08-15 10:30:00-04:00,14.694499969482422,14.694499969482422,14.5201997756958,14.600099563598633,41108,0.0,0.0
2023-08-15 11:30:00-04:00,14.630000114440918,14.649999618530273,14.619999885559082,14.631400108337402,5571,0.0,0.0
2023-08-15 12:30:00-04:00,14.630000114440918,14.649999618530273,14.550000190734863,14.569999694824219,51345,0.0,0.0
2023-08-15 13:30:00-04:00,14.5600004196167,14.569999694824219,14.529999732971191,14.556300163269043,22398,0.0,0.0
2023-08-15 14:30:00-04:00,14.569999694824219,14.649999618530273,14.569999694824219,14.619999885559082,13161,0.0,0.0
2023-08-15 15:30:00-04:00,14.609999656677246,14.609999656677246,14.5600004196167,14.569999694824219,18260,0.0,0.0
2023-08-16 09:30:00-04:00,14.550000190734863,14.6899995803833,14.550000190734863,14.648900032043457,24722,0.0,0.0
2023-08-16 10:30:00-04:00,14.644599914550781,14.6899995803833,14.644599914550781,14.680000305175781,27105,0.0,0.0
2023-08-16 11:30:00-04:00,14.65999984741211,14.699399948120117,14.59000015258789,14.59000015258789,27180,0.0,0.0
2023-08-16 12:30:00-04:00,14.600000381469727,14.600000381469727,14.510000228881836,14.543399810791016,16898,0.0,0.0
2023-08-16 13:30:00-04:00,14.520000457763672,14.529999732971191,14.430000305175781,14.4399995803833,29605,0.0,0.0
2023-08-16 14:30:00-04:00,14.430000305175781,14.449999809265137,14.34000015258789,14.375,45909,0.0,0.0
2023-08-16 15:30:00-04:00,14.375,14.40999984741211,14.34000015258789,14.399999618530273,18631,0.0,0.0
2023-08-17 09:30:00-04:00,14.399999618530273,14.505000114440918,14.359999656677246,14.380000114440918,16250,0.0,0.0
2023-08-17 10:30:00-04:00,14.380000114440918,14.399800300598145,14.380000114440918,14.380200386047363,3903,0.0,0.0
2023-08-17 11:30:00-04:00,14.390999794006348,14.470000267028809,14.380000114440918,14.450300216674805,11971,0.0,0.0
2023-08-17 12:30:00-04:00,14.430000305175781,14.449999809265137,14.350000381469727,14.359999656677246,14169,0.0,0.0
2023-08-17 13:30:00-04:00,14.375,14.399999618530273,14.3100004196167,14.319999694824219,41493,0.0,0.0
2023-08-17 14:30:00-04:00,14.349900245666504,14.349900245666504,14.239999771118164,14.270000457763672,14919,0.0,0.0
2023-08-17 15:30:00-04:00,14.264399528503418,14.319999694824219,14.260000228881836,14.317000389099121,20502,0.0,0.0
2023-08-18 09:30:00-04:00,14.220000267028809,14.440699577331543,14.199999809265137,14.239999771118164,0,0.0,0.0
2023-08-18 10:30:00-04:00,14.260000228881836,14.329999923706055,14.220000267028809,14.289999961853027,18706,0.0,0.0
2023-08-18 11:30:00-04:00,14.289999961853027,14.339900016784668,14.239999771118164,14.239999771118164,12940,0.0,0.0
2023-08-18 12:30:00-04:00,14.274999618530273,14.308600425720215,14.260000228881836,14.270000457763672,5659,0.0,0.0
2023-08-18 13:30:00-04:00,14.255000114440918,14.255000114440918,14.194999694824219,14.210200309753418,17490,0.0,0.0
2023-08-18 14:30:00-04:00,14.220000267028809,14.225000381469727,14.15999984741211,14.1850004196167,23146,0.0,0.0
2023-08-18 15:30:00-04:00,14.1899995803833,14.229999542236328,14.1850004196167,14.229999542236328,19967,0.0,0.0
2023-08-21 09:30:00-04:00,14.279999732971191,14.279999732971191,14.170000076293945,14.175000190734863,0,0.0,0.0
2023-08-21 10:30:00-04:00,14.180000305175781,14.180000305175781,14.050000190734863,14.074999809265137,24617,0.0,0.0
2023-08-21 11:30:00-04:00,14.050000190734863,14.085000038146973,14.0,14.00510025024414,31192,0.0,0.0
2023-08-21 12:30:00-04:00,14.005000114440918,14.145400047302246,14.0,14.075200080871582,55294,0.0,0.0
2023-08-21 13:30:00-04:00,14.079999923706055,14.09000015258789,14.010000228881836,14.079999923706055,45508,0.0,0.0
2023-08-21 14:30:00-04:00,14.09000015258789,14.199999809265137,14.085000038146973,14.1850004196167,33676,0.0,0.0
2023-08-21 15:30:00-04:00,14.1850004196167,14.199999809265137,14.164999961853027,14.1899995803833,18634,0.0,0.0
2023-08-22 09:30:00-04:00,14.1899995803833,14.21500015258789,14.119999885559082,14.149999618530273,20383,0.0,0.0
2023-08-22 10:30:00-04:00,14.140000343322754,14.220000267028809,14.140000343322754,14.199999809265137,8976,0.0,0.0
2023-08-22 11:30:00-04:00,14.149999618530273,14.180000305175781,14.149999618530273,14.175000190734863,19838,0.0,0.0
2023-08-22 12:30:00-04:00,14.180000305175781,14.180000305175781,14.170000076293945,14.170000076293945,9786,0.0,0.0
2023-08-22 13:30:00-04:00,14.15999984741211,14.170000076293945,14.130000114440918,14.140000343322754,15899,0.0,0.0
2023-08-22 14:30:00-04:00,14.149900436401367,14.149900436401367,14.09000015258789,14.100000381469727,18840,0.0,0.0
2023-08-22 15:30:00-04:00,14.104999542236328,14.11989974975586,14.0600004196167,14.0600004196167,19595,0.0,0.0
2023-08-23 09:30:00-04:00,14.100000381469727,14.159899711608887,14.074999809265137,14.130000114440918,11671,0.0,0.0
2023-08-23 10:30:00-04:00,14.149999618530273,14.25,14.132200241088867,14.230999946594238,26758,0.0,0.0
2023-08-23 11:30:00-04:00,14.220000267028809,14.220000267028809,14.180500030517578,14.210000038146973,10552,0.0,0.0
2023-08-23 12:30:00-04:00,14.190099716186523,14.229999542236328,14.180000305175781,14.21500015258789,19929,0.0,0.0
2023-08-23 13:30:00-04:00,14.220000267028809,14.229999542236328,14.20009994506836,14.220000267028809,10441,0.0,0.0
2023-08-23 14:30:00-04:00,14.220000267028809,14.220000267028809,14.180000305175781,14.180000305175781,30128,0.0,0.0
2023-08-23 15:30:00-04:00,14.192399978637695,14.220000267028809,14.180000305175781,14.199999809265137,9160,0.0,0.0
2023-08-24 09:30:00-04:00,14.229999542236328,14.229999542236328,14.145400047302246,14.199999809265137,10778,0.0,0.0
2023-08-24 10:30:00-04:00,14.1899995803833,14.229999542236328,14.169599533081055,14.199999809265137,12421,0.0,0.0
2023-08-24 11:30:00-04:00,14.215399742126465,14.229999542236328,14.1899995803833,14.220000267028809,19543,0.0,0.0
2023-08-24 12:30:00-04:00,14.220000267028809,14.229999542236328,14.199999809265137,14.220000267028809,12921,0.0,0.0
2023-08-24 13:30:00-04:00,14.20009994506836,14.220000267028809,14.180000305175781,14.220000267028809,12547,0.0,0.0
2023-08-24 14:30:00-04:00,14.220000267028809,14.220000267028809,14.180100440979004,14.180100440979004,4197,0.0,0.0
2023-08-24 15:30:00-04:00,14.196700096130371,14.210000038146973,14.180000305175781,14.199999809265137,4036,0.0,0.0
2023-08-25 09:30:00-04:00,14.220000267028809,14.390000343322754,14.19909954071045,14.364999771118164,106227,0.0,0.0
2023-08-25 10:30:00-04:00,14.369999885559082,14.438400268554688,14.25,14.438400268554688,41357,0.0,0.0
2023-08-25 11:30:00-04:00,14.449999809265137,14.550000190734863,14.420999526977539,14.501999855041504,48721,0.0,0.0
2023-08-25 12:30:00-04:00,14.5,14.520000457763672,14.350000381469727,14.350000381469727,26108,0.0,0.0
2023-08-25 13:30:00-04:00,14.373600006103516,14.517000198364258,14.350000381469727,14.461000442504883,24154,0.0,0.0
2023-08-25 14:30:00-04:00,14.461999893188477,14.529999732971191,14.449999809265137,14.520000457763672,32638,0.0,0.0
2023-08-25 15:30:00-04:00,14.51200008392334,14.550000190734863,14.489999771118164,14.489999771118164,52220,0.0,0.0
2023-08-28 09:30:00-04:00,14.5,14.5600004196167,14.5,14.539999961853027,0,0.0,0.0
2023-08-28 10:30:00-04:00,14.550000190734863,14.569000244140625,14.520000457763672,14.550000190734863,8225,0.0,0.0
2023-08-28 11:30:00-04:00,14.545000076293945,14.65999984741211,14.545000076293945,14.640000343322754,11058,0.0,0.0
2023-08-28 12:30:00-04:00,14.619999885559082,14.65999984741211,14.531999588012695,14.550000190734863,19917,0.0,0.0
2023-08-28 13:30:00-04:00,14.539999961853027,14.579999923706055,14.539999961853027,14.544099807739258,8425,0.0,0.0
2023-08-28 14:30:00-04:00,14.579999923706055,14.579999923706055,14.530099868774414,14.531999588012695,6843,0.0,0.0
2023-08-28 15:30:00-04:00,14.569999694824219,14.640000343322754,14.5600004196167,14.619999885559082,23951,0.0,0.0
2023-08-29 09:30:00-04:00,14.65999984741211,14.779999732971191,14.610099792480469,14.75,82318,0.0,0.0
2023-08-29 10:30:00-04:00,14.75,14.75,14.65999984741211,14.699999809265137,22187,0.0,0.0
2023-08-29 11:30:00-04:00,14.71500015258789,14.729700088500977,14.630000114440918,14.699999809265137,25255,0.0,0.0
2023-08-29 12:30:00-04:00,14.680000305175781,14.729900360107422,14.680000305175781,14.720000267028809,24331,0.0,0.0
2023-08-29 13:30:00-04:00,14.6899995803833,14.739999771118164,14.680000305175781,14.73390007019043,12526,0.0,0.0
2023-08-29 14:30:00-04:00,14.73009967803955,14.789999961853027,14.729999542236328,14.729999542236328,36293,0.0,0.0
2023-08-29 15:30:00-04:00,14.739999771118164,14.770000457763672,14.729999542236328,14.770000457763672,12004,0.0,0.0
2023-08-30 09:30:00-04:00,14.789999961853027,14.949999809265137,14.789999961853027,14.899999618530273,30447,0.0,0.0
2023-08-30 10:30:00-04:00,14.890000343322754,14.920000076293945,14.75,14.869999885559082,52246,0.0,0.0
2023-08-30 11:30:00-04:00,14.854999542236328,14.920000076293945,14.789999961853027,14.869999885559082,44658,0.0,0.0
2023-08-30 12:30:00-04:00,14.880000114440918,14.885000228881836,14.819999694824219,14.869999885559082,29360,0.0,0.0
2023-08-30 13:30:00-04:00,14.869999885559082,14.879799842834473,14.850000381469727,14.854999542236328,27111,0.0,0.0
2023-08-30 14:30:00-04:00,14.859999656677246,14.920000076293945,14.859999656677246,14.890000343322754,18338,0.0,0.0
2023-08-30 15:30:00-04:00,14.919899940490723,14.919899940490723,14.829999923706055,14.84000015258789,16898,0.0,0.0
2023-08-31 09:30:00-04:00,14.90999984741211,14.9399995803833,14.815500259399414,14.899999618530273,26141,0.0,0.0
2023-08-31 10:30:00-04:00,14.899999618530273,14.949999809265137,14.866399765014648,14.899999618530273,12972,0.0,0.0
2023-08-31 11:30:00-04:00,14.899999618530273,14.9399995803833,14.859999656677246,14.9399995803833,25191,0.0,0.0
2023-08-31 12:30:00-04:00,14.949999809265137,14.949999809265137,14.890000343322754,14.90999984741211,42330,0.0,0.0
2023-08-31 13:30:00-04:00,14.9399995803833,14.9399995803833,14.8100004196167,14.8100004196167,15138,0.0,0.0
2023-08-31 14:30:00-04:00,14.8100004196167,14.90999984741211,14.789999961853027,14.852299690246582,32324,0.0,0.0
2023-08-31 15:30:00-04:00,14.869999885559082,14.9399995803833,14.869999885559082,14.899999618530273,14640,0.0,0.0
2023-09-01 09:30:00-04:00,14.9399995803833,15.010000228881836,14.829999923706055,14.9350004196167,80484,0.0,0.0
2023-09-01 10:30:00-04:00,14.9350004196167,14.970000267028809,14.880000114440918,14.930000305175781,10490,0.0,0.0
2023-09-01 11:30:00-04:00,14.904999732971191,14.9399995803833,14.859999656677246,14.90999984741211,14693,0.0,0.0
2023-09-01 12:30:00-04:00,14.913700103759766,14.920000076293945,14.850000381469727,14.859999656677246,24539,0.0,0.0
2023-09-01 13:30:00-04:00,14.859999656677246,14.899999618530273,14.850000381469727,14.860099792480469,9164,0.0,0.0
2023-09-01 14:30:00-04:00,14.899999618530273,14.899999618530273,14.880000114440918,14.880000114440918,8564,0.0,0.0
2023-09-01 15:30:00-04:00,14.869999885559082,14.880000114440918,14.850000381469727,14.880000114440918,14369,0.0,0.0
2023-09-05 09:30:00-04:00,14.9399995803833,15.013500213623047,14.850000381469727,14.989999771118164,0,0.0,0.0
2023-09-05 10:30:00-04:00,14.982500076293945,14.991800308227539,14.899999618530273,14.914999961853027,23852,0.0,0.0
2023-09-05 11:30:00-04:00,14.949999809265137,14.960000038146973,14.930000305175781,14.950499534606934,21077,0.0,0.0
2023-09-05 12:30:00-04:00,14.949999809265137,14.960000038146973,14.90999984741211,14.914999961853027,12515,0.0,0.0
2023-09-05 13:30:00-04:00,14.920000076293945,14.930000305175781,14.859999656677246,14.930000305175781,19957,0.0,0.0
2023-09-05 14:30:00-04:00,14.914999961853027,14.979999542236328,14.890000343322754,14.90999984741211,52628,0.0,0.0
2023-09-05 15:30:00-04:00,14.920000076293945,14.948599815368652,14.789999961853027,14.789999961853027,37909,0.0,0.0
2023-09-06 09:30:00-04:00,14.800000190734863,14.892600059509277,14.789999961853027,14.829999923706055,0,0.0,0.0
2023-09-06 10:30:00-04:00,14.797499656677246,14.859999656677246,14.79010009765625,14.850000381469727,11148,0.0,0.0
2023-09-06 11:30:00-04:00,14.800000190734863,14.839599609375,14.800000190734863,14.819999694824219,20977,0.0,0.0
2023-09-06 12:30:00-04:00,14.837300300598145,14.84000015258789,14.789999961853027,14.819999694824219,16020,0.0,0.0
2023-09-06 13:30:00-04:00,14.850000381469727,14.850000381469727,14.760000228881836,14.789999961853027,13378,0.0,0.0
2023-09-06 14:30:00-04:00,14.770000457763672,14.800000190734863,14.760000228881836,14.795000076293945,14538,0.0,0.0
2023-09-06 15:30:00-04:00,14.798500061035156,14.800000190734863,14.760000228881836,14.800000190734863,23424,0.0,0.0
2023-09-07 09:30:00-04:00,14.75,14.8100004196167,14.6899995803833,14.8100004196167,0,0.0,0.0
2023-09-07 10:30:00-04:00,14.779999732971191,14.794599533081055,14.744999885559082,14.760000228881836,14439,0.0,0.0
2023-09-07 11:30:00-04:00,14.729999542236328,14.789999961853027,14.729999542236328,14.789999961853027,5511,0.0,0.0
2023-09-07 12:30:00-04:00,14.76099967956543,14.779999732971191,14.699999809265137,14.75,27871,0.0,0.0
2023-09-07 13:30:00-04:00,14.760000228881836,14.789899826049805,14.710000038146973,14.710000038146973,9259,0.0,0.0
2023-09-07 14:30:00-04:00,14.733400344848633,14.760000228881836,14.699999809265137,14.699999809265137,22845,0.0,0.0
2023-09-07 15:30:00-04:00,14.729999542236328,14.729999542236328,14.699999809265137,14.699999809265137,10359,0.0,0.0
2023-09-08 09:30:00-04:00,14.5600004196167,14.619999885559082,14.54990005493164,14.579999923706055,27081,0.0,0.0
2023-09-08 10:30:00-04:00,14.604999542236328,14.648300170898438,14.5600004196167,14.595000267028809,15811,0.0,0.0
2023-09-08 11:30:00-04:00,14.579999923706055,14.59000015258789,14.550000190734863,14.570099830627441,6229,0.0,0.0
2023-09-08 12:30:00-04:00,14.569999694824219,14.573800086975098,14.460000038146973,14.489999771118164,33244,0.0,0.0
2023-09-08 13:30:00-04:00,14.5,14.5,14.399999618530273,14.399999618530273,18470,0.0,0.0
2023-09-08 14:30:00-04:00,14.414999961853027,14.472000122070312,14.380000114440918,14.430000305175781,12152,0.0,0.0
2023-09-08 15:30:00-04:00,14.4399995803833,14.4399995803833,14.390000343322754,14.390000343322754,12789,0.0,0.0
2023-09-11 09:30:00-04:00,14.369999885559082,14.399999618530273,14.210100173950195,14.26990032196045,0,0.0,0.0
2023-09-11 10:30:00-04:00,14.229299545288086,14.329999923706055,14.220000267028809,14.300100326538086,19397,0.0,0.0
2023-09-11 11:30:00-04:00,14.3100004196167,14.369999885559082,14.30519962310791,14.364999771118164,14606,0.0,0.0
2023-09-11 12:30:00-04:00,14.369999885559082,14.380000114440918,14.229999542236328,14.241999626159668,19557,0.0,0.0
2023-09-11 13:30:00-04:00,14.229999542236328,14.25,14.140000343322754,14.170000076293945,46508,0.0,0.0
2023-09-11 14:30:00-04:00,14.1899995803833,14.1899995803833,14.149999618530273,14.149999618530273,24658,0.0,0.0
2023-09-11 15:30:00-04:00,14.154999732971191,14.170000076293945,14.119999885559082,14.119999885559082,9735,0.0,0.0
2023-09-12 09:30:00-04:00,14.119999885559082,14.180000305175781,14.119999885559082,14.149999618530273,20287,0.0,0.0
2023-09-12 10:30:00-04:00,14.15999984741211,14.181500434875488,14.140000343322754,14.181500434875488,14632,0.0,0.0
2023-09-12 11:30:00-04:00,14.180000305175781,14.199999809265137,14.170000076293945,14.189200401306152,12253,0.0,0.0
2023-09-12 12:30:00-04:00,14.180000305175781,14.239299774169922,14.180000305175781,14.180000305175781,8767,0.0,0.0
2023-09-12 13:30:00-04:00,14.219900131225586,14.220100402832031,14.180000305175781,14.199999809265137,3264,0.0,0.0
2023-09-12 14:30:00-04:00,14.199999809265137,14.239899635314941,14.180000305175781,14.180000305175781,9519,0.0,0.0
2023-09-12 15:30:00-04:00,14.180000305175781,14.199999809265137,14.140000343322754,14.199999809265137,0,0.0,0.0
2023-09-13 09:30:00-04:00,14.1899995803833,14.279999732971191,14.1899995803833,14.239899635314941,7127,0.0,0.0
2023-09-13 10:30:00-04:00,14.25,14.300000190734863,14.220000267028809,14.259599685668945,27426,0.0,0.0
2023-09-13 11:30:00-04:00,14.25,14.265999794006348,14.220000267028809,14.239999771118164,6125,0.0,0.0
2023-09-13 12:30:00-04:00,14.239999771118164,14.260000228881836,14.220000267028809,14.239999771118164,6245,0.0,0.0
2023-09-13 13:30:00-04:00,14.220000267028809,14.220000267028809,14.09000015258789,14.100000381469727,55898,0.0,0.0
2023-09-13 14:30:00-04:00,14.09000015258789,14.109999656677246,14.0600004196167,14.109999656677246,22702,0.0,0.0
2023-09-13 15:30:00-04:00,14.100000381469727,14.109999656677246,14.089900016784668,14.09000015258789,21622,0.0,0.0
2023-09-14 09:30:00-04:00,14.119999885559082,14.180000305175781,14.119999885559082,14.120100021362305,16531,0.0,0.0
2023-09-14 10:30:00-04:00,14.149999618530273,14.189900398254395,14.119999885559082,14.15999984741211,23223,0.0,0.0
2023-09-14 11:30:00-04:00,14.15999984741211,14.15999984741211,14.0600004196167,14.120100021362305,41091,0.0,0.0
2023-09-14 12:30:00-04:00,14.130000114440918,14.16670036315918,14.100000381469727,14.109999656677246,26990,0.0,0.0
2023-09-14 13:30:00-04:00,14.109999656677246,14.140000343322754,14.09000015258789,14.09000015258789,14303,0.0,0.0
2023-09-14 14:30:00-04:00,14.09000015258789,14.13700008392334,14.09000015258789,14.136300086975098,9708,0.0,0.0
2023-09-14 15:30:00-04:00,14.138199806213379,14.138199806213379,14.09000015258789,14.109999656677246,11534,0.0,0.0
2023-09-15 09:30:00-04:00,14.09000015258789,14.199999809265137,14.09000015258789,14.199999809265137,0,0.0,0.0
2023-09-15 10:30:00-04:00,14.175200462341309,14.229999542236328,14.119000434875488,14.1899995803833,19368,0.0,0.0
2023-09-15 11:30:00-04:00,14.188199996948242,14.220000267028809,14.149999618530273,14.209799766540527,12570,0.0,0.0
2023-09-15 12:30:00-04:00,14.19629955291748,14.19629955291748,14.149999618530273,14.1899995803833,5011,0.0,0.0
2023-09-15 13:30:00-04:00,14.1899995803833,14.210000038146973,14.170100212097168,14.19950008392334,12891,0.0,0.0
2023-09-15 14:30:00-04:00,14.180000305175781,14.1850004196167,14.149999618530273,14.170000076293945,16152,0.0,0.0
2023-09-15 15:30:00-04:00,14.164999961853027,14.17609977722168,14.149999618530273,14.15999984741211,5915,0.0,0.0
2023-09-18 09:30:00-04:00,14.140000343322754,14.210000038146973,14.140000343322754,14.194999694824219,16316,0.0,0.0
2023-09-18 10:30:00-04:00,14.207099914550781,14.210000038146973,14.119999885559082,14.119999885559082,21405,0.0,0.0
2023-09-18 11:30:00-04:00,14.119999885559082,14.156000137329102,14.100000381469727,14.100000381469727,13209,0.0,0.0
2023-09-18 12:30:00-04:00,14.100000381469727,14.109999656677246,14.069999694824219,14.079999923706055,18714,0.0,0.0
2023-09-18 13:30:00-04:00,14.079999923706055,14.096500396728516,14.069999694824219,14.069999694824219,14725,0.0,0.0
2023-09-18 14:30:00-04:00,14.074600219726562,14.090100288391113,14.069999694824219,14.069999694824219,26075,0.0,0.0
2023-09-18 15:30:00-04:00,14.069999694824219,14.119999885559082,14.069999694824219,14.09000015258789,13037,0.0,0.0
2023-09-19 09:30:00-04:00,14.09000015258789,14.130000114440918,14.0600004196167,14.079999923706055,0,0.0,0.0
2023-09-19 10:30:00-04:00,14.09000015258789,14.107199668884277,14.050000190734863,14.050000190734863,19260,0.0,0.0
2023-09-19 11:30:00-04:00,14.079999923706055,14.09000015258789,14.079999923706055,14.084500312805176,5724,0.0,0.0
2023-09-19 12:30:00-04:00,14.079999923706055,14.099800109863281,14.079999923706055,14.080100059509277,10949,0.0,0.0
2023-09-19 13:30:00-04:00,14.09000015258789,14.09000015258789,14.038900375366211,14.038999557495117,24003,0.0,0.0
2023-09-19 14:30:00-04:00,14.033900260925293,14.033900260925293,13.979999542236328,13.984999656677246,42924,0.0,0.0
2023-09-19 15:30:00-04:00,13.979999542236328,14.0600004196167,13.979999542236328,14.029999732971191,36923,0.0,0.0
2023-09-20 09:30:00-04:00,14.100000381469727,14.1899995803833,14.079999923706055,14.145000457763672,62526,0.0,0.0
2023-09-20 10:30:00-04:00,14.140000343322754,14.149999618530273,14.079999923706055,14.135000228881836,26612,0.0,0.0
2023-09-20 11:30:00-04:00,14.130000114440918,14.15999984741211,14.130000114440918,14.15999984741211,14064,0.0,0.0
2023-09-20 12:30:00-04:00,14.15250015258789,14.180000305175781,14.149999618530273,14.17490005493164,17638,0.0,0.0
2023-09-20 13:30:00-04:00,14.170000076293945,14.232999801635742,14.149999618530273,14.149999618530273,25493,0.0,0.0
2023-09-20 14:30:00-04:00,14.180000305175781,14.180000305175781,14.109999656677246,14.136300086975098,9890,0.0,0.0
2023-09-20 15:30:00-04:00,14.14799976348877,14.149999618530273,14.100000381469727,14.149999618530273,20387,0.0,0.0
2023-09-21 09:30:00-04:00,14.029999732971191,14.109999656677246,14.029999732971191,14.075300216674805,8275,0.0,0.0
2023-09-21 10:30:00-04:00,14.050999641418457,14.089500427246094,14.050000190734863,14.059399604797363,24185,0.0,0.0
2023-09-21 11:30:00-04:00,14.055000305175781,14.0600004196167,14.0,14.010000228881836,16279,0.0,0.0
2023-09-21 12:30:00-04:00,14.0,14.100000381469727,13.979999542236328,14.09000015258789,19648,0.0,0.0
2023-09-21 13:30:00-04:00,14.073699951171875,14.100000381469727,14.0600004196167,14.0600004196167,17811,0.0,0.0
2023-09-21 14:30:00-04:00,14.060099601745605,14.100000381469727,13.9399995803833,14.033699989318848,34854,0.0,0.0
2023-09-21 15:30:00-04:00,14.024800300598145,14.029999732971191,14.010000228881836,14.010000228881836,0,0.0,0.0
2023-09-22 09:30:00-04:00,14.020000457763672,14.130000114440918,14.020000457763672,14.084600448608398,10564,0.0,0.0
2023-09-22 10:30:00-04:00,14.095000267028809,14.15999984741211,14.095000267028809,14.143600463867188,12666,0.0,0.0
2023-09-22 11:30:00-04:00,14.146300315856934,14.199999809265137,14.0600004196167,14.069999694824219,26892,0.0,0.0
2023-09-22 12:30:00-04:00,14.069999694824219,14.078399658203125,14.010000228881836,14.010000228881836,20617,0.0,0.0
2023-09-22 13:30:00-04:00,14.010000228881836,14.09469985961914,14.000100135803223,14.0600004196167,19507,0.0,0.0
2023-09-22 14:30:00-04:00,14.0600004196167,14.140000343322754,14.039999961853027,14.119999885559082,11617,0.0,0.0
2023-09-22 15:30:00-04:00,14.100099563598633,14.149999618530273,14.079999923706055,14.130000114440918,14340,0.0,0.0
2023-09-25 09:30:00-04:00,14.039999961853027,14.109999656677246,14.039999961853027,14.108200073242188,6843,0.0,0.0
2023-09-25 10:30:00-04:00,14.119999885559082,14.145000457763672,14.050000190734863,14.104999542236328,27115,0.0,0.0
2023-09-25 11:30:00-04:00,14.114999771118164,14.1899995803833,14.114999771118164,14.140000343322754,18626,0.0,0.0
2023-09-25 12:30:00-04:00,14.130000114440918,14.140000343322754,14.0,14.020099639892578,43740,0.0,0.0
2023-09-25 13:30:00-04:00,14.063300132751465,14.063300132751465,13.949999809265137,13.949999809265137,12605,0.0,0.0
2023-09-25 14:30:00-04:00,13.975000381469727,14.0,13.960000038146973,13.979999542236328,37042,0.0,0.0
2023-09-25 15:30:00-04:00,14.0,14.0,13.970000267028809,13.979999542236328,16452,0.0,0.0
2023-09-26 09:30:00-04:00,13.970000267028809,14.053999900817871,13.962499618530273,14.0,11664,0.0,0.0
2023-09-26 10:30:00-04:00,14.00100040435791,14.00100040435791,13.960100173950195,13.960399627685547,8510,0.0,0.0
2023-09-26 11:30:00-04:00,13.960000038146973,13.960000038146973,13.870100021362305,13.899499893188477,24632,0.0,0.0
2023-09-26 12:30:00-04:00,13.899900436401367,13.899900436401367,13.84000015258789,13.870100021362305,35848,0.0,0.0
2023-09-26 13:30:00-04:00,13.870100021362305,13.880000114440918,13.760000228881836,13.76990032196045,44849,0.0,0.0
2023-09-26 14:30:00-04:00,13.760000228881836,13.829999923706055,13.739999771118164,13.8149995803833,48362,0.0,0.0
2023-09-26 15:30:00-04:00,13.8100004196167,13.859999656677246,13.779999732971191,13.779999732971191,29496,0.0,0.0
2023-09-27 09:30:00-04:00,13.8100004196167,13.91349983215332,13.809900283813477,13.89009952545166,14416,0.0,0.0
2023-09-27 10:30:00-04:00,13.852999687194824,13.852999687194824,13.75,13.789999961853027,58277,0.0,0.0
2023-09-27 11:30:00-04:00,13.800000190734863,13.8100004196167,13.760100364685059,13.760100364685059,11125,0.0,0.0
2023-09-27 12:30:00-04:00,13.78439998626709,13.78439998626709,13.770000457763672,13.779999732971191,3254,0.0,0.0
2023-09-27 13:30:00-04:00,13.760100364685059,13.793800354003906,13.710000038146973,13.711700439453125,9304,0.0,0.0
2023-09-27 14:30:00-04:00,13.720000267028809,13.729999542236328,13.5600004196167,13.614999771118164,64764,0.0,0.0
2023-09-27 15:30:00-04:00,13.609999656677246,13.670000076293945,13.609399795532227,13.670000076293945,12813,0.0,0.0
2023-09-28 09:30:00-04:00,13.600000381469727,13.739999771118164,13.600000381469727,13.65999984741211,26652,0.0,0.0
2023-09-28 10:30:00-04:00,13.718000411987305,13.829999923706055,13.718000411987305,13.829899787902832,27114,0.0,0.0
2023-09-28 11:30:00-04:00,13.859000205993652,14.0,13.857999801635742,13.9399995803833,40049,0.0,0.0
2023-09-28 12:30:00-04:00,13.949999809265137,14.029999732971191,13.899999618530273,13.900099754333496,42082,0.0,0.0
2023-09-28 13:30:00-04:00,13.930000305175781,13.95989990234375,13.890000343322754,13.949999809265137,7535,0.0,0.0
2023-09-28 14:30:00-04:00,13.90999984741211,13.930000305175781,13.640000343322754,13.640000343322754,28922,0.0,0.0
2023-09-28 15:30:00-04:00,13.640000343322754,13.670000076293945,13.579999923706055,13.600000381469727,78901,0.0,0.0
2023-09-29 09:30:00-04:00,13.699999809265137,13.899999618530273,13.699999809265137,13.829999923706055,46521,0.0,0.0
2023-09-29 10:30:00-04:00,13.84000015258789,13.979999542236328,13.84000015258789,13.979999542236328,55708,0.0,0.0
2023-09-29 11:30:00-04:00,13.970000267028809,13.979999542236328,13.850600242614746,13.904999732971191,18557,0.0,0.0
2023-09-29 12:30:00-04:00,13.90999984741211,13.9399995803833,13.835700035095215,13.890000343322754,17005,0.0,0.0
2023-09-29 13:30:00-04:00,13.899999618530273,13.930000305175781,13.850000381469727,13.865400314331055,10658,0.0,0.0
2023-09-29 14:30:00-04:00,13.875399589538574,13.875399589538574,13.840200424194336,13.850000381469727,13753,0.0,0.0
2023-09-29 15:30:00-04:00,13.850000381469727,13.930000305175781,13.840100288391113,13.930000305175781,39602,0.0,0.0
2023-10-02 09:30:00-04:00,13.930000305175781,14.0600004196167,13.920999526977539,14.0,67245,0.0,0.0
2023-10-02 10:30:00-04:00,14.0,14.010000228881836,13.930000305175781,14.0,12067,0.0,0.0
2023-10-02 11:30:00-04:00,14.0,14.0,13.84000015258789,13.970000267028809,35802,0.0,0.0
2023-10-02 12:30:00-04:00,13.970000267028809,13.970000267028809,13.899999618530273,13.90999984741211,13154,0.0,0.0
2023-10-02 13:30:00-04:00,13.90999984741211,13.9399995803833,13.895000457763672,13.9399995803833,11740,0.0,0.0
2023-10-02 14:30:00-04:00,13.9399995803833,13.970000267028809,13.890000343322754,13.970000267028809,19996,0.0,0.0
2023-10-02 15:30:00-04:00,13.979999542236328,14.0,13.949999809265137,14.0,32147,0.0,0.0
2023-10-03 09:30:00-04:00,13.899999618530273,13.979999542236328,13.824999809265137,13.9399995803833,0,0.0,0.0
2023-10-03 10:30:00-04:00,13.920599937438965,14.0,13.920599937438965,14.0,24905,0.0,0.0
2023-10-03 11:30:00-04:00,13.975000381469727,14.050000190734863,13.970000267028809,14.0,20878,0.0,0.0
2023-10-03 12:30:00-04:00,14.0,14.0,13.960000038146973,13.979999542236328,20409,0.0,0.0
2023-10-03 13:30:00-04:00,13.979999542236328,13.979999542236328,13.893500328063965,13.949999809265137,14754,0.0,0.0
2023-10-03 14:30:00-04:00,13.949999809265137,13.949999809265137,13.860400199890137,13.860400199890137,13551,0.0,0.0
2023-10-03 15:30:00-04:00,13.859999656677246,13.90999984741211,13.859999656677246,13.895000457763672,9063,0.0,0.0
2023-10-04 09:30:00-04:00,13.859999656677246,13.960000038146973,13.859999656677246,13.860099792480469,6807,0.0,0.0
2023-10-04 10:30:00-04:00,13.887100219726562,13.930000305175781,13.869999885559082,13.90999984741211,23931,0.0,0.0
2023-10-04 11:30:00-04:00,13.895000457763672,13.915599822998047,13.895000457763672,13.899999618530273,12113,0.0,0.0
2023-10-04 12:30:00-04:00,13.909899711608887,13.914999961853027,13.899999618530273,13.914999961853027,6308,0.0,0.0
2023-10-04 13:30:00-04:00,13.910099983215332,13.925000190734863,13.880000114440918,13.890000343322754,21601,0.0,0.0
2023-10-04 14:30:00-04:00,13.890000343322754,13.890000343322754,13.710000038146973,13.819999694824219,315631,0.0,0.0
2023-10-04 15:30:00-04:00,13.829999923706055,13.920000076293945,13.8100004196167,13.920000076293945,17719,0.0,0.0
2023-10-05 09:30:00-04:00,13.979999542236328,13.979999542236328,13.843400001525879,13.90999984741211,0,0.0,0.0
2023-10-05 10:30:00-04:00,13.909899711608887,13.90999984741211,13.8100004196167,13.8100004196167,13551,0.0,0.0
2023-10-05 11:30:00-04:00,13.809900283813477,13.809900283813477,13.780099868774414,13.806500434875488,3088,0.0,0.0
2023-10-05 12:30:00-04:00,13.8100004196167,13.820899963378906,13.789999961853027,13.789999961853027,4659,0.0,0.0
2023-10-05 13:30:00-04:00,13.790399551391602,13.800700187683105,13.779999732971191,13.781100273132324,10560,0.0,0.0
2023-10-05 14:30:00-04:00,13.800000190734863,13.800000190734863,13.758700370788574,13.770000457763672,13214,0.0,0.0
2023-10-05 15:30:00-04:00,13.760000228881836,13.77649974822998,13.760000228881836,13.760000228881836,0,0.0,0.0
2023-10-06 09:30:00-04:00,13.670000076293945,13.720000267028809,13.619999885559082,13.710000038146973,26485,0.0,0.0
2023-10-06 10:30:00-04:00,13.681099891662598,13.770000457763672,13.681099891662598,13.739999771118164,16428,0.0,0.0
2023-10-06 11:30:00-04:00,13.70009994506836,13.779999732971191,13.699999809265137,13.729999542236328,9992,0.0,0.0
2023-10-06 12:30:00-04:00,13.75,13.75,13.699999809265137,13.729999542236328,7565,0.0,0.0
2023-10-06 13:30:00-04:00,13.739999771118164,13.75,13.720000267028809,13.739999771118164,21008,0.0,0.0
2023-10-06 14:30:00-04:00,13.7475004196167,13.779999732971191,13.729999542236328,13.779999732971191,27594,0.0,0.0
2023-10-06 15:30:00-04:00,13.789999961853027,13.829999923706055,13.765000343322754,13.819999694824219,12812,0.0,0.0
2023-10-09 09:30:00-04:00,13.729999542236328,13.819999694824219,13.670000076293945,13.6899995803833,0,0.0,0.0
2023-10-09 10:30:00-04:00,13.710000038146973,13.760000228881836,13.710000038146973,13.75,7843,0.0,0.0
2023-10-09 11:30:00-04:00,13.770099639892578,13.850000381469727,13.770000457763672,13.819999694824219,12833,0.0,0.0
2023-10-09 12:30:00-04:00,13.84000015258789,13.850000381469727,13.829999923706055,13.841400146484375,10497,0.0,0.0
2023-10-09 13:30:00-04:00,13.819999694824219,13.84000015258789,13.789999961853027,13.789999961853027,6599,0.0,0.0
2023-10-09 14:30:00-04:00,13.789999961853027,13.829899787902832,13.779999732971191,13.779999732971191,20976,0.0,0.0
2023-10-09 15:30:00-04:00,13.793999671936035,13.84000015258789,13.760000228881836,13.789999961853027,31518,0.0,0.0
2023-10-10 09:30:00-04:00,13.819999694824219,13.930000305175781,13.801899909973145,13.869999885559082,22103,0.0,0.0
2023-10-10 10:30:00-04:00,13.859999656677246,13.899999618530273,13.829999923706055,13.890000343322754,15890,0.0,0.0
2023-10-10 11:30:00-04:00,13.859999656677246,13.899999618530273,13.859999656677246,13.890000343322754,13631,0.0,0.0
2023-10-10 12:30:00-04:00,13.890000343322754,13.920000076293945,13.859999656677246,13.859999656677246,36535,0.0,0.0
2023-10-10 13:30:00-04:00,13.875,13.880000114440918,13.829999923706055,13.829999923706055,23265,0.0,0.0
2023-10-10 14:30:00-04:00,13.821599960327148,13.84000015258789,13.805000305175781,13.829999923706055,25722,0.0,0.0
2023-10-10 15:30:00-04:00,13.829999923706055,13.84000015258789,13.800000190734863,13.829999923706055,0,0.0,0.0
2023-10-11 09:30:00-04:00,13.729999542236328,13.829999923706055,13.6899995803833,13.699999809265137,35048,0.0,0.0
2023-10-11 10:30:00-04:00,13.718600273132324,13.770000457763672,13.699999809265137,13.755499839782715,14952,0.0,0.0
2023-10-11 11:30:00-04:00,13.755000114440918,13.755000114440918,13.6899995803833,13.6899995803833,21914,0.0,0.0
2023-10-11 12:30:00-04:00,13.698200225830078,13.70009994506836,13.6899995803833,13.699000358581543,3155,0.0,0.0
2023-10-11 13:30:00-04:00,13.6899995803833,13.710000038146973,13.660200119018555,13.670000076293945,19669,0.0,0.0
2023-10-11 14:30:00-04:00,13.65999984741211,13.670000076293945,13.59000015258789,13.597999572753906,16895,0.0,0.0
2023-10-11 15:30:00-04:00,13.609999656677246,13.630000114440918,13.59000015258789,13.609999656677246,14152,0.0,0.0
2023-10-12 09:30:00-04:00,13.609999656677246,13.710000038146973,13.609999656677246,13.649999618530273,0,0.0,0.0
2023-10-12 10:30:00-04:00,13.630000114440918,13.645000457763672,13.529999732971191,13.529999732971191,27774,0.0,0.0
2023-10-12 11:30:00-04:00,13.510000228881836,13.537099838256836,13.5,13.533100128173828,25723,0.0,0.0
2023-10-12 12:30:00-04:00,13.510000228881836,13.550000190734863,13.40999984741211,13.40999984741211,16823,0.0,0.0
2023-10-12 13:30:00-04:00,13.40999984741211,13.460000038146973,13.399999618530273,13.4399995803833,27278,0.0,0.0
2023-10-12 14:30:00-04:00,13.420000076293945,13.420000076293945,13.350000381469727,13.387399673461914,40890,0.0,0.0
2023-10-12 15:30:00-04:00,13.382699966430664,13.387399673461914,13.350000381469727,13.350000381469727,23039,0.0,0.0
2023-10-13 09:30:00-04:00,13.390000343322754,13.460000038146973,13.390000343322754,13.420000076293945,8948,0.0,0.0
2023-10-13 10:30:00-04:00,13.420000076293945,13.444999694824219,13.399999618530273,13.420000076293945,25783,0.0,0.0
2023-10-13 11:30:00-04:00,13.399999618530273,13.418700218200684,13.3100004196167,13.350000381469727,26089,0.0,0.0
2023-10-13 12:30:00-04:00,13.350000381469727,13.350000381469727,13.260000228881836,13.279999732971191,19958,0.0,0.0
2023-10-13 13:30:00-04:00,13.260000228881836,13.29990005493164,13.220000267028809,13.244999885559082,11854,0.0,0.0
2023-10-13 14:30:00-04:00,13.23009967803955,13.246399879455566,13.1496000289917,13.199999809265137,40899,0.0,0.0
2023-10-13 15:30:00-04:00,13.210000038146973,13.220000267028809,13.180000305175781,13.199999809265137,18214,0.0,0.0
2023-10-16 09:30:00-04:00,13.270000457763672,13.270000457763672,13.199999809265137,13.244999885559082,0,0.0,0.0
2023-10-16 10:30:00-04:00,13.244999885559082,13.244999885559082,13.100000381469727,13.100000381469727,32444,0.0,0.0
2023-10-16 11:30:00-04:00,13.100000381469727,13.114999771118164,13.010000228881836,13.010000228881836,43781,0.0,0.0
2023-10-16 12:30:00-04:00,13.020000457763672,13.0600004196167,12.970000267028809,12.988200187683105,35126,0.0,0.0
2023-10-16 13:30:00-04:00,12.970000267028809,13.069999694824219,12.970000267028809,13.0,62242,0.0,0.0
2023-10-16 14:30:00-04:00,13.010000228881836,13.0600004196167,12.979999542236328,13.04990005493164,53905,0.0,0.0
2023-10-16 15:30:00-04:00,13.050000190734863,13.050000190734863,12.985199928283691,13.020000457763672,48687,0.0,0.0
2023-10-17 09:30:00-04:00,13.020000457763672,13.050000190734863,12.65999984741211,12.75,137810,0.0,0.0
2023-10-17 10:30:00-04:00,12.75,12.779999732971191,12.699999809265137,12.720000267028809,51628,0.0,0.0
2023-10-17 11:30:00-04:00,12.724499702453613,12.859999656677246,12.724499702453613,12.854999542236328,46881,0.0,0.0
2023-10-17 12:30:00-04:00,12.854999542236328,12.854999542236328,12.8100004196167,12.850000381469727,52929,0.0,0.0
2023-10-17 13:30:00-04:00,12.850000381469727,12.859999656677246,12.770000457763672,12.779999732971191,30767,0.0,0.0
2023-10-17 14:30:00-04:00,12.780500411987305,12.819999694824219,12.774999618530273,12.8149995803833,29332,0.0,0.0
2023-10-17 15:30:00-04:00,12.828300476074219,12.828300476074219,12.779999732971191,12.779999732971191,13754,0.0,0.0
2023-10-18 09:30:00-04:00,12.859999656677246,12.859999656677246,12.729999542236328,12.779999732971191,48827,0.0,0.0
2023-10-18 10:30:00-04:00,12.809900283813477,12.84000015258789,12.75,12.8100004196167,19574,0.0,0.0
2023-10-18 11:30:00-04:00,12.8100004196167,12.829999923706055,12.770999908447266,12.806300163269043,25005,0.0,0.0
2023-10-18 12:30:00-04:00,12.819700241088867,12.90999984741211,12.795000076293945,12.876899719238281,24875,0.0,0.0
2023-10-18 13:30:00-04:00,12.850000381469727,12.899999618530273,12.800000190734863,12.869500160217285,32346,0.0,0.0
2023-10-18 14:30:00-04:00,12.859999656677246,12.880000114440918,12.779999732971191,12.82979965209961,15913,0.0,0.0
2023-10-18 15:30:00-04:00,12.829400062561035,12.869999885559082,12.824999809265137,12.84000015258789,17298,0.0,0.0
2023-10-19 09:30:00-04:00,12.869999885559082,12.949999809265137,12.850000381469727,12.90999984741211,0,0.0,0.0
2023-10-19 10:30:00-04:00,12.899999618530273,12.939900398254395,12.880000114440918,12.939900398254395,12883,0.0,0.0
2023-10-19 11:30:00-04:00,12.920000076293945,12.960000038146973,12.890000343322754,12.899999618530273,37913,0.0,0.0
2023-10-19 12:30:00-04:00,12.90999984741211,12.90999984741211,12.829999923706055,12.890000343322754,9489,0.0,0.0
2023-10-19 13:30:00-04:00,12.869999885559082,12.869999885559082,12.739999771118164,12.772299766540527,25534,0.0,0.0
2023-10-19 14:30:00-04:00,12.765000343322754,12.779999732971191,12.64009952545166,12.649999618530273,64524,0.0,0.0
2023-10-19 15:30:00-04:00,12.649999618530273,12.680000305175781,12.630000114440918,12.65999984741211,25049,0.0,0.0
2023-10-20 09:30:00-04:00,12.65999984741211,12.739999771118164,12.630000114440918,12.640000343322754,46483,0.0,0.0
2023-10-20 10:30:00-04:00,12.630000114440918,12.649999618530273,12.569999694824219,12.608599662780762,46256,0.0,0.0
2023-10-20 11:30:00-04:00,12.59000015258789,12.671799659729004,12.569999694824219,12.649999618530273,30318,0.0,0.0
2023-10-20 12:30:00-04:00,12.649999618530273,12.760000228881836,12.609999656677246,12.630000114440918,55835,0.0,0.0
2023-10-20 13:30:00-04:00,12.645000457763672,12.653800010681152,12.630000114440918,12.630000114440918,12225,0.0,0.0
2023-10-20 14:30:00-04:00,12.630000114440918,12.640000343322754,12.600000381469727,12.600000381469727,26281,0.0,0.0
2023-10-20 15:30:00-04:00,12.600000381469727,12.670000076293945,12.59000015258789,12.654999732971191,25675,0.0,0.0
2023-10-23 09:30:00-04:00,12.619999885559082,12.720000267028809,12.600000381469727,12.6899995803833,0,0.0,0.0
2023-10-23 10:30:00-04:00,12.71679973602295,12.829999923706055,12.710000038146973,12.829999923706055,33957,0.0,0.0
2023-10-23 11:30:00-04:00,12.820099830627441,12.880000114440918,12.8149995803833,12.880000114440918,68036,0.0,0.0
2023-10-23 12:30:00-04:00,12.880000114440918,12.949999809265137,12.842100143432617,12.869999885559082,71485,0.0,0.0
2023-10-23 13:30:00-04:00,12.88010025024414,12.9399995803833,12.850000381469727,12.880000114440918,26702,0.0,0.0
2023-10-23 14:30:00-04:00,12.890000343322754,12.920000076293945,12.859999656677246,12.880000114440918,20186,0.0,0.0
2023-10-23 15:30:00-04:00,12.870100021362305,12.880000114440918,12.800000190734863,12.800000190734863,22211,0.0,0.0
2023-10-24 09:30:00-04:00,12.8100004196167,12.979999542236328,12.8100004196167,12.960000038146973,0,0.0,0.0
2023-10-24 10:30:00-04:00,12.939000129699707,13.0,12.939000129699707,12.954999923706055,23267,0.0,0.0
2023-10-24 11:30:00-04:00,12.9399995803833,13.079999923706055,12.9399995803833,13.020000457763672,65023,0.0,0.0
2023-10-24 12:30:00-04:00,13.009099960327148,13.029999732971191,12.979900360107422,12.979999542236328,8532,0.0,0.0
2023-10-24 13:30:00-04:00,12.960100173950195,13.039999961853027,12.960100173950195,13.010100364685059,8038,0.0,0.0
2023-10-24 14:30:00-04:00,13.020000457763672,13.039999961853027,12.979999542236328,13.0,26676,0.0,0.0
2023-10-24 15:30:00-04:00,13.010000228881836,13.0600004196167,13.010000228881836,13.029999732971191,43181,0.0,0.0
2023-10-25 09:30:00-04:00,13.0,13.09000015258789,12.975500106811523,13.09000015258789,51872,0.0,0.0
2023-10-25 10:30:00-04:00,13.045000076293945,13.210000038146973,13.034000396728516,13.210000038146973,40651,0.0,0.0
2023-10-25 11:30:00-04:00,13.210000038146973,13.279999732971191,13.109999656677246,13.109999656677246,84021,0.0,0.0
2023-10-25 12:30:00-04:00,13.068300247192383,13.09000015258789,13.000399589538574,13.020000457763672,16305,0.0,0.0
2023-10-25 13:30:00-04:00,13.005000114440918,13.010000228881836,12.960000038146973,12.989999771118164,11237,0.0,0.0
2023-10-25 14:30:00-04:00,12.999899864196777,13.050000190734863,12.989999771118164,13.020000457763672,30501,0.0,0.0
2023-10-25 15:30:00-04:00,13.029999732971191,13.039999961853027,12.970000267028809,13.0,23089,0.0,0.0
2023-10-26 09:30:00-04:00,12.890000343322754,12.999899864196777,12.800000190734863,12.869999885559082,0,0.0,0.0
2023-10-26 10:30:00-04:00,12.854999542236328,12.883999824523926,12.819999694824219,12.883999824523926,24453,0.0,0.0
2023-10-26 11:30:00-04:00,12.859999656677246,12.970000267028809,12.859999656677246,12.90999984741211,8437,0.0,0.0
2023-10-26 12:30:00-04:00,12.9350004196167,13.0,12.920000076293945,12.979999542236328,24888,0.0,0.0
2023-10-26 13:30:00-04:00,12.989999771118164,13.020000457763672,12.989899635314941,13.020000457763672,15880,0.0,0.0
2023-10-26 14:30:00-04:00,13.015000343322754,13.0600004196167,13.005000114440918,13.055000305175781,16456,0.0,0.0
2023-10-26 15:30:00-04:00,13.055000305175781,13.119999885559082,13.039999961853027,13.109999656677246,17215,0.0,0.0
2023-10-27 09:30:00-04:00,13.029999732971191,13.199999809265137,13.029999732971191,13.170000076293945,0,0.0,0.0
2023-10-27 10:30:00-04:00,13.170000076293945,13.170000076293945,13.079999923706055,13.149499893188477,30049,0.0,0.0
2023-10-27 11:30:00-04:00,13.149999618530273,13.162199974060059,13.029999732971191,13.065299987792969,18331,0.0,0.0
2023-10-27 12:30:00-04:00,13.079999923706055,13.085000038146973,13.079999923706055,13.085000038146973,1869,0.0,0.0
2023-10-27 13:30:00-04:00,13.133000373840332,13.133000373840332,12.989999771118164,13.079999923706055,30439,0.0,0.0
2023-10-27 14:30:00-04:00,13.079999923706055,13.143899917602539,13.069999694824219,13.079999923706055,17668,0.0,0.0
2023-10-27 15:30:00-04:00,13.080100059509277,13.080100059509277,13.010000228881836,13.020000457763672,5556,0.0,0.0
2023-10-30 09:30:00-04:00,13.199999809265137,13.239999771118164,13.100000381469727,13.180000305175781,0,0.0,0.0
2023-10-30 10:30:00-04:00,13.1850004196167,13.289999961853027,13.15999984741211,13.278200149536133,25499,0.0,0.0
2023-10-30 11:30:00-04:00,13.260000228881836,13.260000228881836,13.210200309753418,13.220000267028809,15888,0.0,0.0
2023-10-30 12:30:00-04:00,13.229499816894531,13.229499816894531,12.880000114440918,12.979999542236328,60390,0.0,0.0
2023-10-30 13:30:00-04:00,12.975000381469727,12.989999771118164,12.899999618530273,12.930000305175781,36014,0.0,0.0
2023-10-30 14:30:00-04:00,12.930000305175781,13.020000457763672,12.930000305175781,12.9399995803833,40193,0.0,0.0
2023-10-30 15:30:00-04:00,12.94909954071045,12.954999923706055,12.899999618530273,12.9399995803833,72911,0.0,0.0
2023-10-31 09:30:00-04:00,12.960000038146973,13.038299560546875,12.949999809265137,13.038299560546875,19105,0.0,0.0
2023-10-31 10:30:00-04:00,13.039999961853027,13.079999923706055,12.970000267028809,13.079999923706055,13683,0.0,0.0
2023-10-31 11:30:00-04:00,13.079999923706055,13.100000381469727,12.930000305175781,13.0,44206,0.0,0.0
2023-10-31 12:30:00-04:00,13.0,13.010000228881836,12.90999984741211,13.010000228881836,58975,0.0,0.0
2023-10-31 13:30:00-04:00,12.984999656677246,13.039999961853027,12.949999809265137,13.0,36338,0.0,0.0
2023-10-31 14:30:00-04:00,12.989999771118164,13.020000457763672,12.960000038146973,13.020000457763672,17629,0.0,0.0
2023-10-31 15:30:00-04:00,13.010000228881836,13.029999732971191,12.979999542236328,13.0,21566,0.0,0.0
2023-11-01 09:30:00-04:00,13.149999618530273,13.289999961853027,13.100000381469727,13.279999732971191,53642,0.0,0.0
2023-11-01 10:30:00-04:00,13.289999961853027,13.319999694824219,13.149999618530273,13.149999618530273,37268,0.0,0.0
2023-11-01 11:30:00-04:00,13.149999618530273,13.220000267028809,13.125,13.205100059509277,49172,0.0,0.0
2023-11-01 12:30:00-04:00,13.220000267028809,13.25,13.210000038146973,13.220000267028809,13720,0.0,0.0
2023-11-01 13:30:00-04:00,13.21500015258789,13.239999771118164,13.194999694824219,13.21500015258789,10577,0.0,0.0
2023-11-01 14:30:00-04:00,13.21500015258789,13.289999961853027,13.1899995803833,13.281599998474121,25185,0.0,0.0
2023-11-01 15:30:00-04:00,13.282999992370605,13.350000381469727,13.279999732971191,13.350000381469727,25696,0.0,0.0
2023-11-02 09:30:00-04:00,13.430000305175781,13.699999809265137,13.430000305175781,13.670000076293945,70251,0.0,0.0
2023-11-02 10:30:00-04:00,13.670000076293945,13.727999687194824,13.645000457763672,13.680000305175781,54339,0.0,0.0
2023-11-02 11:30:00-04:00,13.670000076293945,13.710000038146973,13.609999656677246,13.710000038146973,48117,0.0,0.0
2023-11-02 12:30:00-04:00,13.699999809265137,13.84000015258789,13.6850004196167,13.800000190734863,60121,0.0,0.0
2023-11-02 13:30:00-04:00,13.78499984741211,13.84000015258789,13.710000038146973,13.770000457763672,44358,0.0,0.0
2023-11-02 14:30:00-04:00,13.765600204467773,13.829999923706055,13.729999542236328,13.8100004196167,31352,0.0,0.0
2023-11-02 15:30:00-04:00,13.805000305175781,13.835000038146973,13.789999961853027,13.800000190734863,23708,0.0,0.0
2023-11-03 09:30:00-04:00,13.850000381469727,14.109999656677246,13.845499992370605,13.859999656677246,112805,0.0,0.0
2023-11-03 10:30:00-04:00,13.859999656677246,13.930000305175781,13.850000381469727,13.90999984741211,32038,0.0,0.0
2023-11-03 11:30:00-04:00,13.90999984741211,14.020000457763672,13.819999694824219,13.850000381469727,58170,0.0,0.0
2023-11-03 12:30:00-04:00,13.875,13.890000343322754,13.779999732971191,13.789999961853027,48570,0.0,0.0
2023-11-03 13:30:00-04:00,13.829999923706055,13.829999923706055,13.739999771118164,13.819999694824219,29686,0.0,0.0
2023-11-03 14:30:00-04:00,13.819999694824219,13.9399995803833,13.75,13.914999961853027,49594,0.0,0.0
2023-11-03 15:30:00-04:00,13.92609977722168,14.029999732971191,13.92609977722168,13.979999542236328,105256,0.0,0.0
2023-11-06 09:30:00-05:00,14.029999732971191,14.050000190734863,13.95009994506836,14.0,0,0.0,0.0
2023-11-06 10:30:00-05:00,14.0,14.050000190734863,13.920000076293945,13.9399995803833,46768,0.0,0.0
2023-11-06 11:30:00-05:00,13.9483003616333,13.949999809265137,13.829999923706055,13.84000015258789,72449,0.0,0.0
2023-11-06 12:30:00-05:00,13.819999694824219,13.890000343322754,13.8100004196167,13.850000381469727,22899,0.0,0.0
2023-11-06 13:30:00-05:00,13.85990047454834,13.899999618530273,13.819999694824219,13.850000381469727,26575,0.0,0.0
2023-11-06 14:30:00-05:00,13.850000381469727,13.949999809265137,13.850000381469727,13.862799644470215,31904,0.0,0.0
2023-11-06 15:30:00-05:00,13.875,13.930000305175781,13.869999885559082,13.930000305175781,0,0.0,0.0
2023-11-07 09:30:00-05:00,13.930000305175781,13.989999771118164,13.920000076293945,13.960000038146973,27149,0.0,0.0
2023-11-07 10:30:00-05:00,13.97599983215332,14.005000114440918,13.930000305175781,13.949999809265137,47548,0.0,0.0
2023-11-07 11:30:00-05:00,13.949999809265137,14.0,13.800000190734863,13.84000015258789,24505,0.0,0.0
2023-11-07 12:30:00-05:00,13.819999694824219,13.949999809265137,13.819999694824219,13.914999961853027,19549,0.0,0.0
2023-11-07 13:30:00-05:00,13.90999984741211,13.920000076293945,13.859999656677246,13.880000114440918,23123,0.0,0.0
2023-11-07 14:30:00-05:00,13.899999618530273,14.0,13.880000114440918,13.984999656677246,20805,0.0,0.0
2023-11-07 15:30:00-05:00,13.979999542236328,14.039999961853027,13.960000038146973,14.039999961853027,0,0.0,0.0
2023-11-08 09:30:00-05:00,13.949999809265137,14.140000343322754,13.949999809265137,14.118399620056152,39529,0.0,0.0
2023-11-08 10:30:00-05:00,14.100000381469727,14.140000343322754,14.0,14.09000015258789,51576,0.0,0.0
2023-11-08 11:30:00-05:00,14.109999656677246,14.130000114440918,13.949999809265137,14.022500038146973,30974,0.0,0.0
2023-11-08 12:30:00-05:00,14.016200065612793,14.016200065612793,13.850000381469727,13.880000114440918,81314,0.0,0.0
2023-11-08 13:30:00-05:00,13.88010025024414,13.9399995803833,13.880000114440918,13.880000114440918,23500,0.0,0.0
2023-11-08 14:30:00-05:00,13.880000114440918,13.930000305175781,13.859999656677246,13.930000305175781,18909,0.0,0.0
2023-11-08 15:30:00-05:00,13.9399995803833,13.944999694824219,13.90999984741211,13.90999984741211,7442,0.0,0.0
2023-11-09 09:30:00-05:00,13.920000076293945,13.933099746704102,13.859999656677246,13.859999656677246,21538,0.0,0.0
2023-11-09 10:30:00-05:00,13.859999656677246,13.859999656677246,13.739999771118164,13.75,35057,0.0,0.0
2023-11-09 11:30:00-05:00,13.75,13.899999618530273,13.65999984741211,13.755000114440918,265458,0.0,0.0
2023-11-09 12:30:00-05:00,13.75,13.819999694824219,13.75,13.800000190734863,15199,0.0,0.0
2023-11-09 13:30:00-05:00,13.800000190734863,13.8100004196167,13.760000228881836,13.795000076293945,20337,0.0,0.0
2023-11-09 14:30:00-05:00,13.755000114440918,13.774999618530273,13.720000267028809,13.760000228881836,26435,0.0,0.0
2023-11-09 15:30:00-05:00,13.760000228881836,13.920000076293945,13.739999771118164,13.84000015258789,49062,0.0,0.0
2023-11-10 09:30:00-05:00,13.789999961853027,13.789999961853027,13.59000015258789,13.59000015258789,32149,0.0,0.0
2023-11-10 10:30:00-05:00,13.600000381469727,13.6899995803833,13.5600004196167,13.615300178527832,22013,0.0,0.0
2023-11-10 11:30:00-05:00,13.603699684143066,13.603699684143066,13.449999809265137,13.46500015258789,31120,0.0,0.0
2023-11-10 12:30:00-05:00,13.449999809265137,13.534700393676758,13.430000305175781,13.489999771118164,79367,0.0,0.0
2023-11-10 13:30:00-05:00,13.489999771118164,13.529999732971191,13.479999542236328,13.479999542236328,27802,0.0,0.0
2023-11-10 14:30:00-05:00,13.479999542236328,13.518500328063965,13.460000038146973,13.489999771118164,91768,0.0,0.0
2023-11-10 15:30:00-05:00,13.499799728393555,13.520000457763672,13.470000267028809,13.520000457763672,40968,0.0,0.0
2023-11-13 09:30:00-05:00,13.5,13.5,13.399999618530273,13.449999809265137,0,0.0,0.0
2023-11-13 10:30:00-05:00,13.470000267028809,13.630000114440918,13.470000267028809,13.630000114440918,20252,0.0,0.0
2023-11-13 11:30:00-05:00,13.630000114440918,13.630000114440918,13.380000114440918,13.390000343322754,27016,0.0,0.0
2023-11-13 12:30:00-05:00,13.399999618530273,13.40999984741211,13.350000381469727,13.375,20004,0.0,0.0
2023-11-13 13:30:00-05:00,13.375,13.4399995803833,13.359999656677246,13.4399995803833,20789,0.0,0.0
2023-11-13 14:30:00-05:00,13.4399995803833,13.4399995803833,13.400300025939941,13.430000305175781,15811,0.0,0.0
2023-11-13 15:30:00-05:00,13.425000190734863,13.489999771118164,13.425000190734863,13.449999809265137,12538,0.0,0.0
2023-11-14 09:30:00-05:00,13.630000114440918,13.886699676513672,13.630000114440918,13.720000267028809,0,0.0,0.0
2023-11-14 10:30:00-05:00,13.729999542236328,13.76609992980957,13.630000114440918,13.649999618530273,33165,0.0,0.0
2023-11-14 11:30:00-05:00,13.640000343322754,13.65999984741211,13.569999694824219,13.569999694824219,37633,0.0,0.0
2023-11-14 12:30:00-05:00,13.579999923706055,13.640000343322754,13.520000457763672,13.600000381469727,30113,0.0,0.0
2023-11-14 13:30:00-05:00,13.600000381469727,13.630000114440918,13.529999732971191,13.529999732971191,78601,0.0,0.0
2023-11-14 14:30:00-05:00,13.529999732971191,13.729999542236328,13.520000457763672,13.680000305175781,44830,0.0,0.0
2023-11-14 15:30:00-05:00,13.65999984741211,13.664999961853027,13.609999656677246,13.630000114440918,40405,0.0,0.0
2023-11-15 09:30:00-05:00,13.619999885559082,13.75,13.619999885559082,13.75,22334,0.0,0.0
2023-11-15 10:30:00-05:00,13.75,13.869999885559082,13.746999740600586,13.779999732971191,21897,0.0,0.0
2023-11-15 11:30:00-05:00,13.760000228881836,13.800000190734863,13.739999771118164,13.770000457763672,40012,0.0,0.0
2023-11-15 12:30:00-05:00,13.766400337219238,13.850000381469727,13.766400337219238,13.850000381469727,33728,0.0,0.0
2023-11-15 13:30:00-05:00,13.850000381469727,13.850000381469727,13.710000038146973,13.770000457763672,30189,0.0,0.0
2023-11-15 14:30:00-05:00,13.760000228881836,13.760000228881836,13.619999885559082,13.651900291442871,84494,0.0,0.0
2023-11-15 15:30:00-05:00,13.649999618530273,13.65999984741211,13.640000343322754,13.649999618530273,10040,0.0,0.0
2023-11-16 09:30:00-05:00,13.710000038146973,13.779999732971191,13.710000038146973,13.779999732971191,22564,0.0,0.0
2023-11-16 10:30:00-05:00,13.779999732971191,13.800000190734863,13.722800254821777,13.800000190734863,22151,0.0,0.0
2023-11-16 11:30:00-05:00,13.800000190734863,13.890000343322754,13.739999771118164,13.774999618530273,74275,0.0,0.0
2023-11-16 12:30:00-05:00,13.78499984741211,13.859999656677246,13.779999732971191,13.84000015258789,76910,0.0,0.0
2023-11-16 13:30:00-05:00,13.84000015258789,13.84000015258789,13.710000038146973,13.710000038146973,36512,0.0,0.0
2023-11-16 14:30:00-05:00,13.710000038146973,13.757800102233887,13.6899995803833,13.757800102233887,29079,0.0,0.0
2023-11-16 15:30:00-05:00,13.739999771118164,13.829999923706055,13.729999542236328,13.770000457763672,54798,0.0,0.0
2023-11-17 09:30:00-05:00,13.850000381469727,13.960000038146973,13.850000381469727,13.907899856567383,33750,0.0,0.0
2023-11-17 10:30:00-05:00,13.920000076293945,14.039299964904785,13.890000343322754,13.989999771118164,42928,0.0,0.0
2023-11-17 11:30:00-05:00,13.979999542236328,14.0600004196167,13.970000267028809,14.050000190734863,33961,0.0,0.0
2023-11-17 12:30:00-05:00,14.050000190734863,14.079999923706055,14.012999534606934,14.021900177001953,17787,0.0,0.0
2023-11-17 13:30:00-05:00,14.023099899291992,14.029999732971191,13.979999542236328,14.015000343322754,22463,0.0,0.0
2023-11-17 14:30:00-05:00,14.015000343322754,14.022299766540527,13.949999809265137,13.975000381469727,17999,0.0,0.0
2023-11-17 15:30:00-05:00,13.975000381469727,13.989999771118164,13.899999618530273,13.989999771118164,29613,0.0,0.0
2023-11-20 09:30:00-05:00,13.970000267028809,14.029999732971191,13.930000305175781,13.970000267028809,50880,0.0,0.0
2023-11-20 10:30:00-05:00,13.935999870300293,13.939900398254395,13.869999885559082,13.869999885559082,18686,0.0,0.0
2023-11-20 11:30:00-05:00,13.869999885559082,13.968799591064453,13.869999885559082,13.968799591064453,15841,0.0,0.0
2023-11-20 12:30:00-05:00,13.970000267028809,13.979999542236328,13.949999809265137,13.96500015258789,10450,0.0,0.0
2023-11-20 13:30:00-05:00,13.96500015258789,14.017000198364258,13.949999809265137,14.0,35034,0.0,0.0
2023-11-20 14:30:00-05:00,14.010100364685059,14.020000457763672,13.949999809265137,14.00059986114502,36231,0.0,0.0
2023-11-20 15:30:00-05:00,14.009900093078613,14.099900245666504,14.00629997253418,14.09000015258789,15504,0.0,0.0
2023-11-21 09:30:00-05:00,14.09000015258789,14.180000305175781,14.085000038146973,14.130000114440918,38636,0.0,0.0
2023-11-21 10:30:00-05:00,14.148699760437012,14.149999618530273,14.100000381469727,14.130000114440918,27102,0.0,0.0
2023-11-21 11:30:00-05:00,14.119999885559082,14.149999618530273,14.119999885559082,14.119999885559082,7208,0.0,0.0
2023-11-21 12:30:00-05:00,14.130000114440918,14.130000114440918,14.079999923706055,14.104999542236328,59426,0.0,0.0
2023-11-21 13:30:00-05:00,14.090299606323242,14.15999984741211,14.079999923706055,14.140000343322754,62781,0.0,0.0
2023-11-21 14:30:00-05:00,14.140000343322754,14.15999984741211,14.109999656677246,14.149999618530273,28887,0.0,0.0
2023-11-21 15:30:00-05:00,14.180000305175781,14.1899995803833,14.140000343322754,14.140000343322754,23861,0.0,0.0
2023-11-22 09:30:00-05:00,14.199999809265137,14.199999809265137,14.13010025024414,14.170000076293945,7127,0.0,0.0
2023-11-22 10:30:00-05:00,14.149999618530273,14.15999984741211,14.100000381469727,14.130000114440918,21805,0.0,0.0
2023-11-22 11:30:00-05:00,14.130000114440918,14.130000114440918,14.039999961853027,14.069999694824219,29295,0.0,0.0
2023-11-22 12:30:00-05:00,14.0600004196167,14.0600004196167,13.98330020904541,14.00220012664795,15363,0.0,0.0
2023-11-22 13:30:00-05:00,14.035300254821777,14.036499977111816,13.941100120544434,13.960000038146973,19196,0.0,0.0
2023-11-22 14:30:00-05:00,13.949999809265137,13.987000465393066,13.890000343322754,13.890000343322754,33676,0.0,0.0
2023-11-22 15:30:00-05:00,13.904999732971191,13.970000267028809,13.904999732971191,13.930000305175781,11454,0.0,0.0
2023-11-24 09:30:00-05:00,13.960000038146973,14.079999923706055,13.960000038146973,14.050000190734863,0,0.0,0.0
2023-11-24 10:30:00-05:00,14.0600004196167,14.100000381469727,14.0600004196167,14.079999923706055,12509,0.0,0.0
2023-11-24 11:30:00-05:00,14.089900016784668,14.140000343322754,14.050000190734863,14.119999885559082,24586,0.0,0.0
2023-11-24 12:30:00-05:00,14.11050033569336,14.11050033569336,14.079999923706055,14.079999923706055,0,0.0,0.0
2023-11-27 09:30:00-05:00,14.079999923706055,14.149999618530273,14.050000190734863,14.119999885559082,31981,0.0,0.0
2023-11-27 10:30:00-05:00,14.129599571228027,14.129599571228027,14.0,14.050000190734863,24674,0.0,0.0
2023-11-27 11:30:00-05:00,14.050000190734863,14.100000381469727,14.0,14.029999732971191,30137,0.0,0.0
2023-11-27 12:30:00-05:00,14.029999732971191,14.029999732971191,13.899999618530273,13.949999809265137,27664,0.0,0.0
2023-11-27 13:30:00-05:00,13.960000038146973,14.029800415039062,13.949999809265137,13.989999771118164,15048,0.0,0.0
2023-11-27 14:30:00-05:00,13.989999771118164,14.039999961853027,13.989999771118164,14.029999732971191,16752,0.0,0.0
2023-11-27 15:30:00-05:00,14.020000457763672,14.0600004196167,13.989999771118164,13.989999771118164,11476,0.0,0.0
2023-11-28 09:30:00-05:00,14.050000190734863,14.069999694824219,14.0,14.021300315856934,0,0.0,0.0
2023-11-28 10:30:00-05:00,14.024700164794922,14.079899787902832,14.0,14.0,42471,0.0,0.0
2023-11-28 11:30:00-05:00,14.025300025939941,14.032299995422363,13.949999809265137,13.973999977111816,22590,0.0,0.0
2023-11-28 12:30:00-05:00,14.006199836730957,14.006199836730957,13.899999618530273,13.920000076293945,53547,0.0,0.0
2023-11-28 13:30:00-05:00,13.899999618530273,13.925000190734863,13.869999885559082,13.925000190734863,37566,0.0,0.0
2023-11-28 14:30:00-05:00,13.930100440979004,13.989999771118164,13.920000076293945,13.9399995803833,21552,0.0,0.0
2023-11-28 15:30:00-05:00,13.970000267028809,13.989999771118164,13.960000038146973,13.979999542236328,0,0.0,0.0
2023-11-29 09:30:00-05:00,14.0,14.140000343322754,13.960000038146973,14.0600004196167,51939,0.0,0.0
2023-11-29 10:30:00-05:00,14.055000305175781,14.069999694824219,13.960000038146973,14.00879955291748,22698,0.0,0.0
2023-11-29 11:30:00-05:00,14.010000228881836,14.09000015258789,13.930800437927246,13.979999542236328,39456,0.0,0.0
2023-11-29 12:30:00-05:00,13.949999809265137,13.994999885559082,13.920000076293945,13.994999885559082,38941,0.0,0.0
2023-11-29 13:30:00-05:00,14.019399642944336,14.079999923706055,14.010000228881836,14.069899559020996,20871,0.0,0.0
2023-11-29 14:30:00-05:00,14.055000305175781,14.09000015258789,14.029999732971191,14.079999923706055,32406,0.0,0.0
2023-11-29 15:30:00-05:00,14.074999809265137,14.119999885559082,14.074999809265137,14.109999656677246,0,0.0,0.0
2023-11-30 09:30:00-05:00,14.210000038146973,14.210000038146973,14.09000015258789,14.125,39983,0.0,0.0
2023-11-30 10:30:00-05:00,14.140000343322754,14.289999961853027,14.121100425720215,14.289999961853027,48739,0.0,0.0
2023-11-30 11:30:00-05:00,14.289999961853027,14.417200088500977,14.270000457763672,14.3100004196167,61843,0.0,0.0
2023-11-30 12:30:00-05:00,14.319999694824219,14.380000114440918,14.319999694824219,14.339500427246094,38669,0.0,0.0
2023-11-30 13:30:00-05:00,14.349100112915039,14.380000114440918,14.288000106811523,14.300000190734863,44978,0.0,0.0
2023-11-30 14:30:00-05:00,14.300000190734863,14.399999618530273,14.29990005493164,14.399999618530273,32686,0.0,0.0
2023-11-30 15:30:00-05:00,14.390000343322754,14.414999961853027,14.34000015258789,14.390000343322754,61355,0.0,0.0
2023-12-01 09:30:00-05:00,14.510000228881836,14.579999923706055,14.380000114440918,14.489999771118164,90408,0.0,0.0
2023-12-01 10:30:00-05:00,14.479999542236328,14.5,14.430000305175781,14.4399995803833,20398,0.0,0.0
2023-12-01 11:30:00-05:00,14.479999542236328,14.5,14.420000076293945,14.489999771118164,60740,0.0,0.0
2023-12-01 12:30:00-05:00,14.494999885559082,14.5,14.449999809265137,14.479999542236328,21710,0.0,0.0
2023-12-01 13:30:00-05:00,14.460000038146973,14.461400032043457,14.399999618530273,14.420000076293945,27457,0.0,0.0
2023-12-01 14:30:00-05:00,14.43690013885498,14.449999809265137,14.401200294494629,14.44890022277832,13039,0.0,0.0
2023-12-01 15:30:00-05:00,14.454999923706055,14.454999923706055,14.420000076293945,14.449999809265137,7502,0.0,0.0
2023-12-04 09:30:00-05:00,14.40999984741211,14.640000343322754,14.40999984741211,14.600000381469727,154899,0.0,0.0
2023-12-04 10:30:00-05:00,14.600000381469727,14.604999542236328,14.479999542236328,14.479999542236328,27428,0.0,0.0
2023-12-04 11:30:00-05:00,14.479999542236328,14.479999542236328,14.399999618530273,14.430000305175781,37808,0.0,0.0
2023-12-04 12:30:00-05:00,14.4399995803833,14.47599983215332,14.40999984741211,14.449999809265137,46124,0.0,0.0
2023-12-04 13:30:00-05:00,14.420000076293945,14.510000228881836,14.40999984741211,14.5,28444,0.0,0.0
2023-12-04 14:30:00-05:00,14.510000228881836,14.529999732971191,14.430000305175781,14.460000038146973,28823,0.0,0.0
2023-12-04 15:30:00-05:00,14.430000305175781,14.5,14.420000076293945,14.5,46004,0.0,0.0
2023-12-05 09:30:00-05:00,14.5,14.529999732971191,14.449999809265137,14.475000381469727,0,0.0,0.0
2023-12-05 10:30:00-05:00,14.460000038146973,14.479999542236328,14.380000114440918,14.4399995803833,44179,0.0,0.0
2023-12-05 11:30:00-05:00,14.4399995803833,14.4399995803833,14.390000343322754,14.399999618530273,26911,0.0,0.0
2023-12-05 12:30:00-05:00,14.430000305175781,14.469900131225586,14.399999618530273,14.469599723815918,23617,0.0,0.0
2023-12-05 13:30:00-05:00,14.46500015258789,14.550000190734863,14.440500259399414,14.479999542236328,29479,0.0,0.0
2023-12-05 14:30:00-05:00,14.519000053405762,14.550000190734863,14.359999656677246,14.380000114440918,57390,0.0,0.0
2023-12-05 15:30:00-05:00,14.369999885559082,14.470000267028809,14.300000190734863,14.470000267028809,44065,0.0,0.0
2023-12-06 09:30:00-05:00,14.550000190734863,14.550000190734863,14.399999618530273,14.4399995803833,0,0.0,0.0
2023-12-06 10:30:00-05:00,14.444999694824219,14.510000228881836,14.380000114440918,14.460000038146973,33961,0.0,0.0
2023-12-06 11:30:00-05:00,14.4399995803833,14.499899864196777,14.390000343322754,14.430000305175781,43217,0.0,0.0
2023-12-06 12:30:00-05:00,14.430000305175781,14.479999542236328,14.3100004196167,14.375,51218,0.0,0.0
2023-12-06 13:30:00-05:00,14.359999656677246,14.399999618530273,14.3100004196167,14.359999656677246,42549,0.0,0.0
2023-12-06 14:30:00-05:00,14.369999885559082,14.372599601745605,14.15999984741211,14.210000038146973,70210,0.0,0.0
2023-12-06 15:30:00-05:00,14.210000038146973,14.229999542236328,14.180000305175781,14.229599952697754,16860,0.0,0.0
2023-12-07 09:30:00-05:00,14.220000267028809,14.329899787902832,14.220000267028809,14.300000190734863,0,0.0,0.0
2023-12-07 10:30:00-05:00,14.282600402832031,14.359999656677246,14.270000457763672,14.270000457763672,30223,0.0,0.0
2023-12-07 11:30:00-05:00,14.260000228881836,14.3100004196167,14.220000267028809,14.244999885559082,18865,0.0,0.0
2023-12-07 12:30:00-05:00,14.229999542236328,14.300000190734863,14.229999542236328,14.295499801635742,13615,0.0,0.0
2023-12-07 13:30:00-05:00,14.303600311279297,14.303600311279297,14.281700134277344,14.298600196838379,15290,0.0,0.0
2023-12-07 14:30:00-05:00,14.252799987792969,14.350000381469727,14.23390007019043,14.34000015258789,62786,0.0,0.0
2023-12-07 15:30:00-05:00,14.333499908447266,14.350000381469727,14.25,14.319999694824219,0,0.0,0.0
2023-12-08 09:30:00-05:00,14.100000381469727,14.199999809265137,14.100000381469727,14.182999610900879,28100,0.0,0.0
2023-12-08 10:30:00-05:00,14.15999984741211,14.15999984741211,14.109999656677246,14.159899711608887,13523,0.0,0.0
2023-12-08 11:30:00-05:00,14.145000457763672,14.1496000289917,13.979999542236328,14.010000228881836,56785,0.0,0.0
2023-12-08 12:30:00-05:00,14.03689956665039,14.199999809265137,14.029999732971191,14.164999961853027,27691,0.0,0.0
2023-12-08 13:30:00-05:00,14.165800094604492,14.165800094604492,14.010000228881836,14.03439998626709,36701,0.0,0.0
2023-12-08 14:30:00-05:00,14.054400444030762,14.100000381469727,14.02400016784668,14.050999641418457,29991,0.0,0.0
2023-12-08 15:30:00-05:00,14.069999694824219,14.069999694824219,13.920000076293945,13.970000267028809,43449,0.0,0.0
2023-12-11 09:30:00-05:00,13.930000305175781,14.032999992370605,13.860099792480469,13.920000076293945,38809,0.0,0.0
2023-12-11 10:30:00-05:00,13.952199935913086,13.970000267028809,13.90999984741211,13.930000305175781,16389,0.0,0.0
2023-12-11 11:30:00-05:00,13.925999641418457,13.939900398254395,13.899999618530273,13.920000076293945,25834,0.0,0.0
2023-12-11 12:30:00-05:00,13.90250015258789,13.90999984741211,13.819999694824219,13.865699768066406,18385,0.0,0.0
2023-12-11 13:30:00-05:00,13.880000114440918,13.880000114440918,13.760000228881836,13.8100004196167,35998,0.0,0.0
2023-12-11 14:30:00-05:00,13.819999694824219,13.824199676513672,13.699999809265137,13.710000038146973,58561,0.0,0.0
2023-12-11 15:30:00-05:00,13.710000038146973,13.770000457763672,13.619999885559082,13.760000228881836,109922,0.0,0.0
2023-12-12 09:30:00-05:00,13.710000038146973,13.770000457763672,13.680000305175781,13.75,22507,0.0,0.0
2023-12-12 10:30:00-05:00,13.739999771118164,13.789999961853027,13.6983003616333,13.699999809265137,22208,0.0,0.0
2023-12-12 11:30:00-05:00,13.71500015258789,13.770000457763672,13.680000305175781,13.758500099182129,49022,0.0,0.0
2023-12-12 12:30:00-05:00,13.755000114440918,13.770000457763672,13.6899995803833,13.726900100708008,17648,0.0,0.0
2023-12-12 13:30:00-05:00,13.728899955749512,13.800000190734863,13.692700386047363,13.720000267028809,41775,0.0,0.0
2023-12-12 14:30:00-05:00,13.720000267028809,13.720000267028809,13.65999984741211,13.660099983215332,30552,0.0,0.0
2023-12-12 15:30:00-05:00,13.671600341796875,13.720000267028809,13.660099983215332,13.720000267028809,18595,0.0,0.0
2023-12-13 09:30:00-05:00,13.710000038146973,13.739999771118164,13.600000381469727,13.6899995803833,0,0.0,0.0
2023-12-13 10:30:00-05:00,13.664999961853027,13.699999809265137,13.649999618530273,13.669899940490723,13919,0.0,0.0
2023-12-13 11:30:00-05:00,13.649999618530273,13.65999984741211,13.600000381469727,13.65999984741211,33886,0.0,0.0
2023-12-13 12:30:00-05:00,13.649999618530273,13.65999984741211,13.579999923706055,13.579999923706055,61831,0.0,0.0
2023-12-13 13:30:00-05:00,13.59000015258789,13.789999961853027,13.59000015258789,13.782299995422363,73768,0.0,0.0
2023-12-13 14:30:00-05:00,13.75,13.869999885559082,13.739999771118164,13.845000267028809,151293,0.0,0.0
2023-12-13 15:30:00-05:00,13.84000015258789,13.9399995803833,13.819999694824219,13.9350004196167,0,0.0,0.0
2023-12-14 09:30:00-05:00,14.0600004196167,14.220000267028809,14.0600004196167,14.149999618530273,47331,0.0,0.0
2023-12-14 10:30:00-05:00,14.179900169372559,14.218199729919434,14.109999656677246,14.15999984741211,32245,0.0,0.0
2023-12-14 11:30:00-05:00,14.170000076293945,14.244999885559082,14.119999885559082,14.145000457763672,44506,0.0,0.0
2023-12-14 12:30:00-05:00,14.140000343322754,14.19950008392334,14.109999656677246,14.19950008392334,26022,0.0,0.0
2023-12-14 13:30:00-05:00,14.15530014038086,14.202099800109863,14.119999885559082,14.1899995803833,32408,0.0,0.0
2023-12-14 14:30:00-05:00,14.175000190734863,14.175000190734863,14.100000381469727,14.119999885559082,20646,0.0,0.0
2023-12-14 15:30:00-05:00,14.119999885559082,14.140000343322754,14.09000015258789,14.09000015258789,21151,0.0,0.0
2023-12-15 09:30:00-05:00,14.079999923706055,14.119999885559082,13.960000038146973,14.059900283813477,39582,0.0,0.0
2023-12-15 10:30:00-05:00,14.0600004196167,14.069999694824219,13.930000305175781,14.050299644470215,37371,0.0,0.0
2023-12-15 11:30:00-05:00,14.050000190734863,14.069999694824219,14.005000114440918,14.005000114440918,23817,0.0,0.0
2023-12-15 12:30:00-05:00,14.0,14.010000228881836,13.880000114440918,13.899999618530273,55010,0.0,0.0
2023-12-15 13:30:00-05:00,13.899999618530273,14.029999732971191,13.859999656677246,14.029999732971191,49111,0.0,0.0
2023-12-15 14:30:00-05:00,14.029999732971191,14.069999694824219,13.97029972076416,13.97599983215332,41380,0.0,0.0
2023-12-15 15:30:00-05:00,13.989999771118164,14.020000457763672,13.989999771118164,14.020000457763672,12585,0.0,0.0
2023-12-18 09:30:00-05:00,14.0600004196167,14.069999694824219,13.90999984741211,13.9399995803833,49154,0.0,0.0
2023-12-18 10:30:00-05:00,13.930000305175781,14.0,13.890800476074219,13.967599868774414,46604,0.0,0.0
2023-12-18 11:30:00-05:00,13.954999923706055,14.050000190734863,13.90999984741211,14.039999961853027,47409,0.0,0.0
2023-12-18 12:30:00-05:00,14.048500061035156,14.049500465393066,13.989999771118164,14.0,11596,0.0,0.0
2023-12-18 13:30:00-05:00,13.990099906921387,14.020000457763672,13.989999771118164,13.990099906921387,14746,0.0,0.0
2023-12-18 14:30:00-05:00,14.0,14.029999732971191,13.979999542236328,13.989999771118164,33321,0.0,0.0
2023-12-18 15:30:00-05:00,13.982999801635742,14.020000457763672,13.982999801635742,14.020000457763672,32521,0.0,0.0
2023-12-19 09:30:00-05:00,14.109999656677246,14.140000343322754,14.020000457763672,14.020099639892578,0,0.0,0.0
2023-12-19 10:30:00-05:00,14.029999732971191,14.079999923706055,13.960000038146973,13.96030044555664,102590,0.0,0.0
2023-12-19 11:30:00-05:00,13.989999771118164,14.0,13.890000343322754,13.930000305175781,151786,0.0,0.0
2023-12-19 12:30:00-05:00,13.936200141906738,13.979999542236328,13.90999984741211,13.9399995803833,47955,0.0,0.0
2023-12-19 13:30:00-05:00,13.944999694824219,13.960000038146973,13.899999618530273,13.960000038146973,36793,0.0,0.0
2023-12-19 14:30:00-05:00,13.930000305175781,14.109999656677246,13.930000305175781,14.100000381469727,76240,0.0,0.0
2023-12-19 15:30:00-05:00,14.095000267028809,14.100000381469727,14.010000228881836,14.050000190734863,29886,0.0,0.0
2023-12-20 09:30:00-05:00,14.079999923706055,14.121999740600586,14.0,14.055000305175781,0,0.0,0.0
2023-12-20 10:30:00-05:00,14.030099868774414,14.140000343322754,14.030099868774414,14.109999656677246,60067,0.0,0.0
2023-12-20 11:30:00-05:00,14.109999656677246,14.149999618530273,14.109999656677246,14.148500442504883,37147,0.0,0.0
2023-12-20 12:30:00-05:00,14.149999618530273,14.239999771118164,14.140000343322754,14.199999809265137,26903,0.0,0.0
2023-12-20 13:30:00-05:00,14.210000038146973,14.229399681091309,14.09000015258789,14.114999771118164,52682,0.0,0.0
2023-12-20 14:30:00-05:00,14.114999771118164,14.170000076293945,14.029999732971191,14.140000343322754,33754,0.0,0.0
2023-12-20 15:30:00-05:00,14.119999885559082,14.140000343322754,14.020000457763672,14.020000457763672,46909,0.0,0.0
2023-12-21 09:30:00-05:00,14.039999961853027,14.117799758911133,14.039999961853027,14.099900245666504,35939,0.0,0.0
2023-12-21 10:30:00-05:00,14.093999862670898,14.149999618530273,14.081999778747559,14.149700164794922,50325,0.0,0.0
2023-12-21 11:30:00-05:00,14.14799976348877,14.214900016784668,14.119999885559082,14.150400161743164,53522,0.0,0.0
2023-12-21 12:30:00-05:00,14.181599617004395,14.199999809265137,14.095999717712402,14.119999885559082,26760,0.0,0.0
2023-12-21 13:30:00-05:00,14.140000343322754,14.140000343322754,14.079999923706055,14.140000343322754,13597,0.0,0.0
2023-12-21 14:30:00-05:00,14.119999885559082,14.1899995803833,14.109999656677246,14.164999961853027,27660,0.0,0.0
2023-12-21 15:30:00-05:00,14.164999961853027,14.180000305175781,14.095000267028809,14.14900016784668,32687,0.0,0.0
2023-12-22 09:30:00-05:00,14.199999809265137,14.3100004196167,14.079999923706055,14.297699928283691,57002,0.0,0.0
2023-12-22 10:30:00-05:00,14.3100004196167,14.359999656677246,14.254300117492676,14.270000457763672,43583,0.0,0.0
2023-12-22 11:30:00-05:00,14.289999961853027,14.325799942016602,14.229999542236328,14.274999618530273,53721,0.0,0.0
2023-12-22 12:30:00-05:00,14.274999618530273,14.329999923706055,14.270000457763672,14.327500343322754,24818,0.0,0.0
2023-12-22 13:30:00-05:00,14.32229995727539,14.32229995727539,14.241999626159668,14.260000228881836,26521,0.0,0.0
2023-12-22 14:30:00-05:00,14.260000228881836,14.281000137329102,14.239999771118164,14.245599746704102,27839,0.0,0.0
2023-12-22 15:30:00-05:00,14.239999771118164,14.3100004196167,14.239999771118164,14.289999961853027,26524,0.0,0.0
2023-12-26 09:30:00-05:00,14.300000190734863,14.420000076293945,14.300000190734863,14.39009952545166,0,0.0,0.0
2023-12-26 10:30:00-05:00,14.428999900817871,14.479999542236328,14.399999618530273,14.40999984741211,30922,0.0,0.0
2023-12-26 11:30:00-05:00,14.400099754333496,14.449999809265137,14.359999656677246,14.380000114440918,43440,0.0,0.0
2023-12-26 12:30:00-05:00,14.366800308227539,14.399999618530273,14.25,14.25,38917,0.0,0.0
2023-12-26 13:30:00-05:00,14.23009967803955,14.314900398254395,14.229999542236328,14.270000457763672,38749,0.0,0.0
2023-12-26 14:30:00-05:00,14.270000457763672,14.300000190734863,14.239999771118164,14.248100280761719,27841,0.0,0.0
2023-12-26 15:30:00-05:00,14.248299598693848,14.300000190734863,14.239999771118164,14.289999961853027,21053,0.0,0.0
2023-12-27 09:30:00-05:00,14.359999656677246,14.380000114440918,14.295000076293945,14.34000015258789,29117,0.0,0.0
2023-12-27 10:30:00-05:00,14.350000381469727,14.539999961853027,14.350000381469727,14.470000267028809,72380,0.0,0.0
2023-12-27 11:30:00-05:00,14.470000267028809,14.529999732971191,14.420000076293945,14.462499618530273,37949,0.0,0.0
2023-12-27 12:30:00-05:00,14.470000267028809,14.529999732971191,14.40999984741211,14.449999809265137,44885,0.0,0.0
2023-12-27 13:30:00-05:00,14.420000076293945,14.470000267028809,14.369999885559082,14.399999618530273,43665,0.0,0.0
2023-12-27 14:30:00-05:00,14.40999984741211,14.420000076293945,14.170000076293945,14.270000457763672,78501,0.0,0.0
2023-12-27 15:30:00-05:00,14.260100364685059,14.329899787902832,14.260000228881836,14.3100004196167,44372,0.0,0.0
2023-12-28 09:30:00-05:00,14.270000457763672,14.520000457763672,14.270000457763672,14.48009967803955,50239,0.0,0.0
2023-12-28 10:30:00-05:00,14.494400024414062,14.539999961853027,14.430000305175781,14.454000473022461,49250,0.0,0.0
2023-12-28 11:30:00-05:00,14.460000038146973,14.510000228881836,14.460000038146973,14.479999542236328,16583,0.0,0.0
2023-12-28 12:30:00-05:00,14.484999656677246,14.484999656677246,14.369999885559082,14.380000114440918,41042,0.0,0.0
2023-12-28 13:30:00-05:00,14.404999732971191,14.404999732971191,14.34000015258789,14.350000381469727,19180,0.0,0.0
2023-12-28 14:30:00-05:00,14.345499992370605,14.460000038146973,14.300000190734863,14.369999885559082,82614,0.0,0.0
2023-12-28 15:30:00-05:00,14.34000015258789,14.430000305175781,14.34000015258789,14.430000305175781,21938,0.0,0.0
2023-12-29 09:30:00-05:00,14.289999961853027,14.390000343322754,14.25,14.343999862670898,75625,0.0,0.0
2023-12-29 10:30:00-05:00,14.34000015258789,14.430000305175781,14.319999694824219,14.360099792480469,36472,0.0,0.0
2023-12-29 11:30:00-05:00,14.375,14.40999984741211,14.300000190734863,14.300000190734863,56670,0.0,0.0
2023-12-29 12:30:00-05:00,14.329999923706055,14.353099822998047,14.279999732971191,14.296299934387207,24996,0.0,0.0
2023-12-29 13:30:00-05:00,14.289999961853027,14.300000190734863,14.220000267028809,14.260000228881836,48618,0.0,0.0
2023-12-29 14:30:00-05:00,14.269599914550781,14.288000106811523,14.229999542236328,14.28499984741211,26640,0.0,0.0
2023-12-29 15:30:00-05:00,14.270000457763672,14.300000190734863,14.229999542236328,14.300000190734863,42949,0.0,0.0
2024-01-02 09:30:00-05:00,14.300000190734863,14.359999656677246,14.25,14.319999694824219,52218,0.0,0.0
2024-01-02 10:30:00-05:00,14.305000305175781,14.38860034942627,14.29990005493164,14.350000381469727,6383,0.0,0.0
2024-01-02 11:30:00-05:00,14.369999885559082,14.460000038146973,14.350000381469727,14.454999923706055,20490,0.0,0.0
2024-01-02 12:30:00-05:00,14.439200401306152,14.539999961853027,14.430000305175781,14.529999732971191,54515,0.0,0.0
2024-01-02 13:30:00-05:00,14.529999732971191,14.539999961853027,14.470000267028809,14.479999542236328,15244,0.0,0.0
2024-01-02 14:30:00-05:00,14.482199668884277,14.579999923706055,14.470000267028809,14.569199562072754,32241,0.0,0.0
2024-01-02 15:30:00-05:00,14.5649995803833,14.600000381469727,14.550000190734863,14.585000038146973,22143,0.0,0.0
2024-01-03 09:30:00-05:00,14.600000381469727,14.6899995803833,14.460000038146973,14.675000190734863,0,0.0,0.0
2024-01-03 10:30:00-05:00,14.680000305175781,14.6899995803833,14.600000381469727,14.600000381469727,45397,0.0,0.0
2024-01-03 11:30:00-05:00,14.579999923706055,14.619999885559082,14.569999694824219,14.605299949645996,56480,0.0,0.0
2024-01-03 12:30:00-05:00,14.599800109863281,14.75,14.590100288391113,14.710000038146973,54181,0.0,0.0
2024-01-03 13:30:00-05:00,14.720000267028809,14.739999771118164,14.675000190734863,14.696100234985352,15996,0.0,0.0
2024-01-03 14:30:00-05:00,14.699999809265137,14.729999542236328,14.680000305175781,14.705599784851074,39162,0.0,0.0
2024-01-03 15:30:00-05:00,14.680000305175781,14.720000267028809,14.670000076293945,14.680000305175781,32623,0.0,0.0
2024-01-04 09:30:00-05:00,14.649999618530273,14.649999618530273,14.550000190734863,14.579999923706055,18431,0.0,0.0
2024-01-04 10:30:00-05:00,14.579999923706055,14.645000457763672,14.571599960327148,14.632699966430664,73614,0.0,0.0
2024-01-04 11:30:00-05:00,14.630000114440918,14.640000343322754,14.600099563598633,14.640000343322754,25097,0.0,0.0
2024-01-04 12:30:00-05:00,14.640000343322754,14.65999984741211,14.600000381469727,14.614999771118164,23991,0.0,0.0
2024-01-04 13:30:00-05:00,14.609999656677246,14.619999885559082,14.539999961853027,14.539999961853027,29443,0.0,0.0
2024-01-04 14:30:00-05:00,14.540200233459473,14.579999923706055,14.510000228881836,14.57800006866455,37291,0.0,0.0
2024-01-04 15:30:00-05:00,14.579999923706055,14.595000267028809,14.520000457763672,14.520000457763672,19738,0.0,0.0
2024-01-05 09:30:00-05:00,14.520000457763672,14.6899995803833,14.520000457763672,14.669300079345703,62783,0.0,0.0
2024-01-05 10:30:00-05:00,14.669699668884277,14.699999809265137,14.65999984741211,14.669899940490723,70842,0.0,0.0
2024-01-05 11:30:00-05:00,14.663299560546875,14.670000076293945,14.580100059509277,14.619999885559082,10600,0.0,0.0
2024-01-05 12:30:00-05:00,14.600000381469727,14.670000076293945,14.59000015258789,14.6496000289917,13491,0.0,0.0
2024-01-05 13:30:00-05:00,14.640000343322754,14.65999984741211,14.619999885559082,14.65999984741211,36427,0.0,0.0
2024-01-05 14:30:00-05:00,14.625200271606445,14.670000076293945,14.625200271606445,14.650500297546387,28811,0.0,0.0
2024-01-05 15:30:00-05:00,14.670000076293945,14.670000076293945,14.649999618530273,14.66100025177002,23954,0.0,0.0
2024-01-08 09:30:00-05:00,14.729999542236328,14.84000015258789,14.725700378417969,14.84000015258789,57950,0.0,0.0
2024-01-08 10:30:00-05:00,14.839900016784668,14.850000381469727,14.824299812316895,14.829999923706055,34298,0.0,0.0
2024-01-08 11:30:00-05:00,14.84000015258789,14.850000381469727,14.828800201416016,14.828800201416016,22058,0.0,0.0
2024-01-08 12:30:00-05:00,14.84000015258789,14.890000343322754,14.84000015258789,14.880000114440918,20904,0.0,0.0
2024-01-08 13:30:00-05:00,14.890000343322754,14.90999984741211,14.680000305175781,14.831700325012207,185828,0.0,0.0
2024-01-08 14:30:00-05:00,14.831600189208984,14.899999618530273,14.815999984741211,14.86989974975586,33663,0.0,0.0
2024-01-08 15:30:00-05:00,14.850000381469727,14.890000343322754,14.84000015258789,14.84000015258789,19211,0.0,0.0
2024-01-09 09:30:00-05:00,14.930000305175781,14.930000305175781,14.819999694824219,14.90999984741211,63617,0.0,0.0
2024-01-09 10:30:00-05:00,14.899999618530273,14.90250015258789,14.8100004196167,14.8100004196167,25850,0.0,0.0
2024-01-09 11:30:00-05:00,14.8149995803833,14.819999694824219,14.740099906921387,14.8100004196167,38067,0.0,0.0
2024-01-09 12:30:00-05:00,14.84000015258789,14.869999885559082,14.829999923706055,14.830100059509277,18014,0.0,0.0
2024-01-09 13:30:00-05:00,14.829999923706055,14.850000381469727,14.760000228881836,14.800000190734863,53549,0.0,0.0
2024-01-09 14:30:00-05:00,14.800000190734863,14.827899932861328,14.779999732971191,14.780099868774414,22055,0.0,0.0
2024-01-09 15:30:00-05:00,14.789999961853027,14.850000381469727,14.789999961853027,14.850000381469727,21216,0.0,0.0
2024-01-10 09:30:00-05:00,14.869999885559082,14.911299705505371,14.8100004196167,14.84000015258789,0,0.0,0.0
2024-01-10 10:30:00-05:00,14.854999542236328,14.859999656677246,14.800000190734863,14.839900016784668,6520,0.0,0.0
2024-01-10 11:30:00-05:00,14.805000305175781,14.849900245666504,14.800000190734863,14.849900245666504,48263,0.0,0.0
2024-01-10 12:30:00-05:00,14.84000015258789,14.899999618530273,14.84000015258789,14.895099639892578,15365,0.0,0.0
2024-01-10 13:30:00-05:00,14.904999732971191,14.9399995803833,14.850000381469727,14.850000381469727,40477,0.0,0.0
2024-01-10 14:30:00-05:00,14.875,14.899900436401367,14.854999542236328,14.875,7373,0.0,0.0
2024-01-10 15:30:00-05:00,14.880000114440918,14.890000343322754,14.8100004196167,14.880000114440918,33276,0.0,0.0
2024-01-11 09:30:00-05:00,14.649999618530273,14.649999618530273,14.470000267028809,14.520000457763672,0,0.0,0.0
2024-01-11 10:30:00-05:00,14.539999961853027,14.600000381469727,14.539999961853027,14.585599899291992,42173,0.0,0.0
2024-01-11 11:30:00-05:00,14.592100143432617,14.670000076293945,14.529999732971191,14.647700309753418,9197,0.0,0.0
2024-01-11 12:30:00-05:00,14.63010025024414,14.729999542236328,14.63010025024414,14.670000076293945,11101,0.0,0.0
2024-01-11 13:30:00-05:00,14.670000076293945,14.699999809265137,14.649999618530273,14.655699729919434,20442,0.0,0.0
2024-01-11 14:30:00-05:00,14.670000076293945,14.680000305175781,14.630000114440918,14.630000114440918,3510,0.0,0.0
2024-01-11 15:30:00-05:00,14.656499862670898,14.656499862670898,14.609999656677246,14.609999656677246,29640,0.0,0.0
2024-01-12 09:30:00-05:00,14.640000343322754,14.789999961853027,14.630000114440918,14.720000267028809,33794,0.0,0.0
2024-01-12 10:30:00-05:00,14.727399826049805,14.750800132751465,14.619999885559082,14.649900436401367,13722,0.0,0.0
2024-01-12 11:30:00-05:00,14.619999885559082,14.6899995803833,14.609999656677246,14.642000198364258,41511,0.0,0.0
2024-01-12 12:30:00-05:00,14.649999618530273,14.657999992370605,14.604999542236328,14.609999656677246,10471,0.0,0.0
2024-01-12 13:30:00-05:00,14.609800338745117,14.619999885559082,14.600000381469727,14.619999885559082,3670,0.0,0.0
2024-01-12 14:30:00-05:00,14.610799789428711,14.619999885559082,14.550000190734863,14.59000015258789,36251,0.0,0.0
2024-01-12 15:30:00-05:00,14.59000015258789,14.60990047454834,14.579999923706055,14.59000015258789,11828,0.0,0.0
2024-01-16 09:30:00-05:00,14.649999618530273,14.670000076293945,14.510000228881836,14.569999694824219,58072,0.0,0.0
2024-01-16 10:30:00-05:00,14.562999725341797,14.579000473022461,14.524999618530273,14.553099632263184,18915,0.0,0.0
2024-01-16 11:30:00-05:00,14.561699867248535,14.595000267028809,14.520000457763672,14.53499984741211,21678,0.0,0.0
2024-01-16 12:30:00-05:00,14.550000190734863,14.579999923706055,14.531999588012695,14.569000244140625,13899,0.0,0.0
2024-01-16 13:30:00-05:00,14.569000244140625,14.574799537658691,14.5,14.510000228881836,13781,0.0,0.0
2024-01-16 14:30:00-05:00,14.5,14.539999961853027,14.470100402832031,14.529999732971191,17865,0.0,0.0
2024-01-16 15:30:00-05:00,14.529000282287598,14.530099868774414,14.470000267028809,14.5,20979,0.0,0.0
2024-01-17 09:30:00-05:00,14.460000038146973,14.470000267028809,14.359999656677246,14.370800018310547,49325,0.0,0.0
2024-01-17 10:30:00-05:00,14.377599716186523,14.469400405883789,14.377599716186523,14.469400405883789,33977,0.0,0.0
2024-01-17 11:30:00-05:00,14.449999809265137,14.470000267028809,14.416000366210938,14.449899673461914,11717,0.0,0.0
2024-01-17 12:30:00-05:00,14.444999694824219,14.470000267028809,14.369999885559082,14.369999885559082,18107,0.0,0.0
2024-01-17 13:30:00-05:00,14.380000114440918,14.380000114440918,14.318699836730957,14.318699836730957,34534,0.0,0.0
2024-01-17 14:30:00-05:00,14.32390022277832,14.340100288391113,14.3100004196167,14.329899787902832,36111,0.0,0.0
2024-01-17 15:30:00-05:00,14.3100004196167,14.329999923706055,14.3100004196167,14.319999694824219,0,0.0,0.0
2024-01-18 09:30:00-05:00,14.34000015258789,14.489999771118164,14.320099830627441,14.399999618530273,12667,0.0,0.0
2024-01-18 10:30:00-05:00,14.445699691772461,14.449999809265137,14.359999656677246,14.359999656677246,5096,0.0,0.0
2024-01-18 11:30:00-05:00,14.359999656677246,14.399999618530273,14.352499961853027,14.385000228881836,26341,0.0,0.0
2024-01-18 12:30:00-05:00,14.364100456237793,14.40999984741211,14.364100456237793,14.409899711608887,12045,0.0,0.0
2024-01-18 13:30:00-05:00,14.380000114440918,14.389900207519531,14.329999923706055,14.350000381469727,20718,0.0,0.0
2024-01-18 14:30:00-05:00,14.34000015258789,14.5,14.289999961853027,14.369999885559082,96808,0.0,0.0
2024-01-18 15:30:00-05:00,14.359999656677246,14.420000076293945,14.359999656677246,14.380000114440918,12402,0.0,0.0
2024-01-19 09:30:00-05:00,14.460000038146973,14.460000038146973,14.319999694824219,14.345000267028809,0,0.0,0.0
2024-01-19 10:30:00-05:00,14.350000381469727,14.449899673461914,14.34000015258789,14.4399995803833,16308,0.0,0.0
2024-01-19 11:30:00-05:00,14.4399995803833,14.475299835205078,14.390000343322754,14.420000076293945,17828,0.0,0.0
2024-01-19 12:30:00-05:00,14.449999809265137,14.5,14.449999809265137,14.46500015258789,0,0.0,0.0
2024-01-19 13:30:00-05:00,14.449999809265137,14.489999771118164,14.449999809265137,14.449999809265137,102401,0.0,0.0
2024-01-19 14:30:00-05:00,14.449999809265137,14.510000228881836,14.4399995803833,14.46500015258789,20821,0.0,0.0
2024-01-19 15:30:00-05:00,14.470000267028809,14.5600004196167,14.470000267028809,14.5600004196167,18706,0.0,0.0
2024-01-22 09:30:00-05:00,14.649999618530273,14.729999542236328,14.515000343322754,14.699899673461914,68912,0.0,0.0
2024-01-22 10:30:00-05:00,14.706700325012207,14.725000381469727,14.65369987487793,14.6899995803833,23190,0.0,0.0
2024-01-22 11:30:00-05:00,14.699999809265137,14.749799728393555,14.670100212097168,14.749799728393555,19819,0.0,0.0
2024-01-22 12:30:00-05:00,14.686200141906738,14.75,14.686200141906738,14.75,10727,0.0,0.0
2024-01-22 13:30:00-05:00,14.749899864196777,14.801400184631348,14.734600067138672,14.800000190734863,14441,0.0,0.0
2024-01-22 14:30:00-05:00,14.800000190734863,14.800000190734863,14.699999809265137,14.699999809265137,25345,0.0,0.0
2024-01-22 15:30:00-05:00,14.699999809265137,14.729900360107422,14.6899995803833,14.699999809265137,0,0.0,0.0
2024-01-23 09:30:00-05:00,14.739999771118164,14.739999771118164,14.609999656677246,14.670000076293945,5499,0.0,0.0
2024-01-23 10:30:00-05:00,14.63129997253418,14.739999771118164,14.630000114440918,14.65999984741211,49735,0.0,0.0
2024-01-23 11:30:00-05:00,14.657299995422363,14.699999809265137,14.640000343322754,14.658599853515625,53050,0.0,0.0
2024-01-23 12:30:00-05:00,14.654999732971191,14.720000267028809,14.654999732971191,14.670000076293945,25058,0.0,0.0
2024-01-23 13:30:00-05:00,14.670000076293945,14.670000076293945,14.579999923706055,14.579999923706055,59009,0.0,0.0
2024-01-23 14:30:00-05:00,14.579999923706055,14.599900245666504,14.520000457763672,14.5649995803833,35158,0.0,0.0
2024-01-23 15:30:00-05:00,14.5649995803833,14.610099792480469,14.5600004196167,14.600000381469727,11850,0.0,0.0
2024-01-24 09:30:00-05:00,14.600000381469727,14.639900207519531,14.510000228881836,14.627400398254395,56845,0.0,0.0
2024-01-24 10:30:00-05:00,14.649900436401367,14.688699722290039,14.619999885559082,14.675000190734863,17490,0.0,0.0
2024-01-24 11:30:00-05:00,14.716699600219727,14.718999862670898,14.680000305175781,14.70930004119873,12245,0.0,0.0
2024-01-24 12:30:00-05:00,14.680000305175781,14.729999542236328,14.640000343322754,14.670000076293945,23831,0.0,0.0
2024-01-24 13:30:00-05:00,14.669899940490723,14.670000076293945,14.630000114440918,14.670000076293945,6848,0.0,0.0
2024-01-24 14:30:00-05:00,14.664999961853027,14.710000038146973,14.640000343322754,14.640000343322754,14150,0.0,0.0
2024-01-24 15:30:00-05:00,14.63010025024414,14.649999618530273,14.630000114440918,14.630000114440918,2906,0.0,0.0
2024-01-25 09:30:00-05:00,14.680000305175781,14.757200241088867,14.680000305175781,14.757200241088867,13129,0.0,0.0
2024-01-25 10:30:00-05:00,14.75,14.76990032196045,14.720000267028809,14.755000114440918,7893,0.0,0.0
2024-01-25 11:30:00-05:00,14.758000373840332,14.779999732971191,14.720000267028809,14.739999771118164,19545,0.0,0.0
2024-01-25 12:30:00-05:00,14.727999687194824,14.770000457763672,14.720000267028809,14.760000228881836,24077,0.0,0.0
2024-01-25 13:30:00-05:00,14.750100135803223,14.765000343322754,14.720000267028809,14.720000267028809,5090,0.0,0.0
2024-01-25 14:30:00-05:00,14.71500015258789,14.739899635314941,14.710000038146973,14.728799819946289,8713,0.0,0.0
2024-01-25 15:30:00-05:00,14.729999542236328,14.760000228881836,14.720000267028809,14.760000228881836,12768,0.0,0.0
2024-01-26 09:30:00-05:00,14.84000015258789,14.84000015258789,14.781100273132324,14.789999961853027,14016,0.0,0.0
2024-01-26 10:30:00-05:00,14.800000190734863,14.800000190734863,14.739999771118164,14.739999771118164,14175,0.0,0.0
2024-01-26 11:30:00-05:00,14.75,14.789999961853027,14.739999771118164,14.789999961853027,11499,0.0,0.0
2024-01-26 12:30:00-05:00,14.8100004196167,14.829999923706055,14.789999961853027,14.819999694824219,14277,0.0,0.0
2024-01-26 13:30:00-05:00,14.850000381469727,14.90999984741211,14.819999694824219,14.90999984741211,50419,0.0,0.0
2024-01-26 14:30:00-05:00,14.895000457763672,14.914999961853027,14.84000015258789,14.84000015258789,78410,0.0,0.0
2024-01-26 15:30:00-05:00,14.819999694824219,14.859999656677246,14.800000190734863,14.8100004196167,25428,0.0,0.0
2024-01-29 09:30:00-05:00,14.949999809265137,15.039999961853027,14.856900215148926,14.989999771118164,0,0.0,0.0
2024-01-29 10:30:00-05:00,14.984999656677246,15.029999732971191,14.949999809265137,14.949999809265137,27593,0.0,0.0
2024-01-29 11:30:00-05:00,14.960000038146973,14.960000038146973,14.8100004196167,14.829999923706055,76269,0.0,0.0
2024-01-29 12:30:00-05:00,14.810099601745605,14.850000381469727,14.810099601745605,14.850000381469727,3180,0.0,0.0
2024-01-29 13:30:00-05:00,14.850000381469727,14.920000076293945,14.819999694824219,14.913900375366211,67318,0.0,0.0
2024-01-29 14:30:00-05:00,14.899999618530273,14.90999984741211,14.84000015258789,14.845000267028809,45094,0.0,0.0
2024-01-29 15:30:00-05:00,14.850000381469727,14.930000305175781,14.850000381469727,14.869999885559082,57914,0.0,0.0
2024-01-30 09:30:00-05:00,14.970000267028809,15.0,14.899999618530273,14.979999542236328,15462,0.0,0.0
2024-01-30 10:30:00-05:00,14.960000038146973,14.970000267028809,14.850799560546875,14.930100440979004,63136,0.0,0.0
2024-01-30 11:30:00-05:00,14.96500015258789,15.029999732971191,14.880000114440918,14.975000381469727,51377,0.0,0.0
2024-01-30 12:30:00-05:00,14.975000381469727,14.975000381469727,14.729999542236328,14.76990032196045,63495,0.0,0.0
2024-01-30 13:30:00-05:00,14.75,14.75629997253418,14.720000267028809,14.739999771118164,13073,0.0,0.0
2024-01-30 14:30:00-05:00,14.739999771118164,14.779999732971191,14.6899995803833,14.729999542236328,35599,0.0,0.0
2024-01-30 15:30:00-05:00,14.720000267028809,14.720000267028809,14.630000114440918,14.649999618530273,61615,0.0,0.0
2024-01-31 09:30:00-05:00,14.6899995803833,14.727999687194824,14.609999656677246,14.645000457763672,51350,0.0,0.0
2024-01-31 10:30:00-05:00,14.670000076293945,14.680000305175781,14.640000343322754,14.649999618530273,18622,0.0,0.0
2024-01-31 11:30:00-05:00,14.65999984741211,14.680000305175781,14.640000343322754,14.680000305175781,22353,0.0,0.0
2024-01-31 12:30:00-05:00,14.680000305175781,14.699999809265137,14.649999618530273,14.699999809265137,16870,0.0,0.0
2024-01-31 13:30:00-05:00,14.699999809265137,14.729999542236328,14.6899995803833,14.699999809265137,12072,0.0,0.0
2024-01-31 14:30:00-05:00,14.6899995803833,14.710000038146973,14.620100021362305,14.699999809265137,46027,0.0,0.0
2024-01-31 15:30:00-05:00,14.699999809265137,14.699999809265137,14.61400032043457,14.670000076293945,21647,0.0,0.0
2024-02-01 09:30:00-05:00,14.779999732971191,14.819999694824219,14.640000343322754,14.79990005493164,80687,0.0,0.0
2024-02-01 10:30:00-05:00,14.829999923706055,14.84000015258789,14.78499984741211,14.807499885559082,18807,0.0,0.0
2024-02-01 11:30:00-05:00,14.8100004196167,14.880000114440918,14.8100004196167,14.869999885559082,9355,0.0,0.0
2024-02-01 12:30:00-05:00,14.819999694824219,14.890000343322754,14.819999694824219,14.873700141906738,8456,0.0,0.0
2024-02-01 13:30:00-05:00,14.866000175476074,14.890000343322754,14.859999656677246,14.86709976196289,8656,0.0,0.0
2024-02-01 14:30:00-05:00,14.854999542236328,14.879899978637695,14.850099563598633,14.879899978637695,2402,0.0,0.0
2024-02-01 15:30:00-05:00,14.879899978637695,14.880000114440918,14.819999694824219,14.850000381469727,35186,0.0,0.0
2024-02-02 09:30:00-05:00,14.859999656677246,14.859999656677246,14.770000457763672,14.819999694824219,21762,0.0,0.0
2024-02-02 10:30:00-05:00,14.800000190734863,14.920000076293945,14.800000190734863,14.920000076293945,24788,0.0,0.0
2024-02-02 11:30:00-05:00,14.920000076293945,14.920000076293945,14.800000190734863,14.84000015258789,39199,0.0,0.0
2024-02-02 12:30:00-05:00,14.850000381469727,14.850000381469727,14.760000228881836,14.816399574279785,20802,0.0,0.0
2024-02-02 13:30:00-05:00,14.819999694824219,14.819999694824219,14.710000038146973,14.720000267028809,46683,0.0,0.0
2024-02-02 14:30:00-05:00,14.691300392150879,14.770000457763672,14.691300392150879,14.739999771118164,11019,0.0,0.0
2024-02-02 15:30:00-05:00,14.739999771118164,14.770000457763672,14.710000038146973,14.770000457763672,14418,0.0,0.0
2024-02-05 09:30:00-05:00,14.720000267028809,14.84000015258789,14.5,14.65999984741211,82060,0.0,0.0
2024-02-05 10:30:00-05:00,14.673100471496582,14.729999542236328,14.630000114440918,14.720000267028809,21046,0.0,0.0
2024-02-05 11:30:00-05:00,14.720000267028809,14.739999771118164,14.680000305175781,14.6899995803833,11458,0.0,0.0
2024-02-05 12:30:00-05:00,14.699999809265137,14.729999542236328,14.670000076293945,14.699999809265137,11337,0.0,0.0
2024-02-05 13:30:00-05:00,14.670000076293945,14.720000267028809,14.670000076293945,14.699999809265137,28903,0.0,0.0
2024-02-05 14:30:00-05:00,14.699999809265137,14.699999809265137,14.65999984741211,14.679900169372559,10110,0.0,0.0
2024-02-05 15:30:00-05:00,14.668000221252441,14.679200172424316,14.649999618530273,14.670000076293945,6904,0.0,0.0
2024-02-06 09:30:00-05:00,14.770000457763672,14.789999961853027,14.725000381469727,14.772299766540527,44765,0.0,0.0
2024-02-06 10:30:00-05:00,14.772700309753418,14.850000381469727,14.770000457763672,14.829099655151367,46668,0.0,0.0
2024-02-06 11:30:00-05:00,14.833999633789062,14.849699974060059,14.800000190734863,14.840100288391113,16430,0.0,0.0
2024-02-06 12:30:00-05:00,14.84000015258789,14.850000381469727,14.800000190734863,14.800000190734863,16428,0.0,0.0
2024-02-06 13:30:00-05:00,14.819999694824219,14.880000114440918,14.8100004196167,14.864999771118164,41323,0.0,0.0
2024-02-06 14:30:00-05:00,14.879899978637695,14.880000114440918,14.830100059509277,14.841300010681152,22852,0.0,0.0
2024-02-06 15:30:00-05:00,14.845000267028809,14.845000267028809,14.829999923706055,14.84000015258789,7920,0.0,0.0
2024-02-07 09:30:00-05:00,14.880000114440918,14.899999618530273,14.819999694824219,14.841699600219727,0,0.0,0.0
2024-02-07 10:30:00-05:00,14.850000381469727,14.880000114440918,14.770000457763672,14.880000114440918,50917,0.0,0.0
2024-02-07 11:30:00-05:00,14.879599571228027,14.890000343322754,14.877300262451172,14.880000114440918,60747,0.0,0.0
2024-02-07 12:30:00-05:00,14.885000228881836,14.890000343322754,14.859999656677246,14.860099792480469,7599,0.0,0.0
2024-02-07 13:30:00-05:00,14.875,14.90999984741211,14.859999656677246,14.902000427246094,22060,0.0,0.0
2024-02-07 14:30:00-05:00,14.90999984741211,14.920000076293945,14.880000114440918,14.889800071716309,21008,0.0,0.0
2024-02-07 15:30:00-05:00,14.889599800109863,14.930000305175781,14.880000114440918,14.930000305175781,11939,0.0,0.0
2024-02-08 09:30:00-05:00,14.920000076293945,14.949999809265137,14.866000175476074,14.866000175476074,14082,0.0,0.0
2024-02-08 10:30:00-05:00,14.889900207519531,14.920000076293945,14.819999694824219,14.859600067138672,18631,0.0,0.0
2024-02-08 11:30:00-05:00,14.819999694824219,14.890000343322754,14.819999694824219,14.84000015258789,4451,0.0,0.0
2024-02-08 12:30:00-05:00,14.870499610900879,14.909899711608887,14.869999885559082,14.885000228881836,6343,0.0,0.0
2024-02-08 13:30:00-05:00,14.899999618530273,14.899999618530273,14.880000114440918,14.899900436401367,10060,0.0,0.0
2024-02-08 14:30:00-05:00,14.890000343322754,14.930000305175781,14.880000114440918,14.929900169372559,17213,0.0,0.0
2024-02-08 15:30:00-05:00,14.920000076293945,14.949999809265137,14.890000343322754,14.9399995803833,23335,0.0,0.0
2024-02-09 09:30:00-05:00,14.75,14.817000389099121,14.75,14.779999732971191,18045,0.0,0.0
2024-02-09 10:30:00-05:00,14.79800033569336,14.819999694824219,14.779999732971191,14.779999732971191,13891,0.0,0.0
2024-02-09 11:30:00-05:00,14.800000190734863,14.829999923706055,14.789999961853027,14.805000305175781,16194,0.0,0.0
2024-02-09 12:30:00-05:00,14.8100004196167,14.84000015258789,14.800000190734863,14.84000015258789,7318,0.0,0.0
2024-02-09 13:30:00-05:00,14.84000015258789,14.880999565124512,14.829999923706055,14.830400466918945,26956,0.0,0.0
2024-02-09 14:30:00-05:00,14.833399772644043,14.880000114440918,14.833399772644043,14.859999656677246,11819,0.0,0.0
2024-02-09 15:30:00-05:00,14.864999771118164,14.899999618530273,14.859999656677246,14.859999656677246,31389,0.0,0.0
2024-02-12 09:30:00-05:00,14.899999618530273,14.979999542236328,14.889900207519531,14.949999809265137,42700,0.0,0.0
2024-02-12 10:30:00-05:00,14.9576997756958,15.029999732971191,14.95009994506836,15.029999732971191,31939,0.0,0.0
2024-02-12 11:30:00-05:00,15.015000343322754,15.039999961853027,14.989999771118164,15.010000228881836,30835,0.0,0.0
2024-02-12 12:30:00-05:00,14.989999771118164,15.039999961853027,14.989999771118164,15.0,43866,0.0,0.0
2024-02-12 13:30:00-05:00,14.989999771118164,15.039999961853027,14.989999771118164,15.023799896240234,24373,0.0,0.0
2024-02-12 14:30:00-05:00,15.020000457763672,15.020000457763672,14.970000267028809,15.020000457763672,49901,0.0,0.0
2024-02-12 15:30:00-05:00,15.0,15.010000228881836,14.979999542236328,15.010000228881836,12441,0.0,0.0
2024-02-13 09:30:00-05:00,14.890000343322754,14.9399995803833,14.789999961853027,14.899999618530273,56188,0.0,0.0
2024-02-13 10:30:00-05:00,14.875,14.9350004196167,14.831700325012207,14.9350004196167,13455,0.0,0.0
2024-02-13 11:30:00-05:00,14.927000045776367,14.96500015258789,14.899999618530273,14.96399974822998,33566,0.0,0.0
2024-02-13 12:30:00-05:00,14.96720027923584,15.0,14.9399995803833,14.989999771118164,19838,0.0,0.0
2024-02-13 13:30:00-05:00,14.970000267028809,15.0,14.9399995803833,14.949999809265137,15451,0.0,0.0
2024-02-13 14:30:00-05:00,14.949999809265137,14.979999542236328,14.881099700927734,14.881099700927734,41708,0.0,0.0
2024-02-13 15:30:00-05:00,14.890000343322754,14.9399995803833,14.890000343322754,14.9399995803833,7074,0.0,0.0
2024-02-14 09:30:00-05:00,14.90999984741211,14.989999771118164,14.90999984741211,14.946599960327148,7016,0.0,0.0
2024-02-14 10:30:00-05:00,14.951700210571289,14.954999923706055,14.930000305175781,14.9399995803833,2660,0.0,0.0
2024-02-14 11:30:00-05:00,14.949999809265137,14.96500015258789,14.930000305175781,14.96500015258789,13179,0.0,0.0
2024-02-14 12:30:00-05:00,14.95110034942627,14.979999542236328,14.949999809265137,14.95009994506836,6842,0.0,0.0
2024-02-14 13:30:00-05:00,14.978500366210938,14.979999542236328,14.95009994506836,14.96500015258789,9279,0.0,0.0
2024-02-14 14:30:00-05:00,14.979999542236328,15.0,14.960200309753418,14.984999656677246,15358,0.0,0.0
2024-02-14 15:30:00-05:00,14.984999656677246,15.020000457763672,14.970000267028809,15.010000228881836,18639,0.0,0.0
2024-02-15 09:30:00-05:00,15.100000381469727,15.170000076293945,15.050000190734863,15.050000190734863,61683,0.0,0.0
2024-02-15 10:30:00-05:00,15.020999908447266,15.050000190734863,14.949999809265137,15.010000228881836,15982,0.0,0.0
2024-02-15 11:30:00-05:00,15.010000228881836,15.039999961853027,14.949999809265137,14.989500045776367,62407,0.0,0.0
2024-02-15 12:30:00-05:00,14.960100173950195,15.109000205993652,14.949999809265137,15.089400291442871,61211,0.0,0.0
2024-02-15 13:30:00-05:00,15.074999809265137,15.130000114440918,15.050000190734863,15.130000114440918,30242,0.0,0.0
2024-02-15 14:30:00-05:00,15.11989974975586,15.129899978637695,15.0600004196167,15.100000381469727,25288,0.0,0.0
2024-02-15 15:30:00-05:00,15.108599662780762,15.149999618530273,15.069999694824219,15.149999618530273,44014,0.0,0.0
2024-02-16 09:30:00-05:00,15.100000381469727,15.11050033569336,15.050000190734863,15.100000381469727,0,0.0,0.0
2024-02-16 10:30:00-05:00,15.11989974975586,15.119999885559082,15.075300216674805,15.117400169372559,21499,0.0,0.0
2024-02-16 11:30:00-05:00,15.109999656677246,15.119099617004395,15.101900100708008,15.10789966583252,2843,0.0,0.0
2024-02-16 12:30:00-05:00,15.119999885559082,15.170000076293945,15.100000381469727,15.152199745178223,17300,0.0,0.0
2024-02-16 13:30:00-05:00,15.140000343322754,15.180000305175781,15.120100021362305,15.154999732971191,60530,0.0,0.0
2024-02-16 14:30:00-05:00,15.149999618530273,15.1899995803833,15.140000343322754,15.149999618530273,24026,0.0,0.0
2024-02-16 15:30:00-05:00,15.14799976348877,15.180000305175781,15.130000114440918,15.140000343322754,7099,0.0,0.0
2024-02-20 09:30:00-05:00,15.15999984741211,15.229999542236328,15.109999656677246,15.164600372314453,32537,0.0,0.0
2024-02-20 10:30:00-05:00,15.170100212097168,15.239999771118164,15.170000076293945,15.199999809265137,31604,0.0,0.0
2024-02-20 11:30:00-05:00,15.220000267028809,15.279999732971191,15.21049976348877,15.239999771118164,32791,0.0,0.0
2024-02-20 12:30:00-05:00,15.239700317382812,15.239999771118164,15.164999961853027,15.210000038146973,19936,0.0,0.0
2024-02-20 13:30:00-05:00,15.198599815368652,15.214900016784668,15.180100440979004,15.1899995803833,19710,0.0,0.0
2024-02-20 14:30:00-05:00,15.204999923706055,15.550000190734863,15.1899995803833,15.4399995803833,533575,0.0,0.0
2024-02-20 15:30:00-05:00,15.40999984741211,15.420000076293945,15.329999923706055,15.359999656677246,42923,0.0,0.0
2024-02-21 09:30:00-05:00,15.369999885559082,15.4399995803833,15.270000457763672,15.419599533081055,27748,0.0,0.0
2024-02-21 10:30:00-05:00,15.399999618530273,15.40939998626709,15.350000381469727,15.375,16363,0.0,0.0
2024-02-21 11:30:00-05:00,15.390000343322754,15.430000305175781,15.369999885559082,15.380000114440918,20844,0.0,0.0
2024-02-21 12:30:00-05:00,15.369999885559082,15.399999618530273,15.260000228881836,15.270000457763672,19473,0.0,0.0
2024-02-21 13:30:00-05:00,15.260000228881836,15.319999694824219,15.25,15.319999694824219,22301,0.0,0.0
2024-02-21 14:30:00-05:00,15.29419994354248,15.359999656677246,15.29419994354248,15.319999694824219,12212,0.0,0.0
2024-02-21 15:30:00-05:00,15.314499855041504,15.399999618530273,15.314499855041504,15.399999618530273,7107,0.0,0.0
2024-02-22 09:30:00-05:00,15.449999809265137,15.449999809265137,15.279999732971191,15.345999717712402,0,0.0,0.0
2024-02-22 10:30:00-05:00,15.335000038146973,15.369999885559082,15.300000190734863,15.369999885559082,5677,0.0,0.0
2024-02-22 11:30:00-05:00,15.376899719238281,15.40999984741211,15.366100311279297,15.403800010681152,19662,0.0,0.0
2024-02-22 12:30:00-05:00,15.394800186157227,15.394800186157227,15.350000381469727,15.390000343322754,13059,0.0,0.0
2024-02-22 13:30:00-05:00,15.389699935913086,15.390000343322754,15.388699531555176,15.390000343322754,3216,0.0,0.0
2024-02-22 14:30:00-05:00,15.399999618530273,15.418999671936035,15.399999618530273,15.399999618530273,10602,0.0,0.0
2024-02-22 15:30:00-05:00,15.390000343322754,15.420000076293945,15.34000015258789,15.420000076293945,20124,0.0,0.0
2024-02-23 09:30:00-05:00,15.520000457763672,15.520000457763672,15.390000343322754,15.496999740600586,29741,0.0,0.0
2024-02-23 10:30:00-05:00,15.470000267028809,15.479999542236328,15.440099716186523,15.479999542236328,12864,0.0,0.0
2024-02-23 11:30:00-05:00,15.488100051879883,15.489999771118164,15.449999809265137,15.479999542236328,11564,0.0,0.0
2024-02-23 12:30:00-05:00,15.470100402832031,15.489999771118164,15.4399995803833,15.449999809265137,12559,0.0,0.0
2024-02-23 13:30:00-05:00,15.46500015258789,15.46500015258789,15.350000381469727,15.350000381469727,9592,0.0,0.0
2024-02-23 14:30:00-05:00,15.350000381469727,15.38949966430664,15.340100288391113,15.380000114440918,6664,0.0,0.0
2024-02-23 15:30:00-05:00,15.369999885559082,15.40999984741211,15.359999656677246,15.40999984741211,12301,0.0,0.0
2024-02-26 09:30:00-05:00,15.390000343322754,15.5,15.350000381469727,15.399999618530273,36733,0.0,0.0
2024-02-26 10:30:00-05:00,15.420000076293945,15.432700157165527,15.380000114440918,15.396100044250488,10911,0.0,0.0
2024-02-26 11:30:00-05:00,15.371600151062012,15.40939998626709,15.360699653625488,15.385000228881836,9805,0.0,0.0
2024-02-26 12:30:00-05:00,15.399999618530273,15.399999618530273,15.199999809265137,15.235199928283691,26701,0.0,0.0
2024-02-26 13:30:00-05:00,15.229900360107422,15.359999656677246,15.210000038146973,15.342000007629395,27267,0.0,0.0
2024-02-26 14:30:00-05:00,15.350000381469727,15.449999809265137,15.350000381469727,15.420000076293945,21087,0.0,0.0
2024-02-26 15:30:00-05:00,15.4399995803833,15.5,15.4399995803833,15.5,30552,0.0,0.0
2024-02-27 09:30:00-05:00,15.470000267028809,15.5,15.380000114440918,15.4399995803833,33816,0.0,0.0
2024-02-27 10:30:00-05:00,15.4350004196167,15.479999542236328,15.420000076293945,15.469300270080566,18232,0.0,0.0
2024-02-27 11:30:00-05:00,15.461099624633789,15.469900131225586,15.380000114440918,15.385000228881836,10437,0.0,0.0
2024-02-27 12:30:00-05:00,15.385000228881836,15.3996000289917,15.385000228881836,15.390000343322754,5317,0.0,0.0
2024-02-27 13:30:00-05:00,15.390000343322754,15.397000312805176,15.199999809265137,15.220000267028809,46032,0.0,0.0
2024-02-27 14:30:00-05:00,15.199999809265137,15.279999732971191,15.1899995803833,15.279999732971191,13678,0.0,0.0
2024-02-27 15:30:00-05:00,15.277600288391113,15.3100004196167,15.260000228881836,15.3100004196167,12291,0.0,0.0
2024-02-28 09:30:00-05:00,15.270000457763672,15.470000267028809,15.270000457763672,15.4399995803833,0,0.0,0.0
2024-02-28 10:30:00-05:00,15.4350004196167,15.470000267028809,15.37600040435791,15.385000228881836,64016,0.0,0.0
2024-02-28 11:30:00-05:00,15.385000228881836,15.399900436401367,15.340999603271484,15.380000114440918,20175,0.0,0.0
2024-02-28 12:30:00-05:00,15.395000457763672,15.430000305175781,15.380000114440918,15.428999900817871,6198,0.0,0.0
2024-02-28 13:30:00-05:00,15.391500473022461,15.420000076293945,15.34000015258789,15.38010025024414,37716,0.0,0.0
2024-02-28 14:30:00-05:00,15.360300064086914,15.385700225830078,15.280200004577637,15.289999961853027,26429,0.0,0.0
2024-02-28 15:30:00-05:00,15.289999961853027,15.289999961853027,15.170000076293945,15.1899995803833,24575,0.0,0.0
2024-02-29 09:30:00-05:00,15.25,15.34000015258789,15.25,15.329999923706055,0,0.0,0.0
2024-02-29 10:30:00-05:00,15.34000015258789,15.399999618530273,15.319999694824219,15.380000114440918,27565,0.0,0.0
2024-02-29 11:30:00-05:00,15.380000114440918,15.460000038146973,15.380000114440918,15.4399995803833,25002,0.0,0.0
2024-02-29 12:30:00-05:00,15.4399995803833,15.489999771118164,15.4399995803833,15.475000381469727,8096,0.0,0.0
2024-02-29 13:30:00-05:00,15.5,15.520000457763672,15.46500015258789,15.493000030517578,16009,0.0,0.0
2024-02-29 14:30:00-05:00,15.430000305175781,15.479999542236328,15.369999885559082,15.370100021362305,14325,0.0,0.0
2024-02-29 15:30:00-05:00,15.364999771118164,15.380000114440918,15.319999694824219,15.319999694824219,9613,0.0,0.0
2024-03-01 09:30:00-05:00,15.460000038146973,15.496800422668457,15.40999984741211,15.478699684143066,38570,0.0,0.0
2024-03-01 10:30:00-05:00,15.45009994506836,15.489999771118164,15.399999618530273,15.449999809265137,8549,0.0,0.0
2024-03-01 11:30:00-05:00,15.461700439453125,15.479999542236328,15.440099716186523,15.470000267028809,8146,0.0,0.0
2024-03-01 12:30:00-05:00,15.479900360107422,15.5,15.451499938964844,15.5,12244,0.0,0.0
2024-03-01 13:30:00-05:00,15.489999771118164,15.499899864196777,15.4399995803833,15.475000381469727,12880,0.0,0.0
2024-03-01 14:30:00-05:00,15.475000381469727,15.5,15.475000381469727,15.479999542236328,6483,0.0,0.0
2024-03-01 15:30:00-05:00,15.454999923706055,15.5,15.444999694824219,15.489999771118164,11639,0.0,0.0
2024-03-04 09:30:00-05:00,15.550000190734863,15.569999694824219,15.510000228881836,15.5649995803833,34659,0.0,0.0
2024-03-04 10:30:00-05:00,15.539400100708008,15.59000015258789,15.539400100708008,15.559800148010254,23035,0.0,0.0
2024-03-04 11:30:00-05:00,15.539999961853027,15.569899559020996,15.5,15.569899559020996,30698,0.0,0.0
2024-03-04 12:30:00-05:00,15.524999618530273,15.58530044555664,15.51360034942627,15.570599555969238,22261,0.0,0.0
2024-03-04 13:30:00-05:00,15.571200370788574,15.649999618530273,15.571200370788574,15.619999885559082,20053,0.0,0.0
2024-03-04 14:30:00-05:00,15.649999618530273,15.720000267028809,15.649999618530273,15.700900077819824,17086,0.0,0.0
2024-03-04 15:30:00-05:00,15.685400009155273,15.789999961853027,15.685400009155273,15.75,31873,0.0,0.0
2024-03-05 09:30:00-05:00,15.829999923706055,15.87090015411377,15.710000038146973,15.829999923706055,57411,0.0,0.0
2024-03-05 10:30:00-05:00,15.835000038146973,15.930000305175781,15.835000038146973,15.850099563598633,25063,0.0,0.0
2024-03-05 11:30:00-05:00,15.869999885559082,15.869999885559082,15.819999694824219,15.850000381469727,21102,0.0,0.0
2024-03-05 12:30:00-05:00,15.84000015258789,15.869000434875488,15.770000457763672,15.789999961853027,45389,0.0,0.0
2024-03-05 13:30:00-05:00,15.807999610900879,15.807999610900879,15.609999656677246,15.664999961853027,50294,0.0,0.0
2024-03-05 14:30:00-05:00,15.66569995880127,15.699999809265137,15.520000457763672,15.550000190734863,27835,0.0,0.0
2024-03-05 15:30:00-05:00,15.60990047454834,15.61989974975586,15.520000457763672,15.520000457763672,20660,0.0,0.0
2024-03-06 09:30:00-05:00,15.699999809265137,15.770000457763672,15.680000305175781,15.6899995803833,22156,0.0,0.0
2024-03-06 10:30:00-05:00,15.725000381469727,15.75629997253418,15.699999809265137,15.755000114440918,18958,0.0,0.0
2024-03-06 11:30:00-05:00,15.770000457763672,15.807299613952637,15.755000114440918,15.795000076293945,20194,0.0,0.0
2024-03-06 12:30:00-05:00,15.795000076293945,15.818400382995605,15.579999923706055,15.619999885559082,61113,0.0,0.0
2024-03-06 13:30:00-05:00,15.600000381469727,15.619999885559082,15.510000228881836,15.55370044708252,25188,0.0,0.0
2024-03-06 14:30:00-05:00,15.529999732971191,15.567099571228027,15.359999656677246,15.359999656677246,53626,0.0,0.0
2024-03-06 15:30:00-05:00,15.385000228881836,15.429499626159668,15.324999809265137,15.420000076293945,73396,0.0,0.0
2024-03-07 09:30:00-05:00,15.600000381469727,15.6899995803833,15.4399995803833,15.59000015258789,40963,0.0,0.0
2024-03-07 10:30:00-05:00,15.600000381469727,15.770000457763672,15.59000015258789,15.770000457763672,23723,0.0,0.0
2024-03-07 11:30:00-05:00,15.760000228881836,15.800000190734863,15.75,15.779999732971191,28666,0.0,0.0
2024-03-07 12:30:00-05:00,15.750800132751465,15.779999732971191,15.649999618530273,15.75,59857,0.0,0.0
2024-03-07 13:30:00-05:00,15.779999732971191,15.840100288391113,15.765000343322754,15.84000015258789,59918,0.0,0.0
2024-03-07 14:30:00-05:00,15.84000015258789,15.84000015258789,15.5649995803833,15.619999885559082,52556,0.0,0.0
2024-03-07 15:30:00-05:00,15.619999885559082,15.699999809265137,15.619999885559082,15.699999809265137,50578,0.0,0.0
2024-03-08 09:30:00-05:00,15.569999694824219,15.600000381469727,15.510000228881836,15.5600004196167,15577,0.0,0.0
2024-03-08 10:30:00-05:00,15.581700325012207,15.649999618530273,15.579999923706055,15.609999656677246,45327,0.0,0.0
2024-03-08 11:30:00-05:00,15.609999656677246,15.609999656677246,15.531999588012695,15.579899787902832,15906,0.0,0.0
2024-03-08 12:30:00-05:00,15.559399604797363,15.579999923706055,15.52340030670166,15.557499885559082,9292,0.0,0.0
2024-03-08 13:30:00-05:00,15.530099868774414,15.600000381469727,15.530099868774414,15.579999923706055,18073,0.0,0.0
2024-03-08 14:30:00-05:00,15.5649995803833,15.609999656677246,15.530099868774414,15.600000381469727,13782,0.0,0.0
2024-03-08 15:30:00-05:00,15.600000381469727,15.670000076293945,15.585000038146973,15.600000381469727,23212,0.0,0.0
2024-03-11 09:30:00-04:00,15.539999961853027,15.550000190734863,15.420000076293945,15.449999809265137,42252,0.0,0.0
2024-03-11 10:30:00-04:00,15.450200080871582,15.5,15.430000305175781,15.460000038146973,23397,0.0,0.0
2024-03-11 11:30:00-04:00,15.450200080871582,15.498700141906738,15.449999809265137,15.470000267028809,8620,0.0,0.0
2024-03-11 12:30:00-04:00,15.479999542236328,15.550000190734863,15.479999542236328,15.539999961853027,18174,0.0,0.0
2024-03-11 13:30:00-04:00,15.505399703979492,15.5600004196167,15.5,15.551199913024902,11499,0.0,0.0
2024-03-11 14:30:00-04:00,15.545000076293945,15.5600004196167,15.501899719238281,15.5108003616333,13434,0.0,0.0
2024-03-11 15:30:00-04:00,15.539999961853027,15.5600004196167,15.520000457763672,15.5600004196167,8013,0.0,0.0
2024-03-12 09:30:00-04:00,15.510000228881836,15.659099578857422,15.510000228881836,15.575699806213379,16781,0.0,0.0
2024-03-12 10:30:00-04:00,15.585000038146973,15.600000381469727,15.553099632263184,15.553099632263184,12383,0.0,0.0
2024-03-12 11:30:00-04:00,15.5600004196167,15.605199813842773,15.539999961853027,15.605199813842773,2238,0.0,0.0
2024-03-12 12:30:00-04:00,15.5600004196167,15.680000305175781,15.5600004196167,15.680000305175781,9856,0.0,0.0
2024-03-12 13:30:00-04:00,15.670000076293945,15.670000076293945,15.585000038146973,15.59000015258789,16744,0.0,0.0
2024-03-12 14:30:00-04:00,15.585000038146973,15.65999984741211,15.581500053405762,15.625399589538574,11838,0.0,0.0
2024-03-12 15:30:00-04:00,15.640000343322754,15.65999984741211,15.626399993896484,15.649999618530273,6500,0.0,0.0
2024-03-13 09:30:00-04:00,15.65999984741211,15.680000305175781,15.59000015258789,15.645000457763672,11098,0.0,0.0
2024-03-13 10:30:00-04:00,15.649999618530273,15.779999732971191,15.649999618530273,15.694999694824219,15476,0.0,0.0
2024-03-13 11:30:00-04:00,15.670000076293945,15.699899673461914,15.619999885559082,15.619999885559082,25473,0.0,0.0
2024-03-13 12:30:00-04:00,15.61299991607666,15.649999618530273,15.611499786376953,15.649999618530273,3192,0.0,0.0
2024-03-13 13:30:00-04:00,15.647500038146973,15.649999618530273,15.600000381469727,15.640000343322754,8793,0.0,0.0
2024-03-13 14:30:00-04:00,15.630000114440918,15.649900436401367,15.612199783325195,15.630000114440918,6712,0.0,0.0
2024-03-13 15:30:00-04:00,15.630000114440918,15.649999618530273,15.579999923706055,15.649999618530273,14203,0.0,0.0
2024-03-14 09:30:00-04:00,15.649999618530273,15.699999809265137,15.529999732971191,15.529999732971191,25720,0.0,0.0
2024-03-14 10:30:00-04:00,15.5600004196167,15.569899559020996,15.5,15.5,10703,0.0,0.0
2024-03-14 11:30:00-04:00,15.520000457763672,15.520000457763672,15.510000228881836,15.520000457763672,6629,0.0,0.0
2024-03-14 12:30:00-04:00,15.510000228881836,15.520000457763672,15.449999809265137,15.449999809265137,21010,0.0,0.0
2024-03-14 13:30:00-04:00,15.4399995803833,15.469599723815918,15.399999618530273,15.469599723815918,11918,0.0,0.0
2024-03-14 14:30:00-04:00,15.449999809265137,15.460000038146973,15.40999984741211,15.40999984741211,19629,0.0,0.0
2024-03-14 15:30:00-04:00,15.4350004196167,15.460000038146973,15.369999885559082,15.40999984741211,20240,0.0,0.0
2024-03-15 09:30:00-04:00,15.420000076293945,15.430000305175781,15.289999961853027,15.3100004196167,30205,0.0,0.0
2024-03-15 10:30:00-04:00,15.310999870300293,15.350000381469727,15.310999870300293,15.350000381469727,18409,0.0,0.0
2024-03-15 11:30:00-04:00,15.34000015258789,15.34000015258789,15.319999694824219,15.319999694824219,18616,0.0,0.0
2024-03-15 12:30:00-04:00,15.321999549865723,15.329999923706055,15.300000190734863,15.319199562072754,27827,0.0,0.0
2024-03-15 13:30:00-04:00,15.319600105285645,15.331999778747559,15.300000190734863,15.300000190734863,18471,0.0,0.0
2024-03-15 14:30:00-04:00,15.300000190734863,15.310999870300293,15.279999732971191,15.289999961853027,17639,0.0,0.0
2024-03-15 15:30:00-04:00,15.295999526977539,15.3100004196167,15.293899536132812,15.3100004196167,19142,0.0,0.0
2024-03-18 09:30:00-04:00,15.319999694824219,15.359999656677246,15.319999694824219,15.34000015258789,13263,0.0,0.0
2024-03-18 10:30:00-04:00,15.338600158691406,15.350000381469727,15.300000190734863,15.3100004196167,19786,0.0,0.0
2024-03-18 11:30:00-04:00,15.300000190734863,15.3100004196167,15.268600463867188,15.279999732971191,20368,0.0,0.0
2024-03-18 12:30:00-04:00,15.279999732971191,15.329999923706055,15.260000228881836,15.300000190734863,33323,0.0,0.0
2024-03-18 13:30:00-04:00,15.270000457763672,15.289999961853027,15.260199546813965,15.279899597167969,18849,0.0,0.0
2024-03-18 14:30:00-04:00,15.279899597167969,15.3100004196167,15.274999618530273,15.29010009765625,25130,0.0,0.0
2024-03-18 15:30:00-04:00,15.299099922180176,15.3100004196167,15.279999732971191,15.300000190734863,0,0.0,0.0
2024-03-19 09:30:00-04:00,15.260000228881836,15.3100004196167,15.229999542236328,15.300000190734863,31580,0.0,0.0
2024-03-19 10:30:00-04:00,15.280099868774414,15.300000190734863,15.270000457763672,15.279999732971191,16183,0.0,0.0
2024-03-19 11:30:00-04:00,15.279999732971191,15.307900428771973,15.270000457763672,15.288200378417969,13525,0.0,0.0
2024-03-19 12:30:00-04:00,15.309200286865234,15.309200286865234,15.260000228881836,15.260000228881836,19726,0.0,0.0
2024-03-19 13:30:00-04:00,15.260000228881836,15.34000015258789,15.260000228881836,15.34000015258789,25795,0.0,0.0
2024-03-19 14:30:00-04:00,15.335000038146973,15.335000038146973,15.290200233459473,15.3100004196167,29663,0.0,0.0
2024-03-19 15:30:00-04:00,15.3149995803833,15.329999923706055,15.279999732971191,15.279999732971191,18371,0.0,0.0
2024-03-20 09:30:00-04:00,15.260000228881836,15.350000381469727,15.260000228881836,15.319999694824219,30165,0.0,0.0
2024-03-20 10:30:00-04:00,15.3100004196167,15.319999694824219,15.283300399780273,15.289999961853027,7521,0.0,0.0
2024-03-20 11:30:00-04:00,15.289999961853027,15.300000190734863,15.279999732971191,15.289999961853027,19590,0.0,0.0
2024-03-20 12:30:00-04:00,15.28950023651123,15.300000190734863,15.25,15.279999732971191,18958,0.0,0.0
2024-03-20 13:30:00-04:00,15.279999732971191,15.319999694824219,15.25,15.3100004196167,38096,0.0,0.0
2024-03-20 14:30:00-04:00,15.300100326538086,15.34000015258789,15.295000076293945,15.3100004196167,36538,0.0,0.0
2024-03-20 15:30:00-04:00,15.3100004196167,15.329999923706055,15.289999961853027,15.300000190734863,27935,0.0,0.0
2024-03-21 09:30:00-04:00,15.3100004196167,15.339599609375,15.27560043334961,15.289999961853027,33985,0.0,0.0
2024-03-21 10:30:00-04:00,15.3100004196167,15.312000274658203,15.29740047454834,15.3100004196167,11678,0.0,0.0
2024-03-21 11:30:00-04:00,15.353699684143066,15.353699684143066,15.300000190734863,15.319899559020996,29007,0.0,0.0
2024-03-21 12:30:00-04:00,15.31980037689209,15.3572998046875,15.3100004196167,15.3572998046875,17177,0.0,0.0
2024-03-21 13:30:00-04:00,15.363200187683105,15.390000343322754,15.359999656677246,15.380000114440918,4143,0.0,0.0
2024-03-21 14:30:00-04:00,15.375,15.399999618530273,15.369999885559082,15.399999618530273,14833,0.0,0.0
2024-03-21 15:30:00-04:00,15.409199714660645,15.420000076293945,15.390000343322754,15.420000076293945,6663,0.0,0.0
2024-03-22 09:30:00-04:00,15.390000343322754,15.4399995803833,15.350000381469727,15.420000076293945,64509,0.0,0.0
2024-03-22 10:30:00-04:00,15.417200088500977,15.430000305175781,15.390000343322754,15.420000076293945,16914,0.0,0.0
2024-03-22 11:30:00-04:00,15.425000190734863,15.429400444030762,15.385000228881836,15.385000228881836,12321,0.0,0.0
2024-03-22 12:30:00-04:00,15.396599769592285,15.396599769592285,15.36299991607666,15.379500389099121,8976,0.0,0.0
2024-03-22 13:30:00-04:00,15.369999885559082,15.399700164794922,15.36139965057373,15.390000343322754,6099,0.0,0.0
2024-03-22 14:30:00-04:00,15.379899978637695,15.399999618530273,15.373200416564941,15.399999618530273,4364,0.0,0.0
2024-03-22 15:30:00-04:00,15.390000343322754,15.404999732971191,15.380000114440918,15.390000343322754,10605,0.0,0.0
2024-03-25 09:30:00-04:00,15.399999618530273,15.479999542236328,15.399999618530273,15.470000267028809,16181,0.0,0.0
2024-03-25 10:30:00-04:00,15.454999923706055,15.460000038146973,15.440099716186523,15.449999809265137,6891,0.0,0.0
2024-03-25 11:30:00-04:00,15.444999694824219,15.449999809265137,15.399999618530273,15.399999618530273,12178,0.0,0.0
2024-03-25 12:30:00-04:00,15.390000343322754,15.390000343322754,15.300000190734863,15.3100004196167,24369,0.0,0.0
2024-03-25 13:30:00-04:00,15.324999809265137,15.34000015258789,15.300000190734863,15.34000015258789,14182,0.0,0.0
2024-03-25 14:30:00-04:00,15.3302001953125,15.34000015258789,15.300000190734863,15.3100004196167,39293,0.0,0.0
2024-03-25 15:30:00-04:00,15.319999694824219,15.329999923706055,15.300000190734863,15.300000190734863,14970,0.0,0.0
2024-03-26 09:30:00-04:00,15.319999694824219,15.347999572753906,15.3100004196167,15.347999572753906,8096,0.0,0.0
2024-03-26 10:30:00-04:00,15.34000015258789,15.38070011138916,15.300000190734863,15.34000015258789,11556,0.0,0.0
2024-03-26 11:30:00-04:00,15.345000267028809,15.374300003051758,15.345000267028809,15.371299743652344,1791,0.0,0.0
2024-03-26 12:30:00-04:00,15.376500129699707,15.414999961853027,15.34000015258789,15.380000114440918,34598,0.0,0.0
2024-03-26 13:30:00-04:00,15.390000343322754,15.4399995803833,15.390000343322754,15.425000190734863,13413,0.0,0.0
2024-03-26 14:30:00-04:00,15.420000076293945,15.430000305175781,15.40999984741211,15.430000305175781,18230,0.0,0.0
2024-03-26 15:30:00-04:00,15.439000129699707,15.449999809265137,15.420000076293945,15.430000305175781,27198,0.0,0.0
2024-03-27 09:30:00-04:00,15.460000038146973,15.529999732971191,15.460000038146973,15.510000228881836,15577,0.0,0.0
2024-03-27 10:30:00-04:00,15.510000228881836,15.550000190734863,15.510000228881836,15.550000190734863,7316,0.0,0.0
2024-03-27 11:30:00-04:00,15.548999786376953,15.619999885559082,15.548999786376953,15.600000381469727,14676,0.0,0.0
2024-03-27 12:30:00-04:00,15.609999656677246,15.609999656677246,15.600099563598633,15.609999656677246,5666,0.0,0.0
2024-03-27 13:30:00-04:00,15.609999656677246,15.640000343322754,15.600000381469727,15.614999771118164,27797,0.0,0.0
2024-03-27 14:30:00-04:00,15.619999885559082,15.630000114440918,15.59000015258789,15.619400024414062,8969,0.0,0.0
2024-03-27 15:30:00-04:00,15.600000381469727,15.640000343322754,15.600000381469727,15.630000114440918,0,0.0,0.0
2024-03-28 09:30:00-04:00,15.640000343322754,15.6899995803833,15.629899978637695,15.65999984741211,8799,0.0,0.0
2024-03-28 10:30:00-04:00,15.6899995803833,15.800000190734863,15.6899995803833,15.800000190734863,17058,0.0,0.0
2024-03-28 11:30:00-04:00,15.800000190734863,15.84000015258789,15.78499984741211,15.819999694824219,57551,0.0,0.0
2024-03-28 12:30:00-04:00,15.84000015258789,15.869999885559082,15.8100004196167,15.8149995803833,59707,0.0,0.0
2024-03-28 13:30:00-04:00,15.800000190734863,15.819199562072754,15.739999771118164,15.759900093078613,9494,0.0,0.0
2024-03-28 14:30:00-04:00,15.758299827575684,15.819999694824219,15.742300033569336,15.770000457763672,34249,0.0,0.0
2024-03-28 15:30:00-04:00,15.774999618530273,15.774999618530273,15.729999542236328,15.739999771118164,20101,0.0,0.0
2024-04-01 09:30:00-04:00,15.770000457763672,15.890000343322754,15.710000038146973,15.824999809265137,55671,0.0,0.0
2024-04-01 10:30:00-04:00,15.824999809265137,15.850000381469727,15.8100004196167,15.84000015258789,18419,0.0,0.0
2024-04-01 11:30:00-04:00,15.835000038146973,15.835000038146973,15.779999732971191,15.800000190734863,44290,0.0,0.0
2024-04-01 12:30:00-04:00,15.800000190734863,15.84000015258789,15.789999961853027,15.824999809265137,14540,0.0,0.0
2024-04-01 13:30:00-04:00,15.829999923706055,15.829999923706055,15.779999732971191,15.789999961853027,13112,0.0,0.0
2024-04-01 14:30:00-04:00,15.800000190734863,15.800000190734863,15.739999771118164,15.739999771118164,22302,0.0,0.0
2024-04-01 15:30:00-04:00,15.740099906921387,15.75,15.720000267028809,15.75,8443,0.0,0.0
2024-04-02 09:30:00-04:00,15.710000038146973,15.850000381469727,15.609999656677246,15.779999732971191,52295,0.0,0.0
2024-04-02 10:30:00-04:00,15.779999732971191,15.779999732971191,15.770000457763672,15.776300430297852,19729,0.0,0.0
2024-04-02 11:30:00-04:00,15.779999732971191,15.829999923706055,15.770000457763672,15.829999923706055,19223,0.0,0.0
2024-04-02 12:30:00-04:00,15.84000015258789,15.859999656677246,15.779999732971191,15.850000381469727,19559,0.0,0.0
2024-04-02 13:30:00-04:00,15.829999923706055,15.859999656677246,15.819999694824219,15.82919979095459,12603,0.0,0.0
2024-04-02 14:30:00-04:00,15.847200393676758,15.869999885559082,15.829999923706055,15.850000381469727,21095,0.0,0.0
2024-04-02 15:30:00-04:00,15.859999656677246,15.920000076293945,15.850000381469727,15.899999618530273,10639,0.0,0.0
2024-04-03 09:30:00-04:00,15.869999885559082,15.970000267028809,15.859999656677246,15.949999809265137,23608,0.0,0.0
2024-04-03 10:30:00-04:00,15.930000305175781,16.0,15.923199653625488,15.949700355529785,50170,0.0,0.0
2024-04-03 11:30:00-04:00,15.949999809265137,15.960000038146973,15.920100212097168,15.949999809265137,21257,0.0,0.0
2024-04-03 12:30:00-04:00,15.949999809265137,15.95989990234375,15.930000305175781,15.930000305175781,11139,0.0,0.0
2024-04-03 13:30:00-04:00,15.941800117492676,16.03499984741211,15.930000305175781,16.028400421142578,48267,0.0,0.0
2024-04-03 14:30:00-04:00,16.020000457763672,16.024999618530273,15.960000038146973,15.970000267028809,14618,0.0,0.0
2024-04-03 15:30:00-04:00,15.960000038146973,16.0,15.90999984741211,15.930000305175781,17509,0.0,0.0
2024-04-04 09:30:00-04:00,15.979999542236328,16.0,15.903800010681152,15.967100143432617,26728,0.0,0.0
2024-04-04 10:30:00-04:00,15.979999542236328,16.059999465942383,15.979999542236328,16.014999389648438,28295,0.0,0.0
2024-04-04 11:30:00-04:00,16.010000228881836,16.020000457763672,15.989999771118164,16.0,18854,0.0,0.0
2024-04-04 12:30:00-04:00,15.989999771118164,16.059999465942383,15.979999542236328,16.040300369262695,50618,0.0,0.0
2024-04-04 13:30:00-04:00,16.03499984741211,16.079999923706055,16.020000457763672,16.030099868774414,44877,0.0,0.0
2024-04-04 14:30:00-04:00,16.040000915527344,16.049999237060547,15.989999771118164,16.0,21711,0.0,0.0
2024-04-04 15:30:00-04:00,16.020000457763672,16.020000457763672,15.960100173950195,16.0,13167,0.0,0.0
2024-04-05 09:30:00-04:00,16.040000915527344,16.139999389648438,16.030000686645508,16.100000381469727,52372,0.0,0.0
2024-04-05 10:30:00-04:00,16.1299991607666,16.139999389648438,16.078500747680664,16.078500747680664,57466,0.0,0.0
2024-04-05 11:30:00-04:00,16.09000015258789,16.139999389648438,16.08139991760254,16.139999389648438,27828,0.0,0.0
2024-04-05 12:30:00-04:00,16.135000228881836,16.139999389648438,16.11669921875,16.135000228881836,24850,0.0,0.0
2024-04-05 13:30:00-04:00,16.139999389648438,16.149999618530273,16.084999084472656,16.100000381469727,14999,0.0,0.0
2024-04-05 14:30:00-04:00,16.100000381469727,16.149999618530273,16.09000015258789,16.145000457763672,14499,0.0,0.0
2024-04-05 15:30:00-04:00,16.145000457763672,16.170000076293945,16.1299991607666,16.15999984741211,52731,0.0,0.0
2024-04-08 09:30:00-04:00,16.139999389648438,16.170000076293945,16.0,16.139999389648438,30824,0.0,0.0
2024-04-08 10:30:00-04:00,16.1299991607666,16.200000762939453,16.1299991607666,16.165000915527344,42934,0.0,0.0
2024-04-08 11:30:00-04:00,16.170000076293945,16.200000762939453,16.170000076293945,16.184999465942383,17360,0.0,0.0
2024-04-08 12:30:00-04:00,16.184999465942383,16.299999237060547,16.184999465942383,16.280000686645508,47146,0.0,0.0
2024-04-08 13:30:00-04:00,16.270000457763672,16.290000915527344,16.200000762939453,16.239999771118164,21322,0.0,0.0
2024-04-08 14:30:00-04:00,16.219999313354492,16.239900588989258,16.15999984741211,16.200000762939453,28568,0.0,0.0
2024-04-08 15:30:00-04:00,16.190000534057617,16.239999771118164,16.190000534057617,16.239999771118164,5223,0.0,0.0
2024-04-09 09:30:00-04:00,16.25,16.290000915527344,16.09000015258789,16.110000610351562,0,0.0,0.0
2024-04-09 10:30:00-04:00,16.110000610351562,16.190000534057617,16.09000015258789,16.1299991607666,16167,0.0,0.0
2024-04-09 11:30:00-04:00,16.18000030517578,16.200000762939453,16.110000610351562,16.149999618530273,14601,0.0,0.0
2024-04-09 12:30:00-04:00,16.145700454711914,16.200000762939453,16.030000686645508,16.030000686645508,32504,0.0,0.0
2024-04-09 13:30:00-04:00,16.030000686645508,16.100000381469727,16.030000686645508,16.079999923706055,17438,0.0,0.0
2024-04-09 14:30:00-04:00,16.092100143432617,16.102699279785156,16.010000228881836,16.010000228881836,20920,0.0,0.0
2024-04-09 15:30:00-04:00,16.020000457763672,16.039899826049805,16.010000228881836,16.020000457763672,22902,0.0,0.0
2024-04-10 09:30:00-04:00,15.779999732971191,15.789999961853027,15.649999618530273,15.690799713134766,69614,0.0,0.0
2024-04-10 10:30:00-04:00,15.699999809265137,15.770000457763672,15.649999618530273,15.729999542236328,28601,0.0,0.0
2024-04-10 11:30:00-04:00,15.736000061035156,15.739999771118164,15.680000305175781,15.680000305175781,12772,0.0,0.0
2024-04-10 12:30:00-04:00,15.680000305175781,15.720000267028809,15.609999656677246,15.680000305175781,21888,0.0,0.0
2024-04-10 13:30:00-04:00,15.65999984741211,15.6899995803833,15.529999732971191,15.569999694824219,50544,0.0,0.0
2024-04-10 14:30:00-04:00,15.550000190734863,15.680000305175781,15.54990005493164,15.65999984741211,41366,0.0,0.0
2024-04-10 15:30:00-04:00,15.660200119018555,15.729999542236328,15.65999984741211,15.729999542236328,19906,0.0,0.0
2024-04-11 09:30:00-04:00,15.770000457763672,15.78499984741211,15.449999809265137,15.454999923706055,0,0.0,0.0
2024-04-11 10:30:00-04:00,15.460000038146973,15.529999732971191,15.380000114440918,15.390000343322754,61351,0.0,0.0
2024-04-11 11:30:00-04:00,15.385000228881836,15.470000267028809,15.380000114440918,15.460000038146973,13235,0.0,0.0
2024-04-11 12:30:00-04:00,15.4399995803833,15.489999771118164,15.430000305175781,15.449999809265137,26837,0.0,0.0
2024-04-11 13:30:00-04:00,15.430000305175781,15.479999542236328,15.420000076293945,15.479999542236328,30497,0.0,0.0
2024-04-11 14:30:00-04:00,15.479999542236328,15.510000228881836,15.430000305175781,15.449999809265137,25484,0.0,0.0
2024-04-11 15:30:00-04:00,15.46500015258789,15.489999771118164,15.420000076293945,15.449999809265137,0,0.0,0.0
2024-04-12 09:30:00-04:00,15.350000381469727,15.40999984741211,15.3100004196167,15.34000015258789,70044,0.0,0.0
2024-04-12 10:30:00-04:00,15.359999656677246,15.369999885559082,15.319999694824219,15.369999885559082,13963,0.0,0.0
2024-04-12 11:30:00-04:00,15.364999771118164,15.380000114440918,15.329999923706055,15.341500282287598,18940,0.0,0.0
2024-04-12 12:30:00-04:00,15.329999923706055,15.359999656677246,15.300000190734863,15.300000190734863,22557,0.0,0.0
2024-04-12 13:30:00-04:00,15.279999732971191,15.319999694824219,15.220000267028809,15.26990032196045,37866,0.0,0.0
2024-04-12 14:30:00-04:00,15.239999771118164,15.270000457763672,15.164999961853027,15.174799919128418,29011,0.0,0.0
2024-04-12 15:30:00-04:00,15.170000076293945,15.180000305175781,15.149999618530273,15.15999984741211,24916,0.0,0.0
2024-04-15 09:30:00-04:00,15.15999984741211,15.259900093078613,14.998000144958496,15.009900093078613,63990,0.0,0.0
2024-04-15 10:30:00-04:00,14.979999542236328,14.98009967803955,14.75,14.8100004196167,96712,0.0,0.0
2024-04-15 11:30:00-04:00,14.8100004196167,14.890000343322754,14.800000190734863,14.800000190734863,34977,0.0,0.0
2024-04-15 12:30:00-04:00,14.800000190734863,14.800000190734863,14.699999809265137,14.720000267028809,37267,0.0,0.0
2024-04-15 13:30:00-04:00,14.699999809265137,14.789999961853027,14.670000076293945,14.76669979095459,53146,0.0,0.0
2024-04-15 14:30:00-04:00,14.755000114440918,14.8100004196167,14.720000267028809,14.720000267028809,23819,0.0,0.0
2024-04-15 15:30:00-04:00,14.725000381469727,14.765000343322754,14.71500015258789,14.75,23261,0.0,0.0
2024-04-16 09:30:00-04:00,14.699999809265137,14.819999694824219,14.609999656677246,14.78499984741211,78562,0.0,0.0
2024-04-16 10:30:00-04:00,14.774999618530273,14.800000190734863,14.680000305175781,14.770000457763672,19176,0.0,0.0
2024-04-16 11:30:00-04:00,14.770000457763672,14.8100004196167,14.729999542236328,14.739999771118164,32325,0.0,0.0
2024-04-16 12:30:00-04:00,14.75,14.789999961853027,14.729999542236328,14.774999618530273,24326,0.0,0.0
2024-04-16 13:30:00-04:00,14.774999618530273,14.84000015258789,14.770000457763672,14.825699806213379,28491,0.0,0.0
2024-04-16 14:30:00-04:00,14.8100004196167,14.84000015258789,14.789999961853027,14.8100004196167,21595,0.0,0.0
2024-04-16 15:30:00-04:00,14.8100004196167,14.8100004196167,14.78499984741211,14.789999961853027,20600,0.0,0.0
2024-04-17 09:30:00-04:00,14.979999542236328,14.980999946594238,14.880000114440918,14.914999961853027,40265,0.0,0.0
2024-04-17 10:30:00-04:00,14.900099754333496,14.920000076293945,14.869999885559082,14.880000114440918,18780,0.0,0.0
2024-04-17 11:30:00-04:00,14.880000114440918,14.880000114440918,14.649999618530273,14.689800262451172,70982,0.0,0.0
2024-04-17 12:30:00-04:00,14.65999984741211,14.685799598693848,14.550000190734863,14.664999961853027,79126,0.0,0.0
2024-04-17 13:30:00-04:00,14.687600135803223,14.770000457763672,14.687600135803223,14.770000457763672,21892,0.0,0.0
2024-04-17 14:30:00-04:00,14.760000228881836,14.770000457763672,14.699999809265137,14.725000381469727,32127,0.0,0.0
2024-04-17 15:30:00-04:00,14.720000267028809,14.800000190734863,14.720000267028809,14.779999732971191,48554,0.0,0.0
2024-04-18 09:30:00-04:00,14.779999732971191,14.823699951171875,14.760000228881836,14.760000228881836,0,0.0,0.0
2024-04-18 10:30:00-04:00,14.79170036315918,14.81879997253418,14.750100135803223,14.8100004196167,44615,0.0,0.0
2024-04-18 11:30:00-04:00,14.800000190734863,14.805000305175781,14.640000343322754,14.689800262451172,90858,0.0,0.0
2024-04-18 12:30:00-04:00,14.720000267028809,14.760000228881836,14.649999618530273,14.660099983215332,51245,0.0,0.0
2024-04-18 13:30:00-04:00,14.700900077819824,14.710000038146973,14.670000076293945,14.6850004196167,4782,0.0,0.0
2024-04-18 14:30:00-04:00,14.680899620056152,14.720000267028809,14.680000305175781,14.706299781799316,6739,0.0,0.0
2024-04-18 15:30:00-04:00,14.720000267028809,14.789999961853027,14.708700180053711,14.779000282287598,31214,0.0,0.0
2024-04-19 09:30:00-04:00,14.699999809265137,14.850000381469727,14.699999809265137,14.770000457763672,50547,0.0,0.0
2024-04-19 10:30:00-04:00,14.770000457763672,14.789999961853027,14.75,14.760000228881836,18117,0.0,0.0
2024-04-19 11:30:00-04:00,14.770000457763672,14.787199974060059,14.75,14.760000228881836,27518,0.0,0.0
2024-04-19 12:30:00-04:00,14.760000228881836,14.789899826049805,14.75,14.760000228881836,9924,0.0,0.0
2024-04-19 13:30:00-04:00,14.760000228881836,14.819899559020996,14.760000228881836,14.779999732971191,20951,0.0,0.0
2024-04-19 14:30:00-04:00,14.779999732971191,14.8100004196167,14.779999732971191,14.8100004196167,17000,0.0,0.0
2024-04-19 15:30:00-04:00,14.796299934387207,14.819999694824219,14.779999732971191,14.819999694824219,10536,0.0,0.0
2024-04-22 09:30:00-04:00,14.899999618530273,14.930000305175781,14.829999923706055,14.920000076293945,46394,0.0,0.0
2024-04-22 10:30:00-04:00,14.90999984741211,14.914999961853027,14.850000381469727,14.869999885559082,15285,0.0,0.0
2024-04-22 11:30:00-04:00,14.859999656677246,14.90999984741211,14.859999656677246,14.90999984741211,43975,0.0,0.0
2024-04-22 12:30:00-04:00,14.920000076293945,14.979999542236328,14.920000076293945,14.970000267028809,22075,0.0,0.0
2024-04-22 13:30:00-04:00,14.949999809265137,15.020000457763672,14.949999809265137,15.020000457763672,31825,0.0,0.0
2024-04-22 14:30:00-04:00,15.029999732971191,15.0600004196167,15.020000457763672,15.047300338745117,20178,0.0,0.0
2024-04-22 15:30:00-04:00,15.050000190734863,15.09000015258789,15.039999961853027,15.069999694824219,25887,0.0,0.0
2024-04-23 09:30:00-04:00,15.09000015258789,15.25,15.079999923706055,15.1850004196167,43767,0.0,0.0
2024-04-23 10:30:00-04:00,15.199899673461914,15.3100004196167,15.194999694824219,15.239899635314941,48085,0.0,0.0
2024-04-23 11:30:00-04:00,15.229999542236328,15.489999771118164,15.225000381469727,15.399999618530273,35886,0.0,0.0
2024-04-23 12:30:00-04:00,15.390000343322754,15.470000267028809,15.390000343322754,15.470000267028809,19024,0.0,0.0
2024-04-23 13:30:00-04:00,15.460000038146973,15.460000038146973,15.40999984741211,15.4399995803833,14340,0.0,0.0
2024-04-23 14:30:00-04:00,15.430000305175781,15.432000160217285,15.34000015258789,15.399999618530273,25343,0.0,0.0
2024-04-23 15:30:00-04:00,15.40999984741211,15.430000305175781,15.350000381469727,15.399999618530273,31858,0.0,0.0
2024-04-24 09:30:00-04:00,15.399999618530273,15.449999809265137,15.326600074768066,15.389900207519531,0,0.0,0.0
2024-04-24 10:30:00-04:00,15.380000114440918,15.399999618530273,15.210000038146973,15.260899543762207,13839,0.0,0.0
2024-04-24 11:30:00-04:00,15.246399879455566,15.279999732971191,15.213299751281738,15.25,18490,0.0,0.0
2024-04-24 12:30:00-04:00,15.25,15.319999694824219,15.25,15.3100004196167,10810,0.0,0.0
2024-04-24 13:30:00-04:00,15.336600303649902,15.380000114440918,15.300000190734863,15.3100004196167,16172,0.0,0.0
2024-04-24 14:30:00-04:00,15.362500190734863,15.362500190734863,15.25,15.27929973602295,7320,0.0,0.0
2024-04-24 15:30:00-04:00,15.260000228881836,15.300000190734863,15.260000228881836,15.270000457763672,5776,0.0,0.0
2024-04-25 09:30:00-04:00,15.199999809265137,15.214099884033203,15.119999885559082,15.214099884033203,27087,0.0,0.0
2024-04-25 10:30:00-04:00,15.210000038146973,15.220000267028809,15.15999984741211,15.220000267028809,10951,0.0,0.0
2024-04-25 11:30:00-04:00,15.213500022888184,15.220000267028809,15.199999809265137,15.199999809265137,9907,0.0,0.0
2024-04-25 12:30:00-04:00,15.207599639892578,15.259599685668945,15.1899995803833,15.227700233459473,18592,0.0,0.0
2024-04-25 13:30:00-04:00,15.232000350952148,15.260000228881836,15.229999542236328,15.229999542236328,11124,0.0,0.0
2024-04-25 14:30:00-04:00,15.220000267028809,15.220000267028809,15.199999809265137,15.220000267028809,5444,0.0,0.0
2024-04-25 15:30:00-04:00,15.229999542236328,15.248299598693848,15.210000038146973,15.210000038146973,12069,0.0,0.0
2024-04-26 09:30:00-04:00,15.279999732971191,15.369999885559082,15.240099906921387,15.369999885559082,18706,0.0,0.0
2024-04-26 10:30:00-04:00,15.350000381469727,15.369999885559082,15.340299606323242,15.350000381469727,0,0.0,0.0
2024-04-26 11:30:00-04:00,15.347999572753906,15.390000343322754,15.3100004196167,15.390000343322754,35812,0.0,0.0
2024-04-26 12:30:00-04:00,15.379899978637695,15.379899978637695,15.33430004119873,15.34000015258789,9423,0.0,0.0
2024-04-26 13:30:00-04:00,15.320099830627441,15.367799758911133,15.320099830627441,15.344200134277344,5532,0.0,0.0
2024-04-26 14:30:00-04:00,15.34000015258789,15.356599807739258,15.319999694824219,15.329999923706055,11234,0.0,0.0
2024-04-26 15:30:00-04:00,15.321000099182129,15.34000015258789,15.302000045776367,15.3149995803833,11462,0.0,0.0
2024-04-29 09:30:00-04:00,15.40999984741211,15.5649995803833,15.40999984741211,15.5600004196167,43589,0.0,0.0
2024-04-29 10:30:00-04:00,15.550000190734863,15.59000015258789,15.510100364685059,15.539999961853027,34117,0.0,0.0
2024-04-29 11:30:00-04:00,15.540900230407715,15.569999694824219,15.520000457763672,15.5600004196167,24775,0.0,0.0
2024-04-29 12:30:00-04:00,15.5246000289917,15.569999694824219,15.520099639892578,15.558500289916992,11573,0.0,0.0
2024-04-29 13:30:00-04:00,15.557999610900879,15.579999923706055,15.529999732971191,15.539999961853027,24510,0.0,0.0
2024-04-29 14:30:00-04:00,15.545000076293945,15.569999694824219,15.532600402832031,15.562600135803223,18998,0.0,0.0
2024-04-29 15:30:00-04:00,15.557100296020508,15.5600004196167,15.520000457763672,15.539999961853027,13677,0.0,0.0
2024-04-30 09:30:00-04:00,15.550000190734863,15.600000381469727,15.529999732971191,15.600000381469727,12481,0.0,0.0
2024-04-30 10:30:00-04:00,15.619999885559082,15.619999885559082,15.5649995803833,15.59000015258789,32538,0.0,0.0
2024-04-30 11:30:00-04:00,15.59000015258789,15.59000015258789,15.55090045928955,15.59000015258789,5214,0.0,0.0
2024-04-30 12:30:00-04:00,15.579999923706055,15.59000015258789,15.530099868774414,15.59000015258789,25910,0.0,0.0
2024-04-30 13:30:00-04:00,15.579999923706055,15.59000015258789,15.529999732971191,15.5600004196167,7210,0.0,0.0
2024-04-30 14:30:00-04:00,15.532999992370605,15.54990005493164,15.449999809265137,15.482799530029297,21211,0.0,0.0
2024-04-30 15:30:00-04:00,15.460100173950195,15.550000190734863,15.460100173950195,15.489999771118164,19071,0.0,0.0
2024-05-01 09:30:00-04:00,15.609999656677246,15.678899765014648,15.533900260925293,15.65719985961914,44697,0.0,0.0
2024-05-01 10:30:00-04:00,15.624799728393555,15.65999984741211,15.59000015258789,15.630000114440918,25070,0.0,0.0
2024-05-01 11:30:00-04:00,15.630000114440918,15.678899765014648,15.630000114440918,15.664999961853027,20694,0.0,0.0
2024-05-01 12:30:00-04:00,15.680000305175781,15.724499702453613,15.654999732971191,15.699999809265137,24240,0.0,0.0
2024-05-01 13:30:00-04:00,15.680000305175781,15.699899673461914,15.609999656677246,15.649999618530273,12661,0.0,0.0
2024-05-01 14:30:00-04:00,15.670000076293945,15.727800369262695,15.635000228881836,15.710000038146973,19448,0.0,0.0
2024-05-01 15:30:00-04:00,15.6899995803833,15.699999809265137,15.660099983215332,15.699999809265137,17044,0.0,0.0
2024-05-02 09:30:00-04:00,15.800000190734863,15.84000015258789,15.729999542236328,15.79990005493164,33949,0.0,0.0
2024-05-02 10:30:00-04:00,15.79800033569336,15.899999618530273,15.789999961853027,15.850000381469727,21875,0.0,0.0
2024-05-02 11:30:00-04:00,15.84000015258789,15.869999885559082,15.84000015258789,15.850000381469727,6848,0.0,0.0
2024-05-02 12:30:00-04:00,15.829999923706055,15.920000076293945,15.800000190734863,15.859999656677246,16575,0.0,0.0
2024-05-02 13:30:00-04:00,15.850000381469727,15.880000114440918,15.84000015258789,15.880000114440918,12252,0.0,0.0
2024-05-02 14:30:00-04:00,15.899999618530273,16.0,15.880000114440918,15.96500015258789,35404,0.0,0.0
2024-05-02 15:30:00-04:00,15.979999542236328,16.030000686645508,15.979999542236328,16.020000457763672,24323,0.0,0.0
2024-05-03 09:30:00-04:00,16.079999923706055,16.09000015258789,15.984999656677246,16.062000274658203,48943,0.0,0.0
2024-05-03 10:30:00-04:00,16.06999969482422,16.149999618530273,16.049999237060547,16.1299991607666,31847,0.0,0.0
2024-05-03 11:30:00-04:00,16.1299991607666,16.189899444580078,16.120100021362305,16.170000076293945,21428,0.0,0.0
2024-05-03 12:30:00-04:00,16.190000534057617,16.190000534057617,16.1200008392334,16.1299991607666,17498,0.0,0.0
2024-05-03 13:30:00-04:00,16.135000228881836,16.170000076293945,16.1200008392334,16.1200008392334,24206,0.0,0.0
2024-05-03 14:30:00-04:00,16.1200008392334,16.1200008392334,16.070100784301758,16.079999923706055,11750,0.0,0.0
2024-05-03 15:30:00-04:00,16.09000015258789,16.18000030517578,16.06999969482422,16.18000030517578,23088,0.0,0.0
2024-05-06 09:30:00-04:00,16.200000762939453,16.200000762939453,16.110000610351562,16.15999984741211,0,0.0,0.0
2024-05-06 10:30:00-04:00,16.15570068359375,16.18000030517578,16.1200008392334,16.1299991607666,19503,0.0,0.0
2024-05-06 11:30:00-04:00,16.1299991607666,16.149799346923828,16.050100326538086,16.095800399780273,9620,0.0,0.0
2024-05-06 12:30:00-04:00,16.06999969482422,16.096900939941406,16.010000228881836,16.01930046081543,11949,0.0,0.0
2024-05-06 13:30:00-04:00,16.045000076293945,16.09000015258789,15.920000076293945,15.930000305175781,26730,0.0,0.0
2024-05-06 14:30:00-04:00,15.930000305175781,16.049999237060547,15.930000305175781,15.949999809265137,17563,0.0,0.0
2024-05-06 15:30:00-04:00,15.9399995803833,16.0,15.920000076293945,16.0,9572,0.0,0.0
2024-05-07 09:30:00-04:00,15.949999809265137,16.100000381469727,15.920000076293945,16.010000228881836,21867,0.0,0.0
2024-05-07 10:30:00-04:00,16.059999465942383,16.059999465942383,15.860099792480469,15.90999984741211,27351,0.0,0.0
2024-05-07 11:30:00-04:00,15.920000076293945,15.986000061035156,15.90999984741211,15.979999542236328,3599,0.0,0.0
2024-05-07 12:30:00-04:00,15.979999542236328,15.979999542236328,15.880000114440918,15.899999618530273,12469,0.0,0.0
2024-05-07 13:30:00-04:00,15.880000114440918,15.885000228881836,15.8100004196167,15.850000381469727,11722,0.0,0.0
2024-05-07 14:30:00-04:00,15.829999923706055,15.859999656677246,15.8100004196167,15.829999923706055,19515,0.0,0.0
2024-05-07 15:30:00-04:00,15.828300476074219,15.850000381469727,15.8100004196167,15.829999923706055,7322,0.0,0.0
2024-05-08 09:30:00-04:00,15.800000190734863,15.899999618530273,15.732000350952148,15.789999961853027,21707,0.0,0.0
2024-05-08 10:30:00-04:00,15.800299644470215,15.829700469970703,15.762700080871582,15.800000190734863,9698,0.0,0.0
2024-05-08 11:30:00-04:00,15.819999694824219,15.829999923706055,15.750100135803223,15.750100135803223,15640,0.0,0.0
2024-05-08 12:30:00-04:00,15.753999710083008,15.789999961853027,15.739999771118164,15.75,13776,0.0,0.0
2024-05-08 13:30:00-04:00,15.758000373840332,15.789999961853027,15.75,15.763999938964844,12512,0.0,0.0
2024-05-08 14:30:00-04:00,15.760000228881836,15.770000457763672,15.73009967803955,15.75,40326,0.0,0.0
2024-05-08 15:30:00-04:00,15.755000114440918,15.770000457763672,15.75,15.75,8068,0.0,0.0
2024-05-09 09:30:00-04:00,15.729999542236328,15.819999694824219,15.720000267028809,15.75,18744,0.0,0.0
2024-05-09 10:30:00-04:00,15.764300346374512,15.78950023651123,15.710100173950195,15.710100173950195,12025,0.0,0.0
2024-05-09 11:30:00-04:00,15.710000038146973,15.710000038146973,15.600000381469727,15.649999618530273,43152,0.0,0.0
2024-05-09 12:30:00-04:00,15.670000076293945,15.70460033416748,15.649999618530273,15.676300048828125,8892,0.0,0.0
2024-05-09 13:30:00-04:00,15.680000305175781,15.693599700927734,15.65999984741211,15.680000305175781,1940,0.0,0.0
2024-05-09 14:30:00-04:00,15.666099548339844,15.739899635314941,15.649999618530273,15.720000267028809,38332,0.0,0.0
2024-05-09 15:30:00-04:00,15.720000267028809,15.729999542236328,15.699999809265137,15.710000038146973,0,0.0,0.0
2024-05-10 09:30:00-04:00,15.520000457763672,15.600000381469727,15.460100173950195,15.579999923706055,20926,0.0,0.0
2024-05-10 10:30:00-04:00,15.579999923706055,15.579999923706055,15.529999732971191,15.539999961853027,18166,0.0,0.0
2024-05-10 11:30:00-04:00,15.556400299072266,15.59000015258789,15.539999961853027,15.59000015258789,25611,0.0,0.0
2024-05-10 12:30:00-04:00,15.606300354003906,15.606300354003906,15.585000038146973,15.58899974822998,3119,0.0,0.0
2024-05-10 13:30:00-04:00,15.609000205993652,15.628999710083008,15.609000205993652,15.617300033569336,8118,0.0,0.0
2024-05-10 14:30:00-04:00,15.619999885559082,15.65999984741211,15.609999656677246,15.659899711608887,8236,0.0,0.0
2024-05-10 15:30:00-04:00,15.659799575805664,15.779999732971191,15.654600143432617,15.710000038146973,16324,0.0,0.0
2024-05-13 09:30:00-04:00,15.729999542236328,15.779999732971191,15.607799530029297,15.7298002243042,31990,0.0,0.0
2024-05-13 10:30:00-04:00,15.720000267028809,15.75,15.653800010681152,15.693499565124512,39754,0.0,0.0
2024-05-13 11:30:00-04:00,15.699999809265137,15.78499984741211,15.699999809265137,15.78499984741211,19320,0.0,0.0
2024-05-13 12:30:00-04:00,15.76200008392334,15.8100004196167,15.729999542236328,15.789199829101562,15096,0.0,0.0
2024-05-13 13:30:00-04:00,15.8100004196167,15.859999656677246,15.800000190734863,15.839900016784668,14560,0.0,0.0
2024-05-13 14:30:00-04:00,15.83899974822998,15.84000015258789,15.779999732971191,15.829999923706055,37674,0.0,0.0
2024-05-13 15:30:00-04:00,15.819999694824219,15.819999694824219,15.699999809265137,15.789999961853027,31921,0.0,0.0
2024-05-14 09:30:00-04:00,15.5600004196167,15.70989990234375,15.5600004196167,15.600000381469727,49978,0.0,0.0
2024-05-14 10:30:00-04:00,15.630000114440918,15.640000343322754,15.579999923706055,15.590100288391113,15273,0.0,0.0
2024-05-14 11:30:00-04:00,15.604999542236328,15.619999885559082,15.569999694824219,15.61989974975586,12967,0.0,0.0
2024-05-14 12:30:00-04:00,15.581000328063965,15.640000343322754,15.579999923706055,15.640000343322754,2398,0.0,0.0
2024-05-14 13:30:00-04:00,15.640000343322754,15.680000305175781,15.630000114440918,15.65999984741211,21300,0.0,0.0
2024-05-14 14:30:00-04:00,15.649999618530273,15.654399871826172,15.630000114440918,15.640000343322754,18148,0.0,0.0
2024-05-14 15:30:00-04:00,15.640000343322754,15.710000038146973,15.619999885559082,15.675000190734863,36055,0.0,0.0
2024-05-15 09:30:00-04:00,15.670000076293945,15.770000457763672,15.670000076293945,15.710200309753418,19913,0.0,0.0
2024-05-15 10:30:00-04:00,15.700400352478027,15.788999557495117,15.700400352478027,15.75,5313,0.0,0.0
2024-05-15 11:30:00-04:00,15.749899864196777,15.760000228881836,15.680000305175781,15.760000228881836,16608,0.0,0.0
2024-05-15 12:30:00-04:00,15.770000457763672,15.789999961853027,15.739999771118164,15.779999732971191,8428,0.0,0.0
2024-05-15 13:30:00-04:00,15.757200241088867,15.819999694824219,15.757200241088867,15.819999694824219,6107,0.0,0.0
2024-05-15 14:30:00-04:00,15.8149995803833,15.819899559020996,15.770000457763672,15.785900115966797,12157,0.0,0.0
2024-05-15 15:30:00-04:00,15.787099838256836,15.800000190734863,15.760000228881836,15.800000190734863,5196,0.0,0.0
2024-05-16 09:30:00-04:00,15.850000381469727,15.850000381469727,15.79010009765625,15.829500198364258,20624,0.0,0.0
2024-05-16 10:30:00-04:00,15.8149995803833,15.84000015258789,15.800000190734863,15.8326997756958,7168,0.0,0.0
2024-05-16 11:30:00-04:00,15.83549976348877,15.84000015258789,15.789999961853027,15.819999694824219,28335,0.0,0.0
2024-05-16 12:30:00-04:00,15.819999694824219,15.85990047454834,15.8100004196167,15.837200164794922,14046,0.0,0.0
2024-05-16 13:30:00-04:00,15.819999694824219,15.920000076293945,15.75,15.880000114440918,58492,0.0,0.0
2024-05-16 14:30:00-04:00,15.850000381469727,15.850000381469727,15.829999923706055,15.829999923706055,9321,0.0,0.0
2024-05-16 15:30:00-04:00,15.830100059509277,15.890000343322754,15.829999923706055,15.875,18723,0.0,0.0
2024-05-17 09:30:00-04:00,15.829999923706055,15.878899574279785,15.829999923706055,15.878899574279785,0,0.0,0.0
2024-05-17 10:30:00-04:00,15.885000228881836,15.944999694824219,15.880000114440918,15.880000114440918,9727,0.0,0.0
2024-05-17 11:30:00-04:00,15.880900382995605,15.92300033569336,15.859999656677246,15.859999656677246,4845,0.0,0.0
2024-05-17 12:30:00-04:00,15.86929988861084,15.90999984741211,15.859999656677246,15.869999885559082,7211,0.0,0.0
2024-05-17 13:30:00-04:00,15.869999885559082,15.871899604797363,15.850000381469727,15.8641996383667,4116,0.0,0.0
2024-05-17 14:30:00-04:00,15.850000381469727,15.909899711608887,15.850000381469727,15.880000114440918,6207,0.0,0.0
2024-05-17 15:30:00-04:00,15.890000343322754,15.90999984741211,15.880000114440918,15.880000114440918,6603,0.0,0.0
2024-05-20 09:30:00-04:00,15.930000305175781,15.930000305175781,15.850000381469727,15.864700317382812,11208,0.0,0.0
2024-05-20 10:30:00-04:00,15.864999771118164,15.875200271606445,15.829999923706055,15.85420036315918,26162,0.0,0.0
2024-05-20 11:30:00-04:00,15.856100082397461,15.86989974975586,15.84000015258789,15.854999542236328,10413,0.0,0.0
2024-05-20 12:30:00-04:00,15.840999603271484,15.869999885559082,15.840200424194336,15.869999885559082,5484,0.0,0.0
2024-05-20 13:30:00-04:00,15.85099983215332,15.86989974975586,15.829999923706055,15.829999923706055,34496,0.0,0.0
2024-05-20 14:30:00-04:00,15.84000015258789,15.979999542236328,15.84000015258789,15.885000228881836,109203,0.0,0.0
2024-05-20 15:30:00-04:00,15.890000343322754,15.9399995803833,15.890000343322754,15.920000076293945,0,0.0,0.0
2024-05-21 09:30:00-04:00,15.899999618530273,15.999899864196777,15.899999618530273,15.999899864196777,10708,0.0,0.0
2024-05-21 10:30:00-04:00,15.999899864196777,16.020000457763672,15.960000038146973,15.979999542236328,26884,0.0,0.0
2024-05-21 11:30:00-04:00,15.989999771118164,16.010000228881836,15.9399995803833,15.979999542236328,24249,0.0,0.0
2024-05-21 12:30:00-04:00,15.979999542236328,16.0,15.960000038146973,15.960000038146973,13795,0.0,0.0
2024-05-21 13:30:00-04:00,15.970000267028809,15.989899635314941,15.9399995803833,15.989899635314941,7661,0.0,0.0
2024-05-21 14:30:00-04:00,15.987000465393066,16.030000686645508,15.970000267028809,16.014999389648438,8877,0.0,0.0
2024-05-21 15:30:00-04:00,16.020000457763672,16.040000915527344,15.989999771118164,16.040000915527344,8879,0.0,0.0
2024-05-22 09:30:00-04:00,15.979999542236328,16.165000915527344,15.979999542236328,16.05929946899414,28808,0.0,0.0
2024-05-22 10:30:00-04:00,16.061100006103516,16.110000610351562,16.059999465942383,16.066699981689453,14663,0.0,0.0
2024-05-22 11:30:00-04:00,16.056699752807617,16.099700927734375,16.040000915527344,16.099700927734375,11486,0.0,0.0
2024-05-22 12:30:00-04:00,16.110000610351562,16.139999389648438,16.110000610351562,16.1200008392334,12857,0.0,0.0
2024-05-22 13:30:00-04:00,16.1200008392334,16.139999389648438,16.084400177001953,16.11370086669922,12493,0.0,0.0
2024-05-22 14:30:00-04:00,16.11280059814453,16.122800827026367,16.049999237060547,16.08169937133789,10403,0.0,0.0
2024-05-22 15:30:00-04:00,16.07349967956543,16.149999618530273,16.070100784301758,16.149999618530273,16451,0.0,0.0
2024-05-23 09:30:00-04:00,16.149999618530273,16.149999618530273,16.059999465942383,16.124099731445312,0,0.0,0.0
2024-05-23 10:30:00-04:00,16.100000381469727,16.124099731445312,16.060100555419922,16.11989974975586,16480,0.0,0.0
2024-05-23 11:30:00-04:00,16.094999313354492,16.100000381469727,16.049999237060547,16.100000381469727,13955,0.0,0.0
2024-05-23 12:30:00-04:00,16.075000762939453,16.100000381469727,16.049999237060547,16.049999237060547,7524,0.0,0.0
2024-05-23 13:30:00-04:00,16.084999084472656,16.100000381469727,15.960000038146973,15.984999656677246,25444,0.0,0.0
2024-05-23 14:30:00-04:00,15.949999809265137,15.989999771118164,15.829999923706055,15.829999923706055,19151,0.0,0.0
2024-05-23 15:30:00-04:00,15.840100288391113,15.924599647521973,15.819999694824219,15.869999885559082,25464,0.0,0.0
2024-05-24 09:30:00-04:00,15.920000076293945,15.990599632263184,15.920000076293945,15.98799991607666,4852,0.0,0.0
2024-05-24 10:30:00-04:00,15.9399995803833,15.970000267028809,15.920000076293945,15.920000076293945,7355,0.0,0.0
2024-05-24 11:30:00-04:00,15.970000267028809,15.970000267028809,15.944999694824219,15.970000267028809,3446,0.0,0.0
2024-05-24 12:30:00-04:00,15.90999984741211,15.90999984741211,15.819999694824219,15.819999694824219,5422,0.0,0.0
2024-05-24 13:30:00-04:00,15.819999694824219,15.819999694824219,15.739999771118164,15.75,24883,0.0,0.0
2024-05-24 14:30:00-04:00,15.75,15.800000190734863,15.729999542236328,15.760000228881836,25269,0.0,0.0
2024-05-24 15:30:00-04:00,15.75,15.770000457763672,15.710000038146973,15.720000267028809,11151,0.0,0.0
2024-05-28 09:30:00-04:00,15.720000267028809,15.890000343322754,15.720000267028809,15.84000015258789,18986,0.0,0.0
2024-05-28 10:30:00-04:00,15.839900016784668,15.849900245666504,15.779999732971191,15.8100004196167,9801,0.0,0.0
2024-05-28 11:30:00-04:00,15.829999923706055,15.829999923706055,15.760000228881836,15.779999732971191,11771,0.0,0.0
2024-05-28 12:30:00-04:00,15.778900146484375,15.800000190734863,15.746399879455566,15.760000228881836,8629,0.0,0.0
2024-05-28 13:30:00-04:00,15.748000144958496,15.75,15.710000038146973,15.720000267028809,13991,0.0,0.0
2024-05-28 14:30:00-04:00,15.720000267028809,15.727999687194824,15.699999809265137,15.720000267028809,15825,0.0,0.0
2024-05-28 15:30:00-04:00,15.710000038146973,15.739999771118164,15.65999984741211,15.739999771118164,21596,0.0,0.0
2024-05-29 09:30:00-04:00,15.680000305175781,15.749500274658203,15.588000297546387,15.668399810791016,0,0.0,0.0
2024-05-29 10:30:00-04:00,15.680000305175781,15.6899995803833,15.649999618530273,15.670000076293945,13387,0.0,0.0
2024-05-29 11:30:00-04:00,15.65999984741211,15.65999984741211,15.609999656677246,15.619999885559082,4658,0.0,0.0
2024-05-29 12:30:00-04:00,15.619999885559082,15.670000076293945,15.619999885559082,15.649999618530273,14288,0.0,0.0
2024-05-29 13:30:00-04:00,15.670000076293945,15.670000076293945,15.600000381469727,15.640000343322754,37492,0.0,0.0
2024-05-29 14:30:00-04:00,15.619999885559082,15.619999885559082,15.59000015258789,15.59000015258789,19116,0.0,0.0
2024-05-29 15:30:00-04:00,15.600000381469727,15.630000114440918,15.520000457763672,15.600000381469727,25604,0.0,0.0
2024-05-30 09:30:00-04:00,15.619999885559082,15.757100105285645,15.420000076293945,15.4399995803833,0,0.0,0.0
2024-05-30 10:30:00-04:00,15.510000228881836,15.600000381469727,15.5,15.510000228881836,14511,0.0,0.0
2024-05-30 11:30:00-04:00,15.529999732971191,15.560799598693848,15.430000305175781,15.520099639892578,57862,0.0,0.0
2024-05-30 12:30:00-04:00,15.554900169372559,15.557100296020508,15.479999542236328,15.489999771118164,17685,0.0,0.0
2024-05-30 13:30:00-04:00,15.520000457763672,15.520000457763672,15.500100135803223,15.510000228881836,7406,0.0,0.0
2024-05-30 14:30:00-04:00,15.510000228881836,15.520000457763672,15.5,15.5,6655,0.0,0.0
2024-05-30 15:30:00-04:00,15.5,15.510000228881836,15.5,15.505000114440918,11654,0.0,0.0
2024-05-31 09:30:00-04:00,15.520000457763672,15.699999809265137,15.520000457763672,15.649999618530273,0,0.0,0.0
2024-05-31 10:30:00-04:00,15.649999618530273,15.720000267028809,15.640000343322754,15.720000267028809,23080,0.0,0.0
2024-05-31 11:30:00-04:00,15.710000038146973,15.729999542236328,15.640000343322754,15.703499794006348,19733,0.0,0.0
2024-05-31 12:30:00-04:00,15.719900131225586,15.720000267028809,15.670000076293945,15.694999694824219,18638,0.0,0.0
2024-05-31 13:30:00-04:00,15.710000038146973,15.710000038146973,15.680000305175781,15.680000305175781,11403,0.0,0.0
2024-05-31 14:30:00-04:00,15.675000190734863,15.699999809265137,15.670000076293945,15.67199993133545,2769,0.0,0.0
2024-05-31 15:30:00-04:00,15.680000305175781,15.760000228881836,15.670000076293945,15.760000228881836,33511,0.0,0.0
2024-06-03 09:30:00-04:00,15.899999618530273,15.899999618530273,15.699999809265137,15.789999961853027,58603,0.0,0.0
2024-06-03 10:30:00-04:00,15.800299644470215,15.819999694824219,15.729999542236328,15.729999542236328,6895,0.0,0.0
2024-06-03 11:30:00-04:00,15.729999542236328,15.729999542236328,15.630000114440918,15.6850004196167,39611,0.0,0.0
2024-06-03 12:30:00-04:00,15.699999809265137,15.770000457763672,15.675000190734863,15.729900360107422,24765,0.0,0.0
2024-06-03 13:30:00-04:00,15.710000038146973,15.720000267028809,15.690500259399414,15.713700294494629,4797,0.0,0.0
2024-06-03 14:30:00-04:00,15.704999923706055,15.720000267028809,15.680000305175781,15.71500015258789,11317,0.0,0.0
2024-06-03 15:30:00-04:00,15.723699569702148,15.729999542236328,15.579999923706055,15.609999656677246,32418,0.0,0.0
2024-06-04 09:30:00-04:00,15.65999984741211,15.720000267028809,15.65999984741211,15.699999809265137,9722,0.0,0.0
2024-06-04 10:30:00-04:00,15.720000267028809,15.720000267028809,15.680000305175781,15.704400062561035,7988,0.0,0.0
2024-06-04 11:30:00-04:00,15.65999984741211,15.720000267028809,15.65999984741211,15.709699630737305,15626,0.0,0.0
2024-06-04 12:30:00-04:00,15.6899995803833,15.75,15.6899995803833,15.734999656677246,11663,0.0,0.0
2024-06-04 13:30:00-04:00,15.729999542236328,15.8100004196167,15.729999542236328,15.800000190734863,23098,0.0,0.0
2024-06-04 14:30:00-04:00,15.800000190734863,15.869999885559082,15.789999961853027,15.869999885559082,25780,0.0,0.0
2024-06-04 15:30:00-04:00,15.859800338745117,15.879899978637695,15.800000190734863,15.800000190734863,23629,0.0,0.0
2024-06-05 09:30:00-04:00,15.880000114440918,15.9399995803833,15.800000190734863,15.880000114440918,35314,0.0,0.0
2024-06-05 10:30:00-04:00,15.899200439453125,15.920000076293945,15.859999656677246,15.90999984741211,23530,0.0,0.0
2024-06-05 11:30:00-04:00,15.90999984741211,15.90999984741211,15.859999656677246,15.880000114440918,16116,0.0,0.0
2024-06-05 12:30:00-04:00,15.904999732971191,15.90999984741211,15.850000381469727,15.890000343322754,12857,0.0,0.0
2024-06-05 13:30:00-04:00,15.890000343322754,15.890000343322754,15.850000381469727,15.850000381469727,13733,0.0,0.0
2024-06-05 14:30:00-04:00,15.864999771118164,15.890000343322754,15.850000381469727,15.864999771118164,18806,0.0,0.0
2024-06-05 15:30:00-04:00,15.869999885559082,15.880000114440918,15.850000381469727,15.880000114440918,7731,0.0,0.0
2024-06-06 09:30:00-04:00,15.890000343322754,15.899999618530273,15.84000015258789,15.84000015258789,0,0.0,0.0
2024-06-06 10:30:00-04:00,15.84000015258789,15.84000015258789,15.760000228881836,15.779999732971191,15479,0.0,0.0
2024-06-06 11:30:00-04:00,15.779999732971191,15.789999961853027,15.739999771118164,15.767499923706055,9526,0.0,0.0
2024-06-06 12:30:00-04:00,15.765000343322754,15.770000457763672,15.739999771118164,15.770000457763672,4121,0.0,0.0
2024-06-06 13:30:00-04:00,15.770000457763672,15.770000457763672,15.670000076293945,15.710000038146973,35201,0.0,0.0
2024-06-06 14:30:00-04:00,15.710000038146973,15.729999542236328,15.65999984741211,15.726799964904785,66894,0.0,0.0
2024-06-06 15:30:00-04:00,15.75,15.779999732971191,15.630000114440918,15.720000267028809,32355,0.0,0.0
2024-06-07 09:30:00-04:00,15.720000267028809,15.734999656677246,15.64900016784668,15.720000267028809,0,0.0,0.0
2024-06-07 10:30:00-04:00,15.760000228881836,15.85990047454834,15.720000267028809,15.849900245666504,17734,0.0,0.0
2024-06-07 11:30:00-04:00,15.844900131225586,15.869999885559082,15.800000190734863,15.850000381469727,14730,0.0,0.0
2024-06-07 12:30:00-04:00,15.859999656677246,15.920000076293945,15.850000381469727,15.890000343322754,32717,0.0,0.0
2024-06-07 13:30:00-04:00,15.890000343322754,15.890000343322754,15.819999694824219,15.854900360107422,15940,0.0,0.0
2024-06-07 14:30:00-04:00,15.868399620056152,15.868399620056152,15.819999694824219,15.819999694824219,6219,0.0,0.0
2024-06-07 15:30:00-04:00,15.829999923706055,15.880000114440918,15.829999923706055,15.869999885559082,6368,0.0,0.0
2024-06-10 09:30:00-04:00,15.890000343322754,15.929400444030762,15.829999923706055,15.84000015258789,0,0.0,0.0
2024-06-10 10:30:00-04:00,15.850000381469727,15.890000343322754,15.829999923706055,15.84000015258789,8516,0.0,0.0
2024-06-10 11:30:00-04:00,15.84000015258789,15.86989974975586,15.829999923706055,15.862600326538086,14235,0.0,0.0
2024-06-10 12:30:00-04:00,15.84000015258789,15.890000343322754,15.829999923706055,15.829999923706055,9077,0.0,0.0
2024-06-10 13:30:00-04:00,15.859999656677246,15.859999656677246,15.829999923706055,15.850000381469727,5577,0.0,0.0
2024-06-10 14:30:00-04:00,15.850000381469727,15.9399995803833,15.850000381469727,15.890000343322754,19347,0.0,0.0
2024-06-10 15:30:00-04:00,15.890000343322754,15.949999809265137,15.890000343322754,15.890000343322754,7202,0.0,0.0
2024-06-11 09:30:00-04:00,16.020000457763672,16.020000457763672,15.930000305175781,15.9399995803833,6212,0.0,0.0
2024-06-11 10:30:00-04:00,15.949999809265137,15.999899864196777,15.949999809265137,15.960000038146973,7363,0.0,0.0
2024-06-11 11:30:00-04:00,15.989999771118164,16.038000106811523,15.970100402832031,16.030000686645508,14308,0.0,0.0
2024-06-11 12:30:00-04:00,16.030000686645508,16.049999237060547,15.979999542236328,15.990799903869629,22191,0.0,0.0
2024-06-11 13:30:00-04:00,15.999899864196777,16.040000915527344,15.960399627685547,16.010000228881836,4650,0.0,0.0
2024-06-11 14:30:00-04:00,16.040000915527344,16.09000015258789,15.98009967803955,16.059799194335938,19373,0.0,0.0
2024-06-11 15:30:00-04:00,16.049999237060547,16.05500030517578,15.979999542236328,15.989999771118164,9100,0.0,0.0
2024-06-12 09:30:00-04:00,16.100000381469727,16.100000381469727,16.0,16.049999237060547,18386,0.0,0.0
2024-06-12 10:30:00-04:00,16.050600051879883,16.050600051879883,16.020000457763672,16.020000457763672,2903,0.0,0.0
2024-06-12 11:30:00-04:00,16.020000457763672,16.029600143432617,15.90999984741211,15.930000305175781,13165,0.0,0.0
2024-06-12 12:30:00-04:00,15.9399995803833,15.949999809265137,15.899999618530273,15.9399995803833,15426,0.0,0.0
2024-06-12 13:30:00-04:00,15.928000450134277,15.951000213623047,15.850000381469727,15.949999809265137,21236,0.0,0.0
2024-06-12 14:30:00-04:00,15.9350004196167,15.95989990234375,15.90999984741211,15.930000305175781,3019,0.0,0.0
2024-06-12 15:30:00-04:00,15.900300025939941,15.930000305175781,15.899999618530273,15.930000305175781,0,0.0,0.0
2024-06-13 09:30:00-04:00,15.760000228881836,15.869999885559082,15.739999771118164,15.859999656677246,30047,0.0,0.0
2024-06-13 10:30:00-04:00,15.850000381469727,15.879899978637695,15.819999694824219,15.850099563598633,33273,0.0,0.0
2024-06-13 11:30:00-04:00,15.859999656677246,15.869999885559082,15.84000015258789,15.850000381469727,6555,0.0,0.0
2024-06-13 12:30:00-04:00,15.850000381469727,15.949999809265137,15.819999694824219,15.920000076293945,10081,0.0,0.0
2024-06-13 13:30:00-04:00,15.890000343322754,15.920000076293945,15.890000343322754,15.920000076293945,1771,0.0,0.0
2024-06-13 14:30:00-04:00,15.899999618530273,15.9399995803833,15.860099792480469,15.904999732971191,32242,0.0,0.0
2024-06-13 15:30:00-04:00,15.920000076293945,15.930000305175781,15.880000114440918,15.930000305175781,4674,0.0,0.0
2024-06-14 09:30:00-04:00,15.880000114440918,15.905400276184082,15.829999923706055,15.889900207519531,4691,0.0,0.0
2024-06-14 10:30:00-04:00,15.84000015258789,15.9399995803833,15.829999923706055,15.880499839782715,14454,0.0,0.0
2024-06-14 11:30:00-04:00,15.880399703979492,15.880399703979492,15.829999923706055,15.829999923706055,6485,0.0,0.0
2024-06-14 12:30:00-04:00,15.84000015258789,15.850000381469727,15.800000190734863,15.81470012664795,5144,0.0,0.0
2024-06-14 13:30:00-04:00,15.829999923706055,15.844599723815918,15.770099639892578,15.819899559020996,10109,0.0,0.0
2024-06-14 14:30:00-04:00,15.770600318908691,15.829999923706055,15.770600318908691,15.78439998626709,16285,0.0,0.0
2024-06-14 15:30:00-04:00,15.793600082397461,15.800000190734863,15.779999732971191,15.789999961853027,3987,0.0,0.0
2024-06-17 09:30:00-04:00,15.789999961853027,15.789999961853027,15.664999961853027,15.734999656677246,17705,0.0,0.0
2024-06-17 10:30:00-04:00,15.710000038146973,15.8149995803833,15.6899995803833,15.8149995803833,12766,0.0,0.0
2024-06-17 11:30:00-04:00,15.800000190734863,15.859999656677246,15.800000190734863,15.846400260925293,6981,0.0,0.0
2024-06-17 12:30:00-04:00,15.840100288391113,15.842100143432617,15.800000190734863,15.819999694824219,9338,0.0,0.0
2024-06-17 13:30:00-04:00,15.8100004196167,15.859999656677246,15.800000190734863,15.859999656677246,21331,0.0,0.0
2024-06-17 14:30:00-04:00,15.8100004196167,15.820099830627441,15.800000190734863,15.800000190734863,24948,0.0,0.0
2024-06-17 15:30:00-04:00,15.800000190734863,15.84000015258789,15.800000190734863,15.829999923706055,43470,0.0,0.0
2024-06-18 09:30:00-04:00,15.789999961853027,15.79990005493164,15.70110034942627,15.750100135803223,25810,0.0,0.0
2024-06-18 10:30:00-04:00,15.809900283813477,15.8100004196167,15.789999961853027,15.8100004196167,8480,0.0,0.0
2024-06-18 11:30:00-04:00,15.819999694824219,15.90999984741211,15.800200462341309,15.850000381469727,19180,0.0,0.0
2024-06-18 12:30:00-04:00,15.850000381469727,15.908300399780273,15.840100288391113,15.880000114440918,11834,0.0,0.0
2024-06-18 13:30:00-04:00,15.880000114440918,15.90999984741211,15.869999885559082,15.890000343322754,12167,0.0,0.0
2024-06-18 14:30:00-04:00,15.869999885559082,15.880000114440918,15.800000190734863,15.800000190734863,26334,0.0,0.0
2024-06-18 15:30:00-04:00,15.800000190734863,15.869999885559082,15.800000190734863,15.84000015258789,12797,0.0,0.0
2024-06-20 09:30:00-04:00,15.739999771118164,15.8100004196167,15.699999809265137,15.8100004196167,37465,0.0,0.0
2024-06-20 10:30:00-04:00,15.849599838256836,15.894399642944336,15.801600456237793,15.859999656677246,22413,0.0,0.0
2024-06-20 11:30:00-04:00,15.871999740600586,15.889800071716309,15.821999549865723,15.835000038146973,3032,0.0,0.0
2024-06-20 12:30:00-04:00,15.819999694824219,15.835000038146973,15.75,15.75,17545,0.0,0.0
2024-06-20 13:30:00-04:00,15.78499984741211,15.800000190734863,15.78499984741211,15.800000190734863,4413,0.0,0.0
2024-06-20 14:30:00-04:00,15.800000190734863,15.800000190734863,15.680000305175781,15.6899995803833,16475,0.0,0.0
2024-06-20 15:30:00-04:00,15.710000038146973,15.710000038146973,15.680000305175781,15.680000305175781,6421,0.0,0.0
2024-06-21 09:30:00-04:00,15.729999542236328,15.776700019836426,15.680000305175781,15.720000267028809,5077,0.0,0.0
2024-06-21 10:30:00-04:00,15.720000267028809,15.760000228881836,15.699999809265137,15.699999809265137,13319,0.0,0.0
2024-06-21 11:30:00-04:00,15.725000381469727,15.75,15.682000160217285,15.699999809265137,4879,0.0,0.0
2024-06-21 12:30:00-04:00,15.680000305175781,15.739899635314941,15.680000305175781,15.739899635314941,18135,0.0,0.0
2024-06-21 13:30:00-04:00,15.720000267028809,15.8100004196167,15.699999809265137,15.795000076293945,20519,0.0,0.0
2024-06-21 14:30:00-04:00,15.79990005493164,15.829999923706055,15.720000267028809,15.800000190734863,21529,0.0,0.0
2024-06-21 15:30:00-04:00,15.799799919128418,15.84000015258789,15.770000457763672,15.788999557495117,11392,0.0,0.0
2024-06-24 09:30:00-04:00,15.75,15.789999961853027,15.73009967803955,15.75,11105,0.0,0.0
2024-06-24 10:30:00-04:00,15.7701997756958,15.789999961853027,15.755000114440918,15.755000114440918,1112,0.0,0.0
2024-06-24 11:30:00-04:00,15.770000457763672,15.789999961853027,15.76360034942627,15.789999961853027,3163,0.0,0.0
2024-06-24 12:30:00-04:00,15.760000228881836,15.789999961853027,15.755000114440918,15.78499984741211,10358,0.0,0.0
2024-06-24 13:30:00-04:00,15.779999732971191,15.8100004196167,15.774999618530273,15.800000190734863,7184,0.0,0.0
2024-06-24 14:30:00-04:00,15.780799865722656,15.949999809265137,15.780799865722656,15.931500434875488,18006,0.0,0.0
2024-06-24 15:30:00-04:00,15.800000190734863,15.880000114440918,15.800000190734863,15.829999923706055,1204,0.0,0.0
2024-06-25 09:30:00-04:00,15.880000114440918,15.880000114440918,15.800000190734863,15.859999656677246,0,0.0,0.0
2024-06-25 10:30:00-04:00,15.859999656677246,15.869999885559082,15.800000190734863,15.835000038146973,4223,0.0,0.0
2024-06-25 11:30:00-04:00,15.86989974975586,15.869999885559082,15.829999923706055,15.869999885559082,3702,0.0,0.0
2024-06-25 12:30:00-04:00,15.930000305175781,15.9399995803833,15.859999656677246,15.9399995803833,3662,0.0,0.0
2024-06-25 13:30:00-04:00,15.930000305175781,15.951000213623047,15.829999923706055,15.84000015258789,21432,0.0,0.0
2024-06-25 14:30:00-04:00,15.8100004196167,15.899999618530273,15.739999771118164,15.779999732971191,43133,0.0,0.0
2024-06-25 15:30:00-04:00,15.779999732971191,15.84000015258789,15.729999542236328,15.789999961853027,13815,0.0,0.0
2024-06-26 09:30:00-04:00,15.800000190734863,15.800000190734863,15.630000114440918,15.699999809265137,28321,0.0,0.0
2024-06-26 10:30:00-04:00,15.699899673461914,15.720000267028809,15.670000076293945,15.699999809265137,21896,0.0,0.0
2024-06-26 11:30:00-04:00,15.708200454711914,15.708200454711914,15.630000114440918,15.630000114440918,22281,0.0,0.0
2024-06-26 12:30:00-04:00,15.630000114440918,15.670000076293945,15.630000114440918,15.649999618530273,10630,0.0,0.0
2024-06-26 13:30:00-04:00,15.630000114440918,15.680000305175781,15.630000114440918,15.630000114440918,12075,0.0,0.0
2024-06-26 14:30:00-04:00,15.630000114440918,15.65999984741211,15.569999694824219,15.59000015258789,32972,0.0,0.0
2024-06-26 15:30:00-04:00,15.579999923706055,15.638999938964844,15.529999732971191,15.638999938964844,64408,0.0,0.0
2024-06-27 09:30:00-04:00,15.739999771118164,15.76140022277832,15.6899995803833,15.744999885559082,0,0.0,0.0
2024-06-27 10:30:00-04:00,15.742300033569336,15.779999732971191,15.710000038146973,15.779800415039062,9047,0.0,0.0
2024-06-27 11:30:00-04:00,15.710000038146973,15.744999885559082,15.680000305175781,15.680000305175781,4256,0.0,0.0
2024-06-27 12:30:00-04:00,15.710000038146973,15.745800018310547,15.65999984741211,15.745800018310547,6403,0.0,0.0
2024-06-27 13:30:00-04:00,15.680100440979004,15.69950008392334,15.673399925231934,15.685999870300293,3199,0.0,0.0
2024-06-27 14:30:00-04:00,15.720000267028809,15.720000267028809,15.70009994506836,15.70009994506836,2999,0.0,0.0
2024-06-27 15:30:00-04:00,15.710000038146973,15.739999771118164,15.699999809265137,15.739999771118164,4155,0.0,0.0
2024-06-28 09:30:00-04:00,15.800000190734863,15.850000381469727,15.755000114440918,15.804200172424316,7272,0.0,0.0
2024-06-28 10:30:00-04:00,15.819999694824219,15.850000381469727,15.770000457763672,15.824999809265137,14841,0.0,0.0
2024-06-28 11:30:00-04:00,15.850000381469727,15.850000381469727,15.800000190734863,15.8100004196167,5075,0.0,0.0
2024-06-28 12:30:00-04:00,15.829999923706055,15.829999923706055,15.78499984741211,15.789999961853027,15232,0.0,0.0
2024-06-28 13:30:00-04:00,15.779999732971191,15.779999732971191,15.755000114440918,15.755000114440918,13515,0.0,0.0
2024-06-28 14:30:00-04:00,15.770000457763672,15.779999732971191,15.760000228881836,15.770000457763672,4534,0.0,0.0
2024-06-28 15:30:00-04:00,15.779999732971191,15.829999923706055,15.770000457763672,15.8100004196167,5794,0.0,0.0
2024-07-01 09:30:00-04:00,15.899999618530273,15.979999542236328,15.829999923706055,15.880000114440918,0,0.0,0.0
2024-07-01 10:30:00-04:00,15.869999885559082,15.920000076293945,15.859999656677246,15.920000076293945,20134,0.0,0.0
2024-07-01 11:30:00-04:00,15.91569995880127,15.949000358581543,15.899999618530273,15.899999618530273,9798,0.0,0.0
2024-07-01 12:30:00-04:00,15.899999618530273,15.94629955291748,15.819999694824219,15.90999984741211,35094,0.0,0.0
2024-07-01 13:30:00-04:00,15.90999984741211,15.920000076293945,15.710000038146973,15.710000038146973,28752,0.0,0.0
2024-07-01 14:30:00-04:00,15.770000457763672,15.8100004196167,15.720000267028809,15.720000267028809,7071,0.0,0.0
2024-07-01 15:30:00-04:00,15.779899597167969,15.850000381469727,15.765000343322754,15.819999694824219,9845,0.0,0.0
2024-07-02 09:30:00-04:00,15.899999618530273,15.933899879455566,15.779999732971191,15.890000343322754,11061,0.0,0.0
2024-07-02 10:30:00-04:00,15.890000343322754,15.949999809265137,15.890000343322754,15.93970012664795,16851,0.0,0.0
2024-07-02 11:30:00-04:00,15.9350004196167,15.960000038146973,15.930000305175781,15.949999809265137,22871,0.0,0.0
2024-07-02 12:30:00-04:00,15.9483003616333,15.960000038146973,15.9399995803833,15.954999923706055,11214,0.0,0.0
2024-07-02 13:30:00-04:00,15.954999923706055,16.0,15.954999923706055,15.960000038146973,23147,0.0,0.0
2024-07-02 14:30:00-04:00,15.960000038146973,15.970000267028809,15.930000305175781,15.96969985961914,4307,0.0,0.0
2024-07-02 15:30:00-04:00,15.958900451660156,16.0,15.90999984741211,15.930000305175781,10633,0.0,0.0
2024-07-03 09:30:00-04:00,15.989999771118164,16.0,15.829999923706055,15.83489990234375,0,0.0,0.0
2024-07-03 10:30:00-04:00,15.830100059509277,15.929900169372559,15.829999923706055,15.880000114440918,8112,0.0,0.0
2024-07-03 11:30:00-04:00,15.904999732971191,15.978400230407715,15.899999618530273,15.90999984741211,12292,0.0,0.0
2024-07-03 12:30:00-04:00,15.930000305175781,15.949999809265137,15.899999618530273,15.90999984741211,11482,0.0,0.0
2024-07-05 09:30:00-04:00,15.949999809265137,15.999899864196777,15.899999618530273,15.930000305175781,26757,0.0,0.0
2024-07-05 10:30:00-04:00,15.949999809265137,15.989899635314941,15.90999984741211,15.960000038146973,16389,0.0,0.0
2024-07-05 11:30:00-04:00,15.949999809265137,15.989899635314941,15.90999984741211,15.958000183105469,6060,0.0,0.0
2024-07-05 12:30:00-04:00,15.949999809265137,15.960000038146973,15.90999984741211,15.930000305175781,15212,0.0,0.0
2024-07-05 13:30:00-04:00,15.9399995803833,15.979999542236328,15.90999984741211,15.920000076293945,22933,0.0,0.0
2024-07-05 14:30:00-04:00,15.944999694824219,15.955100059509277,15.800000190734863,15.829999923706055,16828,0.0,0.0
2024-07-05 15:30:00-04:00,15.819999694824219,15.850000381469727,15.760000228881836,15.819999694824219,18958,0.0,0.0
2024-07-08 09:30:00-04:00,15.800000190734863,15.899700164794922,15.75,15.760000228881836,36051,0.0,0.0
2024-07-08 10:30:00-04:00,15.760000228881836,15.872699737548828,15.739999771118164,15.872699737548828,29672,0.0,0.0
2024-07-08 11:30:00-04:00,15.850000381469727,15.899999618530273,15.829999923706055,15.899999618530273,15071,0.0,0.0
2024-07-08 12:30:00-04:00,15.890000343322754,15.899999618530273,15.859999656677246,15.859999656677246,9823,0.0,0.0
2024-07-08 13:30:00-04:00,15.859999656677246,15.869999885559082,15.854999542236328,15.869999885559082,8114,0.0,0.0
2024-07-08 14:30:00-04:00,15.859999656677246,15.869999885559082,15.829999923706055,15.829999923706055,17082,0.0,0.0
2024-07-08 15:30:00-04:00,15.829999923706055,15.849100112915039,15.819999694824219,15.819999694824219,0,0.0,0.0
2024-07-09 09:30:00-04:00,15.829999923706055,15.840999603271484,15.779999732971191,15.789999961853027,19933,0.0,0.0
2024-07-09 10:30:00-04:00,15.79800033569336,15.837599754333496,15.779999732971191,15.800000190734863,7182,0.0,0.0
2024-07-09 11:30:00-04:00,15.800000190734863,15.829999923706055,15.800000190734863,15.800000190734863,4280,0.0,0.0
2024-07-09 12:30:00-04:00,15.8100004196167,15.845000267028809,15.8100004196167,15.845000267028809,19193,0.0,0.0
2024-07-09 13:30:00-04:00,15.843000411987305,15.843000411987305,15.75,15.789999961853027,25398,0.0,0.0
2024-07-09 14:30:00-04:00,15.739999771118164,15.829999923706055,15.710000038146973,15.829999923706055,13556,0.0,0.0
2024-07-09 15:30:00-04:00,15.849900245666504,15.849900245666504,15.8100004196167,15.8100004196167,3183,0.0,0.0
2024-07-10 09:30:00-04:00,15.829999923706055,15.85099983215332,15.760000228881836,15.770000457763672,9241,0.0,0.0
2024-07-10 10:30:00-04:00,15.8100004196167,15.850000381469727,15.770000457763672,15.779999732971191,9429,0.0,0.0
2024-07-10 11:30:00-04:00,15.779999732971191,15.789999961853027,15.710000038146973,15.720000267028809,40630,0.0,0.0
2024-07-10 12:30:00-04:00,15.779999732971191,15.848600387573242,15.720000267028809,15.829999923706055,14080,0.0,0.0
2024-07-10 13:30:00-04:00,15.819999694824219,15.880000114440918,15.819999694824219,15.854000091552734,14117,0.0,0.0
2024-07-10 14:30:00-04:00,15.829999923706055,15.869999885559082,15.819999694824219,15.829999923706055,6566,0.0,0.0
2024-07-10 15:30:00-04:00,15.829999923706055,15.850000381469727,15.8100004196167,15.8100004196167,0,0.0,0.0
2024-07-11 09:30:00-04:00,15.640000343322754,15.684000015258789,15.579999923706055,15.619999885559082,26902,0.0,0.0
2024-07-11 10:30:00-04:00,15.630000114440918,15.640000343322754,15.619999885559082,15.628999710083008,7405,0.0,0.0
2024-07-11 11:30:00-04:00,15.628499984741211,15.649900436401367,15.539999961853027,15.5649995803833,27645,0.0,0.0
2024-07-11 12:30:00-04:00,15.5649995803833,15.595000267028809,15.539999961853027,15.595000267028809,19015,0.0,0.0
2024-07-11 13:30:00-04:00,15.600000381469727,15.670000076293945,15.600000381469727,15.670000076293945,13942,0.0,0.0
2024-07-11 14:30:00-04:00,15.669400215148926,15.670000076293945,15.630000114440918,15.645000457763672,7715,0.0,0.0
2024-07-11 15:30:00-04:00,15.649399757385254,15.651800155639648,15.640000343322754,15.640000343322754,5182,0.0,0.0
2024-07-12 09:30:00-04:00,15.710000038146973,15.720000267028809,15.600000381469727,15.630000114440918,0,0.0,0.0
2024-07-12 10:30:00-04:00,15.600000381469727,15.65999984741211,15.520000457763672,15.609999656677246,70066,0.0,0.0
2024-07-12 11:30:00-04:00,15.600099563598633,15.696700096130371,15.592700004577637,15.619999885559082,10501,0.0,0.0
2024-07-12 12:30:00-04:00,15.619999885559082,15.623700141906738,15.579999923706055,15.604999542236328,14131,0.0,0.0
2024-07-12 13:30:00-04:00,15.604999542236328,15.62660026550293,15.579999923706055,15.579999923706055,11988,0.0,0.0
2024-07-12 14:30:00-04:00,15.59000015258789,15.609999656677246,15.520000457763672,15.589300155639648,37480,0.0,0.0
2024-07-12 15:30:00-04:00,15.578900337219238,15.578900337219238,15.53600025177002,15.550000190734863,22520,0.0,0.0
