Datetime,Open,High,Low,Close,Volume,Dividends,Stock Splits,Capital Gains
2023-06-06 15:30:00-04:00,129.5500030517578,129.5500030517578,129.5500030517578,129.5500030517578,0,0.0,0.0,0.0
2023-06-07 09:30:00-04:00,129.91000366210938,130.4488983154297,129.91000366210938,130.4488983154297,2063,0.0,0.0,0.0
2023-06-07 10:30:00-04:00,130.52000427246094,130.52000427246094,129.72999572753906,129.72999572753906,2744,0.0,0.0,0.0
2023-06-07 11:30:00-04:00,130.1614990234375,130.1614990234375,130.0399932861328,130.0399932861328,783,0.0,0.0,0.0
2023-06-07 12:30:00-04:00,129.92999267578125,129.9600067138672,129.8300018310547,129.9600067138672,704,0.0,0.0,0.0
2023-06-07 13:30:00-04:00,129.75,130.10000610351562,129.75,130.10000610351562,7599,0.0,0.0,0.0
2023-06-07 14:30:00-04:00,130.04730224609375,130.04730224609375,129.99899291992188,129.99899291992188,0,0.0,0.0,0.0
2023-06-08 09:30:00-04:00,130.0800018310547,130.0800018310547,129.3000030517578,129.55999755859375,7420,0.0,0.0,0.0
2023-06-08 10:30:00-04:00,129.83999633789062,129.89999389648438,129.6190948486328,129.8699951171875,1205,0.0,0.0,0.0
2023-06-08 11:30:00-04:00,129.9600067138672,129.97000122070312,129.8800048828125,129.97000122070312,1802,0.0,0.0,0.0
2023-06-08 12:30:00-04:00,130.0800018310547,130.2100067138672,130.02999877929688,130.1699981689453,10274,0.0,0.0,0.0
2023-06-08 13:30:00-04:00,130.1300048828125,130.1300048828125,130.1300048828125,130.1300048828125,104,0.0,0.0,0.0
2023-06-08 14:30:00-04:00,130.22000122070312,130.22000122070312,130.0,130.02000427246094,731,0.0,0.0,0.0
2023-06-08 15:30:00-04:00,130.1300048828125,130.14999389648438,129.93280029296875,130.00999450683594,3300,0.0,0.0,0.0
2023-06-09 09:30:00-04:00,130.67999267578125,130.80999755859375,130.67999267578125,130.80999755859375,0,0.0,0.0,0.0
2023-06-09 10:30:00-04:00,131.2100067138672,131.2100067138672,130.24000549316406,130.24000549316406,409,0.0,0.0,0.0
2023-06-09 11:30:00-04:00,130.14999389648438,130.3699951171875,130.125,130.125,1070,0.0,0.0,0.0
2023-06-09 12:30:00-04:00,130.4600067138672,130.4600067138672,130.33999633789062,130.33999633789062,1508,0.0,0.0,0.0
2023-06-09 13:30:00-04:00,130.42999267578125,130.42999267578125,130.3699951171875,130.38999938964844,1357,0.0,0.0,0.0
2023-06-09 14:30:00-04:00,130.4600067138672,130.4600067138672,130.2899932861328,130.41000366210938,1380,0.0,0.0,0.0
2023-06-09 15:30:00-04:00,130.3300018310547,130.36000061035156,130.2100067138672,130.32000732421875,3469,0.0,0.0,0.0
2023-06-12 09:30:00-04:00,130.63999938964844,131.77999877929688,130.63999938964844,131.77999877929688,1102,0.0,0.0,0.0
2023-06-12 10:30:00-04:00,131.55999755859375,131.91000366210938,131.44000244140625,131.7100067138672,5169,0.0,0.0,0.0
2023-06-12 11:30:00-04:00,131.75599670410156,132.10000610351562,131.67999267578125,132.10000610351562,1962,0.0,0.0,0.0
2023-06-12 12:30:00-04:00,132.1199951171875,132.14999389648438,132.0399932861328,132.0399932861328,8211,0.0,0.0,0.0
2023-06-12 13:30:00-04:00,132.02999877929688,132.0399932861328,131.97999572753906,131.99000549316406,2968,0.0,0.0,0.0
2023-06-12 14:30:00-04:00,132.1300048828125,132.52000427246094,132.11000061035156,132.52000427246094,1721,0.0,0.0,0.0
2023-06-12 15:30:00-04:00,132.50999450683594,132.50999450683594,132.25999450683594,132.3000030517578,0,0.0,0.0,0.0
2023-06-13 09:30:00-04:00,133.49000549316406,133.64999389648438,133.49000549316406,133.64999389648438,1477,0.0,0.0,0.0
2023-06-13 11:30:00-04:00,133.60830688476562,133.60830688476562,133.60830688476562,133.60830688476562,421,0.0,0.0,0.0
2023-06-13 13:30:00-04:00,133.8800048828125,133.8800048828125,133.8699951171875,133.8699951171875,610,0.0,0.0,0.0
2023-06-13 14:30:00-04:00,133.8354949951172,133.8354949951172,133.8354949951172,133.8354949951172,627,0.0,0.0,0.0
2023-06-13 15:30:00-04:00,133.7899932861328,133.87060546875,133.7899932861328,133.87060546875,381,0.0,0.0,0.0
2023-06-14 09:30:00-04:00,133.9199981689453,134.6199951171875,133.9199981689453,134.6199951171875,0,0.0,0.0,0.0
2023-06-14 10:30:00-04:00,134.7899932861328,134.7899932861328,134.7899932861328,134.7899932861328,158,0.0,0.0,0.0
2023-06-14 11:30:00-04:00,134.77999877929688,134.77999877929688,134.77999877929688,134.77999877929688,801,0.0,0.0,0.0
2023-06-14 13:30:00-04:00,134.16990661621094,134.16990661621094,133.85000610351562,133.85000610351562,2055,0.0,0.0,0.0
2023-06-14 14:30:00-04:00,133.13999938964844,133.84100341796875,133.13999938964844,133.84100341796875,1056,0.0,0.0,0.0
2023-06-14 15:30:00-04:00,133.91000366210938,133.92999267578125,133.66000366210938,133.77000427246094,27041,0.0,0.0,0.0
2023-06-15 09:30:00-04:00,133.25999450683594,134.3350067138672,133.25999450683594,134.3350067138672,0,0.0,0.0,0.0
2023-06-15 10:30:00-04:00,134.3800048828125,134.38999938964844,134.3800048828125,134.38999938964844,343,0.0,0.0,0.0
2023-06-15 12:30:00-04:00,134.58200073242188,134.58200073242188,134.58200073242188,134.58200073242188,200,0.0,0.0,0.0
2023-06-15 13:30:00-04:00,134.58999633789062,134.88999938964844,134.58999633789062,134.88999938964844,1930,0.0,0.0,0.0
2023-06-15 14:30:00-04:00,135.26499938964844,135.27000427246094,135.2100067138672,135.2100067138672,516,0.0,0.0,0.0
2023-06-15 15:30:00-04:00,135.3000030517578,135.3000030517578,135.1199951171875,135.19000244140625,0,0.0,0.0,0.0
2023-06-16 09:30:00-04:00,135.52999877929688,135.52999877929688,135.52999877929688,135.52999877929688,213,0.0,0.0,0.0
2023-06-16 10:30:00-04:00,135.2050018310547,135.2050018310547,135.14999389648438,135.14999389648438,563,0.0,0.0,0.0
2023-06-16 11:30:00-04:00,134.9499969482422,134.9499969482422,134.9499969482422,134.9499969482422,213,0.0,0.0,0.0
2023-06-16 12:30:00-04:00,135.1199951171875,135.1199951171875,135.08999633789062,135.08999633789062,9800,0.0,0.0,0.0
2023-06-16 13:30:00-04:00,134.94000244140625,134.94000244140625,134.94000244140625,134.94000244140625,384,0.0,0.0,0.0
2023-06-16 14:30:00-04:00,134.61000061035156,134.6199951171875,134.3000030517578,134.5,3930,0.0,0.0,0.0
2023-06-16 15:30:00-04:00,134.50999450683594,134.77999877929688,134.50999450683594,134.66000366210938,10875,0.0,0.0,0.0
2023-06-20 09:30:00-04:00,133.80999755859375,134.3300018310547,133.80999755859375,133.91000366210938,1194,0.0,0.0,0.0
2023-06-20 10:30:00-04:00,133.18780517578125,133.52769470214844,133.18780517578125,133.49000549316406,4842,0.0,0.0,0.0
2023-06-20 13:30:00-04:00,133.83009338378906,133.83009338378906,133.83009338378906,133.83009338378906,383,0.0,0.0,0.0
2023-06-20 14:30:00-04:00,133.85499572753906,133.86199951171875,133.85499572753906,133.86000061035156,852,0.0,0.0,0.0
2023-06-20 15:30:00-04:00,133.86000061035156,133.91099548339844,133.83999633789062,133.85000610351562,701,0.0,0.0,0.0
2023-06-21 09:30:00-04:00,133.88999938964844,133.9550018310547,133.88999938964844,133.9550018310547,0,0.0,0.0,0.0
2023-06-21 10:30:00-04:00,134.00999450683594,134.00999450683594,133.4499969482422,133.6300048828125,11799,0.0,0.0,0.0
2023-06-21 11:30:00-04:00,133.88999938964844,133.88999938964844,133.88999938964844,133.88999938964844,325,0.0,0.0,0.0
2023-06-21 13:30:00-04:00,133.7698974609375,134.00999450683594,133.7698974609375,134.00999450683594,548,0.0,0.0,0.0
2023-06-21 15:30:00-04:00,133.69070434570312,133.69070434570312,133.5970001220703,133.59730529785156,103,0.0,0.0,0.0
2023-06-22 09:30:00-04:00,132.92999267578125,133.3560028076172,132.75,133.3560028076172,0,0.0,0.0,0.0
2023-06-22 10:30:00-04:00,133.1999969482422,133.25999450683594,133.10000610351562,133.25999450683594,7458,0.0,0.0,0.0
2023-06-22 11:30:00-04:00,133.3300018310547,133.3300018310547,133.3300018310547,133.3300018310547,200,0.0,0.0,0.0
2023-06-22 12:30:00-04:00,133.1300048828125,133.13999938964844,133.00880432128906,133.00880432128906,515,0.0,0.0,0.0
2023-06-22 15:30:00-04:00,133.0,133.0399932861328,133.0,133.0,6240,0.0,0.0,0.0
2023-06-23 09:30:00-04:00,131.97000122070312,132.13999938964844,131.9600067138672,132.13999938964844,0,0.0,0.0,0.0
2023-06-23 10:30:00-04:00,132.25,132.36000061035156,132.25,132.36000061035156,972,0.0,0.0,0.0
2023-06-23 13:30:00-04:00,132.58360290527344,132.58360290527344,132.58360290527344,132.58360290527344,294,0.0,0.0,0.0
2023-06-23 14:30:00-04:00,131.8336944580078,131.92999267578125,131.7899932861328,131.92999267578125,430,0.0,0.0,0.0
2023-06-23 15:30:00-04:00,131.88999938964844,132.20989990234375,131.88999938964844,132.00999450683594,5134,0.0,0.0,0.0
2023-06-26 09:30:00-04:00,131.41000366210938,132.8957977294922,131.41000366210938,132.8957977294922,0,0.0,0.0,0.0
2023-06-26 10:30:00-04:00,132.02000427246094,132.17999267578125,132.02000427246094,132.17999267578125,623,0.0,0.0,0.0
2023-06-26 11:30:00-04:00,131.83999633789062,131.9199981689453,131.83999633789062,131.9199981689453,536,0.0,0.0,0.0
2023-06-26 13:30:00-04:00,132.25,132.25999450683594,132.10000610351562,132.10000610351562,3419,0.0,0.0,0.0
2023-06-26 14:30:00-04:00,132.35000610351562,132.35000610351562,132.35000610351562,132.35000610351562,283,0.0,0.0,0.0
2023-06-26 15:30:00-04:00,132.1999969482422,132.1999969482422,132.05999755859375,132.0648956298828,280,0.0,0.0,0.0
2023-06-27 09:30:00-04:00,132.57000732421875,132.99000549316406,132.57000732421875,132.92999267578125,0,0.0,0.0,0.0
2023-06-27 10:30:00-04:00,133.76589965820312,134.3300018310547,133.76589965820312,134.31500244140625,2573,0.0,0.0,0.0
2023-06-27 11:30:00-04:00,134.32000732421875,134.5399932861328,134.32000732421875,134.5399932861328,471,0.0,0.0,0.0
2023-06-27 12:30:00-04:00,134.85000610351562,134.85000610351562,134.8000030517578,134.8000030517578,22508,0.0,0.0,0.0
2023-06-27 13:30:00-04:00,135.07000732421875,135.1082000732422,135.07000732421875,135.09579467773438,593,0.0,0.0,0.0
2023-06-27 14:30:00-04:00,135.1199951171875,135.22109985351562,135.1199951171875,135.22109985351562,823,0.0,0.0,0.0
2023-06-27 15:30:00-04:00,135.38999938964844,135.38999938964844,135.27000427246094,135.27000427246094,1103,0.0,0.0,0.0
2023-06-28 09:30:00-04:00,135.22999572753906,135.60000610351562,135.22999572753906,135.60000610351562,2239,0.0,0.0,0.0
2023-06-28 10:30:00-04:00,135.6999969482422,135.91029357910156,135.4199981689453,135.60000610351562,3408,0.0,0.0,0.0
2023-06-28 12:30:00-04:00,135.35000610351562,135.50660705566406,135.33999633789062,135.50660705566406,619,0.0,0.0,0.0
2023-06-28 13:30:00-04:00,135.52000427246094,135.52000427246094,135.44009399414062,135.5126953125,1250,0.0,0.0,0.0
2023-06-28 14:30:00-04:00,135.63999938964844,135.66549682617188,135.63999938964844,135.63999938964844,2103,0.0,0.0,0.0
2023-06-28 15:30:00-04:00,135.60000610351562,135.75999450683594,135.5948944091797,135.75999450683594,0,0.0,0.0,0.0
2023-06-29 09:30:00-04:00,135.5399932861328,135.91009521484375,135.5399932861328,135.91009521484375,633,0.0,0.0,0.0
2023-06-29 11:30:00-04:00,136.05999755859375,136.17999267578125,135.97630310058594,136.0570068359375,6419,0.0,0.0,0.0
2023-06-29 12:30:00-04:00,136.4499969482422,136.47999572753906,136.19639587402344,136.3112030029297,2502,0.0,0.0,0.0
2023-06-29 13:30:00-04:00,136.21580505371094,136.21580505371094,135.86000061035156,135.91600036621094,2625,0.0,0.0,0.0
2023-06-29 14:30:00-04:00,136.20069885253906,136.20069885253906,136.20069885253906,136.20069885253906,333,0.0,0.0,0.0
2023-06-29 15:30:00-04:00,136.2790985107422,136.4199981689453,136.27000427246094,136.4199981689453,0,0.0,0.0,0.0
2023-06-30 09:30:00-04:00,137.40989685058594,137.74000549316406,137.40989685058594,137.6300048828125,4054,0.0,0.0,0.0
2023-06-30 10:30:00-04:00,137.52000427246094,137.6392059326172,137.50999450683594,137.6392059326172,1420,0.0,0.0,0.0
2023-06-30 11:30:00-04:00,137.75,137.82000732421875,137.75,137.82000732421875,836,0.0,0.0,0.0
2023-06-30 12:30:00-04:00,137.8300018310547,137.93519592285156,137.8300018310547,137.93519592285156,837,0.0,0.0,0.0
2023-06-30 13:30:00-04:00,137.9600067138672,138.06019592285156,137.9499969482422,138.06019592285156,2650,0.0,0.0,0.0
2023-06-30 14:30:00-04:00,138.08999633789062,138.1699981689453,138.08999633789062,138.1699981689453,298,0.0,0.0,0.0
2023-06-30 15:30:00-04:00,138.2100067138672,138.2100067138672,137.9199981689453,137.9199981689453,4126,0.0,0.0,0.0
2023-07-03 09:30:00-04:00,137.5800018310547,138.4499969482422,137.5800018310547,138.4499969482422,0,0.0,0.0,0.0
2023-07-03 10:30:00-04:00,138.38009643554688,138.3802947998047,138.38009643554688,138.38009643554688,611,0.0,0.0,0.0
2023-07-03 11:30:00-04:00,138.44000244140625,138.6060028076172,138.38369750976562,138.38400268554688,3386,0.0,0.0,0.0
2023-07-05 09:30:00-04:00,138.0,138.0,137.28500366210938,137.28500366210938,0,0.0,0.0,0.0
2023-07-05 10:30:00-04:00,137.38999938964844,137.59010314941406,137.3699951171875,137.42950439453125,7560,0.0,0.0,0.0
2023-07-05 11:30:00-04:00,137.47999572753906,137.47999572753906,137.3000030517578,137.39999389648438,4635,0.0,0.0,0.0
2023-07-05 12:30:00-04:00,137.32000732421875,137.32000732421875,137.1199951171875,137.1199951171875,2782,0.0,0.0,0.0
2023-07-05 13:30:00-04:00,137.5153045654297,137.5153045654297,137.27999877929688,137.27999877929688,1210,0.0,0.0,0.0
2023-07-05 14:30:00-04:00,137.4300994873047,137.59979248046875,137.41000366210938,137.59979248046875,3393,0.0,0.0,0.0
2023-07-05 15:30:00-04:00,137.5,137.5800018310547,137.49000549316406,137.5780029296875,1012,0.0,0.0,0.0
2023-07-06 09:30:00-04:00,135.82000732421875,136.19000244140625,135.2301025390625,135.25010681152344,4290,0.0,0.0,0.0
2023-07-06 10:30:00-04:00,135.047607421875,135.047607421875,134.8300018310547,134.8300018310547,1009,0.0,0.0,0.0
2023-07-06 11:30:00-04:00,135.0706024169922,135.2899932861328,135.00999450683594,135.2899932861328,2346,0.0,0.0,0.0
2023-07-06 13:30:00-04:00,135.6199951171875,135.64999389648438,135.57000732421875,135.6199951171875,9097,0.0,0.0,0.0
2023-07-06 14:30:00-04:00,136.00999450683594,136.00999450683594,135.89500427246094,135.89500427246094,584,0.0,0.0,0.0
2023-07-06 15:30:00-04:00,135.9351043701172,135.9351043701172,135.77999877929688,135.86000061035156,7487,0.0,0.0,0.0
2023-07-07 11:30:00-04:00,136.91400146484375,136.91400146484375,136.91000366210938,136.91000366210938,0,0.0,0.0,0.0
2023-07-07 12:30:00-04:00,137.22000122070312,137.27999877929688,137.2100067138672,137.27999877929688,764,0.0,0.0,0.0
2023-07-07 13:30:00-04:00,137.10000610351562,137.1199951171875,136.97509765625,136.97509765625,1874,0.0,0.0,0.0
2023-07-07 14:30:00-04:00,136.97999572753906,137.0399932861328,136.94000244140625,136.94000244140625,1187,0.0,0.0,0.0
2023-07-07 15:30:00-04:00,136.85000610351562,136.85000610351562,136.33999633789062,136.33999633789062,3205,0.0,0.0,0.0
2023-07-10 09:30:00-04:00,136.05999755859375,138.58999633789062,136.05999755859375,138.2653045654297,0,0.0,0.0,0.0
2023-07-10 10:30:00-04:00,138.0937042236328,138.25,138.08999633789062,138.08999633789062,446,0.0,0.0,0.0
2023-07-10 11:30:00-04:00,138.24000549316406,138.24000549316406,138.24000549316406,138.24000549316406,120,0.0,0.0,0.0
2023-07-10 12:30:00-04:00,138.2899932861328,138.39999389648438,138.2899932861328,138.37319946289062,1640,0.0,0.0,0.0
2023-07-10 13:30:00-04:00,138.64059448242188,138.72999572753906,138.6083984375,138.69500732421875,2946,0.0,0.0,0.0
2023-07-10 15:30:00-04:00,138.66000366210938,138.8800048828125,138.5800018310547,138.8800048828125,2649,0.0,0.0,0.0
2023-07-11 09:30:00-04:00,140.0,140.69000244140625,139.76319885253906,140.5500030517578,29645,0.0,0.0,0.0
2023-07-11 10:30:00-04:00,140.52000427246094,140.639892578125,140.31500244140625,140.31500244140625,10119,0.0,0.0,0.0
2023-07-11 11:30:00-04:00,140.38999938964844,140.5500030517578,140.31500244140625,140.5500030517578,1281,0.0,0.0,0.0
2023-07-11 12:30:00-04:00,140.50999450683594,140.50999450683594,140.32000732421875,140.32000732421875,2173,0.0,0.0,0.0
2023-07-11 13:30:00-04:00,140.4499969482422,140.46949768066406,140.3000030517578,140.3000030517578,8574,0.0,0.0,0.0
2023-07-11 14:30:00-04:00,140.49000549316406,140.49000549316406,140.49000549316406,140.49000549316406,739,0.0,0.0,0.0
2023-07-11 15:30:00-04:00,140.53990173339844,140.96499633789062,140.52650451660156,140.78880310058594,0,0.0,0.0,0.0
2023-07-12 09:30:00-04:00,142.22999572753906,142.22999572753906,141.86300659179688,141.97000122070312,2282,0.0,0.0,0.0
2023-07-12 11:30:00-04:00,142.3000030517578,142.3000030517578,141.72000122070312,141.77999877929688,967,0.0,0.0,0.0
2023-07-12 13:30:00-04:00,142.1199951171875,142.1199951171875,142.1199951171875,142.1199951171875,794,0.0,0.0,0.0
2023-07-12 14:30:00-04:00,141.8699951171875,141.90499877929688,141.70750427246094,141.70750427246094,2537,0.0,0.0,0.0
2023-07-12 15:30:00-04:00,141.60000610351562,141.64999389648438,141.56680297851562,141.56680297851562,0,0.0,0.0,0.0
2023-07-13 09:30:00-04:00,142.5800018310547,142.5800018310547,142.29600524902344,142.29600524902344,1322,0.0,0.0,0.0
2023-07-13 10:30:00-04:00,142.25,142.25,141.6501007080078,141.6501007080078,1734,0.0,0.0,0.0
2023-07-13 14:30:00-04:00,141.80999755859375,141.83999633789062,141.80999755859375,141.83999633789062,688,0.0,0.0,0.0
2023-07-13 15:30:00-04:00,141.69569396972656,141.88999938964844,141.69569396972656,141.88999938964844,712,0.0,0.0,0.0
2023-07-14 09:30:00-04:00,141.2899932861328,141.44000244140625,140.9199981689453,140.9355010986328,0,0.0,0.0,0.0
2023-07-14 10:30:00-04:00,140.5,140.60069274902344,140.4700927734375,140.60069274902344,26779,0.0,0.0,0.0
2023-07-14 11:30:00-04:00,140.61000061035156,140.72000122070312,140.55999755859375,140.72000122070312,795,0.0,0.0,0.0
2023-07-14 12:30:00-04:00,140.7781982421875,140.78829956054688,140.7781982421875,140.78829956054688,691,0.0,0.0,0.0
2023-07-14 13:30:00-04:00,140.69769287109375,140.8040008544922,140.69769287109375,140.79930114746094,1987,0.0,0.0,0.0
2023-07-14 14:30:00-04:00,140.66000366210938,140.66000366210938,140.49000549316406,140.6584930419922,10164,0.0,0.0,0.0
2023-07-17 09:30:00-04:00,46.66999816894531,46.95000076293945,46.66999816894531,46.95000076293945,1756,0.0,0.0,0.0
2023-07-17 10:30:00-04:00,46.88999938964844,46.88999938964844,46.772300720214844,46.772300720214844,1109,0.0,0.0,0.0
2023-07-17 11:30:00-04:00,46.91999816894531,46.95000076293945,46.88999938964844,46.88999938964844,23027,0.0,0.0,0.0
2023-07-17 12:30:00-04:00,46.939998626708984,46.939998626708984,46.881099700927734,46.881099700927734,1800,0.0,0.0,0.0
2023-07-17 13:30:00-04:00,46.90999984741211,46.95000076293945,46.880001068115234,46.9474983215332,4680,0.0,0.0,0.0
2023-07-17 14:30:00-04:00,46.93000030517578,47.0099983215332,46.91999816894531,46.98500061035156,5980,0.0,0.0,0.0
2023-07-17 15:30:00-04:00,46.94499969482422,46.959999084472656,46.9026985168457,46.9026985168457,0,0.0,0.0,0.0
2023-07-18 09:30:00-04:00,46.849998474121094,47.34000015258789,46.849998474121094,47.31010055541992,29336,0.0,0.0,0.0
2023-07-18 10:30:00-04:00,47.279998779296875,47.290000915527344,47.279998779296875,47.279998779296875,2369,0.0,0.0,0.0
2023-07-18 11:30:00-04:00,47.2599983215332,47.2599983215332,47.02000045776367,47.02000045776367,4054,0.0,0.0,0.0
2023-07-18 13:30:00-04:00,47.119998931884766,47.119998931884766,47.119998931884766,47.119998931884766,196,0.0,0.0,0.0
2023-07-18 14:30:00-04:00,47.16999816894531,47.220001220703125,47.13999938964844,47.21500015258789,3198,0.0,0.0,0.0
2023-07-18 15:30:00-04:00,47.18000030517578,47.2599983215332,47.1697998046875,47.2599983215332,2289,0.0,0.0,0.0
2023-07-19 09:30:00-04:00,47.310001373291016,47.400001525878906,47.310001373291016,47.400001525878906,985,0.0,0.0,0.0
2023-07-19 10:30:00-04:00,47.380001068115234,47.38999938964844,47.2400016784668,47.246700286865234,2012,0.0,0.0,0.0
2023-07-19 11:30:00-04:00,47.275001525878906,47.32500076293945,47.25,47.32500076293945,0,0.0,0.0,0.0
2023-07-19 12:30:00-04:00,47.189998626708984,47.29999923706055,47.189998626708984,47.290000915527344,57067,0.0,0.0,0.0
2023-07-19 13:30:00-04:00,47.37649917602539,47.37649917602539,47.310001373291016,47.310001373291016,2634,0.0,0.0,0.0
2023-07-19 14:30:00-04:00,47.3400993347168,47.4900016784668,47.34000015258789,47.47999954223633,20699,0.0,0.0,0.0
2023-07-19 15:30:00-04:00,47.470001220703125,47.4900016784668,47.40999984741211,47.470001220703125,6839,0.0,0.0,0.0
2023-07-20 09:30:00-04:00,47.29999923706055,47.29999923706055,46.82500076293945,46.869998931884766,8497,0.0,0.0,0.0
2023-07-20 10:30:00-04:00,46.81999969482422,46.88999938964844,46.743099212646484,46.83000183105469,2281,0.0,0.0,0.0
2023-07-20 11:30:00-04:00,46.91999816894531,46.95000076293945,46.849998474121094,46.90999984741211,9174,0.0,0.0,0.0
2023-07-20 12:30:00-04:00,46.900001525878906,46.900001525878906,46.839900970458984,46.880001068115234,7944,0.0,0.0,0.0
2023-07-20 13:30:00-04:00,46.869998931884766,46.880001068115234,46.763099670410156,46.763099670410156,3962,0.0,0.0,0.0
2023-07-20 14:30:00-04:00,46.79999923706055,46.869998931884766,46.700801849365234,46.700801849365234,12362,0.0,0.0,0.0
2023-07-20 15:30:00-04:00,46.720001220703125,46.7421989440918,46.709999084472656,46.709999084472656,8737,0.0,0.0,0.0
2023-07-21 09:30:00-04:00,47.0,47.04999923706055,46.86989974975586,46.93000030517578,0,0.0,0.0,0.0
2023-07-21 10:30:00-04:00,46.900001525878906,46.970001220703125,46.900001525878906,46.970001220703125,5191,0.0,0.0,0.0
2023-07-21 13:30:00-04:00,46.94049835205078,46.94049835205078,46.86000061035156,46.86000061035156,2382,0.0,0.0,0.0
2023-07-21 14:30:00-04:00,46.87189865112305,46.93000030517578,46.87189865112305,46.91450119018555,3584,0.0,0.0,0.0
2023-07-21 15:30:00-04:00,46.86000061035156,46.880001068115234,46.79999923706055,46.79999923706055,7353,0.0,0.0,0.0
2023-07-24 09:30:00-04:00,46.86000061035156,46.97999954223633,46.66999816894531,46.78900146484375,0,0.0,0.0,0.0
2023-07-24 10:30:00-04:00,46.81840133666992,46.81840133666992,46.81840133666992,46.81840133666992,849,0.0,0.0,0.0
2023-07-24 11:30:00-04:00,46.96009826660156,46.980098724365234,46.96009826660156,46.980098724365234,3300,0.0,0.0,0.0
2023-07-24 12:30:00-04:00,46.99530029296875,46.99530029296875,46.99530029296875,46.99530029296875,492,0.0,0.0,0.0
2023-07-24 13:30:00-04:00,46.979000091552734,46.97999954223633,46.95000076293945,46.970001220703125,7612,0.0,0.0,0.0
2023-07-24 14:30:00-04:00,46.970001220703125,46.970001220703125,46.90999984741211,46.90999984741211,28663,0.0,0.0,0.0
2023-07-24 15:30:00-04:00,46.90999984741211,46.9900016784668,46.90999984741211,46.97999954223633,4496,0.0,0.0,0.0
2023-07-25 09:30:00-04:00,46.779998779296875,46.863800048828125,46.779998779296875,46.83000183105469,9138,0.0,0.0,0.0
2023-07-25 10:30:00-04:00,46.91999816894531,46.91999816894531,46.91999816894531,46.91999816894531,410,0.0,0.0,0.0
2023-07-25 11:30:00-04:00,46.90999984741211,46.939998626708984,46.90999984741211,46.939998626708984,27273,0.0,0.0,0.0
2023-07-25 12:30:00-04:00,46.90999984741211,46.94820022583008,46.90399932861328,46.94820022583008,3112,0.0,0.0,0.0
2023-07-25 13:30:00-04:00,46.939998626708984,46.939998626708984,46.939998626708984,46.939998626708984,235,0.0,0.0,0.0
2023-07-25 14:30:00-04:00,47.0098991394043,47.0098991394043,46.94900131225586,46.97999954223633,2843,0.0,0.0,0.0
2023-07-25 15:30:00-04:00,46.970001220703125,47.0,46.939998626708984,46.939998626708984,4277,0.0,0.0,0.0
2023-07-26 09:30:00-04:00,46.81999969482422,47.08000183105469,46.81999969482422,47.00529861450195,0,0.0,0.0,0.0
2023-07-26 10:30:00-04:00,47.0,47.0098991394043,46.99800109863281,46.99800109863281,1829,0.0,0.0,0.0
2023-07-26 11:30:00-04:00,46.96799850463867,47.069801330566406,46.95759963989258,47.069801330566406,2023,0.0,0.0,0.0
2023-07-26 12:30:00-04:00,47.0099983215332,47.04999923706055,46.9900016784668,47.04999923706055,1858,0.0,0.0,0.0
2023-07-26 13:30:00-04:00,47.040000915527344,47.150001525878906,47.040000915527344,47.150001525878906,4580,0.0,0.0,0.0
2023-07-26 14:30:00-04:00,47.189998626708984,47.38999938964844,47.150001525878906,47.220001220703125,5057,0.0,0.0,0.0
2023-07-26 15:30:00-04:00,47.18000030517578,47.27000045776367,47.16999816894531,47.27000045776367,2253,0.0,0.0,0.0
2023-07-27 09:30:00-04:00,47.4900016784668,47.599998474121094,47.380001068115234,47.38999938964844,0,0.0,0.0,0.0
2023-07-27 10:30:00-04:00,47.4900016784668,47.540000915527344,47.459999084472656,47.459999084472656,3763,0.0,0.0,0.0
2023-07-27 11:30:00-04:00,47.52009963989258,47.72999954223633,47.52009963989258,47.71500015258789,4482,0.0,0.0,0.0
2023-07-27 12:30:00-04:00,47.720001220703125,47.75,47.529998779296875,47.529998779296875,2720,0.0,0.0,0.0
2023-07-27 13:30:00-04:00,47.369998931884766,47.400001525878906,47.150001525878906,47.150001525878906,4161,0.0,0.0,0.0
2023-07-27 14:30:00-04:00,46.99610137939453,47.0099983215332,46.8849983215332,46.96500015258789,3563,0.0,0.0,0.0
2023-07-27 15:30:00-04:00,46.94620132446289,46.94620132446289,46.83789825439453,46.93000030517578,17023,0.0,0.0,0.0
2023-07-28 09:30:00-04:00,47.290000915527344,47.380001068115234,47.290000915527344,47.34000015258789,0,0.0,0.0,0.0
2023-07-28 10:30:00-04:00,47.27000045776367,47.27000045776367,47.27000045776367,47.27000045776367,395,0.0,0.0,0.0
2023-07-28 11:30:00-04:00,47.29999923706055,47.33000183105469,47.29999923706055,47.33000183105469,898,0.0,0.0,0.0
2023-07-28 13:30:00-04:00,47.189998626708984,47.209999084472656,47.150001525878906,47.209999084472656,2431,0.0,0.0,0.0
2023-07-28 14:30:00-04:00,47.23680114746094,47.244998931884766,47.20000076293945,47.20000076293945,3734,0.0,0.0,0.0
2023-07-28 15:30:00-04:00,47.22999954223633,47.2400016784668,47.220001220703125,47.220001220703125,3944,0.0,0.0,0.0
2023-07-31 09:30:00-04:00,47.33000183105469,47.540000915527344,47.33000183105469,47.540000915527344,2906,0.0,0.0,0.0
2023-07-31 10:30:00-04:00,47.5099983215332,47.5099983215332,47.40999984741211,47.40999984741211,15879,0.0,0.0,0.0
2023-07-31 11:30:00-04:00,47.380001068115234,47.380001068115234,47.33190155029297,47.354801177978516,3167,0.0,0.0,0.0
2023-07-31 12:30:00-04:00,47.34000015258789,47.36520004272461,47.279998779296875,47.33369827270508,10340,0.0,0.0,0.0
2023-07-31 13:30:00-04:00,47.415000915527344,47.429901123046875,47.358001708984375,47.358001708984375,3217,0.0,0.0,0.0
2023-07-31 14:30:00-04:00,47.40480041503906,47.40999984741211,47.380001068115234,47.40999984741211,1364,0.0,0.0,0.0
2023-07-31 15:30:00-04:00,47.373199462890625,47.5099983215332,47.373199462890625,47.5,5233,0.0,0.0,0.0
2023-08-01 09:30:00-04:00,47.119998931884766,47.260101318359375,47.02000045776367,47.03499984741211,0,0.0,0.0,0.0
2023-08-01 11:30:00-04:00,47.099998474121094,47.099998474121094,46.99660110473633,47.020999908447266,2282,0.0,0.0,0.0
2023-08-01 12:30:00-04:00,47.06999969482422,47.06999969482422,47.06999969482422,47.06999969482422,631,0.0,0.0,0.0
2023-08-01 13:30:00-04:00,47.08000183105469,47.150001525878906,47.08000183105469,47.150001525878906,34788,0.0,0.0,0.0
2023-08-01 14:30:00-04:00,47.130001068115234,47.16999816894531,47.099998474121094,47.130001068115234,5089,0.0,0.0,0.0
2023-08-01 15:30:00-04:00,47.099998474121094,47.13999938964844,47.060001373291016,47.099998474121094,79913,0.0,0.0,0.0
2023-08-02 09:30:00-04:00,46.58000183105469,46.75,46.5099983215332,46.66999816894531,126862,0.0,0.0,0.0
2023-08-02 10:30:00-04:00,46.66999816894531,46.68000030517578,46.41999816894531,46.41999816894531,1897,0.0,0.0,0.0
2023-08-02 11:30:00-04:00,46.540000915527344,46.61000061035156,46.459999084472656,46.459999084472656,17542,0.0,0.0,0.0
2023-08-02 12:30:00-04:00,46.54999923706055,46.599998474121094,46.529998779296875,46.599998474121094,3602,0.0,0.0,0.0
2023-08-02 13:30:00-04:00,46.630001068115234,46.63999938964844,46.503299713134766,46.503299713134766,1945,0.0,0.0,0.0
2023-08-02 14:30:00-04:00,46.45000076293945,46.459999084472656,46.41999816894531,46.43000030517578,7823,0.0,0.0,0.0
2023-08-02 15:30:00-04:00,46.380001068115234,46.47999954223633,46.380001068115234,46.43000030517578,3892,0.0,0.0,0.0
2023-08-03 09:30:00-04:00,46.04999923706055,46.11000061035156,45.97999954223633,45.9900016784668,0,0.0,0.0,0.0
2023-08-03 10:30:00-04:00,45.84000015258789,45.900001525878906,45.83000183105469,45.900001525878906,11041,0.0,0.0,0.0
2023-08-03 11:30:00-04:00,45.845001220703125,45.845001220703125,45.845001220703125,45.845001220703125,411,0.0,0.0,0.0
2023-08-03 13:30:00-04:00,46.06999969482422,46.06999969482422,45.97999954223633,45.97999954223633,1867,0.0,0.0,0.0
2023-08-03 14:30:00-04:00,46.0,46.0,45.900001525878906,45.969200134277344,8658,0.0,0.0,0.0
2023-08-03 15:30:00-04:00,45.970001220703125,46.02000045776367,45.970001220703125,46.02000045776367,6954,0.0,0.0,0.0
2023-08-04 09:30:00-04:00,46.38999938964844,46.38999938964844,46.06999969482422,46.16460037231445,3750,0.0,0.0,0.0
2023-08-04 10:30:00-04:00,46.45000076293945,46.52000045776367,46.402000427246094,46.45000076293945,3029,0.0,0.0,0.0
2023-08-04 11:30:00-04:00,46.38999938964844,46.47999954223633,46.38999938964844,46.47999954223633,1822,0.0,0.0,0.0
2023-08-04 12:30:00-04:00,46.50790023803711,46.525001525878906,46.435001373291016,46.435001373291016,5470,0.0,0.0,0.0
2023-08-04 13:30:00-04:00,46.415000915527344,46.41999816894531,46.11000061035156,46.11000061035156,8554,0.0,0.0,0.0
2023-08-04 14:30:00-04:00,46.099998474121094,46.099998474121094,45.970001220703125,45.9900016784668,237883,0.0,0.0,0.0
2023-08-04 15:30:00-04:00,46.0099983215332,46.0099983215332,45.91999816894531,45.975799560546875,4138,0.0,0.0,0.0
2023-08-07 09:30:00-04:00,46.060001373291016,46.36989974975586,46.060001373291016,46.150001525878906,0,0.0,0.0,0.0
2023-08-07 10:30:00-04:00,46.36000061035156,46.36000061035156,46.2599983215332,46.279998779296875,1062,0.0,0.0,0.0
2023-08-07 11:30:00-04:00,46.22999954223633,46.36249923706055,46.22999954223633,46.349998474121094,2730,0.0,0.0,0.0
2023-08-07 12:30:00-04:00,46.369998931884766,46.439998626708984,46.369998931884766,46.439998626708984,1163,0.0,0.0,0.0
2023-08-07 13:30:00-04:00,46.459999084472656,46.5,46.45000076293945,46.4900016784668,1331,0.0,0.0,0.0
2023-08-07 14:30:00-04:00,46.47999954223633,46.5099983215332,46.41999816894531,46.43000030517578,3367,0.0,0.0,0.0
2023-08-07 15:30:00-04:00,46.439998626708984,46.52000045776367,46.439998626708984,46.52000045776367,0,0.0,0.0,0.0
2023-08-08 09:30:00-04:00,46.02000045776367,46.022300720214844,45.7400016784668,45.849998474121094,56402,0.0,0.0,0.0
2023-08-08 10:30:00-04:00,45.84000015258789,45.92879867553711,45.779998779296875,45.880001068115234,42259,0.0,0.0,0.0
2023-08-08 11:30:00-04:00,45.88999938964844,45.9900016784668,45.849998474121094,45.97999954223633,28572,0.0,0.0,0.0
2023-08-08 12:30:00-04:00,45.9900016784668,46.18000030517578,45.9900016784668,46.119998931884766,27440,0.0,0.0,0.0
2023-08-08 13:30:00-04:00,46.15999984741211,46.244998931884766,46.11000061035156,46.22999954223633,26536,0.0,0.0,0.0
2023-08-08 14:30:00-04:00,46.2400016784668,46.34000015258789,46.220001220703125,46.33000183105469,35290,0.0,0.0,0.0
2023-08-08 15:30:00-04:00,46.33000183105469,46.369998931884766,46.279998779296875,46.34000015258789,50562,0.0,0.0,0.0
2023-08-09 09:30:00-04:00,46.369998931884766,46.400001525878906,46.310001373291016,46.31999969482422,0,0.0,0.0,0.0
2023-08-09 10:30:00-04:00,46.439998626708984,46.439998626708984,46.439998626708984,46.439998626708984,286,0.0,0.0,0.0
2023-08-09 11:30:00-04:00,46.08409881591797,46.08409881591797,45.994998931884766,45.994998931884766,786,0.0,0.0,0.0
2023-08-09 12:30:00-04:00,46.04999923706055,46.15999984741211,46.040000915527344,46.150001525878906,10223,0.0,0.0,0.0
2023-08-09 13:30:00-04:00,46.20090103149414,46.25,46.20090103149414,46.25,809,0.0,0.0,0.0
2023-08-09 14:30:00-04:00,46.290000915527344,46.310001373291016,46.220001220703125,46.22999954223633,11713,0.0,0.0,0.0
2023-08-09 15:30:00-04:00,46.220001220703125,46.2400016784668,45.97999954223633,45.97999954223633,0,0.0,0.0,0.0
2023-08-10 09:30:00-04:00,46.31999969482422,46.5099983215332,46.31999969482422,46.5099983215332,5533,0.0,0.0,0.0
2023-08-10 10:30:00-04:00,46.1349983215332,46.1349983215332,46.12009811401367,46.12009811401367,2550,0.0,0.0,0.0
2023-08-10 11:30:00-04:00,45.9900016784668,45.9900016784668,45.80670166015625,45.810001373291016,1871,0.0,0.0,0.0
2023-08-10 12:30:00-04:00,45.96310043334961,45.96310043334961,45.760101318359375,45.760101318359375,2001,0.0,0.0,0.0
2023-08-10 13:30:00-04:00,45.83000183105469,45.8557014465332,45.810001373291016,45.8557014465332,7574,0.0,0.0,0.0
2023-08-10 14:30:00-04:00,45.790000915527344,45.89799880981445,45.7400016784668,45.7400016784668,2200,0.0,0.0,0.0
2023-08-10 15:30:00-04:00,45.73500061035156,45.79999923706055,45.720001220703125,45.77000045776367,10694,0.0,0.0,0.0
2023-08-11 09:30:00-04:00,45.619998931884766,45.619998931884766,45.439998626708984,45.58000183105469,1802,0.0,0.0,0.0
2023-08-11 10:30:00-04:00,45.61000061035156,45.61000061035156,45.61000061035156,45.61000061035156,226,0.0,0.0,0.0
2023-08-11 11:30:00-04:00,45.58000183105469,45.58000183105469,45.58000183105469,45.58000183105469,2160,0.0,0.0,0.0
2023-08-11 12:30:00-04:00,45.480098724365234,45.50630187988281,45.435001373291016,45.50630187988281,1262,0.0,0.0,0.0
2023-08-11 13:30:00-04:00,45.5099983215332,45.51219940185547,45.5099983215332,45.51219940185547,2796,0.0,0.0,0.0
2023-08-11 14:30:00-04:00,45.53519821166992,45.59960174560547,45.53519821166992,45.59000015258789,1914,0.0,0.0,0.0
2023-08-11 15:30:00-04:00,45.581199645996094,45.581199645996094,45.50080108642578,45.529998779296875,5006,0.0,0.0,0.0
2023-08-14 09:30:00-04:00,45.310001373291016,45.36000061035156,45.2599983215332,45.345001220703125,0,0.0,0.0,0.0
2023-08-14 10:30:00-04:00,45.380001068115234,45.435001373291016,45.3650016784668,45.380001068115234,10452,0.0,0.0,0.0
2023-08-14 11:30:00-04:00,45.43000030517578,45.459999084472656,45.380001068115234,45.439998626708984,2398,0.0,0.0,0.0
2023-08-14 12:30:00-04:00,45.4900016784668,45.49509811401367,45.4900016784668,45.49509811401367,2189,0.0,0.0,0.0
2023-08-14 13:30:00-04:00,45.4900016784668,45.503299713134766,45.474998474121094,45.47999954223633,1218,0.0,0.0,0.0
2023-08-14 14:30:00-04:00,45.5099983215332,45.53689956665039,45.4900016784668,45.5,4219,0.0,0.0,0.0
2023-08-14 15:30:00-04:00,45.565399169921875,45.616798400878906,45.565399169921875,45.61090087890625,641,0.0,0.0,0.0
2023-08-15 09:30:00-04:00,45.560001373291016,45.560001373291016,45.15999984741211,45.20000076293945,0,0.0,0.0,0.0
2023-08-15 10:30:00-04:00,45.15999984741211,45.279998779296875,45.15999984741211,45.27000045776367,1621,0.0,0.0,0.0
2023-08-15 11:30:00-04:00,45.30149841308594,45.30149841308594,45.22999954223633,45.22999954223633,5657,0.0,0.0,0.0
2023-08-15 12:30:00-04:00,45.209999084472656,45.22999954223633,45.209999084472656,45.209999084472656,0,0.0,0.0,0.0
2023-08-15 13:30:00-04:00,45.2400016784668,45.25899887084961,45.209999084472656,45.25899887084961,17999,0.0,0.0,0.0
2023-08-15 14:30:00-04:00,45.29999923706055,45.29999923706055,45.150001525878906,45.150001525878906,3304,0.0,0.0,0.0
2023-08-15 15:30:00-04:00,45.150001525878906,45.17729949951172,45.13999938964844,45.17729949951172,0,0.0,0.0,0.0
2023-08-16 09:30:00-04:00,45.189998626708984,45.220001220703125,45.189998626708984,45.220001220703125,1409,0.0,0.0,0.0
2023-08-16 10:30:00-04:00,45.127498626708984,45.1952018737793,45.127498626708984,45.1952018737793,0,0.0,0.0,0.0
2023-08-16 11:30:00-04:00,45.220001220703125,45.220001220703125,45.099998474121094,45.099998474121094,4758,0.0,0.0,0.0
2023-08-16 12:30:00-04:00,45.099998474121094,45.099998474121094,44.95000076293945,44.9900016784668,7028,0.0,0.0,0.0
2023-08-16 13:30:00-04:00,45.040000915527344,45.149898529052734,44.97999954223633,45.099998474121094,12632,0.0,0.0,0.0
2023-08-16 14:30:00-04:00,45.130001068115234,45.130001068115234,44.86000061035156,44.86000061035156,3486,0.0,0.0,0.0
2023-08-16 15:30:00-04:00,44.88999938964844,44.88999938964844,44.81999969482422,44.81999969482422,10192,0.0,0.0,0.0
2023-08-17 09:30:00-04:00,44.93000030517578,44.9900016784668,44.779998779296875,44.849998474121094,0,0.0,0.0,0.0
2023-08-17 10:30:00-04:00,44.76029968261719,44.76029968261719,44.63999938964844,44.63999938964844,920,0.0,0.0,0.0
2023-08-17 11:30:00-04:00,44.59000015258789,44.66999816894531,44.56679916381836,44.66230010986328,1911,0.0,0.0,0.0
2023-08-17 12:30:00-04:00,44.68349838256836,44.68349838256836,44.68349838256836,44.68349838256836,622,0.0,0.0,0.0
2023-08-17 13:30:00-04:00,44.61000061035156,44.61000061035156,44.400001525878906,44.459999084472656,28124,0.0,0.0,0.0
2023-08-17 14:30:00-04:00,44.40999984741211,44.40999984741211,44.118099212646484,44.20000076293945,28297,0.0,0.0,0.0
2023-08-17 15:30:00-04:00,44.15999984741211,44.15999984741211,44.099998474121094,44.099998474121094,0,0.0,0.0,0.0
2023-08-18 09:30:00-04:00,43.83000183105469,44.24549865722656,43.83000183105469,44.16999816894531,3243,0.0,0.0,0.0
2023-08-18 10:30:00-04:00,44.13999938964844,44.24330139160156,44.13349914550781,44.24330139160156,4315,0.0,0.0,0.0
2023-08-18 11:30:00-04:00,44.16999816894531,44.27000045776367,44.16999816894531,44.2422981262207,1029,0.0,0.0,0.0
2023-08-18 12:30:00-04:00,44.220001220703125,44.220001220703125,44.13999938964844,44.13999938964844,4861,0.0,0.0,0.0
2023-08-18 13:30:00-04:00,44.150001525878906,44.17530059814453,44.150001525878906,44.17530059814453,1431,0.0,0.0,0.0
2023-08-18 14:30:00-04:00,44.172298431396484,44.189998626708984,44.13999938964844,44.14030075073242,3012,0.0,0.0,0.0
2023-08-18 15:30:00-04:00,44.11000061035156,44.2400016784668,44.11000061035156,44.13679885864258,5230,0.0,0.0,0.0
2023-08-21 09:30:00-04:00,44.209999084472656,44.25,44.209999084472656,44.25,0,0.0,0.0,0.0
2023-08-21 10:30:00-04:00,43.9900016784668,43.9900016784668,43.89680099487305,43.926300048828125,11137,0.0,0.0,0.0
2023-08-21 11:30:00-04:00,43.91999816894531,43.939998626708984,43.80500030517578,43.880001068115234,6912,0.0,0.0,0.0
2023-08-21 12:30:00-04:00,43.875,43.88999938964844,43.875,43.88999938964844,1999,0.0,0.0,0.0
2023-08-21 13:30:00-04:00,43.96009826660156,43.96009826660156,43.90999984741211,43.90999984741211,426,0.0,0.0,0.0
2023-08-21 14:30:00-04:00,43.9900016784668,44.060001373291016,43.9900016784668,44.060001373291016,27036,0.0,0.0,0.0
2023-08-21 15:30:00-04:00,44.08000183105469,44.08000183105469,44.02000045776367,44.038700103759766,0,0.0,0.0,0.0
2023-08-22 09:30:00-04:00,44.2400016784668,44.2400016784668,43.900001525878906,43.900001525878906,1230,0.0,0.0,0.0
2023-08-22 10:30:00-04:00,43.88999938964844,43.939998626708984,43.88999938964844,43.939998626708984,0,0.0,0.0,0.0
2023-08-22 11:30:00-04:00,44.04999923706055,44.04999923706055,43.93000030517578,43.93000030517578,8612,0.0,0.0,0.0
2023-08-22 12:30:00-04:00,44.02790069580078,44.040000915527344,43.93000030517578,43.93000030517578,3921,0.0,0.0,0.0
2023-08-22 13:30:00-04:00,43.939998626708984,43.95000076293945,43.92499923706055,43.95000076293945,996,0.0,0.0,0.0
2023-08-22 14:30:00-04:00,43.994998931884766,44.060001373291016,43.959999084472656,44.0,3852,0.0,0.0,0.0
2023-08-22 15:30:00-04:00,43.9900016784668,43.9900016784668,43.939998626708984,43.970699310302734,0,0.0,0.0,0.0
2023-08-23 09:30:00-04:00,43.810001373291016,44.099998474121094,43.810001373291016,44.08000183105469,1303,0.0,0.0,0.0
2023-08-23 10:30:00-04:00,44.13999938964844,44.28900146484375,44.13999938964844,44.22999954223633,2918,0.0,0.0,0.0
2023-08-23 11:30:00-04:00,44.290000915527344,44.290000915527344,44.245399475097656,44.26179885864258,13759,0.0,0.0,0.0
2023-08-23 12:30:00-04:00,44.36819839477539,44.369998931884766,44.36819839477539,44.369998931884766,583,0.0,0.0,0.0
2023-08-23 13:30:00-04:00,44.402000427246094,44.45000076293945,44.402000427246094,44.409000396728516,1554,0.0,0.0,0.0
2023-08-23 14:30:00-04:00,44.43000030517578,44.439998626708984,44.40999984741211,44.42340087890625,34940,0.0,0.0,0.0
2023-08-23 15:30:00-04:00,44.439998626708984,44.439998626708984,44.36000061035156,44.36000061035156,953,0.0,0.0,0.0
2023-08-24 09:30:00-04:00,44.38999938964844,44.404998779296875,44.16749954223633,44.16749954223633,0,0.0,0.0,0.0
2023-08-24 10:30:00-04:00,44.119998931884766,44.194400787353516,44.029998779296875,44.029998779296875,2355,0.0,0.0,0.0
2023-08-24 11:30:00-04:00,43.91999816894531,44.01499938964844,43.9109992980957,43.97010040283203,2432,0.0,0.0,0.0
2023-08-24 12:30:00-04:00,44.05500030517578,44.056800842285156,43.90010070800781,43.912200927734375,1509,0.0,0.0,0.0
2023-08-24 13:30:00-04:00,43.8650016784668,43.9099006652832,43.86000061035156,43.86970138549805,2550,0.0,0.0,0.0
2023-08-24 14:30:00-04:00,43.81999969482422,43.8849983215332,43.801700592041016,43.855201721191406,1745,0.0,0.0,0.0
2023-08-24 15:30:00-04:00,43.849998474121094,43.849998474121094,43.689998626708984,43.70240020751953,0,0.0,0.0,0.0
2023-08-25 09:30:00-04:00,43.939998626708984,44.00859832763672,43.63999938964844,43.63999938964844,3578,0.0,0.0,0.0
2023-08-25 10:30:00-04:00,43.65019989013672,43.65019989013672,43.44820022583008,43.5099983215332,6837,0.0,0.0,0.0
2023-08-25 11:30:00-04:00,43.68000030517578,43.72999954223633,43.54999923706055,43.692298889160156,14751,0.0,0.0,0.0
2023-08-25 12:30:00-04:00,43.7224006652832,43.75790023803711,43.611698150634766,43.611698150634766,3281,0.0,0.0,0.0
2023-08-25 13:30:00-04:00,43.61000061035156,43.85350036621094,43.58649826049805,43.85350036621094,4492,0.0,0.0,0.0
2023-08-25 14:30:00-04:00,43.90999984741211,43.970001220703125,43.86000061035156,43.93000030517578,3655,0.0,0.0,0.0
2023-08-25 15:30:00-04:00,43.91999816894531,43.91999816894531,43.790000915527344,43.790000915527344,6275,0.0,0.0,0.0
2023-08-28 09:30:00-04:00,44.20000076293945,44.20899963378906,44.20000076293945,44.20899963378906,521,0.0,0.0,0.0
2023-08-28 10:30:00-04:00,44.229000091552734,44.22999954223633,44.11000061035156,44.130001068115234,12705,0.0,0.0,0.0
2023-08-28 11:30:00-04:00,44.09000015258789,44.09000015258789,44.0890007019043,44.09000015258789,1178,0.0,0.0,0.0
2023-08-28 12:30:00-04:00,44.064998626708984,44.22999954223633,44.064998626708984,44.22999954223633,2660,0.0,0.0,0.0
2023-08-28 13:30:00-04:00,44.130001068115234,44.130001068115234,44.00389862060547,44.00389862060547,1399,0.0,0.0,0.0
2023-08-28 14:30:00-04:00,44.06999969482422,44.099998474121094,44.04999923706055,44.099998474121094,2103,0.0,0.0,0.0
2023-08-28 15:30:00-04:00,44.13999938964844,44.25,44.13999938964844,44.20000076293945,0,0.0,0.0,0.0
2023-08-29 09:30:00-04:00,44.2411003112793,44.466400146484375,44.2411003112793,44.466400146484375,542,0.0,0.0,0.0
2023-08-29 10:30:00-04:00,44.529998779296875,44.630001068115234,44.529998779296875,44.630001068115234,840,0.0,0.0,0.0
2023-08-29 11:30:00-04:00,44.65999984741211,44.86000061035156,44.65999984741211,44.86000061035156,4263,0.0,0.0,0.0
2023-08-29 12:30:00-04:00,44.790000915527344,44.82630157470703,44.790000915527344,44.82630157470703,1078,0.0,0.0,0.0
2023-08-29 13:30:00-04:00,44.84000015258789,44.84000015258789,44.77000045776367,44.810001373291016,3041,0.0,0.0,0.0
2023-08-29 14:30:00-04:00,44.849998474121094,44.869998931884766,44.81999969482422,44.834999084472656,8123,0.0,0.0,0.0
2023-08-29 15:30:00-04:00,44.872501373291016,44.88999938964844,44.84400177001953,44.88999938964844,0,0.0,0.0,0.0
2023-08-30 09:30:00-04:00,44.81999969482422,45.150001525878906,44.81999969482422,44.95000076293945,6478,0.0,0.0,0.0
2023-08-30 10:30:00-04:00,45.036800384521484,45.14550018310547,45.036800384521484,45.13650131225586,2636,0.0,0.0,0.0
2023-08-30 11:30:00-04:00,45.15489959716797,45.25,45.15489959716797,45.23500061035156,7981,0.0,0.0,0.0
2023-08-30 12:30:00-04:00,45.220001220703125,45.25,45.209999084472656,45.2400016784668,2910,0.0,0.0,0.0
2023-08-30 13:30:00-04:00,45.16960144042969,45.16960144042969,45.119998931884766,45.119998931884766,1435,0.0,0.0,0.0
2023-08-30 14:30:00-04:00,45.169898986816406,45.189998626708984,45.169898986816406,45.189998626708984,1224,0.0,0.0,0.0
2023-08-30 15:30:00-04:00,45.18000030517578,45.189998626708984,45.135398864746094,45.150001525878906,3067,0.0,0.0,0.0
2023-08-31 09:30:00-04:00,45.189998626708984,45.29999923706055,45.189998626708984,45.189998626708984,0,0.0,0.0,0.0
2023-08-31 10:30:00-04:00,45.2400016784668,45.255001068115234,45.2400016784668,45.255001068115234,2342,0.0,0.0,0.0
2023-08-31 11:30:00-04:00,45.25339889526367,45.25339889526367,45.25339889526367,45.25339889526367,1798,0.0,0.0,0.0
2023-08-31 12:30:00-04:00,45.28499984741211,45.28499984741211,45.28499984741211,45.28499984741211,319,0.0,0.0,0.0
2023-08-31 13:30:00-04:00,45.28350067138672,45.28350067138672,45.28350067138672,45.28350067138672,541,0.0,0.0,0.0
2023-08-31 14:30:00-04:00,45.2400016784668,45.2400016784668,45.2400016784668,45.2400016784668,602,0.0,0.0,0.0
2023-08-31 15:30:00-04:00,45.150001525878906,45.18000030517578,45.04999923706055,45.04999923706055,0,0.0,0.0,0.0
2023-09-01 09:30:00-04:00,45.279998779296875,45.40999984741211,45.27000045776367,45.38999938964844,2316,0.0,0.0,0.0
2023-09-01 10:30:00-04:00,45.279998779296875,45.3026008605957,45.279998779296875,45.3026008605957,300,0.0,0.0,0.0
2023-09-01 11:30:00-04:00,45.137001037597656,45.189998626708984,45.137001037597656,45.189998626708984,3344,0.0,0.0,0.0
2023-09-01 12:30:00-04:00,45.25,45.264198303222656,45.25,45.25,438,0.0,0.0,0.0
2023-09-01 13:30:00-04:00,45.24800109863281,45.27000045776367,45.209999084472656,45.209999084472656,8042,0.0,0.0,0.0
2023-09-01 14:30:00-04:00,45.13999938964844,45.278099060058594,45.13999938964844,45.278099060058594,2073,0.0,0.0,0.0
2023-09-01 15:30:00-04:00,45.31999969482422,45.36000061035156,45.290000915527344,45.349998474121094,8898,0.0,0.0,0.0
2023-09-05 09:30:00-04:00,45.15999984741211,45.15999984741211,44.58000183105469,44.58000183105469,10892,0.0,0.0,0.0
2023-09-05 10:30:00-04:00,44.84000015258789,44.84000015258789,44.78609848022461,44.78609848022461,447,0.0,0.0,0.0
2023-09-05 11:30:00-04:00,44.68960189819336,44.70000076293945,44.68960189819336,44.69900131225586,1392,0.0,0.0,0.0
2023-09-05 12:30:00-04:00,44.72999954223633,44.72999954223633,44.59000015258789,44.59000015258789,1720,0.0,0.0,0.0
2023-09-05 13:30:00-04:00,44.665000915527344,44.66619873046875,44.665000915527344,44.66579818725586,712,0.0,0.0,0.0
2023-09-05 14:30:00-04:00,44.727500915527344,44.72999954223633,44.65999984741211,44.65999984741211,4819,0.0,0.0,0.0
2023-09-05 15:30:00-04:00,44.64120101928711,44.64120101928711,44.59000015258789,44.61000061035156,13569,0.0,0.0,0.0
2023-09-06 09:30:00-04:00,44.52000045776367,44.60499954223633,44.45000076293945,44.45000076293945,8660,0.0,0.0,0.0
2023-09-06 10:30:00-04:00,44.34000015258789,44.34000015258789,44.34000015258789,44.34000015258789,334,0.0,0.0,0.0
2023-09-06 11:30:00-04:00,44.31999969482422,44.31999969482422,44.27560043334961,44.279998779296875,831,0.0,0.0,0.0
2023-09-06 12:30:00-04:00,44.224998474121094,44.224998474121094,44.220001220703125,44.220001220703125,465,0.0,0.0,0.0
2023-09-06 13:30:00-04:00,44.244998931884766,44.34000015258789,44.244998931884766,44.34000015258789,2528,0.0,0.0,0.0
2023-09-06 14:30:00-04:00,44.349998474121094,44.41999816894531,44.349998474121094,44.41999816894531,777,0.0,0.0,0.0
2023-09-06 15:30:00-04:00,44.4656982421875,44.4656982421875,44.40999984741211,44.41999816894531,22740,0.0,0.0,0.0
2023-09-07 09:30:00-04:00,44.25,44.25,43.92499923706055,43.92499923706055,4139,0.0,0.0,0.0
2023-09-07 10:30:00-04:00,43.956199645996094,43.959999084472656,43.956199645996094,43.959999084472656,989,0.0,0.0,0.0
2023-09-07 11:30:00-04:00,44.08000183105469,44.08000183105469,44.08000183105469,44.08000183105469,204,0.0,0.0,0.0
2023-09-07 12:30:00-04:00,44.099998474121094,44.183799743652344,44.099998474121094,44.165000915527344,1397,0.0,0.0,0.0
2023-09-07 13:30:00-04:00,44.179100036621094,44.22999954223633,44.16360092163086,44.16360092163086,1546,0.0,0.0,0.0
2023-09-07 14:30:00-04:00,44.189998626708984,44.209999084472656,44.16999816894531,44.16999816894531,2373,0.0,0.0,0.0
2023-09-07 15:30:00-04:00,44.188499450683594,44.2400016784668,44.188499450683594,44.20000076293945,3212,0.0,0.0,0.0
2023-09-08 09:30:00-04:00,44.189998626708984,44.44499969482422,44.18000030517578,44.44499969482422,0,0.0,0.0,0.0
2023-09-08 10:30:00-04:00,44.39500045776367,44.400001525878906,44.36000061035156,44.367401123046875,3573,0.0,0.0,0.0
2023-09-08 11:30:00-04:00,44.41680145263672,44.41680145263672,44.349300384521484,44.349300384521484,2755,0.0,0.0,0.0
2023-09-08 12:30:00-04:00,44.370399475097656,44.380001068115234,44.290000915527344,44.290000915527344,1305,0.0,0.0,0.0
2023-09-08 13:30:00-04:00,44.25,44.25,44.25,44.25,102,0.0,0.0,0.0
2023-09-08 14:30:00-04:00,44.189998626708984,44.227901458740234,44.189998626708984,44.225399017333984,1282,0.0,0.0,0.0
2023-09-08 15:30:00-04:00,44.252601623535156,44.2599983215332,44.23870086669922,44.23870086669922,2112,0.0,0.0,0.0
2023-09-11 09:30:00-04:00,44.459999084472656,44.540000915527344,44.35380172729492,44.462100982666016,0,0.0,0.0,0.0
2023-09-11 10:30:00-04:00,44.36009979248047,44.364200592041016,44.2599983215332,44.2599983215332,1871,0.0,0.0,0.0
2023-09-11 11:30:00-04:00,44.209999084472656,44.22999954223633,44.19499969482422,44.22999954223633,1109,0.0,0.0,0.0
2023-09-11 12:30:00-04:00,44.223201751708984,44.30500030517578,44.223201751708984,44.30500030517578,2265,0.0,0.0,0.0
2023-09-11 13:30:00-04:00,44.31999969482422,44.31999969482422,44.31999969482422,44.31999969482422,191,0.0,0.0,0.0
2023-09-11 14:30:00-04:00,44.29999923706055,44.31999969482422,44.25849914550781,44.28950119018555,6650,0.0,0.0,0.0
2023-09-11 15:30:00-04:00,44.22990036010742,44.22990036010742,44.220001220703125,44.2218017578125,1772,0.0,0.0,0.0
2023-09-12 09:30:00-04:00,44.060001373291016,44.43989944458008,44.060001373291016,44.38999938964844,0,0.0,0.0,0.0
2023-09-12 10:30:00-04:00,44.359901428222656,44.359901428222656,44.15999984741211,44.18000030517578,1142,0.0,0.0,0.0
2023-09-12 11:30:00-04:00,44.255001068115234,44.27000045776367,44.2400016784668,44.27000045776367,17075,0.0,0.0,0.0
2023-09-12 12:30:00-04:00,44.27000045776367,44.45000076293945,44.27000045776367,44.45000076293945,1147,0.0,0.0,0.0
2023-09-12 13:30:00-04:00,44.4567985534668,44.4567985534668,44.34000015258789,44.36000061035156,31805,0.0,0.0,0.0
2023-09-12 14:30:00-04:00,44.334999084472656,44.334999084472656,44.189998626708984,44.20000076293945,42059,0.0,0.0,0.0
2023-09-12 15:30:00-04:00,44.21839904785156,44.220001220703125,44.20000076293945,44.209999084472656,10421,0.0,0.0,0.0
2023-09-13 09:30:00-04:00,44.150001525878906,44.18000030517578,43.95000076293945,43.95000076293945,2051,0.0,0.0,0.0
2023-09-13 10:30:00-04:00,44.0349006652832,44.11029815673828,44.0349006652832,44.11000061035156,776,0.0,0.0,0.0
2023-09-13 11:30:00-04:00,44.12160110473633,44.12160110473633,44.02000045776367,44.09000015258789,11291,0.0,0.0,0.0
2023-09-13 13:30:00-04:00,43.9900016784668,43.9900016784668,43.9900016784668,43.9900016784668,397,0.0,0.0,0.0
2023-09-13 14:30:00-04:00,43.93000030517578,43.93000030517578,43.77880096435547,43.83000183105469,5394,0.0,0.0,0.0
2023-09-13 15:30:00-04:00,43.850101470947266,43.90999984741211,43.850101470947266,43.90999984741211,0,0.0,0.0,0.0
2023-09-14 09:30:00-04:00,44.209999084472656,44.220001220703125,44.142799377441406,44.142799377441406,861,0.0,0.0,0.0
2023-09-14 10:30:00-04:00,44.276100158691406,44.35459899902344,44.276100158691406,44.35459899902344,612,0.0,0.0,0.0
2023-09-14 11:30:00-04:00,44.36000061035156,44.412498474121094,44.36000061035156,44.412498474121094,1391,0.0,0.0,0.0
2023-09-14 13:30:00-04:00,44.39670181274414,44.400001525878906,44.392398834228516,44.392398834228516,1016,0.0,0.0,0.0
2023-09-14 14:30:00-04:00,44.424800872802734,44.488399505615234,44.424800872802734,44.45000076293945,1196,0.0,0.0,0.0
2023-09-14 15:30:00-04:00,44.439998626708984,44.5,44.439998626708984,44.4900016784668,6705,0.0,0.0,0.0
2023-09-15 09:30:00-04:00,44.380001068115234,44.380001068115234,44.23500061035156,44.31999969482422,5951,0.0,0.0,0.0
2023-09-15 10:30:00-04:00,44.16999816894531,44.16999816894531,44.15999984741211,44.15999984741211,314,0.0,0.0,0.0
2023-09-15 11:30:00-04:00,44.20119857788086,44.220001220703125,44.189998626708984,44.220001220703125,892,0.0,0.0,0.0
2023-09-15 12:30:00-04:00,44.11000061035156,44.11000061035156,44.0,44.0098991394043,5219,0.0,0.0,0.0
2023-09-15 13:30:00-04:00,43.97999954223633,44.04999923706055,43.970001220703125,44.029998779296875,2954,0.0,0.0,0.0
2023-09-15 14:30:00-04:00,44.005001068115234,44.029998779296875,44.005001068115234,44.02799987792969,1125,0.0,0.0,0.0
2023-09-15 15:30:00-04:00,43.970001220703125,44.01459884643555,43.939998626708984,43.97999954223633,3600,0.0,0.0,0.0
2023-09-18 09:30:00-04:00,43.70000076293945,43.720001220703125,43.70000076293945,43.720001220703125,0,0.0,0.0,0.0
2023-09-18 10:30:00-04:00,43.70000076293945,43.70000076293945,43.630001068115234,43.630001068115234,608,0.0,0.0,0.0
2023-09-18 12:30:00-04:00,43.709999084472656,43.71260070800781,43.709999084472656,43.71260070800781,1246,0.0,0.0,0.0
2023-09-18 13:30:00-04:00,43.68000030517578,43.6880989074707,43.68000030517578,43.6880989074707,787,0.0,0.0,0.0
2023-09-18 14:30:00-04:00,43.59239959716797,43.59239959716797,43.59000015258789,43.59000015258789,2565,0.0,0.0,0.0
2023-09-18 15:30:00-04:00,43.54999923706055,43.54999923706055,43.52000045776367,43.529701232910156,0,0.0,0.0,0.0
2023-09-19 09:30:00-04:00,43.380001068115234,43.459999084472656,43.21860122680664,43.27000045776367,4384,0.0,0.0,0.0
2023-09-19 10:30:00-04:00,43.189998626708984,43.279998779296875,43.189998626708984,43.279998779296875,11352,0.0,0.0,0.0
2023-09-19 11:30:00-04:00,43.279998779296875,43.33000183105469,43.279998779296875,43.279998779296875,69873,0.0,0.0,0.0
2023-09-19 12:30:00-04:00,43.279998779296875,43.32820129394531,43.22999954223633,43.32820129394531,17881,0.0,0.0,0.0
2023-09-19 13:30:00-04:00,43.33000183105469,43.41999816894531,43.33000183105469,43.41999816894531,7438,0.0,0.0,0.0
2023-09-19 14:30:00-04:00,43.4119987487793,43.4900016784668,43.37369918823242,43.45000076293945,7507,0.0,0.0,0.0
2023-09-19 15:30:00-04:00,43.45000076293945,43.507999420166016,43.45000076293945,43.47740173339844,0,0.0,0.0,0.0
2023-09-20 09:30:00-04:00,43.69929885864258,43.69929885864258,43.69929885864258,43.69929885864258,399,0.0,0.0,0.0
2023-09-20 10:30:00-04:00,43.779998779296875,43.779998779296875,43.75550079345703,43.75550079345703,294,0.0,0.0,0.0
2023-09-20 11:30:00-04:00,43.80500030517578,43.83000183105469,43.79999923706055,43.82500076293945,47615,0.0,0.0,0.0
2023-09-20 12:30:00-04:00,43.779998779296875,43.78010177612305,43.77009963989258,43.77009963989258,2592,0.0,0.0,0.0
2023-09-20 13:30:00-04:00,43.709999084472656,43.7400016784668,43.68000030517578,43.69490051269531,2047,0.0,0.0,0.0
2023-09-20 14:30:00-04:00,43.619998931884766,43.619998931884766,43.590301513671875,43.590301513671875,644,0.0,0.0,0.0
2023-09-20 15:30:00-04:00,43.290000915527344,43.31999969482422,43.209999084472656,43.25,0,0.0,0.0,0.0
2023-09-21 09:30:00-04:00,42.630001068115234,42.630001068115234,42.470001220703125,42.567901611328125,4515,0.0,0.0,0.0
2023-09-21 10:30:00-04:00,42.560001373291016,42.59000015258789,42.439998626708984,42.4900016784668,57096,0.0,0.0,0.0
2023-09-21 11:30:00-04:00,42.54999923706055,42.54999923706055,42.50230026245117,42.5098991394043,4319,0.0,0.0,0.0
2023-09-21 12:30:00-04:00,42.4900016784668,42.598899841308594,42.41999816894531,42.598899841308594,34492,0.0,0.0,0.0
2023-09-21 13:30:00-04:00,42.58190155029297,42.599998474121094,42.55500030517578,42.55500030517578,3679,0.0,0.0,0.0
2023-09-21 14:30:00-04:00,42.47999954223633,42.540000915527344,42.39899826049805,42.39899826049805,10693,0.0,0.0,0.0
2023-09-21 15:30:00-04:00,42.400001525878906,42.400001525878906,42.25,42.25,0,0.0,0.0,0.0
2023-09-22 09:30:00-04:00,42.5099983215332,42.5099983215332,42.2843017578125,42.29999923706055,1522,0.0,0.0,0.0
2023-09-22 10:30:00-04:00,42.34000015258789,42.46730041503906,42.33000183105469,42.33000183105469,3005,0.0,0.0,0.0
2023-09-22 11:30:00-04:00,42.2599983215332,42.2599983215332,42.2599983215332,42.2599983215332,168,0.0,0.0,0.0
2023-09-22 12:30:00-04:00,42.29650115966797,42.29650115966797,42.29650115966797,42.29650115966797,405,0.0,0.0,0.0
2023-09-22 13:30:00-04:00,42.06999969482422,42.06999969482422,42.06010055541992,42.06010055541992,522,0.0,0.0,0.0
2023-09-22 14:30:00-04:00,42.00630187988281,42.119998931884766,41.97999954223633,42.119998931884766,2882,0.0,0.0,0.0
2023-09-22 15:30:00-04:00,41.9900016784668,41.9900016784668,41.98789978027344,41.98789978027344,335,0.0,0.0,0.0
2023-09-25 09:30:00-04:00,41.790000915527344,42.01139831542969,41.75,41.88999938964844,7349,0.0,0.0,0.0
2023-09-25 10:30:00-04:00,41.959999084472656,42.099998474121094,41.959999084472656,42.099998474121094,2443,0.0,0.0,0.0
2023-09-25 11:30:00-04:00,42.06999969482422,42.099998474121094,42.061798095703125,42.099998474121094,4928,0.0,0.0,0.0
2023-09-25 14:30:00-04:00,42.050899505615234,42.050899505615234,41.939998626708984,42.0,2362,0.0,0.0,0.0
2023-09-25 15:30:00-04:00,41.98500061035156,42.04999923706055,41.96269989013672,42.04999923706055,6000,0.0,0.0,0.0
2023-09-26 09:30:00-04:00,41.72999954223633,41.808998107910156,41.720001220703125,41.72999954223633,0,0.0,0.0,0.0
2023-09-26 10:30:00-04:00,41.75,41.80440139770508,41.689998626708984,41.689998626708984,26918,0.0,0.0,0.0
2023-09-26 11:30:00-04:00,41.66999816894531,41.77000045776367,41.65999984741211,41.75,8041,0.0,0.0,0.0
2023-09-26 12:30:00-04:00,41.77000045776367,41.793399810791016,41.650001525878906,41.650001525878906,7584,0.0,0.0,0.0
2023-09-26 13:30:00-04:00,41.650001525878906,41.65999984741211,41.47999954223633,41.4900016784668,8764,0.0,0.0,0.0
2023-09-26 14:30:00-04:00,41.5,41.529998779296875,41.439998626708984,41.470001220703125,26897,0.0,0.0,0.0
2023-09-26 15:30:00-04:00,41.47999954223633,41.5099983215332,41.45000076293945,41.47999954223633,18563,0.0,0.0,0.0
2023-09-27 09:30:00-04:00,41.63999938964844,41.779998779296875,41.63999938964844,41.7661018371582,0,0.0,0.0,0.0
2023-09-27 10:30:00-04:00,41.80179977416992,41.80179977416992,41.61000061035156,41.64350128173828,1054,0.0,0.0,0.0
2023-09-27 11:30:00-04:00,41.6614990234375,41.6614990234375,41.349998474121094,41.349998474121094,942,0.0,0.0,0.0
2023-09-27 12:30:00-04:00,41.369998931884766,41.459999084472656,41.36240005493164,41.36240005493164,354131,0.0,0.0,0.0
2023-09-27 13:30:00-04:00,41.28070068359375,41.37369918823242,41.28070068359375,41.37369918823242,15305,0.0,0.0,0.0
2023-09-27 14:30:00-04:00,41.446800231933594,41.720001220703125,41.446800231933594,41.650001525878906,30003,0.0,0.0,0.0
2023-09-27 15:30:00-04:00,41.54999923706055,41.560001373291016,41.46770095825195,41.560001373291016,37259,0.0,0.0,0.0
2023-09-28 09:30:00-04:00,41.369998931884766,41.576698303222656,41.369998931884766,41.576698303222656,9158,0.0,0.0,0.0
2023-09-28 10:30:00-04:00,41.494998931884766,41.90800094604492,41.494998931884766,41.90800094604492,503674,0.0,0.0,0.0
2023-09-28 11:30:00-04:00,41.90999984741211,42.150001525878906,41.90999984741211,42.13999938964844,112769,0.0,0.0,0.0
2023-09-28 12:30:00-04:00,42.13999938964844,42.13999938964844,41.970001220703125,42.08000183105469,1361065,0.0,0.0,0.0
2023-09-28 13:30:00-04:00,42.040000915527344,42.088401794433594,41.959999084472656,42.06290054321289,89227,0.0,0.0,0.0
2023-09-28 14:30:00-04:00,42.04499816894531,42.15999984741211,41.90999984741211,42.15999984741211,184332,0.0,0.0,0.0
2023-09-28 15:30:00-04:00,42.09000015258789,42.09000015258789,41.9900016784668,42.040000915527344,29637,0.0,0.0,0.0
2023-09-29 09:30:00-04:00,42.5,42.589900970458984,42.40999984741211,42.41999816894531,0,0.0,0.0,0.0
2023-09-29 10:30:00-04:00,42.444698333740234,42.444698333740234,42.290000915527344,42.38999938964844,2484,0.0,0.0,0.0
2023-09-29 11:30:00-04:00,42.32500076293945,42.34000015258789,42.2400016784668,42.28960037231445,11979,0.0,0.0,0.0
2023-09-29 12:30:00-04:00,42.244998931884766,42.26900100708008,41.95000076293945,42.08000183105469,26028,0.0,0.0,0.0
2023-09-29 13:30:00-04:00,42.060001373291016,42.060001373291016,41.900001525878906,41.93600082397461,24896,0.0,0.0,0.0
2023-09-29 14:30:00-04:00,41.90769958496094,42.150001525878906,41.90769958496094,42.04999923706055,10441,0.0,0.0,0.0
2023-09-29 15:30:00-04:00,42.08000183105469,42.18000030517578,42.0099983215332,42.08000183105469,16067,0.0,0.0,0.0
2023-10-02 09:30:00-04:00,41.88999938964844,42.08000183105469,41.880001068115234,42.040000915527344,9229,0.0,0.0,0.0
2023-10-02 10:30:00-04:00,41.93000030517578,42.08000183105469,41.915000915527344,42.060001373291016,25935,0.0,0.0,0.0
2023-10-02 11:30:00-04:00,42.06999969482422,42.06999969482422,41.79999923706055,41.81999969482422,7580,0.0,0.0,0.0
2023-10-02 12:30:00-04:00,41.84000015258789,41.849998474121094,41.720001220703125,41.83000183105469,3707,0.0,0.0,0.0
2023-10-02 13:30:00-04:00,41.83000183105469,41.90999984741211,41.777400970458984,41.777400970458984,8346,0.0,0.0,0.0
2023-10-02 14:30:00-04:00,41.7599983215332,41.77000045776367,41.70000076293945,41.7400016784668,5950,0.0,0.0,0.0
2023-10-02 15:30:00-04:00,41.72999954223633,41.810001373291016,41.709999084472656,41.810001373291016,0,0.0,0.0,0.0
2023-10-03 09:30:00-04:00,41.439998626708984,41.5,41.06999969482422,41.06999969482422,12188,0.0,0.0,0.0
2023-10-03 10:30:00-04:00,41.0099983215332,41.04999923706055,40.869998931884766,40.90999984741211,8173,0.0,0.0,0.0
2023-10-03 11:30:00-04:00,40.88999938964844,41.0,40.810001373291016,40.9900016784668,58946,0.0,0.0,0.0
2023-10-03 12:30:00-04:00,40.9900016784668,41.0099983215332,40.84000015258789,40.849998474121094,59768,0.0,0.0,0.0
2023-10-03 13:30:00-04:00,40.86000061035156,40.86000061035156,40.6599006652832,40.662498474121094,8107,0.0,0.0,0.0
2023-10-03 14:30:00-04:00,40.67279815673828,40.7599983215332,40.650001525878906,40.66999816894531,22375,0.0,0.0,0.0
2023-10-03 15:30:00-04:00,40.66999816894531,40.79999923706055,40.65999984741211,40.779998779296875,63070,0.0,0.0,0.0
2023-10-04 09:30:00-04:00,40.86000061035156,41.07509994506836,40.7400016784668,40.7400016784668,0,0.0,0.0,0.0
2023-10-04 10:30:00-04:00,40.79999923706055,40.939998626708984,40.7400016784668,40.91999816894531,4028,0.0,0.0,0.0
2023-10-04 11:30:00-04:00,40.880001068115234,41.08000183105469,40.849998474121094,41.08000183105469,6696,0.0,0.0,0.0
2023-10-04 12:30:00-04:00,41.08000183105469,41.13990020751953,40.939998626708984,40.939998626708984,6387,0.0,0.0,0.0
2023-10-04 13:30:00-04:00,40.91999816894531,40.970001220703125,40.900001525878906,40.935001373291016,4131,0.0,0.0,0.0
2023-10-04 14:30:00-04:00,40.90769958496094,41.119998931884766,40.88999938964844,41.09000015258789,10369,0.0,0.0,0.0
2023-10-04 15:30:00-04:00,41.119998931884766,41.150001525878906,41.08000183105469,41.099998474121094,14510,0.0,0.0,0.0
2023-10-05 09:30:00-04:00,41.099998474121094,41.099998474121094,40.83000183105469,40.900001525878906,5024,0.0,0.0,0.0
2023-10-05 10:30:00-04:00,40.88999938964844,40.88999938964844,40.685001373291016,40.720001220703125,4541,0.0,0.0,0.0
2023-10-05 11:30:00-04:00,40.739498138427734,40.739498138427734,40.676300048828125,40.702701568603516,2634,0.0,0.0,0.0
2023-10-05 12:30:00-04:00,40.68000030517578,40.69499969482422,40.68000030517578,40.69499969482422,1092,0.0,0.0,0.0
2023-10-05 13:30:00-04:00,40.77000045776367,40.900001525878906,40.77000045776367,40.83000183105469,5949,0.0,0.0,0.0
2023-10-05 14:30:00-04:00,40.88999938964844,40.95000076293945,40.82389831542969,40.834999084472656,3207,0.0,0.0,0.0
2023-10-05 15:30:00-04:00,40.86280059814453,40.869998931884766,40.810001373291016,40.83000183105469,0,0.0,0.0,0.0
2023-10-06 09:30:00-04:00,40.630001068115234,40.630001068115234,40.32659912109375,40.40999984741211,7742,0.0,0.0,0.0
2023-10-06 10:30:00-04:00,40.540000915527344,40.810001373291016,40.51499938964844,40.810001373291016,3257,0.0,0.0,0.0
2023-10-06 11:30:00-04:00,40.8911018371582,41.1327018737793,40.8911018371582,41.11640167236328,5820,0.0,0.0,0.0
2023-10-06 12:30:00-04:00,41.005001068115234,41.02000045776367,41.005001068115234,41.0099983215332,1378,0.0,0.0,0.0
2023-10-06 13:30:00-04:00,41.12990188598633,41.220001220703125,41.119998931884766,41.220001220703125,4437,0.0,0.0,0.0
2023-10-06 14:30:00-04:00,41.24760055541992,41.36000061035156,41.209999084472656,41.22999954223633,5221,0.0,0.0,0.0
2023-10-06 15:30:00-04:00,41.20000076293945,41.20000076293945,41.060001373291016,41.060001373291016,13807,0.0,0.0,0.0
2023-10-09 09:30:00-04:00,40.79999923706055,40.79999923706055,40.41999816894531,40.619998931884766,14901,0.0,0.0,0.0
2023-10-09 10:30:00-04:00,40.56560134887695,40.59000015258789,40.505001068115234,40.59000015258789,2799,0.0,0.0,0.0
2023-10-09 11:30:00-04:00,40.674198150634766,40.720001220703125,40.63999938964844,40.70159912109375,4290,0.0,0.0,0.0
2023-10-09 12:30:00-04:00,40.75,40.79399871826172,40.72999954223633,40.79399871826172,1325,0.0,0.0,0.0
2023-10-09 13:30:00-04:00,40.88999938964844,41.15879821777344,40.88999938964844,41.150001525878906,3440,0.0,0.0,0.0
2023-10-09 14:30:00-04:00,41.189998626708984,41.220001220703125,41.092498779296875,41.092498779296875,3201,0.0,0.0,0.0
2023-10-09 15:30:00-04:00,41.09000015258789,41.189998626708984,41.09000015258789,41.189998626708984,4068,0.0,0.0,0.0
2023-10-10 09:30:00-04:00,41.290000915527344,41.881099700927734,41.290000915527344,41.869998931884766,0,0.0,0.0,0.0
2023-10-10 10:30:00-04:00,41.85049819946289,41.95500183105469,41.849998474121094,41.91999816894531,2528,0.0,0.0,0.0
2023-10-10 11:30:00-04:00,41.93000030517578,41.93000030517578,41.861000061035156,41.861000061035156,1510,0.0,0.0,0.0
2023-10-10 12:30:00-04:00,41.900001525878906,41.900001525878906,41.650001525878906,41.650001525878906,5242,0.0,0.0,0.0
2023-10-10 13:30:00-04:00,41.74620056152344,41.74620056152344,41.68000030517578,41.68000030517578,2152,0.0,0.0,0.0
2023-10-10 14:30:00-04:00,41.63999938964844,41.720001220703125,41.58000183105469,41.61040115356445,6316,0.0,0.0,0.0
2023-10-10 15:30:00-04:00,41.58000183105469,41.63999938964844,41.56999969482422,41.61000061035156,10433,0.0,0.0,0.0
2023-10-11 09:30:00-04:00,41.720001220703125,41.78820037841797,41.63999938964844,41.68000030517578,4802,0.0,0.0,0.0
2023-10-11 10:30:00-04:00,41.63999938964844,41.71500015258789,41.54100036621094,41.54100036621094,3497,0.0,0.0,0.0
2023-10-11 11:30:00-04:00,41.529998779296875,41.529998779296875,41.380001068115234,41.380001068115234,2284,0.0,0.0,0.0
2023-10-11 12:30:00-04:00,41.369998931884766,41.41899871826172,41.369998931884766,41.400001525878906,2122,0.0,0.0,0.0
2023-10-11 13:30:00-04:00,41.33000183105469,41.42499923706055,41.3129997253418,41.369998931884766,1990,0.0,0.0,0.0
2023-10-11 14:30:00-04:00,41.4921989440918,41.529998779296875,41.47570037841797,41.4900016784668,3018,0.0,0.0,0.0
2023-10-11 15:30:00-04:00,41.58000183105469,41.6349983215332,41.58000183105469,41.630001068115234,5609,0.0,0.0,0.0
2023-10-12 09:30:00-04:00,41.61000061035156,41.61000061035156,41.0099983215332,41.130001068115234,16406,0.0,0.0,0.0
2023-10-12 10:30:00-04:00,41.029998779296875,41.119998931884766,40.970001220703125,41.10609817504883,4613,0.0,0.0,0.0
2023-10-12 11:30:00-04:00,41.099998474121094,41.25,41.08000183105469,41.25,1850,0.0,0.0,0.0
2023-10-12 12:30:00-04:00,41.0,41.0,40.85499954223633,40.85499954223633,776,0.0,0.0,0.0
2023-10-12 13:30:00-04:00,40.72999954223633,40.72999954223633,40.58000183105469,40.720001220703125,2997,0.0,0.0,0.0
2023-10-12 14:30:00-04:00,40.68190002441406,40.810001373291016,40.68190002441406,40.760398864746094,7769,0.0,0.0,0.0
2023-10-12 15:30:00-04:00,40.849998474121094,40.88999938964844,40.84600067138672,40.86000061035156,7994,0.0,0.0,0.0
2023-10-13 09:30:00-04:00,40.84000015258789,40.90999984741211,40.689998626708984,40.70000076293945,0,0.0,0.0,0.0
2023-10-13 10:30:00-04:00,40.68000030517578,40.68000030517578,40.52000045776367,40.54999923706055,1445,0.0,0.0,0.0
2023-10-13 11:30:00-04:00,40.578800201416016,40.59000015258789,40.470001220703125,40.481201171875,2043,0.0,0.0,0.0
2023-10-13 12:30:00-04:00,40.540000915527344,40.540000915527344,40.45000076293945,40.48500061035156,5580,0.0,0.0,0.0
2023-10-13 13:30:00-04:00,40.36750030517578,40.5,40.36000061035156,40.44499969482422,9546,0.0,0.0,0.0
2023-10-13 14:30:00-04:00,40.515899658203125,40.515899658203125,40.38999938964844,40.38999938964844,2243,0.0,0.0,0.0
2023-10-13 15:30:00-04:00,40.43000030517578,40.459999084472656,40.38999938964844,40.459999084472656,6665,0.0,0.0,0.0
2023-10-16 09:30:00-04:00,40.70000076293945,41.06999969482422,40.619998931884766,41.06999969482422,158470,0.0,0.0,0.0
2023-10-16 10:30:00-04:00,41.08000183105469,41.150001525878906,41.029998779296875,41.0890998840332,152436,0.0,0.0,0.0
2023-10-16 11:30:00-04:00,41.09000015258789,41.09000015258789,40.91999816894531,41.040000915527344,132721,0.0,0.0,0.0
2023-10-16 12:30:00-04:00,41.040000915527344,41.18000030517578,40.95000076293945,41.08000183105469,115627,0.0,0.0,0.0
2023-10-16 13:30:00-04:00,41.08000183105469,41.20000076293945,41.07500076293945,41.119998931884766,110562,0.0,0.0,0.0
2023-10-16 14:30:00-04:00,41.099998474121094,41.18000030517578,41.04999923706055,41.18000030517578,174525,0.0,0.0,0.0
2023-10-16 15:30:00-04:00,41.189998626708984,41.189998626708984,41.09000015258789,41.11000061035156,0,0.0,0.0,0.0
2023-10-17 09:30:00-04:00,40.86000061035156,41.56999969482422,40.86000061035156,41.56999969482422,4708,0.0,0.0,0.0
2023-10-17 10:30:00-04:00,41.439998626708984,41.599998474121094,41.41999816894531,41.59000015258789,14733,0.0,0.0,0.0
2023-10-17 11:30:00-04:00,41.59000015258789,41.779998779296875,41.59000015258789,41.779998779296875,15389,0.0,0.0,0.0
2023-10-17 12:30:00-04:00,41.779998779296875,41.779998779296875,41.5900993347168,41.65599822998047,17226,0.0,0.0,0.0
2023-10-17 13:30:00-04:00,41.599998474121094,41.599998474121094,41.470001220703125,41.529998779296875,22728,0.0,0.0,0.0
2023-10-17 14:30:00-04:00,41.52000045776367,41.59000015258789,41.459999084472656,41.560001373291016,18757,0.0,0.0,0.0
2023-10-17 15:30:00-04:00,41.56999969482422,41.56999969482422,41.5,41.540000915527344,9427,0.0,0.0,0.0
2023-10-18 09:30:00-04:00,41.27000045776367,41.310001373291016,41.099998474121094,41.13999938964844,0,0.0,0.0,0.0
2023-10-18 10:30:00-04:00,41.11000061035156,41.189998626708984,40.970001220703125,41.040000915527344,56312,0.0,0.0,0.0
2023-10-18 11:30:00-04:00,41.06999969482422,41.06999969482422,40.90999984741211,40.90999984741211,16129,0.0,0.0,0.0
2023-10-18 12:30:00-04:00,40.91999816894531,41.150001525878906,40.88999938964844,41.118900299072266,1925,0.0,0.0,0.0
2023-10-18 13:30:00-04:00,40.98500061035156,41.060001373291016,40.90950012207031,40.970001220703125,4731,0.0,0.0,0.0
2023-10-18 14:30:00-04:00,40.98759841918945,40.98759841918945,40.8119010925293,40.86000061035156,9726,0.0,0.0,0.0
2023-10-18 15:30:00-04:00,40.83890151977539,40.84000015258789,40.70000076293945,40.7400016784668,103835,0.0,0.0,0.0
2023-10-19 09:30:00-04:00,40.7400016784668,40.7400016784668,40.47999954223633,40.54999923706055,25655,0.0,0.0,0.0
2023-10-19 10:30:00-04:00,40.40999984741211,40.47999954223633,40.380001068115234,40.47999954223633,25289,0.0,0.0,0.0
2023-10-19 11:30:00-04:00,40.50680160522461,40.68000030517578,40.41999816894531,40.59000015258789,0,0.0,0.0,0.0
2023-10-19 12:30:00-04:00,40.540000915527344,40.76499938964844,40.349998474121094,40.68000030517578,78735,0.0,0.0,0.0
2023-10-19 13:30:00-04:00,40.65999984741211,40.65999984741211,40.369998931884766,40.369998931884766,19848,0.0,0.0,0.0
2023-10-19 14:30:00-04:00,40.27000045776367,40.27000045776367,40.02000045776367,40.040000915527344,12299,0.0,0.0,0.0
2023-10-19 15:30:00-04:00,40.08000183105469,40.09000015258789,39.970001220703125,40.040000915527344,0,0.0,0.0,0.0
2023-10-20 09:30:00-04:00,40.06999969482422,40.06999969482422,39.84000015258789,39.849998474121094,18987,0.0,0.0,0.0
2023-10-20 10:30:00-04:00,39.88999938964844,39.93199920654297,39.83000183105469,39.8484001159668,2651,0.0,0.0,0.0
2023-10-20 11:30:00-04:00,39.81039810180664,39.90999984741211,39.77190017700195,39.89970016479492,7147,0.0,0.0,0.0
2023-10-20 12:30:00-04:00,39.849998474121094,40.01499938964844,39.83000183105469,40.01499938964844,4356,0.0,0.0,0.0
2023-10-20 13:30:00-04:00,39.95000076293945,39.95000076293945,39.79999923706055,39.79999923706055,12225,0.0,0.0,0.0
2023-10-20 14:30:00-04:00,39.849998474121094,39.849998474121094,39.779998779296875,39.78710174560547,2461,0.0,0.0,0.0
2023-10-20 15:30:00-04:00,39.720001220703125,39.72999954223633,39.70000076293945,39.709999084472656,4777,0.0,0.0,0.0
2023-10-23 09:30:00-04:00,39.599998474121094,39.799598693847656,39.349998474121094,39.7599983215332,10909,0.0,0.0,0.0
2023-10-23 10:30:00-04:00,39.70000076293945,39.81999969482422,39.68000030517578,39.81999969482422,21411,0.0,0.0,0.0
2023-10-23 11:30:00-04:00,39.8916015625,39.96500015258789,39.849998474121094,39.869998931884766,8437,0.0,0.0,0.0
2023-10-23 12:30:00-04:00,39.934600830078125,40.11000061035156,39.93000030517578,39.990299224853516,0,0.0,0.0,0.0
2023-10-23 13:30:00-04:00,39.970001220703125,40.04999923706055,39.88999938964844,39.939998626708984,51232,0.0,0.0,0.0
2023-10-23 14:30:00-04:00,39.95000076293945,39.9640007019043,39.709999084472656,39.709999084472656,4402,0.0,0.0,0.0
2023-10-23 15:30:00-04:00,39.70000076293945,39.7400016784668,39.65999984741211,39.66999816894531,0,0.0,0.0,0.0
2023-10-24 09:30:00-04:00,39.84000015258789,40.060001373291016,39.84000015258789,40.060001373291016,28578,0.0,0.0,0.0
2023-10-24 10:30:00-04:00,40.119998931884766,40.16999816894531,40.0,40.0,7283,0.0,0.0,0.0
2023-10-24 11:30:00-04:00,39.970001220703125,39.970001220703125,39.790000915527344,39.790000915527344,6894,0.0,0.0,0.0
2023-10-24 12:30:00-04:00,39.801700592041016,39.81999969482422,39.75,39.81999969482422,2539,0.0,0.0,0.0
2023-10-24 13:30:00-04:00,39.869998931884766,39.869998931884766,39.779998779296875,39.810001373291016,4411,0.0,0.0,0.0
2023-10-24 14:30:00-04:00,39.86000061035156,39.93000030517578,39.86000061035156,39.90999984741211,10138,0.0,0.0,0.0
2023-10-24 15:30:00-04:00,39.880001068115234,39.90999984741211,39.869998931884766,39.869998931884766,0,0.0,0.0,0.0
2023-10-25 09:30:00-04:00,39.599998474121094,39.599998474121094,39.35599899291992,39.400001525878906,7055,0.0,0.0,0.0
2023-10-25 10:30:00-04:00,39.439998626708984,39.6713981628418,39.43000030517578,39.650001525878906,12617,0.0,0.0,0.0
2023-10-25 11:30:00-04:00,39.63999938964844,39.63999938964844,39.4900016784668,39.540000915527344,9204,0.0,0.0,0.0
2023-10-25 12:30:00-04:00,39.56999969482422,39.59000015258789,39.400001525878906,39.5099983215332,11178,0.0,0.0,0.0
2023-10-25 13:30:00-04:00,39.439998626708984,39.51449966430664,39.369998931884766,39.467498779296875,5893,0.0,0.0,0.0
2023-10-25 14:30:00-04:00,39.45000076293945,39.47999954223633,39.400001525878906,39.47999954223633,4030,0.0,0.0,0.0
2023-10-25 15:30:00-04:00,39.47999954223633,39.49729919433594,39.40999984741211,39.41310119628906,4008,0.0,0.0,0.0
2023-10-26 09:30:00-04:00,39.349998474121094,39.4900016784668,38.900001525878906,39.13999938964844,75435,0.0,0.0,0.0
2023-10-26 10:30:00-04:00,39.130001068115234,39.400001525878906,39.029998779296875,39.2599983215332,35566,0.0,0.0,0.0
2023-10-26 11:30:00-04:00,39.189998626708984,39.220001220703125,38.97999954223633,39.02000045776367,14866,0.0,0.0,0.0
2023-10-26 12:30:00-04:00,39.0099983215332,39.03499984741211,38.91999816894531,38.97999954223633,10398,0.0,0.0,0.0
2023-10-26 13:30:00-04:00,38.900001525878906,39.144901275634766,38.880001068115234,39.130001068115234,5999,0.0,0.0,0.0
2023-10-26 14:30:00-04:00,39.13999938964844,39.27000045776367,39.10279846191406,39.10279846191406,9048,0.0,0.0,0.0
2023-10-26 15:30:00-04:00,39.11000061035156,39.11000061035156,38.939998626708984,38.939998626708984,0,0.0,0.0,0.0
2023-10-27 09:30:00-04:00,39.09000015258789,39.09000015258789,38.70000076293945,38.900001525878906,20254,0.0,0.0,0.0
2023-10-27 10:30:00-04:00,38.88999938964844,39.11000061035156,38.86800003051758,39.085899353027344,37075,0.0,0.0,0.0
2023-10-27 11:30:00-04:00,39.040000915527344,39.040000915527344,38.88999938964844,38.88999938964844,60511,0.0,0.0,0.0
2023-10-27 12:30:00-04:00,38.849998474121094,38.88999938964844,38.70000076293945,38.709999084472656,140298,0.0,0.0,0.0
2023-10-27 13:30:00-04:00,38.689998626708984,38.689998626708984,38.52000045776367,38.529998779296875,13755,0.0,0.0,0.0
2023-10-27 14:30:00-04:00,38.46500015258789,38.59000015258789,38.439998626708984,38.540000915527344,23041,0.0,0.0,0.0
2023-10-27 15:30:00-04:00,38.54999923706055,38.54999923706055,38.40999984741211,38.5,34653,0.0,0.0,0.0
2023-10-30 09:30:00-04:00,38.91999816894531,38.91999816894531,38.58000183105469,38.58000183105469,0,0.0,0.0,0.0
2023-10-30 10:30:00-04:00,38.58000183105469,38.75,38.57040023803711,38.75,10424,0.0,0.0,0.0
2023-10-30 11:30:00-04:00,38.77000045776367,38.790000915527344,38.702701568603516,38.702701568603516,8760,0.0,0.0,0.0
2023-10-30 12:30:00-04:00,38.720001220703125,38.849998474121094,38.6150016784668,38.849998474121094,35344,0.0,0.0,0.0
2023-10-30 13:30:00-04:00,38.86009979248047,38.904998779296875,38.83000183105469,38.87260055541992,16571,0.0,0.0,0.0
2023-10-30 14:30:00-04:00,38.893798828125,39.04999923706055,38.893798828125,39.0099983215332,11567,0.0,0.0,0.0
2023-10-30 15:30:00-04:00,38.9900016784668,39.0,38.900001525878906,38.93000030517578,15551,0.0,0.0,0.0
2023-10-31 09:30:00-04:00,38.95000076293945,38.999000549316406,38.7599983215332,38.97610092163086,17943,0.0,0.0,0.0
2023-10-31 10:30:00-04:00,38.95000076293945,39.040000915527344,38.917999267578125,38.959999084472656,6313,0.0,0.0,0.0
2023-10-31 11:30:00-04:00,38.959999084472656,39.04499816894531,38.900001525878906,38.915000915527344,2972,0.0,0.0,0.0
2023-10-31 12:30:00-04:00,38.97999954223633,39.04999923706055,38.9390983581543,39.029998779296875,3167,0.0,0.0,0.0
2023-10-31 13:30:00-04:00,39.04999923706055,39.134498596191406,39.040000915527344,39.0447998046875,4722,0.0,0.0,0.0
2023-10-31 14:30:00-04:00,39.01409912109375,39.1786003112793,39.01409912109375,39.130001068115234,4346,0.0,0.0,0.0
2023-10-31 15:30:00-04:00,39.07210159301758,39.11000061035156,39.060001373291016,39.08000183105469,0,0.0,0.0,0.0
2023-11-01 09:30:00-04:00,39.119998931884766,39.119998931884766,38.790000915527344,38.95000076293945,5133,0.0,0.0,0.0
2023-11-01 10:30:00-04:00,39.08369827270508,39.119998931884766,38.9911003112793,38.9911003112793,5610,0.0,0.0,0.0
2023-11-01 11:30:00-04:00,39.0099983215332,39.029998779296875,38.90760040283203,38.90760040283203,4745,0.0,0.0,0.0
2023-11-01 12:30:00-04:00,38.91999816894531,38.93000030517578,38.823001861572266,38.88100051879883,5933,0.0,0.0,0.0
2023-11-01 13:30:00-04:00,38.85919952392578,38.904998779296875,38.717201232910156,38.717201232910156,3093,0.0,0.0,0.0
2023-11-01 14:30:00-04:00,38.880001068115234,39.099998474121094,38.67060089111328,39.029998779296875,12469,0.0,0.0,0.0
2023-11-01 15:30:00-04:00,39.029998779296875,39.16999816894531,39.029998779296875,39.15999984741211,8868,0.0,0.0,0.0
2023-11-02 09:30:00-04:00,39.4900016784668,39.796600341796875,39.4900016784668,39.630001068115234,0,0.0,0.0,0.0
2023-11-02 10:30:00-04:00,39.775001525878906,39.869998931884766,39.77000045776367,39.815399169921875,10450,0.0,0.0,0.0
2023-11-02 11:30:00-04:00,39.8218994140625,39.880001068115234,39.79999923706055,39.880001068115234,4924,0.0,0.0,0.0
2023-11-02 12:30:00-04:00,39.86000061035156,39.935001373291016,39.84000015258789,39.935001373291016,7947,0.0,0.0,0.0
2023-11-02 13:30:00-04:00,39.93000030517578,39.970001220703125,39.88999938964844,39.904998779296875,10165,0.0,0.0,0.0
2023-11-02 14:30:00-04:00,39.890499114990234,39.97999954223633,39.86090087890625,39.89400100708008,15044,0.0,0.0,0.0
2023-11-02 15:30:00-04:00,39.88999938964844,39.92259979248047,39.880001068115234,39.900001525878906,13369,0.0,0.0,0.0
2023-11-03 09:30:00-04:00,40.459999084472656,41.18000030517578,40.459999084472656,41.16999816894531,26172,0.0,0.0,0.0
2023-11-03 10:30:00-04:00,41.00389862060547,41.00529861450195,40.970001220703125,41.005001068115234,9793,0.0,0.0,0.0
2023-11-03 11:30:00-04:00,41.029998779296875,41.1349983215332,41.0099983215332,41.09550094604492,13308,0.0,0.0,0.0
2023-11-03 12:30:00-04:00,41.124000549316406,41.1349983215332,41.04999923706055,41.04999923706055,1514,0.0,0.0,0.0
2023-11-03 13:30:00-04:00,41.08089828491211,41.15629959106445,41.07500076293945,41.15399932861328,3739,0.0,0.0,0.0
2023-11-03 14:30:00-04:00,41.18000030517578,41.250701904296875,41.15999984741211,41.16780090332031,18548,0.0,0.0,0.0
2023-11-03 15:30:00-04:00,41.13999938964844,41.15999984741211,41.11000061035156,41.119998931884766,12767,0.0,0.0,0.0
2023-11-06 09:30:00-05:00,41.150001525878906,41.150001525878906,40.889400482177734,40.91999816894531,16985,0.0,0.0,0.0
2023-11-06 10:30:00-05:00,40.93000030517578,40.978599548339844,40.90760040283203,40.959999084472656,3488,0.0,0.0,0.0
2023-11-06 11:30:00-05:00,40.915000915527344,41.0099983215332,40.915000915527344,40.942100524902344,3709,0.0,0.0,0.0
2023-11-06 12:30:00-05:00,40.958900451660156,40.96630096435547,40.790000915527344,40.83219909667969,6929,0.0,0.0,0.0
2023-11-06 13:30:00-05:00,40.869998931884766,40.874000549316406,40.7599983215332,40.794498443603516,60806,0.0,0.0,0.0
2023-11-06 14:30:00-05:00,40.79999923706055,40.881900787353516,40.79999923706055,40.849998474121094,7964,0.0,0.0,0.0
2023-11-06 15:30:00-05:00,40.81999969482422,40.90999984741211,40.804500579833984,40.90999984741211,0,0.0,0.0,0.0
2023-11-07 09:30:00-05:00,40.900001525878906,41.0099983215332,40.869998931884766,41.0099983215332,0,0.0,0.0,0.0
2023-11-07 10:30:00-05:00,41.02220153808594,41.150001525878906,41.02220153808594,41.10380172729492,9242,0.0,0.0,0.0
2023-11-07 11:30:00-05:00,41.11399841308594,41.11399841308594,41.03900146484375,41.077301025390625,2325,0.0,0.0,0.0
2023-11-07 12:30:00-05:00,41.04999923706055,41.130001068115234,41.040199279785156,41.099998474121094,13506,0.0,0.0,0.0
2023-11-07 13:30:00-05:00,41.09000015258789,41.11989974975586,41.09000015258789,41.0901985168457,3345,0.0,0.0,0.0
2023-11-07 14:30:00-05:00,41.07550048828125,41.115501403808594,41.07550048828125,41.099998474121094,3943,0.0,0.0,0.0
2023-11-07 15:30:00-05:00,41.119998931884766,41.18000030517578,41.11000061035156,41.13999938964844,22292,0.0,0.0,0.0
2023-11-08 09:30:00-05:00,41.130001068115234,41.33000183105469,41.130001068115234,41.220001220703125,0,0.0,0.0,0.0
2023-11-08 10:30:00-05:00,41.220001220703125,41.220001220703125,41.11000061035156,41.130001068115234,1366,0.0,0.0,0.0
2023-11-08 11:30:00-05:00,41.15999984741211,41.15999984741211,40.93000030517578,40.93000030517578,11064,0.0,0.0,0.0
2023-11-08 12:30:00-05:00,40.93439865112305,41.029998779296875,40.93439865112305,40.97999954223633,6746,0.0,0.0,0.0
2023-11-08 13:30:00-05:00,40.99089813232422,41.067901611328125,40.99089813232422,41.010101318359375,3332,0.0,0.0,0.0
2023-11-08 14:30:00-05:00,41.029998779296875,41.09469985961914,40.9900016784668,41.09000015258789,6795,0.0,0.0,0.0
2023-11-08 15:30:00-05:00,41.06999969482422,41.09000015258789,41.01499938964844,41.02000045776367,22450,0.0,0.0,0.0
2023-11-09 09:30:00-05:00,41.22999954223633,41.22999954223633,40.96289825439453,40.96289825439453,0,0.0,0.0,0.0
2023-11-09 10:30:00-05:00,40.95000076293945,41.04999923706055,40.95000076293945,41.025001525878906,2531,0.0,0.0,0.0
2023-11-09 11:30:00-05:00,40.970001220703125,40.999900817871094,40.90999984741211,40.90999984741211,4585,0.0,0.0,0.0
2023-11-09 12:30:00-05:00,40.92499923706055,40.939998626708984,40.720001220703125,40.810001373291016,8423,0.0,0.0,0.0
2023-11-09 13:30:00-05:00,40.772300720214844,40.79999923706055,40.560001373291016,40.580101013183594,7807,0.0,0.0,0.0
2023-11-09 14:30:00-05:00,40.619998931884766,40.62779998779297,40.48550033569336,40.4900016784668,11835,0.0,0.0,0.0
2023-11-09 15:30:00-05:00,40.5,40.5,40.45000076293945,40.4900016784668,0,0.0,0.0,0.0
2023-11-10 09:30:00-05:00,40.540000915527344,40.540000915527344,40.33000183105469,40.39759826660156,13625,0.0,0.0,0.0
2023-11-10 10:30:00-05:00,40.3849983215332,40.494300842285156,40.345001220703125,40.45000076293945,8202,0.0,0.0,0.0
2023-11-10 11:30:00-05:00,40.437801361083984,40.597198486328125,40.437801361083984,40.597198486328125,89877,0.0,0.0,0.0
2023-11-10 12:30:00-05:00,40.63999938964844,40.849998474121094,40.63999938964844,40.84000015258789,11501,0.0,0.0,0.0
2023-11-10 13:30:00-05:00,40.84000015258789,40.959999084472656,40.84000015258789,40.92210006713867,7863,0.0,0.0,0.0
2023-11-10 14:30:00-05:00,40.95000076293945,40.95000076293945,40.90060043334961,40.941001892089844,7221,0.0,0.0,0.0
2023-11-10 15:30:00-05:00,40.939998626708984,41.0099983215332,40.93539810180664,41.0,11499,0.0,0.0,0.0
2023-11-13 09:30:00-05:00,40.88999938964844,40.88999938964844,40.66999816894531,40.7599983215332,0,0.0,0.0,0.0
2023-11-13 10:30:00-05:00,40.76499938964844,40.834999084472656,40.7318000793457,40.834999084472656,2473,0.0,0.0,0.0
2023-11-13 11:30:00-05:00,40.88999938964844,40.959999084472656,40.869998931884766,40.91999816894531,9273,0.0,0.0,0.0
2023-11-13 13:30:00-05:00,40.82440185546875,40.904998779296875,40.810001373291016,40.86000061035156,6397,0.0,0.0,0.0
2023-11-13 14:30:00-05:00,40.93000030517578,40.93000030517578,40.849998474121094,40.900001525878906,37151,0.0,0.0,0.0
2023-11-13 15:30:00-05:00,40.900001525878906,40.900001525878906,40.84000015258789,40.84000015258789,4684,0.0,0.0,0.0
2023-11-14 09:30:00-05:00,41.720001220703125,42.400001525878906,41.720001220703125,42.38999938964844,11948,0.0,0.0,0.0
2023-11-14 10:30:00-05:00,42.45000076293945,42.720001220703125,42.45000076293945,42.68000030517578,6312,0.0,0.0,0.0
2023-11-14 11:30:00-05:00,42.71189880371094,42.75,42.47999954223633,42.4900016784668,14368,0.0,0.0,0.0
2023-11-14 12:30:00-05:00,42.5,42.55070114135742,42.5,42.5099983215332,14523,0.0,0.0,0.0
2023-11-14 13:30:00-05:00,42.57120132446289,42.58000183105469,42.439998626708984,42.487701416015625,9780,0.0,0.0,0.0
2023-11-14 14:30:00-05:00,42.49250030517578,42.56999969482422,42.4900016784668,42.56999969482422,3476,0.0,0.0,0.0
2023-11-14 15:30:00-05:00,42.630001068115234,42.630001068115234,42.4900016784668,42.529998779296875,5851,0.0,0.0,0.0
2023-11-15 09:30:00-05:00,42.779998779296875,43.21500015258789,42.779998779296875,43.15999984741211,10111,0.0,0.0,0.0
2023-11-15 10:30:00-05:00,43.18000030517578,43.28499984741211,43.18000030517578,43.22999954223633,8505,0.0,0.0,0.0
2023-11-15 11:30:00-05:00,43.09000015258789,43.099998474121094,43.0099983215332,43.04999923706055,10809,0.0,0.0,0.0
2023-11-15 12:30:00-05:00,43.04999923706055,43.09000015258789,42.880001068115234,42.9453010559082,5330,0.0,0.0,0.0
2023-11-15 13:30:00-05:00,43.040000915527344,43.08000183105469,42.9900016784668,43.040000915527344,6109,0.0,0.0,0.0
2023-11-15 14:30:00-05:00,43.060001373291016,43.09000015258789,43.0099983215332,43.0099983215332,4873,0.0,0.0,0.0
2023-11-15 15:30:00-05:00,43.0099983215332,43.029998779296875,42.91999816894531,42.93000030517578,54018,0.0,0.0,0.0
2023-11-16 09:30:00-05:00,42.7599983215332,42.83000183105469,42.55500030517578,42.55500030517578,5164,0.0,0.0,0.0
2023-11-16 10:30:00-05:00,42.555599212646484,42.555599212646484,42.47669982910156,42.47669982910156,6444,0.0,0.0,0.0
2023-11-16 11:30:00-05:00,42.41669845581055,42.45000076293945,42.375,42.45000076293945,5146,0.0,0.0,0.0
2023-11-16 12:30:00-05:00,42.52000045776367,42.52000045776367,42.38010025024414,42.43000030517578,2294,0.0,0.0,0.0
2023-11-16 13:30:00-05:00,42.40999984741211,42.41999816894531,42.334598541259766,42.41999816894531,3806,0.0,0.0,0.0
2023-11-16 14:30:00-05:00,42.36000061035156,42.45500183105469,42.36000061035156,42.43000030517578,4045,0.0,0.0,0.0
2023-11-16 15:30:00-05:00,42.40999984741211,42.4900016784668,42.40999984741211,42.4900016784668,0,0.0,0.0,0.0
2023-11-17 09:30:00-05:00,42.88999938964844,42.88999938964844,42.65380096435547,42.709999084472656,10048,0.0,0.0,0.0
2023-11-17 10:30:00-05:00,42.66999816894531,42.78499984741211,42.650001525878906,42.650001525878906,4172,0.0,0.0,0.0
2023-11-17 11:30:00-05:00,42.66999816894531,42.7599983215332,42.66999816894531,42.7400016784668,6963,0.0,0.0,0.0
2023-11-17 12:30:00-05:00,42.7400016784668,42.790000915527344,42.7400016784668,42.790000915527344,6617,0.0,0.0,0.0
2023-11-17 13:30:00-05:00,42.779998779296875,42.869998931884766,42.77000045776367,42.790000915527344,8677,0.0,0.0,0.0
2023-11-17 14:30:00-05:00,42.790000915527344,42.810001373291016,42.72999954223633,42.790000915527344,9577,0.0,0.0,0.0
2023-11-17 15:30:00-05:00,42.75,42.77000045776367,42.720001220703125,42.7400016784668,30200,0.0,0.0,0.0
2023-11-20 09:30:00-05:00,42.70000076293945,42.70000076293945,42.59000015258789,42.650001525878906,41224,0.0,0.0,0.0
2023-11-20 10:30:00-05:00,42.65999984741211,42.75,42.635799407958984,42.720001220703125,5146,0.0,0.0,0.0
2023-11-20 11:30:00-05:00,42.70000076293945,42.75,42.66999816894531,42.724998474121094,9353,0.0,0.0,0.0
2023-11-20 12:30:00-05:00,42.709999084472656,42.810001373291016,42.66999816894531,42.80099868774414,15520,0.0,0.0,0.0
2023-11-20 13:30:00-05:00,42.810001373291016,42.84000015258789,42.790000915527344,42.814998626708984,6476,0.0,0.0,0.0
2023-11-20 14:30:00-05:00,42.83000183105469,42.939998626708984,42.83000183105469,42.939998626708984,7611,0.0,0.0,0.0
2023-11-20 15:30:00-05:00,42.91999816894531,42.91999816894531,42.79999923706055,42.81999969482422,6908,0.0,0.0,0.0
2023-11-21 09:30:00-05:00,42.63999938964844,42.63999938964844,42.45000076293945,42.45000076293945,5503,0.0,0.0,0.0
2023-11-21 10:30:00-05:00,42.5,42.59000015258789,42.5,42.559600830078125,8015,0.0,0.0,0.0
2023-11-21 11:30:00-05:00,42.54999923706055,42.61360168457031,42.54999923706055,42.61360168457031,3263,0.0,0.0,0.0
2023-11-21 12:30:00-05:00,42.630001068115234,42.68000030517578,42.59000015258789,42.59000015258789,1146,0.0,0.0,0.0
2023-11-21 13:30:00-05:00,42.65999984741211,42.674198150634766,42.619998931884766,42.619998931884766,1088,0.0,0.0,0.0
2023-11-21 14:30:00-05:00,42.61000061035156,42.650001525878906,42.560001373291016,42.610198974609375,8651,0.0,0.0,0.0
2023-11-21 15:30:00-05:00,42.62099838256836,42.62099838256836,42.58000183105469,42.61000061035156,21652,0.0,0.0,0.0
2023-11-22 09:30:00-05:00,42.90999984741211,43.040000915527344,42.900001525878906,43.01900100708008,4908,0.0,0.0,0.0
2023-11-22 10:30:00-05:00,43.060001373291016,43.0973014831543,42.97639846801758,42.97639846801758,3603,0.0,0.0,0.0
2023-11-22 11:30:00-05:00,43.0276985168457,43.10319900512695,42.959999084472656,42.959999084472656,2389,0.0,0.0,0.0
2023-11-22 12:30:00-05:00,42.9109992980957,42.94599914550781,42.9109992980957,42.93000030517578,1494,0.0,0.0,0.0
2023-11-22 13:30:00-05:00,42.93000030517578,42.93000030517578,42.88669967651367,42.88669967651367,2888,0.0,0.0,0.0
2023-11-22 14:30:00-05:00,42.84000015258789,42.880001068115234,42.73440170288086,42.880001068115234,9593,0.0,0.0,0.0
2023-11-22 15:30:00-05:00,42.869998931884766,42.880001068115234,42.84000015258789,42.880001068115234,6879,0.0,0.0,0.0
2023-11-24 09:30:00-05:00,42.77000045776367,42.91999816894531,42.77000045776367,42.91999816894531,7688,0.0,0.0,0.0
2023-11-24 10:30:00-05:00,42.93000030517578,42.935001373291016,42.84560012817383,42.905601501464844,3302,0.0,0.0,0.0
2023-11-24 11:30:00-05:00,42.88999938964844,42.88999938964844,42.849998474121094,42.869998931884766,3678,0.0,0.0,0.0
2023-11-27 09:30:00-05:00,42.779998779296875,42.95349884033203,42.720001220703125,42.91999816894531,13193,0.0,0.0,0.0
2023-11-27 10:30:00-05:00,42.939998626708984,42.972801208496094,42.93000030517578,42.972801208496094,2700,0.0,0.0,0.0
2023-11-27 11:30:00-05:00,43.0,43.029998779296875,42.95000076293945,42.95500183105469,2355,0.0,0.0,0.0
2023-11-27 12:30:00-05:00,42.97999954223633,43.03499984741211,42.97999954223633,43.029998779296875,2989,0.0,0.0,0.0
2023-11-27 13:30:00-05:00,43.0099983215332,43.02989959716797,42.95000076293945,42.95000076293945,2084,0.0,0.0,0.0
2023-11-27 14:30:00-05:00,42.95500183105469,42.970001220703125,42.88999938964844,42.939998626708984,4160,0.0,0.0,0.0
2023-11-27 15:30:00-05:00,42.939998626708984,42.959999084472656,42.91999816894531,42.91999816894531,5126,0.0,0.0,0.0
2023-11-28 09:30:00-05:00,42.86000061035156,42.880001068115234,42.70000076293945,42.86000061035156,5956,0.0,0.0,0.0
2023-11-28 10:30:00-05:00,42.900001525878906,42.9900016784668,42.900001525878906,42.97999954223633,2607,0.0,0.0,0.0
2023-11-28 11:30:00-05:00,43.0890998840332,43.0890998840332,42.97999954223633,42.97999954223633,7218,0.0,0.0,0.0
2023-11-28 12:30:00-05:00,42.96989822387695,42.96989822387695,42.849998474121094,42.880001068115234,5394,0.0,0.0,0.0
2023-11-28 13:30:00-05:00,42.900001525878906,42.91999816894531,42.87889862060547,42.880001068115234,37962,0.0,0.0,0.0
2023-11-28 14:30:00-05:00,42.92190170288086,42.957801818847656,42.89500045776367,42.900001525878906,1685,0.0,0.0,0.0
2023-11-28 15:30:00-05:00,42.88999938964844,42.939998626708984,42.869998931884766,42.90999984741211,6968,0.0,0.0,0.0
2023-11-29 09:30:00-05:00,43.18000030517578,43.52000045776367,43.18000030517578,43.22159957885742,8598,0.0,0.0,0.0
2023-11-29 10:30:00-05:00,43.2400016784668,43.24150085449219,43.04999923706055,43.06999969482422,66363,0.0,0.0,0.0
2023-11-29 11:30:00-05:00,43.0791015625,43.26969909667969,43.060001373291016,43.255001068115234,3393,0.0,0.0,0.0
2023-11-29 12:30:00-05:00,43.279998779296875,43.279998779296875,43.15999984741211,43.15999984741211,7842,0.0,0.0,0.0
2023-11-29 13:30:00-05:00,43.209999084472656,43.24599838256836,43.20000076293945,43.22200012207031,5445,0.0,0.0,0.0
2023-11-29 14:30:00-05:00,43.189998626708984,43.189998626708984,43.04999923706055,43.04999923706055,6000,0.0,0.0,0.0
2023-11-29 15:30:00-05:00,43.041900634765625,43.04999923706055,43.01100158691406,43.040000915527344,0,0.0,0.0,0.0
2023-11-30 09:30:00-05:00,43.2400016784668,43.2400016784668,42.81999969482422,43.0099983215332,9085,0.0,0.0,0.0
2023-11-30 10:30:00-05:00,43.040000915527344,43.130001068115234,42.959999084472656,43.130001068115234,7850,0.0,0.0,0.0
2023-11-30 11:30:00-05:00,43.09000015258789,43.11000061035156,43.0099983215332,43.01390075683594,30577,0.0,0.0,0.0
2023-11-30 12:30:00-05:00,43.04899978637695,43.09000015258789,43.007999420166016,43.029998779296875,2885,0.0,0.0,0.0
2023-11-30 13:30:00-05:00,43.029998779296875,43.06999969482422,42.98210144042969,43.06999969482422,5589,0.0,0.0,0.0
2023-11-30 14:30:00-05:00,43.0989990234375,43.1599006652832,42.970001220703125,42.970001220703125,4998,0.0,0.0,0.0
2023-11-30 15:30:00-05:00,42.9900016784668,43.18000030517578,42.9900016784668,43.15999984741211,7090,0.0,0.0,0.0
2023-12-01 09:30:00-05:00,43.380001068115234,43.650001525878906,43.380001068115234,43.630001068115234,2909,0.0,0.0,0.0
2023-12-01 10:30:00-05:00,43.570098876953125,43.84000015258789,43.570098876953125,43.84000015258789,5330,0.0,0.0,0.0
2023-12-01 11:30:00-05:00,43.875099182128906,44.15999984741211,43.875099182128906,44.13199996948242,19626,0.0,0.0,0.0
2023-12-01 12:30:00-05:00,44.13999938964844,44.25,44.13999938964844,44.24440002441406,8425,0.0,0.0,0.0
2023-12-01 13:30:00-05:00,44.2400016784668,44.260101318359375,44.18000030517578,44.260101318359375,14422,0.0,0.0,0.0
2023-12-01 14:30:00-05:00,44.27000045776367,44.344200134277344,44.26499938964844,44.31919860839844,4806,0.0,0.0,0.0
2023-12-01 15:30:00-05:00,44.36000061035156,44.439998626708984,44.36000061035156,44.400001525878906,8975,0.0,0.0,0.0
2023-12-04 09:30:00-05:00,44.25,44.90999984741211,44.25,44.59000015258789,0,0.0,0.0,0.0
2023-12-04 10:30:00-05:00,44.59000015258789,44.630001068115234,44.439998626708984,44.540000915527344,12374,0.0,0.0,0.0
2023-12-04 11:30:00-05:00,44.540000915527344,44.709999084472656,44.540000915527344,44.70000076293945,3820,0.0,0.0,0.0
2023-12-04 12:30:00-05:00,44.720001220703125,44.7400016784668,44.60499954223633,44.60499954223633,5460,0.0,0.0,0.0
2023-12-04 13:30:00-05:00,44.56999969482422,44.630001068115234,44.56999969482422,44.59000015258789,4951,0.0,0.0,0.0
2023-12-04 14:30:00-05:00,44.599998474121094,44.630001068115234,44.56999969482422,44.58000183105469,7773,0.0,0.0,0.0
2023-12-04 15:30:00-05:00,44.58000183105469,44.70000076293945,44.56999969482422,44.68000030517578,0,0.0,0.0,0.0
2023-12-05 09:30:00-05:00,44.47999954223633,44.47999954223633,44.20000076293945,44.349998474121094,2952,0.0,0.0,0.0
2023-12-05 10:30:00-05:00,44.349998474121094,44.43000030517578,44.29999923706055,44.38999938964844,5453,0.0,0.0,0.0
2023-12-05 11:30:00-05:00,44.40999984741211,44.41999816894531,44.2599983215332,44.2599983215332,2930,0.0,0.0,0.0
2023-12-05 12:30:00-05:00,44.269100189208984,44.269100189208984,44.15999984741211,44.209999084472656,3512,0.0,0.0,0.0
2023-12-05 13:30:00-05:00,44.20000076293945,44.25,44.18000030517578,44.249298095703125,2972,0.0,0.0,0.0
2023-12-05 14:30:00-05:00,44.220001220703125,44.25,44.21500015258789,44.217201232910156,3647,0.0,0.0,0.0
2023-12-05 15:30:00-05:00,44.209999084472656,44.209999084472656,44.150001525878906,44.20000076293945,5920,0.0,0.0,0.0
2023-12-06 09:30:00-05:00,44.56999969482422,44.95000076293945,44.56999969482422,44.790000915527344,0,0.0,0.0,0.0
2023-12-06 10:30:00-05:00,44.83000183105469,44.95000076293945,44.83000183105469,44.900699615478516,8069,0.0,0.0,0.0
2023-12-06 11:30:00-05:00,44.86000061035156,44.93000030517578,44.810001373291016,44.86000061035156,13077,0.0,0.0,0.0
2023-12-06 12:30:00-05:00,44.834999084472656,44.95000076293945,44.755001068115234,44.7599983215332,10448,0.0,0.0,0.0
2023-12-06 13:30:00-05:00,44.79999923706055,44.83000183105469,44.77000045776367,44.77000045776367,7779,0.0,0.0,0.0
2023-12-06 14:30:00-05:00,44.7599983215332,44.790000915527344,44.599998474121094,44.599998474121094,4207,0.0,0.0,0.0
2023-12-06 15:30:00-05:00,44.58000183105469,44.630001068115234,44.56999969482422,44.59000015258789,11478,0.0,0.0,0.0
2023-12-07 09:30:00-05:00,44.75,44.91999816894531,44.599998474121094,44.90999984741211,0,0.0,0.0,0.0
2023-12-07 10:30:00-05:00,44.94499969482422,44.94499969482422,44.84000015258789,44.86000061035156,3988,0.0,0.0,0.0
2023-12-07 11:30:00-05:00,44.834999084472656,44.86000061035156,44.834999084472656,44.849300384521484,1868,0.0,0.0,0.0
2023-12-07 12:30:00-05:00,44.8849983215332,44.890098571777344,44.869998931884766,44.880001068115234,1651,0.0,0.0,0.0
2023-12-07 13:30:00-05:00,44.900001525878906,44.93000030517578,44.896400451660156,44.93000030517578,2166,0.0,0.0,0.0
2023-12-07 14:30:00-05:00,44.88999938964844,44.88999938964844,44.832801818847656,44.869998931884766,5194,0.0,0.0,0.0
2023-12-07 15:30:00-05:00,44.84000015258789,44.900001525878906,44.84000015258789,44.869998931884766,0,0.0,0.0,0.0
2023-12-08 09:30:00-05:00,44.84000015258789,45.185001373291016,44.84000015258789,45.154998779296875,4839,0.0,0.0,0.0
2023-12-08 10:30:00-05:00,45.13999938964844,45.15999984741211,44.95000076293945,44.9995002746582,7961,0.0,0.0,0.0
2023-12-08 11:30:00-05:00,45.04999923706055,45.05500030517578,44.980899810791016,45.0453987121582,2466,0.0,0.0,0.0
2023-12-08 12:30:00-05:00,45.09000015258789,45.130001068115234,45.060001373291016,45.11000061035156,1712,0.0,0.0,0.0
2023-12-08 13:30:00-05:00,45.099998474121094,45.14229965209961,45.099998474121094,45.14229965209961,2287,0.0,0.0,0.0
2023-12-08 14:30:00-05:00,45.220001220703125,45.220001220703125,45.15660095214844,45.189300537109375,5489,0.0,0.0,0.0
2023-12-08 15:30:00-05:00,45.15999984741211,45.20000076293945,45.130001068115234,45.130001068115234,14592,0.0,0.0,0.0
2023-12-11 09:30:00-05:00,45.150001525878906,45.51499938964844,45.150001525878906,45.51499938964844,0,0.0,0.0,0.0
2023-12-11 10:30:00-05:00,45.56999969482422,45.63999938964844,45.560001373291016,45.63999938964844,2571,0.0,0.0,0.0
2023-12-11 11:30:00-05:00,45.63999938964844,45.70199966430664,45.630001068115234,45.69390106201172,3291,0.0,0.0,0.0
2023-12-11 12:30:00-05:00,45.61000061035156,45.709999084472656,45.59000015258789,45.689998626708984,2410,0.0,0.0,0.0
2023-12-11 13:30:00-05:00,45.69409942626953,45.69409942626953,45.65290069580078,45.665401458740234,2575,0.0,0.0,0.0
2023-12-11 14:30:00-05:00,45.64440155029297,45.689998626708984,45.62200164794922,45.662498474121094,8360,0.0,0.0,0.0
2023-12-11 15:30:00-05:00,45.65999984741211,45.66999816894531,45.63010025024414,45.650001525878906,1966,0.0,0.0,0.0
2023-12-12 09:30:00-05:00,45.560001373291016,45.58000183105469,45.47999954223633,45.540000915527344,0,0.0,0.0,0.0
2023-12-12 10:30:00-05:00,45.54999923706055,45.599998474121094,45.529998779296875,45.529998779296875,7654,0.0,0.0,0.0
2023-12-12 11:30:00-05:00,45.57590103149414,45.59000015258789,45.52000045776367,45.529701232910156,43758,0.0,0.0,0.0
2023-12-12 12:30:00-05:00,45.56999969482422,45.630001068115234,45.560001373291016,45.61000061035156,3280,0.0,0.0,0.0
2023-12-12 13:30:00-05:00,45.61050033569336,45.68000030517578,45.604400634765625,45.68000030517578,2393,0.0,0.0,0.0
2023-12-12 14:30:00-05:00,45.70000076293945,45.755001068115234,45.68000030517578,45.71500015258789,4221,0.0,0.0,0.0
2023-12-12 15:30:00-05:00,45.70500183105469,45.709999084472656,45.63249969482422,45.650001525878906,1830,0.0,0.0,0.0
2023-12-13 09:30:00-05:00,45.650001525878906,45.650001525878906,45.5010986328125,45.512001037597656,0,0.0,0.0,0.0
2023-12-13 10:30:00-05:00,45.560001373291016,45.619998931884766,45.52000045776367,45.56629943847656,7452,0.0,0.0,0.0
2023-12-13 11:30:00-05:00,45.470001220703125,45.470001220703125,45.43389892578125,45.439998626708984,1721,0.0,0.0,0.0
2023-12-13 12:30:00-05:00,45.431800842285156,45.431800842285156,45.3401985168457,45.34339904785156,3039,0.0,0.0,0.0
2023-12-13 13:30:00-05:00,45.35499954223633,45.88999938964844,45.35499954223633,45.880001068115234,34983,0.0,0.0,0.0
2023-12-13 14:30:00-05:00,45.90999984741211,46.529998779296875,45.9015998840332,46.38999938964844,21389,0.0,0.0,0.0
2023-12-13 15:30:00-05:00,46.375,46.560001373291016,46.375,46.54999923706055,0,0.0,0.0,0.0
2023-12-14 09:30:00-05:00,47.09000015258789,47.54999923706055,47.0,47.400001525878906,12374,0.0,0.0,0.0
2023-12-14 10:30:00-05:00,47.439998626708984,47.540000915527344,47.380001068115234,47.47999954223633,10720,0.0,0.0,0.0
2023-12-14 11:30:00-05:00,47.540000915527344,47.75,47.4900016784668,47.720001220703125,12034,0.0,0.0,0.0
2023-12-14 12:30:00-05:00,47.72999954223633,47.77000045776367,47.59000015258789,47.61000061035156,8638,0.0,0.0,0.0
2023-12-14 13:30:00-05:00,47.60499954223633,47.630001068115234,47.38999938964844,47.560001373291016,12004,0.0,0.0,0.0
2023-12-14 14:30:00-05:00,47.529998779296875,47.75,47.529998779296875,47.70000076293945,19187,0.0,0.0,0.0
2023-12-14 15:30:00-05:00,47.709999084472656,47.709999084472656,47.61000061035156,47.650001525878906,35257,0.0,0.0,0.0
2023-12-15 09:30:00-05:00,47.54999923706055,47.54999923706055,47.2400016784668,47.42300033569336,15918,0.0,0.0,0.0
2023-12-15 10:30:00-05:00,47.45500183105469,47.540000915527344,47.40999984741211,47.454200744628906,6548,0.0,0.0,0.0
2023-12-15 11:30:00-05:00,47.43370056152344,47.45000076293945,47.380001068115234,47.380001068115234,3257,0.0,0.0,0.0
2023-12-15 12:30:00-05:00,47.38999938964844,47.38999938964844,47.2765998840332,47.279998779296875,7810,0.0,0.0,0.0
2023-12-15 13:30:00-05:00,47.290000915527344,47.290000915527344,47.16780090332031,47.209999084472656,3248,0.0,0.0,0.0
2023-12-15 14:30:00-05:00,47.19499969482422,47.19499969482422,47.119998931884766,47.15999984741211,3760,0.0,0.0,0.0
2023-12-15 15:30:00-05:00,47.150001525878906,47.290000915527344,47.150001525878906,47.2400016784668,6421,0.0,0.0,0.0
2023-12-18 09:30:00-05:00,47.09000015258789,47.15999984741211,46.93600082397461,47.13999938964844,0,0.0,0.0,0.0
2023-12-18 10:30:00-05:00,47.05039978027344,47.130001068115234,47.019798278808594,47.099998474121094,2883,0.0,0.0,0.0
2023-12-18 11:30:00-05:00,47.150001525878906,47.150001525878906,47.03519821166992,47.150001525878906,2474,0.0,0.0,0.0
2023-12-18 12:30:00-05:00,47.224998474121094,47.25080108642578,47.20000076293945,47.25,1279,0.0,0.0,0.0
2023-12-18 13:30:00-05:00,47.20000076293945,47.22999954223633,47.150001525878906,47.150001525878906,3855,0.0,0.0,0.0
2023-12-18 14:30:00-05:00,47.150001525878906,47.22999954223633,47.150001525878906,47.222599029541016,7298,0.0,0.0,0.0
2023-12-18 15:30:00-05:00,47.20000076293945,47.209999084472656,47.189998626708984,47.20000076293945,0,0.0,0.0,0.0
2023-12-19 09:30:00-05:00,47.47999954223633,47.72999954223633,47.47999954223633,47.72999954223633,1186,0.0,0.0,0.0
2023-12-19 10:30:00-05:00,47.67839813232422,47.84000015258789,47.67839813232422,47.82500076293945,2928,0.0,0.0,0.0
2023-12-19 11:30:00-05:00,47.720001220703125,47.720001220703125,47.650001525878906,47.65140151977539,1370,0.0,0.0,0.0
2023-12-19 12:30:00-05:00,47.75199890136719,47.75199890136719,47.72999954223633,47.72999954223633,1350,0.0,0.0,0.0
2023-12-19 13:30:00-05:00,47.75,47.77909851074219,47.74169921875,47.77000045776367,5201,0.0,0.0,0.0
2023-12-19 14:30:00-05:00,47.758201599121094,47.77989959716797,47.72999954223633,47.745201110839844,8435,0.0,0.0,0.0
2023-12-19 15:30:00-05:00,47.7400016784668,47.77000045776367,47.7400016784668,47.77000045776367,6227,0.0,0.0,0.0
2023-12-20 09:30:00-05:00,47.68000030517578,47.709999084472656,47.5,47.709999084472656,17189,0.0,0.0,0.0
2023-12-20 10:30:00-05:00,47.779998779296875,47.81999969482422,47.72999954223633,47.7400016784668,3691,0.0,0.0,0.0
2023-12-20 11:30:00-05:00,47.72999954223633,47.779998779296875,47.720001220703125,47.77000045776367,11823,0.0,0.0,0.0
2023-12-20 12:30:00-05:00,47.77000045776367,47.79999923706055,47.73500061035156,47.7400016784668,5538,0.0,0.0,0.0
2023-12-20 13:30:00-05:00,47.7322998046875,47.7400016784668,47.61000061035156,47.61000061035156,5012,0.0,0.0,0.0
2023-12-20 14:30:00-05:00,47.60070037841797,47.60070037841797,46.910099029541016,47.130001068115234,10249,0.0,0.0,0.0
2023-12-20 15:30:00-05:00,47.0099983215332,47.06999969482422,46.83000183105469,46.849998474121094,8405,0.0,0.0,0.0
2023-12-21 09:30:00-05:00,47.470001220703125,47.56999969482422,47.33000183105469,47.474998474121094,0,0.0,0.0,0.0
2023-12-21 10:30:00-05:00,47.470001220703125,47.555599212646484,47.41999816894531,47.529998779296875,6071,0.0,0.0,0.0
2023-12-21 11:30:00-05:00,47.5,47.519100189208984,47.33000183105469,47.34000015258789,7841,0.0,0.0,0.0
2023-12-21 12:30:00-05:00,47.349998474121094,47.38999938964844,47.2400016784668,47.349998474121094,4909,0.0,0.0,0.0
2023-12-21 13:30:00-05:00,47.38999938964844,47.4900016784668,47.38999938964844,47.45000076293945,3658,0.0,0.0,0.0
2023-12-21 14:30:00-05:00,47.48970031738281,47.59000015258789,47.41999816894531,47.59000015258789,5217,0.0,0.0,0.0
2023-12-21 15:30:00-05:00,47.60260009765625,47.70000076293945,47.58000183105469,47.70000076293945,0,0.0,0.0,0.0
2023-12-22 09:30:00-05:00,47.619998931884766,47.79790115356445,47.599998474121094,47.63029861450195,7579,0.0,0.0,0.0
2023-12-22 10:30:00-05:00,47.630001068115234,47.630001068115234,47.58000183105469,47.58000183105469,1111,0.0,0.0,0.0
2023-12-22 11:30:00-05:00,47.595001220703125,47.595001220703125,47.540000915527344,47.540000915527344,2412,0.0,0.0,0.0
2023-12-22 12:30:00-05:00,47.6349983215332,47.6349983215332,47.6150016784668,47.6150016784668,1701,0.0,0.0,0.0
2023-12-22 13:30:00-05:00,47.6078987121582,47.6078987121582,47.333499908447266,47.333499908447266,3020,0.0,0.0,0.0
2023-12-22 14:30:00-05:00,47.33879852294922,47.532100677490234,47.33879852294922,47.5,1799,0.0,0.0,0.0
2023-12-22 15:30:00-05:00,47.540000915527344,47.540000915527344,47.45000076293945,47.5,10449,0.0,0.0,0.0
2023-12-26 09:30:00-05:00,47.47999954223633,47.560001373291016,47.47200012207031,47.5,11135,0.0,0.0,0.0
2023-12-26 10:30:00-05:00,47.5,47.5,47.4281005859375,47.47999954223633,2507,0.0,0.0,0.0
2023-12-26 11:30:00-05:00,47.48099899291992,47.54999923706055,47.48099899291992,47.522300720214844,6030,0.0,0.0,0.0
2023-12-26 12:30:00-05:00,47.55820083618164,47.6150016784668,47.54999923706055,47.59000015258789,5851,0.0,0.0,0.0
2023-12-26 13:30:00-05:00,47.580101013183594,47.584999084472656,47.56999969482422,47.56999969482422,1976,0.0,0.0,0.0
2023-12-26 14:30:00-05:00,47.56999969482422,47.600399017333984,47.56999969482422,47.600399017333984,596,0.0,0.0,0.0
2023-12-26 15:30:00-05:00,47.58169937133789,47.584999084472656,47.542301177978516,47.560001373291016,3949,0.0,0.0,0.0
2023-12-27 09:30:00-05:00,47.560001373291016,47.599998474121094,47.5,47.52000045776367,9614,0.0,0.0,0.0
2023-12-27 10:30:00-05:00,47.5099983215332,47.52000045776367,47.435001373291016,47.519901275634766,1667,0.0,0.0,0.0
2023-12-27 11:30:00-05:00,47.5,47.56060028076172,47.5,47.54999923706055,3167,0.0,0.0,0.0
2023-12-27 12:30:00-05:00,47.52259826660156,47.65999984741211,47.52259826660156,47.650001525878906,2288,0.0,0.0,0.0
2023-12-27 13:30:00-05:00,47.599998474121094,47.599998474121094,47.439998626708984,47.529998779296875,7873,0.0,0.0,0.0
2023-12-27 14:30:00-05:00,47.54999923706055,47.56930160522461,47.5,47.56930160522461,1607,0.0,0.0,0.0
2023-12-27 15:30:00-05:00,47.58000183105469,47.63999938964844,47.529998779296875,47.63999938964844,5378,0.0,0.0,0.0
2023-12-28 09:30:00-05:00,47.66999816894531,47.7400016784668,47.66999816894531,47.7400016784668,0,0.0,0.0,0.0
2023-12-28 10:30:00-05:00,47.7400016784668,47.7400016784668,47.619998931884766,47.63999938964844,4050,0.0,0.0,0.0
2023-12-28 11:30:00-05:00,47.68000030517578,47.69710159301758,47.66999816894531,47.689998626708984,3884,0.0,0.0,0.0
2023-12-28 12:30:00-05:00,47.720001220703125,47.720001220703125,47.67060089111328,47.70000076293945,953,0.0,0.0,0.0
2023-12-28 13:30:00-05:00,47.744998931884766,47.77000045776367,47.744998931884766,47.77000045776367,2618,0.0,0.0,0.0
2023-12-28 14:30:00-05:00,47.7599983215332,47.767601013183594,47.68000030517578,47.68000030517578,2140,0.0,0.0,0.0
2023-12-28 15:30:00-05:00,47.7599983215332,47.7599983215332,47.71500015258789,47.72999954223633,2405,0.0,0.0,0.0
2023-12-29 09:30:00-05:00,47.68000030517578,47.848201751708984,47.68000030517578,47.79159927368164,0,0.0,0.0,0.0
2023-12-29 10:30:00-05:00,47.755001068115234,47.755001068115234,47.53990173339844,47.53990173339844,5546,0.0,0.0,0.0
2023-12-29 11:30:00-05:00,47.5,47.567901611328125,47.4900016784668,47.4900016784668,1336,0.0,0.0,0.0
2023-12-29 12:30:00-05:00,47.49599838256836,47.63999938964844,47.49599838256836,47.59000015258789,2286,0.0,0.0,0.0
2023-12-29 13:30:00-05:00,47.619998931884766,47.649600982666016,47.584598541259766,47.59000015258789,1211,0.0,0.0,0.0
2023-12-29 14:30:00-05:00,47.59769821166992,47.61000061035156,47.560001373291016,47.560001373291016,4689,0.0,0.0,0.0
2023-12-29 15:30:00-05:00,47.599998474121094,47.599998474121094,47.4900016784668,47.54999923706055,4340,0.0,0.0,0.0
2024-01-02 09:30:00-05:00,47.25,47.470001220703125,47.25,47.3849983215332,0,0.0,0.0,0.0
2024-01-02 10:30:00-05:00,47.52000045776367,47.52000045776367,47.5099983215332,47.5099983215332,1161,0.0,0.0,0.0
2024-01-02 11:30:00-05:00,47.47990036010742,47.522701263427734,47.47330093383789,47.522701263427734,1486,0.0,0.0,0.0
2024-01-02 12:30:00-05:00,47.499698638916016,47.499698638916016,47.439998626708984,47.47930145263672,1373,0.0,0.0,0.0
2024-01-02 13:30:00-05:00,47.29800033569336,47.310001373291016,47.279998779296875,47.29999923706055,2355,0.0,0.0,0.0
2024-01-02 14:30:00-05:00,47.236000061035156,47.236000061035156,47.130001068115234,47.150001525878906,3522,0.0,0.0,0.0
2024-01-02 15:30:00-05:00,47.119998931884766,47.22999954223633,47.08000183105469,47.22999954223633,0,0.0,0.0,0.0
2024-01-03 09:30:00-05:00,46.75,46.75,46.2599983215332,46.2599983215332,21057,0.0,0.0,0.0
2024-01-03 10:30:00-05:00,46.2318000793457,46.27000045776367,46.04999923706055,46.24829864501953,3123,0.0,0.0,0.0
2024-01-03 11:30:00-05:00,46.29100036621094,46.29100036621094,46.18000030517578,46.27000045776367,5774,0.0,0.0,0.0
2024-01-03 12:30:00-05:00,46.27000045776367,46.5,46.27000045776367,46.5,1090,0.0,0.0,0.0
2024-01-03 13:30:00-05:00,46.470001220703125,46.5099983215332,46.29050064086914,46.5099983215332,43115,0.0,0.0,0.0
2024-01-03 14:30:00-05:00,46.529998779296875,46.529998779296875,46.150001525878906,46.150001525878906,2492,0.0,0.0,0.0
2024-01-03 15:30:00-05:00,46.16999816894531,46.220001220703125,46.077598571777344,46.09000015258789,0,0.0,0.0,0.0
2024-01-04 09:30:00-05:00,46.02000045776367,46.31520080566406,45.97999954223633,46.22529983520508,5945,0.0,0.0,0.0
2024-01-04 10:30:00-05:00,46.253700256347656,46.2942008972168,46.18000030517578,46.2942008972168,2533,0.0,0.0,0.0
2024-01-04 11:30:00-05:00,46.297698974609375,46.310001373291016,46.165401458740234,46.165401458740234,1792,0.0,0.0,0.0
2024-01-04 12:30:00-05:00,46.125,46.150001525878906,46.099998474121094,46.099998474121094,3748,0.0,0.0,0.0
2024-01-04 13:30:00-05:00,46.125,46.135501861572266,46.040000915527344,46.060001373291016,43960,0.0,0.0,0.0
2024-01-04 14:30:00-05:00,46.0531005859375,46.15129852294922,46.0099983215332,46.130001068115234,6987,0.0,0.0,0.0
2024-01-04 15:30:00-05:00,46.130001068115234,46.130001068115234,45.97999954223633,45.97999954223633,1265,0.0,0.0,0.0
2024-01-05 09:30:00-05:00,45.880001068115234,46.619998931884766,45.880001068115234,46.599998474121094,5153,0.0,0.0,0.0
2024-01-05 10:30:00-05:00,46.5099983215332,46.58000183105469,46.400001525878906,46.400001525878906,64260,0.0,0.0,0.0
2024-01-05 11:30:00-05:00,46.380001068115234,46.39500045776367,46.20000076293945,46.22999954223633,4449,0.0,0.0,0.0
2024-01-05 12:30:00-05:00,46.2400016784668,46.28219985961914,46.220001220703125,46.25,1992,0.0,0.0,0.0
2024-01-05 13:30:00-05:00,46.369998931884766,46.45500183105469,46.369998931884766,46.43619918823242,2184,0.0,0.0,0.0
2024-01-05 14:30:00-05:00,46.40999984741211,46.40999984741211,46.220001220703125,46.279998779296875,3320,0.0,0.0,0.0
2024-01-05 15:30:00-05:00,46.2599983215332,46.36000061035156,46.2599983215332,46.31999969482422,8450,0.0,0.0,0.0
2024-01-08 09:30:00-05:00,46.279998779296875,46.529998779296875,46.279998779296875,46.52000045776367,34226,0.0,0.0,0.0
2024-01-08 10:30:00-05:00,46.560001373291016,46.70000076293945,46.560001373291016,46.650001525878906,118455,0.0,0.0,0.0
2024-01-08 11:30:00-05:00,46.650001525878906,46.68000030517578,46.439998626708984,46.45000076293945,59182,0.0,0.0,0.0
2024-01-08 12:30:00-05:00,46.439998626708984,46.720001220703125,46.439998626708984,46.709999084472656,18070,0.0,0.0,0.0
2024-01-08 13:30:00-05:00,46.709999084472656,46.83000183105469,46.709999084472656,46.810001373291016,21110,0.0,0.0,0.0
2024-01-08 14:30:00-05:00,46.90999984741211,46.96009826660156,46.880001068115234,46.93000030517578,14221,0.0,0.0,0.0
2024-01-08 15:30:00-05:00,46.93000030517578,47.0099983215332,46.90999984741211,46.970001220703125,0,0.0,0.0,0.0
2024-01-09 09:30:00-05:00,46.66999816894531,46.70220184326172,46.540000915527344,46.599998474121094,30221,0.0,0.0,0.0
2024-01-09 10:30:00-05:00,46.630001068115234,46.63999938964844,46.499900817871094,46.56999969482422,26563,0.0,0.0,0.0
2024-01-09 11:30:00-05:00,46.59000015258789,46.63999938964844,46.58000183105469,46.590999603271484,9822,0.0,0.0,0.0
2024-01-09 12:30:00-05:00,46.61000061035156,46.70000076293945,46.58000183105469,46.619998931884766,21205,0.0,0.0,0.0
2024-01-09 13:30:00-05:00,46.560001373291016,46.72999954223633,46.54999923706055,46.59270095825195,29737,0.0,0.0,0.0
2024-01-09 14:30:00-05:00,46.582401275634766,46.63999938964844,46.56999969482422,46.58000183105469,19327,0.0,0.0,0.0
2024-01-09 15:30:00-05:00,46.54999923706055,46.619998931884766,46.52109909057617,46.599998474121094,0,0.0,0.0,0.0
2024-01-10 09:30:00-05:00,46.619998931884766,46.7244987487793,46.619998931884766,46.63999938964844,2451,0.0,0.0,0.0
2024-01-10 10:30:00-05:00,46.6703987121582,46.75,46.643001556396484,46.70000076293945,37221,0.0,0.0,0.0
2024-01-10 11:30:00-05:00,46.77640151977539,46.77640151977539,46.77640151977539,46.77640151977539,419,0.0,0.0,0.0
2024-01-10 12:30:00-05:00,46.7599983215332,46.7599983215332,46.69499969482422,46.69499969482422,1270,0.0,0.0,0.0
2024-01-10 13:30:00-05:00,46.71979904174805,46.81999969482422,46.7052001953125,46.814998626708984,5661,0.0,0.0,0.0
2024-01-10 14:30:00-05:00,46.82820129394531,46.86989974975586,46.7400016784668,46.7400016784668,3675,0.0,0.0,0.0
2024-01-10 15:30:00-05:00,46.75210189819336,46.81999969482422,46.70000076293945,46.81999969482422,12358,0.0,0.0,0.0
2024-01-11 09:30:00-05:00,46.709999084472656,46.709999084472656,46.26499938964844,46.26499938964844,0,0.0,0.0,0.0
2024-01-11 10:30:00-05:00,46.29999923706055,46.29999923706055,46.190101623535156,46.22999954223633,1048,0.0,0.0,0.0
2024-01-11 11:30:00-05:00,46.189998626708984,46.306800842285156,46.189998626708984,46.306800842285156,896,0.0,0.0,0.0
2024-01-11 12:30:00-05:00,46.310001373291016,46.52000045776367,46.285099029541016,46.50189971923828,3786,0.0,0.0,0.0
2024-01-11 13:30:00-05:00,46.50469970703125,46.624298095703125,46.47999954223633,46.624298095703125,10954,0.0,0.0,0.0
2024-01-11 14:30:00-05:00,46.63999938964844,46.65909957885742,46.540000915527344,46.59000015258789,3833,0.0,0.0,0.0
2024-01-11 15:30:00-05:00,46.625,46.720001220703125,46.599998474121094,46.70000076293945,0,0.0,0.0,0.0
2024-01-12 09:30:00-05:00,46.701698303222656,46.7588996887207,46.29499816894531,46.29499816894531,1827,0.0,0.0,0.0
2024-01-12 10:30:00-05:00,46.130001068115234,46.24610137939453,46.117000579833984,46.24610137939453,2753,0.0,0.0,0.0
2024-01-12 11:30:00-05:00,46.15719985961914,46.1619987487793,46.11000061035156,46.119998931884766,1306,0.0,0.0,0.0
2024-01-12 12:30:00-05:00,46.119998931884766,46.16080093383789,46.119998931884766,46.16080093383789,1160,0.0,0.0,0.0
2024-01-12 13:30:00-05:00,46.175201416015625,46.220001220703125,46.119998931884766,46.119998931884766,2442,0.0,0.0,0.0
2024-01-12 14:30:00-05:00,46.11000061035156,46.11000061035156,46.0099983215332,46.0099983215332,2374,0.0,0.0,0.0
2024-01-12 15:30:00-05:00,46.060001373291016,46.084999084472656,46.04999923706055,46.04999923706055,6397,0.0,0.0,0.0
2024-01-16 09:30:00-05:00,45.75,45.88990020751953,45.59080123901367,45.88990020751953,17303,0.0,0.0,0.0
2024-01-16 10:30:00-05:00,45.88999938964844,46.0,45.79999923706055,45.91999816894531,20945,0.0,0.0,0.0
2024-01-16 11:30:00-05:00,45.91999816894531,45.939998626708984,45.84000015258789,45.86000061035156,6880,0.0,0.0,0.0
2024-01-16 12:30:00-05:00,45.880001068115234,46.02000045776367,45.8650016784668,46.0,10831,0.0,0.0,0.0
2024-01-16 13:30:00-05:00,46.0182991027832,46.0182991027832,45.86000061035156,45.869998931884766,6046,0.0,0.0,0.0
2024-01-16 14:30:00-05:00,45.869998931884766,45.959999084472656,45.869998931884766,45.935001373291016,5983,0.0,0.0,0.0
2024-01-16 15:30:00-05:00,45.939998626708984,46.060001373291016,45.93000030517578,46.029998779296875,13255,0.0,0.0,0.0
2024-01-17 09:30:00-05:00,45.5099983215332,45.720001220703125,45.5099983215332,45.62519836425781,0,0.0,0.0,0.0
2024-01-17 10:30:00-05:00,45.60279846191406,45.650001525878906,45.59000015258789,45.650001525878906,1634,0.0,0.0,0.0
2024-01-17 11:30:00-05:00,45.69499969482422,45.71630096435547,45.591400146484375,45.591400146484375,3014,0.0,0.0,0.0
2024-01-17 12:30:00-05:00,45.59989929199219,45.61989974975586,45.52000045776367,45.52000045776367,1492,0.0,0.0,0.0
2024-01-17 13:30:00-05:00,45.5,45.540000915527344,45.5,45.529998779296875,2660,0.0,0.0,0.0
2024-01-17 14:30:00-05:00,45.599998474121094,45.599998474121094,45.540000915527344,45.540000915527344,1916,0.0,0.0,0.0
2024-01-17 15:30:00-05:00,45.58000183105469,45.689998626708984,45.58000183105469,45.68000030517578,3119,0.0,0.0,0.0
2024-01-18 09:30:00-05:00,45.880001068115234,46.08000183105469,45.880001068115234,46.07849884033203,0,0.0,0.0,0.0
2024-01-18 10:30:00-05:00,46.060001373291016,46.060001373291016,45.80500030517578,45.80500030517578,1819,0.0,0.0,0.0
2024-01-18 11:30:00-05:00,45.849998474121094,45.849998474121094,45.674800872802734,45.674800872802734,1481,0.0,0.0,0.0
2024-01-18 12:30:00-05:00,45.63999938964844,45.69419860839844,45.635398864746094,45.635398864746094,1150,0.0,0.0,0.0
2024-01-18 13:30:00-05:00,45.77000045776367,45.96390151977539,45.77000045776367,45.96390151977539,4019,0.0,0.0,0.0
2024-01-18 14:30:00-05:00,46.0099983215332,46.09000015258789,45.900001525878906,46.09000015258789,2943,0.0,0.0,0.0
2024-01-18 15:30:00-05:00,46.099998474121094,46.18000030517578,46.093299865722656,46.150001525878906,3428,0.0,0.0,0.0
2024-01-19 09:30:00-05:00,46.220001220703125,46.220001220703125,45.90999984741211,46.0,0,0.0,0.0,0.0
2024-01-19 10:30:00-05:00,46.005001068115234,46.18000030517578,46.005001068115234,46.12009811401367,3514,0.0,0.0,0.0
2024-01-19 11:30:00-05:00,46.047698974609375,46.150001525878906,46.047698974609375,46.150001525878906,83987,0.0,0.0,0.0
2024-01-19 12:30:00-05:00,46.18000030517578,46.37799835205078,46.18000030517578,46.37799835205078,5747,0.0,0.0,0.0
2024-01-19 13:30:00-05:00,46.435001373291016,46.520301818847656,46.400001525878906,46.5099983215332,5407,0.0,0.0,0.0
2024-01-19 14:30:00-05:00,46.56999969482422,46.630001068115234,46.5099983215332,46.5099983215332,3430,0.0,0.0,0.0
2024-01-19 15:30:00-05:00,46.5,46.54999923706055,46.5,46.54999923706055,5665,0.0,0.0,0.0
2024-01-22 09:30:00-05:00,46.599998474121094,46.900001525878906,46.599998474121094,46.810001373291016,0,0.0,0.0,0.0
2024-01-22 10:30:00-05:00,46.79999923706055,46.79999923706055,46.650001525878906,46.70000076293945,4882,0.0,0.0,0.0
2024-01-22 11:30:00-05:00,46.720001220703125,46.72999954223633,46.66999816894531,46.72999954223633,3498,0.0,0.0,0.0
2024-01-22 12:30:00-05:00,46.75,46.75,46.5099983215332,46.529998779296875,6539,0.0,0.0,0.0
2024-01-22 13:30:00-05:00,46.529998779296875,46.63999938964844,46.5099983215332,46.5099983215332,10565,0.0,0.0,0.0
2024-01-22 14:30:00-05:00,46.58000183105469,46.649898529052734,46.529998779296875,46.649898529052734,8883,0.0,0.0,0.0
2024-01-22 15:30:00-05:00,46.72999954223633,46.72999954223633,46.65999984741211,46.66999816894531,23549,0.0,0.0,0.0
2024-01-23 09:30:00-05:00,46.720001220703125,46.737300872802734,46.560001373291016,46.560001373291016,6426,0.0,0.0,0.0
2024-01-23 10:30:00-05:00,46.400001525878906,46.439998626708984,46.290000915527344,46.40140151977539,61127,0.0,0.0,0.0
2024-01-23 11:30:00-05:00,46.250099182128906,46.310001373291016,46.25,46.310001373291016,1750,0.0,0.0,0.0
2024-01-23 12:30:00-05:00,46.16379928588867,46.224300384521484,46.16379928588867,46.20009994506836,3536,0.0,0.0,0.0
2024-01-23 13:30:00-05:00,46.220001220703125,46.2671012878418,46.21110153198242,46.21110153198242,0,0.0,0.0,0.0
2024-01-23 14:30:00-05:00,46.229000091552734,46.400001525878906,46.229000091552734,46.380001068115234,78009,0.0,0.0,0.0
2024-01-23 15:30:00-05:00,46.33000183105469,46.36000061035156,46.31999969482422,46.36000061035156,12611,0.0,0.0,0.0
2024-01-24 09:30:00-05:00,46.61000061035156,46.650001525878906,46.290000915527344,46.380001068115234,0,0.0,0.0,0.0
2024-01-24 10:30:00-05:00,46.34000015258789,46.470001220703125,46.334999084472656,46.40999984741211,4082,0.0,0.0,0.0
2024-01-24 11:30:00-05:00,46.39500045776367,46.45500183105469,46.39500045776367,46.435001373291016,2882,0.0,0.0,0.0
2024-01-24 12:30:00-05:00,46.42150115966797,46.43000030517578,46.220001220703125,46.25,5426,0.0,0.0,0.0
2024-01-24 13:30:00-05:00,46.209999084472656,46.209999084472656,46.08100128173828,46.099998474121094,3713,0.0,0.0,0.0
2024-01-24 14:30:00-05:00,46.119998931884766,46.1609992980957,46.0,46.0,10296,0.0,0.0,0.0
2024-01-24 15:30:00-05:00,46.04999923706055,46.09000015258789,46.0,46.04999923706055,6460,0.0,0.0,0.0
2024-01-25 09:30:00-05:00,46.209999084472656,46.380001068115234,46.20000076293945,46.310001373291016,5241,0.0,0.0,0.0
2024-01-25 10:30:00-05:00,46.29999923706055,46.29999923706055,46.09049987792969,46.18119812011719,3050,0.0,0.0,0.0
2024-01-25 11:30:00-05:00,46.29999923706055,46.310001373291016,46.25,46.29999923706055,2130,0.0,0.0,0.0
2024-01-25 12:30:00-05:00,46.25,46.33000183105469,46.209999084472656,46.278099060058594,3460,0.0,0.0,0.0
2024-01-25 13:30:00-05:00,46.279998779296875,46.41999816894531,46.25,46.41999816894531,127926,0.0,0.0,0.0
2024-01-25 14:30:00-05:00,46.43659973144531,46.439998626708984,46.36000061035156,46.39889907836914,14799,0.0,0.0,0.0
2024-01-25 15:30:00-05:00,46.439998626708984,46.540000915527344,46.439998626708984,46.540000915527344,0,0.0,0.0,0.0
2024-01-26 09:30:00-05:00,46.7041015625,46.7041015625,46.59000015258789,46.619998931884766,2904,0.0,0.0,0.0
2024-01-26 10:30:00-05:00,46.709999084472656,46.779998779296875,46.70000076293945,46.72999954223633,65045,0.0,0.0,0.0
2024-01-26 11:30:00-05:00,46.7400016784668,46.849998474121094,46.7400016784668,46.81999969482422,17573,0.0,0.0,0.0
2024-01-26 12:30:00-05:00,46.81999969482422,46.81999969482422,46.66999816894531,46.68000030517578,8196,0.0,0.0,0.0
2024-01-26 13:30:00-05:00,46.720001220703125,46.72999954223633,46.65999984741211,46.72999954223633,4027,0.0,0.0,0.0
2024-01-26 14:30:00-05:00,46.747398376464844,46.77000045776367,46.691898345947266,46.7400016784668,4295,0.0,0.0,0.0
2024-01-26 15:30:00-05:00,46.709999084472656,46.720001220703125,46.65999984741211,46.68000030517578,11927,0.0,0.0,0.0
2024-01-29 09:30:00-05:00,46.72999954223633,46.779998779296875,46.650001525878906,46.66999816894531,0,0.0,0.0,0.0
2024-01-29 10:30:00-05:00,46.65999984741211,46.7400016784668,46.625,46.720001220703125,12746,0.0,0.0,0.0
2024-01-29 11:30:00-05:00,46.698299407958984,46.81999969482422,46.698299407958984,46.81999969482422,3545,0.0,0.0,0.0
2024-01-29 12:30:00-05:00,46.869998931884766,46.93000030517578,46.84000015258789,46.93000030517578,3981,0.0,0.0,0.0
2024-01-29 13:30:00-05:00,46.970001220703125,46.9900016784668,46.90999984741211,46.9900016784668,4683,0.0,0.0,0.0
2024-01-29 14:30:00-05:00,47.0099983215332,47.26499938964844,46.959999084472656,47.2599983215332,9704,0.0,0.0,0.0
2024-01-29 15:30:00-05:00,47.24789810180664,47.2599983215332,47.15999984741211,47.2400016784668,0,0.0,0.0,0.0
2024-01-30 09:30:00-05:00,47.119998931884766,47.369998931884766,47.119998931884766,47.189998626708984,14419,0.0,0.0,0.0
2024-01-30 10:30:00-05:00,47.15999984741211,47.20000076293945,47.13999938964844,47.189998626708984,7373,0.0,0.0,0.0
2024-01-30 11:30:00-05:00,47.220001220703125,47.310001373291016,47.220001220703125,47.279998779296875,5160,0.0,0.0,0.0
2024-01-30 12:30:00-05:00,47.2400016784668,47.30500030517578,47.20000076293945,47.30500030517578,4087,0.0,0.0,0.0
2024-01-30 13:30:00-05:00,47.29999923706055,47.31449890136719,47.2599983215332,47.282100677490234,4677,0.0,0.0,0.0
2024-01-30 14:30:00-05:00,47.30149841308594,47.31999969482422,47.2422981262207,47.2599983215332,2929,0.0,0.0,0.0
2024-01-30 15:30:00-05:00,47.2599983215332,47.2599983215332,47.16999816894531,47.18000030517578,0,0.0,0.0,0.0
2024-01-31 09:30:00-05:00,47.029998779296875,47.21500015258789,46.93000030517578,47.21500015258789,8764,0.0,0.0,0.0
2024-01-31 10:30:00-05:00,47.22999954223633,47.25130081176758,47.22999954223633,47.25130081176758,573,0.0,0.0,0.0
2024-01-31 11:30:00-05:00,47.06999969482422,47.14500045776367,47.04010009765625,47.14500045776367,2285,0.0,0.0,0.0
2024-01-31 12:30:00-05:00,47.18000030517578,47.18000030517578,47.07500076293945,47.07500076293945,22932,0.0,0.0,0.0
2024-01-31 13:30:00-05:00,47.10499954223633,47.130001068115234,46.81999969482422,46.84989929199219,4362,0.0,0.0,0.0
2024-01-31 14:30:00-05:00,46.849998474121094,47.189998626708984,46.560001373291016,46.70000076293945,5193,0.0,0.0,0.0
2024-01-31 15:30:00-05:00,46.6343994140625,46.6343994140625,46.38999938964844,46.439998626708984,9778,0.0,0.0,0.0
2024-02-01 09:30:00-05:00,46.849998474121094,47.06999969482422,46.810001373291016,46.90999984741211,0,0.0,0.0,0.0
2024-02-01 10:30:00-05:00,46.790000915527344,46.810001373291016,46.5099983215332,46.54999923706055,7474,0.0,0.0,0.0
2024-02-01 11:30:00-05:00,46.58000183105469,46.89590072631836,46.58000183105469,46.89590072631836,1487,0.0,0.0,0.0
2024-02-01 12:30:00-05:00,47.060001373291016,47.150001525878906,47.060001373291016,47.099998474121094,3345,0.0,0.0,0.0
2024-02-01 13:30:00-05:00,46.959999084472656,47.13999938964844,46.959999084472656,47.13999938964844,2301,0.0,0.0,0.0
2024-02-01 14:30:00-05:00,47.06999969482422,47.294700622558594,47.06999969482422,47.294700622558594,1938,0.0,0.0,0.0
2024-02-01 15:30:00-05:00,47.369998931884766,47.439998626708984,47.290000915527344,47.439998626708984,0,0.0,0.0,0.0
2024-02-02 09:30:00-05:00,47.31999969482422,47.31999969482422,46.69499969482422,46.849998474121094,8185,0.0,0.0,0.0
2024-02-02 10:30:00-05:00,47.0,47.119998931884766,46.9900016784668,47.119998931884766,1987,0.0,0.0,0.0
2024-02-02 11:30:00-05:00,47.150001525878906,47.209999084472656,47.150001525878906,47.150001525878906,2321,0.0,0.0,0.0
2024-02-02 12:30:00-05:00,47.25,47.3036994934082,47.08000183105469,47.3036994934082,4639,0.0,0.0,0.0
2024-02-02 13:30:00-05:00,47.38999938964844,47.650001525878906,47.38999938964844,47.59000015258789,6277,0.0,0.0,0.0
2024-02-02 14:30:00-05:00,47.619998931884766,47.70000076293945,47.580101013183594,47.630001068115234,4370,0.0,0.0,0.0
2024-02-02 15:30:00-05:00,47.540000915527344,47.540000915527344,47.400001525878906,47.40999984741211,4836,0.0,0.0,0.0
2024-02-05 09:30:00-05:00,47.04999923706055,47.04999923706055,46.540000915527344,46.540000915527344,0,0.0,0.0,0.0
2024-02-05 10:30:00-05:00,46.54999923706055,46.72949981689453,46.5099983215332,46.685001373291016,9664,0.0,0.0,0.0
2024-02-05 11:30:00-05:00,46.650001525878906,46.72999954223633,46.650001525878906,46.72999954223633,1300,0.0,0.0,0.0
2024-02-05 12:30:00-05:00,46.7599983215332,46.83000183105469,46.7599983215332,46.80500030517578,3198,0.0,0.0,0.0
2024-02-05 13:30:00-05:00,46.7599983215332,46.88629913330078,46.7599983215332,46.88629913330078,2767,0.0,0.0,0.0
2024-02-05 14:30:00-05:00,46.900001525878906,46.91999816894531,46.810001373291016,46.91999816894531,7153,0.0,0.0,0.0
2024-02-05 15:30:00-05:00,46.83000183105469,46.900001525878906,46.79999923706055,46.83000183105469,69415,0.0,0.0,0.0
2024-02-06 09:30:00-05:00,46.849998474121094,47.060001373291016,46.849998474121094,46.96369934082031,0,0.0,0.0,0.0
2024-02-06 10:30:00-05:00,47.13999938964844,47.189998626708984,47.13999938964844,47.18000030517578,1177,0.0,0.0,0.0
2024-02-06 11:30:00-05:00,47.15999984741211,47.15999984741211,47.13990020751953,47.13990020751953,1516,0.0,0.0,0.0
2024-02-06 12:30:00-05:00,47.19499969482422,47.21379852294922,47.130001068115234,47.130001068115234,2244,0.0,0.0,0.0
2024-02-06 13:30:00-05:00,47.16600036621094,47.16600036621094,47.08219909667969,47.110198974609375,3215,0.0,0.0,0.0
2024-02-06 14:30:00-05:00,47.08000183105469,47.22999954223633,47.08000183105469,47.214298248291016,2327,0.0,0.0,0.0
2024-02-06 15:30:00-05:00,47.150001525878906,47.249900817871094,47.140201568603516,47.2400016784668,10951,0.0,0.0,0.0
2024-02-07 09:30:00-05:00,47.40999984741211,47.52000045776367,47.279998779296875,47.52000045776367,0,0.0,0.0,0.0
2024-02-07 10:30:00-05:00,47.58000183105469,47.5806999206543,47.537899017333984,47.5806999206543,2365,0.0,0.0,0.0
2024-02-07 11:30:00-05:00,47.561500549316406,47.589900970458984,47.503299713134766,47.589900970458984,1318,0.0,0.0,0.0
2024-02-07 12:30:00-05:00,47.599998474121094,47.665000915527344,47.599998474121094,47.665000915527344,1609,0.0,0.0,0.0
2024-02-07 13:30:00-05:00,47.68510055541992,47.720001220703125,47.66569900512695,47.720001220703125,2280,0.0,0.0,0.0
2024-02-07 14:30:00-05:00,47.723201751708984,47.7400016784668,47.689998626708984,47.689998626708984,4773,0.0,0.0,0.0
2024-02-07 15:30:00-05:00,47.599998474121094,47.62770080566406,47.529998779296875,47.540000915527344,2425,0.0,0.0,0.0
2024-02-08 09:30:00-05:00,47.720001220703125,47.97999954223633,47.720001220703125,47.97999954223633,0,0.0,0.0,0.0
2024-02-08 10:30:00-05:00,47.93000030517578,47.935001373291016,47.810001373291016,47.810001373291016,3330,0.0,0.0,0.0
2024-02-08 11:30:00-05:00,47.81999969482422,47.81999969482422,47.81999969482422,47.81999969482422,677,0.0,0.0,0.0
2024-02-08 12:30:00-05:00,47.851898193359375,47.97999954223633,47.84000015258789,47.94860076904297,6162,0.0,0.0,0.0
2024-02-08 13:30:00-05:00,47.97779846191406,48.040000915527344,47.97779846191406,48.040000915527344,1787,0.0,0.0,0.0
2024-02-08 14:30:00-05:00,48.01499938964844,48.06999969482422,48.01499938964844,48.06999969482422,1002,0.0,0.0,0.0
2024-02-08 15:30:00-05:00,48.04119873046875,48.06999969482422,48.0093994140625,48.04999923706055,2328,0.0,0.0,0.0
2024-02-09 09:30:00-05:00,47.849998474121094,47.849998474121094,47.639801025390625,47.720001220703125,0,0.0,0.0,0.0
2024-02-09 10:30:00-05:00,47.70000076293945,47.709999084472656,47.61000061035156,47.61000061035156,1448,0.0,0.0,0.0
2024-02-09 11:30:00-05:00,47.52000045776367,47.619998931884766,47.52000045776367,47.619998931884766,1614,0.0,0.0,0.0
2024-02-09 12:30:00-05:00,47.68009948730469,47.7775993347168,47.68000030517578,47.7775993347168,6835,0.0,0.0,0.0
2024-02-09 13:30:00-05:00,47.825599670410156,47.93000030517578,47.825599670410156,47.93000030517578,1397,0.0,0.0,0.0
2024-02-09 14:30:00-05:00,47.935001373291016,47.935001373291016,47.81999969482422,47.85499954223633,32238,0.0,0.0,0.0
2024-02-09 15:30:00-05:00,47.83000183105469,47.880001068115234,47.83000183105469,47.869998931884766,47862,0.0,0.0,0.0
2024-02-12 09:30:00-05:00,47.88999938964844,48.380001068115234,47.88999938964844,48.380001068115234,0,0.0,0.0,0.0
2024-02-12 10:30:00-05:00,48.380001068115234,48.49100112915039,48.380001068115234,48.49100112915039,2300,0.0,0.0,0.0
2024-02-12 11:30:00-05:00,48.52000045776367,48.58000183105469,48.500999450683594,48.58000183105469,3828,0.0,0.0,0.0
2024-02-12 12:30:00-05:00,48.51020050048828,48.65999984741211,48.51020050048828,48.65999984741211,1023,0.0,0.0,0.0
2024-02-12 13:30:00-05:00,48.650001525878906,48.650001525878906,48.5099983215332,48.5099983215332,60270,0.0,0.0,0.0
2024-02-12 14:30:00-05:00,48.52000045776367,48.560001373291016,48.4900016784668,48.52000045776367,10841,0.0,0.0,0.0
2024-02-12 15:30:00-05:00,48.500099182128906,48.560001373291016,48.47999954223633,48.5099983215332,4009,0.0,0.0,0.0
2024-02-13 09:30:00-05:00,47.400001525878906,47.400001525878906,47.150001525878906,47.25199890136719,0,0.0,0.0,0.0
2024-02-13 10:30:00-05:00,47.287601470947266,47.51499938964844,47.279998779296875,47.51499938964844,1307,0.0,0.0,0.0
2024-02-13 11:30:00-05:00,47.56999969482422,47.56999969482422,47.41999816894531,47.487300872802734,2097,0.0,0.0,0.0
2024-02-13 12:30:00-05:00,47.52989959716797,47.52989959716797,47.43000030517578,47.46440124511719,744,0.0,0.0,0.0
2024-02-13 13:30:00-05:00,47.439998626708984,47.470001220703125,47.25,47.25,3315,0.0,0.0,0.0
2024-02-13 14:30:00-05:00,47.27000045776367,47.31700134277344,47.10200119018555,47.154998779296875,131735,0.0,0.0,0.0
2024-02-13 15:30:00-05:00,47.20000076293945,47.40999984741211,47.20000076293945,47.38999938964844,5781,0.0,0.0,0.0
2024-02-14 09:30:00-05:00,47.65999984741211,47.65999984741211,47.369998931884766,47.369998931884766,0,0.0,0.0,0.0
2024-02-14 10:30:00-05:00,47.380001068115234,47.404998779296875,47.290000915527344,47.404998779296875,2482,0.0,0.0,0.0
2024-02-14 11:30:00-05:00,47.41130065917969,47.470001220703125,47.41130065917969,47.45000076293945,1618,0.0,0.0,0.0
2024-02-14 12:30:00-05:00,47.45000076293945,47.47990036010742,47.45000076293945,47.47990036010742,393,0.0,0.0,0.0
2024-02-14 13:30:00-05:00,47.529998779296875,47.72999954223633,47.529998779296875,47.72999954223633,3704,0.0,0.0,0.0
2024-02-14 14:30:00-05:00,47.72999954223633,47.7599983215332,47.720001220703125,47.72169876098633,4457,0.0,0.0,0.0
2024-02-14 15:30:00-05:00,47.744998931884766,47.81999969482422,47.744998931884766,47.79999923706055,0,0.0,0.0,0.0
2024-02-15 09:30:00-05:00,47.9900016784668,48.25379943847656,47.9900016784668,48.25379943847656,1504,0.0,0.0,0.0
2024-02-15 10:30:00-05:00,48.06999969482422,48.08420181274414,48.064998626708984,48.08420181274414,811,0.0,0.0,0.0
2024-02-15 11:30:00-05:00,48.10580062866211,48.23460006713867,48.10580062866211,48.20000076293945,1220,0.0,0.0,0.0
2024-02-15 12:30:00-05:00,48.15039825439453,48.18000030517578,48.11000061035156,48.165000915527344,3023,0.0,0.0,0.0
2024-02-15 13:30:00-05:00,48.154998779296875,48.20000076293945,48.15230178833008,48.176300048828125,2774,0.0,0.0,0.0
2024-02-15 14:30:00-05:00,48.19499969482422,48.230098724365234,48.19499969482422,48.209999084472656,3388,0.0,0.0,0.0
2024-02-15 15:30:00-05:00,48.220001220703125,48.2400016784668,48.19499969482422,48.2400016784668,0,0.0,0.0,0.0
2024-02-16 09:30:00-05:00,47.790000915527344,48.04990005493164,47.790000915527344,48.04990005493164,2719,0.0,0.0,0.0
2024-02-16 10:30:00-05:00,47.953399658203125,48.04180145263672,47.953399658203125,48.040000915527344,2098,0.0,0.0,0.0
2024-02-16 11:30:00-05:00,48.084999084472656,48.084999084472656,48.02180099487305,48.02180099487305,1622,0.0,0.0,0.0
2024-02-16 12:30:00-05:00,48.08430099487305,48.08430099487305,48.060001373291016,48.08000183105469,1189,0.0,0.0,0.0
2024-02-16 13:30:00-05:00,48.099998474121094,48.180198669433594,48.099998474121094,48.16170120239258,4091,0.0,0.0,0.0
2024-02-16 14:30:00-05:00,47.959999084472656,47.97999954223633,47.92829895019531,47.97999954223633,1209,0.0,0.0,0.0
2024-02-16 15:30:00-05:00,47.970001220703125,47.970001220703125,47.83000183105469,47.86000061035156,19435,0.0,0.0,0.0
2024-02-20 09:30:00-05:00,47.470001220703125,47.61000061035156,47.439998626708984,47.54100036621094,0,0.0,0.0,0.0
2024-02-20 10:30:00-05:00,47.60580062866211,47.68000030517578,47.60580062866211,47.63759994506836,1476,0.0,0.0,0.0
2024-02-20 11:30:00-05:00,47.63999938964844,47.63999938964844,47.55390167236328,47.55390167236328,1454,0.0,0.0,0.0
2024-02-20 12:30:00-05:00,47.59000015258789,47.68790054321289,47.56999969482422,47.68000030517578,2201,0.0,0.0,0.0
2024-02-20 13:30:00-05:00,47.6338005065918,47.67499923706055,47.61289978027344,47.67499923706055,952,0.0,0.0,0.0
2024-02-20 14:30:00-05:00,47.65999984741211,47.744998931884766,47.6349983215332,47.72999954223633,1320,0.0,0.0,0.0
2024-02-20 15:30:00-05:00,47.709999084472656,47.709999084472656,47.600101470947266,47.689998626708984,6667,0.0,0.0,0.0
2024-02-21 09:30:00-05:00,47.619998931884766,48.02989959716797,47.619998931884766,47.959999084472656,0,0.0,0.0,0.0
2024-02-21 10:30:00-05:00,47.97999954223633,48.0900993347168,47.959999084472656,48.060001373291016,1225,0.0,0.0,0.0
2024-02-21 11:30:00-05:00,47.95000076293945,47.95000076293945,47.880001068115234,47.91999816894531,2374,0.0,0.0,0.0
2024-02-21 12:30:00-05:00,47.9650993347168,47.96820068359375,47.95000076293945,47.95000076293945,1295,0.0,0.0,0.0
2024-02-21 13:30:00-05:00,48.0,48.0,47.814998626708984,47.84000015258789,2836,0.0,0.0,0.0
2024-02-21 14:30:00-05:00,47.82820129394531,47.83000183105469,47.720001220703125,47.7400016784668,2624,0.0,0.0,0.0
2024-02-21 15:30:00-05:00,47.7599983215332,47.959999084472656,47.7599983215332,47.959999084472656,20119,0.0,0.0,0.0
2024-02-22 09:30:00-05:00,48.2599983215332,48.4900016784668,48.2599983215332,48.349998474121094,3144,0.0,0.0,0.0
2024-02-22 10:30:00-05:00,48.3650016784668,48.400001525878906,48.36000061035156,48.400001525878906,1803,0.0,0.0,0.0
2024-02-22 11:30:00-05:00,48.439998626708984,48.459999084472656,48.385799407958984,48.385799407958984,1716,0.0,0.0,0.0
2024-02-22 12:30:00-05:00,48.44499969482422,48.44499969482422,48.44499969482422,48.44499969482422,204,0.0,0.0,0.0
2024-02-22 13:30:00-05:00,48.47079849243164,48.58620071411133,48.47079849243164,48.58620071411133,7036,0.0,0.0,0.0
2024-02-22 14:30:00-05:00,48.58689880371094,48.58689880371094,48.459999084472656,48.54999923706055,5795,0.0,0.0,0.0
2024-02-22 15:30:00-05:00,48.5359001159668,48.56999969482422,48.5,48.52000045776367,0,0.0,0.0,0.0
2024-02-23 09:30:00-05:00,48.54999923706055,48.599998474121094,48.494998931884766,48.599998474121094,1398,0.0,0.0,0.0
2024-02-23 10:30:00-05:00,48.737998962402344,48.737998962402344,48.61000061035156,48.66999816894531,8487,0.0,0.0,0.0
2024-02-23 12:30:00-05:00,48.77510070800781,48.83000183105469,48.77510070800781,48.82809829711914,4240,0.0,0.0,0.0
2024-02-23 13:30:00-05:00,48.81999969482422,48.81999969482422,48.70000076293945,48.70000076293945,2350,0.0,0.0,0.0
2024-02-23 14:30:00-05:00,48.68130111694336,48.70500183105469,48.660301208496094,48.68000030517578,5428,0.0,0.0,0.0
2024-02-23 15:30:00-05:00,48.65999984741211,48.720001220703125,48.65999984741211,48.689998626708984,6515,0.0,0.0,0.0
2024-02-26 09:30:00-05:00,48.630001068115234,48.80500030517578,48.630001068115234,48.744998931884766,3088,0.0,0.0,0.0
2024-02-26 10:30:00-05:00,48.759300231933594,48.759300231933594,48.660099029541016,48.720001220703125,3888,0.0,0.0,0.0
2024-02-26 11:30:00-05:00,48.654998779296875,48.68000030517578,48.654998779296875,48.68000030517578,2465,0.0,0.0,0.0
2024-02-26 12:30:00-05:00,48.63999938964844,48.650001525878906,48.540000915527344,48.540000915527344,6523,0.0,0.0,0.0
2024-02-26 13:30:00-05:00,48.43000030517578,48.5099983215332,48.43000030517578,48.501399993896484,5415,0.0,0.0,0.0
2024-02-26 14:30:00-05:00,48.56999969482422,48.599300384521484,48.529998779296875,48.54999923706055,4570,0.0,0.0,0.0
2024-02-26 15:30:00-05:00,48.4900016784668,48.54999923706055,48.46500015258789,48.46500015258789,0,0.0,0.0,0.0
2024-02-27 09:30:00-05:00,48.91999816894531,49.0099983215332,48.91999816894531,48.97999954223633,2066,0.0,0.0,0.0
2024-02-27 10:30:00-05:00,49.09000015258789,49.09000015258789,49.0088996887207,49.059600830078125,2227,0.0,0.0,0.0
2024-02-27 11:30:00-05:00,49.03219985961914,49.08000183105469,48.93000030517578,48.93000030517578,5332,0.0,0.0,0.0
2024-02-27 12:30:00-05:00,48.95000076293945,48.95719909667969,48.920101165771484,48.920101165771484,2280,0.0,0.0,0.0
2024-02-27 13:30:00-05:00,48.939998626708984,48.939998626708984,48.89139938354492,48.89139938354492,2419,0.0,0.0,0.0
2024-02-27 14:30:00-05:00,48.88970184326172,48.967498779296875,48.83000183105469,48.967498779296875,1649,0.0,0.0,0.0
2024-02-27 15:30:00-05:00,49.02399826049805,49.04499816894531,49.02399826049805,49.029998779296875,0,0.0,0.0,0.0
2024-02-28 09:30:00-05:00,48.86000061035156,49.266998291015625,48.86000061035156,49.23500061035156,3520,0.0,0.0,0.0
2024-02-28 10:30:00-05:00,49.279998779296875,49.369998931884766,49.279998779296875,49.369998931884766,2895,0.0,0.0,0.0
2024-02-28 11:30:00-05:00,49.31999969482422,49.3650016784668,49.299198150634766,49.299198150634766,6266,0.0,0.0,0.0
2024-02-28 12:30:00-05:00,49.28860092163086,49.28860092163086,49.255001068115234,49.279998779296875,16782,0.0,0.0,0.0
2024-02-28 13:30:00-05:00,49.34000015258789,49.361000061035156,49.31999969482422,49.31999969482422,1677,0.0,0.0,0.0
2024-02-28 14:30:00-05:00,49.27000045776367,49.27000045776367,49.25,49.25,323,0.0,0.0,0.0
2024-02-28 15:30:00-05:00,49.25,49.2599983215332,49.207298278808594,49.2599983215332,0,0.0,0.0,0.0
2024-02-29 09:30:00-05:00,49.55110168457031,49.55110168457031,49.400001525878906,49.459999084472656,4165,0.0,0.0,0.0
2024-02-29 10:30:00-05:00,49.47999954223633,49.47999954223633,49.43000030517578,49.43000030517578,3435,0.0,0.0,0.0
2024-02-29 11:30:00-05:00,49.285099029541016,49.38970184326172,49.285099029541016,49.374000549316406,1900,0.0,0.0,0.0
2024-02-29 12:30:00-05:00,49.439998626708984,49.529998779296875,49.43989944458008,49.529998779296875,1239,0.0,0.0,0.0
2024-02-29 13:30:00-05:00,49.55780029296875,49.55780029296875,49.5099983215332,49.540000915527344,1788,0.0,0.0,0.0
2024-02-29 14:30:00-05:00,49.474098205566406,49.53499984741211,49.459999084472656,49.53499984741211,2256,0.0,0.0,0.0
2024-02-29 15:30:00-05:00,49.61000061035156,49.63999938964844,49.560001373291016,49.59000015258789,12439,0.0,0.0,0.0
2024-03-01 09:30:00-05:00,49.5099983215332,49.52259826660156,49.190101623535156,49.52259826660156,4297,0.0,0.0,0.0
2024-03-01 10:30:00-05:00,49.5,49.64500045776367,49.47999954223633,49.47999954223633,3580,0.0,0.0,0.0
2024-03-01 11:30:00-05:00,49.549400329589844,49.549400329589844,49.524200439453125,49.524200439453125,1566,0.0,0.0,0.0
2024-03-01 12:30:00-05:00,49.560001373291016,49.560001373291016,49.499900817871094,49.499900817871094,2418,0.0,0.0,0.0
2024-03-01 13:30:00-05:00,49.4900016784668,49.54499816894531,49.4900016784668,49.520301818847656,1864,0.0,0.0,0.0
2024-03-01 14:30:00-05:00,49.529998779296875,49.560001373291016,49.52000045776367,49.525001525878906,3444,0.0,0.0,0.0
2024-03-01 15:30:00-05:00,49.537498474121094,49.56999969482422,49.4900016784668,49.52000045776367,15292,0.0,0.0,0.0
2024-03-04 09:30:00-05:00,49.439998626708984,49.54499816894531,49.439998626708984,49.4900016784668,3606,0.0,0.0,0.0
2024-03-04 10:30:00-05:00,49.59000015258789,49.59000015258789,49.55500030517578,49.55500030517578,624,0.0,0.0,0.0
2024-03-04 11:30:00-05:00,49.599998474121094,49.61000061035156,49.50410079956055,49.50410079956055,3752,0.0,0.0,0.0
2024-03-04 12:30:00-05:00,49.494998931884766,49.5,49.46609878540039,49.4900016784668,2761,0.0,0.0,0.0
2024-03-04 13:30:00-05:00,49.439998626708984,49.439998626708984,49.39970016479492,49.40760040283203,3750,0.0,0.0,0.0
2024-03-04 14:30:00-05:00,49.42399978637695,49.529998779296875,49.42399978637695,49.439998626708984,4980,0.0,0.0,0.0
2024-03-04 15:30:00-05:00,49.34000015258789,49.40589904785156,49.290000915527344,49.290000915527344,0,0.0,0.0,0.0
2024-03-05 09:30:00-05:00,49.09000015258789,49.30649948120117,49.09000015258789,49.16999816894531,31605,0.0,0.0,0.0
2024-03-05 10:30:00-05:00,49.205101013183594,49.31999969482422,49.205101013183594,49.279998779296875,6779,0.0,0.0,0.0
2024-03-05 11:30:00-05:00,49.279998779296875,49.31999969482422,49.25,49.31999969482422,1472,0.0,0.0,0.0
2024-03-05 12:30:00-05:00,49.376399993896484,49.45000076293945,49.355098724365234,49.435001373291016,3528,0.0,0.0,0.0
2024-03-05 13:30:00-05:00,49.36000061035156,49.36000061035156,49.36000061035156,49.36000061035156,1106,0.0,0.0,0.0
2024-03-05 14:30:00-05:00,49.33729934692383,49.33729934692383,49.10499954223633,49.11000061035156,4402,0.0,0.0,0.0
2024-03-05 15:30:00-05:00,49.10499954223633,49.22999954223633,49.099998474121094,49.18000030517578,0,0.0,0.0,0.0
2024-03-06 09:30:00-05:00,49.369998931884766,49.40999984741211,49.29999923706055,49.29999923706055,3174,0.0,0.0,0.0
2024-03-06 10:30:00-05:00,49.27000045776367,49.359901428222656,49.27000045776367,49.359798431396484,3647,0.0,0.0,0.0
2024-03-06 11:30:00-05:00,49.33000183105469,49.47999954223633,49.33000183105469,49.470001220703125,1903,0.0,0.0,0.0
2024-03-06 12:30:00-05:00,49.47999954223633,49.49879837036133,49.382301330566406,49.419898986816406,2290,0.0,0.0,0.0
2024-03-06 13:30:00-05:00,49.310001373291016,49.310001373291016,49.110801696777344,49.189998626708984,3198,0.0,0.0,0.0
2024-03-06 14:30:00-05:00,49.22999954223633,49.22999954223633,49.18000030517578,49.209999084472656,2505,0.0,0.0,0.0
2024-03-06 15:30:00-05:00,49.167598724365234,49.2599983215332,49.15019989013672,49.2599983215332,0,0.0,0.0,0.0
2024-03-07 09:30:00-05:00,49.36000061035156,49.63949966430664,49.36000061035156,49.63949966430664,1313,0.0,0.0,0.0
2024-03-07 10:30:00-05:00,49.665000915527344,49.689998626708984,49.4900016784668,49.4900016784668,4471,0.0,0.0,0.0
2024-03-07 11:30:00-05:00,49.42100143432617,49.52000045776367,49.42100143432617,49.5,2375,0.0,0.0,0.0
2024-03-07 12:30:00-05:00,49.4900016784668,49.53129959106445,49.4900016784668,49.53129959106445,829,0.0,0.0,0.0
2024-03-07 13:30:00-05:00,49.54999923706055,49.56999969482422,49.54999923706055,49.56999969482422,1404,0.0,0.0,0.0
2024-03-07 14:30:00-05:00,49.54999923706055,49.54999923706055,49.470001220703125,49.470001220703125,2696,0.0,0.0,0.0
2024-03-07 15:30:00-05:00,49.5,49.5099983215332,49.439998626708984,49.439998626708984,0,0.0,0.0,0.0
2024-03-08 09:30:00-05:00,49.86000061035156,49.86000061035156,49.68199920654297,49.68199920654297,3659,0.0,0.0,0.0
2024-03-08 10:30:00-05:00,49.65999984741211,49.78379821777344,49.65999984741211,49.702701568603516,5070,0.0,0.0,0.0
2024-03-08 11:30:00-05:00,49.619998931884766,49.685001373291016,49.560001373291016,49.61000061035156,7814,0.0,0.0,0.0
2024-03-08 12:30:00-05:00,49.5901985168457,49.5901985168457,49.474998474121094,49.51409912109375,1943,0.0,0.0,0.0
2024-03-08 13:30:00-05:00,49.483299255371094,49.56999969482422,49.42499923706055,49.560001373291016,1332,0.0,0.0,0.0
2024-03-08 14:30:00-05:00,49.59000015258789,49.66999816894531,49.5,49.5,6688,0.0,0.0,0.0
2024-03-08 15:30:00-05:00,49.50170135498047,49.540000915527344,49.50170135498047,49.52000045776367,3679,0.0,0.0,0.0
2024-03-11 09:30:00-04:00,49.459999084472656,49.58000183105469,49.29499816894531,49.29499816894531,0,0.0,0.0,0.0
2024-03-11 10:30:00-04:00,49.36000061035156,49.459999084472656,49.31999969482422,49.369998931884766,99240,0.0,0.0,0.0
2024-03-11 11:30:00-04:00,49.31999969482422,49.439998626708984,49.310001373291016,49.439998626708984,8739,0.0,0.0,0.0
2024-03-11 12:30:00-04:00,49.470001220703125,49.51750183105469,49.46049880981445,49.47010040283203,3534,0.0,0.0,0.0
2024-03-11 13:30:00-04:00,49.54999923706055,49.599998474121094,49.505001068115234,49.58000183105469,3090,0.0,0.0,0.0
2024-03-11 14:30:00-04:00,49.61989974975586,49.650001525878906,49.5901985168457,49.5901985168457,2661,0.0,0.0,0.0
2024-03-11 15:30:00-04:00,49.58000183105469,49.58000183105469,49.5099983215332,49.54999923706055,8369,0.0,0.0,0.0
2024-03-12 09:30:00-04:00,49.59000015258789,49.81990051269531,49.54999923706055,49.81990051269531,0,0.0,0.0,0.0
2024-03-12 10:30:00-04:00,49.85900115966797,49.96189880371094,49.79999923706055,49.96189880371094,3462,0.0,0.0,0.0
2024-03-12 11:30:00-04:00,49.869998931884766,49.91189956665039,49.790000915527344,49.790000915527344,2017,0.0,0.0,0.0
2024-03-12 12:30:00-04:00,49.66999816894531,49.72999954223633,49.650001525878906,49.720001220703125,2501,0.0,0.0,0.0
2024-03-12 13:30:00-04:00,49.70029830932617,49.849998474121094,49.70029830932617,49.849998474121094,2791,0.0,0.0,0.0
2024-03-12 14:30:00-04:00,49.86000061035156,49.900001525878906,49.84000015258789,49.88999938964844,3038,0.0,0.0,0.0
2024-03-12 15:30:00-04:00,49.83000183105469,49.849998474121094,49.79999923706055,49.83000183105469,0,0.0,0.0,0.0
2024-03-13 09:30:00-04:00,50.029998779296875,50.099998474121094,50.029998779296875,50.099998474121094,757,0.0,0.0,0.0
2024-03-13 10:30:00-04:00,50.04010009765625,50.130001068115234,50.039398193359375,50.130001068115234,2352,0.0,0.0,0.0
2024-03-13 11:30:00-04:00,50.21929931640625,50.2599983215332,50.21929931640625,50.2400016784668,2123,0.0,0.0,0.0
2024-03-13 12:30:00-04:00,50.22999954223633,50.29999923706055,50.220001220703125,50.27000045776367,5237,0.0,0.0,0.0
2024-03-13 13:30:00-04:00,50.29999923706055,50.29999923706055,50.19499969482422,50.19499969482422,1028,0.0,0.0,0.0
2024-03-13 14:30:00-04:00,50.20000076293945,50.20000076293945,50.11790084838867,50.130001068115234,2221,0.0,0.0,0.0
2024-03-13 15:30:00-04:00,50.08000183105469,50.08000183105469,50.029998779296875,50.060001373291016,12025,0.0,0.0,0.0
2024-03-14 09:30:00-04:00,50.150001525878906,50.150001525878906,49.56999969482422,49.56999969482422,0,0.0,0.0,0.0
2024-03-14 10:30:00-04:00,49.53010177612305,49.53010177612305,49.41999816894531,49.41999816894531,3551,0.0,0.0,0.0
2024-03-14 11:30:00-04:00,49.47999954223633,49.49720001220703,49.47999954223633,49.4900016784668,786,0.0,0.0,0.0
2024-03-14 12:30:00-04:00,49.5099983215332,49.52000045776367,49.45000076293945,49.459999084472656,3653,0.0,0.0,0.0
2024-03-14 13:30:00-04:00,49.31999969482422,49.5,49.31999969482422,49.45009994506836,30742,0.0,0.0,0.0
2024-03-14 14:30:00-04:00,49.415000915527344,49.415000915527344,49.2400016784668,49.2400016784668,3496,0.0,0.0,0.0
2024-03-14 15:30:00-04:00,49.20000076293945,49.41999816894531,49.150001525878906,49.380001068115234,0,0.0,0.0,0.0
2024-03-15 09:30:00-04:00,49.189998626708984,49.31999969482422,49.189998626708984,49.31999969482422,2042,0.0,0.0,0.0
2024-03-15 10:30:00-04:00,49.349998474121094,49.4718017578125,49.349998474121094,49.3849983215332,12098,0.0,0.0,0.0
2024-03-15 11:30:00-04:00,49.290000915527344,49.290000915527344,49.275001525878906,49.275001525878906,2289,0.0,0.0,0.0
2024-03-15 12:30:00-04:00,49.279998779296875,49.290000915527344,49.180999755859375,49.290000915527344,2682,0.0,0.0,0.0
2024-03-15 13:30:00-04:00,49.26210021972656,49.26210021972656,49.168399810791016,49.168399810791016,3233,0.0,0.0,0.0
2024-03-15 14:30:00-04:00,49.220001220703125,49.2599983215332,49.189998626708984,49.209999084472656,65897,0.0,0.0,0.0
2024-03-15 15:30:00-04:00,49.189998626708984,49.20000076293945,49.13999938964844,49.180999755859375,1948,0.0,0.0,0.0
2024-03-18 09:30:00-04:00,49.2599983215332,49.2599983215332,49.02000045776367,49.2599983215332,0,0.0,0.0,0.0
2024-03-18 10:30:00-04:00,49.17499923706055,49.244998931884766,49.17499923706055,49.244998931884766,1737,0.0,0.0,0.0
2024-03-18 11:30:00-04:00,49.2849006652832,49.2849006652832,49.2849006652832,49.2849006652832,556,0.0,0.0,0.0
2024-03-18 12:30:00-04:00,49.244998931884766,49.27199935913086,49.244998931884766,49.27199935913086,1655,0.0,0.0,0.0
2024-03-18 13:30:00-04:00,49.27389907836914,49.31999969482422,49.27389907836914,49.31999969482422,2759,0.0,0.0,0.0
2024-03-18 14:30:00-04:00,49.310001373291016,49.330101013183594,49.279998779296875,49.29010009765625,6206,0.0,0.0,0.0
2024-03-18 15:30:00-04:00,49.118099212646484,49.118099212646484,49.096900939941406,49.099998474121094,0,0.0,0.0,0.0
2024-03-19 09:30:00-04:00,49.27080154418945,49.279998779296875,49.2400016784668,49.27000045776367,1499,0.0,0.0,0.0
2024-03-19 10:30:00-04:00,49.22999954223633,49.29949951171875,49.22999954223633,49.279998779296875,2508,0.0,0.0,0.0
2024-03-19 11:30:00-04:00,49.310001373291016,49.400001525878906,49.310001373291016,49.400001525878906,1480,0.0,0.0,0.0
2024-03-19 12:30:00-04:00,49.58000183105469,49.58000183105469,49.5,49.5099983215332,3965,0.0,0.0,0.0
2024-03-19 13:30:00-04:00,49.50960159301758,49.5099983215332,49.45000076293945,49.470001220703125,4042,0.0,0.0,0.0
2024-03-19 14:30:00-04:00,49.4900016784668,49.5,49.45000076293945,49.45000076293945,4272,0.0,0.0,0.0
2024-03-19 15:30:00-04:00,49.459999084472656,49.599998474121094,49.459999084472656,49.599998474121094,4123,0.0,0.0,0.0
2024-03-20 09:30:00-04:00,49.650001525878906,49.790000915527344,49.63999938964844,49.790000915527344,0,0.0,0.0,0.0
2024-03-20 10:30:00-04:00,49.869998931884766,49.89070129394531,49.83000183105469,49.89070129394531,5750,0.0,0.0,0.0
2024-03-20 11:30:00-04:00,49.880001068115234,49.88100051879883,49.84000015258789,49.84000015258789,8274,0.0,0.0,0.0
2024-03-20 12:30:00-04:00,49.79999923706055,49.83000183105469,49.790000915527344,49.790000915527344,2302,0.0,0.0,0.0
2024-03-20 13:30:00-04:00,49.779998779296875,50.097999572753906,49.779998779296875,49.970001220703125,12528,0.0,0.0,0.0
2024-03-20 14:30:00-04:00,50.040000915527344,50.31999969482422,49.86000061035156,50.31999969482422,7019,0.0,0.0,0.0
2024-03-20 15:30:00-04:00,50.31999969482422,50.349998474121094,50.22999954223633,50.349998474121094,0,0.0,0.0,0.0
2024-03-21 09:30:00-04:00,50.38999938964844,50.775001525878906,50.38999938964844,50.775001525878906,2728,0.0,0.0,0.0
2024-03-21 10:30:00-04:00,50.83000183105469,50.900001525878906,50.79999923706055,50.81999969482422,9634,0.0,0.0,0.0
2024-03-21 11:30:00-04:00,50.849998474121094,50.90999984741211,50.84230041503906,50.90999984741211,23286,0.0,0.0,0.0
2024-03-21 12:30:00-04:00,50.915000915527344,50.915000915527344,50.849998474121094,50.849998474121094,7023,0.0,0.0,0.0
2024-03-21 13:30:00-04:00,50.880001068115234,50.88999938964844,50.837799072265625,50.846099853515625,3094,0.0,0.0,0.0
2024-03-21 14:30:00-04:00,50.84000015258789,50.84000015258789,50.779998779296875,50.83000183105469,9332,0.0,0.0,0.0
2024-03-21 15:30:00-04:00,50.84000015258789,50.84000015258789,50.785099029541016,50.83000183105469,3959,0.0,0.0,0.0
2024-03-22 09:30:00-04:00,50.65999984741211,50.65999984741211,50.279998779296875,50.279998779296875,3689,0.0,0.0,0.0
2024-03-22 10:30:00-04:00,50.310001373291016,50.310001373291016,50.23889923095703,50.29999923706055,3315,0.0,0.0,0.0
2024-03-22 11:30:00-04:00,50.34000015258789,50.34000015258789,50.272300720214844,50.306800842285156,3442,0.0,0.0,0.0
2024-03-22 12:30:00-04:00,50.284000396728516,50.33060073852539,50.260101318359375,50.33060073852539,1161,0.0,0.0,0.0
2024-03-22 13:30:00-04:00,50.34000015258789,50.400001525878906,50.34000015258789,50.400001525878906,3314,0.0,0.0,0.0
2024-03-22 14:30:00-04:00,50.400001525878906,50.400001525878906,50.380001068115234,50.380001068115234,24828,0.0,0.0,0.0
2024-03-22 15:30:00-04:00,50.36000061035156,50.380001068115234,50.290000915527344,50.290000915527344,4346,0.0,0.0,0.0
2024-03-25 09:30:00-04:00,50.290000915527344,50.45000076293945,50.20000076293945,50.209999084472656,0,0.0,0.0,0.0
2024-03-25 10:30:00-04:00,50.130001068115234,50.20199966430664,50.099998474121094,50.185001373291016,1991,0.0,0.0,0.0
2024-03-25 11:30:00-04:00,50.209999084472656,50.209999084472656,50.1609001159668,50.1875,3030,0.0,0.0,0.0
2024-03-25 12:30:00-04:00,50.16999816894531,50.16999816894531,50.127498626708984,50.150001525878906,5292,0.0,0.0,0.0
2024-03-25 13:30:00-04:00,50.18000030517578,50.19089889526367,50.18000030517578,50.19089889526367,1642,0.0,0.0,0.0
2024-03-25 14:30:00-04:00,50.16999816894531,50.16999816894531,50.065101623535156,50.06990051269531,6132,0.0,0.0,0.0
2024-03-25 15:30:00-04:00,50.10900115966797,50.10900115966797,50.02000045776367,50.029998779296875,2747,0.0,0.0,0.0
2024-03-26 09:30:00-04:00,50.27000045776367,50.37009811401367,50.2400016784668,50.34000015258789,0,0.0,0.0,0.0
2024-03-26 10:30:00-04:00,50.34000015258789,50.36009979248047,50.310001373291016,50.36000061035156,3451,0.0,0.0,0.0
2024-03-26 11:30:00-04:00,50.349998474121094,50.369998931884766,50.279998779296875,50.279998779296875,1982,0.0,0.0,0.0
2024-03-26 12:30:00-04:00,50.27000045776367,50.33000183105469,50.27000045776367,50.310001373291016,2611,0.0,0.0,0.0
2024-03-26 13:30:00-04:00,50.310001373291016,50.310001373291016,50.24509811401367,50.25,25057,0.0,0.0,0.0
2024-03-26 14:30:00-04:00,50.2400016784668,50.242698669433594,50.205101013183594,50.209999084472656,2408,0.0,0.0,0.0
2024-03-26 15:30:00-04:00,50.18000030517578,50.20000076293945,50.09000015258789,50.11000061035156,0,0.0,0.0,0.0
2024-03-27 09:30:00-04:00,50.349998474121094,50.540000915527344,50.349998474121094,50.45000076293945,2521,0.0,0.0,0.0
2024-03-27 10:30:00-04:00,50.48509979248047,50.59000015258789,50.459999084472656,50.59000015258789,11548,0.0,0.0,0.0
2024-03-27 11:30:00-04:00,50.599998474121094,50.599998474121094,50.599998474121094,50.599998474121094,656,0.0,0.0,0.0
2024-03-27 12:30:00-04:00,50.6693000793457,50.75,50.6693000793457,50.7400016784668,1179,0.0,0.0,0.0
2024-03-27 13:30:00-04:00,50.74100112915039,50.779998779296875,50.74100112915039,50.779998779296875,705,0.0,0.0,0.0
2024-03-27 14:30:00-04:00,50.779998779296875,50.779998779296875,50.70500183105469,50.744998931884766,1024,0.0,0.0,0.0
2024-03-27 15:30:00-04:00,50.779998779296875,50.91999816894531,50.77000045776367,50.91999816894531,1580,0.0,0.0,0.0
2024-03-28 09:30:00-04:00,50.88999938964844,51.18479919433594,50.88999938964844,51.18479919433594,2267,0.0,0.0,0.0
2024-03-28 10:30:00-04:00,51.15060043334961,51.15060043334961,51.11000061035156,51.13999938964844,2848,0.0,0.0,0.0
2024-03-28 11:30:00-04:00,51.16999816894531,51.18000030517578,51.13999938964844,51.13999938964844,2464,0.0,0.0,0.0
2024-03-28 12:30:00-04:00,51.079498291015625,51.079498291015625,51.029998779296875,51.040000915527344,16793,0.0,0.0,0.0
2024-03-28 13:30:00-04:00,51.042999267578125,51.06999969482422,51.02220153808594,51.04999923706055,4364,0.0,0.0,0.0
2024-03-28 14:30:00-04:00,51.0,51.099998474121094,51.0,51.06999969482422,1421,0.0,0.0,0.0
2024-03-28 15:30:00-04:00,51.099998474121094,51.099998474121094,51.02000045776367,51.02000045776367,11340,0.0,0.0,0.0
2024-04-01 09:30:00-04:00,51.04999923706055,51.04999923706055,50.83209991455078,50.83209991455078,0,0.0,0.0,0.0
2024-04-01 10:30:00-04:00,50.81999969482422,50.869998931884766,50.81999969482422,50.84389877319336,2169,0.0,0.0,0.0
2024-04-01 11:30:00-04:00,50.779998779296875,50.81769943237305,50.779998779296875,50.81769943237305,3962,0.0,0.0,0.0
2024-04-01 12:30:00-04:00,50.837501525878906,50.837501525878906,50.714599609375,50.73500061035156,2193,0.0,0.0,0.0
2024-04-01 13:30:00-04:00,50.749900817871094,50.749900817871094,50.720001220703125,50.72600173950195,1219,0.0,0.0,0.0
2024-04-01 14:30:00-04:00,50.73500061035156,50.7400016784668,50.72999954223633,50.730098724365234,1127,0.0,0.0,0.0
2024-04-01 15:30:00-04:00,50.709999084472656,50.77000045776367,50.70000076293945,50.7599983215332,0,0.0,0.0,0.0
2024-04-02 09:30:00-04:00,50.08000183105469,50.119998931884766,49.72999954223633,49.73500061035156,7624,0.0,0.0,0.0
2024-04-02 10:30:00-04:00,49.79999923706055,49.81999969482422,49.720001220703125,49.810001373291016,2526,0.0,0.0,0.0
2024-04-02 11:30:00-04:00,49.7400016784668,49.74909973144531,49.68000030517578,49.68000030517578,2459,0.0,0.0,0.0
2024-04-02 12:30:00-04:00,49.72999954223633,49.7400016784668,49.72999954223633,49.7400016784668,1138,0.0,0.0,0.0
2024-04-02 13:30:00-04:00,49.72999954223633,49.76319885253906,49.72999954223633,49.76319885253906,5747,0.0,0.0,0.0
2024-04-02 14:30:00-04:00,49.779998779296875,49.83000183105469,49.7599983215332,49.83000183105469,16876,0.0,0.0,0.0
2024-04-02 15:30:00-04:00,49.84000015258789,49.849998474121094,49.77000045776367,49.81999969482422,7843,0.0,0.0,0.0
2024-04-03 09:30:00-04:00,49.54999923706055,49.709999084472656,49.54999923706055,49.619998931884766,0,0.0,0.0,0.0
2024-04-03 10:30:00-04:00,49.73099899291992,49.85020065307617,49.73099899291992,49.85020065307617,1875,0.0,0.0,0.0
2024-04-03 11:30:00-04:00,49.814998626708984,49.814998626708984,49.66109848022461,49.702701568603516,1203,0.0,0.0,0.0
2024-04-03 12:30:00-04:00,49.72999954223633,49.790000915527344,49.65999984741211,49.750099182128906,1280,0.0,0.0,0.0
2024-04-03 13:30:00-04:00,49.72999954223633,49.74599838256836,49.70000076293945,49.73350143432617,5427,0.0,0.0,0.0
2024-04-03 14:30:00-04:00,49.690101623535156,49.72610092163086,49.560001373291016,49.560001373291016,2576,0.0,0.0,0.0
2024-04-03 15:30:00-04:00,49.650001525878906,49.650001525878906,49.63999938964844,49.63999938964844,1577,0.0,0.0,0.0
2024-04-04 09:30:00-04:00,50.150001525878906,50.150001525878906,49.970001220703125,49.970001220703125,4093,0.0,0.0,0.0
2024-04-04 10:30:00-04:00,49.97079849243164,49.9900016784668,49.880001068115234,49.880001068115234,3829,0.0,0.0,0.0
2024-04-04 11:30:00-04:00,49.90999984741211,49.970001220703125,49.88209915161133,49.957401275634766,1698,0.0,0.0,0.0
2024-04-04 12:30:00-04:00,49.959999084472656,49.970001220703125,49.90999984741211,49.90999984741211,1160,0.0,0.0,0.0
2024-04-04 13:30:00-04:00,49.91999816894531,49.92900085449219,49.5,49.529998779296875,5651,0.0,0.0,0.0
2024-04-04 14:30:00-04:00,49.209999084472656,49.2599983215332,48.88999938964844,48.900001525878906,32669,0.0,0.0,0.0
2024-04-04 15:30:00-04:00,48.88420104980469,48.88420104980469,48.810001373291016,48.83000183105469,0,0.0,0.0,0.0
2024-04-05 09:30:00-04:00,48.84000015258789,49.029998779296875,48.84000015258789,48.959999084472656,3439,0.0,0.0,0.0
2024-04-05 10:30:00-04:00,48.98099899291992,49.09090042114258,48.97999954223633,48.97999954223633,2111,0.0,0.0,0.0
2024-04-05 11:30:00-04:00,49.060001373291016,49.130001068115234,49.060001373291016,49.130001068115234,1640,0.0,0.0,0.0
2024-04-05 12:30:00-04:00,49.189998626708984,49.2400016784668,49.17499923706055,49.17499923706055,49454,0.0,0.0,0.0
2024-04-05 13:30:00-04:00,49.11989974975586,49.15999984741211,49.04999923706055,49.119998931884766,6033,0.0,0.0,0.0
2024-04-05 14:30:00-04:00,49.140098571777344,49.150001525878906,49.11000061035156,49.119998931884766,1561,0.0,0.0,0.0
2024-04-05 15:30:00-04:00,49.099998474121094,49.20000076293945,49.099998474121094,49.16999816894531,2912,0.0,0.0,0.0
2024-04-08 09:30:00-04:00,49.31999969482422,49.57680130004883,49.31999969482422,49.470001220703125,0,0.0,0.0,0.0
2024-04-08 10:30:00-04:00,49.5099983215332,49.540000915527344,49.5099983215332,49.540000915527344,1345,0.0,0.0,0.0
2024-04-08 11:30:00-04:00,49.494998931884766,49.55500030517578,49.494998931884766,49.55500030517578,827,0.0,0.0,0.0
2024-04-08 12:30:00-04:00,49.625,49.625,49.625,49.625,274,0.0,0.0,0.0
2024-04-08 13:30:00-04:00,49.599998474121094,49.619998931884766,49.540000915527344,49.540000915527344,12674,0.0,0.0,0.0
2024-04-08 14:30:00-04:00,49.49100112915039,49.5,49.47999954223633,49.47999954223633,5962,0.0,0.0,0.0
2024-04-08 15:30:00-04:00,49.5,49.52000045776367,49.40999984741211,49.43000030517578,3828,0.0,0.0,0.0
2024-04-09 09:30:00-04:00,49.630001068115234,49.630001068115234,49.33000183105469,49.415000915527344,0,0.0,0.0,0.0
2024-04-09 10:30:00-04:00,49.220001220703125,49.220001220703125,49.04999923706055,49.220001220703125,6772,0.0,0.0,0.0
2024-04-09 11:30:00-04:00,49.279998779296875,49.439998626708984,49.27000045776367,49.43000030517578,3428,0.0,0.0,0.0
2024-04-09 12:30:00-04:00,49.439998626708984,49.45000076293945,49.33000183105469,49.369998931884766,3297,0.0,0.0,0.0
2024-04-09 13:30:00-04:00,49.439998626708984,49.468101501464844,49.380001068115234,49.380001068115234,1553,0.0,0.0,0.0
2024-04-09 14:30:00-04:00,49.38990020751953,49.540000915527344,49.31999969482422,49.540000915527344,3121,0.0,0.0,0.0
2024-04-09 15:30:00-04:00,49.58000183105469,49.61000061035156,49.52000045776367,49.61000061035156,0,0.0,0.0,0.0
2024-04-10 09:30:00-04:00,48.75,48.75,48.520999908447266,48.55110168457031,3584,0.0,0.0,0.0
2024-04-10 10:30:00-04:00,48.72999954223633,48.74420166015625,48.72999954223633,48.72999954223633,1704,0.0,0.0,0.0
2024-04-10 11:30:00-04:00,48.650001525878906,48.650001525878906,48.650001525878906,48.650001525878906,210,0.0,0.0,0.0
2024-04-10 12:30:00-04:00,48.68000030517578,48.689998626708984,48.5099983215332,48.595001220703125,5127,0.0,0.0,0.0
2024-04-10 13:30:00-04:00,48.61000061035156,48.61000061035156,48.400001525878906,48.400001525878906,1646,0.0,0.0,0.0
2024-04-10 14:30:00-04:00,48.42509841918945,48.564998626708984,48.34000015258789,48.54999923706055,8086,0.0,0.0,0.0
2024-04-10 15:30:00-04:00,48.45000076293945,48.529998779296875,48.45000076293945,48.529998779296875,0,0.0,0.0,0.0
2024-04-11 09:30:00-04:00,48.58000183105469,48.58000183105469,48.16999816894531,48.16999816894531,4762,0.0,0.0,0.0
2024-04-11 10:30:00-04:00,48.20000076293945,48.290000915527344,48.20000076293945,48.290000915527344,1076,0.0,0.0,0.0
2024-04-11 11:30:00-04:00,48.43009948730469,48.45000076293945,48.41999816894531,48.41999816894531,1781,0.0,0.0,0.0
2024-04-11 12:30:00-04:00,48.439998626708984,48.600799560546875,48.439998626708984,48.600799560546875,1290,0.0,0.0,0.0
2024-04-11 13:30:00-04:00,48.564998626708984,48.645599365234375,48.564998626708984,48.645599365234375,984,0.0,0.0,0.0
2024-04-11 14:30:00-04:00,48.715301513671875,48.72999954223633,48.70000076293945,48.724998474121094,2932,0.0,0.0,0.0
2024-04-11 15:30:00-04:00,48.70000076293945,48.709999084472656,48.61000061035156,48.61000061035156,0,0.0,0.0,0.0
2024-04-12 09:30:00-04:00,48.189998626708984,48.189998626708984,47.90190124511719,47.90190124511719,3188,0.0,0.0,0.0
2024-04-12 10:30:00-04:00,47.8650016784668,47.93000030517578,47.8650016784668,47.93000030517578,23151,0.0,0.0,0.0
2024-04-12 11:30:00-04:00,47.92499923706055,47.97420120239258,47.92499923706055,47.959999084472656,22612,0.0,0.0,0.0
2024-04-12 12:30:00-04:00,47.79999923706055,47.80500030517578,47.665000915527344,47.665000915527344,16281,0.0,0.0,0.0
2024-04-12 13:30:00-04:00,47.64739990234375,47.74100112915039,47.59989929199219,47.7400016784668,2298,0.0,0.0,0.0
2024-04-12 14:30:00-04:00,47.63999938964844,47.67290115356445,47.59000015258789,47.61000061035156,3969,0.0,0.0,0.0
2024-04-12 15:30:00-04:00,47.599998474121094,47.689998626708984,47.540000915527344,47.66999816894531,2769,0.0,0.0,0.0
2024-04-15 09:30:00-04:00,48.209999084472656,48.209999084472656,47.81999969482422,47.84000015258789,0,0.0,0.0,0.0
2024-04-15 10:30:00-04:00,47.84000015258789,47.84000015258789,47.64419937133789,47.709999084472656,4180,0.0,0.0,0.0
2024-04-15 11:30:00-04:00,47.79999923706055,47.83000183105469,47.685001373291016,47.689998626708984,2525,0.0,0.0,0.0
2024-04-15 12:30:00-04:00,47.63999938964844,47.66999816894531,47.470001220703125,47.470001220703125,2434,0.0,0.0,0.0
2024-04-15 13:30:00-04:00,47.36000061035156,47.369998931884766,47.20000076293945,47.20000076293945,4466,0.0,0.0,0.0
2024-04-15 14:30:00-04:00,47.20000076293945,47.290000915527344,47.06999969482422,47.080501556396484,6060,0.0,0.0,0.0
2024-04-15 15:30:00-04:00,47.16999816894531,47.16999816894531,47.08000183105469,47.16600036621094,0,0.0,0.0,0.0
2024-04-16 09:30:00-04:00,47.0099983215332,47.0099983215332,46.75,46.79999923706055,6977,0.0,0.0,0.0
2024-04-16 10:30:00-04:00,46.81999969482422,46.93000030517578,46.790000915527344,46.93000030517578,27091,0.0,0.0,0.0
2024-04-16 11:30:00-04:00,46.959999084472656,47.060001373291016,46.959999084472656,47.04999923706055,1736,0.0,0.0,0.0
2024-04-16 12:30:00-04:00,47.08000183105469,47.08000183105469,47.04999923706055,47.064998626708984,1239,0.0,0.0,0.0
2024-04-16 13:30:00-04:00,46.93000030517578,47.189998626708984,46.84000015258789,46.90999984741211,6022,0.0,0.0,0.0
2024-04-16 14:30:00-04:00,46.9900016784668,47.130001068115234,46.9900016784668,47.130001068115234,11346,0.0,0.0,0.0
2024-04-16 15:30:00-04:00,47.084999084472656,47.084999084472656,46.90999984741211,46.90999984741211,0,0.0,0.0,0.0
2024-04-17 09:30:00-04:00,47.22999954223633,47.22999954223633,46.90999984741211,46.90999984741211,3726,0.0,0.0,0.0
2024-04-17 10:30:00-04:00,46.840999603271484,46.900001525878906,46.775001525878906,46.790000915527344,2929,0.0,0.0,0.0
2024-04-17 11:30:00-04:00,46.650001525878906,46.772300720214844,46.650001525878906,46.7400016784668,12711,0.0,0.0,0.0
2024-04-17 12:30:00-04:00,46.72999954223633,46.779998779296875,46.720001220703125,46.779998779296875,1436,0.0,0.0,0.0
2024-04-17 13:30:00-04:00,46.84000015258789,46.900001525878906,46.81489944458008,46.869998931884766,2552,0.0,0.0,0.0
2024-04-17 14:30:00-04:00,46.97999954223633,47.02000045776367,46.790000915527344,46.79999923706055,1473,0.0,0.0,0.0
2024-04-17 15:30:00-04:00,46.79999923706055,46.80550003051758,46.709999084472656,46.709999084472656,0,0.0,0.0,0.0
2024-04-18 09:30:00-04:00,46.95000076293945,47.09510040283203,46.880001068115234,47.09510040283203,2620,0.0,0.0,0.0
2024-04-18 10:30:00-04:00,47.0900993347168,47.20000076293945,47.0900993347168,47.189998626708984,1346,0.0,0.0,0.0
2024-04-18 11:30:00-04:00,47.18000030517578,47.18009948730469,47.119998931884766,47.125,1323,0.0,0.0,0.0
2024-04-18 12:30:00-04:00,47.06999969482422,47.06999969482422,46.8916015625,46.8916015625,2316,0.0,0.0,0.0
2024-04-18 13:30:00-04:00,46.70000076293945,46.755001068115234,46.70000076293945,46.72999954223633,1529,0.0,0.0,0.0
2024-04-18 14:30:00-04:00,46.71049880981445,46.7599983215332,46.650001525878906,46.72999954223633,1233,0.0,0.0,0.0
2024-04-18 15:30:00-04:00,46.74039840698242,46.790000915527344,46.720001220703125,46.720001220703125,1340,0.0,0.0,0.0
2024-04-19 09:30:00-04:00,46.70000076293945,46.97999954223633,46.70000076293945,46.900001525878906,0,0.0,0.0,0.0
2024-04-19 10:30:00-04:00,46.80609893798828,46.91999816894531,46.80609893798828,46.84000015258789,6036,0.0,0.0,0.0
2024-04-19 11:30:00-04:00,46.849998474121094,46.89500045776367,46.650001525878906,46.650001525878906,1660,0.0,0.0,0.0
2024-04-19 12:30:00-04:00,46.630001068115234,46.78630065917969,46.630001068115234,46.78630065917969,885,0.0,0.0,0.0
2024-04-19 13:30:00-04:00,46.810001373291016,46.83610153198242,46.69499969482422,46.69499969482422,1567,0.0,0.0,0.0
2024-04-19 14:30:00-04:00,46.630001068115234,46.630001068115234,46.560001373291016,46.619998931884766,1575,0.0,0.0,0.0
2024-04-19 15:30:00-04:00,46.58890151977539,46.68000030517578,46.56169891357422,46.68000030517578,3917,0.0,0.0,0.0
2024-04-22 09:30:00-04:00,46.869998931884766,46.92340087890625,46.790000915527344,46.900001525878906,0,0.0,0.0,0.0
2024-04-22 10:30:00-04:00,46.88779830932617,46.915000915527344,46.70000076293945,46.70000076293945,1754,0.0,0.0,0.0
2024-04-22 11:30:00-04:00,46.689998626708984,46.91999816894531,46.689998626708984,46.903900146484375,1784,0.0,0.0,0.0
2024-04-22 12:30:00-04:00,46.892799377441406,46.91579818725586,46.892799377441406,46.91579818725586,972,0.0,0.0,0.0
2024-04-22 13:30:00-04:00,47.06999969482422,47.2400016784668,47.04999923706055,47.22999954223633,1941,0.0,0.0,0.0
2024-04-22 14:30:00-04:00,47.20500183105469,47.214599609375,47.130001068115234,47.130001068115234,1124,0.0,0.0,0.0
2024-04-22 15:30:00-04:00,47.08440017700195,47.09239959716797,47.02000045776367,47.029998779296875,0,0.0,0.0,0.0
2024-04-23 09:30:00-04:00,47.2599983215332,47.5099983215332,47.20000076293945,47.5099983215332,1858,0.0,0.0,0.0
2024-04-23 10:30:00-04:00,47.57389831542969,47.636199951171875,47.5,47.599998474121094,84709,0.0,0.0,0.0
2024-04-23 11:30:00-04:00,47.599998474121094,47.61000061035156,47.5099983215332,47.59000015258789,9272,0.0,0.0,0.0
2024-04-23 12:30:00-04:00,47.63999938964844,47.68989944458008,47.63999938964844,47.65999984741211,2587,0.0,0.0,0.0
2024-04-23 13:30:00-04:00,47.7135009765625,47.73419952392578,47.70500183105469,47.73419952392578,1004,0.0,0.0,0.0
2024-04-23 14:30:00-04:00,47.7400016784668,47.7400016784668,47.65999984741211,47.65999984741211,7687,0.0,0.0,0.0
2024-04-23 15:30:00-04:00,47.650001525878906,47.70000076293945,47.630001068115234,47.630001068115234,1540,0.0,0.0,0.0
2024-04-24 09:30:00-04:00,47.70000076293945,48.119998931884766,47.70000076293945,48.040000915527344,0,0.0,0.0,0.0
2024-04-24 10:30:00-04:00,47.93000030517578,47.93000030517578,47.809898376464844,47.809898376464844,1897,0.0,0.0,0.0
2024-04-24 11:30:00-04:00,47.7150993347168,47.7150993347168,47.64970016479492,47.68000030517578,1902,0.0,0.0,0.0
2024-04-24 12:30:00-04:00,47.58000183105469,47.709999084472656,47.58000183105469,47.709999084472656,2233,0.0,0.0,0.0
2024-04-24 13:30:00-04:00,47.83000183105469,47.880001068115234,47.75,47.77000045776367,3991,0.0,0.0,0.0
2024-04-24 14:30:00-04:00,47.7400016784668,47.84000015258789,47.72999954223633,47.84000015258789,3055,0.0,0.0,0.0
2024-04-24 15:30:00-04:00,47.880001068115234,47.91999816894531,47.869998931884766,47.900001525878906,1785,0.0,0.0,0.0
2024-04-25 09:30:00-04:00,47.540000915527344,47.540000915527344,47.099998474121094,47.20500183105469,0,0.0,0.0,0.0
2024-04-25 10:30:00-04:00,47.301998138427734,47.40999984741211,47.209999084472656,47.40999984741211,3033,0.0,0.0,0.0
2024-04-25 11:30:00-04:00,47.442100524902344,47.65549850463867,47.442100524902344,47.65549850463867,6814,0.0,0.0,0.0
2024-04-25 12:30:00-04:00,47.61000061035156,47.650001525878906,47.535099029541016,47.535099029541016,1679,0.0,0.0,0.0
2024-04-25 13:30:00-04:00,47.63999938964844,47.75,47.63999938964844,47.68000030517578,2519,0.0,0.0,0.0
2024-04-25 14:30:00-04:00,47.834999084472656,47.87009811401367,47.81999969482422,47.849998474121094,2378,0.0,0.0,0.0
2024-04-25 15:30:00-04:00,47.83000183105469,47.83000183105469,47.75,47.779998779296875,0,0.0,0.0,0.0
2024-04-26 09:30:00-04:00,47.869998931884766,48.14500045776367,47.86000061035156,48.14500045776367,2032,0.0,0.0,0.0
2024-04-26 10:30:00-04:00,48.11000061035156,48.16999816894531,47.970001220703125,48.029998779296875,7636,0.0,0.0,0.0
2024-04-26 11:30:00-04:00,48.02000045776367,48.11479949951172,48.02000045776367,48.11479949951172,2848,0.0,0.0,0.0
2024-04-26 12:30:00-04:00,48.15999984741211,48.15999984741211,48.1599006652832,48.15999984741211,827,0.0,0.0,0.0
2024-04-26 13:30:00-04:00,48.15999984741211,48.15999984741211,48.07500076293945,48.09000015258789,6052,0.0,0.0,0.0
2024-04-26 14:30:00-04:00,48.06999969482422,48.099998474121094,48.060001373291016,48.06999969482422,3733,0.0,0.0,0.0
2024-04-26 15:30:00-04:00,48.001800537109375,48.02000045776367,47.95000076293945,47.970001220703125,5486,0.0,0.0,0.0
2024-04-29 09:30:00-04:00,48.290000915527344,48.31769943237305,48.2400016784668,48.31589889526367,0,0.0,0.0,0.0
2024-04-29 10:30:00-04:00,48.29790115356445,48.29790115356445,48.25,48.2599983215332,3595,0.0,0.0,0.0
2024-04-29 11:30:00-04:00,48.27000045776367,48.279998779296875,48.25,48.279998779296875,2109,0.0,0.0,0.0
2024-04-29 12:30:00-04:00,48.33000183105469,48.34000015258789,48.31999969482422,48.33000183105469,1741,0.0,0.0,0.0
2024-04-29 13:30:00-04:00,48.36000061035156,48.36000061035156,48.31019973754883,48.34000015258789,1532,0.0,0.0,0.0
2024-04-29 14:30:00-04:00,48.27000045776367,48.279998779296875,48.16999816894531,48.220001220703125,5324,0.0,0.0,0.0
2024-04-29 15:30:00-04:00,48.2400016784668,48.40999984741211,48.2400016784668,48.40999984741211,0,0.0,0.0,0.0
2024-04-30 09:30:00-04:00,47.970001220703125,47.970001220703125,47.959999084472656,47.970001220703125,2321,0.0,0.0,0.0
2024-04-30 10:30:00-04:00,47.90999984741211,48.040000915527344,47.7599983215332,47.81999969482422,7030,0.0,0.0,0.0
2024-04-30 11:30:00-04:00,47.83000183105469,47.83000183105469,47.75,47.810001373291016,4303,0.0,0.0,0.0
2024-04-30 12:30:00-04:00,47.790000915527344,47.790000915527344,47.630001068115234,47.630001068115234,1739,0.0,0.0,0.0
2024-04-30 13:30:00-04:00,47.64400100708008,47.70000076293945,47.59000015258789,47.59000015258789,3953,0.0,0.0,0.0
2024-04-30 14:30:00-04:00,47.59000015258789,47.630001068115234,47.58000183105469,47.605098724365234,3974,0.0,0.0,0.0
2024-04-30 15:30:00-04:00,47.54499816894531,47.560001373291016,47.369998931884766,47.38999938964844,8216,0.0,0.0,0.0
2024-05-01 09:30:00-04:00,47.18000030517578,47.18000030517578,46.959999084472656,46.959999084472656,0,0.0,0.0,0.0
2024-05-01 10:30:00-04:00,46.95000076293945,46.95000076293945,46.790199279785156,46.81019973754883,3415,0.0,0.0,0.0
2024-05-01 11:30:00-04:00,46.869998931884766,46.869998931884766,46.84170150756836,46.849998474121094,1743,0.0,0.0,0.0
2024-05-01 12:30:00-04:00,46.91999816894531,46.91999816894531,46.869998931884766,46.880001068115234,2332,0.0,0.0,0.0
2024-05-01 13:30:00-04:00,46.93000030517578,47.099998474121094,46.900001525878906,47.099998474121094,2116,0.0,0.0,0.0
2024-05-01 14:30:00-04:00,47.0099983215332,47.65999984741211,47.0099983215332,47.56999969482422,7379,0.0,0.0,0.0
2024-05-01 15:30:00-04:00,47.400001525878906,47.400001525878906,46.95000076293945,46.95000076293945,0,0.0,0.0,0.0
2024-05-02 09:30:00-04:00,47.2599983215332,47.2599983215332,46.790000915527344,46.904998779296875,5214,0.0,0.0,0.0
2024-05-02 10:30:00-04:00,47.029998779296875,47.13999938964844,46.84000015258789,47.09000015258789,6954,0.0,0.0,0.0
2024-05-02 11:30:00-04:00,47.04999923706055,47.11000061035156,46.99190139770508,46.99190139770508,3528,0.0,0.0,0.0
2024-05-02 12:30:00-04:00,46.91999816894531,47.16999816894531,46.91999816894531,47.16999816894531,4787,0.0,0.0,0.0
2024-05-02 13:30:00-04:00,47.20000076293945,47.22010040283203,47.150001525878906,47.220001220703125,2604,0.0,0.0,0.0
2024-05-02 14:30:00-04:00,47.27000045776367,47.27000045776367,47.189998626708984,47.2599983215332,2108,0.0,0.0,0.0
2024-05-02 15:30:00-04:00,47.16999816894531,47.209999084472656,47.119998931884766,47.189998626708984,2190,0.0,0.0,0.0
2024-05-03 09:30:00-04:00,47.63999938964844,47.95000076293945,47.61000061035156,47.61000061035156,6800,0.0,0.0,0.0
2024-05-03 10:30:00-04:00,47.75,47.75,47.51100158691406,47.52000045776367,5657,0.0,0.0,0.0
2024-05-03 11:30:00-04:00,47.599998474121094,47.619998931884766,47.599998474121094,47.619998931884766,1787,0.0,0.0,0.0
2024-05-03 12:30:00-04:00,47.58000183105469,47.58000183105469,47.529998779296875,47.540000915527344,2100,0.0,0.0,0.0
2024-05-03 13:30:00-04:00,47.5343017578125,47.588600158691406,47.5343017578125,47.588600158691406,2451,0.0,0.0,0.0
2024-05-03 14:30:00-04:00,47.59189987182617,47.59189987182617,47.5099983215332,47.540401458740234,6416,0.0,0.0,0.0
2024-05-03 15:30:00-04:00,47.52000045776367,47.540000915527344,47.4900016784668,47.5099983215332,4840,0.0,0.0,0.0
2024-05-06 09:30:00-04:00,47.7400016784668,47.92689895629883,47.7400016784668,47.87009811401367,0,0.0,0.0,0.0
2024-05-06 10:30:00-04:00,47.869998931884766,47.900001525878906,47.869998931884766,47.880001068115234,1682,0.0,0.0,0.0
2024-05-06 11:30:00-04:00,47.850799560546875,47.88990020751953,47.850799560546875,47.88990020751953,2218,0.0,0.0,0.0
2024-05-06 12:30:00-04:00,47.880001068115234,47.93000030517578,47.8650016784668,47.93000030517578,1342,0.0,0.0,0.0
2024-05-06 13:30:00-04:00,47.970001220703125,47.97999954223633,47.95000076293945,47.959999084472656,5601,0.0,0.0,0.0
2024-05-06 14:30:00-04:00,48.0,48.0,47.85100173950195,47.85100173950195,7647,0.0,0.0,0.0
2024-05-06 15:30:00-04:00,47.88999938964844,47.942501068115234,47.88999938964844,47.942501068115234,0,0.0,0.0,0.0
2024-05-07 09:30:00-04:00,48.080101013183594,48.099998474121094,48.080101013183594,48.099998474121094,594,0.0,0.0,0.0
2024-05-07 10:30:00-04:00,48.12070083618164,48.12070083618164,48.04999923706055,48.04999923706055,2480,0.0,0.0,0.0
2024-05-07 11:30:00-04:00,48.040000915527344,48.040000915527344,48.0,48.000301361083984,1911,0.0,0.0,0.0
2024-05-07 12:30:00-04:00,48.0,48.0,47.91999816894531,47.959999084472656,1280,0.0,0.0,0.0
2024-05-07 13:30:00-04:00,47.93000030517578,47.93000030517578,47.80379867553711,47.81999969482422,2237,0.0,0.0,0.0
2024-05-07 14:30:00-04:00,47.83000183105469,47.83359909057617,47.79999923706055,47.83359909057617,1581,0.0,0.0,0.0
2024-05-07 15:30:00-04:00,47.81999969482422,47.84000015258789,47.779998779296875,47.779998779296875,7392,0.0,0.0,0.0
2024-05-08 09:30:00-04:00,47.43000030517578,47.61000061035156,47.43000030517578,47.595001220703125,0,0.0,0.0,0.0
2024-05-08 10:30:00-04:00,47.57500076293945,47.61000061035156,47.56999969482422,47.61000061035156,1933,0.0,0.0,0.0
2024-05-08 11:30:00-04:00,47.619998931884766,47.630001068115234,47.58000183105469,47.59299850463867,4692,0.0,0.0,0.0
2024-05-08 12:30:00-04:00,47.599998474121094,47.599998474121094,47.54999923706055,47.56999969482422,2403,0.0,0.0,0.0
2024-05-08 13:30:00-04:00,47.57749938964844,47.660099029541016,47.57749938964844,47.65999984741211,1847,0.0,0.0,0.0
2024-05-08 14:30:00-04:00,47.60240173339844,47.60240173339844,47.59000015258789,47.59000015258789,744,0.0,0.0,0.0
2024-05-08 15:30:00-04:00,47.650001525878906,47.68000030517578,47.650001525878906,47.65999984741211,3481,0.0,0.0,0.0
2024-05-09 09:30:00-04:00,47.61000061035156,47.88999938964844,47.540000915527344,47.88999938964844,0,0.0,0.0,0.0
2024-05-09 10:30:00-04:00,48.0,48.0099983215332,48.0,48.0098991394043,948,0.0,0.0,0.0
2024-05-09 11:30:00-04:00,48.0,48.0,47.97999954223633,48.0,886,0.0,0.0,0.0
2024-05-09 12:30:00-04:00,47.959999084472656,48.040000915527344,47.959999084472656,48.0,3034,0.0,0.0,0.0
2024-05-09 13:30:00-04:00,48.029998779296875,48.040000915527344,48.02000045776367,48.040000915527344,2168,0.0,0.0,0.0
2024-05-09 14:30:00-04:00,48.06999969482422,48.11000061035156,48.04999923706055,48.09000015258789,3139,0.0,0.0,0.0
2024-05-09 15:30:00-04:00,48.09000015258789,48.13999938964844,48.06999969482422,48.13999938964844,0,0.0,0.0,0.0
2024-05-10 09:30:00-04:00,48.20000076293945,48.20000076293945,48.062801361083984,48.062801361083984,1245,0.0,0.0,0.0
2024-05-10 10:30:00-04:00,48.04499816894531,48.04499816894531,47.95000076293945,47.97489929199219,4607,0.0,0.0,0.0
2024-05-10 11:30:00-04:00,47.9900016784668,47.9900016784668,47.900001525878906,47.95000076293945,2796,0.0,0.0,0.0
2024-05-10 12:30:00-04:00,47.93000030517578,47.93000030517578,47.90999984741211,47.90999984741211,1404,0.0,0.0,0.0
2024-05-10 13:30:00-04:00,47.93000030517578,47.93000030517578,47.890098571777344,47.890098571777344,883,0.0,0.0,0.0
2024-05-10 14:30:00-04:00,47.88090133666992,47.939998626708984,47.88090133666992,47.93000030517578,880,0.0,0.0,0.0
2024-05-10 15:30:00-04:00,47.95240020751953,48.02560043334961,47.95240020751953,47.9900016784668,9534,0.0,0.0,0.0
2024-05-13 09:30:00-04:00,48.279998779296875,48.34510040283203,48.24190139770508,48.34510040283203,0,0.0,0.0,0.0
2024-05-13 10:30:00-04:00,48.3400993347168,48.349998474121094,48.20000076293945,48.20000076293945,6434,0.0,0.0,0.0
2024-05-13 11:30:00-04:00,48.15999984741211,48.16999816894531,48.099998474121094,48.105098724365234,2576,0.0,0.0,0.0
2024-05-13 12:30:00-04:00,48.099998474121094,48.099998474121094,47.90999984741211,47.974998474121094,4297,0.0,0.0,0.0
2024-05-13 13:30:00-04:00,47.970001220703125,48.0098991394043,47.970001220703125,47.9900016784668,2011,0.0,0.0,0.0
2024-05-13 14:30:00-04:00,48.029998779296875,48.073299407958984,48.029998779296875,48.040000915527344,4376,0.0,0.0,0.0
2024-05-13 15:30:00-04:00,48.040000915527344,48.06999969482422,48.0099983215332,48.0099983215332,0,0.0,0.0,0.0
2024-05-14 09:30:00-04:00,48.2599983215332,48.349998474121094,48.2400016784668,48.2400016784668,1611,0.0,0.0,0.0
2024-05-14 10:30:00-04:00,48.224998474121094,48.224998474121094,48.11009979248047,48.1150016784668,1073,0.0,0.0,0.0
2024-05-14 11:30:00-04:00,48.10369873046875,48.10369873046875,48.099998474121094,48.099998474121094,1517,0.0,0.0,0.0
2024-05-14 12:30:00-04:00,48.08449935913086,48.08449935913086,48.00080108642578,48.00080108642578,2899,0.0,0.0,0.0
2024-05-14 13:30:00-04:00,48.06330108642578,48.099998474121094,48.06330108642578,48.099998474121094,1779,0.0,0.0,0.0
2024-05-14 14:30:00-04:00,48.150001525878906,48.15999984741211,48.150001525878906,48.15230178833008,1091,0.0,0.0,0.0
2024-05-14 15:30:00-04:00,48.150001525878906,48.19499969482422,48.13999938964844,48.15999984741211,5521,0.0,0.0,0.0
2024-05-15 09:30:00-04:00,48.439998626708984,48.439998626708984,48.230098724365234,48.29999923706055,0,0.0,0.0,0.0
2024-05-15 10:30:00-04:00,48.35029983520508,48.439998626708984,48.34000015258789,48.439998626708984,3540,0.0,0.0,0.0
2024-05-15 11:30:00-04:00,48.45000076293945,48.45000076293945,48.42509841918945,48.42509841918945,1020,0.0,0.0,0.0
2024-05-15 12:30:00-04:00,48.439998626708984,48.46179962158203,48.42430114746094,48.43000030517578,1189,0.0,0.0,0.0
2024-05-15 13:30:00-04:00,48.400001525878906,48.439998626708984,48.38999938964844,48.400001525878906,2507,0.0,0.0,0.0
2024-05-15 14:30:00-04:00,48.40950012207031,48.415000915527344,48.400001525878906,48.400001525878906,1862,0.0,0.0,0.0
2024-05-15 15:30:00-04:00,48.38999938964844,48.459999084472656,48.38999938964844,48.40999984741211,4446,0.0,0.0,0.0
2024-05-16 09:30:00-04:00,48.41999816894531,48.41999816894531,48.29999923706055,48.40999984741211,0,0.0,0.0,0.0
2024-05-16 10:30:00-04:00,48.3849983215332,48.39739990234375,48.31999969482422,48.378299713134766,6051,0.0,0.0,0.0
2024-05-16 11:30:00-04:00,48.38999938964844,48.40999984741211,48.349998474121094,48.406700134277344,2347,0.0,0.0,0.0
2024-05-16 12:30:00-04:00,48.43000030517578,48.459999084472656,48.34000015258789,48.34000015258789,2137,0.0,0.0,0.0
2024-05-16 13:30:00-04:00,48.29999923706055,48.33000183105469,48.25,48.25749969482422,3914,0.0,0.0,0.0
2024-05-16 14:30:00-04:00,48.304298400878906,48.31330108642578,48.290000915527344,48.290000915527344,10203,0.0,0.0,0.0
2024-05-16 15:30:00-04:00,48.27909851074219,48.279998779296875,48.18000030517578,48.18000030517578,0,0.0,0.0,0.0
2024-05-17 09:30:00-04:00,48.13999938964844,48.25659942626953,48.119998931884766,48.25659942626953,2304,0.0,0.0,0.0
2024-05-17 10:30:00-04:00,48.22999954223633,48.2599983215332,48.189998626708984,48.189998626708984,32023,0.0,0.0,0.0
2024-05-17 11:30:00-04:00,48.18000030517578,48.220001220703125,48.15999984741211,48.18000030517578,3140,0.0,0.0,0.0
2024-05-17 12:30:00-04:00,48.220001220703125,48.229801177978516,48.189998626708984,48.189998626708984,2755,0.0,0.0,0.0
2024-05-17 13:30:00-04:00,48.209999084472656,48.22010040283203,48.15999984741211,48.15999984741211,1944,0.0,0.0,0.0
2024-05-17 14:30:00-04:00,48.20989990234375,48.25,48.20989990234375,48.2400016784668,2892,0.0,0.0,0.0
2024-05-17 15:30:00-04:00,48.22999954223633,48.290000915527344,48.20000076293945,48.290000915527344,7398,0.0,0.0,0.0
2024-05-20 09:30:00-04:00,48.279998779296875,48.46379852294922,48.279998779296875,48.45000076293945,0,0.0,0.0,0.0
2024-05-20 10:30:00-04:00,48.459999084472656,48.4900016784668,48.459999084472656,48.459999084472656,1283,0.0,0.0,0.0
2024-05-20 11:30:00-04:00,48.4650993347168,48.46770095825195,48.459999084472656,48.46770095825195,1165,0.0,0.0,0.0
2024-05-20 12:30:00-04:00,48.369998931884766,48.38909912109375,48.33000183105469,48.33000183105469,2339,0.0,0.0,0.0
2024-05-20 13:30:00-04:00,48.261600494384766,48.261600494384766,48.16999816894531,48.215999603271484,2244,0.0,0.0,0.0
2024-05-20 14:30:00-04:00,48.25,48.26499938964844,48.2400016784668,48.26179885864258,1614,0.0,0.0,0.0
2024-05-20 15:30:00-04:00,48.27000045776367,48.29999923706055,48.25,48.2599983215332,5509,0.0,0.0,0.0
2024-05-21 09:30:00-04:00,48.2400016784668,48.2400016784668,48.150001525878906,48.150001525878906,1422,0.0,0.0,0.0
2024-05-21 10:30:00-04:00,48.08789825439453,48.11000061035156,48.08000183105469,48.11000061035156,2063,0.0,0.0,0.0
2024-05-21 11:30:00-04:00,48.027801513671875,48.0359992980957,48.027801513671875,48.0359992980957,1142,0.0,0.0,0.0
2024-05-21 12:30:00-04:00,48.02000045776367,48.04999923706055,48.02000045776367,48.025001525878906,1426,0.0,0.0,0.0
2024-05-21 13:30:00-04:00,48.04010009765625,48.105098724365234,48.04010009765625,48.099998474121094,4822,0.0,0.0,0.0
2024-05-21 14:30:00-04:00,48.099998474121094,48.150001525878906,48.08000183105469,48.13800048828125,3627,0.0,0.0,0.0
2024-05-21 15:30:00-04:00,48.1693000793457,48.209999084472656,48.150001525878906,48.18000030517578,3480,0.0,0.0,0.0
2024-05-22 09:30:00-04:00,48.029998779296875,48.029998779296875,47.806400299072266,47.83000183105469,0,0.0,0.0,0.0
2024-05-22 10:30:00-04:00,47.79999923706055,47.81999969482422,47.720001220703125,47.720001220703125,6949,0.0,0.0,0.0
2024-05-22 11:30:00-04:00,47.766700744628906,47.766700744628906,47.709999084472656,47.75,2028,0.0,0.0,0.0
2024-05-22 12:30:00-04:00,47.779998779296875,47.790000915527344,47.75,47.7505989074707,4864,0.0,0.0,0.0
2024-05-22 13:30:00-04:00,47.68000030517578,47.68000030517578,47.459999084472656,47.47999954223633,6264,0.0,0.0,0.0
2024-05-22 14:30:00-04:00,47.41999816894531,47.46440124511719,47.38999938964844,47.43000030517578,4674,0.0,0.0,0.0
2024-05-22 15:30:00-04:00,47.43000030517578,47.5099983215332,47.380001068115234,47.470001220703125,34564,0.0,0.0,0.0
2024-05-23 09:30:00-04:00,47.540000915527344,47.540000915527344,47.095001220703125,47.095001220703125,0,0.0,0.0,0.0
2024-05-23 10:30:00-04:00,47.119998931884766,47.165000915527344,47.06999969482422,47.165000915527344,2197,0.0,0.0,0.0
2024-05-23 11:30:00-04:00,47.18000030517578,47.2400016784668,47.150001525878906,47.2400016784668,9133,0.0,0.0,0.0
2024-05-23 12:30:00-04:00,47.27000045776367,47.27000045776367,47.130001068115234,47.130001068115234,1066,0.0,0.0,0.0
2024-05-23 13:30:00-04:00,47.099998474121094,47.099998474121094,46.81999969482422,46.84000015258789,8873,0.0,0.0,0.0
2024-05-23 14:30:00-04:00,46.79999923706055,46.84000015258789,46.79999923706055,46.810001373291016,13664,0.0,0.0,0.0
2024-05-23 15:30:00-04:00,46.810001373291016,46.85749816894531,46.779998779296875,46.84000015258789,26546,0.0,0.0,0.0
2024-05-24 09:30:00-04:00,47.22999954223633,47.47999954223633,47.22999954223633,47.47999954223633,0,0.0,0.0,0.0
2024-05-24 10:30:00-04:00,47.470001220703125,47.5,47.470001220703125,47.470001220703125,1264,0.0,0.0,0.0
2024-05-24 11:30:00-04:00,47.4900016784668,47.5099983215332,47.43009948730469,47.5099983215332,1947,0.0,0.0,0.0
2024-05-24 12:30:00-04:00,47.51850128173828,47.51850128173828,47.459999084472656,47.48059844970703,2082,0.0,0.0,0.0
2024-05-24 13:30:00-04:00,47.471900939941406,47.47999954223633,47.471900939941406,47.47999954223633,892,0.0,0.0,0.0
2024-05-24 14:30:00-04:00,47.44150161743164,47.44150161743164,47.44150161743164,47.44150161743164,173,0.0,0.0,0.0
2024-05-24 15:30:00-04:00,47.45970153808594,47.52000045776367,47.439998626708984,47.52000045776367,2437,0.0,0.0,0.0
2024-05-28 09:30:00-04:00,47.4900016784668,47.65999984741211,47.4900016784668,47.58000183105469,3499,0.0,0.0,0.0
2024-05-28 10:30:00-04:00,47.529998779296875,47.61000061035156,47.4900016784668,47.55189895629883,3355,0.0,0.0,0.0
2024-05-28 11:30:00-04:00,47.4900016784668,47.51499938964844,47.4900016784668,47.51499938964844,480,0.0,0.0,0.0
2024-05-28 12:30:00-04:00,47.5099983215332,47.5099983215332,47.47010040283203,47.47010040283203,395,0.0,0.0,0.0
2024-05-28 13:30:00-04:00,47.40999984741211,47.435001373291016,47.30009841918945,47.30009841918945,9090,0.0,0.0,0.0
2024-05-28 14:30:00-04:00,47.25,47.279998779296875,47.20370101928711,47.27510070800781,36301,0.0,0.0,0.0
2024-05-28 15:30:00-04:00,47.27000045776367,47.41999816894531,47.27000045776367,47.41999816894531,0,0.0,0.0,0.0
2024-05-29 09:30:00-04:00,46.90999984741211,46.959999084472656,46.869998931884766,46.869998931884766,1784,0.0,0.0,0.0
2024-05-29 10:30:00-04:00,46.93000030517578,46.95650100708008,46.84000015258789,46.84000015258789,3284,0.0,0.0,0.0
2024-05-29 11:30:00-04:00,46.86000061035156,46.89569854736328,46.83000183105469,46.89569854736328,1810,0.0,0.0,0.0
2024-05-29 12:30:00-04:00,46.90480041503906,46.93000030517578,46.86000061035156,46.88999938964844,4340,0.0,0.0,0.0
2024-05-29 13:30:00-04:00,46.91999816894531,46.9650993347168,46.880001068115234,46.904998779296875,7810,0.0,0.0,0.0
2024-05-29 14:30:00-04:00,46.88999938964844,46.97999954223633,46.869998931884766,46.97999954223633,3578,0.0,0.0,0.0
2024-05-29 15:30:00-04:00,46.964698791503906,46.989498138427734,46.90999984741211,46.91999816894531,6854,0.0,0.0,0.0
2024-05-30 09:30:00-04:00,47.08000183105469,47.33000183105469,47.08000183105469,47.31999969482422,0,0.0,0.0,0.0
2024-05-30 10:30:00-04:00,47.279998779296875,47.279998779296875,47.279998779296875,47.279998779296875,339,0.0,0.0,0.0
2024-05-30 11:30:00-04:00,47.400001525878906,47.41490173339844,47.361000061035156,47.41490173339844,12691,0.0,0.0,0.0
2024-05-30 12:30:00-04:00,47.47999954223633,47.5447998046875,47.47999954223633,47.52009963989258,762,0.0,0.0,0.0
2024-05-30 13:30:00-04:00,47.547000885009766,47.56999969482422,47.45000076293945,47.480098724365234,3701,0.0,0.0,0.0
2024-05-30 14:30:00-04:00,47.48030090332031,47.4900016784668,47.459999084472656,47.470001220703125,4027,0.0,0.0,0.0
2024-05-30 15:30:00-04:00,47.4900016784668,47.5,47.439998626708984,47.5,92363,0.0,0.0,0.0
2024-05-31 09:30:00-04:00,47.66999816894531,47.77000045776367,47.51900100708008,47.51900100708008,0,0.0,0.0,0.0
2024-05-31 10:30:00-04:00,47.5192985534668,47.689998626708984,47.51789855957031,47.689998626708984,7289,0.0,0.0,0.0
2024-05-31 11:30:00-04:00,47.70000076293945,47.70000076293945,47.560001373291016,47.560001373291016,3700,0.0,0.0,0.0
2024-05-31 12:30:00-04:00,47.619998931884766,47.79999923706055,47.619998931884766,47.79999923706055,1947,0.0,0.0,0.0
2024-05-31 13:30:00-04:00,47.849998474121094,47.880001068115234,47.849998474121094,47.880001068115234,2478,0.0,0.0,0.0
2024-05-31 14:30:00-04:00,47.8406982421875,47.959999084472656,47.8406982421875,47.959999084472656,3276,0.0,0.0,0.0
2024-05-31 15:30:00-04:00,47.92890167236328,48.24369812011719,47.92890167236328,48.2400016784668,2254,0.0,0.0,0.0
2024-06-03 09:30:00-04:00,48.380001068115234,48.380001068115234,48.29999923706055,48.36000061035156,0,0.0,0.0,0.0
2024-06-03 10:30:00-04:00,48.27000045776367,48.27000045776367,48.220001220703125,48.220001220703125,1369,0.0,0.0,0.0
2024-06-03 12:30:00-04:00,48.040000915527344,48.040000915527344,47.939998626708984,48.029998779296875,1549,0.0,0.0,0.0
2024-06-03 13:30:00-04:00,48.100399017333984,48.22010040283203,48.100399017333984,48.20000076293945,2509,0.0,0.0,0.0
2024-06-03 14:30:00-04:00,48.21500015258789,48.310001373291016,48.20000076293945,48.310001373291016,2210,0.0,0.0,0.0
2024-06-03 15:30:00-04:00,48.300498962402344,48.369998931884766,48.29999923706055,48.369998931884766,0,0.0,0.0,0.0
2024-06-04 09:30:00-04:00,48.060001373291016,48.31999969482422,48.060001373291016,48.31999969482422,2071,0.0,0.0,0.0
2024-06-04 10:30:00-04:00,48.2400016784668,48.2400016784668,48.2400016784668,48.2400016784668,490,0.0,0.0,0.0
2024-06-04 11:30:00-04:00,48.0,48.000099182128906,47.935001373291016,47.939998626708984,1344,0.0,0.0,0.0
2024-06-04 12:30:00-04:00,47.9900016784668,48.0,47.95000076293945,48.0,18177,0.0,0.0,0.0
2024-06-04 13:30:00-04:00,48.02000045776367,48.11009979248047,48.02000045776367,48.11009979248047,5468,0.0,0.0,0.0
2024-06-04 14:30:00-04:00,48.15999984741211,48.220001220703125,48.060001373291016,48.060001373291016,8556,0.0,0.0,0.0
2024-06-04 15:30:00-04:00,48.04999923706055,48.08000183105469,48.010101318359375,48.06999969482422,13953,0.0,0.0,0.0
2024-06-05 09:30:00-04:00,48.18000030517578,48.18000030517578,47.90999984741211,47.98500061035156,0,0.0,0.0,0.0
2024-06-05 10:30:00-04:00,48.04499816894531,48.160099029541016,48.0,48.160099029541016,4473,0.0,0.0,0.0
2024-06-05 11:30:00-04:00,48.210899353027344,48.260101318359375,48.210899353027344,48.260101318359375,1106,0.0,0.0,0.0
2024-06-05 12:30:00-04:00,48.279998779296875,48.279998779296875,48.224998474121094,48.224998474121094,1664,0.0,0.0,0.0
2024-06-05 13:30:00-04:00,48.25,48.29570007324219,48.24850082397461,48.29010009765625,3336,0.0,0.0,0.0
2024-06-05 14:30:00-04:00,48.34000015258789,48.380001068115234,48.32529830932617,48.3302001953125,5632,0.0,0.0,0.0
2024-06-05 15:30:00-04:00,48.349998474121094,48.43000030517578,48.349998474121094,48.400001525878906,0,0.0,0.0,0.0
2024-06-06 09:30:00-04:00,48.560001373291016,48.560001373291016,48.480098724365234,48.480098724365234,1074,0.0,0.0,0.0
2024-06-06 10:30:00-04:00,48.45899963378906,48.45899963378906,48.41999816894531,48.439998626708984,3875,0.0,0.0,0.0
2024-06-06 11:30:00-04:00,48.41999816894531,48.459999084472656,48.41999816894531,48.459999084472656,1287,0.0,0.0,0.0
2024-06-06 12:30:00-04:00,48.439998626708984,48.47010040283203,48.43000030517578,48.439998626708984,2030,0.0,0.0,0.0
2024-06-06 13:30:00-04:00,48.47999954223633,48.47999954223633,48.290000915527344,48.310001373291016,2487,0.0,0.0,0.0
2024-06-06 14:30:00-04:00,48.29999923706055,48.39509963989258,48.29999923706055,48.34000015258789,5263,0.0,0.0,0.0
2024-06-06 15:30:00-04:00,48.34040069580078,48.369998931884766,48.310001373291016,48.369998931884766,0,0.0,0.0,0.0
2024-06-07 09:30:00-04:00,48.08000183105469,48.27000045776367,48.08000183105469,48.27000045776367,926,0.0,0.0,0.0
2024-06-07 10:30:00-04:00,48.27399826049805,48.38999938964844,48.170799255371094,48.220001220703125,2503,0.0,0.0,0.0
2024-06-07 11:30:00-04:00,48.275001525878906,48.290000915527344,48.27000045776367,48.290000915527344,4717,0.0,0.0,0.0
2024-06-07 12:30:00-04:00,48.290000915527344,48.290000915527344,48.2400016784668,48.25,11153,0.0,0.0,0.0
2024-06-07 13:30:00-04:00,48.28260040283203,48.290000915527344,48.14500045776367,48.220001220703125,45591,0.0,0.0,0.0
2024-06-07 14:30:00-04:00,48.2400016784668,48.2400016784668,48.15999984741211,48.21049880981445,4034,0.0,0.0,0.0
2024-06-07 15:30:00-04:00,48.209999084472656,48.22999954223633,48.13999938964844,48.13999938964844,2240,0.0,0.0,0.0
2024-06-10 09:30:00-04:00,47.959999084472656,48.16999816894531,47.959999084472656,48.130001068115234,8425,0.0,0.0,0.0
2024-06-10 10:30:00-04:00,48.119998931884766,48.13999938964844,48.06999969482422,48.130001068115234,2639,0.0,0.0,0.0
2024-06-10 11:30:00-04:00,48.150001525878906,48.16999816894531,48.150001525878906,48.16230010986328,1214,0.0,0.0,0.0
2024-06-10 12:30:00-04:00,48.189998626708984,48.2400016784668,48.189998626708984,48.2400016784668,2102,0.0,0.0,0.0
2024-06-10 13:30:00-04:00,48.220001220703125,48.34960174560547,48.220001220703125,48.29999923706055,2558,0.0,0.0,0.0
2024-06-10 14:30:00-04:00,48.31999969482422,48.36000061035156,48.31999969482422,48.349998474121094,1255,0.0,0.0,0.0
2024-06-10 15:30:00-04:00,48.34000015258789,48.349998474121094,48.29999923706055,48.349998474121094,8636,0.0,0.0,0.0
2024-06-11 09:30:00-04:00,48.06999969482422,48.06999969482422,47.894901275634766,47.894901275634766,4102,0.0,0.0,0.0
2024-06-11 10:30:00-04:00,47.939998626708984,47.9900016784668,47.92430114746094,47.95320129394531,1543,0.0,0.0,0.0
2024-06-11 11:30:00-04:00,47.9099006652832,47.96989822387695,47.9099006652832,47.96989822387695,1200,0.0,0.0,0.0
2024-06-11 12:30:00-04:00,47.92210006713867,47.92210006713867,47.91059875488281,47.91059875488281,1411,0.0,0.0,0.0
2024-06-11 13:30:00-04:00,47.95000076293945,47.985801696777344,47.95000076293945,47.985801696777344,817,0.0,0.0,0.0
2024-06-11 14:30:00-04:00,47.9900016784668,48.0099983215332,47.98270034790039,47.9900016784668,4753,0.0,0.0,0.0
2024-06-11 15:30:00-04:00,47.98189926147461,48.029998779296875,47.98189926147461,48.029998779296875,885,0.0,0.0,0.0
2024-06-12 09:30:00-04:00,48.70000076293945,48.880001068115234,48.70000076293945,48.880001068115234,0,0.0,0.0,0.0
2024-06-12 10:30:00-04:00,48.880001068115234,48.900001525878906,48.805301666259766,48.805301666259766,6188,0.0,0.0,0.0
2024-06-12 11:30:00-04:00,48.790000915527344,48.790000915527344,48.68000030517578,48.68000030517578,9460,0.0,0.0,0.0
2024-06-12 12:30:00-04:00,48.66999816894531,48.70000076293945,48.66999816894531,48.672000885009766,3117,0.0,0.0,0.0
2024-06-12 13:30:00-04:00,48.59489822387695,48.63249969482422,48.540000915527344,48.58000183105469,7020,0.0,0.0,0.0
2024-06-12 14:30:00-04:00,48.5973014831543,48.5973014831543,48.34000015258789,48.3473014831543,4050,0.0,0.0,0.0
2024-06-12 15:30:00-04:00,48.32630157470703,48.459999084472656,48.32630157470703,48.43000030517578,0,0.0,0.0,0.0
2024-06-13 09:30:00-04:00,48.380001068115234,48.380001068115234,48.20000076293945,48.21500015258789,2597,0.0,0.0,0.0
2024-06-13 10:30:00-04:00,48.09000015258789,48.09000015258789,48.03150177001953,48.060001373291016,2910,0.0,0.0,0.0
2024-06-13 11:30:00-04:00,48.08000183105469,48.09000015258789,48.05849838256836,48.060001373291016,2182,0.0,0.0,0.0
2024-06-13 12:30:00-04:00,48.130001068115234,48.2047004699707,48.130001068115234,48.2047004699707,680,0.0,0.0,0.0
2024-06-13 13:30:00-04:00,48.220001220703125,48.25,48.19020080566406,48.24599838256836,1623,0.0,0.0,0.0
2024-06-13 14:30:00-04:00,48.28580093383789,48.33000183105469,48.28580093383789,48.31999969482422,2317,0.0,0.0,0.0
2024-06-13 15:30:00-04:00,48.279998779296875,48.33000183105469,48.27000045776367,48.29999923706055,0,0.0,0.0,0.0
2024-06-14 09:30:00-04:00,47.93000030517578,47.95000076293945,47.4900016784668,47.5,3791,0.0,0.0,0.0
2024-06-14 10:30:00-04:00,47.435001373291016,47.470001220703125,47.435001373291016,47.4541015625,1567,0.0,0.0,0.0
2024-06-14 11:30:00-04:00,47.5099983215332,47.51350021362305,47.494998931884766,47.51350021362305,725,0.0,0.0,0.0
2024-06-14 12:30:00-04:00,47.54999923706055,47.54999923706055,47.54999923706055,47.54999923706055,442,0.0,0.0,0.0
2024-06-14 13:30:00-04:00,47.589298248291016,47.599998474121094,47.529998779296875,47.560001373291016,7554,0.0,0.0,0.0
2024-06-14 14:30:00-04:00,47.59000015258789,47.59000015258789,47.59000015258789,47.59000015258789,384,0.0,0.0,0.0
2024-06-14 15:30:00-04:00,47.59469985961914,47.650001525878906,47.59469985961914,47.650001525878906,3787,0.0,0.0,0.0
2024-06-17 09:30:00-04:00,47.59000015258789,47.7400016784668,47.59000015258789,47.72010040283203,0,0.0,0.0,0.0
2024-06-17 10:30:00-04:00,47.790000915527344,47.94940185546875,47.77000045776367,47.94940185546875,4101,0.0,0.0,0.0
2024-06-17 11:30:00-04:00,47.965999603271484,48.07059860229492,47.959999084472656,48.07059860229492,1568,0.0,0.0,0.0
2024-06-17 12:30:00-04:00,48.09299850463867,48.0984001159668,48.06060028076172,48.09000015258789,2875,0.0,0.0,0.0
2024-06-17 13:30:00-04:00,48.24079895019531,48.310001373291016,48.24079895019531,48.29999923706055,1743,0.0,0.0,0.0
2024-06-17 14:30:00-04:00,48.31999969482422,48.33000183105469,48.310001373291016,48.33000183105469,1382,0.0,0.0,0.0
2024-06-17 15:30:00-04:00,48.400001525878906,48.439998626708984,48.349998474121094,48.349998474121094,14352,0.0,0.0,0.0
2024-06-18 09:30:00-04:00,48.349998474121094,48.349998474121094,48.349998474121094,48.349998474121094,0,0.0,0.0,0.0
2024-06-18 10:30:00-04:00,48.36000061035156,48.36000061035156,48.25,48.25,2688,0.0,0.0,0.0
2024-06-18 11:30:00-04:00,48.275001525878906,48.290000915527344,48.25170135498047,48.27000045776367,3904,0.0,0.0,0.0
2024-06-18 12:30:00-04:00,48.27000045776367,48.279998779296875,48.220001220703125,48.25529861450195,7210,0.0,0.0,0.0
2024-06-18 13:30:00-04:00,48.244998931884766,48.29759979248047,48.244998931884766,48.29759979248047,1506,0.0,0.0,0.0
2024-06-18 14:30:00-04:00,48.279998779296875,48.279998779296875,48.25,48.279998779296875,5777,0.0,0.0,0.0
2024-06-18 15:30:00-04:00,48.27000045776367,48.28010177612305,48.22999954223633,48.22999954223633,14370,0.0,0.0,0.0
2024-06-20 09:30:00-04:00,48.18000030517578,48.439998626708984,48.18000030517578,48.3916015625,0,0.0,0.0,0.0
2024-06-20 10:30:00-04:00,48.38290023803711,48.38290023803711,48.290000915527344,48.36000061035156,5776,0.0,0.0,0.0
2024-06-20 11:30:00-04:00,48.310001373291016,48.32500076293945,48.27000045776367,48.310001373291016,2908,0.0,0.0,0.0
2024-06-20 12:30:00-04:00,48.290000915527344,48.290000915527344,48.290000915527344,48.290000915527344,252,0.0,0.0,0.0
2024-06-20 13:30:00-04:00,48.23099899291992,48.36000061035156,48.23099899291992,48.35499954223633,1097,0.0,0.0,0.0
2024-06-20 14:30:00-04:00,48.400299072265625,48.43000030517578,48.29909896850586,48.36000061035156,2232,0.0,0.0,0.0
2024-06-20 15:30:00-04:00,48.334999084472656,48.369998931884766,48.279998779296875,48.33000183105469,16202,0.0,0.0,0.0
2024-06-21 09:30:00-04:00,48.400001525878906,48.40999984741211,48.27000045776367,48.40999984741211,0,0.0,0.0,0.0
2024-06-21 10:30:00-04:00,48.380001068115234,48.40999984741211,48.33300018310547,48.35089874267578,8291,0.0,0.0,0.0
2024-06-21 11:30:00-04:00,48.30039978027344,48.31990051269531,48.30039978027344,48.31990051269531,1494,0.0,0.0,0.0
2024-06-21 12:30:00-04:00,48.330101013183594,48.380001068115234,48.3218994140625,48.3218994140625,3028,0.0,0.0,0.0
2024-06-21 13:30:00-04:00,48.34830093383789,48.369998931884766,48.29999923706055,48.36000061035156,3344,0.0,0.0,0.0
2024-06-21 14:30:00-04:00,48.380001068115234,48.400001525878906,48.349998474121094,48.38999938964844,6088,0.0,0.0,0.0
2024-06-21 15:30:00-04:00,48.38999938964844,48.61000061035156,48.38999938964844,48.58000183105469,4070,0.0,0.0,0.0
2024-06-24 09:30:00-04:00,48.4900016784668,48.7400016784668,48.441898345947266,48.7400016784668,7683,0.0,0.0,0.0
2024-06-24 10:30:00-04:00,48.70000076293945,48.76969909667969,48.70000076293945,48.76969909667969,61596,0.0,0.0,0.0
2024-06-24 11:30:00-04:00,48.810001373291016,48.810001373291016,48.72010040283203,48.724998474121094,1662,0.0,0.0,0.0
2024-06-24 12:30:00-04:00,48.64030075073242,48.64030075073242,48.5900993347168,48.5900993347168,490,0.0,0.0,0.0
2024-06-24 13:30:00-04:00,48.630001068115234,48.70000076293945,48.630001068115234,48.69499969482422,2050,0.0,0.0,0.0
2024-06-24 14:30:00-04:00,48.7400016784668,48.7400016784668,48.7400016784668,48.7400016784668,706,0.0,0.0,0.0
2024-06-24 15:30:00-04:00,48.72999954223633,48.75,48.599998474121094,48.599998474121094,10018,0.0,0.0,0.0
2024-06-25 09:30:00-04:00,48.540000915527344,48.540000915527344,48.29999923706055,48.39509963989258,0,0.0,0.0,0.0
2024-06-25 10:30:00-04:00,48.3400993347168,48.354400634765625,48.2400016784668,48.2400016784668,2104,0.0,0.0,0.0
2024-06-25 11:30:00-04:00,48.130001068115234,48.13999938964844,48.130001068115234,48.13999938964844,403,0.0,0.0,0.0
2024-06-25 12:30:00-04:00,48.090301513671875,48.090301513671875,48.07339859008789,48.09000015258789,1209,0.0,0.0,0.0
2024-06-25 13:30:00-04:00,48.04999923706055,48.0703010559082,48.029998779296875,48.0703010559082,985,0.0,0.0,0.0
2024-06-25 14:30:00-04:00,48.12009811401367,48.130001068115234,48.05500030517578,48.11000061035156,2209,0.0,0.0,0.0
2024-06-25 15:30:00-04:00,48.04999923706055,48.119998931884766,48.010101318359375,48.08000183105469,0,0.0,0.0,0.0
2024-06-26 09:30:00-04:00,47.79010009765625,47.88999938964844,47.79010009765625,47.824501037597656,6111,0.0,0.0,0.0
2024-06-26 10:30:00-04:00,47.849998474121094,47.88999938964844,47.790000915527344,47.79999923706055,2982,0.0,0.0,0.0
2024-06-26 11:30:00-04:00,47.96009826660156,47.96009826660156,47.96009826660156,47.96009826660156,611,0.0,0.0,0.0
2024-06-26 12:30:00-04:00,47.91999816894531,47.950199127197266,47.91999816894531,47.9474983215332,1907,0.0,0.0,0.0
2024-06-26 13:30:00-04:00,47.90079879760742,47.94449996948242,47.90079879760742,47.94449996948242,1094,0.0,0.0,0.0
2024-06-26 14:30:00-04:00,47.93000030517578,47.95000076293945,47.92559814453125,47.93000030517578,2061,0.0,0.0,0.0
2024-06-26 15:30:00-04:00,47.96009826660156,48.08000183105469,47.95000076293945,48.029998779296875,4418,0.0,0.0,0.0
2024-06-27 09:30:00-04:00,47.970001220703125,47.97999954223633,47.900001525878906,47.97999954223633,0,0.0,0.0,0.0
2024-06-27 10:30:00-04:00,47.9900016784668,47.9900016784668,47.930599212646484,47.94499969482422,1530,0.0,0.0,0.0
2024-06-27 11:30:00-04:00,47.880001068115234,47.95000076293945,47.880001068115234,47.94499969482422,1769,0.0,0.0,0.0
2024-06-27 12:30:00-04:00,47.96839904785156,47.97999954223633,47.96780014038086,47.97999954223633,763,0.0,0.0,0.0
2024-06-27 13:30:00-04:00,47.93000030517578,47.93000030517578,47.8922004699707,47.8922004699707,989,0.0,0.0,0.0
2024-06-27 14:30:00-04:00,47.8922004699707,47.967498779296875,47.8922004699707,47.967498779296875,3497,0.0,0.0,0.0
2024-06-27 15:30:00-04:00,47.9900016784668,48.040000915527344,47.97999954223633,48.040000915527344,0,0.0,0.0,0.0
2024-06-28 09:30:00-04:00,47.939998626708984,48.099998474121094,47.939998626708984,48.099998474121094,1561,0.0,0.0,0.0
2024-06-28 10:30:00-04:00,48.134498596191406,48.209999084472656,48.060001373291016,48.060001373291016,3092,0.0,0.0,0.0
2024-06-28 11:30:00-04:00,48.099998474121094,48.099998474121094,47.97999954223633,47.97999954223633,1400,0.0,0.0,0.0
2024-06-28 12:30:00-04:00,48.060001373291016,48.06999969482422,48.0,48.0,897,0.0,0.0,0.0
2024-06-28 13:30:00-04:00,47.970001220703125,48.0,47.970001220703125,48.0,948,0.0,0.0,0.0
2024-06-28 14:30:00-04:00,47.95000076293945,47.956600189208984,47.86009979248047,47.900001525878906,68626,0.0,0.0,0.0
2024-06-28 15:30:00-04:00,47.869998931884766,48.040000915527344,47.869998931884766,48.040000915527344,13092,0.0,0.0,0.0
2024-07-01 09:30:00-04:00,48.02000045776367,48.02000045776367,47.369998931884766,47.369998931884766,0,0.0,0.0,0.0
2024-07-01 10:30:00-04:00,47.36000061035156,47.36000061035156,47.132301330566406,47.189998626708984,20693,0.0,0.0,0.0
2024-07-01 11:30:00-04:00,47.209999084472656,47.209999084472656,47.11000061035156,47.130001068115234,18182,0.0,0.0,0.0
2024-07-01 12:30:00-04:00,47.11000061035156,47.13999938964844,47.04999923706055,47.13999938964844,10670,0.0,0.0,0.0
2024-07-01 13:30:00-04:00,47.13999938964844,47.279998779296875,47.119998931884766,47.2599983215332,22129,0.0,0.0,0.0
2024-07-01 14:30:00-04:00,47.25,47.2599983215332,47.13999938964844,47.15999984741211,31535,0.0,0.0,0.0
2024-07-01 15:30:00-04:00,47.16999816894531,47.209999084472656,47.15999984741211,47.16999816894531,0,0.0,0.0,0.0
2024-07-02 09:30:00-04:00,46.9900016784668,47.34000015258789,46.9900016784668,47.13999938964844,8744,0.0,0.0,0.0
2024-07-02 10:30:00-04:00,47.135501861572266,47.16999816894531,47.06999969482422,47.14500045776367,5160,0.0,0.0,0.0
2024-07-02 11:30:00-04:00,47.16999816894531,47.16999816894531,47.08000183105469,47.08000183105469,7578,0.0,0.0,0.0
2024-07-02 12:30:00-04:00,47.08000183105469,47.09239959716797,47.06010055541992,47.09239959716797,1872,0.0,0.0,0.0
2024-07-02 13:30:00-04:00,47.09000015258789,47.189998626708984,47.040000915527344,47.189998626708984,1533,0.0,0.0,0.0
2024-07-02 14:30:00-04:00,47.197898864746094,47.224998474121094,47.189998626708984,47.224998474121094,1914,0.0,0.0,0.0
2024-07-02 15:30:00-04:00,47.25,47.27000045776367,47.2223014831543,47.2400016784668,9692,0.0,0.0,0.0
2024-07-03 09:30:00-04:00,47.33000183105469,47.459999084472656,47.269901275634766,47.459999084472656,0,0.0,0.0,0.0
2024-07-03 10:30:00-04:00,47.44990158081055,47.44990158081055,47.22999954223633,47.22999954223633,22309,0.0,0.0,0.0
2024-07-03 11:30:00-04:00,47.22999954223633,47.2599983215332,47.20009994506836,47.220001220703125,33340,0.0,0.0,0.0
2024-07-03 12:30:00-04:00,47.22999954223633,47.22999954223633,47.20000076293945,47.20000076293945,10430,0.0,0.0,0.0
2024-07-05 09:30:00-04:00,47.189998626708984,47.189998626708984,46.97999954223633,47.0099983215332,3292,0.0,0.0,0.0
2024-07-05 10:30:00-04:00,46.93000030517578,47.040000915527344,46.93000030517578,47.0,8950,0.0,0.0,0.0
2024-07-05 11:30:00-04:00,46.97999954223633,46.9900016784668,46.94499969482422,46.970001220703125,2832,0.0,0.0,0.0
2024-07-05 12:30:00-04:00,46.95000076293945,46.97779846191406,46.93000030517578,46.970001220703125,3272,0.0,0.0,0.0
2024-07-05 13:30:00-04:00,46.97010040283203,47.060001373291016,46.97010040283203,47.04999923706055,2013,0.0,0.0,0.0
2024-07-05 14:30:00-04:00,47.060001373291016,47.070098876953125,47.060001373291016,47.070098876953125,1568,0.0,0.0,0.0
2024-07-05 15:30:00-04:00,47.119998931884766,47.220001220703125,47.119998931884766,47.13999938964844,11189,0.0,0.0,0.0
2024-07-08 09:30:00-04:00,47.27000045776367,47.5099983215332,47.27000045776367,47.43920135498047,0,0.0,0.0,0.0
2024-07-08 10:30:00-04:00,47.45940017700195,47.47999954223633,47.41999816894531,47.439998626708984,7679,0.0,0.0,0.0
2024-07-08 11:30:00-04:00,47.43000030517578,47.43000030517578,47.29999923706055,47.29999923706055,18114,0.0,0.0,0.0
2024-07-08 12:30:00-04:00,47.36000061035156,47.439998626708984,47.36000061035156,47.439998626708984,2055,0.0,0.0,0.0
2024-07-08 13:30:00-04:00,47.470001220703125,47.470001220703125,47.38999938964844,47.38999938964844,1862,0.0,0.0,0.0
2024-07-08 14:30:00-04:00,47.400001525878906,47.40999984741211,47.36000061035156,47.400699615478516,2573,0.0,0.0,0.0
2024-07-08 15:30:00-04:00,47.40999984741211,47.40999984741211,47.349998474121094,47.349998474121094,0,0.0,0.0,0.0
2024-07-09 09:30:00-04:00,47.369998931884766,47.400001525878906,47.27009963989258,47.27009963989258,2091,0.0,0.0,0.0
2024-07-09 10:30:00-04:00,47.33000183105469,47.380001068115234,47.310001373291016,47.33000183105469,5346,0.0,0.0,0.0
2024-07-09 11:30:00-04:00,47.33000183105469,47.400001525878906,47.33000183105469,47.400001525878906,4576,0.0,0.0,0.0
2024-07-09 12:30:00-04:00,47.573001861572266,47.573001861572266,47.5,47.5,961,0.0,0.0,0.0
2024-07-09 13:30:00-04:00,47.3932991027832,47.3932991027832,47.3932991027832,47.3932991027832,311,0.0,0.0,0.0
2024-07-09 14:30:00-04:00,47.36000061035156,47.380001068115234,47.282901763916016,47.282901763916016,4907,0.0,0.0,0.0
2024-07-09 15:30:00-04:00,47.290000915527344,47.335201263427734,47.209999084472656,47.209999084472656,12755,0.0,0.0,0.0
2024-07-10 09:30:00-04:00,47.380001068115234,47.380001068115234,47.2599983215332,47.26499938964844,0,0.0,0.0,0.0
2024-07-10 10:30:00-04:00,47.27000045776367,47.33000183105469,47.27000045776367,47.31999969482422,4103,0.0,0.0,0.0
2024-07-10 11:30:00-04:00,47.33000183105469,47.38359832763672,47.290000915527344,47.38359832763672,10259,0.0,0.0,0.0
2024-07-10 12:30:00-04:00,47.40530014038086,47.47999954223633,47.40530014038086,47.47999954223633,1031,0.0,0.0,0.0
2024-07-10 13:30:00-04:00,47.453399658203125,47.48640060424805,47.430301666259766,47.43040084838867,5385,0.0,0.0,0.0
2024-07-10 14:30:00-04:00,47.45989990234375,47.528499603271484,47.45989990234375,47.528499603271484,2108,0.0,0.0,0.0
2024-07-10 15:30:00-04:00,47.510799407958984,47.619998931884766,47.5099983215332,47.56999969482422,8070,0.0,0.0,0.0
2024-07-11 09:30:00-04:00,47.959999084472656,48.45000076293945,47.88999938964844,48.380001068115234,52483,0.0,0.0,0.0
2024-07-11 10:30:00-04:00,48.38999938964844,48.45000076293945,48.36000061035156,48.43000030517578,3428,0.0,0.0,0.0
2024-07-11 11:30:00-04:00,48.459999084472656,48.46500015258789,48.220001220703125,48.2400016784668,7619,0.0,0.0,0.0
2024-07-11 12:30:00-04:00,48.31999969482422,48.31999969482422,48.18000030517578,48.25,7898,0.0,0.0,0.0
2024-07-11 13:30:00-04:00,48.27000045776367,48.290000915527344,48.22999954223633,48.290000915527344,5983,0.0,0.0,0.0
2024-07-11 14:30:00-04:00,48.279998779296875,48.33000183105469,48.2599983215332,48.29999923706055,7378,0.0,0.0,0.0
2024-07-11 15:30:00-04:00,48.30009841918945,48.43000030517578,48.30009841918945,48.41999816894531,9857,0.0,0.0,0.0
2024-07-12 09:30:00-04:00,48.7400016784668,49.02000045776367,48.7400016784668,49.0099983215332,11580,0.0,0.0,0.0
2024-07-12 10:30:00-04:00,49.029998779296875,49.15999984741211,49.02000045776367,49.150001525878906,2263,0.0,0.0,0.0
2024-07-12 11:30:00-04:00,49.16999816894531,49.22999954223633,49.152000427246094,49.152000427246094,3501,0.0,0.0,0.0
2024-07-12 12:30:00-04:00,49.16999816894531,49.33000183105469,49.150001525878906,49.33000183105469,2181,0.0,0.0,0.0
2024-07-12 13:30:00-04:00,49.33000183105469,49.435001373291016,49.33000183105469,49.375,8061,0.0,0.0,0.0
2024-07-12 14:30:00-04:00,49.31990051269531,49.37900161743164,49.31990051269531,49.37900161743164,2495,0.0,0.0,0.0
2024-07-12 15:30:00-04:00,49.380001068115234,49.380001068115234,49.130001068115234,49.130001068115234,4954,0.0,0.0,0.0
