Datetime,Open,High,Low,Close,Volume,Dividends,Stock Splits
2022-07-14 09:30:00-04:00,53.029998779296875,53.314998626708984,52.68000030517578,52.942501068115234,18468,0.0,0.0
2022-07-14 10:30:00-04:00,53.040000915527344,53.290000915527344,53.0,53.150001525878906,8380,0.0,0.0
2022-07-14 11:30:00-04:00,53.060001373291016,53.224998474121094,53.029998779296875,53.0900993347168,5724,0.0,0.0
2022-07-14 12:30:00-04:00,53.10070037841797,53.369998931884766,53.04999923706055,53.369998931884766,8625,0.0,0.0
2022-07-14 13:30:00-04:00,53.25,53.59000015258789,53.25,53.52000045776367,10992,0.0,0.0
2022-07-14 14:30:00-04:00,53.61000061035156,53.630001068115234,53.400001525878906,53.599998474121094,11201,0.0,0.0
2022-07-14 15:30:00-04:00,53.58000183105469,53.7599983215332,53.40999984741211,53.61000061035156,15292,0.0,0.0
2022-07-15 09:30:00-04:00,54.2400016784668,54.2400016784668,53.474998474121094,53.97999954223633,19798,0.0,0.0
2022-07-15 10:30:00-04:00,54.060001373291016,54.119998931884766,53.709999084472656,53.90999984741211,6839,0.0,0.0
2022-07-15 11:30:00-04:00,53.834999084472656,53.9900016784668,53.82500076293945,53.96760177612305,16346,0.0,0.0
2022-07-15 12:30:00-04:00,53.970001220703125,54.040000915527344,53.869998931884766,54.01940155029297,7159,0.0,0.0
2022-07-15 13:30:00-04:00,53.88999938964844,53.95000076293945,53.790000915527344,53.95000076293945,3475,0.0,0.0
2022-07-15 14:30:00-04:00,53.970001220703125,54.15999984741211,53.849998474121094,54.11000061035156,8738,0.0,0.0
2022-07-15 15:30:00-04:00,54.10499954223633,54.150001525878906,53.79999923706055,54.02000045776367,38059,0.0,0.0
2022-07-18 09:30:00-04:00,54.20000076293945,54.62919998168945,53.9900016784668,54.62919998168945,14516,0.0,0.0
2022-07-18 10:30:00-04:00,54.529998779296875,54.58000183105469,54.31999969482422,54.540000915527344,8333,0.0,0.0
2022-07-18 11:30:00-04:00,54.525001525878906,54.599998474121094,54.36000061035156,54.459999084472656,4175,0.0,0.0
2022-07-18 12:30:00-04:00,54.439998626708984,54.446998596191406,54.29999923706055,54.380001068115234,4012,0.0,0.0
2022-07-18 13:30:00-04:00,54.33000183105469,54.36000061035156,54.189998626708984,54.189998626708984,4781,0.0,0.0
2022-07-18 14:30:00-04:00,54.209999084472656,54.29999923706055,54.13999938964844,54.13999938964844,5839,0.0,0.0
2022-07-18 15:30:00-04:00,54.13999938964844,54.16999816894531,53.90999984741211,54.11000061035156,15798,0.0,0.0
2022-07-19 09:30:00-04:00,54.58000183105469,55.349998474121094,54.17499923706055,55.349998474121094,32421,0.0,0.0
2022-07-19 10:30:00-04:00,55.150001525878906,55.25,54.9900016784668,55.16999816894531,9154,0.0,0.0
2022-07-19 11:30:00-04:00,55.18000030517578,55.18000030517578,54.923301696777344,55.095001220703125,7037,0.0,0.0
2022-07-19 12:30:00-04:00,55.119998931884766,55.13999938964844,54.970001220703125,55.01599884033203,4006,0.0,0.0
2022-07-19 13:30:00-04:00,54.9922981262207,55.11000061035156,54.97100067138672,55.0099983215332,7220,0.0,0.0
2022-07-19 14:30:00-04:00,55.060001373291016,55.11000061035156,54.9900016784668,55.07500076293945,7808,0.0,0.0
2022-07-19 15:30:00-04:00,55.099998474121094,55.099998474121094,54.90999984741211,54.91999816894531,17020,0.0,0.0
2022-07-20 09:30:00-04:00,54.810001373291016,55.08000183105469,54.58000183105469,55.08000183105469,6050,0.0,0.0
2022-07-20 10:30:00-04:00,55.189998626708984,55.290000915527344,55.060001373291016,55.060001373291016,5550,0.0,0.0
2022-07-20 11:30:00-04:00,55.130001068115234,55.310001373291016,55.099998474121094,55.099998474121094,3370,0.0,0.0
2022-07-20 12:30:00-04:00,55.040000915527344,55.06999969482422,54.88999938964844,54.88999938964844,5221,0.0,0.0
2022-07-20 13:30:00-04:00,54.95000076293945,54.970001220703125,54.77000045776367,54.939998626708984,3412,0.0,0.0
2022-07-20 14:30:00-04:00,54.97999954223633,55.0,54.849998474121094,55.0,8236,0.0,0.0
2022-07-20 15:30:00-04:00,54.88999938964844,54.95000076293945,54.689998626708984,54.7400016784668,13509,0.0,0.0
2022-07-21 09:30:00-04:00,54.66999816894531,54.80419921875,54.13999938964844,54.560001373291016,25424,0.0,0.0
2022-07-21 10:30:00-04:00,54.79999923706055,54.90999984741211,54.54999923706055,54.564998626708984,6560,0.0,0.0
2022-07-21 11:30:00-04:00,54.560001373291016,54.970001220703125,54.560001373291016,54.779998779296875,3959,0.0,0.0
2022-07-21 12:30:00-04:00,54.73210144042969,54.81999969482422,54.599998474121094,54.599998474121094,2816,0.0,0.0
2022-07-21 13:30:00-04:00,54.59000015258789,54.88999938964844,54.54999923706055,54.88999938964844,8095,0.0,0.0
2022-07-21 14:30:00-04:00,54.88999938964844,54.88999938964844,54.54999923706055,54.810001373291016,7318,0.0,0.0
2022-07-21 15:30:00-04:00,54.7599983215332,55.040000915527344,54.68000030517578,55.040000915527344,40266,0.0,0.0
2022-07-22 09:30:00-04:00,55.15999984741211,55.56999969482422,54.79999923706055,55.084999084472656,11334,0.0,0.0
2022-07-22 10:30:00-04:00,55.06999969482422,55.560001373291016,54.93000030517578,55.560001373291016,12094,0.0,0.0
2022-07-22 11:30:00-04:00,55.54999923706055,55.54999923706055,55.279998779296875,55.349998474121094,7145,0.0,0.0
2022-07-22 12:30:00-04:00,55.375,55.375,55.099998474121094,55.15999984741211,5172,0.0,0.0
2022-07-22 13:30:00-04:00,55.09000015258789,55.185001373291016,54.88999938964844,55.15999984741211,5802,0.0,0.0
2022-07-22 14:30:00-04:00,55.16999816894531,55.2400016784668,55.060001373291016,55.060001373291016,6592,0.0,0.0
2022-07-22 15:30:00-04:00,55.10499954223633,55.33000183105469,55.040000915527344,55.33000183105469,13265,0.0,0.0
2022-07-25 09:30:00-04:00,55.34000015258789,55.810001373291016,55.279998779296875,55.52000045776367,19257,0.0,0.0
2022-07-25 10:30:00-04:00,55.65999984741211,55.869998931884766,55.65999984741211,55.77000045776367,6650,0.0,0.0
2022-07-25 11:30:00-04:00,55.869998931884766,55.869998931884766,55.685001373291016,55.720001220703125,8438,0.0,0.0
2022-07-25 12:30:00-04:00,55.68000030517578,55.7400016784668,55.599998474121094,55.64500045776367,4472,0.0,0.0
2022-07-25 13:30:00-04:00,55.61000061035156,55.630001068115234,55.47999954223633,55.5099983215332,6761,0.0,0.0
2022-07-25 14:30:00-04:00,55.47010040283203,55.56999969482422,55.290000915527344,55.34000015258789,14104,0.0,0.0
2022-07-25 15:30:00-04:00,55.41999816894531,55.63999938964844,55.35499954223633,55.540000915527344,17244,0.0,0.0
2022-07-26 09:30:00-04:00,55.65999984741211,55.970001220703125,55.59000015258789,55.88999938964844,16630,0.0,0.0
2022-07-26 10:30:00-04:00,55.779998779296875,55.79999923706055,55.630001068115234,55.77000045776367,9389,0.0,0.0
2022-07-26 11:30:00-04:00,55.760398864746094,55.86000061035156,55.66999816894531,55.86000061035156,4628,0.0,0.0
2022-07-26 12:30:00-04:00,55.849998474121094,56.1150016784668,55.83000183105469,56.1150016784668,14401,0.0,0.0
2022-07-26 13:30:00-04:00,56.154998779296875,56.220001220703125,55.9900016784668,56.08000183105469,10429,0.0,0.0
2022-07-26 14:30:00-04:00,56.11000061035156,56.130001068115234,55.959999084472656,56.03499984741211,8062,0.0,0.0
2022-07-26 15:30:00-04:00,56.060001373291016,56.189998626708984,55.81999969482422,56.189998626708984,19910,0.0,0.0
2022-07-27 09:30:00-04:00,56.31999969482422,56.66999816894531,55.75,55.84000015258789,6596,0.0,0.0
2022-07-27 10:30:00-04:00,55.849998474121094,56.09000015258789,55.56999969482422,55.95000076293945,6748,0.0,0.0
2022-07-27 11:30:00-04:00,56.0,56.0,55.775001525878906,55.79499816894531,5689,0.0,0.0
2022-07-27 12:30:00-04:00,55.79499816894531,55.88999938964844,55.7400016784668,55.83000183105469,3359,0.0,0.0
2022-07-27 13:30:00-04:00,55.869998931884766,56.1150016784668,55.86000061035156,55.8650016784668,6085,0.0,0.0
2022-07-27 14:30:00-04:00,55.7400016784668,56.34000015258789,55.7400016784668,56.31999969482422,12476,0.0,0.0
2022-07-27 15:30:00-04:00,56.29999923706055,56.380001068115234,55.97999954223633,55.99399948120117,14438,0.0,0.0
2022-07-28 09:30:00-04:00,56.04999923706055,56.16999816894531,55.7400016784668,55.79999923706055,5352,0.0,0.0
2022-07-28 10:30:00-04:00,55.93000030517578,56.08000183105469,55.86000061035156,56.060001373291016,5362,0.0,0.0
2022-07-28 11:30:00-04:00,56.060001373291016,56.369998931884766,56.02000045776367,56.27000045776367,12149,0.0,0.0
2022-07-28 12:30:00-04:00,56.2599983215332,56.2599983215332,56.13999938964844,56.220001220703125,5462,0.0,0.0
2022-07-28 13:30:00-04:00,56.2400016784668,56.27000045776367,56.13999938964844,56.15999984741211,7682,0.0,0.0
2022-07-28 14:30:00-04:00,56.099998474121094,56.189998626708984,56.02000045776367,56.119998931884766,5864,0.0,0.0
2022-07-28 15:30:00-04:00,56.150001525878906,56.2400016784668,56.029998779296875,56.040000915527344,20352,0.0,0.0
2022-07-29 09:30:00-04:00,56.040000915527344,56.11000061035156,55.560001373291016,56.08000183105469,9781,0.0,0.0
2022-07-29 10:30:00-04:00,56.08000183105469,56.08000183105469,55.869998931884766,56.025001525878906,6002,0.0,0.0
2022-07-29 11:30:00-04:00,56.040000915527344,56.06999969482422,55.91999816894531,56.026100158691406,3861,0.0,0.0
2022-07-29 12:30:00-04:00,55.895198822021484,55.895198822021484,55.77000045776367,55.77000045776367,3839,0.0,0.0
2022-07-29 13:30:00-04:00,55.86000061035156,55.90999984741211,55.76029968261719,55.76499938964844,4731,0.0,0.0
2022-07-29 14:30:00-04:00,55.70009994506836,55.95000076293945,55.70009994506836,55.79999923706055,6415,0.0,0.0
2022-07-29 15:30:00-04:00,55.79999923706055,55.97999954223633,55.77000045776367,55.90999984741211,22350,0.0,0.0
2022-08-01 09:30:00-04:00,55.869998931884766,56.119998931884766,55.72999954223633,55.95000076293945,27071,0.0,0.0
2022-08-01 10:30:00-04:00,55.970001220703125,56.16999816894531,55.91999816894531,56.02000045776367,13083,0.0,0.0
2022-08-01 11:30:00-04:00,56.11000061035156,56.38669967651367,56.08000183105469,56.38669967651367,9402,0.0,0.0
2022-08-01 12:30:00-04:00,56.394798278808594,56.56999969482422,56.130001068115234,56.249900817871094,19576,0.0,0.0
2022-08-01 13:30:00-04:00,56.13999938964844,56.20000076293945,55.95000076293945,56.15999984741211,13291,0.0,0.0
2022-08-01 14:30:00-04:00,56.290000915527344,56.45000076293945,56.13999938964844,56.435001373291016,17274,0.0,0.0
2022-08-01 15:30:00-04:00,56.38999938964844,56.38999938964844,56.150001525878906,56.18000030517578,26244,0.0,0.0
2022-08-02 09:30:00-04:00,56.33000183105469,56.33000183105469,56.029998779296875,56.220001220703125,17662,0.0,0.0
2022-08-02 10:30:00-04:00,56.224998474121094,56.25,56.060001373291016,56.158599853515625,6933,0.0,0.0
2022-08-02 11:30:00-04:00,56.15999984741211,56.22999954223633,56.09000015258789,56.14500045776367,3415,0.0,0.0
2022-08-02 12:30:00-04:00,56.20000076293945,56.20000076293945,56.04999923706055,56.099998474121094,5872,0.0,0.0
2022-08-02 13:30:00-04:00,56.04999923706055,56.08000183105469,55.81999969482422,56.0099983215332,13330,0.0,0.0
2022-08-02 14:30:00-04:00,55.97999954223633,56.08000183105469,55.31999969482422,55.3849983215332,25257,0.0,0.0
2022-08-02 15:30:00-04:00,55.33000183105469,55.33000183105469,55.0099983215332,55.09000015258789,52879,0.0,0.0
2022-08-03 09:30:00-04:00,55.060001373291016,55.48270034790039,54.77000045776367,55.20000076293945,20005,0.0,0.0
2022-08-03 10:30:00-04:00,55.4364013671875,55.4364013671875,54.93000030517578,54.93000030517578,8841,0.0,0.0
2022-08-03 11:30:00-04:00,55.03499984741211,55.03499984741211,54.810001373291016,54.810001373291016,6300,0.0,0.0
2022-08-03 12:30:00-04:00,54.900001525878906,54.970001220703125,54.65999984741211,54.900001525878906,19275,0.0,0.0
2022-08-03 13:30:00-04:00,54.83000183105469,54.84000015258789,54.40999984741211,54.40999984741211,13664,0.0,0.0
2022-08-03 14:30:00-04:00,54.404998779296875,54.54999923706055,54.310001373291016,54.34000015258789,21913,0.0,0.0
2022-08-03 15:30:00-04:00,54.35499954223633,54.61000061035156,54.13999938964844,54.13999938964844,43647,0.0,0.0
2022-08-04 09:30:00-04:00,54.13999938964844,54.209999084472656,50.7599983215332,52.279998779296875,83667,0.0,0.0
2022-08-04 10:30:00-04:00,52.362098693847656,52.362098693847656,51.0,51.5099983215332,33522,0.0,0.0
2022-08-04 11:30:00-04:00,51.45000076293945,51.7599983215332,51.029998779296875,51.220001220703125,24427,0.0,0.0
2022-08-04 12:30:00-04:00,51.13999938964844,51.720001220703125,51.13999938964844,51.36000061035156,20494,0.0,0.0
2022-08-04 13:30:00-04:00,51.36000061035156,52.119998931884766,51.30500030517578,52.119998931884766,17840,0.0,0.0
2022-08-04 14:30:00-04:00,52.09000015258789,52.650001525878906,51.880001068115234,52.33599853515625,24896,0.0,0.0
2022-08-04 15:30:00-04:00,52.279998779296875,52.310001373291016,51.66999816894531,51.720001220703125,48729,0.0,0.0
2022-08-05 09:30:00-04:00,51.47999954223633,52.5,51.25,52.49250030517578,30926,0.0,0.0
2022-08-05 10:30:00-04:00,52.48500061035156,52.70000076293945,52.15999984741211,52.51499938964844,28621,0.0,0.0
2022-08-05 11:30:00-04:00,52.39360046386719,52.39360046386719,51.939998626708984,52.029998779296875,23219,0.0,0.0
2022-08-05 12:30:00-04:00,51.970001220703125,52.560001373291016,51.90999984741211,52.22999954223633,16954,0.0,0.0
2022-08-05 13:30:00-04:00,52.189998626708984,52.59000015258789,52.189998626708984,52.2400016784668,21230,0.0,0.0
2022-08-05 14:30:00-04:00,52.2599983215332,52.40999984741211,52.209999084472656,52.33000183105469,22169,0.0,0.0
2022-08-05 15:30:00-04:00,52.310001373291016,52.369998931884766,51.959999084472656,52.06999969482422,40210,0.0,0.0
2022-08-08 09:30:00-04:00,52.189998626708984,52.38999938964844,51.88999938964844,52.310001373291016,18349,0.0,0.0
2022-08-08 10:30:00-04:00,52.36000061035156,52.43000030517578,52.08000183105469,52.209999084472656,13028,0.0,0.0
2022-08-08 11:30:00-04:00,52.16999816894531,52.310001373291016,51.939998626708984,51.939998626708984,16603,0.0,0.0
2022-08-08 12:30:00-04:00,51.974998474121094,52.0099983215332,51.7599983215332,51.91999816894531,16056,0.0,0.0
2022-08-08 13:30:00-04:00,51.880001068115234,52.025001525878906,51.529998779296875,51.54999923706055,11950,0.0,0.0
2022-08-08 14:30:00-04:00,51.54999923706055,51.70000076293945,51.4900016784668,51.625,19114,0.0,0.0
2022-08-08 15:30:00-04:00,51.58000183105469,51.90999984741211,51.56999969482422,51.83000183105469,35400,0.0,0.0
2022-08-09 09:30:00-04:00,51.790000915527344,51.80500030517578,51.27220153808594,51.400001525878906,14369,0.0,0.0
2022-08-09 10:30:00-04:00,51.349998474121094,51.560001373291016,51.33000183105469,51.55910110473633,4255,0.0,0.0
2022-08-09 11:30:00-04:00,51.4900016784668,51.674800872802734,51.4900016784668,51.560001373291016,9835,0.0,0.0
2022-08-09 12:30:00-04:00,51.61750030517578,51.61750030517578,51.5,51.5,11830,0.0,0.0
2022-08-09 13:30:00-04:00,51.4900016784668,51.58000183105469,51.400001525878906,51.4900016784668,10045,0.0,0.0
2022-08-09 14:30:00-04:00,51.45000076293945,51.61880111694336,51.2599983215332,51.31999969482422,14663,0.0,0.0
2022-08-09 15:30:00-04:00,51.279998779296875,51.380001068115234,51.16999816894531,51.34000015258789,25166,0.0,0.0
2022-08-10 09:30:00-04:00,51.689998626708984,51.900001525878906,51.3650016784668,51.709999084472656,9949,0.0,0.0
2022-08-10 10:30:00-04:00,51.72999954223633,51.869998931884766,51.689998626708984,51.790000915527344,5876,0.0,0.0
2022-08-10 11:30:00-04:00,51.847599029541016,51.847599029541016,51.400001525878906,51.43000030517578,12856,0.0,0.0
2022-08-10 12:30:00-04:00,51.45500183105469,51.58000183105469,51.369998931884766,51.459999084472656,5264,0.0,0.0
2022-08-10 13:30:00-04:00,51.5099983215332,51.73040008544922,51.5099983215332,51.65999984741211,8862,0.0,0.0
2022-08-10 14:30:00-04:00,51.709800720214844,51.83000183105469,51.630001068115234,51.630001068115234,9133,0.0,0.0
2022-08-10 15:30:00-04:00,51.630001068115234,51.70000076293945,51.439998626708984,51.52000045776367,35397,0.0,0.0
2022-08-11 09:30:00-04:00,51.970001220703125,52.54999923706055,51.689998626708984,52.380001068115234,16221,0.0,0.0
2022-08-11 10:30:00-04:00,52.470001220703125,52.66999816894531,52.44499969482422,52.595001220703125,21965,0.0,0.0
2022-08-11 11:30:00-04:00,52.561100006103516,52.56999969482422,52.3849983215332,52.3849983215332,13744,0.0,0.0
2022-08-11 12:30:00-04:00,52.349998474121094,52.470001220703125,52.349998474121094,52.38010025024414,10238,0.0,0.0
2022-08-11 13:30:00-04:00,52.40999984741211,52.56999969482422,52.38999938964844,52.54499816894531,23573,0.0,0.0
2022-08-11 14:30:00-04:00,52.54499816894531,52.560001373291016,52.349998474121094,52.470001220703125,8888,0.0,0.0
2022-08-11 15:30:00-04:00,52.560001373291016,52.560001373291016,52.459999084472656,52.52000045776367,22057,0.0,0.0
2022-08-12 09:30:00-04:00,52.540000915527344,52.540000915527344,52.2599983215332,52.5,10271,0.0,0.0
2022-08-12 10:30:00-04:00,52.439998626708984,52.689998626708984,52.41999816894531,52.63999938964844,20561,0.0,0.0
2022-08-12 11:30:00-04:00,52.61629867553711,52.83000183105469,52.58000183105469,52.65999984741211,27660,0.0,0.0
2022-08-12 12:30:00-04:00,52.66999816894531,52.7781982421875,52.57149887084961,52.66999816894531,5114,0.0,0.0
2022-08-12 13:30:00-04:00,52.65999984741211,52.720001220703125,52.5797004699707,52.720001220703125,3861,0.0,0.0
2022-08-12 14:30:00-04:00,52.720001220703125,52.9989013671875,52.630001068115234,52.9989013671875,19408,0.0,0.0
2022-08-12 15:30:00-04:00,52.939998626708984,53.220001220703125,52.880001068115234,53.15999984741211,29577,0.0,0.0
2022-08-15 09:30:00-04:00,52.86000061035156,53.43069839477539,52.849998474121094,53.25,13117,0.0,0.0
2022-08-15 10:30:00-04:00,53.255001068115234,53.349998474121094,53.185001373291016,53.2599983215332,6011,0.0,0.0
2022-08-15 11:30:00-04:00,53.310001373291016,53.5099983215332,53.29999923706055,53.5,11789,0.0,0.0
2022-08-15 12:30:00-04:00,53.4900016784668,53.5,53.29999923706055,53.29999923706055,4367,0.0,0.0
2022-08-15 13:30:00-04:00,53.279998779296875,53.36000061035156,53.150001525878906,53.22999954223633,6266,0.0,0.0
2022-08-15 14:30:00-04:00,53.2400016784668,53.28499984741211,53.150001525878906,53.15999984741211,6191,0.0,0.0
2022-08-15 15:30:00-04:00,53.170101165771484,53.29999923706055,53.11000061035156,53.15999984741211,23819,0.0,0.0
2022-08-16 09:30:00-04:00,52.95000076293945,53.35499954223633,52.95000076293945,53.29499816894531,13969,0.0,0.0
2022-08-16 10:30:00-04:00,53.2599983215332,53.36949920654297,53.189998626708984,53.255001068115234,7881,0.0,0.0
2022-08-16 11:30:00-04:00,53.189998626708984,53.310001373291016,53.11000061035156,53.20000076293945,7729,0.0,0.0
2022-08-16 12:30:00-04:00,53.099998474121094,53.16999816894531,52.9900016784668,53.03499984741211,8023,0.0,0.0
2022-08-16 13:30:00-04:00,53.0,53.06999969482422,52.90999984741211,52.939998626708984,11584,0.0,0.0
2022-08-16 14:30:00-04:00,53.0099983215332,53.16999816894531,52.90999984741211,53.15999984741211,12300,0.0,0.0
2022-08-16 15:30:00-04:00,53.15999984741211,53.380001068115234,53.11000061035156,53.33000183105469,24629,0.0,0.0
2022-08-17 09:30:00-04:00,53.290000915527344,53.290000915527344,52.83000183105469,52.83000183105469,19855,0.0,0.0
2022-08-17 10:30:00-04:00,53.02000045776367,53.239898681640625,52.900001525878906,52.900001525878906,6825,0.0,0.0
2022-08-17 11:30:00-04:00,52.810001373291016,52.810001373291016,52.540000915527344,52.779998779296875,9274,0.0,0.0
2022-08-17 12:30:00-04:00,52.91999816894531,53.1349983215332,52.88999938964844,53.040000915527344,8465,0.0,0.0
2022-08-17 13:30:00-04:00,53.13999938964844,53.25,52.9900016784668,53.13999938964844,4494,0.0,0.0
2022-08-17 14:30:00-04:00,53.09000015258789,53.1703987121582,52.9900016784668,53.064998626708984,7464,0.0,0.0
2022-08-17 15:30:00-04:00,53.084999084472656,53.119998931884766,52.959999084472656,52.9900016784668,11413,0.0,0.0
2022-08-18 09:30:00-04:00,53.16999816894531,53.470001220703125,53.09000015258789,53.189998626708984,10022,0.0,0.0
2022-08-18 10:30:00-04:00,53.189998626708984,53.25,53.10749816894531,53.18000030517578,10225,0.0,0.0
2022-08-18 11:30:00-04:00,53.14500045776367,53.14500045776367,52.95000076293945,52.95000076293945,11288,0.0,0.0
2022-08-18 12:30:00-04:00,52.89500045776367,52.946800231933594,52.81999969482422,52.88460159301758,5256,0.0,0.0
2022-08-18 13:30:00-04:00,52.900001525878906,53.0099983215332,52.880001068115234,53.005001068115234,4790,0.0,0.0
2022-08-18 14:30:00-04:00,53.005001068115234,53.1150016784668,52.91999816894531,53.0099983215332,14519,0.0,0.0
2022-08-18 15:30:00-04:00,53.040000915527344,53.040000915527344,52.84000015258789,52.869998931884766,23089,0.0,0.0
2022-08-19 09:30:00-04:00,52.95000076293945,53.130001068115234,52.540000915527344,52.65999984741211,19849,0.0,0.0
2022-08-19 10:30:00-04:00,52.595001220703125,52.63999938964844,52.41999816894531,52.4900016784668,6129,0.0,0.0
2022-08-19 11:30:00-04:00,52.470001220703125,52.55699920654297,52.470001220703125,52.522701263427734,4276,0.0,0.0
2022-08-19 12:30:00-04:00,52.56999969482422,52.81999969482422,52.56999969482422,52.79999923706055,5342,0.0,0.0
2022-08-19 13:30:00-04:00,52.790000915527344,52.81999969482422,52.61000061035156,52.81999969482422,8930,0.0,0.0
2022-08-19 14:30:00-04:00,52.900001525878906,52.900001525878906,52.77000045776367,52.77000045776367,6507,0.0,0.0
2022-08-19 15:30:00-04:00,52.75,52.810001373291016,52.619998931884766,52.7599983215332,18801,0.0,0.0
2022-08-22 09:30:00-04:00,52.63999938964844,52.869998931884766,52.5099983215332,52.75,16168,0.0,0.0
2022-08-22 10:30:00-04:00,52.77000045776367,52.83000183105469,52.65999984741211,52.83000183105469,4319,0.0,0.0
2022-08-22 11:30:00-04:00,52.83000183105469,53.04999923706055,52.66999816894531,53.029998779296875,17549,0.0,0.0
2022-08-22 12:30:00-04:00,53.130001068115234,53.130001068115234,52.82500076293945,52.82500076293945,10035,0.0,0.0
2022-08-22 13:30:00-04:00,52.77000045776367,52.880001068115234,52.720001220703125,52.79999923706055,10156,0.0,0.0
2022-08-22 14:30:00-04:00,52.79499816894531,52.959999084472656,52.72999954223633,52.72999954223633,7284,0.0,0.0
2022-08-22 15:30:00-04:00,52.783199310302734,52.81999969482422,52.63999938964844,52.70000076293945,20441,0.0,0.0
2022-08-23 09:30:00-04:00,52.959999084472656,53.09000015258789,52.2599983215332,52.38999938964844,29228,0.0,0.0
2022-08-23 10:30:00-04:00,52.439998626708984,52.773101806640625,52.34000015258789,52.4900016784668,6319,0.0,0.0
2022-08-23 11:30:00-04:00,52.310001373291016,52.54999923706055,52.2599983215332,52.339500427246094,7378,0.0,0.0
2022-08-23 12:30:00-04:00,52.439998626708984,52.5,52.36000061035156,52.439998626708984,6093,0.0,0.0
2022-08-23 13:30:00-04:00,52.439998626708984,52.4900016784668,52.220401763916016,52.36000061035156,6924,0.0,0.0
2022-08-23 14:30:00-04:00,52.415000915527344,52.470001220703125,52.22999954223633,52.470001220703125,4400,0.0,0.0
2022-08-23 15:30:00-04:00,52.459999084472656,52.4900016784668,52.13999938964844,52.18000030517578,24072,0.0,0.0
2022-08-24 09:30:00-04:00,52.119998931884766,52.329898834228516,51.89500045776367,52.22129821777344,9709,0.0,0.0
2022-08-24 10:30:00-04:00,52.150001525878906,52.209999084472656,52.06999969482422,52.209999084472656,6403,0.0,0.0
2022-08-24 11:30:00-04:00,52.219600677490234,52.219600677490234,52.12739944458008,52.12739944458008,4487,0.0,0.0
2022-08-24 12:30:00-04:00,52.119998931884766,52.119998931884766,52.0,52.119998931884766,6636,0.0,0.0
2022-08-24 13:30:00-04:00,52.076698303222656,52.119998931884766,52.04999923706055,52.09000015258789,3467,0.0,0.0
2022-08-24 14:30:00-04:00,52.09000015258789,52.099998474121094,51.83000183105469,51.97999954223633,13195,0.0,0.0
2022-08-24 15:30:00-04:00,51.91999816894531,51.959999084472656,51.70000076293945,51.7599983215332,17243,0.0,0.0
2022-08-25 09:30:00-04:00,51.619998931884766,52.27000045776367,51.619998931884766,52.2599983215332,14499,0.0,0.0
2022-08-25 10:30:00-04:00,52.290000915527344,52.3849983215332,52.15999984741211,52.15999984741211,9924,0.0,0.0
2022-08-25 11:30:00-04:00,52.15999984741211,52.189998626708984,52.05500030517578,52.10219955444336,3908,0.0,0.0
2022-08-25 12:30:00-04:00,52.0619010925293,52.22999954223633,52.0619010925293,52.20500183105469,5512,0.0,0.0
2022-08-25 13:30:00-04:00,52.18000030517578,52.415000915527344,52.18000030517578,52.290000915527344,7028,0.0,0.0
2022-08-25 14:30:00-04:00,52.29999923706055,52.58000183105469,52.22999954223633,52.53499984741211,25479,0.0,0.0
2022-08-25 15:30:00-04:00,52.54999923706055,52.68000030517578,52.54499816894531,52.619998931884766,20884,0.0,0.0
2022-08-26 09:30:00-04:00,52.529998779296875,52.650001525878906,52.29999923706055,52.41999816894531,14020,0.0,0.0
2022-08-26 10:30:00-04:00,52.40340042114258,52.459999084472656,52.2599983215332,52.2599983215332,10126,0.0,0.0
2022-08-26 11:30:00-04:00,52.290000915527344,52.36000061035156,52.099998474121094,52.22999954223633,17778,0.0,0.0
2022-08-26 12:30:00-04:00,52.189998626708984,52.36000061035156,52.13999938964844,52.29999923706055,3981,0.0,0.0
2022-08-26 13:30:00-04:00,52.25,52.36000061035156,52.220001220703125,52.220001220703125,5062,0.0,0.0
2022-08-26 14:30:00-04:00,52.290000915527344,52.290000915527344,51.65999984741211,51.7400016784668,20758,0.0,0.0
2022-08-26 15:30:00-04:00,51.64500045776367,51.849998474121094,51.61000061035156,51.790000915527344,23261,0.0,0.0
2022-08-29 09:30:00-04:00,51.43000030517578,51.619998931884766,51.25,51.599998474121094,10684,0.0,0.0
2022-08-29 10:30:00-04:00,51.75,52.130001068115234,51.698001861572266,52.130001068115234,11614,0.0,0.0
2022-08-29 11:30:00-04:00,52.095001220703125,52.11000061035156,51.790000915527344,51.79499816894531,4755,0.0,0.0
2022-08-29 12:30:00-04:00,51.79499816894531,51.959999084472656,51.65999984741211,51.779998779296875,8711,0.0,0.0
2022-08-29 13:30:00-04:00,51.75,52.0,51.619998931884766,51.779998779296875,9962,0.0,0.0
2022-08-29 14:30:00-04:00,51.84000015258789,51.97999954223633,51.779998779296875,51.849998474121094,6453,0.0,0.0
2022-08-29 15:30:00-04:00,51.93000030517578,51.93000030517578,51.7400016784668,51.7599983215332,14075,0.0,0.0
2022-08-30 09:30:00-04:00,51.599998474121094,51.970001220703125,51.29999923706055,51.38999938964844,14576,0.0,0.0
2022-08-30 10:30:00-04:00,51.447200775146484,51.447200775146484,50.900001525878906,51.2400016784668,15735,0.0,0.0
2022-08-30 11:30:00-04:00,51.36000061035156,51.5525016784668,51.279998779296875,51.38999938964844,4017,0.0,0.0
2022-08-30 12:30:00-04:00,51.45000076293945,51.45000076293945,51.08000183105469,51.119998931884766,10381,0.0,0.0
2022-08-30 13:30:00-04:00,51.18000030517578,51.290000915527344,51.07059860229492,51.189998626708984,7701,0.0,0.0
2022-08-30 14:30:00-04:00,51.20500183105469,51.31999969482422,51.18000030517578,51.189998626708984,14705,0.0,0.0
2022-08-30 15:30:00-04:00,51.189998626708984,51.290000915527344,51.02000045776367,51.209999084472656,26387,0.0,0.0
2022-08-31 09:30:00-04:00,51.31999969482422,51.470001220703125,51.130001068115234,51.459999084472656,13469,0.0,0.0
2022-08-31 10:30:00-04:00,51.560001373291016,51.7599983215332,51.4900016784668,51.689998626708984,4728,0.0,0.0
2022-08-31 11:30:00-04:00,51.70830154418945,51.779998779296875,51.40999984741211,51.5,11825,0.0,0.0
2022-08-31 12:30:00-04:00,51.439998626708984,51.51499938964844,51.29999923706055,51.45759963989258,3498,0.0,0.0
2022-08-31 13:30:00-04:00,51.43000030517578,51.51499938964844,51.29999923706055,51.29999923706055,8091,0.0,0.0
2022-08-31 14:30:00-04:00,51.29999923706055,51.29999923706055,50.959999084472656,50.970001220703125,17391,0.0,0.0
2022-08-31 15:30:00-04:00,50.93000030517578,51.06999969482422,50.79999923706055,51.040000915527344,21074,0.0,0.0
2022-09-01 09:30:00-04:00,50.970001220703125,51.0,50.70000076293945,50.95000076293945,9050,0.0,0.0
2022-09-01 10:30:00-04:00,50.93000030517578,51.290000915527344,50.81999969482422,51.029998779296875,16489,0.0,0.0
2022-09-01 11:30:00-04:00,51.11000061035156,51.250099182128906,51.0,51.04999923706055,5442,0.0,0.0
2022-09-01 12:30:00-04:00,51.0,51.0,50.810001373291016,50.87369918823242,4944,0.0,0.0
2022-09-01 13:30:00-04:00,50.91999816894531,50.959999084472656,50.75,50.959999084472656,5476,0.0,0.0
2022-09-01 14:30:00-04:00,50.900001525878906,50.95500183105469,50.56999969482422,50.61000061035156,16896,0.0,0.0
2022-09-01 15:30:00-04:00,50.61000061035156,50.849998474121094,50.56999969482422,50.81999969482422,24178,0.0,0.0
2022-09-02 09:30:00-04:00,51.279998779296875,51.279998779296875,50.849998474121094,51.064998626708984,5395,0.0,0.0
2022-09-02 10:30:00-04:00,51.148799896240234,51.28499984741211,51.099998474121094,51.152198791503906,5127,0.0,0.0
2022-09-02 11:30:00-04:00,51.16999816894531,51.189998626708984,51.029998779296875,51.060001373291016,4863,0.0,0.0
2022-09-02 12:30:00-04:00,51.029998779296875,51.099998474121094,50.4900016784668,50.4900016784668,11539,0.0,0.0
2022-09-02 13:30:00-04:00,50.38999938964844,50.540000915527344,50.38999938964844,50.5099983215332,6134,0.0,0.0
2022-09-02 14:30:00-04:00,50.459999084472656,50.5099983215332,50.290000915527344,50.29999923706055,13418,0.0,0.0
2022-09-02 15:30:00-04:00,50.33000183105469,50.33000183105469,50.130001068115234,50.310001373291016,18679,0.0,0.0
2022-09-06 09:30:00-04:00,50.630001068115234,50.63999938964844,50.02000045776367,50.290000915527344,15345,0.0,0.0
2022-09-06 10:30:00-04:00,50.189998626708984,50.20000076293945,49.599998474121094,49.599998474121094,21208,0.0,0.0
2022-09-06 11:30:00-04:00,49.599998474121094,49.79999923706055,49.45000076293945,49.45000076293945,8428,0.0,0.0
2022-09-06 12:30:00-04:00,49.380001068115234,49.56999969482422,49.310001373291016,49.470001220703125,13601,0.0,0.0
2022-09-06 13:30:00-04:00,49.41999816894531,49.51210021972656,49.31999969482422,49.33869934082031,7526,0.0,0.0
2022-09-06 14:30:00-04:00,49.29999923706055,49.404998779296875,49.11000061035156,49.220001220703125,13156,0.0,0.0
2022-09-06 15:30:00-04:00,49.20000076293945,49.45000076293945,49.15999984741211,49.27000045776367,23479,0.0,0.0
2022-09-07 09:30:00-04:00,49.41999816894531,49.5099983215332,49.125,49.5099983215332,12513,0.0,0.0
2022-09-07 10:30:00-04:00,49.43009948730469,49.59000015258789,49.310001373291016,49.349998474121094,10924,0.0,0.0
2022-09-07 11:30:00-04:00,49.36000061035156,49.36000061035156,48.83000183105469,48.86989974975586,15016,0.0,0.0
2022-09-07 12:30:00-04:00,48.86000061035156,48.91999816894531,48.78499984741211,48.810001373291016,8602,0.0,0.0
2022-09-07 13:30:00-04:00,48.95000076293945,49.220001220703125,48.904998779296875,49.16999816894531,11787,0.0,0.0
2022-09-07 14:30:00-04:00,49.15489959716797,49.599998474121094,49.150001525878906,49.54999923706055,18810,0.0,0.0
2022-09-07 15:30:00-04:00,49.5099983215332,49.540000915527344,49.310001373291016,49.380001068115234,22789,0.0,0.0
2022-09-08 09:30:00-04:00,49.16999816894531,49.21500015258789,48.5,49.005001068115234,22154,0.0,0.0
2022-09-08 10:30:00-04:00,48.95000076293945,49.33000183105469,48.95000076293945,49.29999923706055,13383,0.0,0.0
2022-09-08 11:30:00-04:00,49.310001373291016,49.459999084472656,49.0099983215332,49.119998931884766,10474,0.0,0.0
2022-09-08 12:30:00-04:00,49.060001373291016,49.52000045776367,49.029998779296875,49.459999084472656,8880,0.0,0.0
2022-09-08 13:30:00-04:00,49.5,49.560001373291016,49.369998931884766,49.540000915527344,8806,0.0,0.0
2022-09-08 14:30:00-04:00,49.53499984741211,49.584999084472656,49.119998931884766,49.21500015258789,22261,0.0,0.0
2022-09-08 15:30:00-04:00,49.20000076293945,49.31999969482422,49.125,49.18000030517578,29135,0.0,0.0
2022-09-09 09:30:00-04:00,49.45000076293945,49.60150146484375,49.060001373291016,49.60150146484375,10158,0.0,0.0
2022-09-09 10:30:00-04:00,49.540000915527344,49.605201721191406,49.33000183105469,49.380001068115234,11372,0.0,0.0
2022-09-09 11:30:00-04:00,49.369998931884766,49.54499816894531,49.369998931884766,49.45000076293945,8210,0.0,0.0
2022-09-09 12:30:00-04:00,49.410499572753906,49.935001373291016,49.410499572753906,49.76570129394531,16530,0.0,0.0
2022-09-09 13:30:00-04:00,49.77000045776367,50.025001525878906,49.7599983215332,49.90999984741211,12412,0.0,0.0
2022-09-09 14:30:00-04:00,49.970001220703125,50.2400016784668,49.869998931884766,50.16999816894531,17446,0.0,0.0
2022-09-09 15:30:00-04:00,50.099998474121094,50.099998474121094,49.959999084472656,49.970001220703125,17981,0.0,0.0
2022-09-12 09:30:00-04:00,50.43000030517578,51.724998474121094,50.18000030517578,51.29999923706055,58769,0.0,0.0
2022-09-12 10:30:00-04:00,51.334999084472656,51.47999954223633,50.95000076293945,51.06999969482422,27417,0.0,0.0
2022-09-12 11:30:00-04:00,51.04999923706055,51.099998474121094,50.654998779296875,50.959999084472656,12890,0.0,0.0
2022-09-12 12:30:00-04:00,50.970001220703125,51.040000915527344,50.900001525878906,50.98500061035156,11724,0.0,0.0
2022-09-12 13:30:00-04:00,50.98500061035156,51.150001525878906,50.810001373291016,50.91999816894531,15788,0.0,0.0
2022-09-12 14:30:00-04:00,50.88999938964844,51.005001068115234,50.86000061035156,50.8650016784668,19848,0.0,0.0
2022-09-12 15:30:00-04:00,50.86000061035156,51.060001373291016,50.849998474121094,50.97999954223633,50271,0.0,0.0
2022-09-13 09:30:00-04:00,50.83000183105469,51.13999938964844,50.650001525878906,50.83000183105469,25617,0.0,0.0
2022-09-13 10:30:00-04:00,50.709999084472656,50.709999084472656,50.119998931884766,50.119998931884766,16250,0.0,0.0
2022-09-13 11:30:00-04:00,50.060001373291016,50.130001068115234,49.84000015258789,49.84000015258789,9651,0.0,0.0
2022-09-13 12:30:00-04:00,49.89500045776367,49.939998626708984,49.58000183105469,49.59000015258789,13013,0.0,0.0
2022-09-13 13:30:00-04:00,49.560001373291016,49.599998474121094,49.36000061035156,49.41239929199219,11781,0.0,0.0
2022-09-13 14:30:00-04:00,49.31999969482422,49.3650016784668,49.040000915527344,49.08000183105469,17133,0.0,0.0
2022-09-13 15:30:00-04:00,49.08940124511719,49.130001068115234,48.779998779296875,49.0,33856,0.0,0.0
2022-09-14 09:30:00-04:00,49.11000061035156,49.689998626708984,48.84000015258789,48.904998779296875,26471,0.0,0.0
2022-09-14 10:30:00-04:00,49.029998779296875,49.380001068115234,49.0099983215332,49.099998474121094,11371,0.0,0.0
2022-09-14 11:30:00-04:00,49.150001525878906,49.22999954223633,48.939998626708984,48.95500183105469,9016,0.0,0.0
2022-09-14 12:30:00-04:00,49.029998779296875,49.2599983215332,49.0,49.220001220703125,12839,0.0,0.0
2022-09-14 13:30:00-04:00,49.22999954223633,49.34000015258789,49.14500045776367,49.34000015258789,9248,0.0,0.0
2022-09-14 14:30:00-04:00,49.38999938964844,49.5,49.20500183105469,49.22999954223633,18871,0.0,0.0
2022-09-14 15:30:00-04:00,49.20000076293945,49.599998474121094,49.130001068115234,49.599998474121094,31365,0.0,0.0
2022-09-15 09:30:00-04:00,49.77000045776367,49.89509963989258,49.43000030517578,49.83000183105469,21769,0.0,0.0
2022-09-15 10:30:00-04:00,49.81880187988281,49.98500061035156,49.439998626708984,49.439998626708984,14380,0.0,0.0
2022-09-15 11:30:00-04:00,49.38999938964844,49.5,49.2599983215332,49.32500076293945,13341,0.0,0.0
2022-09-15 12:30:00-04:00,49.32500076293945,49.5099983215332,49.25,49.45000076293945,11889,0.0,0.0
2022-09-15 13:30:00-04:00,49.45000076293945,49.459999084472656,49.220001220703125,49.310001373291016,10141,0.0,0.0
2022-09-15 14:30:00-04:00,49.34000015258789,49.349998474121094,49.02000045776367,49.11000061035156,19561,0.0,0.0
2022-09-15 15:30:00-04:00,49.1150016784668,49.27000045776367,49.060001373291016,49.220001220703125,23840,0.0,0.0
2022-09-16 09:30:00-04:00,49.16999816894531,49.739898681640625,49.019500732421875,49.564998626708984,39672,0.0,0.0
2022-09-16 10:30:00-04:00,49.665000915527344,49.849998474121094,49.470001220703125,49.60499954223633,15033,0.0,0.0
2022-09-16 11:30:00-04:00,49.540000915527344,50.470001220703125,49.47200012207031,50.38999938964844,40174,0.0,0.0
2022-09-16 12:30:00-04:00,50.36000061035156,50.36000061035156,49.720001220703125,49.920799255371094,9850,0.0,0.0
2022-09-16 13:30:00-04:00,49.95000076293945,49.95000076293945,49.61000061035156,49.70000076293945,12444,0.0,0.0
2022-09-16 14:30:00-04:00,49.720001220703125,49.76499938964844,49.474998474121094,49.69499969482422,20207,0.0,0.0
2022-09-16 15:30:00-04:00,49.66999816894531,50.02000045776367,49.45000076293945,49.5099983215332,78201,0.0,0.0
2022-09-19 09:30:00-04:00,49.13999938964844,49.70009994506836,49.13999938964844,49.68000030517578,10562,0.0,0.0
2022-09-19 10:30:00-04:00,49.650001525878906,49.75,49.45000076293945,49.47999954223633,8764,0.0,0.0
2022-09-19 11:30:00-04:00,49.47999954223633,49.47999954223633,49.22999954223633,49.27000045776367,8085,0.0,0.0
2022-09-19 12:30:00-04:00,49.22999954223633,49.290000915527344,49.16999816894531,49.25,12549,0.0,0.0
2022-09-19 13:30:00-04:00,49.234100341796875,49.2599983215332,48.95000076293945,48.9900016784668,11890,0.0,0.0
2022-09-19 14:30:00-04:00,49.06999969482422,49.619998931884766,49.02000045776367,49.619998931884766,12528,0.0,0.0
2022-09-19 15:30:00-04:00,49.630001068115234,49.779998779296875,49.58000183105469,49.709999084472656,17977,0.0,0.0
2022-09-20 09:30:00-04:00,49.5,49.70000076293945,49.130001068115234,49.47999954223633,11364,0.0,0.0
2022-09-20 10:30:00-04:00,49.548500061035156,49.61690139770508,49.38999938964844,49.47999954223633,7360,0.0,0.0
2022-09-20 11:30:00-04:00,49.47999954223633,49.669898986816406,49.380001068115234,49.380001068115234,6707,0.0,0.0
2022-09-20 12:30:00-04:00,49.39500045776367,49.39500045776367,49.25,49.25,4778,0.0,0.0
2022-09-20 13:30:00-04:00,49.25,49.29999923706055,49.08000183105469,49.189998626708984,7590,0.0,0.0
2022-09-20 14:30:00-04:00,49.209999084472656,49.474998474121094,49.18000030517578,49.474998474121094,9917,0.0,0.0
2022-09-20 15:30:00-04:00,49.43000030517578,49.59000015258789,49.369998931884766,49.43000030517578,16991,0.0,0.0
2022-09-21 09:30:00-04:00,49.54999923706055,49.869998931884766,49.54999923706055,49.849998474121094,6866,0.0,0.0
2022-09-21 10:30:00-04:00,49.84000015258789,49.849998474121094,49.529998779296875,49.529998779296875,5297,0.0,0.0
2022-09-21 11:30:00-04:00,49.650001525878906,49.91999816894531,49.650001525878906,49.861900329589844,7601,0.0,0.0
2022-09-21 12:30:00-04:00,49.90999984741211,49.90999984741211,49.68000030517578,49.744998931884766,5315,0.0,0.0
2022-09-21 13:30:00-04:00,49.75,49.790000915527344,49.209999084472656,49.244998931884766,9542,0.0,0.0
2022-09-21 14:30:00-04:00,49.20000076293945,49.91999816894531,49.20000076293945,49.380001068115234,10636,0.0,0.0
2022-09-21 15:30:00-04:00,49.29999923706055,49.489898681640625,49.15999984741211,49.16999816894531,20684,0.0,0.0
2022-09-22 09:30:00-04:00,49.15999984741211,49.15999984741211,48.812801361083984,49.119998931884766,14482,0.0,0.0
2022-09-22 10:30:00-04:00,49.119998931884766,49.13199996948242,48.939998626708984,49.03499984741211,4896,0.0,0.0
2022-09-22 11:30:00-04:00,49.1150016784668,49.33140182495117,49.05500030517578,49.33140182495117,6073,0.0,0.0
2022-09-22 12:30:00-04:00,49.20000076293945,49.20000076293945,49.028099060058594,49.119998931884766,5573,0.0,0.0
2022-09-22 13:30:00-04:00,49.150001525878906,49.31999969482422,49.08000183105469,49.119998931884766,7643,0.0,0.0
2022-09-22 14:30:00-04:00,49.165000915527344,49.16999816894531,48.970001220703125,48.970001220703125,9049,0.0,0.0
2022-09-22 15:30:00-04:00,49.040000915527344,49.209999084472656,48.95000076293945,48.97999954223633,13924,0.0,0.0
2022-09-23 09:30:00-04:00,48.75,48.79999923706055,48.0099983215332,48.11000061035156,12177,0.0,0.0
2022-09-23 10:30:00-04:00,48.12990188598633,48.165000915527344,47.869998931884766,48.1150016784668,22451,0.0,0.0
2022-09-23 11:30:00-04:00,48.150001525878906,48.150001525878906,47.29999923706055,47.29999923706055,10993,0.0,0.0
2022-09-23 12:30:00-04:00,47.290000915527344,47.5364990234375,47.16999816894531,47.369998931884766,9192,0.0,0.0
2022-09-23 13:30:00-04:00,47.33000183105469,47.404998779296875,46.939998626708984,46.98500061035156,17255,0.0,0.0
2022-09-23 14:30:00-04:00,46.869998931884766,47.04999923706055,46.584999084472656,47.04999923706055,18422,0.0,0.0
2022-09-23 15:30:00-04:00,47.119998931884766,47.29999923706055,47.09000015258789,47.16999816894531,35135,0.0,0.0
2022-09-26 09:30:00-04:00,46.54999923706055,47.165000915527344,46.435001373291016,47.165000915527344,17476,0.0,0.0
2022-09-26 10:30:00-04:00,47.119998931884766,47.119998931884766,46.68000030517578,46.689998626708984,7228,0.0,0.0
2022-09-26 11:30:00-04:00,46.599998474121094,46.720001220703125,46.54499816894531,46.54999923706055,36831,0.0,0.0
2022-09-26 12:30:00-04:00,46.459999084472656,46.57350158691406,46.150001525878906,46.220001220703125,9359,0.0,0.0
2022-09-26 13:30:00-04:00,46.27000045776367,46.63999938964844,46.209999084472656,46.58000183105469,8708,0.0,0.0
2022-09-26 14:30:00-04:00,46.53499984741211,46.689998626708984,46.41999816894531,46.54499816894531,13378,0.0,0.0
2022-09-26 15:30:00-04:00,46.560001373291016,46.91999816894531,46.55500030517578,46.65999984741211,36319,0.0,0.0
2022-09-27 09:30:00-04:00,46.779998779296875,47.209999084472656,46.619998931884766,46.78499984741211,27311,0.0,0.0
2022-09-27 10:30:00-04:00,46.91999816894531,47.290000915527344,46.90999984741211,46.90999984741211,8153,0.0,0.0
2022-09-27 11:30:00-04:00,46.86000061035156,46.91999816894531,46.650001525878906,46.68920135498047,9199,0.0,0.0
2022-09-27 12:30:00-04:00,46.650001525878906,46.83000183105469,46.58000183105469,46.619998931884766,12316,0.0,0.0
2022-09-27 13:30:00-04:00,46.564998626708984,46.68000030517578,46.397098541259766,46.47999954223633,15025,0.0,0.0
2022-09-27 14:30:00-04:00,46.439998626708984,46.630001068115234,46.400001525878906,46.404998779296875,11055,0.0,0.0
2022-09-27 15:30:00-04:00,46.38999938964844,46.45000076293945,46.22999954223633,46.43000030517578,19304,0.0,0.0
2022-09-28 09:30:00-04:00,46.59000015258789,46.59000015258789,45.959999084472656,46.31999969482422,22796,0.0,0.0
2022-09-28 10:30:00-04:00,46.42499923706055,46.9900016784668,46.40999984741211,46.97999954223633,17201,0.0,0.0
2022-09-28 11:30:00-04:00,46.79999923706055,47.09000015258789,46.755001068115234,47.0,9438,0.0,0.0
2022-09-28 12:30:00-04:00,46.93000030517578,47.11000061035156,46.927799224853516,47.025001525878906,6453,0.0,0.0
2022-09-28 13:30:00-04:00,47.02000045776367,47.06999969482422,46.959999084472656,46.959999084472656,9073,0.0,0.0
2022-09-28 14:30:00-04:00,46.959999084472656,47.150001525878906,46.959999084472656,47.11000061035156,7534,0.0,0.0
2022-09-28 15:30:00-04:00,47.185001373291016,47.185001373291016,46.79999923706055,46.810001373291016,21683,0.0,0.0
2022-09-29 09:30:00-04:00,46.63999938964844,47.150001525878906,46.029998779296875,46.22169876098633,21622,0.0,0.0
2022-09-29 10:30:00-04:00,46.257198333740234,46.904998779296875,46.220001220703125,46.70000076293945,16531,0.0,0.0
2022-09-29 11:30:00-04:00,46.64500045776367,46.7599983215332,46.47999954223633,46.50230026245117,8099,0.0,0.0
2022-09-29 12:30:00-04:00,46.54999923706055,46.595001220703125,46.31129837036133,46.380001068115234,5307,0.0,0.0
2022-09-29 13:30:00-04:00,46.32440185546875,46.53499984741211,46.25,46.53499984741211,9708,0.0,0.0
2022-09-29 14:30:00-04:00,46.54999923706055,46.76499938964844,46.5,46.720001220703125,12447,0.0,0.0
2022-09-29 15:30:00-04:00,46.7400016784668,47.029998779296875,46.7400016784668,46.98759841918945,39461,0.0,0.0
2022-09-30 09:30:00-04:00,47.11000061035156,47.220001220703125,46.748199462890625,47.03499984741211,10963,0.0,0.0
2022-09-30 10:30:00-04:00,47.029998779296875,47.40999984741211,46.939998626708984,47.150001525878906,17398,0.0,0.0
2022-09-30 11:30:00-04:00,47.04999923706055,47.16999816894531,46.54999923706055,46.54999923706055,7641,0.0,0.0
2022-09-30 12:30:00-04:00,46.65999984741211,46.689998626708984,46.39500045776367,46.61000061035156,15327,0.0,0.0
2022-09-30 13:30:00-04:00,46.709999084472656,46.709999084472656,46.31999969482422,46.334999084472656,11727,0.0,0.0
2022-09-30 14:30:00-04:00,46.30929946899414,46.380001068115234,46.11000061035156,46.209999084472656,16118,0.0,0.0
2022-09-30 15:30:00-04:00,46.25400161743164,46.27579879760742,46.01499938964844,46.04999923706055,31618,0.0,0.0
2022-10-03 09:30:00-04:00,46.47999954223633,47.09000015258789,46.380001068115234,46.90999984741211,11374,0.0,0.0
2022-10-03 10:30:00-04:00,46.92499923706055,47.005001068115234,46.72269821166992,46.93000030517578,13201,0.0,0.0
2022-10-03 11:30:00-04:00,46.95000076293945,46.95000076293945,46.669898986816406,46.669898986816406,13416,0.0,0.0
2022-10-03 12:30:00-04:00,46.62630081176758,47.040000915527344,46.62630081176758,46.939998626708984,11480,0.0,0.0
2022-10-03 13:30:00-04:00,46.915000915527344,47.060001373291016,46.84000015258789,46.93000030517578,8053,0.0,0.0
2022-10-03 14:30:00-04:00,46.91999816894531,46.95000076293945,46.70000076293945,46.779998779296875,22050,0.0,0.0
2022-10-03 15:30:00-04:00,46.76060104370117,46.77000045776367,46.654998779296875,46.7400016784668,22303,0.0,0.0
2022-10-04 09:30:00-04:00,46.75,48.23160171508789,46.75,47.810001373291016,33880,0.0,0.0
2022-10-04 10:30:00-04:00,47.86000061035156,47.88999938964844,47.60309982299805,47.60499954223633,8970,0.0,0.0
2022-10-04 11:30:00-04:00,47.60499954223633,47.65999984741211,47.349998474121094,47.43000030517578,10312,0.0,0.0
2022-10-04 12:30:00-04:00,47.540000915527344,47.540000915527344,47.119998931884766,47.33000183105469,9016,0.0,0.0
2022-10-04 13:30:00-04:00,47.33000183105469,47.439998626708984,47.20000076293945,47.20000076293945,10834,0.0,0.0
2022-10-04 14:30:00-04:00,47.244998931884766,47.41999816894531,47.2400016784668,47.400001525878906,13754,0.0,0.0
2022-10-04 15:30:00-04:00,47.36000061035156,47.720001220703125,47.36000061035156,47.68000030517578,29050,0.0,0.0
2022-10-05 09:30:00-04:00,47.40999984741211,47.529998779296875,46.83000183105469,47.01499938964844,34095,0.0,0.0
2022-10-05 10:30:00-04:00,47.0099983215332,47.21649932861328,46.689998626708984,47.21649932861328,21179,0.0,0.0
2022-10-05 11:30:00-04:00,47.20000076293945,47.43069839477539,47.11000061035156,47.36000061035156,20267,0.0,0.0
2022-10-05 12:30:00-04:00,47.3650016784668,47.58000183105469,47.29999923706055,47.564998626708984,22499,0.0,0.0
2022-10-05 13:30:00-04:00,47.59000015258789,47.59000015258789,47.33000183105469,47.47760009765625,28707,0.0,0.0
2022-10-05 14:30:00-04:00,47.59859848022461,47.59859848022461,47.27000045776367,47.33000183105469,31728,0.0,0.0
2022-10-05 15:30:00-04:00,47.35499954223633,47.66999816894531,47.029998779296875,47.040000915527344,92260,0.0,0.0
2022-10-06 09:30:00-04:00,45.91790008544922,45.91999816894531,44.900001525878906,45.36050033569336,48695,0.0,0.0
2022-10-06 10:30:00-04:00,45.36000061035156,45.4900016784668,45.13999938964844,45.485198974609375,18019,0.0,0.0
2022-10-06 11:30:00-04:00,45.380001068115234,45.404998779296875,44.91999816894531,45.220001220703125,18258,0.0,0.0
2022-10-06 12:30:00-04:00,45.189998626708984,45.189998626708984,44.90999984741211,45.04999923706055,15170,0.0,0.0
2022-10-06 13:30:00-04:00,45.121498107910156,45.121498107910156,44.650001525878906,44.650001525878906,25279,0.0,0.0
2022-10-06 14:30:00-04:00,44.709999084472656,44.709999084472656,44.369998931884766,44.650001525878906,19973,0.0,0.0
2022-10-06 15:30:00-04:00,44.7400016784668,44.7400016784668,44.47800064086914,44.61000061035156,33968,0.0,0.0
2022-10-07 09:30:00-04:00,44.40999984741211,44.619998931884766,43.63999938964844,43.994998931884766,14637,0.0,0.0
2022-10-07 10:30:00-04:00,43.91999816894531,44.150001525878906,43.849998474121094,44.09000015258789,14843,0.0,0.0
2022-10-07 11:30:00-04:00,44.02000045776367,44.209999084472656,43.939998626708984,44.130001068115234,10236,0.0,0.0
2022-10-07 12:30:00-04:00,44.15999984741211,44.20000076293945,43.91999816894531,44.029998779296875,10994,0.0,0.0
2022-10-07 13:30:00-04:00,43.9900016784668,44.349998474121094,43.9900016784668,44.189998626708984,14173,0.0,0.0
2022-10-07 14:30:00-04:00,44.20000076293945,44.25,43.93000030517578,43.95000076293945,25289,0.0,0.0
2022-10-07 15:30:00-04:00,43.91999816894531,44.119998931884766,43.869998931884766,44.0099983215332,36139,0.0,0.0
2022-10-10 09:30:00-04:00,44.18000030517578,45.18000030517578,44.04999923706055,45.029998779296875,14628,0.0,0.0
2022-10-10 10:30:00-04:00,45.130001068115234,45.22999954223633,44.81800079345703,45.073299407958984,17170,0.0,0.0
2022-10-10 11:30:00-04:00,45.09000015258789,45.18000030517578,44.883201599121094,44.93000030517578,11750,0.0,0.0
2022-10-10 12:30:00-04:00,44.90999984741211,44.95500183105469,44.47999954223633,44.619998931884766,27618,0.0,0.0
2022-10-10 13:30:00-04:00,44.68000030517578,44.95000076293945,44.68000030517578,44.79499816894531,12239,0.0,0.0
2022-10-10 14:30:00-04:00,44.79999923706055,44.86000061035156,44.46500015258789,44.59000015258789,17305,0.0,0.0
2022-10-10 15:30:00-04:00,44.58000183105469,44.619998931884766,44.349998474121094,44.380001068115234,23852,0.0,0.0
2022-10-11 09:30:00-04:00,44.5099983215332,45.05500030517578,44.334999084472656,44.674400329589844,26453,0.0,0.0
2022-10-11 10:30:00-04:00,44.90999984741211,45.119998931884766,44.869998931884766,44.95000076293945,9553,0.0,0.0
2022-10-11 11:30:00-04:00,45.005001068115234,45.08000183105469,44.90250015258789,44.90250015258789,11414,0.0,0.0
2022-10-11 12:30:00-04:00,44.97999954223633,45.0,44.869998931884766,44.91999816894531,6314,0.0,0.0
2022-10-11 13:30:00-04:00,44.90999984741211,44.93000030517578,44.81999969482422,44.81999969482422,7529,0.0,0.0
2022-10-11 14:30:00-04:00,44.86000061035156,44.91999816894531,44.400001525878906,44.5,11858,0.0,0.0
2022-10-11 15:30:00-04:00,44.540000915527344,44.849998474121094,44.470001220703125,44.70000076293945,28745,0.0,0.0
2022-10-12 09:30:00-04:00,44.75,44.9552001953125,44.459999084472656,44.72999954223633,5063,0.0,0.0
2022-10-12 10:30:00-04:00,44.83000183105469,44.845001220703125,44.59000015258789,44.75,5234,0.0,0.0
2022-10-12 11:30:00-04:00,44.79999923706055,44.959999084472656,44.70159912109375,44.880001068115234,7851,0.0,0.0
2022-10-12 12:30:00-04:00,44.808998107910156,44.880001068115234,44.72999954223633,44.869998931884766,3491,0.0,0.0
2022-10-12 13:30:00-04:00,44.849998474121094,45.22999954223633,44.84000015258789,45.22999954223633,25965,0.0,0.0
2022-10-12 14:30:00-04:00,45.22999954223633,45.369998931884766,45.130001068115234,45.2400016784668,11928,0.0,0.0
2022-10-12 15:30:00-04:00,45.279998779296875,45.34000015258789,45.209999084472656,45.25,25236,0.0,0.0
2022-10-13 09:30:00-04:00,45.209999084472656,45.470001220703125,44.85100173950195,45.244998931884766,13245,0.0,0.0
2022-10-13 10:30:00-04:00,45.08000183105469,45.88999938964844,45.08000183105469,45.88999938964844,10814,0.0,0.0
2022-10-13 11:30:00-04:00,45.86000061035156,46.2400016784668,45.86000061035156,46.20500183105469,7474,0.0,0.0
2022-10-13 12:30:00-04:00,46.099998474121094,46.43000030517578,46.02000045776367,46.40999984741211,13884,0.0,0.0
2022-10-13 13:30:00-04:00,46.439998626708984,46.55500030517578,46.369998931884766,46.369998931884766,13907,0.0,0.0
2022-10-13 14:30:00-04:00,46.400001525878906,46.779998779296875,46.400001525878906,46.685001373291016,13996,0.0,0.0
2022-10-13 15:30:00-04:00,46.63999938964844,46.79999923706055,46.47999954223633,46.7599983215332,27164,0.0,0.0
2022-10-14 09:30:00-04:00,46.77000045776367,47.310001373291016,46.68199920654297,46.781898498535156,23846,0.0,0.0
2022-10-14 10:30:00-04:00,46.7599983215332,47.099998474121094,46.7599983215332,47.04999923706055,6736,0.0,0.0
2022-10-14 11:30:00-04:00,47.0,47.0,46.709999084472656,46.81999969482422,10317,0.0,0.0
2022-10-14 12:30:00-04:00,46.790000915527344,47.029998779296875,46.650001525878906,46.7400016784668,11351,0.0,0.0
2022-10-14 13:30:00-04:00,46.73849868774414,46.77000045776367,46.599998474121094,46.654998779296875,5459,0.0,0.0
2022-10-14 14:30:00-04:00,46.689998626708984,46.72999954223633,46.529998779296875,46.689998626708984,9209,0.0,0.0
2022-10-14 15:30:00-04:00,46.68539810180664,46.75,46.439998626708984,46.52000045776367,20408,0.0,0.0
2022-10-17 09:30:00-04:00,46.970001220703125,47.380001068115234,46.970001220703125,47.21989822387695,9119,0.0,0.0
2022-10-17 10:30:00-04:00,47.06999969482422,47.185001373291016,46.91999816894531,47.11000061035156,6027,0.0,0.0
2022-10-17 11:30:00-04:00,47.13999938964844,47.279998779296875,47.099998474121094,47.10499954223633,5329,0.0,0.0
2022-10-17 12:30:00-04:00,47.1349983215332,47.2599983215332,46.93000030517578,47.2599983215332,14112,0.0,0.0
2022-10-17 13:30:00-04:00,47.290000915527344,47.290000915527344,47.029998779296875,47.099998474121094,9448,0.0,0.0
2022-10-17 14:30:00-04:00,47.099998474121094,47.15999984741211,47.04999923706055,47.09000015258789,8548,0.0,0.0
2022-10-17 15:30:00-04:00,47.119998931884766,47.279998779296875,47.099998474121094,47.22999954223633,20706,0.0,0.0
2022-10-18 09:30:00-04:00,47.369998931884766,48.0,47.349998474121094,47.52000045776367,23184,0.0,0.0
2022-10-18 10:30:00-04:00,47.45000076293945,47.688201904296875,47.09000015258789,47.09000015258789,10340,0.0,0.0
2022-10-18 11:30:00-04:00,47.130001068115234,47.16999816894531,46.959999084472656,47.16999816894531,5917,0.0,0.0
2022-10-18 12:30:00-04:00,47.18000030517578,47.189998626708984,46.779998779296875,47.06999969482422,28947,0.0,0.0
2022-10-18 13:30:00-04:00,47.11000061035156,47.33000183105469,47.11000061035156,47.15999984741211,9968,0.0,0.0
2022-10-18 14:30:00-04:00,47.154998779296875,47.154998779296875,46.84000015258789,46.90999984741211,14822,0.0,0.0
2022-10-18 15:30:00-04:00,46.849998474121094,47.0,46.849998474121094,46.9900016784668,25666,0.0,0.0
2022-10-19 09:30:00-04:00,46.880001068115234,47.314998626708984,46.834999084472656,47.314998626708984,8232,0.0,0.0
2022-10-19 10:30:00-04:00,47.2588005065918,47.27000045776367,46.9900016784668,47.06999969482422,4320,0.0,0.0
2022-10-19 11:30:00-04:00,46.880001068115234,46.9567985534668,46.66550064086914,46.66999816894531,3349,0.0,0.0
2022-10-19 12:30:00-04:00,46.720001220703125,46.83000183105469,46.3202018737793,46.54999923706055,13788,0.0,0.0
2022-10-19 13:30:00-04:00,46.525001525878906,46.73699951171875,46.459999084472656,46.65999984741211,5629,0.0,0.0
2022-10-19 14:30:00-04:00,46.724998474121094,46.7400016784668,46.5099983215332,46.650001525878906,8220,0.0,0.0
2022-10-19 15:30:00-04:00,46.68000030517578,46.970001220703125,46.68000030517578,46.959999084472656,19432,0.0,0.0
2022-10-20 09:30:00-04:00,47.0,47.02000045776367,46.52000045776367,46.939998626708984,7081,0.0,0.0
2022-10-20 10:30:00-04:00,46.779998779296875,46.810001373291016,46.56999969482422,46.63999938964844,19220,0.0,0.0
2022-10-20 11:30:00-04:00,46.68000030517578,46.77000045776367,46.27000045776367,46.400001525878906,23672,0.0,0.0
2022-10-20 12:30:00-04:00,46.27000045776367,46.42499923706055,46.095001220703125,46.42499923706055,4399,0.0,0.0
2022-10-20 13:30:00-04:00,46.369998931884766,46.439998626708984,46.275001525878906,46.279998779296875,3916,0.0,0.0
2022-10-20 14:30:00-04:00,46.279998779296875,46.38999938964844,46.2599983215332,46.310001373291016,10473,0.0,0.0
2022-10-20 15:30:00-04:00,46.34000015258789,46.47999954223633,46.33000183105469,46.349998474121094,17610,0.0,0.0
2022-10-21 09:30:00-04:00,46.66999816894531,46.95000076293945,46.34000015258789,46.810001373291016,14420,0.0,0.0
2022-10-21 10:30:00-04:00,46.640899658203125,46.72999954223633,46.470001220703125,46.68000030517578,3736,0.0,0.0
2022-10-21 11:30:00-04:00,46.709999084472656,46.90999984741211,46.560001373291016,46.560001373291016,8275,0.0,0.0
2022-10-21 12:30:00-04:00,46.60499954223633,46.84000015258789,46.60499954223633,46.7400016784668,28651,0.0,0.0
2022-10-21 13:30:00-04:00,46.775001525878906,46.775001525878906,46.540000915527344,46.58000183105469,8786,0.0,0.0
2022-10-21 14:30:00-04:00,46.619998931884766,46.69770050048828,46.4900016784668,46.68000030517578,7017,0.0,0.0
2022-10-21 15:30:00-04:00,46.685001373291016,46.685001373291016,46.45000076293945,46.47999954223633,30018,0.0,0.0
2022-10-24 09:30:00-04:00,46.720001220703125,47.334999084472656,46.5,47.08000183105469,24638,0.0,0.0
2022-10-24 10:30:00-04:00,47.165000915527344,47.31999969482422,46.7859992980957,47.02000045776367,17770,0.0,0.0
2022-10-24 11:30:00-04:00,47.15999984741211,47.41999816894531,47.11000061035156,47.31380081176758,7338,0.0,0.0
2022-10-24 12:30:00-04:00,47.34000015258789,47.349998474121094,47.130001068115234,47.2599983215332,5165,0.0,0.0
2022-10-24 13:30:00-04:00,47.2599983215332,47.36000061035156,47.170101165771484,47.36000061035156,4016,0.0,0.0
2022-10-24 14:30:00-04:00,47.36000061035156,47.47999954223633,47.28499984741211,47.45000076293945,7818,0.0,0.0
2022-10-24 15:30:00-04:00,47.404998779296875,47.54999923706055,47.3400993347168,47.54999923706055,17959,0.0,0.0
2022-10-25 09:30:00-04:00,47.45000076293945,48.220001220703125,47.38999938964844,48.189998626708984,11807,0.0,0.0
2022-10-25 10:30:00-04:00,48.310001373291016,48.45000076293945,48.2599983215332,48.38999938964844,5175,0.0,0.0
2022-10-25 11:30:00-04:00,48.290000915527344,48.31999969482422,48.185001373291016,48.22999954223633,6906,0.0,0.0
2022-10-25 12:30:00-04:00,48.267601013183594,48.54460144042969,48.267601013183594,48.369998931884766,3395,0.0,0.0
2022-10-25 13:30:00-04:00,48.350101470947266,48.54499816894531,48.30160140991211,48.41999816894531,8764,0.0,0.0
2022-10-25 14:30:00-04:00,48.43000030517578,48.56999969482422,48.220001220703125,48.41999816894531,9386,0.0,0.0
2022-10-25 15:30:00-04:00,48.459999084472656,48.560001373291016,48.25,48.290000915527344,11443,0.0,0.0
2022-10-26 09:30:00-04:00,48.68000030517578,48.78499984741211,48.2400016784668,48.71500015258789,7807,0.0,0.0
2022-10-26 10:30:00-04:00,48.75419998168945,48.86629867553711,48.54999923706055,48.744998931884766,7815,0.0,0.0
2022-10-26 11:30:00-04:00,48.755001068115234,49.13999938964844,48.755001068115234,49.13999938964844,4452,0.0,0.0
2022-10-26 12:30:00-04:00,49.209999084472656,49.209999084472656,48.869998931884766,48.88999938964844,5903,0.0,0.0
2022-10-26 13:30:00-04:00,49.0,49.150001525878906,48.880001068115234,49.0,9261,0.0,0.0
2022-10-26 14:30:00-04:00,48.900001525878906,48.97600173950195,48.7400016784668,48.7599983215332,9597,0.0,0.0
2022-10-26 15:30:00-04:00,48.79999923706055,48.84000015258789,48.529998779296875,48.529998779296875,14471,0.0,0.0
2022-10-27 09:30:00-04:00,48.630001068115234,49.0625,48.560001373291016,48.959999084472656,10025,0.0,0.0
2022-10-27 10:30:00-04:00,48.88999938964844,49.130001068115234,48.810001373291016,49.04999923706055,9281,0.0,0.0
2022-10-27 11:30:00-04:00,49.150001525878906,49.279998779296875,48.880001068115234,48.97999954223633,7845,0.0,0.0
2022-10-27 12:30:00-04:00,48.900001525878906,49.220001220703125,48.779998779296875,49.17499923706055,9095,0.0,0.0
2022-10-27 13:30:00-04:00,49.13999938964844,49.16999816894531,49.04999923706055,49.119998931884766,5551,0.0,0.0
2022-10-27 14:30:00-04:00,49.06999969482422,49.06999969482422,48.689998626708984,48.810001373291016,7851,0.0,0.0
2022-10-27 15:30:00-04:00,48.77000045776367,48.959999084472656,48.7599983215332,48.900001525878906,17043,0.0,0.0
2022-10-28 09:30:00-04:00,49.22999954223633,49.93000030517578,49.22999954223633,49.779998779296875,13203,0.0,0.0
2022-10-28 10:30:00-04:00,49.93000030517578,50.38999938964844,49.869998931884766,50.125,4867,0.0,0.0
2022-10-28 11:30:00-04:00,50.209999084472656,50.56999969482422,50.060001373291016,50.56999969482422,9646,0.0,0.0
2022-10-28 12:30:00-04:00,50.689998626708984,50.72999954223633,50.43000030517578,50.630001068115234,7728,0.0,0.0
2022-10-28 13:30:00-04:00,50.560001373291016,50.58000183105469,50.35499954223633,50.51499938964844,5899,0.0,0.0
2022-10-28 14:30:00-04:00,50.51559829711914,50.77000045776367,50.51559829711914,50.55500030517578,8287,0.0,0.0
2022-10-28 15:30:00-04:00,50.5099983215332,50.689998626708984,50.41999816894531,50.45000076293945,15787,0.0,0.0
2022-10-31 09:30:00-04:00,50.2599983215332,50.64500045776367,50.040000915527344,50.470001220703125,8522,0.0,0.0
2022-10-31 10:30:00-04:00,50.46500015258789,50.59000015258789,50.380001068115234,50.56850051879883,4206,0.0,0.0
2022-10-31 11:30:00-04:00,50.459999084472656,50.7666015625,50.459999084472656,50.630001068115234,6364,0.0,0.0
2022-10-31 12:30:00-04:00,50.439998626708984,50.5,50.380001068115234,50.400001525878906,4527,0.0,0.0
2022-10-31 13:30:00-04:00,50.529998779296875,50.724998474121094,50.43560028076172,50.665000915527344,6981,0.0,0.0
2022-10-31 14:30:00-04:00,50.64500045776367,50.755001068115234,50.54999923706055,50.70000076293945,8568,0.0,0.0
2022-10-31 15:30:00-04:00,50.72999954223633,50.8849983215332,50.59000015258789,50.619998931884766,26013,0.0,0.0
2022-11-01 09:30:00-04:00,50.84000015258789,50.84000015258789,50.349998474121094,50.81999969482422,6489,0.0,0.0
2022-11-01 10:30:00-04:00,50.87649917602539,50.9375,50.81999969482422,50.86000061035156,6874,0.0,0.0
2022-11-01 11:30:00-04:00,50.845001220703125,51.040000915527344,50.779998779296875,50.80500030517578,5182,0.0,0.0
2022-11-01 12:30:00-04:00,50.7958984375,50.959999084472656,50.78129959106445,50.959999084472656,5828,0.0,0.0
2022-11-01 13:30:00-04:00,51.0099983215332,51.060001373291016,50.70500183105469,50.77000045776367,9418,0.0,0.0
2022-11-01 14:30:00-04:00,50.724998474121094,50.724998474121094,50.56999969482422,50.59000015258789,5659,0.0,0.0
2022-11-01 15:30:00-04:00,50.56999969482422,50.7400016784668,50.56999969482422,50.56999969482422,21994,0.0,0.0
2022-11-02 09:30:00-04:00,50.41999816894531,50.60430145263672,50.154998779296875,50.20000076293945,9382,0.0,0.0
2022-11-02 10:30:00-04:00,50.0,50.06999969482422,49.95000076293945,50.029998779296875,8529,0.0,0.0
2022-11-02 11:30:00-04:00,49.939998626708984,50.04999923706055,49.939998626708984,50.0099983215332,3945,0.0,0.0
2022-11-02 12:30:00-04:00,50.0099983215332,50.18000030517578,49.994998931884766,50.06999969482422,5458,0.0,0.0
2022-11-02 13:30:00-04:00,50.04999923706055,50.619998931884766,49.95000076293945,50.599998474121094,13217,0.0,0.0
2022-11-02 14:30:00-04:00,50.369998931884766,50.40999984741211,49.45000076293945,49.47999954223633,14327,0.0,0.0
2022-11-02 15:30:00-04:00,49.46929931640625,49.72999954223633,49.46929931640625,49.560001373291016,22528,0.0,0.0
2022-11-03 09:30:00-04:00,49.040000915527344,49.54999923706055,48.9900016784668,49.439998626708984,10361,0.0,0.0
2022-11-03 10:30:00-04:00,49.43000030517578,49.65999984741211,49.43000030517578,49.65999984741211,4133,0.0,0.0
2022-11-03 11:30:00-04:00,49.685001373291016,49.79999923706055,49.619998931884766,49.79389953613281,5994,0.0,0.0
2022-11-03 12:30:00-04:00,49.84000015258789,49.86000061035156,49.54999923706055,49.657901763916016,5851,0.0,0.0
2022-11-03 13:30:00-04:00,49.560001373291016,49.66999816894531,49.49639892578125,49.66999816894531,3978,0.0,0.0
2022-11-03 14:30:00-04:00,49.70000076293945,49.709999084472656,49.54999923706055,49.60499954223633,7787,0.0,0.0
2022-11-03 15:30:00-04:00,49.630001068115234,49.70000076293945,49.380001068115234,49.400001525878906,16932,0.0,0.0
2022-11-04 09:30:00-04:00,51.810001373291016,52.689998626708984,51.380001068115234,52.5,27589,0.0,0.0
2022-11-04 10:30:00-04:00,52.9900016784668,53.34000015258789,52.5099983215332,52.755001068115234,16527,0.0,0.0
2022-11-04 11:30:00-04:00,52.77000045776367,52.9900016784668,52.145301818847656,52.970001220703125,24610,0.0,0.0
2022-11-04 12:30:00-04:00,52.93000030517578,53.60499954223633,52.7400016784668,53.60499954223633,16516,0.0,0.0
2022-11-04 13:30:00-04:00,53.59000015258789,53.97999954223633,53.529998779296875,53.7599983215332,12547,0.0,0.0
2022-11-04 14:30:00-04:00,53.900001525878906,54.16999816894531,53.79119873046875,53.93000030517578,24578,0.0,0.0
2022-11-04 15:30:00-04:00,53.869998931884766,54.25,53.849998474121094,54.25,36152,0.0,0.0
2022-11-07 09:30:00-05:00,54.369998931884766,54.88999938964844,54.099998474121094,54.68000030517578,27506,0.0,0.0
2022-11-07 10:30:00-05:00,54.71039962768555,54.83000183105469,54.4900016784668,54.540000915527344,11928,0.0,0.0
2022-11-07 11:30:00-05:00,54.709999084472656,54.709999084472656,54.09000015258789,54.20000076293945,12090,0.0,0.0
2022-11-07 12:30:00-05:00,54.20000076293945,54.564998626708984,54.20000076293945,54.564998626708984,18830,0.0,0.0
2022-11-07 13:30:00-05:00,54.5,54.900001525878906,54.47999954223633,54.869998931884766,21593,0.0,0.0
2022-11-07 14:30:00-05:00,54.810001373291016,54.84000015258789,54.459999084472656,54.54499816894531,17039,0.0,0.0
2022-11-07 15:30:00-05:00,54.599998474121094,54.665000915527344,54.369998931884766,54.560001373291016,31199,0.0,0.0
2022-11-08 09:30:00-05:00,54.75,54.75,54.119998931884766,54.189998626708984,12162,0.0,0.0
2022-11-08 10:30:00-05:00,54.2599983215332,54.470001220703125,54.2400016784668,54.44369888305664,16532,0.0,0.0
2022-11-08 11:30:00-05:00,54.40999984741211,54.74850082397461,54.369998931884766,54.5099983215332,12440,0.0,0.0
2022-11-08 12:30:00-05:00,54.58000183105469,54.72990036010742,54.44499969482422,54.44499969482422,6991,0.0,0.0
2022-11-08 13:30:00-05:00,54.36000061035156,54.54999923706055,53.970001220703125,53.974998474121094,12601,0.0,0.0
2022-11-08 14:30:00-05:00,53.93000030517578,54.400001525878906,53.86000061035156,54.400001525878906,15005,0.0,0.0
2022-11-08 15:30:00-05:00,54.41999816894531,54.709999084472656,54.41999816894531,54.66999816894531,20574,0.0,0.0
2022-11-09 09:30:00-05:00,54.20000076293945,54.654998779296875,54.08000183105469,54.52000045776367,10565,0.0,0.0
2022-11-09 10:30:00-05:00,54.27000045776367,54.41999816894531,53.83000183105469,54.38999938964844,10362,0.0,0.0
2022-11-09 11:30:00-05:00,54.470001220703125,54.619998931884766,54.40999984741211,54.415000915527344,5122,0.0,0.0
2022-11-09 12:30:00-05:00,54.5099983215332,54.64500045776367,54.400001525878906,54.400001525878906,4552,0.0,0.0
2022-11-09 13:30:00-05:00,54.33000183105469,54.33000183105469,54.19499969482422,54.27000045776367,6966,0.0,0.0
2022-11-09 14:30:00-05:00,54.08649826049805,54.21500015258789,53.90999984741211,54.02000045776367,9325,0.0,0.0
2022-11-09 15:30:00-05:00,54.06999969482422,54.13999938964844,53.915000915527344,54.13999938964844,15552,0.0,0.0
2022-11-10 09:30:00-05:00,54.79999923706055,55.5,54.599998474121094,55.10499954223633,16001,0.0,0.0
2022-11-10 10:30:00-05:00,55.11000061035156,55.40999984741211,55.06999969482422,55.33000183105469,7211,0.0,0.0
2022-11-10 11:30:00-05:00,55.31999969482422,55.34000015258789,54.94200134277344,54.94200134277344,6755,0.0,0.0
2022-11-10 12:30:00-05:00,54.939998626708984,55.2599983215332,54.72999954223633,55.11000061035156,7097,0.0,0.0
2022-11-10 13:30:00-05:00,55.220001220703125,55.3849983215332,55.130001068115234,55.130001068115234,10375,0.0,0.0
2022-11-10 14:30:00-05:00,55.2400016784668,55.58000183105469,55.12009811401367,55.380001068115234,14322,0.0,0.0
2022-11-10 15:30:00-05:00,55.43000030517578,55.43000030517578,55.209999084472656,55.310001373291016,21849,0.0,0.0
2022-11-11 09:30:00-05:00,55.650001525878906,55.76570129394531,55.189998626708984,55.5,10083,0.0,0.0
2022-11-11 10:30:00-05:00,54.97999954223633,55.2400016784668,54.970001220703125,55.2400016784668,6964,0.0,0.0
2022-11-11 11:30:00-05:00,55.34000015258789,55.599998474121094,55.31999969482422,55.45000076293945,6271,0.0,0.0
2022-11-11 12:30:00-05:00,55.470001220703125,55.470001220703125,55.369998931884766,55.439998626708984,5922,0.0,0.0
2022-11-11 13:30:00-05:00,55.47999954223633,55.86000061035156,55.47999954223633,55.86000061035156,7444,0.0,0.0
2022-11-11 14:30:00-05:00,55.900001525878906,55.95000076293945,55.79999923706055,55.95000076293945,10457,0.0,0.0
2022-11-11 15:30:00-05:00,55.95000076293945,55.9900016784668,55.720001220703125,55.77000045776367,18418,0.0,0.0
2022-11-14 09:30:00-05:00,55.849998474121094,56.130001068115234,55.5,56.099998474121094,10538,0.0,0.0
2022-11-14 10:30:00-05:00,56.060001373291016,56.185001373291016,55.810001373291016,55.810001373291016,6125,0.0,0.0
2022-11-14 11:30:00-05:00,55.78559875488281,55.93000030517578,55.78559875488281,55.875,3841,0.0,0.0
2022-11-14 12:30:00-05:00,55.89440155029297,56.090999603271484,55.78499984741211,56.090999603271484,6513,0.0,0.0
2022-11-14 13:30:00-05:00,56.0099983215332,56.06999969482422,55.790000915527344,55.790000915527344,6573,0.0,0.0
2022-11-14 14:30:00-05:00,55.75,55.779998779296875,55.459999084472656,55.55500030517578,9220,0.0,0.0
2022-11-14 15:30:00-05:00,55.599998474121094,55.66999816894531,55.06999969482422,55.130001068115234,19138,0.0,0.0
2022-11-15 09:30:00-05:00,55.43000030517578,55.630001068115234,55.33000183105469,55.619998931884766,6511,0.0,0.0
2022-11-15 10:30:00-05:00,55.584999084472656,55.584999084472656,55.0099983215332,55.1875,7580,0.0,0.0
2022-11-15 11:30:00-05:00,55.22159957885742,55.255001068115234,55.029998779296875,55.255001068115234,4285,0.0,0.0
2022-11-15 12:30:00-05:00,55.29999923706055,55.52000045776367,55.13999938964844,55.255001068115234,8603,0.0,0.0
2022-11-15 13:30:00-05:00,55.345001220703125,55.470001220703125,55.20000076293945,55.400001525878906,9992,0.0,0.0
2022-11-15 14:30:00-05:00,55.400001525878906,55.6349983215332,55.400001525878906,55.61000061035156,6876,0.0,0.0
2022-11-15 15:30:00-05:00,55.54999923706055,55.65999984741211,55.404998779296875,55.599998474121094,17156,0.0,0.0
2022-11-16 09:30:00-05:00,55.529998779296875,56.04499816894531,55.529998779296875,56.0,10242,0.0,0.0
2022-11-16 10:30:00-05:00,55.900001525878906,56.060001373291016,55.900001525878906,56.0,5318,0.0,0.0
2022-11-16 11:30:00-05:00,55.970001220703125,56.40999984741211,55.91999816894531,56.29999923706055,8299,0.0,0.0
2022-11-16 12:30:00-05:00,56.29999923706055,56.5,56.29999923706055,56.37860107421875,8124,0.0,0.0
2022-11-16 13:30:00-05:00,56.310001373291016,56.310001373291016,56.119998931884766,56.22869873046875,5688,0.0,0.0
2022-11-16 14:30:00-05:00,56.25,56.34000015258789,56.18000030517578,56.22100067138672,6083,0.0,0.0
2022-11-16 15:30:00-05:00,56.18000030517578,56.18000030517578,56.029998779296875,56.15999984741211,14178,0.0,0.0
2022-11-17 09:30:00-05:00,55.459999084472656,55.970001220703125,55.459999084472656,55.779998779296875,10372,0.0,0.0
2022-11-17 10:30:00-05:00,55.63999938964844,55.779998779296875,55.56999969482422,55.59000015258789,4146,0.0,0.0
2022-11-17 11:30:00-05:00,55.5099983215332,55.54999923706055,55.310001373291016,55.435001373291016,4357,0.0,0.0
2022-11-17 12:30:00-05:00,55.5,55.61000061035156,55.349998474121094,55.349998474121094,5221,0.0,0.0
2022-11-17 13:30:00-05:00,55.32500076293945,55.380001068115234,55.13999938964844,55.22999954223633,8622,0.0,0.0
2022-11-17 14:30:00-05:00,55.202999114990234,55.349998474121094,55.11000061035156,55.2599983215332,7142,0.0,0.0
2022-11-17 15:30:00-05:00,55.279998779296875,55.689998626708984,55.27000045776367,55.630001068115234,18333,0.0,0.0
2022-11-18 09:30:00-05:00,56.029998779296875,56.439998626708984,55.75,56.439998626708984,18545,0.0,0.0
2022-11-18 10:30:00-05:00,56.494998931884766,56.5,56.02000045776367,56.02000045776367,5358,0.0,0.0
2022-11-18 11:30:00-05:00,56.029998779296875,56.16019821166992,55.709999084472656,55.709999084472656,5503,0.0,0.0
2022-11-18 12:30:00-05:00,55.7400016784668,55.88999938964844,55.70000076293945,55.880001068115234,8250,0.0,0.0
2022-11-18 13:30:00-05:00,55.94300079345703,55.94499969482422,55.75,55.81999969482422,4178,0.0,0.0
2022-11-18 14:30:00-05:00,55.91999816894531,55.93000030517578,55.7599983215332,55.93000030517578,10122,0.0,0.0
2022-11-18 15:30:00-05:00,55.96500015258789,56.1349983215332,55.900001525878906,56.08000183105469,13577,0.0,0.0
2022-11-21 09:30:00-05:00,55.97999954223633,56.47999954223633,55.850101470947266,56.349998474121094,18784,0.0,0.0
2022-11-21 10:30:00-05:00,56.43000030517578,56.54999923706055,56.29499816894531,56.40999984741211,4942,0.0,0.0
2022-11-21 11:30:00-05:00,56.52000045776367,56.52000045776367,56.22999954223633,56.22999954223633,5235,0.0,0.0
2022-11-21 12:30:00-05:00,56.3650016784668,56.459999084472656,56.310001373291016,56.42499923706055,4684,0.0,0.0
2022-11-21 13:30:00-05:00,56.369998931884766,56.52000045776367,56.25,56.52000045776367,6822,0.0,0.0
2022-11-21 14:30:00-05:00,56.46969985961914,56.529998779296875,56.410099029541016,56.45000076293945,4872,0.0,0.0
2022-11-21 15:30:00-05:00,56.42499923706055,56.68000030517578,56.42499923706055,56.650001525878906,14049,0.0,0.0
2022-11-22 09:30:00-05:00,56.810001373291016,57.09000015258789,56.66999816894531,56.93939971923828,6458,0.0,0.0
2022-11-22 10:30:00-05:00,57.099998474121094,57.099998474121094,56.650001525878906,56.939998626708984,7172,0.0,0.0
2022-11-22 11:30:00-05:00,57.0099983215332,57.0099983215332,56.979400634765625,56.994998931884766,1905,0.0,0.0
2022-11-22 12:30:00-05:00,56.970001220703125,56.970001220703125,56.68000030517578,56.68000030517578,4137,0.0,0.0
2022-11-22 13:30:00-05:00,56.689998626708984,56.88999938964844,56.689998626708984,56.834999084472656,4701,0.0,0.0
2022-11-22 14:30:00-05:00,56.834999084472656,56.9900016784668,56.834999084472656,56.935001373291016,6244,0.0,0.0
2022-11-22 15:30:00-05:00,56.97999954223633,57.34000015258789,56.93000030517578,57.16999816894531,16007,0.0,0.0
2022-11-23 09:30:00-05:00,56.81999969482422,57.209999084472656,56.81999969482422,56.97999954223633,4820,0.0,0.0
2022-11-23 10:30:00-05:00,56.9900016784668,57.119998931884766,56.81999969482422,56.81999969482422,3135,0.0,0.0
2022-11-23 11:30:00-05:00,56.95000076293945,56.970001220703125,56.54999923706055,56.79999923706055,4972,0.0,0.0
2022-11-23 12:30:00-05:00,56.880001068115234,57.0,56.68000030517578,57.0,4345,0.0,0.0
2022-11-23 13:30:00-05:00,57.099998474121094,57.25,56.959999084472656,57.064998626708984,7178,0.0,0.0
2022-11-23 14:30:00-05:00,57.04499816894531,57.099998474121094,57.029998779296875,57.08000183105469,4128,0.0,0.0
2022-11-23 15:30:00-05:00,57.1150016784668,57.27000045776367,57.0,57.27000045776367,15579,0.0,0.0
2022-11-25 09:30:00-05:00,57.25,57.83000183105469,57.25,57.77429962158203,4870,0.0,0.0
2022-11-25 10:30:00-05:00,57.599998474121094,57.709999084472656,57.400001525878906,57.709999084472656,5617,0.0,0.0
2022-11-25 11:30:00-05:00,57.63999938964844,57.75,57.451499938964844,57.584999084472656,3711,0.0,0.0
2022-11-28 09:30:00-05:00,57.029998779296875,57.04999923706055,56.630001068115234,56.89739990234375,6102,0.0,0.0
2022-11-28 10:30:00-05:00,56.88999938964844,56.88999938964844,56.58000183105469,56.68000030517578,4899,0.0,0.0
2022-11-28 11:30:00-05:00,56.7599983215332,56.7599983215332,56.63999938964844,56.7599983215332,5337,0.0,0.0
2022-11-28 12:30:00-05:00,57.08100128173828,57.08100128173828,56.630001068115234,56.64979934692383,1992,0.0,0.0
2022-11-28 13:30:00-05:00,56.66999816894531,56.66999816894531,56.41999816894531,56.54999923706055,6069,0.0,0.0
2022-11-28 14:30:00-05:00,56.59000015258789,56.59000015258789,56.369998931884766,56.470001220703125,4635,0.0,0.0
2022-11-28 15:30:00-05:00,56.41999816894531,56.560001373291016,56.369998931884766,56.40999984741211,16471,0.0,0.0
2022-11-29 09:30:00-05:00,56.15999984741211,56.470001220703125,56.15999984741211,56.41999816894531,6295,0.0,0.0
2022-11-29 10:30:00-05:00,56.45000076293945,56.529998779296875,55.97999954223633,56.029998779296875,7269,0.0,0.0
2022-11-29 11:30:00-05:00,56.0099983215332,56.14500045776367,56.0099983215332,56.14500045776367,4838,0.0,0.0
2022-11-29 12:30:00-05:00,56.20000076293945,56.2400016784668,56.08000183105469,56.13999938964844,5222,0.0,0.0
2022-11-29 13:30:00-05:00,56.13999938964844,56.18000030517578,56.04999923706055,56.08000183105469,4704,0.0,0.0
2022-11-29 14:30:00-05:00,56.040000915527344,56.189998626708984,56.0099983215332,56.150001525878906,4785,0.0,0.0
2022-11-29 15:30:00-05:00,56.18000030517578,56.22549819946289,55.93000030517578,55.939998626708984,20941,0.0,0.0
2022-11-30 09:30:00-05:00,55.9900016784668,55.9900016784668,54.95000076293945,54.95000076293945,8760,0.0,0.0
2022-11-30 10:30:00-05:00,54.90999984741211,55.439998626708984,54.90999984741211,55.439998626708984,8787,0.0,0.0
2022-11-30 11:30:00-05:00,55.290000915527344,55.380001068115234,55.20000076293945,55.20000076293945,4731,0.0,0.0
2022-11-30 12:30:00-05:00,55.20000076293945,55.470001220703125,55.20000076293945,55.456199645996094,3731,0.0,0.0
2022-11-30 13:30:00-05:00,55.349998474121094,56.38999938964844,55.34000015258789,56.375,10164,0.0,0.0
2022-11-30 14:30:00-05:00,56.380001068115234,56.619998931884766,56.380001068115234,56.470001220703125,10382,0.0,0.0
2022-11-30 15:30:00-05:00,56.52000045776367,57.064998626708984,56.52000045776367,56.90999984741211,26556,0.0,0.0
2022-12-01 09:30:00-05:00,57.02000045776367,57.279998779296875,56.630001068115234,56.790000915527344,7676,0.0,0.0
2022-12-01 10:30:00-05:00,56.76499938964844,57.70000076293945,56.58000183105469,57.360801696777344,9179,0.0,0.0
2022-12-01 11:30:00-05:00,57.310001373291016,57.459999084472656,57.150001525878906,57.400001525878906,5831,0.0,0.0
2022-12-01 12:30:00-05:00,57.34000015258789,57.40999984741211,57.2400016784668,57.2400016784668,2945,0.0,0.0
2022-12-01 13:30:00-05:00,57.220001220703125,57.34000015258789,57.099998474121094,57.34000015258789,4068,0.0,0.0
2022-12-01 14:30:00-05:00,57.470001220703125,57.61000061035156,57.39500045776367,57.400001525878906,4329,0.0,0.0
2022-12-01 15:30:00-05:00,57.4900016784668,57.494998931884766,57.20000076293945,57.209999084472656,13453,0.0,0.0
2022-12-02 09:30:00-05:00,56.88999938964844,57.15999984741211,56.63999938964844,57.15999984741211,8534,0.0,0.0
2022-12-02 10:30:00-05:00,57.06999969482422,57.27000045776367,56.84000015258789,56.94499969482422,7360,0.0,0.0
2022-12-02 11:30:00-05:00,56.94499969482422,57.41999816894531,56.94499969482422,57.400001525878906,6186,0.0,0.0
2022-12-02 12:30:00-05:00,57.400001525878906,57.400001525878906,56.93000030517578,56.93000030517578,4357,0.0,0.0
2022-12-02 13:30:00-05:00,56.95000076293945,57.279998779296875,56.95000076293945,57.279998779296875,6533,0.0,0.0
2022-12-02 14:30:00-05:00,57.220001220703125,57.540000915527344,57.220001220703125,57.45000076293945,6385,0.0,0.0
2022-12-02 15:30:00-05:00,57.369998931884766,57.540000915527344,57.27000045776367,57.529998779296875,13892,0.0,0.0
2022-12-05 09:30:00-05:00,56.9900016784668,56.9900016784668,56.130001068115234,56.130001068115234,15371,0.0,0.0
2022-12-05 10:30:00-05:00,56.1150016784668,56.16999816894531,55.8849983215332,55.935001373291016,7979,0.0,0.0
2022-12-05 11:30:00-05:00,55.8849983215332,56.0,55.70000076293945,56.0,7987,0.0,0.0
2022-12-05 12:30:00-05:00,55.9900016784668,56.22999954223633,55.959999084472656,56.04999923706055,8455,0.0,0.0
2022-12-05 13:30:00-05:00,56.060001373291016,56.224998474121094,56.029998779296875,56.095001220703125,6358,0.0,0.0
2022-12-05 14:30:00-05:00,56.09000015258789,56.2400016784668,56.08000183105469,56.130001068115234,12616,0.0,0.0
2022-12-05 15:30:00-05:00,56.125,56.25,56.060001373291016,56.20000076293945,19920,0.0,0.0
2022-12-06 09:30:00-05:00,55.900001525878906,56.22999954223633,55.83890151977539,55.96989822387695,6085,0.0,0.0
2022-12-06 10:30:00-05:00,55.709999084472656,55.709999084472656,55.4370002746582,55.4370002746582,5381,0.0,0.0
2022-12-06 11:30:00-05:00,55.3650016784668,55.44499969482422,55.34000015258789,55.44499969482422,3732,0.0,0.0
2022-12-06 12:30:00-05:00,55.5,55.70000076293945,55.400001525878906,55.42499923706055,4809,0.0,0.0
2022-12-06 13:30:00-05:00,55.43000030517578,55.540000915527344,55.380001068115234,55.459999084472656,6312,0.0,0.0
2022-12-06 14:30:00-05:00,55.459999084472656,55.4900016784668,55.25,55.38999938964844,6599,0.0,0.0
2022-12-06 15:30:00-05:00,55.310001373291016,55.70500183105469,55.310001373291016,55.52000045776367,17307,0.0,0.0
2022-12-07 09:30:00-05:00,55.5099983215332,55.52000045776367,55.17900085449219,55.400001525878906,4077,0.0,0.0
2022-12-07 10:30:00-05:00,55.42499923706055,55.689998626708984,55.22999954223633,55.22999954223633,10155,0.0,0.0
2022-12-07 11:30:00-05:00,55.209999084472656,55.540000915527344,55.209999084472656,55.4900016784668,8076,0.0,0.0
2022-12-07 12:30:00-05:00,55.58000183105469,55.7400016784668,55.52000045776367,55.669898986816406,4364,0.0,0.0
2022-12-07 13:30:00-05:00,55.61000061035156,55.61000061035156,55.36000061035156,55.45000076293945,7062,0.0,0.0
2022-12-07 14:30:00-05:00,55.36000061035156,55.47999954223633,55.2400016784668,55.25,6911,0.0,0.0
2022-12-07 15:30:00-05:00,55.29999923706055,55.33000183105469,55.06999969482422,55.099998474121094,18993,0.0,0.0
2022-12-08 09:30:00-05:00,55.36000061035156,55.36000061035156,54.84000015258789,55.15999984741211,5822,0.0,0.0
2022-12-08 10:30:00-05:00,55.150001525878906,55.220001220703125,54.84000015258789,54.900001525878906,5164,0.0,0.0
2022-12-08 11:30:00-05:00,54.869998931884766,55.099998474121094,54.79999923706055,54.84000015258789,6963,0.0,0.0
2022-12-08 12:30:00-05:00,54.88999938964844,55.099998474121094,54.79999923706055,55.04999923706055,5302,0.0,0.0
2022-12-08 13:30:00-05:00,54.9900016784668,55.11000061035156,54.76499938964844,54.869998931884766,9210,0.0,0.0
2022-12-08 14:30:00-05:00,54.79999923706055,55.08000183105469,54.79999923706055,55.0099983215332,9572,0.0,0.0
2022-12-08 15:30:00-05:00,55.0,55.189998626708984,54.91999816894531,55.18000030517578,18592,0.0,0.0
2022-12-09 09:30:00-05:00,54.90999984741211,55.35499954223633,54.83000183105469,54.970001220703125,3880,0.0,0.0
2022-12-09 10:30:00-05:00,55.0099983215332,55.20989990234375,54.86000061035156,55.05500030517578,5032,0.0,0.0
2022-12-09 11:30:00-05:00,54.9900016784668,55.31999969482422,54.9900016784668,55.314998626708984,4823,0.0,0.0
2022-12-09 12:30:00-05:00,55.36000061035156,55.42720031738281,55.130001068115234,55.22999954223633,6035,0.0,0.0
2022-12-09 13:30:00-05:00,55.165000915527344,55.16999816894531,55.0099983215332,55.16999816894531,6843,0.0,0.0
2022-12-09 14:30:00-05:00,55.31999969482422,55.33000183105469,55.16999816894531,55.16999816894531,9487,0.0,0.0
2022-12-09 15:30:00-05:00,55.08000183105469,55.08000183105469,54.869998931884766,54.869998931884766,14308,0.0,0.0
2022-12-12 09:30:00-05:00,54.5099983215332,54.5099983215332,51.79999923706055,51.97999954223633,28129,0.0,0.0
2022-12-12 10:30:00-05:00,52.02000045776367,52.5099983215332,51.540000915527344,52.5099983215332,31670,0.0,0.0
2022-12-12 11:30:00-05:00,52.5,53.08700180053711,52.40999984741211,53.07500076293945,14490,0.0,0.0
2022-12-12 12:30:00-05:00,53.02000045776367,53.86000061035156,53.02000045776367,53.77920150756836,14123,0.0,0.0
2022-12-12 13:30:00-05:00,53.900001525878906,54.18000030517578,53.79999923706055,53.93000030517578,18258,0.0,0.0
2022-12-12 14:30:00-05:00,53.83000183105469,54.06999969482422,53.66999816894531,53.90999984741211,21238,0.0,0.0
2022-12-12 15:30:00-05:00,53.83000183105469,54.470001220703125,53.83000183105469,54.189998626708984,49685,0.0,0.0
2022-12-13 09:30:00-05:00,54.65999984741211,55.220001220703125,53.77000045776367,53.91999816894531,25829,0.0,0.0
2022-12-13 10:30:00-05:00,53.78160095214844,54.220001220703125,53.78160095214844,53.880001068115234,15990,0.0,0.0
2022-12-13 11:30:00-05:00,53.900001525878906,54.04999923706055,53.61000061035156,54.02799987792969,12381,0.0,0.0
2022-12-13 12:30:00-05:00,54.11000061035156,54.33000183105469,53.880001068115234,54.33000183105469,9489,0.0,0.0
2022-12-13 13:30:00-05:00,54.349998474121094,54.560001373291016,54.2599983215332,54.28499984741211,15655,0.0,0.0
2022-12-13 14:30:00-05:00,54.30400085449219,54.30500030517578,53.880001068115234,54.09000015258789,30647,0.0,0.0
2022-12-13 15:30:00-05:00,54.13999938964844,54.13999938964844,53.279998779296875,53.91999816894531,86280,0.0,0.0
2022-12-14 09:30:00-05:00,53.9900016784668,53.9900016784668,52.9984016418457,53.334999084472656,17094,0.0,0.0
2022-12-14 10:30:00-05:00,53.34000015258789,53.66999816894531,53.08000183105469,53.650001525878906,12032,0.0,0.0
2022-12-14 11:30:00-05:00,53.63999938964844,53.974998474121094,53.63999938964844,53.86000061035156,13894,0.0,0.0
2022-12-14 12:30:00-05:00,53.86000061035156,54.099998474121094,53.86000061035156,53.95000076293945,12750,0.0,0.0
2022-12-14 13:30:00-05:00,54.064998626708984,54.064998626708984,53.029998779296875,53.06999969482422,9990,0.0,0.0
2022-12-14 14:30:00-05:00,53.17359924316406,53.540000915527344,52.529998779296875,52.91999816894531,28295,0.0,0.0
2022-12-14 15:30:00-05:00,52.88999938964844,53.40999984741211,52.70500183105469,53.380001068115234,32690,0.0,0.0
2022-12-15 09:30:00-05:00,53.18000030517578,53.22999954223633,52.58000183105469,52.630001068115234,14008,0.0,0.0
2022-12-15 10:30:00-05:00,52.560001373291016,52.834999084472656,52.31999969482422,52.32500076293945,24893,0.0,0.0
2022-12-15 11:30:00-05:00,52.27000045776367,52.33000183105469,52.119998931884766,52.119998931884766,8482,0.0,0.0
2022-12-15 12:30:00-05:00,52.18000030517578,52.6349983215332,52.11000061035156,52.6349983215332,16384,0.0,0.0
2022-12-15 13:30:00-05:00,52.665000915527344,52.66999816894531,52.49980163574219,52.599998474121094,17015,0.0,0.0
2022-12-15 14:30:00-05:00,52.4900016784668,53.16999816894531,52.4900016784668,52.95500183105469,18491,0.0,0.0
2022-12-15 15:30:00-05:00,53.0099983215332,53.08000183105469,52.77000045776367,52.89500045776367,24778,0.0,0.0
2022-12-16 09:30:00-05:00,52.650001525878906,53.720001220703125,52.650001525878906,53.15999984741211,65115,0.0,0.0
2022-12-16 10:30:00-05:00,53.15999984741211,53.290000915527344,52.91999816894531,53.130001068115234,14204,0.0,0.0
2022-12-16 11:30:00-05:00,52.939998626708984,52.939998626708984,52.52000045776367,52.689998626708984,11775,0.0,0.0
2022-12-16 12:30:00-05:00,52.66999816894531,52.66999816894531,52.1349983215332,52.1349983215332,12360,0.0,0.0
2022-12-16 13:30:00-05:00,52.185001373291016,52.41999816894531,52.08000183105469,52.349998474121094,12668,0.0,0.0
2022-12-16 14:30:00-05:00,52.22999954223633,52.5,52.22999954223633,52.33000183105469,14904,0.0,0.0
2022-12-16 15:30:00-05:00,52.40999984741211,52.7599983215332,52.279998779296875,52.61000061035156,40875,0.0,0.0
2022-12-19 09:30:00-05:00,52.959999084472656,53.54999923706055,52.380001068115234,53.5,11975,0.0,0.0
2022-12-19 10:30:00-05:00,53.54999923706055,53.599998474121094,53.18000030517578,53.31999969482422,14731,0.0,0.0
2022-12-19 11:30:00-05:00,53.29999923706055,53.3650016784668,53.220001220703125,53.29999923706055,10188,0.0,0.0
2022-12-19 12:30:00-05:00,53.220001220703125,53.540000915527344,53.220001220703125,53.349998474121094,28317,0.0,0.0
2022-12-19 13:30:00-05:00,53.345001220703125,53.345001220703125,53.11000061035156,53.165000915527344,13619,0.0,0.0
2022-12-19 14:30:00-05:00,53.15999984741211,53.15999984741211,52.86000061035156,53.11000061035156,12790,0.0,0.0
2022-12-19 15:30:00-05:00,53.06999969482422,53.25,53.064998626708984,53.150001525878906,18968,0.0,0.0
2022-12-20 09:30:00-05:00,53.189998626708984,53.31999969482422,53.119998931884766,53.150001525878906,6058,0.0,0.0
2022-12-20 10:30:00-05:00,53.154998779296875,53.650001525878906,53.154998779296875,53.459999084472656,5826,0.0,0.0
2022-12-20 11:30:00-05:00,53.494998931884766,53.560001373291016,53.099998474121094,53.119998931884766,13052,0.0,0.0
2022-12-20 12:30:00-05:00,53.11000061035156,53.380001068115234,53.029998779296875,53.380001068115234,5341,0.0,0.0
2022-12-20 13:30:00-05:00,53.38999938964844,53.40999984741211,53.279998779296875,53.349998474121094,5341,0.0,0.0
2022-12-20 14:30:00-05:00,53.36000061035156,53.439998626708984,53.314998626708984,53.400001525878906,8397,0.0,0.0
2022-12-20 15:30:00-05:00,53.400001525878906,53.459999084472656,53.16999816894531,53.2400016784668,20202,0.0,0.0
2022-12-21 09:30:00-05:00,53.779998779296875,53.880001068115234,53.48500061035156,53.500301361083984,14049,0.0,0.0
2022-12-21 10:30:00-05:00,53.790000915527344,53.834999084472656,53.665000915527344,53.69499969482422,8341,0.0,0.0
2022-12-21 11:30:00-05:00,53.737998962402344,53.75,53.275001525878906,53.279998779296875,17770,0.0,0.0
2022-12-21 12:30:00-05:00,53.29999923706055,53.459999084472656,53.22999954223633,53.345001220703125,25210,0.0,0.0
2022-12-21 13:30:00-05:00,53.44499969482422,53.54999923706055,53.25,53.27000045776367,31916,0.0,0.0
2022-12-21 14:30:00-05:00,53.279998779296875,53.369998931884766,53.02000045776367,53.125,29026,0.0,0.0
2022-12-21 15:30:00-05:00,53.119998931884766,53.2599983215332,52.974998474121094,53.04999923706055,47778,0.0,0.0
2022-12-22 09:30:00-05:00,52.779998779296875,53.10499954223633,52.650001525878906,52.86000061035156,12984,0.0,0.0
2022-12-22 10:30:00-05:00,52.849998474121094,53.06999969482422,52.83000183105469,52.939998626708984,8462,0.0,0.0
2022-12-22 11:30:00-05:00,53.060001373291016,53.095001220703125,52.95000076293945,53.060001373291016,5881,0.0,0.0
2022-12-22 12:30:00-05:00,53.029998779296875,53.09000015258789,52.915000915527344,52.97999954223633,8502,0.0,0.0
2022-12-22 13:30:00-05:00,52.96500015258789,52.96500015258789,52.7599983215332,52.869998931884766,9719,0.0,0.0
2022-12-22 14:30:00-05:00,52.81999969482422,53.09000015258789,52.814998626708984,53.029998779296875,10312,0.0,0.0
2022-12-22 15:30:00-05:00,53.06999969482422,53.209999084472656,53.025001525878906,53.040000915527344,17567,0.0,0.0
2022-12-23 09:30:00-05:00,53.119998931884766,53.47090148925781,53.119998931884766,53.29999923706055,8371,0.0,0.0
2022-12-23 10:30:00-05:00,53.29499816894531,53.38999938964844,53.25,53.28499984741211,10925,0.0,0.0
2022-12-23 11:30:00-05:00,53.28499984741211,53.474998474121094,53.28499984741211,53.470001220703125,4625,0.0,0.0
2022-12-23 12:30:00-05:00,53.52000045776367,53.744998931884766,53.52000045776367,53.73500061035156,8454,0.0,0.0
2022-12-23 13:30:00-05:00,53.76499938964844,53.795799255371094,53.529998779296875,53.67499923706055,12766,0.0,0.0
2022-12-23 14:30:00-05:00,53.7400016784668,53.91999816894531,53.69499969482422,53.72999954223633,9986,0.0,0.0
2022-12-23 15:30:00-05:00,53.76499938964844,53.869998931884766,53.720001220703125,53.83000183105469,24421,0.0,0.0
2022-12-27 09:30:00-05:00,53.75,54.20500183105469,53.689998626708984,54.201698303222656,10088,0.0,0.0
2022-12-27 10:30:00-05:00,54.099998474121094,54.25,54.0,54.060001373291016,5873,0.0,0.0
2022-12-27 11:30:00-05:00,54.13999938964844,54.31999969482422,54.099998474121094,54.16999816894531,3301,0.0,0.0
2022-12-27 12:30:00-05:00,54.20000076293945,54.31999969482422,54.06999969482422,54.31999969482422,4390,0.0,0.0
2022-12-27 13:30:00-05:00,54.26250076293945,54.31999969482422,54.025001525878906,54.029998779296875,8991,0.0,0.0
2022-12-27 14:30:00-05:00,53.97999954223633,54.22999954223633,53.869998931884766,54.22999954223633,9369,0.0,0.0
2022-12-27 15:30:00-05:00,54.16999816894531,54.220001220703125,53.93000030517578,53.939998626708984,17112,0.0,0.0
2022-12-28 09:30:00-05:00,53.939998626708984,54.21329879760742,53.529998779296875,53.529998779296875,12085,0.0,0.0
2022-12-28 10:30:00-05:00,53.665000915527344,53.81999969482422,53.54999923706055,53.81999969482422,6018,0.0,0.0
2022-12-28 11:30:00-05:00,53.69499969482422,53.69499969482422,53.27000045776367,53.33000183105469,6183,0.0,0.0
2022-12-28 12:30:00-05:00,53.310001373291016,53.349998474121094,53.2400016784668,53.2400016784668,8541,0.0,0.0
2022-12-28 13:30:00-05:00,53.209999084472656,53.25,53.01620101928711,53.099998474121094,6403,0.0,0.0
2022-12-28 14:30:00-05:00,53.099998474121094,53.20000076293945,52.84000015258789,52.900001525878906,13761,0.0,0.0
2022-12-28 15:30:00-05:00,52.95000076293945,52.959999084472656,52.709999084472656,52.709999084472656,17756,0.0,0.0
2022-12-29 09:30:00-05:00,52.650001525878906,52.91749954223633,52.505001068115234,52.54499816894531,9246,0.0,0.0
2022-12-29 10:30:00-05:00,52.689998626708984,52.720001220703125,52.540000915527344,52.669898986816406,11423,0.0,0.0
2022-12-29 11:30:00-05:00,52.61180114746094,53.029998779296875,52.540000915527344,52.880001068115234,14816,0.0,0.0
2022-12-29 12:30:00-05:00,52.88999938964844,53.15999984741211,52.88999938964844,52.89500045776367,9448,0.0,0.0
2022-12-29 13:30:00-05:00,52.88999938964844,53.1150016784668,52.88999938964844,52.97999954223633,13802,0.0,0.0
2022-12-29 14:30:00-05:00,52.970001220703125,53.0099983215332,52.61000061035156,52.650001525878906,15471,0.0,0.0
2022-12-29 15:30:00-05:00,52.650001525878906,52.8849983215332,52.61000061035156,52.790000915527344,28747,0.0,0.0
2022-12-30 09:30:00-05:00,52.65999984741211,52.959999084472656,52.27000045776367,52.828399658203125,12727,0.0,0.0
2022-12-30 10:30:00-05:00,52.880001068115234,52.89500045776367,52.560001373291016,52.625,14052,0.0,0.0
2022-12-30 11:30:00-05:00,52.59000015258789,52.8650016784668,52.58000183105469,52.849998474121094,9177,0.0,0.0
2022-12-30 12:30:00-05:00,52.794498443603516,52.9900016784668,52.68000030517578,52.724998474121094,8563,0.0,0.0
2022-12-30 13:30:00-05:00,52.67499923706055,52.90999984741211,52.619998931884766,52.619998931884766,14238,0.0,0.0
2022-12-30 14:30:00-05:00,52.65999984741211,52.68149948120117,52.310001373291016,52.54999923706055,14680,0.0,0.0
2022-12-30 15:30:00-05:00,52.54100036621094,52.86000061035156,52.540000915527344,52.83000183105469,28066,0.0,0.0
2023-01-03 09:30:00-05:00,53.130001068115234,53.619998931884766,52.900001525878906,53.029998779296875,21908,0.0,0.0
2023-01-03 10:30:00-05:00,53.220001220703125,53.43000030517578,52.959999084472656,52.959999084472656,14774,0.0,0.0
2023-01-03 11:30:00-05:00,52.959999084472656,53.018001556396484,52.70000076293945,52.8650016784668,11410,0.0,0.0
2023-01-03 12:30:00-05:00,53.02000045776367,53.13999938964844,52.77000045776367,53.13999938964844,7709,0.0,0.0
2023-01-03 13:30:00-05:00,53.08000183105469,53.13999938964844,52.81999969482422,52.81999969482422,8021,0.0,0.0
2023-01-03 14:30:00-05:00,52.8849983215332,53.13999938964844,52.79999923706055,53.02000045776367,22826,0.0,0.0
2023-01-03 15:30:00-05:00,53.0,53.31999969482422,53.0,53.220001220703125,33698,0.0,0.0
2023-01-04 09:30:00-05:00,53.68000030517578,53.790000915527344,53.18000030517578,53.31290054321289,10145,0.0,0.0
2023-01-04 10:30:00-05:00,53.5900993347168,53.72990036010742,53.45000076293945,53.56999969482422,5784,0.0,0.0
2023-01-04 11:30:00-05:00,53.61000061035156,54.099998474121094,53.61000061035156,53.810001373291016,10518,0.0,0.0
2023-01-04 12:30:00-05:00,53.86180114746094,53.90999984741211,53.540000915527344,53.66680145263672,16301,0.0,0.0
2023-01-04 13:30:00-05:00,53.630001068115234,53.650001525878906,53.2400016784668,53.40810012817383,10651,0.0,0.0
2023-01-04 14:30:00-05:00,53.349998474121094,53.560001373291016,53.29999923706055,53.40999984741211,10613,0.0,0.0
2023-01-04 15:30:00-05:00,53.38999938964844,53.47999954223633,53.22999954223633,53.459999084472656,18884,0.0,0.0
2023-01-05 09:30:00-05:00,53.58000183105469,53.588600158691406,52.900001525878906,52.900001525878906,25023,0.0,0.0
2023-01-05 10:30:00-05:00,52.9900016784668,53.04999923706055,52.65570068359375,52.834999084472656,11097,0.0,0.0
2023-01-05 11:30:00-05:00,52.90999984741211,52.9900016784668,52.79999923706055,52.98899841308594,4158,0.0,0.0
2023-01-05 12:30:00-05:00,52.959999084472656,53.31999969482422,52.959999084472656,53.26499938964844,13846,0.0,0.0
2023-01-05 13:30:00-05:00,53.29999923706055,53.29999923706055,53.15999984741211,53.15999984741211,12876,0.0,0.0
2023-01-05 14:30:00-05:00,53.189998626708984,53.439998626708984,53.150001525878906,53.17499923706055,17212,0.0,0.0
2023-01-05 15:30:00-05:00,53.185001373291016,53.290000915527344,53.02000045776367,53.09000015258789,29481,0.0,0.0
2023-01-06 09:30:00-05:00,52.88999938964844,53.36000061035156,52.630001068115234,53.0099983215332,34613,0.0,0.0
2023-01-06 10:30:00-05:00,53.08000183105469,53.439998626708984,52.970001220703125,53.209999084472656,18951,0.0,0.0
2023-01-06 11:30:00-05:00,53.21009826660156,53.41239929199219,53.189998626708984,53.290000915527344,13531,0.0,0.0
2023-01-06 12:30:00-05:00,53.27050018310547,53.29499816894531,53.0099983215332,53.029998779296875,9780,0.0,0.0
2023-01-06 13:30:00-05:00,53.11000061035156,53.44499969482422,53.06999969482422,53.369998931884766,8651,0.0,0.0
2023-01-06 14:30:00-05:00,53.369998931884766,53.56999969482422,53.33000183105469,53.42499923706055,13807,0.0,0.0
2023-01-06 15:30:00-05:00,53.369998931884766,53.435001373291016,53.029998779296875,53.09000015258789,39642,0.0,0.0
2023-01-09 09:30:00-05:00,53.0,53.0,52.29999923706055,52.4900016784668,17422,0.0,0.0
2023-01-09 10:30:00-05:00,52.51499938964844,52.7666015625,52.43000030517578,52.70500183105469,10747,0.0,0.0
2023-01-09 11:30:00-05:00,52.63999938964844,52.63999938964844,52.279998779296875,52.412601470947266,13011,0.0,0.0
2023-01-09 12:30:00-05:00,52.5099983215332,52.5099983215332,51.915000915527344,51.915000915527344,13707,0.0,0.0
2023-01-09 13:30:00-05:00,51.90999984741211,51.9900016784668,51.65999984741211,51.665000915527344,11370,0.0,0.0
2023-01-09 14:30:00-05:00,51.60499954223633,51.63999938964844,51.380001068115234,51.45000076293945,19918,0.0,0.0
2023-01-09 15:30:00-05:00,51.459999084472656,51.59000015258789,51.349998474121094,51.4900016784668,24720,0.0,0.0
2023-01-10 09:30:00-05:00,51.599998474121094,51.650001525878906,51.03499984741211,51.650001525878906,21427,0.0,0.0
2023-01-10 10:30:00-05:00,51.619998931884766,52.0,51.494998931884766,51.81999969482422,15021,0.0,0.0
2023-01-10 11:30:00-05:00,51.775001525878906,52.209999084472656,51.775001525878906,51.95000076293945,7014,0.0,0.0
2023-01-10 12:30:00-05:00,51.880001068115234,52.20750045776367,51.880001068115234,52.01499938964844,9488,0.0,0.0
2023-01-10 13:30:00-05:00,52.09000015258789,52.380001068115234,52.06999969482422,52.380001068115234,9140,0.0,0.0
2023-01-10 14:30:00-05:00,52.40999984741211,52.58000183105469,52.29499816894531,52.45000076293945,14042,0.0,0.0
2023-01-10 15:30:00-05:00,52.439998626708984,52.529998779296875,52.40999984741211,52.45000076293945,17851,0.0,0.0
2023-01-11 09:30:00-05:00,52.72999954223633,52.9900016784668,52.45500183105469,52.5,13624,0.0,0.0
2023-01-11 10:30:00-05:00,52.5,52.54999923706055,52.099998474121094,52.099998474121094,27995,0.0,0.0
2023-01-11 11:30:00-05:00,52.040000915527344,52.38999938964844,51.939998626708984,52.189998626708984,41431,0.0,0.0
2023-01-11 12:30:00-05:00,52.279998779296875,52.400001525878906,52.2400016784668,52.400001525878906,6132,0.0,0.0
2023-01-11 13:30:00-05:00,52.46500015258789,52.52000045776367,52.18000030517578,52.290000915527344,26852,0.0,0.0
2023-01-11 14:30:00-05:00,52.41559982299805,52.58000183105469,52.369998931884766,52.5099983215332,11596,0.0,0.0
2023-01-11 15:30:00-05:00,52.56999969482422,52.56999969482422,52.34000015258789,52.47999954223633,25163,0.0,0.0
2023-01-12 09:30:00-05:00,52.70000076293945,53.15999984741211,52.69499969482422,52.970001220703125,10153,0.0,0.0
2023-01-12 10:30:00-05:00,52.959999084472656,53.13890075683594,52.91999816894531,53.025001525878906,7775,0.0,0.0
2023-01-12 11:30:00-05:00,53.0099983215332,53.349998474121094,52.994998931884766,53.349998474121094,15015,0.0,0.0
2023-01-12 12:30:00-05:00,53.27000045776367,53.27000045776367,52.84000015258789,52.869998931884766,19854,0.0,0.0
2023-01-12 13:30:00-05:00,52.959999084472656,53.15999984741211,52.959999084472656,53.04999923706055,21345,0.0,0.0
2023-01-12 14:30:00-05:00,53.064998626708984,53.27000045776367,53.064998626708984,53.19499969482422,25407,0.0,0.0
2023-01-12 15:30:00-05:00,53.209999084472656,53.224998474121094,53.040000915527344,53.18000030517578,13127,0.0,0.0
2023-01-13 09:30:00-05:00,53.0,53.060001373291016,52.66999816894531,52.92499923706055,12491,0.0,0.0
2023-01-13 10:30:00-05:00,52.95000076293945,53.15999984741211,52.79999923706055,53.15999984741211,19620,0.0,0.0
2023-01-13 11:30:00-05:00,53.203800201416016,53.459999084472656,53.189998626708984,53.45500183105469,5950,0.0,0.0
2023-01-13 12:30:00-05:00,53.40999984741211,53.529998779296875,53.3849983215332,53.529998779296875,7602,0.0,0.0
2023-01-13 13:30:00-05:00,53.52000045776367,53.790000915527344,53.5099983215332,53.529998779296875,13254,0.0,0.0
2023-01-13 14:30:00-05:00,53.529998779296875,53.75,53.529998779296875,53.75,10336,0.0,0.0
2023-01-13 15:30:00-05:00,53.790000915527344,54.150001525878906,53.779998779296875,54.150001525878906,15646,0.0,0.0
2023-01-17 09:30:00-05:00,54.33000183105469,54.91999816894531,54.33000183105469,54.34000015258789,12604,0.0,0.0
2023-01-17 10:30:00-05:00,54.529998779296875,54.529998779296875,53.88999938964844,53.90999984741211,8236,0.0,0.0
2023-01-17 11:30:00-05:00,54.02000045776367,54.130001068115234,53.84000015258789,54.07849884033203,4943,0.0,0.0
2023-01-17 12:30:00-05:00,54.130001068115234,54.15999984741211,54.08000183105469,54.095001220703125,3760,0.0,0.0
2023-01-17 13:30:00-05:00,54.07500076293945,54.18000030517578,53.809200286865234,53.809200286865234,5173,0.0,0.0
2023-01-17 14:30:00-05:00,53.869998931884766,54.099998474121094,53.82500076293945,54.099998474121094,9704,0.0,0.0
2023-01-17 15:30:00-05:00,54.13999938964844,54.189998626708984,54.060001373291016,54.08000183105469,16576,0.0,0.0
2023-01-18 09:30:00-05:00,54.189998626708984,54.39500045776367,54.02000045776367,54.2400016784668,8097,0.0,0.0
2023-01-18 10:30:00-05:00,53.95000076293945,54.02000045776367,53.5099983215332,53.52000045776367,5635,0.0,0.0
2023-01-18 11:30:00-05:00,53.59000015258789,53.59000015258789,53.27000045776367,53.27000045776367,6877,0.0,0.0
2023-01-18 12:30:00-05:00,53.2599983215332,53.369998931884766,53.06999969482422,53.2599983215332,6632,0.0,0.0
2023-01-18 13:30:00-05:00,53.334999084472656,53.481998443603516,53.2599983215332,53.34040069580078,7146,0.0,0.0
2023-01-18 14:30:00-05:00,53.349998474121094,53.45000076293945,53.27939987182617,53.45000076293945,5949,0.0,0.0
2023-01-18 15:30:00-05:00,53.47999954223633,53.54999923706055,53.35499954223633,53.540000915527344,11542,0.0,0.0
2023-01-19 09:30:00-05:00,53.66999816894531,53.880001068115234,53.5,53.642799377441406,5134,0.0,0.0
2023-01-19 10:30:00-05:00,53.564998626708984,53.869998931884766,53.47999954223633,53.775001525878906,5330,0.0,0.0
2023-01-19 11:30:00-05:00,53.81999969482422,54.099998474121094,53.78499984741211,54.02000045776367,8614,0.0,0.0
2023-01-19 12:30:00-05:00,54.02000045776367,54.189998626708984,53.845001220703125,54.189998626708984,4931,0.0,0.0
2023-01-19 13:30:00-05:00,54.31999969482422,54.31999969482422,54.095001220703125,54.27000045776367,5137,0.0,0.0
2023-01-19 14:30:00-05:00,54.25,54.25,53.9900016784668,53.9900016784668,9228,0.0,0.0
2023-01-19 15:30:00-05:00,53.959999084472656,54.099998474121094,53.88999938964844,53.88999938964844,12105,0.0,0.0
2023-01-20 09:30:00-05:00,54.189998626708984,54.25,53.540000915527344,53.88850021362305,16177,0.0,0.0
2023-01-20 10:30:00-05:00,53.959999084472656,54.04999923706055,53.880001068115234,54.0099983215332,5616,0.0,0.0
2023-01-20 11:30:00-05:00,54.18600082397461,54.429901123046875,54.09000015258789,54.429901123046875,5068,0.0,0.0
2023-01-20 12:30:00-05:00,54.40999984741211,54.40999984741211,53.980098724365234,54.20000076293945,11108,0.0,0.0
2023-01-20 13:30:00-05:00,54.2400016784668,54.380001068115234,54.2400016784668,54.244998931884766,4617,0.0,0.0
2023-01-20 14:30:00-05:00,54.36000061035156,54.47999954223633,54.185001373291016,54.41999816894531,7158,0.0,0.0
2023-01-20 15:30:00-05:00,54.290401458740234,54.40999984741211,54.209999084472656,54.400001525878906,14668,0.0,0.0
2023-01-23 09:30:00-05:00,54.560001373291016,54.672000885009766,54.40999984741211,54.61000061035156,4508,0.0,0.0
2023-01-23 10:30:00-05:00,54.540000915527344,54.540000915527344,54.16999816894531,54.16999816894531,7112,0.0,0.0
2023-01-23 11:30:00-05:00,54.09000015258789,54.130001068115234,53.86000061035156,54.064998626708984,6316,0.0,0.0
2023-01-23 12:30:00-05:00,54.0,54.339900970458984,53.95000076293945,54.220001220703125,16847,0.0,0.0
2023-01-23 13:30:00-05:00,54.310001373291016,54.310001373291016,53.66999816894531,53.66999816894531,9239,0.0,0.0
2023-01-23 14:30:00-05:00,53.689998626708984,53.720001220703125,53.40999984741211,53.59000015258789,15754,0.0,0.0
2023-01-23 15:30:00-05:00,53.58000183105469,53.619998931884766,53.470001220703125,53.470001220703125,18827,0.0,0.0
2023-01-24 09:30:00-05:00,53.5099983215332,53.61000061035156,53.040000915527344,53.06999969482422,8369,0.0,0.0
2023-01-24 10:30:00-05:00,53.15999984741211,53.319000244140625,53.10499954223633,53.15999984741211,4410,0.0,0.0
2023-01-24 11:30:00-05:00,53.2400016784668,53.27000045776367,53.04999923706055,53.27000045776367,4491,0.0,0.0
2023-01-24 12:30:00-05:00,53.209999084472656,53.310001373291016,53.209999084472656,53.21549987792969,1855,0.0,0.0
2023-01-24 13:30:00-05:00,53.275001525878906,53.38999938964844,53.244998931884766,53.244998931884766,4375,0.0,0.0
2023-01-24 14:30:00-05:00,53.314998626708984,53.583499908447266,53.314998626708984,53.39500045776367,6912,0.0,0.0
2023-01-24 15:30:00-05:00,53.369998931884766,53.380001068115234,53.099998474121094,53.099998474121094,14093,0.0,0.0
2023-01-25 09:30:00-05:00,53.0,53.494998931884766,52.90999984741211,53.45000076293945,7615,0.0,0.0
2023-01-25 10:30:00-05:00,53.36000061035156,53.36000061035156,52.939998626708984,52.95500183105469,4816,0.0,0.0
2023-01-25 11:30:00-05:00,53.0,53.0,52.81999969482422,52.88999938964844,6100,0.0,0.0
2023-01-25 12:30:00-05:00,52.93000030517578,53.08000183105469,52.900001525878906,53.08000183105469,8262,0.0,0.0
2023-01-25 13:30:00-05:00,53.02000045776367,53.060001373291016,52.79999923706055,53.005001068115234,8801,0.0,0.0
2023-01-25 14:30:00-05:00,52.959999084472656,53.099998474121094,52.86000061035156,53.040000915527344,12646,0.0,0.0
2023-01-25 15:30:00-05:00,53.08000183105469,53.34000015258789,53.08000183105469,53.15999984741211,33984,0.0,0.0
2023-01-26 09:30:00-05:00,53.11000061035156,53.560001373291016,52.32109832763672,52.36000061035156,8677,0.0,0.0
2023-01-26 10:30:00-05:00,52.39500045776367,52.869998931884766,52.369998931884766,52.59000015258789,15245,0.0,0.0
2023-01-26 11:30:00-05:00,52.654998779296875,52.849998474121094,52.60499954223633,52.60499954223633,5106,0.0,0.0
2023-01-26 12:30:00-05:00,52.59450149536133,52.654998779296875,52.494998931884766,52.650001525878906,8297,0.0,0.0
2023-01-26 13:30:00-05:00,52.630001068115234,52.7400016784668,52.47999954223633,52.60499954223633,13545,0.0,0.0
2023-01-26 14:30:00-05:00,52.59000015258789,52.810001373291016,52.54999923706055,52.79999923706055,10785,0.0,0.0
2023-01-26 15:30:00-05:00,52.790000915527344,52.970001220703125,52.790000915527344,52.790000915527344,28383,0.0,0.0
2023-01-27 09:30:00-05:00,52.93000030517578,52.970001220703125,52.5,52.5,11683,0.0,0.0
2023-01-27 10:30:00-05:00,52.29999923706055,52.41999816894531,52.09000015258789,52.189998626708984,11459,0.0,0.0
2023-01-27 11:30:00-05:00,52.25,52.599998474121094,52.25,52.400001525878906,10239,0.0,0.0
2023-01-27 12:30:00-05:00,52.400001525878906,52.599998474121094,52.400001525878906,52.43000030517578,5038,0.0,0.0
2023-01-27 13:30:00-05:00,52.467899322509766,52.630001068115234,52.369998931884766,52.630001068115234,7641,0.0,0.0
2023-01-27 14:30:00-05:00,52.560001373291016,52.77000045776367,52.5,52.7400016784668,14015,0.0,0.0
2023-01-27 15:30:00-05:00,52.720001220703125,52.720001220703125,52.439998626708984,52.439998626708984,13459,0.0,0.0
2023-01-30 09:30:00-05:00,52.40999984741211,52.970001220703125,52.3849983215332,52.59189987182617,15750,0.0,0.0
2023-01-30 10:30:00-05:00,52.63999938964844,52.70500183105469,52.505001068115234,52.56399917602539,8760,0.0,0.0
2023-01-30 11:30:00-05:00,52.56999969482422,52.64870071411133,52.5099983215332,52.54999923706055,7394,0.0,0.0
2023-01-30 12:30:00-05:00,52.58000183105469,52.810001373291016,52.56999969482422,52.810001373291016,8463,0.0,0.0
2023-01-30 13:30:00-05:00,52.779998779296875,52.83000183105469,52.709999084472656,52.709999084472656,7009,0.0,0.0
2023-01-30 14:30:00-05:00,52.72999954223633,52.73030090332031,52.540000915527344,52.68000030517578,10170,0.0,0.0
2023-01-30 15:30:00-05:00,52.630001068115234,52.77000045776367,52.630001068115234,52.7400016784668,15814,0.0,0.0
2023-01-31 09:30:00-05:00,52.77000045776367,53.2400016784668,52.68000030517578,53.19710159301758,20653,0.0,0.0
2023-01-31 10:30:00-05:00,53.21500015258789,53.5,53.099998474121094,53.470001220703125,12943,0.0,0.0
2023-01-31 11:30:00-05:00,53.529998779296875,53.91999816894531,53.493499755859375,53.83000183105469,10701,0.0,0.0
2023-01-31 12:30:00-05:00,53.90999984741211,54.0,53.86000061035156,53.86000061035156,7192,0.0,0.0
2023-01-31 13:30:00-05:00,53.86000061035156,54.05500030517578,53.86000061035156,53.9900016784668,6096,0.0,0.0
2023-01-31 14:30:00-05:00,54.119998931884766,54.415000915527344,54.119998931884766,54.290000915527344,11322,0.0,0.0
2023-01-31 15:30:00-05:00,54.33000183105469,54.40999984741211,53.9900016784668,54.31999969482422,31736,0.0,0.0
2023-02-01 09:30:00-05:00,54.400001525878906,55.220001220703125,54.36000061035156,55.15999984741211,14697,0.0,0.0
2023-02-01 10:30:00-05:00,55.16999816894531,55.16999816894531,54.7599983215332,54.97999954223633,6015,0.0,0.0
2023-02-01 11:30:00-05:00,55.11949920654297,55.16999816894531,55.0,55.04999923706055,3641,0.0,0.0
2023-02-01 12:30:00-05:00,55.09000015258789,55.09989929199219,54.66999816894531,54.755001068115234,9460,0.0,0.0
2023-02-01 13:30:00-05:00,54.7400016784668,55.119998931884766,54.7400016784668,54.89500045776367,4720,0.0,0.0
2023-02-01 14:30:00-05:00,54.83000183105469,55.400001525878906,54.654998779296875,55.29999923706055,23838,0.0,0.0
2023-02-01 15:30:00-05:00,55.380001068115234,55.630001068115234,55.189998626708984,55.2599983215332,23153,0.0,0.0
2023-02-02 09:30:00-05:00,55.060001373291016,55.310001373291016,54.880001068115234,55.29999923706055,12953,0.0,0.0
2023-02-02 10:30:00-05:00,55.58000183105469,55.75,55.36000061035156,55.439998626708984,6701,0.0,0.0
2023-02-02 11:30:00-05:00,55.519901275634766,55.519901275634766,55.310001373291016,55.349998474121094,7339,0.0,0.0
2023-02-02 12:30:00-05:00,55.29999923706055,55.310001373291016,55.099098205566406,55.099098205566406,5425,0.0,0.0
2023-02-02 13:30:00-05:00,55.11000061035156,55.25,54.68000030517578,54.810001373291016,10309,0.0,0.0
2023-02-02 14:30:00-05:00,54.83000183105469,55.029998779296875,54.65999984741211,54.91999816894531,11304,0.0,0.0
2023-02-02 15:30:00-05:00,55.02989959716797,55.189998626708984,54.779998779296875,55.16999816894531,18094,0.0,0.0
2023-02-03 09:30:00-05:00,55.06999969482422,55.27000045776367,54.755001068115234,54.8849983215332,25869,0.0,0.0
2023-02-03 10:30:00-05:00,54.959999084472656,55.290000915527344,54.77009963989258,54.83000183105469,9955,0.0,0.0
2023-02-03 11:30:00-05:00,54.82500076293945,55.08000183105469,54.81999969482422,55.08000183105469,6995,0.0,0.0
2023-02-03 12:30:00-05:00,55.119998931884766,55.20000076293945,54.820098876953125,54.915000915527344,7628,0.0,0.0
2023-02-03 13:30:00-05:00,55.0099983215332,55.09000015258789,54.72999954223633,54.86000061035156,11990,0.0,0.0
2023-02-03 14:30:00-05:00,54.873199462890625,55.18000030517578,54.810001373291016,55.119998931884766,10081,0.0,0.0
2023-02-03 15:30:00-05:00,55.119998931884766,55.220001220703125,55.02000045776367,55.15999984741211,29959,0.0,0.0
2023-02-06 09:30:00-05:00,55.11000061035156,55.11000061035156,54.470001220703125,54.67679977416992,22886,0.0,0.0
2023-02-06 10:30:00-05:00,54.57500076293945,54.65999984741211,54.400001525878906,54.56999969482422,10552,0.0,0.0
2023-02-06 11:30:00-05:00,54.31999969482422,54.5,54.27690124511719,54.29999923706055,8263,0.0,0.0
2023-02-06 12:30:00-05:00,54.279998779296875,54.349998474121094,54.1349983215332,54.349998474121094,9174,0.0,0.0
2023-02-06 13:30:00-05:00,54.349998474121094,54.58000183105469,54.349998474121094,54.4900016784668,14060,0.0,0.0
2023-02-06 14:30:00-05:00,54.47999954223633,54.5099983215332,54.189998626708984,54.41999816894531,21052,0.0,0.0
2023-02-06 15:30:00-05:00,54.41999816894531,54.6349983215332,54.369998931884766,54.45000076293945,25536,0.0,0.0
2023-02-07 09:30:00-05:00,54.08000183105469,54.08000183105469,53.31999969482422,53.31999969482422,12303,0.0,0.0
2023-02-07 10:30:00-05:00,53.37030029296875,53.37030029296875,53.08000183105469,53.09000015258789,5720,0.0,0.0
2023-02-07 11:30:00-05:00,53.08000183105469,53.30619812011719,53.005001068115234,53.2400016784668,10651,0.0,0.0
2023-02-07 12:30:00-05:00,53.220001220703125,53.904998779296875,53.15999984741211,53.55500030517578,9357,0.0,0.0
2023-02-07 13:30:00-05:00,53.43000030517578,53.47999954223633,53.02000045776367,53.41999816894531,11459,0.0,0.0
2023-02-07 14:30:00-05:00,53.529998779296875,53.58000183105469,53.38999938964844,53.47999954223633,8735,0.0,0.0
2023-02-07 15:30:00-05:00,53.470001220703125,53.55500030517578,53.29999923706055,53.29999923706055,25032,0.0,0.0
2023-02-08 09:30:00-05:00,52.939998626708984,53.05500030517578,52.75,53.0,11668,0.0,0.0
2023-02-08 10:30:00-05:00,52.95500183105469,53.029998779296875,52.68000030517578,52.72999954223633,7828,0.0,0.0
2023-02-08 11:30:00-05:00,52.77000045776367,52.845001220703125,52.720001220703125,52.78499984741211,7992,0.0,0.0
2023-02-08 12:30:00-05:00,52.83000183105469,52.959999084472656,52.83000183105469,52.86000061035156,8964,0.0,0.0
2023-02-08 13:30:00-05:00,52.810001373291016,52.810001373291016,52.470001220703125,52.5,11365,0.0,0.0
2023-02-08 14:30:00-05:00,52.470001220703125,52.59000015258789,52.310001373291016,52.54999923706055,18695,0.0,0.0
2023-02-08 15:30:00-05:00,52.54999923706055,52.65999984741211,52.369998931884766,52.369998931884766,27983,0.0,0.0
2023-02-09 09:30:00-05:00,52.880001068115234,53.599998474121094,52.59000015258789,53.09000015258789,23004,0.0,0.0
2023-02-09 10:30:00-05:00,53.165000915527344,53.220001220703125,52.790000915527344,53.1349983215332,11339,0.0,0.0
2023-02-09 11:30:00-05:00,53.17499923706055,53.20100021362305,52.84000015258789,53.150001525878906,8105,0.0,0.0
2023-02-09 12:30:00-05:00,53.21500015258789,53.21500015258789,52.93000030517578,53.040000915527344,7956,0.0,0.0
2023-02-09 13:30:00-05:00,52.95000076293945,53.0,52.880001068115234,52.95000076293945,7638,0.0,0.0
2023-02-09 14:30:00-05:00,52.97999954223633,53.09000015258789,52.83000183105469,52.84000015258789,9188,0.0,0.0
2023-02-09 15:30:00-05:00,52.79999923706055,53.16999816894531,52.79999923706055,53.15999984741211,27059,0.0,0.0
2023-02-10 09:30:00-05:00,53.119998931884766,53.473899841308594,53.099998474121094,53.154998779296875,8527,0.0,0.0
2023-02-10 10:30:00-05:00,53.29990005493164,53.310001373291016,52.904998779296875,53.13999938964844,9759,0.0,0.0
2023-02-10 11:30:00-05:00,53.13999938964844,53.349998474121094,53.08000183105469,53.310001373291016,12619,0.0,0.0
2023-02-10 12:30:00-05:00,53.255001068115234,53.47700119018555,53.19499969482422,53.3650016784668,6301,0.0,0.0
2023-02-10 13:30:00-05:00,53.36000061035156,53.459999084472656,53.1150016784668,53.34000015258789,10746,0.0,0.0
2023-02-10 14:30:00-05:00,53.2599983215332,53.58000183105469,53.21500015258789,53.5,11263,0.0,0.0
2023-02-10 15:30:00-05:00,53.470001220703125,53.58000183105469,53.41999816894531,53.439998626708984,20146,0.0,0.0
2023-02-13 09:30:00-05:00,53.630001068115234,53.90999984741211,53.35430145263672,53.8650016784668,3790,0.0,0.0
2023-02-13 10:30:00-05:00,53.89500045776367,54.0099983215332,53.81999969482422,53.90999984741211,11503,0.0,0.0
2023-02-13 11:30:00-05:00,53.900001525878906,54.150001525878906,53.869998931884766,54.150001525878906,4278,0.0,0.0
2023-02-13 12:30:00-05:00,54.119300842285156,54.119300842285156,53.9900016784668,54.09000015258789,3972,0.0,0.0
2023-02-13 13:30:00-05:00,54.099998474121094,54.22999954223633,54.0,54.08000183105469,5325,0.0,0.0
2023-02-13 14:30:00-05:00,53.974998474121094,53.974998474121094,53.77000045776367,53.880001068115234,8956,0.0,0.0
2023-02-13 15:30:00-05:00,53.88999938964844,54.0,53.79999923706055,53.86000061035156,22762,0.0,0.0
2023-02-14 09:30:00-05:00,53.83000183105469,53.84000015258789,53.54999923706055,53.54999923706055,5638,0.0,0.0
2023-02-14 10:30:00-05:00,53.47999954223633,53.47999954223633,53.25,53.34000015258789,7729,0.0,0.0
2023-02-14 11:30:00-05:00,53.290000915527344,53.44499969482422,53.2599983215332,53.279998779296875,5513,0.0,0.0
2023-02-14 12:30:00-05:00,53.25,53.57609939575195,53.2400016784668,53.45840072631836,10777,0.0,0.0
2023-02-14 13:30:00-05:00,53.33000183105469,53.5,53.060001373291016,53.19990158081055,23320,0.0,0.0
2023-02-14 14:30:00-05:00,53.33000183105469,53.41999816894531,53.18000030517578,53.189998626708984,12134,0.0,0.0
2023-02-14 15:30:00-05:00,53.16999816894531,53.189998626708984,52.70000076293945,52.720001220703125,33993,0.0,0.0
2023-02-15 09:30:00-05:00,52.599998474121094,52.83649826049805,52.380001068115234,52.83649826049805,6078,0.0,0.0
2023-02-15 10:30:00-05:00,52.810001373291016,53.33000183105469,52.810001373291016,53.2599983215332,12636,0.0,0.0
2023-02-15 11:30:00-05:00,53.25,53.399898529052734,53.18000030517578,53.209999084472656,11626,0.0,0.0
2023-02-15 12:30:00-05:00,53.16999816894531,53.290000915527344,53.119998931884766,53.290000915527344,6712,0.0,0.0
2023-02-15 13:30:00-05:00,53.290000915527344,53.34000015258789,53.18000030517578,53.18000030517578,11346,0.0,0.0
2023-02-15 14:30:00-05:00,53.27000045776367,53.4900016784668,53.189998626708984,53.470001220703125,9544,0.0,0.0
2023-02-15 15:30:00-05:00,53.45000076293945,53.4900016784668,53.349998474121094,53.474998474121094,28692,0.0,0.0
2023-02-16 09:30:00-05:00,53.150001525878906,53.29249954223633,53.099998474121094,53.220001220703125,4428,0.0,0.0
2023-02-16 10:30:00-05:00,53.15999984741211,53.310001373291016,53.13999938964844,53.2400016784668,4829,0.0,0.0
2023-02-16 11:30:00-05:00,53.400001525878906,53.52000045776367,53.339698791503906,53.5,3620,0.0,0.0
2023-02-16 12:30:00-05:00,53.505001068115234,53.59000015258789,53.45000076293945,53.55500030517578,4059,0.0,0.0
2023-02-16 13:30:00-05:00,53.55500030517578,53.59000015258789,53.3849983215332,53.529998779296875,11903,0.0,0.0
2023-02-16 14:30:00-05:00,53.54999923706055,53.599998474121094,53.25,53.25,11898,0.0,0.0
2023-02-16 15:30:00-05:00,53.18000030517578,53.290000915527344,53.08000183105469,53.13999938964844,24473,0.0,0.0
2023-02-17 09:30:00-05:00,53.470001220703125,53.61000061035156,53.22999954223633,53.51499938964844,21374,0.0,0.0
2023-02-17 10:30:00-05:00,53.53499984741211,53.53499984741211,53.29499816894531,53.30500030517578,6317,0.0,0.0
2023-02-17 11:30:00-05:00,53.27000045776367,53.595001220703125,53.27000045776367,53.595001220703125,8924,0.0,0.0
2023-02-17 12:30:00-05:00,53.58000183105469,53.595001220703125,53.3849983215332,53.44499969482422,10508,0.0,0.0
2023-02-17 13:30:00-05:00,53.415000915527344,53.630001068115234,53.415000915527344,53.630001068115234,4753,0.0,0.0
2023-02-17 14:30:00-05:00,53.630001068115234,53.630001068115234,53.48500061035156,53.48500061035156,12739,0.0,0.0
2023-02-17 15:30:00-05:00,53.51499938964844,53.560001373291016,53.290000915527344,53.31999969482422,29017,0.0,0.0
2023-02-21 09:30:00-05:00,52.97999954223633,52.97999954223633,52.38999938964844,52.400001525878906,11908,0.0,0.0
2023-02-21 10:30:00-05:00,52.43360137939453,52.470001220703125,52.08000183105469,52.20000076293945,11689,0.0,0.0
2023-02-21 11:30:00-05:00,52.310001373291016,52.5,52.310001373291016,52.5,7678,0.0,0.0
2023-02-21 12:30:00-05:00,52.45000076293945,52.709999084472656,52.43000030517578,52.69879913330078,9366,0.0,0.0
2023-02-21 13:30:00-05:00,52.65999984741211,52.7400016784668,52.400001525878906,52.43949890136719,11481,0.0,0.0
2023-02-21 14:30:00-05:00,52.650001525878906,52.75,52.63999938964844,52.70000076293945,7546,0.0,0.0
2023-02-21 15:30:00-05:00,52.707401275634766,52.76499938964844,52.5,52.5,23304,0.0,0.0
2023-02-22 09:30:00-05:00,52.52000045776367,52.83580017089844,52.52000045776367,52.7599983215332,11435,0.0,0.0
2023-02-22 10:30:00-05:00,52.70000076293945,52.7400016784668,52.52870178222656,52.564998626708984,11799,0.0,0.0
2023-02-22 11:30:00-05:00,52.57550048828125,52.665000915527344,52.5,52.654998779296875,7822,0.0,0.0
2023-02-22 12:30:00-05:00,52.619998931884766,52.619998931884766,52.349998474121094,52.540000915527344,12327,0.0,0.0
2023-02-22 13:30:00-05:00,52.4900016784668,52.5,52.09000015258789,52.18000030517578,11897,0.0,0.0
2023-02-22 14:30:00-05:00,52.15999984741211,52.15999984741211,51.89500045776367,51.93000030517578,17786,0.0,0.0
2023-02-22 15:30:00-05:00,51.880001068115234,52.02000045776367,51.862998962402344,52.0099983215332,32837,0.0,0.0
2023-02-23 09:30:00-05:00,52.22999954223633,52.53499984741211,51.959999084472656,52.27989959716797,9601,0.0,0.0
2023-02-23 10:30:00-05:00,52.189998626708984,52.279998779296875,51.91999816894531,51.91999816894531,10550,0.0,0.0
2023-02-23 11:30:00-05:00,51.880001068115234,51.880001068115234,51.6349983215332,51.70500183105469,8257,0.0,0.0
2023-02-23 12:30:00-05:00,51.69499969482422,51.709999084472656,51.630001068115234,51.64310073852539,6939,0.0,0.0
2023-02-23 13:30:00-05:00,51.72999954223633,51.88999938964844,51.625,51.88999938964844,5372,0.0,0.0
2023-02-23 14:30:00-05:00,51.86000061035156,52.15999984741211,51.79999923706055,52.15999984741211,9239,0.0,0.0
2023-02-23 15:30:00-05:00,52.150001525878906,52.2400016784668,52.0099983215332,52.0099983215332,16665,0.0,0.0
2023-02-24 09:30:00-05:00,51.86000061035156,51.86000061035156,51.0099983215332,51.0099983215332,16729,0.0,0.0
2023-02-24 10:30:00-05:00,51.0,51.2400016784668,50.96009826660156,51.2400016784668,11628,0.0,0.0
2023-02-24 11:30:00-05:00,51.25,51.25,51.04999923706055,51.17499923706055,6550,0.0,0.0
2023-02-24 12:30:00-05:00,51.13010025024414,51.22999954223633,51.040000915527344,51.150001525878906,8301,0.0,0.0
2023-02-24 13:30:00-05:00,51.18000030517578,51.32500076293945,51.16999816894531,51.220001220703125,15215,0.0,0.0
2023-02-24 14:30:00-05:00,51.167598724365234,51.275001525878906,51.11000061035156,51.1150016784668,10084,0.0,0.0
2023-02-24 15:30:00-05:00,51.1150016784668,51.20000076293945,50.95000076293945,51.20000076293945,35631,0.0,0.0
2023-02-27 09:30:00-05:00,51.560001373291016,51.61000061035156,51.255001068115234,51.505001068115234,14310,0.0,0.0
2023-02-27 10:30:00-05:00,51.41999816894531,51.45000076293945,51.23500061035156,51.33000183105469,7923,0.0,0.0
2023-02-27 11:30:00-05:00,51.11000061035156,51.15999984741211,50.97999954223633,51.029998779296875,10032,0.0,0.0
2023-02-27 12:30:00-05:00,51.01499938964844,51.09000015258789,50.95000076293945,51.060001373291016,6174,0.0,0.0
2023-02-27 13:30:00-05:00,51.06990051269531,51.06999969482422,50.959999084472656,50.97999954223633,9900,0.0,0.0
2023-02-27 14:30:00-05:00,50.98929977416992,50.98929977416992,50.834999084472656,50.882301330566406,10935,0.0,0.0
2023-02-27 15:30:00-05:00,50.90999984741211,51.040000915527344,50.82500076293945,50.880001068115234,25453,0.0,0.0
2023-02-28 09:30:00-05:00,50.810001373291016,50.810001373291016,50.33000183105469,50.59000015258789,14140,0.0,0.0
2023-02-28 10:30:00-05:00,50.61909866333008,50.61909866333008,50.369998931884766,50.369998931884766,7813,0.0,0.0
2023-02-28 11:30:00-05:00,50.45000076293945,50.560001373291016,50.255001068115234,50.540000915527344,9677,0.0,0.0
2023-02-28 12:30:00-05:00,50.560001373291016,50.810001373291016,50.47999954223633,50.810001373291016,13670,0.0,0.0
2023-02-28 13:30:00-05:00,50.880001068115234,50.915000915527344,50.810001373291016,50.88999938964844,8453,0.0,0.0
2023-02-28 14:30:00-05:00,50.90999984741211,50.90999984741211,50.7400016784668,50.79499816894531,11835,0.0,0.0
2023-02-28 15:30:00-05:00,50.810001373291016,50.810001373291016,50.5,50.56999969482422,34617,0.0,0.0
2023-03-01 09:30:00-05:00,50.68000030517578,51.099998474121094,50.650001525878906,50.89500045776367,15556,0.0,0.0
2023-03-01 10:30:00-05:00,51.0,51.15999984741211,50.68000030517578,50.845001220703125,9152,0.0,0.0
2023-03-01 11:30:00-05:00,50.88999938964844,51.09000015258789,50.88999938964844,51.06129837036133,11554,0.0,0.0
2023-03-01 12:30:00-05:00,51.04999923706055,51.099998474121094,51.00590133666992,51.05500030517578,5559,0.0,0.0
2023-03-01 13:30:00-05:00,51.0099983215332,51.04999923706055,50.90999984741211,50.97999954223633,8223,0.0,0.0
2023-03-01 14:30:00-05:00,50.970001220703125,51.16999816894531,50.970001220703125,51.16999816894531,11690,0.0,0.0
2023-03-01 15:30:00-05:00,51.18000030517578,51.369998931884766,51.130001068115234,51.130001068115234,29930,0.0,0.0
2023-03-02 09:30:00-05:00,51.0099983215332,51.27000045776367,50.869998931884766,51.18000030517578,8846,0.0,0.0
2023-03-02 10:30:00-05:00,51.31999969482422,51.54999923706055,51.310001373291016,51.54999923706055,7885,0.0,0.0
2023-03-02 11:30:00-05:00,51.5099983215332,51.58000183105469,51.459999084472656,51.47999954223633,5976,0.0,0.0
2023-03-02 12:30:00-05:00,51.52000045776367,51.595001220703125,51.5,51.5,7217,0.0,0.0
2023-03-02 13:30:00-05:00,51.560001373291016,51.69499969482422,51.529998779296875,51.599998474121094,7665,0.0,0.0
2023-03-02 14:30:00-05:00,51.56999969482422,51.56999969482422,51.46500015258789,51.52000045776367,11585,0.0,0.0
2023-03-02 15:30:00-05:00,51.54999923706055,51.59000015258789,51.43000030517578,51.439998626708984,30460,0.0,0.0
2023-03-03 09:30:00-05:00,51.47999954223633,51.5,51.040000915527344,51.20000076293945,11032,0.0,0.0
2023-03-03 10:30:00-05:00,51.20000076293945,51.380001068115234,51.06999969482422,51.275001525878906,10657,0.0,0.0
2023-03-03 11:30:00-05:00,51.36000061035156,51.54999923706055,51.310001373291016,51.4900016784668,5621,0.0,0.0
2023-03-03 12:30:00-05:00,51.54999923706055,51.61000061035156,51.470001220703125,51.470001220703125,16631,0.0,0.0
2023-03-03 13:30:00-05:00,51.54999923706055,51.630001068115234,51.4900016784668,51.59000015258789,5448,0.0,0.0
2023-03-03 14:30:00-05:00,51.63999938964844,51.790000915527344,51.63999938964844,51.790000915527344,5037,0.0,0.0
2023-03-03 15:30:00-05:00,51.750701904296875,51.750701904296875,51.36000061035156,51.38999938964844,28547,0.0,0.0
2023-03-06 09:30:00-05:00,51.400001525878906,51.55500030517578,51.099998474121094,51.18000030517578,15227,0.0,0.0
2023-03-06 10:30:00-05:00,51.19419860839844,51.209999084472656,50.84000015258789,51.119998931884766,17260,0.0,0.0
2023-03-06 11:30:00-05:00,51.130001068115234,51.25,51.099998474121094,51.209999084472656,11252,0.0,0.0
2023-03-06 12:30:00-05:00,51.15999984741211,51.2400016784668,51.13999938964844,51.15999984741211,12149,0.0,0.0
2023-03-06 13:30:00-05:00,51.150001525878906,51.2400016784668,51.005001068115234,51.01499938964844,11554,0.0,0.0
2023-03-06 14:30:00-05:00,50.9900016784668,51.0099983215332,50.7599983215332,50.79999923706055,15360,0.0,0.0
2023-03-06 15:30:00-05:00,50.810001373291016,51.209999084472656,50.7599983215332,51.209999084472656,28181,0.0,0.0
2023-03-07 09:30:00-05:00,51.2400016784668,51.685001373291016,51.040000915527344,51.040000915527344,7329,0.0,0.0
2023-03-07 10:30:00-05:00,51.08000183105469,51.09000015258789,50.70000076293945,50.70000076293945,8980,0.0,0.0
2023-03-07 11:30:00-05:00,50.7599983215332,50.88999938964844,50.689998626708984,50.77000045776367,9514,0.0,0.0
2023-03-07 12:30:00-05:00,50.7495002746582,50.7495002746582,50.52000045776367,50.558998107910156,10646,0.0,0.0
2023-03-07 13:30:00-05:00,50.5099983215332,50.77000045776367,50.5,50.68000030517578,9872,0.0,0.0
2023-03-07 14:30:00-05:00,50.72600173950195,50.79999923706055,50.619998931884766,50.68000030517578,11202,0.0,0.0
2023-03-07 15:30:00-05:00,50.72999954223633,50.900001525878906,50.689998626708984,50.724998474121094,19368,0.0,0.0
2023-03-08 09:30:00-05:00,50.75,51.04999923706055,50.529998779296875,51.019901275634766,6814,0.0,0.0
2023-03-08 10:30:00-05:00,50.97990036010742,50.97990036010742,50.72999954223633,50.780399322509766,3777,0.0,0.0
2023-03-08 11:30:00-05:00,50.87990188598633,50.939998626708984,50.754398345947266,50.754398345947266,5688,0.0,0.0
2023-03-08 12:30:00-05:00,50.68000030517578,50.7599983215332,50.58000183105469,50.59000015258789,5999,0.0,0.0
2023-03-08 13:30:00-05:00,50.625,50.720001220703125,50.540000915527344,50.665000915527344,4716,0.0,0.0
2023-03-08 14:30:00-05:00,50.71039962768555,50.73500061035156,50.630001068115234,50.724998474121094,8031,0.0,0.0
2023-03-08 15:30:00-05:00,50.745399475097656,50.939998626708984,50.745399475097656,50.93000030517578,13132,0.0,0.0
2023-03-09 09:30:00-05:00,51.15999984741211,51.15999984741211,50.654998779296875,50.81999969482422,10648,0.0,0.0
2023-03-09 10:30:00-05:00,50.91999816894531,50.92060089111328,50.77799987792969,50.84000015258789,4887,0.0,0.0
2023-03-09 11:30:00-05:00,50.95000076293945,51.06999969482422,50.88999938964844,51.06999969482422,4575,0.0,0.0
2023-03-09 12:30:00-05:00,50.939998626708984,51.13999938964844,50.939998626708984,51.099998474121094,4296,0.0,0.0
2023-03-09 13:30:00-05:00,51.130001068115234,51.18000030517578,51.0,51.09320068359375,9702,0.0,0.0
2023-03-09 14:30:00-05:00,51.09000015258789,51.09000015258789,50.65599822998047,50.720001220703125,10882,0.0,0.0
2023-03-09 15:30:00-05:00,50.709999084472656,50.810001373291016,50.59000015258789,50.66999816894531,17260,0.0,0.0
2023-03-10 09:30:00-05:00,50.5099983215332,50.625,50.20000076293945,50.20000076293945,17963,0.0,0.0
2023-03-10 10:30:00-05:00,50.279998779296875,50.279998779296875,50.095001220703125,50.2599983215332,8286,0.0,0.0
2023-03-10 11:30:00-05:00,50.310001373291016,50.44499969482422,49.95000076293945,50.0099983215332,8961,0.0,0.0
2023-03-10 12:30:00-05:00,50.040000915527344,50.09000015258789,49.7599983215332,49.814998626708984,15956,0.0,0.0
2023-03-10 13:30:00-05:00,49.7599983215332,49.84000015258789,49.529998779296875,49.72999954223633,11244,0.0,0.0
2023-03-10 14:30:00-05:00,49.67499923706055,50.09000015258789,49.67499923706055,49.935001373291016,14464,0.0,0.0
2023-03-10 15:30:00-05:00,49.900001525878906,50.099998474121094,49.81999969482422,50.099998474121094,28471,0.0,0.0
2023-03-13 09:30:00-04:00,49.81999969482422,51.189998626708984,49.81999969482422,50.459999084472656,31762,0.0,0.0
2023-03-13 10:30:00-04:00,50.560001373291016,51.40999984741211,50.560001373291016,51.32500076293945,30343,0.0,0.0
2023-03-13 11:30:00-04:00,51.369998931884766,51.400001525878906,50.92499923706055,51.37990188598633,34969,0.0,0.0
2023-03-13 12:30:00-04:00,51.32500076293945,51.35499954223633,50.9900016784668,51.16999816894531,25636,0.0,0.0
2023-03-13 13:30:00-04:00,51.16999816894531,51.6349983215332,51.07500076293945,51.5099983215332,41364,0.0,0.0
2023-03-13 14:30:00-04:00,51.52000045776367,51.65999984741211,51.3650016784668,51.44499969482422,53548,0.0,0.0
2023-03-13 15:30:00-04:00,51.45000076293945,51.45000076293945,50.970001220703125,50.97999954223633,31390,0.0,0.0
2023-03-14 09:30:00-04:00,51.689998626708984,52.2400016784668,50.53499984741211,50.7400016784668,20041,0.0,0.0
2023-03-14 10:30:00-04:00,50.76499938964844,51.220001220703125,50.76499938964844,51.08000183105469,14253,0.0,0.0
2023-03-14 11:30:00-04:00,51.04930114746094,51.33000183105469,50.810001373291016,51.279998779296875,18026,0.0,0.0
2023-03-14 12:30:00-04:00,51.279998779296875,51.52000045776367,51.02000045776367,51.209999084472656,21067,0.0,0.0
2023-03-14 13:30:00-04:00,51.119998931884766,51.349998474121094,51.08000183105469,51.349998474121094,18514,0.0,0.0
2023-03-14 14:30:00-04:00,51.380001068115234,51.470001220703125,51.13999938964844,51.20000076293945,25475,0.0,0.0
2023-03-14 15:30:00-04:00,51.189998626708984,51.68000030517578,51.189998626708984,51.68000030517578,44138,0.0,0.0
2023-03-15 09:30:00-04:00,50.939998626708984,51.4900016784668,50.77000045776367,51.27000045776367,15998,0.0,0.0
2023-03-15 10:30:00-04:00,51.255001068115234,51.61000061035156,51.119998931884766,51.334999084472656,15823,0.0,0.0
2023-03-15 11:30:00-04:00,51.334999084472656,51.5099983215332,51.08000183105469,51.08000183105469,12197,0.0,0.0
2023-03-15 12:30:00-04:00,51.130001068115234,51.31999969482422,50.974998474121094,51.29999923706055,14864,0.0,0.0
2023-03-15 13:30:00-04:00,51.26860046386719,52.029998779296875,51.18000030517578,51.9900016784668,19426,0.0,0.0
2023-03-15 14:30:00-04:00,51.970001220703125,52.09000015258789,51.43000030517578,51.72999954223633,28002,0.0,0.0
2023-03-15 15:30:00-04:00,51.70000076293945,51.779998779296875,51.5099983215332,51.68000030517578,42685,0.0,0.0
2023-03-16 09:30:00-04:00,51.40999984741211,51.66999816894531,51.209999084472656,51.33000183105469,10008,0.0,0.0
2023-03-16 10:30:00-04:00,51.5,52.04999923706055,51.42660140991211,51.779998779296875,13118,0.0,0.0
2023-03-16 11:30:00-04:00,51.77000045776367,52.0,51.619998931884766,51.7599983215332,12898,0.0,0.0
2023-03-16 12:30:00-04:00,51.7599983215332,52.09000015258789,51.630001068115234,51.7401008605957,9573,0.0,0.0
2023-03-16 13:30:00-04:00,51.75,51.869998931884766,51.58000183105469,51.63999938964844,10743,0.0,0.0
2023-03-16 14:30:00-04:00,51.66999816894531,51.86000061035156,51.63999938964844,51.779998779296875,10604,0.0,0.0
2023-03-16 15:30:00-04:00,51.75,51.75,51.56999969482422,51.65999984741211,25212,0.0,0.0
2023-03-17 09:30:00-04:00,51.45000076293945,51.48500061035156,50.435001373291016,50.529998779296875,41312,0.0,0.0
2023-03-17 10:30:00-04:00,50.560001373291016,50.7400016784668,50.310001373291016,50.65010070800781,13963,0.0,0.0
2023-03-17 11:30:00-04:00,50.709999084472656,50.849998474121094,50.61000061035156,50.720001220703125,9029,0.0,0.0
2023-03-17 12:30:00-04:00,50.91999816894531,50.91999816894531,50.63999938964844,50.83000183105469,9190,0.0,0.0
2023-03-17 13:30:00-04:00,50.80500030517578,50.939998626708984,50.64120101928711,50.64500045776367,10869,0.0,0.0
2023-03-17 14:30:00-04:00,50.709999084472656,50.79999923706055,50.29499816894531,50.310001373291016,16351,0.0,0.0
2023-03-17 15:30:00-04:00,50.209999084472656,50.650001525878906,50.150001525878906,50.619998931884766,35912,0.0,0.0
2023-03-20 09:30:00-04:00,50.9900016784668,51.630001068115234,50.9900016784668,51.599998474121094,14845,0.0,0.0
2023-03-20 10:30:00-04:00,51.7599983215332,52.150001525878906,51.72999954223633,52.150001525878906,14343,0.0,0.0
2023-03-20 11:30:00-04:00,52.029998779296875,52.029998779296875,51.540000915527344,51.720001220703125,10528,0.0,0.0
2023-03-20 12:30:00-04:00,51.7599983215332,52.1078987121582,51.70500183105469,52.03030014038086,13052,0.0,0.0
2023-03-20 13:30:00-04:00,51.845001220703125,51.939998626708984,51.72460174560547,51.72999954223633,7690,0.0,0.0
2023-03-20 14:30:00-04:00,51.77000045776367,51.810001373291016,51.56999969482422,51.7599983215332,14512,0.0,0.0
2023-03-20 15:30:00-04:00,51.7400016784668,51.775901794433594,51.529998779296875,51.58000183105469,22725,0.0,0.0
2023-03-21 09:30:00-04:00,52.0099983215332,52.91170120239258,51.85499954223633,52.77000045776367,25319,0.0,0.0
2023-03-21 10:30:00-04:00,52.97999954223633,52.97999954223633,52.599998474121094,52.86000061035156,22531,0.0,0.0
2023-03-21 11:30:00-04:00,52.75,52.75,52.040000915527344,52.11000061035156,9697,0.0,0.0
2023-03-21 12:30:00-04:00,52.06999969482422,52.09000015258789,51.79999923706055,52.0098991394043,7908,0.0,0.0
2023-03-21 13:30:00-04:00,51.95000076293945,52.06999969482422,51.790000915527344,51.93000030517578,8718,0.0,0.0
2023-03-21 14:30:00-04:00,52.0099983215332,52.16999816894531,51.84000015258789,52.16999816894531,13248,0.0,0.0
2023-03-21 15:30:00-04:00,52.130001068115234,52.279998779296875,51.939998626708984,52.0,26744,0.0,0.0
2023-03-22 09:30:00-04:00,52.150001525878906,52.400001525878906,51.92499923706055,52.400001525878906,5888,0.0,0.0
2023-03-22 10:30:00-04:00,52.43000030517578,52.45000076293945,52.15999984741211,52.15999984741211,6310,0.0,0.0
2023-03-22 11:30:00-04:00,52.02000045776367,52.400001525878906,52.02000045776367,52.38999938964844,22629,0.0,0.0
2023-03-22 12:30:00-04:00,52.31999969482422,52.31999969482422,51.88999938964844,52.0,4489,0.0,0.0
2023-03-22 13:30:00-04:00,51.97999954223633,52.369998931884766,51.93000030517578,52.119998931884766,12669,0.0,0.0
2023-03-22 14:30:00-04:00,52.150001525878906,52.36000061035156,51.650001525878906,52.02000045776367,21013,0.0,0.0
2023-03-22 15:30:00-04:00,51.98500061035156,51.98500061035156,51.34000015258789,51.369998931884766,28138,0.0,0.0
2023-03-23 09:30:00-04:00,51.56999969482422,51.56999969482422,50.77000045776367,50.93000030517578,12291,0.0,0.0
2023-03-23 10:30:00-04:00,50.93790054321289,51.26499938964844,50.91999816894531,51.1349983215332,7042,0.0,0.0
2023-03-23 11:30:00-04:00,51.099998474121094,51.099998474121094,50.68000030517578,50.80500030517578,7224,0.0,0.0
2023-03-23 12:30:00-04:00,50.77000045776367,50.77000045776367,50.310001373291016,50.40999984741211,5966,0.0,0.0
2023-03-23 13:30:00-04:00,50.43000030517578,50.59000015258789,50.279998779296875,50.349998474121094,7715,0.0,0.0
2023-03-23 14:30:00-04:00,50.29909896850586,50.77000045776367,50.11000061035156,50.29999923706055,18074,0.0,0.0
2023-03-23 15:30:00-04:00,50.25,50.56999969482422,50.209999084472656,50.45000076293945,29473,0.0,0.0
2023-03-24 09:30:00-04:00,50.59000015258789,51.130001068115234,50.43090057373047,51.0,9885,0.0,0.0
2023-03-24 10:30:00-04:00,50.90999984741211,51.06999969482422,50.58000183105469,51.069000244140625,5506,0.0,0.0
2023-03-24 11:30:00-04:00,51.06999969482422,51.25,50.994998931884766,51.09000015258789,8404,0.0,0.0
2023-03-24 12:30:00-04:00,51.09000015258789,51.25,51.04999923706055,51.125,5614,0.0,0.0
2023-03-24 13:30:00-04:00,51.1150016784668,51.21500015258789,51.0099983215332,51.130001068115234,9155,0.0,0.0
2023-03-24 14:30:00-04:00,51.20000076293945,51.349998474121094,51.170101165771484,51.29899978637695,9219,0.0,0.0
2023-03-24 15:30:00-04:00,51.43989944458008,51.439998626708984,51.209999084472656,51.28499984741211,18380,0.0,0.0
2023-03-27 09:30:00-04:00,51.619998931884766,51.90999984741211,51.5099983215332,51.58000183105469,6628,0.0,0.0
2023-03-27 10:30:00-04:00,51.5,51.61000061035156,51.44599914550781,51.540000915527344,5267,0.0,0.0
2023-03-27 11:30:00-04:00,51.599998474121094,51.68000030517578,51.50389862060547,51.68000030517578,5690,0.0,0.0
2023-03-27 12:30:00-04:00,51.650001525878906,51.78499984741211,51.599998474121094,51.72999954223633,5863,0.0,0.0
2023-03-27 13:30:00-04:00,51.810001373291016,51.849998474121094,51.599998474121094,51.650001525878906,10022,0.0,0.0
2023-03-27 14:30:00-04:00,51.68000030517578,51.779998779296875,51.650001525878906,51.7400016784668,5794,0.0,0.0
2023-03-27 15:30:00-04:00,51.7599983215332,51.779998779296875,51.560001373291016,51.720001220703125,18464,0.0,0.0
2023-03-28 09:30:00-04:00,51.72999954223633,52.279998779296875,51.68000030517578,52.11000061035156,12143,0.0,0.0
2023-03-28 10:30:00-04:00,51.869998931884766,52.19169998168945,51.869998931884766,52.095001220703125,11906,0.0,0.0
2023-03-28 11:30:00-04:00,52.06999969482422,52.26300048828125,52.060001373291016,52.2400016784668,6839,0.0,0.0
2023-03-28 12:30:00-04:00,52.20000076293945,52.275001525878906,52.11000061035156,52.11000061035156,5891,0.0,0.0
2023-03-28 13:30:00-04:00,52.060001373291016,52.17610168457031,52.0099983215332,52.10540008544922,5274,0.0,0.0
2023-03-28 14:30:00-04:00,52.18299865722656,52.24300003051758,52.08810043334961,52.11000061035156,7058,0.0,0.0
2023-03-28 15:30:00-04:00,52.09000015258789,52.244998931884766,52.08700180053711,52.13999938964844,18386,0.0,0.0
2023-03-29 09:30:00-04:00,52.33000183105469,52.43000030517578,52.15010070800781,52.32550048828125,5741,0.0,0.0
2023-03-29 10:30:00-04:00,52.290000915527344,52.290000915527344,51.959999084472656,51.959999084472656,7068,0.0,0.0
2023-03-29 11:30:00-04:00,51.9651985168457,51.97990036010742,51.900001525878906,51.970001220703125,4260,0.0,0.0
2023-03-29 12:30:00-04:00,51.95000076293945,52.08000183105469,51.95000076293945,52.04999923706055,6423,0.0,0.0
2023-03-29 13:30:00-04:00,52.060001373291016,52.06829833984375,51.810001373291016,51.8650016784668,9436,0.0,0.0
2023-03-29 14:30:00-04:00,51.900001525878906,51.9900016784668,51.790000915527344,51.875,9978,0.0,0.0
2023-03-29 15:30:00-04:00,51.91999816894531,52.060001373291016,51.83000183105469,52.060001373291016,13444,0.0,0.0
2023-03-30 09:30:00-04:00,52.29999923706055,52.49290084838867,52.25,52.25,5890,0.0,0.0
2023-03-30 10:30:00-04:00,52.29999923706055,52.40999984741211,52.099998474121094,52.40999984741211,18092,0.0,0.0
2023-03-30 11:30:00-04:00,52.43000030517578,52.43000030517578,52.18000030517578,52.18000030517578,3271,0.0,0.0
2023-03-30 12:30:00-04:00,52.218299865722656,52.29999923706055,52.14179992675781,52.20000076293945,6545,0.0,0.0
2023-03-30 13:30:00-04:00,52.15999984741211,52.375,52.15999984741211,52.334999084472656,4639,0.0,0.0
2023-03-30 14:30:00-04:00,52.345001220703125,52.345001220703125,52.18000030517578,52.310001373291016,6761,0.0,0.0
2023-03-30 15:30:00-04:00,52.279998779296875,52.38999938964844,52.22999954223633,52.380001068115234,13933,0.0,0.0
2023-03-31 09:30:00-04:00,52.5,52.72999954223633,52.46500015258789,52.654998779296875,7424,0.0,0.0
2023-03-31 10:30:00-04:00,52.63999938964844,52.810001373291016,52.630001068115234,52.810001373291016,7075,0.0,0.0
2023-03-31 11:30:00-04:00,52.75,52.75,52.5099983215332,52.529998779296875,3524,0.0,0.0
2023-03-31 12:30:00-04:00,52.5,52.5,52.34000015258789,52.375,11755,0.0,0.0
2023-03-31 13:30:00-04:00,52.34000015258789,52.34000015258789,52.169898986816406,52.169898986816406,5014,0.0,0.0
2023-03-31 14:30:00-04:00,52.16999816894531,52.52000045776367,52.130001068115234,52.45000076293945,13207,0.0,0.0
2023-03-31 15:30:00-04:00,52.40999984741211,52.959999084472656,52.369998931884766,52.869998931884766,62237,0.0,0.0
2023-04-03 09:30:00-04:00,52.9900016784668,53.439998626708984,52.75859832763672,53.38999938964844,19962,0.0,0.0
2023-04-03 10:30:00-04:00,53.130001068115234,53.209999084472656,52.75,53.029998779296875,13318,0.0,0.0
2023-04-03 11:30:00-04:00,53.040000915527344,53.22999954223633,53.040000915527344,53.22999954223633,7132,0.0,0.0
2023-04-03 12:30:00-04:00,53.165000915527344,53.18000030517578,53.00899887084961,53.0099983215332,7045,0.0,0.0
2023-04-03 13:30:00-04:00,53.04990005493164,53.279998779296875,53.016998291015625,53.2406005859375,15339,0.0,0.0
2023-04-03 14:30:00-04:00,53.20000076293945,53.45000076293945,53.20000076293945,53.45000076293945,16993,0.0,0.0
2023-04-03 15:30:00-04:00,53.45000076293945,53.4900016784668,53.220001220703125,53.34000015258789,22893,0.0,0.0
2023-04-04 09:30:00-04:00,53.56999969482422,53.56999969482422,53.0,53.09000015258789,11841,0.0,0.0
2023-04-04 10:30:00-04:00,52.83000183105469,53.0,52.63880157470703,52.63880157470703,6319,0.0,0.0
2023-04-04 11:30:00-04:00,52.5099983215332,52.75,52.5,52.68000030517578,8550,0.0,0.0
2023-04-04 12:30:00-04:00,52.6349983215332,52.7400016784668,52.57500076293945,52.689998626708984,6350,0.0,0.0
2023-04-04 13:30:00-04:00,52.72999954223633,52.849998474121094,52.54999923706055,52.61000061035156,10216,0.0,0.0
2023-04-04 14:30:00-04:00,52.560001373291016,52.88999938964844,52.5099983215332,52.68000030517578,14807,0.0,0.0
2023-04-04 15:30:00-04:00,52.67499923706055,52.970001220703125,52.67499923706055,52.970001220703125,14488,0.0,0.0
2023-04-05 09:30:00-04:00,52.939998626708984,53.119998931884766,52.29999923706055,52.41999816894531,18992,0.0,0.0
2023-04-05 10:30:00-04:00,52.45000076293945,52.63999938964844,52.45000076293945,52.560001373291016,13036,0.0,0.0
2023-04-05 11:30:00-04:00,52.599998474121094,52.746299743652344,52.54999923706055,52.65999984741211,5956,0.0,0.0
2023-04-05 12:30:00-04:00,52.7599983215332,52.880001068115234,52.72999954223633,52.880001068115234,8598,0.0,0.0
2023-04-05 13:30:00-04:00,52.93000030517578,52.93000030517578,52.59000015258789,52.72999954223633,9533,0.0,0.0
2023-04-05 14:30:00-04:00,52.689998626708984,52.75,52.59000015258789,52.75,13752,0.0,0.0
2023-04-05 15:30:00-04:00,52.755001068115234,52.939998626708984,52.7400016784668,52.939998626708984,17300,0.0,0.0
2023-04-06 09:30:00-04:00,52.31999969482422,52.56330108642578,52.14500045776367,52.2400016784668,10481,0.0,0.0
2023-04-06 10:30:00-04:00,52.29999923706055,52.29999923706055,51.95000076293945,52.06999969482422,12751,0.0,0.0
2023-04-06 11:30:00-04:00,52.069698333740234,52.130001068115234,51.900001525878906,51.904998779296875,8737,0.0,0.0
2023-04-06 12:30:00-04:00,51.939998626708984,52.07500076293945,51.904998779296875,52.040000915527344,8248,0.0,0.0
2023-04-06 13:30:00-04:00,52.0099983215332,52.0099983215332,51.75,51.83489990234375,9504,0.0,0.0
2023-04-06 14:30:00-04:00,51.79999923706055,51.93299865722656,51.720001220703125,51.779998779296875,10278,0.0,0.0
2023-04-06 15:30:00-04:00,51.79999923706055,51.97999954223633,51.779998779296875,51.869998931884766,19621,0.0,0.0
2023-04-10 09:30:00-04:00,52.0099983215332,52.79499816894531,51.95000076293945,52.619998931884766,11574,0.0,0.0
2023-04-10 10:30:00-04:00,52.584999084472656,52.709999084472656,52.25,52.34000015258789,8072,0.0,0.0
2023-04-10 11:30:00-04:00,52.349998474121094,52.43000030517578,52.13199996948242,52.290000915527344,4809,0.0,0.0
2023-04-10 12:30:00-04:00,52.290000915527344,52.619998931884766,52.290000915527344,52.33000183105469,7187,0.0,0.0
2023-04-10 13:30:00-04:00,52.375,52.5,52.22999954223633,52.400001525878906,12436,0.0,0.0
2023-04-10 14:30:00-04:00,52.380001068115234,52.595001220703125,52.369998931884766,52.56999969482422,7818,0.0,0.0
2023-04-10 15:30:00-04:00,52.529998779296875,52.630001068115234,52.45000076293945,52.54999923706055,21035,0.0,0.0
2023-04-11 09:30:00-04:00,52.58000183105469,53.130001068115234,52.564998626708984,53.04389953613281,15369,0.0,0.0
2023-04-11 10:30:00-04:00,52.92499923706055,53.0,52.709999084472656,52.9900016784668,6968,0.0,0.0
2023-04-11 11:30:00-04:00,52.959999084472656,53.029998779296875,52.86220169067383,52.939998626708984,2779,0.0,0.0
2023-04-11 12:30:00-04:00,53.029998779296875,53.09000015258789,52.959999084472656,52.97999954223633,6605,0.0,0.0
2023-04-11 13:30:00-04:00,53.0,53.22999954223633,52.93000030517578,53.20000076293945,27985,0.0,0.0
2023-04-11 14:30:00-04:00,53.189998626708984,53.38999938964844,53.154998779296875,53.224998474121094,9900,0.0,0.0
2023-04-11 15:30:00-04:00,53.20500183105469,53.20500183105469,52.93000030517578,53.04999923706055,14901,0.0,0.0
2023-04-12 09:30:00-04:00,53.119998931884766,53.279998779296875,53.04999923706055,53.279998779296875,11457,0.0,0.0
2023-04-12 10:30:00-04:00,53.25,53.35609817504883,53.16999816894531,53.33000183105469,23043,0.0,0.0
2023-04-12 11:30:00-04:00,53.22999954223633,53.38999938964844,53.220001220703125,53.3129997253418,3011,0.0,0.0
2023-04-12 12:30:00-04:00,53.2400016784668,53.380001068115234,53.2400016784668,53.36000061035156,3482,0.0,0.0
2023-04-12 13:30:00-04:00,53.279998779296875,53.439998626708984,53.22999954223633,53.22999954223633,6357,0.0,0.0
2023-04-12 14:30:00-04:00,53.18000030517578,53.279998779296875,52.91999816894531,52.91999816894531,6470,0.0,0.0
2023-04-12 15:30:00-04:00,53.060001373291016,53.2400016784668,53.0,53.18000030517578,14093,0.0,0.0
2023-04-13 09:30:00-04:00,52.9900016784668,53.09000015258789,52.8568000793457,53.060001373291016,15361,0.0,0.0
2023-04-13 10:30:00-04:00,53.13999938964844,53.13999938964844,52.95500183105469,53.06999969482422,8387,0.0,0.0
2023-04-13 11:30:00-04:00,53.119998931884766,53.2599983215332,53.06999969482422,53.150001525878906,8697,0.0,0.0
2023-04-13 12:30:00-04:00,53.18259811401367,53.279998779296875,53.18259811401367,53.25,6622,0.0,0.0
2023-04-13 13:30:00-04:00,53.2400016784668,53.349998474121094,53.211299896240234,53.30910110473633,12082,0.0,0.0
2023-04-13 14:30:00-04:00,53.310001373291016,53.36000061035156,53.279998779296875,53.279998779296875,7373,0.0,0.0
2023-04-13 15:30:00-04:00,53.29999923706055,53.415000915527344,53.26499938964844,53.40999984741211,20211,0.0,0.0
2023-04-14 09:30:00-04:00,53.459999084472656,53.689998626708984,53.34000015258789,53.57500076293945,21409,0.0,0.0
2023-04-14 10:30:00-04:00,53.650001525878906,53.83000183105469,53.599998474121094,53.75,21565,0.0,0.0
2023-04-14 11:30:00-04:00,53.75,53.779998779296875,53.42499923706055,53.7599983215332,24283,0.0,0.0
2023-04-14 12:30:00-04:00,53.7400016784668,53.86000061035156,53.53770065307617,53.75,23077,0.0,0.0
2023-04-14 13:30:00-04:00,53.755001068115234,53.810001373291016,53.70000076293945,53.75,48808,0.0,0.0
2023-04-14 14:30:00-04:00,53.79999923706055,53.810001373291016,53.54999923706055,53.75,39211,0.0,0.0
2023-04-14 15:30:00-04:00,53.83000183105469,53.970001220703125,53.79999923706055,53.95000076293945,23651,0.0,0.0
2023-04-17 09:30:00-04:00,54.040000915527344,54.1349983215332,53.8849983215332,54.11000061035156,10808,0.0,0.0
2023-04-17 10:30:00-04:00,54.060001373291016,54.11000061035156,53.88999938964844,54.04999923706055,15399,0.0,0.0
2023-04-17 11:30:00-04:00,54.04999923706055,54.130001068115234,54.029998779296875,54.11000061035156,13987,0.0,0.0
2023-04-17 12:30:00-04:00,54.040000915527344,54.20000076293945,54.040000915527344,54.099998474121094,10342,0.0,0.0
2023-04-17 13:30:00-04:00,54.1349983215332,54.13999938964844,54.000099182128906,54.11000061035156,19735,0.0,0.0
2023-04-17 14:30:00-04:00,54.11000061035156,54.415000915527344,54.11000061035156,54.400001525878906,13949,0.0,0.0
2023-04-17 15:30:00-04:00,54.34000015258789,54.40999984741211,54.224998474121094,54.25,23859,0.0,0.0
2023-04-18 09:30:00-04:00,54.209999084472656,54.34000015258789,54.130001068115234,54.165000915527344,16282,0.0,0.0
2023-04-18 10:30:00-04:00,54.209999084472656,54.209999084472656,54.09000015258789,54.16999816894531,11145,0.0,0.0
2023-04-18 11:30:00-04:00,54.15999984741211,54.279998779296875,54.11000061035156,54.279998779296875,12830,0.0,0.0
2023-04-18 12:30:00-04:00,54.279998779296875,54.470001220703125,54.220001220703125,54.290000915527344,7720,0.0,0.0
2023-04-18 13:30:00-04:00,54.25,54.41999816894531,54.25,54.404998779296875,9226,0.0,0.0
2023-04-18 14:30:00-04:00,54.42499923706055,54.45000076293945,54.275001525878906,54.41999816894531,7084,0.0,0.0
2023-04-18 15:30:00-04:00,54.40999984741211,54.650001525878906,54.38999938964844,54.650001525878906,20083,0.0,0.0
2023-04-19 09:30:00-04:00,54.650001525878906,54.709999084472656,54.27000045776367,54.43000030517578,12340,0.0,0.0
2023-04-19 10:30:00-04:00,54.34000015258789,54.38999938964844,54.16999816894531,54.209999084472656,5281,0.0,0.0
2023-04-19 11:30:00-04:00,54.15999984741211,54.279998779296875,54.150001525878906,54.189998626708984,3027,0.0,0.0
2023-04-19 12:30:00-04:00,54.279998779296875,54.38999938964844,54.2400016784668,54.2599983215332,5570,0.0,0.0
2023-04-19 13:30:00-04:00,54.369998931884766,54.400001525878906,54.2599983215332,54.349998474121094,12998,0.0,0.0
2023-04-19 14:30:00-04:00,54.41999816894531,54.68000030517578,54.41999816894531,54.68000030517578,18193,0.0,0.0
2023-04-19 15:30:00-04:00,54.66999816894531,54.70000076293945,54.5,54.56999969482422,20354,0.0,0.0
2023-04-20 09:30:00-04:00,54.33000183105469,54.41999816894531,54.0,54.099998474121094,6572,0.0,0.0
2023-04-20 10:30:00-04:00,53.9900016784668,54.277000427246094,53.9900016784668,54.060001373291016,4804,0.0,0.0
2023-04-20 11:30:00-04:00,54.060001373291016,54.06999969482422,53.86000061035156,53.880001068115234,7945,0.0,0.0
2023-04-20 12:30:00-04:00,53.849998474121094,53.939998626708984,53.779998779296875,53.86000061035156,8502,0.0,0.0
2023-04-20 13:30:00-04:00,53.869998931884766,53.869998931884766,53.65999984741211,53.810001373291016,4422,0.0,0.0
2023-04-20 14:30:00-04:00,53.75,53.77000045776367,53.540000915527344,53.61000061035156,8582,0.0,0.0
2023-04-20 15:30:00-04:00,53.65999984741211,54.20000076293945,53.65999984741211,54.06999969482422,45392,0.0,0.0
2023-04-21 09:30:00-04:00,54.04999923706055,54.09000015258789,53.78499984741211,53.8849983215332,15068,0.0,0.0
2023-04-21 10:30:00-04:00,53.59000015258789,53.79999923706055,53.54999923706055,53.79999923706055,4773,0.0,0.0
2023-04-21 11:30:00-04:00,53.68000030517578,53.790000915527344,53.630001068115234,53.77370071411133,5311,0.0,0.0
2023-04-21 12:30:00-04:00,53.77000045776367,53.790000915527344,53.59000015258789,53.68000030517578,7316,0.0,0.0
2023-04-21 13:30:00-04:00,53.63999938964844,53.790000915527344,53.63999938964844,53.72999954223633,6790,0.0,0.0
2023-04-21 14:30:00-04:00,53.7599983215332,53.77000045776367,53.68000030517578,53.72999954223633,10477,0.0,0.0
2023-04-21 15:30:00-04:00,53.84000015258789,53.959999084472656,53.7599983215332,53.7599983215332,16803,0.0,0.0
2023-04-24 09:30:00-04:00,53.93000030517578,54.26499938964844,53.93000030517578,54.20000076293945,6773,0.0,0.0
2023-04-24 10:30:00-04:00,54.18199920654297,54.189998626708984,53.939998626708984,54.0099983215332,5682,0.0,0.0
2023-04-24 11:30:00-04:00,54.040000915527344,54.040000915527344,53.959999084472656,54.02000045776367,3954,0.0,0.0
2023-04-24 12:30:00-04:00,54.06999969482422,54.06999969482422,53.939998626708984,54.02000045776367,4625,0.0,0.0
2023-04-24 13:30:00-04:00,54.02000045776367,54.040000915527344,53.84000015258789,53.84000015258789,4370,0.0,0.0
2023-04-24 14:30:00-04:00,53.869998931884766,53.98500061035156,53.81999969482422,53.959999084472656,8605,0.0,0.0
2023-04-24 15:30:00-04:00,53.939998626708984,53.939998626708984,53.65999984741211,53.81999969482422,10888,0.0,0.0
2023-04-25 09:30:00-04:00,53.650001525878906,53.97999954223633,53.529998779296875,53.75,6593,0.0,0.0
2023-04-25 10:30:00-04:00,53.810001373291016,53.939998626708984,53.72999954223633,53.90999984741211,4640,0.0,0.0
2023-04-25 11:30:00-04:00,53.84000015258789,53.939998626708984,53.72999954223633,53.849998474121094,5868,0.0,0.0
2023-04-25 12:30:00-04:00,53.849998474121094,53.875,53.710899353027344,53.720001220703125,3015,0.0,0.0
2023-04-25 13:30:00-04:00,53.70000076293945,53.779998779296875,53.66999816894531,53.779998779296875,2285,0.0,0.0
2023-04-25 14:30:00-04:00,53.77000045776367,53.779998779296875,53.65999984741211,53.720001220703125,5378,0.0,0.0
2023-04-25 15:30:00-04:00,53.709999084472656,53.81999969482422,53.709999084472656,53.81999969482422,13127,0.0,0.0
2023-04-26 09:30:00-04:00,53.54999923706055,53.900001525878906,53.54999923706055,53.650001525878906,4657,0.0,0.0
2023-04-26 10:30:00-04:00,53.650001525878906,53.68000030517578,53.529998779296875,53.557098388671875,4985,0.0,0.0
2023-04-26 11:30:00-04:00,53.630001068115234,53.720001220703125,53.59000015258789,53.707000732421875,8057,0.0,0.0
2023-04-26 12:30:00-04:00,53.709999084472656,53.78499984741211,53.70000076293945,53.709999084472656,3160,0.0,0.0
2023-04-26 13:30:00-04:00,53.709999084472656,53.72999954223633,53.310001373291016,53.400001525878906,8142,0.0,0.0
2023-04-26 14:30:00-04:00,53.415000915527344,53.460601806640625,53.25,53.404998779296875,5443,0.0,0.0
2023-04-26 15:30:00-04:00,53.404998779296875,53.404998779296875,53.290000915527344,53.34000015258789,14893,0.0,0.0
2023-04-27 09:30:00-04:00,53.36000061035156,53.5807991027832,53.2599983215332,53.40999984741211,7887,0.0,0.0
2023-04-27 10:30:00-04:00,53.279998779296875,53.310001373291016,53.18000030517578,53.290000915527344,6397,0.0,0.0
2023-04-27 11:30:00-04:00,53.39500045776367,53.70000076293945,53.39500045776367,53.70000076293945,2326,0.0,0.0
2023-04-27 12:30:00-04:00,53.720001220703125,54.0,53.720001220703125,53.93000030517578,9165,0.0,0.0
2023-04-27 13:30:00-04:00,53.959999084472656,54.209999084472656,53.959999084472656,54.14799880981445,5723,0.0,0.0
2023-04-27 14:30:00-04:00,54.20000076293945,54.25,54.16999816894531,54.2400016784668,5948,0.0,0.0
2023-04-27 15:30:00-04:00,54.2400016784668,54.38999938964844,54.189998626708984,54.38999938964844,18622,0.0,0.0
2023-04-28 09:30:00-04:00,54.529998779296875,54.7599983215332,54.345001220703125,54.6349983215332,7368,0.0,0.0
2023-04-28 10:30:00-04:00,54.70000076293945,55.0,54.529998779296875,54.849998474121094,13921,0.0,0.0
2023-04-28 11:30:00-04:00,54.8650016784668,54.880001068115234,54.709999084472656,54.709999084472656,11218,0.0,0.0
2023-04-28 12:30:00-04:00,54.63010025024414,54.77000045776367,54.63010025024414,54.63999938964844,3140,0.0,0.0
2023-04-28 13:30:00-04:00,54.689998626708984,54.70000076293945,54.439998626708984,54.459999084472656,8588,0.0,0.0
2023-04-28 14:30:00-04:00,54.41999816894531,54.55500030517578,54.349998474121094,54.45000076293945,8005,0.0,0.0
2023-04-28 15:30:00-04:00,54.44499969482422,55.029998779296875,54.4010009765625,54.88999938964844,45736,0.0,0.0
2023-05-01 09:30:00-04:00,54.95000076293945,55.63999938964844,54.95000076293945,55.43000030517578,18004,0.0,0.0
2023-05-01 10:30:00-04:00,55.61000061035156,55.7400016784668,55.25,55.349998474121094,13408,0.0,0.0
2023-05-01 11:30:00-04:00,55.3650016784668,55.42499923706055,55.314998626708984,55.33000183105469,5512,0.0,0.0
2023-05-01 12:30:00-04:00,55.310001373291016,55.381099700927734,55.0099983215332,55.099998474121094,13354,0.0,0.0
2023-05-01 13:30:00-04:00,54.86000061035156,55.02000045776367,54.77000045776367,54.88999938964844,12240,0.0,0.0
2023-05-01 14:30:00-04:00,54.88999938964844,54.88999938964844,54.540000915527344,54.650001525878906,11892,0.0,0.0
2023-05-01 15:30:00-04:00,54.65999984741211,54.689998626708984,54.470001220703125,54.47999954223633,21873,0.0,0.0
2023-05-02 09:30:00-04:00,54.40999984741211,54.40999984741211,53.810001373291016,53.959999084472656,17864,0.0,0.0
2023-05-02 10:30:00-04:00,53.970001220703125,53.970001220703125,53.36000061035156,53.529998779296875,23846,0.0,0.0
2023-05-02 11:30:00-04:00,53.43000030517578,53.739898681640625,53.37200164794922,53.61000061035156,6280,0.0,0.0
2023-05-02 12:30:00-04:00,53.70000076293945,53.905799865722656,53.64500045776367,53.900001525878906,4065,0.0,0.0
2023-05-02 13:30:00-04:00,53.869998931884766,54.06999969482422,53.869998931884766,54.0,4975,0.0,0.0
2023-05-02 14:30:00-04:00,53.900001525878906,54.310001373291016,53.880001068115234,54.310001373291016,10568,0.0,0.0
2023-05-02 15:30:00-04:00,54.2599983215332,54.27000045776367,54.06999969482422,54.130001068115234,12544,0.0,0.0
2023-05-03 09:30:00-04:00,54.29999923706055,54.68000030517578,53.97999954223633,54.08000183105469,15729,0.0,0.0
2023-05-03 10:30:00-04:00,54.119998931884766,54.310001373291016,54.02000045776367,54.310001373291016,4494,0.0,0.0
2023-05-03 11:30:00-04:00,54.27000045776367,54.53499984741211,54.2400016784668,54.404998779296875,3403,0.0,0.0
2023-05-03 12:30:00-04:00,54.51499938964844,54.54999923706055,54.310001373291016,54.310001373291016,3837,0.0,0.0
2023-05-03 13:30:00-04:00,54.20000076293945,54.34000015258789,54.099998474121094,54.30500030517578,8089,0.0,0.0
2023-05-03 14:30:00-04:00,54.28559875488281,54.31999969482422,53.59000015258789,53.619998931884766,17746,0.0,0.0
2023-05-03 15:30:00-04:00,53.54999923706055,53.73500061035156,53.40999984741211,53.4900016784668,17436,0.0,0.0
2023-05-04 09:30:00-04:00,53.189998626708984,53.220001220703125,52.600101470947266,52.9900016784668,15028,0.0,0.0
2023-05-04 10:30:00-04:00,52.970001220703125,53.290000915527344,52.970001220703125,53.040000915527344,12431,0.0,0.0
2023-05-04 11:30:00-04:00,53.0,53.16999816894531,52.91999816894531,53.16999816894531,10564,0.0,0.0
2023-05-04 12:30:00-04:00,53.25,53.36000061035156,53.25,53.35499954223633,2950,0.0,0.0
2023-05-04 13:30:00-04:00,53.2400016784668,53.27000045776367,53.09000015258789,53.209999084472656,7841,0.0,0.0
2023-05-04 14:30:00-04:00,53.189998626708984,53.3651008605957,53.15999984741211,53.279998779296875,7293,0.0,0.0
2023-05-04 15:30:00-04:00,53.20000076293945,53.2400016784668,53.02000045776367,53.18000030517578,10908,0.0,0.0
2023-05-05 09:30:00-04:00,53.45000076293945,53.71500015258789,53.11000061035156,53.494998931884766,14258,0.0,0.0
2023-05-05 10:30:00-04:00,53.59299850463867,53.7400016784668,53.47999954223633,53.7400016784668,9424,0.0,0.0
2023-05-05 11:30:00-04:00,53.79499816894531,53.880001068115234,53.709999084472656,53.709999084472656,5254,0.0,0.0
2023-05-05 12:30:00-04:00,53.67210006713867,53.73500061035156,53.54029846191406,53.65999984741211,8502,0.0,0.0
2023-05-05 13:30:00-04:00,53.67499923706055,53.79999923706055,53.625,53.79999923706055,7545,0.0,0.0
2023-05-05 14:30:00-04:00,53.79999923706055,54.07500076293945,53.79999923706055,53.959999084472656,8113,0.0,0.0
2023-05-05 15:30:00-04:00,54.029998779296875,54.029998779296875,53.93000030517578,54.0,25381,0.0,0.0
2023-05-08 09:30:00-04:00,53.93000030517578,54.380001068115234,53.529998779296875,53.529998779296875,8380,0.0,0.0
2023-05-08 10:30:00-04:00,53.779998779296875,53.779998779296875,53.4900016784668,53.4900016784668,4549,0.0,0.0
2023-05-08 11:30:00-04:00,53.18000030517578,53.41999816894531,53.130001068115234,53.40999984741211,6649,0.0,0.0
2023-05-08 12:30:00-04:00,53.36000061035156,53.459999084472656,53.279998779296875,53.380001068115234,3298,0.0,0.0
2023-05-08 13:30:00-04:00,53.439998626708984,53.5442008972168,53.20000076293945,53.459999084472656,6444,0.0,0.0
2023-05-08 14:30:00-04:00,53.56999969482422,53.56999969482422,53.380001068115234,53.43000030517578,8746,0.0,0.0
2023-05-08 15:30:00-04:00,53.470001220703125,53.5099983215332,53.36000061035156,53.40999984741211,12354,0.0,0.0
2023-05-09 09:30:00-04:00,53.040000915527344,53.130001068115234,52.779998779296875,53.130001068115234,7121,0.0,0.0
2023-05-09 10:30:00-04:00,53.130001068115234,53.290000915527344,53.04999923706055,53.16999816894531,9405,0.0,0.0
2023-05-09 11:30:00-04:00,53.08000183105469,53.35499954223633,53.08000183105469,53.310001373291016,9786,0.0,0.0
2023-05-09 12:30:00-04:00,53.290000915527344,53.34000015258789,53.27000045776367,53.290000915527344,2343,0.0,0.0
2023-05-09 13:30:00-04:00,53.34000015258789,53.59000015258789,53.34000015258789,53.59000015258789,5990,0.0,0.0
2023-05-09 14:30:00-04:00,53.505001068115234,53.630001068115234,53.42169952392578,53.56999969482422,7620,0.0,0.0
2023-05-09 15:30:00-04:00,53.599998474121094,53.61000061035156,53.27000045776367,53.45000076293945,30078,0.0,0.0
2023-05-10 09:30:00-04:00,53.83000183105469,53.83000183105469,53.43000030517578,53.45000076293945,14443,0.0,0.0
2023-05-10 10:30:00-04:00,53.47999954223633,53.720001220703125,53.375,53.54999923706055,9360,0.0,0.0
2023-05-10 11:30:00-04:00,53.54999923706055,53.630001068115234,53.470001220703125,53.540000915527344,4456,0.0,0.0
2023-05-10 12:30:00-04:00,53.47999954223633,53.60350036621094,53.345001220703125,53.439998626708984,8395,0.0,0.0
2023-05-10 13:30:00-04:00,53.45000076293945,53.63999938964844,53.380001068115234,53.5,5651,0.0,0.0
2023-05-10 14:30:00-04:00,53.599998474121094,53.75,53.564998626708984,53.66999816894531,9006,0.0,0.0
2023-05-10 15:30:00-04:00,53.720001220703125,53.76499938964844,53.59000015258789,53.599998474121094,12188,0.0,0.0
2023-05-11 09:30:00-04:00,53.310001373291016,53.599998474121094,52.59000015258789,52.709999084472656,8908,0.0,0.0
2023-05-11 10:30:00-04:00,52.75,52.90999984741211,52.75,52.77000045776367,4639,0.0,0.0
2023-05-11 11:30:00-04:00,52.75,52.88999938964844,52.69419860839844,52.734100341796875,5691,0.0,0.0
2023-05-11 12:30:00-04:00,52.7401008605957,52.814701080322266,52.63999938964844,52.64500045776367,5798,0.0,0.0
2023-05-11 13:30:00-04:00,52.63999938964844,52.72999954223633,52.5,52.54999923706055,7004,0.0,0.0
2023-05-11 14:30:00-04:00,52.65999984741211,52.65999984741211,52.52000045776367,52.619998931884766,4922,0.0,0.0
2023-05-11 15:30:00-04:00,52.630001068115234,52.630001068115234,52.38999938964844,52.459999084472656,21153,0.0,0.0
2023-05-12 09:30:00-04:00,52.5099983215332,52.747501373291016,52.33000183105469,52.44499969482422,3495,0.0,0.0
2023-05-12 10:30:00-04:00,52.34000015258789,52.41339874267578,52.18000030517578,52.369998931884766,6340,0.0,0.0
2023-05-12 11:30:00-04:00,52.38999938964844,52.38999938964844,52.2400016784668,52.2599983215332,3240,0.0,0.0
2023-05-12 12:30:00-04:00,52.279998779296875,52.3650016784668,52.099998474121094,52.27000045776367,7785,0.0,0.0
2023-05-12 13:30:00-04:00,52.25,52.25,52.0,52.03499984741211,5505,0.0,0.0
2023-05-12 14:30:00-04:00,52.029998779296875,52.15999984741211,52.002498626708984,52.11000061035156,6850,0.0,0.0
2023-05-12 15:30:00-04:00,52.13999938964844,52.25,51.9900016784668,52.220001220703125,20665,0.0,0.0
2023-05-15 09:30:00-04:00,52.25,52.380001068115234,51.779998779296875,52.27000045776367,8061,0.0,0.0
2023-05-15 10:30:00-04:00,52.310001373291016,52.47999954223633,52.220001220703125,52.39500045776367,10708,0.0,0.0
2023-05-15 11:30:00-04:00,52.3849983215332,52.529998779296875,52.29999923706055,52.529998779296875,12529,0.0,0.0
2023-05-15 12:30:00-04:00,52.625,52.790000915527344,52.59000015258789,52.59000015258789,5085,0.0,0.0
2023-05-15 13:30:00-04:00,52.459999084472656,52.529998779296875,52.400001525878906,52.529998779296875,4943,0.0,0.0
2023-05-15 14:30:00-04:00,52.45000076293945,52.52000045776367,52.38999938964844,52.439998626708984,9012,0.0,0.0
2023-05-15 15:30:00-04:00,52.400001525878906,52.459999084472656,52.349998474121094,52.36000061035156,20847,0.0,0.0
2023-05-16 09:30:00-04:00,52.16999816894531,52.16999816894531,51.890098571777344,52.04999923706055,8067,0.0,0.0
2023-05-16 10:30:00-04:00,52.06999969482422,52.29999923706055,52.05500030517578,52.29999923706055,5860,0.0,0.0
2023-05-16 11:30:00-04:00,52.279998779296875,52.369998931884766,52.2599983215332,52.359500885009766,3596,0.0,0.0
2023-05-16 12:30:00-04:00,52.41999816894531,52.56999969482422,52.40999984741211,52.4900016784668,5221,0.0,0.0
2023-05-16 13:30:00-04:00,52.459999084472656,52.459999084472656,52.31999969482422,52.31999969482422,4292,0.0,0.0
2023-05-16 14:30:00-04:00,52.349998474121094,52.380001068115234,52.22570037841797,52.22570037841797,10617,0.0,0.0
2023-05-16 15:30:00-04:00,52.25,52.34000015258789,52.15999984741211,52.15999984741211,14319,0.0,0.0
2023-05-17 09:30:00-04:00,52.47999954223633,52.47999954223633,52.040000915527344,52.10499954223633,0,0.0,0.0
2023-05-17 10:30:00-04:00,52.165000915527344,52.279998779296875,52.0099983215332,52.16999816894531,9933,0.0,0.0
2023-05-17 11:30:00-04:00,52.15760040283203,52.52000045776367,52.13999938964844,52.45000076293945,14314,0.0,0.0
2023-05-17 12:30:00-04:00,52.45000076293945,52.70000076293945,52.439998626708984,52.70000076293945,7014,0.0,0.0
2023-05-17 13:30:00-04:00,52.7599983215332,52.83000183105469,52.68000030517578,52.72999954223633,8984,0.0,0.0
2023-05-17 14:30:00-04:00,52.720001220703125,52.875,52.720001220703125,52.75,11845,0.0,0.0
2023-05-17 15:30:00-04:00,52.77000045776367,52.81999969482422,52.54999923706055,52.59000015258789,25149,0.0,0.0
2023-05-18 09:30:00-04:00,52.310001373291016,52.529998779296875,52.099998474121094,52.51499938964844,10613,0.0,0.0
2023-05-18 10:30:00-04:00,52.57500076293945,52.74420166015625,52.540000915527344,52.58000183105469,6376,0.0,0.0
2023-05-18 11:30:00-04:00,52.68000030517578,52.7400016784668,52.59000015258789,52.72999954223633,5832,0.0,0.0
2023-05-18 12:30:00-04:00,52.66999816894531,52.810001373291016,52.630001068115234,52.810001373291016,6165,0.0,0.0
2023-05-18 13:30:00-04:00,52.689998626708984,52.790000915527344,52.619998931884766,52.790000915527344,5814,0.0,0.0
2023-05-18 14:30:00-04:00,52.69499969482422,52.76499938964844,52.63999938964844,52.7400016784668,9592,0.0,0.0
2023-05-18 15:30:00-04:00,52.685001373291016,52.86000061035156,52.650001525878906,52.68000030517578,19278,0.0,0.0
2023-05-19 09:30:00-04:00,52.97999954223633,53.19499969482422,52.79499816894531,53.18000030517578,10956,0.0,0.0
2023-05-19 10:30:00-04:00,53.185001373291016,53.224998474121094,52.95000076293945,52.95000076293945,6669,0.0,0.0
2023-05-19 11:30:00-04:00,52.93000030517578,52.970001220703125,52.83209991455078,52.96500015258789,5383,0.0,0.0
2023-05-19 12:30:00-04:00,52.91999816894531,53.064998626708984,52.91999816894531,53.029998779296875,3734,0.0,0.0
2023-05-19 13:30:00-04:00,53.019901275634766,53.15999984741211,52.94499969482422,53.06999969482422,11424,0.0,0.0
2023-05-19 14:30:00-04:00,53.20000076293945,53.29999923706055,53.0099983215332,53.0099983215332,7726,0.0,0.0
2023-05-19 15:30:00-04:00,52.97999954223633,53.16999816894531,52.970001220703125,52.9900016784668,18501,0.0,0.0
2023-05-22 09:30:00-04:00,53.22999954223633,53.36000061035156,53.130001068115234,53.35499954223633,6514,0.0,0.0
2023-05-22 10:30:00-04:00,53.36750030517578,53.535301208496094,53.20000076293945,53.474998474121094,8380,0.0,0.0
2023-05-22 11:30:00-04:00,53.52000045776367,53.68000030517578,53.45000076293945,53.68000030517578,7433,0.0,0.0
2023-05-22 12:30:00-04:00,53.70000076293945,53.83000183105469,53.59000015258789,53.65999984741211,11038,0.0,0.0
2023-05-22 13:30:00-04:00,53.654998779296875,53.689998626708984,53.599998474121094,53.689998626708984,8459,0.0,0.0
2023-05-22 14:30:00-04:00,53.630001068115234,53.65999984741211,53.45000076293945,53.5,12327,0.0,0.0
2023-05-22 15:30:00-04:00,53.47999954223633,53.47999954223633,53.31999969482422,53.41999816894531,20017,0.0,0.0
2023-05-23 09:30:00-04:00,53.40999984741211,53.86000061035156,53.40999984741211,53.86000061035156,7606,0.0,0.0
2023-05-23 10:30:00-04:00,54.0099983215332,54.41999816894531,53.98500061035156,54.400001525878906,6758,0.0,0.0
2023-05-23 11:30:00-04:00,54.35749816894531,54.40999984741211,54.2599983215332,54.2599983215332,12922,0.0,0.0
2023-05-23 12:30:00-04:00,54.369998931884766,54.630001068115234,54.369998931884766,54.420101165771484,9261,0.0,0.0
2023-05-23 13:30:00-04:00,54.38999938964844,54.689998626708984,54.2400016784668,54.3849983215332,9816,0.0,0.0
2023-05-23 14:30:00-04:00,54.18000030517578,54.345001220703125,53.95000076293945,54.05500030517578,17527,0.0,0.0
2023-05-23 15:30:00-04:00,54.0463981628418,54.1150016784668,53.88999938964844,53.91999816894531,20577,0.0,0.0
2023-05-24 09:30:00-04:00,53.91999816894531,54.18000030517578,53.77000045776367,54.029998779296875,9901,0.0,0.0
2023-05-24 10:30:00-04:00,54.060001373291016,54.439998626708984,54.05009841918945,54.439998626708984,9882,0.0,0.0
2023-05-24 11:30:00-04:00,54.21500015258789,54.279998779296875,54.119998931884766,54.165000915527344,2788,0.0,0.0
2023-05-24 12:30:00-04:00,54.165000915527344,54.2599983215332,54.13999938964844,54.2599983215332,5732,0.0,0.0
2023-05-24 13:30:00-04:00,54.2599983215332,54.40999984741211,54.04999923706055,54.04999923706055,9313,0.0,0.0
2023-05-24 14:30:00-04:00,54.0,54.13999938964844,53.900001525878906,53.97999954223633,12386,0.0,0.0
2023-05-24 15:30:00-04:00,53.90999984741211,54.0,53.630001068115234,53.63999938964844,22482,0.0,0.0
2023-05-25 09:30:00-04:00,53.40999984741211,54.099998474121094,53.40999984741211,53.65999984741211,14113,0.0,0.0
2023-05-25 10:30:00-04:00,53.61000061035156,53.61000061035156,52.650001525878906,52.650001525878906,7333,0.0,0.0
2023-05-25 11:30:00-04:00,52.709999084472656,52.9900016784668,52.58000183105469,52.939998626708984,8521,0.0,0.0
2023-05-25 12:30:00-04:00,52.970001220703125,53.119998931884766,52.83000183105469,53.119998931884766,6332,0.0,0.0
2023-05-25 13:30:00-04:00,53.21500015258789,53.4900016784668,53.18000030517578,53.435001373291016,10793,0.0,0.0
2023-05-25 14:30:00-04:00,53.43000030517578,53.5,53.310001373291016,53.439998626708984,10245,0.0,0.0
2023-05-25 15:30:00-04:00,53.5099983215332,53.68000030517578,53.47999954223633,53.68000030517578,24508,0.0,0.0
2023-05-26 09:30:00-04:00,53.790000915527344,53.790000915527344,53.34000015258789,53.54499816894531,8048,0.0,0.0
2023-05-26 10:30:00-04:00,53.66999816894531,53.88999938964844,53.55009841918945,53.6150016784668,5650,0.0,0.0
2023-05-26 11:30:00-04:00,53.57360076904297,53.709999084472656,53.45000076293945,53.66999816894531,7675,0.0,0.0
2023-05-26 12:30:00-04:00,53.75,53.83000183105469,53.50699996948242,53.50699996948242,5956,0.0,0.0
2023-05-26 13:30:00-04:00,53.56999969482422,53.58000183105469,53.35499954223633,53.380001068115234,5581,0.0,0.0
2023-05-26 14:30:00-04:00,53.375,53.44499969482422,53.119998931884766,53.19499969482422,11802,0.0,0.0
2023-05-26 15:30:00-04:00,53.20000076293945,53.375,53.15999984741211,53.189998626708984,18795,0.0,0.0
2023-05-30 09:30:00-04:00,53.20000076293945,53.20000076293945,52.502899169921875,52.66999816894531,8725,0.0,0.0
2023-05-30 10:30:00-04:00,52.619998931884766,52.619998931884766,51.986000061035156,52.0,13858,0.0,0.0
2023-05-30 11:30:00-04:00,51.95000076293945,52.26499938964844,51.599998474121094,52.2400016784668,13696,0.0,0.0
2023-05-30 12:30:00-04:00,52.279998779296875,52.279998779296875,52.0,52.060001373291016,6363,0.0,0.0
2023-05-30 13:30:00-04:00,51.9900016784668,52.06999969482422,51.850101470947266,51.88999938964844,6067,0.0,0.0
2023-05-30 14:30:00-04:00,51.88999938964844,51.939998626708984,51.779998779296875,51.84000015258789,5096,0.0,0.0
2023-05-30 15:30:00-04:00,51.81999969482422,52.119998931884766,51.7599983215332,52.11000061035156,20133,0.0,0.0
2023-05-31 09:30:00-04:00,52.06999969482422,52.7400016784668,51.744998931884766,51.75,5590,0.0,0.0
2023-05-31 10:30:00-04:00,51.755001068115234,51.93000030517578,51.68000030517578,51.84270095825195,5578,0.0,0.0
2023-05-31 11:30:00-04:00,51.79999923706055,51.86000061035156,51.56999969482422,51.56999969482422,4477,0.0,0.0
2023-05-31 12:30:00-04:00,51.66999816894531,51.95000076293945,51.63999938964844,51.95000076293945,5026,0.0,0.0
2023-05-31 13:30:00-04:00,51.95000076293945,51.9900016784668,51.86000061035156,51.939998626708984,3542,0.0,0.0
2023-05-31 14:30:00-04:00,51.93000030517578,51.93000030517578,51.65999984741211,51.65999984741211,7081,0.0,0.0
2023-05-31 15:30:00-04:00,51.65999984741211,51.77000045776367,51.529998779296875,51.540000915527344,18660,0.0,0.0
2023-06-01 09:30:00-04:00,51.66999816894531,51.9900016784668,51.599998474121094,51.81999969482422,10418,0.0,0.0
2023-06-01 10:30:00-04:00,51.927101135253906,52.22999954223633,51.91999816894531,52.22999954223633,6452,0.0,0.0
2023-06-01 11:30:00-04:00,52.20500183105469,52.20500183105469,52.05500030517578,52.099998474121094,2518,0.0,0.0
2023-06-01 12:30:00-04:00,52.08000183105469,52.08000183105469,51.88999938964844,51.88999938964844,3305,0.0,0.0
2023-06-01 13:30:00-04:00,51.948001861572266,52.13999938964844,51.948001861572266,52.130001068115234,6661,0.0,0.0
2023-06-01 14:30:00-04:00,52.150001525878906,52.209999084472656,52.130001068115234,52.150001525878906,6630,0.0,0.0
2023-06-01 15:30:00-04:00,52.19559860229492,52.19559860229492,51.970001220703125,52.040000915527344,9847,0.0,0.0
2023-06-02 09:30:00-04:00,52.25,52.65999984741211,52.15999984741211,52.65999984741211,7804,0.0,0.0
2023-06-02 10:30:00-04:00,52.720001220703125,53.10499954223633,52.720001220703125,52.97999954223633,6654,0.0,0.0
2023-06-02 11:30:00-04:00,52.849998474121094,52.959999084472656,52.79499816894531,52.95000076293945,6530,0.0,0.0
2023-06-02 12:30:00-04:00,52.869998931884766,53.0,52.849998474121094,52.9900016784668,8138,0.0,0.0
2023-06-02 13:30:00-04:00,53.20000076293945,53.22999954223633,53.099998474121094,53.15999984741211,4831,0.0,0.0
2023-06-02 14:30:00-04:00,53.150001525878906,53.22999954223633,53.06999969482422,53.22999954223633,11418,0.0,0.0
2023-06-02 15:30:00-04:00,53.25,53.31999969482422,53.15999984741211,53.15999984741211,14983,0.0,0.0
2023-06-05 09:30:00-04:00,52.58000183105469,52.970001220703125,52.02000045776367,52.02000045776367,14168,0.0,0.0
2023-06-05 10:30:00-04:00,52.029998779296875,52.20500183105469,51.939998626708984,52.20000076293945,11057,0.0,0.0
2023-06-05 11:30:00-04:00,52.130001068115234,52.439998626708984,52.130001068115234,52.439998626708984,8358,0.0,0.0
2023-06-05 12:30:00-04:00,52.43000030517578,52.43000030517578,52.20000076293945,52.20000076293945,6053,0.0,0.0
2023-06-05 13:30:00-04:00,52.099998474121094,52.220001220703125,52.01499938964844,52.099998474121094,10549,0.0,0.0
2023-06-05 14:30:00-04:00,52.06999969482422,52.13999938964844,51.88010025024414,51.88010025024414,13262,0.0,0.0
2023-06-05 15:30:00-04:00,51.86000061035156,52.0,51.849998474121094,51.869998931884766,17691,0.0,0.0
2023-06-06 09:30:00-04:00,51.95000076293945,52.599998474121094,51.95000076293945,52.349998474121094,11261,0.0,0.0
2023-06-06 10:30:00-04:00,52.47999954223633,52.654998779296875,52.41999816894531,52.560001373291016,10690,0.0,0.0
2023-06-06 11:30:00-04:00,52.65999984741211,52.869998931884766,52.529998779296875,52.540000915527344,9442,0.0,0.0
2023-06-06 12:30:00-04:00,52.52000045776367,52.59000015258789,52.45000076293945,52.4900016784668,5093,0.0,0.0
2023-06-06 13:30:00-04:00,52.27000045776367,52.470001220703125,52.27000045776367,52.400001525878906,5930,0.0,0.0
2023-06-06 14:30:00-04:00,52.47999954223633,52.61000061035156,52.43000030517578,52.529998779296875,9818,0.0,0.0
2023-06-06 15:30:00-04:00,52.4900016784668,52.61000061035156,52.290000915527344,52.290000915527344,30072,0.0,0.0
2023-06-07 09:30:00-04:00,52.459999084472656,53.0099983215332,52.440101623535156,52.7400016784668,13737,0.0,0.0
2023-06-07 10:30:00-04:00,52.75,53.2400016784668,52.75,52.8650016784668,5366,0.0,0.0
2023-06-07 11:30:00-04:00,52.95819854736328,53.0,52.77000045776367,52.869998931884766,7327,0.0,0.0
2023-06-07 12:30:00-04:00,52.88999938964844,52.959999084472656,52.77000045776367,52.95000076293945,5646,0.0,0.0
2023-06-07 13:30:00-04:00,53.0099983215332,53.0099983215332,52.8849983215332,52.95500183105469,5238,0.0,0.0
2023-06-07 14:30:00-04:00,53.02000045776367,53.25,53.02000045776367,53.16999816894531,8770,0.0,0.0
2023-06-07 15:30:00-04:00,53.33000183105469,53.34000015258789,53.150001525878906,53.15999984741211,16996,0.0,0.0
2023-06-08 09:30:00-04:00,53.0,53.106998443603516,52.599998474121094,52.599998474121094,10854,0.0,0.0
2023-06-08 10:30:00-04:00,52.540000915527344,52.63999938964844,52.375,52.63999938964844,6972,0.0,0.0
2023-06-08 11:30:00-04:00,52.63999938964844,52.63999938964844,52.43000030517578,52.599998474121094,5333,0.0,0.0
2023-06-08 12:30:00-04:00,52.56999969482422,52.83000183105469,52.56999969482422,52.82500076293945,4602,0.0,0.0
2023-06-08 13:30:00-04:00,52.970001220703125,52.970001220703125,52.709999084472656,52.869998931884766,5045,0.0,0.0
2023-06-08 14:30:00-04:00,52.86000061035156,52.86000061035156,52.56999969482422,52.70000076293945,8818,0.0,0.0
2023-06-08 15:30:00-04:00,52.68000030517578,52.68000030517578,52.560001373291016,52.63999938964844,12598,0.0,0.0
2023-06-09 09:30:00-04:00,52.459999084472656,52.529998779296875,52.099998474121094,52.099998474121094,19131,0.0,0.0
2023-06-09 10:30:00-04:00,52.150001525878906,52.25,51.91999816894531,52.04999923706055,9059,0.0,0.0
2023-06-09 11:30:00-04:00,51.904998779296875,51.904998779296875,51.65999984741211,51.65999984741211,5408,0.0,0.0
2023-06-09 12:30:00-04:00,51.650001525878906,51.70000076293945,51.36000061035156,51.36000061035156,9698,0.0,0.0
2023-06-09 13:30:00-04:00,51.29010009765625,51.41659927368164,51.22999954223633,51.2599983215332,7070,0.0,0.0
2023-06-09 14:30:00-04:00,51.22999954223633,51.25,51.13999938964844,51.244998931884766,17922,0.0,0.0
2023-06-09 15:30:00-04:00,51.27000045776367,51.27000045776367,51.06999969482422,51.16999816894531,20188,0.0,0.0
2023-06-12 09:30:00-04:00,50.9900016784668,51.12929916381836,49.779998779296875,49.779998779296875,42567,0.0,0.0
2023-06-12 10:30:00-04:00,49.82630157470703,50.90999984741211,49.720001220703125,50.63999938964844,37510,0.0,0.0
2023-06-12 11:30:00-04:00,50.63999938964844,50.63999938964844,50.34000015258789,50.51499938964844,8452,0.0,0.0
2023-06-12 12:30:00-04:00,50.53499984741211,50.61000061035156,50.2599983215332,50.2599983215332,8670,0.0,0.0
2023-06-12 13:30:00-04:00,50.2400016784668,50.47999954223633,50.130001068115234,50.470001220703125,9233,0.0,0.0
2023-06-12 14:30:00-04:00,50.47999954223633,50.75,50.47999954223633,50.720001220703125,11631,0.0,0.0
2023-06-12 15:30:00-04:00,50.66999816894531,50.70000076293945,50.52000045776367,50.61000061035156,25469,0.0,0.0
2023-06-13 09:30:00-04:00,50.5,50.65999984741211,50.040000915527344,50.65999984741211,21606,0.0,0.0
2023-06-13 10:30:00-04:00,50.7599983215332,50.80500030517578,50.244998931884766,50.4900016784668,14840,0.0,0.0
2023-06-13 11:30:00-04:00,50.529998779296875,50.560001373291016,50.34000015258789,50.5099983215332,10042,0.0,0.0
2023-06-13 12:30:00-04:00,50.5099983215332,50.619998931884766,50.5099983215332,50.619998931884766,9812,0.0,0.0
2023-06-13 13:30:00-04:00,50.63999938964844,50.689998626708984,50.5,50.67499923706055,10654,0.0,0.0
2023-06-13 14:30:00-04:00,50.7599983215332,50.88999938964844,50.65999984741211,50.790000915527344,13751,0.0,0.0
2023-06-13 15:30:00-04:00,50.790000915527344,50.849998474121094,50.43000030517578,50.47999954223633,27858,0.0,0.0
2023-06-14 09:30:00-04:00,50.459999084472656,50.48500061035156,50.060001373291016,50.31700134277344,15813,0.0,0.0
2023-06-14 10:30:00-04:00,50.290000915527344,50.80500030517578,50.2400016784668,50.619998931884766,16892,0.0,0.0
2023-06-14 11:30:00-04:00,50.540000915527344,50.75,50.540000915527344,50.6349983215332,13823,0.0,0.0
2023-06-14 12:30:00-04:00,50.619998931884766,50.709999084472656,50.540000915527344,50.540000915527344,8718,0.0,0.0
2023-06-14 13:30:00-04:00,50.54999923706055,50.61000061035156,50.2400016784668,50.44990158081055,13525,0.0,0.0
2023-06-14 14:30:00-04:00,50.380001068115234,50.650001525878906,50.3650016784668,50.5099983215332,18267,0.0,0.0
2023-06-14 15:30:00-04:00,50.47999954223633,50.52000045776367,50.290000915527344,50.459999084472656,21503,0.0,0.0
2023-06-15 09:30:00-04:00,50.27000045776367,50.45000076293945,50.08449935913086,50.22999954223633,20517,0.0,0.0
2023-06-15 10:30:00-04:00,50.18000030517578,50.400001525878906,49.939998626708984,50.400001525878906,14788,0.0,0.0
2023-06-15 11:30:00-04:00,50.310001373291016,50.400001525878906,50.189998626708984,50.26499938964844,7010,0.0,0.0
2023-06-15 12:30:00-04:00,50.279998779296875,50.279998779296875,50.15999984741211,50.220001220703125,9823,0.0,0.0
2023-06-15 13:30:00-04:00,50.349998474121094,50.630001068115234,50.33000183105469,50.619998931884766,13037,0.0,0.0
2023-06-15 14:30:00-04:00,50.68000030517578,50.79999923706055,50.56999969482422,50.59000015258789,11339,0.0,0.0
2023-06-15 15:30:00-04:00,50.61000061035156,50.77000045776367,50.529998779296875,50.75,27925,0.0,0.0
2023-06-16 09:30:00-04:00,50.880001068115234,50.880001068115234,50.18000030517578,50.69409942626953,55672,0.0,0.0
2023-06-16 10:30:00-04:00,50.70000076293945,50.86000061035156,50.63999938964844,50.7400016784668,14550,0.0,0.0
2023-06-16 11:30:00-04:00,50.70000076293945,50.86000061035156,50.630001068115234,50.7400016784668,11439,0.0,0.0
2023-06-16 12:30:00-04:00,50.75,50.810001373291016,50.650001525878906,50.720001220703125,10345,0.0,0.0
2023-06-16 13:30:00-04:00,50.689998626708984,50.689998626708984,50.630001068115234,50.685001373291016,11244,0.0,0.0
2023-06-16 14:30:00-04:00,50.72999954223633,50.7400016784668,50.59000015258789,50.72999954223633,21406,0.0,0.0
2023-06-16 15:30:00-04:00,50.77000045776367,50.810001373291016,50.5099983215332,50.630001068115234,45180,0.0,0.0
2023-06-20 09:30:00-04:00,50.720001220703125,50.75,50.29999923706055,50.31370162963867,11888,0.0,0.0
2023-06-20 10:30:00-04:00,50.43000030517578,50.459999084472656,50.30500030517578,50.310001373291016,12471,0.0,0.0
2023-06-20 11:30:00-04:00,50.29999923706055,50.540000915527344,50.29999923706055,50.540000915527344,6303,0.0,0.0
2023-06-20 12:30:00-04:00,50.55500030517578,50.82500076293945,50.540000915527344,50.54119873046875,14842,0.0,0.0
2023-06-20 13:30:00-04:00,50.599998474121094,50.599998474121094,50.4900016784668,50.5099983215332,6998,0.0,0.0
2023-06-20 14:30:00-04:00,50.470001220703125,50.52000045776367,50.41999816894531,50.439998626708984,9358,0.0,0.0
2023-06-20 15:30:00-04:00,50.43000030517578,50.439998626708984,50.290000915527344,50.439998626708984,23598,0.0,0.0
2023-06-21 09:30:00-04:00,50.220001220703125,51.5,50.099998474121094,51.400001525878906,34289,0.0,0.0
2023-06-21 10:30:00-04:00,51.48500061035156,51.900001525878906,51.45000076293945,51.65999984741211,18701,0.0,0.0
2023-06-21 11:30:00-04:00,51.7327995300293,51.7599983215332,51.5099983215332,51.619998931884766,15275,0.0,0.0
2023-06-21 12:30:00-04:00,51.69499969482422,51.93000030517578,51.310001373291016,51.310001373291016,19307,0.0,0.0
2023-06-21 13:30:00-04:00,51.38999938964844,51.43000030517578,51.185001373291016,51.30500030517578,8474,0.0,0.0
2023-06-21 14:30:00-04:00,51.30500030517578,51.380001068115234,51.16999816894531,51.220001220703125,11704,0.0,0.0
2023-06-21 15:30:00-04:00,51.27000045776367,51.35499954223633,51.220001220703125,51.27000045776367,11403,0.0,0.0
2023-06-22 09:30:00-04:00,51.2400016784668,51.470001220703125,50.900001525878906,51.029998779296875,18756,0.0,0.0
2023-06-22 10:30:00-04:00,51.029998779296875,51.060001373291016,50.439998626708984,50.560001373291016,7956,0.0,0.0
2023-06-22 11:30:00-04:00,50.564998626708984,50.63999938964844,50.5,50.599998474121094,10035,0.0,0.0
2023-06-22 12:30:00-04:00,50.60150146484375,50.779998779296875,50.45000076293945,50.689998626708984,13011,0.0,0.0
2023-06-22 13:30:00-04:00,50.83000183105469,50.834999084472656,50.650001525878906,50.73500061035156,5774,0.0,0.0
2023-06-22 14:30:00-04:00,50.779998779296875,50.86000061035156,50.61000061035156,50.70000076293945,10518,0.0,0.0
2023-06-22 15:30:00-04:00,50.573001861572266,50.599998474121094,50.349998474121094,50.36000061035156,33123,0.0,0.0
2023-06-23 09:30:00-04:00,50.29999923706055,51.020999908447266,50.150001525878906,50.7400016784668,12580,0.0,0.0
2023-06-23 10:30:00-04:00,50.720001220703125,50.79999923706055,50.39099884033203,50.400001525878906,7921,0.0,0.0
2023-06-23 11:30:00-04:00,50.400001525878906,50.45000076293945,50.16999816894531,50.20000076293945,10932,0.0,0.0
2023-06-23 12:30:00-04:00,50.15999984741211,50.23500061035156,50.08000183105469,50.11009979248047,8579,0.0,0.0
2023-06-23 13:30:00-04:00,50.13999938964844,50.2599983215332,50.04999923706055,50.209999084472656,20869,0.0,0.0
2023-06-23 14:30:00-04:00,50.209999084472656,50.209999084472656,50.0099983215332,50.11000061035156,14813,0.0,0.0
2023-06-23 15:30:00-04:00,50.08000183105469,50.400001525878906,50.040000915527344,50.38999938964844,34949,0.0,0.0
2023-06-26 09:30:00-04:00,50.459999084472656,50.880001068115234,50.16999816894531,50.41999816894531,12001,0.0,0.0
2023-06-26 10:30:00-04:00,50.369998931884766,50.5,50.20000076293945,50.5,5711,0.0,0.0
2023-06-26 11:30:00-04:00,50.54999923706055,50.880001068115234,50.506900787353516,50.880001068115234,6667,0.0,0.0
2023-06-26 12:30:00-04:00,50.84000015258789,50.88999938964844,50.709999084472656,50.720001220703125,7368,0.0,0.0
2023-06-26 13:30:00-04:00,50.66999816894531,50.68000030517578,50.310001373291016,50.43000030517578,8017,0.0,0.0
2023-06-26 14:30:00-04:00,50.422000885009766,50.529998779296875,50.422000885009766,50.529998779296875,6992,0.0,0.0
2023-06-26 15:30:00-04:00,50.560001373291016,50.57500076293945,50.31999969482422,50.52000045776367,31669,0.0,0.0
2023-06-27 09:30:00-04:00,50.41999816894531,50.689998626708984,50.16999816894531,50.532901763916016,14913,0.0,0.0
2023-06-27 10:30:00-04:00,50.560001373291016,50.65999984741211,50.52399826049805,50.58440017700195,7375,0.0,0.0
2023-06-27 11:30:00-04:00,50.439998626708984,50.630001068115234,50.400001525878906,50.630001068115234,6993,0.0,0.0
2023-06-27 12:30:00-04:00,50.630001068115234,50.744998931884766,50.54999923706055,50.720001220703125,10304,0.0,0.0
2023-06-27 13:30:00-04:00,50.689998626708984,50.770999908447266,50.630001068115234,50.64500045776367,11598,0.0,0.0
2023-06-27 14:30:00-04:00,50.64500045776367,50.720001220703125,50.31999969482422,50.41999816894531,12161,0.0,0.0
2023-06-27 15:30:00-04:00,50.36000061035156,50.45000076293945,50.290000915527344,50.29999923706055,16292,0.0,0.0
2023-06-28 09:30:00-04:00,50.0,50.11000061035156,49.54999923706055,49.834999084472656,25292,0.0,0.0
2023-06-28 10:30:00-04:00,49.871299743652344,49.91999816894531,49.650001525878906,49.844398498535156,10712,0.0,0.0
2023-06-28 11:30:00-04:00,49.849998474121094,49.94499969482422,49.845001220703125,49.93000030517578,5953,0.0,0.0
2023-06-28 12:30:00-04:00,49.900001525878906,49.900001525878906,49.72999954223633,49.790000915527344,6728,0.0,0.0
2023-06-28 13:30:00-04:00,49.810001373291016,49.849998474121094,49.72999954223633,49.834999084472656,8642,0.0,0.0
2023-06-28 14:30:00-04:00,49.810001373291016,49.95000076293945,49.79999923706055,49.93000030517578,6483,0.0,0.0
2023-06-28 15:30:00-04:00,49.95000076293945,49.970001220703125,49.7599983215332,49.79499816894531,16319,0.0,0.0
2023-06-29 09:30:00-04:00,49.869998931884766,50.59299850463867,49.869998931884766,50.40999984741211,24976,0.0,0.0
2023-06-29 10:30:00-04:00,50.47999954223633,50.51070022583008,50.224998474121094,50.36000061035156,7095,0.0,0.0
2023-06-29 11:30:00-04:00,50.38999938964844,50.60499954223633,50.349998474121094,50.599998474121094,10987,0.0,0.0
2023-06-29 12:30:00-04:00,50.59000015258789,50.66999816894531,50.375,50.380001068115234,10841,0.0,0.0
2023-06-29 13:30:00-04:00,50.34000015258789,50.43000030517578,50.2599983215332,50.310001373291016,5208,0.0,0.0
2023-06-29 14:30:00-04:00,50.33000183105469,50.369998931884766,50.11000061035156,50.130001068115234,13247,0.0,0.0
2023-06-29 15:30:00-04:00,50.11000061035156,50.150001525878906,50.029998779296875,50.119998931884766,17158,0.0,0.0
2023-06-30 09:30:00-04:00,50.380001068115234,50.47999954223633,50.09000015258789,50.29499816894531,10236,0.0,0.0
2023-06-30 10:30:00-04:00,50.279998779296875,50.34000015258789,50.099998474121094,50.119998931884766,9611,0.0,0.0
2023-06-30 11:30:00-04:00,50.119998931884766,50.209999084472656,50.08000183105469,50.20000076293945,6846,0.0,0.0
2023-06-30 12:30:00-04:00,50.2400016784668,50.25,50.0900993347168,50.0900993347168,6458,0.0,0.0
2023-06-30 13:30:00-04:00,50.040000915527344,50.15999984741211,50.037601470947266,50.15999984741211,9041,0.0,0.0
2023-06-30 14:30:00-04:00,50.150001525878906,50.209999084472656,50.029998779296875,50.06999969482422,6359,0.0,0.0
2023-06-30 15:30:00-04:00,50.064998626708984,50.08599853515625,49.939998626708984,49.939998626708984,16646,0.0,0.0
2023-07-03 09:30:00-04:00,49.93000030517578,50.53499984741211,49.93000030517578,50.45500183105469,26233,0.0,0.0
2023-07-03 10:30:00-04:00,50.45500183105469,50.599998474121094,50.27000045776367,50.30500030517578,13297,0.0,0.0
2023-07-03 11:30:00-04:00,50.255001068115234,50.41999816894531,50.16999816894531,50.369998931884766,16305,0.0,0.0
2023-07-05 09:30:00-04:00,50.4900016784668,50.619998931884766,50.21500015258789,50.40999984741211,20281,0.0,0.0
2023-07-05 10:30:00-04:00,50.400001525878906,50.50559997558594,50.25,50.50559997558594,8777,0.0,0.0
2023-07-05 11:30:00-04:00,50.56999969482422,50.59000015258789,50.47999954223633,50.52000045776367,7337,0.0,0.0
2023-07-05 12:30:00-04:00,50.435001373291016,50.584999084472656,50.41999816894531,50.470001220703125,6830,0.0,0.0
2023-07-05 13:30:00-04:00,50.505001068115234,50.65079879760742,50.5,50.56999969482422,13893,0.0,0.0
2023-07-05 14:30:00-04:00,50.529998779296875,50.560001373291016,50.5,50.529998779296875,14523,0.0,0.0
2023-07-05 15:30:00-04:00,50.5099983215332,50.529998779296875,50.375,50.52000045776367,31281,0.0,0.0
2023-07-06 09:30:00-04:00,50.40999984741211,50.47999954223633,49.9900016784668,50.032100677490234,12150,0.0,0.0
2023-07-06 10:30:00-04:00,49.95000076293945,50.21929931640625,49.935001373291016,50.21929931640625,11012,0.0,0.0
2023-07-06 11:30:00-04:00,50.2400016784668,50.33000183105469,50.10499954223633,50.10499954223633,10746,0.0,0.0
2023-07-06 12:30:00-04:00,50.099998474121094,50.5,50.099998474121094,50.5,12445,0.0,0.0
2023-07-06 13:30:00-04:00,50.5,50.540000915527344,50.43000030517578,50.540000915527344,6162,0.0,0.0
2023-07-06 14:30:00-04:00,50.52000045776367,50.595001220703125,50.4900016784668,50.52000045776367,11859,0.0,0.0
2023-07-06 15:30:00-04:00,50.47999954223633,50.56999969482422,50.470001220703125,50.52000045776367,19777,0.0,0.0
2023-07-07 09:30:00-04:00,49.65999984741211,50.17129898071289,49.65999984741211,49.970001220703125,17444,0.0,0.0
2023-07-07 10:30:00-04:00,50.0099983215332,50.13999938964844,49.970001220703125,50.13999938964844,6366,0.0,0.0
2023-07-07 11:30:00-04:00,50.095001220703125,50.095001220703125,49.80500030517578,49.88999938964844,8868,0.0,0.0
2023-07-07 12:30:00-04:00,49.915199279785156,49.97999954223633,49.84000015258789,49.84000015258789,7324,0.0,0.0
2023-07-07 13:30:00-04:00,49.84000015258789,49.849998474121094,49.68000030517578,49.72999954223633,12181,0.0,0.0
2023-07-07 14:30:00-04:00,49.720001220703125,49.73789978027344,49.52000045776367,49.52000045776367,15562,0.0,0.0
2023-07-07 15:30:00-04:00,49.54999923706055,49.59000015258789,49.349998474121094,49.40999984741211,28424,0.0,0.0
2023-07-10 09:30:00-04:00,49.470001220703125,49.84640121459961,49.41999816894531,49.56999969482422,18797,0.0,0.0
2023-07-10 10:30:00-04:00,49.5099983215332,49.560001373291016,49.349998474121094,49.53499984741211,15897,0.0,0.0
2023-07-10 11:30:00-04:00,49.53499984741211,49.562801361083984,49.439998626708984,49.439998626708984,4642,0.0,0.0
2023-07-10 12:30:00-04:00,49.45000076293945,49.529998779296875,49.310001373291016,49.45000076293945,12631,0.0,0.0
2023-07-10 13:30:00-04:00,49.43000030517578,49.72999954223633,49.43000030517578,49.685001373291016,14261,0.0,0.0
2023-07-10 14:30:00-04:00,49.71500015258789,49.71500015258789,49.619998931884766,49.6349983215332,13478,0.0,0.0
2023-07-10 15:30:00-04:00,49.63999938964844,49.84000015258789,49.625,49.810001373291016,23401,0.0,0.0
2023-07-11 09:30:00-04:00,49.97999954223633,50.18000030517578,49.470001220703125,50.06999969482422,18215,0.0,0.0
2023-07-11 10:30:00-04:00,50.13999938964844,50.13999938964844,49.869998931884766,49.869998931884766,8141,0.0,0.0
2023-07-11 11:30:00-04:00,49.900001525878906,49.900001525878906,49.63999938964844,49.66299819946289,10749,0.0,0.0
2023-07-11 12:30:00-04:00,49.630001068115234,49.744998931884766,49.529998779296875,49.63999938964844,9468,0.0,0.0
2023-07-11 13:30:00-04:00,49.63999938964844,49.72999954223633,49.61000061035156,49.720001220703125,8142,0.0,0.0
2023-07-11 14:30:00-04:00,49.71500015258789,49.77000045776367,49.619998931884766,49.66999816894531,13084,0.0,0.0
2023-07-11 15:30:00-04:00,49.67499923706055,49.810001373291016,49.650001525878906,49.810001373291016,20404,0.0,0.0
2023-07-12 09:30:00-04:00,50.2400016784668,50.310001373291016,50.0099983215332,50.19499969482422,14473,0.0,0.0
2023-07-12 10:30:00-04:00,50.310001373291016,50.54999923706055,50.310001373291016,50.51499938964844,16615,0.0,0.0
2023-07-12 11:30:00-04:00,50.5,50.5099983215332,50.251399993896484,50.29999923706055,8075,0.0,0.0
2023-07-12 12:30:00-04:00,50.2599983215332,50.349998474121094,50.150001525878906,50.150001525878906,7338,0.0,0.0
2023-07-12 13:30:00-04:00,50.150001525878906,50.150001525878906,49.9900016784668,50.040000915527344,8768,0.0,0.0
2023-07-12 14:30:00-04:00,50.099998474121094,50.12369918823242,49.9900016784668,50.12369918823242,11517,0.0,0.0
2023-07-12 15:30:00-04:00,50.13999938964844,50.209999084472656,49.90999984741211,49.91999816894531,18187,0.0,0.0
2023-07-13 09:30:00-04:00,49.9900016784668,50.209999084472656,49.9900016784668,50.0,13957,0.0,0.0
2023-07-13 10:30:00-04:00,50.04999923706055,50.13999938964844,49.810001373291016,49.86000061035156,8862,0.0,0.0
2023-07-13 11:30:00-04:00,49.88999938964844,49.94300079345703,49.810001373291016,49.94300079345703,6859,0.0,0.0
2023-07-13 12:30:00-04:00,49.970001220703125,49.970001220703125,49.790000915527344,49.84000015258789,12367,0.0,0.0
2023-07-13 13:30:00-04:00,49.81999969482422,50.1150016784668,49.81999969482422,50.1150016784668,8367,0.0,0.0
2023-07-13 14:30:00-04:00,50.1150016784668,50.150001525878906,49.97999954223633,50.02000045776367,10590,0.0,0.0
2023-07-13 15:30:00-04:00,50.0,50.11000061035156,49.97999954223633,50.11000061035156,19722,0.0,0.0
2023-07-14 09:30:00-04:00,50.09000015258789,50.09000015258789,49.5,49.55500030517578,11530,0.0,0.0
2023-07-14 10:30:00-04:00,49.5,49.77000045776367,49.380001068115234,49.720001220703125,9018,0.0,0.0
2023-07-14 11:30:00-04:00,49.720001220703125,49.720001220703125,49.54999923706055,49.66999816894531,7136,0.0,0.0
2023-07-14 12:30:00-04:00,49.75,49.75,49.630001068115234,49.744998931884766,6390,0.0,0.0
2023-07-14 13:30:00-04:00,49.744998931884766,49.86000061035156,49.720001220703125,49.720001220703125,4705,0.0,0.0
2023-07-14 14:30:00-04:00,49.72999954223633,49.75,49.599998474121094,49.67499923706055,12432,0.0,0.0
2023-07-14 15:30:00-04:00,49.65999984741211,49.68000030517578,49.560001373291016,49.56999969482422,11466,0.0,0.0
2023-07-17 09:30:00-04:00,49.5,49.71500015258789,49.400001525878906,49.5,20029,0.0,0.0
2023-07-17 10:30:00-04:00,49.528099060058594,49.599998474121094,49.40999984741211,49.47999954223633,9946,0.0,0.0
2023-07-17 11:30:00-04:00,49.52000045776367,49.56660079956055,49.470001220703125,49.47999954223633,5672,0.0,0.0
2023-07-17 12:30:00-04:00,49.47999954223633,49.54999923706055,49.46500015258789,49.474998474121094,6191,0.0,0.0
2023-07-17 13:30:00-04:00,49.5099983215332,49.619998931884766,49.4900016784668,49.54999923706055,6381,0.0,0.0
2023-07-17 14:30:00-04:00,49.529998779296875,49.57279968261719,49.45000076293945,49.470001220703125,6762,0.0,0.0
2023-07-17 15:30:00-04:00,49.439998626708984,49.52000045776367,49.27000045776367,49.27000045776367,30506,0.0,0.0
2023-07-18 09:30:00-04:00,49.33000183105469,49.79999923706055,49.33000183105469,49.587100982666016,24417,0.0,0.0
2023-07-18 10:30:00-04:00,49.4900016784668,49.540000915527344,49.15999984741211,49.33000183105469,9531,0.0,0.0
2023-07-18 11:30:00-04:00,49.279998779296875,49.349998474121094,49.099998474121094,49.099998474121094,8816,0.0,0.0
2023-07-18 12:30:00-04:00,49.099998474121094,49.150001525878906,49.0099983215332,49.0099983215332,7673,0.0,0.0
2023-07-18 13:30:00-04:00,49.040000915527344,49.040000915527344,48.81999969482422,48.869998931884766,11868,0.0,0.0
2023-07-18 14:30:00-04:00,48.880001068115234,48.90999984741211,48.810001373291016,48.849998474121094,13138,0.0,0.0
2023-07-18 15:30:00-04:00,48.849998474121094,48.88999938964844,48.72999954223633,48.810001373291016,20507,0.0,0.0
2023-07-19 09:30:00-04:00,49.060001373291016,49.119998931884766,48.810001373291016,48.810001373291016,13505,0.0,0.0
2023-07-19 10:30:00-04:00,48.779998779296875,48.779998779296875,48.4900016784668,48.61000061035156,12958,0.0,0.0
2023-07-19 11:30:00-04:00,48.63750076293945,48.900001525878906,48.599998474121094,48.900001525878906,17161,0.0,0.0
2023-07-19 12:30:00-04:00,48.849998474121094,49.029998779296875,48.83000183105469,48.95500183105469,9275,0.0,0.0
2023-07-19 13:30:00-04:00,48.959999084472656,49.02000045776367,48.959999084472656,49.0,9063,0.0,0.0
2023-07-19 14:30:00-04:00,48.959999084472656,49.0,48.849998474121094,48.88999938964844,10828,0.0,0.0
2023-07-19 15:30:00-04:00,48.880001068115234,49.0099983215332,48.84000015258789,48.98500061035156,41076,0.0,0.0
2023-07-20 09:30:00-04:00,49.25,49.29999923706055,49.040000915527344,49.119998931884766,8377,0.0,0.0
2023-07-20 10:30:00-04:00,49.150001525878906,49.310001373291016,49.025001525878906,49.07500076293945,10235,0.0,0.0
2023-07-20 11:30:00-04:00,49.09000015258789,49.17499923706055,49.02000045776367,49.119998931884766,4883,0.0,0.0
2023-07-20 12:30:00-04:00,49.08000183105469,49.08000183105469,49.01340103149414,49.040000915527344,6726,0.0,0.0
2023-07-20 13:30:00-04:00,49.0099983215332,49.18000030517578,49.0099983215332,49.13999938964844,11698,0.0,0.0
2023-07-20 14:30:00-04:00,49.165000915527344,49.18000030517578,49.031700134277344,49.08000183105469,12229,0.0,0.0
2023-07-20 15:30:00-04:00,49.130001068115234,49.16999816894531,49.06039810180664,49.13999938964844,16933,0.0,0.0
2023-07-21 09:30:00-04:00,49.2599983215332,49.2599983215332,48.630001068115234,48.720001220703125,29673,0.0,0.0
2023-07-21 10:30:00-04:00,48.720001220703125,48.88959884643555,48.59000015258789,48.6150016784668,16059,0.0,0.0
2023-07-21 11:30:00-04:00,48.665000915527344,48.7400016784668,48.56999969482422,48.717899322509766,10806,0.0,0.0
2023-07-21 12:30:00-04:00,48.68000030517578,48.68000030517578,48.5,48.61000061035156,23385,0.0,0.0
2023-07-21 13:30:00-04:00,48.599998474121094,48.6349983215332,48.5099983215332,48.61000061035156,19528,0.0,0.0
2023-07-21 14:30:00-04:00,48.599998474121094,48.630001068115234,48.529998779296875,48.599998474121094,19467,0.0,0.0
2023-07-21 15:30:00-04:00,48.56700134277344,48.630001068115234,48.40999984741211,48.540000915527344,45262,0.0,0.0
2023-07-24 09:30:00-04:00,48.47999954223633,48.682498931884766,48.220001220703125,48.378700256347656,41879,0.0,0.0
2023-07-24 10:30:00-04:00,48.41999816894531,48.5,48.369998931884766,48.459999084472656,18771,0.0,0.0
2023-07-24 11:30:00-04:00,48.47999954223633,48.58000183105469,48.40999984741211,48.459999084472656,9391,0.0,0.0
2023-07-24 12:30:00-04:00,48.459999084472656,48.5099983215332,48.407798767089844,48.505001068115234,12748,0.0,0.0
2023-07-24 13:30:00-04:00,48.52000045776367,48.61000061035156,48.349998474121094,48.599998474121094,41442,0.0,0.0
2023-07-24 14:30:00-04:00,48.599998474121094,48.599998474121094,48.349998474121094,48.400001525878906,12762,0.0,0.0
2023-07-24 15:30:00-04:00,48.45000076293945,48.48500061035156,48.36000061035156,48.41999816894531,19913,0.0,0.0
2023-07-25 09:30:00-04:00,48.41999816894531,48.525001525878906,48.29999923706055,48.404998779296875,12873,0.0,0.0
2023-07-25 10:30:00-04:00,48.42499923706055,48.45000076293945,48.31999969482422,48.415000915527344,12242,0.0,0.0
2023-07-25 11:30:00-04:00,48.415000915527344,48.439998626708984,48.31999969482422,48.400001525878906,10855,0.0,0.0
2023-07-25 12:30:00-04:00,48.400001525878906,48.404998779296875,48.334999084472656,48.369998931884766,6873,0.0,0.0
2023-07-25 13:30:00-04:00,48.349998474121094,48.459999084472656,48.349998474121094,48.45500183105469,11145,0.0,0.0
2023-07-25 14:30:00-04:00,48.439998626708984,48.52000045776367,48.400001525878906,48.43000030517578,18415,0.0,0.0
2023-07-25 15:30:00-04:00,48.43000030517578,48.529998779296875,48.363399505615234,48.5099983215332,39259,0.0,0.0
2023-07-26 09:30:00-04:00,48.43000030517578,48.790000915527344,48.43000030517578,48.75,18555,0.0,0.0
2023-07-26 10:30:00-04:00,48.689998626708984,48.83000183105469,48.689998626708984,48.72999954223633,22799,0.0,0.0
2023-07-26 11:30:00-04:00,48.706600189208984,48.779998779296875,48.706600189208984,48.755001068115234,14082,0.0,0.0
2023-07-26 12:30:00-04:00,48.779998779296875,48.779998779296875,48.619998931884766,48.70000076293945,9392,0.0,0.0
2023-07-26 13:30:00-04:00,48.720001220703125,48.790000915527344,48.67919921875,48.7599983215332,41875,0.0,0.0
2023-07-26 14:30:00-04:00,48.755001068115234,49.0099983215332,48.709999084472656,48.77000045776367,42068,0.0,0.0
2023-07-26 15:30:00-04:00,48.755001068115234,48.959999084472656,48.709999084472656,48.959999084472656,29671,0.0,0.0
2023-07-27 09:30:00-04:00,49.119998931884766,49.22999954223633,48.849998474121094,49.0,57740,0.0,0.0
2023-07-27 10:30:00-04:00,49.0,49.0,48.68000030517578,48.68000030517578,9772,0.0,0.0
2023-07-27 11:30:00-04:00,48.7400016784668,49.08000183105469,48.7400016784668,49.005001068115234,28339,0.0,0.0
2023-07-27 12:30:00-04:00,49.0099983215332,49.11249923706055,48.959999084472656,48.970001220703125,21412,0.0,0.0
2023-07-27 13:30:00-04:00,48.970001220703125,49.04999923706055,48.93000030517578,49.02000045776367,31705,0.0,0.0
2023-07-27 14:30:00-04:00,49.0099983215332,49.02000045776367,48.89039993286133,48.92499923706055,13991,0.0,0.0
2023-07-27 15:30:00-04:00,48.90999984741211,49.0,48.869998931884766,49.0,76037,0.0,0.0
2023-07-28 09:30:00-04:00,49.279998779296875,49.56999969482422,49.15999984741211,49.40999984741211,83065,0.0,0.0
2023-07-28 10:30:00-04:00,49.435001373291016,49.529998779296875,49.435001373291016,49.47999954223633,22282,0.0,0.0
2023-07-28 11:30:00-04:00,49.47999954223633,49.5,49.439998626708984,49.439998626708984,8319,0.0,0.0
2023-07-28 12:30:00-04:00,49.459999084472656,49.4900016784668,49.380001068115234,49.400001525878906,29201,0.0,0.0
2023-07-28 13:30:00-04:00,49.404998779296875,49.439998626708984,49.34000015258789,49.400001525878906,29948,0.0,0.0
2023-07-28 14:30:00-04:00,49.3849983215332,49.5724983215332,49.380001068115234,49.43000030517578,93609,0.0,0.0
2023-07-28 15:30:00-04:00,49.43000030517578,49.560001373291016,49.349998474121094,49.439998626708984,55248,0.0,0.0
2023-07-31 09:30:00-04:00,49.61000061035156,49.83000183105469,49.540000915527344,49.66999816894531,46345,0.0,0.0
2023-07-31 10:30:00-04:00,49.66999816894531,49.77000045776367,49.416099548339844,49.4900016784668,16699,0.0,0.0
2023-07-31 11:30:00-04:00,49.5,49.93000030517578,49.5,49.849998474121094,19885,0.0,0.0
2023-07-31 12:30:00-04:00,49.880001068115234,50.20000076293945,49.869998931884766,50.18000030517578,10821,0.0,0.0
2023-07-31 13:30:00-04:00,50.16680145263672,50.34000015258789,50.16680145263672,50.34000015258789,12565,0.0,0.0
2023-07-31 14:30:00-04:00,50.3489990234375,50.439998626708984,50.279998779296875,50.41999816894531,22985,0.0,0.0
2023-07-31 15:30:00-04:00,50.43000030517578,50.58000183105469,50.3849983215332,50.58000183105469,61006,0.0,0.0
2023-08-01 09:30:00-04:00,50.5,50.939998626708984,50.28499984741211,50.5099983215332,28745,0.0,0.0
2023-08-01 10:30:00-04:00,50.459999084472656,50.459999084472656,50.220001220703125,50.349998474121094,13715,0.0,0.0
2023-08-01 11:30:00-04:00,50.33000183105469,50.470001220703125,50.189998626708984,50.345001220703125,15458,0.0,0.0
2023-08-01 12:30:00-04:00,50.38999938964844,50.51499938964844,50.34000015258789,50.439998626708984,14446,0.0,0.0
2023-08-01 13:30:00-04:00,50.40999984741211,50.40999984741211,50.31999969482422,50.31999969482422,5113,0.0,0.0
2023-08-01 14:30:00-04:00,50.290000915527344,50.29499816894531,50.20000076293945,50.25,21523,0.0,0.0
2023-08-01 15:30:00-04:00,50.220001220703125,50.40999984741211,50.189998626708984,50.400001525878906,25169,0.0,0.0
2023-08-02 09:30:00-04:00,50.02000045776367,50.3650016784668,50.0,50.310001373291016,13931,0.0,0.0
2023-08-02 10:30:00-04:00,50.314998626708984,50.779998779296875,50.314998626708984,50.779998779296875,13135,0.0,0.0
2023-08-02 11:30:00-04:00,50.7400016784668,51.0,50.7400016784668,51.0,12134,0.0,0.0
2023-08-02 12:30:00-04:00,50.974998474121094,51.0,50.720001220703125,50.77000045776367,8316,0.0,0.0
2023-08-02 13:30:00-04:00,50.79999923706055,50.79999923706055,50.56999969482422,50.56999969482422,6074,0.0,0.0
2023-08-02 14:30:00-04:00,50.599998474121094,50.63999938964844,50.5099983215332,50.525001525878906,9570,0.0,0.0
2023-08-02 15:30:00-04:00,50.54999923706055,50.63999938964844,50.470001220703125,50.497501373291016,18960,0.0,0.0
2023-08-03 09:30:00-04:00,51.040000915527344,51.040000915527344,49.459999084472656,49.5,23987,0.0,0.0
2023-08-03 10:30:00-04:00,49.599998474121094,50.119998931884766,49.5,49.88999938964844,21914,0.0,0.0
2023-08-03 11:30:00-04:00,49.82500076293945,50.03499984741211,49.70000076293945,50.005001068115234,18814,0.0,0.0
2023-08-03 12:30:00-04:00,50.02000045776367,50.05500030517578,49.78030014038086,49.86000061035156,12651,0.0,0.0
2023-08-03 13:30:00-04:00,49.86000061035156,49.95000076293945,49.7599983215332,49.84000015258789,14903,0.0,0.0
2023-08-03 14:30:00-04:00,49.810001373291016,49.904998779296875,49.58000183105469,49.599998474121094,17221,0.0,0.0
2023-08-03 15:30:00-04:00,49.61899948120117,49.769500732421875,49.61000061035156,49.619998931884766,32907,0.0,0.0
2023-08-04 09:30:00-04:00,49.61000061035156,49.70500183105469,49.290000915527344,49.41999816894531,19297,0.0,0.0
2023-08-04 10:30:00-04:00,49.439998626708984,49.625,49.09000015258789,49.56999969482422,14636,0.0,0.0
2023-08-04 11:30:00-04:00,49.61000061035156,49.66999816894531,49.46500015258789,49.48500061035156,10921,0.0,0.0
2023-08-04 12:30:00-04:00,49.462501525878906,49.599998474121094,49.29999923706055,49.3307991027832,12116,0.0,0.0
2023-08-04 13:30:00-04:00,49.33000183105469,49.33000183105469,49.06999969482422,49.13999938964844,14474,0.0,0.0
2023-08-04 14:30:00-04:00,49.1150016784668,49.150001525878906,49.0,49.0,22637,0.0,0.0
2023-08-04 15:30:00-04:00,49.029998779296875,49.150001525878906,48.997501373291016,49.11000061035156,32029,0.0,0.0
2023-08-07 09:30:00-04:00,48.91999816894531,49.13999938964844,48.72999954223633,48.90999984741211,20576,0.0,0.0
2023-08-07 10:30:00-04:00,48.95000076293945,49.25,48.810001373291016,49.25,14243,0.0,0.0
2023-08-07 11:30:00-04:00,49.23500061035156,49.23500061035156,49.060001373291016,49.15570068359375,9668,0.0,0.0
2023-08-07 12:30:00-04:00,49.209999084472656,49.279998779296875,49.18000030517578,49.18000030517578,6196,0.0,0.0
2023-08-07 13:30:00-04:00,49.18000030517578,49.34000015258789,49.150001525878906,49.2599983215332,14055,0.0,0.0
2023-08-07 14:30:00-04:00,49.22999954223633,49.290000915527344,49.15999984741211,49.220001220703125,14692,0.0,0.0
2023-08-07 15:30:00-04:00,49.220001220703125,49.25,49.130001068115234,49.13999938964844,21735,0.0,0.0
2023-08-08 09:30:00-04:00,48.84000015258789,48.84000015258789,47.935001373291016,48.02000045776367,29192,0.0,0.0
2023-08-08 10:30:00-04:00,47.95000076293945,48.36000061035156,47.95000076293945,48.099998474121094,25043,0.0,0.0
2023-08-08 11:30:00-04:00,48.09000015258789,48.18000030517578,48.040000915527344,48.11479949951172,9269,0.0,0.0
2023-08-08 12:30:00-04:00,48.114601135253906,48.56999969482422,48.114601135253906,48.52000045776367,7330,0.0,0.0
2023-08-08 13:30:00-04:00,48.540000915527344,48.56999969482422,48.5,48.540000915527344,10340,0.0,0.0
2023-08-08 14:30:00-04:00,48.56999969482422,48.68000030517578,48.56999969482422,48.63999938964844,8659,0.0,0.0
2023-08-08 15:30:00-04:00,48.61000061035156,48.63999938964844,48.560001373291016,48.560001373291016,14037,0.0,0.0
2023-08-09 09:30:00-04:00,48.380001068115234,48.40999984741211,48.130001068115234,48.27000045776367,15002,0.0,0.0
2023-08-09 10:30:00-04:00,48.36000061035156,48.45000076293945,48.290000915527344,48.45000076293945,7468,0.0,0.0
2023-08-09 11:30:00-04:00,48.4900016784668,48.7400016784668,48.41999816894531,48.41999816894531,8387,0.0,0.0
2023-08-09 12:30:00-04:00,48.375,48.45500183105469,48.34000015258789,48.41999816894531,8081,0.0,0.0
2023-08-09 13:30:00-04:00,48.369998931884766,48.81999969482422,48.369998931884766,48.709999084472656,14761,0.0,0.0
2023-08-09 14:30:00-04:00,48.70000076293945,48.70000076293945,48.43000030517578,48.43000030517578,9158,0.0,0.0
2023-08-09 15:30:00-04:00,48.40999984741211,48.40999984741211,48.2599983215332,48.310001373291016,16383,0.0,0.0
2023-08-10 09:30:00-04:00,48.209999084472656,48.560001373291016,48.209999084472656,48.459999084472656,9376,0.0,0.0
2023-08-10 10:30:00-04:00,48.2599983215332,48.2599983215332,48.11000061035156,48.20000076293945,9555,0.0,0.0
2023-08-10 11:30:00-04:00,48.220001220703125,48.220001220703125,48.04999923706055,48.060001373291016,10353,0.0,0.0
2023-08-10 12:30:00-04:00,48.06999969482422,48.06999969482422,47.74100112915039,47.75,12894,0.0,0.0
2023-08-10 13:30:00-04:00,47.72999954223633,47.86000061035156,47.709999084472656,47.720001220703125,9037,0.0,0.0
2023-08-10 14:30:00-04:00,47.720001220703125,47.75,47.58000183105469,47.599998474121094,9867,0.0,0.0
2023-08-10 15:30:00-04:00,47.61000061035156,47.61000061035156,47.459999084472656,47.459999084472656,23130,0.0,0.0
2023-08-11 09:30:00-04:00,47.45000076293945,47.629798889160156,47.41999816894531,47.47999954223633,11171,0.0,0.0
2023-08-11 10:30:00-04:00,47.47999954223633,47.599998474121094,47.380001068115234,47.380001068115234,8394,0.0,0.0
2023-08-11 11:30:00-04:00,47.30350112915039,47.459999084472656,47.290000915527344,47.36000061035156,7789,0.0,0.0
2023-08-11 12:30:00-04:00,47.400001525878906,47.41999816894531,47.2400016784668,47.2400016784668,5818,0.0,0.0
2023-08-11 13:30:00-04:00,47.29999923706055,47.29999923706055,47.06999969482422,47.2400016784668,10991,0.0,0.0
2023-08-11 14:30:00-04:00,47.28499984741211,47.309898376464844,47.25,47.29999923706055,8893,0.0,0.0
2023-08-11 15:30:00-04:00,47.279998779296875,47.279998779296875,47.20000076293945,47.209999084472656,15505,0.0,0.0
2023-08-14 09:30:00-04:00,47.04999923706055,47.119998931884766,46.849998474121094,46.994998931884766,19202,0.0,0.0
2023-08-14 10:30:00-04:00,47.0,47.4900016784668,47.0,47.4900016784668,17566,0.0,0.0
2023-08-14 11:30:00-04:00,47.5099983215332,47.755001068115234,47.279998779296875,47.279998779296875,28150,0.0,0.0
2023-08-14 12:30:00-04:00,47.369998931884766,47.5,47.31999969482422,47.38999938964844,16407,0.0,0.0
2023-08-14 13:30:00-04:00,47.43280029296875,47.560001373291016,47.349998474121094,47.4900016784668,12620,0.0,0.0
2023-08-14 14:30:00-04:00,47.47600173950195,47.59000015258789,47.459999084472656,47.529998779296875,13826,0.0,0.0
2023-08-14 15:30:00-04:00,47.540000915527344,47.540000915527344,47.40999984741211,47.439998626708984,22057,0.0,0.0
2023-08-15 09:30:00-04:00,47.290000915527344,47.40999984741211,47.13999938964844,47.25,15605,0.0,0.0
2023-08-15 10:30:00-04:00,47.29999923706055,47.393699645996094,47.26210021972656,47.290000915527344,14035,0.0,0.0
2023-08-15 11:30:00-04:00,47.290000915527344,47.371700286865234,47.220001220703125,47.224998474121094,12174,0.0,0.0
2023-08-15 12:30:00-04:00,47.22999954223633,47.25529861450195,47.130001068115234,47.189998626708984,12632,0.0,0.0
2023-08-15 13:30:00-04:00,47.23640060424805,47.33000183105469,47.220001220703125,47.310001373291016,16668,0.0,0.0
2023-08-15 14:30:00-04:00,47.31010055541992,47.55500030517578,47.31010055541992,47.55500030517578,24052,0.0,0.0
2023-08-15 15:30:00-04:00,47.54999923706055,47.59000015258789,47.470001220703125,47.47999954223633,30399,0.0,0.0
2023-08-16 09:30:00-04:00,47.380001068115234,47.77000045776367,47.29999923706055,47.43000030517578,14102,0.0,0.0
2023-08-16 10:30:00-04:00,47.529998779296875,47.58000183105469,47.5,47.540000915527344,8558,0.0,0.0
2023-08-16 11:30:00-04:00,47.58000183105469,47.58000183105469,47.40869903564453,47.560001373291016,10382,0.0,0.0
2023-08-16 12:30:00-04:00,47.560001373291016,47.59000015258789,47.380699157714844,47.38999938964844,8103,0.0,0.0
2023-08-16 13:30:00-04:00,47.380001068115234,47.400001525878906,47.28499984741211,47.380001068115234,11949,0.0,0.0
2023-08-16 14:30:00-04:00,47.400001525878906,47.400001525878906,47.20000076293945,47.220001220703125,10186,0.0,0.0
2023-08-16 15:30:00-04:00,47.220001220703125,47.22999954223633,47.150001525878906,47.150001525878906,16839,0.0,0.0
2023-08-17 09:30:00-04:00,47.29999923706055,47.53499984741211,47.29999923706055,47.5099983215332,5698,0.0,0.0
2023-08-17 10:30:00-04:00,47.47999954223633,47.650001525878906,47.47999954223633,47.619998931884766,7352,0.0,0.0
2023-08-17 11:30:00-04:00,47.619998931884766,47.900001525878906,47.619998931884766,47.900001525878906,8883,0.0,0.0
2023-08-17 12:30:00-04:00,47.880001068115234,47.880001068115234,47.689998626708984,47.689998626708984,8386,0.0,0.0
2023-08-17 13:30:00-04:00,47.689998626708984,47.70000076293945,47.5099983215332,47.59000015258789,6678,0.0,0.0
2023-08-17 14:30:00-04:00,47.54999923706055,47.70000076293945,47.54999923706055,47.70000076293945,12115,0.0,0.0
2023-08-17 15:30:00-04:00,47.689998626708984,47.77000045776367,47.66999816894531,47.7599983215332,23452,0.0,0.0
2023-08-18 09:30:00-04:00,47.650001525878906,47.959999084472656,47.52299880981445,47.83000183105469,13363,0.0,0.0
2023-08-18 10:30:00-04:00,47.779998779296875,48.15999984741211,47.77000045776367,48.060001373291016,8540,0.0,0.0
2023-08-18 11:30:00-04:00,48.04999923706055,48.04999923706055,47.869998931884766,48.040000915527344,7828,0.0,0.0
2023-08-18 12:30:00-04:00,48.040000915527344,48.08000183105469,47.959999084472656,48.0,5819,0.0,0.0
2023-08-18 13:30:00-04:00,48.04999923706055,48.13999938964844,48.0,48.04999923706055,5455,0.0,0.0
2023-08-18 14:30:00-04:00,48.06999969482422,48.13999938964844,48.040000915527344,48.09000015258789,8903,0.0,0.0
2023-08-18 15:30:00-04:00,48.099998474121094,48.13999938964844,47.9900016784668,47.9900016784668,24659,0.0,0.0
2023-08-21 09:30:00-04:00,48.0,48.119998931884766,47.5,47.810001373291016,8952,0.0,0.0
2023-08-21 10:30:00-04:00,47.7494010925293,47.86000061035156,47.5,47.56999969482422,7626,0.0,0.0
2023-08-21 11:30:00-04:00,47.4453010559082,47.46500015258789,47.349998474121094,47.41999816894531,9702,0.0,0.0
2023-08-21 12:30:00-04:00,47.44129943847656,47.44129943847656,47.27000045776367,47.33000183105469,9505,0.0,0.0
2023-08-21 13:30:00-04:00,47.31999969482422,47.36000061035156,47.279998779296875,47.279998779296875,7250,0.0,0.0
2023-08-21 14:30:00-04:00,47.2599983215332,47.400001525878906,47.255001068115234,47.380001068115234,11743,0.0,0.0
2023-08-21 15:30:00-04:00,47.3650016784668,47.380001068115234,47.209999084472656,47.2599983215332,17242,0.0,0.0
2023-08-22 09:30:00-04:00,47.119998931884766,47.349998474121094,47.11000061035156,47.349998474121094,16345,0.0,0.0
2023-08-22 10:30:00-04:00,47.41999816894531,47.459999084472656,47.189998626708984,47.2400016784668,6065,0.0,0.0
2023-08-22 11:30:00-04:00,47.27000045776367,47.31999969482422,47.18000030517578,47.22999954223633,7261,0.0,0.0
2023-08-22 12:30:00-04:00,47.220001220703125,47.2400016784668,47.13999938964844,47.150001525878906,12454,0.0,0.0
2023-08-22 13:30:00-04:00,47.150001525878906,47.27000045776367,47.11000061035156,47.27000045776367,9080,0.0,0.0
2023-08-22 14:30:00-04:00,47.28499984741211,47.34749984741211,47.2599983215332,47.28499984741211,9448,0.0,0.0
2023-08-22 15:30:00-04:00,47.27000045776367,47.349998474121094,47.2599983215332,47.31999969482422,22139,0.0,0.0
2023-08-23 09:30:00-04:00,47.45000076293945,47.5099983215332,47.33000183105469,47.4900016784668,8891,0.0,0.0
2023-08-23 10:30:00-04:00,47.5099983215332,47.599998474121094,47.4900016784668,47.52000045776367,7995,0.0,0.0
2023-08-23 11:30:00-04:00,47.54999923706055,47.61000061035156,47.4900016784668,47.58639907836914,8227,0.0,0.0
2023-08-23 12:30:00-04:00,47.60260009765625,47.689998626708984,47.60260009765625,47.665000915527344,5462,0.0,0.0
2023-08-23 13:30:00-04:00,47.70000076293945,47.80500030517578,47.65999984741211,47.790000915527344,6615,0.0,0.0
2023-08-23 14:30:00-04:00,47.810001373291016,47.880001068115234,47.810001373291016,47.86050033569336,8898,0.0,0.0
2023-08-23 15:30:00-04:00,47.869998931884766,47.939998626708984,47.810001373291016,47.91999816894531,21063,0.0,0.0
2023-08-24 09:30:00-04:00,47.90999984741211,48.3213005065918,47.90999984741211,48.13999938964844,6162,0.0,0.0
2023-08-24 10:30:00-04:00,48.18230056762695,48.209999084472656,47.96009826660156,47.97999954223633,9569,0.0,0.0
2023-08-24 11:30:00-04:00,47.970001220703125,48.0099983215332,47.79999923706055,47.79999923706055,6492,0.0,0.0
2023-08-24 12:30:00-04:00,47.779998779296875,47.80500030517578,47.630001068115234,47.630001068115234,6687,0.0,0.0
2023-08-24 13:30:00-04:00,47.64500045776367,47.68519973754883,47.58000183105469,47.68000030517578,7866,0.0,0.0
2023-08-24 14:30:00-04:00,47.65999984741211,47.880001068115234,47.65999984741211,47.880001068115234,12136,0.0,0.0
2023-08-24 15:30:00-04:00,47.880001068115234,47.880001068115234,47.7599983215332,47.7599983215332,18727,0.0,0.0
2023-08-25 09:30:00-04:00,48.0099983215332,48.15999984741211,47.70000076293945,47.91999816894531,17975,0.0,0.0
2023-08-25 10:30:00-04:00,47.89500045776367,47.959999084472656,47.810001373291016,47.84000015258789,5054,0.0,0.0
2023-08-25 11:30:00-04:00,47.880001068115234,47.99919891357422,47.834999084472656,47.88999938964844,4696,0.0,0.0
2023-08-25 12:30:00-04:00,47.90999984741211,47.970001220703125,47.650001525878906,47.65999984741211,7865,0.0,0.0
2023-08-25 13:30:00-04:00,47.630001068115234,47.66999816894531,47.58000183105469,47.66999816894531,5353,0.0,0.0
2023-08-25 14:30:00-04:00,47.65999984741211,47.939998626708984,47.650001525878906,47.79999923706055,21196,0.0,0.0
2023-08-25 15:30:00-04:00,47.82500076293945,47.82500076293945,47.560001373291016,47.65999984741211,16655,0.0,0.0
2023-08-28 09:30:00-04:00,47.810001373291016,48.290000915527344,47.810001373291016,48.185001373291016,6679,0.0,0.0
2023-08-28 10:30:00-04:00,48.04999923706055,48.04999923706055,47.959999084472656,47.959999084472656,4094,0.0,0.0
2023-08-28 11:30:00-04:00,47.95000076293945,47.97999954223633,47.900001525878906,47.91999816894531,4191,0.0,0.0
2023-08-28 12:30:00-04:00,47.93000030517578,47.93000030517578,47.86000061035156,47.86000061035156,4389,0.0,0.0
2023-08-28 13:30:00-04:00,47.849998474121094,47.869998931884766,47.689998626708984,47.689998626708984,7025,0.0,0.0
2023-08-28 14:30:00-04:00,47.65999984741211,47.68000030517578,47.560001373291016,47.56999969482422,8802,0.0,0.0
2023-08-28 15:30:00-04:00,47.584999084472656,47.68000030517578,47.56999969482422,47.68000030517578,14343,0.0,0.0
2023-08-29 09:30:00-04:00,47.7599983215332,47.939998626708984,47.619998931884766,47.891700744628906,7468,0.0,0.0
2023-08-29 10:30:00-04:00,47.849998474121094,47.849998474121094,47.654998779296875,47.849998474121094,5899,0.0,0.0
2023-08-29 11:30:00-04:00,47.849998474121094,47.95000076293945,47.849998474121094,47.95000076293945,4943,0.0,0.0
2023-08-29 12:30:00-04:00,47.95000076293945,48.099998474121094,47.88999938964844,48.0099983215332,12898,0.0,0.0
2023-08-29 13:30:00-04:00,48.040000915527344,48.040000915527344,47.970001220703125,48.0,6823,0.0,0.0
2023-08-29 14:30:00-04:00,48.03670120239258,48.154998779296875,48.03670120239258,48.13999938964844,11206,0.0,0.0
2023-08-29 15:30:00-04:00,48.13999938964844,48.209999084472656,48.08000183105469,48.209999084472656,14779,0.0,0.0
2023-08-30 09:30:00-04:00,48.04999923706055,48.220001220703125,48.04999923706055,48.130001068115234,5047,0.0,0.0
2023-08-30 10:30:00-04:00,48.16999816894531,48.25040054321289,48.16999816894531,48.2400016784668,4929,0.0,0.0
2023-08-30 11:30:00-04:00,48.27000045776367,48.380001068115234,48.27000045776367,48.380001068115234,3913,0.0,0.0
2023-08-30 12:30:00-04:00,48.349998474121094,48.38999938964844,48.22629928588867,48.22629928588867,5124,0.0,0.0
2023-08-30 13:30:00-04:00,48.189998626708984,48.33000183105469,48.150001525878906,48.279998779296875,5718,0.0,0.0
2023-08-30 14:30:00-04:00,48.27000045776367,48.290000915527344,48.209999084472656,48.224998474121094,7015,0.0,0.0
2023-08-30 15:30:00-04:00,48.25,48.349998474121094,48.22999954223633,48.33000183105469,17281,0.0,0.0
2023-08-31 09:30:00-04:00,48.2400016784668,48.38999938964844,48.19499969482422,48.220001220703125,5533,0.0,0.0
2023-08-31 10:30:00-04:00,48.20000076293945,48.290000915527344,48.16999816894531,48.279998779296875,4375,0.0,0.0
2023-08-31 11:30:00-04:00,48.279998779296875,48.279998779296875,48.040000915527344,48.04999923706055,5880,0.0,0.0
2023-08-31 12:30:00-04:00,48.02000045776367,48.02000045776367,47.81999969482422,47.88999938964844,5340,0.0,0.0
2023-08-31 13:30:00-04:00,47.869998931884766,47.89500045776367,47.7400016784668,47.75,8325,0.0,0.0
2023-08-31 14:30:00-04:00,47.779998779296875,47.779998779296875,47.68000030517578,47.7400016784668,6223,0.0,0.0
2023-08-31 15:30:00-04:00,47.72999954223633,47.744998931884766,47.599998474121094,47.619998931884766,20167,0.0,0.0
2023-09-01 09:30:00-04:00,47.81999969482422,48.02000045776367,47.709999084472656,47.939998626708984,10542,0.0,0.0
2023-09-01 10:30:00-04:00,47.959999084472656,48.040000915527344,47.70000076293945,47.70000076293945,5934,0.0,0.0
2023-09-01 11:30:00-04:00,47.630001068115234,47.689998626708984,47.489200592041016,47.689998626708984,7476,0.0,0.0
2023-09-01 12:30:00-04:00,47.66999816894531,47.70000076293945,47.56999969482422,47.56999969482422,8798,0.0,0.0
2023-09-01 13:30:00-04:00,47.630001068115234,47.689998626708984,47.61000061035156,47.650001525878906,6700,0.0,0.0
2023-09-01 14:30:00-04:00,47.65999984741211,47.65999984741211,47.56999969482422,47.58000183105469,7669,0.0,0.0
2023-09-01 15:30:00-04:00,47.58000183105469,47.61000061035156,47.40999984741211,47.40999984741211,14622,0.0,0.0
2023-09-05 09:30:00-04:00,47.18000030517578,47.375,46.20000076293945,46.20000076293945,44764,0.0,0.0
2023-09-05 10:30:00-04:00,46.2599983215332,46.54990005493164,46.18000030517578,46.40999984741211,24372,0.0,0.0
2023-09-05 11:30:00-04:00,46.40999984741211,46.619998931884766,46.404998779296875,46.54999923706055,8621,0.0,0.0
2023-09-05 12:30:00-04:00,46.5,46.52000045776367,46.40399932861328,46.415000915527344,7521,0.0,0.0
2023-09-05 13:30:00-04:00,46.439998626708984,46.47999954223633,46.400001525878906,46.404998779296875,7669,0.0,0.0
2023-09-05 14:30:00-04:00,46.400001525878906,46.43000030517578,46.2599983215332,46.27000045776367,18455,0.0,0.0
2023-09-05 15:30:00-04:00,46.25,46.25,45.849998474121094,45.86000061035156,50195,0.0,0.0
2023-09-06 09:30:00-04:00,46.04999923706055,46.540000915527344,45.95000076293945,46.400001525878906,12604,0.0,0.0
2023-09-06 10:30:00-04:00,46.45000076293945,46.5099983215332,46.31999969482422,46.47999954223633,12418,0.0,0.0
2023-09-06 11:30:00-04:00,46.40999984741211,46.54999923706055,46.349998474121094,46.38999938964844,8232,0.0,0.0
2023-09-06 12:30:00-04:00,46.404998779296875,46.404998779296875,46.2599983215332,46.310001373291016,8313,0.0,0.0
2023-09-06 13:30:00-04:00,46.349998474121094,46.4900016784668,46.31999969482422,46.4900016784668,13341,0.0,0.0
2023-09-06 14:30:00-04:00,46.470001220703125,46.59000015258789,46.38999938964844,46.38999938964844,13109,0.0,0.0
2023-09-06 15:30:00-04:00,46.369998931884766,46.41999816894531,46.279998779296875,46.349998474121094,23788,0.0,0.0
2023-09-07 09:30:00-04:00,46.47999954223633,46.7400016784668,45.98500061035156,45.98500061035156,10554,0.0,0.0
2023-09-07 10:30:00-04:00,46.029998779296875,46.209999084472656,46.0099983215332,46.20500183105469,7808,0.0,0.0
2023-09-07 11:30:00-04:00,46.16999816894531,46.230098724365234,46.16999816894531,46.20000076293945,7676,0.0,0.0
2023-09-07 12:30:00-04:00,46.287601470947266,46.34000015258789,46.20000076293945,46.31999969482422,7501,0.0,0.0
2023-09-07 13:30:00-04:00,46.34000015258789,46.349998474121094,46.290000915527344,46.310001373291016,7509,0.0,0.0
2023-09-07 14:30:00-04:00,46.31999969482422,46.40999984741211,46.27000045776367,46.40999984741211,10919,0.0,0.0
2023-09-07 15:30:00-04:00,46.38999938964844,46.52000045776367,46.38999938964844,46.5099983215332,26742,0.0,0.0
2023-09-08 09:30:00-04:00,46.439998626708984,46.47999954223633,46.189998626708984,46.407501220703125,7335,0.0,0.0
2023-09-08 10:30:00-04:00,46.400001525878906,46.560001373291016,46.400001525878906,46.52000045776367,5038,0.0,0.0
2023-09-08 11:30:00-04:00,46.470001220703125,46.790000915527344,46.470001220703125,46.77000045776367,8814,0.0,0.0
2023-09-08 12:30:00-04:00,46.900001525878906,46.900001525878906,46.68000030517578,46.84000015258789,9313,0.0,0.0
2023-09-08 13:30:00-04:00,46.79999923706055,46.810001373291016,46.7599983215332,46.810001373291016,6932,0.0,0.0
2023-09-08 14:30:00-04:00,46.779998779296875,46.81999969482422,46.65999984741211,46.65999984741211,8524,0.0,0.0
2023-09-08 15:30:00-04:00,46.599998474121094,46.689998626708984,46.599998474121094,46.68000030517578,18319,0.0,0.0
2023-09-11 09:30:00-04:00,46.900001525878906,47.290000915527344,46.7599983215332,47.290000915527344,11200,0.0,0.0
2023-09-11 10:30:00-04:00,47.310001373291016,47.310001373291016,46.970001220703125,47.10499954223633,10268,0.0,0.0
2023-09-11 11:30:00-04:00,47.150001525878906,47.439998626708984,47.150001525878906,47.310001373291016,7509,0.0,0.0
2023-09-11 12:30:00-04:00,47.279998779296875,47.279998779296875,47.189998626708984,47.2400016784668,6638,0.0,0.0
2023-09-11 13:30:00-04:00,47.2400016784668,47.244598388671875,46.93000030517578,46.939998626708984,7690,0.0,0.0
2023-09-11 14:30:00-04:00,47.02000045776367,47.095001220703125,46.970001220703125,47.06999969482422,9979,0.0,0.0
2023-09-11 15:30:00-04:00,47.06999969482422,47.1150016784668,47.02000045776367,47.029998779296875,19258,0.0,0.0
2023-09-12 09:30:00-04:00,47.13999938964844,47.27000045776367,47.119998931884766,47.220001220703125,8802,0.0,0.0
2023-09-12 10:30:00-04:00,47.25,47.45989990234375,47.209999084472656,47.45989990234375,10192,0.0,0.0
2023-09-12 11:30:00-04:00,47.42559814453125,47.470001220703125,47.380001068115234,47.38999938964844,5258,0.0,0.0
2023-09-12 12:30:00-04:00,47.349998474121094,47.380001068115234,47.33000183105469,47.380001068115234,4479,0.0,0.0
2023-09-12 13:30:00-04:00,47.42499923706055,47.45000076293945,47.20000076293945,47.20000076293945,6427,0.0,0.0
2023-09-12 14:30:00-04:00,47.13999938964844,47.17770004272461,47.02000045776367,47.029998779296875,9508,0.0,0.0
2023-09-12 15:30:00-04:00,47.040000915527344,47.04999923706055,46.93000030517578,46.95000076293945,14137,0.0,0.0
2023-09-13 09:30:00-04:00,47.189998626708984,47.220001220703125,46.959999084472656,46.96500015258789,10543,0.0,0.0
2023-09-13 10:30:00-04:00,46.939998626708984,46.95000076293945,46.69499969482422,46.810001373291016,10069,0.0,0.0
2023-09-13 11:30:00-04:00,46.790000915527344,46.790000915527344,46.595001220703125,46.726200103759766,14097,0.0,0.0
2023-09-13 12:30:00-04:00,46.7599983215332,46.810001373291016,46.70000076293945,46.790000915527344,8375,0.0,0.0
2023-09-13 13:30:00-04:00,46.78990173339844,46.959999084472656,46.709999084472656,46.91999816894531,15557,0.0,0.0
2023-09-13 14:30:00-04:00,46.93000030517578,47.02000045776367,46.790000915527344,46.79999923706055,15637,0.0,0.0
2023-09-13 15:30:00-04:00,46.79999923706055,46.91999816894531,46.7599983215332,46.810001373291016,30916,0.0,0.0
2023-09-14 09:30:00-04:00,47.029998779296875,47.70000076293945,47.0,47.36000061035156,13884,0.0,0.0
2023-09-14 10:30:00-04:00,47.40999984741211,47.54999923706055,47.369998931884766,47.41999816894531,11496,0.0,0.0
2023-09-14 11:30:00-04:00,47.46500015258789,47.58000183105469,47.46500015258789,47.528900146484375,7007,0.0,0.0
2023-09-14 12:30:00-04:00,47.54999923706055,47.58000183105469,47.47999954223633,47.560001373291016,11304,0.0,0.0
2023-09-14 13:30:00-04:00,47.54999923706055,47.54999923706055,47.43000030517578,47.439998626708984,8157,0.0,0.0
2023-09-14 14:30:00-04:00,47.43000030517578,47.54999923706055,47.41999816894531,47.54999923706055,13504,0.0,0.0
2023-09-14 15:30:00-04:00,47.55500030517578,47.83000183105469,47.54999923706055,47.7400016784668,28526,0.0,0.0
2023-09-15 09:30:00-04:00,47.619998931884766,47.76499938964844,47.314998626708984,47.31999969482422,33167,0.0,0.0
2023-09-15 10:30:00-04:00,47.275001525878906,47.36000061035156,47.099998474121094,47.33000183105469,9637,0.0,0.0
2023-09-15 11:30:00-04:00,47.369998931884766,47.560001373291016,47.369998931884766,47.4900016784668,7631,0.0,0.0
2023-09-15 12:30:00-04:00,47.435001373291016,47.55500030517578,47.400001525878906,47.5099983215332,6505,0.0,0.0
2023-09-15 13:30:00-04:00,47.52069854736328,47.7599983215332,47.5099983215332,47.720001220703125,7854,0.0,0.0
2023-09-15 14:30:00-04:00,47.7599983215332,47.939998626708984,47.7599983215332,47.93000030517578,14049,0.0,0.0
2023-09-15 15:30:00-04:00,47.939998626708984,48.09000015258789,47.75,47.75,46820,0.0,0.0
2023-09-18 09:30:00-04:00,47.81999969482422,47.81999969482422,47.29999923706055,47.34000015258789,7941,0.0,0.0
2023-09-18 10:30:00-04:00,47.41999816894531,47.5,47.290000915527344,47.400001525878906,9784,0.0,0.0
2023-09-18 11:30:00-04:00,47.41999816894531,47.470001220703125,47.310001373291016,47.310001373291016,11601,0.0,0.0
2023-09-18 12:30:00-04:00,47.34000015258789,47.560001373291016,47.31679916381836,47.52000045776367,5727,0.0,0.0
2023-09-18 13:30:00-04:00,47.56999969482422,47.56999969482422,47.34000015258789,47.36000061035156,6233,0.0,0.0
2023-09-18 14:30:00-04:00,47.369998931884766,47.4900016784668,47.349998474121094,47.47999954223633,8240,0.0,0.0
2023-09-18 15:30:00-04:00,47.459999084472656,47.459999084472656,47.310001373291016,47.45000076293945,24617,0.0,0.0
2023-09-19 09:30:00-04:00,47.54999923706055,47.939998626708984,47.54999923706055,47.93000030517578,12390,0.0,0.0
2023-09-19 10:30:00-04:00,47.9900016784668,48.33000183105469,47.970001220703125,48.33000183105469,11690,0.0,0.0
2023-09-19 11:30:00-04:00,48.345001220703125,48.349998474121094,48.25,48.26499938964844,7267,0.0,0.0
2023-09-19 12:30:00-04:00,48.26499938964844,48.42020034790039,48.220001220703125,48.41999816894531,12420,0.0,0.0
2023-09-19 13:30:00-04:00,48.42499923706055,48.599998474121094,48.38999938964844,48.48500061035156,16393,0.0,0.0
2023-09-19 14:30:00-04:00,48.5099983215332,48.650001525878906,48.45000076293945,48.45000076293945,25593,0.0,0.0
2023-09-19 15:30:00-04:00,48.380001068115234,48.380001068115234,48.0099983215332,48.02000045776367,24892,0.0,0.0
2023-09-20 09:30:00-04:00,48.20000076293945,48.20000076293945,47.959999084472656,48.179901123046875,6847,0.0,0.0
2023-09-20 10:30:00-04:00,48.165000915527344,48.33000183105469,48.165000915527344,48.310001373291016,6296,0.0,0.0
2023-09-20 11:30:00-04:00,48.29999923706055,48.29999923706055,48.130001068115234,48.23500061035156,9856,0.0,0.0
2023-09-20 12:30:00-04:00,48.209999084472656,48.46989822387695,48.209999084472656,48.46989822387695,9900,0.0,0.0
2023-09-20 13:30:00-04:00,48.349998474121094,48.439998626708984,48.29999923706055,48.30830001831055,5482,0.0,0.0
2023-09-20 14:30:00-04:00,48.290000915527344,48.31999969482422,48.150001525878906,48.22999954223633,10689,0.0,0.0
2023-09-20 15:30:00-04:00,48.25,48.30500030517578,48.11000061035156,48.11000061035156,17499,0.0,0.0
2023-09-21 09:30:00-04:00,48.0,48.040000915527344,47.779998779296875,47.959999084472656,5402,0.0,0.0
2023-09-21 10:30:00-04:00,47.959999084472656,48.044498443603516,47.8213005065918,48.0099983215332,11633,0.0,0.0
2023-09-21 11:30:00-04:00,48.05500030517578,48.130001068115234,48.040000915527344,48.08810043334961,5324,0.0,0.0
2023-09-21 12:30:00-04:00,48.119998931884766,48.45000076293945,48.119998931884766,48.45000076293945,7724,0.0,0.0
2023-09-21 13:30:00-04:00,48.5,48.560001373291016,48.47999954223633,48.48529815673828,10700,0.0,0.0
2023-09-21 14:30:00-04:00,48.459999084472656,48.560001373291016,48.459999084472656,48.47999954223633,10507,0.0,0.0
2023-09-21 15:30:00-04:00,48.47999954223633,48.47999954223633,48.2599983215332,48.279998779296875,16693,0.0,0.0
2023-09-22 09:30:00-04:00,48.20000076293945,48.4900016784668,48.20000076293945,48.4900016784668,6447,0.0,0.0
2023-09-22 10:30:00-04:00,48.41999816894531,48.41999816894531,48.124900817871094,48.130001068115234,6818,0.0,0.0
2023-09-22 11:30:00-04:00,48.11000061035156,48.119998931884766,47.91999816894531,47.970001220703125,5184,0.0,0.0
2023-09-22 12:30:00-04:00,47.98500061035156,48.13999938964844,47.970001220703125,47.98899841308594,5535,0.0,0.0
2023-09-22 13:30:00-04:00,47.970001220703125,47.970001220703125,47.72999954223633,47.72999954223633,10102,0.0,0.0
2023-09-22 14:30:00-04:00,47.779998779296875,48.0,47.779998779296875,48.0,7620,0.0,0.0
2023-09-22 15:30:00-04:00,48.0,48.0,47.779998779296875,47.880001068115234,18214,0.0,0.0
2023-09-25 09:30:00-04:00,47.709999084472656,47.869998931884766,47.650001525878906,47.82500076293945,8736,0.0,0.0
2023-09-25 10:30:00-04:00,47.810001373291016,47.939998626708984,47.79999923706055,47.939998626708984,5878,0.0,0.0
2023-09-25 11:30:00-04:00,47.900001525878906,47.900001525878906,47.77000045776367,47.81999969482422,4463,0.0,0.0
2023-09-25 12:30:00-04:00,47.810001373291016,47.880001068115234,47.650001525878906,47.650001525878906,4775,0.0,0.0
2023-09-25 13:30:00-04:00,47.61000061035156,47.72999954223633,47.61000061035156,47.689998626708984,3274,0.0,0.0
2023-09-25 14:30:00-04:00,47.72999954223633,47.810001373291016,47.650001525878906,47.79999923706055,6344,0.0,0.0
2023-09-25 15:30:00-04:00,47.79999923706055,47.900001525878906,47.720001220703125,47.849998474121094,17554,0.0,0.0
2023-09-26 09:30:00-04:00,47.5,47.689998626708984,47.345001220703125,47.439998626708984,7818,0.0,0.0
2023-09-26 10:30:00-04:00,47.38999938964844,47.560001373291016,47.380001068115234,47.54999923706055,4125,0.0,0.0
2023-09-26 11:30:00-04:00,47.45000076293945,47.630001068115234,47.45000076293945,47.54999923706055,4455,0.0,0.0
2023-09-26 12:30:00-04:00,47.529998779296875,47.540000915527344,47.40999984741211,47.45000076293945,3570,0.0,0.0
2023-09-26 13:30:00-04:00,47.44139862060547,47.44139862060547,47.209999084472656,47.209999084472656,6701,0.0,0.0
2023-09-26 14:30:00-04:00,47.140899658203125,47.150001525878906,46.95000076293945,46.95000076293945,7460,0.0,0.0
2023-09-26 15:30:00-04:00,46.970001220703125,47.02989959716797,46.79999923706055,46.81999969482422,17895,0.0,0.0
2023-09-27 09:30:00-04:00,46.95000076293945,47.25,46.95000076293945,47.17499923706055,6762,0.0,0.0
2023-09-27 10:30:00-04:00,47.18000030517578,47.279998779296875,47.07979965209961,47.16999816894531,8473,0.0,0.0
2023-09-27 11:30:00-04:00,47.31999969482422,47.31999969482422,47.02000045776367,47.02000045776367,6867,0.0,0.0
2023-09-27 12:30:00-04:00,47.15420150756836,47.15420150756836,46.900001525878906,46.900001525878906,3742,0.0,0.0
2023-09-27 13:30:00-04:00,46.81999969482422,47.0099983215332,46.779998779296875,47.0099983215332,9696,0.0,0.0
2023-09-27 14:30:00-04:00,47.02000045776367,47.119998931884766,46.88999938964844,46.91999816894531,11390,0.0,0.0
2023-09-27 15:30:00-04:00,46.880001068115234,46.880001068115234,46.72999954223633,46.849998474121094,18141,0.0,0.0
2023-09-28 09:30:00-04:00,46.959999084472656,47.32500076293945,46.959999084472656,47.18000030517578,7729,0.0,0.0
2023-09-28 10:30:00-04:00,47.279998779296875,47.47999954223633,47.279998779296875,47.45000076293945,5306,0.0,0.0
2023-09-28 11:30:00-04:00,47.4900016784668,47.56999969482422,47.41999816894531,47.435001373291016,5970,0.0,0.0
2023-09-28 12:30:00-04:00,47.470001220703125,47.470001220703125,47.25,47.2599983215332,5262,0.0,0.0
2023-09-28 13:30:00-04:00,47.189998626708984,47.400001525878906,47.189998626708984,47.38999938964844,6679,0.0,0.0
2023-09-28 14:30:00-04:00,47.380001068115234,47.38050079345703,47.2599983215332,47.279998779296875,11654,0.0,0.0
2023-09-28 15:30:00-04:00,47.279998779296875,47.43000030517578,47.20000076293945,47.400001525878906,32756,0.0,0.0
2023-09-29 09:30:00-04:00,47.459999084472656,47.56999969482422,47.36000061035156,47.5099983215332,11029,0.0,0.0
2023-09-29 10:30:00-04:00,47.540000915527344,47.58000183105469,47.380001068115234,47.474998474121094,5477,0.0,0.0
2023-09-29 11:30:00-04:00,47.45000076293945,47.45000076293945,47.11000061035156,47.3385009765625,12855,0.0,0.0
2023-09-29 12:30:00-04:00,47.33000183105469,47.33000183105469,47.0,47.095001220703125,11941,0.0,0.0
2023-09-29 13:30:00-04:00,47.099998474121094,47.13999938964844,46.95500183105469,47.08000183105469,8076,0.0,0.0
2023-09-29 14:30:00-04:00,47.04999923706055,47.182098388671875,46.9900016784668,47.18000030517578,10401,0.0,0.0
2023-09-29 15:30:00-04:00,47.13999938964844,47.28150177001953,47.04999923706055,47.220001220703125,26252,0.0,0.0
2023-10-02 09:30:00-04:00,47.279998779296875,47.29990005493164,46.720001220703125,46.83000183105469,14391,0.0,0.0
2023-10-02 10:30:00-04:00,46.810001373291016,46.95000076293945,46.709999084472656,46.79999923706055,10956,0.0,0.0
2023-10-02 11:30:00-04:00,46.79999923706055,46.79999923706055,46.59000015258789,46.720001220703125,8434,0.0,0.0
2023-10-02 12:30:00-04:00,46.72060012817383,46.939998626708984,46.619998931884766,46.85089874267578,8499,0.0,0.0
2023-10-02 13:30:00-04:00,46.94990158081055,47.119998931884766,46.83879852294922,46.93000030517578,11379,0.0,0.0
2023-10-02 14:30:00-04:00,46.90999984741211,46.93000030517578,46.81999969482422,46.89670181274414,11570,0.0,0.0
2023-10-02 15:30:00-04:00,46.880001068115234,47.02000045776367,46.880001068115234,46.959999084472656,17946,0.0,0.0
2023-10-03 09:30:00-04:00,46.84000015258789,46.84000015258789,46.37009811401367,46.59000015258789,13576,0.0,0.0
2023-10-03 10:30:00-04:00,46.529998779296875,46.88999938964844,46.529998779296875,46.775001525878906,14194,0.0,0.0
2023-10-03 11:30:00-04:00,46.75,46.81999969482422,46.75,46.81959915161133,5907,0.0,0.0
2023-10-03 12:30:00-04:00,46.775001525878906,46.91999816894531,46.70000076293945,46.91999816894531,8793,0.0,0.0
2023-10-03 13:30:00-04:00,46.90999984741211,46.90999984741211,46.730098724365234,46.755001068115234,12503,0.0,0.0
2023-10-03 14:30:00-04:00,46.72999954223633,46.869998931884766,46.70000076293945,46.86000061035156,10683,0.0,0.0
2023-10-03 15:30:00-04:00,46.8650016784668,46.90999984741211,46.779998779296875,46.81999969482422,23204,0.0,0.0
2023-10-04 09:30:00-04:00,46.849998474121094,47.09709930419922,46.630001068115234,46.709999084472656,11615,0.0,0.0
2023-10-04 10:30:00-04:00,46.540000915527344,46.84000015258789,46.494998931884766,46.84000015258789,8161,0.0,0.0
2023-10-04 11:30:00-04:00,46.84000015258789,47.04999923706055,46.779998779296875,47.040000915527344,9528,0.0,0.0
2023-10-04 12:30:00-04:00,47.06999969482422,47.06999969482422,46.779998779296875,46.779998779296875,7003,0.0,0.0
2023-10-04 13:30:00-04:00,46.779998779296875,46.85499954223633,46.77000045776367,46.85499954223633,5622,0.0,0.0
2023-10-04 14:30:00-04:00,46.869998931884766,46.97999954223633,46.86000061035156,46.959999084472656,8428,0.0,0.0
2023-10-04 15:30:00-04:00,46.974998474121094,47.029998779296875,46.91999816894531,47.0,17790,0.0,0.0
2023-10-05 09:30:00-04:00,46.349998474121094,46.599998474121094,46.080101013183594,46.290000915527344,16480,0.0,0.0
2023-10-05 10:30:00-04:00,46.279998779296875,46.290000915527344,45.95000076293945,46.130001068115234,12740,0.0,0.0
2023-10-05 11:30:00-04:00,46.150001525878906,46.2400016784668,45.939998626708984,45.939998626708984,8932,0.0,0.0
2023-10-05 12:30:00-04:00,45.97990036010742,46.11000061035156,45.70000076293945,46.11000061035156,21191,0.0,0.0
2023-10-05 13:30:00-04:00,46.119998931884766,46.449501037597656,46.119998931884766,46.2400016784668,12122,0.0,0.0
2023-10-05 14:30:00-04:00,46.33000183105469,46.459999084472656,46.25,46.36000061035156,23417,0.0,0.0
2023-10-05 15:30:00-04:00,46.33000183105469,46.459999084472656,46.25,46.380001068115234,28136,0.0,0.0
2023-10-06 09:30:00-04:00,46.220001220703125,46.220001220703125,45.68000030517578,45.79499816894531,13911,0.0,0.0
2023-10-06 10:30:00-04:00,45.84000015258789,46.38999938964844,45.84000015258789,46.38999938964844,7343,0.0,0.0
2023-10-06 11:30:00-04:00,46.400001525878906,46.65999984741211,46.381099700927734,46.5,12294,0.0,0.0
2023-10-06 12:30:00-04:00,46.438201904296875,46.54999923706055,46.380001068115234,46.54999923706055,4930,0.0,0.0
2023-10-06 13:30:00-04:00,46.599998474121094,46.7400016784668,46.529998779296875,46.72999954223633,10511,0.0,0.0
2023-10-06 14:30:00-04:00,46.70000076293945,46.75,46.560001373291016,46.599998474121094,8553,0.0,0.0
2023-10-06 15:30:00-04:00,46.619998931884766,46.650001525878906,46.52000045776367,46.56999969482422,18516,0.0,0.0
2023-10-09 09:30:00-04:00,46.529998779296875,46.77000045776367,46.5,46.72159957885742,8456,0.0,0.0
2023-10-09 10:30:00-04:00,46.724998474121094,46.9900016784668,46.65999984741211,46.9900016784668,6167,0.0,0.0
2023-10-09 11:30:00-04:00,46.97999954223633,47.02000045776367,46.84000015258789,46.91999816894531,5870,0.0,0.0
2023-10-09 12:30:00-04:00,46.869998931884766,46.95000076293945,46.7400016784668,46.83000183105469,5975,0.0,0.0
2023-10-09 13:30:00-04:00,46.93000030517578,47.25,46.93000030517578,47.18989944458008,7644,0.0,0.0
2023-10-09 14:30:00-04:00,47.119998931884766,47.130001068115234,47.02000045776367,47.040000915527344,8223,0.0,0.0
2023-10-09 15:30:00-04:00,47.029998779296875,47.16999816894531,46.95560073852539,47.16999816894531,36375,0.0,0.0
2023-10-10 09:30:00-04:00,47.209999084472656,47.70000076293945,47.209999084472656,47.63999938964844,11804,0.0,0.0
2023-10-10 10:30:00-04:00,47.599998474121094,47.7599983215332,47.54869842529297,47.75,10503,0.0,0.0
2023-10-10 11:30:00-04:00,47.779998779296875,47.79999923706055,47.65999984741211,47.65999984741211,5660,0.0,0.0
2023-10-10 12:30:00-04:00,47.650001525878906,47.66600036621094,47.529998779296875,47.65999984741211,8454,0.0,0.0
2023-10-10 13:30:00-04:00,47.6234016418457,47.720001220703125,47.58000183105469,47.630001068115234,10531,0.0,0.0
2023-10-10 14:30:00-04:00,47.654998779296875,47.75,47.59000015258789,47.59000015258789,10015,0.0,0.0
2023-10-10 15:30:00-04:00,47.560001373291016,47.564998626708984,47.41999816894531,47.43000030517578,15916,0.0,0.0
2023-10-11 09:30:00-04:00,47.43000030517578,47.540000915527344,47.29999923706055,47.36000061035156,9965,0.0,0.0
2023-10-11 10:30:00-04:00,47.459999084472656,47.4900016784668,47.34000015258789,47.40999984741211,6721,0.0,0.0
2023-10-11 11:30:00-04:00,47.47999954223633,47.5099983215332,47.310001373291016,47.33000183105469,4448,0.0,0.0
2023-10-11 12:30:00-04:00,47.34000015258789,47.38999938964844,47.34000015258789,47.38999938964844,2956,0.0,0.0
2023-10-11 13:30:00-04:00,47.380001068115234,47.400001525878906,47.310001373291016,47.310001373291016,7561,0.0,0.0
2023-10-11 14:30:00-04:00,47.34000015258789,47.3650016784668,47.209999084472656,47.279998779296875,6733,0.0,0.0
2023-10-11 15:30:00-04:00,47.279998779296875,47.380001068115234,47.2400016784668,47.369998931884766,14307,0.0,0.0
2023-10-12 09:30:00-04:00,47.59000015258789,47.59000015258789,46.83000183105469,46.939998626708984,10413,0.0,0.0
2023-10-12 10:30:00-04:00,46.900001525878906,47.0,46.75,46.75,7381,0.0,0.0
2023-10-12 11:30:00-04:00,46.77000045776367,46.77000045776367,46.40999984741211,46.596500396728516,10783,0.0,0.0
2023-10-12 12:30:00-04:00,46.564998626708984,46.56999969482422,46.15999984741211,46.26190185546875,6532,0.0,0.0
2023-10-12 13:30:00-04:00,46.22999954223633,46.44499969482422,46.185001373291016,46.44499969482422,11040,0.0,0.0
2023-10-12 14:30:00-04:00,46.439998626708984,46.44499969482422,46.290000915527344,46.310001373291016,8428,0.0,0.0
2023-10-12 15:30:00-04:00,46.400001525878906,46.47999954223633,46.380001068115234,46.380001068115234,7778,0.0,0.0
2023-10-13 09:30:00-04:00,46.43000030517578,46.540000915527344,46.06999969482422,46.06999969482422,5306,0.0,0.0
2023-10-13 10:30:00-04:00,46.119998931884766,46.154998779296875,45.90999984741211,45.97999954223633,5673,0.0,0.0
2023-10-13 11:30:00-04:00,46.0099983215332,46.119998931884766,45.81999969482422,45.86000061035156,5688,0.0,0.0
2023-10-13 12:30:00-04:00,45.880001068115234,45.939998626708984,45.65999984741211,45.779998779296875,10372,0.0,0.0
2023-10-13 13:30:00-04:00,45.66999816894531,45.79999923706055,45.66999816894531,45.72999954223633,7137,0.0,0.0
2023-10-13 14:30:00-04:00,45.744998931884766,45.875,45.689998626708984,45.77000045776367,9267,0.0,0.0
2023-10-13 15:30:00-04:00,45.790000915527344,45.790000915527344,45.65999984741211,45.689998626708984,17175,0.0,0.0
2023-10-16 09:30:00-04:00,46.060001373291016,46.20000076293945,45.849998474121094,46.04999923706055,10781,0.0,0.0
2023-10-16 10:30:00-04:00,46.220001220703125,46.29990005493164,46.02000045776367,46.02000045776367,5748,0.0,0.0
2023-10-16 11:30:00-04:00,46.01499938964844,46.01499938964844,45.900001525878906,45.970001220703125,7202,0.0,0.0
2023-10-16 12:30:00-04:00,45.95000076293945,46.000099182128906,45.810001373291016,45.90999984741211,18112,0.0,0.0
2023-10-16 13:30:00-04:00,45.970001220703125,46.0099983215332,45.95000076293945,46.0,8154,0.0,0.0
2023-10-16 14:30:00-04:00,45.9900016784668,46.040000915527344,45.97999954223633,46.025001525878906,9410,0.0,0.0
2023-10-16 15:30:00-04:00,46.02000045776367,46.04999923706055,45.849998474121094,46.040000915527344,16380,0.0,0.0
2023-10-17 09:30:00-04:00,45.849998474121094,46.4900016784668,45.849998474121094,46.349998474121094,8313,0.0,0.0
2023-10-17 10:30:00-04:00,46.279998779296875,46.43000030517578,46.279998779296875,46.383201599121094,9761,0.0,0.0
2023-10-17 11:30:00-04:00,46.470001220703125,46.650001525878906,46.470001220703125,46.650001525878906,7633,0.0,0.0
2023-10-17 12:30:00-04:00,46.619998931884766,46.65999984741211,46.5,46.619998931884766,9188,0.0,0.0
2023-10-17 13:30:00-04:00,46.599998474121094,46.599998474121094,46.470001220703125,46.599998474121094,8135,0.0,0.0
2023-10-17 14:30:00-04:00,46.564998626708984,46.62990188598633,46.52000045776367,46.58000183105469,9456,0.0,0.0
2023-10-17 15:30:00-04:00,46.59000015258789,46.63999938964844,46.47999954223633,46.47999954223633,19826,0.0,0.0
2023-10-18 09:30:00-04:00,46.33000183105469,46.52000045776367,46.2400016784668,46.380001068115234,5758,0.0,0.0
2023-10-18 10:30:00-04:00,46.38999938964844,46.742401123046875,46.38999938964844,46.68000030517578,6919,0.0,0.0
2023-10-18 11:30:00-04:00,46.599998474121094,46.720001220703125,46.597900390625,46.65999984741211,5020,0.0,0.0
2023-10-18 12:30:00-04:00,46.70000076293945,46.95000076293945,46.65999984741211,46.86000061035156,6139,0.0,0.0
2023-10-18 13:30:00-04:00,46.81999969482422,46.90999984741211,46.7599983215332,46.84000015258789,3961,0.0,0.0
2023-10-18 14:30:00-04:00,46.81999969482422,46.81999969482422,46.540000915527344,46.61000061035156,9976,0.0,0.0
2023-10-18 15:30:00-04:00,46.61000061035156,46.65999984741211,46.54999923706055,46.59000015258789,10267,0.0,0.0
2023-10-19 09:30:00-04:00,46.45000076293945,46.59000015258789,46.45000076293945,46.560001373291016,2564,0.0,0.0
2023-10-19 10:30:00-04:00,46.470001220703125,46.54999923706055,46.40999984741211,46.54999923706055,3702,0.0,0.0
2023-10-19 11:30:00-04:00,46.61000061035156,46.70500183105469,46.5,46.630001068115234,5768,0.0,0.0
2023-10-19 12:30:00-04:00,46.31999969482422,46.619998931884766,46.31999969482422,46.53839874267578,6301,0.0,0.0
2023-10-19 13:30:00-04:00,46.52000045776367,46.52000045776367,46.36000061035156,46.36040115356445,3551,0.0,0.0
2023-10-19 14:30:00-04:00,46.27000045776367,46.279998779296875,46.119998931884766,46.15890121459961,9017,0.0,0.0
2023-10-19 15:30:00-04:00,46.13999938964844,46.20000076293945,46.060001373291016,46.060001373291016,11826,0.0,0.0
2023-10-20 09:30:00-04:00,46.2400016784668,46.40999984741211,46.044498443603516,46.209999084472656,13112,0.0,0.0
2023-10-20 10:30:00-04:00,46.279998779296875,46.650001525878906,46.25090026855469,46.52000045776367,6473,0.0,0.0
2023-10-20 11:30:00-04:00,46.5099983215332,46.630001068115234,46.40999984741211,46.439998626708984,5325,0.0,0.0
2023-10-20 12:30:00-04:00,46.56999969482422,46.56999969482422,46.250099182128906,46.35919952392578,5854,0.0,0.0
2023-10-20 13:30:00-04:00,46.31999969482422,46.45000076293945,46.31999969482422,46.38999938964844,5028,0.0,0.0
2023-10-20 14:30:00-04:00,46.400001525878906,46.43000030517578,46.2599983215332,46.310001373291016,5295,0.0,0.0
2023-10-20 15:30:00-04:00,46.31999969482422,46.33420181274414,46.060001373291016,46.060001373291016,18387,0.0,0.0
2023-10-23 09:30:00-04:00,45.91999816894531,45.91999816894531,45.71979904174805,45.77000045776367,8460,0.0,0.0
2023-10-23 10:30:00-04:00,45.5,45.65999984741211,45.43000030517578,45.65999984741211,6994,0.0,0.0
2023-10-23 11:30:00-04:00,45.70000076293945,45.7599983215332,45.349998474121094,45.52000045776367,8860,0.0,0.0
2023-10-23 12:30:00-04:00,45.46500015258789,45.52000045776367,45.310001373291016,45.349998474121094,7185,0.0,0.0
2023-10-23 13:30:00-04:00,45.380001068115234,45.439998626708984,45.25,45.27000045776367,11389,0.0,0.0
2023-10-23 14:30:00-04:00,45.29999923706055,45.41999816894531,45.11000061035156,45.119998931884766,13864,0.0,0.0
2023-10-23 15:30:00-04:00,45.11000061035156,45.2400016784668,44.959999084472656,44.970001220703125,31214,0.0,0.0
2023-10-24 09:30:00-04:00,44.939998626708984,45.09000015258789,44.91999816894531,45.02000045776367,4559,0.0,0.0
2023-10-24 10:30:00-04:00,45.060001373291016,45.10900115966797,44.900001525878906,44.900001525878906,6444,0.0,0.0
2023-10-24 11:30:00-04:00,44.81999969482422,44.86000061035156,44.54999923706055,44.599998474121094,9152,0.0,0.0
2023-10-24 12:30:00-04:00,44.619998931884766,44.685001373291016,44.619998931884766,44.68199920654297,3918,0.0,0.0
2023-10-24 13:30:00-04:00,44.709999084472656,44.720001220703125,44.64720153808594,44.68080139160156,4382,0.0,0.0
2023-10-24 14:30:00-04:00,44.810001373291016,44.939998626708984,44.779998779296875,44.880001068115234,10464,0.0,0.0
2023-10-24 15:30:00-04:00,44.915401458740234,44.959999084472656,44.79999923706055,44.86000061035156,22657,0.0,0.0
2023-10-25 09:30:00-04:00,44.58000183105469,44.91999816894531,44.58000183105469,44.91999816894531,5591,0.0,0.0
2023-10-25 10:30:00-04:00,44.8380012512207,45.130001068115234,44.8380012512207,45.130001068115234,3948,0.0,0.0
2023-10-25 11:30:00-04:00,45.060001373291016,45.17499923706055,45.00870132446289,45.11989974975586,5044,0.0,0.0
2023-10-25 12:30:00-04:00,45.11000061035156,45.16999816894531,45.099998474121094,45.15999984741211,6163,0.0,0.0
2023-10-25 13:30:00-04:00,45.2599983215332,45.34000015258789,45.189998626708984,45.329498291015625,7324,0.0,0.0
2023-10-25 14:30:00-04:00,45.42499923706055,45.52000045776367,45.345001220703125,45.46500015258789,9152,0.0,0.0
2023-10-25 15:30:00-04:00,45.45000076293945,45.5,45.400001525878906,45.400001525878906,9370,0.0,0.0
2023-10-26 09:30:00-04:00,45.63999938964844,45.77000045776367,45.459999084472656,45.619998931884766,13778,0.0,0.0
2023-10-26 10:30:00-04:00,45.33700180053711,45.439998626708984,45.22999954223633,45.30500030517578,7014,0.0,0.0
2023-10-26 11:30:00-04:00,45.23500061035156,45.290000915527344,45.18000030517578,45.18000030517578,4892,0.0,0.0
2023-10-26 12:30:00-04:00,45.150001525878906,45.189998626708984,44.99700164794922,45.06999969482422,3306,0.0,0.0
2023-10-26 13:30:00-04:00,45.0099983215332,45.11000061035156,44.939998626708984,45.09000015258789,6466,0.0,0.0
2023-10-26 14:30:00-04:00,45.11000061035156,45.22999954223633,45.060001373291016,45.060001373291016,7404,0.0,0.0
2023-10-26 15:30:00-04:00,45.029998779296875,45.11000061035156,45.0,45.005001068115234,20714,0.0,0.0
2023-10-27 09:30:00-04:00,45.06999969482422,45.279998779296875,44.7599983215332,44.82939910888672,7124,0.0,0.0
2023-10-27 10:30:00-04:00,44.880001068115234,45.05500030517578,44.79010009765625,44.83000183105469,8136,0.0,0.0
2023-10-27 11:30:00-04:00,44.900001525878906,44.900001525878906,44.560001373291016,44.584999084472656,3510,0.0,0.0
2023-10-27 12:30:00-04:00,44.58000183105469,44.70000076293945,44.400001525878906,44.529998779296875,8194,0.0,0.0
2023-10-27 13:30:00-04:00,44.48500061035156,44.61000061035156,44.43000030517578,44.529998779296875,7848,0.0,0.0
2023-10-27 14:30:00-04:00,44.4900016784668,44.529998779296875,44.400001525878906,44.41999816894531,6228,0.0,0.0
2023-10-27 15:30:00-04:00,44.45859909057617,44.560001373291016,44.41999816894531,44.560001373291016,21127,0.0,0.0
2023-10-30 09:30:00-04:00,44.88999938964844,45.025001525878906,44.630001068115234,44.790000915527344,8207,0.0,0.0
2023-10-30 10:30:00-04:00,44.77000045776367,44.880001068115234,44.630001068115234,44.79650115966797,7038,0.0,0.0
2023-10-30 11:30:00-04:00,44.849998474121094,45.02000045776367,44.790000915527344,44.95000076293945,6417,0.0,0.0
2023-10-30 12:30:00-04:00,45.0099983215332,45.09000015258789,44.93000030517578,44.98500061035156,8830,0.0,0.0
2023-10-30 13:30:00-04:00,45.060001373291016,45.06999969482422,44.83000183105469,44.85499954223633,8688,0.0,0.0
2023-10-30 14:30:00-04:00,44.900001525878906,45.18000030517578,44.900001525878906,45.12009811401367,13038,0.0,0.0
2023-10-30 15:30:00-04:00,45.06999969482422,45.099998474121094,44.900001525878906,44.97999954223633,12638,0.0,0.0
2023-10-31 09:30:00-04:00,44.91999816894531,45.005001068115234,44.81999969482422,44.85499954223633,5654,0.0,0.0
2023-10-31 10:30:00-04:00,44.77000045776367,44.88999938964844,44.77000045776367,44.85599899291992,5470,0.0,0.0
2023-10-31 11:30:00-04:00,44.89500045776367,44.95000076293945,44.849998474121094,44.94110107421875,5422,0.0,0.0
2023-10-31 12:30:00-04:00,44.94260025024414,44.970001220703125,44.84000015258789,44.869998931884766,4398,0.0,0.0
2023-10-31 13:30:00-04:00,44.880001068115234,44.90999984741211,44.75,44.810001373291016,6692,0.0,0.0
2023-10-31 14:30:00-04:00,44.880001068115234,45.02989959716797,44.84149932861328,44.963401794433594,8833,0.0,0.0
2023-10-31 15:30:00-04:00,44.97999954223633,45.09000015258789,44.959999084472656,44.9900016784668,14511,0.0,0.0
2023-11-01 09:30:00-04:00,45.08000183105469,45.099998474121094,44.88999938964844,45.099998474121094,4303,0.0,0.0
2023-11-01 10:30:00-04:00,45.02000045776367,45.02000045776367,44.650001525878906,44.650001525878906,6272,0.0,0.0
2023-11-01 11:30:00-04:00,44.459999084472656,44.71630096435547,44.459999084472656,44.632198333740234,6230,0.0,0.0
2023-11-01 12:30:00-04:00,44.650001525878906,44.650001525878906,44.470001220703125,44.470001220703125,5240,0.0,0.0
2023-11-01 13:30:00-04:00,44.459999084472656,44.58000183105469,44.43000030517578,44.45500183105469,5406,0.0,0.0
2023-11-01 14:30:00-04:00,44.5099983215332,44.72999954223633,44.444000244140625,44.619998931884766,11416,0.0,0.0
2023-11-01 15:30:00-04:00,44.599998474121094,44.65810012817383,44.5099983215332,44.5099983215332,12419,0.0,0.0
2023-11-02 09:30:00-04:00,44.91999816894531,45.20000076293945,44.79999923706055,44.8849983215332,8964,0.0,0.0
2023-11-02 10:30:00-04:00,44.8849983215332,45.04999923706055,44.8849983215332,45.042198181152344,4652,0.0,0.0
2023-11-02 11:30:00-04:00,44.959999084472656,45.04499816894531,44.88999938964844,44.939998626708984,7116,0.0,0.0
2023-11-02 12:30:00-04:00,44.97999954223633,45.279998779296875,44.95000076293945,45.119998931884766,6982,0.0,0.0
2023-11-02 13:30:00-04:00,45.16999816894531,45.310001373291016,45.150001525878906,45.150001525878906,5725,0.0,0.0
2023-11-02 14:30:00-04:00,45.162498474121094,45.340301513671875,45.15999984741211,45.2400016784668,7775,0.0,0.0
2023-11-02 15:30:00-04:00,45.220001220703125,45.45000076293945,45.220001220703125,45.45000076293945,18595,0.0,0.0
2023-11-03 09:30:00-04:00,46.68000030517578,49.439998626708984,46.150001525878906,49.060001373291016,50528,0.0,0.0
2023-11-03 10:30:00-04:00,49.08000183105469,49.48500061035156,49.06999969482422,49.25,19814,0.0,0.0
2023-11-03 11:30:00-04:00,49.290000915527344,49.970001220703125,49.25,49.970001220703125,14832,0.0,0.0
2023-11-03 12:30:00-04:00,49.95500183105469,50.04999923706055,49.709999084472656,49.720001220703125,16552,0.0,0.0
2023-11-03 13:30:00-04:00,49.724998474121094,50.108001708984375,49.724998474121094,50.09000015258789,15372,0.0,0.0
2023-11-03 14:30:00-04:00,50.150001525878906,50.689998626708984,50.150001525878906,50.349998474121094,25030,0.0,0.0
2023-11-03 15:30:00-04:00,50.31999969482422,50.720001220703125,50.310001373291016,50.630001068115234,33679,0.0,0.0
2023-11-06 09:30:00-05:00,50.349998474121094,50.540000915527344,49.900001525878906,50.47999954223633,18100,0.0,0.0
2023-11-06 10:30:00-05:00,50.47999954223633,50.650001525878906,50.439998626708984,50.54999923706055,16364,0.0,0.0
2023-11-06 11:30:00-05:00,50.47600173950195,50.94499969482422,50.47600173950195,50.94350051879883,13731,0.0,0.0
2023-11-06 12:30:00-05:00,50.9900016784668,51.25,50.959999084472656,51.11000061035156,21386,0.0,0.0
2023-11-06 13:30:00-05:00,51.08000183105469,51.29999923706055,51.08000183105469,51.25,11396,0.0,0.0
2023-11-06 14:30:00-05:00,51.25,51.29999923706055,51.05009841918945,51.20500183105469,15054,0.0,0.0
2023-11-06 15:30:00-05:00,51.244998931884766,51.47999954223633,51.11000061035156,51.47999954223633,40639,0.0,0.0
2023-11-07 09:30:00-05:00,51.4900016784668,52.20000076293945,51.0900993347168,51.900001525878906,22764,0.0,0.0
2023-11-07 10:30:00-05:00,51.970001220703125,52.16999816894531,51.880001068115234,52.16999816894531,13969,0.0,0.0
2023-11-07 11:30:00-05:00,52.18000030517578,52.20000076293945,52.08000183105469,52.119998931884766,8268,0.0,0.0
2023-11-07 12:30:00-05:00,52.160301208496094,52.29999923706055,52.036598205566406,52.29999923706055,11749,0.0,0.0
2023-11-07 13:30:00-05:00,52.29999923706055,52.38999938964844,52.16999816894531,52.29999923706055,9829,0.0,0.0
2023-11-07 14:30:00-05:00,52.22999954223633,52.439998626708984,52.22999954223633,52.439998626708984,15997,0.0,0.0
2023-11-07 15:30:00-05:00,52.45000076293945,52.5,52.349998474121094,52.4900016784668,24219,0.0,0.0
2023-11-08 09:30:00-05:00,52.310001373291016,52.63999938964844,51.91559982299805,52.5,15078,0.0,0.0
2023-11-08 10:30:00-05:00,52.448001861572266,52.4900016784668,51.970001220703125,51.970001220703125,12951,0.0,0.0
2023-11-08 11:30:00-05:00,51.91999816894531,52.08000183105469,51.86000061035156,51.86000061035156,6254,0.0,0.0
2023-11-08 12:30:00-05:00,51.7599983215332,51.79199981689453,51.46500015258789,51.529998779296875,12908,0.0,0.0
2023-11-08 13:30:00-05:00,51.5099983215332,51.564998626708984,51.43000030517578,51.505001068115234,13524,0.0,0.0
2023-11-08 14:30:00-05:00,51.54999923706055,51.66999816894531,51.52000045776367,51.599998474121094,20552,0.0,0.0
2023-11-08 15:30:00-05:00,51.599998474121094,51.93000030517578,51.59000015258789,51.900001525878906,26981,0.0,0.0
2023-11-09 09:30:00-05:00,52.20000076293945,52.20000076293945,51.45000076293945,51.45000076293945,3714,0.0,0.0
2023-11-09 10:30:00-05:00,51.4838981628418,52.0099983215332,51.482200622558594,52.0,11167,0.0,0.0
2023-11-09 11:30:00-05:00,51.95000076293945,51.95000076293945,51.58000183105469,51.7400016784668,12818,0.0,0.0
2023-11-09 12:30:00-05:00,51.709999084472656,51.72999954223633,51.279998779296875,51.35499954223633,7371,0.0,0.0
2023-11-09 13:30:00-05:00,51.279998779296875,51.33000183105469,51.0099983215332,51.279998779296875,8727,0.0,0.0
2023-11-09 14:30:00-05:00,51.2599983215332,51.38999938964844,51.220001220703125,51.310001373291016,14955,0.0,0.0
2023-11-09 15:30:00-05:00,51.33000183105469,51.540000915527344,51.290000915527344,51.4900016784668,27442,0.0,0.0
2023-11-10 09:30:00-05:00,51.709999084472656,51.709999084472656,50.77880096435547,50.77880096435547,2848,0.0,0.0
2023-11-10 10:30:00-05:00,50.55929946899414,50.72999954223633,50.55929946899414,50.68000030517578,3415,0.0,0.0
2023-11-10 11:30:00-05:00,50.60900115966797,51.040000915527344,50.60900115966797,50.9900016784668,4728,0.0,0.0
2023-11-10 12:30:00-05:00,51.040000915527344,51.38999938964844,50.95009994506836,51.35499954223633,10543,0.0,0.0
2023-11-10 13:30:00-05:00,51.29999923706055,51.41999816894531,51.2400016784668,51.33000183105469,6414,0.0,0.0
2023-11-10 14:30:00-05:00,51.3650016784668,51.400001525878906,51.13010025024414,51.13010025024414,8568,0.0,0.0
2023-11-10 15:30:00-05:00,51.18000030517578,51.209999084472656,51.09000015258789,51.20000076293945,19271,0.0,0.0
2023-11-13 09:30:00-05:00,51.189998626708984,51.36000061035156,51.0,51.350399017333984,7710,0.0,0.0
2023-11-13 10:30:00-05:00,51.40999984741211,51.720001220703125,51.40999984741211,51.720001220703125,10534,0.0,0.0
2023-11-13 11:30:00-05:00,51.790000915527344,51.849998474121094,51.63999938964844,51.720001220703125,2315,0.0,0.0
2023-11-13 12:30:00-05:00,51.810001373291016,51.84000015258789,51.70000076293945,51.744598388671875,5258,0.0,0.0
2023-11-13 13:30:00-05:00,51.70000076293945,51.939998626708984,51.630001068115234,51.939998626708984,10056,0.0,0.0
2023-11-13 14:30:00-05:00,51.959999084472656,52.07500076293945,51.81999969482422,52.06999969482422,9560,0.0,0.0
2023-11-13 15:30:00-05:00,52.02000045776367,52.369998931884766,52.02000045776367,52.25,33536,0.0,0.0
2023-11-14 09:30:00-05:00,52.61000061035156,52.650001525878906,52.029998779296875,52.5,15537,0.0,0.0
2023-11-14 10:30:00-05:00,52.40999984741211,52.744998931884766,52.38079833984375,52.68000030517578,12770,0.0,0.0
2023-11-14 11:30:00-05:00,52.56999969482422,52.619998931884766,52.4900016784668,52.619998931884766,5017,0.0,0.0
2023-11-14 12:30:00-05:00,52.58000183105469,52.69499969482422,52.540000915527344,52.58000183105469,7893,0.0,0.0
2023-11-14 13:30:00-05:00,52.709999084472656,52.849998474121094,52.645198822021484,52.790000915527344,9335,0.0,0.0
2023-11-14 14:30:00-05:00,52.7599983215332,52.900001525878906,52.70000076293945,52.80009841918945,17520,0.0,0.0
2023-11-14 15:30:00-05:00,52.90999984741211,53.09000015258789,52.81999969482422,53.08000183105469,29381,0.0,0.0
2023-11-15 09:30:00-05:00,53.11000061035156,53.349998474121094,53.02000045776367,53.02000045776367,7706,0.0,0.0
2023-11-15 10:30:00-05:00,53.104698181152344,53.41999816894531,53.060001373291016,53.38999938964844,7407,0.0,0.0
2023-11-15 11:30:00-05:00,53.2400016784668,53.36000061035156,53.06999969482422,53.36000061035156,6135,0.0,0.0
2023-11-15 12:30:00-05:00,53.375,53.43000030517578,53.22999954223633,53.361000061035156,7378,0.0,0.0
2023-11-15 13:30:00-05:00,53.34000015258789,53.540000915527344,53.29999923706055,53.33000183105469,7665,0.0,0.0
2023-11-15 14:30:00-05:00,53.349998474121094,53.63999938964844,53.229801177978516,53.63999938964844,20340,0.0,0.0
2023-11-15 15:30:00-05:00,53.68000030517578,53.81999969482422,53.61000061035156,53.81999969482422,23294,0.0,0.0
2023-11-16 09:30:00-05:00,53.84000015258789,53.96500015258789,53.63999938964844,53.96500015258789,8920,0.0,0.0
2023-11-16 10:30:00-05:00,54.0,54.0,53.52000045776367,53.70000076293945,12439,0.0,0.0
2023-11-16 11:30:00-05:00,53.73500061035156,53.73500061035156,53.45500183105469,53.4900016784668,11568,0.0,0.0
2023-11-16 12:30:00-05:00,53.4900016784668,53.63999938964844,53.461299896240234,53.461299896240234,9597,0.0,0.0
2023-11-16 13:30:00-05:00,53.40999984741211,53.54999923706055,53.26499938964844,53.310001373291016,10634,0.0,0.0
2023-11-16 14:30:00-05:00,53.255001068115234,53.400001525878906,53.25,53.380001068115234,14971,0.0,0.0
2023-11-16 15:30:00-05:00,53.349998474121094,53.40999984741211,53.2400016784668,53.40999984741211,18329,0.0,0.0
2023-11-17 09:30:00-05:00,53.70000076293945,53.73500061035156,53.54499816894531,53.650001525878906,19433,0.0,0.0
2023-11-17 10:30:00-05:00,53.685001373291016,53.869998931884766,53.685001373291016,53.810001373291016,5382,0.0,0.0
2023-11-17 11:30:00-05:00,53.849998474121094,53.86000061035156,53.720001220703125,53.83530044555664,5707,0.0,0.0
2023-11-17 12:30:00-05:00,53.849998474121094,53.91999816894531,53.79999923706055,53.86000061035156,5975,0.0,0.0
2023-11-17 13:30:00-05:00,53.91999816894531,53.91999816894531,53.61000061035156,53.61000061035156,8742,0.0,0.0
2023-11-17 14:30:00-05:00,53.709999084472656,53.939998626708984,53.689998626708984,53.939998626708984,7903,0.0,0.0
2023-11-17 15:30:00-05:00,53.900001525878906,53.900001525878906,53.65999984741211,53.84000015258789,20359,0.0,0.0
2023-11-20 09:30:00-05:00,53.529998779296875,53.595001220703125,53.10580062866211,53.595001220703125,12113,0.0,0.0
2023-11-20 10:30:00-05:00,53.54330062866211,53.91999816894531,53.54330062866211,53.773101806640625,10879,0.0,0.0
2023-11-20 11:30:00-05:00,53.72999954223633,53.93000030517578,53.69499969482422,53.93000030517578,4131,0.0,0.0
2023-11-20 12:30:00-05:00,53.93000030517578,53.93000030517578,53.75,53.849998474121094,3489,0.0,0.0
2023-11-20 13:30:00-05:00,53.81999969482422,54.0,53.72999954223633,53.73889923095703,8952,0.0,0.0
2023-11-20 14:30:00-05:00,53.83000183105469,54.0,53.83000183105469,53.869998931884766,6180,0.0,0.0
2023-11-20 15:30:00-05:00,53.875,54.06999969482422,53.875,53.939998626708984,14424,0.0,0.0
2023-11-21 09:30:00-05:00,54.0099983215332,54.0099983215332,53.540000915527344,53.60499954223633,5238,0.0,0.0
2023-11-21 10:30:00-05:00,53.599998474121094,53.9900016784668,53.599998474121094,53.900001525878906,5136,0.0,0.0
2023-11-21 11:30:00-05:00,53.880001068115234,54.04999923706055,53.880001068115234,53.9900016784668,3380,0.0,0.0
2023-11-21 12:30:00-05:00,54.04999923706055,54.04999923706055,53.95000076293945,53.9900016784668,4637,0.0,0.0
2023-11-21 13:30:00-05:00,53.9900016784668,54.06999969482422,53.9900016784668,54.0,3597,0.0,0.0
2023-11-21 14:30:00-05:00,54.09000015258789,54.25,53.95000076293945,54.20000076293945,9579,0.0,0.0
2023-11-21 15:30:00-05:00,54.20000076293945,54.22999954223633,54.119998931884766,54.22999954223633,12597,0.0,0.0
2023-11-22 09:30:00-05:00,54.52000045776367,54.79999923706055,54.185001373291016,54.7400016784668,8802,0.0,0.0
2023-11-22 10:30:00-05:00,54.810001373291016,54.86000061035156,54.660400390625,54.68000030517578,6931,0.0,0.0
2023-11-22 11:30:00-05:00,54.71549987792969,54.849998474121094,54.650001525878906,54.75,7267,0.0,0.0
2023-11-22 12:30:00-05:00,54.66999816894531,54.959999084472656,54.650001525878906,54.93000030517578,5671,0.0,0.0
2023-11-22 13:30:00-05:00,54.970001220703125,54.970001220703125,54.82500076293945,54.82500076293945,11398,0.0,0.0
2023-11-22 14:30:00-05:00,54.90999984741211,55.0,54.80870056152344,54.970001220703125,11219,0.0,0.0
2023-11-22 15:30:00-05:00,55.0,55.22999954223633,54.9640998840332,55.220001220703125,21353,0.0,0.0
2023-11-24 09:30:00-05:00,55.20000076293945,55.20000076293945,54.119998931884766,55.189998626708984,15471,0.0,0.0
2023-11-24 10:30:00-05:00,55.27000045776367,55.27000045776367,55.08000183105469,55.08000183105469,6286,0.0,0.0
2023-11-24 11:30:00-05:00,55.11000061035156,55.11000061035156,54.78010177612305,54.96500015258789,6941,0.0,0.0
2023-11-27 09:30:00-05:00,54.72999954223633,54.880001068115234,54.56999969482422,54.880001068115234,9460,0.0,0.0
2023-11-27 10:30:00-05:00,55.029998779296875,55.099998474121094,54.939998626708984,55.099998474121094,7017,0.0,0.0
2023-11-27 11:30:00-05:00,55.11000061035156,55.150001525878906,55.005001068115234,55.1150016784668,7587,0.0,0.0
2023-11-27 12:30:00-05:00,55.060001373291016,55.41999816894531,55.04999923706055,55.41999816894531,9644,0.0,0.0
2023-11-27 13:30:00-05:00,55.41999816894531,55.45000076293945,55.36000061035156,55.43000030517578,11095,0.0,0.0
2023-11-27 14:30:00-05:00,55.36000061035156,55.55500030517578,55.36000061035156,55.5099983215332,12606,0.0,0.0
2023-11-27 15:30:00-05:00,55.58000183105469,55.70000076293945,55.41999816894531,55.689998626708984,25888,0.0,0.0
2023-11-28 09:30:00-05:00,55.56999969482422,55.56999969482422,55.15999984741211,55.369998931884766,9615,0.0,0.0
2023-11-28 10:30:00-05:00,55.290000915527344,55.52000045776367,55.275001525878906,55.439998626708984,10275,0.0,0.0
2023-11-28 11:30:00-05:00,55.6349983215332,55.6349983215332,55.45000076293945,55.47999954223633,7380,0.0,0.0
2023-11-28 12:30:00-05:00,55.48500061035156,55.66999816894531,55.2599983215332,55.494998931884766,14758,0.0,0.0
2023-11-28 13:30:00-05:00,55.5,55.5099983215332,55.29999923706055,55.47999954223633,10149,0.0,0.0
2023-11-28 14:30:00-05:00,55.529998779296875,55.599998474121094,55.43000030517578,55.540000915527344,11054,0.0,0.0
2023-11-28 15:30:00-05:00,55.61000061035156,55.65999984741211,55.40999984741211,55.529998779296875,27107,0.0,0.0
2023-11-29 09:30:00-05:00,55.470001220703125,55.5,54.910099029541016,55.029998779296875,9138,0.0,0.0
2023-11-29 10:30:00-05:00,54.97999954223633,55.20000076293945,54.97999954223633,55.11000061035156,12428,0.0,0.0
2023-11-29 11:30:00-05:00,55.205299377441406,55.369998931884766,55.175498962402344,55.310001373291016,8598,0.0,0.0
2023-11-29 12:30:00-05:00,55.30500030517578,55.30500030517578,55.099998474121094,55.099998474121094,5305,0.0,0.0
2023-11-29 13:30:00-05:00,55.150001525878906,55.439998626708984,55.150001525878906,55.439998626708984,5037,0.0,0.0
2023-11-29 14:30:00-05:00,55.44499969482422,55.44499969482422,55.25,55.27000045776367,14341,0.0,0.0
2023-11-29 15:30:00-05:00,55.2400016784668,55.4900016784668,55.22999954223633,55.47999954223633,33624,0.0,0.0
2023-11-30 09:30:00-05:00,55.72999954223633,55.79999923706055,55.220001220703125,55.76499938964844,9318,0.0,0.0
2023-11-30 10:30:00-05:00,55.84000015258789,56.54999923706055,55.81999969482422,56.29499816894531,20116,0.0,0.0
2023-11-30 11:30:00-05:00,56.29499816894531,56.310001373291016,55.959999084472656,55.970001220703125,8503,0.0,0.0
2023-11-30 12:30:00-05:00,56.025001525878906,56.189998626708984,56.025001525878906,56.08000183105469,10622,0.0,0.0
2023-11-30 13:30:00-05:00,56.08000183105469,56.13999938964844,55.97999954223633,55.9900016784668,8683,0.0,0.0
2023-11-30 14:30:00-05:00,55.970001220703125,56.2400016784668,55.961700439453125,56.150001525878906,16443,0.0,0.0
2023-11-30 15:30:00-05:00,56.16999816894531,56.33000183105469,56.11000061035156,56.2400016784668,23605,0.0,0.0
2023-12-01 09:30:00-05:00,56.04999923706055,56.48500061035156,55.959999084472656,56.42499923706055,13368,0.0,0.0
2023-12-01 10:30:00-05:00,56.42499923706055,57.09000015258789,56.42499923706055,56.96500015258789,25074,0.0,0.0
2023-12-01 11:30:00-05:00,57.029998779296875,57.23500061035156,56.970001220703125,57.119998931884766,13012,0.0,0.0
2023-12-01 12:30:00-05:00,57.119998931884766,57.24869918823242,57.060001373291016,57.18349838256836,7597,0.0,0.0
2023-12-01 13:30:00-05:00,57.16999816894531,57.2599983215332,57.15999984741211,57.16999816894531,13358,0.0,0.0
2023-12-01 14:30:00-05:00,57.185001373291016,57.349998474121094,57.0,57.310001373291016,17192,0.0,0.0
2023-12-01 15:30:00-05:00,57.34000015258789,57.630001068115234,57.34000015258789,57.56999969482422,26663,0.0,0.0
2023-12-04 09:30:00-05:00,57.349998474121094,58.459999084472656,57.349998474121094,58.30500030517578,24462,0.0,0.0
2023-12-04 10:30:00-05:00,58.310001373291016,58.630001068115234,58.310001373291016,58.39500045776367,12705,0.0,0.0
2023-12-04 11:30:00-05:00,58.310001373291016,58.540000915527344,58.29999923706055,58.540000915527344,7374,0.0,0.0
2023-12-04 12:30:00-05:00,58.599998474121094,58.70500183105469,58.59479904174805,58.68000030517578,7724,0.0,0.0
2023-12-04 13:30:00-05:00,58.68000030517578,58.88999938964844,58.68000030517578,58.88999938964844,20245,0.0,0.0
2023-12-04 14:30:00-05:00,58.900001525878906,59.21500015258789,58.900001525878906,59.11249923706055,24639,0.0,0.0
2023-12-04 15:30:00-05:00,59.09000015258789,59.43899917602539,59.08000183105469,59.31999969482422,31608,0.0,0.0
2023-12-05 09:30:00-05:00,59.04999923706055,59.599998474121094,58.650001525878906,59.59000015258789,23091,0.0,0.0
2023-12-05 10:30:00-05:00,59.599998474121094,60.08000183105469,59.42599868774414,60.08000183105469,27443,0.0,0.0
2023-12-05 11:30:00-05:00,60.0099983215332,60.07500076293945,59.79999923706055,59.900001525878906,11939,0.0,0.0
2023-12-05 12:30:00-05:00,59.994998931884766,60.46500015258789,59.95000076293945,60.46500015258789,11261,0.0,0.0
2023-12-05 13:30:00-05:00,60.42499923706055,60.42499923706055,60.20000076293945,60.29499816894531,14180,0.0,0.0
2023-12-05 14:30:00-05:00,60.265899658203125,60.54999923706055,59.95100021362305,60.400001525878906,16892,0.0,0.0
2023-12-05 15:30:00-05:00,60.439998626708984,60.52000045776367,60.369998931884766,60.369998931884766,26978,0.0,0.0
2023-12-06 09:30:00-05:00,60.060001373291016,60.38999938964844,59.31999969482422,59.31999969482422,13962,0.0,0.0
2023-12-06 10:30:00-05:00,59.33000183105469,59.349998474121094,58.72999954223633,58.810001373291016,24004,0.0,0.0
2023-12-06 11:30:00-05:00,58.7599983215332,58.810001373291016,58.209999084472656,58.54499816894531,17336,0.0,0.0
2023-12-06 12:30:00-05:00,58.579898834228516,58.72999954223633,58.459999084472656,58.581199645996094,16756,0.0,0.0
2023-12-06 13:30:00-05:00,58.68000030517578,58.709999084472656,58.31999969482422,58.33000183105469,19316,0.0,0.0
2023-12-06 14:30:00-05:00,58.29999923706055,58.619998931884766,58.29999923706055,58.47999954223633,20578,0.0,0.0
2023-12-06 15:30:00-05:00,58.65999984741211,59.029998779296875,58.599998474121094,59.029998779296875,31672,0.0,0.0
2023-12-07 09:30:00-05:00,59.290000915527344,59.45500183105469,58.63930130004883,59.178001403808594,12846,0.0,0.0
2023-12-07 10:30:00-05:00,59.119998931884766,59.470001220703125,59.119998931884766,59.380001068115234,6545,0.0,0.0
2023-12-07 11:30:00-05:00,59.36000061035156,59.71900177001953,59.36000061035156,59.58000183105469,10225,0.0,0.0
2023-12-07 12:30:00-05:00,59.56039810180664,59.7400016784668,59.4900016784668,59.665000915527344,5735,0.0,0.0
2023-12-07 13:30:00-05:00,59.779998779296875,59.810001373291016,59.470001220703125,59.470001220703125,12490,0.0,0.0
2023-12-07 14:30:00-05:00,59.529998779296875,59.93000030517578,59.529998779296875,59.86000061035156,13221,0.0,0.0
2023-12-07 15:30:00-05:00,59.880001068115234,60.2400016784668,59.849998474121094,60.22999954223633,40965,0.0,0.0
2023-12-08 09:30:00-05:00,60.290000915527344,60.415000915527344,59.63999938964844,60.2400016784668,22372,0.0,0.0
2023-12-08 10:30:00-05:00,60.349998474121094,60.349998474121094,60.1150016784668,60.1150016784668,7784,0.0,0.0
2023-12-08 11:30:00-05:00,60.189998626708984,60.334999084472656,60.04999923706055,60.20500183105469,9171,0.0,0.0
2023-12-08 12:30:00-05:00,60.20000076293945,60.439998626708984,60.08720016479492,60.38999938964844,14760,0.0,0.0
2023-12-08 13:30:00-05:00,60.36000061035156,60.4900016784668,60.290000915527344,60.40999984741211,11902,0.0,0.0
2023-12-08 14:30:00-05:00,60.3650016784668,60.3650016784668,60.06999969482422,60.11000061035156,14731,0.0,0.0
2023-12-08 15:30:00-05:00,60.11000061035156,60.290000915527344,60.06999969482422,60.18000030517578,27244,0.0,0.0
2023-12-11 09:30:00-05:00,60.0,60.0,58.709999084472656,59.06999969482422,38705,0.0,0.0
2023-12-11 10:30:00-05:00,59.06999969482422,59.55500030517578,59.05500030517578,59.55500030517578,27378,0.0,0.0
2023-12-11 11:30:00-05:00,59.595001220703125,59.900001525878906,59.59000015258789,59.720001220703125,20781,0.0,0.0
2023-12-11 12:30:00-05:00,59.694698333740234,60.119998931884766,59.694698333740234,60.06999969482422,9101,0.0,0.0
2023-12-11 13:30:00-05:00,60.1150016784668,60.130001068115234,59.810001373291016,59.900001525878906,21720,0.0,0.0
2023-12-11 14:30:00-05:00,59.94499969482422,59.94499969482422,59.775001525878906,59.939998626708984,17356,0.0,0.0
2023-12-11 15:30:00-05:00,59.904998779296875,60.279998779296875,59.904998779296875,60.099998474121094,37512,0.0,0.0
2023-12-12 09:30:00-05:00,60.08000183105469,60.20000076293945,59.165000915527344,59.22999954223633,38140,0.0,0.0
2023-12-12 10:30:00-05:00,59.220001220703125,59.75,59.02000045776367,59.2599983215332,30579,0.0,0.0
2023-12-12 11:30:00-05:00,59.2599983215332,59.59000015258789,59.25,59.59000015258789,29014,0.0,0.0
2023-12-12 12:30:00-05:00,59.599998474121094,59.810001373291016,59.47999954223633,59.810001373291016,14409,0.0,0.0
2023-12-12 13:30:00-05:00,59.79999923706055,60.060001373291016,59.755001068115234,59.9900016784668,17898,0.0,0.0
2023-12-12 14:30:00-05:00,60.02000045776367,60.34000015258789,60.0,60.2400016784668,28230,0.0,0.0
2023-12-12 15:30:00-05:00,60.2599983215332,60.34000015258789,60.189998626708984,60.31999969482422,56771,0.0,0.0
2023-12-13 09:30:00-05:00,60.15999984741211,60.15999984741211,59.650001525878906,59.7958984375,26077,0.0,0.0
2023-12-13 10:30:00-05:00,59.86750030517578,59.959999084472656,59.64500045776367,59.64500045776367,16607,0.0,0.0
2023-12-13 11:30:00-05:00,59.58000183105469,59.58000183105469,58.915000915527344,59.439998626708984,23312,0.0,0.0
2023-12-13 12:30:00-05:00,59.435001373291016,59.87990188598633,59.334999084472656,59.69499969482422,27836,0.0,0.0
2023-12-13 13:30:00-05:00,59.755001068115234,60.939998626708984,59.5099983215332,60.939998626708984,42817,0.0,0.0
2023-12-13 14:30:00-05:00,60.95000076293945,61.54999923706055,60.810001373291016,61.47999954223633,49277,0.0,0.0
2023-12-13 15:30:00-05:00,61.52000045776367,61.7599983215332,61.40999984741211,61.7400016784668,66005,0.0,0.0
2023-12-14 09:30:00-05:00,62.040000915527344,62.48500061035156,61.52000045776367,62.459999084472656,40652,0.0,0.0
2023-12-14 10:30:00-05:00,62.529998779296875,62.98899841308594,62.029998779296875,62.880001068115234,34692,0.0,0.0
2023-12-14 11:30:00-05:00,62.915000915527344,63.310001373291016,62.915000915527344,63.13999938964844,26215,0.0,0.0
2023-12-14 12:30:00-05:00,63.185001373291016,63.619998931884766,62.95000076293945,63.619998931884766,47390,0.0,0.0
2023-12-14 13:30:00-05:00,63.6150016784668,64.44000244140625,63.459999084472656,64.12999725341797,49599,0.0,0.0
2023-12-14 14:30:00-05:00,63.939998626708984,63.9900016784668,62.849998474121094,63.43600082397461,42887,0.0,0.0
2023-12-14 15:30:00-05:00,63.44499969482422,63.58000183105469,63.0,63.4900016784668,84765,0.0,0.0
2023-12-15 09:30:00-05:00,63.25,64.84989929199219,62.599998474121094,64.0,120331,0.0,0.0
2023-12-15 10:30:00-05:00,64.10990142822266,64.28199768066406,63.7400016784668,63.939998626708984,32078,0.0,0.0
2023-12-15 11:30:00-05:00,63.875,64.37999725341797,63.875,64.27999877929688,34604,0.0,0.0
2023-12-15 12:30:00-05:00,64.20999908447266,64.30999755859375,63.939998626708984,63.939998626708984,50584,0.0,0.0
2023-12-15 13:30:00-05:00,63.849998474121094,63.89500045776367,62.869998931884766,63.11000061035156,36231,0.0,0.0
2023-12-15 14:30:00-05:00,63.11000061035156,64.12899780273438,62.9900016784668,64.0,93572,0.0,0.0
2023-12-15 15:30:00-05:00,63.97999954223633,64.02999877929688,61.79999923706055,63.2599983215332,249229,0.0,0.0
2023-12-18 09:30:00-05:00,63.31999969482422,63.349998474121094,62.400001525878906,62.97999954223633,33587,0.0,0.0
2023-12-18 10:30:00-05:00,62.99449920654297,63.0099983215332,62.349998474121094,62.71820068359375,25246,0.0,0.0
2023-12-18 11:30:00-05:00,62.720001220703125,62.790000915527344,62.290000915527344,62.65999984741211,18569,0.0,0.0
2023-12-18 12:30:00-05:00,62.63999938964844,62.665000915527344,62.060001373291016,62.2047004699707,16851,0.0,0.0
2023-12-18 13:30:00-05:00,62.18000030517578,62.345001220703125,62.04999923706055,62.099998474121094,22302,0.0,0.0
2023-12-18 14:30:00-05:00,62.04999923706055,62.279998779296875,61.95000076293945,62.150001525878906,31501,0.0,0.0
2023-12-18 15:30:00-05:00,62.099998474121094,62.25,61.95000076293945,62.20000076293945,57482,0.0,0.0
2023-12-19 09:30:00-05:00,62.54999923706055,63.9900016784668,62.38999938964844,63.72999954223633,20347,0.0,0.0
2023-12-19 10:30:00-05:00,63.716400146484375,64.0199966430664,63.716400146484375,63.880001068115234,11965,0.0,0.0
2023-12-19 11:30:00-05:00,63.720001220703125,63.970001220703125,63.720001220703125,63.88999938964844,11444,0.0,0.0
2023-12-19 12:30:00-05:00,63.9900016784668,64.1500015258789,63.95000076293945,64.07009887695312,13402,0.0,0.0
2023-12-19 13:30:00-05:00,64.12999725341797,64.49500274658203,64.08000183105469,64.29499816894531,15323,0.0,0.0
2023-12-19 14:30:00-05:00,64.3499984741211,64.37999725341797,64.09500122070312,64.37999725341797,12910,0.0,0.0
2023-12-19 15:30:00-05:00,64.41000366210938,64.5,64.0199966430664,64.12000274658203,46606,0.0,0.0
2023-12-20 09:30:00-05:00,64.16000366210938,64.5,63.619998931884766,64.5,18522,0.0,0.0
2023-12-20 10:30:00-05:00,64.625,64.77999877929688,64.5250015258789,64.55000305175781,10406,0.0,0.0
2023-12-20 11:30:00-05:00,64.61000061035156,64.9800033569336,64.61000061035156,64.9800033569336,8244,0.0,0.0
2023-12-20 12:30:00-05:00,64.98999786376953,65.3499984741211,64.95999908447266,65.19000244140625,17533,0.0,0.0
2023-12-20 13:30:00-05:00,65.13999938964844,65.33000183105469,65.05000305175781,65.25,14123,0.0,0.0
2023-12-20 14:30:00-05:00,65.16999816894531,65.23999786376953,64.44499969482422,64.6500015258789,15165,0.0,0.0
2023-12-20 15:30:00-05:00,64.55999755859375,64.55999755859375,64.11000061035156,64.1500015258789,19731,0.0,0.0
2023-12-21 09:30:00-05:00,64.08999633789062,64.68000030517578,64.0,64.4000015258789,17511,0.0,0.0
2023-12-21 10:30:00-05:00,64.31500244140625,64.57499694824219,64.2249984741211,64.57499694824219,7561,0.0,0.0
2023-12-21 11:30:00-05:00,64.52999877929688,64.52999877929688,63.9900016784668,64.21499633789062,12126,0.0,0.0
2023-12-21 12:30:00-05:00,64.26090240478516,64.26090240478516,63.880001068115234,63.880001068115234,7838,0.0,0.0
2023-12-21 13:30:00-05:00,63.97999954223633,63.9900016784668,63.75510025024414,63.97999954223633,9820,0.0,0.0
2023-12-21 14:30:00-05:00,63.91999816894531,64.22000122070312,63.91999816894531,64.22000122070312,11053,0.0,0.0
2023-12-21 15:30:00-05:00,64.22000122070312,64.72000122070312,64.22000122070312,64.69999694824219,30677,0.0,0.0
2023-12-22 09:30:00-05:00,65.19999694824219,65.88999938964844,64.7699966430664,65.81999969482422,17367,0.0,0.0
2023-12-22 10:30:00-05:00,65.7699966430664,65.85540008544922,65.19830322265625,65.43000030517578,8206,0.0,0.0
2023-12-22 11:30:00-05:00,65.47000122070312,65.62999725341797,65.27010345458984,65.3949966430664,8760,0.0,0.0
2023-12-22 12:30:00-05:00,65.30999755859375,65.38079833984375,65.30999755859375,65.33999633789062,3732,0.0,0.0
2023-12-22 13:30:00-05:00,65.33000183105469,65.37999725341797,65.0199966430664,65.02999877929688,6560,0.0,0.0
2023-12-22 14:30:00-05:00,64.88760375976562,65.19999694824219,64.88760375976562,65.11000061035156,9340,0.0,0.0
2023-12-22 15:30:00-05:00,65.0199966430664,65.12000274658203,64.8499984741211,65.12000274658203,17250,0.0,0.0
2023-12-26 09:30:00-05:00,65.3499984741211,65.7699966430664,65.01000213623047,65.67009735107422,9439,0.0,0.0
2023-12-26 10:30:00-05:00,65.68000030517578,65.81999969482422,65.5,65.77999877929688,4930,0.0,0.0
2023-12-26 11:30:00-05:00,65.77999877929688,66.06999969482422,65.68000030517578,66.06999969482422,5982,0.0,0.0
2023-12-26 12:30:00-05:00,65.98999786376953,66.30000305175781,65.98999786376953,66.2300033569336,14878,0.0,0.0
2023-12-26 13:30:00-05:00,66.25,66.37999725341797,66.13999938964844,66.1500015258789,18075,0.0,0.0
2023-12-26 14:30:00-05:00,66.20999908447266,66.4800033569336,66.20999908447266,66.42500305175781,6503,0.0,0.0
2023-12-26 15:30:00-05:00,66.41999816894531,66.47000122070312,66.23819732666016,66.38999938964844,19301,0.0,0.0
2023-12-27 09:30:00-05:00,66.66000366210938,66.91000366210938,66.47000122070312,66.89630126953125,7789,0.0,0.0
2023-12-27 10:30:00-05:00,66.80999755859375,66.95999908447266,66.5199966430664,66.63999938964844,6673,0.0,0.0
2023-12-27 11:30:00-05:00,66.52999877929688,67.0199966430664,66.52999877929688,66.87999725341797,9357,0.0,0.0
2023-12-27 12:30:00-05:00,66.87999725341797,67.4000015258789,66.87999725341797,67.08999633789062,10475,0.0,0.0
2023-12-27 13:30:00-05:00,66.95999908447266,67.08000183105469,66.69999694824219,66.9000015258789,8366,0.0,0.0
2023-12-27 14:30:00-05:00,66.88999938964844,67.12999725341797,66.88999938964844,67.06500244140625,10350,0.0,0.0
2023-12-27 15:30:00-05:00,67.0199966430664,67.06500244140625,66.73500061035156,66.94999694824219,19313,0.0,0.0
2023-12-28 09:30:00-05:00,66.66000366210938,67.02999877929688,66.41999816894531,67.0199966430664,12415,0.0,0.0
2023-12-28 10:30:00-05:00,67.0199966430664,67.0199966430664,66.77999877929688,66.91999816894531,7329,0.0,0.0
2023-12-28 11:30:00-05:00,66.91999816894531,66.94999694824219,66.80000305175781,66.80999755859375,5452,0.0,0.0
2023-12-28 12:30:00-05:00,66.87999725341797,66.91120147705078,66.61499786376953,66.7300033569336,9277,0.0,0.0
2023-12-28 13:30:00-05:00,66.81999969482422,67.00499725341797,66.80000305175781,66.94999694824219,6400,0.0,0.0
2023-12-28 14:30:00-05:00,67.01000213623047,67.08000183105469,66.91999816894531,67.04000091552734,5135,0.0,0.0
2023-12-28 15:30:00-05:00,67.0999984741211,67.31999969482422,67.04000091552734,67.2699966430664,26004,0.0,0.0
2023-12-29 09:30:00-05:00,66.98999786376953,67.26000213623047,66.83999633789062,67.07150268554688,9233,0.0,0.0
2023-12-29 10:30:00-05:00,67.11499786376953,67.19000244140625,66.89700317382812,66.9800033569336,4588,0.0,0.0
2023-12-29 11:30:00-05:00,66.9800033569336,67.12999725341797,66.7853012084961,66.7853012084961,5967,0.0,0.0
2023-12-29 12:30:00-05:00,66.86000061035156,67.11499786376953,66.86000061035156,67.08000183105469,5821,0.0,0.0
2023-12-29 13:30:00-05:00,67.04000091552734,67.25,67.04000091552734,67.25,5554,0.0,0.0
2023-12-29 14:30:00-05:00,67.16000366210938,67.42500305175781,67.16000366210938,67.38999938964844,11317,0.0,0.0
2023-12-29 15:30:00-05:00,67.37999725341797,67.5,67.19000244140625,67.33999633789062,28967,0.0,0.0
2024-01-02 09:30:00-05:00,67.0,67.66999816894531,66.86000061035156,67.62000274658203,28403,0.0,0.0
2024-01-02 10:30:00-05:00,67.72730255126953,67.80000305175781,67.29000091552734,67.44000244140625,28584,0.0,0.0
2024-01-02 11:30:00-05:00,67.37999725341797,67.77999877929688,67.37999725341797,67.5999984741211,15386,0.0,0.0
2024-01-02 12:30:00-05:00,67.51000213623047,67.80000305175781,67.51000213623047,67.70999908447266,11561,0.0,0.0
2024-01-02 13:30:00-05:00,67.63999938964844,67.66999816894531,67.31999969482422,67.43499755859375,11825,0.0,0.0
2024-01-02 14:30:00-05:00,67.3499984741211,67.48999786376953,67.22000122070312,67.31500244140625,11980,0.0,0.0
2024-01-02 15:30:00-05:00,67.3499984741211,67.45999908447266,67.06659698486328,67.18000030517578,32559,0.0,0.0
2024-01-03 09:30:00-05:00,67.0,67.41999816894531,66.02999877929688,67.06999969482422,31858,0.0,0.0
2024-01-03 10:30:00-05:00,67.06999969482422,67.06999969482422,66.37999725341797,66.77999877929688,17214,0.0,0.0
2024-01-03 11:30:00-05:00,66.76000213623047,66.98989868164062,66.63999938964844,66.63999938964844,23566,0.0,0.0
2024-01-03 12:30:00-05:00,66.65499877929688,66.80000305175781,66.61000061035156,66.75,12037,0.0,0.0
2024-01-03 13:30:00-05:00,66.69300079345703,66.73500061035156,66.33999633789062,66.51000213623047,14633,0.0,0.0
2024-01-03 14:30:00-05:00,66.5,66.5199966430664,65.24500274658203,65.24500274658203,27786,0.0,0.0
2024-01-03 15:30:00-05:00,65.18000030517578,65.38999938964844,65.0510025024414,65.26000213623047,42388,0.0,0.0
2024-01-04 09:30:00-05:00,65.69999694824219,66.1417007446289,65.37000274658203,65.40499877929688,19930,0.0,0.0
2024-01-04 10:30:00-05:00,65.44000244140625,65.62999725341797,65.26000213623047,65.4011001586914,29284,0.0,0.0
2024-01-04 11:30:00-05:00,65.4000015258789,65.4000015258789,64.91999816894531,65.33000183105469,23407,0.0,0.0
2024-01-04 12:30:00-05:00,65.16999816894531,65.19999694824219,64.86000061035156,64.95999908447266,13300,0.0,0.0
2024-01-04 13:30:00-05:00,64.98999786376953,65.30000305175781,64.94999694824219,65.30000305175781,26441,0.0,0.0
2024-01-04 14:30:00-05:00,65.26000213623047,65.39749908447266,65.05000305175781,65.29000091552734,29341,0.0,0.0
2024-01-04 15:30:00-05:00,65.30000305175781,65.36000061035156,65.12999725341797,65.22000122070312,36098,0.0,0.0
2024-01-05 09:30:00-05:00,63.91999816894531,64.31999969482422,63.5,63.78499984741211,24649,0.0,0.0
2024-01-05 10:30:00-05:00,63.81999969482422,63.939998626708984,63.320098876953125,63.52000045776367,20232,0.0,0.0
2024-01-05 11:30:00-05:00,63.595001220703125,63.595001220703125,63.02000045776367,63.189998626708984,11542,0.0,0.0
2024-01-05 12:30:00-05:00,63.20000076293945,63.20000076293945,63.040000915527344,63.040000915527344,5813,0.0,0.0
2024-01-05 13:30:00-05:00,63.16999816894531,63.39500045776367,63.16999816894531,63.27000045776367,8897,0.0,0.0
2024-01-05 14:30:00-05:00,63.130001068115234,63.14500045776367,62.720001220703125,62.83000183105469,19961,0.0,0.0
2024-01-05 15:30:00-05:00,62.79999923706055,63.0,62.689998626708984,62.70000076293945,23320,0.0,0.0
2024-01-08 09:30:00-05:00,62.349998474121094,62.349998474121094,61.650001525878906,62.176998138427734,27263,0.0,0.0
2024-01-08 10:30:00-05:00,62.255001068115234,62.36000061035156,61.95000076293945,62.040000915527344,9334,0.0,0.0
2024-01-08 11:30:00-05:00,62.22999954223633,62.22999954223633,61.779998779296875,61.88999938964844,13253,0.0,0.0
2024-01-08 12:30:00-05:00,61.873199462890625,61.90039825439453,61.58000183105469,61.59000015258789,10585,0.0,0.0
2024-01-08 13:30:00-05:00,61.529998779296875,61.72999954223633,61.5099983215332,61.56999969482422,10112,0.0,0.0
2024-01-08 14:30:00-05:00,61.60850143432617,61.77000045776367,61.54280090332031,61.654998779296875,12991,0.0,0.0
2024-01-08 15:30:00-05:00,61.689998626708984,61.84000015258789,61.595001220703125,61.814998626708984,29416,0.0,0.0
2024-01-09 09:30:00-05:00,61.31999969482422,61.31999969482422,60.40999984741211,60.70000076293945,23564,0.0,0.0
2024-01-09 10:30:00-05:00,60.599998474121094,60.880001068115234,60.599998474121094,60.880001068115234,10166,0.0,0.0
2024-01-09 11:30:00-05:00,61.060001373291016,61.2400016784668,61.04999923706055,61.19499969482422,8338,0.0,0.0
2024-01-09 12:30:00-05:00,61.130001068115234,61.1349983215332,60.86009979248047,60.86009979248047,5792,0.0,0.0
2024-01-09 13:30:00-05:00,60.94499969482422,61.14500045776367,60.81010055541992,60.93000030517578,6278,0.0,0.0
2024-01-09 14:30:00-05:00,60.887001037597656,60.9900016784668,60.8650016784668,60.98500061035156,7336,0.0,0.0
2024-01-09 15:30:00-05:00,60.9640007019043,61.08000183105469,60.84000015258789,60.86000061035156,19937,0.0,0.0
2024-01-10 09:30:00-05:00,61.040000915527344,61.33000183105469,60.959999084472656,61.290000915527344,14692,0.0,0.0
2024-01-10 10:30:00-05:00,61.290000915527344,61.290000915527344,60.9010009765625,61.01499938964844,23831,0.0,0.0
2024-01-10 11:30:00-05:00,60.90999984741211,60.90999984741211,60.54999923706055,60.70000076293945,7169,0.0,0.0
2024-01-10 12:30:00-05:00,60.68000030517578,60.68000030517578,60.349998474121094,60.5099983215332,6126,0.0,0.0
2024-01-10 13:30:00-05:00,60.41999816894531,60.599998474121094,60.3849983215332,60.599998474121094,5870,0.0,0.0
2024-01-10 14:30:00-05:00,60.68000030517578,60.68000030517578,60.400001525878906,60.43000030517578,10938,0.0,0.0
2024-01-10 15:30:00-05:00,60.43000030517578,60.790000915527344,60.349998474121094,60.75,15404,0.0,0.0
2024-01-11 09:30:00-05:00,60.65999984741211,60.904998779296875,60.380001068115234,60.869998931884766,12669,0.0,0.0
2024-01-11 10:30:00-05:00,60.75,60.8224983215332,60.66999816894531,60.775001525878906,10993,0.0,0.0
2024-01-11 11:30:00-05:00,60.775001525878906,60.810001373291016,60.650001525878906,60.709999084472656,12174,0.0,0.0
2024-01-11 12:30:00-05:00,60.599998474121094,60.65999984741211,60.507999420166016,60.507999420166016,3621,0.0,0.0
2024-01-11 13:30:00-05:00,60.43000030517578,60.459999084472656,60.37889862060547,60.459999084472656,5646,0.0,0.0
2024-01-11 14:30:00-05:00,60.45000076293945,60.81999969482422,60.385398864746094,60.689998626708984,14120,0.0,0.0
2024-01-11 15:30:00-05:00,60.720001220703125,60.86000061035156,60.68000030517578,60.86000061035156,24562,0.0,0.0
2024-01-12 09:30:00-05:00,60.88999938964844,61.29999923706055,59.900001525878906,60.010101318359375,34690,0.0,0.0
2024-01-12 10:30:00-05:00,60.108001708984375,60.209999084472656,59.880001068115234,59.93000030517578,11372,0.0,0.0
2024-01-12 11:30:00-05:00,60.0,60.08000183105469,59.77000045776367,59.93000030517578,6457,0.0,0.0
2024-01-12 12:30:00-05:00,60.0,60.084999084472656,59.88999938964844,59.974998474121094,8034,0.0,0.0
2024-01-12 13:30:00-05:00,59.93009948730469,60.16999816894531,59.93009948730469,60.06999969482422,5005,0.0,0.0
2024-01-12 14:30:00-05:00,60.0,60.209999084472656,59.959999084472656,60.18000030517578,10040,0.0,0.0
2024-01-12 15:30:00-05:00,60.25,60.34000015258789,60.16999816894531,60.31999969482422,29207,0.0,0.0
2024-01-16 09:30:00-05:00,60.25,60.25,59.689998626708984,59.790000915527344,8792,0.0,0.0
2024-01-16 10:30:00-05:00,59.75019836425781,59.82500076293945,59.470001220703125,59.58000183105469,6516,0.0,0.0
2024-01-16 11:30:00-05:00,59.52000045776367,59.61000061035156,59.20000076293945,59.20000076293945,5982,0.0,0.0
2024-01-16 12:30:00-05:00,59.07500076293945,59.1328010559082,59.04999923706055,59.04999923706055,2458,0.0,0.0
2024-01-16 13:30:00-05:00,59.02069854736328,59.109901428222656,58.72999954223633,58.810001373291016,7919,0.0,0.0
2024-01-16 14:30:00-05:00,58.849998474121094,59.18000030517578,58.83000183105469,58.959999084472656,10775,0.0,0.0
2024-01-16 15:30:00-05:00,58.900001525878906,59.02000045776367,58.869998931884766,58.880001068115234,30801,0.0,0.0
2024-01-17 09:30:00-05:00,58.36000061035156,59.189998626708984,58.2400016784668,58.66999816894531,12057,0.0,0.0
2024-01-17 10:30:00-05:00,58.72200012207031,58.72200012207031,58.439998626708984,58.560001373291016,8779,0.0,0.0
2024-01-17 11:30:00-05:00,58.52000045776367,58.54999923706055,58.220001220703125,58.25429916381836,7181,0.0,0.0
2024-01-17 12:30:00-05:00,58.27000045776367,58.36000061035156,58.209999084472656,58.290000915527344,6539,0.0,0.0
2024-01-17 13:30:00-05:00,58.29499816894531,58.47999954223633,58.2400016784668,58.41999816894531,17546,0.0,0.0
2024-01-17 14:30:00-05:00,58.389801025390625,58.560001373291016,58.36000061035156,58.400001525878906,7178,0.0,0.0
2024-01-17 15:30:00-05:00,58.38999938964844,58.65999984741211,58.349998474121094,58.54999923706055,23319,0.0,0.0
2024-01-18 09:30:00-05:00,58.58000183105469,58.790000915527344,58.361000061035156,58.60499954223633,10468,0.0,0.0
2024-01-18 10:30:00-05:00,58.60499954223633,58.68000030517578,58.119998931884766,58.31999969482422,5590,0.0,0.0
2024-01-18 11:30:00-05:00,58.25,58.27000045776367,57.92499923706055,57.92499923706055,11818,0.0,0.0
2024-01-18 12:30:00-05:00,57.95000076293945,57.994998931884766,57.70000076293945,57.869998931884766,16950,0.0,0.0
2024-01-18 13:30:00-05:00,57.80500030517578,58.10499954223633,57.80500030517578,58.10499954223633,5039,0.0,0.0
2024-01-18 14:30:00-05:00,58.14500045776367,58.310001373291016,58.060001373291016,58.310001373291016,5832,0.0,0.0
2024-01-18 15:30:00-05:00,58.39500045776367,58.52000045776367,58.349998474121094,58.3849983215332,26897,0.0,0.0
2024-01-19 09:30:00-05:00,58.59000015258789,58.59000015258789,57.709999084472656,57.849998474121094,15141,0.0,0.0
2024-01-19 10:30:00-05:00,57.78499984741211,58.040000915527344,57.650001525878906,57.98500061035156,9876,0.0,0.0
2024-01-19 11:30:00-05:00,58.06999969482422,58.06999969482422,57.7599983215332,57.88999938964844,11470,0.0,0.0
2024-01-19 12:30:00-05:00,57.8849983215332,58.060001373291016,57.8849983215332,58.060001373291016,4480,0.0,0.0
2024-01-19 13:30:00-05:00,58.16999816894531,58.279998779296875,58.060001373291016,58.266300201416016,5751,0.0,0.0
2024-01-19 14:30:00-05:00,58.310001373291016,58.4359016418457,58.22999954223633,58.4359016418457,9254,0.0,0.0
2024-01-19 15:30:00-05:00,58.45000076293945,58.61000061035156,58.41999816894531,58.599998474121094,26376,0.0,0.0
2024-01-22 09:30:00-05:00,58.72999954223633,59.439998626708984,58.63999938964844,59.439998626708984,10999,0.0,0.0
2024-01-22 10:30:00-05:00,59.40999984741211,59.41999816894531,58.90999984741211,59.22999954223633,6814,0.0,0.0
2024-01-22 11:30:00-05:00,59.220001220703125,59.220001220703125,59.0099983215332,59.06999969482422,6578,0.0,0.0
2024-01-22 12:30:00-05:00,59.10300064086914,59.10300064086914,58.93000030517578,58.939998626708984,8426,0.0,0.0
2024-01-22 13:30:00-05:00,58.970001220703125,59.32500076293945,58.970001220703125,59.32500076293945,8275,0.0,0.0
2024-01-22 14:30:00-05:00,59.290401458740234,59.75,59.290401458740234,59.75,13823,0.0,0.0
2024-01-22 15:30:00-05:00,59.77000045776367,59.779998779296875,59.459999084472656,59.470001220703125,30807,0.0,0.0
2024-01-23 09:30:00-05:00,59.91999816894531,60.095001220703125,59.435001373291016,59.435001373291016,11145,0.0,0.0
2024-01-23 10:30:00-05:00,59.34000015258789,59.604400634765625,59.15999984741211,59.15999984741211,14817,0.0,0.0
2024-01-23 11:30:00-05:00,59.189998626708984,59.43000030517578,59.18000030517578,59.189998626708984,6548,0.0,0.0
2024-01-23 12:30:00-05:00,59.189998626708984,59.279998779296875,59.08000183105469,59.150001525878906,6748,0.0,0.0
2024-01-23 13:30:00-05:00,59.14250183105469,59.279998779296875,59.06999969482422,59.15999984741211,7937,0.0,0.0
2024-01-23 14:30:00-05:00,59.279998779296875,59.38999938964844,59.04199981689453,59.04199981689453,19392,0.0,0.0
2024-01-23 15:30:00-05:00,59.04999923706055,59.130001068115234,58.810001373291016,58.81999969482422,42296,0.0,0.0
2024-01-24 09:30:00-05:00,59.400001525878906,59.400001525878906,58.849998474121094,58.92890167236328,7097,0.0,0.0
2024-01-24 10:30:00-05:00,58.897499084472656,59.22100067138672,58.7599983215332,59.22100067138672,3502,0.0,0.0
2024-01-24 11:30:00-05:00,59.119998931884766,59.18000030517578,58.939998626708984,59.08000183105469,7753,0.0,0.0
2024-01-24 12:30:00-05:00,58.97999954223633,59.02000045776367,58.86009979248047,58.86009979248047,4418,0.0,0.0
2024-01-24 13:30:00-05:00,58.86000061035156,58.939998626708984,58.709999084472656,58.7400016784668,7976,0.0,0.0
2024-01-24 14:30:00-05:00,58.72999954223633,58.869998931884766,58.63999938964844,58.689998626708984,14210,0.0,0.0
2024-01-24 15:30:00-05:00,58.66999816894531,58.82500076293945,58.59000015258789,58.619998931884766,19575,0.0,0.0
2024-01-25 09:30:00-05:00,58.95000076293945,58.959999084472656,58.369998931884766,58.599998474121094,13677,0.0,0.0
2024-01-25 10:30:00-05:00,58.45000076293945,58.45000076293945,58.15999984741211,58.189998626708984,8071,0.0,0.0
2024-01-25 11:30:00-05:00,58.119998931884766,58.30500030517578,57.77000045776367,57.779998779296875,11310,0.0,0.0
2024-01-25 12:30:00-05:00,57.81999969482422,57.96900177001953,57.63999938964844,57.86000061035156,12666,0.0,0.0
2024-01-25 13:30:00-05:00,57.8849983215332,58.29499816894531,57.8849983215332,58.29499816894531,13015,0.0,0.0
2024-01-25 14:30:00-05:00,58.279998779296875,58.52000045776367,58.189998626708984,58.45000076293945,21334,0.0,0.0
2024-01-25 15:30:00-05:00,58.470001220703125,58.72999954223633,58.334999084472656,58.720001220703125,30327,0.0,0.0
2024-01-26 09:30:00-05:00,59.189998626708984,59.34000015258789,58.18000030517578,58.369998931884766,11992,0.0,0.0
2024-01-26 10:30:00-05:00,58.34000015258789,58.54499816894531,58.130001068115234,58.130001068115234,9740,0.0,0.0
2024-01-26 11:30:00-05:00,58.130001068115234,58.60810089111328,58.130001068115234,58.459999084472656,12946,0.0,0.0
2024-01-26 12:30:00-05:00,58.43000030517578,58.43000030517578,58.04999923706055,58.04999923706055,9518,0.0,0.0
2024-01-26 13:30:00-05:00,58.029998779296875,58.22999954223633,58.029998779296875,58.16999816894531,12859,0.0,0.0
2024-01-26 14:30:00-05:00,58.119998931884766,58.18000030517578,57.970001220703125,57.97999954223633,10065,0.0,0.0
2024-01-26 15:30:00-05:00,58.01499938964844,58.439998626708984,57.959999084472656,58.43000030517578,32055,0.0,0.0
2024-01-29 09:30:00-05:00,58.810001373291016,58.810001373291016,58.0099983215332,58.30500030517578,11122,0.0,0.0
2024-01-29 10:30:00-05:00,58.31999969482422,58.439998626708984,58.220001220703125,58.33000183105469,12159,0.0,0.0
2024-01-29 11:30:00-05:00,58.30500030517578,58.32899856567383,58.08000183105469,58.16999816894531,6588,0.0,0.0
2024-01-29 12:30:00-05:00,58.095001220703125,58.150001525878906,57.77009963989258,58.02000045776367,9017,0.0,0.0
2024-01-29 13:30:00-05:00,58.029998779296875,58.08000183105469,57.939998626708984,57.939998626708984,9628,0.0,0.0
2024-01-29 14:30:00-05:00,57.93000030517578,58.2400016784668,57.880001068115234,58.189998626708984,15865,0.0,0.0
2024-01-29 15:30:00-05:00,58.154998779296875,58.20000076293945,58.0099983215332,58.16999816894531,25187,0.0,0.0
2024-01-30 09:30:00-05:00,58.040000915527344,58.39500045776367,57.61000061035156,58.39500045776367,27860,0.0,0.0
2024-01-30 10:30:00-05:00,58.380001068115234,58.775001525878906,58.279998779296875,58.375,12055,0.0,0.0
2024-01-30 11:30:00-05:00,58.375,58.55500030517578,58.349998474121094,58.55500030517578,7991,0.0,0.0
2024-01-30 12:30:00-05:00,58.4900016784668,58.5,58.33000183105469,58.5,8603,0.0,0.0
2024-01-30 13:30:00-05:00,58.459999084472656,58.834999084472656,58.45000076293945,58.79999923706055,10767,0.0,0.0
2024-01-30 14:30:00-05:00,58.76499938964844,58.76499938964844,58.58000183105469,58.689998626708984,11159,0.0,0.0
2024-01-30 15:30:00-05:00,58.650001525878906,58.720001220703125,58.560001373291016,58.68000030517578,28892,0.0,0.0
2024-01-31 09:30:00-05:00,58.9900016784668,59.29999923706055,58.538700103759766,58.58000183105469,12790,0.0,0.0
2024-01-31 10:30:00-05:00,58.66999816894531,59.13999938964844,58.43000030517578,58.8849983215332,19765,0.0,0.0
2024-01-31 11:30:00-05:00,58.91999816894531,58.95000076293945,58.70000076293945,58.95000076293945,10183,0.0,0.0
2024-01-31 12:30:00-05:00,58.95000076293945,58.95000076293945,58.474998474121094,58.474998474121094,10356,0.0,0.0
2024-01-31 13:30:00-05:00,58.400001525878906,58.63850021362305,58.005001068115234,58.005001068115234,11867,0.0,0.0
2024-01-31 14:30:00-05:00,58.0099983215332,58.790000915527344,57.540000915527344,57.6150016784668,24459,0.0,0.0
2024-01-31 15:30:00-05:00,57.52000045776367,58.13999938964844,57.40999984741211,58.0,60059,0.0,0.0
2024-02-01 09:30:00-05:00,58.2599983215332,59.04999923706055,57.96009826660156,59.040199279785156,10681,0.0,0.0
2024-02-01 10:30:00-05:00,59.0880012512207,59.0880012512207,58.494998931884766,58.625,9681,0.0,0.0
2024-02-01 11:30:00-05:00,58.65999984741211,59.13999938964844,58.65999984741211,58.88999938964844,9708,0.0,0.0
2024-02-01 12:30:00-05:00,58.9900016784668,59.45000076293945,58.9900016784668,59.41999816894531,8090,0.0,0.0
2024-02-01 13:30:00-05:00,59.369998931884766,59.5,59.31999969482422,59.5,9690,0.0,0.0
2024-02-01 14:30:00-05:00,59.45000076293945,59.68000030517578,59.27000045776367,59.58000183105469,14442,0.0,0.0
2024-02-01 15:30:00-05:00,59.625,59.90999984741211,59.625,59.779998779296875,25913,0.0,0.0
2024-02-02 09:30:00-05:00,59.150001525878906,59.150001525878906,58.810001373291016,58.8849983215332,6418,0.0,0.0
2024-02-02 10:30:00-05:00,58.91999816894531,59.1150016784668,58.720001220703125,58.86000061035156,7567,0.0,0.0
2024-02-02 11:30:00-05:00,58.900001525878906,58.90999984741211,58.689998626708984,58.77000045776367,6021,0.0,0.0
2024-02-02 12:30:00-05:00,58.81999969482422,58.81999969482422,58.54999923706055,58.7400016784668,5276,0.0,0.0
2024-02-02 13:30:00-05:00,58.810001373291016,59.1775016784668,58.810001373291016,58.880001068115234,8289,0.0,0.0
2024-02-02 14:30:00-05:00,58.97999954223633,59.290000915527344,58.97999954223633,59.209999084472656,14213,0.0,0.0
2024-02-02 15:30:00-05:00,59.290000915527344,59.290000915527344,59.04999923706055,59.130001068115234,27823,0.0,0.0
2024-02-05 09:30:00-05:00,58.470001220703125,58.595001220703125,57.689998626708984,57.79999923706055,14953,0.0,0.0
2024-02-05 10:30:00-05:00,57.917999267578125,58.029998779296875,57.790000915527344,57.790000915527344,8151,0.0,0.0
2024-02-05 11:30:00-05:00,57.755001068115234,58.15999984741211,57.689998626708984,58.099998474121094,5676,0.0,0.0
2024-02-05 12:30:00-05:00,58.09920120239258,58.369998931884766,58.09920120239258,58.189998626708984,9094,0.0,0.0
2024-02-05 13:30:00-05:00,58.189998626708984,58.42499923706055,58.13010025024414,58.41999816894531,9320,0.0,0.0
2024-02-05 14:30:00-05:00,58.33000183105469,58.470001220703125,58.09000015258789,58.16999816894531,20899,0.0,0.0
2024-02-05 15:30:00-05:00,58.13999938964844,58.147701263427734,57.83000183105469,58.04999923706055,26244,0.0,0.0
2024-02-06 09:30:00-05:00,58.06999969482422,58.34000015258789,57.970001220703125,58.099998474121094,13019,0.0,0.0
2024-02-06 10:30:00-05:00,58.099998474121094,58.209999084472656,57.77000045776367,57.84000015258789,7419,0.0,0.0
2024-02-06 11:30:00-05:00,57.869998931884766,58.08000183105469,57.79999923706055,58.04999923706055,8666,0.0,0.0
2024-02-06 12:30:00-05:00,58.119998931884766,58.119998931884766,57.939998626708984,58.0,5277,0.0,0.0
2024-02-06 13:30:00-05:00,58.02000045776367,58.2400016784668,57.880001068115234,57.880001068115234,9325,0.0,0.0
2024-02-06 14:30:00-05:00,57.90999984741211,58.03499984741211,57.810001373291016,57.90999984741211,13232,0.0,0.0
2024-02-06 15:30:00-05:00,57.90999984741211,58.09000015258789,57.871498107910156,58.02000045776367,22046,0.0,0.0
2024-02-07 09:30:00-05:00,57.90999984741211,58.095001220703125,57.29999923706055,57.68000030517578,11960,0.0,0.0
2024-02-07 10:30:00-05:00,57.66999816894531,57.68899917602539,57.33000183105469,57.45000076293945,7116,0.0,0.0
2024-02-07 11:30:00-05:00,57.400001525878906,57.439998626708984,57.15999984741211,57.31999969482422,9293,0.0,0.0
2024-02-07 12:30:00-05:00,57.349998474121094,57.4900016784668,57.26789855957031,57.310001373291016,8161,0.0,0.0
2024-02-07 13:30:00-05:00,57.279998779296875,57.31999969482422,56.97999954223633,56.97999954223633,9243,0.0,0.0
2024-02-07 14:30:00-05:00,56.86000061035156,56.93000030517578,56.7599983215332,56.849998474121094,11648,0.0,0.0
2024-02-07 15:30:00-05:00,56.83000183105469,57.0099983215332,56.744998931884766,57.0,22971,0.0,0.0
2024-02-08 09:30:00-05:00,55.7599983215332,56.17499923706055,51.59000015258789,52.310001373291016,64496,0.0,0.0
2024-02-08 10:30:00-05:00,52.334999084472656,53.279998779296875,52.03499984741211,52.58000183105469,36453,0.0,0.0
2024-02-08 11:30:00-05:00,52.70000076293945,54.09000015258789,52.63399887084961,53.869998931884766,28483,0.0,0.0
2024-02-08 12:30:00-05:00,53.907501220703125,54.119998931884766,52.47999954223633,52.4900016784668,17664,0.0,0.0
2024-02-08 13:30:00-05:00,52.5099983215332,53.41999816894531,52.5,53.36000061035156,26245,0.0,0.0
2024-02-08 14:30:00-05:00,53.411598205566406,54.290000915527344,53.411598205566406,53.869998931884766,24622,0.0,0.0
2024-02-08 15:30:00-05:00,53.72999954223633,54.02000045776367,53.529998779296875,53.61000061035156,51698,0.0,0.0
2024-02-09 09:30:00-05:00,53.369998931884766,53.400001525878906,51.91999816894531,52.349998474121094,30593,0.0,0.0
2024-02-09 10:30:00-05:00,52.369998931884766,52.369998931884766,51.810001373291016,51.959999084472656,22815,0.0,0.0
2024-02-09 11:30:00-05:00,51.95500183105469,52.060001373291016,51.790000915527344,52.05500030517578,17494,0.0,0.0
2024-02-09 12:30:00-05:00,52.0099983215332,52.29999923706055,51.97999954223633,52.25,18315,0.0,0.0
2024-02-09 13:30:00-05:00,52.29999923706055,52.33000183105469,51.845001220703125,52.0,14922,0.0,0.0
2024-02-09 14:30:00-05:00,51.87049865722656,52.08000183105469,51.5,51.7400016784668,32393,0.0,0.0
2024-02-09 15:30:00-05:00,51.64099884033203,52.0099983215332,51.435001373291016,52.0,63814,0.0,0.0
2024-02-12 09:30:00-05:00,52.77000045776367,53.0,52.0,52.119998931884766,17248,0.0,0.0
2024-02-12 10:30:00-05:00,52.064998626708984,52.529998779296875,51.98500061035156,52.46009826660156,18261,0.0,0.0
2024-02-12 11:30:00-05:00,52.68000030517578,53.119998931884766,52.630001068115234,53.119998931884766,22897,0.0,0.0
2024-02-12 12:30:00-05:00,53.09000015258789,53.255001068115234,52.834999084472656,53.09000015258789,12642,0.0,0.0
2024-02-12 13:30:00-05:00,53.08000183105469,53.145999908447266,52.79999923706055,53.06999969482422,16712,0.0,0.0
2024-02-12 14:30:00-05:00,53.04890060424805,53.09000015258789,52.810001373291016,52.810001373291016,18217,0.0,0.0
2024-02-12 15:30:00-05:00,52.810001373291016,53.0,52.54999923706055,52.61000061035156,64904,0.0,0.0
2024-02-13 09:30:00-05:00,51.61000061035156,52.19990158081055,50.86000061035156,51.58000183105469,25298,0.0,0.0
2024-02-13 10:30:00-05:00,51.5718994140625,51.88999938964844,51.33000183105469,51.66999816894531,24170,0.0,0.0
2024-02-13 11:30:00-05:00,51.7400016784668,51.7400016784668,51.099998474121094,51.22999954223633,17521,0.0,0.0
2024-02-13 12:30:00-05:00,51.2599983215332,51.40999984741211,51.04999923706055,51.060001373291016,14958,0.0,0.0
2024-02-13 13:30:00-05:00,51.0099983215332,51.060001373291016,50.70000076293945,50.790000915527344,16391,0.0,0.0
2024-02-13 14:30:00-05:00,50.790000915527344,50.91999816894531,50.380001068115234,50.5,30180,0.0,0.0
2024-02-13 15:30:00-05:00,50.470001220703125,50.619998931884766,50.37099838256836,50.56999969482422,58863,0.0,0.0
2024-02-14 09:30:00-05:00,51.119998931884766,51.119998931884766,50.349998474121094,50.619998931884766,16159,0.0,0.0
2024-02-14 10:30:00-05:00,50.56269836425781,50.654998779296875,50.2400016784668,50.279998779296875,12312,0.0,0.0
2024-02-14 11:30:00-05:00,50.34000015258789,50.34000015258789,49.88999938964844,50.029998779296875,18708,0.0,0.0
2024-02-14 12:30:00-05:00,50.029998779296875,50.16999816894531,49.81999969482422,49.83000183105469,12468,0.0,0.0
2024-02-14 13:30:00-05:00,49.849998474121094,49.939998626708984,49.63999938964844,49.72999954223633,18136,0.0,0.0
2024-02-14 14:30:00-05:00,49.7599983215332,50.01649856567383,49.689998626708984,50.01649856567383,22136,0.0,0.0
2024-02-14 15:30:00-05:00,50.0099983215332,50.22999954223633,49.970001220703125,50.130001068115234,45902,0.0,0.0
2024-02-15 09:30:00-05:00,50.47999954223633,50.65999984741211,50.040000915527344,50.29999923706055,24838,0.0,0.0
2024-02-15 10:30:00-05:00,50.2400016784668,50.35499954223633,49.93000030517578,50.04999923706055,15383,0.0,0.0
2024-02-15 11:30:00-05:00,49.970001220703125,50.099998474121094,49.86000061035156,50.029998779296875,17860,0.0,0.0
2024-02-15 12:30:00-05:00,50.08700180053711,50.34000015258789,49.974998474121094,50.31999969482422,17391,0.0,0.0
2024-02-15 13:30:00-05:00,50.27000045776367,50.959999084472656,50.27000045776367,50.900001525878906,18986,0.0,0.0
2024-02-15 14:30:00-05:00,50.900001525878906,51.025001525878906,50.73059844970703,50.7400016784668,39781,0.0,0.0
2024-02-15 15:30:00-05:00,50.79499816894531,51.04999923706055,50.720001220703125,50.959999084472656,46565,0.0,0.0
2024-02-16 09:30:00-05:00,50.79999923706055,50.79999923706055,50.16999816894531,50.529998779296875,23712,0.0,0.0
2024-02-16 10:30:00-05:00,50.49599838256836,50.505001068115234,49.720001220703125,49.900001525878906,18115,0.0,0.0
2024-02-16 11:30:00-05:00,49.79999923706055,50.03499984741211,49.599998474121094,49.74850082397461,22746,0.0,0.0
2024-02-16 12:30:00-05:00,49.70000076293945,49.790000915527344,49.599998474121094,49.70600128173828,15799,0.0,0.0
2024-02-16 13:30:00-05:00,49.70000076293945,49.7599983215332,49.619998931884766,49.70000076293945,15154,0.0,0.0
2024-02-16 14:30:00-05:00,49.724998474121094,49.81999969482422,49.3849983215332,49.630001068115234,24700,0.0,0.0
2024-02-16 15:30:00-05:00,49.595001220703125,49.75,49.56999969482422,49.72999954223633,31706,0.0,0.0
2024-02-20 09:30:00-05:00,49.61000061035156,50.540000915527344,49.470001220703125,50.4900016784668,29559,0.0,0.0
2024-02-20 10:30:00-05:00,50.525001525878906,50.630001068115234,50.14500045776367,50.25,17506,0.0,0.0
2024-02-20 11:30:00-05:00,50.29499816894531,50.29499816894531,49.9900016784668,50.0099983215332,13799,0.0,0.0
2024-02-20 12:30:00-05:00,50.0099983215332,50.209999084472656,49.935001373291016,50.03499984741211,15650,0.0,0.0
2024-02-20 13:30:00-05:00,50.060001373291016,50.21500015258789,49.790000915527344,49.790000915527344,15029,0.0,0.0
2024-02-20 14:30:00-05:00,49.720001220703125,49.7599983215332,49.459999084472656,49.459999084472656,36892,0.0,0.0
2024-02-20 15:30:00-05:00,49.494998931884766,49.5,49.16999816894531,49.349998474121094,62241,0.0,0.0
2024-02-21 09:30:00-05:00,49.43000030517578,49.869998931884766,49.345001220703125,49.69499969482422,13902,0.0,0.0
2024-02-21 10:30:00-05:00,49.720001220703125,49.720001220703125,49.375,49.43000030517578,11234,0.0,0.0
2024-02-21 11:30:00-05:00,49.43000030517578,49.79999923706055,49.41999816894531,49.58000183105469,9219,0.0,0.0
2024-02-21 12:30:00-05:00,49.57709884643555,49.63990020751953,49.02000045776367,49.380001068115234,20260,0.0,0.0
2024-02-21 13:30:00-05:00,49.345001220703125,49.52989959716797,49.345001220703125,49.47779846191406,15225,0.0,0.0
2024-02-21 14:30:00-05:00,49.58000183105469,49.58000183105469,49.369998931884766,49.560001373291016,20050,0.0,0.0
2024-02-21 15:30:00-05:00,49.64500045776367,49.79999923706055,49.560001373291016,49.72999954223633,48659,0.0,0.0
2024-02-22 09:30:00-05:00,49.43000030517578,49.56999969482422,48.75,49.0099983215332,16797,0.0,0.0
2024-02-22 10:30:00-05:00,48.99399948120117,49.08000183105469,48.61000061035156,48.650001525878906,11262,0.0,0.0
2024-02-22 11:30:00-05:00,48.630001068115234,48.880001068115234,48.630001068115234,48.79999923706055,10637,0.0,0.0
2024-02-22 12:30:00-05:00,48.79999923706055,48.79999923706055,48.400001525878906,48.619998931884766,22818,0.0,0.0
2024-02-22 13:30:00-05:00,48.66999816894531,48.689998626708984,48.58000183105469,48.60499954223633,8318,0.0,0.0
2024-02-22 14:30:00-05:00,48.54999923706055,48.959999084472656,48.435001373291016,48.959999084472656,18206,0.0,0.0
2024-02-22 15:30:00-05:00,48.9900016784668,49.279998779296875,48.900001525878906,49.25,40616,0.0,0.0
2024-02-23 09:30:00-05:00,49.189998626708984,49.56999969482422,49.0,49.5099983215332,12587,0.0,0.0
2024-02-23 10:30:00-05:00,49.52399826049805,49.849998474121094,49.435001373291016,49.597999572753906,12844,0.0,0.0
2024-02-23 11:30:00-05:00,49.595001220703125,49.86000061035156,49.51499938964844,49.7599983215332,13710,0.0,0.0
2024-02-23 12:30:00-05:00,49.68000030517578,49.83000183105469,49.54999923706055,49.55580139160156,9905,0.0,0.0
2024-02-23 13:30:00-05:00,49.540000915527344,49.6875,49.40999984741211,49.415000915527344,10862,0.0,0.0
2024-02-23 14:30:00-05:00,49.47999954223633,49.65999984741211,49.400001525878906,49.59000015258789,13711,0.0,0.0
2024-02-23 15:30:00-05:00,49.560001373291016,49.57500076293945,49.279998779296875,49.369998931884766,38400,0.0,0.0
2024-02-26 09:30:00-05:00,49.369998931884766,49.54999923706055,49.029998779296875,49.05500030517578,16656,0.0,0.0
2024-02-26 10:30:00-05:00,49.064998626708984,49.45000076293945,48.95500183105469,49.39500045776367,20827,0.0,0.0
2024-02-26 11:30:00-05:00,49.349998474121094,49.40999984741211,49.125,49.125,9170,0.0,0.0
2024-02-26 12:30:00-05:00,49.209999084472656,49.2400016784668,48.959999084472656,48.9900016784668,20269,0.0,0.0
2024-02-26 13:30:00-05:00,49.0099983215332,49.150001525878906,49.0,49.099998474121094,19465,0.0,0.0
2024-02-26 14:30:00-05:00,49.08689880371094,49.349998474121094,49.08689880371094,49.290000915527344,23511,0.0,0.0
2024-02-26 15:30:00-05:00,49.290000915527344,49.29499816894531,48.957000732421875,49.18000030517578,52404,0.0,0.0
2024-02-27 09:30:00-05:00,49.439998626708984,49.439998626708984,48.400001525878906,48.4900016784668,23312,0.0,0.0
2024-02-27 10:30:00-05:00,48.470001220703125,48.779998779296875,48.46500015258789,48.720001220703125,17114,0.0,0.0
2024-02-27 11:30:00-05:00,48.68000030517578,48.8849983215332,48.68000030517578,48.83000183105469,15952,0.0,0.0
2024-02-27 12:30:00-05:00,48.8650016784668,48.8650016784668,48.65999984741211,48.7400016784668,15501,0.0,0.0
2024-02-27 13:30:00-05:00,48.709999084472656,48.76499938964844,48.29999923706055,48.44499969482422,20701,0.0,0.0
2024-02-27 14:30:00-05:00,48.40999984741211,48.42900085449219,48.099998474121094,48.099998474121094,19404,0.0,0.0
2024-02-27 15:30:00-05:00,48.130001068115234,48.400001525878906,48.099998474121094,48.31999969482422,43475,0.0,0.0
2024-02-28 09:30:00-05:00,48.25,48.27000045776367,47.7400016784668,48.13999938964844,25308,0.0,0.0
2024-02-28 10:30:00-05:00,48.18000030517578,48.25,47.93000030517578,47.93000030517578,12503,0.0,0.0
2024-02-28 11:30:00-05:00,47.93000030517578,47.9900016784668,47.80500030517578,47.939998626708984,19181,0.0,0.0
2024-02-28 12:30:00-05:00,47.939300537109375,48.11000061035156,47.91999816894531,47.91999816894531,15738,0.0,0.0
2024-02-28 13:30:00-05:00,47.91999816894531,47.959999084472656,47.560001373291016,47.630001068115234,21642,0.0,0.0
2024-02-28 14:30:00-05:00,47.599998474121094,47.75,47.5,47.529998779296875,38890,0.0,0.0
2024-02-28 15:30:00-05:00,47.540000915527344,47.900001525878906,47.540000915527344,47.70000076293945,45267,0.0,0.0
2024-02-29 09:30:00-05:00,48.290000915527344,48.56999969482422,47.70000076293945,47.939998626708984,19386,0.0,0.0
2024-02-29 10:30:00-05:00,47.939998626708984,48.0,47.744998931884766,47.92499923706055,17767,0.0,0.0
2024-02-29 11:30:00-05:00,47.91999816894531,47.97999954223633,47.82500076293945,47.88999938964844,14193,0.0,0.0
2024-02-29 12:30:00-05:00,47.904998779296875,48.005001068115234,47.7599983215332,47.76499938964844,31098,0.0,0.0
2024-02-29 13:30:00-05:00,47.779998779296875,47.959999084472656,47.65999984741211,47.65999984741211,29119,0.0,0.0
2024-02-29 14:30:00-05:00,47.650001525878906,47.79499816894531,47.584999084472656,47.79499816894531,32337,0.0,0.0
2024-02-29 15:30:00-05:00,47.77000045776367,48.09000015258789,47.77000045776367,47.95000076293945,44442,0.0,0.0
2024-03-01 09:30:00-05:00,48.09000015258789,48.25,47.439998626708984,47.7400016784668,28436,0.0,0.0
2024-03-01 10:30:00-05:00,47.8390007019043,48.28499984741211,47.831600189208984,48.09000015258789,18312,0.0,0.0
2024-03-01 11:30:00-05:00,48.11000061035156,48.22949981689453,47.869998931884766,48.187801361083984,21494,0.0,0.0
2024-03-01 12:30:00-05:00,48.150001525878906,48.220001220703125,47.939998626708984,47.9900016784668,20673,0.0,0.0
2024-03-01 13:30:00-05:00,48.0099983215332,48.619998931884766,47.9900016784668,48.57500076293945,31510,0.0,0.0
2024-03-01 14:30:00-05:00,48.630001068115234,48.63999938964844,48.209999084472656,48.2599983215332,35014,0.0,0.0
2024-03-01 15:30:00-05:00,48.27000045776367,48.31999969482422,48.150001525878906,48.15999984741211,41677,0.0,0.0
2024-03-04 09:30:00-05:00,48.20000076293945,48.5,47.36000061035156,47.70249938964844,33490,0.0,0.0
2024-03-04 10:30:00-05:00,47.755001068115234,48.130001068115234,47.54499816894531,48.1150016784668,26664,0.0,0.0
2024-03-04 11:30:00-05:00,48.13999938964844,48.400001525878906,48.060001373291016,48.400001525878906,27760,0.0,0.0
2024-03-04 12:30:00-05:00,48.35499954223633,48.400001525878906,48.040000915527344,48.04999923706055,12623,0.0,0.0
2024-03-04 13:30:00-05:00,48.040000915527344,48.060001373291016,47.78499984741211,47.86000061035156,19289,0.0,0.0
2024-03-04 14:30:00-05:00,47.85200119018555,47.959999084472656,47.7599983215332,47.814998626708984,22365,0.0,0.0
2024-03-04 15:30:00-05:00,47.83000183105469,48.04499816894531,47.810001373291016,48.0099983215332,38645,0.0,0.0
2024-03-05 09:30:00-05:00,48.150001525878906,48.56999969482422,48.150001525878906,48.290000915527344,28694,0.0,0.0
2024-03-05 10:30:00-05:00,48.349998474121094,48.37950134277344,48.08000183105469,48.209999084472656,17052,0.0,0.0
2024-03-05 11:30:00-05:00,48.209999084472656,48.58000183105469,48.18000030517578,48.47999954223633,15613,0.0,0.0
2024-03-05 12:30:00-05:00,48.5099983215332,48.679901123046875,48.47999954223633,48.56999969482422,12389,0.0,0.0
2024-03-05 13:30:00-05:00,48.61000061035156,48.709999084472656,48.349998474121094,48.58000183105469,20461,0.0,0.0
2024-03-05 14:30:00-05:00,48.540000915527344,48.744998931884766,48.470001220703125,48.67300033569336,49164,0.0,0.0
2024-03-05 15:30:00-05:00,48.630001068115234,48.72999954223633,48.47600173950195,48.65999984741211,57590,0.0,0.0
2024-03-06 09:30:00-05:00,48.880001068115234,48.880001068115234,48.505001068115234,48.540000915527344,23878,0.0,0.0
2024-03-06 10:30:00-05:00,48.63999938964844,49.209999084472656,48.38999938964844,49.209999084472656,15893,0.0,0.0
2024-03-06 11:30:00-05:00,49.2400016784668,49.380001068115234,49.099998474121094,49.334999084472656,29778,0.0,0.0
2024-03-06 12:30:00-05:00,49.34080123901367,49.380001068115234,49.11000061035156,49.29999923706055,29543,0.0,0.0
2024-03-06 13:30:00-05:00,49.29999923706055,49.349998474121094,49.11000061035156,49.209999084472656,24134,0.0,0.0
2024-03-06 14:30:00-05:00,49.16999816894531,49.36000061035156,49.025001525878906,49.36000061035156,51677,0.0,0.0
2024-03-06 15:30:00-05:00,49.33000183105469,49.720001220703125,49.290000915527344,49.709999084472656,72319,0.0,0.0
2024-03-07 09:30:00-05:00,49.90999984741211,50.470001220703125,49.65999984741211,50.29999923706055,33008,0.0,0.0
2024-03-07 10:30:00-05:00,50.2599983215332,50.474998474121094,49.9900016784668,50.08000183105469,23485,0.0,0.0
2024-03-07 11:30:00-05:00,50.032501220703125,50.20500183105469,49.83000183105469,50.081298828125,36579,0.0,0.0
2024-03-07 12:30:00-05:00,50.060001373291016,50.20199966430664,50.0099983215332,50.04999923706055,28511,0.0,0.0
2024-03-07 13:30:00-05:00,50.08000183105469,50.09000015258789,49.88999938964844,50.029998779296875,39738,0.0,0.0
2024-03-07 14:30:00-05:00,50.029998779296875,50.040000915527344,49.65999984741211,49.847999572753906,47922,0.0,0.0
2024-03-07 15:30:00-05:00,49.84000015258789,50.09000015258789,49.810001373291016,50.08000183105469,73589,0.0,0.0
2024-03-08 09:30:00-05:00,50.349998474121094,50.880001068115234,50.2599983215332,50.810001373291016,29615,0.0,0.0
2024-03-08 10:30:00-05:00,50.7599983215332,51.060001373291016,50.55500030517578,50.7400016784668,26973,0.0,0.0
2024-03-08 11:30:00-05:00,50.67499923706055,50.70000076293945,50.400001525878906,50.650001525878906,24606,0.0,0.0
2024-03-08 12:30:00-05:00,50.689998626708984,50.880001068115234,50.400001525878906,50.79999923706055,29209,0.0,0.0
2024-03-08 13:30:00-05:00,50.81999969482422,50.91999816894531,50.622501373291016,50.810001373291016,25234,0.0,0.0
2024-03-08 14:30:00-05:00,50.84000015258789,50.880001068115234,50.619998931884766,50.619998931884766,33980,0.0,0.0
2024-03-08 15:30:00-05:00,50.63999938964844,50.8650016784668,50.560001373291016,50.650001525878906,63016,0.0,0.0
2024-03-11 09:30:00-04:00,50.79999923706055,51.150001525878906,50.21009826660156,50.584999084472656,34883,0.0,0.0
2024-03-11 10:30:00-04:00,50.5099983215332,50.66999816894531,50.290000915527344,50.630001068115234,27566,0.0,0.0
2024-03-11 11:30:00-04:00,50.619998931884766,50.93339920043945,50.599998474121094,50.599998474121094,22220,0.0,0.0
2024-03-11 12:30:00-04:00,50.599998474121094,50.61000061035156,50.33000183105469,50.53499984741211,25069,0.0,0.0
2024-03-11 13:30:00-04:00,50.540000915527344,50.540000915527344,50.2599983215332,50.30500030517578,24412,0.0,0.0
2024-03-11 14:30:00-04:00,50.34000015258789,50.43000030517578,50.2400016784668,50.400001525878906,40706,0.0,0.0
2024-03-11 15:30:00-04:00,50.40999984741211,50.54999923706055,50.220001220703125,50.27000045776367,85891,0.0,0.0
2024-03-12 09:30:00-04:00,50.15999984741211,50.489898681640625,49.95000076293945,50.08940124511719,23974,0.0,0.0
2024-03-12 10:30:00-04:00,50.04499816894531,50.290000915527344,50.040000915527344,50.040000915527344,21613,0.0,0.0
2024-03-12 11:30:00-04:00,50.02000045776367,50.34000015258789,49.93000030517578,50.34000015258789,31706,0.0,0.0
2024-03-12 12:30:00-04:00,50.34000015258789,50.650001525878906,50.34000015258789,50.58000183105469,32093,0.0,0.0
2024-03-12 13:30:00-04:00,50.560001373291016,50.560001373291016,50.279998779296875,50.459999084472656,15364,0.0,0.0
2024-03-12 14:30:00-04:00,50.540000915527344,50.654998779296875,50.47999954223633,50.57500076293945,25306,0.0,0.0
2024-03-12 15:30:00-04:00,50.58700180053711,50.7400016784668,50.41999816894531,50.58000183105469,59847,0.0,0.0
2024-03-13 09:30:00-04:00,50.61000061035156,51.13990020751953,50.61000061035156,51.029998779296875,17615,0.0,0.0
2024-03-13 10:30:00-04:00,51.019901275634766,51.36000061035156,50.7400016784668,51.349998474121094,32654,0.0,0.0
2024-03-13 11:30:00-04:00,51.2401008605957,51.470001220703125,51.220001220703125,51.349998474121094,25316,0.0,0.0
2024-03-13 12:30:00-04:00,51.349998474121094,51.4900016784668,51.04999923706055,51.349998474121094,31246,0.0,0.0
2024-03-13 13:30:00-04:00,51.349998474121094,51.43000030517578,51.2400016784668,51.310001373291016,23291,0.0,0.0
2024-03-13 14:30:00-04:00,51.290000915527344,51.290000915527344,50.650001525878906,50.720001220703125,41675,0.0,0.0
2024-03-13 15:30:00-04:00,50.720001220703125,51.060001373291016,50.720001220703125,50.849998474121094,86712,0.0,0.0
2024-03-14 09:30:00-04:00,50.70000076293945,50.9099006652832,49.86000061035156,49.94499969482422,26880,0.0,0.0
2024-03-14 10:30:00-04:00,50.01499938964844,50.40999984741211,49.834999084472656,49.842498779296875,31927,0.0,0.0
2024-03-14 11:30:00-04:00,49.875,50.55500030517578,49.845001220703125,50.529998779296875,29589,0.0,0.0
2024-03-14 12:30:00-04:00,50.5,50.73500061035156,50.349998474121094,50.349998474121094,38194,0.0,0.0
2024-03-14 13:30:00-04:00,50.31999969482422,50.65999984741211,50.31999969482422,50.35499954223633,28369,0.0,0.0
2024-03-14 14:30:00-04:00,50.310001373291016,50.349998474121094,49.95000076293945,50.02000045776367,45800,0.0,0.0
2024-03-14 15:30:00-04:00,49.9900016784668,50.189998626708984,49.83000183105469,50.060001373291016,95117,0.0,0.0
2024-03-15 09:30:00-04:00,49.7599983215332,50.529998779296875,49.70000076293945,50.07500076293945,64699,0.0,0.0
2024-03-15 10:30:00-04:00,50.11000061035156,50.119998931884766,49.54999923706055,49.96500015258789,40140,0.0,0.0
2024-03-15 11:30:00-04:00,49.970001220703125,50.15999984741211,49.94499969482422,49.98500061035156,29095,0.0,0.0
2024-03-15 12:30:00-04:00,49.98249816894531,49.9900016784668,49.529998779296875,49.58000183105469,26051,0.0,0.0
2024-03-15 13:30:00-04:00,49.63999938964844,50.189998626708984,49.4900016784668,49.939998626708984,78152,0.0,0.0
2024-03-15 14:30:00-04:00,49.91999816894531,50.5099983215332,49.84000015258789,50.36000061035156,74037,0.0,0.0
2024-03-15 15:30:00-04:00,50.35499954223633,51.779998779296875,50.06999969482422,50.959999084472656,510548,0.0,0.0
2024-03-18 09:30:00-04:00,51.20000076293945,51.29999923706055,50.400001525878906,51.119998931884766,41875,0.0,0.0
2024-03-18 10:30:00-04:00,51.09000015258789,51.560001373291016,51.029998779296875,51.36000061035156,40880,0.0,0.0
2024-03-18 11:30:00-04:00,51.41999816894531,51.41999816894531,50.93000030517578,51.084999084472656,29039,0.0,0.0
2024-03-18 12:30:00-04:00,51.0099983215332,51.20000076293945,50.900001525878906,50.90999984741211,26512,0.0,0.0
2024-03-18 13:30:00-04:00,51.005001068115234,51.505001068115234,51.0,51.43000030517578,42991,0.0,0.0
2024-03-18 14:30:00-04:00,51.47999954223633,51.56999969482422,51.22999954223633,51.27000045776367,49594,0.0,0.0
2024-03-18 15:30:00-04:00,51.22999954223633,51.2599983215332,51.04999923706055,51.09000015258789,85154,0.0,0.0
2024-03-19 09:30:00-04:00,51.119998931884766,51.4900016784668,50.494998931884766,50.65999984741211,25216,0.0,0.0
2024-03-19 10:30:00-04:00,50.66999816894531,50.720001220703125,50.13999938964844,50.665000915527344,25433,0.0,0.0
2024-03-19 11:30:00-04:00,50.619998931884766,50.79999923706055,50.619998931884766,50.779998779296875,13459,0.0,0.0
2024-03-19 12:30:00-04:00,50.76750183105469,50.869998931884766,50.61000061035156,50.650001525878906,14564,0.0,0.0
2024-03-19 13:30:00-04:00,50.650001525878906,50.720001220703125,50.44499969482422,50.47999954223633,19418,0.0,0.0
2024-03-19 14:30:00-04:00,50.48460006713867,50.95000076293945,50.470001220703125,50.95000076293945,24061,0.0,0.0
2024-03-19 15:30:00-04:00,50.95500183105469,51.0,50.75,50.970001220703125,52894,0.0,0.0
2024-03-20 09:30:00-04:00,50.72999954223633,51.005001068115234,50.72999954223633,50.959999084472656,10576,0.0,0.0
2024-03-20 10:30:00-04:00,50.95000076293945,51.0,50.724998474121094,50.97999954223633,12118,0.0,0.0
2024-03-20 11:30:00-04:00,50.959999084472656,50.959999084472656,50.72999954223633,50.72999954223633,9550,0.0,0.0
2024-03-20 12:30:00-04:00,50.65999984741211,50.790000915527344,50.599998474121094,50.6349983215332,15383,0.0,0.0
2024-03-20 13:30:00-04:00,50.619998931884766,51.18000030517578,50.58000183105469,50.86000061035156,21462,0.0,0.0
2024-03-20 14:30:00-04:00,50.810001373291016,51.68000030517578,50.650001525878906,51.68000030517578,45519,0.0,0.0
2024-03-20 15:30:00-04:00,51.63999938964844,51.7599983215332,51.290000915527344,51.310001373291016,57859,0.0,0.0
2024-03-21 09:30:00-04:00,51.400001525878906,52.2400016784668,51.30440139770508,52.22999954223633,45457,0.0,0.0
2024-03-21 10:30:00-04:00,52.290000915527344,52.65999984741211,52.064998626708984,52.099998474121094,30602,0.0,0.0
2024-03-21 11:30:00-04:00,52.119998931884766,52.15999984741211,51.90999984741211,51.93000030517578,17085,0.0,0.0
2024-03-21 12:30:00-04:00,51.93000030517578,52.09000015258789,51.79999923706055,52.02000045776367,21439,0.0,0.0
2024-03-21 13:30:00-04:00,52.005001068115234,52.08000183105469,51.83000183105469,52.040000915527344,17148,0.0,0.0
2024-03-21 14:30:00-04:00,52.09000015258789,52.09000015258789,51.709999084472656,51.77000045776367,25445,0.0,0.0
2024-03-21 15:30:00-04:00,51.7400016784668,51.86000061035156,51.650001525878906,51.849998474121094,46620,0.0,0.0
2024-03-22 09:30:00-04:00,52.119998931884766,52.119998931884766,51.30500030517578,51.375,17285,0.0,0.0
2024-03-22 10:30:00-04:00,51.3650016784668,51.40999984741211,50.849998474121094,51.04990005493164,14655,0.0,0.0
2024-03-22 11:30:00-04:00,51.0,51.099998474121094,50.900001525878906,50.95500183105469,12398,0.0,0.0
2024-03-22 12:30:00-04:00,50.88999938964844,50.92499923706055,50.6349983215332,50.77000045776367,15986,0.0,0.0
2024-03-22 13:30:00-04:00,50.75,50.849998474121094,50.70000076293945,50.81999969482422,13566,0.0,0.0
2024-03-22 14:30:00-04:00,50.779998779296875,50.79999923706055,50.68000030517578,50.76580047607422,19712,0.0,0.0
2024-03-22 15:30:00-04:00,50.76499938964844,50.76499938964844,50.5,50.599998474121094,35463,0.0,0.0
2024-03-25 09:30:00-04:00,50.93000030517578,51.15999984741211,50.7599983215332,50.820499420166016,12835,0.0,0.0
2024-03-25 10:30:00-04:00,50.76499938964844,50.849998474121094,50.705101013183594,50.72999954223633,7666,0.0,0.0
2024-03-25 11:30:00-04:00,50.650001525878906,50.739898681640625,50.5099983215332,50.55500030517578,7047,0.0,0.0
2024-03-25 12:30:00-04:00,50.560001373291016,50.63999938964844,50.459999084472656,50.459999084472656,6971,0.0,0.0
2024-03-25 13:30:00-04:00,50.47380065917969,50.61000061035156,50.34000015258789,50.45000076293945,8244,0.0,0.0
2024-03-25 14:30:00-04:00,50.459999084472656,50.5,50.29999923706055,50.310001373291016,8249,0.0,0.0
2024-03-25 15:30:00-04:00,50.29999923706055,50.35499954223633,50.06999969482422,50.09000015258789,29771,0.0,0.0
2024-03-26 09:30:00-04:00,50.31999969482422,50.470001220703125,50.242000579833984,50.38999938964844,11940,0.0,0.0
2024-03-26 10:30:00-04:00,50.400001525878906,50.45000076293945,50.22999954223633,50.34000015258789,10489,0.0,0.0
2024-03-26 11:30:00-04:00,50.36000061035156,50.529998779296875,50.279998779296875,50.46500015258789,14827,0.0,0.0
2024-03-26 12:30:00-04:00,50.400001525878906,50.400001525878906,50.060001373291016,50.08000183105469,17313,0.0,0.0
2024-03-26 13:30:00-04:00,50.099998474121094,50.2400016784668,49.95000076293945,50.2400016784668,11589,0.0,0.0
2024-03-26 14:30:00-04:00,50.22999954223633,50.31999969482422,50.150001525878906,50.27000045776367,15652,0.0,0.0
2024-03-26 15:30:00-04:00,50.26499938964844,50.34000015258789,50.141998291015625,50.33000183105469,41992,0.0,0.0
2024-03-27 09:30:00-04:00,50.70000076293945,51.290000915527344,50.59000015258789,51.290000915527344,20751,0.0,0.0
2024-03-27 10:30:00-04:00,51.290000915527344,51.29999923706055,51.04999923706055,51.29999923706055,8436,0.0,0.0
2024-03-27 11:30:00-04:00,51.244998931884766,51.36000061035156,51.13999938964844,51.22999954223633,10553,0.0,0.0
2024-03-27 12:30:00-04:00,51.13999938964844,51.5,51.13999938964844,51.494998931884766,10301,0.0,0.0
2024-03-27 13:30:00-04:00,51.45800018310547,51.540000915527344,51.40999984741211,51.46500015258789,8686,0.0,0.0
2024-03-27 14:30:00-04:00,51.459999084472656,51.5,51.290000915527344,51.31999969482422,10337,0.0,0.0
2024-03-27 15:30:00-04:00,51.310001373291016,51.52000045776367,51.2599983215332,51.5,21008,0.0,0.0
2024-03-28 09:30:00-04:00,51.52000045776367,51.709999084472656,51.375,51.56999969482422,12395,0.0,0.0
2024-03-28 10:30:00-04:00,51.58000183105469,51.78499984741211,51.58000183105469,51.650001525878906,7373,0.0,0.0
2024-03-28 11:30:00-04:00,51.65999984741211,52.040000915527344,51.65999984741211,51.959999084472656,16562,0.0,0.0
2024-03-28 12:30:00-04:00,51.939998626708984,52.20000076293945,51.91999816894531,52.029998779296875,13374,0.0,0.0
2024-03-28 13:30:00-04:00,52.029998779296875,52.13999938964844,52.0,52.09000015258789,8976,0.0,0.0
2024-03-28 14:30:00-04:00,52.09000015258789,52.15999984741211,52.0,52.04999923706055,31261,0.0,0.0
2024-03-28 15:30:00-04:00,52.0,52.0,51.68000030517578,51.689998626708984,30360,0.0,0.0
2024-04-01 09:30:00-04:00,51.84000015258789,51.994998931884766,51.279998779296875,51.42499923706055,22092,0.0,0.0
2024-04-01 10:30:00-04:00,51.42499923706055,51.83000183105469,51.369998931884766,51.40999984741211,15186,0.0,0.0
2024-04-01 11:30:00-04:00,51.369998931884766,51.400001525878906,51.06999969482422,51.25400161743164,14631,0.0,0.0
2024-04-01 12:30:00-04:00,51.22999954223633,51.22999954223633,50.93000030517578,51.070098876953125,10107,0.0,0.0
2024-04-01 13:30:00-04:00,51.04999923706055,51.189998626708984,50.900001525878906,51.189998626708984,18164,0.0,0.0
2024-04-01 14:30:00-04:00,51.20500183105469,51.20500183105469,50.974998474121094,51.029998779296875,15055,0.0,0.0
2024-04-01 15:30:00-04:00,51.04249954223633,51.060001373291016,50.882999420166016,50.970001220703125,26409,0.0,0.0
2024-04-02 09:30:00-04:00,50.939998626708984,51.12990188598633,50.720001220703125,50.779998779296875,10285,0.0,0.0
2024-04-02 10:30:00-04:00,50.82500076293945,51.0,50.720001220703125,50.970001220703125,9765,0.0,0.0
2024-04-02 11:30:00-04:00,50.959999084472656,50.959999084472656,50.67430114746094,50.79290008544922,13081,0.0,0.0
2024-04-02 12:30:00-04:00,50.72999954223633,50.7400016784668,50.61000061035156,50.720001220703125,14940,0.0,0.0
2024-04-02 13:30:00-04:00,50.709999084472656,51.06999969482422,50.689998626708984,50.935001373291016,24210,0.0,0.0
2024-04-02 14:30:00-04:00,50.880001068115234,51.43000030517578,50.880001068115234,51.06999969482422,44941,0.0,0.0
2024-04-02 15:30:00-04:00,51.040000915527344,51.130001068115234,50.689998626708984,50.70000076293945,84203,0.0,0.0
2024-04-03 09:30:00-04:00,50.61000061035156,51.040000915527344,50.474998474121094,50.474998474121094,20303,0.0,0.0
2024-04-03 10:30:00-04:00,50.525001525878906,50.71500015258789,50.470001220703125,50.685001373291016,15527,0.0,0.0
2024-04-03 11:30:00-04:00,50.64500045776367,50.64500045776367,50.439998626708984,50.47999954223633,11272,0.0,0.0
2024-04-03 12:30:00-04:00,50.517799377441406,50.56999969482422,50.369998931884766,50.56999969482422,11128,0.0,0.0
2024-04-03 13:30:00-04:00,50.540000915527344,50.56999969482422,50.2400016784668,50.33000183105469,11917,0.0,0.0
2024-04-03 14:30:00-04:00,50.33000183105469,50.45000076293945,50.150001525878906,50.150001525878906,18355,0.0,0.0
2024-04-03 15:30:00-04:00,50.11000061035156,50.31999969482422,50.11000061035156,50.290000915527344,29282,0.0,0.0
2024-04-04 09:30:00-04:00,50.66999816894531,50.95989990234375,50.40999984741211,50.41999816894531,19276,0.0,0.0
2024-04-04 10:30:00-04:00,50.459999084472656,50.77000045776367,50.459999084472656,50.679901123046875,11879,0.0,0.0
2024-04-04 11:30:00-04:00,50.70500183105469,50.849998474121094,50.650001525878906,50.650001525878906,10704,0.0,0.0
2024-04-04 12:30:00-04:00,50.650001525878906,50.73500061035156,50.614898681640625,50.685001373291016,11939,0.0,0.0
2024-04-04 13:30:00-04:00,50.66999816894531,50.77989959716797,50.66999816894531,50.7400016784668,29274,0.0,0.0
2024-04-04 14:30:00-04:00,50.66999816894531,50.7400016784668,50.43000030517578,50.459999084472656,36190,0.0,0.0
2024-04-04 15:30:00-04:00,50.470001220703125,50.5,50.09000015258789,50.16999816894531,56041,0.0,0.0
2024-04-05 09:30:00-04:00,49.20000076293945,49.47999954223633,48.5,48.5099983215332,42348,0.0,0.0
2024-04-05 10:30:00-04:00,48.5099983215332,48.619998931884766,48.33000183105469,48.619998931884766,17184,0.0,0.0
2024-04-05 11:30:00-04:00,48.689998626708984,48.779998779296875,48.470001220703125,48.540000915527344,15745,0.0,0.0
2024-04-05 12:30:00-04:00,48.5099983215332,48.619998931884766,48.189998626708984,48.224998474121094,17558,0.0,0.0
2024-04-05 13:30:00-04:00,48.20000076293945,48.2400016784668,47.959999084472656,48.00920104980469,18684,0.0,0.0
2024-04-05 14:30:00-04:00,47.96590042114258,48.0099983215332,47.83000183105469,47.900001525878906,16410,0.0,0.0
2024-04-05 15:30:00-04:00,47.869998931884766,48.0,47.7400016784668,47.91999816894531,41265,0.0,0.0
2024-04-08 09:30:00-04:00,48.20000076293945,49.470001220703125,48.20000076293945,49.45500183105469,45601,0.0,0.0
2024-04-08 10:30:00-04:00,49.459999084472656,49.810001373291016,49.40999984741211,49.79999923706055,53501,0.0,0.0
2024-04-08 11:30:00-04:00,49.779998779296875,50.04999923706055,49.7400016784668,50.02000045776367,65431,0.0,0.0
2024-04-08 12:30:00-04:00,50.025001525878906,50.310001373291016,50.025001525878906,50.2400016784668,35319,0.0,0.0
2024-04-08 13:30:00-04:00,50.25,50.4900016784668,50.25,50.3650016784668,36348,0.0,0.0
2024-04-08 14:30:00-04:00,50.380001068115234,50.5099983215332,50.2400016784668,50.494998931884766,46664,0.0,0.0
2024-04-08 15:30:00-04:00,50.494998931884766,50.689998626708984,50.47999954223633,50.66999816894531,62892,0.0,0.0
2024-04-09 09:30:00-04:00,50.7400016784668,50.75,50.251399993896484,50.58000183105469,14687,0.0,0.0
2024-04-09 10:30:00-04:00,50.6349983215332,51.0099983215332,50.584999084472656,50.81999969482422,29779,0.0,0.0
2024-04-09 11:30:00-04:00,50.720001220703125,50.720001220703125,50.34000015258789,50.39500045776367,10322,0.0,0.0
2024-04-09 12:30:00-04:00,50.459999084472656,50.7400016784668,50.459999084472656,50.640499114990234,8882,0.0,0.0
2024-04-09 13:30:00-04:00,50.689998626708984,50.779998779296875,50.54999923706055,50.560001373291016,12319,0.0,0.0
2024-04-09 14:30:00-04:00,50.529998779296875,50.75,50.4900016784668,50.70000076293945,15876,0.0,0.0
2024-04-09 15:30:00-04:00,50.650001525878906,50.654998779296875,50.349998474121094,50.380001068115234,49795,0.0,0.0
2024-04-10 09:30:00-04:00,50.11000061035156,50.130001068115234,49.099998474121094,49.099998474121094,20083,0.0,0.0
2024-04-10 10:30:00-04:00,49.0099983215332,49.25,48.529998779296875,48.59000015258789,12520,0.0,0.0
2024-04-10 11:30:00-04:00,48.61000061035156,48.61000061035156,48.34000015258789,48.45000076293945,13978,0.0,0.0
2024-04-10 12:30:00-04:00,48.40999984741211,48.43000030517578,48.16490173339844,48.220001220703125,13142,0.0,0.0
2024-04-10 13:30:00-04:00,48.209999084472656,48.400001525878906,48.060001373291016,48.279998779296875,14906,0.0,0.0
2024-04-10 14:30:00-04:00,48.27000045776367,48.459999084472656,48.15999984741211,48.459999084472656,13569,0.0,0.0
2024-04-10 15:30:00-04:00,48.4630012512207,48.65999984741211,48.220001220703125,48.599998474121094,48878,0.0,0.0
2024-04-11 09:30:00-04:00,48.91999816894531,48.91999816894531,48.59000015258789,48.59000015258789,12210,0.0,0.0
2024-04-11 10:30:00-04:00,48.56999969482422,48.93000030517578,48.560001373291016,48.86000061035156,10137,0.0,0.0
2024-04-11 11:30:00-04:00,48.900001525878906,49.11000061035156,48.900001525878906,48.959999084472656,9232,0.0,0.0
2024-04-11 12:30:00-04:00,48.970001220703125,49.29999923706055,48.900001525878906,49.0,18112,0.0,0.0
2024-04-11 13:30:00-04:00,49.02000045776367,49.16999816894531,48.970001220703125,49.11000061035156,11224,0.0,0.0
2024-04-11 14:30:00-04:00,49.13999938964844,49.22990036010742,48.9900016784668,49.06999969482422,16563,0.0,0.0
2024-04-11 15:30:00-04:00,49.04999923706055,49.11000061035156,48.939998626708984,49.04999923706055,37133,0.0,0.0
2024-04-12 09:30:00-04:00,49.0,49.150001525878906,48.7599983215332,48.88999938964844,16936,0.0,0.0
2024-04-12 10:30:00-04:00,48.83000183105469,48.84000015258789,48.529998779296875,48.7599983215332,12727,0.0,0.0
2024-04-12 11:30:00-04:00,48.7599983215332,48.84000015258789,48.58000183105469,48.689998626708984,12131,0.0,0.0
2024-04-12 12:30:00-04:00,48.689998626708984,48.689998626708984,48.56159973144531,48.63610076904297,9662,0.0,0.0
2024-04-12 13:30:00-04:00,48.68000030517578,48.810001373291016,48.599998474121094,48.75,11726,0.0,0.0
2024-04-12 14:30:00-04:00,48.720001220703125,48.75,48.504798889160156,48.504798889160156,15609,0.0,0.0
2024-04-12 15:30:00-04:00,48.5,48.599998474121094,48.43000030517578,48.56999969482422,29961,0.0,0.0
2024-04-15 09:30:00-04:00,48.66999816894531,48.93000030517578,48.3650016784668,48.3650016784668,13160,0.0,0.0
2024-04-15 10:30:00-04:00,48.43000030517578,48.87990188598633,48.43000030517578,48.87990188598633,7564,0.0,0.0
2024-04-15 11:30:00-04:00,48.900001525878906,49.54999923706055,48.88999938964844,49.349998474121094,39844,0.0,0.0
2024-04-15 12:30:00-04:00,49.369998931884766,49.65999984741211,49.369998931884766,49.63999938964844,16517,0.0,0.0
2024-04-15 13:30:00-04:00,49.56999969482422,49.720001220703125,49.470001220703125,49.470001220703125,24322,0.0,0.0
2024-04-15 14:30:00-04:00,49.52000045776367,49.52000045776367,49.2400016784668,49.34000015258789,20794,0.0,0.0
2024-04-15 15:30:00-04:00,49.36000061035156,49.52000045776367,49.36000061035156,49.439998626708984,42783,0.0,0.0
2024-04-16 09:30:00-04:00,49.22999954223633,49.31999969482422,48.970001220703125,49.31999969482422,8733,0.0,0.0
2024-04-16 10:30:00-04:00,49.1879997253418,49.790000915527344,49.1879997253418,49.790000915527344,14386,0.0,0.0
2024-04-16 11:30:00-04:00,49.76499938964844,49.79999923706055,49.619998931884766,49.7599983215332,20620,0.0,0.0
2024-04-16 12:30:00-04:00,49.77000045776367,49.82500076293945,49.66999816894531,49.7400016784668,17564,0.0,0.0
2024-04-16 13:30:00-04:00,49.66999816894531,49.66999816894531,49.345001220703125,49.5,24602,0.0,0.0
2024-04-16 14:30:00-04:00,49.474998474121094,49.599998474121094,49.43000030517578,49.540000915527344,23574,0.0,0.0
2024-04-16 15:30:00-04:00,49.52000045776367,49.56999969482422,49.310001373291016,49.56999969482422,28403,0.0,0.0
2024-04-17 09:30:00-04:00,49.90999984741211,50.10499954223633,49.689998626708984,50.10499954223633,19439,0.0,0.0
2024-04-17 10:30:00-04:00,50.18000030517578,50.189998626708984,49.665000915527344,49.75,19473,0.0,0.0
2024-04-17 11:30:00-04:00,49.7599983215332,49.834999084472656,49.540000915527344,49.834999084472656,15924,0.0,0.0
2024-04-17 12:30:00-04:00,49.75,49.88999938964844,49.540000915527344,49.88999938964844,15085,0.0,0.0
2024-04-17 13:30:00-04:00,49.880001068115234,49.880001068115234,49.650001525878906,49.72999954223633,15288,0.0,0.0
2024-04-17 14:30:00-04:00,49.70500183105469,49.75,49.43000030517578,49.525001525878906,27067,0.0,0.0
2024-04-17 15:30:00-04:00,49.540000915527344,49.720001220703125,49.36000061035156,49.36000061035156,32370,0.0,0.0
2024-04-18 09:30:00-04:00,49.84000015258789,50.61000061035156,49.84000015258789,50.599998474121094,35842,0.0,0.0
2024-04-18 10:30:00-04:00,50.625,50.68000030517578,50.41999816894531,50.5,16970,0.0,0.0
2024-04-18 11:30:00-04:00,50.540000915527344,50.540000915527344,50.25,50.334999084472656,14847,0.0,0.0
2024-04-18 12:30:00-04:00,50.334999084472656,50.334999084472656,50.11000061035156,50.224998474121094,12471,0.0,0.0
2024-04-18 13:30:00-04:00,50.290000915527344,50.665000915527344,50.244998931884766,50.665000915527344,23369,0.0,0.0
2024-04-18 14:30:00-04:00,50.650001525878906,50.790000915527344,50.52000045776367,50.7400016784668,24901,0.0,0.0
2024-04-18 15:30:00-04:00,50.689998626708984,50.849998474121094,50.5,50.560001373291016,50075,0.0,0.0
2024-04-19 09:30:00-04:00,50.470001220703125,50.900001525878906,50.470001220703125,50.869998931884766,14031,0.0,0.0
2024-04-19 10:30:00-04:00,50.81999969482422,50.81999969482422,50.45000076293945,50.47999954223633,6692,0.0,0.0
2024-04-19 11:30:00-04:00,50.45000076293945,50.86000061035156,50.43000030517578,50.5,15306,0.0,0.0
2024-04-19 12:30:00-04:00,50.5,51.05500030517578,50.40999984741211,50.939998626708984,16090,0.0,0.0
2024-04-19 13:30:00-04:00,50.92499923706055,51.029998779296875,50.80500030517578,50.92499923706055,13401,0.0,0.0
2024-04-19 14:30:00-04:00,51.02000045776367,51.2400016784668,50.86000061035156,51.2400016784668,17978,0.0,0.0
2024-04-19 15:30:00-04:00,51.27000045776367,51.525001525878906,51.1349983215332,51.5,52770,0.0,0.0
2024-04-22 09:30:00-04:00,51.470001220703125,51.54499816894531,51.130001068115234,51.380001068115234,22561,0.0,0.0
2024-04-22 10:30:00-04:00,51.36000061035156,51.439998626708984,50.9900016784668,51.20000076293945,24930,0.0,0.0
2024-04-22 11:30:00-04:00,51.099998474121094,51.220001220703125,51.0,51.119998931884766,24923,0.0,0.0
2024-04-22 12:30:00-04:00,51.060001373291016,51.29999923706055,51.029998779296875,51.13999938964844,17640,0.0,0.0
2024-04-22 13:30:00-04:00,51.09000015258789,51.224998474121094,51.029998779296875,51.224998474121094,27958,0.0,0.0
2024-04-22 14:30:00-04:00,51.2599983215332,51.2599983215332,50.900001525878906,50.900001525878906,35941,0.0,0.0
2024-04-22 15:30:00-04:00,50.900001525878906,50.900001525878906,50.599998474121094,50.65999984741211,81757,0.0,0.0
2024-04-23 09:30:00-04:00,50.7400016784668,51.439998626708984,50.7400016784668,51.27000045776367,86237,0.0,0.0
2024-04-23 10:30:00-04:00,51.27000045776367,51.97999954223633,51.27000045776367,51.904998779296875,54550,0.0,0.0
2024-04-23 11:30:00-04:00,51.904998779296875,52.029998779296875,51.56999969482422,51.8849983215332,51218,0.0,0.0
2024-04-23 12:30:00-04:00,51.8849983215332,52.209999084472656,51.71500015258789,52.20000076293945,42041,0.0,0.0
2024-04-23 13:30:00-04:00,52.220001220703125,52.275001525878906,51.935001373291016,52.0099983215332,52500,0.0,0.0
2024-04-23 14:30:00-04:00,51.95000076293945,52.13999938964844,51.75,52.0,61382,0.0,0.0
2024-04-23 15:30:00-04:00,51.97999954223633,52.099998474121094,51.75,51.849998474121094,104432,0.0,0.0
2024-04-24 09:30:00-04:00,51.5,51.900001525878906,51.130001068115234,51.665000915527344,43138,0.0,0.0
2024-04-24 10:30:00-04:00,51.59000015258789,51.849998474121094,51.34000015258789,51.439998626708984,44158,0.0,0.0
2024-04-24 11:30:00-04:00,51.439998626708984,51.790000915527344,51.09000015258789,51.720001220703125,51659,0.0,0.0
2024-04-24 12:30:00-04:00,51.720001220703125,52.04999923706055,51.63999938964844,51.79999923706055,46893,0.0,0.0
2024-04-24 13:30:00-04:00,51.845001220703125,51.869998931884766,51.45000076293945,51.83000183105469,58255,0.0,0.0
2024-04-24 14:30:00-04:00,51.869998931884766,51.880001068115234,51.38999938964844,51.61000061035156,85094,0.0,0.0
2024-04-24 15:30:00-04:00,51.619998931884766,52.08000183105469,51.560001373291016,51.95000076293945,152903,0.0,0.0
2024-04-25 09:30:00-04:00,51.810001373291016,51.81269836425781,50.9900016784668,51.084999084472656,14028,0.0,0.0
2024-04-25 10:30:00-04:00,51.08000183105469,51.231998443603516,50.869998931884766,50.869998931884766,18870,0.0,0.0
2024-04-25 11:30:00-04:00,50.89500045776367,51.119998931884766,50.869998931884766,50.869998931884766,21003,0.0,0.0
2024-04-25 12:30:00-04:00,50.89500045776367,50.96500015258789,50.68000030517578,50.68000030517578,12768,0.0,0.0
2024-04-25 13:30:00-04:00,50.709999084472656,50.89500045776367,50.599998474121094,50.66999816894531,13454,0.0,0.0
2024-04-25 14:30:00-04:00,50.60499954223633,51.00899887084961,50.529998779296875,50.904998779296875,23732,0.0,0.0
2024-04-25 15:30:00-04:00,50.880001068115234,51.2599983215332,50.83000183105469,51.25,40555,0.0,0.0
2024-04-26 09:30:00-04:00,51.119998931884766,51.40380096435547,50.95000076293945,51.040000915527344,8941,0.0,0.0
2024-04-26 10:30:00-04:00,51.09000015258789,51.41999816894531,50.83000183105469,50.83000183105469,12942,0.0,0.0
2024-04-26 11:30:00-04:00,50.84000015258789,50.8754997253418,50.790000915527344,50.790000915527344,4667,0.0,0.0
2024-04-26 12:30:00-04:00,50.82889938354492,50.8849983215332,50.62009811401367,50.66999816894531,8388,0.0,0.0
2024-04-26 13:30:00-04:00,50.65999984741211,51.09000015258789,50.63999938964844,50.82500076293945,12534,0.0,0.0
2024-04-26 14:30:00-04:00,50.8224983215332,50.8224983215332,50.599998474121094,50.68000030517578,10614,0.0,0.0
2024-04-26 15:30:00-04:00,50.65999984741211,50.810001373291016,50.650001525878906,50.79999923706055,25206,0.0,0.0
2024-04-29 09:30:00-04:00,50.790000915527344,51.13999938964844,50.70000076293945,50.70000076293945,10538,0.0,0.0
2024-04-29 10:30:00-04:00,50.709999084472656,51.150001525878906,50.70000076293945,51.06999969482422,5685,0.0,0.0
2024-04-29 11:30:00-04:00,51.08100128173828,51.63999938964844,51.08100128173828,51.6349983215332,9837,0.0,0.0
2024-04-29 12:30:00-04:00,51.58359909057617,51.70000076293945,51.29999923706055,51.41999816894531,7307,0.0,0.0
2024-04-29 13:30:00-04:00,51.5099983215332,51.689998626708984,51.45000076293945,51.56999969482422,8423,0.0,0.0
2024-04-29 14:30:00-04:00,51.59000015258789,51.70000076293945,51.474998474121094,51.70000076293945,19018,0.0,0.0
2024-04-29 15:30:00-04:00,51.68000030517578,51.775001525878906,51.47999954223633,51.54999923706055,37460,0.0,0.0
2024-04-30 09:30:00-04:00,51.54999923706055,51.54999923706055,51.08000183105469,51.08000183105469,8527,0.0,0.0
2024-04-30 10:30:00-04:00,51.08000183105469,51.185001373291016,51.029998779296875,51.185001373291016,5788,0.0,0.0
2024-04-30 11:30:00-04:00,51.150001525878906,51.310001373291016,51.06999969482422,51.130001068115234,11531,0.0,0.0
2024-04-30 12:30:00-04:00,51.150001525878906,51.33000183105469,51.099998474121094,51.209999084472656,8586,0.0,0.0
2024-04-30 13:30:00-04:00,51.15999984741211,51.279998779296875,51.15999984741211,51.185001373291016,9840,0.0,0.0
2024-04-30 14:30:00-04:00,51.185001373291016,51.4900016784668,51.130001068115234,51.40999984741211,15650,0.0,0.0
2024-04-30 15:30:00-04:00,51.369998931884766,51.56999969482422,51.2400016784668,51.439998626708984,38182,0.0,0.0
2024-05-01 09:30:00-04:00,51.439998626708984,52.29999923706055,51.42499923706055,52.08000183105469,16905,0.0,0.0
2024-05-01 10:30:00-04:00,52.029998779296875,52.029998779296875,51.720001220703125,51.8650016784668,5691,0.0,0.0
2024-05-01 11:30:00-04:00,51.90999984741211,52.189998626708984,51.849998474121094,52.040000915527344,15491,0.0,0.0
2024-05-01 12:30:00-04:00,52.06999969482422,52.095001220703125,51.81999969482422,51.81999969482422,13111,0.0,0.0
2024-05-01 13:30:00-04:00,51.869998931884766,51.879600524902344,51.720001220703125,51.790000915527344,7573,0.0,0.0
2024-05-01 14:30:00-04:00,51.81999969482422,52.290000915527344,51.77000045776367,52.025001525878906,22804,0.0,0.0
2024-05-01 15:30:00-04:00,51.9900016784668,52.380001068115234,51.9900016784668,52.20000076293945,57028,0.0,0.0
2024-05-02 09:30:00-04:00,52.16999816894531,52.56999969482422,52.16999816894531,52.40999984741211,11529,0.0,0.0
2024-05-02 10:30:00-04:00,52.45000076293945,52.650001525878906,52.27000045776367,52.630001068115234,12619,0.0,0.0
2024-05-02 11:30:00-04:00,52.7400016784668,52.93000030517578,52.59000015258789,52.86000061035156,17258,0.0,0.0
2024-05-02 12:30:00-04:00,52.79999923706055,52.94990158081055,52.779998779296875,52.86000061035156,6212,0.0,0.0
2024-05-02 13:30:00-04:00,52.900001525878906,53.10499954223633,52.79999923706055,52.79999923706055,24237,0.0,0.0
2024-05-02 14:30:00-04:00,52.869998931884766,52.939998626708984,52.70000076293945,52.77399826049805,20092,0.0,0.0
2024-05-02 15:30:00-04:00,52.7327995300293,52.93000030517578,52.720001220703125,52.849998474121094,34523,0.0,0.0
2024-05-03 09:30:00-04:00,53.2599983215332,53.2599983215332,52.290000915527344,52.38999938964844,8500,0.0,0.0
2024-05-03 10:30:00-04:00,52.459999084472656,52.7599983215332,52.369998931884766,52.685001373291016,7402,0.0,0.0
2024-05-03 11:30:00-04:00,52.72999954223633,53.13999938964844,52.505001068115234,53.13999938964844,13409,0.0,0.0
2024-05-03 12:30:00-04:00,53.040000915527344,53.22999954223633,52.91999816894531,53.18000030517578,11653,0.0,0.0
2024-05-03 13:30:00-04:00,53.185001373291016,53.43000030517578,53.185001373291016,53.3650016784668,14771,0.0,0.0
2024-05-03 14:30:00-04:00,53.3650016784668,53.40999984741211,53.15999984741211,53.38999938964844,13064,0.0,0.0
2024-05-03 15:30:00-04:00,53.345001220703125,53.54999923706055,53.29999923706055,53.380001068115234,30264,0.0,0.0
2024-05-06 09:30:00-04:00,53.63999938964844,53.72999954223633,53.27000045776367,53.56999969482422,23414,0.0,0.0
2024-05-06 10:30:00-04:00,53.47999954223633,53.52000045776367,53.20000076293945,53.31999969482422,7795,0.0,0.0
2024-05-06 11:30:00-04:00,53.314998626708984,53.34000015258789,53.15999984741211,53.2599983215332,5744,0.0,0.0
2024-05-06 12:30:00-04:00,53.189998626708984,53.22999954223633,53.060001373291016,53.150001525878906,8818,0.0,0.0
2024-05-06 13:30:00-04:00,53.150001525878906,53.459999084472656,53.14580154418945,53.310001373291016,11728,0.0,0.0
2024-05-06 14:30:00-04:00,53.25,53.31999969482422,53.16999816894531,53.31999969482422,12186,0.0,0.0
2024-05-06 15:30:00-04:00,53.369998931884766,53.369998931884766,53.0,53.18000030517578,29356,0.0,0.0
2024-05-07 09:30:00-04:00,53.29999923706055,53.72999954223633,53.279998779296875,53.43000030517578,12055,0.0,0.0
2024-05-07 10:30:00-04:00,53.400001525878906,53.60110092163086,53.369998931884766,53.41999816894531,4843,0.0,0.0
2024-05-07 11:30:00-04:00,53.426998138427734,53.43000030517578,53.25,53.279998779296875,5582,0.0,0.0
2024-05-07 12:30:00-04:00,53.220001220703125,53.5,53.220001220703125,53.459999084472656,7002,0.0,0.0
2024-05-07 13:30:00-04:00,53.439998626708984,53.4900016784668,53.33000183105469,53.459999084472656,8622,0.0,0.0
2024-05-07 14:30:00-04:00,53.41999816894531,53.43000030517578,53.29999923706055,53.310001373291016,11211,0.0,0.0
2024-05-07 15:30:00-04:00,53.33000183105469,53.400001525878906,52.900001525878906,52.93000030517578,48968,0.0,0.0
2024-05-08 09:30:00-04:00,52.75,52.95000076293945,52.599998474121094,52.95000076293945,9527,0.0,0.0
2024-05-08 10:30:00-04:00,53.0,53.279998779296875,52.959999084472656,53.279998779296875,5917,0.0,0.0
2024-05-08 11:30:00-04:00,53.24369812011719,53.45000076293945,53.24369812011719,53.27000045776367,6908,0.0,0.0
2024-05-08 12:30:00-04:00,53.29499816894531,53.34000015258789,53.15010070800781,53.34000015258789,7046,0.0,0.0
2024-05-08 13:30:00-04:00,53.36309814453125,53.43000030517578,53.16999816894531,53.29999923706055,11083,0.0,0.0
2024-05-08 14:30:00-04:00,53.2599983215332,53.400001525878906,53.25,53.36000061035156,5126,0.0,0.0
2024-05-08 15:30:00-04:00,53.349998474121094,53.5099983215332,53.31999969482422,53.48500061035156,16594,0.0,0.0
2024-05-09 09:30:00-04:00,53.619998931884766,53.720001220703125,53.375,53.65999984741211,4618,0.0,0.0
2024-05-09 10:30:00-04:00,53.560001373291016,53.560001373291016,53.39400100708008,53.4375,4936,0.0,0.0
2024-05-09 11:30:00-04:00,53.38999938964844,53.54999923706055,53.38999938964844,53.43000030517578,5167,0.0,0.0
2024-05-09 12:30:00-04:00,53.505001068115234,53.529998779296875,53.36000061035156,53.52000045776367,6215,0.0,0.0
2024-05-09 13:30:00-04:00,53.579898834228516,53.7599983215332,53.52000045776367,53.7400016784668,8723,0.0,0.0
2024-05-09 14:30:00-04:00,53.720001220703125,53.84000015258789,53.619998931884766,53.790000915527344,12192,0.0,0.0
2024-05-09 15:30:00-04:00,53.72999954223633,54.060001373291016,53.72999954223633,53.96500015258789,43964,0.0,0.0
2024-05-10 09:30:00-04:00,54.08000183105469,54.256500244140625,53.87409973144531,54.040000915527344,9039,0.0,0.0
2024-05-10 10:30:00-04:00,54.0099983215332,54.16899871826172,53.83000183105469,53.93190002441406,11292,0.0,0.0
2024-05-10 11:30:00-04:00,53.8650016784668,54.040000915527344,53.79999923706055,53.880001068115234,13085,0.0,0.0
2024-05-10 12:30:00-04:00,53.86000061035156,53.865501403808594,53.689998626708984,53.7400016784668,7646,0.0,0.0
2024-05-10 13:30:00-04:00,53.83000183105469,53.959999084472656,53.81999969482422,53.83000183105469,6677,0.0,0.0
2024-05-10 14:30:00-04:00,53.84000015258789,53.88999938964844,53.779998779296875,53.81999969482422,11326,0.0,0.0
2024-05-10 15:30:00-04:00,53.88999938964844,54.04999923706055,53.86000061035156,54.040000915527344,13453,0.0,0.0
2024-05-13 09:30:00-04:00,54.380001068115234,54.53499984741211,54.185001373291016,54.400001525878906,8322,0.0,0.0
2024-05-13 10:30:00-04:00,54.369998931884766,54.47999954223633,54.160099029541016,54.224998474121094,6895,0.0,0.0
2024-05-13 11:30:00-04:00,54.16999816894531,54.16999816894531,53.98500061035156,54.150001525878906,7623,0.0,0.0
2024-05-13 12:30:00-04:00,54.15999984741211,54.15999984741211,54.08000183105469,54.1150016784668,2590,0.0,0.0
2024-05-13 13:30:00-04:00,54.09000015258789,54.119998931884766,53.81999969482422,53.81999969482422,14710,0.0,0.0
2024-05-13 14:30:00-04:00,53.880001068115234,53.97999954223633,53.77000045776367,53.935001373291016,13032,0.0,0.0
2024-05-13 15:30:00-04:00,53.88999938964844,53.88999938964844,53.630001068115234,53.709999084472656,26099,0.0,0.0
2024-05-14 09:30:00-04:00,54.209999084472656,54.29999923706055,54.02000045776367,54.130001068115234,6089,0.0,0.0
2024-05-14 10:30:00-04:00,54.0099983215332,54.20500183105469,54.0099983215332,54.09000015258789,4384,0.0,0.0
2024-05-14 11:30:00-04:00,54.09809875488281,54.09809875488281,53.779998779296875,53.83000183105469,5427,0.0,0.0
2024-05-14 12:30:00-04:00,53.880001068115234,53.915000915527344,53.78499984741211,53.79840087890625,6167,0.0,0.0
2024-05-14 13:30:00-04:00,53.81159973144531,53.84000015258789,53.7400016784668,53.790000915527344,7619,0.0,0.0
2024-05-14 14:30:00-04:00,53.81999969482422,54.040000915527344,53.79999923706055,53.88999938964844,13714,0.0,0.0
2024-05-14 15:30:00-04:00,53.904998779296875,54.09000015258789,53.904998779296875,54.0,24141,0.0,0.0
2024-05-15 09:30:00-04:00,54.290000915527344,54.369998931884766,53.86000061035156,53.88999938964844,8949,0.0,0.0
2024-05-15 10:30:00-04:00,53.90999984741211,54.029998779296875,53.88999938964844,53.970001220703125,5193,0.0,0.0
2024-05-15 11:30:00-04:00,53.90999984741211,54.02000045776367,53.810001373291016,53.810001373291016,7361,0.0,0.0
2024-05-15 12:30:00-04:00,53.7599983215332,53.88999938964844,53.720001220703125,53.845001220703125,7189,0.0,0.0
2024-05-15 13:30:00-04:00,53.869998931884766,53.87929916381836,53.66999816894531,53.71500015258789,11651,0.0,0.0
2024-05-15 14:30:00-04:00,53.744998931884766,53.84000015258789,53.709999084472656,53.775001525878906,12470,0.0,0.0
2024-05-15 15:30:00-04:00,53.7400016784668,53.7599983215332,53.540000915527344,53.599998474121094,22922,0.0,0.0
2024-05-16 09:30:00-04:00,53.56999969482422,53.90999984741211,53.560001373291016,53.83000183105469,11752,0.0,0.0
2024-05-16 10:30:00-04:00,53.849998474121094,53.97999954223633,53.81999969482422,53.97999954223633,6230,0.0,0.0
2024-05-16 11:30:00-04:00,54.02000045776367,54.04999923706055,53.970001220703125,53.98500061035156,5544,0.0,0.0
2024-05-16 12:30:00-04:00,53.9900016784668,54.130001068115234,53.959999084472656,54.130001068115234,5214,0.0,0.0
2024-05-16 13:30:00-04:00,54.060001373291016,54.1150016784668,54.0,54.060001373291016,10642,0.0,0.0
2024-05-16 14:30:00-04:00,54.10499954223633,54.13999938964844,53.915000915527344,53.959999084472656,18197,0.0,0.0
2024-05-16 15:30:00-04:00,54.0,54.369998931884766,53.9900016784668,54.349998474121094,30103,0.0,0.0
2024-05-17 09:30:00-04:00,54.439998626708984,54.439998626708984,54.0099983215332,54.029998779296875,10188,0.0,0.0
2024-05-17 10:30:00-04:00,54.04600143432617,54.25,53.9900016784668,54.19499969482422,5746,0.0,0.0
2024-05-17 11:30:00-04:00,54.249900817871094,54.43000030517578,54.22999954223633,54.34000015258789,10339,0.0,0.0
2024-05-17 12:30:00-04:00,54.349998474121094,54.349998474121094,54.16999816894531,54.16999816894531,5369,0.0,0.0
2024-05-17 13:30:00-04:00,54.19499969482422,54.36000061035156,54.16999816894531,54.33000183105469,8992,0.0,0.0
2024-05-17 14:30:00-04:00,54.31999969482422,54.38999938964844,54.220001220703125,54.290000915527344,11891,0.0,0.0
2024-05-17 15:30:00-04:00,54.310001373291016,54.310001373291016,54.0,54.060001373291016,27492,0.0,0.0
2024-05-20 09:30:00-04:00,54.099998474121094,54.165000915527344,54.017601013183594,54.119998931884766,9787,0.0,0.0
2024-05-20 10:30:00-04:00,54.076499938964844,54.15999984741211,54.076499938964844,54.150001525878906,4274,0.0,0.0
2024-05-20 11:30:00-04:00,54.119998931884766,54.119998931884766,53.5099983215332,53.56999969482422,13533,0.0,0.0
2024-05-20 12:30:00-04:00,53.61920166015625,53.63999938964844,53.32360076904297,53.560001373291016,14683,0.0,0.0
2024-05-20 13:30:00-04:00,53.599998474121094,53.63999938964844,53.459999084472656,53.63999938964844,13561,0.0,0.0
2024-05-20 14:30:00-04:00,53.560001373291016,53.63999938964844,53.29999923706055,53.399898529052734,15338,0.0,0.0
2024-05-20 15:30:00-04:00,53.310001373291016,53.5099983215332,53.2400016784668,53.279998779296875,33148,0.0,0.0
2024-05-21 09:30:00-04:00,53.439998626708984,53.66999816894531,53.43000030517578,53.4900016784668,7596,0.0,0.0
2024-05-21 10:30:00-04:00,53.400001525878906,53.400001525878906,52.900001525878906,53.060001373291016,11716,0.0,0.0
2024-05-21 11:30:00-04:00,53.02000045776367,53.099998474121094,52.95000076293945,53.04499816894531,12415,0.0,0.0
2024-05-21 12:30:00-04:00,53.04999923706055,53.099998474121094,52.86000061035156,52.869998931884766,11905,0.0,0.0
2024-05-21 13:30:00-04:00,52.86000061035156,52.86000061035156,52.68899917602539,52.779998779296875,16257,0.0,0.0
2024-05-21 14:30:00-04:00,52.790000915527344,53.130001068115234,52.709999084472656,53.0,23376,0.0,0.0
2024-05-21 15:30:00-04:00,53.034000396728516,53.119998931884766,52.970001220703125,53.060001373291016,37166,0.0,0.0
2024-05-22 09:30:00-04:00,52.810001373291016,53.08000183105469,52.689998626708984,53.08000183105469,14063,0.0,0.0
2024-05-22 10:30:00-04:00,53.189998626708984,53.22999954223633,52.95000076293945,53.01319885253906,11571,0.0,0.0
2024-05-22 11:30:00-04:00,53.0099983215332,53.040000915527344,52.880001068115234,52.935001373291016,10971,0.0,0.0
2024-05-22 12:30:00-04:00,52.959999084472656,53.02000045776367,52.88079833984375,52.956298828125,7960,0.0,0.0
2024-05-22 13:30:00-04:00,52.970001220703125,53.22999954223633,52.869998931884766,53.005001068115234,12863,0.0,0.0
2024-05-22 14:30:00-04:00,52.99620056152344,53.01499938964844,52.84270095825195,52.88999938964844,22432,0.0,0.0
2024-05-22 15:30:00-04:00,52.91899871826172,53.279998779296875,52.91899871826172,53.27000045776367,63214,0.0,0.0
2024-05-23 09:30:00-04:00,52.310001373291016,52.310001373291016,47.189998626708984,48.275001525878906,155453,0.0,0.0
2024-05-23 10:30:00-04:00,48.16999816894531,48.359901428222656,46.6349983215332,47.16999816894531,114371,0.0,0.0
2024-05-23 11:30:00-04:00,47.21500015258789,47.56999969482422,46.77000045776367,47.400001525878906,68966,0.0,0.0
2024-05-23 12:30:00-04:00,47.36000061035156,47.38999938964844,46.255001068115234,46.26499938964844,100325,0.0,0.0
2024-05-23 13:30:00-04:00,46.279998779296875,46.28990173339844,45.545799255371094,45.79999923706055,64019,0.0,0.0
2024-05-23 14:30:00-04:00,45.83000183105469,46.66999816894531,45.750099182128906,46.400001525878906,79366,0.0,0.0
2024-05-23 15:30:00-04:00,46.40999984741211,46.755001068115234,46.209999084472656,46.5099983215332,113533,0.0,0.0
2024-05-24 09:30:00-04:00,47.130001068115234,48.09000015258789,46.25,46.56999969482422,97791,0.0,0.0
2024-05-24 10:30:00-04:00,46.540000915527344,47.060001373291016,46.34000015258789,46.939998626708984,33322,0.0,0.0
2024-05-24 11:30:00-04:00,46.849998474121094,46.849998474121094,46.170101165771484,46.220001220703125,40008,0.0,0.0
2024-05-24 12:30:00-04:00,46.209999084472656,46.369998931884766,45.91999816894531,46.16999816894531,35434,0.0,0.0
2024-05-24 13:30:00-04:00,46.20000076293945,46.359901428222656,46.0,46.189998626708984,36782,0.0,0.0
2024-05-24 14:30:00-04:00,46.18000030517578,46.279998779296875,46.040000915527344,46.1599006652832,36729,0.0,0.0
2024-05-24 15:30:00-04:00,46.1150016784668,46.279998779296875,45.900001525878906,46.0,80608,0.0,0.0
2024-05-28 09:30:00-04:00,46.0,46.900001525878906,45.959999084472656,46.60649871826172,42879,0.0,0.0
2024-05-28 10:30:00-04:00,46.688499450683594,47.375,46.54999923706055,46.893699645996094,33807,0.0,0.0
2024-05-28 11:30:00-04:00,46.880001068115234,47.06999969482422,46.8203010559082,46.93410110473633,27057,0.0,0.0
2024-05-28 12:30:00-04:00,46.90999984741211,47.0099983215332,46.63999938964844,46.70000076293945,23909,0.0,0.0
2024-05-28 13:30:00-04:00,46.72999954223633,46.849998474121094,46.65999984741211,46.70000076293945,15908,0.0,0.0
2024-05-28 14:30:00-04:00,46.70500183105469,47.0,46.70500183105469,46.87820053100586,24178,0.0,0.0
2024-05-28 15:30:00-04:00,46.875,47.0099983215332,46.849998474121094,46.9900016784668,53335,0.0,0.0
2024-05-29 09:30:00-04:00,46.65999984741211,47.290000915527344,46.65999984741211,46.959999084472656,18061,0.0,0.0
2024-05-29 10:30:00-04:00,46.970001220703125,47.09000015258789,46.84120178222656,47.06999969482422,19683,0.0,0.0
2024-05-29 11:30:00-04:00,47.20000076293945,47.25,47.0,47.119998931884766,22431,0.0,0.0
2024-05-29 12:30:00-04:00,47.09000015258789,47.25,47.0099983215332,47.09000015258789,12151,0.0,0.0
2024-05-29 13:30:00-04:00,47.06999969482422,47.099998474121094,46.79999923706055,46.94499969482422,17866,0.0,0.0
2024-05-29 14:30:00-04:00,46.88140106201172,47.04499816894531,46.82500076293945,46.900001525878906,19697,0.0,0.0
2024-05-29 15:30:00-04:00,46.895198822021484,46.91999816894531,46.63999938964844,46.84000015258789,44182,0.0,0.0
2024-05-30 09:30:00-04:00,47.2400016784668,47.33000183105469,46.84000015258789,47.130001068115234,26298,0.0,0.0
2024-05-30 10:30:00-04:00,47.02000045776367,47.349998474121094,46.950801849365234,47.349998474121094,12918,0.0,0.0
2024-05-30 11:30:00-04:00,47.290000915527344,47.290000915527344,47.06999969482422,47.08000183105469,7262,0.0,0.0
2024-05-30 12:30:00-04:00,47.099998474121094,47.369998931884766,47.06999969482422,47.279998779296875,16303,0.0,0.0
2024-05-30 13:30:00-04:00,47.290000915527344,47.34000015258789,47.16999816894531,47.18000030517578,9993,0.0,0.0
2024-05-30 14:30:00-04:00,47.209999084472656,47.314998626708984,47.02000045776367,47.27000045776367,25101,0.0,0.0
2024-05-30 15:30:00-04:00,47.25,47.349998474121094,47.09379959106445,47.349998474121094,69890,0.0,0.0
2024-05-31 09:30:00-04:00,47.29999923706055,47.63999938964844,47.060001373291016,47.31999969482422,12235,0.0,0.0
2024-05-31 10:30:00-04:00,47.31999969482422,47.61000061035156,47.119998931884766,47.36000061035156,19874,0.0,0.0
2024-05-31 11:30:00-04:00,47.22999954223633,47.56999969482422,47.209999084472656,47.47999954223633,16172,0.0,0.0
2024-05-31 12:30:00-04:00,47.5,47.66999816894531,47.36000061035156,47.650001525878906,10229,0.0,0.0
2024-05-31 13:30:00-04:00,47.75,47.79999923706055,47.650001525878906,47.650001525878906,14650,0.0,0.0
2024-05-31 14:30:00-04:00,47.66999816894531,47.84000015258789,47.65999984741211,47.779998779296875,12487,0.0,0.0
2024-05-31 15:30:00-04:00,47.709999084472656,48.0099983215332,47.689998626708984,48.0,41722,0.0,0.0
2024-06-03 09:30:00-04:00,48.040000915527344,48.040000915527344,47.5099983215332,47.5099983215332,15864,0.0,0.0
2024-06-03 10:30:00-04:00,47.59000015258789,47.70000076293945,47.400001525878906,47.400001525878906,7501,0.0,0.0
2024-06-03 11:30:00-04:00,47.150001525878906,47.31999969482422,47.06809997558594,47.15999984741211,5121,0.0,0.0
2024-06-03 12:30:00-04:00,47.119998931884766,47.31999969482422,46.90999984741211,47.20000076293945,10322,0.0,0.0
2024-06-03 13:30:00-04:00,47.119998931884766,47.189998626708984,46.95000076293945,47.00809860229492,13483,0.0,0.0
2024-06-03 14:30:00-04:00,47.060001373291016,47.189998626708984,46.994998931884766,47.13999938964844,19312,0.0,0.0
2024-06-03 15:30:00-04:00,47.09000015258789,47.380001068115234,47.09000015258789,47.369998931884766,36064,0.0,0.0
2024-06-04 09:30:00-04:00,47.220001220703125,47.48500061035156,47.209999084472656,47.35499954223633,13438,0.0,0.0
2024-06-04 10:30:00-04:00,47.29999923706055,47.29999923706055,47.010101318359375,47.010101318359375,8799,0.0,0.0
2024-06-04 11:30:00-04:00,47.04999923706055,47.04999923706055,46.779998779296875,46.966400146484375,13776,0.0,0.0
2024-06-04 12:30:00-04:00,46.92499923706055,47.2400016784668,46.91999816894531,47.23500061035156,11258,0.0,0.0
2024-06-04 13:30:00-04:00,47.2400016784668,47.38999938964844,47.16999816894531,47.345001220703125,11409,0.0,0.0
2024-06-04 14:30:00-04:00,47.29999923706055,47.29999923706055,47.0,47.0,18709,0.0,0.0
2024-06-04 15:30:00-04:00,47.10900115966797,47.189998626708984,47.0,47.08000183105469,26814,0.0,0.0
2024-06-05 09:30:00-04:00,47.11000061035156,47.40999984741211,46.79010009765625,46.904598236083984,8615,0.0,0.0
2024-06-05 10:30:00-04:00,47.03030014038086,47.349998474121094,47.03030014038086,47.349998474121094,12377,0.0,0.0
2024-06-05 11:30:00-04:00,47.349998474121094,47.380001068115234,47.06999969482422,47.220001220703125,11704,0.0,0.0
2024-06-05 12:30:00-04:00,47.201698303222656,47.31999969482422,47.150001525878906,47.150001525878906,6402,0.0,0.0
2024-06-05 13:30:00-04:00,47.06999969482422,47.27000045776367,47.06999969482422,47.22999954223633,8931,0.0,0.0
2024-06-05 14:30:00-04:00,47.18000030517578,47.369998931884766,47.18000030517578,47.27830123901367,12819,0.0,0.0
2024-06-05 15:30:00-04:00,47.279998779296875,47.38999938964844,47.2400016784668,47.29999923706055,24658,0.0,0.0
2024-06-06 09:30:00-04:00,47.27000045776367,47.46500015258789,47.224998474121094,47.2599983215332,11298,0.0,0.0
2024-06-06 10:30:00-04:00,47.279998779296875,47.47930145263672,47.20500183105469,47.3849983215332,8363,0.0,0.0
2024-06-06 11:30:00-04:00,47.33000183105469,47.36000061035156,47.09000015258789,47.130001068115234,10757,0.0,0.0
2024-06-06 12:30:00-04:00,47.11000061035156,47.27000045776367,47.06560134887695,47.244998931884766,7363,0.0,0.0
2024-06-06 13:30:00-04:00,47.255001068115234,47.255001068115234,47.0,47.0,7133,0.0,0.0
2024-06-06 14:30:00-04:00,47.040000915527344,47.31999969482422,47.040000915527344,47.29999923706055,13529,0.0,0.0
2024-06-06 15:30:00-04:00,47.33000183105469,47.33000183105469,47.06999969482422,47.09000015258789,21866,0.0,0.0
2024-06-07 09:30:00-04:00,46.939998626708984,47.254798889160156,46.7599983215332,47.20500183105469,16309,0.0,0.0
2024-06-07 10:30:00-04:00,47.119998931884766,47.165000915527344,46.95500183105469,47.01499938964844,6118,0.0,0.0
2024-06-07 11:30:00-04:00,46.95000076293945,47.150001525878906,46.90999984741211,47.01499938964844,12322,0.0,0.0
2024-06-07 12:30:00-04:00,47.060001373291016,47.189998626708984,46.91999816894531,47.10499954223633,17668,0.0,0.0
2024-06-07 13:30:00-04:00,47.086299896240234,47.13999938964844,47.02000045776367,47.06999969482422,5612,0.0,0.0
2024-06-07 14:30:00-04:00,47.02000045776367,47.22999954223633,47.02000045776367,47.125,8171,0.0,0.0
2024-06-07 15:30:00-04:00,47.064998626708984,47.13999938964844,46.97999954223633,47.040000915527344,20312,0.0,0.0
2024-06-10 09:30:00-04:00,46.72999954223633,46.79999923706055,46.27000045776367,46.54999923706055,34808,0.0,0.0
2024-06-10 10:30:00-04:00,46.63999938964844,46.77000045776367,46.52000045776367,46.77000045776367,20543,0.0,0.0
2024-06-10 11:30:00-04:00,46.709999084472656,46.90999984741211,46.66999816894531,46.814998626708984,6950,0.0,0.0
2024-06-10 12:30:00-04:00,46.779998779296875,46.89289855957031,46.7400016784668,46.79999923706055,7844,0.0,0.0
2024-06-10 13:30:00-04:00,46.720001220703125,46.9900016784668,46.720001220703125,46.970001220703125,14595,0.0,0.0
2024-06-10 14:30:00-04:00,46.92720031738281,46.970001220703125,46.869998931884766,46.869998931884766,10606,0.0,0.0
2024-06-10 15:30:00-04:00,46.869998931884766,47.20000076293945,46.8650016784668,47.150001525878906,37479,0.0,0.0
2024-06-11 09:30:00-04:00,46.84000015258789,46.869998931884766,46.58000183105469,46.869998931884766,8815,0.0,0.0
2024-06-11 10:30:00-04:00,46.790000915527344,47.08000183105469,46.790000915527344,47.0,13616,0.0,0.0
2024-06-11 11:30:00-04:00,46.9546012878418,46.9546012878418,46.70000076293945,46.724998474121094,12002,0.0,0.0
2024-06-11 12:30:00-04:00,46.779998779296875,46.83000183105469,46.58000183105469,46.650001525878906,18490,0.0,0.0
2024-06-11 13:30:00-04:00,46.68000030517578,46.95000076293945,46.630001068115234,46.90999984741211,10370,0.0,0.0
2024-06-11 14:30:00-04:00,46.91999816894531,47.0,46.79999923706055,47.0,17445,0.0,0.0
2024-06-11 15:30:00-04:00,46.91999816894531,46.9900016784668,46.77000045776367,46.9900016784668,27938,0.0,0.0
2024-06-12 09:30:00-04:00,47.5,47.70000076293945,47.119998931884766,47.70000076293945,15826,0.0,0.0
2024-06-12 10:30:00-04:00,47.619998931884766,47.7599983215332,47.43009948730469,47.5099983215332,10163,0.0,0.0
2024-06-12 11:30:00-04:00,47.435001373291016,47.540000915527344,47.310001373291016,47.4557991027832,13123,0.0,0.0
2024-06-12 12:30:00-04:00,47.400001525878906,47.540000915527344,47.34000015258789,47.529998779296875,7046,0.0,0.0
2024-06-12 13:30:00-04:00,47.435001373291016,47.45989990234375,47.18000030517578,47.38999938964844,7846,0.0,0.0
2024-06-12 14:30:00-04:00,47.33000183105469,47.349998474121094,46.901100158691406,46.97999954223633,16326,0.0,0.0
2024-06-12 15:30:00-04:00,46.970001220703125,47.02000045776367,46.810001373291016,46.90999984741211,21818,0.0,0.0
2024-06-13 09:30:00-04:00,46.849998474121094,46.97999954223633,46.5099983215332,46.599998474121094,25647,0.0,0.0
2024-06-13 10:30:00-04:00,46.54999923706055,46.70000076293945,46.38999938964844,46.685001373291016,13106,0.0,0.0
2024-06-13 11:30:00-04:00,46.689998626708984,46.73500061035156,46.56999969482422,46.584999084472656,10053,0.0,0.0
2024-06-13 12:30:00-04:00,46.650001525878906,46.959999084472656,46.60499954223633,46.82749938964844,11130,0.0,0.0
2024-06-13 13:30:00-04:00,46.78499984741211,46.8650016784668,46.630001068115234,46.8650016784668,12856,0.0,0.0
2024-06-13 14:30:00-04:00,46.845001220703125,46.959999084472656,46.7400016784668,46.77000045776367,14273,0.0,0.0
2024-06-13 15:30:00-04:00,46.7599983215332,46.790000915527344,46.58000183105469,46.60499954223633,41044,0.0,0.0
2024-06-14 09:30:00-04:00,46.290000915527344,46.45000076293945,45.189998626708984,45.35499954223633,55018,0.0,0.0
2024-06-14 10:30:00-04:00,45.409000396728516,45.95500183105469,45.27000045776367,45.95500183105469,29257,0.0,0.0
2024-06-14 11:30:00-04:00,46.05500030517578,46.689998626708984,46.02000045776367,46.689998626708984,40810,0.0,0.0
2024-06-14 12:30:00-04:00,46.6349983215332,46.970001220703125,46.47999954223633,46.529998779296875,29010,0.0,0.0
2024-06-14 13:30:00-04:00,46.5,46.63999938964844,46.459999084472656,46.599998474121094,11307,0.0,0.0
2024-06-14 14:30:00-04:00,46.59000015258789,46.59000015258789,46.290000915527344,46.340999603271484,17452,0.0,0.0
2024-06-14 15:30:00-04:00,46.33570098876953,46.529998779296875,46.303001403808594,46.41999816894531,27250,0.0,0.0
2024-06-17 09:30:00-04:00,46.189998626708984,46.36000061035156,46.1349983215332,46.25,15633,0.0,0.0
2024-06-17 10:30:00-04:00,46.25,46.52000045776367,45.72999954223633,46.52000045776367,40960,0.0,0.0
2024-06-17 11:30:00-04:00,46.52000045776367,46.630001068115234,46.2400016784668,46.6150016784668,18511,0.0,0.0
2024-06-17 12:30:00-04:00,46.584999084472656,46.70000076293945,46.5,46.5099983215332,15775,0.0,0.0
2024-06-17 13:30:00-04:00,46.56999969482422,46.90999984741211,46.529998779296875,46.80500030517578,11657,0.0,0.0
2024-06-17 14:30:00-04:00,46.75,46.790000915527344,46.630001068115234,46.779998779296875,15654,0.0,0.0
2024-06-17 15:30:00-04:00,46.79999923706055,47.02000045776367,46.755001068115234,46.90999984741211,40100,0.0,0.0
2024-06-18 09:30:00-04:00,46.75,47.349998474121094,46.599998474121094,46.779998779296875,17859,0.0,0.0
2024-06-18 10:30:00-04:00,46.72999954223633,46.869998931884766,46.66999816894531,46.709999084472656,6687,0.0,0.0
2024-06-18 11:30:00-04:00,46.720001220703125,47.064998626708984,46.68000030517578,46.91999816894531,10248,0.0,0.0
2024-06-18 12:30:00-04:00,46.849998474121094,47.0,46.779998779296875,46.88999938964844,11489,0.0,0.0
2024-06-18 13:30:00-04:00,46.88999938964844,47.060001373291016,46.869998931884766,47.060001373291016,13268,0.0,0.0
2024-06-18 14:30:00-04:00,47.060001373291016,47.060001373291016,46.84000015258789,46.93000030517578,15904,0.0,0.0
2024-06-18 15:30:00-04:00,46.900001525878906,46.93000030517578,46.63999938964844,46.709999084472656,45673,0.0,0.0
2024-06-20 09:30:00-04:00,46.72999954223633,47.790000915527344,46.59000015258789,47.72999954223633,26357,0.0,0.0
2024-06-20 10:30:00-04:00,47.724998474121094,48.41999816894531,47.654998779296875,48.41999816894531,30696,0.0,0.0
2024-06-20 11:30:00-04:00,48.375,48.41999816894531,47.54999923706055,47.54999923706055,20064,0.0,0.0
2024-06-20 12:30:00-04:00,47.619998931884766,47.7599983215332,47.439998626708984,47.470001220703125,9872,0.0,0.0
2024-06-20 13:30:00-04:00,47.47999954223633,47.58000183105469,47.45000076293945,47.58000183105469,14135,0.0,0.0
2024-06-20 14:30:00-04:00,47.5099983215332,47.5099983215332,47.209999084472656,47.27000045776367,18134,0.0,0.0
2024-06-20 15:30:00-04:00,47.27000045776367,47.459999084472656,47.130001068115234,47.31999969482422,25861,0.0,0.0
2024-06-21 09:30:00-04:00,47.380001068115234,47.75,47.16999816894531,47.75,58411,0.0,0.0
2024-06-21 10:30:00-04:00,47.80009841918945,47.929901123046875,47.599998474121094,47.849998474121094,13486,0.0,0.0
2024-06-21 11:30:00-04:00,47.880001068115234,48.27000045776367,47.70000076293945,48.2599983215332,16357,0.0,0.0
2024-06-21 12:30:00-04:00,48.130001068115234,48.369998931884766,48.0099983215332,48.22999954223633,18170,0.0,0.0
2024-06-21 13:30:00-04:00,48.220001220703125,48.369998931884766,48.18000030517578,48.279998779296875,12610,0.0,0.0
2024-06-21 14:30:00-04:00,48.2400016784668,48.279998779296875,47.900001525878906,47.970001220703125,16779,0.0,0.0
2024-06-21 15:30:00-04:00,48.02989959716797,48.040000915527344,47.77000045776367,47.77000045776367,46271,0.0,0.0
2024-06-24 09:30:00-04:00,48.0,48.56999969482422,47.79999923706055,48.2599983215332,27915,0.0,0.0
2024-06-24 10:30:00-04:00,48.380001068115234,48.400001525878906,48.0099983215332,48.36000061035156,22272,0.0,0.0
2024-06-24 11:30:00-04:00,48.400001525878906,48.400001525878906,48.099998474121094,48.209999084472656,20400,0.0,0.0
2024-06-24 12:30:00-04:00,48.244998931884766,48.5,48.099998474121094,48.45000076293945,20837,0.0,0.0
2024-06-24 13:30:00-04:00,48.529998779296875,48.560001373291016,48.310001373291016,48.540000915527344,12146,0.0,0.0
2024-06-24 14:30:00-04:00,48.564998626708984,48.59120178222656,48.27000045776367,48.27000045776367,15786,0.0,0.0
2024-06-24 15:30:00-04:00,48.2599983215332,48.435001373291016,48.08000183105469,48.09000015258789,43277,0.0,0.0
2024-06-25 09:30:00-04:00,48.029998779296875,48.189998626708984,47.560001373291016,47.78419876098633,23930,0.0,0.0
2024-06-25 10:30:00-04:00,47.779998779296875,47.90999984741211,47.70000076293945,47.814998626708984,9641,0.0,0.0
2024-06-25 11:30:00-04:00,47.70000076293945,47.849998474121094,47.52000045776367,47.779998779296875,17392,0.0,0.0
2024-06-25 12:30:00-04:00,47.75,47.83000183105469,47.650001525878906,47.8224983215332,17519,0.0,0.0
2024-06-25 13:30:00-04:00,47.7859992980957,48.0099983215332,47.7400016784668,47.959999084472656,12673,0.0,0.0
2024-06-25 14:30:00-04:00,47.959999084472656,48.040000915527344,47.900001525878906,47.91999816894531,20720,0.0,0.0
2024-06-25 15:30:00-04:00,47.91999816894531,48.099998474121094,47.68000030517578,47.689998626708984,67414,0.0,0.0
2024-06-26 09:30:00-04:00,47.68000030517578,47.70500183105469,47.36000061035156,47.560001373291016,17512,0.0,0.0
2024-06-26 10:30:00-04:00,47.58000183105469,47.709999084472656,47.41999816894531,47.56999969482422,17059,0.0,0.0
2024-06-26 11:30:00-04:00,47.63999938964844,47.70940017700195,47.400001525878906,47.439998626708984,13216,0.0,0.0
2024-06-26 12:30:00-04:00,47.400001525878906,47.74420166015625,47.400001525878906,47.706298828125,9607,0.0,0.0
2024-06-26 13:30:00-04:00,47.709999084472656,47.709999084472656,47.5099983215332,47.599998474121094,12493,0.0,0.0
2024-06-26 14:30:00-04:00,47.599998474121094,47.93000030517578,47.551300048828125,47.915000915527344,22898,0.0,0.0
2024-06-26 15:30:00-04:00,47.91999816894531,48.14500045776367,47.849998474121094,48.029998779296875,45777,0.0,0.0
2024-06-27 09:30:00-04:00,48.060001373291016,48.2400016784668,47.84000015258789,47.84000015258789,9592,0.0,0.0
2024-06-27 10:30:00-04:00,47.88999938964844,47.95000076293945,47.66999816894531,47.779998779296875,13329,0.0,0.0
2024-06-27 11:30:00-04:00,47.77000045776367,47.812198638916016,47.68429946899414,47.689998626708984,8553,0.0,0.0
2024-06-27 12:30:00-04:00,47.65999984741211,47.7400016784668,47.5,47.689998626708984,11514,0.0,0.0
2024-06-27 13:30:00-04:00,47.7400016784668,47.7400016784668,47.41999816894531,47.43000030517578,6362,0.0,0.0
2024-06-27 14:30:00-04:00,47.47999954223633,47.720001220703125,47.470001220703125,47.68000030517578,11288,0.0,0.0
2024-06-27 15:30:00-04:00,47.61000061035156,47.77000045776367,47.59000015258789,47.619998931884766,26268,0.0,0.0
2024-06-28 09:30:00-04:00,47.95000076293945,47.97999954223633,47.65010070800781,47.91999816894531,13168,0.0,0.0
2024-06-28 10:30:00-04:00,47.81999969482422,47.95000076293945,47.77000045776367,47.83000183105469,6355,0.0,0.0
2024-06-28 11:30:00-04:00,47.84000015258789,47.970001220703125,47.62889862060547,47.83000183105469,12902,0.0,0.0
2024-06-28 12:30:00-04:00,47.84000015258789,47.900001525878906,47.560001373291016,47.560001373291016,5406,0.0,0.0
2024-06-28 13:30:00-04:00,47.540000915527344,47.66999816894531,47.5,47.580101013183594,4503,0.0,0.0
2024-06-28 14:30:00-04:00,47.619998931884766,47.7400016784668,47.56999969482422,47.608299255371094,13599,0.0,0.0
2024-06-28 15:30:00-04:00,47.650001525878906,48.20000076293945,47.650001525878906,48.189998626708984,41840,0.0,0.0
2024-07-01 09:30:00-04:00,48.40999984741211,48.75,47.880001068115234,47.880001068115234,19777,0.0,0.0
2024-07-01 10:30:00-04:00,47.869998931884766,48.029998779296875,47.650001525878906,47.650001525878906,12008,0.0,0.0
2024-07-01 11:30:00-04:00,47.65999984741211,47.97999954223633,47.560001373291016,47.97999954223633,16465,0.0,0.0
2024-07-01 12:30:00-04:00,47.83000183105469,48.040000915527344,47.81999969482422,47.869998931884766,9678,0.0,0.0
2024-07-01 13:30:00-04:00,47.869998931884766,48.01499938964844,47.70000076293945,47.70000076293945,8352,0.0,0.0
2024-07-01 14:30:00-04:00,47.75,47.845001220703125,47.650001525878906,47.689998626708984,10859,0.0,0.0
2024-07-01 15:30:00-04:00,47.689998626708984,47.88999938964844,47.61000061035156,47.630001068115234,31274,0.0,0.0
2024-07-02 09:30:00-04:00,47.849998474121094,48.41999816894531,47.849998474121094,48.0,10740,0.0,0.0
2024-07-02 10:30:00-04:00,47.92599868774414,47.959800720214844,47.79999923706055,47.849998474121094,7184,0.0,0.0
2024-07-02 11:30:00-04:00,47.79999923706055,47.868900299072266,47.711700439453125,47.849998474121094,4484,0.0,0.0
2024-07-02 12:30:00-04:00,47.959999084472656,48.0099983215332,47.83000183105469,47.94990158081055,5376,0.0,0.0
2024-07-02 13:30:00-04:00,47.85499954223633,48.0099983215332,47.85499954223633,47.96500015258789,7369,0.0,0.0
2024-07-02 14:30:00-04:00,48.029998779296875,48.22999954223633,47.90999984741211,48.22999954223633,10125,0.0,0.0
2024-07-02 15:30:00-04:00,48.16999816894531,48.18000030517578,47.849998474121094,47.86000061035156,32958,0.0,0.0
2024-07-03 09:30:00-04:00,47.849998474121094,48.349998474121094,47.75,48.09000015258789,24986,0.0,0.0
2024-07-03 10:30:00-04:00,48.0099983215332,48.099998474121094,47.88999938964844,48.02000045776367,14674,0.0,0.0
2024-07-03 11:30:00-04:00,47.9900016784668,47.9900016784668,47.650001525878906,47.70000076293945,16754,0.0,0.0
2024-07-05 09:30:00-04:00,47.599998474121094,47.919898986816406,47.380001068115234,47.625,22717,0.0,0.0
2024-07-05 10:30:00-04:00,47.54999923706055,47.78990173339844,47.38999938964844,47.44499969482422,14129,0.0,0.0
2024-07-05 11:30:00-04:00,47.45000076293945,47.95000076293945,47.45000076293945,47.70000076293945,17103,0.0,0.0
2024-07-05 12:30:00-04:00,47.67499923706055,47.887001037597656,47.630001068115234,47.80500030517578,15894,0.0,0.0
2024-07-05 13:30:00-04:00,47.80500030517578,47.919898986816406,47.72999954223633,47.81999969482422,12130,0.0,0.0
2024-07-05 14:30:00-04:00,47.83000183105469,47.959999084472656,47.790000915527344,47.85499954223633,17729,0.0,0.0
2024-07-05 15:30:00-04:00,47.849998474121094,48.08000183105469,47.810001373291016,48.0099983215332,28601,0.0,0.0
2024-07-08 09:30:00-04:00,47.400001525878906,47.54999923706055,47.11000061035156,47.210201263427734,27524,0.0,0.0
2024-07-08 10:30:00-04:00,47.220001220703125,47.38999938964844,46.77000045776367,46.790000915527344,28199,0.0,0.0
2024-07-08 11:30:00-04:00,46.81999969482422,46.9900016784668,46.78010177612305,46.83000183105469,12119,0.0,0.0
2024-07-08 12:30:00-04:00,46.880001068115234,47.019901275634766,46.750099182128906,46.810001373291016,11152,0.0,0.0
2024-07-08 13:30:00-04:00,46.82500076293945,46.82500076293945,46.709999084472656,46.72999954223633,5660,0.0,0.0
2024-07-08 14:30:00-04:00,46.76499938964844,46.869998931884766,46.650001525878906,46.66999816894531,12885,0.0,0.0
2024-07-08 15:30:00-04:00,46.68000030517578,46.68000030517578,46.540000915527344,46.59000015258789,19045,0.0,0.0
2024-07-09 09:30:00-04:00,46.540000915527344,46.65999984741211,46.2599983215332,46.6349983215332,34503,0.0,0.0
2024-07-09 10:30:00-04:00,46.65999984741211,46.65999984741211,46.380001068115234,46.57500076293945,13614,0.0,0.0
2024-07-09 11:30:00-04:00,46.5,46.810001373291016,46.45000076293945,46.56010055541992,16887,0.0,0.0
2024-07-09 12:30:00-04:00,46.6083984375,46.72999954223633,46.56999969482422,46.72999954223633,5333,0.0,0.0
2024-07-09 13:30:00-04:00,46.73500061035156,46.869998931884766,46.62110137939453,46.6349983215332,7701,0.0,0.0
2024-07-09 14:30:00-04:00,46.64500045776367,46.72999954223633,46.630001068115234,46.72999954223633,6960,0.0,0.0
2024-07-09 15:30:00-04:00,46.7400016784668,46.81999969482422,46.540000915527344,46.59000015258789,23551,0.0,0.0
2024-07-10 09:30:00-04:00,46.75,46.900001525878906,46.619998931884766,46.86000061035156,12771,0.0,0.0
2024-07-10 10:30:00-04:00,46.96620178222656,47.06999969482422,46.83000183105469,47.0,7070,0.0,0.0
2024-07-10 11:30:00-04:00,47.064998626708984,47.27000045776367,47.000099182128906,47.25,12830,0.0,0.0
2024-07-10 12:30:00-04:00,47.13999938964844,47.189998626708984,47.100101470947266,47.14500045776367,11834,0.0,0.0
2024-07-10 13:30:00-04:00,47.14500045776367,47.150001525878906,46.97999954223633,46.9900016784668,9304,0.0,0.0
2024-07-10 14:30:00-04:00,47.040000915527344,47.040000915527344,46.79999923706055,46.93000030517578,18125,0.0,0.0
2024-07-10 15:30:00-04:00,46.900001525878906,47.16999816894531,46.7599983215332,47.16999816894531,24587,0.0,0.0
2024-07-11 09:30:00-04:00,47.61000061035156,48.224998474121094,47.537498474121094,47.91999816894531,47523,0.0,0.0
2024-07-11 10:30:00-04:00,47.97999954223633,48.150001525878906,47.790000915527344,47.97489929199219,17764,0.0,0.0
2024-07-11 11:30:00-04:00,48.06999969482422,48.209999084472656,47.88999938964844,47.92399978637695,17095,0.0,0.0
2024-07-11 12:30:00-04:00,47.935001373291016,48.47999954223633,47.935001373291016,48.349998474121094,16815,0.0,0.0
2024-07-11 13:30:00-04:00,48.400001525878906,48.43000030517578,48.279998779296875,48.32500076293945,10277,0.0,0.0
2024-07-11 14:30:00-04:00,48.34000015258789,48.43000030517578,48.22999954223633,48.38999938964844,16126,0.0,0.0
2024-07-11 15:30:00-04:00,48.400001525878906,48.755001068115234,48.400001525878906,48.68000030517578,41541,0.0,0.0
2024-07-12 09:30:00-04:00,49.0099983215332,49.54999923706055,48.869998931884766,49.54999923706055,24066,0.0,0.0
2024-07-12 10:30:00-04:00,49.59000015258789,49.59000015258789,49.16999816894531,49.22999954223633,9013,0.0,0.0
2024-07-12 11:30:00-04:00,49.130001068115234,49.189998626708984,48.880001068115234,49.029998779296875,21340,0.0,0.0
2024-07-12 12:30:00-04:00,49.0099983215332,49.040000915527344,48.95000076293945,49.040000915527344,5399,0.0,0.0
2024-07-12 13:30:00-04:00,49.040000915527344,49.040000915527344,48.95000076293945,49.02000045776367,6549,0.0,0.0
2024-07-12 14:30:00-04:00,49.069400787353516,49.130001068115234,49.029998779296875,49.04999923706055,10550,0.0,0.0
2024-07-12 15:30:00-04:00,49.08000183105469,49.130001068115234,48.93000030517578,48.9900016784668,21144,0.0,0.0
