Datetime,Open,High,Low,Close,Volume,Dividends,Stock Splits
2022-07-14 09:30:00-04:00,32.75,32.75,32.75,32.75,0,0.0,0.0
2022-07-14 11:30:00-04:00,32.48500061035156,32.48500061035156,32.2599983215332,32.2599983215332,1671,0.0,0.0
2022-07-14 12:30:00-04:00,32.297401428222656,32.689998626708984,32.17499923706055,32.689998626708984,3165,0.0,0.0
2022-07-14 13:30:00-04:00,32.9900016784668,33.07500076293945,32.9900016784668,33.060001373291016,867,0.0,0.0
2022-07-14 15:30:00-04:00,33.13999938964844,33.2599983215332,33.04999923706055,33.2599983215332,2411,0.0,0.0
2022-07-15 09:30:00-04:00,33.470001220703125,33.470001220703125,31.850000381469727,33.34000015258789,15203,0.0,0.0
2022-07-15 10:30:00-04:00,33.59000015258789,33.72999954223633,33.59000015258789,33.630001068115234,1410,0.0,0.0
2022-07-15 11:30:00-04:00,33.779998779296875,34.18000030517578,33.779998779296875,34.18000030517578,1630,0.0,0.0
2022-07-15 12:30:00-04:00,34.32500076293945,34.32500076293945,34.060001373291016,34.060001373291016,1122,0.0,0.0
2022-07-15 13:30:00-04:00,34.150001525878906,34.150001525878906,34.09000015258789,34.09000015258789,474,0.0,0.0
2022-07-15 14:30:00-04:00,33.900001525878906,33.9364013671875,33.869998931884766,33.87009811401367,1381,0.0,0.0
2022-07-15 15:30:00-04:00,33.959999084472656,34.04999923706055,33.92499923706055,33.970001220703125,4876,0.0,0.0
2022-07-18 09:30:00-04:00,34.0,34.20000076293945,32.69089889526367,33.86000061035156,5087,0.0,0.0
2022-07-18 11:30:00-04:00,33.5702018737793,34.0,33.54010009765625,33.54010009765625,1538,0.0,0.0
2022-07-18 12:30:00-04:00,33.560001373291016,33.9900016784668,33.560001373291016,33.869598388671875,1439,0.0,0.0
2022-07-18 13:30:00-04:00,33.95479965209961,33.95479965209961,33.6150016784668,33.86949920654297,1492,0.0,0.0
2022-07-18 14:30:00-04:00,33.7400016784668,33.76499938964844,33.49789810180664,33.65999984741211,5501,0.0,0.0
2022-07-18 15:30:00-04:00,33.65999984741211,33.79999923706055,33.560001373291016,33.69499969482422,5321,0.0,0.0
2022-07-19 09:30:00-04:00,33.77000045776367,34.630001068115234,33.63999938964844,34.27000045776367,0,0.0,0.0
2022-07-19 10:30:00-04:00,34.5099983215332,34.56669998168945,34.369998931884766,34.5,2221,0.0,0.0
2022-07-19 11:30:00-04:00,34.5,34.630001068115234,34.46979904174805,34.47999954223633,1693,0.0,0.0
2022-07-19 12:30:00-04:00,34.47999954223633,34.47999954223633,34.47999954223633,34.47999954223633,434,0.0,0.0
2022-07-19 13:30:00-04:00,34.70000076293945,34.810001373291016,34.650001525878906,34.810001373291016,1934,0.0,0.0
2022-07-19 14:30:00-04:00,34.939998626708984,34.939998626708984,34.66999816894531,34.90999984741211,2425,0.0,0.0
2022-07-19 15:30:00-04:00,35.08000183105469,35.189998626708984,35.060001373291016,35.15999984741211,3930,0.0,0.0
2022-07-20 09:30:00-04:00,35.0,35.66999816894531,34.5,35.0099983215332,4851,0.0,0.0
2022-07-20 10:30:00-04:00,35.7599983215332,35.77000045776367,35.619998931884766,35.619998931884766,1499,0.0,0.0
2022-07-20 12:30:00-04:00,35.70000076293945,35.70000076293945,35.619998931884766,35.619998931884766,1932,0.0,0.0
2022-07-20 14:30:00-04:00,35.810001373291016,35.970001220703125,35.810001373291016,35.869998931884766,2232,0.0,0.0
2022-07-20 15:30:00-04:00,35.80690002441406,35.80690002441406,35.523799896240234,35.61000061035156,2747,0.0,0.0
2022-07-21 09:30:00-04:00,35.540000915527344,35.540000915527344,34.83000183105469,34.83000183105469,0,0.0,0.0
2022-07-21 10:30:00-04:00,35.099998474121094,35.380001068115234,35.099998474121094,35.364601135253906,3235,0.0,0.0
2022-07-21 12:30:00-04:00,35.1963005065918,35.60540008544922,35.154998779296875,35.154998779296875,3668,0.0,0.0
2022-07-21 13:30:00-04:00,35.209999084472656,35.279998779296875,35.06999969482422,35.119998931884766,1790,0.0,0.0
2022-07-21 14:30:00-04:00,35.209999084472656,35.209999084472656,35.209999084472656,35.209999084472656,203,0.0,0.0
2022-07-21 15:30:00-04:00,35.150001525878906,35.220001220703125,35.150001525878906,35.220001220703125,2715,0.0,0.0
2022-07-22 12:30:00-04:00,34.75,34.880001068115234,34.75,34.880001068115234,772,0.0,0.0
2022-07-22 13:30:00-04:00,34.77000045776367,34.77000045776367,34.470001220703125,34.47999954223633,2088,0.0,0.0
2022-07-22 14:30:00-04:00,34.470001220703125,34.63999938964844,34.41999816894531,34.61000061035156,2524,0.0,0.0
2022-07-22 15:30:00-04:00,34.627899169921875,35.060001373291016,34.627899169921875,35.060001373291016,2630,0.0,0.0
2022-07-25 09:30:00-04:00,34.81999969482422,35.060001373291016,34.779998779296875,35.060001373291016,1700,0.0,0.0
2022-07-25 10:30:00-04:00,34.838199615478516,35.060001373291016,34.779998779296875,34.869998931884766,4227,0.0,0.0
2022-07-25 11:30:00-04:00,34.90999984741211,34.935001373291016,34.880001068115234,34.935001373291016,949,0.0,0.0
2022-07-25 12:30:00-04:00,34.65999984741211,34.65999984741211,34.65999984741211,34.65999984741211,285,0.0,0.0
2022-07-25 13:30:00-04:00,34.7599983215332,34.7599983215332,34.619998931884766,34.619998931884766,1154,0.0,0.0
2022-07-25 14:30:00-04:00,34.52000045776367,34.58000183105469,34.470001220703125,34.58000183105469,2250,0.0,0.0
2022-07-25 15:30:00-04:00,34.54999923706055,35.029998779296875,34.54999923706055,35.02000045776367,5395,0.0,0.0
2022-07-26 09:30:00-04:00,35.11000061035156,35.11000061035156,35.11000061035156,35.11000061035156,412,0.0,0.0
2022-07-26 10:30:00-04:00,35.25,35.279998779296875,35.220001220703125,35.279998779296875,550,0.0,0.0
2022-07-26 12:30:00-04:00,34.99359893798828,35.189998626708984,34.962799072265625,35.16999816894531,1920,0.0,0.0
2022-07-26 13:30:00-04:00,34.99209976196289,35.220001220703125,34.88010025024414,35.220001220703125,2929,0.0,0.0
2022-07-26 15:30:00-04:00,35.20000076293945,35.22999954223633,35.13999938964844,35.13999938964844,1411,0.0,0.0
2022-07-27 09:30:00-04:00,34.599998474121094,35.92499923706055,34.599998474121094,35.92499923706055,1430,0.0,0.0
2022-07-27 10:30:00-04:00,34.900001525878906,35.275001525878906,34.900001525878906,35.0,2232,0.0,0.0
2022-07-27 11:30:00-04:00,34.88999938964844,35.349998474121094,34.88999938964844,35.02000045776367,8641,0.0,0.0
2022-07-27 12:30:00-04:00,35.02000045776367,35.22999954223633,34.81700134277344,34.81700134277344,3959,0.0,0.0
2022-07-27 13:30:00-04:00,34.98500061035156,35.18000030517578,34.93000030517578,35.18000030517578,1244,0.0,0.0
2022-07-27 14:30:00-04:00,35.0,36.0,35.0,36.0,7296,0.0,0.0
2022-07-27 15:30:00-04:00,36.0,36.779998779296875,36.0,36.13999938964844,7285,0.0,0.0
2022-07-28 09:30:00-04:00,36.400001525878906,38.97999954223633,36.400001525878906,38.970001220703125,14924,0.0,0.0
2022-07-28 10:30:00-04:00,38.970001220703125,40.845001220703125,38.970001220703125,40.154998779296875,3858,0.0,0.0
2022-07-28 11:30:00-04:00,40.150001525878906,40.150001525878906,40.150001525878906,40.150001525878906,672,0.0,0.0
2022-07-28 12:30:00-04:00,40.505001068115234,40.505001068115234,39.910099029541016,39.910099029541016,1275,0.0,0.0
2022-07-28 13:30:00-04:00,40.04999923706055,40.04999923706055,39.869998931884766,39.869998931884766,1707,0.0,0.0
2022-07-28 14:30:00-04:00,40.099998474121094,40.2599983215332,40.099998474121094,40.13999938964844,734,0.0,0.0
2022-07-28 15:30:00-04:00,40.150001525878906,40.459999084472656,40.130001068115234,40.45000076293945,4479,0.0,0.0
2022-07-29 09:30:00-04:00,41.56999969482422,41.56999969482422,41.56999969482422,41.56999969482422,581,0.0,0.0
2022-07-29 10:30:00-04:00,41.4900016784668,41.900001525878906,41.29999923706055,41.720001220703125,4168,0.0,0.0
2022-07-29 11:30:00-04:00,41.68000030517578,42.029998779296875,41.68000030517578,41.84000015258789,1779,0.0,0.0
2022-07-29 12:30:00-04:00,41.88999938964844,42.2400016784668,41.7599983215332,41.970001220703125,2053,0.0,0.0
2022-07-29 13:30:00-04:00,42.4900016784668,42.4900016784668,42.470001220703125,42.470001220703125,934,0.0,0.0
2022-07-29 14:30:00-04:00,42.39500045776367,42.720001220703125,42.39500045776367,42.4900016784668,2270,0.0,0.0
2022-07-29 15:30:00-04:00,42.529998779296875,42.529998779296875,41.86000061035156,41.86000061035156,4096,0.0,0.0
2022-08-01 09:30:00-04:00,41.75,43.060001373291016,40.25,40.79999923706055,7032,0.0,0.0
2022-08-01 10:30:00-04:00,40.897499084472656,40.897499084472656,40.630001068115234,40.81999969482422,493,0.0,0.0
2022-08-01 11:30:00-04:00,40.849998474121094,40.849998474121094,40.25,40.842498779296875,3147,0.0,0.0
2022-08-01 12:30:00-04:00,41.099998474121094,41.099998474121094,40.74079895019531,40.900001525878906,1789,0.0,0.0
2022-08-01 13:30:00-04:00,40.630001068115234,40.630001068115234,40.630001068115234,40.630001068115234,885,0.0,0.0
2022-08-01 14:30:00-04:00,40.709999084472656,41.11000061035156,40.709999084472656,40.810001373291016,902,0.0,0.0
2022-08-01 15:30:00-04:00,41.04999923706055,41.04999923706055,40.931400299072266,41.029998779296875,1803,0.0,0.0
2022-08-02 09:30:00-04:00,40.52000045776367,40.77000045776367,40.52000045776367,40.77000045776367,473,0.0,0.0
2022-08-02 10:30:00-04:00,40.16999816894531,40.2599983215332,40.16999816894531,40.2599983215332,497,0.0,0.0
2022-08-02 11:30:00-04:00,40.20000076293945,40.650001525878906,40.040000915527344,40.040000915527344,8924,0.0,0.0
2022-08-02 12:30:00-04:00,40.150001525878906,40.25,40.150001525878906,40.150001525878906,1478,0.0,0.0
2022-08-02 15:30:00-04:00,40.380001068115234,40.38999938964844,39.97999954223633,40.189998626708984,1183,0.0,0.0
2022-08-03 09:30:00-04:00,40.400001525878906,40.623600006103516,40.400001525878906,40.623600006103516,0,0.0,0.0
2022-08-03 10:30:00-04:00,40.04999923706055,40.400001525878906,40.04999923706055,40.29999923706055,3037,0.0,0.0
2022-08-03 11:30:00-04:00,40.44139862060547,40.44139862060547,40.40999984741211,40.40999984741211,989,0.0,0.0
2022-08-03 13:30:00-04:00,40.709999084472656,40.92070007324219,40.709999084472656,40.92070007324219,748,0.0,0.0
2022-08-03 14:30:00-04:00,40.900001525878906,40.900001525878906,40.900001525878906,40.900001525878906,833,0.0,0.0
2022-08-03 15:30:00-04:00,41.13999938964844,41.18000030517578,40.91999816894531,40.93000030517578,2372,0.0,0.0
2022-08-04 11:30:00-04:00,40.5,40.935001373291016,40.5,40.935001373291016,1650,0.0,0.0
2022-08-04 12:30:00-04:00,41.13999938964844,41.13999938964844,41.125,41.125,778,0.0,0.0
2022-08-04 14:30:00-04:00,40.820899963378906,40.820899963378906,40.820899963378906,40.820899963378906,640,0.0,0.0
2022-08-04 15:30:00-04:00,40.849998474121094,41.084999084472656,40.84000015258789,40.88999938964844,3202,0.0,0.0
2022-08-05 09:30:00-04:00,40.310001373291016,41.099998474121094,40.310001373291016,41.099998474121094,1853,0.0,0.0
2022-08-05 11:30:00-04:00,41.07500076293945,41.07500076293945,40.630001068115234,40.630001068115234,733,0.0,0.0
2022-08-05 13:30:00-04:00,40.91230010986328,41.099998474121094,40.779998779296875,40.880001068115234,1940,0.0,0.0
2022-08-05 14:30:00-04:00,40.720001220703125,41.04999923706055,40.720001220703125,41.04999923706055,1112,0.0,0.0
2022-08-05 15:30:00-04:00,41.040000915527344,41.099998474121094,40.84000015258789,40.84000015258789,1323,0.0,0.0
2022-08-08 09:30:00-04:00,41.08000183105469,41.25,40.91999816894531,41.25,1077,0.0,0.0
2022-08-08 10:30:00-04:00,41.10969924926758,41.25,41.10969924926758,41.25,1493,0.0,0.0
2022-08-08 11:30:00-04:00,41.21500015258789,41.21500015258789,40.650001525878906,40.849998474121094,3361,0.0,0.0
2022-08-08 12:30:00-04:00,40.880001068115234,40.880001068115234,40.86000061035156,40.86000061035156,582,0.0,0.0
2022-08-08 13:30:00-04:00,40.66999816894531,40.900001525878906,40.650001525878906,40.900001525878906,1930,0.0,0.0
2022-08-08 14:30:00-04:00,40.52000045776367,40.880001068115234,40.41999816894531,40.880001068115234,2506,0.0,0.0
2022-08-08 15:30:00-04:00,41.040000915527344,41.040000915527344,40.47999954223633,40.86000061035156,5459,0.0,0.0
2022-08-09 09:30:00-04:00,41.03499984741211,41.03499984741211,40.61000061035156,40.61000061035156,890,0.0,0.0
2022-08-09 10:30:00-04:00,40.382598876953125,40.382598876953125,40.2400016784668,40.29999923706055,2022,0.0,0.0
2022-08-09 11:30:00-04:00,39.65999984741211,39.65999984741211,39.65999984741211,39.65999984741211,176,0.0,0.0
2022-08-09 12:30:00-04:00,39.79710006713867,39.79710006713867,39.074798583984375,39.23540115356445,3036,0.0,0.0
2022-08-09 13:30:00-04:00,39.08000183105469,39.08000183105469,38.689998626708984,38.689998626708984,3043,0.0,0.0
2022-08-09 14:30:00-04:00,38.81909942626953,38.85499954223633,38.65999984741211,38.68000030517578,2461,0.0,0.0
2022-08-09 15:30:00-04:00,38.86000061035156,39.29999923706055,38.86000061035156,39.279998779296875,4769,0.0,0.0
2022-08-10 09:30:00-04:00,39.720001220703125,39.720001220703125,39.720001220703125,39.720001220703125,276,0.0,0.0
2022-08-10 10:30:00-04:00,39.43000030517578,40.29999923706055,39.43000030517578,40.29999923706055,378,0.0,0.0
2022-08-10 11:30:00-04:00,40.5099983215332,40.5099983215332,40.310001373291016,40.310001373291016,434,0.0,0.0
2022-08-10 12:30:00-04:00,40.45000076293945,40.45000076293945,40.45000076293945,40.45000076293945,291,0.0,0.0
2022-08-10 13:30:00-04:00,40.35499954223633,40.529998779296875,40.35499954223633,40.529998779296875,700,0.0,0.0
2022-08-10 14:30:00-04:00,40.630001068115234,40.630001068115234,40.630001068115234,40.630001068115234,447,0.0,0.0
2022-08-10 15:30:00-04:00,40.595001220703125,40.7400016784668,40.54999923706055,40.70000076293945,3896,0.0,0.0
2022-08-11 09:30:00-04:00,40.75,40.75,40.380001068115234,40.380001068115234,1074,0.0,0.0
2022-08-11 10:30:00-04:00,40.88999938964844,40.88999938964844,40.88999938964844,40.88999938964844,563,0.0,0.0
2022-08-11 11:30:00-04:00,40.900001525878906,40.970001220703125,40.700801849365234,40.700801849365234,1802,0.0,0.0
2022-08-11 12:30:00-04:00,40.731998443603516,40.904998779296875,40.731998443603516,40.7599983215332,2086,0.0,0.0
2022-08-11 13:30:00-04:00,40.6797981262207,40.6797981262207,40.6797981262207,40.6797981262207,443,0.0,0.0
2022-08-11 14:30:00-04:00,40.56999969482422,40.56999969482422,40.27000045776367,40.275001525878906,1748,0.0,0.0
2022-08-11 15:30:00-04:00,40.2599983215332,40.31999969482422,40.2599983215332,40.29999923706055,1864,0.0,0.0
2022-08-12 09:30:00-04:00,39.08110046386719,39.08110046386719,39.08110046386719,39.08110046386719,446,0.0,0.0
2022-08-12 10:30:00-04:00,40.755001068115234,41.338199615478516,40.650001525878906,41.338199615478516,3194,0.0,0.0
2022-08-12 11:30:00-04:00,41.27000045776367,41.339900970458984,41.220001220703125,41.339900970458984,2008,0.0,0.0
2022-08-12 12:30:00-04:00,41.43000030517578,41.43000030517578,41.40999984741211,41.40999984741211,1298,0.0,0.0
2022-08-12 13:30:00-04:00,41.66999816894531,42.18000030517578,41.61000061035156,42.08000183105469,3695,0.0,0.0
2022-08-12 14:30:00-04:00,41.849998474121094,42.279998779296875,41.849998474121094,42.279998779296875,1053,0.0,0.0
2022-08-12 15:30:00-04:00,42.29999923706055,42.5099983215332,42.220001220703125,42.5,7628,0.0,0.0
2022-08-15 09:30:00-04:00,41.650001525878906,41.650001525878906,41.650001525878906,41.650001525878906,1991,0.0,0.0
2022-08-15 10:30:00-04:00,41.36000061035156,42.5,41.36000061035156,42.43000030517578,1108,0.0,0.0
2022-08-15 11:30:00-04:00,42.47999954223633,43.029998779296875,42.47999954223633,43.029998779296875,2492,0.0,0.0
2022-08-15 12:30:00-04:00,43.63990020751953,43.63990020751953,42.91999816894531,43.165000915527344,758,0.0,0.0
2022-08-15 13:30:00-04:00,43.31999969482422,43.45000076293945,43.31999969482422,43.45000076293945,727,0.0,0.0
2022-08-15 14:30:00-04:00,43.439998626708984,43.689998626708984,43.439998626708984,43.4900016784668,3073,0.0,0.0
2022-08-15 15:30:00-04:00,43.939998626708984,43.939998626708984,43.400001525878906,43.849998474121094,2209,0.0,0.0
2022-08-16 09:30:00-04:00,43.04999923706055,43.04999923706055,42.78499984741211,42.78499984741211,963,0.0,0.0
2022-08-16 10:30:00-04:00,43.790000915527344,44.380001068115234,43.790000915527344,44.380001068115234,1629,0.0,0.0
2022-08-16 11:30:00-04:00,44.709999084472656,44.709999084472656,44.459999084472656,44.459999084472656,1484,0.0,0.0
2022-08-16 12:30:00-04:00,44.650001525878906,44.650001525878906,44.418701171875,44.418701171875,1740,0.0,0.0
2022-08-16 13:30:00-04:00,44.61119842529297,44.61119842529297,44.61119842529297,44.61119842529297,983,0.0,0.0
2022-08-16 14:30:00-04:00,44.65999984741211,44.779998779296875,44.63999938964844,44.7599983215332,1813,0.0,0.0
2022-08-16 15:30:00-04:00,44.68000030517578,44.7599983215332,44.54999923706055,44.650001525878906,3742,0.0,0.0
2022-08-17 09:30:00-04:00,44.4900016784668,44.4900016784668,43.58000183105469,44.070701599121094,2228,0.0,0.0
2022-08-17 10:30:00-04:00,44.45000076293945,44.45000076293945,43.630001068115234,43.630001068115234,545,0.0,0.0
2022-08-17 11:30:00-04:00,43.939998626708984,43.939998626708984,43.75,43.75,1857,0.0,0.0
2022-08-17 12:30:00-04:00,44.400001525878906,44.400001525878906,44.150001525878906,44.150001525878906,421,0.0,0.0
2022-08-17 13:30:00-04:00,44.459999084472656,44.459999084472656,44.459999084472656,44.459999084472656,1103,0.0,0.0
2022-08-17 14:30:00-04:00,44.650001525878906,44.650001525878906,44.279998779296875,44.400001525878906,3036,0.0,0.0
2022-08-17 15:30:00-04:00,44.290000915527344,44.470001220703125,43.91999816894531,44.34000015258789,2318,0.0,0.0
2022-08-18 09:30:00-04:00,44.189998626708984,45.130001068115234,44.189998626708984,45.0099983215332,0,0.0,0.0
2022-08-18 10:30:00-04:00,44.86000061035156,45.72999954223633,44.79499816894531,45.72999954223633,4150,0.0,0.0
2022-08-18 11:30:00-04:00,45.58000183105469,45.58000183105469,45.58000183105469,45.58000183105469,399,0.0,0.0
2022-08-18 12:30:00-04:00,45.6599006652832,45.6599006652832,45.55500030517578,45.55500030517578,577,0.0,0.0
2022-08-18 13:30:00-04:00,45.76499938964844,46.22999954223633,45.76499938964844,46.220001220703125,3383,0.0,0.0
2022-08-18 14:30:00-04:00,46.20000076293945,47.189998626708984,46.130001068115234,47.189998626708984,6068,0.0,0.0
2022-08-18 15:30:00-04:00,47.19499969482422,47.290000915527344,46.85499954223633,47.20000076293945,2935,0.0,0.0
2022-08-19 09:30:00-04:00,46.54999923706055,46.93000030517578,44.8120002746582,45.959999084472656,9359,0.0,0.0
2022-08-19 10:30:00-04:00,45.16999816894531,45.94499969482422,45.16999816894531,45.20000076293945,2121,0.0,0.0
2022-08-19 11:30:00-04:00,45.34000015258789,45.34000015258789,44.619998931884766,44.97700119018555,3478,0.0,0.0
2022-08-19 12:30:00-04:00,44.90999984741211,45.3849983215332,44.90999984741211,45.3849983215332,1007,0.0,0.0
2022-08-19 13:30:00-04:00,45.380001068115234,45.540000915527344,45.13999938964844,45.459999084472656,3272,0.0,0.0
2022-08-19 14:30:00-04:00,45.7599983215332,46.029998779296875,45.44499969482422,45.68000030517578,4912,0.0,0.0
2022-08-19 15:30:00-04:00,46.13999938964844,46.22999954223633,45.09000015258789,45.2599983215332,6501,0.0,0.0
2022-08-22 09:30:00-04:00,44.75,45.0,44.0,44.959999084472656,5473,0.0,0.0
2022-08-22 10:30:00-04:00,43.689998626708984,44.93000030517578,43.689998626708984,44.93000030517578,863,0.0,0.0
2022-08-22 11:30:00-04:00,44.18000030517578,44.689998626708984,44.18000030517578,44.689998626708984,224,0.0,0.0
2022-08-22 12:30:00-04:00,44.880001068115234,44.880001068115234,44.099998474121094,44.119998931884766,2284,0.0,0.0
2022-08-22 13:30:00-04:00,44.14500045776367,44.14500045776367,43.439998626708984,43.439998626708984,423,0.0,0.0
2022-08-22 14:30:00-04:00,43.65999984741211,43.709999084472656,43.43000030517578,43.709999084472656,1108,0.0,0.0
2022-08-22 15:30:00-04:00,43.70500183105469,43.775001525878906,43.70500183105469,43.775001525878906,1396,0.0,0.0
2022-08-23 09:30:00-04:00,44.20000076293945,44.20000076293945,43.39500045776367,43.630001068115234,613,0.0,0.0
2022-08-23 10:30:00-04:00,44.46500015258789,44.46500015258789,43.560001373291016,43.560001373291016,405,0.0,0.0
2022-08-23 11:30:00-04:00,43.79999923706055,43.959999084472656,43.619998931884766,43.959999084472656,1016,0.0,0.0
2022-08-23 12:30:00-04:00,43.44850158691406,43.44850158691406,43.44850158691406,43.44850158691406,349,0.0,0.0
2022-08-23 13:30:00-04:00,43.5,43.5,43.39500045776367,43.39500045776367,599,0.0,0.0
2022-08-23 14:30:00-04:00,43.3849983215332,43.52000045776367,42.9900016784668,43.52000045776367,815,0.0,0.0
2022-08-23 15:30:00-04:00,43.04999923706055,43.29999923706055,43.04999923706055,43.29999923706055,955,0.0,0.0
2022-08-24 09:30:00-04:00,43.5099983215332,43.66999816894531,43.5099983215332,43.66999816894531,1134,0.0,0.0
2022-08-24 10:30:00-04:00,43.5,43.630001068115234,43.5,43.630001068115234,1078,0.0,0.0
2022-08-24 11:30:00-04:00,43.88999938964844,43.974998474121094,43.88999938964844,43.93000030517578,652,0.0,0.0
2022-08-24 12:30:00-04:00,43.959999084472656,43.959999084472656,43.599998474121094,43.599998474121094,893,0.0,0.0
2022-08-24 13:30:00-04:00,43.380001068115234,43.41999816894531,43.380001068115234,43.41999816894531,811,0.0,0.0
2022-08-24 14:30:00-04:00,43.5,43.560001373291016,43.400001525878906,43.41999816894531,1830,0.0,0.0
2022-08-24 15:30:00-04:00,43.56999969482422,43.56999969482422,43.15999984741211,43.529998779296875,1405,0.0,0.0
2022-08-25 09:30:00-04:00,44.41999816894531,45.7400016784668,44.20000076293945,45.650001525878906,6462,0.0,0.0
2022-08-25 10:30:00-04:00,45.78499984741211,45.78499984741211,44.7400016784668,45.27000045776367,2769,0.0,0.0
2022-08-25 12:30:00-04:00,45.58000183105469,45.58000183105469,45.27000045776367,45.279998779296875,647,0.0,0.0
2022-08-25 13:30:00-04:00,45.380001068115234,45.6349983215332,45.06999969482422,45.06999969482422,1216,0.0,0.0
2022-08-25 14:30:00-04:00,45.183998107910156,45.27000045776367,44.739601135253906,44.959999084472656,905,0.0,0.0
2022-08-25 15:30:00-04:00,45.13999938964844,45.439998626708984,45.13999938964844,45.185001373291016,2052,0.0,0.0
2022-08-26 09:30:00-04:00,45.04999923706055,46.255001068115234,44.91999816894531,46.255001068115234,599,0.0,0.0
2022-08-26 10:30:00-04:00,44.95000076293945,45.38999938964844,44.68000030517578,44.83000183105469,1626,0.0,0.0
2022-08-26 11:30:00-04:00,43.939998626708984,43.939998626708984,43.939998626708984,43.939998626708984,555,0.0,0.0
2022-08-26 14:30:00-04:00,44.060001373291016,44.06999969482422,43.7400016784668,43.7400016784668,2261,0.0,0.0
2022-08-26 15:30:00-04:00,43.31999969482422,43.61000061035156,43.29999923706055,43.61000061035156,1867,0.0,0.0
2022-08-29 09:30:00-04:00,43.349998474121094,43.47999954223633,42.130001068115234,43.47999954223633,6298,0.0,0.0
2022-08-29 10:30:00-04:00,42.19369888305664,43.36000061035156,42.19369888305664,42.9900016784668,2080,0.0,0.0
2022-08-29 12:30:00-04:00,43.58000183105469,43.599998474121094,43.0,43.20000076293945,2703,0.0,0.0
2022-08-29 13:30:00-04:00,42.994998931884766,42.994998931884766,42.95500183105469,42.95500183105469,387,0.0,0.0
2022-08-29 14:30:00-04:00,43.58000183105469,43.68000030517578,43.459999084472656,43.599998474121094,1859,0.0,0.0
2022-08-29 15:30:00-04:00,43.310001373291016,43.540000915527344,43.310001373291016,43.540000915527344,670,0.0,0.0
2022-08-30 10:30:00-04:00,42.299400329589844,42.299400329589844,42.2599983215332,42.2599983215332,0,0.0,0.0
2022-08-30 11:30:00-04:00,42.91999816894531,42.91999816894531,42.380001068115234,42.380001068115234,1035,0.0,0.0
2022-08-30 12:30:00-04:00,41.98500061035156,42.41999816894531,41.98500061035156,42.099998474121094,1153,0.0,0.0
2022-08-30 13:30:00-04:00,41.77000045776367,41.77000045776367,41.66999816894531,41.68000030517578,523,0.0,0.0
2022-08-30 14:30:00-04:00,41.720401763916016,41.720401763916016,41.720401763916016,41.720401763916016,337,0.0,0.0
2022-08-30 15:30:00-04:00,42.0,42.0,42.0,42.0,156,0.0,0.0
2022-08-31 09:30:00-04:00,42.220001220703125,42.29999923706055,41.9900016784668,41.9900016784668,1653,0.0,0.0
2022-08-31 12:30:00-04:00,42.0,42.0,42.0,42.0,186,0.0,0.0
2022-08-31 13:30:00-04:00,41.67380142211914,42.09000015258789,41.67380142211914,42.09000015258789,326,0.0,0.0
2022-08-31 14:30:00-04:00,41.97999954223633,42.11000061035156,41.97999954223633,42.11000061035156,703,0.0,0.0
2022-08-31 15:30:00-04:00,41.95000076293945,42.150001525878906,41.790000915527344,42.150001525878906,1951,0.0,0.0
2022-09-01 10:30:00-04:00,41.459999084472656,41.470001220703125,41.02000045776367,41.02000045776367,1887,0.0,0.0
2022-09-01 11:30:00-04:00,41.0099983215332,41.290000915527344,41.0099983215332,41.290000915527344,921,0.0,0.0
2022-09-01 12:30:00-04:00,40.779998779296875,40.900001525878906,40.242801666259766,40.880001068115234,1898,0.0,0.0
2022-09-01 13:30:00-04:00,41.02000045776367,41.130001068115234,40.849998474121094,41.04999923706055,2252,0.0,0.0
2022-09-01 14:30:00-04:00,41.13999938964844,41.13999938964844,41.06999969482422,41.06999969482422,1505,0.0,0.0
2022-09-01 15:30:00-04:00,40.939998626708984,41.099998474121094,40.939998626708984,41.040000915527344,1410,0.0,0.0
2022-09-02 09:30:00-04:00,41.380001068115234,41.380001068115234,41.380001068115234,41.380001068115234,546,0.0,0.0
2022-09-02 15:30:00-04:00,40.65999984741211,41.540000915527344,40.04999923706055,40.310001373291016,4734,0.0,0.0
2022-09-06 09:30:00-04:00,40.79999923706055,40.79999923706055,40.0,40.0,5538,0.0,0.0
2022-09-06 11:30:00-04:00,39.79999923706055,39.79999923706055,39.79999923706055,39.79999923706055,422,0.0,0.0
2022-09-06 12:30:00-04:00,40.0,40.0,40.0,40.0,1416,0.0,0.0
2022-09-06 14:30:00-04:00,39.88999938964844,39.88999938964844,39.88999938964844,39.88999938964844,200,0.0,0.0
2022-09-06 15:30:00-04:00,39.58000183105469,39.779998779296875,39.41999816894531,39.41999816894531,2344,0.0,0.0
2022-09-07 09:30:00-04:00,39.25,39.53499984741211,38.900001525878906,39.53499984741211,4441,0.0,0.0
2022-09-07 10:30:00-04:00,39.33000183105469,39.33000183105469,38.97999954223633,39.10499954223633,1406,0.0,0.0
2022-09-07 11:30:00-04:00,39.310001373291016,39.310001373291016,39.040000915527344,39.060001373291016,1068,0.0,0.0
2022-09-07 12:30:00-04:00,38.720001220703125,38.720001220703125,38.720001220703125,38.720001220703125,100,0.0,0.0
2022-09-07 15:30:00-04:00,39.16999816894531,39.595001220703125,39.130001068115234,39.459999084472656,4874,0.0,0.0
2022-09-08 09:30:00-04:00,39.040000915527344,39.43000030517578,38.66999816894531,39.43000030517578,1717,0.0,0.0
2022-09-08 10:30:00-04:00,39.5099983215332,39.560001373291016,39.5099983215332,39.560001373291016,734,0.0,0.0
2022-09-08 11:30:00-04:00,39.58000183105469,39.58000183105469,39.58000183105469,39.58000183105469,659,0.0,0.0
2022-09-08 13:30:00-04:00,39.43000030517578,39.43000030517578,39.43000030517578,39.43000030517578,300,0.0,0.0
2022-09-08 14:30:00-04:00,39.25,39.41999816894531,39.25,39.41999816894531,493,0.0,0.0
2022-09-08 15:30:00-04:00,39.400001525878906,39.7400016784668,39.310001373291016,39.58000183105469,3939,0.0,0.0
2022-09-09 12:30:00-04:00,40.25,40.25,40.16999816894531,40.16999816894531,1167,0.0,0.0
2022-09-09 13:30:00-04:00,40.220001220703125,40.41999816894531,40.220001220703125,40.36800003051758,1152,0.0,0.0
2022-09-09 14:30:00-04:00,40.59000015258789,41.29999923706055,40.59000015258789,41.29999923706055,2353,0.0,0.0
2022-09-09 15:30:00-04:00,41.36000061035156,41.36000061035156,40.84000015258789,40.84000015258789,1960,0.0,0.0
2022-09-12 09:30:00-04:00,41.08000183105469,41.08000183105469,41.08000183105469,41.08000183105469,697,0.0,0.0
2022-09-12 10:30:00-04:00,41.099998474121094,42.165000915527344,41.095001220703125,42.165000915527344,1692,0.0,0.0
2022-09-12 11:30:00-04:00,41.51789855957031,41.630001068115234,40.973899841308594,41.630001068115234,2549,0.0,0.0
2022-09-12 12:30:00-04:00,40.93000030517578,41.08000183105469,40.16999816894531,40.20000076293945,6219,0.0,0.0
2022-09-12 13:30:00-04:00,40.560001373291016,40.560001373291016,40.349998474121094,40.349998474121094,845,0.0,0.0
2022-09-12 14:30:00-04:00,40.2599983215332,40.63999938964844,40.2599983215332,40.470001220703125,1888,0.0,0.0
2022-09-12 15:30:00-04:00,40.185001373291016,40.9900016784668,40.185001373291016,40.9900016784668,1571,0.0,0.0
2022-09-13 09:30:00-04:00,39.81999969482422,40.380001068115234,39.81999969482422,39.869998931884766,0,0.0,0.0
2022-09-13 10:30:00-04:00,39.5,39.5,39.5,39.5,688,0.0,0.0
2022-09-13 11:30:00-04:00,39.5,39.86000061035156,39.33000183105469,39.79999923706055,2443,0.0,0.0
2022-09-13 12:30:00-04:00,39.91999816894531,39.939998626708984,39.52000045776367,39.540000915527344,1464,0.0,0.0
2022-09-13 13:30:00-04:00,39.630001068115234,39.630001068115234,39.459999084472656,39.529998779296875,1297,0.0,0.0
2022-09-13 14:30:00-04:00,39.43000030517578,39.64500045776367,39.13999938964844,39.29999923706055,3693,0.0,0.0
2022-09-13 15:30:00-04:00,39.119998931884766,39.4900016784668,38.459999084472656,39.439998626708984,2900,0.0,0.0
2022-09-14 09:30:00-04:00,38.20000076293945,38.20000076293945,38.20000076293945,38.20000076293945,1194,0.0,0.0
2022-09-14 12:30:00-04:00,38.33000183105469,38.400001525878906,38.130001068115234,38.18000030517578,963,0.0,0.0
2022-09-14 13:30:00-04:00,38.09000015258789,38.16999816894531,37.95000076293945,37.95000076293945,1731,0.0,0.0
2022-09-14 14:30:00-04:00,37.720001220703125,38.02000045776367,37.43000030517578,37.439998626708984,2778,0.0,0.0
2022-09-14 15:30:00-04:00,37.59000015258789,37.59000015258789,37.380001068115234,37.380001068115234,853,0.0,0.0
2022-09-15 09:30:00-04:00,37.4900016784668,38.14500045776367,37.4900016784668,38.14500045776367,2080,0.0,0.0
2022-09-15 10:30:00-04:00,37.849998474121094,38.11000061035156,37.849998474121094,38.11000061035156,1035,0.0,0.0
2022-09-15 11:30:00-04:00,38.0,38.0,38.0,38.0,1294,0.0,0.0
2022-09-15 12:30:00-04:00,38.20000076293945,38.400001525878906,38.119998931884766,38.400001525878906,2830,0.0,0.0
2022-09-15 13:30:00-04:00,38.59000015258789,38.59000015258789,38.2599983215332,38.2599983215332,886,0.0,0.0
2022-09-15 14:30:00-04:00,38.34000015258789,38.34000015258789,38.334999084472656,38.34000015258789,531,0.0,0.0
2022-09-15 15:30:00-04:00,38.310001373291016,38.34000015258789,38.310001373291016,38.34000015258789,799,0.0,0.0
2022-09-16 09:30:00-04:00,37.65999984741211,39.029998779296875,37.65999984741211,39.029998779296875,0,0.0,0.0
2022-09-16 10:30:00-04:00,38.290000915527344,38.559898376464844,37.810001373291016,37.810001373291016,4127,0.0,0.0
2022-09-16 11:30:00-04:00,37.81999969482422,38.0,37.77000045776367,37.95000076293945,3768,0.0,0.0
2022-09-16 12:30:00-04:00,37.72999954223633,37.72999954223633,37.72999954223633,37.72999954223633,1045,0.0,0.0
2022-09-16 13:30:00-04:00,37.709999084472656,37.84000015258789,37.58000183105469,37.84000015258789,1512,0.0,0.0
2022-09-16 14:30:00-04:00,38.310001373291016,38.34000015258789,38.310001373291016,38.34000015258789,1169,0.0,0.0
2022-09-16 15:30:00-04:00,38.90999984741211,39.290000915527344,38.790000915527344,38.91999816894531,4900,0.0,0.0
2022-09-19 09:30:00-04:00,39.5,39.900001525878906,39.400001525878906,39.400001525878906,853,0.0,0.0
2022-09-19 10:30:00-04:00,39.897098541259766,39.897098541259766,39.459999084472656,39.459999084472656,1930,0.0,0.0
2022-09-19 12:30:00-04:00,39.74509811401367,39.74509811401367,39.74509811401367,39.74509811401367,497,0.0,0.0
2022-09-19 13:30:00-04:00,39.709999084472656,39.709999084472656,39.45000076293945,39.65999984741211,682,0.0,0.0
2022-09-19 14:30:00-04:00,39.470001220703125,39.470001220703125,39.41999816894531,39.45000076293945,1288,0.0,0.0
2022-09-19 15:30:00-04:00,39.75,39.7599983215332,39.54499816894531,39.59000015258789,1373,0.0,0.0
2022-09-20 10:30:00-04:00,39.52000045776367,39.52000045776367,38.52909851074219,38.52909851074219,1910,0.0,0.0
2022-09-20 11:30:00-04:00,38.88999938964844,38.88999938964844,38.88999938964844,38.88999938964844,291,0.0,0.0
2022-09-20 12:30:00-04:00,38.97999954223633,39.07500076293945,38.84000015258789,38.84000015258789,990,0.0,0.0
2022-09-20 13:30:00-04:00,38.72999954223633,38.72999954223633,38.400001525878906,38.400001525878906,1271,0.0,0.0
2022-09-20 14:30:00-04:00,38.45000076293945,38.45000076293945,38.43000030517578,38.43000030517578,1402,0.0,0.0
2022-09-20 15:30:00-04:00,38.09000015258789,38.400001525878906,38.09000015258789,38.310001373291016,2647,0.0,0.0
2022-09-21 09:30:00-04:00,38.9900016784668,38.9900016784668,38.70000076293945,38.70000076293945,0,0.0,0.0
2022-09-21 10:30:00-04:00,39.185001373291016,39.44499969482422,38.880001068115234,39.150001525878906,2322,0.0,0.0
2022-09-21 11:30:00-04:00,39.4900016784668,39.4900016784668,39.4900016784668,39.4900016784668,259,0.0,0.0
2022-09-21 12:30:00-04:00,39.65999984741211,39.904998779296875,39.65999984741211,39.904998779296875,438,0.0,0.0
2022-09-21 13:30:00-04:00,39.92499923706055,39.92499923706055,39.42499923706055,39.42499923706055,567,0.0,0.0
2022-09-21 14:30:00-04:00,38.79999923706055,39.1349983215332,38.779998779296875,38.779998779296875,3290,0.0,0.0
2022-09-21 15:30:00-04:00,38.779998779296875,38.779998779296875,38.415000915527344,38.415000915527344,1290,0.0,0.0
2022-09-22 09:30:00-04:00,38.09000015258789,38.09000015258789,37.130001068115234,37.17499923706055,2862,0.0,0.0
2022-09-22 10:30:00-04:00,36.834999084472656,37.04999923706055,36.775001525878906,36.775001525878906,1051,0.0,0.0
2022-09-22 11:30:00-04:00,36.775001525878906,36.775001525878906,36.625,36.75,5983,0.0,0.0
2022-09-22 12:30:00-04:00,36.720001220703125,36.95000076293945,36.720001220703125,36.75,564,0.0,0.0
2022-09-22 13:30:00-04:00,37.16999816894531,37.16999816894531,36.5,36.5,3443,0.0,0.0
2022-09-22 14:30:00-04:00,36.349998474121094,36.5,36.13999938964844,36.279998779296875,2761,0.0,0.0
2022-09-22 15:30:00-04:00,36.6349983215332,36.6349983215332,36.13999938964844,36.13999938964844,2358,0.0,0.0
2022-09-23 09:30:00-04:00,35.79999923706055,35.79999923706055,34.064998626708984,34.70000076293945,2000,0.0,0.0
2022-09-23 10:30:00-04:00,34.29999923706055,34.472198486328125,34.220001220703125,34.2599983215332,1237,0.0,0.0
2022-09-23 11:30:00-04:00,34.2599983215332,34.26499938964844,34.0,34.0,2148,0.0,0.0
2022-09-23 12:30:00-04:00,33.349998474121094,34.0,33.349998474121094,33.61000061035156,1060,0.0,0.0
2022-09-23 13:30:00-04:00,33.790000915527344,34.17499923706055,33.790000915527344,34.130001068115234,2426,0.0,0.0
2022-09-23 14:30:00-04:00,33.97999954223633,34.15060043334961,33.70500183105469,33.75,2494,0.0,0.0
2022-09-23 15:30:00-04:00,34.0,34.35499954223633,33.81999969482422,34.35499954223633,5381,0.0,0.0
2022-09-26 09:30:00-04:00,34.380001068115234,34.380001068115234,33.810001373291016,33.810001373291016,573,0.0,0.0
2022-09-26 10:30:00-04:00,34.40999984741211,34.7400016784668,34.31999969482422,34.5099983215332,2626,0.0,0.0
2022-09-26 11:30:00-04:00,34.01499938964844,34.060001373291016,33.79499816894531,33.79499816894531,1767,0.0,0.0
2022-09-26 12:30:00-04:00,33.80500030517578,34.08000183105469,33.80500030517578,34.04499816894531,1380,0.0,0.0
2022-09-26 13:30:00-04:00,34.025001525878906,34.599998474121094,34.0,34.2599983215332,2808,0.0,0.0
2022-09-26 14:30:00-04:00,34.44200134277344,34.58000183105469,34.32500076293945,34.58000183105469,1335,0.0,0.0
2022-09-26 15:30:00-04:00,34.38999938964844,35.22999954223633,34.33000183105469,35.22999954223633,6836,0.0,0.0
2022-09-27 09:30:00-04:00,35.11000061035156,35.11000061035156,35.11000061035156,35.11000061035156,231,0.0,0.0
2022-09-27 10:30:00-04:00,34.724998474121094,34.724998474121094,34.47999954223633,34.47999954223633,834,0.0,0.0
2022-09-27 11:30:00-04:00,34.470001220703125,34.470001220703125,33.66999816894531,33.98500061035156,1761,0.0,0.0
2022-09-27 12:30:00-04:00,33.689998626708984,34.008201599121094,33.529998779296875,33.529998779296875,1715,0.0,0.0
2022-09-27 13:30:00-04:00,33.5099983215332,34.18000030517578,33.220001220703125,33.77000045776367,4187,0.0,0.0
2022-09-27 14:30:00-04:00,33.67499923706055,34.09000015258789,33.67499923706055,33.9900016784668,6708,0.0,0.0
2022-09-27 15:30:00-04:00,34.18000030517578,34.560001373291016,33.96220016479492,34.41999816894531,5767,0.0,0.0
2022-09-28 09:30:00-04:00,34.630001068115234,34.630001068115234,33.46500015258789,33.67499923706055,879,0.0,0.0
2022-09-28 10:30:00-04:00,34.849998474121094,34.849998474121094,34.029998779296875,34.275001525878906,1414,0.0,0.0
2022-09-28 11:30:00-04:00,34.849998474121094,35.1150016784668,34.630001068115234,35.1150016784668,1525,0.0,0.0
2022-09-28 12:30:00-04:00,35.1150016784668,35.5,35.1150016784668,35.21500015258789,1453,0.0,0.0
2022-09-28 13:30:00-04:00,35.150001525878906,35.4900016784668,35.13999938964844,35.20000076293945,3117,0.0,0.0
2022-09-28 14:30:00-04:00,35.47999954223633,35.65999984741211,35.20000076293945,35.65999984741211,1561,0.0,0.0
2022-09-28 15:30:00-04:00,36.19499969482422,36.31999969482422,35.2400016784668,35.2400016784668,6029,0.0,0.0
2022-09-29 09:30:00-04:00,34.91999816894531,34.91999816894531,33.95500183105469,33.95500183105469,1225,0.0,0.0
2022-09-29 10:30:00-04:00,33.959999084472656,34.69499969482422,33.959999084472656,34.34000015258789,1186,0.0,0.0
2022-09-29 11:30:00-04:00,34.59000015258789,35.290000915527344,34.59000015258789,35.03499984741211,2503,0.0,0.0
2022-09-29 12:30:00-04:00,35.040000915527344,35.040000915527344,34.83000183105469,35.0099983215332,4466,0.0,0.0
2022-09-29 13:30:00-04:00,35.08000183105469,35.40999984741211,34.869998931884766,34.869998931884766,2601,0.0,0.0
2022-09-29 14:30:00-04:00,35.0099983215332,35.220001220703125,35.0004997253418,35.08000183105469,2323,0.0,0.0
2022-09-29 15:30:00-04:00,35.06999969482422,36.22999954223633,34.994998931884766,35.380001068115234,20830,0.0,0.0
2022-09-30 09:30:00-04:00,35.13999938964844,35.13999938964844,34.775001525878906,34.775001525878906,788,0.0,0.0
2022-09-30 10:30:00-04:00,35.349998474121094,35.9900016784668,35.255001068115234,35.9900016784668,1493,0.0,0.0
2022-09-30 11:30:00-04:00,35.439998626708984,35.5,35.439998626708984,35.5,1465,0.0,0.0
2022-09-30 12:30:00-04:00,35.68000030517578,35.720001220703125,35.25,35.25,2283,0.0,0.0
2022-09-30 14:30:00-04:00,35.43000030517578,35.709999084472656,35.06999969482422,35.27000045776367,6616,0.0,0.0
2022-09-30 15:30:00-04:00,35.3224983215332,35.47999954223633,35.119998931884766,35.34000015258789,7411,0.0,0.0
2022-10-03 09:30:00-04:00,35.44499969482422,35.44499969482422,35.44499969482422,35.44499969482422,0,0.0,0.0
2022-10-03 10:30:00-04:00,35.9900016784668,36.0,35.70000076293945,35.720001220703125,3038,0.0,0.0
2022-10-03 13:30:00-04:00,36.9807014465332,36.9807014465332,36.9807014465332,36.9807014465332,1545,0.0,0.0
2022-10-03 14:30:00-04:00,37.0,37.0,36.529998779296875,36.529998779296875,1860,0.0,0.0
2022-10-03 15:30:00-04:00,36.5,36.630001068115234,36.290000915527344,36.40999984741211,5861,0.0,0.0
2022-10-04 09:30:00-04:00,36.9900016784668,38.407901763916016,36.9900016784668,38.407901763916016,877,0.0,0.0
2022-10-04 10:30:00-04:00,37.380001068115234,37.38999938964844,37.243499755859375,37.349998474121094,2643,0.0,0.0
2022-10-04 12:30:00-04:00,37.939998626708984,37.95000076293945,37.79999923706055,37.79999923706055,1259,0.0,0.0
2022-10-04 15:30:00-04:00,37.9900016784668,38.22999954223633,37.814998626708984,38.08000183105469,2199,0.0,0.0
2022-10-05 09:30:00-04:00,37.369998931884766,37.369998931884766,37.369998931884766,37.369998931884766,1075,0.0,0.0
2022-10-05 11:30:00-04:00,37.59000015258789,37.59000015258789,37.59000015258789,37.59000015258789,541,0.0,0.0
2022-10-05 12:30:00-04:00,37.90999984741211,37.9900016784668,37.90999984741211,37.97999954223633,1376,0.0,0.0
2022-10-05 13:30:00-04:00,37.68000030517578,37.689998626708984,37.68000030517578,37.689998626708984,762,0.0,0.0
2022-10-05 14:30:00-04:00,37.790000915527344,38.630001068115234,37.790000915527344,38.630001068115234,1014,0.0,0.0
2022-10-05 15:30:00-04:00,38.61000061035156,38.61000061035156,38.22999954223633,38.25,2147,0.0,0.0
2022-10-06 15:30:00-04:00,37.91999816894531,38.060001373291016,37.91999816894531,38.060001373291016,2577,0.0,0.0
2022-10-07 09:30:00-04:00,36.939998626708984,37.97589874267578,35.38999938964844,37.97589874267578,1219,0.0,0.0
2022-10-07 12:30:00-04:00,36.83000183105469,36.83000183105469,36.83000183105469,36.83000183105469,730,0.0,0.0
2022-10-07 13:30:00-04:00,37.439998626708984,37.439998626708984,37.439998626708984,37.439998626708984,555,0.0,0.0
2022-10-07 14:30:00-04:00,37.06999969482422,37.06999969482422,36.5,36.5,1769,0.0,0.0
2022-10-07 15:30:00-04:00,36.404998779296875,36.61000061035156,36.20000076293945,36.61000061035156,1854,0.0,0.0
2022-10-10 09:30:00-04:00,36.5099983215332,36.5099983215332,35.72999954223633,35.72999954223633,1820,0.0,0.0
2022-10-10 10:30:00-04:00,36.220001220703125,36.65999984741211,35.900001525878906,36.65999984741211,4985,0.0,0.0
2022-10-10 11:30:00-04:00,36.97999954223633,36.97999954223633,36.97999954223633,36.97999954223633,968,0.0,0.0
2022-10-10 12:30:00-04:00,37.470001220703125,37.470001220703125,37.279998779296875,37.279998779296875,992,0.0,0.0
2022-10-10 13:30:00-04:00,37.150001525878906,37.150001525878906,37.150001525878906,37.150001525878906,445,0.0,0.0
2022-10-10 14:30:00-04:00,37.5,37.525001525878906,37.439998626708984,37.439998626708984,1200,0.0,0.0
2022-10-10 15:30:00-04:00,37.91999816894531,38.34000015258789,37.70000076293945,37.93000030517578,5929,0.0,0.0
2022-10-11 10:30:00-04:00,37.849998474121094,37.849998474121094,37.849998474121094,37.849998474121094,1682,0.0,0.0
2022-10-11 11:30:00-04:00,38.84000015258789,38.84000015258789,38.84000015258789,38.84000015258789,410,0.0,0.0
2022-10-11 12:30:00-04:00,39.0,39.15999984741211,39.0,39.15999984741211,2100,0.0,0.0
2022-10-11 13:30:00-04:00,39.13999938964844,39.75,38.84000015258789,39.63999938964844,2622,0.0,0.0
2022-10-11 14:30:00-04:00,39.30830001831055,39.34000015258789,38.45000076293945,38.81999969482422,4869,0.0,0.0
2022-10-11 15:30:00-04:00,38.71500015258789,39.18000030517578,38.71500015258789,39.18000030517578,2456,0.0,0.0
2022-10-12 09:30:00-04:00,38.90999984741211,38.90999984741211,37.54999923706055,38.68000030517578,860,0.0,0.0
2022-10-12 10:30:00-04:00,39.099998474121094,40.11000061035156,39.099998474121094,39.85499954223633,3868,0.0,0.0
2022-10-12 11:30:00-04:00,39.97999954223633,39.97999954223633,39.97999954223633,39.97999954223633,285,0.0,0.0
2022-10-12 12:30:00-04:00,39.720001220703125,39.720001220703125,39.45000076293945,39.45000076293945,1193,0.0,0.0
2022-10-12 13:30:00-04:00,39.400001525878906,39.400001525878906,39.22999954223633,39.22999954223633,531,0.0,0.0
2022-10-12 14:30:00-04:00,39.33000183105469,39.630001068115234,39.22999954223633,39.255001068115234,3539,0.0,0.0
2022-10-12 15:30:00-04:00,39.2400016784668,39.349998474121094,39.040000915527344,39.25,3596,0.0,0.0
2022-10-13 09:30:00-04:00,38.47999954223633,39.064998626708984,38.47999954223633,39.064998626708984,584,0.0,0.0
2022-10-13 10:30:00-04:00,39.060001373291016,40.790000915527344,38.650001525878906,40.790000915527344,2785,0.0,0.0
2022-10-13 11:30:00-04:00,40.88999938964844,41.59000015258789,40.755001068115234,41.09000015258789,5953,0.0,0.0
2022-10-13 12:30:00-04:00,41.09000015258789,42.0,41.09000015258789,42.0,3112,0.0,0.0
2022-10-13 13:30:00-04:00,42.75,42.75,42.540000915527344,42.720001220703125,2837,0.0,0.0
2022-10-13 14:30:00-04:00,43.18000030517578,43.31999969482422,42.310001373291016,42.9900016784668,5974,0.0,0.0
2022-10-13 15:30:00-04:00,42.84000015258789,42.970001220703125,42.619998931884766,42.79999923706055,7236,0.0,0.0
2022-10-14 09:30:00-04:00,42.880001068115234,42.880001068115234,39.709999084472656,41.290000915527344,2310,0.0,0.0
2022-10-14 10:30:00-04:00,41.130001068115234,41.61000061035156,40.150001525878906,40.68000030517578,5047,0.0,0.0
2022-10-14 11:30:00-04:00,40.290000915527344,41.0099983215332,40.290000915527344,40.68000030517578,2220,0.0,0.0
2022-10-14 12:30:00-04:00,41.0,41.0,41.0,41.0,806,0.0,0.0
2022-10-14 13:30:00-04:00,40.9900016784668,40.9900016784668,40.9900016784668,40.9900016784668,1043,0.0,0.0
2022-10-14 14:30:00-04:00,41.13019943237305,41.17499923706055,40.970001220703125,40.970001220703125,4890,0.0,0.0
2022-10-14 15:30:00-04:00,40.849998474121094,40.849998474121094,40.310001373291016,40.56999969482422,6307,0.0,0.0
2022-10-17 10:30:00-04:00,42.59000015258789,42.7400016784668,42.59000015258789,42.7400016784668,2085,0.0,0.0
2022-10-17 12:30:00-04:00,42.869998931884766,42.869998931884766,42.70000076293945,42.70000076293945,1353,0.0,0.0
2022-10-17 13:30:00-04:00,42.52000045776367,42.52000045776367,42.52000045776367,42.52000045776367,556,0.0,0.0
2022-10-17 14:30:00-04:00,42.810001373291016,42.810001373291016,42.560001373291016,42.560001373291016,2128,0.0,0.0
2022-10-17 15:30:00-04:00,42.880001068115234,43.0,42.880001068115234,42.95000076293945,5051,0.0,0.0
2022-10-18 09:30:00-04:00,44.06999969482422,44.06999969482422,43.724998474121094,43.73500061035156,1280,0.0,0.0
2022-10-18 11:30:00-04:00,42.45500183105469,42.45500183105469,42.40999984741211,42.40999984741211,1759,0.0,0.0
2022-10-18 12:30:00-04:00,42.189998626708984,42.564998626708984,42.150001525878906,42.150001525878906,3457,0.0,0.0
2022-10-18 13:30:00-04:00,42.380001068115234,42.80500030517578,41.970001220703125,42.80500030517578,2319,0.0,0.0
2022-10-18 14:30:00-04:00,42.80500030517578,43.28499984741211,42.75,42.939998626708984,1601,0.0,0.0
2022-10-18 15:30:00-04:00,42.81999969482422,43.040000915527344,42.290000915527344,42.58000183105469,5757,0.0,0.0
2022-10-19 09:30:00-04:00,42.58000183105469,42.58000183105469,41.31999969482422,41.654998779296875,4813,0.0,0.0
2022-10-19 10:30:00-04:00,41.566001892089844,41.566001892089844,41.566001892089844,41.566001892089844,1568,0.0,0.0
2022-10-19 12:30:00-04:00,41.97999954223633,42.21500015258789,41.97999954223633,42.21500015258789,756,0.0,0.0
2022-10-19 13:30:00-04:00,41.93000030517578,42.540000915527344,41.810001373291016,42.540000915527344,1943,0.0,0.0
2022-10-19 15:30:00-04:00,43.599998474121094,43.974998474121094,43.13999938964844,43.974998474121094,4027,0.0,0.0
2022-10-20 09:30:00-04:00,43.810001373291016,44.06999969482422,43.20500183105469,44.06999969482422,2617,0.0,0.0
2022-10-20 10:30:00-04:00,43.43000030517578,43.83000183105469,43.43000030517578,43.83000183105469,668,0.0,0.0
2022-10-20 11:30:00-04:00,44.20000076293945,44.36000061035156,44.0,44.0,2376,0.0,0.0
2022-10-20 12:30:00-04:00,42.439998626708984,42.439998626708984,42.439998626708984,42.439998626708984,219,0.0,0.0
2022-10-20 13:30:00-04:00,43.33000183105469,43.33000183105469,43.33000183105469,43.33000183105469,855,0.0,0.0
2022-10-20 15:30:00-04:00,42.75,42.75,41.290000915527344,41.290000915527344,3005,0.0,0.0
2022-10-21 09:30:00-04:00,42.220001220703125,42.66999816894531,41.61000061035156,42.66999816894531,4355,0.0,0.0
2022-10-21 10:30:00-04:00,41.90999984741211,41.90999984741211,41.630001068115234,41.630001068115234,1145,0.0,0.0
2022-10-21 11:30:00-04:00,41.7400016784668,42.0,41.7400016784668,42.0,1918,0.0,0.0
2022-10-21 12:30:00-04:00,42.63999938964844,42.63999938964844,42.63999938964844,42.63999938964844,724,0.0,0.0
2022-10-21 13:30:00-04:00,44.427398681640625,44.427398681640625,44.427398681640625,44.427398681640625,492,0.0,0.0
2022-10-21 14:30:00-04:00,44.27000045776367,44.38999938964844,43.150001525878906,43.150001525878906,2000,0.0,0.0
2022-10-21 15:30:00-04:00,43.185001373291016,43.875,43.185001373291016,43.755001068115234,2482,0.0,0.0
2022-10-24 09:30:00-04:00,44.060001373291016,44.060001373291016,43.20000076293945,43.650001525878906,1781,0.0,0.0
2022-10-24 10:30:00-04:00,43.029998779296875,43.029998779296875,42.720001220703125,42.720001220703125,2048,0.0,0.0
2022-10-24 11:30:00-04:00,43.189998626708984,43.189998626708984,43.189998626708984,43.189998626708984,528,0.0,0.0
2022-10-24 12:30:00-04:00,43.029998779296875,43.04999923706055,43.029998779296875,43.04999923706055,622,0.0,0.0
2022-10-24 13:30:00-04:00,42.880001068115234,43.119998931884766,42.86000061035156,43.119998931884766,2560,0.0,0.0
2022-10-24 14:30:00-04:00,43.060001373291016,43.119998931884766,41.95000076293945,42.25,11091,0.0,0.0
2022-10-24 15:30:00-04:00,42.0,42.150001525878906,41.790000915527344,41.880001068115234,5510,0.0,0.0
2022-10-25 10:30:00-04:00,42.220001220703125,43.185001373291016,42.220001220703125,43.185001373291016,3126,0.0,0.0
2022-10-25 11:30:00-04:00,43.279998779296875,43.720001220703125,43.27000045776367,43.720001220703125,969,0.0,0.0
2022-10-25 12:30:00-04:00,43.720001220703125,43.720001220703125,43.13999938964844,43.150001525878906,1712,0.0,0.0
2022-10-25 13:30:00-04:00,43.0099983215332,43.0099983215332,43.0099983215332,43.0099983215332,1207,0.0,0.0
2022-10-25 14:30:00-04:00,42.970001220703125,43.209999084472656,42.970001220703125,43.209999084472656,724,0.0,0.0
2022-10-25 15:30:00-04:00,43.58000183105469,43.58000183105469,43.13999938964844,43.209999084472656,3960,0.0,0.0
2022-10-26 09:30:00-04:00,43.91999816894531,43.91999816894531,43.220001220703125,43.560001373291016,1308,0.0,0.0
2022-10-26 10:30:00-04:00,43.44200134277344,44.224998474121094,42.84700012207031,44.224998474121094,1034,0.0,0.0
2022-10-26 11:30:00-04:00,43.47999954223633,44.005001068115234,43.47999954223633,44.005001068115234,1076,0.0,0.0
2022-10-26 12:30:00-04:00,43.93000030517578,43.9900016784668,43.59000015258789,43.65999984741211,5993,0.0,0.0
2022-10-26 13:30:00-04:00,43.5,44.75,43.5,44.630001068115234,13264,0.0,0.0
2022-10-26 14:30:00-04:00,44.560001373291016,45.22999954223633,44.060001373291016,45.150001525878906,7380,0.0,0.0
2022-10-26 15:30:00-04:00,45.185001373291016,45.29999923706055,43.9900016784668,44.9900016784668,5327,0.0,0.0
2022-10-27 09:30:00-04:00,43.900001525878906,43.900001525878906,43.900001525878906,43.900001525878906,1069,0.0,0.0
2022-10-27 10:30:00-04:00,43.279998779296875,44.549198150634766,41.65919876098633,43.349998474121094,5076,0.0,0.0
2022-10-27 11:30:00-04:00,43.709999084472656,44.689998626708984,43.709999084472656,44.689998626708984,5488,0.0,0.0
2022-10-27 12:30:00-04:00,44.70000076293945,45.15999984741211,44.33000183105469,44.79999923706055,5895,0.0,0.0
2022-10-27 13:30:00-04:00,44.630001068115234,44.65999984741211,43.0099983215332,43.0099983215332,7047,0.0,0.0
2022-10-27 14:30:00-04:00,43.040000915527344,43.310001373291016,42.47999954223633,42.47999954223633,1920,0.0,0.0
2022-10-27 15:30:00-04:00,42.900001525878906,43.20000076293945,42.25,42.58000183105469,6339,0.0,0.0
2022-10-28 09:30:00-04:00,43.66999816894531,44.29999923706055,43.439998626708984,43.599998474121094,0,0.0,0.0
2022-10-28 10:30:00-04:00,44.09000015258789,44.189998626708984,43.75,43.7599983215332,3865,0.0,0.0
2022-10-28 11:30:00-04:00,44.16999816894531,45.45000076293945,44.0,45.45000076293945,4638,0.0,0.0
2022-10-28 12:30:00-04:00,45.45000076293945,45.66999816894531,44.40999984741211,44.810001373291016,12823,0.0,0.0
2022-10-28 13:30:00-04:00,45.16999816894531,45.29999923706055,44.75,45.16999816894531,5501,0.0,0.0
2022-10-28 14:30:00-04:00,45.0,45.22999954223633,45.0,45.20000076293945,6836,0.0,0.0
2022-10-28 15:30:00-04:00,45.09000015258789,45.09000015258789,44.650001525878906,44.7599983215332,3149,0.0,0.0
2022-10-31 09:30:00-04:00,44.900001525878906,45.79999923706055,44.900001525878906,45.79999923706055,598,0.0,0.0
2022-10-31 10:30:00-04:00,45.67380142211914,45.67380142211914,45.67380142211914,45.67380142211914,403,0.0,0.0
2022-10-31 11:30:00-04:00,44.939998626708984,45.349998474121094,44.56999969482422,44.83000183105469,5081,0.0,0.0
2022-10-31 12:30:00-04:00,45.02000045776367,46.095001220703125,44.86000061035156,46.0099983215332,3244,0.0,0.0
2022-10-31 13:30:00-04:00,46.02000045776367,46.810001373291016,45.900001525878906,46.209999084472656,5135,0.0,0.0
2022-10-31 14:30:00-04:00,46.88999938964844,46.88999938964844,46.310001373291016,46.880001068115234,3244,0.0,0.0
2022-10-31 15:30:00-04:00,46.88999938964844,47.369998931884766,46.290000915527344,46.290000915527344,10447,0.0,0.0
2022-11-01 09:30:00-04:00,46.400001525878906,46.83000183105469,46.0099983215332,46.529998779296875,2297,0.0,0.0
2022-11-01 10:30:00-04:00,45.91999816894531,46.5099983215332,45.91999816894531,46.5099983215332,2456,0.0,0.0
2022-11-01 11:30:00-04:00,46.86000061035156,48.43000030517578,46.349998474121094,47.40999984741211,15181,0.0,0.0
2022-11-01 12:30:00-04:00,47.7599983215332,48.0,47.349998474121094,47.400001525878906,8675,0.0,0.0
2022-11-01 13:30:00-04:00,47.775001525878906,47.970001220703125,47.36000061035156,47.4900016784668,3724,0.0,0.0
2022-11-01 14:30:00-04:00,47.59000015258789,47.78990173339844,47.25,47.78990173339844,2505,0.0,0.0
2022-11-01 15:30:00-04:00,47.400001525878906,47.95000076293945,47.220001220703125,47.220001220703125,4839,0.0,0.0
2022-11-02 09:30:00-04:00,47.2599983215332,47.68000030517578,44.61280059814453,46.755001068115234,2064,0.0,0.0
2022-11-02 10:30:00-04:00,46.94540023803711,47.599998474121094,46.94540023803711,47.2599983215332,2658,0.0,0.0
2022-11-02 11:30:00-04:00,47.099998474121094,47.2400016784668,47.099998474121094,47.2400016784668,550,0.0,0.0
2022-11-02 12:30:00-04:00,47.31999969482422,47.31999969482422,46.66529846191406,46.66529846191406,5117,0.0,0.0
2022-11-02 13:30:00-04:00,47.2400016784668,47.970001220703125,46.91999816894531,47.970001220703125,5555,0.0,0.0
2022-11-02 14:30:00-04:00,47.849998474121094,48.16999816894531,45.40999984741211,45.40999984741211,2812,0.0,0.0
2022-11-02 15:30:00-04:00,45.5099983215332,46.220001220703125,45.33000183105469,45.529998779296875,6053,0.0,0.0
2022-11-03 09:30:00-04:00,44.154998779296875,45.54999923706055,44.154998779296875,45.5,2785,0.0,0.0
2022-11-03 10:30:00-04:00,46.189998626708984,46.70000076293945,46.152000427246094,46.70000076293945,1650,0.0,0.0
2022-11-03 11:30:00-04:00,46.525001525878906,47.470001220703125,46.25,46.38999938964844,10618,0.0,0.0
2022-11-03 12:30:00-04:00,46.70000076293945,47.369998931884766,46.70000076293945,47.29999923706055,5475,0.0,0.0
2022-11-03 13:30:00-04:00,47.13999938964844,47.48720169067383,46.685001373291016,47.0,8023,0.0,0.0
2022-11-03 14:30:00-04:00,47.0,47.41999816894531,46.96500015258789,47.41999816894531,1708,0.0,0.0
2022-11-03 15:30:00-04:00,46.95000076293945,47.46179962158203,46.88999938964844,47.08000183105469,11853,0.0,0.0
2022-11-04 09:30:00-04:00,47.52000045776367,47.525001525878906,46.97999954223633,47.525001525878906,2414,0.0,0.0
2022-11-04 10:30:00-04:00,47.34000015258789,47.68000030517578,47.02000045776367,47.02000045776367,1992,0.0,0.0
2022-11-04 11:30:00-04:00,47.349998474121094,47.400001525878906,46.720001220703125,46.810001373291016,6888,0.0,0.0
2022-11-04 12:30:00-04:00,46.4900016784668,46.7056999206543,46.46009826660156,46.7056999206543,967,0.0,0.0
2022-11-04 13:30:00-04:00,46.700599670410156,46.700599670410156,46.700599670410156,46.700599670410156,874,0.0,0.0
2022-11-04 14:30:00-04:00,47.06999969482422,48.0,46.90999984741211,46.967899322509766,9189,0.0,0.0
2022-11-04 15:30:00-04:00,47.06999969482422,47.560001373291016,46.869998931884766,47.369998931884766,7868,0.0,0.0
2022-11-07 09:30:00-05:00,47.88999938964844,48.20500183105469,47.88999938964844,48.20500183105469,867,0.0,0.0
2022-11-07 11:30:00-05:00,47.47999954223633,47.47999954223633,47.47999954223633,47.47999954223633,479,0.0,0.0
2022-11-07 12:30:00-05:00,47.59000015258789,48.224998474121094,47.209999084472656,48.04999923706055,12605,0.0,0.0
2022-11-07 13:30:00-05:00,48.18000030517578,48.900001525878906,48.18000030517578,48.27000045776367,3196,0.0,0.0
2022-11-07 14:30:00-05:00,48.040000915527344,48.689998626708984,48.040000915527344,48.369998931884766,12908,0.0,0.0
2022-11-07 15:30:00-05:00,48.0,48.40999984741211,47.560001373291016,47.84000015258789,8126,0.0,0.0
2022-11-08 09:30:00-05:00,47.959999084472656,48.20000076293945,47.94060134887695,48.20000076293945,1469,0.0,0.0
2022-11-08 10:30:00-05:00,48.09000015258789,48.560001373291016,48.09000015258789,48.27000045776367,4601,0.0,0.0
2022-11-08 11:30:00-05:00,48.27000045776367,48.27000045776367,47.83000183105469,48.10499954223633,4843,0.0,0.0
2022-11-08 12:30:00-05:00,48.10499954223633,48.150001525878906,46.77000045776367,46.77000045776367,8052,0.0,0.0
2022-11-08 13:30:00-05:00,46.84000015258789,47.83000183105469,46.84000015258789,46.91999816894531,3528,0.0,0.0
2022-11-08 14:30:00-05:00,47.13999938964844,47.90999984741211,46.189998626708984,47.900001525878906,7832,0.0,0.0
2022-11-08 15:30:00-05:00,47.93000030517578,48.540000915527344,47.66999816894531,48.36000061035156,9978,0.0,0.0
2022-11-09 09:30:00-05:00,47.869998931884766,48.766300201416016,47.869998931884766,48.766300201416016,1538,0.0,0.0
2022-11-09 10:30:00-05:00,48.209999084472656,48.654998779296875,48.040000915527344,48.400001525878906,5833,0.0,0.0
2022-11-09 12:30:00-05:00,48.36000061035156,48.36000061035156,48.130001068115234,48.334999084472656,1304,0.0,0.0
2022-11-09 13:30:00-05:00,48.43000030517578,48.81880187988281,47.93000030517578,48.75,8000,0.0,0.0
2022-11-09 14:30:00-05:00,48.567501068115234,48.790000915527344,48.31999969482422,48.31999969482422,1539,0.0,0.0
2022-11-09 15:30:00-05:00,48.630001068115234,48.720001220703125,48.29999923706055,48.54999923706055,4888,0.0,0.0
2022-11-10 09:30:00-05:00,50.0,51.48500061035156,49.970001220703125,51.48500061035156,5395,0.0,0.0
2022-11-10 10:30:00-05:00,51.25,51.2599983215332,50.36000061035156,51.040000915527344,7913,0.0,0.0
2022-11-10 11:30:00-05:00,51.244998931884766,51.244998931884766,50.959999084472656,50.959999084472656,6790,0.0,0.0
2022-11-10 12:30:00-05:00,50.685001373291016,50.880001068115234,50.0099983215332,50.35499954223633,5916,0.0,0.0
2022-11-10 13:30:00-05:00,50.375,50.375,48.95000076293945,49.53499984741211,15449,0.0,0.0
2022-11-10 14:30:00-05:00,49.95000076293945,50.52000045776367,49.61000061035156,49.96500015258789,7695,0.0,0.0
2022-11-10 15:30:00-05:00,50.40999984741211,51.380001068115234,50.40999984741211,51.220001220703125,12303,0.0,0.0
2022-11-11 09:30:00-05:00,51.540000915527344,52.84000015258789,51.36000061035156,52.84000015258789,5932,0.0,0.0
2022-11-11 10:30:00-05:00,52.775001525878906,53.0,51.77000045776367,51.77000045776367,6663,0.0,0.0
2022-11-11 11:30:00-05:00,51.86000061035156,52.13999938964844,51.32699966430664,51.6349983215332,3146,0.0,0.0
2022-11-11 12:30:00-05:00,51.95000076293945,51.95000076293945,51.36000061035156,51.69990158081055,4623,0.0,0.0
2022-11-11 13:30:00-05:00,51.61000061035156,51.61000061035156,50.689998626708984,50.689998626708984,8213,0.0,0.0
2022-11-11 14:30:00-05:00,50.70000076293945,51.0099983215332,50.08000183105469,50.619998931884766,3903,0.0,0.0
2022-11-11 15:30:00-05:00,50.34000015258789,50.81999969482422,50.150001525878906,50.40999984741211,4731,0.0,0.0
2022-11-14 09:30:00-05:00,50.310001373291016,50.310001373291016,49.40999984741211,49.40999984741211,734,0.0,0.0
2022-11-14 10:30:00-05:00,50.20000076293945,50.439998626708984,50.20000076293945,50.439998626708984,1567,0.0,0.0
2022-11-14 11:30:00-05:00,50.630001068115234,51.130001068115234,50.54499816894531,50.95000076293945,2321,0.0,0.0
2022-11-14 12:30:00-05:00,50.75,50.75,50.130001068115234,50.130001068115234,7290,0.0,0.0
2022-11-14 13:30:00-05:00,50.45000076293945,50.685001373291016,50.40999984741211,50.40999984741211,2504,0.0,0.0
2022-11-14 14:30:00-05:00,50.790000915527344,50.790000915527344,50.525001525878906,50.529998779296875,1784,0.0,0.0
2022-11-14 15:30:00-05:00,50.53499984741211,50.54499816894531,49.45000076293945,49.66999816894531,8490,0.0,0.0
2022-11-15 09:30:00-05:00,50.915000915527344,50.915000915527344,49.66999816894531,49.66999816894531,2690,0.0,0.0
2022-11-15 10:30:00-05:00,50.060001373291016,50.400001525878906,50.060001373291016,50.345001220703125,2100,0.0,0.0
2022-11-15 11:30:00-05:00,51.060001373291016,51.15999984741211,50.290000915527344,50.310001373291016,4322,0.0,0.0
2022-11-15 12:30:00-05:00,50.34000015258789,50.439998626708984,49.16999816894531,49.209999084472656,5854,0.0,0.0
2022-11-15 13:30:00-05:00,49.38999938964844,49.4900016784668,48.290000915527344,48.720001220703125,7962,0.0,0.0
2022-11-15 14:30:00-05:00,48.94499969482422,49.25,48.94499969482422,49.15999984741211,3347,0.0,0.0
2022-11-15 15:30:00-05:00,49.244998931884766,49.689998626708984,48.63999938964844,49.349998474121094,10984,0.0,0.0
2022-11-16 09:30:00-05:00,49.36000061035156,49.36000061035156,48.91999816894531,48.91999816894531,0,0.0,0.0
2022-11-16 10:30:00-05:00,48.880001068115234,49.095001220703125,48.880001068115234,49.040000915527344,1433,0.0,0.0
2022-11-16 11:30:00-05:00,48.83000183105469,48.9900016784668,48.775001525878906,48.9900016784668,1263,0.0,0.0
2022-11-16 12:30:00-05:00,48.61000061035156,48.61000061035156,48.09000015258789,48.09000015258789,2361,0.0,0.0
2022-11-16 13:30:00-05:00,48.04999923706055,48.908199310302734,47.81999969482422,48.04499816894531,9909,0.0,0.0
2022-11-16 14:30:00-05:00,48.29999923706055,48.36000061035156,47.91999816894531,48.165000915527344,3128,0.0,0.0
2022-11-16 15:30:00-05:00,47.72999954223633,48.60499954223633,47.72999954223633,48.25,10483,0.0,0.0
2022-11-17 09:30:00-05:00,47.619998931884766,47.619998931884766,47.619998931884766,47.619998931884766,994,0.0,0.0
2022-11-17 10:30:00-05:00,47.16999816894531,47.97999954223633,47.16999816894531,47.22999954223633,2340,0.0,0.0
2022-11-17 11:30:00-05:00,47.20280075073242,47.25,46.75,46.75,2623,0.0,0.0
2022-11-17 12:30:00-05:00,46.9900016784668,47.540000915527344,46.75,47.540000915527344,3500,0.0,0.0
2022-11-17 13:30:00-05:00,46.80500030517578,47.040000915527344,46.650001525878906,46.73500061035156,1374,0.0,0.0
2022-11-17 14:30:00-05:00,47.01190185546875,47.595001220703125,46.625,47.10499954223633,10234,0.0,0.0
2022-11-17 15:30:00-05:00,46.88999938964844,47.79999923706055,46.650001525878906,47.79999923706055,8342,0.0,0.0
2022-11-18 09:30:00-05:00,48.77000045776367,48.77000045776367,47.900001525878906,47.900001525878906,0,0.0,0.0
2022-11-18 10:30:00-05:00,48.720001220703125,49.029998779296875,48.560001373291016,49.029998779296875,1501,0.0,0.0
2022-11-18 11:30:00-05:00,48.83720016479492,48.83720016479492,48.119998931884766,48.5099983215332,3619,0.0,0.0
2022-11-18 12:30:00-05:00,48.275001525878906,48.5,48.2400016784668,48.2400016784668,3513,0.0,0.0
2022-11-18 13:30:00-05:00,47.91999816894531,48.040000915527344,47.150001525878906,47.25,7043,0.0,0.0
2022-11-18 14:30:00-05:00,47.18000030517578,48.0099983215332,47.18000030517578,47.904998779296875,4276,0.0,0.0
2022-11-18 15:30:00-05:00,47.904998779296875,48.05500030517578,47.66999816894531,47.66999816894531,3807,0.0,0.0
2022-11-21 09:30:00-05:00,48.16999816894531,48.16999816894531,48.16999816894531,48.16999816894531,1267,0.0,0.0
2022-11-21 10:30:00-05:00,48.38999938964844,48.38999938964844,47.440101623535156,47.440101623535156,1430,0.0,0.0
2022-11-21 11:30:00-05:00,48.290000915527344,49.33000183105469,48.290000915527344,48.505001068115234,1682,0.0,0.0
2022-11-21 13:30:00-05:00,48.64500045776367,48.65999984741211,48.64500045776367,48.65999984741211,2301,0.0,0.0
2022-11-21 14:30:00-05:00,49.005001068115234,49.2599983215332,48.560001373291016,48.599998474121094,5246,0.0,0.0
2022-11-21 15:30:00-05:00,48.779998779296875,48.81999969482422,48.244998931884766,48.79999923706055,6057,0.0,0.0
2022-11-22 09:30:00-05:00,48.77000045776367,49.0,48.77000045776367,49.0,1040,0.0,0.0
2022-11-22 10:30:00-05:00,48.70000076293945,49.869998931884766,47.810001373291016,47.810001373291016,5841,0.0,0.0
2022-11-22 11:30:00-05:00,47.97999954223633,47.97999954223633,47.97999954223633,47.97999954223633,637,0.0,0.0
2022-11-22 13:30:00-05:00,49.06999969482422,49.189998626708984,48.80500030517578,49.04999923706055,4877,0.0,0.0
2022-11-22 15:30:00-05:00,49.43000030517578,50.189998626708984,49.43000030517578,50.189998626708984,17029,0.0,0.0
2022-11-23 09:30:00-05:00,49.849998474121094,49.849998474121094,49.04999923706055,49.06999969482422,1229,0.0,0.0
2022-11-23 10:30:00-05:00,49.189998626708984,49.88999938964844,48.95000076293945,49.584999084472656,5781,0.0,0.0
2022-11-23 12:30:00-05:00,49.709999084472656,49.709999084472656,48.91999816894531,48.91999816894531,3615,0.0,0.0
2022-11-23 13:30:00-05:00,49.665000915527344,49.685001373291016,49.665000915527344,49.685001373291016,943,0.0,0.0
2022-11-23 14:30:00-05:00,49.97999954223633,49.97999954223633,49.15999984741211,49.15999984741211,959,0.0,0.0
2022-11-23 15:30:00-05:00,49.125,49.125,49.0,49.0,1950,0.0,0.0
2022-11-25 09:30:00-05:00,48.011199951171875,48.011199951171875,48.011199951171875,48.011199951171875,0,0.0,0.0
2022-11-25 11:30:00-05:00,49.20000076293945,49.20000076293945,49.20000076293945,49.20000076293945,482,0.0,0.0
2022-11-28 09:30:00-05:00,48.31999969482422,48.31999969482422,47.9900016784668,48.0,2539,0.0,0.0
2022-11-28 10:30:00-05:00,48.0,48.0,48.0,48.0,444,0.0,0.0
2022-11-28 11:30:00-05:00,47.970001220703125,48.404998779296875,47.970001220703125,48.0,2465,0.0,0.0
2022-11-28 12:30:00-05:00,47.900001525878906,48.18000030517578,47.900001525878906,48.06999969482422,2679,0.0,0.0
2022-11-28 13:30:00-05:00,48.0,48.150001525878906,47.96500015258789,48.150001525878906,3100,0.0,0.0
2022-11-28 14:30:00-05:00,48.0,48.08000183105469,47.66999816894531,48.0,8890,0.0,0.0
2022-11-28 15:30:00-05:00,48.0099983215332,48.099998474121094,47.720001220703125,48.0099983215332,5916,0.0,0.0
2022-11-29 09:30:00-05:00,48.0,48.0,47.459999084472656,48.0,3232,0.0,0.0
2022-11-29 10:30:00-05:00,47.97999954223633,48.02000045776367,47.470001220703125,47.93000030517578,4308,0.0,0.0
2022-11-29 11:30:00-05:00,47.82749938964844,48.505001068115234,47.82749938964844,47.96179962158203,2957,0.0,0.0
2022-11-29 12:30:00-05:00,47.95750045776367,48.22119903564453,47.72999954223633,48.22119903564453,3366,0.0,0.0
2022-11-29 13:30:00-05:00,47.65999984741211,48.09000015258789,47.20500183105469,48.09000015258789,5832,0.0,0.0
2022-11-29 14:30:00-05:00,48.189998626708984,48.189998626708984,47.83000183105469,47.970001220703125,5134,0.0,0.0
2022-11-29 15:30:00-05:00,48.0,48.3849983215332,47.86000061035156,48.255001068115234,7171,0.0,0.0
2022-11-30 11:30:00-05:00,47.86000061035156,48.16999816894531,47.86000061035156,48.095001220703125,6645,0.0,0.0
2022-11-30 12:30:00-05:00,47.86000061035156,48.310001373291016,47.810001373291016,48.310001373291016,4673,0.0,0.0
2022-11-30 13:30:00-05:00,48.349998474121094,49.11000061035156,48.125,48.790000915527344,10478,0.0,0.0
2022-11-30 14:30:00-05:00,48.709999084472656,48.709999084472656,48.58000183105469,48.58000183105469,3822,0.0,0.0
2022-11-30 15:30:00-05:00,49.06999969482422,49.814998626708984,48.61000061035156,49.09000015258789,23349,0.0,0.0
2022-12-01 09:30:00-05:00,49.599998474121094,49.599998474121094,49.029998779296875,49.029998779296875,1658,0.0,0.0
2022-12-01 10:30:00-05:00,49.029998779296875,49.7599983215332,48.91999816894531,49.5,9153,0.0,0.0
2022-12-01 11:30:00-05:00,49.42499923706055,49.459999084472656,49.41999816894531,49.41999816894531,2883,0.0,0.0
2022-12-01 12:30:00-05:00,49.880001068115234,49.89500045776367,49.81999969482422,49.81999969482422,2020,0.0,0.0
2022-12-01 13:30:00-05:00,49.630001068115234,50.09000015258789,49.599998474121094,50.09000015258789,3759,0.0,0.0
2022-12-01 14:30:00-05:00,50.2400016784668,50.400001525878906,50.130001068115234,50.20000076293945,3395,0.0,0.0
2022-12-01 15:30:00-05:00,50.2400016784668,50.36000061035156,49.959999084472656,50.33000183105469,3911,0.0,0.0
2022-12-02 09:30:00-05:00,49.0,49.0,49.0,49.0,1987,0.0,0.0
2022-12-02 10:30:00-05:00,49.39500045776367,50.39500045776367,49.39500045776367,50.0,8190,0.0,0.0
2022-12-02 11:30:00-05:00,50.15999984741211,50.15999984741211,50.15999984741211,50.15999984741211,2888,0.0,0.0
2022-12-02 13:30:00-05:00,49.70000076293945,49.88999938964844,49.70000076293945,49.79999923706055,1190,0.0,0.0
2022-12-02 14:30:00-05:00,50.0,50.02000045776367,49.91999816894531,49.91999816894531,3088,0.0,0.0
2022-12-02 15:30:00-05:00,50.28499984741211,50.459999084472656,50.22999954223633,50.459999084472656,3962,0.0,0.0
2022-12-05 09:30:00-05:00,50.16999816894531,50.16999816894531,50.16999816894531,50.16999816894531,1315,0.0,0.0
2022-12-05 10:30:00-05:00,50.20000076293945,50.20000076293945,50.0,50.0,4965,0.0,0.0
2022-12-05 11:30:00-05:00,50.0,50.13999938964844,49.99150085449219,49.99150085449219,7293,0.0,0.0
2022-12-05 12:30:00-05:00,50.25,51.041900634765625,50.25,50.470001220703125,2869,0.0,0.0
2022-12-05 13:30:00-05:00,50.296199798583984,50.459999084472656,50.099998474121094,50.45000076293945,4571,0.0,0.0
2022-12-05 14:30:00-05:00,50.369998931884766,50.5,49.810001373291016,49.810001373291016,8664,0.0,0.0
2022-12-05 15:30:00-05:00,49.810001373291016,49.810001373291016,49.59000015258789,49.599998474121094,3547,0.0,0.0
2022-12-06 09:30:00-05:00,49.9900016784668,49.9900016784668,49.00019836425781,49.380001068115234,4626,0.0,0.0
2022-12-06 10:30:00-05:00,49.279998779296875,49.279998779296875,48.7599983215332,48.81999969482422,3549,0.0,0.0
2022-12-06 11:30:00-05:00,48.47999954223633,48.70000076293945,48.47999954223633,48.70000076293945,2559,0.0,0.0
2022-12-06 13:30:00-05:00,48.400001525878906,48.9900016784668,48.400001525878906,48.9900016784668,5748,0.0,0.0
2022-12-06 14:30:00-05:00,49.029998779296875,49.06959915161133,48.709999084472656,48.709999084472656,3075,0.0,0.0
2022-12-06 15:30:00-05:00,48.63999938964844,49.220001220703125,48.63999938964844,48.66999816894531,8186,0.0,0.0
2022-12-07 09:30:00-05:00,48.29499816894531,48.29499816894531,47.63999938964844,47.73500061035156,3156,0.0,0.0
2022-12-07 10:30:00-05:00,48.119998931884766,49.13999938964844,47.939998626708984,48.290000915527344,9339,0.0,0.0
2022-12-07 11:30:00-05:00,48.27000045776367,48.279998779296875,48.154998779296875,48.279998779296875,3617,0.0,0.0
2022-12-07 12:30:00-05:00,48.189998626708984,48.5,48.189998626708984,48.41999816894531,4425,0.0,0.0
2022-12-07 13:30:00-05:00,48.244998931884766,48.56999969482422,47.810001373291016,48.099998474121094,9239,0.0,0.0
2022-12-07 14:30:00-05:00,48.125,48.5,48.0,48.31999969482422,13877,0.0,0.0
2022-12-07 15:30:00-05:00,48.529998779296875,48.689998626708984,48.18000030517578,48.18000030517578,8844,0.0,0.0
2022-12-08 09:30:00-05:00,48.25,48.470001220703125,48.150001525878906,48.46500015258789,3269,0.0,0.0
2022-12-08 10:30:00-05:00,48.59000015258789,48.665000915527344,48.060001373291016,48.060001373291016,3576,0.0,0.0
2022-12-08 11:30:00-05:00,48.279998779296875,48.5,47.560001373291016,48.130001068115234,24781,0.0,0.0
2022-12-08 12:30:00-05:00,47.849998474121094,48.084999084472656,47.79999923706055,47.9900016784668,2877,0.0,0.0
2022-12-08 13:30:00-05:00,48.04999923706055,48.04999923706055,47.28010177612305,47.529998779296875,7852,0.0,0.0
2022-12-08 14:30:00-05:00,47.279998779296875,47.84749984741211,47.279998779296875,47.505001068115234,6783,0.0,0.0
2022-12-08 15:30:00-05:00,47.599998474121094,47.619998931884766,47.220001220703125,47.5,12027,0.0,0.0
2022-12-09 09:30:00-05:00,46.79999923706055,47.470001220703125,46.63999938964844,46.720001220703125,6258,0.0,0.0
2022-12-09 10:30:00-05:00,46.4900016784668,46.4900016784668,45.400001525878906,45.849998474121094,6477,0.0,0.0
2022-12-09 11:30:00-05:00,45.90999984741211,46.790000915527344,45.88999938964844,46.58000183105469,4692,0.0,0.0
2022-12-09 12:30:00-05:00,46.70000076293945,46.70000076293945,46.40999984741211,46.40999984741211,2503,0.0,0.0
2022-12-09 13:30:00-05:00,46.040000915527344,46.040000915527344,45.98749923706055,45.9900016784668,3797,0.0,0.0
2022-12-09 14:30:00-05:00,45.69499969482422,45.84000015258789,45.68000030517578,45.79999923706055,1130,0.0,0.0
2022-12-09 15:30:00-05:00,45.529998779296875,45.529998779296875,45.040000915527344,45.189998626708984,4620,0.0,0.0
2022-12-12 09:30:00-05:00,44.970001220703125,46.29999923706055,44.720001220703125,45.54999923706055,11858,0.0,0.0
2022-12-12 10:30:00-05:00,45.29999923706055,45.29999923706055,44.61600112915039,44.87480163574219,8451,0.0,0.0
2022-12-12 11:30:00-05:00,44.77000045776367,45.02000045776367,44.525001525878906,45.0099983215332,7382,0.0,0.0
2022-12-12 12:30:00-05:00,45.42359924316406,45.459999084472656,45.42359924316406,45.45000076293945,1177,0.0,0.0
2022-12-12 13:30:00-05:00,45.70000076293945,46.099998474121094,45.369998931884766,45.54499816894531,8161,0.0,0.0
2022-12-12 14:30:00-05:00,45.46500015258789,45.650001525878906,45.46500015258789,45.650001525878906,1477,0.0,0.0
2022-12-12 15:30:00-05:00,45.77000045776367,46.0,45.40999984741211,45.97999954223633,6621,0.0,0.0
2022-12-13 09:30:00-05:00,47.31999969482422,47.63999938964844,45.91999816894531,46.650001525878906,22708,0.0,0.0
2022-12-13 10:30:00-05:00,46.54999923706055,47.0,46.38999938964844,46.69499969482422,5391,0.0,0.0
2022-12-13 11:30:00-05:00,46.72999954223633,46.72999954223633,45.8025016784668,45.8025016784668,3103,0.0,0.0
2022-12-13 12:30:00-05:00,45.810001373291016,46.189998626708984,45.75,46.189998626708984,4929,0.0,0.0
2022-12-13 13:30:00-05:00,46.08000183105469,46.08000183105469,45.93000030517578,45.93000030517578,2951,0.0,0.0
2022-12-13 14:30:00-05:00,45.94499969482422,46.220001220703125,45.45500183105469,45.75,10025,0.0,0.0
2022-12-13 15:30:00-05:00,45.75,46.41999816894531,45.75,46.029998779296875,10312,0.0,0.0
2022-12-14 09:30:00-05:00,46.11000061035156,46.11000061035156,46.11000061035156,46.11000061035156,636,0.0,0.0
2022-12-14 10:30:00-05:00,46.209999084472656,46.209999084472656,46.209999084472656,46.209999084472656,440,0.0,0.0
2022-12-14 11:30:00-05:00,47.29999923706055,47.599998474121094,46.5,46.95000076293945,7372,0.0,0.0
2022-12-14 13:30:00-05:00,47.099998474121094,47.099998474121094,46.5099983215332,46.709999084472656,1107,0.0,0.0
2022-12-14 14:30:00-05:00,47.474998474121094,47.474998474121094,46.310001373291016,46.52000045776367,2401,0.0,0.0
2022-12-14 15:30:00-05:00,45.85499954223633,46.79999923706055,45.85499954223633,46.13999938964844,13536,0.0,0.0
2022-12-15 09:30:00-05:00,45.0099983215332,45.75,44.79349899291992,45.599998474121094,1727,0.0,0.0
2022-12-15 10:30:00-05:00,46.49100112915039,46.49100112915039,45.27000045776367,45.744998931884766,5925,0.0,0.0
2022-12-15 11:30:00-05:00,45.6150016784668,46.029998779296875,45.60100173950195,45.91999816894531,3435,0.0,0.0
2022-12-15 12:30:00-05:00,45.5099983215332,46.209999084472656,45.5099983215332,46.11000061035156,4698,0.0,0.0
2022-12-15 13:30:00-05:00,45.935001373291016,46.630001068115234,45.5,46.099998474121094,7397,0.0,0.0
2022-12-15 14:30:00-05:00,46.5099983215332,46.5099983215332,45.77000045776367,46.04999923706055,7482,0.0,0.0
2022-12-15 15:30:00-05:00,46.25,46.25,45.25,45.81999969482422,7862,0.0,0.0
2022-12-16 09:30:00-05:00,45.0,46.20000076293945,44.06999969482422,44.779998779296875,29556,0.0,0.0
2022-12-16 10:30:00-05:00,45.029998779296875,45.380001068115234,44.4900016784668,44.86000061035156,15238,0.0,0.0
2022-12-16 11:30:00-05:00,44.61000061035156,44.61000061035156,44.5,44.5,1264,0.0,0.0
2022-12-16 12:30:00-05:00,44.790000915527344,44.86000061035156,44.310001373291016,44.54999923706055,2327,0.0,0.0
2022-12-16 13:30:00-05:00,44.79999923706055,45.1349983215332,44.38999938964844,44.959999084472656,13904,0.0,0.0
2022-12-16 14:30:00-05:00,45.0,45.0,45.0,45.0,568,0.0,0.0
2022-12-16 15:30:00-05:00,45.03499984741211,45.90999984741211,44.529998779296875,45.13999938964844,6062,0.0,0.0
2022-12-19 09:30:00-05:00,45.040000915527344,45.040000915527344,43.755001068115234,44.54999923706055,4205,0.0,0.0
2022-12-19 10:30:00-05:00,44.150001525878906,44.599998474121094,44.150001525878906,44.599998474121094,229,0.0,0.0
2022-12-19 11:30:00-05:00,43.91999816894531,45.11000061035156,43.91999816894531,45.11000061035156,11136,0.0,0.0
2022-12-19 12:30:00-05:00,45.599998474121094,45.599998474121094,44.560001373291016,44.650001525878906,4753,0.0,0.0
2022-12-19 13:30:00-05:00,44.60499954223633,44.875,44.48500061035156,44.70000076293945,2092,0.0,0.0
2022-12-19 14:30:00-05:00,44.70000076293945,44.900001525878906,44.625,44.89500045776367,1177,0.0,0.0
2022-12-19 15:30:00-05:00,44.63999938964844,45.06999969482422,44.459999084472656,45.04999923706055,6543,0.0,0.0
2022-12-20 09:30:00-05:00,44.619998931884766,44.619998931884766,42.779998779296875,42.779998779296875,681,0.0,0.0
2022-12-20 10:30:00-05:00,44.07500076293945,45.11000061035156,44.07500076293945,44.92499923706055,4842,0.0,0.0
2022-12-20 12:30:00-05:00,45.3650016784668,45.3849983215332,45.2599983215332,45.2599983215332,568,0.0,0.0
2022-12-20 13:30:00-05:00,45.18239974975586,45.900001525878906,45.18239974975586,45.41999816894531,5725,0.0,0.0
2022-12-20 14:30:00-05:00,45.43000030517578,45.84000015258789,44.97999954223633,45.28499984741211,11054,0.0,0.0
2022-12-20 15:30:00-05:00,45.40999984741211,45.81999969482422,45.369998931884766,45.474998474121094,4012,0.0,0.0
2022-12-21 09:30:00-05:00,45.689998626708984,46.22999954223633,45.689998626708984,46.22999954223633,2218,0.0,0.0
2022-12-21 10:30:00-05:00,46.56999969482422,46.900001525878906,46.25,46.58000183105469,5935,0.0,0.0
2022-12-21 11:30:00-05:00,46.599998474121094,47.04999923706055,46.209999084472656,47.005001068115234,10190,0.0,0.0
2022-12-21 12:30:00-05:00,46.974998474121094,47.005699157714844,46.872501373291016,46.872501373291016,1782,0.0,0.0
2022-12-21 13:30:00-05:00,47.02669906616211,47.4900016784668,47.02669906616211,47.4900016784668,706,0.0,0.0
2022-12-21 14:30:00-05:00,47.06999969482422,47.279998779296875,47.06999969482422,47.07500076293945,1337,0.0,0.0
2022-12-21 15:30:00-05:00,47.0,47.16999816894531,46.83000183105469,47.11000061035156,4609,0.0,0.0
2022-12-22 09:30:00-05:00,46.41999816894531,46.41999816894531,46.41999816894531,46.41999816894531,393,0.0,0.0
2022-12-22 10:30:00-05:00,46.0099983215332,46.27000045776367,45.959999084472656,45.970001220703125,1670,0.0,0.0
2022-12-22 11:30:00-05:00,45.72999954223633,45.72999954223633,45.20500183105469,45.20500183105469,2029,0.0,0.0
2022-12-22 12:30:00-05:00,45.70000076293945,45.70000076293945,45.31999969482422,45.68000030517578,2348,0.0,0.0
2022-12-22 13:30:00-05:00,45.34000015258789,45.97249984741211,45.157501220703125,45.97249984741211,8663,0.0,0.0
2022-12-22 14:30:00-05:00,45.904998779296875,46.08000183105469,45.904998779296875,46.08000183105469,3057,0.0,0.0
2022-12-22 15:30:00-05:00,45.900001525878906,45.900001525878906,45.529998779296875,45.650001525878906,8658,0.0,0.0
2022-12-23 09:30:00-05:00,45.650001525878906,45.76919937133789,44.04999923706055,45.25,4595,0.0,0.0
2022-12-23 10:30:00-05:00,45.849998474121094,45.900001525878906,45.220001220703125,45.220001220703125,1229,0.0,0.0
2022-12-23 11:30:00-05:00,45.474998474121094,45.474998474121094,44.72999954223633,45.470001220703125,6288,0.0,0.0
2022-12-23 12:30:00-05:00,45.5,45.689998626708984,45.380001068115234,45.564998626708984,7126,0.0,0.0
2022-12-23 13:30:00-05:00,45.72999954223633,45.72999954223633,44.72999954223633,44.77000045776367,3036,0.0,0.0
2022-12-23 14:30:00-05:00,44.93000030517578,45.29999923706055,44.93000030517578,45.11000061035156,2664,0.0,0.0
2022-12-23 15:30:00-05:00,45.08000183105469,45.185001373291016,44.86000061035156,45.11000061035156,3817,0.0,0.0
2022-12-27 09:30:00-05:00,45.18000030517578,45.314998626708984,45.18000030517578,45.314998626708984,356,0.0,0.0
2022-12-27 10:30:00-05:00,44.679100036621094,45.474998474121094,44.50849914550781,45.0,12812,0.0,0.0
2022-12-27 11:30:00-05:00,44.9900016784668,45.11349868774414,44.459999084472656,45.04999923706055,4028,0.0,0.0
2022-12-27 12:30:00-05:00,44.75,45.29999923706055,44.709999084472656,45.040000915527344,19683,0.0,0.0
2022-12-27 13:30:00-05:00,45.20000076293945,45.20000076293945,45.20000076293945,45.20000076293945,165,0.0,0.0
2022-12-27 14:30:00-05:00,44.849998474121094,45.244998931884766,44.849998474121094,45.244998931884766,6389,0.0,0.0
2022-12-27 15:30:00-05:00,45.4900016784668,45.560001373291016,45.09000015258789,45.150001525878906,4118,0.0,0.0
2022-12-28 09:30:00-05:00,45.11000061035156,45.11000061035156,44.20000076293945,44.939998626708984,4343,0.0,0.0
2022-12-28 10:30:00-05:00,44.72999954223633,45.439998626708984,44.58000183105469,44.827301025390625,21449,0.0,0.0
2022-12-28 11:30:00-05:00,45.02000045776367,45.099998474121094,44.84000015258789,44.939998626708984,1455,0.0,0.0
2022-12-28 13:30:00-05:00,45.0,45.209999084472656,44.63999938964844,45.20000076293945,16185,0.0,0.0
2022-12-28 14:30:00-05:00,45.150001525878906,45.33000183105469,45.04999923706055,45.04999923706055,2543,0.0,0.0
2022-12-28 15:30:00-05:00,45.0,45.36000061035156,44.95000076293945,44.95000076293945,9147,0.0,0.0
2022-12-29 09:30:00-05:00,45.52000045776367,46.33000183105469,45.20000076293945,46.33000183105469,6315,0.0,0.0
2022-12-29 10:30:00-05:00,46.20000076293945,46.560001373291016,45.939998626708984,46.470001220703125,3740,0.0,0.0
2022-12-29 11:30:00-05:00,46.099998474121094,46.4900016784668,45.900001525878906,46.400001525878906,3344,0.0,0.0
2022-12-29 12:30:00-05:00,46.16999816894531,46.8390998840332,46.16999816894531,46.560001373291016,5769,0.0,0.0
2022-12-29 13:30:00-05:00,46.04999923706055,46.18000030517578,45.93000030517578,45.939998626708984,2003,0.0,0.0
2022-12-29 14:30:00-05:00,45.7599983215332,46.564998626708984,45.599998474121094,46.07400131225586,9829,0.0,0.0
2022-12-29 15:30:00-05:00,46.209999084472656,46.36000061035156,45.97999954223633,46.150001525878906,2696,0.0,0.0
2022-12-30 09:30:00-05:00,45.27000045776367,45.90999984741211,45.27000045776367,45.90999984741211,2328,0.0,0.0
2022-12-30 10:30:00-05:00,45.56999969482422,46.54499816894531,45.3400993347168,46.29999923706055,25239,0.0,0.0
2022-12-30 11:30:00-05:00,46.25,46.45000076293945,46.25,46.45000076293945,910,0.0,0.0
2022-12-30 12:30:00-05:00,46.599998474121094,46.94499969482422,46.58000183105469,46.810001373291016,2782,0.0,0.0
2022-12-30 13:30:00-05:00,47.38999938964844,47.38999938964844,45.810001373291016,45.939998626708984,5637,0.0,0.0
2022-12-30 14:30:00-05:00,46.08000183105469,46.69499969482422,46.02000045776367,46.6349983215332,4882,0.0,0.0
2022-12-30 15:30:00-05:00,46.525001525878906,47.54999923706055,46.525001525878906,47.5,20743,0.0,0.0
2023-01-03 09:30:00-05:00,47.209999084472656,47.619998931884766,46.58420181274414,47.43000030517578,8132,0.0,0.0
2023-01-03 10:30:00-05:00,47.25,47.529998779296875,46.7599983215332,46.7599983215332,5974,0.0,0.0
2023-01-03 11:30:00-05:00,46.599998474121094,46.81999969482422,46.400001525878906,46.439998626708984,3940,0.0,0.0
2023-01-03 12:30:00-05:00,46.75,46.77000045776367,46.27000045776367,46.36000061035156,5261,0.0,0.0
2023-01-03 13:30:00-05:00,46.150001525878906,46.709999084472656,46.04999923706055,46.04999923706055,12264,0.0,0.0
2023-01-03 14:30:00-05:00,45.97999954223633,46.5,45.96500015258789,46.11000061035156,4849,0.0,0.0
2023-01-03 15:30:00-05:00,46.05500030517578,46.93000030517578,46.040000915527344,46.38999938964844,10884,0.0,0.0
2023-01-04 09:30:00-05:00,46.849998474121094,47.79999923706055,46.599998474121094,47.79999923706055,1851,0.0,0.0
2023-01-04 10:30:00-05:00,46.65999984741211,47.0,46.54999923706055,46.64500045776367,5037,0.0,0.0
2023-01-04 11:30:00-05:00,46.279998779296875,46.83000183105469,46.25,46.349998474121094,16038,0.0,0.0
2023-01-04 12:30:00-05:00,46.47999954223633,46.709999084472656,46.08000183105469,46.709999084472656,9886,0.0,0.0
2023-01-04 13:30:00-05:00,46.25,46.58000183105469,46.1150016784668,46.1150016784668,4766,0.0,0.0
2023-01-04 14:30:00-05:00,45.810001373291016,46.349998474121094,45.7599983215332,46.20119857788086,2259,0.0,0.0
2023-01-04 15:30:00-05:00,45.779998779296875,46.65999984741211,45.779998779296875,46.41999816894531,6630,0.0,0.0
2023-01-05 09:30:00-05:00,45.279998779296875,46.41999816894531,45.279998779296875,46.20000076293945,5899,0.0,0.0
2023-01-05 10:30:00-05:00,45.7599983215332,46.2599983215332,45.540000915527344,45.779998779296875,6215,0.0,0.0
2023-01-05 11:30:00-05:00,45.45000076293945,45.75,45.310001373291016,45.5,4408,0.0,0.0
2023-01-05 12:30:00-05:00,45.324501037597656,45.77989959716797,45.279998779296875,45.689998626708984,7188,0.0,0.0
2023-01-05 13:30:00-05:00,45.61000061035156,45.75,45.50019836425781,45.50019836425781,1253,0.0,0.0
2023-01-05 14:30:00-05:00,45.900001525878906,45.900001525878906,45.5099983215332,45.6349983215332,4774,0.0,0.0
2023-01-05 15:30:00-05:00,45.59000015258789,45.845001220703125,45.36000061035156,45.59000015258789,5188,0.0,0.0
2023-01-06 09:30:00-05:00,46.45000076293945,46.9900016784668,45.650001525878906,46.349998474121094,5165,0.0,0.0
2023-01-06 10:30:00-05:00,46.40999984741211,47.20000076293945,46.380001068115234,47.029998779296875,6584,0.0,0.0
2023-01-06 11:30:00-05:00,47.29999923706055,47.60749816894531,47.29999923706055,47.43000030517578,2037,0.0,0.0
2023-01-06 12:30:00-05:00,47.130001068115234,47.63999938964844,47.130001068115234,47.4900016784668,1135,0.0,0.0
2023-01-06 13:30:00-05:00,47.61000061035156,47.779998779296875,47.56999969482422,47.779998779296875,2782,0.0,0.0
2023-01-06 14:30:00-05:00,47.79999923706055,48.06999969482422,47.52000045776367,47.88999938964844,10141,0.0,0.0
2023-01-06 15:30:00-05:00,48.040000915527344,48.16999816894531,47.88999938964844,48.15999984741211,4578,0.0,0.0
2023-01-09 09:30:00-05:00,48.81999969482422,49.790000915527344,48.81999969482422,49.709999084472656,5321,0.0,0.0
2023-01-09 10:30:00-05:00,49.682098388671875,50.0,49.66999816894531,49.79999923706055,2246,0.0,0.0
2023-01-09 11:30:00-05:00,49.849998474121094,50.192501068115234,49.58000183105469,49.900001525878906,2080,0.0,0.0
2023-01-09 12:30:00-05:00,49.75,49.88999938964844,49.72999954223633,49.84000015258789,2609,0.0,0.0
2023-01-09 13:30:00-05:00,49.7400016784668,49.7400016784668,49.54999923706055,49.54999923706055,558,0.0,0.0
2023-01-09 14:30:00-05:00,49.5,49.5,49.0099983215332,49.27000045776367,3120,0.0,0.0
2023-01-09 15:30:00-05:00,49.19499969482422,49.41999816894531,48.779998779296875,49.20000076293945,7440,0.0,0.0
2023-01-10 09:30:00-05:00,49.0,49.70000076293945,48.45000076293945,49.66999816894531,0,0.0,0.0
2023-01-10 10:30:00-05:00,49.84000015258789,50.290000915527344,49.4900016784668,50.09000015258789,5525,0.0,0.0
2023-01-10 11:30:00-05:00,49.9900016784668,50.060001373291016,49.40999984741211,49.97999954223633,7004,0.0,0.0
2023-01-10 12:30:00-05:00,49.97999954223633,50.154998779296875,49.5,49.64830017089844,9173,0.0,0.0
2023-01-10 13:30:00-05:00,49.68000030517578,50.02000045776367,49.59000015258789,50.02000045776367,13506,0.0,0.0
2023-01-10 14:30:00-05:00,50.0099983215332,50.165000915527344,49.845001220703125,49.86000061035156,2445,0.0,0.0
2023-01-10 15:30:00-05:00,50.099998474121094,50.45000076293945,50.099998474121094,50.279998779296875,2881,0.0,0.0
2023-01-11 09:30:00-05:00,50.904998779296875,50.904998779296875,50.130001068115234,50.47999954223633,1878,0.0,0.0
2023-01-11 10:30:00-05:00,50.099998474121094,50.599998474121094,49.79999923706055,49.900001525878906,12675,0.0,0.0
2023-01-11 11:30:00-05:00,49.689998626708984,50.20000076293945,49.689998626708984,50.09000015258789,3833,0.0,0.0
2023-01-11 12:30:00-05:00,49.880001068115234,49.93000030517578,49.70000076293945,49.86000061035156,3160,0.0,0.0
2023-01-11 13:30:00-05:00,49.720001220703125,50.5,49.720001220703125,50.4900016784668,10661,0.0,0.0
2023-01-11 14:30:00-05:00,50.43000030517578,50.470001220703125,50.220001220703125,50.34000015258789,2847,0.0,0.0
2023-01-11 15:30:00-05:00,50.5099983215332,51.59000015258789,50.4900016784668,51.59000015258789,17823,0.0,0.0
2023-01-12 09:30:00-05:00,51.2599983215332,51.689998626708984,50.7400016784668,51.68960189819336,0,0.0,0.0
2023-01-12 10:30:00-05:00,51.52000045776367,51.68000030517578,50.209999084472656,50.599998474121094,11189,0.0,0.0
2023-01-12 11:30:00-05:00,50.58000183105469,51.04610061645508,50.20000076293945,50.86000061035156,15256,0.0,0.0
2023-01-12 12:30:00-05:00,51.099998474121094,51.220001220703125,50.83000183105469,51.220001220703125,5341,0.0,0.0
2023-01-12 13:30:00-05:00,50.650001525878906,51.60710144042969,50.45000076293945,50.810001373291016,10890,0.0,0.0
2023-01-12 14:30:00-05:00,50.68000030517578,51.11029815673828,50.63999938964844,50.72999954223633,5732,0.0,0.0
2023-01-12 15:30:00-05:00,50.7400016784668,51.16999816894531,50.7400016784668,51.04999923706055,3600,0.0,0.0
2023-01-13 09:30:00-05:00,50.33000183105469,51.650001525878906,50.33000183105469,50.849998474121094,8503,0.0,0.0
2023-01-13 10:30:00-05:00,50.650001525878906,51.029998779296875,50.52000045776367,50.72999954223633,13488,0.0,0.0
2023-01-13 11:30:00-05:00,50.63999938964844,50.75,50.380001068115234,50.59000015258789,10487,0.0,0.0
2023-01-13 12:30:00-05:00,50.65999984741211,50.68000030517578,50.209999084472656,50.209999084472656,9629,0.0,0.0
2023-01-13 13:30:00-05:00,50.349998474121094,50.849998474121094,50.33000183105469,50.529998779296875,8582,0.0,0.0
2023-01-13 14:30:00-05:00,50.29750061035156,50.61000061035156,50.29750061035156,50.52000045776367,1699,0.0,0.0
2023-01-13 15:30:00-05:00,50.459999084472656,50.9900016784668,50.459999084472656,50.9900016784668,4654,0.0,0.0
2023-01-17 09:30:00-05:00,50.720001220703125,51.349998474121094,50.560001373291016,51.25,4647,0.0,0.0
2023-01-17 10:30:00-05:00,50.91999816894531,51.16999816894531,50.790000915527344,50.95000076293945,5578,0.0,0.0
2023-01-17 11:30:00-05:00,51.029998779296875,51.380001068115234,50.77000045776367,51.279998779296875,12983,0.0,0.0
2023-01-17 12:30:00-05:00,51.22999954223633,51.790000915527344,51.150001525878906,51.529998779296875,9936,0.0,0.0
2023-01-17 13:30:00-05:00,51.33000183105469,51.78499984741211,51.119998931884766,51.45000076293945,7168,0.0,0.0
2023-01-17 14:30:00-05:00,51.279998779296875,51.54999923706055,51.279998779296875,51.529998779296875,3020,0.0,0.0
2023-01-17 15:30:00-05:00,51.689998626708984,51.709999084472656,51.529998779296875,51.529998779296875,2244,0.0,0.0
2023-01-18 09:30:00-05:00,51.689998626708984,52.2599983215332,51.689998626708984,52.02000045776367,3524,0.0,0.0
2023-01-18 10:30:00-05:00,51.56999969482422,51.810001373291016,51.33000183105469,51.380001068115234,6898,0.0,0.0
2023-01-18 11:30:00-05:00,51.43000030517578,51.43000030517578,50.779998779296875,50.9995002746582,13109,0.0,0.0
2023-01-18 12:30:00-05:00,51.150001525878906,51.150001525878906,50.66999816894531,50.88999938964844,12027,0.0,0.0
2023-01-18 13:30:00-05:00,50.97999954223633,51.03499984741211,50.25,50.349998474121094,6492,0.0,0.0
2023-01-18 14:30:00-05:00,50.58000183105469,50.80509948730469,50.29999923706055,50.29999923706055,7820,0.0,0.0
2023-01-18 15:30:00-05:00,50.20000076293945,50.20000076293945,49.709999084472656,49.790000915527344,5048,0.0,0.0
2023-01-19 09:30:00-05:00,49.310001373291016,50.290000915527344,48.560001373291016,48.709999084472656,3898,0.0,0.0
2023-01-19 10:30:00-05:00,48.68000030517578,48.689998626708984,48.130001068115234,48.58000183105469,12420,0.0,0.0
2023-01-19 11:30:00-05:00,48.59000015258789,49.22999954223633,48.349998474121094,49.22999954223633,9146,0.0,0.0
2023-01-19 12:30:00-05:00,48.97999954223633,49.25,48.84000015258789,49.09000015258789,4994,0.0,0.0
2023-01-19 13:30:00-05:00,49.52000045776367,49.88999938964844,49.349998474121094,49.58000183105469,2293,0.0,0.0
2023-01-19 14:30:00-05:00,49.944000244140625,49.944000244140625,49.38999938964844,49.630001068115234,5213,0.0,0.0
2023-01-19 15:30:00-05:00,49.72999954223633,49.790000915527344,49.279998779296875,49.40999984741211,10973,0.0,0.0
2023-01-20 09:30:00-05:00,49.779998779296875,50.130001068115234,47.9900016784668,50.04999923706055,8213,0.0,0.0
2023-01-20 10:30:00-05:00,50.0099983215332,50.36000061035156,50.0099983215332,50.36000061035156,3114,0.0,0.0
2023-01-20 11:30:00-05:00,50.380001068115234,50.54999923706055,49.86000061035156,50.209999084472656,7111,0.0,0.0
2023-01-20 12:30:00-05:00,50.04999923706055,50.06999969482422,49.400001525878906,49.5099983215332,5074,0.0,0.0
2023-01-20 13:30:00-05:00,49.540000915527344,50.03239822387695,49.540000915527344,50.03239822387695,1616,0.0,0.0
2023-01-20 14:30:00-05:00,50.06999969482422,50.06999969482422,49.58000183105469,49.58000183105469,557,0.0,0.0
2023-01-20 15:30:00-05:00,50.08000183105469,50.41999816894531,49.9900016784668,50.41999816894531,7109,0.0,0.0
2023-01-23 09:30:00-05:00,50.25,50.63999938964844,49.95000076293945,50.58000183105469,10684,0.0,0.0
2023-01-23 10:30:00-05:00,50.61000061035156,50.61000061035156,50.61000061035156,50.61000061035156,398,0.0,0.0
2023-01-23 11:30:00-05:00,50.209999084472656,50.90999984741211,50.20000076293945,50.90999984741211,3127,0.0,0.0
2023-01-23 12:30:00-05:00,50.90999984741211,51.685001373291016,50.90999984741211,51.685001373291016,4050,0.0,0.0
2023-01-23 13:30:00-05:00,51.84000015258789,52.0,51.4900016784668,51.849998474121094,5066,0.0,0.0
2023-01-23 14:30:00-05:00,51.68000030517578,51.9900016784668,51.619998931884766,51.709999084472656,3880,0.0,0.0
2023-01-23 15:30:00-05:00,51.7400016784668,51.98500061035156,51.619998931884766,51.91999816894531,4170,0.0,0.0
2023-01-24 09:30:00-05:00,51.119998931884766,52.33000183105469,50.75,51.90999984741211,8275,0.0,0.0
2023-01-24 10:30:00-05:00,52.119998931884766,52.29999923706055,52.119998931884766,52.29999923706055,1266,0.0,0.0
2023-01-24 11:30:00-05:00,52.099998474121094,52.099998474121094,52.040000915527344,52.040000915527344,647,0.0,0.0
2023-01-24 12:30:00-05:00,52.0099983215332,52.33000183105469,52.0099983215332,52.33000183105469,498,0.0,0.0
2023-01-24 13:30:00-05:00,51.93000030517578,52.56999969482422,51.93000030517578,52.08000183105469,4656,0.0,0.0
2023-01-24 14:30:00-05:00,51.724998474121094,51.724998474121094,51.525001525878906,51.525001525878906,1032,0.0,0.0
2023-01-24 15:30:00-05:00,51.959999084472656,51.959999084472656,51.52000045776367,51.58000183105469,3677,0.0,0.0
2023-01-25 09:30:00-05:00,51.70000076293945,51.70000076293945,50.560001373291016,50.935001373291016,10141,0.0,0.0
2023-01-25 10:30:00-05:00,50.66999816894531,51.31999969482422,50.630001068115234,51.31999969482422,2907,0.0,0.0
2023-01-25 11:30:00-05:00,51.5099983215332,51.5099983215332,51.34000015258789,51.34000015258789,935,0.0,0.0
2023-01-25 12:30:00-05:00,51.52000045776367,51.56999969482422,51.439998626708984,51.56999969482422,1620,0.0,0.0
2023-01-25 13:30:00-05:00,51.04999923706055,51.7599983215332,51.04999923706055,51.7599983215332,1800,0.0,0.0
2023-01-25 14:30:00-05:00,51.849998474121094,52.04999923706055,51.849998474121094,52.04999923706055,2023,0.0,0.0
2023-01-25 15:30:00-05:00,52.11000061035156,52.189998626708984,51.97999954223633,52.06999969482422,3379,0.0,0.0
2023-01-26 09:30:00-05:00,51.72999954223633,52.380001068115234,51.72999954223633,52.29999923706055,7518,0.0,0.0
2023-01-26 10:30:00-05:00,52.25,52.400001525878906,51.959999084472656,52.290000915527344,2928,0.0,0.0
2023-01-26 11:30:00-05:00,52.41999816894531,52.689998626708984,52.34000015258789,52.599998474121094,4971,0.0,0.0
2023-01-26 12:30:00-05:00,52.349998474121094,52.9900016784668,52.349998474121094,52.63999938964844,11297,0.0,0.0
2023-01-26 13:30:00-05:00,52.540000915527344,52.849998474121094,52.369998931884766,52.43000030517578,3440,0.0,0.0
2023-01-26 14:30:00-05:00,52.43000030517578,52.71500015258789,52.43000030517578,52.71500015258789,436,0.0,0.0
2023-01-26 15:30:00-05:00,52.709999084472656,52.959999084472656,52.61000061035156,52.790000915527344,4942,0.0,0.0
2023-01-27 09:30:00-05:00,52.130001068115234,53.5,52.130001068115234,53.5,8971,0.0,0.0
2023-01-27 10:30:00-05:00,53.22999954223633,53.38999938964844,52.90520095825195,53.0,9549,0.0,0.0
2023-01-27 11:30:00-05:00,52.90999984741211,53.5,52.90999984741211,53.459999084472656,8073,0.0,0.0
2023-01-27 12:30:00-05:00,53.22999954223633,53.41999816894531,53.060001373291016,53.279998779296875,6124,0.0,0.0
2023-01-27 13:30:00-05:00,53.25,53.290000915527344,53.14500045776367,53.290000915527344,1493,0.0,0.0
2023-01-27 14:30:00-05:00,53.029998779296875,53.27000045776367,53.029998779296875,53.27000045776367,1610,0.0,0.0
2023-01-27 15:30:00-05:00,53.53929901123047,53.53929901123047,53.220001220703125,53.34000015258789,2938,0.0,0.0
2023-01-30 09:30:00-05:00,52.900001525878906,53.68000030517578,52.900001525878906,53.65999984741211,12751,0.0,0.0
2023-01-30 10:30:00-05:00,53.380001068115234,53.70000076293945,53.060001373291016,53.25,9104,0.0,0.0
2023-01-30 11:30:00-05:00,53.31999969482422,53.31999969482422,53.04999923706055,53.279998779296875,6900,0.0,0.0
2023-01-30 12:30:00-05:00,53.119998931884766,53.38999938964844,53.060001373291016,53.38999938964844,2714,0.0,0.0
2023-01-30 13:30:00-05:00,53.0099983215332,53.27000045776367,53.0099983215332,53.25,988,0.0,0.0
2023-01-30 14:30:00-05:00,53.25,53.25,52.5099983215332,52.7599983215332,12794,0.0,0.0
2023-01-30 15:30:00-05:00,52.810001373291016,53.189998626708984,52.810001373291016,53.16999816894531,8448,0.0,0.0
2023-01-31 09:30:00-05:00,52.86000061035156,53.54999923706055,52.65999984741211,53.529998779296875,6657,0.0,0.0
2023-01-31 10:30:00-05:00,53.900001525878906,53.900001525878906,53.900001525878906,53.900001525878906,1102,0.0,0.0
2023-01-31 12:30:00-05:00,54.29499816894531,54.5099983215332,54.29499816894531,54.459999084472656,1515,0.0,0.0
2023-01-31 13:30:00-05:00,54.23500061035156,54.3849983215332,54.23500061035156,54.345001220703125,1808,0.0,0.0
2023-01-31 14:30:00-05:00,53.880001068115234,54.20000076293945,53.78990173339844,54.20000076293945,3340,0.0,0.0
2023-01-31 15:30:00-05:00,54.2599983215332,55.0,54.16999816894531,54.7599983215332,8978,0.0,0.0
2023-02-01 09:30:00-05:00,55.08000183105469,55.459999084472656,54.849998474121094,55.03010177612305,3167,0.0,0.0
2023-02-01 10:30:00-05:00,55.46500015258789,55.46500015258789,55.209999084472656,55.415000915527344,1743,0.0,0.0
2023-02-01 11:30:00-05:00,55.29010009765625,55.720001220703125,55.29010009765625,55.58000183105469,6533,0.0,0.0
2023-02-01 12:30:00-05:00,55.599998474121094,55.75,55.185001373291016,55.4900016784668,6443,0.0,0.0
2023-02-01 13:30:00-05:00,55.5099983215332,55.790000915527344,55.060001373291016,55.65999984741211,8596,0.0,0.0
2023-02-01 14:30:00-05:00,55.59000015258789,56.7400016784668,55.5099983215332,56.56999969482422,9594,0.0,0.0
2023-02-01 15:30:00-05:00,56.63999938964844,57.0,55.880001068115234,56.189998626708984,11642,0.0,0.0
2023-02-02 09:30:00-05:00,56.56999969482422,57.529998779296875,56.099998474121094,56.630001068115234,14664,0.0,0.0
2023-02-02 10:30:00-05:00,56.5,56.689998626708984,55.880001068115234,55.970001220703125,6837,0.0,0.0
2023-02-02 11:30:00-05:00,55.869998931884766,56.83000183105469,55.529998779296875,56.650001525878906,7701,0.0,0.0
2023-02-02 12:30:00-05:00,56.72999954223633,57.189998626708984,56.529998779296875,56.654998779296875,6798,0.0,0.0
2023-02-02 13:30:00-05:00,57.0,57.43000030517578,56.43009948730469,56.43009948730469,14296,0.0,0.0
2023-02-02 14:30:00-05:00,56.76499938964844,56.76499938964844,55.06999969482422,55.689998626708984,11407,0.0,0.0
2023-02-02 15:30:00-05:00,55.52000045776367,56.029998779296875,55.43000030517578,56.029998779296875,10140,0.0,0.0
2023-02-03 09:30:00-05:00,55.529998779296875,56.099998474121094,54.349998474121094,55.790000915527344,10405,0.0,0.0
2023-02-03 10:30:00-05:00,55.97999954223633,56.630001068115234,55.97999954223633,56.61000061035156,2163,0.0,0.0
2023-02-03 11:30:00-05:00,56.599998474121094,56.79999923706055,56.09000015258789,56.79999923706055,5879,0.0,0.0
2023-02-03 12:30:00-05:00,56.84000015258789,57.27000045776367,56.31999969482422,56.619998931884766,14921,0.0,0.0
2023-02-03 13:30:00-05:00,56.380001068115234,56.720001220703125,56.369998931884766,56.58000183105469,4306,0.0,0.0
2023-02-03 14:30:00-05:00,56.81999969482422,56.88999938964844,56.27790069580078,56.77000045776367,4396,0.0,0.0
2023-02-03 15:30:00-05:00,56.790000915527344,57.0,56.59000015258789,56.88999938964844,6159,0.0,0.0
2023-02-06 09:30:00-05:00,56.810001373291016,56.810001373291016,55.40999984741211,55.599998474121094,13217,0.0,0.0
2023-02-06 10:30:00-05:00,55.45000076293945,55.70000076293945,55.369998931884766,55.5099983215332,8196,0.0,0.0
2023-02-06 11:30:00-05:00,55.369998931884766,55.43000030517578,54.9109001159668,55.2599983215332,7013,0.0,0.0
2023-02-06 12:30:00-05:00,55.099998474121094,55.31999969482422,55.08000183105469,55.099998474121094,2922,0.0,0.0
2023-02-06 13:30:00-05:00,54.90999984741211,55.20000076293945,54.90999984741211,55.189998626708984,5409,0.0,0.0
2023-02-06 14:30:00-05:00,54.90999984741211,54.91999816894531,54.72999954223633,54.72999954223633,3282,0.0,0.0
2023-02-06 15:30:00-05:00,54.619998931884766,55.20000076293945,54.619998931884766,55.09000015258789,8348,0.0,0.0
2023-02-07 09:30:00-05:00,54.880001068115234,55.0,53.95000076293945,54.63999938964844,11932,0.0,0.0
2023-02-07 10:30:00-05:00,54.650001525878906,54.650001525878906,54.119998931884766,54.369998931884766,10837,0.0,0.0
2023-02-07 11:30:00-05:00,54.18000030517578,54.47999954223633,54.18000030517578,54.189998626708984,3863,0.0,0.0
2023-02-07 12:30:00-05:00,54.349998474121094,54.900001525878906,54.04999923706055,54.22999954223633,16303,0.0,0.0
2023-02-07 13:30:00-05:00,54.08000183105469,54.619998931884766,53.68000030517578,54.619998931884766,9588,0.0,0.0
2023-02-07 14:30:00-05:00,54.41999816894531,54.70000076293945,54.41999816894531,54.70000076293945,5854,0.0,0.0
2023-02-07 15:30:00-05:00,54.58000183105469,55.36000061035156,54.58000183105469,54.84000015258789,15947,0.0,0.0
2023-02-08 09:30:00-05:00,53.79999923706055,54.470001220703125,53.779998779296875,54.400001525878906,21284,0.0,0.0
2023-02-08 10:30:00-05:00,54.439998626708984,54.70000076293945,54.185001373291016,54.185001373291016,9052,0.0,0.0
2023-02-08 11:30:00-05:00,53.91999816894531,54.18000030517578,53.47999954223633,54.18000030517578,10701,0.0,0.0
2023-02-08 12:30:00-05:00,54.04999923706055,54.439998626708984,54.04999923706055,54.25,2269,0.0,0.0
2023-02-08 13:30:00-05:00,54.18000030517578,54.38999938964844,54.0,54.029998779296875,6655,0.0,0.0
2023-02-08 14:30:00-05:00,54.13999938964844,54.13999938964844,54.01499938964844,54.040000915527344,1066,0.0,0.0
2023-02-08 15:30:00-05:00,54.20000076293945,54.45000076293945,54.20000076293945,54.45000076293945,8099,0.0,0.0
2023-02-09 09:30:00-05:00,54.88999938964844,55.58000183105469,54.41999816894531,55.04999923706055,0,0.0,0.0
2023-02-09 10:30:00-05:00,54.869998931884766,55.099998474121094,54.45000076293945,54.68000030517578,9079,0.0,0.0
2023-02-09 11:30:00-05:00,54.52000045776367,54.56999969482422,54.029998779296875,54.314998626708984,9865,0.0,0.0
2023-02-09 12:30:00-05:00,54.099998474121094,54.29999923706055,53.599998474121094,53.70000076293945,7668,0.0,0.0
2023-02-09 13:30:00-05:00,53.91999816894531,53.91999816894531,53.45500183105469,53.5,2099,0.0,0.0
2023-02-09 14:30:00-05:00,53.61000061035156,53.689998626708984,53.11009979248047,53.11009979248047,1868,0.0,0.0
2023-02-09 15:30:00-05:00,53.35499954223633,53.5,53.26499938964844,53.38999938964844,5486,0.0,0.0
2023-02-10 09:30:00-05:00,53.459999084472656,53.630001068115234,52.79999923706055,53.5,12630,0.0,0.0
2023-02-10 10:30:00-05:00,53.5,53.5,53.08000183105469,53.40999984741211,4095,0.0,0.0
2023-02-10 11:30:00-05:00,53.209999084472656,53.33000183105469,52.66999816894531,53.06999969482422,11364,0.0,0.0
2023-02-10 12:30:00-05:00,52.93000030517578,53.400001525878906,52.93000030517578,53.38999938964844,4871,0.0,0.0
2023-02-10 13:30:00-05:00,53.290000915527344,53.290000915527344,53.06999969482422,53.09000015258789,3181,0.0,0.0
2023-02-10 14:30:00-05:00,53.29999923706055,53.369998931884766,53.08000183105469,53.29999923706055,11032,0.0,0.0
2023-02-10 15:30:00-05:00,53.29999923706055,53.599998474121094,53.29999923706055,53.599998474121094,10237,0.0,0.0
2023-02-13 09:30:00-05:00,53.880001068115234,54.349998474121094,53.04999923706055,54.349998474121094,15327,0.0,0.0
2023-02-13 10:30:00-05:00,54.29999923706055,54.29999923706055,54.04999923706055,54.22999954223633,7136,0.0,0.0
2023-02-13 11:30:00-05:00,54.13999938964844,54.42499923706055,54.13999938964844,54.290000915527344,7655,0.0,0.0
2023-02-13 12:30:00-05:00,54.16999816894531,54.70000076293945,54.16999816894531,54.650001525878906,8019,0.0,0.0
2023-02-13 13:30:00-05:00,54.7400016784668,55.16999816894531,54.7400016784668,55.099998474121094,8144,0.0,0.0
2023-02-13 14:30:00-05:00,55.095001220703125,55.349998474121094,55.095001220703125,55.22999954223633,4830,0.0,0.0
2023-02-13 15:30:00-05:00,55.207000732421875,55.33000183105469,54.79999923706055,54.93000030517578,7889,0.0,0.0
2023-02-14 09:30:00-05:00,54.790000915527344,54.97999954223633,53.040000915527344,54.849998474121094,14665,0.0,0.0
2023-02-14 10:30:00-05:00,54.505001068115234,54.505001068115234,53.880001068115234,54.27000045776367,5878,0.0,0.0
2023-02-14 11:30:00-05:00,53.630001068115234,54.099998474121094,53.41999816894531,53.810001373291016,10353,0.0,0.0
2023-02-14 12:30:00-05:00,53.70000076293945,54.41999816894531,53.68000030517578,54.2599983215332,8165,0.0,0.0
2023-02-14 13:30:00-05:00,54.11000061035156,54.29999923706055,54.09000015258789,54.09000015258789,1896,0.0,0.0
2023-02-14 14:30:00-05:00,54.224998474121094,54.380001068115234,54.224998474121094,54.2400016784668,1593,0.0,0.0
2023-02-14 15:30:00-05:00,54.165000915527344,54.31999969482422,53.904998779296875,53.904998779296875,6726,0.0,0.0
2023-02-15 09:30:00-05:00,53.599998474121094,54.400001525878906,53.14500045776367,54.150001525878906,17567,0.0,0.0
2023-02-15 10:30:00-05:00,54.220001220703125,54.81999969482422,54.220001220703125,54.529998779296875,9813,0.0,0.0
2023-02-15 11:30:00-05:00,54.43000030517578,54.5099983215332,54.130001068115234,54.189998626708984,6955,0.0,0.0
2023-02-15 12:30:00-05:00,54.369998931884766,54.57500076293945,54.220001220703125,54.5099983215332,2626,0.0,0.0
2023-02-15 13:30:00-05:00,54.70000076293945,54.70000076293945,54.41999816894531,54.41999816894531,1223,0.0,0.0
2023-02-15 14:30:00-05:00,54.5,54.75,54.47999954223633,54.654998779296875,3857,0.0,0.0
2023-02-15 15:30:00-05:00,54.47999954223633,54.61000061035156,54.45000076293945,54.61000061035156,3424,0.0,0.0
2023-02-16 09:30:00-05:00,53.790000915527344,54.52000045776367,53.650001525878906,54.11000061035156,19152,0.0,0.0
2023-02-16 10:30:00-05:00,54.4900016784668,54.7400016784668,54.209999084472656,54.7400016784668,1125,0.0,0.0
2023-02-16 11:30:00-05:00,55.0,55.34000015258789,54.459999084472656,54.810001373291016,9263,0.0,0.0
2023-02-16 12:30:00-05:00,54.900001525878906,55.41999816894531,54.900001525878906,54.97999954223633,2573,0.0,0.0
2023-02-16 13:30:00-05:00,54.97999954223633,55.28499984741211,54.970001220703125,55.28499984741211,2856,0.0,0.0
2023-02-16 14:30:00-05:00,55.380001068115234,55.380001068115234,54.71500015258789,54.880001068115234,2147,0.0,0.0
2023-02-16 15:30:00-05:00,54.779998779296875,54.86000061035156,54.560001373291016,54.560001373291016,3650,0.0,0.0
2023-02-17 09:30:00-05:00,55.0,55.279998779296875,54.41999816894531,55.15999984741211,20777,0.0,0.0
2023-02-17 10:30:00-05:00,54.97999954223633,55.150001525878906,54.810001373291016,54.83000183105469,6972,0.0,0.0
2023-02-17 11:30:00-05:00,54.630001068115234,54.91999816894531,54.580101013183594,54.580101013183594,3476,0.0,0.0
2023-02-17 12:30:00-05:00,54.95000076293945,55.20000076293945,54.73500061035156,55.150001525878906,4694,0.0,0.0
2023-02-17 13:30:00-05:00,55.2599983215332,55.66999816894531,55.2599983215332,55.66999816894531,2074,0.0,0.0
2023-02-17 14:30:00-05:00,55.650001525878906,55.775001525878906,55.45500183105469,55.45500183105469,1620,0.0,0.0
2023-02-17 15:30:00-05:00,55.43000030517578,55.58000183105469,55.349998474121094,55.54999923706055,3484,0.0,0.0
2023-02-21 09:30:00-05:00,54.70000076293945,55.52000045776367,54.5,54.5,12296,0.0,0.0
2023-02-21 10:30:00-05:00,54.650001525878906,54.709999084472656,54.05160140991211,54.369998931884766,8615,0.0,0.0
2023-02-21 11:30:00-05:00,54.04999923706055,54.40999984741211,54.0099983215332,54.15999984741211,8358,0.0,0.0
2023-02-21 12:30:00-05:00,54.04999923706055,54.29999923706055,53.2599983215332,53.2599983215332,13345,0.0,0.0
2023-02-21 13:30:00-05:00,53.25,53.275001525878906,53.25,53.275001525878906,453,0.0,0.0
2023-02-21 14:30:00-05:00,53.27000045776367,53.560001373291016,53.099998474121094,53.349998474121094,2075,0.0,0.0
2023-02-21 15:30:00-05:00,53.40999984741211,53.59000015258789,53.099998474121094,53.15999984741211,6163,0.0,0.0
2023-02-22 09:30:00-05:00,53.0,53.93000030517578,52.470001220703125,53.189998626708984,10454,0.0,0.0
2023-02-22 10:30:00-05:00,53.060001373291016,53.439998626708984,52.869998931884766,53.43000030517578,4529,0.0,0.0
2023-02-22 11:30:00-05:00,53.310001373291016,53.540000915527344,53.099998474121094,53.529998779296875,5460,0.0,0.0
2023-02-22 12:30:00-05:00,53.43000030517578,53.5099983215332,53.43000030517578,53.5099983215332,1347,0.0,0.0
2023-02-22 13:30:00-05:00,53.41999816894531,53.720001220703125,53.220001220703125,53.63999938964844,8605,0.0,0.0
2023-02-22 14:30:00-05:00,53.529998779296875,53.68000030517578,53.18000030517578,53.400001525878906,13614,0.0,0.0
2023-02-22 15:30:00-05:00,53.34000015258789,53.880001068115234,53.34000015258789,53.849998474121094,7663,0.0,0.0
2023-02-23 09:30:00-05:00,53.619998931884766,54.81999969482422,53.619998931884766,54.369998931884766,4705,0.0,0.0
2023-02-23 10:30:00-05:00,54.16999816894531,54.33000183105469,53.72999954223633,54.02000045776367,4051,0.0,0.0
2023-02-23 11:30:00-05:00,53.95000076293945,54.099998474121094,53.369998931884766,53.68000030517578,5696,0.0,0.0
2023-02-23 12:30:00-05:00,53.459999084472656,53.6077995300293,53.459999084472656,53.4900016784668,2901,0.0,0.0
2023-02-23 13:30:00-05:00,53.68000030517578,53.92499923706055,53.439998626708984,53.83000183105469,8571,0.0,0.0
2023-02-23 14:30:00-05:00,53.974998474121094,54.36000061035156,53.974998474121094,54.36000061035156,3049,0.0,0.0
2023-02-23 15:30:00-05:00,54.435001373291016,54.5,54.220001220703125,54.380001068115234,6534,0.0,0.0
2023-02-24 09:30:00-05:00,53.22999954223633,54.2599983215332,53.099998474121094,53.79999923706055,10474,0.0,0.0
2023-02-24 10:30:00-05:00,53.63999938964844,53.90999984741211,53.63999938964844,53.849998474121094,3211,0.0,0.0
2023-02-24 11:30:00-05:00,53.90999984741211,54.04999923706055,53.72999954223633,53.72999954223633,7686,0.0,0.0
2023-02-24 12:30:00-05:00,53.72999954223633,53.83000183105469,53.66999816894531,53.689998626708984,2283,0.0,0.0
2023-02-24 13:30:00-05:00,53.65999984741211,53.97999954223633,53.58000183105469,53.6349983215332,1939,0.0,0.0
2023-02-24 14:30:00-05:00,53.779998779296875,53.84000015258789,53.77000045776367,53.83000183105469,1408,0.0,0.0
2023-02-24 15:30:00-05:00,53.81999969482422,54.130001068115234,53.7400016784668,54.130001068115234,4068,0.0,0.0
2023-02-27 09:30:00-05:00,54.29999923706055,55.25,53.97999954223633,55.25,4279,0.0,0.0
2023-02-27 10:30:00-05:00,55.27000045776367,55.869998931884766,55.22999954223633,55.869998931884766,5143,0.0,0.0
2023-02-27 11:30:00-05:00,55.775001525878906,56.220001220703125,55.58000183105469,56.209999084472656,8014,0.0,0.0
2023-02-27 12:30:00-05:00,56.279998779296875,56.470001220703125,56.16999816894531,56.470001220703125,3088,0.0,0.0
2023-02-27 13:30:00-05:00,56.540000915527344,56.845001220703125,56.310001373291016,56.84000015258789,3443,0.0,0.0
2023-02-27 14:30:00-05:00,56.79999923706055,56.88999938964844,56.41999816894531,56.45000076293945,8168,0.0,0.0
2023-02-27 15:30:00-05:00,56.40999984741211,56.939998626708984,56.40999984741211,56.93000030517578,13461,0.0,0.0
2023-02-28 09:30:00-05:00,56.650001525878906,57.59000015258789,56.20000076293945,57.18000030517578,9411,0.0,0.0
2023-02-28 10:30:00-05:00,57.16999816894531,57.31999969482422,56.58000183105469,57.119998931884766,13975,0.0,0.0
2023-02-28 11:30:00-05:00,57.11000061035156,57.400001525878906,56.970001220703125,57.2599983215332,3806,0.0,0.0
2023-02-28 12:30:00-05:00,57.310001373291016,57.47999954223633,57.27000045776367,57.29999923706055,7615,0.0,0.0
2023-02-28 13:30:00-05:00,57.369998931884766,57.5,57.31999969482422,57.400001525878906,3664,0.0,0.0
2023-02-28 14:30:00-05:00,57.38999938964844,57.7599983215332,57.369998931884766,57.7599983215332,6122,0.0,0.0
2023-02-28 15:30:00-05:00,57.689998626708984,57.91999816894531,57.369998931884766,57.400001525878906,19983,0.0,0.0
2023-03-01 09:30:00-05:00,57.099998474121094,58.150001525878906,57.099998474121094,57.334999084472656,7600,0.0,0.0
2023-03-01 10:30:00-05:00,57.900001525878906,58.06999969482422,57.0,57.29999923706055,10436,0.0,0.0
2023-03-01 11:30:00-05:00,57.130001068115234,57.33000183105469,56.779998779296875,57.220001220703125,7335,0.0,0.0
2023-03-01 12:30:00-05:00,57.220001220703125,57.47999954223633,57.13999938964844,57.220001220703125,5091,0.0,0.0
2023-03-01 13:30:00-05:00,57.3650016784668,57.94499969482422,57.20000076293945,57.790000915527344,5735,0.0,0.0
2023-03-01 14:30:00-05:00,57.689998626708984,57.83000183105469,57.689998626708984,57.83000183105469,4539,0.0,0.0
2023-03-01 15:30:00-05:00,57.869998931884766,58.26499938964844,57.869998931884766,58.02000045776367,8862,0.0,0.0
2023-03-02 09:30:00-05:00,57.470001220703125,58.25,57.470001220703125,57.56999969482422,7082,0.0,0.0
2023-03-02 10:30:00-05:00,57.400001525878906,58.400001525878906,57.18000030517578,58.27000045776367,10727,0.0,0.0
2023-03-02 11:30:00-05:00,57.83000183105469,58.5099983215332,57.81999969482422,58.2599983215332,9354,0.0,0.0
2023-03-02 12:30:00-05:00,58.290000915527344,58.529998779296875,58.0,58.130001068115234,3938,0.0,0.0
2023-03-02 13:30:00-05:00,58.31999969482422,58.529998779296875,57.97999954223633,58.33000183105469,11143,0.0,0.0
2023-03-02 14:30:00-05:00,58.34000015258789,58.5,58.025001525878906,58.44499969482422,10582,0.0,0.0
2023-03-02 15:30:00-05:00,58.66999816894531,58.86000061035156,58.529998779296875,58.83000183105469,9326,0.0,0.0
2023-03-03 09:30:00-05:00,58.900001525878906,59.150001525878906,57.97999954223633,58.20000076293945,15356,0.0,0.0
2023-03-03 10:30:00-05:00,58.20000076293945,58.369998931884766,57.619998931884766,57.7599983215332,16671,0.0,0.0
2023-03-03 11:30:00-05:00,58.029998779296875,58.20000076293945,57.88999938964844,58.20000076293945,9960,0.0,0.0
2023-03-03 12:30:00-05:00,58.099998474121094,58.41999816894531,58.099998474121094,58.41999816894531,2323,0.0,0.0
2023-03-03 13:30:00-05:00,58.29999923706055,58.68000030517578,58.29499816894531,58.47999954223633,2029,0.0,0.0
2023-03-03 14:30:00-05:00,58.529998779296875,58.540000915527344,58.189998626708984,58.189998626708984,9542,0.0,0.0
2023-03-03 15:30:00-05:00,58.099998474121094,58.189998626708984,57.67499923706055,57.849998474121094,11370,0.0,0.0
2023-03-06 09:30:00-05:00,57.88999938964844,58.0,56.130001068115234,57.560001373291016,4861,0.0,0.0
2023-03-06 10:30:00-05:00,56.90999984741211,56.90999984741211,56.400001525878906,56.474998474121094,2262,0.0,0.0
2023-03-06 11:30:00-05:00,56.46500015258789,56.46500015258789,56.310001373291016,56.310001373291016,1338,0.0,0.0
2023-03-06 12:30:00-05:00,56.15999984741211,56.7599983215332,56.130001068115234,56.69499969482422,5697,0.0,0.0
2023-03-06 13:30:00-05:00,56.68000030517578,57.0,56.34000015258789,56.79999923706055,6781,0.0,0.0
2023-03-06 14:30:00-05:00,56.869998931884766,56.93000030517578,56.084999084472656,56.084999084472656,4327,0.0,0.0
2023-03-06 15:30:00-05:00,56.2400016784668,56.81999969482422,56.14500045776367,56.779998779296875,7731,0.0,0.0
2023-03-07 09:30:00-05:00,57.22999954223633,57.279998779296875,56.38999938964844,57.11000061035156,0,0.0,0.0
2023-03-07 10:30:00-05:00,56.9900016784668,57.109798431396484,56.58000183105469,56.78499984741211,4415,0.0,0.0
2023-03-07 11:30:00-05:00,56.66999816894531,57.314998626708984,56.58000183105469,57.314998626708984,10192,0.0,0.0
2023-03-07 12:30:00-05:00,57.29999923706055,57.29999923706055,56.900001525878906,57.15999984741211,6931,0.0,0.0
2023-03-07 13:30:00-05:00,57.084999084472656,57.20000076293945,57.084999084472656,57.16999816894531,2018,0.0,0.0
2023-03-07 14:30:00-05:00,57.16999816894531,57.220001220703125,57.11000061035156,57.150001525878906,1681,0.0,0.0
2023-03-07 15:30:00-05:00,57.27000045776367,57.27000045776367,57.02000045776367,57.150001525878906,5303,0.0,0.0
2023-03-08 09:30:00-05:00,57.54999923706055,57.54999923706055,56.70000076293945,57.22999954223633,6582,0.0,0.0
2023-03-08 10:30:00-05:00,56.9900016784668,57.5,56.75,56.88999938964844,14060,0.0,0.0
2023-03-08 11:30:00-05:00,56.900001525878906,56.900001525878906,56.61000061035156,56.61000061035156,840,0.0,0.0
2023-03-08 12:30:00-05:00,56.27000045776367,56.290000915527344,56.095001220703125,56.095001220703125,3032,0.0,0.0
2023-03-08 13:30:00-05:00,56.21989822387695,56.5,55.95500183105469,56.0099983215332,9248,0.0,0.0
2023-03-08 14:30:00-05:00,56.0099983215332,56.09000015258789,55.720001220703125,56.09000015258789,9779,0.0,0.0
2023-03-08 15:30:00-05:00,56.150001525878906,56.63999938964844,56.08000183105469,56.61000061035156,10438,0.0,0.0
2023-03-09 09:30:00-05:00,50.939998626708984,51.529998779296875,46.29499816894531,47.1349983215332,73454,0.0,0.0
2023-03-09 10:30:00-05:00,47.38999938964844,48.25,46.28499984741211,46.28499984741211,46546,0.0,0.0
2023-03-09 11:30:00-05:00,46.191898345947266,46.5099983215332,44.90999984741211,45.290000915527344,58911,0.0,0.0
2023-03-09 12:30:00-05:00,45.2599983215332,45.419898986816406,44.11750030517578,44.11750030517578,30946,0.0,0.0
2023-03-09 13:30:00-05:00,44.099998474121094,46.16109848022461,43.91999816894531,45.97999954223633,37610,0.0,0.0
2023-03-09 14:30:00-05:00,45.974998474121094,46.54999923706055,44.869998931884766,45.2599983215332,42297,0.0,0.0
2023-03-09 15:30:00-05:00,45.27000045776367,45.4900016784668,44.810001373291016,45.290000915527344,50082,0.0,0.0
2023-03-10 09:30:00-05:00,44.83000183105469,44.83000183105469,43.25,43.959999084472656,10704,0.0,0.0
2023-03-10 10:30:00-05:00,43.84669876098633,44.57500076293945,43.447200775146484,44.34000015258789,19599,0.0,0.0
2023-03-10 11:30:00-05:00,44.34000015258789,44.45000076293945,43.150001525878906,43.25,24115,0.0,0.0
2023-03-10 12:30:00-05:00,43.45000076293945,43.5099983215332,43.0,43.21500015258789,6795,0.0,0.0
2023-03-10 13:30:00-05:00,43.119998931884766,43.220001220703125,42.779998779296875,42.790000915527344,13508,0.0,0.0
2023-03-10 14:30:00-05:00,42.95500183105469,42.95500183105469,41.720001220703125,42.00550079345703,13510,0.0,0.0
2023-03-10 15:30:00-05:00,42.09000015258789,42.275001525878906,41.900001525878906,42.189998626708984,20445,0.0,0.0
2023-03-13 09:30:00-04:00,41.20000076293945,41.20000076293945,39.8849983215332,39.8849983215332,11399,0.0,0.0
2023-03-13 10:30:00-04:00,39.98500061035156,41.5,39.98500061035156,41.4900016784668,16454,0.0,0.0
2023-03-13 11:30:00-04:00,41.5,41.59000015258789,40.80270004272461,40.94499969482422,16739,0.0,0.0
2023-03-13 12:30:00-04:00,40.939998626708984,40.970001220703125,40.3849983215332,40.38999938964844,5574,0.0,0.0
2023-03-13 13:30:00-04:00,40.36000061035156,41.06990051269531,40.310001373291016,41.06990051269531,8741,0.0,0.0
2023-03-13 14:30:00-04:00,41.06999969482422,41.36000061035156,40.39500045776367,40.39500045776367,11184,0.0,0.0
2023-03-13 15:30:00-04:00,40.5,41.22999954223633,40.39500045776367,41.15999984741211,25369,0.0,0.0
2023-03-14 09:30:00-04:00,42.59000015258789,43.20000076293945,42.209999084472656,43.099998474121094,7285,0.0,0.0
2023-03-14 10:30:00-04:00,43.02000045776367,43.41999816894531,42.9900016784668,43.41999816894531,2655,0.0,0.0
2023-03-14 11:30:00-04:00,43.349998474121094,43.45000076293945,42.9900016784668,42.9900016784668,4734,0.0,0.0
2023-03-14 12:30:00-04:00,43.02439880371094,43.22370147705078,42.95000076293945,42.95000076293945,6384,0.0,0.0
2023-03-14 13:30:00-04:00,42.70000076293945,42.70000076293945,42.09000015258789,42.09000015258789,7151,0.0,0.0
2023-03-14 14:30:00-04:00,42.03889846801758,42.09000015258789,41.45000076293945,41.55500030517578,14985,0.0,0.0
2023-03-14 15:30:00-04:00,41.584999084472656,41.8650016784668,41.470001220703125,41.779998779296875,16671,0.0,0.0
2023-03-15 09:30:00-04:00,40.18000030517578,41.33000183105469,40.18000030517578,41.33000183105469,9353,0.0,0.0
2023-03-15 10:30:00-04:00,41.1150016784668,41.28499984741211,40.59000015258789,41.28499984741211,5962,0.0,0.0
2023-03-15 11:30:00-04:00,41.029998779296875,41.130001068115234,40.66999816894531,40.86000061035156,6137,0.0,0.0
2023-03-15 12:30:00-04:00,40.88999938964844,41.2599983215332,40.70000076293945,41.08000183105469,17045,0.0,0.0
2023-03-15 13:30:00-04:00,40.95000076293945,41.29999923706055,40.70000076293945,41.16999816894531,8154,0.0,0.0
2023-03-15 14:30:00-04:00,41.27000045776367,41.58000183105469,41.04999923706055,41.58000183105469,9462,0.0,0.0
2023-03-15 15:30:00-04:00,41.540000915527344,42.060001373291016,41.18000030517578,42.0,27535,0.0,0.0
2023-03-16 09:30:00-04:00,41.04999923706055,41.459999084472656,41.04999923706055,41.459999084472656,2236,0.0,0.0
2023-03-16 10:30:00-04:00,41.5099983215332,42.84000015258789,41.5099983215332,42.84000015258789,4439,0.0,0.0
2023-03-16 11:30:00-04:00,42.93000030517578,42.959999084472656,42.75,42.75,2883,0.0,0.0
2023-03-16 12:30:00-04:00,42.77000045776367,43.31999969482422,42.77000045776367,43.209999084472656,2270,0.0,0.0
2023-03-16 13:30:00-04:00,43.28860092163086,43.33000183105469,43.189998626708984,43.189998626708984,1906,0.0,0.0
2023-03-16 14:30:00-04:00,42.72999954223633,43.0,42.72999954223633,42.90999984741211,1781,0.0,0.0
2023-03-16 15:30:00-04:00,42.72999954223633,42.90999984741211,42.560001373291016,42.560001373291016,5810,0.0,0.0
2023-03-17 09:30:00-04:00,42.150001525878906,42.150001525878906,41.5,42.0,22920,0.0,0.0
2023-03-17 10:30:00-04:00,42.130001068115234,42.29999923706055,42.084999084472656,42.1150016784668,4888,0.0,0.0
2023-03-17 11:30:00-04:00,42.33000183105469,42.79999923706055,42.1150016784668,42.6349983215332,4480,0.0,0.0
2023-03-17 12:30:00-04:00,42.959999084472656,43.1150016784668,42.849998474121094,43.1150016784668,2910,0.0,0.0
2023-03-17 13:30:00-04:00,43.119998931884766,43.119998931884766,42.27000045776367,42.29999923706055,3486,0.0,0.0
2023-03-17 14:30:00-04:00,42.40999984741211,42.91999816894531,42.36000061035156,42.91999816894531,5064,0.0,0.0
2023-03-17 15:30:00-04:00,42.90999984741211,42.95000076293945,42.36000061035156,42.44499969482422,13334,0.0,0.0
2023-03-20 09:30:00-04:00,43.33000183105469,43.33000183105469,42.5099983215332,43.25,3949,0.0,0.0
2023-03-20 10:30:00-04:00,43.25,43.439998626708984,42.875,43.099998474121094,5801,0.0,0.0
2023-03-20 11:30:00-04:00,42.94499969482422,42.94499969482422,42.5,42.59000015258789,2615,0.0,0.0
2023-03-20 12:30:00-04:00,42.7599983215332,42.95000076293945,42.619998931884766,42.619998931884766,6722,0.0,0.0
2023-03-20 13:30:00-04:00,42.66999816894531,42.810001373291016,42.5,42.755001068115234,4778,0.0,0.0
2023-03-20 14:30:00-04:00,42.689998626708984,42.81999969482422,42.58000183105469,42.79999923706055,3948,0.0,0.0
2023-03-20 15:30:00-04:00,42.869998931884766,43.02000045776367,42.779998779296875,43.0,9661,0.0,0.0
2023-03-21 09:30:00-04:00,44.0,44.619998931884766,44.0,44.619998931884766,2359,0.0,0.0
2023-03-21 10:30:00-04:00,44.619998931884766,44.689998626708984,44.380001068115234,44.38999938964844,2865,0.0,0.0
2023-03-21 11:30:00-04:00,44.2400016784668,44.279998779296875,43.9900016784668,44.130001068115234,1541,0.0,0.0
2023-03-21 12:30:00-04:00,44.13999938964844,44.13999938964844,43.91999816894531,43.95000076293945,3042,0.0,0.0
2023-03-21 13:30:00-04:00,44.15999984741211,44.15999984741211,43.84000015258789,43.84000015258789,700,0.0,0.0
2023-03-21 14:30:00-04:00,43.970001220703125,44.15999984741211,43.959999084472656,43.9900016784668,11465,0.0,0.0
2023-03-21 15:30:00-04:00,43.959999084472656,44.08000183105469,43.880001068115234,43.939998626708984,6166,0.0,0.0
2023-03-22 09:30:00-04:00,43.84000015258789,44.665000915527344,43.82749938964844,43.869998931884766,0,0.0,0.0
2023-03-22 10:30:00-04:00,43.91999816894531,44.20000076293945,43.650001525878906,44.119998931884766,8963,0.0,0.0
2023-03-22 11:30:00-04:00,44.16999816894531,44.290000915527344,44.0,44.08000183105469,4886,0.0,0.0
2023-03-22 12:30:00-04:00,44.08000183105469,44.08000183105469,43.939998626708984,43.98500061035156,665,0.0,0.0
2023-03-22 13:30:00-04:00,43.90999984741211,44.380001068115234,43.720001220703125,44.220001220703125,3856,0.0,0.0
2023-03-22 14:30:00-04:00,44.34000015258789,44.51499938964844,43.55009841918945,44.15999984741211,4029,0.0,0.0
2023-03-22 15:30:00-04:00,44.06999969482422,44.20000076293945,43.43000030517578,43.630001068115234,11910,0.0,0.0
2023-03-23 09:30:00-04:00,43.66999816894531,44.04999923706055,43.66999816894531,44.04999923706055,3338,0.0,0.0
2023-03-23 10:30:00-04:00,43.75,44.400001525878906,43.380001068115234,44.150001525878906,11200,0.0,0.0
2023-03-23 11:30:00-04:00,44.380001068115234,44.380001068115234,43.849998474121094,43.88999938964844,7882,0.0,0.0
2023-03-23 12:30:00-04:00,44.119998931884766,44.119998931884766,43.439998626708984,43.52000045776367,3002,0.0,0.0
2023-03-23 13:30:00-04:00,43.59000015258789,44.13999938964844,43.59000015258789,44.06999969482422,15909,0.0,0.0
2023-03-23 14:30:00-04:00,44.11000061035156,44.22999954223633,43.66999816894531,43.790000915527344,37747,0.0,0.0
2023-03-23 15:30:00-04:00,43.869998931884766,44.31999969482422,43.60900115966797,44.02000045776367,9683,0.0,0.0
2023-03-24 09:30:00-04:00,43.529998779296875,43.61000061035156,42.650001525878906,43.41999816894531,12551,0.0,0.0
2023-03-24 10:30:00-04:00,43.275001525878906,43.84000015258789,43.0,43.84000015258789,5982,0.0,0.0
2023-03-24 11:30:00-04:00,43.720001220703125,44.04999923706055,43.599998474121094,43.93000030517578,5683,0.0,0.0
2023-03-24 12:30:00-04:00,43.97999954223633,44.2400016784668,43.97999954223633,44.06999969482422,6041,0.0,0.0
2023-03-24 13:30:00-04:00,44.26499938964844,44.5,44.26499938964844,44.5,5880,0.0,0.0
2023-03-24 14:30:00-04:00,44.42499923706055,44.970001220703125,44.17499923706055,44.689998626708984,15977,0.0,0.0
2023-03-24 15:30:00-04:00,44.779998779296875,44.779998779296875,44.29999923706055,44.45000076293945,8998,0.0,0.0
2023-03-27 09:30:00-04:00,45.34000015258789,45.880001068115234,44.689998626708984,44.939998626708984,9904,0.0,0.0
2023-03-27 10:30:00-04:00,44.7599983215332,45.0,44.54999923706055,44.56999969482422,10760,0.0,0.0
2023-03-27 11:30:00-04:00,44.619998931884766,44.630001068115234,44.220001220703125,44.439998626708984,2527,0.0,0.0
2023-03-27 12:30:00-04:00,44.380001068115234,44.52000045776367,44.25,44.25,1589,0.0,0.0
2023-03-27 13:30:00-04:00,44.13999938964844,44.70000076293945,44.13999938964844,44.68000030517578,2382,0.0,0.0
2023-03-27 14:30:00-04:00,44.689998626708984,44.790000915527344,44.630001068115234,44.709999084472656,2460,0.0,0.0
2023-03-27 15:30:00-04:00,44.70000076293945,44.709999084472656,44.4900016784668,44.630001068115234,6252,0.0,0.0
2023-03-28 09:30:00-04:00,44.20000076293945,45.29999923706055,44.20000076293945,45.02000045776367,7228,0.0,0.0
2023-03-28 10:30:00-04:00,44.7400016784668,45.34000015258789,44.7400016784668,45.25,2607,0.0,0.0
2023-03-28 11:30:00-04:00,45.099998474121094,45.220001220703125,44.78010177612305,45.060001373291016,4162,0.0,0.0
2023-03-28 12:30:00-04:00,44.95500183105469,45.400001525878906,44.83000183105469,45.13999938964844,7164,0.0,0.0
2023-03-28 13:30:00-04:00,44.970001220703125,45.119998931884766,44.790000915527344,44.915000915527344,6863,0.0,0.0
2023-03-28 14:30:00-04:00,45.0,45.0,44.720001220703125,44.720001220703125,6860,0.0,0.0
2023-03-28 15:30:00-04:00,44.68000030517578,44.810001373291016,44.59000015258789,44.65999984741211,3491,0.0,0.0
2023-03-29 09:30:00-04:00,45.38999938964844,45.54999923706055,45.0,45.11000061035156,4312,0.0,0.0
2023-03-29 10:30:00-04:00,44.869998931884766,44.95000076293945,44.79999923706055,44.900001525878906,2980,0.0,0.0
2023-03-29 11:30:00-04:00,44.869998931884766,44.869998931884766,44.869998931884766,44.869998931884766,526,0.0,0.0
2023-03-29 12:30:00-04:00,44.880001068115234,44.97999954223633,44.7599983215332,44.97999954223633,9715,0.0,0.0
2023-03-29 13:30:00-04:00,44.75,45.10499954223633,44.70000076293945,45.10499954223633,12916,0.0,0.0
2023-03-29 14:30:00-04:00,45.03499984741211,45.1150016784668,44.959999084472656,45.02439880371094,2280,0.0,0.0
2023-03-29 15:30:00-04:00,44.98500061035156,45.095001220703125,44.970001220703125,45.08000183105469,5603,0.0,0.0
2023-03-30 09:30:00-04:00,45.709999084472656,45.709999084472656,44.91999816894531,45.029998779296875,3543,0.0,0.0
2023-03-30 10:30:00-04:00,44.95000076293945,44.95000076293945,44.95000076293945,44.95000076293945,907,0.0,0.0
2023-03-30 11:30:00-04:00,44.900001525878906,44.900001525878906,44.689998626708984,44.689998626708984,1843,0.0,0.0
2023-03-30 12:30:00-04:00,44.61000061035156,44.61000061035156,44.5,44.5,680,0.0,0.0
2023-03-30 13:30:00-04:00,44.4900016784668,44.81999969482422,44.470001220703125,44.619998931884766,5517,0.0,0.0
2023-03-30 14:30:00-04:00,44.470001220703125,44.470001220703125,44.150001525878906,44.150001525878906,3208,0.0,0.0
2023-03-30 15:30:00-04:00,44.2599983215332,44.33000183105469,44.04999923706055,44.15999984741211,6045,0.0,0.0
2023-03-31 09:30:00-04:00,44.72999954223633,44.7599983215332,44.005001068115234,44.41999816894531,4166,0.0,0.0
2023-03-31 10:30:00-04:00,44.43000030517578,44.900001525878906,44.43000030517578,44.779998779296875,2854,0.0,0.0
2023-03-31 11:30:00-04:00,45.07500076293945,45.07500076293945,45.005001068115234,45.005001068115234,677,0.0,0.0
2023-03-31 12:30:00-04:00,44.904998779296875,44.91999816894531,44.79999923706055,44.79999923706055,1491,0.0,0.0
2023-03-31 13:30:00-04:00,44.919898986816406,44.919898986816406,44.68000030517578,44.720001220703125,1784,0.0,0.0
2023-03-31 14:30:00-04:00,44.650001525878906,44.83000183105469,44.4900016784668,44.79999923706055,6515,0.0,0.0
2023-03-31 15:30:00-04:00,44.709999084472656,44.95000076293945,44.60499954223633,44.810001373291016,10862,0.0,0.0
2023-04-03 09:30:00-04:00,45.04999923706055,45.470001220703125,44.66999816894531,45.470001220703125,2446,0.0,0.0
2023-04-03 10:30:00-04:00,45.380001068115234,45.380001068115234,44.4900016784668,44.66999816894531,4983,0.0,0.0
2023-04-03 11:30:00-04:00,44.689998626708984,44.810001373291016,44.650001525878906,44.810001373291016,5065,0.0,0.0
2023-04-03 12:30:00-04:00,44.790000915527344,44.790000915527344,44.7400016784668,44.7400016784668,561,0.0,0.0
2023-04-03 13:30:00-04:00,44.724998474121094,44.84000015258789,44.619998931884766,44.70000076293945,2855,0.0,0.0
2023-04-03 14:30:00-04:00,44.77000045776367,44.83000183105469,44.76499938964844,44.76499938964844,1971,0.0,0.0
2023-04-03 15:30:00-04:00,45.04499816894531,45.27000045776367,44.959999084472656,45.209999084472656,10160,0.0,0.0
2023-04-04 09:30:00-04:00,45.06999969482422,45.06999969482422,44.41999816894531,44.61000061035156,13047,0.0,0.0
2023-04-04 10:30:00-04:00,44.209999084472656,44.209999084472656,43.34000015258789,43.34000015258789,3494,0.0,0.0
2023-04-04 11:30:00-04:00,43.36000061035156,43.564998626708984,43.09000015258789,43.20429992675781,3821,0.0,0.0
2023-04-04 12:30:00-04:00,43.27000045776367,43.439998626708984,43.22999954223633,43.43989944458008,3280,0.0,0.0
2023-04-04 13:30:00-04:00,43.41999816894531,43.41999816894531,43.119998931884766,43.18000030517578,2598,0.0,0.0
2023-04-04 14:30:00-04:00,43.09000015258789,43.09000015258789,42.86000061035156,42.86000061035156,1603,0.0,0.0
2023-04-04 15:30:00-04:00,42.849998474121094,43.29999923706055,42.810001373291016,43.20000076293945,7333,0.0,0.0
2023-04-05 09:30:00-04:00,43.189998626708984,43.650001525878906,42.56999969482422,42.959999084472656,5985,0.0,0.0
2023-04-05 10:30:00-04:00,42.619998931884766,42.650001525878906,42.36000061035156,42.45000076293945,1654,0.0,0.0
2023-04-05 11:30:00-04:00,42.369998931884766,42.369998931884766,42.369998931884766,42.369998931884766,658,0.0,0.0
2023-04-05 12:30:00-04:00,42.79999923706055,42.83000183105469,42.79999923706055,42.83000183105469,1162,0.0,0.0
2023-04-05 13:30:00-04:00,42.529998779296875,42.529998779296875,42.45000076293945,42.5,2548,0.0,0.0
2023-04-05 14:30:00-04:00,42.470001220703125,42.470001220703125,42.470001220703125,42.470001220703125,871,0.0,0.0
2023-04-05 15:30:00-04:00,42.52000045776367,42.72999954223633,42.4900016784668,42.68000030517578,5400,0.0,0.0
2023-04-06 09:30:00-04:00,42.959999084472656,42.959999084472656,42.119998931884766,42.540000915527344,1008,0.0,0.0
2023-04-06 10:30:00-04:00,42.869998931884766,42.869998931884766,42.869998931884766,42.869998931884766,1187,0.0,0.0
2023-04-06 12:30:00-04:00,43.1349983215332,43.1349983215332,43.1349983215332,43.1349983215332,311,0.0,0.0
2023-04-06 13:30:00-04:00,43.08000183105469,43.08000183105469,43.0,43.06999969482422,2046,0.0,0.0
2023-04-06 14:30:00-04:00,43.08000183105469,43.209999084472656,43.025001525878906,43.025001525878906,2616,0.0,0.0
2023-04-06 15:30:00-04:00,42.880001068115234,42.959999084472656,42.630001068115234,42.65999984741211,5310,0.0,0.0
2023-04-10 09:30:00-04:00,42.52000045776367,43.790000915527344,42.52000045776367,43.470001220703125,8325,0.0,0.0
2023-04-10 10:30:00-04:00,43.790000915527344,43.959999084472656,43.619998931884766,43.75,4850,0.0,0.0
2023-04-10 11:30:00-04:00,43.814998626708984,43.814998626708984,43.720001220703125,43.720001220703125,731,0.0,0.0
2023-04-10 12:30:00-04:00,43.560001373291016,44.08000183105469,43.560001373291016,44.040000915527344,2892,0.0,0.0
2023-04-10 13:30:00-04:00,44.23500061035156,44.310001373291016,44.06999969482422,44.220001220703125,3470,0.0,0.0
2023-04-10 14:30:00-04:00,44.31999969482422,44.41999816894531,44.130001068115234,44.310001373291016,2769,0.0,0.0
2023-04-10 15:30:00-04:00,44.349998474121094,44.415000915527344,43.93000030517578,43.939998626708984,11487,0.0,0.0
2023-04-11 09:30:00-04:00,44.31999969482422,44.41999816894531,44.31999969482422,44.41999816894531,1524,0.0,0.0
2023-04-11 10:30:00-04:00,44.25,44.290000915527344,43.79999923706055,44.19499969482422,3138,0.0,0.0
2023-04-11 11:30:00-04:00,44.459999084472656,44.7599983215332,44.459999084472656,44.7599983215332,1583,0.0,0.0
2023-04-11 12:30:00-04:00,44.83000183105469,44.83000183105469,44.6349983215332,44.779998779296875,2556,0.0,0.0
2023-04-11 13:30:00-04:00,44.7400016784668,44.7400016784668,44.650001525878906,44.650001525878906,2179,0.0,0.0
2023-04-11 14:30:00-04:00,44.52000045776367,44.66999816894531,44.38999938964844,44.43000030517578,4687,0.0,0.0
2023-04-11 15:30:00-04:00,44.51499938964844,44.51499938964844,43.69499969482422,43.72999954223633,14450,0.0,0.0
2023-04-12 09:30:00-04:00,44.5,44.5,43.61000061035156,43.720001220703125,5585,0.0,0.0
2023-04-12 10:30:00-04:00,43.7400016784668,43.81999969482422,43.40999984741211,43.619998931884766,3443,0.0,0.0
2023-04-12 11:30:00-04:00,43.470001220703125,43.72999954223633,43.459999084472656,43.709999084472656,2398,0.0,0.0
2023-04-12 12:30:00-04:00,43.724998474121094,43.724998474121094,43.724998474121094,43.724998474121094,199,0.0,0.0
2023-04-12 13:30:00-04:00,43.72999954223633,43.779998779296875,43.64500045776367,43.64500045776367,1073,0.0,0.0
2023-04-12 14:30:00-04:00,43.630001068115234,43.630001068115234,43.540000915527344,43.540000915527344,3366,0.0,0.0
2023-04-12 15:30:00-04:00,43.579898834228516,43.66999816894531,43.4900016784668,43.54999923706055,6606,0.0,0.0
2023-04-13 09:30:00-04:00,44.040000915527344,44.13999938964844,44.01649856567383,44.01649856567383,0,0.0,0.0
2023-04-13 10:30:00-04:00,43.63999938964844,43.63999938964844,43.45000076293945,43.459999084472656,2240,0.0,0.0
2023-04-13 11:30:00-04:00,43.5099983215332,43.77000045776367,43.5099983215332,43.77000045776367,1047,0.0,0.0
2023-04-13 12:30:00-04:00,43.869998931884766,43.869998931884766,43.869998931884766,43.869998931884766,360,0.0,0.0
2023-04-13 13:30:00-04:00,43.79999923706055,43.79999923706055,43.79999923706055,43.79999923706055,153,0.0,0.0
2023-04-13 14:30:00-04:00,43.970001220703125,43.970001220703125,43.970001220703125,43.970001220703125,830,0.0,0.0
2023-04-13 15:30:00-04:00,43.95000076293945,43.9900016784668,43.83000183105469,43.93000030517578,5662,0.0,0.0
2023-04-14 09:30:00-04:00,44.209999084472656,44.29999923706055,44.209999084472656,44.29999923706055,1350,0.0,0.0
2023-04-14 10:30:00-04:00,43.810001373291016,43.939998626708984,43.689998626708984,43.70000076293945,2267,0.0,0.0
2023-04-14 11:30:00-04:00,43.52000045776367,43.70500183105469,43.52000045776367,43.70500183105469,962,0.0,0.0
2023-04-14 12:30:00-04:00,43.814998626708984,43.814998626708984,43.650001525878906,43.7599983215332,1182,0.0,0.0
2023-04-14 13:30:00-04:00,43.529998779296875,43.900001525878906,43.529998779296875,43.76499938964844,2726,0.0,0.0
2023-04-14 14:30:00-04:00,43.529998779296875,43.849998474121094,43.529998779296875,43.56999969482422,5805,0.0,0.0
2023-04-14 15:30:00-04:00,43.52000045776367,43.650001525878906,43.5,43.619998931884766,2663,0.0,0.0
2023-04-17 09:30:00-04:00,43.900001525878906,43.900001525878906,40.880001068115234,43.560001373291016,2828,0.0,0.0
2023-04-17 10:30:00-04:00,43.83000183105469,44.060001373291016,43.779998779296875,43.882301330566406,3196,0.0,0.0
2023-04-17 11:30:00-04:00,43.790000915527344,44.0099983215332,43.790000915527344,43.90999984741211,1893,0.0,0.0
2023-04-17 12:30:00-04:00,44.0,44.2599983215332,44.0,44.2599983215332,2187,0.0,0.0
2023-04-17 13:30:00-04:00,44.220001220703125,44.29999923706055,44.220001220703125,44.29999923706055,1668,0.0,0.0
2023-04-17 14:30:00-04:00,44.400001525878906,44.5099983215332,44.400001525878906,44.5099983215332,2274,0.0,0.0
2023-04-17 15:30:00-04:00,44.66999816894531,44.66999816894531,44.40999984741211,44.43000030517578,5841,0.0,0.0
2023-04-18 09:30:00-04:00,44.880001068115234,44.880001068115234,44.880001068115234,44.880001068115234,523,0.0,0.0
2023-04-18 10:30:00-04:00,44.41999816894531,44.41999816894531,43.84000015258789,43.869998931884766,2160,0.0,0.0
2023-04-18 12:30:00-04:00,43.779998779296875,43.790000915527344,43.77000045776367,43.77000045776367,2151,0.0,0.0
2023-04-18 14:30:00-04:00,43.77000045776367,43.93000030517578,43.77000045776367,43.92499923706055,1094,0.0,0.0
2023-04-18 15:30:00-04:00,44.0099983215332,44.279998779296875,44.0099983215332,44.279998779296875,3156,0.0,0.0
2023-04-19 09:30:00-04:00,44.08000183105469,44.08000183105469,44.08000183105469,44.08000183105469,709,0.0,0.0
2023-04-19 10:30:00-04:00,44.0,44.209999084472656,44.0,44.209999084472656,377,0.0,0.0
2023-04-19 11:30:00-04:00,44.084999084472656,44.38999938964844,44.029998779296875,44.029998779296875,572,0.0,0.0
2023-04-19 12:30:00-04:00,44.05500030517578,44.15250015258789,44.05500030517578,44.07500076293945,765,0.0,0.0
2023-04-19 13:30:00-04:00,43.91999816894531,44.459999084472656,43.91999816894531,44.040000915527344,6753,0.0,0.0
2023-04-19 14:30:00-04:00,44.470001220703125,44.63999938964844,44.470001220703125,44.63999938964844,981,0.0,0.0
2023-04-19 15:30:00-04:00,44.529998779296875,44.56999969482422,44.38999938964844,44.439998626708984,2832,0.0,0.0
2023-04-20 09:30:00-04:00,43.88999938964844,44.849998474121094,43.88999938964844,44.849998474121094,402,0.0,0.0
2023-04-20 10:30:00-04:00,43.810001373291016,44.4900016784668,43.7599983215332,44.08000183105469,1499,0.0,0.0
2023-04-20 11:30:00-04:00,44.04499816894531,44.125,44.04499816894531,44.125,1131,0.0,0.0
2023-04-20 12:30:00-04:00,44.369998931884766,44.369998931884766,44.150001525878906,44.150001525878906,541,0.0,0.0
2023-04-20 14:30:00-04:00,44.14500045776367,44.209999084472656,43.95500183105469,44.05500030517578,2933,0.0,0.0
2023-04-20 15:30:00-04:00,44.084999084472656,44.39500045776367,44.084999084472656,44.36000061035156,6039,0.0,0.0
2023-04-21 09:30:00-04:00,44.25,44.70000076293945,44.25,44.70000076293945,0,0.0,0.0
2023-04-21 10:30:00-04:00,44.52000045776367,44.540000915527344,44.01499938964844,44.20000076293945,2518,0.0,0.0
2023-04-21 11:30:00-04:00,44.189998626708984,44.189998626708984,44.189998626708984,44.189998626708984,537,0.0,0.0
2023-04-21 12:30:00-04:00,44.130001068115234,44.130001068115234,44.130001068115234,44.130001068115234,232,0.0,0.0
2023-04-21 13:30:00-04:00,43.970001220703125,44.20000076293945,43.970001220703125,44.20000076293945,3174,0.0,0.0
2023-04-21 14:30:00-04:00,44.31999969482422,44.33000183105469,44.189998626708984,44.33000183105469,1517,0.0,0.0
2023-04-21 15:30:00-04:00,44.290000915527344,44.5,44.2400016784668,44.45000076293945,9304,0.0,0.0
2023-04-24 09:30:00-04:00,43.900001525878906,43.900001525878906,43.900001525878906,43.900001525878906,1354,0.0,0.0
2023-04-24 10:30:00-04:00,44.53499984741211,44.53499984741211,43.880001068115234,43.939998626708984,7229,0.0,0.0
2023-04-24 11:30:00-04:00,44.16999816894531,44.22999954223633,44.16999816894531,44.22999954223633,812,0.0,0.0
2023-04-24 12:30:00-04:00,44.11000061035156,44.310001373291016,44.11000061035156,44.310001373291016,2467,0.0,0.0
2023-04-24 13:30:00-04:00,44.369998931884766,44.5,44.369998931884766,44.41999816894531,1174,0.0,0.0
2023-04-24 14:30:00-04:00,44.290000915527344,44.380001068115234,44.220001220703125,44.25,2380,0.0,0.0
2023-04-24 15:30:00-04:00,44.220001220703125,44.2599983215332,44.08000183105469,44.220001220703125,11164,0.0,0.0
2023-04-25 09:30:00-04:00,43.88999938964844,43.95000076293945,43.64509963989258,43.900001525878906,0,0.0,0.0
2023-04-25 10:30:00-04:00,43.68000030517578,43.68000030517578,43.32749938964844,43.59000015258789,1913,0.0,0.0
2023-04-25 11:30:00-04:00,43.709999084472656,43.709999084472656,43.599998474121094,43.654998779296875,1096,0.0,0.0
2023-04-25 12:30:00-04:00,43.58000183105469,43.790000915527344,43.58000183105469,43.790000915527344,1707,0.0,0.0
2023-04-25 13:30:00-04:00,43.58000183105469,43.58000183105469,43.29999923706055,43.29999923706055,1567,0.0,0.0
2023-04-25 14:30:00-04:00,43.31999969482422,43.33000183105469,43.15999984741211,43.33000183105469,3607,0.0,0.0
2023-04-25 15:30:00-04:00,43.27000045776367,43.27000045776367,42.900001525878906,42.900001525878906,6977,0.0,0.0
2023-04-26 09:30:00-04:00,42.650001525878906,42.650001525878906,42.08000183105469,42.220001220703125,2364,0.0,0.0
2023-04-26 10:30:00-04:00,42.02000045776367,42.189998626708984,41.16999816894531,41.439998626708984,8159,0.0,0.0
2023-04-26 11:30:00-04:00,41.2400016784668,41.52000045776367,41.2400016784668,41.44499969482422,1353,0.0,0.0
2023-04-26 12:30:00-04:00,41.439998626708984,41.63999938964844,41.41999816894531,41.63999938964844,5880,0.0,0.0
2023-04-26 13:30:00-04:00,41.599998474121094,41.599998474121094,41.5,41.560001373291016,2201,0.0,0.0
2023-04-26 14:30:00-04:00,41.55500030517578,41.599998474121094,41.5,41.57500076293945,3996,0.0,0.0
2023-04-26 15:30:00-04:00,41.58000183105469,41.9900016784668,41.56999969482422,41.86000061035156,6097,0.0,0.0
2023-04-27 12:30:00-04:00,42.255001068115234,42.255001068115234,42.255001068115234,42.255001068115234,0,0.0,0.0
2023-04-27 13:30:00-04:00,42.40999984741211,42.40999984741211,42.084999084472656,42.084999084472656,2116,0.0,0.0
2023-04-27 15:30:00-04:00,42.22999954223633,42.22999954223633,42.029998779296875,42.029998779296875,4139,0.0,0.0
2023-04-28 09:30:00-04:00,42.310001373291016,42.84000015258789,42.310001373291016,42.84000015258789,878,0.0,0.0
2023-04-28 10:30:00-04:00,42.16999816894531,42.76499938964844,42.15999984741211,42.76499938964844,996,0.0,0.0
2023-04-28 12:30:00-04:00,42.96500015258789,42.97999954223633,42.96500015258789,42.97999954223633,759,0.0,0.0
2023-04-28 13:30:00-04:00,42.79999923706055,43.130001068115234,42.689998626708984,42.689998626708984,1619,0.0,0.0
2023-04-28 14:30:00-04:00,42.470001220703125,42.93000030517578,42.470001220703125,42.58000183105469,1970,0.0,0.0
2023-04-28 15:30:00-04:00,42.5099983215332,42.70000076293945,42.040000915527344,42.2400016784668,7223,0.0,0.0
2023-05-01 09:30:00-04:00,42.68000030517578,43.19499969482422,42.287899017333984,42.287899017333984,2915,0.0,0.0
2023-05-01 10:30:00-04:00,43.08000183105469,43.25,43.08000183105469,43.25,1997,0.0,0.0
2023-05-01 11:30:00-04:00,43.279998779296875,43.42570114135742,43.220001220703125,43.42570114135742,2713,0.0,0.0
2023-05-01 12:30:00-04:00,43.20000076293945,43.2400016784668,43.20000076293945,43.209999084472656,1328,0.0,0.0
2023-05-01 13:30:00-04:00,42.71160125732422,42.79999923706055,42.71160125732422,42.79999923706055,1769,0.0,0.0
2023-05-01 14:30:00-04:00,42.82500076293945,42.959999084472656,42.77000045776367,42.84000015258789,3086,0.0,0.0
2023-05-01 15:30:00-04:00,42.869998931884766,42.9900016784668,42.810001373291016,42.9900016784668,4739,0.0,0.0
2023-05-02 09:30:00-04:00,50.099998474121094,53.459999084472656,49.0,51.060001373291016,47915,0.0,0.0
2023-05-02 10:30:00-04:00,51.04999923706055,52.619998931884766,49.51649856567383,52.540000915527344,9409,0.0,0.0
2023-05-02 11:30:00-04:00,52.97999954223633,54.5099983215332,52.779998779296875,52.779998779296875,14283,0.0,0.0
2023-05-02 12:30:00-04:00,52.7400016784668,52.880001068115234,52.34000015258789,52.814998626708984,7790,0.0,0.0
2023-05-02 13:30:00-04:00,52.959999084472656,54.177799224853516,52.45000076293945,53.95500183105469,24805,0.0,0.0
2023-05-02 14:30:00-04:00,53.939998626708984,54.83000183105469,53.79999923706055,54.244998931884766,23799,0.0,0.0
2023-05-02 15:30:00-04:00,53.95000076293945,53.95000076293945,53.150001525878906,53.189998626708984,24855,0.0,0.0
2023-05-03 09:30:00-04:00,54.0,55.31999969482422,52.46009826660156,52.98500061035156,10645,0.0,0.0
2023-05-03 10:30:00-04:00,53.279998779296875,54.189998626708984,53.04999923706055,54.189998626708984,6484,0.0,0.0
2023-05-03 11:30:00-04:00,54.040000915527344,54.314998626708984,54.040000915527344,54.314998626708984,1850,0.0,0.0
2023-05-03 12:30:00-04:00,54.494998931884766,54.494998931884766,53.63999938964844,53.63999938964844,1919,0.0,0.0
2023-05-03 13:30:00-04:00,53.75,53.75,53.18000030517578,53.18000030517578,4236,0.0,0.0
2023-05-03 14:30:00-04:00,52.709999084472656,53.54999923706055,52.709999084472656,52.97999954223633,3816,0.0,0.0
2023-05-03 15:30:00-04:00,52.959999084472656,53.084999084472656,51.099998474121094,51.099998474121094,17223,0.0,0.0
2023-05-04 09:30:00-04:00,50.70000076293945,51.11000061035156,48.02000045776367,48.47999954223633,22324,0.0,0.0
2023-05-04 10:30:00-04:00,48.439998626708984,49.02000045776367,48.29999923706055,48.72999954223633,2889,0.0,0.0
2023-05-04 11:30:00-04:00,48.37590026855469,48.38999938964844,47.029998779296875,47.09000015258789,6613,0.0,0.0
2023-05-04 12:30:00-04:00,47.27000045776367,47.27000045776367,47.27000045776367,47.27000045776367,885,0.0,0.0
2023-05-04 13:30:00-04:00,47.040000915527344,47.060001373291016,46.470001220703125,46.970001220703125,7766,0.0,0.0
2023-05-04 14:30:00-04:00,46.95000076293945,47.16999816894531,46.75,47.16999816894531,4605,0.0,0.0
2023-05-04 15:30:00-04:00,46.720001220703125,46.90999984741211,46.47999954223633,46.7400016784668,12294,0.0,0.0
2023-05-05 09:30:00-04:00,47.64500045776367,47.64500045776367,46.959999084472656,46.959999084472656,2761,0.0,0.0
2023-05-05 10:30:00-04:00,46.380001068115234,46.380001068115234,45.37009811401367,45.86000061035156,5463,0.0,0.0
2023-05-05 11:30:00-04:00,45.900001525878906,46.25,45.900001525878906,46.04999923706055,4848,0.0,0.0
2023-05-05 12:30:00-04:00,45.900001525878906,47.650001525878906,45.900001525878906,47.290000915527344,8008,0.0,0.0
2023-05-05 13:30:00-04:00,47.349998474121094,47.439998626708984,46.959999084472656,47.439998626708984,4653,0.0,0.0
2023-05-05 14:30:00-04:00,47.439998626708984,48.15999984741211,47.439998626708984,48.15999984741211,7230,0.0,0.0
2023-05-05 15:30:00-04:00,48.0,48.130001068115234,47.869998931884766,48.0,10539,0.0,0.0
2023-05-08 09:30:00-04:00,48.2599983215332,48.2599983215332,47.84000015258789,48.150001525878906,1195,0.0,0.0
2023-05-08 10:30:00-04:00,48.220001220703125,48.220001220703125,48.15999984741211,48.15999984741211,2135,0.0,0.0
2023-05-08 11:30:00-04:00,48.130001068115234,48.130001068115234,48.10499954223633,48.10499954223633,1408,0.0,0.0
2023-05-08 13:30:00-04:00,48.099998474121094,48.099998474121094,48.029998779296875,48.029998779296875,2320,0.0,0.0
2023-05-08 14:30:00-04:00,48.34000015258789,48.52000045776367,48.34000015258789,48.44499969482422,3160,0.0,0.0
2023-05-08 15:30:00-04:00,48.45500183105469,48.45500183105469,48.0,48.21500015258789,7453,0.0,0.0
2023-05-09 09:30:00-04:00,47.869998931884766,47.869998931884766,47.35499954223633,47.56999969482422,2918,0.0,0.0
2023-05-09 10:30:00-04:00,47.83000183105469,47.869998931884766,47.83000183105469,47.869998931884766,1201,0.0,0.0
2023-05-09 11:30:00-04:00,47.790000915527344,47.790000915527344,47.75,47.75,1978,0.0,0.0
2023-05-09 13:30:00-04:00,48.03670120239258,48.32500076293945,47.70000076293945,47.7599983215332,9307,0.0,0.0
2023-05-09 14:30:00-04:00,47.630001068115234,47.82500076293945,47.540000915527344,47.65999984741211,3012,0.0,0.0
2023-05-09 15:30:00-04:00,47.845001220703125,47.845001220703125,47.29999923706055,47.380001068115234,5419,0.0,0.0
2023-05-10 09:30:00-04:00,48.0,48.0,47.970001220703125,47.970001220703125,0,0.0,0.0
2023-05-10 10:30:00-04:00,47.810001373291016,47.880001068115234,47.47999954223633,47.880001068115234,2020,0.0,0.0
2023-05-10 11:30:00-04:00,48.224998474121094,48.224998474121094,47.86000061035156,48.0,3577,0.0,0.0
2023-05-10 13:30:00-04:00,47.470001220703125,47.72999954223633,47.470001220703125,47.69499969482422,1403,0.0,0.0
2023-05-10 14:30:00-04:00,47.77000045776367,47.77000045776367,47.41999816894531,47.41999816894531,2949,0.0,0.0
2023-05-10 15:30:00-04:00,47.29999923706055,47.31999969482422,47.02000045776367,47.11000061035156,9674,0.0,0.0
2023-05-11 09:30:00-04:00,46.27000045776367,46.52000045776367,46.17499923706055,46.17499923706055,3949,0.0,0.0
2023-05-11 10:30:00-04:00,46.290000915527344,46.31999969482422,46.150001525878906,46.15999984741211,1889,0.0,0.0
2023-05-11 11:30:00-04:00,46.4900016784668,46.84000015258789,46.435001373291016,46.84000015258789,3474,0.0,0.0
2023-05-11 12:30:00-04:00,46.779998779296875,46.82500076293945,46.7400016784668,46.82500076293945,1134,0.0,0.0
2023-05-11 13:30:00-04:00,46.82500076293945,47.029998779296875,46.599998474121094,46.779998779296875,5496,0.0,0.0
2023-05-11 14:30:00-04:00,46.7599983215332,46.939998626708984,46.7599983215332,46.939998626708984,2204,0.0,0.0
2023-05-11 15:30:00-04:00,46.81999969482422,46.935001373291016,46.63999938964844,46.72999954223633,5343,0.0,0.0
2023-05-12 10:30:00-04:00,46.709999084472656,46.8849983215332,46.709999084472656,46.8849983215332,1400,0.0,0.0
2023-05-12 11:30:00-04:00,46.56999969482422,46.900001525878906,46.56999969482422,46.900001525878906,894,0.0,0.0
2023-05-12 12:30:00-04:00,46.70000076293945,46.755001068115234,46.31999969482422,46.31999969482422,1793,0.0,0.0
2023-05-12 13:30:00-04:00,46.27000045776367,46.83000183105469,46.119998931884766,46.540000915527344,4552,0.0,0.0
2023-05-12 14:30:00-04:00,46.59000015258789,46.59000015258789,46.40999984741211,46.540000915527344,1854,0.0,0.0
2023-05-12 15:30:00-04:00,46.560001373291016,46.66999816894531,46.45500183105469,46.560001373291016,3970,0.0,0.0
2023-05-15 09:30:00-04:00,46.43000030517578,46.54999923706055,46.25,46.54999923706055,1966,0.0,0.0
2023-05-15 10:30:00-04:00,46.31999969482422,46.9900016784668,46.31999969482422,46.9900016784668,1339,0.0,0.0
2023-05-15 11:30:00-04:00,46.80509948730469,47.40999984741211,46.67499923706055,47.40999984741211,4635,0.0,0.0
2023-05-15 12:30:00-04:00,47.38999938964844,47.709999084472656,47.34000015258789,47.56999969482422,3072,0.0,0.0
2023-05-15 13:30:00-04:00,47.290000915527344,47.380001068115234,47.290000915527344,47.310001373291016,1537,0.0,0.0
2023-05-15 14:30:00-04:00,47.29499816894531,47.375,47.16999816894531,47.375,3995,0.0,0.0
2023-05-15 15:30:00-04:00,47.380001068115234,47.59000015258789,47.290000915527344,47.470001220703125,10357,0.0,0.0
2023-05-16 09:30:00-04:00,46.95000076293945,47.119998931884766,45.7599983215332,46.685001373291016,3615,0.0,0.0
2023-05-16 10:30:00-04:00,46.95000076293945,46.95000076293945,46.95000076293945,46.95000076293945,541,0.0,0.0
2023-05-16 11:30:00-04:00,46.985599517822266,46.985599517822266,46.52000045776367,46.52000045776367,1702,0.0,0.0
2023-05-16 12:30:00-04:00,46.790000915527344,46.89500045776367,46.5099983215332,46.89500045776367,11780,0.0,0.0
2023-05-16 13:30:00-04:00,46.755001068115234,46.755001068115234,46.66999816894531,46.66999816894531,515,0.0,0.0
2023-05-16 14:30:00-04:00,46.724998474121094,46.7400016784668,46.650001525878906,46.654998779296875,2221,0.0,0.0
2023-05-16 15:30:00-04:00,46.650001525878906,46.71500015258789,46.5099983215332,46.58000183105469,5587,0.0,0.0
2023-05-17 09:30:00-04:00,46.77000045776367,46.78990173339844,46.34000015258789,46.34000015258789,2396,0.0,0.0
2023-05-17 10:30:00-04:00,46.540000915527344,46.689998626708984,46.16999816894531,46.41999816894531,4073,0.0,0.0
2023-05-17 11:30:00-04:00,46.61000061035156,46.720001220703125,46.58000183105469,46.720001220703125,2375,0.0,0.0
2023-05-17 12:30:00-04:00,47.290000915527344,47.470001220703125,47.025001525878906,47.310001373291016,2039,0.0,0.0
2023-05-17 13:30:00-04:00,47.439998626708984,47.529998779296875,47.2599983215332,47.2599983215332,2726,0.0,0.0
2023-05-17 14:30:00-04:00,47.415000915527344,47.724998474121094,47.2599983215332,47.724998474121094,3472,0.0,0.0
2023-05-17 15:30:00-04:00,47.560001373291016,48.02000045776367,47.470001220703125,47.79999923706055,6822,0.0,0.0
2023-05-18 09:30:00-04:00,47.25,47.63999938964844,47.25,47.59000015258789,1219,0.0,0.0
2023-05-18 10:30:00-04:00,47.54999923706055,47.81999969482422,47.130001068115234,47.52000045776367,9536,0.0,0.0
2023-05-18 11:30:00-04:00,47.720001220703125,47.790000915527344,47.19499969482422,47.19499969482422,5206,0.0,0.0
2023-05-18 12:30:00-04:00,47.349998474121094,48.080101013183594,47.19499969482422,47.880001068115234,9030,0.0,0.0
2023-05-18 13:30:00-04:00,47.75,47.790000915527344,47.654998779296875,47.654998779296875,1349,0.0,0.0
2023-05-18 14:30:00-04:00,47.85499954223633,48.060001373291016,47.85499954223633,48.060001373291016,1943,0.0,0.0
2023-05-18 15:30:00-04:00,48.025001525878906,48.439998626708984,48.025001525878906,48.31999969482422,5540,0.0,0.0
2023-05-19 09:30:00-04:00,48.97999954223633,49.630001068115234,48.81999969482422,49.064998626708984,13094,0.0,0.0
2023-05-19 10:30:00-04:00,48.97999954223633,49.400001525878906,48.779998779296875,48.779998779296875,2331,0.0,0.0
2023-05-19 11:30:00-04:00,48.40999984741211,48.61000061035156,48.05500030517578,48.16999816894531,12631,0.0,0.0
2023-05-19 12:30:00-04:00,48.20000076293945,48.20000076293945,47.790000915527344,48.025001525878906,3052,0.0,0.0
2023-05-19 13:30:00-04:00,48.025001525878906,48.38999938964844,48.025001525878906,48.38999938964844,1598,0.0,0.0
2023-05-19 14:30:00-04:00,48.459999084472656,48.810001373291016,48.36000061035156,48.630001068115234,2824,0.0,0.0
2023-05-19 15:30:00-04:00,48.44499969482422,48.66999816894531,48.13999938964844,48.599998474121094,5154,0.0,0.0
2023-05-22 09:30:00-04:00,48.41999816894531,49.34000015258789,48.404998779296875,49.11000061035156,11327,0.0,0.0
2023-05-22 10:30:00-04:00,49.0099983215332,49.32379913330078,48.709999084472656,49.0099983215332,984,0.0,0.0
2023-05-22 11:30:00-04:00,49.18000030517578,49.349998474121094,49.18000030517578,49.349998474121094,2242,0.0,0.0
2023-05-22 12:30:00-04:00,49.61000061035156,49.650001525878906,49.209999084472656,49.5099983215332,3781,0.0,0.0
2023-05-22 13:30:00-04:00,49.3650016784668,49.400001525878906,49.15999984741211,49.29499816894531,1893,0.0,0.0
2023-05-22 14:30:00-04:00,49.15999984741211,49.650001525878906,49.15999984741211,49.650001525878906,10433,0.0,0.0
2023-05-22 15:30:00-04:00,49.439998626708984,49.7400016784668,49.34000015258789,49.70000076293945,5420,0.0,0.0
2023-05-23 10:30:00-04:00,49.75,50.29999923706055,49.68000030517578,50.29999923706055,4152,0.0,0.0
2023-05-23 11:30:00-04:00,50.61000061035156,50.619998931884766,50.61000061035156,50.619998931884766,2711,0.0,0.0
2023-05-23 12:30:00-04:00,50.380001068115234,50.380001068115234,50.380001068115234,50.380001068115234,1692,0.0,0.0
2023-05-23 13:30:00-04:00,50.13999938964844,50.27000045776367,50.02000045776367,50.22999954223633,3107,0.0,0.0
2023-05-23 14:30:00-04:00,50.2400016784668,50.2400016784668,50.04999923706055,50.04999923706055,1390,0.0,0.0
2023-05-23 15:30:00-04:00,50.43000030517578,50.43000030517578,49.86000061035156,50.06999969482422,4640,0.0,0.0
2023-05-24 09:30:00-04:00,49.599998474121094,49.810001373291016,48.459999084472656,48.900001525878906,5935,0.0,0.0
2023-05-24 10:30:00-04:00,48.79999923706055,48.970001220703125,48.560001373291016,48.58000183105469,4062,0.0,0.0
2023-05-24 11:30:00-04:00,48.779998779296875,48.915000915527344,48.779998779296875,48.779998779296875,1232,0.0,0.0
2023-05-24 12:30:00-04:00,48.849998474121094,48.849998474121094,48.27000045776367,48.540000915527344,6538,0.0,0.0
2023-05-24 15:30:00-04:00,48.65999984741211,48.66999816894531,48.2400016784668,48.400001525878906,4697,0.0,0.0
2023-05-25 09:30:00-04:00,48.310001373291016,48.91999816894531,48.099998474121094,48.7400016784668,3131,0.0,0.0
2023-05-25 10:30:00-04:00,48.560001373291016,48.560001373291016,47.7599983215332,47.7599983215332,781,0.0,0.0
2023-05-25 11:30:00-04:00,47.400001525878906,47.650001525878906,47.400001525878906,47.54999923706055,4815,0.0,0.0
2023-05-25 12:30:00-04:00,47.060001373291016,47.06999969482422,47.029998779296875,47.03499984741211,1558,0.0,0.0
2023-05-25 13:30:00-04:00,47.10499954223633,47.10499954223633,47.01499938964844,47.01499938964844,1463,0.0,0.0
2023-05-25 14:30:00-04:00,46.939998626708984,46.939998626708984,46.939998626708984,46.939998626708984,892,0.0,0.0
2023-05-25 15:30:00-04:00,47.29999923706055,47.29999923706055,47.13999938964844,47.13999938964844,2049,0.0,0.0
2023-05-26 09:30:00-04:00,47.08000183105469,47.90999984741211,46.880001068115234,47.5,2074,0.0,0.0
2023-05-26 10:30:00-04:00,48.06999969482422,48.06999969482422,47.810001373291016,47.810001373291016,899,0.0,0.0
2023-05-26 11:30:00-04:00,47.880001068115234,48.400001525878906,47.880001068115234,48.33000183105469,486,0.0,0.0
2023-05-26 12:30:00-04:00,48.52000045776367,48.7599983215332,48.470001220703125,48.650001525878906,3185,0.0,0.0
2023-05-26 13:30:00-04:00,48.665000915527344,48.665000915527344,48.47999954223633,48.58000183105469,802,0.0,0.0
2023-05-26 14:30:00-04:00,48.61000061035156,48.86000061035156,48.61000061035156,48.86000061035156,997,0.0,0.0
2023-05-26 15:30:00-04:00,48.724998474121094,48.79999923706055,48.400001525878906,48.65999984741211,6028,0.0,0.0
2023-05-30 09:30:00-04:00,48.66999816894531,48.66999816894531,47.650001525878906,48.02000045776367,3980,0.0,0.0
2023-05-30 10:30:00-04:00,47.83000183105469,47.83000183105469,47.71500015258789,47.71500015258789,1287,0.0,0.0
2023-05-30 11:30:00-04:00,47.74319839477539,47.900001525878906,47.61000061035156,47.75,3578,0.0,0.0
2023-05-30 12:30:00-04:00,47.34000015258789,47.599998474121094,47.13999938964844,47.599998474121094,2019,0.0,0.0
2023-05-30 13:30:00-04:00,47.380001068115234,47.595001220703125,47.22999954223633,47.595001220703125,1999,0.0,0.0
2023-05-30 14:30:00-04:00,47.5,47.65570068359375,47.439998626708984,47.439998626708984,1703,0.0,0.0
2023-05-30 15:30:00-04:00,47.275001525878906,47.275001525878906,46.880001068115234,46.880001068115234,3681,0.0,0.0
2023-05-31 09:30:00-04:00,46.9900016784668,47.05500030517578,46.9900016784668,47.05500030517578,0,0.0,0.0
2023-05-31 10:30:00-04:00,47.18000030517578,47.45000076293945,46.415000915527344,46.415000915527344,3877,0.0,0.0
2023-05-31 12:30:00-04:00,46.279998779296875,46.689998626708984,46.279998779296875,46.689998626708984,2054,0.0,0.0
2023-05-31 14:30:00-04:00,46.915000915527344,46.915000915527344,46.58000183105469,46.709999084472656,1595,0.0,0.0
2023-05-31 15:30:00-04:00,47.060001373291016,47.40999984741211,46.709999084472656,46.709999084472656,9024,0.0,0.0
2023-06-01 09:30:00-04:00,46.65999984741211,46.65999984741211,46.20000076293945,46.65999984741211,2733,0.0,0.0
2023-06-01 10:30:00-04:00,46.689998626708984,47.900001525878906,46.689998626708984,47.900001525878906,1424,0.0,0.0
2023-06-01 11:30:00-04:00,48.084999084472656,48.119998931884766,47.90999984741211,47.90999984741211,1125,0.0,0.0
2023-06-01 12:30:00-04:00,48.08000183105469,48.08000183105469,47.97999954223633,48.060001373291016,1728,0.0,0.0
2023-06-01 13:30:00-04:00,48.19499969482422,48.25,48.130001068115234,48.130001068115234,1040,0.0,0.0
2023-06-01 14:30:00-04:00,48.33000183105469,48.5099983215332,48.33000183105469,48.5099983215332,2381,0.0,0.0
2023-06-01 15:30:00-04:00,48.44499969482422,48.630001068115234,48.2599983215332,48.31999969482422,3689,0.0,0.0
2023-06-02 09:30:00-04:00,48.790000915527344,49.31999969482422,48.54999923706055,48.79999923706055,7150,0.0,0.0
2023-06-02 10:30:00-04:00,49.560001373291016,49.560001373291016,49.560001373291016,49.560001373291016,385,0.0,0.0
2023-06-02 11:30:00-04:00,49.52000045776367,49.54999923706055,49.130001068115234,49.52000045776367,6790,0.0,0.0
2023-06-02 12:30:00-04:00,49.900001525878906,50.084999084472656,49.59000015258789,50.084999084472656,5894,0.0,0.0
2023-06-02 13:30:00-04:00,50.36000061035156,50.7400016784668,50.275001525878906,50.7400016784668,1894,0.0,0.0
2023-06-02 14:30:00-04:00,50.77000045776367,50.8650016784668,50.75,50.84000015258789,3249,0.0,0.0
2023-06-02 15:30:00-04:00,50.95000076293945,51.11000061035156,50.599998474121094,51.06999969482422,7324,0.0,0.0
2023-06-05 09:30:00-04:00,50.47999954223633,50.47999954223633,49.0,49.52000045776367,7187,0.0,0.0
2023-06-05 10:30:00-04:00,49.130001068115234,50.20000076293945,49.130001068115234,50.16999816894531,3329,0.0,0.0
2023-06-05 12:30:00-04:00,50.185001373291016,50.185001373291016,49.9900016784668,50.130001068115234,4708,0.0,0.0
2023-06-05 13:30:00-04:00,50.02000045776367,50.19499969482422,49.529998779296875,49.529998779296875,9273,0.0,0.0
2023-06-05 14:30:00-04:00,49.2599983215332,49.27000045776367,48.20000076293945,48.20000076293945,3942,0.0,0.0
2023-06-05 15:30:00-04:00,48.47999954223633,48.6599006652832,47.83000183105469,48.18000030517578,13997,0.0,0.0
2023-06-06 09:30:00-04:00,47.880001068115234,48.779998779296875,47.650001525878906,48.70000076293945,11849,0.0,0.0
2023-06-06 10:30:00-04:00,48.9900016784668,50.665000915527344,48.959999084472656,50.290000915527344,4169,0.0,0.0
2023-06-06 11:30:00-04:00,50.400001525878906,51.060001373291016,50.400001525878906,50.599998474121094,3037,0.0,0.0
2023-06-06 12:30:00-04:00,50.959999084472656,50.959999084472656,50.470001220703125,50.470001220703125,1030,0.0,0.0
2023-06-06 13:30:00-04:00,50.34000015258789,50.83000183105469,50.34000015258789,50.83000183105469,2004,0.0,0.0
2023-06-06 14:30:00-04:00,50.65999984741211,51.067501068115234,50.34000015258789,50.66999816894531,2762,0.0,0.0
2023-06-06 15:30:00-04:00,50.83000183105469,51.099998474121094,50.584999084472656,50.68000030517578,5387,0.0,0.0
2023-06-07 09:30:00-04:00,51.36000061035156,52.310001373291016,51.36000061035156,52.25,5306,0.0,0.0
2023-06-07 10:30:00-04:00,52.25,52.59000015258789,51.95000076293945,52.20000076293945,4125,0.0,0.0
2023-06-07 11:30:00-04:00,52.29499816894531,52.45000076293945,51.939998626708984,52.09000015258789,2350,0.0,0.0
2023-06-07 12:30:00-04:00,52.93000030517578,53.0,52.66999816894531,52.79999923706055,3001,0.0,0.0
2023-06-07 13:30:00-04:00,52.90999984741211,53.89500045776367,52.90999984741211,53.79999923706055,7510,0.0,0.0
2023-06-07 14:30:00-04:00,53.9900016784668,54.540000915527344,53.9900016784668,54.400001525878906,13598,0.0,0.0
2023-06-07 15:30:00-04:00,54.41999816894531,54.595001220703125,53.619998931884766,54.029998779296875,19568,0.0,0.0
2023-06-08 09:30:00-04:00,53.86000061035156,53.86000061035156,52.7599983215332,53.220001220703125,4402,0.0,0.0
2023-06-08 10:30:00-04:00,53.26499938964844,53.459999084472656,52.91659927368164,53.15999984741211,1821,0.0,0.0
2023-06-08 11:30:00-04:00,53.40999984741211,53.72999954223633,53.36000061035156,53.72999954223633,2000,0.0,0.0
2023-06-08 12:30:00-04:00,53.7599983215332,53.7599983215332,53.26499938964844,53.26499938964844,775,0.0,0.0
2023-06-08 13:30:00-04:00,53.46500015258789,53.46500015258789,53.2599983215332,53.380001068115234,1217,0.0,0.0
2023-06-08 14:30:00-04:00,53.59000015258789,53.810001373291016,53.5099983215332,53.59000015258789,2013,0.0,0.0
2023-06-08 15:30:00-04:00,53.45500183105469,53.755001068115234,53.31999969482422,53.65999984741211,6599,0.0,0.0
2023-06-09 09:30:00-04:00,53.59000015258789,53.650001525878906,52.93000030517578,53.20000076293945,5832,0.0,0.0
2023-06-09 10:30:00-04:00,53.099998474121094,53.20000076293945,52.165000915527344,52.165000915527344,1941,0.0,0.0
2023-06-09 11:30:00-04:00,52.13999938964844,52.13999938964844,51.970001220703125,51.970001220703125,1631,0.0,0.0
2023-06-09 12:30:00-04:00,51.869998931884766,52.32500076293945,51.869998931884766,52.32500076293945,3992,0.0,0.0
2023-06-09 13:30:00-04:00,52.43000030517578,52.439998626708984,52.43000030517578,52.439998626708984,1663,0.0,0.0
2023-06-09 14:30:00-04:00,52.6349983215332,52.63999938964844,52.52000045776367,52.63999938964844,2466,0.0,0.0
2023-06-09 15:30:00-04:00,52.70000076293945,53.290000915527344,52.70000076293945,53.290000915527344,7307,0.0,0.0
2023-06-12 09:30:00-04:00,52.869998931884766,52.9900016784668,52.369998931884766,52.66270065307617,7452,0.0,0.0
2023-06-12 10:30:00-04:00,52.70000076293945,53.47999954223633,52.66999816894531,53.47999954223633,2680,0.0,0.0
2023-06-12 11:30:00-04:00,53.345001220703125,53.345001220703125,53.334999084472656,53.334999084472656,1037,0.0,0.0
2023-06-12 12:30:00-04:00,53.744998931884766,54.119998931884766,52.88999938964844,52.88999938964844,7019,0.0,0.0
2023-06-12 13:30:00-04:00,52.93000030517578,53.599998474121094,52.93000030517578,53.54999923706055,2478,0.0,0.0
2023-06-12 14:30:00-04:00,53.720001220703125,54.209999084472656,53.720001220703125,53.994998931884766,1290,0.0,0.0
2023-06-12 15:30:00-04:00,54.20000076293945,54.20000076293945,53.810001373291016,53.81999969482422,10251,0.0,0.0
2023-06-13 09:30:00-04:00,54.0099983215332,54.220001220703125,53.5,54.220001220703125,12173,0.0,0.0
2023-06-13 10:30:00-04:00,54.279998779296875,54.59749984741211,54.0099983215332,54.290000915527344,6594,0.0,0.0
2023-06-13 11:30:00-04:00,54.64500045776367,55.0,54.63999938964844,54.63999938964844,1647,0.0,0.0
2023-06-13 13:30:00-04:00,54.9900016784668,54.9900016784668,54.61130142211914,54.61130142211914,1498,0.0,0.0
2023-06-13 14:30:00-04:00,54.58000183105469,54.93000030517578,54.459999084472656,54.880001068115234,1590,0.0,0.0
2023-06-13 15:30:00-04:00,54.60499954223633,54.91999816894531,54.5,54.75,3724,0.0,0.0
2023-06-14 09:30:00-04:00,54.7599983215332,55.0,54.20000076293945,54.83000183105469,5449,0.0,0.0
2023-06-14 10:30:00-04:00,54.540000915527344,54.55500030517578,54.2599983215332,54.54999923706055,1019,0.0,0.0
2023-06-14 11:30:00-04:00,54.790000915527344,54.79999923706055,54.68000030517578,54.68000030517578,623,0.0,0.0
2023-06-14 12:30:00-04:00,54.709598541259766,54.880001068115234,54.43000030517578,54.43000030517578,2013,0.0,0.0
2023-06-14 13:30:00-04:00,54.5,54.5,54.369998931884766,54.412498474121094,1609,0.0,0.0
2023-06-14 14:30:00-04:00,54.369998931884766,54.61000061035156,54.2400016784668,54.61000061035156,1347,0.0,0.0
2023-06-14 15:30:00-04:00,54.810001373291016,54.810001373291016,54.150001525878906,54.56999969482422,4931,0.0,0.0
2023-06-15 09:30:00-04:00,53.81999969482422,54.61000061035156,53.81999969482422,54.61000061035156,5614,0.0,0.0
2023-06-15 10:30:00-04:00,54.716800689697266,54.744998931884766,54.716800689697266,54.744998931884766,877,0.0,0.0
2023-06-15 11:30:00-04:00,54.630001068115234,54.630001068115234,54.630001068115234,54.630001068115234,455,0.0,0.0
2023-06-15 12:30:00-04:00,54.95000076293945,55.130001068115234,54.95000076293945,55.130001068115234,490,0.0,0.0
2023-06-15 13:30:00-04:00,55.189998626708984,55.279998779296875,55.029998779296875,55.16999816894531,2174,0.0,0.0
2023-06-15 14:30:00-04:00,55.529998779296875,55.65999984741211,55.529998779296875,55.529998779296875,1340,0.0,0.0
2023-06-15 15:30:00-04:00,55.880001068115234,55.959999084472656,55.58000183105469,55.88999938964844,6646,0.0,0.0
2023-06-16 09:30:00-04:00,56.290000915527344,56.290000915527344,56.189998626708984,56.27000045776367,15134,0.0,0.0
2023-06-16 10:30:00-04:00,55.43000030517578,55.43000030517578,55.380001068115234,55.380001068115234,669,0.0,0.0
2023-06-16 11:30:00-04:00,55.720001220703125,55.720001220703125,55.04999923706055,55.04999923706055,3572,0.0,0.0
2023-06-16 12:30:00-04:00,55.36000061035156,55.36000061035156,55.060001373291016,55.150001525878906,1445,0.0,0.0
2023-06-16 13:30:00-04:00,55.38999938964844,55.38999938964844,54.97999954223633,54.97999954223633,1050,0.0,0.0
2023-06-16 14:30:00-04:00,55.04999923706055,55.220001220703125,54.90999984741211,55.220001220703125,2233,0.0,0.0
2023-06-16 15:30:00-04:00,55.15999984741211,55.470001220703125,55.029998779296875,55.369998931884766,5084,0.0,0.0
2023-06-20 09:30:00-04:00,55.2599983215332,55.2599983215332,54.0099983215332,54.165000915527344,7095,0.0,0.0
2023-06-20 10:30:00-04:00,53.845001220703125,54.209999084472656,53.540000915527344,53.83000183105469,6578,0.0,0.0
2023-06-20 11:30:00-04:00,53.81999969482422,54.06999969482422,53.54999923706055,54.06999969482422,5977,0.0,0.0
2023-06-20 12:30:00-04:00,54.525001525878906,54.525001525878906,53.959999084472656,54.38999938964844,10857,0.0,0.0
2023-06-20 13:30:00-04:00,54.31999969482422,54.369998931884766,53.400001525878906,53.834999084472656,19950,0.0,0.0
2023-06-20 14:30:00-04:00,53.77000045776367,53.79999923706055,53.459999084472656,53.779998779296875,8301,0.0,0.0
2023-06-20 15:30:00-04:00,53.77000045776367,54.064998626708984,53.650001525878906,53.70000076293945,12528,0.0,0.0
2023-06-21 09:30:00-04:00,53.619998931884766,53.93000030517578,52.91999816894531,53.93000030517578,5527,0.0,0.0
2023-06-21 10:30:00-04:00,54.5,54.5,53.91999816894531,53.939998626708984,5666,0.0,0.0
2023-06-21 11:30:00-04:00,53.90999984741211,53.90999984741211,53.63999938964844,53.72999954223633,1415,0.0,0.0
2023-06-21 12:30:00-04:00,53.86000061035156,53.939998626708984,53.709999084472656,53.709999084472656,2171,0.0,0.0
2023-06-21 13:30:00-04:00,53.560001373291016,53.849998474121094,53.560001373291016,53.68000030517578,1417,0.0,0.0
2023-06-21 14:30:00-04:00,53.84000015258789,54.04999923706055,53.7400016784668,54.0,2763,0.0,0.0
2023-06-21 15:30:00-04:00,53.654998779296875,53.9900016784668,53.5099983215332,53.5099983215332,2934,0.0,0.0
2023-06-22 09:30:00-04:00,54.58430099487305,54.58430099487305,52.560001373291016,52.560001373291016,5489,0.0,0.0
2023-06-22 10:30:00-04:00,52.619998931884766,53.0,52.599998474121094,52.88999938964844,5983,0.0,0.0
2023-06-22 11:30:00-04:00,53.040000915527344,53.09000015258789,52.60499954223633,52.60499954223633,2222,0.0,0.0
2023-06-22 12:30:00-04:00,52.72999954223633,52.72999954223633,52.439998626708984,52.58250045776367,5083,0.0,0.0
2023-06-22 13:30:00-04:00,52.43000030517578,52.630001068115234,52.43000030517578,52.630001068115234,1385,0.0,0.0
2023-06-22 14:30:00-04:00,52.65999984741211,52.720001220703125,52.525001525878906,52.525001525878906,1239,0.0,0.0
2023-06-22 15:30:00-04:00,52.58000183105469,52.650001525878906,52.459999084472656,52.63999938964844,4011,0.0,0.0
2023-06-23 09:30:00-04:00,51.470001220703125,51.959999084472656,51.08000183105469,51.959999084472656,2338,0.0,0.0
2023-06-23 10:30:00-04:00,51.540000915527344,51.880001068115234,51.540000915527344,51.540000915527344,2381,0.0,0.0
2023-06-23 11:30:00-04:00,51.52000045776367,51.54999923706055,51.22999954223633,51.22999954223633,2397,0.0,0.0
2023-06-23 12:30:00-04:00,51.27000045776367,51.27000045776367,51.220001220703125,51.220001220703125,1638,0.0,0.0
2023-06-23 13:30:00-04:00,51.06999969482422,51.11000061035156,50.91999816894531,50.91999816894531,2968,0.0,0.0
2023-06-23 14:30:00-04:00,50.875,50.875,50.59000015258789,50.630001068115234,3780,0.0,0.0
2023-06-23 15:30:00-04:00,50.63999938964844,52.01499938964844,50.470001220703125,51.939998626708984,20505,0.0,0.0
2023-06-26 09:30:00-04:00,51.459999084472656,52.779998779296875,51.459999084472656,52.689998626708984,3389,0.0,0.0
2023-06-26 10:30:00-04:00,53.04999923706055,53.349998474121094,52.880001068115234,53.16999816894531,6388,0.0,0.0
2023-06-26 11:30:00-04:00,53.099998474121094,53.34000015258789,52.79999923706055,52.79999923706055,2774,0.0,0.0
2023-06-26 12:30:00-04:00,52.869998931884766,53.08000183105469,52.869998931884766,53.06999969482422,1965,0.0,0.0
2023-06-26 13:30:00-04:00,53.36000061035156,53.439998626708984,53.29999923706055,53.439998626708984,2977,0.0,0.0
2023-06-26 14:30:00-04:00,53.33000183105469,53.45000076293945,53.33000183105469,53.400001525878906,3321,0.0,0.0
2023-06-26 15:30:00-04:00,53.459999084472656,53.54999923706055,53.31999969482422,53.349998474121094,8423,0.0,0.0
2023-06-27 09:30:00-04:00,53.86000061035156,57.540000915527344,53.060001373291016,53.209999084472656,8671,0.0,0.0
2023-06-27 10:30:00-04:00,53.040000915527344,53.63999938964844,53.040000915527344,53.63999938964844,2305,0.0,0.0
2023-06-27 11:30:00-04:00,53.7599983215332,53.849998474121094,53.61000061035156,53.77000045776367,1927,0.0,0.0
2023-06-27 12:30:00-04:00,53.88999938964844,53.93000030517578,53.65999984741211,53.7400016784668,4619,0.0,0.0
2023-06-27 13:30:00-04:00,53.97999954223633,54.0099983215332,53.67499923706055,54.0099983215332,1895,0.0,0.0
2023-06-27 14:30:00-04:00,54.0,54.0,53.6150016784668,53.709999084472656,2900,0.0,0.0
2023-06-27 15:30:00-04:00,53.630001068115234,53.72999954223633,53.38999938964844,53.59000015258789,7035,0.0,0.0
2023-06-28 09:30:00-04:00,53.79999923706055,53.915000915527344,53.349998474121094,53.564998626708984,6482,0.0,0.0
2023-06-28 10:30:00-04:00,53.57500076293945,53.57500076293945,53.57500076293945,53.57500076293945,532,0.0,0.0
2023-06-28 11:30:00-04:00,53.56999969482422,54.314998626708984,53.48500061035156,54.084999084472656,1653,0.0,0.0
2023-06-28 12:30:00-04:00,54.41999816894531,54.43000030517578,53.970001220703125,53.970001220703125,1742,0.0,0.0
2023-06-28 13:30:00-04:00,54.439998626708984,54.46500015258789,54.18000030517578,54.369998931884766,2895,0.0,0.0
2023-06-28 14:30:00-04:00,54.595001220703125,54.595001220703125,54.0,54.220001220703125,3217,0.0,0.0
2023-06-28 15:30:00-04:00,54.28499984741211,54.45000076293945,54.154998779296875,54.27000045776367,4758,0.0,0.0
2023-06-29 09:30:00-04:00,55.18000030517578,55.650001525878906,55.18000030517578,55.650001525878906,1440,0.0,0.0
2023-06-29 10:30:00-04:00,55.16999816894531,55.595001220703125,54.939998626708984,55.5099983215332,6921,0.0,0.0
2023-06-29 11:30:00-04:00,55.209999084472656,55.29999923706055,55.040000915527344,55.150001525878906,4060,0.0,0.0
2023-06-29 12:30:00-04:00,55.20000076293945,55.20000076293945,54.68000030517578,54.83000183105469,2222,0.0,0.0
2023-06-29 13:30:00-04:00,54.66999816894531,54.81999969482422,54.47999954223633,54.5,1745,0.0,0.0
2023-06-29 14:30:00-04:00,54.38999938964844,54.61000061035156,54.38999938964844,54.61000061035156,3994,0.0,0.0
2023-06-29 15:30:00-04:00,54.849998474121094,55.02000045776367,54.52000045776367,54.77000045776367,6176,0.0,0.0
2023-06-30 09:30:00-04:00,55.529998779296875,56.16999816894531,55.0,55.709999084472656,11534,0.0,0.0
2023-06-30 10:30:00-04:00,55.7599983215332,55.7599983215332,55.3849983215332,55.595001220703125,4952,0.0,0.0
2023-06-30 11:30:00-04:00,55.709999084472656,55.75,55.709999084472656,55.75,1801,0.0,0.0
2023-06-30 12:30:00-04:00,55.75,55.939998626708984,55.59000015258789,55.59000015258789,2456,0.0,0.0
2023-06-30 13:30:00-04:00,55.54999923706055,55.54999923706055,54.939998626708984,55.400001525878906,2900,0.0,0.0
2023-06-30 14:30:00-04:00,55.27000045776367,55.439998626708984,55.27000045776367,55.351600646972656,2874,0.0,0.0
2023-06-30 15:30:00-04:00,55.130001068115234,55.130001068115234,54.41999816894531,54.59000015258789,13206,0.0,0.0
2023-07-03 09:30:00-04:00,54.34000015258789,54.97999954223633,53.689998626708984,53.90999984741211,9930,0.0,0.0
2023-07-03 10:30:00-04:00,53.869998931884766,54.2599983215332,53.349998474121094,53.529998779296875,3571,0.0,0.0
2023-07-03 11:30:00-04:00,53.540000915527344,53.814998626708984,53.540000915527344,53.75,3334,0.0,0.0
2023-07-05 09:30:00-04:00,53.88999938964844,53.88999938964844,51.970001220703125,51.970001220703125,0,0.0,0.0
2023-07-05 10:30:00-04:00,51.959999084472656,52.13999938964844,51.68000030517578,51.83000183105469,2745,0.0,0.0
2023-07-05 11:30:00-04:00,52.1349983215332,52.1349983215332,51.86000061035156,52.10499954223633,1747,0.0,0.0
2023-07-05 12:30:00-04:00,51.95000076293945,52.0,51.869998931884766,51.869998931884766,1395,0.0,0.0
2023-07-05 13:30:00-04:00,51.94499969482422,52.415000915527344,51.94499969482422,51.970001220703125,2693,0.0,0.0
2023-07-05 14:30:00-04:00,51.90999984741211,52.720001220703125,51.900001525878906,52.720001220703125,7080,0.0,0.0
2023-07-05 15:30:00-04:00,52.619998931884766,52.619998931884766,52.15999984741211,52.25,6710,0.0,0.0
2023-07-06 09:30:00-04:00,51.310001373291016,51.599998474121094,50.790000915527344,50.790000915527344,6645,0.0,0.0
2023-07-06 11:30:00-04:00,50.61000061035156,50.90999984741211,50.61000061035156,50.90999984741211,2193,0.0,0.0
2023-07-06 12:30:00-04:00,51.029998779296875,51.40999984741211,50.79999923706055,51.40999984741211,4189,0.0,0.0
2023-07-06 13:30:00-04:00,51.08000183105469,51.35499954223633,51.08000183105469,51.18000030517578,3913,0.0,0.0
2023-07-06 14:30:00-04:00,51.349998474121094,51.349998474121094,51.349998474121094,51.349998474121094,789,0.0,0.0
2023-07-06 15:30:00-04:00,51.2599983215332,51.27000045776367,50.970001220703125,51.244998931884766,8406,0.0,0.0
2023-07-07 09:30:00-04:00,51.5099983215332,52.2400016784668,51.11000061035156,52.2400016784668,6258,0.0,0.0
2023-07-07 10:30:00-04:00,52.310001373291016,53.02000045776367,52.2400016784668,52.66999816894531,2288,0.0,0.0
2023-07-07 12:30:00-04:00,52.83000183105469,53.11000061035156,52.83000183105469,53.11000061035156,873,0.0,0.0
2023-07-07 13:30:00-04:00,52.94499969482422,52.94499969482422,52.720001220703125,52.720001220703125,1354,0.0,0.0
2023-07-07 14:30:00-04:00,52.58000183105469,52.65999984741211,52.58000183105469,52.63999938964844,2677,0.0,0.0
2023-07-07 15:30:00-04:00,52.59000015258789,52.59000015258789,52.13999938964844,52.18000030517578,5730,0.0,0.0
2023-07-10 09:30:00-04:00,52.029998779296875,52.470001220703125,52.029998779296875,52.470001220703125,956,0.0,0.0
2023-07-10 10:30:00-04:00,52.256099700927734,52.256099700927734,52.256099700927734,52.256099700927734,758,0.0,0.0
2023-07-10 11:30:00-04:00,52.40999984741211,52.40999984741211,52.38999938964844,52.38999938964844,885,0.0,0.0
2023-07-10 12:30:00-04:00,52.38999938964844,52.7400016784668,52.38999938964844,52.7400016784668,2368,0.0,0.0
2023-07-10 13:30:00-04:00,52.849998474121094,52.849998474121094,52.810001373291016,52.810001373291016,523,0.0,0.0
2023-07-10 14:30:00-04:00,52.779998779296875,53.0,52.779998779296875,52.959999084472656,1324,0.0,0.0
2023-07-10 15:30:00-04:00,52.689998626708984,52.95000076293945,52.689998626708984,52.83000183105469,2742,0.0,0.0
2023-07-11 09:30:00-04:00,52.84000015258789,53.310001373291016,52.7400016784668,52.790000915527344,3099,0.0,0.0
2023-07-11 10:30:00-04:00,52.75,52.9900016784668,52.689998626708984,52.900001525878906,3301,0.0,0.0
2023-07-11 11:30:00-04:00,52.650001525878906,52.709999084472656,52.5099983215332,52.709999084472656,3034,0.0,0.0
2023-07-11 12:30:00-04:00,52.78499984741211,52.78499984741211,52.7599983215332,52.7599983215332,605,0.0,0.0
2023-07-11 13:30:00-04:00,52.68000030517578,52.9900016784668,52.68000030517578,52.9900016784668,1897,0.0,0.0
2023-07-11 14:30:00-04:00,53.06999969482422,53.29999923706055,53.06999969482422,53.2400016784668,2957,0.0,0.0
2023-07-11 15:30:00-04:00,53.2599983215332,53.27000045776367,53.099998474121094,53.20000076293945,3280,0.0,0.0
2023-07-12 09:30:00-04:00,54.0,54.189998626708984,53.31589889526367,53.56999969482422,6965,0.0,0.0
2023-07-12 10:30:00-04:00,53.41999816894531,53.59000015258789,53.369998931884766,53.369998931884766,1283,0.0,0.0
2023-07-12 11:30:00-04:00,53.689998626708984,54.04999923706055,53.689998626708984,53.720001220703125,3683,0.0,0.0
2023-07-12 13:30:00-04:00,54.0099983215332,54.0099983215332,53.939998626708984,53.939998626708984,838,0.0,0.0
2023-07-12 14:30:00-04:00,53.95000076293945,53.95000076293945,53.58000183105469,53.58000183105469,1801,0.0,0.0
2023-07-12 15:30:00-04:00,53.720001220703125,53.720001220703125,53.56999969482422,53.59000015258789,2207,0.0,0.0
2023-07-13 09:30:00-04:00,53.5099983215332,54.0,53.5099983215332,53.95000076293945,4235,0.0,0.0
2023-07-13 10:30:00-04:00,53.97999954223633,53.97999954223633,53.459999084472656,53.542198181152344,1816,0.0,0.0
2023-07-13 11:30:00-04:00,53.592201232910156,53.98099899291992,53.592201232910156,53.98099899291992,4504,0.0,0.0
2023-07-13 12:30:00-04:00,54.0,54.15999984741211,53.97999954223633,54.15999984741211,1878,0.0,0.0
2023-07-13 13:30:00-04:00,53.900001525878906,53.900001525878906,53.900001525878906,53.900001525878906,605,0.0,0.0
2023-07-13 14:30:00-04:00,53.900001525878906,53.900001525878906,53.900001525878906,53.900001525878906,656,0.0,0.0
2023-07-13 15:30:00-04:00,54.01499938964844,54.34000015258789,54.01499938964844,54.209999084472656,4843,0.0,0.0
2023-07-14 09:30:00-04:00,54.40999984741211,55.38999938964844,54.15999984741211,55.11000061035156,47048,0.0,0.0
2023-07-14 10:30:00-04:00,54.84000015258789,55.03499984741211,54.70000076293945,54.70000076293945,1283,0.0,0.0
2023-07-14 11:30:00-04:00,54.65999984741211,54.65999984741211,54.5099983215332,54.5099983215332,9719,0.0,0.0
2023-07-14 12:30:00-04:00,53.84000015258789,53.84000015258789,53.84000015258789,53.84000015258789,300,0.0,0.0
2023-07-14 13:30:00-04:00,53.81999969482422,54.060001373291016,53.61000061035156,53.660499572753906,5463,0.0,0.0
2023-07-14 14:30:00-04:00,53.80500030517578,53.970001220703125,53.80500030517578,53.970001220703125,1157,0.0,0.0
2023-07-14 15:30:00-04:00,53.9900016784668,54.09000015258789,53.540000915527344,53.709999084472656,8093,0.0,0.0
2023-07-17 09:30:00-04:00,52.349998474121094,54.125,52.349998474121094,53.939998626708984,6585,0.0,0.0
2023-07-17 10:30:00-04:00,53.880001068115234,54.060001373291016,53.39500045776367,53.959999084472656,5229,0.0,0.0
2023-07-17 11:30:00-04:00,54.34000015258789,54.41999816894531,53.83000183105469,54.41999816894531,4821,0.0,0.0
2023-07-17 12:30:00-04:00,54.40999984741211,54.75,54.40999984741211,54.54999923706055,3349,0.0,0.0
2023-07-17 13:30:00-04:00,54.15999984741211,54.630001068115234,53.779998779296875,54.119998931884766,8903,0.0,0.0
2023-07-17 14:30:00-04:00,54.064998626708984,54.290000915527344,53.900001525878906,54.279998779296875,8973,0.0,0.0
2023-07-17 15:30:00-04:00,54.154998779296875,54.154998779296875,53.47999954223633,53.47999954223633,6750,0.0,0.0
2023-07-18 09:30:00-04:00,53.04999923706055,54.481300354003906,53.04999923706055,53.70500183105469,5631,0.0,0.0
2023-07-18 10:30:00-04:00,53.65999984741211,53.779998779296875,53.349998474121094,53.58000183105469,4458,0.0,0.0
2023-07-18 11:30:00-04:00,53.650001525878906,53.79999923706055,53.29999923706055,53.369998931884766,10041,0.0,0.0
2023-07-18 12:30:00-04:00,53.70000076293945,53.70000076293945,53.099998474121094,53.38999938964844,1549,0.0,0.0
2023-07-18 13:30:00-04:00,53.290000915527344,53.349998474121094,52.939998626708984,53.2400016784668,9120,0.0,0.0
2023-07-18 14:30:00-04:00,53.20000076293945,53.58000183105469,53.02000045776367,53.560001373291016,20427,0.0,0.0
2023-07-18 15:30:00-04:00,53.685001373291016,53.869998931884766,53.5,53.77000045776367,6366,0.0,0.0
2023-07-19 09:30:00-04:00,53.22999954223633,53.790000915527344,53.08000183105469,53.790000915527344,3849,0.0,0.0
2023-07-19 10:30:00-04:00,53.880001068115234,53.880001068115234,53.54499816894531,53.70000076293945,1349,0.0,0.0
2023-07-19 11:30:00-04:00,53.88999938964844,54.099998474121094,53.81999969482422,53.81999969482422,49801,0.0,0.0
2023-07-19 12:30:00-04:00,53.650001525878906,54.17499923706055,53.2400016784668,53.77000045776367,20464,0.0,0.0
2023-07-19 13:30:00-04:00,53.77000045776367,54.0,53.63999938964844,53.90999984741211,2362,0.0,0.0
2023-07-19 14:30:00-04:00,54.0,54.36000061035156,54.0,54.25,5213,0.0,0.0
2023-07-19 15:30:00-04:00,54.279998779296875,54.47999954223633,54.060001373291016,54.40999984741211,16415,0.0,0.0
2023-07-20 09:30:00-04:00,52.0,52.0,50.04999923706055,50.5,328953,0.0,0.0
2023-07-20 10:30:00-04:00,50.505001068115234,51.279998779296875,50.220001220703125,51.13759994506836,125925,0.0,0.0
2023-07-20 11:30:00-04:00,51.147499084472656,51.630001068115234,50.709999084472656,51.599998474121094,94327,0.0,0.0
2023-07-20 12:30:00-04:00,51.4900016784668,51.630001068115234,51.27000045776367,51.439998626708984,95289,0.0,0.0
2023-07-20 13:30:00-04:00,51.375,51.400001525878906,51.0,51.18000030517578,82504,0.0,0.0
2023-07-20 14:30:00-04:00,51.20000076293945,51.36000061035156,50.88999938964844,51.349998474121094,84924,0.0,0.0
2023-07-20 15:30:00-04:00,51.349998474121094,51.5,51.04999923706055,51.04999923706055,84237,0.0,0.0
2023-07-21 09:30:00-04:00,51.2400016784668,51.91999816894531,51.0,51.650001525878906,56507,0.0,0.0
2023-07-21 10:30:00-04:00,51.79499816894531,52.34000015258789,51.75,52.060001373291016,32477,0.0,0.0
2023-07-21 11:30:00-04:00,52.040000915527344,52.459999084472656,51.9900016784668,52.380001068115234,15106,0.0,0.0
2023-07-21 12:30:00-04:00,52.25,52.400001525878906,52.0,52.349998474121094,29212,0.0,0.0
2023-07-21 13:30:00-04:00,52.439998626708984,52.52000045776367,52.040000915527344,52.18000030517578,13206,0.0,0.0
2023-07-21 14:30:00-04:00,52.20000076293945,52.20000076293945,52.0,52.150001525878906,27894,0.0,0.0
2023-07-21 15:30:00-04:00,52.27000045776367,52.40999984741211,51.47999954223633,51.95000076293945,61112,0.0,0.0
2023-07-24 09:30:00-04:00,52.15999984741211,52.65999984741211,51.720001220703125,52.255001068115234,13561,0.0,0.0
2023-07-24 10:30:00-04:00,52.224998474121094,52.36000061035156,51.8400993347168,52.310001373291016,18682,0.0,0.0
2023-07-24 11:30:00-04:00,52.290000915527344,52.310001373291016,51.959999084472656,51.9900016784668,10703,0.0,0.0
2023-07-24 12:30:00-04:00,52.040000915527344,52.16999816894531,51.96500015258789,52.099998474121094,17787,0.0,0.0
2023-07-24 13:30:00-04:00,52.15999984741211,52.279998779296875,51.98500061035156,52.15999984741211,26596,0.0,0.0
2023-07-24 14:30:00-04:00,52.154998779296875,52.369998931884766,51.95289993286133,52.34000015258789,29180,0.0,0.0
2023-07-24 15:30:00-04:00,52.33000183105469,52.38999938964844,52.25,52.380001068115234,45148,0.0,0.0
2023-07-25 09:30:00-04:00,52.119998931884766,52.599998474121094,51.75,52.560001373291016,15862,0.0,0.0
2023-07-25 10:30:00-04:00,52.560001373291016,53.04999923706055,52.38999938964844,52.875,11550,0.0,0.0
2023-07-25 11:30:00-04:00,52.959999084472656,53.04999923706055,52.511600494384766,52.59000015258789,7071,0.0,0.0
2023-07-25 12:30:00-04:00,52.70000076293945,52.849998474121094,52.46500015258789,52.755001068115234,11236,0.0,0.0
2023-07-25 13:30:00-04:00,52.79999923706055,53.54999923706055,52.79999923706055,53.48500061035156,29098,0.0,0.0
2023-07-25 14:30:00-04:00,53.4900016784668,53.54999923706055,53.099998474121094,53.41999816894531,21756,0.0,0.0
2023-07-25 15:30:00-04:00,53.41999816894531,53.470001220703125,53.310001373291016,53.380001068115234,30708,0.0,0.0
2023-07-26 09:30:00-04:00,53.349998474121094,54.0,52.900001525878906,53.6349983215332,16987,0.0,0.0
2023-07-26 10:30:00-04:00,53.935001373291016,54.59000015258789,53.689998626708984,53.869998931884766,36472,0.0,0.0
2023-07-26 11:30:00-04:00,53.869998931884766,54.06999969482422,53.7599983215332,54.0,23706,0.0,0.0
2023-07-26 12:30:00-04:00,54.0,54.07500076293945,53.220001220703125,53.349998474121094,30217,0.0,0.0
2023-07-26 13:30:00-04:00,53.349998474121094,53.650001525878906,53.349998474121094,53.650001525878906,8167,0.0,0.0
2023-07-26 14:30:00-04:00,53.529998779296875,53.875,53.220001220703125,53.2400016784668,24241,0.0,0.0
2023-07-26 15:30:00-04:00,53.2599983215332,53.75,53.2599983215332,53.720001220703125,28797,0.0,0.0
2023-07-27 09:30:00-04:00,53.900001525878906,54.9900016784668,53.5099983215332,53.915000915527344,49316,0.0,0.0
2023-07-27 10:30:00-04:00,54.040000915527344,54.529998779296875,52.86000061035156,53.099998474121094,35139,0.0,0.0
2023-07-27 11:30:00-04:00,53.13999938964844,53.47999954223633,52.810001373291016,53.404998779296875,20014,0.0,0.0
2023-07-27 12:30:00-04:00,53.435001373291016,53.5,52.56999969482422,52.63999938964844,25224,0.0,0.0
2023-07-27 13:30:00-04:00,52.54999923706055,52.91999816894531,52.38999938964844,52.869998931884766,17283,0.0,0.0
2023-07-27 14:30:00-04:00,52.702999114990234,52.79999923706055,51.63999938964844,52.23500061035156,39877,0.0,0.0
2023-07-27 15:30:00-04:00,52.33000183105469,52.33000183105469,51.7400016784668,52.09000015258789,54085,0.0,0.0
2023-07-28 09:30:00-04:00,52.560001373291016,52.560001373291016,51.959999084472656,52.130001068115234,15890,0.0,0.0
2023-07-28 10:30:00-04:00,52.209999084472656,52.755001068115234,52.209999084472656,52.44499969482422,11443,0.0,0.0
2023-07-28 11:30:00-04:00,52.380001068115234,52.41999816894531,52.22999954223633,52.29999923706055,13497,0.0,0.0
2023-07-28 12:30:00-04:00,52.29999923706055,52.70500183105469,52.29999923706055,52.59000015258789,12806,0.0,0.0
2023-07-28 13:30:00-04:00,52.55500030517578,52.650001525878906,52.29999923706055,52.619998931884766,7076,0.0,0.0
2023-07-28 14:30:00-04:00,52.619998931884766,53.0,52.619998931884766,53.0,18651,0.0,0.0
2023-07-28 15:30:00-04:00,53.01499938964844,53.349998474121094,52.9900016784668,53.119998931884766,13567,0.0,0.0
2023-07-31 09:30:00-04:00,53.06999969482422,53.415000915527344,53.029998779296875,53.400001525878906,0,0.0,0.0
2023-07-31 10:30:00-04:00,53.349998474121094,53.45000076293945,53.09000015258789,53.349998474121094,4582,0.0,0.0
2023-07-31 11:30:00-04:00,53.435001373291016,53.435001373291016,53.220001220703125,53.290000915527344,3864,0.0,0.0
2023-07-31 12:30:00-04:00,53.275001525878906,53.5099983215332,53.275001525878906,53.42499923706055,5073,0.0,0.0
2023-07-31 13:30:00-04:00,53.29999923706055,53.63999938964844,53.29999923706055,53.54999923706055,7027,0.0,0.0
2023-07-31 14:30:00-04:00,53.619998931884766,53.779998779296875,53.38999938964844,53.68000030517578,8972,0.0,0.0
2023-07-31 15:30:00-04:00,53.66999816894531,53.84000015258789,53.61000061035156,53.70000076293945,24568,0.0,0.0
2023-08-01 09:30:00-04:00,53.529998779296875,54.26499938964844,52.711700439453125,53.849998474121094,20848,0.0,0.0
2023-08-01 10:30:00-04:00,53.68000030517578,54.13999938964844,53.6349983215332,53.6349983215332,15736,0.0,0.0
2023-08-01 11:30:00-04:00,53.540000915527344,53.86000061035156,53.43000030517578,53.86000061035156,6274,0.0,0.0
2023-08-01 12:30:00-04:00,53.95000076293945,54.01499938964844,53.5099983215332,53.65999984741211,8725,0.0,0.0
2023-08-01 13:30:00-04:00,53.720001220703125,53.97999954223633,53.52000045776367,53.939998626708984,8263,0.0,0.0
2023-08-01 14:30:00-04:00,54.04999923706055,54.67499923706055,54.04999923706055,54.630001068115234,9238,0.0,0.0
2023-08-01 15:30:00-04:00,54.630001068115234,54.939998626708984,54.5,54.849998474121094,25945,0.0,0.0
2023-08-02 09:30:00-04:00,54.02000045776367,54.564998626708984,53.709999084472656,54.5,7532,0.0,0.0
2023-08-02 10:30:00-04:00,54.540000915527344,54.540000915527344,52.790000915527344,53.150001525878906,15601,0.0,0.0
2023-08-02 11:30:00-04:00,53.25,53.7400016784668,53.22999954223633,53.7400016784668,6911,0.0,0.0
2023-08-02 12:30:00-04:00,53.709999084472656,54.040000915527344,53.685001373291016,53.689998626708984,5270,0.0,0.0
2023-08-02 13:30:00-04:00,53.72999954223633,54.060001373291016,53.47999954223633,53.47999954223633,5108,0.0,0.0
2023-08-02 14:30:00-04:00,53.529998779296875,53.689998626708984,53.22999954223633,53.27000045776367,10890,0.0,0.0
2023-08-02 15:30:00-04:00,53.279998779296875,53.709999084472656,53.150001525878906,53.66999816894531,20272,0.0,0.0
2023-08-03 09:30:00-04:00,53.119998931884766,53.119998931884766,52.34000015258789,52.470001220703125,5962,0.0,0.0
2023-08-03 10:30:00-04:00,52.28499984741211,53.150001525878906,52.279998779296875,53.150001525878906,7660,0.0,0.0
2023-08-03 11:30:00-04:00,53.13999938964844,53.13999938964844,52.790000915527344,53.02000045776367,19904,0.0,0.0
2023-08-03 12:30:00-04:00,53.060001373291016,53.290000915527344,53.005001068115234,53.209999084472656,13302,0.0,0.0
2023-08-03 13:30:00-04:00,53.13999938964844,53.13999938964844,53.0,53.03499984741211,6631,0.0,0.0
2023-08-03 14:30:00-04:00,53.0099983215332,53.279998779296875,52.97999954223633,53.09000015258789,10966,0.0,0.0
2023-08-03 15:30:00-04:00,53.09000015258789,53.290000915527344,53.02000045776367,53.16999816894531,16381,0.0,0.0
2023-08-04 09:30:00-04:00,52.9900016784668,53.6349983215332,52.70000076293945,53.44499969482422,8487,0.0,0.0
2023-08-04 10:30:00-04:00,53.650001525878906,53.93000030517578,53.560001373291016,53.88999938964844,3656,0.0,0.0
2023-08-04 11:30:00-04:00,53.790000915527344,54.0,53.755001068115234,53.95000076293945,8111,0.0,0.0
2023-08-04 12:30:00-04:00,53.939998626708984,53.9900016784668,53.81999969482422,53.81999969482422,7280,0.0,0.0
2023-08-04 13:30:00-04:00,53.75,53.810001373291016,53.33000183105469,53.540000915527344,6296,0.0,0.0
2023-08-04 14:30:00-04:00,53.47999954223633,53.599998474121094,53.40999984741211,53.43000030517578,5772,0.0,0.0
2023-08-04 15:30:00-04:00,53.4900016784668,53.599998474121094,53.3650016784668,53.5099983215332,14622,0.0,0.0
2023-08-07 09:30:00-04:00,53.5099983215332,53.849998474121094,53.310001373291016,53.39500045776367,7125,0.0,0.0
2023-08-07 10:30:00-04:00,53.310001373291016,53.540000915527344,53.2599983215332,53.5,3917,0.0,0.0
2023-08-07 11:30:00-04:00,53.470001220703125,53.540000915527344,53.41999816894531,53.45000076293945,3886,0.0,0.0
2023-08-07 12:30:00-04:00,53.45000076293945,53.7599983215332,53.31999969482422,53.58000183105469,40304,0.0,0.0
2023-08-07 13:30:00-04:00,53.58000183105469,53.79999923706055,53.5,53.709999084472656,6553,0.0,0.0
2023-08-07 14:30:00-04:00,53.7400016784668,53.77000045776367,53.5,53.5,4403,0.0,0.0
2023-08-07 15:30:00-04:00,53.54499816894531,53.79999923706055,53.54499816894531,53.7400016784668,10139,0.0,0.0
2023-08-08 09:30:00-04:00,53.04999923706055,53.15999984741211,52.68000030517578,53.04499816894531,13177,0.0,0.0
2023-08-08 10:30:00-04:00,53.040000915527344,53.185001373291016,52.869998931884766,53.165000915527344,21929,0.0,0.0
2023-08-08 11:30:00-04:00,53.04999923706055,53.599998474121094,53.04999923706055,53.56999969482422,3992,0.0,0.0
2023-08-08 12:30:00-04:00,53.599998474121094,53.95500183105469,53.599998474121094,53.834999084472656,6118,0.0,0.0
2023-08-08 13:30:00-04:00,53.79999923706055,53.81999969482422,53.599998474121094,53.70000076293945,2732,0.0,0.0
2023-08-08 14:30:00-04:00,53.689998626708984,53.790000915527344,53.6150016784668,53.66999816894531,6412,0.0,0.0
2023-08-08 15:30:00-04:00,53.619998931884766,53.875,53.58000183105469,53.77000045776367,8220,0.0,0.0
2023-08-09 09:30:00-04:00,53.68000030517578,53.68000030517578,53.189998626708984,53.27000045776367,0,0.0,0.0
2023-08-09 10:30:00-04:00,53.369998931884766,53.599998474121094,53.18000030517578,53.22999954223633,9130,0.0,0.0
2023-08-09 11:30:00-04:00,53.11000061035156,53.25,52.8650016784668,53.119998931884766,17370,0.0,0.0
2023-08-09 12:30:00-04:00,53.09000015258789,53.689998626708984,53.09000015258789,53.689998626708984,5769,0.0,0.0
2023-08-09 13:30:00-04:00,53.689998626708984,53.810001373291016,53.65999984741211,53.779998779296875,4404,0.0,0.0
2023-08-09 14:30:00-04:00,53.779998779296875,53.810001373291016,53.43000030517578,53.47999954223633,6655,0.0,0.0
2023-08-09 15:30:00-04:00,53.560001373291016,53.560001373291016,53.220001220703125,53.220001220703125,11579,0.0,0.0
2023-08-10 09:30:00-04:00,53.720001220703125,53.900001525878906,53.34000015258789,53.814998626708984,9437,0.0,0.0
2023-08-10 10:30:00-04:00,53.900001525878906,53.900001525878906,53.279998779296875,53.30500030517578,5274,0.0,0.0
2023-08-10 11:30:00-04:00,53.34000015258789,53.540000915527344,53.279998779296875,53.380001068115234,7465,0.0,0.0
2023-08-10 12:30:00-04:00,53.349998474121094,53.5,53.28200149536133,53.38999938964844,7262,0.0,0.0
2023-08-10 13:30:00-04:00,53.36000061035156,53.5,53.119998931884766,53.5,17099,0.0,0.0
2023-08-10 14:30:00-04:00,53.529998779296875,53.790000915527344,53.529998779296875,53.529998779296875,10949,0.0,0.0
2023-08-10 15:30:00-04:00,53.52000045776367,53.79999923706055,53.52000045776367,53.66999816894531,22182,0.0,0.0
2023-08-11 09:30:00-04:00,53.279998779296875,53.84000015258789,53.27000045776367,53.834999084472656,5855,0.0,0.0
2023-08-11 10:30:00-04:00,53.88999938964844,54.279998779296875,53.80500030517578,53.900001525878906,7704,0.0,0.0
2023-08-11 11:30:00-04:00,53.79999923706055,53.970001220703125,53.630001068115234,53.82500076293945,6558,0.0,0.0
2023-08-11 12:30:00-04:00,53.810001373291016,54.029998779296875,53.74100112915039,53.994998931884766,5675,0.0,0.0
2023-08-11 13:30:00-04:00,54.0,54.040000915527344,53.72999954223633,53.72999954223633,4995,0.0,0.0
2023-08-11 14:30:00-04:00,53.63999938964844,53.779998779296875,53.63999938964844,53.724998474121094,3841,0.0,0.0
2023-08-11 15:30:00-04:00,53.75,53.790000915527344,53.619998931884766,53.66999816894531,11425,0.0,0.0
2023-08-14 09:30:00-04:00,53.540000915527344,53.540000915527344,53.10499954223633,53.20000076293945,2091,0.0,0.0
2023-08-14 10:30:00-04:00,53.1077995300293,53.22999954223633,53.0099983215332,53.040000915527344,3339,0.0,0.0
2023-08-14 11:30:00-04:00,53.17900085449219,53.290000915527344,53.11000061035156,53.18000030517578,2272,0.0,0.0
2023-08-14 12:30:00-04:00,53.191001892089844,53.310001373291016,53.191001892089844,53.29499816894531,1631,0.0,0.0
2023-08-14 13:30:00-04:00,53.2599983215332,53.279998779296875,52.91999816894531,53.02000045776367,7136,0.0,0.0
2023-08-14 14:30:00-04:00,52.9900016784668,53.400001525878906,52.9900016784668,53.36000061035156,5612,0.0,0.0
2023-08-14 15:30:00-04:00,53.33000183105469,53.54999923706055,53.31999969482422,53.47999954223633,9706,0.0,0.0
2023-08-15 09:30:00-04:00,53.209999084472656,53.2400016784668,52.6875,52.939998626708984,3889,0.0,0.0
2023-08-15 10:30:00-04:00,53.029998779296875,53.22999954223633,53.029998779296875,53.06999969482422,4397,0.0,0.0
2023-08-15 11:30:00-04:00,53.15999984741211,53.279998779296875,53.099998474121094,53.189998626708984,6276,0.0,0.0
2023-08-15 12:30:00-04:00,53.25,53.4900016784668,53.150001525878906,53.4900016784668,6685,0.0,0.0
2023-08-15 13:30:00-04:00,53.560001373291016,53.665000915527344,53.44499969482422,53.44499969482422,4413,0.0,0.0
2023-08-15 14:30:00-04:00,53.44499969482422,53.5,53.310001373291016,53.400001525878906,9719,0.0,0.0
2023-08-15 15:30:00-04:00,53.470001220703125,53.599998474121094,53.40999984741211,53.459999084472656,18550,0.0,0.0
2023-08-16 09:30:00-04:00,53.21500015258789,53.959999084472656,53.21500015258789,53.349998474121094,30373,0.0,0.0
2023-08-16 10:30:00-04:00,53.43000030517578,53.69499969482422,53.369998931884766,53.65250015258789,3125,0.0,0.0
2023-08-16 11:30:00-04:00,53.619998931884766,53.744998931884766,53.599998474121094,53.61000061035156,8898,0.0,0.0
2023-08-16 12:30:00-04:00,53.59000015258789,53.619998931884766,53.18000030517578,53.18000030517578,6533,0.0,0.0
2023-08-16 13:30:00-04:00,53.16999816894531,53.33000183105469,53.099998474121094,53.2400016784668,5648,0.0,0.0
2023-08-16 14:30:00-04:00,53.2400016784668,53.2400016784668,52.790000915527344,52.790000915527344,6270,0.0,0.0
2023-08-16 15:30:00-04:00,52.88999938964844,53.33000183105469,52.880001068115234,53.13999938964844,17936,0.0,0.0
2023-08-17 09:30:00-04:00,53.11000061035156,53.38999938964844,52.810001373291016,53.279998779296875,3715,0.0,0.0
2023-08-17 10:30:00-04:00,53.2400016784668,53.2400016784668,52.869998931884766,53.029998779296875,5094,0.0,0.0
2023-08-17 11:30:00-04:00,53.0,53.08000183105469,52.95000076293945,52.970001220703125,4299,0.0,0.0
2023-08-17 12:30:00-04:00,53.06999969482422,53.13999938964844,52.994998931884766,53.06999969482422,4167,0.0,0.0
2023-08-17 13:30:00-04:00,53.029998779296875,53.07500076293945,52.95000076293945,52.9900016784668,14287,0.0,0.0
2023-08-17 14:30:00-04:00,52.9900016784668,52.9900016784668,52.599998474121094,52.72999954223633,19150,0.0,0.0
2023-08-17 15:30:00-04:00,52.709999084472656,52.93000030517578,52.619998931884766,52.900001525878906,20624,0.0,0.0
2023-08-18 09:30:00-04:00,52.290000915527344,52.974998474121094,51.935001373291016,51.935001373291016,23982,0.0,0.0
2023-08-18 10:30:00-04:00,51.91999816894531,52.189998626708984,51.68000030517578,52.040000915527344,16348,0.0,0.0
2023-08-18 11:30:00-04:00,52.095001220703125,52.4900016784668,52.04999923706055,52.439998626708984,12093,0.0,0.0
2023-08-18 12:30:00-04:00,52.40999984741211,52.6349983215332,52.40999984741211,52.61000061035156,6716,0.0,0.0
2023-08-18 13:30:00-04:00,52.619998931884766,52.65999984741211,52.279998779296875,52.45000076293945,12190,0.0,0.0
2023-08-18 14:30:00-04:00,52.349998474121094,52.54999923706055,52.33000183105469,52.40999984741211,15539,0.0,0.0
2023-08-18 15:30:00-04:00,52.40999984741211,52.80500030517578,52.40999984741211,52.45000076293945,27083,0.0,0.0
2023-08-21 09:30:00-04:00,52.459999084472656,53.27000045776367,52.459999084472656,52.75,8567,0.0,0.0
2023-08-21 10:30:00-04:00,52.6349983215332,52.81999969482422,52.54999923706055,52.689998626708984,5155,0.0,0.0
2023-08-21 11:30:00-04:00,52.709999084472656,52.79999923706055,52.54499816894531,52.567501068115234,3650,0.0,0.0
2023-08-21 12:30:00-04:00,52.599998474121094,52.619998931884766,52.42499923706055,52.560001373291016,5017,0.0,0.0
2023-08-21 13:30:00-04:00,52.529998779296875,53.029998779296875,52.529998779296875,52.970001220703125,8930,0.0,0.0
2023-08-21 14:30:00-04:00,53.0,53.220001220703125,53.0,53.220001220703125,8373,0.0,0.0
2023-08-21 15:30:00-04:00,53.209999084472656,53.279998779296875,52.900001525878906,52.90999984741211,18654,0.0,0.0
2023-08-22 09:30:00-04:00,53.25,53.25,52.86000061035156,52.880001068115234,0,0.0,0.0
2023-08-22 10:30:00-04:00,52.79999923706055,52.84000015258789,52.400001525878906,52.400001525878906,5645,0.0,0.0
2023-08-22 11:30:00-04:00,52.470001220703125,52.470001220703125,51.912899017333984,52.0099983215332,12346,0.0,0.0
2023-08-22 12:30:00-04:00,51.98500061035156,52.29999923706055,51.98500061035156,52.29999923706055,4576,0.0,0.0
2023-08-22 13:30:00-04:00,52.349998474121094,52.619998931884766,52.349998474121094,52.619998931884766,2846,0.0,0.0
2023-08-22 14:30:00-04:00,52.630001068115234,52.869998931884766,52.41999816894531,52.869998931884766,8459,0.0,0.0
2023-08-22 15:30:00-04:00,52.81999969482422,53.099998474121094,52.79999923706055,53.099998474121094,11401,0.0,0.0
2023-08-23 09:30:00-04:00,52.9900016784668,53.38999938964844,52.880001068115234,53.38999938964844,4138,0.0,0.0
2023-08-23 10:30:00-04:00,53.11000061035156,53.54999923706055,53.07500076293945,53.54999923706055,4713,0.0,0.0
2023-08-23 11:30:00-04:00,53.61000061035156,53.61000061035156,53.29499816894531,53.29499816894531,8579,0.0,0.0
2023-08-23 12:30:00-04:00,53.224998474121094,53.290000915527344,53.13999938964844,53.2599983215332,5859,0.0,0.0
2023-08-23 13:30:00-04:00,53.29199981689453,53.400001525878906,53.20199966430664,53.369998931884766,5699,0.0,0.0
2023-08-23 14:30:00-04:00,53.43000030517578,53.52000045776367,53.275001525878906,53.40999984741211,6230,0.0,0.0
2023-08-23 15:30:00-04:00,53.369998931884766,53.52000045776367,53.369998931884766,53.52000045776367,11655,0.0,0.0
2023-08-24 09:30:00-04:00,53.189998626708984,53.72999954223633,52.869998931884766,53.630001068115234,6836,0.0,0.0
2023-08-24 10:30:00-04:00,53.540000915527344,53.540000915527344,52.97999954223633,53.22999954223633,12965,0.0,0.0
2023-08-24 11:30:00-04:00,53.040000915527344,53.22999954223633,52.88999938964844,53.22999954223633,5933,0.0,0.0
2023-08-24 12:30:00-04:00,53.16999816894531,53.42279815673828,53.15999984741211,53.279998779296875,3417,0.0,0.0
2023-08-24 13:30:00-04:00,53.11009979248047,53.349998474121094,53.0,53.099998474121094,9048,0.0,0.0
2023-08-24 14:30:00-04:00,53.19499969482422,53.2599983215332,52.91999816894531,53.209999084472656,10965,0.0,0.0
2023-08-24 15:30:00-04:00,53.27000045776367,53.310001373291016,53.130001068115234,53.209999084472656,7443,0.0,0.0
2023-08-25 09:30:00-04:00,53.439998626708984,53.439998626708984,52.81999969482422,53.25,3187,0.0,0.0
2023-08-25 10:30:00-04:00,53.20000076293945,53.25,52.459999084472656,52.47999954223633,16831,0.0,0.0
2023-08-25 11:30:00-04:00,52.86000061035156,53.060001373291016,52.77000045776367,52.900001525878906,5583,0.0,0.0
2023-08-25 12:30:00-04:00,53.0099983215332,53.09000015258789,52.84000015258789,52.84000015258789,3340,0.0,0.0
2023-08-25 13:30:00-04:00,52.994998931884766,53.334999084472656,52.91999816894531,53.334999084472656,2242,0.0,0.0
2023-08-25 14:30:00-04:00,53.25,53.40999984741211,53.189998626708984,53.310001373291016,3268,0.0,0.0
2023-08-25 15:30:00-04:00,53.30500030517578,53.38999938964844,53.279998779296875,53.279998779296875,8201,0.0,0.0
2023-08-28 09:30:00-04:00,53.619998931884766,54.52000045776367,53.4900016784668,54.415000915527344,7007,0.0,0.0
2023-08-28 10:30:00-04:00,54.4900016784668,54.4900016784668,54.375,54.41999816894531,2224,0.0,0.0
2023-08-28 11:30:00-04:00,54.279998779296875,54.40999984741211,54.2599983215332,54.3650016784668,2125,0.0,0.0
2023-08-28 12:30:00-04:00,54.30500030517578,54.439998626708984,54.21500015258789,54.21500015258789,3671,0.0,0.0
2023-08-28 13:30:00-04:00,54.28499984741211,54.28499984741211,54.04499816894531,54.25,2451,0.0,0.0
2023-08-28 14:30:00-04:00,54.095001220703125,54.15999984741211,53.939998626708984,54.040000915527344,7242,0.0,0.0
2023-08-28 15:30:00-04:00,54.060001373291016,54.220001220703125,53.9900016784668,54.02000045776367,8099,0.0,0.0
2023-08-29 09:30:00-04:00,54.189998626708984,54.70989990234375,54.189998626708984,54.70989990234375,0,0.0,0.0
2023-08-29 10:30:00-04:00,54.685001373291016,55.22999954223633,54.685001373291016,55.22999954223633,3971,0.0,0.0
2023-08-29 11:30:00-04:00,55.31999969482422,55.790000915527344,55.290000915527344,55.630001068115234,6807,0.0,0.0
2023-08-29 12:30:00-04:00,55.650001525878906,55.939998626708984,55.599998474121094,55.939998626708984,4533,0.0,0.0
2023-08-29 13:30:00-04:00,55.90999984741211,55.97999954223633,55.900001525878906,55.90999984741211,4928,0.0,0.0
2023-08-29 14:30:00-04:00,55.98500061035156,56.2400016784668,55.98500061035156,56.2400016784668,8540,0.0,0.0
2023-08-29 15:30:00-04:00,56.2599983215332,56.58000183105469,56.2400016784668,56.439998626708984,9787,0.0,0.0
2023-08-30 09:30:00-04:00,56.5099983215332,56.79999923706055,56.33000183105469,56.45000076293945,7524,0.0,0.0
2023-08-30 10:30:00-04:00,56.70000076293945,56.83000183105469,56.599998474121094,56.689998626708984,3327,0.0,0.0
2023-08-30 11:30:00-04:00,56.689998626708984,56.77000045776367,56.68000030517578,56.77000045776367,1602,0.0,0.0
2023-08-30 12:30:00-04:00,56.831298828125,56.89500045776367,56.79999923706055,56.79999923706055,2400,0.0,0.0
2023-08-30 13:30:00-04:00,56.88999938964844,56.93000030517578,56.779998779296875,56.900001525878906,3896,0.0,0.0
2023-08-30 14:30:00-04:00,56.97999954223633,57.26499938964844,56.95000076293945,56.9900016784668,7798,0.0,0.0
2023-08-30 15:30:00-04:00,57.0,57.34000015258789,56.939998626708984,57.25,14667,0.0,0.0
2023-08-31 09:30:00-04:00,57.189998626708984,57.459999084472656,57.069400787353516,57.459999084472656,4958,0.0,0.0
2023-08-31 10:30:00-04:00,57.33000183105469,57.33000183105469,56.71099853515625,56.8650016784668,3556,0.0,0.0
2023-08-31 11:30:00-04:00,56.92499923706055,56.92499923706055,56.7400016784668,56.86000061035156,4575,0.0,0.0
2023-08-31 12:30:00-04:00,56.880001068115234,57.06999969482422,56.86000061035156,56.95000076293945,3252,0.0,0.0
2023-08-31 13:30:00-04:00,57.11000061035156,57.244998931884766,56.939998626708984,57.125,3614,0.0,0.0
2023-08-31 14:30:00-04:00,57.040000915527344,57.16999816894531,56.970001220703125,57.060001373291016,3103,0.0,0.0
2023-08-31 15:30:00-04:00,57.15999984741211,57.16999816894531,56.72999954223633,56.80500030517578,9148,0.0,0.0
2023-09-01 09:30:00-04:00,57.38999938964844,57.630001068115234,57.150001525878906,57.630001068115234,4556,0.0,0.0
2023-09-01 10:30:00-04:00,57.540000915527344,57.7599983215332,57.369998931884766,57.7599983215332,4089,0.0,0.0
2023-09-01 11:30:00-04:00,57.755001068115234,57.77000045776367,57.560001373291016,57.709999084472656,3055,0.0,0.0
2023-09-01 12:30:00-04:00,57.86000061035156,57.939998626708984,57.79999923706055,57.939998626708984,3006,0.0,0.0
2023-09-01 13:30:00-04:00,57.94300079345703,57.95000076293945,57.7400016784668,57.7400016784668,3937,0.0,0.0
2023-09-01 14:30:00-04:00,57.65999984741211,57.83000183105469,57.650001525878906,57.72999954223633,4016,0.0,0.0
2023-09-01 15:30:00-04:00,57.650001525878906,57.659000396728516,57.439998626708984,57.439998626708984,8785,0.0,0.0
2023-09-05 09:30:00-04:00,57.08000183105469,57.08000183105469,55.86000061035156,56.02000045776367,7897,0.0,0.0
2023-09-05 10:30:00-04:00,56.099998474121094,56.43000030517578,56.0,56.38999938964844,4506,0.0,0.0
2023-09-05 11:30:00-04:00,56.4900016784668,56.54999923706055,56.25,56.310001373291016,6449,0.0,0.0
2023-09-05 12:30:00-04:00,56.18000030517578,56.31999969482422,55.935001373291016,55.935001373291016,5313,0.0,0.0
2023-09-05 13:30:00-04:00,55.91999816894531,55.91999816894531,55.65999984741211,55.65999984741211,7246,0.0,0.0
2023-09-05 14:30:00-04:00,55.63999938964844,55.88999938964844,55.5,55.88999938964844,7000,0.0,0.0
2023-09-05 15:30:00-04:00,56.04999923706055,56.09000015258789,55.88999938964844,55.88999938964844,14760,0.0,0.0
2023-09-06 09:30:00-04:00,55.93000030517578,56.47999954223633,55.849998474121094,56.47999954223633,2947,0.0,0.0
2023-09-06 10:30:00-04:00,56.61000061035156,56.685001373291016,56.4900016784668,56.66999816894531,5608,0.0,0.0
2023-09-06 11:30:00-04:00,56.650001525878906,56.720001220703125,56.59000015258789,56.66999816894531,4670,0.0,0.0
2023-09-06 12:30:00-04:00,56.720001220703125,56.8650016784668,56.720001220703125,56.86000061035156,2612,0.0,0.0
2023-09-06 13:30:00-04:00,56.849998474121094,57.25,56.849998474121094,57.0,6842,0.0,0.0
2023-09-06 14:30:00-04:00,57.060001373291016,57.07550048828125,56.68000030517578,56.75,6558,0.0,0.0
2023-09-06 15:30:00-04:00,56.84000015258789,56.97999954223633,56.75,56.900001525878906,9259,0.0,0.0
2023-09-07 09:30:00-04:00,56.58000183105469,56.58000183105469,55.97010040283203,55.97010040283203,2070,0.0,0.0
2023-09-07 10:30:00-04:00,56.154998779296875,56.58000183105469,56.06999969482422,56.435001373291016,4777,0.0,0.0
2023-09-07 11:30:00-04:00,56.56999969482422,56.619998931884766,56.5,56.619998931884766,4907,0.0,0.0
2023-09-07 12:30:00-04:00,56.650001525878906,56.650001525878906,56.5099983215332,56.619998931884766,3295,0.0,0.0
2023-09-07 13:30:00-04:00,56.650001525878906,56.70000076293945,56.560001373291016,56.56999969482422,2629,0.0,0.0
2023-09-07 14:30:00-04:00,56.540000915527344,56.68000030517578,56.5099983215332,56.59000015258789,5827,0.0,0.0
2023-09-07 15:30:00-04:00,56.58000183105469,56.619998931884766,56.47999954223633,56.5,9414,0.0,0.0
2023-09-08 09:30:00-04:00,55.933799743652344,56.28499984741211,55.93000030517578,56.0099983215332,9179,0.0,0.0
2023-09-08 10:30:00-04:00,56.0,56.349998474121094,56.0,56.349998474121094,4714,0.0,0.0
2023-09-08 11:30:00-04:00,56.22249984741211,56.400001525878906,56.22249984741211,56.31999969482422,4285,0.0,0.0
2023-09-08 12:30:00-04:00,56.380001068115234,56.47999954223633,56.380001068115234,56.400001525878906,5774,0.0,0.0
2023-09-08 13:30:00-04:00,56.404998779296875,56.540000915527344,56.28070068359375,56.38999938964844,9555,0.0,0.0
2023-09-08 14:30:00-04:00,56.39500045776367,56.5099983215332,56.150001525878906,56.150001525878906,10793,0.0,0.0
2023-09-08 15:30:00-04:00,56.130001068115234,56.375,56.130001068115234,56.349998474121094,17580,0.0,0.0
2023-09-11 09:30:00-04:00,56.560001373291016,56.560001373291016,55.4900016784668,55.88999938964844,14087,0.0,0.0
2023-09-11 10:30:00-04:00,55.919700622558594,56.07500076293945,55.720001220703125,55.84000015258789,7819,0.0,0.0
2023-09-11 11:30:00-04:00,55.88999938964844,55.939998626708984,55.775001525878906,55.79999923706055,3893,0.0,0.0
2023-09-11 12:30:00-04:00,55.7400016784668,55.97999954223633,55.7400016784668,55.8849983215332,4969,0.0,0.0
2023-09-11 13:30:00-04:00,55.869998931884766,55.869998931884766,55.7400016784668,55.77000045776367,8596,0.0,0.0
2023-09-11 14:30:00-04:00,55.82500076293945,55.86000061035156,55.7400016784668,55.7400016784668,9739,0.0,0.0
2023-09-11 15:30:00-04:00,55.810001373291016,55.82500076293945,55.369998931884766,55.63999938964844,21186,0.0,0.0
2023-09-12 09:30:00-04:00,55.40999984741211,56.40999984741211,55.150001525878906,55.95000076293945,11124,0.0,0.0
2023-09-12 10:30:00-04:00,55.8849983215332,56.36000061035156,55.869998931884766,56.290000915527344,7975,0.0,0.0
2023-09-12 11:30:00-04:00,56.470001220703125,56.654998779296875,56.36000061035156,56.654998779296875,6199,0.0,0.0
2023-09-12 12:30:00-04:00,56.650001525878906,56.81999969482422,56.650001525878906,56.720001220703125,9347,0.0,0.0
2023-09-12 13:30:00-04:00,56.790000915527344,56.83000183105469,56.439998626708984,56.63999938964844,7734,0.0,0.0
2023-09-12 14:30:00-04:00,56.654998779296875,56.70000076293945,56.400001525878906,56.47999954223633,24919,0.0,0.0
2023-09-12 15:30:00-04:00,56.529998779296875,56.84000015258789,56.525001525878906,56.810001373291016,21832,0.0,0.0
2023-09-13 09:30:00-04:00,56.720001220703125,57.59000015258789,56.45500183105469,57.13999938964844,15822,0.0,0.0
2023-09-13 10:30:00-04:00,57.220001220703125,57.369998931884766,56.81999969482422,56.81999969482422,10902,0.0,0.0
2023-09-13 11:30:00-04:00,56.70000076293945,56.724998474121094,56.27000045776367,56.65999984741211,11352,0.0,0.0
2023-09-13 12:30:00-04:00,56.709999084472656,57.18000030517578,56.56999969482422,57.119998931884766,11804,0.0,0.0
2023-09-13 13:30:00-04:00,57.119998931884766,57.33000183105469,56.904998779296875,56.904998779296875,28509,0.0,0.0
2023-09-13 14:30:00-04:00,56.76499938964844,57.18000030517578,56.76499938964844,57.16999816894531,19161,0.0,0.0
2023-09-13 15:30:00-04:00,57.25,57.41999816894531,57.18000030517578,57.31999969482422,23956,0.0,0.0
2023-09-14 09:30:00-04:00,57.97999954223633,57.97999954223633,56.845001220703125,56.9900016784668,9225,0.0,0.0
2023-09-14 10:30:00-04:00,56.97999954223633,57.57500076293945,56.97999954223633,57.36000061035156,6514,0.0,0.0
2023-09-14 11:30:00-04:00,57.29999923706055,57.72999954223633,57.29499816894531,57.72999954223633,3998,0.0,0.0
2023-09-14 12:30:00-04:00,57.86000061035156,58.09000015258789,57.72999954223633,58.09000015258789,4235,0.0,0.0
2023-09-14 13:30:00-04:00,58.099998474121094,58.34000015258789,57.93000030517578,57.93000030517578,8003,0.0,0.0
2023-09-14 14:30:00-04:00,57.88999938964844,58.470001220703125,57.84000015258789,58.29999923706055,12666,0.0,0.0
2023-09-14 15:30:00-04:00,58.43000030517578,58.560001373291016,58.29999923706055,58.560001373291016,24215,0.0,0.0
2023-09-15 09:30:00-04:00,58.31999969482422,58.81999969482422,57.88180160522461,58.650001525878906,16883,0.0,0.0
2023-09-15 10:30:00-04:00,58.56999969482422,58.709999084472656,58.189998626708984,58.45500183105469,6110,0.0,0.0
2023-09-15 11:30:00-04:00,58.442501068115234,58.4900016784668,58.29499816894531,58.435001373291016,6426,0.0,0.0
2023-09-15 12:30:00-04:00,58.435001373291016,58.68000030517578,58.275001525878906,58.369998931884766,12699,0.0,0.0
2023-09-15 13:30:00-04:00,58.41999816894531,58.56999969482422,58.30500030517578,58.380001068115234,13586,0.0,0.0
2023-09-15 14:30:00-04:00,58.349998474121094,58.5,58.310001373291016,58.39500045776367,13266,0.0,0.0
2023-09-15 15:30:00-04:00,58.47999954223633,58.525001525878906,57.91999816894531,58.08000183105469,44464,0.0,0.0
2023-09-18 09:30:00-04:00,58.15999984741211,58.16999816894531,57.619998931884766,57.65190124511719,7091,0.0,0.0
2023-09-18 10:30:00-04:00,57.66999816894531,57.66999816894531,57.18000030517578,57.415000915527344,5359,0.0,0.0
2023-09-18 11:30:00-04:00,57.5,57.5,57.22999954223633,57.22999954223633,3576,0.0,0.0
2023-09-18 12:30:00-04:00,57.312400817871094,57.38090133666992,56.900001525878906,56.900001525878906,8172,0.0,0.0
2023-09-18 13:30:00-04:00,56.90999984741211,56.90999984741211,56.560001373291016,56.560001373291016,2499,0.0,0.0
2023-09-18 14:30:00-04:00,56.349998474121094,56.790000915527344,56.130001068115234,56.66999816894531,18954,0.0,0.0
2023-09-18 15:30:00-04:00,56.83000183105469,56.83000183105469,56.310001373291016,56.38999938964844,16064,0.0,0.0
2023-09-19 09:30:00-04:00,56.68000030517578,56.70000076293945,56.0099983215332,56.59000015258789,7104,0.0,0.0
2023-09-19 10:30:00-04:00,56.810001373291016,57.04999923706055,56.810001373291016,56.95500183105469,5159,0.0,0.0
2023-09-19 11:30:00-04:00,57.029998779296875,57.119998931884766,56.61000061035156,56.630001068115234,6513,0.0,0.0
2023-09-19 12:30:00-04:00,56.61000061035156,56.61000061035156,56.08000183105469,56.08000183105469,4060,0.0,0.0
2023-09-19 13:30:00-04:00,56.0,56.474998474121094,55.900001525878906,56.314998626708984,12613,0.0,0.0
2023-09-19 14:30:00-04:00,56.349998474121094,56.474998474121094,55.97999954223633,56.2599983215332,6763,0.0,0.0
2023-09-19 15:30:00-04:00,56.220001220703125,56.380001068115234,56.130001068115234,56.19499969482422,14912,0.0,0.0
2023-09-20 09:30:00-04:00,56.349998474121094,57.22999954223633,56.349998474121094,56.79999923706055,0,0.0,0.0
2023-09-20 10:30:00-04:00,56.790000915527344,56.790000915527344,56.790000915527344,56.790000915527344,1135,0.0,0.0
2023-09-20 11:30:00-04:00,56.790000915527344,56.790000915527344,56.61000061035156,56.61000061035156,1808,0.0,0.0
2023-09-20 12:30:00-04:00,56.63999938964844,56.7400016784668,56.630001068115234,56.70000076293945,2632,0.0,0.0
2023-09-20 13:30:00-04:00,56.560001373291016,56.63999938964844,56.5,56.56999969482422,3535,0.0,0.0
2023-09-20 14:30:00-04:00,56.55500030517578,56.560001373291016,56.22999954223633,56.529998779296875,6210,0.0,0.0
2023-09-20 15:30:00-04:00,56.584999084472656,56.584999084472656,56.220001220703125,56.310001373291016,14569,0.0,0.0
2023-09-21 09:30:00-04:00,55.63999938964844,56.15999984741211,55.349998474121094,56.0,6891,0.0,0.0
2023-09-21 10:30:00-04:00,55.880001068115234,56.439998626708984,55.880001068115234,56.04999923706055,21230,0.0,0.0
2023-09-21 11:30:00-04:00,56.06999969482422,56.34000015258789,56.029998779296875,56.06999969482422,3735,0.0,0.0
2023-09-21 12:30:00-04:00,56.22050094604492,56.7599983215332,56.22050094604492,56.66999816894531,5275,0.0,0.0
2023-09-21 13:30:00-04:00,56.81999969482422,57.14500045776367,56.58000183105469,56.99689865112305,6729,0.0,0.0
2023-09-21 14:30:00-04:00,57.119998931884766,57.130001068115234,56.849998474121094,56.970001220703125,7612,0.0,0.0
2023-09-21 15:30:00-04:00,56.97999954223633,57.08000183105469,56.599998474121094,56.709999084472656,42851,0.0,0.0
2023-09-22 09:30:00-04:00,56.65999984741211,56.94499969482422,56.56999969482422,56.630001068115234,6445,0.0,0.0
2023-09-22 10:30:00-04:00,56.66999816894531,56.77000045776367,56.25,56.68000030517578,6694,0.0,0.0
2023-09-22 11:30:00-04:00,56.78499984741211,56.900001525878906,56.494998931884766,56.78499984741211,14355,0.0,0.0
2023-09-22 12:30:00-04:00,56.90999984741211,57.08000183105469,56.790000915527344,56.91999816894531,3161,0.0,0.0
2023-09-22 13:30:00-04:00,56.869998931884766,57.04999923706055,56.869998931884766,56.96500015258789,5584,0.0,0.0
2023-09-22 14:30:00-04:00,56.84000015258789,57.130001068115234,56.779998779296875,57.040000915527344,4250,0.0,0.0
2023-09-22 15:30:00-04:00,57.08000183105469,57.16999816894531,56.900001525878906,57.0,15795,0.0,0.0
2023-09-25 09:30:00-04:00,56.849998474121094,57.20000076293945,56.744998931884766,56.83000183105469,3223,0.0,0.0
2023-09-25 10:30:00-04:00,56.52000045776367,57.59000015258789,56.470001220703125,57.369998931884766,14421,0.0,0.0
2023-09-25 11:30:00-04:00,57.38999938964844,57.63999938964844,57.38999938964844,57.61000061035156,1560,0.0,0.0
2023-09-25 12:30:00-04:00,57.68000030517578,57.85499954223633,57.529998779296875,57.630001068115234,3120,0.0,0.0
2023-09-25 13:30:00-04:00,57.59000015258789,57.81999969482422,57.59000015258789,57.689998626708984,3536,0.0,0.0
2023-09-25 14:30:00-04:00,57.79999923706055,57.880001068115234,57.560001373291016,57.68000030517578,6033,0.0,0.0
2023-09-25 15:30:00-04:00,57.619998931884766,57.650001525878906,57.34000015258789,57.58000183105469,9067,0.0,0.0
2023-09-26 09:30:00-04:00,57.459999084472656,57.78499984741211,57.459999084472656,57.78499984741211,4108,0.0,0.0
2023-09-26 10:30:00-04:00,57.68239974975586,57.904998779296875,57.4900016784668,57.4900016784668,2945,0.0,0.0
2023-09-26 11:30:00-04:00,57.5,57.5,57.20000076293945,57.227699279785156,1684,0.0,0.0
2023-09-26 12:30:00-04:00,57.42499923706055,57.42499923706055,57.23749923706055,57.29349899291992,5208,0.0,0.0
2023-09-26 13:30:00-04:00,57.32500076293945,57.34000015258789,57.15999984741211,57.279998779296875,4624,0.0,0.0
2023-09-26 14:30:00-04:00,57.2599983215332,57.52000045776367,57.2599983215332,57.470001220703125,9618,0.0,0.0
2023-09-26 15:30:00-04:00,57.5099983215332,57.650001525878906,57.5,57.5,20060,0.0,0.0
2023-09-27 09:30:00-04:00,57.81999969482422,58.38999938964844,57.81999969482422,58.15999984741211,15473,0.0,0.0
2023-09-27 10:30:00-04:00,58.22999954223633,58.7599983215332,58.189998626708984,58.290000915527344,6812,0.0,0.0
2023-09-27 11:30:00-04:00,58.29999923706055,58.5099983215332,57.900001525878906,57.939998626708984,3827,0.0,0.0
2023-09-27 12:30:00-04:00,58.25,58.29999923706055,58.0,58.0,3558,0.0,0.0
2023-09-27 13:30:00-04:00,57.97999954223633,58.1150016784668,57.810001373291016,58.099998474121094,4018,0.0,0.0
2023-09-27 14:30:00-04:00,58.189998626708984,58.88999938964844,58.189998626708984,58.849998474121094,7693,0.0,0.0
2023-09-27 15:30:00-04:00,58.779998779296875,58.939998626708984,58.525001525878906,58.939998626708984,16104,0.0,0.0
2023-09-28 09:30:00-04:00,58.040000915527344,58.040000915527344,51.790000915527344,54.119998931884766,77998,0.0,0.0
2023-09-28 10:30:00-04:00,53.880001068115234,54.2400016784668,52.630001068115234,52.834999084472656,30239,0.0,0.0
2023-09-28 11:30:00-04:00,52.90999984741211,53.2599983215332,52.73500061035156,53.029998779296875,29262,0.0,0.0
2023-09-28 12:30:00-04:00,53.025001525878906,53.060001373291016,51.3650016784668,51.3650016784668,14775,0.0,0.0
2023-09-28 13:30:00-04:00,51.209999084472656,51.209999084472656,49.625,50.209999084472656,39159,0.0,0.0
2023-09-28 14:30:00-04:00,50.21500015258789,50.685001373291016,49.564998626708984,50.61000061035156,64098,0.0,0.0
2023-09-28 15:30:00-04:00,50.55500030517578,51.029998779296875,50.330299377441406,50.415000915527344,101589,0.0,0.0
2023-09-29 09:30:00-04:00,50.5099983215332,51.08000183105469,50.45000076293945,50.7599983215332,11556,0.0,0.0
2023-09-29 10:30:00-04:00,50.779998779296875,51.64500045776367,50.779998779296875,51.09000015258789,14782,0.0,0.0
2023-09-29 11:30:00-04:00,51.09000015258789,51.29499816894531,50.4900016784668,51.29499816894531,19959,0.0,0.0
2023-09-29 12:30:00-04:00,51.16999816894531,51.16999816894531,50.505001068115234,50.68000030517578,6261,0.0,0.0
2023-09-29 13:30:00-04:00,50.650001525878906,50.65999984741211,49.96500015258789,49.96500015258789,10095,0.0,0.0
2023-09-29 14:30:00-04:00,49.915000915527344,50.665000915527344,49.5,50.665000915527344,21997,0.0,0.0
2023-09-29 15:30:00-04:00,50.75,50.8650016784668,50.34000015258789,50.439998626708984,33161,0.0,0.0
2023-10-02 09:30:00-04:00,50.400001525878906,50.9900016784668,49.369998931884766,49.77000045776367,7702,0.0,0.0
2023-10-02 10:30:00-04:00,49.55500030517578,49.64500045776367,49.20000076293945,49.59000015258789,7650,0.0,0.0
2023-10-02 11:30:00-04:00,49.650001525878906,49.9900016784668,49.4900016784668,49.940399169921875,5211,0.0,0.0
2023-10-02 12:30:00-04:00,49.939998626708984,50.060001373291016,49.599998474121094,50.060001373291016,8388,0.0,0.0
2023-10-02 13:30:00-04:00,49.939998626708984,50.125,49.27000045776367,49.27000045776367,13168,0.0,0.0
2023-10-02 14:30:00-04:00,49.18000030517578,49.29999923706055,49.029998779296875,49.185001373291016,6076,0.0,0.0
2023-10-02 15:30:00-04:00,49.27000045776367,49.849998474121094,49.27000045776367,49.849998474121094,19539,0.0,0.0
2023-10-03 09:30:00-04:00,49.40999984741211,50.18000030517578,49.11000061035156,50.18000030517578,24706,0.0,0.0
2023-10-03 10:30:00-04:00,49.970001220703125,49.970001220703125,49.68000030517578,49.77000045776367,2679,0.0,0.0
2023-10-03 11:30:00-04:00,49.65999984741211,49.97999954223633,49.65999984741211,49.97999954223633,3819,0.0,0.0
2023-10-03 12:30:00-04:00,50.040000915527344,50.04899978637695,49.2400016784668,49.2400016784668,4737,0.0,0.0
2023-10-03 13:30:00-04:00,49.13999938964844,49.19499969482422,48.81999969482422,48.939998626708984,4373,0.0,0.0
2023-10-03 14:30:00-04:00,48.9900016784668,49.06999969482422,48.654998779296875,48.654998779296875,6597,0.0,0.0
2023-10-03 15:30:00-04:00,48.654998779296875,48.66999816894531,48.470001220703125,48.470001220703125,16198,0.0,0.0
2023-10-04 09:30:00-04:00,48.470001220703125,50.70000076293945,48.470001220703125,50.439998626708984,17087,0.0,0.0
2023-10-04 10:30:00-04:00,50.474998474121094,50.7599983215332,50.1349983215332,50.7599983215332,9534,0.0,0.0
2023-10-04 11:30:00-04:00,50.7400016784668,52.0,50.69499969482422,52.0,6603,0.0,0.0
2023-10-04 12:30:00-04:00,51.974998474121094,52.53499984741211,51.974998474121094,52.314998626708984,14459,0.0,0.0
2023-10-04 13:30:00-04:00,52.2400016784668,52.56999969482422,52.2400016784668,52.349998474121094,10176,0.0,0.0
2023-10-04 14:30:00-04:00,52.33000183105469,53.060001373291016,52.33000183105469,52.71500015258789,19250,0.0,0.0
2023-10-04 15:30:00-04:00,52.72999954223633,53.095001220703125,52.72999954223633,53.0,30116,0.0,0.0
2023-10-05 09:30:00-04:00,53.060001373291016,53.46500015258789,53.060001373291016,53.209999084472656,7518,0.0,0.0
2023-10-05 10:30:00-04:00,53.27799987792969,53.27799987792969,52.7400016784668,52.8849983215332,13245,0.0,0.0
2023-10-05 11:30:00-04:00,52.5,52.5,51.95000076293945,52.09000015258789,1695,0.0,0.0
2023-10-05 12:30:00-04:00,52.209999084472656,52.849998474121094,52.209999084472656,52.849998474121094,5752,0.0,0.0
2023-10-05 13:30:00-04:00,53.029998779296875,53.32500076293945,53.01499938964844,53.32500076293945,4933,0.0,0.0
2023-10-05 14:30:00-04:00,53.36000061035156,53.619998931884766,53.36000061035156,53.459999084472656,9564,0.0,0.0
2023-10-05 15:30:00-04:00,53.41999816894531,53.630001068115234,53.31999969482422,53.31999969482422,17653,0.0,0.0
2023-10-06 09:30:00-04:00,53.880001068115234,55.1599006652832,53.290000915527344,54.720001220703125,26836,0.0,0.0
2023-10-06 10:30:00-04:00,54.76499938964844,55.060001373291016,54.76499938964844,55.060001373291016,5595,0.0,0.0
2023-10-06 11:30:00-04:00,55.060001373291016,55.59000015258789,55.060001373291016,55.54499816894531,5938,0.0,0.0
2023-10-06 12:30:00-04:00,55.65999984741211,55.790000915527344,55.61000061035156,55.650001525878906,3689,0.0,0.0
2023-10-06 13:30:00-04:00,55.8380012512207,55.8380012512207,55.290000915527344,55.290000915527344,2817,0.0,0.0
2023-10-06 14:30:00-04:00,55.2599983215332,55.290000915527344,54.77000045776367,54.77000045776367,5325,0.0,0.0
2023-10-06 15:30:00-04:00,54.849998474121094,55.060001373291016,54.790000915527344,54.84000015258789,23044,0.0,0.0
2023-10-09 09:30:00-04:00,54.189998626708984,54.220001220703125,53.70009994506836,54.220001220703125,2277,0.0,0.0
2023-10-09 10:30:00-04:00,54.2400016784668,54.529998779296875,53.9900016784668,54.529998779296875,3130,0.0,0.0
2023-10-09 11:30:00-04:00,54.41910171508789,54.41910171508789,54.36000061035156,54.40999984741211,1718,0.0,0.0
2023-10-09 12:30:00-04:00,54.28499984741211,54.58000183105469,54.28499984741211,54.58000183105469,2685,0.0,0.0
2023-10-09 13:30:00-04:00,54.494998931884766,54.720001220703125,54.494998931884766,54.52000045776367,4818,0.0,0.0
2023-10-09 14:30:00-04:00,54.540000915527344,54.599998474121094,54.349998474121094,54.5099983215332,6645,0.0,0.0
2023-10-09 15:30:00-04:00,54.505001068115234,54.86000061035156,54.505001068115234,54.59000015258789,20070,0.0,0.0
2023-10-10 09:30:00-04:00,54.7400016784668,55.2400016784668,54.59000015258789,55.23500061035156,13264,0.0,0.0
2023-10-10 10:30:00-04:00,55.25,55.81999969482422,55.130001068115234,55.54999923706055,6155,0.0,0.0
2023-10-10 11:30:00-04:00,55.720001220703125,55.724998474121094,55.63999938964844,55.63999938964844,2022,0.0,0.0
2023-10-10 12:30:00-04:00,55.59000015258789,55.650001525878906,55.369998931884766,55.51499938964844,4613,0.0,0.0
2023-10-10 13:30:00-04:00,55.505001068115234,55.73500061035156,55.505001068115234,55.73500061035156,2729,0.0,0.0
2023-10-10 14:30:00-04:00,55.61000061035156,55.689998626708984,55.314998626708984,55.63999938964844,9830,0.0,0.0
2023-10-10 15:30:00-04:00,55.654998779296875,55.939998626708984,55.599998474121094,55.93000030517578,14217,0.0,0.0
2023-10-11 09:30:00-04:00,56.2400016784668,56.56999969482422,55.959999084472656,56.25,2530,0.0,0.0
2023-10-11 10:30:00-04:00,56.22999954223633,56.73500061035156,56.150001525878906,56.415000915527344,18145,0.0,0.0
2023-10-11 11:30:00-04:00,56.415000915527344,56.44499969482422,54.869998931884766,54.98500061035156,22461,0.0,0.0
2023-10-11 12:30:00-04:00,54.98500061035156,55.36000061035156,54.810001373291016,55.36000061035156,5893,0.0,0.0
2023-10-11 13:30:00-04:00,55.189998626708984,55.5,55.189998626708984,55.41999816894531,3402,0.0,0.0
2023-10-11 14:30:00-04:00,55.42499923706055,55.599998474121094,55.380001068115234,55.380001068115234,4440,0.0,0.0
2023-10-11 15:30:00-04:00,55.459999084472656,55.61000061035156,55.415000915527344,55.540000915527344,10837,0.0,0.0
2023-10-12 09:30:00-04:00,55.369998931884766,55.849998474121094,54.84000015258789,54.86000061035156,1636,0.0,0.0
2023-10-12 10:30:00-04:00,54.79999923706055,54.79999923706055,54.529998779296875,54.529998779296875,3058,0.0,0.0
2023-10-12 11:30:00-04:00,54.43000030517578,54.59000015258789,54.38999938964844,54.59000015258789,2564,0.0,0.0
2023-10-12 12:30:00-04:00,54.630001068115234,54.630001068115234,54.209999084472656,54.209999084472656,2855,0.0,0.0
2023-10-12 13:30:00-04:00,54.09000015258789,54.22999954223633,53.93000030517578,54.1349983215332,4525,0.0,0.0
2023-10-12 14:30:00-04:00,54.209999084472656,54.375,54.209999084472656,54.375,3071,0.0,0.0
2023-10-12 15:30:00-04:00,54.3849983215332,54.6349983215332,54.3849983215332,54.43000030517578,8144,0.0,0.0
2023-10-13 09:30:00-04:00,54.56999969482422,54.56999969482422,54.52000045776367,54.52000045776367,873,0.0,0.0
2023-10-13 10:30:00-04:00,54.439998626708984,54.61000061035156,53.88999938964844,53.900001525878906,2217,0.0,0.0
2023-10-13 11:30:00-04:00,54.040000915527344,54.040000915527344,53.70000076293945,53.78499984741211,2181,0.0,0.0
2023-10-13 12:30:00-04:00,54.0,54.0,53.709999084472656,53.709999084472656,1789,0.0,0.0
2023-10-13 13:30:00-04:00,53.68000030517578,53.68000030517578,53.4900016784668,53.4900016784668,1740,0.0,0.0
2023-10-13 14:30:00-04:00,53.459999084472656,53.58000183105469,53.43000030517578,53.439998626708984,3727,0.0,0.0
2023-10-13 15:30:00-04:00,53.599998474121094,53.75,53.25,53.650001525878906,13231,0.0,0.0
2023-10-16 09:30:00-04:00,54.349998474121094,55.26499938964844,54.349998474121094,55.2599983215332,3236,0.0,0.0
2023-10-16 10:30:00-04:00,55.564998626708984,55.564998626708984,55.34000015258789,55.349998474121094,1870,0.0,0.0
2023-10-16 11:30:00-04:00,55.13999938964844,55.13999938964844,54.56999969482422,54.56999969482422,2470,0.0,0.0
2023-10-16 12:30:00-04:00,54.56999969482422,54.630001068115234,54.290000915527344,54.290000915527344,2562,0.0,0.0
2023-10-16 13:30:00-04:00,54.459999084472656,54.65999984741211,54.04999923706055,54.22999954223633,16369,0.0,0.0
2023-10-16 14:30:00-04:00,54.26499938964844,54.66999816894531,54.17499923706055,54.57500076293945,2740,0.0,0.0
2023-10-16 15:30:00-04:00,54.439998626708984,54.58000183105469,54.310001373291016,54.54999923706055,12502,0.0,0.0
2023-10-17 09:30:00-04:00,54.279998779296875,55.380001068115234,54.279998779296875,55.31999969482422,4230,0.0,0.0
2023-10-17 10:30:00-04:00,55.279998779296875,55.439998626708984,55.130001068115234,55.130001068115234,4606,0.0,0.0
2023-10-17 11:30:00-04:00,55.14500045776367,55.90999984741211,55.14500045776367,55.880001068115234,6315,0.0,0.0
2023-10-17 12:30:00-04:00,55.689998626708984,56.14500045776367,55.689998626708984,56.130001068115234,4797,0.0,0.0
2023-10-17 13:30:00-04:00,55.900001525878906,56.08000183105469,55.78499984741211,56.08000183105469,4541,0.0,0.0
2023-10-17 14:30:00-04:00,56.13999938964844,56.13999938964844,55.92499923706055,56.11000061035156,8896,0.0,0.0
2023-10-17 15:30:00-04:00,56.119998931884766,56.47999954223633,56.119998931884766,56.209999084472656,14943,0.0,0.0
2023-10-18 09:30:00-04:00,55.56999969482422,56.33000183105469,54.77000045776367,55.77000045776367,9208,0.0,0.0
2023-10-18 10:30:00-04:00,55.59000015258789,56.349998474121094,55.5,56.349998474121094,6526,0.0,0.0
2023-10-18 11:30:00-04:00,56.45000076293945,56.51499938964844,56.380001068115234,56.380001068115234,1330,0.0,0.0
2023-10-18 12:30:00-04:00,56.04999923706055,56.39500045776367,55.974998474121094,56.29999923706055,3685,0.0,0.0
2023-10-18 13:30:00-04:00,56.20000076293945,56.40999984741211,56.1349983215332,56.40999984741211,2626,0.0,0.0
2023-10-18 14:30:00-04:00,56.369998931884766,56.41999816894531,55.979698181152344,56.189998626708984,7881,0.0,0.0
2023-10-18 15:30:00-04:00,56.24100112915039,56.24100112915039,55.974998474121094,56.04999923706055,14615,0.0,0.0
2023-10-19 09:30:00-04:00,55.7599983215332,55.86000061035156,55.470001220703125,55.834999084472656,3785,0.0,0.0
2023-10-19 10:30:00-04:00,55.462501525878906,55.849998474121094,55.462501525878906,55.81999969482422,1125,0.0,0.0
2023-10-19 11:30:00-04:00,55.790000915527344,56.5,55.790000915527344,56.5,5840,0.0,0.0
2023-10-19 12:30:00-04:00,56.11000061035156,56.25,55.779998779296875,56.20000076293945,4409,0.0,0.0
2023-10-19 13:30:00-04:00,56.189998626708984,56.189998626708984,55.689998626708984,55.689998626708984,3671,0.0,0.0
2023-10-19 14:30:00-04:00,55.7400016784668,55.7400016784668,55.16999816894531,55.25,4390,0.0,0.0
2023-10-19 15:30:00-04:00,55.16999816894531,55.650001525878906,55.16999816894531,55.61000061035156,14007,0.0,0.0
2023-10-20 09:30:00-04:00,55.630001068115234,55.83000183105469,54.79999923706055,55.08000183105469,9982,0.0,0.0
2023-10-20 10:30:00-04:00,54.974998474121094,55.400001525878906,54.88999938964844,55.34000015258789,4658,0.0,0.0
2023-10-20 11:30:00-04:00,55.334999084472656,55.470001220703125,54.849998474121094,55.439998626708984,6785,0.0,0.0
2023-10-20 12:30:00-04:00,55.400001525878906,55.56999969482422,55.36000061035156,55.47999954223633,3277,0.0,0.0
2023-10-20 13:30:00-04:00,55.540000915527344,55.560001373291016,55.150001525878906,55.439998626708984,5942,0.0,0.0
2023-10-20 14:30:00-04:00,55.439998626708984,55.849998474121094,55.43000030517578,55.7599983215332,9622,0.0,0.0
2023-10-20 15:30:00-04:00,55.72999954223633,56.02000045776367,55.470001220703125,55.59000015258789,19853,0.0,0.0
2023-10-23 09:30:00-04:00,55.2400016784668,55.2400016784668,54.45000076293945,54.720001220703125,12501,0.0,0.0
2023-10-23 10:30:00-04:00,54.810001373291016,55.29499816894531,54.689998626708984,55.15999984741211,3201,0.0,0.0
2023-10-23 11:30:00-04:00,55.05500030517578,55.05500030517578,54.868099212646484,54.868099212646484,886,0.0,0.0
2023-10-23 12:30:00-04:00,54.880001068115234,54.95000076293945,54.40999984741211,54.41999816894531,3589,0.0,0.0
2023-10-23 13:30:00-04:00,54.61000061035156,54.810001373291016,54.38999938964844,54.63999938964844,8833,0.0,0.0
2023-10-23 14:30:00-04:00,54.63999938964844,54.810001373291016,54.2599983215332,54.35499954223633,5095,0.0,0.0
2023-10-23 15:30:00-04:00,54.099998474121094,54.25,53.97999954223633,54.20000076293945,10264,0.0,0.0
2023-10-24 09:30:00-04:00,54.459999084472656,54.97999954223633,53.63800048828125,54.97999954223633,2552,0.0,0.0
2023-10-24 10:30:00-04:00,54.80500030517578,55.0,54.09000015258789,54.09000015258789,3878,0.0,0.0
2023-10-24 11:30:00-04:00,53.79999923706055,53.79999923706055,53.79999923706055,53.79999923706055,2198,0.0,0.0
2023-10-24 13:30:00-04:00,53.869998931884766,53.869998931884766,53.59000015258789,53.59000015258789,1195,0.0,0.0
2023-10-24 14:30:00-04:00,53.79999923706055,54.334999084472656,53.79999923706055,54.189998626708984,6410,0.0,0.0
2023-10-24 15:30:00-04:00,54.130001068115234,54.290000915527344,54.099998474121094,54.189998626708984,7323,0.0,0.0
2023-10-25 09:30:00-04:00,53.970001220703125,53.970001220703125,53.02000045776367,53.375,3333,0.0,0.0
2023-10-25 10:30:00-04:00,53.48500061035156,53.77000045776367,53.19499969482422,53.38999938964844,5138,0.0,0.0
2023-10-25 11:30:00-04:00,53.38999938964844,53.529998779296875,53.310001373291016,53.349998474121094,2781,0.0,0.0
2023-10-25 12:30:00-04:00,53.349998474121094,53.560001373291016,53.23500061035156,53.36000061035156,3530,0.0,0.0
2023-10-25 13:30:00-04:00,53.345001220703125,53.52000045776367,53.25,53.25,7420,0.0,0.0
2023-10-25 14:30:00-04:00,53.310001373291016,53.67499923706055,53.310001373291016,53.599998474121094,4996,0.0,0.0
2023-10-25 15:30:00-04:00,53.630001068115234,53.779998779296875,53.28499984741211,53.470001220703125,23652,0.0,0.0
2023-10-26 09:30:00-04:00,53.5,54.0,53.25659942626953,54.0,4557,0.0,0.0
2023-10-26 10:30:00-04:00,53.619998931884766,54.279998779296875,53.58420181274414,54.119998931884766,4267,0.0,0.0
2023-10-26 11:30:00-04:00,53.970001220703125,54.099998474121094,53.724998474121094,53.724998474121094,2492,0.0,0.0
2023-10-26 12:30:00-04:00,53.6150016784668,53.790000915527344,53.220001220703125,53.22999954223633,4125,0.0,0.0
2023-10-26 13:30:00-04:00,53.08000183105469,53.349998474121094,53.07360076904297,53.290000915527344,3240,0.0,0.0
2023-10-26 14:30:00-04:00,53.4900016784668,53.86249923706055,53.380001068115234,53.70000076293945,5211,0.0,0.0
2023-10-26 15:30:00-04:00,53.709999084472656,53.77000045776367,53.47999954223633,53.5099983215332,11175,0.0,0.0
2023-10-27 09:30:00-04:00,53.31999969482422,53.45000076293945,52.99100112915039,53.279998779296875,1813,0.0,0.0
2023-10-27 10:30:00-04:00,53.2599983215332,53.5,53.2599983215332,53.27000045776367,4169,0.0,0.0
2023-10-27 11:30:00-04:00,53.099998474121094,53.314998626708984,52.560001373291016,52.71500015258789,6130,0.0,0.0
2023-10-27 12:30:00-04:00,52.63999938964844,52.69499969482422,52.013999938964844,52.15999984741211,8623,0.0,0.0
2023-10-27 13:30:00-04:00,52.29999923706055,52.560001373291016,52.26499938964844,52.38999938964844,3831,0.0,0.0
2023-10-27 14:30:00-04:00,52.369998931884766,52.970001220703125,52.369998931884766,52.900001525878906,4549,0.0,0.0
2023-10-27 15:30:00-04:00,52.93000030517578,52.94499969482422,52.439998626708984,52.84000015258789,18414,0.0,0.0
2023-10-30 09:30:00-04:00,52.97999954223633,53.63999938964844,52.540000915527344,52.7599983215332,5077,0.0,0.0
2023-10-30 10:30:00-04:00,52.5,52.63999938964844,52.16999816894531,52.494998931884766,4337,0.0,0.0
2023-10-30 11:30:00-04:00,52.65999984741211,52.65999984741211,52.160099029541016,52.31999969482422,6906,0.0,0.0
2023-10-30 12:30:00-04:00,52.349998474121094,52.4900016784668,52.310001373291016,52.47999954223633,2044,0.0,0.0
2023-10-30 13:30:00-04:00,52.91999816894531,52.9900016784668,52.75,52.86000061035156,5335,0.0,0.0
2023-10-30 14:30:00-04:00,53.04499816894531,53.779998779296875,53.02000045776367,53.654998779296875,9950,0.0,0.0
2023-10-30 15:30:00-04:00,53.63999938964844,53.63999938964844,53.4900016784668,53.61000061035156,11983,0.0,0.0
2023-10-31 09:30:00-04:00,53.54999923706055,54.4900016784668,53.04999923706055,53.834999084472656,2270,0.0,0.0
2023-10-31 10:30:00-04:00,53.630001068115234,53.76499938964844,53.630001068115234,53.76499938964844,1828,0.0,0.0
2023-10-31 11:30:00-04:00,53.790000915527344,54.1150016784668,53.78099822998047,53.93000030517578,2736,0.0,0.0
2023-10-31 12:30:00-04:00,53.90999984741211,53.90999984741211,53.720001220703125,53.720001220703125,1845,0.0,0.0
2023-10-31 13:30:00-04:00,53.709999084472656,53.709999084472656,53.709999084472656,53.709999084472656,811,0.0,0.0
2023-10-31 14:30:00-04:00,53.54999923706055,53.7599983215332,53.54999923706055,53.66999816894531,3179,0.0,0.0
2023-10-31 15:30:00-04:00,53.7400016784668,53.849998474121094,53.65999984741211,53.84000015258789,7212,0.0,0.0
2023-11-01 09:30:00-04:00,53.27000045776367,53.27000045776367,53.0,53.04999923706055,2321,0.0,0.0
2023-11-01 10:30:00-04:00,53.59000015258789,53.59000015258789,52.58000183105469,52.58000183105469,5501,0.0,0.0
2023-11-01 11:30:00-04:00,53.220001220703125,53.61000061035156,53.209999084472656,53.474998474121094,5820,0.0,0.0
2023-11-01 12:30:00-04:00,53.61000061035156,53.63999938964844,53.459999084472656,53.5,10556,0.0,0.0
2023-11-01 13:30:00-04:00,53.529998779296875,54.0,53.529998779296875,54.0,5237,0.0,0.0
2023-11-01 14:30:00-04:00,53.959999084472656,54.540000915527344,53.814998626708984,54.540000915527344,8658,0.0,0.0
2023-11-01 15:30:00-04:00,54.41999816894531,54.630001068115234,54.04999923706055,54.060001373291016,12854,0.0,0.0
2023-11-02 09:30:00-04:00,55.58000183105469,57.72999954223633,54.650001525878906,57.72999954223633,6747,0.0,0.0
2023-11-02 10:30:00-04:00,57.86000061035156,59.741600036621094,57.86000061035156,58.900001525878906,11602,0.0,0.0
2023-11-02 11:30:00-04:00,58.79999923706055,59.0099983215332,57.275001525878906,58.459999084472656,19597,0.0,0.0
2023-11-02 12:30:00-04:00,58.459999084472656,58.61000061035156,57.582000732421875,57.9900016784668,15640,0.0,0.0
2023-11-02 13:30:00-04:00,57.9900016784668,58.810001373291016,57.9900016784668,58.75,11013,0.0,0.0
2023-11-02 14:30:00-04:00,58.7599983215332,59.33000183105469,58.310001373291016,59.15999984741211,31376,0.0,0.0
2023-11-02 15:30:00-04:00,59.06999969482422,59.290000915527344,58.09000015258789,58.44499969482422,27826,0.0,0.0
2023-11-03 09:30:00-04:00,59.779998779296875,59.93000030517578,56.66999816894531,58.619998931884766,13924,0.0,0.0
2023-11-03 10:30:00-04:00,58.38399887084961,58.61000061035156,57.95500183105469,58.209999084472656,11493,0.0,0.0
2023-11-03 11:30:00-04:00,58.0099983215332,58.34000015258789,58.0099983215332,58.18000030517578,3829,0.0,0.0
2023-11-03 12:30:00-04:00,58.185001373291016,58.22999954223633,57.83000183105469,57.83000183105469,4875,0.0,0.0
2023-11-03 13:30:00-04:00,57.79999923706055,57.79999923706055,57.52000045776367,57.63999938964844,3585,0.0,0.0
2023-11-03 14:30:00-04:00,57.4900016784668,58.59000015258789,57.4900016784668,58.5,12926,0.0,0.0
2023-11-03 15:30:00-04:00,58.4900016784668,58.63999938964844,58.25,58.34000015258789,22807,0.0,0.0
2023-11-06 09:30:00-05:00,58.119998931884766,58.119998931884766,57.31999969482422,57.459999084472656,6054,0.0,0.0
2023-11-06 10:30:00-05:00,57.2599983215332,57.9900016784668,57.2599983215332,57.959999084472656,7263,0.0,0.0
2023-11-06 11:30:00-05:00,58.0,58.654998779296875,58.0,58.654998779296875,4052,0.0,0.0
2023-11-06 12:30:00-05:00,58.47999954223633,58.47999954223633,58.27000045776367,58.35499954223633,3187,0.0,0.0
2023-11-06 13:30:00-05:00,58.060001373291016,58.595001220703125,58.060001373291016,58.3129997253418,1509,0.0,0.0
2023-11-06 14:30:00-05:00,58.47999954223633,58.47999954223633,58.13999938964844,58.279998779296875,6315,0.0,0.0
2023-11-06 15:30:00-05:00,58.244998931884766,58.560001373291016,57.970001220703125,58.560001373291016,26190,0.0,0.0
2023-11-07 09:30:00-05:00,58.43000030517578,58.43000030517578,57.59000015258789,57.59000015258789,4586,0.0,0.0
2023-11-07 10:30:00-05:00,57.457000732421875,57.66999816894531,57.45000076293945,57.45000076293945,1328,0.0,0.0
2023-11-07 11:30:00-05:00,57.779998779296875,58.11000061035156,57.779998779296875,58.04999923706055,2039,0.0,0.0
2023-11-07 12:30:00-05:00,57.939998626708984,57.95500183105469,57.90999984741211,57.90999984741211,1401,0.0,0.0
2023-11-07 13:30:00-05:00,57.959999084472656,58.125,57.95000076293945,58.125,2527,0.0,0.0
2023-11-07 14:30:00-05:00,58.08000183105469,58.29999923706055,58.06999969482422,58.20000076293945,7662,0.0,0.0
2023-11-07 15:30:00-05:00,58.20000076293945,58.48749923706055,57.630001068115234,57.97999954223633,18893,0.0,0.0
2023-11-08 09:30:00-05:00,57.68000030517578,58.36000061035156,57.439998626708984,57.68000030517578,3316,0.0,0.0
2023-11-08 10:30:00-05:00,57.61000061035156,57.630001068115234,57.2400016784668,57.2400016784668,2168,0.0,0.0
2023-11-08 11:30:00-05:00,57.369998931884766,57.41999816894531,56.97999954223633,56.97999954223633,3523,0.0,0.0
2023-11-08 12:30:00-05:00,57.06999969482422,57.5,57.040000915527344,57.45000076293945,7513,0.0,0.0
2023-11-08 13:30:00-05:00,57.5,57.54999923706055,57.5,57.54999923706055,1947,0.0,0.0
2023-11-08 14:30:00-05:00,57.775001525878906,58.18000030517578,57.775001525878906,57.91999816894531,7184,0.0,0.0
2023-11-08 15:30:00-05:00,57.939998626708984,58.20000076293945,57.88999938964844,58.20000076293945,9915,0.0,0.0
2023-11-09 09:30:00-05:00,58.84000015258789,58.84000015258789,58.27000045776367,58.27000045776367,1048,0.0,0.0
2023-11-09 10:30:00-05:00,58.3489990234375,58.560001373291016,58.119998931884766,58.150001525878906,6818,0.0,0.0
2023-11-09 11:30:00-05:00,58.345001220703125,58.38999938964844,58.220001220703125,58.3650016784668,1889,0.0,0.0
2023-11-09 12:30:00-05:00,58.529998779296875,58.59000015258789,58.04999923706055,58.11000061035156,2504,0.0,0.0
2023-11-09 13:30:00-05:00,58.08000183105469,58.16510009765625,57.81999969482422,58.02000045776367,2860,0.0,0.0
2023-11-09 14:30:00-05:00,58.01499938964844,58.16999816894531,57.7599983215332,58.119998931884766,6629,0.0,0.0
2023-11-09 15:30:00-05:00,58.119998931884766,58.41999816894531,58.119998931884766,58.41999816894531,7692,0.0,0.0
2023-11-10 09:30:00-05:00,58.33000183105469,58.599998474121094,57.29679870605469,58.599998474121094,2749,0.0,0.0
2023-11-10 10:30:00-05:00,58.54499816894531,59.08000183105469,58.54499816894531,59.08000183105469,3631,0.0,0.0
2023-11-10 11:30:00-05:00,59.20000076293945,59.224998474121094,58.79999923706055,59.064998626708984,7571,0.0,0.0
2023-11-10 12:30:00-05:00,59.15999984741211,59.619998931884766,59.0099983215332,59.349998474121094,12252,0.0,0.0
2023-11-10 13:30:00-05:00,58.93000030517578,59.589900970458984,58.84000015258789,59.22999954223633,29856,0.0,0.0
2023-11-10 14:30:00-05:00,59.439998626708984,60.04499816894531,59.38999938964844,59.689998626708984,13348,0.0,0.0
2023-11-10 15:30:00-05:00,59.61000061035156,59.90999984741211,59.369998931884766,59.400001525878906,14373,0.0,0.0
2023-11-13 09:30:00-05:00,59.27000045776367,59.459999084472656,58.91999816894531,59.39500045776367,1914,0.0,0.0
2023-11-13 10:30:00-05:00,59.380001068115234,59.47999954223633,58.849998474121094,58.849998474121094,4533,0.0,0.0
2023-11-13 11:30:00-05:00,58.97999954223633,59.060001373291016,58.4900016784668,58.939998626708984,12189,0.0,0.0
2023-11-13 12:30:00-05:00,58.97999954223633,59.0,58.83000183105469,58.935001373291016,2014,0.0,0.0
2023-11-13 13:30:00-05:00,58.779998779296875,58.849998474121094,58.474998474121094,58.849998474121094,5626,0.0,0.0
2023-11-13 14:30:00-05:00,58.95000076293945,59.11000061035156,58.66999816894531,59.11000061035156,6370,0.0,0.0
2023-11-13 15:30:00-05:00,59.06999969482422,59.2400016784668,58.900001525878906,58.900001525878906,14881,0.0,0.0
2023-11-14 09:30:00-05:00,60.0,61.939998626708984,60.0,61.939998626708984,14446,0.0,0.0
2023-11-14 10:30:00-05:00,61.9900016784668,62.470001220703125,61.2599983215332,61.68000030517578,22693,0.0,0.0
2023-11-14 11:30:00-05:00,61.685001373291016,61.93000030517578,61.345001220703125,61.41999816894531,7603,0.0,0.0
2023-11-14 12:30:00-05:00,61.41999816894531,61.53499984741211,61.26219940185547,61.29999923706055,28263,0.0,0.0
2023-11-14 13:30:00-05:00,61.43000030517578,61.46500015258789,60.65999984741211,61.19499969482422,45545,0.0,0.0
2023-11-14 14:30:00-05:00,61.29999923706055,61.584999084472656,61.11000061035156,61.584999084472656,39715,0.0,0.0
2023-11-14 15:30:00-05:00,61.564998626708984,61.83000183105469,61.34000015258789,61.439998626708984,58682,0.0,0.0
2023-11-15 09:30:00-05:00,62.220001220703125,62.75,62.220001220703125,62.59000015258789,18641,0.0,0.0
2023-11-15 10:30:00-05:00,62.59000015258789,62.65999984741211,62.0,62.314998626708984,13682,0.0,0.0
2023-11-15 11:30:00-05:00,62.30500030517578,62.75,62.06999969482422,62.733001708984375,7516,0.0,0.0
2023-11-15 12:30:00-05:00,62.720001220703125,62.75,62.220001220703125,62.400001525878906,8142,0.0,0.0
2023-11-15 13:30:00-05:00,62.400001525878906,62.75,62.400001525878906,62.75,9920,0.0,0.0
2023-11-15 14:30:00-05:00,62.75,62.75,62.4900016784668,62.564998626708984,20398,0.0,0.0
2023-11-15 15:30:00-05:00,62.58000183105469,62.939998626708984,62.310001373291016,62.310001373291016,42576,0.0,0.0
2023-11-16 09:30:00-05:00,62.349998474121094,62.349998474121094,61.61000061035156,61.65999984741211,1656,0.0,0.0
2023-11-16 10:30:00-05:00,61.45000076293945,61.45000076293945,60.869998931884766,61.16999816894531,5765,0.0,0.0
2023-11-16 11:30:00-05:00,61.49399948120117,62.04999923706055,61.220001220703125,61.83000183105469,5144,0.0,0.0
2023-11-16 12:30:00-05:00,61.81999969482422,62.15999984741211,61.81999969482422,62.15999984741211,4734,0.0,0.0
2023-11-16 13:30:00-05:00,62.15999984741211,62.2400016784668,62.130001068115234,62.2400016784668,3968,0.0,0.0
2023-11-16 14:30:00-05:00,62.16999816894531,62.29999923706055,61.9900016784668,61.9900016784668,7400,0.0,0.0
2023-11-16 15:30:00-05:00,62.07500076293945,62.31999969482422,61.880001068115234,61.900001525878906,15901,0.0,0.0
2023-11-17 09:30:00-05:00,62.849998474121094,62.849998474121094,62.48500061035156,62.630001068115234,15648,0.0,0.0
2023-11-17 10:30:00-05:00,62.650001525878906,62.79999923706055,62.349998474121094,62.349998474121094,4700,0.0,0.0
2023-11-17 11:30:00-05:00,62.27000045776367,62.599998474121094,62.219398498535156,62.4900016784668,9332,0.0,0.0
2023-11-17 12:30:00-05:00,62.470001220703125,62.470001220703125,62.209999084472656,62.2599983215332,3396,0.0,0.0
2023-11-17 13:30:00-05:00,62.369998931884766,62.369998931884766,62.16999816894531,62.35499954223633,4343,0.0,0.0
2023-11-17 14:30:00-05:00,62.29999923706055,62.380001068115234,62.27000045776367,62.32500076293945,5308,0.0,0.0
2023-11-17 15:30:00-05:00,62.380001068115234,62.529998779296875,62.0099983215332,62.33000183105469,14098,0.0,0.0
2023-11-20 09:30:00-05:00,62.65999984741211,62.65999984741211,62.0,62.13999938964844,1167,0.0,0.0
2023-11-20 10:30:00-05:00,62.39500045776367,62.54999923706055,62.2599983215332,62.29999923706055,1611,0.0,0.0
2023-11-20 11:30:00-05:00,62.2599983215332,62.36000061035156,62.18000030517578,62.36000061035156,2155,0.0,0.0
2023-11-20 12:30:00-05:00,62.330101013183594,62.5,62.33000183105469,62.459999084472656,1863,0.0,0.0
2023-11-20 13:30:00-05:00,62.44499969482422,62.525001525878906,62.290000915527344,62.290000915527344,2421,0.0,0.0
2023-11-20 14:30:00-05:00,62.21500015258789,62.810001373291016,62.21500015258789,62.66999816894531,16151,0.0,0.0
2023-11-20 15:30:00-05:00,62.70500183105469,62.79999923706055,62.529998779296875,62.779998779296875,8660,0.0,0.0
2023-11-21 09:30:00-05:00,62.25,62.70000076293945,62.2400016784668,62.625,1918,0.0,0.0
2023-11-21 10:30:00-05:00,62.50299835205078,62.7599983215332,62.50299835205078,62.64500045776367,1484,0.0,0.0
2023-11-21 11:30:00-05:00,62.75,62.75,62.72999954223633,62.72999954223633,2302,0.0,0.0
2023-11-21 12:30:00-05:00,62.310001373291016,62.529998779296875,62.0,62.16999816894531,5156,0.0,0.0
2023-11-21 13:30:00-05:00,62.209999084472656,62.51499938964844,62.20000076293945,62.380001068115234,4908,0.0,0.0
2023-11-21 14:30:00-05:00,62.650001525878906,62.75,62.59000015258789,62.59000015258789,1923,0.0,0.0
2023-11-21 15:30:00-05:00,62.529998779296875,62.529998779296875,62.22999954223633,62.310001373291016,6687,0.0,0.0
2023-11-22 09:30:00-05:00,62.7599983215332,63.224998474121094,62.5,63.0099983215332,6473,0.0,0.0
2023-11-22 10:30:00-05:00,63.02799987792969,63.08000183105469,62.790000915527344,62.790000915527344,3835,0.0,0.0
2023-11-22 11:30:00-05:00,62.86000061035156,62.939998626708984,62.834999084472656,62.834999084472656,3041,0.0,0.0
2023-11-22 12:30:00-05:00,62.20009994506836,62.20009994506836,62.20009994506836,62.20009994506836,1304,0.0,0.0
2023-11-22 13:30:00-05:00,62.75,62.755001068115234,62.665000915527344,62.665000915527344,1678,0.0,0.0
2023-11-22 14:30:00-05:00,62.65999984741211,62.72999954223633,62.599998474121094,62.64500045776367,2928,0.0,0.0
2023-11-22 15:30:00-05:00,62.560001373291016,62.560001373291016,62.31999969482422,62.31999969482422,4783,0.0,0.0
2023-11-24 09:30:00-05:00,62.130001068115234,62.970001220703125,61.599998474121094,62.54999923706055,33028,0.0,0.0
2023-11-24 10:30:00-05:00,62.435001373291016,62.91999816894531,62.435001373291016,62.790000915527344,9942,0.0,0.0
2023-11-24 11:30:00-05:00,63.0099983215332,63.212501525878906,62.94499969482422,62.94499969482422,3834,0.0,0.0
2023-11-27 09:30:00-05:00,62.29999923706055,62.72999954223633,62.29999923706055,62.46500015258789,2129,0.0,0.0
2023-11-27 10:30:00-05:00,62.650001525878906,62.83000183105469,62.650001525878906,62.83000183105469,765,0.0,0.0
2023-11-27 11:30:00-05:00,62.72999954223633,62.72999954223633,62.470001220703125,62.70000076293945,1315,0.0,0.0
2023-11-27 12:30:00-05:00,62.61000061035156,62.7599983215332,62.61000061035156,62.69499969482422,2154,0.0,0.0
2023-11-27 13:30:00-05:00,62.84000015258789,62.88999938964844,62.59000015258789,62.82500076293945,4315,0.0,0.0
2023-11-27 14:30:00-05:00,62.900001525878906,63.130001068115234,62.20000076293945,62.31999969482422,10359,0.0,0.0
2023-11-27 15:30:00-05:00,62.400001525878906,62.400001525878906,61.790000915527344,61.790000915527344,15060,0.0,0.0
2023-11-28 09:30:00-05:00,61.7599983215332,61.7599983215332,61.7599983215332,61.7599983215332,693,0.0,0.0
2023-11-28 10:30:00-05:00,61.900001525878906,61.900001525878906,61.65999984741211,61.85499954223633,2606,0.0,0.0
2023-11-28 11:30:00-05:00,61.97629928588867,61.97629928588867,61.40999984741211,61.40999984741211,1446,0.0,0.0
2023-11-28 12:30:00-05:00,61.45000076293945,61.45000076293945,61.08000183105469,61.08000183105469,1932,0.0,0.0
2023-11-28 13:30:00-05:00,61.2400016784668,61.279998779296875,60.90999984741211,60.959999084472656,2830,0.0,0.0
2023-11-28 14:30:00-05:00,60.970001220703125,61.11000061035156,60.91999816894531,61.04499816894531,4120,0.0,0.0
2023-11-28 15:30:00-05:00,61.060001373291016,61.060001373291016,60.75,60.75,6455,0.0,0.0
2023-11-29 09:30:00-05:00,61.0,61.529998779296875,61.0,61.095001220703125,5459,0.0,0.0
2023-11-29 10:30:00-05:00,60.709999084472656,60.72999954223633,60.67060089111328,60.67060089111328,1700,0.0,0.0
2023-11-29 11:30:00-05:00,60.459999084472656,60.540000915527344,60.349998474121094,60.474998474121094,3117,0.0,0.0
2023-11-29 12:30:00-05:00,60.3650016784668,60.3650016784668,60.3650016784668,60.3650016784668,416,0.0,0.0
2023-11-29 13:30:00-05:00,60.470001220703125,60.75,60.400001525878906,60.75,3716,0.0,0.0
2023-11-29 14:30:00-05:00,60.5,60.5,60.150001525878906,60.150001525878906,3424,0.0,0.0
2023-11-29 15:30:00-05:00,60.13999938964844,60.220001220703125,59.775001525878906,59.810001373291016,8015,0.0,0.0
2023-11-30 09:30:00-05:00,60.41999816894531,60.41999816894531,59.099998474121094,59.439998626708984,3463,0.0,0.0
2023-11-30 10:30:00-05:00,59.92499923706055,60.38999938964844,59.88999938964844,60.0265998840332,5637,0.0,0.0
2023-11-30 11:30:00-05:00,60.150001525878906,60.150001525878906,59.88999938964844,59.88999938964844,1010,0.0,0.0
2023-11-30 12:30:00-05:00,59.790000915527344,60.654998779296875,59.689998626708984,60.540000915527344,13921,0.0,0.0
2023-11-30 13:30:00-05:00,60.650001525878906,60.68000030517578,60.529998779296875,60.529998779296875,2292,0.0,0.0
2023-11-30 14:30:00-05:00,60.43000030517578,60.43000030517578,60.060001373291016,60.06999969482422,1440,0.0,0.0
2023-11-30 15:30:00-05:00,60.34000015258789,60.61000061035156,60.189998626708984,60.29999923706055,7135,0.0,0.0
2023-12-01 09:30:00-05:00,60.20000076293945,61.08000183105469,60.20000076293945,60.9900016784668,6027,0.0,0.0
2023-12-01 10:30:00-05:00,61.0,61.349998474121094,60.68000030517578,61.33000183105469,9102,0.0,0.0
2023-12-01 11:30:00-05:00,61.40999984741211,61.40999984741211,61.2400016784668,61.34000015258789,3733,0.0,0.0
2023-12-01 12:30:00-05:00,61.130001068115234,61.45000076293945,61.130001068115234,61.25,1811,0.0,0.0
2023-12-01 13:30:00-05:00,61.275001525878906,61.349998474121094,60.97999954223633,61.349998474121094,2850,0.0,0.0
2023-12-01 14:30:00-05:00,61.06999969482422,61.41999816894531,60.97999954223633,61.20000076293945,3576,0.0,0.0
2023-12-01 15:30:00-05:00,61.29999923706055,61.56999969482422,61.220001220703125,61.369998931884766,13099,0.0,0.0
2023-12-04 09:30:00-05:00,61.45000076293945,62.15999984741211,61.45000076293945,61.904998779296875,7223,0.0,0.0
2023-12-04 10:30:00-05:00,61.904998779296875,61.96500015258789,61.779998779296875,61.8650016784668,2690,0.0,0.0
2023-12-04 11:30:00-05:00,61.900001525878906,62.1150016784668,61.900001525878906,61.959999084472656,3481,0.0,0.0
2023-12-04 12:30:00-05:00,62.040000915527344,62.29999923706055,61.880001068115234,61.91999816894531,16540,0.0,0.0
2023-12-04 13:30:00-05:00,61.994998931884766,62.25,61.880001068115234,61.93000030517578,7756,0.0,0.0
2023-12-04 14:30:00-05:00,61.95500183105469,62.11000061035156,61.81999969482422,61.939998626708984,5765,0.0,0.0
2023-12-04 15:30:00-05:00,61.970001220703125,62.0,61.75,61.75,5868,0.0,0.0
2023-12-05 09:30:00-05:00,61.91999816894531,62.060001373291016,61.189998626708984,61.189998626708984,2425,0.0,0.0
2023-12-05 10:30:00-05:00,61.27000045776367,61.27000045776367,60.869998931884766,61.029998779296875,6144,0.0,0.0
2023-12-05 11:30:00-05:00,61.2400016784668,61.2400016784668,60.72999954223633,60.7400016784668,3798,0.0,0.0
2023-12-05 12:30:00-05:00,60.59000015258789,60.790000915527344,60.33000183105469,60.709999084472656,6611,0.0,0.0
2023-12-05 13:30:00-05:00,60.619998931884766,60.619998931884766,59.95000076293945,60.43000030517578,9820,0.0,0.0
2023-12-05 14:30:00-05:00,60.2599983215332,60.380001068115234,60.0,60.0,12043,0.0,0.0
2023-12-05 15:30:00-05:00,60.22999954223633,60.439998626708984,59.9900016784668,60.209999084472656,16805,0.0,0.0
2023-12-06 09:30:00-05:00,60.810001373291016,61.345001220703125,60.779998779296875,60.779998779296875,6900,0.0,0.0
2023-12-06 10:30:00-05:00,60.904998779296875,61.099998474121094,60.66999816894531,60.83000183105469,11623,0.0,0.0
2023-12-06 11:30:00-05:00,60.77000045776367,61.029998779296875,60.459999084472656,60.665000915527344,16128,0.0,0.0
2023-12-06 12:30:00-05:00,60.47999954223633,60.5,60.13999938964844,60.45000076293945,6566,0.0,0.0
2023-12-06 13:30:00-05:00,60.44340133666992,60.68000030517578,60.290000915527344,60.45000076293945,6419,0.0,0.0
2023-12-06 14:30:00-05:00,60.47999954223633,60.5099983215332,60.22999954223633,60.22999954223633,7528,0.0,0.0
2023-12-06 15:30:00-05:00,60.189998626708984,60.439998626708984,59.90999984741211,60.029998779296875,13349,0.0,0.0
2023-12-07 09:30:00-05:00,59.849998474121094,60.412498474121094,59.67499923706055,60.18000030517578,8545,0.0,0.0
2023-12-07 10:30:00-05:00,60.12799835205078,60.165000915527344,59.83000183105469,60.165000915527344,6054,0.0,0.0
2023-12-07 11:30:00-05:00,60.21500015258789,60.27750015258789,59.880001068115234,60.11000061035156,5001,0.0,0.0
2023-12-07 12:30:00-05:00,60.11000061035156,60.17499923706055,60.0,60.0,3226,0.0,0.0
2023-12-07 13:30:00-05:00,60.060001373291016,60.19499969482422,60.0,60.11000061035156,4610,0.0,0.0
2023-12-07 14:30:00-05:00,60.042999267578125,60.4900016784668,60.025001525878906,60.439998626708984,8537,0.0,0.0
2023-12-07 15:30:00-05:00,60.5099983215332,60.75,60.47999954223633,60.75,22876,0.0,0.0
2023-12-08 09:30:00-05:00,60.47999954223633,61.29999923706055,60.2515983581543,61.0099983215332,4033,0.0,0.0
2023-12-08 10:30:00-05:00,60.689998626708984,60.92499923706055,60.27000045776367,60.31999969482422,3556,0.0,0.0
2023-12-08 11:30:00-05:00,60.38999938964844,60.529998779296875,60.38999938964844,60.47999954223633,2072,0.0,0.0
2023-12-08 12:30:00-05:00,60.63890075683594,60.810001373291016,60.599998474121094,60.63999938964844,5821,0.0,0.0
2023-12-08 13:30:00-05:00,60.779998779296875,61.29999923706055,60.779998779296875,61.29999923706055,8610,0.0,0.0
2023-12-08 14:30:00-05:00,61.31999969482422,61.31999969482422,61.13999938964844,61.29999923706055,3636,0.0,0.0
2023-12-08 15:30:00-05:00,61.2400016784668,61.290000915527344,61.0,61.0,5636,0.0,0.0
2023-12-11 09:30:00-05:00,61.029998779296875,61.65999984741211,60.709999084472656,61.150001525878906,5850,0.0,0.0
2023-12-11 10:30:00-05:00,61.13999938964844,61.35499954223633,61.13999938964844,61.35499954223633,2135,0.0,0.0
2023-12-11 11:30:00-05:00,61.255001068115234,61.369998931884766,61.0,61.2400016784668,3318,0.0,0.0
2023-12-11 12:30:00-05:00,61.290000915527344,61.29999923706055,61.15999984741211,61.16999816894531,2363,0.0,0.0
2023-12-11 13:30:00-05:00,61.279998779296875,61.279998779296875,61.26499938964844,61.26499938964844,1258,0.0,0.0
2023-12-11 14:30:00-05:00,61.26499938964844,61.310001373291016,61.15999984741211,61.290000915527344,3184,0.0,0.0
2023-12-11 15:30:00-05:00,61.279998779296875,61.279998779296875,61.099998474121094,61.11000061035156,6050,0.0,0.0
2023-12-12 09:30:00-05:00,61.52000045776367,61.599998474121094,61.18000030517578,61.31999969482422,2184,0.0,0.0
2023-12-12 10:30:00-05:00,61.29999923706055,61.380001068115234,60.900001525878906,61.0099983215332,5200,0.0,0.0
2023-12-12 11:30:00-05:00,60.810001373291016,61.150001525878906,60.77000045776367,61.11000061035156,6837,0.0,0.0
2023-12-12 12:30:00-05:00,61.13999938964844,61.13999938964844,61.13999938964844,61.13999938964844,1928,0.0,0.0
2023-12-12 13:30:00-05:00,61.380001068115234,61.41999816894531,61.209999084472656,61.209999084472656,2845,0.0,0.0
2023-12-12 14:30:00-05:00,61.25,61.400001525878906,61.119998931884766,61.119998931884766,6604,0.0,0.0
2023-12-12 15:30:00-05:00,61.2400016784668,61.2400016784668,60.95000076293945,61.029998779296875,6281,0.0,0.0
2023-12-13 09:30:00-05:00,60.959999084472656,61.380001068115234,60.66999816894531,60.82500076293945,6730,0.0,0.0
2023-12-13 10:30:00-05:00,60.70000076293945,61.06999969482422,60.630001068115234,61.0,10492,0.0,0.0
2023-12-13 11:30:00-05:00,60.904998779296875,60.97999954223633,60.849998474121094,60.90999984741211,1963,0.0,0.0
2023-12-13 12:30:00-05:00,60.849998474121094,60.90999984741211,60.724998474121094,60.779998779296875,3306,0.0,0.0
2023-12-13 13:30:00-05:00,60.84000015258789,61.560001373291016,60.70000076293945,61.5,16334,0.0,0.0
2023-12-13 14:30:00-05:00,61.70000076293945,62.369998931884766,61.5099983215332,61.90999984741211,24370,0.0,0.0
2023-12-13 15:30:00-05:00,61.93000030517578,62.29999923706055,61.93000030517578,62.29999923706055,12224,0.0,0.0
2023-12-14 09:30:00-05:00,63.040000915527344,63.91999816894531,62.595001220703125,62.7400016784668,15449,0.0,0.0
2023-12-14 10:30:00-05:00,62.72019958496094,62.72019958496094,62.209999084472656,62.2599983215332,6628,0.0,0.0
2023-12-14 11:30:00-05:00,62.279998779296875,62.560001373291016,62.15999984741211,62.15999984741211,11052,0.0,0.0
2023-12-14 12:30:00-05:00,62.16999816894531,62.290000915527344,61.439998626708984,61.439998626708984,7656,0.0,0.0
2023-12-14 13:30:00-05:00,61.40999984741211,61.59000015258789,60.849998474121094,61.43000030517578,8922,0.0,0.0
2023-12-14 14:30:00-05:00,61.43000030517578,61.845001220703125,61.20000076293945,61.845001220703125,9808,0.0,0.0
2023-12-14 15:30:00-05:00,61.85499954223633,61.85499954223633,61.33000183105469,61.790000915527344,15357,0.0,0.0
2023-12-15 09:30:00-05:00,61.84000015258789,62.45000076293945,61.5,62.2130012512207,35191,0.0,0.0
2023-12-15 10:30:00-05:00,62.279998779296875,62.33000183105469,61.9900016784668,62.0,5313,0.0,0.0
2023-12-15 11:30:00-05:00,61.8849983215332,61.900001525878906,61.34000015258789,61.79999923706055,10380,0.0,0.0
2023-12-15 12:30:00-05:00,61.689998626708984,61.689998626708984,61.37300109863281,61.5099983215332,3120,0.0,0.0
2023-12-15 13:30:00-05:00,61.415000915527344,61.415000915527344,61.119998931884766,61.29999923706055,6976,0.0,0.0
2023-12-15 14:30:00-05:00,61.28239822387695,61.68000030517578,61.28239822387695,61.68000030517578,5716,0.0,0.0
2023-12-15 15:30:00-05:00,61.4900016784668,61.619998931884766,61.11000061035156,61.33000183105469,11784,0.0,0.0
2023-12-18 09:30:00-05:00,61.470001220703125,61.689998626708984,61.084598541259766,61.599998474121094,9052,0.0,0.0
2023-12-18 10:30:00-05:00,61.869998931884766,62.20000076293945,61.47999954223633,62.18000030517578,8591,0.0,0.0
2023-12-18 11:30:00-05:00,62.369998931884766,62.94820022583008,61.97999954223633,62.83000183105469,13510,0.0,0.0
2023-12-18 12:30:00-05:00,62.91999816894531,63.15999984741211,62.720001220703125,62.77000045776367,10163,0.0,0.0
2023-12-18 13:30:00-05:00,62.869998931884766,63.04499816894531,62.618900299072266,62.92499923706055,10413,0.0,0.0
2023-12-18 14:30:00-05:00,62.93000030517578,63.11000061035156,62.689998626708984,63.06999969482422,6861,0.0,0.0
2023-12-18 15:30:00-05:00,62.93000030517578,63.0099983215332,62.279998779296875,62.43000030517578,13251,0.0,0.0
2023-12-19 09:30:00-05:00,62.5099983215332,63.29999923706055,62.5,62.9900016784668,6354,0.0,0.0
2023-12-19 10:30:00-05:00,63.220001220703125,63.33000183105469,63.220001220703125,63.29999923706055,993,0.0,0.0
2023-12-19 11:30:00-05:00,63.209999084472656,63.209999084472656,62.58000183105469,62.64500045776367,4968,0.0,0.0
2023-12-19 12:30:00-05:00,62.66999816894531,63.185001373291016,62.66999816894531,63.185001373291016,2898,0.0,0.0
2023-12-19 13:30:00-05:00,63.07500076293945,63.310001373291016,62.7400016784668,62.7400016784668,4225,0.0,0.0
2023-12-19 14:30:00-05:00,62.75,62.75,62.459999084472656,62.75,3659,0.0,0.0
2023-12-19 15:30:00-05:00,62.540000915527344,62.88999938964844,62.43000030517578,62.83000183105469,12064,0.0,0.0
2023-12-20 09:30:00-05:00,62.900001525878906,63.97999954223633,62.4900016784668,63.97999954223633,13124,0.0,0.0
2023-12-20 10:30:00-05:00,63.915000915527344,64.08999633789062,63.6150016784668,63.939998626708984,5047,0.0,0.0
2023-12-20 11:30:00-05:00,63.70000076293945,64.1500015258789,63.70000076293945,64.1500015258789,3388,0.0,0.0
2023-12-20 12:30:00-05:00,64.26000213623047,64.43000030517578,63.900001525878906,63.900001525878906,5573,0.0,0.0
2023-12-20 13:30:00-05:00,64.0,64.31999969482422,63.983299255371094,64.12000274658203,5481,0.0,0.0
2023-12-20 14:30:00-05:00,64.11499786376953,64.11499786376953,63.06999969482422,63.13999938964844,8806,0.0,0.0
2023-12-20 15:30:00-05:00,62.91999816894531,62.98500061035156,62.59000015258789,62.70000076293945,8395,0.0,0.0
2023-12-21 09:30:00-05:00,62.709999084472656,63.459999084472656,62.41999816894531,62.900001525878906,9184,0.0,0.0
2023-12-21 10:30:00-05:00,62.880001068115234,63.16859817504883,62.70000076293945,62.73500061035156,7489,0.0,0.0
2023-12-21 11:30:00-05:00,62.65999984741211,62.88999938964844,62.654998779296875,62.72999954223633,2447,0.0,0.0
2023-12-21 12:30:00-05:00,62.665000915527344,63.16999816894531,62.665000915527344,62.974998474121094,2103,0.0,0.0
2023-12-21 13:30:00-05:00,63.18000030517578,63.36000061035156,63.01129913330078,63.36000061035156,4594,0.0,0.0
2023-12-21 14:30:00-05:00,63.540000915527344,63.810001373291016,63.34000015258789,63.810001373291016,5915,0.0,0.0
2023-12-21 15:30:00-05:00,63.95000076293945,63.95000076293945,63.744998931884766,63.83000183105469,11199,0.0,0.0
2023-12-22 09:30:00-05:00,64.05000305175781,64.68000030517578,64.05000305175781,64.3125,3620,0.0,0.0
2023-12-22 10:30:00-05:00,64.46900177001953,64.46900177001953,64.12999725341797,64.44999694824219,1967,0.0,0.0
2023-12-22 11:30:00-05:00,64.43000030517578,64.43000030517578,64.12000274658203,64.41999816894531,3884,0.0,0.0
2023-12-22 12:30:00-05:00,64.18000030517578,64.43000030517578,64.1500015258789,64.26000213623047,2527,0.0,0.0
2023-12-22 13:30:00-05:00,64.23500061035156,64.33000183105469,63.92850112915039,63.939998626708984,4568,0.0,0.0
2023-12-22 14:30:00-05:00,63.755001068115234,63.9005012512207,63.470001220703125,63.560001373291016,5959,0.0,0.0
2023-12-22 15:30:00-05:00,63.59000015258789,63.63999938964844,63.459999084472656,63.459999084472656,7586,0.0,0.0
2023-12-26 09:30:00-05:00,63.540000915527344,64.08000183105469,62.86000061035156,63.32500076293945,17847,0.0,0.0
2023-12-26 10:30:00-05:00,63.75,64.04049682617188,63.30009841918945,63.70000076293945,8218,0.0,0.0
2023-12-26 11:30:00-05:00,63.689998626708984,64.04000091552734,63.6875,64.04000091552734,2533,0.0,0.0
2023-12-26 12:30:00-05:00,63.900001525878906,64.37000274658203,63.900001525878906,64.37000274658203,2543,0.0,0.0
2023-12-26 13:30:00-05:00,64.44000244140625,64.69999694824219,64.44000244140625,64.55000305175781,6750,0.0,0.0
2023-12-26 14:30:00-05:00,64.69000244140625,64.76000213623047,64.5,64.51000213623047,4116,0.0,0.0
2023-12-26 15:30:00-05:00,64.58000183105469,64.62999725341797,64.44999694824219,64.51000213623047,6304,0.0,0.0
2023-12-27 09:30:00-05:00,64.79000091552734,65.05500030517578,64.70999908447266,65.05500030517578,4340,0.0,0.0
2023-12-27 10:30:00-05:00,64.91999816894531,65.0,64.80000305175781,65.0,2481,0.0,0.0
2023-12-27 11:30:00-05:00,65.23999786376953,65.41000366210938,65.23999786376953,65.41000366210938,1850,0.0,0.0
2023-12-27 12:30:00-05:00,65.4916000366211,65.83999633789062,65.4000015258789,65.67500305175781,3714,0.0,0.0
2023-12-27 13:30:00-05:00,65.56749725341797,65.56749725341797,65.32499694824219,65.34500122070312,2786,0.0,0.0
2023-12-27 14:30:00-05:00,65.31999969482422,65.37000274658203,65.20999908447266,65.24500274658203,6321,0.0,0.0
2023-12-27 15:30:00-05:00,65.23999786376953,65.54000091552734,65.23999786376953,65.48999786376953,9956,0.0,0.0
2023-12-28 09:30:00-05:00,65.16000366210938,65.4800033569336,65.16000366210938,65.4800033569336,1766,0.0,0.0
2023-12-28 10:30:00-05:00,65.73999786376953,65.91000366210938,65.57499694824219,65.68669891357422,2739,0.0,0.0
2023-12-28 11:30:00-05:00,65.83999633789062,66.08000183105469,65.83999633789062,66.0,3367,0.0,0.0
2023-12-28 12:30:00-05:00,66.08999633789062,66.44000244140625,65.72000122070312,65.73999786376953,4040,0.0,0.0
2023-12-28 13:30:00-05:00,65.87000274658203,65.8949966430664,65.66999816894531,65.77999877929688,5075,0.0,0.0
2023-12-28 14:30:00-05:00,65.70500183105469,65.70500183105469,65.4000015258789,65.54000091552734,7082,0.0,0.0
2023-12-28 15:30:00-05:00,65.51000213623047,65.58999633789062,65.2750015258789,65.45999908447266,4205,0.0,0.0
2023-12-29 09:30:00-05:00,65.47000122070312,65.54499816894531,65.47000122070312,65.48999786376953,3456,0.0,0.0
2023-12-29 10:30:00-05:00,65.16999816894531,65.16999816894531,64.06999969482422,64.16999816894531,4496,0.0,0.0
2023-12-29 11:30:00-05:00,64.30000305175781,64.46499633789062,64.30000305175781,64.31999969482422,1781,0.0,0.0
2023-12-29 12:30:00-05:00,64.47000122070312,64.62999725341797,64.44999694824219,64.52899932861328,1965,0.0,0.0
2023-12-29 13:30:00-05:00,64.68000030517578,65.0,64.68000030517578,64.87000274658203,3516,0.0,0.0
2023-12-29 14:30:00-05:00,64.80999755859375,64.91000366210938,64.7699966430664,64.91000366210938,5303,0.0,0.0
2023-12-29 15:30:00-05:00,64.91999816894531,64.91999816894531,64.45999908447266,64.62999725341797,6690,0.0,0.0
2024-01-02 09:30:00-05:00,63.91999816894531,64.68000030517578,63.75,64.20999908447266,8775,0.0,0.0
2024-01-02 10:30:00-05:00,63.935001373291016,64.61000061035156,63.76499938964844,64.08000183105469,14751,0.0,0.0
2024-01-02 11:30:00-05:00,64.08000183105469,64.37999725341797,63.900001525878906,63.959999084472656,9059,0.0,0.0
2024-01-02 12:30:00-05:00,63.976200103759766,64.08000183105469,63.47999954223633,63.650001525878906,4191,0.0,0.0
2024-01-02 13:30:00-05:00,63.52000045776367,63.52000045776367,62.619998931884766,63.15999984741211,7411,0.0,0.0
2024-01-02 14:30:00-05:00,63.028499603271484,63.028499603271484,62.959999084472656,62.959999084472656,3277,0.0,0.0
2024-01-02 15:30:00-05:00,63.08000183105469,63.25,63.0,63.19499969482422,5784,0.0,0.0
2024-01-03 09:30:00-05:00,63.189998626708984,63.189998626708984,62.11000061035156,62.54999923706055,3242,0.0,0.0
2024-01-03 10:30:00-05:00,62.130001068115234,62.63999938964844,61.880001068115234,62.15999984741211,7518,0.0,0.0
2024-01-03 11:30:00-05:00,62.34469985961914,62.34469985961914,61.54999923706055,61.619998931884766,7058,0.0,0.0
2024-01-03 12:30:00-05:00,61.720001220703125,62.092498779296875,61.720001220703125,61.790000915527344,4523,0.0,0.0
2024-01-03 13:30:00-05:00,61.599998474121094,62.04499816894531,61.59000015258789,62.04499816894531,5033,0.0,0.0
2024-01-03 14:30:00-05:00,61.880001068115234,61.90999984741211,61.349998474121094,61.63999938964844,11303,0.0,0.0
2024-01-03 15:30:00-05:00,61.4900016784668,61.685001373291016,61.310001373291016,61.39500045776367,7869,0.0,0.0
2024-01-04 09:30:00-05:00,61.79999923706055,62.321998596191406,61.540000915527344,62.064998626708984,7891,0.0,0.0
2024-01-04 10:30:00-05:00,61.75,61.84000015258789,61.744998931884766,61.75,3529,0.0,0.0
2024-01-04 11:30:00-05:00,61.60499954223633,61.75,61.2599983215332,61.56999969482422,9391,0.0,0.0
2024-01-04 12:30:00-05:00,61.54999923706055,61.77000045776367,61.34000015258789,61.58000183105469,5036,0.0,0.0
2024-01-04 13:30:00-05:00,61.459999084472656,61.474998474121094,61.38999938964844,61.474998474121094,3225,0.0,0.0
2024-01-04 14:30:00-05:00,61.287498474121094,61.470001220703125,61.2400016784668,61.2400016784668,5568,0.0,0.0
2024-01-04 15:30:00-05:00,61.15999984741211,61.15999984741211,60.54999923706055,60.63999938964844,8144,0.0,0.0
2024-01-05 09:30:00-05:00,60.0099983215332,60.970001220703125,60.0099983215332,60.279998779296875,11577,0.0,0.0
2024-01-05 10:30:00-05:00,60.41999816894531,60.41999816894531,59.70000076293945,59.91999816894531,16944,0.0,0.0
2024-01-05 11:30:00-05:00,59.959999084472656,59.959999084472656,59.279998779296875,59.32500076293945,6671,0.0,0.0
2024-01-05 12:30:00-05:00,59.38999938964844,59.38999938964844,59.290000915527344,59.290000915527344,3145,0.0,0.0
2024-01-05 13:30:00-05:00,59.29199981689453,59.349998474121094,59.25,59.25,2411,0.0,0.0
2024-01-05 14:30:00-05:00,59.130001068115234,59.130001068115234,58.54999923706055,58.54999923706055,8145,0.0,0.0
2024-01-05 15:30:00-05:00,58.529998779296875,59.61000061035156,58.5,59.61000061035156,36675,0.0,0.0
2024-01-08 09:30:00-05:00,59.13999938964844,59.65999984741211,58.523101806640625,59.34000015258789,7562,0.0,0.0
2024-01-08 10:30:00-05:00,59.59000015258789,60.20000076293945,59.59000015258789,60.0,8809,0.0,0.0
2024-01-08 11:30:00-05:00,60.189998626708984,60.439998626708984,60.0,60.0099983215332,9384,0.0,0.0
2024-01-08 12:30:00-05:00,60.022499084472656,60.099998474121094,59.90999984741211,59.90999984741211,2820,0.0,0.0
2024-01-08 13:30:00-05:00,59.77000045776367,59.8036994934082,59.41999816894531,59.724998474121094,2733,0.0,0.0
2024-01-08 14:30:00-05:00,59.7400016784668,59.75,59.400001525878906,59.459999084472656,4435,0.0,0.0
2024-01-08 15:30:00-05:00,59.470001220703125,59.650001525878906,59.18000030517578,59.34000015258789,10652,0.0,0.0
2024-01-09 09:30:00-05:00,58.68000030517578,58.68000030517578,58.06999969482422,58.45000076293945,3931,0.0,0.0
2024-01-09 10:30:00-05:00,58.25,58.349998474121094,58.14500045776367,58.290000915527344,2121,0.0,0.0
2024-01-09 11:30:00-05:00,58.459999084472656,58.486000061035156,58.38999938964844,58.40999984741211,4074,0.0,0.0
2024-01-09 12:30:00-05:00,58.44499969482422,58.470001220703125,58.279998779296875,58.279998779296875,3381,0.0,0.0
2024-01-09 13:30:00-05:00,57.86000061035156,58.54199981689453,57.75,58.2400016784668,10072,0.0,0.0
2024-01-09 14:30:00-05:00,58.209999084472656,58.30500030517578,58.20000076293945,58.30500030517578,1996,0.0,0.0
2024-01-09 15:30:00-05:00,58.17499923706055,58.22999954223633,57.95000076293945,58.02000045776367,6873,0.0,0.0
2024-01-10 09:30:00-05:00,58.41999816894531,59.72999954223633,58.41999816894531,59.65999984741211,9416,0.0,0.0
2024-01-10 10:30:00-05:00,59.95000076293945,59.97999954223633,59.16999816894531,59.16999816894531,4901,0.0,0.0
2024-01-10 11:30:00-05:00,59.15999984741211,59.15999984741211,58.54499816894531,58.689998626708984,7485,0.0,0.0
2024-01-10 12:30:00-05:00,58.79999923706055,58.79999923706055,58.310001373291016,58.38999938964844,4145,0.0,0.0
2024-01-10 13:30:00-05:00,58.380001068115234,58.630001068115234,58.33000183105469,58.33000183105469,2761,0.0,0.0
2024-01-10 14:30:00-05:00,58.34000015258789,58.38999938964844,57.88999938964844,58.32500076293945,9046,0.0,0.0
2024-01-10 15:30:00-05:00,58.5,58.880001068115234,58.290000915527344,58.779998779296875,9182,0.0,0.0
2024-01-11 09:30:00-05:00,58.79999923706055,58.79999923706055,58.79999923706055,58.79999923706055,1405,0.0,0.0
2024-01-11 10:30:00-05:00,58.04999923706055,58.2599983215332,57.650001525878906,57.650001525878906,9959,0.0,0.0
2024-01-11 11:30:00-05:00,57.7599983215332,58.040000915527344,57.599998474121094,57.880001068115234,5113,0.0,0.0
2024-01-11 12:30:00-05:00,58.04999923706055,58.11000061035156,58.04999923706055,58.11000061035156,1378,0.0,0.0
2024-01-11 13:30:00-05:00,58.22999954223633,58.22999954223633,58.22999954223633,58.22999954223633,648,0.0,0.0
2024-01-11 14:30:00-05:00,58.34000015258789,58.939998626708984,58.34000015258789,58.939998626708984,4819,0.0,0.0
2024-01-11 15:30:00-05:00,58.900001525878906,58.9900016784668,58.880001068115234,58.9900016784668,5022,0.0,0.0
2024-01-12 09:30:00-05:00,59.689998626708984,59.95000076293945,59.0,59.369998931884766,3748,0.0,0.0
2024-01-12 10:30:00-05:00,59.529998779296875,59.529998779296875,59.150001525878906,59.150001525878906,2270,0.0,0.0
2024-01-12 11:30:00-05:00,59.209999084472656,59.209999084472656,58.85499954223633,58.8849983215332,2318,0.0,0.0
2024-01-12 12:30:00-05:00,58.974998474121094,59.29999923706055,58.869998931884766,59.29999923706055,1432,0.0,0.0
2024-01-12 13:30:00-05:00,59.380001068115234,59.53229904174805,59.189998626708984,59.20500183105469,2883,0.0,0.0
2024-01-12 14:30:00-05:00,59.150001525878906,59.150001525878906,58.77000045776367,58.790000915527344,2472,0.0,0.0
2024-01-12 15:30:00-05:00,58.810001373291016,58.900001525878906,58.779998779296875,58.779998779296875,3230,0.0,0.0
2024-01-16 09:30:00-05:00,58.099998474121094,58.5,57.84000015258789,58.47809982299805,5171,0.0,0.0
2024-01-16 10:30:00-05:00,58.435001373291016,58.514801025390625,58.189998626708984,58.279998779296875,2890,0.0,0.0
2024-01-16 11:30:00-05:00,58.220001220703125,58.470001220703125,58.189998626708984,58.2400016784668,4374,0.0,0.0
2024-01-16 12:30:00-05:00,58.45000076293945,58.45000076293945,58.45000076293945,58.45000076293945,375,0.0,0.0
2024-01-16 13:30:00-05:00,58.279998779296875,58.279998779296875,58.0099983215332,58.0099983215332,3763,0.0,0.0
2024-01-16 14:30:00-05:00,58.04999923706055,58.04999923706055,57.97999954223633,57.9900016784668,1395,0.0,0.0
2024-01-16 15:30:00-05:00,58.040000915527344,58.11000061035156,57.970001220703125,58.11000061035156,4486,0.0,0.0
2024-01-17 09:30:00-05:00,57.439998626708984,58.23500061035156,57.439998626708984,58.23500061035156,3441,0.0,0.0
2024-01-17 10:30:00-05:00,58.189998626708984,58.189998626708984,57.810001373291016,57.880001068115234,1915,0.0,0.0
2024-01-17 11:30:00-05:00,57.88600158691406,58.08000183105469,57.619998931884766,57.619998931884766,1609,0.0,0.0
2024-01-17 12:30:00-05:00,57.59000015258789,57.7599983215332,57.470001220703125,57.7599983215332,1081,0.0,0.0
2024-01-17 13:30:00-05:00,57.58000183105469,57.58000183105469,57.27000045776367,57.27000045776367,1448,0.0,0.0
2024-01-17 14:30:00-05:00,57.625,57.625,57.099998474121094,57.209999084472656,7695,0.0,0.0
2024-01-17 15:30:00-05:00,57.40999984741211,57.650001525878906,57.40999984741211,57.56999969482422,5150,0.0,0.0
2024-01-18 09:30:00-05:00,57.68000030517578,57.900001525878906,57.58000183105469,57.86000061035156,3962,0.0,0.0
2024-01-18 10:30:00-05:00,57.792999267578125,57.90999984741211,57.650001525878906,57.70000076293945,8031,0.0,0.0
2024-01-18 11:30:00-05:00,57.650001525878906,57.650001525878906,57.63999938964844,57.650001525878906,2308,0.0,0.0
2024-01-18 12:30:00-05:00,57.54999923706055,57.58000183105469,57.45000076293945,57.58000183105469,3785,0.0,0.0
2024-01-18 13:30:00-05:00,57.79999923706055,57.79999923706055,57.79999923706055,57.79999923706055,901,0.0,0.0
2024-01-18 14:30:00-05:00,58.01499938964844,58.01499938964844,58.01499938964844,58.01499938964844,1037,0.0,0.0
2024-01-18 15:30:00-05:00,58.16999816894531,58.27000045776367,58.08000183105469,58.27000045776367,7789,0.0,0.0
2024-01-19 09:30:00-05:00,58.7599983215332,58.7599983215332,58.00899887084961,58.20000076293945,5012,0.0,0.0
2024-01-19 10:30:00-05:00,58.15999984741211,58.400001525878906,58.15999984741211,58.400001525878906,953,0.0,0.0
2024-01-19 11:30:00-05:00,58.16999816894531,58.16999816894531,58.064998626708984,58.064998626708984,1252,0.0,0.0
2024-01-19 12:30:00-05:00,58.2599983215332,58.779998779296875,58.2599983215332,58.779998779296875,1666,0.0,0.0
2024-01-19 13:30:00-05:00,58.43000030517578,58.72999954223633,58.43000030517578,58.72999954223633,1288,0.0,0.0
2024-01-19 14:30:00-05:00,58.584999084472656,58.584999084472656,58.28499984741211,58.28499984741211,1722,0.0,0.0
2024-01-19 15:30:00-05:00,58.38999938964844,58.540000915527344,58.314998626708984,58.529998779296875,6356,0.0,0.0
2024-01-22 09:30:00-05:00,58.849998474121094,59.66999816894531,58.849998474121094,59.599998474121094,3323,0.0,0.0
2024-01-22 10:30:00-05:00,59.49399948120117,59.560001373291016,59.244998931884766,59.560001373291016,2796,0.0,0.0
2024-01-22 11:30:00-05:00,59.654998779296875,59.654998779296875,59.564998626708984,59.564998626708984,1073,0.0,0.0
2024-01-22 12:30:00-05:00,59.43000030517578,59.47999954223633,59.43000030517578,59.459999084472656,1392,0.0,0.0
2024-01-22 13:30:00-05:00,59.35350036621094,59.56999969482422,59.21929931640625,59.21929931640625,2374,0.0,0.0
2024-01-22 14:30:00-05:00,59.29999923706055,59.599998474121094,59.29999923706055,59.599998474121094,1204,0.0,0.0
2024-01-22 15:30:00-05:00,59.40999984741211,59.439998626708984,59.20000076293945,59.439998626708984,4761,0.0,0.0
2024-01-23 09:30:00-05:00,59.79999923706055,60.31990051269531,59.79999923706055,60.31990051269531,4501,0.0,0.0
2024-01-23 10:30:00-05:00,59.97999954223633,59.97999954223633,59.38999938964844,59.38999938964844,1591,0.0,0.0
2024-01-23 11:30:00-05:00,59.33000183105469,59.380001068115234,59.33000183105469,59.380001068115234,1055,0.0,0.0
2024-01-23 13:30:00-05:00,59.02000045776367,59.459999084472656,59.02000045776367,59.459999084472656,3154,0.0,0.0
2024-01-23 14:30:00-05:00,59.349998474121094,59.3650016784668,59.125,59.125,2924,0.0,0.0
2024-01-23 15:30:00-05:00,59.290000915527344,59.290000915527344,59.0099983215332,59.029998779296875,7521,0.0,0.0
2024-01-24 09:30:00-05:00,59.720001220703125,59.720001220703125,58.5,58.625,1443,0.0,0.0
2024-01-24 10:30:00-05:00,58.5,58.689998626708984,58.45000076293945,58.45000076293945,8035,0.0,0.0
2024-01-24 11:30:00-05:00,58.31999969482422,58.31999969482422,58.31999969482422,58.31999969482422,503,0.0,0.0
2024-01-24 12:30:00-05:00,58.130001068115234,58.130001068115234,58.1265983581543,58.1265983581543,824,0.0,0.0
2024-01-24 13:30:00-05:00,57.810001373291016,58.86000061035156,57.70000076293945,58.52000045776367,117939,0.0,0.0
2024-01-24 14:30:00-05:00,58.560001373291016,58.61000061035156,58.220001220703125,58.220001220703125,15736,0.0,0.0
2024-01-24 15:30:00-05:00,58.130001068115234,58.41999816894531,58.09000015258789,58.11000061035156,12891,0.0,0.0
2024-01-25 09:30:00-05:00,58.77000045776367,58.93000030517578,58.439998626708984,58.5,7913,0.0,0.0
2024-01-25 10:30:00-05:00,58.290000915527344,58.5,57.83000183105469,58.5,46488,0.0,0.0
2024-01-25 11:30:00-05:00,58.42499923706055,58.93000030517578,58.36000061035156,58.93000030517578,39903,0.0,0.0
2024-01-25 12:30:00-05:00,59.08000183105469,59.4900016784668,59.08000183105469,59.209999084472656,2144,0.0,0.0
2024-01-25 13:30:00-05:00,59.40999984741211,59.75,59.29499816894531,59.75,3286,0.0,0.0
2024-01-25 14:30:00-05:00,59.720001220703125,59.88999938964844,59.720001220703125,59.88999938964844,6603,0.0,0.0
2024-01-25 15:30:00-05:00,60.0,60.45000076293945,60.0,60.45000076293945,9734,0.0,0.0
2024-01-26 09:30:00-05:00,60.779998779296875,61.3650016784668,60.779998779296875,60.83000183105469,1705,0.0,0.0
2024-01-26 10:30:00-05:00,61.040000915527344,61.17499923706055,60.86000061035156,60.900001525878906,2002,0.0,0.0
2024-01-26 11:30:00-05:00,61.08000183105469,61.08000183105469,60.875,61.04499816894531,2089,0.0,0.0
2024-01-26 12:30:00-05:00,60.959999084472656,60.959999084472656,60.7400016784668,60.7400016784668,17131,0.0,0.0
2024-01-26 13:30:00-05:00,60.77000045776367,60.970001220703125,60.66999816894531,60.970001220703125,3217,0.0,0.0
2024-01-26 14:30:00-05:00,61.0,61.099998474121094,61.0,61.08000183105469,3753,0.0,0.0
2024-01-26 15:30:00-05:00,61.189998626708984,61.400001525878906,61.154998779296875,61.31999969482422,6636,0.0,0.0
2024-01-29 09:30:00-05:00,60.86000061035156,61.93000030517578,60.45000076293945,61.90999984741211,6257,0.0,0.0
2024-01-29 10:30:00-05:00,61.900001525878906,62.060001373291016,61.900001525878906,61.94499969482422,1522,0.0,0.0
2024-01-29 11:30:00-05:00,61.816898345947266,62.040000915527344,61.816898345947266,62.0,2453,0.0,0.0
2024-01-29 12:30:00-05:00,61.91999816894531,62.060001373291016,61.7400016784668,62.04999923706055,4680,0.0,0.0
2024-01-29 13:30:00-05:00,62.04999923706055,62.189998626708984,62.029998779296875,62.029998779296875,9637,0.0,0.0
2024-01-29 14:30:00-05:00,62.310001373291016,63.0,62.310001373291016,62.904998779296875,11348,0.0,0.0
2024-01-29 15:30:00-05:00,62.77000045776367,63.02000045776367,62.61000061035156,62.95000076293945,10660,0.0,0.0
2024-01-30 09:30:00-05:00,62.790000915527344,63.33000183105469,62.65999984741211,63.33000183105469,3181,0.0,0.0
2024-01-30 10:30:00-05:00,63.369998931884766,64.12999725341797,63.369998931884766,64.12000274658203,7108,0.0,0.0
2024-01-30 11:30:00-05:00,64.30999755859375,64.48999786376953,63.939998626708984,64.18499755859375,6618,0.0,0.0
2024-01-30 12:30:00-05:00,64.18499755859375,64.45999908447266,63.707000732421875,64.41000366210938,8419,0.0,0.0
2024-01-30 13:30:00-05:00,64.43000030517578,64.80000305175781,64.16999816894531,64.80000305175781,9680,0.0,0.0
2024-01-30 14:30:00-05:00,64.91999816894531,65.18000030517578,64.83499908447266,65.05999755859375,63247,0.0,0.0
2024-01-30 15:30:00-05:00,65.11499786376953,65.56500244140625,65.11499786376953,65.19000244140625,16009,0.0,0.0
2024-01-31 09:30:00-05:00,64.77999877929688,65.5,64.6500015258789,65.02999877929688,24543,0.0,0.0
2024-01-31 10:30:00-05:00,64.78250122070312,65.37999725341797,64.75,65.28500366210938,8042,0.0,0.0
2024-01-31 11:30:00-05:00,65.11000061035156,65.61000061035156,65.01000213623047,65.19000244140625,5393,0.0,0.0
2024-01-31 12:30:00-05:00,65.38500213623047,65.63999938964844,65.37000274658203,65.62999725341797,7171,0.0,0.0
2024-01-31 13:30:00-05:00,65.66000366210938,65.70999908447266,64.7699966430664,64.94999694824219,3880,0.0,0.0
2024-01-31 14:30:00-05:00,64.91000366210938,65.95999908447266,63.939998626708984,64.41000366210938,11854,0.0,0.0
2024-01-31 15:30:00-05:00,64.12000274658203,64.12000274658203,62.099998474121094,62.11000061035156,17162,0.0,0.0
2024-02-01 09:30:00-05:00,62.11000061035156,62.13999938964844,60.9900016784668,61.08000183105469,5237,0.0,0.0
2024-02-01 10:30:00-05:00,60.689998626708984,60.689998626708984,59.7400016784668,60.54999923706055,5016,0.0,0.0
2024-02-01 11:30:00-05:00,60.689998626708984,62.04999923706055,60.689998626708984,61.85499954223633,6341,0.0,0.0
2024-02-01 12:30:00-05:00,61.91999816894531,62.04999923706055,61.54999923706055,61.54999923706055,1230,0.0,0.0
2024-02-01 13:30:00-05:00,61.654998779296875,61.869998931884766,61.540000915527344,61.58000183105469,3735,0.0,0.0
2024-02-01 14:30:00-05:00,61.720001220703125,62.20000076293945,61.720001220703125,62.150001525878906,5572,0.0,0.0
2024-02-01 15:30:00-05:00,62.15999984741211,62.185001373291016,61.66999816894531,61.84000015258789,7429,0.0,0.0
2024-02-02 09:30:00-05:00,61.22999954223633,61.22999954223633,60.400001525878906,60.79999923706055,3839,0.0,0.0
2024-02-02 10:30:00-05:00,60.369998931884766,60.83000183105469,60.14500045776367,60.2599983215332,4961,0.0,0.0
2024-02-02 11:30:00-05:00,60.52000045776367,60.52000045776367,59.88999938964844,59.900001525878906,4129,0.0,0.0
2024-02-02 12:30:00-05:00,59.900001525878906,60.45500183105469,59.54999923706055,60.41999816894531,3441,0.0,0.0
2024-02-02 13:30:00-05:00,60.40999984741211,60.849998474121094,60.38999938964844,60.849998474121094,1716,0.0,0.0
2024-02-02 14:30:00-05:00,61.0,61.0,60.59000015258789,60.83000183105469,4104,0.0,0.0
2024-02-02 15:30:00-05:00,60.790000915527344,60.790000915527344,60.2400016784668,60.2400016784668,8199,0.0,0.0
2024-02-05 09:30:00-05:00,59.5099983215332,59.849998474121094,59.18000030517578,59.70009994506836,16719,0.0,0.0
2024-02-05 10:30:00-05:00,59.689998626708984,59.93000030517578,59.689998626708984,59.91999816894531,2140,0.0,0.0
2024-02-05 11:30:00-05:00,59.775001525878906,60.099998474121094,59.755001068115234,60.099998474121094,3691,0.0,0.0
2024-02-05 12:30:00-05:00,59.869998931884766,59.939998626708984,59.8650016784668,59.8650016784668,1509,0.0,0.0
2024-02-05 13:30:00-05:00,60.04999923706055,60.27000045776367,59.92499923706055,60.27000045776367,2908,0.0,0.0
2024-02-05 14:30:00-05:00,60.439998626708984,60.52000045776367,60.0,60.0,4519,0.0,0.0
2024-02-05 15:30:00-05:00,59.994998931884766,60.4900016784668,59.720001220703125,60.0099983215332,14256,0.0,0.0
2024-02-06 09:30:00-05:00,60.119998931884766,60.525001525878906,60.04999923706055,60.31999969482422,1629,0.0,0.0
2024-02-06 10:30:00-05:00,61.02000045776367,61.02000045776367,61.0099983215332,61.0099983215332,669,0.0,0.0
2024-02-06 11:30:00-05:00,61.0099983215332,62.45000076293945,60.9900016784668,62.189998626708984,10013,0.0,0.0
2024-02-06 12:30:00-05:00,62.38999938964844,63.08000183105469,62.38999938964844,62.43000030517578,9615,0.0,0.0
2024-02-06 13:30:00-05:00,61.78499984741211,62.34000015258789,61.78499984741211,62.02000045776367,6739,0.0,0.0
2024-02-06 14:30:00-05:00,62.099998474121094,62.38999938964844,62.099998474121094,62.279998779296875,4021,0.0,0.0
2024-02-06 15:30:00-05:00,62.290000915527344,62.91999816894531,62.150001525878906,62.79999923706055,26992,0.0,0.0
2024-02-07 09:30:00-05:00,62.650001525878906,63.56999969482422,62.119998931884766,63.43000030517578,4418,0.0,0.0
2024-02-07 10:30:00-05:00,63.775001525878906,63.88999938964844,63.43000030517578,63.709999084472656,5283,0.0,0.0
2024-02-07 11:30:00-05:00,63.689998626708984,63.72999954223633,63.560001373291016,63.68000030517578,4725,0.0,0.0
2024-02-07 12:30:00-05:00,63.70000076293945,64.7699966430664,63.70000076293945,64.4000015258789,22715,0.0,0.0
2024-02-07 13:30:00-05:00,64.3499984741211,64.5999984741211,64.08000183105469,64.25,5822,0.0,0.0
2024-02-07 14:30:00-05:00,64.31999969482422,65.08000183105469,64.2750015258789,65.01000213623047,5699,0.0,0.0
2024-02-07 15:30:00-05:00,64.78500366210938,65.80000305175781,64.59010314941406,65.80000305175781,22903,0.0,0.0
2024-02-08 09:30:00-05:00,65.45999908447266,65.80999755859375,65.28500366210938,65.80999755859375,2325,0.0,0.0
2024-02-08 10:30:00-05:00,65.76000213623047,66.44000244140625,65.76000213623047,66.06999969482422,8945,0.0,0.0
2024-02-08 11:30:00-05:00,66.04499816894531,66.375,66.04499816894531,66.375,4349,0.0,0.0
2024-02-08 12:30:00-05:00,66.38999938964844,67.0999984741211,66.38999938964844,66.94000244140625,9946,0.0,0.0
2024-02-08 13:30:00-05:00,67.0999984741211,67.69000244140625,67.0999984741211,67.59500122070312,8649,0.0,0.0
2024-02-08 14:30:00-05:00,67.55000305175781,67.55000305175781,66.86000061035156,67.33999633789062,5294,0.0,0.0
2024-02-08 15:30:00-05:00,67.23999786376953,67.99500274658203,67.13999938964844,67.87000274658203,24033,0.0,0.0
2024-02-09 09:30:00-05:00,67.76000213623047,68.31999969482422,67.31999969482422,67.75,3741,0.0,0.0
2024-02-09 10:30:00-05:00,67.83000183105469,67.83000183105469,66.66999816894531,66.66999816894531,2509,0.0,0.0
2024-02-09 11:30:00-05:00,66.4800033569336,66.69999694824219,66.18000030517578,66.63999938964844,7718,0.0,0.0
2024-02-09 12:30:00-05:00,66.73999786376953,67.08499908447266,66.66999816894531,66.9800033569336,2625,0.0,0.0
2024-02-09 13:30:00-05:00,66.86000061035156,66.93309783935547,66.70999908447266,66.93000030517578,2242,0.0,0.0
2024-02-09 14:30:00-05:00,66.92500305175781,67.5,66.91999816894531,67.5,19920,0.0,0.0
2024-02-09 15:30:00-05:00,67.5,67.55000305175781,66.87999725341797,66.94000244140625,18896,0.0,0.0
2024-02-12 09:30:00-05:00,65.94000244140625,67.47000122070312,65.94000244140625,67.33999633789062,8080,0.0,0.0
2024-02-12 10:30:00-05:00,67.98999786376953,68.05500030517578,67.5199966430664,67.5199966430664,4554,0.0,0.0
2024-02-12 11:30:00-05:00,67.80000305175781,68.20500183105469,67.68499755859375,68.20500183105469,4419,0.0,0.0
2024-02-12 12:30:00-05:00,68.25,68.87000274658203,68.25,68.80000305175781,8899,0.0,0.0
2024-02-12 13:30:00-05:00,68.97000122070312,68.97000122070312,68.62000274658203,68.91500091552734,10651,0.0,0.0
2024-02-12 14:30:00-05:00,68.83000183105469,69.22000122070312,68.83000183105469,69.0199966430664,19028,0.0,0.0
2024-02-12 15:30:00-05:00,68.94000244140625,69.07499694824219,68.62000274658203,68.77999877929688,29217,0.0,0.0
2024-02-13 09:30:00-05:00,66.91000366210938,66.91000366210938,65.33000183105469,65.93000030517578,16063,0.0,0.0
2024-02-13 10:30:00-05:00,65.87000274658203,67.90499877929688,65.8550033569336,67.83999633789062,71532,0.0,0.0
2024-02-13 11:30:00-05:00,67.81999969482422,67.93000030517578,67.45999908447266,67.7249984741211,16106,0.0,0.0
2024-02-13 12:30:00-05:00,67.62999725341797,68.0199966430664,67.58000183105469,67.58000183105469,7607,0.0,0.0
2024-02-13 13:30:00-05:00,68.12999725341797,68.1500015258789,67.19999694824219,67.41500091552734,19747,0.0,0.0
2024-02-13 14:30:00-05:00,67.31500244140625,67.32499694824219,66.11499786376953,66.5999984741211,50683,0.0,0.0
2024-02-13 15:30:00-05:00,66.5999984741211,67.16000366210938,66.5999984741211,66.91000366210938,23813,0.0,0.0
2024-02-14 09:30:00-05:00,68.01000213623047,68.1500015258789,67.6449966430664,67.9800033569336,5936,0.0,0.0
2024-02-14 10:30:00-05:00,67.65499877929688,68.05000305175781,67.20999908447266,67.62999725341797,17548,0.0,0.0
2024-02-14 11:30:00-05:00,67.80000305175781,67.9000015258789,67.25,67.28500366210938,16840,0.0,0.0
2024-02-14 12:30:00-05:00,67.28500366210938,67.80000305175781,67.18000030517578,67.80000305175781,5545,0.0,0.0
2024-02-14 13:30:00-05:00,68.1500015258789,68.20999908447266,67.48999786376953,68.20999908447266,21517,0.0,0.0
2024-02-14 14:30:00-05:00,68.37999725341797,68.44999694824219,68.0199966430664,68.3550033569336,10079,0.0,0.0
2024-02-14 15:30:00-05:00,68.36000061035156,68.68000030517578,68.20999908447266,68.22000122070312,23183,0.0,0.0
2024-02-15 09:30:00-05:00,68.73999786376953,69.94999694824219,68.73999786376953,69.77999877929688,23659,0.0,0.0
2024-02-15 10:30:00-05:00,69.73999786376953,71.12999725341797,69.7300033569336,71.12999725341797,7983,0.0,0.0
2024-02-15 11:30:00-05:00,71.11000061035156,71.20999908447266,70.91010284423828,70.91400146484375,10904,0.0,0.0
2024-02-15 12:30:00-05:00,71.01000213623047,71.6500015258789,70.34500122070312,71.19499969482422,13757,0.0,0.0
2024-02-15 13:30:00-05:00,71.5,72.26000213623047,71.48999786376953,72.08000183105469,7732,0.0,0.0
2024-02-15 14:30:00-05:00,72.1500015258789,72.31999969482422,71.96499633789062,72.31999969482422,7543,0.0,0.0
2024-02-15 15:30:00-05:00,72.45999908447266,72.9000015258789,72.45999908447266,72.61000061035156,17371,0.0,0.0
2024-02-16 09:30:00-05:00,72.45999908447266,72.45999908447266,69.55000305175781,71.57499694824219,13195,0.0,0.0
2024-02-16 10:30:00-05:00,71.27999877929688,71.32499694824219,70.66999816894531,70.91999816894531,9224,0.0,0.0
2024-02-16 11:30:00-05:00,70.7300033569336,70.9800033569336,69.93000030517578,70.25,5608,0.0,0.0
2024-02-16 12:30:00-05:00,69.9000015258789,70.26499938964844,69.69249725341797,70.05500030517578,7290,0.0,0.0
2024-02-16 13:30:00-05:00,69.8499984741211,70.0,69.70999908447266,69.87999725341797,3461,0.0,0.0
2024-02-16 14:30:00-05:00,69.99500274658203,69.99500274658203,69.39900207519531,69.39900207519531,4906,0.0,0.0
2024-02-16 15:30:00-05:00,69.44999694824219,69.51499938964844,69.0,69.0,6605,0.0,0.0
2024-02-20 09:30:00-05:00,68.08000183105469,68.73500061035156,67.81999969482422,68.73500061035156,2451,0.0,0.0
2024-02-20 10:30:00-05:00,68.88999938964844,69.80000305175781,68.88999938964844,69.12000274658203,2809,0.0,0.0
2024-02-20 11:30:00-05:00,69.06999969482422,69.20999908447266,68.73999786376953,69.20999908447266,3784,0.0,0.0
2024-02-20 12:30:00-05:00,69.20999908447266,69.5,69.20999908447266,69.3499984741211,2883,0.0,0.0
2024-02-20 13:30:00-05:00,69.19499969482422,69.3499984741211,68.88500213623047,69.25,8510,0.0,0.0
2024-02-20 14:30:00-05:00,69.25,69.98999786376953,69.15499877929688,69.83000183105469,35717,0.0,0.0
2024-02-20 15:30:00-05:00,69.8949966430664,70.05999755859375,69.5199966430664,69.91000366210938,24798,0.0,0.0
2024-02-21 09:30:00-05:00,69.47000122070312,70.0199966430664,69.08999633789062,69.88999938964844,12373,0.0,0.0
2024-02-21 10:30:00-05:00,70.02999877929688,70.2249984741211,69.81999969482422,69.83999633789062,57589,0.0,0.0
2024-02-21 11:30:00-05:00,69.75,69.75,68.81999969482422,68.82499694824219,9882,0.0,0.0
2024-02-21 12:30:00-05:00,68.87000274658203,70.05000305175781,68.62999725341797,70.05000305175781,11371,0.0,0.0
2024-02-21 13:30:00-05:00,70.04000091552734,70.04000091552734,69.66000366210938,69.66000366210938,1966,0.0,0.0
2024-02-21 14:30:00-05:00,69.91000366210938,69.91000366210938,69.0999984741211,69.5199966430664,4908,0.0,0.0
2024-02-21 15:30:00-05:00,69.54000091552734,69.80999755859375,69.48999786376953,69.75,8447,0.0,0.0
2024-02-22 09:30:00-05:00,69.37999725341797,70.12999725341797,69.18000030517578,69.66000366210938,8042,0.0,0.0
2024-02-22 10:30:00-05:00,69.73999786376953,70.16999816894531,69.56500244140625,70.1500015258789,20861,0.0,0.0
2024-02-22 11:30:00-05:00,70.11499786376953,70.4000015258789,70.11499786376953,70.30000305175781,3591,0.0,0.0
2024-02-22 12:30:00-05:00,70.20500183105469,70.41999816894531,69.80000305175781,69.80000305175781,1903,0.0,0.0
2024-02-22 13:30:00-05:00,70.064697265625,70.7300033569336,69.95999908447266,70.7300033569336,5718,0.0,0.0
2024-02-22 14:30:00-05:00,70.33999633789062,70.3499984741211,69.93000030517578,70.26000213623047,19871,0.0,0.0
2024-02-22 15:30:00-05:00,70.23999786376953,71.12000274658203,70.23999786376953,71.12000274658203,31445,0.0,0.0
2024-02-23 09:30:00-05:00,70.93000030517578,71.16000366210938,70.44999694824219,70.61000061035156,9483,0.0,0.0
2024-02-23 10:30:00-05:00,70.72000122070312,71.52999877929688,70.5999984741211,71.41000366210938,54782,0.0,0.0
2024-02-23 11:30:00-05:00,71.44999694824219,71.7750015258789,71.26000213623047,71.47000122070312,41215,0.0,0.0
2024-02-23 12:30:00-05:00,71.3550033569336,72.16000366210938,71.25,72.1500015258789,9706,0.0,0.0
2024-02-23 13:30:00-05:00,71.98999786376953,72.18000030517578,71.70999908447266,71.70999908447266,2110,0.0,0.0
2024-02-23 14:30:00-05:00,71.88999938964844,72.05000305175781,70.91000366210938,70.91000366210938,7152,0.0,0.0
2024-02-23 15:30:00-05:00,70.91000366210938,71.44000244140625,70.91000366210938,71.31999969482422,11056,0.0,0.0
2024-02-26 09:30:00-05:00,70.61000061035156,72.1500015258789,70.61000061035156,71.62000274658203,15197,0.0,0.0
2024-02-26 10:30:00-05:00,71.81500244140625,72.04000091552734,71.61499786376953,71.83000183105469,19482,0.0,0.0
2024-02-26 11:30:00-05:00,72.0,72.03500366210938,71.7300033569336,71.98999786376953,18964,0.0,0.0
2024-02-26 12:30:00-05:00,72.08999633789062,72.45999908447266,72.08999633789062,72.29000091552734,3402,0.0,0.0
2024-02-26 13:30:00-05:00,71.9800033569336,72.2699966430664,71.9800033569336,72.18499755859375,2088,0.0,0.0
2024-02-26 14:30:00-05:00,72.30000305175781,72.7699966430664,72.27999877929688,72.7699966430664,7182,0.0,0.0
2024-02-26 15:30:00-05:00,72.71499633789062,72.87000274658203,72.4000015258789,72.80999755859375,8355,0.0,0.0
2024-02-27 09:30:00-05:00,72.83000183105469,73.85639953613281,72.83000183105469,73.85639953613281,1605,0.0,0.0
2024-02-27 10:30:00-05:00,73.23999786376953,73.54000091552734,71.72000122070312,71.72000122070312,10959,0.0,0.0
2024-02-27 11:30:00-05:00,71.73999786376953,72.2699966430664,71.44999694824219,72.0,6889,0.0,0.0
2024-02-27 12:30:00-05:00,72.0,72.08999633789062,71.86499786376953,72.0,3544,0.0,0.0
2024-02-27 13:30:00-05:00,72.0,72.22000122070312,71.84249877929688,72.0,3291,0.0,0.0
2024-02-27 14:30:00-05:00,72.0,72.18000030517578,71.8949966430664,72.05000305175781,5246,0.0,0.0
2024-02-27 15:30:00-05:00,72.05999755859375,72.4800033569336,71.87000274658203,72.06999969482422,13351,0.0,0.0
2024-02-28 09:30:00-05:00,71.38999938964844,72.33999633789062,71.33999633789062,72.33999633789062,4923,0.0,0.0
2024-02-28 10:30:00-05:00,72.1449966430664,72.41999816894531,72.12000274658203,72.25,2662,0.0,0.0
2024-02-28 11:30:00-05:00,72.2229995727539,72.55000305175781,72.16000366210938,72.45999908447266,11109,0.0,0.0
2024-02-28 12:30:00-05:00,72.45999908447266,72.81999969482422,72.45999908447266,72.81999969482422,9781,0.0,0.0
2024-02-28 13:30:00-05:00,72.80999755859375,72.93000030517578,72.41010284423828,72.52999877929688,5775,0.0,0.0
2024-02-28 14:30:00-05:00,72.55000305175781,72.69000244140625,72.37010192871094,72.69000244140625,13476,0.0,0.0
2024-02-28 15:30:00-05:00,72.62000274658203,72.83999633789062,72.45999908447266,72.6500015258789,13492,0.0,0.0
2024-02-29 09:30:00-05:00,73.5,73.5374984741211,72.67500305175781,72.93499755859375,6628,0.0,0.0
2024-02-29 10:30:00-05:00,72.94499969482422,72.94499969482422,72.6500015258789,72.6500015258789,2120,0.0,0.0
2024-02-29 11:30:00-05:00,72.05999755859375,72.26499938964844,71.75499725341797,72.25,5333,0.0,0.0
2024-02-29 12:30:00-05:00,72.2699966430664,72.91000366210938,72.2699966430664,72.52999877929688,57546,0.0,0.0
2024-02-29 13:30:00-05:00,72.55000305175781,74.52249908447266,72.55000305175781,74.11000061035156,26192,0.0,0.0
2024-02-29 14:30:00-05:00,74.08000183105469,74.12999725341797,73.81999969482422,73.97000122070312,2983,0.0,0.0
2024-02-29 15:30:00-05:00,73.80000305175781,74.19999694824219,73.6500015258789,73.79000091552734,17334,0.0,0.0
2024-03-01 09:30:00-05:00,76.94000244140625,76.94000244140625,74.43009948730469,75.81500244140625,28663,0.0,0.0
2024-03-01 10:30:00-05:00,75.91000366210938,75.91000366210938,75.22000122070312,75.31500244140625,25756,0.0,0.0
2024-03-01 11:30:00-05:00,75.16999816894531,75.41000366210938,74.70010375976562,75.37000274658203,11401,0.0,0.0
2024-03-01 12:30:00-05:00,75.36499786376953,75.94000244140625,75.26000213623047,75.26000213623047,13191,0.0,0.0
2024-03-01 13:30:00-05:00,75.2249984741211,75.23500061035156,74.69000244140625,75.08499908447266,17237,0.0,0.0
2024-03-01 14:30:00-05:00,75.08499908447266,75.17500305175781,74.70999908447266,75.16500091552734,25851,0.0,0.0
2024-03-01 15:30:00-05:00,75.16999816894531,75.5,74.91000366210938,75.4000015258789,47735,0.0,0.0
2024-03-04 09:30:00-05:00,75.5,75.8499984741211,74.63999938964844,75.04000091552734,25322,0.0,0.0
2024-03-04 10:30:00-05:00,75.23999786376953,75.8489990234375,75.23999786376953,75.30999755859375,759,0.0,0.0
2024-03-04 11:30:00-05:00,75.322998046875,75.322998046875,74.90499877929688,74.90499877929688,24283,0.0,0.0
2024-03-04 12:30:00-05:00,75.16999816894531,76.98999786376953,75.16999816894531,76.2699966430664,25658,0.0,0.0
2024-03-04 13:30:00-05:00,75.41500091552734,75.98999786376953,75.23500061035156,75.9749984741211,1983,0.0,0.0
2024-03-04 14:30:00-05:00,75.86000061035156,76.02999877929688,75.8499984741211,75.99500274658203,13065,0.0,0.0
2024-03-04 15:30:00-05:00,75.86499786376953,75.97000122070312,74.55000305175781,75.08000183105469,73913,0.0,0.0
2024-03-05 09:30:00-05:00,74.94000244140625,75.04090118408203,74.81999969482422,74.98999786376953,1811,0.0,0.0
2024-03-05 10:30:00-05:00,75.03500366210938,75.67500305175781,75.03500366210938,75.30000305175781,3473,0.0,0.0
2024-03-05 11:30:00-05:00,75.5,75.52909851074219,75.5,75.52909851074219,1525,0.0,0.0
2024-03-05 12:30:00-05:00,75.11499786376953,75.11499786376953,74.41000366210938,74.41000366210938,5286,0.0,0.0
2024-03-05 13:30:00-05:00,74.01499938964844,74.37999725341797,73.6500015258789,73.69999694824219,2950,0.0,0.0
2024-03-05 14:30:00-05:00,73.66999816894531,73.66999816894531,72.7699966430664,72.7699966430664,5747,0.0,0.0
2024-03-05 15:30:00-05:00,72.68000030517578,73.44000244140625,72.66999816894531,72.69999694824219,23089,0.0,0.0
2024-03-06 09:30:00-05:00,74.08999633789062,74.08999633789062,72.73999786376953,73.38999938964844,12525,0.0,0.0
2024-03-06 10:30:00-05:00,73.55000305175781,75.71499633789062,73.5,75.71499633789062,17587,0.0,0.0
2024-03-06 11:30:00-05:00,75.76000213623047,76.77999877929688,75.76000213623047,76.05999755859375,3576,0.0,0.0
2024-03-06 12:30:00-05:00,76.5199966430664,76.5199966430664,75.9749984741211,76.01000213623047,3434,0.0,0.0
2024-03-06 13:30:00-05:00,76.0,76.31999969482422,75.98999786376953,76.16000366210938,4985,0.0,0.0
2024-03-06 14:30:00-05:00,76.0199966430664,76.48999786376953,76.0,76.27989959716797,6640,0.0,0.0
2024-03-06 15:30:00-05:00,76.25,76.31999969482422,75.7300033569336,75.95999908447266,60553,0.0,0.0
2024-03-07 09:30:00-05:00,78.0,78.0,73.1050033569336,77.47000122070312,40584,0.0,0.0
2024-03-07 10:30:00-05:00,77.26000213623047,77.95999908447266,76.55000305175781,77.88999938964844,156504,0.0,0.0
2024-03-07 11:30:00-05:00,77.75499725341797,77.94000244140625,76.7301025390625,77.05000305175781,23077,0.0,0.0
2024-03-07 12:30:00-05:00,76.76000213623047,77.56999969482422,76.76000213623047,77.41999816894531,13391,0.0,0.0
2024-03-07 13:30:00-05:00,77.37000274658203,77.375,76.37000274658203,77.0,35982,0.0,0.0
2024-03-07 14:30:00-05:00,77.02999877929688,77.38999938964844,75.83499908447266,75.83499908447266,13183,0.0,0.0
2024-03-07 15:30:00-05:00,75.5250015258789,75.55000305175781,74.81009674072266,75.09500122070312,29521,0.0,0.0
2024-03-08 09:30:00-05:00,74.91999816894531,76.04000091552734,74.11000061035156,75.83499908447266,24455,0.0,0.0
2024-03-08 10:30:00-05:00,75.94000244140625,76.58000183105469,75.62000274658203,75.86000061035156,15607,0.0,0.0
2024-03-08 11:30:00-05:00,75.8499984741211,76.11000061035156,75.63999938964844,76.0,41664,0.0,0.0
2024-03-08 12:30:00-05:00,76.06999969482422,76.30999755859375,75.5,75.9000015258789,28501,0.0,0.0
2024-03-08 13:30:00-05:00,75.875,76.12999725341797,75.62999725341797,75.80000305175781,19816,0.0,0.0
2024-03-08 14:30:00-05:00,75.98999786376953,76.12000274658203,75.71499633789062,76.01499938964844,9852,0.0,0.0
2024-03-08 15:30:00-05:00,76.0,77.17500305175781,75.97000122070312,76.6500015258789,44941,0.0,0.0
2024-03-11 09:30:00-04:00,75.63999938964844,75.6500015258789,73.875,74.11499786376953,27050,0.0,0.0
2024-03-11 10:30:00-04:00,74.02999877929688,75.41000366210938,74.00499725341797,74.75,26962,0.0,0.0
2024-03-11 11:30:00-04:00,74.44499969482422,75.01000213623047,74.44499969482422,74.86000061035156,9951,0.0,0.0
2024-03-11 12:30:00-04:00,74.83999633789062,75.19000244140625,74.83999633789062,75.08999633789062,10918,0.0,0.0
2024-03-11 13:30:00-04:00,75.0770034790039,75.11000061035156,74.90499877929688,74.90499877929688,7291,0.0,0.0
2024-03-11 14:30:00-04:00,74.94499969482422,74.9800033569336,74.69999694824219,74.73500061035156,7545,0.0,0.0
2024-03-11 15:30:00-04:00,74.69999694824219,75.41999816894531,74.69999694824219,75.12000274658203,26113,0.0,0.0
2024-03-12 09:30:00-04:00,74.70999908447266,75.08000183105469,74.70999908447266,74.87999725341797,5242,0.0,0.0
2024-03-12 10:30:00-04:00,74.95500183105469,75.22000122070312,74.70999908447266,75.09500122070312,9508,0.0,0.0
2024-03-12 11:30:00-04:00,75.01000213623047,75.20999908447266,74.94000244140625,75.16000366210938,15181,0.0,0.0
2024-03-12 12:30:00-04:00,75.0,75.19999694824219,74.87999725341797,75.1500015258789,15603,0.0,0.0
2024-03-12 13:30:00-04:00,75.12999725341797,75.33999633789062,75.08999633789062,75.33999633789062,6576,0.0,0.0
2024-03-12 14:30:00-04:00,75.3499984741211,76.01000213623047,75.23999786376953,75.95999908447266,5933,0.0,0.0
2024-03-12 15:30:00-04:00,75.94000244140625,76.47000122070312,75.94000244140625,76.19999694824219,18226,0.0,0.0
2024-03-13 09:30:00-04:00,76.5,76.61859893798828,76.5,76.61859893798828,1156,0.0,0.0
2024-03-13 10:30:00-04:00,76.61000061035156,76.61000061035156,75.76000213623047,75.9800033569336,5549,0.0,0.0
2024-03-13 11:30:00-04:00,75.97000122070312,76.05000305175781,75.91000366210938,75.91000366210938,5104,0.0,0.0
2024-03-13 12:30:00-04:00,76.0999984741211,76.13999938964844,75.8499984741211,76.02999877929688,5559,0.0,0.0
2024-03-13 13:30:00-04:00,76.20999908447266,76.20999908447266,75.91000366210938,75.98999786376953,5897,0.0,0.0
2024-03-13 14:30:00-04:00,75.94000244140625,76.04000091552734,75.88999938964844,75.99500274658203,17297,0.0,0.0
2024-03-13 15:30:00-04:00,76.12999725341797,76.23999786376953,75.94999694824219,76.0,14571,0.0,0.0
2024-03-14 09:30:00-04:00,75.58999633789062,76.0,75.22000122070312,75.86000061035156,8915,0.0,0.0
2024-03-14 10:30:00-04:00,76.08999633789062,76.19999694824219,75.82499694824219,75.94000244140625,19807,0.0,0.0
2024-03-14 11:30:00-04:00,75.93000030517578,76.19999694824219,75.76000213623047,76.05000305175781,7494,0.0,0.0
2024-03-14 12:30:00-04:00,76.01000213623047,76.05000305175781,75.83499908447266,76.00499725341797,17053,0.0,0.0
2024-03-14 13:30:00-04:00,75.93000030517578,76.0,75.83999633789062,75.94249725341797,12809,0.0,0.0
2024-03-14 14:30:00-04:00,75.87999725341797,75.98249816894531,74.91000366210938,74.91000366210938,5933,0.0,0.0
2024-03-14 15:30:00-04:00,74.79000091552734,75.5199966430664,74.77999877929688,75.26499938964844,17998,0.0,0.0
2024-03-15 09:30:00-04:00,74.86000061035156,75.87000274658203,74.5875015258789,75.5999984741211,25063,0.0,0.0
2024-03-15 10:30:00-04:00,75.41999816894531,75.45999908447266,75.16999816894531,75.16999816894531,1783,0.0,0.0
2024-03-15 11:30:00-04:00,74.98999786376953,75.2300033569336,74.7874984741211,75.00499725341797,8944,0.0,0.0
2024-03-15 12:30:00-04:00,75.16999816894531,75.23999786376953,74.94750213623047,75.15499877929688,11014,0.0,0.0
2024-03-15 13:30:00-04:00,75.15499877929688,75.77999877929688,75.0199966430664,75.77999877929688,4523,0.0,0.0
2024-03-15 14:30:00-04:00,75.55999755859375,75.72000122070312,75.50499725341797,75.55999755859375,2462,0.0,0.0
2024-03-15 15:30:00-04:00,75.37999725341797,75.95999908447266,75.37999725341797,75.86000061035156,37757,0.0,0.0
2024-03-18 09:30:00-04:00,76.0,76.12999725341797,75.93489837646484,75.93489837646484,5507,0.0,0.0
2024-03-18 10:30:00-04:00,75.9749984741211,76.19999694824219,75.77999877929688,76.19999694824219,5953,0.0,0.0
2024-03-18 11:30:00-04:00,76.25,76.2916030883789,75.9000015258789,76.05000305175781,7895,0.0,0.0
2024-03-18 12:30:00-04:00,76.22000122070312,76.2300033569336,76.22000122070312,76.2300033569336,3324,0.0,0.0
2024-03-18 13:30:00-04:00,76.16000366210938,76.16000366210938,76.03009796142578,76.16000366210938,5474,0.0,0.0
2024-03-18 14:30:00-04:00,76.0,76.01000213623047,75.94000244140625,76.00499725341797,10939,0.0,0.0
2024-03-18 15:30:00-04:00,76.02999877929688,76.15989685058594,75.71029663085938,75.75,23096,0.0,0.0
2024-03-19 09:30:00-04:00,75.91000366210938,76.30000305175781,75.91000366210938,76.26000213623047,6474,0.0,0.0
2024-03-19 10:30:00-04:00,76.27999877929688,76.59249877929688,76.18000030517578,76.33999633789062,3275,0.0,0.0
2024-03-19 11:30:00-04:00,76.5199966430664,77.1500015258789,76.5199966430664,77.14189910888672,5965,0.0,0.0
2024-03-19 12:30:00-04:00,77.27999877929688,77.50559997558594,77.27999877929688,77.50499725341797,2664,0.0,0.0
2024-03-19 13:30:00-04:00,77.68000030517578,77.68000030517578,77.51000213623047,77.51000213623047,2149,0.0,0.0
2024-03-19 14:30:00-04:00,77.18000030517578,77.19000244140625,76.87999725341797,77.0,3872,0.0,0.0
2024-03-19 15:30:00-04:00,77.0199966430664,77.0199966430664,76.55999755859375,76.55999755859375,9370,0.0,0.0
2024-03-20 09:30:00-04:00,75.81999969482422,77.19000244140625,75.25,77.19000244140625,6436,0.0,0.0
2024-03-20 10:30:00-04:00,77.08000183105469,77.4000015258789,76.83999633789062,76.83999633789062,5250,0.0,0.0
2024-03-20 11:30:00-04:00,76.83000183105469,77.0,76.70999908447266,77.0,23721,0.0,0.0
2024-03-20 12:30:00-04:00,76.86000061035156,77.56999969482422,76.76000213623047,77.56999969482422,8962,0.0,0.0
2024-03-20 13:30:00-04:00,77.73999786376953,79.0,77.68000030517578,78.95999908447266,37012,0.0,0.0
2024-03-20 14:30:00-04:00,79.0999984741211,80.0,78.5,79.75,15186,0.0,0.0
2024-03-20 15:30:00-04:00,79.9000015258789,80.18000030517578,79.83499908447266,80.12000274658203,16453,0.0,0.0
2024-03-21 09:30:00-04:00,79.83000183105469,81.25,79.83000183105469,81.25,14966,0.0,0.0
2024-03-21 10:30:00-04:00,81.26249694824219,81.69000244140625,81.19999694824219,81.55380249023438,18978,0.0,0.0
2024-03-21 11:30:00-04:00,81.53500366210938,82.0,81.53500366210938,81.6500015258789,12914,0.0,0.0
2024-03-21 12:30:00-04:00,81.77999877929688,82.14129638671875,81.67500305175781,81.79499816894531,7788,0.0,0.0
2024-03-21 13:30:00-04:00,82.0999984741211,82.20999908447266,81.74500274658203,81.7699966430664,4181,0.0,0.0
2024-03-21 14:30:00-04:00,81.91999816894531,83.0,81.75,82.20999908447266,49581,0.0,0.0
2024-03-21 15:30:00-04:00,82.05000305175781,82.61000061035156,81.93000030517578,82.5999984741211,22513,0.0,0.0
2024-03-22 09:30:00-04:00,82.75499725341797,82.76429748535156,81.61499786376953,81.61499786376953,18805,0.0,0.0
2024-03-22 10:30:00-04:00,81.40499877929688,81.40499877929688,80.30000305175781,80.30000305175781,5685,0.0,0.0
2024-03-22 11:30:00-04:00,80.32009887695312,80.32009887695312,80.08999633789062,80.08999633789062,2493,0.0,0.0
2024-03-22 12:30:00-04:00,80.18000030517578,80.18000030517578,80.02999877929688,80.02999877929688,3234,0.0,0.0
2024-03-22 13:30:00-04:00,79.56999969482422,80.5,79.56999969482422,80.09089660644531,7290,0.0,0.0
2024-03-22 14:30:00-04:00,79.83999633789062,79.83999633789062,79.52529907226562,79.52529907226562,2894,0.0,0.0
2024-03-22 15:30:00-04:00,79.5999984741211,79.5999984741211,79.19999694824219,79.3499984741211,10132,0.0,0.0
2024-03-25 09:30:00-04:00,79.9800033569336,79.9800033569336,79.90070343017578,79.90070343017578,856,0.0,0.0
2024-03-25 10:30:00-04:00,79.78500366210938,79.78500366210938,78.97000122070312,79.18000030517578,4226,0.0,0.0
2024-03-25 11:30:00-04:00,78.45999908447266,78.97000122070312,78.45999908447266,78.97000122070312,3023,0.0,0.0
2024-03-25 12:30:00-04:00,79.03199768066406,79.03199768066406,79.01000213623047,79.01000213623047,1201,0.0,0.0
2024-03-25 13:30:00-04:00,78.87000274658203,78.87000274658203,78.44000244140625,78.61000061035156,5290,0.0,0.0
2024-03-25 14:30:00-04:00,78.88999938964844,79.19000244140625,78.88999938964844,79.09500122070312,3355,0.0,0.0
2024-03-25 15:30:00-04:00,79.18499755859375,79.76000213623047,79.13999938964844,79.27999877929688,13278,0.0,0.0
2024-03-26 09:30:00-04:00,79.54000091552734,80.04499816894531,79.50499725341797,79.83000183105469,5572,0.0,0.0
2024-03-26 10:30:00-04:00,79.72000122070312,79.72000122070312,79.43000030517578,79.43000030517578,1990,0.0,0.0
2024-03-26 11:30:00-04:00,79.0199966430664,79.5,79.0,79.5,7680,0.0,0.0
2024-03-26 12:30:00-04:00,79.5,79.58499908447266,79.37999725341797,79.38999938964844,17746,0.0,0.0
2024-03-26 13:30:00-04:00,79.30000305175781,79.37000274658203,78.79000091552734,79.19999694824219,5327,0.0,0.0
2024-03-26 14:30:00-04:00,79.05999755859375,79.16000366210938,79.02999877929688,79.08999633789062,6809,0.0,0.0
2024-03-26 15:30:00-04:00,79.33000183105469,79.3499984741211,79.11000061035156,79.33999633789062,11226,0.0,0.0
2024-03-27 09:30:00-04:00,79.93000030517578,80.13500213623047,79.43000030517578,79.44000244140625,11277,0.0,0.0
2024-03-27 10:30:00-04:00,79.54000091552734,79.83000183105469,79.41999816894531,79.83000183105469,3215,0.0,0.0
2024-03-27 11:30:00-04:00,79.58999633789062,79.58999633789062,79.26000213623047,79.26000213623047,1606,0.0,0.0
2024-03-27 12:30:00-04:00,79.19999694824219,79.22000122070312,79.19999694824219,79.22000122070312,2399,0.0,0.0
2024-03-27 13:30:00-04:00,78.94999694824219,79.35430145263672,78.94999694824219,79.35430145263672,5464,0.0,0.0
2024-03-27 14:30:00-04:00,79.2300033569336,79.69999694824219,79.2300033569336,79.69999694824219,4194,0.0,0.0
2024-03-27 15:30:00-04:00,79.75,80.05000305175781,79.7300033569336,80.0,13980,0.0,0.0
2024-03-28 09:30:00-04:00,80.41000366210938,81.7699966430664,80.05999755859375,80.62000274658203,14741,0.0,0.0
2024-03-28 10:30:00-04:00,80.90499877929688,81.02999877929688,80.5250015258789,80.88999938964844,7742,0.0,0.0
2024-03-28 11:30:00-04:00,81.01499938964844,81.08999633789062,80.75,80.88700103759766,7378,0.0,0.0
2024-03-28 12:30:00-04:00,80.76000213623047,80.76000213623047,80.0,80.0,2573,0.0,0.0
2024-03-28 13:30:00-04:00,79.93000030517578,79.95999908447266,79.68000030517578,79.68000030517578,4105,0.0,0.0
2024-03-28 14:30:00-04:00,79.36499786376953,79.86000061035156,79.36499786376953,79.6415023803711,2644,0.0,0.0
2024-03-28 15:30:00-04:00,79.62000274658203,80.0199966430664,79.47000122070312,79.9800033569336,13796,0.0,0.0
2024-04-01 09:30:00-04:00,81.45999908447266,81.45999908447266,79.0,79.80999755859375,12165,0.0,0.0
2024-04-01 10:30:00-04:00,79.75,79.79000091552734,79.44999694824219,79.56999969482422,4290,0.0,0.0
2024-04-01 11:30:00-04:00,79.80999755859375,79.8949966430664,79.69000244140625,79.69000244140625,1956,0.0,0.0
2024-04-01 12:30:00-04:00,78.87000274658203,79.08999633789062,78.69000244140625,78.94000244140625,5860,0.0,0.0
2024-04-01 13:30:00-04:00,78.93000030517578,78.93000030517578,78.58999633789062,78.58999633789062,1921,0.0,0.0
2024-04-01 14:30:00-04:00,78.9000015258789,78.93000030517578,78.73999786376953,78.93000030517578,3516,0.0,0.0
2024-04-01 15:30:00-04:00,78.91500091552734,79.18000030517578,78.8949966430664,78.91000366210938,9179,0.0,0.0
2024-04-02 09:30:00-04:00,78.0,78.5199966430664,78.0,78.31999969482422,5049,0.0,0.0
2024-04-02 10:30:00-04:00,78.33000183105469,78.33000183105469,78.0,78.16999816894531,6269,0.0,0.0
2024-04-02 11:30:00-04:00,78.125,78.125,77.23999786376953,77.4000015258789,10390,0.0,0.0
2024-04-02 12:30:00-04:00,77.30999755859375,77.5199966430664,77.30999755859375,77.37000274658203,3666,0.0,0.0
2024-04-02 13:30:00-04:00,77.0999984741211,77.30999755859375,76.91999816894531,77.30999755859375,4786,0.0,0.0
2024-04-02 14:30:00-04:00,77.36000061035156,77.58000183105469,76.9800033569336,77.06999969482422,10603,0.0,0.0
2024-04-02 15:30:00-04:00,77.33000183105469,77.5199966430664,77.27999877929688,77.3499984741211,8749,0.0,0.0
2024-04-03 09:30:00-04:00,77.69499969482422,77.80000305175781,77.69499969482422,77.76000213623047,5058,0.0,0.0
2024-04-03 10:30:00-04:00,77.75499725341797,78.63999938964844,77.68499755859375,78.33999633789062,5050,0.0,0.0
2024-04-03 11:30:00-04:00,78.4749984741211,78.7699966430664,78.27110290527344,78.44000244140625,6795,0.0,0.0
2024-04-03 12:30:00-04:00,78.70999908447266,78.70999908447266,78.08999633789062,78.0999984741211,6223,0.0,0.0
2024-04-03 13:30:00-04:00,78.2699966430664,78.30000305175781,77.86199951171875,78.13999938964844,5766,0.0,0.0
2024-04-03 14:30:00-04:00,78.04000091552734,78.09500122070312,77.8499984741211,77.93000030517578,3413,0.0,0.0
2024-04-03 15:30:00-04:00,78.0,78.33999633789062,77.18000030517578,77.38999938964844,18923,0.0,0.0
2024-04-04 09:30:00-04:00,78.37999725341797,78.37999725341797,78.1500015258789,78.1500015258789,2712,0.0,0.0
2024-04-04 10:30:00-04:00,78.11000061035156,78.12999725341797,77.75,77.98999786376953,10904,0.0,0.0
2024-04-04 11:30:00-04:00,78.07499694824219,78.41999816894531,77.94000244140625,78.3949966430664,7013,0.0,0.0
2024-04-04 12:30:00-04:00,78.29000091552734,78.5,78.2699966430664,78.44499969482422,7058,0.0,0.0
2024-04-04 13:30:00-04:00,78.38999938964844,78.4800033569336,77.69499969482422,77.70500183105469,4249,0.0,0.0
2024-04-04 14:30:00-04:00,77.55999755859375,77.55999755859375,77.12999725341797,77.33000183105469,12091,0.0,0.0
2024-04-04 15:30:00-04:00,77.31999969482422,77.43000030517578,76.61419677734375,76.94000244140625,21326,0.0,0.0
2024-04-05 09:30:00-04:00,76.63999938964844,77.93499755859375,76.63999938964844,77.91999816894531,4766,0.0,0.0
2024-04-05 10:30:00-04:00,77.82499694824219,78.08000183105469,77.6449966430664,77.7699966430664,5672,0.0,0.0
2024-04-05 11:30:00-04:00,78.6500015258789,78.69000244140625,78.5999984741211,78.5999984741211,2943,0.0,0.0
2024-04-05 12:30:00-04:00,78.69000244140625,78.7300033569336,78.55000305175781,78.5999984741211,3230,0.0,0.0
2024-04-05 13:30:00-04:00,78.69000244140625,79.0,78.5250015258789,78.95999908447266,6393,0.0,0.0
2024-04-05 14:30:00-04:00,78.95500183105469,79.58999633789062,78.94999694824219,79.56999969482422,8367,0.0,0.0
2024-04-05 15:30:00-04:00,79.55999755859375,79.62000274658203,78.91999816894531,79.0199966430664,8251,0.0,0.0
2024-04-08 09:30:00-04:00,79.48999786376953,80.0,79.48999786376953,79.66999816894531,4534,0.0,0.0
2024-04-08 10:30:00-04:00,80.19000244140625,80.69599914550781,80.1500015258789,80.36100006103516,4755,0.0,0.0
2024-04-08 11:30:00-04:00,80.0999984741211,80.19000244140625,80.0,80.19000244140625,29263,0.0,0.0
2024-04-08 12:30:00-04:00,80.19499969482422,80.2300033569336,80.19000244140625,80.19999694824219,1805,0.0,0.0
2024-04-08 13:30:00-04:00,80.17500305175781,80.31999969482422,80.05999755859375,80.31999969482422,2018,0.0,0.0
2024-04-08 14:30:00-04:00,80.4800033569336,80.75,80.36499786376953,80.61000061035156,11967,0.0,0.0
2024-04-08 15:30:00-04:00,80.73999786376953,80.98999786376953,80.22000122070312,80.61000061035156,8079,0.0,0.0
2024-04-09 09:30:00-04:00,81.97000122070312,81.97000122070312,80.61000061035156,80.61000061035156,3857,0.0,0.0
2024-04-09 10:30:00-04:00,80.51000213623047,80.51000213623047,79.88999938964844,80.29000091552734,4174,0.0,0.0
2024-04-09 11:30:00-04:00,80.0,80.31999969482422,79.80999755859375,80.0199966430664,15673,0.0,0.0
2024-04-09 12:30:00-04:00,80.30000305175781,80.30000305175781,79.58000183105469,79.69000244140625,6288,0.0,0.0
2024-04-09 13:30:00-04:00,79.69999694824219,79.95999908447266,79.27999877929688,79.77999877929688,3706,0.0,0.0
2024-04-09 14:30:00-04:00,79.5199966430664,79.93000030517578,78.98999786376953,79.8499984741211,8955,0.0,0.0
2024-04-09 15:30:00-04:00,80.05000305175781,80.56500244140625,79.80599975585938,80.05000305175781,33013,0.0,0.0
2024-04-10 09:30:00-04:00,77.98999786376953,79.80000305175781,77.98999786376953,79.80000305175781,7795,0.0,0.0
2024-04-10 10:30:00-04:00,79.83000183105469,80.05999755859375,79.61000061035156,79.87999725341797,7216,0.0,0.0
2024-04-10 11:30:00-04:00,79.94000244140625,80.05000305175781,79.65499877929688,79.83000183105469,13294,0.0,0.0
2024-04-10 12:30:00-04:00,79.62999725341797,79.62999725341797,79.22000122070312,79.4000015258789,9881,0.0,0.0
2024-04-10 13:30:00-04:00,79.3499984741211,79.5199966430664,79.12000274658203,79.15499877929688,9490,0.0,0.0
2024-04-10 14:30:00-04:00,78.95999908447266,80.05000305175781,78.95999908447266,79.18000030517578,6686,0.0,0.0
2024-04-10 15:30:00-04:00,79.05000305175781,79.87999725341797,79.05000305175781,79.41999816894531,22491,0.0,0.0
2024-04-11 09:30:00-04:00,79.97000122070312,80.4800033569336,78.80999755859375,78.80999755859375,5872,0.0,0.0
2024-04-11 10:30:00-04:00,78.83799743652344,78.83799743652344,78.58000183105469,78.69499969482422,3802,0.0,0.0
2024-04-11 11:30:00-04:00,78.70999908447266,79.30999755859375,78.70999908447266,79.0999984741211,3870,0.0,0.0
2024-04-11 12:30:00-04:00,78.94999694824219,79.69499969482422,78.90599822998047,79.5199966430664,7150,0.0,0.0
2024-04-11 13:30:00-04:00,79.48999786376953,80.31999969482422,79.44499969482422,80.31999969482422,10790,0.0,0.0
2024-04-11 14:30:00-04:00,80.18000030517578,80.80000305175781,80.18000030517578,80.29000091552734,9467,0.0,0.0
2024-04-11 15:30:00-04:00,80.09500122070312,80.52999877929688,79.91000366210938,79.91999816894531,13050,0.0,0.0
2024-04-12 09:30:00-04:00,79.83000183105469,80.20999908447266,78.94999694824219,78.94999694824219,13602,0.0,0.0
2024-04-12 10:30:00-04:00,78.91999816894531,79.05500030517578,77.94999694824219,78.5,11234,0.0,0.0
2024-04-12 11:30:00-04:00,78.08000183105469,78.08000183105469,77.9520034790039,78.0250015258789,2089,0.0,0.0
2024-04-12 12:30:00-04:00,77.80999755859375,78.05500030517578,77.7249984741211,77.7249984741211,4939,0.0,0.0
2024-04-12 13:30:00-04:00,77.52999877929688,77.87999725341797,77.52999877929688,77.5999984741211,6246,0.0,0.0
2024-04-12 14:30:00-04:00,77.30999755859375,77.6449966430664,77.30999755859375,77.55999755859375,13006,0.0,0.0
2024-04-12 15:30:00-04:00,77.55000305175781,78.19000244140625,77.55000305175781,78.12999725341797,9387,0.0,0.0
2024-04-15 09:30:00-04:00,78.66000366210938,80.11430358886719,77.8499984741211,77.8499984741211,10519,0.0,0.0
2024-04-15 10:30:00-04:00,77.87999725341797,78.08000183105469,77.61000061035156,77.66000366210938,13726,0.0,0.0
2024-04-15 11:30:00-04:00,78.19999694824219,78.33499908447266,78.08999633789062,78.08999633789062,2955,0.0,0.0
2024-04-15 12:30:00-04:00,78.12000274658203,78.12000274658203,77.5999984741211,77.8499984741211,4052,0.0,0.0
2024-04-15 13:30:00-04:00,77.66000366210938,77.94000244140625,77.66000366210938,77.94000244140625,6897,0.0,0.0
2024-04-15 14:30:00-04:00,77.62000274658203,77.63999938964844,77.62000274658203,77.63999938964844,2202,0.0,0.0
2024-04-15 15:30:00-04:00,77.69000244140625,77.83000183105469,77.55999755859375,77.7300033569336,14490,0.0,0.0
2024-04-16 09:30:00-04:00,77.75,78.26499938964844,76.0,76.12200164794922,7836,0.0,0.0
2024-04-16 10:30:00-04:00,76.12999725341797,76.94499969482422,76.0,76.94499969482422,9526,0.0,0.0
2024-04-16 11:30:00-04:00,77.0,77.5999984741211,77.0,77.5999984741211,3490,0.0,0.0
2024-04-16 12:30:00-04:00,77.43000030517578,77.43000030517578,77.38999938964844,77.38999938964844,1774,0.0,0.0
2024-04-16 13:30:00-04:00,77.06999969482422,77.61000061035156,76.97000122070312,77.61000061035156,4186,0.0,0.0
2024-04-16 14:30:00-04:00,77.55000305175781,77.55000305175781,77.5199966430664,77.5199966430664,3070,0.0,0.0
2024-04-16 15:30:00-04:00,77.70999908447266,77.70999908447266,77.33999633789062,77.3499984741211,4930,0.0,0.0
2024-04-17 09:30:00-04:00,78.98999786376953,78.98999786376953,77.28009796142578,77.28009796142578,13651,0.0,0.0
2024-04-17 10:30:00-04:00,77.27999877929688,77.66000366210938,77.12000274658203,77.41999816894531,4439,0.0,0.0
2024-04-17 11:30:00-04:00,77.45999908447266,77.54000091552734,77.20800018310547,77.54000091552734,5160,0.0,0.0
2024-04-17 12:30:00-04:00,76.77999877929688,76.88999938964844,76.68000030517578,76.88999938964844,1783,0.0,0.0
2024-04-17 13:30:00-04:00,77.4000015258789,77.67500305175781,77.08999633789062,77.29000091552734,4158,0.0,0.0
2024-04-17 14:30:00-04:00,77.0,77.45999908447266,76.7699966430664,77.01000213623047,7550,0.0,0.0
2024-04-17 15:30:00-04:00,77.11000061035156,77.41000366210938,76.72000122070312,76.72000122070312,12790,0.0,0.0
2024-04-18 09:30:00-04:00,76.6500015258789,77.0,76.37000274658203,77.0,6228,0.0,0.0
2024-04-18 10:30:00-04:00,77.0,77.39399719238281,76.83999633789062,77.37000274658203,6349,0.0,0.0
2024-04-18 11:30:00-04:00,77.19999694824219,77.19999694824219,76.69999694824219,76.91999816894531,3369,0.0,0.0
2024-04-18 12:30:00-04:00,76.84400177001953,76.84400177001953,76.1050033569336,76.13999938964844,7428,0.0,0.0
2024-04-18 13:30:00-04:00,76.33999633789062,76.33999633789062,75.86000061035156,75.86000061035156,5632,0.0,0.0
2024-04-18 14:30:00-04:00,75.7300033569336,75.86499786376953,75.54000091552734,75.54000091552734,3963,0.0,0.0
2024-04-18 15:30:00-04:00,75.66999816894531,75.68000030517578,74.97000122070312,75.11000061035156,11360,0.0,0.0
2024-04-19 09:30:00-04:00,74.91999816894531,76.02999877929688,74.91999816894531,75.87999725341797,5869,0.0,0.0
2024-04-19 10:30:00-04:00,76.01000213623047,76.62000274658203,76.01000213623047,76.62000274658203,5916,0.0,0.0
2024-04-19 11:30:00-04:00,76.18800354003906,76.44000244140625,75.31999969482422,75.31999969482422,8164,0.0,0.0
2024-04-19 12:30:00-04:00,75.1500015258789,75.56999969482422,75.1500015258789,75.5,2505,0.0,0.0
2024-04-19 13:30:00-04:00,75.45999908447266,75.63999938964844,75.05999755859375,75.05999755859375,5012,0.0,0.0
2024-04-19 14:30:00-04:00,74.87000274658203,75.0999984741211,74.83280181884766,75.0999984741211,6806,0.0,0.0
2024-04-19 15:30:00-04:00,75.16000366210938,76.0,75.11000061035156,75.48999786376953,17443,0.0,0.0
2024-04-22 09:30:00-04:00,76.36000061035156,76.36000061035156,75.68000030517578,76.36000061035156,2837,0.0,0.0
2024-04-22 10:30:00-04:00,76.44000244140625,76.58999633789062,76.19000244140625,76.19000244140625,3915,0.0,0.0
2024-04-22 11:30:00-04:00,76.04000091552734,76.82499694824219,76.04000091552734,76.82499694824219,5828,0.0,0.0
2024-04-22 12:30:00-04:00,76.95449829101562,77.4000015258789,76.95449829101562,77.4000015258789,1060,0.0,0.0
2024-04-22 13:30:00-04:00,76.95999908447266,77.4800033569336,76.95999908447266,77.43000030517578,4150,0.0,0.0
2024-04-22 14:30:00-04:00,77.36000061035156,77.48999786376953,77.36000061035156,77.48999786376953,2557,0.0,0.0
2024-04-22 15:30:00-04:00,77.06999969482422,77.12999725341797,76.48999786376953,76.56999969482422,9335,0.0,0.0
2024-04-23 09:30:00-04:00,77.66999816894531,77.75,77.66999816894531,77.75,2579,0.0,0.0
2024-04-23 10:30:00-04:00,78.20999908447266,78.20999908447266,77.45999908447266,77.54000091552734,4178,0.0,0.0
2024-04-23 11:30:00-04:00,77.5,77.77999877929688,77.44999694824219,77.44999694824219,3176,0.0,0.0
2024-04-23 12:30:00-04:00,78.0885009765625,78.30000305175781,78.0885009765625,78.16000366210938,5882,0.0,0.0
2024-04-23 13:30:00-04:00,78.13500213623047,78.13500213623047,77.88999938964844,77.9800033569336,2909,0.0,0.0
2024-04-23 14:30:00-04:00,78.02999877929688,78.09719848632812,77.69000244140625,77.91999816894531,6646,0.0,0.0
2024-04-23 15:30:00-04:00,77.77999877929688,77.85250091552734,77.52999877929688,77.7300033569336,8261,0.0,0.0
2024-04-24 09:30:00-04:00,77.80999755859375,78.58000183105469,77.80999755859375,78.4800033569336,6051,0.0,0.0
2024-04-24 10:30:00-04:00,78.4800033569336,78.55000305175781,77.91500091552734,77.94499969482422,8978,0.0,0.0
2024-04-24 11:30:00-04:00,78.0999984741211,78.62000274658203,77.93000030517578,78.5,7658,0.0,0.0
2024-04-24 12:30:00-04:00,78.62000274658203,78.62000274658203,78.22000122070312,78.40499877929688,7135,0.0,0.0
2024-04-24 13:30:00-04:00,78.42500305175781,79.06999969482422,78.40499877929688,78.83999633789062,7753,0.0,0.0
2024-04-24 14:30:00-04:00,78.73500061035156,79.04000091552734,78.62000274658203,78.62000274658203,8164,0.0,0.0
2024-04-24 15:30:00-04:00,78.68000030517578,78.83999633789062,78.4800033569336,78.61000061035156,15356,0.0,0.0
2024-04-25 09:30:00-04:00,77.41000366210938,77.41000366210938,76.4800033569336,76.69999694824219,7760,0.0,0.0
2024-04-25 10:30:00-04:00,76.6500015258789,76.9800033569336,76.5,76.68000030517578,7303,0.0,0.0
2024-04-25 11:30:00-04:00,76.6449966430664,76.94000244140625,76.6449966430664,76.8499984741211,3353,0.0,0.0
2024-04-25 12:30:00-04:00,76.86000061035156,76.86000061035156,76.08999633789062,76.08999633789062,9874,0.0,0.0
2024-04-25 13:30:00-04:00,76.25,76.69000244140625,76.25,76.55999755859375,5059,0.0,0.0
2024-04-25 14:30:00-04:00,76.65499877929688,77.33000183105469,76.5199966430664,77.33000183105469,6372,0.0,0.0
2024-04-25 15:30:00-04:00,77.4800033569336,77.4800033569336,76.94000244140625,77.01000213623047,11061,0.0,0.0
2024-04-26 09:30:00-04:00,78.22000122070312,78.22000122070312,77.0,77.0,13920,0.0,0.0
2024-04-26 10:30:00-04:00,76.9800033569336,76.9800033569336,76.5199966430664,76.90499877929688,9476,0.0,0.0
2024-04-26 11:30:00-04:00,77.05999755859375,77.1050033569336,76.77999877929688,76.92500305175781,3689,0.0,0.0
2024-04-26 12:30:00-04:00,76.95999908447266,77.03500366210938,76.75,76.75,4392,0.0,0.0
2024-04-26 13:30:00-04:00,76.72000122070312,76.7249984741211,76.55999755859375,76.625,4860,0.0,0.0
2024-04-26 14:30:00-04:00,76.54499816894531,76.54499816894531,76.29000091552734,76.29000091552734,5019,0.0,0.0
2024-04-26 15:30:00-04:00,76.19999694824219,76.36499786376953,75.8499984741211,75.95999908447266,30381,0.0,0.0
2024-04-29 09:30:00-04:00,76.0,76.45999908447266,75.91010284423828,76.02999877929688,8112,0.0,0.0
2024-04-29 10:30:00-04:00,76.43000030517578,76.87000274658203,76.43000030517578,76.87000274658203,6817,0.0,0.0
2024-04-29 11:30:00-04:00,76.9000015258789,77.01000213623047,76.9000015258789,77.00499725341797,2106,0.0,0.0
2024-04-29 12:30:00-04:00,77.0,77.05000305175781,76.87999725341797,77.05000305175781,6120,0.0,0.0
2024-04-29 13:30:00-04:00,76.9000015258789,77.05999755859375,76.9000015258789,76.98999786376953,5979,0.0,0.0
2024-04-29 14:30:00-04:00,76.98999786376953,77.76000213623047,76.98999786376953,77.13999938964844,15291,0.0,0.0
2024-04-29 15:30:00-04:00,77.2699966430664,77.2699966430664,76.94999694824219,77.0,10435,0.0,0.0
2024-04-30 10:30:00-04:00,76.25,76.65499877929688,75.97000122070312,76.65499877929688,14439,0.0,0.0
2024-04-30 11:30:00-04:00,76.45999908447266,76.6500015258789,76.26000213623047,76.48999786376953,8156,0.0,0.0
2024-04-30 12:30:00-04:00,76.26000213623047,76.41000366210938,76.19999694824219,76.22000122070312,4926,0.0,0.0
2024-04-30 13:30:00-04:00,76.31999969482422,77.08999633789062,76.31999969482422,76.79000091552734,14729,0.0,0.0
2024-04-30 14:30:00-04:00,77.02999877929688,77.61000061035156,76.7699966430664,77.51000213623047,33169,0.0,0.0
2024-04-30 15:30:00-04:00,77.58000183105469,78.18000030517578,77.58000183105469,78.16999816894531,39957,0.0,0.0
2024-05-01 09:30:00-04:00,78.48999786376953,78.80999755859375,78.10749816894531,78.20999908447266,2728,0.0,0.0
2024-05-01 10:30:00-04:00,77.76000213623047,77.88999938964844,77.18000030517578,77.62999725341797,5299,0.0,0.0
2024-05-01 11:30:00-04:00,77.81999969482422,77.94249725341797,77.5999984741211,77.86000061035156,2747,0.0,0.0
2024-05-01 12:30:00-04:00,78.125,78.15249633789062,77.94999694824219,77.94999694824219,4667,0.0,0.0
2024-05-01 13:30:00-04:00,77.9800033569336,78.13999938964844,77.9800033569336,78.01000213623047,4419,0.0,0.0
2024-05-01 14:30:00-04:00,77.88999938964844,79.4000015258789,77.80999755859375,78.61000061035156,8444,0.0,0.0
2024-05-01 15:30:00-04:00,78.48999786376953,78.48999786376953,77.5999984741211,77.69999694824219,9062,0.0,0.0
2024-05-02 09:30:00-04:00,78.87000274658203,79.70999908447266,77.98750305175781,78.52999877929688,8963,0.0,0.0
2024-05-02 10:30:00-04:00,78.5199966430664,79.30860137939453,78.22000122070312,79.22000122070312,6892,0.0,0.0
2024-05-02 11:30:00-04:00,79.02999877929688,79.52999877929688,78.72000122070312,79.1500015258789,3576,0.0,0.0
2024-05-02 12:30:00-04:00,79.01000213623047,79.4000015258789,78.58000183105469,79.4000015258789,12431,0.0,0.0
2024-05-02 13:30:00-04:00,79.41500091552734,79.7300033569336,79.4000015258789,79.47000122070312,4988,0.0,0.0
2024-05-02 14:30:00-04:00,79.51000213623047,80.37999725341797,79.48500061035156,80.37999725341797,19226,0.0,0.0
2024-05-02 15:30:00-04:00,80.43000030517578,80.48999786376953,80.11000061035156,80.4800033569336,26371,0.0,0.0
2024-05-03 09:30:00-04:00,82.26750183105469,82.26750183105469,80.06999969482422,80.41000366210938,3789,0.0,0.0
2024-05-03 10:30:00-04:00,80.37000274658203,81.06999969482422,80.30000305175781,80.91500091552734,6475,0.0,0.0
2024-05-03 11:30:00-04:00,81.05000305175781,81.0999984741211,80.7300033569336,80.73500061035156,3541,0.0,0.0
2024-05-03 12:30:00-04:00,80.87999725341797,82.68000030517578,80.87999725341797,82.58999633789062,41198,0.0,0.0
2024-05-03 13:30:00-04:00,82.4749984741211,83.06999969482422,82.34500122070312,82.94000244140625,12072,0.0,0.0
2024-05-03 14:30:00-04:00,83.0,83.13999938964844,82.4000015258789,83.13999938964844,23173,0.0,0.0
2024-05-03 15:30:00-04:00,83.05000305175781,83.11000061035156,82.6449966430664,82.93000030517578,42753,0.0,0.0
2024-05-06 09:30:00-04:00,83.1500015258789,86.26000213623047,82.56500244140625,85.43000030517578,22335,0.0,0.0
2024-05-06 10:30:00-04:00,85.37000274658203,85.54000091552734,82.9000015258789,85.13999938964844,14014,0.0,0.0
2024-05-06 11:30:00-04:00,85.16999816894531,85.72000122070312,84.87000274658203,84.98999786376953,16010,0.0,0.0
2024-05-06 12:30:00-04:00,85.12999725341797,85.16999816894531,84.43000030517578,84.43000030517578,12759,0.0,0.0
2024-05-06 13:30:00-04:00,84.94000244140625,84.94000244140625,84.2750015258789,84.37999725341797,10913,0.0,0.0
2024-05-06 14:30:00-04:00,84.41999816894531,84.75,84.30000305175781,84.43000030517578,14298,0.0,0.0
2024-05-06 15:30:00-04:00,84.33499908447266,84.4811019897461,84.21499633789062,84.30000305175781,16230,0.0,0.0
2024-05-07 09:30:00-04:00,84.4800033569336,84.87000274658203,84.4800033569336,84.87000274658203,1703,0.0,0.0
2024-05-07 10:30:00-04:00,84.80999755859375,85.11000061035156,84.58999633789062,85.11000061035156,3200,0.0,0.0
2024-05-07 11:30:00-04:00,84.97010040283203,85.68990325927734,84.80000305175781,84.80000305175781,10829,0.0,0.0
2024-05-07 12:30:00-04:00,84.69999694824219,85.08000183105469,84.69999694824219,85.08000183105469,2739,0.0,0.0
2024-05-07 13:30:00-04:00,84.94210052490234,85.01000213623047,84.56999969482422,84.8499984741211,10523,0.0,0.0
2024-05-07 14:30:00-04:00,84.81999969482422,85.18000030517578,84.66000366210938,85.18000030517578,23782,0.0,0.0
2024-05-07 15:30:00-04:00,85.16000366210938,85.16000366210938,84.50199890136719,84.91999816894531,21592,0.0,0.0
2024-05-08 09:30:00-04:00,84.80000305175781,85.0999984741211,84.1156005859375,84.94999694824219,12099,0.0,0.0
2024-05-08 10:30:00-04:00,84.98500061035156,85.5999984741211,84.8499984741211,85.55290222167969,10749,0.0,0.0
2024-05-08 11:30:00-04:00,85.44999694824219,86.18000030517578,85.33499908447266,85.94999694824219,21329,0.0,0.0
2024-05-08 12:30:00-04:00,86.0,86.1500015258789,84.70999908447266,84.70999908447266,44472,0.0,0.0
2024-05-08 13:30:00-04:00,84.73500061035156,85.20999908447266,84.62000274658203,85.1449966430664,15348,0.0,0.0
2024-05-08 14:30:00-04:00,85.1500015258789,85.70999908447266,85.125,85.69000244140625,30302,0.0,0.0
2024-05-08 15:30:00-04:00,85.58499908447266,86.01000213623047,85.19000244140625,85.30000305175781,32698,0.0,0.0
2024-05-09 09:30:00-04:00,81.37999725341797,82.93000030517578,75.91000366210938,78.01499938964844,144817,0.0,0.0
2024-05-09 10:30:00-04:00,77.81999969482422,79.97000122070312,77.62000274658203,78.47000122070312,76797,0.0,0.0
2024-05-09 11:30:00-04:00,78.48999786376953,79.06999969482422,78.48999786376953,78.97000122070312,35578,0.0,0.0
2024-05-09 12:30:00-04:00,78.95999908447266,79.43000030517578,78.82499694824219,79.43000030517578,58037,0.0,0.0
2024-05-09 13:30:00-04:00,79.1500015258789,79.25,78.79000091552734,79.20999908447266,11989,0.0,0.0
2024-05-09 14:30:00-04:00,79.11000061035156,80.37000274658203,78.79499816894531,80.37000274658203,54050,0.0,0.0
2024-05-09 15:30:00-04:00,80.38999938964844,82.23999786376953,80.0999984741211,80.51000213623047,78942,0.0,0.0
2024-05-10 09:30:00-04:00,82.01000213623047,82.75,78.63359832763672,81.51000213623047,39382,0.0,0.0
2024-05-10 10:30:00-04:00,81.83000183105469,82.38999938964844,80.80999755859375,81.59500122070312,23540,0.0,0.0
2024-05-10 11:30:00-04:00,81.66000366210938,81.66000366210938,80.16500091552734,80.7699966430664,23037,0.0,0.0
2024-05-10 12:30:00-04:00,80.43000030517578,80.70999908447266,79.76000213623047,79.76499938964844,18313,0.0,0.0
2024-05-10 13:30:00-04:00,79.76899719238281,80.08999633789062,79.41000366210938,79.43000030517578,29008,0.0,0.0
2024-05-10 14:30:00-04:00,79.47000122070312,80.0,79.20999908447266,79.8499984741211,35200,0.0,0.0
2024-05-10 15:30:00-04:00,79.86000061035156,80.0,79.05000305175781,80.0,68424,0.0,0.0
2024-05-13 09:30:00-04:00,80.73999786376953,80.73999786376953,80.02999877929688,80.02999877929688,5264,0.0,0.0
2024-05-13 10:30:00-04:00,79.4800033569336,79.48999786376953,78.43000030517578,78.43000030517578,7153,0.0,0.0
2024-05-13 11:30:00-04:00,78.29000091552734,78.69999694824219,77.97000122070312,78.69999694824219,12387,0.0,0.0
2024-05-13 12:30:00-04:00,78.38999938964844,78.38999938964844,77.22000122070312,77.22000122070312,10194,0.0,0.0
2024-05-13 13:30:00-04:00,77.43000030517578,77.44000244140625,77.19000244140625,77.19000244140625,7101,0.0,0.0
2024-05-13 14:30:00-04:00,77.12999725341797,77.12999725341797,75.62999725341797,75.75,17392,0.0,0.0
2024-05-13 15:30:00-04:00,75.86000061035156,75.98999786376953,75.53479766845703,75.69499969482422,25481,0.0,0.0
2024-05-14 09:30:00-04:00,76.72000122070312,76.72000122070312,74.86000061035156,75.12000274658203,11609,0.0,0.0
2024-05-14 10:30:00-04:00,75.08899688720703,75.5,74.5,75.48999786376953,12508,0.0,0.0
2024-05-14 11:30:00-04:00,75.5,75.55999755859375,75.23999786376953,75.30000305175781,8736,0.0,0.0
2024-05-14 12:30:00-04:00,75.22000122070312,75.22000122070312,74.4800033569336,74.72000122070312,8349,0.0,0.0
2024-05-14 13:30:00-04:00,74.79000091552734,74.88999938964844,74.5,74.87999725341797,7801,0.0,0.0
2024-05-14 14:30:00-04:00,74.83000183105469,74.97000122070312,74.33999633789062,74.3499984741211,15144,0.0,0.0
2024-05-14 15:30:00-04:00,74.19999694824219,74.47000122070312,74.06999969482422,74.30999755859375,31759,0.0,0.0
2024-05-15 09:30:00-04:00,75.33999633789062,75.94000244140625,74.30000305175781,74.8102035522461,371877,0.0,0.0
2024-05-15 10:30:00-04:00,74.95999908447266,75.5,74.5,74.61000061035156,82463,0.0,0.0
2024-05-15 11:30:00-04:00,74.63999938964844,75.76000213623047,74.63999938964844,75.76000213623047,47024,0.0,0.0
2024-05-15 12:30:00-04:00,75.87999725341797,76.83000183105469,75.87999725341797,76.4000015258789,64175,0.0,0.0
2024-05-15 13:30:00-04:00,76.37999725341797,76.5,75.58999633789062,76.1500015258789,45774,0.0,0.0
2024-05-15 14:30:00-04:00,76.05999755859375,76.29820251464844,75.68000030517578,76.21499633789062,49785,0.0,0.0
2024-05-15 15:30:00-04:00,76.25,76.69000244140625,76.06999969482422,76.45999908447266,102990,0.0,0.0
2024-05-16 09:30:00-04:00,75.95999908447266,76.4749984741211,74.83209991455078,75.88999938964844,35964,0.0,0.0
2024-05-16 10:30:00-04:00,75.7699966430664,76.58999633789062,75.7699966430664,76.49500274658203,35074,0.0,0.0
2024-05-16 11:30:00-04:00,76.49500274658203,76.55999755859375,76.06999969482422,76.25,22999,0.0,0.0
2024-05-16 12:30:00-04:00,76.1449966430664,76.30000305175781,75.8499984741211,75.9000015258789,21110,0.0,0.0
2024-05-16 13:30:00-04:00,75.9800033569336,76.0,75.68000030517578,75.94999694824219,22709,0.0,0.0
2024-05-16 14:30:00-04:00,75.87000274658203,76.87999725341797,75.87000274658203,76.55000305175781,34078,0.0,0.0
2024-05-16 15:30:00-04:00,76.54000091552734,76.75,75.66000366210938,75.66000366210938,81417,0.0,0.0
2024-05-17 09:30:00-04:00,76.0199966430664,76.04000091552734,75.41999816894531,75.96499633789062,26637,0.0,0.0
2024-05-17 10:30:00-04:00,75.8949966430664,76.12999725341797,75.7699966430664,75.77999877929688,15210,0.0,0.0
2024-05-17 11:30:00-04:00,75.95999908447266,76.16000366210938,75.58000183105469,75.78500366210938,64824,0.0,0.0
2024-05-17 12:30:00-04:00,75.73999786376953,76.05599975585938,75.62999725341797,75.98999786376953,19771,0.0,0.0
2024-05-17 13:30:00-04:00,75.95999908447266,76.08000183105469,75.9000015258789,75.98500061035156,21101,0.0,0.0
2024-05-17 14:30:00-04:00,76.06999969482422,77.30999755859375,75.98999786376953,77.08000183105469,25285,0.0,0.0
2024-05-17 15:30:00-04:00,76.66999816894531,76.93000030517578,76.44999694824219,76.93000030517578,24534,0.0,0.0
2024-05-20 09:30:00-04:00,76.7300033569336,78.68000030517578,76.62999725341797,78.41000366210938,20831,0.0,0.0
2024-05-20 10:30:00-04:00,78.5199966430664,80.1500015258789,78.51000213623047,78.99500274658203,62443,0.0,0.0
2024-05-20 11:30:00-04:00,79.13999938964844,79.68000030517578,79.01260375976562,79.5999984741211,11439,0.0,0.0
2024-05-20 12:30:00-04:00,79.58000183105469,80.4800033569336,79.58000183105469,80.17500305175781,22899,0.0,0.0
2024-05-20 13:30:00-04:00,80.30999755859375,80.31999969482422,79.41999816894531,79.7300033569336,29769,0.0,0.0
2024-05-20 14:30:00-04:00,79.69000244140625,79.69999694824219,79.33499908447266,79.69999694824219,22406,0.0,0.0
2024-05-20 15:30:00-04:00,79.62999725341797,79.66999816894531,78.91000366210938,79.23999786376953,49725,0.0,0.0
2024-05-21 09:30:00-04:00,78.7699966430664,78.93000030517578,78.37999725341797,78.65499877929688,9533,0.0,0.0
2024-05-21 10:30:00-04:00,78.66999816894531,79.30000305175781,78.66999816894531,79.11000061035156,5005,0.0,0.0
2024-05-21 11:30:00-04:00,79.06500244140625,79.07499694824219,78.46499633789062,78.54000091552734,9670,0.0,0.0
2024-05-21 12:30:00-04:00,78.43270111083984,78.87999725341797,78.30000305175781,78.73999786376953,18847,0.0,0.0
2024-05-21 13:30:00-04:00,78.81999969482422,78.81999969482422,78.44999694824219,78.48500061035156,6026,0.0,0.0
2024-05-21 14:30:00-04:00,78.48999786376953,78.70999908447266,77.9800033569336,78.34500122070312,30549,0.0,0.0
2024-05-21 15:30:00-04:00,78.44000244140625,78.78500366210938,78.37000274658203,78.5199966430664,19364,0.0,0.0
2024-05-22 09:30:00-04:00,77.75,78.38999938964844,77.18009948730469,77.93000030517578,3939,0.0,0.0
2024-05-22 10:30:00-04:00,77.94999694824219,78.47000122070312,77.91000366210938,78.3499984741211,6969,0.0,0.0
2024-05-22 11:30:00-04:00,78.29499816894531,79.20700073242188,78.29499816894531,79.01000213623047,7171,0.0,0.0
2024-05-22 12:30:00-04:00,79.22699737548828,79.6500015258789,79.22699737548828,79.37999725341797,6802,0.0,0.0
2024-05-22 13:30:00-04:00,79.33499908447266,79.33999633789062,78.49500274658203,78.49500274658203,5979,0.0,0.0
2024-05-22 14:30:00-04:00,78.36000061035156,78.73999786376953,78.19499969482422,78.55000305175781,9983,0.0,0.0
2024-05-22 15:30:00-04:00,78.43250274658203,78.86000061035156,78.43250274658203,78.83000183105469,19178,0.0,0.0
2024-05-23 09:30:00-04:00,79.23999786376953,79.23999786376953,78.44999694824219,78.44999694824219,6456,0.0,0.0
2024-05-23 10:30:00-04:00,78.19499969482422,78.70999908447266,78.19499969482422,78.68000030517578,5000,0.0,0.0
2024-05-23 11:30:00-04:00,78.6552963256836,78.7300033569336,78.32499694824219,78.32499694824219,3686,0.0,0.0
2024-05-23 12:30:00-04:00,78.47000122070312,78.48999786376953,77.76360321044922,78.06999969482422,8595,0.0,0.0
2024-05-23 13:30:00-04:00,78.07499694824219,78.07499694824219,77.5,77.77999877929688,7713,0.0,0.0
2024-05-23 14:30:00-04:00,77.68499755859375,77.68499755859375,77.20500183105469,77.20500183105469,15568,0.0,0.0
2024-05-23 15:30:00-04:00,77.36000061035156,77.66999816894531,77.16999816894531,77.3499984741211,29405,0.0,0.0
2024-05-24 09:30:00-04:00,78.06999969482422,78.06999969482422,77.30999755859375,77.66999816894531,4681,0.0,0.0
2024-05-24 10:30:00-04:00,77.4000015258789,77.69000244140625,77.19999694824219,77.19999694824219,3507,0.0,0.0
2024-05-24 11:30:00-04:00,76.8499984741211,77.44000244140625,76.8499984741211,77.44000244140625,2506,0.0,0.0
2024-05-24 12:30:00-04:00,77.33000183105469,77.37000274658203,77.04000091552734,77.0999984741211,3779,0.0,0.0
2024-05-24 13:30:00-04:00,77.16000366210938,77.56529998779297,77.16000366210938,77.54000091552734,4675,0.0,0.0
2024-05-24 14:30:00-04:00,77.37000274658203,77.63999938964844,77.37000274658203,77.52999877929688,9861,0.0,0.0
2024-05-24 15:30:00-04:00,77.58999633789062,78.31999969482422,77.54000091552734,78.23999786376953,14403,0.0,0.0
2024-05-28 09:30:00-04:00,78.72000122070312,78.94499969482422,77.91999816894531,77.91999816894531,3311,0.0,0.0
2024-05-28 10:30:00-04:00,77.8499984741211,78.0,77.79499816894531,78.0,2959,0.0,0.0
2024-05-28 11:30:00-04:00,77.7699966430664,77.86630249023438,77.2300033569336,77.2300033569336,2817,0.0,0.0
2024-05-28 12:30:00-04:00,77.45999908447266,77.51499938964844,77.19000244140625,77.19000244140625,2958,0.0,0.0
2024-05-28 13:30:00-04:00,77.2699966430664,77.2699966430664,76.63999938964844,76.63999938964844,5788,0.0,0.0
2024-05-28 14:30:00-04:00,76.54000091552734,77.55500030517578,76.31999969482422,77.375,17288,0.0,0.0
2024-05-28 15:30:00-04:00,77.38999938964844,77.91999816894531,77.33499908447266,77.44000244140625,23240,0.0,0.0
2024-05-29 09:30:00-04:00,76.7699966430664,79.0,76.7699966430664,79.0,11333,0.0,0.0
2024-05-29 10:30:00-04:00,78.97000122070312,79.2699966430664,78.16000366210938,78.31999969482422,11095,0.0,0.0
2024-05-29 11:30:00-04:00,78.22000122070312,78.22000122070312,77.7300033569336,77.7300033569336,9589,0.0,0.0
2024-05-29 12:30:00-04:00,78.16000366210938,78.16000366210938,77.49310302734375,77.9000015258789,12303,0.0,0.0
2024-05-29 13:30:00-04:00,77.87999725341797,78.2300033569336,77.5999984741211,78.05000305175781,8877,0.0,0.0
2024-05-29 14:30:00-04:00,78.05999755859375,78.11000061035156,77.62999725341797,77.94999694824219,18534,0.0,0.0
2024-05-29 15:30:00-04:00,77.9000015258789,78.48999786376953,77.71499633789062,78.33999633789062,28574,0.0,0.0
2024-05-30 09:30:00-04:00,78.80999755859375,79.73500061035156,78.7249984741211,79.19999694824219,12124,0.0,0.0
2024-05-30 10:30:00-04:00,79.26000213623047,79.44999694824219,79.14700317382812,79.41500091552734,10543,0.0,0.0
2024-05-30 11:30:00-04:00,79.55000305175781,80.08999633789062,79.55000305175781,79.97000122070312,8941,0.0,0.0
2024-05-30 12:30:00-04:00,79.94999694824219,80.24500274658203,79.83999633789062,80.24500274658203,6774,0.0,0.0
2024-05-30 13:30:00-04:00,80.41000366210938,80.41000366210938,79.86000061035156,79.9800033569336,14233,0.0,0.0
2024-05-30 14:30:00-04:00,79.9800033569336,80.3499984741211,79.72000122070312,80.2249984741211,21238,0.0,0.0
2024-05-30 15:30:00-04:00,80.30999755859375,80.44999694824219,80.0999984741211,80.37999725341797,17979,0.0,0.0
2024-05-31 09:30:00-04:00,80.61000061035156,81.5824966430664,80.61000061035156,81.49749755859375,12280,0.0,0.0
2024-05-31 10:30:00-04:00,81.50499725341797,81.98999786376953,81.30000305175781,81.62999725341797,12900,0.0,0.0
2024-05-31 11:30:00-04:00,81.62999725341797,81.78500366210938,81.4625015258789,81.73999786376953,10376,0.0,0.0
2024-05-31 12:30:00-04:00,81.75499725341797,82.37000274658203,81.59500122070312,82.37000274658203,13293,0.0,0.0
2024-05-31 13:30:00-04:00,82.13999938964844,82.16999816894531,81.08000183105469,81.4749984741211,29819,0.0,0.0
2024-05-31 14:30:00-04:00,81.48500061035156,82.0999984741211,81.47000122070312,81.54000091552734,16666,0.0,0.0
2024-05-31 15:30:00-04:00,81.54499816894531,82.04000091552734,81.47000122070312,81.9000015258789,24084,0.0,0.0
2024-06-03 09:30:00-04:00,81.8550033569336,82.81999969482422,81.44000244140625,82.27999877929688,147885,0.0,0.0
2024-06-03 10:30:00-04:00,82.30999755859375,84.20999908447266,82.27999877929688,84.20999908447266,20116,0.0,0.0
2024-06-03 11:30:00-04:00,84.18000030517578,84.18000030517578,82.01000213623047,82.01000213623047,25012,0.0,0.0
2024-06-03 12:30:00-04:00,82.08000183105469,82.45800018310547,81.93000030517578,82.27999877929688,17454,0.0,0.0
2024-06-03 13:30:00-04:00,82.4800033569336,83.31999969482422,82.31749725341797,83.20800018310547,10436,0.0,0.0
2024-06-03 14:30:00-04:00,83.18000030517578,83.36000061035156,82.4625015258789,82.61000061035156,32724,0.0,0.0
2024-06-03 15:30:00-04:00,82.5,82.81999969482422,82.45999908447266,82.80999755859375,27477,0.0,0.0
2024-06-04 09:30:00-04:00,82.73999786376953,83.125,80.91000366210938,81.8499984741211,36817,0.0,0.0
2024-06-04 10:30:00-04:00,81.83599853515625,82.08000183105469,81.61499786376953,81.61499786376953,10520,0.0,0.0
2024-06-04 11:30:00-04:00,81.58499908447266,82.16999816894531,81.57499694824219,82.16999816894531,28784,0.0,0.0
2024-06-04 12:30:00-04:00,82.33999633789062,82.37000274658203,81.9800033569336,82.05999755859375,11418,0.0,0.0
2024-06-04 13:30:00-04:00,81.94000244140625,82.11000061035156,81.93000030517578,82.11000061035156,6386,0.0,0.0
2024-06-04 14:30:00-04:00,82.02999877929688,82.1449966430664,81.8550033569336,82.03500366210938,10850,0.0,0.0
2024-06-04 15:30:00-04:00,82.0199966430664,82.93000030517578,82.0199966430664,82.81999969482422,22308,0.0,0.0
2024-06-05 09:30:00-04:00,83.55000305175781,84.55999755859375,83.3499984741211,83.79499816894531,31642,0.0,0.0
2024-06-05 10:30:00-04:00,83.65499877929688,85.0,83.65499877929688,84.95500183105469,16373,0.0,0.0
2024-06-05 11:30:00-04:00,85.13240051269531,85.13240051269531,84.88999938964844,85.0199966430664,3905,0.0,0.0
2024-06-05 12:30:00-04:00,85.2300033569336,85.53500366210938,84.55999755859375,84.56999969482422,14608,0.0,0.0
2024-06-05 13:30:00-04:00,84.55000305175781,84.87999725341797,84.19000244140625,84.87999725341797,11604,0.0,0.0
2024-06-05 14:30:00-04:00,84.99500274658203,85.33000183105469,84.63999938964844,85.2300033569336,20649,0.0,0.0
2024-06-05 15:30:00-04:00,85.1050033569336,85.125,84.34500122070312,84.87000274658203,32687,0.0,0.0
2024-06-06 09:30:00-04:00,84.2699966430664,84.5,83.05000305175781,83.24500274658203,11334,0.0,0.0
2024-06-06 10:30:00-04:00,83.40499877929688,83.5199966430664,83.16000366210938,83.4800033569336,8228,0.0,0.0
2024-06-06 11:30:00-04:00,83.33000183105469,83.38500213623047,81.51000213623047,82.06500244140625,27947,0.0,0.0
2024-06-06 12:30:00-04:00,82.0,82.2300033569336,81.75,82.0999984741211,9505,0.0,0.0
2024-06-06 13:30:00-04:00,82.19999694824219,82.19999694824219,81.08999633789062,81.08999633789062,11890,0.0,0.0
2024-06-06 14:30:00-04:00,81.12999725341797,82.2300033569336,81.0999984741211,81.78500366210938,14698,0.0,0.0
2024-06-06 15:30:00-04:00,81.83499908447266,82.48999786376953,81.79000091552734,82.48999786376953,20209,0.0,0.0
2024-06-07 09:30:00-04:00,81.91999816894531,82.4800033569336,76.58000183105469,82.37999725341797,15634,0.0,0.0
2024-06-07 10:30:00-04:00,82.1500015258789,82.43000030517578,81.83000183105469,81.87750244140625,10130,0.0,0.0
2024-06-07 11:30:00-04:00,82.0,82.11000061035156,81.91999816894531,82.11000061035156,4010,0.0,0.0
2024-06-07 12:30:00-04:00,82.19999694824219,82.2249984741211,81.94000244140625,82.22000122070312,2712,0.0,0.0
2024-06-07 13:30:00-04:00,82.22250366210938,82.22250366210938,81.30999755859375,81.4000015258789,7005,0.0,0.0
2024-06-07 14:30:00-04:00,81.2699966430664,82.44000244140625,81.11000061035156,82.37000274658203,22005,0.0,0.0
2024-06-07 15:30:00-04:00,82.3499984741211,82.44000244140625,81.9749984741211,82.05999755859375,17130,0.0,0.0
2024-06-10 09:30:00-04:00,81.55500030517578,82.45999908447266,81.3499984741211,82.41999816894531,7873,0.0,0.0
2024-06-10 10:30:00-04:00,82.5999984741211,82.96499633789062,82.45999908447266,82.83999633789062,8538,0.0,0.0
2024-06-10 11:30:00-04:00,82.79000091552734,83.33000183105469,82.79000091552734,83.33000183105469,6569,0.0,0.0
2024-06-10 12:30:00-04:00,83.27749633789062,83.47000122070312,83.26000213623047,83.41000366210938,5090,0.0,0.0
2024-06-10 13:30:00-04:00,83.48999786376953,84.02999877929688,83.22000122070312,83.41999816894531,9834,0.0,0.0
2024-06-10 14:30:00-04:00,83.31999969482422,83.94999694824219,83.30999755859375,83.70999908447266,7905,0.0,0.0
2024-06-10 15:30:00-04:00,83.69999694824219,83.98999786376953,83.62000274658203,83.98999786376953,22757,0.0,0.0
2024-06-11 09:30:00-04:00,83.0999984741211,83.11000061035156,81.77999877929688,82.69000244140625,9315,0.0,0.0
2024-06-11 10:30:00-04:00,82.83499908447266,82.83499908447266,82.50499725341797,82.54000091552734,2825,0.0,0.0
2024-06-11 11:30:00-04:00,82.55500030517578,82.75,82.44000244140625,82.75,3982,0.0,0.0
2024-06-11 12:30:00-04:00,82.8949966430664,82.9000015258789,82.77999877929688,82.9000015258789,3902,0.0,0.0
2024-06-11 13:30:00-04:00,82.88200378417969,83.88500213623047,82.7699966430664,83.87999725341797,11435,0.0,0.0
2024-06-11 14:30:00-04:00,83.875,84.45999908447266,83.875,84.25,17176,0.0,0.0
2024-06-11 15:30:00-04:00,84.2249984741211,84.69000244140625,84.2249984741211,84.55000305175781,21135,0.0,0.0
2024-06-12 09:30:00-04:00,86.6500015258789,87.83000183105469,86.55999755859375,87.54000091552734,10688,0.0,0.0
2024-06-12 10:30:00-04:00,87.54499816894531,87.58000183105469,86.91999816894531,87.58000183105469,9773,0.0,0.0
2024-06-12 11:30:00-04:00,87.71499633789062,87.79499816894531,86.76000213623047,86.98999786376953,7378,0.0,0.0
2024-06-12 12:30:00-04:00,86.77999877929688,87.08070373535156,86.54000091552734,87.08070373535156,7580,0.0,0.0
2024-06-12 13:30:00-04:00,87.37999725341797,87.37999725341797,84.72530364990234,86.55000305175781,2768,0.0,0.0
2024-06-12 14:30:00-04:00,86.38999938964844,86.62999725341797,84.7300033569336,84.7300033569336,14411,0.0,0.0
2024-06-12 15:30:00-04:00,84.93000030517578,85.05999755859375,84.30000305175781,84.5,30269,0.0,0.0
2024-06-13 09:30:00-04:00,83.5199966430664,84.5979995727539,83.5199966430664,83.62999725341797,7729,0.0,0.0
2024-06-13 10:30:00-04:00,83.68000030517578,83.68000030517578,82.16500091552734,82.16500091552734,8567,0.0,0.0
2024-06-13 11:30:00-04:00,82.5,82.5,81.70010375976562,82.25499725341797,57937,0.0,0.0
2024-06-13 12:30:00-04:00,82.38500213623047,82.38500213623047,81.47000122070312,81.88999938964844,7638,0.0,0.0
2024-06-13 13:30:00-04:00,81.87999725341797,81.87999725341797,81.4800033569336,81.66500091552734,9190,0.0,0.0
2024-06-13 14:30:00-04:00,81.80000305175781,82.11750030517578,81.7300033569336,81.80999755859375,19783,0.0,0.0
2024-06-13 15:30:00-04:00,81.87000274658203,82.08000183105469,81.59500122070312,81.9000015258789,28168,0.0,0.0
2024-06-14 09:30:00-04:00,81.91999816894531,82.97000122070312,80.13749694824219,80.1500015258789,13057,0.0,0.0
2024-06-14 10:30:00-04:00,80.16000366210938,81.62999725341797,79.77999877929688,81.62999725341797,12765,0.0,0.0
2024-06-14 11:30:00-04:00,81.55999755859375,81.55999755859375,80.66999816894531,81.41500091552734,7990,0.0,0.0
2024-06-14 12:30:00-04:00,81.38500213623047,81.72000122070312,81.33000183105469,81.56999969482422,5997,0.0,0.0
2024-06-14 13:30:00-04:00,81.87000274658203,82.22000122070312,81.37000274658203,82.0,9035,0.0,0.0
2024-06-14 14:30:00-04:00,82.1449966430664,82.31999969482422,81.95999908447266,82.29000091552734,11879,0.0,0.0
2024-06-14 15:30:00-04:00,82.16000366210938,82.51000213623047,81.45999908447266,82.48999786376953,46415,0.0,0.0
2024-06-17 09:30:00-04:00,81.25,82.66999816894531,81.25,82.4000015258789,6302,0.0,0.0
2024-06-17 10:30:00-04:00,82.26000213623047,83.33999633789062,82.16010284423828,83.22250366210938,3663,0.0,0.0
2024-06-17 11:30:00-04:00,82.69000244140625,83.20999908447266,82.61000061035156,83.20999908447266,2173,0.0,0.0
2024-06-17 12:30:00-04:00,83.29000091552734,83.50499725341797,83.20999908447266,83.45500183105469,3555,0.0,0.0
2024-06-17 13:30:00-04:00,83.43000030517578,84.18000030517578,83.37000274658203,83.94000244140625,59092,0.0,0.0
2024-06-17 14:30:00-04:00,83.70999908447266,83.70999908447266,82.12000274658203,82.30000305175781,15598,0.0,0.0
2024-06-17 15:30:00-04:00,82.45999908447266,82.62999725341797,82.26000213623047,82.62999725341797,19595,0.0,0.0
2024-06-18 09:30:00-04:00,82.94999694824219,83.4749984741211,81.73999786376953,81.91999816894531,15089,0.0,0.0
2024-06-18 10:30:00-04:00,82.12000274658203,83.61499786376953,82.12000274658203,82.44999694824219,12886,0.0,0.0
2024-06-18 11:30:00-04:00,82.22000122070312,83.29000091552734,82.1500015258789,83.0199966430664,24439,0.0,0.0
2024-06-18 12:30:00-04:00,82.83000183105469,82.83000183105469,82.25,82.49500274658203,4364,0.0,0.0
2024-06-18 13:30:00-04:00,82.52999877929688,82.65809631347656,82.36000061035156,82.36000061035156,4336,0.0,0.0
2024-06-18 14:30:00-04:00,82.46759796142578,82.69000244140625,82.05500030517578,82.05999755859375,8082,0.0,0.0
2024-06-18 15:30:00-04:00,82.12000274658203,82.41000366210938,81.9800033569336,82.0,17502,0.0,0.0
2024-06-20 09:30:00-04:00,81.20999908447266,83.30000305175781,80.50499725341797,83.29000091552734,12691,0.0,0.0
2024-06-20 10:30:00-04:00,83.75299835205078,83.75299835205078,82.9000015258789,83.45999908447266,25656,0.0,0.0
2024-06-20 11:30:00-04:00,83.69499969482422,83.9000015258789,82.9749984741211,82.98500061035156,17525,0.0,0.0
2024-06-20 12:30:00-04:00,82.99500274658203,83.45999908447266,82.93000030517578,83.42500305175781,16345,0.0,0.0
2024-06-20 13:30:00-04:00,83.2249984741211,83.30000305175781,82.6500015258789,82.81500244140625,56823,0.0,0.0
2024-06-20 14:30:00-04:00,82.81999969482422,83.19000244140625,82.19499969482422,82.63500213623047,30100,0.0,0.0
2024-06-20 15:30:00-04:00,82.83999633789062,83.52999877929688,82.69499969482422,83.08000183105469,52883,0.0,0.0
2024-06-21 09:30:00-04:00,83.2300033569336,83.2300033569336,81.55000305175781,82.20999908447266,27566,0.0,0.0
2024-06-21 10:30:00-04:00,82.0,82.38999938964844,81.19000244140625,82.38999938964844,19596,0.0,0.0
2024-06-21 11:30:00-04:00,82.41000366210938,83.75499725341797,82.36499786376953,83.75499725341797,11157,0.0,0.0
2024-06-21 12:30:00-04:00,83.6500015258789,84.06500244140625,83.1500015258789,83.18000030517578,5439,0.0,0.0
2024-06-21 13:30:00-04:00,83.0199966430664,83.97000122070312,83.01000213623047,83.6843032836914,11280,0.0,0.0
2024-06-21 14:30:00-04:00,83.75,83.80999755859375,83.26000213623047,83.80500030517578,6837,0.0,0.0
2024-06-21 15:30:00-04:00,83.63999938964844,84.51000213623047,83.55000305175781,83.66000366210938,28650,0.0,0.0
2024-06-24 09:30:00-04:00,83.55000305175781,85.8499984741211,82.94499969482422,85.43499755859375,5520,0.0,0.0
2024-06-24 10:30:00-04:00,85.12000274658203,85.4800033569336,84.3550033569336,84.45999908447266,8350,0.0,0.0
2024-06-24 11:30:00-04:00,84.4749984741211,85.0,84.4749984741211,84.76499938964844,4885,0.0,0.0
2024-06-24 12:30:00-04:00,84.76000213623047,85.05999755859375,84.5999984741211,85.01599884033203,8305,0.0,0.0
2024-06-24 13:30:00-04:00,84.99500274658203,85.86499786376953,84.99500274658203,85.86499786376953,15108,0.0,0.0
2024-06-24 14:30:00-04:00,85.95999908447266,86.26499938964844,85.51000213623047,86.06999969482422,31302,0.0,0.0
2024-06-24 15:30:00-04:00,86.07499694824219,86.5999984741211,85.5199966430664,86.5,96793,0.0,0.0
2024-06-25 09:30:00-04:00,86.13999938964844,87.33499908447266,85.41999816894531,87.02999877929688,13901,0.0,0.0
2024-06-25 10:30:00-04:00,86.7249984741211,87.36000061035156,86.5,86.72000122070312,11008,0.0,0.0
2024-06-25 11:30:00-04:00,87.06500244140625,88.43000030517578,87.06500244140625,87.87999725341797,35580,0.0,0.0
2024-06-25 12:30:00-04:00,88.01000213623047,88.05000305175781,87.08999633789062,87.5999984741211,24824,0.0,0.0
2024-06-25 13:30:00-04:00,87.70999908447266,88.19000244140625,87.66999816894531,87.7750015258789,23629,0.0,0.0
2024-06-25 14:30:00-04:00,87.76499938964844,87.9000015258789,86.73999786376953,87.75,59124,0.0,0.0
2024-06-25 15:30:00-04:00,87.87000274658203,87.97000122070312,87.5,87.93000030517578,57497,0.0,0.0
2024-06-26 09:30:00-04:00,87.16999816894531,88.30000305175781,87.16020202636719,88.30000305175781,11853,0.0,0.0
2024-06-26 10:30:00-04:00,88.44000244140625,89.18499755859375,87.22000122070312,88.05000305175781,17345,0.0,0.0
2024-06-26 11:30:00-04:00,87.88999938964844,88.58000183105469,87.83999633789062,88.5,14545,0.0,0.0
2024-06-26 12:30:00-04:00,88.48999786376953,88.69999694824219,87.75,87.8125,15633,0.0,0.0
2024-06-26 13:30:00-04:00,87.7750015258789,87.91000366210938,87.4749984741211,87.69999694824219,12040,0.0,0.0
2024-06-26 14:30:00-04:00,87.86000061035156,88.50499725341797,87.86000061035156,88.22000122070312,22431,0.0,0.0
2024-06-26 15:30:00-04:00,88.01000213623047,88.0250015258789,86.66999816894531,87.28500366210938,48010,0.0,0.0
2024-06-27 09:30:00-04:00,87.54000091552734,87.70500183105469,87.1500015258789,87.41999816894531,8973,0.0,0.0
2024-06-27 10:30:00-04:00,87.23999786376953,87.5,86.2699966430664,86.5,11232,0.0,0.0
2024-06-27 11:30:00-04:00,86.15499877929688,87.43000030517578,85.7300033569336,87.05500030517578,70185,0.0,0.0
2024-06-27 12:30:00-04:00,87.03500366210938,87.62000274658203,86.82009887695312,86.8499984741211,37226,0.0,0.0
2024-06-27 13:30:00-04:00,86.8499984741211,86.94999694824219,86.38999938964844,86.69000244140625,10713,0.0,0.0
2024-06-27 14:30:00-04:00,86.73999786376953,87.45999908447266,86.61000061035156,87.45999908447266,12455,0.0,0.0
2024-06-27 15:30:00-04:00,87.26000213623047,87.51499938964844,86.81999969482422,87.05000305175781,25575,0.0,0.0
2024-06-28 09:30:00-04:00,88.5,91.7300033569336,88.5,89.94000244140625,28230,0.0,0.0
2024-06-28 10:30:00-04:00,89.96800231933594,90.56999969482422,88.80000305175781,89.38999938964844,21178,0.0,0.0
2024-06-28 11:30:00-04:00,89.08999633789062,89.98999786376953,88.83000183105469,89.56999969482422,26927,0.0,0.0
2024-06-28 12:30:00-04:00,89.73999786376953,89.76000213623047,89.19999694824219,89.5250015258789,20212,0.0,0.0
2024-06-28 13:30:00-04:00,89.32499694824219,89.54000091552734,88.17500305175781,88.17500305175781,13740,0.0,0.0
2024-06-28 14:30:00-04:00,88.16000366210938,88.47000122070312,87.51000213623047,87.9800033569336,15993,0.0,0.0
2024-06-28 15:30:00-04:00,87.73999786376953,88.87999725341797,87.5199966430664,88.33999633789062,41446,0.0,0.0
2024-07-01 09:30:00-04:00,87.94999694824219,88.41999816894531,86.05999755859375,86.77999877929688,14837,0.0,0.0
2024-07-01 10:30:00-04:00,86.54000091552734,86.74500274658203,85.80000305175781,86.125,5105,0.0,0.0
2024-07-01 11:30:00-04:00,86.13500213623047,86.61000061035156,85.58000183105469,86.05999755859375,7814,0.0,0.0
2024-07-01 12:30:00-04:00,86.04000091552734,86.19000244140625,85.85859680175781,86.0824966430664,8436,0.0,0.0
2024-07-01 13:30:00-04:00,85.62999725341797,86.125,85.62999725341797,86.125,14546,0.0,0.0
2024-07-01 14:30:00-04:00,85.7699966430664,86.0,85.44000244140625,85.55500030517578,12834,0.0,0.0
2024-07-01 15:30:00-04:00,85.44000244140625,85.83999633789062,85.33000183105469,85.56999969482422,28820,0.0,0.0
2024-07-02 09:30:00-04:00,85.0,87.13999938964844,85.0,86.79000091552734,20183,0.0,0.0
2024-07-02 10:30:00-04:00,87.0,88.41999816894531,87.0,88.31999969482422,13327,0.0,0.0
2024-07-02 11:30:00-04:00,88.26499938964844,88.6500015258789,86.91999816894531,87.47000122070312,28211,0.0,0.0
2024-07-02 12:30:00-04:00,87.37000274658203,87.4574966430664,86.59500122070312,86.59500122070312,6668,0.0,0.0
2024-07-02 13:30:00-04:00,86.62999725341797,87.9800033569336,86.58000183105469,87.76000213623047,30239,0.0,0.0
2024-07-02 14:30:00-04:00,87.79000091552734,88.0999984741211,87.4800033569336,88.0199966430664,16463,0.0,0.0
2024-07-02 15:30:00-04:00,88.02999877929688,88.09500122070312,87.80000305175781,88.04000091552734,24918,0.0,0.0
2024-07-03 09:30:00-04:00,88.05500030517578,88.80999755859375,87.92340087890625,88.80999755859375,10624,0.0,0.0
2024-07-03 10:30:00-04:00,89.0199966430664,89.0469970703125,88.0999984741211,88.69000244140625,10942,0.0,0.0
2024-07-03 11:30:00-04:00,88.4000015258789,88.80999755859375,88.31500244140625,88.45999908447266,4170,0.0,0.0
2024-07-05 09:30:00-04:00,87.04000091552734,88.20999908447266,87.04000091552734,87.40499877929688,18096,0.0,0.0
2024-07-05 10:30:00-04:00,87.69000244140625,88.45999908447266,87.69000244140625,88.02429962158203,6579,0.0,0.0
2024-07-05 11:30:00-04:00,88.06999969482422,89.01499938964844,88.06999969482422,89.01499938964844,54421,0.0,0.0
2024-07-05 12:30:00-04:00,88.91999816894531,89.30000305175781,88.80999755859375,89.0250015258789,7326,0.0,0.0
2024-07-05 13:30:00-04:00,89.07499694824219,89.28250122070312,88.94999694824219,89.18000030517578,10482,0.0,0.0
2024-07-05 14:30:00-04:00,89.18000030517578,89.37000274658203,88.9800033569336,88.9800033569336,9669,0.0,0.0
2024-07-05 15:30:00-04:00,89.12999725341797,89.4625015258789,89.0199966430664,89.19999694824219,25795,0.0,0.0
2024-07-08 09:30:00-04:00,90.16000366210938,90.30500030517578,89.58999633789062,89.69499969482422,6505,0.0,0.0
2024-07-08 10:30:00-04:00,89.6449966430664,89.87899780273438,88.99500274658203,88.99500274658203,6618,0.0,0.0
2024-07-08 11:30:00-04:00,88.81999969482422,88.8499984741211,88.37750244140625,88.51000213623047,9798,0.0,0.0
2024-07-08 12:30:00-04:00,88.66999816894531,88.79000091552734,88.44499969482422,88.70500183105469,5571,0.0,0.0
2024-07-08 13:30:00-04:00,88.75,88.87999725341797,88.14710235595703,88.18000030517578,22397,0.0,0.0
2024-07-08 14:30:00-04:00,88.08999633789062,88.33000183105469,87.6500015258789,88.16500091552734,9527,0.0,0.0
2024-07-08 15:30:00-04:00,87.94499969482422,88.2699966430664,87.94000244140625,87.94000244140625,23710,0.0,0.0
2024-07-09 09:30:00-04:00,88.20999908447266,88.7300033569336,87.31999969482422,87.38999938964844,8035,0.0,0.0
2024-07-09 10:30:00-04:00,87.3499984741211,87.35250091552734,86.76000213623047,86.8499984741211,8232,0.0,0.0
2024-07-09 11:30:00-04:00,86.875,88.22000122070312,86.875,88.04000091552734,28763,0.0,0.0
2024-07-09 12:30:00-04:00,88.04499816894531,88.08000183105469,87.62000274658203,88.0,10505,0.0,0.0
2024-07-09 13:30:00-04:00,88.0,88.13500213623047,87.50270080566406,87.5071029663086,6314,0.0,0.0
2024-07-09 14:30:00-04:00,87.7699966430664,88.06999969482422,87.38500213623047,87.95999908447266,11264,0.0,0.0
2024-07-09 15:30:00-04:00,87.88999938964844,88.12000274658203,87.68000030517578,88.0999984741211,18778,0.0,0.0
2024-07-10 09:30:00-04:00,88.5155029296875,88.5155029296875,87.16000366210938,87.16000366210938,6584,0.0,0.0
2024-07-10 10:30:00-04:00,87.0999984741211,88.16999816894531,87.0999984741211,88.16999816894531,7288,0.0,0.0
2024-07-10 11:30:00-04:00,87.97250366210938,88.16500091552734,87.91999816894531,88.0199966430664,5218,0.0,0.0
2024-07-10 12:30:00-04:00,88.28500366210938,88.28500366210938,87.83999633789062,87.83999633789062,2517,0.0,0.0
2024-07-10 13:30:00-04:00,87.63999938964844,87.81500244140625,87.63999938964844,87.73799896240234,2382,0.0,0.0
2024-07-10 14:30:00-04:00,87.97000122070312,88.20999908447266,87.76000213623047,88.16680145263672,14904,0.0,0.0
2024-07-10 15:30:00-04:00,88.22000122070312,88.26000213623047,87.77999877929688,87.97000122070312,21288,0.0,0.0
2024-07-11 09:30:00-04:00,89.86000061035156,90.86000061035156,89.4800033569336,89.95500183105469,9068,0.0,0.0
2024-07-11 10:30:00-04:00,90.07499694824219,90.70999908447266,90.07499694824219,90.30500030517578,9259,0.0,0.0
2024-07-11 11:30:00-04:00,90.09500122070312,90.54000091552734,89.67970275878906,89.67970275878906,15456,0.0,0.0
2024-07-11 12:30:00-04:00,90.13999938964844,90.2300033569336,89.82499694824219,90.0,7664,0.0,0.0
2024-07-11 13:30:00-04:00,89.80000305175781,89.80000305175781,88.87470245361328,88.87470245361328,10224,0.0,0.0
2024-07-11 14:30:00-04:00,89.0999984741211,89.46499633789062,88.79499816894531,89.05000305175781,13422,0.0,0.0
2024-07-11 15:30:00-04:00,88.86000061035156,89.1500015258789,88.4800033569336,88.4800033569336,27335,0.0,0.0
2024-07-12 09:30:00-04:00,89.76000213623047,90.1449966430664,88.80999755859375,89.83000183105469,22672,0.0,0.0
2024-07-12 10:30:00-04:00,89.83999633789062,90.9625015258789,89.83999633789062,90.40499877929688,18900,0.0,0.0
2024-07-12 11:30:00-04:00,90.18499755859375,90.19000244140625,89.5199966430664,89.61499786376953,11742,0.0,0.0
2024-07-12 12:30:00-04:00,89.6500015258789,90.1500015258789,89.48999786376953,90.1500015258789,19719,0.0,0.0
2024-07-12 13:30:00-04:00,89.92500305175781,89.92500305175781,89.44000244140625,89.52999877929688,16385,0.0,0.0
2024-07-12 14:30:00-04:00,89.71749877929688,90.27999877929688,89.44999694824219,89.7699966430664,42390,0.0,0.0
2024-07-12 15:30:00-04:00,89.63999938964844,89.6500015258789,89.08999633789062,89.12999725341797,24209,0.0,0.0
