Datetime,Open,High,Low,Close,Volume,Dividends,Stock Splits
2022-07-14 12:30:00-04:00,25.240100860595703,25.240100860595703,25.239999771118164,25.239999771118164,0,0.0,0.0
2022-07-14 13:30:00-04:00,25.264999389648438,25.265199661254883,25.232900619506836,25.232900619506836,1028,0.0,0.0
2022-07-14 14:30:00-04:00,25.219999313354492,25.235000610351562,25.219999313354492,25.219999313354492,444,0.0,0.0
2022-07-14 15:30:00-04:00,25.235000610351562,25.280000686645508,25.235000610351562,25.280000686645508,509,0.0,0.0
2022-07-15 09:30:00-04:00,25.34510040283203,25.34510040283203,25.34510040283203,25.34510040283203,0,0.0,0.0
2022-07-15 10:30:00-04:00,25.43829917907715,25.43829917907715,25.31999969482422,25.31999969482422,711,0.0,0.0
2022-07-15 11:30:00-04:00,25.34269905090332,25.34269905090332,25.290000915527344,25.290000915527344,616,0.0,0.0
2022-07-15 13:30:00-04:00,25.280000686645508,25.280000686645508,25.280000686645508,25.280000686645508,1042,0.0,0.0
2022-07-15 14:30:00-04:00,25.25,25.25,25.25,25.25,211,0.0,0.0
2022-07-15 15:30:00-04:00,25.354999542236328,25.354999542236328,25.354999542236328,25.354999542236328,451,0.0,0.0
2022-07-18 09:30:00-04:00,25.350000381469727,25.350000381469727,25.299999237060547,25.339000701904297,0,0.0,0.0
2022-07-18 10:30:00-04:00,25.280000686645508,25.292600631713867,25.280000686645508,25.287900924682617,2050,0.0,0.0
2022-07-18 12:30:00-04:00,25.299999237060547,25.299999237060547,25.280000686645508,25.298799514770508,1755,0.0,0.0
2022-07-18 13:30:00-04:00,25.290000915527344,25.299999237060547,25.280000686645508,25.28730010986328,1580,0.0,0.0
2022-07-18 14:30:00-04:00,25.290000915527344,25.29829978942871,25.280000686645508,25.29829978942871,1358,0.0,0.0
2022-07-18 15:30:00-04:00,25.280000686645508,25.29800033569336,25.25,25.28499984741211,1708,0.0,0.0
2022-07-19 09:30:00-04:00,25.229999542236328,25.31999969482422,25.229999542236328,25.260000228881836,0,0.0,0.0
2022-07-19 10:30:00-04:00,25.229999542236328,25.309999465942383,25.229999542236328,25.309999465942383,767,0.0,0.0
2022-07-19 11:30:00-04:00,25.309999465942383,25.309999465942383,25.290000915527344,25.290000915527344,857,0.0,0.0
2022-07-19 12:30:00-04:00,25.260000228881836,25.299999237060547,25.260000228881836,25.280000686645508,1072,0.0,0.0
2022-07-19 13:30:00-04:00,25.280000686645508,25.31999969482422,25.280000686645508,25.299999237060547,1545,0.0,0.0
2022-07-19 14:30:00-04:00,25.309999465942383,25.309999465942383,25.239999771118164,25.239999771118164,1257,0.0,0.0
2022-07-19 15:30:00-04:00,25.270000457763672,25.3700008392334,25.25,25.3700008392334,1460,0.0,0.0
2022-07-20 09:30:00-04:00,25.322099685668945,25.322099685668945,25.322099685668945,25.322099685668945,0,0.0,0.0
2022-07-20 10:30:00-04:00,25.329999923706055,25.329999923706055,25.239999771118164,25.260000228881836,5384,0.0,0.0
2022-07-20 11:30:00-04:00,25.260000228881836,25.260000228881836,25.259899139404297,25.260000228881836,1179,0.0,0.0
2022-07-20 12:30:00-04:00,25.279300689697266,25.290000915527344,25.279300689697266,25.285600662231445,1654,0.0,0.0
2022-07-20 13:30:00-04:00,25.290000915527344,25.290000915527344,25.270000457763672,25.270000457763672,608,0.0,0.0
2022-07-20 14:30:00-04:00,25.290000915527344,25.290000915527344,25.290000915527344,25.290000915527344,332,0.0,0.0
2022-07-20 15:30:00-04:00,25.322099685668945,25.322099685668945,25.280000686645508,25.280000686645508,1200,0.0,0.0
2022-07-21 09:30:00-04:00,25.260000228881836,25.309999465942383,25.260000228881836,25.309999465942383,0,0.0,0.0
2022-07-21 10:30:00-04:00,25.34000015258789,25.4330997467041,25.34000015258789,25.420000076293945,1318,0.0,0.0
2022-07-21 11:30:00-04:00,25.301599502563477,25.389799118041992,25.301599502563477,25.3700008392334,809,0.0,0.0
2022-07-21 12:30:00-04:00,25.3799991607666,25.3799991607666,25.3799991607666,25.3799991607666,618,0.0,0.0
2022-07-21 13:30:00-04:00,25.458999633789062,25.458999633789062,25.458999633789062,25.458999633789062,296,0.0,0.0
2022-07-21 14:30:00-04:00,25.325199127197266,25.45870018005371,25.325199127197266,25.45870018005371,408,0.0,0.0
2022-07-21 15:30:00-04:00,25.329999923706055,25.329999923706055,25.329999923706055,25.329999923706055,700,0.0,0.0
2022-07-22 09:30:00-04:00,25.350000381469727,25.350000381469727,25.350000381469727,25.350000381469727,0,0.0,0.0
2022-07-22 10:30:00-04:00,25.350000381469727,25.350000381469727,25.2903995513916,25.2903995513916,600,0.0,0.0
2022-07-22 11:30:00-04:00,25.350000381469727,25.36590003967285,25.350000381469727,25.36590003967285,863,0.0,0.0
2022-07-22 12:30:00-04:00,25.350000381469727,25.3700008392334,25.350000381469727,25.3700008392334,610,0.0,0.0
2022-07-22 13:30:00-04:00,25.3700008392334,25.399999618530273,25.3700008392334,25.399999618530273,634,0.0,0.0
2022-07-22 14:30:00-04:00,25.44219970703125,25.44219970703125,25.44219970703125,25.44219970703125,210,0.0,0.0
2022-07-25 09:30:00-04:00,25.318899154663086,25.318899154663086,25.318899154663086,25.318899154663086,0,0.0,0.0
2022-07-25 10:30:00-04:00,25.375,25.44890022277832,25.375,25.44890022277832,470,0.0,0.0
2022-07-25 11:30:00-04:00,25.440000534057617,25.440000534057617,25.440000534057617,25.440000534057617,410,0.0,0.0
2022-07-25 13:30:00-04:00,25.3799991607666,25.440000534057617,25.3799991607666,25.440000534057617,1780,0.0,0.0
2022-07-26 09:30:00-04:00,25.309999465942383,25.369699478149414,25.309999465942383,25.369699478149414,0,0.0,0.0
2022-07-26 10:30:00-04:00,25.435100555419922,25.435100555419922,25.435100555419922,25.435100555419922,349,0.0,0.0
2022-07-26 11:30:00-04:00,25.375,25.375,25.375,25.375,471,0.0,0.0
2022-07-26 12:30:00-04:00,25.399999618530273,25.399999618530273,25.399999618530273,25.399999618530273,596,0.0,0.0
2022-07-26 14:30:00-04:00,25.41860008239746,25.459999084472656,25.41860008239746,25.459999084472656,1180,0.0,0.0
2022-07-26 15:30:00-04:00,25.499900817871094,25.499900817871094,25.43000030517578,25.43000030517578,1327,0.0,0.0
2022-07-27 11:30:00-04:00,25.350000381469727,25.350000381469727,25.299999237060547,25.299999237060547,227,0.0,0.0
2022-07-27 12:30:00-04:00,25.309999465942383,25.309999465942383,25.309999465942383,25.309999465942383,365,0.0,0.0
2022-07-27 13:30:00-04:00,25.301799774169922,25.5,25.301799774169922,25.499900817871094,2246,0.0,0.0
2022-07-27 14:30:00-04:00,25.489999771118164,25.489999771118164,25.489999771118164,25.489999771118164,384,0.0,0.0
2022-07-27 15:30:00-04:00,25.33049964904785,25.5,25.33049964904785,25.5,2673,0.0,0.0
2022-07-28 09:30:00-04:00,25.405799865722656,25.405799865722656,25.405799865722656,25.405799865722656,0,0.0,0.0
2022-07-28 11:30:00-04:00,25.420000076293945,25.431100845336914,25.420000076293945,25.431100845336914,607,0.0,0.0
2022-07-28 13:30:00-04:00,25.5,25.5,25.430099487304688,25.430099487304688,928,0.0,0.0
2022-07-28 14:30:00-04:00,25.469999313354492,25.600000381469727,25.459999084472656,25.459999084472656,1852,0.0,0.0
2022-07-28 15:30:00-04:00,25.530000686645508,25.600000381469727,25.530000686645508,25.571199417114258,2272,0.0,0.0
2022-07-29 09:30:00-04:00,25.600000381469727,25.600000381469727,25.600000381469727,25.600000381469727,0,0.0,0.0
2022-07-29 10:30:00-04:00,25.760000228881836,25.860000610351562,25.760000228881836,25.860000610351562,3942,0.0,0.0
2022-07-29 11:30:00-04:00,25.549999237060547,25.549999237060547,25.549999237060547,25.549999237060547,250,0.0,0.0
2022-07-29 12:30:00-04:00,25.7450008392334,25.7450008392334,25.7450008392334,25.7450008392334,438,0.0,0.0
2022-07-29 13:30:00-04:00,25.8700008392334,26.024999618530273,25.846099853515625,25.969999313354492,3403,0.0,0.0
2022-07-29 14:30:00-04:00,26.024999618530273,26.239999771118164,25.80769920349121,25.959999084472656,8524,0.0,0.0
2022-07-29 15:30:00-04:00,26.225900650024414,26.290000915527344,25.84000015258789,26.05500030517578,875,0.0,0.0
2022-08-01 09:30:00-04:00,25.780000686645508,25.780000686645508,25.780000686645508,25.780000686645508,0,0.0,0.0
2022-08-01 10:30:00-04:00,25.850099563598633,25.850099563598633,25.850099563598633,25.850099563598633,680,0.0,0.0
2022-08-01 11:30:00-04:00,26.219999313354492,26.219999313354492,26.219999313354492,26.219999313354492,244,0.0,0.0
2022-08-01 13:30:00-04:00,26.285999298095703,26.285999298095703,26.285999298095703,26.285999298095703,1392,0.0,0.0
2022-08-01 14:30:00-04:00,26.40999984741211,26.40999984741211,26.34000015258789,26.34000015258789,676,0.0,0.0
2022-08-01 15:30:00-04:00,26.34000015258789,26.34000015258789,25.818500518798828,26.25349998474121,962,0.0,0.0
2022-08-02 10:30:00-04:00,25.789100646972656,25.789100646972656,25.789100646972656,25.789100646972656,0,0.0,0.0
2022-08-02 11:30:00-04:00,26.25,26.25,25.950000762939453,26.15999984741211,2117,0.0,0.0
2022-08-02 13:30:00-04:00,26.30970001220703,26.37969970703125,26.299999237060547,26.299999237060547,2099,0.0,0.0
2022-08-02 14:30:00-04:00,26.264400482177734,26.299999237060547,26.264400482177734,26.299999237060547,854,0.0,0.0
2022-08-02 15:30:00-04:00,25.639999389648438,25.639999389648438,25.639999389648438,25.639999389648438,246,0.0,0.0
2022-08-03 09:30:00-04:00,26.332300186157227,26.332300186157227,26.332300186157227,26.332300186157227,0,0.0,0.0
2022-08-03 11:30:00-04:00,26.049999237060547,26.049999237060547,25.809999465942383,25.899999618530273,611,0.0,0.0
2022-08-03 12:30:00-04:00,25.989999771118164,25.989999771118164,25.989999771118164,25.989999771118164,420,0.0,0.0
2022-08-03 13:30:00-04:00,25.989999771118164,25.9950008392334,25.989999771118164,25.9950008392334,876,0.0,0.0
2022-08-03 15:30:00-04:00,25.90999984741211,26.18000030517578,25.90999984741211,26.18000030517578,403,0.0,0.0
2022-08-04 10:30:00-04:00,25.780000686645508,25.780000686645508,25.780000686645508,25.780000686645508,0,0.0,0.0
2022-08-04 11:30:00-04:00,25.799999237060547,25.799999237060547,25.799999237060547,25.799999237060547,138,0.0,0.0
2022-08-04 12:30:00-04:00,25.81999969482422,26.228099822998047,25.799999237060547,26.228099822998047,1798,0.0,0.0
2022-08-04 13:30:00-04:00,26.200000762939453,26.200000762939453,26.190000534057617,26.190000534057617,392,0.0,0.0
2022-08-04 14:30:00-04:00,26.267900466918945,26.290000915527344,26.267900466918945,26.290000915527344,288,0.0,0.0
2022-08-04 15:30:00-04:00,26.1299991607666,26.1299991607666,26.0,26.020000457763672,647,0.0,0.0
2022-08-05 09:30:00-04:00,25.928300857543945,25.928300857543945,25.928300857543945,25.928300857543945,0,0.0,0.0
2022-08-05 10:30:00-04:00,26.020000457763672,26.020000457763672,26.020000457763672,26.020000457763672,644,0.0,0.0
2022-08-05 11:30:00-04:00,26.014999389648438,26.139999389648438,26.007099151611328,26.007099151611328,977,0.0,0.0
2022-08-05 12:30:00-04:00,25.799999237060547,25.799999237060547,25.799999237060547,25.799999237060547,134,0.0,0.0
2022-08-05 13:30:00-04:00,26.148000717163086,26.22260093688965,25.980600357055664,25.980600357055664,1623,0.0,0.0
2022-08-05 15:30:00-04:00,25.979999542236328,25.979999542236328,25.850000381469727,25.850000381469727,1538,0.0,0.0
2022-08-08 09:30:00-04:00,25.8700008392334,25.90559959411621,25.8700008392334,25.90559959411621,0,0.0,0.0
2022-08-08 10:30:00-04:00,25.986900329589844,26.049999237060547,25.986900329589844,26.020000457763672,1857,0.0,0.0
2022-08-08 13:30:00-04:00,25.89259910583496,26.08930015563965,25.89259910583496,25.96500015258789,1082,0.0,0.0
2022-08-08 14:30:00-04:00,26.1658992767334,26.1658992767334,26.1658992767334,26.1658992767334,169,0.0,0.0
2022-08-08 15:30:00-04:00,25.969999313354492,25.969999313354492,25.969999313354492,25.969999313354492,230,0.0,0.0
2022-08-09 09:30:00-04:00,26.00550079345703,26.00550079345703,26.0,26.0,0,0.0,0.0
2022-08-09 10:30:00-04:00,26.0049991607666,26.0049991607666,26.0049991607666,26.0049991607666,541,0.0,0.0
2022-08-09 12:30:00-04:00,25.93400001525879,25.93400001525879,25.93400001525879,25.93400001525879,292,0.0,0.0
2022-08-09 13:30:00-04:00,25.985000610351562,25.985000610351562,25.985000610351562,25.985000610351562,281,0.0,0.0
2022-08-09 14:30:00-04:00,25.93000030517578,25.93000030517578,25.8799991607666,25.8799991607666,933,0.0,0.0
2022-08-09 15:30:00-04:00,26.0,26.020000457763672,25.979999542236328,26.020000457763672,3205,0.0,0.0
2022-08-10 10:30:00-04:00,26.107500076293945,26.34000015258789,26.107500076293945,26.34000015258789,197,0.0,0.0
2022-08-10 13:30:00-04:00,26.010000228881836,26.229999542236328,26.0,26.229999542236328,1151,0.0,0.0
2022-08-10 14:30:00-04:00,25.989999771118164,26.215099334716797,25.989999771118164,26.010000228881836,879,0.0,0.0
2022-08-10 15:30:00-04:00,26.100000381469727,26.100000381469727,26.06999969482422,26.06999969482422,1206,0.0,0.0
2022-08-11 09:30:00-04:00,26.06999969482422,26.06999969482422,26.06999969482422,26.06999969482422,0,0.0,0.0
2022-08-11 10:30:00-04:00,25.979999542236328,25.979999542236328,25.979999542236328,25.979999542236328,428,0.0,0.0
2022-08-11 11:30:00-04:00,26.020000457763672,26.059999465942383,25.81999969482422,25.81999969482422,2255,0.0,0.0
2022-08-11 12:30:00-04:00,26.059999465942383,26.059999465942383,26.059999465942383,26.059999465942383,658,0.0,0.0
2022-08-11 13:30:00-04:00,25.829999923706055,25.829999923706055,25.829999923706055,25.829999923706055,103,0.0,0.0
2022-08-11 14:30:00-04:00,25.600099563598633,26.055400848388672,25.600099563598633,26.055400848388672,1559,0.0,0.0
2022-08-12 09:30:00-04:00,25.860000610351562,25.860000610351562,25.860000610351562,25.860000610351562,0,0.0,0.0
2022-08-12 14:30:00-04:00,26.030000686645508,26.110000610351562,25.860000610351562,26.059999465942383,893,0.0,0.0
2022-08-15 10:30:00-04:00,25.802799224853516,25.802799224853516,25.802799224853516,25.802799224853516,0,0.0,0.0
2022-08-15 11:30:00-04:00,25.81999969482422,25.81999969482422,25.81999969482422,25.81999969482422,200,0.0,0.0
2022-08-15 12:30:00-04:00,25.940000534057617,25.940000534057617,25.940000534057617,25.940000534057617,469,0.0,0.0
2022-08-15 13:30:00-04:00,26.030000686645508,26.030000686645508,26.001399993896484,26.001399993896484,1039,0.0,0.0
2022-08-15 14:30:00-04:00,25.628000259399414,25.81999969482422,25.628000259399414,25.683399200439453,1146,0.0,0.0
2022-08-16 09:30:00-04:00,25.75,25.94029998779297,25.59000015258789,25.59000015258789,715,0.0,0.0
2022-08-16 10:30:00-04:00,25.6299991607666,25.670000076293945,25.440000534057617,25.447999954223633,5420,0.0,0.0
2022-08-16 11:30:00-04:00,25.910200119018555,25.910200119018555,25.910200119018555,25.910200119018555,189,0.0,0.0
2022-08-16 12:30:00-04:00,25.440000534057617,25.96139907836914,25.440000534057617,25.510000228881836,1466,0.0,0.0
2022-08-16 13:30:00-04:00,25.690000534057617,25.933900833129883,25.670000076293945,25.75,1662,0.0,0.0
2022-08-16 14:30:00-04:00,25.549999237060547,25.593900680541992,25.520000457763672,25.530000686645508,1947,0.0,0.0
2022-08-16 15:30:00-04:00,25.549999237060547,25.549999237060547,25.510000228881836,25.510000228881836,919,0.0,0.0
2022-08-17 09:30:00-04:00,25.479999542236328,25.479999542236328,25.43000030517578,25.43000030517578,0,0.0,0.0
2022-08-17 10:30:00-04:00,25.40999984741211,25.441499710083008,25.399999618530273,25.441499710083008,885,0.0,0.0
2022-08-17 11:30:00-04:00,25.360000610351562,25.440000534057617,25.31999969482422,25.399999618530273,935,0.0,0.0
2022-08-17 12:30:00-04:00,25.43950080871582,25.43950080871582,25.399999618530273,25.400100708007812,1446,0.0,0.0
2022-08-17 13:30:00-04:00,25.329999923706055,25.399999618530273,25.290000915527344,25.290000915527344,3133,0.0,0.0
2022-08-17 14:30:00-04:00,25.270000457763672,25.367300033569336,25.264999389648438,25.290000915527344,1548,0.0,0.0
2022-08-17 15:30:00-04:00,25.290000915527344,25.309999465942383,25.25,25.309999465942383,1069,0.0,0.0
2022-08-18 09:30:00-04:00,25.299999237060547,25.299999237060547,25.299999237060547,25.299999237060547,0,0.0,0.0
2022-08-18 11:30:00-04:00,25.360000610351562,25.360000610351562,25.360000610351562,25.360000610351562,809,0.0,0.0
2022-08-18 14:30:00-04:00,25.479400634765625,25.479400634765625,25.454999923706055,25.454999923706055,478,0.0,0.0
2022-08-18 15:30:00-04:00,25.450000762939453,25.450000762939453,25.450000762939453,25.450000762939453,233,0.0,0.0
2022-08-19 09:30:00-04:00,25.450000762939453,25.450000762939453,25.450000762939453,25.450000762939453,0,0.0,0.0
2022-08-19 10:30:00-04:00,25.309999465942383,25.309999465942383,25.299999237060547,25.30970001220703,1397,0.0,0.0
2022-08-19 11:30:00-04:00,25.299999237060547,25.440000534057617,25.299999237060547,25.440000534057617,2050,0.0,0.0
2022-08-19 13:30:00-04:00,25.350000381469727,25.459400177001953,25.309999465942383,25.459400177001953,2841,0.0,0.0
2022-08-19 14:30:00-04:00,25.360000610351562,25.433900833129883,25.360000610351562,25.360000610351562,5159,0.0,0.0
2022-08-22 09:30:00-04:00,25.299999237060547,25.34000015258789,25.299999237060547,25.34000015258789,0,0.0,0.0
2022-08-22 10:30:00-04:00,25.376399993896484,25.376399993896484,25.287200927734375,25.287200927734375,1326,0.0,0.0
2022-08-22 11:30:00-04:00,25.280000686645508,25.325000762939453,25.280000686645508,25.299999237060547,1385,0.0,0.0
2022-08-22 13:30:00-04:00,25.329999923706055,25.360000610351562,25.309999465942383,25.309999465942383,1704,0.0,0.0
2022-08-23 09:30:00-04:00,25.280000686645508,25.389999389648438,25.280000686645508,25.389999389648438,0,0.0,0.0
2022-08-23 10:30:00-04:00,25.40999984741211,25.40999984741211,25.399999618530273,25.399999618530273,1928,0.0,0.0
2022-08-23 11:30:00-04:00,25.61009979248047,25.614200592041016,25.57360076904297,25.614200592041016,1449,0.0,0.0
2022-08-23 14:30:00-04:00,25.440000534057617,25.700000762939453,25.31999969482422,25.353700637817383,9768,0.0,0.0
2022-08-23 15:30:00-04:00,25.545000076293945,25.545000076293945,25.40999984741211,25.40999984741211,259,0.0,0.0
2022-08-24 09:30:00-04:00,25.290000915527344,25.350000381469727,25.290000915527344,25.350000381469727,0,0.0,0.0
2022-08-24 11:30:00-04:00,25.309999465942383,25.309999465942383,25.309999465942383,25.309999465942383,633,0.0,0.0
2022-08-24 14:30:00-04:00,25.34630012512207,25.479999542236328,25.31999969482422,25.399999618530273,2099,0.0,0.0
2022-08-24 15:30:00-04:00,25.3799991607666,25.420000076293945,25.31999969482422,25.420000076293945,1477,0.0,0.0
2022-08-25 10:30:00-04:00,25.59000015258789,25.59000015258789,25.579999923706055,25.579999923706055,0,0.0,0.0
2022-08-25 11:30:00-04:00,25.3799991607666,25.399999618530273,25.360200881958008,25.399999618530273,772,0.0,0.0
2022-08-25 12:30:00-04:00,25.529800415039062,25.529800415039062,25.459999084472656,25.459999084472656,524,0.0,0.0
2022-08-25 13:30:00-04:00,25.43000030517578,25.600000381469727,25.43000030517578,25.600000381469727,533,0.0,0.0
2022-08-25 14:30:00-04:00,25.52829933166504,25.52829933166504,25.52829933166504,25.52829933166504,163,0.0,0.0
2022-08-25 15:30:00-04:00,25.389999389648438,25.530000686645508,25.329999923706055,25.510000228881836,6958,0.0,0.0
2022-08-26 09:30:00-04:00,25.434999465942383,25.434999465942383,25.360000610351562,25.360000610351562,0,0.0,0.0
2022-08-26 10:30:00-04:00,25.360000610351562,25.449800491333008,25.360000610351562,25.449800491333008,1790,0.0,0.0
2022-08-26 11:30:00-04:00,25.389999389648438,25.469999313354492,25.389999389648438,25.40999984741211,602,0.0,0.0
2022-08-26 12:30:00-04:00,25.3700008392334,25.468399047851562,25.3700008392334,25.468399047851562,4430,0.0,0.0
2022-08-26 13:30:00-04:00,25.3700008392334,25.399900436401367,25.3700008392334,25.3799991607666,5289,0.0,0.0
2022-08-26 14:30:00-04:00,25.3799991607666,25.459999084472656,25.3700008392334,25.459999084472656,3748,0.0,0.0
2022-08-26 15:30:00-04:00,25.420000076293945,25.420000076293945,25.420000076293945,25.420000076293945,100,0.0,0.0
2022-08-29 10:30:00-04:00,25.420000076293945,25.420000076293945,25.420000076293945,25.420000076293945,0,0.0,0.0
2022-08-29 11:30:00-04:00,25.516599655151367,25.516599655151367,25.420000076293945,25.440000534057617,3737,0.0,0.0
2022-08-29 12:30:00-04:00,25.43000030517578,25.549999237060547,25.43000030517578,25.540000915527344,5084,0.0,0.0
2022-08-29 13:30:00-04:00,25.56999969482422,25.579999923706055,25.56999969482422,25.579999923706055,942,0.0,0.0
2022-08-29 14:30:00-04:00,25.56999969482422,25.59000015258789,25.535200119018555,25.535200119018555,3877,0.0,0.0
2022-08-29 15:30:00-04:00,25.6299991607666,25.649999618530273,25.549999237060547,25.649999618530273,3639,0.0,0.0
2022-08-30 09:30:00-04:00,25.556499481201172,25.579999923706055,25.47010040283203,25.5,0,0.0,0.0
2022-08-30 11:30:00-04:00,25.600000381469727,25.711999893188477,25.600000381469727,25.625,1772,0.0,0.0
2022-08-30 12:30:00-04:00,25.729999542236328,25.729999542236328,25.56999969482422,25.56999969482422,893,0.0,0.0
2022-08-30 13:30:00-04:00,25.520000457763672,25.520000457763672,25.469999313354492,25.479999542236328,2546,0.0,0.0
2022-08-30 15:30:00-04:00,25.59000015258789,25.59000015258789,25.59000015258789,25.59000015258789,110,0.0,0.0
2022-08-31 09:30:00-04:00,25.280000686645508,25.280000686645508,25.25,25.25,3020,0.0,0.0
2022-08-31 10:30:00-04:00,25.18000030517578,25.229999542236328,25.18000030517578,25.219999313354492,2640,0.0,0.0
2022-08-31 11:30:00-04:00,25.299999237060547,25.299999237060547,25.219999313354492,25.219999313354492,1233,0.0,0.0
2022-08-31 12:30:00-04:00,25.299999237060547,25.358600616455078,25.299999237060547,25.358600616455078,462,0.0,0.0
2022-08-31 13:30:00-04:00,25.219999313354492,25.28619956970215,25.219999313354492,25.28619956970215,271,0.0,0.0
2022-08-31 14:30:00-04:00,25.239999771118164,25.239999771118164,25.219999313354492,25.219999313354492,837,0.0,0.0
2022-08-31 15:30:00-04:00,25.149999618530273,25.149999618530273,25.059999465942383,25.059999465942383,4096,0.0,0.0
2022-09-01 09:30:00-04:00,25.200000762939453,25.361400604248047,25.200000762939453,25.361400604248047,0,0.0,0.0
2022-09-01 10:30:00-04:00,25.187000274658203,25.187000274658203,25.187000274658203,25.187000274658203,166,0.0,0.0
2022-09-01 11:30:00-04:00,25.15999984741211,25.225000381469727,25.15999984741211,25.225000381469727,871,0.0,0.0
2022-09-01 12:30:00-04:00,25.270000457763672,25.360200881958008,25.270000457763672,25.360200881958008,816,0.0,0.0
2022-09-01 13:30:00-04:00,25.36989974975586,25.36989974975586,25.36989974975586,25.36989974975586,220,0.0,0.0
2022-09-01 14:30:00-04:00,25.33300018310547,25.33300018310547,25.239999771118164,25.239999771118164,258,0.0,0.0
2022-09-01 15:30:00-04:00,25.200000762939453,25.200000762939453,25.200000762939453,25.200000762939453,695,0.0,0.0
2022-09-02 09:30:00-04:00,25.25,25.25,25.25,25.25,0,0.0,0.0
2022-09-02 10:30:00-04:00,25.21500015258789,25.38990020751953,25.21500015258789,25.38990020751953,1104,0.0,0.0
2022-09-02 13:30:00-04:00,25.3612003326416,25.3612003326416,25.25,25.360000610351562,2743,0.0,0.0
2022-09-02 14:30:00-04:00,25.170000076293945,25.34000015258789,25.139999389648438,25.31999969482422,3914,0.0,0.0
2022-09-02 15:30:00-04:00,25.200000762939453,25.200000762939453,25.200000762939453,25.200000762939453,401,0.0,0.0
2022-09-06 09:30:00-04:00,25.219999313354492,25.219999313354492,25.219999313354492,25.219999313354492,0,0.0,0.0
2022-09-06 10:30:00-04:00,25.24220085144043,25.24220085144043,25.209999084472656,25.209999084472656,371,0.0,0.0
2022-09-06 11:30:00-04:00,25.289199829101562,25.289199829101562,25.289199829101562,25.289199829101562,252,0.0,0.0
2022-09-06 13:30:00-04:00,25.121299743652344,25.231300354003906,25.121299743652344,25.231300354003906,531,0.0,0.0
2022-09-06 14:30:00-04:00,25.20009994506836,25.28499984741211,25.190000534057617,25.209999084472656,1822,0.0,0.0
2022-09-06 15:30:00-04:00,25.110000610351562,25.110000610351562,25.110000610351562,25.110000610351562,207,0.0,0.0
2022-09-07 09:30:00-04:00,25.179800033569336,25.179800033569336,25.179800033569336,25.179800033569336,0,0.0,0.0
2022-09-07 11:30:00-04:00,25.270000457763672,25.270000457763672,25.270000457763672,25.270000457763672,220,0.0,0.0
2022-09-07 13:30:00-04:00,25.209999084472656,25.319900512695312,25.161300659179688,25.319900512695312,2352,0.0,0.0
2022-09-07 14:30:00-04:00,25.280000686645508,25.280000686645508,25.170000076293945,25.170000076293945,967,0.0,0.0
2022-09-07 15:30:00-04:00,25.170000076293945,25.280000686645508,25.15999984741211,25.280000686645508,400,0.0,0.0
2022-09-08 09:30:00-04:00,25.149999618530273,25.303600311279297,25.149999618530273,25.200000762939453,1608,0.0,0.0
2022-09-08 10:30:00-04:00,25.219999313354492,25.219999313354492,25.219999313354492,25.219999313354492,257,0.0,0.0
2022-09-08 11:30:00-04:00,25.18000030517578,25.200000762939453,25.1299991607666,25.1299991607666,1142,0.0,0.0
2022-09-08 12:30:00-04:00,25.135000228881836,25.270000457763672,25.114999771118164,25.270000457763672,2041,0.0,0.0
2022-09-08 13:30:00-04:00,25.165000915527344,25.165000915527344,25.165000915527344,25.165000915527344,216,0.0,0.0
2022-09-08 15:30:00-04:00,25.1299991607666,25.1299991607666,25.09000015258789,25.110000610351562,2573,0.0,0.0
2022-09-09 09:30:00-04:00,25.219999313354492,25.219999313354492,25.098800659179688,25.098800659179688,0,0.0,0.0
2022-09-09 10:30:00-04:00,25.235000610351562,25.280399322509766,25.229999542236328,25.25830078125,1762,0.0,0.0
2022-09-09 11:30:00-04:00,25.170000076293945,25.170000076293945,25.149999618530273,25.149999618530273,596,0.0,0.0
2022-09-09 12:30:00-04:00,25.110000610351562,25.23240089416504,25.110000610351562,25.190000534057617,1542,0.0,0.0
2022-09-09 13:30:00-04:00,25.190000534057617,25.200000762939453,25.149999618530273,25.190000534057617,3325,0.0,0.0
2022-09-09 14:30:00-04:00,25.170000076293945,25.170000076293945,25.110000610351562,25.110000610351562,1811,0.0,0.0
2022-09-12 09:30:00-04:00,25.200000762939453,25.200000762939453,25.1200008392334,25.1200008392334,1879,0.0,0.0
2022-09-12 10:30:00-04:00,25.139999389648438,25.139999389648438,25.139999389648438,25.139999389648438,744,0.0,0.0
2022-09-12 11:30:00-04:00,25.229999542236328,25.229999542236328,25.229999542236328,25.229999542236328,284,0.0,0.0
2022-09-12 13:30:00-04:00,25.17460060119629,25.184999465942383,25.17460060119629,25.184999465942383,750,0.0,0.0
2022-09-12 14:30:00-04:00,25.139999389648438,25.15999984741211,25.139999389648438,25.15999984741211,1076,0.0,0.0
2022-09-12 15:30:00-04:00,25.139999389648438,25.15999984741211,25.139999389648438,25.15999984741211,3492,0.0,0.0
2022-09-13 09:30:00-04:00,25.100000381469727,25.100000381469727,25.059999465942383,25.059999465942383,971,0.0,0.0
2022-09-13 10:30:00-04:00,25.059999465942383,25.15250015258789,25.059999465942383,25.079999923706055,1091,0.0,0.0
2022-09-13 13:30:00-04:00,25.179399490356445,25.200000762939453,25.125499725341797,25.149999618530273,1498,0.0,0.0
2022-09-13 15:30:00-04:00,25.110000610351562,25.110000610351562,25.110000610351562,25.110000610351562,169,0.0,0.0
2022-09-14 09:30:00-04:00,25.110000610351562,25.15049934387207,25.110000610351562,25.15049934387207,0,0.0,0.0
2022-09-14 10:30:00-04:00,25.170000076293945,25.229999542236328,25.170000076293945,25.170000076293945,4147,0.0,0.0
2022-09-14 11:30:00-04:00,25.156700134277344,25.156700134277344,25.110000610351562,25.116300582885742,798,0.0,0.0
2022-09-14 12:30:00-04:00,25.19029998779297,25.19029998779297,25.15999984741211,25.170000076293945,866,0.0,0.0
2022-09-14 13:30:00-04:00,25.170000076293945,25.200000762939453,25.170000076293945,25.200000762939453,79124,0.0,0.0
2022-09-14 14:30:00-04:00,25.110000610351562,25.15999984741211,25.110000610351562,25.11709976196289,849,0.0,0.0
2022-09-14 15:30:00-04:00,25.219900131225586,25.219999313354492,25.219900131225586,25.219999313354492,1411,0.0,0.0
2022-09-15 09:30:00-04:00,25.149999618530273,25.27989959716797,25.149999618530273,25.200000762939453,0,0.0,0.0
2022-09-15 10:30:00-04:00,25.200000762939453,25.200000762939453,25.200000762939453,25.200000762939453,906,0.0,0.0
2022-09-15 12:30:00-04:00,25.268699645996094,25.268699645996094,25.268699645996094,25.268699645996094,134,0.0,0.0
2022-09-15 13:30:00-04:00,25.215299606323242,25.280000686645508,25.200000762939453,25.200000762939453,4253,0.0,0.0
2022-09-15 14:30:00-04:00,25.206100463867188,25.206100463867188,25.206100463867188,25.206100463867188,356,0.0,0.0
2022-09-15 15:30:00-04:00,25.200000762939453,25.200000762939453,25.200000762939453,25.200000762939453,285,0.0,0.0
2022-09-16 09:30:00-04:00,25.200000762939453,25.286500930786133,25.200000762939453,25.270000457763672,0,0.0,0.0
2022-09-16 11:30:00-04:00,25.200000762939453,25.200000762939453,25.200000762939453,25.200000762939453,175,0.0,0.0
2022-09-16 12:30:00-04:00,25.228500366210938,25.228500366210938,25.102500915527344,25.149999618530273,5619,0.0,0.0
2022-09-16 13:30:00-04:00,25.18160057067871,25.18160057067871,25.09000015258789,25.11199951171875,1755,0.0,0.0
2022-09-16 14:30:00-04:00,25.222000122070312,25.222000122070312,25.110000610351562,25.200000762939453,802,0.0,0.0
2022-09-16 15:30:00-04:00,25.146900177001953,25.157100677490234,25.110000610351562,25.110000610351562,500,0.0,0.0
2022-09-19 09:30:00-04:00,25.207000732421875,25.260000228881836,25.165000915527344,25.165000915527344,0,0.0,0.0
2022-09-19 10:30:00-04:00,25.165000915527344,25.165000915527344,25.165000915527344,25.165000915527344,153,0.0,0.0
2022-09-19 11:30:00-04:00,25.110000610351562,25.260000228881836,25.09000015258789,25.260000228881836,960,0.0,0.0
2022-09-19 13:30:00-04:00,25.24410057067871,25.24410057067871,25.1299991607666,25.18280029296875,1125,0.0,0.0
2022-09-19 14:30:00-04:00,25.18000030517578,25.25,25.15999984741211,25.239999771118164,3165,0.0,0.0
2022-09-19 15:30:00-04:00,25.260000228881836,25.260000228881836,25.260000228881836,25.260000228881836,200,0.0,0.0
2022-09-20 09:30:00-04:00,25.149999618530273,25.25,25.149999618530273,25.25,0,0.0,0.0
2022-09-20 10:30:00-04:00,25.25,25.25,25.120100021362305,25.190000534057617,1441,0.0,0.0
2022-09-20 11:30:00-04:00,25.149999618530273,25.149999618530273,25.1299991607666,25.1299991607666,1440,0.0,0.0
2022-09-20 12:30:00-04:00,25.242599487304688,25.242599487304688,25.242599487304688,25.242599487304688,644,0.0,0.0
2022-09-20 14:30:00-04:00,25.201499938964844,25.201499938964844,25.139999389648438,25.139999389648438,912,0.0,0.0
2022-09-20 15:30:00-04:00,25.259899139404297,25.259899139404297,25.259899139404297,25.259899139404297,265,0.0,0.0
2022-09-21 10:30:00-04:00,25.139999389648438,25.15999984741211,25.139999389648438,25.15999984741211,103,0.0,0.0
2022-09-21 11:30:00-04:00,25.200000762939453,25.260000228881836,25.198400497436523,25.198400497436523,306,0.0,0.0
2022-09-21 12:30:00-04:00,25.15999984741211,25.165000915527344,25.149999618530273,25.149999618530273,2120,0.0,0.0
2022-09-21 13:30:00-04:00,25.149999618530273,25.260000228881836,25.1299991607666,25.260000228881836,3996,0.0,0.0
2022-09-22 09:30:00-04:00,25.15999984741211,25.20400047302246,25.15999984741211,25.20400047302246,0,0.0,0.0
2022-09-22 11:30:00-04:00,25.18000030517578,25.18000030517578,25.18000030517578,25.18000030517578,832,0.0,0.0
2022-09-22 13:30:00-04:00,25.18000030517578,25.18000030517578,25.049999237060547,25.050100326538086,3304,0.0,0.0
2022-09-22 14:30:00-04:00,25.125,25.125,25.125,25.125,353,0.0,0.0
2022-09-22 15:30:00-04:00,25.179899215698242,25.179899215698242,25.170000076293945,25.170000076293945,371,0.0,0.0
2022-09-23 09:30:00-04:00,25.100000381469727,25.1299991607666,25.100000381469727,25.1299991607666,0,0.0,0.0
2022-09-23 10:30:00-04:00,25.110000610351562,25.1299991607666,25.059999465942383,25.059999465942383,1483,0.0,0.0
2022-09-23 11:30:00-04:00,25.098600387573242,25.099599838256836,25.059999465942383,25.09000015258789,1912,0.0,0.0
2022-09-23 12:30:00-04:00,25.059999465942383,25.190000534057617,25.059999465942383,25.190000534057617,2276,0.0,0.0
2022-09-23 13:30:00-04:00,25.189899444580078,25.189899444580078,25.072099685668945,25.11050033569336,1499,0.0,0.0
2022-09-23 14:30:00-04:00,25.17919921875,25.17919921875,25.17919921875,25.17919921875,496,0.0,0.0
2022-09-23 15:30:00-04:00,25.139999389648438,25.139999389648438,25.139999389648438,25.139999389648438,121,0.0,0.0
2022-09-26 09:30:00-04:00,25.100000381469727,25.190000534057617,25.100000381469727,25.1200008392334,0,0.0,0.0
2022-09-26 10:30:00-04:00,25.131000518798828,25.131000518798828,25.131000518798828,25.131000518798828,561,0.0,0.0
2022-09-26 11:30:00-04:00,25.11009979248047,25.11009979248047,25.110000610351562,25.110000610351562,360,0.0,0.0
2022-09-26 12:30:00-04:00,25.117300033569336,25.117300033569336,25.100000381469727,25.100000381469727,1753,0.0,0.0
2022-09-26 13:30:00-04:00,25.100000381469727,25.107099533081055,25.100000381469727,25.107099533081055,721,0.0,0.0
2022-09-26 14:30:00-04:00,25.1200008392334,25.145000457763672,25.1200008392334,25.145000457763672,931,0.0,0.0
2022-09-26 15:30:00-04:00,25.147600173950195,25.148399353027344,25.1200008392334,25.1200008392334,1051,0.0,0.0
2022-09-27 09:30:00-04:00,25.1200008392334,25.25,25.110000610351562,25.248600006103516,0,0.0,0.0
2022-09-27 10:30:00-04:00,25.259899139404297,25.259899139404297,25.1200008392334,25.211700439453125,840,0.0,0.0
2022-09-27 11:30:00-04:00,25.260000228881836,25.260000228881836,25.1200008392334,25.184999465942383,877,0.0,0.0
2022-09-27 12:30:00-04:00,25.1200008392334,25.1200008392334,25.1200008392334,25.1200008392334,161,0.0,0.0
2022-09-27 13:30:00-04:00,25.110000610351562,25.18000030517578,25.100000381469727,25.18000030517578,725,0.0,0.0
2022-09-27 14:30:00-04:00,25.110000610351562,25.235700607299805,25.110000610351562,25.1200008392334,1086,0.0,0.0
2022-09-27 15:30:00-04:00,25.11680030822754,25.31999969482422,25.100000381469727,25.100000381469727,5569,0.0,0.0
2022-09-28 09:30:00-04:00,25.235000610351562,25.235000610351562,25.100000381469727,25.100000381469727,0,0.0,0.0
2022-09-28 10:30:00-04:00,25.100000381469727,25.235000610351562,25.100000381469727,25.149999618530273,0,0.0,0.0
2022-09-28 11:30:00-04:00,25.1200008392334,25.1200008392334,25.110000610351562,25.110000610351562,2475,0.0,0.0
2022-09-28 12:30:00-04:00,25.100000381469727,25.315200805664062,25.100000381469727,25.100000381469727,2237,0.0,0.0
2022-09-28 13:30:00-04:00,25.100000381469727,25.36359977722168,25.100000381469727,25.1200008392334,1202,0.0,0.0
2022-09-28 14:30:00-04:00,25.207500457763672,25.327699661254883,25.1200008392334,25.1476993560791,2142,0.0,0.0
2022-09-28 15:30:00-04:00,25.260000228881836,25.260000228881836,25.260000228881836,25.260000228881836,122,0.0,0.0
2022-09-29 09:30:00-04:00,25.30069923400879,25.30069923400879,25.30069923400879,25.30069923400879,0,0.0,0.0
2022-09-29 10:30:00-04:00,25.221200942993164,25.221200942993164,25.159799575805664,25.159799575805664,410,0.0,0.0
2022-09-29 11:30:00-04:00,25.139999389648438,25.149999618530273,25.1299991607666,25.1299991607666,1030,0.0,0.0
2022-09-29 12:30:00-04:00,25.1299991607666,25.1299991607666,25.079999923706055,25.108999252319336,3540,0.0,0.0
2022-09-29 13:30:00-04:00,25.079999923706055,25.18000030517578,25.079999923706055,25.18000030517578,2738,0.0,0.0
2022-09-29 14:30:00-04:00,25.079999923706055,25.127700805664062,25.079999923706055,25.079999923706055,2017,0.0,0.0
2022-09-29 15:30:00-04:00,25.079999923706055,25.079999923706055,25.06999969482422,25.06999969482422,0,0.0,0.0
2022-09-30 10:30:00-04:00,25.1200008392334,25.170000076293945,25.1200008392334,25.170000076293945,663,0.0,0.0
2022-09-30 11:30:00-04:00,25.170000076293945,25.170000076293945,25.149999618530273,25.170000076293945,1416,0.0,0.0
2022-09-30 12:30:00-04:00,25.34000015258789,25.34000015258789,25.34000015258789,25.34000015258789,349,0.0,0.0
2022-09-30 13:30:00-04:00,25.225000381469727,25.229999542236328,25.13629913330078,25.13629913330078,948,0.0,0.0
2022-09-30 14:30:00-04:00,25.135900497436523,25.290000915527344,25.135900497436523,25.290000915527344,1144,0.0,0.0
2022-09-30 15:30:00-04:00,25.239999771118164,25.34000015258789,25.229999542236328,25.34000015258789,4209,0.0,0.0
2022-10-03 09:30:00-04:00,25.233999252319336,25.339799880981445,25.233999252319336,25.235000610351562,0,0.0,0.0
2022-10-03 10:30:00-04:00,25.31999969482422,25.31999969482422,25.233999252319336,25.233999252319336,597,0.0,0.0
2022-10-03 11:30:00-04:00,25.299999237060547,25.304399490356445,25.299999237060547,25.304399490356445,752,0.0,0.0
2022-10-03 12:30:00-04:00,25.295000076293945,25.295000076293945,25.200000762939453,25.200000762939453,522,0.0,0.0
2022-10-03 13:30:00-04:00,25.25,25.25,25.239999771118164,25.239999771118164,503,0.0,0.0
2022-10-03 14:30:00-04:00,25.21500015258789,25.25,25.21500015258789,25.239999771118164,2186,0.0,0.0
2022-10-03 15:30:00-04:00,25.18160057067871,25.240100860595703,25.18160057067871,25.240100860595703,2153,0.0,0.0
2022-10-04 09:30:00-04:00,25.3799991607666,25.3799991607666,25.31999969482422,25.31999969482422,0,0.0,0.0
2022-10-04 10:30:00-04:00,25.290000915527344,25.329999923706055,25.28499984741211,25.329999923706055,579,0.0,0.0
2022-10-04 11:30:00-04:00,25.290000915527344,25.290000915527344,25.240100860595703,25.240100860595703,1489,0.0,0.0
2022-10-04 12:30:00-04:00,25.25,25.250499725341797,25.239999771118164,25.25,1427,0.0,0.0
2022-10-04 13:30:00-04:00,25.34000015258789,25.34000015258789,25.29010009765625,25.29010009765625,2092,0.0,0.0
2022-10-04 14:30:00-04:00,25.34000015258789,25.34000015258789,25.302499771118164,25.302499771118164,890,0.0,0.0
2022-10-04 15:30:00-04:00,25.270000457763672,25.270000457763672,25.270000457763672,25.270000457763672,342,0.0,0.0
2022-10-05 10:30:00-04:00,25.260000228881836,25.260000228881836,25.15999984741211,25.18000030517578,496,0.0,0.0
2022-10-05 12:30:00-04:00,25.229999542236328,25.229999542236328,25.229999542236328,25.229999542236328,273,0.0,0.0
2022-10-05 14:30:00-04:00,25.18000030517578,25.229999542236328,25.18000030517578,25.229999542236328,648,0.0,0.0
2022-10-05 15:30:00-04:00,25.18000030517578,25.18000030517578,25.18000030517578,25.18000030517578,100,0.0,0.0
2022-10-06 09:30:00-04:00,25.18000030517578,25.229999542236328,25.17770004272461,25.17770004272461,852,0.0,0.0
2022-10-06 10:30:00-04:00,25.33209991455078,25.33209991455078,25.15999984741211,25.15999984741211,2007,0.0,0.0
2022-10-06 12:30:00-04:00,25.29759979248047,25.34000015258789,25.29759979248047,25.34000015258789,427,0.0,0.0
2022-10-06 13:30:00-04:00,25.15999984741211,25.25,25.15999984741211,25.25,1041,0.0,0.0
2022-10-06 14:30:00-04:00,25.2367000579834,25.25,25.15999984741211,25.25,1941,0.0,0.0
2022-10-06 15:30:00-04:00,25.170000076293945,25.170000076293945,25.170000076293945,25.170000076293945,0,0.0,0.0
2022-10-07 09:30:00-04:00,25.15999984741211,25.15999984741211,25.15999984741211,25.15999984741211,746,0.0,0.0
2022-10-07 11:30:00-04:00,25.29949951171875,25.29949951171875,25.1200008392334,25.1200008392334,2561,0.0,0.0
2022-10-07 13:30:00-04:00,25.15999984741211,25.249000549316406,25.06999969482422,25.06999969482422,3038,0.0,0.0
2022-10-07 14:30:00-04:00,25.100000381469727,25.203899383544922,25.100000381469727,25.100000381469727,1614,0.0,0.0
2022-10-10 09:30:00-04:00,25.110000610351562,25.328899383544922,25.110000610351562,25.219999313354492,0,0.0,0.0
2022-10-10 11:30:00-04:00,25.290000915527344,25.290000915527344,25.290000915527344,25.290000915527344,441,0.0,0.0
2022-10-10 13:30:00-04:00,25.219100952148438,25.219100952148438,25.214500427246094,25.214500427246094,594,0.0,0.0
2022-10-10 14:30:00-04:00,25.2283992767334,25.2283992767334,25.149999618530273,25.149999618530273,804,0.0,0.0
2022-10-10 15:30:00-04:00,25.149999618530273,25.149999618530273,25.149999618530273,25.149999618530273,211,0.0,0.0
2022-10-11 09:30:00-04:00,25.110000610351562,25.149999618530273,25.110000610351562,25.149999618530273,0,0.0,0.0
2022-10-11 10:30:00-04:00,25.110000610351562,25.148799896240234,25.079999923706055,25.09000015258789,1083,0.0,0.0
2022-10-11 11:30:00-04:00,25.084999084472656,25.149999618530273,25.084999084472656,25.084999084472656,1371,0.0,0.0
2022-10-11 12:30:00-04:00,25.084999084472656,25.09000015258789,25.079999923706055,25.09000015258789,749,0.0,0.0
2022-10-11 13:30:00-04:00,25.09000015258789,25.15999984741211,25.079999923706055,25.1200008392334,3117,0.0,0.0
2022-10-11 14:30:00-04:00,25.149999618530273,25.20800018310547,25.049999237060547,25.049999237060547,2595,0.0,0.0
2022-10-11 15:30:00-04:00,25.050100326538086,25.07200050354004,25.050100326538086,25.059999465942383,600,0.0,0.0
2022-10-12 09:30:00-04:00,25.14150047302246,25.14150047302246,25.14150047302246,25.14150047302246,0,0.0,0.0
2022-10-12 10:30:00-04:00,25.072900772094727,25.072900772094727,25.050600051879883,25.050600051879883,426,0.0,0.0
2022-10-12 11:30:00-04:00,25.06999969482422,25.172399520874023,25.010000228881836,25.09000015258789,3959,0.0,0.0
2022-10-12 13:30:00-04:00,25.09000015258789,25.09000015258789,25.049999237060547,25.087900161743164,1065,0.0,0.0
2022-10-12 14:30:00-04:00,25.114999771118164,25.114999771118164,25.059999465942383,25.064599990844727,1144,0.0,0.0
2022-10-12 15:30:00-04:00,25.100000381469727,25.100000381469727,25.049999237060547,25.049999237060547,1142,0.0,0.0
2022-10-13 09:30:00-04:00,25.020000457763672,25.020000457763672,24.84000015258789,24.84000015258789,0,0.0,0.0
2022-10-13 12:30:00-04:00,25.010000228881836,25.010000228881836,25.010000228881836,25.010000228881836,296,0.0,0.0
2022-10-13 13:30:00-04:00,25.100000381469727,25.100000381469727,25.100000381469727,25.100000381469727,475,0.0,0.0
2022-10-13 14:30:00-04:00,25.05590057373047,25.05590057373047,25.05590057373047,25.05590057373047,159,0.0,0.0
2022-10-13 15:30:00-04:00,25.020000457763672,25.100000381469727,25.020000457763672,25.100000381469727,665,0.0,0.0
2022-10-14 10:30:00-04:00,25.100000381469727,25.100000381469727,25.100000381469727,25.100000381469727,0,0.0,0.0
2022-10-14 11:30:00-04:00,25.100000381469727,25.100000381469727,25.100000381469727,25.100000381469727,303,0.0,0.0
2022-10-14 12:30:00-04:00,25.104999542236328,25.104999542236328,25.104999542236328,25.104999542236328,434,0.0,0.0
2022-10-14 13:30:00-04:00,25.249900817871094,25.25,25.249900817871094,25.25,731,0.0,0.0
2022-10-14 14:30:00-04:00,25.084999084472656,25.25,25.084999084472656,25.110000610351562,2032,0.0,0.0
2022-10-14 15:30:00-04:00,25.25,25.25,25.25,25.25,229,0.0,0.0
2022-10-17 09:30:00-04:00,25.219999313354492,25.329999923706055,25.219999313354492,25.329999923706055,0,0.0,0.0
2022-10-17 10:30:00-04:00,25.329999923706055,25.329999923706055,25.25,25.31999969482422,1525,0.0,0.0
2022-10-17 12:30:00-04:00,25.18000030517578,25.18000030517578,25.18000030517578,25.18000030517578,729,0.0,0.0
2022-10-17 14:30:00-04:00,25.18000030517578,25.25,25.043899536132812,25.043899536132812,3019,0.0,0.0
2022-10-17 15:30:00-04:00,25.229900360107422,25.229900360107422,25.030000686645508,25.040000915527344,0,0.0,0.0
2022-10-18 09:30:00-04:00,25.18000030517578,25.18000030517578,25.108600616455078,25.108600616455078,232,0.0,0.0
2022-10-18 10:30:00-04:00,25.210399627685547,25.210399627685547,25.210399627685547,25.210399627685547,285,0.0,0.0
2022-10-18 11:30:00-04:00,25.264999389648438,25.264999389648438,25.149999618530273,25.149999618530273,852,0.0,0.0
2022-10-18 12:30:00-04:00,25.29450035095215,25.29450035095215,25.149999618530273,25.149999618530273,901,0.0,0.0
2022-10-18 13:30:00-04:00,25.149999618530273,25.268299102783203,25.149999618530273,25.268299102783203,881,0.0,0.0
2022-10-18 14:30:00-04:00,25.200000762939453,25.200000762939453,25.200000762939453,25.200000762939453,358,0.0,0.0
2022-10-18 15:30:00-04:00,25.1200008392334,25.1200008392334,25.1200008392334,25.1200008392334,503,0.0,0.0
2022-10-19 10:30:00-04:00,25.1299991607666,25.1299991607666,25.1200008392334,25.1200008392334,183,0.0,0.0
2022-10-19 11:30:00-04:00,25.1200008392334,25.1200008392334,25.110000610351562,25.110000610351562,1034,0.0,0.0
2022-10-19 12:30:00-04:00,25.1200008392334,25.1200008392334,25.1200008392334,25.1200008392334,378,0.0,0.0
2022-10-19 13:30:00-04:00,25.150299072265625,25.15999984741211,25.14620018005371,25.15999984741211,2837,0.0,0.0
2022-10-19 14:30:00-04:00,25.200000762939453,25.200000762939453,25.1200008392334,25.200000762939453,848,0.0,0.0
2022-10-19 15:30:00-04:00,25.19499969482422,25.260000228881836,25.19499969482422,25.25,1145,0.0,0.0
2022-10-20 10:30:00-04:00,25.139999389648438,25.139999389648438,25.1200008392334,25.1200008392334,0,0.0,0.0
2022-10-20 11:30:00-04:00,25.229999542236328,25.229999542236328,25.1200008392334,25.1200008392334,655,0.0,0.0
2022-10-20 13:30:00-04:00,25.174999237060547,25.216699600219727,25.1200008392334,25.1200008392334,467,0.0,0.0
2022-10-20 14:30:00-04:00,25.1200008392334,25.158100128173828,25.1200008392334,25.1200008392334,2059,0.0,0.0
2022-10-20 15:30:00-04:00,25.1200008392334,25.1200008392334,25.1200008392334,25.1200008392334,153,0.0,0.0
2022-10-21 10:30:00-04:00,25.1200008392334,25.190000534057617,25.1200008392334,25.14349937438965,1192,0.0,0.0
2022-10-21 11:30:00-04:00,25.1200008392334,25.1200008392334,25.020000457763672,25.110000610351562,3202,0.0,0.0
2022-10-21 12:30:00-04:00,25.030000686645508,25.149999618530273,25.030000686645508,25.059999465942383,2150,0.0,0.0
2022-10-21 13:30:00-04:00,25.08989906311035,25.08989906311035,25.049999237060547,25.059999465942383,1102,0.0,0.0
2022-10-21 14:30:00-04:00,25.065000534057617,25.065000534057617,25.049999237060547,25.049999237060547,722,0.0,0.0
2022-10-21 15:30:00-04:00,25.1200008392334,25.1200008392334,25.049999237060547,25.100000381469727,938,0.0,0.0
2022-10-24 09:30:00-04:00,25.059999465942383,25.099899291992188,25.059999465942383,25.099899291992188,0,0.0,0.0
2022-10-24 10:30:00-04:00,25.049999237060547,25.072999954223633,25.040000915527344,25.072999954223633,2617,0.0,0.0
2022-10-24 11:30:00-04:00,25.049999237060547,25.049999237060547,24.989999771118164,25.0,5657,0.0,0.0
2022-10-24 12:30:00-04:00,25.049999237060547,25.049999237060547,25.049999237060547,25.049999237060547,1985,0.0,0.0
2022-10-24 13:30:00-04:00,25.0531005859375,25.06999969482422,25.045000076293945,25.06999969482422,1597,0.0,0.0
2022-10-24 14:30:00-04:00,25.069499969482422,25.100000381469727,25.020000457763672,25.100000381469727,5078,0.0,0.0
2022-10-24 15:30:00-04:00,25.059999465942383,25.075000762939453,25.049999237060547,25.049999237060547,1190,0.0,0.0
2022-10-25 09:30:00-04:00,25.049999237060547,25.049999237060547,25.049999237060547,25.049999237060547,0,0.0,0.0
2022-10-25 10:30:00-04:00,25.100000381469727,25.239999771118164,25.100000381469727,25.239999771118164,593,0.0,0.0
2022-10-25 11:30:00-04:00,25.110000610351562,25.110000610351562,25.100000381469727,25.100000381469727,691,0.0,0.0
2022-10-25 12:30:00-04:00,25.203800201416016,25.203800201416016,25.110000610351562,25.1200008392334,591,0.0,0.0
2022-10-25 13:30:00-04:00,25.160400390625,25.200000762939453,25.100000381469727,25.100000381469727,1671,0.0,0.0
2022-10-25 14:30:00-04:00,25.17099952697754,25.17099952697754,25.101200103759766,25.149999618530273,1240,0.0,0.0
2022-10-25 15:30:00-04:00,25.110000610351562,25.13249969482422,25.110000610351562,25.13249969482422,758,0.0,0.0
2022-10-26 09:30:00-04:00,25.149999618530273,25.204999923706055,25.1299991607666,25.170000076293945,0,0.0,0.0
2022-10-26 10:30:00-04:00,25.170000076293945,25.25,25.100000381469727,25.1299991607666,1810,0.0,0.0
2022-10-26 11:30:00-04:00,25.239999771118164,25.239999771118164,25.09000015258789,25.09000015258789,1246,0.0,0.0
2022-10-26 12:30:00-04:00,25.19499969482422,25.278499603271484,25.139999389648438,25.139999389648438,1187,0.0,0.0
2022-10-26 13:30:00-04:00,25.125900268554688,25.1299991607666,25.125900268554688,25.1299991607666,789,0.0,0.0
2022-10-26 14:30:00-04:00,25.131799697875977,25.200000762939453,25.1299991607666,25.162399291992188,2196,0.0,0.0
2022-10-26 15:30:00-04:00,25.200000762939453,25.200000762939453,25.110000610351562,25.1200008392334,1645,0.0,0.0
2022-10-27 09:30:00-04:00,25.110000610351562,25.1299991607666,25.06999969482422,25.06999969482422,0,0.0,0.0
2022-10-27 10:30:00-04:00,25.100000381469727,25.131500244140625,25.100000381469727,25.1200008392334,2230,0.0,0.0
2022-10-27 11:30:00-04:00,25.1200008392334,25.280000686645508,25.11009979248047,25.280000686645508,2308,0.0,0.0
2022-10-27 12:30:00-04:00,25.1299991607666,25.1299991607666,25.1299991607666,25.1299991607666,211,0.0,0.0
2022-10-27 13:30:00-04:00,25.156700134277344,25.174999237060547,25.156700134277344,25.174999237060547,514,0.0,0.0
2022-10-27 14:30:00-04:00,25.174999237060547,25.174999237060547,25.110000610351562,25.139999389648438,1375,0.0,0.0
2022-10-27 15:30:00-04:00,25.170000076293945,25.229999542236328,25.139999389648438,25.229999542236328,1344,0.0,0.0
2022-10-28 09:30:00-04:00,25.1200008392334,25.139999389648438,25.1200008392334,25.1299991607666,0,0.0,0.0
2022-10-28 10:30:00-04:00,25.204999923706055,25.204999923706055,25.1200008392334,25.1299991607666,870,0.0,0.0
2022-10-28 11:30:00-04:00,25.110000610351562,25.290000915527344,25.110000610351562,25.290000915527344,1036,0.0,0.0
2022-10-28 13:30:00-04:00,25.137500762939453,25.26460075378418,25.137500762939453,25.24180030822754,933,0.0,0.0
2022-10-28 14:30:00-04:00,25.1200008392334,25.179500579833984,25.1200008392334,25.179500579833984,738,0.0,0.0
2022-10-28 15:30:00-04:00,25.290000915527344,25.290000915527344,25.1200008392334,25.204999923706055,2271,0.0,0.0
2022-10-31 10:30:00-04:00,25.1299991607666,25.260099411010742,25.110000610351562,25.1299991607666,803,0.0,0.0
2022-10-31 11:30:00-04:00,25.1299991607666,25.16629981994629,25.110000610351562,25.149999618530273,1795,0.0,0.0
2022-10-31 12:30:00-04:00,25.13960075378418,25.22719955444336,25.088499069213867,25.088499069213867,1309,0.0,0.0
2022-10-31 13:30:00-04:00,25.09000015258789,25.257400512695312,25.079999923706055,25.174999237060547,823,0.0,0.0
2022-10-31 14:30:00-04:00,25.201400756835938,25.201400756835938,25.1299991607666,25.1299991607666,953,0.0,0.0
2022-10-31 15:30:00-04:00,25.219999313354492,25.2450008392334,25.219999313354492,25.2450008392334,375,0.0,0.0
2022-11-01 09:30:00-04:00,25.149999618530273,25.15999984741211,25.149999618530273,25.149999618530273,836,0.0,0.0
2022-11-01 10:30:00-04:00,25.15999984741211,25.274999618530273,25.15999984741211,25.15999984741211,1971,0.0,0.0
2022-11-01 11:30:00-04:00,25.270000457763672,25.270000457763672,25.167999267578125,25.167999267578125,667,0.0,0.0
2022-11-01 12:30:00-04:00,25.277999877929688,25.27989959716797,25.170000076293945,25.270000457763672,6730,0.0,0.0
2022-11-01 13:30:00-04:00,25.15999984741211,25.26650047302246,25.15999984741211,25.21500015258789,1611,0.0,0.0
2022-11-01 14:30:00-04:00,25.2007999420166,25.280000686645508,25.15999984741211,25.280000686645508,4827,0.0,0.0
2022-11-01 15:30:00-04:00,25.360000610351562,25.360000610351562,25.280000686645508,25.280000686645508,1268,0.0,0.0
2022-11-02 09:30:00-04:00,25.200000762939453,25.229999542236328,25.18000030517578,25.18000030517578,0,0.0,0.0
2022-11-02 10:30:00-04:00,25.190000534057617,25.27829933166504,25.190000534057617,25.27829933166504,755,0.0,0.0
2022-11-02 11:30:00-04:00,25.15999984741211,25.170000076293945,25.15999984741211,25.170000076293945,647,0.0,0.0
2022-11-02 12:30:00-04:00,25.350000381469727,25.350000381469727,25.260000228881836,25.260000228881836,957,0.0,0.0
2022-11-02 13:30:00-04:00,25.430999755859375,25.430999755859375,25.430999755859375,25.430999755859375,595,0.0,0.0
2022-11-02 14:30:00-04:00,25.270000457763672,25.270000457763672,25.22909927368164,25.22909927368164,1504,0.0,0.0
2022-11-02 15:30:00-04:00,25.15999984741211,25.15999984741211,25.15999984741211,25.15999984741211,177,0.0,0.0
2022-11-03 09:30:00-04:00,25.170000076293945,25.299999237060547,25.170000076293945,25.259700775146484,859,0.0,0.0
2022-11-03 10:30:00-04:00,25.329999923706055,25.329999923706055,25.25,25.260000228881836,1063,0.0,0.0
2022-11-03 11:30:00-04:00,25.22439956665039,25.22439956665039,25.18000030517578,25.204700469970703,1323,0.0,0.0
2022-11-03 13:30:00-04:00,25.264999389648438,25.264999389648438,25.264999389648438,25.264999389648438,420,0.0,0.0
2022-11-03 14:30:00-04:00,25.29290008544922,25.29290008544922,25.197599411010742,25.197599411010742,1221,0.0,0.0
2022-11-03 15:30:00-04:00,25.190000534057617,25.190000534057617,25.18160057067871,25.190000534057617,730,0.0,0.0
2022-11-04 09:30:00-04:00,25.200000762939453,25.250900268554688,25.170000076293945,25.190000534057617,0,0.0,0.0
2022-11-04 10:30:00-04:00,25.239999771118164,25.25,25.190000534057617,25.197099685668945,2553,0.0,0.0
2022-11-04 11:30:00-04:00,25.18000030517578,25.18000030517578,25.18000030517578,25.18000030517578,441,0.0,0.0
2022-11-04 12:30:00-04:00,25.2450008392334,25.2450008392334,25.2450008392334,25.2450008392334,350,0.0,0.0
2022-11-04 13:30:00-04:00,25.229999542236328,25.237300872802734,25.190000534057617,25.190000534057617,1710,0.0,0.0
2022-11-04 14:30:00-04:00,25.21109962463379,25.21109962463379,25.208799362182617,25.208799362182617,1082,0.0,0.0
2022-11-07 09:30:00-05:00,25.200000762939453,25.200000762939453,25.18000030517578,25.18000030517578,0,0.0,0.0
2022-11-07 10:30:00-05:00,25.18000030517578,25.270000457763672,25.170000076293945,25.18000030517578,3875,0.0,0.0
2022-11-07 11:30:00-05:00,25.205699920654297,25.205699920654297,25.170000076293945,25.190799713134766,1673,0.0,0.0
2022-11-07 12:30:00-05:00,25.18000030517578,25.224199295043945,25.18000030517578,25.21929931640625,806,0.0,0.0
2022-11-07 13:30:00-05:00,25.190000534057617,25.23870086669922,25.190000534057617,25.219999313354492,2961,0.0,0.0
2022-11-07 14:30:00-05:00,25.222000122070312,25.231399536132812,25.203500747680664,25.231399536132812,1113,0.0,0.0
2022-11-07 15:30:00-05:00,25.170000076293945,25.200000762939453,25.110000610351562,25.170000076293945,1996,0.0,0.0
2022-11-08 09:30:00-05:00,25.190000534057617,25.190000534057617,25.190000534057617,25.190000534057617,0,0.0,0.0
2022-11-08 10:30:00-05:00,25.149999618530273,25.190000534057617,25.149999618530273,25.190000534057617,569,0.0,0.0
2022-11-08 11:30:00-05:00,25.209999084472656,25.21030044555664,25.209999084472656,25.21030044555664,1127,0.0,0.0
2022-11-08 12:30:00-05:00,25.18000030517578,25.299999237060547,25.170000076293945,25.229999542236328,3670,0.0,0.0
2022-11-08 13:30:00-05:00,25.229999542236328,25.27989959716797,25.229999542236328,25.2549991607666,2497,0.0,0.0
2022-11-08 14:30:00-05:00,25.284500122070312,25.299999237060547,25.284500122070312,25.299999237060547,1198,0.0,0.0
2022-11-08 15:30:00-05:00,25.350000381469727,25.420000076293945,25.299999237060547,25.299999237060547,1867,0.0,0.0
2022-11-09 10:30:00-05:00,25.204999923706055,25.204999923706055,25.204999923706055,25.204999923706055,0,0.0,0.0
2022-11-09 13:30:00-05:00,25.28499984741211,25.34000015258789,25.219999313354492,25.34000015258789,1890,0.0,0.0
2022-11-09 14:30:00-05:00,25.315000534057617,25.3700008392334,25.315000534057617,25.325000762939453,3563,0.0,0.0
2022-11-09 15:30:00-05:00,25.280000686645508,25.280000686645508,25.165000915527344,25.170000076293945,5317,0.0,0.0
2022-11-10 09:30:00-05:00,25.469999313354492,25.5,25.360000610351562,25.360000610351562,0,0.0,0.0
2022-11-10 10:30:00-05:00,25.389999389648438,25.8700008392334,25.34000015258789,25.399999618530273,4523,0.0,0.0
2022-11-10 11:30:00-05:00,25.490800857543945,25.649999618530273,25.462799072265625,25.649999618530273,1156,0.0,0.0
2022-11-10 12:30:00-05:00,25.440000534057617,25.639999389648438,25.440000534057617,25.639999389648438,738,0.0,0.0
2022-11-10 13:30:00-05:00,25.520000457763672,25.600000381469727,25.19499969482422,25.599899291992188,8296,0.0,0.0
2022-11-10 14:30:00-05:00,25.399999618530273,25.407499313354492,25.260099411010742,25.260099411010742,2207,0.0,0.0
2022-11-10 15:30:00-05:00,25.299999237060547,25.549999237060547,25.299999237060547,25.549999237060547,249,0.0,0.0
2022-11-11 09:30:00-05:00,25.43000030517578,25.43000030517578,25.43000030517578,25.43000030517578,0,0.0,0.0
2022-11-11 10:30:00-05:00,25.559999465942383,25.559999465942383,25.559999465942383,25.559999465942383,174,0.0,0.0
2022-11-11 12:30:00-05:00,25.441699981689453,25.441699981689453,25.270000457763672,25.270000457763672,1310,0.0,0.0
2022-11-11 13:30:00-05:00,25.270000457763672,25.440000534057617,25.239999771118164,25.360000610351562,10605,0.0,0.0
2022-11-11 14:30:00-05:00,25.350000381469727,25.356700897216797,25.270000457763672,25.299999237060547,5629,0.0,0.0
2022-11-11 15:30:00-05:00,25.270000457763672,25.270000457763672,25.260000228881836,25.260000228881836,1212,0.0,0.0
2022-11-14 09:30:00-05:00,25.2908992767334,25.2908992767334,25.2908992767334,25.2908992767334,1039,0.0,0.0
2022-11-14 10:30:00-05:00,25.25,25.35770034790039,25.200000762939453,25.229999542236328,3085,0.0,0.0
2022-11-14 11:30:00-05:00,25.200000762939453,25.29960060119629,25.200000762939453,25.270000457763672,1183,0.0,0.0
2022-11-14 12:30:00-05:00,25.264400482177734,25.264400482177734,25.15999984741211,25.25,7539,0.0,0.0
2022-11-14 13:30:00-05:00,25.209999084472656,25.231000900268555,25.170000076293945,25.170000076293945,2485,0.0,0.0
2022-11-14 14:30:00-05:00,25.239999771118164,25.239999771118164,25.149999618530273,25.149999618530273,10207,0.0,0.0
2022-11-14 15:30:00-05:00,25.149999618530273,25.15999984741211,25.110000610351562,25.1200008392334,23531,0.0,0.0
2022-11-15 09:30:00-05:00,25.170000076293945,25.170000076293945,25.170000076293945,25.170000076293945,0,0.0,0.0
2022-11-15 10:30:00-05:00,25.257999420166016,25.257999420166016,25.18000030517578,25.190000534057617,2578,0.0,0.0
2022-11-15 11:30:00-05:00,25.200000762939453,25.209999084472656,25.200000762939453,25.200000762939453,665,0.0,0.0
2022-11-15 12:30:00-05:00,25.200000762939453,25.200000762939453,25.200000762939453,25.200000762939453,1129,0.0,0.0
2022-11-15 13:30:00-05:00,25.200000762939453,25.209999084472656,25.200000762939453,25.209999084472656,506,0.0,0.0
2022-11-15 14:30:00-05:00,25.219999313354492,25.260000228881836,25.219999313354492,25.260000228881836,1776,0.0,0.0
2022-11-15 15:30:00-05:00,25.295000076293945,25.295000076293945,25.295000076293945,25.295000076293945,273,0.0,0.0
2022-11-16 09:30:00-05:00,25.209999084472656,25.242799758911133,25.209999084472656,25.239999771118164,0,0.0,0.0
2022-11-16 10:30:00-05:00,25.278400421142578,25.278400421142578,25.25,25.25,562,0.0,0.0
2022-11-16 12:30:00-05:00,25.26849937438965,25.26849937438965,25.239999771118164,25.239999771118164,1314,0.0,0.0
2022-11-16 13:30:00-05:00,25.229999542236328,25.25,25.229999542236328,25.229999542236328,451,0.0,0.0
2022-11-16 14:30:00-05:00,25.270000457763672,25.270000457763672,25.209999084472656,25.209999084472656,1749,0.0,0.0
2022-11-16 15:30:00-05:00,25.229999542236328,25.2549991607666,25.229999542236328,25.2549991607666,953,0.0,0.0
2022-11-17 09:30:00-05:00,25.209999084472656,25.209999084472656,25.209999084472656,25.209999084472656,0,0.0,0.0
2022-11-17 11:30:00-05:00,25.210100173950195,25.276100158691406,25.209999084472656,25.276100158691406,1126,0.0,0.0
2022-11-17 12:30:00-05:00,25.280000686645508,25.299999237060547,25.280000686645508,25.299999237060547,517,0.0,0.0
2022-11-17 13:30:00-05:00,25.292200088500977,25.292200088500977,25.229999542236328,25.229999542236328,737,0.0,0.0
2022-11-17 14:30:00-05:00,25.229999542236328,25.320100784301758,25.221599578857422,25.31999969482422,5861,0.0,0.0
2022-11-17 15:30:00-05:00,25.415000915527344,25.415000915527344,25.230100631713867,25.239999771118164,2222,0.0,0.0
2022-11-18 09:30:00-05:00,25.3700008392334,25.402000427246094,25.31450080871582,25.402000427246094,0,0.0,0.0
2022-11-18 10:30:00-05:00,25.24090003967285,25.39299964904785,25.239999771118164,25.39299964904785,1199,0.0,0.0
2022-11-18 11:30:00-05:00,25.309999465942383,25.328500747680664,25.25,25.328500747680664,1758,0.0,0.0
2022-11-18 12:30:00-05:00,25.25,25.260400772094727,25.25,25.260400772094727,597,0.0,0.0
2022-11-18 13:30:00-05:00,25.309999465942383,25.379100799560547,25.309999465942383,25.379100799560547,1356,0.0,0.0
2022-11-18 14:30:00-05:00,25.299999237060547,25.3799991607666,25.299999237060547,25.3799991607666,1975,0.0,0.0
2022-11-18 15:30:00-05:00,25.25,25.25,25.25,25.25,347,0.0,0.0
2022-11-21 09:30:00-05:00,25.272199630737305,25.272199630737305,25.229999542236328,25.229999542236328,0,0.0,0.0
2022-11-21 11:30:00-05:00,25.25,25.343399047851562,25.25,25.343399047851562,489,0.0,0.0
2022-11-21 13:30:00-05:00,25.292200088500977,25.366500854492188,25.292200088500977,25.366500854492188,1587,0.0,0.0
2022-11-21 14:30:00-05:00,25.25749969482422,25.379899978637695,25.25749969482422,25.379899978637695,3180,0.0,0.0
2022-11-21 15:30:00-05:00,25.324100494384766,25.366199493408203,25.31999969482422,25.31999969482422,727,0.0,0.0
2022-11-22 09:30:00-05:00,25.325000762939453,25.325000762939453,25.325000762939453,25.325000762939453,0,0.0,0.0
2022-11-22 10:30:00-05:00,25.239999771118164,25.43000030517578,25.229999542236328,25.31999969482422,2666,0.0,0.0
2022-11-22 11:30:00-05:00,25.40690040588379,25.40690040588379,25.31999969482422,25.345199584960938,1841,0.0,0.0
2022-11-22 12:30:00-05:00,25.27910041809082,25.27910041809082,25.27910041809082,25.27910041809082,113,0.0,0.0
2022-11-22 13:30:00-05:00,25.399999618530273,25.399999618530273,25.290000915527344,25.399999618530273,2174,0.0,0.0
2022-11-22 14:30:00-05:00,25.350000381469727,25.350000381469727,25.350000381469727,25.350000381469727,373,0.0,0.0
2022-11-23 09:30:00-05:00,25.350000381469727,25.350000381469727,25.299999237060547,25.299999237060547,0,0.0,0.0
2022-11-23 10:30:00-05:00,25.309999465942383,25.325000762939453,25.309999465942383,25.309999465942383,644,0.0,0.0
2022-11-23 11:30:00-05:00,25.336200714111328,25.336200714111328,25.309999465942383,25.309999465942383,1375,0.0,0.0
2022-11-23 13:30:00-05:00,25.325700759887695,25.336700439453125,25.300100326538086,25.324600219726562,1633,0.0,0.0
2022-11-23 14:30:00-05:00,25.325000762939453,25.325000762939453,25.325000762939453,25.325000762939453,653,0.0,0.0
2022-11-23 15:30:00-05:00,25.325000762939453,25.325000762939453,25.299999237060547,25.299999237060547,360,0.0,0.0
2022-11-25 09:30:00-05:00,25.350000381469727,25.41699981689453,25.299999237060547,25.327999114990234,0,0.0,0.0
2022-11-25 10:30:00-05:00,25.351699829101562,25.40999984741211,25.351699829101562,25.40999984741211,1011,0.0,0.0
2022-11-25 11:30:00-05:00,25.363399505615234,25.393699645996094,25.350000381469727,25.385000228881836,2677,0.0,0.0
2022-11-28 09:30:00-05:00,25.36090087890625,25.402000427246094,25.36090087890625,25.402000427246094,0,0.0,0.0
2022-11-28 10:30:00-05:00,25.370899200439453,25.389999389648438,25.370899200439453,25.389999389648438,386,0.0,0.0
2022-11-28 11:30:00-05:00,25.424999237060547,25.424999237060547,25.424999237060547,25.424999237060547,165,0.0,0.0
2022-11-28 12:30:00-05:00,25.396099090576172,25.415000915527344,25.31999969482422,25.364999771118164,2162,0.0,0.0
2022-11-28 13:30:00-05:00,25.3700008392334,25.418699264526367,25.364999771118164,25.364999771118164,3556,0.0,0.0
2022-11-28 14:30:00-05:00,25.40999984741211,25.40999984741211,25.31999969482422,25.351999282836914,2206,0.0,0.0
2022-11-28 15:30:00-05:00,25.399999618530273,25.399999618530273,25.399999618530273,25.399999618530273,222,0.0,0.0
2022-11-29 09:30:00-05:00,25.399999618530273,25.420000076293945,25.339000701904297,25.339000701904297,0,0.0,0.0
2022-11-29 10:30:00-05:00,25.360000610351562,25.3799991607666,25.360000610351562,25.3799991607666,656,0.0,0.0
2022-11-29 11:30:00-05:00,25.350000381469727,25.350000381469727,25.350000381469727,25.350000381469727,615,0.0,0.0
2022-11-29 13:30:00-05:00,25.34000015258789,25.43000030517578,25.34000015258789,25.37350082397461,1901,0.0,0.0
2022-11-29 14:30:00-05:00,25.350000381469727,25.399999618530273,25.350000381469727,25.3799991607666,2041,0.0,0.0
2022-11-29 15:30:00-05:00,25.3700008392334,25.3799991607666,25.34000015258789,25.345800399780273,1755,0.0,0.0
2022-11-30 09:30:00-05:00,25.010000228881836,25.010000228881836,24.940000534057617,25.0,0,0.0,0.0
2022-11-30 10:30:00-05:00,25.0,25.084999084472656,25.0,25.084999084472656,15543,0.0,0.0
2022-11-30 11:30:00-05:00,25.079999923706055,25.079999923706055,25.024999618530273,25.040000915527344,3265,0.0,0.0
2022-11-30 12:30:00-05:00,25.024999618530273,25.049999237060547,25.010000228881836,25.010000228881836,8702,0.0,0.0
2022-11-30 13:30:00-05:00,25.079999923706055,25.079999923706055,25.05500030517578,25.05500030517578,250,0.0,0.0
2022-11-30 14:30:00-05:00,25.010099411010742,25.084999084472656,25.010000228881836,25.020000457763672,3340,0.0,0.0
2022-11-30 15:30:00-05:00,25.049999237060547,25.079999923706055,25.010000228881836,25.049999237060547,909,0.0,0.0
2022-12-01 09:30:00-05:00,25.020000457763672,25.110000610351562,25.020000457763672,25.06060028076172,0,0.0,0.0
2022-12-01 10:30:00-05:00,25.030000686645508,25.030000686645508,25.010000228881836,25.010000228881836,347,0.0,0.0
2022-12-01 11:30:00-05:00,25.065200805664062,25.100099563598633,25.059999465942383,25.06999969482422,4642,0.0,0.0
2022-12-01 12:30:00-05:00,25.09000015258789,25.15999984741211,25.09000015258789,25.149999618530273,5716,0.0,0.0
2022-12-01 13:30:00-05:00,25.149999618530273,25.239999771118164,25.149999618530273,25.239999771118164,2151,0.0,0.0
2022-12-01 14:30:00-05:00,25.225000381469727,25.225000381469727,25.170000076293945,25.170000076293945,904,0.0,0.0
2022-12-01 15:30:00-05:00,25.189800262451172,25.189800262451172,25.189800262451172,25.189800262451172,131,0.0,0.0
2022-12-02 09:30:00-05:00,25.289199829101562,25.289199829101562,25.289199829101562,25.289199829101562,267,0.0,0.0
2022-12-02 10:30:00-05:00,25.1200008392334,25.149999618530273,25.1200008392334,25.149999618530273,281,0.0,0.0
2022-12-02 11:30:00-05:00,25.15999984741211,25.270000457763672,25.15999984741211,25.270000457763672,496,0.0,0.0
2022-12-02 12:30:00-05:00,25.235000610351562,25.260000228881836,25.235000610351562,25.25,2143,0.0,0.0
2022-12-02 13:30:00-05:00,25.15999984741211,25.18000030517578,25.1200008392334,25.18000030517578,1521,0.0,0.0
2022-12-02 14:30:00-05:00,25.223600387573242,25.25,25.149999618530273,25.25,1698,0.0,0.0
2022-12-05 09:30:00-05:00,25.15999984741211,25.15999984741211,25.1299991607666,25.1299991607666,0,0.0,0.0
2022-12-05 10:30:00-05:00,25.299999237060547,25.299999237060547,25.161399841308594,25.161399841308594,633,0.0,0.0
2022-12-05 11:30:00-05:00,25.163000106811523,25.18000030517578,25.163000106811523,25.18000030517578,745,0.0,0.0
2022-12-05 13:30:00-05:00,25.170000076293945,25.200000762939453,25.170000076293945,25.190000534057617,1750,0.0,0.0
2022-12-05 14:30:00-05:00,25.18000030517578,25.469999313354492,25.18000030517578,25.30500030517578,3066,0.0,0.0
2022-12-05 15:30:00-05:00,25.299999237060547,25.299999237060547,25.170000076293945,25.170000076293945,0,0.0,0.0
2022-12-06 09:30:00-05:00,25.079999923706055,25.079999923706055,25.079999923706055,25.079999923706055,100,0.0,0.0
2022-12-06 10:30:00-05:00,25.18000030517578,25.236799240112305,25.079999923706055,25.110000610351562,3157,0.0,0.0
2022-12-06 11:30:00-05:00,25.204999923706055,25.299999237060547,25.204999923706055,25.299999237060547,794,0.0,0.0
2022-12-06 12:30:00-05:00,25.200000762939453,25.200000762939453,25.145999908447266,25.200000762939453,2528,0.0,0.0
2022-12-06 13:30:00-05:00,25.100000381469727,25.235599517822266,25.100000381469727,25.235599517822266,2915,0.0,0.0
2022-12-06 14:30:00-05:00,25.128000259399414,25.19219970703125,25.079999923706055,25.110000610351562,2570,0.0,0.0
2022-12-06 15:30:00-05:00,25.079999923706055,25.079999923706055,25.079999923706055,25.079999923706055,0,0.0,0.0
2022-12-07 09:30:00-05:00,25.079999923706055,25.079999923706055,25.079999923706055,25.079999923706055,819,0.0,0.0
2022-12-07 10:30:00-05:00,25.1200008392334,25.1200008392334,25.1200008392334,25.1200008392334,168,0.0,0.0
2022-12-07 11:30:00-05:00,25.110000610351562,25.1200008392334,25.100000381469727,25.100000381469727,956,0.0,0.0
2022-12-07 12:30:00-05:00,25.200000762939453,25.200000762939453,25.100000381469727,25.100000381469727,2830,0.0,0.0
2022-12-07 13:30:00-05:00,25.110000610351562,25.110000610351562,25.100000381469727,25.100000381469727,3669,0.0,0.0
2022-12-07 14:30:00-05:00,25.100000381469727,25.104999542236328,25.100000381469727,25.100000381469727,1088,0.0,0.0
2022-12-07 15:30:00-05:00,25.10449981689453,25.200000762939453,25.079999923706055,25.100000381469727,3540,0.0,0.0
2022-12-08 09:30:00-05:00,25.290000915527344,25.290000915527344,25.1299991607666,25.1299991607666,0,0.0,0.0
2022-12-08 10:30:00-05:00,25.139999389648438,25.139999389648438,25.1200008392334,25.139999389648438,940,0.0,0.0
2022-12-08 12:30:00-05:00,25.204999923706055,25.299999237060547,25.204999923706055,25.235000610351562,3523,0.0,0.0
2022-12-08 13:30:00-05:00,25.170000076293945,25.190000534057617,25.1200008392334,25.1200008392334,1800,0.0,0.0
2022-12-08 14:30:00-05:00,25.18000030517578,25.219999313354492,25.1200008392334,25.15999984741211,8544,0.0,0.0
2022-12-08 15:30:00-05:00,25.15999984741211,25.15999984741211,25.100000381469727,25.100000381469727,5931,0.0,0.0
2022-12-09 09:30:00-05:00,25.1299991607666,25.165000915527344,25.110000610351562,25.110000610351562,0,0.0,0.0
2022-12-09 12:30:00-05:00,25.135000228881836,25.135000228881836,25.1299991607666,25.1299991607666,753,0.0,0.0
2022-12-09 13:30:00-05:00,25.114999771118164,25.1299991607666,25.100000381469727,25.100000381469727,1618,0.0,0.0
2022-12-09 14:30:00-05:00,25.09000015258789,25.19300079345703,25.09000015258789,25.19300079345703,3421,0.0,0.0
2022-12-09 15:30:00-05:00,25.11520004272461,25.1299991607666,25.110000610351562,25.1299991607666,1403,0.0,0.0
2022-12-12 09:30:00-05:00,25.1299991607666,25.1299991607666,25.100000381469727,25.100000381469727,0,0.0,0.0
2022-12-12 10:30:00-05:00,25.09000015258789,25.09000015258789,25.049999237060547,25.049999237060547,3207,0.0,0.0
2022-12-12 11:30:00-05:00,25.050100326538086,25.110000610351562,25.049999237060547,25.110000610351562,2715,0.0,0.0
2022-12-12 12:30:00-05:00,25.170000076293945,25.170000076293945,25.049999237060547,25.049999237060547,2975,0.0,0.0
2022-12-12 13:30:00-05:00,25.049999237060547,25.05500030517578,25.049999237060547,25.049999237060547,663,0.0,0.0
2022-12-12 14:30:00-05:00,25.053199768066406,25.15999984741211,25.049999237060547,25.149999618530273,6507,0.0,0.0
2022-12-12 15:30:00-05:00,25.149999618530273,25.149999618530273,25.059999465942383,25.139999389648438,3919,0.0,0.0
2022-12-13 09:30:00-05:00,25.239999771118164,25.242000579833984,25.059999465942383,25.242000579833984,0,0.0,0.0
2022-12-13 11:30:00-05:00,25.25,25.25,25.25,25.25,726,0.0,0.0
2022-12-13 13:30:00-05:00,25.165000915527344,25.225000381469727,25.09000015258789,25.225000381469727,2178,0.0,0.0
2022-12-13 14:30:00-05:00,25.2185001373291,25.25,25.200000762939453,25.218000411987305,3659,0.0,0.0
2022-12-13 15:30:00-05:00,25.200000762939453,25.25,25.200000762939453,25.25,850,0.0,0.0
2022-12-14 09:30:00-05:00,25.126300811767578,25.170000076293945,25.110000610351562,25.150999069213867,0,0.0,0.0
2022-12-14 10:30:00-05:00,25.110000610351562,25.23870086669922,25.09000015258789,25.1200008392334,3860,0.0,0.0
2022-12-14 11:30:00-05:00,25.149999618530273,25.149999618530273,25.1200008392334,25.1200008392334,394,0.0,0.0
2022-12-14 12:30:00-05:00,25.12339973449707,25.12339973449707,25.12339973449707,25.12339973449707,533,0.0,0.0
2022-12-14 13:30:00-05:00,25.110000610351562,25.217300415039062,25.100000381469727,25.100000381469727,3585,0.0,0.0
2022-12-14 14:30:00-05:00,25.100000381469727,25.100000381469727,25.06999969482422,25.06999969482422,1165,0.0,0.0
2022-12-14 15:30:00-05:00,25.260000228881836,25.260000228881836,25.149999618530273,25.259899139404297,0,0.0,0.0
2022-12-15 09:30:00-05:00,25.100000381469727,25.1200008392334,25.100000381469727,25.1200008392334,508,0.0,0.0
2022-12-15 10:30:00-05:00,25.25,25.25,25.16939926147461,25.19499969482422,1473,0.0,0.0
2022-12-15 11:30:00-05:00,25.204999923706055,25.204999923706055,25.204999923706055,25.204999923706055,1003,0.0,0.0
2022-12-15 12:30:00-05:00,25.16010093688965,25.16010093688965,25.16010093688965,25.16010093688965,520,0.0,0.0
2022-12-15 13:30:00-05:00,25.209999084472656,25.209999084472656,25.209999084472656,25.209999084472656,358,0.0,0.0
2022-12-15 14:30:00-05:00,25.237300872802734,25.260000228881836,25.23419952392578,25.260000228881836,2421,0.0,0.0
2022-12-15 15:30:00-05:00,25.270000457763672,25.280000686645508,25.270000457763672,25.280000686645508,200,0.0,0.0
2022-12-16 09:30:00-05:00,25.260000228881836,25.318500518798828,25.260000228881836,25.318500518798828,0,0.0,0.0
2022-12-16 11:30:00-05:00,25.31999969482422,25.34000015258789,25.299999237060547,25.31999969482422,4502,0.0,0.0
2022-12-16 12:30:00-05:00,25.318899154663086,25.318899154663086,25.318899154663086,25.318899154663086,600,0.0,0.0
2022-12-16 13:30:00-05:00,25.31999969482422,25.3799991607666,25.305400848388672,25.305400848388672,3269,0.0,0.0
2022-12-16 14:30:00-05:00,25.3799991607666,25.3799991607666,25.329999923706055,25.36989974975586,3347,0.0,0.0
2022-12-16 15:30:00-05:00,25.309999465942383,25.309999465942383,25.299999237060547,25.299999237060547,600,0.0,0.0
2022-12-19 09:30:00-05:00,25.290000915527344,25.290000915527344,25.100000381469727,25.110000610351562,0,0.0,0.0
2022-12-19 10:30:00-05:00,25.200000762939453,25.200000762939453,25.18000030517578,25.18000030517578,639,0.0,0.0
2022-12-19 11:30:00-05:00,25.230100631713867,25.260000228881836,25.219999313354492,25.260000228881836,849,0.0,0.0
2022-12-19 12:30:00-05:00,25.219999313354492,25.219999313354492,25.219999313354492,25.219999313354492,335,0.0,0.0
2022-12-19 13:30:00-05:00,25.290000915527344,25.313600540161133,25.290000915527344,25.313600540161133,967,0.0,0.0
2022-12-19 14:30:00-05:00,25.290000915527344,25.290000915527344,25.209999084472656,25.249500274658203,3022,0.0,0.0
2022-12-19 15:30:00-05:00,25.219999313354492,25.25,25.1697998046875,25.25,1113,0.0,0.0
2022-12-20 09:30:00-05:00,25.1299991607666,25.23430061340332,25.100000381469727,25.16710090637207,0,0.0,0.0
2022-12-20 10:30:00-05:00,25.297500610351562,25.31920051574707,25.170000076293945,25.170000076293945,2938,0.0,0.0
2022-12-20 11:30:00-05:00,25.190000534057617,25.325000762939453,25.1299991607666,25.149999618530273,3339,0.0,0.0
2022-12-20 12:30:00-05:00,25.149999618530273,25.239999771118164,25.139999389648438,25.229999542236328,4679,0.0,0.0
2022-12-20 13:30:00-05:00,25.149999618530273,25.323999404907227,25.1299991607666,25.20509910583496,2939,0.0,0.0
2022-12-20 14:30:00-05:00,25.149999618530273,25.320999145507812,25.149999618530273,25.315000534057617,1753,0.0,0.0
2022-12-20 15:30:00-05:00,25.329999923706055,25.329999923706055,25.15999984741211,25.19499969482422,3126,0.0,0.0
2022-12-21 09:30:00-05:00,25.149999618530273,25.215999603271484,25.149999618530273,25.215999603271484,0,0.0,0.0
2022-12-21 10:30:00-05:00,25.149999618530273,25.200000762939453,25.149999618530273,25.200000762939453,722,0.0,0.0
2022-12-21 13:30:00-05:00,25.219999313354492,25.289400100708008,25.219999313354492,25.280000686645508,1917,0.0,0.0
2022-12-21 14:30:00-05:00,25.240999221801758,25.242000579833984,25.170000076293945,25.170000076293945,1162,0.0,0.0
2022-12-21 15:30:00-05:00,25.204299926757812,25.204299926757812,25.150100708007812,25.150100708007812,0,0.0,0.0
2022-12-22 09:30:00-05:00,25.21500015258789,25.25,25.21500015258789,25.25,704,0.0,0.0
2022-12-22 11:30:00-05:00,25.18000030517578,25.18000030517578,25.18000030517578,25.18000030517578,559,0.0,0.0
2022-12-22 12:30:00-05:00,25.149999618530273,25.149999618530273,25.149999618530273,25.149999618530273,199,0.0,0.0
2022-12-22 13:30:00-05:00,25.19420051574707,25.194400787353516,25.149999618530273,25.174999237060547,1111,0.0,0.0
2022-12-22 14:30:00-05:00,25.15880012512207,25.179500579833984,25.149999618530273,25.149999618530273,1321,0.0,0.0
2022-12-22 15:30:00-05:00,25.145000457763672,25.209999084472656,25.145000457763672,25.209999084472656,1046,0.0,0.0
2022-12-23 09:30:00-05:00,25.100000381469727,25.1427001953125,25.100000381469727,25.110000610351562,0,0.0,0.0
2022-12-23 10:30:00-05:00,25.110000610351562,25.110000610351562,25.110000610351562,25.110000610351562,2625,0.0,0.0
2022-12-23 11:30:00-05:00,25.100000381469727,25.113300323486328,25.100000381469727,25.100000381469727,611,0.0,0.0
2022-12-23 12:30:00-05:00,25.11750030517578,25.174999237060547,25.09000015258789,25.174999237060547,3066,0.0,0.0
2022-12-23 14:30:00-05:00,25.1200008392334,25.1200008392334,25.1200008392334,25.1200008392334,117,0.0,0.0
2022-12-27 09:30:00-05:00,25.139999389648438,25.204599380493164,25.139999389648438,25.204599380493164,0,0.0,0.0
2022-12-27 10:30:00-05:00,25.09000015258789,25.209999084472656,25.09000015258789,25.09000015258789,2819,0.0,0.0
2022-12-27 11:30:00-05:00,25.09000015258789,25.155000686645508,25.049999237060547,25.049999237060547,5310,0.0,0.0
2022-12-27 12:30:00-05:00,25.050100326538086,25.161100387573242,25.049999237060547,25.161100387573242,1600,0.0,0.0
2022-12-27 13:30:00-05:00,25.184999465942383,25.184999465942383,25.107099533081055,25.107099533081055,1598,0.0,0.0
2022-12-27 14:30:00-05:00,25.11989974975586,25.149999618530273,25.049999237060547,25.149999618530273,1033,0.0,0.0
2022-12-27 15:30:00-05:00,25.1200008392334,25.1200008392334,25.057899475097656,25.057899475097656,518,0.0,0.0
2022-12-28 09:30:00-05:00,25.040000915527344,25.1117000579834,25.040000915527344,25.049999237060547,0,0.0,0.0
2022-12-28 10:30:00-05:00,25.059999465942383,25.149999618530273,25.040000915527344,25.094999313354492,2842,0.0,0.0
2022-12-28 13:30:00-05:00,25.079999923706055,25.079999923706055,25.020000457763672,25.020000457763672,1257,0.0,0.0
2022-12-28 14:30:00-05:00,25.059999465942383,25.100000381469727,25.059999465942383,25.059999465942383,7435,0.0,0.0
2022-12-29 09:30:00-05:00,25.139999389648438,25.298599243164062,25.030099868774414,25.030099868774414,0,0.0,0.0
2022-12-29 10:30:00-05:00,25.110000610351562,25.110000610351562,25.03059959411621,25.03059959411621,1589,0.0,0.0
2022-12-29 11:30:00-05:00,25.030099868774414,25.1200008392334,25.030000686645508,25.054100036621094,2101,0.0,0.0
2022-12-29 12:30:00-05:00,25.040000915527344,25.110000610351562,25.030000686645508,25.075000762939453,4149,0.0,0.0
2022-12-29 13:30:00-05:00,25.075000762939453,25.100000381469727,25.049999237060547,25.09510040283203,2548,0.0,0.0
2022-12-29 14:30:00-05:00,25.040199279785156,25.11910057067871,25.030000686645508,25.049999237060547,2021,0.0,0.0
2022-12-29 15:30:00-05:00,25.079999923706055,25.149999618530273,25.071199417114258,25.149900436401367,7343,0.0,0.0
2022-12-30 09:30:00-05:00,25.100000381469727,25.309999465942383,25.100000381469727,25.309999465942383,0,0.0,0.0
2022-12-30 10:30:00-05:00,25.329999923706055,25.3799991607666,25.293500900268555,25.321300506591797,1053,0.0,0.0
2022-12-30 11:30:00-05:00,25.32900047302246,25.32900047302246,25.280000686645508,25.280000686645508,1137,0.0,0.0
2022-12-30 12:30:00-05:00,25.299999237060547,25.319900512695312,25.274999618530273,25.319900512695312,3254,0.0,0.0
2022-12-30 13:30:00-05:00,25.1200008392334,25.299999237060547,25.100099563598633,25.100099563598633,2213,0.0,0.0
2022-12-30 14:30:00-05:00,25.200000762939453,25.204999923706055,25.200000762939453,25.204999923706055,2714,0.0,0.0
2022-12-30 15:30:00-05:00,25.204999923706055,25.3794002532959,25.149999618530273,25.170000076293945,2873,0.0,0.0
2023-01-03 09:30:00-05:00,25.239999771118164,25.239999771118164,25.111900329589844,25.111900329589844,0,0.0,0.0
2023-01-03 11:30:00-05:00,25.260000228881836,25.30500030517578,25.15999984741211,25.183500289916992,1680,0.0,0.0
2023-01-03 12:30:00-05:00,25.34160041809082,25.377099990844727,25.34160041809082,25.377099990844727,578,0.0,0.0
2023-01-03 13:30:00-05:00,25.350000381469727,25.48200035095215,25.350000381469727,25.48200035095215,740,0.0,0.0
2023-01-03 14:30:00-05:00,25.475000381469727,25.475000381469727,25.270000457763672,25.329999923706055,2843,0.0,0.0
2023-01-03 15:30:00-05:00,25.325000762939453,25.325000762939453,25.325000762939453,25.325000762939453,0,0.0,0.0
2023-01-04 14:30:00-05:00,25.360000610351562,25.459999084472656,25.360000610351562,25.459999084472656,2142,0.0,0.0
2023-01-04 15:30:00-05:00,25.43090057373047,25.489999771118164,25.43090057373047,25.489999771118164,670,0.0,0.0
2023-01-05 09:30:00-05:00,25.43000030517578,25.530000686645508,25.43000030517578,25.530000686645508,0,0.0,0.0
2023-01-05 10:30:00-05:00,25.469999313354492,25.469999313354492,25.469999313354492,25.469999313354492,115,0.0,0.0
2023-01-05 11:30:00-05:00,25.491500854492188,25.59000015258789,25.491500854492188,25.59000015258789,1458,0.0,0.0
2023-01-05 12:30:00-05:00,25.59000015258789,25.649999618530273,25.540000915527344,25.549999237060547,5218,0.0,0.0
2023-01-05 13:30:00-05:00,25.549999237060547,25.600000381469727,25.479999542236328,25.600000381469727,2629,0.0,0.0
2023-01-05 14:30:00-05:00,25.450000762939453,25.450000762939453,25.366500854492188,25.366500854492188,1899,0.0,0.0
2023-01-05 15:30:00-05:00,25.440000534057617,25.440000534057617,25.3700008392334,25.3700008392334,443,0.0,0.0
2023-01-06 09:30:00-05:00,25.3799991607666,25.485000610351562,25.3799991607666,25.470699310302734,0,0.0,0.0
2023-01-06 10:30:00-05:00,25.5,25.5,25.40999984741211,25.40999984741211,991,0.0,0.0
2023-01-06 11:30:00-05:00,25.399999618530273,25.40999984741211,25.3799991607666,25.3799991607666,2054,0.0,0.0
2023-01-06 13:30:00-05:00,25.489999771118164,25.489999771118164,25.480499267578125,25.480499267578125,481,0.0,0.0
2023-01-06 14:30:00-05:00,25.479999542236328,25.56999969482422,25.479999542236328,25.549999237060547,777,0.0,0.0
2023-01-09 09:30:00-05:00,25.469999313354492,25.528400421142578,25.469999313354492,25.528400421142578,0,0.0,0.0
2023-01-09 10:30:00-05:00,25.46310043334961,25.46310043334961,25.452899932861328,25.452899932861328,930,0.0,0.0
2023-01-09 11:30:00-05:00,25.3700008392334,25.386600494384766,25.3700008392334,25.3700008392334,1278,0.0,0.0
2023-01-09 12:30:00-05:00,25.530000686645508,25.530000686645508,25.450000762939453,25.459999084472656,1974,0.0,0.0
2023-01-09 13:30:00-05:00,25.5,25.5,25.434999465942383,25.434999465942383,601,0.0,0.0
2023-01-09 14:30:00-05:00,25.462200164794922,25.462200164794922,25.434999465942383,25.434999465942383,1415,0.0,0.0
2023-01-09 15:30:00-05:00,25.5,25.5,25.434999465942383,25.489999771118164,799,0.0,0.0
2023-01-10 09:30:00-05:00,25.434999465942383,25.434999465942383,25.3700008392334,25.3700008392334,0,0.0,0.0
2023-01-10 10:30:00-05:00,25.434999465942383,25.434999465942383,25.200000762939453,25.229999542236328,5011,0.0,0.0
2023-01-10 13:30:00-05:00,25.398399353027344,25.398399353027344,25.398399353027344,25.398399353027344,361,0.0,0.0
2023-01-10 14:30:00-05:00,25.43120002746582,25.43120002746582,25.43120002746582,25.43120002746582,248,0.0,0.0
2023-01-10 15:30:00-05:00,25.3700008392334,25.3799991607666,25.3700008392334,25.3799991607666,273,0.0,0.0
2023-01-11 09:30:00-05:00,25.440000534057617,25.440000534057617,25.440000534057617,25.440000534057617,0,0.0,0.0
2023-01-11 11:30:00-05:00,25.360000610351562,25.360000610351562,25.360000610351562,25.360000610351562,463,0.0,0.0
2023-01-11 12:30:00-05:00,25.350900650024414,25.350900650024414,25.350900650024414,25.350900650024414,266,0.0,0.0
2023-01-11 13:30:00-05:00,25.397499084472656,25.397499084472656,25.392900466918945,25.392900466918945,654,0.0,0.0
2023-01-11 14:30:00-05:00,25.360000610351562,25.379600524902344,25.270000457763672,25.379600524902344,694,0.0,0.0
2023-01-12 09:30:00-05:00,25.34000015258789,25.34000015258789,25.34000015258789,25.34000015258789,0,0.0,0.0
2023-01-12 11:30:00-05:00,25.260099411010742,25.260099411010742,25.260099411010742,25.260099411010742,396,0.0,0.0
2023-01-12 12:30:00-05:00,25.360000610351562,25.360000610351562,25.360000610351562,25.360000610351562,988,0.0,0.0
2023-01-12 13:30:00-05:00,25.300100326538086,25.420000076293945,25.299999237060547,25.40999984741211,1228,0.0,0.0
2023-01-12 14:30:00-05:00,25.40999984741211,25.59000015258789,25.40999984741211,25.59000015258789,10074,0.0,0.0
2023-01-12 15:30:00-05:00,25.59000015258789,25.600000381469727,25.59000015258789,25.600000381469727,481,0.0,0.0
2023-01-13 09:30:00-05:00,25.489999771118164,25.489999771118164,25.40999984741211,25.479999542236328,0,0.0,0.0
2023-01-13 11:30:00-05:00,25.599899291992188,25.599899291992188,25.599899291992188,25.599899291992188,739,0.0,0.0
2023-01-13 12:30:00-05:00,25.540000915527344,25.540000915527344,25.51810073852539,25.51810073852539,1514,0.0,0.0
2023-01-13 14:30:00-05:00,25.502399444580078,25.520000457763672,25.469999313354492,25.520000457763672,500,0.0,0.0
2023-01-13 15:30:00-05:00,25.399999618530273,25.549999237060547,25.389999389648438,25.549999237060547,809,0.0,0.0
2023-01-17 09:30:00-05:00,25.440000534057617,25.440000534057617,25.350000381469727,25.350000381469727,0,0.0,0.0
2023-01-17 10:30:00-05:00,25.450000762939453,25.458799362182617,25.44379997253418,25.44379997253418,805,0.0,0.0
2023-01-17 11:30:00-05:00,25.46660041809082,25.46660041809082,25.46660041809082,25.46660041809082,958,0.0,0.0
2023-01-17 12:30:00-05:00,25.5,25.5,25.430999755859375,25.450000762939453,384,0.0,0.0
2023-01-17 13:30:00-05:00,25.453800201416016,25.453800201416016,25.399999618530273,25.399999618530273,1615,0.0,0.0
2023-01-17 14:30:00-05:00,25.489999771118164,25.5,25.450000762939453,25.5,2464,0.0,0.0
2023-01-17 15:30:00-05:00,25.43000030517578,25.43000030517578,25.43000030517578,25.43000030517578,148,0.0,0.0
2023-01-18 09:30:00-05:00,25.5,25.5,25.495800018310547,25.495800018310547,0,0.0,0.0
2023-01-18 10:30:00-05:00,25.440000534057617,25.489999771118164,25.440000534057617,25.489999771118164,542,0.0,0.0
2023-01-18 12:30:00-05:00,25.5,25.600000381469727,25.5,25.579999923706055,3827,0.0,0.0
2023-01-18 13:30:00-05:00,25.600000381469727,25.600000381469727,25.436899185180664,25.436899185180664,2014,0.0,0.0
2023-01-18 14:30:00-05:00,25.52359962463379,25.52359962463379,25.459999084472656,25.459999084472656,687,0.0,0.0
2023-01-18 15:30:00-05:00,25.649999618530273,25.649999618530273,25.510000228881836,25.600000381469727,1777,0.0,0.0
2023-01-19 09:30:00-05:00,25.34000015258789,25.5,25.34000015258789,25.489999771118164,0,0.0,0.0
2023-01-19 10:30:00-05:00,25.5,25.545000076293945,25.350000381469727,25.5,1619,0.0,0.0
2023-01-19 11:30:00-05:00,25.450000762939453,25.649999618530273,25.450000762939453,25.649999618530273,1269,0.0,0.0
2023-01-19 12:30:00-05:00,25.479999542236328,25.549999237060547,25.450000762939453,25.549999237060547,838,0.0,0.0
2023-01-19 13:30:00-05:00,25.479999542236328,25.586599349975586,25.410999298095703,25.586599349975586,4289,0.0,0.0
2023-01-19 14:30:00-05:00,25.49799919128418,25.583599090576172,25.360000610351562,25.3799991607666,965,0.0,0.0
2023-01-20 09:30:00-05:00,25.389999389648438,25.389999389648438,25.389999389648438,25.389999389648438,0,0.0,0.0
2023-01-20 10:30:00-05:00,25.450000762939453,25.530099868774414,25.450000762939453,25.530099868774414,623,0.0,0.0
2023-01-20 11:30:00-05:00,25.420000076293945,25.420000076293945,25.420000076293945,25.420000076293945,561,0.0,0.0
2023-01-20 12:30:00-05:00,25.3799991607666,25.3799991607666,25.3799991607666,25.3799991607666,166,0.0,0.0
2023-01-20 13:30:00-05:00,25.44260025024414,25.600000381469727,25.44260025024414,25.600000381469727,987,0.0,0.0
2023-01-20 14:30:00-05:00,25.600000381469727,25.6299991607666,25.3799991607666,25.6299991607666,3514,0.0,0.0
2023-01-20 15:30:00-05:00,25.6299991607666,25.639999389648438,25.600000381469727,25.600000381469727,1434,0.0,0.0
2023-01-23 09:30:00-05:00,25.489999771118164,25.649999618530273,25.425600051879883,25.425600051879883,964,0.0,0.0
2023-01-23 10:30:00-05:00,25.701000213623047,25.701000213623047,25.701000213623047,25.701000213623047,235,0.0,0.0
2023-01-23 11:30:00-05:00,25.706199645996094,25.706199645996094,25.656200408935547,25.656200408935547,523,0.0,0.0
2023-01-23 12:30:00-05:00,25.639999389648438,25.649999618530273,25.639999389648438,25.649999618530273,819,0.0,0.0
2023-01-23 13:30:00-05:00,25.6200008392334,25.649999618530273,25.584999084472656,25.584999084472656,2290,0.0,0.0
2023-01-23 14:30:00-05:00,25.790000915527344,25.790000915527344,25.760000228881836,25.760000228881836,809,0.0,0.0
2023-01-23 15:30:00-05:00,25.565000534057617,25.649999618530273,25.565000534057617,25.649999618530273,551,0.0,0.0
2023-01-24 09:30:00-05:00,25.350000381469727,25.5049991607666,25.350000381469727,25.5049991607666,0,0.0,0.0
2023-01-24 10:30:00-05:00,25.5,25.510000228881836,25.5,25.510000228881836,843,0.0,0.0
2023-01-24 11:30:00-05:00,25.510000228881836,25.510000228881836,25.502599716186523,25.502599716186523,1018,0.0,0.0
2023-01-24 12:30:00-05:00,25.639999389648438,25.649999618530273,25.639999389648438,25.649999618530273,847,0.0,0.0
2023-01-24 13:30:00-05:00,25.53499984741211,25.6200008392334,25.5,25.6200008392334,1518,0.0,0.0
2023-01-24 14:30:00-05:00,25.5,25.5,25.5,25.5,821,0.0,0.0
2023-01-24 15:30:00-05:00,25.5,25.5,25.36009979248047,25.36009979248047,0,0.0,0.0
2023-01-25 10:30:00-05:00,25.510000228881836,25.510000228881836,25.510000228881836,25.510000228881836,245,0.0,0.0
2023-01-25 11:30:00-05:00,25.649999618530273,25.649999618530273,25.6200008392334,25.6200008392334,836,0.0,0.0
2023-01-25 14:30:00-05:00,25.41819953918457,25.617000579833984,25.41819953918457,25.540000915527344,0,0.0,0.0
2023-01-26 10:30:00-05:00,25.5,25.5,25.343399047851562,25.343399047851562,1058,0.0,0.0
2023-01-26 11:30:00-05:00,25.646299362182617,25.646299362182617,25.514999389648438,25.514999389648438,985,0.0,0.0
2023-01-26 12:30:00-05:00,25.64699935913086,25.64699935913086,25.64699935913086,25.64699935913086,589,0.0,0.0
2023-01-26 13:30:00-05:00,25.58009910583496,25.58009910583496,25.58009910583496,25.58009910583496,527,0.0,0.0
2023-01-26 14:30:00-05:00,25.50279998779297,25.50279998779297,25.50279998779297,25.50279998779297,352,0.0,0.0
2023-01-27 09:30:00-05:00,25.476600646972656,25.476600646972656,25.476600646972656,25.476600646972656,0,0.0,0.0
2023-01-27 10:30:00-05:00,25.59749984741211,25.59749984741211,25.59749984741211,25.59749984741211,220,0.0,0.0
2023-01-27 11:30:00-05:00,25.3799991607666,25.3799991607666,25.3799991607666,25.3799991607666,242,0.0,0.0
2023-01-27 13:30:00-05:00,25.488000869750977,25.488000869750977,25.488000869750977,25.488000869750977,383,0.0,0.0
2023-01-27 14:30:00-05:00,25.44499969482422,25.44499969482422,25.395000457763672,25.440000534057617,652,0.0,0.0
2023-01-27 15:30:00-05:00,25.440000534057617,25.44499969482422,25.440000534057617,25.44499969482422,771,0.0,0.0
2023-01-30 09:30:00-05:00,25.483299255371094,25.483299255371094,25.483299255371094,25.483299255371094,0,0.0,0.0
2023-01-30 10:30:00-05:00,25.4950008392334,25.4950008392334,25.450000762939453,25.4950008392334,868,0.0,0.0
2023-01-30 11:30:00-05:00,25.4950008392334,25.4950008392334,25.489999771118164,25.489999771118164,1502,0.0,0.0
2023-01-30 12:30:00-05:00,25.4950008392334,25.532800674438477,25.412599563598633,25.4950008392334,1533,0.0,0.0
2023-01-30 13:30:00-05:00,25.510000228881836,25.57900047302246,25.510000228881836,25.510000228881836,2760,0.0,0.0
2023-01-30 14:30:00-05:00,25.579999923706055,25.579999923706055,25.420000076293945,25.579999923706055,1304,0.0,0.0
2023-01-30 15:30:00-05:00,25.579999923706055,25.59000015258789,25.540000915527344,25.540000915527344,0,0.0,0.0
2023-01-31 11:30:00-05:00,25.540000915527344,25.579999923706055,25.540000915527344,25.579999923706055,718,0.0,0.0
2023-01-31 12:30:00-05:00,25.54949951171875,25.54949951171875,25.54949951171875,25.54949951171875,275,0.0,0.0
2023-01-31 13:30:00-05:00,25.540000915527344,25.540000915527344,25.4783992767334,25.4783992767334,404,0.0,0.0
2023-01-31 14:30:00-05:00,25.566600799560547,25.566600799560547,25.43000030517578,25.43000030517578,884,0.0,0.0
2023-01-31 15:30:00-05:00,25.420000076293945,25.59000015258789,25.360000610351562,25.389999389648438,4380,0.0,0.0
2023-02-01 10:30:00-05:00,25.399999618530273,25.399999618530273,25.399999618530273,25.399999618530273,0,0.0,0.0
2023-02-01 11:30:00-05:00,25.49090003967285,25.49090003967285,25.450000762939453,25.450000762939453,614,0.0,0.0
2023-02-01 12:30:00-05:00,25.440000534057617,25.440000534057617,25.440000534057617,25.440000534057617,498,0.0,0.0
2023-02-01 13:30:00-05:00,25.50659942626953,25.50659942626953,25.50659942626953,25.50659942626953,456,0.0,0.0
2023-02-01 14:30:00-05:00,25.548200607299805,25.548200607299805,25.548200607299805,25.548200607299805,360,0.0,0.0
2023-02-01 15:30:00-05:00,25.440000534057617,25.440000534057617,25.440000534057617,25.440000534057617,542,0.0,0.0
2023-02-02 09:30:00-05:00,25.540000915527344,25.59000015258789,25.540000915527344,25.59000015258789,0,0.0,0.0
2023-02-02 10:30:00-05:00,25.5,25.5,25.5,25.5,195,0.0,0.0
2023-02-02 11:30:00-05:00,25.554000854492188,25.59000015258789,25.549999237060547,25.55900001525879,1348,0.0,0.0
2023-02-02 12:30:00-05:00,25.55500030517578,25.55500030517578,25.549999237060547,25.549999237060547,400,0.0,0.0
2023-02-02 13:30:00-05:00,25.565000534057617,25.565000534057617,25.562400817871094,25.565000534057617,817,0.0,0.0
2023-02-02 14:30:00-05:00,25.56999969482422,25.59000015258789,25.562999725341797,25.59000015258789,2620,0.0,0.0
2023-02-02 15:30:00-05:00,25.649999618530273,25.649999618530273,25.549999237060547,25.649999618530273,817,0.0,0.0
2023-02-03 10:30:00-05:00,25.360000610351562,25.537599563598633,25.34040069580078,25.537599563598633,481,0.0,0.0
2023-02-03 11:30:00-05:00,25.450000762939453,25.649999618530273,25.450000762939453,25.649999618530273,1794,0.0,0.0
2023-02-03 12:30:00-05:00,25.510000228881836,25.510000228881836,25.510000228881836,25.510000228881836,738,0.0,0.0
2023-02-03 13:30:00-05:00,25.469999313354492,25.469999313354492,25.450000762939453,25.450000762939453,2429,0.0,0.0
2023-02-03 14:30:00-05:00,25.510000228881836,25.510000228881836,25.389999389648438,25.392000198364258,1452,0.0,0.0
2023-02-03 15:30:00-05:00,25.3799991607666,25.3799991607666,25.3799991607666,25.3799991607666,402,0.0,0.0
2023-02-06 09:30:00-05:00,25.450899124145508,25.450899124145508,25.41010093688965,25.41010093688965,0,0.0,0.0
2023-02-06 10:30:00-05:00,25.43000030517578,25.440000534057617,25.43000030517578,25.440000534057617,396,0.0,0.0
2023-02-06 11:30:00-05:00,25.440000534057617,25.530000686645508,25.43000030517578,25.530000686645508,1305,0.0,0.0
2023-02-06 12:30:00-05:00,25.559999465942383,25.6299991607666,25.499799728393555,25.499799728393555,654,0.0,0.0
2023-02-06 13:30:00-05:00,25.43000030517578,25.459999084472656,25.371599197387695,25.371599197387695,4124,0.0,0.0
2023-02-06 14:30:00-05:00,25.399499893188477,25.399499893188477,25.375,25.375,713,0.0,0.0
2023-02-06 15:30:00-05:00,25.350000381469727,25.350000381469727,25.260000228881836,25.260000228881836,2538,0.0,0.0
2023-02-07 09:30:00-05:00,25.3700008392334,25.3700008392334,25.299999237060547,25.299999237060547,0,0.0,0.0
2023-02-07 10:30:00-05:00,25.31999969482422,25.360000610351562,25.31999969482422,25.346799850463867,1917,0.0,0.0
2023-02-07 11:30:00-05:00,25.350000381469727,25.350000381469727,25.299999237060547,25.318199157714844,4148,0.0,0.0
2023-02-07 12:30:00-05:00,25.31999969482422,25.325599670410156,25.200000762939453,25.239999771118164,6709,0.0,0.0
2023-02-07 13:30:00-05:00,25.25,25.350000381469727,25.25,25.350000381469727,1262,0.0,0.0
2023-02-07 14:30:00-05:00,25.31999969482422,25.388200759887695,25.31999969482422,25.388200759887695,317,0.0,0.0
2023-02-07 15:30:00-05:00,25.364999771118164,25.364999771118164,25.364999771118164,25.364999771118164,461,0.0,0.0
2023-02-08 09:30:00-05:00,25.43000030517578,25.43000030517578,25.389999389648438,25.389999389648438,0,0.0,0.0
2023-02-08 10:30:00-05:00,25.449899673461914,25.449899673461914,25.409900665283203,25.409900665283203,435,0.0,0.0
2023-02-08 11:30:00-05:00,25.389999389648438,25.450000762939453,25.389999389648438,25.440000534057617,1157,0.0,0.0
2023-02-08 13:30:00-05:00,25.389999389648438,25.450000762939453,25.389999389648438,25.450000762939453,302,0.0,0.0
2023-02-08 14:30:00-05:00,25.329999923706055,25.389999389648438,25.329999923706055,25.360000610351562,683,0.0,0.0
2023-02-08 15:30:00-05:00,25.450000762939453,25.450000762939453,25.450000762939453,25.450000762939453,121,0.0,0.0
2023-02-09 11:30:00-05:00,25.389999389648438,25.389999389648438,25.389999389648438,25.389999389648438,0,0.0,0.0
2023-02-09 12:30:00-05:00,25.40999984741211,25.420000076293945,25.3439998626709,25.3439998626709,2055,0.0,0.0
2023-02-09 13:30:00-05:00,25.34000015258789,25.34000015258789,25.34000015258789,25.34000015258789,306,0.0,0.0
2023-02-09 14:30:00-05:00,25.34000015258789,25.350000381469727,25.309999465942383,25.309999465942383,1668,0.0,0.0
2023-02-09 15:30:00-05:00,25.299999237060547,25.309999465942383,25.299999237060547,25.309999465942383,2391,0.0,0.0
2023-02-10 09:30:00-05:00,25.280000686645508,25.280000686645508,25.280000686645508,25.280000686645508,0,0.0,0.0
2023-02-10 10:30:00-05:00,25.31999969482422,25.385900497436523,25.299999237060547,25.385900497436523,2231,0.0,0.0
2023-02-10 11:30:00-05:00,25.375,25.39080047607422,25.350000381469727,25.350000381469727,1814,0.0,0.0
2023-02-10 12:30:00-05:00,25.329999923706055,25.360000610351562,25.329999923706055,25.349899291992188,1865,0.0,0.0
2023-02-10 13:30:00-05:00,25.34000015258789,25.350000381469727,25.25,25.338300704956055,5203,0.0,0.0
2023-02-10 14:30:00-05:00,25.299999237060547,25.32509994506836,25.260000228881836,25.32509994506836,975,0.0,0.0
2023-02-10 15:30:00-05:00,25.29509925842285,25.350000381469727,25.29509925842285,25.350000381469727,730,0.0,0.0
2023-02-13 10:30:00-05:00,25.389999389648438,25.389999389648438,25.389999389648438,25.389999389648438,0,0.0,0.0
2023-02-13 11:30:00-05:00,25.419599533081055,25.419599533081055,25.389999389648438,25.399999618530273,1307,0.0,0.0
2023-02-13 12:30:00-05:00,25.350000381469727,25.438899993896484,25.350000381469727,25.395000457763672,3003,0.0,0.0
2023-02-13 13:30:00-05:00,25.440000534057617,25.440000534057617,25.440000534057617,25.440000534057617,228,0.0,0.0
2023-02-13 14:30:00-05:00,25.395000457763672,25.395000457763672,25.395000457763672,25.395000457763672,0,0.0,0.0
2023-02-14 10:30:00-05:00,25.407499313354492,25.407499313354492,25.407499313354492,25.407499313354492,183,0.0,0.0
2023-02-14 11:30:00-05:00,25.440000534057617,25.440000534057617,25.440000534057617,25.440000534057617,499,0.0,0.0
2023-02-14 14:30:00-05:00,25.420000076293945,25.420000076293945,25.410499572753906,25.420000076293945,655,0.0,0.0
2023-02-14 15:30:00-05:00,25.411399841308594,25.411399841308594,25.411399841308594,25.411399841308594,0,0.0,0.0
2023-02-15 11:30:00-05:00,25.450000762939453,25.450000762939453,25.450000762939453,25.450000762939453,821,0.0,0.0
2023-02-15 12:30:00-05:00,25.440000534057617,25.440000534057617,25.440000534057617,25.440000534057617,288,0.0,0.0
2023-02-15 14:30:00-05:00,25.43199920654297,25.437700271606445,25.43199920654297,25.437700271606445,485,0.0,0.0
2023-02-16 10:30:00-05:00,25.399999618530273,25.399999618530273,25.34000015258789,25.34000015258789,2066,0.0,0.0
2023-02-16 11:30:00-05:00,25.399999618530273,25.399999618530273,25.399999618530273,25.399999618530273,859,0.0,0.0
2023-02-16 12:30:00-05:00,25.360000610351562,25.450000762939453,25.360000610351562,25.440000534057617,1377,0.0,0.0
2023-02-16 14:30:00-05:00,25.439800262451172,25.439800262451172,25.399999618530273,25.399999618530273,1992,0.0,0.0
2023-02-16 15:30:00-05:00,25.450000762939453,25.450000762939453,25.350000381469727,25.450000762939453,500,0.0,0.0
2023-02-17 09:30:00-05:00,25.405000686645508,25.420400619506836,25.405000686645508,25.420400619506836,0,0.0,0.0
2023-02-17 10:30:00-05:00,25.392900466918945,25.449100494384766,25.360000610351562,25.449100494384766,677,0.0,0.0
2023-02-17 11:30:00-05:00,25.360000610351562,25.3799991607666,25.360000610351562,25.3799991607666,1073,0.0,0.0
2023-02-17 12:30:00-05:00,25.360000610351562,25.360000610351562,25.346399307250977,25.346399307250977,530,0.0,0.0
2023-02-17 13:30:00-05:00,25.367599487304688,25.440000534057617,25.34000015258789,25.440000534057617,2335,0.0,0.0
2023-02-17 15:30:00-05:00,25.450000762939453,25.450000762939453,25.450000762939453,25.450000762939453,104,0.0,0.0
2023-02-21 09:30:00-05:00,25.270000457763672,25.36680030822754,25.270000457763672,25.36680030822754,0,0.0,0.0
2023-02-21 10:30:00-05:00,25.323400497436523,25.390899658203125,25.323400497436523,25.390899658203125,449,0.0,0.0
2023-02-21 11:30:00-05:00,25.31999969482422,25.384700775146484,25.31999969482422,25.31999969482422,1372,0.0,0.0
2023-02-21 12:30:00-05:00,25.344999313354492,25.3799991607666,25.344999313354492,25.350000381469727,1642,0.0,0.0
2023-02-21 13:30:00-05:00,25.361099243164062,25.361099243164062,25.361099243164062,25.361099243164062,379,0.0,0.0
2023-02-21 14:30:00-05:00,25.399700164794922,25.399999618530273,25.350000381469727,25.350000381469727,1645,0.0,0.0
2023-02-21 15:30:00-05:00,25.420000076293945,25.420000076293945,25.3799991607666,25.3799991607666,761,0.0,0.0
2023-02-22 09:30:00-05:00,25.399900436401367,25.43000030517578,25.38010025024414,25.38010025024414,0,0.0,0.0
2023-02-22 10:30:00-05:00,25.3799991607666,25.3799991607666,25.3799991607666,25.3799991607666,438,0.0,0.0
2023-02-22 11:30:00-05:00,25.3799991607666,25.3799991607666,25.3799991607666,25.3799991607666,379,0.0,0.0
2023-02-22 12:30:00-05:00,25.395000457763672,25.395000457763672,25.3799991607666,25.3799991607666,607,0.0,0.0
2023-02-22 13:30:00-05:00,25.389999389648438,25.404199600219727,25.389999389648438,25.404199600219727,368,0.0,0.0
2023-02-22 14:30:00-05:00,25.399999618530273,25.406999588012695,25.399999618530273,25.406999588012695,543,0.0,0.0
2023-02-22 15:30:00-05:00,25.399999618530273,25.404199600219727,25.309999465942383,25.32990074157715,6605,0.0,0.0
2023-02-23 09:30:00-05:00,25.40999984741211,25.40999984741211,25.36840057373047,25.40999984741211,0,0.0,0.0
2023-02-23 10:30:00-05:00,25.3799991607666,25.469100952148438,25.3799991607666,25.469100952148438,652,0.0,0.0
2023-02-23 11:30:00-05:00,25.424999237060547,25.424999237060547,25.424999237060547,25.424999237060547,683,0.0,0.0
2023-02-23 12:30:00-05:00,25.469999313354492,25.469999313354492,25.399999618530273,25.399999618530273,1909,0.0,0.0
2023-02-23 14:30:00-05:00,25.450000762939453,25.450000762939453,25.450000762939453,25.450000762939453,266,0.0,0.0
2023-02-24 09:30:00-05:00,25.450000762939453,25.489999771118164,25.450000762939453,25.489999771118164,0,0.0,0.0
2023-02-24 10:30:00-05:00,25.48310089111328,25.48310089111328,25.48310089111328,25.48310089111328,149,0.0,0.0
2023-02-24 11:30:00-05:00,25.489999771118164,25.496999740600586,25.475000381469727,25.496999740600586,1071,0.0,0.0
2023-02-24 12:30:00-05:00,25.483999252319336,25.483999252319336,25.483999252319336,25.483999252319336,925,0.0,0.0
2023-02-24 15:30:00-05:00,25.5,25.5,25.5,25.5,296,0.0,0.0
2023-02-27 09:30:00-05:00,25.52630043029785,25.52630043029785,25.52630043029785,25.52630043029785,0,0.0,0.0
2023-02-27 10:30:00-05:00,25.451000213623047,25.451000213623047,25.451000213623047,25.451000213623047,133,0.0,0.0
2023-02-27 13:30:00-05:00,25.530500411987305,25.530500411987305,25.530500411987305,25.530500411987305,1614,0.0,0.0
2023-02-27 14:30:00-05:00,25.50589942932129,25.50589942932129,25.50589942932129,25.50589942932129,545,0.0,0.0
2023-02-27 15:30:00-05:00,25.479999542236328,25.530000686645508,25.350000381469727,25.3799991607666,21221,0.0,0.0
2023-02-28 09:30:00-05:00,25.15999984741211,25.15999984741211,25.15999984741211,25.15999984741211,0,0.0,0.0
2023-02-28 10:30:00-05:00,25.139999389648438,25.18000030517578,25.139999389648438,25.18000030517578,7914,0.0,0.0
2023-02-28 11:30:00-05:00,25.190000534057617,25.209999084472656,25.190000534057617,25.209999084472656,3907,0.0,0.0
2023-02-28 12:30:00-05:00,25.200000762939453,25.209999084472656,25.200000762939453,25.209999084472656,1412,0.0,0.0
2023-02-28 13:30:00-05:00,25.200000762939453,25.209999084472656,25.200000762939453,25.209999084472656,2726,0.0,0.0
2023-02-28 14:30:00-05:00,25.190000534057617,25.219999313354492,25.190000534057617,25.219999313354492,1747,0.0,0.0
2023-02-28 15:30:00-05:00,25.209999084472656,25.219999313354492,25.209999084472656,25.209999084472656,1389,0.0,0.0
2023-03-01 11:30:00-05:00,25.190000534057617,25.219999313354492,25.190000534057617,25.200000762939453,413,0.0,0.0
2023-03-01 14:30:00-05:00,25.200000762939453,25.200000762939453,25.200000762939453,25.200000762939453,501,0.0,0.0
2023-03-01 15:30:00-05:00,25.15999984741211,25.15999984741211,25.15999984741211,25.15999984741211,319,0.0,0.0
2023-03-02 11:30:00-05:00,25.15999984741211,25.15999984741211,25.1200008392334,25.1200008392334,3600,0.0,0.0
2023-03-02 12:30:00-05:00,25.1200008392334,25.149999618530273,25.104400634765625,25.104400634765625,3469,0.0,0.0
2023-03-02 13:30:00-05:00,25.15999984741211,25.15999984741211,25.15999984741211,25.15999984741211,826,0.0,0.0
2023-03-02 14:30:00-05:00,25.17300033569336,25.175399780273438,25.17300033569336,25.175399780273438,2107,0.0,0.0
2023-03-02 15:30:00-05:00,25.150100708007812,25.150100708007812,25.149999618530273,25.149999618530273,423,0.0,0.0
2023-03-03 09:30:00-05:00,25.18000030517578,25.239999771118164,25.18000030517578,25.229999542236328,0,0.0,0.0
2023-03-03 10:30:00-05:00,25.170000076293945,25.209999084472656,25.170000076293945,25.209999084472656,809,0.0,0.0
2023-03-03 11:30:00-05:00,25.229999542236328,25.229999542236328,25.200000762939453,25.200000762939453,1593,0.0,0.0
2023-03-03 12:30:00-05:00,25.220199584960938,25.259899139404297,25.218900680541992,25.219999313354492,1422,0.0,0.0
2023-03-03 13:30:00-05:00,25.23579978942871,25.239999771118164,25.23579978942871,25.239999771118164,2555,0.0,0.0
2023-03-03 14:30:00-05:00,25.253299713134766,25.253299713134766,25.219999313354492,25.219999313354492,1859,0.0,0.0
2023-03-06 10:30:00-05:00,25.178800582885742,25.25,25.178800582885742,25.25,336,0.0,0.0
2023-03-06 11:30:00-05:00,25.239999771118164,25.27829933166504,25.239999771118164,25.268299102783203,5266,0.0,0.0
2023-03-06 13:30:00-05:00,25.270000457763672,25.270000457763672,25.270000457763672,25.270000457763672,354,0.0,0.0
2023-03-06 14:30:00-05:00,25.240299224853516,25.264999389648438,25.200000762939453,25.200000762939453,902,0.0,0.0
2023-03-06 15:30:00-05:00,25.25,25.25,25.25,25.25,196,0.0,0.0
2023-03-07 09:30:00-05:00,25.25,25.25,25.25,25.25,0,0.0,0.0
2023-03-07 10:30:00-05:00,25.25,25.25,25.209999084472656,25.209999084472656,770,0.0,0.0
2023-03-07 11:30:00-05:00,25.239999771118164,25.309999465942383,25.239999771118164,25.309999465942383,5399,0.0,0.0
2023-03-07 12:30:00-05:00,25.295000076293945,25.309999465942383,25.280000686645508,25.280000686645508,1379,0.0,0.0
2023-03-07 13:30:00-05:00,25.20009994506836,25.266300201416016,25.20009994506836,25.266300201416016,667,0.0,0.0
2023-03-07 14:30:00-05:00,25.24880027770996,25.24880027770996,25.201200485229492,25.24340057373047,1795,0.0,0.0
2023-03-07 15:30:00-05:00,25.239999771118164,25.239999771118164,25.219999313354492,25.219999313354492,533,0.0,0.0
2023-03-08 09:30:00-05:00,25.25,25.25,25.25,25.25,0,0.0,0.0
2023-03-08 10:30:00-05:00,25.299999237060547,25.299999237060547,25.299999237060547,25.299999237060547,238,0.0,0.0
2023-03-08 11:30:00-05:00,25.299999237060547,25.309999465942383,25.280000686645508,25.299999237060547,3195,0.0,0.0
2023-03-08 12:30:00-05:00,25.299999237060547,25.299999237060547,25.299999237060547,25.299999237060547,165,0.0,0.0
2023-03-08 13:30:00-05:00,25.28499984741211,25.329999923706055,25.28499984741211,25.329999923706055,1237,0.0,0.0
2023-03-08 14:30:00-05:00,25.30470085144043,25.399999618530273,25.260000228881836,25.399999618530273,3647,0.0,0.0
2023-03-08 15:30:00-05:00,25.389999389648438,25.389999389648438,25.389999389648438,25.389999389648438,100,0.0,0.0
2023-03-09 10:30:00-05:00,25.209999084472656,25.3799991607666,25.209999084472656,25.3799991607666,578,0.0,0.0
2023-03-09 11:30:00-05:00,25.360000610351562,25.3799991607666,25.280000686645508,25.3799991607666,1130,0.0,0.0
2023-03-09 12:30:00-05:00,25.3799991607666,25.393999099731445,25.2450008392334,25.3700008392334,1883,0.0,0.0
2023-03-09 13:30:00-05:00,25.315000534057617,25.389999389648438,25.280000686645508,25.350000381469727,3396,0.0,0.0
2023-03-09 14:30:00-05:00,25.309999465942383,25.387100219726562,25.299999237060547,25.304899215698242,1726,0.0,0.0
2023-03-09 15:30:00-05:00,25.299999237060547,25.3700008392334,25.25,25.3700008392334,2132,0.0,0.0
2023-03-10 09:30:00-05:00,25.200000762939453,25.399999618530273,24.81999969482422,25.04800033569336,30896,0.0,0.0
2023-03-10 10:30:00-05:00,25.049999237060547,25.084999084472656,24.950000762939453,25.024999618530273,45531,0.0,0.0
2023-03-10 11:30:00-05:00,25.024999618530273,25.06999969482422,24.6200008392334,24.75,22030,0.0,0.0
2023-03-10 12:30:00-05:00,24.620100021362305,24.854999542236328,24.6200008392334,24.6200008392334,7028,0.0,0.0
2023-03-10 13:30:00-05:00,24.796100616455078,24.844999313354492,24.700000762939453,24.844999313354492,2817,0.0,0.0
2023-03-10 14:30:00-05:00,24.882299423217773,24.90130043029785,24.75,24.75,4413,0.0,0.0
2023-03-10 15:30:00-05:00,24.844999313354492,24.844999313354492,24.844999313354492,24.844999313354492,588,0.0,0.0
2023-03-13 09:30:00-04:00,23.299999237060547,23.299999237060547,20.11009979248047,21.68670082092285,37371,0.0,0.0
2023-03-13 10:30:00-04:00,21.850000381469727,22.645000457763672,21.600000381469727,22.645000457763672,22976,0.0,0.0
2023-03-13 11:30:00-04:00,22.649999618530273,23.299999237060547,22.389999389648438,23.079999923706055,18233,0.0,0.0
2023-03-13 12:30:00-04:00,23.200000762939453,23.200000762939453,22.614099502563477,22.799999237060547,16199,0.0,0.0
2023-03-13 13:30:00-04:00,22.8700008392334,23.0,22.610000610351562,22.969999313354492,9095,0.0,0.0
2023-03-13 14:30:00-04:00,22.89109992980957,23.010000228881836,22.799999237060547,22.84000015258789,4908,0.0,0.0
2023-03-13 15:30:00-04:00,22.829999923706055,22.84000015258789,22.600000381469727,22.600000381469727,5700,0.0,0.0
2023-03-14 09:30:00-04:00,23.1299991607666,23.81999969482422,23.1299991607666,23.729999542236328,0,0.0,0.0
2023-03-14 10:30:00-04:00,23.729999542236328,23.81999969482422,23.533199310302734,23.81999969482422,6769,0.0,0.0
2023-03-14 11:30:00-04:00,23.719999313354492,23.8799991607666,23.610000610351562,23.65999984741211,20420,0.0,0.0
2023-03-14 12:30:00-04:00,23.780000686645508,23.799999237060547,23.5,23.5,24183,0.0,0.0
2023-03-14 13:30:00-04:00,23.649999618530273,23.649999618530273,23.5,23.510000228881836,8270,0.0,0.0
2023-03-14 14:30:00-04:00,23.600000381469727,23.612199783325195,23.304399490356445,23.60460090637207,9839,0.0,0.0
2023-03-14 15:30:00-04:00,23.510000228881836,23.75,23.510000228881836,23.540000915527344,19298,0.0,0.0
2023-03-15 09:30:00-04:00,22.940000534057617,23.0,22.482900619506836,22.899900436401367,17123,0.0,0.0
2023-03-15 10:30:00-04:00,22.825000762939453,22.899999618530273,22.600000381469727,22.709999084472656,39444,0.0,0.0
2023-03-15 11:30:00-04:00,22.75,22.79990005493164,22.24220085144043,22.30929946899414,13429,0.0,0.0
2023-03-15 12:30:00-04:00,22.295000076293945,22.54990005493164,22.295000076293945,22.399999618530273,5711,0.0,0.0
2023-03-15 13:30:00-04:00,22.549999237060547,22.549999237060547,22.219999313354492,22.399999618530273,4397,0.0,0.0
2023-03-15 14:30:00-04:00,22.149200439453125,22.549999237060547,22.149200439453125,22.475000381469727,2299,0.0,0.0
2023-03-15 15:30:00-04:00,22.510000228881836,22.551599502563477,22.139999389648438,22.139999389648438,4304,0.0,0.0
2023-03-16 09:30:00-04:00,22.200000762939453,22.290000915527344,21.885299682617188,21.899999618530273,0,0.0,0.0
2023-03-16 10:30:00-04:00,21.950000762939453,23.489999771118164,21.815000534057617,22.899999618530273,19685,0.0,0.0
2023-03-16 11:30:00-04:00,22.6919002532959,22.6919002532959,22.364999771118164,22.364999771118164,4357,0.0,0.0
2023-03-16 12:30:00-04:00,22.325000762939453,22.600000381469727,22.325000762939453,22.5,11345,0.0,0.0
2023-03-16 13:30:00-04:00,22.50979995727539,22.57670021057129,22.299999237060547,22.334999084472656,21424,0.0,0.0
2023-03-16 14:30:00-04:00,22.350000381469727,22.600000381469727,22.070100784301758,22.200000762939453,7830,0.0,0.0
2023-03-16 15:30:00-04:00,22.18000030517578,22.499900817871094,22.1299991607666,22.149999618530273,12034,0.0,0.0
2023-03-17 09:30:00-04:00,22.31999969482422,22.600000381469727,22.209999084472656,22.209999084472656,0,0.0,0.0
2023-03-17 10:30:00-04:00,22.020000457763672,22.079999923706055,21.524999618530273,21.6299991607666,6086,0.0,0.0
2023-03-17 11:30:00-04:00,21.920000076293945,22.107200622558594,21.799999237060547,21.799999237060547,909,0.0,0.0
2023-03-17 12:30:00-04:00,22.051700592041016,22.25,21.94499969482422,22.1200008392334,3471,0.0,0.0
2023-03-17 13:30:00-04:00,21.920000076293945,22.118200302124023,21.899999618530273,22.118200302124023,2434,0.0,0.0
2023-03-17 14:30:00-04:00,22.1299991607666,22.149999618530273,21.899999618530273,21.899999618530273,1865,0.0,0.0
2023-03-17 15:30:00-04:00,21.900299072265625,21.900299072265625,21.900299072265625,21.900299072265625,200,0.0,0.0
2023-03-20 09:30:00-04:00,22.010000228881836,22.229900360107422,21.649999618530273,21.860000610351562,0,0.0,0.0
2023-03-20 10:30:00-04:00,22.025400161743164,22.047000885009766,21.600099563598633,22.0,1959,0.0,0.0
2023-03-20 11:30:00-04:00,21.889999389648438,22.200000762939453,21.850000381469727,21.850000381469727,1177,0.0,0.0
2023-03-20 12:30:00-04:00,21.719999313354492,21.799999237060547,21.5,21.5,2847,0.0,0.0
2023-03-20 13:30:00-04:00,21.510000228881836,21.510000228881836,21.5,21.5,833,0.0,0.0
2023-03-20 14:30:00-04:00,21.401100158691406,21.434999465942383,21.281400680541992,21.434999465942383,2092,0.0,0.0
2023-03-20 15:30:00-04:00,21.3799991607666,21.389999389648438,21.25,21.25,1878,0.0,0.0
2023-03-21 09:30:00-04:00,21.350000381469727,22.161100387573242,21.31999969482422,22.079999923706055,0,0.0,0.0
2023-03-21 10:30:00-04:00,22.079999923706055,22.25,21.979900360107422,21.979900360107422,4525,0.0,0.0
2023-03-21 11:30:00-04:00,22.249900817871094,22.3700008392334,22.200000762939453,22.25,12492,0.0,0.0
2023-03-21 12:30:00-04:00,22.334999084472656,22.449899673461914,22.299999237060547,22.440000534057617,2829,0.0,0.0
2023-03-21 13:30:00-04:00,22.43000030517578,22.5049991607666,22.43000030517578,22.5,2102,0.0,0.0
2023-03-21 14:30:00-04:00,22.451499938964844,22.6299991607666,22.34000015258789,22.6299991607666,3271,0.0,0.0
2023-03-21 15:30:00-04:00,22.510000228881836,22.510000228881836,22.510000228881836,22.510000228881836,1111,0.0,0.0
2023-03-22 09:30:00-04:00,22.43090057373047,22.469999313354492,22.43090057373047,22.469999313354492,0,0.0,0.0
2023-03-22 11:30:00-04:00,22.549999237060547,22.670000076293945,22.450000762939453,22.648399353027344,5693,0.0,0.0
2023-03-22 12:30:00-04:00,22.440000534057617,22.445499420166016,22.25,22.25,7828,0.0,0.0
2023-03-22 13:30:00-04:00,22.149999618530273,22.450000762939453,22.149999618530273,22.450000762939453,2451,0.0,0.0
2023-03-22 14:30:00-04:00,22.450000762939453,22.655000686645508,22.350099563598633,22.369800567626953,9118,0.0,0.0
2023-03-22 15:30:00-04:00,22.350000381469727,22.350000381469727,22.040000915527344,22.104999542236328,19220,0.0,0.0
2023-03-23 09:30:00-04:00,22.209999084472656,23.0,22.020099639892578,22.20009994506836,0,0.0,0.0
2023-03-23 10:30:00-04:00,22.440000534057617,22.668899536132812,22.329500198364258,22.510000228881836,2936,0.0,0.0
2023-03-23 11:30:00-04:00,22.510000228881836,22.93899917602539,22.43000030517578,22.43000030517578,23582,0.0,0.0
2023-03-23 12:30:00-04:00,22.5,22.647199630737305,21.950000762939453,21.979999542236328,3717,0.0,0.0
2023-03-23 13:30:00-04:00,21.864999771118164,22.0,21.719999313354492,21.889999389648438,3742,0.0,0.0
2023-03-23 14:30:00-04:00,21.737300872802734,21.866300582885742,21.5,21.5,6178,0.0,0.0
2023-03-23 15:30:00-04:00,21.5,21.635499954223633,21.200000762939453,21.310100555419922,1563,0.0,0.0
2023-03-24 09:30:00-04:00,21.290000915527344,21.510000228881836,21.290000915527344,21.510000228881836,0,0.0,0.0
2023-03-24 10:30:00-04:00,21.34000015258789,21.34000015258789,20.770000457763672,20.8799991607666,12454,0.0,0.0
2023-03-24 11:30:00-04:00,20.959999084472656,21.049999237060547,20.871200561523438,21.0,7218,0.0,0.0
2023-03-24 12:30:00-04:00,21.229999542236328,21.229999542236328,21.010000228881836,21.18000030517578,2589,0.0,0.0
2023-03-24 13:30:00-04:00,21.100000381469727,21.200000762939453,21.100000381469727,21.1200008392334,1355,0.0,0.0
2023-03-24 14:30:00-04:00,21.200000762939453,21.200000762939453,21.0,21.0,3893,0.0,0.0
2023-03-24 15:30:00-04:00,20.8799991607666,21.049999237060547,20.790000915527344,20.790000915527344,6536,0.0,0.0
2023-03-27 09:30:00-04:00,21.760000228881836,21.760000228881836,21.399999618530273,21.399999618530273,0,0.0,0.0
2023-03-27 10:30:00-04:00,21.399999618530273,21.91990089416504,21.350000381469727,21.674999237060547,4192,0.0,0.0
2023-03-27 11:30:00-04:00,21.665000915527344,21.75,21.579999923706055,21.579999923706055,1096,0.0,0.0
2023-03-27 12:30:00-04:00,21.600000381469727,21.837799072265625,21.600000381469727,21.837799072265625,4296,0.0,0.0
2023-03-27 13:30:00-04:00,21.6299991607666,21.76059913635254,21.600099563598633,21.600099563598633,1679,0.0,0.0
2023-03-27 14:30:00-04:00,21.6299991607666,21.700000762939453,21.6299991607666,21.639999389648438,1522,0.0,0.0
2023-03-27 15:30:00-04:00,21.700000762939453,21.700000762939453,21.700000762939453,21.700000762939453,425,0.0,0.0
2023-03-28 09:30:00-04:00,21.684999465942383,22.100000381469727,21.684999465942383,22.100000381469727,0,0.0,0.0
2023-03-28 10:30:00-04:00,22.010000228881836,22.010000228881836,22.010000228881836,22.010000228881836,528,0.0,0.0
2023-03-28 11:30:00-04:00,21.940000534057617,21.989999771118164,21.940000534057617,21.959999084472656,2560,0.0,0.0
2023-03-28 12:30:00-04:00,21.979000091552734,22.290000915527344,21.959999084472656,22.219999313354492,3503,0.0,0.0
2023-03-28 14:30:00-04:00,22.13360023498535,22.295900344848633,22.060100555419922,22.295900344848633,1002,0.0,0.0
2023-03-28 15:30:00-04:00,22.244199752807617,22.389999389648438,22.06999969482422,22.06999969482422,1549,0.0,0.0
2023-03-29 09:30:00-04:00,22.149999618530273,22.770000457763672,22.1299991607666,22.200000762939453,0,0.0,0.0
2023-03-29 10:30:00-04:00,22.450000762939453,22.676700592041016,22.350000381469727,22.489999771118164,5559,0.0,0.0
2023-03-29 11:30:00-04:00,22.489999771118164,22.8700008392334,22.47570037841797,22.860000610351562,3795,0.0,0.0
2023-03-29 12:30:00-04:00,22.81999969482422,22.8700008392334,22.760000228881836,22.8700008392334,1456,0.0,0.0
2023-03-29 13:30:00-04:00,22.895000457763672,22.895000457763672,22.895000457763672,22.895000457763672,794,0.0,0.0
2023-03-29 14:30:00-04:00,22.895000457763672,23.209999084472656,22.86750030517578,23.059999465942383,7645,0.0,0.0
2023-03-29 15:30:00-04:00,23.18000030517578,23.360000610351562,23.106700897216797,23.283899307250977,7352,0.0,0.0
2023-03-30 09:30:00-04:00,23.299999237060547,23.510000228881836,23.030000686645508,23.479999542236328,0,0.0,0.0
2023-03-30 10:30:00-04:00,23.364999771118164,23.79990005493164,23.32349967956543,23.79990005493164,2975,0.0,0.0
2023-03-30 11:30:00-04:00,23.780000686645508,23.799999237060547,23.5,23.610000610351562,4957,0.0,0.0
2023-03-30 12:30:00-04:00,23.395000457763672,23.395000457763672,23.295000076293945,23.295000076293945,362,0.0,0.0
2023-03-30 13:30:00-04:00,23.299999237060547,23.479999542236328,23.299999237060547,23.479999542236328,1168,0.0,0.0
2023-03-30 14:30:00-04:00,23.600000381469727,23.639999389648438,23.44499969482422,23.454999923706055,4987,0.0,0.0
2023-03-30 15:30:00-04:00,23.479999542236328,23.63719940185547,23.420000076293945,23.514999389648438,877,0.0,0.0
2023-03-31 09:30:00-04:00,23.62420082092285,23.75,23.62420082092285,23.75,0,0.0,0.0
2023-03-31 10:30:00-04:00,23.75,23.979999542236328,23.670000076293945,23.979999542236328,3920,0.0,0.0
2023-03-31 11:30:00-04:00,23.979999542236328,24.08329963684082,23.828800201416016,23.93000030517578,6189,0.0,0.0
2023-03-31 12:30:00-04:00,23.799999237060547,24.189899444580078,23.799999237060547,24.189899444580078,10218,0.0,0.0
2023-03-31 13:30:00-04:00,23.61009979248047,24.13479995727539,23.61009979248047,23.985000610351562,2197,0.0,0.0
2023-03-31 14:30:00-04:00,23.979999542236328,24.149999618530273,23.940000534057617,24.149999618530273,2745,0.0,0.0
2023-03-31 15:30:00-04:00,24.049999237060547,24.59000015258789,24.049999237060547,24.5,4815,0.0,0.0
2023-04-03 09:30:00-04:00,24.190000534057617,24.389999389648438,24.0,24.350000381469727,0,0.0,0.0
2023-04-03 10:30:00-04:00,24.309999465942383,24.309999465942383,24.28660011291504,24.28660011291504,1040,0.0,0.0
2023-04-03 11:30:00-04:00,24.25,24.3700008392334,24.25,24.336700439453125,1013,0.0,0.0
2023-04-03 12:30:00-04:00,24.360000610351562,24.3700008392334,24.149999618530273,24.149999618530273,3664,0.0,0.0
2023-04-03 13:30:00-04:00,24.3700008392334,24.3700008392334,24.100000381469727,24.25,2817,0.0,0.0
2023-04-03 14:30:00-04:00,24.100000381469727,24.28619956970215,24.100000381469727,24.16200065612793,3415,0.0,0.0
2023-04-03 15:30:00-04:00,24.350000381469727,24.360000610351562,24.350000381469727,24.360000610351562,1102,0.0,0.0
2023-04-04 09:30:00-04:00,24.209999084472656,24.209999084472656,23.31999969482422,23.3700008392334,0,0.0,0.0
2023-04-04 10:30:00-04:00,23.3799991607666,23.997800827026367,22.299999237060547,22.78510093688965,11228,0.0,0.0
2023-04-04 11:30:00-04:00,22.360000610351562,22.899999618530273,22.299999237060547,22.610000610351562,10107,0.0,0.0
2023-04-04 12:30:00-04:00,22.649999618530273,23.418699264526367,22.649999618530273,23.1299991607666,4434,0.0,0.0
2023-04-04 13:30:00-04:00,23.1200008392334,23.1200008392334,22.920000076293945,22.920000076293945,3681,0.0,0.0
2023-04-04 14:30:00-04:00,22.920000076293945,23.059900283813477,22.899999618530273,23.001800537109375,5162,0.0,0.0
2023-04-04 15:30:00-04:00,22.979999542236328,23.209999084472656,22.899999618530273,22.93000030517578,0,0.0,0.0
2023-04-05 09:30:00-04:00,22.360000610351562,23.0,22.360000610351562,23.0,12454,0.0,0.0
2023-04-05 10:30:00-04:00,23.375,23.375,22.899999618530273,23.329999923706055,3786,0.0,0.0
2023-04-05 11:30:00-04:00,22.91010093688965,23.791099548339844,22.91010093688965,23.77120018005371,2424,0.0,0.0
2023-04-05 12:30:00-04:00,23.28499984741211,23.5,23.274999618530273,23.274999618530273,1050,0.0,0.0
2023-04-05 13:30:00-04:00,23.2549991607666,23.40999984741211,23.000099182128906,23.364599227905273,2156,0.0,0.0
2023-04-05 14:30:00-04:00,23.3799991607666,23.489999771118164,23.270000457763672,23.344999313354492,2726,0.0,0.0
2023-04-06 09:30:00-04:00,23.579999923706055,23.579999923706055,23.579999923706055,23.579999923706055,0,0.0,0.0
2023-04-06 10:30:00-04:00,23.549999237060547,23.549999237060547,23.530000686645508,23.530000686645508,761,0.0,0.0
2023-04-06 11:30:00-04:00,23.5,23.559999465942383,23.399999618530273,23.546199798583984,2609,0.0,0.0
2023-04-06 12:30:00-04:00,23.639999389648438,23.75,23.610000610351562,23.75,2883,0.0,0.0
2023-04-06 13:30:00-04:00,23.84000015258789,23.84000015258789,23.75,23.770000457763672,5017,0.0,0.0
2023-04-06 14:30:00-04:00,23.899999618530273,23.899999618530273,23.899999618530273,23.899999618530273,2113,0.0,0.0
2023-04-06 15:30:00-04:00,23.8799991607666,23.8799991607666,23.8799991607666,23.8799991607666,848,0.0,0.0
2023-04-10 09:30:00-04:00,23.600000381469727,23.600000381469727,23.510099411010742,23.510099411010742,0,0.0,0.0
2023-04-10 10:30:00-04:00,23.68000030517578,23.719900131225586,23.510000228881836,23.530000686645508,1651,0.0,0.0
2023-04-10 11:30:00-04:00,23.649999618530273,23.719999313354492,23.600000381469727,23.709999084472656,888,0.0,0.0
2023-04-10 13:30:00-04:00,24.040000915527344,24.110000610351562,24.020000457763672,24.110000610351562,3918,0.0,0.0
2023-04-10 14:30:00-04:00,24.09000015258789,24.209999084472656,23.829999923706055,24.209999084472656,7337,0.0,0.0
2023-04-10 15:30:00-04:00,24.219999313354492,24.309999465942383,24.15999984741211,24.219999313354492,3720,0.0,0.0
2023-04-11 09:30:00-04:00,24.200000762939453,24.219999313354492,24.010000228881836,24.200000762939453,0,0.0,0.0
2023-04-11 10:30:00-04:00,24.489999771118164,24.940000534057617,24.3799991607666,24.399999618530273,15554,0.0,0.0
2023-04-11 11:30:00-04:00,24.389999389648438,24.389999389648438,24.33139991760254,24.375,1136,0.0,0.0
2023-04-11 12:30:00-04:00,24.299999237060547,24.299999237060547,24.020000457763672,24.200000762939453,5561,0.0,0.0
2023-04-11 13:30:00-04:00,24.30500030517578,24.31999969482422,24.233299255371094,24.31999969482422,1925,0.0,0.0
2023-04-11 14:30:00-04:00,24.219999313354492,24.25,24.219999313354492,24.226999282836914,1356,0.0,0.0
2023-04-11 15:30:00-04:00,24.229999542236328,24.229999542236328,24.200000762939453,24.219999313354492,1617,0.0,0.0
2023-04-12 09:30:00-04:00,24.36989974975586,24.520000457763672,24.36989974975586,24.520000457763672,0,0.0,0.0
2023-04-12 10:30:00-04:00,24.46500015258789,24.46500015258789,24.25,24.36549949645996,3401,0.0,0.0
2023-04-12 11:30:00-04:00,24.280000686645508,24.6200008392334,24.25,24.6200008392334,1628,0.0,0.0
2023-04-12 12:30:00-04:00,24.540000915527344,24.540000915527344,24.540000915527344,24.540000915527344,305,0.0,0.0
2023-04-12 13:30:00-04:00,24.462200164794922,24.5,24.357099533081055,24.399999618530273,854,0.0,0.0
2023-04-12 14:30:00-04:00,24.31999969482422,24.398500442504883,24.25,24.25,5749,0.0,0.0
2023-04-12 15:30:00-04:00,24.25,24.350000381469727,24.25,24.350000381469727,4679,0.0,0.0
2023-04-13 09:30:00-04:00,24.125,24.299999237060547,24.020000457763672,24.19029998779297,0,0.0,0.0
2023-04-13 11:30:00-04:00,24.14550018310547,24.174999237060547,24.100000381469727,24.174999237060547,649,0.0,0.0
2023-04-13 12:30:00-04:00,24.209699630737305,24.25,24.19499969482422,24.25,1847,0.0,0.0
2023-04-13 13:30:00-04:00,24.225000381469727,24.225000381469727,24.225000381469727,24.225000381469727,100,0.0,0.0
2023-04-13 14:30:00-04:00,24.25,24.25,24.249000549316406,24.249000549316406,1402,0.0,0.0
2023-04-13 15:30:00-04:00,24.200000762939453,24.299999237060547,24.200000762939453,24.299999237060547,1581,0.0,0.0
2023-04-14 09:30:00-04:00,24.25,24.25,24.155000686645508,24.155000686645508,0,0.0,0.0
2023-04-14 10:30:00-04:00,24.155000686645508,24.155000686645508,24.040000915527344,24.13599967956543,517,0.0,0.0
2023-04-14 11:30:00-04:00,24.170000076293945,24.19700050354004,24.170000076293945,24.19700050354004,907,0.0,0.0
2023-04-14 12:30:00-04:00,24.100000381469727,24.100000381469727,24.06999969482422,24.06999969482422,1104,0.0,0.0
2023-04-14 13:30:00-04:00,24.100000381469727,24.100099563598633,23.989999771118164,23.991899490356445,2091,0.0,0.0
2023-04-14 14:30:00-04:00,24.094999313354492,24.094999313354492,24.094999313354492,24.094999313354492,776,0.0,0.0
2023-04-14 15:30:00-04:00,24.059999465942383,24.059999465942383,24.059999465942383,24.059999465942383,270,0.0,0.0
2023-04-17 09:30:00-04:00,24.239999771118164,24.239999771118164,24.079999923706055,24.079999923706055,0,0.0,0.0
2023-04-17 10:30:00-04:00,24.079999923706055,24.200000762939453,23.959999084472656,24.200000762939453,4209,0.0,0.0
2023-04-17 11:30:00-04:00,24.139999389648438,24.190000534057617,24.1200008392334,24.170000076293945,1983,0.0,0.0
2023-04-17 12:30:00-04:00,24.170000076293945,24.25,24.05139923095703,24.25,3799,0.0,0.0
2023-04-17 13:30:00-04:00,24.25,24.25,24.200000762939453,24.200000762939453,2820,0.0,0.0
2023-04-17 14:30:00-04:00,24.200000762939453,24.25,24.049999237060547,24.25,5879,0.0,0.0
2023-04-17 15:30:00-04:00,24.25,24.25,24.049999237060547,24.24850082397461,1578,0.0,0.0
2023-04-18 09:30:00-04:00,24.149999618530273,24.149999618530273,24.079999923706055,24.125,733,0.0,0.0
2023-04-18 10:30:00-04:00,24.00040054321289,24.249900817871094,24.0,24.249900817871094,3683,0.0,0.0
2023-04-18 11:30:00-04:00,24.02910041809082,24.156600952148438,24.0,24.0,1431,0.0,0.0
2023-04-18 12:30:00-04:00,24.0575008392334,24.210500717163086,24.0575008392334,24.210500717163086,521,0.0,0.0
2023-04-18 14:30:00-04:00,24.219999313354492,24.229999542236328,24.149999618530273,24.222999572753906,1519,0.0,0.0
2023-04-18 15:30:00-04:00,24.174999237060547,24.239999771118164,24.0,24.0,4021,0.0,0.0
2023-04-19 09:30:00-04:00,24.229999542236328,24.25,24.000600814819336,24.000600814819336,0,0.0,0.0
2023-04-19 10:30:00-04:00,24.125,24.18000030517578,24.125,24.18000030517578,0,0.0,0.0
2023-04-19 11:30:00-04:00,24.18000030517578,24.190000534057617,24.100000381469727,24.100000381469727,2829,0.0,0.0
2023-04-19 12:30:00-04:00,24.18000030517578,24.200000762939453,24.18000030517578,24.199899673461914,620,0.0,0.0
2023-04-19 13:30:00-04:00,24.200000762939453,24.200000762939453,24.136999130249023,24.136999130249023,2850,0.0,0.0
2023-04-19 14:30:00-04:00,24.200000762939453,24.200000762939453,24.200000762939453,24.200000762939453,248,0.0,0.0
2023-04-20 09:30:00-04:00,24.100000381469727,24.226600646972656,24.100000381469727,24.18000030517578,0,0.0,0.0
2023-04-20 10:30:00-04:00,24.191200256347656,24.21780014038086,24.15999984741211,24.15999984741211,736,0.0,0.0
2023-04-20 11:30:00-04:00,24.219999313354492,24.299999237060547,24.209999084472656,24.226699829101562,3235,0.0,0.0
2023-04-20 12:30:00-04:00,24.171100616455078,24.319900512695312,24.15999984741211,24.200000762939453,1520,0.0,0.0
2023-04-20 13:30:00-04:00,24.209999084472656,24.209999084472656,24.170000076293945,24.170000076293945,618,0.0,0.0
2023-04-20 14:30:00-04:00,24.209999084472656,24.209999084472656,24.168699264526367,24.17530059814453,1838,0.0,0.0
2023-04-20 15:30:00-04:00,24.190000534057617,24.25,24.149999618530273,24.25,3244,0.0,0.0
2023-04-21 09:30:00-04:00,24.25,24.25,24.25,24.25,0,0.0,0.0
2023-04-21 10:30:00-04:00,24.22909927368164,24.22909927368164,24.22909927368164,24.22909927368164,315,0.0,0.0
2023-04-21 11:30:00-04:00,24.235000610351562,24.235000610351562,24.211000442504883,24.211000442504883,1113,0.0,0.0
2023-04-21 12:30:00-04:00,24.249900817871094,24.25,24.249900817871094,24.25,346,0.0,0.0
2023-04-21 14:30:00-04:00,24.299999237060547,24.31999969482422,24.25,24.291799545288086,0,0.0,0.0
2023-04-24 09:30:00-04:00,24.261999130249023,24.27400016784668,24.25,24.25,2053,0.0,0.0
2023-04-24 10:30:00-04:00,24.25,24.270000457763672,24.235000610351562,24.235000610351562,0,0.0,0.0
2023-04-24 11:30:00-04:00,24.235000610351562,24.270000457763672,24.06999969482422,24.260000228881836,5969,0.0,0.0
2023-04-24 12:30:00-04:00,24.06999969482422,24.1200008392334,24.049999237060547,24.049999237060547,782,0.0,0.0
2023-04-24 13:30:00-04:00,24.182600021362305,24.229999542236328,24.049999237060547,24.100000381469727,1662,0.0,0.0
2023-04-24 14:30:00-04:00,24.110000610351562,24.229999542236328,24.110000610351562,24.229999542236328,1189,0.0,0.0
2023-04-24 15:30:00-04:00,24.139999389648438,24.229999542236328,24.1200008392334,24.229999542236328,1400,0.0,0.0
2023-04-25 09:30:00-04:00,24.21030044555664,24.21030044555664,24.21030044555664,24.21030044555664,989,0.0,0.0
2023-04-25 10:30:00-04:00,24.200000762939453,24.200000762939453,24.1200008392334,24.1200008392334,497,0.0,0.0
2023-04-25 12:30:00-04:00,24.18000030517578,24.209999084472656,24.049999237060547,24.049999237060547,4534,0.0,0.0
2023-04-25 13:30:00-04:00,24.0,24.0,23.8799991607666,23.909400939941406,604,0.0,0.0
2023-04-25 14:30:00-04:00,23.93000030517578,24.219999313354492,23.93000030517578,24.219999313354492,1033,0.0,0.0
2023-04-25 15:30:00-04:00,24.040000915527344,24.1200008392334,23.950000762939453,23.950000762939453,2783,0.0,0.0
2023-04-26 09:30:00-04:00,23.8700008392334,23.8700008392334,23.8700008392334,23.8700008392334,0,0.0,0.0
2023-04-26 10:30:00-04:00,23.794200897216797,24.044599533081055,23.794200897216797,24.044599533081055,675,0.0,0.0
2023-04-26 11:30:00-04:00,24.0531005859375,24.0531005859375,24.040000915527344,24.040000915527344,844,0.0,0.0
2023-04-26 12:30:00-04:00,24.049999237060547,24.049999237060547,24.008100509643555,24.040000915527344,1097,0.0,0.0
2023-04-26 13:30:00-04:00,24.03499984741211,24.059999465942383,23.65399932861328,23.82659912109375,2641,0.0,0.0
2023-04-26 14:30:00-04:00,23.82979965209961,23.99650001525879,23.814300537109375,23.814300537109375,2775,0.0,0.0
2023-04-26 15:30:00-04:00,23.799999237060547,24.0,23.799999237060547,23.969999313354492,835,0.0,0.0
2023-04-27 09:30:00-04:00,24.0,24.0,24.0,24.0,0,0.0,0.0
2023-04-27 10:30:00-04:00,23.75,24.100000381469727,23.700000762939453,23.950000762939453,3291,0.0,0.0
2023-04-27 11:30:00-04:00,23.979999542236328,23.979999542236328,23.899999618530273,23.909799575805664,1920,0.0,0.0
2023-04-27 12:30:00-04:00,23.96929931640625,23.96929931640625,23.84280014038086,23.84280014038086,872,0.0,0.0
2023-04-27 13:30:00-04:00,23.842199325561523,23.899999618530273,23.842199325561523,23.84760093688965,1609,0.0,0.0
2023-04-27 14:30:00-04:00,23.84000015258789,23.84000015258789,23.799999237060547,23.829999923706055,2518,0.0,0.0
2023-04-27 15:30:00-04:00,23.81999969482422,24.0,23.81999969482422,23.989999771118164,0,0.0,0.0
2023-04-28 09:30:00-04:00,23.84000015258789,24.191600799560547,23.799999237060547,23.844100952148438,766,0.0,0.0
2023-04-28 10:30:00-04:00,23.850000381469727,24.219999313354492,23.850000381469727,23.979400634765625,0,0.0,0.0
2023-04-28 11:30:00-04:00,24.100000381469727,24.100000381469727,24.100000381469727,24.100000381469727,6027,0.0,0.0
2023-04-28 12:30:00-04:00,24.059999465942383,24.059999465942383,23.861600875854492,24.040000915527344,1047,0.0,0.0
2023-04-28 13:30:00-04:00,23.915000915527344,24.059999465942383,23.81999969482422,24.059999465942383,1334,0.0,0.0
2023-04-28 14:30:00-04:00,24.059999465942383,24.06999969482422,24.0,24.010000228881836,1234,0.0,0.0
2023-04-28 15:30:00-04:00,24.049999237060547,24.049999237060547,23.799999237060547,24.049999237060547,6646,0.0,0.0
2023-05-01 09:30:00-04:00,23.650100708007812,23.650100708007812,23.650100708007812,23.650100708007812,1392,0.0,0.0
2023-05-01 10:30:00-04:00,23.940000534057617,23.940000534057617,23.799999237060547,23.799999237060547,986,0.0,0.0
2023-05-01 11:30:00-04:00,23.70009994506836,23.847000122070312,23.649999618530273,23.829999923706055,4521,0.0,0.0
2023-05-01 12:30:00-04:00,23.915000915527344,23.915000915527344,23.649999618530273,23.75,3429,0.0,0.0
2023-05-01 13:30:00-04:00,23.65290069580078,23.75,23.625,23.625,619,0.0,0.0
2023-05-01 14:30:00-04:00,23.739999771118164,23.739999771118164,23.700000762939453,23.700000762939453,2266,0.0,0.0
2023-05-01 15:30:00-04:00,23.739999771118164,23.739999771118164,23.579999923706055,23.579999923706055,3090,0.0,0.0
2023-05-02 09:30:00-04:00,23.5,23.5,22.780000686645508,22.780000686645508,0,0.0,0.0
2023-05-02 10:30:00-04:00,22.5,22.5,21.299999237060547,21.5,25320,0.0,0.0
2023-05-02 11:30:00-04:00,21.575000762939453,21.790000915527344,21.299999237060547,21.627300262451172,17864,0.0,0.0
2023-05-02 12:30:00-04:00,21.610000610351562,21.860000610351562,21.479999542236328,21.75,18348,0.0,0.0
2023-05-02 13:30:00-04:00,21.760000228881836,21.90999984741211,21.299999237060547,21.700000762939453,19756,0.0,0.0
2023-05-02 14:30:00-04:00,21.700000762939453,21.759899139404297,21.399999618530273,21.399999618530273,11235,0.0,0.0
2023-05-02 15:30:00-04:00,21.33970069885254,21.610000610351562,21.33970069885254,21.5,9045,0.0,0.0
2023-05-03 09:30:00-04:00,21.530000686645508,22.0,21.530000686645508,21.75,4282,0.0,0.0
2023-05-03 10:30:00-04:00,21.760000228881836,21.905099868774414,21.190000534057617,21.190000534057617,10488,0.0,0.0
2023-05-03 11:30:00-04:00,21.281200408935547,21.469999313354492,21.1299991607666,21.1299991607666,6383,0.0,0.0
2023-05-03 12:30:00-04:00,21.09000015258789,21.479900360107422,21.049999237060547,21.049999237060547,3725,0.0,0.0
2023-05-03 13:30:00-04:00,21.315900802612305,21.315900802612305,21.059999465942383,21.25,4492,0.0,0.0
2023-05-03 14:30:00-04:00,21.1299991607666,21.260000228881836,21.1200008392334,21.200000762939453,3646,0.0,0.0
2023-05-03 15:30:00-04:00,21.100000381469727,21.19610023498535,20.930099487304688,21.0,9871,0.0,0.0
2023-05-04 09:30:00-04:00,20.829999923706055,20.829999923706055,17.229999542236328,17.229999542236328,41695,0.0,0.0
2023-05-04 10:30:00-04:00,17.449899673461914,18.309999465942383,16.0,18.104999542236328,101976,0.0,0.0
2023-05-04 11:30:00-04:00,17.8700008392334,18.03499984741211,17.290000915527344,17.829999923706055,39669,0.0,0.0
2023-05-04 12:30:00-04:00,17.81999969482422,17.81999969482422,17.06999969482422,17.170000076293945,12681,0.0,0.0
2023-05-04 13:30:00-04:00,17.25749969482422,17.350000381469727,16.8700008392334,16.8700008392334,10584,0.0,0.0
2023-05-04 14:30:00-04:00,16.889999389648438,17.239999771118164,16.75,17.15999984741211,23534,0.0,0.0
2023-05-04 15:30:00-04:00,17.100000381469727,17.5,17.100000381469727,17.299999237060547,15703,0.0,0.0
2023-05-05 09:30:00-04:00,18.56999969482422,19.700000762939453,18.56999969482422,19.309999465942383,17927,0.0,0.0
2023-05-05 10:30:00-04:00,19.479999542236328,19.479999542236328,19.201900482177734,19.201900482177734,5705,0.0,0.0
2023-05-05 11:30:00-04:00,19.3799991607666,20.049999237060547,19.3799991607666,19.799999237060547,9892,0.0,0.0
2023-05-05 12:30:00-04:00,19.75,20.690000534057617,19.270000457763672,20.439800262451172,5905,0.0,0.0
2023-05-05 13:30:00-04:00,20.309999465942383,20.389999389648438,19.899999618530273,19.899999618530273,12080,0.0,0.0
2023-05-05 14:30:00-04:00,20.010000228881836,20.389999389648438,20.0,20.29439926147461,11331,0.0,0.0
2023-05-05 15:30:00-04:00,20.28660011291504,20.3799991607666,20.09000015258789,20.09000015258789,1720,0.0,0.0
2023-05-08 09:30:00-04:00,20.510000228881836,21.760000228881836,20.299999237060547,20.450000762939453,6361,0.0,0.0
2023-05-08 10:30:00-04:00,20.299999237060547,20.300100326538086,20.030000686645508,20.030000686645508,778,0.0,0.0
2023-05-08 11:30:00-04:00,20.15999984741211,20.399999618530273,20.0,20.399999618530273,6783,0.0,0.0
2023-05-08 12:30:00-04:00,20.219999313354492,20.5,20.219999313354492,20.5,5116,0.0,0.0
2023-05-08 13:30:00-04:00,20.31999969482422,20.489999771118164,20.299999237060547,20.412799835205078,3526,0.0,0.0
2023-05-08 14:30:00-04:00,20.420000076293945,20.459999084472656,20.059999465942383,20.3700008392334,7467,0.0,0.0
2023-05-08 15:30:00-04:00,20.290000915527344,20.31290054321289,20.273000717163086,20.31290054321289,3487,0.0,0.0
2023-05-09 09:30:00-04:00,20.389999389648438,20.479900360107422,19.899999618530273,20.479900360107422,0,0.0,0.0
2023-05-09 10:30:00-04:00,19.979999542236328,20.239999771118164,19.950000762939453,20.125,5424,0.0,0.0
2023-05-09 11:30:00-04:00,20.108400344848633,20.319900512695312,20.100000381469727,20.290000915527344,1809,0.0,0.0
2023-05-09 12:30:00-04:00,20.149999618530273,20.280000686645508,19.950000762939453,20.270000457763672,897,0.0,0.0
2023-05-09 13:30:00-04:00,20.200000762939453,20.200000762939453,20.040000915527344,20.040000915527344,2451,0.0,0.0
2023-05-09 14:30:00-04:00,20.030000686645508,20.200000762939453,19.8799991607666,20.200000762939453,4651,0.0,0.0
2023-05-09 15:30:00-04:00,20.199899673461914,20.199899673461914,20.104999542236328,20.104999542236328,869,0.0,0.0
2023-05-10 09:30:00-04:00,20.25,20.399999618530273,20.18000030517578,20.346599578857422,0,0.0,0.0
2023-05-10 10:30:00-04:00,20.200000762939453,20.399999618530273,20.200000762939453,20.388500213623047,1017,0.0,0.0
2023-05-10 11:30:00-04:00,20.385000228881836,20.469999313354492,20.309999465942383,20.399999618530273,1906,0.0,0.0
2023-05-10 12:30:00-04:00,20.358400344848633,20.358400344848633,20.049999237060547,20.139999389648438,7669,0.0,0.0
2023-05-10 13:30:00-04:00,20.170000076293945,20.200000762939453,20.09000015258789,20.100000381469727,2152,0.0,0.0
2023-05-10 14:30:00-04:00,20.170000076293945,20.239999771118164,20.110000610351562,20.110000610351562,1353,0.0,0.0
2023-05-10 15:30:00-04:00,20.239999771118164,20.350000381469727,20.21500015258789,20.350000381469727,6391,0.0,0.0
2023-05-11 09:30:00-04:00,20.260000228881836,20.260000228881836,19.709999084472656,19.829999923706055,0,0.0,0.0
2023-05-11 10:30:00-04:00,19.955900192260742,19.955900192260742,19.833900451660156,19.899099349975586,1458,0.0,0.0
2023-05-11 11:30:00-04:00,19.85260009765625,19.979999542236328,19.85260009765625,19.951099395751953,2417,0.0,0.0
2023-05-11 12:30:00-04:00,19.989999771118164,20.0,19.93160057067871,19.93160057067871,1865,0.0,0.0
2023-05-11 13:30:00-04:00,19.858299255371094,19.8976993560791,19.858299255371094,19.861299514770508,1324,0.0,0.0
2023-05-11 14:30:00-04:00,19.860000610351562,19.979999542236328,19.429399490356445,19.429399490356445,11321,0.0,0.0
2023-05-11 15:30:00-04:00,19.510000228881836,19.68000030517578,19.510000228881836,19.68000030517578,1006,0.0,0.0
2023-05-12 09:30:00-04:00,19.84000015258789,19.84000015258789,19.350000381469727,19.3700008392334,0,0.0,0.0
2023-05-12 10:30:00-04:00,19.19499969482422,19.19499969482422,19.049999237060547,19.102500915527344,5164,0.0,0.0
2023-05-12 11:30:00-04:00,19.0674991607666,19.1200008392334,18.739999771118164,19.049999237060547,8767,0.0,0.0
2023-05-12 12:30:00-04:00,19.0,19.010000228881836,18.799999237060547,18.81999969482422,7544,0.0,0.0
2023-05-12 13:30:00-04:00,18.924999237060547,18.94499969482422,18.75,18.799999237060547,3770,0.0,0.0
2023-05-12 14:30:00-04:00,18.75,18.81999969482422,18.5,18.684999465942383,8342,0.0,0.0
2023-05-12 15:30:00-04:00,18.670000076293945,18.850000381469727,18.540000915527344,18.540000915527344,4803,0.0,0.0
2023-05-15 09:30:00-04:00,19.75,19.860000610351562,19.41080093383789,19.41080093383789,0,0.0,0.0
2023-05-15 10:30:00-04:00,19.25,19.68079948425293,19.100000381469727,19.649999618530273,8710,0.0,0.0
2023-05-15 11:30:00-04:00,19.667699813842773,19.798599243164062,19.631099700927734,19.780000686645508,6337,0.0,0.0
2023-05-15 12:30:00-04:00,19.809999465942383,19.860000610351562,19.799999237060547,19.859699249267578,3375,0.0,0.0
2023-05-15 13:30:00-04:00,19.85420036315918,19.860000610351562,19.809999465942383,19.809999465942383,1297,0.0,0.0
2023-05-15 14:30:00-04:00,19.989999771118164,19.999900817871094,19.915000915527344,19.999900817871094,4049,0.0,0.0
2023-05-15 15:30:00-04:00,20.0,20.0,20.0,20.0,369,0.0,0.0
2023-05-16 09:30:00-04:00,20.0,20.149999618530273,19.899999618530273,20.1200008392334,0,0.0,0.0
2023-05-16 10:30:00-04:00,20.040000915527344,20.399999618530273,20.030000686645508,20.29210090637207,5235,0.0,0.0
2023-05-16 11:30:00-04:00,20.267900466918945,20.600000381469727,20.267900466918945,20.600000381469727,4257,0.0,0.0
2023-05-16 12:30:00-04:00,20.649900436401367,20.649999618530273,20.450000762939453,20.450000762939453,3167,0.0,0.0
2023-05-16 13:30:00-04:00,20.450000762939453,20.674999237060547,20.450000762939453,20.597900390625,2322,0.0,0.0
2023-05-16 14:30:00-04:00,20.58839988708496,20.58839988708496,20.479999542236328,20.479999542236328,2363,0.0,0.0
2023-05-16 15:30:00-04:00,20.549999237060547,20.549999237060547,20.31999969482422,20.31999969482422,5090,0.0,0.0
2023-05-17 09:30:00-04:00,20.850000381469727,20.850000381469727,20.690000534057617,20.690000534057617,0,0.0,0.0
2023-05-17 10:30:00-04:00,20.709999084472656,21.40999984741211,20.709999084472656,21.40999984741211,5652,0.0,0.0
2023-05-17 11:30:00-04:00,21.5,21.5,21.139999389648438,21.399999618530273,2737,0.0,0.0
2023-05-17 12:30:00-04:00,21.479999542236328,22.5,21.479999542236328,22.5,6044,0.0,0.0
2023-05-17 13:30:00-04:00,21.750099182128906,22.100000381469727,21.750099182128906,21.950000762939453,4999,0.0,0.0
2023-05-17 14:30:00-04:00,21.850799560546875,22.09000015258789,21.81999969482422,22.09000015258789,1744,0.0,0.0
2023-05-17 15:30:00-04:00,22.0,22.1299991607666,21.99049949645996,22.030000686645508,0,0.0,0.0
2023-05-18 09:30:00-04:00,22.25,22.350000381469727,22.0,22.25,12039,0.0,0.0
2023-05-18 10:30:00-04:00,22.350000381469727,22.5,22.350000381469727,22.5,4686,0.0,0.0
2023-05-18 11:30:00-04:00,22.52669906616211,22.57229995727539,22.299999237060547,22.299999237060547,5890,0.0,0.0
2023-05-18 12:30:00-04:00,22.06999969482422,22.25,22.06999969482422,22.25,9670,0.0,0.0
2023-05-18 13:30:00-04:00,22.375,22.6200008392334,22.375,22.6200008392334,13666,0.0,0.0
2023-05-18 14:30:00-04:00,22.959999084472656,22.959999084472656,22.899999618530273,22.899999618530273,1625,0.0,0.0
2023-05-18 15:30:00-04:00,22.850000381469727,22.850000381469727,22.700000762939453,22.700000762939453,1793,0.0,0.0
2023-05-19 09:30:00-04:00,22.80459976196289,22.80459976196289,22.475000381469727,22.475000381469727,0,0.0,0.0
2023-05-19 10:30:00-04:00,22.625,22.625,22.350000381469727,22.389999389648438,2464,0.0,0.0
2023-05-19 11:30:00-04:00,22.454999923706055,22.506399154663086,22.0,22.010000228881836,1195,0.0,0.0
2023-05-19 12:30:00-04:00,22.479999542236328,22.5,22.479999542236328,22.5,1202,0.0,0.0
2023-05-19 13:30:00-04:00,22.579999923706055,22.579999923706055,22.399999618530273,22.5,3087,0.0,0.0
2023-05-19 14:30:00-04:00,22.5,22.666799545288086,22.399999618530273,22.666799545288086,391,0.0,0.0
2023-05-19 15:30:00-04:00,22.719999313354492,22.719999313354492,22.600000381469727,22.614999771118164,1388,0.0,0.0
2023-05-22 09:30:00-04:00,23.049999237060547,23.049999237060547,22.770000457763672,23.04990005493164,17479,0.0,0.0
2023-05-22 10:30:00-04:00,22.896499633789062,23.030000686645508,22.896499633789062,22.950000762939453,912,0.0,0.0
2023-05-22 11:30:00-04:00,22.950000762939453,23.049999237060547,22.799999237060547,22.899999618530273,13157,0.0,0.0
2023-05-22 12:30:00-04:00,22.917200088500977,23.040000915527344,22.799999237060547,23.040000915527344,6854,0.0,0.0
2023-05-22 13:30:00-04:00,23.020000457763672,23.049999237060547,22.90999984741211,23.010000228881836,5686,0.0,0.0
2023-05-22 14:30:00-04:00,23.209999084472656,23.770000457763672,23.100000381469727,23.5,9424,0.0,0.0
2023-05-22 15:30:00-04:00,23.6299991607666,23.8700008392334,23.239999771118164,23.5,0,0.0,0.0
2023-05-23 09:30:00-04:00,23.68000030517578,23.799999237060547,23.469999313354492,23.739999771118164,5764,0.0,0.0
2023-05-23 10:30:00-04:00,23.799999237060547,24.049999237060547,23.799999237060547,24.049999237060547,3392,0.0,0.0
2023-05-23 11:30:00-04:00,24.049999237060547,24.139999389648438,23.950000762939453,23.989999771118164,10749,0.0,0.0
2023-05-23 12:30:00-04:00,24.010000228881836,24.1200008392334,23.920000076293945,24.010000228881836,3490,0.0,0.0
2023-05-23 13:30:00-04:00,23.90999984741211,23.989999771118164,23.770000457763672,23.860000610351562,4126,0.0,0.0
2023-05-23 14:30:00-04:00,23.84000015258789,23.940000534057617,23.75,23.75,6131,0.0,0.0
2023-05-23 15:30:00-04:00,23.939899444580078,23.939899444580078,23.5,23.5,0,0.0,0.0
2023-05-24 09:30:00-04:00,23.549999237060547,23.979999542236328,23.354999542236328,23.360000610351562,6378,0.0,0.0
2023-05-24 10:30:00-04:00,23.3700008392334,23.600000381469727,23.361400604248047,23.5,3302,0.0,0.0
2023-05-24 11:30:00-04:00,23.537700653076172,23.75,23.506999969482422,23.530000686645508,4777,0.0,0.0
2023-05-24 12:30:00-04:00,23.719999313354492,23.725000381469727,23.524999618530273,23.700000762939453,1159,0.0,0.0
2023-05-24 13:30:00-04:00,23.600000381469727,23.700000762939453,23.5,23.6299991607666,3841,0.0,0.0
2023-05-24 14:30:00-04:00,23.6200008392334,23.75,23.51129913330078,23.729999542236328,3724,0.0,0.0
2023-05-24 15:30:00-04:00,23.920000076293945,23.989999771118164,23.920000076293945,23.969999313354492,1185,0.0,0.0
2023-05-25 09:30:00-04:00,23.799999237060547,23.860000610351562,23.540000915527344,23.540000915527344,0,0.0,0.0
2023-05-25 10:30:00-04:00,23.549999237060547,23.950000762939453,23.549999237060547,23.704999923706055,3119,0.0,0.0
2023-05-25 11:30:00-04:00,23.6200008392334,23.790000915527344,23.600000381469727,23.649999618530273,2876,0.0,0.0
2023-05-25 12:30:00-04:00,23.639999389648438,23.799999237060547,23.540000915527344,23.600000381469727,9721,0.0,0.0
2023-05-25 13:30:00-04:00,23.600000381469727,23.78499984741211,23.502300262451172,23.600000381469727,8201,0.0,0.0
2023-05-25 14:30:00-04:00,23.600000381469727,23.889999389648438,23.600000381469727,23.8799991607666,5448,0.0,0.0
2023-05-25 15:30:00-04:00,23.8799991607666,23.950000762939453,23.850000381469727,23.950000762939453,2434,0.0,0.0
2023-05-26 09:30:00-04:00,23.920000076293945,23.920000076293945,23.91990089416504,23.91990089416504,0,0.0,0.0
2023-05-26 10:30:00-04:00,23.899999618530273,24.049999237060547,23.809999465942383,24.0,6922,0.0,0.0
2023-05-26 11:30:00-04:00,24.079999923706055,24.15999984741211,24.079999923706055,24.15999984741211,576,0.0,0.0
2023-05-26 12:30:00-04:00,24.000099182128906,24.239999771118164,24.000099182128906,24.229999542236328,2507,0.0,0.0
2023-05-26 13:30:00-04:00,24.200000762939453,24.200000762939453,24.139999389648438,24.139999389648438,1046,0.0,0.0
2023-05-26 14:30:00-04:00,24.15999984741211,24.200000762939453,24.101600646972656,24.149999618530273,3591,0.0,0.0
2023-05-26 15:30:00-04:00,24.1200008392334,24.139999389648438,24.020000457763672,24.1299991607666,1640,0.0,0.0
2023-05-30 09:30:00-04:00,24.0,24.0,23.798799514770508,23.798799514770508,0,0.0,0.0
2023-05-30 10:30:00-04:00,23.989999771118164,24.0,23.989999771118164,24.0,0,0.0,0.0
2023-05-30 11:30:00-04:00,24.100000381469727,24.100000381469727,23.81999969482422,23.929899215698242,6427,0.0,0.0
2023-05-30 12:30:00-04:00,24.010000228881836,24.200000762939453,24.0,24.18000030517578,6381,0.0,0.0
2023-05-30 13:30:00-04:00,24.1200008392334,24.139999389648438,24.029499053955078,24.029499053955078,1003,0.0,0.0
2023-05-30 14:30:00-04:00,24.100000381469727,24.149999618530273,24.100000381469727,24.100000381469727,3935,0.0,0.0
2023-05-30 15:30:00-04:00,24.100000381469727,24.149999618530273,24.075000762939453,24.149999618530273,0,0.0,0.0
2023-05-31 09:30:00-04:00,23.450000762939453,23.649999618530273,23.450000762939453,23.510000228881836,2589,0.0,0.0
2023-05-31 10:30:00-04:00,23.25,23.6299991607666,23.25,23.6299991607666,3931,0.0,0.0
2023-05-31 11:30:00-04:00,23.52090072631836,23.649999618530273,23.459999084472656,23.540000915527344,7106,0.0,0.0
2023-05-31 12:30:00-04:00,23.545000076293945,23.610000610351562,23.5,23.545000076293945,2836,0.0,0.0
2023-05-31 13:30:00-04:00,23.545000076293945,23.600000381469727,23.450000762939453,23.450000762939453,6311,0.0,0.0
2023-05-31 14:30:00-04:00,23.389999389648438,23.510000228881836,23.229999542236328,23.399999618530273,5895,0.0,0.0
2023-05-31 15:30:00-04:00,23.375,23.475000381469727,23.229999542236328,23.3700008392334,3488,0.0,0.0
2023-06-01 09:30:00-04:00,23.5,23.86989974975586,23.290000915527344,23.31999969482422,0,0.0,0.0
2023-06-01 10:30:00-04:00,23.360000610351562,23.489999771118164,23.350000381469727,23.440000534057617,1918,0.0,0.0
2023-06-01 11:30:00-04:00,23.3799991607666,23.56999969482422,23.3799991607666,23.5,6077,0.0,0.0
2023-06-01 12:30:00-04:00,23.489999771118164,23.649999618530273,23.489999771118164,23.649999618530273,2742,0.0,0.0
2023-06-01 13:30:00-04:00,23.649999618530273,23.8700008392334,23.649999618530273,23.760000228881836,2890,0.0,0.0
2023-06-01 14:30:00-04:00,23.739999771118164,23.979999542236328,23.60379981994629,23.60379981994629,2868,0.0,0.0
2023-06-01 15:30:00-04:00,23.8700008392334,23.8799991607666,23.8700008392334,23.8799991607666,901,0.0,0.0
2023-06-02 09:30:00-04:00,23.950000762939453,23.950000762939453,23.6299991607666,23.6299991607666,0,0.0,0.0
2023-06-02 10:30:00-04:00,23.850000381469727,24.0,23.790000915527344,23.790000915527344,2673,0.0,0.0
2023-06-02 11:30:00-04:00,23.920000076293945,23.920000076293945,23.740100860595703,23.740100860595703,531,0.0,0.0
2023-06-02 12:30:00-04:00,23.93000030517578,24.100000381469727,23.93000030517578,24.100000381469727,4762,0.0,0.0
2023-06-02 13:30:00-04:00,24.100000381469727,24.350000381469727,23.850000381469727,23.850000381469727,8074,0.0,0.0
2023-06-02 14:30:00-04:00,23.729999542236328,24.113100051879883,23.729999542236328,24.104999542236328,1894,0.0,0.0
2023-06-02 15:30:00-04:00,24.100000381469727,24.100000381469727,24.100000381469727,24.100000381469727,897,0.0,0.0
2023-06-05 09:30:00-04:00,24.209999084472656,24.209999084472656,24.100000381469727,24.100000381469727,0,0.0,0.0
2023-06-05 10:30:00-04:00,24.110000610351562,24.25,24.030000686645508,24.030000686645508,2593,0.0,0.0
2023-06-05 11:30:00-04:00,24.290000915527344,24.299999237060547,24.030000686645508,24.030000686645508,6800,0.0,0.0
2023-06-05 12:30:00-04:00,24.020000457763672,24.210800170898438,24.020000457763672,24.15999984741211,6300,0.0,0.0
2023-06-05 13:30:00-04:00,24.020000457763672,24.020000457763672,24.020000457763672,24.020000457763672,388,0.0,0.0
2023-06-05 14:30:00-04:00,24.11319923400879,24.25,24.059999465942383,24.15999984741211,2916,0.0,0.0
2023-06-05 15:30:00-04:00,24.15999984741211,24.170000076293945,24.15999984741211,24.170000076293945,743,0.0,0.0
2023-06-06 09:30:00-04:00,24.350000381469727,24.350000381469727,24.110000610351562,24.175399780273438,0,0.0,0.0
2023-06-06 10:30:00-04:00,24.200000762939453,24.200000762939453,24.040000915527344,24.040000915527344,1275,0.0,0.0
2023-06-06 11:30:00-04:00,24.231000900268555,24.231000900268555,24.1825008392334,24.1825008392334,1194,0.0,0.0
2023-06-06 12:30:00-04:00,24.270000457763672,24.270000457763672,24.270000457763672,24.270000457763672,438,0.0,0.0
2023-06-06 13:30:00-04:00,24.290000915527344,24.290000915527344,24.290000915527344,24.290000915527344,316,0.0,0.0
2023-06-06 14:30:00-04:00,24.299999237060547,24.299999237060547,24.270099639892578,24.270099639892578,1976,0.0,0.0
2023-06-06 15:30:00-04:00,24.329999923706055,24.34000015258789,24.100099563598633,24.100099563598633,8121,0.0,0.0
2023-06-07 09:30:00-04:00,24.350000381469727,24.391399383544922,24.344999313354492,24.350000381469727,2232,0.0,0.0
2023-06-07 10:30:00-04:00,24.209999084472656,24.31999969482422,24.149999618530273,24.149999618530273,1844,0.0,0.0
2023-06-07 11:30:00-04:00,24.299999237060547,24.299999237060547,24.219999313354492,24.29949951171875,2711,0.0,0.0
2023-06-07 12:30:00-04:00,24.25,24.299999237060547,24.25,24.25,1555,0.0,0.0
2023-06-07 13:30:00-04:00,24.209999084472656,24.25,24.209999084472656,24.25,1117,0.0,0.0
2023-06-07 14:30:00-04:00,24.299999237060547,24.406299591064453,24.25,24.406299591064453,1228,0.0,0.0
2023-06-07 15:30:00-04:00,24.344999313354492,24.350000381469727,24.344999313354492,24.350000381469727,1604,0.0,0.0
2023-06-08 09:30:00-04:00,24.219999313354492,24.219999313354492,24.219999313354492,24.219999313354492,0,0.0,0.0
2023-06-08 11:30:00-04:00,24.060100555419922,24.389999389648438,24.060100555419922,24.389999389648438,2390,0.0,0.0
2023-06-08 12:30:00-04:00,24.379499435424805,24.379499435424805,24.379499435424805,24.379499435424805,660,0.0,0.0
2023-06-08 13:30:00-04:00,24.290000915527344,24.399999618530273,24.290000915527344,24.399999618530273,726,0.0,0.0
2023-06-08 14:30:00-04:00,24.299999237060547,24.459999084472656,24.299999237060547,24.450000762939453,2421,0.0,0.0
2023-06-08 15:30:00-04:00,24.479999542236328,24.547500610351562,24.479999542236328,24.547500610351562,2010,0.0,0.0
2023-06-09 09:30:00-04:00,24.59000015258789,24.59000015258789,24.34000015258789,24.34000015258789,0,0.0,0.0
2023-06-09 10:30:00-04:00,24.520000457763672,24.6200008392334,24.520000457763672,24.54990005493164,4305,0.0,0.0
2023-06-09 11:30:00-04:00,24.540000915527344,24.540000915527344,24.540000915527344,24.540000915527344,363,0.0,0.0
2023-06-09 12:30:00-04:00,24.510400772094727,24.510400772094727,24.510400772094727,24.510400772094727,414,0.0,0.0
2023-06-09 13:30:00-04:00,24.610000610351562,24.700000762939453,24.5,24.700000762939453,10779,0.0,0.0
2023-06-09 14:30:00-04:00,24.729999542236328,24.739999771118164,24.549999237060547,24.645000457763672,5597,0.0,0.0
2023-06-09 15:30:00-04:00,24.649999618530273,24.690000534057617,24.645000457763672,24.690000534057617,3270,0.0,0.0
2023-06-12 09:30:00-04:00,24.690000534057617,24.690000534057617,24.520000457763672,24.520000457763672,0,0.0,0.0
2023-06-12 10:30:00-04:00,24.5,24.594999313354492,24.5,24.5,2315,0.0,0.0
2023-06-12 11:30:00-04:00,24.450000762939453,24.450000762939453,24.210100173950195,24.210100173950195,909,0.0,0.0
2023-06-12 12:30:00-04:00,24.309999465942383,24.5,24.299999237060547,24.5,666,0.0,0.0
2023-06-12 13:30:00-04:00,24.68000030517578,24.690000534057617,24.329999923706055,24.475000381469727,2867,0.0,0.0
2023-06-12 14:30:00-04:00,24.646499633789062,24.690000534057617,24.4950008392334,24.4950008392334,3037,0.0,0.0
2023-06-12 15:30:00-04:00,24.690000534057617,24.780000686645508,24.689199447631836,24.709999084472656,4678,0.0,0.0
2023-06-13 09:30:00-04:00,24.690000534057617,24.690000534057617,24.545000076293945,24.559999465942383,0,0.0,0.0
2023-06-13 10:30:00-04:00,24.5,24.5,24.5,24.5,839,0.0,0.0
2023-06-13 11:30:00-04:00,24.5,24.79990005493164,24.5,24.6200008392334,1414,0.0,0.0
2023-06-13 12:30:00-04:00,24.704999923706055,24.704999923706055,24.704999923706055,24.704999923706055,1005,0.0,0.0
2023-06-13 13:30:00-04:00,24.704999923706055,24.704999923706055,24.704999923706055,24.704999923706055,607,0.0,0.0
2023-06-13 14:30:00-04:00,24.72610092163086,24.850000381469727,24.72610092163086,24.762399673461914,3875,0.0,0.0
2023-06-13 15:30:00-04:00,24.784400939941406,24.784400939941406,24.725000381469727,24.725000381469727,1460,0.0,0.0
2023-06-14 09:30:00-04:00,24.770000457763672,24.860000610351562,24.510000228881836,24.510000228881836,0,0.0,0.0
2023-06-14 10:30:00-04:00,24.7814998626709,24.899999618530273,24.7814998626709,24.899999618530273,1110,0.0,0.0
2023-06-14 11:30:00-04:00,24.6299991607666,24.6299991607666,24.6299991607666,24.6299991607666,2093,0.0,0.0
2023-06-14 12:30:00-04:00,24.8799991607666,24.950000762939453,24.8700008392334,24.950000762939453,633,0.0,0.0
2023-06-14 13:30:00-04:00,24.959999084472656,25.0,24.850000381469727,24.850000381469727,3535,0.0,0.0
2023-06-14 14:30:00-04:00,24.940000534057617,24.950000762939453,24.847999572753906,24.847999572753906,1575,0.0,0.0
2023-06-14 15:30:00-04:00,24.850000381469727,24.959999084472656,24.850000381469727,24.959999084472656,0,0.0,0.0
2023-06-15 09:30:00-04:00,24.899999618530273,25.100000381469727,24.898000717163086,25.018600463867188,3159,0.0,0.0
2023-06-15 10:30:00-04:00,25.0,25.024999618530273,24.75,24.75,4595,0.0,0.0
2023-06-15 11:30:00-04:00,24.75189971923828,24.811899185180664,24.75,24.75,1287,0.0,0.0
2023-06-15 13:30:00-04:00,24.81999969482422,24.81999969482422,24.81999969482422,24.81999969482422,617,0.0,0.0
2023-06-15 14:30:00-04:00,24.850000381469727,24.850000381469727,24.5,24.500099182128906,2909,0.0,0.0
2023-06-15 15:30:00-04:00,24.530000686645508,24.68000030517578,24.520000457763672,24.670000076293945,2806,0.0,0.0
2023-06-16 09:30:00-04:00,24.670000076293945,24.674999237060547,24.670000076293945,24.674999237060547,0,0.0,0.0
2023-06-16 10:30:00-04:00,24.739999771118164,24.75,24.739999771118164,24.75,901,0.0,0.0
2023-06-16 11:30:00-04:00,24.75,24.75,24.75,24.75,2390,0.0,0.0
2023-06-16 12:30:00-04:00,24.650100708007812,24.75,24.650100708007812,24.650299072265625,1188,0.0,0.0
2023-06-16 13:30:00-04:00,24.790000915527344,24.790000915527344,24.790000915527344,24.790000915527344,553,0.0,0.0
2023-06-16 14:30:00-04:00,24.749900817871094,24.756099700927734,24.709999084472656,24.719999313354492,2997,0.0,0.0
2023-06-16 15:30:00-04:00,24.790000915527344,24.799999237060547,24.790000915527344,24.799999237060547,1003,0.0,0.0
2023-06-20 10:30:00-04:00,24.677499771118164,24.84000015258789,24.677499771118164,24.81999969482422,1420,0.0,0.0
2023-06-20 11:30:00-04:00,24.829999923706055,24.850000381469727,24.829999923706055,24.850000381469727,1454,0.0,0.0
2023-06-20 12:30:00-04:00,24.844999313354492,24.950000762939453,24.844999313354492,24.950000762939453,564,0.0,0.0
2023-06-20 13:30:00-04:00,24.949899673461914,24.950000762939453,24.899200439453125,24.899200439453125,1404,0.0,0.0
2023-06-20 14:30:00-04:00,24.860000610351562,24.950000762939453,24.860000610351562,24.950000762939453,1179,0.0,0.0
2023-06-20 15:30:00-04:00,24.887699127197266,24.950000762939453,24.887699127197266,24.950000762939453,828,0.0,0.0
2023-06-21 09:30:00-04:00,24.854999542236328,24.854999542236328,24.854999542236328,24.854999542236328,0,0.0,0.0
2023-06-21 10:30:00-04:00,24.850799560546875,24.850799560546875,24.850000381469727,24.850000381469727,1529,0.0,0.0
2023-06-21 11:30:00-04:00,24.809999465942383,24.824600219726562,24.790000915527344,24.824600219726562,2860,0.0,0.0
2023-06-21 12:30:00-04:00,24.799999237060547,24.84000015258789,24.645000457763672,24.81049919128418,2630,0.0,0.0
2023-06-21 13:30:00-04:00,24.69499969482422,24.90999984741211,24.69499969482422,24.90999984741211,2412,0.0,0.0
2023-06-22 09:30:00-04:00,24.899999618530273,24.899999618530273,24.899999618530273,24.899999618530273,0,0.0,0.0
2023-06-22 11:30:00-04:00,24.945999145507812,24.945999145507812,24.889999389648438,24.889999389648438,1353,0.0,0.0
2023-06-22 12:30:00-04:00,24.8799991607666,24.892000198364258,24.809999465942383,24.809999465942383,1209,0.0,0.0
2023-06-22 13:30:00-04:00,24.8799991607666,24.8799991607666,24.8799991607666,24.8799991607666,190,0.0,0.0
2023-06-22 14:30:00-04:00,24.950000762939453,24.950000762939453,24.774999618530273,24.774999618530273,4474,0.0,0.0
2023-06-22 15:30:00-04:00,24.655000686645508,24.655000686645508,24.489999771118164,24.6200008392334,0,0.0,0.0
2023-06-23 11:30:00-04:00,24.729999542236328,24.729999542236328,24.729999542236328,24.729999542236328,528,0.0,0.0
2023-06-23 12:30:00-04:00,24.899999618530273,24.899999618530273,24.729999542236328,24.899999618530273,917,0.0,0.0
2023-06-23 14:30:00-04:00,24.850000381469727,24.850000381469727,24.639999389648438,24.639999389648438,774,0.0,0.0
2023-06-23 15:30:00-04:00,24.770000457763672,24.770000457763672,24.770000457763672,24.770000457763672,423,0.0,0.0
2023-06-26 09:30:00-04:00,24.814199447631836,24.814199447631836,24.809600830078125,24.809600830078125,0,0.0,0.0
2023-06-26 10:30:00-04:00,24.799999237060547,24.878999710083008,24.791400909423828,24.878999710083008,1040,0.0,0.0
2023-06-26 11:30:00-04:00,24.899999618530273,24.899999618530273,24.816600799560547,24.816600799560547,1694,0.0,0.0
2023-06-26 13:30:00-04:00,24.84469985961914,24.84469985961914,24.84469985961914,24.84469985961914,135,0.0,0.0
2023-06-26 14:30:00-04:00,24.825000762939453,25.0,24.825000762939453,24.895000457763672,2820,0.0,0.0
2023-06-26 15:30:00-04:00,24.979999542236328,24.989999771118164,24.8700008392334,24.94499969482422,2755,0.0,0.0
2023-06-27 09:30:00-04:00,24.989999771118164,25.079599380493164,24.989900588989258,25.010000228881836,0,0.0,0.0
2023-06-27 10:30:00-04:00,25.045000076293945,25.045900344848633,25.0,25.0,3337,0.0,0.0
2023-06-27 11:30:00-04:00,25.02790069580078,25.02790069580078,25.02790069580078,25.02790069580078,342,0.0,0.0
2023-06-27 12:30:00-04:00,25.04990005493164,25.08989906311035,25.045000076293945,25.08989906311035,3002,0.0,0.0
2023-06-27 13:30:00-04:00,25.045000076293945,25.049100875854492,25.036500930786133,25.045000076293945,824,0.0,0.0
2023-06-27 14:30:00-04:00,25.099899291992188,25.100000381469727,25.059999465942383,25.059999465942383,3382,0.0,0.0
2023-06-27 15:30:00-04:00,25.060699462890625,25.060699462890625,25.030000686645508,25.030000686645508,775,0.0,0.0
2023-06-28 09:30:00-04:00,25.079999923706055,25.280000686645508,25.079999923706055,25.280000686645508,0,0.0,0.0
2023-06-28 10:30:00-04:00,25.20039939880371,25.209999084472656,25.20039939880371,25.209999084472656,10436,0.0,0.0
2023-06-28 11:30:00-04:00,25.200000762939453,25.280000686645508,25.200000762939453,25.21109962463379,1635,0.0,0.0
2023-06-28 12:30:00-04:00,25.155000686645508,25.174999237060547,25.1200008392334,25.1200008392334,3553,0.0,0.0
2023-06-28 13:30:00-04:00,25.100000381469727,25.106199264526367,24.950000762939453,25.106199264526367,5224,0.0,0.0
2023-06-28 14:30:00-04:00,24.954299926757812,25.100000381469727,24.520000457763672,24.520000457763672,7470,0.0,0.0
2023-06-28 15:30:00-04:00,24.6200008392334,24.6200008392334,24.110000610351562,24.110000610351562,14244,0.0,0.0
2023-06-29 09:30:00-04:00,24.540000915527344,24.790000915527344,24.43000030517578,24.440000534057617,0,0.0,0.0
2023-06-29 10:30:00-04:00,24.44499969482422,24.44499969482422,24.44499969482422,24.44499969482422,182,0.0,0.0
2023-06-29 11:30:00-04:00,24.38680076599121,24.450000762939453,24.38680076599121,24.420000076293945,4490,0.0,0.0
2023-06-29 12:30:00-04:00,24.434999465942383,24.434999465942383,24.434999465942383,24.434999465942383,100,0.0,0.0
2023-06-29 13:30:00-04:00,24.450000762939453,24.450000762939453,24.450000762939453,24.450000762939453,165,0.0,0.0
2023-06-29 14:30:00-04:00,24.44499969482422,24.44499969482422,24.40999984741211,24.40999984741211,266,0.0,0.0
2023-06-29 15:30:00-04:00,24.420000076293945,24.420000076293945,24.420000076293945,24.420000076293945,0,0.0,0.0
2023-06-30 10:30:00-04:00,24.670000076293945,24.723100662231445,24.5,24.5,4899,0.0,0.0
2023-06-30 11:30:00-04:00,24.670000076293945,24.799999237060547,24.670000076293945,24.770000457763672,6241,0.0,0.0
2023-06-30 12:30:00-04:00,24.770000457763672,24.8799991607666,24.770000457763672,24.8799991607666,1234,0.0,0.0
2023-06-30 13:30:00-04:00,24.8799991607666,25.049999237060547,24.809999465942383,24.809999465942383,2709,0.0,0.0
2023-06-30 14:30:00-04:00,25.0,25.098800659179688,24.899999618530273,25.09000015258789,24934,0.0,0.0
2023-06-30 15:30:00-04:00,25.020000457763672,25.34000015258789,25.010000228881836,25.280000686645508,11462,0.0,0.0
2023-07-03 09:30:00-04:00,25.15999984741211,25.27989959716797,25.15999984741211,25.270000457763672,0,0.0,0.0
2023-07-03 10:30:00-04:00,25.280000686645508,25.3700008392334,25.280000686645508,25.3700008392334,17396,0.0,0.0
2023-07-03 11:30:00-04:00,25.3700008392334,25.389999389648438,25.34429931640625,25.389999389648438,3834,0.0,0.0
2023-07-03 12:30:00-04:00,25.389999389648438,25.420000076293945,25.389999389648438,25.420000076293945,10059,0.0,0.0
2023-07-05 09:30:00-04:00,25.135000228881836,25.459999084472656,25.135000228881836,25.459999084472656,0,0.0,0.0
2023-07-05 10:30:00-04:00,25.440000534057617,25.4950008392334,25.420000076293945,25.469999313354492,12082,0.0,0.0
2023-07-05 11:30:00-04:00,25.459999084472656,25.485000610351562,25.384000778198242,25.459999084472656,3642,0.0,0.0
2023-07-05 12:30:00-04:00,25.459999084472656,25.469999313354492,25.260000228881836,25.450000762939453,4301,0.0,0.0
2023-07-05 13:30:00-04:00,25.450000762939453,25.5,25.450000762939453,25.5,1693,0.0,0.0
2023-07-05 14:30:00-04:00,25.45870018005371,25.540599822998047,25.433900833129883,25.540599822998047,4189,0.0,0.0
2023-07-05 15:30:00-04:00,25.600000381469727,25.600000381469727,25.549999237060547,25.549999237060547,891,0.0,0.0
2023-07-06 09:30:00-04:00,25.450000762939453,25.670000076293945,25.072399139404297,25.530000686645508,0,0.0,0.0
2023-07-06 10:30:00-04:00,25.329999923706055,25.469999313354492,25.299999237060547,25.334999084472656,865,0.0,0.0
2023-07-06 11:30:00-04:00,25.459999084472656,25.459999084472656,25.344999313354492,25.344999313354492,1230,0.0,0.0
2023-07-06 12:30:00-04:00,25.420000076293945,25.489999771118164,25.354999542236328,25.354999542236328,1173,0.0,0.0
2023-07-06 13:30:00-04:00,25.350000381469727,25.450000762939453,25.299999237060547,25.420000076293945,2359,0.0,0.0
2023-07-06 14:30:00-04:00,25.440000534057617,25.440000534057617,25.399999618530273,25.399999618530273,619,0.0,0.0
2023-07-06 15:30:00-04:00,25.5,25.625,25.469999313354492,25.469999313354492,1556,0.0,0.0
2023-07-07 09:30:00-04:00,25.229999542236328,25.25,25.164499282836914,25.25,0,0.0,0.0
2023-07-07 10:30:00-04:00,25.450000762939453,25.499900817871094,25.450000762939453,25.499900817871094,1010,0.0,0.0
2023-07-07 11:30:00-04:00,25.360000610351562,25.3700008392334,25.25,25.3700008392334,2310,0.0,0.0
2023-07-07 13:30:00-04:00,25.210899353027344,25.210899353027344,25.210899353027344,25.210899353027344,223,0.0,0.0
2023-07-07 14:30:00-04:00,25.354999542236328,25.354999542236328,25.24090003967285,25.24090003967285,514,0.0,0.0
2023-07-10 09:30:00-04:00,25.329999923706055,25.329999923706055,25.25,25.299999237060547,0,0.0,0.0
2023-07-10 10:30:00-04:00,25.200000762939453,25.225000381469727,25.200000762939453,25.225000381469727,1800,0.0,0.0
2023-07-10 11:30:00-04:00,25.25,25.25,25.200000762939453,25.200000762939453,0,0.0,0.0
2023-07-10 12:30:00-04:00,25.25,25.25,25.25,25.25,6262,0.0,0.0
2023-07-10 13:30:00-04:00,25.209999084472656,25.299999237060547,25.209999084472656,25.270000457763672,6904,0.0,0.0
2023-07-10 14:30:00-04:00,25.290000915527344,25.290000915527344,25.229999542236328,25.229999542236328,5520,0.0,0.0
2023-07-10 15:30:00-04:00,25.15999984741211,25.248899459838867,25.15999984741211,25.248899459838867,529,0.0,0.0
2023-07-11 09:30:00-04:00,25.264999389648438,25.264999389648438,25.264999389648438,25.264999389648438,0,0.0,0.0
2023-07-11 10:30:00-04:00,25.240400314331055,25.240400314331055,25.240400314331055,25.240400314331055,137,0.0,0.0
2023-07-11 11:30:00-04:00,25.264999389648438,25.339000701904297,25.219999313354492,25.219999313354492,2498,0.0,0.0
2023-07-11 12:30:00-04:00,25.25,25.3700008392334,25.15999984741211,25.3700008392334,2116,0.0,0.0
2023-07-11 13:30:00-04:00,25.264999389648438,25.3700008392334,25.178600311279297,25.286800384521484,4747,0.0,0.0
2023-07-11 14:30:00-04:00,25.290000915527344,25.309999465942383,25.290000915527344,25.309999465942383,1746,0.0,0.0
2023-07-11 15:30:00-04:00,25.309999465942383,25.309999465942383,25.309999465942383,25.309999465942383,294,0.0,0.0
2023-07-12 09:30:00-04:00,25.309999465942383,25.309999465942383,25.190000534057617,25.29010009765625,0,0.0,0.0
2023-07-12 10:30:00-04:00,25.294099807739258,25.294099807739258,25.190000534057617,25.203500747680664,3864,0.0,0.0
2023-07-12 11:30:00-04:00,25.200000762939453,25.200000762939453,25.200000762939453,25.200000762939453,822,0.0,0.0
2023-07-12 12:30:00-04:00,25.229999542236328,25.229999542236328,25.229999542236328,25.229999542236328,100,0.0,0.0
2023-07-12 13:30:00-04:00,25.290000915527344,25.290000915527344,25.290000915527344,25.290000915527344,724,0.0,0.0
2023-07-12 14:30:00-04:00,25.219999313354492,25.270000457763672,25.219999313354492,25.2450008392334,1350,0.0,0.0
2023-07-12 15:30:00-04:00,25.23740005493164,25.2450008392334,25.226299285888672,25.2450008392334,0,0.0,0.0
2023-07-13 09:30:00-04:00,25.25,25.29520034790039,25.25,25.29520034790039,3157,0.0,0.0
2023-07-13 11:30:00-04:00,25.239999771118164,25.239999771118164,25.209999084472656,25.209999084472656,4874,0.0,0.0
2023-07-13 12:30:00-04:00,25.22089958190918,25.297700881958008,25.219999313354492,25.219999313354492,1693,0.0,0.0
2023-07-13 13:30:00-04:00,25.255599975585938,25.256000518798828,25.149999618530273,25.149999618530273,884,0.0,0.0
2023-07-13 14:30:00-04:00,25.149999618530273,25.149999618530273,25.080699920654297,25.080699920654297,769,0.0,0.0
2023-07-13 15:30:00-04:00,25.079999923706055,25.149900436401367,25.079999923706055,25.079999923706055,1502,0.0,0.0
2023-07-14 09:30:00-04:00,25.36989974975586,25.36989974975586,25.36989974975586,25.36989974975586,0,0.0,0.0
2023-07-14 10:30:00-04:00,25.21500015258789,25.21500015258789,25.21500015258789,25.21500015258789,1294,0.0,0.0
2023-07-14 11:30:00-04:00,25.200000762939453,25.239999771118164,25.200000762939453,25.239999771118164,479,0.0,0.0
2023-07-14 12:30:00-04:00,25.145700454711914,25.229999542236328,25.09749984741211,25.09749984741211,1629,0.0,0.0
2023-07-14 13:30:00-04:00,25.049999237060547,25.09000015258789,25.0,25.059999465942383,1704,0.0,0.0
2023-07-14 14:30:00-04:00,25.135499954223633,25.208599090576172,25.110000610351562,25.110000610351562,1088,0.0,0.0
2023-07-14 15:30:00-04:00,25.359899520874023,25.359899520874023,25.359899520874023,25.359899520874023,1245,0.0,0.0
2023-07-17 09:30:00-04:00,25.19610023498535,25.2549991607666,25.100099563598633,25.139999389648438,0,0.0,0.0
2023-07-17 10:30:00-04:00,25.139999389648438,25.235000610351562,25.100099563598633,25.1299991607666,2198,0.0,0.0
2023-07-17 11:30:00-04:00,25.225400924682617,25.229999542236328,25.100000381469727,25.100000381469727,2783,0.0,0.0
2023-07-17 13:30:00-04:00,25.319900512695312,25.319900512695312,25.319900512695312,25.319900512695312,325,0.0,0.0
2023-07-17 14:30:00-04:00,25.110000610351562,25.1299991607666,25.110000610351562,25.1200008392334,577,0.0,0.0
2023-07-17 15:30:00-04:00,25.110000610351562,25.1200008392334,25.110000610351562,25.1200008392334,200,0.0,0.0
2023-07-18 10:30:00-04:00,25.110000610351562,25.200000762939453,25.110000610351562,25.110000610351562,2560,0.0,0.0
2023-07-18 11:30:00-04:00,25.158300399780273,25.158300399780273,25.158300399780273,25.158300399780273,429,0.0,0.0
2023-07-18 12:30:00-04:00,25.1737003326416,25.179899215698242,25.1737003326416,25.179899215698242,1354,0.0,0.0
2023-07-18 13:30:00-04:00,25.100000381469727,25.149999618530273,25.100000381469727,25.149999618530273,1527,0.0,0.0
2023-07-18 14:30:00-04:00,25.189199447631836,25.189199447631836,25.149999618530273,25.178199768066406,1448,0.0,0.0
2023-07-18 15:30:00-04:00,25.170000076293945,25.170000076293945,25.149999618530273,25.149999618530273,0,0.0,0.0
2023-07-19 09:30:00-04:00,25.247900009155273,25.247900009155273,25.160200119018555,25.160200119018555,1667,0.0,0.0
2023-07-19 10:30:00-04:00,25.174999237060547,25.195100784301758,25.110000610351562,25.110000610351562,2922,0.0,0.0
2023-07-19 11:30:00-04:00,25.11009979248047,25.149999618530273,25.11009979248047,25.1200008392334,1717,0.0,0.0
2023-07-19 12:30:00-04:00,25.14620018005371,25.200000762939453,25.1200008392334,25.200000762939453,3334,0.0,0.0
2023-07-19 13:30:00-04:00,25.209999084472656,25.209999084472656,25.209999084472656,25.209999084472656,842,0.0,0.0
2023-07-19 15:30:00-04:00,25.209999084472656,25.3700008392334,25.200000762939453,25.200000762939453,0,0.0,0.0
2023-07-20 09:30:00-04:00,25.219999313354492,25.30970001220703,25.200000762939453,25.260000228881836,5831,0.0,0.0
2023-07-20 10:30:00-04:00,25.270000457763672,25.291500091552734,25.270000457763672,25.280000686645508,1411,0.0,0.0
2023-07-20 11:30:00-04:00,25.27989959716797,25.350000381469727,25.270000457763672,25.309999465942383,5170,0.0,0.0
2023-07-20 12:30:00-04:00,25.329999923706055,25.329999923706055,25.31999969482422,25.31999969482422,1958,0.0,0.0
2023-07-20 13:30:00-04:00,25.31999969482422,25.31999969482422,25.299999237060547,25.299999237060547,2056,0.0,0.0
2023-07-20 14:30:00-04:00,25.33300018310547,25.34000015258789,25.329999923706055,25.329999923706055,2660,0.0,0.0
2023-07-20 15:30:00-04:00,25.31999969482422,25.31999969482422,25.31999969482422,25.31999969482422,540,0.0,0.0
2023-07-21 09:30:00-04:00,25.31999969482422,25.31999969482422,25.31999969482422,25.31999969482422,0,0.0,0.0
2023-07-21 10:30:00-04:00,25.343599319458008,25.343599319458008,25.343599319458008,25.343599319458008,271,0.0,0.0
2023-07-21 11:30:00-04:00,25.280000686645508,25.350000381469727,25.280000686645508,25.350000381469727,693,0.0,0.0
2023-07-21 12:30:00-04:00,25.280000686645508,25.28700065612793,25.270000457763672,25.277999877929688,1432,0.0,0.0
2023-07-21 14:30:00-04:00,25.300500869750977,25.350000381469727,25.300500869750977,25.350000381469727,550,0.0,0.0
2023-07-21 15:30:00-04:00,25.295000076293945,25.299999237060547,25.200000762939453,25.229999542236328,2261,0.0,0.0
2023-07-24 09:30:00-04:00,25.219999313354492,25.290000915527344,25.200000762939453,25.229999542236328,468,0.0,0.0
2023-07-24 10:30:00-04:00,25.210100173950195,25.247499465942383,25.209999084472656,25.209999084472656,923,0.0,0.0
2023-07-24 11:30:00-04:00,25.229999542236328,25.2450008392334,25.229999542236328,25.242599487304688,1722,0.0,0.0
2023-07-24 12:30:00-04:00,25.239999771118164,25.260000228881836,25.229999542236328,25.259899139404297,2968,0.0,0.0
2023-07-24 13:30:00-04:00,25.229999542236328,25.25,25.229999542236328,25.239999771118164,2689,0.0,0.0
2023-07-24 14:30:00-04:00,25.225000381469727,25.249500274658203,25.18000030517578,25.200000762939453,4279,0.0,0.0
2023-07-24 15:30:00-04:00,25.229999542236328,25.229999542236328,25.229999542236328,25.229999542236328,0,0.0,0.0
2023-07-25 09:30:00-04:00,25.25,25.25,25.25,25.25,1481,0.0,0.0
2023-07-25 10:30:00-04:00,25.25,25.319900512695312,25.25,25.25,6411,0.0,0.0
2023-07-25 11:30:00-04:00,25.280000686645508,25.319900512695312,25.280000686645508,25.319900512695312,2522,0.0,0.0
2023-07-25 12:30:00-04:00,25.315000534057617,25.36989974975586,25.315000534057617,25.350000381469727,3838,0.0,0.0
2023-07-25 13:30:00-04:00,25.34000015258789,25.34000015258789,25.27120018005371,25.290000915527344,1998,0.0,0.0
2023-07-25 14:30:00-04:00,25.290000915527344,25.299999237060547,25.229999542236328,25.291200637817383,3987,0.0,0.0
2023-07-25 15:30:00-04:00,25.25,25.2549991607666,25.200000762939453,25.200000762939453,3176,0.0,0.0
2023-07-26 09:30:00-04:00,25.350000381469727,25.360000610351562,25.235000610351562,25.299999237060547,0,0.0,0.0
2023-07-26 10:30:00-04:00,25.270000457763672,25.35540008544922,25.270000457763672,25.299999237060547,3735,0.0,0.0
2023-07-26 11:30:00-04:00,25.270000457763672,25.270000457763672,25.239999771118164,25.239999771118164,5338,0.0,0.0
2023-07-26 12:30:00-04:00,25.239999771118164,25.25,25.239999771118164,25.239999771118164,1896,0.0,0.0
2023-07-26 13:30:00-04:00,25.239999771118164,25.239999771118164,25.239999771118164,25.239999771118164,3487,0.0,0.0
2023-07-26 14:30:00-04:00,25.239999771118164,25.287599563598633,25.239999771118164,25.270000457763672,6944,0.0,0.0
2023-07-26 15:30:00-04:00,25.239999771118164,25.25,25.239999771118164,25.239999771118164,1944,0.0,0.0
2023-07-27 09:30:00-04:00,25.360000610351562,25.3700008392334,25.299999237060547,25.299999237060547,0,0.0,0.0
2023-07-27 10:30:00-04:00,25.315000534057617,25.317100524902344,25.309999465942383,25.317100524902344,2575,0.0,0.0
2023-07-27 11:30:00-04:00,25.309999465942383,25.309999465942383,25.30500030517578,25.30500030517578,4175,0.0,0.0
2023-07-27 12:30:00-04:00,25.31999969482422,25.31999969482422,25.309999465942383,25.309999465942383,708,0.0,0.0
2023-07-27 13:30:00-04:00,25.31999969482422,25.326200485229492,25.299999237060547,25.299999237060547,6442,0.0,0.0
2023-07-27 14:30:00-04:00,25.25,25.329999923706055,25.25,25.30500030517578,13325,0.0,0.0
2023-07-28 09:30:00-04:00,25.329999923706055,25.3700008392334,25.30500030517578,25.30500030517578,0,0.0,0.0
2023-07-28 10:30:00-04:00,25.336999893188477,25.3700008392334,25.336999893188477,25.34000015258789,2539,0.0,0.0
2023-07-28 11:30:00-04:00,25.34000015258789,25.34000015258789,25.299999237060547,25.299999237060547,2027,0.0,0.0
2023-07-28 12:30:00-04:00,25.290000915527344,25.290000915527344,25.290000915527344,25.290000915527344,454,0.0,0.0
2023-07-28 13:30:00-04:00,25.270000457763672,25.299999237060547,25.239999771118164,25.299999237060547,2168,0.0,0.0
2023-07-28 14:30:00-04:00,25.311100006103516,25.311100006103516,25.25,25.28569984436035,6378,0.0,0.0
2023-07-28 15:30:00-04:00,25.299999237060547,25.299999237060547,25.260000228881836,25.260000228881836,2081,0.0,0.0
2023-07-31 09:30:00-04:00,25.350000381469727,25.3700008392334,25.29949951171875,25.299999237060547,0,0.0,0.0
2023-07-31 10:30:00-04:00,25.299999237060547,25.309999465942383,25.299999237060547,25.299999237060547,6095,0.0,0.0
2023-07-31 11:30:00-04:00,25.299999237060547,25.34000015258789,25.29450035095215,25.329999923706055,3257,0.0,0.0
2023-07-31 12:30:00-04:00,25.329999923706055,25.329999923706055,25.329999923706055,25.329999923706055,924,0.0,0.0
2023-07-31 13:30:00-04:00,25.34000015258789,25.449899673461914,25.329999923706055,25.449899673461914,1511,0.0,0.0
2023-07-31 14:30:00-04:00,25.3799991607666,25.3799991607666,25.354999542236328,25.3700008392334,3460,0.0,0.0
2023-07-31 15:30:00-04:00,25.3700008392334,25.420000076293945,25.344999313354492,25.420000076293945,3341,0.0,0.0
2023-08-01 09:30:00-04:00,25.290000915527344,25.309999465942383,25.290000915527344,25.309999465942383,0,0.0,0.0
2023-08-01 10:30:00-04:00,25.260000228881836,25.2677001953125,25.260000228881836,25.2677001953125,853,0.0,0.0
2023-08-01 11:30:00-04:00,25.304500579833984,25.304500579833984,25.267200469970703,25.267200469970703,711,0.0,0.0
2023-08-01 12:30:00-04:00,25.290000915527344,25.290000915527344,25.25,25.25,1204,0.0,0.0
2023-08-01 13:30:00-04:00,25.300800323486328,25.300800323486328,25.300800323486328,25.300800323486328,819,0.0,0.0
2023-08-01 14:30:00-04:00,25.260000228881836,25.350000381469727,25.25,25.292800903320312,6123,0.0,0.0
2023-08-01 15:30:00-04:00,25.260000228881836,25.26129913330078,25.260000228881836,25.26129913330078,0,0.0,0.0
2023-08-02 09:30:00-04:00,25.31999969482422,25.36840057373047,25.270000457763672,25.36840057373047,1188,0.0,0.0
2023-08-02 12:30:00-04:00,25.279199600219727,25.309999465942383,25.270000457763672,25.309999465942383,1291,0.0,0.0
2023-08-02 14:30:00-04:00,25.260000228881836,25.309900283813477,25.260000228881836,25.309900283813477,0,0.0,0.0
2023-08-03 09:30:00-04:00,25.25,25.25,25.25,25.25,1479,0.0,0.0
2023-08-03 10:30:00-04:00,25.336999893188477,25.336999893188477,25.336999893188477,25.336999893188477,289,0.0,0.0
2023-08-03 11:30:00-04:00,25.270000457763672,25.350000381469727,25.260000228881836,25.350000381469727,2442,0.0,0.0
2023-08-03 12:30:00-04:00,25.344900131225586,25.3700008392334,25.34000015258789,25.3700008392334,982,0.0,0.0
2023-08-03 13:30:00-04:00,25.350900650024414,25.350900650024414,25.350900650024414,25.350900650024414,217,0.0,0.0
2023-08-03 14:30:00-04:00,25.34000015258789,25.349000930786133,25.25,25.25,0,0.0,0.0
2023-08-04 10:30:00-04:00,25.329999923706055,25.329999923706055,25.30929946899414,25.322099685668945,840,0.0,0.0
2023-08-04 11:30:00-04:00,25.309999465942383,25.3799991607666,25.295000076293945,25.329999923706055,4345,0.0,0.0
2023-08-04 13:30:00-04:00,25.358299255371094,25.358299255371094,25.358299255371094,25.358299255371094,152,0.0,0.0
2023-08-04 14:30:00-04:00,25.399999618530273,25.540000915527344,25.399900436401367,25.540000915527344,6986,0.0,0.0
2023-08-04 15:30:00-04:00,25.540000915527344,25.540000915527344,25.540000915527344,25.540000915527344,100,0.0,0.0
2023-08-07 09:30:00-04:00,25.6299991607666,25.6299991607666,25.579999923706055,25.579999923706055,0,0.0,0.0
2023-08-07 10:30:00-04:00,25.40999984741211,25.40999984741211,25.40130043029785,25.40130043029785,579,0.0,0.0
2023-08-07 11:30:00-04:00,25.459999084472656,25.56879997253418,25.450000762939453,25.469999313354492,3290,0.0,0.0
2023-08-07 12:30:00-04:00,25.43000030517578,25.43000030517578,25.43000030517578,25.43000030517578,220,0.0,0.0
2023-08-07 13:30:00-04:00,25.391700744628906,25.450000762939453,25.374000549316406,25.374000549316406,1426,0.0,0.0
2023-08-07 14:30:00-04:00,25.374000549316406,25.450000762939453,25.374000549316406,25.450000762939453,3875,0.0,0.0
2023-08-07 15:30:00-04:00,25.412200927734375,25.450000762939453,25.412200927734375,25.450000762939453,2242,0.0,0.0
2023-08-08 09:30:00-04:00,25.399999618530273,25.44499969482422,25.399999618530273,25.44499969482422,0,0.0,0.0
2023-08-08 12:30:00-04:00,25.475500106811523,25.6200008392334,25.459999084472656,25.459999084472656,2066,0.0,0.0
2023-08-08 13:30:00-04:00,25.40999984741211,25.6200008392334,25.40999984741211,25.6200008392334,893,0.0,0.0
2023-08-08 14:30:00-04:00,25.4950008392334,25.600000381469727,25.489999771118164,25.4950008392334,1968,0.0,0.0
2023-08-08 15:30:00-04:00,25.5,25.510000228881836,25.5,25.510000228881836,0,0.0,0.0
2023-08-09 09:30:00-04:00,25.329999923706055,25.329999923706055,25.329999923706055,25.329999923706055,2422,0.0,0.0
2023-08-09 11:30:00-04:00,25.478900909423828,25.478900909423828,25.399999618530273,25.41349983215332,789,0.0,0.0
2023-08-09 12:30:00-04:00,25.399999618530273,25.4950008392334,25.399999618530273,25.479999542236328,1478,0.0,0.0
2023-08-09 13:30:00-04:00,25.472200393676758,25.510000228881836,25.472200393676758,25.510000228881836,1699,0.0,0.0
2023-08-09 14:30:00-04:00,25.549999237060547,25.549999237060547,25.510000228881836,25.54599952697754,1786,0.0,0.0
2023-08-09 15:30:00-04:00,25.510000228881836,25.56999969482422,25.510000228881836,25.510000228881836,1517,0.0,0.0
2023-08-10 09:30:00-04:00,25.399999618530273,25.510000228881836,25.399999618530273,25.510000228881836,0,0.0,0.0
2023-08-10 10:30:00-04:00,25.440000534057617,25.450000762939453,25.440000534057617,25.440000534057617,1468,0.0,0.0
2023-08-10 11:30:00-04:00,25.450000762939453,25.459999084472656,25.399999618530273,25.399999618530273,0,0.0,0.0
2023-08-10 12:30:00-04:00,25.3700008392334,25.3700008392334,25.34000015258789,25.34000015258789,6845,0.0,0.0
2023-08-10 13:30:00-04:00,25.339799880981445,25.469999313354492,25.339799880981445,25.469999313354492,788,0.0,0.0
2023-08-10 14:30:00-04:00,25.440000534057617,25.450000762939453,25.440000534057617,25.450000762939453,338,0.0,0.0
2023-08-10 15:30:00-04:00,25.440000534057617,25.440000534057617,25.440000534057617,25.440000534057617,0,0.0,0.0
2023-08-11 10:30:00-04:00,25.450000762939453,25.489599227905273,25.399999618530273,25.399999618530273,920,0.0,0.0
2023-08-11 11:30:00-04:00,25.390199661254883,25.390199661254883,25.360000610351562,25.360000610351562,907,0.0,0.0
2023-08-11 13:30:00-04:00,25.36009979248047,25.36009979248047,25.36009979248047,25.36009979248047,150,0.0,0.0
2023-08-11 14:30:00-04:00,25.412700653076172,25.439300537109375,25.3700008392334,25.405000686645508,1383,0.0,0.0
2023-08-11 15:30:00-04:00,25.440000534057617,25.440000534057617,25.389999389648438,25.389999389648438,386,0.0,0.0
2023-08-14 09:30:00-04:00,25.399999618530273,25.399999618530273,25.399999618530273,25.399999618530273,0,0.0,0.0
2023-08-14 10:30:00-04:00,25.444000244140625,25.479999542236328,25.440000534057617,25.479900360107422,1250,0.0,0.0
2023-08-14 11:30:00-04:00,25.47100067138672,25.47100067138672,25.40290069580078,25.440000534057617,894,0.0,0.0
2023-08-14 13:30:00-04:00,25.45639991760254,25.45639991760254,25.45639991760254,25.45639991760254,1002,0.0,0.0
2023-08-14 15:30:00-04:00,25.479999542236328,25.479999542236328,25.479999542236328,25.479999542236328,0,0.0,0.0
2023-08-15 09:30:00-04:00,25.44499969482422,25.447099685668945,25.44499969482422,25.447099685668945,445,0.0,0.0
2023-08-15 10:30:00-04:00,25.462799072265625,25.591699600219727,25.462799072265625,25.54170036315918,1960,0.0,0.0
2023-08-15 11:30:00-04:00,25.5,25.549999237060547,25.5,25.53499984741211,3041,0.0,0.0
2023-08-15 12:30:00-04:00,25.53499984741211,25.589000701904297,25.520000457763672,25.528099060058594,0,0.0,0.0
2023-08-15 13:30:00-04:00,25.5,25.5,25.399999618530273,25.399999618530273,14261,0.0,0.0
2023-08-15 15:30:00-04:00,25.489999771118164,25.489999771118164,25.489999771118164,25.489999771118164,0,0.0,0.0
2023-08-16 10:30:00-04:00,25.540000915527344,25.559999465942383,25.510000228881836,25.559999465942383,1104,0.0,0.0
2023-08-16 11:30:00-04:00,25.54949951171875,25.54949951171875,25.5,25.520000457763672,2631,0.0,0.0
2023-08-16 12:30:00-04:00,25.5,25.520000457763672,25.5,25.520000457763672,2431,0.0,0.0
2023-08-16 13:30:00-04:00,25.514999389648438,25.514999389648438,25.5,25.510499954223633,4635,0.0,0.0
2023-08-16 14:30:00-04:00,25.52989959716797,25.52989959716797,25.510000228881836,25.510000228881836,602,0.0,0.0
2023-08-17 09:30:00-04:00,25.489999771118164,25.489999771118164,25.489900588989258,25.489900588989258,865,0.0,0.0
2023-08-17 10:30:00-04:00,25.400400161743164,25.400400161743164,25.400400161743164,25.400400161743164,879,0.0,0.0
2023-08-17 11:30:00-04:00,25.427799224853516,25.44499969482422,25.427799224853516,25.44499969482422,460,0.0,0.0
2023-08-17 14:30:00-04:00,25.450000762939453,25.479999542236328,25.450000762939453,25.479900360107422,1269,0.0,0.0
2023-08-17 15:30:00-04:00,25.479999542236328,25.56999969482422,25.420000076293945,25.420000076293945,1288,0.0,0.0
2023-08-18 09:30:00-04:00,25.489999771118164,25.52989959716797,25.485000610351562,25.52989959716797,0,0.0,0.0
2023-08-18 10:30:00-04:00,25.473499298095703,25.530000686645508,25.473499298095703,25.530000686645508,1457,0.0,0.0
2023-08-18 11:30:00-04:00,25.45210075378418,25.45210075378418,25.444700241088867,25.444700241088867,1986,0.0,0.0
2023-08-18 13:30:00-04:00,25.50979995727539,25.50979995727539,25.50979995727539,25.50979995727539,411,0.0,0.0
2023-08-18 14:30:00-04:00,25.450599670410156,25.459999084472656,25.40999984741211,25.410999298095703,1385,0.0,0.0
2023-08-18 15:30:00-04:00,25.40999984741211,25.5,25.40999984741211,25.5,400,0.0,0.0
2023-08-21 09:30:00-04:00,25.5,25.559999465942383,25.5,25.559999465942383,0,0.0,0.0
2023-08-21 10:30:00-04:00,25.500999450683594,25.56679916381836,25.450000762939453,25.530000686645508,2627,0.0,0.0
2023-08-21 11:30:00-04:00,25.54990005493164,25.54990005493164,25.5,25.540000915527344,1351,0.0,0.0
2023-08-21 12:30:00-04:00,25.540000915527344,25.5492000579834,25.540000915527344,25.5492000579834,405,0.0,0.0
2023-08-21 13:30:00-04:00,25.520000457763672,25.520000457763672,25.420000076293945,25.420000076293945,735,0.0,0.0
2023-08-21 14:30:00-04:00,25.43000030517578,25.43000030517578,25.43000030517578,25.43000030517578,0,0.0,0.0
2023-08-22 09:30:00-04:00,25.420000076293945,25.420000076293945,25.40999984741211,25.420000076293945,2398,0.0,0.0
2023-08-22 10:30:00-04:00,25.40999984741211,25.548500061035156,25.40999984741211,25.420000076293945,1183,0.0,0.0
2023-08-22 11:30:00-04:00,25.469900131225586,25.469900131225586,25.469900131225586,25.469900131225586,1177,0.0,0.0
2023-08-22 12:30:00-04:00,25.4281005859375,25.510000228881836,25.4281005859375,25.510000228881836,1296,0.0,0.0
2023-08-22 13:30:00-04:00,25.40999984741211,25.457399368286133,25.40999984741211,25.457399368286133,2001,0.0,0.0
2023-08-22 14:30:00-04:00,25.420000076293945,25.450000762939453,25.420000076293945,25.420000076293945,950,0.0,0.0
2023-08-22 15:30:00-04:00,25.491899490356445,25.491899490356445,25.40999984741211,25.40999984741211,1180,0.0,0.0
2023-08-23 09:30:00-04:00,25.40999984741211,25.489299774169922,25.40999984741211,25.489299774169922,0,0.0,0.0
2023-08-23 10:30:00-04:00,25.427200317382812,25.549999237060547,25.427200317382812,25.549999237060547,451,0.0,0.0
2023-08-23 11:30:00-04:00,25.440000534057617,25.440000534057617,25.440000534057617,25.440000534057617,483,0.0,0.0
2023-08-23 12:30:00-04:00,25.490999221801758,25.529499053955078,25.440000534057617,25.459999084472656,3142,0.0,0.0
2023-08-23 13:30:00-04:00,25.459999084472656,25.459999084472656,25.459999084472656,25.459999084472656,384,0.0,0.0
2023-08-23 14:30:00-04:00,25.52989959716797,25.530000686645508,25.459999084472656,25.530000686645508,2526,0.0,0.0
2023-08-23 15:30:00-04:00,25.530000686645508,25.530000686645508,25.440000534057617,25.530000686645508,1425,0.0,0.0
2023-08-24 09:30:00-04:00,25.469999313354492,25.540000915527344,25.469999313354492,25.53230094909668,0,0.0,0.0
2023-08-24 10:30:00-04:00,25.440000534057617,25.440000534057617,25.420000076293945,25.420000076293945,628,0.0,0.0
2023-08-24 11:30:00-04:00,25.440000534057617,25.440000534057617,25.420000076293945,25.420000076293945,651,0.0,0.0
2023-08-24 12:30:00-04:00,25.420000076293945,25.424999237060547,25.420000076293945,25.420000076293945,900,0.0,0.0
2023-08-24 14:30:00-04:00,25.440000534057617,25.440000534057617,25.41990089416504,25.43869972229004,2671,0.0,0.0
2023-08-24 15:30:00-04:00,25.484699249267578,25.484699249267578,25.484699249267578,25.484699249267578,0,0.0,0.0
2023-08-25 09:30:00-04:00,25.43000030517578,25.440000534057617,25.43000030517578,25.440000534057617,1277,0.0,0.0
2023-08-25 10:30:00-04:00,25.450000762939453,25.52359962463379,25.40999984741211,25.507400512695312,4021,0.0,0.0
2023-08-25 11:30:00-04:00,25.43000030517578,25.431699752807617,25.43000030517578,25.43000030517578,629,0.0,0.0
2023-08-25 12:30:00-04:00,25.442800521850586,25.442800521850586,25.442800521850586,25.442800521850586,288,0.0,0.0
2023-08-25 13:30:00-04:00,25.483200073242188,25.483200073242188,25.483200073242188,25.483200073242188,112,0.0,0.0
2023-08-25 14:30:00-04:00,25.420000076293945,25.5487003326416,25.420000076293945,25.479999542236328,886,0.0,0.0
2023-08-25 15:30:00-04:00,25.485000610351562,25.485000610351562,25.43000030517578,25.43000030517578,523,0.0,0.0
2023-08-28 09:30:00-04:00,25.40999984741211,25.50819969177246,25.40999984741211,25.459999084472656,0,0.0,0.0
2023-08-28 10:30:00-04:00,25.469999313354492,25.54990005493164,25.459999084472656,25.479999542236328,4472,0.0,0.0
2023-08-28 11:30:00-04:00,25.479999542236328,25.54990005493164,25.479999542236328,25.5,2303,0.0,0.0
2023-08-28 14:30:00-04:00,25.5,25.579999923706055,25.5,25.531999588012695,7941,0.0,0.0
2023-08-28 15:30:00-04:00,25.579999923706055,25.579999923706055,25.459999084472656,25.540000915527344,0,0.0,0.0
2023-08-29 09:30:00-04:00,25.540000915527344,25.600000381469727,25.540000915527344,25.600000381469727,1017,0.0,0.0
2023-08-29 11:30:00-04:00,25.499300003051758,25.499300003051758,25.499300003051758,25.499300003051758,658,0.0,0.0
2023-08-29 12:30:00-04:00,25.561199188232422,25.561199188232422,25.515600204467773,25.515600204467773,1652,0.0,0.0
2023-08-29 13:30:00-04:00,25.54800033569336,25.54800033569336,25.54800033569336,25.54800033569336,218,0.0,0.0
2023-08-29 14:30:00-04:00,25.628400802612305,25.628400802612305,25.559999465942383,25.559999465942383,1315,0.0,0.0
2023-08-30 09:30:00-04:00,25.469999313354492,25.549999237060547,25.469999313354492,25.549999237060547,799,0.0,0.0
2023-08-30 11:30:00-04:00,25.479999542236328,25.479999542236328,25.469999313354492,25.479999542236328,1648,0.0,0.0
2023-08-30 13:30:00-04:00,25.63990020751953,25.63990020751953,25.549999237060547,25.549999237060547,1866,0.0,0.0
2023-08-30 14:30:00-04:00,25.52120018005371,25.600000381469727,25.52120018005371,25.599899291992188,2306,0.0,0.0
2023-08-30 15:30:00-04:00,25.471599578857422,25.5,25.471599578857422,25.5,350,0.0,0.0
2023-08-31 09:30:00-04:00,25.100000381469727,25.100000381469727,24.980499267578125,25.07229995727539,757,0.0,0.0
2023-08-31 10:30:00-04:00,25.010000228881836,25.100000381469727,25.010000228881836,25.100000381469727,2807,0.0,0.0
2023-08-31 11:30:00-04:00,25.149999618530273,25.170000076293945,25.149999618530273,25.170000076293945,1392,0.0,0.0
2023-08-31 12:30:00-04:00,25.154699325561523,25.18000030517578,25.130599975585938,25.18000030517578,1863,0.0,0.0
2023-08-31 13:30:00-04:00,25.170000076293945,25.170000076293945,25.170000076293945,25.170000076293945,385,0.0,0.0
2023-08-31 14:30:00-04:00,25.170000076293945,25.200000762939453,25.1299991607666,25.13010025024414,5516,0.0,0.0
2023-09-01 09:30:00-04:00,25.049999237060547,25.190000534057617,25.049999237060547,25.190000534057617,1602,0.0,0.0
2023-09-01 10:30:00-04:00,25.114999771118164,25.114999771118164,25.100000381469727,25.100000381469727,998,0.0,0.0
2023-09-01 11:30:00-04:00,25.086700439453125,25.086700439453125,25.086700439453125,25.086700439453125,585,0.0,0.0
2023-09-01 13:30:00-04:00,25.094999313354492,25.094999313354492,25.094999313354492,25.094999313354492,236,0.0,0.0
2023-09-01 14:30:00-04:00,25.094999313354492,25.139999389648438,25.094999313354492,25.094999313354492,898,0.0,0.0
2023-09-05 09:30:00-04:00,25.100000381469727,25.100099563598633,25.049999237060547,25.049999237060547,0,0.0,0.0
2023-09-05 10:30:00-04:00,25.06999969482422,25.06999969482422,25.06999969482422,25.06999969482422,316,0.0,0.0
2023-09-05 11:30:00-04:00,25.127399444580078,25.127399444580078,25.127399444580078,25.127399444580078,245,0.0,0.0
2023-09-05 12:30:00-04:00,25.110000610351562,25.110000610351562,25.110000610351562,25.110000610351562,154,0.0,0.0
2023-09-05 13:30:00-04:00,25.100000381469727,25.100000381469727,25.100000381469727,25.100000381469727,429,0.0,0.0
2023-09-05 14:30:00-04:00,25.100000381469727,25.11680030822754,25.049999237060547,25.08180046081543,4907,0.0,0.0
2023-09-05 15:30:00-04:00,25.06999969482422,25.100000381469727,25.06999969482422,25.09469985961914,0,0.0,0.0
2023-09-06 09:30:00-04:00,25.149999618530273,25.149999618530273,25.149900436401367,25.149900436401367,767,0.0,0.0
2023-09-06 11:30:00-04:00,25.216100692749023,25.216100692749023,25.216100692749023,25.216100692749023,330,0.0,0.0
2023-09-06 13:30:00-04:00,25.170000076293945,25.170000076293945,25.170000076293945,25.170000076293945,225,0.0,0.0
2023-09-06 14:30:00-04:00,25.217599868774414,25.217599868774414,25.217599868774414,25.217599868774414,151,0.0,0.0
2023-09-06 15:30:00-04:00,25.21929931640625,25.21929931640625,25.21929931640625,25.21929931640625,0,0.0,0.0
2023-09-07 10:30:00-04:00,25.220199584960938,25.220199584960938,25.220199584960938,25.220199584960938,100,0.0,0.0
2023-09-07 11:30:00-04:00,25.219999313354492,25.27989959716797,25.219999313354492,25.27989959716797,1617,0.0,0.0
2023-09-07 12:30:00-04:00,25.253999710083008,25.253999710083008,25.253999710083008,25.253999710083008,310,0.0,0.0
2023-09-07 14:30:00-04:00,25.219999313354492,25.219999313354492,25.219999313354492,25.219999313354492,412,0.0,0.0
2023-09-07 15:30:00-04:00,25.20009994506836,25.20009994506836,25.1299991607666,25.1299991607666,849,0.0,0.0
2023-09-08 09:30:00-04:00,25.200000762939453,25.200000762939453,25.200000762939453,25.200000762939453,0,0.0,0.0
2023-09-08 11:30:00-04:00,25.259700775146484,25.298099517822266,25.259700775146484,25.262300491333008,1153,0.0,0.0
2023-09-08 13:30:00-04:00,25.34000015258789,25.360000610351562,25.250099182128906,25.250099182128906,1136,0.0,0.0
2023-09-08 14:30:00-04:00,25.315799713134766,25.360000610351562,25.304100036621094,25.360000610351562,1614,0.0,0.0
2023-09-08 15:30:00-04:00,25.344200134277344,25.344200134277344,25.280000686645508,25.280000686645508,225,0.0,0.0
2023-09-11 09:30:00-04:00,25.360000610351562,25.360000610351562,25.360000610351562,25.360000610351562,0,0.0,0.0
2023-09-11 10:30:00-04:00,25.329999923706055,25.329999923706055,25.329999923706055,25.329999923706055,1060,0.0,0.0
2023-09-11 11:30:00-04:00,25.339500427246094,25.339500427246094,25.339500427246094,25.339500427246094,706,0.0,0.0
2023-09-11 13:30:00-04:00,25.299999237060547,25.299999237060547,25.299999237060547,25.299999237060547,407,0.0,0.0
2023-09-11 14:30:00-04:00,25.329999923706055,25.356000900268555,25.329999923706055,25.356000900268555,958,0.0,0.0
2023-09-11 15:30:00-04:00,25.329999923706055,25.340900421142578,25.329999923706055,25.340900421142578,0,0.0,0.0
2023-09-12 09:30:00-04:00,25.354700088500977,25.354700088500977,25.354700088500977,25.354700088500977,137,0.0,0.0
2023-09-12 10:30:00-04:00,25.299999237060547,25.313400268554688,25.25,25.25,4125,0.0,0.0
2023-09-12 11:30:00-04:00,25.34000015258789,25.34000015258789,25.299999237060547,25.299999237060547,1005,0.0,0.0
2023-09-12 14:30:00-04:00,25.235000610351562,25.450000762939453,25.22800064086914,25.29450035095215,3739,0.0,0.0
2023-09-12 15:30:00-04:00,25.433300018310547,25.433300018310547,25.433300018310547,25.433300018310547,300,0.0,0.0
2023-09-13 09:30:00-04:00,25.440000534057617,25.440000534057617,25.253299713134766,25.253299713134766,0,0.0,0.0
2023-09-13 10:30:00-04:00,25.277700424194336,25.34000015258789,25.277700424194336,25.34000015258789,655,0.0,0.0
2023-09-13 12:30:00-04:00,25.3799991607666,25.3799991607666,25.3799991607666,25.3799991607666,445,0.0,0.0
2023-09-13 14:30:00-04:00,25.45989990234375,25.45989990234375,25.450000762939453,25.450000762939453,0,0.0,0.0
2023-09-14 09:30:00-04:00,25.299999237060547,25.299999237060547,25.25,25.25,1937,0.0,0.0
2023-09-14 10:30:00-04:00,25.389999389648438,25.389999389648438,25.326000213623047,25.326000213623047,454,0.0,0.0
2023-09-14 11:30:00-04:00,25.425199508666992,25.425199508666992,25.389999389648438,25.403799057006836,585,0.0,0.0
2023-09-14 12:30:00-04:00,25.3700008392334,25.44930076599121,25.341299057006836,25.360000610351562,2346,0.0,0.0
2023-09-14 15:30:00-04:00,25.280000686645508,25.299999237060547,25.280000686645508,25.299999237060547,400,0.0,0.0
2023-09-15 09:30:00-04:00,25.329999923706055,25.350000381469727,25.329999923706055,25.350000381469727,0,0.0,0.0
2023-09-15 10:30:00-04:00,25.335500717163086,25.335500717163086,25.335500717163086,25.335500717163086,515,0.0,0.0
2023-09-15 12:30:00-04:00,25.3799991607666,25.3799991607666,25.3799991607666,25.3799991607666,202,0.0,0.0
2023-09-15 13:30:00-04:00,25.35930061340332,25.35930061340332,25.350000381469727,25.350000381469727,1014,0.0,0.0
2023-09-15 14:30:00-04:00,25.464500427246094,25.464500427246094,25.284900665283203,25.284900665283203,3109,0.0,0.0
2023-09-18 09:30:00-04:00,25.469999313354492,25.469999313354492,25.395000457763672,25.395000457763672,0,0.0,0.0
2023-09-18 10:30:00-04:00,25.322500228881836,25.322500228881836,25.322500228881836,25.322500228881836,435,0.0,0.0
2023-09-18 13:30:00-04:00,25.479700088500977,25.479799270629883,25.415000915527344,25.415000915527344,0,0.0,0.0
2023-09-19 10:30:00-04:00,25.329999923706055,25.329999923706055,25.329999923706055,25.329999923706055,495,0.0,0.0
2023-09-19 11:30:00-04:00,25.385000228881836,25.450000762939453,25.385000228881836,25.450000762939453,461,0.0,0.0
2023-09-19 12:30:00-04:00,25.3700008392334,25.3700008392334,25.34000015258789,25.34000015258789,278,0.0,0.0
2023-09-19 13:30:00-04:00,25.450000762939453,25.450000762939453,25.391399383544922,25.391399383544922,0,0.0,0.0
2023-09-20 09:30:00-04:00,25.35099983215332,25.449899673461914,25.350000381469727,25.449899673461914,2518,0.0,0.0
2023-09-20 10:30:00-04:00,25.342300415039062,25.440000534057617,25.342300415039062,25.440000534057617,385,0.0,0.0
2023-09-20 11:30:00-04:00,25.450000762939453,25.450000762939453,25.360000610351562,25.360000610351562,928,0.0,0.0
2023-09-20 12:30:00-04:00,25.375,25.3799991607666,25.360000610351562,25.3799991607666,1287,0.0,0.0
2023-09-20 14:30:00-04:00,25.3799991607666,25.488399505615234,25.3799991607666,25.488399505615234,2306,0.0,0.0
2023-09-21 09:30:00-04:00,25.329999923706055,25.329999923706055,25.1200008392334,25.1200008392334,6044,0.0,0.0
2023-09-21 11:30:00-04:00,25.17009925842285,25.190000534057617,25.170000076293945,25.170000076293945,3085,0.0,0.0
2023-09-21 12:30:00-04:00,25.264999389648438,25.264999389648438,25.264999389648438,25.264999389648438,688,0.0,0.0
2023-09-21 13:30:00-04:00,25.280000686645508,25.33769989013672,25.280000686645508,25.33769989013672,493,0.0,0.0
2023-09-21 14:30:00-04:00,25.280000686645508,25.280000686645508,25.26930046081543,25.26930046081543,1514,0.0,0.0
2023-09-21 15:30:00-04:00,25.219999313354492,25.276500701904297,25.219999313354492,25.276500701904297,200,0.0,0.0
2023-09-22 09:30:00-04:00,25.252300262451172,25.252300262451172,25.209999084472656,25.209999084472656,610,0.0,0.0
2023-09-22 12:30:00-04:00,25.229999542236328,25.229999542236328,25.190000534057617,25.190099716186523,2177,0.0,0.0
2023-09-22 13:30:00-04:00,25.200000762939453,25.200000762939453,25.200000762939453,25.200000762939453,126,0.0,0.0
2023-09-22 14:30:00-04:00,25.246000289916992,25.246000289916992,25.190000534057617,25.190000534057617,1066,0.0,0.0
2023-09-22 15:30:00-04:00,25.289899826049805,25.289899826049805,25.200000762939453,25.200000762939453,723,0.0,0.0
2023-09-25 10:30:00-04:00,25.168399810791016,25.168399810791016,25.15999984741211,25.15999984741211,1772,0.0,0.0
2023-09-25 11:30:00-04:00,25.18000030517578,25.18000030517578,25.149999618530273,25.149999618530273,2750,0.0,0.0
2023-09-25 12:30:00-04:00,25.1299991607666,25.13010025024414,25.1200008392334,25.1200008392334,1774,0.0,0.0
2023-09-25 13:30:00-04:00,25.1200008392334,25.124099731445312,25.059999465942383,25.079999923706055,3204,0.0,0.0
2023-09-25 14:30:00-04:00,25.079999923706055,25.099899291992188,25.06999969482422,25.06999969482422,2314,0.0,0.0
2023-09-25 15:30:00-04:00,25.060199737548828,25.060199737548828,25.060199737548828,25.060199737548828,211,0.0,0.0
2023-09-26 09:30:00-04:00,25.059999465942383,25.100000381469727,25.059999465942383,25.06999969482422,0,0.0,0.0
2023-09-26 10:30:00-04:00,25.06999969482422,25.06999969482422,25.06999969482422,25.06999969482422,331,0.0,0.0
2023-09-26 11:30:00-04:00,25.1200008392334,25.15850067138672,25.1200008392334,25.15850067138672,611,0.0,0.0
2023-09-26 12:30:00-04:00,25.1200008392334,25.200000762939453,25.1200008392334,25.200000762939453,548,0.0,0.0
2023-09-26 13:30:00-04:00,25.100000381469727,25.136699676513672,25.100000381469727,25.136699676513672,535,0.0,0.0
2023-09-26 14:30:00-04:00,25.13990020751953,25.13990020751953,25.059999465942383,25.118799209594727,2722,0.0,0.0
2023-09-26 15:30:00-04:00,25.059999465942383,25.059999465942383,25.059999465942383,25.059999465942383,0,0.0,0.0
2023-09-27 10:30:00-04:00,25.049999237060547,25.049999237060547,25.049999237060547,25.049999237060547,1651,0.0,0.0
2023-09-27 11:30:00-04:00,25.079999923706055,25.079999923706055,25.079999923706055,25.079999923706055,435,0.0,0.0
2023-09-27 12:30:00-04:00,25.059999465942383,25.059999465942383,25.049999237060547,25.049999237060547,445,0.0,0.0
2023-09-27 13:30:00-04:00,25.060400009155273,25.060400009155273,25.060400009155273,25.060400009155273,527,0.0,0.0
2023-09-27 14:30:00-04:00,25.06999969482422,25.06999969482422,25.020000457763672,25.020099639892578,3495,0.0,0.0
2023-09-27 15:30:00-04:00,25.050199508666992,25.050199508666992,25.020099639892578,25.020099639892578,0,0.0,0.0
2023-09-28 09:30:00-04:00,25.100000381469727,25.100000381469727,25.06999969482422,25.06999969482422,531,0.0,0.0
2023-09-28 11:30:00-04:00,25.020000457763672,25.096500396728516,25.020000457763672,25.096500396728516,460,0.0,0.0
2023-09-28 12:30:00-04:00,25.06999969482422,25.081600189208984,25.059999465942383,25.081600189208984,643,0.0,0.0
2023-09-28 13:30:00-04:00,25.06329917907715,25.069700241088867,25.03030014038086,25.069700241088867,1304,0.0,0.0
2023-09-28 14:30:00-04:00,25.085500717163086,25.200000762939453,25.085500717163086,25.200000762939453,1575,0.0,0.0
2023-09-28 15:30:00-04:00,25.209999084472656,25.209999084472656,25.209999084472656,25.209999084472656,279,0.0,0.0
2023-09-29 09:30:00-04:00,25.149999618530273,25.219999313354492,25.149999618530273,25.21500015258789,0,0.0,0.0
2023-09-29 10:30:00-04:00,25.219999313354492,25.219999313354492,25.020099639892578,25.190000534057617,3091,0.0,0.0
2023-09-29 11:30:00-04:00,25.139999389648438,25.139999389648438,25.049999237060547,25.049999237060547,1401,0.0,0.0
2023-09-29 12:30:00-04:00,25.049999237060547,25.170000076293945,25.020000457763672,25.049999237060547,3952,0.0,0.0
2023-09-29 13:30:00-04:00,25.049999237060547,25.099899291992188,25.020000457763672,25.020000457763672,5485,0.0,0.0
2023-09-29 14:30:00-04:00,25.052499771118164,25.052499771118164,25.010000228881836,25.030000686645508,6779,0.0,0.0
2023-09-29 15:30:00-04:00,25.030000686645508,25.030000686645508,25.0,25.020000457763672,4605,0.0,0.0
2023-10-02 09:30:00-04:00,25.0,25.020000457763672,24.979999542236328,24.979999542236328,0,0.0,0.0
2023-10-02 10:30:00-04:00,24.93000030517578,25.018800735473633,24.850500106811523,24.950000762939453,4788,0.0,0.0
2023-10-02 11:30:00-04:00,24.950000762939453,24.950000762939453,24.8799991607666,24.8799991607666,2025,0.0,0.0
2023-10-02 12:30:00-04:00,24.940000534057617,24.950000762939453,24.940000534057617,24.950000762939453,2040,0.0,0.0
2023-10-02 13:30:00-04:00,24.950000762939453,24.950000762939453,24.90999984741211,24.90999984741211,1431,0.0,0.0
2023-10-02 14:30:00-04:00,24.949899673461914,24.949899673461914,24.8799991607666,24.8799991607666,741,0.0,0.0
2023-10-02 15:30:00-04:00,24.92060089111328,24.950000762939453,24.899999618530273,24.950000762939453,1145,0.0,0.0
2023-10-03 09:30:00-04:00,24.93000030517578,25.190000534057617,24.93000030517578,25.079999923706055,0,0.0,0.0
2023-10-03 10:30:00-04:00,24.989999771118164,24.989999771118164,24.93000030517578,24.93000030517578,0,0.0,0.0
2023-10-03 11:30:00-04:00,24.850000381469727,24.949899673461914,24.79010009765625,24.8700008392334,9187,0.0,0.0
2023-10-03 12:30:00-04:00,24.90999984741211,24.91990089416504,24.829999923706055,24.91990089416504,826,0.0,0.0
2023-10-03 13:30:00-04:00,24.90999984741211,24.90999984741211,24.8799991607666,24.8799991607666,2127,0.0,0.0
2023-10-03 14:30:00-04:00,24.83930015563965,24.83930015563965,24.816299438476562,24.81999969482422,823,0.0,0.0
2023-10-03 15:30:00-04:00,24.84000015258789,24.90999984741211,24.84000015258789,24.8799991607666,949,0.0,0.0
2023-10-04 09:30:00-04:00,24.90999984741211,24.920000076293945,24.799999237060547,24.920000076293945,0,0.0,0.0
2023-10-04 10:30:00-04:00,24.920000076293945,24.981599807739258,24.899999618530273,24.899999618530273,1519,0.0,0.0
2023-10-04 11:30:00-04:00,24.856000900268555,24.899999618530273,24.856000900268555,24.899999618530273,639,0.0,0.0
2023-10-04 12:30:00-04:00,24.934999465942383,24.999799728393555,24.90730094909668,24.90730094909668,4388,0.0,0.0
2023-10-04 13:30:00-04:00,24.999900817871094,24.999900817871094,24.909700393676758,24.909700393676758,754,0.0,0.0
2023-10-04 14:30:00-04:00,24.94860076904297,24.950000762939453,24.912799835205078,24.920000076293945,1690,0.0,0.0
2023-10-04 15:30:00-04:00,24.959999084472656,24.979999542236328,24.959999084472656,24.97920036315918,0,0.0,0.0
2023-10-05 09:30:00-04:00,24.93000030517578,24.930999755859375,24.899999618530273,24.899999618530273,1004,0.0,0.0
2023-10-05 10:30:00-04:00,24.860000610351562,24.899999618530273,24.860000610351562,24.895000457763672,1572,0.0,0.0
2023-10-05 11:30:00-04:00,24.860000610351562,24.93000030517578,24.860000610351562,24.91550064086914,4465,0.0,0.0
2023-10-05 12:30:00-04:00,24.889999389648438,24.92180061340332,24.8799991607666,24.8799991607666,1135,0.0,0.0
2023-10-05 13:30:00-04:00,24.889999389648438,24.93000030517578,24.8799991607666,24.90329933166504,7985,0.0,0.0
2023-10-05 14:30:00-04:00,24.90999984741211,24.93000030517578,24.88010025024414,24.88010025024414,6699,0.0,0.0
2023-10-05 15:30:00-04:00,24.90250015258789,24.90250015258789,24.90250015258789,24.90250015258789,210,0.0,0.0
2023-10-06 09:30:00-04:00,24.799999237060547,24.850000381469727,24.799999237060547,24.850000381469727,0,0.0,0.0
2023-10-06 10:30:00-04:00,24.8700008392334,24.8700008392334,24.83989906311035,24.83989906311035,1982,0.0,0.0
2023-10-06 11:30:00-04:00,24.950000762939453,25.149999618530273,24.950000762939453,25.075000762939453,2062,0.0,0.0
2023-10-06 12:30:00-04:00,25.09000015258789,25.09000015258789,25.049999237060547,25.049999237060547,1428,0.0,0.0
2023-10-06 13:30:00-04:00,25.049999237060547,25.049999237060547,25.049999237060547,25.049999237060547,907,0.0,0.0
2023-10-06 14:30:00-04:00,25.010000228881836,25.06999969482422,25.0,25.0,9847,0.0,0.0
2023-10-06 15:30:00-04:00,25.024999618530273,25.024999618530273,24.899999618530273,24.899999618530273,9282,0.0,0.0
2023-10-09 09:30:00-04:00,24.860000610351562,24.969999313354492,24.860000610351562,24.956199645996094,0,0.0,0.0
2023-10-09 10:30:00-04:00,24.969999313354492,24.969999313354492,24.969999313354492,24.969999313354492,620,0.0,0.0
2023-10-09 12:30:00-04:00,25.0,25.018299102783203,25.0,25.0,1171,0.0,0.0
2023-10-09 13:30:00-04:00,24.985000610351562,24.998300552368164,24.985000610351562,24.985000610351562,2685,0.0,0.0
2023-10-09 14:30:00-04:00,24.969999313354492,24.975000381469727,24.949800491333008,24.949800491333008,4014,0.0,0.0
2023-10-09 15:30:00-04:00,24.950000762939453,24.950000762939453,24.949899673461914,24.950000762939453,0,0.0,0.0
2023-10-10 09:30:00-04:00,24.950000762939453,24.950000762939453,24.950000762939453,24.950000762939453,592,0.0,0.0
2023-10-10 10:30:00-04:00,24.950000762939453,25.013700485229492,24.950000762939453,25.013700485229492,1669,0.0,0.0
2023-10-10 11:30:00-04:00,25.035600662231445,25.035600662231445,25.035600662231445,25.035600662231445,354,0.0,0.0
2023-10-10 12:30:00-04:00,25.010000228881836,25.015300750732422,25.010000228881836,25.015300750732422,506,0.0,0.0
2023-10-10 13:30:00-04:00,25.0,25.005800247192383,25.0,25.005800247192383,880,0.0,0.0
2023-10-10 14:30:00-04:00,25.010000228881836,25.010000228881836,24.979999542236328,24.979999542236328,3373,0.0,0.0
2023-10-10 15:30:00-04:00,24.969999313354492,24.969999313354492,24.969999313354492,24.969999313354492,838,0.0,0.0
2023-10-11 09:30:00-04:00,25.040000915527344,25.040000915527344,24.950000762939453,24.950000762939453,0,0.0,0.0
2023-10-11 11:30:00-04:00,25.039899826049805,25.039899826049805,25.0,25.0,991,0.0,0.0
2023-10-11 12:30:00-04:00,25.0,25.0,25.0,25.0,841,0.0,0.0
2023-10-11 13:30:00-04:00,25.039899826049805,25.039899826049805,25.039899826049805,25.039899826049805,317,0.0,0.0
2023-10-11 14:30:00-04:00,25.0,25.0,24.969999313354492,24.9950008392334,3658,0.0,0.0
2023-10-11 15:30:00-04:00,24.989999771118164,24.989999771118164,24.969999313354492,24.969999313354492,0,0.0,0.0
2023-10-12 10:30:00-04:00,25.040000915527344,25.040000915527344,25.021099090576172,25.021099090576172,1936,0.0,0.0
2023-10-12 12:30:00-04:00,25.100000381469727,25.100000381469727,24.989999771118164,24.989999771118164,1193,0.0,0.0
2023-10-12 13:30:00-04:00,25.139999389648438,25.139999389648438,25.139999389648438,25.139999389648438,449,0.0,0.0
2023-10-12 14:30:00-04:00,25.0,25.1200008392334,25.0,25.1200008392334,815,0.0,0.0
2023-10-12 15:30:00-04:00,25.0,25.0,24.97279930114746,24.999900817871094,1352,0.0,0.0
2023-10-13 09:30:00-04:00,25.059499740600586,25.1299991607666,25.059499740600586,25.1299991607666,0,0.0,0.0
2023-10-13 11:30:00-04:00,25.05500030517578,25.1200008392334,25.05500030517578,25.1200008392334,805,0.0,0.0
2023-10-13 12:30:00-04:00,24.989999771118164,25.1200008392334,24.950000762939453,24.950000762939453,3373,0.0,0.0
2023-10-13 13:30:00-04:00,24.950000762939453,25.049999237060547,24.860000610351562,25.049999237060547,1858,0.0,0.0
2023-10-13 14:30:00-04:00,24.81999969482422,24.979999542236328,24.809999465942383,24.829999923706055,2106,0.0,0.0
2023-10-13 15:30:00-04:00,24.8700008392334,24.8700008392334,24.850000381469727,24.860000610351562,392,0.0,0.0
2023-10-16 09:30:00-04:00,24.989999771118164,24.989999771118164,24.895700454711914,24.895700454711914,0,0.0,0.0
2023-10-16 10:30:00-04:00,24.90999984741211,24.90999984741211,24.90999984741211,24.90999984741211,592,0.0,0.0
2023-10-16 11:30:00-04:00,24.92959976196289,24.92959976196289,24.92959976196289,24.92959976196289,652,0.0,0.0
2023-10-16 12:30:00-04:00,24.954999923706055,25.049999237060547,24.954999923706055,25.049999237060547,2062,0.0,0.0
2023-10-16 13:30:00-04:00,25.049999237060547,25.049999237060547,25.049999237060547,25.049999237060547,199,0.0,0.0
2023-10-16 14:30:00-04:00,25.0,25.049999237060547,25.0,25.0,7844,0.0,0.0
2023-10-16 15:30:00-04:00,25.010000228881836,25.010000228881836,25.010000228881836,25.010000228881836,0,0.0,0.0
2023-10-17 09:30:00-04:00,25.0,25.0,25.0,25.0,1227,0.0,0.0
2023-10-17 10:30:00-04:00,25.099000930786133,25.099000930786133,25.049999237060547,25.049999237060547,1776,0.0,0.0
2023-10-17 12:30:00-04:00,25.049999237060547,25.100000381469727,25.049999237060547,25.100000381469727,512,0.0,0.0
2023-10-17 13:30:00-04:00,25.100000381469727,25.1294002532959,25.07550048828125,25.07550048828125,2784,0.0,0.0
2023-10-17 14:30:00-04:00,25.100000381469727,25.100000381469727,25.079999923706055,25.079999923706055,1525,0.0,0.0
2023-10-18 09:30:00-04:00,25.0,25.06999969482422,24.950000762939453,25.040000915527344,0,0.0,0.0
2023-10-18 10:30:00-04:00,25.079999923706055,25.079999923706055,25.079999923706055,25.079999923706055,1877,0.0,0.0
2023-10-18 11:30:00-04:00,25.0,25.045000076293945,24.920000076293945,25.045000076293945,2609,0.0,0.0
2023-10-18 12:30:00-04:00,24.950000762939453,25.06999969482422,24.899999618530273,25.019899368286133,3917,0.0,0.0
2023-10-18 13:30:00-04:00,24.899999618530273,24.899999618530273,24.850000381469727,24.897899627685547,1576,0.0,0.0
2023-10-18 14:30:00-04:00,24.934799194335938,24.948999404907227,24.899999618530273,24.948999404907227,973,0.0,0.0
2023-10-18 15:30:00-04:00,24.850000381469727,24.850000381469727,24.850000381469727,24.850000381469727,1083,0.0,0.0
2023-10-19 09:30:00-04:00,24.920000076293945,24.959999084472656,24.8700008392334,24.8700008392334,0,0.0,0.0
2023-10-19 10:30:00-04:00,24.979999542236328,25.000200271606445,24.979999542236328,25.0,4165,0.0,0.0
2023-10-19 11:30:00-04:00,24.951900482177734,25.040000915527344,24.951900482177734,25.040000915527344,828,0.0,0.0
2023-10-19 12:30:00-04:00,25.0,25.0,24.979999542236328,24.979999542236328,1173,0.0,0.0
2023-10-19 13:30:00-04:00,24.9950008392334,24.9950008392334,24.9950008392334,24.9950008392334,284,0.0,0.0
2023-10-19 14:30:00-04:00,24.950000762939453,24.9950008392334,24.950000762939453,24.95039939880371,3034,0.0,0.0
2023-10-19 15:30:00-04:00,24.982200622558594,24.982200622558594,24.950000762939453,24.950000762939453,647,0.0,0.0
2023-10-20 09:30:00-04:00,25.020000457763672,25.020000457763672,24.75,24.799400329589844,0,0.0,0.0
2023-10-20 10:30:00-04:00,24.809999465942383,24.809999465942383,24.756000518798828,24.756000518798828,1071,0.0,0.0
2023-10-20 11:30:00-04:00,24.88909912109375,24.88909912109375,24.88909912109375,24.88909912109375,623,0.0,0.0
2023-10-20 12:30:00-04:00,24.881900787353516,24.881900787353516,24.8799991607666,24.8799991607666,676,0.0,0.0
2023-10-20 13:30:00-04:00,24.850000381469727,24.850000381469727,24.801000595092773,24.801000595092773,816,0.0,0.0
2023-10-20 14:30:00-04:00,24.824399948120117,24.850000381469727,24.799999237060547,24.800100326538086,1813,0.0,0.0
2023-10-20 15:30:00-04:00,24.829999923706055,24.899999618530273,24.82990074157715,24.899999618530273,670,0.0,0.0
2023-10-23 09:30:00-04:00,24.899999618530273,24.969999313354492,24.899999618530273,24.899999618530273,0,0.0,0.0
2023-10-23 10:30:00-04:00,24.86370086669922,24.93000030517578,24.826400756835938,24.93000030517578,3914,0.0,0.0
2023-10-23 11:30:00-04:00,24.850000381469727,24.89900016784668,24.850000381469727,24.89900016784668,934,0.0,0.0
2023-10-23 12:30:00-04:00,24.78190040588379,24.78190040588379,24.780000686645508,24.780000686645508,1478,0.0,0.0
2023-10-23 13:30:00-04:00,24.850000381469727,24.850000381469727,24.81999969482422,24.81999969482422,1126,0.0,0.0
2023-10-23 14:30:00-04:00,24.790000915527344,24.84000015258789,24.790000915527344,24.84000015258789,1563,0.0,0.0
2023-10-23 15:30:00-04:00,24.799999237060547,24.799999237060547,24.799999237060547,24.799999237060547,0,0.0,0.0
2023-10-24 09:30:00-04:00,24.809999465942383,24.809999465942383,24.809999465942383,24.809999465942383,183,0.0,0.0
2023-10-24 10:30:00-04:00,24.899900436401367,24.899900436401367,24.81999969482422,24.81999969482422,2923,0.0,0.0
2023-10-24 11:30:00-04:00,24.860000610351562,24.860000610351562,24.81049919128418,24.81999969482422,1597,0.0,0.0
2023-10-24 12:30:00-04:00,24.894100189208984,24.894100189208984,24.872699737548828,24.872699737548828,321,0.0,0.0
2023-10-24 13:30:00-04:00,24.8700008392334,24.899999618530273,24.860000610351562,24.860000610351562,2795,0.0,0.0
2023-10-24 14:30:00-04:00,24.8700008392334,24.899999618530273,24.868099212646484,24.875,3517,0.0,0.0
2023-10-24 15:30:00-04:00,24.8700008392334,24.8700008392334,24.8700008392334,24.8700008392334,0,0.0,0.0
2023-10-25 09:30:00-04:00,25.09749984741211,25.09749984741211,24.850000381469727,24.899999618530273,7725,0.0,0.0
2023-10-25 10:30:00-04:00,24.889999389648438,24.899999618530273,24.860000610351562,24.899999618530273,9713,0.0,0.0
2023-10-25 11:30:00-04:00,24.899999618530273,24.899999618530273,24.851600646972656,24.878700256347656,2117,0.0,0.0
2023-10-25 12:30:00-04:00,24.878999710083008,24.878999710083008,24.878999710083008,24.878999710083008,522,0.0,0.0
2023-10-25 14:30:00-04:00,24.887399673461914,24.899999618530273,24.8700008392334,24.899999618530273,7320,0.0,0.0
2023-10-25 15:30:00-04:00,24.989999771118164,24.989999771118164,24.989999771118164,24.989999771118164,477,0.0,0.0
2023-10-26 09:30:00-04:00,24.989999771118164,24.989999771118164,24.989999771118164,24.989999771118164,0,0.0,0.0
2023-10-26 11:30:00-04:00,25.069000244140625,25.069000244140625,25.069000244140625,25.069000244140625,157,0.0,0.0
2023-10-26 12:30:00-04:00,25.0,25.0,24.991600036621094,25.0,789,0.0,0.0
2023-10-26 13:30:00-04:00,25.0,25.0,25.0,25.0,1073,0.0,0.0
2023-10-26 14:30:00-04:00,24.989999771118164,24.989999771118164,24.955799102783203,24.955799102783203,1208,0.0,0.0
2023-10-26 15:30:00-04:00,24.979999542236328,24.979999542236328,24.920000076293945,24.920000076293945,0,0.0,0.0
2023-10-27 09:30:00-04:00,24.950000762939453,24.989999771118164,24.950000762939453,24.979999542236328,6500,0.0,0.0
2023-10-27 10:30:00-04:00,24.950199127197266,24.97249984741211,24.950199127197266,24.97249984741211,560,0.0,0.0
2023-10-27 11:30:00-04:00,24.950300216674805,24.989999771118164,24.950300216674805,24.989999771118164,1031,0.0,0.0
2023-10-27 12:30:00-04:00,24.950000762939453,24.950000762939453,24.950000762939453,24.950000762939453,373,0.0,0.0
2023-10-27 13:30:00-04:00,24.95009994506836,24.95009994506836,24.950000762939453,24.950000762939453,1129,0.0,0.0
2023-10-27 14:30:00-04:00,24.950000762939453,24.989599227905273,24.950000762939453,24.989599227905273,2386,0.0,0.0
2023-10-27 15:30:00-04:00,24.980499267578125,24.980499267578125,24.959999084472656,24.959999084472656,2232,0.0,0.0
2023-10-30 09:30:00-04:00,24.975000381469727,24.989999771118164,24.975000381469727,24.989999771118164,0,0.0,0.0
2023-10-30 10:30:00-04:00,25.040000915527344,25.040000915527344,25.03260040283203,25.034099578857422,1216,0.0,0.0
2023-10-30 11:30:00-04:00,25.030000686645508,25.049999237060547,25.0,25.049999237060547,3427,0.0,0.0
2023-10-30 12:30:00-04:00,25.110000610351562,25.137100219726562,25.0,25.0,3373,0.0,0.0
2023-10-30 13:30:00-04:00,25.0,25.045000076293945,25.0,25.0,3594,0.0,0.0
2023-10-30 14:30:00-04:00,25.0,25.024999618530273,25.0,25.0,9498,0.0,0.0
2023-10-30 15:30:00-04:00,25.0,25.014999389648438,25.0,25.0,0,0.0,0.0
2023-10-31 09:30:00-04:00,25.01799964904785,25.01799964904785,25.01799964904785,25.01799964904785,221,0.0,0.0
2023-10-31 10:30:00-04:00,25.016399383544922,25.020000457763672,25.016399383544922,25.020000457763672,338,0.0,0.0
2023-10-31 11:30:00-04:00,25.058700561523438,25.058700561523438,25.0,25.0,834,0.0,0.0
2023-10-31 12:30:00-04:00,25.010000228881836,25.010000228881836,25.010000228881836,25.010000228881836,368,0.0,0.0
2023-10-31 13:30:00-04:00,25.010000228881836,25.045000076293945,25.010000228881836,25.045000076293945,698,0.0,0.0
2023-10-31 14:30:00-04:00,25.045000076293945,25.045000076293945,25.0,25.010000228881836,9713,0.0,0.0
2023-10-31 15:30:00-04:00,25.010000228881836,25.010000228881836,24.940000534057617,25.0,1630,0.0,0.0
2023-11-01 09:30:00-04:00,24.950000762939453,24.954999923706055,24.950000762939453,24.954999923706055,2318,0.0,0.0
2023-11-01 10:30:00-04:00,24.975000381469727,24.975000381469727,24.969999313354492,24.969999313354492,604,0.0,0.0
2023-11-01 11:30:00-04:00,24.901599884033203,24.975000381469727,24.899999618530273,24.920000076293945,4634,0.0,0.0
2023-11-01 12:30:00-04:00,24.930999755859375,25.0487003326416,24.930999755859375,25.0487003326416,2559,0.0,0.0
2023-11-01 13:30:00-04:00,24.979999542236328,25.049999237060547,24.969999313354492,24.989999771118164,6084,0.0,0.0
2023-11-01 14:30:00-04:00,24.930099487304688,25.08839988708496,24.930099487304688,24.950000762939453,1745,0.0,0.0
2023-11-01 15:30:00-04:00,25.0,25.049999237060547,24.950000762939453,24.959999084472656,0,0.0,0.0
2023-11-02 09:30:00-04:00,25.0,25.0,25.0,25.0,533,0.0,0.0
2023-11-02 10:30:00-04:00,24.9950008392334,24.9950008392334,24.950000762939453,24.950000762939453,858,0.0,0.0
2023-11-02 11:30:00-04:00,25.0049991607666,25.0049991607666,25.0049991607666,25.0049991607666,770,0.0,0.0
2023-11-02 12:30:00-04:00,25.0,25.0,24.950000762939453,24.950000762939453,3624,0.0,0.0
2023-11-02 13:30:00-04:00,25.006900787353516,25.006900787353516,24.920000076293945,24.920000076293945,1803,0.0,0.0
2023-11-02 14:30:00-04:00,25.0,25.09000015258789,24.91010093688965,25.09000015258789,2547,0.0,0.0
2023-11-02 15:30:00-04:00,25.059999465942383,25.059999465942383,24.950000762939453,24.950000762939453,0,0.0,0.0
2023-11-03 09:30:00-04:00,25.0,25.123600006103516,25.0,25.06999969482422,6056,0.0,0.0
2023-11-03 11:30:00-04:00,25.06999969482422,25.110000610351562,25.059999465942383,25.110000610351562,1994,0.0,0.0
2023-11-03 12:30:00-04:00,25.079999923706055,25.079999923706055,25.079999923706055,25.079999923706055,1919,0.0,0.0
2023-11-03 13:30:00-04:00,25.079999923706055,25.1299991607666,25.0,25.0,9094,0.0,0.0
2023-11-03 14:30:00-04:00,25.0,25.08060073852539,24.950000762939453,24.950000762939453,5366,0.0,0.0
2023-11-03 15:30:00-04:00,24.950000762939453,24.950000762939453,24.920000076293945,24.920000076293945,2308,0.0,0.0
2023-11-06 09:30:00-05:00,24.93000030517578,25.110000610351562,24.93000030517578,25.05340003967285,0,0.0,0.0
2023-11-06 10:30:00-05:00,25.079500198364258,25.1200008392334,24.950000762939453,24.950000762939453,4052,0.0,0.0
2023-11-06 11:30:00-05:00,24.950000762939453,25.13949966430664,24.950000762939453,24.959999084472656,2095,0.0,0.0
2023-11-06 12:30:00-05:00,24.959999084472656,25.045000076293945,24.950000762939453,25.0,3276,0.0,0.0
2023-11-06 13:30:00-05:00,25.0,25.077499389648438,24.950000762939453,24.950000762939453,1838,0.0,0.0
2023-11-06 14:30:00-05:00,25.0,25.0,24.969999313354492,25.0,3543,0.0,0.0
2023-11-06 15:30:00-05:00,24.950000762939453,24.950000762939453,24.93000030517578,24.93000030517578,1265,0.0,0.0
2023-11-07 09:30:00-05:00,24.90999984741211,25.039899826049805,24.90999984741211,25.024999618530273,0,0.0,0.0
2023-11-07 10:30:00-05:00,25.024999618530273,25.024999618530273,24.941600799560547,24.941600799560547,1303,0.0,0.0
2023-11-07 11:30:00-05:00,24.99959945678711,24.99959945678711,24.95680046081543,24.95680046081543,1696,0.0,0.0
2023-11-07 12:30:00-05:00,25.010000228881836,25.010000228881836,25.0,25.0,1233,0.0,0.0
2023-11-07 13:30:00-05:00,24.97010040283203,25.010000228881836,24.97010040283203,25.010000228881836,1034,0.0,0.0
2023-11-07 14:30:00-05:00,24.989999771118164,25.019800186157227,24.959999084472656,24.959999084472656,1342,0.0,0.0
2023-11-07 15:30:00-05:00,24.940000534057617,24.940000534057617,24.940000534057617,24.940000534057617,0,0.0,0.0
2023-11-08 09:30:00-05:00,24.969999313354492,24.969999313354492,24.950000762939453,24.950000762939453,1706,0.0,0.0
2023-11-08 10:30:00-05:00,24.950000762939453,24.975000381469727,24.940000534057617,24.940000534057617,3125,0.0,0.0
2023-11-08 11:30:00-05:00,24.950000762939453,25.009899139404297,24.947900772094727,24.950000762939453,5340,0.0,0.0
2023-11-08 12:30:00-05:00,25.009899139404297,25.009899139404297,24.94059944152832,24.950000762939453,1075,0.0,0.0
2023-11-08 13:30:00-05:00,24.975000381469727,24.975000381469727,24.950000762939453,24.950000762939453,3319,0.0,0.0
2023-11-08 14:30:00-05:00,24.950000762939453,25.053800582885742,24.950000762939453,25.010000228881836,34931,0.0,0.0
2023-11-08 15:30:00-05:00,25.010000228881836,25.010000228881836,25.010000228881836,25.010000228881836,233,0.0,0.0
2023-11-09 10:30:00-05:00,25.100000381469727,25.100000381469727,25.100000381469727,25.100000381469727,1151,0.0,0.0
2023-11-09 12:30:00-05:00,25.100000381469727,25.100000381469727,25.030000686645508,25.085599899291992,1678,0.0,0.0
2023-11-09 13:30:00-05:00,25.09000015258789,25.09000015258789,25.010000228881836,25.010000228881836,2641,0.0,0.0
2023-11-09 14:30:00-05:00,25.012500762939453,25.10689926147461,25.012500762939453,25.079999923706055,1971,0.0,0.0
2023-11-09 15:30:00-05:00,25.129899978637695,25.129899978637695,25.129899978637695,25.129899978637695,101,0.0,0.0
2023-11-10 09:30:00-05:00,25.139999389648438,25.139999389648438,25.139999389648438,25.139999389648438,783,0.0,0.0
2023-11-10 11:30:00-05:00,25.200000762939453,25.260000228881836,25.200000762939453,25.260000228881836,2366,0.0,0.0
2023-11-10 13:30:00-05:00,25.246599197387695,25.246599197387695,25.246599197387695,25.246599197387695,304,0.0,0.0
2023-11-10 14:30:00-05:00,25.24690055847168,25.289899826049805,25.24690055847168,25.289899826049805,531,0.0,0.0
2023-11-10 15:30:00-05:00,25.25,25.280000686645508,25.25,25.280000686645508,551,0.0,0.0
2023-11-13 09:30:00-05:00,25.1653995513916,25.290000915527344,25.151399612426758,25.151399612426758,0,0.0,0.0
2023-11-13 10:30:00-05:00,25.15999984741211,25.289899826049805,25.149999618530273,25.200000762939453,4018,0.0,0.0
2023-11-13 11:30:00-05:00,25.2450008392334,25.280000686645508,25.200000762939453,25.200000762939453,2858,0.0,0.0
2023-11-13 12:30:00-05:00,25.290000915527344,25.290000915527344,25.290000915527344,25.290000915527344,234,0.0,0.0
2023-11-13 13:30:00-05:00,25.2450008392334,25.2450008392334,25.20009994506836,25.209999084472656,1106,0.0,0.0
2023-11-13 14:30:00-05:00,25.289899826049805,25.289899826049805,25.200000762939453,25.26609992980957,761,0.0,0.0
2023-11-13 15:30:00-05:00,25.25,25.25,25.25,25.25,729,0.0,0.0
2023-11-14 09:30:00-05:00,25.260000228881836,25.3700008392334,25.260000228881836,25.3700008392334,0,0.0,0.0
2023-11-14 10:30:00-05:00,25.364999771118164,25.364999771118164,25.299999237060547,25.344999313354492,1199,0.0,0.0
2023-11-14 11:30:00-05:00,25.3700008392334,25.3700008392334,25.3700008392334,25.3700008392334,1264,0.0,0.0
2023-11-14 12:30:00-05:00,25.3799991607666,25.389999389648438,25.363500595092773,25.363500595092773,1101,0.0,0.0
2023-11-14 13:30:00-05:00,25.314199447631836,25.314199447631836,25.299999237060547,25.299999237060547,1079,0.0,0.0
2023-11-14 14:30:00-05:00,25.299999237060547,25.389999389648438,25.299999237060547,25.389999389648438,3441,0.0,0.0
2023-11-14 15:30:00-05:00,25.3799991607666,25.389999389648438,25.344999313354492,25.344999313354492,0,0.0,0.0
2023-11-15 09:30:00-05:00,25.354999542236328,25.354999542236328,25.354999542236328,25.354999542236328,375,0.0,0.0
2023-11-15 10:30:00-05:00,25.382999420166016,25.382999420166016,25.382999420166016,25.382999420166016,218,0.0,0.0
2023-11-15 11:30:00-05:00,25.350000381469727,25.350000381469727,25.350000381469727,25.350000381469727,304,0.0,0.0
2023-11-15 12:30:00-05:00,25.3700008392334,25.389999389648438,25.3700008392334,25.389999389648438,663,0.0,0.0
2023-11-15 13:30:00-05:00,25.416000366210938,25.416000366210938,25.416000366210938,25.416000366210938,204,0.0,0.0
2023-11-15 14:30:00-05:00,25.420000076293945,25.42009925842285,25.355600357055664,25.37310028076172,3504,0.0,0.0
2023-11-16 09:30:00-05:00,25.350099563598633,25.420000076293945,25.350099563598633,25.420000076293945,0,0.0,0.0
2023-11-16 10:30:00-05:00,25.350299835205078,25.420000076293945,25.329999923706055,25.329999923706055,3548,0.0,0.0
2023-11-16 11:30:00-05:00,25.34000015258789,25.34000015258789,25.34000015258789,25.34000015258789,310,0.0,0.0
2023-11-16 12:30:00-05:00,25.329999923706055,25.33009910583496,25.329999923706055,25.33009910583496,2436,0.0,0.0
2023-11-16 13:30:00-05:00,25.33009910583496,25.33009910583496,25.329999923706055,25.329999923706055,334,0.0,0.0
2023-11-16 14:30:00-05:00,25.34000015258789,25.401500701904297,25.329999923706055,25.401500701904297,1680,0.0,0.0
2023-11-16 15:30:00-05:00,25.33060073852539,25.385000228881836,25.330400466918945,25.385000228881836,0,0.0,0.0
2023-11-17 09:30:00-05:00,25.397899627685547,25.397899627685547,25.338300704956055,25.338300704956055,1653,0.0,0.0
2023-11-17 10:30:00-05:00,25.370399475097656,25.370399475097656,25.370399475097656,25.370399475097656,680,0.0,0.0
2023-11-17 11:30:00-05:00,25.428800582885742,25.428800582885742,25.428800582885742,25.428800582885742,331,0.0,0.0
2023-11-17 12:30:00-05:00,25.422399520874023,25.43000030517578,25.395000457763672,25.429899215698242,2246,0.0,0.0
2023-11-17 13:30:00-05:00,25.43000030517578,25.440000534057617,25.43000030517578,25.440000534057617,846,0.0,0.0
2023-11-17 14:30:00-05:00,25.479999542236328,25.479999542236328,25.450199127197266,25.450199127197266,2590,0.0,0.0
2023-11-20 09:30:00-05:00,25.459999084472656,25.459999084472656,25.389999389648438,25.389999389648438,806,0.0,0.0
2023-11-20 10:30:00-05:00,25.43000030517578,25.43000030517578,25.43000030517578,25.43000030517578,302,0.0,0.0
2023-11-20 11:30:00-05:00,25.360000610351562,25.450000762939453,25.360000610351562,25.450000762939453,1719,0.0,0.0
2023-11-20 13:30:00-05:00,25.389999389648438,25.389999389648438,25.389999389648438,25.389999389648438,300,0.0,0.0
2023-11-20 14:30:00-05:00,25.410900115966797,25.450000762939453,25.389999389648438,25.43000030517578,1847,0.0,0.0
2023-11-20 15:30:00-05:00,25.44529914855957,25.44529914855957,25.44529914855957,25.44529914855957,316,0.0,0.0
2023-11-21 09:30:00-05:00,25.450000762939453,25.540000915527344,25.450000762939453,25.514999389648438,623,0.0,0.0
2023-11-21 10:30:00-05:00,25.539899826049805,25.540000915527344,25.4950008392334,25.4950008392334,1904,0.0,0.0
2023-11-21 11:30:00-05:00,25.530000686645508,25.530000686645508,25.450000762939453,25.503599166870117,2143,0.0,0.0
2023-11-21 12:30:00-05:00,25.459999084472656,25.459999084472656,25.459999084472656,25.459999084472656,598,0.0,0.0
2023-11-21 13:30:00-05:00,25.5,25.5,25.5,25.5,198,0.0,0.0
2023-11-21 14:30:00-05:00,25.5,25.510000228881836,25.479999542236328,25.479999542236328,3608,0.0,0.0
2023-11-21 15:30:00-05:00,25.5,25.503700256347656,25.5,25.503700256347656,0,0.0,0.0
2023-11-22 09:30:00-05:00,25.530000686645508,25.530000686645508,25.530000686645508,25.530000686645508,278,0.0,0.0
2023-11-22 10:30:00-05:00,25.524999618530273,25.524999618530273,25.524999618530273,25.524999618530273,619,0.0,0.0
2023-11-22 11:30:00-05:00,25.501399993896484,25.549800872802734,25.5,25.5,1699,0.0,0.0
2023-11-22 12:30:00-05:00,25.54990005493164,25.54990005493164,25.54990005493164,25.54990005493164,150,0.0,0.0
2023-11-22 13:30:00-05:00,25.50040054321289,25.50040054321289,25.50040054321289,25.50040054321289,551,0.0,0.0
2023-11-22 14:30:00-05:00,25.530000686645508,25.530000686645508,25.52989959716797,25.52989959716797,623,0.0,0.0
2023-11-22 15:30:00-05:00,25.514999389648438,25.540000915527344,25.514999389648438,25.514999389648438,1500,0.0,0.0
2023-11-24 09:30:00-05:00,25.530000686645508,25.530000686645508,25.530000686645508,25.530000686645508,0,0.0,0.0
2023-11-24 10:30:00-05:00,25.53529930114746,25.549400329589844,25.479999542236328,25.547000885009766,1486,0.0,0.0
2023-11-24 11:30:00-05:00,25.544200897216797,25.544200897216797,25.544200897216797,25.544200897216797,134,0.0,0.0
2023-11-24 12:30:00-05:00,25.54990005493164,25.568599700927734,25.54990005493164,25.568599700927734,0,0.0,0.0
2023-11-27 09:30:00-05:00,25.5,25.5,25.5,25.5,2170,0.0,0.0
2023-11-27 10:30:00-05:00,25.530000686645508,25.569799423217773,25.530000686645508,25.569700241088867,733,0.0,0.0
2023-11-27 11:30:00-05:00,25.530000686645508,25.562400817871094,25.530000686645508,25.562400817871094,2088,0.0,0.0
2023-11-27 12:30:00-05:00,25.561199188232422,25.561199188232422,25.561199188232422,25.561199188232422,1532,0.0,0.0
2023-11-27 13:30:00-05:00,25.56999969482422,25.700000762939453,25.56999969482422,25.639999389648438,3079,0.0,0.0
2023-11-27 14:30:00-05:00,25.670000076293945,25.687700271606445,25.63599967956543,25.673999786376953,2739,0.0,0.0
2023-11-27 15:30:00-05:00,25.649999618530273,25.670000076293945,25.649900436401367,25.670000076293945,1575,0.0,0.0
2023-11-28 09:30:00-05:00,25.610000610351562,25.770000457763672,25.610000610351562,25.729999542236328,0,0.0,0.0
2023-11-28 10:30:00-05:00,25.770000457763672,25.829999923706055,25.75,25.829999923706055,2012,0.0,0.0
2023-11-28 11:30:00-05:00,25.77989959716797,25.77989959716797,25.770000457763672,25.770000457763672,452,0.0,0.0
2023-11-28 12:30:00-05:00,25.795000076293945,25.795000076293945,25.790000915527344,25.790000915527344,1551,0.0,0.0
2023-11-28 13:30:00-05:00,25.790000915527344,25.790000915527344,25.68000030517578,25.700000762939453,2030,0.0,0.0
2023-11-28 14:30:00-05:00,25.700000762939453,25.760000228881836,25.649999618530273,25.670000076293945,8432,0.0,0.0
2023-11-28 15:30:00-05:00,25.709999084472656,25.709999084472656,25.709999084472656,25.709999084472656,0,0.0,0.0
2023-11-29 09:30:00-05:00,25.73979949951172,25.739999771118164,25.73979949951172,25.739999771118164,1023,0.0,0.0
2023-11-29 10:30:00-05:00,25.750099182128906,25.760000228881836,25.75,25.75,718,0.0,0.0
2023-11-29 11:30:00-05:00,25.75,25.75,25.729999542236328,25.729999542236328,845,0.0,0.0
2023-11-29 12:30:00-05:00,25.780000686645508,25.780000686645508,25.780000686645508,25.780000686645508,150,0.0,0.0
2023-11-29 13:30:00-05:00,25.719999313354492,25.850000381469727,25.719999313354492,25.850000381469727,2731,0.0,0.0
2023-11-29 14:30:00-05:00,25.799999237060547,25.850000381469727,25.799999237060547,25.84000015258789,1260,0.0,0.0
2023-11-29 15:30:00-05:00,25.780000686645508,25.829999923706055,25.763599395751953,25.829999923706055,0,0.0,0.0
2023-11-30 09:30:00-05:00,25.31999969482422,25.700000762939453,25.180099487304688,25.700000762939453,27305,0.0,0.0
2023-11-30 10:30:00-05:00,25.600000381469727,25.600000381469727,25.600000381469727,25.600000381469727,1298,0.0,0.0
2023-11-30 11:30:00-05:00,25.540000915527344,25.540000915527344,25.5,25.530000686645508,1242,0.0,0.0
2023-11-30 12:30:00-05:00,25.500499725341797,25.500499725341797,25.1299991607666,25.229999542236328,18109,0.0,0.0
2023-11-30 13:30:00-05:00,25.100000381469727,25.34000015258789,25.100000381469727,25.239999771118164,6163,0.0,0.0
2023-11-30 14:30:00-05:00,25.200000762939453,25.32979965209961,25.170000076293945,25.19499969482422,18469,0.0,0.0
2023-11-30 15:30:00-05:00,25.19379997253418,25.280000686645508,25.106700897216797,25.18000030517578,4929,0.0,0.0
2023-12-01 09:30:00-05:00,25.399999618530273,25.399999618530273,25.399999618530273,25.399999618530273,0,0.0,0.0
2023-12-01 10:30:00-05:00,25.399900436401367,25.399900436401367,25.325000762939453,25.325000762939453,1298,0.0,0.0
2023-12-01 11:30:00-05:00,25.319900512695312,25.319900512695312,25.15999984741211,25.18000030517578,3862,0.0,0.0
2023-12-01 12:30:00-05:00,25.24209976196289,25.24209976196289,25.110000610351562,25.221399307250977,3065,0.0,0.0
2023-12-01 13:30:00-05:00,25.15999984741211,25.3799991607666,25.090099334716797,25.090099334716797,8200,0.0,0.0
2023-12-01 14:30:00-05:00,25.209999084472656,25.25,25.165000915527344,25.165000915527344,1435,0.0,0.0
2023-12-01 15:30:00-05:00,25.20989990234375,25.309999465942383,25.1200008392334,25.309999465942383,4921,0.0,0.0
2023-12-04 09:30:00-05:00,25.11989974975586,25.39859962463379,25.11989974975586,25.39859962463379,0,0.0,0.0
2023-12-04 10:30:00-05:00,25.228700637817383,25.228700637817383,25.228700637817383,25.228700637817383,388,0.0,0.0
2023-12-04 11:30:00-05:00,25.25,25.25,25.25,25.25,418,0.0,0.0
2023-12-04 12:30:00-05:00,25.200000762939453,25.203100204467773,25.146900177001953,25.149999618530273,2509,0.0,0.0
2023-12-04 13:30:00-05:00,25.203800201416016,25.239999771118164,25.149999618530273,25.239999771118164,4188,0.0,0.0
2023-12-04 14:30:00-05:00,25.25,25.329999923706055,25.200000762939453,25.295499801635742,2093,0.0,0.0
2023-12-04 15:30:00-05:00,25.299999237060547,25.329999923706055,25.299999237060547,25.329999923706055,0,0.0,0.0
2023-12-05 09:30:00-05:00,25.31130027770996,25.31130027770996,25.31130027770996,25.31130027770996,145,0.0,0.0
2023-12-05 10:30:00-05:00,25.280000686645508,25.334999084472656,25.280000686645508,25.334999084472656,1264,0.0,0.0
2023-12-05 11:30:00-05:00,25.280000686645508,25.290000915527344,25.260000228881836,25.260000228881836,1803,0.0,0.0
2023-12-05 12:30:00-05:00,25.34000015258789,25.350000381469727,25.329999923706055,25.34000015258789,1412,0.0,0.0
2023-12-05 13:30:00-05:00,25.35919952392578,25.399999618530273,25.260099411010742,25.399999618530273,2032,0.0,0.0
2023-12-05 14:30:00-05:00,25.389999389648438,25.399999618530273,25.374799728393555,25.3799991607666,1455,0.0,0.0
2023-12-05 15:30:00-05:00,25.399999618530273,25.450000762939453,25.388700485229492,25.450000762939453,0,0.0,0.0
2023-12-06 09:30:00-05:00,25.424999237060547,25.424999237060547,25.424999237060547,25.424999237060547,141,0.0,0.0
2023-12-06 10:30:00-05:00,25.459999084472656,25.459999084472656,25.40999984741211,25.43720054626465,1934,0.0,0.0
2023-12-06 11:30:00-05:00,25.434999465942383,25.469999313354492,25.434999465942383,25.440000534057617,1531,0.0,0.0
2023-12-06 12:30:00-05:00,25.457700729370117,25.469999313354492,25.457700729370117,25.469999313354492,699,0.0,0.0
2023-12-06 13:30:00-05:00,25.469999313354492,25.469999313354492,25.469999313354492,25.469999313354492,301,0.0,0.0
2023-12-06 14:30:00-05:00,25.469999313354492,25.469999313354492,25.40999984741211,25.450000762939453,1968,0.0,0.0
2023-12-06 15:30:00-05:00,25.469999313354492,25.530000686645508,25.469999313354492,25.530000686645508,998,0.0,0.0
2023-12-07 09:30:00-05:00,25.540000915527344,25.549999237060547,25.5049991607666,25.549999237060547,0,0.0,0.0
2023-12-07 10:30:00-05:00,25.639999389648438,25.639999389648438,25.43239974975586,25.5,2219,0.0,0.0
2023-12-07 11:30:00-05:00,25.5,25.610000610351562,25.5,25.604000091552734,3537,0.0,0.0
2023-12-07 12:30:00-05:00,25.507600784301758,25.56679916381836,25.507600784301758,25.55500030517578,1041,0.0,0.0
2023-12-07 13:30:00-05:00,25.549999237060547,25.639999389648438,25.549999237060547,25.559999465942383,4638,0.0,0.0
2023-12-07 15:30:00-05:00,25.579999923706055,25.635000228881836,25.579999923706055,25.635000228881836,969,0.0,0.0
2023-12-08 09:30:00-05:00,25.329999923706055,25.483999252319336,25.329999923706055,25.450000762939453,0,0.0,0.0
2023-12-08 10:30:00-05:00,25.356199264526367,25.611799240112305,25.356199264526367,25.611799240112305,1658,0.0,0.0
2023-12-08 11:30:00-05:00,25.450000762939453,25.489999771118164,25.350000381469727,25.450000762939453,2636,0.0,0.0
2023-12-08 12:30:00-05:00,25.489999771118164,25.59000015258789,25.489999771118164,25.59000015258789,1111,0.0,0.0
2023-12-08 13:30:00-05:00,25.422800064086914,25.510000228881836,25.40999984741211,25.510000228881836,1429,0.0,0.0
2023-12-08 14:30:00-05:00,25.579999923706055,25.59000015258789,25.530000686645508,25.530000686645508,1380,0.0,0.0
2023-12-08 15:30:00-05:00,25.559999465942383,25.6299991607666,25.559999465942383,25.6299991607666,1410,0.0,0.0
2023-12-11 09:30:00-05:00,25.485000610351562,25.485000610351562,25.485000610351562,25.485000610351562,0,0.0,0.0
2023-12-11 10:30:00-05:00,25.56999969482422,25.56999969482422,25.524999618530273,25.524999618530273,562,0.0,0.0
2023-12-11 11:30:00-05:00,25.470199584960938,25.58989906311035,25.470199584960938,25.58989906311035,938,0.0,0.0
2023-12-11 12:30:00-05:00,25.59000015258789,25.59000015258789,25.59000015258789,25.59000015258789,326,0.0,0.0
2023-12-11 13:30:00-05:00,25.59000015258789,25.59000015258789,25.524999618530273,25.524999618530273,1575,0.0,0.0
2023-12-11 14:30:00-05:00,25.524999618530273,25.56760025024414,25.5044002532959,25.5044002532959,0,0.0,0.0
2023-12-12 09:30:00-05:00,25.535999298095703,25.535999298095703,25.535999298095703,25.535999298095703,364,0.0,0.0
2023-12-12 10:30:00-05:00,25.537500381469727,25.645000457763672,25.537500381469727,25.60110092163086,844,0.0,0.0
2023-12-12 11:30:00-05:00,25.645000457763672,25.770000457763672,25.520099639892578,25.649999618530273,8393,0.0,0.0
2023-12-12 12:30:00-05:00,25.56999969482422,25.639999389648438,25.559999465942383,25.600000381469727,2968,0.0,0.0
2023-12-12 13:30:00-05:00,25.607900619506836,25.719999313354492,25.43000030517578,25.626699447631836,1081,0.0,0.0
2023-12-12 14:30:00-05:00,25.54949951171875,25.610000610351562,25.544300079345703,25.544300079345703,0,0.0,0.0
2023-12-13 09:30:00-05:00,25.670000076293945,25.670000076293945,25.670000076293945,25.670000076293945,455,0.0,0.0
2023-12-13 10:30:00-05:00,25.584999084472656,25.584999084472656,25.427799224853516,25.427799224853516,1249,0.0,0.0
2023-12-13 11:30:00-05:00,25.716299057006836,25.716299057006836,25.600000381469727,25.649999618530273,3577,0.0,0.0
2023-12-13 12:30:00-05:00,25.735200881958008,25.735200881958008,25.735200881958008,25.735200881958008,202,0.0,0.0
2023-12-13 13:30:00-05:00,25.6200008392334,25.6200008392334,25.6200008392334,25.6200008392334,1085,0.0,0.0
2023-12-13 14:30:00-05:00,25.615999221801758,25.719999313354492,25.526599884033203,25.70870018005371,2772,0.0,0.0
2023-12-13 15:30:00-05:00,25.719999313354492,25.770000457763672,25.719999313354492,25.770000457763672,635,0.0,0.0
2023-12-14 09:30:00-05:00,25.760000228881836,25.760000228881836,25.760000228881836,25.760000228881836,0,0.0,0.0
2023-12-14 10:30:00-05:00,25.700000762939453,25.700000762939453,25.670000076293945,25.670000076293945,2414,0.0,0.0
2023-12-14 11:30:00-05:00,25.716899871826172,25.716899871826172,25.690000534057617,25.700000762939453,1082,0.0,0.0
2023-12-14 12:30:00-05:00,25.770000457763672,25.770000457763672,25.770000457763672,25.770000457763672,528,0.0,0.0
2023-12-14 13:30:00-05:00,25.690000534057617,25.770000457763672,25.68000030517578,25.710500717163086,2138,0.0,0.0
2023-12-14 14:30:00-05:00,25.742900848388672,25.770000457763672,25.719999313354492,25.770000457763672,1098,0.0,0.0
2023-12-15 09:30:00-05:00,25.760000228881836,25.760000228881836,25.682600021362305,25.682600021362305,0,0.0,0.0
2023-12-15 10:30:00-05:00,25.68000030517578,25.68000030517578,25.65999984741211,25.65999984741211,0,0.0,0.0
2023-12-15 11:30:00-05:00,25.770000457763672,25.770000457763672,25.618200302124023,25.70400047302246,4977,0.0,0.0
2023-12-15 12:30:00-05:00,25.700000762939453,25.700000762939453,25.590099334716797,25.653400421142578,961,0.0,0.0
2023-12-15 13:30:00-05:00,25.739999771118164,25.760000228881836,25.739999771118164,25.74679946899414,1021,0.0,0.0
2023-12-15 14:30:00-05:00,25.75830078125,25.75830078125,25.59000015258789,25.59000015258789,2427,0.0,0.0
2023-12-18 11:30:00-05:00,25.549999237060547,25.679000854492188,25.549999237060547,25.679000854492188,2018,0.0,0.0
2023-12-18 12:30:00-05:00,25.520000457763672,25.628999710083008,25.5,25.611600875854492,2113,0.0,0.0
2023-12-18 13:30:00-05:00,25.50790023803711,25.50790023803711,25.50790023803711,25.50790023803711,640,0.0,0.0
2023-12-18 14:30:00-05:00,25.59000015258789,25.59000015258789,25.56999969482422,25.59000015258789,490,0.0,0.0
2023-12-18 15:30:00-05:00,25.59000015258789,25.59000015258789,25.59000015258789,25.59000015258789,0,0.0,0.0
2023-12-19 09:30:00-05:00,25.65999984741211,25.757200241088867,25.65999984741211,25.757200241088867,1298,0.0,0.0
2023-12-19 10:30:00-05:00,25.741899490356445,25.75,25.741899490356445,25.75,637,0.0,0.0
2023-12-19 11:30:00-05:00,25.769100189208984,25.769100189208984,25.549999237060547,25.549999237060547,2438,0.0,0.0
2023-12-19 12:30:00-05:00,25.649999618530273,25.649999618530273,25.625,25.625,1433,0.0,0.0
2023-12-19 13:30:00-05:00,25.600000381469727,25.600000381469727,25.520000457763672,25.568599700927734,2389,0.0,0.0
2023-12-19 14:30:00-05:00,25.560800552368164,25.579999923706055,25.560800552368164,25.579999923706055,1079,0.0,0.0
2023-12-19 15:30:00-05:00,25.600000381469727,25.600000381469727,25.559999465942383,25.559999465942383,986,0.0,0.0
2023-12-20 09:30:00-05:00,25.600000381469727,25.600000381469727,25.520000457763672,25.530000686645508,7973,0.0,0.0
2023-12-20 10:30:00-05:00,25.579999923706055,25.600000381469727,25.520000457763672,25.520000457763672,1431,0.0,0.0
2023-12-20 11:30:00-05:00,25.520000457763672,25.56999969482422,25.489999771118164,25.5,4830,0.0,0.0
2023-12-20 12:30:00-05:00,25.5,25.54949951171875,25.47800064086914,25.5,5559,0.0,0.0
2023-12-20 13:30:00-05:00,25.5,25.549999237060547,25.5,25.5049991607666,2527,0.0,0.0
2023-12-20 14:30:00-05:00,25.506200790405273,25.533700942993164,25.5,25.5,3282,0.0,0.0
2023-12-20 15:30:00-05:00,25.5,25.5,25.469999313354492,25.489999771118164,0,0.0,0.0
2023-12-21 09:30:00-05:00,25.520000457763672,25.520000457763672,25.520000457763672,25.520000457763672,1529,0.0,0.0
2023-12-21 10:30:00-05:00,25.530000686645508,25.540000915527344,25.530000686645508,25.540000915527344,547,0.0,0.0
2023-12-21 11:30:00-05:00,25.530000686645508,25.600000381469727,25.489999771118164,25.489999771118164,3863,0.0,0.0
2023-12-21 12:30:00-05:00,25.540700912475586,25.600000381469727,25.489999771118164,25.598800659179688,2625,0.0,0.0
2023-12-21 13:30:00-05:00,25.540000915527344,25.562999725341797,25.479999542236328,25.562999725341797,1716,0.0,0.0
2023-12-21 14:30:00-05:00,25.549999237060547,25.559999465942383,25.549999237060547,25.559999465942383,1492,0.0,0.0
2023-12-21 15:30:00-05:00,25.549999237060547,25.600000381469727,25.549999237060547,25.600000381469727,0,0.0,0.0
2023-12-22 10:30:00-05:00,25.540000915527344,25.600000381469727,25.5,25.600000381469727,1876,0.0,0.0
2023-12-22 11:30:00-05:00,25.531200408935547,25.531200408935547,25.531200408935547,25.531200408935547,540,0.0,0.0
2023-12-22 12:30:00-05:00,25.540000915527344,25.540000915527344,25.5,25.5,374,0.0,0.0
2023-12-22 13:30:00-05:00,25.5,25.5,25.5,25.5,997,0.0,0.0
2023-12-22 14:30:00-05:00,25.5,25.541200637817383,25.459999084472656,25.5,4035,0.0,0.0
2023-12-22 15:30:00-05:00,25.559999465942383,25.600000381469727,25.530000686645508,25.569499969482422,1922,0.0,0.0
2023-12-26 09:30:00-05:00,25.500099182128906,25.500099182128906,25.5,25.5,0,0.0,0.0
2023-12-26 10:30:00-05:00,25.53660011291504,25.53660011291504,25.520000457763672,25.524999618530273,3078,0.0,0.0
2023-12-26 11:30:00-05:00,25.585899353027344,25.585899353027344,25.510000228881836,25.520000457763672,1440,0.0,0.0
2023-12-26 12:30:00-05:00,25.520000457763672,25.539899826049805,25.5,25.5,2572,0.0,0.0
2023-12-26 13:30:00-05:00,25.5,25.5,25.5,25.5,554,0.0,0.0
2023-12-26 14:30:00-05:00,25.5851993560791,25.5851993560791,25.549999237060547,25.549999237060547,471,0.0,0.0
2023-12-26 15:30:00-05:00,25.520000457763672,25.549999237060547,25.520000457763672,25.549999237060547,0,0.0,0.0
2023-12-27 09:30:00-05:00,25.600000381469727,25.600000381469727,25.599899291992188,25.599899291992188,2275,0.0,0.0
2023-12-27 10:30:00-05:00,25.543899536132812,25.543899536132812,25.543899536132812,25.543899536132812,347,0.0,0.0
2023-12-27 11:30:00-05:00,25.559999465942383,25.559999465942383,25.55500030517578,25.55500030517578,1016,0.0,0.0
2023-12-27 12:30:00-05:00,25.549999237060547,25.559999465942383,25.549999237060547,25.559900283813477,2526,0.0,0.0
2023-12-27 13:30:00-05:00,25.55500030517578,25.559999465942383,25.549999237060547,25.559900283813477,2745,0.0,0.0
2023-12-27 14:30:00-05:00,25.559600830078125,25.559600830078125,25.559600830078125,25.559600830078125,287,0.0,0.0
2023-12-27 15:30:00-05:00,25.559999465942383,25.559999465942383,25.559999465942383,25.559999465942383,0,0.0,0.0
2023-12-28 09:30:00-05:00,25.510000228881836,25.58970069885254,25.510000228881836,25.559999465942383,2652,0.0,0.0
2023-12-28 11:30:00-05:00,25.535900115966797,25.56999969482422,25.510000228881836,25.56999969482422,930,0.0,0.0
2023-12-28 12:30:00-05:00,25.520000457763672,25.520000457763672,25.520000457763672,25.520000457763672,414,0.0,0.0
2023-12-28 13:30:00-05:00,25.530000686645508,25.530000686645508,25.530000686645508,25.530000686645508,289,0.0,0.0
2023-12-28 14:30:00-05:00,25.559999465942383,25.56999969482422,25.559999465942383,25.56999969482422,1346,0.0,0.0
2023-12-28 15:30:00-05:00,25.56999969482422,25.56999969482422,25.532400131225586,25.532400131225586,0,0.0,0.0
2023-12-29 09:30:00-05:00,25.582000732421875,25.582000732421875,25.582000732421875,25.582000732421875,554,0.0,0.0
2023-12-29 10:30:00-05:00,25.581300735473633,25.59000015258789,25.454999923706055,25.499900817871094,5583,0.0,0.0
2023-12-29 11:30:00-05:00,25.469499588012695,25.479999542236328,25.459999084472656,25.459999084472656,611,0.0,0.0
2023-12-29 12:30:00-05:00,25.459999084472656,25.459999084472656,25.399999618530273,25.399999618530273,3669,0.0,0.0
2023-12-29 13:30:00-05:00,25.350000381469727,25.399999618530273,25.350000381469727,25.399999618530273,613,0.0,0.0
2023-12-29 14:30:00-05:00,25.360000610351562,25.3799991607666,25.350000381469727,25.3799991607666,2780,0.0,0.0
2023-12-29 15:30:00-05:00,25.3799991607666,25.40959930419922,25.350000381469727,25.350000381469727,2636,0.0,0.0
2024-01-02 09:30:00-05:00,25.389999389648438,25.448200225830078,25.389999389648438,25.448200225830078,0,0.0,0.0
2024-01-02 10:30:00-05:00,25.399999618530273,25.399999618530273,25.399999618530273,25.399999618530273,657,0.0,0.0
2024-01-02 11:30:00-05:00,25.43000030517578,25.45479965209961,25.41010093688965,25.45479965209961,1247,0.0,0.0
2024-01-02 12:30:00-05:00,25.40999984741211,25.40999984741211,25.403200149536133,25.403200149536133,846,0.0,0.0
2024-01-02 13:30:00-05:00,25.40999984741211,25.420000076293945,25.399999618530273,25.420000076293945,1408,0.0,0.0
2024-01-02 14:30:00-05:00,25.399999618530273,25.479900360107422,25.399999618530273,25.40250015258789,4396,0.0,0.0
2024-01-02 15:30:00-05:00,25.3700008392334,25.389999389648438,25.3700008392334,25.389999389648438,319,0.0,0.0
2024-01-03 09:30:00-05:00,25.209999084472656,25.388599395751953,25.209999084472656,25.229999542236328,0,0.0,0.0
2024-01-03 10:30:00-05:00,25.15999984741211,25.290000915527344,25.149999618530273,25.190000534057617,7052,0.0,0.0
2024-01-03 11:30:00-05:00,25.347000122070312,25.347000122070312,25.31220054626465,25.31220054626465,485,0.0,0.0
2024-01-03 12:30:00-05:00,25.399999618530273,25.479999542236328,25.399999618530273,25.420000076293945,1504,0.0,0.0
2024-01-03 13:30:00-05:00,25.420000076293945,25.420000076293945,25.420000076293945,25.420000076293945,581,0.0,0.0
2024-01-03 14:30:00-05:00,25.420000076293945,25.479999542236328,25.33679962158203,25.479999542236328,9920,0.0,0.0
2024-01-03 15:30:00-05:00,25.3799991607666,25.420000076293945,25.350000381469727,25.350000381469727,6096,0.0,0.0
2024-01-04 09:30:00-05:00,25.299999237060547,25.510000228881836,25.299999237060547,25.450000762939453,0,0.0,0.0
2024-01-04 10:30:00-05:00,25.399999618530273,25.399999618530273,25.274999618530273,25.290000915527344,16788,0.0,0.0
2024-01-04 11:30:00-05:00,25.290000915527344,25.290000915527344,25.270000457763672,25.270000457763672,3370,0.0,0.0
2024-01-04 12:30:00-05:00,25.280000686645508,25.290000915527344,25.280000686645508,25.290000915527344,2498,0.0,0.0
2024-01-04 13:30:00-05:00,25.290000915527344,25.3799991607666,25.28499984741211,25.290000915527344,5854,0.0,0.0
2024-01-04 14:30:00-05:00,25.399999618530273,25.399999618530273,25.29010009765625,25.29010009765625,1379,0.0,0.0
2024-01-04 15:30:00-05:00,25.31999969482422,25.31999969482422,25.31999969482422,25.31999969482422,0,0.0,0.0
2024-01-05 10:30:00-05:00,25.37929916381836,25.37929916381836,25.335599899291992,25.3700008392334,686,0.0,0.0
2024-01-05 11:30:00-05:00,25.375,25.375,25.329599380493164,25.375,1568,0.0,0.0
2024-01-05 12:30:00-05:00,25.31999969482422,25.43000030517578,25.31999969482422,25.36549949645996,1710,0.0,0.0
2024-01-05 13:30:00-05:00,25.385000228881836,25.440000534057617,25.350000381469727,25.350000381469727,6696,0.0,0.0
2024-01-05 14:30:00-05:00,25.469999313354492,25.469999313354492,25.469999313354492,25.469999313354492,784,0.0,0.0
2024-01-05 15:30:00-05:00,25.469999313354492,25.489999771118164,25.469999313354492,25.489999771118164,1004,0.0,0.0
2024-01-08 09:30:00-05:00,25.489900588989258,25.489900588989258,25.489900588989258,25.489900588989258,0,0.0,0.0
2024-01-08 10:30:00-05:00,25.48189926147461,25.48189926147461,25.440500259399414,25.440500259399414,1360,0.0,0.0
2024-01-08 11:30:00-05:00,25.440000534057617,25.46500015258789,25.440000534057617,25.46500015258789,1966,0.0,0.0
2024-01-08 12:30:00-05:00,25.46500015258789,25.46500015258789,25.46500015258789,25.46500015258789,812,0.0,0.0
2024-01-08 13:30:00-05:00,25.469999313354492,25.469999313354492,25.440000534057617,25.440000534057617,3094,0.0,0.0
2024-01-08 14:30:00-05:00,25.440000534057617,25.440000534057617,25.360000610351562,25.360000610351562,0,0.0,0.0
2024-01-09 09:30:00-05:00,25.3700008392334,25.3799991607666,25.3700008392334,25.3799991607666,1162,0.0,0.0
2024-01-09 10:30:00-05:00,25.3700008392334,25.3700008392334,25.31999969482422,25.31999969482422,605,0.0,0.0
2024-01-09 11:30:00-05:00,25.3700008392334,25.3700008392334,25.360000610351562,25.3700008392334,2639,0.0,0.0
2024-01-09 12:30:00-05:00,25.3700008392334,25.3700008392334,25.360000610351562,25.3700008392334,1184,0.0,0.0
2024-01-09 13:30:00-05:00,25.36989974975586,25.3700008392334,25.360000610351562,25.3700008392334,2775,0.0,0.0
2024-01-09 14:30:00-05:00,25.360000610351562,25.360000610351562,25.360000610351562,25.360000610351562,166,0.0,0.0
2024-01-09 15:30:00-05:00,25.3700008392334,25.3700008392334,25.3700008392334,25.3700008392334,899,0.0,0.0
2024-01-10 09:30:00-05:00,25.41200065612793,25.548999786376953,25.41200065612793,25.548999786376953,0,0.0,0.0
2024-01-10 10:30:00-05:00,25.552600860595703,25.600000381469727,25.547000885009766,25.584800720214844,21781,0.0,0.0
2024-01-10 11:30:00-05:00,25.579999923706055,25.59000015258789,25.579999923706055,25.59000015258789,3760,0.0,0.0
2024-01-10 12:30:00-05:00,25.59000015258789,25.59000015258789,25.59000015258789,25.59000015258789,10041,0.0,0.0
2024-01-10 13:30:00-05:00,25.600000381469727,25.600000381469727,25.59000015258789,25.59000015258789,27192,0.0,0.0
2024-01-10 14:30:00-05:00,25.600000381469727,25.600000381469727,25.59000015258789,25.59000015258789,3095,0.0,0.0
2024-01-10 15:30:00-05:00,25.559999465942383,25.600000381469727,25.559999465942383,25.590099334716797,0,0.0,0.0
2024-01-11 10:30:00-05:00,25.53499984741211,25.53499984741211,25.53499984741211,25.53499984741211,802,0.0,0.0
2024-01-11 12:30:00-05:00,25.489999771118164,25.489999771118164,25.399999618530273,25.399999618530273,5929,0.0,0.0
2024-01-11 13:30:00-05:00,25.360000610351562,25.360000610351562,25.360000610351562,25.360000610351562,526,0.0,0.0
2024-01-11 14:30:00-05:00,25.38599967956543,25.43670082092285,25.381500244140625,25.43670082092285,709,0.0,0.0
2024-01-11 15:30:00-05:00,25.439899444580078,25.439899444580078,25.420000076293945,25.420000076293945,587,0.0,0.0
2024-01-12 09:30:00-05:00,25.3700008392334,25.61750030517578,25.3700008392334,25.48900032043457,0,0.0,0.0
2024-01-12 10:30:00-05:00,25.459999084472656,25.530000686645508,25.399999618530273,25.530000686645508,2335,0.0,0.0
2024-01-12 11:30:00-05:00,25.399999618530273,25.49970054626465,25.399999618530273,25.460800170898438,2117,0.0,0.0
2024-01-12 12:30:00-05:00,25.415700912475586,25.415700912475586,25.415700912475586,25.415700912475586,218,0.0,0.0
2024-01-12 13:30:00-05:00,25.49920082092285,25.5,25.49920082092285,25.5,752,0.0,0.0
2024-01-12 14:30:00-05:00,25.52989959716797,25.530000686645508,25.42009925842285,25.518600463867188,4096,0.0,0.0
2024-01-12 15:30:00-05:00,25.459999084472656,25.459999084472656,25.459999084472656,25.459999084472656,209,0.0,0.0
2024-01-16 09:30:00-05:00,25.5,25.619600296020508,25.5,25.619600296020508,12193,0.0,0.0
2024-01-16 10:30:00-05:00,25.6299991607666,25.639999389648438,25.592300415039062,25.600200653076172,3796,0.0,0.0
2024-01-16 11:30:00-05:00,25.600000381469727,25.600000381469727,25.600000381469727,25.600000381469727,31842,0.0,0.0
2024-01-16 12:30:00-05:00,25.600000381469727,25.620100021362305,25.600000381469727,25.6200008392334,2414,0.0,0.0
2024-01-16 13:30:00-05:00,25.60409927368164,25.6299991607666,25.59000015258789,25.59000015258789,8691,0.0,0.0
2024-01-16 14:30:00-05:00,25.59000015258789,25.60379981994629,25.59000015258789,25.590099334716797,35493,0.0,0.0
2024-01-16 15:30:00-05:00,25.610000610351562,25.613500595092773,25.600000381469727,25.600000381469727,0,0.0,0.0
2024-01-17 09:30:00-05:00,25.567699432373047,25.616100311279297,25.567699432373047,25.616100311279297,974,0.0,0.0
2024-01-17 10:30:00-05:00,25.6299991607666,25.73419952392578,25.6299991607666,25.719999313354492,6887,0.0,0.0
2024-01-17 11:30:00-05:00,25.73349952697754,25.75,25.711999893188477,25.740299224853516,9629,0.0,0.0
2024-01-17 12:30:00-05:00,25.739999771118164,25.739999771118164,25.739999771118164,25.739999771118164,608,0.0,0.0
2024-01-17 13:30:00-05:00,25.75,25.75,25.649999618530273,25.720699310302734,340115,0.0,0.0
2024-01-17 14:30:00-05:00,25.729999542236328,25.799999237060547,25.719999313354492,25.799999237060547,28972,0.0,0.0
2024-01-17 15:30:00-05:00,25.780000686645508,25.889999389648438,25.75,25.8799991607666,7182,0.0,0.0
2024-01-18 09:30:00-05:00,25.940000534057617,25.940000534057617,25.80500030517578,25.80500030517578,0,0.0,0.0
2024-01-18 10:30:00-05:00,25.899999618530273,25.940000534057617,25.899999618530273,25.940000534057617,1596,0.0,0.0
2024-01-18 11:30:00-05:00,25.950000762939453,25.951200485229492,25.940000534057617,25.950000762939453,2326,0.0,0.0
2024-01-18 12:30:00-05:00,25.940000534057617,25.94499969482422,25.920000076293945,25.940000534057617,3467,0.0,0.0
2024-01-18 13:30:00-05:00,25.940000534057617,25.950000762939453,25.920000076293945,25.920000076293945,3653,0.0,0.0
2024-01-18 14:30:00-05:00,25.920000076293945,25.940000534057617,25.920000076293945,25.940000534057617,8519,0.0,0.0
2024-01-18 15:30:00-05:00,25.950000762939453,25.950000762939453,25.940000534057617,25.940000534057617,15262,0.0,0.0
2024-01-19 09:30:00-05:00,25.734500885009766,25.734500885009766,25.690000534057617,25.690000534057617,885,0.0,0.0
2024-01-19 10:30:00-05:00,25.729999542236328,25.729999542236328,25.729900360107422,25.729999542236328,6474,0.0,0.0
2024-01-19 11:30:00-05:00,25.854999542236328,25.854999542236328,25.854999542236328,25.854999542236328,626,0.0,0.0
2024-01-19 12:30:00-05:00,25.920000076293945,25.920000076293945,25.889999389648438,25.889999389648438,2851,0.0,0.0
2024-01-19 13:30:00-05:00,25.854999542236328,25.854999542236328,25.854999542236328,25.854999542236328,612,0.0,0.0
2024-01-19 14:30:00-05:00,25.95800018310547,25.95800018310547,25.860000610351562,25.860000610351562,2073,0.0,0.0
2024-01-22 09:30:00-05:00,25.959999084472656,26.0,25.959999084472656,26.0,2805,0.0,0.0
2024-01-22 10:30:00-05:00,26.1200008392334,26.1200008392334,25.92009925842285,25.92009925842285,3301,0.0,0.0
2024-01-22 11:30:00-05:00,26.079999923706055,26.1200008392334,26.079999923706055,26.11989974975586,5247,0.0,0.0
2024-01-22 13:30:00-05:00,26.01099967956543,26.04050064086914,26.01099967956543,26.04050064086914,1937,0.0,0.0
2024-01-22 14:30:00-05:00,26.110000610351562,26.110000610351562,26.101499557495117,26.101499557495117,911,0.0,0.0
2024-01-22 15:30:00-05:00,26.11989974975586,26.11989974975586,26.010000228881836,26.010000228881836,891,0.0,0.0
2024-01-23 09:30:00-05:00,25.920000076293945,26.302000045776367,25.920000076293945,25.940099716186523,9918,0.0,0.0
2024-01-23 11:30:00-05:00,26.228700637817383,26.228700637817383,25.940099716186523,26.094999313354492,3358,0.0,0.0
2024-01-23 12:30:00-05:00,26.170000076293945,26.420000076293945,26.170000076293945,26.396099090576172,16278,0.0,0.0
2024-01-23 13:30:00-05:00,26.395000457763672,26.40999984741211,26.38010025024414,26.409500122070312,11131,0.0,0.0
2024-01-23 14:30:00-05:00,26.396299362182617,26.41950035095215,26.389999389648438,26.399999618530273,4746,0.0,0.0
2024-01-23 15:30:00-05:00,26.389999389648438,26.409000396728516,26.389999389648438,26.39080047607422,0,0.0,0.0
2024-01-24 09:30:00-05:00,26.234699249267578,26.234699249267578,26.234699249267578,26.234699249267578,465,0.0,0.0
2024-01-24 10:30:00-05:00,26.199899673461914,26.450000762939453,26.199899673461914,26.450000762939453,5134,0.0,0.0
2024-01-24 11:30:00-05:00,26.450000762939453,26.649900436401367,26.449899673461914,26.649900436401367,6216,0.0,0.0
2024-01-24 12:30:00-05:00,26.6299991607666,26.65999984741211,26.54599952697754,26.65999984741211,5300,0.0,0.0
2024-01-24 13:30:00-05:00,26.690000534057617,26.760000228881836,26.516399383544922,26.700000762939453,5597,0.0,0.0
2024-01-24 14:30:00-05:00,26.709999084472656,26.836000442504883,26.641700744628906,26.809999465942383,4188,0.0,0.0
2024-01-24 15:30:00-05:00,26.770000457763672,26.790000915527344,26.770000457763672,26.790000915527344,1768,0.0,0.0
2024-01-25 09:30:00-05:00,26.610000610351562,26.610000610351562,26.139999389648438,26.600000381469727,0,0.0,0.0
2024-01-25 11:30:00-05:00,26.700000762939453,26.860000610351562,26.68000030517578,26.850000381469727,6648,0.0,0.0
2024-01-25 12:30:00-05:00,26.850000381469727,26.90239906311035,26.825000762939453,26.90239906311035,5545,0.0,0.0
2024-01-25 13:30:00-05:00,26.889999389648438,26.950000762939453,26.889999389648438,26.90839958190918,528,0.0,0.0
2024-01-25 14:30:00-05:00,26.950000762939453,27.09000015258789,26.950000762939453,27.050899505615234,4927,0.0,0.0
2024-01-25 15:30:00-05:00,27.000099182128906,27.000099182128906,27.000099182128906,27.000099182128906,0,0.0,0.0
2024-01-26 09:30:00-05:00,26.920000076293945,26.920000076293945,26.51490020751953,26.729999542236328,1248,0.0,0.0
2024-01-26 10:30:00-05:00,26.889999389648438,27.225000381469727,26.889999389648438,27.225000381469727,4179,0.0,0.0
2024-01-26 11:30:00-05:00,27.440000534057617,27.440000534057617,27.295000076293945,27.3257999420166,1766,0.0,0.0
2024-01-26 12:30:00-05:00,27.270000457763672,27.399999618530273,27.270000457763672,27.346099853515625,5328,0.0,0.0
2024-01-26 13:30:00-05:00,27.290000915527344,27.31999969482422,27.290000915527344,27.29010009765625,3195,0.0,0.0
2024-01-26 14:30:00-05:00,27.290000915527344,27.30500030517578,27.225000381469727,27.225000381469727,3256,0.0,0.0
2024-01-26 15:30:00-05:00,27.235000610351562,27.239999771118164,27.200000762939453,27.200000762939453,12004,0.0,0.0
2024-01-29 09:30:00-05:00,27.049999237060547,27.26219940185547,26.899999618530273,27.26219940185547,0,0.0,0.0
2024-01-29 10:30:00-05:00,27.229999542236328,27.510000228881836,27.229999542236328,27.500099182128906,18228,0.0,0.0
2024-01-29 11:30:00-05:00,27.500999450683594,27.649999618530273,27.5,27.649999618530273,2968,0.0,0.0
2024-01-29 12:30:00-05:00,27.649999618530273,27.673599243164062,27.59000015258789,27.59000015258789,26357,0.0,0.0
2024-01-29 13:30:00-05:00,27.59469985961914,27.670000076293945,27.59000015258789,27.59000015258789,6735,0.0,0.0
2024-01-29 14:30:00-05:00,27.66990089416504,27.66990089416504,27.59000015258789,27.59000015258789,3279,0.0,0.0
2024-01-29 15:30:00-05:00,27.59000015258789,27.600000381469727,27.59000015258789,27.59000015258789,2678,0.0,0.0
2024-01-30 09:30:00-05:00,27.292299270629883,27.292299270629883,27.292299270629883,27.292299270629883,366,0.0,0.0
2024-01-30 10:30:00-05:00,27.308900833129883,27.420000076293945,27.30660057067871,27.350000381469727,3280,0.0,0.0
2024-01-30 11:30:00-05:00,27.299999237060547,27.350000381469727,27.110000610351562,27.302000045776367,1390,0.0,0.0
2024-01-30 12:30:00-05:00,27.33989906311035,27.33989906311035,27.06999969482422,27.06999969482422,1660,0.0,0.0
2024-01-30 13:30:00-05:00,27.165000915527344,27.200000762939453,27.110000610351562,27.110000610351562,1391,0.0,0.0
2024-01-30 14:30:00-05:00,27.170000076293945,27.256500244140625,27.149999618530273,27.15559959411621,2079,0.0,0.0
2024-01-31 09:30:00-05:00,27.030000686645508,27.040000915527344,26.899999618530273,27.040000915527344,0,0.0,0.0
2024-01-31 10:30:00-05:00,27.079999923706055,27.110000610351562,27.059999465942383,27.059999465942383,1553,0.0,0.0
2024-01-31 11:30:00-05:00,27.059999465942383,27.229900360107422,26.256900787353516,26.256900787353516,5511,0.0,0.0
2024-01-31 12:30:00-05:00,26.329999923706055,26.639999389648438,26.329999923706055,26.440000534057617,2816,0.0,0.0
2024-01-31 13:30:00-05:00,26.440000534057617,26.607099533081055,26.15999984741211,26.15999984741211,3913,0.0,0.0
2024-01-31 14:30:00-05:00,26.170000076293945,26.170000076293945,25.860000610351562,26.09000015258789,15876,0.0,0.0
2024-01-31 15:30:00-05:00,25.959999084472656,26.3700008392334,25.899999618530273,25.959999084472656,15749,0.0,0.0
2024-02-01 09:30:00-05:00,26.280000686645508,26.850799560546875,26.280000686645508,26.600000381469727,11352,0.0,0.0
2024-02-01 10:30:00-05:00,26.550899505615234,26.594999313354492,26.0,26.100000381469727,8385,0.0,0.0
2024-02-01 11:30:00-05:00,26.100000381469727,26.351699829101562,25.920000076293945,26.351699829101562,8000,0.0,0.0
2024-02-01 12:30:00-05:00,26.420000076293945,26.424999237060547,26.3799991607666,26.3799991607666,768,0.0,0.0
2024-02-01 13:30:00-05:00,26.4601993560791,26.552799224853516,26.444299697875977,26.444299697875977,941,0.0,0.0
2024-02-01 14:30:00-05:00,26.399999618530273,26.585500717163086,26.329099655151367,26.56999969482422,2633,0.0,0.0
2024-02-01 15:30:00-05:00,26.280000686645508,26.40999984741211,26.280000686645508,26.40999984741211,1119,0.0,0.0
2024-02-02 09:30:00-05:00,26.31999969482422,26.639999389648438,26.299999237060547,26.424999237060547,3298,0.0,0.0
2024-02-02 10:30:00-05:00,26.455299377441406,26.549999237060547,26.31130027770996,26.549999237060547,1972,0.0,0.0
2024-02-02 11:30:00-05:00,26.479999542236328,26.479999542236328,26.350000381469727,26.354799270629883,6543,0.0,0.0
2024-02-02 12:30:00-05:00,26.340099334716797,26.453800201416016,26.321300506591797,26.321300506591797,2955,0.0,0.0
2024-02-02 13:30:00-05:00,26.309999465942383,26.31999969482422,26.309999465942383,26.31999969482422,1231,0.0,0.0
2024-02-02 14:30:00-05:00,26.324899673461914,26.56999969482422,26.299999237060547,26.299999237060547,8575,0.0,0.0
2024-02-02 15:30:00-05:00,26.290000915527344,26.290000915527344,26.290000915527344,26.290000915527344,113,0.0,0.0
2024-02-05 09:30:00-05:00,26.06999969482422,26.06999969482422,26.0,26.0,0,0.0,0.0
2024-02-05 10:30:00-05:00,25.950000762939453,26.190000534057617,25.950000762939453,26.190000534057617,922,0.0,0.0
2024-02-05 13:30:00-05:00,26.218599319458008,26.218599319458008,26.218599319458008,26.218599319458008,181,0.0,0.0
2024-02-05 14:30:00-05:00,26.135000228881836,26.190000534057617,26.070999145507812,26.070999145507812,2757,0.0,0.0
2024-02-06 09:30:00-05:00,25.860000610351562,25.969999313354492,25.84000015258789,25.86479949951172,0,0.0,0.0
2024-02-06 10:30:00-05:00,25.899999618530273,25.94499969482422,25.898799896240234,25.898799896240234,862,0.0,0.0
2024-02-06 11:30:00-05:00,25.90999984741211,25.90999984741211,25.79010009765625,25.90999984741211,4684,0.0,0.0
2024-02-06 12:30:00-05:00,25.924999237060547,25.924999237060547,25.860000610351562,25.860000610351562,462,0.0,0.0
2024-02-06 14:30:00-05:00,25.899999618530273,25.899999618530273,25.89389991760254,25.89389991760254,1090,0.0,0.0
2024-02-06 15:30:00-05:00,25.8966007232666,25.899999618530273,25.8966007232666,25.899999618530273,0,0.0,0.0
2024-02-07 09:30:00-05:00,26.235000610351562,26.360000610351562,25.924999237060547,25.924999237060547,7128,0.0,0.0
2024-02-07 10:30:00-05:00,25.92099952697754,26.12619972229004,25.92099952697754,26.051799774169922,2449,0.0,0.0
2024-02-07 11:30:00-05:00,26.098100662231445,26.11989974975586,25.92009925842285,26.087900161743164,1446,0.0,0.0
2024-02-07 12:30:00-05:00,25.92099952697754,26.0,25.920000076293945,25.920000076293945,1509,0.0,0.0
2024-02-07 13:30:00-05:00,26.014999389648438,26.014999389648438,25.920000076293945,25.989299774169922,1668,0.0,0.0
2024-02-07 14:30:00-05:00,25.81999969482422,25.978500366210938,25.81999969482422,25.962799072265625,640,0.0,0.0
2024-02-08 09:30:00-05:00,26.0,26.0,25.8164005279541,25.823699951171875,0,0.0,0.0
2024-02-08 10:30:00-05:00,25.90999984741211,25.90999984741211,25.90999984741211,25.90999984741211,459,0.0,0.0
2024-02-08 11:30:00-05:00,25.905000686645508,25.90999984741211,25.905000686645508,25.90999984741211,3566,0.0,0.0
2024-02-08 12:30:00-05:00,25.90999984741211,25.90999984741211,25.90999984741211,25.90999984741211,1480,0.0,0.0
2024-02-08 13:30:00-05:00,25.90999984741211,25.90999984741211,25.90999984741211,25.90999984741211,271,0.0,0.0
2024-02-08 15:30:00-05:00,25.85099983215332,25.899999618530273,25.850000381469727,25.899999618530273,699,0.0,0.0
2024-02-09 09:30:00-05:00,25.739999771118164,25.8705997467041,25.739999771118164,25.829999923706055,0,0.0,0.0
2024-02-09 10:30:00-05:00,25.899999618530273,25.899999618530273,25.843900680541992,25.899900436401367,641,0.0,0.0
2024-02-09 11:30:00-05:00,25.899999618530273,25.899999618530273,25.850000381469727,25.86680030822754,3027,0.0,0.0
2024-02-09 12:30:00-05:00,25.89430046081543,25.899999618530273,25.860000610351562,25.860000610351562,2654,0.0,0.0
2024-02-09 13:30:00-05:00,25.860000610351562,25.87459945678711,25.860000610351562,25.87459945678711,1584,0.0,0.0
2024-02-09 14:30:00-05:00,25.795000076293945,25.899999618530273,25.795000076293945,25.84000015258789,2506,0.0,0.0
2024-02-12 09:30:00-05:00,25.899999618530273,25.899999618530273,25.8612003326416,25.8799991607666,1175,0.0,0.0
2024-02-12 10:30:00-05:00,25.87849998474121,25.87849998474121,25.84000015258789,25.84000015258789,1338,0.0,0.0
2024-02-12 11:30:00-05:00,25.785900115966797,25.785900115966797,25.785900115966797,25.785900115966797,485,0.0,0.0
2024-02-12 12:30:00-05:00,25.806900024414062,25.84000015258789,25.760000228881836,25.760000228881836,2660,0.0,0.0
2024-02-12 13:30:00-05:00,25.780000686645508,25.83989906311035,25.719999313354492,25.83989906311035,2280,0.0,0.0
2024-02-12 14:30:00-05:00,25.838899612426758,25.898300170898438,25.709999084472656,25.709999084472656,5929,0.0,0.0
2024-02-12 15:30:00-05:00,25.725000381469727,25.75,25.700000762939453,25.739999771118164,2627,0.0,0.0
2024-02-13 09:30:00-05:00,25.700000762939453,25.78350067138672,25.700000762939453,25.75,0,0.0,0.0
2024-02-13 10:30:00-05:00,25.75,25.75,25.70989990234375,25.70989990234375,1474,0.0,0.0
2024-02-13 11:30:00-05:00,25.709999084472656,25.709999084472656,25.708499908447266,25.708499908447266,735,0.0,0.0
2024-02-13 12:30:00-05:00,25.770000457763672,25.79990005493164,25.709999084472656,25.709999084472656,1765,0.0,0.0
2024-02-13 13:30:00-05:00,25.700000762939453,25.760000228881836,25.700000762939453,25.716999053955078,2379,0.0,0.0
2024-02-13 14:30:00-05:00,25.739999771118164,25.75,25.718000411987305,25.718000411987305,1429,0.0,0.0
2024-02-13 15:30:00-05:00,25.739999771118164,25.739999771118164,25.739999771118164,25.739999771118164,198,0.0,0.0
2024-02-14 09:30:00-05:00,25.877700805664062,25.877700805664062,25.799999237060547,25.799999237060547,0,0.0,0.0
2024-02-14 10:30:00-05:00,25.885000228881836,25.885000228881836,25.703800201416016,25.703800201416016,540,0.0,0.0
2024-02-14 11:30:00-05:00,25.729999542236328,25.75,25.729999542236328,25.75,1491,0.0,0.0
2024-02-14 12:30:00-05:00,25.760000228881836,25.760000228881836,25.760000228881836,25.760000228881836,200,0.0,0.0
2024-02-14 13:30:00-05:00,25.75,25.75,25.75,25.75,504,0.0,0.0
2024-02-14 14:30:00-05:00,25.742599487304688,25.799999237060547,25.649999618530273,25.739999771118164,6698,0.0,0.0
2024-02-14 15:30:00-05:00,25.69499969482422,25.69499969482422,25.69499969482422,25.69499969482422,945,0.0,0.0
2024-02-15 09:30:00-05:00,25.829999923706055,25.93470001220703,25.75,25.8799991607666,0,0.0,0.0
2024-02-15 10:30:00-05:00,25.729999542236328,26.030000686645508,25.690000534057617,25.74489974975586,7203,0.0,0.0
2024-02-15 11:30:00-05:00,25.579999923706055,25.584400177001953,25.579999923706055,25.584400177001953,1218,0.0,0.0
2024-02-15 12:30:00-05:00,25.841299057006836,25.841299057006836,25.841299057006836,25.841299057006836,1141,0.0,0.0
2024-02-15 13:30:00-05:00,25.84000015258789,25.84000015258789,25.65999984741211,25.65999984741211,817,0.0,0.0
2024-02-15 14:30:00-05:00,25.75,25.871000289916992,25.639999389648438,25.640100479125977,8908,0.0,0.0
2024-02-15 15:30:00-05:00,25.649999618530273,25.65999984741211,25.6299991607666,25.639999389648438,0,0.0,0.0
2024-02-16 09:30:00-05:00,25.764999389648438,25.764999389648438,25.5,25.75,1668,0.0,0.0
2024-02-16 11:30:00-05:00,25.600000381469727,25.639999389648438,25.600000381469727,25.639999389648438,453,0.0,0.0
2024-02-16 14:30:00-05:00,25.600000381469727,25.700000762939453,25.510099411010742,25.510099411010742,4273,0.0,0.0
2024-02-20 09:30:00-05:00,25.559999465942383,25.56999969482422,25.540000915527344,25.56999969482422,0,0.0,0.0
2024-02-20 10:30:00-05:00,26.06439971923828,26.06439971923828,25.770000457763672,25.770000457763672,1441,0.0,0.0
2024-02-20 11:30:00-05:00,25.770000457763672,25.770000457763672,25.770000457763672,25.770000457763672,555,0.0,0.0
2024-02-20 12:30:00-05:00,25.649999618530273,25.649999618530273,25.549999237060547,25.600000381469727,1844,0.0,0.0
2024-02-20 13:30:00-05:00,25.63129997253418,25.63129997253418,25.510000228881836,25.510000228881836,546,0.0,0.0
2024-02-20 14:30:00-05:00,25.579999923706055,25.61590003967285,25.579999923706055,25.61590003967285,404,0.0,0.0
2024-02-20 15:30:00-05:00,25.579999923706055,25.65999984741211,25.52050018310547,25.549999237060547,0,0.0,0.0
2024-02-21 09:30:00-05:00,25.792800903320312,25.792800903320312,25.655000686645508,25.655000686645508,533,0.0,0.0
2024-02-21 10:30:00-05:00,25.655000686645508,25.79990005493164,25.549999237060547,25.79990005493164,3259,0.0,0.0
2024-02-21 11:30:00-05:00,25.774999618530273,25.774999618530273,25.75,25.773700714111328,1535,0.0,0.0
2024-02-21 12:30:00-05:00,25.79990005493164,25.79990005493164,25.770000457763672,25.770000457763672,1146,0.0,0.0
2024-02-21 13:30:00-05:00,25.75,25.79990005493164,25.75,25.768400192260742,1430,0.0,0.0
2024-02-21 14:30:00-05:00,25.762500762939453,25.762500762939453,25.762500762939453,25.762500762939453,1355,0.0,0.0
2024-02-21 15:30:00-05:00,25.770000457763672,25.780000686645508,25.649999618530273,25.75,2290,0.0,0.0
2024-02-22 09:30:00-05:00,25.860000610351562,25.860000610351562,25.7549991607666,25.77389907836914,0,0.0,0.0
2024-02-22 10:30:00-05:00,25.75,25.75,25.735000610351562,25.75,8902,0.0,0.0
2024-02-22 11:30:00-05:00,25.75,25.75,25.720600128173828,25.720600128173828,1110,0.0,0.0
2024-02-22 12:30:00-05:00,25.787700653076172,25.842300415039062,25.75,25.75,2202,0.0,0.0
2024-02-22 13:30:00-05:00,25.75079917907715,25.75079917907715,25.75029945373535,25.75029945373535,831,0.0,0.0
2024-02-22 15:30:00-05:00,25.75,25.75,25.649999618530273,25.649999618530273,0,0.0,0.0
2024-02-23 09:30:00-05:00,25.65999984741211,25.700000762939453,25.65999984741211,25.700000762939453,1341,0.0,0.0
2024-02-23 10:30:00-05:00,25.725000381469727,25.725000381469727,25.725000381469727,25.725000381469727,893,0.0,0.0
2024-02-23 11:30:00-05:00,25.670000076293945,25.68000030517578,25.65999984741211,25.65999984741211,2757,0.0,0.0
2024-02-23 12:30:00-05:00,25.719999313354492,25.719999313354492,25.670000076293945,25.670000076293945,769,0.0,0.0
2024-02-23 13:30:00-05:00,25.670000076293945,25.670000076293945,25.651199340820312,25.65999984741211,845,0.0,0.0
2024-02-23 14:30:00-05:00,25.649999618530273,25.770000457763672,25.649999618530273,25.75,4452,0.0,0.0
2024-02-23 15:30:00-05:00,25.7012996673584,25.7012996673584,25.6200008392334,25.6200008392334,1000,0.0,0.0
2024-02-26 09:30:00-05:00,25.625,25.850000381469727,25.610000610351562,25.664499282836914,11371,0.0,0.0
2024-02-26 10:30:00-05:00,25.700000762939453,25.700000762939453,25.690000534057617,25.694400787353516,2268,0.0,0.0
2024-02-26 11:30:00-05:00,25.665000915527344,25.6919002532959,25.65999984741211,25.65999984741211,1165,0.0,0.0
2024-02-26 12:30:00-05:00,25.675600051879883,25.700000762939453,25.675600051879883,25.700000762939453,410,0.0,0.0
2024-02-26 13:30:00-05:00,25.66710090637207,25.690000534057617,25.66710090637207,25.690000534057617,477,0.0,0.0
2024-02-26 14:30:00-05:00,25.649999618530273,25.69540023803711,25.639999389648438,25.69540023803711,2778,0.0,0.0
2024-02-26 15:30:00-05:00,25.670000076293945,25.670000076293945,25.610000610351562,25.610000610351562,0,0.0,0.0
2024-02-27 09:30:00-05:00,25.6200008392334,25.690000534057617,25.610000610351562,25.670000076293945,2714,0.0,0.0
2024-02-27 10:30:00-05:00,25.670000076293945,25.670000076293945,25.6299991607666,25.649999618530273,9368,0.0,0.0
2024-02-27 11:30:00-05:00,25.649999618530273,25.649999618530273,25.631999969482422,25.631999969482422,7664,0.0,0.0
2024-02-27 12:30:00-05:00,25.649900436401367,25.649999618530273,25.639999389648438,25.649999618530273,12617,0.0,0.0
2024-02-27 13:30:00-05:00,25.649999618530273,25.649999618530273,25.6200008392334,25.6200008392334,836,0.0,0.0
2024-02-27 14:30:00-05:00,25.6200008392334,25.889999389648438,25.6200008392334,25.799999237060547,24157,0.0,0.0
2024-02-27 15:30:00-05:00,25.690000534057617,25.700000762939453,25.68000030517578,25.700000762939453,1200,0.0,0.0
2024-02-28 09:30:00-05:00,25.700000762939453,25.79990005493164,25.649999618530273,25.79990005493164,0,0.0,0.0
2024-02-28 10:30:00-05:00,25.73200035095215,25.739999771118164,25.709999084472656,25.729999542236328,2547,0.0,0.0
2024-02-28 11:30:00-05:00,25.739999771118164,25.739999771118164,25.709999084472656,25.719999313354492,2334,0.0,0.0
2024-02-28 12:30:00-05:00,25.719999313354492,25.729999542236328,25.65999984741211,25.65999984741211,3852,0.0,0.0
2024-02-28 13:30:00-05:00,25.704999923706055,25.729999542236328,25.704999923706055,25.729999542236328,2979,0.0,0.0
2024-02-28 14:30:00-05:00,25.719999313354492,25.729999542236328,25.690000534057617,25.709999084472656,1349,0.0,0.0
2024-02-28 15:30:00-05:00,25.719999313354492,26.15999984741211,25.709999084472656,25.709999084472656,16093,0.0,0.0
2024-02-29 09:30:00-05:00,25.280000686645508,25.31999969482422,25.213300704956055,25.309999465942383,13608,0.0,0.0
2024-02-29 10:30:00-05:00,25.31999969482422,25.420000076293945,25.299999237060547,25.3700008392334,16582,0.0,0.0
2024-02-29 11:30:00-05:00,25.420000076293945,25.420000076293945,25.34000015258789,25.381399154663086,4067,0.0,0.0
2024-02-29 12:30:00-05:00,25.3799991607666,25.420000076293945,25.340099334716797,25.350000381469727,4843,0.0,0.0
2024-02-29 13:30:00-05:00,25.364999771118164,25.399999618530273,25.360000610351562,25.360000610351562,1159,0.0,0.0
2024-02-29 14:30:00-05:00,25.399999618530273,25.399999618530273,25.299999237060547,25.350000381469727,7102,0.0,0.0
2024-02-29 15:30:00-05:00,25.399999618530273,25.440000534057617,25.299999237060547,25.299999237060547,3362,0.0,0.0
2024-03-01 09:30:00-05:00,25.209999084472656,25.5,25.209999084472656,25.499900817871094,3058,0.0,0.0
2024-03-01 10:30:00-05:00,25.47559928894043,25.47559928894043,25.47559928894043,25.47559928894043,2872,0.0,0.0
2024-03-01 11:30:00-05:00,25.469999313354492,25.469999313354492,25.440000534057617,25.459999084472656,1325,0.0,0.0
2024-03-01 12:30:00-05:00,25.469999313354492,25.469999313354492,25.440000534057617,25.440000534057617,832,0.0,0.0
2024-03-01 14:30:00-05:00,25.399999618530273,25.399999618530273,25.385099411010742,25.399999618530273,1209,0.0,0.0
2024-03-01 15:30:00-05:00,25.360000610351562,25.360000610351562,25.350000381469727,25.350000381469727,1006,0.0,0.0
2024-03-04 09:30:00-05:00,25.3700008392334,25.3700008392334,25.299999237060547,25.299999237060547,0,0.0,0.0
2024-03-04 10:30:00-05:00,25.299999237060547,25.299999237060547,25.299999237060547,25.299999237060547,216,0.0,0.0
2024-03-04 11:30:00-05:00,25.38629913330078,25.38629913330078,25.38629913330078,25.38629913330078,627,0.0,0.0
2024-03-04 12:30:00-05:00,25.40999984741211,25.41819953918457,25.299999237060547,25.299999237060547,1445,0.0,0.0
2024-03-04 13:30:00-05:00,25.394399642944336,25.394399642944336,25.394399642944336,25.394399642944336,344,0.0,0.0
2024-03-04 14:30:00-05:00,25.367300033569336,25.444799423217773,25.260000228881836,25.260000228881836,1509,0.0,0.0
2024-03-04 15:30:00-05:00,25.2549991607666,25.2549991607666,25.200000762939453,25.200000762939453,0,0.0,0.0
2024-03-05 09:30:00-05:00,25.350000381469727,25.407499313354492,25.06999969482422,25.295000076293945,4303,0.0,0.0
2024-03-05 10:30:00-05:00,25.406099319458008,25.420000076293945,25.295000076293945,25.420000076293945,2140,0.0,0.0
2024-03-05 11:30:00-05:00,25.219999313354492,25.299999237060547,25.219999313354492,25.299999237060547,0,0.0,0.0
2024-03-05 13:30:00-05:00,25.299999237060547,25.309999465942383,25.299999237060547,25.299999237060547,1451,0.0,0.0
2024-03-05 14:30:00-05:00,25.334999084472656,25.334999084472656,25.334999084472656,25.334999084472656,909,0.0,0.0
2024-03-05 15:30:00-05:00,25.260000228881836,25.260000228881836,25.139999389648438,25.139999389648438,8361,0.0,0.0
2024-03-06 09:30:00-05:00,25.174999237060547,25.299400329589844,25.174999237060547,25.280000686645508,7328,0.0,0.0
2024-03-06 10:30:00-05:00,25.280000686645508,25.299999237060547,25.180099487304688,25.180099487304688,0,0.0,0.0
2024-03-06 11:30:00-05:00,25.209999084472656,25.555599212646484,25.209999084472656,25.412700653076172,1886,0.0,0.0
2024-03-06 13:30:00-05:00,25.44230079650879,25.44230079650879,25.309999465942383,25.309999465942383,1980,0.0,0.0
2024-03-06 14:30:00-05:00,25.219999313354492,25.349000930786133,25.209999084472656,25.21500015258789,5116,0.0,0.0
2024-03-06 15:30:00-05:00,25.219999313354492,25.219999313354492,25.190000534057617,25.190000534057617,11148,0.0,0.0
2024-03-07 09:30:00-05:00,25.190000534057617,25.437700271606445,25.189699172973633,25.34000015258789,0,0.0,0.0
2024-03-07 11:30:00-05:00,25.299999237060547,25.398799896240234,25.299999237060547,25.398799896240234,1118,0.0,0.0
2024-03-07 12:30:00-05:00,25.25,25.270000457763672,25.219999313354492,25.270000457763672,1217,0.0,0.0
2024-03-07 13:30:00-05:00,25.290000915527344,25.290000915527344,25.204999923706055,25.209999084472656,1988,0.0,0.0
2024-03-07 14:30:00-05:00,25.209999084472656,25.209999084472656,25.203800201416016,25.209999084472656,2006,0.0,0.0
2024-03-07 15:30:00-05:00,25.209999084472656,25.3799991607666,25.209999084472656,25.3799991607666,1973,0.0,0.0
2024-03-08 09:30:00-05:00,25.34000015258789,25.385299682617188,25.249500274658203,25.325000762939453,4845,0.0,0.0
2024-03-08 10:30:00-05:00,25.38249969482422,25.38249969482422,25.325000762939453,25.3799991607666,2051,0.0,0.0
2024-03-08 11:30:00-05:00,25.356000900268555,25.3799991607666,25.299999237060547,25.299999237060547,1393,0.0,0.0
2024-03-08 12:30:00-05:00,25.308300018310547,25.389999389648438,25.308300018310547,25.385000228881836,1309,0.0,0.0
2024-03-08 13:30:00-05:00,25.31999969482422,25.3799991607666,25.299999237060547,25.31999969482422,1351,0.0,0.0
2024-03-08 14:30:00-05:00,25.280000686645508,25.3700008392334,25.260000228881836,25.3700008392334,2720,0.0,0.0
2024-03-08 15:30:00-05:00,25.354999542236328,25.354999542236328,25.25,25.25,2217,0.0,0.0
2024-03-11 09:30:00-04:00,25.270000457763672,25.309099197387695,25.246000289916992,25.309099197387695,0,0.0,0.0
2024-03-11 10:30:00-04:00,25.309999465942383,25.889999389648438,25.309999465942383,25.860000610351562,23271,0.0,0.0
2024-03-11 11:30:00-04:00,25.969900131225586,26.09000015258789,25.8799991607666,25.8799991607666,25486,0.0,0.0
2024-03-11 12:30:00-04:00,25.799999237060547,25.93589973449707,25.766000747680664,25.889999389648438,33710,0.0,0.0
2024-03-11 13:30:00-04:00,25.915000915527344,25.940000534057617,25.889999389648438,25.889999389648438,9701,0.0,0.0
2024-03-11 14:30:00-04:00,25.899999618530273,25.940000534057617,25.889999389648438,25.889999389648438,23130,0.0,0.0
2024-03-11 15:30:00-04:00,25.899999618530273,25.93000030517578,25.889999389648438,25.889999389648438,0,0.0,0.0
2024-03-12 09:30:00-04:00,25.77589988708496,25.920000076293945,25.739999771118164,25.90959930419922,2503,0.0,0.0
2024-03-12 10:30:00-04:00,25.799999237060547,25.799999237060547,25.600000381469727,25.600000381469727,3552,0.0,0.0
2024-03-12 11:30:00-04:00,25.79990005493164,26.270000457763672,25.75,26.170000076293945,470950,0.0,0.0
2024-03-12 12:30:00-04:00,25.829999923706055,25.950000762939453,25.602500915527344,25.950000762939453,7693,0.0,0.0
2024-03-12 13:30:00-04:00,25.670000076293945,25.940000534057617,25.649999618530273,25.8799991607666,4401,0.0,0.0
2024-03-12 14:30:00-04:00,25.889999389648438,25.889999389648438,25.850000381469727,25.875,17591,0.0,0.0
2024-03-12 15:30:00-04:00,25.81999969482422,25.81999969482422,25.489999771118164,25.510000228881836,4445,0.0,0.0
2024-03-13 09:30:00-04:00,25.729999542236328,25.729999542236328,25.600000381469727,25.614999771118164,0,0.0,0.0
2024-03-13 11:30:00-04:00,25.670000076293945,25.889999389648438,25.65999984741211,25.790000915527344,4723,0.0,0.0
2024-03-13 13:30:00-04:00,25.719999313354492,25.780000686645508,25.719999313354492,25.780000686645508,936,0.0,0.0
2024-03-13 14:30:00-04:00,25.749500274658203,25.749500274658203,25.700000762939453,25.700000762939453,1164,0.0,0.0
2024-03-13 15:30:00-04:00,25.65999984741211,25.690000534057617,25.600000381469727,25.600000381469727,0,0.0,0.0
2024-03-14 09:30:00-04:00,25.762800216674805,25.762800216674805,25.690000534057617,25.739999771118164,3224,0.0,0.0
2024-03-14 10:30:00-04:00,25.649999618530273,25.700000762939453,25.510000228881836,25.510000228881836,2276,0.0,0.0
2024-03-14 12:30:00-04:00,25.510000228881836,25.614999771118164,25.489999771118164,25.489999771118164,2693,0.0,0.0
2024-03-14 13:30:00-04:00,25.43000030517578,25.540000915527344,25.34000015258789,25.5,6170,0.0,0.0
2024-03-14 14:30:00-04:00,25.5,25.600000381469727,25.450000762939453,25.450000762939453,1895,0.0,0.0
2024-03-14 15:30:00-04:00,25.459999084472656,25.530000686645508,25.459999084472656,25.530000686645508,1864,0.0,0.0
2024-03-15 09:30:00-04:00,25.68000030517578,25.699899673461914,25.600000381469727,25.68269920349121,0,0.0,0.0
2024-03-15 10:30:00-04:00,25.663999557495117,25.68160057067871,25.663999557495117,25.68160057067871,93,0.0,0.0
2024-03-15 12:30:00-04:00,25.6200008392334,25.6200008392334,25.549999237060547,25.549999237060547,633,0.0,0.0
2024-03-15 14:30:00-04:00,25.549999237060547,25.549999237060547,25.549999237060547,25.549999237060547,723,0.0,0.0
2024-03-15 15:30:00-04:00,25.639999389648438,25.649999618530273,25.639999389648438,25.649999618530273,1674,0.0,0.0
2024-03-18 09:30:00-04:00,25.719999313354492,25.719999313354492,25.619400024414062,25.619400024414062,1035,0.0,0.0
2024-03-18 10:30:00-04:00,25.725000381469727,25.725000381469727,25.725000381469727,25.725000381469727,412,0.0,0.0
2024-03-18 11:30:00-04:00,25.70009994506836,25.729999542236328,25.70009994506836,25.729999542236328,705,0.0,0.0
2024-03-18 12:30:00-04:00,25.71500015258789,25.729999542236328,25.709999084472656,25.721599578857422,3046,0.0,0.0
2024-03-18 13:30:00-04:00,25.71500015258789,25.71500015258789,25.700000762939453,25.700000762939453,0,0.0,0.0
2024-03-18 14:30:00-04:00,25.695999145507812,25.695999145507812,25.695999145507812,25.695999145507812,1338,0.0,0.0
2024-03-18 15:30:00-04:00,25.729999542236328,25.729999542236328,25.729999542236328,25.729999542236328,762,0.0,0.0
2024-03-19 09:30:00-04:00,25.71500015258789,25.75,25.700000762939453,25.719999313354492,1942,0.0,0.0
2024-03-19 10:30:00-04:00,25.829999923706055,25.8700008392334,25.6200008392334,25.649999618530273,7063,0.0,0.0
2024-03-19 11:30:00-04:00,25.65999984741211,25.65999984741211,25.549999237060547,25.549999237060547,2244,0.0,0.0
2024-03-19 12:30:00-04:00,25.549999237060547,25.649999618530273,25.549999237060547,25.649999618530273,1454,0.0,0.0
2024-03-19 13:30:00-04:00,25.700000762939453,25.700000762939453,25.700000762939453,25.700000762939453,973,0.0,0.0
2024-03-19 14:30:00-04:00,25.559999465942383,25.643800735473633,25.549999237060547,25.643800735473633,1839,0.0,0.0
2024-03-19 15:30:00-04:00,25.6200008392334,25.6200008392334,25.420000076293945,25.5,8345,0.0,0.0
2024-03-20 09:30:00-04:00,25.684999465942383,25.684999465942383,25.420000076293945,25.502500534057617,4861,0.0,0.0
2024-03-20 10:30:00-04:00,25.549999237060547,25.579999923706055,25.514999389648438,25.514999389648438,4034,0.0,0.0
2024-03-20 13:30:00-04:00,25.514999389648438,25.549999237060547,25.510000228881836,25.549999237060547,3278,0.0,0.0
2024-03-20 14:30:00-04:00,25.551599502563477,25.79990005493164,25.551599502563477,25.600000381469727,1208,0.0,0.0
2024-03-20 15:30:00-04:00,25.577699661254883,25.604999542236328,25.565000534057617,25.565000534057617,5027,0.0,0.0
2024-03-21 09:30:00-04:00,25.71500015258789,25.834299087524414,25.667600631713867,25.73579978942871,6610,0.0,0.0
2024-03-21 10:30:00-04:00,25.670000076293945,25.764999389648438,25.579999923706055,25.579999923706055,7107,0.0,0.0
2024-03-21 11:30:00-04:00,25.649999618530273,25.829999923706055,25.649999618530273,25.65999984741211,5602,0.0,0.0
2024-03-21 12:30:00-04:00,25.600000381469727,25.600000381469727,25.600000381469727,25.600000381469727,4105,0.0,0.0
2024-03-21 13:30:00-04:00,25.600000381469727,25.600000381469727,25.559999465942383,25.559999465942383,5507,0.0,0.0
2024-03-21 14:30:00-04:00,25.614999771118164,25.614999771118164,25.56999969482422,25.56999969482422,645,0.0,0.0
2024-03-21 15:30:00-04:00,25.56999969482422,25.584999084472656,25.549999237060547,25.549999237060547,2441,0.0,0.0
2024-03-22 09:30:00-04:00,25.86709976196289,25.86709976196289,25.649999618530273,25.649999618530273,510,0.0,0.0
2024-03-22 10:30:00-04:00,25.600000381469727,25.600000381469727,25.5,25.5,4107,0.0,0.0
2024-03-22 12:30:00-04:00,25.540000915527344,25.540000915527344,25.520000457763672,25.520000457763672,1124,0.0,0.0
2024-03-22 14:30:00-04:00,25.600000381469727,25.639999389648438,25.600000381469727,25.625,1237,0.0,0.0
2024-03-22 15:30:00-04:00,25.639999389648438,25.639999389648438,25.6200008392334,25.6200008392334,786,0.0,0.0
2024-03-25 10:30:00-04:00,25.489999771118164,25.57990074157715,25.479999542236328,25.571199417114258,6692,0.0,0.0
2024-03-25 11:30:00-04:00,25.642799377441406,25.739999771118164,25.5,25.739999771118164,5627,0.0,0.0
2024-03-25 14:30:00-04:00,25.653900146484375,25.653900146484375,25.34000015258789,25.57990074157715,5244,0.0,0.0
2024-03-26 09:30:00-04:00,25.510000228881836,25.520000457763672,25.5,25.5,2631,0.0,0.0
2024-03-26 10:30:00-04:00,25.489999771118164,25.670000076293945,25.40999984741211,25.654199600219727,7683,0.0,0.0
2024-03-26 11:30:00-04:00,25.654399871826172,25.654399871826172,25.459999084472656,25.459999084472656,590,0.0,0.0
2024-03-26 12:30:00-04:00,25.459999084472656,25.459999084472656,25.459999084472656,25.459999084472656,455,0.0,0.0
2024-03-26 13:30:00-04:00,25.510000228881836,25.510000228881836,25.510000228881836,25.510000228881836,1443,0.0,0.0
2024-03-26 14:30:00-04:00,25.530099868774414,25.56999969482422,25.530099868774414,25.56999969482422,701,0.0,0.0
2024-03-26 15:30:00-04:00,25.658199310302734,25.658199310302734,25.450000762939453,25.450000762939453,2046,0.0,0.0
2024-03-27 09:30:00-04:00,25.3799991607666,25.489999771118164,25.3799991607666,25.489999771118164,1846,0.0,0.0
2024-03-27 10:30:00-04:00,25.55270004272461,25.5664005279541,25.520000457763672,25.5664005279541,1107,0.0,0.0
2024-03-27 11:30:00-04:00,25.510000228881836,25.510000228881836,25.469999313354492,25.469999313354492,321,0.0,0.0
2024-03-27 12:30:00-04:00,25.634899139404297,25.679899215698242,25.5,25.5,1589,0.0,0.0
2024-03-27 14:30:00-04:00,25.679899215698242,25.679899215698242,25.5,25.5,3406,0.0,0.0
2024-03-27 15:30:00-04:00,25.510000228881836,25.510000228881836,25.450000762939453,25.450000762939453,2212,0.0,0.0
2024-03-28 09:30:00-04:00,25.5,25.6299991607666,25.399999618530273,25.450000762939453,3729,0.0,0.0
2024-03-28 10:30:00-04:00,25.59000015258789,25.59000015258789,25.440000534057617,25.440000534057617,910,0.0,0.0
2024-03-28 11:30:00-04:00,25.43000030517578,25.43000030517578,25.399999618530273,25.399999618530273,1406,0.0,0.0
2024-03-28 12:30:00-04:00,25.360000610351562,25.399999618530273,25.34000015258789,25.360000610351562,9891,0.0,0.0
2024-03-28 14:30:00-04:00,25.399999618530273,25.399999618530273,25.34000015258789,25.399999618530273,2456,0.0,0.0
2024-03-28 15:30:00-04:00,25.3700008392334,25.399999618530273,25.309999465942383,25.315000534057617,17847,0.0,0.0
2024-04-01 09:30:00-04:00,25.31999969482422,25.450000762939453,25.309999465942383,25.360000610351562,0,0.0,0.0
2024-04-01 10:30:00-04:00,25.309999465942383,25.709999084472656,25.299999237060547,25.527799606323242,10976,0.0,0.0
2024-04-01 11:30:00-04:00,25.31999969482422,25.399999618530273,25.31999969482422,25.399999618530273,1301,0.0,0.0
2024-04-01 12:30:00-04:00,25.34000015258789,25.405000686645508,25.309999465942383,25.309999465942383,5342,0.0,0.0
2024-04-01 13:30:00-04:00,25.31999969482422,25.40999984741211,25.31999969482422,25.395299911499023,2141,0.0,0.0
2024-04-01 14:30:00-04:00,25.385700225830078,25.38990020751953,25.31999969482422,25.38990020751953,6647,0.0,0.0
2024-04-01 15:30:00-04:00,25.31999969482422,25.31999969482422,25.299999237060547,25.299999237060547,3187,0.0,0.0
2024-04-02 09:30:00-04:00,25.299999237060547,25.315000534057617,25.260000228881836,25.309999465942383,0,0.0,0.0
2024-04-02 10:30:00-04:00,25.290000915527344,25.31999969482422,25.290000915527344,25.30500030517578,2371,0.0,0.0
2024-04-02 11:30:00-04:00,25.31999969482422,25.31999969482422,25.309999465942383,25.309999465942383,4919,0.0,0.0
2024-04-02 12:30:00-04:00,25.31999969482422,25.344999313354492,25.31999969482422,25.344999313354492,2243,0.0,0.0
2024-04-02 13:30:00-04:00,25.309999465942383,25.38990020751953,25.309999465942383,25.31999969482422,8859,0.0,0.0
2024-04-02 14:30:00-04:00,25.344999313354492,25.368900299072266,25.344999313354492,25.368900299072266,960,0.0,0.0
2024-04-02 15:30:00-04:00,25.344999313354492,25.344999313354492,25.290000915527344,25.309999465942383,4340,0.0,0.0
2024-04-03 09:30:00-04:00,25.309999465942383,25.329999923706055,25.260000228881836,25.329999923706055,2951,0.0,0.0
2024-04-03 10:30:00-04:00,25.31999969482422,25.31999969482422,25.299999237060547,25.299999237060547,1643,0.0,0.0
2024-04-03 11:30:00-04:00,25.31999969482422,25.31999969482422,25.31999969482422,25.31999969482422,1921,0.0,0.0
2024-04-03 12:30:00-04:00,25.31999969482422,25.31999969482422,25.31999969482422,25.31999969482422,201,0.0,0.0
2024-04-03 13:30:00-04:00,25.350000381469727,25.350000381469727,25.280000686645508,25.280000686645508,6733,0.0,0.0
2024-04-03 14:30:00-04:00,25.365100860595703,25.365100860595703,25.350000381469727,25.350000381469727,617,0.0,0.0
2024-04-03 15:30:00-04:00,25.31999969482422,25.36639976501465,25.280000686645508,25.36639976501465,5343,0.0,0.0
2024-04-04 09:30:00-04:00,25.309999465942383,25.329999923706055,25.299999237060547,25.299999237060547,4108,0.0,0.0
2024-04-04 10:30:00-04:00,25.308700561523438,25.31999969482422,25.299999237060547,25.30500030517578,7401,0.0,0.0
2024-04-04 11:30:00-04:00,25.31999969482422,25.31999969482422,25.290000915527344,25.295000076293945,5849,0.0,0.0
2024-04-04 12:30:00-04:00,25.309999465942383,25.31999969482422,25.280000686645508,25.309999465942383,3030,0.0,0.0
2024-04-04 13:30:00-04:00,25.309999465942383,25.31999969482422,25.280399322509766,25.31999969482422,4686,0.0,0.0
2024-04-04 14:30:00-04:00,25.309999465942383,25.309999465942383,25.290000915527344,25.299999237060547,2011,0.0,0.0
2024-04-04 15:30:00-04:00,25.31999969482422,25.31999969482422,25.300500869750977,25.309999465942383,1807,0.0,0.0
2024-04-05 09:30:00-04:00,25.360000610351562,25.360000610351562,25.270099639892578,25.270099639892578,1074,0.0,0.0
2024-04-05 10:30:00-04:00,25.420000076293945,25.420000076293945,25.309999465942383,25.31999969482422,3031,0.0,0.0
2024-04-05 11:30:00-04:00,25.300100326538086,25.459999084472656,25.299999237060547,25.459999084472656,19280,0.0,0.0
2024-04-05 12:30:00-04:00,25.3799991607666,25.399200439453125,25.309999465942383,25.31999969482422,13147,0.0,0.0
2024-04-05 13:30:00-04:00,25.309999465942383,25.334999084472656,25.309999465942383,25.309999465942383,8346,0.0,0.0
2024-04-05 14:30:00-04:00,25.309999465942383,25.315000534057617,25.299999237060547,25.315000534057617,5645,0.0,0.0
2024-04-05 15:30:00-04:00,25.34320068359375,25.34320068359375,25.290000915527344,25.290000915527344,3332,0.0,0.0
2024-04-08 09:30:00-04:00,25.309999465942383,25.329999923706055,25.290000915527344,25.329999923706055,4580,0.0,0.0
2024-04-08 10:30:00-04:00,25.309999465942383,25.349899291992188,25.309999465942383,25.309999465942383,11603,0.0,0.0
2024-04-08 11:30:00-04:00,25.309999465942383,25.325000762939453,25.309999465942383,25.325000762939453,816,0.0,0.0
2024-04-08 13:30:00-04:00,25.313800811767578,25.313800811767578,25.313800811767578,25.313800811767578,530,0.0,0.0
2024-04-08 14:30:00-04:00,25.309999465942383,25.309999465942383,25.309999465942383,25.309999465942383,925,0.0,0.0
2024-04-08 15:30:00-04:00,25.309999465942383,25.325000762939453,25.309999465942383,25.309999465942383,4153,0.0,0.0
2024-04-09 09:30:00-04:00,25.325000762939453,25.325000762939453,25.309999465942383,25.325000762939453,1158,0.0,0.0
2024-04-09 10:30:00-04:00,25.309999465942383,25.309999465942383,25.299999237060547,25.309999465942383,1276,0.0,0.0
2024-04-09 11:30:00-04:00,25.309999465942383,25.309999465942383,25.299999237060547,25.299999237060547,2429,0.0,0.0
2024-04-09 12:30:00-04:00,25.31999969482422,25.31999969482422,25.309999465942383,25.309999465942383,1367,0.0,0.0
2024-04-09 13:30:00-04:00,25.309999465942383,25.31999969482422,25.309999465942383,25.315000534057617,5345,0.0,0.0
2024-04-09 14:30:00-04:00,25.299999237060547,25.309999465942383,25.290000915527344,25.290000915527344,5221,0.0,0.0
2024-04-09 15:30:00-04:00,25.290000915527344,25.290000915527344,25.270000457763672,25.280000686645508,6910,0.0,0.0
2024-04-10 09:30:00-04:00,25.260000228881836,25.32939910888672,25.260000228881836,25.280000686645508,4151,0.0,0.0
2024-04-10 10:30:00-04:00,25.280000686645508,25.280000686645508,25.260000228881836,25.260000228881836,3566,0.0,0.0
2024-04-10 12:30:00-04:00,25.25,25.2549991607666,25.229999542236328,25.2549991607666,4366,0.0,0.0
2024-04-10 13:30:00-04:00,25.270000457763672,25.360000610351562,25.229999542236328,25.25,6316,0.0,0.0
2024-04-10 14:30:00-04:00,25.25,25.34000015258789,25.219999313354492,25.260000228881836,13848,0.0,0.0
2024-04-10 15:30:00-04:00,25.260000228881836,25.360000610351562,25.260000228881836,25.260000228881836,6787,0.0,0.0
2024-04-11 09:30:00-04:00,25.274999618530273,25.281999588012695,25.274999618530273,25.279800415039062,3223,0.0,0.0
2024-04-11 10:30:00-04:00,25.274999618530273,25.309900283813477,25.274999618530273,25.309900283813477,1167,0.0,0.0
2024-04-11 11:30:00-04:00,25.309999465942383,25.309999465942383,25.30500030517578,25.30500030517578,965,0.0,0.0
2024-04-11 12:30:00-04:00,25.299999237060547,25.309999465942383,25.299999237060547,25.30500030517578,1289,0.0,0.0
2024-04-11 13:30:00-04:00,25.299999237060547,25.302000045776367,25.299999237060547,25.302000045776367,1569,0.0,0.0
2024-04-11 14:30:00-04:00,25.295000076293945,25.29829978942871,25.287799835205078,25.29829978942871,1302,0.0,0.0
2024-04-11 15:30:00-04:00,25.280000686645508,25.309999465942383,25.280000686645508,25.30120086669922,1450,0.0,0.0
2024-04-12 09:30:00-04:00,25.359899520874023,25.359899520874023,25.359899520874023,25.359899520874023,2110,0.0,0.0
2024-04-12 10:30:00-04:00,25.360000610351562,25.360000610351562,25.329999923706055,25.34000015258789,1829,0.0,0.0
2024-04-12 11:30:00-04:00,25.350000381469727,25.350000381469727,25.34000015258789,25.34000015258789,2043,0.0,0.0
2024-04-12 14:30:00-04:00,25.334999084472656,25.334999084472656,25.29010009765625,25.329999923706055,2713,0.0,0.0
2024-04-12 15:30:00-04:00,25.325000762939453,25.325000762939453,25.290000915527344,25.290000915527344,2546,0.0,0.0
2024-04-15 09:30:00-04:00,25.350000381469727,25.350000381469727,25.350000381469727,25.350000381469727,519,0.0,0.0
2024-04-15 10:30:00-04:00,25.325000762939453,25.325000762939453,25.290000915527344,25.290000915527344,3804,0.0,0.0
2024-04-15 11:30:00-04:00,25.309999465942383,25.31999969482422,25.309999465942383,25.31999969482422,386,0.0,0.0
2024-04-15 12:30:00-04:00,25.31060028076172,25.329999923706055,25.280000686645508,25.31599998474121,4279,0.0,0.0
2024-04-15 13:30:00-04:00,25.29439926147461,25.29439926147461,25.23419952392578,25.280000686645508,4997,0.0,0.0
2024-04-15 14:30:00-04:00,25.239999771118164,25.288799285888672,25.239999771118164,25.288799285888672,1580,0.0,0.0
2024-04-15 15:30:00-04:00,25.30500030517578,25.30500030517578,25.30500030517578,25.30500030517578,1051,0.0,0.0
2024-04-16 09:30:00-04:00,25.299999237060547,25.359899520874023,25.260000228881836,25.359899520874023,4558,0.0,0.0
2024-04-16 11:30:00-04:00,25.329999923706055,25.329999923706055,25.329999923706055,25.329999923706055,663,0.0,0.0
2024-04-16 12:30:00-04:00,25.3302001953125,25.334999084472656,25.329999923706055,25.329999923706055,914,0.0,0.0
2024-04-16 13:30:00-04:00,25.329999923706055,25.334999084472656,25.30500030517578,25.30500030517578,2785,0.0,0.0
2024-04-16 14:30:00-04:00,25.33989906311035,25.344999313354492,25.31999969482422,25.34000015258789,2157,0.0,0.0
2024-04-16 15:30:00-04:00,25.270000457763672,25.280000686645508,25.270000457763672,25.280000686645508,1960,0.0,0.0
2024-04-17 09:30:00-04:00,25.350000381469727,25.350000381469727,25.34000015258789,25.34000015258789,706,0.0,0.0
2024-04-17 11:30:00-04:00,25.31999969482422,25.329999923706055,25.299999237060547,25.329999923706055,1000,0.0,0.0
2024-04-17 13:30:00-04:00,25.399900436401367,25.399900436401367,25.389999389648438,25.389999389648438,457,0.0,0.0
2024-04-17 14:30:00-04:00,25.399999618530273,25.399999618530273,25.361900329589844,25.361900329589844,2510,0.0,0.0
2024-04-18 09:30:00-04:00,25.389999389648438,25.389999389648438,25.389999389648438,25.389999389648438,416,0.0,0.0
2024-04-18 11:30:00-04:00,25.270000457763672,25.270000457763672,25.270000457763672,25.270000457763672,754,0.0,0.0
2024-04-18 12:30:00-04:00,25.290000915527344,25.290000915527344,25.290000915527344,25.290000915527344,520,0.0,0.0
2024-04-18 13:30:00-04:00,25.290000915527344,25.30769920349121,25.290000915527344,25.30769920349121,1822,0.0,0.0
2024-04-18 14:30:00-04:00,25.260000228881836,25.260000228881836,25.229999542236328,25.239999771118164,1943,0.0,0.0
2024-04-18 15:30:00-04:00,25.239999771118164,25.239999771118164,25.239999771118164,25.239999771118164,484,0.0,0.0
2024-04-19 09:30:00-04:00,25.283000946044922,25.309999465942383,25.283000946044922,25.309999465942383,1533,0.0,0.0
2024-04-19 11:30:00-04:00,25.325000762939453,25.360000610351562,25.31999969482422,25.31999969482422,3722,0.0,0.0
2024-04-19 14:30:00-04:00,25.348899841308594,25.350000381469727,25.267499923706055,25.350000381469727,4228,0.0,0.0
2024-04-19 15:30:00-04:00,25.350000381469727,25.350000381469727,25.239999771118164,25.329999923706055,4300,0.0,0.0
2024-04-22 09:30:00-04:00,25.326799392700195,25.328100204467773,25.229999542236328,25.309200286865234,0,0.0,0.0
2024-04-22 10:30:00-04:00,25.299999237060547,25.31999969482422,25.299999237060547,25.31999969482422,689,0.0,0.0
2024-04-22 11:30:00-04:00,25.350000381469727,25.3700008392334,25.260000228881836,25.260000228881836,2769,0.0,0.0
2024-04-22 12:30:00-04:00,25.34000015258789,25.350000381469727,25.31999969482422,25.31999969482422,611,0.0,0.0
2024-04-22 15:30:00-04:00,25.348400115966797,25.350000381469727,25.34000015258789,25.350000381469727,2279,0.0,0.0
2024-04-23 09:30:00-04:00,25.334999084472656,25.3799991607666,25.334999084472656,25.3799991607666,1173,0.0,0.0
2024-04-23 10:30:00-04:00,25.3799991607666,25.45509910583496,25.3799991607666,25.45509910583496,2042,0.0,0.0
2024-04-23 14:30:00-04:00,25.459999084472656,25.459999084472656,25.399999618530273,25.399999618530273,573,0.0,0.0
2024-04-23 15:30:00-04:00,25.360000610351562,25.459999084472656,25.360000610351562,25.459999084472656,892,0.0,0.0
2024-04-24 09:30:00-04:00,25.40999984741211,25.459999084472656,25.40999984741211,25.459999084472656,2790,0.0,0.0
2024-04-24 10:30:00-04:00,25.459999084472656,25.473899841308594,25.40019989013672,25.440000534057617,2435,0.0,0.0
2024-04-24 11:30:00-04:00,25.420000076293945,25.420000076293945,25.420000076293945,25.420000076293945,560,0.0,0.0
2024-04-24 15:30:00-04:00,25.479999542236328,25.48900032043457,25.448400497436523,25.450000762939453,1562,0.0,0.0
2024-04-25 09:30:00-04:00,25.389999389648438,25.469999313354492,25.389999389648438,25.444400787353516,2258,0.0,0.0
2024-04-25 10:30:00-04:00,25.46470069885254,25.489999771118164,25.46470069885254,25.489999771118164,1573,0.0,0.0
2024-04-25 11:30:00-04:00,25.486000061035156,25.486000061035156,25.486000061035156,25.486000061035156,292,0.0,0.0
2024-04-25 12:30:00-04:00,25.482799530029297,25.482799530029297,25.459999084472656,25.459999084472656,1029,0.0,0.0
2024-04-25 13:30:00-04:00,25.450000762939453,25.450000762939453,25.450000762939453,25.450000762939453,315,0.0,0.0
2024-04-26 09:30:00-04:00,25.499900817871094,25.5,25.440000534057617,25.440000534057617,2418,0.0,0.0
2024-04-26 10:30:00-04:00,25.469999313354492,25.5,25.467500686645508,25.5,1249,0.0,0.0
2024-04-26 11:30:00-04:00,25.49519920349121,25.549999237060547,25.49519920349121,25.549999237060547,1408,0.0,0.0
2024-04-26 13:30:00-04:00,25.51740074157715,25.51740074157715,25.500200271606445,25.500200271606445,656,0.0,0.0
2024-04-26 14:30:00-04:00,25.520000457763672,25.532800674438477,25.520000457763672,25.524999618530273,728,0.0,0.0
2024-04-26 15:30:00-04:00,25.549999237060547,25.549999237060547,25.5,25.5,1181,0.0,0.0
2024-04-29 09:30:00-04:00,25.560199737548828,25.560199737548828,25.560199737548828,25.560199737548828,646,0.0,0.0
2024-04-29 11:30:00-04:00,25.55500030517578,25.55500030517578,25.51740074157715,25.51919937133789,997,0.0,0.0
2024-04-29 12:30:00-04:00,25.55500030517578,25.55500030517578,25.510099411010742,25.510099411010742,1036,0.0,0.0
2024-04-29 13:30:00-04:00,25.55500030517578,25.55500030517578,25.55500030517578,25.55500030517578,920,0.0,0.0
2024-04-29 14:30:00-04:00,25.55500030517578,25.583799362182617,25.55500030517578,25.583799362182617,622,0.0,0.0
2024-04-29 15:30:00-04:00,25.549999237060547,25.549999237060547,25.520000457763672,25.520000457763672,282,0.0,0.0
2024-04-30 09:30:00-04:00,25.540000915527344,25.59000015258789,25.460100173950195,25.559999465942383,2761,0.0,0.0
2024-04-30 11:30:00-04:00,25.489999771118164,25.489999771118164,25.489999771118164,25.489999771118164,436,0.0,0.0
2024-04-30 12:30:00-04:00,25.469999313354492,25.469999313354492,25.469999313354492,25.469999313354492,498,0.0,0.0
2024-04-30 13:30:00-04:00,25.449199676513672,25.449199676513672,25.449199676513672,25.449199676513672,155,0.0,0.0
2024-04-30 14:30:00-04:00,25.440000534057617,25.459699630737305,25.420000076293945,25.456199645996094,2832,0.0,0.0
2024-04-30 15:30:00-04:00,25.459999084472656,25.600000381469727,25.450000762939453,25.600000381469727,4166,0.0,0.0
2024-05-01 09:30:00-04:00,25.448999404907227,25.554899215698242,25.448999404907227,25.554899215698242,258,0.0,0.0
2024-05-01 11:30:00-04:00,25.524999618530273,25.524999618530273,25.524999618530273,25.524999618530273,3848,0.0,0.0
2024-05-01 12:30:00-04:00,25.528600692749023,25.549800872802734,25.528600692749023,25.549699783325195,291,0.0,0.0
2024-05-01 14:30:00-04:00,25.600000381469727,25.6200008392334,25.600000381469727,25.6200008392334,2132,0.0,0.0
2024-05-01 15:30:00-04:00,25.55940055847168,25.61400032043457,25.55940055847168,25.600000381469727,1293,0.0,0.0
2024-05-02 13:30:00-04:00,25.537200927734375,25.549999237060547,25.537200927734375,25.549999237060547,954,0.0,0.0
2024-05-02 14:30:00-04:00,25.625,25.625,25.52039909362793,25.52039909362793,2617,0.0,0.0
2024-05-02 15:30:00-04:00,25.56999969482422,25.56999969482422,25.520000457763672,25.520000457763672,807,0.0,0.0
2024-05-03 09:30:00-04:00,25.642099380493164,25.642099380493164,25.60449981689453,25.60449981689453,367,0.0,0.0
2024-05-03 10:30:00-04:00,25.590299606323242,25.590299606323242,25.590299606323242,25.590299606323242,457,0.0,0.0
2024-05-03 13:30:00-04:00,25.6200008392334,25.6200008392334,25.6200008392334,25.6200008392334,361,0.0,0.0
2024-05-03 14:30:00-04:00,25.629899978637695,25.6299991607666,25.629899978637695,25.6299991607666,649,0.0,0.0
2024-05-03 15:30:00-04:00,25.649999618530273,25.68000030517578,25.649999618530273,25.68000030517578,317,0.0,0.0
2024-05-06 09:30:00-04:00,25.614999771118164,25.614999771118164,25.614999771118164,25.614999771118164,175,0.0,0.0
2024-05-06 10:30:00-04:00,25.610000610351562,25.68000030517578,25.550100326538086,25.550100326538086,502,0.0,0.0
2024-05-06 12:30:00-04:00,25.719900131225586,25.719900131225586,25.719900131225586,25.719900131225586,279,0.0,0.0
2024-05-06 13:30:00-04:00,25.710800170898438,25.710800170898438,25.710800170898438,25.710800170898438,401,0.0,0.0
2024-05-06 14:30:00-04:00,25.663299560546875,25.700000762939453,25.650100708007812,25.650100708007812,2820,0.0,0.0
2024-05-06 15:30:00-04:00,25.692800521850586,25.719999313354492,25.649999618530273,25.700000762939453,0,0.0,0.0
2024-05-07 09:30:00-04:00,25.719999313354492,25.75,25.649999618530273,25.706199645996094,5382,0.0,0.0
2024-05-07 11:30:00-04:00,25.700000762939453,25.700000762939453,25.66309928894043,25.700000762939453,905,0.0,0.0
2024-05-07 13:30:00-04:00,25.746599197387695,25.75,25.739999771118164,25.749900817871094,1185,0.0,0.0
2024-05-07 14:30:00-04:00,25.704999923706055,25.704999923706055,25.704999923706055,25.704999923706055,266,0.0,0.0
2024-05-08 09:30:00-04:00,25.699899673461914,25.699899673461914,25.699899673461914,25.699899673461914,511,0.0,0.0
2024-05-08 10:30:00-04:00,25.705400466918945,25.705400466918945,25.684999465942383,25.684999465942383,1169,0.0,0.0
2024-05-08 11:30:00-04:00,25.68000030517578,25.68000030517578,25.649999618530273,25.650100708007812,2000,0.0,0.0
2024-05-08 12:30:00-04:00,25.68000030517578,25.71500015258789,25.68000030517578,25.71500015258789,1298,0.0,0.0
2024-05-08 13:30:00-04:00,25.749900817871094,25.749900817871094,25.749900817871094,25.749900817871094,943,0.0,0.0
2024-05-08 14:30:00-04:00,25.649999618530273,25.715499877929688,25.649999618530273,25.715499877929688,888,0.0,0.0
2024-05-09 09:30:00-04:00,25.749900817871094,25.749900817871094,25.65880012512207,25.69890022277832,1606,0.0,0.0
2024-05-09 11:30:00-04:00,25.699899673461914,25.75,25.699899673461914,25.700000762939453,1613,0.0,0.0
2024-05-09 13:30:00-04:00,25.649999618530273,25.649999618530273,25.649999618530273,25.649999618530273,396,0.0,0.0
2024-05-09 14:30:00-04:00,25.749900817871094,25.749900817871094,25.690000534057617,25.690000534057617,1614,0.0,0.0
2024-05-10 09:30:00-04:00,25.6200008392334,25.703699111938477,25.6200008392334,25.703699111938477,426,0.0,0.0
2024-05-10 10:30:00-04:00,25.639999389648438,25.729999542236328,25.639999389648438,25.70009994506836,2304,0.0,0.0
2024-05-10 11:30:00-04:00,25.699899673461914,25.699899673461914,25.650299072265625,25.650299072265625,1237,0.0,0.0
2024-05-10 12:30:00-04:00,25.677900314331055,25.677900314331055,25.677900314331055,25.677900314331055,570,0.0,0.0
2024-05-10 13:30:00-04:00,25.700000762939453,25.700000762939453,25.700000762939453,25.700000762939453,622,0.0,0.0
2024-05-10 14:30:00-04:00,25.723800659179688,25.723800659179688,25.723800659179688,25.723800659179688,535,0.0,0.0
2024-05-10 15:30:00-04:00,25.709999084472656,25.709999084472656,25.709999084472656,25.709999084472656,335,0.0,0.0
2024-05-13 13:30:00-04:00,25.749900817871094,25.749900817871094,25.749900817871094,25.749900817871094,0,0.0,0.0
2024-05-14 09:30:00-04:00,25.704999923706055,25.75,25.704999923706055,25.75,1844,0.0,0.0
2024-05-14 10:30:00-04:00,25.768699645996094,25.768699645996094,25.768699645996094,25.768699645996094,303,0.0,0.0
2024-05-14 13:30:00-04:00,25.75,25.75,25.73189926147461,25.73189926147461,3428,0.0,0.0
2024-05-14 14:30:00-04:00,25.738399505615234,25.738399505615234,25.700000762939453,25.700000762939453,999,0.0,0.0
2024-05-14 15:30:00-04:00,25.774099349975586,25.774099349975586,25.769699096679688,25.769699096679688,267,0.0,0.0
2024-05-15 09:30:00-04:00,25.780000686645508,25.780000686645508,25.7455997467041,25.7455997467041,1121,0.0,0.0
2024-05-15 10:30:00-04:00,25.780000686645508,25.780000686645508,25.76569938659668,25.780000686645508,2036,0.0,0.0
2024-05-15 12:30:00-04:00,25.772199630737305,25.772199630737305,25.761899948120117,25.761899948120117,1249,0.0,0.0
2024-05-15 14:30:00-04:00,25.861600875854492,25.861600875854492,25.861600875854492,25.861600875854492,263,0.0,0.0
2024-05-15 15:30:00-04:00,25.860000610351562,25.860000610351562,25.859899520874023,25.859899520874023,2167,0.0,0.0
2024-05-16 10:30:00-04:00,25.78529930114746,25.78529930114746,25.710599899291992,25.710599899291992,1972,0.0,0.0
2024-05-16 15:30:00-04:00,25.815000534057617,25.815000534057617,25.815000534057617,25.815000534057617,1222,0.0,0.0
2024-05-17 09:30:00-04:00,25.79509925842285,25.79509925842285,25.70009994506836,25.70009994506836,2167,0.0,0.0
2024-05-17 10:30:00-04:00,25.859899520874023,25.859899520874023,25.727500915527344,25.804399490356445,2377,0.0,0.0
2024-05-17 11:30:00-04:00,25.820999145507812,25.860000610351562,25.79010009765625,25.79010009765625,1139,0.0,0.0
2024-05-17 13:30:00-04:00,25.762399673461914,25.762399673461914,25.762399673461914,25.762399673461914,1246,0.0,0.0
2024-05-20 09:30:00-04:00,25.799999237060547,25.889999389648438,25.799999237060547,25.81999969482422,1697,0.0,0.0
2024-05-20 10:30:00-04:00,25.889799118041992,25.889799118041992,25.889299392700195,25.889299392700195,1511,0.0,0.0
2024-05-20 11:30:00-04:00,25.88990020751953,25.899999618530273,25.88990020751953,25.890100479125977,1747,0.0,0.0
2024-05-20 12:30:00-04:00,25.88990020751953,25.88990020751953,25.88990020751953,25.88990020751953,486,0.0,0.0
2024-05-20 14:30:00-04:00,25.87019920349121,25.908199310302734,25.850099563598633,25.895000457763672,1735,0.0,0.0
2024-05-20 15:30:00-04:00,25.940000534057617,25.940000534057617,25.88010025024414,25.899999618530273,3421,0.0,0.0
2024-05-21 09:30:00-04:00,25.860000610351562,25.940000534057617,25.858699798583984,25.940000534057617,3091,0.0,0.0
2024-05-21 10:30:00-04:00,25.940000534057617,25.940000534057617,25.8700008392334,25.900100708007812,4806,0.0,0.0
2024-05-21 13:30:00-04:00,25.895700454711914,25.895700454711914,25.895700454711914,25.895700454711914,413,0.0,0.0
2024-05-21 14:30:00-04:00,25.920000076293945,25.920000076293945,25.920000076293945,25.920000076293945,2058,0.0,0.0
2024-05-22 09:30:00-04:00,25.8700008392334,25.8700008392334,25.8700008392334,25.8700008392334,354,0.0,0.0
2024-05-22 10:30:00-04:00,25.94409942626953,25.94409942626953,25.94409942626953,25.94409942626953,205,0.0,0.0
2024-05-22 11:30:00-04:00,25.925500869750977,25.925500869750977,25.925500869750977,25.925500869750977,333,0.0,0.0
2024-05-22 12:30:00-04:00,25.959999084472656,25.959999084472656,25.95989990234375,25.95989990234375,530,0.0,0.0
2024-05-22 13:30:00-04:00,25.959999084472656,25.959999084472656,25.950000762939453,25.950000762939453,700,0.0,0.0
2024-05-22 14:30:00-04:00,25.90999984741211,25.90999984741211,25.90999984741211,25.90999984741211,435,0.0,0.0
2024-05-23 09:30:00-04:00,25.950000762939453,25.950000762939453,25.941999435424805,25.950000762939453,1185,0.0,0.0
2024-05-23 10:30:00-04:00,25.854999542236328,25.854999542236328,25.799999237060547,25.799999237060547,727,0.0,0.0
2024-05-23 11:30:00-04:00,25.799999237060547,25.864999771118164,25.799999237060547,25.864999771118164,3048,0.0,0.0
2024-05-23 12:30:00-04:00,25.759700775146484,25.815000534057617,25.700000762939453,25.815000534057617,5651,0.0,0.0
2024-05-23 13:30:00-04:00,25.84000015258789,25.84000015258789,25.831600189208984,25.831600189208984,492,0.0,0.0
2024-05-23 14:30:00-04:00,25.799999237060547,25.929899215698242,25.799999237060547,25.84000015258789,2016,0.0,0.0
2024-05-23 15:30:00-04:00,25.84000015258789,25.84000015258789,25.84000015258789,25.84000015258789,564,0.0,0.0
2024-05-24 09:30:00-04:00,25.81999969482422,25.81999969482422,25.81999969482422,25.81999969482422,0,0.0,0.0
2024-05-24 11:30:00-04:00,25.889999389648438,25.889999389648438,25.889999389648438,25.889999389648438,503,0.0,0.0
2024-05-24 12:30:00-04:00,25.899999618530273,25.899999618530273,25.899999618530273,25.899999618530273,408,0.0,0.0
2024-05-24 13:30:00-04:00,25.917800903320312,25.917800903320312,25.917800903320312,25.917800903320312,306,0.0,0.0
2024-05-24 14:30:00-04:00,25.93000030517578,25.93000030517578,25.875,25.875,1499,0.0,0.0
2024-05-24 15:30:00-04:00,25.922300338745117,25.922300338745117,25.922300338745117,25.922300338745117,109,0.0,0.0
2024-05-28 09:30:00-04:00,25.93000030517578,25.937999725341797,25.92970085144043,25.937999725341797,1324,0.0,0.0
2024-05-28 11:30:00-04:00,25.919700622558594,25.920000076293945,25.91939926147461,25.91939926147461,1067,0.0,0.0
2024-05-28 12:30:00-04:00,25.939899444580078,25.939899444580078,25.939899444580078,25.939899444580078,580,0.0,0.0
2024-05-28 13:30:00-04:00,25.920000076293945,25.940000534057617,25.900100708007812,25.91900062561035,2769,0.0,0.0
2024-05-28 14:30:00-04:00,25.929899215698242,25.929899215698242,25.83099937438965,25.83099937438965,614,0.0,0.0
2024-05-28 15:30:00-04:00,25.873699188232422,25.873699188232422,25.873699188232422,25.873699188232422,242,0.0,0.0
2024-05-29 09:30:00-04:00,25.799999237060547,25.8700008392334,25.799999237060547,25.8700008392334,2248,0.0,0.0
2024-05-29 10:30:00-04:00,25.869800567626953,25.869800567626953,25.81399917602539,25.81399917602539,1928,0.0,0.0
2024-05-29 11:30:00-04:00,25.859500885009766,25.859500885009766,25.859500885009766,25.859500885009766,598,0.0,0.0
2024-05-29 12:30:00-04:00,25.84000015258789,25.846399307250977,25.820100784301758,25.838199615478516,2674,0.0,0.0
2024-05-29 13:30:00-04:00,25.844999313354492,25.86989974975586,25.800100326538086,25.809499740600586,7590,0.0,0.0
2024-05-29 14:30:00-04:00,25.799999237060547,25.82069969177246,25.690000534057617,25.82069969177246,2721,0.0,0.0
2024-05-30 09:30:00-04:00,25.850000381469727,25.850000381469727,25.850000381469727,25.850000381469727,1800,0.0,0.0
2024-05-30 10:30:00-04:00,25.80270004272461,25.80270004272461,25.72610092163086,25.72610092163086,2290,0.0,0.0
2024-05-30 11:30:00-04:00,25.82659912109375,25.834999084472656,25.82659912109375,25.834999084472656,1444,0.0,0.0
2024-05-30 12:30:00-04:00,25.830900192260742,25.8700008392334,25.830900192260742,25.85700035095215,4021,0.0,0.0
2024-05-30 13:30:00-04:00,25.83169937133789,25.83169937133789,25.83169937133789,25.83169937133789,210,0.0,0.0
2024-05-30 14:30:00-04:00,25.839399337768555,25.839399337768555,25.839399337768555,25.839399337768555,245,0.0,0.0
2024-05-30 15:30:00-04:00,25.81999969482422,25.834999084472656,25.81999969482422,25.830900192260742,2398,0.0,0.0
2024-05-31 09:30:00-04:00,25.260000228881836,25.320100784301758,25.240800857543945,25.320100784301758,13204,0.0,0.0
2024-05-31 10:30:00-04:00,25.31999969482422,25.3700008392334,25.31999969482422,25.360000610351562,3741,0.0,0.0
2024-05-31 11:30:00-04:00,25.360000610351562,25.3700008392334,25.360000610351562,25.3700008392334,718,0.0,0.0
2024-05-31 12:30:00-04:00,25.350000381469727,25.350000381469727,25.350000381469727,25.350000381469727,385,0.0,0.0
2024-05-31 13:30:00-04:00,25.35759925842285,25.3700008392334,25.350000381469727,25.3700008392334,1281,0.0,0.0
2024-05-31 14:30:00-04:00,25.352800369262695,25.352800369262695,25.352800369262695,25.352800369262695,168,0.0,0.0
2024-05-31 15:30:00-04:00,25.350000381469727,25.350000381469727,25.329999923706055,25.329999923706055,1125,0.0,0.0
2024-06-03 09:30:00-04:00,25.3799991607666,25.3799991607666,25.350000381469727,25.350000381469727,915,0.0,0.0
2024-06-03 10:30:00-04:00,25.389999389648438,25.389999389648438,25.3700008392334,25.3700008392334,310,0.0,0.0
2024-06-03 11:30:00-04:00,25.3700008392334,25.3700008392334,25.36319923400879,25.36319923400879,387,0.0,0.0
2024-06-03 12:30:00-04:00,25.350000381469727,25.385700225830078,25.34000015258789,25.34000015258789,1663,0.0,0.0
2024-06-03 13:30:00-04:00,25.34000015258789,25.389999389648438,25.33989906311035,25.389999389648438,3329,0.0,0.0
2024-06-03 14:30:00-04:00,25.353300094604492,25.3799991607666,25.350000381469727,25.3799991607666,1375,0.0,0.0
2024-06-03 15:30:00-04:00,25.389999389648438,25.389999389648438,25.380599975585938,25.380599975585938,603,0.0,0.0
2024-06-04 09:30:00-04:00,25.3799991607666,25.3799991607666,25.3799991607666,25.3799991607666,799,0.0,0.0
2024-06-04 10:30:00-04:00,25.375,25.375,25.375,25.375,493,0.0,0.0
2024-06-04 11:30:00-04:00,25.3799991607666,25.399999618530273,25.3799991607666,25.389999389648438,4996,0.0,0.0
2024-06-04 12:30:00-04:00,25.375,25.399999618530273,25.375,25.399900436401367,1292,0.0,0.0
2024-06-04 13:30:00-04:00,25.399999618530273,25.420000076293945,25.399900436401367,25.420000076293945,2834,0.0,0.0
2024-06-04 14:30:00-04:00,25.40999984741211,25.43000030517578,25.406400680541992,25.43000030517578,4075,0.0,0.0
2024-06-04 15:30:00-04:00,25.43000030517578,25.43000030517578,25.399999618530273,25.43000030517578,2530,0.0,0.0
2024-06-05 09:30:00-04:00,25.440000534057617,25.440000534057617,25.3799991607666,25.3799991607666,1093,0.0,0.0
2024-06-05 10:30:00-04:00,25.34000015258789,25.34000015258789,25.34000015258789,25.34000015258789,756,0.0,0.0
2024-06-05 12:30:00-04:00,25.344999313354492,25.350099563598633,25.344999313354492,25.350099563598633,2572,0.0,0.0
2024-06-05 13:30:00-04:00,25.420000076293945,25.450000762939453,25.420000076293945,25.450000762939453,1946,0.0,0.0
2024-06-05 14:30:00-04:00,25.425100326538086,25.450000762939453,25.425100326538086,25.450000762939453,1209,0.0,0.0
2024-06-05 15:30:00-04:00,25.411300659179688,25.411300659179688,25.411300659179688,25.411300659179688,555,0.0,0.0
2024-06-06 09:30:00-04:00,25.429899215698242,25.429899215698242,25.429899215698242,25.429899215698242,925,0.0,0.0
2024-06-06 10:30:00-04:00,25.450000762939453,25.450000762939453,25.416200637817383,25.416200637817383,3137,0.0,0.0
2024-06-06 11:30:00-04:00,25.424999237060547,25.424999237060547,25.424999237060547,25.424999237060547,293,0.0,0.0
2024-06-06 12:30:00-04:00,25.424999237060547,25.424999237060547,25.424999237060547,25.424999237060547,499,0.0,0.0
2024-06-06 14:30:00-04:00,25.43120002746582,25.43120002746582,25.43120002746582,25.43120002746582,1159,0.0,0.0
2024-06-07 09:30:00-04:00,25.469999313354492,25.469999313354492,25.424999237060547,25.450000762939453,0,0.0,0.0
2024-06-07 10:30:00-04:00,25.472700119018555,25.472700119018555,25.472700119018555,25.472700119018555,266,0.0,0.0
2024-06-07 11:30:00-04:00,25.489999771118164,25.489999771118164,25.489999771118164,25.489999771118164,579,0.0,0.0
2024-06-07 12:30:00-04:00,25.49799919128418,25.49799919128418,25.49799919128418,25.49799919128418,250,0.0,0.0
2024-06-07 13:30:00-04:00,25.489999771118164,25.489999771118164,25.489999771118164,25.489999771118164,623,0.0,0.0
2024-06-07 14:30:00-04:00,25.479000091552734,25.479999542236328,25.479000091552734,25.479999542236328,773,0.0,0.0
2024-06-07 15:30:00-04:00,25.5,25.5,25.460100173950195,25.460100173950195,1306,0.0,0.0
2024-06-10 09:30:00-04:00,25.517900466918945,25.520000457763672,25.517900466918945,25.520000457763672,0,0.0,0.0
2024-06-10 10:30:00-04:00,25.49650001525879,25.49650001525879,25.49650001525879,25.49650001525879,798,0.0,0.0
2024-06-10 11:30:00-04:00,25.450000762939453,25.452499389648438,25.361799240112305,25.361799240112305,2757,0.0,0.0
2024-06-10 14:30:00-04:00,25.406600952148438,25.406600952148438,25.406600952148438,25.406600952148438,286,0.0,0.0
2024-06-11 12:30:00-04:00,25.4950008392334,25.499900817871094,25.469999313354492,25.499900817871094,2003,0.0,0.0
2024-06-11 14:30:00-04:00,25.437999725341797,25.437999725341797,25.437999725341797,25.437999725341797,868,0.0,0.0
2024-06-12 09:30:00-04:00,25.434200286865234,25.434200286865234,25.434200286865234,25.434200286865234,288,0.0,0.0
2024-06-12 10:30:00-04:00,25.435400009155273,25.435400009155273,25.385000228881836,25.385000228881836,1145,0.0,0.0
2024-06-12 11:30:00-04:00,25.361000061035156,25.361000061035156,25.342300415039062,25.350099563598633,1882,0.0,0.0
2024-06-12 12:30:00-04:00,25.350000381469727,25.3799991607666,25.350000381469727,25.3799991607666,2047,0.0,0.0
2024-06-12 13:30:00-04:00,25.389999389648438,25.40999984741211,25.3799991607666,25.40999984741211,900,0.0,0.0
2024-06-12 14:30:00-04:00,25.439599990844727,25.462400436401367,25.439599990844727,25.462400436401367,940,0.0,0.0
2024-06-13 09:30:00-04:00,25.449399948120117,25.45560073852539,25.44729995727539,25.45560073852539,0,0.0,0.0
2024-06-13 10:30:00-04:00,25.399999618530273,25.415000915527344,25.360000610351562,25.3799991607666,1965,0.0,0.0
2024-06-13 11:30:00-04:00,25.3799991607666,25.38010025024414,25.3799991607666,25.38010025024414,916,0.0,0.0
2024-06-13 12:30:00-04:00,25.350000381469727,25.350200653076172,25.350000381469727,25.350200653076172,1899,0.0,0.0
2024-06-13 14:30:00-04:00,25.360000610351562,25.360000610351562,25.360000610351562,25.360000610351562,200,0.0,0.0
2024-06-13 15:30:00-04:00,25.354999542236328,25.360000610351562,25.354999542236328,25.360000610351562,475,0.0,0.0
2024-06-14 09:30:00-04:00,25.450000762939453,25.450000762939453,25.299999237060547,25.299999237060547,2500,0.0,0.0
2024-06-14 10:30:00-04:00,25.329999923706055,25.350000381469727,25.329999923706055,25.350000381469727,1172,0.0,0.0
2024-06-14 11:30:00-04:00,25.350000381469727,25.450000762939453,25.349899291992188,25.349899291992188,1384,0.0,0.0
2024-06-14 12:30:00-04:00,25.350000381469727,25.350000381469727,25.329700469970703,25.329700469970703,309,0.0,0.0
2024-06-17 09:30:00-04:00,25.450000762939453,25.450000762939453,25.43000030517578,25.450000762939453,2495,0.0,0.0
2024-06-17 10:30:00-04:00,25.464799880981445,25.464799880981445,25.464799880981445,25.464799880981445,1287,0.0,0.0
2024-06-17 14:30:00-04:00,25.448299407958984,25.448299407958984,25.448299407958984,25.448299407958984,168,0.0,0.0
2024-06-17 15:30:00-04:00,25.434999465942383,25.434999465942383,25.434999465942383,25.434999465942383,101,0.0,0.0
2024-06-18 09:30:00-04:00,25.479999542236328,25.479999542236328,25.479999542236328,25.479999542236328,1037,0.0,0.0
2024-06-18 10:30:00-04:00,25.516599655151367,25.520000457763672,25.516599655151367,25.520000457763672,300,0.0,0.0
2024-06-18 11:30:00-04:00,25.514999389648438,25.514999389648438,25.3799991607666,25.411100387573242,3275,0.0,0.0
2024-06-18 12:30:00-04:00,25.45560073852539,25.45560073852539,25.45560073852539,25.45560073852539,50,0.0,0.0
2024-06-18 13:30:00-04:00,25.459999084472656,25.510000228881836,25.459999084472656,25.510000228881836,1442,0.0,0.0
2024-06-18 14:30:00-04:00,25.450000762939453,25.450000762939453,25.389999389648438,25.389999389648438,2710,0.0,0.0
2024-06-20 09:30:00-04:00,25.4867000579834,25.4867000579834,25.4867000579834,25.4867000579834,0,0.0,0.0
2024-06-20 10:30:00-04:00,25.487300872802734,25.489999771118164,25.3799991607666,25.469999313354492,2204,0.0,0.0
2024-06-20 12:30:00-04:00,25.479999542236328,25.479999542236328,25.479999542236328,25.479999542236328,675,0.0,0.0
2024-06-20 13:30:00-04:00,25.499900817871094,25.519899368286133,25.4950008392334,25.519899368286133,1322,0.0,0.0
2024-06-20 14:30:00-04:00,25.520000457763672,25.530000686645508,25.485000610351562,25.485000610351562,4602,0.0,0.0
2024-06-20 15:30:00-04:00,25.530000686645508,25.530000686645508,25.530000686645508,25.530000686645508,2628,0.0,0.0
2024-06-21 09:30:00-04:00,25.485000610351562,25.540000915527344,25.479999542236328,25.524999618530273,6297,0.0,0.0
2024-06-21 12:30:00-04:00,25.579999923706055,25.614999771118164,25.530000686645508,25.530000686645508,2516,0.0,0.0
2024-06-21 13:30:00-04:00,25.59000015258789,25.649999618530273,25.59000015258789,25.625699996948242,3113,0.0,0.0
2024-06-21 14:30:00-04:00,25.567699432373047,25.66230010986328,25.567699432373047,25.66230010986328,466,0.0,0.0
2024-06-21 15:30:00-04:00,25.699899673461914,25.770000457763672,25.638599395751953,25.770000457763672,2945,0.0,0.0
2024-06-24 09:30:00-04:00,25.773399353027344,25.773399353027344,25.773399353027344,25.773399353027344,854,0.0,0.0
2024-06-24 11:30:00-04:00,25.6299991607666,25.6299991607666,25.600000381469727,25.600000381469727,1263,0.0,0.0
2024-06-24 12:30:00-04:00,25.579999923706055,25.579999923706055,25.56999969482422,25.56999969482422,2243,0.0,0.0
2024-06-24 13:30:00-04:00,25.520000457763672,25.540000915527344,25.5,25.5,5418,0.0,0.0
2024-06-24 14:30:00-04:00,25.56599998474121,25.56599998474121,25.430400848388672,25.430400848388672,9771,0.0,0.0
2024-06-24 15:30:00-04:00,25.440000534057617,25.5049991607666,25.420000076293945,25.420000076293945,6071,0.0,0.0
2024-06-25 09:30:00-04:00,25.454999923706055,25.485000610351562,25.453800201416016,25.455799102783203,2731,0.0,0.0
2024-06-25 10:30:00-04:00,25.491899490356445,25.491899490356445,25.3700008392334,25.441099166870117,4364,0.0,0.0
2024-06-25 11:30:00-04:00,25.39150047302246,25.43000030517578,25.39150047302246,25.417999267578125,4312,0.0,0.0
2024-06-25 12:30:00-04:00,25.440000534057617,25.469900131225586,25.429500579833984,25.440000534057617,2183,0.0,0.0
2024-06-25 13:30:00-04:00,25.469999313354492,25.510000228881836,25.40999984741211,25.510000228881836,3479,0.0,0.0
2024-06-25 14:30:00-04:00,25.510000228881836,25.790000915527344,25.510000228881836,25.790000915527344,3971,0.0,0.0
2024-06-25 15:30:00-04:00,25.659900665283203,25.65999984741211,25.649999618530273,25.649999618530273,1308,0.0,0.0
2024-06-26 09:30:00-04:00,25.475000381469727,25.557300567626953,25.472400665283203,25.524999618530273,4669,0.0,0.0
2024-06-26 10:30:00-04:00,25.540000915527344,25.540000915527344,25.479999542236328,25.479999542236328,412,0.0,0.0
2024-06-26 11:30:00-04:00,25.459999084472656,25.51409912109375,25.459999084472656,25.51409912109375,843,0.0,0.0
2024-06-26 12:30:00-04:00,25.47010040283203,25.47010040283203,25.47010040283203,25.47010040283203,1126,0.0,0.0
2024-06-26 13:30:00-04:00,25.450000762939453,25.546300888061523,25.43000030517578,25.469999313354492,2085,0.0,0.0
2024-06-26 14:30:00-04:00,25.469999313354492,25.510000228881836,25.3700008392334,25.389999389648438,9459,0.0,0.0
2024-06-26 15:30:00-04:00,25.389999389648438,25.40999984741211,25.139999389648438,25.280000686645508,38088,0.0,0.0
2024-06-27 09:30:00-04:00,25.329999923706055,25.379899978637695,25.309999465942383,25.344999313354492,9792,0.0,0.0
2024-06-27 10:30:00-04:00,25.309999465942383,25.34000015258789,25.309999465942383,25.31999969482422,1302,0.0,0.0
2024-06-27 11:30:00-04:00,25.344999313354492,25.344999313354492,25.260000228881836,25.260000228881836,11555,0.0,0.0
2024-06-27 12:30:00-04:00,25.260000228881836,25.270000457763672,25.260000228881836,25.260000228881836,1270,0.0,0.0
2024-06-27 13:30:00-04:00,25.270000457763672,25.270000457763672,25.270000457763672,25.270000457763672,1122,0.0,0.0
2024-06-27 14:30:00-04:00,25.280000686645508,25.280000686645508,25.280000686645508,25.280000686645508,3260,0.0,0.0
2024-06-27 15:30:00-04:00,25.260000228881836,25.260000228881836,25.239999771118164,25.239999771118164,6207,0.0,0.0
2024-06-28 09:30:00-04:00,25.26919937133789,25.26919937133789,25.219999313354492,25.219999313354492,7216,0.0,0.0
2024-06-28 10:30:00-04:00,25.219999313354492,25.25,25.209999084472656,25.229999542236328,18204,0.0,0.0
2024-06-28 11:30:00-04:00,25.219999313354492,25.243900299072266,25.219999313354492,25.219999313354492,23194,0.0,0.0
2024-06-28 12:30:00-04:00,25.235000610351562,25.299999237060547,25.219999313354492,25.219999313354492,9789,0.0,0.0
2024-06-28 13:30:00-04:00,25.219999313354492,25.270000457763672,25.219999313354492,25.25,5222,0.0,0.0
2024-06-28 14:30:00-04:00,25.27400016784668,25.350000381469727,25.25,25.260000228881836,3398,0.0,0.0
2024-06-28 15:30:00-04:00,25.260000228881836,25.329999923706055,25.219999313354492,25.280000686645508,23670,0.0,0.0
2024-07-01 09:30:00-04:00,25.31999969482422,25.329999923706055,25.2810001373291,25.329999923706055,9845,0.0,0.0
2024-07-01 10:30:00-04:00,25.299999237060547,25.299999237060547,25.270000457763672,25.270000457763672,3876,0.0,0.0
2024-07-01 11:30:00-04:00,25.299999237060547,25.299999237060547,25.299999237060547,25.299999237060547,333,0.0,0.0
2024-07-01 12:30:00-04:00,25.270000457763672,25.309999465942383,25.270000457763672,25.309999465942383,1361,0.0,0.0
2024-07-01 13:30:00-04:00,25.299999237060547,25.299999237060547,25.299999237060547,25.299999237060547,1302,0.0,0.0
2024-07-01 14:30:00-04:00,25.31999969482422,25.31999969482422,25.300100326538086,25.319799423217773,2844,0.0,0.0
2024-07-01 15:30:00-04:00,25.32990074157715,25.32990074157715,25.32990074157715,25.32990074157715,224,0.0,0.0
2024-07-02 09:30:00-04:00,25.32979965209961,25.385000228881836,25.314800262451172,25.34000015258789,5431,0.0,0.0
2024-07-02 11:30:00-04:00,25.3700008392334,25.3799991607666,25.3700008392334,25.3700008392334,1620,0.0,0.0
2024-07-02 12:30:00-04:00,25.381099700927734,25.381099700927734,25.360000610351562,25.360000610351562,1082,0.0,0.0
2024-07-02 13:30:00-04:00,25.398000717163086,25.398000717163086,25.350099563598633,25.350099563598633,2955,0.0,0.0
2024-07-02 14:30:00-04:00,25.391599655151367,25.391599655151367,25.3799991607666,25.3799991607666,639,0.0,0.0
2024-07-02 15:30:00-04:00,25.3799991607666,25.3799991607666,25.3799991607666,25.3799991607666,322,0.0,0.0
2024-07-03 09:30:00-04:00,25.389999389648438,25.420000076293945,25.385000228881836,25.420000076293945,11091,0.0,0.0
2024-07-03 10:30:00-04:00,25.395000457763672,25.399999618530273,25.395000457763672,25.399999618530273,5682,0.0,0.0
2024-07-03 11:30:00-04:00,25.41990089416504,25.41990089416504,25.389999389648438,25.389999389648438,2930,0.0,0.0
2024-07-05 09:30:00-04:00,25.40999984741211,25.40999984741211,25.40999984741211,25.40999984741211,300,0.0,0.0
2024-07-05 10:30:00-04:00,25.415000915527344,25.415000915527344,25.399999618530273,25.399999618530273,338,0.0,0.0
2024-07-05 11:30:00-04:00,25.424800872802734,25.424800872802734,25.41320037841797,25.41950035095215,591,0.0,0.0
2024-07-05 12:30:00-04:00,25.40999984741211,25.40999984741211,25.3700008392334,25.3700008392334,2654,0.0,0.0
2024-07-05 13:30:00-04:00,25.3700008392334,25.40489959716797,25.3700008392334,25.399999618530273,2889,0.0,0.0
2024-07-05 14:30:00-04:00,25.40399932861328,25.429899215698242,25.3799991607666,25.429899215698242,1680,0.0,0.0
2024-07-05 15:30:00-04:00,25.399999618530273,25.399999618530273,25.399999618530273,25.399999618530273,549,0.0,0.0
2024-07-08 09:30:00-04:00,25.40999984741211,25.40999984741211,25.40999984741211,25.40999984741211,305,0.0,0.0
2024-07-08 10:30:00-04:00,25.399999618530273,25.399999618530273,25.399999618530273,25.399999618530273,436,0.0,0.0
2024-07-08 11:30:00-04:00,25.399999618530273,25.399999618530273,25.3700008392334,25.389999389648438,1764,0.0,0.0
2024-07-08 12:30:00-04:00,25.390899658203125,25.399999618530273,25.3700008392334,25.3700008392334,3865,0.0,0.0
2024-07-08 13:30:00-04:00,25.399999618530273,25.424400329589844,25.389999389648438,25.424400329589844,1754,0.0,0.0
2024-07-08 14:30:00-04:00,25.429899215698242,25.429899215698242,25.3700008392334,25.3700008392334,3032,0.0,0.0
2024-07-08 15:30:00-04:00,25.3700008392334,25.399999618530273,25.3700008392334,25.389999389648438,1521,0.0,0.0
2024-07-09 09:30:00-04:00,25.399999618530273,25.40180015563965,25.3700008392334,25.3700008392334,1603,0.0,0.0
2024-07-09 10:30:00-04:00,25.350000381469727,25.350000381469727,25.31999969482422,25.31999969482422,1338,0.0,0.0
2024-07-09 11:30:00-04:00,25.31999969482422,25.379899978637695,25.31999969482422,25.31999969482422,619,0.0,0.0
2024-07-09 12:30:00-04:00,25.309999465942383,25.349899291992188,25.309999465942383,25.334999084472656,2090,0.0,0.0
2024-07-09 13:30:00-04:00,25.31999969482422,25.364999771118164,25.31999969482422,25.329999923706055,2750,0.0,0.0
2024-07-09 14:30:00-04:00,25.408000946044922,25.408000946044922,25.329999923706055,25.408000946044922,719,0.0,0.0
2024-07-09 15:30:00-04:00,25.31999969482422,25.3341007232666,25.309999465942383,25.309999465942383,3112,0.0,0.0
2024-07-10 09:30:00-04:00,25.40999984741211,25.40999984741211,25.3700008392334,25.3700008392334,1444,0.0,0.0
2024-07-10 11:30:00-04:00,25.350000381469727,25.350000381469727,25.350000381469727,25.350000381469727,570,0.0,0.0
2024-07-10 12:30:00-04:00,25.33009910583496,25.371999740600586,25.309999465942383,25.309999465942383,3014,0.0,0.0
2024-07-10 13:30:00-04:00,25.309999465942383,25.329999923706055,25.309999465942383,25.329500198364258,7606,0.0,0.0
2024-07-10 14:30:00-04:00,25.329999923706055,25.409099578857422,25.299999237060547,25.409099578857422,7726,0.0,0.0
2024-07-10 15:30:00-04:00,25.299999237060547,25.34000015258789,25.280000686645508,25.34000015258789,8805,0.0,0.0
2024-07-11 09:30:00-04:00,25.399999618530273,25.449899673461914,25.3799991607666,25.414499282836914,2347,0.0,0.0
2024-07-11 10:30:00-04:00,25.3799991607666,25.40999984741211,25.3799991607666,25.40999984741211,447,0.0,0.0
2024-07-11 11:30:00-04:00,25.399999618530273,25.399999618530273,25.3799991607666,25.3799991607666,588,0.0,0.0
2024-07-11 12:30:00-04:00,25.360000610351562,25.37459945678711,25.360000610351562,25.373300552368164,1844,0.0,0.0
2024-07-11 14:30:00-04:00,25.409900665283203,25.40999984741211,25.3799991607666,25.40999984741211,1673,0.0,0.0
2024-07-11 15:30:00-04:00,25.40999984741211,25.40999984741211,25.375,25.3843994140625,513,0.0,0.0
2024-07-12 09:30:00-04:00,25.40999984741211,25.440000534057617,25.40999984741211,25.43000030517578,1441,0.0,0.0
2024-07-12 10:30:00-04:00,25.440000534057617,25.440000534057617,25.440000534057617,25.440000534057617,550,0.0,0.0
2024-07-12 11:30:00-04:00,25.450000762939453,25.469900131225586,25.450000762939453,25.469900131225586,1093,0.0,0.0
2024-07-12 12:30:00-04:00,25.469999313354492,25.469999313354492,25.469999313354492,25.469999313354492,296,0.0,0.0
2024-07-12 14:30:00-04:00,25.45009994506836,25.45009994506836,25.45009994506836,25.45009994506836,264,0.0,0.0
