Datetime,Open,High,Low,Close,Volume,Dividends,Stock Splits,Capital Gains
2024-07-29 09:30:00-04:00,14.149999618530273,14.255499839782715,14.149999618530273,14.255499839782715,18924,0.0,0.0,0.0
2024-07-29 09:31:00-04:00,14.180000305175781,14.204999923706055,14.180000305175781,14.204999923706055,596,0.0,0.0,0.0
2024-07-29 09:32:00-04:00,14.15999984741211,14.25,14.15999984741211,14.25,942,0.0,0.0,0.0
2024-07-29 09:33:00-04:00,14.25,14.270000457763672,14.25,14.270000457763672,1869,0.0,0.0,0.0
2024-07-29 09:35:00-04:00,14.239999771118164,14.274999618530273,14.239999771118164,14.274999618530273,560,0.0,0.0,0.0
2024-07-29 09:36:00-04:00,14.279999732971191,14.289999961853027,14.279999732971191,14.279999732971191,2953,0.0,0.0,0.0
2024-07-29 09:37:00-04:00,14.300000190734863,14.3193998336792,14.300000190734863,14.3193998336792,538,0.0,0.0,0.0
2024-07-29 09:38:00-04:00,14.309499740600586,14.309499740600586,14.309499740600586,14.309499740600586,983,0.0,0.0,0.0
2024-07-29 09:40:00-04:00,14.34000015258789,14.34000015258789,14.34000015258789,14.34000015258789,494,0.0,0.0,0.0
2024-07-29 09:41:00-04:00,14.359999656677246,14.359999656677246,14.359999656677246,14.359999656677246,168,0.0,0.0,0.0
2024-07-29 09:42:00-04:00,14.34000015258789,14.34000015258789,14.319999694824219,14.319999694824219,830,0.0,0.0,0.0
2024-07-29 09:43:00-04:00,14.329999923706055,14.329999923706055,14.329999923706055,14.329999923706055,134,0.0,0.0,0.0
2024-07-29 09:44:00-04:00,14.329999923706055,14.378999710083008,14.329999923706055,14.359999656677246,1137,0.0,0.0,0.0
2024-07-29 09:46:00-04:00,14.350000381469727,14.350000381469727,14.350000381469727,14.350000381469727,103,0.0,0.0,0.0
2024-07-29 09:47:00-04:00,14.342000007629395,14.342000007629395,14.329999923706055,14.329999923706055,2465,0.0,0.0,0.0
2024-07-29 09:48:00-04:00,14.280099868774414,14.280099868774414,14.279999732971191,14.279999732971191,708,0.0,0.0,0.0
2024-07-29 09:49:00-04:00,14.260000228881836,14.260000228881836,14.250100135803223,14.250100135803223,356,0.0,0.0,0.0
2024-07-29 09:50:00-04:00,14.260100364685059,14.260100364685059,14.253299713134766,14.253299713134766,1785,0.0,0.0,0.0
2024-07-29 09:51:00-04:00,14.25,14.25,14.25,14.25,1113,0.0,0.0,0.0
2024-07-29 09:56:00-04:00,14.28499984741211,14.28499984741211,14.28499984741211,14.28499984741211,211,0.0,0.0,0.0
2024-07-29 09:57:00-04:00,14.276200294494629,14.276200294494629,14.276200294494629,14.276200294494629,1059,0.0,0.0,0.0
2024-07-29 10:00:00-04:00,14.250100135803223,14.250100135803223,14.25,14.25,750,0.0,0.0,0.0
2024-07-29 10:01:00-04:00,14.303999900817871,14.303999900817871,14.279999732971191,14.279999732971191,1514,0.0,0.0,0.0
2024-07-29 10:02:00-04:00,14.279999732971191,14.279999732971191,14.258999824523926,14.258999824523926,446,0.0,0.0,0.0
2024-07-29 10:03:00-04:00,14.242199897766113,14.242199897766113,14.199999809265137,14.199999809265137,2522,0.0,0.0,0.0
2024-07-29 10:05:00-04:00,14.210000038146973,14.210000038146973,14.199000358581543,14.199999809265137,691,0.0,0.0,0.0
2024-07-29 10:06:00-04:00,14.196999549865723,14.196999549865723,14.196999549865723,14.196999549865723,138,0.0,0.0,0.0
2024-07-29 10:07:00-04:00,14.14900016784668,14.149999618530273,14.14900016784668,14.149999618530273,218,0.0,0.0,0.0
2024-07-29 10:08:00-04:00,14.125,14.125,14.125,14.125,402,0.0,0.0,0.0
2024-07-29 10:10:00-04:00,14.15999984741211,14.15999984741211,14.15999984741211,14.15999984741211,300,0.0,0.0,0.0
2024-07-29 10:11:00-04:00,14.159799575805664,14.159799575805664,14.159799575805664,14.159799575805664,382,0.0,0.0,0.0
2024-07-29 10:12:00-04:00,14.119999885559082,14.119999885559082,14.119999885559082,14.119999885559082,695,0.0,0.0,0.0
2024-07-29 10:13:00-04:00,14.100000381469727,14.100000381469727,14.100000381469727,14.100000381469727,757,0.0,0.0,0.0
2024-07-29 10:14:00-04:00,14.10990047454834,14.10990047454834,14.100000381469727,14.100000381469727,930,0.0,0.0,0.0
2024-07-29 10:15:00-04:00,14.080100059509277,14.080100059509277,14.080100059509277,14.080100059509277,214,0.0,0.0,0.0
2024-07-29 10:16:00-04:00,14.081000328063965,14.081000328063965,14.081000328063965,14.081000328063965,870,0.0,0.0,0.0
2024-07-29 10:20:00-04:00,14.130000114440918,14.130000114440918,14.130000114440918,14.130000114440918,820,0.0,0.0,0.0
2024-07-29 10:34:00-04:00,14.164999961853027,14.164999961853027,14.164999961853027,14.164999961853027,347,0.0,0.0,0.0
2024-07-29 10:36:00-04:00,14.180000305175781,14.180000305175781,14.180000305175781,14.180000305175781,423,0.0,0.0,0.0
2024-07-29 10:37:00-04:00,14.170000076293945,14.170000076293945,14.170000076293945,14.170000076293945,152,0.0,0.0,0.0
2024-07-29 10:38:00-04:00,14.149999618530273,14.149999618530273,14.149999618530273,14.149999618530273,375,0.0,0.0,0.0
2024-07-29 10:42:00-04:00,14.219900131225586,14.219900131225586,14.219900131225586,14.219900131225586,1112,0.0,0.0,0.0
2024-07-29 10:52:00-04:00,14.149999618530273,14.149999618530273,14.149999618530273,14.149999618530273,323,0.0,0.0,0.0
2024-07-29 10:57:00-04:00,14.100000381469727,14.100000381469727,14.100000381469727,14.100000381469727,378,0.0,0.0,0.0
2024-07-29 11:00:00-04:00,14.079999923706055,14.079999923706055,14.0600004196167,14.069999694824219,1862,0.0,0.0,0.0
2024-07-29 11:06:00-04:00,14.100099563598633,14.100099563598633,14.100099563598633,14.100099563598633,1029,0.0,0.0,0.0
2024-07-29 11:07:00-04:00,14.100000381469727,14.100000381469727,14.100000381469727,14.100000381469727,433,0.0,0.0,0.0
2024-07-29 11:08:00-04:00,14.0600004196167,14.0600004196167,14.050000190734863,14.050000190734863,1384,0.0,0.0,0.0
2024-07-29 11:09:00-04:00,14.039999961853027,14.039999961853027,14.039999961853027,14.039999961853027,904,0.0,0.0,0.0
2024-07-29 11:11:00-04:00,14.010000228881836,14.010000228881836,14.0,14.0,6216,0.0,0.0,0.0
2024-07-29 11:12:00-04:00,13.989999771118164,13.989999771118164,13.989999771118164,13.989999771118164,528,0.0,0.0,0.0
2024-07-29 11:13:00-04:00,14.008999824523926,14.025199890136719,14.008999824523926,14.025199890136719,371,0.0,0.0,0.0
2024-07-29 11:14:00-04:00,14.026399612426758,14.026399612426758,14.026399612426758,14.026399612426758,177,0.0,0.0,0.0
2024-07-29 11:15:00-04:00,14.016400337219238,14.016400337219238,14.016400337219238,14.016400337219238,380,0.0,0.0,0.0
2024-07-29 11:18:00-04:00,14.029899597167969,14.029899597167969,14.0,14.0,616,0.0,0.0,0.0
2024-07-29 11:20:00-04:00,13.949999809265137,13.949999809265137,13.949999809265137,13.949999809265137,196,0.0,0.0,0.0
2024-07-29 11:23:00-04:00,13.949999809265137,13.949999809265137,13.943699836730957,13.943699836730957,1012,0.0,0.0,0.0
2024-07-29 11:29:00-04:00,14.0,14.0,14.0,14.0,477,0.0,0.0,0.0
2024-07-29 11:32:00-04:00,13.93120002746582,13.93120002746582,13.930000305175781,13.930000305175781,682,0.0,0.0,0.0
2024-07-29 11:35:00-04:00,13.929900169372559,13.929900169372559,13.919899940490723,13.919899940490723,1258,0.0,0.0,0.0
2024-07-29 11:36:00-04:00,13.90999984741211,13.90999984741211,13.90999984741211,13.90999984741211,192,0.0,0.0,0.0
2024-07-29 11:37:00-04:00,13.920000076293945,13.920000076293945,13.920000076293945,13.920000076293945,337,0.0,0.0,0.0
2024-07-29 11:42:00-04:00,13.949999809265137,13.949999809265137,13.949999809265137,13.949999809265137,115,0.0,0.0,0.0
2024-07-29 11:44:00-04:00,13.954999923706055,13.954999923706055,13.954999923706055,13.954999923706055,228,0.0,0.0,0.0
2024-07-29 11:47:00-04:00,13.989999771118164,13.989999771118164,13.989999771118164,13.989999771118164,185,0.0,0.0,0.0
2024-07-29 11:48:00-04:00,13.979999542236328,13.979999542236328,13.979999542236328,13.979999542236328,234,0.0,0.0,0.0
2024-07-29 11:50:00-04:00,14.032699584960938,14.032699584960938,14.032699584960938,14.032699584960938,148,0.0,0.0,0.0
2024-07-29 11:51:00-04:00,14.04010009765625,14.04010009765625,14.04010009765625,14.04010009765625,551,0.0,0.0,0.0
2024-07-29 11:53:00-04:00,14.0600004196167,14.074999809265137,14.0600004196167,14.074999809265137,592,0.0,0.0,0.0
2024-07-29 11:54:00-04:00,14.069000244140625,14.069000244140625,14.0600004196167,14.0600004196167,354,0.0,0.0,0.0
2024-07-29 11:56:00-04:00,14.05519962310791,14.05519962310791,14.05519962310791,14.05519962310791,850,0.0,0.0,0.0
2024-07-29 12:09:00-04:00,14.125,14.125,14.125,14.125,312,0.0,0.0,0.0
2024-07-29 12:15:00-04:00,14.120599746704102,14.120599746704102,14.120599746704102,14.120599746704102,1273,0.0,0.0,0.0
2024-07-29 12:21:00-04:00,14.14799976348877,14.14799976348877,14.14799976348877,14.14799976348877,453,0.0,0.0,0.0
2024-07-29 12:22:00-04:00,14.119999885559082,14.119999885559082,14.119999885559082,14.119999885559082,385,0.0,0.0,0.0
2024-07-29 12:25:00-04:00,14.119999885559082,14.119999885559082,14.119999885559082,14.119999885559082,2199,0.0,0.0,0.0
2024-07-29 12:27:00-04:00,14.1181001663208,14.1181001663208,14.1181001663208,14.1181001663208,1600,0.0,0.0,0.0
2024-07-29 12:28:00-04:00,14.114999771118164,14.114999771118164,14.114999771118164,14.114999771118164,1714,0.0,0.0,0.0
2024-07-29 12:30:00-04:00,14.130000114440918,14.130000114440918,14.130000114440918,14.130000114440918,100,0.0,0.0,0.0
2024-07-29 12:31:00-04:00,14.149999618530273,14.149999618530273,14.149999618530273,14.149999618530273,86493,0.0,0.0,0.0
2024-07-29 12:32:00-04:00,14.130000114440918,14.130000114440918,14.130000114440918,14.130000114440918,2815,0.0,0.0,0.0
2024-07-29 12:33:00-04:00,14.119999885559082,14.119999885559082,14.119999885559082,14.119999885559082,598,0.0,0.0,0.0
2024-07-29 12:36:00-04:00,14.149200439453125,14.149200439453125,14.125699996948242,14.125699996948242,563,0.0,0.0,0.0
2024-07-29 12:37:00-04:00,14.120599746704102,14.120599746704102,14.120599746704102,14.120599746704102,401,0.0,0.0,0.0
2024-07-29 12:40:00-04:00,14.170000076293945,14.170000076293945,14.170000076293945,14.170000076293945,537,0.0,0.0,0.0
2024-07-29 12:47:00-04:00,14.178999900817871,14.178999900817871,14.178999900817871,14.178999900817871,149,0.0,0.0,0.0
2024-07-29 12:53:00-04:00,14.136099815368652,14.136099815368652,14.136099815368652,14.136099815368652,114,0.0,0.0,0.0
2024-07-29 12:56:00-04:00,14.187800407409668,14.187800407409668,14.187800407409668,14.187800407409668,450,0.0,0.0,0.0
2024-07-29 12:57:00-04:00,14.168999671936035,14.168999671936035,14.168999671936035,14.168999671936035,200,0.0,0.0,0.0
2024-07-29 12:58:00-04:00,14.159500122070312,14.159500122070312,14.159500122070312,14.159500122070312,524,0.0,0.0,0.0
2024-07-29 13:15:00-04:00,14.170000076293945,14.170000076293945,14.15999984741211,14.15999984741211,706,0.0,0.0,0.0
2024-07-29 13:23:00-04:00,14.140000343322754,14.140000343322754,14.140000343322754,14.140000343322754,311,0.0,0.0,0.0
2024-07-29 13:24:00-04:00,14.139900207519531,14.139900207519531,14.139900207519531,14.139900207519531,767,0.0,0.0,0.0
2024-07-29 13:30:00-04:00,14.0600004196167,14.0600004196167,14.0600004196167,14.0600004196167,325,0.0,0.0,0.0
2024-07-29 13:37:00-04:00,14.114999771118164,14.140000343322754,14.114999771118164,14.140000343322754,836,0.0,0.0,0.0
2024-07-29 13:44:00-04:00,14.109999656677246,14.109999656677246,14.109999656677246,14.109999656677246,117,0.0,0.0,0.0
2024-07-29 13:47:00-04:00,14.095000267028809,14.095000267028809,14.095000267028809,14.095000267028809,102,0.0,0.0,0.0
2024-07-29 13:48:00-04:00,14.104999542236328,14.104999542236328,14.104999542236328,14.104999542236328,500,0.0,0.0,0.0
2024-07-29 13:49:00-04:00,14.118900299072266,14.118900299072266,14.118900299072266,14.118900299072266,120,0.0,0.0,0.0
2024-07-29 13:52:00-04:00,14.119999885559082,14.119999885559082,14.119999885559082,14.119999885559082,200,0.0,0.0,0.0
2024-07-29 13:53:00-04:00,14.113200187683105,14.119999885559082,14.113200187683105,14.119999885559082,556,0.0,0.0,0.0
2024-07-29 13:57:00-04:00,14.119000434875488,14.119999885559082,14.104999542236328,14.104999542236328,801,0.0,0.0,0.0
2024-07-29 13:58:00-04:00,14.090100288391113,14.100000381469727,14.090100288391113,14.090100288391113,472,0.0,0.0,0.0
2024-07-29 13:59:00-04:00,14.098999977111816,14.098999977111816,14.09000015258789,14.09000015258789,1255,0.0,0.0,0.0
2024-07-29 14:02:00-04:00,14.079999923706055,14.079999923706055,14.079999923706055,14.079999923706055,647,0.0,0.0,0.0
2024-07-29 14:08:00-04:00,14.09000015258789,14.09000015258789,14.09000015258789,14.09000015258789,1300,0.0,0.0,0.0
2024-07-29 14:09:00-04:00,14.085000038146973,14.098999977111816,14.085000038146973,14.085000038146973,492,0.0,0.0,0.0
2024-07-29 14:10:00-04:00,14.079999923706055,14.079999923706055,14.079999923706055,14.079999923706055,943,0.0,0.0,0.0
2024-07-29 14:15:00-04:00,14.100099563598633,14.100099563598633,14.100000381469727,14.100000381469727,731,0.0,0.0,0.0
2024-07-29 14:23:00-04:00,14.080499649047852,14.080499649047852,14.080499649047852,14.080499649047852,143,0.0,0.0,0.0
2024-07-29 14:30:00-04:00,14.079999923706055,14.079999923706055,14.079999923706055,14.079999923706055,314,0.0,0.0,0.0
2024-07-29 14:33:00-04:00,14.055000305175781,14.055000305175781,14.055000305175781,14.055000305175781,456,0.0,0.0,0.0
2024-07-29 14:38:00-04:00,14.062000274658203,14.069899559020996,14.062000274658203,14.069899559020996,292,0.0,0.0,0.0
2024-07-29 14:39:00-04:00,14.050000190734863,14.050100326538086,14.050000190734863,14.050100326538086,3280,0.0,0.0,0.0
2024-07-29 14:43:00-04:00,14.069999694824219,14.069999694824219,14.069999694824219,14.069999694824219,765,0.0,0.0,0.0
2024-07-29 14:44:00-04:00,14.079999923706055,14.079999923706055,14.079999923706055,14.079999923706055,532,0.0,0.0,0.0
2024-07-29 14:57:00-04:00,14.036399841308594,14.048999786376953,14.036399841308594,14.048999786376953,458,0.0,0.0,0.0
2024-07-29 14:59:00-04:00,14.050000190734863,14.050000190734863,14.050000190734863,14.050000190734863,500,0.0,0.0,0.0
2024-07-29 15:00:00-04:00,14.029999732971191,14.029999732971191,14.029999732971191,14.029999732971191,461,0.0,0.0,0.0
2024-07-29 15:03:00-04:00,14.059000015258789,14.059000015258789,14.059000015258789,14.059000015258789,151,0.0,0.0,0.0
2024-07-29 15:05:00-04:00,14.052499771118164,14.052499771118164,14.052499771118164,14.052499771118164,260,0.0,0.0,0.0
2024-07-29 15:09:00-04:00,14.0600004196167,14.0600004196167,14.0600004196167,14.0600004196167,372,0.0,0.0,0.0
2024-07-29 15:16:00-04:00,14.055000305175781,14.055000305175781,14.050000190734863,14.050000190734863,558,0.0,0.0,0.0
2024-07-29 15:19:00-04:00,14.050000190734863,14.050000190734863,14.050000190734863,14.050000190734863,331,0.0,0.0,0.0
2024-07-29 15:29:00-04:00,14.074999809265137,14.074999809265137,14.074999809265137,14.074999809265137,101,0.0,0.0,0.0
2024-07-29 15:32:00-04:00,14.069999694824219,14.069999694824219,14.069999694824219,14.069999694824219,336,0.0,0.0,0.0
2024-07-29 15:43:00-04:00,14.069999694824219,14.069999694824219,14.069999694824219,14.069999694824219,1060,0.0,0.0,0.0
2024-07-29 15:44:00-04:00,14.069999694824219,14.069999694824219,14.0600004196167,14.0600004196167,831,0.0,0.0,0.0
2024-07-29 15:46:00-04:00,14.079999923706055,14.079999923706055,14.079999923706055,14.079999923706055,122,0.0,0.0,0.0
2024-07-29 15:47:00-04:00,14.079999923706055,14.079999923706055,14.079999923706055,14.079999923706055,114,0.0,0.0,0.0
2024-07-29 15:48:00-04:00,14.069999694824219,14.069999694824219,14.0600004196167,14.0600004196167,513,0.0,0.0,0.0
2024-07-29 15:50:00-04:00,14.029999732971191,14.029999732971191,14.029999732971191,14.029999732971191,546,0.0,0.0,0.0
2024-07-29 15:57:00-04:00,14.029999732971191,14.029999732971191,14.020000457763672,14.020000457763672,2361,0.0,0.0,0.0
2024-07-29 15:58:00-04:00,14.000100135803223,14.005000114440918,14.0,14.0,2260,0.0,0.0,0.0
2024-07-29 15:59:00-04:00,14.0,14.010000228881836,14.0,14.010000228881836,637,0.0,0.0,0.0
2024-07-30 09:30:00-04:00,14.109999656677246,14.109999656677246,14.0,14.0,4662,0.0,0.0,0.0
2024-07-30 09:31:00-04:00,13.965800285339355,14.010000228881836,13.965800285339355,14.010000228881836,1437,0.0,0.0,0.0
2024-07-30 09:32:00-04:00,14.020000457763672,14.098799705505371,14.020000457763672,14.098799705505371,252,0.0,0.0,0.0
2024-07-30 09:33:00-04:00,14.079999923706055,14.079999923706055,14.079999923706055,14.079999923706055,215,0.0,0.0,0.0
2024-07-30 09:35:00-04:00,14.048999786376953,14.055700302124023,14.048999786376953,14.055700302124023,522,0.0,0.0,0.0
2024-07-30 09:37:00-04:00,14.017000198364258,14.017000198364258,14.017000198364258,14.017000198364258,110,0.0,0.0,0.0
2024-07-30 09:38:00-04:00,14.068400382995605,14.068400382995605,14.068400382995605,14.068400382995605,1006,0.0,0.0,0.0
2024-07-30 09:39:00-04:00,14.069999694824219,14.069999694824219,14.069999694824219,14.069999694824219,432,0.0,0.0,0.0
2024-07-30 09:43:00-04:00,14.115900039672852,14.115900039672852,14.115900039672852,14.115900039672852,603,0.0,0.0,0.0
2024-07-30 09:44:00-04:00,14.09000015258789,14.09000015258789,14.09000015258789,14.09000015258789,156,0.0,0.0,0.0
2024-07-30 09:46:00-04:00,14.100000381469727,14.100099563598633,14.082200050354004,14.100099563598633,395,0.0,0.0,0.0
2024-07-30 09:47:00-04:00,14.09000015258789,14.09000015258789,14.09000015258789,14.09000015258789,464,0.0,0.0,0.0
2024-07-30 09:49:00-04:00,14.109999656677246,14.109999656677246,14.100000381469727,14.100000381469727,3459,0.0,0.0,0.0
2024-07-30 09:51:00-04:00,14.050000190734863,14.050000190734863,14.050000190734863,14.050000190734863,362,0.0,0.0,0.0
2024-07-30 09:52:00-04:00,14.010000228881836,14.010000228881836,14.010000228881836,14.010000228881836,709,0.0,0.0,0.0
2024-07-30 09:54:00-04:00,14.020000457763672,14.038900375366211,14.020000457763672,14.038900375366211,650,0.0,0.0,0.0
2024-07-30 09:55:00-04:00,14.029999732971191,14.029999732971191,14.020000457763672,14.020000457763672,302,0.0,0.0,0.0
2024-07-30 09:57:00-04:00,14.020000457763672,14.020000457763672,14.010000228881836,14.010000228881836,486,0.0,0.0,0.0
2024-07-30 09:58:00-04:00,14.015000343322754,14.015000343322754,14.015000343322754,14.015000343322754,100,0.0,0.0,0.0
2024-07-30 09:59:00-04:00,14.029999732971191,14.029999732971191,14.029999732971191,14.029999732971191,331,0.0,0.0,0.0
2024-07-30 10:00:00-04:00,14.01509952545166,14.020000457763672,13.9552001953125,13.95930004119873,1721,0.0,0.0,0.0
2024-07-30 10:01:00-04:00,13.934200286865234,13.939900398254395,13.930000305175781,13.93910026550293,1617,0.0,0.0,0.0
2024-07-30 10:02:00-04:00,13.9399995803833,13.9399995803833,13.936300277709961,13.936300277709961,349,0.0,0.0,0.0
2024-07-30 10:03:00-04:00,13.969900131225586,13.969900131225586,13.969900131225586,13.969900131225586,534,0.0,0.0,0.0
2024-07-30 10:04:00-04:00,13.95989990234375,13.95989990234375,13.910300254821777,13.910300254821777,551,0.0,0.0,0.0
2024-07-30 10:06:00-04:00,13.989999771118164,13.989999771118164,13.975000381469727,13.975000381469727,518,0.0,0.0,0.0
2024-07-30 10:08:00-04:00,14.027099609375,14.027099609375,14.027099609375,14.027099609375,352,0.0,0.0,0.0
2024-07-30 10:09:00-04:00,14.015000343322754,14.029000282287598,14.010000228881836,14.010000228881836,2633,0.0,0.0,0.0
2024-07-30 10:10:00-04:00,14.020000457763672,14.020000457763672,14.020000457763672,14.020000457763672,3185,0.0,0.0,0.0
2024-07-30 10:12:00-04:00,14.009900093078613,14.009900093078613,14.009900093078613,14.009900093078613,853,0.0,0.0,0.0
2024-07-30 10:17:00-04:00,14.069999694824219,14.069999694824219,14.069999694824219,14.069999694824219,155,0.0,0.0,0.0
2024-07-30 10:20:00-04:00,14.079999923706055,14.09000015258789,14.079999923706055,14.09000015258789,702,0.0,0.0,0.0
2024-07-30 10:21:00-04:00,14.078399658203125,14.078399658203125,14.078399658203125,14.078399658203125,189,0.0,0.0,0.0
2024-07-30 10:24:00-04:00,14.069899559020996,14.069899559020996,14.069899559020996,14.069899559020996,247,0.0,0.0,0.0
2024-07-30 10:25:00-04:00,14.02910041809082,14.02910041809082,14.02910041809082,14.02910041809082,125,0.0,0.0,0.0
2024-07-30 10:27:00-04:00,14.0600004196167,14.0600004196167,14.0600004196167,14.0600004196167,429,0.0,0.0,0.0
2024-07-30 10:30:00-04:00,13.997300148010254,13.997300148010254,13.997300148010254,13.997300148010254,1382,0.0,0.0,0.0
2024-07-30 10:33:00-04:00,14.018600463867188,14.018600463867188,14.018600463867188,14.018600463867188,298,0.0,0.0,0.0
2024-07-30 10:35:00-04:00,14.020000457763672,14.020000457763672,14.020000457763672,14.020000457763672,455,0.0,0.0,0.0
2024-07-30 10:39:00-04:00,13.984100341796875,13.984100341796875,13.984100341796875,13.984100341796875,118,0.0,0.0,0.0
2024-07-30 10:41:00-04:00,14.03499984741211,14.03499984741211,14.03499984741211,14.03499984741211,1872,0.0,0.0,0.0
2024-07-30 10:44:00-04:00,13.989999771118164,13.989999771118164,13.989999771118164,13.989999771118164,1256,0.0,0.0,0.0
2024-07-30 10:48:00-04:00,14.01990032196045,14.01990032196045,13.989999771118164,13.989999771118164,1922,0.0,0.0,0.0
2024-07-30 10:49:00-04:00,13.989999771118164,13.990900039672852,13.979999542236328,13.990900039672852,2316,0.0,0.0,0.0
2024-07-30 10:52:00-04:00,13.960000038146973,13.960000038146973,13.960000038146973,13.960000038146973,5138,0.0,0.0,0.0
2024-07-30 10:53:00-04:00,13.920000076293945,13.920000076293945,13.90999984741211,13.90999984741211,2313,0.0,0.0,0.0
2024-07-30 10:56:00-04:00,13.920100212097168,13.920100212097168,13.920100212097168,13.920100212097168,1053,0.0,0.0,0.0
2024-07-30 10:57:00-04:00,13.90999984741211,13.90999984741211,13.899999618530273,13.899999618530273,3121,0.0,0.0,0.0
2024-07-30 11:00:00-04:00,13.909899711608887,13.909899711608887,13.909899711608887,13.909899711608887,575,0.0,0.0,0.0
2024-07-30 11:01:00-04:00,13.830599784851074,13.880000114440918,13.830599784851074,13.830599784851074,3533,0.0,0.0,0.0
2024-07-30 11:02:00-04:00,13.8100004196167,13.8100004196167,13.8100004196167,13.8100004196167,582,0.0,0.0,0.0
2024-07-30 11:03:00-04:00,13.760000228881836,13.800000190734863,13.760000228881836,13.800000190734863,1775,0.0,0.0,0.0
2024-07-30 11:05:00-04:00,13.779899597167969,13.779899597167969,13.760000228881836,13.760000228881836,816,0.0,0.0,0.0
2024-07-30 11:06:00-04:00,13.75,13.75,13.670000076293945,13.670000076293945,3288,0.0,0.0,0.0
2024-07-30 11:07:00-04:00,13.710000038146973,13.767800331115723,13.710000038146973,13.767800331115723,6362,0.0,0.0,0.0
2024-07-30 11:08:00-04:00,13.7076997756958,13.7076997756958,13.699999809265137,13.699999809265137,654,0.0,0.0,0.0
2024-07-30 11:10:00-04:00,13.6899995803833,13.699999809265137,13.6899995803833,13.699999809265137,677,0.0,0.0,0.0
2024-07-30 11:13:00-04:00,13.710000038146973,13.710000038146973,13.710000038146973,13.710000038146973,217,0.0,0.0,0.0
2024-07-30 11:15:00-04:00,13.699999809265137,13.699999809265137,13.699999809265137,13.699999809265137,148,0.0,0.0,0.0
2024-07-30 11:16:00-04:00,13.702699661254883,13.702699661254883,13.702699661254883,13.702699661254883,188,0.0,0.0,0.0
2024-07-30 11:17:00-04:00,13.70009994506836,13.70009994506836,13.70009994506836,13.70009994506836,345,0.0,0.0,0.0
2024-07-30 11:20:00-04:00,13.8100004196167,13.8100004196167,13.8100004196167,13.8100004196167,172,0.0,0.0,0.0
2024-07-30 11:22:00-04:00,13.765000343322754,13.765000343322754,13.765000343322754,13.765000343322754,719,0.0,0.0,0.0
2024-07-30 11:24:00-04:00,13.760000228881836,13.762100219726562,13.75,13.762100219726562,702,0.0,0.0,0.0
2024-07-30 11:26:00-04:00,13.760000228881836,13.760000228881836,13.734999656677246,13.760000228881836,1624,0.0,0.0,0.0
2024-07-30 11:28:00-04:00,13.770000457763672,13.778400421142578,13.770000457763672,13.778400421142578,531,0.0,0.0,0.0
2024-07-30 11:29:00-04:00,13.755999565124512,13.755999565124512,13.755999565124512,13.755999565124512,403,0.0,0.0,0.0
2024-07-30 11:30:00-04:00,13.76729965209961,13.76729965209961,13.76729965209961,13.76729965209961,337,0.0,0.0,0.0
2024-07-30 11:31:00-04:00,13.724499702453613,13.724499702453613,13.724499702453613,13.724499702453613,696,0.0,0.0,0.0
2024-07-30 11:34:00-04:00,13.756600379943848,13.756600379943848,13.75,13.75,483,0.0,0.0,0.0
2024-07-30 11:36:00-04:00,13.734999656677246,13.734999656677246,13.734999656677246,13.734999656677246,967,0.0,0.0,0.0
2024-07-30 11:37:00-04:00,13.699999809265137,13.699999809265137,13.699999809265137,13.699999809265137,1121,0.0,0.0,0.0
2024-07-30 11:38:00-04:00,13.670000076293945,13.670000076293945,13.670000076293945,13.670000076293945,755,0.0,0.0,0.0
2024-07-30 11:39:00-04:00,13.65999984741211,13.65999984741211,13.65999984741211,13.65999984741211,658,0.0,0.0,0.0
2024-07-30 11:42:00-04:00,13.649999618530273,13.649999618530273,13.601099967956543,13.635000228881836,2381,0.0,0.0,0.0
2024-07-30 11:43:00-04:00,13.600099563598633,13.611300468444824,13.600099563598633,13.611300468444824,546,0.0,0.0,0.0
2024-07-30 11:44:00-04:00,13.600099563598633,13.600099563598633,13.600099563598633,13.600099563598633,283,0.0,0.0,0.0
2024-07-30 11:45:00-04:00,13.645000457763672,13.645000457763672,13.645000457763672,13.645000457763672,2096,0.0,0.0,0.0
2024-07-30 11:47:00-04:00,13.630000114440918,13.630000114440918,13.630000114440918,13.630000114440918,126,0.0,0.0,0.0
2024-07-30 11:48:00-04:00,13.630499839782715,13.630499839782715,13.630499839782715,13.630499839782715,197,0.0,0.0,0.0
2024-07-30 11:49:00-04:00,13.65999984741211,13.65999984741211,13.65999984741211,13.65999984741211,86559,0.0,0.0,0.0
2024-07-30 11:54:00-04:00,13.649999618530273,13.649999618530273,13.649999618530273,13.649999618530273,105,0.0,0.0,0.0
2024-07-30 11:55:00-04:00,13.710000038146973,13.720000267028809,13.710000038146973,13.720000267028809,3595,0.0,0.0,0.0
2024-07-30 11:56:00-04:00,13.672200202941895,13.672200202941895,13.672200202941895,13.672200202941895,264,0.0,0.0,0.0
2024-07-30 11:57:00-04:00,13.6899995803833,13.6899995803833,13.6899995803833,13.6899995803833,567,0.0,0.0,0.0
2024-07-30 12:03:00-04:00,13.723999977111816,13.723999977111816,13.723999977111816,13.723999977111816,208,0.0,0.0,0.0
2024-07-30 12:04:00-04:00,13.6899995803833,13.6899995803833,13.6899995803833,13.6899995803833,662,0.0,0.0,0.0
2024-07-30 12:09:00-04:00,13.720000267028809,13.729900360107422,13.720000267028809,13.729900360107422,1191,0.0,0.0,0.0
2024-07-30 12:12:00-04:00,13.701299667358398,13.701299667358398,13.701299667358398,13.701299667358398,118,0.0,0.0,0.0
2024-07-30 12:15:00-04:00,13.699999809265137,13.729999542236328,13.670100212097168,13.729999542236328,3488,0.0,0.0,0.0
2024-07-30 12:17:00-04:00,13.710000038146973,13.725700378417969,13.710000038146973,13.725700378417969,307,0.0,0.0,0.0
2024-07-30 12:18:00-04:00,13.699999809265137,13.699999809265137,13.699999809265137,13.699999809265137,101,0.0,0.0,0.0
2024-07-30 12:19:00-04:00,13.720000267028809,13.727499961853027,13.720000267028809,13.727499961853027,1300,0.0,0.0,0.0
2024-07-30 12:22:00-04:00,13.680000305175781,13.680000305175781,13.670000076293945,13.670000076293945,1267,0.0,0.0,0.0
2024-07-30 12:29:00-04:00,13.670000076293945,13.670000076293945,13.670000076293945,13.670000076293945,1353,0.0,0.0,0.0
2024-07-30 12:30:00-04:00,13.674300193786621,13.674300193786621,13.674300193786621,13.674300193786621,130,0.0,0.0,0.0
2024-07-30 12:31:00-04:00,13.670000076293945,13.670000076293945,13.670000076293945,13.670000076293945,352,0.0,0.0,0.0
2024-07-30 12:34:00-04:00,13.649999618530273,13.649999618530273,13.609999656677246,13.609999656677246,10750,0.0,0.0,0.0
2024-07-30 12:35:00-04:00,13.600000381469727,13.625,13.600000381469727,13.600000381469727,2680,0.0,0.0,0.0
2024-07-30 12:37:00-04:00,13.645000457763672,13.645000457763672,13.645000457763672,13.645000457763672,158,0.0,0.0,0.0
2024-07-30 12:38:00-04:00,13.650300025939941,13.650300025939941,13.650300025939941,13.650300025939941,479,0.0,0.0,0.0
2024-07-30 12:40:00-04:00,13.6899995803833,13.6899995803833,13.6899995803833,13.6899995803833,142,0.0,0.0,0.0
2024-07-30 12:42:00-04:00,13.70989990234375,13.70989990234375,13.680000305175781,13.680000305175781,1866,0.0,0.0,0.0
2024-07-30 12:43:00-04:00,13.683799743652344,13.683799743652344,13.683799743652344,13.683799743652344,109,0.0,0.0,0.0
2024-07-30 12:44:00-04:00,13.637900352478027,13.637900352478027,13.637900352478027,13.637900352478027,709,0.0,0.0,0.0
2024-07-30 12:52:00-04:00,13.600000381469727,13.600000381469727,13.600000381469727,13.600000381469727,2818,0.0,0.0,0.0
2024-07-30 12:54:00-04:00,13.604299545288086,13.604299545288086,13.569999694824219,13.569999694824219,15195,0.0,0.0,0.0
2024-07-30 12:58:00-04:00,13.550000190734863,13.565500259399414,13.479999542236328,13.565500259399414,18707,0.0,0.0,0.0
2024-07-30 12:59:00-04:00,13.470000267028809,13.520000457763672,13.470000267028809,13.5,12328,0.0,0.0,0.0
2024-07-30 13:01:00-04:00,13.489999771118164,13.489999771118164,13.489999771118164,13.489999771118164,172,0.0,0.0,0.0
2024-07-30 13:02:00-04:00,13.489999771118164,13.525799751281738,13.489999771118164,13.525799751281738,557,0.0,0.0,0.0
2024-07-30 13:04:00-04:00,13.529999732971191,13.529999732971191,13.529999732971191,13.529999732971191,18574,0.0,0.0,0.0
2024-07-30 13:05:00-04:00,13.529999732971191,13.529999732971191,13.520000457763672,13.529999732971191,10203,0.0,0.0,0.0
2024-07-30 13:06:00-04:00,13.520000457763672,13.529999732971191,13.520000457763672,13.529999732971191,3173,0.0,0.0,0.0
2024-07-30 13:07:00-04:00,13.529999732971191,13.539999961853027,13.529999732971191,13.539999961853027,4253,0.0,0.0,0.0
2024-07-30 13:12:00-04:00,13.629899978637695,13.629899978637695,13.625499725341797,13.625499725341797,466,0.0,0.0,0.0
2024-07-30 13:18:00-04:00,13.669899940490723,13.669899940490723,13.669899940490723,13.669899940490723,438,0.0,0.0,0.0
2024-07-30 13:20:00-04:00,13.670000076293945,13.670000076293945,13.670000076293945,13.670000076293945,621,0.0,0.0,0.0
2024-07-30 13:21:00-04:00,13.6850004196167,13.6850004196167,13.6850004196167,13.6850004196167,153,0.0,0.0,0.0
2024-07-30 13:24:00-04:00,13.6899995803833,13.709799766540527,13.6899995803833,13.709799766540527,659,0.0,0.0,0.0
2024-07-30 13:26:00-04:00,13.699999809265137,13.699999809265137,13.699999809265137,13.699999809265137,663,0.0,0.0,0.0
2024-07-30 13:30:00-04:00,13.748600006103516,13.748600006103516,13.739999771118164,13.739999771118164,1060,0.0,0.0,0.0
2024-07-30 13:36:00-04:00,13.75,13.75,13.75,13.75,614,0.0,0.0,0.0
2024-07-30 13:37:00-04:00,13.760000228881836,13.760000228881836,13.760000228881836,13.760000228881836,495,0.0,0.0,0.0
2024-07-30 13:38:00-04:00,13.800000190734863,13.808699607849121,13.800000190734863,13.808699607849121,2900,0.0,0.0,0.0
2024-07-30 13:39:00-04:00,13.800000190734863,13.800000190734863,13.800000190734863,13.800000190734863,127,0.0,0.0,0.0
2024-07-30 13:40:00-04:00,13.789999961853027,13.789999961853027,13.786499977111816,13.786499977111816,496,0.0,0.0,0.0
2024-07-30 13:42:00-04:00,13.779500007629395,13.779500007629395,13.779500007629395,13.779500007629395,381,0.0,0.0,0.0
2024-07-30 13:53:00-04:00,13.789999961853027,13.789999961853027,13.789999961853027,13.789999961853027,110,0.0,0.0,0.0
2024-07-30 13:56:00-04:00,13.78499984741211,13.78499984741211,13.78499984741211,13.78499984741211,172,0.0,0.0,0.0
2024-07-30 13:59:00-04:00,13.779999732971191,13.779999732971191,13.779999732971191,13.779999732971191,465,0.0,0.0,0.0
2024-07-30 14:01:00-04:00,13.800000190734863,13.800000190734863,13.800000190734863,13.800000190734863,1000,0.0,0.0,0.0
2024-07-30 14:02:00-04:00,13.800000190734863,13.800000190734863,13.779999732971191,13.789999961853027,935,0.0,0.0,0.0
2024-07-30 14:04:00-04:00,13.770000457763672,13.770000457763672,13.770000457763672,13.770000457763672,148,0.0,0.0,0.0
2024-07-30 14:05:00-04:00,13.770000457763672,13.770000457763672,13.770000457763672,13.770000457763672,340,0.0,0.0,0.0
2024-07-30 14:08:00-04:00,13.8100004196167,13.8100004196167,13.8100004196167,13.8100004196167,114,0.0,0.0,0.0
2024-07-30 14:11:00-04:00,13.789999961853027,13.789999961853027,13.789999961853027,13.789999961853027,100,0.0,0.0,0.0
2024-07-30 14:12:00-04:00,13.796099662780762,13.796099662780762,13.796099662780762,13.796099662780762,285,0.0,0.0,0.0
2024-07-30 14:20:00-04:00,13.829999923706055,13.829999923706055,13.829999923706055,13.829999923706055,911,0.0,0.0,0.0
2024-07-30 14:23:00-04:00,13.819999694824219,13.819999694824219,13.819999694824219,13.819999694824219,183,0.0,0.0,0.0
2024-07-30 14:25:00-04:00,13.829999923706055,13.829999923706055,13.829999923706055,13.829999923706055,173,0.0,0.0,0.0
2024-07-30 14:31:00-04:00,13.829999923706055,13.839500427246094,13.829999923706055,13.839500427246094,1246,0.0,0.0,0.0
2024-07-30 14:34:00-04:00,13.829999923706055,13.84000015258789,13.829999923706055,13.84000015258789,700,0.0,0.0,0.0
2024-07-30 14:35:00-04:00,13.829999923706055,13.829999923706055,13.829999923706055,13.829999923706055,2326,0.0,0.0,0.0
2024-07-30 14:36:00-04:00,13.809100151062012,13.809100151062012,13.800000190734863,13.809100151062012,697,0.0,0.0,0.0
2024-07-30 14:37:00-04:00,13.84000015258789,13.84000015258789,13.839900016784668,13.84000015258789,2540,0.0,0.0,0.0
2024-07-30 14:39:00-04:00,13.879899978637695,13.879899978637695,13.84000015258789,13.84000015258789,217,0.0,0.0,0.0
2024-07-30 14:41:00-04:00,13.888099670410156,13.888099670410156,13.888099670410156,13.888099670410156,338,0.0,0.0,0.0
2024-07-30 14:42:00-04:00,13.840200424194336,13.840200424194336,13.840200424194336,13.840200424194336,634,0.0,0.0,0.0
2024-07-30 14:44:00-04:00,13.866000175476074,13.866000175476074,13.866000175476074,13.866000175476074,338,0.0,0.0,0.0
2024-07-30 14:49:00-04:00,13.800000190734863,13.800000190734863,13.800000190734863,13.800000190734863,316,0.0,0.0,0.0
2024-07-30 14:51:00-04:00,13.84000015258789,13.84000015258789,13.84000015258789,13.84000015258789,501,0.0,0.0,0.0
2024-07-30 14:53:00-04:00,13.84000015258789,13.84000015258789,13.84000015258789,13.84000015258789,681,0.0,0.0,0.0
2024-07-30 15:01:00-04:00,13.805000305175781,13.805000305175781,13.805000305175781,13.805000305175781,206,0.0,0.0,0.0
2024-07-30 15:03:00-04:00,13.84000015258789,13.850000381469727,13.84000015258789,13.84000015258789,866,0.0,0.0,0.0
2024-07-30 15:05:00-04:00,13.791000366210938,13.791000366210938,13.791000366210938,13.791000366210938,560,0.0,0.0,0.0
2024-07-30 15:10:00-04:00,13.770000457763672,13.770000457763672,13.770000457763672,13.770000457763672,522,0.0,0.0,0.0
2024-07-30 15:13:00-04:00,13.78499984741211,13.78499984741211,13.78499984741211,13.78499984741211,179,0.0,0.0,0.0
2024-07-30 15:15:00-04:00,13.760000228881836,13.760000228881836,13.760000228881836,13.760000228881836,3563,0.0,0.0,0.0
2024-07-30 15:20:00-04:00,13.787500381469727,13.787500381469727,13.787500381469727,13.787500381469727,123,0.0,0.0,0.0
2024-07-30 15:23:00-04:00,13.8100004196167,13.8100004196167,13.8100004196167,13.8100004196167,576,0.0,0.0,0.0
2024-07-30 15:24:00-04:00,13.821100234985352,13.821100234985352,13.821100234985352,13.821100234985352,111,0.0,0.0,0.0
2024-07-30 15:25:00-04:00,13.819999694824219,13.819999694824219,13.819999694824219,13.819999694824219,331,0.0,0.0,0.0
2024-07-30 15:27:00-04:00,13.829999923706055,13.829999923706055,13.829999923706055,13.829999923706055,783,0.0,0.0,0.0
2024-07-30 15:29:00-04:00,13.834600448608398,13.834600448608398,13.834600448608398,13.834600448608398,832,0.0,0.0,0.0
2024-07-30 15:30:00-04:00,13.8100004196167,13.810099601745605,13.8100004196167,13.8100004196167,717,0.0,0.0,0.0
2024-07-30 15:31:00-04:00,13.795000076293945,13.795000076293945,13.795000076293945,13.795000076293945,317,0.0,0.0,0.0
2024-07-30 15:35:00-04:00,13.770000457763672,13.770000457763672,13.770000457763672,13.770000457763672,111,0.0,0.0,0.0
2024-07-30 15:37:00-04:00,13.780099868774414,13.780099868774414,13.780099868774414,13.780099868774414,231,0.0,0.0,0.0
2024-07-30 15:38:00-04:00,13.78499984741211,13.78499984741211,13.770000457763672,13.78499984741211,414,0.0,0.0,0.0
2024-07-30 15:39:00-04:00,13.75,13.75,13.75,13.75,196,0.0,0.0,0.0
2024-07-30 15:40:00-04:00,13.779999732971191,13.79990005493164,13.779999732971191,13.79990005493164,918,0.0,0.0,0.0
2024-07-30 15:41:00-04:00,13.760000228881836,13.760000228881836,13.760000228881836,13.760000228881836,736,0.0,0.0,0.0
2024-07-30 15:42:00-04:00,13.760000228881836,13.760000228881836,13.741999626159668,13.741999626159668,6064,0.0,0.0,0.0
2024-07-30 15:43:00-04:00,13.729999542236328,13.729999542236328,13.729999542236328,13.729999542236328,970,0.0,0.0,0.0
2024-07-30 15:44:00-04:00,13.760000228881836,13.815999984741211,13.760000228881836,13.815999984741211,479,0.0,0.0,0.0
2024-07-30 15:46:00-04:00,13.789999961853027,13.789999961853027,13.789999961853027,13.789999961853027,170,0.0,0.0,0.0
2024-07-30 15:48:00-04:00,13.859999656677246,13.859999656677246,13.859999656677246,13.859999656677246,378,0.0,0.0,0.0
2024-07-30 15:51:00-04:00,13.899999618530273,13.920000076293945,13.899999618530273,13.920000076293945,357,0.0,0.0,0.0
2024-07-30 15:52:00-04:00,13.88010025024414,13.90999984741211,13.88010025024414,13.90999984741211,968,0.0,0.0,0.0
2024-07-30 15:54:00-04:00,13.859999656677246,13.859999656677246,13.859999656677246,13.859999656677246,286,0.0,0.0,0.0
2024-07-30 15:56:00-04:00,13.920000076293945,13.920000076293945,13.920000076293945,13.920000076293945,732,0.0,0.0,0.0
2024-07-30 15:57:00-04:00,13.928000450134277,13.9375,13.928000450134277,13.9375,711,0.0,0.0,0.0
2024-07-30 15:58:00-04:00,13.880000114440918,13.90999984741211,13.869999885559082,13.869999885559082,1479,0.0,0.0,0.0
2024-07-30 15:59:00-04:00,13.89579963684082,13.89579963684082,13.800000190734863,13.800000190734863,7570,0.0,0.0,0.0
2024-07-31 09:30:00-04:00,14.90999984741211,15.025699615478516,14.90999984741211,14.944999694824219,37194,0.0,0.0,0.0
2024-07-31 09:31:00-04:00,15.0,15.0,15.0,15.0,209,0.0,0.0,0.0
2024-07-31 09:32:00-04:00,14.84000015258789,14.859999656677246,14.819999694824219,14.850000381469727,37457,0.0,0.0,0.0
2024-07-31 09:33:00-04:00,14.850000381469727,14.920000076293945,14.850000381469727,14.919899940490723,23991,0.0,0.0,0.0
2024-07-31 09:34:00-04:00,14.899999618530273,14.9399995803833,14.850000381469727,14.850000381469727,2458,0.0,0.0,0.0
2024-07-31 09:35:00-04:00,14.84000015258789,14.890000343322754,14.84000015258789,14.850099563598633,3104,0.0,0.0,0.0
2024-07-31 09:36:00-04:00,14.899999618530273,14.907899856567383,14.899999618530273,14.907899856567383,607,0.0,0.0,0.0
2024-07-31 09:37:00-04:00,14.843999862670898,14.996899604797363,14.843999862670898,14.989999771118164,3889,0.0,0.0,0.0
2024-07-31 09:38:00-04:00,14.960100173950195,15.0,14.949999809265137,14.989999771118164,20758,0.0,0.0,0.0
2024-07-31 09:39:00-04:00,14.973699569702148,15.029999732971191,14.973699569702148,15.000699996948242,70808,0.0,0.0,0.0
2024-07-31 09:40:00-04:00,15.020000457763672,15.15999984741211,15.020000457763672,15.130000114440918,8685,0.0,0.0,0.0
2024-07-31 09:41:00-04:00,15.140000343322754,15.140000343322754,15.130000114440918,15.135000228881836,3527,0.0,0.0,0.0
2024-07-31 09:42:00-04:00,15.149999618530273,15.154999732971191,15.140000343322754,15.140000343322754,2362,0.0,0.0,0.0
2024-07-31 09:43:00-04:00,15.149999618530273,15.180000305175781,15.149999618530273,15.180000305175781,2340,0.0,0.0,0.0
2024-07-31 09:44:00-04:00,15.135000228881836,15.135000228881836,15.085000038146973,15.085000038146973,1166,0.0,0.0,0.0
2024-07-31 09:46:00-04:00,15.170000076293945,15.199999809265137,15.119999885559082,15.154999732971191,2798,0.0,0.0,0.0
2024-07-31 09:47:00-04:00,15.17389965057373,15.17389965057373,15.17389965057373,15.17389965057373,145,0.0,0.0,0.0
2024-07-31 09:48:00-04:00,15.161700248718262,15.180000305175781,15.145000457763672,15.145000457763672,3072,0.0,0.0,0.0
2024-07-31 09:49:00-04:00,15.120100021362305,15.120100021362305,15.120100021362305,15.120100021362305,279,0.0,0.0,0.0
2024-07-31 09:50:00-04:00,15.119999885559082,15.119999885559082,15.085000038146973,15.085000038146973,1422,0.0,0.0,0.0
2024-07-31 09:51:00-04:00,15.09000015258789,15.113200187683105,15.09000015258789,15.113200187683105,967,0.0,0.0,0.0
2024-07-31 09:52:00-04:00,15.140000343322754,15.149900436401367,15.140000343322754,15.149900436401367,4470,0.0,0.0,0.0
2024-07-31 09:53:00-04:00,15.130000114440918,15.130000114440918,15.125,15.125,806,0.0,0.0,0.0
2024-07-31 09:54:00-04:00,15.134699821472168,15.137299537658691,15.100000381469727,15.135000228881836,2213,0.0,0.0,0.0
2024-07-31 09:55:00-04:00,15.164999961853027,15.175000190734863,15.145299911499023,15.145299911499023,1345,0.0,0.0,0.0
2024-07-31 09:56:00-04:00,15.119999885559082,15.119999885559082,15.119999885559082,15.119999885559082,1310,0.0,0.0,0.0
2024-07-31 09:58:00-04:00,15.119999885559082,15.119999885559082,15.109999656677246,15.109999656677246,403,0.0,0.0,0.0
2024-07-31 10:00:00-04:00,15.0600004196167,15.0600004196167,15.0600004196167,15.0600004196167,388,0.0,0.0,0.0
2024-07-31 10:01:00-04:00,15.069600105285645,15.069600105285645,15.069600105285645,15.069600105285645,458,0.0,0.0,0.0
2024-07-31 10:03:00-04:00,14.930000305175781,14.930000305175781,14.90999984741211,14.90999984741211,300,0.0,0.0,0.0
2024-07-31 10:04:00-04:00,14.960000038146973,14.960000038146973,14.90999984741211,14.90999984741211,3812,0.0,0.0,0.0
2024-07-31 10:06:00-04:00,14.979499816894531,14.979499816894531,14.949999809265137,14.949999809265137,228,0.0,0.0,0.0
2024-07-31 10:07:00-04:00,14.979999542236328,14.988900184631348,14.95009994506836,14.95009994506836,5398,0.0,0.0,0.0
2024-07-31 10:08:00-04:00,14.987500190734863,14.987500190734863,14.987500190734863,14.987500190734863,230,0.0,0.0,0.0
2024-07-31 10:09:00-04:00,14.970000267028809,14.970000267028809,14.949999809265137,14.949999809265137,577,0.0,0.0,0.0
2024-07-31 10:11:00-04:00,14.899999618530273,14.899999618530273,14.860899925231934,14.860899925231934,1944,0.0,0.0,0.0
2024-07-31 10:12:00-04:00,14.845000267028809,14.86870002746582,14.845000267028809,14.86870002746582,355,0.0,0.0,0.0
2024-07-31 10:13:00-04:00,14.869999885559082,14.869999885559082,14.869999885559082,14.869999885559082,207,0.0,0.0,0.0
2024-07-31 10:15:00-04:00,14.869999885559082,14.869999885559082,14.829999923706055,14.829999923706055,3373,0.0,0.0,0.0
2024-07-31 10:16:00-04:00,14.829999923706055,14.829999923706055,14.819999694824219,14.829999923706055,1217,0.0,0.0,0.0
2024-07-31 10:17:00-04:00,14.896699905395508,14.896699905395508,14.896699905395508,14.896699905395508,756,0.0,0.0,0.0
2024-07-31 10:18:00-04:00,14.890000343322754,14.949999809265137,14.890000343322754,14.949999809265137,6335,0.0,0.0,0.0
2024-07-31 10:19:00-04:00,14.9399995803833,14.970000267028809,14.9399995803833,14.96310043334961,2243,0.0,0.0,0.0
2024-07-31 10:20:00-04:00,14.952500343322754,14.979999542236328,14.949999809265137,14.949999809265137,1005,0.0,0.0,0.0
2024-07-31 10:21:00-04:00,14.949999809265137,14.949999809265137,14.890000343322754,14.890000343322754,696,0.0,0.0,0.0
2024-07-31 10:22:00-04:00,14.858400344848633,14.869999885559082,14.858400344848633,14.869999885559082,303,0.0,0.0,0.0
2024-07-31 10:23:00-04:00,14.852499961853027,14.869999885559082,14.852499961853027,14.859999656677246,711,0.0,0.0,0.0
2024-07-31 10:24:00-04:00,14.824999809265137,14.850000381469727,14.824999809265137,14.850000381469727,2715,0.0,0.0,0.0
2024-07-31 10:25:00-04:00,14.850000381469727,14.850000381469727,14.800000190734863,14.800000190734863,806,0.0,0.0,0.0
2024-07-31 10:26:00-04:00,14.785400390625,14.829999923706055,14.785400390625,14.829999923706055,486,0.0,0.0,0.0
2024-07-31 10:27:00-04:00,14.880000114440918,14.890000343322754,14.880000114440918,14.881999969482422,1906,0.0,0.0,0.0
2024-07-31 10:28:00-04:00,14.87339973449707,14.87339973449707,14.869999885559082,14.869999885559082,2378,0.0,0.0,0.0
2024-07-31 10:29:00-04:00,14.829999923706055,14.869999885559082,14.829999923706055,14.869999885559082,8077,0.0,0.0,0.0
2024-07-31 10:32:00-04:00,14.869999885559082,14.869999885559082,14.850000381469727,14.850000381469727,316,0.0,0.0,0.0
2024-07-31 10:33:00-04:00,14.824999809265137,14.824999809265137,14.770000457763672,14.779999732971191,2938,0.0,0.0,0.0
2024-07-31 10:34:00-04:00,14.774999618530273,14.789999961853027,14.760000228881836,14.789999961853027,582,0.0,0.0,0.0
2024-07-31 10:35:00-04:00,14.789999961853027,14.789999961853027,14.789999961853027,14.789999961853027,255,0.0,0.0,0.0
2024-07-31 10:38:00-04:00,14.795000076293945,14.795000076293945,14.795000076293945,14.795000076293945,200,0.0,0.0,0.0
2024-07-31 10:39:00-04:00,14.795000076293945,14.795000076293945,14.795000076293945,14.795000076293945,109,0.0,0.0,0.0
2024-07-31 10:41:00-04:00,14.779999732971191,14.779999732971191,14.779999732971191,14.779999732971191,701,0.0,0.0,0.0
2024-07-31 10:42:00-04:00,14.779999732971191,14.779999732971191,14.760000228881836,14.760000228881836,405,0.0,0.0,0.0
2024-07-31 10:43:00-04:00,14.760100364685059,14.760100364685059,14.760000228881836,14.760000228881836,382,0.0,0.0,0.0
2024-07-31 10:44:00-04:00,14.770000457763672,14.786700248718262,14.770000457763672,14.786700248718262,5350,0.0,0.0,0.0
2024-07-31 10:45:00-04:00,14.779999732971191,14.779999732971191,14.770000457763672,14.770000457763672,2344,0.0,0.0,0.0
2024-07-31 10:46:00-04:00,14.741700172424316,14.767999649047852,14.699999809265137,14.737000465393066,3717,0.0,0.0,0.0
2024-07-31 10:47:00-04:00,14.72189998626709,14.770000457763672,14.72189998626709,14.770000457763672,853,0.0,0.0,0.0
2024-07-31 10:48:00-04:00,14.729999542236328,14.729999542236328,14.710000038146973,14.710000038146973,10041,0.0,0.0,0.0
2024-07-31 10:49:00-04:00,14.71500015258789,14.720000267028809,14.66100025177002,14.66100025177002,1553,0.0,0.0,0.0
2024-07-31 10:50:00-04:00,14.680100440979004,14.680100440979004,14.65999984741211,14.675000190734863,1412,0.0,0.0,0.0
2024-07-31 10:51:00-04:00,14.680000305175781,14.680000305175781,14.649999618530273,14.649999618530273,502,0.0,0.0,0.0
2024-07-31 10:52:00-04:00,14.670000076293945,14.680000305175781,14.649999618530273,14.680000305175781,1688,0.0,0.0,0.0
2024-07-31 10:53:00-04:00,14.69950008392334,14.69950008392334,14.696000099182129,14.696000099182129,610,0.0,0.0,0.0
2024-07-31 10:54:00-04:00,14.680000305175781,14.680000305175781,14.654999732971191,14.654999732971191,390,0.0,0.0,0.0
2024-07-31 10:55:00-04:00,14.680000305175781,14.6899995803833,14.65999984741211,14.65999984741211,2068,0.0,0.0,0.0
2024-07-31 10:56:00-04:00,14.65999984741211,14.65999984741211,14.65999984741211,14.65999984741211,199,0.0,0.0,0.0
2024-07-31 10:57:00-04:00,14.649999618530273,14.649999618530273,14.640000343322754,14.640000343322754,317,0.0,0.0,0.0
2024-07-31 10:58:00-04:00,14.65999984741211,14.65999984741211,14.65999984741211,14.65999984741211,3110,0.0,0.0,0.0
2024-07-31 11:00:00-04:00,14.650099754333496,14.650099754333496,14.650099754333496,14.650099754333496,186,0.0,0.0,0.0
2024-07-31 11:01:00-04:00,14.694999694824219,14.694999694824219,14.694999694824219,14.694999694824219,747,0.0,0.0,0.0
2024-07-31 11:05:00-04:00,14.699999809265137,14.699999809265137,14.689000129699707,14.689000129699707,618,0.0,0.0,0.0
2024-07-31 11:07:00-04:00,14.708399772644043,14.708399772644043,14.6899995803833,14.6899995803833,806,0.0,0.0,0.0
2024-07-31 11:08:00-04:00,14.720000267028809,14.720000267028809,14.720000267028809,14.720000267028809,483,0.0,0.0,0.0
2024-07-31 11:10:00-04:00,14.720000267028809,14.720000267028809,14.720000267028809,14.720000267028809,1013,0.0,0.0,0.0
2024-07-31 11:11:00-04:00,14.729999542236328,14.739999771118164,14.71500015258789,14.71500015258789,1016,0.0,0.0,0.0
2024-07-31 11:12:00-04:00,14.699999809265137,14.699999809265137,14.681599617004395,14.681599617004395,727,0.0,0.0,0.0
2024-07-31 11:13:00-04:00,14.699000358581543,14.699999809265137,14.699000358581543,14.699999809265137,1121,0.0,0.0,0.0
2024-07-31 11:14:00-04:00,14.674400329589844,14.674400329589844,14.674400329589844,14.674400329589844,412,0.0,0.0,0.0
2024-07-31 11:15:00-04:00,14.720000267028809,14.720000267028809,14.720000267028809,14.720000267028809,308,0.0,0.0,0.0
2024-07-31 11:18:00-04:00,14.670000076293945,14.670000076293945,14.670000076293945,14.670000076293945,639,0.0,0.0,0.0
2024-07-31 11:22:00-04:00,14.645999908447266,14.645999908447266,14.645999908447266,14.645999908447266,345,0.0,0.0,0.0
2024-07-31 11:24:00-04:00,14.649999618530273,14.649999618530273,14.640000343322754,14.645000457763672,7660,0.0,0.0,0.0
2024-07-31 11:25:00-04:00,14.680000305175781,14.704999923706055,14.680000305175781,14.6899995803833,607,0.0,0.0,0.0
2024-07-31 11:28:00-04:00,14.649999618530273,14.649999618530273,14.649999618530273,14.649999618530273,302,0.0,0.0,0.0
2024-07-31 11:31:00-04:00,14.619999885559082,14.619999885559082,14.619999885559082,14.619999885559082,706,0.0,0.0,0.0
2024-07-31 11:32:00-04:00,14.619999885559082,14.630000114440918,14.619999885559082,14.630000114440918,5350,0.0,0.0,0.0
2024-07-31 11:35:00-04:00,14.649999618530273,14.649999618530273,14.649999618530273,14.649999618530273,2104,0.0,0.0,0.0
2024-07-31 11:38:00-04:00,14.619999885559082,14.619999885559082,14.619999885559082,14.619999885559082,452,0.0,0.0,0.0
2024-07-31 11:39:00-04:00,14.645999908447266,14.645999908447266,14.630000114440918,14.630000114440918,1198,0.0,0.0,0.0
2024-07-31 11:40:00-04:00,14.630000114440918,14.630000114440918,14.560700416564941,14.600000381469727,14733,0.0,0.0,0.0
2024-07-31 11:41:00-04:00,14.619999885559082,14.640000343322754,14.619999885559082,14.630000114440918,745,0.0,0.0,0.0
2024-07-31 11:42:00-04:00,14.609999656677246,14.609999656677246,14.609999656677246,14.609999656677246,283,0.0,0.0,0.0
2024-07-31 11:43:00-04:00,14.59000015258789,14.60990047454834,14.59000015258789,14.60990047454834,2193,0.0,0.0,0.0
2024-07-31 11:44:00-04:00,14.600000381469727,14.609999656677246,14.59000015258789,14.59000015258789,5360,0.0,0.0,0.0
2024-07-31 11:45:00-04:00,14.569999694824219,14.569999694824219,14.569999694824219,14.569999694824219,131,0.0,0.0,0.0
2024-07-31 11:46:00-04:00,14.600000381469727,14.600000381469727,14.600000381469727,14.600000381469727,422,0.0,0.0,0.0
2024-07-31 11:47:00-04:00,14.619999885559082,14.619999885559082,14.59000015258789,14.59000015258789,769,0.0,0.0,0.0
2024-07-31 11:51:00-04:00,14.5600004196167,14.5600004196167,14.555000305175781,14.5600004196167,1476,0.0,0.0,0.0
2024-07-31 11:53:00-04:00,14.579999923706055,14.579999923706055,14.579999923706055,14.579999923706055,1457,0.0,0.0,0.0
2024-07-31 11:55:00-04:00,14.5600004196167,14.5600004196167,14.539999961853027,14.539999961853027,347,0.0,0.0,0.0
2024-07-31 11:56:00-04:00,14.539999961853027,14.539999961853027,14.539999961853027,14.539999961853027,5384,0.0,0.0,0.0
2024-07-31 11:57:00-04:00,14.538100242614746,14.538100242614746,14.538100242614746,14.538100242614746,120,0.0,0.0,0.0
2024-07-31 11:58:00-04:00,14.529000282287598,14.529000282287598,14.5,14.515000343322754,2117,0.0,0.0,0.0
2024-07-31 12:00:00-04:00,14.529999732971191,14.529999732971191,14.529999732971191,14.529999732971191,2222,0.0,0.0,0.0
2024-07-31 12:01:00-04:00,14.529999732971191,14.529999732971191,14.529999732971191,14.529999732971191,1913,0.0,0.0,0.0
2024-07-31 12:03:00-04:00,14.51099967956543,14.51099967956543,14.51099967956543,14.51099967956543,201,0.0,0.0,0.0
2024-07-31 12:05:00-04:00,14.529000282287598,14.529000282287598,14.529000282287598,14.529000282287598,355,0.0,0.0,0.0
2024-07-31 12:06:00-04:00,14.5,14.5,14.5,14.5,10757,0.0,0.0,0.0
2024-07-31 12:07:00-04:00,14.479999542236328,14.479999542236328,14.45199966430664,14.45199966430664,864,0.0,0.0,0.0
2024-07-31 12:09:00-04:00,14.491000175476074,14.491000175476074,14.491000175476074,14.491000175476074,287,0.0,0.0,0.0
2024-07-31 12:11:00-04:00,14.501500129699707,14.501500129699707,14.501500129699707,14.501500129699707,277,0.0,0.0,0.0
2024-07-31 12:13:00-04:00,14.5,14.5,14.5,14.5,215,0.0,0.0,0.0
2024-07-31 12:15:00-04:00,14.520000457763672,14.529999732971191,14.520000457763672,14.529999732971191,2006,0.0,0.0,0.0
2024-07-31 12:16:00-04:00,14.55840015411377,14.55840015411377,14.55840015411377,14.55840015411377,395,0.0,0.0,0.0
2024-07-31 12:20:00-04:00,14.58489990234375,14.58489990234375,14.58489990234375,14.58489990234375,516,0.0,0.0,0.0
2024-07-31 12:21:00-04:00,14.5600004196167,14.5600004196167,14.5600004196167,14.5600004196167,1009,0.0,0.0,0.0
2024-07-31 12:22:00-04:00,14.5600004196167,14.5600004196167,14.529999732971191,14.5600004196167,1004,0.0,0.0,0.0
2024-07-31 12:27:00-04:00,14.505000114440918,14.510000228881836,14.505000114440918,14.509900093078613,1403,0.0,0.0,0.0
2024-07-31 12:28:00-04:00,14.507800102233887,14.507800102233887,14.507800102233887,14.507800102233887,200,0.0,0.0,0.0
2024-07-31 12:29:00-04:00,14.520000457763672,14.520000457763672,14.520000457763672,14.520000457763672,300,0.0,0.0,0.0
2024-07-31 12:30:00-04:00,14.489999771118164,14.489999771118164,14.489999771118164,14.489999771118164,203,0.0,0.0,0.0
2024-07-31 12:31:00-04:00,14.494999885559082,14.5,14.494999885559082,14.5,916,0.0,0.0,0.0
2024-07-31 12:34:00-04:00,14.515000343322754,14.515000343322754,14.515000343322754,14.515000343322754,135,0.0,0.0,0.0
2024-07-31 12:35:00-04:00,14.5,14.5,14.5,14.5,274,0.0,0.0,0.0
2024-07-31 12:36:00-04:00,14.479999542236328,14.479999542236328,14.470000267028809,14.470000267028809,321,0.0,0.0,0.0
2024-07-31 12:40:00-04:00,14.510000228881836,14.510000228881836,14.510000228881836,14.510000228881836,197,0.0,0.0,0.0
2024-07-31 12:45:00-04:00,14.480999946594238,14.510000228881836,14.479999542236328,14.510000228881836,2260,0.0,0.0,0.0
2024-07-31 12:47:00-04:00,14.510000228881836,14.547200202941895,14.510000228881836,14.547200202941895,1851,0.0,0.0,0.0
2024-07-31 12:48:00-04:00,14.54170036315918,14.54170036315918,14.54170036315918,14.54170036315918,567,0.0,0.0,0.0
2024-07-31 12:52:00-04:00,14.53499984741211,14.538100242614746,14.520000457763672,14.520000457763672,1025,0.0,0.0,0.0
2024-07-31 12:53:00-04:00,14.520000457763672,14.520000457763672,14.520000457763672,14.520000457763672,439,0.0,0.0,0.0
2024-07-31 12:54:00-04:00,14.5,14.5,14.5,14.5,280,0.0,0.0,0.0
2024-07-31 12:56:00-04:00,14.489999771118164,14.489999771118164,14.489999771118164,14.489999771118164,188,0.0,0.0,0.0
2024-07-31 12:59:00-04:00,14.524999618530273,14.529999732971191,14.524999618530273,14.529999732971191,1100,0.0,0.0,0.0
2024-07-31 13:00:00-04:00,14.520000457763672,14.520000457763672,14.520000457763672,14.520000457763672,2159,0.0,0.0,0.0
2024-07-31 13:01:00-04:00,14.536600112915039,14.536600112915039,14.536600112915039,14.536600112915039,226,0.0,0.0,0.0
2024-07-31 13:04:00-04:00,14.545000076293945,14.545000076293945,14.545000076293945,14.545000076293945,105,0.0,0.0,0.0
2024-07-31 13:06:00-04:00,14.546500205993652,14.546500205993652,14.546500205993652,14.546500205993652,540,0.0,0.0,0.0
2024-07-31 13:09:00-04:00,14.5600004196167,14.5600004196167,14.5600004196167,14.5600004196167,1551,0.0,0.0,0.0
2024-07-31 13:10:00-04:00,14.550000190734863,14.550000190734863,14.550000190734863,14.550000190734863,108,0.0,0.0,0.0
2024-07-31 13:11:00-04:00,14.579899787902832,14.579899787902832,14.579899787902832,14.579899787902832,254,0.0,0.0,0.0
2024-07-31 13:12:00-04:00,14.59000015258789,14.59000015258789,14.59000015258789,14.59000015258789,876,0.0,0.0,0.0
2024-07-31 13:13:00-04:00,14.59000015258789,14.59000015258789,14.59000015258789,14.59000015258789,318,0.0,0.0,0.0
2024-07-31 13:14:00-04:00,14.579999923706055,14.579999923706055,14.569999694824219,14.569999694824219,817,0.0,0.0,0.0
2024-07-31 13:16:00-04:00,14.569899559020996,14.569899559020996,14.569899559020996,14.569899559020996,5192,0.0,0.0,0.0
2024-07-31 13:22:00-04:00,14.524999618530273,14.524999618530273,14.524999618530273,14.524999618530273,162,0.0,0.0,0.0
2024-07-31 13:24:00-04:00,14.520000457763672,14.520000457763672,14.520000457763672,14.520000457763672,275,0.0,0.0,0.0
2024-07-31 13:25:00-04:00,14.498900413513184,14.498900413513184,14.449999809265137,14.449999809265137,705,0.0,0.0,0.0
2024-07-31 13:28:00-04:00,14.420000076293945,14.430000305175781,14.410099983215332,14.420000076293945,720,0.0,0.0,0.0
2024-07-31 13:30:00-04:00,14.399999618530273,14.399999618530273,14.399999618530273,14.399999618530273,1084,0.0,0.0,0.0
2024-07-31 13:31:00-04:00,14.409899711608887,14.409899711608887,14.409899711608887,14.409899711608887,245,0.0,0.0,0.0
2024-07-31 13:32:00-04:00,14.399999618530273,14.399999618530273,14.399999618530273,14.399999618530273,175,0.0,0.0,0.0
2024-07-31 13:33:00-04:00,14.390000343322754,14.40999984741211,14.38599967956543,14.409899711608887,1351,0.0,0.0,0.0
2024-07-31 13:39:00-04:00,14.359999656677246,14.359999656677246,14.350000381469727,14.350000381469727,704,0.0,0.0,0.0
2024-07-31 13:40:00-04:00,14.359000205993652,14.359999656677246,14.359000205993652,14.35990047454834,1807,0.0,0.0,0.0
2024-07-31 13:42:00-04:00,14.279999732971191,14.300000190734863,14.279999732971191,14.300000190734863,4180,0.0,0.0,0.0
2024-07-31 13:43:00-04:00,14.279999732971191,14.289999961853027,14.279999732971191,14.289899826049805,1100,0.0,0.0,0.0
2024-07-31 13:44:00-04:00,14.292200088500977,14.292200088500977,14.292200088500977,14.292200088500977,252,0.0,0.0,0.0
2024-07-31 13:49:00-04:00,14.319999694824219,14.329999923706055,14.319999694824219,14.329999923706055,378,0.0,0.0,0.0
2024-07-31 13:52:00-04:00,14.35990047454834,14.35990047454834,14.332200050354004,14.332200050354004,1127,0.0,0.0,0.0
2024-07-31 14:00:00-04:00,14.329999923706055,14.329999923706055,14.329999923706055,14.329999923706055,584,0.0,0.0,0.0
2024-07-31 14:04:00-04:00,14.354999542236328,14.35990047454834,14.345000267028809,14.345000267028809,881,0.0,0.0,0.0
2024-07-31 14:07:00-04:00,14.390000343322754,14.390000343322754,14.329999923706055,14.329999923706055,1205,0.0,0.0,0.0
2024-07-31 14:11:00-04:00,14.399800300598145,14.399800300598145,14.399800300598145,14.399800300598145,178,0.0,0.0,0.0
2024-07-31 14:12:00-04:00,14.380000114440918,14.380000114440918,14.380000114440918,14.380000114440918,1197,0.0,0.0,0.0
2024-07-31 14:16:00-04:00,14.361000061035156,14.361000061035156,14.361000061035156,14.361000061035156,319,0.0,0.0,0.0
2024-07-31 14:18:00-04:00,14.428899765014648,14.428899765014648,14.428899765014648,14.428899765014648,386,0.0,0.0,0.0
2024-07-31 14:24:00-04:00,14.469900131225586,14.469900131225586,14.469900131225586,14.469900131225586,312,0.0,0.0,0.0
2024-07-31 14:25:00-04:00,14.46500015258789,14.46500015258789,14.46500015258789,14.46500015258789,185,0.0,0.0,0.0
2024-07-31 14:28:00-04:00,14.520000457763672,14.520000457763672,14.520000457763672,14.520000457763672,170,0.0,0.0,0.0
2024-07-31 14:31:00-04:00,14.514399528503418,14.514399528503418,14.514399528503418,14.514399528503418,275,0.0,0.0,0.0
2024-07-31 14:32:00-04:00,14.543999671936035,14.543999671936035,14.543999671936035,14.543999671936035,1103,0.0,0.0,0.0
2024-07-31 14:35:00-04:00,14.545000076293945,14.545000076293945,14.529999732971191,14.529999732971191,2834,0.0,0.0,0.0
2024-07-31 14:44:00-04:00,14.630000114440918,14.630000114440918,14.609999656677246,14.609999656677246,1631,0.0,0.0,0.0
2024-07-31 14:46:00-04:00,14.59000015258789,14.59000015258789,14.59000015258789,14.59000015258789,458472,0.0,0.0,0.0
2024-07-31 14:48:00-04:00,14.600000381469727,14.630000114440918,14.59000015258789,14.611000061035156,10331,0.0,0.0,0.0
2024-07-31 14:49:00-04:00,14.630000114440918,14.630000114440918,14.611000061035156,14.623499870300293,909,0.0,0.0,0.0
2024-07-31 14:50:00-04:00,14.630000114440918,14.630000114440918,14.630000114440918,14.630000114440918,463,0.0,0.0,0.0
2024-07-31 14:53:00-04:00,14.582500457763672,14.582500457763672,14.582500457763672,14.582500457763672,685,0.0,0.0,0.0
2024-07-31 14:54:00-04:00,14.59000015258789,14.59000015258789,14.59000015258789,14.59000015258789,430,0.0,0.0,0.0
2024-07-31 14:57:00-04:00,14.539299964904785,14.539299964904785,14.539299964904785,14.539299964904785,524,0.0,0.0,0.0
2024-07-31 14:59:00-04:00,14.57800006866455,14.57800006866455,14.57800006866455,14.57800006866455,233,0.0,0.0,0.0
2024-07-31 15:01:00-04:00,14.59000015258789,14.59000015258789,14.59000015258789,14.59000015258789,269,0.0,0.0,0.0
2024-07-31 15:03:00-04:00,14.569999694824219,14.569999694824219,14.569999694824219,14.569999694824219,104,0.0,0.0,0.0
2024-07-31 15:04:00-04:00,14.526000022888184,14.526000022888184,14.526000022888184,14.526000022888184,377,0.0,0.0,0.0
2024-07-31 15:05:00-04:00,14.489999771118164,14.489999771118164,14.489999771118164,14.489999771118164,306,0.0,0.0,0.0
2024-07-31 15:10:00-04:00,14.5600004196167,14.5600004196167,14.5600004196167,14.5600004196167,142,0.0,0.0,0.0
2024-07-31 15:11:00-04:00,14.5600004196167,14.5600004196167,14.5600004196167,14.5600004196167,202,0.0,0.0,0.0
2024-07-31 15:12:00-04:00,14.550000190734863,14.569999694824219,14.550000190734863,14.569899559020996,4031,0.0,0.0,0.0
2024-07-31 15:13:00-04:00,14.550000190734863,14.569000244140625,14.550000190734863,14.569000244140625,2060,0.0,0.0,0.0
2024-07-31 15:14:00-04:00,14.569299697875977,14.569299697875977,14.5600004196167,14.5600004196167,260,0.0,0.0,0.0
2024-07-31 15:15:00-04:00,14.519399642944336,14.519399642944336,14.519399642944336,14.519399642944336,6285,0.0,0.0,0.0
2024-07-31 15:16:00-04:00,14.5,14.5,14.5,14.5,103,0.0,0.0,0.0
2024-07-31 15:18:00-04:00,14.520000457763672,14.520000457763672,14.520000457763672,14.520000457763672,444,0.0,0.0,0.0
2024-07-31 15:19:00-04:00,14.430000305175781,14.430000305175781,14.430000305175781,14.430000305175781,209,0.0,0.0,0.0
2024-07-31 15:20:00-04:00,14.479700088500977,14.479700088500977,14.479700088500977,14.479700088500977,255,0.0,0.0,0.0
2024-07-31 15:23:00-04:00,14.449000358581543,14.449899673461914,14.449000358581543,14.449899673461914,565,0.0,0.0,0.0
2024-07-31 15:26:00-04:00,14.40999984741211,14.40999984741211,14.40999984741211,14.40999984741211,1099,0.0,0.0,0.0
2024-07-31 15:30:00-04:00,14.411999702453613,14.459699630737305,14.411999702453613,14.439599990844727,659,0.0,0.0,0.0
2024-07-31 15:31:00-04:00,14.40999984741211,14.439000129699707,14.40999984741211,14.439000129699707,350,0.0,0.0,0.0
2024-07-31 15:32:00-04:00,14.470000267028809,14.508999824523926,14.470000267028809,14.505000114440918,1269,0.0,0.0,0.0
2024-07-31 15:40:00-04:00,14.510000228881836,14.510000228881836,14.510000228881836,14.510000228881836,1355,0.0,0.0,0.0
2024-07-31 15:41:00-04:00,14.515000343322754,14.515000343322754,14.515000343322754,14.515000343322754,1058,0.0,0.0,0.0
2024-07-31 15:44:00-04:00,14.58899974822998,14.58899974822998,14.58899974822998,14.58899974822998,106,0.0,0.0,0.0
2024-07-31 15:48:00-04:00,14.569999694824219,14.569999694824219,14.569999694824219,14.569999694824219,5707,0.0,0.0,0.0
2024-07-31 15:49:00-04:00,14.550000190734863,14.550000190734863,14.550000190734863,14.550000190734863,200,0.0,0.0,0.0
2024-07-31 15:50:00-04:00,14.5600004196167,14.569999694824219,14.5600004196167,14.569999694824219,270,0.0,0.0,0.0
2024-07-31 15:51:00-04:00,14.5600004196167,14.5600004196167,14.5600004196167,14.5600004196167,653,0.0,0.0,0.0
2024-07-31 15:52:00-04:00,14.520000457763672,14.520000457763672,14.520000457763672,14.520000457763672,121,0.0,0.0,0.0
2024-07-31 15:55:00-04:00,14.54990005493164,14.54990005493164,14.54990005493164,14.54990005493164,259,0.0,0.0,0.0
2024-07-31 15:56:00-04:00,14.550000190734863,14.558799743652344,14.550000190734863,14.558799743652344,1036,0.0,0.0,0.0
2024-07-31 15:57:00-04:00,14.529999732971191,14.529999732971191,14.529999732971191,14.529999732971191,196,0.0,0.0,0.0
2024-07-31 15:58:00-04:00,14.550000190734863,14.574999809265137,14.550000190734863,14.574999809265137,1556,0.0,0.0,0.0
2024-07-31 15:59:00-04:00,14.569999694824219,14.579999923706055,14.5600004196167,14.5600004196167,3471,0.0,0.0,0.0
2024-08-01 09:30:00-04:00,14.600000381469727,14.720000267028809,14.600000381469727,14.720000267028809,8108,0.0,0.0,0.0
2024-08-01 09:31:00-04:00,14.729999542236328,14.75,14.729999542236328,14.75,3271,0.0,0.0,0.0
2024-08-01 09:32:00-04:00,14.768600463867188,14.768600463867188,14.710000038146973,14.710000038146973,1956,0.0,0.0,0.0
2024-08-01 09:33:00-04:00,14.77299976348877,14.800000190734863,14.770000457763672,14.770000457763672,2301,0.0,0.0,0.0
2024-08-01 09:35:00-04:00,14.73799991607666,14.73799991607666,14.61620044708252,14.61620044708252,2345,0.0,0.0,0.0
2024-08-01 09:36:00-04:00,14.59000015258789,14.600000381469727,14.59000015258789,14.600000381469727,531,0.0,0.0,0.0
2024-08-01 09:37:00-04:00,14.60890007019043,14.61989974975586,14.59000015258789,14.61989974975586,1628,0.0,0.0,0.0
2024-08-01 09:38:00-04:00,14.609999656677246,14.638099670410156,14.609999656677246,14.638099670410156,1400,0.0,0.0,0.0
2024-08-01 09:39:00-04:00,14.619999885559082,14.619999885559082,14.619999885559082,14.619999885559082,652,0.0,0.0,0.0
2024-08-01 09:40:00-04:00,14.629400253295898,14.629400253295898,14.629400253295898,14.629400253295898,303,0.0,0.0,0.0
2024-08-01 09:41:00-04:00,14.630000114440918,14.630000114440918,14.619999885559082,14.619999885559082,559,0.0,0.0,0.0
2024-08-01 09:42:00-04:00,14.619999885559082,14.619999885559082,14.59000015258789,14.59000015258789,658,0.0,0.0,0.0
2024-08-01 09:43:00-04:00,14.598999977111816,14.598999977111816,14.58899974822998,14.58899974822998,536,0.0,0.0,0.0
2024-08-01 09:44:00-04:00,14.597900390625,14.597900390625,14.597900390625,14.597900390625,499,0.0,0.0,0.0
2024-08-01 09:45:00-04:00,14.59000015258789,14.59000015258789,14.550000190734863,14.550000190734863,1561,0.0,0.0,0.0
2024-08-01 09:47:00-04:00,14.569999694824219,14.569999694824219,14.569999694824219,14.569999694824219,501,0.0,0.0,0.0
2024-08-01 09:48:00-04:00,14.550000190734863,14.550000190734863,14.539999961853027,14.550000190734863,856,0.0,0.0,0.0
2024-08-01 09:49:00-04:00,14.529999732971191,14.539999961853027,14.529999732971191,14.529999732971191,1415,0.0,0.0,0.0
2024-08-01 09:50:00-04:00,14.5,14.5,14.489999771118164,14.489999771118164,3022,0.0,0.0,0.0
2024-08-01 09:51:00-04:00,14.482000350952148,14.482000350952148,14.479999542236328,14.479999542236328,3606,0.0,0.0,0.0
2024-08-01 09:52:00-04:00,14.478300094604492,14.478300094604492,14.478300094604492,14.478300094604492,192,0.0,0.0,0.0
2024-08-01 09:53:00-04:00,14.510100364685059,14.510100364685059,14.510100364685059,14.510100364685059,320,0.0,0.0,0.0
2024-08-01 09:54:00-04:00,14.510000228881836,14.510000228881836,14.508199691772461,14.508199691772461,644,0.0,0.0,0.0
2024-08-01 09:55:00-04:00,14.5,14.5,14.5,14.5,1027,0.0,0.0,0.0
2024-08-01 09:57:00-04:00,14.49899959564209,14.5,14.49899959564209,14.499899864196777,1215,0.0,0.0,0.0
2024-08-01 09:58:00-04:00,14.468999862670898,14.469900131225586,14.468999862670898,14.469900131225586,1528,0.0,0.0,0.0
2024-08-01 09:59:00-04:00,14.469900131225586,14.469900131225586,14.469900131225586,14.469900131225586,584,0.0,0.0,0.0
2024-08-01 10:00:00-04:00,14.40999984741211,14.40999984741211,14.40999984741211,14.40999984741211,641,0.0,0.0,0.0
2024-08-01 10:01:00-04:00,14.390000343322754,14.390000343322754,14.390000343322754,14.390000343322754,256,0.0,0.0,0.0
2024-08-01 10:02:00-04:00,14.369999885559082,14.390000343322754,14.369999885559082,14.390000343322754,2661,0.0,0.0,0.0
2024-08-01 10:03:00-04:00,14.319999694824219,14.319999694824219,14.319999694824219,14.319999694824219,290,0.0,0.0,0.0
2024-08-01 10:05:00-04:00,14.300000190734863,14.319999694824219,14.300000190734863,14.300000190734863,1838,0.0,0.0,0.0
2024-08-01 10:06:00-04:00,14.26729965209961,14.26729965209961,14.239999771118164,14.239999771118164,876,0.0,0.0,0.0
2024-08-01 10:09:00-04:00,14.28849983215332,14.28849983215332,14.28849983215332,14.28849983215332,1827,0.0,0.0,0.0
2024-08-01 10:10:00-04:00,14.220000267028809,14.220000267028809,14.180000305175781,14.180000305175781,1715,0.0,0.0,0.0
2024-08-01 10:12:00-04:00,14.210000038146973,14.210000038146973,14.180000305175781,14.180000305175781,852,0.0,0.0,0.0
2024-08-01 10:14:00-04:00,14.260000228881836,14.260000228881836,14.180999755859375,14.180999755859375,905,0.0,0.0,0.0
2024-08-01 10:16:00-04:00,14.192099571228027,14.208999633789062,14.1899995803833,14.1899995803833,389,0.0,0.0,0.0
2024-08-01 10:17:00-04:00,14.180000305175781,14.180000305175781,14.120100021362305,14.120100021362305,3409,0.0,0.0,0.0
2024-08-01 10:18:00-04:00,14.119999885559082,14.119999885559082,14.100000381469727,14.100000381469727,753,0.0,0.0,0.0
2024-08-01 10:19:00-04:00,14.09000015258789,14.101799964904785,14.09000015258789,14.101799964904785,1013,0.0,0.0,0.0
2024-08-01 10:22:00-04:00,14.11709976196289,14.11709976196289,14.100000381469727,14.100000381469727,987,0.0,0.0,0.0
2024-08-01 10:23:00-04:00,14.109999656677246,14.109999656677246,14.109700202941895,14.109700202941895,1246,0.0,0.0,0.0
2024-08-01 10:24:00-04:00,14.11400032043457,14.11400032043457,14.11400032043457,14.11400032043457,171,0.0,0.0,0.0
2024-08-01 10:25:00-04:00,14.175000190734863,14.175000190734863,14.175000190734863,14.175000190734863,424,0.0,0.0,0.0
2024-08-01 10:26:00-04:00,14.13700008392334,14.168999671936035,14.13700008392334,14.154999732971191,1707,0.0,0.0,0.0
2024-08-01 10:31:00-04:00,14.035200119018555,14.035200119018555,14.029999732971191,14.029999732971191,201,0.0,0.0,0.0
2024-08-01 10:32:00-04:00,14.0,14.0,13.994999885559082,13.994999885559082,1356,0.0,0.0,0.0
2024-08-01 10:33:00-04:00,14.0,14.029999732971191,14.0,14.029999732971191,1119,0.0,0.0,0.0
2024-08-01 10:34:00-04:00,14.020000457763672,14.020000457763672,14.020000457763672,14.020000457763672,308,0.0,0.0,0.0
2024-08-01 10:35:00-04:00,14.020000457763672,14.020000457763672,13.99899959564209,13.99899959564209,4946,0.0,0.0,0.0
2024-08-01 10:36:00-04:00,13.989999771118164,13.989999771118164,13.989999771118164,13.989999771118164,379,0.0,0.0,0.0
2024-08-01 10:37:00-04:00,13.979999542236328,13.989899635314941,13.970000267028809,13.989899635314941,1006,0.0,0.0,0.0
2024-08-01 10:38:00-04:00,14.014300346374512,14.038999557495117,14.014300346374512,14.038999557495117,332,0.0,0.0,0.0
2024-08-01 10:39:00-04:00,14.000100135803223,14.000100135803223,14.000100135803223,14.000100135803223,221,0.0,0.0,0.0
2024-08-01 10:40:00-04:00,14.019800186157227,14.019800186157227,14.019800186157227,14.019800186157227,284,0.0,0.0,0.0
2024-08-01 10:41:00-04:00,14.0,14.0,13.96500015258789,13.96500015258789,1365,0.0,0.0,0.0
2024-08-01 10:42:00-04:00,13.979000091552734,13.979000091552734,13.952699661254883,13.952699661254883,662,0.0,0.0,0.0
2024-08-01 10:43:00-04:00,13.942999839782715,13.942999839782715,13.920000076293945,13.939900398254395,533,0.0,0.0,0.0
2024-08-01 10:45:00-04:00,13.925000190734863,13.925000190734863,13.910900115966797,13.914299964904785,2133,0.0,0.0,0.0
2024-08-01 10:46:00-04:00,13.90999984741211,13.90999984741211,13.90999984741211,13.90999984741211,845,0.0,0.0,0.0
2024-08-01 10:47:00-04:00,13.920000076293945,13.920000076293945,13.899999618530273,13.90999984741211,8331,0.0,0.0,0.0
2024-08-01 10:48:00-04:00,13.914999961853027,13.920000076293945,13.899999618530273,13.905200004577637,7379,0.0,0.0,0.0
2024-08-01 10:49:00-04:00,13.890000343322754,13.890000343322754,13.890000343322754,13.890000343322754,500,0.0,0.0,0.0
2024-08-01 10:50:00-04:00,13.920000076293945,13.920000076293945,13.90999984741211,13.90999984741211,550,0.0,0.0,0.0
2024-08-01 10:51:00-04:00,13.9399995803833,13.9399995803833,13.9399995803833,13.9399995803833,535,0.0,0.0,0.0
2024-08-01 10:53:00-04:00,13.979999542236328,13.979999542236328,13.9399995803833,13.9399995803833,367,0.0,0.0,0.0
2024-08-01 10:54:00-04:00,13.926400184631348,13.926400184631348,13.926400184631348,13.926400184631348,314,0.0,0.0,0.0
2024-08-01 10:55:00-04:00,13.920000076293945,13.920000076293945,13.920000076293945,13.920000076293945,375,0.0,0.0,0.0
2024-08-01 10:56:00-04:00,13.920000076293945,13.920000076293945,13.920000076293945,13.920000076293945,797,0.0,0.0,0.0
2024-08-01 10:57:00-04:00,13.9399995803833,13.9399995803833,13.9399995803833,13.9399995803833,354,0.0,0.0,0.0
2024-08-01 10:58:00-04:00,13.94890022277832,13.94890022277832,13.930000305175781,13.930000305175781,1464,0.0,0.0,0.0
2024-08-01 10:59:00-04:00,13.914999961853027,13.9197998046875,13.890000343322754,13.890000343322754,16943,0.0,0.0,0.0
2024-08-01 11:01:00-04:00,13.879400253295898,13.879400253295898,13.879400253295898,13.879400253295898,537,0.0,0.0,0.0
2024-08-01 11:02:00-04:00,13.850000381469727,13.869999885559082,13.850000381469727,13.8548002243042,2436,0.0,0.0,0.0
2024-08-01 11:04:00-04:00,13.864999771118164,13.864999771118164,13.864999771118164,13.864999771118164,242,0.0,0.0,0.0
2024-08-01 11:07:00-04:00,13.869999885559082,13.869999885559082,13.869799613952637,13.869799613952637,999,0.0,0.0,0.0
2024-08-01 11:08:00-04:00,13.87969970703125,13.87969970703125,13.845000267028809,13.845000267028809,1679,0.0,0.0,0.0
2024-08-01 11:09:00-04:00,13.845000267028809,13.845000267028809,13.845000267028809,13.845000267028809,1482,0.0,0.0,0.0
2024-08-01 11:11:00-04:00,13.870100021362305,13.870100021362305,13.870100021362305,13.870100021362305,325,0.0,0.0,0.0
2024-08-01 11:12:00-04:00,13.919899940490723,13.919899940490723,13.919899940490723,13.919899940490723,382,0.0,0.0,0.0
2024-08-01 11:13:00-04:00,13.88010025024414,13.88010025024414,13.880000114440918,13.880000114440918,955,0.0,0.0,0.0
2024-08-01 11:15:00-04:00,13.859999656677246,13.859999656677246,13.859999656677246,13.859999656677246,102,0.0,0.0,0.0
2024-08-01 11:16:00-04:00,13.869999885559082,13.869999885559082,13.869999885559082,13.869999885559082,224,0.0,0.0,0.0
2024-08-01 11:18:00-04:00,13.869999885559082,13.90999984741211,13.869999885559082,13.90999984741211,1760,0.0,0.0,0.0
2024-08-01 11:20:00-04:00,13.90999984741211,13.90999984741211,13.909199714660645,13.909199714660645,231,0.0,0.0,0.0
2024-08-01 11:21:00-04:00,13.929900169372559,13.929900169372559,13.929900169372559,13.929900169372559,352,0.0,0.0,0.0
2024-08-01 11:23:00-04:00,13.850799560546875,13.850799560546875,13.850799560546875,13.850799560546875,270,0.0,0.0,0.0
2024-08-01 11:24:00-04:00,13.894700050354004,13.894700050354004,13.894700050354004,13.894700050354004,231,0.0,0.0,0.0
2024-08-01 11:25:00-04:00,13.899999618530273,13.899999618530273,13.899999618530273,13.899999618530273,604,0.0,0.0,0.0
2024-08-01 11:29:00-04:00,13.930000305175781,13.930000305175781,13.920000076293945,13.920000076293945,458,0.0,0.0,0.0
2024-08-01 11:30:00-04:00,13.899999618530273,13.899999618530273,13.899999618530273,13.899999618530273,130164,0.0,0.0,0.0
2024-08-01 11:31:00-04:00,13.949000358581543,13.949000358581543,13.935700416564941,13.935700416564941,409,0.0,0.0,0.0
2024-08-01 11:32:00-04:00,13.940099716186523,13.940099716186523,13.940099716186523,13.940099716186523,301,0.0,0.0,0.0
2024-08-01 11:34:00-04:00,13.920000076293945,13.920000076293945,13.919899940490723,13.920000076293945,1499,0.0,0.0,0.0
2024-08-01 11:36:00-04:00,13.899999618530273,13.899999618530273,13.899999618530273,13.899999618530273,479,0.0,0.0,0.0
2024-08-01 11:42:00-04:00,13.854999542236328,13.854999542236328,13.854999542236328,13.854999542236328,266,0.0,0.0,0.0
2024-08-01 11:43:00-04:00,13.850000381469727,13.850000381469727,13.850000381469727,13.850000381469727,510,0.0,0.0,0.0
2024-08-01 11:45:00-04:00,13.84000015258789,13.84000015258789,13.800000190734863,13.800000190734863,6335,0.0,0.0,0.0
2024-08-01 11:47:00-04:00,13.792799949645996,13.8100004196167,13.792799949645996,13.8100004196167,694,0.0,0.0,0.0
2024-08-01 11:55:00-04:00,13.879899978637695,13.880000114440918,13.87909984588623,13.87909984588623,1427,0.0,0.0,0.0
2024-08-01 11:59:00-04:00,13.850099563598633,13.850099563598633,13.850099563598633,13.850099563598633,343,0.0,0.0,0.0
2024-08-01 12:00:00-04:00,13.85099983215332,13.85099983215332,13.85099983215332,13.85099983215332,499,0.0,0.0,0.0
2024-08-01 12:02:00-04:00,13.850000381469727,13.859999656677246,13.850000381469727,13.859999656677246,231,0.0,0.0,0.0
2024-08-01 12:03:00-04:00,13.899999618530273,13.899999618530273,13.899999618530273,13.899999618530273,193,0.0,0.0,0.0
2024-08-01 12:04:00-04:00,13.899999618530273,13.899999618530273,13.899999618530273,13.899999618530273,142,0.0,0.0,0.0
2024-08-01 12:06:00-04:00,13.930000305175781,13.930000305175781,13.930000305175781,13.930000305175781,132,0.0,0.0,0.0
2024-08-01 12:07:00-04:00,13.968999862670898,13.968999862670898,13.968999862670898,13.968999862670898,271,0.0,0.0,0.0
2024-08-01 12:08:00-04:00,13.90999984741211,13.90999984741211,13.90999984741211,13.90999984741211,143995,0.0,0.0,0.0
2024-08-01 12:09:00-04:00,13.939900398254395,13.939900398254395,13.939900398254395,13.939900398254395,345,0.0,0.0,0.0
2024-08-01 12:10:00-04:00,13.869999885559082,13.869999885559082,13.869999885559082,13.869999885559082,151,0.0,0.0,0.0
2024-08-01 12:11:00-04:00,13.869999885559082,13.869999885559082,13.869999885559082,13.869999885559082,205,0.0,0.0,0.0
2024-08-01 12:13:00-04:00,13.869999885559082,13.869999885559082,13.869999885559082,13.869999885559082,230,0.0,0.0,0.0
2024-08-01 12:14:00-04:00,13.869400024414062,13.879899978637695,13.869400024414062,13.879899978637695,648,0.0,0.0,0.0
2024-08-01 12:16:00-04:00,13.859999656677246,13.859999656677246,13.859999656677246,13.859999656677246,224,0.0,0.0,0.0
2024-08-01 12:17:00-04:00,13.864999771118164,13.864999771118164,13.864999771118164,13.864999771118164,468,0.0,0.0,0.0
2024-08-01 12:19:00-04:00,13.800000190734863,13.829899787902832,13.800000190734863,13.829899787902832,646,0.0,0.0,0.0
2024-08-01 12:20:00-04:00,13.80109977722168,13.801300048828125,13.80109977722168,13.801300048828125,997,0.0,0.0,0.0
2024-08-01 12:22:00-04:00,13.789999961853027,13.789999961853027,13.779999732971191,13.779999732971191,473,0.0,0.0,0.0
2024-08-01 12:23:00-04:00,13.770099639892578,13.78499984741211,13.770099639892578,13.771499633789062,1003,0.0,0.0,0.0
2024-08-01 12:27:00-04:00,13.78499984741211,13.78499984741211,13.78499984741211,13.78499984741211,444,0.0,0.0,0.0
2024-08-01 12:33:00-04:00,13.793899536132812,13.793899536132812,13.779999732971191,13.779999732971191,303,0.0,0.0,0.0
2024-08-01 12:34:00-04:00,13.770000457763672,13.770000457763672,13.75,13.75,2363,0.0,0.0,0.0
2024-08-01 12:35:00-04:00,13.739999771118164,13.739999771118164,13.729900360107422,13.729900360107422,401,0.0,0.0,0.0
2024-08-01 12:36:00-04:00,13.710000038146973,13.760000228881836,13.710000038146973,13.760000228881836,801,0.0,0.0,0.0
2024-08-01 12:39:00-04:00,13.75,13.75,13.75,13.75,257,0.0,0.0,0.0
2024-08-01 12:41:00-04:00,13.729999542236328,13.729999542236328,13.711700439453125,13.714900016784668,667,0.0,0.0,0.0
2024-08-01 12:42:00-04:00,13.710000038146973,13.710000038146973,13.710000038146973,13.710000038146973,258,0.0,0.0,0.0
2024-08-01 12:43:00-04:00,13.770000457763672,13.770000457763672,13.744999885559082,13.744999885559082,2360,0.0,0.0,0.0
2024-08-01 12:45:00-04:00,13.760000228881836,13.778499603271484,13.760000228881836,13.778499603271484,1012,0.0,0.0,0.0
2024-08-01 12:47:00-04:00,13.779999732971191,13.779999732971191,13.779999732971191,13.779999732971191,516,0.0,0.0,0.0
2024-08-01 12:52:00-04:00,13.734999656677246,13.734999656677246,13.734999656677246,13.734999656677246,165,0.0,0.0,0.0
2024-08-01 12:53:00-04:00,13.718000411987305,13.718000411987305,13.718000411987305,13.718000411987305,231,0.0,0.0,0.0
2024-08-01 12:57:00-04:00,13.739999771118164,13.739999771118164,13.729999542236328,13.729999542236328,530,0.0,0.0,0.0
2024-08-01 12:58:00-04:00,13.729999542236328,13.729999542236328,13.720000267028809,13.720000267028809,1226,0.0,0.0,0.0
2024-08-01 13:00:00-04:00,13.710000038146973,13.710000038146973,13.699999809265137,13.699999809265137,2629,0.0,0.0,0.0
2024-08-01 13:05:00-04:00,13.738200187683105,13.738200187683105,13.71500015258789,13.71500015258789,255,0.0,0.0,0.0
2024-08-01 13:06:00-04:00,13.729999542236328,13.729999542236328,13.718999862670898,13.718999862670898,834,0.0,0.0,0.0
2024-08-01 13:07:00-04:00,13.70009994506836,13.704999923706055,13.699999809265137,13.699999809265137,645,0.0,0.0,0.0
2024-08-01 13:08:00-04:00,13.699999809265137,13.699999809265137,13.699999809265137,13.699999809265137,1025,0.0,0.0,0.0
2024-08-01 13:11:00-04:00,13.65999984741211,13.65999984741211,13.65999984741211,13.65999984741211,1838,0.0,0.0,0.0
2024-08-01 13:12:00-04:00,13.64009952545166,13.64009952545166,13.640000343322754,13.640000343322754,683,0.0,0.0,0.0
2024-08-01 13:13:00-04:00,13.642499923706055,13.642499923706055,13.642499923706055,13.642499923706055,385,0.0,0.0,0.0
2024-08-01 13:15:00-04:00,13.649999618530273,13.649999618530273,13.645000457763672,13.645000457763672,1523,0.0,0.0,0.0
2024-08-01 13:16:00-04:00,13.64009952545166,13.64009952545166,13.64009952545166,13.64009952545166,1187,0.0,0.0,0.0
2024-08-01 13:19:00-04:00,13.649999618530273,13.649999618530273,13.619999885559082,13.619999885559082,783,0.0,0.0,0.0
2024-08-01 13:20:00-04:00,13.630000114440918,13.630000114440918,13.630000114440918,13.630000114440918,646,0.0,0.0,0.0
2024-08-01 13:22:00-04:00,13.630000114440918,13.630000114440918,13.62090015411377,13.630000114440918,13560,0.0,0.0,0.0
2024-08-01 13:23:00-04:00,13.619999885559082,13.619999885559082,13.619999885559082,13.619999885559082,3573,0.0,0.0,0.0
2024-08-01 13:25:00-04:00,13.600000381469727,13.600000381469727,13.59000015258789,13.59000015258789,241,0.0,0.0,0.0
2024-08-01 13:26:00-04:00,13.600199699401855,13.600199699401855,13.600199699401855,13.600199699401855,500,0.0,0.0,0.0
2024-08-01 13:27:00-04:00,13.600000381469727,13.600000381469727,13.600000381469727,13.600000381469727,13031,0.0,0.0,0.0
2024-08-01 13:28:00-04:00,13.619999885559082,13.619999885559082,13.619999885559082,13.619999885559082,350,0.0,0.0,0.0
2024-08-01 13:30:00-04:00,13.619000434875488,13.619000434875488,13.582500457763672,13.582500457763672,652,0.0,0.0,0.0
2024-08-01 13:31:00-04:00,13.579000473022461,13.579000473022461,13.579000473022461,13.579000473022461,514,0.0,0.0,0.0
2024-08-01 13:33:00-04:00,13.550000190734863,13.550000190734863,13.550000190734863,13.550000190734863,721,0.0,0.0,0.0
2024-08-01 13:34:00-04:00,13.539999961853027,13.539999961853027,13.53499984741211,13.53499984741211,1125,0.0,0.0,0.0
2024-08-01 13:35:00-04:00,13.550000190734863,13.550000190734863,13.550000190734863,13.550000190734863,262,0.0,0.0,0.0
2024-08-01 13:36:00-04:00,13.529999732971191,13.529999732971191,13.529999732971191,13.529999732971191,170,0.0,0.0,0.0
2024-08-01 13:37:00-04:00,13.520000457763672,13.520000457763672,13.510000228881836,13.520000457763672,652,0.0,0.0,0.0
2024-08-01 13:38:00-04:00,13.505000114440918,13.505000114440918,13.5,13.5,5651,0.0,0.0,0.0
2024-08-01 13:40:00-04:00,13.489999771118164,13.489999771118164,13.470000267028809,13.470000267028809,1729,0.0,0.0,0.0
2024-08-01 13:41:00-04:00,13.489800453186035,13.489800453186035,13.460100173950195,13.460100173950195,514,0.0,0.0,0.0
2024-08-01 13:43:00-04:00,13.479000091552734,13.479000091552734,13.479000091552734,13.479000091552734,390,0.0,0.0,0.0
2024-08-01 13:44:00-04:00,13.470000267028809,13.470000267028809,13.44219970703125,13.44219970703125,703,0.0,0.0,0.0
2024-08-01 13:46:00-04:00,13.474599838256836,13.474599838256836,13.474599838256836,13.474599838256836,967,0.0,0.0,0.0
2024-08-01 13:47:00-04:00,13.463700294494629,13.463700294494629,13.463700294494629,13.463700294494629,155,0.0,0.0,0.0
2024-08-01 13:49:00-04:00,13.44729995727539,13.470000267028809,13.44729995727539,13.44729995727539,219854,0.0,0.0,0.0
2024-08-01 13:53:00-04:00,13.500100135803223,13.500100135803223,13.500100135803223,13.500100135803223,1634,0.0,0.0,0.0
2024-08-01 13:54:00-04:00,13.52970027923584,13.52970027923584,13.52079963684082,13.52079963684082,271,0.0,0.0,0.0
2024-08-01 13:55:00-04:00,13.530099868774414,13.53969955444336,13.529999732971191,13.529999732971191,757,0.0,0.0,0.0
2024-08-01 13:58:00-04:00,13.549200057983398,13.549200057983398,13.549200057983398,13.549200057983398,829,0.0,0.0,0.0
2024-08-01 13:59:00-04:00,13.548999786376953,13.548999786376953,13.539999961853027,13.545000076293945,764,0.0,0.0,0.0
2024-08-01 14:01:00-04:00,13.539999961853027,13.550000190734863,13.539999961853027,13.550000190734863,641,0.0,0.0,0.0
2024-08-01 14:02:00-04:00,13.529999732971191,13.529999732971191,13.529999732971191,13.529999732971191,129,0.0,0.0,0.0
2024-08-01 14:03:00-04:00,13.54990005493164,13.54990005493164,13.54990005493164,13.54990005493164,589,0.0,0.0,0.0
2024-08-01 14:04:00-04:00,13.529999732971191,13.529999732971191,13.529999732971191,13.529999732971191,158,0.0,0.0,0.0
2024-08-01 14:05:00-04:00,13.529000282287598,13.529000282287598,13.520000457763672,13.520000457763672,321,0.0,0.0,0.0
2024-08-01 14:06:00-04:00,13.5,13.5,13.5,13.5,603,0.0,0.0,0.0
2024-08-01 14:07:00-04:00,13.529800415039062,13.529800415039062,13.529800415039062,13.529800415039062,443,0.0,0.0,0.0
2024-08-01 14:09:00-04:00,13.510000228881836,13.510000228881836,13.499199867248535,13.499199867248535,445,0.0,0.0,0.0
2024-08-01 14:10:00-04:00,13.489899635314941,13.499199867248535,13.489899635314941,13.499199867248535,751,0.0,0.0,0.0
2024-08-01 14:11:00-04:00,13.5,13.5,13.483200073242188,13.489999771118164,451,0.0,0.0,0.0
2024-08-01 14:12:00-04:00,13.479999542236328,13.479999542236328,13.479999542236328,13.479999542236328,231,0.0,0.0,0.0
2024-08-01 14:13:00-04:00,13.460000038146973,13.479999542236328,13.460000038146973,13.479999542236328,1629,0.0,0.0,0.0
2024-08-01 14:14:00-04:00,13.490300178527832,13.490300178527832,13.489999771118164,13.489999771118164,802,0.0,0.0,0.0
2024-08-01 14:15:00-04:00,13.469900131225586,13.469900131225586,13.45009994506836,13.45009994506836,464,0.0,0.0,0.0
2024-08-01 14:17:00-04:00,13.451600074768066,13.451600074768066,13.451600074768066,13.451600074768066,106,0.0,0.0,0.0
2024-08-01 14:18:00-04:00,13.45009994506836,13.456000328063965,13.414999961853027,13.425000190734863,986,0.0,0.0,0.0
2024-08-01 14:20:00-04:00,13.458999633789062,13.45989990234375,13.449600219726562,13.45989990234375,476,0.0,0.0,0.0
2024-08-01 14:21:00-04:00,13.460000038146973,13.460000038146973,13.449999809265137,13.460000038146973,1111,0.0,0.0,0.0
2024-08-01 14:23:00-04:00,13.449999809265137,13.449999809265137,13.449999809265137,13.449999809265137,225,0.0,0.0,0.0
2024-08-01 14:24:00-04:00,13.4552001953125,13.4552001953125,13.4399995803833,13.4399995803833,1090,0.0,0.0,0.0
2024-08-01 14:26:00-04:00,13.40999984741211,13.40999984741211,13.40999984741211,13.40999984741211,300,0.0,0.0,0.0
2024-08-01 14:27:00-04:00,13.429900169372559,13.429900169372559,13.429900169372559,13.429900169372559,623,0.0,0.0,0.0
2024-08-01 14:28:00-04:00,13.399999618530273,13.430000305175781,13.395000457763672,13.430000305175781,1195,0.0,0.0,0.0
2024-08-01 14:32:00-04:00,13.401300430297852,13.401300430297852,13.39799976348877,13.39799976348877,557,0.0,0.0,0.0
2024-08-01 14:33:00-04:00,13.395000457763672,13.395000457763672,13.395000457763672,13.395000457763672,148,0.0,0.0,0.0
2024-08-01 14:34:00-04:00,13.390000343322754,13.390000343322754,13.369999885559082,13.369999885559082,463,0.0,0.0,0.0
2024-08-01 14:35:00-04:00,13.385000228881836,13.385000228881836,13.385000228881836,13.385000228881836,146,0.0,0.0,0.0
2024-08-01 14:36:00-04:00,13.385000228881836,13.385000228881836,13.385000228881836,13.385000228881836,214,0.0,0.0,0.0
2024-08-01 14:39:00-04:00,13.4399995803833,13.4399995803833,13.4399995803833,13.4399995803833,178,0.0,0.0,0.0
2024-08-01 14:40:00-04:00,13.429400444030762,13.449999809265137,13.429400444030762,13.449999809265137,749,0.0,0.0,0.0
2024-08-01 14:42:00-04:00,13.404999732971191,13.404999732971191,13.404999732971191,13.404999732971191,258,0.0,0.0,0.0
2024-08-01 14:43:00-04:00,13.399900436401367,13.399900436401367,13.359999656677246,13.359999656677246,3545,0.0,0.0,0.0
2024-08-01 14:46:00-04:00,13.343299865722656,13.349800109863281,13.343299865722656,13.349800109863281,294,0.0,0.0,0.0
2024-08-01 14:47:00-04:00,13.359000205993652,13.359000205993652,13.359000205993652,13.359000205993652,191,0.0,0.0,0.0
2024-08-01 14:50:00-04:00,13.369999885559082,13.369999885559082,13.369999885559082,13.369999885559082,280,0.0,0.0,0.0
2024-08-01 14:51:00-04:00,13.359999656677246,13.359999656677246,13.359999656677246,13.359999656677246,1972,0.0,0.0,0.0
2024-08-01 14:54:00-04:00,13.319999694824219,13.319999694824219,13.319999694824219,13.319999694824219,363,0.0,0.0,0.0
2024-08-01 14:56:00-04:00,13.301300048828125,13.301300048828125,13.300000190734863,13.300000190734863,1504,0.0,0.0,0.0
2024-08-01 14:57:00-04:00,13.305000305175781,13.305000305175781,13.305000305175781,13.305000305175781,949,0.0,0.0,0.0
2024-08-01 14:58:00-04:00,13.289999961853027,13.289999961853027,13.289999961853027,13.289999961853027,505,0.0,0.0,0.0
2024-08-01 14:59:00-04:00,13.289999961853027,13.289999961853027,13.279999732971191,13.279999732971191,728,0.0,0.0,0.0
2024-08-01 15:00:00-04:00,13.274999618530273,13.274999618530273,13.274999618530273,13.274999618530273,138,0.0,0.0,0.0
2024-08-01 15:01:00-04:00,13.288999557495117,13.288999557495117,13.271200180053711,13.271200180053711,2944,0.0,0.0,0.0
2024-08-01 15:02:00-04:00,13.303099632263184,13.303099632263184,13.303099632263184,13.303099632263184,208,0.0,0.0,0.0
2024-08-01 15:03:00-04:00,13.305000305175781,13.305000305175781,13.29010009765625,13.295000076293945,1565,0.0,0.0,0.0
2024-08-01 15:04:00-04:00,13.29990005493164,13.3100004196167,13.29990005493164,13.3100004196167,616,0.0,0.0,0.0
2024-08-01 15:05:00-04:00,13.295000076293945,13.295000076293945,13.295000076293945,13.295000076293945,355,0.0,0.0,0.0
2024-08-01 15:07:00-04:00,13.27929973602295,13.27929973602295,13.27929973602295,13.27929973602295,181,0.0,0.0,0.0
2024-08-01 15:08:00-04:00,13.279800415039062,13.279800415039062,13.279800415039062,13.279800415039062,493,0.0,0.0,0.0
2024-08-01 15:09:00-04:00,13.279000282287598,13.279000282287598,13.263799667358398,13.263799667358398,1557,0.0,0.0,0.0
2024-08-01 15:10:00-04:00,13.279500007629395,13.279500007629395,13.279500007629395,13.279500007629395,418,0.0,0.0,0.0
2024-08-01 15:11:00-04:00,13.300000190734863,13.300000190734863,13.300000190734863,13.300000190734863,619,0.0,0.0,0.0
2024-08-01 15:12:00-04:00,13.314000129699707,13.314000129699707,13.314000129699707,13.314000129699707,384,0.0,0.0,0.0
2024-08-01 15:17:00-04:00,13.34000015258789,13.34000015258789,13.34000015258789,13.34000015258789,143,0.0,0.0,0.0
2024-08-01 15:18:00-04:00,13.354999542236328,13.354999542236328,13.354999542236328,13.354999542236328,927,0.0,0.0,0.0
2024-08-01 15:21:00-04:00,13.359999656677246,13.362199783325195,13.34000015258789,13.362199783325195,4008,0.0,0.0,0.0
2024-08-01 15:22:00-04:00,13.369999885559082,13.369999885559082,13.369999885559082,13.369999885559082,537,0.0,0.0,0.0
2024-08-01 15:23:00-04:00,13.399900436401367,13.399900436401367,13.399900436401367,13.399900436401367,287,0.0,0.0,0.0
2024-08-01 15:24:00-04:00,13.390000343322754,13.390000343322754,13.388999938964844,13.388999938964844,456,0.0,0.0,0.0
2024-08-01 15:27:00-04:00,13.379400253295898,13.388999938964844,13.379400253295898,13.388999938964844,761,0.0,0.0,0.0
2024-08-01 15:28:00-04:00,13.399399757385254,13.399399757385254,13.399399757385254,13.399399757385254,349,0.0,0.0,0.0
2024-08-01 15:29:00-04:00,13.3996000289917,13.3996000289917,13.3996000289917,13.3996000289917,406,0.0,0.0,0.0
2024-08-01 15:30:00-04:00,13.425000190734863,13.425000190734863,13.420000076293945,13.420000076293945,1205,0.0,0.0,0.0
2024-08-01 15:31:00-04:00,13.425000190734863,13.468999862670898,13.425000190734863,13.468999862670898,733,0.0,0.0,0.0
2024-08-01 15:35:00-04:00,13.430000305175781,13.430000305175781,13.430000305175781,13.430000305175781,376,0.0,0.0,0.0
2024-08-01 15:40:00-04:00,13.449000358581543,13.449000358581543,13.449000358581543,13.449000358581543,314,0.0,0.0,0.0
2024-08-01 15:42:00-04:00,13.430000305175781,13.430000305175781,13.399999618530273,13.399999618530273,1026,0.0,0.0,0.0
2024-08-01 15:48:00-04:00,13.468999862670898,13.468999862670898,13.457500457763672,13.457500457763672,1000,0.0,0.0,0.0
2024-08-01 15:50:00-04:00,13.49899959564209,13.510000228881836,13.489999771118164,13.510000228881836,911,0.0,0.0,0.0
2024-08-01 15:53:00-04:00,13.4399995803833,13.4399995803833,13.4399995803833,13.4399995803833,386,0.0,0.0,0.0
2024-08-01 15:54:00-04:00,13.470000267028809,13.470000267028809,13.470000267028809,13.470000267028809,139,0.0,0.0,0.0
2024-08-01 15:55:00-04:00,13.4399995803833,13.4399995803833,13.4350004196167,13.4350004196167,523,0.0,0.0,0.0
2024-08-01 15:57:00-04:00,13.454999923706055,13.454999923706055,13.454999923706055,13.454999923706055,420,0.0,0.0,0.0
2024-08-01 15:59:00-04:00,13.470000267028809,13.5,13.454999923706055,13.5,4048,0.0,0.0,0.0
2024-08-02 09:30:00-04:00,13.619999885559082,13.729999542236328,13.619999885559082,13.729999542236328,28005,0.0,0.0,0.0
2024-08-02 09:31:00-04:00,13.604999542236328,13.609999656677246,13.600000381469727,13.609999656677246,22163,0.0,0.0,0.0
2024-08-02 09:32:00-04:00,13.689800262451172,13.689800262451172,13.689800262451172,13.689800262451172,216,0.0,0.0,0.0
2024-08-02 09:33:00-04:00,13.642999649047852,13.670000076293945,13.609999656677246,13.642999649047852,2428,0.0,0.0,0.0
2024-08-02 09:34:00-04:00,13.569999694824219,13.569999694824219,13.540800094604492,13.540800094604492,1839,0.0,0.0,0.0
2024-08-02 09:35:00-04:00,13.571599960327148,13.571599960327148,13.569999694824219,13.569999694824219,301,0.0,0.0,0.0
2024-08-02 09:37:00-04:00,13.828700065612793,13.828700065612793,13.75,13.78499984741211,2499,0.0,0.0,0.0
2024-08-02 09:38:00-04:00,13.800000190734863,13.800000190734863,13.800000190734863,13.800000190734863,143,0.0,0.0,0.0
2024-08-02 09:39:00-04:00,13.789999961853027,13.789999961853027,13.789999961853027,13.789999961853027,130,0.0,0.0,0.0
2024-08-02 09:40:00-04:00,13.850000381469727,13.850000381469727,13.8149995803833,13.8149995803833,598,0.0,0.0,0.0
2024-08-02 09:41:00-04:00,13.740099906921387,13.740099906921387,13.740099906921387,13.740099906921387,2337,0.0,0.0,0.0
2024-08-02 09:42:00-04:00,13.75,13.75,13.744999885559082,13.744999885559082,825,0.0,0.0,0.0
2024-08-02 09:43:00-04:00,13.765000343322754,13.765000343322754,13.765000343322754,13.765000343322754,438,0.0,0.0,0.0
2024-08-02 09:44:00-04:00,13.760000228881836,13.770000457763672,13.760000228881836,13.760000228881836,1103,0.0,0.0,0.0
2024-08-02 09:45:00-04:00,13.819999694824219,13.819999694824219,13.819999694824219,13.819999694824219,240,0.0,0.0,0.0
2024-08-02 09:46:00-04:00,13.800000190734863,13.800000190734863,13.78499984741211,13.78499984741211,771,0.0,0.0,0.0
2024-08-02 09:48:00-04:00,13.760000228881836,13.760000228881836,13.699999809265137,13.699999809265137,1906,0.0,0.0,0.0
2024-08-02 09:49:00-04:00,13.670000076293945,13.694999694824219,13.670000076293945,13.694999694824219,1302,0.0,0.0,0.0
2024-08-02 09:50:00-04:00,13.720000267028809,13.75,13.720000267028809,13.75,1327,0.0,0.0,0.0
2024-08-02 09:51:00-04:00,13.770000457763672,13.770000457763672,13.75,13.755000114440918,3592,0.0,0.0,0.0
2024-08-02 09:52:00-04:00,13.760000228881836,13.760000228881836,13.760000228881836,13.760000228881836,216,0.0,0.0,0.0
2024-08-02 09:53:00-04:00,13.767600059509277,13.767600059509277,13.767600059509277,13.767600059509277,104,0.0,0.0,0.0
2024-08-02 09:54:00-04:00,13.75,13.779999732971191,13.743399620056152,13.774999618530273,1715,0.0,0.0,0.0
2024-08-02 09:55:00-04:00,13.770000457763672,13.844900131225586,13.770000457763672,13.819999694824219,1351,0.0,0.0,0.0
2024-08-02 09:56:00-04:00,13.789999961853027,13.800000190734863,13.789999961853027,13.800000190734863,1517,0.0,0.0,0.0
2024-08-02 09:58:00-04:00,13.8100004196167,13.8100004196167,13.8100004196167,13.8100004196167,612,0.0,0.0,0.0
2024-08-02 10:00:00-04:00,13.739999771118164,13.739999771118164,13.672599792480469,13.672599792480469,3287,0.0,0.0,0.0
2024-08-02 10:01:00-04:00,13.714799880981445,13.75,13.714799880981445,13.739999771118164,2931,0.0,0.0,0.0
2024-08-02 10:02:00-04:00,13.808300018310547,13.808300018310547,13.770000457763672,13.78499984741211,3192,0.0,0.0,0.0
2024-08-02 10:03:00-04:00,13.801899909973145,13.801899909973145,13.801899909973145,13.801899909973145,2290,0.0,0.0,0.0
2024-08-02 10:05:00-04:00,13.760000228881836,13.760000228881836,13.720000267028809,13.720000267028809,823,0.0,0.0,0.0
2024-08-02 10:06:00-04:00,13.727999687194824,13.727999687194824,13.699999809265137,13.699999809265137,555,0.0,0.0,0.0
2024-08-02 10:07:00-04:00,13.680000305175781,13.688899993896484,13.680000305175781,13.688899993896484,260,0.0,0.0,0.0
2024-08-02 10:10:00-04:00,13.632800102233887,13.632800102233887,13.619999885559082,13.619999885559082,753,0.0,0.0,0.0
2024-08-02 10:14:00-04:00,13.5,13.510000228881836,13.5,13.5,2770,0.0,0.0,0.0
2024-08-02 10:15:00-04:00,13.550000190734863,13.550000190734863,13.550000190734863,13.550000190734863,275,0.0,0.0,0.0
2024-08-02 10:16:00-04:00,13.559200286865234,13.559200286865234,13.559200286865234,13.559200286865234,321,0.0,0.0,0.0
2024-08-02 10:20:00-04:00,13.572799682617188,13.572799682617188,13.572799682617188,13.572799682617188,1026,0.0,0.0,0.0
2024-08-02 10:21:00-04:00,13.602700233459473,13.602700233459473,13.602700233459473,13.602700233459473,684,0.0,0.0,0.0
2024-08-02 10:25:00-04:00,13.545999526977539,13.545999526977539,13.545999526977539,13.545999526977539,312,0.0,0.0,0.0
2024-08-02 10:27:00-04:00,13.670000076293945,13.670100212097168,13.670000076293945,13.670100212097168,519,0.0,0.0,0.0
2024-08-02 10:28:00-04:00,13.710000038146973,13.710000038146973,13.699999809265137,13.699999809265137,4794,0.0,0.0,0.0
2024-08-02 10:29:00-04:00,13.6899995803833,13.6899995803833,13.6899995803833,13.6899995803833,491,0.0,0.0,0.0
2024-08-02 10:34:00-04:00,13.600000381469727,13.600000381469727,13.600000381469727,13.600000381469727,267,0.0,0.0,0.0
2024-08-02 10:35:00-04:00,13.600000381469727,13.609999656677246,13.600000381469727,13.609999656677246,2428,0.0,0.0,0.0
2024-08-02 10:36:00-04:00,13.579999923706055,13.579999923706055,13.579999923706055,13.579999923706055,4267,0.0,0.0,0.0
2024-08-02 10:37:00-04:00,13.59000015258789,13.59000015258789,13.59000015258789,13.59000015258789,575,0.0,0.0,0.0
2024-08-02 10:39:00-04:00,13.522100448608398,13.522100448608398,13.522100448608398,13.522100448608398,216,0.0,0.0,0.0
2024-08-02 10:40:00-04:00,13.5,13.5,13.5,13.5,320,0.0,0.0,0.0
2024-08-02 10:42:00-04:00,13.619400024414062,13.619400024414062,13.619400024414062,13.619400024414062,411,0.0,0.0,0.0
2024-08-02 10:45:00-04:00,13.640000343322754,13.640000343322754,13.639900207519531,13.639900207519531,2644,0.0,0.0,0.0
2024-08-02 10:48:00-04:00,13.670000076293945,13.678999900817871,13.670000076293945,13.678999900817871,3653,0.0,0.0,0.0
2024-08-02 10:49:00-04:00,13.680000305175781,13.680000305175781,13.680000305175781,13.680000305175781,327,0.0,0.0,0.0
2024-08-02 10:56:00-04:00,13.653900146484375,13.653900146484375,13.630000114440918,13.630000114440918,572,0.0,0.0,0.0
2024-08-02 10:59:00-04:00,13.60949993133545,13.60949993133545,13.60949993133545,13.60949993133545,139,0.0,0.0,0.0
2024-08-02 11:01:00-04:00,13.579999923706055,13.579999923706055,13.579999923706055,13.579999923706055,324,0.0,0.0,0.0
2024-08-02 11:02:00-04:00,13.639900207519531,13.639900207519531,13.639900207519531,13.639900207519531,153,0.0,0.0,0.0
2024-08-02 11:03:00-04:00,13.640000343322754,13.640000343322754,13.62720012664795,13.62720012664795,541,0.0,0.0,0.0
2024-08-02 11:05:00-04:00,13.649999618530273,13.68809986114502,13.649999618530273,13.68809986114502,991,0.0,0.0,0.0
2024-08-02 11:10:00-04:00,13.73270034790039,13.760000228881836,13.73270034790039,13.760000228881836,1824,0.0,0.0,0.0
2024-08-02 11:13:00-04:00,13.760000228881836,13.760000228881836,13.726200103759766,13.726200103759766,2590,0.0,0.0,0.0
2024-08-02 11:17:00-04:00,13.748299598693848,13.748299598693848,13.748299598693848,13.748299598693848,550,0.0,0.0,0.0
2024-08-02 11:18:00-04:00,13.7322998046875,13.779999732971191,13.7322998046875,13.779999732971191,1753,0.0,0.0,0.0
2024-08-02 11:20:00-04:00,13.7431001663208,13.7431001663208,13.734999656677246,13.734999656677246,961,0.0,0.0,0.0
2024-08-02 11:23:00-04:00,13.710000038146973,13.779999732971191,13.710000038146973,13.779000282287598,8501,0.0,0.0,0.0
2024-08-02 11:27:00-04:00,13.766900062561035,13.766900062561035,13.766900062561035,13.766900062561035,504,0.0,0.0,0.0
2024-08-02 11:28:00-04:00,13.714799880981445,13.714799880981445,13.714799880981445,13.714799880981445,253,0.0,0.0,0.0
2024-08-02 11:29:00-04:00,13.720000267028809,13.729999542236328,13.720000267028809,13.729999542236328,1243,0.0,0.0,0.0
2024-08-02 11:30:00-04:00,13.695099830627441,13.695099830627441,13.695099830627441,13.695099830627441,101,0.0,0.0,0.0
2024-08-02 11:31:00-04:00,13.733099937438965,13.733099937438965,13.733099937438965,13.733099937438965,104,0.0,0.0,0.0
2024-08-02 11:32:00-04:00,13.758999824523926,13.758999824523926,13.758999824523926,13.758999824523926,173,0.0,0.0,0.0
2024-08-02 11:33:00-04:00,13.779000282287598,13.779000282287598,13.779000282287598,13.779000282287598,331,0.0,0.0,0.0
2024-08-02 11:36:00-04:00,13.76449966430664,13.779999732971191,13.76449966430664,13.779999732971191,363,0.0,0.0,0.0
2024-08-02 11:37:00-04:00,13.779999732971191,13.779999732971191,13.779999732971191,13.779999732971191,5374,0.0,0.0,0.0
2024-08-02 11:42:00-04:00,13.739999771118164,13.739999771118164,13.739999771118164,13.739999771118164,300,0.0,0.0,0.0
2024-08-02 11:43:00-04:00,13.770000457763672,13.770000457763672,13.746199607849121,13.770000457763672,452,0.0,0.0,0.0
2024-08-02 11:46:00-04:00,13.770099639892578,13.779999732971191,13.770099639892578,13.779999732971191,602,0.0,0.0,0.0
2024-08-02 11:49:00-04:00,13.734999656677246,13.734999656677246,13.734999656677246,13.734999656677246,152,0.0,0.0,0.0
2024-08-02 11:51:00-04:00,13.720100402832031,13.720100402832031,13.720100402832031,13.720100402832031,365,0.0,0.0,0.0
2024-08-02 11:54:00-04:00,13.767999649047852,13.767999649047852,13.767999649047852,13.767999649047852,2176,0.0,0.0,0.0
2024-08-02 11:55:00-04:00,13.779999732971191,13.779999732971191,13.779999732971191,13.779999732971191,294,0.0,0.0,0.0
2024-08-02 11:59:00-04:00,13.734999656677246,13.764900207519531,13.734999656677246,13.764900207519531,539,0.0,0.0,0.0
2024-08-02 12:04:00-04:00,13.758000373840332,13.758000373840332,13.744999885559082,13.744999885559082,661,0.0,0.0,0.0
2024-08-02 12:05:00-04:00,13.779999732971191,13.779999732971191,13.765999794006348,13.765999794006348,325,0.0,0.0,0.0
2024-08-02 12:06:00-04:00,13.75,13.760000228881836,13.73009967803955,13.73009967803955,5011,0.0,0.0,0.0
2024-08-02 12:07:00-04:00,13.739999771118164,13.76990032196045,13.739999771118164,13.76990032196045,1186,0.0,0.0,0.0
2024-08-02 12:08:00-04:00,13.749899864196777,13.749899864196777,13.749899864196777,13.749899864196777,3890,0.0,0.0,0.0
2024-08-02 12:13:00-04:00,13.706999778747559,13.706999778747559,13.706999778747559,13.706999778747559,170,0.0,0.0,0.0
2024-08-02 12:19:00-04:00,13.729999542236328,13.739999771118164,13.729999542236328,13.739999771118164,1501,0.0,0.0,0.0
2024-08-02 12:20:00-04:00,13.75,13.770000457763672,13.75,13.770000457763672,617,0.0,0.0,0.0
2024-08-02 12:21:00-04:00,13.789999961853027,13.789999961853027,13.789999961853027,13.789999961853027,145,0.0,0.0,0.0
2024-08-02 12:22:00-04:00,13.784500122070312,13.784500122070312,13.784500122070312,13.784500122070312,231,0.0,0.0,0.0
2024-08-02 12:23:00-04:00,13.744999885559082,13.744999885559082,13.744999885559082,13.744999885559082,324,0.0,0.0,0.0
2024-08-02 12:24:00-04:00,13.7431001663208,13.7431001663208,13.7431001663208,13.7431001663208,100,0.0,0.0,0.0
2024-08-02 12:25:00-04:00,13.725000381469727,13.725000381469727,13.725000381469727,13.725000381469727,756,0.0,0.0,0.0
2024-08-02 12:30:00-04:00,13.699999809265137,13.699999809265137,13.699999809265137,13.699999809265137,603,0.0,0.0,0.0
2024-08-02 12:34:00-04:00,13.6899995803833,13.6899995803833,13.6899995803833,13.6899995803833,481,0.0,0.0,0.0
2024-08-02 12:36:00-04:00,13.65999984741211,13.65999984741211,13.640000343322754,13.640000343322754,598,0.0,0.0,0.0
2024-08-02 12:38:00-04:00,13.600299835205078,13.600299835205078,13.600299835205078,13.600299835205078,494,0.0,0.0,0.0
2024-08-02 12:43:00-04:00,13.680000305175781,13.680000305175781,13.680000305175781,13.680000305175781,369,0.0,0.0,0.0
2024-08-02 12:44:00-04:00,13.656299591064453,13.656299591064453,13.656299591064453,13.656299591064453,402,0.0,0.0,0.0
2024-08-02 12:49:00-04:00,13.625,13.625,13.625,13.625,2226,0.0,0.0,0.0
2024-08-02 12:51:00-04:00,13.5649995803833,13.5649995803833,13.5649995803833,13.5649995803833,126,0.0,0.0,0.0
2024-08-02 12:53:00-04:00,13.550000190734863,13.550000190734863,13.550000190734863,13.550000190734863,333,0.0,0.0,0.0
2024-08-02 12:55:00-04:00,13.5,13.510000228881836,13.5,13.5,6234,0.0,0.0,0.0
2024-08-02 12:57:00-04:00,13.539999961853027,13.539999961853027,13.539999961853027,13.539999961853027,199,0.0,0.0,0.0
2024-08-02 13:02:00-04:00,13.522000312805176,13.522000312805176,13.522000312805176,13.522000312805176,359,0.0,0.0,0.0
2024-08-02 13:06:00-04:00,13.595000267028809,13.595000267028809,13.595000267028809,13.595000267028809,532,0.0,0.0,0.0
2024-08-02 13:07:00-04:00,13.569999694824219,13.584199905395508,13.569999694824219,13.584199905395508,393,0.0,0.0,0.0
2024-08-02 13:08:00-04:00,13.600000381469727,13.600000381469727,13.600000381469727,13.600000381469727,100,0.0,0.0,0.0
2024-08-02 13:09:00-04:00,13.619999885559082,13.619999885559082,13.619999885559082,13.619999885559082,357,0.0,0.0,0.0
2024-08-02 13:12:00-04:00,13.630000114440918,13.630000114440918,13.619999885559082,13.619999885559082,720,0.0,0.0,0.0
2024-08-02 13:13:00-04:00,13.651300430297852,13.651300430297852,13.651300430297852,13.651300430297852,871,0.0,0.0,0.0
2024-08-02 13:16:00-04:00,13.645000457763672,13.645000457763672,13.645000457763672,13.645000457763672,1230,0.0,0.0,0.0
2024-08-02 13:17:00-04:00,13.619999885559082,13.640000343322754,13.619999885559082,13.640000343322754,350,0.0,0.0,0.0
2024-08-02 13:19:00-04:00,13.649999618530273,13.649999618530273,13.649999618530273,13.649999618530273,116,0.0,0.0,0.0
2024-08-02 13:21:00-04:00,13.609999656677246,13.621000289916992,13.609999656677246,13.609999656677246,1442,0.0,0.0,0.0
2024-08-02 13:23:00-04:00,13.59000015258789,13.59000015258789,13.59000015258789,13.59000015258789,404,0.0,0.0,0.0
2024-08-02 13:25:00-04:00,13.572799682617188,13.572799682617188,13.569999694824219,13.570699691772461,838,0.0,0.0,0.0
2024-08-02 13:26:00-04:00,13.575200080871582,13.575200080871582,13.575200080871582,13.575200080871582,162,0.0,0.0,0.0
2024-08-02 13:28:00-04:00,13.569999694824219,13.569999694824219,13.569999694824219,13.569999694824219,1048,0.0,0.0,0.0
2024-08-02 13:35:00-04:00,13.53499984741211,13.53499984741211,13.53499984741211,13.53499984741211,101,0.0,0.0,0.0
2024-08-02 13:36:00-04:00,13.520000457763672,13.520000457763672,13.520000457763672,13.520000457763672,426,0.0,0.0,0.0
2024-08-02 13:38:00-04:00,13.5,13.5,13.5,13.5,2719,0.0,0.0,0.0
2024-08-02 13:40:00-04:00,13.472200393676758,13.498600006103516,13.472200393676758,13.498600006103516,625,0.0,0.0,0.0
2024-08-02 13:42:00-04:00,13.479999542236328,13.479999542236328,13.479999542236328,13.479999542236328,532,0.0,0.0,0.0
2024-08-02 13:44:00-04:00,13.479999542236328,13.479999542236328,13.479999542236328,13.479999542236328,346,0.0,0.0,0.0
2024-08-02 13:46:00-04:00,13.484999656677246,13.48740005493164,13.470000267028809,13.470000267028809,565,0.0,0.0,0.0
2024-08-02 13:47:00-04:00,13.5,13.5,13.5,13.5,269,0.0,0.0,0.0
2024-08-02 13:49:00-04:00,13.475000381469727,13.475000381469727,13.475000381469727,13.475000381469727,278,0.0,0.0,0.0
2024-08-02 13:51:00-04:00,13.489999771118164,13.489999771118164,13.489999771118164,13.489999771118164,400,0.0,0.0,0.0
2024-08-02 13:52:00-04:00,13.489999771118164,13.489999771118164,13.489999771118164,13.489999771118164,127,0.0,0.0,0.0
2024-08-02 13:53:00-04:00,13.449999809265137,13.47029972076416,13.449999809265137,13.470199584960938,818,0.0,0.0,0.0
2024-08-02 13:54:00-04:00,13.489999771118164,13.489999771118164,13.4399995803833,13.4399995803833,5128,0.0,0.0,0.0
2024-08-02 13:55:00-04:00,13.4399995803833,13.4399995803833,13.40999984741211,13.410099983215332,14669,0.0,0.0,0.0
2024-08-02 13:56:00-04:00,13.40999984741211,13.40999984741211,13.40999984741211,13.40999984741211,237,0.0,0.0,0.0
2024-08-02 13:58:00-04:00,13.460000038146973,13.460000038146973,13.444999694824219,13.444999694824219,1522,0.0,0.0,0.0
2024-08-02 14:00:00-04:00,13.479999542236328,13.479999542236328,13.479999542236328,13.479999542236328,1005,0.0,0.0,0.0
2024-08-02 14:02:00-04:00,13.5,13.5,13.5,13.5,201,0.0,0.0,0.0
2024-08-02 14:03:00-04:00,13.529999732971191,13.529999732971191,13.529999732971191,13.529999732971191,707,0.0,0.0,0.0
2024-08-02 14:09:00-04:00,13.520000457763672,13.520000457763672,13.520000457763672,13.520000457763672,355,0.0,0.0,0.0
2024-08-02 14:11:00-04:00,13.510000228881836,13.510000228881836,13.510000228881836,13.510000228881836,238,0.0,0.0,0.0
2024-08-02 14:15:00-04:00,13.499699592590332,13.499699592590332,13.499699592590332,13.499699592590332,201,0.0,0.0,0.0
2024-08-02 14:16:00-04:00,13.5,13.517600059509277,13.5,13.517600059509277,956,0.0,0.0,0.0
2024-08-02 14:17:00-04:00,13.539899826049805,13.539899826049805,13.539899826049805,13.539899826049805,200,0.0,0.0,0.0
2024-08-02 14:18:00-04:00,13.518400192260742,13.518400192260742,13.518400192260742,13.518400192260742,862,0.0,0.0,0.0
2024-08-02 14:22:00-04:00,13.54010009765625,13.54010009765625,13.54010009765625,13.54010009765625,415,0.0,0.0,0.0
2024-08-02 14:28:00-04:00,13.600000381469727,13.600000381469727,13.582799911499023,13.582799911499023,950,0.0,0.0,0.0
2024-08-02 14:31:00-04:00,13.599300384521484,13.599300384521484,13.59000015258789,13.59000015258789,2850,0.0,0.0,0.0
2024-08-02 14:32:00-04:00,13.640000343322754,13.640000343322754,13.640000343322754,13.640000343322754,386,0.0,0.0,0.0
2024-08-02 14:35:00-04:00,13.645099639892578,13.645099639892578,13.645099639892578,13.645099639892578,184,0.0,0.0,0.0
2024-08-02 14:37:00-04:00,13.564800262451172,13.564800262451172,13.564800262451172,13.564800262451172,100,0.0,0.0,0.0
2024-08-02 14:38:00-04:00,13.569999694824219,13.569999694824219,13.569999694824219,13.569999694824219,197,0.0,0.0,0.0
2024-08-02 14:40:00-04:00,13.550000190734863,13.550000190734863,13.550000190734863,13.550000190734863,599,0.0,0.0,0.0
2024-08-02 14:41:00-04:00,13.539999961853027,13.539999961853027,13.539999961853027,13.539999961853027,104,0.0,0.0,0.0
2024-08-02 14:42:00-04:00,13.539999961853027,13.539999961853027,13.539999961853027,13.539999961853027,126,0.0,0.0,0.0
2024-08-02 14:44:00-04:00,13.510000228881836,13.520000457763672,13.503000259399414,13.503000259399414,1751,0.0,0.0,0.0
2024-08-02 14:45:00-04:00,13.5,13.5,13.479999542236328,13.479999542236328,310,0.0,0.0,0.0
2024-08-02 14:48:00-04:00,13.539999961853027,13.539999961853027,13.515000343322754,13.515000343322754,412,0.0,0.0,0.0
2024-08-02 14:49:00-04:00,13.549400329589844,13.549400329589844,13.549400329589844,13.549400329589844,107,0.0,0.0,0.0
2024-08-02 14:50:00-04:00,13.51259994506836,13.51259994506836,13.51259994506836,13.51259994506836,141,0.0,0.0,0.0
2024-08-02 14:52:00-04:00,13.529999732971191,13.529999732971191,13.520000457763672,13.520000457763672,1518,0.0,0.0,0.0
2024-08-02 14:55:00-04:00,13.579999923706055,13.589900016784668,13.579999923706055,13.589900016784668,203,0.0,0.0,0.0
2024-08-02 14:56:00-04:00,13.5600004196167,13.5600004196167,13.5600004196167,13.5600004196167,308,0.0,0.0,0.0
2024-08-02 14:57:00-04:00,13.59000015258789,13.59000015258789,13.59000015258789,13.59000015258789,170,0.0,0.0,0.0
2024-08-02 14:58:00-04:00,13.520099639892578,13.520099639892578,13.520099639892578,13.520099639892578,400,0.0,0.0,0.0
2024-08-02 14:59:00-04:00,13.539999961853027,13.539999961853027,13.539999961853027,13.539999961853027,554,0.0,0.0,0.0
2024-08-02 15:01:00-04:00,13.539299964904785,13.539299964904785,13.539299964904785,13.539299964904785,122,0.0,0.0,0.0
2024-08-02 15:04:00-04:00,13.5600004196167,13.5600004196167,13.5600004196167,13.5600004196167,312,0.0,0.0,0.0
2024-08-02 15:09:00-04:00,13.607999801635742,13.607999801635742,13.607999801635742,13.607999801635742,210,0.0,0.0,0.0
2024-08-02 15:10:00-04:00,13.599900245666504,13.599900245666504,13.599900245666504,13.599900245666504,121,0.0,0.0,0.0
2024-08-02 15:11:00-04:00,13.569999694824219,13.596599578857422,13.5649995803833,13.5649995803833,3054,0.0,0.0,0.0
2024-08-02 15:13:00-04:00,13.579999923706055,13.579999923706055,13.579999923706055,13.579999923706055,361,0.0,0.0,0.0
2024-08-02 15:15:00-04:00,13.574999809265137,13.574999809265137,13.574999809265137,13.574999809265137,489,0.0,0.0,0.0
2024-08-02 15:18:00-04:00,13.574999809265137,13.579999923706055,13.574999809265137,13.574999809265137,1957,0.0,0.0,0.0
2024-08-02 15:20:00-04:00,13.569999694824219,13.569999694824219,13.529999732971191,13.529999732971191,973,0.0,0.0,0.0
2024-08-02 15:21:00-04:00,13.520000457763672,13.529999732971191,13.520000457763672,13.529999732971191,239812,0.0,0.0,0.0
2024-08-02 15:23:00-04:00,13.489999771118164,13.489999771118164,13.479999542236328,13.479999542236328,400,0.0,0.0,0.0
2024-08-02 15:24:00-04:00,13.45009994506836,13.470000267028809,13.45009994506836,13.470000267028809,1982,0.0,0.0,0.0
2024-08-02 15:30:00-04:00,13.559800148010254,13.559800148010254,13.559800148010254,13.559800148010254,572,0.0,0.0,0.0
2024-08-02 15:33:00-04:00,13.550000190734863,13.550000190734863,13.550000190734863,13.550000190734863,1014,0.0,0.0,0.0
2024-08-02 15:34:00-04:00,13.529999732971191,13.529999732971191,13.529999732971191,13.529999732971191,305,0.0,0.0,0.0
2024-08-02 15:35:00-04:00,13.51669979095459,13.51669979095459,13.51669979095459,13.51669979095459,660,0.0,0.0,0.0
2024-08-02 15:37:00-04:00,13.486900329589844,13.486900329589844,13.486900329589844,13.486900329589844,185,0.0,0.0,0.0
2024-08-02 15:39:00-04:00,13.46500015258789,13.46500015258789,13.449999809265137,13.449999809265137,754,0.0,0.0,0.0
2024-08-02 15:40:00-04:00,13.449999809265137,13.449999809265137,13.449999809265137,13.449999809265137,367,0.0,0.0,0.0
2024-08-02 15:41:00-04:00,13.449999809265137,13.470000267028809,13.449999809265137,13.470000267028809,1001,0.0,0.0,0.0
2024-08-02 15:42:00-04:00,13.449999809265137,13.449999809265137,13.449999809265137,13.449999809265137,126,0.0,0.0,0.0
2024-08-02 15:44:00-04:00,13.494000434875488,13.494000434875488,13.487500190734863,13.487500190734863,571,0.0,0.0,0.0
2024-08-02 15:45:00-04:00,13.475000381469727,13.475000381469727,13.475000381469727,13.475000381469727,120,0.0,0.0,0.0
2024-08-02 15:47:00-04:00,13.475000381469727,13.479999542236328,13.475000381469727,13.479999542236328,297,0.0,0.0,0.0
2024-08-02 15:48:00-04:00,13.475000381469727,13.475000381469727,13.475000381469727,13.475000381469727,340,0.0,0.0,0.0
2024-08-02 15:49:00-04:00,13.475000381469727,13.475000381469727,13.475000381469727,13.475000381469727,245,0.0,0.0,0.0
2024-08-02 15:50:00-04:00,13.449999809265137,13.449999809265137,13.449999809265137,13.449999809265137,1518,0.0,0.0,0.0
2024-08-02 15:51:00-04:00,13.40999984741211,13.430000305175781,13.40999984741211,13.414999961853027,3631,0.0,0.0,0.0
2024-08-02 15:52:00-04:00,13.460000038146973,13.479999542236328,13.4399995803833,13.470000267028809,1681,0.0,0.0,0.0
2024-08-02 15:53:00-04:00,13.489999771118164,13.489999771118164,13.489999771118164,13.489999771118164,500,0.0,0.0,0.0
2024-08-02 15:55:00-04:00,13.470000267028809,13.479900360107422,13.470000267028809,13.479900360107422,503,0.0,0.0,0.0
2024-08-02 15:56:00-04:00,13.5,13.528499603271484,13.5,13.528499603271484,519,0.0,0.0,0.0
2024-08-02 15:58:00-04:00,13.5,13.510000228881836,13.5,13.510000228881836,1289,0.0,0.0,0.0
2024-08-02 15:59:00-04:00,13.520000457763672,13.529999732971191,13.505000114440918,13.529999732971191,4215,0.0,0.0,0.0
