Datetime,Open,High,Low,Close,Volume,Dividends,Stock Splits
2024-07-29 09:30:00-04:00,858.0,858.5,857.0399780273438,857.6699829101562,7696,0.0,0.0
2024-07-29 09:32:00-04:00,856.2000122070312,856.8200073242188,856.2000122070312,856.8200073242188,805,0.0,0.0
2024-07-29 09:33:00-04:00,855.0,855.7750244140625,854.1799926757812,854.2999877929688,981,0.0,0.0
2024-07-29 09:34:00-04:00,854.760009765625,854.8599853515625,853.5800170898438,854.1500244140625,912,0.0,0.0
2024-07-29 09:35:00-04:00,855.9500122070312,856.2899780273438,852.489990234375,855.2899780273438,3419,0.0,0.0
2024-07-29 09:36:00-04:00,854.0599975585938,854.4949951171875,854.0599975585938,854.4949951171875,284,0.0,0.0
2024-07-29 09:37:00-04:00,856.0162963867188,856.280029296875,856.0162963867188,856.280029296875,825,0.0,0.0
2024-07-29 09:38:00-04:00,855.5,855.5,854.9149780273438,855.010009765625,2231,0.0,0.0
2024-07-29 09:39:00-04:00,855.4000244140625,855.4199829101562,854.719970703125,855.3200073242188,1435,0.0,0.0
2024-07-29 09:40:00-04:00,854.0001220703125,854.0001220703125,854.0001220703125,854.0001220703125,409,0.0,0.0
2024-07-29 09:41:00-04:00,854.0,855.10498046875,854.0,854.7750244140625,1708,0.0,0.0
2024-07-29 09:42:00-04:00,854.1768188476562,855.7999877929688,854.1768188476562,855.77001953125,3132,0.0,0.0
2024-07-29 09:43:00-04:00,855.6699829101562,855.7999877929688,854.9000244140625,855.4000244140625,2046,0.0,0.0
2024-07-29 09:44:00-04:00,855.0800170898438,855.2349853515625,854.2999877929688,854.6699829101562,5677,0.0,0.0
2024-07-29 09:45:00-04:00,854.905029296875,855.8499755859375,854.8099975585938,855.8499755859375,2532,0.0,0.0
2024-07-29 09:46:00-04:00,856.7000122070312,856.7000122070312,855.2000122070312,855.489990234375,1456,0.0,0.0
2024-07-29 09:47:00-04:00,855.8599853515625,855.8599853515625,855.8599853515625,855.8599853515625,812,0.0,0.0
2024-07-29 09:48:00-04:00,855.3099975585938,855.5549926757812,854.83251953125,854.83251953125,2374,0.0,0.0
2024-07-29 09:49:00-04:00,854.6099853515625,855.0549926757812,853.8400268554688,853.8400268554688,6532,0.0,0.0
2024-07-29 09:50:00-04:00,854.0,854.0,852.7100219726562,852.739990234375,6376,0.0,0.0
2024-07-29 09:51:00-04:00,852.3699951171875,853.0250244140625,852.3699951171875,852.9349975585938,4126,0.0,0.0
2024-07-29 09:52:00-04:00,852.8599853515625,853.239990234375,852.8599853515625,853.239990234375,1701,0.0,0.0
2024-07-29 09:54:00-04:00,853.405029296875,853.405029296875,853.405029296875,853.405029296875,289,0.0,0.0
2024-07-29 09:55:00-04:00,854.5599975585938,854.5599975585938,854.5599975585938,854.5599975585938,302,0.0,0.0
2024-07-29 09:56:00-04:00,855.489990234375,855.864990234375,855.489990234375,855.864990234375,796,0.0,0.0
2024-07-29 09:58:00-04:00,855.9400024414062,855.9400024414062,855.9400024414062,855.9400024414062,673,0.0,0.0
2024-07-29 10:00:00-04:00,855.9400024414062,855.9400024414062,855.9400024414062,855.9400024414062,1130,0.0,0.0
2024-07-29 10:01:00-04:00,856.760009765625,856.760009765625,855.9400024414062,855.9400024414062,1570,0.0,0.0
2024-07-29 10:02:00-04:00,856.760009765625,856.760009765625,856.760009765625,856.760009765625,280,0.0,0.0
2024-07-29 10:03:00-04:00,857.3800048828125,857.489990234375,857.3800048828125,857.489990234375,1828,0.0,0.0
2024-07-29 10:07:00-04:00,857.010009765625,857.4000244140625,857.0,857.4000244140625,1485,0.0,0.0
2024-07-29 10:08:00-04:00,857.0,858.4199829101562,857.0,857.7999877929688,750,0.0,0.0
2024-07-29 10:09:00-04:00,856.5599975585938,856.5599975585938,856.5599975585938,856.5599975585938,916,0.0,0.0
2024-07-29 10:11:00-04:00,857.6799926757812,858.10498046875,857.6799926757812,858.10498046875,858,0.0,0.0
2024-07-29 10:12:00-04:00,858.0700073242188,858.0700073242188,857.25,857.25,1121,0.0,0.0
2024-07-29 10:14:00-04:00,856.9749755859375,856.9749755859375,856.8499755859375,856.8499755859375,652,0.0,0.0
2024-07-29 10:15:00-04:00,856.9600219726562,856.9600219726562,856.8499755859375,856.8499755859375,384,0.0,0.0
2024-07-29 10:16:00-04:00,856.9749755859375,857.4199829101562,856.9749755859375,856.9749755859375,2632,0.0,0.0
2024-07-29 10:17:00-04:00,857.1300048828125,857.469970703125,857.0050048828125,857.469970703125,853,0.0,0.0
2024-07-29 10:18:00-04:00,856.9000244140625,857.0,856.9000244140625,857.0,906,0.0,0.0
2024-07-29 10:19:00-04:00,856.27001953125,856.27001953125,856.2000122070312,856.2000122070312,1065,0.0,0.0
2024-07-29 10:21:00-04:00,856.260009765625,856.2849731445312,856.260009765625,856.2849731445312,894,0.0,0.0
2024-07-29 10:22:00-04:00,856.0499877929688,856.0499877929688,856.0499877929688,856.0499877929688,442,0.0,0.0
2024-07-29 10:23:00-04:00,856.8800048828125,856.9299926757812,856.8800048828125,856.89501953125,1098,0.0,0.0
2024-07-29 10:24:00-04:00,856.9500122070312,856.9500122070312,856.9500122070312,856.9500122070312,372,0.0,0.0
2024-07-29 10:25:00-04:00,856.239990234375,856.239990234375,856.239990234375,856.239990234375,771,0.0,0.0
2024-07-29 10:27:00-04:00,856.1599731445312,856.1599731445312,855.1699829101562,855.1699829101562,1081,0.0,0.0
2024-07-29 10:29:00-04:00,855.47998046875,855.47998046875,855.47998046875,855.47998046875,260,0.0,0.0
2024-07-29 10:30:00-04:00,855.47998046875,855.5449829101562,855.1699829101562,855.5449829101562,1522,0.0,0.0
2024-07-29 10:32:00-04:00,855.2100219726562,855.2100219726562,854.5349731445312,854.5349731445312,1344,0.0,0.0
2024-07-29 10:33:00-04:00,854.5999755859375,854.72998046875,853.8599853515625,854.6749877929688,5876,0.0,0.0
2024-07-29 10:35:00-04:00,854.7899780273438,854.7899780273438,852.885009765625,852.885009765625,2099,0.0,0.0
2024-07-29 10:36:00-04:00,852.885009765625,853.7000122070312,852.885009765625,853.7000122070312,1681,0.0,0.0
2024-07-29 10:37:00-04:00,853.77001953125,854.469970703125,853.5,854.469970703125,2072,0.0,0.0
2024-07-29 10:38:00-04:00,854.469970703125,854.7100219726562,854.2999877929688,854.7100219726562,796,0.0,0.0
2024-07-29 10:39:00-04:00,855.6400146484375,855.6400146484375,855.6400146484375,855.6400146484375,244,0.0,0.0
2024-07-29 10:40:00-04:00,855.4500122070312,855.4500122070312,855.4500122070312,855.4500122070312,651,0.0,0.0
2024-07-29 10:41:00-04:00,855.4500122070312,855.4500122070312,855.4500122070312,855.4500122070312,236,0.0,0.0
2024-07-29 10:42:00-04:00,855.4349975585938,855.4349975585938,855.4349975585938,855.4349975585938,588,0.0,0.0
2024-07-29 10:43:00-04:00,855.4500122070312,855.4500122070312,855.4500122070312,855.4500122070312,429,0.0,0.0
2024-07-29 10:44:00-04:00,855.4500122070312,855.4500122070312,855.4500122070312,855.4500122070312,178,0.0,0.0
2024-07-29 10:45:00-04:00,855.4500122070312,855.4500122070312,855.4500122070312,855.4500122070312,726,0.0,0.0
2024-07-29 10:46:00-04:00,854.8900146484375,854.8900146484375,854.8900146484375,854.8900146484375,948,0.0,0.0
2024-07-29 10:48:00-04:00,855.3300170898438,855.3300170898438,854.9500122070312,855.14501953125,781,0.0,0.0
2024-07-29 10:49:00-04:00,855.1099853515625,855.1099853515625,854.739990234375,854.89501953125,1388,0.0,0.0
2024-07-29 10:50:00-04:00,854.75,854.75,854.75,854.75,123,0.0,0.0
2024-07-29 10:51:00-04:00,854.7020874023438,854.7020874023438,854.7020874023438,854.7020874023438,277,0.0,0.0
2024-07-29 10:52:00-04:00,854.7449951171875,854.7449951171875,854.7449951171875,854.7449951171875,634,0.0,0.0
2024-07-29 10:53:00-04:00,854.3300170898438,854.3300170898438,853.3201293945312,853.3201293945312,495,0.0,0.0
2024-07-29 10:54:00-04:00,854.8499755859375,854.9849853515625,854.8499755859375,854.9849853515625,1026,0.0,0.0
2024-07-29 10:55:00-04:00,855.1318969726562,855.1318969726562,855.1318969726562,855.1318969726562,163,0.0,0.0
2024-07-29 10:56:00-04:00,855.27001953125,855.5499877929688,855.27001953125,855.5499877929688,983,0.0,0.0
2024-07-29 10:57:00-04:00,855.6099853515625,855.6099853515625,855.6099853515625,855.6099853515625,294,0.0,0.0
2024-07-29 10:58:00-04:00,855.969970703125,855.969970703125,855.969970703125,855.969970703125,382,0.0,0.0
2024-07-29 10:59:00-04:00,855.6649780273438,855.9600219726562,855.4324951171875,855.9600219726562,1400,0.0,0.0
2024-07-29 11:00:00-04:00,855.9600219726562,856.7426147460938,855.8499755859375,855.8499755859375,1352,0.0,0.0
2024-07-29 11:01:00-04:00,856.469970703125,856.469970703125,856.469970703125,856.469970703125,251,0.0,0.0
2024-07-29 11:02:00-04:00,856.3599853515625,856.3599853515625,856.1099853515625,856.1099853515625,657,0.0,0.0
2024-07-29 11:03:00-04:00,856.8099975585938,856.8099975585938,856.8099975585938,856.8099975585938,1336,0.0,0.0
2024-07-29 11:05:00-04:00,856.75,857.3699951171875,856.75,857.3699951171875,973,0.0,0.0
2024-07-29 11:06:00-04:00,856.969970703125,856.969970703125,856.969970703125,856.969970703125,414,0.0,0.0
2024-07-29 11:07:00-04:00,857.2000122070312,857.6199951171875,857.1900024414062,857.5599975585938,1218,0.0,0.0
2024-07-29 11:09:00-04:00,857.7100219726562,857.7999877929688,857.7100219726562,857.7999877929688,952,0.0,0.0
2024-07-29 11:10:00-04:00,857.9099731445312,858.25,857.6400146484375,858.25,1795,0.0,0.0
2024-07-29 11:11:00-04:00,857.6400146484375,857.6900024414062,857.5700073242188,857.5700073242188,810,0.0,0.0
2024-07-29 11:12:00-04:00,857.5700073242188,857.5700073242188,857.5399780273438,857.5399780273438,597,0.0,0.0
2024-07-29 11:13:00-04:00,857.4600219726562,857.4600219726562,856.1903076171875,856.1903076171875,2221,0.0,0.0
2024-07-29 11:18:00-04:00,856.1500244140625,856.1500244140625,856.1500244140625,856.1500244140625,472,0.0,0.0
2024-07-29 11:19:00-04:00,856.6046752929688,856.6046752929688,856.6046752929688,856.6046752929688,271,0.0,0.0
2024-07-29 11:20:00-04:00,856.5192260742188,856.5192260742188,856.5192260742188,856.5192260742188,372,0.0,0.0
2024-07-29 11:21:00-04:00,856.6749877929688,856.6749877929688,856.6749877929688,856.6749877929688,470,0.0,0.0
2024-07-29 11:22:00-04:00,857.2000122070312,857.3200073242188,857.0700073242188,857.0700073242188,2670,0.0,0.0
2024-07-29 11:25:00-04:00,857.1099853515625,857.3200073242188,856.513671875,856.513671875,1197,0.0,0.0
2024-07-29 11:26:00-04:00,856.469970703125,856.469970703125,856.2100219726562,856.3599853515625,3661,0.0,0.0
2024-07-29 11:27:00-04:00,856.1199951171875,856.1199951171875,856.1199951171875,856.1199951171875,423,0.0,0.0
2024-07-29 11:28:00-04:00,855.6599731445312,855.6599731445312,855.6599731445312,855.6599731445312,532,0.0,0.0
2024-07-29 11:30:00-04:00,855.0,855.0,855.0,855.0,1982,0.0,0.0
2024-07-29 11:31:00-04:00,855.1199951171875,855.1199951171875,855.1199951171875,855.1199951171875,547,0.0,0.0
2024-07-29 11:33:00-04:00,854.1649780273438,854.1649780273438,854.1649780273438,854.1649780273438,654,0.0,0.0
2024-07-29 11:34:00-04:00,854.1649780273438,854.6500244140625,853.989990234375,854.6500244140625,4139,0.0,0.0
2024-07-29 11:35:00-04:00,854.6699829101562,854.6699829101562,854.6300048828125,854.6300048828125,1630,0.0,0.0
2024-07-29 11:38:00-04:00,855.27001953125,855.4000244140625,855.0,855.0,1074,0.0,0.0
2024-07-29 11:40:00-04:00,855.6500244140625,855.6500244140625,855.35498046875,855.35498046875,742,0.0,0.0
2024-07-29 11:41:00-04:00,854.969970703125,854.969970703125,854.969970703125,854.969970703125,680,0.0,0.0
2024-07-29 11:45:00-04:00,855.2050170898438,855.2050170898438,855.2050170898438,855.2050170898438,355,0.0,0.0
2024-07-29 11:46:00-04:00,855.9000244140625,855.9000244140625,855.9000244140625,855.9000244140625,211,0.0,0.0
2024-07-29 11:47:00-04:00,856.1300048828125,856.489990234375,856.1300048828125,856.489990234375,1962,0.0,0.0
2024-07-29 11:51:00-04:00,857.4600219726562,857.47998046875,857.4600219726562,857.47998046875,370,0.0,0.0
2024-07-29 11:52:00-04:00,857.4600219726562,857.4600219726562,857.3099975585938,857.3099975585938,748,0.0,0.0
2024-07-29 11:53:00-04:00,856.6300048828125,856.6300048828125,856.6300048828125,856.6300048828125,170,0.0,0.0
2024-07-29 11:54:00-04:00,857.4500122070312,857.4500122070312,857.4500122070312,857.4500122070312,487,0.0,0.0
2024-07-29 11:56:00-04:00,857.9099731445312,858.6099853515625,857.9099731445312,858.6099853515625,893,0.0,0.0
2024-07-29 11:57:00-04:00,858.6420288085938,858.6420288085938,858.6420288085938,858.6420288085938,1545,0.0,0.0
2024-07-29 12:03:00-04:00,858.3800048828125,858.3800048828125,858.3800048828125,858.3800048828125,435,0.0,0.0
2024-07-29 12:04:00-04:00,858.0700073242188,858.0700073242188,858.0700073242188,858.0700073242188,1011,0.0,0.0
2024-07-29 12:06:00-04:00,858.5150146484375,858.5150146484375,858.5150146484375,858.5150146484375,395,0.0,0.0
2024-07-29 12:07:00-04:00,858.5,858.5,858.5,858.5,420,0.0,0.0
2024-07-29 12:08:00-04:00,858.4151000976562,858.6749877929688,858.4151000976562,858.6749877929688,785,0.0,0.0
2024-07-29 12:09:00-04:00,858.5700073242188,859.2799072265625,858.5700073242188,859.2799072265625,798,0.0,0.0
2024-07-29 12:11:00-04:00,858.530029296875,858.530029296875,858.530029296875,858.530029296875,864,0.0,0.0
2024-07-29 12:12:00-04:00,859.260009765625,859.2949829101562,858.7100830078125,858.7100830078125,1513,0.0,0.0
2024-07-29 12:17:00-04:00,858.7100219726562,858.7100219726562,858.7100219726562,858.7100219726562,1384,0.0,0.0
2024-07-29 12:23:00-04:00,858.5700073242188,859.780029296875,858.4450073242188,858.4450073242188,2948,0.0,0.0
2024-07-29 12:26:00-04:00,858.3200073242188,858.3200073242188,857.8499755859375,858.0599975585938,1236,0.0,0.0
2024-07-29 12:27:00-04:00,858.3699951171875,858.3699951171875,858.3699951171875,858.3699951171875,402,0.0,0.0
2024-07-29 12:28:00-04:00,858.8583984375,858.8583984375,858.8583984375,858.8583984375,519,0.0,0.0
2024-07-29 12:30:00-04:00,858.8599853515625,858.8599853515625,858.8599853515625,858.8599853515625,308,0.0,0.0
2024-07-29 12:31:00-04:00,859.0549926757812,859.0549926757812,859.0549926757812,859.0549926757812,1046,0.0,0.0
2024-07-29 12:33:00-04:00,859.2050170898438,859.2050170898438,859.2050170898438,859.2050170898438,1037,0.0,0.0
2024-07-29 12:39:00-04:00,857.2431030273438,857.2431030273438,857.2431030273438,857.2431030273438,868,0.0,0.0
2024-07-29 12:43:00-04:00,858.8599853515625,858.8599853515625,858.8599853515625,858.8599853515625,962,0.0,0.0
2024-07-29 12:49:00-04:00,858.7750244140625,858.7750244140625,858.7750244140625,858.7750244140625,351,0.0,0.0
2024-07-29 12:50:00-04:00,858.4199829101562,858.4199829101562,857.97998046875,858.3400268554688,836,0.0,0.0
2024-07-29 12:51:00-04:00,857.97998046875,857.97998046875,857.9600219726562,857.9600219726562,895,0.0,0.0
2024-07-29 12:53:00-04:00,857.719970703125,857.719970703125,857.130126953125,857.130126953125,1015,0.0,0.0
2024-07-29 12:54:00-04:00,857.635009765625,858.875,857.635009765625,858.875,1473,0.0,0.0
2024-07-29 12:56:00-04:00,858.1500244140625,858.1500244140625,858.1500244140625,858.1500244140625,815,0.0,0.0
2024-07-29 12:57:00-04:00,858.0800170898438,858.0800170898438,858.0800170898438,858.0800170898438,873,0.0,0.0
2024-07-29 12:58:00-04:00,858.5700073242188,858.5700073242188,858.5399780273438,858.5399780273438,315,0.0,0.0
2024-07-29 12:59:00-04:00,858.135009765625,858.135009765625,858.135009765625,858.135009765625,560,0.0,0.0
2024-07-29 13:02:00-04:00,858.5900268554688,858.5900268554688,858.5900268554688,858.5900268554688,1018,0.0,0.0
2024-07-29 13:06:00-04:00,858.4949951171875,858.5999755859375,858.4949951171875,858.5999755859375,393,0.0,0.0
2024-07-29 13:07:00-04:00,858.7490844726562,858.9400024414062,858.7490844726562,858.9400024414062,983,0.0,0.0
2024-07-29 13:08:00-04:00,858.9500122070312,858.9500122070312,858.9500122070312,858.9500122070312,722,0.0,0.0
2024-07-29 13:10:00-04:00,859.75,859.75,859.6300048828125,859.6300048828125,421,0.0,0.0
2024-07-29 13:11:00-04:00,859.530029296875,860.3200073242188,859.530029296875,860.3200073242188,3438,0.0,0.0
2024-07-29 13:12:00-04:00,860.9199829101562,861.1400146484375,860.9199829101562,861.1400146484375,1583,0.0,0.0
2024-07-29 13:13:00-04:00,860.5900268554688,861.0499877929688,860.5900268554688,861.0499877929688,994,0.0,0.0
2024-07-29 13:14:00-04:00,860.7550048828125,860.7550048828125,860.7550048828125,860.7550048828125,925,0.0,0.0
2024-07-29 13:15:00-04:00,860.75,860.75,860.75,860.75,749,0.0,0.0
2024-07-29 13:16:00-04:00,860.2899780273438,860.3250122070312,860.0399780273438,860.0399780273438,1975,0.0,0.0
2024-07-29 13:18:00-04:00,860.0399780273438,860.0399780273438,860.0399780273438,860.0399780273438,611,0.0,0.0
2024-07-29 13:19:00-04:00,860.375,860.375,860.375,860.375,233,0.0,0.0
2024-07-29 13:21:00-04:00,860.22998046875,860.4199829101562,860.22998046875,860.4199829101562,752,0.0,0.0
2024-07-29 13:22:00-04:00,859.5599975585938,859.5599975585938,859.5599975585938,859.5599975585938,205,0.0,0.0
2024-07-29 13:23:00-04:00,859.7050170898438,859.7050170898438,859.7050170898438,859.7050170898438,307,0.0,0.0
2024-07-29 13:24:00-04:00,859.5599975585938,860.3300170898438,859.5,860.3300170898438,1161,0.0,0.0
2024-07-29 13:25:00-04:00,860.0999755859375,860.0999755859375,860.0999755859375,860.0999755859375,400,0.0,0.0
2024-07-29 13:26:00-04:00,860.2449951171875,860.2449951171875,860.2449951171875,860.2449951171875,627,0.0,0.0
2024-07-29 13:28:00-04:00,860.1300048828125,860.1300048828125,859.2949829101562,859.2949829101562,1665,0.0,0.0
2024-07-29 13:29:00-04:00,859.469970703125,860.0698852539062,859.469970703125,859.4749755859375,1427,0.0,0.0
2024-07-29 13:31:00-04:00,858.0999755859375,858.0999755859375,858.0999755859375,858.0999755859375,858,0.0,0.0
2024-07-29 13:34:00-04:00,858.2000122070312,858.9650268554688,858.2000122070312,858.9650268554688,970,0.0,0.0
2024-07-29 13:35:00-04:00,858.3200073242188,858.3200073242188,858.3200073242188,858.3200073242188,654,0.0,0.0
2024-07-29 13:38:00-04:00,858.0599975585938,858.0599975585938,858.0599975585938,858.0599975585938,337,0.0,0.0
2024-07-29 13:40:00-04:00,858.8800048828125,858.8800048828125,858.8800048828125,858.8800048828125,612,0.0,0.0
2024-07-29 13:44:00-04:00,858.8900146484375,858.8900146484375,858.8900146484375,858.8900146484375,381,0.0,0.0
2024-07-29 13:45:00-04:00,859.364990234375,859.364990234375,859.364990234375,859.364990234375,189,0.0,0.0
2024-07-29 13:46:00-04:00,859.4199829101562,859.5,859.4000244140625,859.4000244140625,964,0.0,0.0
2024-07-29 13:47:00-04:00,859.1174926757812,859.6300048828125,858.7999877929688,859.6300048828125,3194,0.0,0.0
2024-07-29 13:50:00-04:00,859.6300048828125,859.6300048828125,859.6300048828125,859.6300048828125,377,0.0,0.0
2024-07-29 13:52:00-04:00,858.9550170898438,859.8599853515625,858.9550170898438,859.780029296875,1813,0.0,0.0
2024-07-29 13:54:00-04:00,859.4600219726562,859.4600219726562,859.4600219726562,859.4600219726562,226,0.0,0.0
2024-07-29 13:55:00-04:00,859.2999877929688,859.2999877929688,859.2999877929688,859.2999877929688,705,0.0,0.0
2024-07-29 13:58:00-04:00,859.030029296875,859.6555786132812,858.9168701171875,859.3250122070312,1313,0.0,0.0
2024-07-29 13:59:00-04:00,859.5549926757812,859.5549926757812,859.5549926757812,859.5549926757812,376,0.0,0.0
2024-07-29 14:00:00-04:00,859.5599975585938,859.5599975585938,858.8400268554688,858.9349975585938,1547,0.0,0.0
2024-07-29 14:02:00-04:00,859.2999877929688,859.2999877929688,859.2999877929688,859.2999877929688,195,0.0,0.0
2024-07-29 14:06:00-04:00,860.4500122070312,860.4500122070312,860.3699951171875,860.3699951171875,3547,0.0,0.0
2024-07-29 14:09:00-04:00,859.9600219726562,859.9600219726562,859.9400024414062,859.9400024414062,1673,0.0,0.0
2024-07-29 14:10:00-04:00,860.239990234375,860.260009765625,860.1099853515625,860.1099853515625,1098,0.0,0.0
2024-07-29 14:12:00-04:00,860.1950073242188,860.1950073242188,860.1950073242188,860.1950073242188,104,0.0,0.0
2024-07-29 14:13:00-04:00,860.1950073242188,860.1950073242188,860.1950073242188,860.1950073242188,389,0.0,0.0
2024-07-29 14:14:00-04:00,860.1599731445312,860.1599731445312,860.1199951171875,860.1199951171875,481,0.0,0.0
2024-07-29 14:15:00-04:00,860.1199951171875,860.1199951171875,859.7899780273438,860.0399780273438,7363,0.0,0.0
2024-07-29 14:16:00-04:00,860.0449829101562,860.239990234375,859.9500122070312,860.1699829101562,2799,0.0,0.0
2024-07-29 14:17:00-04:00,860.094970703125,860.094970703125,860.094970703125,860.094970703125,249,0.0,0.0
2024-07-29 14:18:00-04:00,860.1300048828125,860.1300048828125,860.1300048828125,860.1300048828125,527,0.0,0.0
2024-07-29 14:19:00-04:00,860.3900146484375,860.5549926757812,860.3400268554688,860.5549926757812,1241,0.0,0.0
2024-07-29 14:20:00-04:00,860.64501953125,860.64501953125,860.64501953125,860.64501953125,134,0.0,0.0
2024-07-29 14:21:00-04:00,860.6300048828125,860.64990234375,860.3099975585938,860.3099975585938,4476,0.0,0.0
2024-07-29 14:22:00-04:00,860.3300170898438,860.3300170898438,860.3300170898438,860.3300170898438,300,0.0,0.0
2024-07-29 14:23:00-04:00,860.35498046875,860.35498046875,860.35498046875,860.35498046875,307,0.0,0.0
2024-07-29 14:24:00-04:00,860.5700073242188,862.0,860.5700073242188,861.6599731445312,7376,0.0,0.0
2024-07-29 14:25:00-04:00,861.8300170898438,861.8300170898438,861.4099731445312,861.4099731445312,715,0.0,0.0
2024-07-29 14:28:00-04:00,861.4749755859375,861.9749755859375,861.0900268554688,861.4749755859375,1443,0.0,0.0
2024-07-29 14:30:00-04:00,861.4450073242188,861.885009765625,861.4450073242188,861.885009765625,437,0.0,0.0
2024-07-29 14:31:00-04:00,861.4249877929688,861.4249877929688,860.7000122070312,860.7000122070312,3142,0.0,0.0
2024-07-29 14:32:00-04:00,861.219970703125,861.219970703125,861.0700073242188,861.1900024414062,601,0.0,0.0
2024-07-29 14:33:00-04:00,861.260009765625,861.260009765625,861.1599731445312,861.1599731445312,910,0.0,0.0
2024-07-29 14:35:00-04:00,861.5999755859375,861.6099853515625,861.5499877929688,861.6099853515625,1070,0.0,0.0
2024-07-29 14:36:00-04:00,861.8577270507812,861.8577270507812,861.8577270507812,861.8577270507812,297,0.0,0.0
2024-07-29 14:38:00-04:00,861.4949951171875,861.4949951171875,861.3099975585938,861.3099975585938,685,0.0,0.0
2024-07-29 14:39:00-04:00,861.4849853515625,861.4849853515625,861.4849853515625,861.4849853515625,474,0.0,0.0
2024-07-29 14:40:00-04:00,861.9400024414062,862.0900268554688,861.9400024414062,862.0900268554688,910,0.0,0.0
2024-07-29 14:41:00-04:00,862.47998046875,862.47998046875,862.0399780273438,862.2000122070312,1060,0.0,0.0
2024-07-29 14:42:00-04:00,862.5,862.5,862.5,862.5,464,0.0,0.0
2024-07-29 14:43:00-04:00,862.530029296875,862.530029296875,862.3200073242188,862.3400268554688,1028,0.0,0.0
2024-07-29 14:44:00-04:00,862.3699951171875,862.3699951171875,862.3699951171875,862.3699951171875,252,0.0,0.0
2024-07-29 14:45:00-04:00,862.364990234375,862.3900146484375,862.260009765625,862.3900146484375,617,0.0,0.0
2024-07-29 14:46:00-04:00,862.4400024414062,862.4400024414062,862.3599853515625,862.4099731445312,1349,0.0,0.0
2024-07-29 14:47:00-04:00,862.489990234375,862.5900268554688,862.2650146484375,862.2849731445312,3834,0.0,0.0
2024-07-29 14:48:00-04:00,862.2849731445312,862.3400268554688,862.2849731445312,862.3150024414062,3030,0.0,0.0
2024-07-29 14:49:00-04:00,862.2249755859375,863.030029296875,862.2249755859375,862.9949951171875,3243,0.0,0.0
2024-07-29 14:50:00-04:00,862.3599853515625,862.3599853515625,862.3599853515625,862.3599853515625,402,0.0,0.0
2024-07-29 14:51:00-04:00,862.3400268554688,862.5250244140625,862.3300170898438,862.5250244140625,1183,0.0,0.0
2024-07-29 14:52:00-04:00,862.5250244140625,862.5499877929688,861.5349731445312,861.5349731445312,2847,0.0,0.0
2024-07-29 14:53:00-04:00,861.5449829101562,861.9199829101562,861.5449829101562,861.8099975585938,2712,0.0,0.0
2024-07-29 14:55:00-04:00,862.1749877929688,862.1749877929688,862.1749877929688,862.1749877929688,966,0.0,0.0
2024-07-29 14:56:00-04:00,862.8099975585938,862.8099975585938,862.8099975585938,862.8099975585938,1435,0.0,0.0
2024-07-29 14:57:00-04:00,862.510009765625,862.510009765625,862.510009765625,862.510009765625,625,0.0,0.0
2024-07-29 14:58:00-04:00,862.3900146484375,862.5999755859375,862.3900146484375,862.5999755859375,731,0.0,0.0
2024-07-29 14:59:00-04:00,862.1799926757812,862.1799926757812,862.1799926757812,862.1799926757812,474,0.0,0.0
2024-07-29 15:00:00-04:00,862.1799926757812,862.1799926757812,861.4400024414062,861.9550170898438,2402,0.0,0.0
2024-07-29 15:01:00-04:00,861.9550170898438,861.9550170898438,861.60009765625,861.60009765625,1732,0.0,0.0
2024-07-29 15:02:00-04:00,861.6793823242188,862.0650024414062,861.6793823242188,862.0650024414062,1541,0.0,0.0
2024-07-29 15:03:00-04:00,861.6799926757812,861.6799926757812,861.2899780273438,861.2899780273438,1743,0.0,0.0
2024-07-29 15:05:00-04:00,861.7050170898438,861.7050170898438,861.7050170898438,861.7050170898438,194,0.0,0.0
2024-07-29 15:06:00-04:00,861.7050170898438,862.3800048828125,861.7050170898438,862.3099975585938,1995,0.0,0.0
2024-07-29 15:07:00-04:00,862.5399780273438,863.02001953125,861.780029296875,861.780029296875,1433,0.0,0.0
2024-07-29 15:08:00-04:00,861.7000122070312,861.9400024414062,861.7000122070312,861.9400024414062,808,0.0,0.0
2024-07-29 15:09:00-04:00,861.3322143554688,861.3322143554688,861.3322143554688,861.3322143554688,2304,0.0,0.0
2024-07-29 15:10:00-04:00,862.02001953125,862.02001953125,862.02001953125,862.02001953125,401,0.0,0.0
2024-07-29 15:12:00-04:00,862.114990234375,862.114990234375,862.114990234375,862.114990234375,156,0.0,0.0
2024-07-29 15:13:00-04:00,862.1599731445312,862.2150268554688,862.1599731445312,862.2150268554688,2582,0.0,0.0
2024-07-29 15:15:00-04:00,861.760009765625,862.0599975585938,861.6199951171875,861.6699829101562,2369,0.0,0.0
2024-07-29 15:16:00-04:00,861.5800170898438,861.64501953125,861.2999877929688,861.64501953125,2783,0.0,0.0
2024-07-29 15:17:00-04:00,861.5900268554688,861.5900268554688,861.5900268554688,861.5900268554688,130,0.0,0.0
2024-07-29 15:18:00-04:00,861.6199951171875,861.635009765625,861.27001953125,861.6199951171875,986,0.0,0.0
2024-07-29 15:19:00-04:00,861.635009765625,861.635009765625,861.27001953125,861.635009765625,1280,0.0,0.0
2024-07-29 15:21:00-04:00,861.9849853515625,862.02001953125,861.4000244140625,862.02001953125,4137,0.0,0.0
2024-07-29 15:22:00-04:00,862.239990234375,862.239990234375,862.239990234375,862.239990234375,162,0.0,0.0
2024-07-29 15:23:00-04:00,862.260009765625,862.260009765625,862.2100219726562,862.2349853515625,1652,0.0,0.0
2024-07-29 15:25:00-04:00,861.8300170898438,861.8300170898438,861.8300170898438,861.8300170898438,209,0.0,0.0
2024-07-29 15:26:00-04:00,861.739990234375,861.7650146484375,861.739990234375,861.7650146484375,710,0.0,0.0
2024-07-29 15:27:00-04:00,861.9600219726562,861.9600219726562,861.9600219726562,861.9600219726562,370,0.0,0.0
2024-07-29 15:28:00-04:00,862.260009765625,862.260009765625,862.260009765625,862.260009765625,536,0.0,0.0
2024-07-29 15:29:00-04:00,862.2750244140625,862.2750244140625,862.2750244140625,862.2750244140625,1105,0.0,0.0
2024-07-29 15:30:00-04:00,861.8900146484375,861.9600219726562,861.8900146484375,861.9600219726562,2212,0.0,0.0
2024-07-29 15:33:00-04:00,861.6972045898438,861.6972045898438,861.6972045898438,861.6972045898438,1187,0.0,0.0
2024-07-29 15:36:00-04:00,862.510009765625,862.5449829101562,862.2050170898438,862.469970703125,1966,0.0,0.0
2024-07-29 15:37:00-04:00,862.375,862.4963989257812,862.3699951171875,862.4963989257812,3224,0.0,0.0
2024-07-29 15:38:00-04:00,862.3200073242188,862.3250122070312,862.3200073242188,862.3250122070312,914,0.0,0.0
2024-07-29 15:39:00-04:00,862.3499755859375,863.030029296875,862.3400268554688,863.030029296875,3913,0.0,0.0
2024-07-29 15:41:00-04:00,862.9749755859375,863.5999755859375,862.9749755859375,863.2000122070312,2482,0.0,0.0
2024-07-29 15:42:00-04:00,863.1950073242188,863.1950073242188,863.1799926757812,863.1799926757812,659,0.0,0.0
2024-07-29 15:43:00-04:00,863.2000122070312,863.5800170898438,863.2000122070312,863.5800170898438,3392,0.0,0.0
2024-07-29 15:44:00-04:00,863.35498046875,863.6300048828125,863.35498046875,863.4249877929688,557,0.0,0.0
2024-07-29 15:45:00-04:00,863.5800170898438,863.60498046875,863.47998046875,863.5650024414062,1988,0.0,0.0
2024-07-29 15:46:00-04:00,863.4400024414062,863.4749755859375,862.9564819335938,863.1199951171875,2499,0.0,0.0
2024-07-29 15:47:00-04:00,863.4600219726562,863.4600219726562,863.0999755859375,863.1199951171875,977,0.0,0.0
2024-07-29 15:48:00-04:00,863.1199951171875,863.72998046875,863.1199951171875,863.6699829101562,3191,0.0,0.0
2024-07-29 15:49:00-04:00,863.760009765625,864.2899780273438,863.510009765625,863.8900146484375,5442,0.0,0.0
2024-07-29 15:50:00-04:00,864.4500122070312,865.1699829101562,864.3499755859375,864.3499755859375,3669,0.0,0.0
2024-07-29 15:51:00-04:00,864.489990234375,864.489990234375,863.6199951171875,863.6199951171875,3967,0.0,0.0
2024-07-29 15:52:00-04:00,863.655029296875,864.0,863.6300048828125,863.8200073242188,4471,0.0,0.0
2024-07-29 15:53:00-04:00,863.7568969726562,864.1900024414062,863.6900024414062,863.7550048828125,2647,0.0,0.0
2024-07-29 15:54:00-04:00,863.7550048828125,863.9299926757812,863.3400268554688,863.9299926757812,7676,0.0,0.0
2024-07-29 15:55:00-04:00,863.7999877929688,863.7999877929688,861.969970703125,862.25,12552,0.0,0.0
2024-07-29 15:56:00-04:00,862.25,862.989990234375,861.3800048828125,862.6058959960938,14548,0.0,0.0
2024-07-29 15:57:00-04:00,862.969970703125,862.989990234375,862.3300170898438,862.9199829101562,2673,0.0,0.0
2024-07-29 15:58:00-04:00,862.52001953125,862.5800170898438,862.0,862.0,7936,0.0,0.0
2024-07-29 15:59:00-04:00,861.989990234375,862.969970703125,861.7899780273438,862.4249877929688,22622,0.0,0.0
2024-07-30 09:30:00-04:00,868.1300048828125,868.9600219726562,868.0800170898438,868.9600219726562,8461,0.0,0.0
2024-07-30 09:32:00-04:00,867.9099731445312,867.9099731445312,867.9099731445312,867.9099731445312,621,0.0,0.0
2024-07-30 09:33:00-04:00,870.0,870.0,869.35498046875,869.35498046875,980,0.0,0.0
2024-07-30 09:35:00-04:00,869.7449951171875,869.7449951171875,869.7449951171875,869.7449951171875,693,0.0,0.0
2024-07-30 09:38:00-04:00,870.219970703125,871.10498046875,869.5349731445312,869.5349731445312,4770,0.0,0.0
2024-07-30 09:39:00-04:00,870.8099975585938,870.8099975585938,869.7150268554688,870.0750122070312,1504,0.0,0.0
2024-07-30 09:41:00-04:00,869.9349975585938,869.9349975585938,867.9000244140625,869.5750122070312,1754,0.0,0.0
2024-07-30 09:42:00-04:00,869.5750122070312,869.5750122070312,869.5750122070312,869.5750122070312,397,0.0,0.0
2024-07-30 09:43:00-04:00,869.5750122070312,869.5750122070312,869.5750122070312,869.5750122070312,255,0.0,0.0
2024-07-30 09:44:00-04:00,869.5750122070312,869.5750122070312,868.0487060546875,868.0487060546875,934,0.0,0.0
2024-07-30 09:45:00-04:00,869.5750122070312,869.5750122070312,869.5750122070312,869.5750122070312,316,0.0,0.0
2024-07-30 09:47:00-04:00,871.216796875,871.216796875,871.216796875,871.216796875,327,0.0,0.0
2024-07-30 09:48:00-04:00,871.3599853515625,871.3599853515625,871.3599853515625,871.3599853515625,398,0.0,0.0
2024-07-30 09:49:00-04:00,870.97998046875,871.7249755859375,870.8499755859375,871.5999755859375,2529,0.0,0.0
2024-07-30 09:50:00-04:00,871.1500244140625,871.155029296875,869.97998046875,869.97998046875,1261,0.0,0.0
2024-07-30 09:51:00-04:00,870.1400146484375,870.5399780273438,870.1400146484375,870.1599731445312,926,0.0,0.0
2024-07-30 09:52:00-04:00,870.22998046875,870.9000244140625,870.2000122070312,870.9000244140625,1954,0.0,0.0
2024-07-30 09:53:00-04:00,871.9000244140625,872.7999877929688,871.2999877929688,871.7949829101562,3882,0.0,0.0
2024-07-30 09:54:00-04:00,872.280029296875,872.2849731445312,871.0250244140625,871.4249877929688,2064,0.0,0.0
2024-07-30 09:55:00-04:00,872.0999755859375,872.0999755859375,871.4400024414062,871.4400024414062,722,0.0,0.0
2024-07-30 09:56:00-04:00,872.0999755859375,872.0999755859375,872.0999755859375,872.0999755859375,1469,0.0,0.0
2024-07-30 09:57:00-04:00,872.1400146484375,872.364990234375,871.5499877929688,871.5499877929688,1913,0.0,0.0
2024-07-30 09:58:00-04:00,871.594970703125,871.594970703125,870.755615234375,870.755615234375,577,0.0,0.0
2024-07-30 09:59:00-04:00,871.594970703125,871.594970703125,871.4000244140625,871.594970703125,1151,0.0,0.0
2024-07-30 10:00:00-04:00,870.75,871.594970703125,869.6799926757812,870.3250122070312,1908,0.0,0.0
2024-07-30 10:01:00-04:00,869.5125122070312,869.5850219726562,869.5125122070312,869.5850219726562,749,0.0,0.0
2024-07-30 10:02:00-04:00,869.8300170898438,869.8300170898438,868.5900268554688,868.9199829101562,2038,0.0,0.0
2024-07-30 10:04:00-04:00,868.1174926757812,868.39501953125,868.1174926757812,868.39501953125,1027,0.0,0.0
2024-07-30 10:05:00-04:00,868.5,868.5,868.5,868.5,776,0.0,0.0
2024-07-30 10:06:00-04:00,868.25,868.25,868.2000122070312,868.2000122070312,297,0.0,0.0
2024-07-30 10:07:00-04:00,869.5349731445312,869.969970703125,869.1199951171875,869.1199951171875,1233,0.0,0.0
2024-07-30 10:09:00-04:00,869.3900146484375,869.9149780273438,868.760009765625,868.760009765625,841,0.0,0.0
2024-07-30 10:10:00-04:00,869.2203979492188,869.72998046875,869.1849975585938,869.6849975585938,1960,0.0,0.0
2024-07-30 10:11:00-04:00,869.6749877929688,869.6749877929688,869.6749877929688,869.6749877929688,245,0.0,0.0
2024-07-30 10:12:00-04:00,870.5900268554688,870.5900268554688,870.5900268554688,870.5900268554688,675,0.0,0.0
2024-07-30 10:14:00-04:00,869.8699951171875,869.8699951171875,868.760009765625,868.760009765625,426,0.0,0.0
2024-07-30 10:15:00-04:00,869.719970703125,870.1199951171875,869.7050170898438,869.9849853515625,1089,0.0,0.0
2024-07-30 10:16:00-04:00,870.2249755859375,870.2249755859375,870.2249755859375,870.2249755859375,1486,0.0,0.0
2024-07-30 10:17:00-04:00,871.239990234375,872.0499877929688,870.75,871.3499755859375,3899,0.0,0.0
2024-07-30 10:18:00-04:00,870.9400024414062,871.3900146484375,870.219970703125,870.219970703125,9362,0.0,0.0
2024-07-30 10:19:00-04:00,871.0499877929688,871.0900268554688,870.219970703125,871.0900268554688,2806,0.0,0.0
2024-07-30 10:20:00-04:00,871.2050170898438,871.3699951171875,871.2050170898438,871.3699951171875,712,0.0,0.0
2024-07-30 10:21:00-04:00,871.3599853515625,871.3599853515625,871.3599853515625,871.3599853515625,277,0.0,0.0
2024-07-30 10:22:00-04:00,871.885009765625,871.885009765625,871.885009765625,871.885009765625,505,0.0,0.0
2024-07-30 10:23:00-04:00,872.3400268554688,872.3400268554688,871.4199829101562,871.719970703125,2680,0.0,0.0
2024-07-30 10:24:00-04:00,871.72998046875,871.72998046875,871.72998046875,871.72998046875,1301,0.0,0.0
2024-07-30 10:26:00-04:00,871.239990234375,871.2550048828125,871.239990234375,871.2550048828125,418,0.0,0.0
2024-07-30 10:27:00-04:00,872.375,872.375,872.375,872.375,217,0.0,0.0
2024-07-30 10:28:00-04:00,871.2949829101562,871.2949829101562,871.2949829101562,871.2949829101562,600,0.0,0.0
2024-07-30 10:29:00-04:00,871.2949829101562,871.2949829101562,871.2949829101562,871.2949829101562,300,0.0,0.0
2024-07-30 10:31:00-04:00,870.280029296875,870.906005859375,870.280029296875,870.906005859375,1504,0.0,0.0
2024-07-30 10:32:00-04:00,870.6679077148438,871.72998046875,870.6679077148438,871.72998046875,1013,0.0,0.0
2024-07-30 10:34:00-04:00,871.4600219726562,871.4600219726562,870.5850219726562,870.5850219726562,589,0.0,0.0
2024-07-30 10:35:00-04:00,870.6950073242188,870.6950073242188,869.6799926757812,869.7650146484375,2855,0.0,0.0
2024-07-30 10:36:00-04:00,869.739990234375,869.739990234375,869.739990234375,869.739990234375,399,0.0,0.0
2024-07-30 10:37:00-04:00,871.2100219726562,871.2100219726562,871.2100219726562,871.2100219726562,514,0.0,0.0
2024-07-30 10:38:00-04:00,870.1099853515625,870.1099853515625,870.1099853515625,870.1099853515625,112,0.0,0.0
2024-07-30 10:39:00-04:00,869.18798828125,871.0800170898438,869.18798828125,870.0599975585938,1753,0.0,0.0
2024-07-30 10:41:00-04:00,870.6599731445312,871.3599853515625,870.6599731445312,871.3599853515625,736,0.0,0.0
2024-07-30 10:42:00-04:00,870.760009765625,870.760009765625,870.760009765625,870.760009765625,455,0.0,0.0
2024-07-30 10:44:00-04:00,871.72998046875,871.72998046875,870.9650268554688,871.6099853515625,1253,0.0,0.0
2024-07-30 10:45:00-04:00,871.5650024414062,871.5650024414062,871.5650024414062,871.5650024414062,333,0.0,0.0
2024-07-30 10:46:00-04:00,871.5700073242188,871.5700073242188,871.5700073242188,871.5700073242188,275,0.0,0.0
2024-07-30 10:47:00-04:00,872.510009765625,872.510009765625,870.510009765625,871.5700073242188,1840,0.0,0.0
2024-07-30 10:48:00-04:00,872.6400146484375,872.9349975585938,871.8543090820312,872.9299926757812,3740,0.0,0.0
2024-07-30 10:49:00-04:00,872.9299926757812,872.9299926757812,872.2650146484375,872.405029296875,711,0.0,0.0
2024-07-30 10:50:00-04:00,872.530029296875,872.530029296875,872.530029296875,872.530029296875,305,0.0,0.0
2024-07-30 10:51:00-04:00,872.5399780273438,873.5700073242188,872.5399780273438,873.5700073242188,722,0.0,0.0
2024-07-30 10:52:00-04:00,873.5800170898438,873.5800170898438,872.3200073242188,872.5800170898438,1159,0.0,0.0
2024-07-30 10:53:00-04:00,872.5800170898438,872.5800170898438,872.5800170898438,872.5800170898438,261,0.0,0.0
2024-07-30 10:54:00-04:00,872.5800170898438,872.5800170898438,872.5800170898438,872.5800170898438,388,0.0,0.0
2024-07-30 10:55:00-04:00,872.5800170898438,872.5800170898438,872.5800170898438,872.5800170898438,255,0.0,0.0
2024-07-30 10:56:00-04:00,872.5800170898438,872.5800170898438,872.5800170898438,872.5800170898438,625,0.0,0.0
2024-07-30 10:57:00-04:00,872.4450073242188,872.5347290039062,871.9600219726562,872.5347290039062,1680,0.0,0.0
2024-07-30 10:58:00-04:00,871.469970703125,871.6699829101562,871.3699951171875,871.6699829101562,1439,0.0,0.0
2024-07-30 10:59:00-04:00,871.280029296875,871.4149780273438,870.1300048828125,870.47998046875,1415,0.0,0.0
2024-07-30 11:00:00-04:00,871.3499755859375,871.3499755859375,870.27001953125,870.27001953125,535,0.0,0.0
2024-07-30 11:01:00-04:00,871.35498046875,871.35498046875,870.2999877929688,870.4149780273438,2077,0.0,0.0
2024-07-30 11:02:00-04:00,870.4149780273438,871.639892578125,869.9400024414062,869.9400024414062,1250,0.0,0.0
2024-07-30 11:03:00-04:00,869.9400024414062,869.9400024414062,869.9400024414062,869.9400024414062,658,0.0,0.0
2024-07-30 11:04:00-04:00,869.905029296875,869.9099731445312,869.905029296875,869.9099731445312,526,0.0,0.0
2024-07-30 11:05:00-04:00,869.9099731445312,870.7100219726562,869.905029296875,869.905029296875,1207,0.0,0.0
2024-07-30 11:06:00-04:00,870.0,870.0399780273438,868.9600219726562,869.8400268554688,2324,0.0,0.0
2024-07-30 11:07:00-04:00,869.8400268554688,869.8400268554688,869.719970703125,869.8099975585938,1279,0.0,0.0
2024-07-30 11:08:00-04:00,870.0599975585938,870.0800170898438,870.0599975585938,870.0800170898438,1791,0.0,0.0
2024-07-30 11:10:00-04:00,870.9749755859375,870.9749755859375,870.9749755859375,870.9749755859375,650,0.0,0.0
2024-07-30 11:11:00-04:00,871.2100219726562,871.6099853515625,870.6099853515625,871.6099853515625,1234,0.0,0.0
2024-07-30 11:12:00-04:00,871.2100219726562,871.2100219726562,871.2100219726562,871.2100219726562,400,0.0,0.0
2024-07-30 11:14:00-04:00,871.2100219726562,872.5499877929688,871.2100219726562,872.489990234375,1180,0.0,0.0
2024-07-30 11:15:00-04:00,873.0,873.0700073242188,872.8599853515625,873.0700073242188,777,0.0,0.0
2024-07-30 11:16:00-04:00,873.0499877929688,873.0499877929688,873.0499877929688,873.0499877929688,372,0.0,0.0
2024-07-30 11:17:00-04:00,872.1300048828125,873.0700073242188,872.0,872.969970703125,1614,0.0,0.0
2024-07-30 11:18:00-04:00,872.989990234375,872.989990234375,872.989990234375,872.989990234375,338,0.0,0.0
2024-07-30 11:19:00-04:00,873.7899780273438,873.8928833007812,873.7899780273438,873.8928833007812,640,0.0,0.0
2024-07-30 11:20:00-04:00,873.4550170898438,873.4550170898438,872.4949951171875,872.4949951171875,1306,0.0,0.0
2024-07-30 11:21:00-04:00,872.22998046875,872.2449951171875,872.22998046875,872.2449951171875,1054,0.0,0.0
2024-07-30 11:23:00-04:00,871.7349853515625,871.7349853515625,871.7349853515625,871.7349853515625,288,0.0,0.0
2024-07-30 11:24:00-04:00,872.3300170898438,872.3300170898438,872.3300170898438,872.3300170898438,472,0.0,0.0
2024-07-30 11:26:00-04:00,871.77001953125,871.77001953125,871.280029296875,871.280029296875,479,0.0,0.0
2024-07-30 11:27:00-04:00,871.0479736328125,871.5800170898438,871.0479736328125,871.5800170898438,468,0.0,0.0
2024-07-30 11:28:00-04:00,871.3200073242188,871.3200073242188,871.3200073242188,871.3200073242188,263,0.0,0.0
2024-07-30 11:29:00-04:00,870.8699951171875,871.0399780273438,870.39501953125,870.39501953125,1757,0.0,0.0
2024-07-30 11:30:00-04:00,870.3599853515625,870.780029296875,870.2899780273438,870.4450073242188,2074,0.0,0.0
2024-07-30 11:31:00-04:00,870.3200073242188,870.3200073242188,869.3699951171875,869.7249755859375,1389,0.0,0.0
2024-07-30 11:32:00-04:00,869.1199951171875,869.1199951171875,869.1199951171875,869.1199951171875,210,0.0,0.0
2024-07-30 11:33:00-04:00,869.1300048828125,869.1300048828125,868.9199829101562,869.0700073242188,1595,0.0,0.0
2024-07-30 11:34:00-04:00,869.6300048828125,869.6300048828125,869.594970703125,869.594970703125,2275,0.0,0.0
2024-07-30 11:35:00-04:00,870.6395874023438,870.6395874023438,869.875,870.4249877929688,2960,0.0,0.0
2024-07-30 11:37:00-04:00,871.0700073242188,871.0700073242188,871.0700073242188,871.0700073242188,147,0.0,0.0
2024-07-30 11:38:00-04:00,870.614990234375,870.989990234375,870.614990234375,870.989990234375,1209,0.0,0.0
2024-07-30 11:40:00-04:00,870.2100219726562,871.0150146484375,869.9500122070312,870.4650268554688,1683,0.0,0.0
2024-07-30 11:41:00-04:00,870.5599975585938,870.5599975585938,869.0820922851562,870.2100219726562,1703,0.0,0.0
2024-07-30 11:42:00-04:00,870.0,870.0,870.0,870.0,385,0.0,0.0
2024-07-30 11:43:00-04:00,869.280029296875,870.1699829101562,869.280029296875,869.9450073242188,806,0.0,0.0
2024-07-30 11:44:00-04:00,870.1950073242188,870.1950073242188,869.3200073242188,869.5900268554688,3200,0.0,0.0
2024-07-30 11:45:00-04:00,869.5800170898438,869.5800170898438,869.3900146484375,869.3900146484375,3401,0.0,0.0
2024-07-30 11:46:00-04:00,869.3900146484375,869.3900146484375,868.4400024414062,869.3049926757812,4857,0.0,0.0
2024-07-30 11:47:00-04:00,869.4349975585938,869.4349975585938,868.7999877929688,868.7999877929688,895,0.0,0.0
2024-07-30 11:48:00-04:00,869.0999755859375,869.4500122070312,869.0750122070312,869.3900146484375,3054,0.0,0.0
2024-07-30 11:51:00-04:00,869.0,869.0,869.0,869.0,411,0.0,0.0
2024-07-30 11:52:00-04:00,869.0,869.0599975585938,868.4500122070312,869.0599975585938,1406,0.0,0.0
2024-07-30 11:53:00-04:00,868.9099731445312,869.3599853515625,868.3099975585938,868.3099975585938,2041,0.0,0.0
2024-07-30 11:54:00-04:00,869.1954956054688,869.1954956054688,869.1954956054688,869.1954956054688,435,0.0,0.0
2024-07-30 11:55:00-04:00,868.8800048828125,869.22998046875,868.614990234375,869.22998046875,1481,0.0,0.0
2024-07-30 11:56:00-04:00,869.1300048828125,869.1300048828125,869.1300048828125,869.1300048828125,664,0.0,0.0
2024-07-30 11:59:00-04:00,869.6500244140625,869.6500244140625,869.3800048828125,869.3900146484375,617,0.0,0.0
2024-07-30 12:00:00-04:00,869.8599853515625,869.8599853515625,869.0460205078125,869.0460205078125,657,0.0,0.0
2024-07-30 12:01:00-04:00,869.4249877929688,869.4249877929688,869.0,869.155029296875,2684,0.0,0.0
2024-07-30 12:02:00-04:00,869.1500244140625,869.1500244140625,868.6300048828125,868.8419799804688,1537,0.0,0.0
2024-07-30 12:03:00-04:00,867.7470092773438,868.1400146484375,867.7470092773438,868.1400146484375,2061,0.0,0.0
2024-07-30 12:04:00-04:00,867.989990234375,867.989990234375,867.989990234375,867.989990234375,400,0.0,0.0
2024-07-30 12:06:00-04:00,867.989990234375,868.7449951171875,867.989990234375,868.7449951171875,1954,0.0,0.0
2024-07-30 12:07:00-04:00,868.7449951171875,868.905029296875,868.7449951171875,868.905029296875,869,0.0,0.0
2024-07-30 12:10:00-04:00,868.905029296875,868.905029296875,868.905029296875,868.905029296875,397,0.0,0.0
2024-07-30 12:11:00-04:00,868.905029296875,868.905029296875,868.905029296875,868.905029296875,309,0.0,0.0
2024-07-30 12:12:00-04:00,868.6300048828125,868.6300048828125,868.6300048828125,868.6300048828125,369,0.0,0.0
2024-07-30 12:13:00-04:00,868.1599731445312,869.0700073242188,867.9199829101562,868.719970703125,9033,0.0,0.0
2024-07-30 12:14:00-04:00,868.3599853515625,868.8699951171875,868.1400146484375,868.1400146484375,1799,0.0,0.0
2024-07-30 12:15:00-04:00,868.1400146484375,868.7150268554688,868.1400146484375,868.614990234375,3031,0.0,0.0
2024-07-30 12:16:00-04:00,868.8200073242188,869.0800170898438,867.8800048828125,868.10498046875,13796,0.0,0.0
2024-07-30 12:17:00-04:00,867.969970703125,868.0399780273438,867.52001953125,868.0399780273438,1767,0.0,0.0
2024-07-30 12:18:00-04:00,868.4249877929688,868.4249877929688,868.4249877929688,868.4249877929688,661,0.0,0.0
2024-07-30 12:19:00-04:00,868.6199951171875,868.6199951171875,868.375,868.3800048828125,591,0.0,0.0
2024-07-30 12:20:00-04:00,868.0,868.3800048828125,867.9650268554688,868.0549926757812,1821,0.0,0.0
2024-07-30 12:21:00-04:00,867.9500122070312,867.9500122070312,867.7999877929688,867.7999877929688,1145,0.0,0.0
2024-07-30 12:22:00-04:00,867.7000122070312,867.7000122070312,867.7000122070312,867.7000122070312,188,0.0,0.0
2024-07-30 12:23:00-04:00,868.1900024414062,868.1900024414062,868.1900024414062,868.1900024414062,568,0.0,0.0
2024-07-30 12:24:00-04:00,867.8400268554688,867.8400268554688,867.3200073242188,867.3200073242188,710,0.0,0.0
2024-07-30 12:26:00-04:00,867.3200073242188,867.8156127929688,867.3200073242188,867.780029296875,9848,0.0,0.0
2024-07-30 12:27:00-04:00,867.7849731445312,867.7849731445312,867.7849731445312,867.7849731445312,820,0.0,0.0
2024-07-30 12:28:00-04:00,867.2000122070312,867.5700073242188,867.1699829101562,867.1699829101562,874,0.0,0.0
2024-07-30 12:29:00-04:00,867.5599975585938,868.3699951171875,867.5599975585938,868.3699951171875,2334,0.0,0.0
2024-07-30 12:31:00-04:00,868.6599731445312,868.6599731445312,868.6599731445312,868.6599731445312,207,0.0,0.0
2024-07-30 12:32:00-04:00,868.6599731445312,868.6699829101562,868.1500244140625,868.6699829101562,1059,0.0,0.0
2024-07-30 12:33:00-04:00,868.655029296875,868.655029296875,868.655029296875,868.655029296875,501,0.0,0.0
2024-07-30 12:34:00-04:00,869.1599731445312,869.1599731445312,869.1599731445312,869.1599731445312,309,0.0,0.0
2024-07-30 12:35:00-04:00,868.6599731445312,868.8099975585938,868.6599731445312,868.8099975585938,1056,0.0,0.0
2024-07-30 12:36:00-04:00,868.2000732421875,868.5068969726562,868.2000732421875,868.5068969726562,556,0.0,0.0
2024-07-30 12:38:00-04:00,869.0599975585938,869.1699829101562,869.0599975585938,869.1699829101562,1490,0.0,0.0
2024-07-30 12:39:00-04:00,869.3699951171875,869.3699951171875,869.2999877929688,869.2999877929688,478,0.0,0.0
2024-07-30 12:40:00-04:00,869.3099975585938,869.3099975585938,869.3099975585938,869.3099975585938,471,0.0,0.0
2024-07-30 12:41:00-04:00,869.3099975585938,869.3099975585938,868.9400024414062,869.3099975585938,1338,0.0,0.0
2024-07-30 12:43:00-04:00,869.64501953125,869.9099731445312,869.64501953125,869.6649780273438,1279,0.0,0.0
2024-07-30 12:46:00-04:00,869.280029296875,869.280029296875,869.280029296875,869.280029296875,733,0.0,0.0
2024-07-30 12:49:00-04:00,868.5999755859375,869.0650024414062,868.5999755859375,869.0650024414062,940,0.0,0.0
2024-07-30 12:50:00-04:00,868.4600219726562,868.9450073242188,868.4600219726562,868.9450073242188,1339,0.0,0.0
2024-07-30 12:51:00-04:00,868.9450073242188,868.9450073242188,868.9450073242188,868.9450073242188,665,0.0,0.0
2024-07-30 12:52:00-04:00,868.3099975585938,868.3099975585938,867.9149780273438,868.072509765625,865,0.0,0.0
2024-07-30 12:53:00-04:00,868.0900268554688,868.0900268554688,866.7999877929688,867.6199951171875,2970,0.0,0.0
2024-07-30 12:55:00-04:00,867.8499755859375,867.8599853515625,867.2249755859375,867.2249755859375,4064,0.0,0.0
2024-07-30 12:56:00-04:00,867.7000122070312,867.905029296875,867.7000122070312,867.875,1479,0.0,0.0
2024-07-30 12:57:00-04:00,867.3900146484375,867.47998046875,866.8900146484375,866.8900146484375,3380,0.0,0.0
2024-07-30 12:58:00-04:00,866.4849853515625,866.4849853515625,866.0,866.3499755859375,1767,0.0,0.0
2024-07-30 13:00:00-04:00,866.14501953125,866.1649780273438,865.1771850585938,866.1649780273438,654,0.0,0.0
2024-07-30 13:01:00-04:00,866.1649780273438,866.1699829101562,866.1649780273438,866.1699829101562,775,0.0,0.0
2024-07-30 13:02:00-04:00,865.5999755859375,865.9249877929688,865.5999755859375,865.6900024414062,1578,0.0,0.0
2024-07-30 13:04:00-04:00,865.8250122070312,866.9500122070312,865.8250122070312,866.7949829101562,2806,0.0,0.0
2024-07-30 13:05:00-04:00,866.875,866.875,865.8800048828125,866.4099731445312,3199,0.0,0.0
2024-07-30 13:06:00-04:00,866.25,866.25,866.25,866.25,798,0.0,0.0
2024-07-30 13:07:00-04:00,866.9299926757812,866.9400024414062,866.8900146484375,866.9400024414062,3023,0.0,0.0
2024-07-30 13:08:00-04:00,867.1199951171875,867.1199951171875,867.1199951171875,867.1199951171875,607,0.0,0.0
2024-07-30 13:10:00-04:00,867.6699829101562,867.6699829101562,867.6699829101562,867.6699829101562,418,0.0,0.0
2024-07-30 13:12:00-04:00,867.1793212890625,867.1793212890625,867.1793212890625,867.1793212890625,671,0.0,0.0
2024-07-30 13:14:00-04:00,868.1400146484375,868.6099853515625,868.0800170898438,868.6099853515625,1248,0.0,0.0
2024-07-30 13:17:00-04:00,868.739990234375,868.739990234375,868.25,868.25,804,0.0,0.0
2024-07-30 13:20:00-04:00,868.719970703125,868.719970703125,868.3599853515625,868.4600219726562,3825,0.0,0.0
2024-07-30 13:22:00-04:00,868.7100219726562,868.719970703125,868.7100219726562,868.7100219726562,1450,0.0,0.0
2024-07-30 13:23:00-04:00,869.2999877929688,869.2999877929688,869.2039184570312,869.2039184570312,809,0.0,0.0
2024-07-30 13:25:00-04:00,868.7650146484375,868.7650146484375,868.7650146484375,868.7650146484375,1083,0.0,0.0
2024-07-30 13:26:00-04:00,868.4349975585938,868.4349975585938,868.3699951171875,868.3699951171875,865,0.0,0.0
2024-07-30 13:27:00-04:00,868.02001953125,868.02001953125,868.02001953125,868.02001953125,983,0.0,0.0
2024-07-30 13:30:00-04:00,867.6900024414062,867.6900024414062,867.6900024414062,867.6900024414062,1161,0.0,0.0
2024-07-30 13:31:00-04:00,868.1699829101562,868.489990234375,868.1699829101562,868.489990234375,1169,0.0,0.0
2024-07-30 13:33:00-04:00,868.2949829101562,868.2949829101562,868.2949829101562,868.2949829101562,905,0.0,0.0
2024-07-30 13:35:00-04:00,868.2899780273438,868.2899780273438,868.2899780273438,868.2899780273438,524,0.0,0.0
2024-07-30 13:36:00-04:00,869.030029296875,869.030029296875,868.9425048828125,868.9425048828125,1270,0.0,0.0
2024-07-30 13:37:00-04:00,869.760009765625,870.1900024414062,869.760009765625,870.0549926757812,481,0.0,0.0
2024-07-30 13:38:00-04:00,870.3699951171875,870.3900146484375,870.0999755859375,870.3900146484375,2175,0.0,0.0
2024-07-30 13:40:00-04:00,870.3800048828125,870.3800048828125,870.1500244140625,870.1500244140625,991,0.0,0.0
2024-07-30 13:42:00-04:00,870.27001953125,870.27001953125,870.27001953125,870.27001953125,374,0.0,0.0
2024-07-30 13:44:00-04:00,870.22998046875,870.22998046875,870.0499877929688,870.0499877929688,697,0.0,0.0
2024-07-30 13:46:00-04:00,870.669921875,870.6699829101562,870.6500244140625,870.6500244140625,1128,0.0,0.0
2024-07-30 13:47:00-04:00,870.469970703125,870.469970703125,870.469970703125,870.469970703125,873,0.0,0.0
2024-07-30 13:49:00-04:00,870.719970703125,870.719970703125,870.6242065429688,870.6242065429688,618,0.0,0.0
2024-07-30 13:52:00-04:00,870.875,870.9749755859375,870.875,870.9749755859375,760,0.0,0.0
2024-07-30 13:53:00-04:00,871.2902221679688,871.3599853515625,871.2902221679688,871.3200073242188,3719,0.0,0.0
2024-07-30 13:59:00-04:00,871.5900268554688,871.5900268554688,871.5900268554688,871.5900268554688,512,0.0,0.0
2024-07-30 14:00:00-04:00,871.5150146484375,871.5150146484375,871.5150146484375,871.5150146484375,192,0.0,0.0
2024-07-30 14:01:00-04:00,871.5150146484375,871.5150146484375,871.260009765625,871.260009765625,1407,0.0,0.0
2024-07-30 14:02:00-04:00,871.2000122070312,871.2000122070312,870.9099731445312,870.9099731445312,990,0.0,0.0
2024-07-30 14:05:00-04:00,871.4099731445312,872.4199829101562,871.4099731445312,872.22998046875,4100,0.0,0.0
2024-07-30 14:09:00-04:00,872.8471069335938,872.8471069335938,872.8471069335938,872.8471069335938,475,0.0,0.0
2024-07-30 14:11:00-04:00,872.3300170898438,872.3300170898438,872.3300170898438,872.3300170898438,878,0.0,0.0
2024-07-30 14:13:00-04:00,872.1400146484375,872.1400146484375,872.1400146484375,872.1400146484375,117,0.0,0.0
2024-07-30 14:14:00-04:00,872.9099731445312,872.9099731445312,872.9099731445312,872.9099731445312,368,0.0,0.0
2024-07-30 14:15:00-04:00,872.5399780273438,872.6099853515625,872.5399780273438,872.6099853515625,1946,0.0,0.0
2024-07-30 14:18:00-04:00,872.719970703125,872.75,872.4299926757812,872.4299926757812,785,0.0,0.0
2024-07-30 14:19:00-04:00,872.8599853515625,872.8599853515625,872.8599853515625,872.8599853515625,360,0.0,0.0
2024-07-30 14:20:00-04:00,872.0386962890625,873.0999755859375,872.0386962890625,872.9199829101562,1496,0.0,0.0
2024-07-30 14:21:00-04:00,872.760009765625,872.9600219726562,872.760009765625,872.77001953125,814,0.0,0.0
2024-07-30 14:22:00-04:00,872.5150146484375,872.5150146484375,872.5150146484375,872.5150146484375,347,0.0,0.0
2024-07-30 14:23:00-04:00,872.5449829101562,872.5449829101562,872.5449829101562,872.5449829101562,228,0.0,0.0
2024-07-30 14:24:00-04:00,872.7899780273438,872.7899780273438,872.52001953125,872.52001953125,525,0.0,0.0
2024-07-30 14:25:00-04:00,872.5150146484375,872.5150146484375,872.4349975585938,872.4349975585938,1160,0.0,0.0
2024-07-30 14:27:00-04:00,872.3287963867188,872.530029296875,872.030029296875,872.530029296875,2960,0.0,0.0
2024-07-30 14:29:00-04:00,871.77001953125,872.225830078125,871.77001953125,871.885009765625,3308,0.0,0.0
2024-07-30 14:30:00-04:00,872.2000122070312,872.2000122070312,872.2000122070312,872.2000122070312,188,0.0,0.0
2024-07-30 14:31:00-04:00,872.10498046875,872.10498046875,872.10498046875,872.10498046875,989,0.0,0.0
2024-07-30 14:33:00-04:00,871.0499877929688,871.0499877929688,871.0499877929688,871.0499877929688,1568,0.0,0.0
2024-07-30 14:37:00-04:00,871.0499877929688,871.0499877929688,871.0499877929688,871.0499877929688,197,0.0,0.0
2024-07-30 14:38:00-04:00,871.510009765625,871.510009765625,871.510009765625,871.510009765625,1005,0.0,0.0
2024-07-30 14:39:00-04:00,871.7000122070312,871.7000122070312,871.3200073242188,871.4011840820312,858,0.0,0.0
2024-07-30 14:42:00-04:00,871.2150268554688,871.2150268554688,871.2150268554688,871.2150268554688,687,0.0,0.0
2024-07-30 14:45:00-04:00,870.9500122070312,870.9500122070312,870.9500122070312,870.9500122070312,967,0.0,0.0
2024-07-30 14:46:00-04:00,871.489990234375,871.489990234375,870.592529296875,870.592529296875,839,0.0,0.0
2024-07-30 14:47:00-04:00,870.5,870.5,870.1799926757812,870.1799926757812,1238,0.0,0.0
2024-07-30 14:49:00-04:00,869.75,869.75,869.1500244140625,869.1500244140625,639,0.0,0.0
2024-07-30 14:50:00-04:00,869.2675170898438,869.8499755859375,869.2675170898438,869.8499755859375,2579,0.0,0.0
2024-07-30 14:54:00-04:00,869.51318359375,869.8800048828125,869.51318359375,869.6099853515625,2759,0.0,0.0
2024-07-30 14:55:00-04:00,869.97998046875,869.97998046875,869.9199829101562,869.9199829101562,568,0.0,0.0
2024-07-30 14:57:00-04:00,869.8400268554688,869.8800048828125,869.4099731445312,869.4099731445312,1663,0.0,0.0
2024-07-30 14:58:00-04:00,869.5527954101562,869.5527954101562,869.5527954101562,869.5527954101562,528,0.0,0.0
2024-07-30 14:59:00-04:00,869.6300048828125,869.780029296875,869.5800170898438,869.5800170898438,704,0.0,0.0
2024-07-30 15:00:00-04:00,869.5800170898438,869.5800170898438,869.5800170898438,869.5800170898438,602,0.0,0.0
2024-07-30 15:01:00-04:00,869.5050048828125,869.5050048828125,869.5050048828125,869.5050048828125,892,0.0,0.0
2024-07-30 15:03:00-04:00,869.5499877929688,869.5499877929688,869.469970703125,869.469970703125,701,0.0,0.0
2024-07-30 15:04:00-04:00,869.4400024414062,869.5850219726562,869.4400024414062,869.5850219726562,1400,0.0,0.0
2024-07-30 15:07:00-04:00,869.8499755859375,870.0750122070312,869.7750244140625,870.0750122070312,1608,0.0,0.0
2024-07-30 15:08:00-04:00,870.073974609375,870.2550048828125,870.073974609375,870.2550048828125,487,0.0,0.0
2024-07-30 15:09:00-04:00,870.27001953125,870.27001953125,870.27001953125,870.27001953125,378,0.0,0.0
2024-07-30 15:10:00-04:00,870.3250122070312,870.3250122070312,870.2100219726562,870.2100219726562,411,0.0,0.0
2024-07-30 15:11:00-04:00,870.280029296875,870.280029296875,870.280029296875,870.280029296875,580,0.0,0.0
2024-07-30 15:12:00-04:00,870.6500244140625,870.6500244140625,870.3200073242188,870.3200073242188,2248,0.0,0.0
2024-07-30 15:13:00-04:00,870.3099975585938,870.3099975585938,870.1099853515625,870.1099853515625,1031,0.0,0.0
2024-07-30 15:15:00-04:00,870.4500122070312,871.2100219726562,870.2899780273438,871.2100219726562,1574,0.0,0.0
2024-07-30 15:17:00-04:00,871.1400146484375,871.1400146484375,871.135009765625,871.135009765625,1554,0.0,0.0
2024-07-30 15:19:00-04:00,871.5700073242188,871.5700073242188,871.5700073242188,871.5700073242188,741,0.0,0.0
2024-07-30 15:20:00-04:00,871.8250122070312,871.8250122070312,871.8250122070312,871.8250122070312,513,0.0,0.0
2024-07-30 15:21:00-04:00,871.1599731445312,871.1599731445312,871.1599731445312,871.1599731445312,807,0.0,0.0
2024-07-30 15:22:00-04:00,871.5399780273438,871.5399780273438,871.5399780273438,871.5399780273438,1248,0.0,0.0
2024-07-30 15:24:00-04:00,871.4000244140625,871.4000244140625,871.4000244140625,871.4000244140625,789,0.0,0.0
2024-07-30 15:27:00-04:00,870.469970703125,870.469970703125,870.469970703125,870.469970703125,491,0.0,0.0
2024-07-30 15:28:00-04:00,871.3800048828125,871.3900146484375,871.3800048828125,871.3900146484375,1270,0.0,0.0
2024-07-30 15:29:00-04:00,871.2550048828125,871.2550048828125,871.2550048828125,871.2550048828125,806,0.0,0.0
2024-07-30 15:30:00-04:00,871.4650268554688,871.4650268554688,871.2550048828125,871.2550048828125,633,0.0,0.0
2024-07-30 15:31:00-04:00,871.0999755859375,871.0999755859375,871.0999755859375,871.0999755859375,229,0.0,0.0
2024-07-30 15:32:00-04:00,871.0,871.0,870.719970703125,870.719970703125,2042,0.0,0.0
2024-07-30 15:33:00-04:00,870.7100219726562,870.7100219726562,870.1400146484375,870.4249877929688,2938,0.0,0.0
2024-07-30 15:34:00-04:00,870.52001953125,870.52001953125,870.52001953125,870.52001953125,577,0.0,0.0
2024-07-30 15:35:00-04:00,870.614990234375,870.614990234375,870.614990234375,870.614990234375,946,0.0,0.0
2024-07-30 15:37:00-04:00,870.719970703125,870.719970703125,870.47998046875,870.47998046875,885,0.0,0.0
2024-07-30 15:38:00-04:00,871.010009765625,871.2999877929688,870.7750244140625,871.2349853515625,2938,0.0,0.0
2024-07-30 15:39:00-04:00,871.0599975585938,871.0599975585938,871.0599975585938,871.0599975585938,306,0.0,0.0
2024-07-30 15:40:00-04:00,871.4149780273438,871.4234008789062,871.4149780273438,871.4234008789062,622,0.0,0.0
2024-07-30 15:41:00-04:00,871.4299926757812,872.0159912109375,871.4299926757812,871.6400146484375,1299,0.0,0.0
2024-07-30 15:42:00-04:00,871.3200073242188,871.4849853515625,871.2899780273438,871.4849853515625,598,0.0,0.0
2024-07-30 15:43:00-04:00,871.47998046875,871.510009765625,871.1599731445312,871.4600219726562,1375,0.0,0.0
2024-07-30 15:44:00-04:00,871.8599853515625,871.8599853515625,871.8599853515625,871.8599853515625,537,0.0,0.0
2024-07-30 15:45:00-04:00,872.030029296875,872.0999755859375,871.6300048828125,871.75,3104,0.0,0.0
2024-07-30 15:47:00-04:00,872.22998046875,872.2899780273438,872.125,872.2899780273438,1706,0.0,0.0
2024-07-30 15:48:00-04:00,873.030029296875,873.030029296875,872.8400268554688,872.9600219726562,2288,0.0,0.0
2024-07-30 15:49:00-04:00,873.47998046875,873.510009765625,873.239990234375,873.25,3037,0.0,0.0
2024-07-30 15:50:00-04:00,873.8800048828125,873.8800048828125,873.2100219726562,873.594970703125,3046,0.0,0.0
2024-07-30 15:51:00-04:00,873.8599853515625,873.8699951171875,873.4099731445312,873.4099731445312,2076,0.0,0.0
2024-07-30 15:52:00-04:00,873.1500244140625,873.2000122070312,872.0599975585938,872.0599975585938,4125,0.0,0.0
2024-07-30 15:53:00-04:00,871.7000122070312,872.47998046875,871.6300048828125,872.3699951171875,5778,0.0,0.0
2024-07-30 15:54:00-04:00,872.219970703125,872.219970703125,871.7999877929688,871.8499755859375,1857,0.0,0.0
2024-07-30 15:55:00-04:00,872.4299926757812,872.7999877929688,872.22998046875,872.5,4196,0.0,0.0
2024-07-30 15:56:00-04:00,872.7999877929688,873.0999755859375,872.5,872.5,5745,0.0,0.0
2024-07-30 15:57:00-04:00,872.2000122070312,872.97998046875,872.2000122070312,872.7000122070312,7702,0.0,0.0
2024-07-30 15:58:00-04:00,872.4299926757812,873.2999877929688,872.4099731445312,873.2999877929688,11573,0.0,0.0
2024-07-30 15:59:00-04:00,873.0,873.2899780273438,871.8400268554688,872.8400268554688,21886,0.0,0.0
2024-07-31 09:30:00-04:00,875.3200073242188,876.0,875.3200073242188,876.0,8562,0.0,0.0
2024-07-31 09:31:00-04:00,874.02001953125,874.02001953125,874.02001953125,874.02001953125,1340,0.0,0.0
2024-07-31 09:34:00-04:00,876.5599975585938,876.7449951171875,873.468994140625,876.7449951171875,1319,0.0,0.0
2024-07-31 09:36:00-04:00,874.7999877929688,875.969970703125,873.3049926757812,875.969970703125,930,0.0,0.0
2024-07-31 09:37:00-04:00,874.0900268554688,874.5050048828125,874.0900268554688,874.5050048828125,425,0.0,0.0
2024-07-31 09:38:00-04:00,875.469970703125,875.469970703125,873.8900146484375,873.8900146484375,951,0.0,0.0
2024-07-31 09:39:00-04:00,874.9000244140625,874.9000244140625,874.4949951171875,874.4949951171875,995,0.0,0.0
2024-07-31 09:40:00-04:00,873.0399780273438,873.0399780273438,873.0399780273438,873.0399780273438,2169,0.0,0.0
2024-07-31 09:41:00-04:00,874.0999755859375,874.8900146484375,873.4500122070312,874.8900146484375,486,0.0,0.0
2024-07-31 09:42:00-04:00,873.8599853515625,873.8599853515625,873.8599853515625,873.8599853515625,328,0.0,0.0
2024-07-31 09:43:00-04:00,873.1699829101562,873.1699829101562,873.1699829101562,873.1699829101562,998,0.0,0.0
2024-07-31 09:44:00-04:00,873.9149780273438,873.9149780273438,872.5399780273438,872.5399780273438,658,0.0,0.0
2024-07-31 09:45:00-04:00,872.5399780273438,872.5399780273438,872.5399780273438,872.5399780273438,699,0.0,0.0
2024-07-31 09:46:00-04:00,872.5399780273438,872.5399780273438,872.5399780273438,872.5399780273438,347,0.0,0.0
2024-07-31 09:47:00-04:00,873.8099975585938,873.8099975585938,873.8099975585938,873.8099975585938,361,0.0,0.0
2024-07-31 09:48:00-04:00,874.0800170898438,874.1799926757812,873.9349975585938,873.9974975585938,2063,0.0,0.0
2024-07-31 09:49:00-04:00,873.9349975585938,875.0,873.5800170898438,875.0,2192,0.0,0.0
2024-07-31 09:50:00-04:00,874.35498046875,875.8400268554688,873.9600219726562,874.27001953125,1400,0.0,0.0
2024-07-31 09:51:00-04:00,874.1599731445312,874.469970703125,873.3400268554688,874.469970703125,1626,0.0,0.0
2024-07-31 09:52:00-04:00,873.4099731445312,874.2150268554688,873.22998046875,873.22998046875,2406,0.0,0.0
2024-07-31 09:53:00-04:00,873.5850219726562,873.7750244140625,873.5850219726562,873.7750244140625,877,0.0,0.0
2024-07-31 09:54:00-04:00,873.6099853515625,874.1649780273438,873.6099853515625,874.1649780273438,1251,0.0,0.0
2024-07-31 09:55:00-04:00,874.14501953125,874.14501953125,873.1300048828125,873.35498046875,1534,0.0,0.0
2024-07-31 09:56:00-04:00,872.635009765625,873.969970703125,872.6099853515625,872.6099853515625,1272,0.0,0.0
2024-07-31 09:57:00-04:00,871.9000244140625,872.1599731445312,871.9000244140625,872.1599731445312,815,0.0,0.0
2024-07-31 09:58:00-04:00,874.1400146484375,874.1400146484375,873.0250244140625,873.0250244140625,1682,0.0,0.0
2024-07-31 09:59:00-04:00,873.989990234375,873.989990234375,872.6799926757812,873.989990234375,1675,0.0,0.0
2024-07-31 10:00:00-04:00,874.4550170898438,874.4550170898438,874.25,874.25,884,0.0,0.0
2024-07-31 10:01:00-04:00,876.4099731445312,876.4099731445312,874.6599731445312,876.0,1133,0.0,0.0
2024-07-31 10:02:00-04:00,875.239990234375,876.010009765625,874.1668701171875,876.010009765625,1981,0.0,0.0
2024-07-31 10:03:00-04:00,875.9600219726562,875.9600219726562,875.9600219726562,875.9600219726562,1738,0.0,0.0
2024-07-31 10:04:00-04:00,873.9000244140625,874.465576171875,873.9000244140625,874.465576171875,665,0.0,0.0
2024-07-31 10:05:00-04:00,873.8099975585938,873.8099975585938,873.4349975585938,873.4349975585938,1366,0.0,0.0
2024-07-31 10:07:00-04:00,873.5800170898438,873.97998046875,872.9550170898438,873.1599731445312,1903,0.0,0.0
2024-07-31 10:08:00-04:00,873.5399780273438,873.5399780273438,873.5399780273438,873.5399780273438,3963,0.0,0.0
2024-07-31 10:10:00-04:00,873.6699829101562,873.6699829101562,873.6699829101562,873.6699829101562,669,0.0,0.0
2024-07-31 10:11:00-04:00,875.2999877929688,875.2999877929688,873.030029296875,874.3599853515625,1326,0.0,0.0
2024-07-31 10:12:00-04:00,875.530029296875,875.530029296875,875.530029296875,875.530029296875,639,0.0,0.0
2024-07-31 10:13:00-04:00,875.0,875.0,875.0,875.0,373,0.0,0.0
2024-07-31 10:14:00-04:00,874.0449829101562,874.0449829101562,874.0449829101562,874.0449829101562,384,0.0,0.0
2024-07-31 10:15:00-04:00,876.2000122070312,876.2000122070312,875.2100219726562,875.2100219726562,394,0.0,0.0
2024-07-31 10:16:00-04:00,875.5399780273438,875.5399780273438,874.989990234375,874.989990234375,850,0.0,0.0
2024-07-31 10:18:00-04:00,876.0278930664062,876.0278930664062,875.4650268554688,875.4650268554688,467,0.0,0.0
2024-07-31 10:19:00-04:00,875.2999877929688,875.2999877929688,875.2999877929688,875.2999877929688,474,0.0,0.0
2024-07-31 10:20:00-04:00,874.5349731445312,876.1900024414062,874.4949951171875,876.1900024414062,1388,0.0,0.0
2024-07-31 10:22:00-04:00,875.1300048828125,875.3599853515625,875.1300048828125,875.3599853515625,1194,0.0,0.0
2024-07-31 10:24:00-04:00,876.1799926757812,876.1799926757812,876.1799926757812,876.1799926757812,1480,0.0,0.0
2024-07-31 10:30:00-04:00,876.6500244140625,876.6799926757812,876.2050170898438,876.2050170898438,1135,0.0,0.0
2024-07-31 10:31:00-04:00,876.6900024414062,876.8699951171875,876.60498046875,876.60498046875,2209,0.0,0.0
2024-07-31 10:33:00-04:00,876.9349975585938,876.9349975585938,876.3599853515625,876.3599853515625,1720,0.0,0.0
2024-07-31 10:34:00-04:00,876.4199829101562,876.4400024414062,876.1254272460938,876.1254272460938,1018,0.0,0.0
2024-07-31 10:35:00-04:00,876.2999877929688,876.2999877929688,876.2999877929688,876.2999877929688,582,0.0,0.0
2024-07-31 10:36:00-04:00,875.9199829101562,875.9199829101562,875.9199829101562,875.9199829101562,308,0.0,0.0
2024-07-31 10:37:00-04:00,875.5999755859375,875.5999755859375,874.5900268554688,874.5900268554688,1500,0.0,0.0
2024-07-31 10:38:00-04:00,874.2899780273438,874.2899780273438,874.2899780273438,874.2899780273438,519,0.0,0.0
2024-07-31 10:39:00-04:00,873.9000244140625,873.9000244140625,873.9000244140625,873.9000244140625,378,0.0,0.0
2024-07-31 10:40:00-04:00,874.3900146484375,875.0999755859375,874.0499877929688,875.0999755859375,2336,0.0,0.0
2024-07-31 10:44:00-04:00,876.1099853515625,876.1099853515625,876.1099853515625,876.1099853515625,157,0.0,0.0
2024-07-31 10:45:00-04:00,875.4857177734375,875.4857177734375,875.4857177734375,875.4857177734375,1379,0.0,0.0
2024-07-31 10:47:00-04:00,874.10498046875,874.10498046875,874.10498046875,874.10498046875,274,0.0,0.0
2024-07-31 10:48:00-04:00,874.4400024414062,874.489990234375,874.4400024414062,874.489990234375,1132,0.0,0.0
2024-07-31 10:49:00-04:00,874.969970703125,874.969970703125,874.969970703125,874.969970703125,498,0.0,0.0
2024-07-31 10:50:00-04:00,874.1400146484375,874.89501953125,873.97998046875,873.97998046875,1183,0.0,0.0
2024-07-31 10:52:00-04:00,873.6699829101562,873.6699829101562,873.6699829101562,873.6699829101562,1868,0.0,0.0
2024-07-31 10:53:00-04:00,873.6799926757812,873.6799926757812,873.6799926757812,873.6799926757812,527,0.0,0.0
2024-07-31 10:55:00-04:00,874.6500244140625,874.6500244140625,873.6799926757812,873.6799926757812,890,0.0,0.0
2024-07-31 10:56:00-04:00,872.4400024414062,872.4400024414062,872.4400024414062,872.4400024414062,857,0.0,0.0
2024-07-31 10:57:00-04:00,874.780029296875,875.5087890625,874.780029296875,875.5087890625,1211,0.0,0.0
2024-07-31 10:58:00-04:00,874.4349975585938,874.4349975585938,874.4349975585938,874.4349975585938,620,0.0,0.0
2024-07-31 10:59:00-04:00,875.780029296875,875.905029296875,875.780029296875,875.905029296875,682,0.0,0.0
2024-07-31 11:00:00-04:00,875.510009765625,875.510009765625,874.530029296875,874.7449951171875,1080,0.0,0.0
2024-07-31 11:01:00-04:00,874.7449951171875,875.5700073242188,874.7449951171875,875.5700073242188,1013,0.0,0.0
2024-07-31 11:02:00-04:00,875.2249755859375,877.5,875.2249755859375,877.5,1399,0.0,0.0
2024-07-31 11:05:00-04:00,875.8400268554688,875.8400268554688,875.8099975585938,875.8099975585938,758,0.0,0.0
2024-07-31 11:07:00-04:00,876.5999755859375,877.1900024414062,875.75,877.1900024414062,824,0.0,0.0
2024-07-31 11:08:00-04:00,876.5999755859375,876.5999755859375,876.4749755859375,876.4749755859375,887,0.0,0.0
2024-07-31 11:09:00-04:00,876.469970703125,876.469970703125,875.75,875.75,1781,0.0,0.0
2024-07-31 11:12:00-04:00,875.0,876.4099731445312,875.0,876.3900146484375,1446,0.0,0.0
2024-07-31 11:13:00-04:00,876.3900146484375,876.4099731445312,876.239990234375,876.239990234375,1017,0.0,0.0
2024-07-31 11:15:00-04:00,876.14501953125,877.2999877929688,875.0,875.0,2621,0.0,0.0
2024-07-31 11:16:00-04:00,874.3400268554688,874.3400268554688,874.3400268554688,874.3400268554688,943,0.0,0.0
2024-07-31 11:17:00-04:00,875.3300170898438,875.3300170898438,875.3300170898438,875.3300170898438,332,0.0,0.0
2024-07-31 11:19:00-04:00,875.3350219726562,875.375,875.3350219726562,875.375,948,0.0,0.0
2024-07-31 11:21:00-04:00,875.6849975585938,875.6849975585938,875.6849975585938,875.6849975585938,102,0.0,0.0
2024-07-31 11:22:00-04:00,875.69677734375,875.69677734375,875.69677734375,875.69677734375,1042,0.0,0.0
2024-07-31 11:23:00-04:00,875.4299926757812,875.4299926757812,875.4299926757812,875.4299926757812,784,0.0,0.0
2024-07-31 11:24:00-04:00,875.9450073242188,875.9450073242188,875.9450073242188,875.9450073242188,466,0.0,0.0
2024-07-31 11:25:00-04:00,876.8350219726562,876.8350219726562,876.8300170898438,876.8300170898438,515,0.0,0.0
2024-07-31 11:27:00-04:00,876.1749877929688,876.1749877929688,876.1749877929688,876.1749877929688,468,0.0,0.0
2024-07-31 11:28:00-04:00,875.3200073242188,876.6699829101562,875.3200073242188,875.8400268554688,1085,0.0,0.0
2024-07-31 11:29:00-04:00,875.6950073242188,875.6950073242188,875.6950073242188,875.6950073242188,263,0.0,0.0
2024-07-31 11:30:00-04:00,876.219970703125,876.219970703125,876.219970703125,876.219970703125,847,0.0,0.0
2024-07-31 11:33:00-04:00,876.4299926757812,877.1099853515625,876.2899780273438,876.8300170898438,8925,0.0,0.0
2024-07-31 11:34:00-04:00,876.1199951171875,876.2100219726562,876.1199951171875,876.2100219726562,1495,0.0,0.0
2024-07-31 11:35:00-04:00,877.1099853515625,877.1099853515625,877.1099853515625,877.1099853515625,1086,0.0,0.0
2024-07-31 11:37:00-04:00,877.47998046875,877.7899780273438,877.3200073242188,877.780029296875,1286,0.0,0.0
2024-07-31 11:38:00-04:00,877.3300170898438,877.3400268554688,877.3300170898438,877.3400268554688,859,0.0,0.0
2024-07-31 11:39:00-04:00,877.0599975585938,877.0599975585938,877.0599975585938,877.0599975585938,548,0.0,0.0
2024-07-31 11:40:00-04:00,877.114990234375,877.114990234375,877.114990234375,877.114990234375,203,0.0,0.0
2024-07-31 11:41:00-04:00,877.6199951171875,877.6300048828125,877.6199951171875,877.6300048828125,725,0.0,0.0
2024-07-31 11:43:00-04:00,877.27001953125,877.989990234375,877.27001953125,877.989990234375,391,0.0,0.0
2024-07-31 11:44:00-04:00,877.989990234375,877.989990234375,877.625,877.625,1038,0.0,0.0
2024-07-31 11:46:00-04:00,877.625,878.1599731445312,877.625,878.1599731445312,1547,0.0,0.0
2024-07-31 11:47:00-04:00,878.0,878.1599731445312,878.0,878.1599731445312,1023,0.0,0.0
2024-07-31 11:49:00-04:00,877.780029296875,877.780029296875,877.780029296875,877.780029296875,351,0.0,0.0
2024-07-31 11:50:00-04:00,878.6889038085938,878.6889038085938,878.6889038085938,878.6889038085938,658,0.0,0.0
2024-07-31 11:52:00-04:00,877.1199951171875,877.1199951171875,877.1199951171875,877.1199951171875,488,0.0,0.0
2024-07-31 11:53:00-04:00,876.9349975585938,877.1699829101562,876.9349975585938,877.0,1518,0.0,0.0
2024-07-31 11:56:00-04:00,875.7904052734375,875.7904052734375,875.7904052734375,875.7904052734375,202,0.0,0.0
2024-07-31 11:57:00-04:00,876.7550048828125,877.0899047851562,876.7550048828125,877.0899047851562,700,0.0,0.0
2024-07-31 11:58:00-04:00,876.4849853515625,876.4849853515625,876.4849853515625,876.4849853515625,980,0.0,0.0
2024-07-31 12:00:00-04:00,877.0900268554688,877.3099975585938,877.0900268554688,877.3099975585938,1423,0.0,0.0
2024-07-31 12:04:00-04:00,876.8150024414062,876.8150024414062,876.8049926757812,876.8049926757812,770,0.0,0.0
2024-07-31 12:05:00-04:00,877.1849975585938,877.1849975585938,877.1849975585938,877.1849975585938,154,0.0,0.0
2024-07-31 12:06:00-04:00,876.97998046875,876.97998046875,876.97998046875,876.97998046875,407,0.0,0.0
2024-07-31 12:09:00-04:00,877.260009765625,877.260009765625,876.5150146484375,876.5850219726562,478,0.0,0.0
2024-07-31 12:10:00-04:00,876.5850219726562,877.4500122070312,876.5700073242188,877.4500122070312,1243,0.0,0.0
2024-07-31 12:12:00-04:00,876.905029296875,877.469970703125,876.905029296875,877.4600219726562,893,0.0,0.0
2024-07-31 12:13:00-04:00,877.5399780273438,877.5399780273438,877.5399780273438,877.5399780273438,154,0.0,0.0
2024-07-31 12:14:00-04:00,878.0449829101562,878.0449829101562,878.0449829101562,878.0449829101562,196,0.0,0.0
2024-07-31 12:15:00-04:00,876.8599853515625,876.8599853515625,876.8599853515625,876.8599853515625,211,0.0,0.0
2024-07-31 12:16:00-04:00,877.4650268554688,877.4650268554688,877.4650268554688,877.4650268554688,426,0.0,0.0
2024-07-31 12:18:00-04:00,877.8345947265625,877.9199829101562,877.5050048828125,877.5250244140625,813,0.0,0.0
2024-07-31 12:19:00-04:00,877.5449829101562,877.5449829101562,877.5449829101562,877.5449829101562,251,0.0,0.0
2024-07-31 12:21:00-04:00,877.6168212890625,878.0800170898438,877.6168212890625,877.9000244140625,1100,0.0,0.0
2024-07-31 12:22:00-04:00,877.9000244140625,877.9000244140625,877.8900146484375,877.8900146484375,777,0.0,0.0
2024-07-31 12:24:00-04:00,878.14501953125,878.14501953125,878.14501953125,878.14501953125,815,0.0,0.0
2024-07-31 12:25:00-04:00,877.5974731445312,877.5974731445312,877.5974731445312,877.5974731445312,1399,0.0,0.0
2024-07-31 12:30:00-04:00,878.4199829101562,878.4199829101562,878.4199829101562,878.4199829101562,711,0.0,0.0
2024-07-31 12:32:00-04:00,878.2100219726562,878.2100219726562,878.2100219726562,878.2100219726562,231,0.0,0.0
2024-07-31 12:33:00-04:00,878.2100219726562,878.6199951171875,878.2100219726562,878.6199951171875,685,0.0,0.0
2024-07-31 12:34:00-04:00,878.0399780273438,878.0399780273438,878.0399780273438,878.0399780273438,498,0.0,0.0
2024-07-31 12:35:00-04:00,878.030029296875,878.030029296875,878.030029296875,878.030029296875,374,0.0,0.0
2024-07-31 12:36:00-04:00,878.6400146484375,878.6400146484375,878.0750122070312,878.0750122070312,754,0.0,0.0
2024-07-31 12:37:00-04:00,878.344970703125,878.344970703125,878.344970703125,878.344970703125,210,0.0,0.0
2024-07-31 12:38:00-04:00,878.2949829101562,878.75,878.2949829101562,878.75,1208,0.0,0.0
2024-07-31 12:39:00-04:00,879.280029296875,879.3300170898438,878.625,879.3300170898438,2379,0.0,0.0
2024-07-31 12:40:00-04:00,879.1099853515625,879.2750244140625,878.8499755859375,878.9000244140625,2616,0.0,0.0
2024-07-31 12:41:00-04:00,879.1900024414062,879.280029296875,879.1900024414062,879.27001953125,1069,0.0,0.0
2024-07-31 12:42:00-04:00,878.9500122070312,878.9500122070312,878.9349975585938,878.9349975585938,1884,0.0,0.0
2024-07-31 12:44:00-04:00,879.22998046875,879.22998046875,879.22998046875,879.22998046875,208,0.0,0.0
2024-07-31 12:45:00-04:00,879.38037109375,879.38037109375,879.3099975585938,879.3099975585938,624,0.0,0.0
2024-07-31 12:46:00-04:00,879.489990234375,879.6849975585938,879.3699951171875,879.3699951171875,2345,0.0,0.0
2024-07-31 12:47:00-04:00,879.0999755859375,879.0999755859375,879.0999755859375,879.0999755859375,716,0.0,0.0
2024-07-31 12:49:00-04:00,879.5999755859375,879.5999755859375,879.5999755859375,879.5999755859375,858,0.0,0.0
2024-07-31 12:50:00-04:00,879.9000244140625,879.9000244140625,879.9000244140625,879.9000244140625,430,0.0,0.0
2024-07-31 12:51:00-04:00,879.9199829101562,879.9199829101562,879.9199829101562,879.9199829101562,618,0.0,0.0
2024-07-31 12:52:00-04:00,879.2999877929688,879.2999877929688,879.2999877929688,879.2999877929688,440,0.0,0.0
2024-07-31 12:54:00-04:00,878.9199829101562,878.9199829101562,878.6099853515625,878.6099853515625,1040,0.0,0.0
2024-07-31 12:56:00-04:00,879.1400146484375,879.1400146484375,879.1400146484375,879.1400146484375,599,0.0,0.0
2024-07-31 12:58:00-04:00,879.39501953125,879.4149780273438,879.39501953125,879.4149780273438,968,0.0,0.0
2024-07-31 12:59:00-04:00,878.7899780273438,878.7899780273438,878.780029296875,878.780029296875,612,0.0,0.0
2024-07-31 13:00:00-04:00,878.1749877929688,878.1749877929688,878.1500244140625,878.1500244140625,400,0.0,0.0
2024-07-31 13:01:00-04:00,878.1500244140625,878.1500244140625,878.1500244140625,878.1500244140625,598,0.0,0.0
2024-07-31 13:02:00-04:00,878.75,879.364990234375,878.5800170898438,878.5800170898438,1255,0.0,0.0
2024-07-31 13:05:00-04:00,878.5549926757812,878.5549926757812,878.5549926757812,878.5549926757812,624,0.0,0.0
2024-07-31 13:07:00-04:00,878.5549926757812,878.5549926757812,878.11669921875,878.5449829101562,1440,0.0,0.0
2024-07-31 13:08:00-04:00,878.5250244140625,878.5900268554688,878.3800048828125,878.3800048828125,993,0.0,0.0
2024-07-31 13:09:00-04:00,878.52001953125,878.52001953125,878.3800048828125,878.3800048828125,806,0.0,0.0
2024-07-31 13:10:00-04:00,878.3699951171875,878.3699951171875,878.3699951171875,878.3699951171875,1048,0.0,0.0
2024-07-31 13:16:00-04:00,877.7000122070312,877.7550048828125,877.7000122070312,877.7550048828125,1458,0.0,0.0
2024-07-31 13:17:00-04:00,877.344970703125,877.9199829101562,877.344970703125,877.9199829101562,929,0.0,0.0
2024-07-31 13:20:00-04:00,876.8699951171875,876.8699951171875,876.8699951171875,876.8699951171875,620,0.0,0.0
2024-07-31 13:22:00-04:00,876.8200073242188,876.8200073242188,876.8200073242188,876.8200073242188,523,0.0,0.0
2024-07-31 13:23:00-04:00,876.8200073242188,877.5,876.8200073242188,877.5,952,0.0,0.0
2024-07-31 13:24:00-04:00,877.405029296875,877.405029296875,877.405029296875,877.405029296875,814,0.0,0.0
2024-07-31 13:28:00-04:00,876.530029296875,876.530029296875,876.530029296875,876.530029296875,542,0.0,0.0
2024-07-31 13:29:00-04:00,877.405029296875,877.405029296875,877.405029296875,877.405029296875,255,0.0,0.0
2024-07-31 13:30:00-04:00,877.52001953125,877.52001953125,876.6699829101562,876.6699829101562,779,0.0,0.0
2024-07-31 13:31:00-04:00,876.260009765625,876.260009765625,876.10498046875,876.10498046875,1243,0.0,0.0
2024-07-31 13:32:00-04:00,874.9099731445312,874.9099731445312,874.9099731445312,874.9099731445312,406,0.0,0.0
2024-07-31 13:33:00-04:00,876.2750244140625,876.2750244140625,876.2750244140625,876.2750244140625,416,0.0,0.0
2024-07-31 13:34:00-04:00,875.739990234375,877.1199951171875,875.739990234375,876.989990234375,1110,0.0,0.0
2024-07-31 13:35:00-04:00,877.1699829101562,877.469970703125,877.1699829101562,877.469970703125,990,0.0,0.0
2024-07-31 13:36:00-04:00,877.1500244140625,877.1500244140625,877.1500244140625,877.1500244140625,808,0.0,0.0
2024-07-31 13:39:00-04:00,876.25,876.25,876.25,876.25,329,0.0,0.0
2024-07-31 13:41:00-04:00,876.7100219726562,876.7100219726562,876.7100219726562,876.7100219726562,308,0.0,0.0
2024-07-31 13:42:00-04:00,875.7449951171875,875.7449951171875,875.7449951171875,875.7449951171875,829,0.0,0.0
2024-07-31 13:45:00-04:00,875.6400146484375,875.6400146484375,875.6400146484375,875.6400146484375,899,0.0,0.0
2024-07-31 13:47:00-04:00,876.614990234375,876.614990234375,876.614990234375,876.614990234375,236,0.0,0.0
2024-07-31 13:48:00-04:00,876.0050048828125,877.4000244140625,875.9500122070312,877.4000244140625,768,0.0,0.0
2024-07-31 13:49:00-04:00,876.7249755859375,876.7249755859375,876.7249755859375,876.7249755859375,215,0.0,0.0
2024-07-31 13:50:00-04:00,876.7750244140625,876.7750244140625,876.7750244140625,876.7750244140625,611,0.0,0.0
2024-07-31 13:51:00-04:00,877.1699829101562,877.1699829101562,876.7999877929688,876.7999877929688,1748,0.0,0.0
2024-07-31 13:52:00-04:00,876.8400268554688,877.094970703125,876.8400268554688,877.094970703125,619,0.0,0.0
2024-07-31 13:53:00-04:00,877.4000244140625,877.4000244140625,877.4000244140625,877.4000244140625,670,0.0,0.0
2024-07-31 13:54:00-04:00,876.9949951171875,876.9949951171875,876.9949951171875,876.9949951171875,1233,0.0,0.0
2024-07-31 13:57:00-04:00,876.989990234375,876.989990234375,876.8400268554688,876.8400268554688,766,0.0,0.0
2024-07-31 13:58:00-04:00,876.7999877929688,876.7999877929688,876.0401000976562,876.0401000976562,1154,0.0,0.0
2024-07-31 13:59:00-04:00,876.9000244140625,876.9000244140625,876.9000244140625,876.9000244140625,1296,0.0,0.0
2024-07-31 14:00:00-04:00,874.9949951171875,875.3599853515625,874.9949951171875,875.3599853515625,991,0.0,0.0
2024-07-31 14:01:00-04:00,874.97998046875,874.97998046875,874.97998046875,874.97998046875,117,0.0,0.0
2024-07-31 14:02:00-04:00,875.9199829101562,875.9199829101562,875.9199829101562,875.9199829101562,558,0.0,0.0
2024-07-31 14:04:00-04:00,876.1199951171875,876.1199951171875,876.1199951171875,876.1199951171875,186,0.0,0.0
2024-07-31 14:05:00-04:00,877.0150146484375,877.0150146484375,875.6713256835938,875.6713256835938,826,0.0,0.0
2024-07-31 14:06:00-04:00,875.8900146484375,875.8900146484375,875.8350219726562,875.8350219726562,548,0.0,0.0
2024-07-31 14:07:00-04:00,876.7999877929688,876.7999877929688,875.989990234375,875.989990234375,528,0.0,0.0
2024-07-31 14:09:00-04:00,876.3499755859375,876.3499755859375,876.3499755859375,876.3499755859375,799,0.0,0.0
2024-07-31 14:11:00-04:00,876.6599731445312,878.9600219726562,876.6599731445312,878.4149780273438,9523,0.0,0.0
2024-07-31 14:13:00-04:00,877.8150024414062,877.8150024414062,877.6099853515625,877.6099853515625,1092,0.0,0.0
2024-07-31 14:15:00-04:00,878.2999877929688,878.2999877929688,878.2999877929688,878.2999877929688,258,0.0,0.0
2024-07-31 14:16:00-04:00,878.2999877929688,878.2999877929688,878.2899780273438,878.2899780273438,854,0.0,0.0
2024-07-31 14:17:00-04:00,879.0499877929688,879.1599731445312,879.0499877929688,879.1599731445312,1946,0.0,0.0
2024-07-31 14:18:00-04:00,879.0999755859375,879.1099853515625,879.010009765625,879.0399780273438,2127,0.0,0.0
2024-07-31 14:19:00-04:00,879.239990234375,879.97998046875,879.239990234375,879.97998046875,2683,0.0,0.0
2024-07-31 14:26:00-04:00,877.8099975585938,877.8099975585938,877.8099975585938,877.8099975585938,411,0.0,0.0
2024-07-31 14:27:00-04:00,878.299072265625,878.299072265625,878.299072265625,878.299072265625,1047,0.0,0.0
2024-07-31 14:30:00-04:00,878.1900024414062,878.1900024414062,878.1900024414062,878.1900024414062,233,0.0,0.0
2024-07-31 14:31:00-04:00,878.280029296875,878.97998046875,878.280029296875,878.97998046875,540,0.0,0.0
2024-07-31 14:32:00-04:00,879.25,879.3800048828125,879.2000122070312,879.3800048828125,778,0.0,0.0
2024-07-31 14:33:00-04:00,879.3400268554688,879.3400268554688,879.3400268554688,879.3400268554688,255,0.0,0.0
2024-07-31 14:34:00-04:00,879.6199951171875,879.6199951171875,879.6199951171875,879.6199951171875,136,0.0,0.0
2024-07-31 14:35:00-04:00,878.7650146484375,878.7650146484375,878.260009765625,878.260009765625,1820,0.0,0.0
2024-07-31 14:36:00-04:00,877.5800170898438,878.02001953125,877.4000244140625,878.02001953125,1674,0.0,0.0
2024-07-31 14:37:00-04:00,878.5599975585938,878.5599975585938,878.5599975585938,878.5599975585938,442,0.0,0.0
2024-07-31 14:38:00-04:00,878.2750244140625,878.2750244140625,878.2750244140625,878.2750244140625,350,0.0,0.0
2024-07-31 14:39:00-04:00,879.1099853515625,879.1099853515625,878.5599975585938,878.5599975585938,782,0.0,0.0
2024-07-31 14:40:00-04:00,879.1099853515625,879.2000122070312,879.1099853515625,879.2000122070312,470,0.0,0.0
2024-07-31 14:41:00-04:00,878.5200805664062,879.489990234375,878.5200805664062,879.2949829101562,3765,0.0,0.0
2024-07-31 14:42:00-04:00,879.97998046875,879.97998046875,879.010009765625,879.010009765625,1956,0.0,0.0
2024-07-31 14:43:00-04:00,879.4000244140625,879.4000244140625,879.4000244140625,879.4000244140625,263,0.0,0.0
2024-07-31 14:44:00-04:00,879.6199951171875,879.6199951171875,879.6199951171875,879.6199951171875,210,0.0,0.0
2024-07-31 14:45:00-04:00,880.39501953125,883.0,880.39501953125,882.3699951171875,12584,0.0,0.0
2024-07-31 14:46:00-04:00,882.2100219726562,882.2100219726562,882.1599731445312,882.1599731445312,1760,0.0,0.0
2024-07-31 14:48:00-04:00,882.8699951171875,882.8699951171875,881.8200073242188,882.114990234375,1138,0.0,0.0
2024-07-31 14:49:00-04:00,882.125,883.0,882.125,882.4299926757812,1077,0.0,0.0
2024-07-31 14:50:00-04:00,883.0349731445312,883.0349731445312,882.6599731445312,882.6599731445312,325,0.0,0.0
2024-07-31 14:51:00-04:00,882.0650024414062,883.280029296875,881.9949951171875,883.280029296875,1384,0.0,0.0
2024-07-31 14:52:00-04:00,883.1599731445312,883.8200073242188,883.1099853515625,883.3699951171875,1921,0.0,0.0
2024-07-31 14:53:00-04:00,883.8200073242188,883.8200073242188,883.8200073242188,883.8200073242188,918,0.0,0.0
2024-07-31 14:54:00-04:00,883.2999877929688,883.2999877929688,883.25,883.25,1007,0.0,0.0
2024-07-31 14:55:00-04:00,883.8350219726562,883.8350219726562,882.9400024414062,883.02001953125,3032,0.0,0.0
2024-07-31 14:57:00-04:00,883.989990234375,884.4199829101562,883.989990234375,884.4199829101562,839,0.0,0.0
2024-07-31 14:58:00-04:00,883.8250122070312,883.8250122070312,883.0700073242188,883.8250122070312,1366,0.0,0.0
2024-07-31 14:59:00-04:00,884.2650146484375,885.0999755859375,884.2650146484375,884.35498046875,5802,0.0,0.0
2024-07-31 15:00:00-04:00,884.4249877929688,884.4249877929688,884.4249877929688,884.4249877929688,1410,0.0,0.0
2024-07-31 15:01:00-04:00,884.030029296875,884.6199951171875,883.9650268554688,883.9650268554688,634,0.0,0.0
2024-07-31 15:02:00-04:00,884.2249755859375,884.280029296875,884.2249755859375,884.280029296875,874,0.0,0.0
2024-07-31 15:03:00-04:00,883.39501953125,884.1900024414062,883.3900146484375,884.114990234375,841,0.0,0.0
2024-07-31 15:04:00-04:00,884.0599975585938,884.0599975585938,883.239990234375,883.239990234375,2606,0.0,0.0
2024-07-31 15:05:00-04:00,882.1699829101562,882.375,882.1699829101562,882.375,2077,0.0,0.0
2024-07-31 15:06:00-04:00,882.0800170898438,882.0800170898438,882.0800170898438,882.0800170898438,346,0.0,0.0
2024-07-31 15:07:00-04:00,882.094970703125,882.094970703125,881.4099731445312,881.4299926757812,2018,0.0,0.0
2024-07-31 15:09:00-04:00,880.3900146484375,880.3900146484375,880.3900146484375,880.3900146484375,425,0.0,0.0
2024-07-31 15:10:00-04:00,880.2349853515625,880.3200073242188,880.1300048828125,880.1300048828125,649,0.0,0.0
2024-07-31 15:11:00-04:00,880.9400024414062,880.9400024414062,879.9299926757812,879.9299926757812,3563,0.0,0.0
2024-07-31 15:14:00-04:00,879.7650146484375,879.77001953125,879.7650146484375,879.77001953125,524,0.0,0.0
2024-07-31 15:15:00-04:00,879.7750244140625,879.7750244140625,879.7750244140625,879.7750244140625,761,0.0,0.0
2024-07-31 15:16:00-04:00,880.239990234375,880.7100219726562,880.030029296875,880.27001953125,2179,0.0,0.0
2024-07-31 15:17:00-04:00,879.9400024414062,880.4500122070312,879.75,880.4500122070312,2447,0.0,0.0
2024-07-31 15:18:00-04:00,879.8499755859375,879.8499755859375,878.9849853515625,878.9849853515625,2204,0.0,0.0
2024-07-31 15:19:00-04:00,878.9849853515625,878.9849853515625,876.7999877929688,876.7999877929688,2603,0.0,0.0
2024-07-31 15:20:00-04:00,877.8599853515625,878.2849731445312,877.7999877929688,877.7999877929688,2611,0.0,0.0
2024-07-31 15:21:00-04:00,878.2100219726562,878.5449829101562,878.2100219726562,878.385009765625,2223,0.0,0.0
2024-07-31 15:22:00-04:00,877.64501953125,877.64501953125,877.3300170898438,877.5888061523438,1326,0.0,0.0
2024-07-31 15:23:00-04:00,878.1400146484375,878.1400146484375,877.1099853515625,877.1099853515625,850,0.0,0.0
2024-07-31 15:24:00-04:00,877.5700073242188,877.5700073242188,876.5750122070312,876.625,2274,0.0,0.0
2024-07-31 15:25:00-04:00,876.625,876.625,876.1400146484375,876.6099853515625,1486,0.0,0.0
2024-07-31 15:26:00-04:00,876.4349975585938,876.4349975585938,876.1199951171875,876.3900146484375,1604,0.0,0.0
2024-07-31 15:27:00-04:00,876.2949829101562,876.469970703125,876.2874755859375,876.469970703125,1162,0.0,0.0
2024-07-31 15:28:00-04:00,876.2949829101562,876.2949829101562,875.6099853515625,875.6099853515625,1339,0.0,0.0
2024-07-31 15:29:00-04:00,875.6900024414062,876.4550170898438,875.6900024414062,875.7899780273438,2908,0.0,0.0
2024-07-31 15:30:00-04:00,874.77001953125,875.5150146484375,874.77001953125,875.3350219726562,1961,0.0,0.0
2024-07-31 15:31:00-04:00,875.2550048828125,875.2550048828125,874.1400146484375,874.2349853515625,3870,0.0,0.0
2024-07-31 15:32:00-04:00,874.1500244140625,875.4199829101562,874.1500244140625,875.4199829101562,2036,0.0,0.0
2024-07-31 15:33:00-04:00,875.6500244140625,875.6500244140625,875.4149780273438,875.4149780273438,1479,0.0,0.0
2024-07-31 15:34:00-04:00,876.0399780273438,876.4400024414062,875.4249877929688,876.1900024414062,1622,0.0,0.0
2024-07-31 15:35:00-04:00,876.5999755859375,877.02001953125,876.5999755859375,877.02001953125,914,0.0,0.0
2024-07-31 15:36:00-04:00,877.5700073242188,877.5700073242188,876.5800170898438,876.885009765625,1614,0.0,0.0
2024-07-31 15:37:00-04:00,876.52001953125,877.239990234375,876.469970703125,877.02001953125,2193,0.0,0.0
2024-07-31 15:38:00-04:00,876.8599853515625,877.0399780273438,876.260009765625,876.844970703125,1622,0.0,0.0
2024-07-31 15:39:00-04:00,875.8800048828125,877.4000244140625,875.8800048828125,877.4000244140625,1381,0.0,0.0
2024-07-31 15:40:00-04:00,877.9099731445312,877.9099731445312,877.9099731445312,877.9099731445312,438,0.0,0.0
2024-07-31 15:41:00-04:00,878.030029296875,878.2000122070312,877.385009765625,877.905029296875,3363,0.0,0.0
2024-07-31 15:42:00-04:00,877.2999877929688,878.1199951171875,877.2999877929688,878.1199951171875,2673,0.0,0.0
2024-07-31 15:43:00-04:00,878.2999877929688,878.5599975585938,878.030029296875,878.5474853515625,2529,0.0,0.0
2024-07-31 15:44:00-04:00,878.1599731445312,878.9600219726562,878.1599731445312,878.9400024414062,467,0.0,0.0
2024-07-31 15:45:00-04:00,878.8125,879.0800170898438,878.4199829101562,878.6950073242188,1496,0.0,0.0
2024-07-31 15:46:00-04:00,878.9000244140625,879.2550048828125,878.8300170898438,879.2550048828125,1127,0.0,0.0
2024-07-31 15:47:00-04:00,878.9299926757812,878.9299926757812,878.0700073242188,878.1199951171875,2716,0.0,0.0
2024-07-31 15:48:00-04:00,877.8599853515625,878.0999755859375,877.8599853515625,878.0999755859375,1011,0.0,0.0
2024-07-31 15:49:00-04:00,877.9749755859375,878.489990234375,877.9749755859375,878.1400146484375,1059,0.0,0.0
2024-07-31 15:50:00-04:00,878.6799926757812,879.75,878.510009765625,879.75,6984,0.0,0.0
2024-07-31 15:51:00-04:00,879.6099853515625,879.6099853515625,877.2349853515625,877.2349853515625,6190,0.0,0.0
2024-07-31 15:52:00-04:00,876.7100219726562,876.7100219726562,875.3800048828125,875.3800048828125,6186,0.0,0.0
2024-07-31 15:53:00-04:00,875.4299926757812,875.9000244140625,875.27001953125,875.8900146484375,4150,0.0,0.0
2024-07-31 15:54:00-04:00,875.9949951171875,876.8400268554688,875.9949951171875,876.8099975585938,8431,0.0,0.0
2024-07-31 15:55:00-04:00,877.030029296875,877.030029296875,875.6900024414062,875.9749755859375,8441,0.0,0.0
2024-07-31 15:56:00-04:00,875.6900024414062,876.219970703125,875.2999877929688,875.3900146484375,9068,0.0,0.0
2024-07-31 15:57:00-04:00,875.3499755859375,875.52001953125,874.8599853515625,874.989990234375,4629,0.0,0.0
2024-07-31 15:58:00-04:00,875.219970703125,876.9299926757812,874.7100219726562,876.8800048828125,28146,0.0,0.0
2024-07-31 15:59:00-04:00,876.9400024414062,877.5399780273438,876.2100219726562,877.1699829101562,66074,0.0,0.0
2024-08-01 09:30:00-04:00,880.0,881.3300170898438,880.0,881.3300170898438,7619,0.0,0.0
2024-08-01 09:32:00-04:00,882.0399780273438,884.6358032226562,881.9299926757812,884.6358032226562,1918,0.0,0.0
2024-08-01 09:33:00-04:00,882.47998046875,882.47998046875,882.47998046875,882.47998046875,599,0.0,0.0
2024-08-01 09:35:00-04:00,881.9550170898438,882.010009765625,881.9550170898438,882.010009765625,417,0.0,0.0
2024-08-01 09:36:00-04:00,883.8900146484375,883.9400024414062,883.8900146484375,883.9400024414062,874,0.0,0.0
2024-08-01 09:37:00-04:00,883.9749755859375,884.6699829101562,883.8049926757812,884.6599731445312,1583,0.0,0.0
2024-08-01 09:38:00-04:00,883.8099975585938,884.2999877929688,883.6199951171875,884.2999877929688,6625,0.0,0.0
2024-08-01 09:41:00-04:00,883.6900024414062,883.6900024414062,883.6900024414062,883.6900024414062,303,0.0,0.0
2024-08-01 09:42:00-04:00,882.3900146484375,882.3900146484375,882.3900146484375,882.3900146484375,945,0.0,0.0
2024-08-01 09:43:00-04:00,883.0,883.0,883.0,883.0,1886,0.0,0.0
2024-08-01 09:46:00-04:00,881.510009765625,881.510009765625,881.510009765625,881.510009765625,977,0.0,0.0
2024-08-01 09:47:00-04:00,881.1749877929688,881.3099975585938,881.1749877929688,881.3099975585938,324,0.0,0.0
2024-08-01 09:48:00-04:00,881.1749877929688,882.5399780273438,881.1749877929688,882.27001953125,2671,0.0,0.0
2024-08-01 09:49:00-04:00,882.6400146484375,882.6400146484375,880.4000244140625,880.780029296875,2270,0.0,0.0
2024-08-01 09:51:00-04:00,881.2650146484375,881.2650146484375,880.0,880.1900024414062,1086,0.0,0.0
2024-08-01 09:52:00-04:00,879.9199829101562,879.9199829101562,879.9199829101562,879.9199829101562,857,0.0,0.0
2024-08-01 09:54:00-04:00,879.5150146484375,879.5150146484375,879.5150146484375,879.5150146484375,185,0.0,0.0
2024-08-01 09:55:00-04:00,879.3800048828125,879.3800048828125,878.5700073242188,879.1500244140625,2122,0.0,0.0
2024-08-01 09:56:00-04:00,879.0700073242188,879.0700073242188,878.4600219726562,878.4600219726562,382,0.0,0.0
2024-08-01 09:57:00-04:00,879.9000244140625,879.9000244140625,878.719970703125,878.719970703125,812,0.0,0.0
2024-08-01 09:58:00-04:00,879.1400146484375,879.1400146484375,879.1400146484375,879.1400146484375,814,0.0,0.0
2024-08-01 09:59:00-04:00,878.5399780273438,878.77001953125,878.5399780273438,878.77001953125,609,0.0,0.0
2024-08-01 10:00:00-04:00,878.6900024414062,879.4650268554688,876.844970703125,876.844970703125,2049,0.0,0.0
2024-08-01 10:01:00-04:00,876.7100219726562,876.7100219726562,876.7100219726562,876.7100219726562,648,0.0,0.0
2024-08-01 10:02:00-04:00,876.75,877.0599975585938,876.75,877.0599975585938,1608,0.0,0.0
2024-08-01 10:03:00-04:00,877.0599975585938,877.3499755859375,876.239990234375,877.3499755859375,1758,0.0,0.0
2024-08-01 10:04:00-04:00,876.0800170898438,877.489990234375,876.0800170898438,877.489990234375,1282,0.0,0.0
2024-08-01 10:06:00-04:00,877.989990234375,877.989990234375,876.0399780273438,876.10498046875,6247,0.0,0.0
2024-08-01 10:07:00-04:00,875.8200073242188,876.3049926757812,873.9400024414062,874.625,3845,0.0,0.0
2024-08-01 10:08:00-04:00,875.1900024414062,875.35498046875,874.4600219726562,874.4600219726562,655,0.0,0.0
2024-08-01 10:09:00-04:00,874.6849975585938,874.760009765625,874.5,874.5,1921,0.0,0.0
2024-08-01 10:10:00-04:00,875.7150268554688,875.7150268554688,875.7150268554688,875.7150268554688,429,0.0,0.0
2024-08-01 10:11:00-04:00,875.3499755859375,875.469970703125,874.9000244140625,874.9000244140625,1013,0.0,0.0
2024-08-01 10:13:00-04:00,875.1400146484375,875.780029296875,875.1400146484375,875.5900268554688,1401,0.0,0.0
2024-08-01 10:16:00-04:00,876.1799926757812,876.1799926757812,876.1799926757812,876.1799926757812,316,0.0,0.0
2024-08-01 10:17:00-04:00,875.5900268554688,875.844970703125,875.5900268554688,875.844970703125,976,0.0,0.0
2024-08-01 10:19:00-04:00,876.1500244140625,876.280029296875,876.1500244140625,876.280029296875,735,0.0,0.0
2024-08-01 10:21:00-04:00,876.1799926757812,876.1799926757812,875.77001953125,876.1599731445312,2310,0.0,0.0
2024-08-01 10:23:00-04:00,876.219970703125,876.219970703125,874.4600219726562,875.010009765625,7308,0.0,0.0
2024-08-01 10:24:00-04:00,874.8250122070312,875.2999877929688,874.2775268554688,875.2999877929688,4313,0.0,0.0
2024-08-01 10:26:00-04:00,875.2100219726562,875.2100219726562,875.2100219726562,875.2100219726562,429,0.0,0.0
2024-08-01 10:27:00-04:00,875.25,875.25,875.2249755859375,875.2249755859375,1182,0.0,0.0
2024-08-01 10:28:00-04:00,875.2249755859375,875.2249755859375,875.0,875.0,836,0.0,0.0
2024-08-01 10:29:00-04:00,873.9400024414062,875.0150146484375,873.9400024414062,875.0150146484375,1251,0.0,0.0
2024-08-01 10:30:00-04:00,874.6900024414062,875.27001953125,874.0599975585938,875.02001953125,2768,0.0,0.0
2024-08-01 10:31:00-04:00,875.02001953125,875.02001953125,874.0,874.0,1729,0.0,0.0
2024-08-01 10:32:00-04:00,874.1099853515625,874.1099853515625,873.5864868164062,873.5864868164062,1908,0.0,0.0
2024-08-01 10:33:00-04:00,872.969970703125,873.030029296875,872.6649780273438,872.6649780273438,1452,0.0,0.0
2024-08-01 10:34:00-04:00,873.2750244140625,873.3900146484375,872.7349853515625,873.3900146484375,1270,0.0,0.0
2024-08-01 10:35:00-04:00,872.875,872.875,872.2000122070312,872.2000122070312,322,0.0,0.0
2024-08-01 10:36:00-04:00,871.9099731445312,871.9099731445312,870.8300170898438,870.8300170898438,1770,0.0,0.0
2024-08-01 10:37:00-04:00,871.0,871.0449829101562,870.3699951171875,870.3699951171875,1139,0.0,0.0
2024-08-01 10:38:00-04:00,869.8400268554688,870.9500122070312,869.3399047851562,870.9500122070312,3497,0.0,0.0
2024-08-01 10:39:00-04:00,871.0050048828125,871.0050048828125,870.2301025390625,870.6099853515625,2129,0.0,0.0
2024-08-01 10:40:00-04:00,870.3900146484375,870.3900146484375,870.3900146484375,870.3900146484375,688,0.0,0.0
2024-08-01 10:41:00-04:00,870.22998046875,870.22998046875,870.22998046875,870.22998046875,192,0.0,0.0
2024-08-01 10:42:00-04:00,870.1900024414062,870.5241088867188,869.8900146484375,870.5241088867188,1454,0.0,0.0
2024-08-01 10:43:00-04:00,869.5999755859375,869.5999755859375,869.5999755859375,869.5999755859375,873,0.0,0.0
2024-08-01 10:44:00-04:00,870.27001953125,870.27001953125,870.27001953125,870.27001953125,678,0.0,0.0
2024-08-01 10:45:00-04:00,870.0,870.219970703125,869.6099853515625,869.6099853515625,1114,0.0,0.0
2024-08-01 10:46:00-04:00,870.010009765625,870.9743041992188,869.8250122070312,870.7045288085938,4032,0.0,0.0
2024-08-01 10:47:00-04:00,870.5599975585938,870.7097778320312,870.5599975585938,870.7097778320312,983,0.0,0.0
2024-08-01 10:48:00-04:00,869.8800048828125,869.8800048828125,869.719970703125,869.719970703125,1106,0.0,0.0
2024-08-01 10:49:00-04:00,869.1799926757812,869.5800170898438,868.4400024414062,868.4400024414062,2640,0.0,0.0
2024-08-01 10:50:00-04:00,869.0050048828125,870.5549926757812,869.0050048828125,870.5549926757812,2286,0.0,0.0
2024-08-01 10:51:00-04:00,869.8699951171875,870.0999755859375,869.8699951171875,870.0999755859375,507,0.0,0.0
2024-08-01 10:52:00-04:00,870.10498046875,870.10498046875,870.10498046875,870.10498046875,304,0.0,0.0
2024-08-01 10:53:00-04:00,870.3900146484375,870.3900146484375,870.3900146484375,870.3900146484375,301,0.0,0.0
2024-08-01 10:54:00-04:00,869.6199951171875,869.6199951171875,869.6199951171875,869.6199951171875,215,0.0,0.0
2024-08-01 10:55:00-04:00,869.219970703125,869.219970703125,868.8900146484375,868.8900146484375,1730,0.0,0.0
2024-08-01 10:56:00-04:00,868.0499877929688,869.1300048828125,868.0,869.1300048828125,1577,0.0,0.0
2024-08-01 10:57:00-04:00,869.0700073242188,869.2100219726562,869.0700073242188,869.2100219726562,1216,0.0,0.0
2024-08-01 11:00:00-04:00,868.5750122070312,868.5750122070312,868.2849731445312,868.2849731445312,628,0.0,0.0
2024-08-01 11:02:00-04:00,868.1900024414062,868.780029296875,868.1900024414062,868.780029296875,1246,0.0,0.0
2024-08-01 11:03:00-04:00,868.7849731445312,868.7849731445312,867.5399780273438,867.5399780273438,1404,0.0,0.0
2024-08-01 11:04:00-04:00,867.8499755859375,867.969970703125,867.3499755859375,867.89501953125,1028,0.0,0.0
2024-08-01 11:05:00-04:00,867.469970703125,867.469970703125,866.2000122070312,866.260009765625,5082,0.0,0.0
2024-08-01 11:06:00-04:00,866.0,866.0,866.0,866.0,1175,0.0,0.0
2024-08-01 11:07:00-04:00,866.4600219726562,866.530029296875,866.2100219726562,866.530029296875,1443,0.0,0.0
2024-08-01 11:08:00-04:00,865.9299926757812,865.9299926757812,865.739990234375,865.739990234375,716,0.0,0.0
2024-08-01 11:09:00-04:00,866.8599853515625,866.8599853515625,866.8599853515625,866.8599853515625,567,0.0,0.0
2024-08-01 11:11:00-04:00,866.3250122070312,866.47998046875,866.2899780273438,866.47998046875,2058,0.0,0.0
2024-08-01 11:12:00-04:00,866.510009765625,866.510009765625,865.989990234375,865.989990234375,2200,0.0,0.0
2024-08-01 11:13:00-04:00,865.6300048828125,865.719970703125,864.260009765625,864.260009765625,2210,0.0,0.0
2024-08-01 11:14:00-04:00,865.0499877929688,865.260009765625,864.6500244140625,864.6500244140625,1933,0.0,0.0
2024-08-01 11:16:00-04:00,865.6900024414062,865.885009765625,865.6900024414062,865.885009765625,702,0.0,0.0
2024-08-01 11:17:00-04:00,866.2249755859375,866.2249755859375,866.2249755859375,866.2249755859375,306,0.0,0.0
2024-08-01 11:18:00-04:00,866.22998046875,866.6199951171875,865.530029296875,865.8900146484375,979,0.0,0.0
2024-08-01 11:19:00-04:00,866.0499877929688,866.0499877929688,866.0499877929688,866.0499877929688,399,0.0,0.0
2024-08-01 11:20:00-04:00,866.9699096679688,866.9699096679688,866.2899780273438,866.5599975585938,1678,0.0,0.0
2024-08-01 11:21:00-04:00,866.52001953125,866.52001953125,866.52001953125,866.52001953125,264,0.0,0.0
2024-08-01 11:22:00-04:00,865.8200073242188,865.8200073242188,865.6099853515625,865.6099853515625,843,0.0,0.0
2024-08-01 11:23:00-04:00,865.1500244140625,865.4299926757812,864.5399780273438,865.4299926757812,1436,0.0,0.0
2024-08-01 11:24:00-04:00,865.0,865.6099853515625,865.0,865.5700073242188,1277,0.0,0.0
2024-08-01 11:25:00-04:00,864.530029296875,864.530029296875,864.530029296875,864.530029296875,648,0.0,0.0
2024-08-01 11:26:00-04:00,864.4299926757812,865.1199951171875,864.4299926757812,864.969970703125,981,0.0,0.0
2024-08-01 11:27:00-04:00,865.1099853515625,865.1099853515625,864.969970703125,864.969970703125,1004,0.0,0.0
2024-08-01 11:29:00-04:00,864.489990234375,864.489990234375,863.9000244140625,864.0,1921,0.0,0.0
2024-08-01 11:30:00-04:00,864.0700073242188,864.0700073242188,863.7999877929688,863.7999877929688,1647,0.0,0.0
2024-08-01 11:32:00-04:00,863.7999877929688,864.6699829101562,863.7999877929688,864.6699829101562,1549,0.0,0.0
2024-08-01 11:33:00-04:00,864.6699829101562,864.7100219726562,864.6699829101562,864.7100219726562,850,0.0,0.0
2024-08-01 11:34:00-04:00,864.7100219726562,864.7100219726562,864.7100219726562,864.7100219726562,1154,0.0,0.0
2024-08-01 11:36:00-04:00,864.1599731445312,864.1599731445312,863.8200073242188,863.8200073242188,1648,0.0,0.0
2024-08-01 11:38:00-04:00,864.2750244140625,864.2750244140625,864.2750244140625,864.2750244140625,581,0.0,0.0
2024-08-01 11:39:00-04:00,863.9199829101562,864.4199829101562,863.9199829101562,864.4199829101562,1902,0.0,0.0
2024-08-01 11:40:00-04:00,864.0499877929688,864.280029296875,863.9299926757812,863.9299926757812,1826,0.0,0.0
2024-08-01 11:41:00-04:00,864.75,865.530029296875,864.75,865.530029296875,2881,0.0,0.0
2024-08-01 11:43:00-04:00,865.1400146484375,865.1400146484375,864.6599731445312,864.6599731445312,907,0.0,0.0
2024-08-01 11:44:00-04:00,864.9749755859375,864.9749755859375,864.9749755859375,864.9749755859375,636,0.0,0.0
2024-08-01 11:45:00-04:00,864.3400268554688,864.3400268554688,864.3400268554688,864.3400268554688,496,0.0,0.0
2024-08-01 11:46:00-04:00,864.8699951171875,864.8699951171875,864.8699951171875,864.8699951171875,371,0.0,0.0
2024-08-01 11:47:00-04:00,864.22998046875,864.2899780273438,863.3400268554688,863.3400268554688,5068,0.0,0.0
2024-08-01 11:48:00-04:00,863.6400146484375,863.7899780273438,863.4149780273438,863.4149780273438,1223,0.0,0.0
2024-08-01 11:50:00-04:00,863.5499877929688,863.8800048828125,863.1849975585938,863.6199951171875,2379,0.0,0.0
2024-08-01 11:51:00-04:00,863.10498046875,864.1599731445312,862.7000122070312,863.4299926757812,13354,0.0,0.0
2024-08-01 11:52:00-04:00,863.7999877929688,865.0399780273438,863.7999877929688,865.0399780273438,5601,0.0,0.0
2024-08-01 11:53:00-04:00,865.239990234375,865.25,865.1199951171875,865.25,4227,0.0,0.0
2024-08-01 11:54:00-04:00,865.4400024414062,865.5999755859375,865.4400024414062,865.5999755859375,617,0.0,0.0
2024-08-01 11:55:00-04:00,866.1950073242188,866.1950073242188,866.1950073242188,866.1950073242188,510,0.0,0.0
2024-08-01 11:56:00-04:00,866.1950073242188,866.1950073242188,866.1950073242188,866.1950073242188,305,0.0,0.0
2024-08-01 11:57:00-04:00,866.3200073242188,866.4199829101562,866.3200073242188,866.4199829101562,569,0.0,0.0
2024-08-01 11:58:00-04:00,866.8800048828125,866.8800048828125,865.969970703125,865.969970703125,2125,0.0,0.0
2024-08-01 12:00:00-04:00,866.2050170898438,866.2050170898438,866.2050170898438,866.2050170898438,411,0.0,0.0
2024-08-01 12:01:00-04:00,865.3800048828125,865.3800048828125,865.2999877929688,865.2999877929688,1050,0.0,0.0
2024-08-01 12:02:00-04:00,864.989990234375,864.989990234375,864.989990234375,864.989990234375,578,0.0,0.0
2024-08-01 12:03:00-04:00,866.1300048828125,866.1300048828125,866.1300048828125,866.1300048828125,651,0.0,0.0
2024-08-01 12:04:00-04:00,866.9400024414062,866.9400024414062,866.9400024414062,866.9400024414062,789,0.0,0.0
2024-08-01 12:05:00-04:00,866.9400024414062,866.9400024414062,866.9400024414062,866.9400024414062,1187,0.0,0.0
2024-08-01 12:08:00-04:00,867.3499755859375,867.3499755859375,867.3499755859375,867.3499755859375,586,0.0,0.0
2024-08-01 12:09:00-04:00,867.510009765625,867.510009765625,867.510009765625,867.510009765625,603,0.0,0.0
2024-08-01 12:10:00-04:00,867.510009765625,867.510009765625,867.510009765625,867.510009765625,420,0.0,0.0
2024-08-01 12:11:00-04:00,867.4949951171875,867.4949951171875,866.7000122070312,866.75,1329,0.0,0.0
2024-08-01 12:12:00-04:00,866.5399780273438,867.02001953125,866.5399780273438,867.02001953125,643,0.0,0.0
2024-08-01 12:13:00-04:00,866.4500122070312,866.4500122070312,866.4500122070312,866.4500122070312,507,0.0,0.0
2024-08-01 12:15:00-04:00,867.8800048828125,867.8800048828125,867.8800048828125,867.8800048828125,986,0.0,0.0
2024-08-01 12:16:00-04:00,868.9400024414062,868.9400024414062,868.8250122070312,868.8250122070312,398,0.0,0.0
2024-08-01 12:17:00-04:00,868.9400024414062,868.9400024414062,868.9400024414062,868.9400024414062,395,0.0,0.0
2024-08-01 12:18:00-04:00,868.9450073242188,868.9450073242188,868.9450073242188,868.9450073242188,1168,0.0,0.0
2024-08-01 12:21:00-04:00,867.4500122070312,867.4500122070312,867.4500122070312,867.4500122070312,835,0.0,0.0
2024-08-01 12:22:00-04:00,866.4174194335938,866.4174194335938,866.4174194335938,866.4174194335938,1567,0.0,0.0
2024-08-01 12:25:00-04:00,865.6400146484375,865.6400146484375,865.6400146484375,865.6400146484375,444,0.0,0.0
2024-08-01 12:26:00-04:00,867.3599853515625,867.3599853515625,867.3599853515625,867.3599853515625,380,0.0,0.0
2024-08-01 12:29:00-04:00,866.8900146484375,866.8900146484375,866.7999877929688,866.7999877929688,462,0.0,0.0
2024-08-01 12:30:00-04:00,866.9849853515625,866.9849853515625,866.1599731445312,866.1599731445312,379,0.0,0.0
2024-08-01 12:31:00-04:00,866.1500244140625,866.9849853515625,866.1500244140625,866.9849853515625,346,0.0,0.0
2024-08-01 12:32:00-04:00,866.9849853515625,866.9849853515625,866.9849853515625,866.9849853515625,894,0.0,0.0
2024-08-01 12:34:00-04:00,866.7150268554688,866.7150268554688,866.7150268554688,866.7150268554688,767,0.0,0.0
2024-08-01 12:37:00-04:00,865.969970703125,867.0250244140625,865.969970703125,867.0250244140625,1743,0.0,0.0
2024-08-01 12:40:00-04:00,865.8200073242188,865.8200073242188,865.8200073242188,865.8200073242188,128,0.0,0.0
2024-08-01 12:41:00-04:00,865.760009765625,865.77001953125,865.6400146484375,865.6400146484375,1631,0.0,0.0
2024-08-01 12:42:00-04:00,865.030029296875,865.27001953125,865.030029296875,865.27001953125,822,0.0,0.0
2024-08-01 12:43:00-04:00,865.8400268554688,865.8400268554688,865.8400268554688,865.8400268554688,649,0.0,0.0
2024-08-01 12:44:00-04:00,865.77001953125,865.77001953125,865.77001953125,865.77001953125,121,0.0,0.0
2024-08-01 12:45:00-04:00,866.655029296875,866.655029296875,865.6300048828125,865.6300048828125,333,0.0,0.0
2024-08-01 12:46:00-04:00,865.8699951171875,865.8699951171875,865.8699951171875,865.8699951171875,830,0.0,0.0
2024-08-01 12:47:00-04:00,865.7949829101562,865.7949829101562,865.7949829101562,865.7949829101562,161,0.0,0.0
2024-08-01 12:48:00-04:00,865.635009765625,866.0499877929688,865.635009765625,865.6400146484375,799,0.0,0.0
2024-08-01 12:49:00-04:00,865.5650024414062,865.5650024414062,864.7000122070312,864.7000122070312,1255,0.0,0.0
2024-08-01 12:50:00-04:00,864.8499755859375,864.8499755859375,864.8499755859375,864.8499755859375,435,0.0,0.0
2024-08-01 12:51:00-04:00,864.1199951171875,864.1199951171875,863.8200073242188,863.8200073242188,1226,0.0,0.0
2024-08-01 12:53:00-04:00,864.9000244140625,864.9000244140625,863.9849853515625,864.125,1534,0.0,0.0
2024-08-01 12:56:00-04:00,865.6599731445312,865.6599731445312,865.6599731445312,865.6599731445312,411,0.0,0.0
2024-08-01 12:57:00-04:00,865.344970703125,865.344970703125,864.7999877929688,865.3099975585938,839,0.0,0.0
2024-08-01 12:58:00-04:00,865.8300170898438,865.8300170898438,865.8300170898438,865.8300170898438,294,0.0,0.0
2024-08-01 12:59:00-04:00,865.2999877929688,865.2999877929688,865.2999877929688,865.2999877929688,768,0.0,0.0
2024-08-01 13:01:00-04:00,865.2999877929688,865.2999877929688,864.6400146484375,864.8099975585938,1276,0.0,0.0
2024-08-01 13:02:00-04:00,864.7697143554688,864.7697143554688,864.7697143554688,864.7697143554688,617,0.0,0.0
2024-08-01 13:03:00-04:00,864.7550048828125,865.7949829101562,864.7550048828125,865.2050170898438,1562,0.0,0.0
2024-08-01 13:05:00-04:00,865.3662719726562,865.3662719726562,865.1900024414062,865.1900024414062,300,0.0,0.0
2024-08-01 13:06:00-04:00,864.4400024414062,864.8975219726562,864.4400024414062,864.8975219726562,1708,0.0,0.0
2024-08-01 13:08:00-04:00,864.8250122070312,864.8250122070312,864.6409912109375,864.6409912109375,394,0.0,0.0
2024-08-01 13:09:00-04:00,864.6099853515625,864.6099853515625,864.489990234375,864.489990234375,928,0.0,0.0
2024-08-01 13:10:00-04:00,864.260009765625,864.260009765625,864.260009765625,864.260009765625,300,0.0,0.0
2024-08-01 13:11:00-04:00,864.8499755859375,864.8499755859375,864.5399780273438,864.8499755859375,602,0.0,0.0
2024-08-01 13:12:00-04:00,864.8499755859375,865.4400024414062,864.8499755859375,865.4400024414062,2138,0.0,0.0
2024-08-01 13:13:00-04:00,864.9299926757812,865.02001953125,864.9299926757812,865.02001953125,511,0.0,0.0
2024-08-01 13:14:00-04:00,864.9600219726562,864.9600219726562,864.2100219726562,864.22998046875,3630,0.0,0.0
2024-08-01 13:16:00-04:00,864.3699951171875,864.3699951171875,863.2100219726562,863.2100219726562,1699,0.0,0.0
2024-08-01 13:17:00-04:00,863.2100219726562,863.9400024414062,863.2100219726562,863.9400024414062,858,0.0,0.0
2024-08-01 13:18:00-04:00,864.0,864.2999877929688,863.75,863.8300170898438,960,0.0,0.0
2024-08-01 13:19:00-04:00,863.7349853515625,863.7349853515625,863.7349853515625,863.7349853515625,715,0.0,0.0
2024-08-01 13:22:00-04:00,863.8900146484375,863.8900146484375,863.8900146484375,863.8900146484375,466,0.0,0.0
2024-08-01 13:23:00-04:00,864.1099853515625,864.1099853515625,864.0650024414062,864.0650024414062,485,0.0,0.0
2024-08-01 13:24:00-04:00,864.1099853515625,864.510009765625,864.1099853515625,864.510009765625,1269,0.0,0.0
2024-08-01 13:25:00-04:00,864.1599731445312,864.2999877929688,864.0,864.0,3398,0.0,0.0
2024-08-01 13:26:00-04:00,863.8200073242188,864.22998046875,863.6599731445312,863.6599731445312,898,0.0,0.0
2024-08-01 13:27:00-04:00,863.969970703125,863.969970703125,863.6950073242188,863.6950073242188,782,0.0,0.0
2024-08-01 13:28:00-04:00,864.4249877929688,864.5,864.4249877929688,864.5,855,0.0,0.0
2024-08-01 13:29:00-04:00,864.2899780273438,864.2899780273438,864.1599731445312,864.1599731445312,1263,0.0,0.0
2024-08-01 13:30:00-04:00,863.5999755859375,863.5999755859375,863.27001953125,863.3800048828125,1480,0.0,0.0
2024-08-01 13:31:00-04:00,862.8499755859375,862.8699951171875,862.8499755859375,862.8699951171875,574,0.0,0.0
2024-08-01 13:32:00-04:00,863.4199829101562,863.4199829101562,863.4199829101562,863.4199829101562,528,0.0,0.0
2024-08-01 13:33:00-04:00,863.8300170898438,863.8300170898438,863.3200073242188,863.7899780273438,1155,0.0,0.0
2024-08-01 13:35:00-04:00,863.7349853515625,863.7349853515625,863.7349853515625,863.7349853515625,594,0.0,0.0
2024-08-01 13:36:00-04:00,863.2899780273438,863.7349853515625,863.2899780273438,863.7349853515625,643,0.0,0.0
2024-08-01 13:37:00-04:00,864.0700073242188,864.1099853515625,864.0700073242188,864.1099853515625,641,0.0,0.0
2024-08-01 13:38:00-04:00,864.5499877929688,864.5499877929688,864.5499877929688,864.5499877929688,373,0.0,0.0
2024-08-01 13:39:00-04:00,864.4849853515625,864.4849853515625,864.4849853515625,864.4849853515625,1301,0.0,0.0
2024-08-01 13:40:00-04:00,864.1400146484375,864.1400146484375,863.9600219726562,863.9600219726562,629,0.0,0.0
2024-08-01 13:41:00-04:00,864.239990234375,864.739990234375,864.2091064453125,864.5,2935,0.0,0.0
2024-08-01 13:43:00-04:00,864.5599975585938,864.5599975585938,864.5599975585938,864.5599975585938,553,0.0,0.0
2024-08-01 13:44:00-04:00,864.4349975585938,864.4349975585938,864.4349975585938,864.4349975585938,307,0.0,0.0
2024-08-01 13:45:00-04:00,864.4550170898438,864.4550170898438,864.4550170898438,864.4550170898438,266,0.0,0.0
2024-08-01 13:46:00-04:00,864.4550170898438,865.2999877929688,864.4550170898438,865.0050048828125,1316,0.0,0.0
2024-08-01 13:47:00-04:00,865.1799926757812,865.1799926757812,864.75,864.75,859,0.0,0.0
2024-08-01 13:48:00-04:00,865.135009765625,865.135009765625,865.135009765625,865.135009765625,154,0.0,0.0
2024-08-01 13:49:00-04:00,864.5850219726562,864.594970703125,864.1099853515625,864.2000122070312,2370,0.0,0.0
2024-08-01 13:50:00-04:00,864.3400268554688,864.469970703125,863.8900146484375,864.469970703125,1610,0.0,0.0
2024-08-01 13:51:00-04:00,864.5599975585938,864.719970703125,864.5599975585938,864.719970703125,1274,0.0,0.0
2024-08-01 13:52:00-04:00,864.77001953125,865.27001953125,864.77001953125,865.27001953125,1449,0.0,0.0
2024-08-01 13:53:00-04:00,865.27001953125,865.47998046875,865.27001953125,865.280029296875,908,0.0,0.0
2024-08-01 13:55:00-04:00,865.9500122070312,865.9500122070312,865.9500122070312,865.9500122070312,1430,0.0,0.0
2024-08-01 13:56:00-04:00,865.5449829101562,865.5449829101562,865.5449829101562,865.5449829101562,241,0.0,0.0
2024-08-01 13:57:00-04:00,865.2822265625,865.5599975585938,865.2822265625,865.5599975585938,554,0.0,0.0
2024-08-01 13:58:00-04:00,866.2000122070312,866.4400024414062,866.2000122070312,866.25,622,0.0,0.0
2024-08-01 13:59:00-04:00,866.4249877929688,866.4249877929688,866.4249877929688,866.4249877929688,1018,0.0,0.0
2024-08-01 14:00:00-04:00,867.2999877929688,867.2999877929688,866.6400146484375,867.0,3130,0.0,0.0
2024-08-01 14:01:00-04:00,866.864990234375,867.2899780273438,866.4199829101562,866.8200073242188,5612,0.0,0.0
2024-08-01 14:02:00-04:00,866.5800170898438,867.1892700195312,866.5800170898438,867.1892700195312,1441,0.0,0.0
2024-08-01 14:03:00-04:00,866.2000122070312,866.5499877929688,866.2000122070312,866.5499877929688,1008,0.0,0.0
2024-08-01 14:04:00-04:00,865.6799926757812,865.6799926757812,865.5999755859375,865.5999755859375,644,0.0,0.0
2024-08-01 14:06:00-04:00,865.9450073242188,865.9600219726562,865.9450073242188,865.9450073242188,602,0.0,0.0
2024-08-01 14:08:00-04:00,866.1799926757812,866.1799926757812,865.0999755859375,865.0999755859375,1994,0.0,0.0
2024-08-01 14:09:00-04:00,865.1099853515625,865.1099853515625,865.1099853515625,865.1099853515625,1021,0.0,0.0
2024-08-01 14:10:00-04:00,864.9099731445312,864.9450073242188,864.9099731445312,864.9450073242188,586,0.0,0.0
2024-08-01 14:11:00-04:00,865.0,865.0,865.0,865.0,805,0.0,0.0
2024-08-01 14:12:00-04:00,864.4099731445312,864.4099731445312,864.4099731445312,864.4099731445312,478,0.0,0.0
2024-08-01 14:14:00-04:00,864.7100219726562,865.219970703125,864.7100219726562,865.219970703125,1845,0.0,0.0
2024-08-01 14:15:00-04:00,865.219970703125,865.219970703125,865.219970703125,865.219970703125,233,0.0,0.0
2024-08-01 14:16:00-04:00,865.1411743164062,865.1411743164062,865.1411743164062,865.1411743164062,576,0.0,0.0
2024-08-01 14:17:00-04:00,864.5499877929688,864.5499877929688,864.530029296875,864.530029296875,786,0.0,0.0
2024-08-01 14:18:00-04:00,864.7650146484375,864.7650146484375,864.7650146484375,864.7650146484375,426,0.0,0.0
2024-08-01 14:19:00-04:00,865.1400146484375,865.1400146484375,865.1400146484375,865.1400146484375,481,0.0,0.0
2024-08-01 14:20:00-04:00,865.3300170898438,865.5900268554688,865.3200073242188,865.3200073242188,2452,0.0,0.0
2024-08-01 14:21:00-04:00,865.64501953125,865.64501953125,865.64501953125,865.64501953125,1146,0.0,0.0
2024-08-01 14:22:00-04:00,865.8599853515625,865.8800048828125,865.052490234375,865.052490234375,5648,0.0,0.0
2024-08-01 14:24:00-04:00,864.4500122070312,864.4500122070312,864.4500122070312,864.4500122070312,209,0.0,0.0
2024-08-01 14:25:00-04:00,864.3900146484375,864.3900146484375,863.5800170898438,863.5800170898438,2065,0.0,0.0
2024-08-01 14:27:00-04:00,862.6599731445312,862.6599731445312,862.6599731445312,862.6599731445312,493,0.0,0.0
2024-08-01 14:28:00-04:00,863.3599243164062,863.3599243164062,862.9099731445312,863.0700073242188,3113,0.0,0.0
2024-08-01 14:30:00-04:00,862.5999755859375,862.5999755859375,862.5999755859375,862.5999755859375,594,0.0,0.0
2024-08-01 14:31:00-04:00,862.7650146484375,862.7650146484375,862.1099853515625,862.1099853515625,491,0.0,0.0
2024-08-01 14:32:00-04:00,862.6649780273438,862.6649780273438,862.6649780273438,862.6649780273438,868,0.0,0.0
2024-08-01 14:34:00-04:00,862.4000244140625,862.4000244140625,862.4000244140625,862.4000244140625,415,0.0,0.0
2024-08-01 14:35:00-04:00,862.8499755859375,862.8499755859375,862.8499755859375,862.8499755859375,910,0.0,0.0
2024-08-01 14:36:00-04:00,863.2050170898438,863.2050170898438,863.1950073242188,863.1950073242188,1049,0.0,0.0
2024-08-01 14:37:00-04:00,863.1950073242188,863.1950073242188,863.1950073242188,863.1950073242188,446,0.0,0.0
2024-08-01 14:38:00-04:00,863.0999755859375,863.0999755859375,863.0999755859375,863.0999755859375,426,0.0,0.0
2024-08-01 14:39:00-04:00,862.6300048828125,862.6300048828125,862.6300048828125,862.6300048828125,815,0.0,0.0
2024-08-01 14:40:00-04:00,863.9600219726562,863.9600219726562,863.9600219726562,863.9600219726562,132,0.0,0.0
2024-08-01 14:41:00-04:00,863.9650268554688,863.9650268554688,863.4400024414062,863.4400024414062,731,0.0,0.0
2024-08-01 14:42:00-04:00,863.260009765625,863.7849731445312,863.219970703125,863.219970703125,1821,0.0,0.0
2024-08-01 14:44:00-04:00,862.8049926757812,862.8049926757812,862.8049926757812,862.8049926757812,332,0.0,0.0
2024-08-01 14:45:00-04:00,861.9500122070312,861.9500122070312,861.9199829101562,861.9199829101562,1604,0.0,0.0
2024-08-01 14:46:00-04:00,861.8400268554688,861.8400268554688,861.5900268554688,861.5900268554688,410,0.0,0.0
2024-08-01 14:47:00-04:00,861.8350219726562,861.8350219726562,861.510009765625,861.510009765625,1063,0.0,0.0
2024-08-01 14:49:00-04:00,861.1500244140625,861.5900268554688,861.1500244140625,861.5900268554688,442,0.0,0.0
2024-08-01 14:50:00-04:00,861.0900268554688,861.1569213867188,861.0900268554688,861.1569213867188,618,0.0,0.0
2024-08-01 14:51:00-04:00,861.530029296875,862.239990234375,861.4749755859375,862.239990234375,2128,0.0,0.0
2024-08-01 14:52:00-04:00,862.0499877929688,862.0499877929688,862.0499877929688,862.0499877929688,231,0.0,0.0
2024-08-01 14:53:00-04:00,862.0499877929688,862.0499877929688,862.0499877929688,862.0499877929688,527,0.0,0.0
2024-08-01 14:54:00-04:00,861.4000244140625,861.4500122070312,861.4000244140625,861.4500122070312,881,0.0,0.0
2024-08-01 14:55:00-04:00,861.0900268554688,861.6099853515625,861.0900268554688,861.6099853515625,477,0.0,0.0
2024-08-01 14:56:00-04:00,861.6099853515625,861.6099853515625,861.6099853515625,861.6099853515625,840,0.0,0.0
2024-08-01 14:57:00-04:00,861.6749877929688,862.219970703125,861.6749877929688,862.219970703125,640,0.0,0.0
2024-08-01 14:58:00-04:00,862.1649780273438,862.22998046875,862.1649780273438,862.22998046875,383,0.0,0.0
2024-08-01 14:59:00-04:00,861.780029296875,861.780029296875,861.780029296875,861.780029296875,648,0.0,0.0
2024-08-01 15:00:00-04:00,861.7349853515625,861.7899780273438,861.280029296875,861.280029296875,1153,0.0,0.0
2024-08-01 15:01:00-04:00,861.1799926757812,861.1799926757812,861.1799926757812,861.1799926757812,1155,0.0,0.0
2024-08-01 15:02:00-04:00,861.8350219726562,861.8350219726562,861.8350219726562,861.8350219726562,254,0.0,0.0
2024-08-01 15:04:00-04:00,861.8049926757812,861.8049926757812,861.5800170898438,861.5800170898438,337,0.0,0.0
2024-08-01 15:05:00-04:00,861.8150024414062,861.9099731445312,861.6500244140625,861.6500244140625,1559,0.0,0.0
2024-08-01 15:06:00-04:00,861.1799926757812,861.5499877929688,860.8400268554688,860.8400268554688,3488,0.0,0.0
2024-08-01 15:07:00-04:00,860.3200073242188,860.3200073242188,860.3200073242188,860.3200073242188,1573,0.0,0.0
2024-08-01 15:09:00-04:00,860.47998046875,861.030029296875,860.3300170898438,861.030029296875,3214,0.0,0.0
2024-08-01 15:10:00-04:00,861.8599853515625,862.0900268554688,861.1599731445312,862.0900268554688,1267,0.0,0.0
2024-08-01 15:11:00-04:00,862.010009765625,862.010009765625,862.010009765625,862.010009765625,392,0.0,0.0
2024-08-01 15:12:00-04:00,861.9199829101562,862.2000122070312,861.9199829101562,862.2000122070312,1297,0.0,0.0
2024-08-01 15:13:00-04:00,862.39501953125,862.39501953125,862.39501953125,862.39501953125,573,0.0,0.0
2024-08-01 15:14:00-04:00,862.39501953125,862.39501953125,861.9099731445312,861.9099731445312,544,0.0,0.0
2024-08-01 15:15:00-04:00,861.7000122070312,861.8350219726562,861.7000122070312,861.8350219726562,1026,0.0,0.0
2024-08-01 15:16:00-04:00,861.6400146484375,861.6400146484375,861.6400146484375,861.6400146484375,557,0.0,0.0
2024-08-01 15:17:00-04:00,861.4299926757812,861.4299926757812,861.4299926757812,861.4299926757812,149,0.0,0.0
2024-08-01 15:18:00-04:00,861.3400268554688,861.3400268554688,861.3400268554688,861.3400268554688,1184,0.0,0.0
2024-08-01 15:19:00-04:00,861.4149780273438,861.4149780273438,860.9099731445312,860.9099731445312,889,0.0,0.0
2024-08-01 15:20:00-04:00,861.64501953125,861.77001953125,861.4500122070312,861.5,1464,0.0,0.0
2024-08-01 15:21:00-04:00,861.9199829101562,862.1300048828125,861.75,862.1300048828125,964,0.0,0.0
2024-08-01 15:22:00-04:00,862.0700073242188,862.125,862.0599975585938,862.0599975585938,853,0.0,0.0
2024-08-01 15:23:00-04:00,862.0599975585938,862.0599975585938,861.6099853515625,861.6099853515625,684,0.0,0.0
2024-08-01 15:24:00-04:00,861.9299926757812,861.9299926757812,861.489990234375,861.489990234375,587,0.0,0.0
2024-08-01 15:25:00-04:00,862.0399780273438,862.0399780273438,862.0399780273438,862.0399780273438,684,0.0,0.0
2024-08-01 15:26:00-04:00,861.9299926757812,862.8200073242188,861.9299926757812,862.8200073242188,1256,0.0,0.0
2024-08-01 15:27:00-04:00,862.8200073242188,862.8200073242188,862.8200073242188,862.8200073242188,880,0.0,0.0
2024-08-01 15:28:00-04:00,862.1799926757812,862.1799926757812,861.760009765625,861.9550170898438,2427,0.0,0.0
2024-08-01 15:29:00-04:00,862.25,862.52001953125,862.25,862.3599853515625,982,0.0,0.0
2024-08-01 15:30:00-04:00,862.6715087890625,863.0700073242188,862.6715087890625,863.0399780273438,841,0.0,0.0
2024-08-01 15:31:00-04:00,863.1099853515625,863.6649780273438,863.1099853515625,863.6649780273438,2111,0.0,0.0
2024-08-01 15:32:00-04:00,863.5,863.5,863.5,863.5,672,0.0,0.0
2024-08-01 15:33:00-04:00,863.625,863.625,863.6199951171875,863.6199951171875,1095,0.0,0.0
2024-08-01 15:34:00-04:00,863.989990234375,864.1199951171875,863.97998046875,864.1199951171875,2140,0.0,0.0
2024-08-01 15:35:00-04:00,863.9000244140625,864.3624877929688,863.5999755859375,863.5999755859375,1413,0.0,0.0
2024-08-01 15:36:00-04:00,863.9000244140625,864.9199829101562,863.9000244140625,864.9199829101562,2464,0.0,0.0
2024-08-01 15:37:00-04:00,864.5250244140625,864.9299926757812,864.5250244140625,864.9299926757812,541,0.0,0.0
2024-08-01 15:38:00-04:00,864.8499755859375,865.1799926757812,864.8499755859375,865.1749877929688,2965,0.0,0.0
2024-08-01 15:39:00-04:00,865.530029296875,865.530029296875,865.1749877929688,865.1749877929688,1356,0.0,0.0
2024-08-01 15:40:00-04:00,865.135009765625,865.135009765625,864.5900268554688,864.989990234375,5098,0.0,0.0
2024-08-01 15:41:00-04:00,864.760009765625,865.4299926757812,864.7550048828125,865.4299926757812,4505,0.0,0.0
2024-08-01 15:42:00-04:00,865.469970703125,865.5650024414062,865.3499755859375,865.5650024414062,2350,0.0,0.0
2024-08-01 15:43:00-04:00,865.5250244140625,865.5250244140625,865.4949951171875,865.4949951171875,1370,0.0,0.0
2024-08-01 15:44:00-04:00,865.489990234375,865.7750244140625,865.3300170898438,865.4500122070312,2069,0.0,0.0
2024-08-01 15:45:00-04:00,865.719970703125,866.0,865.719970703125,865.8350219726562,2336,0.0,0.0
2024-08-01 15:46:00-04:00,865.8250122070312,866.3200073242188,865.8250122070312,865.9500122070312,2698,0.0,0.0
2024-08-01 15:47:00-04:00,866.4400024414062,866.4400024414062,866.2949829101562,866.3200073242188,1982,0.0,0.0
2024-08-01 15:48:00-04:00,866.5599975585938,866.5599975585938,865.9600219726562,866.1400146484375,3207,0.0,0.0
2024-08-01 15:49:00-04:00,866.2750244140625,866.6900024414062,865.9600219726562,865.9600219726562,4367,0.0,0.0
2024-08-01 15:50:00-04:00,866.364990234375,866.9099731445312,866.364990234375,866.719970703125,5451,0.0,0.0
2024-08-01 15:51:00-04:00,866.9000244140625,867.1799926757812,866.6500244140625,867.1799926757812,1579,0.0,0.0
2024-08-01 15:52:00-04:00,867.1799926757812,867.280029296875,865.8599853515625,865.8599853515625,3311,0.0,0.0
2024-08-01 15:53:00-04:00,865.8800048828125,865.8800048828125,864.97998046875,864.97998046875,3010,0.0,0.0
2024-08-01 15:54:00-04:00,864.6599731445312,864.6599731445312,863.510009765625,863.510009765625,1677,0.0,0.0
2024-08-01 15:55:00-04:00,863.7000122070312,864.5499877929688,863.7000122070312,864.4149780273438,7408,0.0,0.0
2024-08-01 15:56:00-04:00,864.2999877929688,865.1500244140625,864.2249755859375,865.1500244140625,6827,0.0,0.0
2024-08-01 15:57:00-04:00,865.0999755859375,865.530029296875,864.8800048828125,864.8800048828125,3909,0.0,0.0
2024-08-01 15:58:00-04:00,864.8800048828125,865.3400268554688,864.8800048828125,864.969970703125,10119,0.0,0.0
2024-08-01 15:59:00-04:00,864.9099731445312,865.3400268554688,864.5,865.030029296875,15774,0.0,0.0
2024-08-02 09:30:00-04:00,855.0,855.0,855.0,855.0,11888,0.0,0.0
2024-08-02 09:31:00-04:00,851.989990234375,852.0,850.0,850.0,2426,0.0,0.0
2024-08-02 09:32:00-04:00,851.7000122070312,851.7000122070312,851.7000122070312,851.7000122070312,313,0.0,0.0
2024-08-02 09:33:00-04:00,852.22998046875,853.219970703125,852.22998046875,853.219970703125,1105,0.0,0.0
2024-08-02 09:34:00-04:00,851.4000244140625,851.989990234375,851.4000244140625,851.989990234375,681,0.0,0.0
2024-08-02 09:35:00-04:00,851.989990234375,851.989990234375,850.25,850.25,2324,0.0,0.0
2024-08-02 09:37:00-04:00,850.4500122070312,850.4500122070312,849.236328125,849.236328125,1103,0.0,0.0
2024-08-02 09:38:00-04:00,849.6599731445312,851.3300170898438,849.6599731445312,850.4724731445312,2087,0.0,0.0
2024-08-02 09:39:00-04:00,849.8699951171875,851.469970703125,849.8699951171875,850.489990234375,1148,0.0,0.0
2024-08-02 09:40:00-04:00,850.5,850.5,850.5,850.5,853,0.0,0.0
2024-08-02 09:41:00-04:00,850.9400024414062,851.2100219726562,850.3524780273438,850.4650268554688,2366,0.0,0.0
2024-08-02 09:42:00-04:00,851.0,851.0,850.02001953125,850.02001953125,1090,0.0,0.0
2024-08-02 09:43:00-04:00,852.5850219726562,852.5850219726562,849.357421875,850.875,823,0.0,0.0
2024-08-02 09:44:00-04:00,849.0,853.25,849.0,852.989990234375,6152,0.0,0.0
2024-08-02 09:46:00-04:00,852.8400268554688,853.1300048828125,851.9349975585938,853.1300048828125,1515,0.0,0.0
2024-08-02 09:48:00-04:00,851.9299926757812,853.4099731445312,851.9299926757812,853.4099731445312,834,0.0,0.0
2024-08-02 09:49:00-04:00,854.9500122070312,855.4500122070312,852.9219970703125,854.9500122070312,1865,0.0,0.0
2024-08-02 09:51:00-04:00,855.1275024414062,855.1275024414062,855.114990234375,855.114990234375,1623,0.0,0.0
2024-08-02 09:53:00-04:00,854.8599853515625,854.8599853515625,853.6699829101562,854.469970703125,1705,0.0,0.0
2024-08-02 09:54:00-04:00,855.22998046875,855.27001953125,854.8599853515625,855.27001953125,2074,0.0,0.0
2024-08-02 09:55:00-04:00,854.6099853515625,854.7000122070312,854.5900268554688,854.5900268554688,1630,0.0,0.0
2024-08-02 09:56:00-04:00,856.0050048828125,856.0499877929688,855.3350219726562,855.3350219726562,1065,0.0,0.0
2024-08-02 09:57:00-04:00,856.135009765625,856.135009765625,855.3599853515625,855.4697265625,2111,0.0,0.0
2024-08-02 09:59:00-04:00,856.989990234375,856.989990234375,855.3800048828125,855.7849731445312,1505,0.0,0.0
2024-08-02 10:00:00-04:00,854.7100219726562,854.7100219726562,854.6099853515625,854.6099853515625,1593,0.0,0.0
2024-08-02 10:01:00-04:00,856.5549926757812,856.5549926757812,856.5549926757812,856.5549926757812,1055,0.0,0.0
2024-08-02 10:02:00-04:00,856.22998046875,856.9949951171875,855.739990234375,856.0800170898438,769,0.0,0.0
2024-08-02 10:03:00-04:00,856.0599975585938,856.0599975585938,856.0599975585938,856.0599975585938,721,0.0,0.0
2024-08-02 10:04:00-04:00,857.489990234375,858.2000122070312,856.7949829101562,858.2000122070312,1974,0.0,0.0
2024-08-02 10:05:00-04:00,856.6849975585938,856.6849975585938,855.0,855.3200073242188,4002,0.0,0.0
2024-08-02 10:06:00-04:00,854.3099975585938,855.6099853515625,854.3099975585938,855.6099853515625,1211,0.0,0.0
2024-08-02 10:07:00-04:00,853.1199951171875,853.6500244140625,852.8250122070312,852.8250122070312,1807,0.0,0.0
2024-08-02 10:08:00-04:00,852.9400024414062,853.0349731445312,852.4400024414062,852.5750122070312,974,0.0,0.0
2024-08-02 10:09:00-04:00,852.010009765625,852.010009765625,849.3900146484375,849.3900146484375,4871,0.0,0.0
2024-08-02 10:10:00-04:00,849.6799926757812,849.7550048828125,848.989990234375,848.989990234375,3591,0.0,0.0
2024-08-02 10:11:00-04:00,848.4500122070312,848.4500122070312,847.9461059570312,847.9461059570312,1770,0.0,0.0
2024-08-02 10:12:00-04:00,848.47998046875,848.47998046875,847.4500122070312,847.4500122070312,1597,0.0,0.0
2024-08-02 10:13:00-04:00,847.47998046875,847.47998046875,846.5999755859375,846.5999755859375,3426,0.0,0.0
2024-08-02 10:14:00-04:00,846.2050170898438,846.2050170898438,846.1300048828125,846.1300048828125,1228,0.0,0.0
2024-08-02 10:15:00-04:00,847.0800170898438,847.0800170898438,847.0800170898438,847.0800170898438,1163,0.0,0.0
2024-08-02 10:17:00-04:00,847.260009765625,847.7650146484375,847.260009765625,847.4500122070312,516,0.0,0.0
2024-08-02 10:18:00-04:00,847.9600219726562,847.9600219726562,846.6099853515625,846.6099853515625,3293,0.0,0.0
2024-08-02 10:19:00-04:00,848.3200073242188,848.3200073242188,846.3499755859375,846.3499755859375,764,0.0,0.0
2024-08-02 10:20:00-04:00,845.739990234375,845.739990234375,845.739990234375,845.739990234375,755,0.0,0.0
2024-08-02 10:21:00-04:00,845.260009765625,845.260009765625,845.25,845.25,1374,0.0,0.0
2024-08-02 10:22:00-04:00,846.1699829101562,847.0900268554688,845.1649780273438,845.1649780273438,2036,0.0,0.0
2024-08-02 10:23:00-04:00,844.9199829101562,845.4949951171875,844.9199829101562,845.4949951171875,444,0.0,0.0
2024-08-02 10:24:00-04:00,845.5399780273438,845.5399780273438,844.1900024414062,844.4199829101562,1496,0.0,0.0
2024-08-02 10:25:00-04:00,844.8499755859375,845.5399780273438,843.9299926757812,843.9299926757812,3769,0.0,0.0
2024-08-02 10:27:00-04:00,844.2999877929688,846.1318969726562,844.2249755859375,844.6749877929688,1667,0.0,0.0
2024-08-02 10:28:00-04:00,845.760009765625,845.760009765625,845.75,845.75,295,0.0,0.0
2024-08-02 10:29:00-04:00,845.8300170898438,845.8300170898438,845.4600219726562,845.5,2219,0.0,0.0
2024-08-02 10:31:00-04:00,847.0900268554688,847.0900268554688,847.0900268554688,847.0900268554688,204,0.0,0.0
2024-08-02 10:32:00-04:00,847.2100219726562,848.72998046875,847.2100219726562,848.72998046875,1001,0.0,0.0
2024-08-02 10:33:00-04:00,847.9299926757812,847.9299926757812,847.9299926757812,847.9299926757812,858,0.0,0.0
2024-08-02 10:34:00-04:00,847.469970703125,847.469970703125,847.469970703125,847.469970703125,789,0.0,0.0
2024-08-02 10:35:00-04:00,847.9000244140625,847.9000244140625,847.1099853515625,847.1099853515625,975,0.0,0.0
2024-08-02 10:36:00-04:00,848.2449951171875,848.2449951171875,847.1900024414062,847.52001953125,4271,0.0,0.0
2024-08-02 10:37:00-04:00,847.280029296875,847.3400268554688,847.2750244140625,847.2750244140625,1453,0.0,0.0
2024-08-02 10:38:00-04:00,847.2750244140625,847.3074951171875,846.6500244140625,847.0150146484375,2409,0.0,0.0
2024-08-02 10:39:00-04:00,847.0150146484375,847.0150146484375,847.0150146484375,847.0150146484375,569,0.0,0.0
2024-08-02 10:40:00-04:00,847.1599731445312,847.1599731445312,847.1599731445312,847.1599731445312,567,0.0,0.0
2024-08-02 10:41:00-04:00,846.719970703125,847.0250244140625,846.719970703125,847.0250244140625,1464,0.0,0.0
2024-08-02 10:42:00-04:00,846.27001953125,846.4625244140625,845.4500122070312,846.4210205078125,2495,0.0,0.0
2024-08-02 10:43:00-04:00,845.8800048828125,846.094970703125,845.4600219726562,845.9400024414062,1553,0.0,0.0
2024-08-02 10:44:00-04:00,845.1300048828125,845.9299926757812,844.880126953125,845.8499755859375,796,0.0,0.0
2024-08-02 10:45:00-04:00,845.0800170898438,845.6599731445312,844.8800048828125,845.6599731445312,779,0.0,0.0
2024-08-02 10:46:00-04:00,846.0,846.135009765625,845.1688232421875,845.786376953125,931,0.0,0.0
2024-08-02 10:47:00-04:00,845.3400268554688,845.4400024414062,845.3400268554688,845.4400024414062,581,0.0,0.0
2024-08-02 10:48:00-04:00,844.8900146484375,844.8900146484375,843.4400024414062,843.4600219726562,1150,0.0,0.0
2024-08-02 10:49:00-04:00,844.135009765625,845.3900146484375,844.0650024414062,845.3900146484375,2938,0.0,0.0
2024-08-02 10:50:00-04:00,845.8099975585938,845.8099975585938,845.8099975585938,845.8099975585938,361,0.0,0.0
2024-08-02 10:51:00-04:00,845.8499755859375,845.8499755859375,845.7999877929688,845.7999877929688,518,0.0,0.0
2024-08-02 10:52:00-04:00,846.0499877929688,846.0499877929688,845.7999877929688,845.7999877929688,1100,0.0,0.0
2024-08-02 10:53:00-04:00,846.77001953125,847.1199951171875,846.7100219726562,846.7100219726562,983,0.0,0.0
2024-08-02 10:54:00-04:00,846.6300048828125,846.6300048828125,846.6300048828125,846.6300048828125,1190,0.0,0.0
2024-08-02 10:56:00-04:00,845.4500122070312,846.25,844.7000122070312,846.25,2269,0.0,0.0
2024-08-02 10:57:00-04:00,845.6599731445312,845.6599731445312,845.6599731445312,845.6599731445312,835,0.0,0.0
2024-08-02 10:58:00-04:00,844.4749755859375,845.2999877929688,844.4749755859375,845.2999877929688,910,0.0,0.0
2024-08-02 10:59:00-04:00,844.8499755859375,844.8499755859375,844.8499755859375,844.8499755859375,373,0.0,0.0
2024-08-02 11:00:00-04:00,845.3300170898438,845.3300170898438,845.3300170898438,845.3300170898438,1056,0.0,0.0
2024-08-02 11:01:00-04:00,843.6599731445312,843.6599731445312,843.6599731445312,843.6599731445312,538,0.0,0.0
2024-08-02 11:02:00-04:00,843.4099731445312,843.4099731445312,842.989990234375,842.989990234375,425,0.0,0.0
2024-08-02 11:03:00-04:00,843.0,843.0,842.5999755859375,842.5999755859375,834,0.0,0.0
2024-08-02 11:04:00-04:00,842.609375,842.609375,842.609375,842.609375,802,0.0,0.0
2024-08-02 11:06:00-04:00,840.969970703125,842.489990234375,840.3699951171875,842.489990234375,2522,0.0,0.0
2024-08-02 11:07:00-04:00,842.1599731445312,842.1599731445312,842.1599731445312,842.1599731445312,1451,0.0,0.0
2024-08-02 11:10:00-04:00,842.8900146484375,842.8900146484375,842.8900146484375,842.8900146484375,263,0.0,0.0
2024-08-02 11:11:00-04:00,843.77001953125,843.77001953125,843.77001953125,843.77001953125,284,0.0,0.0
2024-08-02 11:12:00-04:00,843.6849975585938,843.6849975585938,843.6849975585938,843.6849975585938,1149,0.0,0.0
2024-08-02 11:13:00-04:00,843.98779296875,843.98779296875,842.1400146484375,842.1400146484375,1458,0.0,0.0
2024-08-02 11:15:00-04:00,843.139892578125,843.139892578125,843.139892578125,843.139892578125,490,0.0,0.0
2024-08-02 11:16:00-04:00,842.2449951171875,842.2449951171875,842.2449951171875,842.2449951171875,875,0.0,0.0
2024-08-02 11:20:00-04:00,842.4199829101562,842.4199829101562,842.239990234375,842.3250122070312,799,0.0,0.0
2024-08-02 11:21:00-04:00,842.1699829101562,842.1699829101562,841.4199829101562,841.4299926757812,1966,0.0,0.0
2024-08-02 11:22:00-04:00,840.6599731445312,840.7000122070312,840.6599731445312,840.7000122070312,786,0.0,0.0
2024-08-02 11:23:00-04:00,841.1599731445312,841.3699951171875,841.1199951171875,841.3699951171875,1894,0.0,0.0
2024-08-02 11:25:00-04:00,840.77001953125,841.6699829101562,840.6599731445312,840.6599731445312,1874,0.0,0.0
2024-08-02 11:27:00-04:00,839.4949951171875,840.6699829101562,839.2899780273438,840.3250122070312,2813,0.0,0.0
2024-08-02 11:28:00-04:00,840.4299926757812,840.4299926757812,840.4299926757812,840.4299926757812,460,0.0,0.0
2024-08-02 11:30:00-04:00,841.7510986328125,842.5599975585938,841.0001220703125,842.5599975585938,1898,0.0,0.0
2024-08-02 11:31:00-04:00,842.5499877929688,842.8200073242188,841.7957153320312,842.8200073242188,986,0.0,0.0
2024-08-02 11:32:00-04:00,843.0,843.3099975585938,843.0,843.3099975585938,928,0.0,0.0
2024-08-02 11:35:00-04:00,844.0250244140625,844.0250244140625,844.0250244140625,844.0250244140625,259,0.0,0.0
2024-08-02 11:36:00-04:00,844.3900146484375,845.4400024414062,844.3900146484375,845.4400024414062,828,0.0,0.0
2024-08-02 11:37:00-04:00,844.8400268554688,845.77001953125,844.8400268554688,845.77001953125,772,0.0,0.0
2024-08-02 11:38:00-04:00,846.0399780273438,846.0399780273438,844.1400756835938,844.1400756835938,2824,0.0,0.0
2024-08-02 11:40:00-04:00,845.0618286132812,846.3599853515625,845.0618286132812,846.0399780273438,1745,0.0,0.0
2024-08-02 11:41:00-04:00,845.719970703125,846.4600219726562,845.719970703125,846.4600219726562,2794,0.0,0.0
2024-08-02 11:42:00-04:00,845.5549926757812,846.0358276367188,845.5549926757812,845.6900024414062,819,0.0,0.0
2024-08-02 11:43:00-04:00,845.7899780273438,845.7899780273438,845.7899780273438,845.7899780273438,565,0.0,0.0
2024-08-02 11:44:00-04:00,845.5349731445312,845.5349731445312,845.5349731445312,845.5349731445312,449,0.0,0.0
2024-08-02 11:45:00-04:00,845.6500244140625,846.6099853515625,845.6500244140625,846.6099853515625,732,0.0,0.0
2024-08-02 11:46:00-04:00,846.7000122070312,846.7000122070312,846.3900146484375,846.5449829101562,757,0.0,0.0
2024-08-02 11:47:00-04:00,846.5449829101562,846.5449829101562,845.9199829101562,846.530029296875,1421,0.0,0.0
2024-08-02 11:49:00-04:00,846.47998046875,846.6649780273438,846.47998046875,846.6649780273438,1274,0.0,0.0
2024-08-02 11:50:00-04:00,847.489990234375,847.510009765625,847.489990234375,847.510009765625,613,0.0,0.0
2024-08-02 11:51:00-04:00,847.0850219726562,847.0850219726562,846.6950073242188,846.6950073242188,719,0.0,0.0
2024-08-02 11:52:00-04:00,845.9500122070312,845.9500122070312,845.8200073242188,845.8200073242188,1293,0.0,0.0
2024-08-02 11:53:00-04:00,846.4600219726562,846.4600219726562,846.4600219726562,846.4600219726562,694,0.0,0.0
2024-08-02 11:56:00-04:00,846.8099975585938,846.8099975585938,846.8099975585938,846.8099975585938,268,0.0,0.0
2024-08-02 11:57:00-04:00,846.5800170898438,846.5800170898438,846.5800170898438,846.5800170898438,482,0.0,0.0
2024-08-02 11:58:00-04:00,846.8049926757812,846.8049926757812,846.8049926757812,846.8049926757812,486,0.0,0.0
2024-08-02 11:59:00-04:00,845.760009765625,845.760009765625,845.760009765625,845.760009765625,2447,0.0,0.0
2024-08-02 12:09:00-04:00,846.6900024414062,846.6900024414062,846.6900024414062,846.6900024414062,318,0.0,0.0
2024-08-02 12:10:00-04:00,847.0449829101562,847.0449829101562,845.7000122070312,845.7000122070312,1406,0.0,0.0
2024-08-02 12:11:00-04:00,844.9600219726562,844.9600219726562,844.9600219726562,844.9600219726562,2125,0.0,0.0
2024-08-02 12:19:00-04:00,845.3499755859375,845.3499755859375,845.3200073242188,845.3200073242188,993,0.0,0.0
2024-08-02 12:20:00-04:00,846.1300048828125,847.0,846.1300048828125,847.0,754,0.0,0.0
2024-08-02 12:21:00-04:00,846.489990234375,847.7879028320312,846.489990234375,846.489990234375,2515,0.0,0.0
2024-08-02 12:22:00-04:00,846.1300048828125,846.489990234375,845.9299926757812,845.9299926757812,1650,0.0,0.0
2024-08-02 12:23:00-04:00,845.77001953125,845.77001953125,845.77001953125,845.77001953125,552,0.0,0.0
2024-08-02 12:24:00-04:00,845.1300048828125,845.1300048828125,845.1300048828125,845.1300048828125,403,0.0,0.0
2024-08-02 12:26:00-04:00,845.9299926757812,845.9299926757812,845.9299926757812,845.9299926757812,345,0.0,0.0
2024-08-02 12:29:00-04:00,846.2849731445312,846.2849731445312,846.2849731445312,846.2849731445312,449,0.0,0.0
2024-08-02 12:30:00-04:00,846.1900024414062,846.1900024414062,846.1649780273438,846.1649780273438,1121,0.0,0.0
2024-08-02 12:32:00-04:00,845.1799926757812,845.1799926757812,844.9600219726562,844.9600219726562,1948,0.0,0.0
2024-08-02 12:40:00-04:00,846.97998046875,846.97998046875,846.39501953125,846.39501953125,1419,0.0,0.0
2024-08-02 12:41:00-04:00,846.6099853515625,847.5349731445312,846.6099853515625,847.5349731445312,230,0.0,0.0
2024-08-02 12:42:00-04:00,846.5750122070312,846.5750122070312,846.5750122070312,846.5750122070312,620,0.0,0.0
2024-08-02 12:44:00-04:00,847.530029296875,847.530029296875,847.469970703125,847.469970703125,707,0.0,0.0
2024-08-02 12:45:00-04:00,846.7349853515625,846.7349853515625,846.7349853515625,846.7349853515625,124,0.0,0.0
2024-08-02 12:46:00-04:00,846.5700073242188,846.6799926757812,846.47998046875,846.47998046875,687,0.0,0.0
2024-08-02 12:47:00-04:00,846.47998046875,846.47998046875,846.47998046875,846.47998046875,378,0.0,0.0
2024-08-02 12:48:00-04:00,846.469970703125,846.469970703125,846.469970703125,846.469970703125,554,0.0,0.0
2024-08-02 12:49:00-04:00,846.47998046875,846.47998046875,846.47998046875,846.47998046875,517,0.0,0.0
2024-08-02 12:50:00-04:00,846.654296875,846.654296875,846.2000122070312,846.469970703125,1743,0.0,0.0
2024-08-02 12:51:00-04:00,845.5499877929688,845.5499877929688,845.5399780273438,845.5399780273438,782,0.0,0.0
2024-08-02 12:52:00-04:00,845.72998046875,845.72998046875,845.72998046875,845.72998046875,369,0.0,0.0
2024-08-02 12:53:00-04:00,845.7249755859375,845.7249755859375,845.1199951171875,845.1199951171875,331,0.0,0.0
2024-08-02 12:54:00-04:00,844.6099853515625,844.6099853515625,844.0,844.0,1273,0.0,0.0
2024-08-02 12:55:00-04:00,844.52001953125,844.52001953125,844.52001953125,844.52001953125,1099,0.0,0.0
2024-08-02 12:58:00-04:00,845.4199829101562,845.5700073242188,845.4199829101562,845.4199829101562,396,0.0,0.0
2024-08-02 12:59:00-04:00,845.3200073242188,845.3200073242188,845.3200073242188,845.3200073242188,373,0.0,0.0
2024-08-02 13:00:00-04:00,845.8099975585938,845.8099975585938,845.8099975585938,845.8099975585938,953,0.0,0.0
2024-08-02 13:03:00-04:00,844.1950073242188,844.1950073242188,844.1950073242188,844.1950073242188,204,0.0,0.0
2024-08-02 13:04:00-04:00,844.1950073242188,844.1950073242188,844.1950073242188,844.1950073242188,200,0.0,0.0
2024-08-02 13:05:00-04:00,844.2108764648438,844.2108764648438,844.2108764648438,844.2108764648438,560,0.0,0.0
2024-08-02 13:07:00-04:00,843.3099975585938,843.3099975585938,843.3099975585938,843.3099975585938,676,0.0,0.0
2024-08-02 13:08:00-04:00,843.3099975585938,843.3099975585938,843.3099975585938,843.3099975585938,1721,0.0,0.0
2024-08-02 13:14:00-04:00,844.25,844.25,844.25,844.25,554,0.0,0.0
2024-08-02 13:15:00-04:00,843.9349975585938,843.9349975585938,843.9349975585938,843.9349975585938,395,0.0,0.0
2024-08-02 13:16:00-04:00,844.5700073242188,845.1900024414062,844.1900024414062,844.4600219726562,2452,0.0,0.0
2024-08-02 13:18:00-04:00,844.1699829101562,844.1699829101562,844.1699829101562,844.1699829101562,222,0.0,0.0
2024-08-02 13:19:00-04:00,844.1699829101562,844.1699829101562,844.1699829101562,844.1699829101562,1242,0.0,0.0
2024-08-02 13:21:00-04:00,844.1699829101562,844.1699829101562,844.1699829101562,844.1699829101562,395,0.0,0.0
2024-08-02 13:23:00-04:00,844.1699829101562,844.385009765625,843.3699951171875,844.385009765625,3323,0.0,0.0
2024-08-02 13:24:00-04:00,843.3200073242188,843.5700073242188,843.3200073242188,843.4400024414062,932,0.0,0.0
2024-08-02 13:25:00-04:00,843.4400024414062,843.6950073242188,843.4400024414062,843.6950073242188,666,0.0,0.0
2024-08-02 13:26:00-04:00,842.7932739257812,843.5549926757812,842.7932739257812,843.5549926757812,250,0.0,0.0
2024-08-02 13:27:00-04:00,843.5549926757812,843.5549926757812,843.5549926757812,843.5549926757812,878,0.0,0.0
2024-08-02 13:30:00-04:00,842.780029296875,842.8300170898438,842.6199951171875,842.8300170898438,504,0.0,0.0
2024-08-02 13:31:00-04:00,843.1300048828125,843.1300048828125,843.1300048828125,843.1300048828125,213,0.0,0.0
2024-08-02 13:32:00-04:00,842.5800170898438,842.5800170898438,842.5800170898438,842.5800170898438,456,0.0,0.0
2024-08-02 13:34:00-04:00,842.1199951171875,842.3200073242188,841.7000122070312,842.2899780273438,3087,0.0,0.0
2024-08-02 13:36:00-04:00,841.6199951171875,842.155029296875,841.6199951171875,842.155029296875,930,0.0,0.0
2024-08-02 13:38:00-04:00,842.3800048828125,842.3800048828125,842.3800048828125,842.3800048828125,409,0.0,0.0
2024-08-02 13:40:00-04:00,841.5,841.6599731445312,841.4299926757812,841.4400024414062,1072,0.0,0.0
2024-08-02 13:41:00-04:00,841.4400024414062,841.4400024414062,841.4400024414062,841.4400024414062,464,0.0,0.0
2024-08-02 13:42:00-04:00,842.3800048828125,842.3800048828125,842.22998046875,842.3800048828125,827,0.0,0.0
2024-08-02 13:45:00-04:00,842.2103271484375,842.2103271484375,842.114990234375,842.114990234375,607,0.0,0.0
2024-08-02 13:47:00-04:00,841.4100952148438,841.4100952148438,841.2999877929688,841.4099731445312,1600,0.0,0.0
2024-08-02 13:48:00-04:00,841.510009765625,841.510009765625,841.510009765625,841.510009765625,637,0.0,0.0
2024-08-02 13:51:00-04:00,841.6400146484375,841.6400146484375,841.6400146484375,841.6400146484375,305,0.0,0.0
2024-08-02 13:53:00-04:00,841.5050048828125,841.5050048828125,841.5050048828125,841.5050048828125,348,0.0,0.0
2024-08-02 13:54:00-04:00,840.7999877929688,840.7999877929688,840.760009765625,840.760009765625,1409,0.0,0.0
2024-08-02 13:55:00-04:00,840.705078125,840.969970703125,840.705078125,840.969970703125,1505,0.0,0.0
2024-08-02 14:00:00-04:00,840.6950073242188,840.6950073242188,840.6950073242188,840.6950073242188,167,0.0,0.0
2024-08-02 14:01:00-04:00,840.0599975585938,840.1599731445312,840.0,840.0,1328,0.0,0.0
2024-08-02 14:02:00-04:00,839.5999755859375,840.155029296875,839.5,839.5,977,0.0,0.0
2024-08-02 14:04:00-04:00,839.8699951171875,839.8699951171875,839.8699951171875,839.8699951171875,590,0.0,0.0
2024-08-02 14:05:00-04:00,840.22998046875,840.22998046875,840.22998046875,840.22998046875,270,0.0,0.0
2024-08-02 14:06:00-04:00,841.0020141601562,841.0020141601562,841.0020141601562,841.0020141601562,1192,0.0,0.0
2024-08-02 14:07:00-04:00,839.8488159179688,839.8488159179688,839.8488159179688,839.8488159179688,465,0.0,0.0
2024-08-02 14:08:00-04:00,841.7000122070312,841.7000122070312,841.7000122070312,841.7000122070312,260,0.0,0.0
2024-08-02 14:09:00-04:00,840.7949829101562,840.7949829101562,840.5599975585938,840.5599975585938,400,0.0,0.0
2024-08-02 14:10:00-04:00,841.2999877929688,841.2999877929688,841.2999877929688,841.2999877929688,141,0.0,0.0
2024-08-02 14:11:00-04:00,840.7750244140625,841.0050048828125,840.5399780273438,841.0050048828125,1676,0.0,0.0
2024-08-02 14:12:00-04:00,841.469970703125,841.469970703125,841.02001953125,841.02001953125,1914,0.0,0.0
2024-08-02 14:15:00-04:00,841.1199951171875,841.219970703125,840.7000122070312,841.02001953125,3115,0.0,0.0
2024-08-02 14:16:00-04:00,841.0599975585938,841.47998046875,841.0599975585938,841.4249877929688,3846,0.0,0.0
2024-08-02 14:20:00-04:00,841.4299926757812,841.4299926757812,841.4299926757812,841.4299926757812,636,0.0,0.0
2024-08-02 14:22:00-04:00,842.3250122070312,842.3699951171875,842.3250122070312,842.3699951171875,2266,0.0,0.0
2024-08-02 14:30:00-04:00,844.3099975585938,844.3099975585938,844.3099975585938,844.3099975585938,1016,0.0,0.0
2024-08-02 14:34:00-04:00,843.9000244140625,844.0850219726562,843.6099853515625,843.6599731445312,1518,0.0,0.0
2024-08-02 14:35:00-04:00,843.5499877929688,843.5499877929688,842.8400268554688,842.8400268554688,1709,0.0,0.0
2024-08-02 14:38:00-04:00,842.760009765625,842.760009765625,842.760009765625,842.760009765625,610,0.0,0.0
2024-08-02 14:41:00-04:00,843.4400024414062,843.4400024414062,843.4400024414062,843.4400024414062,197,0.0,0.0
2024-08-02 14:42:00-04:00,843.1300048828125,843.1300048828125,843.1300048828125,843.1300048828125,1295,0.0,0.0
2024-08-02 14:43:00-04:00,843.1300048828125,843.1300048828125,843.1300048828125,843.1300048828125,705,0.0,0.0
2024-08-02 14:45:00-04:00,842.3400268554688,842.3400268554688,842.3400268554688,842.3400268554688,1345,0.0,0.0
2024-08-02 14:47:00-04:00,843.219970703125,843.219970703125,843.219970703125,843.219970703125,463,0.0,0.0
2024-08-02 14:48:00-04:00,843.385009765625,843.385009765625,843.385009765625,843.385009765625,874,0.0,0.0
2024-08-02 14:53:00-04:00,843.2949829101562,843.2949829101562,843.2949829101562,843.2949829101562,174,0.0,0.0
2024-08-02 14:54:00-04:00,843.2899780273438,843.2899780273438,843.0850219726562,843.0850219726562,1118,0.0,0.0
2024-08-02 14:56:00-04:00,843.0800170898438,843.5,842.5499877929688,842.969970703125,5627,0.0,0.0
2024-08-02 15:01:00-04:00,843.6900024414062,843.6900024414062,843.0650024414062,843.5999755859375,1361,0.0,0.0
2024-08-02 15:02:00-04:00,843.6900024414062,843.760009765625,843.6900024414062,843.760009765625,1334,0.0,0.0
2024-08-02 15:04:00-04:00,843.7100219726562,843.7100219726562,843.7100219726562,843.7100219726562,352,0.0,0.0
2024-08-02 15:05:00-04:00,843.7100219726562,843.7100219726562,842.6900024414062,843.4299926757812,2984,0.0,0.0
2024-08-02 15:06:00-04:00,842.9500122070312,842.9500122070312,842.6799926757812,842.6799926757812,2841,0.0,0.0
2024-08-02 15:07:00-04:00,843.47998046875,843.47998046875,843.47998046875,843.47998046875,1575,0.0,0.0
2024-08-02 15:10:00-04:00,843.0150146484375,843.0150146484375,842.5499877929688,842.9249877929688,2539,0.0,0.0
2024-08-02 15:12:00-04:00,842.75,842.8800048828125,842.0700073242188,842.0850219726562,3300,0.0,0.0
2024-08-02 15:13:00-04:00,842.7100219726562,842.7100219726562,842.655029296875,842.655029296875,646,0.0,0.0
2024-08-02 15:14:00-04:00,843.02001953125,843.02001953125,842.8250122070312,842.97998046875,935,0.0,0.0
2024-08-02 15:17:00-04:00,843.0750122070312,843.0750122070312,842.5142822265625,842.5142822265625,500,0.0,0.0
2024-08-02 15:18:00-04:00,843.0745239257812,843.635009765625,843.0745239257812,843.635009765625,3141,0.0,0.0
2024-08-02 15:19:00-04:00,843.739990234375,843.739990234375,843.4099731445312,843.4099731445312,1369,0.0,0.0
2024-08-02 15:20:00-04:00,843.1300048828125,843.1300048828125,842.7449951171875,842.7449951171875,1220,0.0,0.0
2024-08-02 15:22:00-04:00,842.530029296875,843.6300048828125,842.4099731445312,843.6300048828125,1958,0.0,0.0
2024-08-02 15:24:00-04:00,843.4000244140625,843.4000244140625,843.260009765625,843.260009765625,1031,0.0,0.0
2024-08-02 15:26:00-04:00,843.8599853515625,843.8599853515625,843.8599853515625,843.8599853515625,255,0.0,0.0
2024-08-02 15:27:00-04:00,843.9199829101562,843.9199829101562,843.9199829101562,843.9199829101562,759,0.0,0.0
2024-08-02 15:28:00-04:00,844.5599975585938,844.5599975585938,844.52001953125,844.5250244140625,618,0.0,0.0
2024-08-02 15:29:00-04:00,844.52001953125,844.52001953125,844.0150146484375,844.0150146484375,803,0.0,0.0
2024-08-02 15:30:00-04:00,844.875,844.875,844.3599853515625,844.5800170898438,2134,0.0,0.0
2024-08-02 15:31:00-04:00,844.0599975585938,844.72998046875,844.0599975585938,844.7069091796875,1036,0.0,0.0
2024-08-02 15:32:00-04:00,844.97998046875,844.97998046875,844.8300170898438,844.8699951171875,1044,0.0,0.0
2024-08-02 15:33:00-04:00,844.7249755859375,845.0900268554688,844.7249755859375,845.0900268554688,1598,0.0,0.0
2024-08-02 15:34:00-04:00,844.4099731445312,844.4099731445312,844.3200073242188,844.3200073242188,1015,0.0,0.0
2024-08-02 15:35:00-04:00,844.22998046875,844.22998046875,844.22998046875,844.22998046875,1697,0.0,0.0
2024-08-02 15:37:00-04:00,844.409912109375,844.409912109375,844.409912109375,844.409912109375,1095,0.0,0.0
2024-08-02 15:39:00-04:00,842.7471923828125,843.3300170898438,842.7471923828125,843.3300170898438,895,0.0,0.0
2024-08-02 15:40:00-04:00,842.6900024414062,842.6900024414062,842.1300048828125,842.1300048828125,1909,0.0,0.0
2024-08-02 15:41:00-04:00,842.27001953125,842.27001953125,841.8499755859375,841.8499755859375,2214,0.0,0.0
2024-08-02 15:42:00-04:00,842.72998046875,842.72998046875,842.72998046875,842.72998046875,575,0.0,0.0
2024-08-02 15:43:00-04:00,842.3900146484375,843.2150268554688,842.3900146484375,843.2150268554688,3145,0.0,0.0
2024-08-02 15:44:00-04:00,843.344970703125,843.344970703125,843.344970703125,843.344970703125,265,0.0,0.0
2024-08-02 15:45:00-04:00,842.4500122070312,843.0499877929688,842.4500122070312,842.8300170898438,1405,0.0,0.0
2024-08-02 15:46:00-04:00,843.3499755859375,843.75,843.2750244140625,843.2750244140625,2309,0.0,0.0
2024-08-02 15:47:00-04:00,842.6799926757812,842.6799926757812,841.9500122070312,841.9500122070312,1756,0.0,0.0
2024-08-02 15:48:00-04:00,842.77001953125,843.5499877929688,842.77001953125,843.5499877929688,1167,0.0,0.0
2024-08-02 15:49:00-04:00,843.0700073242188,843.0700073242188,842.3800048828125,842.3800048828125,1373,0.0,0.0
2024-08-02 15:50:00-04:00,842.405029296875,842.9400024414062,842.2899780273438,842.2899780273438,1835,0.0,0.0
2024-08-02 15:51:00-04:00,841.969970703125,841.989990234375,841.7899780273438,841.7899780273438,1647,0.0,0.0
2024-08-02 15:52:00-04:00,841.510009765625,842.5,841.510009765625,842.5,2731,0.0,0.0
2024-08-02 15:53:00-04:00,842.8300170898438,843.1300048828125,842.39501953125,842.39501953125,4037,0.0,0.0
2024-08-02 15:54:00-04:00,842.5599975585938,843.219970703125,842.4500122070312,843.219970703125,3898,0.0,0.0
2024-08-02 15:55:00-04:00,844.02001953125,844.9600219726562,844.02001953125,844.9600219726562,3438,0.0,0.0
2024-08-02 15:56:00-04:00,844.85498046875,844.9500122070312,844.27001953125,844.5449829101562,7006,0.0,0.0
2024-08-02 15:57:00-04:00,844.4550170898438,845.1699829101562,844.3900146484375,844.8800048828125,4536,0.0,0.0
2024-08-02 15:58:00-04:00,844.6199951171875,845.6099853515625,844.3049926757812,845.5999755859375,7740,0.0,0.0
2024-08-02 15:59:00-04:00,845.3900146484375,846.2899780273438,845.1799926757812,846.0700073242188,16271,0.0,0.0
