Datetime,Open,High,Low,Close,Volume,Dividends,Stock Splits
2024-07-29 09:30:00-04:00,9.75,9.970000267028809,9.479999542236328,9.970000267028809,9334,0.0,0.0
2024-07-29 09:31:00-04:00,9.960000038146973,9.960000038146973,9.960000038146973,9.960000038146973,104,0.0,0.0
2024-07-29 09:32:00-04:00,9.720000267028809,9.720000267028809,9.680000305175781,9.680000305175781,1403,0.0,0.0
2024-07-29 09:33:00-04:00,9.566100120544434,9.566100120544434,9.566100120544434,9.566100120544434,4406,0.0,0.0
2024-07-29 09:34:00-04:00,9.569999694824219,9.569999694824219,9.25,9.294500350952148,3719,0.0,0.0
2024-07-29 09:36:00-04:00,9.444999694824219,9.444999694824219,9.279999732971191,9.279999732971191,7278,0.0,0.0
2024-07-29 09:37:00-04:00,9.430000305175781,9.430000305175781,9.289999961853027,9.289999961853027,941,0.0,0.0
2024-07-29 09:38:00-04:00,9.279999732971191,9.279999732971191,9.279999732971191,9.279999732971191,275,0.0,0.0
2024-07-29 09:39:00-04:00,9.270000457763672,9.270000457763672,9.010000228881836,9.010000228881836,4985,0.0,0.0
2024-07-29 09:40:00-04:00,9.239999771118164,9.300000190734863,9.239999771118164,9.239999771118164,2560,0.0,0.0
2024-07-29 09:41:00-04:00,9.25,9.25,9.25,9.25,304,0.0,0.0
2024-07-29 09:42:00-04:00,9.4350004196167,9.4350004196167,9.4350004196167,9.4350004196167,500,0.0,0.0
2024-07-29 09:43:00-04:00,9.4350004196167,9.4350004196167,9.4350004196167,9.4350004196167,417,0.0,0.0
2024-07-29 09:44:00-04:00,9.600000381469727,9.600000381469727,9.390000343322754,9.390000343322754,496,0.0,0.0
2024-07-29 09:46:00-04:00,9.539999961853027,9.569999694824219,9.390000343322754,9.569999694824219,2546,0.0,0.0
2024-07-29 09:50:00-04:00,9.449999809265137,9.449999809265137,9.449999809265137,9.449999809265137,1021,0.0,0.0
2024-07-29 09:52:00-04:00,9.454999923706055,9.454999923706055,9.454999923706055,9.454999923706055,188,0.0,0.0
2024-07-29 09:54:00-04:00,9.539999961853027,9.539999961853027,9.369999885559082,9.369999885559082,616,0.0,0.0
2024-07-29 10:00:00-04:00,9.460000038146973,9.579999923706055,9.460000038146973,9.579999923706055,1013,0.0,0.0
2024-07-29 10:01:00-04:00,9.472800254821777,9.59000015258789,9.472800254821777,9.59000015258789,1079,0.0,0.0
2024-07-29 10:04:00-04:00,9.699999809265137,9.699999809265137,9.699999809265137,9.699999809265137,901,0.0,0.0
2024-07-29 10:08:00-04:00,9.619999885559082,9.857999801635742,9.619999885559082,9.857999801635742,3042,0.0,0.0
2024-07-29 10:14:00-04:00,9.779999732971191,9.779999732971191,9.779999732971191,9.779999732971191,1248,0.0,0.0
2024-07-29 10:16:00-04:00,9.609999656677246,9.619999885559082,9.600000381469727,9.619999885559082,1012,0.0,0.0
2024-07-29 10:18:00-04:00,9.5600004196167,9.604999542236328,9.5600004196167,9.604999542236328,1127,0.0,0.0
2024-07-29 10:19:00-04:00,9.529999732971191,9.529999732971191,9.529999732971191,9.529999732971191,287,0.0,0.0
2024-07-29 10:21:00-04:00,9.5,9.5,9.5,9.5,114,0.0,0.0
2024-07-29 10:23:00-04:00,9.630000114440918,9.645000457763672,9.630000114440918,9.645000457763672,1181,0.0,0.0
2024-07-29 10:24:00-04:00,9.675000190734863,9.675000190734863,9.630000114440918,9.630000114440918,1090,0.0,0.0
2024-07-29 10:26:00-04:00,9.729999542236328,9.729999542236328,9.729999542236328,9.729999542236328,200,0.0,0.0
2024-07-29 10:28:00-04:00,9.739999771118164,9.739999771118164,9.739999771118164,9.739999771118164,759,0.0,0.0
2024-07-29 10:30:00-04:00,9.630000114440918,9.630000114440918,9.579999923706055,9.579999923706055,842,0.0,0.0
2024-07-29 10:32:00-04:00,9.490099906921387,9.490099906921387,9.490099906921387,9.490099906921387,257,0.0,0.0
2024-07-29 10:36:00-04:00,9.479999542236328,9.479999542236328,9.430000305175781,9.430000305175781,569,0.0,0.0
2024-07-29 10:39:00-04:00,9.484999656677246,9.484999656677246,9.449999809265137,9.449999809265137,291,0.0,0.0
2024-07-29 10:41:00-04:00,9.489999771118164,9.569999694824219,9.489999771118164,9.569999694824219,2371,0.0,0.0
2024-07-29 10:59:00-04:00,9.559900283813477,9.559900283813477,9.559900283813477,9.559900283813477,1323,0.0,0.0
2024-07-29 11:00:00-04:00,9.510000228881836,9.510000228881836,9.460000038146973,9.460000038146973,1208,0.0,0.0
2024-07-29 11:02:00-04:00,9.40999984741211,9.40999984741211,9.40999984741211,9.40999984741211,179,0.0,0.0
2024-07-29 11:04:00-04:00,9.390000343322754,9.390000343322754,9.390000343322754,9.390000343322754,1075,0.0,0.0
2024-07-29 11:10:00-04:00,9.319999694824219,9.319999694824219,9.239999771118164,9.239999771118164,6504,0.0,0.0
2024-07-29 11:11:00-04:00,9.300000190734863,9.300000190734863,9.300000190734863,9.300000190734863,0,0.0,0.0
2024-07-29 11:27:00-04:00,9.399999618530273,9.399999618530273,9.399999618530273,9.399999618530273,864,0.0,0.0
2024-07-29 11:32:00-04:00,9.34000015258789,9.380000114440918,9.329999923706055,9.380000114440918,857,0.0,0.0
2024-07-29 11:34:00-04:00,9.319999694824219,9.319999694824219,9.319999694824219,9.319999694824219,234,0.0,0.0
2024-07-29 11:43:00-04:00,9.3100004196167,9.3100004196167,9.3100004196167,9.3100004196167,212,0.0,0.0
2024-07-29 11:46:00-04:00,9.3100004196167,9.3100004196167,9.3100004196167,9.3100004196167,200,0.0,0.0
2024-07-29 11:47:00-04:00,9.319999694824219,9.319999694824219,9.319999694824219,9.319999694824219,1418,0.0,0.0
2024-07-29 11:48:00-04:00,9.390000343322754,9.390000343322754,9.390000343322754,9.390000343322754,291,0.0,0.0
2024-07-29 11:55:00-04:00,9.4399995803833,9.489999771118164,9.4399995803833,9.489999771118164,1416,0.0,0.0
2024-07-29 12:03:00-04:00,9.460000038146973,9.460000038146973,9.460000038146973,9.460000038146973,163,0.0,0.0
2024-07-29 12:12:00-04:00,9.40999984741211,9.40999984741211,9.40999984741211,9.40999984741211,883,0.0,0.0
2024-07-29 12:14:00-04:00,9.426600456237793,9.426600456237793,9.426600456237793,9.426600456237793,1253,0.0,0.0
2024-07-29 12:18:00-04:00,9.479999542236328,9.479999542236328,9.460000038146973,9.460000038146973,462,0.0,0.0
2024-07-29 12:20:00-04:00,9.430000305175781,9.475000381469727,9.430000305175781,9.430000305175781,877,0.0,0.0
2024-07-29 12:24:00-04:00,9.430000305175781,9.430000305175781,9.430000305175781,9.430000305175781,791,0.0,0.0
2024-07-29 12:28:00-04:00,9.34000015258789,9.34000015258789,9.34000015258789,9.34000015258789,105,0.0,0.0
2024-07-29 12:34:00-04:00,9.369999885559082,9.369999885559082,9.369999885559082,9.369999885559082,1600,0.0,0.0
2024-07-29 12:35:00-04:00,9.364899635314941,9.369999885559082,9.359999656677246,9.359999656677246,385,0.0,0.0
2024-07-29 12:37:00-04:00,9.329999923706055,9.329999923706055,9.300000190734863,9.300000190734863,617,0.0,0.0
2024-07-29 12:40:00-04:00,9.329999923706055,9.329999923706055,9.319999694824219,9.319999694824219,306,0.0,0.0
2024-07-29 12:42:00-04:00,9.335000038146973,9.380000114440918,9.335000038146973,9.380000114440918,638,0.0,0.0
2024-07-29 12:51:00-04:00,9.369999885559082,9.369999885559082,9.369999885559082,9.369999885559082,469,0.0,0.0
2024-07-29 12:52:00-04:00,9.34000015258789,9.34000015258789,9.34000015258789,9.34000015258789,499,0.0,0.0
2024-07-29 12:57:00-04:00,9.289999961853027,9.319999694824219,9.289999961853027,9.319999694824219,1144,0.0,0.0
2024-07-29 13:09:00-04:00,9.3100004196167,9.319999694824219,9.3100004196167,9.319999694824219,810,0.0,0.0
2024-07-29 13:15:00-04:00,9.3100004196167,9.3100004196167,9.3100004196167,9.3100004196167,499,0.0,0.0
2024-07-29 13:20:00-04:00,9.250800132751465,9.250800132751465,9.250800132751465,9.250800132751465,1420,0.0,0.0
2024-07-29 13:30:00-04:00,9.1899995803833,9.1899995803833,9.149999618530273,9.180000305175781,2451,0.0,0.0
2024-07-29 13:33:00-04:00,9.210000038146973,9.220000267028809,9.210000038146973,9.220000267028809,900,0.0,0.0
2024-07-29 13:34:00-04:00,9.220000267028809,9.220000267028809,9.220000267028809,9.220000267028809,473,0.0,0.0
2024-07-29 13:35:00-04:00,9.224599838256836,9.224599838256836,9.224599838256836,9.224599838256836,283,0.0,0.0
2024-07-29 13:36:00-04:00,9.2322998046875,9.2322998046875,9.2322998046875,9.2322998046875,245,0.0,0.0
2024-07-29 13:37:00-04:00,9.220000267028809,9.220000267028809,9.220000267028809,9.220000267028809,1036,0.0,0.0
2024-07-29 13:52:00-04:00,9.210000038146973,9.210000038146973,9.210000038146973,9.210000038146973,955,0.0,0.0
2024-07-29 14:10:00-04:00,9.234999656677246,9.234999656677246,9.180100440979004,9.180100440979004,3067,0.0,0.0
2024-07-29 14:11:00-04:00,9.289999961853027,9.300000190734863,9.289999961853027,9.289999961853027,700,0.0,0.0
2024-07-29 14:20:00-04:00,9.130000114440918,9.130000114440918,9.130000114440918,9.130000114440918,2801,0.0,0.0
2024-07-29 14:26:00-04:00,9.190999984741211,9.190999984741211,9.190999984741211,9.190999984741211,174,0.0,0.0
2024-07-29 14:32:00-04:00,9.239999771118164,9.239999771118164,9.239999771118164,9.239999771118164,164,0.0,0.0
2024-07-29 14:39:00-04:00,9.239999771118164,9.25,9.229999542236328,9.229999542236328,1008,0.0,0.0
2024-07-29 14:48:00-04:00,9.300000190734863,9.300000190734863,9.300000190734863,9.300000190734863,305,0.0,0.0
2024-07-29 14:53:00-04:00,9.229999542236328,9.229999542236328,9.229999542236328,9.229999542236328,991,0.0,0.0
2024-07-29 15:00:00-04:00,9.1899995803833,9.1899995803833,9.170000076293945,9.170000076293945,530,0.0,0.0
2024-07-29 15:04:00-04:00,9.239999771118164,9.239999771118164,9.229999542236328,9.229999542236328,534,0.0,0.0
2024-07-29 15:11:00-04:00,9.25,9.25,9.25,9.25,525,0.0,0.0
2024-07-29 15:18:00-04:00,9.239999771118164,9.239999771118164,9.239999771118164,9.239999771118164,433,0.0,0.0
2024-07-29 15:22:00-04:00,9.270000457763672,9.279999732971191,9.270000457763672,9.279999732971191,1052,0.0,0.0
2024-07-29 15:23:00-04:00,9.319999694824219,9.34000015258789,9.319999694824219,9.329999923706055,826,0.0,0.0
2024-07-29 15:25:00-04:00,9.369999885559082,9.369999885559082,9.350000381469727,9.350000381469727,860,0.0,0.0
2024-07-29 15:29:00-04:00,9.300000190734863,9.300000190734863,9.279999732971191,9.279999732971191,881,0.0,0.0
2024-07-29 15:33:00-04:00,9.300000190734863,9.3100004196167,9.300000190734863,9.309000015258789,530,0.0,0.0
2024-07-29 15:34:00-04:00,9.3100004196167,9.329999923706055,9.3100004196167,9.3100004196167,1422,0.0,0.0
2024-07-29 15:37:00-04:00,9.280799865722656,9.280799865722656,9.280799865722656,9.280799865722656,874,0.0,0.0
2024-07-29 15:40:00-04:00,9.315099716186523,9.319999694824219,9.220000267028809,9.220000267028809,1965,0.0,0.0
2024-07-29 15:42:00-04:00,9.289999961853027,9.3100004196167,9.289999961853027,9.3100004196167,758,0.0,0.0
2024-07-29 15:45:00-04:00,9.279999732971191,9.3100004196167,9.270000457763672,9.28499984741211,2449,0.0,0.0
2024-07-29 15:46:00-04:00,9.289999961853027,9.289999961853027,9.289999961853027,9.289999961853027,657,0.0,0.0
2024-07-29 15:47:00-04:00,9.300000190734863,9.300000190734863,9.270000457763672,9.270000457763672,664,0.0,0.0
2024-07-29 15:49:00-04:00,9.260000228881836,9.260000228881836,9.260000228881836,9.260000228881836,1138,0.0,0.0
2024-07-29 15:50:00-04:00,9.279999732971191,9.279999732971191,9.279999732971191,9.279999732971191,110,0.0,0.0
2024-07-29 15:52:00-04:00,9.29990005493164,9.300000190734863,9.29990005493164,9.300000190734863,1526,0.0,0.0
2024-07-29 15:53:00-04:00,9.289999961853027,9.300000190734863,9.25,9.274999618530273,1432,0.0,0.0
2024-07-29 15:54:00-04:00,9.265000343322754,9.289999961853027,9.239999771118164,9.260000228881836,2409,0.0,0.0
2024-07-29 15:55:00-04:00,9.260000228881836,9.260000228881836,9.239999771118164,9.239999771118164,2859,0.0,0.0
2024-07-29 15:56:00-04:00,9.236800193786621,9.25,9.229999542236328,9.229999542236328,1491,0.0,0.0
2024-07-29 15:57:00-04:00,9.244999885559082,9.270000457763672,9.244999885559082,9.263500213623047,1170,0.0,0.0
2024-07-29 15:58:00-04:00,9.279999732971191,9.279999732971191,9.260000228881836,9.260000228881836,937,0.0,0.0
2024-07-29 15:59:00-04:00,9.229999542236328,9.260000228881836,9.229999542236328,9.260000228881836,1441,0.0,0.0
2024-07-30 09:30:00-04:00,9.260000228881836,9.260000228881836,9.260000228881836,9.260000228881836,1319,0.0,0.0
2024-07-30 09:35:00-04:00,9.380000114440918,9.380000114440918,9.229999542236328,9.229999542236328,460,0.0,0.0
2024-07-30 09:37:00-04:00,9.35099983215332,9.35099983215332,9.35099983215332,9.35099983215332,2691,0.0,0.0
2024-07-30 09:44:00-04:00,9.335000038146973,9.335000038146973,9.319999694824219,9.319999694824219,2276,0.0,0.0
2024-07-30 09:49:00-04:00,9.383999824523926,9.4350004196167,9.350000381469727,9.4350004196167,1362,0.0,0.0
2024-07-30 09:54:00-04:00,9.350000381469727,9.350000381469727,9.350000381469727,9.350000381469727,400,0.0,0.0
2024-07-30 10:00:00-04:00,9.380000114440918,9.380000114440918,9.380000114440918,9.380000114440918,1792,0.0,0.0
2024-07-30 10:13:00-04:00,9.239999771118164,9.239999771118164,9.109999656677246,9.109999656677246,559,0.0,0.0
2024-07-30 10:18:00-04:00,9.120100021362305,9.350000381469727,9.120100021362305,9.350000381469727,500,0.0,0.0
2024-07-30 10:21:00-04:00,9.220000267028809,9.220000267028809,9.220000267028809,9.220000267028809,448,0.0,0.0
2024-07-30 10:23:00-04:00,9.229999542236328,9.229999542236328,9.229999542236328,9.229999542236328,292,0.0,0.0
2024-07-30 10:30:00-04:00,9.333000183105469,9.333000183105469,9.333000183105469,9.333000183105469,624,0.0,0.0
2024-07-30 10:32:00-04:00,9.375,9.375,9.375,9.375,319,0.0,0.0
2024-07-30 10:39:00-04:00,9.329999923706055,9.329999923706055,9.239999771118164,9.295000076293945,3023,0.0,0.0
2024-07-30 10:47:00-04:00,9.329400062561035,9.329400062561035,9.239999771118164,9.239999771118164,1201,0.0,0.0
2024-07-30 10:53:00-04:00,9.239999771118164,9.274999618530273,9.239999771118164,9.274999618530273,1574,0.0,0.0
2024-07-30 10:58:00-04:00,9.220999717712402,9.220999717712402,9.199999809265137,9.220999717712402,1164,0.0,0.0
2024-07-30 10:59:00-04:00,9.25,9.25,9.25,9.25,402,0.0,0.0
2024-07-30 11:01:00-04:00,9.21500015258789,9.21500015258789,9.21500015258789,9.21500015258789,238,0.0,0.0
2024-07-30 11:03:00-04:00,9.1899995803833,9.208999633789062,9.15999984741211,9.208999633789062,1681,0.0,0.0
2024-07-30 11:04:00-04:00,9.210000038146973,9.210000038146973,9.210000038146973,9.210000038146973,2107,0.0,0.0
2024-07-30 11:12:00-04:00,9.220000267028809,9.220000267028809,9.220000267028809,9.220000267028809,600,0.0,0.0
2024-07-30 11:13:00-04:00,9.203200340270996,9.203200340270996,9.203200340270996,9.203200340270996,252,0.0,0.0
2024-07-30 11:24:00-04:00,9.300000190734863,9.300000190734863,9.300000190734863,9.300000190734863,334,0.0,0.0
2024-07-30 11:25:00-04:00,9.350000381469727,9.350000381469727,9.350000381469727,9.350000381469727,622,0.0,0.0
2024-07-30 11:40:00-04:00,9.350000381469727,9.350000381469727,9.350000381469727,9.350000381469727,112,0.0,0.0
2024-07-30 11:42:00-04:00,9.350000381469727,9.350000381469727,9.350000381469727,9.350000381469727,440,0.0,0.0
2024-07-30 11:44:00-04:00,9.420000076293945,9.420000076293945,9.420000076293945,9.420000076293945,200,0.0,0.0
2024-07-30 11:45:00-04:00,9.34000015258789,9.34000015258789,9.34000015258789,9.34000015258789,146,0.0,0.0
2024-07-30 11:50:00-04:00,9.270099639892578,9.335000038146973,9.270099639892578,9.335000038146973,450,0.0,0.0
2024-07-30 11:56:00-04:00,9.34000015258789,9.34000015258789,9.34000015258789,9.34000015258789,334,0.0,0.0
2024-07-30 12:03:00-04:00,9.3149995803833,9.3149995803833,9.3149995803833,9.3149995803833,506,0.0,0.0
2024-07-30 12:09:00-04:00,9.279999732971191,9.279999732971191,9.270000457763672,9.270000457763672,1139,0.0,0.0
2024-07-30 12:15:00-04:00,9.270000457763672,9.300000190734863,9.270000457763672,9.300000190734863,453,0.0,0.0
2024-07-30 12:30:00-04:00,9.149999618530273,9.149999618530273,9.149999618530273,9.149999618530273,1205,0.0,0.0
2024-07-30 12:35:00-04:00,9.21500015258789,9.21500015258789,9.21500015258789,9.21500015258789,335,0.0,0.0
2024-07-30 12:45:00-04:00,9.239999771118164,9.239999771118164,9.239999771118164,9.239999771118164,531,0.0,0.0
2024-07-30 12:54:00-04:00,9.140000343322754,9.140000343322754,9.010000228881836,9.079999923706055,4453,0.0,0.0
2024-07-30 12:55:00-04:00,9.100000381469727,9.100000381469727,9.100000381469727,9.100000381469727,122,0.0,0.0
2024-07-30 12:56:00-04:00,9.114800453186035,9.114800453186035,9.114800453186035,9.114800453186035,562,0.0,0.0
2024-07-30 12:59:00-04:00,9.055000305175781,9.055000305175781,9.055000305175781,9.055000305175781,3207,0.0,0.0
2024-07-30 13:00:00-04:00,8.989999771118164,8.989999771118164,8.949999809265137,8.960000038146973,1033,0.0,0.0
2024-07-30 13:01:00-04:00,8.9399995803833,8.9399995803833,8.9399995803833,8.9399995803833,995,0.0,0.0
2024-07-30 13:04:00-04:00,9.0,9.010000228881836,9.0,9.010000228881836,1303,0.0,0.0
2024-07-30 13:24:00-04:00,9.140000343322754,9.140000343322754,9.140000343322754,9.140000343322754,1054,0.0,0.0
2024-07-30 13:37:00-04:00,9.109999656677246,9.109999656677246,9.109999656677246,9.109999656677246,285,0.0,0.0
2024-07-30 13:47:00-04:00,9.109999656677246,9.109999656677246,9.109999656677246,9.109999656677246,137,0.0,0.0
2024-07-30 13:56:00-04:00,9.154999732971191,9.154999732971191,9.154999732971191,9.154999732971191,234,0.0,0.0
2024-07-30 14:02:00-04:00,9.100000381469727,9.100000381469727,9.09000015258789,9.09000015258789,599,0.0,0.0
2024-07-30 14:08:00-04:00,9.086000442504883,9.086000442504883,9.086000442504883,9.086000442504883,546,0.0,0.0
2024-07-30 14:10:00-04:00,9.130000114440918,9.130000114440918,9.130000114440918,9.130000114440918,472,0.0,0.0
2024-07-30 14:39:00-04:00,9.067500114440918,9.067500114440918,9.067500114440918,9.067500114440918,255,0.0,0.0
2024-07-30 14:43:00-04:00,9.116800308227539,9.116800308227539,9.116800308227539,9.116800308227539,803,0.0,0.0
2024-07-30 14:48:00-04:00,9.135000228881836,9.135000228881836,9.135000228881836,9.135000228881836,869,0.0,0.0
2024-07-30 14:55:00-04:00,9.020000457763672,9.020000457763672,9.01099967956543,9.01099967956543,300,0.0,0.0
2024-07-30 14:56:00-04:00,9.010000228881836,9.010000228881836,9.010000228881836,9.010000228881836,233,0.0,0.0
2024-07-30 15:01:00-04:00,8.98740005493164,8.98740005493164,8.98740005493164,8.98740005493164,243,0.0,0.0
2024-07-30 15:03:00-04:00,9.100000381469727,9.100000381469727,9.100000381469727,9.100000381469727,508,0.0,0.0
2024-07-30 15:09:00-04:00,9.03499984741211,9.03499984741211,9.03499984741211,9.03499984741211,280,0.0,0.0
2024-07-30 15:13:00-04:00,9.11989974975586,9.11989974975586,9.11989974975586,9.11989974975586,705,0.0,0.0
2024-07-30 15:14:00-04:00,9.149999618530273,9.149999618530273,9.079999923706055,9.079999923706055,1082,0.0,0.0
2024-07-30 15:18:00-04:00,9.154999732971191,9.154999732971191,9.154999732971191,9.154999732971191,308,0.0,0.0
2024-07-30 15:21:00-04:00,9.1899995803833,9.1899995803833,9.1899995803833,9.1899995803833,471,0.0,0.0
2024-07-30 15:24:00-04:00,9.170000076293945,9.170000076293945,9.125,9.125,1300,0.0,0.0
2024-07-30 15:28:00-04:00,9.123000144958496,9.123000144958496,9.123000144958496,9.123000144958496,389,0.0,0.0
2024-07-30 15:30:00-04:00,9.130000114440918,9.130000114440918,9.109999656677246,9.109999656677246,822,0.0,0.0
2024-07-30 15:34:00-04:00,9.204999923706055,9.204999923706055,9.204999923706055,9.204999923706055,367,0.0,0.0
2024-07-30 15:36:00-04:00,9.225000381469727,9.225000381469727,9.225000381469727,9.225000381469727,366,0.0,0.0
2024-07-30 15:40:00-04:00,9.199999809265137,9.199999809265137,9.180000305175781,9.180000305175781,1236,0.0,0.0
2024-07-30 15:43:00-04:00,9.210000038146973,9.210000038146973,9.210000038146973,9.210000038146973,516,0.0,0.0
2024-07-30 15:47:00-04:00,9.270000457763672,9.270000457763672,9.270000457763672,9.270000457763672,272,0.0,0.0
2024-07-30 15:48:00-04:00,9.300000190734863,9.300000190734863,9.239999771118164,9.239999771118164,1970,0.0,0.0
2024-07-30 15:49:00-04:00,9.270000457763672,9.270000457763672,9.25,9.25,1722,0.0,0.0
2024-07-30 15:50:00-04:00,9.289999961853027,9.289999961853027,9.289999961853027,9.289999961853027,258,0.0,0.0
2024-07-30 15:51:00-04:00,9.3100004196167,9.3100004196167,9.3100004196167,9.3100004196167,405,0.0,0.0
2024-07-30 15:52:00-04:00,9.309900283813477,9.309900283813477,9.309900283813477,9.309900283813477,197,0.0,0.0
2024-07-30 15:53:00-04:00,9.279999732971191,9.279999732971191,9.260000228881836,9.270000457763672,2571,0.0,0.0
2024-07-30 15:55:00-04:00,9.239999771118164,9.25,9.239999771118164,9.25,1119,0.0,0.0
2024-07-30 15:56:00-04:00,9.238800048828125,9.238800048828125,9.220000267028809,9.220000267028809,1611,0.0,0.0
2024-07-30 15:57:00-04:00,9.220000267028809,9.220000267028809,9.220000267028809,9.220000267028809,617,0.0,0.0
2024-07-30 15:59:00-04:00,9.180000305175781,9.180000305175781,9.180000305175781,9.180000305175781,165,0.0,0.0
2024-07-31 09:30:00-04:00,9.34000015258789,9.34000015258789,9.34000015258789,9.34000015258789,1920,0.0,0.0
2024-07-31 09:33:00-04:00,9.399999618530273,9.399999618530273,9.399999618530273,9.399999618530273,204,0.0,0.0
2024-07-31 09:37:00-04:00,9.3149995803833,9.3149995803833,9.3149995803833,9.3149995803833,732,0.0,0.0
2024-07-31 09:39:00-04:00,9.380000114440918,9.380000114440918,9.380000114440918,9.380000114440918,579,0.0,0.0
2024-07-31 09:45:00-04:00,9.390000343322754,9.390000343322754,9.390000343322754,9.390000343322754,1130,0.0,0.0
2024-07-31 09:57:00-04:00,9.380000114440918,9.380000114440918,9.380000114440918,9.380000114440918,207,0.0,0.0
2024-07-31 09:59:00-04:00,9.25,9.25,9.25,9.25,686,0.0,0.0
2024-07-31 10:11:00-04:00,9.34000015258789,9.390000343322754,9.34000015258789,9.390000343322754,2480,0.0,0.0
2024-07-31 10:21:00-04:00,9.449999809265137,9.449999809265137,9.449999809265137,9.449999809265137,217,0.0,0.0
2024-07-31 10:22:00-04:00,9.449999809265137,9.449999809265137,9.449999809265137,9.449999809265137,2410,0.0,0.0
2024-07-31 10:25:00-04:00,9.569999694824219,9.569999694824219,9.569999694824219,9.569999694824219,180,0.0,0.0
2024-07-31 10:26:00-04:00,9.670000076293945,9.670000076293945,9.569899559020996,9.569899559020996,326,0.0,0.0
2024-07-31 10:29:00-04:00,9.579999923706055,9.579999923706055,9.579999923706055,9.579999923706055,841,0.0,0.0
2024-07-31 10:31:00-04:00,9.571999549865723,9.571999549865723,9.571999549865723,9.571999549865723,961,0.0,0.0
2024-07-31 10:34:00-04:00,9.619999885559082,9.619999885559082,9.619999885559082,9.619999885559082,557,0.0,0.0
2024-07-31 10:40:00-04:00,9.600000381469727,9.600000381469727,9.600000381469727,9.600000381469727,214,0.0,0.0
2024-07-31 10:43:00-04:00,9.600000381469727,9.619999885559082,9.600000381469727,9.619999885559082,734,0.0,0.0
2024-07-31 10:44:00-04:00,9.619999885559082,9.619999885559082,9.609999656677246,9.609999656677246,820,0.0,0.0
2024-07-31 10:45:00-04:00,9.659299850463867,9.659299850463867,9.659299850463867,9.659299850463867,313,0.0,0.0
2024-07-31 10:47:00-04:00,9.65999984741211,9.65999984741211,9.65999984741211,9.65999984741211,2000,0.0,0.0
2024-07-31 10:48:00-04:00,9.699999809265137,9.699999809265137,9.699999809265137,9.699999809265137,0,0.0,0.0
2024-07-31 10:50:00-04:00,9.675000190734863,9.675000190734863,9.675000190734863,9.675000190734863,214,0.0,0.0
2024-07-31 10:54:00-04:00,9.670000076293945,9.670000076293945,9.670000076293945,9.670000076293945,336,0.0,0.0
2024-07-31 11:00:00-04:00,9.579999923706055,9.579999923706055,9.579999923706055,9.579999923706055,938,0.0,0.0
2024-07-31 11:12:00-04:00,9.600000381469727,9.600000381469727,9.600000381469727,9.600000381469727,144,0.0,0.0
2024-07-31 11:17:00-04:00,9.609999656677246,9.609999656677246,9.609999656677246,9.609999656677246,794,0.0,0.0
2024-07-31 11:27:00-04:00,9.609999656677246,9.609999656677246,9.609999656677246,9.609999656677246,600,0.0,0.0
2024-07-31 11:29:00-04:00,9.579099655151367,9.579099655151367,9.579099655151367,9.579099655151367,101,0.0,0.0
2024-07-31 11:30:00-04:00,9.6899995803833,9.6899995803833,9.6899995803833,9.6899995803833,303,0.0,0.0
2024-07-31 11:31:00-04:00,9.6899995803833,9.739999771118164,9.680000305175781,9.739999771118164,1686,0.0,0.0
2024-07-31 11:32:00-04:00,9.699999809265137,9.699999809265137,9.699999809265137,9.699999809265137,584,0.0,0.0
2024-07-31 11:33:00-04:00,9.699999809265137,9.699999809265137,9.699999809265137,9.699999809265137,228,0.0,0.0
2024-07-31 11:34:00-04:00,9.654000282287598,9.654000282287598,9.654000282287598,9.654000282287598,400,0.0,0.0
2024-07-31 11:35:00-04:00,9.680000305175781,9.680000305175781,9.680000305175781,9.680000305175781,20,0.0,0.0
2024-07-31 11:38:00-04:00,9.720000267028809,9.720000267028809,9.569999694824219,9.569999694824219,305,0.0,0.0
2024-07-31 11:44:00-04:00,9.649999618530273,9.649999618530273,9.649999618530273,9.649999618530273,201,0.0,0.0
2024-07-31 11:45:00-04:00,9.579999923706055,9.579999923706055,9.579999923706055,9.579999923706055,410,0.0,0.0
2024-07-31 11:50:00-04:00,9.648099899291992,9.648099899291992,9.648099899291992,9.648099899291992,120,0.0,0.0
2024-07-31 11:53:00-04:00,9.640000343322754,9.640000343322754,9.640000343322754,9.640000343322754,121,0.0,0.0
2024-07-31 11:54:00-04:00,9.739999771118164,9.739999771118164,9.739999771118164,9.739999771118164,1165,0.0,0.0
2024-07-31 12:00:00-04:00,9.739999771118164,9.75,9.739999771118164,9.75,1445,0.0,0.0
2024-07-31 12:02:00-04:00,9.630000114440918,9.630000114440918,9.630000114440918,9.630000114440918,400,0.0,0.0
2024-07-31 12:03:00-04:00,9.710000038146973,9.710000038146973,9.710000038146973,9.710000038146973,597,0.0,0.0
2024-07-31 12:13:00-04:00,9.6899995803833,9.6899995803833,9.6899995803833,9.6899995803833,132,0.0,0.0
2024-07-31 12:20:00-04:00,9.684900283813477,9.684900283813477,9.684900283813477,9.684900283813477,200,0.0,0.0
2024-07-31 12:21:00-04:00,9.6899995803833,9.6899995803833,9.6899995803833,9.6899995803833,1249,0.0,0.0
2024-07-31 12:25:00-04:00,9.779899597167969,9.779899597167969,9.779899597167969,9.779899597167969,486,0.0,0.0
2024-07-31 12:28:00-04:00,9.75,9.75,9.75,9.75,718,0.0,0.0
2024-07-31 12:33:00-04:00,9.829999923706055,9.829999923706055,9.829999923706055,9.829999923706055,753,0.0,0.0
2024-07-31 12:36:00-04:00,9.710000038146973,9.710000038146973,9.710000038146973,9.710000038146973,1110,0.0,0.0
2024-07-31 12:38:00-04:00,9.5600004196167,9.5600004196167,9.5600004196167,9.5600004196167,1233,0.0,0.0
2024-07-31 12:41:00-04:00,9.595000267028809,9.595000267028809,9.574999809265137,9.574999809265137,877,0.0,0.0
2024-07-31 13:06:00-04:00,9.539999961853027,9.539999961853027,9.539999961853027,9.539999961853027,370,0.0,0.0
2024-07-31 13:20:00-04:00,9.608699798583984,9.608699798583984,9.608699798583984,9.608699798583984,118,0.0,0.0
2024-07-31 13:29:00-04:00,9.585000038146973,9.585000038146973,9.585000038146973,9.585000038146973,1445,0.0,0.0
2024-07-31 13:41:00-04:00,9.56659984588623,9.566699981689453,9.56659984588623,9.566699981689453,923,0.0,0.0
2024-07-31 13:44:00-04:00,9.609999656677246,9.609999656677246,9.609999656677246,9.609999656677246,542,0.0,0.0
2024-07-31 13:48:00-04:00,9.65999984741211,9.65999984741211,9.649999618530273,9.649999618530273,700,0.0,0.0
2024-07-31 13:51:00-04:00,9.62399959564209,9.62399959564209,9.62399959564209,9.62399959564209,488,0.0,0.0
2024-07-31 13:54:00-04:00,9.585000038146973,9.585000038146973,9.585000038146973,9.585000038146973,226,0.0,0.0
2024-07-31 13:56:00-04:00,9.609999656677246,9.609999656677246,9.609999656677246,9.609999656677246,414,0.0,0.0
2024-07-31 14:00:00-04:00,9.520000457763672,9.520000457763672,9.520000457763672,9.520000457763672,405,0.0,0.0
2024-07-31 14:15:00-04:00,9.600000381469727,9.600000381469727,9.600000381469727,9.600000381469727,253,0.0,0.0
2024-07-31 14:26:00-04:00,9.555000305175781,9.5600004196167,9.555000305175781,9.5600004196167,1117,0.0,0.0
2024-07-31 14:32:00-04:00,9.551199913024902,9.551199913024902,9.551199913024902,9.551199913024902,305,0.0,0.0
2024-07-31 14:33:00-04:00,9.59000015258789,9.619999885559082,9.59000015258789,9.619999885559082,876,0.0,0.0
2024-07-31 14:39:00-04:00,9.65999984741211,9.65999984741211,9.65999984741211,9.65999984741211,2761,0.0,0.0
2024-07-31 14:40:00-04:00,9.658499717712402,9.65999984741211,9.658499717712402,9.65999984741211,1280,0.0,0.0
2024-07-31 14:51:00-04:00,9.819999694824219,9.899999618530273,9.770000457763672,9.800000190734863,2252,0.0,0.0
2024-07-31 14:52:00-04:00,9.880000114440918,9.890000343322754,9.880000114440918,9.890000343322754,618,0.0,0.0
2024-07-31 14:58:00-04:00,9.890000343322754,9.899999618530273,9.890000343322754,9.899999618530273,1035,0.0,0.0
2024-07-31 15:05:00-04:00,9.930000305175781,9.930000305175781,9.930000305175781,9.930000305175781,428,0.0,0.0
2024-07-31 15:08:00-04:00,9.899999618530273,9.899999618530273,9.899999618530273,9.899999618530273,521,0.0,0.0
2024-07-31 15:12:00-04:00,9.869999885559082,9.869999885559082,9.869999885559082,9.869999885559082,178,0.0,0.0
2024-07-31 15:14:00-04:00,9.880000114440918,9.880000114440918,9.880000114440918,9.880000114440918,3720,0.0,0.0
2024-07-31 15:15:00-04:00,9.90999984741211,9.9399995803833,9.90999984741211,9.9399995803833,310,0.0,0.0
2024-07-31 15:19:00-04:00,9.859999656677246,9.859999656677246,9.819999694824219,9.819999694824219,1934,0.0,0.0
2024-07-31 15:28:00-04:00,9.824999809265137,9.824999809265137,9.6850004196167,9.6850004196167,1028,0.0,0.0
2024-07-31 15:31:00-04:00,9.800000190734863,9.800000190734863,9.800000190734863,9.800000190734863,311,0.0,0.0
2024-07-31 15:32:00-04:00,9.789999961853027,9.789999961853027,9.779999732971191,9.779999732971191,1378,0.0,0.0
2024-07-31 15:34:00-04:00,9.770000457763672,9.770000457763672,9.720000267028809,9.724200248718262,856,0.0,0.0
2024-07-31 15:39:00-04:00,9.75,9.760000228881836,9.75,9.760000228881836,619,0.0,0.0
2024-07-31 15:40:00-04:00,9.710000038146973,9.710000038146973,9.710000038146973,9.710000038146973,117,0.0,0.0
2024-07-31 15:41:00-04:00,9.78499984741211,9.78499984741211,9.78499984741211,9.78499984741211,311,0.0,0.0
2024-07-31 15:43:00-04:00,9.800000190734863,9.819999694824219,9.800000190734863,9.819999694824219,729,0.0,0.0
2024-07-31 15:45:00-04:00,9.805000305175781,9.805000305175781,9.779999732971191,9.779999732971191,2770,0.0,0.0
2024-07-31 15:46:00-04:00,9.8100004196167,9.8100004196167,9.760100364685059,9.760100364685059,947,0.0,0.0
2024-07-31 15:47:00-04:00,9.739999771118164,9.739999771118164,9.699999809265137,9.699999809265137,1204,0.0,0.0
2024-07-31 15:49:00-04:00,9.680000305175781,9.680000305175781,9.619999885559082,9.628000259399414,1931,0.0,0.0
2024-07-31 15:50:00-04:00,9.729999542236328,9.729999542236328,9.621500015258789,9.621500015258789,1231,0.0,0.0
2024-07-31 15:51:00-04:00,9.610099792480469,9.680000305175781,9.610099792480469,9.619500160217285,2156,0.0,0.0
2024-07-31 15:52:00-04:00,9.675000190734863,9.729999542236328,9.618499755859375,9.664999961853027,1220,0.0,0.0
2024-07-31 15:53:00-04:00,9.65999984741211,9.65999984741211,9.649999618530273,9.649999618530273,1801,0.0,0.0
2024-07-31 15:54:00-04:00,9.645000457763672,9.645000457763672,9.530099868774414,9.530099868774414,3573,0.0,0.0
2024-07-31 15:55:00-04:00,9.529999732971191,9.579999923706055,9.48009967803955,9.48009967803955,3174,0.0,0.0
2024-07-31 15:56:00-04:00,9.479999542236328,9.520000457763672,9.460000038146973,9.510000228881836,4350,0.0,0.0
2024-07-31 15:57:00-04:00,9.430000305175781,9.460000038146973,9.40999984741211,9.437999725341797,2115,0.0,0.0
2024-07-31 15:59:00-04:00,9.514900207519531,9.514900207519531,9.514900207519531,9.514900207519531,1037,0.0,0.0
2024-08-01 09:30:00-04:00,9.619999885559082,9.619999885559082,9.619999885559082,9.619999885559082,2388,0.0,0.0
2024-08-01 09:32:00-04:00,9.666600227355957,9.666600227355957,9.666600227355957,9.666600227355957,731,0.0,0.0
2024-08-01 09:37:00-04:00,9.430000305175781,9.430000305175781,9.430000305175781,9.430000305175781,162,0.0,0.0
2024-08-01 09:47:00-04:00,9.550000190734863,9.550000190734863,9.550000190734863,9.550000190734863,595,0.0,0.0
2024-08-01 10:01:00-04:00,9.550000190734863,9.550000190734863,9.550000190734863,9.550000190734863,331,0.0,0.0
2024-08-01 10:08:00-04:00,9.449999809265137,9.454999923706055,9.449999809265137,9.454999923706055,1259,0.0,0.0
2024-08-01 10:13:00-04:00,9.5,9.510000228881836,9.5,9.510000228881836,645,0.0,0.0
2024-08-01 10:14:00-04:00,9.510000228881836,9.510000228881836,9.510000228881836,9.510000228881836,260,0.0,0.0
2024-08-01 10:24:00-04:00,9.510000228881836,9.531999588012695,9.510000228881836,9.531999588012695,463,0.0,0.0
2024-08-01 10:29:00-04:00,9.470000267028809,9.470000267028809,9.470000267028809,9.470000267028809,316,0.0,0.0
2024-08-01 10:30:00-04:00,9.390000343322754,9.390000343322754,9.329999923706055,9.359999656677246,3274,0.0,0.0
2024-08-01 10:39:00-04:00,9.420000076293945,9.420000076293945,9.420000076293945,9.420000076293945,852,0.0,0.0
2024-08-01 10:55:00-04:00,9.414999961853027,9.414999961853027,9.414999961853027,9.414999961853027,310,0.0,0.0
2024-08-01 10:56:00-04:00,9.489899635314941,9.489899635314941,9.489899635314941,9.489899635314941,2008,0.0,0.0
2024-08-01 10:59:00-04:00,9.340100288391113,9.420000076293945,9.340100288391113,9.39840030670166,1474,0.0,0.0
2024-08-01 11:03:00-04:00,9.260000228881836,9.260000228881836,9.260000228881836,9.260000228881836,101,0.0,0.0
2024-08-01 11:04:00-04:00,9.260000228881836,9.260000228881836,9.260000228881836,9.260000228881836,374,0.0,0.0
2024-08-01 11:05:00-04:00,9.270000457763672,9.270000457763672,9.270000457763672,9.270000457763672,112,0.0,0.0
2024-08-01 11:16:00-04:00,9.34000015258789,9.350000381469727,9.34000015258789,9.350000381469727,2646,0.0,0.0
2024-08-01 11:37:00-04:00,9.260000228881836,9.260000228881836,9.260000228881836,9.260000228881836,1278,0.0,0.0
2024-08-01 11:48:00-04:00,9.149999618530273,9.149999618530273,9.0,9.0,2975,0.0,0.0
2024-08-01 11:49:00-04:00,9.140000343322754,9.170499801635742,9.140000343322754,9.170499801635742,2896,0.0,0.0
2024-08-01 11:59:00-04:00,9.148900032043457,9.148900032043457,9.148900032043457,9.148900032043457,346,0.0,0.0
2024-08-01 12:01:00-04:00,9.04010009765625,9.04010009765625,9.04010009765625,9.04010009765625,183,0.0,0.0
2024-08-01 12:05:00-04:00,9.140000343322754,9.140000343322754,9.140000343322754,9.140000343322754,188,0.0,0.0
2024-08-01 12:06:00-04:00,9.220000267028809,9.220000267028809,9.220000267028809,9.220000267028809,419,0.0,0.0
2024-08-01 12:08:00-04:00,9.163800239562988,9.163800239562988,9.163800239562988,9.163800239562988,200,0.0,0.0
2024-08-01 12:09:00-04:00,9.153200149536133,9.153200149536133,9.153200149536133,9.153200149536133,73,0.0,0.0
2024-08-01 12:10:00-04:00,9.170000076293945,9.170000076293945,9.170000076293945,9.170000076293945,257,0.0,0.0
2024-08-01 12:11:00-04:00,9.050000190734863,9.140000343322754,9.050000190734863,9.140000343322754,287,0.0,0.0
2024-08-01 12:17:00-04:00,9.210000038146973,9.210000038146973,9.210000038146973,9.210000038146973,2900,0.0,0.0
2024-08-01 12:19:00-04:00,9.069999694824219,9.069999694824219,9.0600004196167,9.069999694824219,614,0.0,0.0
2024-08-01 12:20:00-04:00,9.170000076293945,9.170000076293945,9.168700218200684,9.168700218200684,1941,0.0,0.0
2024-08-01 12:22:00-04:00,9.15999984741211,9.15999984741211,9.15999984741211,9.15999984741211,154,0.0,0.0
2024-08-01 12:23:00-04:00,9.130000114440918,9.130000114440918,9.130000114440918,9.130000114440918,200,0.0,0.0
2024-08-01 12:24:00-04:00,9.03499984741211,9.03499984741211,9.03499984741211,9.03499984741211,56,0.0,0.0
2024-08-01 12:29:00-04:00,9.09000015258789,9.100000381469727,9.09000015258789,9.100000381469727,634,0.0,0.0
2024-08-01 12:31:00-04:00,9.100000381469727,9.140000343322754,9.100000381469727,9.140000343322754,1019,0.0,0.0
2024-08-01 12:34:00-04:00,9.114999771118164,9.114999771118164,9.114999771118164,9.114999771118164,209,0.0,0.0
2024-08-01 12:37:00-04:00,9.094200134277344,9.094200134277344,9.094200134277344,9.094200134277344,699,0.0,0.0
2024-08-01 12:41:00-04:00,9.0600004196167,9.0600004196167,9.019399642944336,9.019399642944336,390,0.0,0.0
2024-08-01 12:52:00-04:00,8.976200103759766,8.976200103759766,8.976200103759766,8.976200103759766,154,0.0,0.0
2024-08-01 12:55:00-04:00,9.079999923706055,9.079999923706055,9.079999923706055,9.079999923706055,376,0.0,0.0
2024-08-01 12:56:00-04:00,8.949999809265137,8.949999809265137,8.949999809265137,8.949999809265137,12,0.0,0.0
2024-08-01 12:57:00-04:00,9.040800094604492,9.040800094604492,9.040800094604492,9.040800094604492,249,0.0,0.0
2024-08-01 13:02:00-04:00,9.003999710083008,9.003999710083008,9.003999710083008,9.003999710083008,169,0.0,0.0
2024-08-01 13:08:00-04:00,8.989999771118164,8.989999771118164,8.989999771118164,8.989999771118164,566,0.0,0.0
2024-08-01 13:15:00-04:00,8.960000038146973,8.960000038146973,8.960000038146973,8.960000038146973,1027,0.0,0.0
2024-08-01 13:18:00-04:00,9.039999961853027,9.039999961853027,9.039999961853027,9.039999961853027,371,0.0,0.0
2024-08-01 13:29:00-04:00,9.119999885559082,9.170000076293945,9.106599807739258,9.119999885559082,2526,0.0,0.0
2024-08-01 13:43:00-04:00,9.029999732971191,9.029999732971191,9.029999732971191,9.029999732971191,175,0.0,0.0
2024-08-01 13:45:00-04:00,9.085000038146973,9.085000038146973,9.085000038146973,9.085000038146973,200,0.0,0.0
2024-08-01 13:46:00-04:00,9.060999870300293,9.060999870300293,9.060999870300293,9.060999870300293,23,0.0,0.0
2024-08-01 13:49:00-04:00,9.020000457763672,9.029999732971191,8.90999984741211,8.949999809265137,6052,0.0,0.0
2024-08-01 13:50:00-04:00,8.979999542236328,8.979999542236328,8.979999542236328,8.979999542236328,222,0.0,0.0
2024-08-01 13:52:00-04:00,9.0,9.0,9.0,9.0,438,0.0,0.0
2024-08-01 13:53:00-04:00,9.170000076293945,9.170000076293945,9.170000076293945,9.170000076293945,1294,0.0,0.0
2024-08-01 13:54:00-04:00,9.170000076293945,9.170000076293945,9.170000076293945,9.170000076293945,647,0.0,0.0
2024-08-01 13:56:00-04:00,9.229999542236328,9.229999542236328,9.229999542236328,9.229999542236328,0,0.0,0.0
2024-08-01 14:01:00-04:00,9.210000038146973,9.210000038146973,9.210000038146973,9.210000038146973,317,0.0,0.0
2024-08-01 14:26:00-04:00,9.220000267028809,9.220000267028809,9.220000267028809,9.220000267028809,453,0.0,0.0
2024-08-01 14:30:00-04:00,9.029999732971191,9.029999732971191,9.020000457763672,9.020000457763672,514,0.0,0.0
2024-08-01 14:47:00-04:00,9.170000076293945,9.170000076293945,9.170000076293945,9.170000076293945,237,0.0,0.0
2024-08-01 14:53:00-04:00,9.149999618530273,9.149999618530273,9.149999618530273,9.149999618530273,510,0.0,0.0
2024-08-01 14:54:00-04:00,9.0,9.0,8.979999542236328,9.0,3623,0.0,0.0
2024-08-01 14:56:00-04:00,8.949999809265137,8.949999809265137,8.949999809265137,8.949999809265137,258,0.0,0.0
2024-08-01 14:59:00-04:00,8.960000038146973,8.960000038146973,8.960000038146973,8.960000038146973,400,0.0,0.0
2024-08-01 15:00:00-04:00,9.0,9.0,9.0,9.0,318,0.0,0.0
2024-08-01 15:04:00-04:00,8.989999771118164,8.989999771118164,8.9399995803833,8.9399995803833,476,0.0,0.0
2024-08-01 15:05:00-04:00,8.9399995803833,8.9399995803833,8.9399995803833,8.9399995803833,339,0.0,0.0
2024-08-01 15:06:00-04:00,8.989999771118164,9.0,8.989999771118164,9.0,335,0.0,0.0
2024-08-01 15:11:00-04:00,8.954999923706055,8.954999923706055,8.954999923706055,8.954999923706055,250,0.0,0.0
2024-08-01 15:13:00-04:00,8.989999771118164,9.100000381469727,8.989999771118164,9.100000381469727,2977,0.0,0.0
2024-08-01 15:19:00-04:00,8.989999771118164,9.0,8.989999771118164,9.0,630,0.0,0.0
2024-08-01 15:25:00-04:00,9.013799667358398,9.0600004196167,9.013099670410156,9.0600004196167,410,0.0,0.0
2024-08-01 15:26:00-04:00,9.06879997253418,9.06879997253418,9.06879997253418,9.06879997253418,374,0.0,0.0
2024-08-01 15:29:00-04:00,9.069999694824219,9.069999694824219,9.069999694824219,9.069999694824219,300,0.0,0.0
2024-08-01 15:30:00-04:00,9.079999923706055,9.079999923706055,9.079999923706055,9.079999923706055,577,0.0,0.0
2024-08-01 15:32:00-04:00,9.119999885559082,9.119999885559082,9.109999656677246,9.109999656677246,608,0.0,0.0
2024-08-01 15:34:00-04:00,9.079999923706055,9.130000114440918,9.079999923706055,9.130000114440918,851,0.0,0.0
2024-08-01 15:35:00-04:00,9.130000114440918,9.140000343322754,9.130000114440918,9.140000343322754,277,0.0,0.0
2024-08-01 15:37:00-04:00,9.079999923706055,9.079999923706055,9.020000457763672,9.020000457763672,414,0.0,0.0
2024-08-01 15:41:00-04:00,9.074999809265137,9.074999809265137,9.074999809265137,9.074999809265137,115,0.0,0.0
2024-08-01 15:42:00-04:00,9.091699600219727,9.091699600219727,9.091699600219727,9.091699600219727,578,0.0,0.0
2024-08-01 15:45:00-04:00,9.079999923706055,9.079999923706055,9.079999923706055,9.079999923706055,200,0.0,0.0
2024-08-01 15:46:00-04:00,9.11989974975586,9.11989974975586,9.11989974975586,9.11989974975586,143,0.0,0.0
2024-08-01 15:48:00-04:00,9.085000038146973,9.180000305175781,9.085000038146973,9.180000305175781,2460,0.0,0.0
2024-08-01 15:49:00-04:00,9.180000305175781,9.277099609375,9.180000305175781,9.260100364685059,3318,0.0,0.0
2024-08-01 15:51:00-04:00,9.1899995803833,9.260000228881836,9.180000305175781,9.251999855041504,1725,0.0,0.0
2024-08-01 15:52:00-04:00,9.270000457763672,9.350000381469727,9.260000228881836,9.349900245666504,4808,0.0,0.0
2024-08-01 15:53:00-04:00,9.337599754333496,9.389900207519531,9.329999923706055,9.389900207519531,2097,0.0,0.0
2024-08-01 15:54:00-04:00,9.300000190734863,9.329999923706055,9.25,9.329999923706055,2647,0.0,0.0
2024-08-01 15:55:00-04:00,9.25,9.403300285339355,9.25,9.355899810791016,6106,0.0,0.0
2024-08-01 15:56:00-04:00,9.359999656677246,9.369999885559082,9.170999526977539,9.260000228881836,5934,0.0,0.0
2024-08-01 15:57:00-04:00,9.300000190734863,9.390000343322754,9.300000190734863,9.390000343322754,2746,0.0,0.0
2024-08-01 15:58:00-04:00,9.34000015258789,9.34000015258789,9.229999542236328,9.229999542236328,2900,0.0,0.0
2024-08-01 15:59:00-04:00,9.229999542236328,9.319999694824219,9.229999542236328,9.319999694824219,1569,0.0,0.0
2024-08-02 09:30:00-04:00,8.960000038146973,8.960000038146973,8.800000190734863,8.800000190734863,2712,0.0,0.0
2024-08-02 09:31:00-04:00,8.8100004196167,8.8100004196167,8.8100004196167,8.8100004196167,152,0.0,0.0
2024-08-02 09:34:00-04:00,8.81190013885498,8.81190013885498,8.609999656677246,8.609999656677246,3292,0.0,0.0
2024-08-02 09:35:00-04:00,8.779999732971191,8.779999732971191,8.694999694824219,8.694999694824219,390,0.0,0.0
2024-08-02 09:36:00-04:00,8.65999984741211,8.800000190734863,8.65999984741211,8.800000190734863,1450,0.0,0.0
2024-08-02 09:40:00-04:00,8.920000076293945,8.920000076293945,8.920000076293945,8.920000076293945,203,0.0,0.0
2024-08-02 09:42:00-04:00,8.891500473022461,8.891500473022461,8.891500473022461,8.891500473022461,654,0.0,0.0
2024-08-02 09:43:00-04:00,8.8100004196167,8.970000267028809,8.8100004196167,8.970000267028809,1742,0.0,0.0
2024-08-02 09:44:00-04:00,8.989999771118164,8.989999771118164,8.970000267028809,8.970000267028809,1005,0.0,0.0
2024-08-02 09:48:00-04:00,8.890000343322754,8.890000343322754,8.890000343322754,8.890000343322754,1554,0.0,0.0
2024-08-02 09:50:00-04:00,9.0,9.050000190734863,9.0,9.050000190734863,1244,0.0,0.0
2024-08-02 09:52:00-04:00,8.994999885559082,8.994999885559082,8.994999885559082,8.994999885559082,103,0.0,0.0
2024-08-02 09:54:00-04:00,9.048100471496582,9.048100471496582,9.048100471496582,9.048100471496582,278,0.0,0.0
2024-08-02 09:55:00-04:00,8.890000343322754,8.890000343322754,8.890000343322754,8.890000343322754,200,0.0,0.0
2024-08-02 10:00:00-04:00,8.795999526977539,8.795999526977539,8.795999526977539,8.795999526977539,800,0.0,0.0
2024-08-02 10:05:00-04:00,8.854999542236328,8.854999542236328,8.789999961853027,8.789999961853027,709,0.0,0.0
2024-08-02 10:06:00-04:00,8.760000228881836,8.760000228881836,8.760000228881836,8.760000228881836,494,0.0,0.0
2024-08-02 10:07:00-04:00,8.836899757385254,8.836899757385254,8.836899757385254,8.836899757385254,2090,0.0,0.0
2024-08-02 10:14:00-04:00,8.623700141906738,8.710000038146973,8.623700141906738,8.710000038146973,6153,0.0,0.0
2024-08-02 10:18:00-04:00,8.750100135803223,8.750100135803223,8.750100135803223,8.750100135803223,473,0.0,0.0
2024-08-02 10:19:00-04:00,8.75,8.75,8.75,8.75,1556,0.0,0.0
2024-08-02 10:24:00-04:00,8.800000190734863,8.800000190734863,8.729999542236328,8.729999542236328,811,0.0,0.0
2024-08-02 10:28:00-04:00,8.946800231933594,8.946800231933594,8.946800231933594,8.946800231933594,488,0.0,0.0
2024-08-02 10:30:00-04:00,8.8100004196167,8.8100004196167,8.8100004196167,8.8100004196167,768,0.0,0.0
2024-08-02 10:34:00-04:00,8.776000022888184,8.776000022888184,8.776000022888184,8.776000022888184,143,0.0,0.0
2024-08-02 10:36:00-04:00,8.8149995803833,8.8149995803833,8.8149995803833,8.8149995803833,178,0.0,0.0
2024-08-02 10:37:00-04:00,8.84000015258789,8.84000015258789,8.84000015258789,8.84000015258789,294,0.0,0.0
2024-08-02 10:41:00-04:00,8.779999732971191,8.78499984741211,8.779999732971191,8.78499984741211,412,0.0,0.0
2024-08-02 10:45:00-04:00,8.643699645996094,8.643699645996094,8.643699645996094,8.643699645996094,266,0.0,0.0
2024-08-02 10:46:00-04:00,8.63010025024414,8.63010025024414,8.63010025024414,8.63010025024414,591,0.0,0.0
2024-08-02 11:00:00-04:00,8.728500366210938,8.728500366210938,8.728500366210938,8.728500366210938,673,0.0,0.0
2024-08-02 11:01:00-04:00,8.75,8.75,8.6899995803833,8.6899995803833,540,0.0,0.0
2024-08-02 11:06:00-04:00,8.739999771118164,8.75,8.649999618530273,8.649999618530273,1451,0.0,0.0
2024-08-02 11:14:00-04:00,8.75,8.75,8.75,8.75,270,0.0,0.0
2024-08-02 11:18:00-04:00,8.800000190734863,8.8100004196167,8.736000061035156,8.8100004196167,1487,0.0,0.0
2024-08-02 11:23:00-04:00,8.744999885559082,8.744999885559082,8.744999885559082,8.744999885559082,1919,0.0,0.0
2024-08-02 11:32:00-04:00,8.8100004196167,8.8100004196167,8.8100004196167,8.8100004196167,275,0.0,0.0
2024-08-02 11:33:00-04:00,8.850000381469727,8.850000381469727,8.850000381469727,8.850000381469727,331,0.0,0.0
2024-08-02 11:43:00-04:00,8.919899940490723,8.919899940490723,8.919899940490723,8.919899940490723,146,0.0,0.0
2024-08-02 11:45:00-04:00,8.920000076293945,8.920000076293945,8.920000076293945,8.920000076293945,280,0.0,0.0
2024-08-02 11:50:00-04:00,8.94950008392334,8.94950008392334,8.94950008392334,8.94950008392334,1000,0.0,0.0
2024-08-02 11:51:00-04:00,8.875,8.875,8.875,8.875,0,0.0,0.0
2024-08-02 11:55:00-04:00,8.853500366210938,8.853500366210938,8.853500366210938,8.853500366210938,1500,0.0,0.0
2024-08-02 11:56:00-04:00,8.835000038146973,8.835000038146973,8.835000038146973,8.835000038146973,0,0.0,0.0
2024-08-02 12:00:00-04:00,8.829999923706055,8.829999923706055,8.829999923706055,8.829999923706055,157,0.0,0.0
2024-08-02 12:02:00-04:00,8.816499710083008,8.816499710083008,8.816499710083008,8.816499710083008,344,0.0,0.0
2024-08-02 12:16:00-04:00,8.8100004196167,8.8100004196167,8.8100004196167,8.8100004196167,336,0.0,0.0
2024-08-02 12:21:00-04:00,8.84000015258789,8.84000015258789,8.84000015258789,8.84000015258789,600,0.0,0.0
2024-08-02 12:34:00-04:00,8.760100364685059,8.760100364685059,8.760100364685059,8.760100364685059,1100,0.0,0.0
2024-08-02 12:42:00-04:00,8.779999732971191,8.779999732971191,8.779999732971191,8.779999732971191,228,0.0,0.0
2024-08-02 12:51:00-04:00,8.869999885559082,8.869999885559082,8.869999885559082,8.869999885559082,304,0.0,0.0
2024-08-02 12:53:00-04:00,8.699999809265137,8.704999923706055,8.699999809265137,8.704999923706055,577,0.0,0.0
2024-08-02 13:09:00-04:00,8.686100006103516,8.686100006103516,8.686100006103516,8.686100006103516,1918,0.0,0.0
2024-08-02 13:15:00-04:00,8.729999542236328,8.75,8.729999542236328,8.75,762,0.0,0.0
2024-08-02 13:16:00-04:00,8.75,8.75,8.75,8.75,255,0.0,0.0
2024-08-02 13:21:00-04:00,8.71500015258789,8.720000267028809,8.71500015258789,8.720000267028809,262,0.0,0.0
2024-08-02 13:25:00-04:00,8.71500015258789,8.71500015258789,8.71500015258789,8.71500015258789,983,0.0,0.0
2024-08-02 13:36:00-04:00,8.770000457763672,8.770000457763672,8.770000457763672,8.770000457763672,141,0.0,0.0
2024-08-02 13:40:00-04:00,8.6899995803833,8.6899995803833,8.6899995803833,8.6899995803833,633,0.0,0.0
2024-08-02 13:48:00-04:00,8.710000038146973,8.710000038146973,8.710000038146973,8.710000038146973,1579,0.0,0.0
2024-08-02 13:49:00-04:00,8.699999809265137,8.699999809265137,8.699999809265137,8.699999809265137,0,0.0,0.0
2024-08-02 13:56:00-04:00,8.667099952697754,8.667099952697754,8.667099952697754,8.667099952697754,353,0.0,0.0
2024-08-02 13:57:00-04:00,8.604000091552734,8.604000091552734,8.604000091552734,8.604000091552734,115,0.0,0.0
2024-08-02 13:59:00-04:00,8.68529987335205,8.68529987335205,8.68529987335205,8.68529987335205,1154,0.0,0.0
2024-08-02 14:00:00-04:00,8.5600004196167,8.5600004196167,8.520000457763672,8.520000457763672,1615,0.0,0.0
2024-08-02 14:03:00-04:00,8.59000015258789,8.59000015258789,8.59000015258789,8.59000015258789,414,0.0,0.0
2024-08-02 14:05:00-04:00,8.65999984741211,8.65999984741211,8.65999984741211,8.65999984741211,996,0.0,0.0
2024-08-02 14:06:00-04:00,8.531999588012695,8.531999588012695,8.531999588012695,8.531999588012695,0,0.0,0.0
2024-08-02 14:08:00-04:00,8.649999618530273,8.649999618530273,8.649999618530273,8.649999618530273,870,0.0,0.0
2024-08-02 14:11:00-04:00,8.60200023651123,8.60200023651123,8.60200023651123,8.60200023651123,403,0.0,0.0
2024-08-02 14:28:00-04:00,8.65999984741211,8.670000076293945,8.640000343322754,8.670000076293945,912,0.0,0.0
2024-08-02 14:30:00-04:00,8.63070011138916,8.649999618530273,8.63070011138916,8.649999618530273,2130,0.0,0.0
2024-08-02 14:32:00-04:00,8.6899995803833,8.6899995803833,8.6899995803833,8.6899995803833,217,0.0,0.0
2024-08-02 14:33:00-04:00,8.710000038146973,8.710000038146973,8.710000038146973,8.710000038146973,1751,0.0,0.0
2024-08-02 14:41:00-04:00,8.625,8.625,8.625,8.625,213,0.0,0.0
2024-08-02 14:51:00-04:00,8.569999694824219,8.59000015258789,8.569999694824219,8.59000015258789,602,0.0,0.0
2024-08-02 14:52:00-04:00,8.619999885559082,8.649999618530273,8.614999771118164,8.640000343322754,3468,0.0,0.0
2024-08-02 14:53:00-04:00,8.649999618530273,8.6899995803833,8.649999618530273,8.6899995803833,231,0.0,0.0
2024-08-02 14:54:00-04:00,8.649999618530273,8.649999618530273,8.640000343322754,8.640000343322754,325,0.0,0.0
2024-08-02 14:55:00-04:00,8.6899995803833,8.6899995803833,8.65999984741211,8.65999984741211,249,0.0,0.0
2024-08-02 14:56:00-04:00,8.694999694824219,8.694999694824219,8.640000343322754,8.640000343322754,2469,0.0,0.0
2024-08-02 14:57:00-04:00,8.600000381469727,8.600000381469727,8.600000381469727,8.600000381469727,205,0.0,0.0
2024-08-02 14:59:00-04:00,8.550200462341309,8.550200462341309,8.550200462341309,8.550200462341309,439,0.0,0.0
2024-08-02 15:00:00-04:00,8.579999923706055,8.579999923706055,8.579999923706055,8.579999923706055,2128,0.0,0.0
2024-08-02 15:15:00-04:00,8.604999542236328,8.604999542236328,8.604999542236328,8.604999542236328,312,0.0,0.0
2024-08-02 15:22:00-04:00,8.539999961853027,8.539999961853027,8.539999961853027,8.539999961853027,224,0.0,0.0
2024-08-02 15:23:00-04:00,8.5600004196167,8.5600004196167,8.5600004196167,8.5600004196167,723,0.0,0.0
2024-08-02 15:26:00-04:00,8.600000381469727,8.600000381469727,8.574999809265137,8.574999809265137,229,0.0,0.0
2024-08-02 15:27:00-04:00,8.579999923706055,8.609999656677246,8.579999923706055,8.609999656677246,591,0.0,0.0
2024-08-02 15:28:00-04:00,8.630000114440918,8.640000343322754,8.630000114440918,8.640000343322754,419,0.0,0.0
2024-08-02 15:31:00-04:00,8.600000381469727,8.600000381469727,8.600000381469727,8.600000381469727,807,0.0,0.0
2024-08-02 15:36:00-04:00,8.629899978637695,8.629899978637695,8.629899978637695,8.629899978637695,149,0.0,0.0
2024-08-02 15:37:00-04:00,8.62559986114502,8.62559986114502,8.600000381469727,8.600000381469727,1946,0.0,0.0
2024-08-02 15:39:00-04:00,8.530099868774414,8.59000015258789,8.530099868774414,8.59000015258789,1557,0.0,0.0
2024-08-02 15:41:00-04:00,8.59000015258789,8.59000015258789,8.59000015258789,8.59000015258789,512,0.0,0.0
2024-08-02 15:42:00-04:00,8.61989974975586,8.619999885559082,8.61989974975586,8.619999885559082,602,0.0,0.0
2024-08-02 15:44:00-04:00,8.609999656677246,8.649999618530273,8.609999656677246,8.649999618530273,1294,0.0,0.0
2024-08-02 15:45:00-04:00,8.670000076293945,8.680000305175781,8.670000076293945,8.680000305175781,346,0.0,0.0
2024-08-02 15:46:00-04:00,8.6899995803833,8.6899995803833,8.6899995803833,8.6899995803833,339,0.0,0.0
2024-08-02 15:47:00-04:00,8.720000267028809,8.770000457763672,8.720000267028809,8.760000228881836,2443,0.0,0.0
2024-08-02 15:49:00-04:00,8.765000343322754,8.850000381469727,8.760000228881836,8.850000381469727,4394,0.0,0.0
2024-08-02 15:50:00-04:00,8.85990047454834,8.920000076293945,8.824999809265137,8.920000076293945,3977,0.0,0.0
2024-08-02 15:51:00-04:00,8.885000228881836,8.979999542236328,8.885000228881836,8.930000305175781,2668,0.0,0.0
2024-08-02 15:52:00-04:00,8.904999732971191,8.969900131225586,8.904999732971191,8.969900131225586,1655,0.0,0.0
2024-08-02 15:54:00-04:00,8.9399995803833,9.100000381469727,8.831600189208984,9.015000343322754,9360,0.0,0.0
2024-08-02 15:55:00-04:00,9.005000114440918,9.140000343322754,8.975000381469727,9.140000343322754,3567,0.0,0.0
2024-08-02 15:56:00-04:00,9.0600004196167,9.0600004196167,9.0600004196167,9.0600004196167,728,0.0,0.0
2024-08-02 15:57:00-04:00,9.0600004196167,9.260000228881836,9.0600004196167,9.229999542236328,11990,0.0,0.0
2024-08-02 15:58:00-04:00,9.125,9.125,9.119999885559082,9.119999885559082,500,0.0,0.0
2024-08-02 15:59:00-04:00,9.114999771118164,9.114999771118164,9.029999732971191,9.029999732971191,1044,0.0,0.0
