Datetime,Open,High,Low,Close,Volume,Dividends,Stock Splits
2024-07-04 09:00:00+09:00,15240.0,15300.0,15240.0,15300.0,0,0.0,0.0
2024-07-04 09:05:00+09:00,15270.0,15290.0,15240.0,15240.0,607,0.0,0.0
2024-07-04 09:10:00+09:00,15230.0,15230.0,15230.0,15230.0,0,0.0,0.0
2024-07-04 09:15:00+09:00,15240.0,15240.0,15210.0,15210.0,90,0.0,0.0
2024-07-04 09:20:00+09:00,15210.0,15210.0,15160.0,15160.0,128,0.0,0.0
2024-07-04 09:25:00+09:00,15160.0,15160.0,15010.0,15020.0,1916,0.0,0.0
2024-07-04 09:30:00+09:00,15030.0,15100.0,14910.0,14940.0,3523,0.0,0.0
2024-07-04 09:35:00+09:00,14940.0,14940.0,14860.0,14880.0,2359,0.0,0.0
2024-07-04 09:40:00+09:00,14910.0,15000.0,14670.0,15000.0,6358,0.0,0.0
2024-07-04 09:45:00+09:00,15000.0,15000.0,14980.0,14980.0,75,0.0,0.0
2024-07-04 09:50:00+09:00,15000.0,15000.0,14990.0,15000.0,147,0.0,0.0
2024-07-04 09:55:00+09:00,14980.0,15110.0,14980.0,15040.0,1781,0.0,0.0
2024-07-04 10:00:00+09:00,15050.0,15110.0,15020.0,15100.0,127,0.0,0.0
2024-07-04 10:05:00+09:00,15070.0,15070.0,15070.0,15070.0,154,0.0,0.0
2024-07-04 10:10:00+09:00,15100.0,15100.0,15070.0,15080.0,1,0.0,0.0
2024-07-04 10:15:00+09:00,15090.0,15110.0,15090.0,15090.0,495,0.0,0.0
2024-07-04 10:20:00+09:00,15100.0,15100.0,15080.0,15080.0,8,0.0,0.0
2024-07-04 10:25:00+09:00,15100.0,15100.0,15100.0,15100.0,0,0.0,0.0
2024-07-04 10:30:00+09:00,15090.0,15090.0,15070.0,15070.0,115,0.0,0.0
2024-07-04 10:35:00+09:00,15060.0,15090.0,15060.0,15080.0,7,0.0,0.0
2024-07-04 10:40:00+09:00,15080.0,15080.0,15080.0,15080.0,7,0.0,0.0
2024-07-04 10:45:00+09:00,15080.0,15090.0,15080.0,15090.0,14,0.0,0.0
2024-07-04 10:50:00+09:00,15080.0,15080.0,15080.0,15080.0,13,0.0,0.0
2024-07-04 10:55:00+09:00,15070.0,15090.0,15070.0,15090.0,19,0.0,0.0
2024-07-04 11:00:00+09:00,15090.0,15090.0,15080.0,15080.0,5,0.0,0.0
2024-07-04 11:05:00+09:00,15080.0,15080.0,15070.0,15070.0,23,0.0,0.0
2024-07-04 11:10:00+09:00,15060.0,15080.0,15050.0,15080.0,1108,0.0,0.0
2024-07-04 11:15:00+09:00,15060.0,15080.0,15060.0,15060.0,6,0.0,0.0
2024-07-04 11:20:00+09:00,15060.0,15080.0,15050.0,15080.0,66,0.0,0.0
2024-07-04 11:25:00+09:00,15080.0,15080.0,15080.0,15080.0,2,0.0,0.0
2024-07-04 11:30:00+09:00,15070.0,15080.0,15070.0,15080.0,63,0.0,0.0
2024-07-04 11:35:00+09:00,15080.0,15090.0,15080.0,15080.0,0,0.0,0.0
2024-07-04 11:40:00+09:00,15090.0,15090.0,15090.0,15090.0,3,0.0,0.0
2024-07-04 11:45:00+09:00,15080.0,15100.0,15080.0,15100.0,1918,0.0,0.0
2024-07-04 11:50:00+09:00,15100.0,15100.0,15100.0,15100.0,0,0.0,0.0
2024-07-04 11:55:00+09:00,15100.0,15100.0,15090.0,15100.0,9,0.0,0.0
2024-07-04 12:00:00+09:00,15100.0,15100.0,15100.0,15100.0,333,0.0,0.0
2024-07-04 12:05:00+09:00,15100.0,15100.0,15100.0,15100.0,0,0.0,0.0
2024-07-04 12:10:00+09:00,15100.0,15140.0,15100.0,15140.0,48,0.0,0.0
2024-07-04 12:15:00+09:00,15140.0,15140.0,15140.0,15140.0,5,0.0,0.0
2024-07-04 12:20:00+09:00,15130.0,15140.0,15130.0,15130.0,62,0.0,0.0
2024-07-04 12:25:00+09:00,15130.0,15130.0,15130.0,15130.0,0,0.0,0.0
2024-07-04 12:35:00+09:00,15130.0,15130.0,15130.0,15130.0,5,0.0,0.0
2024-07-04 12:40:00+09:00,15130.0,15130.0,15120.0,15120.0,5,0.0,0.0
2024-07-04 12:45:00+09:00,15130.0,15190.0,15130.0,15170.0,544,0.0,0.0
2024-07-04 12:50:00+09:00,15170.0,15180.0,15170.0,15180.0,12,0.0,0.0
2024-07-04 12:55:00+09:00,15170.0,15210.0,15170.0,15210.0,281,0.0,0.0
2024-07-04 13:00:00+09:00,15200.0,15210.0,15200.0,15210.0,50,0.0,0.0
2024-07-04 13:05:00+09:00,15200.0,15210.0,15170.0,15180.0,42,0.0,0.0
2024-07-04 13:10:00+09:00,15180.0,15180.0,15180.0,15180.0,0,0.0,0.0
2024-07-04 13:15:00+09:00,15180.0,15180.0,15180.0,15180.0,4,0.0,0.0
2024-07-04 13:20:00+09:00,15180.0,15180.0,15170.0,15170.0,7,0.0,0.0
2024-07-04 13:25:00+09:00,15170.0,15180.0,15170.0,15180.0,22,0.0,0.0
2024-07-04 13:30:00+09:00,15180.0,15180.0,15180.0,15180.0,45,0.0,0.0
2024-07-04 13:35:00+09:00,15180.0,15220.0,15180.0,15220.0,122,0.0,0.0
2024-07-04 13:40:00+09:00,15220.0,15220.0,15210.0,15210.0,27,0.0,0.0
2024-07-04 13:45:00+09:00,15200.0,15220.0,15200.0,15210.0,8,0.0,0.0
2024-07-04 13:50:00+09:00,15210.0,15210.0,15200.0,15200.0,9,0.0,0.0
2024-07-04 13:55:00+09:00,15200.0,15240.0,15200.0,15240.0,938,0.0,0.0
2024-07-04 14:00:00+09:00,15240.0,15300.0,15240.0,15270.0,380,0.0,0.0
2024-07-04 14:05:00+09:00,15250.0,15300.0,15240.0,15300.0,40,0.0,0.0
2024-07-04 14:10:00+09:00,15290.0,15300.0,15290.0,15290.0,56,0.0,0.0
2024-07-04 14:15:00+09:00,15290.0,15290.0,15060.0,15220.0,1242,0.0,0.0
2024-07-04 14:20:00+09:00,15150.0,15220.0,15150.0,15180.0,9,0.0,0.0
2024-07-04 14:25:00+09:00,15180.0,15180.0,15170.0,15170.0,17,0.0,0.0
2024-07-04 14:30:00+09:00,15170.0,15180.0,15170.0,15170.0,11,0.0,0.0
2024-07-04 14:35:00+09:00,15160.0,15180.0,15160.0,15180.0,40,0.0,0.0
2024-07-04 14:40:00+09:00,15170.0,15170.0,15100.0,15100.0,186,0.0,0.0
2024-07-04 14:45:00+09:00,15120.0,15150.0,15120.0,15150.0,18,0.0,0.0
2024-07-04 14:50:00+09:00,15140.0,15200.0,15140.0,15190.0,68,0.0,0.0
2024-07-04 14:55:00+09:00,15180.0,15180.0,15180.0,15180.0,1,0.0,0.0
2024-07-05 09:00:00+09:00,15160.0,15350.0,15160.0,15330.0,823,0.0,0.0
2024-07-05 09:05:00+09:00,15250.0,15320.0,15250.0,15320.0,1,0.0,0.0
2024-07-05 09:10:00+09:00,15310.0,15320.0,15310.0,15320.0,404,0.0,0.0
2024-07-05 09:15:00+09:00,15320.0,15320.0,15290.0,15290.0,0,0.0,0.0
2024-07-05 09:25:00+09:00,15250.0,15260.0,15240.0,15240.0,147,0.0,0.0
2024-07-05 09:30:00+09:00,15230.0,15230.0,15230.0,15230.0,1,0.0,0.0
2024-07-05 09:35:00+09:00,15230.0,15230.0,15230.0,15230.0,0,0.0,0.0
2024-07-05 09:40:00+09:00,15230.0,15230.0,15230.0,15230.0,20,0.0,0.0
2024-07-05 09:45:00+09:00,15230.0,15250.0,15200.0,15210.0,260,0.0,0.0
2024-07-05 09:50:00+09:00,15210.0,15210.0,15200.0,15200.0,516,0.0,0.0
2024-07-05 09:55:00+09:00,15200.0,15210.0,15190.0,15210.0,109,0.0,0.0
2024-07-05 10:00:00+09:00,15210.0,15210.0,15190.0,15210.0,44,0.0,0.0
2024-07-05 10:05:00+09:00,15190.0,15190.0,15190.0,15190.0,112,0.0,0.0
2024-07-05 10:10:00+09:00,15180.0,15190.0,15180.0,15180.0,105,0.0,0.0
2024-07-05 10:15:00+09:00,15170.0,15170.0,15150.0,15150.0,369,0.0,0.0
2024-07-05 10:20:00+09:00,15140.0,15140.0,15140.0,15140.0,40,0.0,0.0
2024-07-05 10:25:00+09:00,15140.0,15140.0,15120.0,15130.0,137,0.0,0.0
2024-07-05 10:30:00+09:00,15130.0,15130.0,15100.0,15100.0,314,0.0,0.0
2024-07-05 10:35:00+09:00,15080.0,15080.0,14980.0,14990.0,561,0.0,0.0
2024-07-05 10:40:00+09:00,15020.0,15020.0,15010.0,15010.0,11,0.0,0.0
2024-07-05 10:45:00+09:00,15020.0,15060.0,15020.0,15060.0,155,0.0,0.0
2024-07-05 10:50:00+09:00,15070.0,15070.0,15030.0,15030.0,1873,0.0,0.0
2024-07-05 10:55:00+09:00,15020.0,15030.0,15000.0,15010.0,18,0.0,0.0
2024-07-05 11:00:00+09:00,15020.0,15030.0,15010.0,15010.0,447,0.0,0.0
2024-07-05 11:05:00+09:00,15030.0,15030.0,14990.0,14990.0,497,0.0,0.0
2024-07-05 11:10:00+09:00,15010.0,15010.0,14990.0,15000.0,50,0.0,0.0
2024-07-05 11:15:00+09:00,15010.0,15020.0,15000.0,15000.0,41,0.0,0.0
2024-07-05 11:20:00+09:00,15010.0,15020.0,15000.0,15000.0,116,0.0,0.0
2024-07-05 11:25:00+09:00,15010.0,15020.0,15010.0,15010.0,0,0.0,0.0
2024-07-05 11:30:00+09:00,15010.0,15010.0,15000.0,15010.0,112,0.0,0.0
2024-07-05 11:35:00+09:00,15010.0,15020.0,15010.0,15020.0,152,0.0,0.0
2024-07-05 11:40:00+09:00,15020.0,15020.0,15010.0,15020.0,33,0.0,0.0
2024-07-05 11:45:00+09:00,15020.0,15020.0,15010.0,15010.0,80,0.0,0.0
2024-07-05 11:50:00+09:00,15010.0,15020.0,15010.0,15010.0,36,0.0,0.0
2024-07-05 11:55:00+09:00,15010.0,15020.0,15010.0,15020.0,76,0.0,0.0
2024-07-05 12:00:00+09:00,15020.0,15030.0,15010.0,15030.0,711,0.0,0.0
2024-07-05 12:05:00+09:00,15030.0,15090.0,15020.0,15090.0,0,0.0,0.0
2024-07-05 12:10:00+09:00,15060.0,15060.0,15050.0,15050.0,34,0.0,0.0
2024-07-05 12:15:00+09:00,15050.0,15060.0,15050.0,15060.0,5,0.0,0.0
2024-07-05 12:20:00+09:00,15050.0,15050.0,15050.0,15050.0,43,0.0,0.0
2024-07-05 12:25:00+09:00,15050.0,15050.0,15040.0,15040.0,119,0.0,0.0
2024-07-05 12:30:00+09:00,15040.0,15060.0,15030.0,15060.0,148,0.0,0.0
2024-07-05 12:35:00+09:00,15070.0,15070.0,15040.0,15050.0,95,0.0,0.0
2024-07-05 12:40:00+09:00,15040.0,15060.0,15040.0,15060.0,42,0.0,0.0
2024-07-05 12:45:00+09:00,15070.0,15070.0,15060.0,15060.0,128,0.0,0.0
2024-07-05 12:50:00+09:00,15070.0,15070.0,15060.0,15060.0,79,0.0,0.0
2024-07-05 12:55:00+09:00,15060.0,15070.0,15060.0,15070.0,20,0.0,0.0
2024-07-05 13:00:00+09:00,15060.0,15070.0,15060.0,15060.0,34,0.0,0.0
2024-07-05 13:05:00+09:00,15060.0,15070.0,15060.0,15060.0,90,0.0,0.0
2024-07-05 13:10:00+09:00,15060.0,15060.0,15030.0,15040.0,328,0.0,0.0
2024-07-05 13:15:00+09:00,15040.0,15050.0,15040.0,15050.0,165,0.0,0.0
2024-07-05 13:20:00+09:00,15040.0,15040.0,15020.0,15040.0,179,0.0,0.0
2024-07-05 13:25:00+09:00,15030.0,15030.0,14990.0,14990.0,2173,0.0,0.0
2024-07-05 13:30:00+09:00,15000.0,15000.0,15000.0,15000.0,0,0.0,0.0
2024-07-05 13:35:00+09:00,14990.0,15000.0,14990.0,14990.0,61,0.0,0.0
2024-07-05 13:40:00+09:00,15010.0,15010.0,14990.0,14990.0,281,0.0,0.0
2024-07-05 13:45:00+09:00,14990.0,15000.0,14970.0,14990.0,379,0.0,0.0
2024-07-05 13:50:00+09:00,15000.0,15000.0,14980.0,14980.0,150,0.0,0.0
2024-07-05 13:55:00+09:00,14990.0,14990.0,14950.0,14960.0,1039,0.0,0.0
2024-07-05 14:00:00+09:00,14970.0,14980.0,14960.0,14980.0,278,0.0,0.0
2024-07-05 14:05:00+09:00,14990.0,15000.0,14980.0,15000.0,133,0.0,0.0
2024-07-05 14:10:00+09:00,14990.0,14990.0,14990.0,14990.0,35,0.0,0.0
2024-07-05 14:15:00+09:00,15000.0,15020.0,14990.0,15020.0,152,0.0,0.0
2024-07-05 14:20:00+09:00,15000.0,15010.0,15000.0,15000.0,161,0.0,0.0
2024-07-05 14:25:00+09:00,15000.0,15000.0,14990.0,15000.0,94,0.0,0.0
2024-07-05 14:30:00+09:00,15000.0,15000.0,14990.0,14990.0,30,0.0,0.0
2024-07-05 14:35:00+09:00,14990.0,14990.0,14940.0,14960.0,1020,0.0,0.0
2024-07-05 14:40:00+09:00,14960.0,14980.0,14950.0,14980.0,379,0.0,0.0
2024-07-05 14:45:00+09:00,14980.0,14980.0,14960.0,14960.0,0,0.0,0.0
2024-07-05 14:50:00+09:00,14960.0,15000.0,14950.0,14970.0,159,0.0,0.0
2024-07-05 14:55:00+09:00,14960.0,14970.0,14910.0,14910.0,2533,0.0,0.0
2024-07-08 09:00:00+09:00,14870.0,14870.0,14870.0,14870.0,0,0.0,0.0
2024-07-08 09:05:00+09:00,14870.0,14950.0,14870.0,14950.0,343,0.0,0.0
2024-07-08 09:10:00+09:00,14950.0,15000.0,14950.0,14980.0,180,0.0,0.0
2024-07-08 09:15:00+09:00,15000.0,15000.0,14940.0,14940.0,475,0.0,0.0
2024-07-08 09:20:00+09:00,14940.0,14940.0,14930.0,14940.0,0,0.0,0.0
2024-07-08 09:25:00+09:00,14940.0,14940.0,14900.0,14900.0,1152,0.0,0.0
2024-07-08 09:30:00+09:00,14940.0,14940.0,14880.0,14880.0,0,0.0,0.0
2024-07-08 09:35:00+09:00,14870.0,14870.0,14770.0,14850.0,478,0.0,0.0
2024-07-08 09:40:00+09:00,14830.0,14830.0,14830.0,14830.0,315,0.0,0.0
2024-07-08 09:45:00+09:00,14830.0,14830.0,14800.0,14800.0,510,0.0,0.0
2024-07-08 09:50:00+09:00,14800.0,14820.0,14800.0,14800.0,0,0.0,0.0
2024-07-08 09:55:00+09:00,14810.0,14820.0,14810.0,14820.0,354,0.0,0.0
2024-07-08 10:00:00+09:00,14820.0,14890.0,14800.0,14860.0,850,0.0,0.0
2024-07-08 10:05:00+09:00,14860.0,14860.0,14860.0,14860.0,275,0.0,0.0
2024-07-08 10:10:00+09:00,14880.0,14880.0,14810.0,14820.0,214,0.0,0.0
2024-07-08 10:15:00+09:00,14800.0,14800.0,14770.0,14800.0,555,0.0,0.0
2024-07-08 10:20:00+09:00,14790.0,14790.0,14790.0,14790.0,0,0.0,0.0
2024-07-08 10:25:00+09:00,14790.0,14800.0,14790.0,14800.0,13,0.0,0.0
2024-07-08 10:30:00+09:00,14790.0,14810.0,14780.0,14810.0,52,0.0,0.0
2024-07-08 10:35:00+09:00,14800.0,14800.0,14800.0,14800.0,3,0.0,0.0
2024-07-08 10:40:00+09:00,14800.0,14800.0,14790.0,14790.0,16,0.0,0.0
2024-07-08 10:45:00+09:00,14800.0,14800.0,14760.0,14760.0,630,0.0,0.0
2024-07-08 10:50:00+09:00,14770.0,14780.0,14760.0,14780.0,0,0.0,0.0
2024-07-08 10:55:00+09:00,14770.0,14780.0,14710.0,14770.0,2228,0.0,0.0
2024-07-08 11:00:00+09:00,14770.0,14780.0,14760.0,14770.0,374,0.0,0.0
2024-07-08 11:05:00+09:00,14760.0,14820.0,14760.0,14820.0,213,0.0,0.0
2024-07-08 11:10:00+09:00,14820.0,15000.0,14820.0,15000.0,2666,0.0,0.0
2024-07-08 11:15:00+09:00,15000.0,15080.0,15000.0,15070.0,507,0.0,0.0
2024-07-08 11:20:00+09:00,15070.0,15070.0,15030.0,15030.0,224,0.0,0.0
2024-07-08 11:25:00+09:00,15040.0,15040.0,14990.0,14990.0,520,0.0,0.0
2024-07-08 11:30:00+09:00,14990.0,14990.0,14980.0,14980.0,178,0.0,0.0
2024-07-08 11:35:00+09:00,14980.0,14990.0,14970.0,14970.0,133,0.0,0.0
2024-07-08 11:40:00+09:00,14970.0,14970.0,14970.0,14970.0,0,0.0,0.0
2024-07-08 11:45:00+09:00,14970.0,14970.0,14900.0,14970.0,482,0.0,0.0
2024-07-08 11:50:00+09:00,14910.0,14970.0,14910.0,14970.0,4,0.0,0.0
2024-07-08 11:55:00+09:00,14900.0,14970.0,14900.0,14970.0,819,0.0,0.0
2024-07-08 12:00:00+09:00,14900.0,14970.0,14900.0,14970.0,55,0.0,0.0
2024-07-08 12:05:00+09:00,14910.0,14960.0,14900.0,14950.0,186,0.0,0.0
2024-07-08 12:10:00+09:00,14910.0,14950.0,14910.0,14950.0,17,0.0,0.0
2024-07-08 12:15:00+09:00,14940.0,14940.0,14920.0,14920.0,2,0.0,0.0
2024-07-08 12:20:00+09:00,14940.0,14940.0,14930.0,14930.0,22,0.0,0.0
2024-07-08 12:25:00+09:00,14920.0,14930.0,14920.0,14930.0,12,0.0,0.0
2024-07-08 12:30:00+09:00,14930.0,14930.0,14930.0,14930.0,1,0.0,0.0
2024-07-08 12:35:00+09:00,14930.0,14950.0,14920.0,14950.0,25,0.0,0.0
2024-07-08 12:40:00+09:00,14950.0,14950.0,14930.0,14950.0,6,0.0,0.0
2024-07-08 12:50:00+09:00,14930.0,14930.0,14900.0,14900.0,78,0.0,0.0
2024-07-08 12:55:00+09:00,14980.0,14980.0,14980.0,14980.0,0,0.0,0.0
2024-07-08 13:00:00+09:00,14970.0,14980.0,14870.0,14980.0,502,0.0,0.0
2024-07-08 13:05:00+09:00,14950.0,14950.0,14950.0,14950.0,15,0.0,0.0
2024-07-08 13:15:00+09:00,14930.0,14950.0,14930.0,14940.0,32,0.0,0.0
2024-07-08 13:20:00+09:00,14940.0,14940.0,14940.0,14940.0,5,0.0,0.0
2024-07-08 13:25:00+09:00,14930.0,14930.0,14930.0,14930.0,6,0.0,0.0
2024-07-08 13:30:00+09:00,14930.0,14930.0,14930.0,14930.0,7,0.0,0.0
2024-07-08 13:35:00+09:00,14930.0,14940.0,14930.0,14940.0,17,0.0,0.0
2024-07-08 13:40:00+09:00,14940.0,14940.0,14940.0,14940.0,37,0.0,0.0
2024-07-08 13:45:00+09:00,14940.0,14980.0,14930.0,14980.0,166,0.0,0.0
2024-07-08 13:55:00+09:00,14950.0,14950.0,14930.0,14930.0,194,0.0,0.0
2024-07-08 14:00:00+09:00,14930.0,14930.0,14920.0,14930.0,0,0.0,0.0
2024-07-08 14:05:00+09:00,14930.0,14970.0,14930.0,14960.0,15,0.0,0.0
2024-07-08 14:10:00+09:00,14960.0,14960.0,14960.0,14960.0,7,0.0,0.0
2024-07-08 14:15:00+09:00,14960.0,14960.0,14960.0,14960.0,0,0.0,0.0
2024-07-08 14:20:00+09:00,14960.0,14960.0,14950.0,14960.0,14,0.0,0.0
2024-07-08 14:25:00+09:00,14960.0,14960.0,14950.0,14950.0,7,0.0,0.0
2024-07-08 14:30:00+09:00,14950.0,14960.0,14950.0,14950.0,335,0.0,0.0
2024-07-08 14:35:00+09:00,14960.0,14960.0,14940.0,14940.0,0,0.0,0.0
2024-07-08 14:40:00+09:00,14960.0,14960.0,14950.0,14950.0,26,0.0,0.0
2024-07-08 14:45:00+09:00,14950.0,14950.0,14940.0,14950.0,47,0.0,0.0
2024-07-08 14:50:00+09:00,14950.0,14950.0,14940.0,14940.0,2,0.0,0.0
2024-07-08 14:55:00+09:00,14950.0,14950.0,14880.0,14880.0,30,0.0,0.0
2024-07-09 09:00:00+09:00,14860.0,15080.0,14860.0,15070.0,332,0.0,0.0
2024-07-09 09:05:00+09:00,15070.0,15070.0,15000.0,15000.0,270,0.0,0.0
2024-07-09 09:15:00+09:00,15000.0,15050.0,15000.0,15000.0,14,0.0,0.0
2024-07-09 09:20:00+09:00,14960.0,15070.0,14950.0,15070.0,370,0.0,0.0
2024-07-09 09:25:00+09:00,15000.0,15000.0,14990.0,15000.0,179,0.0,0.0
2024-07-09 09:30:00+09:00,14970.0,14990.0,14960.0,14960.0,134,0.0,0.0
2024-07-09 09:35:00+09:00,14980.0,15000.0,14960.0,15000.0,454,0.0,0.0
2024-07-09 09:40:00+09:00,15010.0,15050.0,15000.0,15030.0,572,0.0,0.0
2024-07-09 09:45:00+09:00,15000.0,15100.0,14970.0,15030.0,2975,0.0,0.0
2024-07-09 09:50:00+09:00,15000.0,15030.0,14990.0,15030.0,781,0.0,0.0
2024-07-09 09:55:00+09:00,15030.0,15120.0,15020.0,15050.0,1163,0.0,0.0
2024-07-09 10:00:00+09:00,15070.0,15110.0,15040.0,15110.0,843,0.0,0.0
2024-07-09 10:05:00+09:00,15100.0,15110.0,15100.0,15110.0,6,0.0,0.0
2024-07-09 10:10:00+09:00,15110.0,15110.0,15030.0,15030.0,115,0.0,0.0
2024-07-09 10:15:00+09:00,15060.0,15130.0,15030.0,15130.0,855,0.0,0.0
2024-07-09 10:20:00+09:00,15110.0,15180.0,15110.0,15160.0,789,0.0,0.0
2024-07-09 10:25:00+09:00,15170.0,15170.0,15160.0,15170.0,72,0.0,0.0
2024-07-09 10:30:00+09:00,15170.0,15170.0,15160.0,15160.0,52,0.0,0.0
2024-07-09 10:35:00+09:00,15160.0,15160.0,15150.0,15160.0,7,0.0,0.0
2024-07-09 10:40:00+09:00,15160.0,15160.0,15150.0,15160.0,216,0.0,0.0
2024-07-09 10:45:00+09:00,15170.0,15170.0,15140.0,15140.0,213,0.0,0.0
2024-07-09 10:50:00+09:00,15120.0,15120.0,15060.0,15060.0,623,0.0,0.0
2024-07-09 10:55:00+09:00,15050.0,15100.0,15030.0,15100.0,418,0.0,0.0
2024-07-09 11:05:00+09:00,15090.0,15100.0,15090.0,15100.0,16,0.0,0.0
2024-07-09 11:10:00+09:00,15100.0,15100.0,15100.0,15100.0,11,0.0,0.0
2024-07-09 11:15:00+09:00,15100.0,15100.0,15050.0,15050.0,8,0.0,0.0
2024-07-09 11:20:00+09:00,15090.0,15100.0,15090.0,15100.0,11,0.0,0.0
2024-07-09 11:25:00+09:00,15090.0,15100.0,15050.0,15100.0,138,0.0,0.0
2024-07-09 11:30:00+09:00,15090.0,15100.0,15090.0,15100.0,0,0.0,0.0
2024-07-09 11:35:00+09:00,15100.0,15100.0,15100.0,15100.0,28,0.0,0.0
2024-07-09 11:40:00+09:00,15100.0,15100.0,15100.0,15100.0,7,0.0,0.0
2024-07-09 11:45:00+09:00,15100.0,15100.0,15100.0,15100.0,4,0.0,0.0
2024-07-09 11:50:00+09:00,15100.0,15100.0,15100.0,15100.0,19,0.0,0.0
2024-07-09 11:55:00+09:00,15100.0,15100.0,15100.0,15100.0,6,0.0,0.0
2024-07-09 12:00:00+09:00,15100.0,15100.0,15100.0,15100.0,7,0.0,0.0
2024-07-09 12:05:00+09:00,15100.0,15100.0,15100.0,15100.0,8,0.0,0.0
2024-07-09 12:10:00+09:00,15100.0,15100.0,15100.0,15100.0,6,0.0,0.0
2024-07-09 12:15:00+09:00,15100.0,15100.0,15100.0,15100.0,7,0.0,0.0
2024-07-09 12:20:00+09:00,15100.0,15100.0,15100.0,15100.0,71,0.0,0.0
2024-07-09 12:25:00+09:00,15100.0,15100.0,15060.0,15100.0,323,0.0,0.0
2024-07-09 12:30:00+09:00,15100.0,15100.0,15100.0,15100.0,0,0.0,0.0
2024-07-09 12:35:00+09:00,15100.0,15100.0,15100.0,15100.0,6,0.0,0.0
2024-07-09 12:40:00+09:00,15100.0,15100.0,15100.0,15100.0,24,0.0,0.0
2024-07-09 12:45:00+09:00,15100.0,15100.0,15100.0,15100.0,8,0.0,0.0
2024-07-09 12:50:00+09:00,15100.0,15100.0,15100.0,15100.0,174,0.0,0.0
2024-07-09 12:55:00+09:00,15120.0,15120.0,15120.0,15120.0,8,0.0,0.0
2024-07-09 13:00:00+09:00,15170.0,15170.0,15150.0,15160.0,0,0.0,0.0
2024-07-09 13:05:00+09:00,15170.0,15170.0,15160.0,15160.0,35,0.0,0.0
2024-07-09 13:10:00+09:00,15160.0,15170.0,15160.0,15170.0,0,0.0,0.0
2024-07-09 13:15:00+09:00,15150.0,15150.0,15130.0,15150.0,186,0.0,0.0
2024-07-09 13:20:00+09:00,15140.0,15140.0,15140.0,15140.0,0,0.0,0.0
2024-07-09 13:25:00+09:00,15140.0,15140.0,15140.0,15140.0,16,0.0,0.0
2024-07-09 13:30:00+09:00,15140.0,15140.0,15140.0,15140.0,49,0.0,0.0
2024-07-09 13:35:00+09:00,15140.0,15140.0,15140.0,15140.0,6,0.0,0.0
2024-07-09 13:40:00+09:00,15150.0,15150.0,15140.0,15140.0,334,0.0,0.0
2024-07-09 13:45:00+09:00,15150.0,15150.0,15150.0,15150.0,19,0.0,0.0
2024-07-09 13:50:00+09:00,15150.0,15150.0,15150.0,15150.0,0,0.0,0.0
2024-07-09 13:55:00+09:00,15140.0,15150.0,15120.0,15150.0,632,0.0,0.0
2024-07-09 14:00:00+09:00,15150.0,15150.0,15120.0,15120.0,0,0.0,0.0
2024-07-09 14:05:00+09:00,15170.0,15170.0,15170.0,15170.0,0,0.0,0.0
2024-07-09 14:10:00+09:00,15170.0,15180.0,15170.0,15180.0,228,0.0,0.0
2024-07-09 14:15:00+09:00,15180.0,15180.0,15170.0,15170.0,16,0.0,0.0
2024-07-09 14:20:00+09:00,15180.0,15200.0,15180.0,15190.0,553,0.0,0.0
2024-07-09 14:25:00+09:00,15200.0,15200.0,15200.0,15200.0,0,0.0,0.0
2024-07-09 14:30:00+09:00,15200.0,15200.0,15200.0,15200.0,0,0.0,0.0
2024-07-09 14:35:00+09:00,15200.0,15200.0,15190.0,15200.0,26,0.0,0.0
2024-07-09 14:40:00+09:00,15190.0,15190.0,15190.0,15190.0,19,0.0,0.0
2024-07-09 14:45:00+09:00,15190.0,15190.0,15190.0,15190.0,0,0.0,0.0
2024-07-09 14:50:00+09:00,15180.0,15190.0,15180.0,15190.0,15,0.0,0.0
2024-07-09 14:55:00+09:00,15190.0,15190.0,15100.0,15140.0,109,0.0,0.0
2024-07-10 09:00:00+09:00,15200.0,15290.0,15190.0,15290.0,84,0.0,0.0
2024-07-10 09:10:00+09:00,15120.0,15120.0,14990.0,14990.0,1164,0.0,0.0
2024-07-10 09:15:00+09:00,15020.0,15030.0,15000.0,15000.0,414,0.0,0.0
2024-07-10 09:30:00+09:00,15000.0,15030.0,15000.0,15010.0,0,0.0,0.0
2024-07-10 09:40:00+09:00,15020.0,15020.0,15020.0,15020.0,6,0.0,0.0
2024-07-10 09:45:00+09:00,15020.0,15030.0,15020.0,15030.0,35,0.0,0.0
2024-07-10 09:50:00+09:00,15030.0,15030.0,15010.0,15010.0,24,0.0,0.0
2024-07-10 09:55:00+09:00,15030.0,15030.0,15030.0,15030.0,153,0.0,0.0
2024-07-10 10:00:00+09:00,15030.0,15030.0,15030.0,15030.0,6,0.0,0.0
2024-07-10 10:05:00+09:00,15020.0,15060.0,15020.0,15050.0,307,0.0,0.0
2024-07-10 10:20:00+09:00,15050.0,15050.0,15050.0,15050.0,4,0.0,0.0
2024-07-10 10:25:00+09:00,15040.0,15040.0,15040.0,15040.0,18,0.0,0.0
2024-07-10 10:30:00+09:00,15030.0,15040.0,15020.0,15040.0,210,0.0,0.0
2024-07-10 10:35:00+09:00,15010.0,15040.0,15000.0,15040.0,933,0.0,0.0
2024-07-10 10:50:00+09:00,15010.0,15040.0,14990.0,15010.0,386,0.0,0.0
2024-07-10 10:55:00+09:00,15000.0,15010.0,15000.0,15010.0,3,0.0,0.0
2024-07-10 11:00:00+09:00,15010.0,15010.0,15010.0,15010.0,20,0.0,0.0
2024-07-10 11:05:00+09:00,15010.0,15010.0,15010.0,15010.0,10,0.0,0.0
2024-07-10 11:10:00+09:00,15010.0,15030.0,15010.0,15030.0,664,0.0,0.0
2024-07-10 11:15:00+09:00,15030.0,15030.0,15030.0,15030.0,20,0.0,0.0
2024-07-10 11:20:00+09:00,15020.0,15030.0,15020.0,15020.0,33,0.0,0.0
2024-07-10 11:25:00+09:00,15030.0,15040.0,15030.0,15040.0,237,0.0,0.0
2024-07-10 11:30:00+09:00,15040.0,15040.0,15040.0,15040.0,34,0.0,0.0
2024-07-10 11:35:00+09:00,15030.0,15040.0,15030.0,15040.0,61,0.0,0.0
2024-07-10 11:40:00+09:00,15040.0,15040.0,15040.0,15040.0,45,0.0,0.0
2024-07-10 11:45:00+09:00,15040.0,15070.0,15040.0,15060.0,131,0.0,0.0
2024-07-10 11:50:00+09:00,15060.0,15060.0,15060.0,15060.0,2,0.0,0.0
2024-07-10 11:55:00+09:00,15040.0,15070.0,15040.0,15070.0,22,0.0,0.0
2024-07-10 12:05:00+09:00,15070.0,15070.0,15070.0,15070.0,1,0.0,0.0
2024-07-10 12:20:00+09:00,15070.0,15070.0,15070.0,15070.0,3,0.0,0.0
2024-07-10 12:45:00+09:00,15070.0,15070.0,15070.0,15070.0,21,0.0,0.0
2024-07-10 12:50:00+09:00,15070.0,15070.0,15070.0,15070.0,9,0.0,0.0
2024-07-10 13:00:00+09:00,15070.0,15070.0,15030.0,15060.0,204,0.0,0.0
2024-07-10 13:05:00+09:00,15030.0,15060.0,15030.0,15060.0,221,0.0,0.0
2024-07-10 13:10:00+09:00,15030.0,15040.0,15020.0,15040.0,137,0.0,0.0
2024-07-10 13:20:00+09:00,15040.0,15040.0,15040.0,15040.0,5,0.0,0.0
2024-07-10 13:25:00+09:00,15030.0,15030.0,15030.0,15030.0,15,0.0,0.0
2024-07-10 13:40:00+09:00,15030.0,15030.0,15030.0,15030.0,0,0.0,0.0
2024-07-10 13:45:00+09:00,15040.0,15060.0,15040.0,15060.0,165,0.0,0.0
2024-07-10 13:50:00+09:00,15070.0,15070.0,15070.0,15070.0,0,0.0,0.0
2024-07-10 13:55:00+09:00,15070.0,15080.0,15070.0,15080.0,11,0.0,0.0
2024-07-10 14:00:00+09:00,15070.0,15070.0,15070.0,15070.0,2,0.0,0.0
2024-07-10 14:05:00+09:00,15060.0,15060.0,15060.0,15060.0,1,0.0,0.0
2024-07-10 14:10:00+09:00,15060.0,15060.0,15060.0,15060.0,210,0.0,0.0
2024-07-10 14:15:00+09:00,15070.0,15080.0,15070.0,15080.0,0,0.0,0.0
2024-07-10 14:20:00+09:00,15080.0,15080.0,15070.0,15070.0,140,0.0,0.0
2024-07-10 14:25:00+09:00,15070.0,15070.0,15060.0,15060.0,641,0.0,0.0
2024-07-10 14:30:00+09:00,15060.0,15060.0,15060.0,15060.0,0,0.0,0.0
2024-07-10 14:35:00+09:00,15050.0,15050.0,15050.0,15050.0,188,0.0,0.0
2024-07-10 14:40:00+09:00,15050.0,15050.0,15030.0,15030.0,464,0.0,0.0
2024-07-10 14:50:00+09:00,15070.0,15070.0,15050.0,15050.0,0,0.0,0.0
2024-07-10 14:55:00+09:00,15050.0,15050.0,15020.0,15020.0,678,0.0,0.0
2024-07-11 09:00:00+09:00,15060.0,15200.0,15060.0,15180.0,0,0.0,0.0
2024-07-11 09:05:00+09:00,15180.0,15180.0,15100.0,15100.0,45,0.0,0.0
2024-07-11 09:10:00+09:00,15180.0,15180.0,15120.0,15120.0,8,0.0,0.0
2024-07-11 09:15:00+09:00,15180.0,15180.0,15180.0,15180.0,3,0.0,0.0
2024-07-11 09:20:00+09:00,15180.0,15180.0,15150.0,15150.0,4,0.0,0.0
2024-07-11 09:25:00+09:00,15120.0,15150.0,15080.0,15110.0,1395,0.0,0.0
2024-07-11 09:30:00+09:00,15100.0,15180.0,15070.0,15180.0,493,0.0,0.0
2024-07-11 09:35:00+09:00,15180.0,15180.0,15130.0,15180.0,11,0.0,0.0
2024-07-11 09:40:00+09:00,15180.0,15200.0,15090.0,15200.0,754,0.0,0.0
2024-07-11 09:45:00+09:00,15200.0,15200.0,15160.0,15200.0,71,0.0,0.0
2024-07-11 09:50:00+09:00,15190.0,15200.0,15130.0,15190.0,26,0.0,0.0
2024-07-11 09:55:00+09:00,15160.0,15200.0,15160.0,15200.0,121,0.0,0.0
2024-07-11 10:00:00+09:00,15180.0,15270.0,15180.0,15270.0,880,0.0,0.0
2024-07-11 10:05:00+09:00,15270.0,15360.0,15270.0,15360.0,1657,0.0,0.0
2024-07-11 10:10:00+09:00,15350.0,15360.0,15340.0,15350.0,336,0.0,0.0
2024-07-11 10:15:00+09:00,15350.0,15380.0,15340.0,15370.0,719,0.0,0.0
2024-07-11 10:20:00+09:00,15360.0,15420.0,15360.0,15400.0,1077,0.0,0.0
2024-07-11 10:25:00+09:00,15390.0,15390.0,15380.0,15390.0,123,0.0,0.0
2024-07-11 10:30:00+09:00,15390.0,15390.0,15350.0,15360.0,264,0.0,0.0
2024-07-11 10:35:00+09:00,15350.0,15350.0,15310.0,15330.0,194,0.0,0.0
2024-07-11 10:40:00+09:00,15330.0,15330.0,15310.0,15310.0,22,0.0,0.0
2024-07-11 10:45:00+09:00,15320.0,15320.0,15290.0,15290.0,18,0.0,0.0
2024-07-11 10:50:00+09:00,15280.0,15290.0,15280.0,15290.0,32,0.0,0.0
2024-07-11 10:55:00+09:00,15280.0,15290.0,15280.0,15290.0,85,0.0,0.0
2024-07-11 11:00:00+09:00,15290.0,15290.0,15280.0,15290.0,83,0.0,0.0
2024-07-11 11:05:00+09:00,15290.0,15290.0,15290.0,15290.0,2,0.0,0.0
2024-07-11 11:10:00+09:00,15290.0,15290.0,15290.0,15290.0,3,0.0,0.0
2024-07-11 11:15:00+09:00,15270.0,15280.0,15270.0,15280.0,10,0.0,0.0
2024-07-11 11:20:00+09:00,15260.0,15270.0,15250.0,15250.0,37,0.0,0.0
2024-07-11 11:25:00+09:00,15250.0,15250.0,15250.0,15250.0,3,0.0,0.0
2024-07-11 11:30:00+09:00,15240.0,15240.0,15190.0,15190.0,1281,0.0,0.0
2024-07-11 11:35:00+09:00,15190.0,15190.0,15190.0,15190.0,3,0.0,0.0
2024-07-11 11:40:00+09:00,15190.0,15190.0,15180.0,15190.0,13,0.0,0.0
2024-07-11 11:45:00+09:00,15190.0,15230.0,15030.0,15230.0,463,0.0,0.0
2024-07-11 11:50:00+09:00,15220.0,15230.0,15220.0,15230.0,27,0.0,0.0
2024-07-11 11:55:00+09:00,15230.0,15230.0,15230.0,15230.0,4,0.0,0.0
2024-07-11 12:00:00+09:00,15230.0,15230.0,15230.0,15230.0,3,0.0,0.0
2024-07-11 12:05:00+09:00,15230.0,15230.0,15230.0,15230.0,3,0.0,0.0
2024-07-11 12:10:00+09:00,15230.0,15230.0,15140.0,15220.0,57,0.0,0.0
2024-07-11 12:15:00+09:00,15220.0,15220.0,15220.0,15220.0,2,0.0,0.0
2024-07-11 12:20:00+09:00,15220.0,15220.0,15220.0,15220.0,3,0.0,0.0
2024-07-11 12:25:00+09:00,15220.0,15220.0,15210.0,15210.0,66,0.0,0.0
2024-07-11 12:30:00+09:00,15220.0,15220.0,15220.0,15220.0,2,0.0,0.0
2024-07-11 12:35:00+09:00,15220.0,15220.0,15190.0,15220.0,5,0.0,0.0
2024-07-11 12:40:00+09:00,15210.0,15220.0,15210.0,15220.0,3,0.0,0.0
2024-07-11 12:45:00+09:00,15220.0,15220.0,15210.0,15210.0,3,0.0,0.0
2024-07-11 12:50:00+09:00,15210.0,15210.0,15210.0,15210.0,4,0.0,0.0
2024-07-11 12:55:00+09:00,15210.0,15210.0,15200.0,15200.0,22,0.0,0.0
2024-07-11 13:00:00+09:00,15190.0,15190.0,15180.0,15180.0,13,0.0,0.0
2024-07-11 13:05:00+09:00,15180.0,15210.0,15180.0,15210.0,12,0.0,0.0
2024-07-11 13:10:00+09:00,15200.0,15200.0,15200.0,15200.0,3,0.0,0.0
2024-07-11 13:15:00+09:00,15200.0,15200.0,15200.0,15200.0,2,0.0,0.0
2024-07-11 13:20:00+09:00,15200.0,15200.0,15200.0,15200.0,3,0.0,0.0
2024-07-11 13:25:00+09:00,15200.0,15200.0,15200.0,15200.0,3,0.0,0.0
2024-07-11 13:30:00+09:00,15200.0,15200.0,15200.0,15200.0,2,0.0,0.0
2024-07-11 13:35:00+09:00,15200.0,15200.0,15200.0,15200.0,3,0.0,0.0
2024-07-11 13:40:00+09:00,15200.0,15200.0,15200.0,15200.0,25,0.0,0.0
2024-07-11 13:45:00+09:00,15200.0,15200.0,15200.0,15200.0,2,0.0,0.0
2024-07-11 13:50:00+09:00,15200.0,15200.0,15200.0,15200.0,3,0.0,0.0
2024-07-11 13:55:00+09:00,15200.0,15200.0,15200.0,15200.0,3,0.0,0.0
2024-07-11 14:00:00+09:00,15200.0,15200.0,15200.0,15200.0,3,0.0,0.0
2024-07-11 14:05:00+09:00,15200.0,15200.0,15180.0,15200.0,13,0.0,0.0
2024-07-11 14:10:00+09:00,15160.0,15200.0,15160.0,15200.0,8,0.0,0.0
2024-07-11 14:15:00+09:00,15200.0,15200.0,15200.0,15200.0,2,0.0,0.0
2024-07-11 14:20:00+09:00,15190.0,15200.0,15190.0,15200.0,70,0.0,0.0
2024-07-11 14:25:00+09:00,15200.0,15200.0,15190.0,15190.0,2,0.0,0.0
2024-07-11 14:30:00+09:00,15190.0,15190.0,15190.0,15190.0,264,0.0,0.0
2024-07-11 14:35:00+09:00,15190.0,15190.0,15180.0,15180.0,0,0.0,0.0
2024-07-11 14:40:00+09:00,15180.0,15180.0,15180.0,15180.0,2,0.0,0.0
2024-07-11 14:45:00+09:00,15180.0,15180.0,15180.0,15180.0,3,0.0,0.0
2024-07-11 14:50:00+09:00,15180.0,15180.0,15160.0,15170.0,24,0.0,0.0
2024-07-11 14:55:00+09:00,15170.0,15180.0,15170.0,15180.0,32,0.0,0.0
2024-07-12 09:00:00+09:00,15180.0,15270.0,15180.0,15270.0,463,0.0,0.0
2024-07-12 09:05:00+09:00,15260.0,15260.0,15260.0,15260.0,1,0.0,0.0
2024-07-12 09:10:00+09:00,15260.0,15260.0,15260.0,15260.0,69,0.0,0.0
2024-07-12 09:15:00+09:00,15260.0,15260.0,15260.0,15260.0,0,0.0,0.0
2024-07-12 09:20:00+09:00,15240.0,15300.0,15220.0,15300.0,665,0.0,0.0
2024-07-12 09:25:00+09:00,15340.0,15380.0,15310.0,15370.0,2029,0.0,0.0
2024-07-12 09:30:00+09:00,15370.0,15370.0,15360.0,15370.0,25,0.0,0.0
2024-07-12 09:35:00+09:00,15370.0,15370.0,15340.0,15340.0,0,0.0,0.0
2024-07-12 09:40:00+09:00,15340.0,15410.0,15340.0,15410.0,990,0.0,0.0
2024-07-12 09:45:00+09:00,15410.0,15480.0,15410.0,15480.0,673,0.0,0.0
2024-07-12 09:50:00+09:00,15480.0,15480.0,15440.0,15440.0,0,0.0,0.0
2024-07-12 09:55:00+09:00,15440.0,15440.0,15400.0,15440.0,5818,0.0,0.0
2024-07-12 10:00:00+09:00,15400.0,15440.0,15380.0,15440.0,275,0.0,0.0
2024-07-12 10:05:00+09:00,15390.0,15430.0,15390.0,15430.0,2,0.0,0.0
2024-07-12 10:10:00+09:00,15430.0,15430.0,15430.0,15430.0,5,0.0,0.0
2024-07-12 10:15:00+09:00,15430.0,15430.0,15390.0,15390.0,3,0.0,0.0
2024-07-12 10:20:00+09:00,15410.0,15410.0,15410.0,15410.0,19,0.0,0.0
2024-07-12 10:35:00+09:00,15420.0,15420.0,15420.0,15420.0,6,0.0,0.0
2024-07-12 10:40:00+09:00,15430.0,15430.0,15430.0,15430.0,15,0.0,0.0
2024-07-12 10:45:00+09:00,15420.0,15420.0,15420.0,15420.0,0,0.0,0.0
2024-07-12 10:50:00+09:00,15420.0,15420.0,15420.0,15420.0,5,0.0,0.0
2024-07-12 10:55:00+09:00,15410.0,15420.0,15410.0,15420.0,59,0.0,0.0
2024-07-12 11:00:00+09:00,15430.0,15430.0,15430.0,15430.0,112,0.0,0.0
2024-07-12 11:05:00+09:00,15430.0,15430.0,15430.0,15430.0,0,0.0,0.0
2024-07-12 11:10:00+09:00,15430.0,15430.0,15420.0,15420.0,2,0.0,0.0
2024-07-12 11:15:00+09:00,15430.0,15430.0,15430.0,15430.0,2,0.0,0.0
2024-07-12 11:20:00+09:00,15420.0,15420.0,15410.0,15410.0,149,0.0,0.0
2024-07-12 11:30:00+09:00,15400.0,15400.0,15380.0,15380.0,321,0.0,0.0
2024-07-12 11:35:00+09:00,15370.0,15380.0,15350.0,15380.0,334,0.0,0.0
2024-07-12 11:40:00+09:00,15380.0,15380.0,15340.0,15340.0,982,0.0,0.0
2024-07-12 11:45:00+09:00,15370.0,15370.0,15370.0,15370.0,0,0.0,0.0
2024-07-12 11:50:00+09:00,15350.0,15350.0,15350.0,15350.0,98,0.0,0.0
2024-07-12 11:55:00+09:00,15350.0,15390.0,15340.0,15390.0,1041,0.0,0.0
2024-07-12 12:00:00+09:00,15380.0,15380.0,15380.0,15380.0,35,0.0,0.0
2024-07-12 12:15:00+09:00,15350.0,15350.0,15350.0,15350.0,0,0.0,0.0
2024-07-12 12:20:00+09:00,15370.0,15380.0,15370.0,15380.0,33,0.0,0.0
2024-07-12 12:35:00+09:00,15380.0,15380.0,15380.0,15380.0,0,0.0,0.0
2024-07-12 12:45:00+09:00,15370.0,15370.0,15370.0,15370.0,16,0.0,0.0
2024-07-12 12:50:00+09:00,15370.0,15380.0,15370.0,15380.0,96,0.0,0.0
2024-07-12 12:55:00+09:00,15370.0,15370.0,15370.0,15370.0,1,0.0,0.0
2024-07-12 13:00:00+09:00,15370.0,15370.0,15370.0,15370.0,1,0.0,0.0
2024-07-12 13:05:00+09:00,15360.0,15360.0,15340.0,15340.0,103,0.0,0.0
2024-07-12 13:10:00+09:00,15370.0,15370.0,15370.0,15370.0,0,0.0,0.0
2024-07-12 13:15:00+09:00,15340.0,15340.0,15340.0,15340.0,29,0.0,0.0
2024-07-12 13:25:00+09:00,15370.0,15370.0,15370.0,15370.0,0,0.0,0.0
2024-07-12 13:30:00+09:00,15360.0,15370.0,15360.0,15370.0,2,0.0,0.0
2024-07-12 13:35:00+09:00,15350.0,15350.0,15350.0,15350.0,173,0.0,0.0
2024-07-12 13:40:00+09:00,15360.0,15370.0,15360.0,15360.0,33,0.0,0.0
2024-07-12 13:45:00+09:00,15360.0,15360.0,15340.0,15360.0,578,0.0,0.0
2024-07-12 13:50:00+09:00,15360.0,15360.0,15350.0,15360.0,86,0.0,0.0
2024-07-12 14:00:00+09:00,15350.0,15350.0,15350.0,15350.0,0,0.0,0.0
2024-07-12 14:05:00+09:00,15350.0,15350.0,15340.0,15340.0,202,0.0,0.0
2024-07-12 14:15:00+09:00,15350.0,15350.0,15340.0,15340.0,3,0.0,0.0
2024-07-12 14:20:00+09:00,15340.0,15340.0,15340.0,15340.0,20,0.0,0.0
2024-07-12 14:25:00+09:00,15340.0,15340.0,15340.0,15340.0,0,0.0,0.0
2024-07-12 14:30:00+09:00,15330.0,15330.0,15330.0,15330.0,120,0.0,0.0
2024-07-12 14:35:00+09:00,15330.0,15340.0,15320.0,15320.0,233,0.0,0.0
2024-07-12 14:45:00+09:00,15320.0,15320.0,15310.0,15310.0,44,0.0,0.0
2024-07-12 14:55:00+09:00,15310.0,15310.0,15300.0,15300.0,271,0.0,0.0
2024-07-15 09:00:00+09:00,15270.0,15470.0,15270.0,15470.0,0,0.0,0.0
2024-07-15 09:05:00+09:00,15320.0,15320.0,15320.0,15320.0,3,0.0,0.0
2024-07-15 09:10:00+09:00,15380.0,15380.0,15280.0,15320.0,23,0.0,0.0
2024-07-15 09:15:00+09:00,15320.0,15320.0,15270.0,15270.0,384,0.0,0.0
2024-07-15 09:20:00+09:00,15320.0,15320.0,15320.0,15320.0,5,0.0,0.0
2024-07-15 09:40:00+09:00,15320.0,15320.0,15320.0,15320.0,100,0.0,0.0
2024-07-15 09:45:00+09:00,15300.0,15320.0,15300.0,15320.0,181,0.0,0.0
2024-07-15 09:50:00+09:00,15300.0,15320.0,15300.0,15320.0,51,0.0,0.0
2024-07-15 10:00:00+09:00,15320.0,15320.0,15320.0,15320.0,341,0.0,0.0
2024-07-15 10:05:00+09:00,15310.0,15310.0,15310.0,15310.0,3,0.0,0.0
2024-07-15 10:10:00+09:00,15320.0,15340.0,15320.0,15340.0,14,0.0,0.0
2024-07-15 10:15:00+09:00,15340.0,15340.0,15340.0,15340.0,274,0.0,0.0
2024-07-15 10:20:00+09:00,15370.0,15380.0,15370.0,15370.0,8,0.0,0.0
2024-07-15 10:25:00+09:00,15380.0,15380.0,15380.0,15380.0,1,0.0,0.0
2024-07-15 10:30:00+09:00,15380.0,15380.0,15380.0,15380.0,62,0.0,0.0
2024-07-15 10:35:00+09:00,15380.0,15420.0,15380.0,15420.0,189,0.0,0.0
2024-07-15 10:40:00+09:00,15390.0,15430.0,15390.0,15430.0,28,0.0,0.0
2024-07-15 10:45:00+09:00,15400.0,15440.0,15400.0,15440.0,0,0.0,0.0
2024-07-15 10:50:00+09:00,15440.0,15440.0,15440.0,15440.0,14,0.0,0.0
2024-07-15 10:55:00+09:00,15430.0,15430.0,15430.0,15430.0,20,0.0,0.0
2024-07-15 11:00:00+09:00,15450.0,15460.0,15430.0,15460.0,11,0.0,0.0
2024-07-15 11:05:00+09:00,15430.0,15460.0,15300.0,15450.0,1246,0.0,0.0
2024-07-15 11:15:00+09:00,15400.0,15450.0,15400.0,15450.0,3,0.0,0.0
2024-07-15 11:20:00+09:00,15420.0,15420.0,15420.0,15420.0,2,0.0,0.0
2024-07-15 11:25:00+09:00,15420.0,15420.0,15420.0,15420.0,9,0.0,0.0
2024-07-15 11:30:00+09:00,15440.0,15440.0,15440.0,15440.0,0,0.0,0.0
2024-07-15 11:35:00+09:00,15440.0,15440.0,15440.0,15440.0,3,0.0,0.0
2024-07-15 11:45:00+09:00,15440.0,15440.0,15430.0,15430.0,102,0.0,0.0
2024-07-15 11:50:00+09:00,15430.0,15430.0,15420.0,15420.0,35,0.0,0.0
2024-07-15 11:55:00+09:00,15420.0,15430.0,15420.0,15430.0,131,0.0,0.0
2024-07-15 12:00:00+09:00,15420.0,15420.0,15390.0,15390.0,562,0.0,0.0
2024-07-15 12:05:00+09:00,15400.0,15400.0,15400.0,15400.0,1,0.0,0.0
2024-07-15 12:10:00+09:00,15400.0,15400.0,15390.0,15400.0,232,0.0,0.0
2024-07-15 12:15:00+09:00,15410.0,15410.0,15410.0,15410.0,0,0.0,0.0
2024-07-15 12:25:00+09:00,15410.0,15410.0,15410.0,15410.0,3,0.0,0.0
2024-07-15 12:30:00+09:00,15410.0,15410.0,15380.0,15410.0,51,0.0,0.0
2024-07-15 12:45:00+09:00,15410.0,15410.0,15410.0,15410.0,7,0.0,0.0
2024-07-15 13:05:00+09:00,15400.0,15410.0,15380.0,15410.0,108,0.0,0.0
2024-07-15 13:10:00+09:00,15380.0,15380.0,15380.0,15380.0,4,0.0,0.0
2024-07-15 13:15:00+09:00,15380.0,15380.0,15380.0,15380.0,42,0.0,0.0
2024-07-15 13:20:00+09:00,15380.0,15380.0,15380.0,15380.0,232,0.0,0.0
2024-07-15 13:30:00+09:00,15400.0,15400.0,15380.0,15380.0,71,0.0,0.0
2024-07-15 13:45:00+09:00,15380.0,15380.0,15370.0,15370.0,100,0.0,0.0
2024-07-15 13:55:00+09:00,15380.0,15380.0,15380.0,15380.0,1,0.0,0.0
2024-07-15 14:00:00+09:00,15370.0,15370.0,15370.0,15370.0,335,0.0,0.0
2024-07-15 14:05:00+09:00,15360.0,15370.0,15360.0,15370.0,0,0.0,0.0
2024-07-15 14:10:00+09:00,15370.0,15380.0,15370.0,15380.0,52,0.0,0.0
2024-07-15 14:15:00+09:00,15380.0,15380.0,15360.0,15360.0,167,0.0,0.0
2024-07-15 14:20:00+09:00,15350.0,15350.0,15320.0,15320.0,459,0.0,0.0
2024-07-15 14:25:00+09:00,15340.0,15340.0,15340.0,15340.0,0,0.0,0.0
2024-07-15 14:30:00+09:00,15320.0,15320.0,15300.0,15300.0,131,0.0,0.0
2024-07-15 14:35:00+09:00,15300.0,15340.0,15300.0,15320.0,1469,0.0,0.0
2024-07-15 14:45:00+09:00,15330.0,15380.0,15330.0,15380.0,927,0.0,0.0
2024-07-15 14:50:00+09:00,15360.0,15390.0,15360.0,15390.0,126,0.0,0.0
2024-07-15 14:55:00+09:00,15400.0,15400.0,15400.0,15400.0,21,0.0,0.0
2024-07-16 09:00:00+09:00,15440.0,15480.0,15410.0,15480.0,75,0.0,0.0
2024-07-16 09:05:00+09:00,15480.0,15530.0,15480.0,15520.0,133,0.0,0.0
2024-07-16 09:10:00+09:00,15480.0,15530.0,15440.0,15520.0,1201,0.0,0.0
2024-07-16 09:15:00+09:00,15520.0,15540.0,15510.0,15510.0,348,0.0,0.0
2024-07-16 09:20:00+09:00,15530.0,15530.0,15530.0,15530.0,0,0.0,0.0
2024-07-16 09:25:00+09:00,15530.0,15530.0,15500.0,15500.0,92,0.0,0.0
2024-07-16 09:30:00+09:00,15490.0,15500.0,15440.0,15440.0,413,0.0,0.0
2024-07-16 09:35:00+09:00,15440.0,15440.0,15420.0,15420.0,166,0.0,0.0
2024-07-16 09:40:00+09:00,15420.0,15420.0,15400.0,15410.0,478,0.0,0.0
2024-07-16 09:45:00+09:00,15410.0,15410.0,15370.0,15370.0,201,0.0,0.0
2024-07-16 09:50:00+09:00,15360.0,15360.0,15330.0,15360.0,145,0.0,0.0
2024-07-16 09:55:00+09:00,15360.0,15360.0,15300.0,15360.0,431,0.0,0.0
2024-07-16 10:00:00+09:00,15360.0,15360.0,15300.0,15300.0,416,0.0,0.0
2024-07-16 10:05:00+09:00,15290.0,15340.0,15250.0,15330.0,427,0.0,0.0
2024-07-16 10:10:00+09:00,15250.0,15320.0,15250.0,15320.0,2,0.0,0.0
2024-07-16 10:15:00+09:00,15320.0,15320.0,15310.0,15310.0,61,0.0,0.0
2024-07-16 10:20:00+09:00,15310.0,15310.0,15310.0,15310.0,5,0.0,0.0
2024-07-16 10:25:00+09:00,15310.0,15310.0,15310.0,15310.0,15,0.0,0.0
2024-07-16 10:30:00+09:00,15260.0,15310.0,15260.0,15310.0,436,0.0,0.0
2024-07-16 10:45:00+09:00,15310.0,15310.0,15300.0,15300.0,4,0.0,0.0
2024-07-16 10:50:00+09:00,15270.0,15300.0,15250.0,15300.0,514,0.0,0.0
2024-07-16 10:55:00+09:00,15250.0,15300.0,15250.0,15300.0,4,0.0,0.0
2024-07-16 11:00:00+09:00,15290.0,15300.0,15290.0,15300.0,64,0.0,0.0
2024-07-16 11:05:00+09:00,15300.0,15300.0,15300.0,15300.0,1,0.0,0.0
2024-07-16 11:10:00+09:00,15300.0,15300.0,15270.0,15270.0,494,0.0,0.0
2024-07-16 11:15:00+09:00,15290.0,15290.0,15290.0,15290.0,0,0.0,0.0
2024-07-16 11:20:00+09:00,15310.0,15310.0,15310.0,15310.0,13,0.0,0.0
2024-07-16 11:35:00+09:00,15310.0,15310.0,15310.0,15310.0,1,0.0,0.0
2024-07-16 11:40:00+09:00,15300.0,15300.0,15300.0,15300.0,10,0.0,0.0
2024-07-16 11:45:00+09:00,15310.0,15310.0,15310.0,15310.0,0,0.0,0.0
2024-07-16 11:50:00+09:00,15310.0,15390.0,15310.0,15390.0,99,0.0,0.0
2024-07-16 11:55:00+09:00,15410.0,15410.0,15410.0,15410.0,0,0.0,0.0
2024-07-16 12:05:00+09:00,15410.0,15410.0,15410.0,15410.0,39,0.0,0.0
2024-07-16 12:30:00+09:00,15410.0,15410.0,15400.0,15400.0,4,0.0,0.0
2024-07-16 12:35:00+09:00,15410.0,15410.0,15410.0,15410.0,4,0.0,0.0
2024-07-16 12:50:00+09:00,15410.0,15440.0,15410.0,15440.0,98,0.0,0.0
2024-07-16 12:55:00+09:00,15440.0,15500.0,15440.0,15500.0,305,0.0,0.0
2024-07-16 13:00:00+09:00,15470.0,15500.0,15470.0,15500.0,80,0.0,0.0
2024-07-16 13:05:00+09:00,15490.0,15490.0,15490.0,15490.0,10,0.0,0.0
2024-07-16 13:10:00+09:00,15450.0,15450.0,15420.0,15420.0,3,0.0,0.0
2024-07-16 13:15:00+09:00,15410.0,15410.0,15370.0,15370.0,94,0.0,0.0
2024-07-16 13:20:00+09:00,15410.0,15410.0,15410.0,15410.0,0,0.0,0.0
2024-07-16 13:25:00+09:00,15380.0,15380.0,15380.0,15380.0,5,0.0,0.0
2024-07-16 13:35:00+09:00,15420.0,15420.0,15420.0,15420.0,0,0.0,0.0
2024-07-16 13:55:00+09:00,15380.0,15420.0,15370.0,15420.0,13,0.0,0.0
2024-07-16 14:00:00+09:00,15410.0,15410.0,15410.0,15410.0,18,0.0,0.0
2024-07-16 14:05:00+09:00,15370.0,15410.0,15370.0,15410.0,1,0.0,0.0
2024-07-16 14:40:00+09:00,15360.0,15360.0,15350.0,15350.0,153,0.0,0.0
2024-07-16 14:45:00+09:00,15350.0,15350.0,15350.0,15350.0,0,0.0,0.0
2024-07-16 14:50:00+09:00,15340.0,15400.0,15280.0,15400.0,496,0.0,0.0
2024-07-16 14:55:00+09:00,15310.0,15400.0,15310.0,15400.0,3,0.0,0.0
2024-07-17 09:00:00+09:00,15470.0,15490.0,15430.0,15490.0,310,0.0,0.0
2024-07-17 09:05:00+09:00,15490.0,15490.0,15490.0,15490.0,13,0.0,0.0
2024-07-17 09:10:00+09:00,15430.0,15480.0,15420.0,15480.0,274,0.0,0.0
2024-07-17 09:15:00+09:00,15420.0,15480.0,15340.0,15470.0,1064,0.0,0.0
2024-07-17 09:20:00+09:00,15350.0,15460.0,15350.0,15350.0,210,0.0,0.0
2024-07-17 09:25:00+09:00,15380.0,15450.0,15360.0,15420.0,113,0.0,0.0
2024-07-17 09:30:00+09:00,15420.0,15450.0,15420.0,15450.0,76,0.0,0.0
2024-07-17 09:45:00+09:00,15440.0,15440.0,15410.0,15440.0,106,0.0,0.0
2024-07-17 09:50:00+09:00,15400.0,15400.0,15400.0,15400.0,452,0.0,0.0
2024-07-17 09:55:00+09:00,15400.0,15410.0,15390.0,15390.0,455,0.0,0.0
2024-07-17 10:00:00+09:00,15390.0,15410.0,15370.0,15380.0,273,0.0,0.0
2024-07-17 10:05:00+09:00,15380.0,15380.0,15380.0,15380.0,69,0.0,0.0
2024-07-17 10:10:00+09:00,15380.0,15380.0,15380.0,15380.0,130,0.0,0.0
2024-07-17 10:20:00+09:00,15380.0,15380.0,15380.0,15380.0,78,0.0,0.0
2024-07-17 10:25:00+09:00,15370.0,15370.0,15350.0,15350.0,725,0.0,0.0
2024-07-17 10:30:00+09:00,15350.0,15350.0,15300.0,15350.0,295,0.0,0.0
2024-07-17 10:35:00+09:00,15350.0,15350.0,15350.0,15350.0,329,0.0,0.0
2024-07-17 10:45:00+09:00,15320.0,15320.0,15320.0,15320.0,0,0.0,0.0
2024-07-17 10:55:00+09:00,15320.0,15350.0,15320.0,15350.0,1586,0.0,0.0
2024-07-17 11:00:00+09:00,15350.0,15450.0,15350.0,15450.0,1186,0.0,0.0
2024-07-17 11:05:00+09:00,15450.0,15480.0,15450.0,15470.0,179,0.0,0.0
2024-07-17 11:10:00+09:00,15470.0,15470.0,15450.0,15450.0,12,0.0,0.0
2024-07-17 11:15:00+09:00,15480.0,15490.0,15480.0,15490.0,18,0.0,0.0
2024-07-17 11:20:00+09:00,15490.0,15490.0,15490.0,15490.0,102,0.0,0.0
2024-07-17 11:25:00+09:00,15480.0,15480.0,15470.0,15470.0,15,0.0,0.0
2024-07-17 11:30:00+09:00,15470.0,15480.0,15470.0,15480.0,0,0.0,0.0
2024-07-17 11:35:00+09:00,15460.0,15480.0,15460.0,15470.0,21,0.0,0.0
2024-07-17 11:40:00+09:00,15480.0,15480.0,15470.0,15470.0,0,0.0,0.0
2024-07-17 11:45:00+09:00,15480.0,15480.0,15480.0,15480.0,6,0.0,0.0
2024-07-17 11:50:00+09:00,15460.0,15460.0,15460.0,15460.0,61,0.0,0.0
2024-07-17 11:55:00+09:00,15480.0,15480.0,15480.0,15480.0,0,0.0,0.0
2024-07-17 12:00:00+09:00,15470.0,15480.0,15470.0,15480.0,66,0.0,0.0
2024-07-17 12:10:00+09:00,15460.0,15470.0,15460.0,15470.0,0,0.0,0.0
2024-07-17 12:15:00+09:00,15470.0,15480.0,15470.0,15480.0,31,0.0,0.0
2024-07-17 12:20:00+09:00,15480.0,15480.0,15480.0,15480.0,104,0.0,0.0
2024-07-17 12:25:00+09:00,15470.0,15480.0,15460.0,15480.0,88,0.0,0.0
2024-07-17 12:40:00+09:00,15470.0,15470.0,15460.0,15460.0,10,0.0,0.0
2024-07-17 12:45:00+09:00,15470.0,15490.0,15470.0,15490.0,126,0.0,0.0
2024-07-17 12:50:00+09:00,15490.0,15490.0,15490.0,15490.0,0,0.0,0.0
2024-07-17 13:10:00+09:00,15480.0,15490.0,15480.0,15490.0,3,0.0,0.0
2024-07-17 13:15:00+09:00,15490.0,15490.0,15490.0,15490.0,228,0.0,0.0
2024-07-17 13:20:00+09:00,15480.0,15480.0,15480.0,15480.0,0,0.0,0.0
2024-07-17 13:25:00+09:00,15490.0,15490.0,15480.0,15480.0,3,0.0,0.0
2024-07-17 13:35:00+09:00,15470.0,15470.0,15470.0,15470.0,73,0.0,0.0
2024-07-17 13:40:00+09:00,15480.0,15480.0,15480.0,15480.0,0,0.0,0.0
2024-07-17 13:45:00+09:00,15470.0,15470.0,15460.0,15460.0,8664,0.0,0.0
2024-07-17 13:50:00+09:00,15480.0,15480.0,15480.0,15480.0,0,0.0,0.0
2024-07-17 13:55:00+09:00,15470.0,15480.0,15430.0,15430.0,341,0.0,0.0
2024-07-17 14:00:00+09:00,15460.0,15460.0,15460.0,15460.0,0,0.0,0.0
2024-07-17 14:05:00+09:00,15460.0,15460.0,15420.0,15420.0,396,0.0,0.0
2024-07-17 14:10:00+09:00,15450.0,15450.0,15410.0,15410.0,902,0.0,0.0
2024-07-17 14:15:00+09:00,15420.0,15430.0,15420.0,15430.0,0,0.0,0.0
2024-07-17 14:20:00+09:00,15430.0,15430.0,15430.0,15430.0,263,0.0,0.0
2024-07-17 14:30:00+09:00,15430.0,15450.0,15430.0,15450.0,322,0.0,0.0
2024-07-17 14:35:00+09:00,15440.0,15440.0,15440.0,15440.0,0,0.0,0.0
2024-07-17 14:40:00+09:00,15450.0,15450.0,15430.0,15430.0,67,0.0,0.0
2024-07-17 14:45:00+09:00,15450.0,15450.0,15420.0,15450.0,181,0.0,0.0
2024-07-17 14:50:00+09:00,15430.0,15450.0,15350.0,15450.0,734,0.0,0.0
2024-07-17 14:55:00+09:00,15450.0,15450.0,15380.0,15450.0,68,0.0,0.0
2024-07-18 09:00:00+09:00,15200.0,15600.0,15140.0,15540.0,406,0.0,0.0
2024-07-18 09:05:00+09:00,15250.0,15420.0,15220.0,15400.0,227,0.0,0.0
2024-07-18 09:10:00+09:00,15330.0,15330.0,15150.0,15210.0,520,0.0,0.0
2024-07-18 09:15:00+09:00,15130.0,15130.0,15130.0,15130.0,0,0.0,0.0
2024-07-18 09:20:00+09:00,15150.0,15150.0,15090.0,15130.0,1723,0.0,0.0
2024-07-18 09:25:00+09:00,15110.0,15110.0,15110.0,15110.0,0,0.0,0.0
2024-07-18 09:30:00+09:00,15110.0,15170.0,15110.0,15170.0,215,0.0,0.0
2024-07-18 09:35:00+09:00,15100.0,15200.0,15100.0,15200.0,21,0.0,0.0
2024-07-18 09:40:00+09:00,15180.0,15180.0,15110.0,15110.0,1139,0.0,0.0
2024-07-18 09:45:00+09:00,15100.0,15110.0,15100.0,15110.0,0,0.0,0.0
2024-07-18 09:50:00+09:00,15110.0,15110.0,15100.0,15110.0,93,0.0,0.0
2024-07-18 09:55:00+09:00,15110.0,15110.0,15100.0,15110.0,185,0.0,0.0
2024-07-18 10:00:00+09:00,15100.0,15150.0,15100.0,15110.0,0,0.0,0.0
2024-07-18 10:05:00+09:00,15120.0,15150.0,15120.0,15120.0,37,0.0,0.0
2024-07-18 10:10:00+09:00,15120.0,15120.0,15100.0,15120.0,624,0.0,0.0
2024-07-18 10:15:00+09:00,15100.0,15100.0,15090.0,15100.0,51,0.0,0.0
2024-07-18 10:20:00+09:00,15100.0,15110.0,15100.0,15100.0,20,0.0,0.0
2024-07-18 10:25:00+09:00,15100.0,15110.0,15090.0,15090.0,243,0.0,0.0
2024-07-18 10:30:00+09:00,15090.0,15110.0,15080.0,15080.0,209,0.0,0.0
2024-07-18 10:35:00+09:00,15080.0,15080.0,15070.0,15070.0,23,0.0,0.0
2024-07-18 10:40:00+09:00,15070.0,15070.0,15050.0,15050.0,149,0.0,0.0
2024-07-18 10:45:00+09:00,15070.0,15090.0,15060.0,15090.0,18,0.0,0.0
2024-07-18 10:50:00+09:00,15100.0,15120.0,15100.0,15110.0,241,0.0,0.0
2024-07-18 10:55:00+09:00,15100.0,15100.0,15080.0,15100.0,727,0.0,0.0
2024-07-18 11:00:00+09:00,15070.0,15110.0,15070.0,15090.0,291,0.0,0.0
2024-07-18 11:05:00+09:00,15090.0,15100.0,15090.0,15100.0,13,0.0,0.0
2024-07-18 11:10:00+09:00,15090.0,15090.0,15070.0,15070.0,384,0.0,0.0
2024-07-18 11:15:00+09:00,15070.0,15070.0,15060.0,15060.0,298,0.0,0.0
2024-07-18 11:20:00+09:00,15060.0,15060.0,15050.0,15050.0,455,0.0,0.0
2024-07-18 11:25:00+09:00,15050.0,15060.0,15050.0,15050.0,0,0.0,0.0
2024-07-18 11:30:00+09:00,15040.0,15050.0,15030.0,15050.0,452,0.0,0.0
2024-07-18 11:35:00+09:00,15030.0,15030.0,15030.0,15030.0,8,0.0,0.0
2024-07-18 11:40:00+09:00,15040.0,15050.0,15020.0,15050.0,313,0.0,0.0
2024-07-18 11:45:00+09:00,15050.0,15050.0,15050.0,15050.0,0,0.0,0.0
2024-07-18 11:50:00+09:00,15060.0,15060.0,15050.0,15050.0,74,0.0,0.0
2024-07-18 11:55:00+09:00,15040.0,15050.0,15040.0,15050.0,46,0.0,0.0
2024-07-18 12:00:00+09:00,15050.0,15050.0,15040.0,15040.0,97,0.0,0.0
2024-07-18 12:05:00+09:00,15040.0,15040.0,15020.0,15020.0,141,0.0,0.0
2024-07-18 12:10:00+09:00,15020.0,15040.0,15020.0,15040.0,12,0.0,0.0
2024-07-18 12:15:00+09:00,15050.0,15100.0,15050.0,15050.0,99,0.0,0.0
2024-07-18 12:20:00+09:00,15090.0,15090.0,15090.0,15090.0,0,0.0,0.0
2024-07-18 12:25:00+09:00,15070.0,15070.0,15070.0,15070.0,8,0.0,0.0
2024-07-18 12:30:00+09:00,15070.0,15100.0,15060.0,15100.0,19,0.0,0.0
2024-07-18 12:40:00+09:00,15100.0,15100.0,15090.0,15090.0,14,0.0,0.0
2024-07-18 12:45:00+09:00,15080.0,15100.0,15080.0,15100.0,10,0.0,0.0
2024-07-18 12:50:00+09:00,15100.0,15100.0,15090.0,15090.0,6,0.0,0.0
2024-07-18 12:55:00+09:00,15090.0,15090.0,15090.0,15090.0,6,0.0,0.0
2024-07-18 13:00:00+09:00,15090.0,15090.0,15090.0,15090.0,3,0.0,0.0
2024-07-18 13:05:00+09:00,15090.0,15100.0,15090.0,15090.0,51,0.0,0.0
2024-07-18 13:15:00+09:00,15090.0,15090.0,15090.0,15090.0,0,0.0,0.0
2024-07-18 13:20:00+09:00,15090.0,15100.0,15090.0,15090.0,7,0.0,0.0
2024-07-18 13:25:00+09:00,15100.0,15100.0,15100.0,15100.0,16,0.0,0.0
2024-07-18 13:30:00+09:00,15100.0,15100.0,15080.0,15080.0,166,0.0,0.0
2024-07-18 13:35:00+09:00,15080.0,15100.0,15080.0,15100.0,3,0.0,0.0
2024-07-18 13:40:00+09:00,15080.0,15080.0,15080.0,15080.0,5,0.0,0.0
2024-07-18 13:45:00+09:00,15080.0,15080.0,15060.0,15060.0,220,0.0,0.0
2024-07-18 13:50:00+09:00,15060.0,15070.0,15060.0,15060.0,0,0.0,0.0
2024-07-18 13:55:00+09:00,15060.0,15060.0,15050.0,15060.0,41,0.0,0.0
2024-07-18 14:00:00+09:00,15060.0,15060.0,15060.0,15060.0,83,0.0,0.0
2024-07-18 14:05:00+09:00,15060.0,15060.0,15050.0,15060.0,0,0.0,0.0
2024-07-18 14:10:00+09:00,15050.0,15060.0,15050.0,15050.0,55,0.0,0.0
2024-07-18 14:20:00+09:00,15050.0,15050.0,15030.0,15040.0,0,0.0,0.0
2024-07-18 14:25:00+09:00,15030.0,15060.0,15030.0,15060.0,186,0.0,0.0
2024-07-18 14:30:00+09:00,15070.0,15070.0,15070.0,15070.0,5,0.0,0.0
2024-07-18 14:35:00+09:00,15070.0,15100.0,15070.0,15100.0,21,0.0,0.0
2024-07-18 14:45:00+09:00,15100.0,15100.0,15100.0,15100.0,9,0.0,0.0
2024-07-18 14:50:00+09:00,15080.0,15100.0,15080.0,15100.0,88,0.0,0.0
2024-07-18 14:55:00+09:00,15100.0,15110.0,15100.0,15110.0,127,0.0,0.0
2024-07-19 09:00:00+09:00,15010.0,15290.0,15010.0,15200.0,66,0.0,0.0
2024-07-19 09:05:00+09:00,15080.0,15140.0,15080.0,15140.0,9,0.0,0.0
2024-07-19 09:10:00+09:00,15070.0,15100.0,15070.0,15100.0,130,0.0,0.0
2024-07-19 09:15:00+09:00,15110.0,15110.0,15070.0,15070.0,35,0.0,0.0
2024-07-19 09:20:00+09:00,15070.0,15070.0,15030.0,15030.0,41,0.0,0.0
2024-07-19 09:25:00+09:00,15040.0,15040.0,15030.0,15030.0,128,0.0,0.0
2024-07-19 09:30:00+09:00,15030.0,15070.0,15030.0,15070.0,136,0.0,0.0
2024-07-19 09:35:00+09:00,15070.0,15080.0,15060.0,15080.0,75,0.0,0.0
2024-07-19 09:45:00+09:00,15080.0,15080.0,15070.0,15070.0,3,0.0,0.0
2024-07-19 09:50:00+09:00,15050.0,15050.0,15000.0,15040.0,1572,0.0,0.0
2024-07-19 09:55:00+09:00,15040.0,15040.0,15040.0,15040.0,277,0.0,0.0
2024-07-19 10:00:00+09:00,15010.0,15100.0,14990.0,15100.0,1149,0.0,0.0
2024-07-19 10:05:00+09:00,15100.0,15100.0,15100.0,15100.0,44,0.0,0.0
2024-07-19 10:10:00+09:00,15010.0,15100.0,15010.0,15100.0,113,0.0,0.0
2024-07-19 10:15:00+09:00,15100.0,15100.0,15100.0,15100.0,2,0.0,0.0
2024-07-19 10:20:00+09:00,15080.0,15100.0,15030.0,15100.0,5,0.0,0.0
2024-07-19 10:25:00+09:00,15030.0,15030.0,15030.0,15030.0,1,0.0,0.0
2024-07-19 10:30:00+09:00,15010.0,15100.0,15010.0,15100.0,3,0.0,0.0
2024-07-19 10:35:00+09:00,15100.0,15100.0,15100.0,15100.0,185,0.0,0.0
2024-07-19 10:40:00+09:00,15040.0,15100.0,15040.0,15100.0,0,0.0,0.0
2024-07-19 10:45:00+09:00,15050.0,15100.0,15010.0,15100.0,93,0.0,0.0
2024-07-19 10:50:00+09:00,15050.0,15100.0,15020.0,15100.0,13,0.0,0.0
2024-07-19 10:55:00+09:00,15020.0,15100.0,15010.0,15010.0,11,0.0,0.0
2024-07-19 11:00:00+09:00,15010.0,15100.0,14990.0,15100.0,210,0.0,0.0
2024-07-19 11:05:00+09:00,14990.0,14990.0,14990.0,14990.0,8,0.0,0.0
2024-07-19 11:10:00+09:00,15000.0,15000.0,15000.0,15000.0,48,0.0,0.0
2024-07-19 11:15:00+09:00,14990.0,14990.0,14990.0,14990.0,0,0.0,0.0
2024-07-19 11:20:00+09:00,15000.0,15000.0,14990.0,14990.0,18,0.0,0.0
2024-07-19 11:25:00+09:00,14990.0,14990.0,14990.0,14990.0,176,0.0,0.0
2024-07-19 11:30:00+09:00,14990.0,15000.0,14990.0,15000.0,0,0.0,0.0
2024-07-19 11:35:00+09:00,15000.0,15000.0,15000.0,15000.0,0,0.0,0.0
2024-07-19 11:45:00+09:00,15000.0,15000.0,14910.0,15000.0,686,0.0,0.0
2024-07-19 11:50:00+09:00,14940.0,14940.0,14940.0,14940.0,1,0.0,0.0
2024-07-19 11:55:00+09:00,15000.0,15000.0,15000.0,15000.0,2,0.0,0.0
2024-07-19 12:10:00+09:00,15000.0,15000.0,14980.0,15000.0,79,0.0,0.0
2024-07-19 12:15:00+09:00,15000.0,15000.0,15000.0,15000.0,61,0.0,0.0
2024-07-19 12:20:00+09:00,15090.0,15090.0,15090.0,15090.0,1,0.0,0.0
2024-07-19 12:30:00+09:00,15090.0,15100.0,15090.0,15100.0,11,0.0,0.0
2024-07-19 13:05:00+09:00,15020.0,15020.0,14990.0,14990.0,88,0.0,0.0
2024-07-19 13:10:00+09:00,15100.0,15100.0,15100.0,15100.0,0,0.0,0.0
2024-07-19 13:35:00+09:00,15000.0,15000.0,14990.0,14990.0,95,0.0,0.0
2024-07-19 13:40:00+09:00,15080.0,15080.0,15080.0,15080.0,0,0.0,0.0
2024-07-19 13:45:00+09:00,14990.0,14990.0,14990.0,14990.0,26,0.0,0.0
2024-07-19 13:55:00+09:00,15080.0,15080.0,15080.0,15080.0,0,0.0,0.0
2024-07-19 14:00:00+09:00,15080.0,15080.0,15080.0,15080.0,9,0.0,0.0
2024-07-19 14:05:00+09:00,15050.0,15050.0,15020.0,15020.0,113,0.0,0.0
2024-07-19 14:10:00+09:00,15020.0,15020.0,15000.0,15000.0,313,0.0,0.0
2024-07-19 14:15:00+09:00,15010.0,15050.0,15010.0,15050.0,0,0.0,0.0
2024-07-19 14:20:00+09:00,15050.0,15050.0,15050.0,15050.0,0,0.0,0.0
2024-07-19 14:30:00+09:00,15050.0,15050.0,15050.0,15050.0,20,0.0,0.0
2024-07-19 14:35:00+09:00,15010.0,15050.0,15010.0,15050.0,81,0.0,0.0
2024-07-19 14:40:00+09:00,15050.0,15050.0,15020.0,15020.0,9,0.0,0.0
2024-07-19 14:45:00+09:00,15030.0,15030.0,15030.0,15030.0,0,0.0,0.0
2024-07-19 14:50:00+09:00,15050.0,15050.0,15000.0,15000.0,161,0.0,0.0
2024-07-19 14:55:00+09:00,15050.0,15050.0,14980.0,14980.0,138,0.0,0.0
2024-07-22 09:00:00+09:00,15390.0,15390.0,15120.0,15330.0,0,0.0,0.0
2024-07-22 09:05:00+09:00,15330.0,15330.0,15070.0,15070.0,441,0.0,0.0
2024-07-22 09:10:00+09:00,15120.0,15120.0,15120.0,15120.0,0,0.0,0.0
2024-07-22 09:15:00+09:00,15120.0,15120.0,15010.0,15010.0,303,0.0,0.0
2024-07-22 09:20:00+09:00,15000.0,15010.0,14890.0,14960.0,388,0.0,0.0
2024-07-22 09:25:00+09:00,14920.0,14960.0,14920.0,14960.0,14,0.0,0.0
2024-07-22 09:30:00+09:00,14960.0,14960.0,14950.0,14950.0,80,0.0,0.0
2024-07-22 09:35:00+09:00,14950.0,14950.0,14880.0,14930.0,475,0.0,0.0
2024-07-22 09:40:00+09:00,14890.0,14890.0,14850.0,14880.0,480,0.0,0.0
2024-07-22 09:45:00+09:00,14880.0,14880.0,14810.0,14810.0,568,0.0,0.0
2024-07-22 09:50:00+09:00,14820.0,14820.0,14810.0,14820.0,224,0.0,0.0
2024-07-22 09:55:00+09:00,14820.0,14820.0,14810.0,14810.0,44,0.0,0.0
2024-07-22 10:00:00+09:00,14810.0,14820.0,14810.0,14820.0,63,0.0,0.0
2024-07-22 10:05:00+09:00,14810.0,14820.0,14810.0,14820.0,92,0.0,0.0
2024-07-22 10:10:00+09:00,14820.0,14820.0,14810.0,14820.0,135,0.0,0.0
2024-07-22 10:15:00+09:00,14810.0,14820.0,14780.0,14780.0,539,0.0,0.0
2024-07-22 10:20:00+09:00,14780.0,14780.0,14770.0,14780.0,291,0.0,0.0
2024-07-22 10:25:00+09:00,14770.0,14780.0,14770.0,14780.0,0,0.0,0.0
2024-07-22 10:30:00+09:00,14790.0,14810.0,14780.0,14810.0,90,0.0,0.0
2024-07-22 10:35:00+09:00,14780.0,14780.0,14750.0,14750.0,1015,0.0,0.0
2024-07-22 10:40:00+09:00,14750.0,14770.0,14750.0,14770.0,206,0.0,0.0
2024-07-22 10:45:00+09:00,14780.0,14780.0,14780.0,14780.0,27,0.0,0.0
2024-07-22 10:50:00+09:00,14780.0,14780.0,14760.0,14760.0,295,0.0,0.0
2024-07-22 10:55:00+09:00,14760.0,14760.0,14750.0,14750.0,719,0.0,0.0
2024-07-22 11:00:00+09:00,14750.0,14750.0,14730.0,14730.0,1705,0.0,0.0
2024-07-22 11:05:00+09:00,14730.0,14750.0,14730.0,14750.0,391,0.0,0.0
2024-07-22 11:10:00+09:00,14730.0,14750.0,14730.0,14750.0,99,0.0,0.0
2024-07-22 11:15:00+09:00,14750.0,14750.0,14750.0,14750.0,0,0.0,0.0
2024-07-22 11:20:00+09:00,14750.0,14750.0,14750.0,14750.0,19,0.0,0.0
2024-07-22 11:25:00+09:00,14750.0,14750.0,14750.0,14750.0,10,0.0,0.0
2024-07-22 11:30:00+09:00,14750.0,14750.0,14750.0,14750.0,0,0.0,0.0
2024-07-22 11:35:00+09:00,14750.0,14750.0,14740.0,14750.0,39,0.0,0.0
2024-07-22 11:40:00+09:00,14740.0,14740.0,14740.0,14740.0,29,0.0,0.0
2024-07-22 11:45:00+09:00,14750.0,14750.0,14750.0,14750.0,0,0.0,0.0
2024-07-22 11:50:00+09:00,14750.0,14750.0,14740.0,14750.0,267,0.0,0.0
2024-07-22 11:55:00+09:00,14740.0,14750.0,14740.0,14750.0,76,0.0,0.0
2024-07-22 12:00:00+09:00,14750.0,14750.0,14740.0,14740.0,68,0.0,0.0
2024-07-22 12:05:00+09:00,14740.0,14750.0,14740.0,14750.0,52,0.0,0.0
2024-07-22 12:10:00+09:00,14750.0,14800.0,14750.0,14800.0,162,0.0,0.0
2024-07-22 12:15:00+09:00,14790.0,14790.0,14780.0,14780.0,3,0.0,0.0
2024-07-22 12:20:00+09:00,14770.0,14780.0,14760.0,14780.0,282,0.0,0.0
2024-07-22 12:25:00+09:00,14780.0,14780.0,14770.0,14770.0,3,0.0,0.0
2024-07-22 12:35:00+09:00,14730.0,14770.0,14730.0,14740.0,131,0.0,0.0
2024-07-22 12:40:00+09:00,14740.0,14740.0,14730.0,14730.0,210,0.0,0.0
2024-07-22 12:45:00+09:00,14730.0,14730.0,14720.0,14720.0,1093,0.0,0.0
2024-07-22 12:50:00+09:00,14710.0,14720.0,14680.0,14680.0,3131,0.0,0.0
2024-07-22 12:55:00+09:00,14690.0,14690.0,14670.0,14670.0,260,0.0,0.0
2024-07-22 13:00:00+09:00,14670.0,14670.0,14650.0,14650.0,424,0.0,0.0
2024-07-22 13:05:00+09:00,14650.0,14660.0,14620.0,14620.0,1102,0.0,0.0
2024-07-22 13:10:00+09:00,14620.0,14650.0,14620.0,14620.0,255,0.0,0.0
2024-07-22 13:15:00+09:00,14630.0,14640.0,14620.0,14630.0,147,0.0,0.0
2024-07-22 13:20:00+09:00,14630.0,14670.0,14630.0,14670.0,214,0.0,0.0
2024-07-22 13:25:00+09:00,14640.0,14640.0,14590.0,14610.0,913,0.0,0.0
2024-07-22 13:30:00+09:00,14590.0,14610.0,14580.0,14580.0,240,0.0,0.0
2024-07-22 13:35:00+09:00,14580.0,14600.0,14580.0,14590.0,219,0.0,0.0
2024-07-22 13:40:00+09:00,14590.0,14610.0,14580.0,14580.0,225,0.0,0.0
2024-07-22 13:45:00+09:00,14580.0,14590.0,14580.0,14580.0,390,0.0,0.0
2024-07-22 13:50:00+09:00,14590.0,14600.0,14590.0,14590.0,51,0.0,0.0
2024-07-22 13:55:00+09:00,14590.0,14590.0,14580.0,14580.0,155,0.0,0.0
2024-07-22 14:00:00+09:00,14580.0,14590.0,14580.0,14580.0,137,0.0,0.0
2024-07-22 14:05:00+09:00,14580.0,14590.0,14580.0,14590.0,189,0.0,0.0
2024-07-22 14:10:00+09:00,14590.0,14590.0,14580.0,14590.0,167,0.0,0.0
2024-07-22 14:15:00+09:00,14590.0,14590.0,14570.0,14580.0,594,0.0,0.0
2024-07-22 14:20:00+09:00,14580.0,14590.0,14570.0,14580.0,197,0.0,0.0
2024-07-22 14:25:00+09:00,14580.0,14580.0,14560.0,14560.0,174,0.0,0.0
2024-07-22 14:30:00+09:00,14560.0,14570.0,14560.0,14570.0,178,0.0,0.0
2024-07-22 14:35:00+09:00,14570.0,14570.0,14560.0,14560.0,73,0.0,0.0
2024-07-22 14:40:00+09:00,14560.0,14590.0,14560.0,14560.0,125,0.0,0.0
2024-07-22 14:45:00+09:00,14560.0,14580.0,14560.0,14570.0,322,0.0,0.0
2024-07-22 14:50:00+09:00,14580.0,14620.0,14570.0,14610.0,1194,0.0,0.0
2024-07-22 14:55:00+09:00,14610.0,14630.0,14590.0,14630.0,108,0.0,0.0
2024-07-23 09:00:00+09:00,14620.0,14740.0,14620.0,14640.0,170,0.0,0.0
2024-07-23 09:05:00+09:00,14630.0,14740.0,14630.0,14740.0,138,0.0,0.0
2024-07-23 09:10:00+09:00,14750.0,14830.0,14750.0,14830.0,148,0.0,0.0
2024-07-23 09:15:00+09:00,14700.0,14740.0,14700.0,14740.0,506,0.0,0.0
2024-07-23 09:20:00+09:00,14740.0,14740.0,14740.0,14740.0,12,0.0,0.0
2024-07-23 09:25:00+09:00,14770.0,14820.0,14730.0,14730.0,592,0.0,0.0
2024-07-23 09:30:00+09:00,14810.0,14810.0,14810.0,14810.0,191,0.0,0.0
2024-07-23 09:35:00+09:00,14810.0,14810.0,14810.0,14810.0,0,0.0,0.0
2024-07-23 09:40:00+09:00,14790.0,14790.0,14700.0,14700.0,642,0.0,0.0
2024-07-23 09:45:00+09:00,14690.0,14690.0,14620.0,14620.0,0,0.0,0.0
2024-07-23 09:50:00+09:00,14620.0,14640.0,14610.0,14640.0,526,0.0,0.0
2024-07-23 09:55:00+09:00,14680.0,14680.0,14640.0,14680.0,78,0.0,0.0
2024-07-23 10:00:00+09:00,14700.0,14730.0,14700.0,14710.0,124,0.0,0.0
2024-07-23 10:05:00+09:00,14710.0,14710.0,14710.0,14710.0,191,0.0,0.0
2024-07-23 10:10:00+09:00,14690.0,14690.0,14610.0,14610.0,288,0.0,0.0
2024-07-23 10:15:00+09:00,14610.0,14610.0,14590.0,14590.0,204,0.0,0.0
2024-07-23 10:20:00+09:00,14590.0,14590.0,14590.0,14590.0,1001,0.0,0.0
2024-07-23 10:25:00+09:00,14610.0,14610.0,14540.0,14540.0,1013,0.0,0.0
2024-07-23 10:30:00+09:00,14550.0,14550.0,14530.0,14530.0,1,0.0,0.0
2024-07-23 10:35:00+09:00,14530.0,14530.0,14530.0,14530.0,15,0.0,0.0
2024-07-23 10:40:00+09:00,14530.0,14530.0,14530.0,14530.0,119,0.0,0.0
2024-07-23 10:45:00+09:00,14530.0,14530.0,14490.0,14490.0,1263,0.0,0.0
2024-07-23 10:50:00+09:00,14510.0,14510.0,14470.0,14500.0,320,0.0,0.0
2024-07-23 10:55:00+09:00,14480.0,14510.0,14480.0,14510.0,21,0.0,0.0
2024-07-23 11:00:00+09:00,14510.0,14510.0,14480.0,14480.0,142,0.0,0.0
2024-07-23 11:05:00+09:00,14480.0,14510.0,14480.0,14480.0,310,0.0,0.0
2024-07-23 11:10:00+09:00,14510.0,14510.0,14510.0,14510.0,0,0.0,0.0
2024-07-23 11:20:00+09:00,14530.0,14530.0,14530.0,14530.0,1,0.0,0.0
2024-07-23 11:25:00+09:00,14530.0,14530.0,14530.0,14530.0,2,0.0,0.0
2024-07-23 11:30:00+09:00,14530.0,14540.0,14520.0,14540.0,2,0.0,0.0
2024-07-23 11:35:00+09:00,14540.0,14540.0,14540.0,14540.0,1,0.0,0.0
2024-07-23 11:40:00+09:00,14540.0,14550.0,14540.0,14550.0,2,0.0,0.0
2024-07-23 11:50:00+09:00,14550.0,14550.0,14550.0,14550.0,10,0.0,0.0
2024-07-23 11:55:00+09:00,14560.0,14560.0,14560.0,14560.0,15,0.0,0.0
2024-07-23 12:00:00+09:00,14560.0,14560.0,14560.0,14560.0,105,0.0,0.0
2024-07-23 12:05:00+09:00,14550.0,14550.0,14540.0,14540.0,10,0.0,0.0
2024-07-23 12:10:00+09:00,14540.0,14540.0,14540.0,14540.0,0,0.0,0.0
2024-07-23 12:15:00+09:00,14540.0,14550.0,14520.0,14520.0,105,0.0,0.0
2024-07-23 12:20:00+09:00,14520.0,14520.0,14520.0,14520.0,225,0.0,0.0
2024-07-23 12:25:00+09:00,14540.0,14550.0,14540.0,14550.0,0,0.0,0.0
2024-07-23 12:30:00+09:00,14550.0,14550.0,14550.0,14550.0,1,0.0,0.0
2024-07-23 12:35:00+09:00,14530.0,14540.0,14530.0,14540.0,2,0.0,0.0
2024-07-23 12:40:00+09:00,14530.0,14540.0,14530.0,14540.0,1,0.0,0.0
2024-07-23 12:45:00+09:00,14540.0,14540.0,14540.0,14540.0,2,0.0,0.0
2024-07-23 12:50:00+09:00,14540.0,14550.0,14540.0,14550.0,151,0.0,0.0
2024-07-23 12:55:00+09:00,14540.0,14550.0,14540.0,14550.0,137,0.0,0.0
2024-07-23 13:05:00+09:00,14550.0,14550.0,14470.0,14500.0,1928,0.0,0.0
2024-07-23 13:10:00+09:00,14490.0,14510.0,14480.0,14510.0,6,0.0,0.0
2024-07-23 13:15:00+09:00,14510.0,14520.0,14510.0,14520.0,39,0.0,0.0
2024-07-23 13:20:00+09:00,14520.0,14520.0,14490.0,14500.0,33,0.0,0.0
2024-07-23 13:25:00+09:00,14520.0,14520.0,14490.0,14490.0,497,0.0,0.0
2024-07-23 13:30:00+09:00,14510.0,14510.0,14500.0,14500.0,668,0.0,0.0
2024-07-23 13:35:00+09:00,14500.0,14500.0,14500.0,14500.0,0,0.0,0.0
2024-07-23 13:40:00+09:00,14500.0,14500.0,14500.0,14500.0,11854,0.0,0.0
2024-07-23 13:45:00+09:00,14490.0,14500.0,14480.0,14500.0,148,0.0,0.0
2024-07-23 13:50:00+09:00,14500.0,14500.0,14480.0,14480.0,35,0.0,0.0
2024-07-23 13:55:00+09:00,14480.0,14510.0,14470.0,14500.0,104,0.0,0.0
2024-07-23 14:00:00+09:00,14470.0,14510.0,14470.0,14510.0,0,0.0,0.0
2024-07-23 14:05:00+09:00,14490.0,14510.0,14470.0,14480.0,56,0.0,0.0
2024-07-23 14:10:00+09:00,14500.0,14500.0,14500.0,14500.0,7,0.0,0.0
2024-07-23 14:15:00+09:00,14490.0,14490.0,14490.0,14490.0,0,0.0,0.0
2024-07-23 14:20:00+09:00,14490.0,14490.0,14470.0,14480.0,206,0.0,0.0
2024-07-23 14:25:00+09:00,14490.0,14490.0,14490.0,14490.0,1,0.0,0.0
2024-07-23 14:30:00+09:00,14490.0,14490.0,14490.0,14490.0,29,0.0,0.0
2024-07-23 14:35:00+09:00,14490.0,14490.0,14480.0,14490.0,570,0.0,0.0
2024-07-23 14:40:00+09:00,14490.0,14490.0,14490.0,14490.0,1,0.0,0.0
2024-07-23 14:45:00+09:00,14490.0,14490.0,14470.0,14470.0,321,0.0,0.0
2024-07-23 14:50:00+09:00,14480.0,14480.0,14470.0,14480.0,974,0.0,0.0
2024-07-24 09:00:00+09:00,14500.0,14500.0,14500.0,14500.0,159,0.0,0.0
2024-07-24 09:05:00+09:00,14500.0,14500.0,14410.0,14410.0,507,0.0,0.0
2024-07-24 09:10:00+09:00,14410.0,14430.0,14400.0,14430.0,287,0.0,0.0
2024-07-24 09:15:00+09:00,14400.0,14430.0,14360.0,14390.0,564,0.0,0.0
2024-07-24 09:20:00+09:00,14390.0,14390.0,14370.0,14370.0,9,0.0,0.0
2024-07-24 09:25:00+09:00,14380.0,14440.0,14380.0,14410.0,644,0.0,0.0
2024-07-24 09:30:00+09:00,14450.0,14500.0,14450.0,14500.0,198,0.0,0.0
2024-07-24 09:35:00+09:00,14500.0,14500.0,14500.0,14500.0,13,0.0,0.0
2024-07-24 09:40:00+09:00,14530.0,14530.0,14530.0,14530.0,0,0.0,0.0
2024-07-24 09:45:00+09:00,14530.0,14620.0,14530.0,14620.0,979,0.0,0.0
2024-07-24 09:50:00+09:00,14570.0,14620.0,14570.0,14590.0,97,0.0,0.0
2024-07-24 09:55:00+09:00,14590.0,14620.0,14590.0,14620.0,11,0.0,0.0
2024-07-24 10:00:00+09:00,14620.0,14700.0,14620.0,14700.0,365,0.0,0.0
2024-07-24 10:10:00+09:00,14650.0,14700.0,14650.0,14700.0,19,0.0,0.0
2024-07-24 10:15:00+09:00,14700.0,14700.0,14700.0,14700.0,1,0.0,0.0
2024-07-24 10:20:00+09:00,14670.0,14680.0,14670.0,14680.0,6,0.0,0.0
2024-07-24 10:30:00+09:00,14680.0,14680.0,14680.0,14680.0,22,0.0,0.0
2024-07-24 10:40:00+09:00,14670.0,14670.0,14650.0,14660.0,137,0.0,0.0
2024-07-24 10:45:00+09:00,14650.0,14650.0,14650.0,14650.0,681,0.0,0.0
2024-07-24 10:50:00+09:00,14630.0,14660.0,14620.0,14660.0,50,0.0,0.0
2024-07-24 10:55:00+09:00,14630.0,14650.0,14620.0,14640.0,52,0.0,0.0
2024-07-24 11:00:00+09:00,14650.0,14670.0,14650.0,14670.0,162,0.0,0.0
2024-07-24 11:05:00+09:00,14620.0,14670.0,14600.0,14670.0,563,0.0,0.0
2024-07-24 11:10:00+09:00,14630.0,14660.0,14610.0,14660.0,0,0.0,0.0
2024-07-24 11:15:00+09:00,14610.0,14670.0,14600.0,14620.0,106,0.0,0.0
2024-07-24 11:20:00+09:00,14640.0,14640.0,14600.0,14600.0,591,0.0,0.0
2024-07-24 11:30:00+09:00,14640.0,14650.0,14600.0,14650.0,0,0.0,0.0
2024-07-24 11:40:00+09:00,14630.0,14650.0,14630.0,14650.0,7,0.0,0.0
2024-07-24 11:45:00+09:00,14600.0,14600.0,14560.0,14560.0,690,0.0,0.0
2024-07-24 11:50:00+09:00,14580.0,14580.0,14580.0,14580.0,265,0.0,0.0
2024-07-24 12:00:00+09:00,14550.0,14550.0,14550.0,14550.0,0,0.0,0.0
2024-07-24 12:05:00+09:00,14550.0,14550.0,14550.0,14550.0,101,0.0,0.0
2024-07-24 12:10:00+09:00,14570.0,14640.0,14570.0,14640.0,934,0.0,0.0
2024-07-24 12:15:00+09:00,14580.0,14640.0,14580.0,14640.0,26,0.0,0.0
2024-07-24 12:20:00+09:00,14620.0,14620.0,14570.0,14570.0,147,0.0,0.0
2024-07-24 12:25:00+09:00,14570.0,14640.0,14570.0,14640.0,0,0.0,0.0
2024-07-24 12:30:00+09:00,14610.0,14630.0,14610.0,14630.0,18,0.0,0.0
2024-07-24 12:40:00+09:00,14600.0,14630.0,14600.0,14620.0,100,0.0,0.0
2024-07-24 12:50:00+09:00,14630.0,14630.0,14630.0,14630.0,88,0.0,0.0
2024-07-24 12:55:00+09:00,14620.0,14620.0,14620.0,14620.0,76,0.0,0.0
2024-07-24 13:00:00+09:00,14630.0,14630.0,14630.0,14630.0,0,0.0,0.0
2024-07-24 13:10:00+09:00,14610.0,14610.0,14590.0,14590.0,788,0.0,0.0
2024-07-24 13:15:00+09:00,14570.0,14600.0,14570.0,14600.0,0,0.0,0.0
2024-07-24 13:20:00+09:00,14570.0,14570.0,14570.0,14570.0,462,0.0,0.0
2024-07-24 13:25:00+09:00,14600.0,14600.0,14570.0,14600.0,0,0.0,0.0
2024-07-24 13:40:00+09:00,14600.0,14600.0,14570.0,14570.0,13,0.0,0.0
2024-07-24 13:45:00+09:00,14570.0,14570.0,14550.0,14550.0,336,0.0,0.0
2024-07-24 13:50:00+09:00,14550.0,14560.0,14530.0,14560.0,235,0.0,0.0
2024-07-24 13:55:00+09:00,14530.0,14530.0,14520.0,14520.0,579,0.0,0.0
2024-07-24 14:00:00+09:00,14510.0,14530.0,14450.0,14470.0,2111,0.0,0.0
2024-07-24 14:05:00+09:00,14440.0,14630.0,14440.0,14610.0,492,0.0,0.0
2024-07-24 14:10:00+09:00,14590.0,14630.0,14590.0,14630.0,415,0.0,0.0
2024-07-24 14:15:00+09:00,14620.0,14620.0,14620.0,14620.0,0,0.0,0.0
2024-07-24 14:20:00+09:00,14630.0,14630.0,14630.0,14630.0,2,0.0,0.0
2024-07-24 14:30:00+09:00,14620.0,14640.0,14610.0,14640.0,25,0.0,0.0
2024-07-24 14:40:00+09:00,14640.0,14640.0,14640.0,14640.0,17,0.0,0.0
2024-07-24 14:55:00+09:00,14630.0,14630.0,14630.0,14630.0,11,0.0,0.0
2024-07-25 09:00:00+09:00,14560.0,14560.0,14530.0,14530.0,173,0.0,0.0
2024-07-25 09:05:00+09:00,14530.0,14560.0,14530.0,14560.0,26,0.0,0.0
2024-07-25 09:10:00+09:00,14550.0,14550.0,14450.0,14450.0,375,0.0,0.0
2024-07-25 09:15:00+09:00,14440.0,14440.0,14400.0,14420.0,18,0.0,0.0
2024-07-25 09:25:00+09:00,14480.0,14480.0,14420.0,14420.0,0,0.0,0.0
2024-07-25 09:30:00+09:00,14420.0,14420.0,14260.0,14260.0,866,0.0,0.0
2024-07-25 09:35:00+09:00,14270.0,14270.0,14260.0,14260.0,69,0.0,0.0
2024-07-25 09:40:00+09:00,14260.0,14260.0,14260.0,14260.0,20,0.0,0.0
2024-07-25 09:45:00+09:00,14260.0,14270.0,14260.0,14260.0,26,0.0,0.0
2024-07-25 09:50:00+09:00,14250.0,14250.0,14220.0,14220.0,103,0.0,0.0
2024-07-25 09:55:00+09:00,14240.0,14280.0,14240.0,14280.0,331,0.0,0.0
2024-07-25 10:00:00+09:00,14280.0,14280.0,14270.0,14270.0,135,0.0,0.0
2024-07-25 10:05:00+09:00,14280.0,14280.0,14280.0,14280.0,16,0.0,0.0
2024-07-25 10:10:00+09:00,14280.0,14280.0,14250.0,14250.0,297,0.0,0.0
2024-07-25 10:15:00+09:00,14240.0,14240.0,14220.0,14220.0,386,0.0,0.0
2024-07-25 10:20:00+09:00,14230.0,14300.0,14220.0,14300.0,62,0.0,0.0
2024-07-25 10:25:00+09:00,14220.0,14250.0,14220.0,14250.0,151,0.0,0.0
2024-07-25 10:30:00+09:00,14220.0,14300.0,14220.0,14300.0,142,0.0,0.0
2024-07-25 10:35:00+09:00,14300.0,14300.0,14300.0,14300.0,10,0.0,0.0
2024-07-25 10:45:00+09:00,14270.0,14300.0,14250.0,14300.0,94,0.0,0.0
2024-07-25 10:50:00+09:00,14250.0,14300.0,14250.0,14300.0,9,0.0,0.0
2024-07-25 10:55:00+09:00,14260.0,14300.0,14220.0,14250.0,553,0.0,0.0
2024-07-25 11:00:00+09:00,14250.0,14300.0,14250.0,14300.0,51,0.0,0.0
2024-07-25 11:05:00+09:00,14220.0,14300.0,14220.0,14300.0,102,0.0,0.0
2024-07-25 11:10:00+09:00,14230.0,14300.0,14230.0,14300.0,18,0.0,0.0
2024-07-25 11:15:00+09:00,14280.0,14300.0,14240.0,14300.0,75,0.0,0.0
2024-07-25 11:20:00+09:00,14320.0,14420.0,14280.0,14420.0,6,0.0,0.0
2024-07-25 11:25:00+09:00,14420.0,14420.0,14420.0,14420.0,1,0.0,0.0
2024-07-25 11:35:00+09:00,14420.0,14530.0,14350.0,14350.0,34,0.0,0.0
2024-07-25 11:40:00+09:00,14520.0,14520.0,14500.0,14500.0,13,0.0,0.0
2024-07-25 11:45:00+09:00,14500.0,14560.0,14500.0,14520.0,55,0.0,0.0
2024-07-25 11:50:00+09:00,14510.0,14540.0,14270.0,14450.0,1025,0.0,0.0
2024-07-25 12:15:00+09:00,14410.0,14410.0,14410.0,14410.0,3,0.0,0.0
2024-07-25 12:20:00+09:00,14420.0,14440.0,14420.0,14440.0,14,0.0,0.0
2024-07-25 12:25:00+09:00,14430.0,14430.0,14310.0,14310.0,12,0.0,0.0
2024-07-25 12:30:00+09:00,14430.0,14440.0,14430.0,14440.0,24,0.0,0.0
2024-07-25 12:40:00+09:00,14440.0,14440.0,14440.0,14440.0,233,0.0,0.0
2024-07-25 12:45:00+09:00,14440.0,14440.0,14440.0,14440.0,81,0.0,0.0
2024-07-25 12:50:00+09:00,14440.0,14440.0,14440.0,14440.0,100,0.0,0.0
2024-07-25 12:55:00+09:00,14440.0,14440.0,14440.0,14440.0,0,0.0,0.0
2024-07-25 13:00:00+09:00,14440.0,14440.0,14400.0,14400.0,1101,0.0,0.0
2024-07-25 13:10:00+09:00,14400.0,14440.0,14400.0,14440.0,0,0.0,0.0
2024-07-25 13:15:00+09:00,14440.0,14440.0,14440.0,14440.0,9,0.0,0.0
2024-07-25 13:20:00+09:00,14400.0,14440.0,14370.0,14440.0,250,0.0,0.0
2024-07-25 13:25:00+09:00,14450.0,14530.0,14450.0,14530.0,195,0.0,0.0
2024-07-25 13:35:00+09:00,14510.0,14510.0,14510.0,14510.0,1,0.0,0.0
2024-07-25 13:40:00+09:00,14520.0,14520.0,14520.0,14520.0,1,0.0,0.0
2024-07-25 13:45:00+09:00,14450.0,14450.0,14360.0,14360.0,621,0.0,0.0
2024-07-25 13:50:00+09:00,14520.0,14520.0,14370.0,14520.0,23,0.0,0.0
2024-07-25 13:55:00+09:00,14510.0,14520.0,14470.0,14470.0,30,0.0,0.0
2024-07-25 14:00:00+09:00,14500.0,14510.0,14500.0,14500.0,0,0.0,0.0
2024-07-25 14:05:00+09:00,14510.0,14510.0,14510.0,14510.0,0,0.0,0.0
2024-07-25 14:10:00+09:00,14400.0,14470.0,14400.0,14470.0,7,0.0,0.0
2024-07-25 14:15:00+09:00,14450.0,14470.0,14450.0,14470.0,11,0.0,0.0
2024-07-25 14:25:00+09:00,14460.0,14470.0,14400.0,14470.0,23,0.0,0.0
2024-07-25 14:40:00+09:00,14400.0,14460.0,14380.0,14460.0,62,0.0,0.0
2024-07-25 14:45:00+09:00,14430.0,14470.0,14360.0,14470.0,52,0.0,0.0
2024-07-25 14:50:00+09:00,14370.0,14470.0,14360.0,14470.0,34,0.0,0.0
2024-07-25 14:55:00+09:00,14460.0,14460.0,14460.0,14460.0,9,0.0,0.0
2024-07-26 09:00:00+09:00,14450.0,14450.0,14430.0,14430.0,936,0.0,0.0
2024-07-26 09:05:00+09:00,14460.0,14540.0,14460.0,14540.0,0,0.0,0.0
2024-07-26 09:15:00+09:00,14470.0,14470.0,14460.0,14460.0,53,0.0,0.0
2024-07-26 09:20:00+09:00,14460.0,14460.0,14430.0,14430.0,148,0.0,0.0
2024-07-26 09:25:00+09:00,14430.0,14430.0,14420.0,14420.0,0,0.0,0.0
2024-07-26 09:30:00+09:00,14410.0,14410.0,14360.0,14360.0,134,0.0,0.0
2024-07-26 09:35:00+09:00,14350.0,14350.0,14330.0,14330.0,124,0.0,0.0
2024-07-26 09:40:00+09:00,14320.0,14320.0,14310.0,14310.0,0,0.0,0.0
2024-07-26 09:45:00+09:00,14340.0,14340.0,14320.0,14320.0,2,0.0,0.0
2024-07-26 09:50:00+09:00,14320.0,14320.0,14310.0,14320.0,56,0.0,0.0
2024-07-26 09:55:00+09:00,14320.0,14350.0,14300.0,14300.0,356,0.0,0.0
2024-07-26 10:00:00+09:00,14300.0,14320.0,14300.0,14300.0,1,0.0,0.0
2024-07-26 10:05:00+09:00,14300.0,14320.0,14300.0,14320.0,219,0.0,0.0
2024-07-26 10:10:00+09:00,14300.0,14300.0,14280.0,14290.0,562,0.0,0.0
2024-07-26 10:15:00+09:00,14290.0,14300.0,14290.0,14300.0,0,0.0,0.0
2024-07-26 10:20:00+09:00,14300.0,14320.0,14300.0,14320.0,714,0.0,0.0
2024-07-26 10:25:00+09:00,14350.0,14350.0,14300.0,14340.0,0,0.0,0.0
2024-07-26 10:30:00+09:00,14350.0,14530.0,14310.0,14480.0,53,0.0,0.0
2024-07-26 10:35:00+09:00,14360.0,14360.0,14340.0,14340.0,7,0.0,0.0
2024-07-26 10:40:00+09:00,14340.0,14420.0,14340.0,14350.0,6,0.0,0.0
2024-07-26 10:45:00+09:00,14360.0,14360.0,14360.0,14360.0,0,0.0,0.0
2024-07-26 10:50:00+09:00,14330.0,14330.0,14300.0,14320.0,680,0.0,0.0
2024-07-26 10:55:00+09:00,14310.0,14330.0,14300.0,14300.0,435,0.0,0.0
2024-07-26 11:00:00+09:00,14300.0,14320.0,14300.0,14320.0,0,0.0,0.0
2024-07-26 11:05:00+09:00,14320.0,14320.0,14320.0,14320.0,0,0.0,0.0
2024-07-26 11:10:00+09:00,14300.0,14330.0,14300.0,14330.0,1,0.0,0.0
2024-07-26 11:20:00+09:00,14320.0,14320.0,14290.0,14290.0,379,0.0,0.0
2024-07-26 11:25:00+09:00,14310.0,14320.0,14310.0,14320.0,4,0.0,0.0
2024-07-26 11:30:00+09:00,14320.0,14340.0,14310.0,14340.0,422,0.0,0.0
2024-07-26 11:35:00+09:00,14320.0,14360.0,14300.0,14350.0,13,0.0,0.0
2024-07-26 11:45:00+09:00,14320.0,14360.0,14320.0,14360.0,361,0.0,0.0
2024-07-26 11:50:00+09:00,14390.0,14390.0,14380.0,14390.0,20,0.0,0.0
2024-07-26 12:00:00+09:00,14390.0,14390.0,14390.0,14390.0,0,0.0,0.0
2024-07-26 12:05:00+09:00,14390.0,14440.0,14380.0,14440.0,71,0.0,0.0
2024-07-26 12:10:00+09:00,14430.0,14450.0,14430.0,14450.0,2,0.0,0.0
2024-07-26 12:15:00+09:00,14450.0,14510.0,14450.0,14510.0,46,0.0,0.0
2024-07-26 12:20:00+09:00,14510.0,14510.0,14510.0,14510.0,0,0.0,0.0
2024-07-26 12:25:00+09:00,14510.0,14510.0,14440.0,14510.0,197,0.0,0.0
2024-07-26 12:30:00+09:00,14500.0,14510.0,14410.0,14410.0,581,0.0,0.0
2024-07-26 12:35:00+09:00,14510.0,14510.0,14510.0,14510.0,0,0.0,0.0
2024-07-26 12:45:00+09:00,14510.0,14510.0,14510.0,14510.0,5844,0.0,0.0
2024-07-26 12:50:00+09:00,14410.0,14410.0,14410.0,14410.0,14,0.0,0.0
2024-07-26 12:55:00+09:00,14410.0,14510.0,14410.0,14510.0,3,0.0,0.0
2024-07-26 13:05:00+09:00,14470.0,14470.0,14470.0,14470.0,0,0.0,0.0
2024-07-26 13:15:00+09:00,14420.0,14420.0,14420.0,14420.0,2,0.0,0.0
2024-07-26 13:20:00+09:00,14420.0,14470.0,14390.0,14460.0,142,0.0,0.0
2024-07-26 13:25:00+09:00,14400.0,14510.0,14400.0,14470.0,28,0.0,0.0
2024-07-26 13:30:00+09:00,14470.0,14470.0,14470.0,14470.0,9,0.0,0.0
2024-07-26 13:35:00+09:00,14410.0,14410.0,14410.0,14410.0,289,0.0,0.0
2024-07-26 13:40:00+09:00,14400.0,14400.0,14400.0,14400.0,0,0.0,0.0
2024-07-26 13:45:00+09:00,14490.0,14500.0,14390.0,14500.0,5,0.0,0.0
2024-07-26 13:50:00+09:00,14410.0,14500.0,14400.0,14500.0,115,0.0,0.0
2024-07-26 13:55:00+09:00,14490.0,14500.0,14490.0,14500.0,55,0.0,0.0
2024-07-26 14:05:00+09:00,14420.0,14420.0,14410.0,14410.0,255,0.0,0.0
2024-07-26 14:10:00+09:00,14500.0,14500.0,14500.0,14500.0,0,0.0,0.0
2024-07-26 14:15:00+09:00,14490.0,14520.0,14490.0,14520.0,273,0.0,0.0
2024-07-26 14:20:00+09:00,14440.0,14510.0,14430.0,14430.0,216,0.0,0.0
2024-07-26 14:25:00+09:00,14500.0,14500.0,14500.0,14500.0,0,0.0,0.0
2024-07-26 14:30:00+09:00,14500.0,14510.0,14500.0,14510.0,338,0.0,0.0
2024-07-26 14:35:00+09:00,14430.0,14500.0,14400.0,14500.0,204,0.0,0.0
2024-07-26 14:40:00+09:00,14500.0,14500.0,14500.0,14500.0,0,0.0,0.0
2024-07-26 14:45:00+09:00,14400.0,14400.0,14400.0,14400.0,8,0.0,0.0
2024-07-26 14:50:00+09:00,14410.0,14500.0,14410.0,14490.0,1,0.0,0.0
2024-07-26 14:55:00+09:00,14490.0,14500.0,14490.0,14500.0,2,0.0,0.0
2024-07-29 09:00:00+09:00,14380.0,14540.0,14380.0,14540.0,0,0.0,0.0
2024-07-29 09:05:00+09:00,14540.0,14540.0,14410.0,14540.0,92,0.0,0.0
2024-07-29 09:15:00+09:00,14540.0,14540.0,14450.0,14450.0,54,0.0,0.0
2024-07-29 09:20:00+09:00,14450.0,14550.0,14420.0,14550.0,205,0.0,0.0
2024-07-29 09:25:00+09:00,14550.0,14580.0,14520.0,14570.0,256,0.0,0.0
2024-07-29 09:30:00+09:00,14570.0,14570.0,14520.0,14560.0,60,0.0,0.0
2024-07-29 09:35:00+09:00,14550.0,14560.0,14550.0,14560.0,8,0.0,0.0
2024-07-29 09:40:00+09:00,14560.0,14560.0,14560.0,14560.0,8,0.0,0.0
2024-07-29 09:45:00+09:00,14560.0,14560.0,14550.0,14550.0,19,0.0,0.0
2024-07-29 09:50:00+09:00,14540.0,14540.0,14530.0,14530.0,12,0.0,0.0
2024-07-29 09:55:00+09:00,14530.0,14540.0,14530.0,14540.0,39,0.0,0.0
2024-07-29 10:00:00+09:00,14540.0,14540.0,14540.0,14540.0,12,0.0,0.0
2024-07-29 10:05:00+09:00,14540.0,14590.0,14520.0,14590.0,472,0.0,0.0
2024-07-29 10:10:00+09:00,14590.0,14640.0,14590.0,14640.0,250,0.0,0.0
2024-07-29 10:15:00+09:00,14640.0,14640.0,14610.0,14640.0,120,0.0,0.0
2024-07-29 10:20:00+09:00,14640.0,14640.0,14630.0,14630.0,30,0.0,0.0
2024-07-29 10:25:00+09:00,14630.0,14630.0,14520.0,14570.0,703,0.0,0.0
2024-07-29 10:30:00+09:00,14570.0,14570.0,14560.0,14570.0,27,0.0,0.0
2024-07-29 10:35:00+09:00,14570.0,14580.0,14570.0,14580.0,86,0.0,0.0
2024-07-29 10:40:00+09:00,14580.0,14580.0,14580.0,14580.0,9,0.0,0.0
2024-07-29 10:45:00+09:00,14580.0,14580.0,14550.0,14570.0,307,0.0,0.0
2024-07-29 10:50:00+09:00,14570.0,14580.0,14540.0,14570.0,228,0.0,0.0
2024-07-29 10:55:00+09:00,14570.0,14570.0,14570.0,14570.0,49,0.0,0.0
2024-07-29 11:00:00+09:00,14570.0,14570.0,14550.0,14550.0,28,0.0,0.0
2024-07-29 11:05:00+09:00,14570.0,14570.0,14570.0,14570.0,11,0.0,0.0
2024-07-29 11:10:00+09:00,14560.0,14570.0,14560.0,14570.0,9,0.0,0.0
2024-07-29 11:15:00+09:00,14570.0,14570.0,14560.0,14560.0,10,0.0,0.0
2024-07-29 11:20:00+09:00,14560.0,14560.0,14550.0,14550.0,14,0.0,0.0
2024-07-29 11:25:00+09:00,14540.0,14550.0,14530.0,14550.0,27,0.0,0.0
2024-07-29 11:30:00+09:00,14550.0,14550.0,14550.0,14550.0,8,0.0,0.0
2024-07-29 11:35:00+09:00,14550.0,14550.0,14550.0,14550.0,25,0.0,0.0
2024-07-29 11:40:00+09:00,14550.0,14550.0,14550.0,14550.0,10,0.0,0.0
2024-07-29 11:45:00+09:00,14550.0,14550.0,14550.0,14550.0,7,0.0,0.0
2024-07-29 11:50:00+09:00,14550.0,14550.0,14540.0,14550.0,19,0.0,0.0
2024-07-29 11:55:00+09:00,14550.0,14580.0,14550.0,14580.0,511,0.0,0.0
2024-07-29 12:00:00+09:00,14580.0,14580.0,14580.0,14580.0,4,0.0,0.0
2024-07-29 12:05:00+09:00,14580.0,14580.0,14580.0,14580.0,9,0.0,0.0
2024-07-29 12:10:00+09:00,14580.0,14580.0,14580.0,14580.0,13,0.0,0.0
2024-07-29 12:15:00+09:00,14570.0,14580.0,14560.0,14580.0,318,0.0,0.0
2024-07-29 12:20:00+09:00,14580.0,14630.0,14580.0,14630.0,1463,0.0,0.0
2024-07-29 12:25:00+09:00,14640.0,14760.0,14640.0,14700.0,554,0.0,0.0
2024-07-29 12:30:00+09:00,14700.0,14790.0,14700.0,14790.0,796,0.0,0.0
2024-07-29 12:35:00+09:00,14790.0,15100.0,14770.0,15090.0,1001,0.0,0.0
2024-07-29 12:40:00+09:00,15070.0,15090.0,15000.0,15010.0,1094,0.0,0.0
2024-07-29 12:45:00+09:00,15000.0,15070.0,14960.0,15030.0,816,0.0,0.0
2024-07-29 12:50:00+09:00,15020.0,15030.0,14930.0,14940.0,416,0.0,0.0
2024-07-29 12:55:00+09:00,14930.0,14940.0,14900.0,14920.0,259,0.0,0.0
2024-07-29 13:00:00+09:00,14920.0,14920.0,14920.0,14920.0,10,0.0,0.0
2024-07-29 13:10:00+09:00,14890.0,14890.0,14890.0,14890.0,399,0.0,0.0
2024-07-29 13:15:00+09:00,14890.0,14920.0,14890.0,14920.0,0,0.0,0.0
2024-07-29 13:20:00+09:00,14900.0,14900.0,14890.0,14890.0,199,0.0,0.0
2024-07-29 13:25:00+09:00,14900.0,15030.0,14890.0,15030.0,1121,0.0,0.0
2024-07-29 13:30:00+09:00,14970.0,15150.0,14970.0,15150.0,846,0.0,0.0
2024-07-29 13:35:00+09:00,15090.0,15140.0,15030.0,15030.0,360,0.0,0.0
2024-07-29 13:40:00+09:00,15020.0,15040.0,15020.0,15020.0,303,0.0,0.0
2024-07-29 13:45:00+09:00,15020.0,15020.0,14970.0,14980.0,378,0.0,0.0
2024-07-29 13:50:00+09:00,14980.0,15150.0,14980.0,15140.0,947,0.0,0.0
2024-07-29 13:55:00+09:00,15140.0,15140.0,15090.0,15140.0,50,0.0,0.0
2024-07-29 14:00:00+09:00,15140.0,15140.0,15110.0,15140.0,6,0.0,0.0
2024-07-29 14:05:00+09:00,15110.0,15140.0,15110.0,15140.0,53,0.0,0.0
2024-07-29 14:10:00+09:00,15090.0,15140.0,15090.0,15130.0,0,0.0,0.0
2024-07-29 14:15:00+09:00,15090.0,15130.0,15090.0,15130.0,7,0.0,0.0
2024-07-29 14:20:00+09:00,15090.0,15140.0,15020.0,15130.0,149,0.0,0.0
2024-07-29 14:25:00+09:00,15120.0,15120.0,15030.0,15110.0,126,0.0,0.0
2024-07-29 14:30:00+09:00,15030.0,15100.0,14980.0,15100.0,79,0.0,0.0
2024-07-29 14:35:00+09:00,15090.0,15100.0,14990.0,15070.0,316,0.0,0.0
2024-07-29 14:40:00+09:00,15070.0,15070.0,14900.0,15050.0,562,0.0,0.0
2024-07-29 14:50:00+09:00,15020.0,15020.0,15020.0,15020.0,1,0.0,0.0
2024-07-30 09:00:00+09:00,15060.0,15060.0,15000.0,15060.0,302,0.0,0.0
2024-07-30 09:05:00+09:00,15020.0,15030.0,15020.0,15020.0,110,0.0,0.0
2024-07-30 09:10:00+09:00,15010.0,15020.0,15000.0,15000.0,72,0.0,0.0
2024-07-30 09:15:00+09:00,15000.0,15000.0,14970.0,15000.0,258,0.0,0.0
2024-07-30 09:20:00+09:00,15010.0,15020.0,14980.0,15020.0,21,0.0,0.0
2024-07-30 09:30:00+09:00,15000.0,15000.0,14990.0,14990.0,24,0.0,0.0
2024-07-30 09:35:00+09:00,14980.0,14980.0,14980.0,14980.0,12,0.0,0.0
2024-07-30 09:40:00+09:00,14980.0,14980.0,14910.0,14910.0,1140,0.0,0.0
2024-07-30 09:45:00+09:00,14910.0,14910.0,14890.0,14890.0,7,0.0,0.0
2024-07-30 09:50:00+09:00,14890.0,14890.0,14890.0,14890.0,10,0.0,0.0
2024-07-30 09:55:00+09:00,14890.0,14890.0,14850.0,14850.0,190,0.0,0.0
2024-07-30 10:00:00+09:00,14980.0,14980.0,14970.0,14970.0,0,0.0,0.0
2024-07-30 10:05:00+09:00,14970.0,14970.0,14970.0,14970.0,3,0.0,0.0
2024-07-30 10:10:00+09:00,14900.0,14900.0,14830.0,14840.0,1643,0.0,0.0
2024-07-30 10:15:00+09:00,14820.0,14820.0,14800.0,14800.0,416,0.0,0.0
2024-07-30 10:20:00+09:00,14780.0,14800.0,14780.0,14800.0,0,0.0,0.0
2024-07-30 10:25:00+09:00,14820.0,14820.0,14800.0,14800.0,378,0.0,0.0
2024-07-30 10:30:00+09:00,14810.0,14810.0,14810.0,14810.0,0,0.0,0.0
2024-07-30 10:35:00+09:00,14810.0,14830.0,14800.0,14800.0,1568,0.0,0.0
2024-07-30 10:40:00+09:00,14800.0,14800.0,14800.0,14800.0,95,0.0,0.0
2024-07-30 10:45:00+09:00,14800.0,14830.0,14800.0,14830.0,1450,0.0,0.0
2024-07-30 10:50:00+09:00,14800.0,14800.0,14770.0,14770.0,852,0.0,0.0
2024-07-30 10:55:00+09:00,14760.0,14890.0,14670.0,14890.0,1249,0.0,0.0
2024-07-30 11:00:00+09:00,14810.0,15140.0,14730.0,15000.0,594,0.0,0.0
2024-07-30 11:05:00+09:00,15000.0,15020.0,14880.0,14910.0,290,0.0,0.0
2024-07-30 11:10:00+09:00,14890.0,14890.0,14780.0,14790.0,27,0.0,0.0
2024-07-30 11:15:00+09:00,14800.0,14800.0,14790.0,14790.0,353,0.0,0.0
2024-07-30 11:20:00+09:00,14750.0,14750.0,14750.0,14750.0,12,0.0,0.0
2024-07-30 11:25:00+09:00,14720.0,14950.0,14720.0,14820.0,548,0.0,0.0
2024-07-30 11:30:00+09:00,14820.0,14820.0,14820.0,14820.0,34,0.0,0.0
2024-07-30 11:35:00+09:00,14820.0,14820.0,14820.0,14820.0,6,0.0,0.0
2024-07-30 11:50:00+09:00,14810.0,14810.0,14800.0,14800.0,510,0.0,0.0
2024-07-30 11:55:00+09:00,14820.0,14820.0,14820.0,14820.0,8,0.0,0.0
2024-07-30 12:00:00+09:00,14810.0,14820.0,14810.0,14820.0,8,0.0,0.0
2024-07-30 12:10:00+09:00,14810.0,14810.0,14800.0,14800.0,99,0.0,0.0
2024-07-30 12:15:00+09:00,14820.0,14820.0,14820.0,14820.0,102,0.0,0.0
2024-07-30 12:20:00+09:00,14840.0,14840.0,14840.0,14840.0,0,0.0,0.0
2024-07-30 12:25:00+09:00,14840.0,14940.0,14840.0,14940.0,34,0.0,0.0
2024-07-30 12:30:00+09:00,14930.0,14930.0,14820.0,14910.0,460,0.0,0.0
2024-07-30 12:35:00+09:00,14820.0,14900.0,14820.0,14880.0,122,0.0,0.0
2024-07-30 12:40:00+09:00,14880.0,14890.0,14880.0,14890.0,52,0.0,0.0
2024-07-30 12:45:00+09:00,14820.0,14870.0,14790.0,14870.0,382,0.0,0.0
2024-07-30 13:05:00+09:00,14790.0,14960.0,14780.0,14960.0,94,0.0,0.0
2024-07-30 13:10:00+09:00,14870.0,14920.0,14870.0,14920.0,8,0.0,0.0
2024-07-30 13:25:00+09:00,14850.0,14920.0,14850.0,14910.0,26,0.0,0.0
2024-07-30 13:35:00+09:00,14840.0,14890.0,14780.0,14890.0,152,0.0,0.0
2024-07-30 13:40:00+09:00,14780.0,14870.0,14780.0,14870.0,47,0.0,0.0
2024-07-30 13:50:00+09:00,14850.0,14850.0,14850.0,14850.0,17,0.0,0.0
2024-07-30 14:00:00+09:00,14820.0,14840.0,14810.0,14840.0,0,0.0,0.0
2024-07-30 14:05:00+09:00,14840.0,14840.0,14840.0,14840.0,1,0.0,0.0
2024-07-30 14:10:00+09:00,14840.0,14840.0,14840.0,14840.0,3,0.0,0.0
2024-07-30 14:15:00+09:00,14800.0,14840.0,14770.0,14840.0,23,0.0,0.0
2024-07-30 14:25:00+09:00,14770.0,14770.0,14750.0,14750.0,110,0.0,0.0
2024-07-30 14:30:00+09:00,14750.0,14770.0,14730.0,14770.0,11,0.0,0.0
2024-07-30 14:35:00+09:00,14740.0,14770.0,14740.0,14770.0,4,0.0,0.0
2024-07-30 14:40:00+09:00,14750.0,14770.0,14700.0,14770.0,538,0.0,0.0
2024-07-30 14:45:00+09:00,14770.0,14770.0,14770.0,14770.0,1,0.0,0.0
2024-07-30 14:50:00+09:00,14770.0,14830.0,14770.0,14830.0,122,0.0,0.0
2024-07-30 14:55:00+09:00,14800.0,14830.0,14800.0,14830.0,12,0.0,0.0
2024-07-31 09:00:00+09:00,14800.0,14800.0,14750.0,14750.0,178,0.0,0.0
2024-07-31 09:05:00+09:00,14720.0,14720.0,14590.0,14600.0,452,0.0,0.0
2024-07-31 09:10:00+09:00,14600.0,14680.0,14590.0,14680.0,929,0.0,0.0
2024-07-31 09:15:00+09:00,14630.0,14700.0,14630.0,14700.0,81,0.0,0.0
2024-07-31 09:20:00+09:00,14680.0,14750.0,14670.0,14750.0,55,0.0,0.0
2024-07-31 09:25:00+09:00,14750.0,14750.0,14750.0,14750.0,11,0.0,0.0
2024-07-31 09:30:00+09:00,14750.0,14750.0,14740.0,14740.0,214,0.0,0.0
2024-07-31 09:35:00+09:00,14750.0,14750.0,14670.0,14670.0,193,0.0,0.0
2024-07-31 09:40:00+09:00,14650.0,14650.0,14640.0,14640.0,134,0.0,0.0
2024-07-31 09:45:00+09:00,14640.0,14640.0,14640.0,14640.0,0,0.0,0.0
2024-07-31 09:50:00+09:00,14640.0,14660.0,14640.0,14660.0,176,0.0,0.0
2024-07-31 09:55:00+09:00,14650.0,14670.0,14650.0,14670.0,35,0.0,0.0
2024-07-31 10:00:00+09:00,14670.0,14800.0,14670.0,14730.0,211,0.0,0.0
2024-07-31 10:05:00+09:00,14710.0,14900.0,14710.0,14900.0,74,0.0,0.0
2024-07-31 10:10:00+09:00,14730.0,14730.0,14730.0,14730.0,198,0.0,0.0
2024-07-31 10:20:00+09:00,14730.0,14740.0,14710.0,14710.0,0,0.0,0.0
2024-07-31 10:25:00+09:00,14740.0,14740.0,14740.0,14740.0,0,0.0,0.0
2024-07-31 10:30:00+09:00,14700.0,14710.0,14680.0,14680.0,214,0.0,0.0
2024-07-31 10:35:00+09:00,14680.0,14680.0,14660.0,14680.0,79,0.0,0.0
2024-07-31 10:40:00+09:00,14650.0,14700.0,14630.0,14700.0,765,0.0,0.0
2024-07-31 10:50:00+09:00,14700.0,14700.0,14700.0,14700.0,19,0.0,0.0
2024-07-31 10:55:00+09:00,14670.0,14670.0,14670.0,14670.0,0,0.0,0.0
2024-07-31 11:00:00+09:00,14700.0,14700.0,14700.0,14700.0,199,0.0,0.0
2024-07-31 11:05:00+09:00,14700.0,14700.0,14690.0,14700.0,0,0.0,0.0
2024-07-31 11:10:00+09:00,14720.0,14740.0,14720.0,14740.0,0,0.0,0.0
2024-07-31 11:15:00+09:00,14740.0,14890.0,14740.0,14890.0,66,0.0,0.0
2024-07-31 11:25:00+09:00,14830.0,14830.0,14830.0,14830.0,1,0.0,0.0
2024-07-31 11:35:00+09:00,14740.0,14820.0,14740.0,14820.0,21,0.0,0.0
2024-07-31 11:40:00+09:00,14730.0,14730.0,14730.0,14730.0,169,0.0,0.0
2024-07-31 11:45:00+09:00,14730.0,14730.0,14730.0,14730.0,0,0.0,0.0
2024-07-31 11:50:00+09:00,14730.0,14800.0,14730.0,14730.0,350,0.0,0.0
2024-07-31 11:55:00+09:00,14750.0,14750.0,14750.0,14750.0,27,0.0,0.0
2024-07-31 12:05:00+09:00,14750.0,14750.0,14750.0,14750.0,20,0.0,0.0
2024-07-31 12:10:00+09:00,14750.0,14750.0,14750.0,14750.0,0,0.0,0.0
2024-07-31 12:20:00+09:00,14830.0,14830.0,14750.0,14750.0,318,0.0,0.0
2024-07-31 12:25:00+09:00,14770.0,14770.0,14740.0,14740.0,20,0.0,0.0
2024-07-31 12:30:00+09:00,14740.0,14770.0,14740.0,14770.0,1,0.0,0.0
2024-07-31 12:35:00+09:00,14740.0,14770.0,14740.0,14770.0,2,0.0,0.0
2024-07-31 12:50:00+09:00,14740.0,14760.0,14720.0,14720.0,592,0.0,0.0
2024-07-31 13:00:00+09:00,14740.0,14750.0,14740.0,14750.0,5,0.0,0.0
2024-07-31 13:05:00+09:00,14740.0,14740.0,14740.0,14740.0,19,0.0,0.0
2024-07-31 13:10:00+09:00,14720.0,14720.0,14700.0,14700.0,3,0.0,0.0
2024-07-31 13:15:00+09:00,14700.0,14830.0,14700.0,14830.0,401,0.0,0.0
2024-07-31 13:20:00+09:00,14700.0,14720.0,14700.0,14720.0,89,0.0,0.0
2024-07-31 13:25:00+09:00,14720.0,14720.0,14690.0,14690.0,19,0.0,0.0
2024-07-31 13:30:00+09:00,14720.0,14720.0,14710.0,14720.0,40,0.0,0.0
2024-07-31 13:35:00+09:00,14720.0,14720.0,14720.0,14720.0,112,0.0,0.0
2024-07-31 13:40:00+09:00,14730.0,14730.0,14730.0,14730.0,0,0.0,0.0
2024-07-31 13:50:00+09:00,14730.0,14730.0,14730.0,14730.0,1,0.0,0.0
2024-07-31 13:55:00+09:00,14730.0,14730.0,14730.0,14730.0,68,0.0,0.0
2024-07-31 14:00:00+09:00,14710.0,14710.0,14710.0,14710.0,0,0.0,0.0
2024-07-31 14:05:00+09:00,14710.0,14730.0,14710.0,14730.0,22,0.0,0.0
2024-07-31 14:10:00+09:00,14710.0,14710.0,14710.0,14710.0,263,0.0,0.0
2024-07-31 14:30:00+09:00,14710.0,14710.0,14710.0,14710.0,7,0.0,0.0
2024-07-31 14:35:00+09:00,14700.0,14700.0,14700.0,14700.0,113,0.0,0.0
2024-07-31 14:40:00+09:00,14690.0,14700.0,14690.0,14690.0,0,0.0,0.0
2024-07-31 14:45:00+09:00,14690.0,14690.0,14660.0,14670.0,1079,0.0,0.0
2024-07-31 14:50:00+09:00,14650.0,14700.0,14650.0,14700.0,937,0.0,0.0
2024-07-31 14:55:00+09:00,14730.0,14800.0,14730.0,14800.0,106,0.0,0.0
2024-08-01 09:00:00+09:00,14660.0,14780.0,14660.0,14780.0,75,0.0,0.0
2024-08-01 09:05:00+09:00,14800.0,14930.0,14800.0,14800.0,19,0.0,0.0
2024-08-01 09:10:00+09:00,14800.0,14800.0,14800.0,14800.0,2,0.0,0.0
2024-08-01 09:15:00+09:00,14810.0,14850.0,14810.0,14850.0,41,0.0,0.0
2024-08-01 09:20:00+09:00,14850.0,14850.0,14850.0,14850.0,0,0.0,0.0
2024-08-01 09:25:00+09:00,14850.0,14860.0,14830.0,14860.0,267,0.0,0.0
2024-08-01 09:30:00+09:00,14920.0,14920.0,14920.0,14920.0,0,0.0,0.0
2024-08-01 09:35:00+09:00,14910.0,14910.0,14830.0,14830.0,138,0.0,0.0
2024-08-01 09:40:00+09:00,14840.0,14840.0,14840.0,14840.0,0,0.0,0.0
2024-08-01 09:45:00+09:00,14940.0,14940.0,14840.0,14840.0,623,0.0,0.0
2024-08-01 09:50:00+09:00,14850.0,14940.0,14840.0,14840.0,157,0.0,0.0
2024-08-01 09:55:00+09:00,14940.0,14940.0,14840.0,14930.0,0,0.0,0.0
2024-08-01 10:00:00+09:00,14890.0,14930.0,14860.0,14930.0,13,0.0,0.0
2024-08-01 10:05:00+09:00,14930.0,14930.0,14910.0,14910.0,5,0.0,0.0
2024-08-01 10:10:00+09:00,14890.0,14890.0,14830.0,14830.0,932,0.0,0.0
2024-08-01 10:15:00+09:00,14830.0,14870.0,14830.0,14850.0,260,0.0,0.0
2024-08-01 10:20:00+09:00,14840.0,14930.0,14810.0,14810.0,1417,0.0,0.0
2024-08-01 10:25:00+09:00,14810.0,14840.0,14810.0,14840.0,260,0.0,0.0
2024-08-01 10:30:00+09:00,14830.0,14850.0,14830.0,14850.0,18,0.0,0.0
2024-08-01 10:35:00+09:00,14870.0,14890.0,14850.0,14890.0,7,0.0,0.0
2024-08-01 10:40:00+09:00,14890.0,14940.0,14880.0,14940.0,151,0.0,0.0
2024-08-01 10:45:00+09:00,14920.0,14940.0,14910.0,14930.0,18,0.0,0.0
2024-08-01 10:50:00+09:00,14920.0,14930.0,14920.0,14930.0,11,0.0,0.0
2024-08-01 10:55:00+09:00,14920.0,14930.0,14920.0,14920.0,11,0.0,0.0
2024-08-01 11:00:00+09:00,14920.0,14930.0,14920.0,14930.0,17,0.0,0.0
2024-08-01 11:05:00+09:00,14930.0,14940.0,14920.0,14930.0,17,0.0,0.0
2024-08-01 11:10:00+09:00,14920.0,14940.0,14920.0,14920.0,41,0.0,0.0
2024-08-01 11:15:00+09:00,14940.0,14940.0,14920.0,14920.0,7,0.0,0.0
2024-08-01 11:20:00+09:00,14930.0,14930.0,14920.0,14920.0,17,0.0,0.0
2024-08-01 11:25:00+09:00,14920.0,14930.0,14920.0,14930.0,13,0.0,0.0
2024-08-01 11:30:00+09:00,14930.0,14970.0,14930.0,14970.0,215,0.0,0.0
2024-08-01 11:35:00+09:00,14970.0,15080.0,14970.0,15080.0,861,0.0,0.0
2024-08-01 11:40:00+09:00,15060.0,15080.0,15030.0,15060.0,43,0.0,0.0
2024-08-01 11:45:00+09:00,15050.0,15050.0,15040.0,15050.0,4,0.0,0.0
2024-08-01 11:50:00+09:00,15060.0,15060.0,15030.0,15030.0,33,0.0,0.0
2024-08-01 11:55:00+09:00,15030.0,15050.0,15020.0,15030.0,48,0.0,0.0
2024-08-01 12:00:00+09:00,15040.0,15070.0,15040.0,15070.0,69,0.0,0.0
2024-08-01 12:05:00+09:00,15070.0,15070.0,15050.0,15050.0,6,0.0,0.0
2024-08-01 12:10:00+09:00,15070.0,15080.0,15060.0,15070.0,164,0.0,0.0
2024-08-01 12:15:00+09:00,15060.0,15070.0,15050.0,15070.0,111,0.0,0.0
2024-08-01 12:20:00+09:00,15070.0,15070.0,15070.0,15070.0,4,0.0,0.0
2024-08-01 12:25:00+09:00,15060.0,15060.0,15020.0,15040.0,516,0.0,0.0
2024-08-01 12:30:00+09:00,15020.0,15040.0,15020.0,15040.0,81,0.0,0.0
2024-08-01 12:35:00+09:00,15030.0,15030.0,15010.0,15010.0,159,0.0,0.0
2024-08-01 12:40:00+09:00,15020.0,15030.0,15010.0,15030.0,206,0.0,0.0
2024-08-01 12:45:00+09:00,15020.0,15020.0,15020.0,15020.0,0,0.0,0.0
2024-08-01 12:50:00+09:00,15030.0,15030.0,15000.0,15010.0,28,0.0,0.0
2024-08-01 12:55:00+09:00,15030.0,15030.0,15010.0,15030.0,4,0.0,0.0
2024-08-01 13:00:00+09:00,15030.0,15030.0,15010.0,15010.0,7,0.0,0.0
2024-08-01 13:05:00+09:00,15010.0,15030.0,15000.0,15030.0,59,0.0,0.0
2024-08-01 13:10:00+09:00,15010.0,15030.0,15000.0,15030.0,11,0.0,0.0
2024-08-01 13:15:00+09:00,15010.0,15010.0,15000.0,15000.0,966,0.0,0.0
2024-08-01 13:20:00+09:00,14990.0,14990.0,14960.0,14960.0,11,0.0,0.0
2024-08-01 13:25:00+09:00,14960.0,14990.0,14960.0,14990.0,8,0.0,0.0
2024-08-01 13:30:00+09:00,14990.0,15000.0,14950.0,14950.0,10,0.0,0.0
2024-08-01 13:35:00+09:00,14970.0,15000.0,14960.0,14990.0,9,0.0,0.0
2024-08-01 13:40:00+09:00,14990.0,15000.0,14990.0,14990.0,16,0.0,0.0
2024-08-01 13:45:00+09:00,15000.0,15000.0,14980.0,14990.0,8,0.0,0.0
2024-08-01 13:50:00+09:00,14990.0,15000.0,14990.0,15000.0,23,0.0,0.0
2024-08-01 13:55:00+09:00,14990.0,15030.0,14990.0,15000.0,734,0.0,0.0
2024-08-01 14:00:00+09:00,15010.0,15020.0,15010.0,15010.0,0,0.0,0.0
2024-08-01 14:05:00+09:00,15010.0,15010.0,15010.0,15010.0,4,0.0,0.0
2024-08-01 14:10:00+09:00,15000.0,15010.0,14960.0,14980.0,199,0.0,0.0
2024-08-01 14:15:00+09:00,14990.0,14990.0,14920.0,14930.0,593,0.0,0.0
2024-08-01 14:20:00+09:00,14920.0,14950.0,14920.0,14950.0,303,0.0,0.0
2024-08-01 14:25:00+09:00,14950.0,14980.0,14950.0,14980.0,0,0.0,0.0
2024-08-01 14:30:00+09:00,14980.0,14980.0,14950.0,14950.0,67,0.0,0.0
2024-08-01 14:35:00+09:00,14960.0,14990.0,14950.0,14990.0,42,0.0,0.0
2024-08-01 14:40:00+09:00,14970.0,14980.0,14960.0,14980.0,291,0.0,0.0
2024-08-01 14:45:00+09:00,14980.0,15010.0,14980.0,15010.0,6,0.0,0.0
2024-08-01 14:50:00+09:00,15000.0,15010.0,15000.0,15010.0,260,0.0,0.0
2024-08-01 14:55:00+09:00,15010.0,15010.0,15000.0,15010.0,7,0.0,0.0
2024-08-02 09:00:00+09:00,14910.0,14910.0,14890.0,14900.0,88,0.0,0.0
2024-08-02 09:05:00+09:00,14880.0,14880.0,14830.0,14830.0,25,0.0,0.0
2024-08-02 09:10:00+09:00,14820.0,14820.0,14760.0,14760.0,90,0.0,0.0
2024-08-02 09:15:00+09:00,14760.0,14760.0,14760.0,14760.0,47,0.0,0.0
2024-08-02 09:20:00+09:00,14750.0,14750.0,14740.0,14740.0,51,0.0,0.0
2024-08-02 09:25:00+09:00,14730.0,14730.0,14640.0,14640.0,451,0.0,0.0
2024-08-02 09:30:00+09:00,14630.0,14630.0,14550.0,14630.0,854,0.0,0.0
2024-08-02 09:35:00+09:00,14630.0,14640.0,14600.0,14630.0,270,0.0,0.0
2024-08-02 09:40:00+09:00,14650.0,14660.0,14650.0,14660.0,2,0.0,0.0
2024-08-02 09:45:00+09:00,14650.0,14650.0,14630.0,14630.0,440,0.0,0.0
2024-08-02 09:50:00+09:00,14620.0,14620.0,14600.0,14600.0,18,0.0,0.0
2024-08-02 09:55:00+09:00,14630.0,14630.0,14600.0,14600.0,23,0.0,0.0
2024-08-02 10:00:00+09:00,14630.0,14640.0,14600.0,14630.0,342,0.0,0.0
2024-08-02 10:05:00+09:00,14630.0,14640.0,14630.0,14640.0,291,0.0,0.0
2024-08-02 10:10:00+09:00,14650.0,14690.0,14650.0,14690.0,178,0.0,0.0
2024-08-02 10:15:00+09:00,14700.0,14700.0,14700.0,14700.0,0,0.0,0.0
2024-08-02 10:25:00+09:00,14700.0,14700.0,14680.0,14680.0,565,0.0,0.0
2024-08-02 10:30:00+09:00,14670.0,14670.0,14660.0,14660.0,339,0.0,0.0
2024-08-02 10:40:00+09:00,14660.0,14660.0,14630.0,14630.0,491,0.0,0.0
2024-08-02 10:45:00+09:00,14650.0,14650.0,14650.0,14650.0,0,0.0,0.0
2024-08-02 10:50:00+09:00,14620.0,14620.0,14620.0,14620.0,29,0.0,0.0
2024-08-02 10:55:00+09:00,14620.0,14620.0,14620.0,14620.0,0,0.0,0.0
2024-08-02 11:00:00+09:00,14630.0,14630.0,14630.0,14630.0,2,0.0,0.0
2024-08-02 11:10:00+09:00,14640.0,14640.0,14630.0,14630.0,3,0.0,0.0
2024-08-02 11:15:00+09:00,14630.0,14630.0,14630.0,14630.0,199,0.0,0.0
2024-08-02 11:20:00+09:00,14630.0,14630.0,14630.0,14630.0,10,0.0,0.0
2024-08-02 11:25:00+09:00,14640.0,14640.0,14590.0,14590.0,215,0.0,0.0
2024-08-02 11:30:00+09:00,14590.0,14620.0,14590.0,14620.0,751,0.0,0.0
2024-08-02 11:35:00+09:00,14590.0,14590.0,14590.0,14590.0,33,0.0,0.0
2024-08-02 11:40:00+09:00,14590.0,14590.0,14570.0,14570.0,169,0.0,0.0
2024-08-02 11:45:00+09:00,14570.0,14590.0,14560.0,14590.0,213,0.0,0.0
2024-08-02 11:50:00+09:00,14560.0,14560.0,14530.0,14530.0,1184,0.0,0.0
2024-08-02 11:55:00+09:00,14530.0,14530.0,14500.0,14500.0,422,0.0,0.0
2024-08-02 12:00:00+09:00,14530.0,14530.0,14500.0,14500.0,0,0.0,0.0
2024-08-02 12:05:00+09:00,14530.0,14530.0,14530.0,14530.0,856,0.0,0.0
2024-08-02 12:10:00+09:00,14530.0,14530.0,14520.0,14520.0,4,0.0,0.0
2024-08-02 12:15:00+09:00,14530.0,14530.0,14510.0,14530.0,3,0.0,0.0
2024-08-02 12:20:00+09:00,14510.0,14510.0,14490.0,14490.0,995,0.0,0.0
2024-08-02 12:25:00+09:00,14480.0,14480.0,14440.0,14440.0,58,0.0,0.0
2024-08-02 12:30:00+09:00,14440.0,14470.0,14440.0,14470.0,0,0.0,0.0
2024-08-02 12:40:00+09:00,14460.0,14460.0,14430.0,14430.0,369,0.0,0.0
2024-08-02 12:45:00+09:00,14430.0,14430.0,14410.0,14420.0,64,0.0,0.0
2024-08-02 12:50:00+09:00,14460.0,14460.0,14460.0,14460.0,0,0.0,0.0
2024-08-02 12:55:00+09:00,14470.0,14470.0,14470.0,14470.0,200,0.0,0.0
2024-08-02 13:00:00+09:00,14450.0,14470.0,14450.0,14470.0,0,0.0,0.0
2024-08-02 13:05:00+09:00,14440.0,14440.0,14400.0,14400.0,1397,0.0,0.0
2024-08-02 13:10:00+09:00,14390.0,14400.0,14390.0,14400.0,0,0.0,0.0
2024-08-02 13:15:00+09:00,14410.0,14410.0,14400.0,14400.0,1122,0.0,0.0
2024-08-02 13:20:00+09:00,14400.0,14430.0,14380.0,14430.0,1852,0.0,0.0
2024-08-02 13:25:00+09:00,14410.0,14410.0,14390.0,14390.0,541,0.0,0.0
2024-08-02 13:30:00+09:00,14440.0,14440.0,14440.0,14440.0,0,0.0,0.0
2024-08-02 13:40:00+09:00,14430.0,14470.0,14430.0,14430.0,177,0.0,0.0
2024-08-02 13:45:00+09:00,14420.0,14420.0,14420.0,14420.0,70,0.0,0.0
2024-08-02 13:50:00+09:00,14420.0,14420.0,14400.0,14400.0,333,0.0,0.0
2024-08-02 14:00:00+09:00,14420.0,14420.0,14390.0,14400.0,902,0.0,0.0
2024-08-02 14:05:00+09:00,14380.0,14390.0,14380.0,14390.0,96,0.0,0.0
2024-08-02 14:10:00+09:00,14390.0,14390.0,14390.0,14390.0,6,0.0,0.0
2024-08-02 14:20:00+09:00,14400.0,14400.0,14390.0,14390.0,184,0.0,0.0
2024-08-02 14:25:00+09:00,14390.0,14390.0,14370.0,14370.0,770,0.0,0.0
2024-08-02 14:30:00+09:00,14380.0,14380.0,14370.0,14370.0,77,0.0,0.0
2024-08-02 14:35:00+09:00,14380.0,14380.0,14300.0,14320.0,3677,0.0,0.0
2024-08-02 14:40:00+09:00,14340.0,14460.0,14290.0,14350.0,2717,0.0,0.0
2024-08-02 14:45:00+09:00,14320.0,14530.0,14320.0,14520.0,148,0.0,0.0
2024-08-02 14:50:00+09:00,14460.0,14510.0,14460.0,14510.0,33,0.0,0.0
2024-08-02 14:55:00+09:00,14440.0,14440.0,14430.0,14430.0,559,0.0,0.0
