Datetime,Open,High,Low,Close,Volume,Dividends,Stock Splits
2024-10-07 09:00:00+09:00,1549.0,1549.0,1541.0,1544.0,0,0.0,0.0
2024-10-07 09:01:00+09:00,1547.0,1547.0,1542.0,1542.0,1400,0.0,0.0
2024-10-07 09:02:00+09:00,1543.0,1544.0,1542.0,1542.0,1300,0.0,0.0
2024-10-07 09:04:00+09:00,1542.0,1542.0,1542.0,1542.0,100,0.0,0.0
2024-10-07 09:05:00+09:00,1542.0,1542.0,1537.0,1537.0,2800,0.0,0.0
2024-10-07 09:06:00+09:00,1537.0,1542.0,1537.0,1542.0,1300,0.0,0.0
2024-10-07 09:07:00+09:00,1540.0,1540.0,1540.0,1540.0,600,0.0,0.0
2024-10-07 09:09:00+09:00,1538.0,1538.0,1538.0,1538.0,200,0.0,0.0
2024-10-07 09:10:00+09:00,1540.0,1540.0,1538.0,1538.0,1400,0.0,0.0
2024-10-07 09:11:00+09:00,1537.0,1537.0,1536.0,1536.0,1200,0.0,0.0
2024-10-07 09:12:00+09:00,1535.0,1537.0,1535.0,1537.0,700,0.0,0.0
2024-10-07 09:14:00+09:00,1536.0,1536.0,1536.0,1536.0,200,0.0,0.0
2024-10-07 09:15:00+09:00,1536.0,1536.0,1536.0,1536.0,1100,0.0,0.0
2024-10-07 09:16:00+09:00,1538.0,1539.0,1535.0,1535.0,2700,0.0,0.0
2024-10-07 09:18:00+09:00,1536.0,1536.0,1535.0,1535.0,300,0.0,0.0
2024-10-07 09:19:00+09:00,1535.0,1537.0,1535.0,1536.0,900,0.0,0.0
2024-10-07 09:20:00+09:00,1536.0,1540.0,1536.0,1538.0,1900,0.0,0.0
2024-10-07 09:21:00+09:00,1538.0,1538.0,1538.0,1538.0,100,0.0,0.0
2024-10-07 09:22:00+09:00,1535.0,1535.0,1535.0,1535.0,300,0.0,0.0
2024-10-07 09:24:00+09:00,1535.0,1535.0,1535.0,1535.0,100,0.0,0.0
2024-10-07 09:25:00+09:00,1534.0,1534.0,1533.0,1533.0,900,0.0,0.0
2024-10-07 09:26:00+09:00,1532.0,1532.0,1532.0,1532.0,200,0.0,0.0
2024-10-07 09:27:00+09:00,1532.0,1532.0,1532.0,1532.0,100,0.0,0.0
2024-10-07 09:28:00+09:00,1531.0,1531.0,1531.0,1531.0,100,0.0,0.0
2024-10-07 09:29:00+09:00,1532.0,1533.0,1532.0,1533.0,600,0.0,0.0
2024-10-07 09:31:00+09:00,1535.0,1535.0,1532.0,1532.0,1500,0.0,0.0
2024-10-07 09:32:00+09:00,1532.0,1532.0,1532.0,1532.0,400,0.0,0.0
2024-10-07 09:33:00+09:00,1533.0,1533.0,1532.0,1532.0,300,0.0,0.0
2024-10-07 09:35:00+09:00,1533.0,1534.0,1533.0,1534.0,400,0.0,0.0
2024-10-07 09:36:00+09:00,1534.0,1534.0,1534.0,1534.0,100,0.0,0.0
2024-10-07 09:37:00+09:00,1535.0,1535.0,1533.0,1533.0,1900,0.0,0.0
2024-10-07 09:38:00+09:00,1534.0,1534.0,1534.0,1534.0,500,0.0,0.0
2024-10-07 09:40:00+09:00,1533.0,1535.0,1533.0,1535.0,500,0.0,0.0
2024-10-07 09:41:00+09:00,1536.0,1536.0,1536.0,1536.0,100,0.0,0.0
2024-10-07 09:44:00+09:00,1536.0,1537.0,1536.0,1537.0,1500,0.0,0.0
2024-10-07 09:45:00+09:00,1537.0,1538.0,1537.0,1538.0,1000,0.0,0.0
2024-10-07 09:46:00+09:00,1538.0,1538.0,1538.0,1538.0,200,0.0,0.0
2024-10-07 09:47:00+09:00,1539.0,1539.0,1539.0,1539.0,600,0.0,0.0
2024-10-07 09:48:00+09:00,1538.0,1540.0,1538.0,1538.0,3900,0.0,0.0
2024-10-07 09:49:00+09:00,1538.0,1538.0,1538.0,1538.0,100,0.0,0.0
2024-10-07 09:50:00+09:00,1539.0,1540.0,1537.0,1537.0,2400,0.0,0.0
2024-10-07 09:51:00+09:00,1536.0,1541.0,1536.0,1541.0,3600,0.0,0.0
2024-10-07 09:52:00+09:00,1538.0,1538.0,1538.0,1538.0,300,0.0,0.0
2024-10-07 09:54:00+09:00,1534.0,1538.0,1534.0,1537.0,1400,0.0,0.0
2024-10-07 09:59:00+09:00,1539.0,1539.0,1539.0,1539.0,600,0.0,0.0
2024-10-07 10:00:00+09:00,1539.0,1539.0,1539.0,1539.0,700,0.0,0.0
2024-10-07 10:01:00+09:00,1540.0,1542.0,1540.0,1541.0,400,0.0,0.0
2024-10-07 10:02:00+09:00,1541.0,1541.0,1541.0,1541.0,200,0.0,0.0
2024-10-07 10:03:00+09:00,1541.0,1541.0,1541.0,1541.0,100,0.0,0.0
2024-10-07 10:04:00+09:00,1542.0,1544.0,1542.0,1542.0,1800,0.0,0.0
2024-10-07 10:05:00+09:00,1542.0,1542.0,1542.0,1542.0,200,0.0,0.0
2024-10-07 10:06:00+09:00,1541.0,1541.0,1541.0,1541.0,400,0.0,0.0
2024-10-07 10:07:00+09:00,1541.0,1542.0,1541.0,1541.0,300,0.0,0.0
2024-10-07 10:08:00+09:00,1542.0,1542.0,1542.0,1542.0,600,0.0,0.0
2024-10-07 10:10:00+09:00,1543.0,1543.0,1543.0,1543.0,100,0.0,0.0
2024-10-07 10:12:00+09:00,1545.0,1546.0,1545.0,1546.0,800,0.0,0.0
2024-10-07 10:13:00+09:00,1546.0,1547.0,1546.0,1546.0,1100,0.0,0.0
2024-10-07 10:14:00+09:00,1547.0,1548.0,1547.0,1547.0,400,0.0,0.0
2024-10-07 10:15:00+09:00,1547.0,1547.0,1547.0,1547.0,200,0.0,0.0
2024-10-07 10:16:00+09:00,1547.0,1547.0,1547.0,1547.0,500,0.0,0.0
2024-10-07 10:18:00+09:00,1546.0,1546.0,1545.0,1545.0,1000,0.0,0.0
2024-10-07 10:19:00+09:00,1544.0,1544.0,1544.0,1544.0,500,0.0,0.0
2024-10-07 10:21:00+09:00,1544.0,1545.0,1544.0,1545.0,600,0.0,0.0
2024-10-07 10:22:00+09:00,1546.0,1546.0,1546.0,1546.0,400,0.0,0.0
2024-10-07 10:25:00+09:00,1545.0,1545.0,1544.0,1545.0,1300,0.0,0.0
2024-10-07 10:28:00+09:00,1545.0,1545.0,1545.0,1545.0,800,0.0,0.0
2024-10-07 10:30:00+09:00,1546.0,1547.0,1546.0,1547.0,1000,0.0,0.0
2024-10-07 10:31:00+09:00,1548.0,1549.0,1548.0,1548.0,700,0.0,0.0
2024-10-07 10:34:00+09:00,1549.0,1549.0,1549.0,1549.0,600,0.0,0.0
2024-10-07 10:35:00+09:00,1549.0,1550.0,1549.0,1550.0,200,0.0,0.0
2024-10-07 10:36:00+09:00,1550.0,1550.0,1548.0,1548.0,400,0.0,0.0
2024-10-07 10:37:00+09:00,1548.0,1548.0,1547.0,1547.0,1500,0.0,0.0
2024-10-07 10:38:00+09:00,1549.0,1549.0,1549.0,1549.0,100,0.0,0.0
2024-10-07 10:39:00+09:00,1549.0,1549.0,1549.0,1549.0,200,0.0,0.0
2024-10-07 10:40:00+09:00,1550.0,1550.0,1550.0,1550.0,100,0.0,0.0
2024-10-07 10:41:00+09:00,1550.0,1551.0,1550.0,1551.0,900,0.0,0.0
2024-10-07 10:42:00+09:00,1552.0,1553.0,1552.0,1553.0,1000,0.0,0.0
2024-10-07 10:46:00+09:00,1553.0,1553.0,1553.0,1553.0,900,0.0,0.0
2024-10-07 10:47:00+09:00,1553.0,1553.0,1553.0,1553.0,100,0.0,0.0
2024-10-07 10:48:00+09:00,1553.0,1554.0,1553.0,1554.0,600,0.0,0.0
2024-10-07 10:49:00+09:00,1554.0,1554.0,1554.0,1554.0,100,0.0,0.0
2024-10-07 10:50:00+09:00,1554.0,1554.0,1554.0,1554.0,200,0.0,0.0
2024-10-07 10:51:00+09:00,1553.0,1553.0,1553.0,1553.0,100,0.0,0.0
2024-10-07 10:52:00+09:00,1554.0,1554.0,1554.0,1554.0,400,0.0,0.0
2024-10-07 10:53:00+09:00,1553.0,1553.0,1550.0,1550.0,3100,0.0,0.0
2024-10-07 10:54:00+09:00,1551.0,1551.0,1551.0,1551.0,100,0.0,0.0
2024-10-07 10:55:00+09:00,1552.0,1553.0,1552.0,1553.0,1000,0.0,0.0
2024-10-07 10:56:00+09:00,1554.0,1554.0,1554.0,1554.0,100,0.0,0.0
2024-10-07 10:58:00+09:00,1554.0,1554.0,1554.0,1554.0,200,0.0,0.0
2024-10-07 11:01:00+09:00,1553.0,1554.0,1553.0,1554.0,400,0.0,0.0
2024-10-07 11:04:00+09:00,1554.0,1554.0,1554.0,1554.0,300,0.0,0.0
2024-10-07 11:06:00+09:00,1554.0,1555.0,1554.0,1554.0,400,0.0,0.0
2024-10-07 11:07:00+09:00,1554.0,1555.0,1554.0,1554.0,1100,0.0,0.0
2024-10-07 11:10:00+09:00,1554.0,1554.0,1549.0,1549.0,3100,0.0,0.0
2024-10-07 11:11:00+09:00,1549.0,1550.0,1549.0,1550.0,600,0.0,0.0
2024-10-07 11:13:00+09:00,1550.0,1550.0,1550.0,1550.0,200,0.0,0.0
2024-10-07 11:15:00+09:00,1549.0,1549.0,1549.0,1549.0,100,0.0,0.0
2024-10-07 11:17:00+09:00,1549.0,1549.0,1548.0,1548.0,500,0.0,0.0
2024-10-07 11:19:00+09:00,1547.0,1547.0,1547.0,1547.0,100,0.0,0.0
2024-10-07 11:20:00+09:00,1548.0,1549.0,1548.0,1549.0,600,0.0,0.0
2024-10-07 11:22:00+09:00,1548.0,1548.0,1548.0,1548.0,300,0.0,0.0
2024-10-07 11:23:00+09:00,1548.0,1548.0,1547.0,1547.0,200,0.0,0.0
2024-10-07 11:25:00+09:00,1548.0,1548.0,1548.0,1548.0,200,0.0,0.0
2024-10-07 11:26:00+09:00,1548.0,1548.0,1548.0,1548.0,200,0.0,0.0
2024-10-07 11:27:00+09:00,1548.0,1548.0,1548.0,1548.0,700,0.0,0.0
2024-10-07 11:28:00+09:00,1548.0,1548.0,1548.0,1548.0,100,0.0,0.0
2024-10-07 11:29:00+09:00,1549.0,1549.0,1546.0,1548.0,1700,0.0,0.0
2024-10-07 11:30:00+09:00,1545.0,1545.0,1545.0,1545.0,400,0.0,0.0
2024-10-07 11:35:00+09:00,1545.0,1545.0,1545.0,1545.0,0,0.0,0.0
2024-10-07 12:30:00+09:00,1545.0,1549.0,1545.0,1549.0,95900,0.0,0.0
2024-10-07 12:32:00+09:00,1549.0,1549.0,1548.0,1548.0,1900,0.0,0.0
2024-10-07 12:33:00+09:00,1548.0,1548.0,1548.0,1548.0,100,0.0,0.0
2024-10-07 12:36:00+09:00,1548.0,1550.0,1548.0,1549.0,800,0.0,0.0
2024-10-07 12:37:00+09:00,1548.0,1548.0,1545.0,1545.0,2700,0.0,0.0
2024-10-07 12:38:00+09:00,1545.0,1545.0,1545.0,1545.0,400,0.0,0.0
2024-10-07 12:39:00+09:00,1544.0,1544.0,1542.0,1542.0,500,0.0,0.0
2024-10-07 12:40:00+09:00,1544.0,1544.0,1543.0,1543.0,500,0.0,0.0
2024-10-07 12:42:00+09:00,1545.0,1546.0,1545.0,1545.0,1000,0.0,0.0
2024-10-07 12:43:00+09:00,1546.0,1546.0,1546.0,1546.0,500,0.0,0.0
2024-10-07 12:44:00+09:00,1547.0,1548.0,1547.0,1548.0,500,0.0,0.0
2024-10-07 12:47:00+09:00,1548.0,1548.0,1547.0,1547.0,800,0.0,0.0
2024-10-07 12:48:00+09:00,1548.0,1548.0,1548.0,1548.0,100,0.0,0.0
2024-10-07 12:53:00+09:00,1549.0,1549.0,1549.0,1549.0,800,0.0,0.0
2024-10-07 12:54:00+09:00,1550.0,1550.0,1550.0,1550.0,100,0.0,0.0
2024-10-07 12:55:00+09:00,1550.0,1550.0,1550.0,1550.0,500,0.0,0.0
2024-10-07 12:56:00+09:00,1550.0,1551.0,1550.0,1551.0,800,0.0,0.0
2024-10-07 12:58:00+09:00,1550.0,1550.0,1546.0,1546.0,2900,0.0,0.0
2024-10-07 12:59:00+09:00,1546.0,1546.0,1546.0,1546.0,100,0.0,0.0
2024-10-07 13:00:00+09:00,1546.0,1548.0,1546.0,1547.0,1200,0.0,0.0
2024-10-07 13:03:00+09:00,1547.0,1547.0,1547.0,1547.0,200,0.0,0.0
2024-10-07 13:05:00+09:00,1548.0,1548.0,1548.0,1548.0,200,0.0,0.0
2024-10-07 13:06:00+09:00,1547.0,1547.0,1547.0,1547.0,1100,0.0,0.0
2024-10-07 13:07:00+09:00,1546.0,1546.0,1546.0,1546.0,1000,0.0,0.0
2024-10-07 13:08:00+09:00,1546.0,1546.0,1546.0,1546.0,300,0.0,0.0
2024-10-07 13:09:00+09:00,1547.0,1547.0,1547.0,1547.0,100,0.0,0.0
2024-10-07 13:11:00+09:00,1546.0,1546.0,1546.0,1546.0,100,0.0,0.0
2024-10-07 13:12:00+09:00,1546.0,1546.0,1546.0,1546.0,200,0.0,0.0
2024-10-07 13:15:00+09:00,1546.0,1546.0,1546.0,1546.0,100,0.0,0.0
2024-10-07 13:18:00+09:00,1547.0,1547.0,1547.0,1547.0,1000,0.0,0.0
2024-10-07 13:21:00+09:00,1546.0,1547.0,1546.0,1547.0,700,0.0,0.0
2024-10-07 13:22:00+09:00,1547.0,1547.0,1547.0,1547.0,1100,0.0,0.0
2024-10-07 13:23:00+09:00,1547.0,1547.0,1547.0,1547.0,100,0.0,0.0
2024-10-07 13:24:00+09:00,1546.0,1546.0,1546.0,1546.0,300,0.0,0.0
2024-10-07 13:26:00+09:00,1547.0,1547.0,1547.0,1547.0,500,0.0,0.0
2024-10-07 13:28:00+09:00,1548.0,1548.0,1548.0,1548.0,600,0.0,0.0
2024-10-07 13:29:00+09:00,1549.0,1549.0,1549.0,1549.0,200,0.0,0.0
2024-10-07 13:30:00+09:00,1549.0,1549.0,1549.0,1549.0,100,0.0,0.0
2024-10-07 13:31:00+09:00,1549.0,1550.0,1549.0,1550.0,1500,0.0,0.0
2024-10-07 13:32:00+09:00,1549.0,1549.0,1549.0,1549.0,1200,0.0,0.0
2024-10-07 13:33:00+09:00,1549.0,1549.0,1549.0,1549.0,100,0.0,0.0
2024-10-07 13:34:00+09:00,1548.0,1548.0,1548.0,1548.0,1400,0.0,0.0
2024-10-07 13:36:00+09:00,1547.0,1547.0,1547.0,1547.0,200,0.0,0.0
2024-10-07 13:39:00+09:00,1547.0,1547.0,1547.0,1547.0,200,0.0,0.0
2024-10-07 13:40:00+09:00,1548.0,1549.0,1548.0,1549.0,800,0.0,0.0
2024-10-07 13:43:00+09:00,1548.0,1548.0,1548.0,1548.0,0,0.0,0.0
2024-10-07 13:44:00+09:00,1549.0,1549.0,1549.0,1549.0,125600,0.0,0.0
2024-10-07 13:45:00+09:00,1548.0,1548.0,1548.0,1548.0,100,0.0,0.0
2024-10-07 13:46:00+09:00,1549.0,1549.0,1549.0,1549.0,100,0.0,0.0
2024-10-07 13:48:00+09:00,1549.0,1549.0,1549.0,1549.0,100,0.0,0.0
2024-10-07 13:49:00+09:00,1549.0,1549.0,1549.0,1549.0,100,0.0,0.0
2024-10-07 13:50:00+09:00,1548.0,1548.0,1547.0,1547.0,2800,0.0,0.0
2024-10-07 13:53:00+09:00,1547.0,1547.0,1547.0,1547.0,100,0.0,0.0
2024-10-07 13:54:00+09:00,1548.0,1548.0,1548.0,1548.0,400,0.0,0.0
2024-10-07 13:58:00+09:00,1548.0,1548.0,1548.0,1548.0,100,0.0,0.0
2024-10-07 14:00:00+09:00,1548.0,1548.0,1548.0,1548.0,100,0.0,0.0
2024-10-07 14:03:00+09:00,1548.0,1548.0,1548.0,1548.0,100,0.0,0.0
2024-10-07 14:07:00+09:00,1549.0,1549.0,1548.0,1548.0,1300,0.0,0.0
2024-10-07 14:08:00+09:00,1548.0,1548.0,1548.0,1548.0,100,0.0,0.0
2024-10-07 14:09:00+09:00,1547.0,1547.0,1547.0,1547.0,300,0.0,0.0
2024-10-07 14:11:00+09:00,1547.0,1547.0,1547.0,1547.0,100,0.0,0.0
2024-10-07 14:12:00+09:00,1548.0,1548.0,1548.0,1548.0,800,0.0,0.0
2024-10-07 14:13:00+09:00,1548.0,1548.0,1548.0,1548.0,1400,0.0,0.0
2024-10-07 14:15:00+09:00,1547.0,1547.0,1547.0,1547.0,200,0.0,0.0
2024-10-07 14:16:00+09:00,1547.0,1548.0,1547.0,1548.0,400,0.0,0.0
2024-10-07 14:18:00+09:00,1547.0,1547.0,1547.0,1547.0,100,0.0,0.0
2024-10-07 14:20:00+09:00,1548.0,1548.0,1548.0,1548.0,100,0.0,0.0
2024-10-07 14:23:00+09:00,1548.0,1550.0,1548.0,1549.0,1700,0.0,0.0
2024-10-07 14:25:00+09:00,1550.0,1551.0,1550.0,1551.0,600,0.0,0.0
2024-10-07 14:26:00+09:00,1551.0,1551.0,1551.0,1551.0,300,0.0,0.0
2024-10-07 14:27:00+09:00,1551.0,1551.0,1551.0,1551.0,1700,0.0,0.0
2024-10-07 14:28:00+09:00,1550.0,1550.0,1550.0,1550.0,100,0.0,0.0
2024-10-07 14:29:00+09:00,1550.0,1550.0,1550.0,1550.0,100,0.0,0.0
2024-10-07 14:32:00+09:00,1551.0,1551.0,1551.0,1551.0,100,0.0,0.0
2024-10-07 14:33:00+09:00,1550.0,1550.0,1550.0,1550.0,2300,0.0,0.0
2024-10-07 14:34:00+09:00,1550.0,1550.0,1550.0,1550.0,900,0.0,0.0
2024-10-07 14:36:00+09:00,1550.0,1550.0,1549.0,1549.0,1000,0.0,0.0
2024-10-07 14:38:00+09:00,1549.0,1549.0,1549.0,1549.0,200,0.0,0.0
2024-10-07 14:40:00+09:00,1550.0,1550.0,1550.0,1550.0,1100,0.0,0.0
2024-10-07 14:41:00+09:00,1551.0,1551.0,1551.0,1551.0,1200,0.0,0.0
2024-10-07 14:42:00+09:00,1552.0,1552.0,1550.0,1550.0,2800,0.0,0.0
2024-10-07 14:44:00+09:00,1550.0,1550.0,1550.0,1550.0,200,0.0,0.0
2024-10-07 14:45:00+09:00,1550.0,1550.0,1550.0,1550.0,200,0.0,0.0
2024-10-07 14:46:00+09:00,1550.0,1550.0,1549.0,1549.0,1100,0.0,0.0
2024-10-07 14:47:00+09:00,1549.0,1549.0,1549.0,1549.0,100,0.0,0.0
2024-10-07 14:48:00+09:00,1549.0,1549.0,1549.0,1549.0,100,0.0,0.0
2024-10-07 14:49:00+09:00,1549.0,1549.0,1549.0,1549.0,100,0.0,0.0
2024-10-07 14:50:00+09:00,1550.0,1550.0,1550.0,1550.0,1900,0.0,0.0
2024-10-07 14:51:00+09:00,1550.0,1550.0,1550.0,1550.0,400,0.0,0.0
2024-10-07 14:52:00+09:00,1550.0,1550.0,1550.0,1550.0,2100,0.0,0.0
2024-10-07 14:54:00+09:00,1550.0,1550.0,1549.0,1549.0,1800,0.0,0.0
2024-10-07 14:55:00+09:00,1548.0,1548.0,1548.0,1548.0,300,0.0,0.0
2024-10-07 14:56:00+09:00,1549.0,1549.0,1548.0,1548.0,400,0.0,0.0
2024-10-07 14:57:00+09:00,1549.0,1549.0,1548.0,1549.0,1000,0.0,0.0
2024-10-07 14:58:00+09:00,1548.0,1549.0,1548.0,1549.0,400,0.0,0.0
2024-10-07 14:59:00+09:00,1548.0,1550.0,1547.0,1547.0,2200,0.0,0.0
2024-10-08 09:00:00+09:00,1531.0,1538.0,1522.0,1522.0,6100,0.0,0.0
2024-10-08 09:01:00+09:00,1524.0,1529.0,1524.0,1529.0,1400,0.0,0.0
2024-10-08 09:05:00+09:00,1529.0,1531.0,1529.0,1531.0,1000,0.0,0.0
2024-10-08 09:06:00+09:00,1533.0,1533.0,1533.0,1533.0,400,0.0,0.0
2024-10-08 09:07:00+09:00,1533.0,1534.0,1533.0,1534.0,500,0.0,0.0
2024-10-08 09:08:00+09:00,1535.0,1535.0,1532.0,1532.0,800,0.0,0.0
2024-10-08 09:09:00+09:00,1530.0,1530.0,1530.0,1530.0,300,0.0,0.0
2024-10-08 09:10:00+09:00,1528.0,1528.0,1528.0,1528.0,100,0.0,0.0
2024-10-08 09:11:00+09:00,1529.0,1531.0,1529.0,1530.0,1400,0.0,0.0
2024-10-08 09:12:00+09:00,1531.0,1532.0,1531.0,1532.0,400,0.0,0.0
2024-10-08 09:14:00+09:00,1532.0,1532.0,1532.0,1532.0,200,0.0,0.0
2024-10-08 09:15:00+09:00,1532.0,1532.0,1532.0,1532.0,300,0.0,0.0
2024-10-08 09:16:00+09:00,1533.0,1533.0,1533.0,1533.0,400,0.0,0.0
2024-10-08 09:17:00+09:00,1534.0,1534.0,1534.0,1534.0,100,0.0,0.0
2024-10-08 09:18:00+09:00,1535.0,1535.0,1535.0,1535.0,100,0.0,0.0
2024-10-08 09:19:00+09:00,1535.0,1535.0,1535.0,1535.0,300,0.0,0.0
2024-10-08 09:21:00+09:00,1535.0,1536.0,1535.0,1536.0,400,0.0,0.0
2024-10-08 09:22:00+09:00,1535.0,1535.0,1534.0,1534.0,600,0.0,0.0
2024-10-08 09:25:00+09:00,1534.0,1534.0,1533.0,1533.0,600,0.0,0.0
2024-10-08 09:26:00+09:00,1532.0,1532.0,1532.0,1532.0,100,0.0,0.0
2024-10-08 09:27:00+09:00,1533.0,1534.0,1533.0,1534.0,500,0.0,0.0
2024-10-08 09:29:00+09:00,1534.0,1534.0,1534.0,1534.0,500,0.0,0.0
2024-10-08 09:30:00+09:00,1535.0,1536.0,1535.0,1535.0,400,0.0,0.0
2024-10-08 09:32:00+09:00,1535.0,1535.0,1535.0,1535.0,200,0.0,0.0
2024-10-08 09:33:00+09:00,1536.0,1536.0,1536.0,1536.0,400,0.0,0.0
2024-10-08 09:35:00+09:00,1536.0,1536.0,1536.0,1536.0,600,0.0,0.0
2024-10-08 09:37:00+09:00,1535.0,1535.0,1534.0,1534.0,700,0.0,0.0
2024-10-08 09:38:00+09:00,1535.0,1535.0,1535.0,1535.0,100,0.0,0.0
2024-10-08 09:42:00+09:00,1535.0,1535.0,1534.0,1534.0,500,0.0,0.0
2024-10-08 09:43:00+09:00,1533.0,1534.0,1533.0,1533.0,1100,0.0,0.0
2024-10-08 09:44:00+09:00,1534.0,1534.0,1534.0,1534.0,300,0.0,0.0
2024-10-08 09:45:00+09:00,1535.0,1535.0,1535.0,1535.0,300,0.0,0.0
2024-10-08 09:47:00+09:00,1535.0,1538.0,1535.0,1538.0,1200,0.0,0.0
2024-10-08 09:48:00+09:00,1538.0,1538.0,1538.0,1538.0,400,0.0,0.0
2024-10-08 09:49:00+09:00,1537.0,1537.0,1537.0,1537.0,200,0.0,0.0
2024-10-08 09:51:00+09:00,1538.0,1538.0,1538.0,1538.0,200,0.0,0.0
2024-10-08 09:52:00+09:00,1538.0,1540.0,1538.0,1540.0,800,0.0,0.0
2024-10-08 09:53:00+09:00,1541.0,1541.0,1540.0,1540.0,200,0.0,0.0
2024-10-08 09:54:00+09:00,1540.0,1540.0,1540.0,1540.0,300,0.0,0.0
2024-10-08 09:55:00+09:00,1541.0,1541.0,1541.0,1541.0,100,0.0,0.0
2024-10-08 09:58:00+09:00,1540.0,1540.0,1540.0,1540.0,200,0.0,0.0
2024-10-08 10:01:00+09:00,1540.0,1540.0,1540.0,1540.0,500,0.0,0.0
2024-10-08 10:03:00+09:00,1540.0,1540.0,1540.0,1540.0,200,0.0,0.0
2024-10-08 10:04:00+09:00,1541.0,1541.0,1541.0,1541.0,400,0.0,0.0
2024-10-08 10:06:00+09:00,1542.0,1542.0,1542.0,1542.0,200,0.0,0.0
2024-10-08 10:07:00+09:00,1542.0,1542.0,1542.0,1542.0,300,0.0,0.0
2024-10-08 10:08:00+09:00,1541.0,1541.0,1541.0,1541.0,200,0.0,0.0
2024-10-08 10:09:00+09:00,1542.0,1542.0,1542.0,1542.0,100,0.0,0.0
2024-10-08 10:10:00+09:00,1543.0,1543.0,1543.0,1543.0,100,0.0,0.0
2024-10-08 10:14:00+09:00,1542.0,1542.0,1542.0,1542.0,300,0.0,0.0
2024-10-08 10:16:00+09:00,1541.0,1541.0,1540.0,1541.0,1100,0.0,0.0
2024-10-08 10:17:00+09:00,1542.0,1543.0,1542.0,1543.0,1000,0.0,0.0
2024-10-08 10:18:00+09:00,1544.0,1544.0,1544.0,1544.0,100,0.0,0.0
2024-10-08 10:19:00+09:00,1544.0,1544.0,1544.0,1544.0,100,0.0,0.0
2024-10-08 10:20:00+09:00,1544.0,1544.0,1544.0,1544.0,100,0.0,0.0
2024-10-08 10:21:00+09:00,1544.0,1544.0,1544.0,1544.0,100,0.0,0.0
2024-10-08 10:23:00+09:00,1544.0,1544.0,1544.0,1544.0,200,0.0,0.0
2024-10-08 10:24:00+09:00,1545.0,1547.0,1545.0,1547.0,700,0.0,0.0
2024-10-08 10:27:00+09:00,1544.0,1544.0,1544.0,1544.0,100,0.0,0.0
2024-10-08 10:28:00+09:00,1544.0,1544.0,1544.0,1544.0,100,0.0,0.0
2024-10-08 10:30:00+09:00,1544.0,1544.0,1543.0,1543.0,500,0.0,0.0
2024-10-08 10:31:00+09:00,1542.0,1542.0,1542.0,1542.0,200,0.0,0.0
2024-10-08 10:32:00+09:00,1540.0,1540.0,1540.0,1540.0,200,0.0,0.0
2024-10-08 10:33:00+09:00,1540.0,1540.0,1540.0,1540.0,100,0.0,0.0
2024-10-08 10:34:00+09:00,1539.0,1539.0,1538.0,1538.0,200,0.0,0.0
2024-10-08 10:36:00+09:00,1538.0,1539.0,1538.0,1539.0,300,0.0,0.0
2024-10-08 10:38:00+09:00,1541.0,1541.0,1541.0,1541.0,200,0.0,0.0
2024-10-08 10:39:00+09:00,1541.0,1541.0,1541.0,1541.0,200,0.0,0.0
2024-10-08 10:40:00+09:00,1540.0,1540.0,1540.0,1540.0,300,0.0,0.0
2024-10-08 10:41:00+09:00,1540.0,1540.0,1540.0,1540.0,200,0.0,0.0
2024-10-08 10:43:00+09:00,1539.0,1539.0,1539.0,1539.0,100,0.0,0.0
2024-10-08 10:44:00+09:00,1539.0,1540.0,1539.0,1540.0,300,0.0,0.0
2024-10-08 10:45:00+09:00,1539.0,1539.0,1539.0,1539.0,100,0.0,0.0
2024-10-08 10:48:00+09:00,1540.0,1540.0,1540.0,1540.0,500,0.0,0.0
2024-10-08 10:49:00+09:00,1540.0,1540.0,1540.0,1540.0,100,0.0,0.0
2024-10-08 10:51:00+09:00,1539.0,1539.0,1539.0,1539.0,100,0.0,0.0
2024-10-08 10:52:00+09:00,1538.0,1538.0,1538.0,1538.0,100,0.0,0.0
2024-10-08 10:53:00+09:00,1538.0,1538.0,1538.0,1538.0,400,0.0,0.0
2024-10-08 10:54:00+09:00,1539.0,1539.0,1539.0,1539.0,400,0.0,0.0
2024-10-08 10:57:00+09:00,1539.0,1540.0,1539.0,1540.0,500,0.0,0.0
2024-10-08 10:58:00+09:00,1540.0,1540.0,1540.0,1540.0,300,0.0,0.0
2024-10-08 11:00:00+09:00,1540.0,1540.0,1540.0,1540.0,200,0.0,0.0
2024-10-08 11:02:00+09:00,1539.0,1539.0,1539.0,1539.0,100,0.0,0.0
2024-10-08 11:03:00+09:00,1539.0,1539.0,1539.0,1539.0,100,0.0,0.0
2024-10-08 11:05:00+09:00,1539.0,1539.0,1539.0,1539.0,100,0.0,0.0
2024-10-08 11:07:00+09:00,1539.0,1539.0,1539.0,1539.0,100,0.0,0.0
2024-10-08 11:09:00+09:00,1539.0,1540.0,1539.0,1540.0,400,0.0,0.0
2024-10-08 11:10:00+09:00,1539.0,1539.0,1538.0,1538.0,500,0.0,0.0
2024-10-08 11:12:00+09:00,1537.0,1537.0,1537.0,1537.0,300,0.0,0.0
2024-10-08 11:13:00+09:00,1538.0,1538.0,1537.0,1537.0,1100,0.0,0.0
2024-10-08 11:14:00+09:00,1536.0,1536.0,1536.0,1536.0,700,0.0,0.0
2024-10-08 11:15:00+09:00,1535.0,1535.0,1535.0,1535.0,100,0.0,0.0
2024-10-08 11:16:00+09:00,1536.0,1536.0,1536.0,1536.0,200,0.0,0.0
2024-10-08 11:17:00+09:00,1536.0,1536.0,1536.0,1536.0,700,0.0,0.0
2024-10-08 11:18:00+09:00,1535.0,1535.0,1535.0,1535.0,100,0.0,0.0
2024-10-08 11:20:00+09:00,1535.0,1535.0,1535.0,1535.0,100,0.0,0.0
2024-10-08 11:21:00+09:00,1535.0,1535.0,1535.0,1535.0,200,0.0,0.0
2024-10-08 11:22:00+09:00,1536.0,1536.0,1536.0,1536.0,500,0.0,0.0
2024-10-08 11:23:00+09:00,1537.0,1537.0,1536.0,1536.0,300,0.0,0.0
2024-10-08 11:24:00+09:00,1536.0,1536.0,1536.0,1536.0,200,0.0,0.0
2024-10-08 11:25:00+09:00,1536.0,1536.0,1535.0,1535.0,1300,0.0,0.0
2024-10-08 11:29:00+09:00,1534.0,1534.0,1534.0,1534.0,200,0.0,0.0
2024-10-08 11:35:00+09:00,1534.0,1534.0,1534.0,1534.0,0,0.0,0.0
2024-10-08 12:30:00+09:00,1530.0,1534.0,1530.0,1531.0,47300,0.0,0.0
2024-10-08 12:31:00+09:00,1531.0,1531.0,1530.0,1530.0,1000,0.0,0.0
2024-10-08 12:32:00+09:00,1529.0,1529.0,1528.0,1528.0,600,0.0,0.0
2024-10-08 12:34:00+09:00,1528.0,1528.0,1528.0,1528.0,100,0.0,0.0
2024-10-08 12:35:00+09:00,1527.0,1527.0,1526.0,1526.0,1100,0.0,0.0
2024-10-08 12:36:00+09:00,1524.0,1524.0,1522.0,1522.0,800,0.0,0.0
2024-10-08 12:39:00+09:00,1525.0,1525.0,1525.0,1525.0,0,0.0,0.0
2024-10-08 12:40:00+09:00,1526.0,1526.0,1526.0,1526.0,54900,0.0,0.0
2024-10-08 12:43:00+09:00,1526.0,1526.0,1526.0,1526.0,400,0.0,0.0
2024-10-08 12:45:00+09:00,1525.0,1525.0,1525.0,1525.0,300,0.0,0.0
2024-10-08 12:46:00+09:00,1524.0,1524.0,1523.0,1523.0,500,0.0,0.0
2024-10-08 12:47:00+09:00,1524.0,1524.0,1524.0,1524.0,100,0.0,0.0
2024-10-08 12:49:00+09:00,1523.0,1523.0,1523.0,1523.0,700,0.0,0.0
2024-10-08 12:50:00+09:00,1523.0,1523.0,1523.0,1523.0,400,0.0,0.0
2024-10-08 12:52:00+09:00,1524.0,1524.0,1524.0,1524.0,800,0.0,0.0
2024-10-08 12:53:00+09:00,1525.0,1525.0,1523.0,1523.0,1300,0.0,0.0
2024-10-08 12:54:00+09:00,1525.0,1525.0,1525.0,1525.0,300,0.0,0.0
2024-10-08 12:55:00+09:00,1525.0,1525.0,1524.0,1524.0,400,0.0,0.0
2024-10-08 12:57:00+09:00,1524.0,1524.0,1523.0,1523.0,800,0.0,0.0
2024-10-08 12:58:00+09:00,1524.0,1524.0,1524.0,1524.0,400,0.0,0.0
2024-10-08 13:00:00+09:00,1525.0,1525.0,1525.0,1525.0,1000,0.0,0.0
2024-10-08 13:01:00+09:00,1525.0,1525.0,1524.0,1524.0,400,0.0,0.0
2024-10-08 13:03:00+09:00,1524.0,1524.0,1524.0,1524.0,200,0.0,0.0
2024-10-08 13:05:00+09:00,1523.0,1523.0,1523.0,1523.0,400,0.0,0.0
2024-10-08 13:06:00+09:00,1522.0,1522.0,1522.0,1522.0,100,0.0,0.0
2024-10-08 13:07:00+09:00,1522.0,1522.0,1522.0,1522.0,900,0.0,0.0
2024-10-08 13:09:00+09:00,1521.0,1521.0,1521.0,1521.0,100,0.0,0.0
2024-10-08 13:13:00+09:00,1522.0,1522.0,1522.0,1522.0,1300,0.0,0.0
2024-10-08 13:14:00+09:00,1522.0,1522.0,1521.0,1521.0,600,0.0,0.0
2024-10-08 13:15:00+09:00,1522.0,1524.0,1522.0,1524.0,1000,0.0,0.0
2024-10-08 13:19:00+09:00,1524.0,1524.0,1524.0,1524.0,100,0.0,0.0
2024-10-08 13:20:00+09:00,1523.0,1523.0,1523.0,1523.0,500,0.0,0.0
2024-10-08 13:22:00+09:00,1522.0,1522.0,1522.0,1522.0,100,0.0,0.0
2024-10-08 13:23:00+09:00,1523.0,1523.0,1523.0,1523.0,900,0.0,0.0
2024-10-08 13:24:00+09:00,1523.0,1524.0,1523.0,1524.0,300,0.0,0.0
2024-10-08 13:25:00+09:00,1524.0,1524.0,1524.0,1524.0,200,0.0,0.0
2024-10-08 13:27:00+09:00,1524.0,1524.0,1524.0,1524.0,1500,0.0,0.0
2024-10-08 13:28:00+09:00,1523.0,1523.0,1523.0,1523.0,500,0.0,0.0
2024-10-08 13:29:00+09:00,1522.0,1522.0,1522.0,1522.0,400,0.0,0.0
2024-10-08 13:32:00+09:00,1521.0,1521.0,1521.0,1521.0,500,0.0,0.0
2024-10-08 13:35:00+09:00,1520.0,1520.0,1520.0,1520.0,200,0.0,0.0
2024-10-08 13:36:00+09:00,1521.0,1521.0,1521.0,1521.0,100,0.0,0.0
2024-10-08 13:37:00+09:00,1521.0,1521.0,1521.0,1521.0,200,0.0,0.0
2024-10-08 13:39:00+09:00,1521.0,1522.0,1521.0,1522.0,1500,0.0,0.0
2024-10-08 13:40:00+09:00,1522.0,1522.0,1522.0,1522.0,200,0.0,0.0
2024-10-08 13:42:00+09:00,1522.0,1522.0,1522.0,1522.0,100,0.0,0.0
2024-10-08 13:43:00+09:00,1522.0,1522.0,1522.0,1522.0,100,0.0,0.0
2024-10-08 13:44:00+09:00,1522.0,1522.0,1522.0,1522.0,100,0.0,0.0
2024-10-08 13:45:00+09:00,1522.0,1522.0,1522.0,1522.0,100,0.0,0.0
2024-10-08 13:47:00+09:00,1522.0,1522.0,1522.0,1522.0,100,0.0,0.0
2024-10-08 13:48:00+09:00,1522.0,1522.0,1522.0,1522.0,100,0.0,0.0
2024-10-08 13:49:00+09:00,1522.0,1522.0,1522.0,1522.0,200,0.0,0.0
2024-10-08 13:50:00+09:00,1522.0,1522.0,1522.0,1522.0,900,0.0,0.0
2024-10-08 13:51:00+09:00,1523.0,1523.0,1523.0,1523.0,1100,0.0,0.0
2024-10-08 13:52:00+09:00,1522.0,1522.0,1522.0,1522.0,100,0.0,0.0
2024-10-08 13:54:00+09:00,1523.0,1523.0,1523.0,1523.0,100,0.0,0.0
2024-10-08 13:55:00+09:00,1522.0,1522.0,1522.0,1522.0,600,0.0,0.0
2024-10-08 13:56:00+09:00,1521.0,1521.0,1521.0,1521.0,800,0.0,0.0
2024-10-08 13:57:00+09:00,1521.0,1521.0,1521.0,1521.0,300,0.0,0.0
2024-10-08 13:58:00+09:00,1522.0,1522.0,1522.0,1522.0,1800,0.0,0.0
2024-10-08 14:00:00+09:00,1522.0,1522.0,1522.0,1522.0,300,0.0,0.0
2024-10-08 14:01:00+09:00,1523.0,1524.0,1523.0,1524.0,2100,0.0,0.0
2024-10-08 14:02:00+09:00,1524.0,1524.0,1524.0,1524.0,100,0.0,0.0
2024-10-08 14:03:00+09:00,1524.0,1524.0,1524.0,1524.0,700,0.0,0.0
2024-10-08 14:04:00+09:00,1525.0,1525.0,1525.0,1525.0,100,0.0,0.0
2024-10-08 14:05:00+09:00,1524.0,1524.0,1524.0,1524.0,100,0.0,0.0
2024-10-08 14:06:00+09:00,1524.0,1524.0,1524.0,1524.0,300,0.0,0.0
2024-10-08 14:09:00+09:00,1523.0,1523.0,1523.0,1523.0,400,0.0,0.0
2024-10-08 14:11:00+09:00,1523.0,1523.0,1523.0,1523.0,600,0.0,0.0
2024-10-08 14:14:00+09:00,1523.0,1523.0,1523.0,1523.0,1200,0.0,0.0
2024-10-08 14:15:00+09:00,1522.0,1522.0,1522.0,1522.0,1800,0.0,0.0
2024-10-08 14:16:00+09:00,1522.0,1522.0,1522.0,1522.0,100,0.0,0.0
2024-10-08 14:19:00+09:00,1522.0,1522.0,1522.0,1522.0,700,0.0,0.0
2024-10-08 14:21:00+09:00,1522.0,1522.0,1522.0,1522.0,100,0.0,0.0
2024-10-08 14:23:00+09:00,1521.0,1521.0,1521.0,1521.0,400,0.0,0.0
2024-10-08 14:25:00+09:00,1520.0,1520.0,1520.0,1520.0,100,0.0,0.0
2024-10-08 14:26:00+09:00,1520.0,1522.0,1520.0,1522.0,2500,0.0,0.0
2024-10-08 14:27:00+09:00,1522.0,1522.0,1522.0,1522.0,1500,0.0,0.0
2024-10-08 14:30:00+09:00,1522.0,1522.0,1522.0,1522.0,400,0.0,0.0
2024-10-08 14:31:00+09:00,1522.0,1522.0,1522.0,1522.0,100,0.0,0.0
2024-10-08 14:32:00+09:00,1522.0,1522.0,1522.0,1522.0,100,0.0,0.0
2024-10-08 14:36:00+09:00,1522.0,1522.0,1522.0,1522.0,100,0.0,0.0
2024-10-08 14:38:00+09:00,1523.0,1523.0,1522.0,1522.0,2200,0.0,0.0
2024-10-08 14:42:00+09:00,1522.0,1522.0,1522.0,1522.0,1600,0.0,0.0
2024-10-08 14:43:00+09:00,1522.0,1522.0,1521.0,1521.0,500,0.0,0.0
2024-10-08 14:44:00+09:00,1522.0,1522.0,1522.0,1522.0,1000,0.0,0.0
2024-10-08 14:47:00+09:00,1521.0,1521.0,1521.0,1521.0,900,0.0,0.0
2024-10-08 14:50:00+09:00,1520.0,1520.0,1519.0,1519.0,700,0.0,0.0
2024-10-08 14:51:00+09:00,1519.0,1519.0,1519.0,1519.0,200,0.0,0.0
2024-10-08 14:52:00+09:00,1518.0,1518.0,1518.0,1518.0,400,0.0,0.0
2024-10-08 14:53:00+09:00,1518.0,1518.0,1518.0,1518.0,3100,0.0,0.0
2024-10-08 14:54:00+09:00,1517.0,1517.0,1517.0,1517.0,300,0.0,0.0
2024-10-08 14:55:00+09:00,1517.0,1518.0,1517.0,1518.0,1100,0.0,0.0
2024-10-08 14:56:00+09:00,1518.0,1518.0,1518.0,1518.0,500,0.0,0.0
2024-10-08 14:57:00+09:00,1519.0,1519.0,1519.0,1519.0,100,0.0,0.0
2024-10-08 14:59:00+09:00,1519.0,1522.0,1519.0,1522.0,1700,0.0,0.0
2024-10-09 09:00:00+09:00,1540.0,1540.0,1540.0,1540.0,4000,0.0,0.0
2024-10-09 09:01:00+09:00,1538.0,1542.0,1535.0,1535.0,2900,0.0,0.0
2024-10-09 09:02:00+09:00,1536.0,1536.0,1536.0,1536.0,200,0.0,0.0
2024-10-09 09:03:00+09:00,1534.0,1534.0,1532.0,1532.0,1000,0.0,0.0
2024-10-09 09:04:00+09:00,1532.0,1537.0,1532.0,1537.0,1100,0.0,0.0
2024-10-09 09:05:00+09:00,1535.0,1536.0,1534.0,1534.0,600,0.0,0.0
2024-10-09 09:06:00+09:00,1535.0,1535.0,1535.0,1535.0,100,0.0,0.0
2024-10-09 09:07:00+09:00,1534.0,1534.0,1533.0,1533.0,400,0.0,0.0
2024-10-09 09:08:00+09:00,1534.0,1534.0,1528.0,1528.0,2600,0.0,0.0
2024-10-09 09:09:00+09:00,1524.0,1527.0,1524.0,1527.0,300,0.0,0.0
2024-10-09 09:10:00+09:00,1527.0,1527.0,1524.0,1524.0,300,0.0,0.0
2024-10-09 09:12:00+09:00,1527.0,1528.0,1524.0,1524.0,2900,0.0,0.0
2024-10-09 09:14:00+09:00,1525.0,1525.0,1523.0,1524.0,1600,0.0,0.0
2024-10-09 09:16:00+09:00,1525.0,1526.0,1524.0,1525.0,1400,0.0,0.0
2024-10-09 09:18:00+09:00,1524.0,1527.0,1522.0,1526.0,4100,0.0,0.0
2024-10-09 09:19:00+09:00,1527.0,1529.0,1527.0,1529.0,1500,0.0,0.0
2024-10-09 09:20:00+09:00,1528.0,1532.0,1528.0,1532.0,1800,0.0,0.0
2024-10-09 09:22:00+09:00,1532.0,1532.0,1530.0,1530.0,900,0.0,0.0
2024-10-09 09:23:00+09:00,1529.0,1529.0,1528.0,1528.0,300,0.0,0.0
2024-10-09 09:24:00+09:00,1528.0,1528.0,1528.0,1528.0,300,0.0,0.0
2024-10-09 09:25:00+09:00,1527.0,1527.0,1526.0,1526.0,300,0.0,0.0
2024-10-09 09:26:00+09:00,1526.0,1526.0,1526.0,1526.0,100,0.0,0.0
2024-10-09 09:27:00+09:00,1528.0,1528.0,1527.0,1527.0,600,0.0,0.0
2024-10-09 09:28:00+09:00,1527.0,1527.0,1527.0,1527.0,300,0.0,0.0
2024-10-09 09:30:00+09:00,1527.0,1527.0,1527.0,1527.0,100,0.0,0.0
2024-10-09 09:31:00+09:00,1527.0,1528.0,1527.0,1528.0,900,0.0,0.0
2024-10-09 09:32:00+09:00,1528.0,1530.0,1528.0,1530.0,600,0.0,0.0
2024-10-09 09:33:00+09:00,1531.0,1531.0,1530.0,1530.0,300,0.0,0.0
2024-10-09 09:34:00+09:00,1529.0,1529.0,1529.0,1529.0,500,0.0,0.0
2024-10-09 09:35:00+09:00,1528.0,1528.0,1528.0,1528.0,100,0.0,0.0
2024-10-09 09:36:00+09:00,1529.0,1529.0,1528.0,1528.0,700,0.0,0.0
2024-10-09 09:37:00+09:00,1527.0,1527.0,1527.0,1527.0,100,0.0,0.0
2024-10-09 09:38:00+09:00,1527.0,1527.0,1527.0,1527.0,100,0.0,0.0
2024-10-09 09:40:00+09:00,1527.0,1528.0,1526.0,1526.0,500,0.0,0.0
2024-10-09 09:41:00+09:00,1527.0,1527.0,1527.0,1527.0,100,0.0,0.0
2024-10-09 09:42:00+09:00,1528.0,1530.0,1528.0,1530.0,1200,0.0,0.0
2024-10-09 09:43:00+09:00,1530.0,1530.0,1529.0,1529.0,300,0.0,0.0
2024-10-09 09:44:00+09:00,1529.0,1529.0,1529.0,1529.0,400,0.0,0.0
2024-10-09 09:45:00+09:00,1529.0,1530.0,1529.0,1530.0,200,0.0,0.0
2024-10-09 09:46:00+09:00,1529.0,1529.0,1529.0,1529.0,200,0.0,0.0
2024-10-09 09:47:00+09:00,1530.0,1530.0,1530.0,1530.0,200,0.0,0.0
2024-10-09 09:48:00+09:00,1531.0,1531.0,1530.0,1530.0,200,0.0,0.0
2024-10-09 09:49:00+09:00,1530.0,1530.0,1530.0,1530.0,100,0.0,0.0
2024-10-09 09:51:00+09:00,1530.0,1530.0,1530.0,1530.0,100,0.0,0.0
2024-10-09 09:52:00+09:00,1530.0,1530.0,1530.0,1530.0,200,0.0,0.0
2024-10-09 09:53:00+09:00,1530.0,1530.0,1530.0,1530.0,600,0.0,0.0
2024-10-09 09:54:00+09:00,1529.0,1529.0,1529.0,1529.0,100,0.0,0.0
2024-10-09 09:55:00+09:00,1529.0,1531.0,1529.0,1531.0,600,0.0,0.0
2024-10-09 09:59:00+09:00,1532.0,1532.0,1531.0,1531.0,700,0.0,0.0
2024-10-09 10:01:00+09:00,1532.0,1532.0,1532.0,1532.0,300,0.0,0.0
2024-10-09 10:04:00+09:00,1533.0,1533.0,1533.0,1533.0,300,0.0,0.0
2024-10-09 10:05:00+09:00,1533.0,1534.0,1533.0,1533.0,1900,0.0,0.0
2024-10-09 10:06:00+09:00,1533.0,1533.0,1533.0,1533.0,600,0.0,0.0
2024-10-09 10:07:00+09:00,1532.0,1532.0,1532.0,1532.0,300,0.0,0.0
2024-10-09 10:08:00+09:00,1531.0,1531.0,1531.0,1531.0,100,0.0,0.0
2024-10-09 10:10:00+09:00,1531.0,1531.0,1531.0,1531.0,100,0.0,0.0
2024-10-09 10:11:00+09:00,1531.0,1531.0,1531.0,1531.0,100,0.0,0.0
2024-10-09 10:12:00+09:00,1531.0,1533.0,1531.0,1532.0,2500,0.0,0.0
2024-10-09 10:13:00+09:00,1532.0,1532.0,1532.0,1532.0,200,0.0,0.0
2024-10-09 10:15:00+09:00,1531.0,1531.0,1531.0,1531.0,100,0.0,0.0
2024-10-09 10:16:00+09:00,1532.0,1533.0,1532.0,1533.0,200,0.0,0.0
2024-10-09 10:17:00+09:00,1532.0,1532.0,1532.0,1532.0,300,0.0,0.0
2024-10-09 10:19:00+09:00,1531.0,1532.0,1531.0,1532.0,2200,0.0,0.0
2024-10-09 10:22:00+09:00,1532.0,1532.0,1532.0,1532.0,200,0.0,0.0
2024-10-09 10:23:00+09:00,1533.0,1534.0,1533.0,1534.0,1100,0.0,0.0
2024-10-09 10:25:00+09:00,1535.0,1535.0,1535.0,1535.0,1300,0.0,0.0
2024-10-09 10:26:00+09:00,1536.0,1536.0,1535.0,1535.0,1100,0.0,0.0
2024-10-09 10:31:00+09:00,1534.0,1534.0,1534.0,1534.0,100,0.0,0.0
2024-10-09 10:32:00+09:00,1535.0,1536.0,1535.0,1536.0,800,0.0,0.0
2024-10-09 10:33:00+09:00,1537.0,1537.0,1537.0,1537.0,600,0.0,0.0
2024-10-09 10:34:00+09:00,1538.0,1539.0,1537.0,1538.0,1500,0.0,0.0
2024-10-09 10:35:00+09:00,1537.0,1537.0,1537.0,1537.0,100,0.0,0.0
2024-10-09 10:36:00+09:00,1538.0,1538.0,1538.0,1538.0,600,0.0,0.0
2024-10-09 10:37:00+09:00,1538.0,1538.0,1538.0,1538.0,500,0.0,0.0
2024-10-09 10:38:00+09:00,1539.0,1539.0,1539.0,1539.0,100,0.0,0.0
2024-10-09 10:39:00+09:00,1538.0,1538.0,1538.0,1538.0,100,0.0,0.0
2024-10-09 10:40:00+09:00,1538.0,1538.0,1538.0,1538.0,700,0.0,0.0
2024-10-09 10:42:00+09:00,1537.0,1540.0,1537.0,1540.0,4800,0.0,0.0
2024-10-09 10:45:00+09:00,1540.0,1540.0,1540.0,1540.0,200,0.0,0.0
2024-10-09 10:47:00+09:00,1539.0,1539.0,1539.0,1539.0,400,0.0,0.0
2024-10-09 10:51:00+09:00,1531.0,1531.0,1531.0,1531.0,0,0.0,0.0
2024-10-09 10:52:00+09:00,1528.0,1529.0,1528.0,1529.0,105800,0.0,0.0
2024-10-09 10:56:00+09:00,1526.0,1526.0,1526.0,1526.0,300,0.0,0.0
2024-10-09 10:57:00+09:00,1524.0,1526.0,1524.0,1526.0,400,0.0,0.0
2024-10-09 11:00:00+09:00,1526.0,1526.0,1525.0,1525.0,800,0.0,0.0
2024-10-09 11:01:00+09:00,1525.0,1526.0,1525.0,1526.0,200,0.0,0.0
2024-10-09 11:02:00+09:00,1525.0,1525.0,1525.0,1525.0,700,0.0,0.0
2024-10-09 11:03:00+09:00,1525.0,1525.0,1524.0,1524.0,1900,0.0,0.0
2024-10-09 11:05:00+09:00,1524.0,1526.0,1524.0,1526.0,2400,0.0,0.0
2024-10-09 11:06:00+09:00,1527.0,1528.0,1527.0,1528.0,600,0.0,0.0
2024-10-09 11:10:00+09:00,1527.0,1527.0,1527.0,1527.0,600,0.0,0.0
2024-10-09 11:11:00+09:00,1526.0,1526.0,1526.0,1526.0,400,0.0,0.0
2024-10-09 11:13:00+09:00,1525.0,1525.0,1525.0,1525.0,100,0.0,0.0
2024-10-09 11:15:00+09:00,1525.0,1525.0,1525.0,1525.0,100,0.0,0.0
2024-10-09 11:17:00+09:00,1525.0,1525.0,1524.0,1524.0,300,0.0,0.0
2024-10-09 11:18:00+09:00,1526.0,1526.0,1525.0,1525.0,500,0.0,0.0
2024-10-09 11:19:00+09:00,1527.0,1527.0,1527.0,1527.0,500,0.0,0.0
2024-10-09 11:22:00+09:00,1527.0,1527.0,1526.0,1526.0,200,0.0,0.0
2024-10-09 11:24:00+09:00,1528.0,1528.0,1528.0,1528.0,400,0.0,0.0
2024-10-09 11:26:00+09:00,1527.0,1527.0,1527.0,1527.0,100,0.0,0.0
2024-10-09 11:29:00+09:00,1528.0,1528.0,1527.0,1527.0,200,0.0,0.0
2024-10-09 11:30:00+09:00,1526.0,1526.0,1526.0,1526.0,100,0.0,0.0
2024-10-09 11:35:00+09:00,1526.0,1526.0,1526.0,1526.0,0,0.0,0.0
2024-10-09 12:30:00+09:00,1526.0,1531.0,1526.0,1529.0,119400,0.0,0.0
2024-10-09 12:31:00+09:00,1528.0,1528.0,1528.0,1528.0,200,0.0,0.0
2024-10-09 12:32:00+09:00,1527.0,1527.0,1527.0,1527.0,200,0.0,0.0
2024-10-09 12:33:00+09:00,1526.0,1526.0,1526.0,1526.0,100,0.0,0.0
2024-10-09 12:34:00+09:00,1526.0,1526.0,1525.0,1525.0,200,0.0,0.0
2024-10-09 12:36:00+09:00,1525.0,1525.0,1525.0,1525.0,700,0.0,0.0
2024-10-09 12:38:00+09:00,1525.0,1526.0,1525.0,1526.0,3000,0.0,0.0
2024-10-09 12:41:00+09:00,1527.0,1527.0,1527.0,1527.0,100,0.0,0.0
2024-10-09 12:42:00+09:00,1527.0,1527.0,1526.0,1526.0,200,0.0,0.0
2024-10-09 12:43:00+09:00,1525.0,1525.0,1525.0,1525.0,100,0.0,0.0
2024-10-09 12:45:00+09:00,1525.0,1526.0,1524.0,1526.0,900,0.0,0.0
2024-10-09 12:47:00+09:00,1525.0,1525.0,1525.0,1525.0,200,0.0,0.0
2024-10-09 12:48:00+09:00,1525.0,1526.0,1525.0,1526.0,400,0.0,0.0
2024-10-09 12:49:00+09:00,1526.0,1526.0,1526.0,1526.0,300,0.0,0.0
2024-10-09 12:50:00+09:00,1525.0,1525.0,1525.0,1525.0,100,0.0,0.0
2024-10-09 12:51:00+09:00,1527.0,1528.0,1527.0,1528.0,1900,0.0,0.0
2024-10-09 12:52:00+09:00,1529.0,1529.0,1529.0,1529.0,1000,0.0,0.0
2024-10-09 12:53:00+09:00,1531.0,1531.0,1531.0,1531.0,100,0.0,0.0
2024-10-09 12:54:00+09:00,1531.0,1531.0,1531.0,1531.0,600,0.0,0.0
2024-10-09 12:55:00+09:00,1531.0,1531.0,1531.0,1531.0,100,0.0,0.0
2024-10-09 12:56:00+09:00,1531.0,1531.0,1531.0,1531.0,200,0.0,0.0
2024-10-09 12:57:00+09:00,1531.0,1532.0,1531.0,1532.0,600,0.0,0.0
2024-10-09 12:59:00+09:00,1531.0,1531.0,1531.0,1531.0,700,0.0,0.0
2024-10-09 13:00:00+09:00,1530.0,1530.0,1530.0,1530.0,100,0.0,0.0
2024-10-09 13:01:00+09:00,1531.0,1531.0,1530.0,1531.0,300,0.0,0.0
2024-10-09 13:02:00+09:00,1531.0,1531.0,1530.0,1531.0,2100,0.0,0.0
2024-10-09 13:03:00+09:00,1530.0,1530.0,1530.0,1530.0,100,0.0,0.0
2024-10-09 13:04:00+09:00,1530.0,1530.0,1530.0,1530.0,100,0.0,0.0
2024-10-09 13:06:00+09:00,1529.0,1529.0,1529.0,1529.0,100,0.0,0.0
2024-10-09 13:08:00+09:00,1530.0,1530.0,1529.0,1530.0,600,0.0,0.0
2024-10-09 13:10:00+09:00,1529.0,1529.0,1529.0,1529.0,100,0.0,0.0
2024-10-09 13:12:00+09:00,1528.0,1528.0,1528.0,1528.0,100,0.0,0.0
2024-10-09 13:14:00+09:00,1527.0,1527.0,1527.0,1527.0,100,0.0,0.0
2024-10-09 13:16:00+09:00,1527.0,1527.0,1527.0,1527.0,100,0.0,0.0
2024-10-09 13:18:00+09:00,1527.0,1527.0,1527.0,1527.0,100,0.0,0.0
2024-10-09 13:19:00+09:00,1529.0,1529.0,1528.0,1528.0,1200,0.0,0.0
2024-10-09 13:21:00+09:00,1530.0,1530.0,1530.0,1530.0,500,0.0,0.0
2024-10-09 13:22:00+09:00,1529.0,1529.0,1529.0,1529.0,100,0.0,0.0
2024-10-09 13:24:00+09:00,1529.0,1529.0,1529.0,1529.0,100,0.0,0.0
2024-10-09 13:25:00+09:00,1529.0,1529.0,1529.0,1529.0,300,0.0,0.0
2024-10-09 13:26:00+09:00,1528.0,1528.0,1528.0,1528.0,100,0.0,0.0
2024-10-09 13:27:00+09:00,1529.0,1529.0,1529.0,1529.0,100,0.0,0.0
2024-10-09 13:28:00+09:00,1529.0,1530.0,1529.0,1530.0,1100,0.0,0.0
2024-10-09 13:29:00+09:00,1530.0,1530.0,1530.0,1530.0,600,0.0,0.0
2024-10-09 13:31:00+09:00,1529.0,1529.0,1529.0,1529.0,100,0.0,0.0
2024-10-09 13:32:00+09:00,1530.0,1530.0,1529.0,1529.0,1100,0.0,0.0
2024-10-09 13:33:00+09:00,1528.0,1528.0,1528.0,1528.0,100,0.0,0.0
2024-10-09 13:35:00+09:00,1528.0,1528.0,1528.0,1528.0,100,0.0,0.0
2024-10-09 13:37:00+09:00,1528.0,1528.0,1528.0,1528.0,600,0.0,0.0
2024-10-09 13:39:00+09:00,1527.0,1527.0,1527.0,1527.0,100,0.0,0.0
2024-10-09 13:41:00+09:00,1527.0,1527.0,1526.0,1527.0,1900,0.0,0.0
2024-10-09 13:43:00+09:00,1528.0,1528.0,1527.0,1527.0,700,0.0,0.0
2024-10-09 13:45:00+09:00,1526.0,1526.0,1526.0,1526.0,100,0.0,0.0
2024-10-09 13:46:00+09:00,1528.0,1528.0,1527.0,1527.0,500,0.0,0.0
2024-10-09 13:47:00+09:00,1527.0,1527.0,1527.0,1527.0,100,0.0,0.0
2024-10-09 13:49:00+09:00,1527.0,1527.0,1527.0,1527.0,100,0.0,0.0
2024-10-09 13:51:00+09:00,1526.0,1526.0,1526.0,1526.0,100,0.0,0.0
2024-10-09 13:53:00+09:00,1526.0,1526.0,1526.0,1526.0,100,0.0,0.0
2024-10-09 13:54:00+09:00,1526.0,1526.0,1526.0,1526.0,100,0.0,0.0
2024-10-09 13:55:00+09:00,1527.0,1527.0,1527.0,1527.0,900,0.0,0.0
2024-10-09 13:58:00+09:00,1527.0,1527.0,1527.0,1527.0,100,0.0,0.0
2024-10-09 13:59:00+09:00,1528.0,1528.0,1528.0,1528.0,600,0.0,0.0
2024-10-09 14:02:00+09:00,1528.0,1528.0,1528.0,1528.0,100,0.0,0.0
2024-10-09 14:04:00+09:00,1528.0,1529.0,1528.0,1529.0,800,0.0,0.0
2024-10-09 14:05:00+09:00,1530.0,1530.0,1530.0,1530.0,1000,0.0,0.0
2024-10-09 14:07:00+09:00,1530.0,1530.0,1529.0,1529.0,1300,0.0,0.0
2024-10-09 14:09:00+09:00,1529.0,1529.0,1529.0,1529.0,100,0.0,0.0
2024-10-09 14:10:00+09:00,1530.0,1530.0,1530.0,1530.0,200,0.0,0.0
2024-10-09 14:11:00+09:00,1528.0,1528.0,1528.0,1528.0,400,0.0,0.0
2024-10-09 14:13:00+09:00,1528.0,1528.0,1527.0,1527.0,200,0.0,0.0
2024-10-09 14:14:00+09:00,1527.0,1527.0,1526.0,1526.0,300,0.0,0.0
2024-10-09 14:16:00+09:00,1527.0,1528.0,1527.0,1528.0,1300,0.0,0.0
2024-10-09 14:17:00+09:00,1529.0,1529.0,1529.0,1529.0,400,0.0,0.0
2024-10-09 14:20:00+09:00,1527.0,1527.0,1527.0,1527.0,100,0.0,0.0
2024-10-09 14:23:00+09:00,1528.0,1528.0,1528.0,1528.0,100,0.0,0.0
2024-10-09 14:25:00+09:00,1528.0,1528.0,1528.0,1528.0,300,0.0,0.0
2024-10-09 14:26:00+09:00,1527.0,1527.0,1527.0,1527.0,100,0.0,0.0
2024-10-09 14:28:00+09:00,1528.0,1528.0,1527.0,1527.0,300,0.0,0.0
2024-10-09 14:30:00+09:00,1527.0,1527.0,1527.0,1527.0,100,0.0,0.0
2024-10-09 14:31:00+09:00,1527.0,1527.0,1527.0,1527.0,1400,0.0,0.0
2024-10-09 14:32:00+09:00,1527.0,1527.0,1527.0,1527.0,100,0.0,0.0
2024-10-09 14:33:00+09:00,1528.0,1528.0,1528.0,1528.0,1100,0.0,0.0
2024-10-09 14:34:00+09:00,1529.0,1529.0,1529.0,1529.0,1400,0.0,0.0
2024-10-09 14:35:00+09:00,1530.0,1531.0,1530.0,1531.0,1700,0.0,0.0
2024-10-09 14:36:00+09:00,1532.0,1532.0,1532.0,1532.0,100,0.0,0.0
2024-10-09 14:37:00+09:00,1532.0,1533.0,1532.0,1533.0,1000,0.0,0.0
2024-10-09 14:38:00+09:00,1533.0,1533.0,1533.0,1533.0,200,0.0,0.0
2024-10-09 14:40:00+09:00,1534.0,1534.0,1534.0,1534.0,300,0.0,0.0
2024-10-09 14:42:00+09:00,1533.0,1534.0,1533.0,1534.0,200,0.0,0.0
2024-10-09 14:43:00+09:00,1533.0,1533.0,1533.0,1533.0,1200,0.0,0.0
2024-10-09 14:44:00+09:00,1532.0,1534.0,1532.0,1533.0,1900,0.0,0.0
2024-10-09 14:45:00+09:00,1534.0,1534.0,1533.0,1533.0,300,0.0,0.0
2024-10-09 14:46:00+09:00,1533.0,1533.0,1533.0,1533.0,100,0.0,0.0
2024-10-09 14:47:00+09:00,1533.0,1535.0,1533.0,1535.0,1000,0.0,0.0
2024-10-09 14:48:00+09:00,1536.0,1536.0,1535.0,1535.0,200,0.0,0.0
2024-10-09 14:49:00+09:00,1534.0,1534.0,1534.0,1534.0,100,0.0,0.0
2024-10-09 14:50:00+09:00,1534.0,1534.0,1534.0,1534.0,200,0.0,0.0
2024-10-09 14:51:00+09:00,1534.0,1536.0,1534.0,1536.0,1800,0.0,0.0
2024-10-09 14:52:00+09:00,1537.0,1538.0,1537.0,1538.0,500,0.0,0.0
2024-10-09 14:53:00+09:00,1537.0,1538.0,1537.0,1537.0,3500,0.0,0.0
2024-10-09 14:54:00+09:00,1538.0,1538.0,1537.0,1537.0,400,0.0,0.0
2024-10-09 14:55:00+09:00,1538.0,1539.0,1538.0,1539.0,300,0.0,0.0
2024-10-09 14:56:00+09:00,1538.0,1539.0,1538.0,1539.0,1100,0.0,0.0
2024-10-09 14:57:00+09:00,1539.0,1539.0,1539.0,1539.0,1200,0.0,0.0
2024-10-09 14:58:00+09:00,1538.0,1539.0,1538.0,1539.0,400,0.0,0.0
2024-10-09 14:59:00+09:00,1538.0,1539.0,1534.0,1536.0,1400,0.0,0.0
2024-10-10 09:00:00+09:00,1547.0,1547.0,1539.0,1540.0,12200,0.0,0.0
2024-10-10 09:01:00+09:00,1541.0,1541.0,1535.0,1535.0,900,0.0,0.0
2024-10-10 09:04:00+09:00,1537.0,1537.0,1535.0,1535.0,700,0.0,0.0
2024-10-10 09:05:00+09:00,1533.0,1536.0,1533.0,1536.0,2400,0.0,0.0
2024-10-10 09:06:00+09:00,1536.0,1537.0,1536.0,1537.0,200,0.0,0.0
2024-10-10 09:08:00+09:00,1534.0,1534.0,1532.0,1532.0,1100,0.0,0.0
2024-10-10 09:09:00+09:00,1531.0,1531.0,1530.0,1530.0,400,0.0,0.0
2024-10-10 09:10:00+09:00,1526.0,1526.0,1525.0,1525.0,700,0.0,0.0
2024-10-10 09:12:00+09:00,1527.0,1530.0,1526.0,1530.0,1700,0.0,0.0
2024-10-10 09:14:00+09:00,1530.0,1530.0,1530.0,1530.0,500,0.0,0.0
2024-10-10 09:15:00+09:00,1531.0,1531.0,1531.0,1531.0,300,0.0,0.0
2024-10-10 09:16:00+09:00,1529.0,1529.0,1529.0,1529.0,100,0.0,0.0
2024-10-10 09:17:00+09:00,1530.0,1530.0,1530.0,1530.0,100,0.0,0.0
2024-10-10 09:18:00+09:00,1531.0,1531.0,1531.0,1531.0,200,0.0,0.0
2024-10-10 09:20:00+09:00,1530.0,1530.0,1530.0,1530.0,300,0.0,0.0
2024-10-10 09:22:00+09:00,1530.0,1530.0,1528.0,1528.0,1100,0.0,0.0
2024-10-10 09:23:00+09:00,1528.0,1528.0,1528.0,1528.0,100,0.0,0.0
2024-10-10 09:24:00+09:00,1527.0,1527.0,1526.0,1526.0,2300,0.0,0.0
2024-10-10 09:25:00+09:00,1525.0,1525.0,1525.0,1525.0,100,0.0,0.0
2024-10-10 09:26:00+09:00,1526.0,1527.0,1526.0,1527.0,900,0.0,0.0
2024-10-10 09:27:00+09:00,1526.0,1526.0,1526.0,1526.0,100,0.0,0.0
2024-10-10 09:28:00+09:00,1526.0,1526.0,1526.0,1526.0,300,0.0,0.0
2024-10-10 09:29:00+09:00,1527.0,1527.0,1527.0,1527.0,400,0.0,0.0
2024-10-10 09:33:00+09:00,1527.0,1527.0,1527.0,1527.0,500,0.0,0.0
2024-10-10 09:34:00+09:00,1527.0,1527.0,1527.0,1527.0,100,0.0,0.0
2024-10-10 09:35:00+09:00,1526.0,1526.0,1524.0,1524.0,600,0.0,0.0
2024-10-10 09:36:00+09:00,1524.0,1524.0,1524.0,1524.0,200,0.0,0.0
2024-10-10 09:37:00+09:00,1523.0,1523.0,1523.0,1523.0,100,0.0,0.0
2024-10-10 09:38:00+09:00,1523.0,1523.0,1523.0,1523.0,200,0.0,0.0
2024-10-10 09:39:00+09:00,1522.0,1523.0,1522.0,1523.0,700,0.0,0.0
2024-10-10 09:40:00+09:00,1522.0,1522.0,1521.0,1521.0,300,0.0,0.0
2024-10-10 09:41:00+09:00,1521.0,1521.0,1521.0,1521.0,200,0.0,0.0
2024-10-10 09:45:00+09:00,1521.0,1521.0,1521.0,1521.0,200,0.0,0.0
2024-10-10 09:46:00+09:00,1520.0,1521.0,1519.0,1520.0,2200,0.0,0.0
2024-10-10 09:47:00+09:00,1519.0,1520.0,1518.0,1520.0,400,0.0,0.0
2024-10-10 09:49:00+09:00,1519.0,1519.0,1519.0,1519.0,100,0.0,0.0
2024-10-10 09:50:00+09:00,1519.0,1521.0,1519.0,1521.0,2000,0.0,0.0
2024-10-10 09:53:00+09:00,1521.0,1521.0,1520.0,1520.0,500,0.0,0.0
2024-10-10 09:55:00+09:00,1520.0,1520.0,1520.0,1520.0,200,0.0,0.0
2024-10-10 09:56:00+09:00,1520.0,1520.0,1519.0,1519.0,1100,0.0,0.0
2024-10-10 09:59:00+09:00,1520.0,1521.0,1520.0,1521.0,3000,0.0,0.0
2024-10-10 10:01:00+09:00,1520.0,1520.0,1520.0,1520.0,100,0.0,0.0
2024-10-10 10:02:00+09:00,1521.0,1521.0,1521.0,1521.0,500,0.0,0.0
2024-10-10 10:03:00+09:00,1522.0,1522.0,1522.0,1522.0,400,0.0,0.0
2024-10-10 10:04:00+09:00,1522.0,1522.0,1522.0,1522.0,200,0.0,0.0
2024-10-10 10:05:00+09:00,1522.0,1522.0,1522.0,1522.0,100,0.0,0.0
2024-10-10 10:06:00+09:00,1521.0,1521.0,1521.0,1521.0,200,0.0,0.0
2024-10-10 10:07:00+09:00,1521.0,1521.0,1521.0,1521.0,600,0.0,0.0
2024-10-10 10:08:00+09:00,1522.0,1522.0,1522.0,1522.0,100,0.0,0.0
2024-10-10 10:09:00+09:00,1522.0,1522.0,1522.0,1522.0,200,0.0,0.0
2024-10-10 10:11:00+09:00,1521.0,1521.0,1521.0,1521.0,400,0.0,0.0
2024-10-10 10:12:00+09:00,1522.0,1522.0,1522.0,1522.0,100,0.0,0.0
2024-10-10 10:14:00+09:00,1519.0,1519.0,1519.0,1519.0,100,0.0,0.0
2024-10-10 10:17:00+09:00,1519.0,1519.0,1519.0,1519.0,100,0.0,0.0
2024-10-10 10:19:00+09:00,1519.0,1519.0,1519.0,1519.0,100,0.0,0.0
2024-10-10 10:20:00+09:00,1520.0,1520.0,1520.0,1520.0,500,0.0,0.0
2024-10-10 10:22:00+09:00,1521.0,1521.0,1521.0,1521.0,200,0.0,0.0
2024-10-10 10:25:00+09:00,1520.0,1520.0,1520.0,1520.0,200,0.0,0.0
2024-10-10 10:27:00+09:00,1520.0,1520.0,1520.0,1520.0,100,0.0,0.0
2024-10-10 10:28:00+09:00,1521.0,1521.0,1521.0,1521.0,400,0.0,0.0
2024-10-10 10:30:00+09:00,1522.0,1522.0,1522.0,1522.0,200,0.0,0.0
2024-10-10 10:33:00+09:00,1522.0,1522.0,1522.0,1522.0,100,0.0,0.0
2024-10-10 10:34:00+09:00,1522.0,1522.0,1522.0,1522.0,600,0.0,0.0
2024-10-10 10:35:00+09:00,1522.0,1522.0,1520.0,1520.0,900,0.0,0.0
2024-10-10 10:36:00+09:00,1519.0,1519.0,1519.0,1519.0,200,0.0,0.0
2024-10-10 10:37:00+09:00,1519.0,1519.0,1519.0,1519.0,100,0.0,0.0
2024-10-10 10:38:00+09:00,1519.0,1519.0,1519.0,1519.0,100,0.0,0.0
2024-10-10 10:41:00+09:00,1520.0,1520.0,1520.0,1520.0,1100,0.0,0.0
2024-10-10 10:42:00+09:00,1520.0,1520.0,1520.0,1520.0,200,0.0,0.0
2024-10-10 10:45:00+09:00,1519.0,1519.0,1519.0,1519.0,400,0.0,0.0
2024-10-10 10:47:00+09:00,1518.0,1518.0,1517.0,1517.0,1000,0.0,0.0
2024-10-10 10:48:00+09:00,1517.0,1517.0,1517.0,1517.0,300,0.0,0.0
2024-10-10 10:49:00+09:00,1517.0,1517.0,1517.0,1517.0,900,0.0,0.0
2024-10-10 10:51:00+09:00,1518.0,1518.0,1518.0,1518.0,500,0.0,0.0
2024-10-10 10:55:00+09:00,1518.0,1518.0,1518.0,1518.0,100,0.0,0.0
2024-10-10 10:57:00+09:00,1517.0,1517.0,1516.0,1516.0,800,0.0,0.0
2024-10-10 10:59:00+09:00,1515.0,1515.0,1515.0,1515.0,600,0.0,0.0
2024-10-10 11:00:00+09:00,1516.0,1517.0,1516.0,1517.0,1400,0.0,0.0
2024-10-10 11:05:00+09:00,1517.0,1517.0,1517.0,1517.0,100,0.0,0.0
2024-10-10 11:09:00+09:00,1516.0,1516.0,1516.0,1516.0,400,0.0,0.0
2024-10-10 11:10:00+09:00,1516.0,1516.0,1516.0,1516.0,100,0.0,0.0
2024-10-10 11:12:00+09:00,1515.0,1515.0,1515.0,1515.0,400,0.0,0.0
2024-10-10 11:14:00+09:00,1515.0,1515.0,1515.0,1515.0,200,0.0,0.0
2024-10-10 11:16:00+09:00,1516.0,1516.0,1516.0,1516.0,600,0.0,0.0
2024-10-10 11:17:00+09:00,1517.0,1517.0,1517.0,1517.0,700,0.0,0.0
2024-10-10 11:18:00+09:00,1518.0,1518.0,1518.0,1518.0,100,0.0,0.0
2024-10-10 11:20:00+09:00,1518.0,1518.0,1518.0,1518.0,300,0.0,0.0
2024-10-10 11:21:00+09:00,1519.0,1520.0,1519.0,1520.0,800,0.0,0.0
2024-10-10 11:28:00+09:00,1519.0,1520.0,1519.0,1520.0,600,0.0,0.0
2024-10-10 11:29:00+09:00,1519.0,1519.0,1519.0,1519.0,400,0.0,0.0
2024-10-10 11:30:00+09:00,1518.0,1518.0,1518.0,1518.0,1100,0.0,0.0
2024-10-10 11:35:00+09:00,1518.0,1518.0,1518.0,1518.0,0,0.0,0.0
2024-10-10 12:30:00+09:00,1524.0,1524.0,1524.0,1524.0,65600,0.0,0.0
2024-10-10 12:31:00+09:00,1522.0,1522.0,1520.0,1521.0,1200,0.0,0.0
2024-10-10 12:32:00+09:00,1522.0,1522.0,1522.0,1522.0,100,0.0,0.0
2024-10-10 12:35:00+09:00,1521.0,1522.0,1521.0,1522.0,600,0.0,0.0
2024-10-10 12:36:00+09:00,1523.0,1523.0,1522.0,1522.0,600,0.0,0.0
2024-10-10 12:39:00+09:00,1521.0,1521.0,1521.0,1521.0,300,0.0,0.0
2024-10-10 12:40:00+09:00,1521.0,1521.0,1521.0,1521.0,400,0.0,0.0
2024-10-10 12:52:00+09:00,1521.0,1521.0,1521.0,1521.0,100,0.0,0.0
2024-10-10 12:53:00+09:00,1521.0,1521.0,1521.0,1521.0,200,0.0,0.0
2024-10-10 12:57:00+09:00,1520.0,1520.0,1520.0,1520.0,800,0.0,0.0
2024-10-10 13:03:00+09:00,1522.0,1523.0,1522.0,1523.0,1300,0.0,0.0
2024-10-10 13:04:00+09:00,1523.0,1524.0,1523.0,1524.0,1600,0.0,0.0
2024-10-10 13:06:00+09:00,1523.0,1523.0,1522.0,1523.0,900,0.0,0.0
2024-10-10 13:10:00+09:00,1523.0,1523.0,1522.0,1522.0,600,0.0,0.0
2024-10-10 13:11:00+09:00,1524.0,1524.0,1524.0,1524.0,200,0.0,0.0
2024-10-10 13:14:00+09:00,1524.0,1524.0,1524.0,1524.0,100,0.0,0.0
2024-10-10 13:15:00+09:00,1525.0,1525.0,1524.0,1524.0,300,0.0,0.0
2024-10-10 13:16:00+09:00,1525.0,1525.0,1525.0,1525.0,300,0.0,0.0
2024-10-10 13:18:00+09:00,1525.0,1525.0,1525.0,1525.0,200,0.0,0.0
2024-10-10 13:19:00+09:00,1525.0,1525.0,1525.0,1525.0,100,0.0,0.0
2024-10-10 13:21:00+09:00,1526.0,1526.0,1526.0,1526.0,100,0.0,0.0
2024-10-10 13:22:00+09:00,1526.0,1526.0,1526.0,1526.0,400,0.0,0.0
2024-10-10 13:23:00+09:00,1527.0,1528.0,1527.0,1528.0,800,0.0,0.0
2024-10-10 13:26:00+09:00,1528.0,1528.0,1528.0,1528.0,400,0.0,0.0
2024-10-10 13:31:00+09:00,1528.0,1528.0,1528.0,1528.0,400,0.0,0.0
2024-10-10 13:32:00+09:00,1528.0,1528.0,1526.0,1526.0,1100,0.0,0.0
2024-10-10 13:36:00+09:00,1526.0,1526.0,1526.0,1526.0,100,0.0,0.0
2024-10-10 13:38:00+09:00,1526.0,1526.0,1526.0,1526.0,100,0.0,0.0
2024-10-10 13:43:00+09:00,1527.0,1527.0,1526.0,1526.0,200,0.0,0.0
2024-10-10 13:45:00+09:00,1526.0,1526.0,1526.0,1526.0,400,0.0,0.0
2024-10-10 13:47:00+09:00,1526.0,1526.0,1526.0,1526.0,100,0.0,0.0
2024-10-10 13:50:00+09:00,1526.0,1527.0,1526.0,1527.0,700,0.0,0.0
2024-10-10 13:51:00+09:00,1526.0,1526.0,1526.0,1526.0,400,0.0,0.0
2024-10-10 13:52:00+09:00,1525.0,1525.0,1524.0,1524.0,600,0.0,0.0
2024-10-10 14:00:00+09:00,1525.0,1525.0,1525.0,1525.0,700,0.0,0.0
2024-10-10 14:01:00+09:00,1525.0,1526.0,1525.0,1526.0,1100,0.0,0.0
2024-10-10 14:02:00+09:00,1527.0,1527.0,1527.0,1527.0,100,0.0,0.0
2024-10-10 14:05:00+09:00,1527.0,1527.0,1526.0,1526.0,400,0.0,0.0
2024-10-10 14:07:00+09:00,1526.0,1526.0,1526.0,1526.0,400,0.0,0.0
2024-10-10 14:09:00+09:00,1525.0,1526.0,1525.0,1526.0,200,0.0,0.0
2024-10-10 14:12:00+09:00,1526.0,1526.0,1526.0,1526.0,100,0.0,0.0
2024-10-10 14:14:00+09:00,1525.0,1525.0,1525.0,1525.0,700,0.0,0.0
2024-10-10 14:15:00+09:00,1525.0,1525.0,1525.0,1525.0,300,0.0,0.0
2024-10-10 14:18:00+09:00,1525.0,1525.0,1525.0,1525.0,100,0.0,0.0
2024-10-10 14:20:00+09:00,1525.0,1525.0,1525.0,1525.0,200,0.0,0.0
2024-10-10 14:23:00+09:00,1524.0,1524.0,1524.0,1524.0,100,0.0,0.0
2024-10-10 14:26:00+09:00,1524.0,1524.0,1524.0,1524.0,100,0.0,0.0
2024-10-10 14:27:00+09:00,1524.0,1524.0,1524.0,1524.0,800,0.0,0.0
2024-10-10 14:29:00+09:00,1523.0,1524.0,1523.0,1524.0,1200,0.0,0.0
2024-10-10 14:31:00+09:00,1525.0,1526.0,1525.0,1526.0,2000,0.0,0.0
2024-10-10 14:33:00+09:00,1527.0,1527.0,1527.0,1527.0,200,0.0,0.0
2024-10-10 14:36:00+09:00,1528.0,1528.0,1528.0,1528.0,600,0.0,0.0
2024-10-10 14:37:00+09:00,1528.0,1528.0,1528.0,1528.0,200,0.0,0.0
2024-10-10 14:38:00+09:00,1528.0,1529.0,1528.0,1529.0,300,0.0,0.0
2024-10-10 14:39:00+09:00,1528.0,1528.0,1528.0,1528.0,100,0.0,0.0
2024-10-10 14:40:00+09:00,1528.0,1528.0,1527.0,1527.0,800,0.0,0.0
2024-10-10 14:42:00+09:00,1527.0,1527.0,1527.0,1527.0,300,0.0,0.0
2024-10-10 14:43:00+09:00,1527.0,1527.0,1527.0,1527.0,100,0.0,0.0
2024-10-10 14:45:00+09:00,1528.0,1529.0,1528.0,1529.0,800,0.0,0.0
2024-10-10 14:46:00+09:00,1529.0,1530.0,1529.0,1530.0,800,0.0,0.0
2024-10-10 14:49:00+09:00,1530.0,1530.0,1529.0,1529.0,600,0.0,0.0
2024-10-10 14:50:00+09:00,1528.0,1528.0,1526.0,1526.0,400,0.0,0.0
2024-10-10 14:51:00+09:00,1526.0,1526.0,1526.0,1526.0,100,0.0,0.0
2024-10-10 14:52:00+09:00,1527.0,1529.0,1527.0,1529.0,600,0.0,0.0
2024-10-10 14:53:00+09:00,1530.0,1530.0,1528.0,1528.0,300,0.0,0.0
2024-10-10 14:54:00+09:00,1528.0,1530.0,1528.0,1529.0,2000,0.0,0.0
2024-10-10 14:55:00+09:00,1529.0,1529.0,1528.0,1528.0,900,0.0,0.0
2024-10-10 14:56:00+09:00,1528.0,1529.0,1528.0,1529.0,300,0.0,0.0
2024-10-10 14:57:00+09:00,1529.0,1530.0,1529.0,1529.0,1000,0.0,0.0
2024-10-10 14:58:00+09:00,1530.0,1530.0,1530.0,1530.0,300,0.0,0.0
2024-10-10 14:59:00+09:00,1530.0,1531.0,1530.0,1531.0,1800,0.0,0.0
2024-10-11 09:00:00+09:00,1521.0,1523.0,1515.0,1516.0,9600,0.0,0.0
2024-10-11 09:01:00+09:00,1513.0,1515.0,1513.0,1515.0,700,0.0,0.0
2024-10-11 09:02:00+09:00,1516.0,1517.0,1516.0,1517.0,500,0.0,0.0
2024-10-11 09:03:00+09:00,1518.0,1519.0,1518.0,1519.0,900,0.0,0.0
2024-10-11 09:04:00+09:00,1519.0,1519.0,1518.0,1519.0,300,0.0,0.0
2024-10-11 09:06:00+09:00,1519.0,1521.0,1519.0,1520.0,700,0.0,0.0
2024-10-11 09:07:00+09:00,1521.0,1524.0,1521.0,1524.0,800,0.0,0.0
2024-10-11 09:08:00+09:00,1525.0,1525.0,1523.0,1523.0,1200,0.0,0.0
2024-10-11 09:09:00+09:00,1523.0,1523.0,1523.0,1523.0,200,0.0,0.0
2024-10-11 09:10:00+09:00,1523.0,1523.0,1523.0,1523.0,100,0.0,0.0
2024-10-11 09:12:00+09:00,1520.0,1523.0,1512.0,1517.0,15100,0.0,0.0
2024-10-11 09:13:00+09:00,1517.0,1518.0,1517.0,1518.0,1300,0.0,0.0
2024-10-11 09:14:00+09:00,1516.0,1517.0,1516.0,1517.0,600,0.0,0.0
2024-10-11 09:16:00+09:00,1517.0,1517.0,1514.0,1514.0,1200,0.0,0.0
2024-10-11 09:18:00+09:00,1514.0,1514.0,1514.0,1514.0,100,0.0,0.0
2024-10-11 09:19:00+09:00,1514.0,1514.0,1514.0,1514.0,500,0.0,0.0
2024-10-11 09:20:00+09:00,1513.0,1514.0,1513.0,1514.0,500,0.0,0.0
2024-10-11 09:21:00+09:00,1515.0,1515.0,1515.0,1515.0,300,0.0,0.0
2024-10-11 09:24:00+09:00,1513.0,1514.0,1513.0,1514.0,400,0.0,0.0
2024-10-11 09:26:00+09:00,1512.0,1512.0,1512.0,1512.0,200,0.0,0.0
2024-10-11 09:27:00+09:00,1512.0,1512.0,1511.0,1511.0,600,0.0,0.0
2024-10-11 09:28:00+09:00,1511.0,1511.0,1511.0,1511.0,400,0.0,0.0
2024-10-11 09:29:00+09:00,1511.0,1511.0,1511.0,1511.0,300,0.0,0.0
2024-10-11 09:30:00+09:00,1511.0,1514.0,1511.0,1514.0,1600,0.0,0.0
2024-10-11 09:32:00+09:00,1513.0,1513.0,1512.0,1512.0,600,0.0,0.0
2024-10-11 09:33:00+09:00,1512.0,1513.0,1512.0,1513.0,600,0.0,0.0
2024-10-11 09:34:00+09:00,1516.0,1516.0,1516.0,1516.0,100,0.0,0.0
2024-10-11 09:37:00+09:00,1516.0,1516.0,1516.0,1516.0,300,0.0,0.0
2024-10-11 09:39:00+09:00,1516.0,1518.0,1516.0,1518.0,600,0.0,0.0
2024-10-11 09:40:00+09:00,1518.0,1519.0,1518.0,1519.0,3300,0.0,0.0
2024-10-11 09:41:00+09:00,1519.0,1519.0,1519.0,1519.0,300,0.0,0.0
2024-10-11 09:42:00+09:00,1518.0,1518.0,1518.0,1518.0,200,0.0,0.0
2024-10-11 09:43:00+09:00,1517.0,1517.0,1517.0,1517.0,200,0.0,0.0
2024-10-11 09:44:00+09:00,1518.0,1518.0,1518.0,1518.0,500,0.0,0.0
2024-10-11 09:46:00+09:00,1516.0,1517.0,1516.0,1517.0,300,0.0,0.0
2024-10-11 09:49:00+09:00,1518.0,1520.0,1518.0,1520.0,600,0.0,0.0
2024-10-11 09:51:00+09:00,1520.0,1520.0,1520.0,1520.0,600,0.0,0.0
2024-10-11 09:53:00+09:00,1520.0,1521.0,1520.0,1520.0,600,0.0,0.0
2024-10-11 09:55:00+09:00,1519.0,1519.0,1518.0,1518.0,400,0.0,0.0
2024-10-11 09:58:00+09:00,1517.0,1519.0,1517.0,1519.0,700,0.0,0.0
2024-10-11 09:59:00+09:00,1520.0,1520.0,1520.0,1520.0,300,0.0,0.0
2024-10-11 10:04:00+09:00,1518.0,1518.0,1518.0,1518.0,200,0.0,0.0
2024-10-11 10:05:00+09:00,1518.0,1518.0,1518.0,1518.0,100,0.0,0.0
2024-10-11 10:07:00+09:00,1517.0,1517.0,1517.0,1517.0,200,0.0,0.0
2024-10-11 10:08:00+09:00,1516.0,1516.0,1516.0,1516.0,400,0.0,0.0
2024-10-11 10:09:00+09:00,1517.0,1518.0,1517.0,1518.0,700,0.0,0.0
2024-10-11 10:13:00+09:00,1516.0,1517.0,1516.0,1517.0,700,0.0,0.0
2024-10-11 10:15:00+09:00,1518.0,1518.0,1518.0,1518.0,700,0.0,0.0
2024-10-11 10:16:00+09:00,1519.0,1519.0,1519.0,1519.0,200,0.0,0.0
2024-10-11 10:19:00+09:00,1519.0,1519.0,1519.0,1519.0,900,0.0,0.0
2024-10-11 10:21:00+09:00,1519.0,1519.0,1519.0,1519.0,100,0.0,0.0
2024-10-11 10:23:00+09:00,1520.0,1520.0,1520.0,1520.0,400,0.0,0.0
2024-10-11 10:27:00+09:00,1520.0,1520.0,1520.0,1520.0,400,0.0,0.0
2024-10-11 10:29:00+09:00,1520.0,1521.0,1520.0,1520.0,800,0.0,0.0
2024-10-11 10:31:00+09:00,1520.0,1520.0,1520.0,1520.0,100,0.0,0.0
2024-10-11 10:33:00+09:00,1520.0,1520.0,1520.0,1520.0,300,0.0,0.0
2024-10-11 10:35:00+09:00,1520.0,1520.0,1520.0,1520.0,200,0.0,0.0
2024-10-11 10:36:00+09:00,1519.0,1519.0,1518.0,1518.0,1200,0.0,0.0
2024-10-11 10:37:00+09:00,1518.0,1520.0,1518.0,1520.0,700,0.0,0.0
2024-10-11 10:40:00+09:00,1519.0,1519.0,1519.0,1519.0,100,0.0,0.0
2024-10-11 10:41:00+09:00,1520.0,1520.0,1520.0,1520.0,400,0.0,0.0
2024-10-11 10:43:00+09:00,1521.0,1521.0,1521.0,1521.0,700,0.0,0.0
2024-10-11 10:45:00+09:00,1521.0,1522.0,1521.0,1522.0,600,0.0,0.0
2024-10-11 10:49:00+09:00,1522.0,1522.0,1522.0,1522.0,100,0.0,0.0
2024-10-11 10:50:00+09:00,1521.0,1521.0,1521.0,1521.0,300,0.0,0.0
2024-10-11 10:52:00+09:00,1521.0,1521.0,1520.0,1521.0,800,0.0,0.0
2024-10-11 10:53:00+09:00,1522.0,1522.0,1522.0,1522.0,200,0.0,0.0
2024-10-11 10:57:00+09:00,1522.0,1522.0,1522.0,1522.0,200,0.0,0.0
2024-10-11 11:01:00+09:00,1521.0,1521.0,1521.0,1521.0,500,0.0,0.0
2024-10-11 11:02:00+09:00,1520.0,1520.0,1520.0,1520.0,100,0.0,0.0
2024-10-11 11:04:00+09:00,1520.0,1520.0,1520.0,1520.0,300,0.0,0.0
2024-10-11 11:05:00+09:00,1520.0,1520.0,1520.0,1520.0,100,0.0,0.0
2024-10-11 11:06:00+09:00,1519.0,1519.0,1519.0,1519.0,200,0.0,0.0
2024-10-11 11:07:00+09:00,1520.0,1520.0,1520.0,1520.0,600,0.0,0.0
2024-10-11 11:08:00+09:00,1521.0,1521.0,1521.0,1521.0,100,0.0,0.0
2024-10-11 11:09:00+09:00,1520.0,1520.0,1520.0,1520.0,100,0.0,0.0
2024-10-11 11:10:00+09:00,1520.0,1520.0,1519.0,1519.0,500,0.0,0.0
2024-10-11 11:12:00+09:00,1518.0,1518.0,1518.0,1518.0,300,0.0,0.0
2024-10-11 11:13:00+09:00,1518.0,1518.0,1518.0,1518.0,100,0.0,0.0
2024-10-11 11:16:00+09:00,1517.0,1517.0,1517.0,1517.0,600,0.0,0.0
2024-10-11 11:19:00+09:00,1517.0,1517.0,1517.0,1517.0,100,0.0,0.0
2024-10-11 11:21:00+09:00,1516.0,1516.0,1516.0,1516.0,100,0.0,0.0
2024-10-11 11:22:00+09:00,1516.0,1516.0,1516.0,1516.0,200,0.0,0.0
2024-10-11 11:23:00+09:00,1516.0,1516.0,1516.0,1516.0,100,0.0,0.0
2024-10-11 11:24:00+09:00,1516.0,1516.0,1516.0,1516.0,100,0.0,0.0
2024-10-11 11:25:00+09:00,1516.0,1516.0,1516.0,1516.0,600,0.0,0.0
2024-10-11 11:27:00+09:00,1516.0,1516.0,1516.0,1516.0,100,0.0,0.0
2024-10-11 11:29:00+09:00,1515.0,1515.0,1515.0,1515.0,200,0.0,0.0
2024-10-11 11:30:00+09:00,1515.0,1515.0,1515.0,1515.0,100,0.0,0.0
2024-10-11 11:35:00+09:00,1515.0,1515.0,1515.0,1515.0,0,0.0,0.0
2024-10-11 12:30:00+09:00,1511.0,1517.0,1511.0,1517.0,70700,0.0,0.0
2024-10-11 12:31:00+09:00,1518.0,1518.0,1515.0,1515.0,1100,0.0,0.0
2024-10-11 12:32:00+09:00,1514.0,1514.0,1513.0,1513.0,300,0.0,0.0
2024-10-11 12:33:00+09:00,1514.0,1515.0,1514.0,1515.0,900,0.0,0.0
2024-10-11 12:35:00+09:00,1516.0,1517.0,1516.0,1517.0,1900,0.0,0.0
2024-10-11 12:36:00+09:00,1519.0,1519.0,1519.0,1519.0,0,0.0,0.0
2024-10-11 12:38:00+09:00,1518.0,1518.0,1518.0,1518.0,76200,0.0,0.0
2024-10-11 12:40:00+09:00,1519.0,1519.0,1519.0,1519.0,200,0.0,0.0
2024-10-11 12:43:00+09:00,1518.0,1519.0,1518.0,1519.0,1500,0.0,0.0
2024-10-11 12:44:00+09:00,1520.0,1520.0,1520.0,1520.0,200,0.0,0.0
2024-10-11 12:45:00+09:00,1521.0,1521.0,1521.0,1521.0,200,0.0,0.0
2024-10-11 12:46:00+09:00,1520.0,1520.0,1520.0,1520.0,100,0.0,0.0
2024-10-11 12:49:00+09:00,1521.0,1521.0,1521.0,1521.0,100,0.0,0.0
2024-10-11 12:51:00+09:00,1520.0,1520.0,1520.0,1520.0,900,0.0,0.0
2024-10-11 12:52:00+09:00,1521.0,1521.0,1521.0,1521.0,100,0.0,0.0
2024-10-11 12:54:00+09:00,1520.0,1520.0,1520.0,1520.0,200,0.0,0.0
2024-10-11 12:57:00+09:00,1520.0,1520.0,1520.0,1520.0,400,0.0,0.0
2024-10-11 13:00:00+09:00,1520.0,1520.0,1519.0,1519.0,1100,0.0,0.0
2024-10-11 13:02:00+09:00,1518.0,1519.0,1518.0,1519.0,1800,0.0,0.0
2024-10-11 13:03:00+09:00,1520.0,1522.0,1520.0,1520.0,1100,0.0,0.0
2024-10-11 13:05:00+09:00,1519.0,1519.0,1518.0,1518.0,500,0.0,0.0
2024-10-11 13:07:00+09:00,1519.0,1519.0,1519.0,1519.0,300,0.0,0.0
2024-10-11 13:09:00+09:00,1519.0,1519.0,1518.0,1518.0,600,0.0,0.0
2024-10-11 13:10:00+09:00,1519.0,1519.0,1519.0,1519.0,100,0.0,0.0
2024-10-11 13:13:00+09:00,1518.0,1518.0,1518.0,1518.0,300,0.0,0.0
2024-10-11 13:15:00+09:00,1518.0,1518.0,1518.0,1518.0,200,0.0,0.0
2024-10-11 13:16:00+09:00,1518.0,1519.0,1518.0,1519.0,1300,0.0,0.0
2024-10-11 13:19:00+09:00,1518.0,1518.0,1518.0,1518.0,300,0.0,0.0
2024-10-11 13:20:00+09:00,1518.0,1518.0,1518.0,1518.0,200,0.0,0.0
2024-10-11 13:22:00+09:00,1518.0,1518.0,1518.0,1518.0,400,0.0,0.0
2024-10-11 13:23:00+09:00,1517.0,1517.0,1517.0,1517.0,400,0.0,0.0
2024-10-11 13:24:00+09:00,1516.0,1516.0,1516.0,1516.0,100,0.0,0.0
2024-10-11 13:25:00+09:00,1516.0,1516.0,1516.0,1516.0,200,0.0,0.0
2024-10-11 13:27:00+09:00,1517.0,1517.0,1517.0,1517.0,800,0.0,0.0
2024-10-11 13:31:00+09:00,1516.0,1516.0,1516.0,1516.0,100,0.0,0.0
2024-10-11 13:32:00+09:00,1516.0,1516.0,1516.0,1516.0,600,0.0,0.0
2024-10-11 13:33:00+09:00,1516.0,1516.0,1516.0,1516.0,100,0.0,0.0
2024-10-11 13:35:00+09:00,1516.0,1516.0,1516.0,1516.0,700,0.0,0.0
2024-10-11 13:38:00+09:00,1517.0,1517.0,1517.0,1517.0,900,0.0,0.0
2024-10-11 13:42:00+09:00,1516.0,1516.0,1516.0,1516.0,1300,0.0,0.0
2024-10-11 13:43:00+09:00,1516.0,1516.0,1516.0,1516.0,400,0.0,0.0
2024-10-11 13:47:00+09:00,1515.0,1515.0,1515.0,1515.0,500,0.0,0.0
2024-10-11 13:48:00+09:00,1516.0,1516.0,1515.0,1515.0,1000,0.0,0.0
2024-10-11 13:49:00+09:00,1516.0,1516.0,1516.0,1516.0,300,0.0,0.0
2024-10-11 13:50:00+09:00,1515.0,1515.0,1515.0,1515.0,100,0.0,0.0
2024-10-11 13:53:00+09:00,1516.0,1516.0,1516.0,1516.0,100,0.0,0.0
2024-10-11 13:54:00+09:00,1516.0,1516.0,1516.0,1516.0,700,0.0,0.0
2024-10-11 13:56:00+09:00,1516.0,1516.0,1516.0,1516.0,100,0.0,0.0
2024-10-11 13:57:00+09:00,1517.0,1517.0,1517.0,1517.0,700,0.0,0.0
2024-10-11 13:59:00+09:00,1517.0,1517.0,1515.0,1515.0,2100,0.0,0.0
2024-10-11 14:00:00+09:00,1515.0,1515.0,1515.0,1515.0,200,0.0,0.0
2024-10-11 14:03:00+09:00,1516.0,1516.0,1516.0,1516.0,700,0.0,0.0
2024-10-11 14:06:00+09:00,1516.0,1516.0,1516.0,1516.0,300,0.0,0.0
2024-10-11 14:07:00+09:00,1516.0,1516.0,1516.0,1516.0,100,0.0,0.0
2024-10-11 14:10:00+09:00,1516.0,1516.0,1516.0,1516.0,400,0.0,0.0
2024-10-11 14:12:00+09:00,1515.0,1515.0,1515.0,1515.0,200,0.0,0.0
2024-10-11 14:13:00+09:00,1515.0,1515.0,1515.0,1515.0,100,0.0,0.0
2024-10-11 14:16:00+09:00,1515.0,1515.0,1514.0,1514.0,300,0.0,0.0
2024-10-11 14:18:00+09:00,1514.0,1514.0,1514.0,1514.0,100,0.0,0.0
2024-10-11 14:19:00+09:00,1514.0,1514.0,1514.0,1514.0,400,0.0,0.0
2024-10-11 14:20:00+09:00,1514.0,1515.0,1514.0,1515.0,1700,0.0,0.0
2024-10-11 14:21:00+09:00,1516.0,1516.0,1516.0,1516.0,400,0.0,0.0
2024-10-11 14:25:00+09:00,1515.0,1515.0,1515.0,1515.0,500,0.0,0.0
2024-10-11 14:27:00+09:00,1515.0,1515.0,1515.0,1515.0,100,0.0,0.0
2024-10-11 14:28:00+09:00,1514.0,1514.0,1514.0,1514.0,500,0.0,0.0
2024-10-11 14:29:00+09:00,1514.0,1514.0,1514.0,1514.0,1300,0.0,0.0
2024-10-11 14:32:00+09:00,1514.0,1514.0,1514.0,1514.0,300,0.0,0.0
2024-10-11 14:34:00+09:00,1514.0,1514.0,1514.0,1514.0,200,0.0,0.0
2024-10-11 14:35:00+09:00,1514.0,1514.0,1514.0,1514.0,200,0.0,0.0
2024-10-11 14:36:00+09:00,1514.0,1514.0,1514.0,1514.0,800,0.0,0.0
2024-10-11 14:37:00+09:00,1515.0,1515.0,1515.0,1515.0,100,0.0,0.0
2024-10-11 14:38:00+09:00,1514.0,1514.0,1514.0,1514.0,200,0.0,0.0
2024-10-11 14:40:00+09:00,1515.0,1515.0,1515.0,1515.0,1100,0.0,0.0
2024-10-11 14:42:00+09:00,1515.0,1515.0,1515.0,1515.0,300,0.0,0.0
2024-10-11 14:43:00+09:00,1514.0,1514.0,1514.0,1514.0,200,0.0,0.0
2024-10-11 14:44:00+09:00,1514.0,1514.0,1513.0,1513.0,1900,0.0,0.0
2024-10-11 14:45:00+09:00,1513.0,1513.0,1513.0,1513.0,1000,0.0,0.0
2024-10-11 14:46:00+09:00,1512.0,1512.0,1512.0,1512.0,100,0.0,0.0
2024-10-11 14:47:00+09:00,1512.0,1512.0,1512.0,1512.0,200,0.0,0.0
2024-10-11 14:48:00+09:00,1512.0,1512.0,1512.0,1512.0,200,0.0,0.0
2024-10-11 14:49:00+09:00,1512.0,1513.0,1512.0,1513.0,1100,0.0,0.0
2024-10-11 14:50:00+09:00,1512.0,1512.0,1512.0,1512.0,2900,0.0,0.0
2024-10-11 14:51:00+09:00,1512.0,1512.0,1512.0,1512.0,200,0.0,0.0
2024-10-11 14:52:00+09:00,1511.0,1511.0,1511.0,1511.0,200,0.0,0.0
2024-10-11 14:53:00+09:00,1511.0,1511.0,1510.0,1510.0,1200,0.0,0.0
2024-10-11 14:54:00+09:00,1510.0,1510.0,1510.0,1510.0,200,0.0,0.0
2024-10-11 14:55:00+09:00,1510.0,1510.0,1510.0,1510.0,200,0.0,0.0
2024-10-11 14:56:00+09:00,1511.0,1511.0,1511.0,1511.0,1700,0.0,0.0
2024-10-11 14:57:00+09:00,1510.0,1510.0,1510.0,1510.0,900,0.0,0.0
2024-10-11 14:58:00+09:00,1510.0,1510.0,1508.0,1508.0,2700,0.0,0.0
2024-10-11 14:59:00+09:00,1508.0,1508.0,1506.0,1507.0,1200,0.0,0.0
