Datetime,Open,High,Low,Close,Volume,Dividends,Stock Splits
2024-07-22 09:33:00-04:00,11.109999656677246,11.210000038146973,11.039999961853027,11.149999618530273,0,0.0,0.0
2024-07-22 09:34:00-04:00,11.140000343322754,11.140000343322754,11.140000343322754,11.140000343322754,1372,0.0,0.0
2024-07-22 09:35:00-04:00,11.180000305175781,11.1899995803833,11.15999984741211,11.15999984741211,1445,0.0,0.0
2024-07-22 09:38:00-04:00,11.1899995803833,11.260000228881836,11.1899995803833,11.239999771118164,2761,0.0,0.0
2024-07-22 09:39:00-04:00,11.199999809265137,11.199999809265137,11.199999809265137,11.199999809265137,1596,0.0,0.0
2024-07-22 09:40:00-04:00,11.229999542236328,11.229999542236328,11.180000305175781,11.180000305175781,1431,0.0,0.0
2024-07-22 09:41:00-04:00,11.130000114440918,11.180000305175781,11.130000114440918,11.130000114440918,2363,0.0,0.0
2024-07-22 09:42:00-04:00,11.109999656677246,11.114999771118164,11.039999961853027,11.039999961853027,1229,0.0,0.0
2024-07-22 09:43:00-04:00,11.15250015258789,11.15250015258789,11.020000457763672,11.020000457763672,1218,0.0,0.0
2024-07-22 09:44:00-04:00,11.0649995803833,11.0649995803833,11.010000228881836,11.050000190734863,583,0.0,0.0
2024-07-22 09:45:00-04:00,11.010000228881836,11.010000228881836,11.010000228881836,11.010000228881836,138,0.0,0.0
2024-07-22 09:46:00-04:00,11.0649995803833,11.0649995803833,10.949999809265137,10.96500015258789,13379,0.0,0.0
2024-07-22 09:47:00-04:00,10.949999809265137,10.954999923706055,10.9399995803833,10.954999923706055,496,0.0,0.0
2024-07-22 09:48:00-04:00,10.9399995803833,10.979999542236328,10.9399995803833,10.954999923706055,680,0.0,0.0
2024-07-22 09:49:00-04:00,10.9399995803833,10.960000038146973,10.9399995803833,10.960000038146973,1335,0.0,0.0
2024-07-22 09:50:00-04:00,10.949999809265137,10.949999809265137,10.9375,10.9375,1978,0.0,0.0
2024-07-22 09:51:00-04:00,10.90999984741211,10.949999809265137,10.90999984741211,10.9399995803833,7035,0.0,0.0
2024-07-22 09:52:00-04:00,10.920000076293945,10.9399995803833,10.920000076293945,10.9399995803833,324,0.0,0.0
2024-07-22 09:53:00-04:00,10.920000076293945,10.9399995803833,10.920000076293945,10.925000190734863,707,0.0,0.0
2024-07-22 09:54:00-04:00,10.925000190734863,10.925000190734863,10.869999885559082,10.885000228881836,9774,0.0,0.0
2024-07-22 09:55:00-04:00,10.880000114440918,10.885000228881836,10.845000267028809,10.845000267028809,7241,0.0,0.0
2024-07-22 09:56:00-04:00,10.819999694824219,10.845000267028809,10.819999694824219,10.845000267028809,309,0.0,0.0
2024-07-22 09:57:00-04:00,10.845000267028809,10.904999732971191,10.84000015258789,10.899999618530273,9475,0.0,0.0
2024-07-22 09:58:00-04:00,10.89799976348877,10.89799976348877,10.859999656677246,10.859999656677246,1577,0.0,0.0
2024-07-22 09:59:00-04:00,10.864999771118164,10.890000343322754,10.864999771118164,10.885000228881836,2073,0.0,0.0
2024-07-22 10:01:00-04:00,10.875,10.920000076293945,10.850000381469727,10.920000076293945,8069,0.0,0.0
2024-07-22 10:02:00-04:00,10.920000076293945,10.930000305175781,10.920000076293945,10.930000305175781,717,0.0,0.0
2024-07-22 10:03:00-04:00,10.9350004196167,10.9350004196167,10.9350004196167,10.9350004196167,428,0.0,0.0
2024-07-22 10:04:00-04:00,10.949999809265137,10.979999542236328,10.9399995803833,10.960000038146973,3408,0.0,0.0
2024-07-22 10:05:00-04:00,10.970000267028809,10.989999771118164,10.970000267028809,10.989999771118164,2628,0.0,0.0
2024-07-22 10:06:00-04:00,10.979999542236328,10.979999542236328,10.930000305175781,10.930000305175781,6166,0.0,0.0
2024-07-22 10:07:00-04:00,10.9350004196167,10.9350004196167,10.9350004196167,10.9350004196167,451,0.0,0.0
2024-07-22 10:08:00-04:00,10.9350004196167,10.9350004196167,10.9350004196167,10.9350004196167,587,0.0,0.0
2024-07-22 10:10:00-04:00,10.9350004196167,10.949999809265137,10.9350004196167,10.944999694824219,829,0.0,0.0
2024-07-22 10:11:00-04:00,10.949999809265137,10.949999809265137,10.949999809265137,10.949999809265137,629,0.0,0.0
2024-07-22 10:12:00-04:00,10.944999694824219,10.944999694824219,10.9399995803833,10.9399995803833,285,0.0,0.0
2024-07-22 10:13:00-04:00,10.930000305175781,10.95989990234375,10.930000305175781,10.944999694824219,1688,0.0,0.0
2024-07-22 10:14:00-04:00,10.944999694824219,10.949999809265137,10.944999694824219,10.949999809265137,836,0.0,0.0
2024-07-22 10:15:00-04:00,10.949999809265137,10.949999809265137,10.944999694824219,10.944999694824219,205,0.0,0.0
2024-07-22 10:16:00-04:00,10.944999694824219,10.960000038146973,10.90999984741211,10.90999984741211,6723,0.0,0.0
2024-07-22 10:17:00-04:00,10.914999961853027,10.914999961853027,10.899999618530273,10.899999618530273,1428,0.0,0.0
2024-07-22 10:18:00-04:00,10.90999984741211,10.90999984741211,10.90999984741211,10.90999984741211,1972,0.0,0.0
2024-07-22 10:19:00-04:00,10.899999618530273,10.899999618530273,10.899999618530273,10.899999618530273,240,0.0,0.0
2024-07-22 10:20:00-04:00,10.90999984741211,10.920000076293945,10.90999984741211,10.914999961853027,6390,0.0,0.0
2024-07-22 10:21:00-04:00,10.914999961853027,10.914999961853027,10.890000343322754,10.890000343322754,9681,0.0,0.0
2024-07-22 10:22:00-04:00,10.880000114440918,10.890000343322754,10.880000114440918,10.890000343322754,1096,0.0,0.0
2024-07-22 10:23:00-04:00,10.880000114440918,10.890000343322754,10.880000114440918,10.890000343322754,1733,0.0,0.0
2024-07-22 10:24:00-04:00,10.899999618530273,10.904999732971191,10.899999618530273,10.904999732971191,3028,0.0,0.0
2024-07-22 10:25:00-04:00,10.90999984741211,10.920000076293945,10.90999984741211,10.920000076293945,3664,0.0,0.0
2024-07-22 10:26:00-04:00,10.920000076293945,10.920000076293945,10.920000076293945,10.920000076293945,497,0.0,0.0
2024-07-22 10:27:00-04:00,10.920000076293945,10.979999542236328,10.920000076293945,10.97249984741211,101787,0.0,0.0
2024-07-22 10:28:00-04:00,10.970000267028809,10.979999542236328,10.970000267028809,10.979999542236328,1701,0.0,0.0
2024-07-22 10:29:00-04:00,10.989999771118164,10.994999885559082,10.989999771118164,10.994999885559082,1458,0.0,0.0
2024-07-22 10:30:00-04:00,10.994999885559082,11.010000228881836,10.994999885559082,11.0,1930,0.0,0.0
2024-07-22 10:31:00-04:00,11.010000228881836,11.039999961853027,11.010000228881836,11.039999961853027,1608,0.0,0.0
2024-07-22 10:32:00-04:00,11.029999732971191,11.029999732971191,11.020000457763672,11.020000457763672,2072,0.0,0.0
2024-07-22 10:33:00-04:00,11.020000457763672,11.029999732971191,11.020000457763672,11.029999732971191,792,0.0,0.0
2024-07-22 10:34:00-04:00,11.029999732971191,11.029999732971191,11.029999732971191,11.029999732971191,750,0.0,0.0
2024-07-22 10:35:00-04:00,11.039999961853027,11.039999961853027,11.0,11.0,7218,0.0,0.0
2024-07-22 10:36:00-04:00,11.0,11.0,11.0,11.0,1285,0.0,0.0
2024-07-22 10:37:00-04:00,11.010000228881836,11.010000228881836,11.010000228881836,11.010000228881836,221,0.0,0.0
2024-07-22 10:38:00-04:00,11.0,11.020000457763672,11.0,11.020000457763672,3345,0.0,0.0
2024-07-22 10:40:00-04:00,11.010000228881836,11.010000228881836,11.010000228881836,11.010000228881836,265,0.0,0.0
2024-07-22 10:41:00-04:00,11.015000343322754,11.020000457763672,11.015000343322754,11.020000457763672,388,0.0,0.0
2024-07-22 10:42:00-04:00,11.010000228881836,11.010000228881836,10.979999542236328,10.979999542236328,2382,0.0,0.0
2024-07-22 10:43:00-04:00,10.984999656677246,10.984999656677246,10.984999656677246,10.984999656677246,362,0.0,0.0
2024-07-22 10:44:00-04:00,10.984999656677246,10.994999885559082,10.984999656677246,10.994999885559082,1396,0.0,0.0
2024-07-22 10:45:00-04:00,10.994999885559082,10.994999885559082,10.989999771118164,10.989999771118164,642,0.0,0.0
2024-07-22 10:47:00-04:00,11.0,11.005000114440918,11.0,11.0,3184,0.0,0.0
2024-07-22 10:48:00-04:00,11.0,11.0,10.979999542236328,10.979999542236328,1301,0.0,0.0
2024-07-22 10:52:00-04:00,10.979999542236328,10.979999542236328,10.979999542236328,10.979999542236328,607,0.0,0.0
2024-07-22 10:53:00-04:00,10.979999542236328,10.979999542236328,10.96500015258789,10.970000267028809,6190,0.0,0.0
2024-07-22 10:54:00-04:00,10.970000267028809,10.970000267028809,10.970000267028809,10.970000267028809,112,0.0,0.0
2024-07-22 10:57:00-04:00,10.979999542236328,10.989999771118164,10.979999542236328,10.989999771118164,4623,0.0,0.0
2024-07-22 10:58:00-04:00,10.984999656677246,10.984999656677246,10.984999656677246,10.984999656677246,606,0.0,0.0
2024-07-22 11:00:00-04:00,10.984999656677246,10.984999656677246,10.984999656677246,10.984999656677246,173,0.0,0.0
2024-07-22 11:01:00-04:00,10.984999656677246,10.994999885559082,10.984999656677246,10.994999885559082,4500,0.0,0.0
2024-07-22 11:02:00-04:00,10.994999885559082,11.010000228881836,10.994999885559082,11.010000228881836,2016,0.0,0.0
2024-07-22 11:03:00-04:00,11.010000228881836,11.020000457763672,11.010000228881836,11.010000228881836,4419,0.0,0.0
2024-07-22 11:04:00-04:00,11.010000228881836,11.010000228881836,11.010000228881836,11.010000228881836,253,0.0,0.0
2024-07-22 11:05:00-04:00,11.010000228881836,11.010000228881836,11.010000228881836,11.010000228881836,100,0.0,0.0
2024-07-22 11:06:00-04:00,11.010000228881836,11.010000228881836,11.010000228881836,11.010000228881836,327,0.0,0.0
2024-07-22 11:07:00-04:00,11.010000228881836,11.020000457763672,11.010000228881836,11.020000457763672,5324,0.0,0.0
2024-07-22 11:08:00-04:00,11.015000343322754,11.020000457763672,11.010000228881836,11.020000457763672,766,0.0,0.0
2024-07-22 11:09:00-04:00,11.020000457763672,11.024999618530273,11.015000343322754,11.015000343322754,12386,0.0,0.0
2024-07-22 11:10:00-04:00,11.015000343322754,11.024999618530273,11.015000343322754,11.015000343322754,2121,0.0,0.0
2024-07-22 11:11:00-04:00,11.020000457763672,11.020000457763672,11.020000457763672,11.020000457763672,240,0.0,0.0
2024-07-22 11:12:00-04:00,11.015000343322754,11.015000343322754,11.005000114440918,11.005000114440918,4974,0.0,0.0
2024-07-22 11:13:00-04:00,11.005000114440918,11.005000114440918,11.005000114440918,11.005000114440918,381,0.0,0.0
2024-07-22 11:14:00-04:00,11.005000114440918,11.005000114440918,11.005000114440918,11.005000114440918,342,0.0,0.0
2024-07-22 11:15:00-04:00,11.0,11.0,10.994999885559082,10.994999885559082,1117,0.0,0.0
2024-07-22 11:16:00-04:00,10.994999885559082,10.994999885559082,10.970000267028809,10.970000267028809,1304,0.0,0.0
2024-07-22 11:17:00-04:00,10.960000038146973,10.989999771118164,10.960000038146973,10.989999771118164,8129,0.0,0.0
2024-07-22 11:19:00-04:00,10.989999771118164,10.989999771118164,10.989999771118164,10.989999771118164,263,0.0,0.0
2024-07-22 11:20:00-04:00,11.0,11.0,11.0,11.0,100,0.0,0.0
2024-07-22 11:21:00-04:00,10.989999771118164,10.989999771118164,10.989999771118164,10.989999771118164,210,0.0,0.0
2024-07-22 11:22:00-04:00,10.989999771118164,10.994999885559082,10.989999771118164,10.994999885559082,424,0.0,0.0
2024-07-22 11:23:00-04:00,10.994999885559082,10.994999885559082,10.979999542236328,10.984999656677246,2801,0.0,0.0
2024-07-22 11:27:00-04:00,10.979999542236328,11.020000457763672,10.979999542236328,11.015000343322754,9511,0.0,0.0
2024-07-22 11:28:00-04:00,11.020000457763672,11.020000457763672,11.010000228881836,11.010000228881836,1945,0.0,0.0
2024-07-22 11:29:00-04:00,11.010000228881836,11.010000228881836,11.0,11.0,498,0.0,0.0
2024-07-22 11:30:00-04:00,11.0,11.0,11.0,11.0,1014,0.0,0.0
2024-07-22 11:31:00-04:00,11.0,11.020000457763672,11.0,11.020000457763672,3152,0.0,0.0
2024-07-22 11:32:00-04:00,11.020000457763672,11.020000457763672,11.020000457763672,11.020000457763672,348,0.0,0.0
2024-07-22 11:33:00-04:00,11.020000457763672,11.020000457763672,11.020000457763672,11.020000457763672,441,0.0,0.0
2024-07-22 11:34:00-04:00,11.024999618530273,11.029999732971191,11.024999618530273,11.029999732971191,394,0.0,0.0
2024-07-22 11:35:00-04:00,11.020000457763672,11.020000457763672,11.020000457763672,11.020000457763672,416,0.0,0.0
2024-07-22 11:36:00-04:00,11.024999618530273,11.024999618530273,11.024999618530273,11.024999618530273,318,0.0,0.0
2024-07-22 11:37:00-04:00,11.029999732971191,11.029999732971191,11.024999618530273,11.024999618530273,657,0.0,0.0
2024-07-22 11:38:00-04:00,11.024999618530273,11.024999618530273,11.024999618530273,11.024999618530273,568,0.0,0.0
2024-07-22 11:39:00-04:00,11.024999618530273,11.029999732971191,11.024999618530273,11.02750015258789,1926,0.0,0.0
2024-07-22 11:40:00-04:00,11.029999732971191,11.029999732971191,11.029999732971191,11.029999732971191,2552,0.0,0.0
2024-07-22 11:41:00-04:00,11.029999732971191,11.029999732971191,11.029999732971191,11.029999732971191,795,0.0,0.0
2024-07-22 11:42:00-04:00,11.029999732971191,11.029999732971191,11.029999732971191,11.029999732971191,367,0.0,0.0
2024-07-22 11:43:00-04:00,11.029999732971191,11.029999732971191,11.029999732971191,11.029999732971191,847,0.0,0.0
2024-07-22 11:44:00-04:00,11.029999732971191,11.029999732971191,11.029999732971191,11.029999732971191,465,0.0,0.0
2024-07-22 11:45:00-04:00,11.029999732971191,11.029999732971191,11.029999732971191,11.029999732971191,378,0.0,0.0
2024-07-22 11:46:00-04:00,11.029999732971191,11.029999732971191,11.029999732971191,11.029999732971191,507,0.0,0.0
2024-07-22 11:47:00-04:00,11.029999732971191,11.029999732971191,11.029999732971191,11.029999732971191,1468,0.0,0.0
2024-07-22 11:48:00-04:00,11.029999732971191,11.039999961853027,11.029999732971191,11.029999732971191,10154,0.0,0.0
2024-07-22 11:49:00-04:00,11.03499984741211,11.039999961853027,11.03499984741211,11.03499984741211,10491,0.0,0.0
2024-07-22 11:50:00-04:00,11.03499984741211,11.03499984741211,11.03499984741211,11.03499984741211,1328,0.0,0.0
2024-07-22 11:51:00-04:00,11.03499984741211,11.039999961853027,11.03499984741211,11.03499984741211,602,0.0,0.0
2024-07-22 11:52:00-04:00,11.03499984741211,11.039999961853027,11.03499984741211,11.03499984741211,2563,0.0,0.0
2024-07-22 11:53:00-04:00,11.039999961853027,11.039999961853027,11.03499984741211,11.03499984741211,9140,0.0,0.0
2024-07-22 11:54:00-04:00,11.03499984741211,11.03499984741211,11.03499984741211,11.03499984741211,1832,0.0,0.0
2024-07-22 11:55:00-04:00,11.03499984741211,11.039999961853027,11.03499984741211,11.039999961853027,719,0.0,0.0
2024-07-22 11:56:00-04:00,11.03499984741211,11.03499984741211,11.03499984741211,11.03499984741211,1588,0.0,0.0
2024-07-22 11:57:00-04:00,11.03499984741211,11.039999961853027,11.03499984741211,11.03499984741211,958,0.0,0.0
2024-07-22 11:58:00-04:00,11.03499984741211,11.039999961853027,11.03499984741211,11.039999961853027,807,0.0,0.0
2024-07-22 11:59:00-04:00,11.039999961853027,11.039999961853027,11.03499984741211,11.03499984741211,311,0.0,0.0
2024-07-22 12:00:00-04:00,11.039999961853027,11.039999961853027,11.03499984741211,11.03499984741211,348,0.0,0.0
2024-07-22 12:01:00-04:00,11.03499984741211,11.03499984741211,11.029999732971191,11.029999732971191,829,0.0,0.0
2024-07-22 12:02:00-04:00,11.03499984741211,11.03499984741211,11.03499984741211,11.03499984741211,1143,0.0,0.0
2024-07-22 12:03:00-04:00,11.03499984741211,11.03499984741211,11.029999732971191,11.029999732971191,1668,0.0,0.0
2024-07-22 12:04:00-04:00,11.029999732971191,11.029999732971191,11.020000457763672,11.020000457763672,7207,0.0,0.0
2024-07-22 12:06:00-04:00,11.020000457763672,11.020000457763672,11.020000457763672,11.020000457763672,630,0.0,0.0
2024-07-22 12:07:00-04:00,11.020000457763672,11.020000457763672,11.020000457763672,11.020000457763672,825,0.0,0.0
2024-07-22 12:08:00-04:00,11.015000343322754,11.015000343322754,11.015000343322754,11.015000343322754,437,0.0,0.0
2024-07-22 12:09:00-04:00,11.010000228881836,11.015000343322754,11.010000228881836,11.015000343322754,914,0.0,0.0
2024-07-22 12:10:00-04:00,11.015000343322754,11.079999923706055,11.015000343322754,11.069999694824219,11442,0.0,0.0
2024-07-22 12:11:00-04:00,11.079999923706055,11.079999923706055,11.079999923706055,11.079999923706055,207,0.0,0.0
2024-07-22 12:12:00-04:00,11.09000015258789,11.09000015258789,11.09000015258789,11.09000015258789,3025,0.0,0.0
2024-07-22 12:13:00-04:00,11.079999923706055,11.085000038146973,11.079999923706055,11.085000038146973,2051,0.0,0.0
2024-07-22 12:16:00-04:00,11.074999809265137,11.074999809265137,11.074999809265137,11.074999809265137,753,0.0,0.0
2024-07-22 12:18:00-04:00,11.100000381469727,11.100000381469727,11.100000381469727,11.100000381469727,912,0.0,0.0
2024-07-22 12:19:00-04:00,11.104999542236328,11.114999771118164,11.104999542236328,11.109999656677246,3331,0.0,0.0
2024-07-22 12:21:00-04:00,11.109999656677246,11.109999656677246,11.109999656677246,11.109999656677246,527,0.0,0.0
2024-07-22 12:22:00-04:00,11.109999656677246,11.109999656677246,11.109999656677246,11.109999656677246,256,0.0,0.0
2024-07-22 12:23:00-04:00,11.100000381469727,11.100000381469727,11.09000015258789,11.100000381469727,2941,0.0,0.0
2024-07-22 12:24:00-04:00,11.100000381469727,11.100000381469727,11.100000381469727,11.100000381469727,326,0.0,0.0
2024-07-22 12:25:00-04:00,11.100000381469727,11.100000381469727,11.100000381469727,11.100000381469727,800,0.0,0.0
2024-07-22 12:26:00-04:00,11.100000381469727,11.109999656677246,11.100000381469727,11.100000381469727,620,0.0,0.0
2024-07-22 12:27:00-04:00,11.100000381469727,11.100000381469727,11.100000381469727,11.100000381469727,1070,0.0,0.0
2024-07-22 12:28:00-04:00,11.100000381469727,11.100000381469727,11.100000381469727,11.100000381469727,289,0.0,0.0
2024-07-22 12:30:00-04:00,11.09000015258789,11.100000381469727,11.09000015258789,11.09000015258789,3969,0.0,0.0
2024-07-22 12:31:00-04:00,11.09000015258789,11.09000015258789,11.09000015258789,11.09000015258789,644,0.0,0.0
2024-07-22 12:32:00-04:00,11.09000015258789,11.09000015258789,11.09000015258789,11.09000015258789,200,0.0,0.0
2024-07-22 12:33:00-04:00,11.09000015258789,11.09000015258789,11.074999809265137,11.074999809265137,2289,0.0,0.0
2024-07-22 12:34:00-04:00,11.074999809265137,11.074999809265137,11.074999809265137,11.074999809265137,300,0.0,0.0
2024-07-22 12:35:00-04:00,11.074999809265137,11.079999923706055,11.069999694824219,11.074999809265137,4688,0.0,0.0
2024-07-22 12:36:00-04:00,11.074999809265137,11.079999923706055,11.069999694824219,11.074999809265137,2610,0.0,0.0
2024-07-22 12:37:00-04:00,11.079999923706055,11.085000038146973,11.074999809265137,11.074999809265137,1350,0.0,0.0
2024-07-22 12:38:00-04:00,11.074999809265137,11.079999923706055,11.074999809265137,11.079999923706055,372,0.0,0.0
2024-07-22 12:39:00-04:00,11.074999809265137,11.074999809265137,11.074999809265137,11.074999809265137,102,0.0,0.0
2024-07-22 12:40:00-04:00,11.079999923706055,11.079999923706055,11.074999809265137,11.074999809265137,262,0.0,0.0
2024-07-22 12:41:00-04:00,11.074999809265137,11.079999923706055,11.074999809265137,11.074999809265137,336,0.0,0.0
2024-07-22 12:42:00-04:00,11.074999809265137,11.074999809265137,11.074999809265137,11.074999809265137,300,0.0,0.0
2024-07-22 12:43:00-04:00,11.074999809265137,11.074999809265137,11.074999809265137,11.074999809265137,292,0.0,0.0
2024-07-22 12:44:00-04:00,11.074999809265137,11.079999923706055,11.074999809265137,11.079999923706055,577,0.0,0.0
2024-07-22 12:45:00-04:00,11.074999809265137,11.074999809265137,11.0600004196167,11.0600004196167,5786,0.0,0.0
2024-07-22 12:46:00-04:00,11.055000305175781,11.0600004196167,11.055000305175781,11.055000305175781,1343,0.0,0.0
2024-07-22 12:47:00-04:00,11.055000305175781,11.055000305175781,11.055000305175781,11.055000305175781,401,0.0,0.0
2024-07-22 12:48:00-04:00,11.055000305175781,11.055000305175781,11.055000305175781,11.055000305175781,100,0.0,0.0
2024-07-22 12:49:00-04:00,11.055000305175781,11.055000305175781,11.055000305175781,11.055000305175781,604,0.0,0.0
2024-07-22 12:50:00-04:00,11.0600004196167,11.079999923706055,11.0600004196167,11.074999809265137,10306,0.0,0.0
2024-07-22 12:51:00-04:00,11.074999809265137,11.100000381469727,11.074999809265137,11.100000381469727,7678,0.0,0.0
2024-07-22 12:52:00-04:00,11.095000267028809,11.095000267028809,11.095000267028809,11.095000267028809,119,0.0,0.0
2024-07-22 12:53:00-04:00,11.095000267028809,11.100000381469727,11.095000267028809,11.100000381469727,2058,0.0,0.0
2024-07-22 12:54:00-04:00,11.109999656677246,11.119999885559082,11.100000381469727,11.100000381469727,1731,0.0,0.0
2024-07-22 12:55:00-04:00,11.100000381469727,11.100000381469727,11.100000381469727,11.100000381469727,101,0.0,0.0
2024-07-22 12:56:00-04:00,11.100000381469727,11.104999542236328,11.100000381469727,11.100000381469727,1504,0.0,0.0
2024-07-22 12:57:00-04:00,11.100000381469727,11.100000381469727,11.100000381469727,11.100000381469727,1057,0.0,0.0
2024-07-22 12:58:00-04:00,11.09000015258789,11.100000381469727,11.09000015258789,11.100000381469727,1029,0.0,0.0
2024-07-22 12:59:00-04:00,11.09000015258789,11.100000381469727,11.09000015258789,11.095000267028809,1864,0.0,0.0
2024-07-22 13:00:00-04:00,11.095000267028809,11.095000267028809,11.095000267028809,11.095000267028809,2019,0.0,0.0
2024-07-22 13:01:00-04:00,11.100000381469727,11.100000381469727,11.095000267028809,11.095000267028809,619,0.0,0.0
2024-07-22 13:02:00-04:00,11.095000267028809,11.095000267028809,11.095000267028809,11.095000267028809,449,0.0,0.0
2024-07-22 13:03:00-04:00,11.095000267028809,11.100000381469727,11.09000015258789,11.09000015258789,416,0.0,0.0
2024-07-22 13:04:00-04:00,11.100000381469727,11.100000381469727,11.100000381469727,11.100000381469727,243,0.0,0.0
2024-07-22 13:05:00-04:00,11.09000015258789,11.09000015258789,11.09000015258789,11.09000015258789,492,0.0,0.0
2024-07-22 13:06:00-04:00,11.095000267028809,11.100000381469727,11.095000267028809,11.095000267028809,1573,0.0,0.0
2024-07-22 13:07:00-04:00,11.100000381469727,11.100000381469727,11.095000267028809,11.095000267028809,4027,0.0,0.0
2024-07-22 13:08:00-04:00,11.095000267028809,11.100000381469727,11.095000267028809,11.095000267028809,903,0.0,0.0
2024-07-22 13:09:00-04:00,11.09000015258789,11.09000015258789,11.069999694824219,11.069999694824219,5411,0.0,0.0
2024-07-22 13:10:00-04:00,11.069999694824219,11.069999694824219,11.069999694824219,11.069999694824219,539,0.0,0.0
2024-07-22 13:11:00-04:00,11.069999694824219,11.069999694824219,11.069999694824219,11.069999694824219,289,0.0,0.0
2024-07-22 13:12:00-04:00,11.069999694824219,11.069999694824219,11.069999694824219,11.069999694824219,213,0.0,0.0
2024-07-22 13:13:00-04:00,11.069999694824219,11.069999694824219,11.069999694824219,11.069999694824219,959,0.0,0.0
2024-07-22 13:14:00-04:00,11.069999694824219,11.069999694824219,11.069999694824219,11.069999694824219,4171,0.0,0.0
2024-07-22 13:15:00-04:00,11.069999694824219,11.069999694824219,11.069999694824219,11.069999694824219,100,0.0,0.0
2024-07-22 13:16:00-04:00,11.069999694824219,11.069999694824219,11.069999694824219,11.069999694824219,337,0.0,0.0
2024-07-22 13:17:00-04:00,11.069999694824219,11.074999809265137,11.069999694824219,11.069999694824219,893,0.0,0.0
2024-07-22 13:18:00-04:00,11.079999923706055,11.079999923706055,11.069999694824219,11.069999694824219,404,0.0,0.0
2024-07-22 13:19:00-04:00,11.069999694824219,11.069999694824219,11.068300247192383,11.069999694824219,1002,0.0,0.0
2024-07-22 13:20:00-04:00,11.069999694824219,11.069999694824219,11.069999694824219,11.069999694824219,412,0.0,0.0
2024-07-22 13:21:00-04:00,11.069999694824219,11.069999694824219,11.0600004196167,11.0600004196167,1106,0.0,0.0
2024-07-22 13:22:00-04:00,11.069999694824219,11.069999694824219,11.069999694824219,11.069999694824219,824,0.0,0.0
2024-07-22 13:23:00-04:00,11.069999694824219,11.069999694824219,11.069999694824219,11.069999694824219,468,0.0,0.0
2024-07-22 13:24:00-04:00,11.069999694824219,11.069999694824219,11.0600004196167,11.0600004196167,767,0.0,0.0
2024-07-22 13:25:00-04:00,11.0600004196167,11.079999923706055,11.0600004196167,11.069999694824219,1510,0.0,0.0
2024-07-22 13:26:00-04:00,11.069999694824219,11.069999694824219,11.065400123596191,11.069999694824219,1615,0.0,0.0
2024-07-22 13:27:00-04:00,11.069999694824219,11.079999923706055,11.0600004196167,11.069999694824219,1374,0.0,0.0
2024-07-22 13:28:00-04:00,11.069999694824219,11.079999923706055,11.069999694824219,11.079999923706055,375,0.0,0.0
2024-07-22 13:29:00-04:00,11.069999694824219,11.069999694824219,11.069999694824219,11.069999694824219,215,0.0,0.0
2024-07-22 13:30:00-04:00,11.079999923706055,11.079999923706055,11.079999923706055,11.079999923706055,100,0.0,0.0
2024-07-22 13:31:00-04:00,11.069999694824219,11.079999923706055,11.0600004196167,11.069999694824219,2507,0.0,0.0
2024-07-22 13:32:00-04:00,11.079999923706055,11.079999923706055,11.069999694824219,11.069999694824219,572,0.0,0.0
2024-07-22 13:33:00-04:00,11.0600004196167,11.069999694824219,11.0600004196167,11.0649995803833,5831,0.0,0.0
2024-07-22 13:34:00-04:00,11.069999694824219,11.070199966430664,11.069999694824219,11.069999694824219,4070,0.0,0.0
2024-07-22 13:35:00-04:00,11.074999809265137,11.074999809265137,11.0600004196167,11.069999694824219,1047,0.0,0.0
2024-07-22 13:36:00-04:00,11.069999694824219,11.069999694824219,11.069999694824219,11.069999694824219,597,0.0,0.0
2024-07-22 13:37:00-04:00,11.069999694824219,11.069999694824219,11.069999694824219,11.069999694824219,925,0.0,0.0
2024-07-22 13:38:00-04:00,11.0600004196167,11.069999694824219,11.0600004196167,11.0600004196167,1639,0.0,0.0
2024-07-22 13:39:00-04:00,11.0649995803833,11.0649995803833,11.0649995803833,11.0649995803833,270,0.0,0.0
2024-07-22 13:40:00-04:00,11.069999694824219,11.069999694824219,11.069999694824219,11.069999694824219,1031,0.0,0.0
2024-07-22 13:41:00-04:00,11.069999694824219,11.069999694824219,11.0649995803833,11.0649995803833,1932,0.0,0.0
2024-07-22 13:42:00-04:00,11.0649995803833,11.09000015258789,11.0649995803833,11.074999809265137,12484,0.0,0.0
2024-07-22 13:43:00-04:00,11.069999694824219,11.069999694824219,11.0600004196167,11.0600004196167,3361,0.0,0.0
2024-07-22 13:44:00-04:00,11.0649995803833,11.0649995803833,11.0649995803833,11.0649995803833,214,0.0,0.0
2024-07-22 13:45:00-04:00,11.0649995803833,11.0649995803833,11.0649995803833,11.0649995803833,475,0.0,0.0
2024-07-22 13:46:00-04:00,11.0649995803833,11.074999809265137,11.0649995803833,11.074999809265137,6048,0.0,0.0
2024-07-22 13:48:00-04:00,11.079999923706055,11.079999923706055,11.074999809265137,11.074999809265137,2053,0.0,0.0
2024-07-22 13:49:00-04:00,11.074999809265137,11.074999809265137,11.074999809265137,11.074999809265137,455,0.0,0.0
2024-07-22 13:50:00-04:00,11.074999809265137,11.074999809265137,11.074999809265137,11.074999809265137,143,0.0,0.0
2024-07-22 13:51:00-04:00,11.074999809265137,11.074999809265137,11.074999809265137,11.074999809265137,231,0.0,0.0
2024-07-22 13:52:00-04:00,11.079999923706055,11.079999923706055,11.074999809265137,11.074999809265137,889,0.0,0.0
2024-07-22 13:53:00-04:00,11.074999809265137,11.079999923706055,11.074999809265137,11.074999809265137,919,0.0,0.0
2024-07-22 13:54:00-04:00,11.079999923706055,11.079999923706055,11.079999923706055,11.079999923706055,114,0.0,0.0
2024-07-22 13:55:00-04:00,11.079999923706055,11.079999923706055,11.079999923706055,11.079999923706055,208,0.0,0.0
2024-07-22 13:56:00-04:00,11.074999809265137,11.079999923706055,11.074999809265137,11.074999809265137,467,0.0,0.0
2024-07-22 13:57:00-04:00,11.069999694824219,11.079999923706055,11.069999694824219,11.074999809265137,424,0.0,0.0
2024-07-22 13:58:00-04:00,11.074999809265137,11.079999923706055,11.069999694824219,11.074999809265137,1029,0.0,0.0
2024-07-22 13:59:00-04:00,11.079999923706055,11.079999923706055,11.079999923706055,11.079999923706055,500,0.0,0.0
2024-07-22 14:00:00-04:00,11.079999923706055,11.079999923706055,11.079999923706055,11.079999923706055,101,0.0,0.0
2024-07-22 14:01:00-04:00,11.074999809265137,11.074999809265137,11.069999694824219,11.069999694824219,2788,0.0,0.0
2024-07-22 14:02:00-04:00,11.074999809265137,11.074999809265137,11.074999809265137,11.074999809265137,103,0.0,0.0
2024-07-22 14:03:00-04:00,11.074999809265137,11.074999809265137,11.039999961853027,11.050000190734863,6458,0.0,0.0
2024-07-22 14:04:00-04:00,11.050000190734863,11.050000190734863,11.050000190734863,11.050000190734863,506,0.0,0.0
2024-07-22 14:06:00-04:00,11.050000190734863,11.050000190734863,11.045000076293945,11.045000076293945,672,0.0,0.0
2024-07-22 14:07:00-04:00,11.050000190734863,11.050000190734863,11.050000190734863,11.050000190734863,221,0.0,0.0
2024-07-22 14:08:00-04:00,11.045000076293945,11.055000305175781,11.045000076293945,11.055000305175781,2608,0.0,0.0
2024-07-22 14:09:00-04:00,11.055000305175781,11.055000305175781,11.055000305175781,11.055000305175781,167,0.0,0.0
2024-07-22 14:10:00-04:00,11.0600004196167,11.0649995803833,11.0600004196167,11.0600004196167,2076,0.0,0.0
2024-07-22 14:11:00-04:00,11.0649995803833,11.0649995803833,11.0649995803833,11.0649995803833,284,0.0,0.0
2024-07-22 14:12:00-04:00,11.069999694824219,11.069999694824219,11.0649995803833,11.0649995803833,227,0.0,0.0
2024-07-22 14:13:00-04:00,11.0649995803833,11.0649995803833,11.0649995803833,11.0649995803833,217,0.0,0.0
2024-07-22 14:14:00-04:00,11.069999694824219,11.069999694824219,11.0649995803833,11.0649995803833,702,0.0,0.0
2024-07-22 14:15:00-04:00,11.069999694824219,11.069999694824219,11.0649995803833,11.069999694824219,309,0.0,0.0
2024-07-22 14:16:00-04:00,11.0649995803833,11.0649995803833,11.055000305175781,11.055000305175781,3886,0.0,0.0
2024-07-22 14:17:00-04:00,11.055000305175781,11.055000305175781,11.055000305175781,11.055000305175781,472,0.0,0.0
2024-07-22 14:18:00-04:00,11.050000190734863,11.050000190734863,11.050000190734863,11.050000190734863,270,0.0,0.0
2024-07-22 14:19:00-04:00,11.055000305175781,11.055000305175781,11.055000305175781,11.055000305175781,891,0.0,0.0
2024-07-22 14:20:00-04:00,11.055000305175781,11.055000305175781,11.055000305175781,11.055000305175781,216,0.0,0.0
2024-07-22 14:21:00-04:00,11.055000305175781,11.055000305175781,11.039999961853027,11.039999961853027,3031,0.0,0.0
2024-07-22 14:23:00-04:00,11.045000076293945,11.045000076293945,11.045000076293945,11.045000076293945,327,0.0,0.0
2024-07-22 14:24:00-04:00,11.045000076293945,11.045000076293945,11.039999961853027,11.039999961853027,1255,0.0,0.0
2024-07-22 14:26:00-04:00,11.045000076293945,11.045000076293945,11.045000076293945,11.045000076293945,475,0.0,0.0
2024-07-22 14:28:00-04:00,11.045000076293945,11.045000076293945,11.024999618530273,11.029999732971191,5774,0.0,0.0
2024-07-22 14:29:00-04:00,11.039999961853027,11.045000076293945,11.03499984741211,11.045000076293945,5573,0.0,0.0
2024-07-22 14:30:00-04:00,11.045000076293945,11.045000076293945,11.045000076293945,11.045000076293945,101,0.0,0.0
2024-07-22 14:31:00-04:00,11.045000076293945,11.050000190734863,11.045000076293945,11.050000190734863,5045,0.0,0.0
2024-07-22 14:32:00-04:00,11.055000305175781,11.0600004196167,11.055000305175781,11.0600004196167,587,0.0,0.0
2024-07-22 14:34:00-04:00,11.055000305175781,11.069999694824219,11.055000305175781,11.069999694824219,2593,0.0,0.0
2024-07-22 14:35:00-04:00,11.0600004196167,11.0649995803833,11.055000305175781,11.055000305175781,3855,0.0,0.0
2024-07-22 14:36:00-04:00,11.055000305175781,11.055000305175781,11.055000305175781,11.055000305175781,848,0.0,0.0
2024-07-22 14:37:00-04:00,11.0649995803833,11.0649995803833,11.0649995803833,11.0649995803833,404,0.0,0.0
2024-07-22 14:38:00-04:00,11.0649995803833,11.0649995803833,11.0649995803833,11.0649995803833,683,0.0,0.0
2024-07-22 14:39:00-04:00,11.069999694824219,11.069999694824219,11.0649995803833,11.0649995803833,247,0.0,0.0
2024-07-22 14:40:00-04:00,11.069999694824219,11.069999694824219,11.0649995803833,11.069999694824219,695,0.0,0.0
2024-07-22 14:41:00-04:00,11.0649995803833,11.0649995803833,11.0600004196167,11.0600004196167,2942,0.0,0.0
2024-07-22 14:42:00-04:00,11.0600004196167,11.0600004196167,11.0600004196167,11.0600004196167,104,0.0,0.0
2024-07-22 14:43:00-04:00,11.050000190734863,11.050000190734863,11.050000190734863,11.050000190734863,103,0.0,0.0
2024-07-22 14:44:00-04:00,11.0600004196167,11.0600004196167,11.055000305175781,11.055000305175781,1429,0.0,0.0
2024-07-22 14:45:00-04:00,11.055000305175781,11.055000305175781,11.055000305175781,11.055000305175781,500,0.0,0.0
2024-07-22 14:46:00-04:00,11.055000305175781,11.055000305175781,11.055000305175781,11.055000305175781,1306,0.0,0.0
2024-07-22 14:47:00-04:00,11.050000190734863,11.0600004196167,11.050000190734863,11.0600004196167,723,0.0,0.0
2024-07-22 14:48:00-04:00,11.0600004196167,11.0600004196167,11.0600004196167,11.0600004196167,241,0.0,0.0
2024-07-22 14:49:00-04:00,11.055000305175781,11.0600004196167,11.050000190734863,11.0600004196167,1107,0.0,0.0
2024-07-22 14:50:00-04:00,11.0600004196167,11.069999694824219,11.050700187683105,11.069999694824219,4863,0.0,0.0
2024-07-22 14:51:00-04:00,11.0649995803833,11.069999694824219,11.060199737548828,11.060199737548828,808,0.0,0.0
2024-07-22 14:52:00-04:00,11.0649995803833,11.069999694824219,11.055000305175781,11.055000305175781,4464,0.0,0.0
2024-07-22 14:53:00-04:00,11.050000190734863,11.055000305175781,11.050000190734863,11.055000305175781,448,0.0,0.0
2024-07-22 14:54:00-04:00,11.055000305175781,11.055000305175781,11.050000190734863,11.050000190734863,478,0.0,0.0
2024-07-22 14:55:00-04:00,11.055000305175781,11.055000305175781,11.045000076293945,11.050000190734863,3398,0.0,0.0
2024-07-22 14:56:00-04:00,11.050000190734863,11.055000305175781,11.050000190734863,11.055000305175781,902,0.0,0.0
2024-07-22 14:57:00-04:00,11.050000190734863,11.050000190734863,11.050000190734863,11.050000190734863,795,0.0,0.0
2024-07-22 14:58:00-04:00,11.050000190734863,11.050000190734863,11.039999961853027,11.039999961853027,410,0.0,0.0
2024-07-22 14:59:00-04:00,11.050000190734863,11.0600004196167,11.039999961853027,11.045000076293945,8315,0.0,0.0
2024-07-22 15:00:00-04:00,11.045000076293945,11.050000190734863,11.045000076293945,11.050000190734863,739,0.0,0.0
2024-07-22 15:01:00-04:00,11.050000190734863,11.050000190734863,11.015000343322754,11.020000457763672,11889,0.0,0.0
2024-07-22 15:02:00-04:00,11.020000457763672,11.020000457763672,11.020000457763672,11.020000457763672,424,0.0,0.0
2024-07-22 15:03:00-04:00,11.020000457763672,11.029999732971191,11.020000457763672,11.029999732971191,563,0.0,0.0
2024-07-22 15:04:00-04:00,11.024999618530273,11.024999618530273,11.024999618530273,11.024999618530273,339,0.0,0.0
2024-07-22 15:05:00-04:00,11.029999732971191,11.029999732971191,11.020000457763672,11.020000457763672,710,0.0,0.0
2024-07-22 15:06:00-04:00,11.024999618530273,11.024999618530273,11.024999618530273,11.024999618530273,385,0.0,0.0
2024-07-22 15:07:00-04:00,11.024999618530273,11.024999618530273,11.020000457763672,11.020000457763672,561,0.0,0.0
2024-07-22 15:08:00-04:00,11.024999618530273,11.024999618530273,11.015000343322754,11.015000343322754,2751,0.0,0.0
2024-07-22 15:09:00-04:00,11.015000343322754,11.020000457763672,11.010000228881836,11.010000228881836,4764,0.0,0.0
2024-07-22 15:10:00-04:00,11.020000457763672,11.020000457763672,11.015000343322754,11.020000457763672,604,0.0,0.0
2024-07-22 15:11:00-04:00,11.015000343322754,11.015000343322754,11.015000343322754,11.015000343322754,409,0.0,0.0
2024-07-22 15:12:00-04:00,11.020000457763672,11.020000457763672,11.010000228881836,11.020000457763672,576,0.0,0.0
2024-07-22 15:13:00-04:00,11.010000228881836,11.020000457763672,11.010000228881836,11.015000343322754,6613,0.0,0.0
2024-07-22 15:15:00-04:00,11.010000228881836,11.020000457763672,11.010000228881836,11.015000343322754,4082,0.0,0.0
2024-07-22 15:16:00-04:00,11.015000343322754,11.029999732971191,11.015000343322754,11.020000457763672,6838,0.0,0.0
2024-07-22 15:17:00-04:00,11.020000457763672,11.020000457763672,11.020000457763672,11.020000457763672,464,0.0,0.0
2024-07-22 15:18:00-04:00,11.020000457763672,11.020000457763672,11.020000457763672,11.020000457763672,590,0.0,0.0
2024-07-22 15:19:00-04:00,11.012900352478027,11.012900352478027,11.012900352478027,11.012900352478027,314,0.0,0.0
2024-07-22 15:20:00-04:00,11.020000457763672,11.020000457763672,11.020000457763672,11.020000457763672,1204,0.0,0.0
2024-07-22 15:21:00-04:00,11.020000457763672,11.039999961853027,11.020000457763672,11.039999961853027,7628,0.0,0.0
2024-07-22 15:22:00-04:00,11.039999961853027,11.039999961853027,11.03499984741211,11.03499984741211,1442,0.0,0.0
2024-07-22 15:23:00-04:00,11.03499984741211,11.03499984741211,11.03499984741211,11.03499984741211,790,0.0,0.0
2024-07-22 15:25:00-04:00,11.03499984741211,11.039999961853027,11.03499984741211,11.039999961853027,332,0.0,0.0
2024-07-22 15:26:00-04:00,11.03499984741211,11.039999961853027,11.015000343322754,11.029999732971191,52737,0.0,0.0
2024-07-22 15:27:00-04:00,11.029999732971191,11.095000267028809,11.029999732971191,11.095000267028809,22574,0.0,0.0
2024-07-22 15:28:00-04:00,11.09000015258789,11.100000381469727,11.09000015258789,11.100000381469727,4417,0.0,0.0
2024-07-22 15:29:00-04:00,11.114999771118164,11.130000114440918,11.109999656677246,11.130000114440918,4193,0.0,0.0
2024-07-22 15:30:00-04:00,11.130000114440918,11.15999984741211,11.130000114440918,11.15999984741211,1535,0.0,0.0
2024-07-22 15:31:00-04:00,11.149999618530273,11.15999984741211,11.149999618530273,11.15999984741211,1926,0.0,0.0
2024-07-22 15:32:00-04:00,11.170000076293945,11.199999809265137,11.170000076293945,11.180000305175781,8742,0.0,0.0
2024-07-22 15:33:00-04:00,11.180000305175781,11.180000305175781,11.140000343322754,11.140000343322754,6420,0.0,0.0
2024-07-22 15:34:00-04:00,11.140000343322754,11.140000343322754,11.140000343322754,11.140000343322754,450,0.0,0.0
2024-07-22 15:35:00-04:00,11.130000114440918,11.140000343322754,11.130000114440918,11.140000343322754,640,0.0,0.0
2024-07-22 15:36:00-04:00,11.140000343322754,11.164999961853027,11.140000343322754,11.164999961853027,7012,0.0,0.0
2024-07-22 15:37:00-04:00,11.170000076293945,11.1850004196167,11.170000076293945,11.180000305175781,2859,0.0,0.0
2024-07-22 15:38:00-04:00,11.180000305175781,11.180000305175781,11.175000190734863,11.180000305175781,1166,0.0,0.0
2024-07-22 15:39:00-04:00,11.180000305175781,11.199999809265137,11.180000305175781,11.199999809265137,3376,0.0,0.0
2024-07-22 15:40:00-04:00,11.199999809265137,11.210000038146973,11.199999809265137,11.204999923706055,4082,0.0,0.0
2024-07-22 15:41:00-04:00,11.204999923706055,11.220000267028809,11.199999809265137,11.220000267028809,2603,0.0,0.0
2024-07-22 15:42:00-04:00,11.225000381469727,11.229999542236328,11.225000381469727,11.229999542236328,969,0.0,0.0
2024-07-22 15:43:00-04:00,11.229999542236328,11.239999771118164,11.210000038146973,11.210000038146973,7246,0.0,0.0
2024-07-22 15:44:00-04:00,11.220000267028809,11.220000267028809,11.210000038146973,11.210000038146973,575,0.0,0.0
2024-07-22 15:45:00-04:00,11.204999923706055,11.204999923706055,11.1899995803833,11.199999809265137,4233,0.0,0.0
2024-07-22 15:46:00-04:00,11.199999809265137,11.204999923706055,11.180000305175781,11.180000305175781,7720,0.0,0.0
2024-07-22 15:47:00-04:00,11.180000305175781,11.194999694824219,11.180000305175781,11.1850004196167,4315,0.0,0.0
2024-07-22 15:48:00-04:00,11.1850004196167,11.199999809265137,11.180000305175781,11.194999694824219,6870,0.0,0.0
2024-07-22 15:49:00-04:00,11.1899995803833,11.1899995803833,11.175000190734863,11.180000305175781,6284,0.0,0.0
2024-07-22 15:50:00-04:00,11.175000190734863,11.199999809265137,11.170000076293945,11.1899995803833,9514,0.0,0.0
2024-07-22 15:51:00-04:00,11.1899995803833,11.199999809265137,11.1850004196167,11.194999694824219,4455,0.0,0.0
2024-07-22 15:52:00-04:00,11.1899995803833,11.199999809265137,11.1899995803833,11.194999694824219,10714,0.0,0.0
2024-07-22 15:53:00-04:00,11.194999694824219,11.199999809265137,11.1899995803833,11.194999694824219,4282,0.0,0.0
2024-07-22 15:55:00-04:00,11.1899995803833,11.204999923706055,11.180000305175781,11.194999694824219,29099,0.0,0.0
2024-07-22 15:56:00-04:00,11.194999694824219,11.199999809265137,11.1899995803833,11.194999694824219,26067,0.0,0.0
2024-07-22 15:57:00-04:00,11.199999809265137,11.220000267028809,11.1850004196167,11.21500015258789,51837,0.0,0.0
2024-07-22 15:58:00-04:00,11.21500015258789,11.225000381469727,11.210000038146973,11.21500015258789,13722,0.0,0.0
2024-07-22 15:59:00-04:00,11.21500015258789,11.220000267028809,11.1899995803833,11.1899995803833,32718,0.0,0.0
2024-07-23 09:31:00-04:00,11.069999694824219,11.104999542236328,11.069999694824219,11.104999542236328,6343,0.0,0.0
2024-07-23 09:32:00-04:00,11.100000381469727,11.100000381469727,11.100000381469727,11.100000381469727,822,0.0,0.0
2024-07-23 09:37:00-04:00,11.070099830627441,11.070099830627441,11.070099830627441,11.070099830627441,254,0.0,0.0
2024-07-23 09:38:00-04:00,11.130000114440918,11.140000343322754,11.125,11.140000343322754,435,0.0,0.0
2024-07-23 09:40:00-04:00,11.125,11.125,11.109999656677246,11.119999885559082,962,0.0,0.0
2024-07-23 09:43:00-04:00,11.130000114440918,11.130000114440918,11.100000381469727,11.104999542236328,996,0.0,0.0
2024-07-23 09:44:00-04:00,11.100000381469727,11.100000381469727,11.100000381469727,11.100000381469727,684,0.0,0.0
2024-07-23 09:47:00-04:00,11.050000190734863,11.050000190734863,11.039999961853027,11.039999961853027,4226,0.0,0.0
2024-07-23 09:48:00-04:00,11.039999961853027,11.119999885559082,11.039999961853027,11.109999656677246,11364,0.0,0.0
2024-07-23 09:49:00-04:00,11.119999885559082,11.119999885559082,11.119999885559082,11.119999885559082,100,0.0,0.0
2024-07-23 09:50:00-04:00,11.119999885559082,11.119999885559082,11.119999885559082,11.119999885559082,315,0.0,0.0
2024-07-23 09:51:00-04:00,11.119999885559082,11.119999885559082,11.119999885559082,11.119999885559082,100,0.0,0.0
2024-07-23 09:52:00-04:00,11.119999885559082,11.119999885559082,11.119999885559082,11.119999885559082,200,0.0,0.0
2024-07-23 09:53:00-04:00,11.119999885559082,11.119999885559082,11.100000381469727,11.109999656677246,3252,0.0,0.0
2024-07-23 09:54:00-04:00,11.119999885559082,11.140000343322754,11.100000381469727,11.100000381469727,64996,0.0,0.0
2024-07-23 09:55:00-04:00,11.07129955291748,11.100000381469727,11.07129955291748,11.100000381469727,4284,0.0,0.0
2024-07-23 09:56:00-04:00,11.100000381469727,11.100000381469727,11.09000015258789,11.100000381469727,1304,0.0,0.0
2024-07-23 09:57:00-04:00,11.100000381469727,11.100000381469727,11.100000381469727,11.100000381469727,379,0.0,0.0
2024-07-23 09:58:00-04:00,11.079999923706055,11.079999923706055,11.069999694824219,11.069999694824219,509,0.0,0.0
2024-07-23 09:59:00-04:00,11.0693998336792,11.0693998336792,11.029999732971191,11.029999732971191,1225,0.0,0.0
2024-07-23 10:00:00-04:00,11.0600004196167,11.0600004196167,11.039999961853027,11.039999961853027,567,0.0,0.0
2024-07-23 10:02:00-04:00,11.039999961853027,11.09000015258789,11.039999961853027,11.09000015258789,2328,0.0,0.0
2024-07-23 10:06:00-04:00,11.119999885559082,11.119999885559082,11.119999885559082,11.119999885559082,1346,0.0,0.0
2024-07-23 10:08:00-04:00,11.130000114440918,11.130000114440918,11.130000114440918,11.130000114440918,724,0.0,0.0
2024-07-23 10:10:00-04:00,11.110699653625488,11.130000114440918,11.110699653625488,11.130000114440918,676,0.0,0.0
2024-07-23 10:11:00-04:00,11.130000114440918,11.175000190734863,11.130000114440918,11.170000076293945,19465,0.0,0.0
2024-07-23 10:12:00-04:00,11.175000190734863,11.175000190734863,11.175000190734863,11.175000190734863,900,0.0,0.0
2024-07-23 10:14:00-04:00,11.175000190734863,11.175000190734863,11.15999984741211,11.170000076293945,7754,0.0,0.0
2024-07-23 10:15:00-04:00,11.170000076293945,11.170000076293945,11.15999984741211,11.15999984741211,2553,0.0,0.0
2024-07-23 10:16:00-04:00,11.15999984741211,11.15999984741211,11.15999984741211,11.15999984741211,2566,0.0,0.0
2024-07-23 10:17:00-04:00,11.15999984741211,11.15999984741211,11.15999984741211,11.15999984741211,330,0.0,0.0
2024-07-23 10:18:00-04:00,11.151700019836426,11.151700019836426,11.151700019836426,11.151700019836426,263,0.0,0.0
2024-07-23 10:19:00-04:00,11.149999618530273,11.149999618530273,11.119999885559082,11.140000343322754,4243,0.0,0.0
2024-07-23 10:20:00-04:00,11.119999885559082,11.119999885559082,11.119999885559082,11.119999885559082,215,0.0,0.0
2024-07-23 10:21:00-04:00,11.119999885559082,11.130000114440918,11.119999885559082,11.119999885559082,1459,0.0,0.0
2024-07-23 10:22:00-04:00,11.130000114440918,11.130000114440918,11.130000114440918,11.130000114440918,549,0.0,0.0
2024-07-23 10:23:00-04:00,11.130000114440918,11.130000114440918,11.130000114440918,11.130000114440918,228,0.0,0.0
2024-07-23 10:26:00-04:00,11.140000343322754,11.140000343322754,11.140000343322754,11.140000343322754,1133,0.0,0.0
2024-07-23 10:29:00-04:00,11.140000343322754,11.140000343322754,11.140000343322754,11.140000343322754,100,0.0,0.0
2024-07-23 10:30:00-04:00,11.140000343322754,11.140000343322754,11.140000343322754,11.140000343322754,1508,0.0,0.0
2024-07-23 10:31:00-04:00,11.140000343322754,11.140000343322754,11.140000343322754,11.140000343322754,507,0.0,0.0
2024-07-23 10:35:00-04:00,11.140000343322754,11.149999618530273,11.140000343322754,11.149999618530273,2876,0.0,0.0
2024-07-23 10:37:00-04:00,11.140000343322754,11.140000343322754,11.119999885559082,11.140000343322754,5625,0.0,0.0
2024-07-23 10:38:00-04:00,11.130000114440918,11.130000114440918,11.119999885559082,11.119999885559082,1379,0.0,0.0
2024-07-23 10:39:00-04:00,11.109999656677246,11.109999656677246,11.100000381469727,11.100000381469727,992,0.0,0.0
2024-07-23 10:40:00-04:00,11.079999923706055,11.079999923706055,11.079999923706055,11.079999923706055,1084,0.0,0.0
2024-07-23 10:41:00-04:00,11.080100059509277,11.080100059509277,11.039999961853027,11.039999961853027,5609,0.0,0.0
2024-07-23 10:42:00-04:00,11.038000106811523,11.038000106811523,11.038000106811523,11.038000106811523,1036,0.0,0.0
2024-07-23 10:43:00-04:00,11.024999618530273,11.039999961853027,11.024999618530273,11.039999961853027,1209,0.0,0.0
2024-07-23 10:45:00-04:00,11.039999961853027,11.039999961853027,11.029999732971191,11.039999961853027,1920,0.0,0.0
2024-07-23 10:46:00-04:00,11.029999732971191,11.029999732971191,11.029999732971191,11.029999732971191,450,0.0,0.0
2024-07-23 10:47:00-04:00,11.020000457763672,11.020000457763672,11.010000228881836,11.010000228881836,2144,0.0,0.0
2024-07-23 10:50:00-04:00,11.020000457763672,11.029999732971191,11.020000457763672,11.029999732971191,3711,0.0,0.0
2024-07-23 10:51:00-04:00,11.029999732971191,11.029999732971191,11.029999732971191,11.029999732971191,517,0.0,0.0
2024-07-23 10:53:00-04:00,11.029999732971191,11.029999732971191,11.029999732971191,11.029999732971191,15095,0.0,0.0
2024-07-23 10:55:00-04:00,11.015000343322754,11.015000343322754,11.015000343322754,11.015000343322754,20331,0.0,0.0
2024-07-23 10:56:00-04:00,11.020000457763672,11.020000457763672,11.020000457763672,11.020000457763672,1612,0.0,0.0
2024-07-23 10:57:00-04:00,11.020000457763672,11.029999732971191,11.020000457763672,11.029999732971191,510,0.0,0.0
2024-07-23 10:58:00-04:00,11.020000457763672,11.020000457763672,11.010000228881836,11.020000457763672,27450,0.0,0.0
2024-07-23 10:59:00-04:00,11.020000457763672,11.0600004196167,11.020000457763672,11.050000190734863,4966,0.0,0.0
2024-07-23 11:00:00-04:00,11.050000190734863,11.050000190734863,11.050000190734863,11.050000190734863,900,0.0,0.0
2024-07-23 11:01:00-04:00,11.050000190734863,11.0600004196167,11.050000190734863,11.0600004196167,734,0.0,0.0
2024-07-23 11:02:00-04:00,11.050000190734863,11.0600004196167,11.050000190734863,11.0600004196167,252,0.0,0.0
2024-07-23 11:03:00-04:00,11.0600004196167,11.079999923706055,11.0600004196167,11.069999694824219,2797,0.0,0.0
2024-07-23 11:04:00-04:00,11.079999923706055,11.09000015258789,11.074999809265137,11.074999809265137,614,0.0,0.0
2024-07-23 11:05:00-04:00,11.069999694824219,11.069999694824219,11.0600004196167,11.069999694824219,3598,0.0,0.0
2024-07-23 11:06:00-04:00,11.069999694824219,11.069999694824219,11.069999694824219,11.069999694824219,841,0.0,0.0
2024-07-23 11:07:00-04:00,11.079999923706055,11.079999923706055,11.069999694824219,11.069999694824219,343,0.0,0.0
2024-07-23 11:09:00-04:00,11.069999694824219,11.069999694824219,11.069999694824219,11.069999694824219,531,0.0,0.0
2024-07-23 11:10:00-04:00,11.069999694824219,11.069999694824219,11.069999694824219,11.069999694824219,108,0.0,0.0
2024-07-23 11:12:00-04:00,11.078399658203125,11.078399658203125,11.078399658203125,11.078399658203125,1201,0.0,0.0
2024-07-23 11:13:00-04:00,11.069999694824219,11.069999694824219,11.069999694824219,11.069999694824219,584,0.0,0.0
2024-07-23 11:15:00-04:00,11.079999923706055,11.119999885559082,11.079999923706055,11.119999885559082,4529,0.0,0.0
2024-07-23 11:16:00-04:00,11.109999656677246,11.109999656677246,11.104999542236328,11.104999542236328,2974,0.0,0.0
2024-07-23 11:17:00-04:00,11.119999885559082,11.119999885559082,11.119999885559082,11.119999885559082,404,0.0,0.0
2024-07-23 11:18:00-04:00,11.109999656677246,11.109999656677246,11.079999923706055,11.079999923706055,4913,0.0,0.0
2024-07-23 11:19:00-04:00,11.079999923706055,11.079999923706055,11.079999923706055,11.079999923706055,210,0.0,0.0
2024-07-23 11:20:00-04:00,11.069999694824219,11.069999694824219,11.069999694824219,11.069999694824219,217,0.0,0.0
2024-07-23 11:21:00-04:00,11.074999809265137,11.074999809265137,11.074999809265137,11.074999809265137,233,0.0,0.0
2024-07-23 11:26:00-04:00,11.069999694824219,11.069999694824219,11.0600004196167,11.0600004196167,1614,0.0,0.0
2024-07-23 11:27:00-04:00,11.0600004196167,11.0600004196167,11.0600004196167,11.0600004196167,121,0.0,0.0
2024-07-23 11:30:00-04:00,11.0600004196167,11.074999809265137,11.0600004196167,11.074999809265137,2870,0.0,0.0
2024-07-23 11:32:00-04:00,11.079999923706055,11.079999923706055,11.079999923706055,11.079999923706055,732,0.0,0.0
2024-07-23 11:34:00-04:00,11.079999923706055,11.079999923706055,11.079999923706055,11.079999923706055,687,0.0,0.0
2024-07-23 11:36:00-04:00,11.079999923706055,11.079999923706055,11.079999923706055,11.079999923706055,515,0.0,0.0
2024-07-23 11:38:00-04:00,11.069999694824219,11.069999694824219,11.069999694824219,11.069999694824219,1041,0.0,0.0
2024-07-23 11:42:00-04:00,11.069999694824219,11.069999694824219,11.069999694824219,11.069999694824219,163,0.0,0.0
2024-07-23 11:44:00-04:00,11.0600004196167,11.0600004196167,11.0600004196167,11.0600004196167,351,0.0,0.0
2024-07-23 11:45:00-04:00,11.0600004196167,11.0600004196167,11.0600004196167,11.0600004196167,462,0.0,0.0
2024-07-23 11:46:00-04:00,11.0600004196167,11.0600004196167,11.050000190734863,11.050000190734863,2900,0.0,0.0
2024-07-23 11:48:00-04:00,11.050000190734863,11.050000190734863,11.039999961853027,11.039999961853027,1174,0.0,0.0
2024-07-23 11:49:00-04:00,11.039999961853027,11.050000190734863,11.039999961853027,11.039999961853027,605,0.0,0.0
2024-07-23 11:50:00-04:00,11.039999961853027,11.039999961853027,11.039999961853027,11.039999961853027,231,0.0,0.0
2024-07-23 11:52:00-04:00,11.029999732971191,11.029999732971191,11.020000457763672,11.024999618530273,2472,0.0,0.0
2024-07-23 11:53:00-04:00,11.029999732971191,11.029999732971191,11.015000343322754,11.015000343322754,3203,0.0,0.0
2024-07-23 11:57:00-04:00,11.020000457763672,11.069999694824219,11.020000457763672,11.0600004196167,12260,0.0,0.0
2024-07-23 11:58:00-04:00,11.0649995803833,11.074999809265137,11.0600004196167,11.0600004196167,2273,0.0,0.0
2024-07-23 12:00:00-04:00,11.050000190734863,11.050000190734863,11.050000190734863,11.050000190734863,100,0.0,0.0
2024-07-23 12:02:00-04:00,11.0600004196167,11.0600004196167,11.050000190734863,11.050000190734863,3090,0.0,0.0
2024-07-23 12:03:00-04:00,11.050000190734863,11.050000190734863,11.050000190734863,11.050000190734863,2620,0.0,0.0
2024-07-23 12:04:00-04:00,11.041500091552734,11.041500091552734,10.979999542236328,10.979999542236328,43139,0.0,0.0
2024-07-23 12:05:00-04:00,10.970000267028809,10.970000267028809,10.970000267028809,10.970000267028809,451,0.0,0.0
2024-07-23 12:06:00-04:00,10.975000381469727,10.975000381469727,10.975000381469727,10.975000381469727,374,0.0,0.0
2024-07-23 12:07:00-04:00,10.975000381469727,11.010000228881836,10.975000381469727,11.010000228881836,3372,0.0,0.0
2024-07-23 12:08:00-04:00,11.020000457763672,11.050000190734863,11.020000457763672,11.039999961853027,3902,0.0,0.0
2024-07-23 12:09:00-04:00,11.0600004196167,11.0600004196167,11.0600004196167,11.0600004196167,902,0.0,0.0
2024-07-23 12:10:00-04:00,11.069999694824219,11.069999694824219,11.069999694824219,11.069999694824219,403,0.0,0.0
2024-07-23 12:11:00-04:00,11.0600004196167,11.069999694824219,11.0600004196167,11.0600004196167,569,0.0,0.0
2024-07-23 12:12:00-04:00,11.069999694824219,11.069999694824219,11.069999694824219,11.069999694824219,247,0.0,0.0
2024-07-23 12:13:00-04:00,11.069700241088867,11.069999694824219,11.0649995803833,11.0649995803833,1033,0.0,0.0
2024-07-23 12:14:00-04:00,11.069999694824219,11.069999694824219,11.069999694824219,11.069999694824219,716,0.0,0.0
2024-07-23 12:16:00-04:00,11.069999694824219,11.069999694824219,11.069999694824219,11.069999694824219,284,0.0,0.0
2024-07-23 12:17:00-04:00,11.0600004196167,11.0600004196167,11.050000190734863,11.050000190734863,2994,0.0,0.0
2024-07-23 12:19:00-04:00,11.050000190734863,11.050000190734863,11.050000190734863,11.050000190734863,206,0.0,0.0
2024-07-23 12:21:00-04:00,11.0600004196167,11.0600004196167,11.055000305175781,11.059700012207031,882,0.0,0.0
2024-07-23 12:22:00-04:00,11.050000190734863,11.050000190734863,11.050000190734863,11.050000190734863,815,0.0,0.0
2024-07-23 12:23:00-04:00,11.050000190734863,11.050000190734863,11.050000190734863,11.050000190734863,100,0.0,0.0
2024-07-23 12:24:00-04:00,11.059499740600586,11.059499740600586,11.050000190734863,11.050000190734863,521,0.0,0.0
2024-07-23 12:26:00-04:00,11.050000190734863,11.050000190734863,11.050000190734863,11.050000190734863,501,0.0,0.0
2024-07-23 12:31:00-04:00,11.039999961853027,11.039999961853027,11.039999961853027,11.039999961853027,452,0.0,0.0
2024-07-23 12:33:00-04:00,11.050000190734863,11.050000190734863,11.050000190734863,11.050000190734863,219,0.0,0.0
2024-07-23 12:34:00-04:00,11.039999961853027,11.039999961853027,11.020000457763672,11.020000457763672,3600,0.0,0.0
2024-07-23 12:35:00-04:00,11.020000457763672,11.020000457763672,11.020000457763672,11.020000457763672,364,0.0,0.0
2024-07-23 12:36:00-04:00,11.020000457763672,11.020000457763672,11.020000457763672,11.020000457763672,100,0.0,0.0
2024-07-23 12:37:00-04:00,11.010000228881836,11.010000228881836,11.010000228881836,11.010000228881836,537,0.0,0.0
2024-07-23 12:39:00-04:00,11.010000228881836,11.010000228881836,11.010000228881836,11.010000228881836,414,0.0,0.0
2024-07-23 12:40:00-04:00,11.0,11.0,11.0,11.0,595,0.0,0.0
2024-07-23 12:42:00-04:00,11.010000228881836,11.020000457763672,11.005000114440918,11.005000114440918,4732,0.0,0.0
2024-07-23 12:43:00-04:00,11.010000228881836,11.010000228881836,11.010000228881836,11.010000228881836,148,0.0,0.0
2024-07-23 12:45:00-04:00,11.005000114440918,11.005000114440918,11.0,11.0,750,0.0,0.0
2024-07-23 12:47:00-04:00,11.005000114440918,11.010000228881836,11.005000114440918,11.010000228881836,1150,0.0,0.0
2024-07-23 12:48:00-04:00,11.010000228881836,11.010000228881836,11.0,11.0,502,0.0,0.0
2024-07-23 12:49:00-04:00,11.020000457763672,11.020000457763672,11.020000457763672,11.020000457763672,197,0.0,0.0
2024-07-23 12:51:00-04:00,11.020000457763672,11.020000457763672,11.0,11.010000228881836,1496,0.0,0.0
2024-07-23 12:53:00-04:00,11.010000228881836,11.010000228881836,11.010000228881836,11.010000228881836,201,0.0,0.0
2024-07-23 12:54:00-04:00,11.0,11.0,11.0,11.0,573,0.0,0.0
2024-07-23 12:55:00-04:00,11.020000457763672,11.020000457763672,11.020000457763672,11.020000457763672,100,0.0,0.0
2024-07-23 12:56:00-04:00,11.010000228881836,11.020000457763672,11.010000228881836,11.010000228881836,756,0.0,0.0
2024-07-23 12:57:00-04:00,11.0,11.0,10.970000267028809,10.970000267028809,55251,0.0,0.0
2024-07-23 12:58:00-04:00,10.979999542236328,10.979999542236328,10.970000267028809,10.970000267028809,1364,0.0,0.0
2024-07-23 12:59:00-04:00,10.970000267028809,10.979999542236328,10.970000267028809,10.979999542236328,5875,0.0,0.0
2024-07-23 13:00:00-04:00,10.979999542236328,10.979999542236328,10.979999542236328,10.979999542236328,100,0.0,0.0
2024-07-23 13:01:00-04:00,10.979999542236328,10.979999542236328,10.979999542236328,10.979999542236328,300,0.0,0.0
2024-07-23 13:02:00-04:00,10.979999542236328,10.989999771118164,10.979999542236328,10.979999542236328,842,0.0,0.0
2024-07-23 13:03:00-04:00,10.979999542236328,10.979999542236328,10.975000381469727,10.979999542236328,1072,0.0,0.0
2024-07-23 13:04:00-04:00,10.979999542236328,10.979999542236328,10.975000381469727,10.975000381469727,1453,0.0,0.0
2024-07-23 13:05:00-04:00,10.979999542236328,10.984999656677246,10.979999542236328,10.979999542236328,1990,0.0,0.0
2024-07-23 13:06:00-04:00,10.975000381469727,10.975000381469727,10.975000381469727,10.975000381469727,217,0.0,0.0
2024-07-23 13:07:00-04:00,10.979999542236328,10.979999542236328,10.979999542236328,10.979999542236328,233,0.0,0.0
2024-07-23 13:08:00-04:00,10.975000381469727,10.979999542236328,10.975000381469727,10.979999542236328,360,0.0,0.0
2024-07-23 13:09:00-04:00,10.979999542236328,10.979999542236328,10.979999542236328,10.979999542236328,410,0.0,0.0
2024-07-23 13:10:00-04:00,10.979999542236328,10.979999542236328,10.979999542236328,10.979999542236328,415,0.0,0.0
2024-07-23 13:11:00-04:00,10.979999542236328,10.984999656677246,10.979999542236328,10.984999656677246,1258,0.0,0.0
2024-07-23 13:12:00-04:00,10.989999771118164,10.989999771118164,10.989999771118164,10.989999771118164,452,0.0,0.0
2024-07-23 13:13:00-04:00,10.984999656677246,10.984999656677246,10.984999656677246,10.984999656677246,693,0.0,0.0
2024-07-23 13:15:00-04:00,10.979999542236328,10.979999542236328,10.975000381469727,10.975000381469727,5287,0.0,0.0
2024-07-23 13:18:00-04:00,10.970000267028809,10.970000267028809,10.970000267028809,10.970000267028809,101,0.0,0.0
2024-07-23 13:19:00-04:00,10.975000381469727,10.975000381469727,10.96500015258789,10.96500015258789,7649,0.0,0.0
2024-07-23 13:20:00-04:00,10.96500015258789,10.979900360107422,10.96500015258789,10.979900360107422,3118,0.0,0.0
2024-07-23 13:21:00-04:00,10.975000381469727,10.975000381469727,10.975000381469727,10.975000381469727,107,0.0,0.0
2024-07-23 13:23:00-04:00,10.975000381469727,10.975000381469727,10.975000381469727,10.975000381469727,528,0.0,0.0
2024-07-23 13:25:00-04:00,10.978500366210938,10.978500366210938,10.978500366210938,10.978500366210938,100,0.0,0.0
2024-07-23 13:26:00-04:00,10.975000381469727,10.975000381469727,10.975000381469727,10.975000381469727,100,0.0,0.0
2024-07-23 13:27:00-04:00,10.975000381469727,10.975000381469727,10.975000381469727,10.975000381469727,101,0.0,0.0
2024-07-23 13:28:00-04:00,10.975000381469727,10.975000381469727,10.975000381469727,10.975000381469727,320,0.0,0.0
2024-07-23 13:29:00-04:00,10.975000381469727,10.975000381469727,10.960000038146973,10.960000038146973,3515,0.0,0.0
2024-07-23 13:30:00-04:00,10.96500015258789,10.96500015258789,10.96500015258789,10.96500015258789,300,0.0,0.0
2024-07-23 13:31:00-04:00,10.96500015258789,10.989999771118164,10.96500015258789,10.989999771118164,58666,0.0,0.0
2024-07-23 13:32:00-04:00,10.989999771118164,11.005000114440918,10.989999771118164,10.994999885559082,58784,0.0,0.0
2024-07-23 13:33:00-04:00,10.994999885559082,10.998900413513184,10.989999771118164,10.989999771118164,1420,0.0,0.0
2024-07-23 13:34:00-04:00,10.994999885559082,11.010000228881836,10.994999885559082,11.010000228881836,3413,0.0,0.0
2024-07-23 13:35:00-04:00,11.019200325012207,11.019200325012207,11.010000228881836,11.010000228881836,1053,0.0,0.0
2024-07-23 13:36:00-04:00,11.010000228881836,11.010000228881836,11.0,11.010000228881836,2200,0.0,0.0
2024-07-23 13:37:00-04:00,11.0,11.0,10.979999542236328,10.979999542236328,6124,0.0,0.0
2024-07-23 13:39:00-04:00,10.970000267028809,10.970000267028809,10.970000267028809,10.970000267028809,2505,0.0,0.0
2024-07-23 13:40:00-04:00,10.970000267028809,10.979999542236328,10.970000267028809,10.979999542236328,500,0.0,0.0
2024-07-23 13:41:00-04:00,10.970000267028809,10.970000267028809,10.970000267028809,10.970000267028809,210,0.0,0.0
2024-07-23 13:43:00-04:00,10.970000267028809,10.975000381469727,10.970000267028809,10.975000381469727,744,0.0,0.0
2024-07-23 13:44:00-04:00,10.970000267028809,10.970000267028809,10.960000038146973,10.970000267028809,6648,0.0,0.0
2024-07-23 13:45:00-04:00,10.975000381469727,10.975000381469727,10.975000381469727,10.975000381469727,178,0.0,0.0
2024-07-23 13:46:00-04:00,10.970000267028809,10.970000267028809,10.970000267028809,10.970000267028809,204,0.0,0.0
2024-07-23 13:47:00-04:00,10.979999542236328,10.989999771118164,10.975000381469727,10.989999771118164,2229,0.0,0.0
2024-07-23 13:48:00-04:00,10.979999542236328,10.984999656677246,10.975000381469727,10.975000381469727,2281,0.0,0.0
2024-07-23 13:49:00-04:00,10.979999542236328,10.979999542236328,10.979999542236328,10.979999542236328,1853,0.0,0.0
2024-07-23 13:50:00-04:00,10.979999542236328,10.979999542236328,10.979999542236328,10.979999542236328,343,0.0,0.0
2024-07-23 13:51:00-04:00,10.989999771118164,10.989999771118164,10.989999771118164,10.989999771118164,100,0.0,0.0
2024-07-23 13:53:00-04:00,10.979999542236328,10.989999771118164,10.979999542236328,10.979999542236328,1067,0.0,0.0
2024-07-23 13:55:00-04:00,10.989999771118164,10.989999771118164,10.960000038146973,10.970000267028809,6760,0.0,0.0
2024-07-23 13:56:00-04:00,10.960000038146973,10.96500015258789,10.954999923706055,10.960000038146973,2907,0.0,0.0
2024-07-23 13:57:00-04:00,10.960000038146973,10.960000038146973,10.949999809265137,10.949999809265137,838,0.0,0.0
2024-07-23 13:58:00-04:00,10.949999809265137,10.949999809265137,10.949999809265137,10.949999809265137,177,0.0,0.0
2024-07-23 13:59:00-04:00,10.949999809265137,10.949999809265137,10.9399995803833,10.9399995803833,1043,0.0,0.0
2024-07-23 14:01:00-04:00,10.949999809265137,10.960000038146973,10.949999809265137,10.949999809265137,7255,0.0,0.0
2024-07-23 14:02:00-04:00,10.949999809265137,10.949999809265137,10.920000076293945,10.920000076293945,5473,0.0,0.0
2024-07-23 14:05:00-04:00,10.920000076293945,10.920000076293945,10.920000076293945,10.920000076293945,219,0.0,0.0
2024-07-23 14:06:00-04:00,10.930000305175781,10.930000305175781,10.930000305175781,10.930000305175781,1061,0.0,0.0
2024-07-23 14:07:00-04:00,10.9399995803833,10.9399995803833,10.930000305175781,10.930000305175781,1458,0.0,0.0
2024-07-23 14:08:00-04:00,10.930000305175781,10.9399995803833,10.927499771118164,10.930000305175781,8041,0.0,0.0
2024-07-23 14:09:00-04:00,10.9350004196167,10.9399995803833,10.9350004196167,10.9399995803833,2027,0.0,0.0
2024-07-23 14:12:00-04:00,10.949999809265137,10.949999809265137,10.9399995803833,10.9399995803833,230,0.0,0.0
2024-07-23 14:13:00-04:00,10.9399995803833,10.9399995803833,10.930000305175781,10.930999755859375,3205,0.0,0.0
2024-07-23 14:14:00-04:00,10.9350004196167,10.9399995803833,10.9350004196167,10.9350004196167,2022,0.0,0.0
2024-07-23 14:16:00-04:00,10.949999809265137,10.949999809265137,10.949999809265137,10.949999809265137,779,0.0,0.0
2024-07-23 14:17:00-04:00,10.944999694824219,10.944999694824219,10.9399995803833,10.9399995803833,4209,0.0,0.0
2024-07-23 14:20:00-04:00,10.930000305175781,10.930000305175781,10.930000305175781,10.930000305175781,555,0.0,0.0
2024-07-23 14:22:00-04:00,10.9399995803833,10.9399995803833,10.9350004196167,10.9399995803833,2491,0.0,0.0
2024-07-23 14:23:00-04:00,10.9350004196167,10.9399995803833,10.9350004196167,10.9399995803833,2319,0.0,0.0
2024-07-23 14:26:00-04:00,10.9399995803833,10.9399995803833,10.9399995803833,10.9399995803833,2739,0.0,0.0
2024-07-23 14:28:00-04:00,10.944999694824219,10.944999694824219,10.944999694824219,10.944999694824219,2406,0.0,0.0
2024-07-23 14:29:00-04:00,10.944999694824219,10.954999923706055,10.944999694824219,10.949999809265137,4168,0.0,0.0
2024-07-23 14:30:00-04:00,10.949999809265137,10.96500015258789,10.949999809265137,10.949999809265137,7328,0.0,0.0
2024-07-23 14:31:00-04:00,10.949999809265137,10.949999809265137,10.949999809265137,10.949999809265137,372,0.0,0.0
2024-07-23 14:35:00-04:00,10.944999694824219,10.949999809265137,10.9399995803833,10.945099830627441,1804,0.0,0.0
2024-07-23 14:37:00-04:00,10.944999694824219,10.944999694824219,10.9399995803833,10.9399995803833,2441,0.0,0.0
2024-07-23 14:38:00-04:00,10.9350004196167,10.9350004196167,10.930000305175781,10.930000305175781,790,0.0,0.0
2024-07-23 14:41:00-04:00,10.9350004196167,10.9399995803833,10.9350004196167,10.9350004196167,2023,0.0,0.0
2024-07-23 14:43:00-04:00,10.930000305175781,10.930000305175781,10.930000305175781,10.930000305175781,394,0.0,0.0
2024-07-23 14:46:00-04:00,10.9350004196167,10.9350004196167,10.9350004196167,10.9350004196167,407,0.0,0.0
2024-07-23 14:47:00-04:00,10.9399995803833,10.9399995803833,10.9350004196167,10.9350004196167,213,0.0,0.0
2024-07-23 14:48:00-04:00,10.930000305175781,10.930000305175781,10.930000305175781,10.930000305175781,1206,0.0,0.0
2024-07-23 14:49:00-04:00,10.9350004196167,10.9350004196167,10.9350004196167,10.9350004196167,184,0.0,0.0
2024-07-23 14:50:00-04:00,10.930000305175781,10.930000305175781,10.930000305175781,10.930000305175781,5875,0.0,0.0
2024-07-23 14:51:00-04:00,10.9350004196167,10.9350004196167,10.9350004196167,10.9350004196167,611,0.0,0.0
2024-07-23 14:52:00-04:00,10.9350004196167,10.9350004196167,10.9350004196167,10.9350004196167,100,0.0,0.0
2024-07-23 14:53:00-04:00,10.9350004196167,10.9399995803833,10.9350004196167,10.9399995803833,4442,0.0,0.0
2024-07-23 14:54:00-04:00,10.9399995803833,10.949999809265137,10.9399995803833,10.949999809265137,436,0.0,0.0
2024-07-23 14:55:00-04:00,10.949999809265137,10.949999809265137,10.944999694824219,10.944999694824219,473,0.0,0.0
2024-07-23 14:56:00-04:00,10.949999809265137,10.949999809265137,10.949999809265137,10.949999809265137,698,0.0,0.0
2024-07-23 14:57:00-04:00,10.944999694824219,10.949999809265137,10.9399995803833,10.9399995803833,713,0.0,0.0
2024-07-23 14:58:00-04:00,10.944999694824219,10.944999694824219,10.944999694824219,10.944999694824219,727,0.0,0.0
2024-07-23 14:59:00-04:00,10.947999954223633,10.949999809265137,10.944999694824219,10.949999809265137,5552,0.0,0.0
2024-07-23 15:00:00-04:00,10.9399995803833,10.954999923706055,10.9350004196167,10.9399995803833,14777,0.0,0.0
2024-07-23 15:01:00-04:00,10.949999809265137,10.949999809265137,10.949999809265137,10.949999809265137,3173,0.0,0.0
2024-07-23 15:02:00-04:00,10.9399995803833,10.949999809265137,10.9399995803833,10.949999809265137,5559,0.0,0.0
2024-07-23 15:03:00-04:00,10.940799713134766,10.941100120544434,10.940799713134766,10.941100120544434,1341,0.0,0.0
2024-07-23 15:04:00-04:00,10.944999694824219,10.944999694824219,10.944999694824219,10.944999694824219,2717,0.0,0.0
2024-07-23 15:05:00-04:00,10.949999809265137,10.949999809265137,10.944999694824219,10.944999694824219,208,0.0,0.0
2024-07-23 15:06:00-04:00,10.947500228881836,10.947500228881836,10.9399995803833,10.9399995803833,4303,0.0,0.0
2024-07-23 15:07:00-04:00,10.930000305175781,10.930000305175781,10.930000305175781,10.930000305175781,1855,0.0,0.0
2024-07-23 15:08:00-04:00,10.930000305175781,10.930000305175781,10.930000305175781,10.930000305175781,2462,0.0,0.0
2024-07-23 15:09:00-04:00,10.9350004196167,10.9350004196167,10.9350004196167,10.9350004196167,100,0.0,0.0
2024-07-23 15:10:00-04:00,10.930000305175781,10.930000305175781,10.925000190734863,10.930000305175781,6235,0.0,0.0
2024-07-23 15:12:00-04:00,10.930000305175781,10.9350004196167,10.927499771118164,10.930000305175781,3491,0.0,0.0
2024-07-23 15:14:00-04:00,10.9350004196167,10.9350004196167,10.9350004196167,10.9350004196167,536,0.0,0.0
2024-07-23 15:15:00-04:00,10.930000305175781,10.930000305175781,10.930000305175781,10.930000305175781,3135,0.0,0.0
2024-07-23 15:16:00-04:00,10.930000305175781,10.9350004196167,10.930000305175781,10.930000305175781,1495,0.0,0.0
2024-07-23 15:17:00-04:00,10.930000305175781,10.930000305175781,10.920000076293945,10.920000076293945,14074,0.0,0.0
2024-07-23 15:18:00-04:00,10.90999984741211,10.90999984741211,10.90999984741211,10.90999984741211,2135,0.0,0.0
2024-07-23 15:19:00-04:00,10.90999984741211,10.914999961853027,10.90999984741211,10.914999961853027,451,0.0,0.0
2024-07-23 15:20:00-04:00,10.90999984741211,10.90999984741211,10.904999732971191,10.90999984741211,2330,0.0,0.0
2024-07-23 15:21:00-04:00,10.90999984741211,10.90999984741211,10.90999984741211,10.90999984741211,300,0.0,0.0
2024-07-23 15:22:00-04:00,10.920000076293945,10.920000076293945,10.920000076293945,10.920000076293945,2770,0.0,0.0
2024-07-23 15:24:00-04:00,10.925000190734863,10.930000305175781,10.925000190734863,10.930000305175781,3190,0.0,0.0
2024-07-23 15:25:00-04:00,10.930000305175781,10.9350004196167,10.930000305175781,10.9350004196167,356,0.0,0.0
2024-07-23 15:26:00-04:00,10.9350004196167,10.9350004196167,10.9350004196167,10.9350004196167,887,0.0,0.0
2024-07-23 15:28:00-04:00,10.930000305175781,10.9350004196167,10.930000305175781,10.930000305175781,671,0.0,0.0
2024-07-23 15:30:00-04:00,10.90999984741211,10.90999984741211,10.904999732971191,10.90999984741211,10517,0.0,0.0
2024-07-23 15:31:00-04:00,10.918499946594238,10.918499946594238,10.90999984741211,10.90999984741211,1097,0.0,0.0
2024-07-23 15:33:00-04:00,10.90999984741211,10.90999984741211,10.890000343322754,10.890000343322754,10655,0.0,0.0
2024-07-23 15:34:00-04:00,10.890000343322754,10.890000343322754,10.885000228881836,10.885000228881836,3404,0.0,0.0
2024-07-23 15:35:00-04:00,10.885000228881836,10.885000228881836,10.864999771118164,10.869999885559082,13528,0.0,0.0
2024-07-23 15:36:00-04:00,10.875,10.875,10.875,10.875,167,0.0,0.0
2024-07-23 15:37:00-04:00,10.869999885559082,10.869999885559082,10.864999771118164,10.869999885559082,1597,0.0,0.0
2024-07-23 15:38:00-04:00,10.864999771118164,10.869999885559082,10.864999771118164,10.869999885559082,3537,0.0,0.0
2024-07-23 15:39:00-04:00,10.869999885559082,10.869999885559082,10.864999771118164,10.864999771118164,2865,0.0,0.0
2024-07-23 15:40:00-04:00,10.864999771118164,10.869999885559082,10.864999771118164,10.864999771118164,5526,0.0,0.0
2024-07-23 15:41:00-04:00,10.864999771118164,10.875,10.859999656677246,10.875,9476,0.0,0.0
2024-07-23 15:42:00-04:00,10.869999885559082,10.869999885559082,10.864999771118164,10.864999771118164,6083,0.0,0.0
2024-07-23 15:43:00-04:00,10.864999771118164,10.864999771118164,10.850000381469727,10.854999542236328,5490,0.0,0.0
2024-07-23 15:44:00-04:00,10.850000381469727,10.864999771118164,10.850000381469727,10.864999771118164,11443,0.0,0.0
2024-07-23 15:45:00-04:00,10.864999771118164,10.864999771118164,10.864999771118164,10.864999771118164,2572,0.0,0.0
2024-07-23 15:46:00-04:00,10.864999771118164,10.869999885559082,10.864999771118164,10.869999885559082,2642,0.0,0.0
2024-07-23 15:47:00-04:00,10.864999771118164,10.880000114440918,10.864999771118164,10.880000114440918,3999,0.0,0.0
2024-07-23 15:48:00-04:00,10.880000114440918,10.880000114440918,10.869999885559082,10.875,1514,0.0,0.0
2024-07-23 15:49:00-04:00,10.875,10.890000343322754,10.875,10.890000343322754,16459,0.0,0.0
2024-07-23 15:50:00-04:00,10.890000343322754,10.90999984741211,10.890000343322754,10.904999732971191,9499,0.0,0.0
2024-07-23 15:51:00-04:00,10.904999732971191,10.90999984741211,10.904999732971191,10.904999732971191,3090,0.0,0.0
2024-07-23 15:52:00-04:00,10.899999618530273,10.90999984741211,10.864999771118164,10.864999771118164,12653,0.0,0.0
2024-07-23 15:53:00-04:00,10.864999771118164,10.875,10.859999656677246,10.869999885559082,11796,0.0,0.0
2024-07-23 15:54:00-04:00,10.875,10.880000114440918,10.854999542236328,10.864999771118164,7635,0.0,0.0
2024-07-23 15:55:00-04:00,10.864999771118164,10.869999885559082,10.854999542236328,10.859999656677246,20112,0.0,0.0
2024-07-23 15:56:00-04:00,10.859999656677246,10.869999885559082,10.854999542236328,10.8641996383667,10480,0.0,0.0
2024-07-23 15:57:00-04:00,10.859999656677246,10.864999771118164,10.857500076293945,10.859999656677246,10995,0.0,0.0
2024-07-23 15:58:00-04:00,10.859999656677246,10.864999771118164,10.850000381469727,10.864999771118164,25339,0.0,0.0
2024-07-23 15:59:00-04:00,10.864999771118164,10.899999618530273,10.850000381469727,10.890000343322754,70153,0.0,0.0
2024-07-24 09:30:00-04:00,10.819999694824219,10.819999694824219,10.819999694824219,10.819999694824219,1502,0.0,0.0
2024-07-24 09:32:00-04:00,10.859999656677246,10.859999656677246,10.779999732971191,10.779999732971191,12800,0.0,0.0
2024-07-24 09:33:00-04:00,10.779999732971191,10.779999732971191,10.75,10.75,9185,0.0,0.0
2024-07-24 09:34:00-04:00,10.75,10.779999732971191,10.75,10.770000457763672,1930,0.0,0.0
2024-07-24 09:35:00-04:00,10.755000114440918,10.829999923706055,10.755000114440918,10.829999923706055,5915,0.0,0.0
2024-07-24 09:36:00-04:00,10.829999923706055,10.859999656677246,10.824999809265137,10.859999656677246,36246,0.0,0.0
2024-07-24 09:37:00-04:00,10.859999656677246,10.859999656677246,10.859999656677246,10.859999656677246,299,0.0,0.0
2024-07-24 09:38:00-04:00,10.859999656677246,10.859999656677246,10.859999656677246,10.859999656677246,100,0.0,0.0
2024-07-24 09:39:00-04:00,10.859999656677246,10.859999656677246,10.859999656677246,10.859999656677246,231,0.0,0.0
2024-07-24 09:40:00-04:00,10.859999656677246,10.859999656677246,10.859999656677246,10.859999656677246,138,0.0,0.0
2024-07-24 09:41:00-04:00,10.869999885559082,10.895000457763672,10.859999656677246,10.895000457763672,1114,0.0,0.0
2024-07-24 09:42:00-04:00,10.90999984741211,10.90999984741211,10.880000114440918,10.899999618530273,1003,0.0,0.0
2024-07-24 09:43:00-04:00,10.899999618530273,10.904999732971191,10.899999618530273,10.904999732971191,236,0.0,0.0
2024-07-24 09:44:00-04:00,10.904999732971191,10.904999732971191,10.904999732971191,10.904999732971191,104,0.0,0.0
2024-07-24 09:45:00-04:00,10.892499923706055,10.925000190734863,10.892499923706055,10.925000190734863,654,0.0,0.0
2024-07-24 09:46:00-04:00,10.910099983215332,10.949999809265137,10.910099983215332,10.920000076293945,4009,0.0,0.0
2024-07-24 09:47:00-04:00,10.9350004196167,10.9350004196167,10.920000076293945,10.925000190734863,734,0.0,0.0
2024-07-24 09:48:00-04:00,10.930000305175781,10.930000305175781,10.930000305175781,10.930000305175781,342,0.0,0.0
2024-07-24 09:49:00-04:00,10.930000305175781,10.930000305175781,10.899999618530273,10.899999618530273,644,0.0,0.0
2024-07-24 09:50:00-04:00,10.90999984741211,10.90999984741211,10.890000343322754,10.890000343322754,592,0.0,0.0
2024-07-24 09:51:00-04:00,10.890000343322754,10.930000305175781,10.890000343322754,10.930000305175781,786,0.0,0.0
2024-07-24 09:52:00-04:00,10.930000305175781,10.970000267028809,10.925000190734863,10.970000267028809,1264,0.0,0.0
2024-07-24 09:53:00-04:00,10.960000038146973,10.960000038146973,10.960000038146973,10.960000038146973,161,0.0,0.0
2024-07-24 09:54:00-04:00,10.960000038146973,10.960000038146973,10.869999885559082,10.869999885559082,3540,0.0,0.0
2024-07-24 09:55:00-04:00,10.864999771118164,10.880000114440918,10.859999656677246,10.869999885559082,1958,0.0,0.0
2024-07-24 09:56:00-04:00,10.869999885559082,10.869999885559082,10.869999885559082,10.869999885559082,165,0.0,0.0
2024-07-24 09:57:00-04:00,10.869999885559082,10.869999885559082,10.869999885559082,10.869999885559082,203,0.0,0.0
2024-07-24 09:58:00-04:00,10.869999885559082,10.90999984741211,10.869999885559082,10.890000343322754,1274,0.0,0.0
2024-07-24 09:59:00-04:00,10.920000076293945,10.920000076293945,10.904999732971191,10.920000076293945,2326,0.0,0.0
2024-07-24 10:00:00-04:00,10.920000076293945,10.9399995803833,10.914999961853027,10.9399995803833,2364,0.0,0.0
2024-07-24 10:01:00-04:00,10.92199993133545,10.92199993133545,10.90999984741211,10.920000076293945,4029,0.0,0.0
2024-07-24 10:02:00-04:00,10.920000076293945,10.949999809265137,10.920000076293945,10.949999809265137,890,0.0,0.0
2024-07-24 10:03:00-04:00,10.960000038146973,10.960000038146973,10.934499740600586,10.960000038146973,3725,0.0,0.0
2024-07-24 10:04:00-04:00,10.9399995803833,10.960000038146973,10.9399995803833,10.960000038146973,790,0.0,0.0
2024-07-24 10:05:00-04:00,10.942999839782715,10.970000267028809,10.9399995803833,10.960000038146973,2659,0.0,0.0
2024-07-24 10:06:00-04:00,10.960000038146973,10.979999542236328,10.960000038146973,10.970000267028809,1305,0.0,0.0
2024-07-24 10:07:00-04:00,10.96500015258789,10.96500015258789,10.960000038146973,10.96500015258789,450,0.0,0.0
2024-07-24 10:08:00-04:00,10.96500015258789,10.96500015258789,10.96500015258789,10.96500015258789,656,0.0,0.0
2024-07-24 10:09:00-04:00,10.96500015258789,10.96500015258789,10.96500015258789,10.96500015258789,236,0.0,0.0
2024-07-24 10:10:00-04:00,10.96500015258789,10.96500015258789,10.949999809265137,10.954999923706055,5057,0.0,0.0
2024-07-24 10:11:00-04:00,10.949999809265137,10.949999809265137,10.944999694824219,10.949999809265137,1031,0.0,0.0
2024-07-24 10:12:00-04:00,10.944999694824219,10.944999694824219,10.9399995803833,10.9399995803833,2151,0.0,0.0
2024-07-24 10:13:00-04:00,10.9350004196167,10.960000038146973,10.9350004196167,10.960000038146973,3431,0.0,0.0
2024-07-24 10:14:00-04:00,10.970000267028809,10.970000267028809,10.954999923706055,10.954999923706055,1160,0.0,0.0
2024-07-24 10:15:00-04:00,10.954999923706055,10.960000038146973,10.954999923706055,10.960000038146973,612,0.0,0.0
2024-07-24 10:16:00-04:00,10.960000038146973,10.960000038146973,10.960000038146973,10.960000038146973,400,0.0,0.0
2024-07-24 10:17:00-04:00,10.970000267028809,10.970000267028809,10.960000038146973,10.960000038146973,760,0.0,0.0
2024-07-24 10:18:00-04:00,10.951700210571289,10.970000267028809,10.951700210571289,10.960000038146973,1304,0.0,0.0
2024-07-24 10:19:00-04:00,10.960000038146973,10.970000267028809,10.960000038146973,10.970000267028809,786,0.0,0.0
2024-07-24 10:20:00-04:00,10.970000267028809,10.970000267028809,10.970000267028809,10.970000267028809,100,0.0,0.0
2024-07-24 10:21:00-04:00,10.970000267028809,10.989999771118164,10.970000267028809,10.979999542236328,2257,0.0,0.0
2024-07-24 10:22:00-04:00,10.979999542236328,10.989999771118164,10.979999542236328,10.989999771118164,374,0.0,0.0
2024-07-24 10:23:00-04:00,10.979999542236328,10.979999542236328,10.979999542236328,10.979999542236328,371,0.0,0.0
2024-07-24 10:24:00-04:00,10.979999542236328,10.979999542236328,10.970000267028809,10.975000381469727,4430,0.0,0.0
2024-07-24 10:25:00-04:00,10.970000267028809,10.979999542236328,10.970000267028809,10.979999542236328,931,0.0,0.0
2024-07-24 10:26:00-04:00,10.979999542236328,10.979999542236328,10.979999542236328,10.979999542236328,390,0.0,0.0
2024-07-24 10:27:00-04:00,10.979999542236328,10.979999542236328,10.979999542236328,10.979999542236328,401,0.0,0.0
2024-07-24 10:28:00-04:00,10.979999542236328,10.979999542236328,10.979999542236328,10.979999542236328,225,0.0,0.0
2024-07-24 10:29:00-04:00,10.979999542236328,11.0,10.975000381469727,11.0,6398,0.0,0.0
2024-07-24 10:30:00-04:00,11.010000228881836,11.010000228881836,11.010000228881836,11.010000228881836,203,0.0,0.0
2024-07-24 10:31:00-04:00,11.012999534606934,11.012999534606934,11.010000228881836,11.010000228881836,1653,0.0,0.0
2024-07-24 10:32:00-04:00,11.020000457763672,11.020000457763672,11.010000228881836,11.010000228881836,553,0.0,0.0
2024-07-24 10:33:00-04:00,11.020000457763672,11.029999732971191,11.010000228881836,11.029999732971191,2936,0.0,0.0
2024-07-24 10:34:00-04:00,11.020000457763672,11.029999732971191,11.020000457763672,11.020000457763672,1325,0.0,0.0
2024-07-24 10:35:00-04:00,11.020000457763672,11.0600004196167,11.020000457763672,11.055000305175781,1088,0.0,0.0
2024-07-24 10:36:00-04:00,11.039999961853027,11.069999694824219,11.039999961853027,11.055000305175781,1018,0.0,0.0
2024-07-24 10:37:00-04:00,11.069999694824219,11.069999694824219,11.0600004196167,11.0600004196167,700,0.0,0.0
2024-07-24 10:38:00-04:00,11.0600004196167,11.069999694824219,11.0600004196167,11.069999694824219,519,0.0,0.0
2024-07-24 10:39:00-04:00,11.069999694824219,11.069999694824219,11.069999694824219,11.069999694824219,217,0.0,0.0
2024-07-24 10:40:00-04:00,11.069999694824219,11.069999694824219,11.069999694824219,11.069999694824219,464,0.0,0.0
2024-07-24 10:41:00-04:00,11.069999694824219,11.079999923706055,11.069999694824219,11.079999923706055,491,0.0,0.0
2024-07-24 10:42:00-04:00,11.079999923706055,11.109999656677246,11.079999923706055,11.100000381469727,2370,0.0,0.0
2024-07-24 10:43:00-04:00,11.109999656677246,11.140000343322754,11.100000381469727,11.119999885559082,5110,0.0,0.0
2024-07-24 10:44:00-04:00,11.119999885559082,11.130000114440918,11.119999885559082,11.130000114440918,883,0.0,0.0
2024-07-24 10:45:00-04:00,11.119999885559082,11.130000114440918,11.119999885559082,11.130000114440918,3254,0.0,0.0
2024-07-24 10:46:00-04:00,11.130000114440918,11.130000114440918,11.119999885559082,11.130000114440918,557,0.0,0.0
2024-07-24 10:47:00-04:00,11.130000114440918,11.149999618530273,11.130000114440918,11.149999618530273,3010,0.0,0.0
2024-07-24 10:48:00-04:00,11.149999618530273,11.149999618530273,11.140000343322754,11.149999618530273,1478,0.0,0.0
2024-07-24 10:49:00-04:00,11.149999618530273,11.149999618530273,11.119999885559082,11.119999885559082,4415,0.0,0.0
2024-07-24 10:50:00-04:00,11.119999885559082,11.119999885559082,11.119999885559082,11.119999885559082,328,0.0,0.0
2024-07-24 10:51:00-04:00,11.119999885559082,11.119999885559082,11.119999885559082,11.119999885559082,106,0.0,0.0
2024-07-24 10:52:00-04:00,11.119999885559082,11.130000114440918,11.119999885559082,11.119999885559082,16067,0.0,0.0
2024-07-24 10:54:00-04:00,11.140000343322754,11.149999618530273,11.140000343322754,11.149999618530273,19884,0.0,0.0
2024-07-24 10:55:00-04:00,11.149999618530273,11.15999984741211,11.149999618530273,11.149999618530273,2741,0.0,0.0
2024-07-24 10:56:00-04:00,11.149999618530273,11.15999984741211,11.149999618530273,11.15999984741211,1300,0.0,0.0
2024-07-24 10:57:00-04:00,11.15999984741211,11.15999984741211,11.149999618530273,11.149999618530273,3805,0.0,0.0
2024-07-24 10:58:00-04:00,11.15999984741211,11.15999984741211,11.125,11.125,8821,0.0,0.0
2024-07-24 10:59:00-04:00,11.119999885559082,11.119999885559082,11.109999656677246,11.109999656677246,1669,0.0,0.0
2024-07-24 11:00:00-04:00,11.100000381469727,11.100000381469727,11.095000267028809,11.100000381469727,307,0.0,0.0
2024-07-24 11:01:00-04:00,11.100000381469727,11.100000381469727,11.100000381469727,11.100000381469727,360,0.0,0.0
2024-07-24 11:02:00-04:00,11.100000381469727,11.100000381469727,11.100000381469727,11.100000381469727,100,0.0,0.0
2024-07-24 11:03:00-04:00,11.109999656677246,11.15999984741211,11.100000381469727,11.149999618530273,18051,0.0,0.0
2024-07-24 11:04:00-04:00,11.164999961853027,11.164999961853027,11.15999984741211,11.164999961853027,519,0.0,0.0
2024-07-24 11:05:00-04:00,11.164999961853027,11.180000305175781,11.149999618530273,11.15999984741211,1819,0.0,0.0
2024-07-24 11:06:00-04:00,11.170000076293945,11.170000076293945,11.170000076293945,11.170000076293945,359,0.0,0.0
2024-07-24 11:07:00-04:00,11.175000190734863,11.175000190734863,11.164999961853027,11.164999961853027,2664,0.0,0.0
2024-07-24 11:09:00-04:00,11.164999961853027,11.164999961853027,11.164999961853027,11.164999961853027,491,0.0,0.0
2024-07-24 11:10:00-04:00,11.15999984741211,11.180000305175781,11.15999984741211,11.180000305175781,3517,0.0,0.0
2024-07-24 11:11:00-04:00,11.180000305175781,11.180000305175781,11.180000305175781,11.180000305175781,325,0.0,0.0
2024-07-24 11:12:00-04:00,11.1850004196167,11.1850004196167,11.1850004196167,11.1850004196167,100,0.0,0.0
2024-07-24 11:13:00-04:00,11.1850004196167,11.1850004196167,11.149999618530273,11.149999618530273,2779,0.0,0.0
2024-07-24 11:14:00-04:00,11.15999984741211,11.15999984741211,11.15999984741211,11.15999984741211,3085,0.0,0.0
2024-07-24 11:15:00-04:00,11.15999984741211,11.170000076293945,11.15999984741211,11.164999961853027,672,0.0,0.0
2024-07-24 11:16:00-04:00,11.164999961853027,11.164999961853027,11.164999961853027,11.164999961853027,326,0.0,0.0
2024-07-24 11:17:00-04:00,11.170000076293945,11.170000076293945,11.135000228881836,11.135000228881836,1927,0.0,0.0
2024-07-24 11:18:00-04:00,11.140000343322754,11.140000343322754,11.135000228881836,11.135000228881836,988,0.0,0.0
2024-07-24 11:21:00-04:00,11.140000343322754,11.140000343322754,11.135000228881836,11.135000228881836,634,0.0,0.0
2024-07-24 11:22:00-04:00,11.140000343322754,11.140000343322754,11.140000343322754,11.140000343322754,755,0.0,0.0
2024-07-24 11:23:00-04:00,11.140000343322754,11.15999984741211,11.140000343322754,11.15999984741211,2133,0.0,0.0
2024-07-24 11:25:00-04:00,11.15999984741211,11.170000076293945,11.15999984741211,11.170000076293945,1557,0.0,0.0
2024-07-24 11:26:00-04:00,11.170000076293945,11.170000076293945,11.170000076293945,11.170000076293945,500,0.0,0.0
2024-07-24 11:27:00-04:00,11.175000190734863,11.180000305175781,11.175000190734863,11.180000305175781,1069,0.0,0.0
2024-07-24 11:28:00-04:00,11.175000190734863,11.175000190734863,11.170000076293945,11.170000076293945,1390,0.0,0.0
2024-07-24 11:29:00-04:00,11.170000076293945,11.170000076293945,11.164999961853027,11.164999961853027,1611,0.0,0.0
2024-07-24 11:32:00-04:00,11.175000190734863,11.175000190734863,11.175000190734863,11.175000190734863,602,0.0,0.0
2024-07-24 11:33:00-04:00,11.180000305175781,11.180000305175781,11.175000190734863,11.175000190734863,408,0.0,0.0
2024-07-24 11:34:00-04:00,11.175000190734863,11.1899995803833,11.175000190734863,11.1899995803833,1255,0.0,0.0
2024-07-24 11:35:00-04:00,11.199999809265137,11.199999809265137,11.1899995803833,11.1899995803833,438,0.0,0.0
2024-07-24 11:36:00-04:00,11.1899995803833,11.199999809265137,11.1899995803833,11.199999809265137,1272,0.0,0.0
2024-07-24 11:37:00-04:00,11.194999694824219,11.194999694824219,11.194999694824219,11.194999694824219,300,0.0,0.0
2024-07-24 11:38:00-04:00,11.1899995803833,11.194999694824219,11.1899995803833,11.194999694824219,1942,0.0,0.0
2024-07-24 11:39:00-04:00,11.199999809265137,11.199999809265137,11.1899995803833,11.1899995803833,1986,0.0,0.0
2024-07-24 11:40:00-04:00,11.180000305175781,11.180000305175781,11.15999984741211,11.15999984741211,4399,0.0,0.0
2024-07-24 11:41:00-04:00,11.170000076293945,11.170000076293945,11.170000076293945,11.170000076293945,299,0.0,0.0
2024-07-24 11:42:00-04:00,11.175000190734863,11.175000190734863,11.175000190734863,11.175000190734863,110,0.0,0.0
2024-07-24 11:43:00-04:00,11.170000076293945,11.170000076293945,11.170000076293945,11.170000076293945,424,0.0,0.0
2024-07-24 11:45:00-04:00,11.15999984741211,11.15999984741211,11.140000343322754,11.149999618530273,3954,0.0,0.0
2024-07-24 11:46:00-04:00,11.140000343322754,11.140000343322754,11.109999656677246,11.109999656677246,1690,0.0,0.0
2024-07-24 11:47:00-04:00,11.109999656677246,11.130000114440918,11.109999656677246,11.130000114440918,4002,0.0,0.0
2024-07-24 11:48:00-04:00,11.130000114440918,11.130000114440918,11.125,11.130000114440918,4630,0.0,0.0
2024-07-24 11:49:00-04:00,11.130000114440918,11.130000114440918,11.125,11.130000114440918,1160,0.0,0.0
2024-07-24 11:51:00-04:00,11.140000343322754,11.140000343322754,11.135000228881836,11.140000343322754,1147,0.0,0.0
2024-07-24 11:52:00-04:00,11.140000343322754,11.140000343322754,11.135000228881836,11.140000343322754,1241,0.0,0.0
2024-07-24 11:53:00-04:00,11.140000343322754,11.140000343322754,11.140000343322754,11.140000343322754,5091,0.0,0.0
2024-07-24 11:54:00-04:00,11.140000343322754,11.140000343322754,11.140000343322754,11.140000343322754,1263,0.0,0.0
2024-07-24 11:55:00-04:00,11.140000343322754,11.140000343322754,11.135000228881836,11.140000343322754,1940,0.0,0.0
2024-07-24 11:57:00-04:00,11.135000228881836,11.140000343322754,11.135000228881836,11.135000228881836,630,0.0,0.0
2024-07-24 11:58:00-04:00,11.135499954223633,11.140000343322754,11.130000114440918,11.130000114440918,1888,0.0,0.0
2024-07-24 11:59:00-04:00,11.135000228881836,11.140000343322754,11.135000228881836,11.135000228881836,574,0.0,0.0
2024-07-24 12:00:00-04:00,11.135000228881836,11.135000228881836,11.135000228881836,11.135000228881836,100,0.0,0.0
2024-07-24 12:01:00-04:00,11.140000343322754,11.140000343322754,11.135000228881836,11.135000228881836,3265,0.0,0.0
2024-07-24 12:02:00-04:00,11.135000228881836,11.149999618530273,11.135000228881836,11.149999618530273,8483,0.0,0.0
2024-07-24 12:03:00-04:00,11.15999984741211,11.15999984741211,11.149999618530273,11.149999618530273,385,0.0,0.0
2024-07-24 12:04:00-04:00,11.149999618530273,11.149999618530273,11.135000228881836,11.140000343322754,7244,0.0,0.0
2024-07-24 12:05:00-04:00,11.149999618530273,11.149999618530273,11.149999618530273,11.149999618530273,487,0.0,0.0
2024-07-24 12:06:00-04:00,11.149999618530273,11.149999618530273,11.140000343322754,11.140000343322754,1875,0.0,0.0
2024-07-24 12:07:00-04:00,11.140000343322754,11.140000343322754,11.135000228881836,11.135000228881836,1500,0.0,0.0
2024-07-24 12:09:00-04:00,11.135000228881836,11.140000343322754,11.130000114440918,11.130000114440918,1020,0.0,0.0
2024-07-24 12:10:00-04:00,11.135000228881836,11.135000228881836,11.125,11.125,2601,0.0,0.0
2024-07-24 12:11:00-04:00,11.125,11.125,11.010000228881836,11.045000076293945,61370,0.0,0.0
2024-07-24 12:12:00-04:00,11.0600004196167,11.085000038146973,11.039999961853027,11.085000038146973,7069,0.0,0.0
2024-07-24 12:13:00-04:00,11.085000038146973,11.09000015258789,11.079999923706055,11.09000015258789,604,0.0,0.0
2024-07-24 12:14:00-04:00,11.079999923706055,11.085000038146973,11.079999923706055,11.085000038146973,430,0.0,0.0
2024-07-24 12:16:00-04:00,11.085000038146973,11.09000015258789,11.085000038146973,11.09000015258789,872,0.0,0.0
2024-07-24 12:17:00-04:00,11.09000015258789,11.09000015258789,11.09000015258789,11.09000015258789,257,0.0,0.0
2024-07-24 12:18:00-04:00,11.082300186157227,11.082300186157227,11.069999694824219,11.069999694824219,1601,0.0,0.0
2024-07-24 12:19:00-04:00,11.0600004196167,11.0649995803833,11.0600004196167,11.0649995803833,1910,0.0,0.0
2024-07-24 12:21:00-04:00,11.0600004196167,11.0600004196167,11.0600004196167,11.0600004196167,443,0.0,0.0
2024-07-24 12:22:00-04:00,11.0600004196167,11.0600004196167,11.050000190734863,11.050000190734863,836,0.0,0.0
2024-07-24 12:23:00-04:00,11.039999961853027,11.039999961853027,11.029999732971191,11.029999732971191,429,0.0,0.0
2024-07-24 12:24:00-04:00,11.015000343322754,11.015000343322754,11.015000343322754,11.015000343322754,525,0.0,0.0
2024-07-24 12:25:00-04:00,11.010000228881836,11.010000228881836,11.0,11.0,2358,0.0,0.0
2024-07-24 12:26:00-04:00,11.0,11.0,11.0,11.0,595,0.0,0.0
2024-07-24 12:27:00-04:00,11.0,11.0,10.989999771118164,11.0,783,0.0,0.0
2024-07-24 12:28:00-04:00,11.0,11.010000228881836,11.0,11.0,1340,0.0,0.0
2024-07-24 12:29:00-04:00,11.0,11.0,11.0,11.0,692,0.0,0.0
2024-07-24 12:30:00-04:00,11.0,11.010000228881836,11.0,11.005000114440918,2271,0.0,0.0
2024-07-24 12:31:00-04:00,11.005000114440918,11.005000114440918,11.005000114440918,11.005000114440918,702,0.0,0.0
2024-07-24 12:32:00-04:00,11.005000114440918,11.005000114440918,11.005000114440918,11.005000114440918,820,0.0,0.0
2024-07-24 12:33:00-04:00,11.005000114440918,11.010000228881836,11.005000114440918,11.005000114440918,1212,0.0,0.0
2024-07-24 12:34:00-04:00,11.0,11.0,10.989999771118164,10.989999771118164,2832,0.0,0.0
2024-07-24 12:35:00-04:00,10.994999885559082,11.0,10.989999771118164,10.989999771118164,887,0.0,0.0
2024-07-24 12:36:00-04:00,10.989999771118164,11.0,10.989999771118164,11.0,2937,0.0,0.0
2024-07-24 12:37:00-04:00,10.984999656677246,10.984999656677246,10.970000267028809,10.970000267028809,1233,0.0,0.0
2024-07-24 12:40:00-04:00,10.975000381469727,10.979999542236328,10.975000381469727,10.979999542236328,847,0.0,0.0
2024-07-24 12:41:00-04:00,10.975000381469727,10.975000381469727,10.975000381469727,10.975000381469727,401,0.0,0.0
2024-07-24 12:42:00-04:00,10.975000381469727,10.975000381469727,10.975000381469727,10.975000381469727,469,0.0,0.0
2024-07-24 12:43:00-04:00,10.975000381469727,10.979999542236328,10.975000381469727,10.975000381469727,315,0.0,0.0
2024-07-24 12:44:00-04:00,10.975000381469727,11.010000228881836,10.970000267028809,10.970000267028809,17443,0.0,0.0
2024-07-24 12:47:00-04:00,10.979999542236328,10.984999656677246,10.979999542236328,10.979999542236328,1063,0.0,0.0
2024-07-24 12:48:00-04:00,10.979999542236328,10.989999771118164,10.979999542236328,10.984999656677246,893,0.0,0.0
2024-07-24 12:49:00-04:00,10.984999656677246,10.984999656677246,10.984999656677246,10.984999656677246,194,0.0,0.0
2024-07-24 12:50:00-04:00,10.984999656677246,10.984999656677246,10.984999656677246,10.984999656677246,573,0.0,0.0
2024-07-24 12:51:00-04:00,10.984999656677246,10.989999771118164,10.984999656677246,10.989999771118164,622,0.0,0.0
2024-07-24 12:52:00-04:00,10.984999656677246,10.989999771118164,10.984999656677246,10.989999771118164,593,0.0,0.0
2024-07-24 12:53:00-04:00,10.989999771118164,10.989999771118164,10.979999542236328,10.979999542236328,1526,0.0,0.0
2024-07-24 12:54:00-04:00,10.989999771118164,10.989999771118164,10.975000381469727,10.975000381469727,1576,0.0,0.0
2024-07-24 12:55:00-04:00,10.979999542236328,10.984999656677246,10.979999542236328,10.979999542236328,1106,0.0,0.0
2024-07-24 12:57:00-04:00,10.989999771118164,10.989999771118164,10.984999656677246,10.984999656677246,655,0.0,0.0
2024-07-24 12:58:00-04:00,10.979999542236328,10.989999771118164,10.979999542236328,10.989999771118164,498,0.0,0.0
2024-07-24 12:59:00-04:00,10.984999656677246,10.984999656677246,10.9399995803833,10.9399995803833,3972,0.0,0.0
2024-07-24 13:00:00-04:00,10.949999809265137,10.960000038146973,10.949999809265137,10.949999809265137,1215,0.0,0.0
2024-07-24 13:02:00-04:00,10.949999809265137,10.949999809265137,10.941499710083008,10.949999809265137,1429,0.0,0.0
2024-07-24 13:03:00-04:00,10.949999809265137,10.949999809265137,10.930000305175781,10.930000305175781,1614,0.0,0.0
2024-07-24 13:04:00-04:00,10.930000305175781,10.930000305175781,10.930000305175781,10.930000305175781,404,0.0,0.0
2024-07-24 13:05:00-04:00,10.930000305175781,10.930000305175781,10.920000076293945,10.920000076293945,6930,0.0,0.0
2024-07-24 13:06:00-04:00,10.930000305175781,10.9399995803833,10.930000305175781,10.930000305175781,433,0.0,0.0
2024-07-24 13:07:00-04:00,10.930000305175781,10.9399995803833,10.930000305175781,10.930000305175781,606,0.0,0.0
2024-07-24 13:08:00-04:00,10.930000305175781,10.930000305175781,10.930000305175781,10.930000305175781,528,0.0,0.0
2024-07-24 13:10:00-04:00,10.930000305175781,10.9399995803833,10.930000305175781,10.930000305175781,1750,0.0,0.0
2024-07-24 13:11:00-04:00,10.930000305175781,10.930000305175781,10.930000305175781,10.930000305175781,563,0.0,0.0
2024-07-24 13:12:00-04:00,10.930000305175781,10.9399995803833,10.920000076293945,10.920000076293945,3128,0.0,0.0
2024-07-24 13:13:00-04:00,10.920000076293945,10.920000076293945,10.920000076293945,10.920000076293945,141,0.0,0.0
2024-07-24 13:14:00-04:00,10.920000076293945,10.920000076293945,10.920000076293945,10.920000076293945,231,0.0,0.0
2024-07-24 13:15:00-04:00,10.930000305175781,10.930000305175781,10.920000076293945,10.920000076293945,430,0.0,0.0
2024-07-24 13:16:00-04:00,10.920000076293945,10.928999900817871,10.920000076293945,10.928999900817871,1381,0.0,0.0
2024-07-24 13:17:00-04:00,10.920000076293945,10.920000076293945,10.920000076293945,10.920000076293945,406,0.0,0.0
2024-07-24 13:18:00-04:00,10.920000076293945,10.920000076293945,10.920000076293945,10.920000076293945,116,0.0,0.0
2024-07-24 13:19:00-04:00,10.920000076293945,10.930000305175781,10.920000076293945,10.920000076293945,803,0.0,0.0
2024-07-24 13:20:00-04:00,10.920000076293945,10.930000305175781,10.920000076293945,10.920000076293945,563,0.0,0.0
2024-07-24 13:21:00-04:00,10.920000076293945,10.920000076293945,10.920000076293945,10.920000076293945,1556,0.0,0.0
2024-07-24 13:22:00-04:00,10.920000076293945,10.920000076293945,10.920000076293945,10.920000076293945,137,0.0,0.0
2024-07-24 13:23:00-04:00,10.90999984741211,10.90999984741211,10.899999618530273,10.899999618530273,7206,0.0,0.0
2024-07-24 13:24:00-04:00,10.890000343322754,10.890000343322754,10.880000114440918,10.880000114440918,651,0.0,0.0
2024-07-24 13:27:00-04:00,10.890000343322754,10.890000343322754,10.890000343322754,10.890000343322754,102,0.0,0.0
2024-07-24 13:28:00-04:00,10.880000114440918,10.890000343322754,10.880000114440918,10.890000343322754,414,0.0,0.0
2024-07-24 13:29:00-04:00,10.880000114440918,10.880000114440918,10.869999885559082,10.869999885559082,3644,0.0,0.0
2024-07-24 13:30:00-04:00,10.875,10.890000343322754,10.875,10.880000114440918,2217,0.0,0.0
2024-07-24 13:31:00-04:00,10.880000114440918,10.880000114440918,10.880000114440918,10.880000114440918,256,0.0,0.0
2024-07-24 13:32:00-04:00,10.880000114440918,10.880000114440918,10.880000114440918,10.880000114440918,414,0.0,0.0
2024-07-24 13:33:00-04:00,10.880000114440918,10.880000114440918,10.880000114440918,10.880000114440918,109,0.0,0.0
2024-07-24 13:34:00-04:00,10.880000114440918,10.90999984741211,10.880000114440918,10.90999984741211,2547,0.0,0.0
2024-07-24 13:35:00-04:00,10.904999732971191,10.904999732971191,10.904999732971191,10.904999732971191,336,0.0,0.0
2024-07-24 13:36:00-04:00,10.899999618530273,10.899999618530273,10.899999618530273,10.899999618530273,382,0.0,0.0
2024-07-24 13:37:00-04:00,10.904999732971191,10.904999732971191,10.904999732971191,10.904999732971191,113,0.0,0.0
2024-07-24 13:38:00-04:00,10.904999732971191,10.904999732971191,10.904999732971191,10.904999732971191,194,0.0,0.0
2024-07-24 13:39:00-04:00,10.904999732971191,10.90999984741211,10.904999732971191,10.90999984741211,211,0.0,0.0
2024-07-24 13:40:00-04:00,10.904999732971191,10.90999984741211,10.899999618530273,10.90999984741211,1516,0.0,0.0
2024-07-24 13:41:00-04:00,10.90999984741211,10.90999984741211,10.904999732971191,10.904999732971191,549,0.0,0.0
2024-07-24 13:42:00-04:00,10.899999618530273,10.899999618530273,10.890000343322754,10.890000343322754,3201,0.0,0.0
2024-07-24 13:43:00-04:00,10.890000343322754,10.890000343322754,10.890000343322754,10.890000343322754,410,0.0,0.0
2024-07-24 13:44:00-04:00,10.890000343322754,10.890000343322754,10.890000343322754,10.890000343322754,356,0.0,0.0
2024-07-24 13:46:00-04:00,10.880000114440918,10.880000114440918,10.880000114440918,10.880000114440918,1036,0.0,0.0
2024-07-24 13:47:00-04:00,10.899999618530273,10.899999618530273,10.890000343322754,10.890000343322754,461,0.0,0.0
2024-07-24 13:48:00-04:00,10.880000114440918,10.880000114440918,10.880000114440918,10.880000114440918,325,0.0,0.0
2024-07-24 13:49:00-04:00,10.890000343322754,10.890000343322754,10.880000114440918,10.880000114440918,5805,0.0,0.0
2024-07-24 13:52:00-04:00,10.880000114440918,10.880000114440918,10.880000114440918,10.880000114440918,584,0.0,0.0
2024-07-24 13:53:00-04:00,10.890000343322754,10.890000343322754,10.890000343322754,10.890000343322754,124,0.0,0.0
2024-07-24 13:54:00-04:00,10.880000114440918,10.890000343322754,10.880000114440918,10.880000114440918,1303,0.0,0.0
2024-07-24 13:55:00-04:00,10.880000114440918,10.880000114440918,10.880000114440918,10.880000114440918,437,0.0,0.0
2024-07-24 13:56:00-04:00,10.880000114440918,10.890000343322754,10.880000114440918,10.880000114440918,1213,0.0,0.0
2024-07-24 13:57:00-04:00,10.869999885559082,10.880000114440918,10.869999885559082,10.880000114440918,972,0.0,0.0
2024-07-24 13:58:00-04:00,10.890000343322754,10.904999732971191,10.880000114440918,10.899999618530273,5764,0.0,0.0
2024-07-24 13:59:00-04:00,10.899999618530273,10.90999984741211,10.890000343322754,10.890000343322754,1447,0.0,0.0
2024-07-24 14:00:00-04:00,10.90999984741211,10.90999984741211,10.899999618530273,10.899999618530273,614,0.0,0.0
2024-07-24 14:01:00-04:00,10.90999984741211,10.90999984741211,10.899999618530273,10.90999984741211,1832,0.0,0.0
2024-07-24 14:02:00-04:00,10.899999618530273,10.899999618530273,10.899999618530273,10.899999618530273,401,0.0,0.0
2024-07-24 14:03:00-04:00,10.890000343322754,10.90999984741211,10.869999885559082,10.869999885559082,7520,0.0,0.0
2024-07-24 14:04:00-04:00,10.880000114440918,10.880000114440918,10.880000114440918,10.880000114440918,917,0.0,0.0
2024-07-24 14:05:00-04:00,10.880000114440918,10.880000114440918,10.880000114440918,10.880000114440918,111,0.0,0.0
2024-07-24 14:06:00-04:00,10.880000114440918,10.890000343322754,10.880000114440918,10.890000343322754,1936,0.0,0.0
2024-07-24 14:08:00-04:00,10.890000343322754,10.890000343322754,10.890000343322754,10.890000343322754,422,0.0,0.0
2024-07-24 14:09:00-04:00,10.880000114440918,10.890000343322754,10.880000114440918,10.890000343322754,853,0.0,0.0
2024-07-24 14:10:00-04:00,10.890000343322754,10.890000343322754,10.890000343322754,10.890000343322754,402,0.0,0.0
2024-07-24 14:11:00-04:00,10.890000343322754,10.890000343322754,10.880000114440918,10.880000114440918,2639,0.0,0.0
2024-07-24 14:12:00-04:00,10.885000228881836,10.885000228881836,10.875,10.875,1702,0.0,0.0
2024-07-24 14:13:00-04:00,10.875,10.875,10.875,10.875,1201,0.0,0.0
2024-07-24 14:16:00-04:00,10.875,10.875,10.875,10.875,639,0.0,0.0
2024-07-24 14:17:00-04:00,10.880000114440918,10.880000114440918,10.875,10.875,227,0.0,0.0
2024-07-24 14:18:00-04:00,10.869999885559082,10.875,10.869999885559082,10.869999885559082,6043,0.0,0.0
2024-07-24 14:20:00-04:00,10.869999885559082,10.875,10.869999885559082,10.875,332,0.0,0.0
2024-07-24 14:21:00-04:00,10.869999885559082,10.869999885559082,10.859999656677246,10.859999656677246,20278,0.0,0.0
2024-07-24 14:23:00-04:00,10.850000381469727,10.850099563598633,10.850000381469727,10.850099563598633,252,0.0,0.0
2024-07-24 14:24:00-04:00,10.850000381469727,10.850000381469727,10.850000381469727,10.850000381469727,1249,0.0,0.0
2024-07-24 14:25:00-04:00,10.850000381469727,10.859999656677246,10.850000381469727,10.859999656677246,4132,0.0,0.0
2024-07-24 14:26:00-04:00,10.869999885559082,10.869999885559082,10.859999656677246,10.859999656677246,1019,0.0,0.0
2024-07-24 14:27:00-04:00,10.859999656677246,10.859999656677246,10.859999656677246,10.859999656677246,386,0.0,0.0
2024-07-24 14:29:00-04:00,10.859999656677246,10.859999656677246,10.850000381469727,10.850000381469727,4424,0.0,0.0
2024-07-24 14:31:00-04:00,10.845000267028809,10.850000381469727,10.845000267028809,10.845000267028809,1197,0.0,0.0
2024-07-24 14:32:00-04:00,10.850000381469727,10.850000381469727,10.850000381469727,10.850000381469727,183,0.0,0.0
2024-07-24 14:34:00-04:00,10.845000267028809,10.845000267028809,10.819999694824219,10.830699920654297,4049,0.0,0.0
2024-07-24 14:35:00-04:00,10.829999923706055,10.829999923706055,10.819999694824219,10.829999923706055,1145,0.0,0.0
2024-07-24 14:36:00-04:00,10.829999923706055,10.829999923706055,10.829999923706055,10.829999923706055,817,0.0,0.0
2024-07-24 14:37:00-04:00,10.829999923706055,10.829999923706055,10.819999694824219,10.819999694824219,1012,0.0,0.0
2024-07-24 14:38:00-04:00,10.829999923706055,10.84000015258789,10.829999923706055,10.829999923706055,2162,0.0,0.0
2024-07-24 14:39:00-04:00,10.829999923706055,10.829999923706055,10.819999694824219,10.829999923706055,6546,0.0,0.0
2024-07-24 14:40:00-04:00,10.829999923706055,10.829999923706055,10.819999694824219,10.819999694824219,990,0.0,0.0
2024-07-24 14:41:00-04:00,10.829999923706055,10.829999923706055,10.819999694824219,10.824999809265137,520,0.0,0.0
2024-07-24 14:42:00-04:00,10.819999694824219,10.819999694824219,10.8100004196167,10.8100004196167,3440,0.0,0.0
2024-07-24 14:43:00-04:00,10.805000305175781,10.8100004196167,10.805000305175781,10.805000305175781,1333,0.0,0.0
2024-07-24 14:44:00-04:00,10.800000190734863,10.805000305175781,10.800000190734863,10.805000305175781,1438,0.0,0.0
2024-07-24 14:45:00-04:00,10.8100004196167,10.8149995803833,10.805000305175781,10.8149995803833,5870,0.0,0.0
2024-07-24 14:46:00-04:00,10.8149995803833,10.8149995803833,10.800000190734863,10.800000190734863,2654,0.0,0.0
2024-07-24 14:47:00-04:00,10.8100004196167,10.8100004196167,10.8100004196167,10.8100004196167,100,0.0,0.0
2024-07-24 14:48:00-04:00,10.800000190734863,10.800000190734863,10.800000190734863,10.800000190734863,718,0.0,0.0
2024-07-24 14:49:00-04:00,10.800000190734863,10.800000190734863,10.789999961853027,10.800000190734863,839,0.0,0.0
2024-07-24 14:50:00-04:00,10.800000190734863,10.800000190734863,10.800000190734863,10.800000190734863,786,0.0,0.0
2024-07-24 14:51:00-04:00,10.79319953918457,10.800000190734863,10.79319953918457,10.800000190734863,721,0.0,0.0
2024-07-24 14:52:00-04:00,10.800000190734863,10.800000190734863,10.800000190734863,10.800000190734863,692,0.0,0.0
2024-07-24 14:53:00-04:00,10.800000190734863,10.800000190734863,10.779999732971191,10.779999732971191,2493,0.0,0.0
2024-07-24 14:54:00-04:00,10.779999732971191,10.779999732971191,10.770000457763672,10.779999732971191,332,0.0,0.0
2024-07-24 14:55:00-04:00,10.779999732971191,10.78499984741211,10.779999732971191,10.78499984741211,3404,0.0,0.0
2024-07-24 14:56:00-04:00,10.78499984741211,10.78499984741211,10.78499984741211,10.78499984741211,157,0.0,0.0
2024-07-24 14:57:00-04:00,10.78499984741211,10.78499984741211,10.78499984741211,10.78499984741211,305,0.0,0.0
2024-07-24 14:58:00-04:00,10.789999961853027,10.789999961853027,10.789999961853027,10.789999961853027,664,0.0,0.0
2024-07-24 14:59:00-04:00,10.78499984741211,10.789999961853027,10.78499984741211,10.78499984741211,1582,0.0,0.0
2024-07-24 15:00:00-04:00,10.789999961853027,10.800000190734863,10.779999732971191,10.787699699401855,5415,0.0,0.0
2024-07-24 15:01:00-04:00,10.779999732971191,10.779999732971191,10.779999732971191,10.779999732971191,1270,0.0,0.0
2024-07-24 15:02:00-04:00,10.779999732971191,10.779999732971191,10.779999732971191,10.779999732971191,205,0.0,0.0
2024-07-24 15:03:00-04:00,10.771400451660156,10.789999961853027,10.771400451660156,10.779999732971191,1207,0.0,0.0
2024-07-24 15:04:00-04:00,10.779999732971191,10.779999732971191,10.770000457763672,10.779999732971191,777,0.0,0.0
2024-07-24 15:06:00-04:00,10.779999732971191,10.779999732971191,10.779999732971191,10.779999732971191,1135,0.0,0.0
2024-07-24 15:07:00-04:00,10.779999732971191,10.779999732971191,10.779999732971191,10.779999732971191,398,0.0,0.0
2024-07-24 15:08:00-04:00,10.789999961853027,10.789999961853027,10.779999732971191,10.78499984741211,1821,0.0,0.0
2024-07-24 15:09:00-04:00,10.78499984741211,10.78499984741211,10.78499984741211,10.78499984741211,821,0.0,0.0
2024-07-24 15:10:00-04:00,10.78499984741211,10.800000190734863,10.78499984741211,10.800000190734863,5097,0.0,0.0
2024-07-24 15:11:00-04:00,10.800000190734863,10.8100004196167,10.800000190734863,10.800000190734863,913,0.0,0.0
2024-07-24 15:12:00-04:00,10.800000190734863,10.800000190734863,10.789999961853027,10.795000076293945,2841,0.0,0.0
2024-07-24 15:13:00-04:00,10.789999961853027,10.789999961853027,10.789999961853027,10.789999961853027,1662,0.0,0.0
2024-07-24 15:14:00-04:00,10.78499984741211,10.789999961853027,10.78499984741211,10.78499984741211,505,0.0,0.0
2024-07-24 15:15:00-04:00,10.78499984741211,10.789999961853027,10.774999618530273,10.774999618530273,2258,0.0,0.0
2024-07-24 15:16:00-04:00,10.779999732971191,10.779999732971191,10.779999732971191,10.779999732971191,554,0.0,0.0
2024-07-24 15:17:00-04:00,10.779999732971191,10.779999732971191,10.774999618530273,10.779999732971191,2169,0.0,0.0
2024-07-24 15:19:00-04:00,10.774999618530273,10.774999618530273,10.760000228881836,10.760000228881836,5138,0.0,0.0
2024-07-24 15:20:00-04:00,10.770000457763672,10.770000457763672,10.770000457763672,10.770000457763672,2050,0.0,0.0
2024-07-24 15:21:00-04:00,10.765000343322754,10.765000343322754,10.765000343322754,10.765000343322754,1253,0.0,0.0
2024-07-24 15:22:00-04:00,10.760000228881836,10.760000228881836,10.760000228881836,10.760000228881836,2625,0.0,0.0
2024-07-24 15:23:00-04:00,10.760000228881836,10.760000228881836,10.760000228881836,10.760000228881836,406,0.0,0.0
2024-07-24 15:24:00-04:00,10.770000457763672,10.770000457763672,10.760000228881836,10.765000343322754,2034,0.0,0.0
2024-07-24 15:25:00-04:00,10.765000343322754,10.765000343322754,10.765000343322754,10.765000343322754,877,0.0,0.0
2024-07-24 15:26:00-04:00,10.765000343322754,10.765000343322754,10.760000228881836,10.760000228881836,2944,0.0,0.0
2024-07-24 15:27:00-04:00,10.755000114440918,10.755000114440918,10.755000114440918,10.755000114440918,1337,0.0,0.0
2024-07-24 15:28:00-04:00,10.75,10.75,10.744999885559082,10.75,4966,0.0,0.0
2024-07-24 15:29:00-04:00,10.760000228881836,10.779999732971191,10.75,10.779999732971191,10842,0.0,0.0
2024-07-24 15:30:00-04:00,10.779999732971191,10.789999961853027,10.779999732971191,10.789999961853027,1877,0.0,0.0
2024-07-24 15:31:00-04:00,10.789999961853027,10.789999961853027,10.789999961853027,10.789999961853027,327,0.0,0.0
2024-07-24 15:32:00-04:00,10.789999961853027,10.789999961853027,10.789999961853027,10.789999961853027,3827,0.0,0.0
2024-07-24 15:33:00-04:00,10.789999961853027,10.789999961853027,10.789999961853027,10.789999961853027,1343,0.0,0.0
2024-07-24 15:34:00-04:00,10.789999961853027,10.789999961853027,10.789999961853027,10.789999961853027,2876,0.0,0.0
2024-07-24 15:35:00-04:00,10.789999961853027,10.800000190734863,10.789999961853027,10.789999961853027,2306,0.0,0.0
2024-07-24 15:36:00-04:00,10.789999961853027,10.789999961853027,10.789999961853027,10.789999961853027,904,0.0,0.0
2024-07-24 15:37:00-04:00,10.789999961853027,10.795000076293945,10.78499984741211,10.795000076293945,9497,0.0,0.0
2024-07-24 15:38:00-04:00,10.795000076293945,10.795000076293945,10.789999961853027,10.789999961853027,1731,0.0,0.0
2024-07-24 15:39:00-04:00,10.784799575805664,10.784799575805664,10.765000343322754,10.765000343322754,6180,0.0,0.0
2024-07-24 15:40:00-04:00,10.765000343322754,10.765000343322754,10.760000228881836,10.765000343322754,2019,0.0,0.0
2024-07-24 15:41:00-04:00,10.765000343322754,10.765000343322754,10.765000343322754,10.765000343322754,369,0.0,0.0
2024-07-24 15:42:00-04:00,10.765000343322754,10.805000305175781,10.765000343322754,10.800000190734863,24314,0.0,0.0
2024-07-24 15:43:00-04:00,10.805000305175781,10.819999694824219,10.805000305175781,10.819999694824219,2491,0.0,0.0
2024-07-24 15:44:00-04:00,10.819999694824219,10.819999694824219,10.75,10.75,24526,0.0,0.0
2024-07-24 15:45:00-04:00,10.75,10.789999961853027,10.744999885559082,10.789999961853027,16534,0.0,0.0
2024-07-24 15:46:00-04:00,10.78499984741211,10.8100004196167,10.78499984741211,10.8100004196167,2449,0.0,0.0
2024-07-24 15:47:00-04:00,10.8100004196167,10.829999923706055,10.8100004196167,10.824999809265137,2799,0.0,0.0
2024-07-24 15:48:00-04:00,10.829999923706055,10.829999923706055,10.8100004196167,10.8100004196167,3676,0.0,0.0
2024-07-24 15:49:00-04:00,10.8100004196167,10.819999694824219,10.8100004196167,10.8149995803833,1226,0.0,0.0
2024-07-24 15:50:00-04:00,10.819999694824219,10.819999694824219,10.805000305175781,10.805000305175781,4384,0.0,0.0
2024-07-24 15:51:00-04:00,10.805000305175781,10.805000305175781,10.795000076293945,10.805000305175781,7025,0.0,0.0
2024-07-24 15:52:00-04:00,10.800000190734863,10.805000305175781,10.795000076293945,10.795000076293945,8625,0.0,0.0
2024-07-24 15:53:00-04:00,10.789999961853027,10.800000190734863,10.789999961853027,10.795000076293945,9215,0.0,0.0
2024-07-24 15:54:00-04:00,10.795000076293945,10.8100004196167,10.795000076293945,10.800000190734863,12549,0.0,0.0
2024-07-24 15:55:00-04:00,10.795000076293945,10.800000190734863,10.789999961853027,10.800000190734863,9736,0.0,0.0
2024-07-24 15:56:00-04:00,10.800000190734863,10.805000305175781,10.78499984741211,10.78499984741211,35107,0.0,0.0
2024-07-24 15:57:00-04:00,10.78499984741211,10.805000305175781,10.78499984741211,10.805000305175781,18815,0.0,0.0
2024-07-24 15:58:00-04:00,10.8100004196167,10.819999694824219,10.805000305175781,10.8100004196167,25283,0.0,0.0
2024-07-24 15:59:00-04:00,10.8149995803833,10.850000381469727,10.8100004196167,10.850000381469727,68067,0.0,0.0
2024-07-25 09:32:00-04:00,10.824999809265137,10.84000015258789,10.729999542236328,10.789999961853027,9887,0.0,0.0
2024-07-25 09:34:00-04:00,10.729999542236328,10.739999771118164,10.720000267028809,10.729999542236328,1368,0.0,0.0
2024-07-25 09:35:00-04:00,10.739999771118164,10.739999771118164,10.725000381469727,10.725000381469727,793,0.0,0.0
2024-07-25 09:36:00-04:00,10.699999809265137,10.699999809265137,10.649999618530273,10.649999618530273,1126,0.0,0.0
2024-07-25 09:37:00-04:00,10.649999618530273,10.670000076293945,10.649999618530273,10.649999618530273,899,0.0,0.0
2024-07-25 09:38:00-04:00,10.65999984741211,10.65999984741211,10.600000381469727,10.600000381469727,2093,0.0,0.0
2024-07-25 09:39:00-04:00,10.619999885559082,10.640000343322754,10.600000381469727,10.640000343322754,1535,0.0,0.0
2024-07-25 09:40:00-04:00,10.619999885559082,10.639900207519531,10.604000091552734,10.604000091552734,2593,0.0,0.0
2024-07-25 09:41:00-04:00,10.600000381469727,10.640000343322754,10.600000381469727,10.619999885559082,829,0.0,0.0
2024-07-25 09:42:00-04:00,10.600000381469727,10.619999885559082,10.600000381469727,10.600000381469727,720,0.0,0.0
2024-07-25 09:43:00-04:00,10.619999885559082,10.619999885559082,10.600000381469727,10.600000381469727,875,0.0,0.0
2024-07-25 09:44:00-04:00,10.600000381469727,10.619999885559082,10.600000381469727,10.609999656677246,2522,0.0,0.0
2024-07-25 09:45:00-04:00,10.630000114440918,10.680000305175781,10.630000114440918,10.670000076293945,16349,0.0,0.0
2024-07-25 09:46:00-04:00,10.680000305175781,10.6899995803833,10.680000305175781,10.6899995803833,325,0.0,0.0
2024-07-25 09:47:00-04:00,10.65999984741211,10.670000076293945,10.649999618530273,10.649999618530273,4350,0.0,0.0
2024-07-25 09:48:00-04:00,10.640000343322754,10.65999984741211,10.640000343322754,10.649999618530273,1095,0.0,0.0
2024-07-25 09:49:00-04:00,10.640000343322754,10.65999984741211,10.637999534606934,10.65999984741211,2874,0.0,0.0
2024-07-25 09:50:00-04:00,10.649999618530273,10.649999618530273,10.649999618530273,10.649999618530273,202,0.0,0.0
2024-07-25 09:51:00-04:00,10.640000343322754,10.640000343322754,10.609999656677246,10.609999656677246,2670,0.0,0.0
2024-07-25 09:52:00-04:00,10.609999656677246,10.609999656677246,10.609999656677246,10.609999656677246,435,0.0,0.0
2024-07-25 09:53:00-04:00,10.619999885559082,10.649999618530273,10.600000381469727,10.619999885559082,65436,0.0,0.0
2024-07-25 09:54:00-04:00,10.614999771118164,10.614999771118164,10.600000381469727,10.600000381469727,27384,0.0,0.0
2024-07-25 09:55:00-04:00,10.600000381469727,10.619999885559082,10.59000015258789,10.59000015258789,15265,0.0,0.0
2024-07-25 09:56:00-04:00,10.59000015258789,10.59000015258789,10.59000015258789,10.59000015258789,233,0.0,0.0
2024-07-25 09:57:00-04:00,10.579999923706055,10.604999542236328,10.579999923706055,10.604999542236328,13414,0.0,0.0
2024-07-25 09:58:00-04:00,10.609999656677246,10.609999656677246,10.609999656677246,10.609999656677246,1220,0.0,0.0
2024-07-25 09:59:00-04:00,10.619999885559082,10.619999885559082,10.61050033569336,10.61050033569336,945,0.0,0.0
2024-07-25 10:00:00-04:00,10.600000381469727,10.600000381469727,10.59000015258789,10.600000381469727,43538,0.0,0.0
2024-07-25 10:01:00-04:00,10.609999656677246,10.670000076293945,10.609999656677246,10.664999961853027,2798,0.0,0.0
2024-07-25 10:02:00-04:00,10.664999961853027,10.664999961853027,10.640000343322754,10.640000343322754,1823,0.0,0.0
2024-07-25 10:03:00-04:00,10.640000343322754,10.640000343322754,10.630000114440918,10.630000114440918,780,0.0,0.0
2024-07-25 10:04:00-04:00,10.630000114440918,10.630000114440918,10.600000381469727,10.600000381469727,2073,0.0,0.0
2024-07-25 10:05:00-04:00,10.600000381469727,10.609999656677246,10.600000381469727,10.609999656677246,545,0.0,0.0
2024-07-25 10:06:00-04:00,10.609999656677246,10.619999885559082,10.609999656677246,10.609999656677246,3204,0.0,0.0
2024-07-25 10:07:00-04:00,10.609999656677246,10.609999656677246,10.609999656677246,10.609999656677246,121,0.0,0.0
2024-07-25 10:08:00-04:00,10.609999656677246,10.630000114440918,10.574999809265137,10.574999809265137,58377,0.0,0.0
2024-07-25 10:09:00-04:00,10.553999900817871,10.553999900817871,10.510000228881836,10.510000228881836,1981,0.0,0.0
2024-07-25 10:10:00-04:00,10.510000228881836,10.515000343322754,10.5,10.5,827,0.0,0.0
2024-07-25 10:11:00-04:00,10.5,10.5,10.479999542236328,10.489999771118164,3763,0.0,0.0
2024-07-25 10:12:00-04:00,10.5,10.5,10.5,10.5,3667,0.0,0.0
2024-07-25 10:13:00-04:00,10.479999542236328,10.510000228881836,10.470000267028809,10.510000228881836,47571,0.0,0.0
2024-07-25 10:14:00-04:00,10.510000228881836,10.510000228881836,10.5,10.5,2311,0.0,0.0
2024-07-25 10:15:00-04:00,10.520000457763672,10.520000457763672,10.5,10.510000228881836,1873,0.0,0.0
2024-07-25 10:16:00-04:00,10.529999732971191,10.550000190734863,10.529999732971191,10.545000076293945,1686,0.0,0.0
2024-07-25 10:17:00-04:00,10.5600004196167,10.5600004196167,10.529999732971191,10.529999732971191,2080,0.0,0.0
2024-07-25 10:18:00-04:00,10.529999732971191,10.550000190734863,10.529999732971191,10.539999961853027,1748,0.0,0.0
2024-07-25 10:19:00-04:00,10.550000190734863,10.609999656677246,10.550000190734863,10.609999656677246,3706,0.0,0.0
2024-07-25 10:20:00-04:00,10.600000381469727,10.600000381469727,10.579999923706055,10.600000381469727,1592,0.0,0.0
2024-07-25 10:21:00-04:00,10.600000381469727,10.619999885559082,10.600000381469727,10.619999885559082,2138,0.0,0.0
2024-07-25 10:22:00-04:00,10.604999542236328,10.604999542236328,10.5600004196167,10.5600004196167,6751,0.0,0.0
2024-07-25 10:23:00-04:00,10.5600004196167,10.579999923706055,10.5600004196167,10.579999923706055,1378,0.0,0.0
2024-07-25 10:24:00-04:00,10.579999923706055,10.579999923706055,10.550000190734863,10.5649995803833,746,0.0,0.0
2024-07-25 10:25:00-04:00,10.569999694824219,10.579999923706055,10.5649995803833,10.5649995803833,493,0.0,0.0
2024-07-25 10:26:00-04:00,10.569999694824219,10.569999694824219,10.5600004196167,10.569999694824219,1671,0.0,0.0
2024-07-25 10:27:00-04:00,10.569999694824219,10.625,10.569999694824219,10.625,11145,0.0,0.0
2024-07-25 10:28:00-04:00,10.619999885559082,10.619999885559082,10.609999656677246,10.609999656677246,897,0.0,0.0
2024-07-25 10:29:00-04:00,10.619999885559082,10.619999885559082,10.609999656677246,10.619999885559082,1355,0.0,0.0
2024-07-25 10:30:00-04:00,10.617300033569336,10.640000343322754,10.609999656677246,10.619999885559082,24052,0.0,0.0
2024-07-25 10:31:00-04:00,10.600000381469727,10.619999885559082,10.600000381469727,10.619999885559082,1233,0.0,0.0
2024-07-25 10:32:00-04:00,10.614999771118164,10.614999771118164,10.614999771118164,10.614999771118164,2132,0.0,0.0
2024-07-25 10:33:00-04:00,10.614999771118164,10.630000114440918,10.600000381469727,10.609999656677246,2491,0.0,0.0
2024-07-25 10:34:00-04:00,10.619999885559082,10.619999885559082,10.619999885559082,10.619999885559082,2313,0.0,0.0
2024-07-25 10:35:00-04:00,10.609999656677246,10.619999885559082,10.609999656677246,10.609999656677246,1022,0.0,0.0
2024-07-25 10:36:00-04:00,10.619999885559082,10.640000343322754,10.609999656677246,10.630000114440918,8523,0.0,0.0
2024-07-25 10:37:00-04:00,10.630000114440918,10.640000343322754,10.619999885559082,10.630000114440918,1939,0.0,0.0
2024-07-25 10:38:00-04:00,10.625,10.630000114440918,10.625,10.630000114440918,205,0.0,0.0
2024-07-25 10:39:00-04:00,10.630000114440918,10.630000114440918,10.609999656677246,10.609999656677246,1339,0.0,0.0
2024-07-25 10:40:00-04:00,10.619999885559082,10.670000076293945,10.609999656677246,10.65999984741211,36474,0.0,0.0
2024-07-25 10:41:00-04:00,10.65999984741211,10.65999984741211,10.649999618530273,10.649999618530273,1008,0.0,0.0
2024-07-25 10:42:00-04:00,10.670000076293945,10.689000129699707,10.649999618530273,10.680000305175781,4236,0.0,0.0
2024-07-25 10:43:00-04:00,10.680000305175781,10.6899995803833,10.670000076293945,10.6899995803833,1546,0.0,0.0
2024-07-25 10:44:00-04:00,10.6899995803833,10.6899995803833,10.670000076293945,10.680000305175781,1568,0.0,0.0
2024-07-25 10:45:00-04:00,10.680000305175781,10.710000038146973,10.680000305175781,10.710000038146973,1195,0.0,0.0
2024-07-25 10:46:00-04:00,10.710000038146973,10.739999771118164,10.710000038146973,10.729999542236328,1521,0.0,0.0
2024-07-25 10:47:00-04:00,10.739999771118164,10.75,10.739999771118164,10.75,899,0.0,0.0
2024-07-25 10:49:00-04:00,10.75,10.75,10.699999809265137,10.699999809265137,6542,0.0,0.0
2024-07-25 10:50:00-04:00,10.704999923706055,10.710000038146973,10.704999923706055,10.704999923706055,814,0.0,0.0
2024-07-25 10:51:00-04:00,10.704999923706055,10.71500015258789,10.704999923706055,10.71500015258789,6600,0.0,0.0
2024-07-25 10:52:00-04:00,10.720000267028809,10.770000457763672,10.720000267028809,10.770000457763672,37494,0.0,0.0
2024-07-25 10:53:00-04:00,10.770000457763672,10.800000190734863,10.755000114440918,10.800000190734863,25212,0.0,0.0
2024-07-25 10:54:00-04:00,10.800000190734863,10.824999809265137,10.789999961853027,10.824999809265137,8942,0.0,0.0
2024-07-25 10:55:00-04:00,10.829999923706055,10.829999923706055,10.829999923706055,10.829999923706055,303,0.0,0.0
2024-07-25 10:57:00-04:00,10.84000015258789,10.84000015258789,10.829999923706055,10.829999923706055,928,0.0,0.0
2024-07-25 10:58:00-04:00,10.829999923706055,10.84000015258789,10.829999923706055,10.829999923706055,4373,0.0,0.0
2024-07-25 10:59:00-04:00,10.829999923706055,10.84000015258789,10.819999694824219,10.829999923706055,8204,0.0,0.0
2024-07-25 11:00:00-04:00,10.829999923706055,10.829999923706055,10.829999923706055,10.829999923706055,100,0.0,0.0
2024-07-25 11:02:00-04:00,10.824999809265137,10.829999923706055,10.819999694824219,10.819999694824219,968,0.0,0.0
2024-07-25 11:05:00-04:00,10.824999809265137,10.824999809265137,10.824999809265137,10.824999809265137,14422,0.0,0.0
2024-07-25 11:06:00-04:00,10.824999809265137,10.869999885559082,10.824999809265137,10.864999771118164,16674,0.0,0.0
2024-07-25 11:09:00-04:00,10.869999885559082,10.869999885559082,10.869999885559082,10.869999885559082,1627,0.0,0.0
2024-07-25 11:10:00-04:00,10.880000114440918,10.899999618530273,10.880000114440918,10.899999618530273,1238,0.0,0.0
2024-07-25 11:11:00-04:00,10.899999618530273,10.899999618530273,10.895000457763672,10.899999618530273,858,0.0,0.0
2024-07-25 11:12:00-04:00,10.895000457763672,10.899999618530273,10.895000457763672,10.899999618530273,972,0.0,0.0
2024-07-25 11:13:00-04:00,10.90999984741211,10.930000305175781,10.90999984741211,10.930000305175781,1181,0.0,0.0
2024-07-25 11:14:00-04:00,10.920000076293945,10.920000076293945,10.920000076293945,10.920000076293945,1844,0.0,0.0
2024-07-25 11:15:00-04:00,10.920000076293945,10.9399995803833,10.920000076293945,10.930000305175781,3091,0.0,0.0
2024-07-25 11:16:00-04:00,10.930000305175781,10.939900398254395,10.930000305175781,10.939900398254395,446,0.0,0.0
2024-07-25 11:17:00-04:00,10.9399995803833,10.960000038146973,10.9399995803833,10.944999694824219,2341,0.0,0.0
2024-07-25 11:19:00-04:00,10.960000038146973,10.960000038146973,10.949999809265137,10.949999809265137,1066,0.0,0.0
2024-07-25 11:20:00-04:00,10.949999809265137,10.949999809265137,10.949999809265137,10.949999809265137,363,0.0,0.0
2024-07-25 11:21:00-04:00,10.949999809265137,10.949999809265137,10.949999809265137,10.949999809265137,746,0.0,0.0
2024-07-25 11:23:00-04:00,10.949999809265137,10.949999809265137,10.9350004196167,10.9399995803833,2271,0.0,0.0
2024-07-25 11:24:00-04:00,10.9350004196167,10.9399995803833,10.9350004196167,10.9350004196167,1290,0.0,0.0
2024-07-25 11:25:00-04:00,10.930000305175781,10.930000305175781,10.930000305175781,10.930000305175781,1485,0.0,0.0
2024-07-25 11:27:00-04:00,10.90999984741211,10.90999984741211,10.90999984741211,10.90999984741211,6963,0.0,0.0
2024-07-25 11:30:00-04:00,10.914999961853027,10.914999961853027,10.914999961853027,10.914999961853027,668,0.0,0.0
2024-07-25 11:31:00-04:00,10.914999961853027,10.930000305175781,10.914999961853027,10.930000305175781,1619,0.0,0.0
2024-07-25 11:32:00-04:00,10.930000305175781,10.939000129699707,10.930000305175781,10.939000129699707,1220,0.0,0.0
2024-07-25 11:33:00-04:00,10.9399995803833,10.949999809265137,10.9399995803833,10.949999809265137,701,0.0,0.0
2024-07-25 11:34:00-04:00,10.960000038146973,10.960000038146973,10.944999694824219,10.944999694824219,626,0.0,0.0
2024-07-25 11:35:00-04:00,10.944999694824219,10.949999809265137,10.944999694824219,10.944999694824219,678,0.0,0.0
2024-07-25 11:36:00-04:00,10.944999694824219,10.944999694824219,10.930000305175781,10.930000305175781,3434,0.0,0.0
2024-07-25 11:37:00-04:00,10.930000305175781,10.930000305175781,10.930000305175781,10.930000305175781,305,0.0,0.0
2024-07-25 11:38:00-04:00,10.9399995803833,10.9399995803833,10.9350004196167,10.9350004196167,517,0.0,0.0
2024-07-25 11:39:00-04:00,10.9350004196167,10.9399995803833,10.9350004196167,10.9399995803833,549,0.0,0.0
2024-07-25 11:40:00-04:00,10.9350004196167,10.9350004196167,10.9350004196167,10.9350004196167,471,0.0,0.0
2024-07-25 11:41:00-04:00,10.930000305175781,10.9350004196167,10.930000305175781,10.9350004196167,2239,0.0,0.0
2024-07-25 11:42:00-04:00,10.9350004196167,10.9350004196167,10.930000305175781,10.930999755859375,671,0.0,0.0
2024-07-25 11:43:00-04:00,10.9399995803833,10.9399995803833,10.9350004196167,10.9350004196167,2079,0.0,0.0
2024-07-25 11:44:00-04:00,10.9399995803833,10.9399995803833,10.930000305175781,10.939000129699707,953,0.0,0.0
2024-07-25 11:45:00-04:00,10.9399995803833,10.949999809265137,10.9399995803833,10.9399995803833,924,0.0,0.0
2024-07-25 11:46:00-04:00,10.9399995803833,10.949999809265137,10.930000305175781,10.9399995803833,930,0.0,0.0
2024-07-25 11:47:00-04:00,10.9399995803833,10.9399995803833,10.9399995803833,10.9399995803833,373,0.0,0.0
2024-07-25 11:48:00-04:00,10.949999809265137,10.949999809265137,10.949999809265137,10.949999809265137,214,0.0,0.0
2024-07-25 11:49:00-04:00,10.9399995803833,10.9399995803833,10.930000305175781,10.9399995803833,1051,0.0,0.0
2024-07-25 11:50:00-04:00,10.9399995803833,10.9399995803833,10.9399995803833,10.9399995803833,132,0.0,0.0
2024-07-25 11:51:00-04:00,10.9399995803833,10.9399995803833,10.9399995803833,10.9399995803833,500,0.0,0.0
2024-07-25 11:52:00-04:00,10.9399995803833,10.9399995803833,10.9399995803833,10.9399995803833,306,0.0,0.0
2024-07-25 11:53:00-04:00,10.9399995803833,10.9399995803833,10.930000305175781,10.9399995803833,395,0.0,0.0
2024-07-25 11:54:00-04:00,10.9399995803833,10.9399995803833,10.9399995803833,10.9399995803833,901,0.0,0.0
2024-07-25 11:55:00-04:00,10.9399995803833,10.9399995803833,10.930000305175781,10.930000305175781,502,0.0,0.0
2024-07-25 11:56:00-04:00,10.930000305175781,10.9399995803833,10.930000305175781,10.9399995803833,1500,0.0,0.0
2024-07-25 11:57:00-04:00,10.9399995803833,10.949999809265137,10.9399995803833,10.949999809265137,829,0.0,0.0
2024-07-25 11:58:00-04:00,10.9399995803833,10.9399995803833,10.925000190734863,10.925000190734863,4101,0.0,0.0
2024-07-25 11:59:00-04:00,10.930000305175781,10.930000305175781,10.925000190734863,10.930000305175781,707,0.0,0.0
2024-07-25 12:00:00-04:00,10.930000305175781,10.9399995803833,10.925000190734863,10.9399995803833,3118,0.0,0.0
2024-07-25 12:01:00-04:00,10.930000305175781,10.930000305175781,10.930000305175781,10.930000305175781,925,0.0,0.0
2024-07-25 12:02:00-04:00,10.930000305175781,10.960000038146973,10.930000305175781,10.960000038146973,2494,0.0,0.0
2024-07-25 12:03:00-04:00,10.970000267028809,10.970000267028809,10.960000038146973,10.960000038146973,486,0.0,0.0
2024-07-25 12:04:00-04:00,10.968999862670898,10.968999862670898,10.960000038146973,10.960000038146973,1703,0.0,0.0
2024-07-25 12:05:00-04:00,10.949999809265137,10.954999923706055,10.944999694824219,10.947500228881836,1730,0.0,0.0
2024-07-25 12:06:00-04:00,10.949199676513672,10.949199676513672,10.949199676513672,10.949199676513672,212,0.0,0.0
2024-07-25 12:07:00-04:00,10.944999694824219,10.944999694824219,10.944999694824219,10.944999694824219,600,0.0,0.0
2024-07-25 12:08:00-04:00,10.944999694824219,10.944999694824219,10.944999694824219,10.944999694824219,100,0.0,0.0
2024-07-25 12:09:00-04:00,10.944999694824219,10.944999694824219,10.944999694824219,10.944999694824219,1415,0.0,0.0
2024-07-25 12:11:00-04:00,10.9399995803833,10.944999694824219,10.930000305175781,10.930000305175781,2636,0.0,0.0
2024-07-25 12:12:00-04:00,10.920100212097168,10.930000305175781,10.920100212097168,10.930000305175781,657,0.0,0.0
2024-07-25 12:13:00-04:00,10.930000305175781,10.9399995803833,10.930000305175781,10.9350004196167,1672,0.0,0.0
2024-07-25 12:14:00-04:00,10.9350004196167,10.9399995803833,10.9350004196167,10.9399995803833,2815,0.0,0.0
2024-07-25 12:15:00-04:00,10.9399995803833,10.9399995803833,10.9399995803833,10.9399995803833,442,0.0,0.0
2024-07-25 12:16:00-04:00,10.949999809265137,10.954999923706055,10.949999809265137,10.954999923706055,1829,0.0,0.0
2024-07-25 12:17:00-04:00,10.960000038146973,10.960000038146973,10.960000038146973,10.960000038146973,282,0.0,0.0
2024-07-25 12:18:00-04:00,10.960000038146973,10.970000267028809,10.960000038146973,10.970000267028809,1403,0.0,0.0
2024-07-25 12:19:00-04:00,10.970000267028809,10.975000381469727,10.970000267028809,10.975000381469727,651,0.0,0.0
2024-07-25 12:20:00-04:00,10.979999542236328,10.979999542236328,10.979999542236328,10.979999542236328,498,0.0,0.0
2024-07-25 12:22:00-04:00,10.979000091552734,10.979999542236328,10.975000381469727,10.979000091552734,622,0.0,0.0
2024-07-25 12:23:00-04:00,10.979000091552734,10.979000091552734,10.979000091552734,10.979000091552734,118,0.0,0.0
2024-07-25 12:24:00-04:00,10.979999542236328,10.989999771118164,10.979000091552734,10.989999771118164,1240,0.0,0.0
2024-07-25 12:25:00-04:00,10.979999542236328,10.979999542236328,10.979999542236328,10.979999542236328,1969,0.0,0.0
2024-07-25 12:28:00-04:00,10.979999542236328,10.979999542236328,10.979999542236328,10.979999542236328,141,0.0,0.0
2024-07-25 12:29:00-04:00,10.970000267028809,10.970100402832031,10.9399995803833,10.9399995803833,11169,0.0,0.0
2024-07-25 12:30:00-04:00,10.930000305175781,10.930000305175781,10.930000305175781,10.930000305175781,1355,0.0,0.0
2024-07-25 12:31:00-04:00,10.90999984741211,10.914999961853027,10.90999984741211,10.914999961853027,400,0.0,0.0
2024-07-25 12:32:00-04:00,10.90999984741211,10.90999984741211,10.90999984741211,10.90999984741211,731,0.0,0.0
2024-07-25 12:33:00-04:00,10.904999732971191,10.904999732971191,10.899999618530273,10.899999618530273,1505,0.0,0.0
2024-07-25 12:34:00-04:00,10.899800300598145,10.899800300598145,10.880000114440918,10.880000114440918,1948,0.0,0.0
2024-07-25 12:35:00-04:00,10.880000114440918,10.880000114440918,10.880000114440918,10.880000114440918,611,0.0,0.0
2024-07-25 12:36:00-04:00,10.870400428771973,10.870499610900879,10.869999885559082,10.869999885559082,1013,0.0,0.0
2024-07-25 12:37:00-04:00,10.869999885559082,10.869999885559082,10.869999885559082,10.869999885559082,227,0.0,0.0
2024-07-25 12:38:00-04:00,10.875,10.90999984741211,10.875,10.90999984741211,7353,0.0,0.0
2024-07-25 12:39:00-04:00,10.920000076293945,10.920000076293945,10.920000076293945,10.920000076293945,493,0.0,0.0
2024-07-25 12:40:00-04:00,10.930000305175781,10.930000305175781,10.930000305175781,10.930000305175781,207,0.0,0.0
2024-07-25 12:41:00-04:00,10.930000305175781,10.9399995803833,10.930000305175781,10.9399995803833,1660,0.0,0.0
2024-07-25 12:42:00-04:00,10.949999809265137,10.949999809265137,10.949999809265137,10.949999809265137,317,0.0,0.0
2024-07-25 12:43:00-04:00,10.949999809265137,10.949999809265137,10.949999809265137,10.949999809265137,116,0.0,0.0
2024-07-25 12:44:00-04:00,10.949999809265137,10.960000038146973,10.949999809265137,10.960000038146973,900,0.0,0.0
2024-07-25 12:45:00-04:00,10.970000267028809,10.970000267028809,10.970000267028809,10.970000267028809,1227,0.0,0.0
2024-07-25 12:46:00-04:00,10.970000267028809,10.979999542236328,10.970000267028809,10.979999542236328,344,0.0,0.0
2024-07-25 12:47:00-04:00,10.979999542236328,10.979999542236328,10.979000091552734,10.979999542236328,497,0.0,0.0
2024-07-25 12:48:00-04:00,10.970000267028809,10.979999542236328,10.970000267028809,10.979999542236328,502,0.0,0.0
2024-07-25 12:49:00-04:00,10.970000267028809,10.979999542236328,10.969599723815918,10.970000267028809,2003,0.0,0.0
2024-07-25 12:50:00-04:00,10.979999542236328,11.029999732971191,10.979999542236328,11.029999732971191,4094,0.0,0.0
2024-07-25 12:51:00-04:00,11.039999961853027,11.039999961853027,11.029999732971191,11.029999732971191,1235,0.0,0.0
2024-07-25 12:52:00-04:00,11.029000282287598,11.029999732971191,11.024999618530273,11.029999732971191,1219,0.0,0.0
2024-07-25 12:53:00-04:00,11.026200294494629,11.026200294494629,11.026200294494629,11.026200294494629,111,0.0,0.0
2024-07-25 12:54:00-04:00,11.020000457763672,11.020000457763672,11.020000457763672,11.020000457763672,3346,0.0,0.0
2024-07-25 12:56:00-04:00,11.024999618530273,11.024999618530273,11.024999618530273,11.024999618530273,279,0.0,0.0
2024-07-25 12:57:00-04:00,11.024999618530273,11.024999618530273,11.024999618530273,11.024999618530273,136,0.0,0.0
2024-07-25 12:58:00-04:00,11.029999732971191,11.029999732971191,11.020000457763672,11.020000457763672,2075,0.0,0.0
2024-07-25 12:59:00-04:00,11.020000457763672,11.020000457763672,11.015000343322754,11.015000343322754,977,0.0,0.0
2024-07-25 13:00:00-04:00,11.015000343322754,11.015000343322754,11.015000343322754,11.015000343322754,757,0.0,0.0
2024-07-25 13:01:00-04:00,11.015000343322754,11.019000053405762,11.015000343322754,11.019000053405762,419,0.0,0.0
2024-07-25 13:02:00-04:00,11.020000457763672,11.0600004196167,11.020000457763672,11.0600004196167,2780,0.0,0.0
2024-07-25 13:03:00-04:00,11.069999694824219,11.069999694824219,11.069999694824219,11.069999694824219,100,0.0,0.0
2024-07-25 13:04:00-04:00,11.0600004196167,11.069999694824219,11.0600004196167,11.069999694824219,228,0.0,0.0
2024-07-25 13:06:00-04:00,11.069999694824219,11.069999694824219,11.069999694824219,11.069999694824219,192,0.0,0.0
2024-07-25 13:07:00-04:00,11.0600004196167,11.0600004196167,11.055000305175781,11.055000305175781,254,0.0,0.0
2024-07-25 13:08:00-04:00,11.055000305175781,11.055000305175781,11.055000305175781,11.055000305175781,214,0.0,0.0
2024-07-25 13:09:00-04:00,11.059000015258789,11.059000015258789,11.059000015258789,11.059000015258789,181,0.0,0.0
2024-07-25 13:10:00-04:00,11.055000305175781,11.0600004196167,11.055000305175781,11.055000305175781,449,0.0,0.0
2024-07-25 13:11:00-04:00,11.050000190734863,11.055000305175781,11.024999618530273,11.039999961853027,5988,0.0,0.0
2024-07-25 13:12:00-04:00,11.039999961853027,11.039999961853027,10.989999771118164,11.010000228881836,17644,0.0,0.0
2024-07-25 13:13:00-04:00,11.010000228881836,11.020000457763672,11.010000228881836,11.010000228881836,3433,0.0,0.0
2024-07-25 13:14:00-04:00,11.0,11.010000228881836,11.0,11.010000228881836,2467,0.0,0.0
2024-07-25 13:16:00-04:00,11.0,11.0,11.0,11.0,100,0.0,0.0
2024-07-25 13:17:00-04:00,11.010000228881836,11.010000228881836,11.010000228881836,11.010000228881836,302,0.0,0.0
2024-07-25 13:18:00-04:00,11.0,11.0,11.0,11.0,1004,0.0,0.0
2024-07-25 13:19:00-04:00,11.010000228881836,11.010000228881836,11.010000228881836,11.010000228881836,212,0.0,0.0
2024-07-25 13:20:00-04:00,10.989999771118164,11.010000228881836,10.989999771118164,11.0,877,0.0,0.0
2024-07-25 13:21:00-04:00,11.0,11.010000228881836,11.0,11.010000228881836,603,0.0,0.0
2024-07-25 13:22:00-04:00,11.010000228881836,11.010000228881836,11.0,11.0,835,0.0,0.0
2024-07-25 13:23:00-04:00,11.0,11.0,11.0,11.0,362,0.0,0.0
2024-07-25 13:24:00-04:00,11.0,11.0,11.0,11.0,110,0.0,0.0
2024-07-25 13:25:00-04:00,11.0,11.0,11.0,11.0,157,0.0,0.0
2024-07-25 13:27:00-04:00,11.010000228881836,11.010000228881836,11.010000228881836,11.010000228881836,220,0.0,0.0
2024-07-25 13:28:00-04:00,10.989999771118164,10.989999771118164,10.984999656677246,10.989999771118164,4592,0.0,0.0
2024-07-25 13:29:00-04:00,10.984999656677246,10.989999771118164,10.984999656677246,10.989999771118164,1753,0.0,0.0
2024-07-25 13:30:00-04:00,11.0,11.0,11.0,11.0,1458,0.0,0.0
2024-07-25 13:31:00-04:00,11.0,11.0,11.0,11.0,559,0.0,0.0
2024-07-25 13:32:00-04:00,11.0,11.0,11.0,11.0,1077,0.0,0.0
2024-07-25 13:34:00-04:00,11.010000228881836,11.020000457763672,11.005000114440918,11.020000457763672,2220,0.0,0.0
2024-07-25 13:35:00-04:00,11.020000457763672,11.020000457763672,11.020000457763672,11.020000457763672,401,0.0,0.0
2024-07-25 13:36:00-04:00,11.020000457763672,11.020000457763672,11.020000457763672,11.020000457763672,228,0.0,0.0
2024-07-25 13:38:00-04:00,11.015000343322754,11.020000457763672,11.015000343322754,11.020000457763672,484,0.0,0.0
2024-07-25 13:39:00-04:00,11.020000457763672,11.020000457763672,11.020000457763672,11.020000457763672,323,0.0,0.0
2024-07-25 13:40:00-04:00,11.020000457763672,11.020000457763672,11.020000457763672,11.020000457763672,280,0.0,0.0
2024-07-25 13:41:00-04:00,11.020000457763672,11.029999732971191,11.020000457763672,11.029999732971191,1376,0.0,0.0
2024-07-25 13:42:00-04:00,11.029999732971191,11.029999732971191,11.029999732971191,11.029999732971191,902,0.0,0.0
2024-07-25 13:43:00-04:00,11.020000457763672,11.024999618530273,11.020000457763672,11.024999618530273,2058,0.0,0.0
2024-07-25 13:44:00-04:00,11.029999732971191,11.029999732971191,11.029999732971191,11.029999732971191,109,0.0,0.0
2024-07-25 13:45:00-04:00,11.024999618530273,11.024999618530273,11.005000114440918,11.010000228881836,2760,0.0,0.0
2024-07-25 13:47:00-04:00,11.010000228881836,11.010000228881836,11.010000228881836,11.010000228881836,906,0.0,0.0
2024-07-25 13:48:00-04:00,11.010000228881836,11.010000228881836,11.005000114440918,11.005000114440918,263,0.0,0.0
2024-07-25 13:49:00-04:00,11.0,11.0,10.989999771118164,10.994999885559082,1777,0.0,0.0
2024-07-25 13:50:00-04:00,10.989999771118164,10.989999771118164,10.989999771118164,10.989999771118164,312,0.0,0.0
2024-07-25 13:51:00-04:00,10.989999771118164,10.994999885559082,10.989999771118164,10.994999885559082,471,0.0,0.0
2024-07-25 13:54:00-04:00,10.989999771118164,11.0,10.989999771118164,10.994999885559082,3202,0.0,0.0
2024-07-25 13:58:00-04:00,11.0,11.0,10.994999885559082,10.994999885559082,631,0.0,0.0
2024-07-25 13:59:00-04:00,11.0,11.0,11.0,11.0,268,0.0,0.0
2024-07-25 14:00:00-04:00,11.0,11.0,10.989999771118164,10.989999771118164,416,0.0,0.0
2024-07-25 14:01:00-04:00,10.989999771118164,11.0,10.989999771118164,11.0,400,0.0,0.0
2024-07-25 14:03:00-04:00,10.989999771118164,11.0,10.989999771118164,10.994999885559082,4649,0.0,0.0
2024-07-25 14:05:00-04:00,10.989999771118164,10.989999771118164,10.979999542236328,10.979999542236328,1105,0.0,0.0
2024-07-25 14:07:00-04:00,10.979999542236328,10.979999542236328,10.979999542236328,10.979999542236328,221,0.0,0.0
2024-07-25 14:08:00-04:00,10.989999771118164,10.989999771118164,10.979999542236328,10.984999656677246,1099,0.0,0.0
2024-07-25 14:09:00-04:00,10.989999771118164,10.989999771118164,10.989999771118164,10.989999771118164,333,0.0,0.0
2024-07-25 14:10:00-04:00,10.984999656677246,10.984999656677246,10.984999656677246,10.984999656677246,200,0.0,0.0
2024-07-25 14:11:00-04:00,10.984999656677246,10.984999656677246,10.979999542236328,10.979999542236328,1211,0.0,0.0
2024-07-25 14:12:00-04:00,10.970000267028809,10.970000267028809,10.970000267028809,10.970000267028809,410,0.0,0.0
2024-07-25 14:13:00-04:00,10.970000267028809,10.970000267028809,10.960000038146973,10.960000038146973,1349,0.0,0.0
2024-07-25 14:14:00-04:00,10.960000038146973,10.960000038146973,10.960000038146973,10.960000038146973,190,0.0,0.0
2024-07-25 14:15:00-04:00,10.960000038146973,10.960000038146973,10.960000038146973,10.960000038146973,637,0.0,0.0
2024-07-25 14:16:00-04:00,10.949999809265137,10.949999809265137,10.949999809265137,10.949999809265137,178,0.0,0.0
2024-07-25 14:17:00-04:00,10.960000038146973,10.960000038146973,10.949999809265137,10.949999809265137,669,0.0,0.0
2024-07-25 14:19:00-04:00,10.960000038146973,10.960000038146973,10.960000038146973,10.960000038146973,115,0.0,0.0
2024-07-25 14:20:00-04:00,10.949999809265137,10.960000038146973,10.949999809265137,10.960000038146973,200,0.0,0.0
2024-07-25 14:21:00-04:00,10.949999809265137,10.954999923706055,10.9399995803833,10.954999923706055,6160,0.0,0.0
2024-07-25 14:22:00-04:00,10.954999923706055,10.989999771118164,10.954999923706055,10.989999771118164,4674,0.0,0.0
2024-07-25 14:26:00-04:00,10.989999771118164,10.989999771118164,10.989999771118164,10.989999771118164,3042,0.0,0.0
2024-07-25 14:27:00-04:00,10.991999626159668,10.991999626159668,10.989999771118164,10.989999771118164,282,0.0,0.0
2024-07-25 14:28:00-04:00,11.0,11.0,10.989999771118164,10.989999771118164,316,0.0,0.0
2024-07-25 14:29:00-04:00,10.979999542236328,11.0,10.979999542236328,11.0,350,0.0,0.0
2024-07-25 14:30:00-04:00,10.989999771118164,11.010000228881836,10.989999771118164,11.010000228881836,2368,0.0,0.0
2024-07-25 14:31:00-04:00,11.010000228881836,11.010000228881836,11.010000228881836,11.010000228881836,451,0.0,0.0
2024-07-25 14:32:00-04:00,11.010000228881836,11.020000457763672,11.010000228881836,11.020000457763672,737,0.0,0.0
2024-07-25 14:33:00-04:00,11.020000457763672,11.020000457763672,11.020000457763672,11.020000457763672,394,0.0,0.0
2024-07-25 14:34:00-04:00,11.020000457763672,11.020000457763672,11.020000457763672,11.020000457763672,252,0.0,0.0
2024-07-25 14:35:00-04:00,11.010000228881836,11.020000457763672,11.010000228881836,11.020000457763672,968,0.0,0.0
2024-07-25 14:36:00-04:00,11.010000228881836,11.010000228881836,11.010000228881836,11.010000228881836,448,0.0,0.0
2024-07-25 14:37:00-04:00,11.010000228881836,11.010000228881836,11.010000228881836,11.010000228881836,822,0.0,0.0
2024-07-25 14:38:00-04:00,11.010000228881836,11.01990032196045,11.010000228881836,11.01990032196045,229,0.0,0.0
2024-07-25 14:39:00-04:00,11.000100135803223,11.010000228881836,11.000100135803223,11.010000228881836,466,0.0,0.0
2024-07-25 14:40:00-04:00,11.010000228881836,11.010000228881836,11.010000228881836,11.010000228881836,246,0.0,0.0
2024-07-25 14:41:00-04:00,11.0,11.0,10.989999771118164,10.989999771118164,7653,0.0,0.0
2024-07-25 14:43:00-04:00,10.989999771118164,10.989999771118164,10.970000267028809,10.970000267028809,4046,0.0,0.0
2024-07-25 14:44:00-04:00,10.970000267028809,10.970000267028809,10.970000267028809,10.970000267028809,370,0.0,0.0
2024-07-25 14:45:00-04:00,10.970000267028809,10.970000267028809,10.970000267028809,10.970000267028809,140,0.0,0.0
2024-07-25 14:46:00-04:00,10.970000267028809,10.970000267028809,10.970000267028809,10.970000267028809,243,0.0,0.0
2024-07-25 14:47:00-04:00,10.975000381469727,10.975000381469727,10.969900131225586,10.970000267028809,4395,0.0,0.0
2024-07-25 14:48:00-04:00,10.979999542236328,10.979999542236328,10.979999542236328,10.979999542236328,1290,0.0,0.0
2024-07-25 14:49:00-04:00,10.975000381469727,10.975000381469727,10.970000267028809,10.970000267028809,283,0.0,0.0
2024-07-25 14:50:00-04:00,10.979999542236328,10.979999542236328,10.975000381469727,10.975000381469727,296,0.0,0.0
2024-07-25 14:51:00-04:00,10.970000267028809,10.975000381469727,10.970000267028809,10.975000381469727,482,0.0,0.0
2024-07-25 14:52:00-04:00,10.975000381469727,10.975000381469727,10.949999809265137,10.949999809265137,4083,0.0,0.0
2024-07-25 14:53:00-04:00,10.949999809265137,10.949999809265137,10.949999809265137,10.949999809265137,427,0.0,0.0
2024-07-25 14:54:00-04:00,10.9399995803833,10.9399995803833,10.9399995803833,10.9399995803833,340,0.0,0.0
2024-07-25 14:55:00-04:00,10.944999694824219,10.944999694824219,10.944999694824219,10.944999694824219,919,0.0,0.0
2024-07-25 14:56:00-04:00,10.9399995803833,10.949999809265137,10.9399995803833,10.944999694824219,1445,0.0,0.0
2024-07-25 14:57:00-04:00,10.944999694824219,10.949999809265137,10.944999694824219,10.944999694824219,568,0.0,0.0
2024-07-25 14:58:00-04:00,10.949999809265137,10.949999809265137,10.9399995803833,10.9399995803833,443,0.0,0.0
2024-07-25 14:59:00-04:00,10.9399995803833,10.944999694824219,10.9399995803833,10.944999694824219,830,0.0,0.0
2024-07-25 15:00:00-04:00,10.944999694824219,10.949999809265137,10.944999694824219,10.944999694824219,4948,0.0,0.0
2024-07-25 15:01:00-04:00,10.9399995803833,10.960000038146973,10.9399995803833,10.960000038146973,2057,0.0,0.0
2024-07-25 15:02:00-04:00,10.96500015258789,10.96500015258789,10.96500015258789,10.96500015258789,140,0.0,0.0
2024-07-25 15:04:00-04:00,10.96500015258789,10.96500015258789,10.930000305175781,10.930000305175781,10022,0.0,0.0
2024-07-25 15:06:00-04:00,10.9399995803833,10.9399995803833,10.930000305175781,10.930000305175781,773,0.0,0.0
2024-07-25 15:07:00-04:00,10.9350004196167,10.9399995803833,10.9350004196167,10.9350004196167,1431,0.0,0.0
2024-07-25 15:08:00-04:00,10.9399995803833,10.9399995803833,10.9350004196167,10.939000129699707,469,0.0,0.0
2024-07-25 15:09:00-04:00,10.932999610900879,10.9350004196167,10.930000305175781,10.930000305175781,1354,0.0,0.0
2024-07-25 15:10:00-04:00,10.9350004196167,10.9350004196167,10.930000305175781,10.930000305175781,1236,0.0,0.0
2024-07-25 15:11:00-04:00,10.9350004196167,10.9350004196167,10.930000305175781,10.930000305175781,600,0.0,0.0
2024-07-25 15:12:00-04:00,10.9350004196167,10.9399995803833,10.9350004196167,10.9350004196167,1184,0.0,0.0
2024-07-25 15:13:00-04:00,10.930000305175781,10.930000305175781,10.930000305175781,10.930000305175781,280,0.0,0.0
2024-07-25 15:14:00-04:00,10.930000305175781,10.9350004196167,10.930000305175781,10.930000305175781,373,0.0,0.0
2024-07-25 15:15:00-04:00,10.930000305175781,10.9350004196167,10.930000305175781,10.930000305175781,620,0.0,0.0
2024-07-25 15:16:00-04:00,10.930000305175781,10.9350004196167,10.930000305175781,10.9350004196167,2138,0.0,0.0
2024-07-25 15:17:00-04:00,10.9350004196167,10.9350004196167,10.9350004196167,10.9350004196167,633,0.0,0.0
2024-07-25 15:18:00-04:00,10.9350004196167,10.949999809265137,10.9350004196167,10.944999694824219,8242,0.0,0.0
2024-07-25 15:19:00-04:00,10.949999809265137,10.949999809265137,10.944999694824219,10.944999694824219,709,0.0,0.0
2024-07-25 15:20:00-04:00,10.944999694824219,10.944999694824219,10.944999694824219,10.944999694824219,300,0.0,0.0
2024-07-25 15:21:00-04:00,10.949999809265137,10.960000038146973,10.944999694824219,10.960000038146973,1140,0.0,0.0
2024-07-25 15:22:00-04:00,10.960000038146973,10.96500015258789,10.960000038146973,10.960000038146973,1179,0.0,0.0
2024-07-25 15:23:00-04:00,10.970000267028809,10.970000267028809,10.970000267028809,10.970000267028809,347,0.0,0.0
2024-07-25 15:24:00-04:00,10.96500015258789,10.970000267028809,10.96500015258789,10.970000267028809,416,0.0,0.0
2024-07-25 15:25:00-04:00,10.970000267028809,10.970000267028809,10.970000267028809,10.970000267028809,969,0.0,0.0
2024-07-25 15:26:00-04:00,10.970000267028809,10.984999656677246,10.970000267028809,10.979999542236328,3023,0.0,0.0
2024-07-25 15:27:00-04:00,10.989999771118164,10.989999771118164,10.984999656677246,10.984999656677246,700,0.0,0.0
2024-07-25 15:28:00-04:00,10.984999656677246,10.989999771118164,10.979999542236328,10.979999542236328,1435,0.0,0.0
2024-07-25 15:29:00-04:00,10.979999542236328,10.979999542236328,10.975000381469727,10.975000381469727,4707,0.0,0.0
2024-07-25 15:30:00-04:00,10.975000381469727,10.975000381469727,10.960000038146973,10.960000038146973,6080,0.0,0.0
2024-07-25 15:31:00-04:00,10.960000038146973,10.960000038146973,10.949999809265137,10.949999809265137,1805,0.0,0.0
2024-07-25 15:32:00-04:00,10.960000038146973,10.960000038146973,10.949999809265137,10.949999809265137,802,0.0,0.0
2024-07-25 15:33:00-04:00,10.949999809265137,10.960000038146973,10.949999809265137,10.949999809265137,605,0.0,0.0
2024-07-25 15:34:00-04:00,10.949999809265137,10.954999923706055,10.949999809265137,10.954999923706055,1439,0.0,0.0
2024-07-25 15:35:00-04:00,10.954999923706055,10.954999923706055,10.949999809265137,10.949999809265137,1680,0.0,0.0
2024-07-25 15:36:00-04:00,10.960000038146973,10.960000038146973,10.949999809265137,10.949999809265137,1507,0.0,0.0
2024-07-25 15:37:00-04:00,10.949999809265137,10.960000038146973,10.949999809265137,10.954999923706055,1269,0.0,0.0
2024-07-25 15:38:00-04:00,10.954999923706055,10.960000038146973,10.949999809265137,10.960000038146973,1273,0.0,0.0
2024-07-25 15:39:00-04:00,10.949999809265137,10.954999923706055,10.949999809265137,10.954999923706055,1670,0.0,0.0
2024-07-25 15:40:00-04:00,10.949999809265137,10.949999809265137,10.90999984741211,10.914999961853027,6401,0.0,0.0
2024-07-25 15:41:00-04:00,10.914999961853027,10.914999961853027,10.90999984741211,10.90999984741211,1881,0.0,0.0
2024-07-25 15:42:00-04:00,10.90999984741211,10.920000076293945,10.904999732971191,10.90999984741211,20116,0.0,0.0
2024-07-25 15:43:00-04:00,10.90999984741211,10.920000076293945,10.90999984741211,10.90999984741211,6374,0.0,0.0
2024-07-25 15:44:00-04:00,10.925000190734863,10.930000305175781,10.920000076293945,10.930000305175781,6415,0.0,0.0
2024-07-25 15:46:00-04:00,10.9399995803833,10.949999809265137,10.9399995803833,10.9399995803833,2720,0.0,0.0
2024-07-25 15:47:00-04:00,10.949999809265137,10.949999809265137,10.9399995803833,10.949999809265137,1190,0.0,0.0
2024-07-25 15:48:00-04:00,10.944999694824219,10.949999809265137,10.930000305175781,10.9350004196167,6508,0.0,0.0
2024-07-25 15:49:00-04:00,10.9399995803833,10.9399995803833,10.930000305175781,10.9399995803833,5463,0.0,0.0
2024-07-25 15:50:00-04:00,10.9399995803833,10.949999809265137,10.930000305175781,10.9399995803833,13870,0.0,0.0
2024-07-25 15:51:00-04:00,10.930000305175781,10.930000305175781,10.904999732971191,10.904999732971191,6895,0.0,0.0
2024-07-25 15:52:00-04:00,10.904999732971191,10.904999732971191,10.880000114440918,10.885000228881836,5568,0.0,0.0
2024-07-25 15:53:00-04:00,10.885000228881836,10.885000228881836,10.880000114440918,10.885000228881836,2865,0.0,0.0
2024-07-25 15:54:00-04:00,10.885000228881836,10.890000343322754,10.875,10.875,10537,0.0,0.0
2024-07-25 15:55:00-04:00,10.875,10.875,10.869999885559082,10.869999885559082,6527,0.0,0.0
2024-07-25 15:56:00-04:00,10.875,10.875,10.869999885559082,10.869999885559082,7905,0.0,0.0
2024-07-25 15:57:00-04:00,10.869999885559082,10.880000114440918,10.869999885559082,10.869999885559082,9195,0.0,0.0
2024-07-25 15:58:00-04:00,10.875,10.890000343322754,10.859999656677246,10.875,36479,0.0,0.0
2024-07-25 15:59:00-04:00,10.859999656677246,10.869999885559082,10.850000381469727,10.859999656677246,57085,0.0,0.0
2024-07-26 09:30:00-04:00,10.920000076293945,10.96500015258789,10.920000076293945,10.96500015258789,3395,0.0,0.0
2024-07-26 09:31:00-04:00,11.050000190734863,11.079999923706055,10.975000381469727,10.975000381469727,2522,0.0,0.0
2024-07-26 09:32:00-04:00,11.039999961853027,11.039999961853027,10.930000305175781,11.0,1815,0.0,0.0
2024-07-26 09:34:00-04:00,11.039999961853027,11.039999961853027,10.949999809265137,10.979999542236328,1946,0.0,0.0
2024-07-26 09:35:00-04:00,10.998000144958496,10.998000144958496,10.949999809265137,10.949999809265137,200,0.0,0.0
2024-07-26 09:36:00-04:00,10.96500015258789,10.96500015258789,10.930000305175781,10.930000305175781,1892,0.0,0.0
2024-07-26 09:37:00-04:00,10.944999694824219,10.944999694824219,10.944999694824219,10.944999694824219,131,0.0,0.0
2024-07-26 09:38:00-04:00,10.944999694824219,10.944999694824219,10.944999694824219,10.944999694824219,200,0.0,0.0
2024-07-26 09:39:00-04:00,10.920000076293945,10.9399995803833,10.899999618530273,10.925000190734863,813,0.0,0.0
2024-07-26 09:40:00-04:00,10.925000190734863,10.925000190734863,10.899999618530273,10.920000076293945,562,0.0,0.0
2024-07-26 09:41:00-04:00,10.899999618530273,10.920000076293945,10.880000114440918,10.880000114440918,1019,0.0,0.0
2024-07-26 09:43:00-04:00,10.899999618530273,10.904999732971191,10.880000114440918,10.904999732971191,492,0.0,0.0
2024-07-26 09:44:00-04:00,10.904999732971191,10.904999732971191,10.880000114440918,10.880000114440918,310,0.0,0.0
2024-07-26 09:45:00-04:00,10.914199829101562,10.927499771118164,10.880000114440918,10.904999732971191,1528,0.0,0.0
2024-07-26 09:46:00-04:00,10.890000343322754,10.904999732971191,10.890000343322754,10.904999732971191,316,0.0,0.0
2024-07-26 09:47:00-04:00,10.890000343322754,10.890000343322754,10.880000114440918,10.880000114440918,844,0.0,0.0
2024-07-26 09:48:00-04:00,10.890000343322754,10.890000343322754,10.890000343322754,10.890000343322754,211,0.0,0.0
2024-07-26 09:49:00-04:00,10.930000305175781,10.930000305175781,10.930000305175781,10.930000305175781,1364,0.0,0.0
2024-07-26 09:50:00-04:00,10.9399995803833,11.010000228881836,10.9399995803833,11.010000228881836,1926,0.0,0.0
2024-07-26 09:51:00-04:00,11.0,11.069999694824219,10.989999771118164,11.069999694824219,3314,0.0,0.0
2024-07-26 09:52:00-04:00,11.050000190734863,11.0600004196167,11.039999961853027,11.039999961853027,1890,0.0,0.0
2024-07-26 09:53:00-04:00,11.055000305175781,11.055000305175781,11.029999732971191,11.055000305175781,476,0.0,0.0
2024-07-26 09:54:00-04:00,11.055000305175781,11.055000305175781,11.029999732971191,11.029999732971191,1112,0.0,0.0
2024-07-26 09:55:00-04:00,11.039999961853027,11.039999961853027,11.010000228881836,11.020000457763672,1890,0.0,0.0
2024-07-26 09:56:00-04:00,11.0,11.0,11.0,11.0,820,0.0,0.0
2024-07-26 09:57:00-04:00,11.000100135803223,11.000100135803223,11.000100135803223,11.000100135803223,460,0.0,0.0
2024-07-26 09:58:00-04:00,11.0,11.020000457763672,11.0,11.020000457763672,220,0.0,0.0
2024-07-26 09:59:00-04:00,11.010000228881836,11.020000457763672,11.0,11.020000457763672,2405,0.0,0.0
2024-07-26 10:00:00-04:00,11.020000457763672,11.020000457763672,11.020000457763672,11.020000457763672,314,0.0,0.0
2024-07-26 10:01:00-04:00,11.020000457763672,11.09000015258789,11.020000457763672,11.09000015258789,3393,0.0,0.0
2024-07-26 10:02:00-04:00,11.079999923706055,11.079999923706055,11.079999923706055,11.079999923706055,1994,0.0,0.0
2024-07-26 10:03:00-04:00,11.079999923706055,11.079999923706055,11.050000190734863,11.074999809265137,3067,0.0,0.0
2024-07-26 10:04:00-04:00,11.074999809265137,11.099900245666504,11.069999694824219,11.099900245666504,2279,0.0,0.0
2024-07-26 10:05:00-04:00,11.09000015258789,11.140000343322754,11.07800006866455,11.135000228881836,5418,0.0,0.0
2024-07-26 10:06:00-04:00,11.140000343322754,11.140000343322754,11.140000343322754,11.140000343322754,400,0.0,0.0
2024-07-26 10:07:00-04:00,11.15999984741211,11.15999984741211,11.119999885559082,11.140000343322754,2064,0.0,0.0
2024-07-26 10:08:00-04:00,11.140000343322754,11.15999984741211,11.140000343322754,11.15999984741211,550,0.0,0.0
2024-07-26 10:09:00-04:00,11.149999618530273,11.15999984741211,11.140000343322754,11.140000343322754,915,0.0,0.0
2024-07-26 10:10:00-04:00,11.145000457763672,11.170000076293945,11.140000343322754,11.170000076293945,2606,0.0,0.0
2024-07-26 10:11:00-04:00,11.170000076293945,11.1899995803833,11.170000076293945,11.1899995803833,1522,0.0,0.0
2024-07-26 10:12:00-04:00,11.15999984741211,11.15999984741211,11.109999656677246,11.109999656677246,6885,0.0,0.0
2024-07-26 10:13:00-04:00,11.109999656677246,11.114999771118164,11.100000381469727,11.100000381469727,1185,0.0,0.0
2024-07-26 10:14:00-04:00,11.079999923706055,11.079999923706055,11.069999694824219,11.069999694824219,1511,0.0,0.0
2024-07-26 10:15:00-04:00,11.074999809265137,11.074999809265137,11.069999694824219,11.069999694824219,232,0.0,0.0
2024-07-26 10:16:00-04:00,11.074999809265137,11.100000381469727,11.074999809265137,11.079999923706055,3105,0.0,0.0
2024-07-26 10:17:00-04:00,11.079999923706055,11.079999923706055,11.079999923706055,11.079999923706055,107,0.0,0.0
2024-07-26 10:18:00-04:00,11.079999923706055,11.079999923706055,11.069999694824219,11.069999694824219,1206,0.0,0.0
2024-07-26 10:19:00-04:00,11.069999694824219,11.069999694824219,11.069999694824219,11.069999694824219,308,0.0,0.0
2024-07-26 10:20:00-04:00,11.069999694824219,11.069999694824219,11.0600004196167,11.0600004196167,395,0.0,0.0
2024-07-26 10:21:00-04:00,11.0600004196167,11.0600004196167,11.039999961853027,11.045000076293945,762,0.0,0.0
2024-07-26 10:22:00-04:00,11.020000457763672,11.020000457763672,11.020000457763672,11.020000457763672,455,0.0,0.0
2024-07-26 10:23:00-04:00,11.020000457763672,11.020000457763672,11.0,11.020000457763672,1500,0.0,0.0
2024-07-26 10:24:00-04:00,11.029999732971191,11.029999732971191,11.020000457763672,11.020000457763672,702,0.0,0.0
2024-07-26 10:25:00-04:00,11.020000457763672,11.020000457763672,11.0,11.0,905,0.0,0.0
2024-07-26 10:26:00-04:00,11.010000228881836,11.020000457763672,11.010000228881836,11.020000457763672,1573,0.0,0.0
2024-07-26 10:27:00-04:00,11.010000228881836,11.010000228881836,11.010000228881836,11.010000228881836,1200,0.0,0.0
2024-07-26 10:28:00-04:00,11.010000228881836,11.010199546813965,11.010000228881836,11.010199546813965,2975,0.0,0.0
2024-07-26 10:29:00-04:00,11.010000228881836,11.010000228881836,10.979999542236328,10.979999542236328,1470,0.0,0.0
2024-07-26 10:30:00-04:00,10.989999771118164,10.989999771118164,10.970000267028809,10.979999542236328,2106,0.0,0.0
2024-07-26 10:31:00-04:00,10.960000038146973,10.96500015258789,10.960000038146973,10.96500015258789,462,0.0,0.0
2024-07-26 10:33:00-04:00,10.949999809265137,10.960000038146973,10.949999809265137,10.960000038146973,489,0.0,0.0
2024-07-26 10:34:00-04:00,10.9399995803833,10.954999923706055,10.9399995803833,10.954999923706055,215,0.0,0.0
2024-07-26 10:35:00-04:00,10.954999923706055,10.954999923706055,10.954999923706055,10.954999923706055,145,0.0,0.0
2024-07-26 10:36:00-04:00,10.9399995803833,10.954999923706055,10.9399995803833,10.954999923706055,251,0.0,0.0
2024-07-26 10:37:00-04:00,10.960000038146973,10.960000038146973,10.960000038146973,10.960000038146973,1443,0.0,0.0
2024-07-26 10:38:00-04:00,10.954999923706055,10.960000038146973,10.954999923706055,10.960000038146973,630,0.0,0.0
2024-07-26 10:40:00-04:00,10.970000267028809,10.970000267028809,10.96500015258789,10.96500015258789,942,0.0,0.0
2024-07-26 10:41:00-04:00,10.979999542236328,11.0,10.979999542236328,11.0,804,0.0,0.0
2024-07-26 10:42:00-04:00,11.0,11.010000228881836,11.0,11.010000228881836,355,0.0,0.0
2024-07-26 10:44:00-04:00,11.020000457763672,11.020000457763672,11.020000457763672,11.020000457763672,100,0.0,0.0
2024-07-26 10:45:00-04:00,11.010000228881836,11.010000228881836,11.010000228881836,11.010000228881836,125,0.0,0.0
2024-07-26 10:46:00-04:00,11.010000228881836,11.010000228881836,11.010000228881836,11.010000228881836,172,0.0,0.0
2024-07-26 10:47:00-04:00,11.010000228881836,11.100000381469727,11.010000228881836,11.100000381469727,90406,0.0,0.0
2024-07-26 10:48:00-04:00,11.109999656677246,11.109999656677246,11.100000381469727,11.109999656677246,942,0.0,0.0
2024-07-26 10:49:00-04:00,11.109999656677246,11.109999656677246,11.109999656677246,11.109999656677246,1127,0.0,0.0
2024-07-26 10:50:00-04:00,11.100000381469727,11.104999542236328,11.100000381469727,11.104999542236328,3508,0.0,0.0
2024-07-26 10:51:00-04:00,11.09000015258789,11.100000381469727,11.09000015258789,11.100000381469727,813,0.0,0.0
2024-07-26 10:52:00-04:00,11.100000381469727,11.100000381469727,11.09000015258789,11.09000015258789,605,0.0,0.0
2024-07-26 10:53:00-04:00,11.09000015258789,11.109999656677246,11.09000015258789,11.109999656677246,18243,0.0,0.0
2024-07-26 10:54:00-04:00,11.109999656677246,11.135000228881836,11.085000038146973,11.085000038146973,27999,0.0,0.0
2024-07-26 10:55:00-04:00,11.069999694824219,11.100000381469727,11.069999694824219,11.09000015258789,3788,0.0,0.0
2024-07-26 10:56:00-04:00,11.100000381469727,11.100000381469727,11.100000381469727,11.100000381469727,2323,0.0,0.0
2024-07-26 10:57:00-04:00,11.100000381469727,11.125,11.100000381469727,11.125,2178,0.0,0.0
2024-07-26 10:58:00-04:00,11.128999710083008,11.128999710083008,11.119999885559082,11.125,1100,0.0,0.0
2024-07-26 10:59:00-04:00,11.125,11.125,11.119999885559082,11.119999885559082,1297,0.0,0.0
2024-07-26 11:00:00-04:00,11.119999885559082,11.119999885559082,11.109999656677246,11.109999656677246,419,0.0,0.0
2024-07-26 11:01:00-04:00,11.119999885559082,11.140000343322754,11.119999885559082,11.130000114440918,2329,0.0,0.0
2024-07-26 11:02:00-04:00,11.140000343322754,11.140000343322754,11.140000343322754,11.140000343322754,204,0.0,0.0
2024-07-26 11:03:00-04:00,11.149999618530273,11.1899995803833,11.140000343322754,11.1899995803833,5530,0.0,0.0
2024-07-26 11:04:00-04:00,11.1899995803833,11.1899995803833,11.1899995803833,11.1899995803833,100,0.0,0.0
2024-07-26 11:05:00-04:00,11.180000305175781,11.199999809265137,11.170000076293945,11.180000305175781,4107,0.0,0.0
2024-07-26 11:06:00-04:00,11.180000305175781,11.199999809265137,11.180000305175781,11.199999809265137,3676,0.0,0.0
2024-07-26 11:07:00-04:00,11.210000038146973,11.210000038146973,11.210000038146973,11.210000038146973,110,0.0,0.0
2024-07-26 11:08:00-04:00,11.199999809265137,11.199999809265137,11.199999809265137,11.199999809265137,110,0.0,0.0
2024-07-26 11:09:00-04:00,11.199999809265137,11.199999809265137,11.199999809265137,11.199999809265137,313,0.0,0.0
2024-07-26 11:10:00-04:00,11.199999809265137,11.210000038146973,11.180000305175781,11.180000305175781,4303,0.0,0.0
2024-07-26 11:11:00-04:00,11.170000076293945,11.170000076293945,11.15999984741211,11.170000076293945,1464,0.0,0.0
2024-07-26 11:12:00-04:00,11.15999984741211,11.170000076293945,11.15999984741211,11.170000076293945,1614,0.0,0.0
2024-07-26 11:14:00-04:00,11.170000076293945,11.180000305175781,11.170000076293945,11.180000305175781,4953,0.0,0.0
2024-07-26 11:15:00-04:00,11.180000305175781,11.180000305175781,11.175000190734863,11.175000190734863,932,0.0,0.0
2024-07-26 11:16:00-04:00,11.178999900817871,11.178999900817871,11.130000114440918,11.130000114440918,3909,0.0,0.0
2024-07-26 11:17:00-04:00,11.130000114440918,11.130000114440918,11.119999885559082,11.119999885559082,2963,0.0,0.0
2024-07-26 11:18:00-04:00,11.119999885559082,11.119999885559082,11.100000381469727,11.109999656677246,14465,0.0,0.0
2024-07-26 11:19:00-04:00,11.100099563598633,11.109999656677246,11.100099563598633,11.109999656677246,505,0.0,0.0
2024-07-26 11:20:00-04:00,11.109999656677246,11.149999618530273,11.109999656677246,11.149999618530273,3143,0.0,0.0
2024-07-26 11:22:00-04:00,11.149999618530273,11.149999618530273,11.149999618530273,11.149999618530273,773,0.0,0.0
2024-07-26 11:23:00-04:00,11.154999732971191,11.154999732971191,11.149999618530273,11.149999618530273,228,0.0,0.0
2024-07-26 11:24:00-04:00,11.15999984741211,11.15999984741211,11.149999618530273,11.149999618530273,509,0.0,0.0
2024-07-26 11:25:00-04:00,11.159000396728516,11.170000076293945,11.159000396728516,11.170000076293945,1262,0.0,0.0
2024-07-26 11:26:00-04:00,11.170000076293945,11.170000076293945,11.164999961853027,11.164999961853027,200,0.0,0.0
2024-07-26 11:27:00-04:00,11.170000076293945,11.170000076293945,11.15999984741211,11.170000076293945,2559,0.0,0.0
2024-07-26 11:28:00-04:00,11.149999618530273,11.149999618530273,11.145000457763672,11.145000457763672,1452,0.0,0.0
2024-07-26 11:29:00-04:00,11.140000343322754,11.140000343322754,11.140000343322754,11.140000343322754,826,0.0,0.0
2024-07-26 11:30:00-04:00,11.135000228881836,11.140000343322754,11.135000228881836,11.140000343322754,205,0.0,0.0
2024-07-26 11:31:00-04:00,11.130000114440918,11.130000114440918,11.130000114440918,11.130000114440918,246,0.0,0.0
2024-07-26 11:32:00-04:00,11.139900207519531,11.139900207519531,11.139900207519531,11.139900207519531,257,0.0,0.0
2024-07-26 11:33:00-04:00,11.135000228881836,11.140000343322754,11.130000114440918,11.140000343322754,859,0.0,0.0
2024-07-26 11:34:00-04:00,11.130000114440918,11.130000114440918,11.130000114440918,11.130000114440918,692,0.0,0.0
2024-07-26 11:35:00-04:00,11.130000114440918,11.130000114440918,11.119999885559082,11.119999885559082,501,0.0,0.0
2024-07-26 11:36:00-04:00,11.130000114440918,11.130000114440918,11.119999885559082,11.119999885559082,1622,0.0,0.0
2024-07-26 11:37:00-04:00,11.119999885559082,11.119999885559082,11.119999885559082,11.119999885559082,341,0.0,0.0
2024-07-26 11:39:00-04:00,11.125,11.125,11.119999885559082,11.119999885559082,956,0.0,0.0
2024-07-26 11:40:00-04:00,11.109999656677246,11.109999656677246,11.109999656677246,11.109999656677246,478,0.0,0.0
2024-07-26 11:42:00-04:00,11.109999656677246,11.109999656677246,11.109999656677246,11.109999656677246,235,0.0,0.0
2024-07-26 11:43:00-04:00,11.100000381469727,11.109999656677246,11.100000381469727,11.100000381469727,1210,0.0,0.0
2024-07-26 11:44:00-04:00,11.100000381469727,11.100000381469727,11.100000381469727,11.100000381469727,111,0.0,0.0
2024-07-26 11:45:00-04:00,11.104999542236328,11.109999656677246,11.100000381469727,11.100000381469727,853,0.0,0.0
2024-07-26 11:46:00-04:00,11.100000381469727,11.100000381469727,11.100000381469727,11.100000381469727,102,0.0,0.0
2024-07-26 11:47:00-04:00,11.09000015258789,11.100000381469727,11.09000015258789,11.100000381469727,210,0.0,0.0
2024-07-26 11:48:00-04:00,11.09000015258789,11.100000381469727,11.09000015258789,11.09000015258789,715,0.0,0.0
2024-07-26 11:50:00-04:00,11.09000015258789,11.104999542236328,11.09000015258789,11.100000381469727,2068,0.0,0.0
2024-07-26 11:51:00-04:00,11.100000381469727,11.100000381469727,11.100000381469727,11.100000381469727,125,0.0,0.0
2024-07-26 11:53:00-04:00,11.09000015258789,11.100000381469727,11.09000015258789,11.100000381469727,499,0.0,0.0
2024-07-26 11:54:00-04:00,11.100000381469727,11.100000381469727,11.09000015258789,11.100000381469727,600,0.0,0.0
2024-07-26 11:55:00-04:00,11.09000015258789,11.095000267028809,11.09000015258789,11.095000267028809,417,0.0,0.0
2024-07-26 11:56:00-04:00,11.09000015258789,11.135000228881836,11.09000015258789,11.135000228881836,2417,0.0,0.0
2024-07-26 11:58:00-04:00,11.140000343322754,11.140000343322754,11.140000343322754,11.140000343322754,1157,0.0,0.0
2024-07-26 11:59:00-04:00,11.149999618530273,11.15999984741211,11.149999618530273,11.15999984741211,1703,0.0,0.0
2024-07-26 12:00:00-04:00,11.170000076293945,11.170000076293945,11.15999984741211,11.170000076293945,321,0.0,0.0
2024-07-26 12:01:00-04:00,11.170000076293945,11.1899995803833,11.170000076293945,11.180000305175781,2010,0.0,0.0
2024-07-26 12:02:00-04:00,11.1899995803833,11.1899995803833,11.1899995803833,11.1899995803833,300,0.0,0.0
2024-07-26 12:03:00-04:00,11.1899995803833,11.194999694824219,11.1850004196167,11.1850004196167,2534,0.0,0.0
2024-07-26 12:04:00-04:00,11.1899995803833,11.1899995803833,11.180000305175781,11.180000305175781,1485,0.0,0.0
2024-07-26 12:05:00-04:00,11.170000076293945,11.175000190734863,11.170000076293945,11.170000076293945,1319,0.0,0.0
2024-07-26 12:06:00-04:00,11.15999984741211,11.170000076293945,11.15999984741211,11.164999961853027,404,0.0,0.0
2024-07-26 12:07:00-04:00,11.164999961853027,11.164999961853027,11.15999984741211,11.15999984741211,828,0.0,0.0
2024-07-26 12:09:00-04:00,11.15999984741211,11.170000076293945,11.15999984741211,11.170000076293945,2094,0.0,0.0
2024-07-26 12:10:00-04:00,11.164999961853027,11.164999961853027,11.15999984741211,11.15999984741211,504,0.0,0.0
2024-07-26 12:11:00-04:00,11.15999984741211,11.15999984741211,11.15999984741211,11.15999984741211,315,0.0,0.0
2024-07-26 12:12:00-04:00,11.149999618530273,11.149999618530273,11.149999618530273,11.149999618530273,248,0.0,0.0
2024-07-26 12:13:00-04:00,11.15999984741211,11.15999984741211,11.15999984741211,11.15999984741211,473,0.0,0.0
2024-07-26 12:15:00-04:00,11.149999618530273,11.170000076293945,11.149999618530273,11.170000076293945,2881,0.0,0.0
2024-07-26 12:16:00-04:00,11.170000076293945,11.170000076293945,11.170000076293945,11.170000076293945,378,0.0,0.0
2024-07-26 12:19:00-04:00,11.180000305175781,11.180000305175781,11.180000305175781,11.180000305175781,115,0.0,0.0
2024-07-26 12:20:00-04:00,11.170000076293945,11.170000076293945,11.170000076293945,11.170000076293945,253,0.0,0.0
2024-07-26 12:21:00-04:00,11.180000305175781,11.1899995803833,11.180000305175781,11.1899995803833,2207,0.0,0.0
2024-07-26 12:22:00-04:00,11.180000305175781,11.180000305175781,11.180000305175781,11.180000305175781,428,0.0,0.0
2024-07-26 12:24:00-04:00,11.180000305175781,11.180000305175781,11.180000305175781,11.180000305175781,306,0.0,0.0
2024-07-26 12:25:00-04:00,11.1899995803833,11.199999809265137,11.1899995803833,11.199999809265137,1107,0.0,0.0
2024-07-26 12:27:00-04:00,11.199999809265137,11.199999809265137,11.199999809265137,11.199999809265137,100,0.0,0.0
2024-07-26 12:28:00-04:00,11.199999809265137,11.199999809265137,11.199999809265137,11.199999809265137,489,0.0,0.0
2024-07-26 12:29:00-04:00,11.210000038146973,11.210000038146973,11.199299812316895,11.199299812316895,1084,0.0,0.0
2024-07-26 12:30:00-04:00,11.199999809265137,11.199999809265137,11.199999809265137,11.199999809265137,100,0.0,0.0
2024-07-26 12:31:00-04:00,11.202699661254883,11.210000038146973,11.199999809265137,11.210000038146973,1769,0.0,0.0
2024-07-26 12:32:00-04:00,11.210000038146973,11.229999542236328,11.204999923706055,11.229999542236328,3039,0.0,0.0
2024-07-26 12:33:00-04:00,11.225000381469727,11.225000381469727,11.225000381469727,11.225000381469727,325,0.0,0.0
2024-07-26 12:34:00-04:00,11.229999542236328,11.229999542236328,11.225000381469727,11.225000381469727,231,0.0,0.0
2024-07-26 12:35:00-04:00,11.220000267028809,11.220000267028809,11.21500015258789,11.21500015258789,2910,0.0,0.0
2024-07-26 12:36:00-04:00,11.220000267028809,11.220000267028809,11.220000267028809,11.220000267028809,361,0.0,0.0
2024-07-26 12:38:00-04:00,11.210000038146973,11.21500015258789,11.210000038146973,11.21500015258789,847,0.0,0.0
2024-07-26 12:39:00-04:00,11.210000038146973,11.21500015258789,11.210000038146973,11.21500015258789,309,0.0,0.0
2024-07-26 12:41:00-04:00,11.220000267028809,11.225000381469727,11.220000267028809,11.225000381469727,717,0.0,0.0
2024-07-26 12:43:00-04:00,11.225000381469727,11.229999542236328,11.225000381469727,11.229999542236328,400,0.0,0.0
2024-07-26 12:44:00-04:00,11.229999542236328,11.239999771118164,11.225000381469727,11.234999656677246,1459,0.0,0.0
2024-07-26 12:45:00-04:00,11.234999656677246,11.234999656677246,11.234999656677246,11.234999656677246,200,0.0,0.0
2024-07-26 12:46:00-04:00,11.234999656677246,11.234999656677246,11.234999656677246,11.234999656677246,206,0.0,0.0
2024-07-26 12:47:00-04:00,11.239999771118164,11.239999771118164,11.239999771118164,11.239999771118164,411,0.0,0.0
2024-07-26 12:48:00-04:00,11.239999771118164,11.239999771118164,11.234999656677246,11.239999771118164,5868,0.0,0.0
2024-07-26 12:49:00-04:00,11.234999656677246,11.234999656677246,11.199999809265137,11.210000038146973,6318,0.0,0.0
2024-07-26 12:51:00-04:00,11.199999809265137,11.199999809265137,11.1850004196167,11.1850004196167,2016,0.0,0.0
2024-07-26 12:52:00-04:00,11.180000305175781,11.180000305175781,11.180000305175781,11.180000305175781,392,0.0,0.0
2024-07-26 12:53:00-04:00,11.15999984741211,11.15999984741211,11.15999984741211,11.15999984741211,101,0.0,0.0
2024-07-26 12:54:00-04:00,11.170000076293945,11.180000305175781,11.15999984741211,11.170000076293945,902,0.0,0.0
2024-07-26 12:56:00-04:00,11.170000076293945,11.170000076293945,11.170000076293945,11.170000076293945,445,0.0,0.0
2024-07-26 13:00:00-04:00,11.175000190734863,11.1899995803833,11.175000190734863,11.180000305175781,4172,0.0,0.0
2024-07-26 13:02:00-04:00,11.180000305175781,11.180000305175781,11.180000305175781,11.180000305175781,305,0.0,0.0
2024-07-26 13:03:00-04:00,11.180000305175781,11.180000305175781,11.180000305175781,11.180000305175781,200,0.0,0.0
2024-07-26 13:04:00-04:00,11.180000305175781,11.180000305175781,11.170000076293945,11.170000076293945,305,0.0,0.0
2024-07-26 13:05:00-04:00,11.180000305175781,11.180000305175781,11.180000305175781,11.180000305175781,285,0.0,0.0
2024-07-26 13:07:00-04:00,11.180000305175781,11.180000305175781,11.15999984741211,11.164999961853027,2712,0.0,0.0
2024-07-26 13:08:00-04:00,11.15999984741211,11.16469955444336,11.15999984741211,11.16469955444336,1684,0.0,0.0
2024-07-26 13:09:00-04:00,11.154999732971191,11.154999732971191,11.149999618530273,11.149999618530273,913,0.0,0.0
2024-07-26 13:12:00-04:00,11.149999618530273,11.149999618530273,11.140000343322754,11.140000343322754,400,0.0,0.0
2024-07-26 13:14:00-04:00,11.140000343322754,11.140000343322754,11.140000343322754,11.140000343322754,207,0.0,0.0
2024-07-26 13:17:00-04:00,11.140000343322754,11.140000343322754,11.140000343322754,11.140000343322754,1088,0.0,0.0
2024-07-26 13:18:00-04:00,11.130000114440918,11.130000114440918,11.130000114440918,11.130000114440918,309,0.0,0.0
2024-07-26 13:19:00-04:00,11.130000114440918,11.130000114440918,11.130000114440918,11.130000114440918,874,0.0,0.0
2024-07-26 13:20:00-04:00,11.119999885559082,11.125,11.119999885559082,11.125,901,0.0,0.0
2024-07-26 13:22:00-04:00,11.119999885559082,11.119999885559082,11.119999885559082,11.119999885559082,338,0.0,0.0
2024-07-26 13:23:00-04:00,11.125,11.125,11.119999885559082,11.119999885559082,557,0.0,0.0
2024-07-26 13:24:00-04:00,11.119999885559082,11.125,11.119999885559082,11.125,1155,0.0,0.0
2024-07-26 13:25:00-04:00,11.125,11.130000114440918,11.125,11.130000114440918,3459,0.0,0.0
2024-07-26 13:27:00-04:00,11.130000114440918,11.130000114440918,11.130000114440918,11.130000114440918,589,0.0,0.0
2024-07-26 13:28:00-04:00,11.130000114440918,11.130000114440918,11.130000114440918,11.130000114440918,105,0.0,0.0
2024-07-26 13:29:00-04:00,11.130000114440918,11.130000114440918,11.130000114440918,11.130000114440918,186,0.0,0.0
2024-07-26 13:30:00-04:00,11.140000343322754,11.140000343322754,11.119999885559082,11.119999885559082,972,0.0,0.0
2024-07-26 13:31:00-04:00,11.119999885559082,11.125,11.119999885559082,11.125,646,0.0,0.0
2024-07-26 13:33:00-04:00,11.119999885559082,11.125,11.119999885559082,11.125,405,0.0,0.0
2024-07-26 13:34:00-04:00,11.119999885559082,11.119999885559082,11.109999656677246,11.109999656677246,2086,0.0,0.0
2024-07-26 13:35:00-04:00,11.100000381469727,11.109999656677246,11.100000381469727,11.109999656677246,505,0.0,0.0
2024-07-26 13:36:00-04:00,11.100000381469727,11.100000381469727,11.100000381469727,11.100000381469727,409,0.0,0.0
2024-07-26 13:37:00-04:00,11.100000381469727,11.100000381469727,11.09000015258789,11.09000015258789,804,0.0,0.0
2024-07-26 13:38:00-04:00,11.100000381469727,11.100000381469727,11.100000381469727,11.100000381469727,180,0.0,0.0
2024-07-26 13:39:00-04:00,11.09000015258789,11.100000381469727,11.09000015258789,11.100000381469727,1057,0.0,0.0
2024-07-26 13:40:00-04:00,11.100000381469727,11.119999885559082,11.095000267028809,11.109999656677246,4883,0.0,0.0
2024-07-26 13:42:00-04:00,11.100000381469727,11.100000381469727,11.100000381469727,11.100000381469727,1890,0.0,0.0
2024-07-26 13:43:00-04:00,11.100000381469727,11.100000381469727,11.100000381469727,11.100000381469727,226,0.0,0.0
2024-07-26 13:45:00-04:00,11.100000381469727,11.130000114440918,11.100000381469727,11.119999885559082,4598,0.0,0.0
2024-07-26 13:49:00-04:00,11.130000114440918,11.130000114440918,11.130000114440918,11.130000114440918,807,0.0,0.0
2024-07-26 13:51:00-04:00,11.130000114440918,11.130000114440918,11.130000114440918,11.130000114440918,653,0.0,0.0
2024-07-26 13:52:00-04:00,11.119999885559082,11.119999885559082,11.109999656677246,11.109999656677246,2211,0.0,0.0
2024-07-26 13:53:00-04:00,11.11709976196289,11.11709976196289,11.109999656677246,11.109999656677246,601,0.0,0.0
2024-07-26 13:54:00-04:00,11.109999656677246,11.114999771118164,11.109999656677246,11.109999656677246,354,0.0,0.0
2024-07-26 13:55:00-04:00,11.109999656677246,11.109999656677246,11.109999656677246,11.109999656677246,208,0.0,0.0
2024-07-26 13:56:00-04:00,11.109999656677246,11.119999885559082,11.109999656677246,11.119999885559082,3367,0.0,0.0
2024-07-26 13:59:00-04:00,11.119999885559082,11.119999885559082,11.119999885559082,11.119999885559082,280,0.0,0.0
2024-07-26 14:01:00-04:00,11.119999885559082,11.119999885559082,11.119999885559082,11.119999885559082,210,0.0,0.0
2024-07-26 14:02:00-04:00,11.119999885559082,11.119999885559082,11.119999885559082,11.119999885559082,111,0.0,0.0
2024-07-26 14:03:00-04:00,11.119999885559082,11.119999885559082,11.119999885559082,11.119999885559082,600,0.0,0.0
2024-07-26 14:04:00-04:00,11.119999885559082,11.130000114440918,11.119999885559082,11.125,1206,0.0,0.0
2024-07-26 14:05:00-04:00,11.119999885559082,11.119999885559082,11.119999885559082,11.119999885559082,798,0.0,0.0
2024-07-26 14:06:00-04:00,11.125,11.125,11.125,11.125,310,0.0,0.0
2024-07-26 14:07:00-04:00,11.119999885559082,11.128999710083008,11.119999885559082,11.128999710083008,500,0.0,0.0
2024-07-26 14:08:00-04:00,11.128999710083008,11.140000343322754,11.128999710083008,11.140000343322754,1761,0.0,0.0
2024-07-26 14:09:00-04:00,11.140000343322754,11.149999618530273,11.140000343322754,11.149999618530273,291,0.0,0.0
2024-07-26 14:10:00-04:00,11.145000457763672,11.145000457763672,11.145000457763672,11.145000457763672,281,0.0,0.0
2024-07-26 14:12:00-04:00,11.149999618530273,11.149999618530273,11.149999618530273,11.149999618530273,517,0.0,0.0
2024-07-26 14:13:00-04:00,11.140000343322754,11.149999618530273,11.140000343322754,11.149999618530273,445,0.0,0.0
2024-07-26 14:14:00-04:00,11.149999618530273,11.149999618530273,11.149999618530273,11.149999618530273,311,0.0,0.0
2024-07-26 14:16:00-04:00,11.140000343322754,11.140000343322754,11.140000343322754,11.140000343322754,1219,0.0,0.0
2024-07-26 14:17:00-04:00,11.145000457763672,11.145000457763672,11.145000457763672,11.145000457763672,221,0.0,0.0
2024-07-26 14:18:00-04:00,11.145000457763672,11.145000457763672,11.145000457763672,11.145000457763672,217,0.0,0.0
2024-07-26 14:19:00-04:00,11.140000343322754,11.145000457763672,11.140000343322754,11.140000343322754,2704,0.0,0.0
2024-07-26 14:20:00-04:00,11.130000114440918,11.130000114440918,11.130000114440918,11.130000114440918,1537,0.0,0.0
2024-07-26 14:21:00-04:00,11.119999885559082,11.119999885559082,11.119999885559082,11.119999885559082,1120,0.0,0.0
2024-07-26 14:22:00-04:00,11.109999656677246,11.109999656677246,11.109999656677246,11.109999656677246,1172,0.0,0.0
2024-07-26 14:23:00-04:00,11.109999656677246,11.109999656677246,11.109999656677246,11.109999656677246,220,0.0,0.0
2024-07-26 14:24:00-04:00,11.109999656677246,11.109999656677246,11.100000381469727,11.109999656677246,639,0.0,0.0
2024-07-26 14:25:00-04:00,11.109999656677246,11.140000343322754,11.109999656677246,11.130000114440918,2915,0.0,0.0
2024-07-26 14:27:00-04:00,11.140000343322754,11.140000343322754,11.140000343322754,11.140000343322754,240,0.0,0.0
2024-07-26 14:28:00-04:00,11.140000343322754,11.140000343322754,11.130000114440918,11.130000114440918,313,0.0,0.0
2024-07-26 14:30:00-04:00,11.130000114440918,11.130000114440918,11.109999656677246,11.109999656677246,2317,0.0,0.0
2024-07-26 14:31:00-04:00,11.119999885559082,11.119999885559082,11.109999656677246,11.109999656677246,1544,0.0,0.0
2024-07-26 14:33:00-04:00,11.109999656677246,11.109999656677246,11.109999656677246,11.109999656677246,251,0.0,0.0
2024-07-26 14:34:00-04:00,11.109999656677246,11.109999656677246,11.109999656677246,11.109999656677246,1147,0.0,0.0
2024-07-26 14:35:00-04:00,11.109999656677246,11.109999656677246,11.104999542236328,11.104999542236328,814,0.0,0.0
2024-07-26 14:37:00-04:00,11.100000381469727,11.104999542236328,11.100000381469727,11.104999542236328,323,0.0,0.0
2024-07-26 14:38:00-04:00,11.100000381469727,11.109999656677246,11.100000381469727,11.109999656677246,427,0.0,0.0
2024-07-26 14:39:00-04:00,11.109999656677246,11.109999656677246,11.109999656677246,11.109999656677246,2449,0.0,0.0
2024-07-26 14:41:00-04:00,11.114999771118164,11.114999771118164,11.104999542236328,11.104999542236328,2378,0.0,0.0
2024-07-26 14:43:00-04:00,11.104999542236328,11.104999542236328,11.104999542236328,11.104999542236328,161,0.0,0.0
2024-07-26 14:45:00-04:00,11.100000381469727,11.109999656677246,11.100000381469727,11.100000381469727,1148,0.0,0.0
2024-07-26 14:46:00-04:00,11.100000381469727,11.100000381469727,11.100000381469727,11.100000381469727,100,0.0,0.0
2024-07-26 14:47:00-04:00,11.100000381469727,11.100000381469727,11.09000015258789,11.100000381469727,950,0.0,0.0
2024-07-26 14:48:00-04:00,11.100000381469727,11.100000381469727,11.100000381469727,11.100000381469727,204,0.0,0.0
2024-07-26 14:49:00-04:00,11.09000015258789,11.100000381469727,11.09000015258789,11.100000381469727,337,0.0,0.0
2024-07-26 14:50:00-04:00,11.100000381469727,11.100000381469727,11.09000015258789,11.09000015258789,1744,0.0,0.0
2024-07-26 14:52:00-04:00,11.09000015258789,11.104999542236328,11.09000015258789,11.100000381469727,1462,0.0,0.0
2024-07-26 14:53:00-04:00,11.100000381469727,11.109999656677246,11.100000381469727,11.109999656677246,1654,0.0,0.0
2024-07-26 14:54:00-04:00,11.104999542236328,11.104999542236328,11.104999542236328,11.104999542236328,267,0.0,0.0
2024-07-26 14:55:00-04:00,11.100000381469727,11.100000381469727,11.100000381469727,11.100000381469727,541,0.0,0.0
2024-07-26 14:56:00-04:00,11.104999542236328,11.104999542236328,11.104999542236328,11.104999542236328,201,0.0,0.0
2024-07-26 14:57:00-04:00,11.109999656677246,11.114999771118164,11.104999542236328,11.109999656677246,4719,0.0,0.0
2024-07-26 14:58:00-04:00,11.100000381469727,11.100000381469727,11.100000381469727,11.100000381469727,1229,0.0,0.0
2024-07-26 14:59:00-04:00,11.100000381469727,11.100000381469727,11.100000381469727,11.100000381469727,236,0.0,0.0
2024-07-26 15:00:00-04:00,11.09000015258789,11.09000015258789,11.09000015258789,11.09000015258789,222,0.0,0.0
2024-07-26 15:01:00-04:00,11.100000381469727,11.100000381469727,11.100000381469727,11.100000381469727,200,0.0,0.0
2024-07-26 15:02:00-04:00,11.09000015258789,11.09000015258789,11.079999923706055,11.079999923706055,3833,0.0,0.0
2024-07-26 15:03:00-04:00,11.079999923706055,11.079999923706055,11.079999923706055,11.079999923706055,1523,0.0,0.0
2024-07-26 15:04:00-04:00,11.079999923706055,11.079999923706055,11.079999923706055,11.079999923706055,1570,0.0,0.0
2024-07-26 15:05:00-04:00,11.079999923706055,11.09000015258789,11.079999923706055,11.079999923706055,929,0.0,0.0
2024-07-26 15:06:00-04:00,11.09000015258789,11.095000267028809,11.09000015258789,11.095000267028809,3311,0.0,0.0
2024-07-26 15:07:00-04:00,11.100000381469727,11.100000381469727,11.100000381469727,11.100000381469727,984,0.0,0.0
2024-07-26 15:08:00-04:00,11.095000267028809,11.100000381469727,11.095000267028809,11.095000267028809,601,0.0,0.0
2024-07-26 15:09:00-04:00,11.09000015258789,11.100000381469727,11.09000015258789,11.100000381469727,598,0.0,0.0
2024-07-26 15:10:00-04:00,11.09000015258789,11.095000267028809,11.09000015258789,11.095000267028809,1074,0.0,0.0
2024-07-26 15:11:00-04:00,11.095000267028809,11.095000267028809,11.095000267028809,11.095000267028809,210,0.0,0.0
2024-07-26 15:13:00-04:00,11.098999977111816,11.119999885559082,11.095000267028809,11.119999885559082,3727,0.0,0.0
2024-07-26 15:14:00-04:00,11.114999771118164,11.114999771118164,11.109999656677246,11.114999771118164,1896,0.0,0.0
2024-07-26 15:15:00-04:00,11.109999656677246,11.109999656677246,11.104999542236328,11.104999542236328,2006,0.0,0.0
2024-07-26 15:16:00-04:00,11.100000381469727,11.100000381469727,11.095000267028809,11.095000267028809,704,0.0,0.0
2024-07-26 15:17:00-04:00,11.09000015258789,11.09000015258789,11.09000015258789,11.09000015258789,920,0.0,0.0
2024-07-26 15:18:00-04:00,11.09000015258789,11.09000015258789,11.09000015258789,11.09000015258789,411,0.0,0.0
2024-07-26 15:19:00-04:00,11.09000015258789,11.099900245666504,11.09000015258789,11.09000015258789,1530,0.0,0.0
2024-07-26 15:20:00-04:00,11.095000267028809,11.095000267028809,11.095000267028809,11.095000267028809,206,0.0,0.0
2024-07-26 15:21:00-04:00,11.095000267028809,11.095000267028809,11.09000015258789,11.095000267028809,820,0.0,0.0
2024-07-26 15:22:00-04:00,11.095000267028809,11.100000381469727,11.09000015258789,11.09000015258789,1468,0.0,0.0
2024-07-26 15:23:00-04:00,11.095000267028809,11.095000267028809,11.095000267028809,11.095000267028809,980,0.0,0.0
2024-07-26 15:24:00-04:00,11.095000267028809,11.109999656677246,11.09000015258789,11.109999656677246,3823,0.0,0.0
2024-07-26 15:26:00-04:00,11.119999885559082,11.138999938964844,11.119999885559082,11.138999938964844,3041,0.0,0.0
2024-07-26 15:30:00-04:00,11.135000228881836,11.135000228881836,11.130000114440918,11.130000114440918,1004,0.0,0.0
2024-07-26 15:31:00-04:00,11.130000114440918,11.130000114440918,11.130000114440918,11.130000114440918,321,0.0,0.0
2024-07-26 15:32:00-04:00,11.135000228881836,11.135000228881836,11.125,11.125,2468,0.0,0.0
2024-07-26 15:34:00-04:00,11.119999885559082,11.119999885559082,11.119999885559082,11.119999885559082,1213,0.0,0.0
2024-07-26 15:35:00-04:00,11.119999885559082,11.119999885559082,11.119999885559082,11.119999885559082,691,0.0,0.0
2024-07-26 15:36:00-04:00,11.109999656677246,11.119999885559082,11.100000381469727,11.109999656677246,6115,0.0,0.0
2024-07-26 15:37:00-04:00,11.100000381469727,11.109999656677246,11.09000015258789,11.09000015258789,10350,0.0,0.0
2024-07-26 15:38:00-04:00,11.09000015258789,11.09000015258789,11.079999923706055,11.079999923706055,2424,0.0,0.0
2024-07-26 15:39:00-04:00,11.079999923706055,11.09000015258789,11.074999809265137,11.079999923706055,4230,0.0,0.0
2024-07-26 15:40:00-04:00,11.079999923706055,11.079999923706055,11.079999923706055,11.079999923706055,3330,0.0,0.0
2024-07-26 15:41:00-04:00,11.09000015258789,11.100000381469727,11.069999694824219,11.069999694824219,9883,0.0,0.0
2024-07-26 15:42:00-04:00,11.069999694824219,11.069999694824219,11.0600004196167,11.0600004196167,4773,0.0,0.0
2024-07-26 15:43:00-04:00,11.079999923706055,11.079999923706055,11.0600004196167,11.069999694824219,3199,0.0,0.0
2024-07-26 15:44:00-04:00,11.069999694824219,11.069999694824219,11.0600004196167,11.069999694824219,3428,0.0,0.0
2024-07-26 15:45:00-04:00,11.069999694824219,11.079999923706055,11.0600004196167,11.069999694824219,14041,0.0,0.0
2024-07-26 15:46:00-04:00,11.0600004196167,11.0649995803833,11.050000190734863,11.050000190734863,3449,0.0,0.0
2024-07-26 15:47:00-04:00,11.050000190734863,11.055000305175781,11.050000190734863,11.050000190734863,2688,0.0,0.0
2024-07-26 15:48:00-04:00,11.055000305175781,11.055000305175781,11.039999961853027,11.045000076293945,2964,0.0,0.0
2024-07-26 15:49:00-04:00,11.039999961853027,11.045000076293945,11.03499984741211,11.039999961853027,5617,0.0,0.0
2024-07-26 15:50:00-04:00,11.03499984741211,11.050000190734863,11.020000457763672,11.03499984741211,22993,0.0,0.0
2024-07-26 15:51:00-04:00,11.029999732971191,11.03499984741211,11.029999732971191,11.029999732971191,2258,0.0,0.0
2024-07-26 15:52:00-04:00,11.029999732971191,11.029999732971191,11.010000228881836,11.010000228881836,6576,0.0,0.0
2024-07-26 15:53:00-04:00,11.010000228881836,11.020000457763672,11.010000228881836,11.015000343322754,14006,0.0,0.0
2024-07-26 15:54:00-04:00,11.020000457763672,11.029999732971191,11.010000228881836,11.024999618530273,12639,0.0,0.0
2024-07-26 15:55:00-04:00,11.024999618530273,11.029999732971191,11.010000228881836,11.010000228881836,8698,0.0,0.0
2024-07-26 15:56:00-04:00,11.020000457763672,11.020000457763672,11.010000228881836,11.015000343322754,14316,0.0,0.0
2024-07-26 15:57:00-04:00,11.015000343322754,11.039999961853027,11.010000228881836,11.039999961853027,25038,0.0,0.0
2024-07-26 15:58:00-04:00,11.03499984741211,11.039999961853027,11.020000457763672,11.03499984741211,28973,0.0,0.0
2024-07-26 15:59:00-04:00,11.029999732971191,11.0600004196167,11.029999732971191,11.039999961853027,44770,0.0,0.0
