Datetime,Open,High,Low,Close,Volume,Dividends,Stock Splits
2024-07-22 09:30:00-04:00,0.7458999752998352,0.7458999752998352,0.7400000095367432,0.7400000095367432,61578,0.0,0.0
2024-07-22 09:31:00-04:00,0.7419999837875366,0.7419999837875366,0.7419999837875366,0.7419999837875366,6335,0.0,0.0
2024-07-22 09:34:00-04:00,0.7409999966621399,0.7409999966621399,0.7250000238418579,0.7250000238418579,22308,0.0,0.0
2024-07-22 09:36:00-04:00,0.7250000238418579,0.7269999980926514,0.7250000238418579,0.7269999980926514,4460,0.0,0.0
2024-07-22 09:37:00-04:00,0.7250000238418579,0.7268999814987183,0.7200000286102295,0.7200000286102295,14073,0.0,0.0
2024-07-22 09:38:00-04:00,0.7233999967575073,0.7233999967575073,0.7110999822616577,0.7202000021934509,17250,0.0,0.0
2024-07-22 09:41:00-04:00,0.699999988079071,0.699999988079071,0.699999988079071,0.699999988079071,28528,0.0,0.0
2024-07-22 09:43:00-04:00,0.710099995136261,0.7160000205039978,0.710099995136261,0.7160000205039978,300,0.0,0.0
2024-07-22 09:47:00-04:00,0.7368999719619751,0.7368999719619751,0.7049999833106995,0.7049999833106995,7355,0.0,0.0
2024-07-22 09:48:00-04:00,0.7001000046730042,0.7010999917984009,0.7001000046730042,0.7001000046730042,15358,0.0,0.0
2024-07-22 09:49:00-04:00,0.7001000046730042,0.7174999713897705,0.7001000046730042,0.7174999713897705,2801,0.0,0.0
2024-07-22 09:50:00-04:00,0.7001000046730042,0.7208999991416931,0.7001000046730042,0.7208999991416931,330,0.0,0.0
2024-07-22 09:51:00-04:00,0.7208999991416931,0.7208999991416931,0.7208999991416931,0.7208999991416931,200,0.0,0.0
2024-07-22 09:52:00-04:00,0.7208999991416931,0.7208999991416931,0.7208999991416931,0.7208999991416931,498,0.0,0.0
2024-07-22 09:57:00-04:00,0.7045000195503235,0.7045000195503235,0.6949999928474426,0.6949999928474426,24344,0.0,0.0
2024-07-22 09:58:00-04:00,0.6949999928474426,0.6949999928474426,0.6937999725341797,0.6937999725341797,6282,0.0,0.0
2024-07-22 09:59:00-04:00,0.6819999814033508,0.6819999814033508,0.6700000166893005,0.6700000166893005,9610,0.0,0.0
2024-07-22 10:01:00-04:00,0.6949999928474426,0.6949999928474426,0.6949999928474426,0.6949999928474426,300,0.0,0.0
2024-07-22 10:02:00-04:00,0.6987000107765198,0.6987000107765198,0.6987000107765198,0.6987000107765198,2697,0.0,0.0
2024-07-22 10:04:00-04:00,0.6948999762535095,0.6948999762535095,0.6948999762535095,0.6948999762535095,1922,0.0,0.0
2024-07-22 10:06:00-04:00,0.6899999976158142,0.6899999976158142,0.6798999905586243,0.6798999905586243,18743,0.0,0.0
2024-07-22 10:07:00-04:00,0.6798999905586243,0.6798999905586243,0.6539999842643738,0.6700000166893005,15040,0.0,0.0
2024-07-22 10:08:00-04:00,0.6563000082969666,0.6700000166893005,0.6563000082969666,0.6699000000953674,4149,0.0,0.0
2024-07-22 10:09:00-04:00,0.6700000166893005,0.6850000023841858,0.6699000000953674,0.6850000023841858,10769,0.0,0.0
2024-07-22 10:10:00-04:00,0.6998999714851379,0.6998999714851379,0.6998999714851379,0.6998999714851379,3348,0.0,0.0
2024-07-22 10:11:00-04:00,0.6898999810218811,0.6998000144958496,0.6898999810218811,0.6998000144958496,1839,0.0,0.0
2024-07-22 10:14:00-04:00,0.6809999942779541,0.6809999942779541,0.6809999942779541,0.6809999942779541,1134,0.0,0.0
2024-07-22 10:19:00-04:00,0.6998999714851379,0.6998999714851379,0.6998999714851379,0.6998999714851379,200,0.0,0.0
2024-07-22 10:20:00-04:00,0.6998000144958496,0.6998000144958496,0.6945000290870667,0.6945000290870667,1283,0.0,0.0
2024-07-22 10:22:00-04:00,0.684499979019165,0.684499979019165,0.6819999814033508,0.6819999814033508,3639,0.0,0.0
2024-07-22 10:23:00-04:00,0.6801000237464905,0.6801000237464905,0.6801000237464905,0.6801000237464905,14000,0.0,0.0
2024-07-22 10:24:00-04:00,0.675000011920929,0.6798999905586243,0.675000011920929,0.6798999905586243,1245,0.0,0.0
2024-07-22 10:26:00-04:00,0.6800000071525574,0.6800000071525574,0.6800000071525574,0.6800000071525574,0,0.0,0.0
2024-07-22 10:27:00-04:00,0.6751000285148621,0.6794999837875366,0.6751000285148621,0.6794999837875366,2033,0.0,0.0
2024-07-22 10:29:00-04:00,0.6794999837875366,0.6794999837875366,0.6794999837875366,0.6794999837875366,0,0.0,0.0
2024-07-22 10:30:00-04:00,0.6798999905586243,0.6798999905586243,0.6798999905586243,0.6798999905586243,68,0.0,0.0
2024-07-22 10:31:00-04:00,0.6794999837875366,0.6794999837875366,0.675000011920929,0.675000011920929,3119,0.0,0.0
2024-07-22 10:32:00-04:00,0.6754999756813049,0.6754999756813049,0.6754999756813049,0.6754999756813049,531,0.0,0.0
2024-07-22 10:34:00-04:00,0.6798999905586243,0.6798999905586243,0.6798999905586243,0.6798999905586243,4058,0.0,0.0
2024-07-22 10:35:00-04:00,0.6791999936103821,0.6800000071525574,0.6791999936103821,0.6800000071525574,40,0.0,0.0
2024-07-22 10:36:00-04:00,0.6798999905586243,0.6850000023841858,0.6798999905586243,0.6848999857902527,21236,0.0,0.0
2024-07-22 10:37:00-04:00,0.683899998664856,0.683899998664856,0.683899998664856,0.683899998664856,3000,0.0,0.0
2024-07-22 10:38:00-04:00,0.6848999857902527,0.6848999857902527,0.6848999857902527,0.6848999857902527,0,0.0,0.0
2024-07-22 10:41:00-04:00,0.6848999857902527,0.6848999857902527,0.6848999857902527,0.6848999857902527,202,0.0,0.0
2024-07-22 10:42:00-04:00,0.6848999857902527,0.6848999857902527,0.6848999857902527,0.6848999857902527,300,0.0,0.0
2024-07-22 10:43:00-04:00,0.6848999857902527,0.6850000023841858,0.6848000288009644,0.6848999857902527,8013,0.0,0.0
2024-07-22 10:44:00-04:00,0.6898999810218811,0.6898999810218811,0.6898999810218811,0.6898999810218811,200,0.0,0.0
2024-07-22 10:47:00-04:00,0.6801000237464905,0.6801000237464905,0.6801000237464905,0.6801000237464905,212,0.0,0.0
2024-07-22 10:50:00-04:00,0.6869000196456909,0.6869000196456909,0.6869000196456909,0.6869000196456909,415,0.0,0.0
2024-07-22 10:53:00-04:00,0.6869000196456909,0.6869000196456909,0.6869000196456909,0.6869000196456909,500,0.0,0.0
2024-07-22 10:54:00-04:00,0.6869000196456909,0.6990000009536743,0.6869000196456909,0.6990000009536743,10600,0.0,0.0
2024-07-22 10:56:00-04:00,0.6990000009536743,0.6990000009536743,0.6990000009536743,0.6990000009536743,3100,0.0,0.0
2024-07-22 10:58:00-04:00,0.6990000009536743,0.6990000009536743,0.6990000009536743,0.6990000009536743,0,0.0,0.0
2024-07-22 10:59:00-04:00,0.6935999989509583,0.6935999989509583,0.6935999989509583,0.6935999989509583,1733,0.0,0.0
2024-07-22 11:02:00-04:00,0.6901000142097473,0.6901999711990356,0.6901000142097473,0.6901999711990356,5468,0.0,0.0
2024-07-22 11:04:00-04:00,0.6825000047683716,0.6825000047683716,0.682200014591217,0.682200014591217,1846,0.0,0.0
2024-07-22 11:07:00-04:00,0.682200014591217,0.682200014591217,0.6820999979972839,0.682200014591217,4226,0.0,0.0
2024-07-22 11:09:00-04:00,0.6820999979972839,0.6820999979972839,0.6809999942779541,0.6809999942779541,3596,0.0,0.0
2024-07-22 11:12:00-04:00,0.6859999895095825,0.6859999895095825,0.6859999895095825,0.6859999895095825,6016,0.0,0.0
2024-07-22 11:14:00-04:00,0.6859999895095825,0.6859999895095825,0.6859999895095825,0.6859999895095825,649,0.0,0.0
2024-07-22 11:16:00-04:00,0.6980000138282776,0.699999988079071,0.6980000138282776,0.6980000138282776,515,0.0,0.0
2024-07-22 11:17:00-04:00,0.699999988079071,0.699999988079071,0.699999988079071,0.699999988079071,1873,0.0,0.0
2024-07-22 11:21:00-04:00,0.6855000257492065,0.6855000257492065,0.6811000108718872,0.6811000108718872,8215,0.0,0.0
2024-07-22 11:26:00-04:00,0.6811000108718872,0.6811000108718872,0.6811000108718872,0.6811000108718872,4189,0.0,0.0
2024-07-22 11:41:00-04:00,0.6898999810218811,0.699999988079071,0.6898999810218811,0.699999988079071,6171,0.0,0.0
2024-07-22 11:42:00-04:00,0.6980000138282776,0.6980000138282776,0.6978999972343445,0.6978999972343445,665,0.0,0.0
2024-07-22 11:43:00-04:00,0.682200014591217,0.682200014591217,0.682200014591217,0.682200014591217,640,0.0,0.0
2024-07-22 11:44:00-04:00,0.6800000071525574,0.6800000071525574,0.6800000071525574,0.6800000071525574,4066,0.0,0.0
2024-07-22 11:55:00-04:00,0.6850000023841858,0.6850000023841858,0.6850000023841858,0.6850000023841858,369,0.0,0.0
2024-07-22 12:03:00-04:00,0.684499979019165,0.684499979019165,0.684499979019165,0.684499979019165,450,0.0,0.0
2024-07-22 12:05:00-04:00,0.6898999810218811,0.6898999810218811,0.6898999810218811,0.6898999810218811,1300,0.0,0.0
2024-07-22 12:07:00-04:00,0.6800000071525574,0.6800000071525574,0.6800000071525574,0.6800000071525574,2814,0.0,0.0
2024-07-22 12:08:00-04:00,0.6898999810218811,0.6898999810218811,0.6898999810218811,0.6898999810218811,0,0.0,0.0
2024-07-22 12:09:00-04:00,0.6801000237464905,0.6801000237464905,0.6794999837875366,0.6794999837875366,5181,0.0,0.0
2024-07-22 12:12:00-04:00,0.6773999929428101,0.6773999929428101,0.6773999929428101,0.6773999929428101,232,0.0,0.0
2024-07-22 12:18:00-04:00,0.6700000166893005,0.6700000166893005,0.6700000166893005,0.6700000166893005,4774,0.0,0.0
2024-07-22 12:19:00-04:00,0.6700000166893005,0.6700000166893005,0.6651999950408936,0.6651999950408936,11143,0.0,0.0
2024-07-22 12:20:00-04:00,0.6651999950408936,0.6651999950408936,0.6650999784469604,0.6650999784469604,2008,0.0,0.0
2024-07-22 12:21:00-04:00,0.6650999784469604,0.6650999784469604,0.6650999784469604,0.6650999784469604,2106,0.0,0.0
2024-07-22 12:23:00-04:00,0.6650999784469604,0.6650999784469604,0.6650999784469604,0.6650999784469604,200,0.0,0.0
2024-07-22 12:24:00-04:00,0.6650999784469604,0.6650999784469604,0.6650999784469604,0.6650999784469604,83,0.0,0.0
2024-07-22 12:25:00-04:00,0.6650999784469604,0.6651999950408936,0.6650999784469604,0.6650999784469604,8711,0.0,0.0
2024-07-22 12:29:00-04:00,0.6650000214576721,0.6650000214576721,0.6606000065803528,0.6606000065803528,2692,0.0,0.0
2024-07-22 12:30:00-04:00,0.6606000065803528,0.6606000065803528,0.6606000065803528,0.6606000065803528,1199,0.0,0.0
2024-07-22 12:31:00-04:00,0.6606000065803528,0.6606000065803528,0.6606000065803528,0.6606000065803528,1294,0.0,0.0
2024-07-22 12:32:00-04:00,0.6600000262260437,0.6600000262260437,0.6600000262260437,0.6600000262260437,3805,0.0,0.0
2024-07-22 12:33:00-04:00,0.6561999917030334,0.6561999917030334,0.6561999917030334,0.6561999917030334,2520,0.0,0.0
2024-07-22 12:34:00-04:00,0.6561999917030334,0.6563000082969666,0.6561999917030334,0.6561999917030334,3811,0.0,0.0
2024-07-22 12:35:00-04:00,0.6561999917030334,0.6700000166893005,0.6561999917030334,0.66839998960495,4309,0.0,0.0
2024-07-22 12:36:00-04:00,0.667900025844574,0.667900025844574,0.667900025844574,0.667900025844574,1285,0.0,0.0
2024-07-22 12:37:00-04:00,0.6679999828338623,0.6679999828338623,0.667900025844574,0.667900025844574,1360,0.0,0.0
2024-07-22 12:38:00-04:00,0.6679999828338623,0.6700000166893005,0.6679999828338623,0.6700000166893005,4727,0.0,0.0
2024-07-22 12:40:00-04:00,0.6699000000953674,0.6699000000953674,0.6699000000953674,0.6699000000953674,161,0.0,0.0
2024-07-22 12:44:00-04:00,0.6697999835014343,0.6697999835014343,0.6697999835014343,0.6697999835014343,1227,0.0,0.0
2024-07-22 12:51:00-04:00,0.6600000262260437,0.6600000262260437,0.6600000262260437,0.6600000262260437,400,0.0,0.0
2024-07-22 12:53:00-04:00,0.6600000262260437,0.6600000262260437,0.6600000262260437,0.6600000262260437,1988,0.0,0.0
2024-07-22 12:54:00-04:00,0.6604999899864197,0.6604999899864197,0.6604999899864197,0.6604999899864197,1932,0.0,0.0
2024-07-22 12:58:00-04:00,0.6699000000953674,0.6699000000953674,0.6699000000953674,0.6699000000953674,0,0.0,0.0
2024-07-22 13:03:00-04:00,0.6697999835014343,0.6697999835014343,0.6697999835014343,0.6697999835014343,1134,0.0,0.0
2024-07-22 13:04:00-04:00,0.6697999835014343,0.6697999835014343,0.6697999835014343,0.6697999835014343,2355,0.0,0.0
2024-07-22 13:07:00-04:00,0.6621000170707703,0.6621000170707703,0.6621000170707703,0.6621000170707703,487,0.0,0.0
2024-07-22 13:18:00-04:00,0.6620000004768372,0.6620000004768372,0.6620000004768372,0.6620000004768372,5820,0.0,0.0
2024-07-22 13:19:00-04:00,0.6699000000953674,0.6699000000953674,0.6699000000953674,0.6699000000953674,486,0.0,0.0
2024-07-22 13:22:00-04:00,0.6694999933242798,0.6694999933242798,0.6694999933242798,0.6694999933242798,300,0.0,0.0
2024-07-22 13:25:00-04:00,0.6693000197410583,0.6693000197410583,0.6687999963760376,0.6687999963760376,300,0.0,0.0
2024-07-22 13:26:00-04:00,0.6686999797821045,0.6700000166893005,0.6650999784469604,0.6650999784469604,9680,0.0,0.0
2024-07-22 13:27:00-04:00,0.6650999784469604,0.6650999784469604,0.6650999784469604,0.6650999784469604,823,0.0,0.0
2024-07-22 13:29:00-04:00,0.6675000190734863,0.6675000190734863,0.6675000190734863,0.6675000190734863,4185,0.0,0.0
2024-07-22 13:32:00-04:00,0.6650999784469604,0.6650999784469604,0.6650999784469604,0.6650999784469604,542,0.0,0.0
2024-07-22 13:33:00-04:00,0.6650000214576721,0.6650000214576721,0.6650000214576721,0.6650000214576721,296,0.0,0.0
2024-07-22 13:38:00-04:00,0.6679999828338623,0.6679999828338623,0.6679999828338623,0.6679999828338623,308,0.0,0.0
2024-07-22 13:39:00-04:00,0.6679999828338623,0.6679999828338623,0.6679999828338623,0.6679999828338623,200,0.0,0.0
2024-07-22 13:40:00-04:00,0.6679999828338623,0.6679999828338623,0.6679999828338623,0.6679999828338623,300,0.0,0.0
2024-07-22 13:41:00-04:00,0.6679999828338623,0.6679999828338623,0.6679999828338623,0.6679999828338623,0,0.0,0.0
2024-07-22 13:42:00-04:00,0.6679999828338623,0.6679999828338623,0.6679999828338623,0.6679999828338623,200,0.0,0.0
2024-07-22 13:45:00-04:00,0.6657000184059143,0.6657000184059143,0.6600000262260437,0.6600000262260437,6973,0.0,0.0
2024-07-22 13:46:00-04:00,0.6740000247955322,0.6740000247955322,0.6740000247955322,0.6740000247955322,345,0.0,0.0
2024-07-22 13:52:00-04:00,0.6880000233650208,0.6880000233650208,0.6880000233650208,0.6880000233650208,2518,0.0,0.0
2024-07-22 14:02:00-04:00,0.6740000247955322,0.6740000247955322,0.6740000247955322,0.6740000247955322,4000,0.0,0.0
2024-07-22 14:03:00-04:00,0.660099983215332,0.660099983215332,0.660099983215332,0.660099983215332,0,0.0,0.0
2024-07-22 14:06:00-04:00,0.6869999766349792,0.6869999766349792,0.6869999766349792,0.6869999766349792,561,0.0,0.0
2024-07-22 14:10:00-04:00,0.6869000196456909,0.6869000196456909,0.6869000196456909,0.6869000196456909,2000,0.0,0.0
2024-07-22 14:11:00-04:00,0.6869999766349792,0.6869999766349792,0.6784999966621399,0.6784999966621399,2000,0.0,0.0
2024-07-22 14:19:00-04:00,0.6869999766349792,0.6869999766349792,0.6869999766349792,0.6869999766349792,0,0.0,0.0
2024-07-22 14:21:00-04:00,0.6869999766349792,0.6869999766349792,0.6869999766349792,0.6869999766349792,2104,0.0,0.0
2024-07-22 14:22:00-04:00,0.675000011920929,0.675000011920929,0.675000011920929,0.675000011920929,1000,0.0,0.0
2024-07-22 14:26:00-04:00,0.6869999766349792,0.6869999766349792,0.6869999766349792,0.6869999766349792,116,0.0,0.0
2024-07-22 14:29:00-04:00,0.6869999766349792,0.6869999766349792,0.6869999766349792,0.6869999766349792,115,0.0,0.0
2024-07-22 14:36:00-04:00,0.6800000071525574,0.6800000071525574,0.6800000071525574,0.6800000071525574,400,0.0,0.0
2024-07-22 14:38:00-04:00,0.6869000196456909,0.6869000196456909,0.6869000196456909,0.6869000196456909,200,0.0,0.0
2024-07-22 14:40:00-04:00,0.6869000196456909,0.6869000196456909,0.6869000196456909,0.6869000196456909,437,0.0,0.0
2024-07-22 14:43:00-04:00,0.6869000196456909,0.6869000196456909,0.6869000196456909,0.6869000196456909,600,0.0,0.0
2024-07-22 14:45:00-04:00,0.6800000071525574,0.6869999766349792,0.6710000038146973,0.6710000038146973,10368,0.0,0.0
2024-07-22 14:49:00-04:00,0.6711000204086304,0.6711000204086304,0.6711000204086304,0.6711000204086304,1926,0.0,0.0
2024-07-22 15:03:00-04:00,0.6801000237464905,0.6801000237464905,0.6801000237464905,0.6801000237464905,241,0.0,0.0
2024-07-22 15:12:00-04:00,0.6970000267028809,0.6970000267028809,0.6970000267028809,0.6970000267028809,200,0.0,0.0
2024-07-22 15:13:00-04:00,0.6972000002861023,0.6972000002861023,0.6972000002861023,0.6972000002861023,700,0.0,0.0
2024-07-22 15:20:00-04:00,0.6890000104904175,0.6970000267028809,0.6890000104904175,0.6970000267028809,220,0.0,0.0
2024-07-22 15:23:00-04:00,0.6980000138282776,0.6980000138282776,0.6949999928474426,0.6980000138282776,44392,0.0,0.0
2024-07-22 15:25:00-04:00,0.6980000138282776,0.6980000138282776,0.6980000138282776,0.6980000138282776,13122,0.0,0.0
2024-07-22 15:27:00-04:00,0.6998999714851379,0.6998999714851379,0.6998999714851379,0.6998999714851379,110,0.0,0.0
2024-07-22 15:28:00-04:00,0.6988999843597412,0.6988999843597412,0.6988999843597412,0.6988999843597412,534,0.0,0.0
2024-07-22 15:33:00-04:00,0.6990000009536743,0.6990000009536743,0.6990000009536743,0.6990000009536743,633,0.0,0.0
2024-07-22 15:39:00-04:00,0.6990000009536743,0.6990000009536743,0.6990000009536743,0.6990000009536743,1,0.0,0.0
2024-07-22 15:40:00-04:00,0.6990000009536743,0.6990000009536743,0.6990000009536743,0.6990000009536743,3186,0.0,0.0
2024-07-22 15:41:00-04:00,0.6998999714851379,0.6998999714851379,0.6998999714851379,0.6998999714851379,583,0.0,0.0
2024-07-22 15:42:00-04:00,0.6987000107765198,0.6987000107765198,0.6980000138282776,0.6980000138282776,401,0.0,0.0
2024-07-22 15:43:00-04:00,0.6970000267028809,0.697700023651123,0.6970000267028809,0.697700023651123,400,0.0,0.0
2024-07-22 15:44:00-04:00,0.6967999935150146,0.6967999935150146,0.6967999935150146,0.6967999935150146,100,0.0,0.0
2024-07-22 15:45:00-04:00,0.6937999725341797,0.6937999725341797,0.6937999725341797,0.6937999725341797,182,0.0,0.0
2024-07-22 15:47:00-04:00,0.6901000142097473,0.697700023651123,0.6901000142097473,0.697700023651123,2494,0.0,0.0
2024-07-22 15:50:00-04:00,0.697700023651123,0.697700023651123,0.697700023651123,0.697700023651123,200,0.0,0.0
2024-07-22 15:51:00-04:00,0.6947000026702881,0.697700023651123,0.6947000026702881,0.697700023651123,1836,0.0,0.0
2024-07-22 15:52:00-04:00,0.697700023651123,0.697700023651123,0.697700023651123,0.697700023651123,200,0.0,0.0
2024-07-22 15:53:00-04:00,0.6901000142097473,0.6938999891281128,0.6901000142097473,0.6938999891281128,181,0.0,0.0
2024-07-22 15:54:00-04:00,0.6899999976158142,0.6899999976158142,0.6899999976158142,0.6899999976158142,408,0.0,0.0
2024-07-22 15:55:00-04:00,0.697700023651123,0.697700023651123,0.6899999976158142,0.6937999725341797,943,0.0,0.0
2024-07-22 15:56:00-04:00,0.6899999976158142,0.6909000277519226,0.6899999976158142,0.6909000277519226,92,0.0,0.0
2024-07-22 15:57:00-04:00,0.6909000277519226,0.6909000277519226,0.6901000142097473,0.6901000142097473,1320,0.0,0.0
2024-07-22 15:58:00-04:00,0.6899999976158142,0.6909000277519226,0.689300000667572,0.6898999810218811,7533,0.0,0.0
2024-07-22 15:59:00-04:00,0.6890000104904175,0.6899999976158142,0.6809999942779541,0.6899999976158142,15397,0.0,0.0
2024-07-23 09:30:00-04:00,0.6899999976158142,0.6985999941825867,0.667900025844574,0.6985999941825867,25582,0.0,0.0
2024-07-23 09:31:00-04:00,0.6898999810218811,0.6898999810218811,0.6898999810218811,0.6898999810218811,2300,0.0,0.0
2024-07-23 09:32:00-04:00,0.6898999810218811,0.6898999810218811,0.6898999810218811,0.6898999810218811,387,0.0,0.0
2024-07-23 09:35:00-04:00,0.6800000071525574,0.6899999976158142,0.6800000071525574,0.6898999810218811,6091,0.0,0.0
2024-07-23 09:36:00-04:00,0.6883999705314636,0.6883999705314636,0.6883999705314636,0.6883999705314636,1615,0.0,0.0
2024-07-23 09:40:00-04:00,0.675000011920929,0.675000011920929,0.675000011920929,0.675000011920929,1820,0.0,0.0
2024-07-23 09:43:00-04:00,0.6700999736785889,0.6700999736785889,0.6700999736785889,0.6700999736785889,635,0.0,0.0
2024-07-23 09:46:00-04:00,0.6790000200271606,0.6790000200271606,0.6790000200271606,0.6790000200271606,1174,0.0,0.0
2024-07-23 09:51:00-04:00,0.6783999800682068,0.6783999800682068,0.6783999800682068,0.6783999800682068,350,0.0,0.0
2024-07-23 09:52:00-04:00,0.6783999800682068,0.6783999800682068,0.6764000058174133,0.6764000058174133,2113,0.0,0.0
2024-07-23 09:53:00-04:00,0.6783999800682068,0.6783999800682068,0.6783999800682068,0.6783999800682068,11572,0.0,0.0
2024-07-23 09:56:00-04:00,0.6776000261306763,0.6776000261306763,0.6776000261306763,0.6776000261306763,0,0.0,0.0
2024-07-23 09:59:00-04:00,0.6819999814033508,0.6819999814033508,0.6819999814033508,0.6819999814033508,746,0.0,0.0
2024-07-23 10:04:00-04:00,0.6848999857902527,0.6890000104904175,0.6848999857902527,0.6890000104904175,4358,0.0,0.0
2024-07-23 10:06:00-04:00,0.6801000237464905,0.6801000237464905,0.6801000237464905,0.6801000237464905,3993,0.0,0.0
2024-07-23 10:07:00-04:00,0.6800000071525574,0.6890000104904175,0.6800000071525574,0.6801000237464905,56853,0.0,0.0
2024-07-23 10:09:00-04:00,0.6801000237464905,0.6801000237464905,0.6801000237464905,0.6801000237464905,1337,0.0,0.0
2024-07-23 10:10:00-04:00,0.6801000237464905,0.6801000237464905,0.6100000143051147,0.6535000205039978,39706,0.0,0.0
2024-07-23 10:12:00-04:00,0.6499999761581421,0.6499999761581421,0.6499999761581421,0.6499999761581421,5392,0.0,0.0
2024-07-23 10:16:00-04:00,0.6547999978065491,0.6547999978065491,0.6496000289916992,0.6496000289916992,1824,0.0,0.0
2024-07-23 10:17:00-04:00,0.6547999978065491,0.6547999978065491,0.6547999978065491,0.6547999978065491,266,0.0,0.0
2024-07-23 10:19:00-04:00,0.6496000289916992,0.6496000289916992,0.6496000289916992,0.6496000289916992,1569,0.0,0.0
2024-07-23 10:20:00-04:00,0.6575000286102295,0.6575000286102295,0.6575000286102295,0.6575000286102295,0,0.0,0.0
2024-07-23 10:21:00-04:00,0.6575000286102295,0.6600000262260437,0.6550999879837036,0.6550999879837036,2573,0.0,0.0
2024-07-23 10:25:00-04:00,0.6664999723434448,0.6664999723434448,0.6664999723434448,0.6664999723434448,350,0.0,0.0
2024-07-23 10:26:00-04:00,0.6552000045776367,0.6552000045776367,0.6552000045776367,0.6552000045776367,2723,0.0,0.0
2024-07-23 10:42:00-04:00,0.6625999808311462,0.6625999808311462,0.6625999808311462,0.6625999808311462,694,0.0,0.0
2024-07-23 10:50:00-04:00,0.6626999974250793,0.6626999974250793,0.6626999974250793,0.6626999974250793,10474,0.0,0.0
2024-07-23 10:59:00-04:00,0.6668999791145325,0.6699000000953674,0.6668999791145325,0.6699000000953674,730,0.0,0.0
2024-07-23 11:01:00-04:00,0.6697999835014343,0.6754000186920166,0.6697999835014343,0.6754000186920166,1937,0.0,0.0
2024-07-23 11:02:00-04:00,0.6741999983787537,0.6741999983787537,0.6741999983787537,0.6741999983787537,414,0.0,0.0
2024-07-23 11:05:00-04:00,0.6700000166893005,0.6700000166893005,0.6700000166893005,0.6700000166893005,616,0.0,0.0
2024-07-23 11:09:00-04:00,0.6700000166893005,0.671999990940094,0.6700000166893005,0.671999990940094,1291,0.0,0.0
2024-07-23 11:10:00-04:00,0.6741999983787537,0.6741999983787537,0.6741999983787537,0.6741999983787537,600,0.0,0.0
2024-07-23 11:14:00-04:00,0.6741999983787537,0.6741999983787537,0.6741999983787537,0.6741999983787537,210,0.0,0.0
2024-07-23 11:23:00-04:00,0.6700000166893005,0.6700000166893005,0.6700000166893005,0.6700000166893005,7298,0.0,0.0
2024-07-23 11:25:00-04:00,0.6700000166893005,0.6700000166893005,0.6700000166893005,0.6700000166893005,915,0.0,0.0
2024-07-23 11:28:00-04:00,0.6699000000953674,0.6699000000953674,0.6699000000953674,0.6699000000953674,2067,0.0,0.0
2024-07-23 11:39:00-04:00,0.6699000000953674,0.6700000166893005,0.6699000000953674,0.6699000000953674,7415,0.0,0.0
2024-07-23 11:51:00-04:00,0.6741999983787537,0.6741999983787537,0.6741999983787537,0.6741999983787537,1400,0.0,0.0
2024-07-23 12:14:00-04:00,0.6741999983787537,0.6741999983787537,0.6741999983787537,0.6741999983787537,1051,0.0,0.0
2024-07-23 12:20:00-04:00,0.678600013256073,0.678600013256073,0.678600013256073,0.678600013256073,1015,0.0,0.0
2024-07-23 12:22:00-04:00,0.6869999766349792,0.6869999766349792,0.6869999766349792,0.6869999766349792,0,0.0,0.0
2024-07-23 12:34:00-04:00,0.6869999766349792,0.6869999766349792,0.6869999766349792,0.6869999766349792,500,0.0,0.0
2024-07-23 12:35:00-04:00,0.6779999732971191,0.6779999732971191,0.6779999732971191,0.6779999732971191,284,0.0,0.0
2024-07-23 12:43:00-04:00,0.6837999820709229,0.6837999820709229,0.6837999820709229,0.6837999820709229,6016,0.0,0.0
2024-07-23 12:45:00-04:00,0.6800000071525574,0.6800000071525574,0.6800000071525574,0.6800000071525574,5351,0.0,0.0
2024-07-23 12:46:00-04:00,0.6710000038146973,0.6710000038146973,0.670199990272522,0.670199990272522,3112,0.0,0.0
2024-07-23 12:49:00-04:00,0.6869999766349792,0.6869999766349792,0.6869999766349792,0.6869999766349792,770,0.0,0.0
2024-07-23 13:15:00-04:00,0.6700999736785889,0.6700999736785889,0.6700999736785889,0.6700999736785889,1743,0.0,0.0
2024-07-23 13:16:00-04:00,0.6869999766349792,0.6869999766349792,0.6869999766349792,0.6869999766349792,1530,0.0,0.0
2024-07-23 13:27:00-04:00,0.678600013256073,0.678600013256073,0.678600013256073,0.678600013256073,217,0.0,0.0
2024-07-23 13:29:00-04:00,0.6869999766349792,0.6869999766349792,0.6869999766349792,0.6869999766349792,389,0.0,0.0
2024-07-23 13:35:00-04:00,0.6869999766349792,0.6869999766349792,0.6869999766349792,0.6869999766349792,1034,0.0,0.0
2024-07-23 13:38:00-04:00,0.6888999938964844,0.6888999938964844,0.6888999938964844,0.6888999938964844,1728,0.0,0.0
2024-07-23 13:42:00-04:00,0.6890000104904175,0.6890000104904175,0.6888999938964844,0.6888999938964844,9900,0.0,0.0
2024-07-23 13:45:00-04:00,0.6890000104904175,0.6890000104904175,0.6890000104904175,0.6890000104904175,0,0.0,0.0
2024-07-23 13:46:00-04:00,0.6890000104904175,0.6890000104904175,0.6890000104904175,0.6890000104904175,0,0.0,0.0
2024-07-23 13:54:00-04:00,0.6851000189781189,0.6851000189781189,0.6851000189781189,0.6851000189781189,1915,0.0,0.0
2024-07-23 13:57:00-04:00,0.6990000009536743,0.6990000009536743,0.6990000009536743,0.6990000009536743,720,0.0,0.0
2024-07-23 13:59:00-04:00,0.6980000138282776,0.6980000138282776,0.6980000138282776,0.6980000138282776,994,0.0,0.0
2024-07-23 14:01:00-04:00,0.6899999976158142,0.6899999976158142,0.6899999976158142,0.6899999976158142,1153,0.0,0.0
2024-07-23 14:07:00-04:00,0.6980000138282776,0.6980000138282776,0.6980000138282776,0.6980000138282776,401,0.0,0.0
2024-07-23 14:13:00-04:00,0.6974999904632568,0.6976000070571899,0.6974999904632568,0.6976000070571899,2932,0.0,0.0
2024-07-23 14:14:00-04:00,0.6887999773025513,0.6887999773025513,0.6887999773025513,0.6887999773025513,0,0.0,0.0
2024-07-23 14:18:00-04:00,0.6800000071525574,0.6800000071525574,0.6800000071525574,0.6800000071525574,56852,0.0,0.0
2024-07-23 14:21:00-04:00,0.6811000108718872,0.6976000070571899,0.6811000108718872,0.6976000070571899,0,0.0,0.0
2024-07-23 14:23:00-04:00,0.6976000070571899,0.7049999833106995,0.6819000244140625,0.6819000244140625,17603,0.0,0.0
2024-07-23 14:25:00-04:00,0.6935999989509583,0.6935999989509583,0.6935999989509583,0.6935999989509583,180,0.0,0.0
2024-07-23 14:27:00-04:00,0.7049999833106995,0.7049999833106995,0.7049999833106995,0.7049999833106995,700,0.0,0.0
2024-07-23 14:28:00-04:00,0.7049999833106995,0.7049999833106995,0.7049999833106995,0.7049999833106995,960,0.0,0.0
2024-07-23 14:32:00-04:00,0.7049999833106995,0.7049999833106995,0.7049999833106995,0.7049999833106995,11858,0.0,0.0
2024-07-23 14:34:00-04:00,0.7099999785423279,0.7149999737739563,0.7099999785423279,0.7149999737739563,2301,0.0,0.0
2024-07-23 14:35:00-04:00,0.699999988079071,0.699999988079071,0.699999988079071,0.699999988079071,856,0.0,0.0
2024-07-23 14:39:00-04:00,0.7049999833106995,0.7049999833106995,0.7049999833106995,0.7049999833106995,8297,0.0,0.0
2024-07-23 14:44:00-04:00,0.7190999984741211,0.7190999984741211,0.7190999984741211,0.7190999984741211,240,0.0,0.0
2024-07-23 14:45:00-04:00,0.7190999984741211,0.7190999984741211,0.7190999984741211,0.7190999984741211,178,0.0,0.0
2024-07-23 14:47:00-04:00,0.7190999984741211,0.7190999984741211,0.7190999984741211,0.7190999984741211,200,0.0,0.0
2024-07-23 14:48:00-04:00,0.7190999984741211,0.7190999984741211,0.7190999984741211,0.7190999984741211,2060,0.0,0.0
2024-07-23 14:49:00-04:00,0.7200000286102295,0.7200000286102295,0.7200000286102295,0.7200000286102295,4276,0.0,0.0
2024-07-23 14:52:00-04:00,0.7225000262260437,0.7225000262260437,0.7225000262260437,0.7225000262260437,110,0.0,0.0
2024-07-23 14:53:00-04:00,0.7250000238418579,0.7250000238418579,0.7250000238418579,0.7250000238418579,1510,0.0,0.0
2024-07-23 14:55:00-04:00,0.7250000238418579,0.7250000238418579,0.7250000238418579,0.7250000238418579,130,0.0,0.0
2024-07-23 14:56:00-04:00,0.7250000238418579,0.7250000238418579,0.7250000238418579,0.7250000238418579,560,0.0,0.0
2024-07-23 14:58:00-04:00,0.7279999852180481,0.7279999852180481,0.7279999852180481,0.7279999852180481,401,0.0,0.0
2024-07-23 14:59:00-04:00,0.7279999852180481,0.7279999852180481,0.7279999852180481,0.7279999852180481,12181,0.0,0.0
2024-07-23 15:03:00-04:00,0.7239999771118164,0.7239999771118164,0.7239999771118164,0.7239999771118164,2006,0.0,0.0
2024-07-23 15:04:00-04:00,0.7279999852180481,0.7279999852180481,0.7239999771118164,0.7239999771118164,10284,0.0,0.0
2024-07-23 15:05:00-04:00,0.7239999771118164,0.7279999852180481,0.7239999771118164,0.7279999852180481,4632,0.0,0.0
2024-07-23 15:08:00-04:00,0.7250000238418579,0.7250000238418579,0.7250000238418579,0.7250000238418579,668,0.0,0.0
2024-07-23 15:10:00-04:00,0.7250000238418579,0.7250000238418579,0.7250000238418579,0.7250000238418579,138,0.0,0.0
2024-07-23 15:17:00-04:00,0.7200999855995178,0.7200999855995178,0.7200999855995178,0.7200999855995178,308,0.0,0.0
2024-07-23 15:20:00-04:00,0.7200999855995178,0.7200999855995178,0.7200000286102295,0.7200000286102295,1909,0.0,0.0
2024-07-23 15:23:00-04:00,0.7074999809265137,0.7074999809265137,0.7074999809265137,0.7074999809265137,369,0.0,0.0
2024-07-23 15:25:00-04:00,0.7113000154495239,0.7113000154495239,0.7113000154495239,0.7113000154495239,2293,0.0,0.0
2024-07-23 15:27:00-04:00,0.7080000042915344,0.7080000042915344,0.7080000042915344,0.7080000042915344,1532,0.0,0.0
2024-07-23 15:31:00-04:00,0.7279999852180481,0.7299000024795532,0.7279999852180481,0.7299000024795532,4180,0.0,0.0
2024-07-23 15:32:00-04:00,0.7074999809265137,0.7074999809265137,0.7074999809265137,0.7074999809265137,142,0.0,0.0
2024-07-23 15:37:00-04:00,0.7185999751091003,0.7185999751091003,0.7185999751091003,0.7185999751091003,2302,0.0,0.0
2024-07-23 15:39:00-04:00,0.7077999711036682,0.7077999711036682,0.7077999711036682,0.7077999711036682,267,0.0,0.0
2024-07-23 15:40:00-04:00,0.7074999809265137,0.7074999809265137,0.7074999809265137,0.7074999809265137,639,0.0,0.0
2024-07-23 15:45:00-04:00,0.7074999809265137,0.7074999809265137,0.7074999809265137,0.7074999809265137,7250,0.0,0.0
2024-07-23 15:50:00-04:00,0.7039999961853027,0.7039999961853027,0.7039999961853027,0.7039999961853027,1486,0.0,0.0
2024-07-24 09:42:00-04:00,0.7019000053405762,0.7019000053405762,0.7019000053405762,0.7019000053405762,102474,0.0,0.0
2024-07-24 09:59:00-04:00,0.7050999999046326,0.7050999999046326,0.7050999999046326,0.7050999999046326,2829,0.0,0.0
2024-07-24 10:10:00-04:00,0.703000009059906,0.703000009059906,0.703000009059906,0.703000009059906,700,0.0,0.0
2024-07-24 10:11:00-04:00,0.7019000053405762,0.7019000053405762,0.7019000053405762,0.7019000053405762,300,0.0,0.0
2024-07-24 10:13:00-04:00,0.6955000162124634,0.6955000162124634,0.6800000071525574,0.6800000071525574,751,0.0,0.0
2024-07-24 10:15:00-04:00,0.6800000071525574,0.6800000071525574,0.6800000071525574,0.6800000071525574,7008,0.0,0.0
2024-07-24 10:21:00-04:00,0.6801000237464905,0.6801000237464905,0.6800000071525574,0.6800000071525574,1482,0.0,0.0
2024-07-24 10:22:00-04:00,0.6937999725341797,0.6937999725341797,0.6937999725341797,0.6937999725341797,300,0.0,0.0
2024-07-24 10:23:00-04:00,0.6880000233650208,0.6880000233650208,0.6880000233650208,0.6880000233650208,27,0.0,0.0
2024-07-24 10:26:00-04:00,0.6826000213623047,0.6826000213623047,0.6826000213623047,0.6826000213623047,474,0.0,0.0
2024-07-24 10:29:00-04:00,0.6826000213623047,0.6826000213623047,0.6826000213623047,0.6826000213623047,3040,0.0,0.0
2024-07-24 10:42:00-04:00,0.699999988079071,0.699999988079071,0.699999988079071,0.699999988079071,974,0.0,0.0
2024-07-24 10:52:00-04:00,0.6949999928474426,0.6949999928474426,0.6949999928474426,0.6949999928474426,135,0.0,0.0
2024-07-24 10:59:00-04:00,0.699999988079071,0.699999988079071,0.699999988079071,0.699999988079071,101,0.0,0.0
2024-07-24 11:03:00-04:00,0.699999988079071,0.699999988079071,0.699999988079071,0.699999988079071,538,0.0,0.0
2024-07-24 11:11:00-04:00,0.7099999785423279,0.7099999785423279,0.7099999785423279,0.7099999785423279,311,0.0,0.0
2024-07-24 11:14:00-04:00,0.7085999846458435,0.7085999846458435,0.7085999846458435,0.7085999846458435,380,0.0,0.0
2024-07-24 11:29:00-04:00,0.699999988079071,0.699999988079071,0.699999988079071,0.699999988079071,229,0.0,0.0
2024-07-24 11:34:00-04:00,0.699999988079071,0.699999988079071,0.699999988079071,0.699999988079071,301,0.0,0.0
2024-07-24 11:54:00-04:00,0.6995999813079834,0.6995999813079834,0.6995999813079834,0.6995999813079834,320,0.0,0.0
2024-07-24 11:55:00-04:00,0.6996999979019165,0.6996999979019165,0.6996999979019165,0.6996999979019165,1275,0.0,0.0
2024-07-24 11:56:00-04:00,0.6899999976158142,0.6996999979019165,0.6800000071525574,0.6996999979019165,8796,0.0,0.0
2024-07-24 11:57:00-04:00,0.6794000267982483,0.6794000267982483,0.6794000267982483,0.6794000267982483,80,0.0,0.0
2024-07-24 11:59:00-04:00,0.671999990940094,0.671999990940094,0.671999990940094,0.671999990940094,2908,0.0,0.0
2024-07-24 12:05:00-04:00,0.6941999793052673,0.6941999793052673,0.6941999793052673,0.6941999793052673,662,0.0,0.0
2024-07-24 12:07:00-04:00,0.6998000144958496,0.6998000144958496,0.6998000144958496,0.6998000144958496,19,0.0,0.0
2024-07-24 12:12:00-04:00,0.6998000144958496,0.6998000144958496,0.6998000144958496,0.6998000144958496,600,0.0,0.0
2024-07-24 12:13:00-04:00,0.6998000144958496,0.699999988079071,0.6998000144958496,0.699999988079071,2529,0.0,0.0
2024-07-24 12:21:00-04:00,0.7049000263214111,0.7049000263214111,0.7049000263214111,0.7049000263214111,261,0.0,0.0
2024-07-24 12:23:00-04:00,0.7049000263214111,0.7049000263214111,0.7049000263214111,0.7049000263214111,140,0.0,0.0
2024-07-24 12:28:00-04:00,0.7049000263214111,0.7049000263214111,0.7049000263214111,0.7049000263214111,1595,0.0,0.0
2024-07-24 12:32:00-04:00,0.704800009727478,0.704800009727478,0.704800009727478,0.704800009727478,3385,0.0,0.0
2024-07-24 12:33:00-04:00,0.7099000215530396,0.7099000215530396,0.7099000215530396,0.7099000215530396,488,0.0,0.0
2024-07-24 12:44:00-04:00,0.7074000239372253,0.7074000239372253,0.7074000239372253,0.7074000239372253,200,0.0,0.0
2024-07-24 12:46:00-04:00,0.704800009727478,0.704800009727478,0.704800009727478,0.704800009727478,111,0.0,0.0
2024-07-24 12:56:00-04:00,0.7046999931335449,0.7046999931335449,0.7046999931335449,0.7046999931335449,556,0.0,0.0
2024-07-24 12:57:00-04:00,0.7046999931335449,0.7046999931335449,0.7046999931335449,0.7046999931335449,3700,0.0,0.0
2024-07-24 13:01:00-04:00,0.7049000263214111,0.7049000263214111,0.7049000263214111,0.7049000263214111,0,0.0,0.0
2024-07-24 13:08:00-04:00,0.7049999833106995,0.7049999833106995,0.7049999833106995,0.7049999833106995,274,0.0,0.0
2024-07-24 13:10:00-04:00,0.7099000215530396,0.7099000215530396,0.7099000215530396,0.7099000215530396,598,0.0,0.0
2024-07-24 13:18:00-04:00,0.7049000263214111,0.7049000263214111,0.7049000263214111,0.7049000263214111,497,0.0,0.0
2024-07-24 13:20:00-04:00,0.7099000215530396,0.7099000215530396,0.7099000215530396,0.7099000215530396,2338,0.0,0.0
2024-07-24 13:40:00-04:00,0.7099999785423279,0.718999981880188,0.7099999785423279,0.718999981880188,20620,0.0,0.0
2024-07-24 13:41:00-04:00,0.7200000286102295,0.7200000286102295,0.7200000286102295,0.7200000286102295,140,0.0,0.0
2024-07-24 13:44:00-04:00,0.7124999761581421,0.7200000286102295,0.7124999761581421,0.7200000286102295,4321,0.0,0.0
2024-07-24 14:00:00-04:00,0.7203999757766724,0.7203999757766724,0.7203999757766724,0.7203999757766724,107,0.0,0.0
2024-07-24 14:03:00-04:00,0.7196999788284302,0.7196999788284302,0.7145000100135803,0.7145000100135803,403,0.0,0.0
2024-07-24 14:08:00-04:00,0.7159000039100647,0.7159000039100647,0.7157999873161316,0.7157999873161316,5258,0.0,0.0
2024-07-24 14:17:00-04:00,0.7229999899864197,0.7229999899864197,0.7229999899864197,0.7229999899864197,327,0.0,0.0
2024-07-24 14:19:00-04:00,0.7229999899864197,0.7229999899864197,0.7229999899864197,0.7229999899864197,200,0.0,0.0
2024-07-24 14:22:00-04:00,0.7229999899864197,0.7229999899864197,0.7229999899864197,0.7229999899864197,10,0.0,0.0
2024-07-24 14:23:00-04:00,0.7099999785423279,0.7099999785423279,0.7099999785423279,0.7099999785423279,734,0.0,0.0
2024-07-24 14:28:00-04:00,0.7250000238418579,0.7250000238418579,0.7250000238418579,0.7250000238418579,10881,0.0,0.0
2024-07-24 14:34:00-04:00,0.7300000190734863,0.7300000190734863,0.7149999737739563,0.7225000262260437,30468,0.0,0.0
2024-07-24 14:35:00-04:00,0.7300000190734863,0.7300000190734863,0.7300000190734863,0.7300000190734863,3301,0.0,0.0
2024-07-24 14:47:00-04:00,0.7350000143051147,0.7350000143051147,0.7350000143051147,0.7350000143051147,759,0.0,0.0
2024-07-24 14:48:00-04:00,0.7400000095367432,0.7400000095367432,0.7400000095367432,0.7400000095367432,554,0.0,0.0
2024-07-24 14:49:00-04:00,0.7400000095367432,0.7400000095367432,0.7400000095367432,0.7400000095367432,6629,0.0,0.0
2024-07-24 14:52:00-04:00,0.7450000047683716,0.7450000047683716,0.7450000047683716,0.7450000047683716,135,0.0,0.0
2024-07-24 14:53:00-04:00,0.7450000047683716,0.748199999332428,0.7450000047683716,0.748199999332428,2001,0.0,0.0
2024-07-24 14:54:00-04:00,0.7498999834060669,0.7498999834060669,0.7498000264167786,0.7498000264167786,1670,0.0,0.0
2024-07-24 14:55:00-04:00,0.7300999760627747,0.7300999760627747,0.7300000190734863,0.7300000190734863,10539,0.0,0.0
2024-07-24 14:57:00-04:00,0.7490000128746033,0.7490000128746033,0.7490000128746033,0.7490000128746033,7229,0.0,0.0
2024-07-24 15:04:00-04:00,0.7490000128746033,0.7490000128746033,0.7490000128746033,0.7490000128746033,14338,0.0,0.0
2024-07-24 15:06:00-04:00,0.7350999712944031,0.7350999712944031,0.7350999712944031,0.7350999712944031,4082,0.0,0.0
2024-07-24 15:08:00-04:00,0.7419999837875366,0.7419999837875366,0.7419999837875366,0.7419999837875366,905,0.0,0.0
2024-07-24 15:10:00-04:00,0.7350000143051147,0.7350000143051147,0.7350000143051147,0.7350000143051147,1180,0.0,0.0
2024-07-24 15:12:00-04:00,0.7311999797821045,0.7311999797821045,0.7311999797821045,0.7311999797821045,496,0.0,0.0
2024-07-24 15:13:00-04:00,0.7312999963760376,0.7312999963760376,0.7312999963760376,0.7312999963760376,421,0.0,0.0
2024-07-24 15:21:00-04:00,0.7400000095367432,0.7400000095367432,0.7400000095367432,0.7400000095367432,10025,0.0,0.0
2024-07-24 15:22:00-04:00,0.7490000128746033,0.7490000128746033,0.7490000128746033,0.7490000128746033,4440,0.0,0.0
2024-07-24 15:28:00-04:00,0.7440999746322632,0.7440999746322632,0.7440999746322632,0.7440999746322632,433,0.0,0.0
2024-07-24 15:30:00-04:00,0.7450000047683716,0.7450000047683716,0.7450000047683716,0.7450000047683716,100,0.0,0.0
2024-07-24 15:31:00-04:00,0.7450000047683716,0.75,0.7450000047683716,0.75,13562,0.0,0.0
2024-07-24 15:32:00-04:00,0.75,0.75,0.75,0.75,5441,0.0,0.0
2024-07-24 15:36:00-04:00,0.7487000226974487,0.7487000226974487,0.7487000226974487,0.7487000226974487,170,0.0,0.0
2024-07-24 15:37:00-04:00,0.7549999952316284,0.7549999952316284,0.7549999952316284,0.7549999952316284,287,0.0,0.0
2024-07-24 15:42:00-04:00,0.7549999952316284,0.7549999952316284,0.7504000067710876,0.7504000067710876,10645,0.0,0.0
2024-07-24 15:43:00-04:00,0.7549999952316284,0.7549999952316284,0.7527999877929688,0.7527999877929688,503,0.0,0.0
2024-07-24 15:44:00-04:00,0.7549999952316284,0.7599999904632568,0.7549999952316284,0.7599999904632568,2530,0.0,0.0
2024-07-24 15:45:00-04:00,0.7580000162124634,0.7599999904632568,0.7580000162124634,0.7599999904632568,1720,0.0,0.0
2024-07-24 15:46:00-04:00,0.7599999904632568,0.7829999923706055,0.7599999904632568,0.7829999923706055,9214,0.0,0.0
2024-07-24 15:47:00-04:00,0.7644000053405762,0.7699999809265137,0.7642999887466431,0.7699999809265137,2130,0.0,0.0
2024-07-24 15:48:00-04:00,0.7599999904632568,0.7829999923706055,0.7599999904632568,0.7829999923706055,3380,0.0,0.0
2024-07-24 15:49:00-04:00,0.7735999822616577,0.7829999923706055,0.7735999822616577,0.7829999923706055,2000,0.0,0.0
2024-07-24 15:50:00-04:00,0.772599995136261,0.781000018119812,0.772599995136261,0.781000018119812,810,0.0,0.0
2024-07-24 15:51:00-04:00,0.7799999713897705,0.7799999713897705,0.7799999713897705,0.7799999713897705,1600,0.0,0.0
2024-07-24 15:52:00-04:00,0.7799999713897705,0.7799999713897705,0.7656999826431274,0.7799999713897705,2344,0.0,0.0
2024-07-24 15:53:00-04:00,0.7799999713897705,0.7799999713897705,0.7799999713897705,0.7799999713897705,2259,0.0,0.0
2024-07-24 15:54:00-04:00,0.7799999713897705,0.7799999713897705,0.7799999713897705,0.7799999713897705,2666,0.0,0.0
2024-07-24 15:55:00-04:00,0.7642999887466431,0.7799999713897705,0.7642999887466431,0.7799999713897705,5443,0.0,0.0
2024-07-24 15:56:00-04:00,0.7799999713897705,0.7799999713897705,0.7720999717712402,0.7720999717712402,5207,0.0,0.0
2024-07-24 15:57:00-04:00,0.7799999713897705,0.781000018119812,0.7799999713897705,0.781000018119812,5007,0.0,0.0
2024-07-24 15:58:00-04:00,0.7829999923706055,0.7829999923706055,0.7829999923706055,0.7829999923706055,3134,0.0,0.0
2024-07-24 15:59:00-04:00,0.781499981880188,0.7827000021934509,0.7501000165939331,0.7649999856948853,28751,0.0,0.0
2024-07-25 09:30:00-04:00,0.7680000066757202,0.7680000066757202,0.7649999856948853,0.7649999856948853,17024,0.0,0.0
2024-07-25 09:33:00-04:00,0.7509999871253967,0.7623000144958496,0.7509999871253967,0.7623000144958496,1525,0.0,0.0
2024-07-25 09:34:00-04:00,0.7509999871253967,0.7509999871253967,0.75,0.75,1801,0.0,0.0
2024-07-25 09:40:00-04:00,0.75,0.75,0.75,0.75,200,0.0,0.0
2024-07-25 09:42:00-04:00,0.7645999789237976,0.7645999789237976,0.7645999789237976,0.7645999789237976,100,0.0,0.0
2024-07-25 09:45:00-04:00,0.7645999789237976,0.7645999789237976,0.7645999789237976,0.7645999789237976,17,0.0,0.0
2024-07-25 09:50:00-04:00,0.7300000190734863,0.7300000190734863,0.7300000190734863,0.7300000190734863,104,0.0,0.0
2024-07-25 09:52:00-04:00,0.7386999726295471,0.7386999726295471,0.7386999726295471,0.7386999726295471,3097,0.0,0.0
2024-07-25 09:53:00-04:00,0.7299000024795532,0.7299000024795532,0.7299000024795532,0.7299000024795532,1810,0.0,0.0
2024-07-25 09:55:00-04:00,0.7299000024795532,0.7300000190734863,0.7299000024795532,0.7300000190734863,26815,0.0,0.0
2024-07-25 09:57:00-04:00,0.7253000140190125,0.7253000140190125,0.7253000140190125,0.7253000140190125,0,0.0,0.0
2024-07-25 09:59:00-04:00,0.7200000286102295,0.7200000286102295,0.7200000286102295,0.7200000286102295,712,0.0,0.0
2024-07-25 10:02:00-04:00,0.7253000140190125,0.7253000140190125,0.7253000140190125,0.7253000140190125,132,0.0,0.0
2024-07-25 10:04:00-04:00,0.7253000140190125,0.7253000140190125,0.7253000140190125,0.7253000140190125,404,0.0,0.0
2024-07-25 10:06:00-04:00,0.7599999904632568,0.7599999904632568,0.7599999904632568,0.7599999904632568,2017,0.0,0.0
2024-07-25 10:08:00-04:00,0.7598999738693237,0.7598999738693237,0.7598999738693237,0.7598999738693237,1900,0.0,0.0
2024-07-25 10:10:00-04:00,0.7599999904632568,0.7599999904632568,0.7599999904632568,0.7599999904632568,0,0.0,0.0
2024-07-25 10:11:00-04:00,0.75,0.75,0.75,0.75,1041,0.0,0.0
2024-07-25 10:12:00-04:00,0.7599999904632568,0.7599999904632568,0.7599999904632568,0.7599999904632568,200,0.0,0.0
2024-07-25 10:13:00-04:00,0.7599999904632568,0.7599999904632568,0.7483999729156494,0.7483999729156494,1088,0.0,0.0
2024-07-25 10:14:00-04:00,0.7645999789237976,0.7645999789237976,0.7645999789237976,0.7645999789237976,1214,0.0,0.0
2024-07-25 10:16:00-04:00,0.7645999789237976,0.7645999789237976,0.7645999789237976,0.7645999789237976,200,0.0,0.0
2024-07-25 10:17:00-04:00,0.7491999864578247,0.7491999864578247,0.7491999864578247,0.7491999864578247,52,0.0,0.0
2024-07-25 10:18:00-04:00,0.7645999789237976,0.7645999789237976,0.7645999789237976,0.7645999789237976,258,0.0,0.0
2024-07-25 10:19:00-04:00,0.7541000247001648,0.7541000247001648,0.7541000247001648,0.7541000247001648,2000,0.0,0.0
2024-07-25 10:21:00-04:00,0.7645999789237976,0.7645999789237976,0.7519999742507935,0.7645999789237976,23012,0.0,0.0
2024-07-25 10:22:00-04:00,0.7605999708175659,0.7605999708175659,0.7605999708175659,0.7605999708175659,2396,0.0,0.0
2024-07-25 10:26:00-04:00,0.767799973487854,0.7684000134468079,0.767799973487854,0.7684000134468079,286,0.0,0.0
2024-07-25 10:27:00-04:00,0.7684000134468079,0.7749000191688538,0.7684000134468079,0.7749000191688538,3484,0.0,0.0
2024-07-25 10:29:00-04:00,0.767799973487854,0.767799973487854,0.767799973487854,0.767799973487854,586,0.0,0.0
2024-07-25 10:38:00-04:00,0.7699999809265137,0.7699999809265137,0.7645999789237976,0.7645999789237976,740,0.0,0.0
2024-07-25 10:40:00-04:00,0.7475000023841858,0.7570000290870667,0.7475000023841858,0.7570000290870667,124,0.0,0.0
2024-07-25 10:51:00-04:00,0.7749999761581421,0.7749999761581421,0.7749999761581421,0.7749999761581421,9454,0.0,0.0
2024-07-25 10:53:00-04:00,0.7734000086784363,0.7734000086784363,0.7734000086784363,0.7734000086784363,410,0.0,0.0
2024-07-25 10:54:00-04:00,0.7735000252723694,0.7735000252723694,0.7735000252723694,0.7735000252723694,311,0.0,0.0
2024-07-25 10:59:00-04:00,0.7599999904632568,0.7599999904632568,0.7599999904632568,0.7599999904632568,200,0.0,0.0
2024-07-25 11:03:00-04:00,0.75,0.75,0.75,0.75,104,0.0,0.0
2024-07-25 11:04:00-04:00,0.75,0.75,0.75,0.75,900,0.0,0.0
2024-07-25 11:05:00-04:00,0.7350000143051147,0.7350000143051147,0.7350000143051147,0.7350000143051147,1881,0.0,0.0
2024-07-25 11:06:00-04:00,0.7350000143051147,0.7599999904632568,0.7350000143051147,0.7599999904632568,0,0.0,0.0
2024-07-25 11:08:00-04:00,0.7599999904632568,0.7599999904632568,0.7599999904632568,0.7599999904632568,0,0.0,0.0
2024-07-25 11:12:00-04:00,0.7599999904632568,0.7599999904632568,0.7599999904632568,0.7599999904632568,103501,0.0,0.0
2024-07-25 11:21:00-04:00,0.7599999904632568,0.7599999904632568,0.7599999904632568,0.7599999904632568,525,0.0,0.0
2024-07-25 11:25:00-04:00,0.7599999904632568,0.7599999904632568,0.7599999904632568,0.7599999904632568,205,0.0,0.0
2024-07-25 11:30:00-04:00,0.7599999904632568,0.7599999904632568,0.7599999904632568,0.7599999904632568,280,0.0,0.0
2024-07-25 11:34:00-04:00,0.7599999904632568,0.7599999904632568,0.7599999904632568,0.7599999904632568,2,0.0,0.0
2024-07-25 11:39:00-04:00,0.7599999904632568,0.7599999904632568,0.7599999904632568,0.7599999904632568,200,0.0,0.0
2024-07-25 11:44:00-04:00,0.7599999904632568,0.7599999904632568,0.7599999904632568,0.7599999904632568,28,0.0,0.0
2024-07-25 11:49:00-04:00,0.7599999904632568,0.7599999904632568,0.7599999904632568,0.7599999904632568,113,0.0,0.0
2024-07-25 11:50:00-04:00,0.7409999966621399,0.7409999966621399,0.7409999966621399,0.7409999966621399,223,0.0,0.0
2024-07-25 11:51:00-04:00,0.7437999844551086,0.7437999844551086,0.7437999844551086,0.7437999844551086,1250,0.0,0.0
2024-07-25 11:54:00-04:00,0.7599999904632568,0.7599999904632568,0.7599999904632568,0.7599999904632568,0,0.0,0.0
2024-07-25 11:58:00-04:00,0.7599999904632568,0.7599999904632568,0.7599999904632568,0.7599999904632568,1902,0.0,0.0
2024-07-25 12:03:00-04:00,0.7699999809265137,0.7699999809265137,0.7699999809265137,0.7699999809265137,2740,0.0,0.0
2024-07-25 12:07:00-04:00,0.7549999952316284,0.7549999952316284,0.7549999952316284,0.7549999952316284,100,0.0,0.0
2024-07-25 12:08:00-04:00,0.7649999856948853,0.7649999856948853,0.7649999856948853,0.7649999856948853,100,0.0,0.0
2024-07-25 12:12:00-04:00,0.7649999856948853,0.7649999856948853,0.7649999856948853,0.7649999856948853,136,0.0,0.0
2024-07-25 12:17:00-04:00,0.7649999856948853,0.7649999856948853,0.7649999856948853,0.7649999856948853,100,0.0,0.0
2024-07-25 12:22:00-04:00,0.7649999856948853,0.7649999856948853,0.7649999856948853,0.7649999856948853,100,0.0,0.0
2024-07-25 12:27:00-04:00,0.7609999775886536,0.7609999775886536,0.7609999775886536,0.7609999775886536,73,0.0,0.0
2024-07-25 12:29:00-04:00,0.7450000047683716,0.7459999918937683,0.7450000047683716,0.7450000047683716,13777,0.0,0.0
2024-07-25 12:30:00-04:00,0.7649999856948853,0.7649999856948853,0.7649999856948853,0.7649999856948853,0,0.0,0.0
2024-07-25 12:32:00-04:00,0.7451000213623047,0.7451000213623047,0.7451000213623047,0.7451000213623047,776,0.0,0.0
2024-07-25 12:33:00-04:00,0.7450000047683716,0.7574999928474426,0.7379000186920166,0.7574999928474426,7069,0.0,0.0
2024-07-25 12:34:00-04:00,0.7451000213623047,0.7451000213623047,0.7350999712944031,0.7350999712944031,5850,0.0,0.0
2024-07-25 12:37:00-04:00,0.7350000143051147,0.7350000143051147,0.7200000286102295,0.7300000190734863,10205,0.0,0.0
2024-07-25 12:38:00-04:00,0.7400000095367432,0.7400000095367432,0.7400000095367432,0.7400000095367432,974,0.0,0.0
2024-07-25 13:05:00-04:00,0.7599999904632568,0.7599999904632568,0.7599999904632568,0.7599999904632568,110,0.0,0.0
2024-07-25 13:21:00-04:00,0.7599999904632568,0.7599999904632568,0.7599999904632568,0.7599999904632568,500,0.0,0.0
2024-07-25 13:27:00-04:00,0.7695000171661377,0.7695000171661377,0.7695000171661377,0.7695000171661377,200,0.0,0.0
2024-07-25 13:31:00-04:00,0.7451000213623047,0.7451000213623047,0.7451000213623047,0.7451000213623047,5807,0.0,0.0
2024-07-25 13:37:00-04:00,0.7573000192642212,0.7573000192642212,0.7573000192642212,0.7573000192642212,430,0.0,0.0
2024-07-25 13:42:00-04:00,0.7451000213623047,0.7451000213623047,0.7451000213623047,0.7451000213623047,2032,0.0,0.0
2024-07-25 13:43:00-04:00,0.7695000171661377,0.7695000171661377,0.7695000171661377,0.7695000171661377,180,0.0,0.0
2024-07-25 13:46:00-04:00,0.7572000026702881,0.7572000026702881,0.7549999952316284,0.7549999952316284,660,0.0,0.0
2024-07-25 13:49:00-04:00,0.7648000121116638,0.7648000121116638,0.7648000121116638,0.7648000121116638,319,0.0,0.0
2024-07-25 13:51:00-04:00,0.7549999952316284,0.7549999952316284,0.7451000213623047,0.7451000213623047,1630,0.0,0.0
2024-07-25 13:52:00-04:00,0.7549999952316284,0.7549999952316284,0.7549999952316284,0.7549999952316284,737,0.0,0.0
2024-07-25 13:56:00-04:00,0.7549999952316284,0.7549999952316284,0.7549999952316284,0.7549999952316284,150,0.0,0.0
2024-07-25 13:59:00-04:00,0.7649999856948853,0.7649999856948853,0.7649999856948853,0.7649999856948853,200,0.0,0.0
2024-07-25 14:04:00-04:00,0.7649999856948853,0.7649999856948853,0.7649999856948853,0.7649999856948853,100,0.0,0.0
2024-07-25 14:08:00-04:00,0.7450000047683716,0.7450000047683716,0.7450000047683716,0.7450000047683716,500,0.0,0.0
2024-07-25 14:09:00-04:00,0.7649999856948853,0.7649999856948853,0.7250000238418579,0.7450000047683716,11813,0.0,0.0
2024-07-25 14:29:00-04:00,0.7649999856948853,0.7649999856948853,0.7649999856948853,0.7649999856948853,2304,0.0,0.0
2024-07-25 14:34:00-04:00,0.7649999856948853,0.7649999856948853,0.7649999856948853,0.7649999856948853,437,0.0,0.0
2024-07-25 14:53:00-04:00,0.7649999856948853,0.7695000171661377,0.7649999856948853,0.7649999856948853,26767,0.0,0.0
2024-07-25 14:54:00-04:00,0.7695000171661377,0.7799999713897705,0.7695000171661377,0.7799999713897705,8174,0.0,0.0
2024-07-25 14:55:00-04:00,0.7764999866485596,0.7764999866485596,0.7764999866485596,0.7764999866485596,1247,0.0,0.0
2024-07-25 15:01:00-04:00,0.7850000262260437,0.7850000262260437,0.7850000262260437,0.7850000262260437,203,0.0,0.0
2024-07-25 15:04:00-04:00,0.7699999809265137,0.7699999809265137,0.7699999809265137,0.7699999809265137,200,0.0,0.0
2024-07-25 15:06:00-04:00,0.7850000262260437,0.7850000262260437,0.7850000262260437,0.7850000262260437,179,0.0,0.0
2024-07-25 15:18:00-04:00,0.7774999737739563,0.7850000262260437,0.7774999737739563,0.7850000262260437,2625,0.0,0.0
2024-07-25 15:23:00-04:00,0.781499981880188,0.781499981880188,0.781499981880188,0.781499981880188,200,0.0,0.0
2024-07-25 15:25:00-04:00,0.7850000262260437,0.7850000262260437,0.7850000262260437,0.7850000262260437,60,0.0,0.0
2024-07-25 15:29:00-04:00,0.777999997138977,0.7850000262260437,0.75,0.776199996471405,28959,0.0,0.0
2024-07-25 15:30:00-04:00,0.776199996471405,0.776199996471405,0.767300009727478,0.776199996471405,1037,0.0,0.0
2024-07-25 15:31:00-04:00,0.776199996471405,0.776199996471405,0.776199996471405,0.776199996471405,340,0.0,0.0
2024-07-25 15:32:00-04:00,0.776199996471405,0.776199996471405,0.7757999897003174,0.7757999897003174,608,0.0,0.0
2024-07-25 15:33:00-04:00,0.7757999897003174,0.7757999897003174,0.7757999897003174,0.7757999897003174,312,0.0,0.0
2024-07-25 15:37:00-04:00,0.7757999897003174,0.7757999897003174,0.7757999897003174,0.7757999897003174,375,0.0,0.0
2024-07-25 15:43:00-04:00,0.767300009727478,0.767300009727478,0.767300009727478,0.767300009727478,427,0.0,0.0
2024-07-25 15:46:00-04:00,0.7712000012397766,0.7712000012397766,0.7712000012397766,0.7712000012397766,293,0.0,0.0
2024-07-25 15:47:00-04:00,0.767300009727478,0.767300009727478,0.767300009727478,0.767300009727478,500,0.0,0.0
2024-07-25 15:48:00-04:00,0.7495999932289124,0.7495999932289124,0.7495999932289124,0.7495999932289124,997,0.0,0.0
2024-07-25 15:56:00-04:00,0.7699999809265137,0.7699999809265137,0.7699999809265137,0.7699999809265137,200,0.0,0.0
2024-07-25 15:57:00-04:00,0.7699999809265137,0.7699999809265137,0.7699999809265137,0.7699999809265137,4120,0.0,0.0
2024-07-25 15:58:00-04:00,0.758899986743927,0.7699999809265137,0.758899986743927,0.7699999809265137,564,0.0,0.0
2024-07-25 15:59:00-04:00,0.7699000239372253,0.7699000239372253,0.7699000239372253,0.7699000239372253,300,0.0,0.0
2024-07-26 09:30:00-04:00,0.7612000107765198,0.7612000107765198,0.7612000107765198,0.7612000107765198,451,0.0,0.0
2024-07-26 09:33:00-04:00,0.7749999761581421,0.7749999761581421,0.7749999761581421,0.7749999761581421,242,0.0,0.0
2024-07-26 09:40:00-04:00,0.7699999809265137,0.7699999809265137,0.7699999809265137,0.7699999809265137,161,0.0,0.0
2024-07-26 09:43:00-04:00,0.7699999809265137,0.7699999809265137,0.7699999809265137,0.7699999809265137,141,0.0,0.0
2024-07-26 09:44:00-04:00,0.7799999713897705,0.7799999713897705,0.7799999713897705,0.7799999713897705,339,0.0,0.0
2024-07-26 09:45:00-04:00,0.7699999809265137,0.7699999809265137,0.7699999809265137,0.7699999809265137,212,0.0,0.0
2024-07-26 09:49:00-04:00,0.7699999809265137,0.7699999809265137,0.7699999809265137,0.7699999809265137,300,0.0,0.0
2024-07-26 09:50:00-04:00,0.7601000070571899,0.7699999809265137,0.7601000070571899,0.7699999809265137,7330,0.0,0.0
2024-07-26 09:51:00-04:00,0.7799000144004822,0.7799000144004822,0.7799000144004822,0.7799000144004822,520,0.0,0.0
2024-07-26 09:52:00-04:00,0.7699999809265137,0.7699999809265137,0.7599999904632568,0.7599999904632568,260,0.0,0.0
2024-07-26 09:53:00-04:00,0.7601000070571899,0.7601000070571899,0.7601000070571899,0.7601000070571899,0,0.0,0.0
2024-07-26 09:55:00-04:00,0.760200023651123,0.760200023651123,0.760200023651123,0.760200023651123,383,0.0,0.0
2024-07-26 09:58:00-04:00,0.7699999809265137,0.7699999809265137,0.7699999809265137,0.7699999809265137,118,0.0,0.0
2024-07-26 10:00:00-04:00,0.7699999809265137,0.7699999809265137,0.7699999809265137,0.7699999809265137,778,0.0,0.0
2024-07-26 10:01:00-04:00,0.7699999809265137,0.7699999809265137,0.7699999809265137,0.7699999809265137,0,0.0,0.0
2024-07-26 10:02:00-04:00,0.7599999904632568,0.7599999904632568,0.7599999904632568,0.7599999904632568,504,0.0,0.0
2024-07-26 10:03:00-04:00,0.7699999809265137,0.7699999809265137,0.7699999809265137,0.7699999809265137,200,0.0,0.0
2024-07-26 10:05:00-04:00,0.7699999809265137,0.7699999809265137,0.7699999809265137,0.7699999809265137,120,0.0,0.0
2024-07-26 10:07:00-04:00,0.7699999809265137,0.7699999809265137,0.7609999775886536,0.7609999775886536,850,0.0,0.0
2024-07-26 10:08:00-04:00,0.7609999775886536,0.7609999775886536,0.7609999775886536,0.7609999775886536,4200,0.0,0.0
2024-07-26 10:09:00-04:00,0.7599999904632568,0.7599999904632568,0.7540000081062317,0.7540000081062317,1438,0.0,0.0
2024-07-26 10:22:00-04:00,0.7549999952316284,0.762499988079071,0.7549999952316284,0.762499988079071,5546,0.0,0.0
2024-07-26 10:28:00-04:00,0.7645999789237976,0.7645999789237976,0.7645999789237976,0.7645999789237976,2017,0.0,0.0
2024-07-26 10:29:00-04:00,0.7674999833106995,0.7674999833106995,0.7674999833106995,0.7674999833106995,0,0.0,0.0
2024-07-26 10:35:00-04:00,0.7599999904632568,0.7599999904632568,0.7599999904632568,0.7599999904632568,7425,0.0,0.0
2024-07-26 10:36:00-04:00,0.7674999833106995,0.7674999833106995,0.7674999833106995,0.7674999833106995,110,0.0,0.0
2024-07-26 10:40:00-04:00,0.7674999833106995,0.7674999833106995,0.7674999833106995,0.7674999833106995,200,0.0,0.0
2024-07-26 10:43:00-04:00,0.7674999833106995,0.7674999833106995,0.7674999833106995,0.7674999833106995,100,0.0,0.0
2024-07-26 10:44:00-04:00,0.7635999917984009,0.7635999917984009,0.7635999917984009,0.7635999917984009,576,0.0,0.0
2024-07-26 10:46:00-04:00,0.7674999833106995,0.7674999833106995,0.7674999833106995,0.7674999833106995,133,0.0,0.0
2024-07-26 10:50:00-04:00,0.7674999833106995,0.7674999833106995,0.7674999833106995,0.7674999833106995,145,0.0,0.0
2024-07-26 10:52:00-04:00,0.7739999890327454,0.7739999890327454,0.7739999890327454,0.7739999890327454,934,0.0,0.0
2024-07-26 10:58:00-04:00,0.7649999856948853,0.7649999856948853,0.7649999856948853,0.7649999856948853,210,0.0,0.0
2024-07-26 10:59:00-04:00,0.7649999856948853,0.7649999856948853,0.7601000070571899,0.7601000070571899,290,0.0,0.0
2024-07-26 11:00:00-04:00,0.7649999856948853,0.7649999856948853,0.7649999856948853,0.7649999856948853,0,0.0,0.0
2024-07-26 11:05:00-04:00,0.7649999856948853,0.7649999856948853,0.7649999856948853,0.7649999856948853,200,0.0,0.0
2024-07-26 11:10:00-04:00,0.7580000162124634,0.7580000162124634,0.7580000162124634,0.7580000162124634,0,0.0,0.0
2024-07-26 11:17:00-04:00,0.7580999732017517,0.7580999732017517,0.7580000162124634,0.7580000162124634,38921,0.0,0.0
2024-07-26 11:27:00-04:00,0.7630000114440918,0.7630000114440918,0.7630000114440918,0.7630000114440918,110,0.0,0.0
2024-07-26 11:29:00-04:00,0.7580000162124634,0.7580000162124634,0.7580000162124634,0.7580000162124634,2360,0.0,0.0
2024-07-26 11:34:00-04:00,0.7580000162124634,0.7580000162124634,0.7580000162124634,0.7580000162124634,258,0.0,0.0
2024-07-26 11:35:00-04:00,0.7628999948501587,0.7628999948501587,0.7628999948501587,0.7628999948501587,101,0.0,0.0
2024-07-26 11:47:00-04:00,0.7627999782562256,0.7627999782562256,0.7627999782562256,0.7627999782562256,110,0.0,0.0
2024-07-26 11:51:00-04:00,0.7627999782562256,0.7627999782562256,0.7627999782562256,0.7627999782562256,200,0.0,0.0
2024-07-26 11:57:00-04:00,0.7627999782562256,0.7627999782562256,0.7627999782562256,0.7627999782562256,10,0.0,0.0
2024-07-26 11:58:00-04:00,0.7588000297546387,0.7588000297546387,0.7588000297546387,0.7588000297546387,189,0.0,0.0
2024-07-26 12:00:00-04:00,0.7588000297546387,0.7588000297546387,0.7588000297546387,0.7588000297546387,0,0.0,0.0
2024-07-26 12:19:00-04:00,0.7588000297546387,0.7588000297546387,0.7588000297546387,0.7588000297546387,43998,0.0,0.0
2024-07-26 12:27:00-04:00,0.767300009727478,0.767300009727478,0.767300009727478,0.767300009727478,981,0.0,0.0
2024-07-26 13:53:00-04:00,0.7649000287055969,0.7649000287055969,0.7649000287055969,0.7649000287055969,583,0.0,0.0
2024-07-26 14:17:00-04:00,0.7509999871253967,0.7509999871253967,0.7509999871253967,0.7509999871253967,730,0.0,0.0
2024-07-26 14:19:00-04:00,0.7649000287055969,0.7649000287055969,0.7544999718666077,0.7545999884605408,4221,0.0,0.0
2024-07-26 14:20:00-04:00,0.7544999718666077,0.7544999718666077,0.7544999718666077,0.7544999718666077,1399,0.0,0.0
2024-07-26 14:34:00-04:00,0.7544999718666077,0.7562999725341797,0.7544999718666077,0.7562999725341797,6296,0.0,0.0
2024-07-26 14:36:00-04:00,0.7595000267028809,0.7595000267028809,0.7595000267028809,0.7595000267028809,65,0.0,0.0
2024-07-26 14:38:00-04:00,0.7595000267028809,0.7595000267028809,0.7595000267028809,0.7595000267028809,255,0.0,0.0
2024-07-26 14:42:00-04:00,0.7595000267028809,0.7595000267028809,0.7595000267028809,0.7595000267028809,142,0.0,0.0
2024-07-26 14:46:00-04:00,0.7595000267028809,0.7595000267028809,0.7595000267028809,0.7595000267028809,110,0.0,0.0
2024-07-26 14:48:00-04:00,0.7595000267028809,0.7595000267028809,0.7595000267028809,0.7595000267028809,378,0.0,0.0
2024-07-26 14:49:00-04:00,0.7595000267028809,0.7595000267028809,0.7595000267028809,0.7595000267028809,167,0.0,0.0
2024-07-26 14:52:00-04:00,0.7649000287055969,0.7649000287055969,0.7649000287055969,0.7649000287055969,200,0.0,0.0
2024-07-26 14:56:00-04:00,0.7580000162124634,0.7580000162124634,0.7580000162124634,0.7580000162124634,10100,0.0,0.0
2024-07-26 15:02:00-04:00,0.7598000168800354,0.7598000168800354,0.7598000168800354,0.7598000168800354,540,0.0,0.0
2024-07-26 15:03:00-04:00,0.7580000162124634,0.7580000162124634,0.7580000162124634,0.7580000162124634,205,0.0,0.0
2024-07-26 15:04:00-04:00,0.7544999718666077,0.7544999718666077,0.7544999718666077,0.7544999718666077,1000,0.0,0.0
2024-07-26 15:07:00-04:00,0.7580000162124634,0.7580000162124634,0.7580000162124634,0.7580000162124634,0,0.0,0.0
2024-07-26 15:14:00-04:00,0.7545999884605408,0.7545999884605408,0.7545999884605408,0.7545999884605408,1296,0.0,0.0
2024-07-26 15:15:00-04:00,0.7544999718666077,0.7574999928474426,0.7511000037193298,0.7511000037193298,1185,0.0,0.0
2024-07-26 15:16:00-04:00,0.7509999871253967,0.7509999871253967,0.7509999871253967,0.7509999871253967,397,0.0,0.0
2024-07-26 15:17:00-04:00,0.7562999725341797,0.7573000192642212,0.7562999725341797,0.7573000192642212,1407,0.0,0.0
2024-07-26 15:30:00-04:00,0.7544999718666077,0.7544999718666077,0.7544999718666077,0.7544999718666077,353,0.0,0.0
2024-07-26 15:36:00-04:00,0.7580000162124634,0.7580000162124634,0.7580000162124634,0.7580000162124634,336,0.0,0.0
2024-07-26 15:42:00-04:00,0.7580000162124634,0.7580000162124634,0.7580000162124634,0.7580000162124634,311,0.0,0.0
2024-07-26 15:46:00-04:00,0.7613999843597412,0.7613999843597412,0.7613999843597412,0.7613999843597412,921,0.0,0.0
2024-07-26 15:48:00-04:00,0.7545999884605408,0.7545999884605408,0.7545999884605408,0.7545999884605408,115,0.0,0.0
2024-07-26 15:49:00-04:00,0.7580000162124634,0.7580000162124634,0.7580000162124634,0.7580000162124634,200,0.0,0.0
2024-07-26 15:53:00-04:00,0.7580000162124634,0.7580000162124634,0.7580000162124634,0.7580000162124634,1170,0.0,0.0
2024-07-26 15:54:00-04:00,0.7544999718666077,0.7544999718666077,0.7544999718666077,0.7544999718666077,403,0.0,0.0
2024-07-26 15:57:00-04:00,0.7509999871253967,0.7509999871253967,0.7509999871253967,0.7509999871253967,4344,0.0,0.0
2024-07-26 15:59:00-04:00,0.7511000037193298,0.7615000009536743,0.7511000037193298,0.7615000009536743,2418,0.0,0.0
