Datetime,Open,High,Low,Close,Volume,Dividends,Stock Splits
2024-07-22 09:30:00-04:00,16.040000915527344,16.040000915527344,15.930000305175781,15.930000305175781,9455,0.0,0.0
2024-07-22 09:31:00-04:00,16.059999465942383,16.059999465942383,16.03499984741211,16.03499984741211,1174,0.0,0.0
2024-07-22 09:32:00-04:00,15.989999771118164,15.989999771118164,15.989999771118164,15.989999771118164,336,0.0,0.0
2024-07-22 09:33:00-04:00,16.005800247192383,16.030000686645508,16.005800247192383,16.030000686645508,1964,0.0,0.0
2024-07-22 09:34:00-04:00,16.030000686645508,16.049999237060547,16.020000457763672,16.049999237060547,873,0.0,0.0
2024-07-22 09:35:00-04:00,16.049999237060547,16.1299991607666,16.049999237060547,16.110000610351562,1248,0.0,0.0
2024-07-22 09:36:00-04:00,16.1200008392334,16.1200008392334,16.1200008392334,16.1200008392334,232,0.0,0.0
2024-07-22 09:37:00-04:00,16.139999389648438,16.155000686645508,16.139999389648438,16.155000686645508,349,0.0,0.0
2024-07-22 09:38:00-04:00,16.15999984741211,16.15999984741211,16.139999389648438,16.15999984741211,1844,0.0,0.0
2024-07-22 09:39:00-04:00,16.170000076293945,16.18000030517578,16.15999984741211,16.174999237060547,753,0.0,0.0
2024-07-22 09:40:00-04:00,16.190000534057617,16.239999771118164,16.190000534057617,16.239999771118164,1619,0.0,0.0
2024-07-22 09:41:00-04:00,16.22010040283203,16.229999542236328,16.200000762939453,16.229999542236328,2618,0.0,0.0
2024-07-22 09:42:00-04:00,16.190000534057617,16.200000762939453,16.190000534057617,16.200000762939453,435,0.0,0.0
2024-07-22 09:43:00-04:00,16.209999084472656,16.260000228881836,16.209999084472656,16.260000228881836,1977,0.0,0.0
2024-07-22 09:44:00-04:00,16.239999771118164,16.239999771118164,16.19499969482422,16.19499969482422,806,0.0,0.0
2024-07-22 09:45:00-04:00,16.209999084472656,16.209999084472656,16.209999084472656,16.209999084472656,100,0.0,0.0
2024-07-22 09:46:00-04:00,16.229900360107422,16.25,16.229900360107422,16.239999771118164,4628,0.0,0.0
2024-07-22 09:47:00-04:00,16.25,16.270000457763672,16.25,16.25,2248,0.0,0.0
2024-07-22 09:48:00-04:00,16.2549991607666,16.2549991607666,16.219999313354492,16.219999313354492,1342,0.0,0.0
2024-07-22 09:49:00-04:00,16.225000381469727,16.239999771118164,16.225000381469727,16.239999771118164,616,0.0,0.0
2024-07-22 09:50:00-04:00,16.25,16.25,16.25,16.25,245,0.0,0.0
2024-07-22 09:51:00-04:00,16.239999771118164,16.239999771118164,16.209999084472656,16.219999313354492,1196,0.0,0.0
2024-07-22 09:52:00-04:00,16.18000030517578,16.18000030517578,16.170000076293945,16.18000030517578,1091,0.0,0.0
2024-07-22 09:53:00-04:00,16.190000534057617,16.190000534057617,16.190000534057617,16.190000534057617,1312,0.0,0.0
2024-07-22 09:54:00-04:00,16.170000076293945,16.18000030517578,16.15999984741211,16.18000030517578,1175,0.0,0.0
2024-07-22 09:55:00-04:00,16.15999984741211,16.15999984741211,16.139999389648438,16.139999389648438,1164,0.0,0.0
2024-07-22 09:57:00-04:00,16.125,16.125,16.09000015258789,16.09000015258789,572,0.0,0.0
2024-07-22 09:58:00-04:00,16.09000015258789,16.09000015258789,16.09000015258789,16.09000015258789,380,0.0,0.0
2024-07-22 09:59:00-04:00,16.06999969482422,16.06999969482422,16.06999969482422,16.06999969482422,310,0.0,0.0
2024-07-22 10:00:00-04:00,16.059999465942383,16.059999465942383,16.030000686645508,16.049999237060547,4051,0.0,0.0
2024-07-22 10:01:00-04:00,16.020000457763672,16.030000686645508,16.0,16.030000686645508,5558,0.0,0.0
2024-07-22 10:02:00-04:00,16.030000686645508,16.030000686645508,16.020000457763672,16.024999618530273,2269,0.0,0.0
2024-07-22 10:03:00-04:00,16.030000686645508,16.030000686645508,16.010000228881836,16.024999618530273,1370,0.0,0.0
2024-07-22 10:04:00-04:00,16.020000457763672,16.020000457763672,15.970000267028809,15.970000267028809,2332,0.0,0.0
2024-07-22 10:05:00-04:00,15.949999809265137,15.989999771118164,15.949999809265137,15.979999542236328,1354,0.0,0.0
2024-07-22 10:06:00-04:00,15.970000267028809,15.975000381469727,15.970000267028809,15.970000267028809,1075,0.0,0.0
2024-07-22 10:07:00-04:00,15.96500015258789,15.96500015258789,15.960100173950195,15.960100173950195,4110,0.0,0.0
2024-07-22 10:08:00-04:00,15.970000267028809,16.020000457763672,15.970000267028809,16.020000457763672,2914,0.0,0.0
2024-07-22 10:09:00-04:00,16.014999389648438,16.020000457763672,16.0,16.014999389648438,2165,0.0,0.0
2024-07-22 10:10:00-04:00,16.030000686645508,16.059999465942383,16.030000686645508,16.05500030517578,745,0.0,0.0
2024-07-22 10:11:00-04:00,16.049999237060547,16.049999237060547,16.049999237060547,16.049999237060547,1210,0.0,0.0
2024-07-22 10:12:00-04:00,16.049999237060547,16.059999465942383,16.049999237060547,16.059999465942383,1017,0.0,0.0
2024-07-22 10:13:00-04:00,16.065000534057617,16.075000762939453,16.065000534057617,16.075000762939453,576,0.0,0.0
2024-07-22 10:14:00-04:00,16.06999969482422,16.06999969482422,16.049999237060547,16.059999465942383,1824,0.0,0.0
2024-07-22 10:15:00-04:00,16.049999237060547,16.059999465942383,16.049999237060547,16.059999465942383,1846,0.0,0.0
2024-07-22 10:16:00-04:00,16.049999237060547,16.059999465942383,16.045000076293945,16.045000076293945,1189,0.0,0.0
2024-07-22 10:17:00-04:00,16.049999237060547,16.059999465942383,16.049999237060547,16.049999237060547,1566,0.0,0.0
2024-07-22 10:18:00-04:00,16.040000915527344,16.059999465942383,16.040000915527344,16.059999465942383,2450,0.0,0.0
2024-07-22 10:19:00-04:00,16.06999969482422,16.100000381469727,16.06999969482422,16.09000015258789,1819,0.0,0.0
2024-07-22 10:20:00-04:00,16.084999084472656,16.084999084472656,16.084999084472656,16.084999084472656,200,0.0,0.0
2024-07-22 10:21:00-04:00,16.084999084472656,16.084999084472656,16.084999084472656,16.084999084472656,214,0.0,0.0
2024-07-22 10:22:00-04:00,16.100000381469727,16.100000381469727,16.100000381469727,16.100000381469727,522,0.0,0.0
2024-07-22 10:23:00-04:00,16.104999542236328,16.104999542236328,16.100000381469727,16.100000381469727,1194,0.0,0.0
2024-07-22 10:24:00-04:00,16.100000381469727,16.110000610351562,16.100000381469727,16.110000610351562,687,0.0,0.0
2024-07-22 10:25:00-04:00,16.104999542236328,16.104999542236328,16.100000381469727,16.100000381469727,647,0.0,0.0
2024-07-22 10:26:00-04:00,16.094999313354492,16.094999313354492,16.094999313354492,16.094999313354492,261,0.0,0.0
2024-07-22 10:27:00-04:00,16.100000381469727,16.100000381469727,16.079999923706055,16.079999923706055,2400,0.0,0.0
2024-07-22 10:28:00-04:00,16.075000762939453,16.09000015258789,16.075000762939453,16.079999923706055,892,0.0,0.0
2024-07-22 10:29:00-04:00,16.079999923706055,16.079999923706055,16.079999923706055,16.079999923706055,587,0.0,0.0
2024-07-22 10:30:00-04:00,16.075000762939453,16.09000015258789,16.075000762939453,16.09000015258789,1372,0.0,0.0
2024-07-22 10:31:00-04:00,16.094999313354492,16.094999313354492,16.09000015258789,16.094999313354492,1418,0.0,0.0
2024-07-22 10:32:00-04:00,16.100000381469727,16.114999771118164,16.094999313354492,16.114999771118164,1196,0.0,0.0
2024-07-22 10:33:00-04:00,16.110000610351562,16.110000610351562,16.104999542236328,16.104999542236328,1236,0.0,0.0
2024-07-22 10:34:00-04:00,16.104999542236328,16.114999771118164,16.104999542236328,16.114999771118164,781,0.0,0.0
2024-07-22 10:35:00-04:00,16.114999771118164,16.135000228881836,16.114999771118164,16.135000228881836,1034,0.0,0.0
2024-07-22 10:36:00-04:00,16.135000228881836,16.135000228881836,16.1299991607666,16.1299991607666,1255,0.0,0.0
2024-07-22 10:37:00-04:00,16.125,16.125,16.125,16.125,376,0.0,0.0
2024-07-22 10:38:00-04:00,16.135000228881836,16.135000228881836,16.135000228881836,16.135000228881836,386,0.0,0.0
2024-07-22 10:39:00-04:00,16.139999389648438,16.139999389648438,16.1299991607666,16.1299991607666,1642,0.0,0.0
2024-07-22 10:40:00-04:00,16.1299991607666,16.1299991607666,16.1299991607666,16.1299991607666,205,0.0,0.0
2024-07-22 10:41:00-04:00,16.139999389648438,16.139999389648438,16.135000228881836,16.135000228881836,624,0.0,0.0
2024-07-22 10:42:00-04:00,16.139999389648438,16.155000686645508,16.139999389648438,16.149999618530273,1884,0.0,0.0
2024-07-22 10:43:00-04:00,16.15999984741211,16.15999984741211,16.145000457763672,16.155000686645508,2140,0.0,0.0
2024-07-22 10:44:00-04:00,16.15999984741211,16.15999984741211,16.155000686645508,16.15999984741211,1751,0.0,0.0
2024-07-22 10:45:00-04:00,16.15999984741211,16.15999984741211,16.139999389648438,16.139999389648438,2685,0.0,0.0
2024-07-22 10:46:00-04:00,16.139999389648438,16.149999618530273,16.139999389648438,16.145000457763672,1227,0.0,0.0
2024-07-22 10:47:00-04:00,16.149999618530273,16.149999618530273,16.139999389648438,16.149999618530273,2524,0.0,0.0
2024-07-22 10:48:00-04:00,16.15999984741211,16.18000030517578,16.15999984741211,16.18000030517578,1844,0.0,0.0
2024-07-22 10:49:00-04:00,16.174999237060547,16.18000030517578,16.170000076293945,16.18000030517578,1910,0.0,0.0
2024-07-22 10:50:00-04:00,16.18000030517578,16.18000030517578,16.15999984741211,16.165000915527344,2080,0.0,0.0
2024-07-22 10:51:00-04:00,16.170000076293945,16.18000030517578,16.170000076293945,16.170000076293945,1216,0.0,0.0
2024-07-22 10:52:00-04:00,16.165000915527344,16.18000030517578,16.15999984741211,16.174999237060547,2049,0.0,0.0
2024-07-22 10:53:00-04:00,16.184999465942383,16.190000534057617,16.184999465942383,16.184999465942383,973,0.0,0.0
2024-07-22 10:54:00-04:00,16.190000534057617,16.190000534057617,16.190000534057617,16.190000534057617,1110,0.0,0.0
2024-07-22 10:57:00-04:00,16.274999618530273,16.274999618530273,16.274999618530273,16.274999618530273,24324,0.0,0.0
2024-07-22 10:58:00-04:00,16.290000915527344,16.290000915527344,16.270000457763672,16.270000457763672,2419,0.0,0.0
2024-07-22 10:59:00-04:00,16.270000457763672,16.270000457763672,16.25,16.260000228881836,2658,0.0,0.0
2024-07-22 11:00:00-04:00,16.270000457763672,16.270000457763672,16.239999771118164,16.239999771118164,897,0.0,0.0
2024-07-22 11:01:00-04:00,16.235000610351562,16.260000228881836,16.235000610351562,16.25,1747,0.0,0.0
2024-07-22 11:02:00-04:00,16.2450008392334,16.25,16.2450008392334,16.25,430,0.0,0.0
2024-07-22 11:03:00-04:00,16.2549991607666,16.274999618530273,16.239999771118164,16.239999771118164,2446,0.0,0.0
2024-07-22 11:04:00-04:00,16.235000610351562,16.235000610351562,16.235000610351562,16.235000610351562,220,0.0,0.0
2024-07-22 11:05:00-04:00,16.2450008392334,16.2450008392334,16.2450008392334,16.2450008392334,110,0.0,0.0
2024-07-22 11:06:00-04:00,16.2450008392334,16.25,16.2450008392334,16.25,1424,0.0,0.0
2024-07-22 11:07:00-04:00,16.2450008392334,16.25,16.2450008392334,16.2450008392334,766,0.0,0.0
2024-07-22 11:08:00-04:00,16.239999771118164,16.239999771118164,16.235000610351562,16.235000610351562,1466,0.0,0.0
2024-07-22 11:09:00-04:00,16.235000610351562,16.2549991607666,16.235000610351562,16.2549991607666,5219,0.0,0.0
2024-07-22 11:10:00-04:00,16.25,16.260000228881836,16.239999771118164,16.239999771118164,20946,0.0,0.0
2024-07-22 11:11:00-04:00,16.239999771118164,16.2549991607666,16.239999771118164,16.239999771118164,8743,0.0,0.0
2024-07-22 11:12:00-04:00,16.239999771118164,16.239999771118164,16.239999771118164,16.239999771118164,942,0.0,0.0
2024-07-22 11:13:00-04:00,16.235000610351562,16.2549991607666,16.235000610351562,16.2549991607666,1706,0.0,0.0
2024-07-22 11:14:00-04:00,16.260000228881836,16.270000457763672,16.260000228881836,16.270000457763672,3075,0.0,0.0
2024-07-22 11:15:00-04:00,16.270000457763672,16.280000686645508,16.270000457763672,16.280000686645508,1729,0.0,0.0
2024-07-22 11:16:00-04:00,16.270000457763672,16.270000457763672,16.25,16.25,1081,0.0,0.0
2024-07-22 11:17:00-04:00,16.260000228881836,16.280000686645508,16.2450008392334,16.270000457763672,4496,0.0,0.0
2024-07-22 11:18:00-04:00,16.264999389648438,16.290000915527344,16.260000228881836,16.260000228881836,2708,0.0,0.0
2024-07-22 11:19:00-04:00,16.235000610351562,16.235000610351562,16.229999542236328,16.229999542236328,589,0.0,0.0
2024-07-22 11:20:00-04:00,16.239999771118164,16.25,16.239999771118164,16.25,1676,0.0,0.0
2024-07-22 11:21:00-04:00,16.25,16.290000915527344,16.25,16.28499984741211,5097,0.0,0.0
2024-07-22 11:22:00-04:00,16.290000915527344,16.290000915527344,16.28499984741211,16.28499984741211,343,0.0,0.0
2024-07-22 11:23:00-04:00,16.290000915527344,16.290000915527344,16.260000228881836,16.260000228881836,3541,0.0,0.0
2024-07-22 11:24:00-04:00,16.2549991607666,16.260000228881836,16.2549991607666,16.260000228881836,631,0.0,0.0
2024-07-22 11:25:00-04:00,16.260000228881836,16.270000457763672,16.260000228881836,16.264999389648438,306,0.0,0.0
2024-07-22 11:26:00-04:00,16.270000457763672,16.274999618530273,16.270000457763672,16.270000457763672,1750,0.0,0.0
2024-07-22 11:27:00-04:00,16.270099639892578,16.28499984741211,16.270099639892578,16.28499984741211,4623,0.0,0.0
2024-07-22 11:28:00-04:00,16.280000686645508,16.280000686645508,16.270000457763672,16.270000457763672,552,0.0,0.0
2024-07-22 11:29:00-04:00,16.270000457763672,16.270000457763672,16.260000228881836,16.260000228881836,1438,0.0,0.0
2024-07-22 11:30:00-04:00,16.2549991607666,16.2549991607666,16.239999771118164,16.239999771118164,2387,0.0,0.0
2024-07-22 11:31:00-04:00,16.25,16.260000228881836,16.2450008392334,16.2450008392334,3425,0.0,0.0
2024-07-22 11:32:00-04:00,16.239999771118164,16.239999771118164,16.239999771118164,16.239999771118164,391,0.0,0.0
2024-07-22 11:33:00-04:00,16.235000610351562,16.235000610351562,16.225000381469727,16.225000381469727,1523,0.0,0.0
2024-07-22 11:35:00-04:00,16.235000610351562,16.235000610351562,16.229999542236328,16.229999542236328,211,0.0,0.0
2024-07-22 11:36:00-04:00,16.229999542236328,16.229999542236328,16.225000381469727,16.225000381469727,675,0.0,0.0
2024-07-22 11:37:00-04:00,16.229999542236328,16.239999771118164,16.229999542236328,16.235000610351562,1544,0.0,0.0
2024-07-22 11:38:00-04:00,16.235000610351562,16.235000610351562,16.235000610351562,16.235000610351562,253,0.0,0.0
2024-07-22 11:39:00-04:00,16.235000610351562,16.235000610351562,16.235000610351562,16.235000610351562,299,0.0,0.0
2024-07-22 11:40:00-04:00,16.235000610351562,16.235000610351562,16.235000610351562,16.235000610351562,459,0.0,0.0
2024-07-22 11:41:00-04:00,16.229999542236328,16.229999542236328,16.219999313354492,16.219999313354492,2036,0.0,0.0
2024-07-22 11:42:00-04:00,16.229999542236328,16.239999771118164,16.225000381469727,16.229999542236328,840,0.0,0.0
2024-07-22 11:43:00-04:00,16.239999771118164,16.2549991607666,16.235000610351562,16.2549991607666,2039,0.0,0.0
2024-07-22 11:44:00-04:00,16.2549991607666,16.260000228881836,16.239999771118164,16.239999771118164,1839,0.0,0.0
2024-07-22 11:45:00-04:00,16.239999771118164,16.239999771118164,16.219999313354492,16.219999313354492,1030,0.0,0.0
2024-07-22 11:46:00-04:00,16.225000381469727,16.225000381469727,16.219999313354492,16.225000381469727,1478,0.0,0.0
2024-07-22 11:47:00-04:00,16.239999771118164,16.25,16.239999771118164,16.25,1394,0.0,0.0
2024-07-22 11:48:00-04:00,16.25,16.25,16.225000381469727,16.229999542236328,3231,0.0,0.0
2024-07-22 11:50:00-04:00,16.235000610351562,16.239999771118164,16.235000610351562,16.235000610351562,515,0.0,0.0
2024-07-22 11:51:00-04:00,16.239999771118164,16.260000228881836,16.239999771118164,16.260000228881836,1956,0.0,0.0
2024-07-22 11:52:00-04:00,16.264999389648438,16.274999618530273,16.264999389648438,16.274999618530273,400,0.0,0.0
2024-07-22 11:53:00-04:00,16.274999618530273,16.28499984741211,16.274999618530273,16.28499984741211,1898,0.0,0.0
2024-07-22 11:54:00-04:00,16.270000457763672,16.290000915527344,16.270000457763672,16.280000686645508,1287,0.0,0.0
2024-07-22 11:55:00-04:00,16.270000457763672,16.270000457763672,16.270000457763672,16.270000457763672,401,0.0,0.0
2024-07-22 11:56:00-04:00,16.239999771118164,16.239999771118164,16.239999771118164,16.239999771118164,100,0.0,0.0
2024-07-22 11:57:00-04:00,16.239999771118164,16.239999771118164,16.239999771118164,16.239999771118164,227,0.0,0.0
2024-07-22 11:59:00-04:00,16.219999313354492,16.219999313354492,16.209999084472656,16.209999084472656,1178,0.0,0.0
2024-07-22 12:00:00-04:00,16.19499969482422,16.21500015258789,16.19499969482422,16.21500015258789,2343,0.0,0.0
2024-07-22 12:01:00-04:00,16.21500015258789,16.239999771118164,16.21500015258789,16.229999542236328,2324,0.0,0.0
2024-07-22 12:02:00-04:00,16.239999771118164,16.239999771118164,16.229999542236328,16.229999542236328,663,0.0,0.0
2024-07-22 12:03:00-04:00,16.225000381469727,16.229999542236328,16.219999313354492,16.219999313354492,2449,0.0,0.0
2024-07-22 12:04:00-04:00,16.204999923706055,16.209999084472656,16.204999923706055,16.209999084472656,1828,0.0,0.0
2024-07-22 12:05:00-04:00,16.200000762939453,16.209999084472656,16.200000762939453,16.209999084472656,1868,0.0,0.0
2024-07-22 12:07:00-04:00,16.210399627685547,16.210399627685547,16.209999084472656,16.209999084472656,852,0.0,0.0
2024-07-22 12:08:00-04:00,16.209999084472656,16.219999313354492,16.209999084472656,16.219999313354492,532,0.0,0.0
2024-07-22 12:09:00-04:00,16.229999542236328,16.229999542236328,16.229999542236328,16.229999542236328,177,0.0,0.0
2024-07-22 12:10:00-04:00,16.229999542236328,16.239999771118164,16.219999313354492,16.239999771118164,1753,0.0,0.0
2024-07-22 12:13:00-04:00,16.225000381469727,16.225000381469727,16.225000381469727,16.225000381469727,386,0.0,0.0
2024-07-22 12:14:00-04:00,16.219999313354492,16.219999313354492,16.219999313354492,16.219999313354492,406,0.0,0.0
2024-07-22 12:15:00-04:00,16.229999542236328,16.229999542236328,16.229999542236328,16.229999542236328,308,0.0,0.0
2024-07-22 12:16:00-04:00,16.229999542236328,16.229999542236328,16.229999542236328,16.229999542236328,431,0.0,0.0
2024-07-22 12:17:00-04:00,16.229999542236328,16.229999542236328,16.229999542236328,16.229999542236328,378,0.0,0.0
2024-07-22 12:18:00-04:00,16.229999542236328,16.229999542236328,16.225000381469727,16.229999542236328,453,0.0,0.0
2024-07-22 12:19:00-04:00,16.229999542236328,16.229999542236328,16.229999542236328,16.229999542236328,1381,0.0,0.0
2024-07-22 12:20:00-04:00,16.229999542236328,16.235000610351562,16.229999542236328,16.235000610351562,647,0.0,0.0
2024-07-22 12:21:00-04:00,16.235000610351562,16.239999771118164,16.235000610351562,16.239999771118164,2256,0.0,0.0
2024-07-22 12:22:00-04:00,16.239999771118164,16.2450008392334,16.229999542236328,16.2450008392334,12025,0.0,0.0
2024-07-22 12:23:00-04:00,16.239999771118164,16.260000228881836,16.239999771118164,16.260000228881836,2547,0.0,0.0
2024-07-22 12:24:00-04:00,16.239999771118164,16.239999771118164,16.239999771118164,16.239999771118164,421,0.0,0.0
2024-07-22 12:25:00-04:00,16.229999542236328,16.229999542236328,16.229999542236328,16.229999542236328,218,0.0,0.0
2024-07-22 12:26:00-04:00,16.2322998046875,16.2322998046875,16.219999313354492,16.219999313354492,629,0.0,0.0
2024-07-22 12:27:00-04:00,16.225000381469727,16.225000381469727,16.225000381469727,16.225000381469727,214,0.0,0.0
2024-07-22 12:28:00-04:00,16.219999313354492,16.219999313354492,16.21500015258789,16.21500015258789,585,0.0,0.0
2024-07-22 12:29:00-04:00,16.209999084472656,16.209999084472656,16.209999084472656,16.209999084472656,716,0.0,0.0
2024-07-22 12:30:00-04:00,16.209999084472656,16.209999084472656,16.18000030517578,16.18000030517578,743,0.0,0.0
2024-07-22 12:31:00-04:00,16.170000076293945,16.170000076293945,16.170000076293945,16.170000076293945,639,0.0,0.0
2024-07-22 12:32:00-04:00,16.170000076293945,16.170000076293945,16.15999984741211,16.15999984741211,543,0.0,0.0
2024-07-22 12:33:00-04:00,16.170000076293945,16.170000076293945,16.165000915527344,16.165000915527344,542,0.0,0.0
2024-07-22 12:34:00-04:00,16.170000076293945,16.18000030517578,16.15999984741211,16.18000030517578,1497,0.0,0.0
2024-07-22 12:35:00-04:00,16.18000030517578,16.190000534057617,16.18000030517578,16.190000534057617,2264,0.0,0.0
2024-07-22 12:36:00-04:00,16.200000762939453,16.200000762939453,16.200000762939453,16.200000762939453,1341,0.0,0.0
2024-07-22 12:37:00-04:00,16.209999084472656,16.219999313354492,16.209999084472656,16.219999313354492,2187,0.0,0.0
2024-07-22 12:40:00-04:00,16.209999084472656,16.209999084472656,16.19499969482422,16.19499969482422,6005,0.0,0.0
2024-07-22 12:41:00-04:00,16.200000762939453,16.229999542236328,16.200000762939453,16.229999542236328,4874,0.0,0.0
2024-07-22 12:42:00-04:00,16.229999542236328,16.229999542236328,16.219999313354492,16.225000381469727,3400,0.0,0.0
2024-07-22 12:43:00-04:00,16.219999313354492,16.219999313354492,16.219999313354492,16.219999313354492,215,0.0,0.0
2024-07-22 12:44:00-04:00,16.225000381469727,16.225000381469727,16.225000381469727,16.225000381469727,702,0.0,0.0
2024-07-22 12:45:00-04:00,16.219999313354492,16.219999313354492,16.219999313354492,16.219999313354492,400,0.0,0.0
2024-07-22 12:46:00-04:00,16.219999313354492,16.229999542236328,16.219999313354492,16.219999313354492,1929,0.0,0.0
2024-07-22 12:49:00-04:00,16.229999542236328,16.229999542236328,16.229999542236328,16.229999542236328,1242,0.0,0.0
2024-07-22 12:50:00-04:00,16.235000610351562,16.235000610351562,16.235000610351562,16.235000610351562,551,0.0,0.0
2024-07-22 12:52:00-04:00,16.239999771118164,16.239999771118164,16.239999771118164,16.239999771118164,1459,0.0,0.0
2024-07-22 12:53:00-04:00,16.25,16.2549991607666,16.25,16.2549991607666,646,0.0,0.0
2024-07-22 12:54:00-04:00,16.264999389648438,16.270000457763672,16.264999389648438,16.270000457763672,1965,0.0,0.0
2024-07-22 12:55:00-04:00,16.280000686645508,16.295000076293945,16.280000686645508,16.290000915527344,1227,0.0,0.0
2024-07-22 12:56:00-04:00,16.290000915527344,16.29360008239746,16.290000915527344,16.29360008239746,307,0.0,0.0
2024-07-22 12:57:00-04:00,16.299999237060547,16.299999237060547,16.299999237060547,16.299999237060547,178,0.0,0.0
2024-07-22 12:58:00-04:00,16.295000076293945,16.299999237060547,16.295000076293945,16.299999237060547,295,0.0,0.0
2024-07-22 12:59:00-04:00,16.290000915527344,16.295000076293945,16.28499984741211,16.290000915527344,2425,0.0,0.0
2024-07-22 13:00:00-04:00,16.295000076293945,16.295000076293945,16.280000686645508,16.28499984741211,1960,0.0,0.0
2024-07-22 13:01:00-04:00,16.28499984741211,16.30500030517578,16.280000686645508,16.299999237060547,12536,0.0,0.0
2024-07-22 13:02:00-04:00,16.309999465942383,16.329999923706055,16.309999465942383,16.329999923706055,3022,0.0,0.0
2024-07-22 13:03:00-04:00,16.329999923706055,16.329999923706055,16.31999969482422,16.31999969482422,1973,0.0,0.0
2024-07-22 13:04:00-04:00,16.329999923706055,16.329999923706055,16.329999923706055,16.329999923706055,1146,0.0,0.0
2024-07-22 13:05:00-04:00,16.31999969482422,16.325000762939453,16.31999969482422,16.325000762939453,376,0.0,0.0
2024-07-22 13:06:00-04:00,16.31999969482422,16.31999969482422,16.31999969482422,16.31999969482422,151,0.0,0.0
2024-07-22 13:08:00-04:00,16.325000762939453,16.325000762939453,16.315000534057617,16.315000534057617,1455,0.0,0.0
2024-07-22 13:10:00-04:00,16.309999465942383,16.309999465942383,16.30500030517578,16.30500030517578,522,0.0,0.0
2024-07-22 13:11:00-04:00,16.299999237060547,16.299999237060547,16.295000076293945,16.295000076293945,674,0.0,0.0
2024-07-22 13:12:00-04:00,16.299999237060547,16.309999465942383,16.299999237060547,16.309999465942383,2263,0.0,0.0
2024-07-22 13:14:00-04:00,16.309999465942383,16.31999969482422,16.309999465942383,16.31999969482422,812,0.0,0.0
2024-07-22 13:15:00-04:00,16.31999969482422,16.31999969482422,16.31999969482422,16.31999969482422,394,0.0,0.0
2024-07-22 13:16:00-04:00,16.315000534057617,16.31999969482422,16.315000534057617,16.31999969482422,560,0.0,0.0
2024-07-22 13:17:00-04:00,16.31999969482422,16.31999969482422,16.315000534057617,16.315000534057617,2193,0.0,0.0
2024-07-22 13:18:00-04:00,16.325000762939453,16.344900131225586,16.325000762939453,16.344900131225586,2168,0.0,0.0
2024-07-22 13:19:00-04:00,16.344999313354492,16.344999313354492,16.34000015258789,16.340099334716797,7013,0.0,0.0
2024-07-22 13:20:00-04:00,16.350000381469727,16.350000381469727,16.34000015258789,16.34000015258789,2122,0.0,0.0
2024-07-22 13:21:00-04:00,16.34000015258789,16.34000015258789,16.333099365234375,16.34000015258789,2225,0.0,0.0
2024-07-22 13:22:00-04:00,16.34000015258789,16.34000015258789,16.34000015258789,16.34000015258789,512,0.0,0.0
2024-07-22 13:23:00-04:00,16.34000015258789,16.34000015258789,16.34000015258789,16.34000015258789,305,0.0,0.0
2024-07-22 13:24:00-04:00,16.34000015258789,16.34000015258789,16.334999084472656,16.334999084472656,1060,0.0,0.0
2024-07-22 13:25:00-04:00,16.34000015258789,16.34000015258789,16.34000015258789,16.34000015258789,232,0.0,0.0
2024-07-22 13:26:00-04:00,16.350000381469727,16.350000381469727,16.350000381469727,16.350000381469727,240,0.0,0.0
2024-07-22 13:27:00-04:00,16.350000381469727,16.350000381469727,16.350000381469727,16.350000381469727,945,0.0,0.0
2024-07-22 13:29:00-04:00,16.350000381469727,16.350000381469727,16.34000015258789,16.34000015258789,3478,0.0,0.0
2024-07-22 13:30:00-04:00,16.34000015258789,16.3700008392334,16.34000015258789,16.364999771118164,3403,0.0,0.0
2024-07-22 13:31:00-04:00,16.3799991607666,16.389999389648438,16.3799991607666,16.3799991607666,2116,0.0,0.0
2024-07-22 13:32:00-04:00,16.375,16.375,16.375,16.375,305,0.0,0.0
2024-07-22 13:33:00-04:00,16.3799991607666,16.399999618530273,16.3799991607666,16.395000457763672,1817,0.0,0.0
2024-07-22 13:34:00-04:00,16.399999618530273,16.399999618530273,16.395000457763672,16.399999618530273,1382,0.0,0.0
2024-07-22 13:35:00-04:00,16.389999389648438,16.389999389648438,16.375,16.375,625,0.0,0.0
2024-07-22 13:36:00-04:00,16.334999084472656,16.34000015258789,16.334999084472656,16.34000015258789,459,0.0,0.0
2024-07-22 13:37:00-04:00,16.334999084472656,16.350000381469727,16.334999084472656,16.350000381469727,1922,0.0,0.0
2024-07-22 13:38:00-04:00,16.34000015258789,16.350000381469727,16.34000015258789,16.350000381469727,960,0.0,0.0
2024-07-22 13:39:00-04:00,16.350000381469727,16.350000381469727,16.350000381469727,16.350000381469727,119,0.0,0.0
2024-07-22 13:40:00-04:00,16.360000610351562,16.360000610351562,16.360000610351562,16.360000610351562,762,0.0,0.0
2024-07-22 13:41:00-04:00,16.360000610351562,16.360000610351562,16.360000610351562,16.360000610351562,550,0.0,0.0
2024-07-22 13:42:00-04:00,16.360000610351562,16.360000610351562,16.360000610351562,16.360000610351562,1470,0.0,0.0
2024-07-22 13:44:00-04:00,16.350000381469727,16.350000381469727,16.350000381469727,16.350000381469727,557,0.0,0.0
2024-07-22 13:45:00-04:00,16.350000381469727,16.350000381469727,16.350000381469727,16.350000381469727,439,0.0,0.0
2024-07-22 13:46:00-04:00,16.350000381469727,16.360000610351562,16.350000381469727,16.360000610351562,773,0.0,0.0
2024-07-22 13:47:00-04:00,16.360000610351562,16.3700008392334,16.360000610351562,16.360000610351562,1905,0.0,0.0
2024-07-22 13:48:00-04:00,16.364999771118164,16.364999771118164,16.364999771118164,16.364999771118164,354,0.0,0.0
2024-07-22 13:49:00-04:00,16.364999771118164,16.364999771118164,16.364999771118164,16.364999771118164,410,0.0,0.0
2024-07-22 13:50:00-04:00,16.364999771118164,16.364999771118164,16.364999771118164,16.364999771118164,571,0.0,0.0
2024-07-22 13:52:00-04:00,16.3700008392334,16.3700008392334,16.3700008392334,16.3700008392334,595,0.0,0.0
2024-07-22 13:53:00-04:00,16.375,16.375,16.375,16.375,580,0.0,0.0
2024-07-22 13:54:00-04:00,16.3799991607666,16.3799991607666,16.3799991607666,16.3799991607666,502,0.0,0.0
2024-07-22 13:55:00-04:00,16.3700008392334,16.3700008392334,16.3700008392334,16.3700008392334,329,0.0,0.0
2024-07-22 13:56:00-04:00,16.360000610351562,16.360000610351562,16.360000610351562,16.360000610351562,398,0.0,0.0
2024-07-22 13:57:00-04:00,16.360000610351562,16.3700008392334,16.360000610351562,16.360000610351562,3158,0.0,0.0
2024-07-22 13:58:00-04:00,16.360000610351562,16.3700008392334,16.360000610351562,16.364999771118164,1123,0.0,0.0
2024-07-22 14:00:00-04:00,16.3700008392334,16.3700008392334,16.3700008392334,16.3700008392334,699,0.0,0.0
2024-07-22 14:01:00-04:00,16.360000610351562,16.360000610351562,16.350000381469727,16.350000381469727,2040,0.0,0.0
2024-07-22 14:02:00-04:00,16.334999084472656,16.34000015258789,16.329999923706055,16.34000015258789,2883,0.0,0.0
2024-07-22 14:03:00-04:00,16.350000381469727,16.350000381469727,16.334999084472656,16.34000015258789,2072,0.0,0.0
2024-07-22 14:05:00-04:00,16.344999313354492,16.344999313354492,16.34000015258789,16.34000015258789,696,0.0,0.0
2024-07-22 14:06:00-04:00,16.34000015258789,16.34000015258789,16.334999084472656,16.34000015258789,1432,0.0,0.0
2024-07-22 14:07:00-04:00,16.34000015258789,16.344999313354492,16.34000015258789,16.344999313354492,629,0.0,0.0
2024-07-22 14:08:00-04:00,16.350000381469727,16.354999542236328,16.350000381469727,16.354999542236328,975,0.0,0.0
2024-07-22 14:09:00-04:00,16.354999542236328,16.354999542236328,16.354999542236328,16.354999542236328,579,0.0,0.0
2024-07-22 14:11:00-04:00,16.350000381469727,16.350000381469727,16.350000381469727,16.350000381469727,981,0.0,0.0
2024-07-22 14:12:00-04:00,16.350000381469727,16.350000381469727,16.350000381469727,16.350000381469727,1448,0.0,0.0
2024-07-22 14:13:00-04:00,16.344999313354492,16.350000381469727,16.344999313354492,16.344999313354492,612,0.0,0.0
2024-07-22 14:14:00-04:00,16.344999313354492,16.344999313354492,16.344999313354492,16.344999313354492,111,0.0,0.0
2024-07-22 14:15:00-04:00,16.350000381469727,16.354999542236328,16.350000381469727,16.354999542236328,1182,0.0,0.0
2024-07-22 14:16:00-04:00,16.350000381469727,16.350000381469727,16.350000381469727,16.350000381469727,1251,0.0,0.0
2024-07-22 14:17:00-04:00,16.350000381469727,16.350000381469727,16.350000381469727,16.350000381469727,474,0.0,0.0
2024-07-22 14:19:00-04:00,16.344999313354492,16.350000381469727,16.344999313354492,16.344999313354492,658,0.0,0.0
2024-07-22 14:20:00-04:00,16.344999313354492,16.344999313354492,16.344999313354492,16.344999313354492,153,0.0,0.0
2024-07-22 14:21:00-04:00,16.350000381469727,16.354999542236328,16.350000381469727,16.354999542236328,808,0.0,0.0
2024-07-22 14:22:00-04:00,16.354999542236328,16.354999542236328,16.350000381469727,16.354999542236328,1776,0.0,0.0
2024-07-22 14:23:00-04:00,16.360000610351562,16.360000610351562,16.360000610351562,16.360000610351562,2032,0.0,0.0
2024-07-22 14:24:00-04:00,16.364999771118164,16.385000228881836,16.364999771118164,16.385000228881836,1942,0.0,0.0
2024-07-22 14:25:00-04:00,16.389999389648438,16.389999389648438,16.385000228881836,16.385000228881836,1019,0.0,0.0
2024-07-22 14:26:00-04:00,16.385000228881836,16.389999389648438,16.385000228881836,16.389999389648438,1156,0.0,0.0
2024-07-22 14:28:00-04:00,16.389999389648438,16.389999389648438,16.389999389648438,16.389999389648438,1164,0.0,0.0
2024-07-22 14:29:00-04:00,16.3799991607666,16.3799991607666,16.375,16.375,736,0.0,0.0
2024-07-22 14:30:00-04:00,16.3700008392334,16.375,16.3700008392334,16.375,1001,0.0,0.0
2024-07-22 14:31:00-04:00,16.3799991607666,16.389999389648438,16.3799991607666,16.389999389648438,1243,0.0,0.0
2024-07-22 14:32:00-04:00,16.389999389648438,16.395000457763672,16.385000228881836,16.389999389648438,2223,0.0,0.0
2024-07-22 14:33:00-04:00,16.395000457763672,16.405000686645508,16.395000457763672,16.405000686645508,2736,0.0,0.0
2024-07-22 14:34:00-04:00,16.40999984741211,16.424999237060547,16.40999984741211,16.424999237060547,3092,0.0,0.0
2024-07-22 14:35:00-04:00,16.43000030517578,16.434999465942383,16.420000076293945,16.420000076293945,1955,0.0,0.0
2024-07-22 14:36:00-04:00,16.434999465942383,16.450000762939453,16.434999465942383,16.450000762939453,2618,0.0,0.0
2024-07-22 14:37:00-04:00,16.44499969482422,16.459999084472656,16.440000534057617,16.459999084472656,12710,0.0,0.0
2024-07-22 14:38:00-04:00,16.46500015258789,16.46500015258789,16.459999084472656,16.459999084472656,443,0.0,0.0
2024-07-22 14:39:00-04:00,16.459999084472656,16.459999084472656,16.434999465942383,16.450000762939453,3616,0.0,0.0
2024-07-22 14:40:00-04:00,16.450000762939453,16.46500015258789,16.450000762939453,16.46500015258789,1349,0.0,0.0
2024-07-22 14:41:00-04:00,16.46500015258789,16.479999542236328,16.46500015258789,16.479999542236328,1805,0.0,0.0
2024-07-22 14:42:00-04:00,16.479999542236328,16.479999542236328,16.479999542236328,16.479999542236328,720,0.0,0.0
2024-07-22 14:43:00-04:00,16.469999313354492,16.489999771118164,16.469999313354492,16.489999771118164,1717,0.0,0.0
2024-07-22 14:44:00-04:00,16.5,16.5,16.4950008392334,16.4950008392334,803,0.0,0.0
2024-07-22 14:46:00-04:00,16.489999771118164,16.489999771118164,16.479999542236328,16.479999542236328,628,0.0,0.0
2024-07-22 14:47:00-04:00,16.489999771118164,16.489999771118164,16.485000610351562,16.485000610351562,997,0.0,0.0
2024-07-22 14:48:00-04:00,16.485000610351562,16.4950008392334,16.485000610351562,16.489999771118164,1616,0.0,0.0
2024-07-22 14:49:00-04:00,16.489999771118164,16.489999771118164,16.485000610351562,16.489999771118164,841,0.0,0.0
2024-07-22 14:50:00-04:00,16.489999771118164,16.4950008392334,16.489999771118164,16.4950008392334,733,0.0,0.0
2024-07-22 14:51:00-04:00,16.5,16.5,16.489999771118164,16.5,6672,0.0,0.0
2024-07-22 14:52:00-04:00,16.5,16.5,16.4950008392334,16.4950008392334,2374,0.0,0.0
2024-07-22 14:53:00-04:00,16.5,16.510000228881836,16.5,16.5049991607666,1723,0.0,0.0
2024-07-22 14:54:00-04:00,16.5,16.5,16.489999771118164,16.489999771118164,1709,0.0,0.0
2024-07-22 14:55:00-04:00,16.485000610351562,16.485000610351562,16.479999542236328,16.479999542236328,2001,0.0,0.0
2024-07-22 14:56:00-04:00,16.475000381469727,16.475000381469727,16.469999313354492,16.469999313354492,953,0.0,0.0
2024-07-22 14:57:00-04:00,16.46500015258789,16.46500015258789,16.454999923706055,16.459999084472656,1516,0.0,0.0
2024-07-22 14:58:00-04:00,16.459999084472656,16.46500015258789,16.454999923706055,16.46500015258789,1378,0.0,0.0
2024-07-22 14:59:00-04:00,16.46500015258789,16.46500015258789,16.46500015258789,16.46500015258789,100,0.0,0.0
2024-07-22 15:00:00-04:00,16.46500015258789,16.46500015258789,16.450000762939453,16.450000762939453,5469,0.0,0.0
2024-07-22 15:01:00-04:00,16.450000762939453,16.459999084472656,16.44499969482422,16.459999084472656,1606,0.0,0.0
2024-07-22 15:02:00-04:00,16.450000762939453,16.450000762939453,16.43000030517578,16.43000030517578,1236,0.0,0.0
2024-07-22 15:03:00-04:00,16.450000762939453,16.46500015258789,16.450000762939453,16.459999084472656,2153,0.0,0.0
2024-07-22 15:04:00-04:00,16.46500015258789,16.46500015258789,16.459999084472656,16.459999084472656,518,0.0,0.0
2024-07-22 15:05:00-04:00,16.459999084472656,16.46500015258789,16.459999084472656,16.459999084472656,685,0.0,0.0
2024-07-22 15:06:00-04:00,16.46500015258789,16.46500015258789,16.459999084472656,16.46500015258789,1856,0.0,0.0
2024-07-22 15:07:00-04:00,16.469999313354492,16.489999771118164,16.469999313354492,16.485000610351562,6907,0.0,0.0
2024-07-22 15:08:00-04:00,16.489999771118164,16.489999771118164,16.479999542236328,16.485000610351562,865,0.0,0.0
2024-07-22 15:09:00-04:00,16.485000610351562,16.5,16.485000610351562,16.4950008392334,5002,0.0,0.0
2024-07-22 15:10:00-04:00,16.4950008392334,16.4950008392334,16.4950008392334,16.4950008392334,466,0.0,0.0
2024-07-22 15:11:00-04:00,16.4950008392334,16.4950008392334,16.489999771118164,16.489999771118164,2850,0.0,0.0
2024-07-22 15:12:00-04:00,16.5,16.5049991607666,16.4950008392334,16.5,3175,0.0,0.0
2024-07-22 15:13:00-04:00,16.5,16.510000228881836,16.4950008392334,16.510000228881836,2181,0.0,0.0
2024-07-22 15:14:00-04:00,16.5049991607666,16.510000228881836,16.5,16.5,4557,0.0,0.0
2024-07-22 15:15:00-04:00,16.5,16.5,16.479999542236328,16.479999542236328,4296,0.0,0.0
2024-07-22 15:16:00-04:00,16.485000610351562,16.485000610351562,16.459999084472656,16.46500015258789,1855,0.0,0.0
2024-07-22 15:17:00-04:00,16.46500015258789,16.469999313354492,16.46500015258789,16.46500015258789,375,0.0,0.0
2024-07-22 15:18:00-04:00,16.469999313354492,16.469999313354492,16.450000762939453,16.459999084472656,2859,0.0,0.0
2024-07-22 15:19:00-04:00,16.454999923706055,16.459999084472656,16.454999923706055,16.454999923706055,901,0.0,0.0
2024-07-22 15:20:00-04:00,16.454999923706055,16.485000610351562,16.454999923706055,16.479999542236328,3661,0.0,0.0
2024-07-22 15:21:00-04:00,16.489999771118164,16.5049991607666,16.489999771118164,16.4950008392334,3899,0.0,0.0
2024-07-22 15:22:00-04:00,16.4950008392334,16.5,16.489999771118164,16.4950008392334,619,0.0,0.0
2024-07-22 15:23:00-04:00,16.4950008392334,16.5,16.4950008392334,16.5,1605,0.0,0.0
2024-07-22 15:24:00-04:00,16.5,16.5,16.4950008392334,16.4950008392334,400,0.0,0.0
2024-07-22 15:25:00-04:00,16.4950008392334,16.5049991607666,16.4950008392334,16.5049991607666,1771,0.0,0.0
2024-07-22 15:26:00-04:00,16.5049991607666,16.510000228881836,16.485000610351562,16.5,5824,0.0,0.0
2024-07-22 15:27:00-04:00,16.5,16.5049991607666,16.5,16.5049991607666,2514,0.0,0.0
2024-07-22 15:28:00-04:00,16.5049991607666,16.5049991607666,16.5,16.5049991607666,663,0.0,0.0
2024-07-22 15:29:00-04:00,16.510000228881836,16.514999389648438,16.5,16.5,1975,0.0,0.0
2024-07-22 15:30:00-04:00,16.5,16.514999389648438,16.5,16.5049991607666,5571,0.0,0.0
2024-07-22 15:31:00-04:00,16.5049991607666,16.514999389648438,16.4950008392334,16.510000228881836,7160,0.0,0.0
2024-07-22 15:32:00-04:00,16.510000228881836,16.51420021057129,16.5,16.5,4581,0.0,0.0
2024-07-22 15:33:00-04:00,16.5,16.5049991607666,16.4950008392334,16.4950008392334,3521,0.0,0.0
2024-07-22 15:34:00-04:00,16.4950008392334,16.4950008392334,16.469999313354492,16.489999771118164,3552,0.0,0.0
2024-07-22 15:35:00-04:00,16.489999771118164,16.5,16.485000610351562,16.5,8897,0.0,0.0
2024-07-22 15:36:00-04:00,16.5,16.5049991607666,16.4950008392334,16.5,4206,0.0,0.0
2024-07-22 15:37:00-04:00,16.4950008392334,16.5049991607666,16.4950008392334,16.5,2365,0.0,0.0
2024-07-22 15:38:00-04:00,16.5049991607666,16.510000228881836,16.5,16.510000228881836,3616,0.0,0.0
2024-07-22 15:39:00-04:00,16.510000228881836,16.524999618530273,16.510000228881836,16.524999618530273,5225,0.0,0.0
2024-07-22 15:40:00-04:00,16.524999618530273,16.540000915527344,16.524999618530273,16.53499984741211,3826,0.0,0.0
2024-07-22 15:41:00-04:00,16.530000686645508,16.530000686645508,16.524999618530273,16.524999618530273,2451,0.0,0.0
2024-07-22 15:42:00-04:00,16.524999618530273,16.524999618530273,16.5049991607666,16.5049991607666,2244,0.0,0.0
2024-07-22 15:43:00-04:00,16.5049991607666,16.5049991607666,16.5,16.5049991607666,1180,0.0,0.0
2024-07-22 15:44:00-04:00,16.5049991607666,16.5049991607666,16.5,16.5,4655,0.0,0.0
2024-07-22 15:45:00-04:00,16.5,16.514999389648438,16.4950008392334,16.510000228881836,8149,0.0,0.0
2024-07-22 15:46:00-04:00,16.510000228881836,16.520000457763672,16.510000228881836,16.510000228881836,4507,0.0,0.0
2024-07-22 15:47:00-04:00,16.514999389648438,16.520000457763672,16.5,16.510000228881836,5617,0.0,0.0
2024-07-22 15:48:00-04:00,16.510000228881836,16.510000228881836,16.469999313354492,16.469999313354492,4428,0.0,0.0
2024-07-22 15:49:00-04:00,16.469999313354492,16.475000381469727,16.459999084472656,16.459999084472656,3555,0.0,0.0
2024-07-22 15:50:00-04:00,16.459999084472656,16.489999771118164,16.459999084472656,16.489999771118164,13496,0.0,0.0
2024-07-22 15:51:00-04:00,16.489999771118164,16.514999389648438,16.489999771118164,16.514999389648438,7021,0.0,0.0
2024-07-22 15:52:00-04:00,16.514999389648438,16.520000457763672,16.510000228881836,16.510000228881836,8839,0.0,0.0
2024-07-22 15:53:00-04:00,16.510000228881836,16.510000228881836,16.489999771118164,16.489999771118164,11395,0.0,0.0
2024-07-22 15:55:00-04:00,16.475000381469727,16.475000381469727,16.454999923706055,16.459999084472656,23415,0.0,0.0
2024-07-22 15:56:00-04:00,16.454999923706055,16.469999313354492,16.454999923706055,16.454999923706055,9968,0.0,0.0
2024-07-22 15:57:00-04:00,16.454999923706055,16.459999084472656,16.450000762939453,16.450000762939453,14805,0.0,0.0
2024-07-22 15:58:00-04:00,16.450000762939453,16.469999313354492,16.44499969482422,16.459999084472656,30147,0.0,0.0
2024-07-22 15:59:00-04:00,16.459999084472656,16.485000610351562,16.450000762939453,16.450000762939453,67651,0.0,0.0
2024-07-23 09:30:00-04:00,16.350000381469727,16.350000381469727,16.350000381469727,16.350000381469727,8070,0.0,0.0
2024-07-23 09:31:00-04:00,16.360000610351562,16.360000610351562,16.350000381469727,16.350000381469727,284,0.0,0.0
2024-07-23 09:32:00-04:00,16.420000076293945,16.420000076293945,16.309999465942383,16.309999465942383,11984,0.0,0.0
2024-07-23 09:33:00-04:00,16.309999465942383,16.350000381469727,16.309999465942383,16.350000381469727,1695,0.0,0.0
2024-07-23 09:34:00-04:00,16.350000381469727,16.350000381469727,16.260000228881836,16.264999389648438,2641,0.0,0.0
2024-07-23 09:35:00-04:00,16.260000228881836,16.260000228881836,16.260000228881836,16.260000228881836,471,0.0,0.0
2024-07-23 09:36:00-04:00,16.280000686645508,16.315000534057617,16.280000686645508,16.299999237060547,849,0.0,0.0
2024-07-23 09:37:00-04:00,16.309999465942383,16.31999969482422,16.309999465942383,16.31999969482422,460,0.0,0.0
2024-07-23 09:38:00-04:00,16.31999969482422,16.31999969482422,16.295000076293945,16.295000076293945,540,0.0,0.0
2024-07-23 09:39:00-04:00,16.309999465942383,16.309999465942383,16.260000228881836,16.260000228881836,960,0.0,0.0
2024-07-23 09:40:00-04:00,16.260000228881836,16.260000228881836,16.239999771118164,16.2450008392334,537,0.0,0.0
2024-07-23 09:41:00-04:00,16.239999771118164,16.280000686645508,16.239999771118164,16.280000686645508,560,0.0,0.0
2024-07-23 09:42:00-04:00,16.239999771118164,16.270000457763672,16.239999771118164,16.270000457763672,2485,0.0,0.0
2024-07-23 09:43:00-04:00,16.25,16.25,16.239999771118164,16.239999771118164,428,0.0,0.0
2024-07-23 09:45:00-04:00,16.219999313354492,16.229999542236328,16.200000762939453,16.229999542236328,2657,0.0,0.0
2024-07-23 09:46:00-04:00,16.229999542236328,16.239999771118164,16.225000381469727,16.239999771118164,915,0.0,0.0
2024-07-23 09:47:00-04:00,16.229999542236328,16.229999542236328,16.225000381469727,16.229999542236328,658,0.0,0.0
2024-07-23 09:48:00-04:00,16.229999542236328,16.309999465942383,16.229999542236328,16.309999465942383,2109,0.0,0.0
2024-07-23 09:49:00-04:00,16.329999923706055,16.3700008392334,16.329999923706055,16.364999771118164,1582,0.0,0.0
2024-07-23 09:50:00-04:00,16.364999771118164,16.3700008392334,16.309999465942383,16.309999465942383,2030,0.0,0.0
2024-07-23 09:51:00-04:00,16.299999237060547,16.309999465942383,16.299999237060547,16.309999465942383,418,0.0,0.0
2024-07-23 09:52:00-04:00,16.290000915527344,16.290000915527344,16.270000457763672,16.270000457763672,1026,0.0,0.0
2024-07-23 09:53:00-04:00,16.270000457763672,16.270000457763672,16.229999542236328,16.229999542236328,51254,0.0,0.0
2024-07-23 09:54:00-04:00,16.25,16.25,16.209999084472656,16.219999313354492,1202,0.0,0.0
2024-07-23 09:55:00-04:00,16.219999313354492,16.239999771118164,16.219999313354492,16.239999771118164,2499,0.0,0.0
2024-07-23 09:56:00-04:00,16.239999771118164,16.280000686645508,16.239999771118164,16.280000686645508,4508,0.0,0.0
2024-07-23 09:57:00-04:00,16.280000686645508,16.290000915527344,16.280000686645508,16.290000915527344,3611,0.0,0.0
2024-07-23 09:58:00-04:00,16.290000915527344,16.329999923706055,16.290000915527344,16.329999923706055,3583,0.0,0.0
2024-07-23 09:59:00-04:00,16.329999923706055,16.334999084472656,16.315000534057617,16.315000534057617,3127,0.0,0.0
2024-07-23 10:00:00-04:00,16.3700008392334,16.3700008392334,16.290000915527344,16.299999237060547,7229,0.0,0.0
2024-07-23 10:01:00-04:00,16.299999237060547,16.30500030517578,16.299999237060547,16.30500030517578,4581,0.0,0.0
2024-07-23 10:02:00-04:00,16.30500030517578,16.34000015258789,16.30500030517578,16.34000015258789,3862,0.0,0.0
2024-07-23 10:03:00-04:00,16.334999084472656,16.360000610351562,16.325000762939453,16.360000610351562,1380,0.0,0.0
2024-07-23 10:04:00-04:00,16.3700008392334,16.40999984741211,16.3700008392334,16.399999618530273,2278,0.0,0.0
2024-07-23 10:05:00-04:00,16.395000457763672,16.399999618530273,16.364999771118164,16.364999771118164,2702,0.0,0.0
2024-07-23 10:06:00-04:00,16.375,16.375,16.34000015258789,16.34000015258789,11466,0.0,0.0
2024-07-23 10:07:00-04:00,16.350000381469727,16.354999542236328,16.334999084472656,16.34000015258789,4566,0.0,0.0
2024-07-23 10:08:00-04:00,16.34000015258789,16.350000381469727,16.330400466918945,16.350000381469727,1855,0.0,0.0
2024-07-23 10:09:00-04:00,16.350000381469727,16.350000381469727,16.334999084472656,16.334999084472656,1279,0.0,0.0
2024-07-23 10:10:00-04:00,16.329999923706055,16.350000381469727,16.325000762939453,16.350000381469727,4605,0.0,0.0
2024-07-23 10:11:00-04:00,16.34000015258789,16.375,16.34000015258789,16.364999771118164,6266,0.0,0.0
2024-07-23 10:12:00-04:00,16.360000610351562,16.420000076293945,16.360000610351562,16.40999984741211,4780,0.0,0.0
2024-07-23 10:13:00-04:00,16.420000076293945,16.450000762939453,16.420000076293945,16.450000762939453,4191,0.0,0.0
2024-07-23 10:14:00-04:00,16.450000762939453,16.469999313354492,16.44499969482422,16.459999084472656,4993,0.0,0.0
2024-07-23 10:15:00-04:00,16.475000381469727,16.475000381469727,16.475000381469727,16.475000381469727,178,0.0,0.0
2024-07-23 10:16:00-04:00,16.475000381469727,16.524999618530273,16.475000381469727,16.524999618530273,15051,0.0,0.0
2024-07-23 10:17:00-04:00,16.520000457763672,16.520000457763672,16.520000457763672,16.520000457763672,2653,0.0,0.0
2024-07-23 10:18:00-04:00,16.520000457763672,16.520000457763672,16.46500015258789,16.46500015258789,3825,0.0,0.0
2024-07-23 10:19:00-04:00,16.459999084472656,16.46500015258789,16.459999084472656,16.46500015258789,1644,0.0,0.0
2024-07-23 10:20:00-04:00,16.46500015258789,16.469999313354492,16.440000534057617,16.46500015258789,5357,0.0,0.0
2024-07-23 10:21:00-04:00,16.46500015258789,16.469999313354492,16.46500015258789,16.46500015258789,2469,0.0,0.0
2024-07-23 10:22:00-04:00,16.469999313354492,16.469999313354492,16.454999923706055,16.454999923706055,3036,0.0,0.0
2024-07-23 10:23:00-04:00,16.450000762939453,16.450000762939453,16.44499969482422,16.44499969482422,2956,0.0,0.0
2024-07-23 10:24:00-04:00,16.44499969482422,16.46500015258789,16.44499969482422,16.46500015258789,1186,0.0,0.0
2024-07-23 10:25:00-04:00,16.469999313354492,16.469999313354492,16.459999084472656,16.459999084472656,2103,0.0,0.0
2024-07-23 10:26:00-04:00,16.454999923706055,16.479999542236328,16.454999923706055,16.469999313354492,2069,0.0,0.0
2024-07-23 10:27:00-04:00,16.46500015258789,16.469999313354492,16.44499969482422,16.44499969482422,3107,0.0,0.0
2024-07-23 10:28:00-04:00,16.440000534057617,16.440000534057617,16.424999237060547,16.424999237060547,4423,0.0,0.0
2024-07-23 10:29:00-04:00,16.424999237060547,16.424999237060547,16.399999618530273,16.405000686645508,14217,0.0,0.0
2024-07-23 10:30:00-04:00,16.40999984741211,16.454999923706055,16.40999984741211,16.450000762939453,3738,0.0,0.0
2024-07-23 10:31:00-04:00,16.450000762939453,16.489999771118164,16.450000762939453,16.489999771118164,1089,0.0,0.0
2024-07-23 10:32:00-04:00,16.5,16.520000457763672,16.5,16.520000457763672,1281,0.0,0.0
2024-07-23 10:33:00-04:00,16.530000686645508,16.549999237060547,16.520000457763672,16.545000076293945,3666,0.0,0.0
2024-07-23 10:34:00-04:00,16.549999237060547,16.55500030517578,16.540000915527344,16.540000915527344,8949,0.0,0.0
2024-07-23 10:35:00-04:00,16.559999465942383,16.565000534057617,16.549999237060547,16.549999237060547,2603,0.0,0.0
2024-07-23 10:36:00-04:00,16.549999237060547,16.584999084472656,16.549999237060547,16.579999923706055,1933,0.0,0.0
2024-07-23 10:37:00-04:00,16.56999969482422,16.610000610351562,16.56999969482422,16.610000610351562,3526,0.0,0.0
2024-07-23 10:38:00-04:00,16.610000610351562,16.610000610351562,16.600000381469727,16.604999542236328,1790,0.0,0.0
2024-07-23 10:39:00-04:00,16.600000381469727,16.609500885009766,16.600000381469727,16.609500885009766,803,0.0,0.0
2024-07-23 10:40:00-04:00,16.600000381469727,16.600000381469727,16.59000015258789,16.594999313354492,2923,0.0,0.0
2024-07-23 10:41:00-04:00,16.59000015258789,16.59000015258789,16.565000534057617,16.565000534057617,2286,0.0,0.0
2024-07-23 10:42:00-04:00,16.56999969482422,16.579999923706055,16.56999969482422,16.579999923706055,1443,0.0,0.0
2024-07-23 10:43:00-04:00,16.59000015258789,16.59000015258789,16.584999084472656,16.59000015258789,2230,0.0,0.0
2024-07-23 10:44:00-04:00,16.59000015258789,16.59000015258789,16.579999923706055,16.59000015258789,1442,0.0,0.0
2024-07-23 10:45:00-04:00,16.579999923706055,16.579999923706055,16.559999465942383,16.56999969482422,1740,0.0,0.0
2024-07-23 10:46:00-04:00,16.56999969482422,16.56999969482422,16.540000915527344,16.540000915527344,2704,0.0,0.0
2024-07-23 10:47:00-04:00,16.53499984741211,16.540000915527344,16.5049991607666,16.510000228881836,1925,0.0,0.0
2024-07-23 10:48:00-04:00,16.510000228881836,16.510000228881836,16.489999771118164,16.489999771118164,2321,0.0,0.0
2024-07-23 10:49:00-04:00,16.4950008392334,16.4950008392334,16.469999313354492,16.469999313354492,2648,0.0,0.0
2024-07-23 10:50:00-04:00,16.475000381469727,16.475000381469727,16.450000762939453,16.450000762939453,9576,0.0,0.0
2024-07-23 10:51:00-04:00,16.450000762939453,16.475000381469727,16.450000762939453,16.469999313354492,9200,0.0,0.0
2024-07-23 10:52:00-04:00,16.469999313354492,16.485000610351562,16.46500015258789,16.469999313354492,1911,0.0,0.0
2024-07-23 10:53:00-04:00,16.479999542236328,16.485000610351562,16.43000030517578,16.43000030517578,2050,0.0,0.0
2024-07-23 10:54:00-04:00,16.420000076293945,16.420000076293945,16.420000076293945,16.420000076293945,100,0.0,0.0
2024-07-23 10:55:00-04:00,16.424999237060547,16.440000534057617,16.424999237060547,16.434999465942383,5192,0.0,0.0
2024-07-23 10:56:00-04:00,16.440000534057617,16.479999542236328,16.440000534057617,16.479999542236328,2333,0.0,0.0
2024-07-23 10:57:00-04:00,16.479999542236328,16.5,16.475000381469727,16.5,3758,0.0,0.0
2024-07-23 10:58:00-04:00,16.510000228881836,16.514999389648438,16.510000228881836,16.510000228881836,2085,0.0,0.0
2024-07-23 10:59:00-04:00,16.514999389648438,16.514999389648438,16.514999389648438,16.514999389648438,355,0.0,0.0
2024-07-23 11:00:00-04:00,16.514999389648438,16.530000686645508,16.514999389648438,16.530000686645508,3013,0.0,0.0
2024-07-23 11:01:00-04:00,16.530000686645508,16.53499984741211,16.520000457763672,16.520000457763672,4011,0.0,0.0
2024-07-23 11:02:00-04:00,16.5,16.5,16.489999771118164,16.489999771118164,9519,0.0,0.0
2024-07-23 11:03:00-04:00,16.479999542236328,16.479999542236328,16.469999313354492,16.479999542236328,1711,0.0,0.0
2024-07-23 11:04:00-04:00,16.479999542236328,16.479999542236328,16.479999542236328,16.479999542236328,459,0.0,0.0
2024-07-23 11:05:00-04:00,16.459999084472656,16.459999084472656,16.459999084472656,16.459999084472656,1335,0.0,0.0
2024-07-23 11:06:00-04:00,16.459999084472656,16.459999084472656,16.450000762939453,16.450000762939453,877,0.0,0.0
2024-07-23 11:07:00-04:00,16.450000762939453,16.450000762939453,16.44499969482422,16.44499969482422,716,0.0,0.0
2024-07-23 11:08:00-04:00,16.44499969482422,16.44499969482422,16.434999465942383,16.434999465942383,2003,0.0,0.0
2024-07-23 11:09:00-04:00,16.43000030517578,16.43000030517578,16.43000030517578,16.43000030517578,139,0.0,0.0
2024-07-23 11:10:00-04:00,16.434999465942383,16.434999465942383,16.420000076293945,16.420000076293945,5310,0.0,0.0
2024-07-23 11:11:00-04:00,16.420000076293945,16.420000076293945,16.40999984741211,16.420000076293945,5590,0.0,0.0
2024-07-23 11:12:00-04:00,16.43000030517578,16.43000030517578,16.424999237060547,16.43000030517578,2053,0.0,0.0
2024-07-23 11:13:00-04:00,16.440000534057617,16.440000534057617,16.434999465942383,16.434999465942383,2180,0.0,0.0
2024-07-23 11:14:00-04:00,16.434999465942383,16.434999465942383,16.399999618530273,16.405000686645508,7887,0.0,0.0
2024-07-23 11:15:00-04:00,16.399999618530273,16.399999618530273,16.3799991607666,16.3799991607666,1219,0.0,0.0
2024-07-23 11:16:00-04:00,16.385000228881836,16.385000228881836,16.3799991607666,16.3799991607666,644,0.0,0.0
2024-07-23 11:17:00-04:00,16.3799991607666,16.3799991607666,16.360000610351562,16.360000610351562,5578,0.0,0.0
2024-07-23 11:18:00-04:00,16.360000610351562,16.399999618530273,16.360000610351562,16.385000228881836,7516,0.0,0.0
2024-07-23 11:19:00-04:00,16.389999389648438,16.399999618530273,16.389999389648438,16.399999618530273,2839,0.0,0.0
2024-07-23 11:20:00-04:00,16.395000457763672,16.395000457763672,16.395000457763672,16.395000457763672,204,0.0,0.0
2024-07-23 11:21:00-04:00,16.389999389648438,16.389999389648438,16.3799991607666,16.389999389648438,2521,0.0,0.0
2024-07-23 11:22:00-04:00,16.395000457763672,16.399999618530273,16.395000457763672,16.395000457763672,5723,0.0,0.0
2024-07-23 11:23:00-04:00,16.389999389648438,16.389999389648438,16.389999389648438,16.389999389648438,1423,0.0,0.0
2024-07-23 11:24:00-04:00,16.385000228881836,16.385000228881836,16.385000228881836,16.385000228881836,100,0.0,0.0
2024-07-23 11:25:00-04:00,16.3799991607666,16.3799991607666,16.3700008392334,16.375,3165,0.0,0.0
2024-07-23 11:26:00-04:00,16.375,16.405000686645508,16.375,16.405000686645508,6979,0.0,0.0
2024-07-23 11:27:00-04:00,16.405000686645508,16.43000030517578,16.405000686645508,16.424999237060547,3973,0.0,0.0
2024-07-23 11:28:00-04:00,16.43000030517578,16.454999923706055,16.420000076293945,16.424999237060547,5078,0.0,0.0
2024-07-23 11:29:00-04:00,16.420000076293945,16.420000076293945,16.405000686645508,16.405000686645508,1430,0.0,0.0
2024-07-23 11:30:00-04:00,16.399999618530273,16.405000686645508,16.399999618530273,16.405000686645508,1754,0.0,0.0
2024-07-23 11:31:00-04:00,16.405000686645508,16.405000686645508,16.399999618530273,16.405000686645508,5486,0.0,0.0
2024-07-23 11:32:00-04:00,16.405000686645508,16.405000686645508,16.399999618530273,16.399999618530273,1054,0.0,0.0
2024-07-23 11:33:00-04:00,16.405000686645508,16.405000686645508,16.399999618530273,16.399999618530273,3588,0.0,0.0
2024-07-23 11:34:00-04:00,16.399999618530273,16.420000076293945,16.399999618530273,16.415000915527344,9346,0.0,0.0
2024-07-23 11:35:00-04:00,16.415000915527344,16.44499969482422,16.415000915527344,16.43000030517578,4538,0.0,0.0
2024-07-23 11:36:00-04:00,16.43000030517578,16.43000030517578,16.389999389648438,16.395000457763672,3419,0.0,0.0
2024-07-23 11:37:00-04:00,16.395000457763672,16.399999618530273,16.395000457763672,16.399999618530273,1171,0.0,0.0
2024-07-23 11:38:00-04:00,16.399999618530273,16.40999984741211,16.399999618530273,16.40999984741211,1797,0.0,0.0
2024-07-23 11:39:00-04:00,16.405000686645508,16.40999984741211,16.405000686645508,16.40999984741211,854,0.0,0.0
2024-07-23 11:40:00-04:00,16.405000686645508,16.405000686645508,16.399999618530273,16.399999618530273,1310,0.0,0.0
2024-07-23 11:41:00-04:00,16.389999389648438,16.389999389648438,16.389999389648438,16.389999389648438,1067,0.0,0.0
2024-07-23 11:42:00-04:00,16.399999618530273,16.40999984741211,16.399999618530273,16.40999984741211,16171,0.0,0.0
2024-07-23 11:43:00-04:00,16.40999984741211,16.40999984741211,16.40999984741211,16.40999984741211,2578,0.0,0.0
2024-07-23 11:44:00-04:00,16.40999984741211,16.43000030517578,16.40999984741211,16.40999984741211,4342,0.0,0.0
2024-07-23 11:45:00-04:00,16.40999984741211,16.40999984741211,16.3799991607666,16.3799991607666,1600,0.0,0.0
2024-07-23 11:46:00-04:00,16.375,16.395000457763672,16.375,16.395000457763672,3392,0.0,0.0
2024-07-23 11:47:00-04:00,16.392900466918945,16.392900466918945,16.375,16.375,1562,0.0,0.0
2024-07-23 11:48:00-04:00,16.3799991607666,16.3799991607666,16.3799991607666,16.3799991607666,101,0.0,0.0
2024-07-23 11:49:00-04:00,16.3799991607666,16.3799991607666,16.3799991607666,16.3799991607666,917,0.0,0.0
2024-07-23 11:50:00-04:00,16.3799991607666,16.3799991607666,16.375,16.3799991607666,715,0.0,0.0
2024-07-23 11:51:00-04:00,16.385000228881836,16.385000228881836,16.385000228881836,16.385000228881836,518,0.0,0.0
2024-07-23 11:52:00-04:00,16.3799991607666,16.385000228881836,16.3799991607666,16.385000228881836,2176,0.0,0.0
2024-07-23 11:53:00-04:00,16.3799991607666,16.389999389648438,16.3799991607666,16.389999389648438,4920,0.0,0.0
2024-07-23 11:54:00-04:00,16.395000457763672,16.399900436401367,16.395000457763672,16.399900436401367,569,0.0,0.0
2024-07-23 11:55:00-04:00,16.399999618530273,16.399999618530273,16.395000457763672,16.395000457763672,5190,0.0,0.0
2024-07-23 11:56:00-04:00,16.395000457763672,16.395000457763672,16.395000457763672,16.395000457763672,615,0.0,0.0
2024-07-23 11:57:00-04:00,16.389999389648438,16.389999389648438,16.389999389648438,16.389999389648438,1595,0.0,0.0
2024-07-23 11:58:00-04:00,16.3799991607666,16.389999389648438,16.3799991607666,16.389999389648438,1327,0.0,0.0
2024-07-23 11:59:00-04:00,16.385000228881836,16.389999389648438,16.385000228881836,16.389999389648438,3102,0.0,0.0
2024-07-23 12:00:00-04:00,16.395000457763672,16.405000686645508,16.395000457763672,16.405000686645508,5315,0.0,0.0
2024-07-23 12:01:00-04:00,16.405000686645508,16.412500381469727,16.405000686645508,16.412500381469727,2625,0.0,0.0
2024-07-23 12:02:00-04:00,16.415000915527344,16.415000915527344,16.415000915527344,16.415000915527344,2193,0.0,0.0
2024-07-23 12:03:00-04:00,16.415000915527344,16.420000076293945,16.415000915527344,16.415000915527344,2324,0.0,0.0
2024-07-23 12:04:00-04:00,16.415000915527344,16.415000915527344,16.415000915527344,16.415000915527344,385,0.0,0.0
2024-07-23 12:05:00-04:00,16.415000915527344,16.43000030517578,16.415000915527344,16.415000915527344,11040,0.0,0.0
2024-07-23 12:08:00-04:00,16.43000030517578,16.43000030517578,16.424999237060547,16.424999237060547,209,0.0,0.0
2024-07-23 12:09:00-04:00,16.424999237060547,16.424999237060547,16.424999237060547,16.424999237060547,498,0.0,0.0
2024-07-23 12:10:00-04:00,16.420000076293945,16.420000076293945,16.415000915527344,16.415000915527344,1731,0.0,0.0
2024-07-23 12:11:00-04:00,16.40999984741211,16.40999984741211,16.405000686645508,16.405000686645508,2777,0.0,0.0
2024-07-23 12:12:00-04:00,16.405000686645508,16.405000686645508,16.399999618530273,16.399999618530273,402,0.0,0.0
2024-07-23 12:13:00-04:00,16.399999618530273,16.399999618530273,16.395000457763672,16.395000457763672,2149,0.0,0.0
2024-07-23 12:14:00-04:00,16.399999618530273,16.43000030517578,16.399999618530273,16.424999237060547,7283,0.0,0.0
2024-07-23 12:15:00-04:00,16.420000076293945,16.420000076293945,16.415000915527344,16.415000915527344,3126,0.0,0.0
2024-07-23 12:16:00-04:00,16.415000915527344,16.415000915527344,16.399999618530273,16.40999984741211,2151,0.0,0.0
2024-07-23 12:17:00-04:00,16.405000686645508,16.405000686645508,16.405000686645508,16.405000686645508,905,0.0,0.0
2024-07-23 12:18:00-04:00,16.405000686645508,16.405000686645508,16.405000686645508,16.405000686645508,528,0.0,0.0
2024-07-23 12:19:00-04:00,16.405000686645508,16.405000686645508,16.389999389648438,16.389999389648438,1793,0.0,0.0
2024-07-23 12:20:00-04:00,16.389999389648438,16.395000457763672,16.389999389648438,16.395000457763672,423,0.0,0.0
2024-07-23 12:21:00-04:00,16.389999389648438,16.395000457763672,16.385000228881836,16.385000228881836,3313,0.0,0.0
2024-07-23 12:22:00-04:00,16.385000228881836,16.385000228881836,16.360000610351562,16.364099502563477,10011,0.0,0.0
2024-07-23 12:23:00-04:00,16.364999771118164,16.364999771118164,16.354999542236328,16.360000610351562,1343,0.0,0.0
2024-07-23 12:24:00-04:00,16.350000381469727,16.350000381469727,16.31999969482422,16.31999969482422,3310,0.0,0.0
2024-07-23 12:25:00-04:00,16.31999969482422,16.31999969482422,16.299999237060547,16.315000534057617,18347,0.0,0.0
2024-07-23 12:26:00-04:00,16.315000534057617,16.344999313354492,16.315000534057617,16.34000015258789,12118,0.0,0.0
2024-07-23 12:27:00-04:00,16.34000015258789,16.34000015258789,16.34000015258789,16.34000015258789,1959,0.0,0.0
2024-07-23 12:28:00-04:00,16.34000015258789,16.34000015258789,16.315000534057617,16.315000534057617,797,0.0,0.0
2024-07-23 12:29:00-04:00,16.315000534057617,16.325000762939453,16.315000534057617,16.325000762939453,1151,0.0,0.0
2024-07-23 12:30:00-04:00,16.325000762939453,16.325000762939453,16.30500030517578,16.30500030517578,2053,0.0,0.0
2024-07-23 12:31:00-04:00,16.30500030517578,16.31999969482422,16.30500030517578,16.31999969482422,1978,0.0,0.0
2024-07-23 12:32:00-04:00,16.329999923706055,16.344999313354492,16.329999923706055,16.344999313354492,1590,0.0,0.0
2024-07-23 12:33:00-04:00,16.344999313354492,16.350000381469727,16.344999313354492,16.344999313354492,990,0.0,0.0
2024-07-23 12:34:00-04:00,16.350000381469727,16.3700008392334,16.34000015258789,16.364999771118164,17710,0.0,0.0
2024-07-23 12:35:00-04:00,16.3700008392334,16.3799991607666,16.364999771118164,16.375,4894,0.0,0.0
2024-07-23 12:36:00-04:00,16.3700008392334,16.3700008392334,16.3700008392334,16.3700008392334,1442,0.0,0.0
2024-07-23 12:37:00-04:00,16.3799991607666,16.3799991607666,16.3799991607666,16.3799991607666,696,0.0,0.0
2024-07-23 12:38:00-04:00,16.385000228881836,16.385000228881836,16.3700008392334,16.3700008392334,1938,0.0,0.0
2024-07-23 12:39:00-04:00,16.3700008392334,16.3700008392334,16.3700008392334,16.3700008392334,690,0.0,0.0
2024-07-23 12:40:00-04:00,16.354999542236328,16.364999771118164,16.354999542236328,16.364999771118164,1849,0.0,0.0
2024-07-23 12:41:00-04:00,16.3700008392334,16.395000457763672,16.3700008392334,16.395000457763672,3086,0.0,0.0
2024-07-23 12:42:00-04:00,16.389999389648438,16.389999389648438,16.385000228881836,16.389999389648438,2080,0.0,0.0
2024-07-23 12:45:00-04:00,16.395000457763672,16.395000457763672,16.3799991607666,16.3799991607666,3765,0.0,0.0
2024-07-23 12:46:00-04:00,16.3799991607666,16.3799991607666,16.3799991607666,16.3799991607666,123,0.0,0.0
2024-07-23 12:47:00-04:00,16.385000228881836,16.385000228881836,16.3799991607666,16.3799991607666,1212,0.0,0.0
2024-07-23 12:48:00-04:00,16.385000228881836,16.389999389648438,16.385000228881836,16.385000228881836,3116,0.0,0.0
2024-07-23 12:50:00-04:00,16.3799991607666,16.385000228881836,16.3700008392334,16.3799991607666,8439,0.0,0.0
2024-07-23 12:51:00-04:00,16.3700008392334,16.3700008392334,16.364999771118164,16.364999771118164,3142,0.0,0.0
2024-07-23 12:52:00-04:00,16.375,16.375,16.364999771118164,16.364999771118164,1971,0.0,0.0
2024-07-23 12:53:00-04:00,16.360000610351562,16.3700008392334,16.354999542236328,16.364999771118164,4532,0.0,0.0
2024-07-23 12:54:00-04:00,16.364999771118164,16.364999771118164,16.364999771118164,16.364999771118164,711,0.0,0.0
2024-07-23 12:55:00-04:00,16.364999771118164,16.3700008392334,16.364999771118164,16.364999771118164,1666,0.0,0.0
2024-07-23 12:56:00-04:00,16.364999771118164,16.364999771118164,16.360000610351562,16.360000610351562,511,0.0,0.0
2024-07-23 12:57:00-04:00,16.360000610351562,16.360000610351562,16.34000015258789,16.344999313354492,4589,0.0,0.0
2024-07-23 12:58:00-04:00,16.344999313354492,16.344999313354492,16.334999084472656,16.34000015258789,2517,0.0,0.0
2024-07-23 12:59:00-04:00,16.350000381469727,16.3700008392334,16.34000015258789,16.354999542236328,10033,0.0,0.0
2024-07-23 13:00:00-04:00,16.354999542236328,16.364999771118164,16.354999542236328,16.364999771118164,2338,0.0,0.0
2024-07-23 13:01:00-04:00,16.364999771118164,16.3700008392334,16.36009979248047,16.3700008392334,2218,0.0,0.0
2024-07-23 13:02:00-04:00,16.3799991607666,16.389999389648438,16.374799728393555,16.374799728393555,7516,0.0,0.0
2024-07-23 13:03:00-04:00,16.375,16.389999389648438,16.375,16.389999389648438,2571,0.0,0.0
2024-07-23 13:04:00-04:00,16.395000457763672,16.40999984741211,16.395000457763672,16.405000686645508,1586,0.0,0.0
2024-07-23 13:05:00-04:00,16.399999618530273,16.399999618530273,16.3700008392334,16.3700008392334,3565,0.0,0.0
2024-07-23 13:06:00-04:00,16.3700008392334,16.3799991607666,16.364999771118164,16.375,5469,0.0,0.0
2024-07-23 13:07:00-04:00,16.375,16.3799991607666,16.375,16.375,2006,0.0,0.0
2024-07-23 13:08:00-04:00,16.3799991607666,16.380800247192383,16.3799991607666,16.380800247192383,479,0.0,0.0
2024-07-23 13:09:00-04:00,16.384000778198242,16.389999389648438,16.384000778198242,16.385000228881836,1757,0.0,0.0
2024-07-23 13:10:00-04:00,16.385000228881836,16.389999389648438,16.385000228881836,16.385000228881836,7029,0.0,0.0
2024-07-23 13:11:00-04:00,16.385000228881836,16.420000076293945,16.385000228881836,16.420000076293945,5991,0.0,0.0
2024-07-23 13:12:00-04:00,16.40999984741211,16.40999984741211,16.399999618530273,16.399999618530273,3828,0.0,0.0
2024-07-23 13:14:00-04:00,16.415000915527344,16.415000915527344,16.40999984741211,16.40999984741211,954,0.0,0.0
2024-07-23 13:15:00-04:00,16.415000915527344,16.415000915527344,16.395000457763672,16.395000457763672,3743,0.0,0.0
2024-07-23 13:16:00-04:00,16.395000457763672,16.395000457763672,16.3799991607666,16.3799991607666,1499,0.0,0.0
2024-07-23 13:17:00-04:00,16.3799991607666,16.3799991607666,16.3700008392334,16.3700008392334,1623,0.0,0.0
2024-07-23 13:18:00-04:00,16.375,16.375,16.3700008392334,16.3700008392334,698,0.0,0.0
2024-07-23 13:19:00-04:00,16.360000610351562,16.360000610351562,16.360000610351562,16.360000610351562,249,0.0,0.0
2024-07-23 13:20:00-04:00,16.360000610351562,16.360000610351562,16.350000381469727,16.360000610351562,3107,0.0,0.0
2024-07-23 13:21:00-04:00,16.354999542236328,16.360000610351562,16.354999542236328,16.360000610351562,2181,0.0,0.0
2024-07-23 13:22:00-04:00,16.354999542236328,16.3700008392334,16.354999542236328,16.364999771118164,3989,0.0,0.0
2024-07-23 13:23:00-04:00,16.360000610351562,16.360000610351562,16.360000610351562,16.360000610351562,1364,0.0,0.0
2024-07-23 13:24:00-04:00,16.350000381469727,16.350000381469727,16.344999313354492,16.344999313354492,1062,0.0,0.0
2024-07-23 13:25:00-04:00,16.344999313354492,16.364999771118164,16.344999313354492,16.354999542236328,2832,0.0,0.0
2024-07-23 13:26:00-04:00,16.364999771118164,16.364999771118164,16.364999771118164,16.364999771118164,138,0.0,0.0
2024-07-23 13:27:00-04:00,16.360000610351562,16.3700008392334,16.354999542236328,16.3700008392334,4022,0.0,0.0
2024-07-23 13:28:00-04:00,16.3700008392334,16.3700008392334,16.364999771118164,16.364999771118164,1529,0.0,0.0
2024-07-23 13:29:00-04:00,16.3700008392334,16.375,16.3700008392334,16.375,631,0.0,0.0
2024-07-23 13:30:00-04:00,16.3700008392334,16.3700008392334,16.360000610351562,16.360000610351562,1399,0.0,0.0
2024-07-23 13:31:00-04:00,16.354999542236328,16.360000610351562,16.354999542236328,16.354999542236328,2728,0.0,0.0
2024-07-23 13:32:00-04:00,16.360000610351562,16.3700008392334,16.360000610351562,16.364999771118164,1974,0.0,0.0
2024-07-23 13:33:00-04:00,16.360000610351562,16.360000610351562,16.354999542236328,16.354999542236328,625,0.0,0.0
2024-07-23 13:34:00-04:00,16.350000381469727,16.350000381469727,16.344999313354492,16.344999313354492,3121,0.0,0.0
2024-07-23 13:35:00-04:00,16.344999313354492,16.360000610351562,16.344999313354492,16.360000610351562,5421,0.0,0.0
2024-07-23 13:36:00-04:00,16.3799991607666,16.3799991607666,16.375,16.375,318,0.0,0.0
2024-07-23 13:37:00-04:00,16.375,16.375,16.375,16.375,766,0.0,0.0
2024-07-23 13:39:00-04:00,16.3700008392334,16.3799991607666,16.360000610351562,16.3700008392334,5960,0.0,0.0
2024-07-23 13:40:00-04:00,16.3700008392334,16.3700008392334,16.364999771118164,16.364999771118164,1629,0.0,0.0
2024-07-23 13:41:00-04:00,16.364999771118164,16.3799991607666,16.364999771118164,16.3799991607666,2848,0.0,0.0
2024-07-23 13:42:00-04:00,16.3700008392334,16.375,16.364999771118164,16.375,10703,0.0,0.0
2024-07-23 13:43:00-04:00,16.375,16.375,16.375,16.375,635,0.0,0.0
2024-07-23 13:44:00-04:00,16.375,16.3799991607666,16.375,16.3799991607666,1472,0.0,0.0
2024-07-23 13:45:00-04:00,16.389999389648438,16.399999618530273,16.389999389648438,16.399999618530273,2193,0.0,0.0
2024-07-23 13:46:00-04:00,16.399999618530273,16.43000030517578,16.399999618530273,16.43000030517578,6186,0.0,0.0
2024-07-23 13:47:00-04:00,16.434999465942383,16.440000534057617,16.43440055847168,16.43440055847168,1091,0.0,0.0
2024-07-23 13:48:00-04:00,16.440000534057617,16.450000762939453,16.440000534057617,16.44499969482422,2305,0.0,0.0
2024-07-23 13:49:00-04:00,16.440099716186523,16.450000762939453,16.440000534057617,16.450000762939453,2659,0.0,0.0
2024-07-23 13:50:00-04:00,16.450000762939453,16.450000762939453,16.450000762939453,16.450000762939453,305,0.0,0.0
2024-07-23 13:51:00-04:00,16.450000762939453,16.450000762939453,16.450000762939453,16.450000762939453,725,0.0,0.0
2024-07-23 13:52:00-04:00,16.44499969482422,16.44499969482422,16.440000534057617,16.440000534057617,300,0.0,0.0
2024-07-23 13:53:00-04:00,16.440000534057617,16.440000534057617,16.415000915527344,16.420000076293945,5464,0.0,0.0
2024-07-23 13:54:00-04:00,16.415000915527344,16.43000030517578,16.415000915527344,16.424999237060547,1953,0.0,0.0
2024-07-23 13:55:00-04:00,16.420000076293945,16.420000076293945,16.415000915527344,16.420000076293945,1740,0.0,0.0
2024-07-23 13:56:00-04:00,16.420000076293945,16.420000076293945,16.420000076293945,16.420000076293945,296,0.0,0.0
2024-07-23 13:57:00-04:00,16.420000076293945,16.424999237060547,16.420000076293945,16.424999237060547,970,0.0,0.0
2024-07-23 13:58:00-04:00,16.424999237060547,16.424999237060547,16.415000915527344,16.415000915527344,2103,0.0,0.0
2024-07-23 13:59:00-04:00,16.415000915527344,16.415000915527344,16.405000686645508,16.405000686645508,5845,0.0,0.0
2024-07-23 14:00:00-04:00,16.405000686645508,16.405000686645508,16.405000686645508,16.405000686645508,951,0.0,0.0
2024-07-23 14:01:00-04:00,16.405000686645508,16.43000030517578,16.405000686645508,16.43000030517578,4025,0.0,0.0
2024-07-23 14:02:00-04:00,16.43000030517578,16.43000030517578,16.420000076293945,16.420000076293945,1730,0.0,0.0
2024-07-23 14:03:00-04:00,16.420000076293945,16.43000030517578,16.415000915527344,16.43000030517578,1837,0.0,0.0
2024-07-23 14:04:00-04:00,16.440000534057617,16.440000534057617,16.434999465942383,16.434999465942383,300,0.0,0.0
2024-07-23 14:05:00-04:00,16.434999465942383,16.475000381469727,16.433399200439453,16.469999313354492,16870,0.0,0.0
2024-07-23 14:06:00-04:00,16.46500015258789,16.46500015258789,16.46500015258789,16.46500015258789,846,0.0,0.0
2024-07-23 14:07:00-04:00,16.469999313354492,16.469999313354492,16.46500015258789,16.46500015258789,810,0.0,0.0
2024-07-23 14:08:00-04:00,16.469999313354492,16.475000381469727,16.469999313354492,16.475000381469727,1243,0.0,0.0
2024-07-23 14:09:00-04:00,16.475000381469727,16.479999542236328,16.475000381469727,16.475000381469727,419,0.0,0.0
2024-07-23 14:10:00-04:00,16.475000381469727,16.489999771118164,16.475000381469727,16.489999771118164,1907,0.0,0.0
2024-07-23 14:11:00-04:00,16.4950008392334,16.4950008392334,16.489999771118164,16.4950008392334,1086,0.0,0.0
2024-07-23 14:12:00-04:00,16.5,16.5049991607666,16.485000610351562,16.489999771118164,5243,0.0,0.0
2024-07-23 14:13:00-04:00,16.479999542236328,16.479999542236328,16.475000381469727,16.479999542236328,1202,0.0,0.0
2024-07-23 14:14:00-04:00,16.485000610351562,16.485000610351562,16.475000381469727,16.475000381469727,998,0.0,0.0
2024-07-23 14:15:00-04:00,16.475000381469727,16.475000381469727,16.470199584960938,16.470199584960938,639,0.0,0.0
2024-07-23 14:16:00-04:00,16.479999542236328,16.4950008392334,16.479999542236328,16.4950008392334,2019,0.0,0.0
2024-07-23 14:17:00-04:00,16.4950008392334,16.4950008392334,16.4950008392334,16.4950008392334,155,0.0,0.0
2024-07-23 14:18:00-04:00,16.4950008392334,16.5,16.49020004272461,16.4950008392334,1937,0.0,0.0
2024-07-23 14:19:00-04:00,16.5,16.514999389648438,16.5,16.514999389648438,1841,0.0,0.0
2024-07-23 14:20:00-04:00,16.520000457763672,16.520000457763672,16.510000228881836,16.520000457763672,2196,0.0,0.0
2024-07-23 14:22:00-04:00,16.510000228881836,16.524999618530273,16.510000228881836,16.510000228881836,3212,0.0,0.0
2024-07-23 14:23:00-04:00,16.510000228881836,16.524999618530273,16.510000228881836,16.524999618530273,1428,0.0,0.0
2024-07-23 14:24:00-04:00,16.530000686645508,16.530000686645508,16.530000686645508,16.530000686645508,889,0.0,0.0
2024-07-23 14:25:00-04:00,16.53499984741211,16.540000915527344,16.530000686645508,16.540000915527344,1855,0.0,0.0
2024-07-23 14:26:00-04:00,16.540000915527344,16.559999465942383,16.540000915527344,16.540000915527344,15054,0.0,0.0
2024-07-23 14:27:00-04:00,16.524999618530273,16.524999618530273,16.520200729370117,16.520200729370117,570,0.0,0.0
2024-07-23 14:28:00-04:00,16.530000686645508,16.53499984741211,16.530000686645508,16.530000686645508,2773,0.0,0.0
2024-07-23 14:29:00-04:00,16.530000686645508,16.53499984741211,16.530000686645508,16.530000686645508,694,0.0,0.0
2024-07-23 14:30:00-04:00,16.540000915527344,16.565000534057617,16.540000915527344,16.565000534057617,2754,0.0,0.0
2024-07-23 14:31:00-04:00,16.56999969482422,16.579999923706055,16.56999969482422,16.579999923706055,2766,0.0,0.0
2024-07-23 14:32:00-04:00,16.56999969482422,16.56999969482422,16.5,16.5,11003,0.0,0.0
2024-07-23 14:34:00-04:00,16.5,16.5049991607666,16.489999771118164,16.5049991607666,1921,0.0,0.0
2024-07-23 14:35:00-04:00,16.5,16.5,16.489999771118164,16.489999771118164,1360,0.0,0.0
2024-07-23 14:36:00-04:00,16.5,16.524999618530273,16.5,16.524999618530273,2329,0.0,0.0
2024-07-23 14:37:00-04:00,16.530000686645508,16.540000915527344,16.530000686645508,16.530000686645508,1944,0.0,0.0
2024-07-23 14:38:00-04:00,16.540000915527344,16.540000915527344,16.53499984741211,16.53499984741211,427,0.0,0.0
2024-07-23 14:39:00-04:00,16.530000686645508,16.530000686645508,16.530000686645508,16.530000686645508,2050,0.0,0.0
2024-07-23 14:40:00-04:00,16.524999618530273,16.540000915527344,16.524999618530273,16.530000686645508,2482,0.0,0.0
2024-07-23 14:42:00-04:00,16.530000686645508,16.549999237060547,16.530000686645508,16.549999237060547,1962,0.0,0.0
2024-07-23 14:43:00-04:00,16.545000076293945,16.56999969482422,16.545000076293945,16.56999969482422,1894,0.0,0.0
2024-07-23 14:44:00-04:00,16.56999969482422,16.575000762939453,16.559999465942383,16.56999969482422,1953,0.0,0.0
2024-07-23 14:45:00-04:00,16.579999923706055,16.59000015258789,16.579999923706055,16.59000015258789,1210,0.0,0.0
2024-07-23 14:46:00-04:00,16.59000015258789,16.59000015258789,16.59000015258789,16.59000015258789,1541,0.0,0.0
2024-07-23 14:47:00-04:00,16.600000381469727,16.604999542236328,16.600000381469727,16.600000381469727,2106,0.0,0.0
2024-07-23 14:48:00-04:00,16.594999313354492,16.600000381469727,16.59000015258789,16.59000015258789,1546,0.0,0.0
2024-07-23 14:49:00-04:00,16.59000015258789,16.59000015258789,16.579999923706055,16.579999923706055,1421,0.0,0.0
2024-07-23 14:50:00-04:00,16.579999923706055,16.579999923706055,16.56999969482422,16.56999969482422,2846,0.0,0.0
2024-07-23 14:51:00-04:00,16.575000762939453,16.579999923706055,16.575000762939453,16.579999923706055,1695,0.0,0.0
2024-07-23 14:52:00-04:00,16.575000762939453,16.579999923706055,16.56999969482422,16.579999923706055,2186,0.0,0.0
2024-07-23 14:53:00-04:00,16.575000762939453,16.575000762939453,16.56999969482422,16.570600509643555,671,0.0,0.0
2024-07-23 14:54:00-04:00,16.575000762939453,16.579999923706055,16.575000762939453,16.579999923706055,1964,0.0,0.0
2024-07-23 14:55:00-04:00,16.579999923706055,16.59000015258789,16.579999923706055,16.59000015258789,3843,0.0,0.0
2024-07-23 14:56:00-04:00,16.594999313354492,16.594999313354492,16.594999313354492,16.594999313354492,258,0.0,0.0
2024-07-23 14:57:00-04:00,16.59000015258789,16.598899841308594,16.59000015258789,16.594999313354492,714,0.0,0.0
2024-07-23 14:58:00-04:00,16.594999313354492,16.614999771118164,16.594999313354492,16.614999771118164,4329,0.0,0.0
2024-07-23 14:59:00-04:00,16.610000610351562,16.610000610351562,16.600000381469727,16.600000381469727,1449,0.0,0.0
2024-07-23 15:00:00-04:00,16.600000381469727,16.600000381469727,16.579999923706055,16.59000015258789,4386,0.0,0.0
2024-07-23 15:01:00-04:00,16.59000015258789,16.600000381469727,16.59000015258789,16.599899291992188,1909,0.0,0.0
2024-07-23 15:03:00-04:00,16.59000015258789,16.594999313354492,16.584999084472656,16.59000015258789,1765,0.0,0.0
2024-07-23 15:04:00-04:00,16.584999084472656,16.600000381469727,16.579999923706055,16.600000381469727,1688,0.0,0.0
2024-07-23 15:05:00-04:00,16.600000381469727,16.610000610351562,16.600000381469727,16.610000610351562,6478,0.0,0.0
2024-07-23 15:06:00-04:00,16.6200008392334,16.6200008392334,16.610000610351562,16.610000610351562,1532,0.0,0.0
2024-07-23 15:07:00-04:00,16.6200008392334,16.6299991607666,16.6200008392334,16.6299991607666,2183,0.0,0.0
2024-07-23 15:08:00-04:00,16.6299991607666,16.635000228881836,16.6200008392334,16.6200008392334,3148,0.0,0.0
2024-07-23 15:09:00-04:00,16.614999771118164,16.614999771118164,16.610000610351562,16.614999771118164,1261,0.0,0.0
2024-07-23 15:10:00-04:00,16.614999771118164,16.614999771118164,16.614999771118164,16.614999771118164,210,0.0,0.0
2024-07-23 15:11:00-04:00,16.614999771118164,16.625,16.610000610351562,16.625,2145,0.0,0.0
2024-07-23 15:12:00-04:00,16.625,16.625,16.625,16.625,1233,0.0,0.0
2024-07-23 15:13:00-04:00,16.625,16.625,16.62019920349121,16.62019920349121,759,0.0,0.0
2024-07-23 15:14:00-04:00,16.625,16.6299991607666,16.625,16.6299991607666,1000,0.0,0.0
2024-07-23 15:15:00-04:00,16.6299991607666,16.6299991607666,16.600200653076172,16.600200653076172,4424,0.0,0.0
2024-07-23 15:16:00-04:00,16.600000381469727,16.610000610351562,16.600000381469727,16.604999542236328,2039,0.0,0.0
2024-07-23 15:17:00-04:00,16.600000381469727,16.600000381469727,16.600000381469727,16.600000381469727,2267,0.0,0.0
2024-07-23 15:18:00-04:00,16.610000610351562,16.635000228881836,16.610000610351562,16.635000228881836,3708,0.0,0.0
2024-07-23 15:19:00-04:00,16.639999389648438,16.639999389648438,16.639999389648438,16.639999389648438,935,0.0,0.0
2024-07-23 15:20:00-04:00,16.635000228881836,16.64889907836914,16.630199432373047,16.64889907836914,2565,0.0,0.0
2024-07-23 15:21:00-04:00,16.649999618530273,16.65999984741211,16.649999618530273,16.65999984741211,874,0.0,0.0
2024-07-23 15:22:00-04:00,16.655000686645508,16.655000686645508,16.655000686645508,16.655000686645508,980,0.0,0.0
2024-07-23 15:23:00-04:00,16.655000686645508,16.670000076293945,16.649999618530273,16.670000076293945,3714,0.0,0.0
2024-07-23 15:24:00-04:00,16.65999984741211,16.670000076293945,16.65999984741211,16.65999984741211,1728,0.0,0.0
2024-07-23 15:25:00-04:00,16.65999984741211,16.684999465942383,16.65999984741211,16.684999465942383,4271,0.0,0.0
2024-07-23 15:26:00-04:00,16.684999465942383,16.690000534057617,16.68000030517578,16.68000030517578,4937,0.0,0.0
2024-07-23 15:27:00-04:00,16.68000030517578,16.68000030517578,16.674999237060547,16.674999237060547,2112,0.0,0.0
2024-07-23 15:28:00-04:00,16.670000076293945,16.670000076293945,16.665000915527344,16.670000076293945,2552,0.0,0.0
2024-07-23 15:29:00-04:00,16.68000030517578,16.690000534057617,16.68000030517578,16.684999465942383,3011,0.0,0.0
2024-07-23 15:30:00-04:00,16.670000076293945,16.670000076293945,16.649999618530273,16.655000686645508,5911,0.0,0.0
2024-07-23 15:31:00-04:00,16.639999389648438,16.645000457763672,16.6299991607666,16.645000457763672,3699,0.0,0.0
2024-07-23 15:32:00-04:00,16.645000457763672,16.655000686645508,16.645000457763672,16.655000686645508,3038,0.0,0.0
2024-07-23 15:33:00-04:00,16.655000686645508,16.65999984741211,16.655000686645508,16.65999984741211,964,0.0,0.0
2024-07-23 15:34:00-04:00,16.65999984741211,16.670000076293945,16.649999618530273,16.665000915527344,7166,0.0,0.0
2024-07-23 15:35:00-04:00,16.665000915527344,16.684999465942383,16.660200119018555,16.68000030517578,8947,0.0,0.0
2024-07-23 15:36:00-04:00,16.68000030517578,16.68000030517578,16.674999237060547,16.68000030517578,1827,0.0,0.0
2024-07-23 15:37:00-04:00,16.670000076293945,16.674999237060547,16.645000457763672,16.649999618530273,10463,0.0,0.0
2024-07-23 15:38:00-04:00,16.649999618530273,16.670000076293945,16.639999389648438,16.670000076293945,6668,0.0,0.0
2024-07-23 15:39:00-04:00,16.665000915527344,16.670000076293945,16.659000396728516,16.659000396728516,3942,0.0,0.0
2024-07-23 15:40:00-04:00,16.65999984741211,16.670000076293945,16.65999984741211,16.665000915527344,5947,0.0,0.0
2024-07-23 15:41:00-04:00,16.665000915527344,16.679000854492188,16.655000686645508,16.674999237060547,6877,0.0,0.0
2024-07-23 15:42:00-04:00,16.674999237060547,16.679000854492188,16.6299991607666,16.645000457763672,14947,0.0,0.0
2024-07-23 15:43:00-04:00,16.645000457763672,16.649999618530273,16.645000457763672,16.645000457763672,2589,0.0,0.0
2024-07-23 15:44:00-04:00,16.639999389648438,16.649999618530273,16.639999389648438,16.645000457763672,5345,0.0,0.0
2024-07-23 15:45:00-04:00,16.649999618530273,16.670000076293945,16.649999618530273,16.670000076293945,9491,0.0,0.0
2024-07-23 15:46:00-04:00,16.670000076293945,16.68000030517578,16.65999984741211,16.665000915527344,8541,0.0,0.0
2024-07-23 15:47:00-04:00,16.660200119018555,16.674999237060547,16.660200119018555,16.674999237060547,8120,0.0,0.0
2024-07-23 15:48:00-04:00,16.674999237060547,16.68000030517578,16.665000915527344,16.674999237060547,5257,0.0,0.0
2024-07-23 15:49:00-04:00,16.674999237060547,16.68000030517578,16.65999984741211,16.674999237060547,6058,0.0,0.0
2024-07-23 15:50:00-04:00,16.670000076293945,16.700000762939453,16.65999984741211,16.684999465942383,15047,0.0,0.0
2024-07-23 15:51:00-04:00,16.684999465942383,16.684999465942383,16.65999984741211,16.665000915527344,7135,0.0,0.0
2024-07-23 15:52:00-04:00,16.665000915527344,16.670000076293945,16.65999984741211,16.665000915527344,1649,0.0,0.0
2024-07-23 15:53:00-04:00,16.665000915527344,16.670000076293945,16.639999389648438,16.655000686645508,11736,0.0,0.0
2024-07-23 15:54:00-04:00,16.655000686645508,16.655000686645508,16.6200008392334,16.6299991607666,14959,0.0,0.0
2024-07-23 15:55:00-04:00,16.635000228881836,16.649999618530273,16.6299991607666,16.645000457763672,13025,0.0,0.0
2024-07-23 15:56:00-04:00,16.645000457763672,16.649999618530273,16.639999389648438,16.639999389648438,7169,0.0,0.0
2024-07-23 15:57:00-04:00,16.649999618530273,16.649999618530273,16.639999389648438,16.649099349975586,11957,0.0,0.0
2024-07-23 15:58:00-04:00,16.645000457763672,16.645000457763672,16.6200008392334,16.625,28405,0.0,0.0
2024-07-23 15:59:00-04:00,16.6299991607666,16.655000686645508,16.6200008392334,16.649999618530273,91043,0.0,0.0
2024-07-24 09:30:00-04:00,16.549999237060547,16.549999237060547,16.420000076293945,16.549999237060547,9342,0.0,0.0
2024-07-24 09:31:00-04:00,16.545000076293945,16.549999237060547,16.5,16.5,711,0.0,0.0
2024-07-24 09:32:00-04:00,16.5,16.5,16.469999313354492,16.5,1092,0.0,0.0
2024-07-24 09:35:00-04:00,16.514999389648438,16.59000015258789,16.514999389648438,16.579999923706055,2392,0.0,0.0
2024-07-24 09:36:00-04:00,16.549999237060547,16.575000762939453,16.549999237060547,16.575000762939453,202,0.0,0.0
2024-07-24 09:37:00-04:00,16.600000381469727,16.639999389648438,16.600000381469727,16.6299991607666,6893,0.0,0.0
2024-07-24 09:38:00-04:00,16.610000610351562,16.670000076293945,16.610000610351562,16.670000076293945,1173,0.0,0.0
2024-07-24 09:39:00-04:00,16.65999984741211,16.690000534057617,16.6299991607666,16.631000518798828,11784,0.0,0.0
2024-07-24 09:40:00-04:00,16.6299991607666,16.690000534057617,16.6299991607666,16.684999465942383,2152,0.0,0.0
2024-07-24 09:41:00-04:00,16.68000030517578,16.700000762939453,16.68000030517578,16.700000762939453,3671,0.0,0.0
2024-07-24 09:42:00-04:00,16.670000076293945,16.670000076293945,16.670000076293945,16.670000076293945,372,0.0,0.0
2024-07-24 09:43:00-04:00,16.670000076293945,16.670000076293945,16.65999984741211,16.65999984741211,734,0.0,0.0
2024-07-24 09:44:00-04:00,16.68000030517578,16.68000030517578,16.68000030517578,16.68000030517578,113,0.0,0.0
2024-07-24 09:45:00-04:00,16.639999389648438,16.68000030517578,16.639999389648438,16.68000030517578,952,0.0,0.0
2024-07-24 09:46:00-04:00,16.649999618530273,16.649999618530273,16.614999771118164,16.614999771118164,748,0.0,0.0
2024-07-24 09:47:00-04:00,16.6200008392334,16.639999389648438,16.6200008392334,16.639999389648438,657,0.0,0.0
2024-07-24 09:48:00-04:00,16.6200008392334,16.6200008392334,16.600000381469727,16.600000381469727,1175,0.0,0.0
2024-07-24 09:49:00-04:00,16.56999969482422,16.56999969482422,16.530000686645508,16.530000686645508,1130,0.0,0.0
2024-07-24 09:50:00-04:00,16.530000686645508,16.540000915527344,16.530000686645508,16.540000915527344,296,0.0,0.0
2024-07-24 09:52:00-04:00,16.5049991607666,16.5049991607666,16.5049991607666,16.5049991607666,276,0.0,0.0
2024-07-24 09:53:00-04:00,16.459999084472656,16.510000228881836,16.459999084472656,16.5049991607666,26527,0.0,0.0
2024-07-24 09:54:00-04:00,16.5,16.520000457763672,16.5,16.520000457763672,10966,0.0,0.0
2024-07-24 09:55:00-04:00,16.5,16.5049991607666,16.479999542236328,16.479999542236328,17125,0.0,0.0
2024-07-24 09:56:00-04:00,16.479999542236328,16.479999542236328,16.40999984741211,16.440000534057617,2468,0.0,0.0
2024-07-24 09:57:00-04:00,16.440000534057617,16.450000762939453,16.424999237060547,16.450000762939453,1019,0.0,0.0
2024-07-24 09:58:00-04:00,16.450000762939453,16.52989959716797,16.450000762939453,16.520000457763672,5008,0.0,0.0
2024-07-24 09:59:00-04:00,16.530000686645508,16.549999237060547,16.5,16.510000228881836,1769,0.0,0.0
2024-07-24 10:00:00-04:00,16.520000457763672,16.530000686645508,16.510000228881836,16.530000686645508,1293,0.0,0.0
2024-07-24 10:01:00-04:00,16.530000686645508,16.530000686645508,16.489999771118164,16.5,1942,0.0,0.0
2024-07-24 10:02:00-04:00,16.510000228881836,16.520000457763672,16.459999084472656,16.459999084472656,2627,0.0,0.0
2024-07-24 10:03:00-04:00,16.469999313354492,16.469999313354492,16.440000534057617,16.440000534057617,852,0.0,0.0
2024-07-24 10:04:00-04:00,16.43000030517578,16.459999084472656,16.40999984741211,16.459999084472656,1215,0.0,0.0
2024-07-24 10:05:00-04:00,16.459999084472656,16.469999313354492,16.434999465942383,16.459999084472656,12981,0.0,0.0
2024-07-24 10:06:00-04:00,16.460599899291992,16.46470069885254,16.440000534057617,16.440000534057617,2348,0.0,0.0
2024-07-24 10:07:00-04:00,16.43000030517578,16.43000030517578,16.40999984741211,16.40999984741211,1090,0.0,0.0
2024-07-24 10:08:00-04:00,16.40999984741211,16.40999984741211,16.399999618530273,16.399999618530273,260,0.0,0.0
2024-07-24 10:09:00-04:00,16.389999389648438,16.40999984741211,16.3799991607666,16.40999984741211,2192,0.0,0.0
2024-07-24 10:10:00-04:00,16.415000915527344,16.415000915527344,16.3799991607666,16.3799991607666,1335,0.0,0.0
2024-07-24 10:11:00-04:00,16.385000228881836,16.389999389648438,16.3799991607666,16.3799991607666,1301,0.0,0.0
2024-07-24 10:12:00-04:00,16.3700008392334,16.389999389648438,16.3700008392334,16.378000259399414,2535,0.0,0.0
2024-07-24 10:13:00-04:00,16.3799991607666,16.399999618530273,16.3799991607666,16.399999618530273,931,0.0,0.0
2024-07-24 10:14:00-04:00,16.399999618530273,16.40999984741211,16.399999618530273,16.399999618530273,1689,0.0,0.0
2024-07-24 10:15:00-04:00,16.399999618530273,16.420000076293945,16.399999618530273,16.420000076293945,946,0.0,0.0
2024-07-24 10:16:00-04:00,16.420000076293945,16.420000076293945,16.3799991607666,16.3799991607666,1789,0.0,0.0
2024-07-24 10:17:00-04:00,16.3799991607666,16.3799991607666,16.3700008392334,16.3700008392334,427,0.0,0.0
2024-07-24 10:18:00-04:00,16.3700008392334,16.3700008392334,16.360000610351562,16.360000610351562,570,0.0,0.0
2024-07-24 10:19:00-04:00,16.3799991607666,16.385000228881836,16.3700008392334,16.3799991607666,1194,0.0,0.0
2024-07-24 10:20:00-04:00,16.3799991607666,16.389999389648438,16.3700008392334,16.375,1336,0.0,0.0
2024-07-24 10:21:00-04:00,16.3799991607666,16.395000457763672,16.3799991607666,16.389999389648438,2278,0.0,0.0
2024-07-24 10:22:00-04:00,16.395000457763672,16.399999618530273,16.395000457763672,16.399999618530273,2017,0.0,0.0
2024-07-24 10:23:00-04:00,16.389999389648438,16.389999389648438,16.3799991607666,16.389999389648438,1415,0.0,0.0
2024-07-24 10:24:00-04:00,16.389999389648438,16.392000198364258,16.344999313354492,16.344999313354492,1594,0.0,0.0
2024-07-24 10:25:00-04:00,16.34000015258789,16.399999618530273,16.34000015258789,16.399999618530273,2057,0.0,0.0
2024-07-24 10:26:00-04:00,16.399999618530273,16.399999618530273,16.34000015258789,16.350000381469727,4170,0.0,0.0
2024-07-24 10:27:00-04:00,16.3700008392334,16.375,16.3700008392334,16.375,680,0.0,0.0
2024-07-24 10:28:00-04:00,16.375,16.389999389648438,16.3700008392334,16.389999389648438,2045,0.0,0.0
2024-07-24 10:29:00-04:00,16.40999984741211,16.43000030517578,16.40999984741211,16.420000076293945,2169,0.0,0.0
2024-07-24 10:30:00-04:00,16.40999984741211,16.43000030517578,16.40999984741211,16.43000030517578,2216,0.0,0.0
2024-07-24 10:31:00-04:00,16.43000030517578,16.43000030517578,16.42889976501465,16.43000030517578,2005,0.0,0.0
2024-07-24 10:32:00-04:00,16.43000030517578,16.46500015258789,16.43000030517578,16.459999084472656,3876,0.0,0.0
2024-07-24 10:33:00-04:00,16.459999084472656,16.459999084472656,16.450000762939453,16.450000762939453,453,0.0,0.0
2024-07-24 10:34:00-04:00,16.440000534057617,16.440000534057617,16.405000686645508,16.40999984741211,1583,0.0,0.0
2024-07-24 10:35:00-04:00,16.399999618530273,16.440000534057617,16.399999618530273,16.440000534057617,2216,0.0,0.0
2024-07-24 10:36:00-04:00,16.450000762939453,16.479999542236328,16.44499969482422,16.469999313354492,2016,0.0,0.0
2024-07-24 10:37:00-04:00,16.459999084472656,16.459999084472656,16.450000762939453,16.450000762939453,3673,0.0,0.0
2024-07-24 10:38:00-04:00,16.450000762939453,16.450000762939453,16.450000762939453,16.450000762939453,614,0.0,0.0
2024-07-24 10:39:00-04:00,16.440000534057617,16.440000534057617,16.43000030517578,16.43000030517578,557,0.0,0.0
2024-07-24 10:40:00-04:00,16.420000076293945,16.420000076293945,16.420000076293945,16.420000076293945,331,0.0,0.0
2024-07-24 10:41:00-04:00,16.420000076293945,16.434999465942383,16.420000076293945,16.434999465942383,1000,0.0,0.0
2024-07-24 10:42:00-04:00,16.440000534057617,16.440000534057617,16.40999984741211,16.40999984741211,828,0.0,0.0
2024-07-24 10:43:00-04:00,16.420000076293945,16.43269920349121,16.420000076293945,16.43269920349121,960,0.0,0.0
2024-07-24 10:45:00-04:00,16.40999984741211,16.40999984741211,16.389999389648438,16.389999389648438,634,0.0,0.0
2024-07-24 10:46:00-04:00,16.3799991607666,16.389999389648438,16.3799991607666,16.389999389648438,627,0.0,0.0
2024-07-24 10:47:00-04:00,16.399999618530273,16.450000762939453,16.399999618530273,16.450000762939453,1405,0.0,0.0
2024-07-24 10:48:00-04:00,16.450000762939453,16.450000762939453,16.450000762939453,16.450000762939453,488,0.0,0.0
2024-07-24 10:49:00-04:00,16.450000762939453,16.450000762939453,16.450000762939453,16.450000762939453,663,0.0,0.0
2024-07-24 10:50:00-04:00,16.459999084472656,16.469999313354492,16.459999084472656,16.469999313354492,605,0.0,0.0
2024-07-24 10:51:00-04:00,16.479999542236328,16.510000228881836,16.479999542236328,16.489999771118164,3720,0.0,0.0
2024-07-24 10:52:00-04:00,16.489999771118164,16.5,16.489999771118164,16.5,513,0.0,0.0
2024-07-24 10:54:00-04:00,16.469999313354492,16.469999313354492,16.450000762939453,16.459999084472656,2026,0.0,0.0
2024-07-24 10:55:00-04:00,16.459999084472656,16.469999313354492,16.459999084472656,16.469999313354492,1595,0.0,0.0
2024-07-24 10:56:00-04:00,16.479999542236328,16.479999542236328,16.479999542236328,16.479999542236328,1013,0.0,0.0
2024-07-24 10:57:00-04:00,16.479999542236328,16.479999542236328,16.469999313354492,16.469999313354492,455,0.0,0.0
2024-07-24 10:58:00-04:00,16.440000534057617,16.440000534057617,16.389999389648438,16.389999389648438,705,0.0,0.0
2024-07-24 10:59:00-04:00,16.399999618530273,16.420000076293945,16.399999618530273,16.420000076293945,1800,0.0,0.0
2024-07-24 11:00:00-04:00,16.420000076293945,16.420000076293945,16.399999618530273,16.399999618530273,2774,0.0,0.0
2024-07-24 11:01:00-04:00,16.40999984741211,16.44499969482422,16.40999984741211,16.44499969482422,2143,0.0,0.0
2024-07-24 11:02:00-04:00,16.44499969482422,16.44499969482422,16.43000030517578,16.43000030517578,2063,0.0,0.0
2024-07-24 11:03:00-04:00,16.420000076293945,16.420000076293945,16.415000915527344,16.415000915527344,26358,0.0,0.0
2024-07-24 11:04:00-04:00,16.415000915527344,16.416000366210938,16.415000915527344,16.416000366210938,1175,0.0,0.0
2024-07-24 11:05:00-04:00,16.40999984741211,16.420000076293945,16.3700008392334,16.3799991607666,9018,0.0,0.0
2024-07-24 11:06:00-04:00,16.3700008392334,16.3700008392334,16.360000610351562,16.3700008392334,703,0.0,0.0
2024-07-24 11:07:00-04:00,16.360000610351562,16.3799991607666,16.360000610351562,16.3799991607666,2622,0.0,0.0
2024-07-24 11:08:00-04:00,16.3700008392334,16.3700008392334,16.360000610351562,16.360000610351562,822,0.0,0.0
2024-07-24 11:09:00-04:00,16.344999313354492,16.350000381469727,16.280000686645508,16.280000686645508,10985,0.0,0.0
2024-07-24 11:10:00-04:00,16.280000686645508,16.280000686645508,16.270000457763672,16.270000457763672,816,0.0,0.0
2024-07-24 11:11:00-04:00,16.280000686645508,16.28499984741211,16.260000228881836,16.280000686645508,6341,0.0,0.0
2024-07-24 11:12:00-04:00,16.280000686645508,16.280000686645508,16.239999771118164,16.239999771118164,785,0.0,0.0
2024-07-24 11:13:00-04:00,16.239999771118164,16.290000915527344,16.239999771118164,16.280000686645508,7737,0.0,0.0
2024-07-24 11:14:00-04:00,16.281200408935547,16.299999237060547,16.281200408935547,16.299999237060547,2191,0.0,0.0
2024-07-24 11:15:00-04:00,16.30500030517578,16.30500030517578,16.290000915527344,16.299999237060547,2335,0.0,0.0
2024-07-24 11:16:00-04:00,16.304000854492188,16.304000854492188,16.270000457763672,16.270000457763672,1636,0.0,0.0
2024-07-24 11:17:00-04:00,16.25,16.25,16.25,16.25,149,0.0,0.0
2024-07-24 11:18:00-04:00,16.239999771118164,16.242000579833984,16.229999542236328,16.239999771118164,3206,0.0,0.0
2024-07-24 11:19:00-04:00,16.24049949645996,16.25,16.229999542236328,16.229999542236328,4561,0.0,0.0
2024-07-24 11:20:00-04:00,16.219999313354492,16.219999313354492,16.219999313354492,16.219999313354492,2414,0.0,0.0
2024-07-24 11:21:00-04:00,16.229999542236328,16.229999542236328,16.209999084472656,16.209999084472656,1848,0.0,0.0
2024-07-24 11:22:00-04:00,16.209999084472656,16.209999084472656,16.149999618530273,16.18000030517578,7082,0.0,0.0
2024-07-24 11:23:00-04:00,16.184999465942383,16.190000534057617,16.174999237060547,16.190000534057617,30699,0.0,0.0
2024-07-24 11:24:00-04:00,16.209999084472656,16.209999084472656,16.209999084472656,16.209999084472656,9696,0.0,0.0
2024-07-24 11:25:00-04:00,16.21500015258789,16.225000381469727,16.204999923706055,16.209999084472656,2920,0.0,0.0
2024-07-24 11:26:00-04:00,16.211999893188477,16.222000122070312,16.211999893188477,16.219999313354492,3040,0.0,0.0
2024-07-24 11:27:00-04:00,16.229999542236328,16.239999771118164,16.229999542236328,16.239999771118164,4391,0.0,0.0
2024-07-24 11:28:00-04:00,16.239999771118164,16.239999771118164,16.200000762939453,16.200000762939453,2123,0.0,0.0
2024-07-24 11:29:00-04:00,16.20199966430664,16.209999084472656,16.20199966430664,16.209999084472656,4386,0.0,0.0
2024-07-24 11:30:00-04:00,16.219999313354492,16.219999313354492,16.204999923706055,16.209999084472656,2880,0.0,0.0
2024-07-24 11:31:00-04:00,16.219999313354492,16.219999313354492,16.21500015258789,16.219999313354492,1033,0.0,0.0
2024-07-24 11:32:00-04:00,16.219999313354492,16.219999313354492,16.190000534057617,16.190000534057617,2303,0.0,0.0
2024-07-24 11:33:00-04:00,16.200000762939453,16.200000762939453,16.190000534057617,16.190000534057617,978,0.0,0.0
2024-07-24 11:34:00-04:00,16.190000534057617,16.190000534057617,16.18000030517578,16.184999465942383,2324,0.0,0.0
2024-07-24 11:35:00-04:00,16.18000030517578,16.21500015258789,16.18000030517578,16.200000762939453,5922,0.0,0.0
2024-07-24 11:36:00-04:00,16.209999084472656,16.219999313354492,16.204999923706055,16.219999313354492,1207,0.0,0.0
2024-07-24 11:37:00-04:00,16.219999313354492,16.219999313354492,16.200000762939453,16.200000762939453,1321,0.0,0.0
2024-07-24 11:38:00-04:00,16.200000762939453,16.21299934387207,16.19499969482422,16.21299934387207,1771,0.0,0.0
2024-07-24 11:39:00-04:00,16.219999313354492,16.219999313354492,16.190000534057617,16.190000534057617,782,0.0,0.0
2024-07-24 11:40:00-04:00,16.184999465942383,16.190000534057617,16.18000030517578,16.181100845336914,1678,0.0,0.0
2024-07-24 11:41:00-04:00,16.186899185180664,16.209999084472656,16.184999465942383,16.209999084472656,3000,0.0,0.0
2024-07-24 11:42:00-04:00,16.219999313354492,16.239999771118164,16.219999313354492,16.235000610351562,14248,0.0,0.0
2024-07-24 11:43:00-04:00,16.239999771118164,16.2450008392334,16.229999542236328,16.229999542236328,2011,0.0,0.0
2024-07-24 11:44:00-04:00,16.239999771118164,16.239999771118164,16.239999771118164,16.239999771118164,891,0.0,0.0
2024-07-24 11:45:00-04:00,16.239999771118164,16.2450008392334,16.239999771118164,16.2450008392334,620,0.0,0.0
2024-07-24 11:46:00-04:00,16.2450008392334,16.2549991607666,16.229999542236328,16.229999542236328,3197,0.0,0.0
2024-07-24 11:47:00-04:00,16.209999084472656,16.209999084472656,16.19499969482422,16.200000762939453,521,0.0,0.0
2024-07-24 11:48:00-04:00,16.209999084472656,16.209999084472656,16.200000762939453,16.200000762939453,577,0.0,0.0
2024-07-24 11:49:00-04:00,16.19099998474121,16.229999542236328,16.19099998474121,16.229999542236328,2139,0.0,0.0
2024-07-24 11:50:00-04:00,16.239999771118164,16.2549991607666,16.239999771118164,16.2549991607666,2033,0.0,0.0
2024-07-24 11:51:00-04:00,16.2549991607666,16.270000457763672,16.2549991607666,16.270000457763672,2706,0.0,0.0
2024-07-24 11:52:00-04:00,16.260000228881836,16.260000228881836,16.209999084472656,16.209999084472656,1626,0.0,0.0
2024-07-24 11:53:00-04:00,16.229999542236328,16.229999542236328,16.219999313354492,16.219999313354492,261,0.0,0.0
2024-07-24 11:54:00-04:00,16.219999313354492,16.219999313354492,16.219999313354492,16.219999313354492,367,0.0,0.0
2024-07-24 11:55:00-04:00,16.209999084472656,16.211000442504883,16.200000762939453,16.200000762939453,895,0.0,0.0
2024-07-24 11:56:00-04:00,16.200000762939453,16.200000762939453,16.19499969482422,16.19499969482422,925,0.0,0.0
2024-07-24 11:58:00-04:00,16.19499969482422,16.19499969482422,16.190000534057617,16.190000534057617,223,0.0,0.0
2024-07-24 11:59:00-04:00,16.190000534057617,16.190000534057617,16.18000030517578,16.190000534057617,2836,0.0,0.0
2024-07-24 12:00:00-04:00,16.200000762939453,16.200000762939453,16.19499969482422,16.199899673461914,3339,0.0,0.0
2024-07-24 12:01:00-04:00,16.190000534057617,16.209999084472656,16.190000534057617,16.204999923706055,3349,0.0,0.0
2024-07-24 12:02:00-04:00,16.209999084472656,16.209999084472656,16.204999923706055,16.204999923706055,1909,0.0,0.0
2024-07-24 12:03:00-04:00,16.200000762939453,16.200000762939453,16.184999465942383,16.190000534057617,3983,0.0,0.0
2024-07-24 12:04:00-04:00,16.184999465942383,16.190000534057617,16.18000030517578,16.184999465942383,1137,0.0,0.0
2024-07-24 12:05:00-04:00,16.190000534057617,16.190000534057617,16.184999465942383,16.184999465942383,617,0.0,0.0
2024-07-24 12:06:00-04:00,16.190000534057617,16.21500015258789,16.190000534057617,16.190000534057617,4942,0.0,0.0
2024-07-24 12:07:00-04:00,16.190000534057617,16.190000534057617,16.18000030517578,16.18000030517578,999,0.0,0.0
2024-07-24 12:08:00-04:00,16.170000076293945,16.170000076293945,16.165000915527344,16.165000915527344,887,0.0,0.0
2024-07-24 12:09:00-04:00,16.170000076293945,16.18000030517578,16.165000915527344,16.18000030517578,2530,0.0,0.0
2024-07-24 12:10:00-04:00,16.184999465942383,16.209999084472656,16.184999465942383,16.204999923706055,3249,0.0,0.0
2024-07-24 12:11:00-04:00,16.209999084472656,16.239999771118164,16.209999084472656,16.219999313354492,3883,0.0,0.0
2024-07-24 12:12:00-04:00,16.219999313354492,16.219999313354492,16.204999923706055,16.204999923706055,651,0.0,0.0
2024-07-24 12:13:00-04:00,16.200000762939453,16.209999084472656,16.200000762939453,16.209999084472656,2335,0.0,0.0
2024-07-24 12:14:00-04:00,16.21500015258789,16.225000381469727,16.21500015258789,16.225000381469727,886,0.0,0.0
2024-07-24 12:15:00-04:00,16.229999542236328,16.25,16.229999542236328,16.25,3204,0.0,0.0
2024-07-24 12:16:00-04:00,16.2549991607666,16.2549991607666,16.2549991607666,16.2549991607666,593,0.0,0.0
2024-07-24 12:17:00-04:00,16.2549991607666,16.260000228881836,16.2549991607666,16.2549991607666,2442,0.0,0.0
2024-07-24 12:18:00-04:00,16.25,16.25,16.2450008392334,16.25,2525,0.0,0.0
2024-07-24 12:19:00-04:00,16.2450008392334,16.2450008392334,16.225000381469727,16.225000381469727,2249,0.0,0.0
2024-07-24 12:20:00-04:00,16.225000381469727,16.239999771118164,16.225000381469727,16.239999771118164,1401,0.0,0.0
2024-07-24 12:21:00-04:00,16.25,16.260000228881836,16.2450008392334,16.2450008392334,3816,0.0,0.0
2024-07-24 12:22:00-04:00,16.2450008392334,16.2450008392334,16.2450008392334,16.2450008392334,694,0.0,0.0
2024-07-24 12:23:00-04:00,16.239999771118164,16.239999771118164,16.235000610351562,16.235000610351562,1119,0.0,0.0
2024-07-24 12:24:00-04:00,16.235000610351562,16.239999771118164,16.235000610351562,16.235000610351562,2006,0.0,0.0
2024-07-24 12:25:00-04:00,16.235000610351562,16.239999771118164,16.235000610351562,16.235000610351562,916,0.0,0.0
2024-07-24 12:26:00-04:00,16.229999542236328,16.229999542236328,16.225000381469727,16.229999542236328,1051,0.0,0.0
2024-07-24 12:27:00-04:00,16.219999313354492,16.219999313354492,16.210800170898438,16.21500015258789,2840,0.0,0.0
2024-07-24 12:28:00-04:00,16.21500015258789,16.225000381469727,16.21500015258789,16.225000381469727,2941,0.0,0.0
2024-07-24 12:29:00-04:00,16.225000381469727,16.229999542236328,16.225000381469727,16.225000381469727,1306,0.0,0.0
2024-07-24 12:30:00-04:00,16.229999542236328,16.229999542236328,16.21500015258789,16.225000381469727,2920,0.0,0.0
2024-07-24 12:31:00-04:00,16.225000381469727,16.225000381469727,16.18000030517578,16.204999923706055,10217,0.0,0.0
2024-07-24 12:32:00-04:00,16.219999313354492,16.219999313354492,16.219999313354492,16.219999313354492,115,0.0,0.0
2024-07-24 12:33:00-04:00,16.21500015258789,16.21500015258789,16.209999084472656,16.209999084472656,584,0.0,0.0
2024-07-24 12:34:00-04:00,16.21500015258789,16.21500015258789,16.209999084472656,16.209999084472656,2263,0.0,0.0
2024-07-24 12:35:00-04:00,16.21500015258789,16.219999313354492,16.21500015258789,16.219999313354492,687,0.0,0.0
2024-07-24 12:36:00-04:00,16.219999313354492,16.219999313354492,16.200000762939453,16.204999923706055,919,0.0,0.0
2024-07-24 12:37:00-04:00,16.200000762939453,16.204999923706055,16.19499969482422,16.204999923706055,4335,0.0,0.0
2024-07-24 12:38:00-04:00,16.201000213623047,16.204999923706055,16.19499969482422,16.19499969482422,6141,0.0,0.0
2024-07-24 12:39:00-04:00,16.200000762939453,16.200000762939453,16.190000534057617,16.190099716186523,3275,0.0,0.0
2024-07-24 12:40:00-04:00,16.19499969482422,16.19499969482422,16.18000030517578,16.19499969482422,6528,0.0,0.0
2024-07-24 12:41:00-04:00,16.19499969482422,16.19499969482422,16.190200805664062,16.19499969482422,1723,0.0,0.0
2024-07-24 12:42:00-04:00,16.19499969482422,16.19499969482422,16.19499969482422,16.19499969482422,1130,0.0,0.0
2024-07-24 12:43:00-04:00,16.190000534057617,16.190000534057617,16.15999984741211,16.15999984741211,5345,0.0,0.0
2024-07-24 12:44:00-04:00,16.15999984741211,16.174999237060547,16.15999984741211,16.174999237060547,1847,0.0,0.0
2024-07-24 12:45:00-04:00,16.174999237060547,16.179000854492188,16.17009925842285,16.174999237060547,1370,0.0,0.0
2024-07-24 12:46:00-04:00,16.170000076293945,16.200000762939453,16.15999984741211,16.19499969482422,6723,0.0,0.0
2024-07-24 12:47:00-04:00,16.19499969482422,16.200000762939453,16.19499969482422,16.200000762939453,1009,0.0,0.0
2024-07-24 12:48:00-04:00,16.209999084472656,16.209999084472656,16.184999465942383,16.19499969482422,2103,0.0,0.0
2024-07-24 12:49:00-04:00,16.200000762939453,16.204999923706055,16.190000534057617,16.200000762939453,1422,0.0,0.0
2024-07-24 12:50:00-04:00,16.190000534057617,16.190000534057617,16.184999465942383,16.184999465942383,960,0.0,0.0
2024-07-24 12:51:00-04:00,16.190000534057617,16.190000534057617,16.184999465942383,16.184999465942383,1906,0.0,0.0
2024-07-24 12:52:00-04:00,16.184999465942383,16.200000762939453,16.184999465942383,16.19499969482422,2418,0.0,0.0
2024-07-24 12:53:00-04:00,16.200000762939453,16.200000762939453,16.200000762939453,16.200000762939453,728,0.0,0.0
2024-07-24 12:54:00-04:00,16.190000534057617,16.19499969482422,16.184999465942383,16.19499969482422,1768,0.0,0.0
2024-07-24 12:55:00-04:00,16.19499969482422,16.19499969482422,16.19499969482422,16.19499969482422,101,0.0,0.0
2024-07-24 12:56:00-04:00,16.19499969482422,16.19499969482422,16.190000534057617,16.190000534057617,1202,0.0,0.0
2024-07-24 12:57:00-04:00,16.184999465942383,16.209999084472656,16.184999465942383,16.204999923706055,4306,0.0,0.0
2024-07-24 12:58:00-04:00,16.200000762939453,16.200000762939453,16.19499969482422,16.19499969482422,1849,0.0,0.0
2024-07-24 12:59:00-04:00,16.19499969482422,16.200000762939453,16.19499969482422,16.200000762939453,5146,0.0,0.0
2024-07-24 13:00:00-04:00,16.19499969482422,16.20989990234375,16.19499969482422,16.20989990234375,1417,0.0,0.0
2024-07-24 13:02:00-04:00,16.200000762939453,16.200000762939453,16.149999618530273,16.149999618530273,2593,0.0,0.0
2024-07-24 13:03:00-04:00,16.149999618530273,16.149999618530273,16.110000610351562,16.125,5530,0.0,0.0
2024-07-24 13:04:00-04:00,16.1299991607666,16.135000228881836,16.079999923706055,16.079999923706055,15086,0.0,0.0
2024-07-24 13:05:00-04:00,16.09000015258789,16.149999618530273,16.09000015258789,16.135000228881836,17379,0.0,0.0
2024-07-24 13:06:00-04:00,16.155000686645508,16.15999984741211,16.135000228881836,16.15999984741211,3337,0.0,0.0
2024-07-24 13:07:00-04:00,16.170000076293945,16.170000076293945,16.170000076293945,16.170000076293945,220,0.0,0.0
2024-07-24 13:08:00-04:00,16.18000030517578,16.184999465942383,16.18000030517578,16.184999465942383,1155,0.0,0.0
2024-07-24 13:10:00-04:00,16.18000030517578,16.18000030517578,16.18000030517578,16.18000030517578,143,0.0,0.0
2024-07-24 13:11:00-04:00,16.174999237060547,16.174999237060547,16.170000076293945,16.170000076293945,1176,0.0,0.0
2024-07-24 13:12:00-04:00,16.170000076293945,16.170000076293945,16.170000076293945,16.170000076293945,129,0.0,0.0
2024-07-24 13:13:00-04:00,16.170000076293945,16.170000076293945,16.170000076293945,16.170000076293945,436,0.0,0.0
2024-07-24 13:14:00-04:00,16.149999618530273,16.149999618530273,16.149999618530273,16.149999618530273,307,0.0,0.0
2024-07-24 13:15:00-04:00,16.145000457763672,16.155000686645508,16.145000457763672,16.155000686645508,1107,0.0,0.0
2024-07-24 13:16:00-04:00,16.149999618530273,16.149999618530273,16.145000457763672,16.145000457763672,808,0.0,0.0
2024-07-24 13:17:00-04:00,16.149999618530273,16.149999618530273,16.139999389648438,16.139999389648438,1790,0.0,0.0
2024-07-24 13:18:00-04:00,16.1200008392334,16.1200008392334,16.114999771118164,16.1200008392334,1769,0.0,0.0
2024-07-24 13:19:00-04:00,16.125,16.125,16.125,16.125,313,0.0,0.0
2024-07-24 13:20:00-04:00,16.125,16.135000228881836,16.125,16.1299991607666,4413,0.0,0.0
2024-07-24 13:21:00-04:00,16.139999389648438,16.145000457763672,16.139999389648438,16.145000457763672,1429,0.0,0.0
2024-07-24 13:22:00-04:00,16.145000457763672,16.145000457763672,16.145000457763672,16.145000457763672,461,0.0,0.0
2024-07-24 13:23:00-04:00,16.139999389648438,16.139999389648438,16.139999389648438,16.139999389648438,2569,0.0,0.0
2024-07-24 13:25:00-04:00,16.149999618530273,16.149999618530273,16.149999618530273,16.149999618530273,1530,0.0,0.0
2024-07-24 13:26:00-04:00,16.15999984741211,16.15999984741211,16.149999618530273,16.149999618530273,1721,0.0,0.0
2024-07-24 13:27:00-04:00,16.145000457763672,16.145000457763672,16.145000457763672,16.145000457763672,253,0.0,0.0
2024-07-24 13:28:00-04:00,16.139999389648438,16.139999389648438,16.1299991607666,16.135000228881836,3248,0.0,0.0
2024-07-24 13:29:00-04:00,16.139999389648438,16.139999389648438,16.135000228881836,16.135000228881836,566,0.0,0.0
2024-07-24 13:30:00-04:00,16.135000228881836,16.139999389648438,16.125,16.139999389648438,3220,0.0,0.0
2024-07-24 13:31:00-04:00,16.135000228881836,16.135000228881836,16.135000228881836,16.135000228881836,453,0.0,0.0
2024-07-24 13:32:00-04:00,16.139999389648438,16.139999389648438,16.139999389648438,16.139999389648438,599,0.0,0.0
2024-07-24 13:33:00-04:00,16.135000228881836,16.139999389648438,16.13010025024414,16.139999389648438,6160,0.0,0.0
2024-07-24 13:34:00-04:00,16.149999618530273,16.149999618530273,16.145000457763672,16.149999618530273,3284,0.0,0.0
2024-07-24 13:35:00-04:00,16.149999618530273,16.149999618530273,16.149999618530273,16.149999618530273,488,0.0,0.0
2024-07-24 13:36:00-04:00,16.155000686645508,16.155000686645508,16.155000686645508,16.155000686645508,879,0.0,0.0
2024-07-24 13:37:00-04:00,16.15999984741211,16.15999984741211,16.15999984741211,16.15999984741211,1426,0.0,0.0
2024-07-24 13:38:00-04:00,16.155000686645508,16.170000076293945,16.155000686645508,16.170000076293945,1512,0.0,0.0
2024-07-24 13:39:00-04:00,16.165000915527344,16.165000915527344,16.145000457763672,16.149999618530273,6214,0.0,0.0
2024-07-24 13:41:00-04:00,16.155000686645508,16.15999984741211,16.155000686645508,16.15999984741211,1476,0.0,0.0
2024-07-24 13:42:00-04:00,16.15999984741211,16.15999984741211,16.149999618530273,16.149999618530273,1391,0.0,0.0
2024-07-24 13:44:00-04:00,16.145000457763672,16.149999618530273,16.145000457763672,16.149999618530273,1150,0.0,0.0
2024-07-24 13:47:00-04:00,16.149999618530273,16.149999618530273,16.149999618530273,16.149999618530273,316,0.0,0.0
2024-07-24 13:49:00-04:00,16.150100708007812,16.155000686645508,16.149999618530273,16.155000686645508,5669,0.0,0.0
2024-07-24 13:50:00-04:00,16.154800415039062,16.154800415039062,16.154800415039062,16.154800415039062,283,0.0,0.0
2024-07-24 13:51:00-04:00,16.15999984741211,16.15999984741211,16.149999618530273,16.149999618530273,2246,0.0,0.0
2024-07-24 13:52:00-04:00,16.149999618530273,16.149999618530273,16.145000457763672,16.145000457763672,2161,0.0,0.0
2024-07-24 13:53:00-04:00,16.149999618530273,16.149999618530273,16.149999618530273,16.149999618530273,266,0.0,0.0
2024-07-24 13:54:00-04:00,16.149999618530273,16.15999984741211,16.149999618530273,16.15999984741211,1993,0.0,0.0
2024-07-24 13:55:00-04:00,16.149999618530273,16.15999984741211,16.149999618530273,16.15999984741211,546,0.0,0.0
2024-07-24 13:56:00-04:00,16.15999984741211,16.165000915527344,16.15999984741211,16.165000915527344,998,0.0,0.0
2024-07-24 13:57:00-04:00,16.149999618530273,16.149999618530273,16.135000228881836,16.145000457763672,3753,0.0,0.0
2024-07-24 13:58:00-04:00,16.139999389648438,16.139999389648438,16.1299991607666,16.139999389648438,4331,0.0,0.0
2024-07-24 13:59:00-04:00,16.135000228881836,16.135000228881836,16.135000228881836,16.135000228881836,237,0.0,0.0
2024-07-24 14:00:00-04:00,16.135000228881836,16.135000228881836,16.135000228881836,16.135000228881836,590,0.0,0.0
2024-07-24 14:01:00-04:00,16.131999969482422,16.135000228881836,16.1200008392334,16.135000228881836,8822,0.0,0.0
2024-07-24 14:02:00-04:00,16.139999389648438,16.15999984741211,16.139999389648438,16.15999984741211,3811,0.0,0.0
2024-07-24 14:03:00-04:00,16.149999618530273,16.149999618530273,16.14900016784668,16.14900016784668,1561,0.0,0.0
2024-07-24 14:04:00-04:00,16.149999618530273,16.149999618530273,16.145000457763672,16.145000457763672,703,0.0,0.0
2024-07-24 14:06:00-04:00,16.145000457763672,16.149999618530273,16.145000457763672,16.149999618530273,1624,0.0,0.0
2024-07-24 14:07:00-04:00,16.155000686645508,16.15999984741211,16.155000686645508,16.15999984741211,1217,0.0,0.0
2024-07-24 14:08:00-04:00,16.170000076293945,16.174999237060547,16.165000915527344,16.174999237060547,2252,0.0,0.0
2024-07-24 14:09:00-04:00,16.174999237060547,16.174999237060547,16.174999237060547,16.174999237060547,391,0.0,0.0
2024-07-24 14:10:00-04:00,16.174999237060547,16.18000030517578,16.174999237060547,16.17919921875,650,0.0,0.0
2024-07-24 14:11:00-04:00,16.170000076293945,16.170000076293945,16.170000076293945,16.170000076293945,3044,0.0,0.0
2024-07-24 14:12:00-04:00,16.174999237060547,16.174999237060547,16.155000686645508,16.155000686645508,1026,0.0,0.0
2024-07-24 14:13:00-04:00,16.155000686645508,16.155000686645508,16.145000457763672,16.145000457763672,1117,0.0,0.0
2024-07-24 14:14:00-04:00,16.145000457763672,16.15999984741211,16.145000457763672,16.15999984741211,2873,0.0,0.0
2024-07-24 14:15:00-04:00,16.155000686645508,16.155000686645508,16.145000457763672,16.149999618530273,1265,0.0,0.0
2024-07-24 14:17:00-04:00,16.139999389648438,16.139999389648438,16.135000228881836,16.139999389648438,4136,0.0,0.0
2024-07-24 14:18:00-04:00,16.135000228881836,16.135000228881836,16.135000228881836,16.135000228881836,141,0.0,0.0
2024-07-24 14:19:00-04:00,16.135000228881836,16.135000228881836,16.1200008392334,16.1200008392334,1977,0.0,0.0
2024-07-24 14:20:00-04:00,16.125,16.125,16.125,16.125,456,0.0,0.0
2024-07-24 14:21:00-04:00,16.1200008392334,16.125,16.114999771118164,16.114999771118164,2645,0.0,0.0
2024-07-24 14:23:00-04:00,16.1200008392334,16.1200008392334,16.1200008392334,16.1200008392334,1216,0.0,0.0
2024-07-24 14:24:00-04:00,16.114999771118164,16.1200008392334,16.114999771118164,16.1200008392334,1991,0.0,0.0
2024-07-24 14:25:00-04:00,16.129899978637695,16.149999618530273,16.129899978637695,16.145000457763672,3746,0.0,0.0
2024-07-24 14:26:00-04:00,16.139999389648438,16.139999389648438,16.11009979248047,16.11009979248047,1914,0.0,0.0
2024-07-24 14:27:00-04:00,16.110000610351562,16.114999771118164,16.100000381469727,16.114999771118164,3003,0.0,0.0
2024-07-24 14:28:00-04:00,16.114999771118164,16.114999771118164,16.114999771118164,16.114999771118164,588,0.0,0.0
2024-07-24 14:30:00-04:00,16.1200008392334,16.1200008392334,16.1200008392334,16.1200008392334,1585,0.0,0.0
2024-07-24 14:31:00-04:00,16.1299991607666,16.135000228881836,16.1299991607666,16.135000228881836,4155,0.0,0.0
2024-07-24 14:32:00-04:00,16.139999389648438,16.139999389648438,16.135000228881836,16.135000228881836,600,0.0,0.0
2024-07-24 14:33:00-04:00,16.135000228881836,16.135000228881836,16.135000228881836,16.135000228881836,1180,0.0,0.0
2024-07-24 14:34:00-04:00,16.139999389648438,16.145000457763672,16.1299991607666,16.1299991607666,8010,0.0,0.0
2024-07-24 14:35:00-04:00,16.110000610351562,16.110000610351562,16.100099563598633,16.110000610351562,4908,0.0,0.0
2024-07-24 14:36:00-04:00,16.100000381469727,16.10540008544922,16.094999313354492,16.100000381469727,1987,0.0,0.0
2024-07-24 14:37:00-04:00,16.100000381469727,16.104999542236328,16.100000381469727,16.104999542236328,2302,0.0,0.0
2024-07-24 14:38:00-04:00,16.09000015258789,16.094999313354492,16.079999923706055,16.079999923706055,8821,0.0,0.0
2024-07-24 14:39:00-04:00,16.075000762939453,16.075000762939453,16.06999969482422,16.075000762939453,3525,0.0,0.0
2024-07-24 14:40:00-04:00,16.06999969482422,16.06999969482422,16.06999969482422,16.06999969482422,817,0.0,0.0
2024-07-24 14:41:00-04:00,16.06999969482422,16.075000762939453,16.059999465942383,16.059999465942383,2519,0.0,0.0
2024-07-24 14:42:00-04:00,16.065000534057617,16.065000534057617,16.059999465942383,16.059999465942383,1288,0.0,0.0
2024-07-24 14:43:00-04:00,16.05500030517578,16.05500030517578,16.03499984741211,16.03499984741211,2639,0.0,0.0
2024-07-24 14:44:00-04:00,16.030000686645508,16.030000686645508,16.010000228881836,16.010000228881836,2246,0.0,0.0
2024-07-24 14:45:00-04:00,16.0,16.0,15.979999542236328,15.989999771118164,2864,0.0,0.0
2024-07-24 14:46:00-04:00,15.994999885559082,15.994999885559082,15.989999771118164,15.989999771118164,2676,0.0,0.0
2024-07-24 14:47:00-04:00,15.979999542236328,15.979999542236328,15.970000267028809,15.970000267028809,1851,0.0,0.0
2024-07-24 14:48:00-04:00,15.960000038146973,15.960000038146973,15.949999809265137,15.949999809265137,1196,0.0,0.0
2024-07-24 14:50:00-04:00,15.944999694824219,15.949999809265137,15.920000076293945,15.920000076293945,2417,0.0,0.0
2024-07-24 14:51:00-04:00,15.90999984741211,15.90999984741211,15.899999618530273,15.899999618530273,638,0.0,0.0
2024-07-24 14:52:00-04:00,15.901000022888184,15.930000305175781,15.901000022888184,15.920000076293945,4189,0.0,0.0
2024-07-24 14:53:00-04:00,15.90999984741211,15.90999984741211,15.899999618530273,15.899999618530273,1091,0.0,0.0
2024-07-24 14:54:00-04:00,15.895000457763672,15.895000457763672,15.890000343322754,15.890000343322754,520,0.0,0.0
2024-07-24 14:55:00-04:00,15.895000457763672,15.925000190734863,15.895000457763672,15.925000190734863,3685,0.0,0.0
2024-07-24 14:56:00-04:00,15.920000076293945,15.920000076293945,15.920000076293945,15.920000076293945,2345,0.0,0.0
2024-07-24 14:57:00-04:00,15.920000076293945,15.920000076293945,15.914999961853027,15.920000076293945,1864,0.0,0.0
2024-07-24 14:58:00-04:00,15.930000305175781,15.930000305175781,15.920000076293945,15.920000076293945,1904,0.0,0.0
2024-07-24 14:59:00-04:00,15.920000076293945,15.920000076293945,15.899999618530273,15.920000076293945,4146,0.0,0.0
2024-07-24 15:00:00-04:00,15.920000076293945,15.9399995803833,15.914999961853027,15.9399995803833,2692,0.0,0.0
2024-07-24 15:01:00-04:00,15.930000305175781,15.930000305175781,15.880000114440918,15.880000114440918,2260,0.0,0.0
2024-07-24 15:02:00-04:00,15.854999542236328,15.880000114440918,15.854999542236328,15.880000114440918,2002,0.0,0.0
2024-07-24 15:03:00-04:00,15.880000114440918,15.880000114440918,15.875,15.875,2470,0.0,0.0
2024-07-24 15:04:00-04:00,15.875,15.875,15.864999771118164,15.869999885559082,4398,0.0,0.0
2024-07-24 15:05:00-04:00,15.875,15.890000343322754,15.869999885559082,15.880000114440918,4781,0.0,0.0
2024-07-24 15:06:00-04:00,15.869999885559082,15.875,15.864999771118164,15.864999771118164,1696,0.0,0.0
2024-07-24 15:07:00-04:00,15.864999771118164,15.869999885559082,15.864999771118164,15.864999771118164,841,0.0,0.0
2024-07-24 15:08:00-04:00,15.859999656677246,15.864999771118164,15.859999656677246,15.864999771118164,2044,0.0,0.0
2024-07-24 15:09:00-04:00,15.869999885559082,15.899999618530273,15.869999885559082,15.899299621582031,6247,0.0,0.0
2024-07-24 15:10:00-04:00,15.899999618530273,15.920000076293945,15.899999618530273,15.914999961853027,2998,0.0,0.0
2024-07-24 15:11:00-04:00,15.90999984741211,15.90999984741211,15.899999618530273,15.90999984741211,2239,0.0,0.0
2024-07-24 15:12:00-04:00,15.90999984741211,15.90999984741211,15.895000457763672,15.899999618530273,1418,0.0,0.0
2024-07-24 15:13:00-04:00,15.904999732971191,15.914999961853027,15.904999732971191,15.914999961853027,983,0.0,0.0
2024-07-24 15:14:00-04:00,15.90999984741211,15.90999984741211,15.899999618530273,15.899999618530273,1931,0.0,0.0
2024-07-24 15:15:00-04:00,15.899999618530273,15.90999984741211,15.880000114440918,15.909099578857422,4058,0.0,0.0
2024-07-24 15:16:00-04:00,15.90999984741211,15.930000305175781,15.90999984741211,15.930000305175781,3143,0.0,0.0
2024-07-24 15:17:00-04:00,15.925000190734863,15.925000190734863,15.914999961853027,15.914999961853027,2498,0.0,0.0
2024-07-24 15:18:00-04:00,15.914999961853027,15.914999961853027,15.914999961853027,15.914999961853027,1581,0.0,0.0
2024-07-24 15:19:00-04:00,15.914999961853027,15.914999961853027,15.90999984741211,15.90999984741211,3177,0.0,0.0
2024-07-24 15:20:00-04:00,15.914999961853027,15.9350004196167,15.914999961853027,15.920000076293945,4538,0.0,0.0
2024-07-24 15:21:00-04:00,15.925000190734863,15.925000190734863,15.925000190734863,15.925000190734863,388,0.0,0.0
2024-07-24 15:22:00-04:00,15.920000076293945,15.925000190734863,15.920000076293945,15.920000076293945,2395,0.0,0.0
2024-07-24 15:23:00-04:00,15.920000076293945,15.920000076293945,15.904999732971191,15.90999984741211,3829,0.0,0.0
2024-07-24 15:24:00-04:00,15.920000076293945,15.925000190734863,15.914999961853027,15.925000190734863,3381,0.0,0.0
2024-07-24 15:25:00-04:00,15.930000305175781,15.9399995803833,15.914999961853027,15.914999961853027,3466,0.0,0.0
2024-07-24 15:26:00-04:00,15.920000076293945,15.920000076293945,15.920000076293945,15.920000076293945,802,0.0,0.0
2024-07-24 15:27:00-04:00,15.90999984741211,15.90999984741211,15.899999618530273,15.899999618530273,3750,0.0,0.0
2024-07-24 15:28:00-04:00,15.890000343322754,15.895000457763672,15.885000228881836,15.890000343322754,2930,0.0,0.0
2024-07-24 15:29:00-04:00,15.890000343322754,15.890000343322754,15.875,15.885000228881836,2392,0.0,0.0
2024-07-24 15:30:00-04:00,15.880000114440918,15.880000114440918,15.869999885559082,15.875,2440,0.0,0.0
2024-07-24 15:31:00-04:00,15.885000228881836,15.885000228881836,15.869999885559082,15.869999885559082,2080,0.0,0.0
2024-07-24 15:32:00-04:00,15.875,15.899999618530273,15.875,15.899900436401367,6969,0.0,0.0
2024-07-24 15:33:00-04:00,15.899999618530273,15.920000076293945,15.899999618530273,15.914999961853027,4227,0.0,0.0
2024-07-24 15:34:00-04:00,15.914999961853027,15.920000076293945,15.90999984741211,15.914999961853027,5094,0.0,0.0
2024-07-24 15:35:00-04:00,15.90999984741211,15.9350004196167,15.90999984741211,15.925000190734863,3944,0.0,0.0
2024-07-24 15:36:00-04:00,15.925000190734863,15.9350004196167,15.925000190734863,15.9350004196167,1766,0.0,0.0
2024-07-24 15:37:00-04:00,15.9399995803833,15.954999923706055,15.9399995803833,15.954999923706055,3849,0.0,0.0
2024-07-24 15:38:00-04:00,15.949999809265137,15.954999923706055,15.949999809265137,15.954999923706055,1858,0.0,0.0
2024-07-24 15:39:00-04:00,15.949999809265137,15.960000038146973,15.949999809265137,15.954999923706055,6250,0.0,0.0
2024-07-24 15:40:00-04:00,15.949999809265137,15.984999656677246,15.949999809265137,15.984999656677246,5741,0.0,0.0
2024-07-24 15:41:00-04:00,15.979999542236328,15.979999542236328,15.960000038146973,15.960000038146973,4256,0.0,0.0
2024-07-24 15:42:00-04:00,15.960000038146973,15.960000038146973,15.9350004196167,15.9350004196167,4619,0.0,0.0
2024-07-24 15:43:00-04:00,15.930000305175781,15.930000305175781,15.930000305175781,15.930000305175781,612,0.0,0.0
2024-07-24 15:44:00-04:00,15.930000305175781,15.9350004196167,15.920000076293945,15.925000190734863,5572,0.0,0.0
2024-07-24 15:45:00-04:00,15.920000076293945,15.926600456237793,15.904999732971191,15.904999732971191,5635,0.0,0.0
2024-07-24 15:46:00-04:00,15.904999732971191,15.904999732971191,15.899999618530273,15.899999618530273,1753,0.0,0.0
2024-07-24 15:47:00-04:00,15.899999618530273,15.899999618530273,15.880000114440918,15.880000114440918,5232,0.0,0.0
2024-07-24 15:48:00-04:00,15.869999885559082,15.869999885559082,15.854999542236328,15.869999885559082,6525,0.0,0.0
2024-07-24 15:49:00-04:00,15.880000114440918,15.890000343322754,15.875,15.880000114440918,4117,0.0,0.0
2024-07-24 15:50:00-04:00,15.890000343322754,15.90999984741211,15.885000228881836,15.899999618530273,8673,0.0,0.0
2024-07-24 15:51:00-04:00,15.899999618530273,15.899999618530273,15.859999656677246,15.859999656677246,5124,0.0,0.0
2024-07-24 15:52:00-04:00,15.859999656677246,15.864999771118164,15.850000381469727,15.859999656677246,9355,0.0,0.0
2024-07-24 15:53:00-04:00,15.859999656677246,15.869999885559082,15.859999656677246,15.869999885559082,4566,0.0,0.0
2024-07-24 15:54:00-04:00,15.864999771118164,15.880000114440918,15.859999656677246,15.859999656677246,11032,0.0,0.0
2024-07-24 15:55:00-04:00,15.864999771118164,15.875,15.819999694824219,15.824999809265137,58444,0.0,0.0
2024-07-24 15:56:00-04:00,15.824999809265137,15.869999885559082,15.824999809265137,15.864999771118164,13814,0.0,0.0
2024-07-24 15:57:00-04:00,15.869999885559082,15.875,15.859999656677246,15.875,15254,0.0,0.0
2024-07-24 15:58:00-04:00,15.878700256347656,15.880000114440918,15.859999656677246,15.859999656677246,38504,0.0,0.0
2024-07-24 15:59:00-04:00,15.854999542236328,15.880000114440918,15.850000381469727,15.859999656677246,38670,0.0,0.0
2024-07-25 09:30:00-04:00,15.859999656677246,15.869999885559082,15.8100004196167,15.8100004196167,7322,0.0,0.0
2024-07-25 09:31:00-04:00,15.9399995803833,15.9399995803833,15.854999542236328,15.854999542236328,315,0.0,0.0
2024-07-25 09:32:00-04:00,15.800000190734863,15.930000305175781,15.800000190734863,15.880000114440918,1598,0.0,0.0
2024-07-25 09:33:00-04:00,15.880000114440918,15.90999984741211,15.869999885559082,15.90999984741211,424,0.0,0.0
2024-07-25 09:36:00-04:00,15.859999656677246,15.859999656677246,15.859999656677246,15.859999656677246,2643,0.0,0.0
2024-07-25 09:37:00-04:00,15.890000343322754,15.90999984741211,15.850000381469727,15.899999618530273,1831,0.0,0.0
2024-07-25 09:38:00-04:00,15.880000114440918,15.880000114440918,15.829999923706055,15.829999923706055,691,0.0,0.0
2024-07-25 09:39:00-04:00,15.850000381469727,15.850000381469727,15.800000190734863,15.800000190734863,2049,0.0,0.0
2024-07-25 09:40:00-04:00,15.819999694824219,15.850000381469727,15.819999694824219,15.84000015258789,868,0.0,0.0
2024-07-25 09:41:00-04:00,15.869999885559082,15.899999618530273,15.859999656677246,15.899999618530273,914,0.0,0.0
2024-07-25 09:42:00-04:00,15.90999984741211,15.90999984741211,15.90999984741211,15.90999984741211,388,0.0,0.0
2024-07-25 09:43:00-04:00,15.9399995803833,15.989999771118164,15.9399995803833,15.979999542236328,1920,0.0,0.0
2024-07-25 09:44:00-04:00,15.989999771118164,16.0,15.949999809265137,15.949999809265137,1087,0.0,0.0
2024-07-25 09:46:00-04:00,15.949999809265137,15.949999809265137,15.949999809265137,15.949999809265137,617,0.0,0.0
2024-07-25 09:47:00-04:00,15.90999984741211,15.90999984741211,15.880000114440918,15.880000114440918,654,0.0,0.0
2024-07-25 09:48:00-04:00,15.899999618530273,15.920000076293945,15.890000343322754,15.920000076293945,852,0.0,0.0
2024-07-25 09:49:00-04:00,15.930000305175781,16.0,15.90999984741211,16.0,4105,0.0,0.0
2024-07-25 09:50:00-04:00,16.040000915527344,16.040000915527344,16.040000915527344,16.040000915527344,345,0.0,0.0
2024-07-25 09:51:00-04:00,16.059999465942383,16.059999465942383,16.020000457763672,16.020000457763672,294,0.0,0.0
2024-07-25 09:52:00-04:00,16.020000457763672,16.020000457763672,16.0049991607666,16.020000457763672,1105,0.0,0.0
2024-07-25 09:53:00-04:00,16.020000457763672,16.020000457763672,15.989999771118164,16.000900268554688,3286,0.0,0.0
2024-07-25 09:54:00-04:00,16.020000457763672,16.059999465942383,16.020000457763672,16.040000915527344,1735,0.0,0.0
2024-07-25 09:56:00-04:00,16.03030014038086,16.06999969482422,16.03030014038086,16.06999969482422,679,0.0,0.0
2024-07-25 09:57:00-04:00,16.049999237060547,16.049999237060547,16.049999237060547,16.049999237060547,527,0.0,0.0
2024-07-25 09:59:00-04:00,16.079999923706055,16.079999923706055,16.030000686645508,16.030000686645508,1121,0.0,0.0
2024-07-25 10:00:00-04:00,16.020000457763672,16.030000686645508,15.960000038146973,15.960000038146973,4001,0.0,0.0
2024-07-25 10:01:00-04:00,15.970000267028809,15.970000267028809,15.9399995803833,15.944999694824219,1568,0.0,0.0
2024-07-25 10:02:00-04:00,15.9399995803833,15.9399995803833,15.859999656677246,15.859999656677246,1246,0.0,0.0
2024-07-25 10:03:00-04:00,15.869999885559082,15.880000114440918,15.869999885559082,15.880000114440918,557,0.0,0.0
2024-07-25 10:04:00-04:00,15.880000114440918,15.899999618530273,15.880000114440918,15.880000114440918,935,0.0,0.0
2024-07-25 10:05:00-04:00,15.899999618530273,15.920000076293945,15.890000343322754,15.90999984741211,2284,0.0,0.0
2024-07-25 10:06:00-04:00,15.920000076293945,15.920000076293945,15.899999618530273,15.90999984741211,1291,0.0,0.0
2024-07-25 10:07:00-04:00,15.90999984741211,15.920000076293945,15.90999984741211,15.920000076293945,628,0.0,0.0
2024-07-25 10:08:00-04:00,15.90999984741211,15.90999984741211,15.899999618530273,15.899999618530273,652,0.0,0.0
2024-07-25 10:09:00-04:00,15.899999618530273,15.90999984741211,15.899999618530273,15.899999618530273,598,0.0,0.0
2024-07-25 10:10:00-04:00,15.895000457763672,15.895000457763672,15.869999885559082,15.869999885559082,1387,0.0,0.0
2024-07-25 10:11:00-04:00,15.885000228881836,15.890000343322754,15.845000267028809,15.859999656677246,5027,0.0,0.0
2024-07-25 10:12:00-04:00,15.869999885559082,15.890000343322754,15.859999656677246,15.880000114440918,2257,0.0,0.0
2024-07-25 10:13:00-04:00,15.869999885559082,15.880000114440918,15.845000267028809,15.845000267028809,1579,0.0,0.0
2024-07-25 10:14:00-04:00,15.859999656677246,15.859999656677246,15.824999809265137,15.84000015258789,971,0.0,0.0
2024-07-25 10:15:00-04:00,15.850000381469727,15.920000076293945,15.850000381469727,15.920000076293945,3657,0.0,0.0
2024-07-25 10:16:00-04:00,15.920000076293945,15.920000076293945,15.890000343322754,15.920000076293945,2710,0.0,0.0
2024-07-25 10:17:00-04:00,15.930000305175781,15.930000305175781,15.899999618530273,15.90999984741211,1013,0.0,0.0
2024-07-25 10:18:00-04:00,15.9399995803833,15.9399995803833,15.90999984741211,15.920000076293945,716,0.0,0.0
2024-07-25 10:19:00-04:00,15.930000305175781,15.960000038146973,15.930000305175781,15.949999809265137,1953,0.0,0.0
2024-07-25 10:20:00-04:00,15.949999809265137,15.949999809265137,15.9350004196167,15.9350004196167,581,0.0,0.0
2024-07-25 10:21:00-04:00,15.930000305175781,15.9399995803833,15.920000076293945,15.9399995803833,1165,0.0,0.0
2024-07-25 10:22:00-04:00,15.9399995803833,15.954999923706055,15.9399995803833,15.954999923706055,978,0.0,0.0
2024-07-25 10:23:00-04:00,15.949999809265137,15.979999542236328,15.949999809265137,15.979999542236328,1069,0.0,0.0
2024-07-25 10:24:00-04:00,15.979999542236328,15.989999771118164,15.975000381469727,15.979999542236328,666,0.0,0.0
2024-07-25 10:25:00-04:00,15.970000267028809,15.970000267028809,15.960000038146973,15.970000267028809,1127,0.0,0.0
2024-07-25 10:26:00-04:00,15.970000267028809,15.989999771118164,15.970000267028809,15.989999771118164,724,0.0,0.0
2024-07-25 10:27:00-04:00,16.0,16.010000228881836,15.994999885559082,16.010000228881836,1677,0.0,0.0
2024-07-25 10:28:00-04:00,16.0,16.0,16.0,16.0,307,0.0,0.0
2024-07-25 10:29:00-04:00,15.979999542236328,15.979999542236328,15.954999923706055,15.954999923706055,855,0.0,0.0
2024-07-25 10:30:00-04:00,15.949999809265137,15.960000038146973,15.9399995803833,15.960000038146973,777,0.0,0.0
2024-07-25 10:31:00-04:00,15.949999809265137,15.949999809265137,15.930000305175781,15.930000305175781,911,0.0,0.0
2024-07-25 10:32:00-04:00,15.930000305175781,15.930000305175781,15.920000076293945,15.920000076293945,910,0.0,0.0
2024-07-25 10:34:00-04:00,15.90999984741211,15.90999984741211,15.90999984741211,15.90999984741211,145,0.0,0.0
2024-07-25 10:35:00-04:00,15.899999618530273,15.899999618530273,15.890000343322754,15.890000343322754,675,0.0,0.0
2024-07-25 10:36:00-04:00,15.885000228881836,15.904999732971191,15.885000228881836,15.890000343322754,857,0.0,0.0
2024-07-25 10:37:00-04:00,15.890000343322754,15.899999618530273,15.869999885559082,15.869999885559082,1890,0.0,0.0
2024-07-25 10:38:00-04:00,15.854999542236328,15.869999885559082,15.845000267028809,15.854999542236328,1422,0.0,0.0
2024-07-25 10:40:00-04:00,15.850000381469727,15.850000381469727,15.850000381469727,15.850000381469727,203,0.0,0.0
2024-07-25 10:41:00-04:00,15.859999656677246,15.880000114440918,15.859999656677246,15.880000114440918,1491,0.0,0.0
2024-07-25 10:43:00-04:00,15.909899711608887,15.930000305175781,15.909899711608887,15.930000305175781,721,0.0,0.0
2024-07-25 10:44:00-04:00,15.9399995803833,15.9399995803833,15.9399995803833,15.9399995803833,631,0.0,0.0
2024-07-25 10:45:00-04:00,15.960000038146973,15.960000038146973,15.95989990234375,15.960000038146973,417,0.0,0.0
2024-07-25 10:46:00-04:00,15.949999809265137,15.949999809265137,15.920000076293945,15.920000076293945,458,0.0,0.0
2024-07-25 10:47:00-04:00,15.90999984741211,15.90999984741211,15.904999732971191,15.90999984741211,1036,0.0,0.0
2024-07-25 10:48:00-04:00,15.899999618530273,15.914999961853027,15.899999618530273,15.914999961853027,724,0.0,0.0
2024-07-25 10:49:00-04:00,15.920000076293945,15.930000305175781,15.920000076293945,15.925000190734863,1335,0.0,0.0
2024-07-25 10:50:00-04:00,15.90999984741211,15.920000076293945,15.90999984741211,15.920000076293945,501,0.0,0.0
2024-07-25 10:51:00-04:00,15.930000305175781,15.949999809265137,15.930000305175781,15.9350004196167,1801,0.0,0.0
2024-07-25 10:52:00-04:00,15.9399995803833,15.9399995803833,15.930000305175781,15.9399995803833,1065,0.0,0.0
2024-07-25 10:53:00-04:00,15.9399995803833,15.960000038146973,15.9399995803833,15.960000038146973,933,0.0,0.0
2024-07-25 10:54:00-04:00,15.949999809265137,15.949999809265137,15.944999694824219,15.944999694824219,584,0.0,0.0
2024-07-25 10:55:00-04:00,15.930000305175781,15.944999694824219,15.930000305175781,15.9399995803833,1288,0.0,0.0
2024-07-25 10:56:00-04:00,15.950300216674805,15.960000038146973,15.950300216674805,15.960000038146973,1372,0.0,0.0
2024-07-25 10:57:00-04:00,15.960000038146973,15.970000267028809,15.960000038146973,15.970000267028809,898,0.0,0.0
2024-07-25 10:58:00-04:00,15.970000267028809,15.989999771118164,15.970000267028809,15.989999771118164,1180,0.0,0.0
2024-07-25 10:59:00-04:00,16.0,16.030000686645508,16.0,16.030000686645508,1858,0.0,0.0
2024-07-25 11:00:00-04:00,16.030000686645508,16.040000915527344,16.030000686645508,16.040000915527344,1422,0.0,0.0
2024-07-25 11:01:00-04:00,16.045000076293945,16.049999237060547,16.040000915527344,16.049999237060547,1678,0.0,0.0
2024-07-25 11:02:00-04:00,16.045000076293945,16.045000076293945,16.045000076293945,16.045000076293945,215,0.0,0.0
2024-07-25 11:04:00-04:00,16.049999237060547,16.049999237060547,16.049999237060547,16.049999237060547,870,0.0,0.0
2024-07-25 11:05:00-04:00,16.049999237060547,16.049999237060547,16.049999237060547,16.049999237060547,140,0.0,0.0
2024-07-25 11:06:00-04:00,16.049999237060547,16.049999237060547,16.049999237060547,16.049999237060547,668,0.0,0.0
2024-07-25 11:09:00-04:00,16.049999237060547,16.049999237060547,16.040000915527344,16.040000915527344,2634,0.0,0.0
2024-07-25 11:10:00-04:00,16.010000228881836,16.010000228881836,16.010000228881836,16.010000228881836,100,0.0,0.0
2024-07-25 11:11:00-04:00,16.010000228881836,16.024999618530273,16.0,16.0,3797,0.0,0.0
2024-07-25 11:12:00-04:00,16.010000228881836,16.049999237060547,16.010000228881836,16.049999237060547,1236,0.0,0.0
2024-07-25 11:13:00-04:00,16.059999465942383,16.079999923706055,16.059999465942383,16.065000534057617,1866,0.0,0.0
2024-07-25 11:14:00-04:00,16.049999237060547,16.049999237060547,16.010000228881836,16.020000457763672,2738,0.0,0.0
2024-07-25 11:15:00-04:00,16.020000457763672,16.030000686645508,16.014999389648438,16.030000686645508,773,0.0,0.0
2024-07-25 11:16:00-04:00,16.040000915527344,16.040000915527344,16.020000457763672,16.020000457763672,765,0.0,0.0
2024-07-25 11:17:00-04:00,16.040000915527344,16.049999237060547,16.030000686645508,16.049999237060547,7362,0.0,0.0
2024-07-25 11:18:00-04:00,16.040000915527344,16.059999465942383,16.040000915527344,16.059999465942383,419,0.0,0.0
2024-07-25 11:19:00-04:00,16.040000915527344,16.040000915527344,16.010000228881836,16.010000228881836,1426,0.0,0.0
2024-07-25 11:21:00-04:00,16.010000228881836,16.010000228881836,16.010000228881836,16.010000228881836,489,0.0,0.0
2024-07-25 11:23:00-04:00,16.020000457763672,16.020000457763672,16.020000457763672,16.020000457763672,0,0.0,0.0
2024-07-25 11:24:00-04:00,16.010000228881836,16.024999618530273,16.010000228881836,16.024999618530273,138329,0.0,0.0
2024-07-25 11:25:00-04:00,16.020000457763672,16.020000457763672,16.020000457763672,16.020000457763672,100,0.0,0.0
2024-07-25 11:27:00-04:00,16.040000915527344,16.040000915527344,16.040000915527344,16.040000915527344,2423,0.0,0.0
2024-07-25 11:28:00-04:00,16.040000915527344,16.040000915527344,16.040000915527344,16.040000915527344,556,0.0,0.0
2024-07-25 11:29:00-04:00,16.040000915527344,16.049999237060547,16.040000915527344,16.049999237060547,724,0.0,0.0
2024-07-25 11:30:00-04:00,16.049999237060547,16.049999237060547,16.049999237060547,16.049999237060547,523,0.0,0.0
2024-07-25 11:31:00-04:00,16.030000686645508,16.049999237060547,16.030000686645508,16.049999237060547,1254,0.0,0.0
2024-07-25 11:33:00-04:00,16.059999465942383,16.06999969482422,16.059999465942383,16.06999969482422,831,0.0,0.0
2024-07-25 11:34:00-04:00,16.079999923706055,16.079999923706055,16.06999969482422,16.06999969482422,1480,0.0,0.0
2024-07-25 11:35:00-04:00,16.059999465942383,16.059999465942383,16.059999465942383,16.059999465942383,118,0.0,0.0
2024-07-25 11:36:00-04:00,16.049999237060547,16.049999237060547,16.040000915527344,16.040000915527344,925,0.0,0.0
2024-07-25 11:37:00-04:00,16.030000686645508,16.030000686645508,16.030000686645508,16.030000686645508,103,0.0,0.0
2024-07-25 11:38:00-04:00,16.020000457763672,16.030000686645508,16.020000457763672,16.030000686645508,839,0.0,0.0
2024-07-25 11:39:00-04:00,16.040000915527344,16.040000915527344,16.030000686645508,16.030000686645508,976,0.0,0.0
2024-07-25 11:41:00-04:00,16.049100875854492,16.049100875854492,16.049100875854492,16.049100875854492,253,0.0,0.0
2024-07-25 11:42:00-04:00,16.030000686645508,16.030000686645508,16.030000686645508,16.030000686645508,329,0.0,0.0
2024-07-25 11:43:00-04:00,16.040000915527344,16.040000915527344,16.040000915527344,16.040000915527344,569,0.0,0.0
2024-07-25 11:44:00-04:00,16.030000686645508,16.040000915527344,16.030000686645508,16.040000915527344,940,0.0,0.0
2024-07-25 11:46:00-04:00,16.059999465942383,16.059999465942383,16.049999237060547,16.049999237060547,1046,0.0,0.0
2024-07-25 11:47:00-04:00,16.030000686645508,16.030000686645508,16.030000686645508,16.030000686645508,591,0.0,0.0
2024-07-25 11:48:00-04:00,16.028799057006836,16.028799057006836,16.028799057006836,16.028799057006836,119,0.0,0.0
2024-07-25 11:49:00-04:00,16.020000457763672,16.020000457763672,16.0,16.0,1087,0.0,0.0
2024-07-25 11:50:00-04:00,16.010000228881836,16.030000686645508,16.010000228881836,16.024999618530273,822,0.0,0.0
2024-07-25 11:51:00-04:00,16.02869987487793,16.03499984741211,16.02869987487793,16.03499984741211,762,0.0,0.0
2024-07-25 11:53:00-04:00,16.02549934387207,16.049999237060547,16.02549934387207,16.049999237060547,1931,0.0,0.0
2024-07-25 11:54:00-04:00,16.04010009765625,16.049999237060547,16.040000915527344,16.040000915527344,1075,0.0,0.0
2024-07-25 11:55:00-04:00,16.040000915527344,16.040000915527344,16.040000915527344,16.040000915527344,210,0.0,0.0
2024-07-25 11:56:00-04:00,16.059999465942383,16.06999969482422,16.059999465942383,16.06999969482422,434,0.0,0.0
2024-07-25 11:57:00-04:00,16.06999969482422,16.06999969482422,16.06879997253418,16.06999969482422,835,0.0,0.0
2024-07-25 11:58:00-04:00,16.059999465942383,16.059999465942383,16.059999465942383,16.059999465942383,2920,0.0,0.0
2024-07-25 11:59:00-04:00,16.06999969482422,16.06999969482422,16.059499740600586,16.059999465942383,836,0.0,0.0
2024-07-25 12:00:00-04:00,16.059999465942383,16.059999465942383,16.059999465942383,16.059999465942383,304,0.0,0.0
2024-07-25 12:01:00-04:00,16.05500030517578,16.05500030517578,16.05500030517578,16.05500030517578,207,0.0,0.0
2024-07-25 12:02:00-04:00,16.030000686645508,16.030000686645508,16.030000686645508,16.030000686645508,906,0.0,0.0
2024-07-25 12:03:00-04:00,16.020000457763672,16.020000457763672,16.020000457763672,16.020000457763672,361,0.0,0.0
2024-07-25 12:04:00-04:00,16.030000686645508,16.040000915527344,16.030000686645508,16.040000915527344,1505,0.0,0.0
2024-07-25 12:05:00-04:00,16.040000915527344,16.040000915527344,16.03499984741211,16.03499984741211,343,0.0,0.0
2024-07-25 12:06:00-04:00,16.030000686645508,16.030000686645508,16.020000457763672,16.030000686645508,460,0.0,0.0
2024-07-25 12:07:00-04:00,16.03499984741211,16.03499984741211,16.03499984741211,16.03499984741211,193,0.0,0.0
2024-07-25 12:08:00-04:00,16.040000915527344,16.040000915527344,16.040000915527344,16.040000915527344,295,0.0,0.0
2024-07-25 12:09:00-04:00,16.020000457763672,16.020000457763672,15.994999885559082,16.0,3872,0.0,0.0
2024-07-25 12:10:00-04:00,16.010000228881836,16.010000228881836,16.010000228881836,16.010000228881836,920,0.0,0.0
2024-07-25 12:12:00-04:00,16.010000228881836,16.010000228881836,16.010000228881836,16.010000228881836,376,0.0,0.0
2024-07-25 12:13:00-04:00,16.010000228881836,16.020000457763672,16.010000228881836,16.020000457763672,812,0.0,0.0
2024-07-25 12:14:00-04:00,16.010000228881836,16.010000228881836,16.010000228881836,16.010000228881836,942,0.0,0.0
2024-07-25 12:15:00-04:00,16.0,16.0,16.0,16.0,146,0.0,0.0
2024-07-25 12:17:00-04:00,16.010000228881836,16.040000915527344,16.009199142456055,16.040000915527344,1941,0.0,0.0
2024-07-25 12:18:00-04:00,16.049999237060547,16.075000762939453,16.049999237060547,16.075000762939453,1065,0.0,0.0
2024-07-25 12:19:00-04:00,16.07990074157715,16.07990074157715,16.06999969482422,16.06999969482422,934,0.0,0.0
2024-07-25 12:20:00-04:00,16.07069969177246,16.07069969177246,16.049999237060547,16.049999237060547,2222,0.0,0.0
2024-07-25 12:21:00-04:00,16.049999237060547,16.049999237060547,16.049999237060547,16.049999237060547,399,0.0,0.0
2024-07-25 12:22:00-04:00,16.059999465942383,16.06999969482422,16.059999465942383,16.06999969482422,1069,0.0,0.0
2024-07-25 12:23:00-04:00,16.06999969482422,16.06999969482422,16.069900512695312,16.069900512695312,385,0.0,0.0
2024-07-25 12:24:00-04:00,16.059999465942383,16.059999465942383,16.059999465942383,16.059999465942383,550,0.0,0.0
2024-07-25 12:25:00-04:00,16.059999465942383,16.059999465942383,16.059999465942383,16.059999465942383,565,0.0,0.0
2024-07-25 12:26:00-04:00,16.06999969482422,16.06999969482422,16.06999969482422,16.06999969482422,274,0.0,0.0
2024-07-25 12:27:00-04:00,16.079999923706055,16.079999923706055,16.079999923706055,16.079999923706055,801,0.0,0.0
2024-07-25 12:28:00-04:00,16.079999923706055,16.079999923706055,16.06999969482422,16.079999923706055,1088,0.0,0.0
2024-07-25 12:29:00-04:00,16.079999923706055,16.09000015258789,16.079999923706055,16.09000015258789,566,0.0,0.0
2024-07-25 12:30:00-04:00,16.079999923706055,16.079999923706055,16.075000762939453,16.075000762939453,691,0.0,0.0
2024-07-25 12:31:00-04:00,16.079999923706055,16.084999084472656,16.079999923706055,16.084999084472656,446,0.0,0.0
2024-07-25 12:32:00-04:00,16.09000015258789,16.09000015258789,16.09000015258789,16.09000015258789,319,0.0,0.0
2024-07-25 12:33:00-04:00,16.079999923706055,16.079999923706055,16.06999969482422,16.06999969482422,634,0.0,0.0
2024-07-25 12:34:00-04:00,16.079999923706055,16.079999923706055,16.075000762939453,16.075000762939453,377,0.0,0.0
2024-07-25 12:35:00-04:00,16.075000762939453,16.079999923706055,16.075000762939453,16.079999923706055,953,0.0,0.0
2024-07-25 12:37:00-04:00,16.079999923706055,16.084999084472656,16.079999923706055,16.079999923706055,1079,0.0,0.0
2024-07-25 12:38:00-04:00,16.09000015258789,16.104999542236328,16.09000015258789,16.104999542236328,3066,0.0,0.0
2024-07-25 12:39:00-04:00,16.100000381469727,16.100000381469727,16.100000381469727,16.100000381469727,222,0.0,0.0
2024-07-25 12:41:00-04:00,16.108999252319336,16.110000610351562,16.100000381469727,16.110000610351562,689,0.0,0.0
2024-07-25 12:44:00-04:00,16.110000610351562,16.110000610351562,16.094999313354492,16.100000381469727,1331,0.0,0.0
2024-07-25 12:45:00-04:00,16.099899291992188,16.100000381469727,16.094999313354492,16.100000381469727,1213,0.0,0.0
2024-07-25 12:46:00-04:00,16.100000381469727,16.100000381469727,16.09000015258789,16.100000381469727,1339,0.0,0.0
2024-07-25 12:47:00-04:00,16.09000015258789,16.09000015258789,16.079999923706055,16.079999923706055,875,0.0,0.0
2024-07-25 12:48:00-04:00,16.075000762939453,16.075000762939453,16.075000762939453,16.075000762939453,671,0.0,0.0
2024-07-25 12:50:00-04:00,16.06999969482422,16.06999969482422,16.06999969482422,16.06999969482422,827,0.0,0.0
2024-07-25 12:51:00-04:00,16.065000534057617,16.065000534057617,16.065000534057617,16.065000534057617,110,0.0,0.0
2024-07-25 12:52:00-04:00,16.059999465942383,16.06999969482422,16.05500030517578,16.06999969482422,1303,0.0,0.0
2024-07-25 12:53:00-04:00,16.075000762939453,16.075000762939453,16.06999969482422,16.06999969482422,590,0.0,0.0
2024-07-25 12:54:00-04:00,16.06999969482422,16.06999969482422,16.06999969482422,16.06999969482422,283,0.0,0.0
2024-07-25 12:55:00-04:00,16.079999923706055,16.09000015258789,16.079999923706055,16.08930015563965,1425,0.0,0.0
2024-07-25 12:56:00-04:00,16.084999084472656,16.084999084472656,16.084999084472656,16.084999084472656,157,0.0,0.0
2024-07-25 12:57:00-04:00,16.09000015258789,16.099599838256836,16.09000015258789,16.09000015258789,880,0.0,0.0
2024-07-25 12:58:00-04:00,16.09000015258789,16.09000015258789,16.079999923706055,16.079999923706055,623,0.0,0.0
2024-07-25 13:00:00-04:00,16.079999923706055,16.084999084472656,16.079999923706055,16.084999084472656,786,0.0,0.0
2024-07-25 13:01:00-04:00,16.079999923706055,16.09000015258789,16.079999923706055,16.09000015258789,401,0.0,0.0
2024-07-25 13:02:00-04:00,16.100000381469727,16.125,16.100000381469727,16.1200008392334,1732,0.0,0.0
2024-07-25 13:03:00-04:00,16.110000610351562,16.110000610351562,16.100000381469727,16.110000610351562,999,0.0,0.0
2024-07-25 13:04:00-04:00,16.110000610351562,16.110000610351562,16.09000015258789,16.09000015258789,749,0.0,0.0
2024-07-25 13:05:00-04:00,16.079999923706055,16.084999084472656,16.079999923706055,16.084999084472656,601,0.0,0.0
2024-07-25 13:06:00-04:00,16.09000015258789,16.100000381469727,16.09000015258789,16.100000381469727,488,0.0,0.0
2024-07-25 13:07:00-04:00,16.104999542236328,16.104999542236328,16.104999542236328,16.104999542236328,447,0.0,0.0
2024-07-25 13:09:00-04:00,16.100000381469727,16.110000610351562,16.100000381469727,16.110000610351562,579,0.0,0.0
2024-07-25 13:10:00-04:00,16.1200008392334,16.1299991607666,16.1200008392334,16.1299991607666,692,0.0,0.0
2024-07-25 13:11:00-04:00,16.1299991607666,16.139999389648438,16.129899978637695,16.1299991607666,7545,0.0,0.0
2024-07-25 13:12:00-04:00,16.1299991607666,16.1299991607666,16.125,16.1299991607666,559,0.0,0.0
2024-07-25 13:13:00-04:00,16.139999389648438,16.139999389648438,16.1200008392334,16.1200008392334,826,0.0,0.0
2024-07-25 13:14:00-04:00,16.110000610351562,16.110000610351562,16.100000381469727,16.100000381469727,652,0.0,0.0
2024-07-25 13:15:00-04:00,16.084999084472656,16.084999084472656,16.06999969482422,16.06999969482422,745,0.0,0.0
2024-07-25 13:16:00-04:00,16.06999969482422,16.075000762939453,16.06999969482422,16.075000762939453,595,0.0,0.0
2024-07-25 13:17:00-04:00,16.06999969482422,16.06999969482422,16.06999969482422,16.06999969482422,101,0.0,0.0
2024-07-25 13:18:00-04:00,16.059999465942383,16.059999465942383,16.049999237060547,16.049999237060547,564,0.0,0.0
2024-07-25 13:19:00-04:00,16.049999237060547,16.059999465942383,16.045000076293945,16.045000076293945,2395,0.0,0.0
2024-07-25 13:20:00-04:00,16.040000915527344,16.049999237060547,16.040000915527344,16.049999237060547,1789,0.0,0.0
2024-07-25 13:21:00-04:00,16.030000686645508,16.030000686645508,16.030000686645508,16.030000686645508,116,0.0,0.0
2024-07-25 13:22:00-04:00,16.020000457763672,16.020000457763672,16.010000228881836,16.010000228881836,772,0.0,0.0
2024-07-25 13:23:00-04:00,16.010000228881836,16.010000228881836,16.010000228881836,16.010000228881836,738,0.0,0.0
2024-07-25 13:24:00-04:00,15.994999885559082,16.0,15.989999771118164,15.989999771118164,861,0.0,0.0
2024-07-25 13:25:00-04:00,16.0,16.0,15.994999885559082,15.994999885559082,202,0.0,0.0
2024-07-25 13:26:00-04:00,16.0,16.0,15.9891996383667,15.9891996383667,874,0.0,0.0
2024-07-25 13:27:00-04:00,15.984999656677246,15.999899864196777,15.984999656677246,15.999899864196777,1830,0.0,0.0
2024-07-25 13:28:00-04:00,15.989999771118164,15.989999771118164,15.970000267028809,15.970000267028809,389,0.0,0.0
2024-07-25 13:29:00-04:00,15.949999809265137,15.949999809265137,15.949999809265137,15.949999809265137,178,0.0,0.0
2024-07-25 13:30:00-04:00,15.949999809265137,15.949999809265137,15.949999809265137,15.949999809265137,975,0.0,0.0
2024-07-25 13:31:00-04:00,15.949999809265137,15.949999809265137,15.949899673461914,15.949899673461914,227,0.0,0.0
2024-07-25 13:32:00-04:00,15.9399995803833,15.944999694824219,15.9399995803833,15.944999694824219,397,0.0,0.0
2024-07-25 13:34:00-04:00,15.930000305175781,15.930000305175781,15.920000076293945,15.920000076293945,1543,0.0,0.0
2024-07-25 13:35:00-04:00,15.920000076293945,15.930000305175781,15.920000076293945,15.930000305175781,2208,0.0,0.0
2024-07-25 13:36:00-04:00,15.930000305175781,15.9399995803833,15.899999618530273,15.899999618530273,5423,0.0,0.0
2024-07-25 13:37:00-04:00,15.904999732971191,15.904999732971191,15.899999618530273,15.899999618530273,541,0.0,0.0
2024-07-25 13:38:00-04:00,15.899999618530273,15.899999618530273,15.88029956817627,15.88029956817627,596,0.0,0.0
2024-07-25 13:39:00-04:00,15.885000228881836,15.885000228881836,15.885000228881836,15.885000228881836,193,0.0,0.0
2024-07-25 13:40:00-04:00,15.890000343322754,15.899999618530273,15.890000343322754,15.899999618530273,1604,0.0,0.0
2024-07-25 13:41:00-04:00,15.904999732971191,15.904999732971191,15.904999732971191,15.904999732971191,100,0.0,0.0
2024-07-25 13:42:00-04:00,15.904999732971191,15.909899711608887,15.899999618530273,15.904999732971191,2098,0.0,0.0
2024-07-25 13:44:00-04:00,15.904999732971191,15.904999732971191,15.899999618530273,15.899999618530273,454,0.0,0.0
2024-07-25 13:45:00-04:00,15.899999618530273,15.899999618530273,15.890000343322754,15.890000343322754,959,0.0,0.0
2024-07-25 13:46:00-04:00,15.890000343322754,15.890000343322754,15.869999885559082,15.880000114440918,2860,0.0,0.0
2024-07-25 13:48:00-04:00,15.880000114440918,15.880000114440918,15.880000114440918,15.880000114440918,153,0.0,0.0
2024-07-25 13:49:00-04:00,15.869999885559082,15.869999885559082,15.859999656677246,15.859999656677246,825,0.0,0.0
2024-07-25 13:50:00-04:00,15.850000381469727,15.850000381469727,15.845000267028809,15.845000267028809,359,0.0,0.0
2024-07-25 13:51:00-04:00,15.84000015258789,15.880000114440918,15.84000015258789,15.878800392150879,3278,0.0,0.0
2024-07-25 13:52:00-04:00,15.869999885559082,15.880000114440918,15.869999885559082,15.880000114440918,1492,0.0,0.0
2024-07-25 13:55:00-04:00,15.850000381469727,15.850000381469727,15.850000381469727,15.850000381469727,1039,0.0,0.0
2024-07-25 13:56:00-04:00,15.845000267028809,15.850000381469727,15.845000267028809,15.850000381469727,761,0.0,0.0
2024-07-25 13:58:00-04:00,15.859999656677246,15.869999885559082,15.859999656677246,15.869999885559082,1414,0.0,0.0
2024-07-25 13:59:00-04:00,15.869999885559082,15.869999885559082,15.859999656677246,15.859999656677246,1095,0.0,0.0
2024-07-25 14:00:00-04:00,15.850000381469727,15.850000381469727,15.84000015258789,15.84000015258789,971,0.0,0.0
2024-07-25 14:01:00-04:00,15.839699745178223,15.839699745178223,15.824999809265137,15.824999809265137,2016,0.0,0.0
2024-07-25 14:02:00-04:00,15.829999923706055,15.829999923706055,15.8149995803833,15.8149995803833,532,0.0,0.0
2024-07-25 14:03:00-04:00,15.8149995803833,15.8149995803833,15.8100004196167,15.8100004196167,228,0.0,0.0
2024-07-25 14:04:00-04:00,15.8100004196167,15.8149995803833,15.805000305175781,15.8100004196167,966,0.0,0.0
2024-07-25 14:05:00-04:00,15.805000305175781,15.8100004196167,15.800000190734863,15.8100004196167,1035,0.0,0.0
2024-07-25 14:06:00-04:00,15.8100004196167,15.8149995803833,15.8100004196167,15.8149995803833,1681,0.0,0.0
2024-07-25 14:07:00-04:00,15.8100004196167,15.8100004196167,15.8100004196167,15.8100004196167,170,0.0,0.0
2024-07-25 14:08:00-04:00,15.8100004196167,15.8100004196167,15.779999732971191,15.779999732971191,4157,0.0,0.0
2024-07-25 14:09:00-04:00,15.779999732971191,15.78499984741211,15.779999732971191,15.779999732971191,820,0.0,0.0
2024-07-25 14:10:00-04:00,15.779999732971191,15.779999732971191,15.760000228881836,15.760000228881836,709,0.0,0.0
2024-07-25 14:11:00-04:00,15.760000228881836,15.770000457763672,15.760000228881836,15.770000457763672,1905,0.0,0.0
2024-07-25 14:12:00-04:00,15.770000457763672,15.77299976348877,15.770000457763672,15.77299976348877,2644,0.0,0.0
2024-07-25 14:13:00-04:00,15.770000457763672,15.774999618530273,15.760000228881836,15.770000457763672,1367,0.0,0.0
2024-07-25 14:14:00-04:00,15.770000457763672,15.770000457763672,15.770000457763672,15.770000457763672,684,0.0,0.0
2024-07-25 14:15:00-04:00,15.760000228881836,15.760000228881836,15.75,15.75,471,0.0,0.0
2024-07-25 14:16:00-04:00,15.760000228881836,15.765000343322754,15.760000228881836,15.760000228881836,1109,0.0,0.0
2024-07-25 14:17:00-04:00,15.770000457763672,15.770000457763672,15.770000457763672,15.770000457763672,1694,0.0,0.0
2024-07-25 14:18:00-04:00,15.779999732971191,15.779999732971191,15.779999732971191,15.779999732971191,100,0.0,0.0
2024-07-25 14:19:00-04:00,15.770000457763672,15.770000457763672,15.76930046081543,15.76930046081543,1504,0.0,0.0
2024-07-25 14:20:00-04:00,15.770000457763672,15.770000457763672,15.765000343322754,15.765000343322754,1582,0.0,0.0
2024-07-25 14:21:00-04:00,15.768400192260742,15.770000457763672,15.768400192260742,15.770000457763672,3056,0.0,0.0
2024-07-25 14:22:00-04:00,15.770000457763672,15.774999618530273,15.770000457763672,15.774999618530273,581,0.0,0.0
2024-07-25 14:23:00-04:00,15.774999618530273,15.774999618530273,15.770000457763672,15.770000457763672,1155,0.0,0.0
2024-07-25 14:24:00-04:00,15.774999618530273,15.774999618530273,15.770000457763672,15.770000457763672,338,0.0,0.0
2024-07-25 14:25:00-04:00,15.770000457763672,15.774999618530273,15.770000457763672,15.770000457763672,1155,0.0,0.0
2024-07-25 14:26:00-04:00,15.779999732971191,15.800000190734863,15.774999618530273,15.774999618530273,3701,0.0,0.0
2024-07-25 14:27:00-04:00,15.765000343322754,15.765000343322754,15.755000114440918,15.755000114440918,697,0.0,0.0
2024-07-25 14:28:00-04:00,15.755000114440918,15.755000114440918,15.729999542236328,15.739999771118164,2869,0.0,0.0
2024-07-25 14:29:00-04:00,15.729999542236328,15.729999542236328,15.729999542236328,15.729999542236328,1149,0.0,0.0
2024-07-25 14:30:00-04:00,15.729999542236328,15.760000228881836,15.729999542236328,15.760000228881836,3932,0.0,0.0
2024-07-25 14:31:00-04:00,15.769399642944336,15.770000457763672,15.760000228881836,15.760000228881836,1320,0.0,0.0
2024-07-25 14:32:00-04:00,15.760000228881836,15.765000343322754,15.755000114440918,15.755000114440918,1195,0.0,0.0
2024-07-25 14:33:00-04:00,15.755000114440918,15.755000114440918,15.755000114440918,15.755000114440918,209,0.0,0.0
2024-07-25 14:34:00-04:00,15.755000114440918,15.760000228881836,15.755000114440918,15.760000228881836,912,0.0,0.0
2024-07-25 14:35:00-04:00,15.765000343322754,15.765000343322754,15.755000114440918,15.755000114440918,970,0.0,0.0
2024-07-25 14:36:00-04:00,15.75,15.75,15.739999771118164,15.744999885559082,974,0.0,0.0
2024-07-25 14:37:00-04:00,15.75,15.75,15.739999771118164,15.739999771118164,338,0.0,0.0
2024-07-25 14:38:00-04:00,15.739999771118164,15.739999771118164,15.739999771118164,15.739999771118164,335,0.0,0.0
2024-07-25 14:39:00-04:00,15.744999885559082,15.75,15.739999771118164,15.75,2681,0.0,0.0
2024-07-25 14:40:00-04:00,15.760000228881836,15.760000228881836,15.758899688720703,15.760000228881836,1944,0.0,0.0
2024-07-25 14:41:00-04:00,15.760000228881836,15.766799926757812,15.760000228881836,15.766799926757812,2531,0.0,0.0
2024-07-25 14:42:00-04:00,15.765000343322754,15.770000457763672,15.765000343322754,15.770000457763672,501,0.0,0.0
2024-07-25 14:43:00-04:00,15.765000343322754,15.765000343322754,15.744999885559082,15.744999885559082,1164,0.0,0.0
2024-07-25 14:44:00-04:00,15.729999542236328,15.765000343322754,15.729999542236328,15.765000343322754,107673,0.0,0.0
2024-07-25 14:45:00-04:00,15.765000343322754,15.765000343322754,15.744999885559082,15.755000114440918,2748,0.0,0.0
2024-07-25 14:46:00-04:00,15.75,15.75,15.739999771118164,15.739999771118164,1442,0.0,0.0
2024-07-25 14:47:00-04:00,15.739999771118164,15.75,15.729999542236328,15.729999542236328,1500,0.0,0.0
2024-07-25 14:48:00-04:00,15.725000381469727,15.725000381469727,15.710000038146973,15.710000038146973,2244,0.0,0.0
2024-07-25 14:49:00-04:00,15.710000038146973,15.710000038146973,15.674400329589844,15.674400329589844,1153,0.0,0.0
2024-07-25 14:50:00-04:00,15.675000190734863,15.6850004196167,15.670000076293945,15.6850004196167,4932,0.0,0.0
2024-07-25 14:51:00-04:00,15.680000305175781,15.680000305175781,15.670000076293945,15.670000076293945,1847,0.0,0.0
2024-07-25 14:52:00-04:00,15.670000076293945,15.670000076293945,15.65999984741211,15.65999984741211,2342,0.0,0.0
2024-07-25 14:54:00-04:00,15.65999984741211,15.65999984741211,15.649999618530273,15.649999618530273,1045,0.0,0.0
2024-07-25 14:55:00-04:00,15.649999618530273,15.65999984741211,15.645000457763672,15.65999984741211,3142,0.0,0.0
2024-07-25 14:56:00-04:00,15.664999961853027,15.680000305175781,15.664999961853027,15.680000305175781,2129,0.0,0.0
2024-07-25 14:57:00-04:00,15.6899995803833,15.710000038146973,15.6899995803833,15.710000038146973,2641,0.0,0.0
2024-07-25 14:58:00-04:00,15.720000267028809,15.723999977111816,15.720000267028809,15.723999977111816,412,0.0,0.0
2024-07-25 14:59:00-04:00,15.72599983215332,15.72599983215332,15.6850004196167,15.6850004196167,3787,0.0,0.0
2024-07-25 15:00:00-04:00,15.6899995803833,15.710000038146973,15.6899995803833,15.694999694824219,3729,0.0,0.0
2024-07-25 15:01:00-04:00,15.699999809265137,15.710000038146973,15.699999809265137,15.699999809265137,2151,0.0,0.0
2024-07-25 15:02:00-04:00,15.710000038146973,15.710000038146973,15.704999923706055,15.710000038146973,2402,0.0,0.0
2024-07-25 15:03:00-04:00,15.710000038146973,15.710000038146973,15.694999694824219,15.699999809265137,1339,0.0,0.0
2024-07-25 15:04:00-04:00,15.6899995803833,15.690999984741211,15.6899995803833,15.690999984741211,1164,0.0,0.0
2024-07-25 15:05:00-04:00,15.699999809265137,15.729999542236328,15.699999809265137,15.729999542236328,4362,0.0,0.0
2024-07-25 15:06:00-04:00,15.729999542236328,15.729999542236328,15.710000038146973,15.710000038146973,2635,0.0,0.0
2024-07-25 15:07:00-04:00,15.720000267028809,15.720000267028809,15.710000038146973,15.71500015258789,1219,0.0,0.0
2024-07-25 15:08:00-04:00,15.710000038146973,15.710000038146973,15.699999809265137,15.710000038146973,1531,0.0,0.0
2024-07-25 15:09:00-04:00,15.710000038146973,15.71500015258789,15.699999809265137,15.710000038146973,3202,0.0,0.0
2024-07-25 15:10:00-04:00,15.720000267028809,15.729999542236328,15.720000267028809,15.720000267028809,3471,0.0,0.0
2024-07-25 15:11:00-04:00,15.720000267028809,15.729999542236328,15.720000267028809,15.720000267028809,1923,0.0,0.0
2024-07-25 15:12:00-04:00,15.720000267028809,15.729999542236328,15.720000267028809,15.729999542236328,1232,0.0,0.0
2024-07-25 15:13:00-04:00,15.734999656677246,15.739999771118164,15.734999656677246,15.7391996383667,2452,0.0,0.0
2024-07-25 15:14:00-04:00,15.734999656677246,15.734999656677246,15.710000038146973,15.725000381469727,5001,0.0,0.0
2024-07-25 15:15:00-04:00,15.729999542236328,15.734999656677246,15.729999542236328,15.734999656677246,2167,0.0,0.0
2024-07-25 15:16:00-04:00,15.739999771118164,15.744999885559082,15.729999542236328,15.729999542236328,3111,0.0,0.0
2024-07-25 15:17:00-04:00,15.734999656677246,15.75,15.734999656677246,15.75,3879,0.0,0.0
2024-07-25 15:18:00-04:00,15.75,15.770000457763672,15.75,15.765000343322754,3995,0.0,0.0
2024-07-25 15:19:00-04:00,15.770000457763672,15.770000457763672,15.75,15.760000228881836,1413,0.0,0.0
2024-07-25 15:20:00-04:00,15.755000114440918,15.755000114440918,15.739999771118164,15.739999771118164,1092,0.0,0.0
2024-07-25 15:21:00-04:00,15.75,15.770000457763672,15.75,15.770000457763672,2470,0.0,0.0
2024-07-25 15:22:00-04:00,15.779999732971191,15.779999732971191,15.770000457763672,15.770000457763672,1653,0.0,0.0
2024-07-25 15:23:00-04:00,15.774999618530273,15.774999618530273,15.739999771118164,15.739999771118164,6264,0.0,0.0
2024-07-25 15:24:00-04:00,15.739999771118164,15.75,15.739999771118164,15.739999771118164,2075,0.0,0.0
2024-07-25 15:25:00-04:00,15.739999771118164,15.739999771118164,15.729999542236328,15.729999542236328,3182,0.0,0.0
2024-07-25 15:26:00-04:00,15.734999656677246,15.744999885559082,15.734999656677246,15.744999885559082,3558,0.0,0.0
2024-07-25 15:27:00-04:00,15.75,15.75,15.725000381469727,15.729999542236328,6520,0.0,0.0
2024-07-25 15:28:00-04:00,15.729999542236328,15.734999656677246,15.710000038146973,15.710000038146973,3613,0.0,0.0
2024-07-25 15:29:00-04:00,15.710000038146973,15.710000038146973,15.6899995803833,15.699999809265137,4944,0.0,0.0
2024-07-25 15:30:00-04:00,15.710000038146973,15.710000038146973,15.65999984741211,15.670000076293945,10132,0.0,0.0
2024-07-25 15:31:00-04:00,15.675000190734863,15.710000038146973,15.670000076293945,15.704999923706055,9429,0.0,0.0
2024-07-25 15:32:00-04:00,15.704999923706055,15.704999923706055,15.680000305175781,15.6850004196167,9112,0.0,0.0
2024-07-25 15:33:00-04:00,15.6850004196167,15.6899995803833,15.65999984741211,15.680000305175781,8118,0.0,0.0
2024-07-25 15:34:00-04:00,15.680000305175781,15.6899995803833,15.680000305175781,15.6850004196167,7190,0.0,0.0
2024-07-25 15:35:00-04:00,15.6850004196167,15.699999809265137,15.670000076293945,15.694999694824219,7211,0.0,0.0
2024-07-25 15:36:00-04:00,15.704999923706055,15.704999923706055,15.699999809265137,15.699999809265137,1614,0.0,0.0
2024-07-25 15:37:00-04:00,15.704999923706055,15.704999923706055,15.680000305175781,15.680000305175781,5280,0.0,0.0
2024-07-25 15:38:00-04:00,15.680000305175781,15.694999694824219,15.670000076293945,15.694999694824219,7786,0.0,0.0
2024-07-25 15:39:00-04:00,15.6899995803833,15.6899995803833,15.670000076293945,15.675000190734863,6119,0.0,0.0
2024-07-25 15:40:00-04:00,15.675000190734863,15.6899995803833,15.670000076293945,15.6850004196167,6126,0.0,0.0
2024-07-25 15:41:00-04:00,15.6850004196167,15.71500015258789,15.6850004196167,15.71500015258789,15614,0.0,0.0
2024-07-25 15:42:00-04:00,15.71500015258789,15.739999771118164,15.71500015258789,15.734999656677246,8766,0.0,0.0
2024-07-25 15:43:00-04:00,15.729999542236328,15.734999656677246,15.720000267028809,15.720000267028809,9232,0.0,0.0
2024-07-25 15:44:00-04:00,15.720000267028809,15.720000267028809,15.699999809265137,15.704999923706055,7881,0.0,0.0
2024-07-25 15:45:00-04:00,15.704999923706055,15.725000381469727,15.699999809265137,15.71500015258789,12195,0.0,0.0
2024-07-25 15:46:00-04:00,15.71500015258789,15.725000381469727,15.694999694824219,15.694999694824219,24193,0.0,0.0
2024-07-25 15:47:00-04:00,15.6899995803833,15.6899995803833,15.65999984741211,15.65999984741211,5403,0.0,0.0
2024-07-25 15:48:00-04:00,15.65999984741211,15.670000076293945,15.654999732971191,15.654999732971191,13568,0.0,0.0
2024-07-25 15:49:00-04:00,15.654999732971191,15.680000305175781,15.649999618530273,15.670000076293945,17886,0.0,0.0
2024-07-25 15:50:00-04:00,15.670000076293945,15.699999809265137,15.65999984741211,15.664999961853027,16024,0.0,0.0
2024-07-25 15:51:00-04:00,15.670000076293945,15.670000076293945,15.625,15.625,11667,0.0,0.0
2024-07-25 15:52:00-04:00,15.625,15.649999618530273,15.600000381469727,15.645000457763672,32065,0.0,0.0
2024-07-25 15:53:00-04:00,15.645000457763672,15.65999984741211,15.645000457763672,15.654999732971191,21709,0.0,0.0
2024-07-25 15:54:00-04:00,15.649999618530273,15.649999618530273,15.609999656677246,15.609999656677246,19960,0.0,0.0
2024-07-25 15:55:00-04:00,15.609999656677246,15.619999885559082,15.600000381469727,15.609999656677246,24385,0.0,0.0
2024-07-25 15:56:00-04:00,15.614999771118164,15.625,15.600000381469727,15.609999656677246,41800,0.0,0.0
2024-07-25 15:57:00-04:00,15.609999656677246,15.625,15.600000381469727,15.614999771118164,26187,0.0,0.0
2024-07-25 15:58:00-04:00,15.614999771118164,15.640000343322754,15.609999656677246,15.630000114440918,38377,0.0,0.0
2024-07-25 15:59:00-04:00,15.630000114440918,15.640000343322754,15.630000114440918,15.635000228881836,36526,0.0,0.0
2024-07-26 09:30:00-04:00,16.030000686645508,16.030000686645508,15.826700210571289,15.826700210571289,10482,0.0,0.0
2024-07-26 09:31:00-04:00,15.984999656677246,15.984999656677246,15.9399995803833,15.979999542236328,451,0.0,0.0
2024-07-26 09:32:00-04:00,15.96500015258789,16.020000457763672,15.96500015258789,16.020000457763672,397,0.0,0.0
2024-07-26 09:33:00-04:00,16.0049991607666,16.0049991607666,16.0049991607666,16.0049991607666,644,0.0,0.0
2024-07-26 09:34:00-04:00,16.040000915527344,16.079999923706055,16.0,16.079999923706055,4412,0.0,0.0
2024-07-26 09:35:00-04:00,16.079999923706055,16.18000030517578,16.079999923706055,16.149999618530273,7214,0.0,0.0
2024-07-26 09:36:00-04:00,16.1299991607666,16.139999389648438,16.1299991607666,16.139999389648438,1329,0.0,0.0
2024-07-26 09:37:00-04:00,16.100000381469727,16.100000381469727,16.06999969482422,16.06999969482422,460,0.0,0.0
2024-07-26 09:38:00-04:00,16.040000915527344,16.040000915527344,16.030000686645508,16.030000686645508,373,0.0,0.0
2024-07-26 09:39:00-04:00,16.020000457763672,16.020000457763672,16.010000228881836,16.010000228881836,661,0.0,0.0
2024-07-26 09:40:00-04:00,15.970000267028809,15.970000267028809,15.949999809265137,15.949999809265137,959,0.0,0.0
2024-07-26 09:41:00-04:00,15.9399995803833,15.970000267028809,15.9399995803833,15.970000267028809,430,0.0,0.0
2024-07-26 09:42:00-04:00,15.9399995803833,15.960000038146973,15.9399995803833,15.960000038146973,1702,0.0,0.0
2024-07-26 09:43:00-04:00,15.979999542236328,16.0,15.979999542236328,15.979999542236328,674,0.0,0.0
2024-07-26 09:44:00-04:00,16.014999389648438,16.030000686645508,16.010000228881836,16.010000228881836,1099,0.0,0.0
2024-07-26 09:45:00-04:00,16.010000228881836,16.010000228881836,16.010000228881836,16.010000228881836,336,0.0,0.0
2024-07-26 09:46:00-04:00,16.010000228881836,16.040000915527344,16.010000228881836,16.040000915527344,4556,0.0,0.0
2024-07-26 09:48:00-04:00,16.020000457763672,16.020000457763672,15.989999771118164,16.010000228881836,2524,0.0,0.0
2024-07-26 09:49:00-04:00,16.040000915527344,16.09000015258789,16.030000686645508,16.09000015258789,2504,0.0,0.0
2024-07-26 09:50:00-04:00,16.049999237060547,16.049999237060547,16.040000915527344,16.049999237060547,1842,0.0,0.0
2024-07-26 09:51:00-04:00,16.09000015258789,16.09000015258789,16.09000015258789,16.09000015258789,929,0.0,0.0
2024-07-26 09:52:00-04:00,16.084999084472656,16.1299991607666,16.079999923706055,16.1200008392334,5334,0.0,0.0
2024-07-26 09:53:00-04:00,16.1200008392334,16.1200008392334,16.1200008392334,16.1200008392334,248,0.0,0.0
2024-07-26 09:54:00-04:00,16.100000381469727,16.110000610351562,16.100000381469727,16.110000610351562,998,0.0,0.0
2024-07-26 09:55:00-04:00,16.1299991607666,16.1299991607666,16.1299991607666,16.1299991607666,763,0.0,0.0
2024-07-26 09:56:00-04:00,16.100000381469727,16.1200008392334,16.100000381469727,16.1200008392334,1625,0.0,0.0
2024-07-26 09:57:00-04:00,16.110000610351562,16.139999389648438,16.100000381469727,16.139999389648438,7771,0.0,0.0
2024-07-26 09:58:00-04:00,16.110000610351562,16.110000610351562,16.104999542236328,16.110000610351562,1984,0.0,0.0
2024-07-26 09:59:00-04:00,16.100000381469727,16.110000610351562,16.100000381469727,16.110000610351562,638,0.0,0.0
2024-07-26 10:00:00-04:00,16.100000381469727,16.139999389648438,16.100000381469727,16.1200008392334,3838,0.0,0.0
2024-07-26 10:01:00-04:00,16.1299991607666,16.170000076293945,16.1299991607666,16.170000076293945,2570,0.0,0.0
2024-07-26 10:02:00-04:00,16.179899215698242,16.190000534057617,16.170000076293945,16.190000534057617,3684,0.0,0.0
2024-07-26 10:03:00-04:00,16.18000030517578,16.209999084472656,16.18000030517578,16.190000534057617,2519,0.0,0.0
2024-07-26 10:04:00-04:00,16.18000030517578,16.19499969482422,16.139999389648438,16.139999389648438,8672,0.0,0.0
2024-07-26 10:05:00-04:00,16.139999389648438,16.149999618530273,16.125,16.1299991607666,49067,0.0,0.0
2024-07-26 10:06:00-04:00,16.155000686645508,16.200000762939453,16.155000686645508,16.200000762939453,677,0.0,0.0
2024-07-26 10:07:00-04:00,16.229999542236328,16.25,16.219999313354492,16.219999313354492,9340,0.0,0.0
2024-07-26 10:08:00-04:00,16.200000762939453,16.204999923706055,16.18000030517578,16.18000030517578,1246,0.0,0.0
2024-07-26 10:09:00-04:00,16.15999984741211,16.15999984741211,16.110000610351562,16.110000610351562,2823,0.0,0.0
2024-07-26 10:10:00-04:00,16.110000610351562,16.145000457763672,16.110000610351562,16.145000457763672,1963,0.0,0.0
2024-07-26 10:11:00-04:00,16.170000076293945,16.18000030517578,16.15999984741211,16.170000076293945,3479,0.0,0.0
2024-07-26 10:12:00-04:00,16.170000076293945,16.170000076293945,16.149999618530273,16.149999618530273,1929,0.0,0.0
2024-07-26 10:13:00-04:00,16.139999389648438,16.139999389648438,16.1299991607666,16.1299991607666,364,0.0,0.0
2024-07-26 10:14:00-04:00,16.1200008392334,16.139999389648438,16.1200008392334,16.1299991607666,1797,0.0,0.0
2024-07-26 10:15:00-04:00,16.1200008392334,16.1200008392334,16.100000381469727,16.100000381469727,2005,0.0,0.0
2024-07-26 10:16:00-04:00,16.1200008392334,16.1299991607666,16.100000381469727,16.100000381469727,985,0.0,0.0
2024-07-26 10:17:00-04:00,16.09000015258789,16.100000381469727,16.084999084472656,16.100000381469727,1107,0.0,0.0
2024-07-26 10:18:00-04:00,16.100000381469727,16.100000381469727,16.06999969482422,16.06999969482422,1909,0.0,0.0
2024-07-26 10:19:00-04:00,16.049999237060547,16.049999237060547,16.040000915527344,16.040000915527344,1372,0.0,0.0
2024-07-26 10:20:00-04:00,16.040000915527344,16.049999237060547,16.040000915527344,16.040000915527344,909,0.0,0.0
2024-07-26 10:21:00-04:00,16.049999237060547,16.049999237060547,16.049999237060547,16.049999237060547,1107,0.0,0.0
2024-07-26 10:22:00-04:00,16.059999465942383,16.079999923706055,16.059999465942383,16.059999465942383,1028,0.0,0.0
2024-07-26 10:23:00-04:00,16.049999237060547,16.059999465942383,16.049999237060547,16.059999465942383,332,0.0,0.0
2024-07-26 10:24:00-04:00,16.08989906311035,16.09000015258789,16.079999923706055,16.09000015258789,704,0.0,0.0
2024-07-26 10:25:00-04:00,16.09000015258789,16.09000015258789,16.075000762939453,16.075000762939453,524,0.0,0.0
2024-07-26 10:26:00-04:00,16.100000381469727,16.1200008392334,16.100000381469727,16.1200008392334,699,0.0,0.0
2024-07-26 10:27:00-04:00,16.1200008392334,16.1200008392334,16.1200008392334,16.1200008392334,737,0.0,0.0
2024-07-26 10:28:00-04:00,16.110000610351562,16.110000610351562,16.110000610351562,16.110000610351562,272,0.0,0.0
2024-07-26 10:29:00-04:00,16.09000015258789,16.100000381469727,16.09000015258789,16.100000381469727,836,0.0,0.0
2024-07-26 10:30:00-04:00,16.06999969482422,16.09000015258789,16.049999237060547,16.049999237060547,713,0.0,0.0
2024-07-26 10:31:00-04:00,16.040000915527344,16.040000915527344,16.040000915527344,16.040000915527344,627,0.0,0.0
2024-07-26 10:32:00-04:00,16.030000686645508,16.030000686645508,16.010000228881836,16.020000457763672,871,0.0,0.0
2024-07-26 10:33:00-04:00,16.0,16.020000457763672,16.0,16.010000228881836,1453,0.0,0.0
2024-07-26 10:35:00-04:00,15.975000381469727,16.014999389648438,15.975000381469727,15.989999771118164,1167,0.0,0.0
2024-07-26 10:38:00-04:00,15.989999771118164,16.014999389648438,15.989999771118164,16.014999389648438,608,0.0,0.0
2024-07-26 10:39:00-04:00,16.045000076293945,16.049999237060547,16.020000457763672,16.030000686645508,3575,0.0,0.0
2024-07-26 10:40:00-04:00,16.040000915527344,16.049999237060547,16.040000915527344,16.049999237060547,920,0.0,0.0
2024-07-26 10:41:00-04:00,16.040000915527344,16.040000915527344,16.040000915527344,16.040000915527344,12573,0.0,0.0
2024-07-26 10:42:00-04:00,16.06999969482422,16.075000762939453,16.06999969482422,16.075000762939453,674,0.0,0.0
2024-07-26 10:43:00-04:00,16.079999923706055,16.100000381469727,16.079999923706055,16.09000015258789,1566,0.0,0.0
2024-07-26 10:44:00-04:00,16.06999969482422,16.06999969482422,16.065000534057617,16.065000534057617,417,0.0,0.0
2024-07-26 10:45:00-04:00,16.065000534057617,16.09000015258789,16.065000534057617,16.06999969482422,1222,0.0,0.0
2024-07-26 10:47:00-04:00,16.075000762939453,16.075000762939453,16.075000762939453,16.075000762939453,432,0.0,0.0
2024-07-26 10:48:00-04:00,16.079999923706055,16.100000381469727,16.065000534057617,16.065000534057617,2511,0.0,0.0
2024-07-26 10:49:00-04:00,16.059999465942383,16.059999465942383,16.030000686645508,16.030000686645508,1047,0.0,0.0
2024-07-26 10:50:00-04:00,16.014999389648438,16.014999389648438,16.014999389648438,16.014999389648438,205,0.0,0.0
2024-07-26 10:51:00-04:00,15.989999771118164,15.989999771118164,15.989999771118164,15.989999771118164,468,0.0,0.0
2024-07-26 10:52:00-04:00,15.989999771118164,15.989999771118164,15.989999771118164,15.989999771118164,199,0.0,0.0
2024-07-26 10:53:00-04:00,15.996999740600586,15.996999740600586,15.996999740600586,15.996999740600586,248,0.0,0.0
2024-07-26 10:54:00-04:00,16.030000686645508,16.030000686645508,16.030000686645508,16.030000686645508,690,0.0,0.0
2024-07-26 10:55:00-04:00,16.032499313354492,16.032499313354492,16.010000228881836,16.010000228881836,403,0.0,0.0
2024-07-26 10:56:00-04:00,15.989999771118164,15.989999771118164,15.989999771118164,15.989999771118164,558,0.0,0.0
2024-07-26 10:57:00-04:00,15.979999542236328,16.0,15.979999542236328,16.0,1373,0.0,0.0
2024-07-26 10:58:00-04:00,16.0049991607666,16.0049991607666,16.0049991607666,16.0049991607666,547,0.0,0.0
2024-07-26 10:59:00-04:00,16.010000228881836,16.010000228881836,16.010000228881836,16.010000228881836,173,0.0,0.0
2024-07-26 11:00:00-04:00,16.020000457763672,16.020000457763672,16.014999389648438,16.014999389648438,453,0.0,0.0
2024-07-26 11:01:00-04:00,16.020000457763672,16.020000457763672,16.020000457763672,16.020000457763672,206,0.0,0.0
2024-07-26 11:02:00-04:00,16.030000686645508,16.030000686645508,15.989999771118164,15.989999771118164,1348,0.0,0.0
2024-07-26 11:03:00-04:00,15.979999542236328,16.0,15.979999542236328,16.0,322,0.0,0.0
2024-07-26 11:04:00-04:00,16.0,16.0,16.0,16.0,264,0.0,0.0
2024-07-26 11:05:00-04:00,16.0,16.0,15.989999771118164,15.989999771118164,621,0.0,0.0
2024-07-26 11:06:00-04:00,15.975000381469727,15.984999656677246,15.975000381469727,15.984999656677246,217,0.0,0.0
2024-07-26 11:07:00-04:00,15.984999656677246,15.984999656677246,15.979999542236328,15.979999542236328,469,0.0,0.0
2024-07-26 11:08:00-04:00,15.975000381469727,15.975000381469727,15.975000381469727,15.975000381469727,718,0.0,0.0
2024-07-26 11:11:00-04:00,15.984999656677246,15.984999656677246,15.984999656677246,15.984999656677246,177,0.0,0.0
2024-07-26 11:12:00-04:00,15.979999542236328,15.979999542236328,15.979999542236328,15.979999542236328,595,0.0,0.0
2024-07-26 11:13:00-04:00,15.989999771118164,15.989999771118164,15.989999771118164,15.989999771118164,271,0.0,0.0
2024-07-26 11:14:00-04:00,15.979999542236328,15.979999542236328,15.979999542236328,15.979999542236328,109,0.0,0.0
2024-07-26 11:15:00-04:00,15.970000267028809,15.975000381469727,15.970000267028809,15.975000381469727,417,0.0,0.0
2024-07-26 11:16:00-04:00,15.984999656677246,15.984999656677246,15.949999809265137,15.949999809265137,1050,0.0,0.0
2024-07-26 11:17:00-04:00,15.949999809265137,15.954999923706055,15.9350004196167,15.9350004196167,1143,0.0,0.0
2024-07-26 11:19:00-04:00,15.9399995803833,15.9399995803833,15.9399995803833,15.9399995803833,191,0.0,0.0
2024-07-26 11:20:00-04:00,15.970000267028809,15.970000267028809,15.960000038146973,15.96500015258789,548,0.0,0.0
2024-07-26 11:21:00-04:00,15.970000267028809,15.970000267028809,15.970000267028809,15.970000267028809,344,0.0,0.0
2024-07-26 11:22:00-04:00,15.975000381469727,15.979999542236328,15.975000381469727,15.979999542236328,364,0.0,0.0
2024-07-26 11:23:00-04:00,15.979999542236328,15.979999542236328,15.979999542236328,15.979999542236328,107,0.0,0.0
2024-07-26 11:24:00-04:00,15.989999771118164,15.989999771118164,15.989999771118164,15.989999771118164,118,0.0,0.0
2024-07-26 11:25:00-04:00,16.020000457763672,16.03499984741211,16.020000457763672,16.03499984741211,2366,0.0,0.0
2024-07-26 11:26:00-04:00,16.024999618530273,16.030000686645508,16.024999618530273,16.030000686645508,208,0.0,0.0
2024-07-26 11:27:00-04:00,16.020000457763672,16.020000457763672,16.010000228881836,16.020000457763672,884,0.0,0.0
2024-07-26 11:28:00-04:00,16.030000686645508,16.030000686645508,16.024999618530273,16.024999618530273,809,0.0,0.0
2024-07-26 11:29:00-04:00,16.020000457763672,16.020000457763672,16.020000457763672,16.020000457763672,333,0.0,0.0
2024-07-26 11:30:00-04:00,16.014999389648438,16.014999389648438,16.014999389648438,16.014999389648438,278,0.0,0.0
2024-07-26 11:31:00-04:00,16.03499984741211,16.03499984741211,16.02869987487793,16.02869987487793,474,0.0,0.0
2024-07-26 11:32:00-04:00,16.020000457763672,16.020000457763672,16.0049991607666,16.0049991607666,751,0.0,0.0
2024-07-26 11:33:00-04:00,16.010000228881836,16.030000686645508,16.010000228881836,16.020000457763672,1324,0.0,0.0
2024-07-26 11:34:00-04:00,16.020000457763672,16.020000457763672,16.0049991607666,16.0049991607666,1021,0.0,0.0
2024-07-26 11:36:00-04:00,16.030000686645508,16.030000686645508,16.020000457763672,16.020000457763672,364,0.0,0.0
2024-07-26 11:37:00-04:00,16.030000686645508,16.03499984741211,16.030000686645508,16.030000686645508,854,0.0,0.0
2024-07-26 11:38:00-04:00,16.03499984741211,16.03499984741211,16.03499984741211,16.03499984741211,206,0.0,0.0
2024-07-26 11:39:00-04:00,16.040000915527344,16.040000915527344,16.03499984741211,16.040000915527344,1150,0.0,0.0
2024-07-26 11:40:00-04:00,16.030000686645508,16.030000686645508,16.024999618530273,16.024999618530273,1238,0.0,0.0
2024-07-26 11:43:00-04:00,16.020000457763672,16.040000915527344,16.020000457763672,16.040000915527344,1276,0.0,0.0
2024-07-26 11:45:00-04:00,16.045000076293945,16.045000076293945,16.030000686645508,16.030000686645508,971,0.0,0.0
2024-07-26 11:46:00-04:00,16.014999389648438,16.014999389648438,15.984999656677246,15.989999771118164,1438,0.0,0.0
2024-07-26 11:49:00-04:00,15.979999542236328,15.979999542236328,15.979999542236328,15.979999542236328,211,0.0,0.0
2024-07-26 11:50:00-04:00,15.984999656677246,15.989999771118164,15.979999542236328,15.989999771118164,3208,0.0,0.0
2024-07-26 11:51:00-04:00,15.989999771118164,15.989999771118164,15.984999656677246,15.984999656677246,709,0.0,0.0
2024-07-26 11:52:00-04:00,16.0,16.020000457763672,16.0,16.020000457763672,1015,0.0,0.0
2024-07-26 11:53:00-04:00,16.020000457763672,16.020000457763672,16.014999389648438,16.020000457763672,897,0.0,0.0
2024-07-26 11:54:00-04:00,16.030000686645508,16.030000686645508,16.020000457763672,16.020000457763672,997,0.0,0.0
2024-07-26 11:55:00-04:00,16.020000457763672,16.024999618530273,16.020000457763672,16.020000457763672,607,0.0,0.0
2024-07-26 11:56:00-04:00,16.020000457763672,16.020000457763672,16.020000457763672,16.020000457763672,545,0.0,0.0
2024-07-26 11:58:00-04:00,16.030000686645508,16.059999465942383,16.030000686645508,16.059999465942383,665,0.0,0.0
2024-07-26 11:59:00-04:00,16.079999923706055,16.079999923706055,16.079999923706055,16.079999923706055,755,0.0,0.0
2024-07-26 12:00:00-04:00,16.06999969482422,16.06999969482422,16.06999969482422,16.06999969482422,810,0.0,0.0
2024-07-26 12:01:00-04:00,16.075000762939453,16.079999923706055,16.06999969482422,16.079999923706055,1029,0.0,0.0
2024-07-26 12:02:00-04:00,16.100000381469727,16.100000381469727,16.100000381469727,16.100000381469727,102,0.0,0.0
2024-07-26 12:03:00-04:00,16.100000381469727,16.100000381469727,16.100000381469727,16.100000381469727,257,0.0,0.0
2024-07-26 12:04:00-04:00,16.110000610351562,16.110000610351562,16.084999084472656,16.100000381469727,3215,0.0,0.0
2024-07-26 12:05:00-04:00,16.110000610351562,16.114999771118164,16.110000610351562,16.114999771118164,951,0.0,0.0
2024-07-26 12:06:00-04:00,16.114999771118164,16.125,16.114999771118164,16.125,851,0.0,0.0
2024-07-26 12:07:00-04:00,16.1200008392334,16.1200008392334,16.104999542236328,16.104999542236328,1280,0.0,0.0
2024-07-26 12:08:00-04:00,16.1200008392334,16.1200008392334,16.1200008392334,16.1200008392334,668,0.0,0.0
2024-07-26 12:09:00-04:00,16.114999771118164,16.125,16.114999771118164,16.125,439,0.0,0.0
2024-07-26 12:11:00-04:00,16.1200008392334,16.1200008392334,16.110000610351562,16.110000610351562,887,0.0,0.0
2024-07-26 12:12:00-04:00,16.100000381469727,16.100000381469727,16.084999084472656,16.084999084472656,660,0.0,0.0
2024-07-26 12:13:00-04:00,16.075000762939453,16.075000762939453,16.075000762939453,16.075000762939453,376,0.0,0.0
2024-07-26 12:14:00-04:00,16.084999084472656,16.094999313354492,16.084999084472656,16.094999313354492,915,0.0,0.0
2024-07-26 12:15:00-04:00,16.100000381469727,16.110000610351562,16.100000381469727,16.104999542236328,7784,0.0,0.0
2024-07-26 12:16:00-04:00,16.100000381469727,16.100000381469727,16.094999313354492,16.094999313354492,1027,0.0,0.0
2024-07-26 12:17:00-04:00,16.09000015258789,16.09000015258789,16.084999084472656,16.084999084472656,659,0.0,0.0
2024-07-26 12:19:00-04:00,16.100000381469727,16.100000381469727,16.100000381469727,16.100000381469727,388,0.0,0.0
2024-07-26 12:21:00-04:00,16.09000015258789,16.09000015258789,16.09000015258789,16.09000015258789,400,0.0,0.0
2024-07-26 12:22:00-04:00,16.084999084472656,16.084999084472656,16.06999969482422,16.06999969482422,988,0.0,0.0
2024-07-26 12:23:00-04:00,16.059999465942383,16.059999465942383,16.059999465942383,16.059999465942383,569,0.0,0.0
2024-07-26 12:24:00-04:00,16.065000534057617,16.06999969482422,16.065000534057617,16.065000534057617,413,0.0,0.0
2024-07-26 12:25:00-04:00,16.06999969482422,16.079999923706055,16.065000534057617,16.065000534057617,915,0.0,0.0
2024-07-26 12:26:00-04:00,16.075000762939453,16.084999084472656,16.075000762939453,16.084999084472656,924,0.0,0.0
2024-07-26 12:27:00-04:00,16.09000015258789,16.09000015258789,16.09000015258789,16.09000015258789,255,0.0,0.0
2024-07-26 12:29:00-04:00,16.079999923706055,16.079999923706055,16.079999923706055,16.079999923706055,580,0.0,0.0
2024-07-26 12:30:00-04:00,16.075000762939453,16.075000762939453,16.06999969482422,16.075000762939453,706,0.0,0.0
2024-07-26 12:31:00-04:00,16.075000762939453,16.079999923706055,16.075000762939453,16.07659912109375,658,0.0,0.0
2024-07-26 12:32:00-04:00,16.075000762939453,16.084999084472656,16.06999969482422,16.06999969482422,1037,0.0,0.0
2024-07-26 12:33:00-04:00,16.065000534057617,16.065000534057617,16.065000534057617,16.065000534057617,376,0.0,0.0
2024-07-26 12:34:00-04:00,16.045000076293945,16.045000076293945,16.045000076293945,16.045000076293945,492,0.0,0.0
2024-07-26 12:36:00-04:00,16.040000915527344,16.040000915527344,16.040000915527344,16.040000915527344,817,0.0,0.0
2024-07-26 12:37:00-04:00,16.045000076293945,16.049999237060547,16.045000076293945,16.049999237060547,646,0.0,0.0
2024-07-26 12:38:00-04:00,16.075000762939453,16.075000762939453,16.075000762939453,16.075000762939453,187,0.0,0.0
2024-07-26 12:40:00-04:00,16.075000762939453,16.094999313354492,16.075000762939453,16.084999084472656,4166,0.0,0.0
2024-07-26 12:41:00-04:00,16.084999084472656,16.084999084472656,16.084999084472656,16.084999084472656,368,0.0,0.0
2024-07-26 12:42:00-04:00,16.084999084472656,16.094999313354492,16.084999084472656,16.094999313354492,1303,0.0,0.0
2024-07-26 12:43:00-04:00,16.100000381469727,16.114999771118164,16.100000381469727,16.114999771118164,1105,0.0,0.0
2024-07-26 12:44:00-04:00,16.110000610351562,16.110000610351562,16.096500396728516,16.104999542236328,1652,0.0,0.0
2024-07-26 12:45:00-04:00,16.110000610351562,16.1200008392334,16.110000610351562,16.114999771118164,506,0.0,0.0
2024-07-26 12:46:00-04:00,16.114999771118164,16.114999771118164,16.114999771118164,16.114999771118164,2054,0.0,0.0
2024-07-26 12:47:00-04:00,16.110000610351562,16.1200008392334,16.110000610351562,16.1200008392334,518,0.0,0.0
2024-07-26 12:48:00-04:00,16.110000610351562,16.1200008392334,16.110000610351562,16.110000610351562,1119,0.0,0.0
2024-07-26 12:49:00-04:00,16.110000610351562,16.110000610351562,16.110000610351562,16.110000610351562,505,0.0,0.0
2024-07-26 12:50:00-04:00,16.100000381469727,16.100000381469727,16.100000381469727,16.100000381469727,200,0.0,0.0
2024-07-26 12:51:00-04:00,16.100000381469727,16.110000610351562,16.09000015258789,16.110000610351562,838,0.0,0.0
2024-07-26 12:52:00-04:00,16.110000610351562,16.110000610351562,16.110000610351562,16.110000610351562,600,0.0,0.0
2024-07-26 12:54:00-04:00,16.125,16.1299991607666,16.1200008392334,16.1200008392334,1337,0.0,0.0
2024-07-26 12:55:00-04:00,16.114999771118164,16.114999771118164,16.114999771118164,16.114999771118164,199,0.0,0.0
2024-07-26 12:57:00-04:00,16.110000610351562,16.110000610351562,16.110000610351562,16.110000610351562,148,0.0,0.0
2024-07-26 12:58:00-04:00,16.104999542236328,16.1200008392334,16.104999542236328,16.1200008392334,1404,0.0,0.0
2024-07-26 12:59:00-04:00,16.1289005279541,16.1299991607666,16.125,16.125,707,0.0,0.0
2024-07-26 13:00:00-04:00,16.1299991607666,16.1299991607666,16.104999542236328,16.104999542236328,3226,0.0,0.0
2024-07-26 13:01:00-04:00,16.104999542236328,16.104999542236328,16.094999313354492,16.094999313354492,1763,0.0,0.0
2024-07-26 13:02:00-04:00,16.09000015258789,16.100000381469727,16.084999084472656,16.094999313354492,8025,0.0,0.0
2024-07-26 13:03:00-04:00,16.09000015258789,16.09000015258789,16.065000534057617,16.06999969482422,937,0.0,0.0
2024-07-26 13:04:00-04:00,16.06999969482422,16.09000015258789,16.06999969482422,16.084999084472656,1220,0.0,0.0
2024-07-26 13:05:00-04:00,16.079999923706055,16.09000015258789,16.079999923706055,16.09000015258789,1168,0.0,0.0
2024-07-26 13:06:00-04:00,16.084999084472656,16.084999084472656,16.079999923706055,16.079999923706055,794,0.0,0.0
2024-07-26 13:07:00-04:00,16.059999465942383,16.059999465942383,16.059999465942383,16.059999465942383,682,0.0,0.0
2024-07-26 13:08:00-04:00,16.05500030517578,16.05500030517578,16.05500030517578,16.05500030517578,278,0.0,0.0
2024-07-26 13:09:00-04:00,16.05500030517578,16.059999465942383,16.049999237060547,16.05500030517578,927,0.0,0.0
2024-07-26 13:10:00-04:00,16.05500030517578,16.059999465942383,16.05500030517578,16.05500030517578,1192,0.0,0.0
2024-07-26 13:11:00-04:00,16.05500030517578,16.065000534057617,16.05500030517578,16.065000534057617,415,0.0,0.0
2024-07-26 13:12:00-04:00,16.06999969482422,16.079999923706055,16.06999969482422,16.075000762939453,1704,0.0,0.0
2024-07-26 13:13:00-04:00,16.079999923706055,16.079999923706055,16.075000762939453,16.075000762939453,3028,0.0,0.0
2024-07-26 13:15:00-04:00,16.075000762939453,16.075000762939453,16.075000762939453,16.075000762939453,313,0.0,0.0
2024-07-26 13:16:00-04:00,16.075000762939453,16.09000015258789,16.075000762939453,16.084999084472656,1136,0.0,0.0
2024-07-26 13:17:00-04:00,16.084999084472656,16.084999084472656,16.065000534057617,16.075000762939453,2693,0.0,0.0
2024-07-26 13:18:00-04:00,16.075000762939453,16.075000762939453,16.05500030517578,16.05500030517578,858,0.0,0.0
2024-07-26 13:19:00-04:00,16.05500030517578,16.05500030517578,16.049999237060547,16.049999237060547,330,0.0,0.0
2024-07-26 13:21:00-04:00,16.05500030517578,16.059999465942383,16.05500030517578,16.059999465942383,614,0.0,0.0
2024-07-26 13:22:00-04:00,16.065000534057617,16.06999969482422,16.065000534057617,16.06999969482422,266,0.0,0.0
2024-07-26 13:23:00-04:00,16.065000534057617,16.06999969482422,16.065000534057617,16.06999969482422,879,0.0,0.0
2024-07-26 13:24:00-04:00,16.075000762939453,16.075000762939453,16.075000762939453,16.075000762939453,431,0.0,0.0
2024-07-26 13:25:00-04:00,16.079999923706055,16.079999923706055,16.075000762939453,16.075000762939453,1568,0.0,0.0
2024-07-26 13:26:00-04:00,16.079999923706055,16.079999923706055,16.075000762939453,16.079999923706055,1178,0.0,0.0
2024-07-26 13:27:00-04:00,16.084999084472656,16.084999084472656,16.084999084472656,16.084999084472656,216,0.0,0.0
2024-07-26 13:28:00-04:00,16.09000015258789,16.114999771118164,16.09000015258789,16.104999542236328,4298,0.0,0.0
2024-07-26 13:29:00-04:00,16.104999542236328,16.104999542236328,16.104999542236328,16.104999542236328,100,0.0,0.0
2024-07-26 13:30:00-04:00,16.100000381469727,16.100000381469727,16.09000015258789,16.094999313354492,1273,0.0,0.0
2024-07-26 13:31:00-04:00,16.094999313354492,16.110000610351562,16.094999313354492,16.110000610351562,1850,0.0,0.0
2024-07-26 13:32:00-04:00,16.10890007019043,16.10890007019043,16.104999542236328,16.104999542236328,519,0.0,0.0
2024-07-26 13:33:00-04:00,16.100000381469727,16.100000381469727,16.084999084472656,16.084999084472656,1750,0.0,0.0
2024-07-26 13:34:00-04:00,16.079999923706055,16.079999923706055,16.05500030517578,16.05500030517578,2569,0.0,0.0
2024-07-26 13:35:00-04:00,16.049999237060547,16.049999237060547,16.024999618530273,16.03499984741211,3694,0.0,0.0
2024-07-26 13:36:00-04:00,16.040000915527344,16.040000915527344,16.03499984741211,16.03499984741211,845,0.0,0.0
2024-07-26 13:37:00-04:00,16.03499984741211,16.03499984741211,16.03499984741211,16.03499984741211,303,0.0,0.0
2024-07-26 13:38:00-04:00,16.040000915527344,16.040000915527344,16.014999389648438,16.014999389648438,1833,0.0,0.0
2024-07-26 13:39:00-04:00,16.010099411010742,16.014999389648438,16.010099411010742,16.014999389648438,990,0.0,0.0
2024-07-26 13:40:00-04:00,16.020000457763672,16.030000686645508,16.020000457763672,16.024999618530273,3531,0.0,0.0
2024-07-26 13:41:00-04:00,16.024999618530273,16.024999618530273,16.024999618530273,16.024999618530273,544,0.0,0.0
2024-07-26 13:42:00-04:00,16.020000457763672,16.020000457763672,16.014999389648438,16.014999389648438,2353,0.0,0.0
2024-07-26 13:43:00-04:00,16.010000228881836,16.010000228881836,16.0049991607666,16.0049991607666,2169,0.0,0.0
2024-07-26 13:44:00-04:00,16.0049991607666,16.030000686645508,16.0049991607666,16.030000686645508,1693,0.0,0.0
2024-07-26 13:45:00-04:00,16.03499984741211,16.069499969482422,16.03499984741211,16.069499969482422,666,0.0,0.0
2024-07-26 13:46:00-04:00,16.059999465942383,16.075000762939453,16.045000076293945,16.075000762939453,1231,0.0,0.0
2024-07-26 13:47:00-04:00,16.06999969482422,16.06999969482422,16.05500030517578,16.05500030517578,1011,0.0,0.0
2024-07-26 13:48:00-04:00,16.05500030517578,16.05500030517578,16.045000076293945,16.045000076293945,344,0.0,0.0
2024-07-26 13:49:00-04:00,16.030000686645508,16.030000686645508,16.014999389648438,16.014999389648438,453,0.0,0.0
2024-07-26 13:51:00-04:00,16.014999389648438,16.020000457763672,16.010900497436523,16.020000457763672,868,0.0,0.0
2024-07-26 13:53:00-04:00,16.014999389648438,16.014999389648438,16.014999389648438,16.014999389648438,678,0.0,0.0
2024-07-26 13:54:00-04:00,16.014999389648438,16.030000686645508,16.014999389648438,16.024999618530273,1573,0.0,0.0
2024-07-26 13:55:00-04:00,16.024999618530273,16.024999618530273,16.014999389648438,16.020000457763672,1240,0.0,0.0
2024-07-26 13:56:00-04:00,16.014999389648438,16.014999389648438,16.014999389648438,16.014999389648438,575,0.0,0.0
2024-07-26 13:57:00-04:00,16.014999389648438,16.014999389648438,16.014999389648438,16.014999389648438,140,0.0,0.0
2024-07-26 13:58:00-04:00,16.014999389648438,16.014999389648438,16.010000228881836,16.014999389648438,1225,0.0,0.0
2024-07-26 13:59:00-04:00,16.020000457763672,16.030000686645508,16.014999389648438,16.014999389648438,3979,0.0,0.0
2024-07-26 14:00:00-04:00,16.024999618530273,16.030000686645508,16.024999618530273,16.030000686645508,977,0.0,0.0
2024-07-26 14:01:00-04:00,16.03499984741211,16.03499984741211,16.03499984741211,16.03499984741211,136,0.0,0.0
2024-07-26 14:02:00-04:00,16.039899826049805,16.039899826049805,16.03499984741211,16.03499984741211,462,0.0,0.0
2024-07-26 14:03:00-04:00,16.030000686645508,16.030000686645508,16.030000686645508,16.030000686645508,1513,0.0,0.0
2024-07-26 14:04:00-04:00,16.040000915527344,16.05500030517578,16.03499984741211,16.040000915527344,3581,0.0,0.0
2024-07-26 14:05:00-04:00,16.03499984741211,16.03499984741211,16.024999618530273,16.024999618530273,1061,0.0,0.0
2024-07-26 14:06:00-04:00,16.024999618530273,16.040000915527344,16.024999618530273,16.040000915527344,2583,0.0,0.0
2024-07-26 14:07:00-04:00,16.030000686645508,16.03499984741211,16.024999618530273,16.03499984741211,1539,0.0,0.0
2024-07-26 14:09:00-04:00,16.03499984741211,16.03499984741211,16.03499984741211,16.03499984741211,326,0.0,0.0
2024-07-26 14:10:00-04:00,16.03499984741211,16.045000076293945,16.03499984741211,16.040000915527344,1815,0.0,0.0
2024-07-26 14:11:00-04:00,16.039899826049805,16.039899826049805,16.030000686645508,16.03499984741211,1182,0.0,0.0
2024-07-26 14:12:00-04:00,16.0310001373291,16.0310001373291,16.0310001373291,16.0310001373291,172,0.0,0.0
2024-07-26 14:13:00-04:00,16.03499984741211,16.03499984741211,16.030000686645508,16.03499984741211,1331,0.0,0.0
2024-07-26 14:14:00-04:00,16.03499984741211,16.040000915527344,16.03499984741211,16.03499984741211,948,0.0,0.0
2024-07-26 14:15:00-04:00,16.03499984741211,16.05500030517578,16.03499984741211,16.05500030517578,2268,0.0,0.0
2024-07-26 14:17:00-04:00,16.05500030517578,16.065000534057617,16.05500030517578,16.059999465942383,2626,0.0,0.0
2024-07-26 14:18:00-04:00,16.049999237060547,16.049999237060547,16.045000076293945,16.045000076293945,1191,0.0,0.0
2024-07-26 14:19:00-04:00,16.049999237060547,16.05500030517578,16.030000686645508,16.03499984741211,2921,0.0,0.0
2024-07-26 14:20:00-04:00,16.03499984741211,16.03499984741211,16.03499984741211,16.03499984741211,390,0.0,0.0
2024-07-26 14:21:00-04:00,16.030000686645508,16.03499984741211,16.030000686645508,16.030000686645508,1896,0.0,0.0
2024-07-26 14:22:00-04:00,16.03499984741211,16.03499984741211,16.030000686645508,16.03499984741211,1017,0.0,0.0
2024-07-26 14:23:00-04:00,16.03499984741211,16.03499984741211,16.03499984741211,16.03499984741211,168,0.0,0.0
2024-07-26 14:24:00-04:00,16.040000915527344,16.045000076293945,16.040000915527344,16.045000076293945,1914,0.0,0.0
2024-07-26 14:25:00-04:00,16.045000076293945,16.059999465942383,16.045000076293945,16.05500030517578,2838,0.0,0.0
2024-07-26 14:26:00-04:00,16.059999465942383,16.075000762939453,16.059999465942383,16.075000762939453,1308,0.0,0.0
2024-07-26 14:27:00-04:00,16.06999969482422,16.06999969482422,16.059999465942383,16.065000534057617,2561,0.0,0.0
2024-07-26 14:28:00-04:00,16.065000534057617,16.100000381469727,16.065000534057617,16.079999923706055,4083,0.0,0.0
2024-07-26 14:29:00-04:00,16.075000762939453,16.075000762939453,16.065000534057617,16.065000534057617,502,0.0,0.0
2024-07-26 14:30:00-04:00,16.059999465942383,16.059999465942383,16.05970001220703,16.059999465942383,2729,0.0,0.0
2024-07-26 14:31:00-04:00,16.065000534057617,16.065000534057617,16.065000534057617,16.065000534057617,240,0.0,0.0
2024-07-26 14:32:00-04:00,16.065000534057617,16.065000534057617,16.059999465942383,16.059999465942383,1757,0.0,0.0
2024-07-26 14:33:00-04:00,16.05500030517578,16.065000534057617,16.05500030517578,16.059999465942383,2037,0.0,0.0
2024-07-26 14:34:00-04:00,16.06999969482422,16.07990074157715,16.06999969482422,16.07990074157715,607,0.0,0.0
2024-07-26 14:35:00-04:00,16.079999923706055,16.114999771118164,16.079999923706055,16.114999771118164,7450,0.0,0.0
2024-07-26 14:37:00-04:00,16.1200008392334,16.1200008392334,16.1200008392334,16.1200008392334,100,0.0,0.0
2024-07-26 14:38:00-04:00,16.114999771118164,16.114999771118164,16.110000610351562,16.114999771118164,954,0.0,0.0
2024-07-26 14:40:00-04:00,16.1200008392334,16.128999710083008,16.1200008392334,16.125,1336,0.0,0.0
2024-07-26 14:41:00-04:00,16.125,16.125,16.110000610351562,16.110000610351562,4956,0.0,0.0
2024-07-26 14:42:00-04:00,16.100000381469727,16.100000381469727,16.100000381469727,16.100000381469727,1494,0.0,0.0
2024-07-26 14:43:00-04:00,16.110000610351562,16.1299991607666,16.110000610351562,16.1299991607666,1319,0.0,0.0
2024-07-26 14:44:00-04:00,16.145000457763672,16.145000457763672,16.139999389648438,16.139999389648438,2330,0.0,0.0
2024-07-26 14:45:00-04:00,16.139999389648438,16.145000457763672,16.139999389648438,16.139999389648438,1214,0.0,0.0
2024-07-26 14:46:00-04:00,16.135000228881836,16.135000228881836,16.1299991607666,16.1299991607666,375,0.0,0.0
2024-07-26 14:47:00-04:00,16.1299991607666,16.1299991607666,16.125,16.125,250,0.0,0.0
2024-07-26 14:48:00-04:00,16.1200008392334,16.125,16.1200008392334,16.1200008392334,600,0.0,0.0
2024-07-26 14:49:00-04:00,16.1299991607666,16.135000228881836,16.1299991607666,16.135000228881836,1770,0.0,0.0
2024-07-26 14:50:00-04:00,16.135000228881836,16.135000228881836,16.135000228881836,16.135000228881836,955,0.0,0.0
2024-07-26 14:51:00-04:00,16.135000228881836,16.135000228881836,16.135000228881836,16.135000228881836,939,0.0,0.0
2024-07-26 14:52:00-04:00,16.1299991607666,16.1299991607666,16.1200008392334,16.125,2591,0.0,0.0
2024-07-26 14:53:00-04:00,16.1200008392334,16.1200008392334,16.100000381469727,16.104999542236328,500,0.0,0.0
2024-07-26 14:54:00-04:00,16.100000381469727,16.104999542236328,16.100000381469727,16.104999542236328,1774,0.0,0.0
2024-07-26 14:55:00-04:00,16.104999542236328,16.104999542236328,16.104999542236328,16.104999542236328,703,0.0,0.0
2024-07-26 14:56:00-04:00,16.104999542236328,16.110000610351562,16.104999542236328,16.110000610351562,872,0.0,0.0
2024-07-26 14:57:00-04:00,16.110000610351562,16.114999771118164,16.104900360107422,16.104900360107422,5359,0.0,0.0
2024-07-26 14:58:00-04:00,16.104999542236328,16.104999542236328,16.104999542236328,16.104999542236328,273,0.0,0.0
2024-07-26 14:59:00-04:00,16.104999542236328,16.114999771118164,16.104999542236328,16.114999771118164,3326,0.0,0.0
2024-07-26 15:00:00-04:00,16.114999771118164,16.1200008392334,16.100000381469727,16.104999542236328,3468,0.0,0.0
2024-07-26 15:01:00-04:00,16.110000610351562,16.135000228881836,16.110000610351562,16.135000228881836,1876,0.0,0.0
2024-07-26 15:02:00-04:00,16.1299991607666,16.135000228881836,16.110000610351562,16.1200008392334,3875,0.0,0.0
2024-07-26 15:03:00-04:00,16.1299991607666,16.135000228881836,16.1299991607666,16.135000228881836,725,0.0,0.0
2024-07-26 15:04:00-04:00,16.135000228881836,16.139999389648438,16.135000228881836,16.139999389648438,687,0.0,0.0
2024-07-26 15:05:00-04:00,16.135000228881836,16.135000228881836,16.1200008392334,16.125,4013,0.0,0.0
2024-07-26 15:06:00-04:00,16.1299991607666,16.139999389648438,16.1299991607666,16.139999389648438,1428,0.0,0.0
2024-07-26 15:07:00-04:00,16.139999389648438,16.155000686645508,16.139999389648438,16.155000686645508,4105,0.0,0.0
2024-07-26 15:08:00-04:00,16.15999984741211,16.165000915527344,16.15999984741211,16.165000915527344,1387,0.0,0.0
2024-07-26 15:09:00-04:00,16.170000076293945,16.190000534057617,16.170000076293945,16.18000030517578,5387,0.0,0.0
2024-07-26 15:10:00-04:00,16.174999237060547,16.174999237060547,16.174999237060547,16.174999237060547,230,0.0,0.0
2024-07-26 15:11:00-04:00,16.18000030517578,16.184999465942383,16.18000030517578,16.18000030517578,2843,0.0,0.0
2024-07-26 15:12:00-04:00,16.18000030517578,16.190000534057617,16.18000030517578,16.190000534057617,3286,0.0,0.0
2024-07-26 15:13:00-04:00,16.190000534057617,16.204999923706055,16.190000534057617,16.204999923706055,1911,0.0,0.0
2024-07-26 15:14:00-04:00,16.200000762939453,16.202499389648438,16.170000076293945,16.170000076293945,8805,0.0,0.0
2024-07-26 15:15:00-04:00,16.174999237060547,16.174999237060547,16.15999984741211,16.15999984741211,374,0.0,0.0
2024-07-26 15:16:00-04:00,16.18000030517578,16.190000534057617,16.18000030517578,16.190000534057617,1682,0.0,0.0
2024-07-26 15:17:00-04:00,16.19499969482422,16.200000762939453,16.190000534057617,16.19499969482422,1207,0.0,0.0
2024-07-26 15:18:00-04:00,16.190000534057617,16.190000534057617,16.174999237060547,16.174999237060547,3538,0.0,0.0
2024-07-26 15:19:00-04:00,16.174999237060547,16.18000030517578,16.174999237060547,16.174999237060547,918,0.0,0.0
2024-07-26 15:20:00-04:00,16.174999237060547,16.174999237060547,16.174999237060547,16.174999237060547,401,0.0,0.0
2024-07-26 15:21:00-04:00,16.170000076293945,16.174999237060547,16.170000076293945,16.174999237060547,1048,0.0,0.0
2024-07-26 15:22:00-04:00,16.174999237060547,16.174999237060547,16.168800354003906,16.174999237060547,4724,0.0,0.0
2024-07-26 15:23:00-04:00,16.18000030517578,16.184999465942383,16.18000030517578,16.184999465942383,2467,0.0,0.0
2024-07-26 15:24:00-04:00,16.184999465942383,16.200000762939453,16.184999465942383,16.19499969482422,4304,0.0,0.0
2024-07-26 15:25:00-04:00,16.200000762939453,16.200000762939453,16.19499969482422,16.19499969482422,1583,0.0,0.0
2024-07-26 15:26:00-04:00,16.200000762939453,16.2450008392334,16.199899673461914,16.239999771118164,7621,0.0,0.0
2024-07-26 15:27:00-04:00,16.2450008392334,16.25,16.239999771118164,16.239999771118164,5388,0.0,0.0
2024-07-26 15:28:00-04:00,16.2450008392334,16.25,16.239999771118164,16.239999771118164,2347,0.0,0.0
2024-07-26 15:29:00-04:00,16.229999542236328,16.239999771118164,16.229999542236328,16.239999771118164,685,0.0,0.0
2024-07-26 15:30:00-04:00,16.235000610351562,16.235000610351562,16.21500015258789,16.229999542236328,4980,0.0,0.0
2024-07-26 15:31:00-04:00,16.235000610351562,16.2450008392334,16.219999313354492,16.219999313354492,4667,0.0,0.0
2024-07-26 15:32:00-04:00,16.21500015258789,16.21500015258789,16.200000762939453,16.209999084472656,1446,0.0,0.0
2024-07-26 15:33:00-04:00,16.209999084472656,16.21500015258789,16.209999084472656,16.21500015258789,1263,0.0,0.0
2024-07-26 15:34:00-04:00,16.219999313354492,16.225000381469727,16.209999084472656,16.219999313354492,6395,0.0,0.0
2024-07-26 15:35:00-04:00,16.21500015258789,16.229999542236328,16.21500015258789,16.229999542236328,3815,0.0,0.0
2024-07-26 15:36:00-04:00,16.235000610351562,16.2450008392334,16.235000610351562,16.239999771118164,2638,0.0,0.0
2024-07-26 15:37:00-04:00,16.2450008392334,16.264999389648438,16.2450008392334,16.264999389648438,2860,0.0,0.0
2024-07-26 15:38:00-04:00,16.260000228881836,16.264999389648438,16.2549991607666,16.260000228881836,3275,0.0,0.0
2024-07-26 15:39:00-04:00,16.264999389648438,16.280000686645508,16.264999389648438,16.280000686645508,2583,0.0,0.0
2024-07-26 15:40:00-04:00,16.280000686645508,16.290000915527344,16.280000686645508,16.290000915527344,5033,0.0,0.0
2024-07-26 15:41:00-04:00,16.298900604248047,16.299999237060547,16.295000076293945,16.299999237060547,2551,0.0,0.0
2024-07-26 15:42:00-04:00,16.299999237060547,16.309999465942383,16.299999237060547,16.30500030517578,4336,0.0,0.0
2024-07-26 15:43:00-04:00,16.30500030517578,16.309999465942383,16.299999237060547,16.309999465942383,8309,0.0,0.0
2024-07-26 15:44:00-04:00,16.309999465942383,16.309999465942383,16.299999237060547,16.30500030517578,5663,0.0,0.0
2024-07-26 15:45:00-04:00,16.299999237060547,16.315000534057617,16.299999237060547,16.315000534057617,4160,0.0,0.0
2024-07-26 15:46:00-04:00,16.315000534057617,16.325000762939453,16.30500030517578,16.309999465942383,6485,0.0,0.0
2024-07-26 15:47:00-04:00,16.309999465942383,16.325000762939453,16.309999465942383,16.325000762939453,6009,0.0,0.0
2024-07-26 15:48:00-04:00,16.31999969482422,16.329999923706055,16.309999465942383,16.325000762939453,4819,0.0,0.0
2024-07-26 15:49:00-04:00,16.325000762939453,16.334999084472656,16.31999969482422,16.31999969482422,7681,0.0,0.0
2024-07-26 15:50:00-04:00,16.329999923706055,16.364999771118164,16.325000762939453,16.325000762939453,14793,0.0,0.0
2024-07-26 15:51:00-04:00,16.325000762939453,16.325000762939453,16.229999542236328,16.229999542236328,14930,0.0,0.0
2024-07-26 15:52:00-04:00,16.225000381469727,16.229999542236328,16.21500015258789,16.21500015258789,7329,0.0,0.0
2024-07-26 15:53:00-04:00,16.219999313354492,16.235000610351562,16.219999313354492,16.235000610351562,8225,0.0,0.0
2024-07-26 15:54:00-04:00,16.229999542236328,16.229999542236328,16.209999084472656,16.21500015258789,17179,0.0,0.0
2024-07-26 15:55:00-04:00,16.209999084472656,16.219999313354492,16.190000534057617,16.219999313354492,19238,0.0,0.0
2024-07-26 15:56:00-04:00,16.21500015258789,16.239999771118164,16.209999084472656,16.235000610351562,11592,0.0,0.0
2024-07-26 15:57:00-04:00,16.235000610351562,16.270000457763672,16.225000381469727,16.225000381469727,88392,0.0,0.0
2024-07-26 15:58:00-04:00,16.229999542236328,16.229999542236328,16.219999313354492,16.225000381469727,23867,0.0,0.0
2024-07-26 15:59:00-04:00,16.225000381469727,16.25,16.209999084472656,16.219999313354492,109766,0.0,0.0
