Datetime,Open,High,Low,Close,Volume,Dividends,Stock Splits
2024-06-10 09:30:00-04:00,35.75,35.83000183105469,35.61000061035156,35.69499969482422,32333,0.0,0.0
2024-06-10 09:31:00-04:00,35.70000076293945,35.81999969482422,35.689998626708984,35.77000045776367,5310,0.0,0.0
2024-06-10 09:32:00-04:00,35.72999954223633,35.72999954223633,35.529998779296875,35.589900970458984,6703,0.0,0.0
2024-06-10 09:33:00-04:00,35.560001373291016,35.589900970458984,35.474998474121094,35.525001525878906,16362,0.0,0.0
2024-06-10 09:34:00-04:00,35.540000915527344,35.564998626708984,35.43000030517578,35.5,18964,0.0,0.0
2024-06-10 09:35:00-04:00,35.474998474121094,35.48500061035156,35.439998626708984,35.470001220703125,5319,0.0,0.0
2024-06-10 09:36:00-04:00,35.470001220703125,35.4900016784668,35.380001068115234,35.439998626708984,8457,0.0,0.0
2024-06-10 09:37:00-04:00,35.439998626708984,35.5099983215332,35.40999984741211,35.47999954223633,8397,0.0,0.0
2024-06-10 09:38:00-04:00,35.48500061035156,35.5099983215332,35.44499969482422,35.49700164794922,17955,0.0,0.0
2024-06-10 09:39:00-04:00,35.47999954223633,35.48099899291992,35.31999969482422,35.31999969482422,52287,0.0,0.0
2024-06-10 09:40:00-04:00,35.349998474121094,35.349998474121094,35.20500183105469,35.20800018310547,14655,0.0,0.0
2024-06-10 09:41:00-04:00,35.220001220703125,35.290000915527344,35.18220138549805,35.18220138549805,13975,0.0,0.0
2024-06-10 09:42:00-04:00,35.18000030517578,35.279998779296875,35.13990020751953,35.279998779296875,8876,0.0,0.0
2024-06-10 09:43:00-04:00,35.29999923706055,35.375,35.29999923706055,35.349998474121094,9005,0.0,0.0
2024-06-10 09:44:00-04:00,35.3650016784668,35.45000076293945,35.34000015258789,35.45000076293945,10442,0.0,0.0
2024-06-10 09:45:00-04:00,35.41999816894531,35.43000030517578,35.369998931884766,35.369998931884766,37505,0.0,0.0
2024-06-10 09:46:00-04:00,35.375,35.43000030517578,35.3650016784668,35.404998779296875,11948,0.0,0.0
2024-06-10 09:47:00-04:00,35.439998626708984,35.46500015258789,35.35100173950195,35.35100173950195,16581,0.0,0.0
2024-06-10 09:48:00-04:00,35.31999969482422,35.380001068115234,35.31999969482422,35.369998931884766,14955,0.0,0.0
2024-06-10 09:49:00-04:00,35.380001068115234,35.439998626708984,35.380001068115234,35.43410110473633,5963,0.0,0.0
2024-06-10 09:50:00-04:00,35.45000076293945,35.51499938964844,35.45000076293945,35.47999954223633,14754,0.0,0.0
2024-06-10 09:51:00-04:00,35.48500061035156,35.59000015258789,35.48500061035156,35.59000015258789,20826,0.0,0.0
2024-06-10 09:52:00-04:00,35.599998474121094,35.619998931884766,35.58000183105469,35.58000183105469,4486,0.0,0.0
2024-06-10 09:53:00-04:00,35.58000183105469,35.59000015258789,35.540000915527344,35.540000915527344,5540,0.0,0.0
2024-06-10 09:54:00-04:00,35.529998779296875,35.540000915527344,35.404998779296875,35.41999816894531,21357,0.0,0.0
2024-06-10 09:55:00-04:00,35.41999816894531,35.41999816894531,35.349998474121094,35.349998474121094,14251,0.0,0.0
2024-06-10 09:56:00-04:00,35.33000183105469,35.34000015258789,35.310001373291016,35.31399917602539,13540,0.0,0.0
2024-06-10 09:57:00-04:00,35.314998626708984,35.31990051269531,35.290000915527344,35.30500030517578,13734,0.0,0.0
2024-06-10 09:58:00-04:00,35.310001373291016,35.314998626708984,35.27000045776367,35.310001373291016,16722,0.0,0.0
2024-06-10 09:59:00-04:00,35.29999923706055,35.34000015258789,35.27000045776367,35.34000015258789,5548,0.0,0.0
2024-06-10 10:00:00-04:00,35.36000061035156,35.36000061035156,35.31999969482422,35.33000183105469,5641,0.0,0.0
2024-06-10 10:01:00-04:00,35.349998474121094,35.435001373291016,35.34000015258789,35.435001373291016,178232,0.0,0.0
2024-06-10 10:02:00-04:00,35.435001373291016,35.44499969482422,35.369998931884766,35.369998931884766,35387,0.0,0.0
2024-06-10 10:03:00-04:00,35.34000015258789,35.34000015258789,35.29999923706055,35.34000015258789,5090,0.0,0.0
2024-06-10 10:04:00-04:00,35.31999969482422,35.404998779296875,35.310001373291016,35.404998779296875,16206,0.0,0.0
2024-06-10 10:05:00-04:00,35.40999984741211,35.48500061035156,35.40999984741211,35.474998474121094,54652,0.0,0.0
2024-06-10 10:06:00-04:00,35.474998474121094,35.48500061035156,35.45500183105469,35.474998474121094,7160,0.0,0.0
2024-06-10 10:07:00-04:00,35.474998474121094,35.51499938964844,35.474998474121094,35.505001068115234,13073,0.0,0.0
2024-06-10 10:08:00-04:00,35.5099983215332,35.54499816894531,35.5099983215332,35.540000915527344,11085,0.0,0.0
2024-06-10 10:09:00-04:00,35.529998779296875,35.529998779296875,35.470001220703125,35.470001220703125,4485,0.0,0.0
2024-06-10 10:10:00-04:00,35.439998626708984,35.439998626708984,35.43000030517578,35.43000030517578,5219,0.0,0.0
2024-06-10 10:11:00-04:00,35.43000030517578,35.435001373291016,35.40829849243164,35.40999984741211,10865,0.0,0.0
2024-06-10 10:12:00-04:00,35.415000915527344,35.43000030517578,35.40999984741211,35.43000030517578,6719,0.0,0.0
2024-06-10 10:13:00-04:00,35.44499969482422,35.44499969482422,35.415000915527344,35.42499923706055,3838,0.0,0.0
2024-06-10 10:14:00-04:00,35.435001373291016,35.459999084472656,35.43000030517578,35.435001373291016,5517,0.0,0.0
2024-06-10 10:15:00-04:00,35.439998626708984,35.474998474121094,35.439998626708984,35.46500015258789,9778,0.0,0.0
2024-06-10 10:16:00-04:00,35.470001220703125,35.52000045776367,35.470001220703125,35.52000045776367,6811,0.0,0.0
2024-06-10 10:17:00-04:00,35.525001525878906,35.525001525878906,35.4900016784668,35.52000045776367,5313,0.0,0.0
2024-06-10 10:18:00-04:00,35.54499816894531,35.54999923706055,35.53499984741211,35.53499984741211,2709,0.0,0.0
2024-06-10 10:19:00-04:00,35.540000915527344,35.58000183105469,35.525001525878906,35.58000183105469,8676,0.0,0.0
2024-06-10 10:20:00-04:00,35.59000015258789,35.61000061035156,35.59000015258789,35.60499954223633,5473,0.0,0.0
2024-06-10 10:21:00-04:00,35.599998474121094,35.599998474121094,35.56999969482422,35.57500076293945,4793,0.0,0.0
2024-06-10 10:22:00-04:00,35.58000183105469,35.584999084472656,35.53499984741211,35.564998626708984,15364,0.0,0.0
2024-06-10 10:23:00-04:00,35.56999969482422,35.59000015258789,35.55500030517578,35.584999084472656,5464,0.0,0.0
2024-06-10 10:24:00-04:00,35.59000015258789,35.61000061035156,35.584999084472656,35.60499954223633,10165,0.0,0.0
2024-06-10 10:25:00-04:00,35.61000061035156,35.619998931884766,35.57500076293945,35.58000183105469,13218,0.0,0.0
2024-06-10 10:26:00-04:00,35.57500076293945,35.59000015258789,35.564998626708984,35.57500076293945,6144,0.0,0.0
2024-06-10 10:27:00-04:00,35.57500076293945,35.57500076293945,35.55500030517578,35.55500030517578,6584,0.0,0.0
2024-06-10 10:28:00-04:00,35.560001373291016,35.560001373291016,35.525001525878906,35.525001525878906,4724,0.0,0.0
2024-06-10 10:29:00-04:00,35.529998779296875,35.54999923706055,35.529998779296875,35.54999923706055,6476,0.0,0.0
2024-06-10 10:30:00-04:00,35.540000915527344,35.540000915527344,35.51499938964844,35.529998779296875,6761,0.0,0.0
2024-06-10 10:31:00-04:00,35.53499984741211,35.5364990234375,35.505001068115234,35.505001068115234,7864,0.0,0.0
2024-06-10 10:32:00-04:00,35.5099983215332,35.54499816894531,35.505001068115234,35.53499984741211,11475,0.0,0.0
2024-06-10 10:33:00-04:00,35.53499984741211,35.536800384521484,35.52000045776367,35.525001525878906,5842,0.0,0.0
2024-06-10 10:34:00-04:00,35.53499984741211,35.564998626708984,35.53499984741211,35.55500030517578,7926,0.0,0.0
2024-06-10 10:35:00-04:00,35.55500030517578,35.564998626708984,35.53499984741211,35.55500030517578,12236,0.0,0.0
2024-06-10 10:36:00-04:00,35.55500030517578,35.564998626708984,35.53499984741211,35.55500030517578,14222,0.0,0.0
2024-06-10 10:37:00-04:00,35.55500030517578,35.619998931884766,35.55500030517578,35.59000015258789,21316,0.0,0.0
2024-06-10 10:38:00-04:00,35.58000183105469,35.58000183105469,35.54999923706055,35.5525016784668,7532,0.0,0.0
2024-06-10 10:39:00-04:00,35.54999923706055,35.560001373291016,35.54999923706055,35.54999923706055,4253,0.0,0.0
2024-06-10 10:40:00-04:00,35.54999923706055,35.54999923706055,35.47999954223633,35.5,10201,0.0,0.0
2024-06-10 10:41:00-04:00,35.4901008605957,35.494998931884766,35.44499969482422,35.44499969482422,13328,0.0,0.0
2024-06-10 10:42:00-04:00,35.45000076293945,35.46500015258789,35.45000076293945,35.459999084472656,6905,0.0,0.0
2024-06-10 10:43:00-04:00,35.45500183105469,35.47999954223633,35.45500183105469,35.47999954223633,4716,0.0,0.0
2024-06-10 10:44:00-04:00,35.474998474121094,35.4900016784668,35.470001220703125,35.474998474121094,4610,0.0,0.0
2024-06-10 10:45:00-04:00,35.474998474121094,35.474998474121094,35.459999084472656,35.470001220703125,5789,0.0,0.0
2024-06-10 10:46:00-04:00,35.47999954223633,35.48500061035156,35.470001220703125,35.47999954223633,5111,0.0,0.0
2024-06-10 10:47:00-04:00,35.4900016784668,35.540000915527344,35.48500061035156,35.529998779296875,22746,0.0,0.0
2024-06-10 10:48:00-04:00,35.525001525878906,35.53499984741211,35.525001525878906,35.525001525878906,1700,0.0,0.0
2024-06-10 10:49:00-04:00,35.525001525878906,35.564998626708984,35.51499938964844,35.55500030517578,8298,0.0,0.0
2024-06-10 10:50:00-04:00,35.56999969482422,35.584999084472656,35.56999969482422,35.56999969482422,3404,0.0,0.0
2024-06-10 10:51:00-04:00,35.564998626708984,35.56999969482422,35.54499816894531,35.54999923706055,5954,0.0,0.0
2024-06-10 10:52:00-04:00,35.55500030517578,35.564998626708984,35.54499816894531,35.54499816894531,4733,0.0,0.0
2024-06-10 10:53:00-04:00,35.54499816894531,35.55500030517578,35.540000915527344,35.54999923706055,4299,0.0,0.0
2024-06-10 10:54:00-04:00,35.55500030517578,35.564998626708984,35.55500030517578,35.560001373291016,5239,0.0,0.0
2024-06-10 10:55:00-04:00,35.55500030517578,35.55500030517578,35.525001525878906,35.525001525878906,4646,0.0,0.0
2024-06-10 10:56:00-04:00,35.529998779296875,35.55500030517578,35.52000045776367,35.55500030517578,10531,0.0,0.0
2024-06-10 10:57:00-04:00,35.54999923706055,35.54999923706055,35.52000045776367,35.525001525878906,10761,0.0,0.0
2024-06-10 10:58:00-04:00,35.529998779296875,35.529998779296875,35.505001068115234,35.51499938964844,7460,0.0,0.0
2024-06-10 10:59:00-04:00,35.5099983215332,35.5099983215332,35.474998474121094,35.47999954223633,11156,0.0,0.0
2024-06-10 11:00:00-04:00,35.474998474121094,35.474998474121094,35.45500183105469,35.459999084472656,5416,0.0,0.0
2024-06-10 11:01:00-04:00,35.470001220703125,35.474998474121094,35.46500015258789,35.46500015258789,5485,0.0,0.0
2024-06-10 11:02:00-04:00,35.459999084472656,35.46500015258789,35.439998626708984,35.46500015258789,15803,0.0,0.0
2024-06-10 11:03:00-04:00,35.470001220703125,35.470001220703125,35.45500183105469,35.46500015258789,8892,0.0,0.0
2024-06-10 11:04:00-04:00,35.46500015258789,35.474998474121094,35.439998626708984,35.46500015258789,10804,0.0,0.0
2024-06-10 11:05:00-04:00,35.46500015258789,35.470001220703125,35.459999084472656,35.470001220703125,3727,0.0,0.0
2024-06-10 11:06:00-04:00,35.470001220703125,35.474998474121094,35.42499923706055,35.42499923706055,7785,0.0,0.0
2024-06-10 11:07:00-04:00,35.40999984741211,35.44499969482422,35.40999984741211,35.439998626708984,7000,0.0,0.0
2024-06-10 11:08:00-04:00,35.439998626708984,35.44499969482422,35.400001525878906,35.404998779296875,11475,0.0,0.0
2024-06-10 11:09:00-04:00,35.400001525878906,35.41999816894531,35.38999938964844,35.41999816894531,25618,0.0,0.0
2024-06-10 11:10:00-04:00,35.43000030517578,35.439998626708984,35.42499923706055,35.43000030517578,5735,0.0,0.0
2024-06-10 11:11:00-04:00,35.41999816894531,35.41999816894531,35.40999984741211,35.415000915527344,4947,0.0,0.0
2024-06-10 11:12:00-04:00,35.415000915527344,35.41999816894531,35.380001068115234,35.38999938964844,6414,0.0,0.0
2024-06-10 11:13:00-04:00,35.3849983215332,35.3849983215332,35.349998474121094,35.349998474121094,10533,0.0,0.0
2024-06-10 11:14:00-04:00,35.349998474121094,35.375,35.345001220703125,35.375,5205,0.0,0.0
2024-06-10 11:15:00-04:00,35.375,35.380001068115234,35.349998474121094,35.35499954223633,9260,0.0,0.0
2024-06-10 11:16:00-04:00,35.35499954223633,35.404998779296875,35.35499954223633,35.400001525878906,15392,0.0,0.0
2024-06-10 11:17:00-04:00,35.400001525878906,35.404998779296875,35.3849983215332,35.404998779296875,8502,0.0,0.0
2024-06-10 11:18:00-04:00,35.40999984741211,35.47999954223633,35.40999984741211,35.47999954223633,21179,0.0,0.0
2024-06-10 11:19:00-04:00,35.47999954223633,35.560001373291016,35.474998474121094,35.540000915527344,11517,0.0,0.0
2024-06-10 11:20:00-04:00,35.540000915527344,35.540000915527344,35.505001068115234,35.5099983215332,5967,0.0,0.0
2024-06-10 11:21:00-04:00,35.52000045776367,35.58000183105469,35.51499938964844,35.560001373291016,13319,0.0,0.0
2024-06-10 11:22:00-04:00,35.564998626708984,35.61000061035156,35.564998626708984,35.60499954223633,4279,0.0,0.0
2024-06-10 11:23:00-04:00,35.61000061035156,35.619998931884766,35.599998474121094,35.6150016784668,8622,0.0,0.0
2024-06-10 11:24:00-04:00,35.619998931884766,35.619998931884766,35.60499954223633,35.61000061035156,7459,0.0,0.0
2024-06-10 11:25:00-04:00,35.6150016784668,35.650001525878906,35.595001220703125,35.650001525878906,32353,0.0,0.0
2024-06-10 11:26:00-04:00,35.654998779296875,35.69499969482422,35.650001525878906,35.650001525878906,20318,0.0,0.0
2024-06-10 11:27:00-04:00,35.650001525878906,35.654998779296875,35.625,35.654998779296875,7178,0.0,0.0
2024-06-10 11:28:00-04:00,35.654998779296875,35.685001373291016,35.654998779296875,35.67499923706055,5920,0.0,0.0
2024-06-10 11:29:00-04:00,35.66999816894531,35.709999084472656,35.665000915527344,35.70500183105469,8421,0.0,0.0
2024-06-10 11:30:00-04:00,35.709999084472656,35.744998931884766,35.709999084472656,35.73500061035156,8904,0.0,0.0
2024-06-10 11:31:00-04:00,35.72999954223633,35.73500061035156,35.689998626708984,35.69499969482422,9327,0.0,0.0
2024-06-10 11:32:00-04:00,35.70000076293945,35.724998474121094,35.69499969482422,35.724998474121094,9083,0.0,0.0
2024-06-10 11:33:00-04:00,35.724998474121094,35.724998474121094,35.70500183105469,35.70500183105469,8347,0.0,0.0
2024-06-10 11:34:00-04:00,35.709999084472656,35.72999954223633,35.70500183105469,35.724998474121094,5915,0.0,0.0
2024-06-10 11:35:00-04:00,35.72999954223633,35.73500061035156,35.724998474121094,35.72999954223633,4662,0.0,0.0
2024-06-10 11:36:00-04:00,35.724998474121094,35.73500061035156,35.720001220703125,35.73500061035156,8413,0.0,0.0
2024-06-10 11:37:00-04:00,35.73500061035156,35.7599983215332,35.73500061035156,35.73500061035156,12410,0.0,0.0
2024-06-10 11:38:00-04:00,35.73500061035156,35.77000045776367,35.73500061035156,35.744998931884766,11525,0.0,0.0
2024-06-10 11:39:00-04:00,35.7400016784668,35.7400016784668,35.70000076293945,35.70000076293945,12548,0.0,0.0
2024-06-10 11:40:00-04:00,35.70500183105469,35.70500183105469,35.69499969482422,35.70000076293945,4897,0.0,0.0
2024-06-10 11:41:00-04:00,35.70500183105469,35.709999084472656,35.685001373291016,35.69499969482422,6541,0.0,0.0
2024-06-10 11:42:00-04:00,35.69499969482422,35.72999954223633,35.689998626708984,35.72999954223633,8451,0.0,0.0
2024-06-10 11:43:00-04:00,35.72999954223633,35.73500061035156,35.720001220703125,35.73500061035156,4918,0.0,0.0
2024-06-10 11:44:00-04:00,35.73500061035156,35.744998931884766,35.724998474121094,35.7400016784668,6167,0.0,0.0
2024-06-10 11:45:00-04:00,35.72999954223633,35.744998931884766,35.72999954223633,35.744998931884766,4209,0.0,0.0
2024-06-10 11:46:00-04:00,35.744998931884766,35.755001068115234,35.7400016784668,35.744998931884766,6276,0.0,0.0
2024-06-10 11:47:00-04:00,35.7400016784668,35.7400016784668,35.69499969482422,35.70000076293945,6333,0.0,0.0
2024-06-10 11:48:00-04:00,35.70000076293945,35.70500183105469,35.70000076293945,35.70500183105469,3052,0.0,0.0
2024-06-10 11:49:00-04:00,35.70500183105469,35.709999084472656,35.69499969482422,35.69499969482422,3546,0.0,0.0
2024-06-10 11:50:00-04:00,35.689998626708984,35.70500183105469,35.689998626708984,35.70500183105469,3025,0.0,0.0
2024-06-10 11:51:00-04:00,35.70500183105469,35.72999954223633,35.69499969482422,35.72999954223633,9789,0.0,0.0
2024-06-10 11:52:00-04:00,35.72999954223633,35.75,35.72999954223633,35.75,6647,0.0,0.0
2024-06-10 11:53:00-04:00,35.76499938964844,35.775001525878906,35.7599983215332,35.775001525878906,4300,0.0,0.0
2024-06-10 11:54:00-04:00,35.779998779296875,35.79499816894531,35.775001525878906,35.78499984741211,8081,0.0,0.0
2024-06-10 11:55:00-04:00,35.790000915527344,35.79999923706055,35.790000915527344,35.79999923706055,5053,0.0,0.0
2024-06-10 11:56:00-04:00,35.80500030517578,35.80500030517578,35.79499816894531,35.80500030517578,8475,0.0,0.0
2024-06-10 11:57:00-04:00,35.80500030517578,35.82500076293945,35.790000915527344,35.82500076293945,11021,0.0,0.0
2024-06-10 11:58:00-04:00,35.81999969482422,35.81999969482422,35.810001373291016,35.810001373291016,5812,0.0,0.0
2024-06-10 11:59:00-04:00,35.814998626708984,35.845001220703125,35.814998626708984,35.845001220703125,2617,0.0,0.0
2024-06-10 12:00:00-04:00,35.849998474121094,35.859901428222656,35.845001220703125,35.845001220703125,7560,0.0,0.0
2024-06-10 12:01:00-04:00,35.84000015258789,35.849998474121094,35.834999084472656,35.84199905395508,8171,0.0,0.0
2024-06-10 12:02:00-04:00,35.845001220703125,35.849998474121094,35.84000015258789,35.845001220703125,5562,0.0,0.0
2024-06-10 12:03:00-04:00,35.84000015258789,35.849998474121094,35.83000183105469,35.849998474121094,10097,0.0,0.0
2024-06-10 12:04:00-04:00,35.849998474121094,35.86000061035156,35.84000015258789,35.86000061035156,10337,0.0,0.0
2024-06-10 12:05:00-04:00,35.86000061035156,35.86000061035156,35.85499954223633,35.85499954223633,1309,0.0,0.0
2024-06-10 12:06:00-04:00,35.85499954223633,35.86000061035156,35.85499954223633,35.85499954223633,1357,0.0,0.0
2024-06-10 12:07:00-04:00,35.85499954223633,35.86000061035156,35.85499954223633,35.85499954223633,1919,0.0,0.0
2024-06-10 12:08:00-04:00,35.85499954223633,35.85499954223633,35.85499954223633,35.85499954223633,1535,0.0,0.0
2024-06-10 12:09:00-04:00,35.86000061035156,35.880001068115234,35.86000061035156,35.880001068115234,10167,0.0,0.0
2024-06-10 12:10:00-04:00,35.875,35.880001068115234,35.8650016784668,35.8650016784668,8081,0.0,0.0
2024-06-10 12:11:00-04:00,35.8650016784668,35.900001525878906,35.8650016784668,35.900001525878906,7536,0.0,0.0
2024-06-10 12:12:00-04:00,35.88999938964844,35.88999938964844,35.8849983215332,35.8849983215332,7307,0.0,0.0
2024-06-10 12:13:00-04:00,35.8849983215332,35.89500045776367,35.8849983215332,35.8849983215332,7794,0.0,0.0
2024-06-10 12:14:00-04:00,35.8849983215332,35.904998779296875,35.875,35.904998779296875,11179,0.0,0.0
2024-06-10 12:15:00-04:00,35.915000915527344,35.915000915527344,35.90999984741211,35.90999984741211,3391,0.0,0.0
2024-06-10 12:16:00-04:00,35.915000915527344,35.91999816894531,35.904998779296875,35.904998779296875,10712,0.0,0.0
2024-06-10 12:17:00-04:00,35.915000915527344,35.91999816894531,35.89500045776367,35.89500045776367,12406,0.0,0.0
2024-06-10 12:18:00-04:00,35.88999938964844,35.904998779296875,35.88999938964844,35.900001525878906,2748,0.0,0.0
2024-06-10 12:19:00-04:00,35.900001525878906,35.904998779296875,35.8650016784668,35.8650016784668,9790,0.0,0.0
2024-06-10 12:20:00-04:00,35.869998931884766,35.869998931884766,35.845001220703125,35.845001220703125,6817,0.0,0.0
2024-06-10 12:21:00-04:00,35.84749984741211,35.84749984741211,35.834999084472656,35.845001220703125,3366,0.0,0.0
2024-06-10 12:22:00-04:00,35.845001220703125,35.845001220703125,35.84000015258789,35.84000015258789,3450,0.0,0.0
2024-06-10 12:23:00-04:00,35.834999084472656,35.83580017089844,35.810001373291016,35.810001373291016,5645,0.0,0.0
2024-06-10 12:24:00-04:00,35.80500030517578,35.810001373291016,35.792999267578125,35.792999267578125,6217,0.0,0.0
2024-06-10 12:25:00-04:00,35.79499816894531,35.81010055541992,35.78499984741211,35.790000915527344,11683,0.0,0.0
2024-06-10 12:26:00-04:00,35.790000915527344,35.790000915527344,35.78499984741211,35.78499984741211,4757,0.0,0.0
2024-06-10 12:27:00-04:00,35.790000915527344,35.79499816894531,35.77000045776367,35.78499984741211,6410,0.0,0.0
2024-06-10 12:28:00-04:00,35.790000915527344,35.79499816894531,35.7599983215332,35.7599983215332,7640,0.0,0.0
2024-06-10 12:29:00-04:00,35.7599983215332,35.7599983215332,35.744998931884766,35.755001068115234,9815,0.0,0.0
2024-06-10 12:30:00-04:00,35.75,35.7599983215332,35.720001220703125,35.720001220703125,14655,0.0,0.0
2024-06-10 12:31:00-04:00,35.720001220703125,35.73500061035156,35.71200180053711,35.73500061035156,7258,0.0,0.0
2024-06-10 12:32:00-04:00,35.7400016784668,35.75,35.7400016784668,35.75,7685,0.0,0.0
2024-06-10 12:33:00-04:00,35.7599983215332,35.76499938964844,35.755001068115234,35.76499938964844,4245,0.0,0.0
2024-06-10 12:34:00-04:00,35.76499938964844,35.76499938964844,35.755001068115234,35.755001068115234,2549,0.0,0.0
2024-06-10 12:35:00-04:00,35.755001068115234,35.7588996887207,35.73500061035156,35.73500061035156,12860,0.0,0.0
2024-06-10 12:36:00-04:00,35.7400016784668,35.77000045776367,35.7400016784668,35.77000045776367,15834,0.0,0.0
2024-06-10 12:37:00-04:00,35.779998779296875,35.779998779296875,35.76499938964844,35.773399353027344,7046,0.0,0.0
2024-06-10 12:38:00-04:00,35.775001525878906,35.775001525878906,35.77000045776367,35.77000045776367,2992,0.0,0.0
2024-06-10 12:39:00-04:00,35.775001525878906,35.775001525878906,35.775001525878906,35.775001525878906,5292,0.0,0.0
2024-06-10 12:40:00-04:00,35.775001525878906,35.790000915527344,35.775001525878906,35.77750015258789,15358,0.0,0.0
2024-06-10 12:41:00-04:00,35.77000045776367,35.77000045776367,35.74250030517578,35.76499938964844,18693,0.0,0.0
2024-06-10 12:42:00-04:00,35.76499938964844,35.76499938964844,35.76499938964844,35.76499938964844,1919,0.0,0.0
2024-06-10 12:43:00-04:00,35.76499938964844,35.78499984741211,35.7599983215332,35.78499984741211,8828,0.0,0.0
2024-06-10 12:44:00-04:00,35.78499984741211,35.79999923706055,35.78499984741211,35.79499816894531,5362,0.0,0.0
2024-06-10 12:45:00-04:00,35.79990005493164,35.79990005493164,35.775001525878906,35.775001525878906,9388,0.0,0.0
2024-06-10 12:46:00-04:00,35.775001525878906,35.78499984741211,35.76499938964844,35.78499984741211,8279,0.0,0.0
2024-06-10 12:47:00-04:00,35.78499984741211,35.78499984741211,35.78499984741211,35.78499984741211,2865,0.0,0.0
2024-06-10 12:48:00-04:00,35.78499984741211,35.78499984741211,35.755001068115234,35.755001068115234,11887,0.0,0.0
2024-06-10 12:49:00-04:00,35.755001068115234,35.78499984741211,35.755001068115234,35.78179931640625,8615,0.0,0.0
2024-06-10 12:50:00-04:00,35.78499984741211,35.78499984741211,35.76499938964844,35.76499938964844,8534,0.0,0.0
2024-06-10 12:51:00-04:00,35.77000045776367,35.79750061035156,35.76499938964844,35.79499816894531,10227,0.0,0.0
2024-06-10 12:52:00-04:00,35.79499816894531,35.79499816894531,35.77750015258789,35.77750015258789,6187,0.0,0.0
2024-06-10 12:53:00-04:00,35.775001525878906,35.775001525878906,35.77000045776367,35.775001525878906,5458,0.0,0.0
2024-06-10 12:54:00-04:00,35.779998779296875,35.79499816894531,35.779998779296875,35.78499984741211,6663,0.0,0.0
2024-06-10 12:55:00-04:00,35.78499984741211,35.79499816894531,35.78499984741211,35.79499816894531,4693,0.0,0.0
2024-06-10 12:56:00-04:00,35.79499816894531,35.79499816894531,35.78200149536133,35.78499984741211,4495,0.0,0.0
2024-06-10 12:57:00-04:00,35.779998779296875,35.779998779296875,35.775001525878906,35.775001525878906,4743,0.0,0.0
2024-06-10 12:58:00-04:00,35.775001525878906,35.78499984741211,35.775001525878906,35.775001525878906,4186,0.0,0.0
2024-06-10 12:59:00-04:00,35.775001525878906,35.775001525878906,35.77000045776367,35.77000045776367,3748,0.0,0.0
2024-06-10 13:00:00-04:00,35.77000045776367,35.775001525878906,35.75,35.7599983215332,8335,0.0,0.0
2024-06-10 13:01:00-04:00,35.77000045776367,35.77000045776367,35.755001068115234,35.755001068115234,3732,0.0,0.0
2024-06-10 13:02:00-04:00,35.75,35.7599983215332,35.744998931884766,35.744998931884766,5971,0.0,0.0
2024-06-10 13:03:00-04:00,35.744998931884766,35.744998931884766,35.7400016784668,35.744998931884766,1435,0.0,0.0
2024-06-10 13:04:00-04:00,35.744998931884766,35.75,35.7400016784668,35.744998931884766,3018,0.0,0.0
2024-06-10 13:05:00-04:00,35.7400016784668,35.755001068115234,35.7400016784668,35.755001068115234,3441,0.0,0.0
2024-06-10 13:06:00-04:00,35.75,35.755001068115234,35.75,35.755001068115234,1539,0.0,0.0
2024-06-10 13:07:00-04:00,35.75,35.7599983215332,35.744998931884766,35.744998931884766,28254,0.0,0.0
2024-06-10 13:08:00-04:00,35.7400016784668,35.7400016784668,35.72999954223633,35.72999954223633,5813,0.0,0.0
2024-06-10 13:09:00-04:00,35.72999954223633,35.73500061035156,35.72999954223633,35.73500061035156,4470,0.0,0.0
2024-06-10 13:10:00-04:00,35.73500061035156,35.7400016784668,35.73500061035156,35.73500061035156,6837,0.0,0.0
2024-06-10 13:11:00-04:00,35.73500061035156,35.7400016784668,35.71500015258789,35.71500015258789,6638,0.0,0.0
2024-06-10 13:12:00-04:00,35.71500015258789,35.724998474121094,35.709999084472656,35.724998474121094,3973,0.0,0.0
2024-06-10 13:13:00-04:00,35.724998474121094,35.724998474121094,35.71009826660156,35.71500015258789,5731,0.0,0.0
2024-06-10 13:14:00-04:00,35.71500015258789,35.724998474121094,35.71500015258789,35.724998474121094,2506,0.0,0.0
2024-06-10 13:15:00-04:00,35.720001220703125,35.720001220703125,35.66999816894531,35.68000030517578,12563,0.0,0.0
2024-06-10 13:16:00-04:00,35.689998626708984,35.689998626708984,35.67499923706055,35.68000030517578,4400,0.0,0.0
2024-06-10 13:17:00-04:00,35.68000030517578,35.689998626708984,35.67499923706055,35.685001373291016,5718,0.0,0.0
2024-06-10 13:18:00-04:00,35.69499969482422,35.709999084472656,35.685001373291016,35.709999084472656,5977,0.0,0.0
2024-06-10 13:19:00-04:00,35.71500015258789,35.71500015258789,35.70000076293945,35.70500183105469,4389,0.0,0.0
2024-06-10 13:20:00-04:00,35.70500183105469,35.724998474121094,35.70500183105469,35.720001220703125,5113,0.0,0.0
2024-06-10 13:21:00-04:00,35.724998474121094,35.7400016784668,35.724998474121094,35.73500061035156,3512,0.0,0.0
2024-06-10 13:22:00-04:00,35.73500061035156,35.775001525878906,35.72999954223633,35.775001525878906,17809,0.0,0.0
2024-06-10 13:23:00-04:00,35.78499984741211,35.81999969482422,35.78499984741211,35.814998626708984,3878,0.0,0.0
2024-06-10 13:24:00-04:00,35.814998626708984,35.82500076293945,35.814998626708984,35.82500076293945,2227,0.0,0.0
2024-06-10 13:25:00-04:00,35.82500076293945,35.83000183105469,35.82500076293945,35.82500076293945,1311,0.0,0.0
2024-06-10 13:26:00-04:00,35.82500076293945,35.834999084472656,35.81999969482422,35.834999084472656,2758,0.0,0.0
2024-06-10 13:27:00-04:00,35.834999084472656,35.849998474121094,35.810001373291016,35.845001220703125,9923,0.0,0.0
2024-06-10 13:28:00-04:00,35.845001220703125,35.849998474121094,35.82500076293945,35.82500076293945,9781,0.0,0.0
2024-06-10 13:29:00-04:00,35.83000183105469,35.849998474121094,35.83000183105469,35.842498779296875,7470,0.0,0.0
2024-06-10 13:30:00-04:00,35.845001220703125,35.85499954223633,35.845001220703125,35.85499954223633,4472,0.0,0.0
2024-06-10 13:31:00-04:00,35.85499954223633,35.869998931884766,35.85499954223633,35.8650016784668,6528,0.0,0.0
2024-06-10 13:32:00-04:00,35.8650016784668,35.86859893798828,35.8650016784668,35.86859893798828,1582,0.0,0.0
2024-06-10 13:33:00-04:00,35.869998931884766,35.875,35.8650016784668,35.8650016784668,4666,0.0,0.0
2024-06-10 13:34:00-04:00,35.869998931884766,35.869998931884766,35.8650016784668,35.8650016784668,4527,0.0,0.0
2024-06-10 13:35:00-04:00,35.869998931884766,35.875,35.869998931884766,35.875,2908,0.0,0.0
2024-06-10 13:36:00-04:00,35.87990188598633,35.89500045776367,35.869998931884766,35.89500045776367,5900,0.0,0.0
2024-06-10 13:37:00-04:00,35.89500045776367,35.89500045776367,35.880001068115234,35.8849983215332,6135,0.0,0.0
2024-06-10 13:38:00-04:00,35.8849983215332,35.91999816894531,35.8849983215332,35.91999816894531,5753,0.0,0.0
2024-06-10 13:39:00-04:00,35.92499923706055,35.92499923706055,35.849998474121094,35.880001068115234,65240,0.0,0.0
2024-06-10 13:40:00-04:00,35.875,35.875,35.875,35.875,3834,0.0,0.0
2024-06-10 13:41:00-04:00,35.875,35.875,35.8650016784668,35.8650016784668,5996,0.0,0.0
2024-06-10 13:42:00-04:00,35.8650016784668,35.900001525878906,35.8650016784668,35.900001525878906,7754,0.0,0.0
2024-06-10 13:43:00-04:00,35.904998779296875,35.92499923706055,35.904998779296875,35.92499923706055,6015,0.0,0.0
2024-06-10 13:44:00-04:00,35.92499923706055,35.92499923706055,35.900001525878906,35.900001525878906,6505,0.0,0.0
2024-06-10 13:45:00-04:00,35.900001525878906,35.900001525878906,35.875,35.89500045776367,6643,0.0,0.0
2024-06-10 13:46:00-04:00,35.900001525878906,35.915000915527344,35.89500045776367,35.90999984741211,15442,0.0,0.0
2024-06-10 13:47:00-04:00,35.91019821166992,35.915000915527344,35.90999984741211,35.915000915527344,3313,0.0,0.0
2024-06-10 13:48:00-04:00,35.915000915527344,35.970001220703125,35.915000915527344,35.970001220703125,17343,0.0,0.0
2024-06-10 13:49:00-04:00,35.970001220703125,35.994998931884766,35.970001220703125,35.98500061035156,15014,0.0,0.0
2024-06-10 13:50:00-04:00,35.994998931884766,35.994998931884766,35.98500061035156,35.994998931884766,8450,0.0,0.0
2024-06-10 13:51:00-04:00,35.994998931884766,35.994998931884766,35.98500061035156,35.9900016784668,5009,0.0,0.0
2024-06-10 13:52:00-04:00,35.96500015258789,35.96500015258789,35.959999084472656,35.96500015258789,9087,0.0,0.0
2024-06-10 13:53:00-04:00,35.96500015258789,35.99869918823242,35.96500015258789,35.994998931884766,22550,0.0,0.0
2024-06-10 13:54:00-04:00,36.0,36.0099983215332,36.0,36.0099983215332,2611,0.0,0.0
2024-06-10 13:55:00-04:00,36.0099983215332,36.01499938964844,36.002498626708984,36.01499938964844,4568,0.0,0.0
2024-06-10 13:56:00-04:00,36.01499938964844,36.01559829711914,35.994998931884766,36.0,10434,0.0,0.0
2024-06-10 13:57:00-04:00,36.0,36.005001068115234,35.994998931884766,36.0,7502,0.0,0.0
2024-06-10 13:58:00-04:00,36.0,36.029998779296875,36.0,36.01499938964844,11373,0.0,0.0
2024-06-10 13:59:00-04:00,36.02000045776367,36.02000045776367,35.994998931884766,36.0,5416,0.0,0.0
2024-06-10 14:00:00-04:00,36.005001068115234,36.0099983215332,36.0,36.005001068115234,2066,0.0,0.0
2024-06-10 14:01:00-04:00,36.0,36.0,35.95500183105469,35.95500183105469,7178,0.0,0.0
2024-06-10 14:02:00-04:00,35.953800201416016,35.953800201416016,35.91749954223633,35.91749954223633,4869,0.0,0.0
2024-06-10 14:03:00-04:00,35.915000915527344,35.93000030517578,35.915000915527344,35.93000030517578,2139,0.0,0.0
2024-06-10 14:04:00-04:00,35.92490005493164,35.92499923706055,35.92490005493164,35.92499923706055,1664,0.0,0.0
2024-06-10 14:05:00-04:00,35.91999816894531,35.91999816894531,35.90999984741211,35.915000915527344,4467,0.0,0.0
2024-06-10 14:06:00-04:00,35.915000915527344,35.91999816894531,35.904998779296875,35.915000915527344,12019,0.0,0.0
2024-06-10 14:07:00-04:00,35.91109848022461,35.915000915527344,35.90449905395508,35.904998779296875,4112,0.0,0.0
2024-06-10 14:08:00-04:00,35.904998779296875,35.92499923706055,35.904998779296875,35.915000915527344,306453,0.0,0.0
2024-06-10 14:09:00-04:00,35.90999984741211,35.915000915527344,35.8849983215332,35.910701751708984,9332,0.0,0.0
2024-06-10 14:10:00-04:00,35.915000915527344,35.93000030517578,35.915000915527344,35.93000030517578,8066,0.0,0.0
2024-06-10 14:11:00-04:00,35.935001373291016,35.95500183105469,35.935001373291016,35.94499969482422,5915,0.0,0.0
2024-06-10 14:12:00-04:00,35.95000076293945,35.96500015258789,35.94499969482422,35.95500183105469,10568,0.0,0.0
2024-06-10 14:13:00-04:00,35.95000076293945,35.97999954223633,35.95000076293945,35.97999954223633,4955,0.0,0.0
2024-06-10 14:14:00-04:00,35.98500061035156,35.98500061035156,35.974998474121094,35.97999954223633,6984,0.0,0.0
2024-06-10 14:15:00-04:00,35.98500061035156,36.02000045776367,35.98500061035156,35.9900016784668,15907,0.0,0.0
2024-06-10 14:16:00-04:00,35.98500061035156,36.0,35.98500061035156,35.9900016784668,6527,0.0,0.0
2024-06-10 14:17:00-04:00,35.98500061035156,35.98899841308594,35.97999954223633,35.98899841308594,2786,0.0,0.0
2024-06-10 14:18:00-04:00,35.9900016784668,35.9900016784668,35.974998474121094,35.98500061035156,8454,0.0,0.0
2024-06-10 14:19:00-04:00,35.98500061035156,35.98500061035156,35.95500183105469,35.95500183105469,6687,0.0,0.0
2024-06-10 14:20:00-04:00,35.95000076293945,35.95000076293945,35.91999816894531,35.94499969482422,9475,0.0,0.0
2024-06-10 14:21:00-04:00,35.94499969482422,35.959999084472656,35.94499969482422,35.95500183105469,3186,0.0,0.0
2024-06-10 14:22:00-04:00,35.95500183105469,35.95500183105469,35.939998626708984,35.95500183105469,7671,0.0,0.0
2024-06-10 14:23:00-04:00,35.95500183105469,35.959999084472656,35.95000076293945,35.95000076293945,4344,0.0,0.0
2024-06-10 14:24:00-04:00,35.959999084472656,35.96500015258789,35.95000076293945,35.959999084472656,7266,0.0,0.0
2024-06-10 14:25:00-04:00,35.96500015258789,36.005001068115234,35.96500015258789,35.994998931884766,3105,0.0,0.0
2024-06-10 14:26:00-04:00,36.0,36.0,35.9900016784668,35.9900016784668,2355,0.0,0.0
2024-06-10 14:27:00-04:00,35.97999954223633,35.97999954223633,35.96500015258789,35.974998474121094,7536,0.0,0.0
2024-06-10 14:28:00-04:00,35.974998474121094,35.974998474121094,35.96500015258789,35.970001220703125,8209,0.0,0.0
2024-06-10 14:29:00-04:00,35.974998474121094,35.974998474121094,35.970001220703125,35.974998474121094,8803,0.0,0.0
2024-06-10 14:30:00-04:00,35.974998474121094,35.97999954223633,35.970001220703125,35.974998474121094,9038,0.0,0.0
2024-06-10 14:31:00-04:00,35.974998474121094,35.9900016784668,35.974998474121094,35.98500061035156,3761,0.0,0.0
2024-06-10 14:32:00-04:00,35.9900016784668,36.0099983215332,35.9900016784668,36.0099983215332,2809,0.0,0.0
2024-06-10 14:33:00-04:00,36.01499938964844,36.02000045776367,36.01499938964844,36.01499938964844,3891,0.0,0.0
2024-06-10 14:34:00-04:00,36.01810073852539,36.01810073852539,36.005001068115234,36.01499938964844,3725,0.0,0.0
2024-06-10 14:35:00-04:00,36.01499938964844,36.01499938964844,36.0099983215332,36.01499938964844,2311,0.0,0.0
2024-06-10 14:36:00-04:00,36.01499938964844,36.025001525878906,36.01499938964844,36.025001525878906,5372,0.0,0.0
2024-06-10 14:37:00-04:00,36.02000045776367,36.02000045776367,36.005001068115234,36.005001068115234,7724,0.0,0.0
2024-06-10 14:38:00-04:00,36.005001068115234,36.01499938964844,36.0,36.005001068115234,14981,0.0,0.0
2024-06-10 14:39:00-04:00,36.0099983215332,36.02000045776367,36.0099983215332,36.02000045776367,4515,0.0,0.0
2024-06-10 14:40:00-04:00,36.01499938964844,36.01499938964844,36.01499938964844,36.01499938964844,1691,0.0,0.0
2024-06-10 14:41:00-04:00,36.0099983215332,36.0099983215332,36.0,36.0099983215332,2129,0.0,0.0
2024-06-10 14:42:00-04:00,36.005001068115234,36.03499984741211,36.0,36.03499984741211,9085,0.0,0.0
2024-06-10 14:43:00-04:00,36.029998779296875,36.029998779296875,36.025001525878906,36.025001525878906,1689,0.0,0.0
2024-06-10 14:44:00-04:00,36.029998779296875,36.03889846801758,36.029998779296875,36.03409957885742,3280,0.0,0.0
2024-06-10 14:45:00-04:00,36.03499984741211,36.040000915527344,36.03499984741211,36.040000915527344,1477,0.0,0.0
2024-06-10 14:46:00-04:00,36.03889846801758,36.03889846801758,36.029998779296875,36.03070068359375,4064,0.0,0.0
2024-06-10 14:47:00-04:00,36.025001525878906,36.025001525878906,36.0099983215332,36.01499938964844,5493,0.0,0.0
2024-06-10 14:48:00-04:00,36.01499938964844,36.025001525878906,36.01499938964844,36.025001525878906,6687,0.0,0.0
2024-06-10 14:49:00-04:00,36.025001525878906,36.025001525878906,36.005001068115234,36.005001068115234,4372,0.0,0.0
2024-06-10 14:50:00-04:00,36.005001068115234,36.0099983215332,35.994998931884766,35.994998931884766,9209,0.0,0.0
2024-06-10 14:51:00-04:00,35.994998931884766,36.025001525878906,35.98749923706055,36.0099983215332,12716,0.0,0.0
2024-06-10 14:52:00-04:00,36.005001068115234,36.005001068115234,35.994998931884766,35.994998931884766,7995,0.0,0.0
2024-06-10 14:53:00-04:00,35.9900016784668,35.9900016784668,35.98500061035156,35.98500061035156,2561,0.0,0.0
2024-06-10 14:54:00-04:00,35.98500061035156,35.9900016784668,35.97999954223633,35.98500061035156,60486,0.0,0.0
2024-06-10 14:55:00-04:00,35.97999954223633,35.98500061035156,35.974998474121094,35.974998474121094,53612,0.0,0.0
2024-06-10 14:56:00-04:00,35.970001220703125,35.970001220703125,35.95500183105469,35.970001220703125,15597,0.0,0.0
2024-06-10 14:57:00-04:00,35.970001220703125,35.970001220703125,35.9630012512207,35.96500015258789,2256,0.0,0.0
2024-06-10 14:58:00-04:00,35.96500015258789,35.970001220703125,35.96500015258789,35.970001220703125,7053,0.0,0.0
2024-06-10 14:59:00-04:00,35.959999084472656,35.959999084472656,35.94499969482422,35.94499969482422,6427,0.0,0.0
2024-06-10 15:00:00-04:00,35.939998626708984,35.939998626708984,35.914398193359375,35.935001373291016,10321,0.0,0.0
2024-06-10 15:01:00-04:00,35.93000030517578,35.93000030517578,35.915000915527344,35.915000915527344,3585,0.0,0.0
2024-06-10 15:02:00-04:00,35.90999984741211,35.939998626708984,35.907501220703125,35.93000030517578,29327,0.0,0.0
2024-06-10 15:03:00-04:00,35.935001373291016,35.945899963378906,35.935001373291016,35.935001373291016,30486,0.0,0.0
2024-06-10 15:04:00-04:00,35.935001373291016,35.93790054321289,35.935001373291016,35.935001373291016,4840,0.0,0.0
2024-06-10 15:05:00-04:00,35.935001373291016,35.935001373291016,35.932498931884766,35.935001373291016,2648,0.0,0.0
2024-06-10 15:06:00-04:00,35.935001373291016,35.939998626708984,35.91999816894531,35.91999816894531,6200,0.0,0.0
2024-06-10 15:07:00-04:00,35.92250061035156,35.92499923706055,35.8849983215332,35.8849983215332,7394,0.0,0.0
2024-06-10 15:08:00-04:00,35.875,35.888999938964844,35.875,35.8849983215332,3386,0.0,0.0
2024-06-10 15:09:00-04:00,35.88999938964844,35.900001525878906,35.88999938964844,35.89500045776367,5338,0.0,0.0
2024-06-10 15:10:00-04:00,35.88999938964844,35.88999938964844,35.880001068115234,35.880001068115234,7576,0.0,0.0
2024-06-10 15:11:00-04:00,35.8849983215332,35.8849983215332,35.875,35.875,5596,0.0,0.0
2024-06-10 15:12:00-04:00,35.869998931884766,35.875,35.86000061035156,35.86000061035156,3761,0.0,0.0
2024-06-10 15:13:00-04:00,35.8650016784668,35.869998931884766,35.86000061035156,35.8650016784668,4915,0.0,0.0
2024-06-10 15:14:00-04:00,35.8650016784668,35.86899948120117,35.849998474121094,35.8650016784668,12001,0.0,0.0
2024-06-10 15:15:00-04:00,35.869998931884766,35.875,35.834999084472656,35.834999084472656,11667,0.0,0.0
2024-06-10 15:16:00-04:00,35.834999084472656,35.84000015258789,35.83000183105469,35.84000015258789,10787,0.0,0.0
2024-06-10 15:17:00-04:00,35.84000015258789,35.845001220703125,35.834999084472656,35.84000015258789,3946,0.0,0.0
2024-06-10 15:18:00-04:00,35.84000015258789,35.845001220703125,35.84000015258789,35.845001220703125,3345,0.0,0.0
2024-06-10 15:19:00-04:00,35.845001220703125,35.85499954223633,35.845001220703125,35.845001220703125,8290,0.0,0.0
2024-06-10 15:20:00-04:00,35.849998474121094,35.85499954223633,35.849998474121094,35.85499954223633,3416,0.0,0.0
2024-06-10 15:21:00-04:00,35.85499954223633,35.86000061035156,35.845001220703125,35.845001220703125,31965,0.0,0.0
2024-06-10 15:22:00-04:00,35.845001220703125,35.85499954223633,35.834999084472656,35.834999084472656,7488,0.0,0.0
2024-06-10 15:23:00-04:00,35.834999084472656,35.85499954223633,35.834999084472656,35.85499954223633,15181,0.0,0.0
2024-06-10 15:24:00-04:00,35.85499954223633,35.8849983215332,35.85499954223633,35.880001068115234,17002,0.0,0.0
2024-06-10 15:25:00-04:00,35.875,35.8849983215332,35.8650016784668,35.8849983215332,7838,0.0,0.0
2024-06-10 15:26:00-04:00,35.88999938964844,35.935001373291016,35.88999938964844,35.935001373291016,23979,0.0,0.0
2024-06-10 15:27:00-04:00,35.938201904296875,35.938201904296875,35.87070083618164,35.89500045776367,30238,0.0,0.0
2024-06-10 15:28:00-04:00,35.89500045776367,35.900001525878906,35.89500045776367,35.89500045776367,2813,0.0,0.0
2024-06-10 15:29:00-04:00,35.89500045776367,35.904998779296875,35.88999938964844,35.89500045776367,5025,0.0,0.0
2024-06-10 15:30:00-04:00,35.89500045776367,35.89500045776367,35.875,35.875,7182,0.0,0.0
2024-06-10 15:31:00-04:00,35.880001068115234,35.880001068115234,35.86000061035156,35.86000061035156,10718,0.0,0.0
2024-06-10 15:32:00-04:00,35.852500915527344,35.85499954223633,35.83000183105469,35.83000183105469,10811,0.0,0.0
2024-06-10 15:33:00-04:00,35.84000015258789,35.849998474121094,35.84000015258789,35.845001220703125,9988,0.0,0.0
2024-06-10 15:34:00-04:00,35.845001220703125,35.8650016784668,35.845001220703125,35.845001220703125,21290,0.0,0.0
2024-06-10 15:35:00-04:00,35.845001220703125,35.845001220703125,35.84000015258789,35.845001220703125,9047,0.0,0.0
2024-06-10 15:36:00-04:00,35.845001220703125,35.849998474121094,35.82500076293945,35.834999084472656,34571,0.0,0.0
2024-06-10 15:37:00-04:00,35.834999084472656,35.834999084472656,35.810001373291016,35.810001373291016,7280,0.0,0.0
2024-06-10 15:38:00-04:00,35.814998626708984,35.814998626708984,35.810001373291016,35.814998626708984,3936,0.0,0.0
2024-06-10 15:39:00-04:00,35.814998626708984,35.83000183105469,35.814998626708984,35.814998626708984,8750,0.0,0.0
2024-06-10 15:40:00-04:00,35.816001892089844,35.82500076293945,35.80500030517578,35.82500076293945,17640,0.0,0.0
2024-06-10 15:41:00-04:00,35.82500076293945,35.83000183105469,35.77000045776367,35.775001525878906,79548,0.0,0.0
2024-06-10 15:42:00-04:00,35.779998779296875,35.779998779296875,35.76499938964844,35.77000045776367,13740,0.0,0.0
2024-06-10 15:43:00-04:00,35.775001525878906,35.775001525878906,35.7599983215332,35.77000045776367,13579,0.0,0.0
2024-06-10 15:44:00-04:00,35.76499938964844,35.76499938964844,35.7400016784668,35.76499938964844,28668,0.0,0.0
2024-06-10 15:45:00-04:00,35.76499938964844,35.775001525878906,35.7599983215332,35.76499938964844,21750,0.0,0.0
2024-06-10 15:46:00-04:00,35.76499938964844,35.76499938964844,35.7400016784668,35.744998931884766,18804,0.0,0.0
2024-06-10 15:47:00-04:00,35.744998931884766,35.744998931884766,35.730201721191406,35.744998931884766,26561,0.0,0.0
2024-06-10 15:48:00-04:00,35.744998931884766,35.75,35.709999084472656,35.709999084472656,41942,0.0,0.0
2024-06-10 15:49:00-04:00,35.709999084472656,35.720001220703125,35.68000030517578,35.68000030517578,26949,0.0,0.0
2024-06-10 15:50:00-04:00,35.650001525878906,35.685001373291016,35.6349983215332,35.67499923706055,90040,0.0,0.0
2024-06-10 15:51:00-04:00,35.67499923706055,35.67499923706055,35.650001525878906,35.665000915527344,47535,0.0,0.0
2024-06-10 15:52:00-04:00,35.66999816894531,35.68000030517578,35.65999984741211,35.67499923706055,43439,0.0,0.0
2024-06-10 15:53:00-04:00,35.67499923706055,35.67499923706055,35.65999984741211,35.67499923706055,30893,0.0,0.0
2024-06-10 15:54:00-04:00,35.67499923706055,35.67499923706055,35.560001373291016,35.59000015258789,195950,0.0,0.0
2024-06-10 15:55:00-04:00,35.59000015258789,35.630001068115234,35.59000015258789,35.6150016784668,86817,0.0,0.0
2024-06-10 15:56:00-04:00,35.6150016784668,35.6150016784668,35.59000015258789,35.60499954223633,91713,0.0,0.0
2024-06-10 15:57:00-04:00,35.599998474121094,35.60499954223633,35.58000183105469,35.60499954223633,106247,0.0,0.0
2024-06-10 15:58:00-04:00,35.60499954223633,35.63999938964844,35.60499954223633,35.630001068115234,106237,0.0,0.0
2024-06-10 15:59:00-04:00,35.625,35.650001525878906,35.595001220703125,35.599998474121094,277892,0.0,0.0
2024-06-11 09:30:00-04:00,35.130001068115234,35.18000030517578,35.08000183105469,35.08000183105469,45247,0.0,0.0
2024-06-11 09:31:00-04:00,35.099998474121094,35.099998474121094,35.0099983215332,35.040000915527344,14142,0.0,0.0
2024-06-11 09:32:00-04:00,35.04499816894531,35.11000061035156,35.02000045776367,35.060001373291016,9209,0.0,0.0
2024-06-11 09:33:00-04:00,35.029998779296875,35.06999969482422,34.97999954223633,35.01499938964844,14243,0.0,0.0
2024-06-11 09:34:00-04:00,35.02000045776367,35.040000915527344,34.880001068115234,34.880001068115234,29784,0.0,0.0
2024-06-11 09:35:00-04:00,34.86000061035156,34.970001220703125,34.86000061035156,34.93000030517578,24994,0.0,0.0
2024-06-11 09:36:00-04:00,34.90999984741211,34.91999816894531,34.880001068115234,34.90999984741211,7978,0.0,0.0
2024-06-11 09:37:00-04:00,34.86000061035156,34.86000061035156,34.790000915527344,34.82500076293945,13649,0.0,0.0
2024-06-11 09:38:00-04:00,34.83000183105469,34.97999954223633,34.79999923706055,34.97999954223633,22573,0.0,0.0
2024-06-11 09:39:00-04:00,34.9900016784668,34.9900016784668,34.91999816894531,34.970001220703125,5955,0.0,0.0
2024-06-11 09:40:00-04:00,34.97999954223633,35.0099983215332,34.91999816894531,34.959999084472656,22481,0.0,0.0
2024-06-11 09:41:00-04:00,34.95500183105469,34.97999954223633,34.91999816894531,34.95000076293945,12056,0.0,0.0
2024-06-11 09:42:00-04:00,34.959999084472656,34.959999084472656,34.869998931884766,34.91999816894531,110379,0.0,0.0
2024-06-11 09:43:00-04:00,34.91999816894531,34.91999816894531,34.79999923706055,34.810001373291016,13824,0.0,0.0
2024-06-11 09:44:00-04:00,34.83000183105469,34.91999816894531,34.810001373291016,34.91999816894531,40635,0.0,0.0
2024-06-11 09:45:00-04:00,34.90999984741211,34.90999984741211,34.869998931884766,34.880001068115234,60659,0.0,0.0
2024-06-11 09:46:00-04:00,34.869998931884766,34.88999938964844,34.83000183105469,34.88999938964844,13049,0.0,0.0
2024-06-11 09:47:00-04:00,34.88999938964844,34.88999938964844,34.869998931884766,34.87990188598633,3955,0.0,0.0
2024-06-11 09:49:00-04:00,34.849998474121094,34.849998474121094,34.83000183105469,34.849998474121094,15718,0.0,0.0
2024-06-11 09:50:00-04:00,34.810001373291016,34.849998474121094,34.810001373291016,34.845001220703125,11900,0.0,0.0
2024-06-11 09:51:00-04:00,34.849998474121094,34.92499923706055,34.849998474121094,34.900001525878906,9618,0.0,0.0
2024-06-11 09:52:00-04:00,34.88999938964844,34.88999938964844,34.869998931884766,34.880001068115234,3326,0.0,0.0
2024-06-11 09:53:00-04:00,34.88999938964844,34.970001220703125,34.880001068115234,34.970001220703125,34494,0.0,0.0
2024-06-11 09:54:00-04:00,34.97999954223633,35.0,34.93000030517578,34.93000030517578,9997,0.0,0.0
2024-06-11 09:55:00-04:00,34.900001525878906,34.939998626708984,34.88999938964844,34.93000030517578,30437,0.0,0.0
2024-06-11 09:56:00-04:00,34.91999816894531,34.935001373291016,34.91299819946289,34.93000030517578,9508,0.0,0.0
2024-06-11 09:57:00-04:00,34.93000030517578,34.95000076293945,34.900001525878906,34.93000030517578,21011,0.0,0.0
2024-06-11 09:58:00-04:00,34.92499923706055,34.92499923706055,34.8849983215332,34.91999816894531,5878,0.0,0.0
2024-06-11 09:59:00-04:00,34.93000030517578,34.95000076293945,34.900001525878906,34.94499969482422,9111,0.0,0.0
2024-06-11 10:00:00-04:00,34.95000076293945,35.0,34.94499969482422,35.0,16476,0.0,0.0
2024-06-11 10:01:00-04:00,34.98160171508789,34.9900016784668,34.89500045776367,34.89500045776367,21836,0.0,0.0
2024-06-11 10:02:00-04:00,34.89500045776367,34.89500045776367,34.834999084472656,34.86000061035156,9363,0.0,0.0
2024-06-11 10:03:00-04:00,34.880001068115234,34.880001068115234,34.81999969482422,34.845001220703125,14434,0.0,0.0
2024-06-11 10:04:00-04:00,34.84989929199219,34.869998931884766,34.83000183105469,34.85499954223633,48272,0.0,0.0
2024-06-11 10:05:00-04:00,34.869998931884766,34.880001068115234,34.84000015258789,34.869998931884766,7169,0.0,0.0
2024-06-11 10:06:00-04:00,34.875,34.89500045776367,34.875,34.88999938964844,6170,0.0,0.0
2024-06-11 10:07:00-04:00,34.900001525878906,34.91999816894531,34.89500045776367,34.904998779296875,16734,0.0,0.0
2024-06-11 10:08:00-04:00,34.90999984741211,34.94499969482422,34.904998779296875,34.915000915527344,9893,0.0,0.0
2024-06-11 10:09:00-04:00,34.915000915527344,34.94499969482422,34.900001525878906,34.939998626708984,12841,0.0,0.0
2024-06-11 10:10:00-04:00,34.939998626708984,34.959999084472656,34.869998931884766,34.869998931884766,8710,0.0,0.0
2024-06-11 10:11:00-04:00,34.875,34.8849983215332,34.8650016784668,34.869998931884766,5487,0.0,0.0
2024-06-11 10:12:00-04:00,34.880001068115234,34.900001525878906,34.875,34.875,7681,0.0,0.0
2024-06-11 10:13:00-04:00,34.880001068115234,34.91999816894531,34.875,34.9109001159668,10564,0.0,0.0
2024-06-11 10:15:00-04:00,34.94990158081055,34.95500183105469,34.94990158081055,34.95500183105469,18997,0.0,0.0
2024-06-11 10:16:00-04:00,34.95500183105469,34.97999954223633,34.95500183105469,34.96500015258789,13069,0.0,0.0
2024-06-11 10:17:00-04:00,34.959999084472656,35.0,34.959999084472656,34.970001220703125,15398,0.0,0.0
2024-06-11 10:18:00-04:00,34.970001220703125,34.98500061035156,34.95500183105469,34.96500015258789,7594,0.0,0.0
2024-06-11 10:19:00-04:00,34.970001220703125,35.01499938964844,34.970001220703125,35.005001068115234,5876,0.0,0.0
2024-06-11 10:20:00-04:00,35.02000045776367,35.025001525878906,34.97999954223633,34.98500061035156,49219,0.0,0.0
2024-06-11 10:21:00-04:00,34.9900016784668,35.029998779296875,34.9900016784668,35.02000045776367,16934,0.0,0.0
2024-06-11 10:22:00-04:00,35.025001525878906,35.04499816894531,35.02000045776367,35.02000045776367,14058,0.0,0.0
2024-06-11 10:23:00-04:00,35.025001525878906,35.060001373291016,35.02000045776367,35.060001373291016,25383,0.0,0.0
2024-06-11 10:24:00-04:00,35.05500030517578,35.06999969482422,35.04999923706055,35.04999923706055,13098,0.0,0.0
2024-06-11 10:25:00-04:00,35.04499816894531,35.04999923706055,35.005001068115234,35.029998779296875,6959,0.0,0.0
2024-06-11 10:26:00-04:00,35.025001525878906,35.060001373291016,35.025001525878906,35.060001373291016,3955,0.0,0.0
2024-06-11 10:27:00-04:00,35.060001373291016,35.08000183105469,35.04010009765625,35.05500030517578,25715,0.0,0.0
2024-06-11 10:28:00-04:00,35.060001373291016,35.060001373291016,35.029998779296875,35.04999923706055,5859,0.0,0.0
2024-06-11 10:29:00-04:00,35.029998779296875,35.029998779296875,34.939998626708984,34.939998626708984,12747,0.0,0.0
2024-06-11 10:30:00-04:00,34.93000030517578,34.95000076293945,34.90999984741211,34.94499969482422,11105,0.0,0.0
2024-06-11 10:31:00-04:00,34.95000076293945,34.95500183105469,34.915000915527344,34.93000030517578,8029,0.0,0.0
2024-06-11 10:32:00-04:00,34.939998626708984,34.96500015258789,34.915000915527344,34.915000915527344,13769,0.0,0.0
2024-06-11 10:33:00-04:00,34.91999816894531,34.95000076293945,34.91999816894531,34.939998626708984,10736,0.0,0.0
2024-06-11 10:34:00-04:00,34.938899993896484,34.959999084472656,34.935001373291016,34.959999084472656,4355,0.0,0.0
2024-06-11 10:35:00-04:00,34.96500015258789,34.970001220703125,34.904998779296875,34.904998779296875,7045,0.0,0.0
2024-06-11 10:36:00-04:00,34.900001525878906,34.900001525878906,34.875,34.88999938964844,6692,0.0,0.0
2024-06-11 10:37:00-04:00,34.88999938964844,34.900001525878906,34.869998931884766,34.869998931884766,4727,0.0,0.0
2024-06-11 10:38:00-04:00,34.869998931884766,34.875,34.82500076293945,34.82500076293945,6585,0.0,0.0
2024-06-11 10:39:00-04:00,34.84000015258789,34.849998474121094,34.83000183105469,34.83000183105469,6709,0.0,0.0
2024-06-11 10:40:00-04:00,34.82500076293945,34.82939910888672,34.810001373291016,34.81999969482422,4189,0.0,0.0
2024-06-11 10:41:00-04:00,34.828399658203125,34.85499954223633,34.828399658203125,34.85499954223633,5928,0.0,0.0
2024-06-11 10:42:00-04:00,34.851600646972656,34.85210037231445,34.845001220703125,34.849998474121094,2634,0.0,0.0
2024-06-11 10:43:00-04:00,34.849998474121094,34.86000061035156,34.84199905395508,34.845001220703125,5323,0.0,0.0
2024-06-11 10:44:00-04:00,34.849998474121094,34.849998474121094,34.79499816894531,34.80500030517578,14158,0.0,0.0
2024-06-11 10:45:00-04:00,34.82500076293945,34.83000183105469,34.79999923706055,34.80500030517578,7948,0.0,0.0
2024-06-11 10:46:00-04:00,34.79999923706055,34.80500030517578,34.78499984741211,34.78499984741211,9117,0.0,0.0
2024-06-11 10:47:00-04:00,34.790000915527344,34.80500030517578,34.78450012207031,34.790000915527344,5635,0.0,0.0
2024-06-11 10:48:00-04:00,34.790000915527344,34.83000183105469,34.790000915527344,34.80500030517578,7845,0.0,0.0
2024-06-11 10:49:00-04:00,34.814998626708984,34.83000183105469,34.814998626708984,34.83000183105469,16014,0.0,0.0
2024-06-11 10:50:00-04:00,34.83000183105469,34.85919952392578,34.83000183105469,34.85499954223633,3905,0.0,0.0
2024-06-11 10:51:00-04:00,34.86000061035156,34.86000061035156,34.845001220703125,34.86000061035156,4062,0.0,0.0
2024-06-11 10:52:00-04:00,34.8650016784668,34.8650016784668,34.845001220703125,34.85499954223633,1617,0.0,0.0
2024-06-11 10:53:00-04:00,34.86000061035156,34.86320114135742,34.854698181152344,34.86000061035156,6327,0.0,0.0
2024-06-11 10:54:00-04:00,34.85499954223633,34.900001525878906,34.850101470947266,34.900001525878906,18132,0.0,0.0
2024-06-11 10:55:00-04:00,34.900001525878906,34.91999816894531,34.89500045776367,34.91999816894531,20789,0.0,0.0
2024-06-11 10:56:00-04:00,34.915000915527344,34.92499923706055,34.900001525878906,34.904998779296875,10264,0.0,0.0
2024-06-11 10:57:00-04:00,34.91999816894531,34.938899993896484,34.915000915527344,34.938899993896484,6941,0.0,0.0
2024-06-11 10:58:00-04:00,34.935001373291016,34.95100021362305,34.92499923706055,34.95100021362305,10171,0.0,0.0
2024-06-11 10:59:00-04:00,34.94499969482422,34.96500015258789,34.92499923706055,34.95500183105469,8351,0.0,0.0
2024-06-11 11:00:00-04:00,34.95000076293945,34.9900016784668,34.94499969482422,34.9900016784668,8942,0.0,0.0
2024-06-11 11:01:00-04:00,34.994998931884766,35.005001068115234,34.994998931884766,35.0,7888,0.0,0.0
2024-06-11 11:02:00-04:00,34.994998931884766,35.02000045776367,34.994998931884766,35.02000045776367,12400,0.0,0.0
2024-06-11 11:03:00-04:00,35.025001525878906,35.025001525878906,35.0099983215332,35.0099983215332,5777,0.0,0.0
2024-06-11 11:04:00-04:00,35.005001068115234,35.0099983215332,34.95000076293945,34.95000076293945,12599,0.0,0.0
2024-06-11 11:05:00-04:00,34.94499969482422,34.94499969482422,34.890098571777344,34.89500045776367,18199,0.0,0.0
2024-06-11 11:06:00-04:00,34.89500045776367,34.895301818847656,34.86000061035156,34.86000061035156,25520,0.0,0.0
2024-06-11 11:07:00-04:00,34.849998474121094,34.88999938964844,34.845001220703125,34.88999938964844,37624,0.0,0.0
2024-06-11 11:08:00-04:00,34.900001525878906,34.915000915527344,34.89500045776367,34.89500045776367,6647,0.0,0.0
2024-06-11 11:09:00-04:00,34.88999938964844,34.93000030517578,34.88999938964844,34.92499923706055,6877,0.0,0.0
2024-06-11 11:10:00-04:00,34.92499923706055,34.93000030517578,34.90999984741211,34.915000915527344,6957,0.0,0.0
2024-06-11 11:11:00-04:00,34.90999984741211,34.90999984741211,34.8849983215332,34.8849983215332,4023,0.0,0.0
2024-06-11 11:12:00-04:00,34.88999938964844,34.904998779296875,34.880001068115234,34.880001068115234,7741,0.0,0.0
2024-06-11 11:13:00-04:00,34.8650016784668,34.869998931884766,34.85499954223633,34.869998931884766,2283,0.0,0.0
2024-06-11 11:14:00-04:00,34.880001068115234,34.88999938964844,34.880001068115234,34.88999938964844,2288,0.0,0.0
2024-06-11 11:15:00-04:00,34.88999938964844,34.89500045776367,34.88990020751953,34.88999938964844,5462,0.0,0.0
2024-06-11 11:16:00-04:00,34.900001525878906,34.90999984741211,34.88999938964844,34.900001525878906,24699,0.0,0.0
2024-06-11 11:17:00-04:00,34.90999984741211,34.90999984741211,34.880001068115234,34.8849983215332,6867,0.0,0.0
2024-06-11 11:18:00-04:00,34.910099029541016,34.915000915527344,34.904998779296875,34.915000915527344,9643,0.0,0.0
2024-06-11 11:19:00-04:00,34.915000915527344,34.915000915527344,34.90999984741211,34.90999984741211,1159,0.0,0.0
2024-06-11 11:20:00-04:00,34.915000915527344,34.91999816894531,34.90999984741211,34.91999816894531,6052,0.0,0.0
2024-06-11 11:21:00-04:00,34.93000030517578,34.95000076293945,34.93000030517578,34.94499969482422,29010,0.0,0.0
2024-06-11 11:22:00-04:00,34.94499969482422,34.96500015258789,34.94499969482422,34.96500015258789,5302,0.0,0.0
2024-06-11 11:23:00-04:00,34.970001220703125,34.9900016784668,34.970001220703125,34.97999954223633,7389,0.0,0.0
2024-06-11 11:24:00-04:00,34.98109817504883,34.98109817504883,34.959999084472656,34.959999084472656,5915,0.0,0.0
2024-06-11 11:25:00-04:00,34.95500183105469,34.98500061035156,34.95500183105469,34.98500061035156,4342,0.0,0.0
2024-06-11 11:26:00-04:00,34.9900016784668,35.0099983215332,34.9900016784668,35.0099983215332,9266,0.0,0.0
2024-06-11 11:27:00-04:00,35.005001068115234,35.01499938964844,34.98500061035156,34.9900016784668,20922,0.0,0.0
2024-06-11 11:28:00-04:00,34.9900016784668,35.005001068115234,34.9900016784668,35.005001068115234,11080,0.0,0.0
2024-06-11 11:29:00-04:00,35.0,35.01499938964844,34.959999084472656,34.96500015258789,22988,0.0,0.0
2024-06-11 11:30:00-04:00,34.970001220703125,35.005001068115234,34.970001220703125,35.0,12229,0.0,0.0
2024-06-11 11:31:00-04:00,35.005001068115234,35.025001525878906,35.0,35.025001525878906,9070,0.0,0.0
2024-06-11 11:32:00-04:00,35.029998779296875,35.029998779296875,35.02009963989258,35.025001525878906,3781,0.0,0.0
2024-06-11 11:33:00-04:00,35.025001525878906,35.029998779296875,35.025001525878906,35.029998779296875,3083,0.0,0.0
2024-06-11 11:34:00-04:00,35.029998779296875,35.029998779296875,35.02000045776367,35.02000045776367,3731,0.0,0.0
2024-06-11 11:35:00-04:00,35.025001525878906,35.02899932861328,35.0099983215332,35.01499938964844,6510,0.0,0.0
2024-06-11 11:36:00-04:00,35.0099983215332,35.0099983215332,35.0,35.0099983215332,4089,0.0,0.0
2024-06-11 11:37:00-04:00,35.0099983215332,35.01499938964844,35.005001068115234,35.01499938964844,6650,0.0,0.0
2024-06-11 11:38:00-04:00,35.01499938964844,35.01499938964844,34.999900817871094,35.0,2179,0.0,0.0
2024-06-11 11:39:00-04:00,35.0,35.000099182128906,35.0,35.0,1066,0.0,0.0
2024-06-11 11:40:00-04:00,35.0,35.005001068115234,34.9900016784668,35.005001068115234,3718,0.0,0.0
2024-06-11 11:41:00-04:00,35.0,35.0,34.98500061035156,34.9900016784668,5016,0.0,0.0
2024-06-11 11:42:00-04:00,34.9900016784668,35.02000045776367,34.9900016784668,35.005001068115234,19840,0.0,0.0
2024-06-11 11:43:00-04:00,35.0,35.005001068115234,34.994998931884766,35.005001068115234,21445,0.0,0.0
2024-06-11 11:44:00-04:00,35.0099983215332,35.01499938964844,35.005001068115234,35.01499938964844,1919,0.0,0.0
2024-06-11 11:45:00-04:00,35.005001068115234,35.0099983215332,35.0,35.0099983215332,5213,0.0,0.0
2024-06-11 11:46:00-04:00,35.02000045776367,35.025001525878906,35.01499938964844,35.025001525878906,4224,0.0,0.0
2024-06-11 11:47:00-04:00,35.02000045776367,35.029998779296875,35.0099983215332,35.029998779296875,64565,0.0,0.0
2024-06-11 11:48:00-04:00,35.040000915527344,35.040000915527344,35.025001525878906,35.025001525878906,6065,0.0,0.0
2024-06-11 11:49:00-04:00,35.029998779296875,35.06999969482422,35.029998779296875,35.060001373291016,30139,0.0,0.0
2024-06-11 11:50:00-04:00,35.06529998779297,35.06999969482422,35.05500030517578,35.05500030517578,10268,0.0,0.0
2024-06-11 11:51:00-04:00,35.05500030517578,35.06999969482422,35.04999923706055,35.064998626708984,12567,0.0,0.0
2024-06-11 11:52:00-04:00,35.06999969482422,35.06999969482422,35.04999923706055,35.064998626708984,5529,0.0,0.0
2024-06-11 11:53:00-04:00,35.064998626708984,35.064998626708984,35.05500030517578,35.05500030517578,4893,0.0,0.0
2024-06-11 11:54:00-04:00,35.06999969482422,35.07500076293945,35.060001373291016,35.060001373291016,4350,0.0,0.0
2024-06-11 11:55:00-04:00,35.04999923706055,35.064998626708984,35.04499816894531,35.064998626708984,6357,0.0,0.0
2024-06-11 11:56:00-04:00,35.060001373291016,35.08000183105469,35.04999923706055,35.07500076293945,6088,0.0,0.0
2024-06-11 11:57:00-04:00,35.08000183105469,35.08000183105469,35.06010055541992,35.06010055541992,5631,0.0,0.0
2024-06-11 11:58:00-04:00,35.06999969482422,35.08580017089844,35.06999969482422,35.084999084472656,4050,0.0,0.0
2024-06-11 11:59:00-04:00,35.08000183105469,35.089900970458984,35.06999969482422,35.07500076293945,4337,0.0,0.0
2024-06-11 12:00:00-04:00,35.08000183105469,35.08000183105469,35.05500030517578,35.061500549316406,3286,0.0,0.0
2024-06-11 12:01:00-04:00,35.064998626708984,35.064998626708984,35.060001373291016,35.064998626708984,2739,0.0,0.0
2024-06-11 12:02:00-04:00,35.06999969482422,35.07529830932617,35.064998626708984,35.07529830932617,2508,0.0,0.0
2024-06-11 12:03:00-04:00,35.07500076293945,35.07500076293945,35.04999923706055,35.05009841918945,6256,0.0,0.0
2024-06-11 12:04:00-04:00,35.05500030517578,35.06999969482422,35.04499816894531,35.05500030517578,16755,0.0,0.0
2024-06-11 12:05:00-04:00,35.04999923706055,35.05500030517578,35.04999923706055,35.05500030517578,7183,0.0,0.0
2024-06-11 12:06:00-04:00,35.05500030517578,35.060001373291016,35.04499816894531,35.04499816894531,23248,0.0,0.0
2024-06-11 12:07:00-04:00,35.05500030517578,35.064998626708984,35.05500030517578,35.064998626708984,4606,0.0,0.0
2024-06-11 12:08:00-04:00,35.064998626708984,35.06999969482422,35.05500030517578,35.05500030517578,6925,0.0,0.0
2024-06-11 12:09:00-04:00,35.05500030517578,35.05500030517578,35.05500030517578,35.05500030517578,687,0.0,0.0
2024-06-11 12:10:00-04:00,35.05500030517578,35.059898376464844,35.04999923706055,35.04999923706055,12903,0.0,0.0
2024-06-11 12:11:00-04:00,35.05500030517578,35.05889892578125,35.04499816894531,35.04499816894531,5501,0.0,0.0
2024-06-11 12:12:00-04:00,35.05500030517578,35.05500030517578,35.04499816894531,35.05500030517578,4264,0.0,0.0
2024-06-11 12:13:00-04:00,35.04999923706055,35.05500030517578,34.994998931884766,35.005001068115234,14027,0.0,0.0
2024-06-11 12:14:00-04:00,35.0099983215332,35.025001525878906,35.0099983215332,35.0099983215332,8282,0.0,0.0
2024-06-11 12:15:00-04:00,35.005001068115234,35.005001068115234,34.97999954223633,34.97999954223633,2557,0.0,0.0
2024-06-11 12:16:00-04:00,34.974998474121094,35.0099983215332,34.974998474121094,35.005001068115234,22541,0.0,0.0
2024-06-11 12:17:00-04:00,35.0,35.0099983215332,35.0,35.0099983215332,9380,0.0,0.0
2024-06-11 12:18:00-04:00,35.005001068115234,35.01499938964844,35.0,35.0099983215332,17455,0.0,0.0
2024-06-11 12:19:00-04:00,35.01129913330078,35.02000045776367,35.0099983215332,35.019901275634766,10086,0.0,0.0
2024-06-11 12:20:00-04:00,35.01499938964844,35.019901275634766,35.005001068115234,35.01499938964844,5093,0.0,0.0
2024-06-11 12:21:00-04:00,35.01499938964844,35.02989959716797,35.0099983215332,35.02000045776367,7755,0.0,0.0
2024-06-11 12:22:00-04:00,35.028900146484375,35.059200286865234,35.025001525878906,35.04999923706055,9450,0.0,0.0
2024-06-11 12:23:00-04:00,35.058998107910156,35.06999969482422,35.05500030517578,35.05500030517578,11684,0.0,0.0
2024-06-11 12:24:00-04:00,35.05500030517578,35.060001373291016,35.04999923706055,35.05009841918945,1338,0.0,0.0
2024-06-11 12:25:00-04:00,35.05500030517578,35.064998626708984,35.04999923706055,35.05500030517578,12179,0.0,0.0
2024-06-11 12:26:00-04:00,35.04999923706055,35.084999084472656,35.04999923706055,35.08000183105469,13223,0.0,0.0
2024-06-11 12:27:00-04:00,35.09000015258789,35.119998931884766,35.08000183105469,35.11000061035156,21199,0.0,0.0
2024-06-11 12:28:00-04:00,35.10499954223633,35.10499954223633,35.084999084472656,35.08890151977539,4646,0.0,0.0
2024-06-11 12:29:00-04:00,35.08000183105469,35.099998474121094,35.08000183105469,35.099998474121094,3255,0.0,0.0
2024-06-11 12:30:00-04:00,35.095001220703125,35.1150016784668,35.09000015258789,35.1150016784668,4822,0.0,0.0
2024-06-11 12:31:00-04:00,35.11989974975586,35.119998931884766,35.099998474121094,35.099998474121094,4734,0.0,0.0
2024-06-11 12:32:00-04:00,35.095001220703125,35.1150016784668,35.08000183105469,35.11009979248047,15621,0.0,0.0
2024-06-11 12:33:00-04:00,35.11000061035156,35.14500045776367,35.10499954223633,35.13999938964844,8795,0.0,0.0
2024-06-11 12:34:00-04:00,35.14500045776367,35.15999984741211,35.14500045776367,35.15999984741211,4714,0.0,0.0
2024-06-11 12:35:00-04:00,35.15999984741211,35.16999816894531,35.13999938964844,35.14500045776367,8417,0.0,0.0
2024-06-11 12:36:00-04:00,35.14500045776367,35.15999984741211,35.14500045776367,35.15909957885742,3765,0.0,0.0
2024-06-11 12:37:00-04:00,35.154998779296875,35.154998779296875,35.14500045776367,35.15449905395508,3005,0.0,0.0
2024-06-11 12:38:00-04:00,35.15879821777344,35.16999816894531,35.154998779296875,35.16910171508789,4302,0.0,0.0
2024-06-11 12:39:00-04:00,35.16999816894531,35.189998626708984,35.16999816894531,35.185001373291016,8277,0.0,0.0
2024-06-11 12:40:00-04:00,35.185001373291016,35.209999084472656,35.18280029296875,35.20500183105469,8604,0.0,0.0
2024-06-11 12:41:00-04:00,35.209999084472656,35.22999954223633,35.20500183105469,35.209999084472656,7243,0.0,0.0
2024-06-11 12:42:00-04:00,35.20500183105469,35.20989990234375,35.20500183105469,35.20989990234375,1687,0.0,0.0
2024-06-11 12:43:00-04:00,35.209999084472656,35.22999954223633,35.209999084472656,35.21500015258789,5150,0.0,0.0
2024-06-11 12:44:00-04:00,35.21500015258789,35.22880172729492,35.2130012512207,35.22880172729492,3122,0.0,0.0
2024-06-11 12:45:00-04:00,35.220001220703125,35.220001220703125,35.209999084472656,35.21500015258789,5249,0.0,0.0
2024-06-11 12:46:00-04:00,35.22999954223633,35.239898681640625,35.224998474121094,35.230098724365234,3460,0.0,0.0
2024-06-11 12:47:00-04:00,35.23500061035156,35.23500061035156,35.220001220703125,35.220001220703125,2936,0.0,0.0
2024-06-11 12:48:00-04:00,35.224998474121094,35.224998474121094,35.17499923706055,35.18000030517578,7265,0.0,0.0
2024-06-11 12:49:00-04:00,35.18000030517578,35.18000030517578,35.150001525878906,35.150001525878906,3896,0.0,0.0
2024-06-11 12:50:00-04:00,35.14500045776367,35.150001525878906,35.1349983215332,35.1349983215332,3356,0.0,0.0
2024-06-11 12:51:00-04:00,35.1349983215332,35.13930130004883,35.125,35.125,3206,0.0,0.0
2024-06-11 12:52:00-04:00,35.119998931884766,35.119998931884766,35.10499954223633,35.10499954223633,802,0.0,0.0
2024-06-11 12:53:00-04:00,35.099998474121094,35.109901428222656,35.095001220703125,35.095001220703125,3688,0.0,0.0
2024-06-11 12:54:00-04:00,35.0974006652832,35.099998474121094,35.0974006652832,35.09920120239258,2888,0.0,0.0
2024-06-11 12:55:00-04:00,35.09000015258789,35.09000015258789,35.084999084472656,35.09000015258789,2163,0.0,0.0
2024-06-11 12:56:00-04:00,35.09000015258789,35.09000015258789,35.08000183105469,35.09000015258789,3709,0.0,0.0
2024-06-11 12:57:00-04:00,35.09000015258789,35.09000015258789,35.025001525878906,35.034400939941406,19527,0.0,0.0
2024-06-11 12:58:00-04:00,35.029998779296875,35.03990173339844,35.029998779296875,35.03990173339844,423,0.0,0.0
2024-06-11 12:59:00-04:00,35.03499984741211,35.040000915527344,35.03499984741211,35.040000915527344,3164,0.0,0.0
2024-06-11 13:00:00-04:00,35.029998779296875,35.029998779296875,34.97999954223633,34.97999954223633,5297,0.0,0.0
2024-06-11 13:01:00-04:00,34.970001220703125,34.970001220703125,34.939998626708984,34.939998626708984,2381,0.0,0.0
2024-06-11 13:02:00-04:00,34.95000076293945,35.08000183105469,34.95000076293945,35.06949996948242,28060,0.0,0.0
2024-06-11 13:03:00-04:00,35.07500076293945,35.08000183105469,35.029998779296875,35.040000915527344,5360,0.0,0.0
2024-06-11 13:04:00-04:00,35.040000915527344,35.04499816894531,35.03609848022461,35.03609848022461,2658,0.0,0.0
2024-06-11 13:05:00-04:00,35.03499984741211,35.08000183105469,35.029998779296875,35.06999969482422,6563,0.0,0.0
2024-06-11 13:06:00-04:00,35.06890106201172,35.06999969482422,35.040000915527344,35.06520080566406,4786,0.0,0.0
2024-06-11 13:07:00-04:00,35.07500076293945,35.09000015258789,35.05500030517578,35.060001373291016,8669,0.0,0.0
2024-06-11 13:08:00-04:00,35.059898376464844,35.059898376464844,35.05540084838867,35.05540084838867,2112,0.0,0.0
2024-06-11 13:09:00-04:00,35.05500030517578,35.059898376464844,35.04499816894531,35.059898376464844,4926,0.0,0.0
2024-06-11 13:10:00-04:00,35.06880187988281,35.08000183105469,35.060001373291016,35.060001373291016,3355,0.0,0.0
2024-06-11 13:11:00-04:00,35.06919860839844,35.06919860839844,35.04999923706055,35.04999923706055,5212,0.0,0.0
2024-06-11 13:12:00-04:00,35.040000915527344,35.07500076293945,35.040000915527344,35.06999969482422,6558,0.0,0.0
2024-06-11 13:13:00-04:00,35.07500076293945,35.07659912109375,35.06999969482422,35.07659912109375,1767,0.0,0.0
2024-06-11 13:14:00-04:00,35.07500076293945,35.07500076293945,35.05500030517578,35.058998107910156,8254,0.0,0.0
2024-06-11 13:15:00-04:00,35.05500030517578,35.05500030517578,35.03499984741211,35.03499984741211,8247,0.0,0.0
2024-06-11 13:16:00-04:00,35.040000915527344,35.04499816894531,35.03499984741211,35.04499816894531,5555,0.0,0.0
2024-06-11 13:17:00-04:00,35.04800033569336,35.060001373291016,35.03499984741211,35.060001373291016,6046,0.0,0.0
2024-06-11 13:18:00-04:00,35.060001373291016,35.06999969482422,35.060001373291016,35.060001373291016,3962,0.0,0.0
2024-06-11 13:19:00-04:00,35.060001373291016,35.060001373291016,35.05500030517578,35.05500030517578,1724,0.0,0.0
2024-06-11 13:20:00-04:00,35.04999923706055,35.04999923706055,35.03499984741211,35.040000915527344,4085,0.0,0.0
2024-06-11 13:21:00-04:00,35.03499984741211,35.040000915527344,35.029998779296875,35.03670120239258,7248,0.0,0.0
2024-06-11 13:22:00-04:00,35.03010177612305,35.03499984741211,35.02149963378906,35.03499984741211,5821,0.0,0.0
2024-06-11 13:23:00-04:00,35.03499984741211,35.03499984741211,35.025001525878906,35.025001525878906,3992,0.0,0.0
2024-06-11 13:24:00-04:00,35.03499984741211,35.03499984741211,35.01499938964844,35.01499938964844,3156,0.0,0.0
2024-06-11 13:25:00-04:00,35.018798828125,35.03499984741211,35.01499938964844,35.03499984741211,8984,0.0,0.0
2024-06-11 13:26:00-04:00,35.03499984741211,35.060001373291016,35.03499984741211,35.060001373291016,4786,0.0,0.0
2024-06-11 13:27:00-04:00,35.060001373291016,35.07899856567383,35.05500030517578,35.07899856567383,12235,0.0,0.0
2024-06-11 13:28:00-04:00,35.084999084472656,35.1150016784668,35.084999084472656,35.10499954223633,31069,0.0,0.0
2024-06-11 13:29:00-04:00,35.11000061035156,35.1150016784668,35.11000061035156,35.1150016784668,1644,0.0,0.0
2024-06-11 13:30:00-04:00,35.119998931884766,35.154998779296875,35.119998931884766,35.154998779296875,8769,0.0,0.0
2024-06-11 13:31:00-04:00,35.154998779296875,35.154998779296875,35.130001068115234,35.1328010559082,27035,0.0,0.0
2024-06-11 13:32:00-04:00,35.1349983215332,35.185001373291016,35.130001068115234,35.16999816894531,28042,0.0,0.0
2024-06-11 13:33:00-04:00,35.16910171508789,35.17499923706055,35.15999984741211,35.15999984741211,9196,0.0,0.0
2024-06-11 13:34:00-04:00,35.165000915527344,35.18000030517578,35.165000915527344,35.17499923706055,2571,0.0,0.0
2024-06-11 13:35:00-04:00,35.16999816894531,35.185001373291016,35.15999984741211,35.15999984741211,9810,0.0,0.0
2024-06-11 13:36:00-04:00,35.15999984741211,35.16999816894531,35.154998779296875,35.165000915527344,4604,0.0,0.0
2024-06-11 13:37:00-04:00,35.165000915527344,35.165000915527344,35.150001525878906,35.15999984741211,3946,0.0,0.0
2024-06-11 13:38:00-04:00,35.15950012207031,35.17499923706055,35.14500045776367,35.14500045776367,10277,0.0,0.0
2024-06-11 13:39:00-04:00,35.1349983215332,35.15999984741211,35.1349983215332,35.150001525878906,5326,0.0,0.0
2024-06-11 13:40:00-04:00,35.154998779296875,35.15999984741211,35.119998931884766,35.119998931884766,6738,0.0,0.0
2024-06-11 13:41:00-04:00,35.11000061035156,35.1150016784668,35.099998474121094,35.1150016784668,3649,0.0,0.0
2024-06-11 13:42:00-04:00,35.11869812011719,35.14500045776367,35.1150016784668,35.14500045776367,6070,0.0,0.0
2024-06-11 13:43:00-04:00,35.14500045776367,35.14500045776367,35.1349983215332,35.14500045776367,5706,0.0,0.0
2024-06-11 13:44:00-04:00,35.150001525878906,35.20500183105469,35.150001525878906,35.20500183105469,67604,0.0,0.0
2024-06-11 13:45:00-04:00,35.20000076293945,35.20500183105469,35.185001373291016,35.188899993896484,11196,0.0,0.0
2024-06-11 13:46:00-04:00,35.188899993896484,35.189998626708984,35.18000030517578,35.18000030517578,5961,0.0,0.0
2024-06-11 13:47:00-04:00,35.189998626708984,35.19499969482422,35.15999984741211,35.15999984741211,7498,0.0,0.0
2024-06-11 13:48:00-04:00,35.165000915527344,35.18000030517578,35.165000915527344,35.17499923706055,3169,0.0,0.0
2024-06-11 13:49:00-04:00,35.18000030517578,35.189998626708984,35.17509841918945,35.185001373291016,4455,0.0,0.0
2024-06-11 13:50:00-04:00,35.19499969482422,35.20500183105469,35.19499969482422,35.20500183105469,3078,0.0,0.0
2024-06-11 13:51:00-04:00,35.20500183105469,35.2400016784668,35.20000076293945,35.2400016784668,8639,0.0,0.0
2024-06-11 13:52:00-04:00,35.244998931884766,35.29999923706055,35.244998931884766,35.29249954223633,22186,0.0,0.0
2024-06-11 13:53:00-04:00,35.28499984741211,35.29999923706055,35.28499984741211,35.29499816894531,4883,0.0,0.0
2024-06-11 13:54:00-04:00,35.29999923706055,35.314998626708984,35.29999923706055,35.30500030517578,8325,0.0,0.0
2024-06-11 13:55:00-04:00,35.30500030517578,35.314998626708984,35.290000915527344,35.295799255371094,23519,0.0,0.0
2024-06-11 13:56:00-04:00,35.29499816894531,35.29499816894531,35.249900817871094,35.249900817871094,73354,0.0,0.0
2024-06-11 13:57:00-04:00,35.25,35.27000045776367,35.2401008605957,35.27000045776367,4350,0.0,0.0
2024-06-11 13:58:00-04:00,35.279998779296875,35.30500030517578,35.279998779296875,35.28499984741211,45092,0.0,0.0
2024-06-11 13:59:00-04:00,35.290000915527344,35.290000915527344,35.279998779296875,35.279998779296875,2228,0.0,0.0
2024-06-11 14:00:00-04:00,35.279998779296875,35.28499984741211,35.275001525878906,35.28499984741211,5414,0.0,0.0
2024-06-11 14:01:00-04:00,35.28499984741211,35.290000915527344,35.255001068115234,35.2599983215332,7773,0.0,0.0
2024-06-11 14:02:00-04:00,35.2599983215332,35.2599983215332,35.255001068115234,35.2599983215332,1862,0.0,0.0
2024-06-11 14:03:00-04:00,35.255001068115234,35.255001068115234,35.255001068115234,35.255001068115234,1102,0.0,0.0
2024-06-11 14:04:00-04:00,35.255001068115234,35.275001525878906,35.255001068115234,35.275001525878906,9318,0.0,0.0
2024-06-11 14:05:00-04:00,35.275001525878906,35.28499984741211,35.275001525878906,35.28499984741211,5430,0.0,0.0
2024-06-11 14:06:00-04:00,35.28499984741211,35.290000915527344,35.28499984741211,35.290000915527344,9929,0.0,0.0
2024-06-11 14:07:00-04:00,35.28499984741211,35.28499984741211,35.255001068115234,35.275001525878906,26741,0.0,0.0
2024-06-11 14:08:00-04:00,35.275001525878906,35.279998779296875,35.27000045776367,35.275001525878906,1983,0.0,0.0
2024-06-11 14:09:00-04:00,35.27000045776367,35.28860092163086,35.27000045776367,35.28499984741211,5050,0.0,0.0
2024-06-11 14:10:00-04:00,35.279998779296875,35.290000915527344,35.275001525878906,35.290000915527344,3060,0.0,0.0
2024-06-11 14:11:00-04:00,35.290000915527344,35.29499816894531,35.275001525878906,35.275001525878906,6959,0.0,0.0
2024-06-11 14:12:00-04:00,35.275001525878906,35.29499816894531,35.275001525878906,35.29499816894531,3620,0.0,0.0
2024-06-11 14:13:00-04:00,35.29499816894531,35.29999923706055,35.29499816894531,35.29499816894531,4104,0.0,0.0
2024-06-11 14:14:00-04:00,35.29499816894531,35.334999084472656,35.290000915527344,35.334999084472656,19698,0.0,0.0
2024-06-11 14:15:00-04:00,35.334999084472656,35.349998474121094,35.334999084472656,35.349998474121094,30392,0.0,0.0
2024-06-11 14:16:00-04:00,35.34000015258789,35.380001068115234,35.334999084472656,35.380001068115234,11348,0.0,0.0
2024-06-11 14:17:00-04:00,35.380001068115234,35.38999938964844,35.375,35.38999938964844,5408,0.0,0.0
2024-06-11 14:18:00-04:00,35.3849983215332,35.40999984741211,35.38249969482422,35.404998779296875,7641,0.0,0.0
2024-06-11 14:19:00-04:00,35.40999984741211,35.41999816894531,35.39899826049805,35.404998779296875,14004,0.0,0.0
2024-06-11 14:20:00-04:00,35.415000915527344,35.415000915527344,35.400001525878906,35.40250015258789,7492,0.0,0.0
2024-06-11 14:21:00-04:00,35.40999984741211,35.439998626708984,35.40999984741211,35.435001373291016,8599,0.0,0.0
2024-06-11 14:22:00-04:00,35.439998626708984,35.439998626708984,35.415000915527344,35.41999816894531,15365,0.0,0.0
2024-06-11 14:23:00-04:00,35.40999984741211,35.43000030517578,35.40999984741211,35.43000030517578,8888,0.0,0.0
2024-06-11 14:24:00-04:00,35.42499923706055,35.42770004272461,35.404998779296875,35.41999816894531,14871,0.0,0.0
2024-06-11 14:25:00-04:00,35.42499923706055,35.43000030517578,35.42449951171875,35.42449951171875,3642,0.0,0.0
2024-06-11 14:26:00-04:00,35.43000030517578,35.43000030517578,35.41999816894531,35.43000030517578,6904,0.0,0.0
2024-06-11 14:27:00-04:00,35.43000030517578,35.439998626708984,35.41999816894531,35.43109893798828,8945,0.0,0.0
2024-06-11 14:28:00-04:00,35.43000030517578,35.459999084472656,35.42499923706055,35.459999084472656,9784,0.0,0.0
2024-06-11 14:29:00-04:00,35.45500183105469,35.459999084472656,35.45500183105469,35.45500183105469,4687,0.0,0.0
2024-06-11 14:30:00-04:00,35.459999084472656,35.505001068115234,35.459999084472656,35.5,17776,0.0,0.0
2024-06-11 14:31:00-04:00,35.5099983215332,35.560001373291016,35.5099983215332,35.560001373291016,61450,0.0,0.0
2024-06-11 14:32:00-04:00,35.55500030517578,35.56999969482422,35.54499816894531,35.559898376464844,14999,0.0,0.0
2024-06-11 14:33:00-04:00,35.55500030517578,35.58000183105469,35.54499816894531,35.57500076293945,71616,0.0,0.0
2024-06-11 14:34:00-04:00,35.57500076293945,35.6150016784668,35.57500076293945,35.599998474121094,38431,0.0,0.0
2024-06-11 14:35:00-04:00,35.599998474121094,35.619998931884766,35.599998474121094,35.619998931884766,40979,0.0,0.0
2024-06-11 14:36:00-04:00,35.61000061035156,35.61000061035156,35.54999923706055,35.55500030517578,24840,0.0,0.0
2024-06-11 14:37:00-04:00,35.55059814453125,35.564998626708984,35.540000915527344,35.560001373291016,21326,0.0,0.0
2024-06-11 14:38:00-04:00,35.560001373291016,35.56999969482422,35.54499816894531,35.54999923706055,4714,0.0,0.0
2024-06-11 14:39:00-04:00,35.54999923706055,35.59000015258789,35.54499816894531,35.59000015258789,11960,0.0,0.0
2024-06-11 14:40:00-04:00,35.584999084472656,35.584999084472656,35.560001373291016,35.56999969482422,13007,0.0,0.0
2024-06-11 14:41:00-04:00,35.560001373291016,35.56999969482422,35.540000915527344,35.54999923706055,8020,0.0,0.0
2024-06-11 14:42:00-04:00,35.55500030517578,35.560001373291016,35.529998779296875,35.529998779296875,4563,0.0,0.0
2024-06-11 14:43:00-04:00,35.52000045776367,35.529998779296875,35.52000045776367,35.525001525878906,4354,0.0,0.0
2024-06-11 14:44:00-04:00,35.52000045776367,35.525001525878906,35.45500183105469,35.474998474121094,54897,0.0,0.0
2024-06-11 14:45:00-04:00,35.474998474121094,35.474998474121094,35.45000076293945,35.45000076293945,17661,0.0,0.0
2024-06-11 14:46:00-04:00,35.44499969482422,35.45500183105469,35.439998626708984,35.439998626708984,31709,0.0,0.0
2024-06-11 14:47:00-04:00,35.439998626708984,35.44499969482422,35.400001525878906,35.41279983520508,37234,0.0,0.0
2024-06-11 14:48:00-04:00,35.415000915527344,35.41999816894531,35.40999984741211,35.40999984741211,11880,0.0,0.0
2024-06-11 14:49:00-04:00,35.40999984741211,35.40999984741211,35.369998931884766,35.380001068115234,9316,0.0,0.0
2024-06-11 14:50:00-04:00,35.375,35.380001068115234,35.3650016784668,35.3650016784668,6339,0.0,0.0
2024-06-11 14:51:00-04:00,35.369998931884766,35.404998779296875,35.3650016784668,35.400001525878906,14019,0.0,0.0
2024-06-11 14:52:00-04:00,35.39500045776367,35.400001525878906,35.38010025024414,35.38010025024414,9898,0.0,0.0
2024-06-11 14:53:00-04:00,35.3849983215332,35.38999938964844,35.3650016784668,35.3650016784668,9545,0.0,0.0
2024-06-11 14:54:00-04:00,35.35499954223633,35.369998931884766,35.35490036010742,35.369998931884766,22875,0.0,0.0
2024-06-11 14:55:00-04:00,35.3849983215332,35.404998779296875,35.3849983215332,35.404998779296875,4997,0.0,0.0
2024-06-11 14:56:00-04:00,35.404998779296875,35.43000030517578,35.400001525878906,35.43000030517578,9114,0.0,0.0
2024-06-11 14:57:00-04:00,35.42499923706055,35.43000030517578,35.39500045776367,35.39500045776367,23926,0.0,0.0
2024-06-11 14:58:00-04:00,35.404998779296875,35.40999984741211,35.38999938964844,35.39500045776367,8036,0.0,0.0
2024-06-11 14:59:00-04:00,35.39500045776367,35.404998779296875,35.3849983215332,35.404998779296875,8597,0.0,0.0
2024-06-11 15:00:00-04:00,35.400001525878906,35.43000030517578,35.400001525878906,35.43000030517578,12555,0.0,0.0
2024-06-11 15:01:00-04:00,35.435001373291016,35.45000076293945,35.43000030517578,35.45000076293945,6117,0.0,0.0
2024-06-11 15:02:00-04:00,35.45000076293945,35.474998474121094,35.44499969482422,35.470001220703125,11615,0.0,0.0
2024-06-11 15:03:00-04:00,35.470001220703125,35.474998474121094,35.45000076293945,35.45000076293945,9249,0.0,0.0
2024-06-11 15:04:00-04:00,35.44499969482422,35.44499969482422,35.42499923706055,35.439998626708984,4273,0.0,0.0
2024-06-11 15:05:00-04:00,35.44499969482422,35.45000076293945,35.435001373291016,35.44499969482422,4410,0.0,0.0
2024-06-11 15:06:00-04:00,35.44499969482422,35.45000076293945,35.44499969482422,35.44499969482422,4282,0.0,0.0
2024-06-11 15:07:00-04:00,35.45000076293945,35.45000076293945,35.439998626708984,35.44499969482422,2685,0.0,0.0
2024-06-11 15:08:00-04:00,35.44499969482422,35.44499969482422,35.435001373291016,35.44499969482422,10199,0.0,0.0
2024-06-11 15:09:00-04:00,35.439998626708984,35.439998626708984,35.42499923706055,35.42499923706055,4469,0.0,0.0
2024-06-11 15:10:00-04:00,35.410301208496094,35.42499923706055,35.40999984741211,35.42499923706055,10452,0.0,0.0
2024-06-11 15:11:00-04:00,35.41999816894531,35.41999816894531,35.40999984741211,35.40999984741211,6394,0.0,0.0
2024-06-11 15:12:00-04:00,35.404998779296875,35.4099006652832,35.404998779296875,35.404998779296875,3362,0.0,0.0
2024-06-11 15:13:00-04:00,35.400001525878906,35.415000915527344,35.400001525878906,35.40999984741211,7201,0.0,0.0
2024-06-11 15:14:00-04:00,35.404998779296875,35.42499923706055,35.404998779296875,35.41999816894531,10914,0.0,0.0
2024-06-11 15:15:00-04:00,35.41999816894531,35.41999816894531,35.39500045776367,35.400001525878906,6173,0.0,0.0
2024-06-11 15:16:00-04:00,35.404998779296875,35.40999984741211,35.38999938964844,35.39500045776367,5472,0.0,0.0
2024-06-11 15:17:00-04:00,35.40999984741211,35.41999816894531,35.404998779296875,35.410301208496094,12746,0.0,0.0
2024-06-11 15:18:00-04:00,35.40999984741211,35.415000915527344,35.38999938964844,35.39500045776367,4386,0.0,0.0
2024-06-11 15:19:00-04:00,35.38999938964844,35.415000915527344,35.38999938964844,35.40999984741211,8245,0.0,0.0
2024-06-11 15:20:00-04:00,35.404998779296875,35.404998779296875,35.3849983215332,35.3849983215332,8439,0.0,0.0
2024-06-11 15:21:00-04:00,35.3849983215332,35.3849983215332,35.372501373291016,35.380001068115234,7961,0.0,0.0
2024-06-11 15:22:00-04:00,35.369998931884766,35.375,35.369998931884766,35.375,7076,0.0,0.0
2024-06-11 15:23:00-04:00,35.380001068115234,35.45500183105469,35.375,35.45500183105469,45162,0.0,0.0
2024-06-11 15:24:00-04:00,35.45000076293945,35.474998474121094,35.42499923706055,35.474998474121094,27611,0.0,0.0
2024-06-11 15:25:00-04:00,35.474998474121094,35.4900016784668,35.46500015258789,35.48500061035156,63543,0.0,0.0
2024-06-11 15:26:00-04:00,35.47999954223633,35.52000045776367,35.470001220703125,35.5099983215332,24076,0.0,0.0
2024-06-11 15:27:00-04:00,35.5099983215332,35.5099983215332,35.440101623535156,35.440101623535156,10561,0.0,0.0
2024-06-11 15:28:00-04:00,35.439998626708984,35.45500183105469,35.43000030517578,35.45500183105469,9433,0.0,0.0
2024-06-11 15:29:00-04:00,35.45500183105469,35.488800048828125,35.45500183105469,35.470001220703125,8006,0.0,0.0
2024-06-11 15:30:00-04:00,35.474998474121094,35.474998474121094,35.43000030517578,35.435001373291016,11664,0.0,0.0
2024-06-11 15:31:00-04:00,35.43000030517578,35.435001373291016,35.404998779296875,35.404998779296875,26458,0.0,0.0
2024-06-11 15:32:00-04:00,35.39500045776367,35.404998779296875,35.369998931884766,35.369998931884766,22488,0.0,0.0
2024-06-11 15:33:00-04:00,35.375,35.41999816894531,35.375,35.40890121459961,22610,0.0,0.0
2024-06-11 15:34:00-04:00,35.404998779296875,35.41680145263672,35.39500045776367,35.415000915527344,11237,0.0,0.0
2024-06-11 15:35:00-04:00,35.40999984741211,35.415000915527344,35.404998779296875,35.404998779296875,11514,0.0,0.0
2024-06-11 15:36:00-04:00,35.404998779296875,35.44499969482422,35.404998779296875,35.43000030517578,19501,0.0,0.0
2024-06-11 15:37:00-04:00,35.435001373291016,35.44499969482422,35.41999816894531,35.42499923706055,18346,0.0,0.0
2024-06-11 15:38:00-04:00,35.435001373291016,35.45500183105469,35.435001373291016,35.45500183105469,11414,0.0,0.0
2024-06-11 15:39:00-04:00,35.45500183105469,35.45500183105469,35.400001525878906,35.404998779296875,14458,0.0,0.0
2024-06-11 15:40:00-04:00,35.400001525878906,35.404998779296875,35.3849983215332,35.38600158691406,7975,0.0,0.0
2024-06-11 15:41:00-04:00,35.3849983215332,35.38999938964844,35.375,35.3849983215332,7292,0.0,0.0
2024-06-11 15:42:00-04:00,35.3849983215332,35.3849983215332,35.3650016784668,35.3650016784668,10359,0.0,0.0
2024-06-11 15:43:00-04:00,35.3650016784668,35.38999938964844,35.349998474121094,35.3849983215332,14244,0.0,0.0
2024-06-11 15:44:00-04:00,35.3849983215332,35.3849983215332,35.36000061035156,35.3650016784668,14688,0.0,0.0
2024-06-11 15:45:00-04:00,35.3650016784668,35.369998931884766,35.36000061035156,35.369998931884766,6337,0.0,0.0
2024-06-11 15:46:00-04:00,35.3650016784668,35.3650016784668,35.345001220703125,35.3650016784668,12866,0.0,0.0
2024-06-11 15:47:00-04:00,35.349998474121094,35.36000061035156,35.34000015258789,35.35499954223633,7684,0.0,0.0
2024-06-11 15:48:00-04:00,35.349998474121094,35.35499954223633,35.314998626708984,35.314998626708984,19292,0.0,0.0
2024-06-11 15:49:00-04:00,35.31999969482422,35.32500076293945,35.300899505615234,35.310001373291016,25339,0.0,0.0
2024-06-11 15:50:00-04:00,35.30500030517578,35.30849838256836,35.275001525878906,35.275001525878906,21106,0.0,0.0
2024-06-11 15:51:00-04:00,35.275001525878906,35.31999969482422,35.275001525878906,35.314998626708984,35411,0.0,0.0
2024-06-11 15:52:00-04:00,35.314998626708984,35.369998931884766,35.314998626708984,35.369998931884766,33691,0.0,0.0
2024-06-11 15:53:00-04:00,35.369998931884766,35.38249969482422,35.35499954223633,35.369998931884766,31215,0.0,0.0
2024-06-11 15:54:00-04:00,35.369998931884766,35.404998779296875,35.3650016784668,35.3849983215332,80558,0.0,0.0
2024-06-11 15:55:00-04:00,35.3849983215332,35.39500045776367,35.369998931884766,35.380001068115234,53063,0.0,0.0
2024-06-11 15:56:00-04:00,35.3849983215332,35.3849983215332,35.314998626708984,35.31999969482422,42238,0.0,0.0
2024-06-11 15:57:00-04:00,35.314998626708984,35.314998626708984,35.28499984741211,35.29499816894531,63172,0.0,0.0
2024-06-11 15:58:00-04:00,35.290000915527344,35.29880142211914,35.2599983215332,35.2599983215332,123449,0.0,0.0
2024-06-11 15:59:00-04:00,35.26499938964844,35.29999923706055,35.25,35.279998779296875,194963,0.0,0.0
2024-06-12 09:30:00-04:00,36.25,36.349998474121094,36.04999923706055,36.349998474121094,77764,0.0,0.0
2024-06-12 09:31:00-04:00,36.36000061035156,36.45000076293945,36.33000183105469,36.35499954223633,99121,0.0,0.0
2024-06-12 09:32:00-04:00,36.35499954223633,36.38999938964844,36.280799865722656,36.280799865722656,7558,0.0,0.0
2024-06-12 09:33:00-04:00,36.279998779296875,36.279998779296875,36.150001525878906,36.18009948730469,22070,0.0,0.0
2024-06-12 09:34:00-04:00,36.20000076293945,36.25,36.099998474121094,36.15999984741211,15751,0.0,0.0
2024-06-12 09:35:00-04:00,36.18000030517578,36.32500076293945,36.18000030517578,36.31999969482422,11723,0.0,0.0
2024-06-12 09:36:00-04:00,36.349998474121094,36.43050003051758,36.34000015258789,36.380001068115234,14792,0.0,0.0
2024-06-12 09:37:00-04:00,36.380001068115234,36.400001525878906,36.310001373291016,36.36000061035156,7439,0.0,0.0
2024-06-12 09:38:00-04:00,36.380001068115234,36.400001525878906,36.36000061035156,36.400001525878906,8488,0.0,0.0
2024-06-12 09:39:00-04:00,36.400001525878906,36.40999984741211,36.33000183105469,36.34000015258789,8304,0.0,0.0
2024-06-12 09:40:00-04:00,36.33000183105469,36.36000061035156,36.28010177612305,36.29999923706055,9048,0.0,0.0
2024-06-12 09:41:00-04:00,36.310001373291016,36.33000183105469,36.189998626708984,36.209999084472656,17200,0.0,0.0
2024-06-12 09:42:00-04:00,36.2400016784668,36.400001525878906,36.2400016784668,36.400001525878906,14343,0.0,0.0
2024-06-12 09:43:00-04:00,36.380001068115234,36.380001068115234,36.334999084472656,36.349998474121094,6297,0.0,0.0
2024-06-12 09:44:00-04:00,36.36000061035156,36.36000061035156,36.32500076293945,36.349998474121094,13568,0.0,0.0
2024-06-12 09:45:00-04:00,36.34000015258789,36.34000015258789,36.20500183105469,36.20500183105469,8533,0.0,0.0
2024-06-12 09:46:00-04:00,36.20000076293945,36.2599983215332,36.150001525878906,36.25,14925,0.0,0.0
2024-06-12 09:47:00-04:00,36.25,36.310001373291016,36.22999954223633,36.29999923706055,7184,0.0,0.0
2024-06-12 09:48:00-04:00,36.290000915527344,36.310001373291016,36.25,36.310001373291016,5827,0.0,0.0
2024-06-12 09:49:00-04:00,36.29999923706055,36.31999969482422,36.29999923706055,36.31999969482422,6493,0.0,0.0
2024-06-12 09:50:00-04:00,36.314998626708984,36.314998626708984,36.247501373291016,36.255001068115234,8530,0.0,0.0
2024-06-12 09:51:00-04:00,36.2599983215332,36.33000183105469,36.2400016784668,36.33000183105469,10988,0.0,0.0
2024-06-12 09:52:00-04:00,36.34000015258789,36.3650016784668,36.34000015258789,36.34000015258789,5588,0.0,0.0
2024-06-12 09:53:00-04:00,36.349998474121094,36.35499954223633,36.31999969482422,36.349998474121094,7171,0.0,0.0
2024-06-12 09:54:00-04:00,36.34000015258789,36.34000015258789,36.290000915527344,36.29999923706055,9311,0.0,0.0
2024-06-12 09:55:00-04:00,36.30500030517578,36.369998931884766,36.30500030517578,36.3650016784668,8334,0.0,0.0
2024-06-12 09:56:00-04:00,36.36000061035156,36.415000915527344,36.349998474121094,36.400001525878906,18479,0.0,0.0
2024-06-12 09:57:00-04:00,36.39500045776367,36.400001525878906,36.349998474121094,36.36000061035156,15990,0.0,0.0
2024-06-12 09:58:00-04:00,36.369998931884766,36.38999938964844,36.34000015258789,36.34000015258789,12409,0.0,0.0
2024-06-12 09:59:00-04:00,36.334999084472656,36.34000015258789,36.29999923706055,36.29999923706055,6700,0.0,0.0
2024-06-12 10:00:00-04:00,36.29499816894531,36.29499816894531,36.26499938964844,36.279998779296875,11426,0.0,0.0
2024-06-12 10:01:00-04:00,36.2599983215332,36.2599983215332,36.20000076293945,36.209999084472656,18630,0.0,0.0
2024-06-12 10:02:00-04:00,36.20000076293945,36.21500015258789,36.19499969482422,36.20000076293945,8952,0.0,0.0
2024-06-12 10:03:00-04:00,36.20000076293945,36.22999954223633,36.185001373291016,36.224998474121094,13740,0.0,0.0
2024-06-12 10:04:00-04:00,36.220001220703125,36.25,36.209999084472656,36.25,10565,0.0,0.0
2024-06-12 10:05:00-04:00,36.25,36.25,36.220001220703125,36.23500061035156,6627,0.0,0.0
2024-06-12 10:06:00-04:00,36.2400016784668,36.26499938964844,36.220001220703125,36.224998474121094,80872,0.0,0.0
2024-06-12 10:07:00-04:00,36.224998474121094,36.27000045776367,36.20500183105469,36.27000045776367,67198,0.0,0.0
2024-06-12 10:08:00-04:00,36.26499938964844,36.26499938964844,36.189998626708984,36.189998626708984,11279,0.0,0.0
2024-06-12 10:09:00-04:00,36.189998626708984,36.27000045776367,36.189998626708984,36.25400161743164,16496,0.0,0.0
2024-06-12 10:10:00-04:00,36.2599983215332,36.310001373291016,36.2599983215332,36.27000045776367,10536,0.0,0.0
2024-06-12 10:11:00-04:00,36.279998779296875,36.29499816894531,36.2400016784668,36.29499816894531,12548,0.0,0.0
2024-06-12 10:12:00-04:00,36.29499816894531,36.349998474121094,36.290000915527344,36.34000015258789,21662,0.0,0.0
2024-06-12 10:13:00-04:00,36.345001220703125,36.380001068115234,36.345001220703125,36.36000061035156,14548,0.0,0.0
2024-06-12 10:14:00-04:00,36.36000061035156,36.369998931884766,36.334999084472656,36.334999084472656,12362,0.0,0.0
2024-06-12 10:15:00-04:00,36.310001373291016,36.349998474121094,36.310001373291016,36.349998474121094,10572,0.0,0.0
2024-06-12 10:16:00-04:00,36.349998474121094,36.349998474121094,36.30500030517578,36.325199127197266,8785,0.0,0.0
2024-06-12 10:17:00-04:00,36.314998626708984,36.32659912109375,36.314998626708984,36.31999969482422,10335,0.0,0.0
2024-06-12 10:18:00-04:00,36.33000183105469,36.334999084472656,36.30500030517578,36.310001373291016,11272,0.0,0.0
2024-06-12 10:19:00-04:00,36.314998626708984,36.33000183105469,36.28499984741211,36.32500076293945,11470,0.0,0.0
2024-06-12 10:20:00-04:00,36.32500076293945,36.36000061035156,36.32500076293945,36.356201171875,10418,0.0,0.0
2024-06-12 10:21:00-04:00,36.350101470947266,36.350101470947266,36.290000915527344,36.29499816894531,6830,0.0,0.0
2024-06-12 10:22:00-04:00,36.290000915527344,36.34000015258789,36.28499984741211,36.34000015258789,12208,0.0,0.0
2024-06-12 10:23:00-04:00,36.349998474121094,36.3650016784668,36.32500076293945,36.3650016784668,6325,0.0,0.0
2024-06-12 10:24:00-04:00,36.369998931884766,36.369998931884766,36.349998474121094,36.35329818725586,7346,0.0,0.0
2024-06-12 10:25:00-04:00,36.36000061035156,36.39500045776367,36.36000061035156,36.3650016784668,7769,0.0,0.0
2024-06-12 10:26:00-04:00,36.349998474121094,36.36000061035156,36.34859848022461,36.36000061035156,3349,0.0,0.0
2024-06-12 10:27:00-04:00,36.415000915527344,36.415000915527344,36.40999984741211,36.40999984741211,6370,0.0,0.0
2024-06-12 10:28:00-04:00,36.400001525878906,36.4099006652832,36.375,36.375,8662,0.0,0.0
2024-06-12 10:29:00-04:00,36.380001068115234,36.380001068115234,36.375,36.380001068115234,847,0.0,0.0
2024-06-12 10:30:00-04:00,36.369998931884766,36.39500045776367,36.36000061035156,36.38999938964844,21769,0.0,0.0
2024-06-12 10:31:00-04:00,36.38010025024414,36.439998626708984,36.349998474121094,36.43000030517578,12728,0.0,0.0
2024-06-12 10:32:00-04:00,36.42649841308594,36.439998626708984,36.42499923706055,36.439998626708984,4798,0.0,0.0
2024-06-12 10:33:00-04:00,36.45000076293945,36.494998931884766,36.45000076293945,36.494998931884766,41740,0.0,0.0
2024-06-12 10:34:00-04:00,36.494998931884766,36.560001373291016,36.4900016784668,36.54999923706055,105824,0.0,0.0
2024-06-12 10:35:00-04:00,36.54999923706055,36.599998474121094,36.54999923706055,36.599998474121094,12941,0.0,0.0
2024-06-12 10:36:00-04:00,36.599998474121094,36.66999816894531,36.599998474121094,36.63479995727539,13510,0.0,0.0
2024-06-12 10:37:00-04:00,36.6349983215332,36.654998779296875,36.619998931884766,36.630001068115234,16347,0.0,0.0
2024-06-12 10:38:00-04:00,36.6349983215332,36.660099029541016,36.6349983215332,36.65999984741211,4607,0.0,0.0
2024-06-12 10:39:00-04:00,36.67499923706055,36.68000030517578,36.59000015258789,36.59000015258789,6786,0.0,0.0
2024-06-12 10:40:00-04:00,36.58000183105469,36.58000183105469,36.505001068115234,36.51499938964844,8161,0.0,0.0
2024-06-12 10:41:00-04:00,36.51499938964844,36.525001525878906,36.50080108642578,36.52000045776367,11774,0.0,0.0
2024-06-12 10:42:00-04:00,36.52000045776367,36.529998779296875,36.5099983215332,36.529998779296875,6831,0.0,0.0
2024-06-12 10:43:00-04:00,36.540000915527344,36.54999923706055,36.53499984741211,36.540000915527344,15231,0.0,0.0
2024-06-12 10:44:00-04:00,36.53499984741211,36.53499984741211,36.47999954223633,36.47999954223633,6605,0.0,0.0
2024-06-12 10:45:00-04:00,36.47999954223633,36.56999969482422,36.47999954223633,36.56999969482422,22583,0.0,0.0
2024-06-12 10:46:00-04:00,36.56999969482422,36.61000061035156,36.54999923706055,36.61000061035156,18474,0.0,0.0
2024-06-12 10:47:00-04:00,36.619998931884766,36.650001525878906,36.619998931884766,36.630001068115234,19612,0.0,0.0
2024-06-12 10:48:00-04:00,36.630001068115234,36.65999984741211,36.61000061035156,36.64070129394531,12289,0.0,0.0
2024-06-12 10:49:00-04:00,36.64500045776367,36.64500045776367,36.59000015258789,36.61000061035156,21046,0.0,0.0
2024-06-12 10:50:00-04:00,36.625,36.63999938964844,36.61000061035156,36.630001068115234,6397,0.0,0.0
2024-06-12 10:51:00-04:00,36.630001068115234,36.630001068115234,36.59000015258789,36.59000015258789,4978,0.0,0.0
2024-06-12 10:52:00-04:00,36.65999984741211,36.65999984741211,36.65999984741211,36.65999984741211,5000,0.0,0.0
2024-06-12 10:53:00-04:00,36.65999984741211,36.67499923706055,36.65999984741211,36.65999984741211,4908,0.0,0.0
2024-06-12 10:54:00-04:00,36.673099517822266,36.689998626708984,36.673099517822266,36.68000030517578,8391,0.0,0.0
2024-06-12 10:55:00-04:00,36.66999816894531,36.70000076293945,36.66999816894531,36.70000076293945,3267,0.0,0.0
2024-06-12 10:56:00-04:00,36.69499969482422,36.73500061035156,36.69499969482422,36.70500183105469,56421,0.0,0.0
2024-06-12 10:57:00-04:00,36.70000076293945,36.709999084472656,36.70000076293945,36.70000076293945,5699,0.0,0.0
2024-06-12 10:58:00-04:00,36.709999084472656,36.72999954223633,36.709999084472656,36.709999084472656,8948,0.0,0.0
2024-06-12 10:59:00-04:00,36.70500183105469,36.7400016784668,36.70500183105469,36.7400016784668,6476,0.0,0.0
2024-06-12 11:00:00-04:00,36.72999954223633,36.72999954223633,36.720001220703125,36.724998474121094,3635,0.0,0.0
2024-06-12 11:01:00-04:00,36.72249984741211,36.72249984741211,36.709999084472656,36.720001220703125,5495,0.0,0.0
2024-06-12 11:02:00-04:00,36.720001220703125,36.7400016784668,36.720001220703125,36.7400016784668,4709,0.0,0.0
2024-06-12 11:03:00-04:00,36.73500061035156,36.73500061035156,36.71500015258789,36.73500061035156,9634,0.0,0.0
2024-06-12 11:04:00-04:00,36.72999954223633,36.7400016784668,36.71500015258789,36.72700119018555,8748,0.0,0.0
2024-06-12 11:05:00-04:00,36.724998474121094,36.7400016784668,36.720001220703125,36.720001220703125,5642,0.0,0.0
2024-06-12 11:06:00-04:00,36.720001220703125,36.73500061035156,36.712501525878906,36.72999954223633,9855,0.0,0.0
2024-06-12 11:07:00-04:00,36.72999954223633,36.73809814453125,36.724998474121094,36.73500061035156,4382,0.0,0.0
2024-06-12 11:08:00-04:00,36.73500061035156,36.73500061035156,36.720001220703125,36.724998474121094,24606,0.0,0.0
2024-06-12 11:09:00-04:00,36.720001220703125,36.73500061035156,36.720001220703125,36.724998474121094,13856,0.0,0.0
2024-06-12 11:10:00-04:00,36.724998474121094,36.724998474121094,36.68000030517578,36.685001373291016,17893,0.0,0.0
2024-06-12 11:11:00-04:00,36.685001373291016,36.689998626708984,36.619998931884766,36.619998931884766,10018,0.0,0.0
2024-06-12 11:12:00-04:00,36.625,36.630001068115234,36.619998931884766,36.630001068115234,9337,0.0,0.0
2024-06-12 11:13:00-04:00,36.630001068115234,36.6349983215332,36.59000015258789,36.630001068115234,9707,0.0,0.0
2024-06-12 11:14:00-04:00,36.630001068115234,36.650001525878906,36.630001068115234,36.64500045776367,8057,0.0,0.0
2024-06-12 11:15:00-04:00,36.654998779296875,36.654998779296875,36.619998931884766,36.6349983215332,7142,0.0,0.0
2024-06-12 11:16:00-04:00,36.6349983215332,36.64500045776367,36.630001068115234,36.64500045776367,4671,0.0,0.0
2024-06-12 11:17:00-04:00,36.64500045776367,36.654998779296875,36.63999938964844,36.64500045776367,8196,0.0,0.0
2024-06-12 11:18:00-04:00,36.64500045776367,36.66999816894531,36.64500045776367,36.64500045776367,7684,0.0,0.0
2024-06-12 11:19:00-04:00,36.63999938964844,36.650001525878906,36.630001068115234,36.6349983215332,4088,0.0,0.0
2024-06-12 11:20:00-04:00,36.6349983215332,36.6349983215332,36.6150016784668,36.6150016784668,2285,0.0,0.0
2024-06-12 11:21:00-04:00,36.6150016784668,36.65999984741211,36.6150016784668,36.65999984741211,8524,0.0,0.0
2024-06-12 11:22:00-04:00,36.65999984741211,36.68000030517578,36.654998779296875,36.65999984741211,13135,0.0,0.0
2024-06-12 11:23:00-04:00,36.650001525878906,36.650001525878906,36.6150016784668,36.63999938964844,6066,0.0,0.0
2024-06-12 11:24:00-04:00,36.63999938964844,36.63999938964844,36.6349983215332,36.6349983215332,2013,0.0,0.0
2024-06-12 11:25:00-04:00,36.630001068115234,36.630001068115234,36.619998931884766,36.630001068115234,6406,0.0,0.0
2024-06-12 11:26:00-04:00,36.619998931884766,36.650001525878906,36.6150016784668,36.650001525878906,15248,0.0,0.0
2024-06-12 11:27:00-04:00,36.654998779296875,36.68000030517578,36.63999938964844,36.68000030517578,15889,0.0,0.0
2024-06-12 11:28:00-04:00,36.66999816894531,36.66999816894531,36.6349983215332,36.654998779296875,4424,0.0,0.0
2024-06-12 11:29:00-04:00,36.65999984741211,36.68000030517578,36.65999984741211,36.665000915527344,4669,0.0,0.0
2024-06-12 11:30:00-04:00,36.65999984741211,36.665000915527344,36.650001525878906,36.650001525878906,6311,0.0,0.0
2024-06-12 11:31:00-04:00,36.654998779296875,36.709999084472656,36.654998779296875,36.709999084472656,7094,0.0,0.0
2024-06-12 11:32:00-04:00,36.70000076293945,36.70000076293945,36.69499969482422,36.69499969482422,2961,0.0,0.0
2024-06-12 11:33:00-04:00,36.68000030517578,36.70000076293945,36.68000030517578,36.70000076293945,3281,0.0,0.0
2024-06-12 11:34:00-04:00,36.689998626708984,36.709999084472656,36.689998626708984,36.709999084472656,6269,0.0,0.0
2024-06-12 11:35:00-04:00,36.709999084472656,36.75,36.70500183105469,36.71500015258789,52293,0.0,0.0
2024-06-12 11:36:00-04:00,36.71500015258789,36.71500015258789,36.689998626708984,36.69499969482422,7579,0.0,0.0
2024-06-12 11:37:00-04:00,36.709999084472656,36.720001220703125,36.70000076293945,36.70000076293945,3816,0.0,0.0
2024-06-12 11:38:00-04:00,36.685001373291016,36.689998626708984,36.65999984741211,36.65999984741211,13127,0.0,0.0
2024-06-12 11:39:00-04:00,36.65999984741211,36.65999984741211,36.599998474121094,36.625,15140,0.0,0.0
2024-06-12 11:40:00-04:00,36.619998931884766,36.625,36.61050033569336,36.619998931884766,8618,0.0,0.0
2024-06-12 11:41:00-04:00,36.619998931884766,36.630001068115234,36.619998931884766,36.630001068115234,7283,0.0,0.0
2024-06-12 11:42:00-04:00,36.625,36.64500045776367,36.619998931884766,36.63999938964844,6519,0.0,0.0
2024-06-12 11:43:00-04:00,36.650001525878906,36.654998779296875,36.64500045776367,36.650001525878906,5762,0.0,0.0
2024-06-12 11:44:00-04:00,36.619998931884766,36.625,36.599998474121094,36.61000061035156,4275,0.0,0.0
2024-06-12 11:45:00-04:00,36.6150016784668,36.6150016784668,36.595001220703125,36.595001220703125,4326,0.0,0.0
2024-06-12 11:46:00-04:00,36.61000061035156,36.630001068115234,36.60499954223633,36.6150016784668,11761,0.0,0.0
2024-06-12 11:47:00-04:00,36.6150016784668,36.6150016784668,36.56999969482422,36.56999969482422,4624,0.0,0.0
2024-06-12 11:48:00-04:00,36.56999969482422,36.57500076293945,36.51499938964844,36.51499938964844,22023,0.0,0.0
2024-06-12 11:49:00-04:00,36.51499938964844,36.540000915527344,36.5099983215332,36.540000915527344,5510,0.0,0.0
2024-06-12 11:50:00-04:00,36.54999923706055,36.54999923706055,36.4900016784668,36.5,19206,0.0,0.0
2024-06-12 11:51:00-04:00,36.494998931884766,36.494998931884766,36.4901008605957,36.4901008605957,735,0.0,0.0
2024-06-12 11:52:00-04:00,36.5,36.56999969482422,36.5,36.56999969482422,9961,0.0,0.0
2024-06-12 11:53:00-04:00,36.56999969482422,36.599998474121094,36.56999969482422,36.599998474121094,6293,0.0,0.0
2024-06-12 11:54:00-04:00,36.61000061035156,36.619998931884766,36.599998474121094,36.619998931884766,5180,0.0,0.0
2024-06-12 11:55:00-04:00,36.619998931884766,36.63999938964844,36.619998931884766,36.63999938964844,2072,0.0,0.0
2024-06-12 11:56:00-04:00,36.630001068115234,36.6349983215332,36.625,36.630001068115234,3585,0.0,0.0
2024-06-12 11:57:00-04:00,36.630001068115234,36.63999938964844,36.61000061035156,36.630001068115234,5213,0.0,0.0
2024-06-12 11:58:00-04:00,36.630001068115234,36.630001068115234,36.61000061035156,36.61000061035156,3675,0.0,0.0
2024-06-12 11:59:00-04:00,36.60499954223633,36.60499954223633,36.599998474121094,36.599998474121094,685,0.0,0.0
2024-06-12 12:00:00-04:00,36.604000091552734,36.604000091552734,36.59000015258789,36.600101470947266,7097,0.0,0.0
2024-06-12 12:01:00-04:00,36.61000061035156,36.619998931884766,36.61000061035156,36.61000061035156,4810,0.0,0.0
2024-06-12 12:02:00-04:00,36.61000061035156,36.630001068115234,36.61000061035156,36.630001068115234,5784,0.0,0.0
2024-06-12 12:03:00-04:00,36.6349983215332,36.6349983215332,36.619998931884766,36.630001068115234,8628,0.0,0.0
2024-06-12 12:04:00-04:00,36.63999938964844,36.650001525878906,36.63999938964844,36.650001525878906,1646,0.0,0.0
2024-06-12 12:05:00-04:00,36.65950012207031,36.65950012207031,36.64500045776367,36.650001525878906,3791,0.0,0.0
2024-06-12 12:06:00-04:00,36.650001525878906,36.65999984741211,36.650001525878906,36.654998779296875,2558,0.0,0.0
2024-06-12 12:07:00-04:00,36.65999984741211,36.66999816894531,36.65999984741211,36.65999984741211,4928,0.0,0.0
2024-06-12 12:08:00-04:00,36.650001525878906,36.66999816894531,36.650001525878906,36.65999984741211,4845,0.0,0.0
2024-06-12 12:09:00-04:00,36.65999984741211,36.65999984741211,36.650001525878906,36.650001525878906,5818,0.0,0.0
2024-06-12 12:10:00-04:00,36.665000915527344,36.66999816894531,36.650001525878906,36.650001525878906,4770,0.0,0.0
2024-06-12 12:11:00-04:00,36.65999984741211,36.65999984741211,36.65010070800781,36.654998779296875,1455,0.0,0.0
2024-06-12 12:12:00-04:00,36.665000915527344,36.66999816894531,36.665000915527344,36.66999816894531,1760,0.0,0.0
2024-06-12 12:13:00-04:00,36.665000915527344,36.665000915527344,36.650001525878906,36.650001525878906,3911,0.0,0.0
2024-06-12 12:14:00-04:00,36.654998779296875,36.66630172729492,36.654998779296875,36.65999984741211,3981,0.0,0.0
2024-06-12 12:15:00-04:00,36.665000915527344,36.66999816894531,36.665000915527344,36.66999816894531,3729,0.0,0.0
2024-06-12 12:16:00-04:00,36.66999816894531,36.689998626708984,36.66999816894531,36.685001373291016,3412,0.0,0.0
2024-06-12 12:17:00-04:00,36.68000030517578,36.68000030517578,36.66999816894531,36.66999816894531,9437,0.0,0.0
2024-06-12 12:18:00-04:00,36.66999816894531,36.709999084472656,36.66999816894531,36.709999084472656,6513,0.0,0.0
2024-06-12 12:19:00-04:00,36.720001220703125,36.72999954223633,36.709999084472656,36.71500015258789,6765,0.0,0.0
2024-06-12 12:20:00-04:00,36.709999084472656,36.715301513671875,36.70500183105469,36.70500183105469,3941,0.0,0.0
2024-06-12 12:21:00-04:00,36.709999084472656,36.71500015258789,36.70000076293945,36.71500015258789,3070,0.0,0.0
2024-06-12 12:22:00-04:00,36.709999084472656,36.709999084472656,36.70000076293945,36.70500183105469,4350,0.0,0.0
2024-06-12 12:23:00-04:00,36.70000076293945,36.709999084472656,36.70000076293945,36.709999084472656,2535,0.0,0.0
2024-06-12 12:24:00-04:00,36.709999084472656,36.709999084472656,36.70500183105469,36.70500183105469,4500,0.0,0.0
2024-06-12 12:25:00-04:00,36.700801849365234,36.709999084472656,36.689998626708984,36.70500183105469,9597,0.0,0.0
2024-06-12 12:26:00-04:00,36.69499969482422,36.70500183105469,36.690101623535156,36.69499969482422,4064,0.0,0.0
2024-06-12 12:27:00-04:00,36.70000076293945,36.70500183105469,36.70000076293945,36.70500183105469,1526,0.0,0.0
2024-06-12 12:28:00-04:00,36.709999084472656,36.709999084472656,36.69449996948242,36.69449996948242,6346,0.0,0.0
2024-06-12 12:29:00-04:00,36.70000076293945,36.709999084472656,36.68000030517578,36.685001373291016,8629,0.0,0.0
2024-06-12 12:30:00-04:00,36.67499923706055,36.68000030517578,36.66999816894531,36.67720031738281,5192,0.0,0.0
2024-06-12 12:31:00-04:00,36.66999816894531,36.67499923706055,36.65999984741211,36.65999984741211,6932,0.0,0.0
2024-06-12 12:32:00-04:00,36.654998779296875,36.654998779296875,36.625,36.6349983215332,7169,0.0,0.0
2024-06-12 12:33:00-04:00,36.6349983215332,36.6349983215332,36.625,36.625,6077,0.0,0.0
2024-06-12 12:34:00-04:00,36.62990188598633,36.63999938964844,36.619998931884766,36.63999938964844,5064,0.0,0.0
2024-06-12 12:35:00-04:00,36.6349983215332,36.63999938964844,36.625,36.63999938964844,6198,0.0,0.0
2024-06-12 12:36:00-04:00,36.64500045776367,36.6505012512207,36.63999938964844,36.650001525878906,3025,0.0,0.0
2024-06-12 12:37:00-04:00,36.652000427246094,36.665000915527344,36.650001525878906,36.650001525878906,4959,0.0,0.0
2024-06-12 12:38:00-04:00,36.654998779296875,36.66999816894531,36.63999938964844,36.63999938964844,9159,0.0,0.0
2024-06-12 12:39:00-04:00,36.6349983215332,36.64500045776367,36.630001068115234,36.64500045776367,2115,0.0,0.0
2024-06-12 12:40:00-04:00,36.6349983215332,36.64149856567383,36.630001068115234,36.63999938964844,4811,0.0,0.0
2024-06-12 12:41:00-04:00,36.641300201416016,36.641300201416016,36.641300201416016,36.641300201416016,282,0.0,0.0
2024-06-12 12:42:00-04:00,36.64500045776367,36.64500045776367,36.64500045776367,36.64500045776367,1310,0.0,0.0
2024-06-12 12:43:00-04:00,36.646400451660156,36.654998779296875,36.64500045776367,36.654998779296875,2547,0.0,0.0
2024-06-12 12:44:00-04:00,36.654998779296875,36.65999984741211,36.650299072265625,36.65999984741211,2042,0.0,0.0
2024-06-12 12:45:00-04:00,36.66999816894531,36.66999816894531,36.66189956665039,36.66189956665039,2990,0.0,0.0
2024-06-12 12:46:00-04:00,36.665000915527344,36.67499923706055,36.65999984741211,36.66999816894531,6912,0.0,0.0
2024-06-12 12:47:00-04:00,36.665000915527344,36.66999816894531,36.65129852294922,36.654998779296875,6185,0.0,0.0
2024-06-12 12:48:00-04:00,36.654998779296875,36.665000915527344,36.654998779296875,36.665000915527344,3528,0.0,0.0
2024-06-12 12:49:00-04:00,36.665000915527344,36.665000915527344,36.65999984741211,36.665000915527344,5329,0.0,0.0
2024-06-12 12:50:00-04:00,36.665000915527344,36.66999816894531,36.665000915527344,36.66999816894531,696,0.0,0.0
2024-06-12 12:51:00-04:00,36.665000915527344,36.665000915527344,36.6349983215332,36.6349983215332,5366,0.0,0.0
2024-06-12 12:52:00-04:00,36.6349983215332,36.6349983215332,36.6150016784668,36.625,6059,0.0,0.0
2024-06-12 12:53:00-04:00,36.625,36.630001068115234,36.625,36.625,1508,0.0,0.0
2024-06-12 12:54:00-04:00,36.619998931884766,36.619998931884766,36.599998474121094,36.60499954223633,2420,0.0,0.0
2024-06-12 12:55:00-04:00,36.60499954223633,36.61000061035156,36.60499954223633,36.61000061035156,764,0.0,0.0
2024-06-12 12:56:00-04:00,36.6150016784668,36.625,36.6150016784668,36.625,2279,0.0,0.0
2024-06-12 12:57:00-04:00,36.625,36.625,36.599998474121094,36.599998474121094,4895,0.0,0.0
2024-06-12 12:58:00-04:00,36.599998474121094,36.61579895019531,36.599998474121094,36.61579895019531,2939,0.0,0.0
2024-06-12 12:59:00-04:00,36.61989974975586,36.630001068115234,36.61000061035156,36.630001068115234,7890,0.0,0.0
2024-06-12 13:00:00-04:00,36.630001068115234,36.65999984741211,36.630001068115234,36.65999984741211,6501,0.0,0.0
2024-06-12 13:01:00-04:00,36.654998779296875,36.654998779296875,36.6411018371582,36.650001525878906,5975,0.0,0.0
2024-06-12 13:02:00-04:00,36.650001525878906,36.650001525878906,36.64500045776367,36.650001525878906,1549,0.0,0.0
2024-06-12 13:03:00-04:00,36.64500045776367,36.654998779296875,36.64500045776367,36.654998779296875,3006,0.0,0.0
2024-06-12 13:04:00-04:00,36.665000915527344,36.66999816894531,36.665000915527344,36.665000915527344,1997,0.0,0.0
2024-06-12 13:05:00-04:00,36.66999816894531,36.66999816894531,36.665000915527344,36.665000915527344,4535,0.0,0.0
2024-06-12 13:06:00-04:00,36.66999816894531,36.66999816894531,36.650001525878906,36.650001525878906,6946,0.0,0.0
2024-06-12 13:07:00-04:00,36.64500045776367,36.64500045776367,36.64500045776367,36.64500045776367,329,0.0,0.0
2024-06-12 13:08:00-04:00,36.63999938964844,36.64500045776367,36.63010025024414,36.6349983215332,6456,0.0,0.0
2024-06-12 13:09:00-04:00,36.6349983215332,36.6349983215332,36.60499954223633,36.60499954223633,2356,0.0,0.0
2024-06-12 13:10:00-04:00,36.599998474121094,36.61000061035156,36.595001220703125,36.60499954223633,2936,0.0,0.0
2024-06-12 13:11:00-04:00,36.60499954223633,36.60499954223633,36.599998474121094,36.60499954223633,6532,0.0,0.0
2024-06-12 13:12:00-04:00,36.61000061035156,36.6150016784668,36.595001220703125,36.595001220703125,5203,0.0,0.0
2024-06-12 13:13:00-04:00,36.595001220703125,36.595001220703125,36.56999969482422,36.56999969482422,5315,0.0,0.0
2024-06-12 13:14:00-04:00,36.58000183105469,36.58000183105469,36.58000183105469,36.58000183105469,584,0.0,0.0
2024-06-12 13:15:00-04:00,36.57500076293945,36.58000183105469,36.570098876953125,36.57500076293945,1595,0.0,0.0
2024-06-12 13:16:00-04:00,36.57500076293945,36.58000183105469,36.57500076293945,36.58000183105469,2889,0.0,0.0
2024-06-12 13:17:00-04:00,36.58000183105469,36.61000061035156,36.58000183105469,36.61000061035156,13488,0.0,0.0
2024-06-12 13:18:00-04:00,36.61000061035156,36.6150016784668,36.599998474121094,36.599998474121094,8148,0.0,0.0
2024-06-12 13:19:00-04:00,36.599998474121094,36.61000061035156,36.599998474121094,36.60499954223633,2592,0.0,0.0
2024-06-12 13:20:00-04:00,36.60499954223633,36.625,36.60499954223633,36.619998931884766,3217,0.0,0.0
2024-06-12 13:21:00-04:00,36.625,36.625,36.6150016784668,36.619998931884766,5973,0.0,0.0
2024-06-12 13:22:00-04:00,36.619998931884766,36.625,36.60499954223633,36.60499954223633,4919,0.0,0.0
2024-06-12 13:23:00-04:00,36.61000061035156,36.6150016784668,36.60499954223633,36.6150016784668,3428,0.0,0.0
2024-06-12 13:24:00-04:00,36.61000061035156,36.619998931884766,36.61000061035156,36.6150016784668,2693,0.0,0.0
2024-06-12 13:25:00-04:00,36.625,36.630001068115234,36.619998931884766,36.625,2833,0.0,0.0
2024-06-12 13:26:00-04:00,36.630001068115234,36.6349983215332,36.625,36.630001068115234,11194,0.0,0.0
2024-06-12 13:27:00-04:00,36.625,36.630001068115234,36.625,36.630001068115234,1637,0.0,0.0
2024-06-12 13:28:00-04:00,36.625,36.630001068115234,36.619998931884766,36.625,2176,0.0,0.0
2024-06-12 13:29:00-04:00,36.625,36.630001068115234,36.625,36.630001068115234,2945,0.0,0.0
2024-06-12 13:30:00-04:00,36.625,36.625,36.60499954223633,36.619998931884766,12744,0.0,0.0
2024-06-12 13:31:00-04:00,36.61000061035156,36.6349983215332,36.595001220703125,36.6349983215332,11780,0.0,0.0
2024-06-12 13:32:00-04:00,36.64500045776367,36.64500045776367,36.63999938964844,36.63999938964844,4121,0.0,0.0
2024-06-12 13:33:00-04:00,36.6349983215332,36.64500045776367,36.63199996948242,36.64500045776367,3886,0.0,0.0
2024-06-12 13:34:00-04:00,36.650001525878906,36.654998779296875,36.64500045776367,36.654998779296875,3944,0.0,0.0
2024-06-12 13:35:00-04:00,36.65999984741211,36.68000030517578,36.65999984741211,36.67499923706055,4210,0.0,0.0
2024-06-12 13:36:00-04:00,36.66999816894531,36.68000030517578,36.665000915527344,36.68000030517578,4343,0.0,0.0
2024-06-12 13:37:00-04:00,36.67499923706055,36.67499923706055,36.64500045776367,36.64500045776367,15200,0.0,0.0
2024-06-12 13:38:00-04:00,36.64099884033203,36.64500045776367,36.62200164794922,36.630001068115234,4619,0.0,0.0
2024-06-12 13:39:00-04:00,36.625,36.625,36.60499954223633,36.60499954223633,2933,0.0,0.0
2024-06-12 13:40:00-04:00,36.595001220703125,36.595001220703125,36.56999969482422,36.58000183105469,5600,0.0,0.0
2024-06-12 13:41:00-04:00,36.57939910888672,36.57939910888672,36.54999923706055,36.55500030517578,11487,0.0,0.0
2024-06-12 13:42:00-04:00,36.54499816894531,36.54999923706055,36.54499816894531,36.54499816894531,1384,0.0,0.0
2024-06-12 13:43:00-04:00,36.540000915527344,36.540000915527344,36.53499984741211,36.53499984741211,3292,0.0,0.0
2024-06-12 13:45:00-04:00,36.53499984741211,36.54499816894531,36.53499984741211,36.540000915527344,6257,0.0,0.0
2024-06-12 13:46:00-04:00,36.540000915527344,36.54499816894531,36.52000045776367,36.52000045776367,8480,0.0,0.0
2024-06-12 13:47:00-04:00,36.51499938964844,36.516998291015625,36.51029968261719,36.51029968261719,1326,0.0,0.0
2024-06-12 13:48:00-04:00,36.5099983215332,36.51499938964844,36.50279998779297,36.51499938964844,7711,0.0,0.0
2024-06-12 13:49:00-04:00,36.52000045776367,36.525001525878906,36.51430130004883,36.525001525878906,6727,0.0,0.0
2024-06-12 13:50:00-04:00,36.525001525878906,36.53499984741211,36.52000045776367,36.53499984741211,3003,0.0,0.0
2024-06-12 13:51:00-04:00,36.53499984741211,36.53499984741211,36.505001068115234,36.51499938964844,6847,0.0,0.0
2024-06-12 13:52:00-04:00,36.51499938964844,36.525001525878906,36.51499938964844,36.51499938964844,3932,0.0,0.0
2024-06-12 13:53:00-04:00,36.52000045776367,36.540000915527344,36.52000045776367,36.53110122680664,4309,0.0,0.0
2024-06-12 13:54:00-04:00,36.540000915527344,36.54999923706055,36.53499984741211,36.54499816894531,4080,0.0,0.0
2024-06-12 13:55:00-04:00,36.54499816894531,36.55500030517578,36.54499816894531,36.54999923706055,11356,0.0,0.0
2024-06-12 13:56:00-04:00,36.54999923706055,36.579898834228516,36.4900016784668,36.54999923706055,467686,0.0,0.0
2024-06-12 13:57:00-04:00,36.54499816894531,36.54499816894531,36.5,36.5,60119,0.0,0.0
2024-06-12 13:58:00-04:00,36.505001068115234,36.529998779296875,36.505001068115234,36.52949905395508,4833,0.0,0.0
2024-06-12 13:59:00-04:00,36.52000045776367,36.529998779296875,36.4900016784668,36.5099983215332,10919,0.0,0.0
2024-06-12 14:00:00-04:00,36.5099983215332,36.5099983215332,36.220001220703125,36.279998779296875,101734,0.0,0.0
2024-06-12 14:01:00-04:00,36.279998779296875,36.345001220703125,36.275001525878906,36.345001220703125,14102,0.0,0.0
2024-06-12 14:02:00-04:00,36.34000015258789,36.38999938964844,36.290000915527344,36.310001373291016,13635,0.0,0.0
2024-06-12 14:03:00-04:00,36.290000915527344,36.39500045776367,36.28499984741211,36.36000061035156,11829,0.0,0.0
2024-06-12 14:04:00-04:00,36.380001068115234,36.380001068115234,36.34000015258789,36.34000015258789,9854,0.0,0.0
2024-06-12 14:05:00-04:00,36.349998474121094,36.42499923706055,36.349998474121094,36.41999816894531,12473,0.0,0.0
2024-06-12 14:06:00-04:00,36.380001068115234,36.380001068115234,36.334999084472656,36.334999084472656,8790,0.0,0.0
2024-06-12 14:07:00-04:00,36.32500076293945,36.380001068115234,36.310001373291016,36.380001068115234,10045,0.0,0.0
2024-06-12 14:08:00-04:00,36.369998931884766,36.400001525878906,36.369998931884766,36.38999938964844,14782,0.0,0.0
2024-06-12 14:09:00-04:00,36.40999984741211,36.40999984741211,36.380001068115234,36.404998779296875,12603,0.0,0.0
2024-06-12 14:10:00-04:00,36.415000915527344,36.459999084472656,36.38999938964844,36.39500045776367,18764,0.0,0.0
2024-06-12 14:11:00-04:00,36.39500045776367,36.39500045776367,36.33000183105469,36.349998474121094,13884,0.0,0.0
2024-06-12 14:12:00-04:00,36.380001068115234,36.380001068115234,36.345001220703125,36.345001220703125,13829,0.0,0.0
2024-06-12 14:13:00-04:00,36.35499954223633,36.35499954223633,36.32500076293945,36.33000183105469,9724,0.0,0.0
2024-06-12 14:14:00-04:00,36.33000183105469,36.35749816894531,36.32500076293945,36.34000015258789,31193,0.0,0.0
2024-06-12 14:15:00-04:00,36.33000183105469,36.34000015258789,36.31999969482422,36.34000015258789,17757,0.0,0.0
2024-06-12 14:16:00-04:00,36.33250045776367,36.349998474121094,36.33000183105469,36.34000015258789,15243,0.0,0.0
2024-06-12 14:17:00-04:00,36.349998474121094,36.36000061035156,36.33000183105469,36.34000015258789,12357,0.0,0.0
2024-06-12 14:18:00-04:00,36.34000015258789,36.380001068115234,36.33000183105469,36.34000015258789,26376,0.0,0.0
2024-06-12 14:19:00-04:00,36.33000183105469,36.33000183105469,36.29999923706055,36.29999923706055,18947,0.0,0.0
2024-06-12 14:20:00-04:00,36.29999923706055,36.31999969482422,36.279998779296875,36.279998779296875,36075,0.0,0.0
2024-06-12 14:21:00-04:00,36.279998779296875,36.290000915527344,36.209999084472656,36.209999084472656,15030,0.0,0.0
2024-06-12 14:22:00-04:00,36.220001220703125,36.25,36.220001220703125,36.23500061035156,10263,0.0,0.0
2024-06-12 14:23:00-04:00,36.25,36.255001068115234,36.244998931884766,36.25,12780,0.0,0.0
2024-06-12 14:24:00-04:00,36.255001068115234,36.27000045776367,36.255001068115234,36.2599983215332,13884,0.0,0.0
2024-06-12 14:25:00-04:00,36.255001068115234,36.27000045776367,36.255001068115234,36.26499938964844,5547,0.0,0.0
2024-06-12 14:26:00-04:00,36.27000045776367,36.29499816894531,36.27000045776367,36.279998779296875,36363,0.0,0.0
2024-06-12 14:27:00-04:00,36.275001525878906,36.279998779296875,36.22999954223633,36.22999954223633,15108,0.0,0.0
2024-06-12 14:28:00-04:00,36.220001220703125,36.22999954223633,36.220001220703125,36.220001220703125,9811,0.0,0.0
2024-06-12 14:29:00-04:00,36.220001220703125,36.220001220703125,36.16999816894531,36.19499969482422,11130,0.0,0.0
2024-06-12 14:30:00-04:00,36.20000076293945,36.2400016784668,36.19499969482422,36.22999954223633,19322,0.0,0.0
2024-06-12 14:31:00-04:00,36.2400016784668,36.29999923706055,36.220001220703125,36.22999954223633,54312,0.0,0.0
2024-06-12 14:32:00-04:00,36.220001220703125,36.33000183105469,36.14500045776367,36.33000183105469,28909,0.0,0.0
2024-06-12 14:33:00-04:00,36.31999969482422,36.349998474121094,36.2400016784668,36.290000915527344,20785,0.0,0.0
2024-06-12 14:34:00-04:00,36.27000045776367,36.29999923706055,36.26499938964844,36.27000045776367,12650,0.0,0.0
2024-06-12 14:35:00-04:00,36.27000045776367,36.27000045776367,36.15999984741211,36.189998626708984,29513,0.0,0.0
2024-06-12 14:36:00-04:00,36.18000030517578,36.209999084472656,36.029998779296875,36.06999969482422,66957,0.0,0.0
2024-06-12 14:37:00-04:00,36.08000183105469,36.20000076293945,36.08000183105469,36.189998626708984,20097,0.0,0.0
2024-06-12 14:38:00-04:00,36.18000030517578,36.189998626708984,36.04499816894531,36.10499954223633,20115,0.0,0.0
2024-06-12 14:39:00-04:00,36.119998931884766,36.16999816894531,36.095001220703125,36.14500045776367,13548,0.0,0.0
2024-06-12 14:40:00-04:00,36.15999984741211,36.16999816894531,36.09000015258789,36.130001068115234,16736,0.0,0.0
2024-06-12 14:41:00-04:00,36.11000061035156,36.13999938964844,36.08000183105469,36.13999938964844,12161,0.0,0.0
2024-06-12 14:42:00-04:00,36.130001068115234,36.13999938964844,36.064998626708984,36.06999969482422,18207,0.0,0.0
2024-06-12 14:43:00-04:00,36.06999969482422,36.099998474121094,36.060001373291016,36.099998474121094,12849,0.0,0.0
2024-06-12 14:44:00-04:00,36.09989929199219,36.189998626708984,35.999698638916016,36.119998931884766,45602,0.0,0.0
2024-06-12 14:45:00-04:00,36.099998474121094,36.099998474121094,36.0099983215332,36.040000915527344,24957,0.0,0.0
2024-06-12 14:46:00-04:00,36.029998779296875,36.099998474121094,36.025001525878906,36.08000183105469,19143,0.0,0.0
2024-06-12 14:47:00-04:00,36.064998626708984,36.099998474121094,36.04499816894531,36.08000183105469,32044,0.0,0.0
2024-06-12 14:48:00-04:00,36.08000183105469,36.099998474121094,36.025001525878906,36.025001525878906,27526,0.0,0.0
2024-06-12 14:49:00-04:00,36.02000045776367,36.029998779296875,35.97999954223633,36.0,17565,0.0,0.0
2024-06-12 14:50:00-04:00,36.0,36.029998779296875,35.970001220703125,36.0099983215332,16028,0.0,0.0
2024-06-12 14:51:00-04:00,36.02000045776367,36.02000045776367,35.974998474121094,35.97999954223633,14260,0.0,0.0
2024-06-12 14:52:00-04:00,35.97999954223633,35.97999954223633,35.93000030517578,35.95500183105469,16348,0.0,0.0
2024-06-12 14:53:00-04:00,35.959999084472656,35.9900016784668,35.959999084472656,35.959999084472656,14009,0.0,0.0
2024-06-12 14:54:00-04:00,35.970001220703125,36.029998779296875,35.959999084472656,36.029998779296875,15539,0.0,0.0
2024-06-12 14:55:00-04:00,36.029998779296875,36.084999084472656,36.029998779296875,36.084999084472656,14028,0.0,0.0
2024-06-12 14:56:00-04:00,36.09000015258789,36.13999938964844,36.084999084472656,36.13999938964844,14415,0.0,0.0
2024-06-12 14:57:00-04:00,36.13999938964844,36.150001525878906,36.11000061035156,36.11000061035156,16017,0.0,0.0
2024-06-12 14:58:00-04:00,36.099998474121094,36.119998931884766,36.084999084472656,36.1150016784668,7070,0.0,0.0
2024-06-12 14:59:00-04:00,36.1150016784668,36.1349983215332,36.10499954223633,36.119998931884766,9922,0.0,0.0
2024-06-12 15:00:00-04:00,36.1150016784668,36.13999938964844,36.11000061035156,36.119998931884766,10031,0.0,0.0
2024-06-12 15:01:00-04:00,36.1150016784668,36.150001525878906,36.11000061035156,36.14500045776367,15409,0.0,0.0
2024-06-12 15:02:00-04:00,36.150001525878906,36.165000915527344,36.1150016784668,36.1150016784668,9830,0.0,0.0
2024-06-12 15:03:00-04:00,36.099998474121094,36.130001068115234,36.09000015258789,36.130001068115234,9379,0.0,0.0
2024-06-12 15:04:00-04:00,36.125,36.13999938964844,36.1150016784668,36.1349983215332,9940,0.0,0.0
2024-06-12 15:05:00-04:00,36.1349983215332,36.14500045776367,36.099998474121094,36.125,23413,0.0,0.0
2024-06-12 15:06:00-04:00,36.130001068115234,36.13999938964844,36.099998474121094,36.130001068115234,19688,0.0,0.0
2024-06-12 15:07:00-04:00,36.11000061035156,36.11000061035156,36.084999084472656,36.11000061035156,13538,0.0,0.0
2024-06-12 15:08:00-04:00,36.119998931884766,36.15999984741211,36.1150016784668,36.154998779296875,10314,0.0,0.0
2024-06-12 15:09:00-04:00,36.154998779296875,36.16999816894531,36.13999938964844,36.13999938964844,12356,0.0,0.0
2024-06-12 15:10:00-04:00,36.130001068115234,36.154998779296875,36.1150016784668,36.154998779296875,9083,0.0,0.0
2024-06-12 15:11:00-04:00,36.15999984741211,36.16999816894531,36.14500045776367,36.14500045776367,11529,0.0,0.0
2024-06-12 15:12:00-04:00,36.15999984741211,36.15999984741211,36.084999084472656,36.095001220703125,9293,0.0,0.0
2024-06-12 15:13:00-04:00,36.1150016784668,36.1150016784668,36.09000015258789,36.095001220703125,7046,0.0,0.0
2024-06-12 15:14:00-04:00,36.09000015258789,36.09000015258789,36.07500076293945,36.08000183105469,13515,0.0,0.0
2024-06-12 15:15:00-04:00,36.084999084472656,36.106998443603516,36.08000183105469,36.099998474121094,12170,0.0,0.0
2024-06-12 15:16:00-04:00,36.095001220703125,36.0968017578125,36.064998626708984,36.07500076293945,8211,0.0,0.0
2024-06-12 15:17:00-04:00,36.07500076293945,36.07500076293945,36.064998626708984,36.06999969482422,6972,0.0,0.0
2024-06-12 15:18:00-04:00,36.06999969482422,36.06999969482422,36.04999923706055,36.06999969482422,7748,0.0,0.0
2024-06-12 15:19:00-04:00,36.064998626708984,36.09000015258789,36.060001373291016,36.084999084472656,15300,0.0,0.0
2024-06-12 15:20:00-04:00,36.07500076293945,36.08000183105469,36.04499816894531,36.07500076293945,15459,0.0,0.0
2024-06-12 15:21:00-04:00,36.06999969482422,36.06999969482422,36.040000915527344,36.04999923706055,9128,0.0,0.0
2024-06-12 15:22:00-04:00,36.060001373291016,36.060001373291016,36.0,36.0099983215332,11459,0.0,0.0
2024-06-12 15:23:00-04:00,36.0099983215332,36.0099983215332,35.95000076293945,35.974998474121094,12395,0.0,0.0
2024-06-12 15:24:00-04:00,35.970001220703125,35.974998474121094,35.935001373291016,35.935001373291016,16709,0.0,0.0
2024-06-12 15:25:00-04:00,35.93000030517578,35.95000076293945,35.90999984741211,35.915000915527344,8958,0.0,0.0
2024-06-12 15:26:00-04:00,35.90999984741211,35.9900016784668,35.904998779296875,35.98500061035156,38773,0.0,0.0
2024-06-12 15:27:00-04:00,35.9900016784668,35.994998931884766,35.89500045776367,35.89500045776367,19302,0.0,0.0
2024-06-12 15:28:00-04:00,35.88999938964844,35.90999984741211,35.8650016784668,35.89500045776367,25611,0.0,0.0
2024-06-12 15:29:00-04:00,35.88999938964844,35.88999938964844,35.84000015258789,35.8650016784668,22210,0.0,0.0
2024-06-12 15:30:00-04:00,35.86000061035156,35.93000030517578,35.84000015258789,35.93000030517578,17911,0.0,0.0
2024-06-12 15:31:00-04:00,35.92499923706055,35.92499923706055,35.900901794433594,35.908199310302734,10530,0.0,0.0
2024-06-12 15:32:00-04:00,35.904998779296875,35.93000030517578,35.8849983215332,35.900001525878906,29028,0.0,0.0
2024-06-12 15:33:00-04:00,35.900001525878906,35.915000915527344,35.8849983215332,35.90999984741211,12376,0.0,0.0
2024-06-12 15:34:00-04:00,35.915000915527344,35.95500183105469,35.915000915527344,35.95000076293945,17203,0.0,0.0
2024-06-12 15:35:00-04:00,35.95000076293945,35.95500183105469,35.935001373291016,35.95500183105469,15698,0.0,0.0
2024-06-12 15:36:00-04:00,35.959999084472656,35.974998474121094,35.959999084472656,35.970001220703125,15832,0.0,0.0
2024-06-12 15:37:00-04:00,35.959999084472656,35.97999954223633,35.94499969482422,35.94499969482422,15693,0.0,0.0
2024-06-12 15:38:00-04:00,35.94499969482422,35.94499969482422,35.904998779296875,35.939998626708984,14423,0.0,0.0
2024-06-12 15:39:00-04:00,35.95000076293945,35.96500015258789,35.94499969482422,35.95500183105469,14780,0.0,0.0
2024-06-12 15:40:00-04:00,35.95000076293945,36.0,35.94499969482422,35.994998931884766,41353,0.0,0.0
2024-06-12 15:41:00-04:00,36.0,36.0,35.97999954223633,35.98500061035156,32327,0.0,0.0
2024-06-12 15:42:00-04:00,35.98500061035156,36.040000915527344,35.97999954223633,36.03499984741211,25082,0.0,0.0
2024-06-12 15:43:00-04:00,36.029998779296875,36.029998779296875,36.01499938964844,36.01499938964844,14630,0.0,0.0
2024-06-12 15:44:00-04:00,36.01499938964844,36.025001525878906,36.0,36.0,20320,0.0,0.0
2024-06-12 15:45:00-04:00,36.005001068115234,36.025001525878906,36.0,36.025001525878906,26521,0.0,0.0
2024-06-12 15:46:00-04:00,36.02000045776367,36.03499984741211,36.02000045776367,36.029998779296875,20894,0.0,0.0
2024-06-12 15:47:00-04:00,36.025001525878906,36.04999923706055,36.0099983215332,36.04999923706055,22057,0.0,0.0
2024-06-12 15:48:00-04:00,36.04999923706055,36.084999084472656,36.04999923706055,36.084999084472656,20678,0.0,0.0
2024-06-12 15:49:00-04:00,36.084999084472656,36.09000015258789,36.04499816894531,36.04499816894531,22199,0.0,0.0
2024-06-12 15:50:00-04:00,36.040000915527344,36.04499816894531,36.0099983215332,36.0099983215332,38901,0.0,0.0
2024-06-12 15:51:00-04:00,36.0099983215332,36.03499984741211,35.994998931884766,36.005001068115234,31985,0.0,0.0
2024-06-12 15:52:00-04:00,36.005001068115234,36.040000915527344,36.005001068115234,36.025001525878906,41442,0.0,0.0
2024-06-12 15:53:00-04:00,36.029998779296875,36.03499984741211,35.97999954223633,35.994998931884766,52956,0.0,0.0
2024-06-12 15:54:00-04:00,35.994998931884766,36.03499984741211,35.970001220703125,36.01499938964844,77189,0.0,0.0
2024-06-12 15:55:00-04:00,36.01499938964844,36.06999969482422,36.0099983215332,36.060001373291016,55276,0.0,0.0
2024-06-12 15:56:00-04:00,36.064998626708984,36.084999084472656,36.060001373291016,36.060001373291016,50067,0.0,0.0
2024-06-12 15:57:00-04:00,36.060001373291016,36.09000015258789,36.060001373291016,36.09000015258789,43105,0.0,0.0
2024-06-12 15:58:00-04:00,36.084999084472656,36.09000015258789,36.040000915527344,36.040000915527344,89570,0.0,0.0
2024-06-12 15:59:00-04:00,36.04499816894531,36.06999969482422,36.029998779296875,36.05500030517578,120831,0.0,0.0
2024-06-13 09:30:00-04:00,35.7400016784668,35.88570022583008,35.7400016784668,35.779998779296875,52831,0.0,0.0
2024-06-13 09:31:00-04:00,35.779998779296875,35.86000061035156,35.779998779296875,35.79999923706055,13652,0.0,0.0
2024-06-13 09:32:00-04:00,35.79499816894531,35.849998474121094,35.790000915527344,35.79999923706055,7403,0.0,0.0
2024-06-13 09:33:00-04:00,35.80500030517578,35.80500030517578,35.72999954223633,35.7599983215332,5344,0.0,0.0
2024-06-13 09:34:00-04:00,35.72999954223633,35.7599983215332,35.720001220703125,35.7599983215332,6533,0.0,0.0
2024-06-13 09:35:00-04:00,35.7599983215332,35.7599983215332,35.630001068115234,35.650001525878906,23744,0.0,0.0
2024-06-13 09:36:00-04:00,35.6150016784668,35.63999938964844,35.59000015258789,35.59000015258789,7692,0.0,0.0
2024-06-13 09:37:00-04:00,35.56999969482422,35.619998931884766,35.56999969482422,35.599998474121094,8460,0.0,0.0
2024-06-13 09:38:00-04:00,35.61000061035156,35.61000061035156,35.52000045776367,35.52000045776367,6428,0.0,0.0
2024-06-13 09:39:00-04:00,35.52000045776367,35.52000045776367,35.470001220703125,35.4900016784668,41429,0.0,0.0
2024-06-13 09:40:00-04:00,35.4900016784668,35.529998779296875,35.48500061035156,35.494998931884766,27481,0.0,0.0
2024-06-13 09:41:00-04:00,35.5,35.5099983215332,35.47999954223633,35.47999954223633,5674,0.0,0.0
2024-06-13 09:42:00-04:00,35.47999954223633,35.5,35.46500015258789,35.5,8145,0.0,0.0
2024-06-13 09:43:00-04:00,35.494998931884766,35.494998931884766,35.43000030517578,35.435001373291016,8820,0.0,0.0
2024-06-13 09:44:00-04:00,35.42499923706055,35.42499923706055,35.369998931884766,35.369998931884766,9941,0.0,0.0
2024-06-13 09:45:00-04:00,35.349998474121094,35.349998474121094,35.29999923706055,35.29999923706055,12750,0.0,0.0
2024-06-13 09:48:00-04:00,35.34000015258789,35.45000076293945,35.34000015258789,35.43000030517578,55828,0.0,0.0
2024-06-13 09:49:00-04:00,35.420101165771484,35.494998931884766,35.41999816894531,35.47999954223633,11634,0.0,0.0
2024-06-13 09:50:00-04:00,35.47999954223633,35.5099983215332,35.46500015258789,35.5099983215332,11974,0.0,0.0
2024-06-13 09:51:00-04:00,35.529998779296875,35.55500030517578,35.52000045776367,35.55500030517578,4864,0.0,0.0
2024-06-13 09:52:00-04:00,35.56999969482422,35.58000183105469,35.47999954223633,35.4900016784668,10546,0.0,0.0
2024-06-13 09:53:00-04:00,35.4900016784668,35.52000045776367,35.47999954223633,35.51499938964844,9945,0.0,0.0
2024-06-13 09:54:00-04:00,35.5099983215332,35.52000045776367,35.45500183105469,35.47999954223633,6672,0.0,0.0
2024-06-13 09:55:00-04:00,35.46929931640625,35.474998474121094,35.43000030517578,35.44499969482422,9848,0.0,0.0
2024-06-13 09:56:00-04:00,35.45000076293945,35.45000076293945,35.41999816894531,35.439998626708984,35292,0.0,0.0
2024-06-13 09:57:00-04:00,35.435001373291016,35.45500183105469,35.43000030517578,35.439998626708984,13297,0.0,0.0
2024-06-13 09:58:00-04:00,35.44499969482422,35.51499938964844,35.44499969482422,35.505001068115234,22745,0.0,0.0
2024-06-13 09:59:00-04:00,35.5,35.52000045776367,35.5,35.5,16518,0.0,0.0
2024-06-13 10:00:00-04:00,35.5,35.540000915527344,35.470001220703125,35.52000045776367,16407,0.0,0.0
2024-06-13 10:01:00-04:00,35.52000045776367,35.529998779296875,35.4900016784668,35.51499938964844,24993,0.0,0.0
2024-06-13 10:02:00-04:00,35.488800048828125,35.4900016784668,35.439998626708984,35.439998626708984,5507,0.0,0.0
2024-06-13 10:03:00-04:00,35.45000076293945,35.45000076293945,35.41999816894531,35.42499923706055,14679,0.0,0.0
2024-06-13 10:04:00-04:00,35.43000030517578,35.45000076293945,35.43000030517578,35.44499969482422,4892,0.0,0.0
2024-06-13 10:05:00-04:00,35.45000076293945,35.46500015258789,35.435001373291016,35.46500015258789,12027,0.0,0.0
2024-06-13 10:06:00-04:00,35.474998474121094,35.51499938964844,35.474998474121094,35.51499938964844,9251,0.0,0.0
2024-06-13 10:07:00-04:00,35.51499938964844,35.589900970458984,35.51499938964844,35.589900970458984,5605,0.0,0.0
2024-06-13 10:08:00-04:00,35.59000015258789,35.59000015258789,35.55500030517578,35.58000183105469,8776,0.0,0.0
2024-06-13 10:09:00-04:00,35.58000183105469,35.595001220703125,35.56999969482422,35.56999969482422,10799,0.0,0.0
2024-06-13 10:10:00-04:00,35.560001373291016,35.58000183105469,35.54999923706055,35.58000183105469,7743,0.0,0.0
2024-06-13 10:11:00-04:00,35.58000183105469,35.60499954223633,35.56999969482422,35.584999084472656,6500,0.0,0.0
2024-06-13 10:12:00-04:00,35.56999969482422,35.619998931884766,35.56999969482422,35.619998931884766,3580,0.0,0.0
2024-06-13 10:13:00-04:00,35.61000061035156,35.6349983215332,35.599998474121094,35.630001068115234,10933,0.0,0.0
2024-06-13 10:14:00-04:00,35.630001068115234,35.630001068115234,35.61000061035156,35.6150016784668,6066,0.0,0.0
2024-06-13 10:15:00-04:00,35.61949920654297,35.61949920654297,35.599998474121094,35.60499954223633,4568,0.0,0.0
2024-06-13 10:16:00-04:00,35.61000061035156,35.61000061035156,35.59000015258789,35.61000061035156,7443,0.0,0.0
2024-06-13 10:17:00-04:00,35.584999084472656,35.630001068115234,35.584999084472656,35.625,8105,0.0,0.0
2024-06-13 10:18:00-04:00,35.625,35.630001068115234,35.599998474121094,35.619998931884766,11617,0.0,0.0
2024-06-13 10:19:00-04:00,35.630001068115234,35.6349983215332,35.619998931884766,35.6349983215332,2703,0.0,0.0
2024-06-13 10:20:00-04:00,35.630001068115234,35.630001068115234,35.58000183105469,35.58000183105469,7953,0.0,0.0
2024-06-13 10:21:00-04:00,35.584999084472656,35.59000015258789,35.564998626708984,35.59000015258789,7679,0.0,0.0
2024-06-13 10:22:00-04:00,35.59000015258789,35.625,35.58000183105469,35.625,13454,0.0,0.0
2024-06-13 10:23:00-04:00,35.625,35.630001068115234,35.599998474121094,35.619998931884766,9108,0.0,0.0
2024-06-13 10:24:00-04:00,35.619998931884766,35.619998931884766,35.59000015258789,35.595001220703125,5320,0.0,0.0
2024-06-13 10:25:00-04:00,35.59000015258789,35.59000015258789,35.560001373291016,35.560001373291016,3167,0.0,0.0
2024-06-13 10:26:00-04:00,35.560001373291016,35.56999969482422,35.529998779296875,35.540000915527344,6492,0.0,0.0
2024-06-13 10:27:00-04:00,35.54499816894531,35.55500030517578,35.540000915527344,35.55500030517578,2871,0.0,0.0
2024-06-13 10:28:00-04:00,35.55379867553711,35.55379867553711,35.5099983215332,35.51499938964844,6239,0.0,0.0
2024-06-13 10:29:00-04:00,35.5,35.5099983215332,35.494998931884766,35.494998931884766,4676,0.0,0.0
2024-06-13 10:30:00-04:00,35.494998931884766,35.505001068115234,35.48400115966797,35.4900016784668,5640,0.0,0.0
2024-06-13 10:31:00-04:00,35.4900016784668,35.525001525878906,35.4900016784668,35.5099983215332,7238,0.0,0.0
2024-06-13 10:32:00-04:00,35.494998931884766,35.494998931884766,35.470001220703125,35.474998474121094,2488,0.0,0.0
2024-06-13 10:33:00-04:00,35.470001220703125,35.47999954223633,35.45100021362305,35.47999954223633,12325,0.0,0.0
2024-06-13 10:34:00-04:00,35.474998474121094,35.47999954223633,35.470001220703125,35.470001220703125,6903,0.0,0.0
2024-06-13 10:35:00-04:00,35.46500015258789,35.46500015258789,35.45500183105469,35.45500183105469,2884,0.0,0.0
2024-06-13 10:36:00-04:00,35.45500183105469,35.474998474121094,35.45000076293945,35.470001220703125,11401,0.0,0.0
2024-06-13 10:37:00-04:00,35.45000076293945,35.5,35.44499969482422,35.5,4145,0.0,0.0
2024-06-13 10:38:00-04:00,35.505001068115234,35.53499984741211,35.505001068115234,35.53499984741211,3378,0.0,0.0
2024-06-13 10:39:00-04:00,35.53499984741211,35.560001373291016,35.53499984741211,35.54999923706055,11888,0.0,0.0
2024-06-13 10:40:00-04:00,35.54999923706055,35.58000183105469,35.54499816894531,35.54499816894531,4295,0.0,0.0
2024-06-13 10:41:00-04:00,35.54999923706055,35.560001373291016,35.53499984741211,35.53499984741211,4495,0.0,0.0
2024-06-13 10:42:00-04:00,35.529998779296875,35.53499984741211,35.5,35.51499938964844,6416,0.0,0.0
2024-06-13 10:43:00-04:00,35.52000045776367,35.52000045776367,35.507999420166016,35.51499938964844,8670,0.0,0.0
2024-06-13 10:44:00-04:00,35.51499938964844,35.540000915527344,35.51499938964844,35.53499984741211,4599,0.0,0.0
2024-06-13 10:45:00-04:00,35.540000915527344,35.560001373291016,35.53499984741211,35.560001373291016,4508,0.0,0.0
2024-06-13 10:46:00-04:00,35.564998626708984,35.564998626708984,35.54999923706055,35.54999923706055,5974,0.0,0.0
2024-06-13 10:47:00-04:00,35.54999923706055,35.55500030517578,35.540000915527344,35.540000915527344,3913,0.0,0.0
2024-06-13 10:48:00-04:00,35.540000915527344,35.54499816894531,35.52000045776367,35.54499816894531,9435,0.0,0.0
2024-06-13 10:49:00-04:00,35.54499816894531,35.58000183105469,35.54499816894531,35.57500076293945,3957,0.0,0.0
2024-06-13 10:50:00-04:00,35.57500076293945,35.63999938964844,35.57500076293945,35.6349983215332,15607,0.0,0.0
2024-06-13 10:51:00-04:00,35.62080001831055,35.63999938964844,35.61000061035156,35.61000061035156,5577,0.0,0.0
2024-06-13 10:52:00-04:00,35.60499954223633,35.619998931884766,35.60499954223633,35.6150016784668,17024,0.0,0.0
2024-06-13 10:53:00-04:00,35.619998931884766,35.619998931884766,35.61000061035156,35.6150016784668,5640,0.0,0.0
2024-06-13 10:54:00-04:00,35.619998931884766,35.619998931884766,35.61899948120117,35.619998931884766,3448,0.0,0.0
2024-06-13 10:55:00-04:00,35.619998931884766,35.63999938964844,35.6150016784668,35.6150016784668,9102,0.0,0.0
2024-06-13 10:56:00-04:00,35.619998931884766,35.689998626708984,35.619998931884766,35.689998626708984,8308,0.0,0.0
2024-06-13 10:57:00-04:00,35.70000076293945,35.70000076293945,35.665000915527344,35.67060089111328,11611,0.0,0.0
2024-06-13 10:58:00-04:00,35.67499923706055,35.709999084472656,35.67499923706055,35.709999084472656,4638,0.0,0.0
2024-06-13 10:59:00-04:00,35.689998626708984,35.689998626708984,35.651100158691406,35.654998779296875,4288,0.0,0.0
2024-06-13 11:00:00-04:00,35.650001525878906,35.650001525878906,35.599998474121094,35.60499954223633,5564,0.0,0.0
2024-06-13 11:01:00-04:00,35.599998474121094,35.60499954223633,35.58000183105469,35.595001220703125,19123,0.0,0.0
2024-06-13 11:02:00-04:00,35.595001220703125,35.595001220703125,35.560001373291016,35.560001373291016,4770,0.0,0.0
2024-06-13 11:03:00-04:00,35.560001373291016,35.564998626708984,35.54999923706055,35.560001373291016,3740,0.0,0.0
2024-06-13 11:04:00-04:00,35.564998626708984,35.57500076293945,35.564998626708984,35.57500076293945,3009,0.0,0.0
2024-06-13 11:05:00-04:00,35.56999969482422,35.584999084472656,35.560001373291016,35.56999969482422,12341,0.0,0.0
2024-06-13 11:06:00-04:00,35.54999923706055,35.55500030517578,35.5099983215332,35.52000045776367,15306,0.0,0.0
2024-06-13 11:07:00-04:00,35.52000045776367,35.525001525878906,35.47999954223633,35.47999954223633,11282,0.0,0.0
2024-06-13 11:08:00-04:00,35.48500061035156,35.505001068115234,35.470001220703125,35.505001068115234,69365,0.0,0.0
2024-06-13 11:09:00-04:00,35.5,35.5,35.46500015258789,35.470001220703125,9288,0.0,0.0
2024-06-13 11:10:00-04:00,35.470001220703125,35.48500061035156,35.470001220703125,35.48059844970703,13436,0.0,0.0
2024-06-13 11:11:00-04:00,35.47999954223633,35.505001068115234,35.474998474121094,35.474998474121094,9718,0.0,0.0
2024-06-13 11:12:00-04:00,35.47999954223633,35.48500061035156,35.46989822387695,35.46989822387695,4563,0.0,0.0
2024-06-13 11:13:00-04:00,35.459999084472656,35.470001220703125,35.45000076293945,35.470001220703125,18566,0.0,0.0
2024-06-13 11:14:00-04:00,35.474998474121094,35.48500061035156,35.45500183105469,35.45500183105469,8547,0.0,0.0
2024-06-13 11:15:00-04:00,35.45000076293945,35.45000076293945,35.435001373291016,35.439998626708984,8646,0.0,0.0
2024-06-13 11:16:00-04:00,35.435001373291016,35.474998474121094,35.435001373291016,35.474998474121094,5374,0.0,0.0
2024-06-13 11:17:00-04:00,35.474998474121094,35.474998474121094,35.46500015258789,35.46500015258789,3821,0.0,0.0
2024-06-13 11:18:00-04:00,35.45500183105469,35.45500183105469,35.43000030517578,35.435001373291016,3119,0.0,0.0
2024-06-13 11:19:00-04:00,35.435001373291016,35.439998626708984,35.43000030517578,35.439998626708984,3488,0.0,0.0
2024-06-13 11:20:00-04:00,35.435001373291016,35.439998626708984,35.43000030517578,35.435001373291016,9737,0.0,0.0
2024-06-13 11:21:00-04:00,35.43000030517578,35.45000076293945,35.43000030517578,35.45000076293945,8832,0.0,0.0
2024-06-13 11:22:00-04:00,35.459999084472656,35.470001220703125,35.45000076293945,35.470001220703125,6546,0.0,0.0
2024-06-13 11:23:00-04:00,35.48500061035156,35.494998931884766,35.48500061035156,35.494998931884766,3506,0.0,0.0
2024-06-13 11:24:00-04:00,35.5,35.505001068115234,35.4900016784668,35.505001068115234,12005,0.0,0.0
2024-06-13 11:25:00-04:00,35.51499938964844,35.52000045776367,35.494998931884766,35.5099983215332,38685,0.0,0.0
2024-06-13 11:26:00-04:00,35.505001068115234,35.51499938964844,35.494998931884766,35.5,5659,0.0,0.0
2024-06-13 11:27:00-04:00,35.5,35.53499984741211,35.5,35.53499984741211,4988,0.0,0.0
2024-06-13 11:28:00-04:00,35.53499984741211,35.54999923706055,35.53499984741211,35.5432014465332,7253,0.0,0.0
2024-06-13 11:29:00-04:00,35.54999923706055,35.54999923706055,35.540000915527344,35.54499816894531,4806,0.0,0.0
2024-06-13 11:30:00-04:00,35.54499816894531,35.55500030517578,35.52000045776367,35.55500030517578,42976,0.0,0.0
2024-06-13 11:31:00-04:00,35.540000915527344,35.56999969482422,35.540000915527344,35.55500030517578,7092,0.0,0.0
2024-06-13 11:32:00-04:00,35.560001373291016,35.58000183105469,35.560001373291016,35.58000183105469,3049,0.0,0.0
2024-06-13 11:33:00-04:00,35.58000183105469,35.58000183105469,35.560001373291016,35.560001373291016,7106,0.0,0.0
2024-06-13 11:34:00-04:00,35.560001373291016,35.56999969482422,35.54999923706055,35.56999969482422,4473,0.0,0.0
2024-06-13 11:35:00-04:00,35.57500076293945,35.584999084472656,35.564998626708984,35.564998626708984,11721,0.0,0.0
2024-06-13 11:36:00-04:00,35.564998626708984,35.57500076293945,35.564998626708984,35.564998626708984,8170,0.0,0.0
2024-06-13 11:37:00-04:00,35.574501037597656,35.60499954223633,35.560001373291016,35.599998474121094,29571,0.0,0.0
2024-06-13 11:38:00-04:00,35.60499954223633,35.60499954223633,35.60499954223633,35.60499954223633,1619,0.0,0.0
2024-06-13 11:39:00-04:00,35.60499954223633,35.60499954223633,35.56999969482422,35.56999969482422,6111,0.0,0.0
2024-06-13 11:40:00-04:00,35.56999969482422,35.59000015258789,35.56999969482422,35.59000015258789,11717,0.0,0.0
2024-06-13 11:41:00-04:00,35.599998474121094,35.599998474121094,35.5900993347168,35.595001220703125,4973,0.0,0.0
2024-06-13 11:42:00-04:00,35.59000015258789,35.59000015258789,35.581298828125,35.59000015258789,5900,0.0,0.0
2024-06-13 11:43:00-04:00,35.59000015258789,35.61000061035156,35.584999084472656,35.60499954223633,4837,0.0,0.0
2024-06-13 11:44:00-04:00,35.599998474121094,35.619998931884766,35.595001220703125,35.6150016784668,5853,0.0,0.0
2024-06-13 11:45:00-04:00,35.619998931884766,35.619998931884766,35.59000015258789,35.595001220703125,14247,0.0,0.0
2024-06-13 11:46:00-04:00,35.595001220703125,35.599998474121094,35.56999969482422,35.59000015258789,12387,0.0,0.0
2024-06-13 11:47:00-04:00,35.595001220703125,35.595001220703125,35.595001220703125,35.595001220703125,926,0.0,0.0
2024-06-13 11:48:00-04:00,35.59000015258789,35.59000015258789,35.58000183105469,35.584999084472656,5846,0.0,0.0
2024-06-13 11:49:00-04:00,35.584999084472656,35.59000015258789,35.58000183105469,35.58000183105469,1316,0.0,0.0
2024-06-13 11:50:00-04:00,35.584999084472656,35.584999084472656,35.58000183105469,35.58000183105469,2147,0.0,0.0
2024-06-13 11:51:00-04:00,35.58000183105469,35.58000183105469,35.560001373291016,35.560001373291016,9350,0.0,0.0
2024-06-13 11:52:00-04:00,35.564998626708984,35.59000015258789,35.564998626708984,35.584999084472656,5298,0.0,0.0
2024-06-13 11:53:00-04:00,35.59000015258789,35.59000015258789,35.56999969482422,35.56999969482422,3224,0.0,0.0
2024-06-13 11:54:00-04:00,35.560001373291016,35.560001373291016,35.520999908447266,35.540000915527344,6107,0.0,0.0
2024-06-13 11:55:00-04:00,35.540000915527344,35.540000915527344,35.529998779296875,35.540000915527344,4045,0.0,0.0
2024-06-13 11:56:00-04:00,35.540000915527344,35.540000915527344,35.529998779296875,35.53499984741211,2674,0.0,0.0
2024-06-13 11:57:00-04:00,35.525001525878906,35.52989959716797,35.521400451660156,35.52989959716797,2275,0.0,0.0
2024-06-13 11:58:00-04:00,35.525001525878906,35.525001525878906,35.505001068115234,35.505001068115234,5509,0.0,0.0
2024-06-13 11:59:00-04:00,35.505001068115234,35.505001068115234,35.494998931884766,35.494998931884766,7379,0.0,0.0
2024-06-13 12:00:00-04:00,35.4900016784668,35.4900016784668,35.459999084472656,35.459999084472656,5507,0.0,0.0
2024-06-13 12:01:00-04:00,35.470001220703125,35.470001220703125,35.459999084472656,35.46989822387695,5067,0.0,0.0
2024-06-13 12:02:00-04:00,35.459999084472656,35.474998474121094,35.459999084472656,35.474998474121094,5717,0.0,0.0
2024-06-13 12:03:00-04:00,35.470001220703125,35.470001220703125,35.459999084472656,35.470001220703125,3175,0.0,0.0
2024-06-13 12:04:00-04:00,35.46500015258789,35.4900016784668,35.46500015258789,35.48500061035156,5297,0.0,0.0
2024-06-13 12:05:00-04:00,35.4900016784668,35.4900016784668,35.474998474121094,35.48500061035156,6076,0.0,0.0
2024-06-13 12:06:00-04:00,35.4900016784668,35.4900016784668,35.48500061035156,35.48500061035156,1704,0.0,0.0
2024-06-13 12:07:00-04:00,35.47999954223633,35.494998931884766,35.474998474121094,35.494998931884766,3954,0.0,0.0
2024-06-13 12:08:00-04:00,35.4900016784668,35.4900016784668,35.47999954223633,35.48500061035156,4750,0.0,0.0
2024-06-13 12:09:00-04:00,35.47999954223633,35.48500061035156,35.47999954223633,35.48500061035156,4782,0.0,0.0
2024-06-13 12:10:00-04:00,35.48500061035156,35.494998931884766,35.48500061035156,35.494998931884766,2185,0.0,0.0
2024-06-13 12:11:00-04:00,35.494998931884766,35.494998931884766,35.48500061035156,35.4900016784668,7927,0.0,0.0
2024-06-13 12:13:00-04:00,35.47999954223633,35.47999954223633,35.470001220703125,35.47999954223633,6426,0.0,0.0
2024-06-13 12:14:00-04:00,35.48500061035156,35.5,35.48500061035156,35.5,5602,0.0,0.0
2024-06-13 12:15:00-04:00,35.494998931884766,35.5,35.494998931884766,35.494998931884766,2926,0.0,0.0
2024-06-13 12:16:00-04:00,35.4900016784668,35.505001068115234,35.47999954223633,35.47999954223633,15850,0.0,0.0
2024-06-13 12:17:00-04:00,35.48500061035156,35.4900016784668,35.47999954223633,35.47999954223633,8009,0.0,0.0
2024-06-13 12:18:00-04:00,35.474998474121094,35.5,35.474998474121094,35.4900016784668,7722,0.0,0.0
2024-06-13 12:19:00-04:00,35.4900016784668,35.4900016784668,35.48500061035156,35.48640060424805,4688,0.0,0.0
2024-06-13 12:20:00-04:00,35.4900016784668,35.525001525878906,35.48500061035156,35.525001525878906,4088,0.0,0.0
2024-06-13 12:21:00-04:00,35.529998779296875,35.540000915527344,35.525001525878906,35.529998779296875,7839,0.0,0.0
2024-06-13 12:22:00-04:00,35.52000045776367,35.52000045776367,35.505001068115234,35.505001068115234,1181,0.0,0.0
2024-06-13 12:23:00-04:00,35.505001068115234,35.52000045776367,35.505001068115234,35.51499938964844,2584,0.0,0.0
2024-06-13 12:24:00-04:00,35.51499938964844,35.51499938964844,35.513999938964844,35.51499938964844,2403,0.0,0.0
2024-06-13 12:25:00-04:00,35.5099983215332,35.5099983215332,35.500099182128906,35.505001068115234,6941,0.0,0.0
2024-06-13 12:26:00-04:00,35.505001068115234,35.5099983215332,35.47999954223633,35.47999954223633,7676,0.0,0.0
2024-06-13 12:27:00-04:00,35.47999954223633,35.4900016784668,35.47999954223633,35.4900016784668,3825,0.0,0.0
2024-06-13 12:28:00-04:00,35.48500061035156,35.4900016784668,35.48500061035156,35.4900016784668,1392,0.0,0.0
2024-06-13 12:29:00-04:00,35.4900016784668,35.4900016784668,35.48500061035156,35.4900016784668,7258,0.0,0.0
2024-06-13 12:30:00-04:00,35.48500061035156,35.48500061035156,35.474998474121094,35.474998474121094,5943,0.0,0.0
2024-06-13 12:31:00-04:00,35.47999954223633,35.494998931884766,35.47999954223633,35.48500061035156,9157,0.0,0.0
2024-06-13 12:32:00-04:00,35.48500061035156,35.505001068115234,35.48500061035156,35.505001068115234,7002,0.0,0.0
2024-06-13 12:33:00-04:00,35.505001068115234,35.51689910888672,35.505001068115234,35.51499938964844,4170,0.0,0.0
2024-06-13 12:34:00-04:00,35.51499938964844,35.529998779296875,35.51499938964844,35.529998779296875,11297,0.0,0.0
2024-06-13 12:35:00-04:00,35.53499984741211,35.53919982910156,35.525001525878906,35.529998779296875,11129,0.0,0.0
2024-06-13 12:36:00-04:00,35.53779983520508,35.53779983520508,35.5,35.529998779296875,22934,0.0,0.0
2024-06-13 12:37:00-04:00,35.529998779296875,35.540000915527344,35.52000045776367,35.540000915527344,5776,0.0,0.0
2024-06-13 12:38:00-04:00,35.529998779296875,35.540000915527344,35.525001525878906,35.540000915527344,5878,0.0,0.0
2024-06-13 12:39:00-04:00,35.54999923706055,35.55500030517578,35.54499816894531,35.55500030517578,2695,0.0,0.0
2024-06-13 12:40:00-04:00,35.552101135253906,35.564998626708984,35.54999923706055,35.564998626708984,5511,0.0,0.0
2024-06-13 12:41:00-04:00,35.564998626708984,35.564998626708984,35.54999923706055,35.54999923706055,6097,0.0,0.0
2024-06-13 12:42:00-04:00,35.55500030517578,35.584999084472656,35.55500030517578,35.58000183105469,6558,0.0,0.0
2024-06-13 12:43:00-04:00,35.58000183105469,35.58000183105469,35.54999923706055,35.54999923706055,6571,0.0,0.0
2024-06-13 12:44:00-04:00,35.54999923706055,35.560001373291016,35.54999923706055,35.55120086669922,5041,0.0,0.0
2024-06-13 12:45:00-04:00,35.55500030517578,35.560001373291016,35.55500030517578,35.560001373291016,3310,0.0,0.0
2024-06-13 12:46:00-04:00,35.54999923706055,35.55500030517578,35.54999923706055,35.55500030517578,2326,0.0,0.0
2024-06-13 12:47:00-04:00,35.54999923706055,35.55500030517578,35.54499816894531,35.553001403808594,6248,0.0,0.0
2024-06-13 12:48:00-04:00,35.54999923706055,35.564998626708984,35.54999923706055,35.564998626708984,2455,0.0,0.0
2024-06-13 12:49:00-04:00,35.564998626708984,35.564998626708984,35.54999923706055,35.560001373291016,38472,0.0,0.0
2024-06-13 12:50:00-04:00,35.54999923706055,35.55500030517578,35.53070068359375,35.54999923706055,83815,0.0,0.0
2024-06-13 12:51:00-04:00,35.54499816894531,35.56999969482422,35.53499984741211,35.53499984741211,29302,0.0,0.0
2024-06-13 12:52:00-04:00,35.53499984741211,35.54999923706055,35.53499984741211,35.54999923706055,3129,0.0,0.0
2024-06-13 12:53:00-04:00,35.54999923706055,35.54999923706055,35.54499816894531,35.54990005493164,3105,0.0,0.0
2024-06-13 12:54:00-04:00,35.54999923706055,35.54999923706055,35.544498443603516,35.544498443603516,3414,0.0,0.0
2024-06-13 12:55:00-04:00,35.54499816894531,35.54499816894531,35.529998779296875,35.53499984741211,5870,0.0,0.0
2024-06-13 12:56:00-04:00,35.540000915527344,35.5525016784668,35.540000915527344,35.54499816894531,32727,0.0,0.0
2024-06-13 12:57:00-04:00,35.54499816894531,35.54499816894531,35.54499816894531,35.54499816894531,512,0.0,0.0
2024-06-13 12:58:00-04:00,35.54499816894531,35.55500030517578,35.54499816894531,35.54499816894531,4473,0.0,0.0
2024-06-13 12:59:00-04:00,35.54999923706055,35.54999923706055,35.529998779296875,35.529998779296875,10981,0.0,0.0
2024-06-13 13:00:00-04:00,35.525001525878906,35.54499816894531,35.52000045776367,35.54499816894531,3663,0.0,0.0
2024-06-13 13:01:00-04:00,35.54499816894531,35.55500030517578,35.54499816894531,35.54999923706055,16301,0.0,0.0
2024-06-13 13:02:00-04:00,35.54499816894531,35.584999084472656,35.54499816894531,35.54999923706055,63861,0.0,0.0
2024-06-13 13:03:00-04:00,35.54999923706055,35.59000015258789,35.54999923706055,35.58000183105469,78052,0.0,0.0
2024-06-13 13:04:00-04:00,35.57500076293945,35.57500076293945,35.560001373291016,35.564998626708984,4219,0.0,0.0
2024-06-13 13:05:00-04:00,35.56999969482422,35.584999084472656,35.56999969482422,35.58000183105469,9680,0.0,0.0
2024-06-13 13:06:00-04:00,35.58000183105469,35.595001220703125,35.564998626708984,35.58000183105469,7808,0.0,0.0
2024-06-13 13:07:00-04:00,35.58000183105469,35.59000015258789,35.58000183105469,35.59000015258789,2856,0.0,0.0
2024-06-13 13:08:00-04:00,35.60499954223633,35.625,35.60499954223633,35.625,3457,0.0,0.0
2024-06-13 13:09:00-04:00,35.630001068115234,35.65999984741211,35.630001068115234,35.650001525878906,8208,0.0,0.0
2024-06-13 13:10:00-04:00,35.63999938964844,35.63999938964844,35.6150016784668,35.6150016784668,3227,0.0,0.0
2024-06-13 13:11:00-04:00,35.6150016784668,35.630001068115234,35.61000061035156,35.630001068115234,7965,0.0,0.0
2024-06-13 13:12:00-04:00,35.625,35.63999938964844,35.625,35.63990020751953,4148,0.0,0.0
2024-06-13 13:13:00-04:00,35.6349983215332,35.63999938964844,35.630001068115234,35.630001068115234,2549,0.0,0.0
2024-06-13 13:14:00-04:00,35.6349983215332,35.65999984741211,35.6349983215332,35.654998779296875,11254,0.0,0.0
2024-06-13 13:15:00-04:00,35.654998779296875,35.654998779296875,35.64500045776367,35.64500045776367,3493,0.0,0.0
2024-06-13 13:16:00-04:00,35.64500045776367,35.665000915527344,35.63999938964844,35.665000915527344,9201,0.0,0.0
2024-06-13 13:17:00-04:00,35.66999816894531,35.68000030517578,35.66999816894531,35.67499923706055,7090,0.0,0.0
2024-06-13 13:18:00-04:00,35.66999816894531,35.67499923706055,35.665000915527344,35.67499923706055,14909,0.0,0.0
2024-06-13 13:19:00-04:00,35.68000030517578,35.689998626708984,35.665000915527344,35.689998626708984,10190,0.0,0.0
2024-06-13 13:20:00-04:00,35.69499969482422,35.70000076293945,35.69499969482422,35.69499969482422,1874,0.0,0.0
2024-06-13 13:21:00-04:00,35.69499969482422,35.70500183105469,35.689998626708984,35.689998626708984,11716,0.0,0.0
2024-06-13 13:22:00-04:00,35.68000030517578,35.68000030517578,35.64500045776367,35.64500045776367,12388,0.0,0.0
2024-06-13 13:23:00-04:00,35.64500045776367,35.64500045776367,35.630001068115234,35.630001068115234,3110,0.0,0.0
2024-06-13 13:24:00-04:00,35.63690185546875,35.63690185546875,35.625,35.6349983215332,6905,0.0,0.0
2024-06-13 13:25:00-04:00,35.6349983215332,35.63999938964844,35.630001068115234,35.6349983215332,5239,0.0,0.0
2024-06-13 13:26:00-04:00,35.64500045776367,35.64500045776367,35.64500045776367,35.64500045776367,4123,0.0,0.0
2024-06-13 13:27:00-04:00,35.650001525878906,35.654998779296875,35.64500045776367,35.64500045776367,6756,0.0,0.0
2024-06-13 13:28:00-04:00,35.64500045776367,35.650001525878906,35.63999938964844,35.63999938964844,1941,0.0,0.0
2024-06-13 13:29:00-04:00,35.64500045776367,35.64500045776367,35.64500045776367,35.64500045776367,1517,0.0,0.0
2024-06-13 13:30:00-04:00,35.64500045776367,35.64500045776367,35.6150016784668,35.63999938964844,16670,0.0,0.0
2024-06-13 13:31:00-04:00,35.64500045776367,35.64500045776367,35.630001068115234,35.6349983215332,2641,0.0,0.0
2024-06-13 13:32:00-04:00,35.6349983215332,35.6349983215332,35.619998931884766,35.625,4440,0.0,0.0
2024-06-13 13:33:00-04:00,35.630001068115234,35.64500045776367,35.625,35.64500045776367,10334,0.0,0.0
2024-06-13 13:34:00-04:00,35.650001525878906,35.650001525878906,35.61000061035156,35.6150016784668,10586,0.0,0.0
2024-06-13 13:35:00-04:00,35.6150016784668,35.6150016784668,35.60499954223633,35.60499954223633,6118,0.0,0.0
2024-06-13 13:36:00-04:00,35.619998931884766,35.619998931884766,35.59000015258789,35.59000015258789,8350,0.0,0.0
2024-06-13 13:37:00-04:00,35.595001220703125,35.6150016784668,35.595001220703125,35.60499954223633,6780,0.0,0.0
2024-06-13 13:38:00-04:00,35.60499954223633,35.61000061035156,35.595001220703125,35.595001220703125,3935,0.0,0.0
2024-06-13 13:39:00-04:00,35.599998474121094,35.630001068115234,35.595001220703125,35.630001068115234,9726,0.0,0.0
2024-06-13 13:40:00-04:00,35.625,35.650001525878906,35.625,35.64500045776367,3408,0.0,0.0
2024-06-13 13:41:00-04:00,35.650001525878906,35.65999984741211,35.650001525878906,35.654998779296875,8768,0.0,0.0
2024-06-13 13:42:00-04:00,35.665000915527344,35.66999816894531,35.665000915527344,35.66999816894531,2832,0.0,0.0
2024-06-13 13:43:00-04:00,35.65999984741211,35.66999816894531,35.65999984741211,35.665000915527344,5194,0.0,0.0
2024-06-13 13:44:00-04:00,35.66999816894531,35.66999816894531,35.65999984741211,35.65999984741211,2157,0.0,0.0
2024-06-13 13:45:00-04:00,35.66999816894531,35.68000030517578,35.66999816894531,35.68000030517578,10042,0.0,0.0
2024-06-13 13:46:00-04:00,35.685001373291016,35.685001373291016,35.67499923706055,35.67499923706055,8344,0.0,0.0
2024-06-13 13:47:00-04:00,35.67499923706055,35.6775016784668,35.665000915527344,35.665000915527344,7114,0.0,0.0
2024-06-13 13:48:00-04:00,35.66999816894531,35.66999816894531,35.665000915527344,35.665000915527344,2216,0.0,0.0
2024-06-13 13:49:00-04:00,35.665000915527344,35.66999816894531,35.66019821166992,35.66999816894531,7302,0.0,0.0
2024-06-13 13:50:00-04:00,35.66999816894531,35.68000030517578,35.66999816894531,35.68000030517578,6343,0.0,0.0
2024-06-13 13:51:00-04:00,35.67499923706055,35.67499923706055,35.650001525878906,35.65999984741211,13418,0.0,0.0
2024-06-13 13:52:00-04:00,35.654998779296875,35.65999984741211,35.650001525878906,35.650001525878906,7157,0.0,0.0
2024-06-13 13:53:00-04:00,35.63999938964844,35.650001525878906,35.63999938964844,35.64500045776367,8305,0.0,0.0
2024-06-13 13:54:00-04:00,35.63999938964844,35.64500045776367,35.63999938964844,35.63999938964844,10154,0.0,0.0
2024-06-13 13:55:00-04:00,35.64500045776367,35.650001525878906,35.63999938964844,35.64500045776367,7213,0.0,0.0
2024-06-13 13:56:00-04:00,35.650001525878906,35.650001525878906,35.63999938964844,35.64500045776367,8892,0.0,0.0
2024-06-13 13:57:00-04:00,35.63999938964844,35.654998779296875,35.625,35.625,12150,0.0,0.0
2024-06-13 13:58:00-04:00,35.630001068115234,35.630001068115234,35.61000061035156,35.61000061035156,3258,0.0,0.0
2024-06-13 13:59:00-04:00,35.60499954223633,35.60499954223633,35.59000015258789,35.59000015258789,3373,0.0,0.0
2024-06-13 14:00:00-04:00,35.595001220703125,35.595001220703125,35.58000183105469,35.58000183105469,7864,0.0,0.0
2024-06-13 14:01:00-04:00,35.584999084472656,35.584999084472656,35.58000183105469,35.584999084472656,2958,0.0,0.0
2024-06-13 14:02:00-04:00,35.58000183105469,35.58000183105469,35.54999923706055,35.57500076293945,17982,0.0,0.0
2024-06-13 14:03:00-04:00,35.57099914550781,35.584999084472656,35.57099914550781,35.584999084472656,6287,0.0,0.0
2024-06-13 14:04:00-04:00,35.584999084472656,35.584999084472656,35.57500076293945,35.57500076293945,7547,0.0,0.0
2024-06-13 14:05:00-04:00,35.58000183105469,35.59000015258789,35.58000183105469,35.59000015258789,4207,0.0,0.0
2024-06-13 14:06:00-04:00,35.584999084472656,35.625,35.584999084472656,35.625,12393,0.0,0.0
2024-06-13 14:07:00-04:00,35.625,35.63999938964844,35.625,35.6349983215332,4294,0.0,0.0
2024-06-13 14:08:00-04:00,35.6349983215332,35.63999938964844,35.630001068115234,35.6349983215332,7380,0.0,0.0
2024-06-13 14:09:00-04:00,35.637699127197266,35.64500045776367,35.6349983215332,35.64500045776367,3677,0.0,0.0
2024-06-13 14:10:00-04:00,35.64500045776367,35.650001525878906,35.64500045776367,35.650001525878906,1103,0.0,0.0
2024-06-13 14:11:00-04:00,35.64500045776367,35.647499084472656,35.6349983215332,35.6349983215332,10179,0.0,0.0
2024-06-13 14:12:00-04:00,35.6349983215332,35.654998779296875,35.6349983215332,35.654998779296875,8437,0.0,0.0
2024-06-13 14:13:00-04:00,35.654998779296875,35.654998779296875,35.64500045776367,35.64500045776367,2598,0.0,0.0
2024-06-13 14:14:00-04:00,35.63999938964844,35.640098571777344,35.630001068115234,35.63029861450195,4556,0.0,0.0
2024-06-13 14:15:00-04:00,35.6349983215332,35.654998779296875,35.6349983215332,35.654998779296875,6641,0.0,0.0
2024-06-13 14:16:00-04:00,35.654998779296875,35.657501220703125,35.6531982421875,35.654998779296875,5014,0.0,0.0
2024-06-13 14:17:00-04:00,35.654998779296875,35.657501220703125,35.650001525878906,35.650001525878906,1363,0.0,0.0
2024-06-13 14:18:00-04:00,35.650001525878906,35.650001525878906,35.61000061035156,35.61000061035156,13306,0.0,0.0
2024-06-13 14:19:00-04:00,35.61000061035156,35.61000061035156,35.599998474121094,35.599998474121094,4170,0.0,0.0
2024-06-13 14:20:00-04:00,35.599998474121094,35.61000061035156,35.599998474121094,35.60499954223633,11028,0.0,0.0
2024-06-13 14:21:00-04:00,35.599998474121094,35.61750030517578,35.599998474121094,35.60499954223633,8824,0.0,0.0
2024-06-13 14:22:00-04:00,35.599998474121094,35.599998474121094,35.584999084472656,35.59000015258789,9019,0.0,0.0
2024-06-13 14:23:00-04:00,35.59000015258789,35.60499954223633,35.59000015258789,35.60499954223633,6480,0.0,0.0
2024-06-13 14:24:00-04:00,35.60499954223633,35.60749816894531,35.60499954223633,35.60499954223633,1745,0.0,0.0
2024-06-13 14:25:00-04:00,35.599998474121094,35.61000061035156,35.599998474121094,35.60499954223633,5407,0.0,0.0
2024-06-13 14:26:00-04:00,35.60499954223633,35.619998931884766,35.599998474121094,35.61000061035156,15901,0.0,0.0
2024-06-13 14:27:00-04:00,35.6150016784668,35.6150016784668,35.6150016784668,35.6150016784668,1836,0.0,0.0
2024-06-13 14:28:00-04:00,35.61000061035156,35.61000061035156,35.60499954223633,35.60499954223633,5013,0.0,0.0
2024-06-13 14:29:00-04:00,35.60499954223633,35.61000061035156,35.60499954223633,35.61000061035156,8946,0.0,0.0
2024-06-13 14:30:00-04:00,35.6150016784668,35.619998931884766,35.60499954223633,35.619998931884766,10668,0.0,0.0
2024-06-13 14:31:00-04:00,35.619998931884766,35.630001068115234,35.619998931884766,35.625,5806,0.0,0.0
2024-06-13 14:32:00-04:00,35.625,35.630001068115234,35.625,35.630001068115234,3808,0.0,0.0
2024-06-13 14:33:00-04:00,35.634498596191406,35.63869857788086,35.625,35.630001068115234,12105,0.0,0.0
2024-06-13 14:34:00-04:00,35.625,35.625,35.625,35.625,733,0.0,0.0
2024-06-13 14:35:00-04:00,35.630001068115234,35.630001068115234,35.625,35.625,1756,0.0,0.0
2024-06-13 14:36:00-04:00,35.625,35.63999938964844,35.619998931884766,35.6349983215332,10357,0.0,0.0
2024-06-13 14:37:00-04:00,35.6349983215332,35.650001525878906,35.6349983215332,35.63990020751953,14549,0.0,0.0
2024-06-13 14:38:00-04:00,35.6349983215332,35.6349983215332,35.630001068115234,35.630001068115234,2485,0.0,0.0
2024-06-13 14:39:00-04:00,35.630001068115234,35.6349983215332,35.6150016784668,35.6349983215332,10801,0.0,0.0
2024-06-13 14:40:00-04:00,35.6349983215332,35.654998779296875,35.6349983215332,35.654998779296875,18125,0.0,0.0
2024-06-13 14:41:00-04:00,35.654998779296875,35.665000915527344,35.654998779296875,35.665000915527344,2451,0.0,0.0
2024-06-13 14:42:00-04:00,35.66999816894531,35.66999816894531,35.654998779296875,35.654998779296875,6702,0.0,0.0
2024-06-13 14:43:00-04:00,35.650001525878906,35.650001525878906,35.64500045776367,35.64500045776367,3010,0.0,0.0
2024-06-13 14:44:00-04:00,35.64500045776367,35.650001525878906,35.63999938964844,35.64500045776367,5845,0.0,0.0
2024-06-13 14:45:00-04:00,35.64500045776367,35.64500045776367,35.619998931884766,35.625,7510,0.0,0.0
2024-06-13 14:46:00-04:00,35.625,35.630001068115234,35.619998931884766,35.625,3702,0.0,0.0
2024-06-13 14:47:00-04:00,35.625,35.6349983215332,35.625,35.6349983215332,6361,0.0,0.0
2024-06-13 14:48:00-04:00,35.6349983215332,35.63999938964844,35.6349983215332,35.63999938964844,2285,0.0,0.0
2024-06-13 14:49:00-04:00,35.630001068115234,35.6349983215332,35.60499954223633,35.60499954223633,13337,0.0,0.0
2024-06-13 14:50:00-04:00,35.599998474121094,35.599998474121094,35.595001220703125,35.599998474121094,8864,0.0,0.0
2024-06-13 14:51:00-04:00,35.599998474121094,35.625,35.599998474121094,35.625,11873,0.0,0.0
2024-06-13 14:52:00-04:00,35.625,35.62990188598633,35.60499954223633,35.60499954223633,6680,0.0,0.0
2024-06-13 14:53:00-04:00,35.60499954223633,35.619998931884766,35.60499954223633,35.619998931884766,7441,0.0,0.0
2024-06-13 14:54:00-04:00,35.62910079956055,35.62990188598633,35.625,35.625999450683594,1407,0.0,0.0
2024-06-13 14:55:00-04:00,35.625,35.625,35.619998931884766,35.619998931884766,9597,0.0,0.0
2024-06-13 14:56:00-04:00,35.625,35.6349983215332,35.62009811401367,35.625,8229,0.0,0.0
2024-06-13 14:57:00-04:00,35.625,35.6349983215332,35.625,35.6349983215332,5665,0.0,0.0
2024-06-13 14:58:00-04:00,35.63999938964844,35.63999938964844,35.625,35.6349983215332,10011,0.0,0.0
2024-06-13 14:59:00-04:00,35.63999938964844,35.64500045776367,35.63999938964844,35.64500045776367,2703,0.0,0.0
2024-06-13 15:00:00-04:00,35.6349983215332,35.6349983215332,35.6349983215332,35.6349983215332,5212,0.0,0.0
2024-06-13 15:01:00-04:00,35.64500045776367,35.654998779296875,35.64500045776367,35.654998779296875,8541,0.0,0.0
2024-06-13 15:02:00-04:00,35.65019989013672,35.654998779296875,35.65019989013672,35.654998779296875,1225,0.0,0.0
2024-06-13 15:03:00-04:00,35.65999984741211,35.66999816894531,35.654998779296875,35.665000915527344,14804,0.0,0.0
2024-06-13 15:04:00-04:00,35.665000915527344,35.68000030517578,35.665000915527344,35.67499923706055,9122,0.0,0.0
2024-06-13 15:05:00-04:00,35.66999816894531,35.66999816894531,35.654998779296875,35.654998779296875,13282,0.0,0.0
2024-06-13 15:06:00-04:00,35.654998779296875,35.654998779296875,35.64500045776367,35.64500045776367,5387,0.0,0.0
2024-06-13 15:07:00-04:00,35.63999938964844,35.64500045776367,35.6349983215332,35.64500045776367,16349,0.0,0.0
2024-06-13 15:08:00-04:00,35.650001525878906,35.65999984741211,35.650001525878906,35.654998779296875,3334,0.0,0.0
2024-06-13 15:09:00-04:00,35.6598014831543,35.6598014831543,35.654998779296875,35.654998779296875,2671,0.0,0.0
2024-06-13 15:10:00-04:00,35.654998779296875,35.66999816894531,35.654998779296875,35.65999984741211,23563,0.0,0.0
2024-06-13 15:11:00-04:00,35.654998779296875,35.665000915527344,35.654998779296875,35.65999984741211,11430,0.0,0.0
2024-06-13 15:12:00-04:00,35.64500045776367,35.654998779296875,35.64500045776367,35.654998779296875,19148,0.0,0.0
2024-06-13 15:13:00-04:00,35.654998779296875,35.6697998046875,35.654998779296875,35.665000915527344,11687,0.0,0.0
2024-06-13 15:14:00-04:00,35.662601470947266,35.665000915527344,35.6510009765625,35.6510009765625,7749,0.0,0.0
2024-06-13 15:15:00-04:00,35.650001525878906,35.650001525878906,35.625,35.630001068115234,11450,0.0,0.0
2024-06-13 15:16:00-04:00,35.625,35.625,35.619998931884766,35.625,5736,0.0,0.0
2024-06-13 15:17:00-04:00,35.625,35.630001068115234,35.619998931884766,35.625,17809,0.0,0.0
2024-06-13 15:18:00-04:00,35.625,35.625,35.60499954223633,35.61790084838867,31424,0.0,0.0
2024-06-13 15:19:00-04:00,35.6150016784668,35.625,35.6150016784668,35.625,10173,0.0,0.0
2024-06-13 15:20:00-04:00,35.625,35.6349983215332,35.625,35.625,22468,0.0,0.0
2024-06-13 15:21:00-04:00,35.619998931884766,35.619998931884766,35.61000061035156,35.6150016784668,6652,0.0,0.0
2024-06-13 15:22:00-04:00,35.6150016784668,35.63999938964844,35.6150016784668,35.6349983215332,15082,0.0,0.0
2024-06-13 15:23:00-04:00,35.6349983215332,35.6349983215332,35.625,35.625,7648,0.0,0.0
2024-06-13 15:24:00-04:00,35.630001068115234,35.6349983215332,35.630001068115234,35.6349983215332,5539,0.0,0.0
2024-06-13 15:25:00-04:00,35.6349983215332,35.650001525878906,35.6349983215332,35.64500045776367,15094,0.0,0.0
2024-06-13 15:26:00-04:00,35.64500045776367,35.665000915527344,35.64500045776367,35.664100646972656,30304,0.0,0.0
2024-06-13 15:27:00-04:00,35.65999984741211,35.67499923706055,35.65999984741211,35.67499923706055,9298,0.0,0.0
2024-06-13 15:28:00-04:00,35.67499923706055,35.67499923706055,35.665000915527344,35.665000915527344,9583,0.0,0.0
2024-06-13 15:29:00-04:00,35.665000915527344,35.67499923706055,35.665000915527344,35.66999816894531,11724,0.0,0.0
2024-06-13 15:30:00-04:00,35.665000915527344,35.68000030517578,35.652000427246094,35.654998779296875,19689,0.0,0.0
2024-06-13 15:31:00-04:00,35.654998779296875,35.654998779296875,35.650001525878906,35.654998779296875,12687,0.0,0.0
2024-06-13 15:32:00-04:00,35.654998779296875,35.65999984741211,35.654998779296875,35.654998779296875,4074,0.0,0.0
2024-06-13 15:33:00-04:00,35.654998779296875,35.66999816894531,35.654998779296875,35.665000915527344,11336,0.0,0.0
2024-06-13 15:34:00-04:00,35.665000915527344,35.68000030517578,35.65999984741211,35.67499923706055,15262,0.0,0.0
2024-06-13 15:35:00-04:00,35.66999816894531,35.685001373291016,35.650001525878906,35.665000915527344,44948,0.0,0.0
2024-06-13 15:36:00-04:00,35.67499923706055,35.68899917602539,35.67499923706055,35.685001373291016,6847,0.0,0.0
2024-06-13 15:37:00-04:00,35.685001373291016,35.69900131225586,35.685001373291016,35.69499969482422,16144,0.0,0.0
2024-06-13 15:38:00-04:00,35.70000076293945,35.720001220703125,35.69499969482422,35.720001220703125,14048,0.0,0.0
2024-06-13 15:39:00-04:00,35.724998474121094,35.73500061035156,35.70029830932617,35.70500183105469,30423,0.0,0.0
2024-06-13 15:40:00-04:00,35.70500183105469,35.70500183105469,35.69499969482422,35.69499969482422,21882,0.0,0.0
2024-06-13 15:41:00-04:00,35.69499969482422,35.70899963378906,35.67499923706055,35.67499923706055,23402,0.0,0.0
2024-06-13 15:42:00-04:00,35.6786994934082,35.6786994934082,35.654998779296875,35.65999984741211,9631,0.0,0.0
2024-06-13 15:43:00-04:00,35.665000915527344,35.685001373291016,35.665000915527344,35.685001373291016,21684,0.0,0.0
2024-06-13 15:44:00-04:00,35.685001373291016,35.70000076293945,35.685001373291016,35.70000076293945,9111,0.0,0.0
2024-06-13 15:45:00-04:00,35.70000076293945,35.71900177001953,35.70000076293945,35.70500183105469,28977,0.0,0.0
2024-06-13 15:46:00-04:00,35.70500183105469,35.709999084472656,35.689998626708984,35.689998626708984,22513,0.0,0.0
2024-06-13 15:47:00-04:00,35.689998626708984,35.70500183105469,35.685001373291016,35.70500183105469,31458,0.0,0.0
2024-06-13 15:48:00-04:00,35.70500183105469,35.70500183105469,35.67499923706055,35.685001373291016,21137,0.0,0.0
2024-06-13 15:49:00-04:00,35.685001373291016,35.689998626708984,35.665000915527344,35.665000915527344,38182,0.0,0.0
2024-06-13 15:50:00-04:00,35.66999816894531,35.66999816894531,35.63999938964844,35.63999938964844,35440,0.0,0.0
2024-06-13 15:51:00-04:00,35.63999938964844,35.63999938964844,35.619998931884766,35.63999938964844,49141,0.0,0.0
2024-06-13 15:52:00-04:00,35.6349983215332,35.650001525878906,35.6349983215332,35.64500045776367,38358,0.0,0.0
2024-06-13 15:53:00-04:00,35.650001525878906,35.65999984741211,35.64500045776367,35.654998779296875,54509,0.0,0.0
2024-06-13 15:54:00-04:00,35.654998779296875,35.689998626708984,35.619998931884766,35.654998779296875,100223,0.0,0.0
2024-06-13 15:55:00-04:00,35.619998931884766,35.654998779296875,35.59000015258789,35.599998474121094,80161,0.0,0.0
2024-06-13 15:56:00-04:00,35.599998474121094,35.630001068115234,35.599998474121094,35.625,41022,0.0,0.0
2024-06-13 15:57:00-04:00,35.625,35.630001068115234,35.6150016784668,35.625,54394,0.0,0.0
2024-06-13 15:58:00-04:00,35.625,35.650001525878906,35.625,35.64500045776367,54299,0.0,0.0
2024-06-13 15:59:00-04:00,35.63999938964844,35.665000915527344,35.59000015258789,35.595001220703125,174929,0.0,0.0
2024-06-14 09:30:00-04:00,35.130001068115234,35.18000030517578,35.060001373291016,35.13999938964844,32198,0.0,0.0
2024-06-14 09:31:00-04:00,35.185001373291016,35.290000915527344,35.185001373291016,35.290000915527344,9049,0.0,0.0
2024-06-14 09:32:00-04:00,35.310001373291016,35.380001068115234,35.29499816894531,35.380001068115234,7271,0.0,0.0
2024-06-14 09:33:00-04:00,35.380001068115234,35.439998626708984,35.380001068115234,35.439998626708984,5047,0.0,0.0
2024-06-14 09:34:00-04:00,35.439998626708984,35.45000076293945,35.375,35.380001068115234,8682,0.0,0.0
2024-06-14 09:35:00-04:00,35.375,35.4900016784668,35.375,35.48500061035156,4638,0.0,0.0
2024-06-14 09:36:00-04:00,35.470001220703125,35.4900016784668,35.415000915527344,35.43000030517578,12735,0.0,0.0
2024-06-14 09:37:00-04:00,35.41999816894531,35.43000030517578,35.39500045776367,35.4109992980957,8573,0.0,0.0
2024-06-14 09:38:00-04:00,35.41999816894531,35.439998626708984,35.38999938964844,35.38999938964844,7690,0.0,0.0
2024-06-14 09:39:00-04:00,35.400001525878906,35.44649887084961,35.400001525878906,35.44649887084961,6497,0.0,0.0
2024-06-14 09:40:00-04:00,35.45000076293945,35.459999084472656,35.40999984741211,35.40999984741211,3651,0.0,0.0
2024-06-14 09:41:00-04:00,35.435001373291016,35.46500015258789,35.43000030517578,35.45500183105469,7128,0.0,0.0
2024-06-14 09:42:00-04:00,35.45000076293945,35.560001373291016,35.439998626708984,35.53499984741211,11040,0.0,0.0
2024-06-14 09:43:00-04:00,35.540000915527344,35.540000915527344,35.42499923706055,35.42499923706055,7930,0.0,0.0
2024-06-14 09:44:00-04:00,35.404998779296875,35.404998779296875,35.34000015258789,35.34000015258789,11604,0.0,0.0
2024-06-14 09:45:00-04:00,35.349998474121094,35.349998474121094,35.279998779296875,35.290000915527344,10074,0.0,0.0
2024-06-14 09:46:00-04:00,35.290000915527344,35.310001373291016,35.279998779296875,35.279998779296875,5226,0.0,0.0
2024-06-14 09:47:00-04:00,35.28310012817383,35.29999923706055,35.27000045776367,35.29999923706055,8628,0.0,0.0
2024-06-14 09:48:00-04:00,35.290000915527344,35.290000915527344,35.27000045776367,35.27000045776367,3225,0.0,0.0
2024-06-14 09:49:00-04:00,35.27000045776367,35.27000045776367,35.22999954223633,35.25,4220,0.0,0.0
2024-06-14 09:50:00-04:00,35.220001220703125,35.2400016784668,35.220001220703125,35.2400016784668,5828,0.0,0.0
2024-06-14 09:51:00-04:00,35.2400016784668,35.2400016784668,35.22010040283203,35.22010040283203,6773,0.0,0.0
2024-06-14 09:52:00-04:00,35.220001220703125,35.23500061035156,35.20000076293945,35.22999954223633,6472,0.0,0.0
2024-06-14 09:53:00-04:00,35.22999954223633,35.2400016784668,35.224998474121094,35.2400016784668,4807,0.0,0.0
2024-06-14 09:54:00-04:00,35.224998474121094,35.27000045776367,35.224998474121094,35.2400016784668,5031,0.0,0.0
2024-06-14 09:55:00-04:00,35.2400016784668,35.25,35.23500061035156,35.244998931884766,3040,0.0,0.0
2024-06-14 09:56:00-04:00,35.244998931884766,35.244998931884766,35.21500015258789,35.22999954223633,5214,0.0,0.0
2024-06-14 09:57:00-04:00,35.22999954223633,35.27000045776367,35.224998474121094,35.27000045776367,6210,0.0,0.0
2024-06-14 09:58:00-04:00,35.269901275634766,35.27000045776367,35.2599983215332,35.2599983215332,5111,0.0,0.0
2024-06-14 09:59:00-04:00,35.26499938964844,35.27000045776367,35.26499938964844,35.26499938964844,1692,0.0,0.0
2024-06-14 10:00:00-04:00,35.2599983215332,35.2599983215332,35.189998626708984,35.20000076293945,19840,0.0,0.0
2024-06-14 10:01:00-04:00,35.189998626708984,35.209999084472656,35.16999816894531,35.18000030517578,4195,0.0,0.0
2024-06-14 10:02:00-04:00,35.185001373291016,35.20000076293945,35.150001525878906,35.154998779296875,7579,0.0,0.0
2024-06-14 10:03:00-04:00,35.154998779296875,35.15520095825195,35.1349983215332,35.13999938964844,6639,0.0,0.0
2024-06-14 10:04:00-04:00,35.13999938964844,35.150001525878906,35.119998931884766,35.119998931884766,5179,0.0,0.0
2024-06-14 10:05:00-04:00,35.125,35.1349983215332,35.09000015258789,35.09000015258789,5159,0.0,0.0
2024-06-14 10:06:00-04:00,35.07500076293945,35.099998474121094,35.07500076293945,35.084999084472656,5623,0.0,0.0
2024-06-14 10:07:00-04:00,35.080101013183594,35.084999084472656,35.06999969482422,35.070098876953125,16236,0.0,0.0
2024-06-14 10:08:00-04:00,35.06999969482422,35.06999969482422,35.01499938964844,35.01499938964844,25418,0.0,0.0
2024-06-14 10:09:00-04:00,35.0099983215332,35.02000045776367,34.9900016784668,34.994998931884766,12031,0.0,0.0
2024-06-14 10:10:00-04:00,35.0,35.029998779296875,35.0,35.02519989013672,5806,0.0,0.0
2024-06-14 10:11:00-04:00,35.0,35.0099983215332,34.9900016784668,35.0,6869,0.0,0.0
2024-06-14 10:12:00-04:00,34.9900016784668,34.9900016784668,34.96500015258789,34.970001220703125,6972,0.0,0.0
2024-06-14 10:13:00-04:00,34.97999954223633,35.02000045776367,34.970001220703125,35.02000045776367,6956,0.0,0.0
2024-06-14 10:14:00-04:00,35.025001525878906,35.040000915527344,35.02000045776367,35.03499984741211,5612,0.0,0.0
2024-06-14 10:15:00-04:00,35.040000915527344,35.084999084472656,35.03499984741211,35.08000183105469,7394,0.0,0.0
2024-06-14 10:16:00-04:00,35.08000183105469,35.095001220703125,35.06999969482422,35.095001220703125,9269,0.0,0.0
2024-06-14 10:17:00-04:00,35.095001220703125,35.1254997253418,35.095001220703125,35.125,5152,0.0,0.0
2024-06-14 10:18:00-04:00,35.119998931884766,35.119998931884766,35.07500076293945,35.07500076293945,10646,0.0,0.0
2024-06-14 10:19:00-04:00,35.095001220703125,35.11000061035156,35.09000015258789,35.095001220703125,12294,0.0,0.0
2024-06-14 10:20:00-04:00,35.084999084472656,35.130001068115234,35.084999084472656,35.11000061035156,6807,0.0,0.0
2024-06-14 10:21:00-04:00,35.1150016784668,35.119998931884766,35.09000015258789,35.09000015258789,17010,0.0,0.0
2024-06-14 10:22:00-04:00,35.09000015258789,35.11000061035156,35.09000015258789,35.095001220703125,5689,0.0,0.0
2024-06-14 10:23:00-04:00,35.095001220703125,35.11000061035156,35.084999084472656,35.10499954223633,9716,0.0,0.0
2024-06-14 10:24:00-04:00,35.10499954223633,35.125,35.10499954223633,35.10499954223633,4775,0.0,0.0
2024-06-14 10:25:00-04:00,35.099998474121094,35.10499954223633,35.095001220703125,35.095001220703125,4020,0.0,0.0
2024-06-14 10:26:00-04:00,35.095001220703125,35.130001068115234,35.095001220703125,35.11009979248047,12361,0.0,0.0
2024-06-14 10:27:00-04:00,35.119998931884766,35.1349983215332,35.119998931884766,35.12009811401367,5387,0.0,0.0
2024-06-14 10:28:00-04:00,35.125,35.16999816894531,35.125,35.169898986816406,34768,0.0,0.0
2024-06-14 10:29:00-04:00,35.150001525878906,35.15999984741211,35.150001525878906,35.15999984741211,10545,0.0,0.0
2024-06-14 10:30:00-04:00,35.16999816894531,35.16999816894531,35.09000015258789,35.09000015258789,8056,0.0,0.0
2024-06-14 10:31:00-04:00,35.08000183105469,35.099998474121094,35.06520080566406,35.099998474121094,5797,0.0,0.0
2024-06-14 10:32:00-04:00,35.09000015258789,35.10499954223633,35.07500076293945,35.099998474121094,5841,0.0,0.0
2024-06-14 10:33:00-04:00,35.099998474121094,35.119998931884766,35.099998474121094,35.119998931884766,18845,0.0,0.0
2024-06-14 10:34:00-04:00,35.119998931884766,35.125,35.1150016784668,35.1150016784668,7344,0.0,0.0
2024-06-14 10:35:00-04:00,35.130001068115234,35.130001068115234,35.125,35.130001068115234,9490,0.0,0.0
2024-06-14 10:36:00-04:00,35.1349983215332,35.150001525878906,35.13010025024414,35.150001525878906,9381,0.0,0.0
2024-06-14 10:37:00-04:00,35.154998779296875,35.154998779296875,35.1349983215332,35.13999938964844,10146,0.0,0.0
2024-06-14 10:38:00-04:00,35.1349983215332,35.15999984741211,35.130001068115234,35.15999984741211,6684,0.0,0.0
2024-06-14 10:39:00-04:00,35.15999984741211,35.15999984741211,35.154998779296875,35.154998779296875,6348,0.0,0.0
2024-06-14 10:40:00-04:00,35.154998779296875,35.15999984741211,35.14500045776367,35.14500045776367,16294,0.0,0.0
2024-06-14 10:41:00-04:00,35.150001525878906,35.17210006713867,35.14500045776367,35.15999984741211,11833,0.0,0.0
2024-06-14 10:42:00-04:00,35.15999984741211,35.16999816894531,35.15999984741211,35.16999816894531,1765,0.0,0.0
2024-06-14 10:43:00-04:00,35.165000915527344,35.185001373291016,35.165000915527344,35.16999816894531,7939,0.0,0.0
2024-06-14 10:44:00-04:00,35.17499923706055,35.20000076293945,35.16999816894531,35.19499969482422,12441,0.0,0.0
2024-06-14 10:45:00-04:00,35.20000076293945,35.220001220703125,35.189998626708984,35.19499969482422,6829,0.0,0.0
2024-06-14 10:46:00-04:00,35.17499923706055,35.189998626708984,35.16999816894531,35.189998626708984,3060,0.0,0.0
2024-06-14 10:47:00-04:00,35.185001373291016,35.19499969482422,35.18000030517578,35.18000030517578,5958,0.0,0.0
2024-06-14 10:48:00-04:00,35.17499923706055,35.17499923706055,35.17499923706055,35.17499923706055,479,0.0,0.0
2024-06-14 10:49:00-04:00,35.16999816894531,35.17499923706055,35.165000915527344,35.16740036010742,4926,0.0,0.0
2024-06-14 10:50:00-04:00,35.17499923706055,35.17570114135742,35.15999984741211,35.15999984741211,4927,0.0,0.0
2024-06-14 10:51:00-04:00,35.165000915527344,35.16999816894531,35.15999984741211,35.165000915527344,2698,0.0,0.0
2024-06-14 10:52:00-04:00,35.17499923706055,35.189998626708984,35.17499923706055,35.189998626708984,3670,0.0,0.0
2024-06-14 10:53:00-04:00,35.19499969482422,35.19499969482422,35.189998626708984,35.19499969482422,2434,0.0,0.0
2024-06-14 10:54:00-04:00,35.189998626708984,35.189998626708984,35.15999984741211,35.15999984741211,8842,0.0,0.0
2024-06-14 10:55:00-04:00,35.15999984741211,35.16999816894531,35.154998779296875,35.154998779296875,10816,0.0,0.0
2024-06-14 10:56:00-04:00,35.154998779296875,35.16999816894531,35.154998779296875,35.16999816894531,8549,0.0,0.0
2024-06-14 10:57:00-04:00,35.165000915527344,35.165000915527344,35.15999984741211,35.15999984741211,1130,0.0,0.0
2024-06-14 10:58:00-04:00,35.165000915527344,35.19499969482422,35.165000915527344,35.165000915527344,13297,0.0,0.0
2024-06-14 10:59:00-04:00,35.16999816894531,35.18000030517578,35.16999816894531,35.18000030517578,5607,0.0,0.0
2024-06-14 11:00:00-04:00,35.18000030517578,35.18000030517578,35.165000915527344,35.17499923706055,1393,0.0,0.0
2024-06-14 11:01:00-04:00,35.18000030517578,35.189998626708984,35.17499923706055,35.189998626708984,15892,0.0,0.0
2024-06-14 11:02:00-04:00,35.189998626708984,35.189998626708984,35.185001373291016,35.189998626708984,4812,0.0,0.0
2024-06-14 11:03:00-04:00,35.19499969482422,35.20750045776367,35.185001373291016,35.185001373291016,7570,0.0,0.0
2024-06-14 11:04:00-04:00,35.189998626708984,35.189998626708984,35.16999816894531,35.16999816894531,5851,0.0,0.0
2024-06-14 11:05:00-04:00,35.16999816894531,35.16999816894531,35.119998931884766,35.125,5570,0.0,0.0
2024-06-14 11:06:00-04:00,35.119998931884766,35.150001525878906,35.119998931884766,35.150001525878906,5185,0.0,0.0
2024-06-14 11:07:00-04:00,35.13999938964844,35.13999938964844,35.119998931884766,35.119998931884766,2526,0.0,0.0
2024-06-14 11:08:00-04:00,35.11000061035156,35.119998931884766,35.11000061035156,35.11000061035156,5214,0.0,0.0
2024-06-14 11:09:00-04:00,35.11000061035156,35.119998931884766,35.099998474121094,35.119998931884766,5757,0.0,0.0
2024-06-14 11:10:00-04:00,35.119998931884766,35.1349983215332,35.119998931884766,35.1349983215332,10844,0.0,0.0
2024-06-14 11:11:00-04:00,35.13999938964844,35.165000915527344,35.134498596191406,35.15999984741211,6039,0.0,0.0
2024-06-14 11:12:00-04:00,35.154998779296875,35.154998779296875,35.14500045776367,35.150001525878906,4022,0.0,0.0
2024-06-14 11:13:00-04:00,35.15999984741211,35.15999984741211,35.150001525878906,35.150001525878906,4075,0.0,0.0
2024-06-14 11:14:00-04:00,35.13999938964844,35.13999938964844,35.119998931884766,35.125,4288,0.0,0.0
2024-06-14 11:15:00-04:00,35.130001068115234,35.150001525878906,35.130001068115234,35.14500045776367,8613,0.0,0.0
2024-06-14 11:16:00-04:00,35.13999938964844,35.13999938964844,35.125,35.125,4651,0.0,0.0
2024-06-14 11:17:00-04:00,35.119998931884766,35.130001068115234,35.119998931884766,35.130001068115234,4513,0.0,0.0
2024-06-14 11:18:00-04:00,35.130001068115234,35.13999938964844,35.130001068115234,35.1349983215332,7637,0.0,0.0
2024-06-14 11:19:00-04:00,35.154998779296875,35.160301208496094,35.14500045776367,35.150001525878906,10819,0.0,0.0
2024-06-14 11:20:00-04:00,35.14500045776367,35.154998779296875,35.14500045776367,35.154998779296875,8944,0.0,0.0
2024-06-14 11:21:00-04:00,35.154998779296875,35.165000915527344,35.14500045776367,35.150001525878906,11402,0.0,0.0
2024-06-14 11:22:00-04:00,35.150001525878906,35.165000915527344,35.14500045776367,35.15999984741211,5424,0.0,0.0
2024-06-14 11:23:00-04:00,35.15999984741211,35.18000030517578,35.15999984741211,35.18000030517578,4742,0.0,0.0
2024-06-14 11:24:00-04:00,35.17499923706055,35.189998626708984,35.16999816894531,35.189998626708984,9399,0.0,0.0
2024-06-14 11:25:00-04:00,35.185001373291016,35.20000076293945,35.185001373291016,35.19499969482422,4425,0.0,0.0
2024-06-14 11:26:00-04:00,35.189998626708984,35.22999954223633,35.189998626708984,35.22999954223633,6319,0.0,0.0
2024-06-14 11:27:00-04:00,35.244998931884766,35.244998931884766,35.23500061035156,35.23500061035156,6059,0.0,0.0
2024-06-14 11:28:00-04:00,35.23500061035156,35.2400016784668,35.224998474121094,35.224998474121094,6653,0.0,0.0
2024-06-14 11:29:00-04:00,35.22999954223633,35.22999954223633,35.20500183105469,35.20500183105469,5980,0.0,0.0
2024-06-14 11:30:00-04:00,35.209999084472656,35.2400016784668,35.209999084472656,35.23500061035156,16275,0.0,0.0
2024-06-14 11:31:00-04:00,35.23749923706055,35.255001068115234,35.23500061035156,35.255001068115234,9850,0.0,0.0
2024-06-14 11:32:00-04:00,35.255001068115234,35.2599983215332,35.244998931884766,35.244998931884766,9470,0.0,0.0
2024-06-14 11:33:00-04:00,35.2400016784668,35.2400016784668,35.22999954223633,35.2400016784668,1246,0.0,0.0
2024-06-14 11:34:00-04:00,35.23500061035156,35.23500061035156,35.20500183105469,35.20500183105469,3938,0.0,0.0
2024-06-14 11:35:00-04:00,35.20000076293945,35.209999084472656,35.20000076293945,35.209999084472656,3299,0.0,0.0
2024-06-14 11:36:00-04:00,35.20000076293945,35.20500183105469,35.19499969482422,35.20500183105469,2868,0.0,0.0
2024-06-14 11:37:00-04:00,35.20500183105469,35.209999084472656,35.19499969482422,35.209999084472656,5343,0.0,0.0
2024-06-14 11:38:00-04:00,35.21500015258789,35.21500015258789,35.21500015258789,35.21500015258789,3242,0.0,0.0
2024-06-14 11:39:00-04:00,35.20000076293945,35.209999084472656,35.20000076293945,35.209999084472656,3439,0.0,0.0
2024-06-14 11:40:00-04:00,35.209999084472656,35.209999084472656,35.20500183105469,35.20500183105469,1607,0.0,0.0
2024-06-14 11:41:00-04:00,35.20000076293945,35.209999084472656,35.20000076293945,35.20500183105469,5361,0.0,0.0
2024-06-14 11:42:00-04:00,35.20000076293945,35.20000076293945,35.18000030517578,35.18000030517578,4107,0.0,0.0
2024-06-14 11:43:00-04:00,35.17499923706055,35.18000030517578,35.170101165771484,35.17499923706055,2995,0.0,0.0
2024-06-14 11:44:00-04:00,35.18000030517578,35.18000030517578,35.17499923706055,35.17499923706055,9006,0.0,0.0
2024-06-14 11:45:00-04:00,35.16999816894531,35.16999816894531,35.150001525878906,35.15999984741211,5486,0.0,0.0
2024-06-14 11:46:00-04:00,35.150001525878906,35.150001525878906,35.13999938964844,35.14500045776367,3781,0.0,0.0
2024-06-14 11:47:00-04:00,35.14500045776367,35.14500045776367,35.13999938964844,35.13999938964844,3224,0.0,0.0
2024-06-14 11:48:00-04:00,35.1349983215332,35.13999938964844,35.1349983215332,35.13999938964844,5013,0.0,0.0
2024-06-14 11:49:00-04:00,35.150001525878906,35.150001525878906,35.11000061035156,35.11000061035156,7928,0.0,0.0
2024-06-14 11:50:00-04:00,35.11000061035156,35.119998931884766,35.099998474121094,35.1150016784668,6869,0.0,0.0
2024-06-14 11:51:00-04:00,35.125,35.140098571777344,35.125,35.140098571777344,7181,0.0,0.0
2024-06-14 11:52:00-04:00,35.14500045776367,35.150001525878906,35.14500045776367,35.150001525878906,5594,0.0,0.0
2024-06-14 11:53:00-04:00,35.14500045776367,35.14500045776367,35.1349983215332,35.1349983215332,5288,0.0,0.0
2024-06-14 11:54:00-04:00,35.13999938964844,35.13999938964844,35.1349983215332,35.13999938964844,4645,0.0,0.0
2024-06-14 11:55:00-04:00,35.13999938964844,35.14500045776367,35.1349983215332,35.1349983215332,5202,0.0,0.0
2024-06-14 11:56:00-04:00,35.1349983215332,35.13999938964844,35.130001068115234,35.13750076293945,2372,0.0,0.0
2024-06-14 11:57:00-04:00,35.13999938964844,35.15999984741211,35.1349983215332,35.15999984741211,3536,0.0,0.0
2024-06-14 11:58:00-04:00,35.154998779296875,35.16999816894531,35.154998779296875,35.16999816894531,4690,0.0,0.0
2024-06-14 11:59:00-04:00,35.16999816894531,35.18000030517578,35.16999816894531,35.18000030517578,6723,0.0,0.0
2024-06-14 12:00:00-04:00,35.18000030517578,35.18000030517578,35.14500045776367,35.14500045776367,4471,0.0,0.0
2024-06-14 12:01:00-04:00,35.14500045776367,35.189998626708984,35.13999938964844,35.185001373291016,9799,0.0,0.0
2024-06-14 12:02:00-04:00,35.18000030517578,35.189998626708984,35.17499923706055,35.17499923706055,3299,0.0,0.0
2024-06-14 12:03:00-04:00,35.18000030517578,35.18000030517578,35.18000030517578,35.18000030517578,1460,0.0,0.0
2024-06-14 12:04:00-04:00,35.17499923706055,35.17499923706055,35.17499923706055,35.17499923706055,537,0.0,0.0
2024-06-14 12:05:00-04:00,35.16999816894531,35.185001373291016,35.16999816894531,35.185001373291016,5352,0.0,0.0
2024-06-14 12:06:00-04:00,35.185001373291016,35.20000076293945,35.185001373291016,35.19499969482422,2177,0.0,0.0
2024-06-14 12:07:00-04:00,35.189998626708984,35.189998626708984,35.185001373291016,35.185001373291016,5110,0.0,0.0
2024-06-14 12:08:00-04:00,35.189998626708984,35.20000076293945,35.189998626708984,35.20000076293945,2408,0.0,0.0
2024-06-14 12:09:00-04:00,35.20500183105469,35.209999084472656,35.20500183105469,35.209999084472656,3056,0.0,0.0
2024-06-14 12:10:00-04:00,35.20500183105469,35.20500183105469,35.20000076293945,35.20000076293945,3955,0.0,0.0
2024-06-14 12:11:00-04:00,35.209999084472656,35.209999084472656,35.20500183105469,35.209999084472656,3275,0.0,0.0
2024-06-14 12:12:00-04:00,35.21500015258789,35.224998474121094,35.21500015258789,35.224998474121094,2203,0.0,0.0
2024-06-14 12:13:00-04:00,35.22999954223633,35.22999954223633,35.224998474121094,35.22999954223633,4721,0.0,0.0
2024-06-14 12:14:00-04:00,35.2400016784668,35.244998931884766,35.22999954223633,35.22999954223633,7187,0.0,0.0
2024-06-14 12:15:00-04:00,35.2400016784668,35.2400016784668,35.2400016784668,35.2400016784668,1214,0.0,0.0
2024-06-14 12:16:00-04:00,35.25,35.25749969482422,35.2400016784668,35.2400016784668,6195,0.0,0.0
2024-06-14 12:17:00-04:00,35.2400016784668,35.2400016784668,35.22999954223633,35.22999954223633,3013,0.0,0.0
2024-06-14 12:18:00-04:00,35.22999954223633,35.22999954223633,35.220001220703125,35.22999954223633,3058,0.0,0.0
2024-06-14 12:19:00-04:00,35.220001220703125,35.224998474121094,35.21500015258789,35.220001220703125,5345,0.0,0.0
2024-06-14 12:20:00-04:00,35.220001220703125,35.220001220703125,35.209999084472656,35.21500015258789,1208,0.0,0.0
2024-06-14 12:21:00-04:00,35.220001220703125,35.220001220703125,35.209999084472656,35.209999084472656,5764,0.0,0.0
2024-06-14 12:22:00-04:00,35.20000076293945,35.209999084472656,35.20000076293945,35.209999084472656,1199,0.0,0.0
2024-06-14 12:23:00-04:00,35.20000076293945,35.20000076293945,35.17499923706055,35.18000030517578,7641,0.0,0.0
2024-06-14 12:24:00-04:00,35.18000030517578,35.185001373291016,35.18000030517578,35.185001373291016,1724,0.0,0.0
2024-06-14 12:25:00-04:00,35.189998626708984,35.189998626708984,35.165000915527344,35.165000915527344,2290,0.0,0.0
2024-06-14 12:26:00-04:00,35.16999816894531,35.189998626708984,35.16999816894531,35.185001373291016,3634,0.0,0.0
2024-06-14 12:27:00-04:00,35.189998626708984,35.189998626708984,35.189998626708984,35.189998626708984,1465,0.0,0.0
2024-06-14 12:28:00-04:00,35.185001373291016,35.185001373291016,35.185001373291016,35.185001373291016,302,0.0,0.0
2024-06-14 12:29:00-04:00,35.18000030517578,35.18000030517578,35.16999816894531,35.16999816894531,6661,0.0,0.0
2024-06-14 12:30:00-04:00,35.17499923706055,35.17499923706055,35.17499923706055,35.17499923706055,922,0.0,0.0
2024-06-14 12:31:00-04:00,35.18989944458008,35.18989944458008,35.15999984741211,35.16999816894531,4494,0.0,0.0
2024-06-14 12:32:00-04:00,35.17499923706055,35.209999084472656,35.17499923706055,35.20690155029297,5024,0.0,0.0
2024-06-14 12:33:00-04:00,35.209999084472656,35.220001220703125,35.209999084472656,35.220001220703125,6105,0.0,0.0
2024-06-14 12:34:00-04:00,35.21009826660156,35.224998474121094,35.21009826660156,35.220001220703125,8746,0.0,0.0
2024-06-14 12:35:00-04:00,35.220001220703125,35.22999954223633,35.21419906616211,35.22999954223633,8659,0.0,0.0
2024-06-14 12:36:00-04:00,35.2400016784668,35.25,35.2400016784668,35.24549865722656,1512,0.0,0.0
2024-06-14 12:37:00-04:00,35.244998931884766,35.25,35.244998931884766,35.25,9634,0.0,0.0
2024-06-14 12:38:00-04:00,35.244998931884766,35.255001068115234,35.23500061035156,35.255001068115234,4036,0.0,0.0
2024-06-14 12:40:00-04:00,35.2599983215332,35.2599983215332,35.24250030517578,35.25,7218,0.0,0.0
2024-06-14 12:41:00-04:00,35.25,35.25,35.244998931884766,35.244998931884766,4057,0.0,0.0
2024-06-14 12:42:00-04:00,35.25,35.2599983215332,35.25,35.255001068115234,4588,0.0,0.0
2024-06-14 12:43:00-04:00,35.25450134277344,35.2599983215332,35.25450134277344,35.255001068115234,8685,0.0,0.0
2024-06-14 12:44:00-04:00,35.26499938964844,35.27000045776367,35.26499938964844,35.27000045776367,4434,0.0,0.0
2024-06-14 12:45:00-04:00,35.279998779296875,35.279998779296875,35.279998779296875,35.279998779296875,2252,0.0,0.0
2024-06-14 12:46:00-04:00,35.290000915527344,35.290000915527344,35.290000915527344,35.290000915527344,3183,0.0,0.0
2024-06-14 12:47:00-04:00,35.29999923706055,35.310001373291016,35.29999923706055,35.310001373291016,3546,0.0,0.0
2024-06-14 12:48:00-04:00,35.30500030517578,35.30830001831055,35.29999923706055,35.30500030517578,10134,0.0,0.0
2024-06-14 12:49:00-04:00,35.310001373291016,35.310001373291016,35.30500030517578,35.310001373291016,6183,0.0,0.0
2024-06-14 12:50:00-04:00,35.33000183105469,35.33000183105469,35.32500076293945,35.32500076293945,1411,0.0,0.0
2024-06-14 12:52:00-04:00,35.32500076293945,35.32500076293945,35.314998626708984,35.32500076293945,8591,0.0,0.0
2024-06-14 12:53:00-04:00,35.31999969482422,35.31999969482422,35.310001373291016,35.314998626708984,6142,0.0,0.0
2024-06-14 12:54:00-04:00,35.310001373291016,35.310001373291016,35.290000915527344,35.29999923706055,6444,0.0,0.0
2024-06-14 12:56:00-04:00,35.310001373291016,35.310001373291016,35.310001373291016,35.310001373291016,1411,0.0,0.0
2024-06-14 12:57:00-04:00,35.31999969482422,35.32500076293945,35.314998626708984,35.32500076293945,7367,0.0,0.0
2024-06-14 12:58:00-04:00,35.320098876953125,35.320098876953125,35.320098876953125,35.320098876953125,2417,0.0,0.0
2024-06-14 12:59:00-04:00,35.31999969482422,35.31999969482422,35.29499816894531,35.29999923706055,11294,0.0,0.0
2024-06-14 13:00:00-04:00,35.29499816894531,35.29499816894531,35.290000915527344,35.290000915527344,5925,0.0,0.0
2024-06-14 13:01:00-04:00,35.29750061035156,35.29999923706055,35.29499816894531,35.29999923706055,8379,0.0,0.0
2024-06-14 13:02:00-04:00,35.29499816894531,35.29999923706055,35.29100036621094,35.29999923706055,3974,0.0,0.0
2024-06-14 13:03:00-04:00,35.29499816894531,35.30500030517578,35.29499816894531,35.30500030517578,4460,0.0,0.0
2024-06-14 13:04:00-04:00,35.30500030517578,35.310001373291016,35.29499816894531,35.310001373291016,18341,0.0,0.0
2024-06-14 13:05:00-04:00,35.30500030517578,35.334999084472656,35.30500030517578,35.334999084472656,6941,0.0,0.0
2024-06-14 13:06:00-04:00,35.337501525878906,35.337501525878906,35.33000183105469,35.33000183105469,1174,0.0,0.0
2024-06-14 13:07:00-04:00,35.33399963378906,35.33399963378906,35.29999923706055,35.29999923706055,14583,0.0,0.0
2024-06-14 13:08:00-04:00,35.30500030517578,35.30500030517578,35.29999923706055,35.30500030517578,4437,0.0,0.0
2024-06-14 13:09:00-04:00,35.310001373291016,35.34000015258789,35.30500030517578,35.34000015258789,17768,0.0,0.0
2024-06-14 13:10:00-04:00,35.34000015258789,35.34000015258789,35.334999084472656,35.334999084472656,6508,0.0,0.0
2024-06-14 13:11:00-04:00,35.334999084472656,35.34000015258789,35.334999084472656,35.334999084472656,2127,0.0,0.0
2024-06-14 13:12:00-04:00,35.345001220703125,35.345001220703125,35.345001220703125,35.345001220703125,3285,0.0,0.0
2024-06-14 13:13:00-04:00,35.349998474121094,35.349998474121094,35.34000015258789,35.34000015258789,11632,0.0,0.0
2024-06-14 13:14:00-04:00,35.345001220703125,35.35499954223633,35.345001220703125,35.35499954223633,15380,0.0,0.0
2024-06-14 13:15:00-04:00,35.34000015258789,35.34000015258789,35.33000183105469,35.330101013183594,5861,0.0,0.0
2024-06-14 13:16:00-04:00,35.33000183105469,35.33000183105469,35.290000915527344,35.29499816894531,7388,0.0,0.0
2024-06-14 13:17:00-04:00,35.290000915527344,35.290000915527344,35.27000045776367,35.27000045776367,3229,0.0,0.0
2024-06-14 13:18:00-04:00,35.26499938964844,35.27000045776367,35.2599983215332,35.2599983215332,4342,0.0,0.0
2024-06-14 13:19:00-04:00,35.25,35.27000045776367,35.25,35.27000045776367,2824,0.0,0.0
2024-06-14 13:20:00-04:00,35.27000045776367,35.290000915527344,35.26499938964844,35.28499984741211,3328,0.0,0.0
2024-06-14 13:21:00-04:00,35.290199279785156,35.29999923706055,35.290199279785156,35.29999923706055,6280,0.0,0.0
2024-06-14 13:22:00-04:00,35.290000915527344,35.290000915527344,35.275001525878906,35.279998779296875,2667,0.0,0.0
2024-06-14 13:23:00-04:00,35.27000045776367,35.27000045776367,35.2599983215332,35.2599983215332,5494,0.0,0.0
2024-06-14 13:24:00-04:00,35.2599983215332,35.2599983215332,35.25,35.25,2411,0.0,0.0
2024-06-14 13:25:00-04:00,35.244998931884766,35.244998931884766,35.244998931884766,35.244998931884766,576,0.0,0.0
2024-06-14 13:26:00-04:00,35.2400016784668,35.2599983215332,35.2400016784668,35.2599983215332,9621,0.0,0.0
2024-06-14 13:27:00-04:00,35.2599983215332,35.2599983215332,35.2599983215332,35.2599983215332,485,0.0,0.0
2024-06-14 13:28:00-04:00,35.26499938964844,35.26499938964844,35.2599983215332,35.26499938964844,2716,0.0,0.0
2024-06-14 13:29:00-04:00,35.2599983215332,35.2599983215332,35.23500061035156,35.23500061035156,7129,0.0,0.0
2024-06-14 13:31:00-04:00,35.224998474121094,35.224998474121094,35.224998474121094,35.224998474121094,1225,0.0,0.0
2024-06-14 13:32:00-04:00,35.220001220703125,35.220001220703125,35.18000030517578,35.18000030517578,12682,0.0,0.0
2024-06-14 13:33:00-04:00,35.18000030517578,35.18000030517578,35.18000030517578,35.18000030517578,611,0.0,0.0
2024-06-14 13:34:00-04:00,35.189998626708984,35.19499969482422,35.189998626708984,35.19499969482422,1365,0.0,0.0
2024-06-14 13:36:00-04:00,35.19499969482422,35.20000076293945,35.185001373291016,35.19499969482422,7322,0.0,0.0
2024-06-14 13:37:00-04:00,35.19499969482422,35.19499969482422,35.189998626708984,35.189998626708984,1948,0.0,0.0
2024-06-14 13:38:00-04:00,35.189998626708984,35.19499969482422,35.189998626708984,35.19499969482422,1244,0.0,0.0
2024-06-14 13:39:00-04:00,35.19499969482422,35.19499969482422,35.19499969482422,35.19499969482422,783,0.0,0.0
2024-06-14 13:40:00-04:00,35.19499969482422,35.19499969482422,35.185001373291016,35.185001373291016,6718,0.0,0.0
2024-06-14 13:41:00-04:00,35.189998626708984,35.189998626708984,35.189998626708984,35.189998626708984,606,0.0,0.0
2024-06-14 13:42:00-04:00,35.19499969482422,35.19499969482422,35.18009948730469,35.189998626708984,6580,0.0,0.0
2024-06-14 13:43:00-04:00,35.20000076293945,35.20000076293945,35.185001373291016,35.185001373291016,5075,0.0,0.0
2024-06-14 13:44:00-04:00,35.18000030517578,35.189998626708984,35.18000030517578,35.189998626708984,3420,0.0,0.0
2024-06-14 13:45:00-04:00,35.189998626708984,35.19820022583008,35.189998626708984,35.189998626708984,2657,0.0,0.0
2024-06-14 13:46:00-04:00,35.20000076293945,35.209999084472656,35.20000076293945,35.209999084472656,4535,0.0,0.0
2024-06-14 13:47:00-04:00,35.20500183105469,35.209999084472656,35.189998626708984,35.189998626708984,14243,0.0,0.0
2024-06-14 13:48:00-04:00,35.185001373291016,35.19499969482422,35.185001373291016,35.19499969482422,1511,0.0,0.0
2024-06-14 13:49:00-04:00,35.190101623535156,35.19499969482422,35.190101623535156,35.19499969482422,2658,0.0,0.0
2024-06-14 13:50:00-04:00,35.19499969482422,35.19499969482422,35.189998626708984,35.189998626708984,5676,0.0,0.0
2024-06-14 13:51:00-04:00,35.185001373291016,35.189998626708984,35.185001373291016,35.185001373291016,2544,0.0,0.0
2024-06-14 13:52:00-04:00,35.18000030517578,35.185001373291016,35.18000030517578,35.185001373291016,956,0.0,0.0
2024-06-14 13:53:00-04:00,35.18000030517578,35.20500183105469,35.17499923706055,35.20500183105469,13500,0.0,0.0
2024-06-14 13:54:00-04:00,35.20500183105469,35.209999084472656,35.189998626708984,35.19499969482422,7507,0.0,0.0
2024-06-14 13:55:00-04:00,35.20000076293945,35.20000076293945,35.20000076293945,35.20000076293945,6378,0.0,0.0
2024-06-14 13:56:00-04:00,35.19499969482422,35.19499969482422,35.185001373291016,35.185001373291016,4272,0.0,0.0
2024-06-14 13:57:00-04:00,35.189998626708984,35.20000076293945,35.189998626708984,35.20000076293945,3205,0.0,0.0
2024-06-14 13:58:00-04:00,35.19499969482422,35.19499969482422,35.18000030517578,35.18000030517578,7393,0.0,0.0
2024-06-14 13:59:00-04:00,35.189998626708984,35.19499969482422,35.189998626708984,35.19029998779297,1056,0.0,0.0
2024-06-14 14:00:00-04:00,35.189998626708984,35.189998626708984,35.18000030517578,35.18000030517578,9183,0.0,0.0
2024-06-14 14:01:00-04:00,35.17499923706055,35.22999954223633,35.17499923706055,35.22999954223633,5682,0.0,0.0
2024-06-14 14:02:00-04:00,35.22999954223633,35.2400016784668,35.21500015258789,35.21500015258789,8548,0.0,0.0
2024-06-14 14:03:00-04:00,35.209999084472656,35.209999084472656,35.20000076293945,35.209999084472656,2811,0.0,0.0
2024-06-14 14:04:00-04:00,35.209999084472656,35.220001220703125,35.209999084472656,35.220001220703125,5444,0.0,0.0
2024-06-14 14:05:00-04:00,35.224998474121094,35.23500061035156,35.224998474121094,35.23500061035156,1647,0.0,0.0
2024-06-14 14:06:00-04:00,35.2400016784668,35.25,35.23500061035156,35.2400016784668,8587,0.0,0.0
2024-06-14 14:07:00-04:00,35.2400016784668,35.2400016784668,35.224998474121094,35.22999954223633,3955,0.0,0.0
2024-06-14 14:08:00-04:00,35.22999954223633,35.22999954223633,35.224998474121094,35.224998474121094,3589,0.0,0.0
2024-06-14 14:09:00-04:00,35.220001220703125,35.220001220703125,35.209999084472656,35.209999084472656,6244,0.0,0.0
2024-06-14 14:10:00-04:00,35.21500015258789,35.22999954223633,35.209999084472656,35.224998474121094,5127,0.0,0.0
2024-06-14 14:11:00-04:00,35.22999954223633,35.23500061035156,35.22999954223633,35.22999954223633,4279,0.0,0.0
2024-06-14 14:12:00-04:00,35.224998474121094,35.22999954223633,35.19499969482422,35.19499969482422,73659,0.0,0.0
2024-06-14 14:13:00-04:00,35.19499969482422,35.19499969482422,35.185001373291016,35.189998626708984,5927,0.0,0.0
2024-06-14 14:14:00-04:00,35.20000076293945,35.20000076293945,35.19499969482422,35.19499969482422,1722,0.0,0.0
2024-06-14 14:15:00-04:00,35.19499969482422,35.20500183105469,35.19499969482422,35.20000076293945,2932,0.0,0.0
2024-06-14 14:16:00-04:00,35.20000076293945,35.20500183105469,35.189998626708984,35.20500183105469,4841,0.0,0.0
2024-06-14 14:17:00-04:00,35.209999084472656,35.26499938964844,35.209999084472656,35.26499938964844,9062,0.0,0.0
2024-06-14 14:18:00-04:00,35.26499938964844,35.29499816894531,35.26499938964844,35.29499816894531,4754,0.0,0.0
2024-06-14 14:19:00-04:00,35.29499816894531,35.29499816894531,35.27009963989258,35.27009963989258,8627,0.0,0.0
2024-06-14 14:20:00-04:00,35.275001525878906,35.275001525878906,35.26499938964844,35.27000045776367,5283,0.0,0.0
2024-06-14 14:21:00-04:00,35.275001525878906,35.279998779296875,35.27000045776367,35.279998779296875,4515,0.0,0.0
2024-06-14 14:22:00-04:00,35.290000915527344,35.29999923706055,35.28499984741211,35.29999923706055,2521,0.0,0.0
2024-06-14 14:23:00-04:00,35.29499816894531,35.29999923706055,35.279998779296875,35.279998779296875,7856,0.0,0.0
2024-06-14 14:24:00-04:00,35.275001525878906,35.28499984741211,35.275001525878906,35.28499984741211,8032,0.0,0.0
2024-06-14 14:25:00-04:00,35.290000915527344,35.290000915527344,35.28499984741211,35.28499984741211,4297,0.0,0.0
2024-06-14 14:26:00-04:00,35.290000915527344,35.29499816894531,35.279998779296875,35.28499984741211,6771,0.0,0.0
2024-06-14 14:27:00-04:00,35.28499984741211,35.290000915527344,35.28499984741211,35.28499984741211,1466,0.0,0.0
2024-06-14 14:28:00-04:00,35.279998779296875,35.28499984741211,35.275001525878906,35.28499984741211,10777,0.0,0.0
2024-06-14 14:29:00-04:00,35.279998779296875,35.28499984741211,35.279998779296875,35.28499984741211,1502,0.0,0.0
2024-06-14 14:30:00-04:00,35.290000915527344,35.290000915527344,35.27000045776367,35.27000045776367,8128,0.0,0.0
2024-06-14 14:31:00-04:00,35.279998779296875,35.279998779296875,35.27000045776367,35.27000045776367,3292,0.0,0.0
2024-06-14 14:32:00-04:00,35.27000045776367,35.279998779296875,35.27000045776367,35.279998779296875,8972,0.0,0.0
2024-06-14 14:33:00-04:00,35.279998779296875,35.28499984741211,35.255001068115234,35.2599983215332,10431,0.0,0.0
2024-06-14 14:34:00-04:00,35.2599983215332,35.26060104370117,35.2599983215332,35.2599983215332,1418,0.0,0.0
2024-06-14 14:35:00-04:00,35.2599983215332,35.2599983215332,35.244998931884766,35.25,11167,0.0,0.0
2024-06-14 14:36:00-04:00,35.25,35.25,35.244998931884766,35.244998931884766,2731,0.0,0.0
2024-06-14 14:37:00-04:00,35.244998931884766,35.244998931884766,35.22999954223633,35.22999954223633,8202,0.0,0.0
2024-06-14 14:38:00-04:00,35.23500061035156,35.2400016784668,35.21009826660156,35.21009826660156,12675,0.0,0.0
2024-06-14 14:39:00-04:00,35.220001220703125,35.25,35.21500015258789,35.244998931884766,5205,0.0,0.0
2024-06-14 14:40:00-04:00,35.244998931884766,35.25,35.2401008605957,35.25,3120,0.0,0.0
2024-06-14 14:41:00-04:00,35.25,35.2599983215332,35.244998931884766,35.244998931884766,10211,0.0,0.0
2024-06-14 14:42:00-04:00,35.244998931884766,35.25,35.23500061035156,35.2400016784668,12340,0.0,0.0
2024-06-14 14:43:00-04:00,35.2400016784668,35.2599983215332,35.23500061035156,35.2599983215332,10814,0.0,0.0
2024-06-14 14:44:00-04:00,35.26499938964844,35.27000045776367,35.26499938964844,35.27000045776367,1876,0.0,0.0
2024-06-14 14:45:00-04:00,35.27000045776367,35.310001373291016,35.27000045776367,35.310001373291016,7379,0.0,0.0
2024-06-14 14:46:00-04:00,35.30500030517578,35.30500030517578,35.279998779296875,35.28499984741211,9085,0.0,0.0
2024-06-14 14:47:00-04:00,35.28499984741211,35.290000915527344,35.275001525878906,35.28499984741211,5596,0.0,0.0
2024-06-14 14:48:00-04:00,35.28499984741211,35.29499816894531,35.28499984741211,35.29499816894531,3932,0.0,0.0
2024-06-14 14:49:00-04:00,35.29999923706055,35.30500030517578,35.29999923706055,35.30500030517578,1902,0.0,0.0
2024-06-14 14:50:00-04:00,35.30500030517578,35.310001373291016,35.279998779296875,35.28499984741211,13878,0.0,0.0
2024-06-14 14:51:00-04:00,35.28499984741211,35.290000915527344,35.279998779296875,35.279998779296875,1795,0.0,0.0
2024-06-14 14:52:00-04:00,35.279998779296875,35.310001373291016,35.279998779296875,35.310001373291016,2895,0.0,0.0
2024-06-14 14:53:00-04:00,35.30500030517578,35.30500030517578,35.290000915527344,35.290000915527344,6825,0.0,0.0
2024-06-14 14:54:00-04:00,35.290000915527344,35.290000915527344,35.275001525878906,35.275001525878906,10551,0.0,0.0
2024-06-14 14:55:00-04:00,35.275001525878906,35.29499816894531,35.275001525878906,35.29499816894531,10299,0.0,0.0
2024-06-14 14:56:00-04:00,35.290000915527344,35.29999923706055,35.290000915527344,35.29499816894531,1295,0.0,0.0
2024-06-14 14:57:00-04:00,35.290000915527344,35.290000915527344,35.275001525878906,35.290000915527344,17958,0.0,0.0
2024-06-14 14:58:00-04:00,35.29499816894531,35.29999923706055,35.279998779296875,35.29999923706055,9379,0.0,0.0
2024-06-14 14:59:00-04:00,35.310001373291016,35.310001373291016,35.29999923706055,35.29999923706055,4913,0.0,0.0
2024-06-14 15:00:00-04:00,35.29999923706055,35.29999923706055,35.28499984741211,35.29999923706055,6941,0.0,0.0
2024-06-14 15:01:00-04:00,35.29999923706055,35.29999923706055,35.29499816894531,35.29999923706055,3804,0.0,0.0
2024-06-14 15:02:00-04:00,35.30500030517578,35.310001373291016,35.30500030517578,35.310001373291016,5232,0.0,0.0
2024-06-14 15:03:00-04:00,35.314998626708984,35.314998626708984,35.290000915527344,35.290000915527344,9648,0.0,0.0
2024-06-14 15:04:00-04:00,35.31999969482422,35.31999969482422,35.31999969482422,35.31999969482422,9424,0.0,0.0
2024-06-14 15:05:00-04:00,35.310001373291016,35.314998626708984,35.310001373291016,35.310001373291016,4484,0.0,0.0
2024-06-14 15:06:00-04:00,35.310001373291016,35.32500076293945,35.310001373291016,35.32500076293945,5792,0.0,0.0
2024-06-14 15:07:00-04:00,35.31999969482422,35.31999969482422,35.314998626708984,35.314998626708984,5756,0.0,0.0
2024-06-14 15:08:00-04:00,35.314998626708984,35.314998626708984,35.310001373291016,35.314998626708984,1779,0.0,0.0
2024-06-14 15:09:00-04:00,35.314998626708984,35.32500076293945,35.314998626708984,35.314998626708984,11815,0.0,0.0
2024-06-14 15:10:00-04:00,35.314998626708984,35.314998626708984,35.310001373291016,35.314998626708984,2457,0.0,0.0
2024-06-14 15:11:00-04:00,35.314998626708984,35.32500076293945,35.314998626708984,35.32500076293945,3241,0.0,0.0
2024-06-14 15:12:00-04:00,35.33000183105469,35.33000183105469,35.31999969482422,35.32500076293945,2030,0.0,0.0
2024-06-14 15:13:00-04:00,35.31999969482422,35.32500076293945,35.310001373291016,35.314998626708984,12687,0.0,0.0
2024-06-14 15:14:00-04:00,35.31999969482422,35.32500076293945,35.314998626708984,35.314998626708984,7549,0.0,0.0
2024-06-14 15:15:00-04:00,35.310001373291016,35.314998626708984,35.310001373291016,35.314998626708984,1571,0.0,0.0
2024-06-14 15:16:00-04:00,35.31999969482422,35.33000183105469,35.314998626708984,35.32500076293945,6547,0.0,0.0
2024-06-14 15:17:00-04:00,35.31999969482422,35.31999969482422,35.310001373291016,35.310001373291016,11900,0.0,0.0
2024-06-14 15:18:00-04:00,35.31999969482422,35.32500076293945,35.31999969482422,35.32500076293945,3004,0.0,0.0
2024-06-14 15:19:00-04:00,35.32500076293945,35.334999084472656,35.32500076293945,35.334999084472656,4548,0.0,0.0
2024-06-14 15:20:00-04:00,35.33000183105469,35.33000183105469,35.32500076293945,35.32500076293945,9332,0.0,0.0
2024-06-14 15:21:00-04:00,35.33000183105469,35.34000015258789,35.33000183105469,35.33000183105469,3487,0.0,0.0
2024-06-14 15:22:00-04:00,35.33000183105469,35.34000015258789,35.33000183105469,35.334999084472656,4967,0.0,0.0
2024-06-14 15:23:00-04:00,35.34000015258789,35.36000061035156,35.334999084472656,35.36000061035156,11185,0.0,0.0
2024-06-14 15:24:00-04:00,35.369998931884766,35.39899826049805,35.369998931884766,35.3849983215332,13085,0.0,0.0
2024-06-14 15:25:00-04:00,35.380001068115234,35.3849983215332,35.369998931884766,35.375,6448,0.0,0.0
2024-06-14 15:26:00-04:00,35.375,35.38999938964844,35.369998931884766,35.375,9439,0.0,0.0
2024-06-14 15:27:00-04:00,35.370201110839844,35.375,35.369998931884766,35.375,7964,0.0,0.0
2024-06-14 15:28:00-04:00,35.375,35.3849983215332,35.375,35.375,15680,0.0,0.0
2024-06-14 15:29:00-04:00,35.375,35.375,35.3650016784668,35.36539840698242,10257,0.0,0.0
2024-06-14 15:30:00-04:00,35.36000061035156,35.36000061035156,35.314998626708984,35.31999969482422,22620,0.0,0.0
2024-06-14 15:31:00-04:00,35.32500076293945,35.34000015258789,35.32500076293945,35.33140182495117,11051,0.0,0.0
2024-06-14 15:32:00-04:00,35.332000732421875,35.334999084472656,35.314998626708984,35.32500076293945,7239,0.0,0.0
2024-06-14 15:33:00-04:00,35.32500076293945,35.3650016784668,35.32500076293945,35.3650016784668,13076,0.0,0.0
2024-06-14 15:34:00-04:00,35.3650016784668,35.369998931884766,35.29999923706055,35.334999084472656,55926,0.0,0.0
2024-06-14 15:35:00-04:00,35.334999084472656,35.36000061035156,35.334999084472656,35.36000061035156,10751,0.0,0.0
2024-06-14 15:36:00-04:00,35.3650016784668,35.369998931884766,35.33000183105469,35.345001220703125,30335,0.0,0.0
2024-06-14 15:37:00-04:00,35.345001220703125,35.345001220703125,35.33000183105469,35.345001220703125,6901,0.0,0.0
2024-06-14 15:38:00-04:00,35.349998474121094,35.349998474121094,35.345001220703125,35.349998474121094,2174,0.0,0.0
2024-06-14 15:39:00-04:00,35.345001220703125,35.349998474121094,35.345001220703125,35.349998474121094,5656,0.0,0.0
2024-06-14 15:40:00-04:00,35.345001220703125,35.345001220703125,35.33000183105469,35.34000015258789,14878,0.0,0.0
2024-06-14 15:41:00-04:00,35.34000015258789,35.349998474121094,35.34000015258789,35.345001220703125,3605,0.0,0.0
2024-06-14 15:42:00-04:00,35.3489990234375,35.3489990234375,35.30500030517578,35.314998626708984,37336,0.0,0.0
2024-06-14 15:43:00-04:00,35.31999969482422,35.320098876953125,35.27000045776367,35.29999923706055,51146,0.0,0.0
2024-06-14 15:44:00-04:00,35.290000915527344,35.310001373291016,35.290000915527344,35.30500030517578,6571,0.0,0.0
2024-06-14 15:45:00-04:00,35.30500030517578,35.33000183105469,35.30500030517578,35.314998626708984,16170,0.0,0.0
2024-06-14 15:46:00-04:00,35.314998626708984,35.33000183105469,35.310001373291016,35.32500076293945,8742,0.0,0.0
2024-06-14 15:47:00-04:00,35.32500076293945,35.32500076293945,35.310001373291016,35.314998626708984,23197,0.0,0.0
2024-06-14 15:48:00-04:00,35.314998626708984,35.314998626708984,35.27000045776367,35.28499984741211,32623,0.0,0.0
2024-06-14 15:49:00-04:00,35.28499984741211,35.28499984741211,35.25,35.25,29533,0.0,0.0
2024-06-14 15:50:00-04:00,35.25,35.25,35.189998626708984,35.189998626708984,72044,0.0,0.0
2024-06-14 15:51:00-04:00,35.189998626708984,35.209999084472656,35.185001373291016,35.19499969482422,86116,0.0,0.0
2024-06-14 15:52:00-04:00,35.19499969482422,35.25,35.19499969482422,35.23500061035156,42727,0.0,0.0
2024-06-14 15:53:00-04:00,35.23500061035156,35.2400016784668,35.15999984741211,35.15999984741211,54016,0.0,0.0
2024-06-14 15:54:00-04:00,35.154998779296875,35.19499969482422,35.150001525878906,35.18000030517578,64304,0.0,0.0
2024-06-14 15:55:00-04:00,35.18000030517578,35.209999084472656,35.16999816894531,35.19499969482422,43631,0.0,0.0
2024-06-14 15:56:00-04:00,35.20000076293945,35.21500015258789,35.16999816894531,35.16999816894531,80333,0.0,0.0
2024-06-14 15:57:00-04:00,35.16999816894531,35.18000030517578,35.13999938964844,35.17499923706055,127147,0.0,0.0
2024-06-14 15:58:00-04:00,35.17499923706055,35.18000030517578,35.15999984741211,35.165000915527344,70054,0.0,0.0
2024-06-14 15:59:00-04:00,35.15999984741211,35.22999954223633,35.15999984741211,35.21500015258789,219804,0.0,0.0
