Datetime,Open,High,Low,Close,Volume,Dividends,Stock Splits
2024-06-10 09:30:00-04:00,53.0,53.0,52.974998474121094,52.974998474121094,7586,0.0,0.0
2024-06-10 09:31:00-04:00,52.97999954223633,52.97999954223633,52.55500030517578,52.84000015258789,43459,0.0,0.0
2024-06-10 09:32:00-04:00,52.82500076293945,52.82500076293945,52.13999938964844,52.619998931884766,2230,0.0,0.0
2024-06-10 09:33:00-04:00,52.64500045776367,52.685001373291016,52.64500045776367,52.685001373291016,794,0.0,0.0
2024-06-10 09:34:00-04:00,52.69499969482422,52.849998474121094,52.380001068115234,52.380001068115234,1285,0.0,0.0
2024-06-10 09:35:00-04:00,52.5,52.887298583984375,52.5,52.887298583984375,2794,0.0,0.0
2024-06-10 09:37:00-04:00,52.525001525878906,52.540000915527344,52.52000045776367,52.52000045776367,926,0.0,0.0
2024-06-10 09:38:00-04:00,52.46500015258789,52.72999954223633,52.44499969482422,52.72999954223633,2585,0.0,0.0
2024-06-10 09:39:00-04:00,52.404998779296875,52.48500061035156,52.29999923706055,52.29999923706055,2214,0.0,0.0
2024-06-10 09:40:00-04:00,52.5,52.63999938964844,52.47999954223633,52.599998474121094,3813,0.0,0.0
2024-06-10 09:41:00-04:00,52.599998474121094,52.599998474121094,52.596099853515625,52.599998474121094,688,0.0,0.0
2024-06-10 09:42:00-04:00,52.474998474121094,52.474998474121094,52.470001220703125,52.470001220703125,655,0.0,0.0
2024-06-10 09:43:00-04:00,52.689998626708984,52.689998626708984,52.689998626708984,52.689998626708984,1538,0.0,0.0
2024-06-10 09:44:00-04:00,52.689998626708984,52.75,52.689998626708984,52.75,1300,0.0,0.0
2024-06-10 09:45:00-04:00,52.919898986816406,52.91999816894531,52.40999984741211,52.91999816894531,1983,0.0,0.0
2024-06-10 09:46:00-04:00,52.665000915527344,52.66999816894531,52.665000915527344,52.66999816894531,567,0.0,0.0
2024-06-10 09:47:00-04:00,52.75,53.189998626708984,52.75,53.189998626708984,4418,0.0,0.0
2024-06-10 09:48:00-04:00,53.040000915527344,53.040000915527344,53.040000915527344,53.040000915527344,297,0.0,0.0
2024-06-10 09:49:00-04:00,53.18000030517578,53.18000030517578,53.18000030517578,53.18000030517578,1475,0.0,0.0
2024-06-10 09:50:00-04:00,53.29999923706055,53.29999923706055,53.29999923706055,53.29999923706055,3810,0.0,0.0
2024-06-10 09:51:00-04:00,53.224998474121094,53.36000061035156,53.14500045776367,53.36000061035156,5921,0.0,0.0
2024-06-10 09:52:00-04:00,53.2400016784668,53.244998931884766,53.220001220703125,53.244998931884766,1066,0.0,0.0
2024-06-10 09:53:00-04:00,53.185001373291016,53.185001373291016,53.185001373291016,53.185001373291016,424,0.0,0.0
2024-06-10 09:54:00-04:00,53.185001373291016,53.185001373291016,53.185001373291016,53.185001373291016,729,0.0,0.0
2024-06-10 09:56:00-04:00,53.18600082397461,53.18600082397461,53.18600082397461,53.18600082397461,742,0.0,0.0
2024-06-10 09:57:00-04:00,53.11000061035156,53.220001220703125,53.11000061035156,53.220001220703125,4619,0.0,0.0
2024-06-10 09:58:00-04:00,53.2400016784668,53.2400016784668,53.20000076293945,53.20000076293945,936,0.0,0.0
2024-06-10 09:59:00-04:00,53.15999984741211,53.290000915527344,53.15999984741211,53.18000030517578,1402,0.0,0.0
2024-06-10 10:00:00-04:00,53.279998779296875,53.279998779296875,53.17499923706055,53.17499923706055,701,0.0,0.0
2024-06-10 10:01:00-04:00,53.1349983215332,53.13999938964844,52.9900016784668,52.9900016784668,13603,0.0,0.0
2024-06-10 10:02:00-04:00,52.88999938964844,52.935001373291016,52.68479919433594,52.935001373291016,2955,0.0,0.0
2024-06-10 10:03:00-04:00,52.849998474121094,52.849998474121094,52.83000183105469,52.83000183105469,551,0.0,0.0
2024-06-10 10:04:00-04:00,52.70000076293945,52.70000076293945,52.369998931884766,52.380001068115234,3585,0.0,0.0
2024-06-10 10:05:00-04:00,52.540000915527344,52.88999938964844,52.540000915527344,52.61330032348633,3821,0.0,0.0
2024-06-10 10:08:00-04:00,52.71500015258789,52.880001068115234,52.71500015258789,52.880001068115234,4825,0.0,0.0
2024-06-10 10:09:00-04:00,52.779998779296875,52.78499984741211,52.709999084472656,52.779998779296875,1439,0.0,0.0
2024-06-10 10:10:00-04:00,53.084999084472656,53.084999084472656,53.0099983215332,53.08000183105469,5973,0.0,0.0
2024-06-10 10:11:00-04:00,53.08000183105469,53.09000015258789,53.08000183105469,53.09000015258789,1055,0.0,0.0
2024-06-10 10:13:00-04:00,53.150001525878906,53.150001525878906,53.000099182128906,53.08000183105469,1502,0.0,0.0
2024-06-10 10:14:00-04:00,53.150001525878906,53.310001373291016,53.0,53.0,10346,0.0,0.0
2024-06-10 10:15:00-04:00,53.099998474121094,53.099998474121094,53.0099983215332,53.0099983215332,361,0.0,0.0
2024-06-10 10:16:00-04:00,53.0099983215332,53.0099983215332,52.95000076293945,52.95500183105469,1000,0.0,0.0
2024-06-10 10:17:00-04:00,53.06999969482422,53.06999969482422,53.06999969482422,53.06999969482422,583,0.0,0.0
2024-06-10 10:18:00-04:00,53.15999984741211,53.15999984741211,53.08000183105469,53.08000183105469,326,0.0,0.0
2024-06-10 10:19:00-04:00,52.970001220703125,52.970001220703125,52.970001220703125,52.970001220703125,125,0.0,0.0
2024-06-10 10:20:00-04:00,53.169898986816406,53.20000076293945,53.09000015258789,53.13019943237305,2430,0.0,0.0
2024-06-10 10:21:00-04:00,53.27000045776367,53.27000045776367,53.23500061035156,53.23500061035156,720,0.0,0.0
2024-06-10 10:24:00-04:00,53.2401008605957,53.2401008605957,53.2401008605957,53.2401008605957,291,0.0,0.0
2024-06-10 10:26:00-04:00,53.21839904785156,53.21839904785156,53.21839904785156,53.21839904785156,392,0.0,0.0
2024-06-10 10:27:00-04:00,53.29999923706055,53.33000183105469,53.09000015258789,53.09000015258789,2541,0.0,0.0
2024-06-10 10:29:00-04:00,53.150001525878906,53.150001525878906,53.150001525878906,53.150001525878906,120,0.0,0.0
2024-06-10 10:30:00-04:00,53.189998626708984,53.189998626708984,53.189998626708984,53.189998626708984,268,0.0,0.0
2024-06-10 10:31:00-04:00,53.224998474121094,53.224998474121094,53.224998474121094,53.224998474121094,130,0.0,0.0
2024-06-10 10:32:00-04:00,53.16999816894531,53.31999969482422,53.16999816894531,53.29999923706055,4572,0.0,0.0
2024-06-10 10:33:00-04:00,53.29999923706055,53.29999923706055,53.23500061035156,53.23500061035156,701,0.0,0.0
2024-06-10 10:34:00-04:00,53.27170181274414,53.27170181274414,53.22999954223633,53.22999954223633,753,0.0,0.0
2024-06-10 10:35:00-04:00,53.16999816894531,53.16999816894531,53.16999816894531,53.16999816894531,574,0.0,0.0
2024-06-10 10:37:00-04:00,53.279998779296875,53.279998779296875,53.0,53.0,4285,0.0,0.0
2024-06-10 10:39:00-04:00,53.07500076293945,53.07500076293945,53.07500076293945,53.07500076293945,463,0.0,0.0
2024-06-10 10:40:00-04:00,53.150001525878906,53.18000030517578,53.150001525878906,53.18000030517578,1564,0.0,0.0
2024-06-10 10:41:00-04:00,53.19499969482422,53.29999923706055,53.19499969482422,53.255001068115234,3315,0.0,0.0
2024-06-10 10:45:00-04:00,53.2400016784668,53.31999969482422,53.2400016784668,53.310001373291016,4316,0.0,0.0
2024-06-10 10:46:00-04:00,53.29999923706055,53.29999923706055,53.29999923706055,53.29999923706055,431,0.0,0.0
2024-06-10 10:47:00-04:00,53.244998931884766,53.25,53.244998931884766,53.25,229,0.0,0.0
2024-06-10 10:48:00-04:00,53.25,53.959999084472656,53.220001220703125,53.83599853515625,12894,0.0,0.0
2024-06-10 10:49:00-04:00,53.845001220703125,53.91999816894531,53.84000015258789,53.85499954223633,1127,0.0,0.0
2024-06-10 10:50:00-04:00,53.93000030517578,53.97999954223633,53.845001220703125,53.845001220703125,3039,0.0,0.0
2024-06-10 10:51:00-04:00,53.720001220703125,53.7599983215332,53.65999984741211,53.7599983215332,1571,0.0,0.0
2024-06-10 10:53:00-04:00,53.66999816894531,53.67839813232422,53.63999938964844,53.67839813232422,1087,0.0,0.0
2024-06-10 10:54:00-04:00,53.619998931884766,53.66999816894531,53.599998474121094,53.66999816894531,1145,0.0,0.0
2024-06-10 10:55:00-04:00,53.63999938964844,53.63999938964844,53.63999938964844,53.63999938964844,200,0.0,0.0
2024-06-10 10:56:00-04:00,53.63999938964844,53.76499938964844,53.6349983215332,53.76499938964844,3223,0.0,0.0
2024-06-10 10:57:00-04:00,53.7599983215332,53.7599983215332,53.7599983215332,53.7599983215332,202,0.0,0.0
2024-06-10 10:58:00-04:00,53.77000045776367,53.79999923706055,53.755001068115234,53.755001068115234,1344,0.0,0.0
2024-06-10 10:59:00-04:00,53.72999954223633,53.72999954223633,53.66999816894531,53.72999954223633,540,0.0,0.0
2024-06-10 11:01:00-04:00,53.65999984741211,53.65999984741211,53.630001068115234,53.630001068115234,1151,0.0,0.0
2024-06-10 11:02:00-04:00,53.54499816894531,53.54499816894531,53.4900016784668,53.4900016784668,1160,0.0,0.0
2024-06-10 11:03:00-04:00,53.48500061035156,53.48500061035156,53.369998931884766,53.41999816894531,1456,0.0,0.0
2024-06-10 11:04:00-04:00,53.290000915527344,53.290000915527344,53.290000915527344,53.290000915527344,420,0.0,0.0
2024-06-10 11:05:00-04:00,53.369998931884766,53.369998931884766,53.290000915527344,53.35499954223633,527,0.0,0.0
2024-06-10 11:06:00-04:00,53.32899856567383,53.32899856567383,53.27000045776367,53.310001373291016,533,0.0,0.0
2024-06-10 11:07:00-04:00,53.27000045776367,53.47999954223633,53.27000045776367,53.47999954223633,4162,0.0,0.0
2024-06-10 11:08:00-04:00,53.54999923706055,53.54999923706055,53.54999923706055,53.54999923706055,262,0.0,0.0
2024-06-10 11:09:00-04:00,53.5099983215332,53.564998626708984,53.5099983215332,53.560001373291016,1949,0.0,0.0
2024-06-10 11:10:00-04:00,53.55500030517578,53.55500030517578,53.38999938964844,53.45000076293945,4660,0.0,0.0
2024-06-10 11:11:00-04:00,53.31999969482422,53.31999969482422,53.2400016784668,53.2400016784668,996,0.0,0.0
2024-06-10 11:12:00-04:00,53.279998779296875,53.279998779296875,53.279998779296875,53.279998779296875,502,0.0,0.0
2024-06-10 11:13:00-04:00,53.20000076293945,53.20000076293945,53.20000076293945,53.20000076293945,327,0.0,0.0
2024-06-10 11:14:00-04:00,53.20000076293945,53.25,53.165000915527344,53.165000915527344,1046,0.0,0.0
2024-06-10 11:15:00-04:00,53.25,53.25,53.25,53.25,579,0.0,0.0
2024-06-10 11:17:00-04:00,53.060001373291016,53.08000183105469,53.060001373291016,53.08000183105469,1100,0.0,0.0
2024-06-10 11:18:00-04:00,53.119998931884766,53.13999938964844,53.11000061035156,53.13999938964844,2605,0.0,0.0
2024-06-10 11:19:00-04:00,53.060001373291016,53.060001373291016,53.060001373291016,53.060001373291016,168,0.0,0.0
2024-06-10 11:20:00-04:00,53.099998474121094,53.099998474121094,53.099998474121094,53.099998474121094,232,0.0,0.0
2024-06-10 11:23:00-04:00,53.0099983215332,53.0099983215332,52.85350036621094,52.85350036621094,2990,0.0,0.0
2024-06-10 11:24:00-04:00,52.95500183105469,52.974998474121094,52.95500183105469,52.974998474121094,951,0.0,0.0
2024-06-10 11:25:00-04:00,52.954200744628906,53.209999084472656,52.954200744628906,53.020999908447266,4441,0.0,0.0
2024-06-10 11:26:00-04:00,53.2400016784668,53.27000045776367,53.20000076293945,53.244998931884766,1833,0.0,0.0
2024-06-10 11:27:00-04:00,53.25,53.25,53.25,53.25,1501,0.0,0.0
2024-06-10 11:29:00-04:00,53.11000061035156,53.11000061035156,53.03860092163086,53.099998474121094,4481,0.0,0.0
2024-06-10 11:30:00-04:00,53.0,53.00749969482422,52.79999923706055,52.875,27441,0.0,0.0
2024-06-10 11:31:00-04:00,52.869998931884766,52.8849983215332,52.814998626708984,52.8849983215332,2489,0.0,0.0
2024-06-10 11:33:00-04:00,52.779998779296875,52.790000915527344,52.7400016784668,52.790000915527344,1094,0.0,0.0
2024-06-10 11:34:00-04:00,52.70000076293945,52.70000076293945,52.70000076293945,52.70000076293945,310,0.0,0.0
2024-06-10 11:35:00-04:00,52.775001525878906,52.875,52.775001525878906,52.875,2402,0.0,0.0
2024-06-10 11:36:00-04:00,52.82749938964844,52.82749938964844,52.82749938964844,52.82749938964844,101,0.0,0.0
2024-06-10 11:37:00-04:00,52.779998779296875,52.779998779296875,52.779998779296875,52.779998779296875,824,0.0,0.0
2024-06-10 11:40:00-04:00,52.75,52.75,52.72999954223633,52.72999954223633,495,0.0,0.0
2024-06-10 11:41:00-04:00,52.79499816894531,52.79499816894531,52.79499816894531,52.79499816894531,371,0.0,0.0
2024-06-10 11:42:00-04:00,52.709999084472656,52.709999084472656,52.689998626708984,52.689998626708984,445,0.0,0.0
2024-06-10 11:43:00-04:00,52.65999984741211,52.65999984741211,52.529998779296875,52.529998779296875,926,0.0,0.0
2024-06-10 11:44:00-04:00,52.52000045776367,52.60749816894531,52.52000045776367,52.54999923706055,2470,0.0,0.0
2024-06-10 11:45:00-04:00,52.59000015258789,52.59000015258789,52.53010177612305,52.53010177612305,696,0.0,0.0
2024-06-10 11:46:00-04:00,52.560001373291016,52.75,52.560001373291016,52.72999954223633,4501,0.0,0.0
2024-06-10 11:47:00-04:00,52.560001373291016,52.560001373291016,52.560001373291016,52.560001373291016,2481,0.0,0.0
2024-06-10 11:48:00-04:00,52.5,52.54499816894531,52.5,52.54499816894531,428,0.0,0.0
2024-06-10 11:49:00-04:00,52.53499984741211,52.53499984741211,52.53499984741211,52.53499984741211,262,0.0,0.0
2024-06-10 11:51:00-04:00,52.599998474121094,52.599998474121094,52.5,52.59000015258789,4430,0.0,0.0
2024-06-10 11:52:00-04:00,52.595001220703125,52.595001220703125,52.595001220703125,52.595001220703125,622,0.0,0.0
2024-06-10 11:53:00-04:00,52.59000015258789,52.59000015258789,52.59000015258789,52.59000015258789,124,0.0,0.0
2024-06-10 11:54:00-04:00,52.529998779296875,52.595001220703125,52.529998779296875,52.595001220703125,874,0.0,0.0
2024-06-10 11:55:00-04:00,52.66999816894531,52.75,52.63999938964844,52.66999816894531,3301,0.0,0.0
2024-06-10 11:56:00-04:00,52.75,52.755001068115234,52.720001220703125,52.755001068115234,1901,0.0,0.0
2024-06-10 11:57:00-04:00,52.790000915527344,52.84000015258789,52.790000915527344,52.84000015258789,781,0.0,0.0
2024-06-10 11:59:00-04:00,52.81999969482422,52.81999969482422,52.66999816894531,52.66999816894531,528,0.0,0.0
2024-06-10 12:00:00-04:00,52.810001373291016,52.869998931884766,52.810001373291016,52.869998931884766,680,0.0,0.0
2024-06-10 12:01:00-04:00,52.75,52.78860092163086,52.7400016784668,52.7400016784668,472,0.0,0.0
2024-06-10 12:02:00-04:00,52.75,53.0,52.75,53.0,13186,0.0,0.0
2024-06-10 12:03:00-04:00,53.130001068115234,53.28499984741211,53.029998779296875,53.189998626708984,5596,0.0,0.0
2024-06-10 12:05:00-04:00,52.93000030517578,52.970001220703125,52.91999816894531,52.970001220703125,1053,0.0,0.0
2024-06-10 12:06:00-04:00,53.02000045776367,53.029998779296875,53.02000045776367,53.029998779296875,371,0.0,0.0
2024-06-10 12:07:00-04:00,52.939998626708984,53.0,52.939998626708984,53.0,827,0.0,0.0
2024-06-10 12:08:00-04:00,53.0,53.0,53.0,53.0,1474,0.0,0.0
2024-06-10 12:09:00-04:00,53.06999969482422,53.06999969482422,53.06999969482422,53.06999969482422,381,0.0,0.0
2024-06-10 12:10:00-04:00,53.08000183105469,53.08000183105469,53.08000183105469,53.08000183105469,394,0.0,0.0
2024-06-10 12:12:00-04:00,52.96500015258789,52.96500015258789,52.93000030517578,52.93000030517578,1026,0.0,0.0
2024-06-10 12:14:00-04:00,52.915000915527344,53.02000045776367,52.75,52.869998931884766,15923,0.0,0.0
2024-06-10 12:15:00-04:00,52.900001525878906,52.939998626708984,52.80500030517578,52.93000030517578,2991,0.0,0.0
2024-06-10 12:16:00-04:00,52.845001220703125,52.845001220703125,52.790000915527344,52.834999084472656,2038,0.0,0.0
2024-06-10 12:17:00-04:00,52.880001068115234,53.01499938964844,52.83000183105469,52.95000076293945,8706,0.0,0.0
2024-06-10 12:18:00-04:00,53.060001373291016,53.08000183105469,53.060001373291016,53.08000183105469,1445,0.0,0.0
2024-06-10 12:19:00-04:00,53.119998931884766,53.119998931884766,53.09000015258789,53.09000015258789,629,0.0,0.0
2024-06-10 12:22:00-04:00,53.084999084472656,53.084999084472656,53.0703010559082,53.0703010559082,420,0.0,0.0
2024-06-10 12:23:00-04:00,53.029998779296875,53.029998779296875,52.900001525878906,52.900001525878906,2710,0.0,0.0
2024-06-10 12:24:00-04:00,52.75,52.75,52.75,52.75,1312,0.0,0.0
2024-06-10 12:29:00-04:00,52.70500183105469,52.70500183105469,52.70500183105469,52.70500183105469,201,0.0,0.0
2024-06-10 12:30:00-04:00,52.66999816894531,52.66999816894531,52.66999816894531,52.66999816894531,431,0.0,0.0
2024-06-10 12:31:00-04:00,52.650001525878906,52.66999816894531,52.59000015258789,52.66999816894531,1290,0.0,0.0
2024-06-10 12:34:00-04:00,52.665000915527344,52.665000915527344,52.61000061035156,52.61000061035156,1187,0.0,0.0
2024-06-10 12:35:00-04:00,52.709999084472656,52.880001068115234,52.630001068115234,52.880001068115234,8554,0.0,0.0
2024-06-10 12:36:00-04:00,52.880001068115234,52.880001068115234,52.880001068115234,52.880001068115234,354,0.0,0.0
2024-06-10 12:37:00-04:00,52.87860107421875,52.900001525878906,52.86000061035156,52.900001525878906,1171,0.0,0.0
2024-06-10 12:38:00-04:00,52.903499603271484,52.903499603271484,52.903499603271484,52.903499603271484,349,0.0,0.0
2024-06-10 12:41:00-04:00,52.91999816894531,52.91999816894531,52.790000915527344,52.790000915527344,1446,0.0,0.0
2024-06-10 12:42:00-04:00,52.75,52.810001373291016,52.75,52.810001373291016,2369,0.0,0.0
2024-06-10 12:43:00-04:00,52.775001525878906,52.939998626708984,52.775001525878906,52.939998626708984,12459,0.0,0.0
2024-06-10 12:44:00-04:00,52.91999816894531,52.91999816894531,52.86750030517578,52.904998779296875,7274,0.0,0.0
2024-06-10 12:45:00-04:00,52.8400993347168,52.9900016784668,52.8400993347168,52.90999984741211,2667,0.0,0.0
2024-06-10 12:46:00-04:00,52.904998779296875,52.904998779296875,52.8406982421875,52.8406982421875,1684,0.0,0.0
2024-06-10 12:47:00-04:00,52.85850143432617,52.85850143432617,52.85850143432617,52.85850143432617,596,0.0,0.0
2024-06-10 12:50:00-04:00,52.76750183105469,53.0099983215332,52.75,52.91999816894531,28555,0.0,0.0
2024-06-10 12:51:00-04:00,52.9900016784668,53.0,52.970001220703125,53.0,1561,0.0,0.0
2024-06-10 12:52:00-04:00,53.0,53.040000915527344,52.86069869995117,53.040000915527344,3328,0.0,0.0
2024-06-10 12:54:00-04:00,53.096099853515625,53.096099853515625,53.03499984741211,53.03499984741211,628,0.0,0.0
2024-06-10 12:56:00-04:00,53.0,53.0,53.0,53.0,111,0.0,0.0
2024-06-10 12:57:00-04:00,52.95000076293945,53.0,52.95000076293945,53.0,515,0.0,0.0
2024-06-10 12:58:00-04:00,52.95000076293945,53.0,52.95000076293945,53.0,617,0.0,0.0
2024-06-10 12:59:00-04:00,53.08000183105469,53.20000076293945,53.08000183105469,53.119998931884766,2587,0.0,0.0
2024-06-10 13:00:00-04:00,53.09000015258789,53.09000015258789,53.09000015258789,53.09000015258789,137,0.0,0.0
2024-06-10 13:01:00-04:00,53.029998779296875,53.029998779296875,53.029998779296875,53.029998779296875,466,0.0,0.0
2024-06-10 13:02:00-04:00,53.04999923706055,53.04999923706055,53.04999923706055,53.04999923706055,297,0.0,0.0
2024-06-10 13:03:00-04:00,53.09000015258789,53.10499954223633,53.09000015258789,53.10499954223633,1043,0.0,0.0
2024-06-10 13:06:00-04:00,53.0463981628418,53.0463981628418,53.029998779296875,53.029998779296875,1333,0.0,0.0
2024-06-10 13:08:00-04:00,53.0,53.0,53.0,53.0,608,0.0,0.0
2024-06-10 13:10:00-04:00,52.959999084472656,53.0,52.959999084472656,53.0,513,0.0,0.0
2024-06-10 13:12:00-04:00,53.0,53.09000015258789,53.0,53.08000183105469,1622,0.0,0.0
2024-06-10 13:13:00-04:00,53.099998474121094,53.11000061035156,53.04899978637695,53.05730056762695,2036,0.0,0.0
2024-06-10 13:14:00-04:00,53.060001373291016,53.06999969482422,53.0099983215332,53.06999969482422,781,0.0,0.0
2024-06-10 13:15:00-04:00,53.130001068115234,53.18000030517578,53.1150016784668,53.119998931884766,3685,0.0,0.0
2024-06-10 13:16:00-04:00,53.060001373291016,53.08000183105469,53.0,53.0,2792,0.0,0.0
2024-06-10 13:17:00-04:00,52.97999954223633,53.0,52.97999954223633,53.0,1051,0.0,0.0
2024-06-10 13:19:00-04:00,53.0099983215332,53.0099983215332,52.91999816894531,52.994998931884766,3903,0.0,0.0
2024-06-10 13:20:00-04:00,52.91999816894531,52.95000076293945,52.70000076293945,52.720001220703125,3895,0.0,0.0
2024-06-10 13:21:00-04:00,52.650001525878906,52.698699951171875,52.650001525878906,52.698699951171875,422,0.0,0.0
2024-06-10 13:22:00-04:00,52.619998931884766,52.619998931884766,52.619998931884766,52.619998931884766,605,0.0,0.0
2024-06-10 13:24:00-04:00,52.619998931884766,52.915000915527344,52.619998931884766,52.79999923706055,30825,0.0,0.0
2024-06-10 13:25:00-04:00,52.814998626708984,52.814998626708984,52.80500030517578,52.80500030517578,1932,0.0,0.0
2024-06-10 13:28:00-04:00,52.720001220703125,52.720001220703125,52.720001220703125,52.720001220703125,1472,0.0,0.0
2024-06-10 13:29:00-04:00,52.630001068115234,52.65999984741211,52.54999923706055,52.6150016784668,3494,0.0,0.0
2024-06-10 13:30:00-04:00,52.599998474121094,52.599998474121094,52.599998474121094,52.599998474121094,572,0.0,0.0
2024-06-10 13:31:00-04:00,52.53499984741211,52.599998474121094,52.47999954223633,52.5,6770,0.0,0.0
2024-06-10 13:32:00-04:00,52.5,52.56999969482422,52.5,52.505001068115234,1582,0.0,0.0
2024-06-10 13:33:00-04:00,52.5,52.5,52.5,52.5,299,0.0,0.0
2024-06-10 13:35:00-04:00,52.5099983215332,52.650001525878906,52.5099983215332,52.564998626708984,12318,0.0,0.0
2024-06-10 13:36:00-04:00,52.650001525878906,52.650001525878906,52.564998626708984,52.595001220703125,898,0.0,0.0
2024-06-10 13:39:00-04:00,52.65999984741211,52.70000076293945,52.64500045776367,52.64500045776367,2795,0.0,0.0
2024-06-10 13:40:00-04:00,52.63999938964844,52.63999938964844,52.63999938964844,52.63999938964844,139,0.0,0.0
2024-06-10 13:42:00-04:00,52.63999938964844,52.63999938964844,52.63999938964844,52.63999938964844,352,0.0,0.0
2024-06-10 13:44:00-04:00,52.689998626708984,52.70000076293945,52.630001068115234,52.630001068115234,2043,0.0,0.0
2024-06-10 13:45:00-04:00,52.689998626708984,52.77000045776367,52.56999969482422,52.724998474121094,3422,0.0,0.0
2024-06-10 13:46:00-04:00,52.724998474121094,52.724998474121094,52.724998474121094,52.724998474121094,100,0.0,0.0
2024-06-10 13:47:00-04:00,52.724998474121094,52.724998474121094,52.68000030517578,52.68000030517578,602,0.0,0.0
2024-06-10 13:48:00-04:00,52.685001373291016,52.685001373291016,52.68000030517578,52.68000030517578,424,0.0,0.0
2024-06-10 13:49:00-04:00,52.689998626708984,52.689998626708984,52.689998626708984,52.689998626708984,364,0.0,0.0
2024-06-10 13:52:00-04:00,52.65800094604492,52.70000076293945,52.65800094604492,52.689998626708984,4024,0.0,0.0
2024-06-10 13:53:00-04:00,52.630001068115234,52.75,52.630001068115234,52.685001373291016,2306,0.0,0.0
2024-06-10 13:55:00-04:00,52.650001525878906,52.685001373291016,52.650001525878906,52.66999816894531,531,0.0,0.0
2024-06-10 13:56:00-04:00,52.66999816894531,52.68579864501953,52.66999816894531,52.66999816894531,1396,0.0,0.0
2024-06-10 13:57:00-04:00,52.68000030517578,52.720001220703125,52.68000030517578,52.720001220703125,618,0.0,0.0
2024-06-10 13:58:00-04:00,52.63999938964844,52.689998626708984,52.540000915527344,52.564998626708984,6338,0.0,0.0
2024-06-10 13:59:00-04:00,52.58000183105469,52.58000183105469,52.5,52.5,3873,0.0,0.0
2024-06-10 14:00:00-04:00,52.52000045776367,52.52000045776367,52.494998931884766,52.5,2277,0.0,0.0
2024-06-10 14:02:00-04:00,52.5,52.5,52.5,52.5,258,0.0,0.0
2024-06-10 14:03:00-04:00,52.497501373291016,52.58000183105469,52.497501373291016,52.54499816894531,4402,0.0,0.0
2024-06-10 14:05:00-04:00,52.529998779296875,52.529998779296875,52.48500061035156,52.494998931884766,5500,0.0,0.0
2024-06-10 14:06:00-04:00,52.5099983215332,52.560001373291016,52.474998474121094,52.54499816894531,4974,0.0,0.0
2024-06-10 14:07:00-04:00,52.494998931884766,52.54999923706055,52.47999954223633,52.47999954223633,3869,0.0,0.0
2024-06-10 14:10:00-04:00,52.47999954223633,52.52000045776367,52.2400016784668,52.287498474121094,11714,0.0,0.0
2024-06-10 14:11:00-04:00,52.275001525878906,52.369998931884766,52.275001525878906,52.34000015258789,4261,0.0,0.0
2024-06-10 14:12:00-04:00,52.400001525878906,52.400001525878906,52.400001525878906,52.400001525878906,306,0.0,0.0
2024-06-10 14:13:00-04:00,52.3650016784668,52.400001525878906,52.3650016784668,52.39500045776367,2418,0.0,0.0
2024-06-10 14:14:00-04:00,52.400001525878906,52.400001525878906,52.400001525878906,52.400001525878906,1864,0.0,0.0
2024-06-10 14:15:00-04:00,52.38999938964844,52.38999938964844,52.3849983215332,52.3849983215332,649,0.0,0.0
2024-06-10 14:18:00-04:00,52.380001068115234,52.404998779296875,52.380001068115234,52.404998779296875,2304,0.0,0.0
2024-06-10 14:19:00-04:00,52.404998779296875,52.404998779296875,52.404998779296875,52.404998779296875,322,0.0,0.0
2024-06-10 14:20:00-04:00,52.400001525878906,52.400001525878906,52.400001525878906,52.400001525878906,267,0.0,0.0
2024-06-10 14:21:00-04:00,52.40399932861328,52.40399932861328,52.38999938964844,52.38999938964844,530,0.0,0.0
2024-06-10 14:22:00-04:00,52.400001525878906,52.439998626708984,52.400001525878906,52.439998626708984,1025,0.0,0.0
2024-06-10 14:23:00-04:00,52.435001373291016,52.435001373291016,52.435001373291016,52.435001373291016,450,0.0,0.0
2024-06-10 14:24:00-04:00,52.435001373291016,52.52000045776367,52.435001373291016,52.48500061035156,1780,0.0,0.0
2024-06-10 14:25:00-04:00,52.48500061035156,52.4900016784668,52.48500061035156,52.4900016784668,122,0.0,0.0
2024-06-10 14:26:00-04:00,52.48500061035156,52.4900016784668,52.48500061035156,52.4900016784668,711,0.0,0.0
2024-06-10 14:27:00-04:00,52.4900016784668,52.4900016784668,52.439998626708984,52.47999954223633,1085,0.0,0.0
2024-06-10 14:28:00-04:00,52.48500061035156,52.48500061035156,52.48500061035156,52.48500061035156,518,0.0,0.0
2024-06-10 14:30:00-04:00,52.48500061035156,52.48500061035156,52.400001525878906,52.40999984741211,10498,0.0,0.0
2024-06-10 14:31:00-04:00,52.40999984741211,52.40999984741211,52.3849983215332,52.404998779296875,3851,0.0,0.0
2024-06-10 14:32:00-04:00,52.40999984741211,52.40999984741211,52.40999984741211,52.40999984741211,200,0.0,0.0
2024-06-10 14:33:00-04:00,52.470001220703125,52.47999954223633,52.46500015258789,52.46500015258789,1579,0.0,0.0
2024-06-10 14:34:00-04:00,52.52000045776367,52.70500183105469,52.52000045776367,52.70500183105469,2397,0.0,0.0
2024-06-10 14:35:00-04:00,52.529998779296875,52.564701080322266,52.529998779296875,52.564701080322266,1802,0.0,0.0
2024-06-10 14:36:00-04:00,52.564998626708984,52.564998626708984,52.564998626708984,52.564998626708984,153,0.0,0.0
2024-06-10 14:37:00-04:00,52.599998474121094,52.630001068115234,52.599998474121094,52.61000061035156,1687,0.0,0.0
2024-06-10 14:39:00-04:00,52.650001525878906,52.650001525878906,52.58000183105469,52.58000183105469,550,0.0,0.0
2024-06-10 14:40:00-04:00,52.61000061035156,52.61000061035156,52.529998779296875,52.529998779296875,689,0.0,0.0
2024-06-10 14:41:00-04:00,52.599998474121094,52.72999954223633,52.58300018310547,52.65999984741211,5511,0.0,0.0
2024-06-10 14:42:00-04:00,52.625,52.625,52.625,52.625,1185,0.0,0.0
2024-06-10 14:43:00-04:00,52.60770034790039,52.60770034790039,52.5629997253418,52.5629997253418,1075,0.0,0.0
2024-06-10 14:45:00-04:00,52.59000015258789,52.630001068115234,52.59000015258789,52.595001220703125,579,0.0,0.0
2024-06-10 14:46:00-04:00,52.58000183105469,52.75,52.56999969482422,52.72999954223633,3655,0.0,0.0
2024-06-10 14:48:00-04:00,52.75,52.790000915527344,52.72999954223633,52.790000915527344,2287,0.0,0.0
2024-06-10 14:51:00-04:00,52.75,52.75,52.5099983215332,52.689998626708984,17501,0.0,0.0
2024-06-10 14:52:00-04:00,52.720001220703125,52.75,52.709999084472656,52.709999084472656,430,0.0,0.0
2024-06-10 14:53:00-04:00,52.70000076293945,52.75,52.70000076293945,52.75,670,0.0,0.0
2024-06-10 14:54:00-04:00,52.77000045776367,52.779998779296875,52.744998931884766,52.747501373291016,1763,0.0,0.0
2024-06-10 14:55:00-04:00,52.75,52.75,52.75,52.75,157,0.0,0.0
2024-06-10 14:56:00-04:00,52.75,52.75,52.75,52.75,429,0.0,0.0
2024-06-10 14:57:00-04:00,52.724998474121094,52.724998474121094,52.724998474121094,52.724998474121094,105,0.0,0.0
2024-06-10 14:58:00-04:00,52.75,52.755001068115234,52.75,52.75,655,0.0,0.0
2024-06-10 15:01:00-04:00,52.810001373291016,52.880001068115234,52.779998779296875,52.880001068115234,3315,0.0,0.0
2024-06-10 15:03:00-04:00,52.78010177612305,52.78010177612305,52.78010177612305,52.78010177612305,126,0.0,0.0
2024-06-10 15:04:00-04:00,52.83000183105469,52.83000183105469,52.83000183105469,52.83000183105469,689,0.0,0.0
2024-06-10 15:06:00-04:00,52.880001068115234,52.95000076293945,52.86000061035156,52.86000061035156,3299,0.0,0.0
2024-06-10 15:07:00-04:00,52.869998931884766,52.869998931884766,52.869998931884766,52.869998931884766,503,0.0,0.0
2024-06-10 15:10:00-04:00,52.83000183105469,52.83000183105469,52.77000045776367,52.77000045776367,678,0.0,0.0
2024-06-10 15:12:00-04:00,52.81999969482422,52.81999969482422,52.790000915527344,52.790000915527344,286,0.0,0.0
2024-06-10 15:13:00-04:00,52.859901428222656,52.859901428222656,52.779998779296875,52.779998779296875,874,0.0,0.0
2024-06-10 15:14:00-04:00,52.86000061035156,52.939998626708984,52.86000061035156,52.939998626708984,2883,0.0,0.0
2024-06-10 15:15:00-04:00,52.86000061035156,52.86000061035156,52.86000061035156,52.86000061035156,278,0.0,0.0
2024-06-10 15:16:00-04:00,52.84000015258789,52.84000015258789,52.84000015258789,52.84000015258789,676,0.0,0.0
2024-06-10 15:17:00-04:00,52.83000183105469,52.83000183105469,52.83000183105469,52.83000183105469,408,0.0,0.0
2024-06-10 15:19:00-04:00,52.86000061035156,52.900001525878906,52.86000061035156,52.869998931884766,1867,0.0,0.0
2024-06-10 15:20:00-04:00,52.88999938964844,52.91999816894531,52.88999938964844,52.91999816894531,1310,0.0,0.0
2024-06-10 15:21:00-04:00,52.939998626708984,52.97999954223633,52.93000030517578,52.97999954223633,2611,0.0,0.0
2024-06-10 15:22:00-04:00,52.939998626708984,52.974998474121094,52.939998626708984,52.974998474121094,811,0.0,0.0
2024-06-10 15:24:00-04:00,52.99250030517578,52.99250030517578,52.98500061035156,52.98500061035156,987,0.0,0.0
2024-06-10 15:26:00-04:00,52.95000076293945,52.95000076293945,52.900001525878906,52.900001525878906,2235,0.0,0.0
2024-06-10 15:27:00-04:00,52.900001525878906,52.900001525878906,52.83000183105469,52.83000183105469,2317,0.0,0.0
2024-06-10 15:28:00-04:00,52.869998931884766,52.869998931884766,52.869998931884766,52.869998931884766,341,0.0,0.0
2024-06-10 15:29:00-04:00,52.88999938964844,52.95000076293945,52.79999923706055,52.89500045776367,11370,0.0,0.0
2024-06-10 15:30:00-04:00,52.849998474121094,52.849998474121094,52.849998474121094,52.849998474121094,356,0.0,0.0
2024-06-10 15:31:00-04:00,52.89500045776367,52.959999084472656,52.849998474121094,52.869998931884766,15208,0.0,0.0
2024-06-10 15:32:00-04:00,52.869998931884766,53.005001068115234,52.7400016784668,52.97999954223633,18344,0.0,0.0
2024-06-10 15:33:00-04:00,52.97999954223633,52.9900016784668,52.95000076293945,52.95000076293945,5295,0.0,0.0
2024-06-10 15:34:00-04:00,52.9900016784668,53.029998779296875,52.98500061035156,53.0,18598,0.0,0.0
2024-06-10 15:35:00-04:00,53.005001068115234,53.07500076293945,52.97999954223633,53.02000045776367,15590,0.0,0.0
2024-06-10 15:36:00-04:00,53.04999923706055,53.04999923706055,53.000999450683594,53.000999450683594,2382,0.0,0.0
2024-06-10 15:37:00-04:00,53.04999923706055,53.04999923706055,53.0,53.0,1120,0.0,0.0
2024-06-10 15:38:00-04:00,52.970001220703125,53.029998779296875,52.86000061035156,52.86000061035156,3271,0.0,0.0
2024-06-10 15:39:00-04:00,52.92499923706055,52.97999954223633,52.744998931884766,52.814998626708984,45090,0.0,0.0
2024-06-10 15:40:00-04:00,52.880001068115234,52.92499923706055,52.880001068115234,52.90999984741211,2717,0.0,0.0
2024-06-10 15:41:00-04:00,52.95000076293945,52.95000076293945,52.91999816894531,52.92499923706055,2193,0.0,0.0
2024-06-10 15:42:00-04:00,52.92499923706055,52.96500015258789,52.91999816894531,52.92499923706055,35166,0.0,0.0
2024-06-10 15:43:00-04:00,52.92499923706055,52.959999084472656,52.91999816894531,52.95500183105469,4113,0.0,0.0
2024-06-10 15:44:00-04:00,52.93000030517578,52.959999084472656,52.869998931884766,52.95000076293945,4556,0.0,0.0
2024-06-10 15:45:00-04:00,52.95000076293945,53.0099983215332,52.91999816894531,53.0,9185,0.0,0.0
2024-06-10 15:46:00-04:00,52.994998931884766,53.029998779296875,52.915000915527344,52.91999816894531,7278,0.0,0.0
2024-06-10 15:47:00-04:00,52.970001220703125,53.040000915527344,52.90999984741211,53.0,10594,0.0,0.0
2024-06-10 15:48:00-04:00,53.0,53.005001068115234,53.0,53.005001068115234,855,0.0,0.0
2024-06-10 15:49:00-04:00,52.959999084472656,52.970001220703125,52.90599822998047,52.90599822998047,6508,0.0,0.0
2024-06-10 15:50:00-04:00,52.90999984741211,52.959999084472656,52.900001525878906,52.93000030517578,8096,0.0,0.0
2024-06-10 15:51:00-04:00,52.939998626708984,52.94499969482422,52.720001220703125,52.720001220703125,8510,0.0,0.0
2024-06-10 15:52:00-04:00,52.76499938964844,52.77000045776367,52.540000915527344,52.75,19818,0.0,0.0
2024-06-10 15:53:00-04:00,52.790000915527344,52.810001373291016,52.52000045776367,52.52000045776367,16626,0.0,0.0
2024-06-10 15:54:00-04:00,52.560001373291016,52.709999084472656,52.439998626708984,52.709999084472656,46887,0.0,0.0
2024-06-10 15:55:00-04:00,52.630001068115234,52.935001373291016,52.540000915527344,52.810001373291016,16700,0.0,0.0
2024-06-10 15:56:00-04:00,52.79999923706055,52.84000015258789,52.689998626708984,52.689998626708984,12461,0.0,0.0
2024-06-10 15:57:00-04:00,52.70000076293945,52.70500183105469,52.619998931884766,52.65999984741211,29200,0.0,0.0
2024-06-10 15:58:00-04:00,52.65999984741211,52.689998626708984,52.630001068115234,52.654998779296875,26516,0.0,0.0
2024-06-10 15:59:00-04:00,52.62099838256836,53.029998779296875,52.62099838256836,52.90999984741211,51527,0.0,0.0
2024-06-11 09:30:00-04:00,52.5099983215332,52.880001068115234,52.5,52.5,10242,0.0,0.0
2024-06-11 09:31:00-04:00,52.60499954223633,52.60499954223633,52.09000015258789,52.09000015258789,4017,0.0,0.0
2024-06-11 09:32:00-04:00,52.5,52.89979934692383,52.08000183105469,52.119998931884766,1846,0.0,0.0
2024-06-11 09:33:00-04:00,52.13050079345703,52.13050079345703,52.13050079345703,52.13050079345703,261,0.0,0.0
2024-06-11 09:34:00-04:00,52.08000183105469,52.2400016784668,52.04999923706055,52.119998931884766,3285,0.0,0.0
2024-06-11 09:35:00-04:00,52.119998931884766,52.45000076293945,52.119998931884766,52.22819900512695,9401,0.0,0.0
2024-06-11 09:36:00-04:00,52.630001068115234,52.779998779296875,52.439998626708984,52.525001525878906,3211,0.0,0.0
2024-06-11 09:37:00-04:00,52.525001525878906,52.525001525878906,52.474998474121094,52.474998474121094,2835,0.0,0.0
2024-06-11 09:38:00-04:00,52.45500183105469,52.61000061035156,52.20000076293945,52.439998626708984,19539,0.0,0.0
2024-06-11 09:39:00-04:00,52.44499969482422,52.45500183105469,52.34000015258789,52.439998626708984,12626,0.0,0.0
2024-06-11 09:40:00-04:00,52.41999816894531,52.47999954223633,52.189998626708984,52.33000183105469,10671,0.0,0.0
2024-06-11 09:41:00-04:00,52.32500076293945,52.43000030517578,52.0,52.185001373291016,35150,0.0,0.0
2024-06-11 09:42:00-04:00,52.209999084472656,52.52000045776367,52.16999816894531,52.494998931884766,8131,0.0,0.0
2024-06-11 09:43:00-04:00,52.869998931884766,52.880001068115234,52.77000045776367,52.775001525878906,3067,0.0,0.0
2024-06-11 09:44:00-04:00,52.775001525878906,52.779998779296875,52.540000915527344,52.599998474121094,20203,0.0,0.0
2024-06-11 09:45:00-04:00,52.630001068115234,52.650001525878906,52.54999923706055,52.650001525878906,821,0.0,0.0
2024-06-11 09:47:00-04:00,52.64500045776367,52.64500045776367,52.6349983215332,52.6349983215332,2360,0.0,0.0
2024-06-11 09:49:00-04:00,52.41999816894531,52.63999938964844,52.41999816894531,52.63999938964844,7883,0.0,0.0
2024-06-11 09:50:00-04:00,53.04499816894531,53.41999816894531,53.04499816894531,53.30500030517578,13506,0.0,0.0
2024-06-11 09:51:00-04:00,53.20000076293945,53.91999816894531,53.20000076293945,53.4900016784668,7918,0.0,0.0
2024-06-11 09:52:00-04:00,53.66999816894531,53.93000030517578,53.458499908447266,53.845001220703125,6023,0.0,0.0
2024-06-11 09:53:00-04:00,53.96070098876953,53.96070098876953,53.630001068115234,53.849998474121094,4587,0.0,0.0
2024-06-11 09:54:00-04:00,53.752201080322266,54.06999969482422,53.75,53.91999816894531,7048,0.0,0.0
2024-06-11 09:55:00-04:00,53.92499923706055,53.95000076293945,53.41999816894531,53.439998626708984,74365,0.0,0.0
2024-06-11 09:56:00-04:00,53.55500030517578,53.560001373291016,52.709999084472656,52.76499938964844,27873,0.0,0.0
2024-06-11 09:57:00-04:00,52.81999969482422,52.81999969482422,52.2599983215332,52.689998626708984,14043,0.0,0.0
2024-06-11 09:58:00-04:00,52.70000076293945,53.130001068115234,52.70000076293945,52.915000915527344,3036,0.0,0.0
2024-06-11 09:59:00-04:00,53.060001373291016,53.087501525878906,52.904998779296875,53.087501525878906,2365,0.0,0.0
2024-06-11 10:00:00-04:00,52.92499923706055,52.92499923706055,52.7599983215332,52.89500045776367,7947,0.0,0.0
2024-06-11 10:01:00-04:00,52.875,52.875,52.525001525878906,52.525001525878906,14214,0.0,0.0
2024-06-11 10:02:00-04:00,52.72999954223633,53.25,52.720001220703125,53.0,6710,0.0,0.0
2024-06-11 10:03:00-04:00,53.029998779296875,53.029998779296875,52.88999938964844,52.88999938964844,4141,0.0,0.0
2024-06-11 10:04:00-04:00,52.81669998168945,52.81669998168945,52.650001525878906,52.79999923706055,1616,0.0,0.0
2024-06-11 10:05:00-04:00,52.790000915527344,52.790000915527344,52.775001525878906,52.775001525878906,412,0.0,0.0
2024-06-11 10:06:00-04:00,52.900001525878906,53.189998626708984,52.900001525878906,52.959999084472656,2956,0.0,0.0
2024-06-11 10:07:00-04:00,53.18709945678711,53.18709945678711,52.9900016784668,52.9900016784668,793,0.0,0.0
2024-06-11 10:09:00-04:00,52.779998779296875,52.779998779296875,52.77000045776367,52.77000045776367,1331,0.0,0.0
2024-06-11 10:10:00-04:00,52.779998779296875,52.779998779296875,52.779998779296875,52.779998779296875,633,0.0,0.0
2024-06-11 10:11:00-04:00,52.7599983215332,52.92499923706055,52.7599983215332,52.779998779296875,675,0.0,0.0
2024-06-11 10:13:00-04:00,52.79999923706055,52.88999938964844,52.689998626708984,52.70000076293945,2856,0.0,0.0
2024-06-11 10:15:00-04:00,52.952301025390625,52.952301025390625,52.86000061035156,52.869998931884766,5477,0.0,0.0
2024-06-11 10:17:00-04:00,52.875,52.875,52.875,52.875,200,0.0,0.0
2024-06-11 10:18:00-04:00,52.869998931884766,52.869998931884766,52.869998931884766,52.869998931884766,65,0.0,0.0
2024-06-11 10:20:00-04:00,52.93000030517578,53.0,52.709999084472656,52.77000045776367,8134,0.0,0.0
2024-06-11 10:21:00-04:00,52.4900016784668,52.4900016784668,52.4900016784668,52.4900016784668,833,0.0,0.0
2024-06-11 10:22:00-04:00,52.5452995300293,52.560001373291016,52.5452995300293,52.560001373291016,956,0.0,0.0
2024-06-11 10:24:00-04:00,52.596500396728516,52.596500396728516,52.380001068115234,52.5,6739,0.0,0.0
2024-06-11 10:26:00-04:00,52.42499923706055,52.42499923706055,52.16999816894531,52.220001220703125,6160,0.0,0.0
2024-06-11 10:29:00-04:00,52.31999969482422,52.31999969482422,52.31999969482422,52.31999969482422,200,0.0,0.0
2024-06-11 10:30:00-04:00,52.345001220703125,52.5,52.29999923706055,52.349998474121094,21146,0.0,0.0
2024-06-11 10:31:00-04:00,52.404998779296875,52.404998779296875,52.31999969482422,52.31999969482422,942,0.0,0.0
2024-06-11 10:33:00-04:00,52.47999954223633,52.5099983215332,52.47999954223633,52.47999954223633,1394,0.0,0.0
2024-06-11 10:34:00-04:00,52.42499923706055,52.650001525878906,52.41999816894531,52.650001525878906,3569,0.0,0.0
2024-06-11 10:35:00-04:00,52.650001525878906,52.650001525878906,52.650001525878906,52.650001525878906,607,0.0,0.0
2024-06-11 10:36:00-04:00,52.649898529052734,52.77000045776367,52.619998931884766,52.709999084472656,4611,0.0,0.0
2024-06-11 10:37:00-04:00,52.630001068115234,52.75,52.630001068115234,52.75,647,0.0,0.0
2024-06-11 10:38:00-04:00,52.79999923706055,52.900001525878906,52.790000915527344,52.814998626708984,36675,0.0,0.0
2024-06-11 10:39:00-04:00,52.79999923706055,52.900001525878906,52.720001220703125,52.845001220703125,19964,0.0,0.0
2024-06-11 10:40:00-04:00,52.83000183105469,53.099998474121094,52.83000183105469,52.95000076293945,11146,0.0,0.0
2024-06-11 10:42:00-04:00,52.83000183105469,52.85879898071289,52.83000183105469,52.85879898071289,676,0.0,0.0
2024-06-11 10:44:00-04:00,52.72999954223633,52.72999954223633,52.619998931884766,52.619998931884766,1865,0.0,0.0
2024-06-11 10:45:00-04:00,52.650001525878906,52.7400016784668,52.630001068115234,52.685001373291016,3157,0.0,0.0
2024-06-11 10:46:00-04:00,52.717498779296875,52.79999923706055,52.709999084472656,52.76499938964844,4057,0.0,0.0
2024-06-11 10:47:00-04:00,52.75,52.75,52.75,52.75,334,0.0,0.0
2024-06-11 10:48:00-04:00,52.81990051269531,52.81990051269531,52.75,52.75,496,0.0,0.0
2024-06-11 10:49:00-04:00,52.80950164794922,52.80950164794922,52.80950164794922,52.80950164794922,466,0.0,0.0
2024-06-11 10:50:00-04:00,52.744998931884766,52.744998931884766,52.29999923706055,52.29999923706055,17706,0.0,0.0
2024-06-11 10:51:00-04:00,52.404998779296875,52.599998474121094,52.404998779296875,52.522098541259766,14671,0.0,0.0
2024-06-11 10:52:00-04:00,52.55500030517578,52.55500030517578,52.55500030517578,52.55500030517578,236,0.0,0.0
2024-06-11 10:53:00-04:00,52.67850112915039,52.67850112915039,52.67850112915039,52.67850112915039,1523,0.0,0.0
2024-06-11 10:54:00-04:00,52.58000183105469,52.68000030517578,52.58000183105469,52.654998779296875,1089,0.0,0.0
2024-06-11 10:55:00-04:00,52.64500045776367,52.64500045776367,52.6349983215332,52.6349983215332,555,0.0,0.0
2024-06-11 10:56:00-04:00,52.619998931884766,52.630001068115234,52.5099983215332,52.54999923706055,11884,0.0,0.0
2024-06-11 10:58:00-04:00,52.46500015258789,52.46500015258789,52.46500015258789,52.46500015258789,744,0.0,0.0
2024-06-11 10:59:00-04:00,52.38999938964844,52.38999938964844,52.25490188598633,52.310001373291016,3737,0.0,0.0
2024-06-11 11:00:00-04:00,52.36000061035156,52.375,52.32500076293945,52.32500076293945,2138,0.0,0.0
2024-06-11 11:01:00-04:00,52.369998931884766,52.369998931884766,52.32500076293945,52.32500076293945,440,0.0,0.0
2024-06-11 11:02:00-04:00,52.32500076293945,52.32500076293945,52.25,52.26499938964844,3355,0.0,0.0
2024-06-11 11:03:00-04:00,52.2599983215332,52.2599983215332,52.2599983215332,52.2599983215332,799,0.0,0.0
2024-06-11 11:05:00-04:00,52.209999084472656,52.220001220703125,52.20000076293945,52.220001220703125,780,0.0,0.0
2024-06-11 11:06:00-04:00,52.20000076293945,52.20000076293945,52.20000076293945,52.20000076293945,516,0.0,0.0
2024-06-11 11:07:00-04:00,52.20000076293945,52.21500015258789,52.20000076293945,52.21500015258789,1498,0.0,0.0
2024-06-11 11:08:00-04:00,52.130001068115234,52.28089904785156,52.130001068115234,52.28089904785156,254,0.0,0.0
2024-06-11 11:09:00-04:00,52.150001525878906,52.2671012878418,52.130001068115234,52.15060043334961,1295,0.0,0.0
2024-06-11 11:10:00-04:00,52.18000030517578,52.18000030517578,52.18000030517578,52.18000030517578,1982,0.0,0.0
2024-06-11 11:11:00-04:00,52.16999816894531,52.2599983215332,52.08000183105469,52.209999084472656,6175,0.0,0.0
2024-06-11 11:12:00-04:00,52.20000076293945,52.20000076293945,52.20000076293945,52.20000076293945,382,0.0,0.0
2024-06-11 11:13:00-04:00,52.19499969482422,52.19499969482422,52.19499969482422,52.19499969482422,733,0.0,0.0
2024-06-11 11:14:00-04:00,52.15999984741211,52.17499923706055,52.15999984741211,52.17499923706055,901,0.0,0.0
2024-06-11 11:15:00-04:00,52.09000015258789,52.16999816894531,52.09000015258789,52.16999816894531,773,0.0,0.0
2024-06-11 11:19:00-04:00,52.09000015258789,52.17610168457031,52.029998779296875,52.095001220703125,4041,0.0,0.0
2024-06-11 11:20:00-04:00,52.095001220703125,52.10329818725586,52.095001220703125,52.095001220703125,1901,0.0,0.0
2024-06-11 11:21:00-04:00,52.18000030517578,52.18000030517578,52.15999984741211,52.15999984741211,854,0.0,0.0
2024-06-11 11:23:00-04:00,52.08000183105469,52.2599983215332,52.08000183105469,52.2599983215332,335,0.0,0.0
2024-06-11 11:24:00-04:00,52.17499923706055,52.20750045776367,52.165000915527344,52.18000030517578,877,0.0,0.0
2024-06-11 11:26:00-04:00,52.11000061035156,52.11000061035156,52.06999969482422,52.08000183105469,5249,0.0,0.0
2024-06-11 11:27:00-04:00,52.099998474121094,52.099998474121094,52.099998474121094,52.099998474121094,485,0.0,0.0
2024-06-11 11:28:00-04:00,52.150001525878906,52.150001525878906,52.0,52.05500030517578,2302,0.0,0.0
2024-06-11 11:29:00-04:00,52.0,52.0,51.849998474121094,51.89500045776367,12347,0.0,0.0
2024-06-11 11:30:00-04:00,51.939998626708984,51.95000076293945,51.88999938964844,51.88999938964844,11383,0.0,0.0
2024-06-11 11:31:00-04:00,51.95000076293945,51.95000076293945,51.900001525878906,51.915000915527344,6934,0.0,0.0
2024-06-11 11:32:00-04:00,51.915000915527344,51.915000915527344,51.915000915527344,51.915000915527344,615,0.0,0.0
2024-06-11 11:33:00-04:00,51.96989822387695,51.96989822387695,51.96989822387695,51.96989822387695,4802,0.0,0.0
2024-06-11 11:34:00-04:00,51.95000076293945,51.95000076293945,51.95000076293945,51.95000076293945,287,0.0,0.0
2024-06-11 11:35:00-04:00,51.939998626708984,51.95000076293945,51.939998626708984,51.95000076293945,300,0.0,0.0
2024-06-11 11:36:00-04:00,51.959999084472656,52.08000183105469,51.959999084472656,52.005001068115234,2153,0.0,0.0
2024-06-11 11:37:00-04:00,52.025001525878906,52.025001525878906,51.98500061035156,51.98500061035156,223,0.0,0.0
2024-06-11 11:38:00-04:00,52.005001068115234,52.037498474121094,52.005001068115234,52.01750183105469,1041,0.0,0.0
2024-06-11 11:39:00-04:00,51.974998474121094,51.974998474121094,51.869998931884766,51.8849983215332,2505,0.0,0.0
2024-06-11 11:40:00-04:00,51.80009841918945,51.869998931884766,51.747501373291016,51.83000183105469,2980,0.0,0.0
2024-06-11 11:41:00-04:00,51.72999954223633,51.72999954223633,51.72999954223633,51.72999954223633,499,0.0,0.0
2024-06-11 11:42:00-04:00,51.650001525878906,51.79999923706055,51.630001068115234,51.689998626708984,4871,0.0,0.0
2024-06-11 11:44:00-04:00,51.67499923706055,51.67499923706055,51.599998474121094,51.599998474121094,2748,0.0,0.0
2024-06-11 11:45:00-04:00,51.599998474121094,51.63999938964844,51.53900146484375,51.595401763916016,5435,0.0,0.0
2024-06-11 11:46:00-04:00,51.5099983215332,51.5099983215332,51.4900016784668,51.494998931884766,2206,0.0,0.0
2024-06-11 11:47:00-04:00,51.439998626708984,51.439998626708984,51.31679916381836,51.33000183105469,1441,0.0,0.0
2024-06-11 11:48:00-04:00,51.404998779296875,51.470001220703125,51.33000183105469,51.3849983215332,1269,0.0,0.0
2024-06-11 11:49:00-04:00,51.3849983215332,51.41999816894531,51.3849983215332,51.41999816894531,2556,0.0,0.0
2024-06-11 11:50:00-04:00,51.3849983215332,51.3849983215332,51.3849983215332,51.3849983215332,669,0.0,0.0
2024-06-11 11:51:00-04:00,51.447601318359375,51.470001220703125,51.402000427246094,51.43000030517578,5097,0.0,0.0
2024-06-11 11:52:00-04:00,51.40999984741211,51.459999084472656,51.40999984741211,51.459999084472656,1523,0.0,0.0
2024-06-11 11:53:00-04:00,51.459999084472656,51.54949951171875,51.459999084472656,51.54949951171875,1198,0.0,0.0
2024-06-11 11:54:00-04:00,51.54999923706055,51.619998931884766,51.54999923706055,51.619998931884766,3765,0.0,0.0
2024-06-11 11:55:00-04:00,51.65999984741211,51.66999816894531,51.65999984741211,51.66999816894531,1758,0.0,0.0
2024-06-11 11:56:00-04:00,51.66999816894531,51.66999816894531,51.650001525878906,51.650001525878906,800,0.0,0.0
2024-06-11 11:57:00-04:00,51.595001220703125,51.595001220703125,51.584999084472656,51.584999084472656,958,0.0,0.0
2024-06-11 11:58:00-04:00,51.56999969482422,51.56999969482422,51.54499816894531,51.54499816894531,1291,0.0,0.0
2024-06-11 11:59:00-04:00,51.400001525878906,51.400001525878906,51.22999954223633,51.30540084838867,4556,0.0,0.0
2024-06-11 12:00:00-04:00,51.34000015258789,51.34000015258789,51.220001220703125,51.22999954223633,3459,0.0,0.0
2024-06-11 12:01:00-04:00,51.2400016784668,51.2400016784668,51.13999938964844,51.19499969482422,895,0.0,0.0
2024-06-11 12:02:00-04:00,51.19499969482422,51.19499969482422,51.19499969482422,51.19499969482422,166,0.0,0.0
2024-06-11 12:03:00-04:00,51.25,51.34000015258789,51.25,51.34000015258789,2623,0.0,0.0
2024-06-11 12:04:00-04:00,51.34000015258789,51.400001525878906,51.25,51.25,995,0.0,0.0
2024-06-11 12:05:00-04:00,51.262001037597656,51.262001037597656,51.262001037597656,51.262001037597656,622,0.0,0.0
2024-06-11 12:07:00-04:00,51.349998474121094,51.36000061035156,51.349998474121094,51.36000061035156,313,0.0,0.0
2024-06-11 12:08:00-04:00,51.369998931884766,51.369998931884766,51.30500030517578,51.369998931884766,751,0.0,0.0
2024-06-11 12:09:00-04:00,51.369998931884766,51.38999938964844,51.310001373291016,51.349998474121094,1207,0.0,0.0
2024-06-11 12:10:00-04:00,51.369998931884766,51.369998931884766,51.35499954223633,51.35499954223633,2806,0.0,0.0
2024-06-11 12:11:00-04:00,51.30500030517578,51.30500030517578,51.30500030517578,51.30500030517578,169,0.0,0.0
2024-06-11 12:12:00-04:00,51.31999969482422,51.31999969482422,51.310001373291016,51.310001373291016,1981,0.0,0.0
2024-06-11 12:13:00-04:00,51.410499572753906,51.410499572753906,51.410499572753906,51.410499572753906,239,0.0,0.0
2024-06-11 12:14:00-04:00,51.345001220703125,51.345001220703125,51.345001220703125,51.345001220703125,5890,0.0,0.0
2024-06-11 12:15:00-04:00,51.380001068115234,51.380001068115234,51.380001068115234,51.380001068115234,141,0.0,0.0
2024-06-11 12:16:00-04:00,51.33000183105469,51.33000183105469,51.33000183105469,51.33000183105469,6216,0.0,0.0
2024-06-11 12:17:00-04:00,51.380001068115234,51.380001068115234,51.380001068115234,51.380001068115234,676,0.0,0.0
2024-06-11 12:18:00-04:00,51.279998779296875,51.279998779296875,51.279998779296875,51.279998779296875,436,0.0,0.0
2024-06-11 12:19:00-04:00,51.314998626708984,51.32500076293945,51.314998626708984,51.32500076293945,622,0.0,0.0
2024-06-11 12:20:00-04:00,51.36000061035156,51.36000061035156,51.36000061035156,51.36000061035156,332,0.0,0.0
2024-06-11 12:23:00-04:00,51.2599983215332,51.27000045776367,51.060001373291016,51.060001373291016,10068,0.0,0.0
2024-06-11 12:24:00-04:00,51.060001373291016,51.209999084472656,51.060001373291016,51.209999084472656,3659,0.0,0.0
2024-06-11 12:30:00-04:00,51.209999084472656,51.209999084472656,51.209999084472656,51.209999084472656,181,0.0,0.0
2024-06-11 12:31:00-04:00,51.209999084472656,51.220001220703125,50.900001525878906,50.900001525878906,5675,0.0,0.0
2024-06-11 12:32:00-04:00,50.900001525878906,50.900001525878906,50.900001525878906,50.900001525878906,694,0.0,0.0
2024-06-11 12:35:00-04:00,50.86980056762695,50.880001068115234,50.86980056762695,50.880001068115234,411,0.0,0.0
2024-06-11 12:36:00-04:00,50.85969924926758,50.880001068115234,50.85969924926758,50.880001068115234,1436,0.0,0.0
2024-06-11 12:37:00-04:00,50.900001525878906,51.0,50.900001525878906,50.935001373291016,2527,0.0,0.0
2024-06-11 12:40:00-04:00,50.99489974975586,50.99489974975586,50.99489974975586,50.99489974975586,708,0.0,0.0
2024-06-11 12:42:00-04:00,50.939998626708984,51.02989959716797,50.939998626708984,50.959999084472656,1327,0.0,0.0
2024-06-11 12:43:00-04:00,50.96500015258789,51.04999923706055,50.96500015258789,51.02000045776367,7358,0.0,0.0
2024-06-11 12:44:00-04:00,51.09000015258789,51.130001068115234,50.93000030517578,50.93000030517578,7226,0.0,0.0
2024-06-11 12:46:00-04:00,50.91999816894531,50.91999816894531,50.91999816894531,50.91999816894531,159,0.0,0.0
2024-06-11 12:47:00-04:00,50.79999923706055,50.79999923706055,50.72999954223633,50.72999954223633,1534,0.0,0.0
2024-06-11 12:48:00-04:00,50.650001525878906,50.720001220703125,50.58000183105469,50.64500045776367,6433,0.0,0.0
2024-06-11 12:49:00-04:00,50.599998474121094,50.599998474121094,50.5,50.54999923706055,3727,0.0,0.0
2024-06-11 12:51:00-04:00,50.52000045776367,50.52000045776367,50.52000045776367,50.52000045776367,286,0.0,0.0
2024-06-11 12:52:00-04:00,50.540000915527344,50.60240173339844,50.50149917602539,50.50149917602539,1827,0.0,0.0
2024-06-11 12:54:00-04:00,50.4900016784668,50.5,50.4900016784668,50.5,635,0.0,0.0
2024-06-11 12:55:00-04:00,50.4900016784668,50.4900016784668,50.20000076293945,50.20000076293945,15644,0.0,0.0
2024-06-11 12:56:00-04:00,50.150001525878906,50.23500061035156,49.69499969482422,49.69499969482422,27377,0.0,0.0
2024-06-11 12:57:00-04:00,49.630001068115234,49.653499603271484,49.18370056152344,49.3849983215332,16535,0.0,0.0
2024-06-11 12:58:00-04:00,49.58000183105469,49.63999938964844,49.470001220703125,49.540000915527344,1971,0.0,0.0
2024-06-11 12:59:00-04:00,49.79499816894531,49.79499816894531,49.689998626708984,49.689998626708984,543,0.0,0.0
2024-06-11 13:00:00-04:00,49.650001525878906,49.744998931884766,48.91999816894531,48.91999816894531,13664,0.0,0.0
2024-06-11 13:01:00-04:00,49.0,49.279998779296875,49.0,49.220001220703125,3513,0.0,0.0
2024-06-11 13:02:00-04:00,49.542598724365234,49.59000015258789,49.43000030517578,49.43000030517578,1351,0.0,0.0
2024-06-11 13:03:00-04:00,49.400001525878906,49.470001220703125,49.400001525878906,49.400001525878906,2517,0.0,0.0
2024-06-11 13:04:00-04:00,49.16999816894531,49.310001373291016,49.08000183105469,49.18000030517578,6033,0.0,0.0
2024-06-11 13:05:00-04:00,49.310001373291016,49.310001373291016,49.150001525878906,49.150001525878906,700,0.0,0.0
2024-06-11 13:06:00-04:00,49.150001525878906,49.182098388671875,49.0,49.01499938964844,5228,0.0,0.0
2024-06-11 13:07:00-04:00,49.01499938964844,49.02000045776367,48.880001068115234,48.900001525878906,1410,0.0,0.0
2024-06-11 13:08:00-04:00,48.79999923706055,48.79999923706055,48.72999954223633,48.72999954223633,1082,0.0,0.0
2024-06-11 13:09:00-04:00,48.845001220703125,48.845001220703125,48.709999084472656,48.709999084472656,1889,0.0,0.0
2024-06-11 13:10:00-04:00,48.630001068115234,48.689998626708984,48.40999984741211,48.41999816894531,6804,0.0,0.0
2024-06-11 13:11:00-04:00,48.47999954223633,48.529998779296875,48.400001525878906,48.435001373291016,5235,0.0,0.0
2024-06-11 13:12:00-04:00,48.599998474121094,48.844200134277344,48.439998626708984,48.720001220703125,25799,0.0,0.0
2024-06-11 13:13:00-04:00,48.810001373291016,49.15999984741211,48.810001373291016,48.959999084472656,7747,0.0,0.0
2024-06-11 13:14:00-04:00,48.96500015258789,49.13990020751953,48.959999084472656,48.959999084472656,2580,0.0,0.0
2024-06-11 13:15:00-04:00,48.79840087890625,48.97999954223633,48.79840087890625,48.97999954223633,817,0.0,0.0
2024-06-11 13:16:00-04:00,49.029998779296875,49.40999984741211,48.9900016784668,49.40999984741211,13695,0.0,0.0
2024-06-11 13:17:00-04:00,49.25,49.43000030517578,49.2400016784668,49.2599983215332,4218,0.0,0.0
2024-06-11 13:18:00-04:00,49.33000183105469,49.33000183105469,49.189998626708984,49.189998626708984,1439,0.0,0.0
2024-06-11 13:19:00-04:00,49.220001220703125,49.439998626708984,49.220001220703125,49.345001220703125,17407,0.0,0.0
2024-06-11 13:20:00-04:00,49.29999923706055,49.40999984741211,49.150001525878906,49.27000045776367,7819,0.0,0.0
2024-06-11 13:21:00-04:00,49.16999816894531,49.290000915527344,49.16999816894531,49.28499984741211,1796,0.0,0.0
2024-06-11 13:22:00-04:00,49.29999923706055,49.29999923706055,49.29499816894531,49.29499816894531,708,0.0,0.0
2024-06-11 13:23:00-04:00,49.30500030517578,49.564998626708984,49.30500030517578,49.564998626708984,4156,0.0,0.0
2024-06-11 13:24:00-04:00,49.55500030517578,49.61000061035156,49.45009994506836,49.61000061035156,1221,0.0,0.0
2024-06-11 13:25:00-04:00,49.61000061035156,49.66999816894531,49.43000030517578,49.54999923706055,8507,0.0,0.0
2024-06-11 13:26:00-04:00,49.53499984741211,49.53499984741211,49.440101623535156,49.440101623535156,1176,0.0,0.0
2024-06-11 13:27:00-04:00,49.380001068115234,49.380001068115234,49.380001068115234,49.380001068115234,360,0.0,0.0
2024-06-11 13:28:00-04:00,49.279998779296875,49.279998779296875,49.04999923706055,49.04999923706055,764,0.0,0.0
2024-06-11 13:29:00-04:00,49.0546989440918,49.29999923706055,49.0546989440918,49.23500061035156,2630,0.0,0.0
2024-06-11 13:30:00-04:00,49.29999923706055,49.29999923706055,48.908599853515625,48.908599853515625,2794,0.0,0.0
2024-06-11 13:31:00-04:00,48.96500015258789,49.08000183105469,48.94179916381836,49.02000045776367,3966,0.0,0.0
2024-06-11 13:32:00-04:00,49.02000045776367,49.03499984741211,49.02000045776367,49.03499984741211,526,0.0,0.0
2024-06-11 13:33:00-04:00,49.03499984741211,49.04499816894531,48.95000076293945,48.95000076293945,1764,0.0,0.0
2024-06-11 13:34:00-04:00,48.939998626708984,49.02000045776367,48.880001068115234,48.959999084472656,3190,0.0,0.0
2024-06-11 13:35:00-04:00,48.959999084472656,49.04999923706055,48.959999084472656,49.04999923706055,2014,0.0,0.0
2024-06-11 13:36:00-04:00,49.09000015258789,49.20500183105469,49.060001373291016,49.20000076293945,2063,0.0,0.0
2024-06-11 13:37:00-04:00,49.279998779296875,49.45000076293945,49.279998779296875,49.45000076293945,2354,0.0,0.0
2024-06-11 13:38:00-04:00,49.5099983215332,49.5099983215332,49.380001068115234,49.38999938964844,2366,0.0,0.0
2024-06-11 13:39:00-04:00,49.334999084472656,49.334999084472656,49.334999084472656,49.334999084472656,200,0.0,0.0
2024-06-11 13:40:00-04:00,49.275001525878906,49.36000061035156,49.11000061035156,49.20000076293945,4934,0.0,0.0
2024-06-11 13:41:00-04:00,49.119998931884766,49.119998931884766,48.900001525878906,48.900001525878906,4962,0.0,0.0
2024-06-11 13:42:00-04:00,48.900001525878906,48.900001525878906,48.849998474121094,48.875,7082,0.0,0.0
2024-06-11 13:43:00-04:00,48.8849983215332,48.939998626708984,48.8400993347168,48.849998474121094,2483,0.0,0.0
2024-06-11 13:44:00-04:00,48.79999923706055,48.810001373291016,48.68000030517578,48.68000030517578,3438,0.0,0.0
2024-06-11 13:45:00-04:00,48.7400016784668,48.755001068115234,48.650001525878906,48.650001525878906,1847,0.0,0.0
2024-06-11 13:46:00-04:00,48.599998474121094,48.599998474121094,48.46799850463867,48.46799850463867,2554,0.0,0.0
2024-06-11 13:47:00-04:00,48.400001525878906,48.400001525878906,48.099998474121094,48.099998474121094,16197,0.0,0.0
2024-06-11 13:48:00-04:00,48.099998474121094,48.25,47.900001525878906,47.93000030517578,18866,0.0,0.0
2024-06-11 13:49:00-04:00,47.93000030517578,48.119998931884766,47.83000183105469,48.119998931884766,12587,0.0,0.0
2024-06-11 13:50:00-04:00,48.119998931884766,48.185001373291016,47.974998474121094,47.974998474121094,7107,0.0,0.0
2024-06-11 13:51:00-04:00,48.0,48.2599983215332,48.0,48.119998931884766,2784,0.0,0.0
2024-06-11 13:52:00-04:00,48.14500045776367,48.35499954223633,48.14500045776367,48.35499954223633,8703,0.0,0.0
2024-06-11 13:53:00-04:00,48.42499923706055,48.5,48.42499923706055,48.439998626708984,616,0.0,0.0
2024-06-11 13:54:00-04:00,48.44499969482422,48.53499984741211,48.2599983215332,48.2599983215332,2487,0.0,0.0
2024-06-11 13:55:00-04:00,48.33000183105469,48.33000183105469,48.33000183105469,48.33000183105469,2823,0.0,0.0
2024-06-11 13:56:00-04:00,48.345001220703125,48.415000915527344,48.345001220703125,48.415000915527344,1072,0.0,0.0
2024-06-11 13:57:00-04:00,48.33000183105469,48.42499923706055,48.20000076293945,48.20000076293945,4829,0.0,0.0
2024-06-11 13:59:00-04:00,48.099998474121094,48.11000061035156,48.09000015258789,48.09000015258789,1233,0.0,0.0
2024-06-11 14:00:00-04:00,48.02000045776367,48.02000045776367,48.02000045776367,48.02000045776367,646,0.0,0.0
2024-06-11 14:01:00-04:00,48.084999084472656,48.084999084472656,47.91999816894531,48.007598876953125,9779,0.0,0.0
2024-06-11 14:02:00-04:00,48.01499938964844,48.130001068115234,48.01499938964844,48.1150016784668,5665,0.0,0.0
2024-06-11 14:03:00-04:00,48.1349983215332,48.165000915527344,48.04499816894531,48.099998474121094,2949,0.0,0.0
2024-06-11 14:04:00-04:00,48.0099983215332,48.149898529052734,48.0099983215332,48.02000045776367,2640,0.0,0.0
2024-06-11 14:05:00-04:00,48.08000183105469,48.142398834228516,48.0,48.05270004272461,6658,0.0,0.0
2024-06-11 14:06:00-04:00,47.97999954223633,48.0,47.97999954223633,48.0,1281,0.0,0.0
2024-06-11 14:07:00-04:00,48.0,48.0,48.0,48.0,2092,0.0,0.0
2024-06-11 14:08:00-04:00,48.04999923706055,48.04999923706055,48.04999923706055,48.04999923706055,824,0.0,0.0
2024-06-11 14:09:00-04:00,48.0099983215332,48.18000030517578,47.88999938964844,48.15999984741211,18356,0.0,0.0
2024-06-11 14:10:00-04:00,48.13999938964844,48.150001525878906,47.724998474121094,47.724998474121094,8150,0.0,0.0
2024-06-11 14:11:00-04:00,47.724998474121094,47.75,47.724998474121094,47.75,920,0.0,0.0
2024-06-11 14:12:00-04:00,47.755001068115234,47.755001068115234,47.755001068115234,47.755001068115234,61023,0.0,0.0
2024-06-11 14:13:00-04:00,47.84000015258789,48.06999969482422,47.84000015258789,48.02000045776367,5310,0.0,0.0
2024-06-11 14:14:00-04:00,48.0099983215332,48.11000061035156,48.0,48.060001373291016,4379,0.0,0.0
2024-06-11 14:15:00-04:00,48.07500076293945,48.150001525878906,48.02000045776367,48.09000015258789,7328,0.0,0.0
2024-06-11 14:16:00-04:00,48.099998474121094,48.099998474121094,47.959999084472656,48.025001525878906,1607,0.0,0.0
2024-06-11 14:17:00-04:00,48.040000915527344,48.040000915527344,48.0,48.0,365,0.0,0.0
2024-06-11 14:18:00-04:00,48.0,48.025001525878906,47.939998626708984,47.97999954223633,3771,0.0,0.0
2024-06-11 14:19:00-04:00,48.08000183105469,48.220001220703125,48.08000183105469,48.19499969482422,5402,0.0,0.0
2024-06-11 14:20:00-04:00,48.11000061035156,48.19499969482422,47.959999084472656,47.959999084472656,2435,0.0,0.0
2024-06-11 14:21:00-04:00,47.90999984741211,48.06990051269531,47.90999984741211,48.06990051269531,462,0.0,0.0
2024-06-11 14:22:00-04:00,47.98500061035156,47.98500061035156,47.935001373291016,47.935001373291016,605,0.0,0.0
2024-06-11 14:23:00-04:00,47.90999984741211,47.90999984741211,47.77000045776367,47.83000183105469,4850,0.0,0.0
2024-06-11 14:24:00-04:00,47.75,47.77000045776367,47.65999984741211,47.706199645996094,2351,0.0,0.0
2024-06-11 14:25:00-04:00,47.83000183105469,47.84000015258789,47.7400016784668,47.755001068115234,1621,0.0,0.0
2024-06-11 14:26:00-04:00,47.839900970458984,47.849998474121094,47.70000076293945,47.70000076293945,8285,0.0,0.0
2024-06-11 14:27:00-04:00,47.689998626708984,47.77000045776367,47.68009948730469,47.77000045776367,958,0.0,0.0
2024-06-11 14:28:00-04:00,47.84000015258789,47.84109878540039,47.720001220703125,47.720001220703125,3966,0.0,0.0
2024-06-11 14:29:00-04:00,47.720001220703125,47.73500061035156,47.59000015258789,47.720001220703125,13679,0.0,0.0
2024-06-11 14:30:00-04:00,47.6349983215332,47.6349983215332,47.630001068115234,47.630001068115234,1767,0.0,0.0
2024-06-11 14:31:00-04:00,47.650001525878906,47.650001525878906,47.400001525878906,47.44499969482422,7554,0.0,0.0
2024-06-11 14:32:00-04:00,47.380001068115234,47.435001373291016,47.380001068115234,47.435001373291016,7848,0.0,0.0
2024-06-11 14:33:00-04:00,47.47999954223633,47.779998779296875,47.47999954223633,47.689998626708984,8288,0.0,0.0
2024-06-11 14:34:00-04:00,47.70000076293945,48.005001068115234,47.68000030517578,47.95000076293945,9839,0.0,0.0
2024-06-11 14:35:00-04:00,48.06999969482422,48.06999969482422,47.974998474121094,47.974998474121094,1281,0.0,0.0
2024-06-11 14:36:00-04:00,47.97999954223633,47.99420166015625,47.8849983215332,47.8849983215332,4536,0.0,0.0
2024-06-11 14:37:00-04:00,47.869998931884766,48.040000915527344,47.869998931884766,48.040000915527344,3096,0.0,0.0
2024-06-11 14:38:00-04:00,48.08000183105469,48.11000061035156,47.90999984741211,47.95000076293945,8900,0.0,0.0
2024-06-11 14:39:00-04:00,47.88999938964844,47.95000076293945,47.875,47.875,4448,0.0,0.0
2024-06-11 14:40:00-04:00,47.90999984741211,48.06999969482422,47.90999984741211,48.06370162963867,5664,0.0,0.0
2024-06-11 14:41:00-04:00,47.9900016784668,48.06990051269531,47.97999954223633,48.01580047607422,3415,0.0,0.0
2024-06-11 14:42:00-04:00,47.98500061035156,48.119998931884766,47.98500061035156,48.119998931884766,7552,0.0,0.0
2024-06-11 14:43:00-04:00,48.04999923706055,48.05500030517578,47.970001220703125,48.005001068115234,11705,0.0,0.0
2024-06-11 14:44:00-04:00,47.994998931884766,48.0,47.994998931884766,47.994998931884766,1977,0.0,0.0
2024-06-11 14:45:00-04:00,48.0,48.15999984741211,47.845001220703125,48.099998474121094,21017,0.0,0.0
2024-06-11 14:46:00-04:00,48.129600524902344,48.129600524902344,47.97999954223633,48.025001525878906,19793,0.0,0.0
2024-06-11 14:47:00-04:00,48.025001525878906,48.029998779296875,47.95000076293945,47.959999084472656,3312,0.0,0.0
2024-06-11 14:48:00-04:00,48.02000045776367,48.04999923706055,47.970001220703125,48.04999923706055,5744,0.0,0.0
2024-06-11 14:49:00-04:00,47.98500061035156,48.04499816894531,47.98500061035156,48.0,1301,0.0,0.0
2024-06-11 14:50:00-04:00,48.032501220703125,48.08000183105469,47.95000076293945,48.02000045776367,10790,0.0,0.0
2024-06-11 14:51:00-04:00,48.0099983215332,48.060001373291016,47.91999816894531,48.040000915527344,5979,0.0,0.0
2024-06-11 14:52:00-04:00,47.97999954223633,47.97999954223633,47.88999938964844,47.900001525878906,4600,0.0,0.0
2024-06-11 14:53:00-04:00,47.849998474121094,47.900001525878906,47.8291015625,47.881099700927734,7179,0.0,0.0
2024-06-11 14:54:00-04:00,47.880001068115234,48.02000045776367,47.880001068115234,47.939998626708984,7218,0.0,0.0
2024-06-11 14:56:00-04:00,47.93000030517578,47.970001220703125,47.93000030517578,47.970001220703125,1701,0.0,0.0
2024-06-11 14:57:00-04:00,47.95000076293945,47.97999954223633,47.95000076293945,47.955101013183594,3253,0.0,0.0
2024-06-11 14:58:00-04:00,48.0099983215332,48.040000915527344,47.970001220703125,47.970001220703125,8209,0.0,0.0
2024-06-11 15:00:00-04:00,47.875,47.875,47.875,47.875,795,0.0,0.0
2024-06-11 15:01:00-04:00,47.81999969482422,47.939998626708984,47.810001373291016,47.939998626708984,9148,0.0,0.0
2024-06-11 15:02:00-04:00,47.94990158081055,48.0099983215332,47.900001525878906,48.0099983215332,5962,0.0,0.0
2024-06-11 15:03:00-04:00,47.959999084472656,47.959999084472656,47.94499969482422,47.94499969482422,2060,0.0,0.0
2024-06-11 15:04:00-04:00,47.94499969482422,47.97999954223633,47.94499969482422,47.97999954223633,717,0.0,0.0
2024-06-11 15:05:00-04:00,47.94499969482422,47.9900016784668,47.94499969482422,47.9900016784668,1437,0.0,0.0
2024-06-11 15:06:00-04:00,47.9900016784668,48.04999923706055,47.9900016784668,48.03499984741211,3319,0.0,0.0
2024-06-11 15:07:00-04:00,48.08000183105469,48.08000183105469,47.970001220703125,48.029998779296875,7850,0.0,0.0
2024-06-11 15:08:00-04:00,48.005001068115234,48.045799255371094,48.005001068115234,48.045799255371094,729,0.0,0.0
2024-06-11 15:09:00-04:00,48.005001068115234,48.14500045776367,47.98500061035156,48.14500045776367,7464,0.0,0.0
2024-06-11 15:10:00-04:00,48.14500045776367,48.14509963989258,48.040000915527344,48.04499816894531,3380,0.0,0.0
2024-06-11 15:11:00-04:00,48.11000061035156,48.189998626708984,48.04499816894531,48.189998626708984,26753,0.0,0.0
2024-06-11 15:12:00-04:00,48.18000030517578,48.18000030517578,48.119998931884766,48.119998931884766,1210,0.0,0.0
2024-06-11 15:13:00-04:00,48.07500076293945,48.11000061035156,48.04499816894531,48.04999923706055,5724,0.0,0.0
2024-06-11 15:14:00-04:00,48.099998474121094,48.380001068115234,48.099998474121094,48.189998626708984,8820,0.0,0.0
2024-06-11 15:15:00-04:00,48.209999084472656,48.279998779296875,48.209999084472656,48.279998779296875,2483,0.0,0.0
2024-06-11 15:16:00-04:00,48.24480056762695,48.43000030517578,48.24480056762695,48.40999984741211,1399,0.0,0.0
2024-06-11 15:17:00-04:00,48.439998626708984,48.709999084472656,48.40999984741211,48.709999084472656,4771,0.0,0.0
2024-06-11 15:18:00-04:00,48.720001220703125,49.310001373291016,48.71500015258789,49.189998626708984,9932,0.0,0.0
2024-06-11 15:19:00-04:00,49.189998626708984,49.43000030517578,49.189998626708984,49.33000183105469,8519,0.0,0.0
2024-06-11 15:20:00-04:00,49.400001525878906,49.70000076293945,49.400001525878906,49.70000076293945,7670,0.0,0.0
2024-06-11 15:21:00-04:00,49.720001220703125,49.75,49.599998474121094,49.65999984741211,7169,0.0,0.0
2024-06-11 15:22:00-04:00,49.709999084472656,49.880001068115234,49.540000915527344,49.869998931884766,17705,0.0,0.0
2024-06-11 15:23:00-04:00,49.869998931884766,50.34000015258789,49.869998931884766,50.119998931884766,36921,0.0,0.0
2024-06-11 15:24:00-04:00,50.06999969482422,50.13999938964844,50.06999969482422,50.119998931884766,2662,0.0,0.0
2024-06-11 15:25:00-04:00,50.1431999206543,50.400001525878906,50.13999938964844,50.35649871826172,8969,0.0,0.0
2024-06-11 15:26:00-04:00,50.25,50.400001525878906,50.22999954223633,50.400001525878906,3834,0.0,0.0
2024-06-11 15:27:00-04:00,50.400001525878906,50.619998931884766,50.400001525878906,50.566001892089844,6275,0.0,0.0
2024-06-11 15:28:00-04:00,50.63999938964844,50.97999954223633,50.56999969482422,50.90999984741211,11414,0.0,0.0
2024-06-11 15:29:00-04:00,50.93000030517578,50.93000030517578,50.77619934082031,50.86000061035156,2805,0.0,0.0
2024-06-11 15:30:00-04:00,50.72999954223633,50.72999954223633,49.77000045776367,49.779998779296875,32333,0.0,0.0
2024-06-11 15:31:00-04:00,49.81999969482422,50.025001525878906,49.7599983215332,50.025001525878906,15267,0.0,0.0
2024-06-11 15:32:00-04:00,50.029998779296875,50.09000015258789,50.029998779296875,50.09000015258789,1805,0.0,0.0
2024-06-11 15:33:00-04:00,50.209999084472656,50.38999938964844,50.13999938964844,50.38999938964844,6241,0.0,0.0
2024-06-11 15:34:00-04:00,50.435001373291016,50.56999969482422,50.415000915527344,50.45000076293945,2669,0.0,0.0
2024-06-11 15:35:00-04:00,50.5099983215332,50.5099983215332,50.400001525878906,50.400001525878906,8829,0.0,0.0
2024-06-11 15:36:00-04:00,50.33000183105469,50.459999084472656,50.25,50.38999938964844,10761,0.0,0.0
2024-06-11 15:37:00-04:00,50.459999084472656,50.689998626708984,50.459999084472656,50.68000030517578,9548,0.0,0.0
2024-06-11 15:38:00-04:00,50.68000030517578,50.68000030517578,50.51279830932617,50.619998931884766,2798,0.0,0.0
2024-06-11 15:39:00-04:00,50.619998931884766,50.77000045776367,50.5,50.77000045776367,8461,0.0,0.0
2024-06-11 15:40:00-04:00,50.73500061035156,50.849998474121094,50.73500061035156,50.81999969482422,7942,0.0,0.0
2024-06-11 15:41:00-04:00,50.81999969482422,50.81999969482422,50.250099182128906,50.34519958496094,10894,0.0,0.0
2024-06-11 15:42:00-04:00,50.345001220703125,50.58000183105469,50.345001220703125,50.58000183105469,6018,0.0,0.0
2024-06-11 15:43:00-04:00,50.56999969482422,50.56999969482422,50.31999969482422,50.380001068115234,5365,0.0,0.0
2024-06-11 15:44:00-04:00,50.43000030517578,50.459999084472656,50.279998779296875,50.279998779296875,6677,0.0,0.0
2024-06-11 15:45:00-04:00,50.34000015258789,50.38999938964844,50.25,50.29999923706055,5536,0.0,0.0
2024-06-11 15:46:00-04:00,50.349998474121094,50.349998474121094,50.25,50.28499984741211,22355,0.0,0.0
2024-06-11 15:47:00-04:00,50.279998779296875,50.41999816894531,50.27180099487305,50.41999816894531,5993,0.0,0.0
2024-06-11 15:48:00-04:00,50.38999938964844,50.400001525878906,50.099998474121094,50.11000061035156,8819,0.0,0.0
2024-06-11 15:49:00-04:00,50.0,50.15719985961914,49.95000076293945,49.959999084472656,9310,0.0,0.0
2024-06-11 15:50:00-04:00,49.92499923706055,50.0,49.92499923706055,50.0,9233,0.0,0.0
2024-06-11 15:51:00-04:00,49.959999084472656,49.959999084472656,49.79999923706055,49.86000061035156,23783,0.0,0.0
2024-06-11 15:52:00-04:00,49.86000061035156,49.86000061035156,49.59000015258789,49.59000015258789,23842,0.0,0.0
2024-06-11 15:53:00-04:00,49.599998474121094,49.7400016784668,49.59000015258789,49.59000015258789,34027,0.0,0.0
2024-06-11 15:54:00-04:00,49.584999084472656,49.73320007324219,49.58000183105469,49.654998779296875,23465,0.0,0.0
2024-06-11 15:55:00-04:00,49.689998626708984,49.689998626708984,49.54999923706055,49.58000183105469,28485,0.0,0.0
2024-06-11 15:56:00-04:00,49.58000183105469,49.755001068115234,49.36000061035156,49.7400016784668,56575,0.0,0.0
2024-06-11 15:57:00-04:00,49.72999954223633,49.810001373291016,49.72999954223633,49.810001373291016,32401,0.0,0.0
2024-06-11 15:58:00-04:00,49.79999923706055,49.84000015258789,49.70000076293945,49.70000076293945,41221,0.0,0.0
2024-06-11 15:59:00-04:00,49.70000076293945,50.22999954223633,49.70000076293945,50.04999923706055,79614,0.0,0.0
2024-06-12 09:30:00-04:00,51.10499954223633,51.22999954223633,51.029998779296875,51.22999954223633,27879,0.0,0.0
2024-06-12 09:31:00-04:00,51.08000183105469,51.2400016784668,50.290000915527344,50.290000915527344,4413,0.0,0.0
2024-06-12 09:32:00-04:00,50.43000030517578,50.6421012878418,50.43000030517578,50.6421012878418,1753,0.0,0.0
2024-06-12 09:33:00-04:00,50.56999969482422,50.709999084472656,50.4900016784668,50.55500030517578,1172,0.0,0.0
2024-06-12 09:34:00-04:00,50.58000183105469,50.58000183105469,50.02000045776367,50.34120178222656,3973,0.0,0.0
2024-06-12 09:35:00-04:00,50.279998779296875,50.29999923706055,50.0,50.20500183105469,32158,0.0,0.0
2024-06-12 09:36:00-04:00,50.19499969482422,50.290000915527344,50.06010055541992,50.06010055541992,2742,0.0,0.0
2024-06-12 09:37:00-04:00,50.15999984741211,50.31999969482422,50.09000015258789,50.09000015258789,6348,0.0,0.0
2024-06-12 09:38:00-04:00,50.1349983215332,50.310001373291016,50.130001068115234,50.185001373291016,5006,0.0,0.0
2024-06-12 09:39:00-04:00,50.2333984375,50.2333984375,50.09000015258789,50.09000015258789,1189,0.0,0.0
2024-06-12 09:40:00-04:00,50.09000015258789,50.1614990234375,50.0,50.1614990234375,8447,0.0,0.0
2024-06-12 09:41:00-04:00,50.178199768066406,50.209999084472656,50.02000045776367,50.04159927368164,4219,0.0,0.0
2024-06-12 09:42:00-04:00,50.0099983215332,50.130001068115234,50.000099182128906,50.130001068115234,6594,0.0,0.0
2024-06-12 09:43:00-04:00,50.099998474121094,50.650001525878906,50.07469940185547,50.650001525878906,14552,0.0,0.0
2024-06-12 09:44:00-04:00,50.560001373291016,50.75,50.560001373291016,50.72999954223633,1664,0.0,0.0
2024-06-12 09:45:00-04:00,50.88999938964844,50.90999984741211,50.70349884033203,50.71500015258789,3094,0.0,0.0
2024-06-12 09:46:00-04:00,50.58000183105469,50.58449935913086,50.22999954223633,50.33000183105469,5155,0.0,0.0
2024-06-12 09:47:00-04:00,50.29999923706055,50.34000015258789,50.29999923706055,50.34000015258789,422,0.0,0.0
2024-06-12 09:48:00-04:00,50.099998474121094,50.33000183105469,50.099998474121094,50.33000183105469,1637,0.0,0.0
2024-06-12 09:49:00-04:00,50.150001525878906,50.29999923706055,50.150001525878906,50.29999923706055,1162,0.0,0.0
2024-06-12 09:50:00-04:00,50.16999816894531,50.16999816894531,50.16999816894531,50.16999816894531,400,0.0,0.0
2024-06-12 09:51:00-04:00,50.099998474121094,50.099998474121094,50.0099983215332,50.09000015258789,1995,0.0,0.0
2024-06-12 09:52:00-04:00,50.07500076293945,50.15999984741211,50.07500076293945,50.154998779296875,1424,0.0,0.0
2024-06-12 09:53:00-04:00,50.1349983215332,50.150001525878906,50.0,50.02280044555664,4612,0.0,0.0
2024-06-12 09:54:00-04:00,50.02000045776367,50.13999938964844,49.970001220703125,50.060001373291016,5323,0.0,0.0
2024-06-12 09:55:00-04:00,50.040000915527344,50.040000915527344,49.83000183105469,49.900001525878906,4695,0.0,0.0
2024-06-12 09:56:00-04:00,50.0099983215332,50.0099983215332,49.95500183105469,50.0,1763,0.0,0.0
2024-06-12 09:57:00-04:00,49.900001525878906,50.11000061035156,49.900001525878906,50.099998474121094,3669,0.0,0.0
2024-06-12 09:58:00-04:00,50.130001068115234,50.130001068115234,49.95009994506836,50.084999084472656,2319,0.0,0.0
2024-06-12 09:59:00-04:00,50.0,50.0,50.0,50.0,121,0.0,0.0
2024-06-12 10:00:00-04:00,50.0,50.02000045776367,49.970001220703125,49.97999954223633,1680,0.0,0.0
2024-06-12 10:01:00-04:00,50.005001068115234,50.04999923706055,50.005001068115234,50.02000045776367,1288,0.0,0.0
2024-06-12 10:02:00-04:00,49.97999954223633,49.97999954223633,49.970001220703125,49.970001220703125,313,0.0,0.0
2024-06-12 10:03:00-04:00,50.02000045776367,50.02000045776367,49.939998626708984,49.939998626708984,3176,0.0,0.0
2024-06-12 10:04:00-04:00,49.95000076293945,49.97999954223633,49.939998626708984,49.97999954223633,2590,0.0,0.0
2024-06-12 10:05:00-04:00,49.900001525878906,49.90999984741211,49.52750015258789,49.630001068115234,10889,0.0,0.0
2024-06-12 10:06:00-04:00,49.619998931884766,49.650001525878906,49.09000015258789,49.22999954223633,7782,0.0,0.0
2024-06-12 10:07:00-04:00,49.22999954223633,49.255001068115234,49.18000030517578,49.18000030517578,1743,0.0,0.0
2024-06-12 10:08:00-04:00,49.31999969482422,49.54999923706055,49.18000030517578,49.54499816894531,11304,0.0,0.0
2024-06-12 10:09:00-04:00,49.55500030517578,49.560001373291016,49.53200149536133,49.560001373291016,1276,0.0,0.0
2024-06-12 10:10:00-04:00,49.4900016784668,49.4900016784668,49.4900016784668,49.4900016784668,589,0.0,0.0
2024-06-12 10:11:00-04:00,49.60060119628906,49.650001525878906,49.60049819946289,49.64899826049805,1210,0.0,0.0
2024-06-12 10:12:00-04:00,49.67499923706055,49.69990158081055,49.59000015258789,49.69990158081055,1903,0.0,0.0
2024-06-12 10:13:00-04:00,49.60499954223633,49.95000076293945,49.54999923706055,49.86000061035156,10971,0.0,0.0
2024-06-12 10:14:00-04:00,49.95000076293945,50.31999969482422,49.95000076293945,50.2400016784668,7418,0.0,0.0
2024-06-12 10:15:00-04:00,50.28499984741211,50.28499984741211,50.15999984741211,50.15999984741211,1087,0.0,0.0
2024-06-12 10:16:00-04:00,50.25,50.40999984741211,50.25,50.349998474121094,1247,0.0,0.0
2024-06-12 10:17:00-04:00,50.40999984741211,50.45500183105469,50.349998474121094,50.439998626708984,2262,0.0,0.0
2024-06-12 10:18:00-04:00,50.5,50.5,50.32500076293945,50.32500076293945,590,0.0,0.0
2024-06-12 10:19:00-04:00,50.220001220703125,50.349998474121094,50.18000030517578,50.349998474121094,1037,0.0,0.0
2024-06-12 10:21:00-04:00,50.198001861572266,50.36000061035156,50.060001373291016,50.279998779296875,1385,0.0,0.0
2024-06-12 10:22:00-04:00,50.11000061035156,50.130001068115234,50.11000061035156,50.119998931884766,1400,0.0,0.0
2024-06-12 10:23:00-04:00,50.15999984741211,50.310001373291016,50.130001068115234,50.29999923706055,7295,0.0,0.0
2024-06-12 10:24:00-04:00,50.349998474121094,50.349998474121094,50.209999084472656,50.22999954223633,1511,0.0,0.0
2024-06-12 10:27:00-04:00,50.029998779296875,50.150001525878906,49.95000076293945,49.95000076293945,1061,0.0,0.0
2024-06-12 10:29:00-04:00,50.029998779296875,50.040000915527344,50.029998779296875,50.040000915527344,1026,0.0,0.0
2024-06-12 10:30:00-04:00,50.095001220703125,50.2599983215332,50.064998626708984,50.2599983215332,8789,0.0,0.0
2024-06-12 10:31:00-04:00,50.279998779296875,50.36000061035156,50.279998779296875,50.36000061035156,2153,0.0,0.0
2024-06-12 10:32:00-04:00,50.349998474121094,50.439998626708984,50.334999084472656,50.439998626708984,5309,0.0,0.0
2024-06-12 10:33:00-04:00,50.36000061035156,50.4900016784668,50.36000061035156,50.47999954223633,4156,0.0,0.0
2024-06-12 10:34:00-04:00,50.67129898071289,50.75,50.58000183105469,50.75,2405,0.0,0.0
2024-06-12 10:35:00-04:00,50.83000183105469,50.9739990234375,50.779998779296875,50.849998474121094,25109,0.0,0.0
2024-06-12 10:36:00-04:00,50.869998931884766,50.93000030517578,50.79999923706055,50.8650016784668,6793,0.0,0.0
2024-06-12 10:37:00-04:00,50.9900016784668,51.13999938964844,50.935001373291016,51.130001068115234,3745,0.0,0.0
2024-06-12 10:38:00-04:00,51.0099983215332,51.0099983215332,50.900001525878906,50.959999084472656,1985,0.0,0.0
2024-06-12 10:39:00-04:00,50.880001068115234,51.04999923706055,50.880001068115234,51.04999923706055,563,0.0,0.0
2024-06-12 10:40:00-04:00,50.97999954223633,51.03990173339844,50.88999938964844,50.96500015258789,1562,0.0,0.0
2024-06-12 10:41:00-04:00,51.029998779296875,51.029998779296875,50.96820068359375,50.96820068359375,717,0.0,0.0
2024-06-12 10:42:00-04:00,50.90999984741211,50.970001220703125,50.880001068115234,50.970001220703125,558,0.0,0.0
2024-06-12 10:43:00-04:00,50.90999984741211,51.029998779296875,50.90999984741211,51.0,2242,0.0,0.0
2024-06-12 10:44:00-04:00,50.93000030517578,51.099998474121094,50.93000030517578,50.93000030517578,26967,0.0,0.0
2024-06-12 10:45:00-04:00,51.150001525878906,51.150001525878906,51.099998474121094,51.099998474121094,2648,0.0,0.0
2024-06-12 10:46:00-04:00,51.165000915527344,51.39289855957031,51.165000915527344,51.29999923706055,6158,0.0,0.0
2024-06-12 10:47:00-04:00,51.40999984741211,51.439998626708984,51.160099029541016,51.29999923706055,1480,0.0,0.0
2024-06-12 10:48:00-04:00,51.279998779296875,51.279998779296875,51.16999816894531,51.16999816894531,881,0.0,0.0
2024-06-12 10:49:00-04:00,51.20009994506836,51.28499984741211,51.20009994506836,51.28499984741211,2520,0.0,0.0
2024-06-12 10:50:00-04:00,51.20000076293945,51.224998474121094,51.20000076293945,51.224998474121094,1199,0.0,0.0
2024-06-12 10:51:00-04:00,51.18000030517578,51.29999923706055,51.18000030517578,51.28499984741211,3280,0.0,0.0
2024-06-12 10:52:00-04:00,51.09000015258789,51.15999984741211,51.09000015258789,51.15999984741211,1744,0.0,0.0
2024-06-12 10:53:00-04:00,51.15999984741211,51.16999816894531,51.15999984741211,51.16999816894531,624,0.0,0.0
2024-06-12 10:54:00-04:00,51.17499923706055,51.25,51.119998931884766,51.220001220703125,1610,0.0,0.0
2024-06-12 10:55:00-04:00,51.130001068115234,51.349998474121094,51.130001068115234,51.27000045776367,7168,0.0,0.0
2024-06-12 10:58:00-04:00,51.05030059814453,51.141998291015625,51.040000915527344,51.141998291015625,986,0.0,0.0
2024-06-12 10:59:00-04:00,51.029998779296875,51.029998779296875,51.029998779296875,51.029998779296875,277,0.0,0.0
2024-06-12 11:00:00-04:00,51.10499954223633,51.10499954223633,51.10499954223633,51.10499954223633,622,0.0,0.0
2024-06-12 11:01:00-04:00,51.08060073852539,51.08060073852539,51.08060073852539,51.08060073852539,712,0.0,0.0
2024-06-12 11:03:00-04:00,50.90999984741211,50.90999984741211,50.90999984741211,50.90999984741211,1159,0.0,0.0
2024-06-12 11:04:00-04:00,50.83000183105469,50.83000183105469,50.83000183105469,50.83000183105469,200,0.0,0.0
2024-06-12 11:05:00-04:00,50.81010055541992,50.81010055541992,50.810001373291016,50.810001373291016,463,0.0,0.0
2024-06-12 11:06:00-04:00,50.810001373291016,50.810001373291016,50.71500015258789,50.7400016784668,2979,0.0,0.0
2024-06-12 11:07:00-04:00,50.7400016784668,50.810001373291016,50.7400016784668,50.79499816894531,1787,0.0,0.0
2024-06-12 11:09:00-04:00,50.75239944458008,50.900001525878906,50.75239944458008,50.900001525878906,1238,0.0,0.0
2024-06-12 11:10:00-04:00,50.83000183105469,50.83000183105469,50.75,50.7599983215332,400,0.0,0.0
2024-06-12 11:11:00-04:00,50.810001373291016,50.89350128173828,50.720001220703125,50.720001220703125,1395,0.0,0.0
2024-06-12 11:12:00-04:00,50.88999938964844,51.25,50.8849983215332,51.11000061035156,4449,0.0,0.0
2024-06-12 11:13:00-04:00,51.1349983215332,51.15999984741211,51.060001373291016,51.15999984741211,1790,0.0,0.0
2024-06-12 11:14:00-04:00,51.27000045776367,51.27000045776367,51.27000045776367,51.27000045776367,506,0.0,0.0
2024-06-12 11:15:00-04:00,51.33000183105469,51.5,51.27399826049805,51.5,6980,0.0,0.0
2024-06-12 11:16:00-04:00,51.58000183105469,51.859901428222656,51.529998779296875,51.859901428222656,3326,0.0,0.0
2024-06-12 11:17:00-04:00,51.67499923706055,51.7400016784668,51.52000045776367,51.52000045776367,2537,0.0,0.0
2024-06-12 11:18:00-04:00,51.57500076293945,51.70989990234375,51.560001373291016,51.560001373291016,3704,0.0,0.0
2024-06-12 11:19:00-04:00,51.529998779296875,51.619998931884766,51.20000076293945,51.28499984741211,13572,0.0,0.0
2024-06-12 11:20:00-04:00,51.28499984741211,51.35499954223633,51.279998779296875,51.35499954223633,2076,0.0,0.0
2024-06-12 11:22:00-04:00,51.20500183105469,51.29999923706055,51.189998626708984,51.189998626708984,4036,0.0,0.0
2024-06-12 11:23:00-04:00,51.130001068115234,51.130001068115234,50.93009948730469,51.029998779296875,25710,0.0,0.0
2024-06-12 11:24:00-04:00,51.11000061035156,51.11000061035156,50.98500061035156,51.01499938964844,5770,0.0,0.0
2024-06-12 11:25:00-04:00,51.02080154418945,51.02080154418945,50.86000061035156,50.86000061035156,602,0.0,0.0
2024-06-12 11:26:00-04:00,50.92279815673828,50.92279815673828,50.560001373291016,50.66749954223633,5585,0.0,0.0
2024-06-12 11:27:00-04:00,50.654998779296875,50.654998779296875,50.47999954223633,50.47999954223633,6224,0.0,0.0
2024-06-12 11:28:00-04:00,50.564998626708984,50.564998626708984,50.564998626708984,50.564998626708984,657,0.0,0.0
2024-06-12 11:29:00-04:00,50.540000915527344,50.54999923706055,50.540000915527344,50.54999923706055,1529,0.0,0.0
2024-06-12 11:30:00-04:00,50.5099983215332,50.5099983215332,50.40999984741211,50.459999084472656,5429,0.0,0.0
2024-06-12 11:31:00-04:00,50.45000076293945,50.45000076293945,50.330101013183594,50.330101013183594,586,0.0,0.0
2024-06-12 11:32:00-04:00,50.31999969482422,50.43000030517578,50.15999984741211,50.29499816894531,9403,0.0,0.0
2024-06-12 11:33:00-04:00,50.2599983215332,50.27000045776367,50.22999954223633,50.2599983215332,1563,0.0,0.0
2024-06-12 11:34:00-04:00,50.15999984741211,50.15999984741211,50.15999984741211,50.15999984741211,877,0.0,0.0
2024-06-12 11:36:00-04:00,50.275001525878906,50.275001525878906,50.08000183105469,50.08000183105469,3294,0.0,0.0
2024-06-12 11:37:00-04:00,50.09000015258789,50.09000015258789,50.09000015258789,50.09000015258789,451,0.0,0.0
2024-06-12 11:38:00-04:00,50.1349983215332,50.1349983215332,50.1349983215332,50.1349983215332,521,0.0,0.0
2024-06-12 11:39:00-04:00,50.131900787353516,50.22999954223633,50.131900787353516,50.150001525878906,7692,0.0,0.0
2024-06-12 11:40:00-04:00,50.1150016784668,50.40999984741211,50.1150016784668,50.40999984741211,5873,0.0,0.0
2024-06-12 11:41:00-04:00,50.34000015258789,50.34000015258789,50.34000015258789,50.34000015258789,101,0.0,0.0
2024-06-12 11:42:00-04:00,50.33000183105469,50.40999984741211,50.33000183105469,50.345001220703125,400,0.0,0.0
2024-06-12 11:43:00-04:00,50.349998474121094,50.349998474121094,50.349998474121094,50.349998474121094,330,0.0,0.0
2024-06-12 11:44:00-04:00,50.29999923706055,50.29999923706055,50.29999923706055,50.29999923706055,2793,0.0,0.0
2024-06-12 11:45:00-04:00,50.244998931884766,50.2599983215332,50.20000076293945,50.2599983215332,1192,0.0,0.0
2024-06-12 11:46:00-04:00,50.2599983215332,50.33000183105469,50.2599983215332,50.316898345947266,1189,0.0,0.0
2024-06-12 11:47:00-04:00,50.25,50.25,50.25,50.25,166,0.0,0.0
2024-06-12 11:48:00-04:00,50.2400016784668,50.2400016784668,50.2400016784668,50.2400016784668,714,0.0,0.0
2024-06-12 11:49:00-04:00,50.16999816894531,50.26499938964844,50.15999984741211,50.26499938964844,565,0.0,0.0
2024-06-12 11:50:00-04:00,50.27000045776367,50.40999984741211,50.27000045776367,50.40999984741211,2826,0.0,0.0
2024-06-12 11:51:00-04:00,50.435001373291016,50.709999084472656,50.435001373291016,50.56999969482422,985,0.0,0.0
2024-06-12 11:55:00-04:00,50.755001068115234,51.02000045776367,50.75,50.91999816894531,2171,0.0,0.0
2024-06-12 11:56:00-04:00,50.97999954223633,51.16999816894531,50.97999954223633,51.15999984741211,1936,0.0,0.0
2024-06-12 11:57:00-04:00,51.160400390625,51.244998931884766,51.160400390625,51.244998931884766,749,0.0,0.0
2024-06-12 11:58:00-04:00,51.16999816894531,51.279998779296875,51.130001068115234,51.279998779296875,3035,0.0,0.0
2024-06-12 12:00:00-04:00,51.20000076293945,51.380001068115234,51.20000076293945,51.380001068115234,2040,0.0,0.0
2024-06-12 12:01:00-04:00,51.29499816894531,51.349998474121094,51.29499816894531,51.349998474121094,1020,0.0,0.0
2024-06-12 12:02:00-04:00,51.439998626708984,51.439998626708984,51.439998626708984,51.439998626708984,860,0.0,0.0
2024-06-12 12:03:00-04:00,51.470001220703125,51.470001220703125,51.470001220703125,51.470001220703125,300,0.0,0.0
2024-06-12 12:04:00-04:00,51.48500061035156,51.48500061035156,51.48500061035156,51.48500061035156,1088,0.0,0.0
2024-06-12 12:05:00-04:00,51.599998474121094,51.66999816894531,51.529998779296875,51.59000015258789,1104,0.0,0.0
2024-06-12 12:06:00-04:00,51.6349983215332,51.68000030517578,51.630001068115234,51.68000030517578,1517,0.0,0.0
2024-06-12 12:07:00-04:00,51.59000015258789,51.625,51.58000183105469,51.625,738,0.0,0.0
2024-06-12 12:08:00-04:00,51.57500076293945,51.57500076293945,51.56999969482422,51.56999969482422,503,0.0,0.0
2024-06-12 12:09:00-04:00,51.57500076293945,51.689998626708984,51.57500076293945,51.689998626708984,1406,0.0,0.0
2024-06-12 12:10:00-04:00,51.685001373291016,51.779998779296875,51.685001373291016,51.779998779296875,1253,0.0,0.0
2024-06-12 12:11:00-04:00,51.75,51.84000015258789,51.744998931884766,51.7599983215332,6254,0.0,0.0
2024-06-12 12:12:00-04:00,51.83000183105469,51.83000183105469,51.790000915527344,51.790000915527344,269,0.0,0.0
2024-06-12 12:13:00-04:00,51.72999954223633,51.72999954223633,51.709999084472656,51.709999084472656,611,0.0,0.0
2024-06-12 12:14:00-04:00,51.67499923706055,51.72999954223633,51.540000915527344,51.63209915161133,1212,0.0,0.0
2024-06-12 12:15:00-04:00,51.56999969482422,51.57500076293945,51.56999969482422,51.57500076293945,575,0.0,0.0
2024-06-12 12:16:00-04:00,51.59000015258789,51.59000015258789,51.584999084472656,51.584999084472656,313,0.0,0.0
2024-06-12 12:17:00-04:00,51.459999084472656,51.56999969482422,51.459999084472656,51.5099983215332,755,0.0,0.0
2024-06-12 12:18:00-04:00,51.54999923706055,51.599998474121094,51.4900016784668,51.540000915527344,925,0.0,0.0
2024-06-12 12:19:00-04:00,51.540000915527344,51.540000915527344,51.540000915527344,51.540000915527344,542,0.0,0.0
2024-06-12 12:20:00-04:00,51.61000061035156,51.97999954223633,51.599998474121094,51.97999954223633,5275,0.0,0.0
2024-06-12 12:21:00-04:00,51.904998779296875,52.17499923706055,51.904998779296875,52.17499923706055,7933,0.0,0.0
2024-06-12 12:22:00-04:00,52.16999816894531,52.269901275634766,52.16999816894531,52.2599983215332,822,0.0,0.0
2024-06-12 12:23:00-04:00,52.20000076293945,52.279998779296875,52.19499969482422,52.279998779296875,2662,0.0,0.0
2024-06-12 12:24:00-04:00,52.33000183105469,52.51499938964844,52.220001220703125,52.36000061035156,13621,0.0,0.0
2024-06-12 12:25:00-04:00,52.310001373291016,52.34000015258789,52.310001373291016,52.34000015258789,300,0.0,0.0
2024-06-12 12:26:00-04:00,52.310001373291016,52.36989974975586,52.209999084472656,52.33000183105469,2147,0.0,0.0
2024-06-12 12:27:00-04:00,52.279998779296875,52.310001373291016,52.209999084472656,52.310001373291016,1919,0.0,0.0
2024-06-12 12:28:00-04:00,52.20000076293945,52.20000076293945,51.970001220703125,52.023399353027344,5269,0.0,0.0
2024-06-12 12:29:00-04:00,51.880001068115234,51.880001068115234,51.880001068115234,51.880001068115234,226,0.0,0.0
2024-06-12 12:30:00-04:00,51.83000183105469,51.83000183105469,51.83000183105469,51.83000183105469,1190,0.0,0.0
2024-06-12 12:31:00-04:00,51.779998779296875,51.779998779296875,51.779998779296875,51.779998779296875,294,0.0,0.0
2024-06-12 12:32:00-04:00,51.66999816894531,51.979000091552734,51.66999816894531,51.88999938964844,4440,0.0,0.0
2024-06-12 12:33:00-04:00,51.79999923706055,51.79999923706055,51.79999923706055,51.79999923706055,291,0.0,0.0
2024-06-12 12:34:00-04:00,51.834999084472656,51.95000076293945,51.834999084472656,51.95000076293945,659,0.0,0.0
2024-06-12 12:35:00-04:00,51.849998474121094,51.849998474121094,51.849998474121094,51.849998474121094,283,0.0,0.0
2024-06-12 12:37:00-04:00,51.970001220703125,51.970001220703125,51.970001220703125,51.970001220703125,818,0.0,0.0
2024-06-12 12:38:00-04:00,52.0,52.11000061035156,52.0,52.09000015258789,836,0.0,0.0
2024-06-12 12:39:00-04:00,52.0,52.165000915527344,52.0,52.165000915527344,628,0.0,0.0
2024-06-12 12:41:00-04:00,52.27000045776367,52.290000915527344,52.2599983215332,52.290000915527344,1391,0.0,0.0
2024-06-12 12:42:00-04:00,52.220001220703125,52.29999923706055,52.220001220703125,52.22999954223633,1579,0.0,0.0
2024-06-12 12:43:00-04:00,52.27000045776367,52.380001068115234,52.27000045776367,52.380001068115234,1244,0.0,0.0
2024-06-12 12:46:00-04:00,52.220001220703125,52.220001220703125,52.150001525878906,52.150001525878906,1467,0.0,0.0
2024-06-12 12:47:00-04:00,51.97999954223633,52.0,51.97999954223633,52.0,477,0.0,0.0
2024-06-12 12:48:00-04:00,51.9901008605957,51.9901008605957,51.9901008605957,51.9901008605957,554,0.0,0.0
2024-06-12 12:49:00-04:00,52.06999969482422,52.119998931884766,52.0,52.0,1365,0.0,0.0
2024-06-12 12:50:00-04:00,52.02000045776367,52.09000015258789,52.0099983215332,52.0099983215332,1681,0.0,0.0
2024-06-12 12:52:00-04:00,51.9900016784668,52.0099983215332,51.97999954223633,51.97999954223633,486,0.0,0.0
2024-06-12 12:53:00-04:00,52.04359817504883,52.04359817504883,52.04359817504883,52.04359817504883,384,0.0,0.0
2024-06-12 12:54:00-04:00,52.05830001831055,52.15999984741211,52.05830001831055,52.119998931884766,1387,0.0,0.0
2024-06-12 12:55:00-04:00,52.0099983215332,52.099700927734375,52.0099983215332,52.010101318359375,474,0.0,0.0
2024-06-12 12:56:00-04:00,51.97999954223633,51.97999954223633,51.97999954223633,51.97999954223633,770,0.0,0.0
2024-06-12 12:57:00-04:00,51.880001068115234,51.880001068115234,51.880001068115234,51.880001068115234,101,0.0,0.0
2024-06-12 12:59:00-04:00,51.880001068115234,51.959999084472656,51.869998931884766,51.869998931884766,1740,0.0,0.0
2024-06-12 13:00:00-04:00,51.869998931884766,51.869998931884766,51.869998931884766,51.869998931884766,635,0.0,0.0
2024-06-12 13:01:00-04:00,52.0,52.130001068115234,51.97999954223633,51.9900016784668,3295,0.0,0.0
2024-06-12 13:02:00-04:00,52.029998779296875,52.084999084472656,51.95000076293945,52.06999969482422,1828,0.0,0.0
2024-06-12 13:03:00-04:00,52.08000183105469,52.08000183105469,51.97999954223633,51.9900016784668,2545,0.0,0.0
2024-06-12 13:07:00-04:00,51.939998626708984,51.939998626708984,51.939998626708984,51.939998626708984,385,0.0,0.0
2024-06-12 13:08:00-04:00,51.900001525878906,51.900001525878906,51.900001525878906,51.900001525878906,100,0.0,0.0
2024-06-12 13:09:00-04:00,51.939998626708984,51.939998626708984,51.939998626708984,51.939998626708984,560,0.0,0.0
2024-06-12 13:10:00-04:00,51.900001525878906,51.900001525878906,51.900001525878906,51.900001525878906,103,0.0,0.0
2024-06-12 13:11:00-04:00,51.96500015258789,51.96500015258789,51.900001525878906,51.900001525878906,711,0.0,0.0
2024-06-12 13:12:00-04:00,51.935001373291016,52.09000015258789,51.880001068115234,52.09000015258789,3971,0.0,0.0
2024-06-12 13:13:00-04:00,52.13999938964844,52.13999938964844,51.95000076293945,52.04499816894531,412,0.0,0.0
2024-06-12 13:14:00-04:00,52.04999923706055,52.12990188598633,52.04999923706055,52.12990188598633,1145,0.0,0.0
2024-06-12 13:15:00-04:00,52.119998931884766,52.119998931884766,51.9900016784668,51.9900016784668,263,0.0,0.0
2024-06-12 13:16:00-04:00,52.0,52.04999923706055,51.88999938964844,51.994998931884766,6090,0.0,0.0
2024-06-12 13:17:00-04:00,51.95000076293945,51.95000076293945,51.95000076293945,51.95000076293945,111,0.0,0.0
2024-06-12 13:18:00-04:00,51.88999938964844,51.88999938964844,51.689998626708984,51.689998626708984,1274,0.0,0.0
2024-06-12 13:19:00-04:00,51.88999938964844,51.88999938964844,51.75,51.8849983215332,804,0.0,0.0
2024-06-12 13:20:00-04:00,51.875,51.875,51.875,51.875,443,0.0,0.0
2024-06-12 13:21:00-04:00,51.79999923706055,51.79999923706055,51.79999923706055,51.79999923706055,575,0.0,0.0
2024-06-12 13:22:00-04:00,51.900001525878906,51.900001525878906,51.900001525878906,51.900001525878906,167,0.0,0.0
2024-06-12 13:23:00-04:00,51.849998474121094,51.869998931884766,51.650001525878906,51.650001525878906,1144,0.0,0.0
2024-06-12 13:24:00-04:00,51.779998779296875,51.779998779296875,51.779998779296875,51.779998779296875,14,0.0,0.0
2024-06-12 13:25:00-04:00,51.775001525878906,51.775001525878906,51.755001068115234,51.755001068115234,1647,0.0,0.0
2024-06-12 13:26:00-04:00,51.744998931884766,52.06999969482422,51.744998931884766,52.040000915527344,5917,0.0,0.0
2024-06-12 13:28:00-04:00,52.099998474121094,52.099998474121094,52.099998474121094,52.099998474121094,891,0.0,0.0
2024-06-12 13:29:00-04:00,52.220001220703125,52.23500061035156,52.220001220703125,52.23500061035156,473,0.0,0.0
2024-06-12 13:30:00-04:00,52.189998626708984,52.29999923706055,52.189998626708984,52.21500015258789,1670,0.0,0.0
2024-06-12 13:31:00-04:00,52.2140998840332,52.21500015258789,52.2140998840332,52.21500015258789,567,0.0,0.0
2024-06-12 13:33:00-04:00,52.150001525878906,52.20500183105469,52.02000045776367,52.14500045776367,2482,0.0,0.0
2024-06-12 13:34:00-04:00,52.14500045776367,52.22999954223633,52.060001373291016,52.22999954223633,1867,0.0,0.0
2024-06-12 13:35:00-04:00,52.150001525878906,52.2400016784668,52.04999923706055,52.060001373291016,1681,0.0,0.0
2024-06-12 13:36:00-04:00,52.14500045776367,52.14500045776367,52.0099983215332,52.0099983215332,3436,0.0,0.0
2024-06-12 13:37:00-04:00,52.02000045776367,52.13999938964844,52.02000045776367,52.13999938964844,656,0.0,0.0
2024-06-12 13:38:00-04:00,52.040000915527344,52.07500076293945,51.95000076293945,51.95000076293945,574,0.0,0.0
2024-06-12 13:40:00-04:00,51.9109992980957,51.91999816894531,51.90999984741211,51.90999984741211,628,0.0,0.0
2024-06-12 13:41:00-04:00,51.84000015258789,51.84000015258789,51.84000015258789,51.84000015258789,352,0.0,0.0
2024-06-12 13:42:00-04:00,51.849998474121094,51.849998474121094,51.849998474121094,51.849998474121094,162,0.0,0.0
2024-06-12 13:43:00-04:00,51.84000015258789,51.970001220703125,51.77000045776367,51.77000045776367,7778,0.0,0.0
2024-06-12 13:44:00-04:00,51.77000045776367,51.81999969482422,51.7599983215332,51.81999969482422,2259,0.0,0.0
2024-06-12 13:46:00-04:00,51.75,51.81999969482422,51.75,51.79999923706055,1075,0.0,0.0
2024-06-12 13:47:00-04:00,51.7599983215332,51.77000045776367,51.7599983215332,51.77000045776367,536,0.0,0.0
2024-06-12 13:48:00-04:00,51.77000045776367,51.779998779296875,51.41999816894531,51.5099983215332,5394,0.0,0.0
2024-06-12 13:49:00-04:00,51.43000030517578,51.43000030517578,51.310001373291016,51.310001373291016,1016,0.0,0.0
2024-06-12 13:50:00-04:00,51.279998779296875,51.290000915527344,51.27000045776367,51.27000045776367,910,0.0,0.0
2024-06-12 13:51:00-04:00,51.2400016784668,51.2400016784668,51.2400016784668,51.2400016784668,321,0.0,0.0
2024-06-12 13:52:00-04:00,51.189998626708984,51.189998626708984,51.130001068115234,51.130001068115234,621,0.0,0.0
2024-06-12 13:53:00-04:00,51.11000061035156,51.11000061035156,51.11000061035156,51.11000061035156,666,0.0,0.0
2024-06-12 13:54:00-04:00,51.02000045776367,51.02000045776367,51.02000045776367,51.02000045776367,156,0.0,0.0
2024-06-12 13:55:00-04:00,51.0,51.095001220703125,51.0,51.09000015258789,3038,0.0,0.0
2024-06-12 13:56:00-04:00,51.18000030517578,51.25,50.880001068115234,50.880001068115234,7653,0.0,0.0
2024-06-12 13:57:00-04:00,50.790000915527344,50.790000915527344,50.790000915527344,50.790000915527344,266,0.0,0.0
2024-06-12 13:58:00-04:00,51.0005989074707,51.0005989074707,50.779998779296875,50.779998779296875,425,0.0,0.0
2024-06-12 14:00:00-04:00,50.79010009765625,50.79010009765625,50.61000061035156,50.76499938964844,7028,0.0,0.0
2024-06-12 14:01:00-04:00,50.84000015258789,51.05500030517578,50.81999969482422,50.97999954223633,4226,0.0,0.0
2024-06-12 14:02:00-04:00,51.09000015258789,51.25,51.084999084472656,51.25,2495,0.0,0.0
2024-06-12 14:03:00-04:00,51.40999984741211,51.439998626708984,51.40999984741211,51.439998626708984,1114,0.0,0.0
2024-06-12 14:04:00-04:00,51.609901428222656,51.609901428222656,51.45500183105469,51.45500183105469,781,0.0,0.0
2024-06-12 14:05:00-04:00,51.40999984741211,51.43000030517578,51.34000015258789,51.41999816894531,7227,0.0,0.0
2024-06-12 14:07:00-04:00,51.25,51.30500030517578,51.189998626708984,51.28499984741211,2175,0.0,0.0
2024-06-12 14:08:00-04:00,51.15999984741211,51.15999984741211,51.15999984741211,51.15999984741211,1073,0.0,0.0
2024-06-12 14:09:00-04:00,51.189998626708984,51.189998626708984,51.150001525878906,51.150001525878906,774,0.0,0.0
2024-06-12 14:10:00-04:00,51.15999984741211,51.290000915527344,51.150001525878906,51.150001525878906,2556,0.0,0.0
2024-06-12 14:11:00-04:00,51.150001525878906,51.150001525878906,51.150001525878906,51.150001525878906,3954,0.0,0.0
2024-06-12 14:12:00-04:00,51.02000045776367,51.02000045776367,50.83000183105469,50.84000015258789,1214,0.0,0.0
2024-06-12 14:13:00-04:00,50.83000183105469,50.9364013671875,50.83000183105469,50.904998779296875,21289,0.0,0.0
2024-06-12 14:14:00-04:00,50.84000015258789,51.06999969482422,50.84000015258789,51.06999969482422,0,0.0,0.0
2024-06-12 14:15:00-04:00,51.1349983215332,51.33000183105469,51.029998779296875,51.33000183105469,3106,0.0,0.0
2024-06-12 14:18:00-04:00,51.3849983215332,51.5,51.377498626708984,51.470001220703125,2061,0.0,0.0
2024-06-12 14:19:00-04:00,51.58000183105469,51.58000183105469,51.58000183105469,51.58000183105469,232,0.0,0.0
2024-06-12 14:21:00-04:00,51.470001220703125,51.56999969482422,51.470001220703125,51.56999969482422,836,0.0,0.0
2024-06-12 14:22:00-04:00,51.560001373291016,51.560001373291016,51.560001373291016,51.560001373291016,483,0.0,0.0
2024-06-12 14:23:00-04:00,51.564998626708984,51.630001068115234,51.564998626708984,51.630001068115234,1843,0.0,0.0
2024-06-12 14:24:00-04:00,51.6349983215332,51.6349983215332,51.54010009765625,51.54010009765625,315,0.0,0.0
2024-06-12 14:25:00-04:00,51.619998931884766,51.630001068115234,51.619998931884766,51.619998931884766,1089,0.0,0.0
2024-06-12 14:26:00-04:00,51.43000030517578,51.75,51.43000030517578,51.75,2491,0.0,0.0
2024-06-12 14:27:00-04:00,51.65999984741211,51.65999984741211,51.65999984741211,51.65999984741211,544,0.0,0.0
2024-06-12 14:29:00-04:00,51.654998779296875,51.654998779296875,51.654998779296875,51.654998779296875,222,0.0,0.0
2024-06-12 14:30:00-04:00,51.63999938964844,51.63999938964844,51.56999969482422,51.56999969482422,515,0.0,0.0
2024-06-12 14:31:00-04:00,51.720001220703125,51.81999969482422,51.68000030517578,51.81999969482422,2520,0.0,0.0
2024-06-12 14:32:00-04:00,51.720001220703125,51.80500030517578,51.59000015258789,51.59000015258789,3221,0.0,0.0
2024-06-12 14:33:00-04:00,51.727901458740234,51.727901458740234,51.599998474121094,51.61000061035156,1132,0.0,0.0
2024-06-12 14:34:00-04:00,51.654998779296875,51.676700592041016,51.54999923706055,51.676700592041016,3190,0.0,0.0
2024-06-12 14:35:00-04:00,51.5,51.5,51.47999954223633,51.47999954223633,1701,0.0,0.0
2024-06-12 14:36:00-04:00,51.43000030517578,51.43000030517578,51.43000030517578,51.43000030517578,302,0.0,0.0
2024-06-12 14:37:00-04:00,51.558998107910156,51.7400016784668,51.529998779296875,51.529998779296875,3588,0.0,0.0
2024-06-12 14:38:00-04:00,51.52000045776367,51.95000076293945,51.52000045776367,51.880001068115234,4793,0.0,0.0
2024-06-12 14:39:00-04:00,51.875,51.959999084472656,51.7599983215332,51.959999084472656,3437,0.0,0.0
2024-06-12 14:40:00-04:00,51.880001068115234,51.880001068115234,51.880001068115234,51.880001068115234,102,0.0,0.0
2024-06-12 14:41:00-04:00,51.810001373291016,51.970001220703125,51.810001373291016,51.915000915527344,3172,0.0,0.0
2024-06-12 14:42:00-04:00,51.915000915527344,52.0099983215332,51.915000915527344,51.95000076293945,593,0.0,0.0
2024-06-12 14:43:00-04:00,52.0099983215332,52.08000183105469,51.95000076293945,52.08000183105469,4309,0.0,0.0
2024-06-12 14:44:00-04:00,52.08000183105469,52.150001525878906,52.0,52.12110137939453,3425,0.0,0.0
2024-06-12 14:45:00-04:00,52.154998779296875,52.209999084472656,52.0099983215332,52.09000015258789,3431,0.0,0.0
2024-06-12 14:46:00-04:00,52.09000015258789,52.09000015258789,52.09000015258789,52.09000015258789,740,0.0,0.0
2024-06-12 14:47:00-04:00,52.02000045776367,52.16999816894531,52.02000045776367,52.095001220703125,2119,0.0,0.0
2024-06-12 14:48:00-04:00,52.099998474121094,52.2400016784668,52.099998474121094,52.22999954223633,2633,0.0,0.0
2024-06-12 14:49:00-04:00,52.290000915527344,52.290000915527344,52.290000915527344,52.290000915527344,302,0.0,0.0
2024-06-12 14:50:00-04:00,52.285099029541016,52.290000915527344,52.285099029541016,52.290000915527344,352,0.0,0.0
2024-06-12 14:51:00-04:00,52.279998779296875,52.310001373291016,52.21009826660156,52.310001373291016,476,0.0,0.0
2024-06-12 14:52:00-04:00,52.220001220703125,52.369998931884766,52.220001220703125,52.29999923706055,3524,0.0,0.0
2024-06-12 14:53:00-04:00,52.3650016784668,52.3650016784668,52.36000061035156,52.36000061035156,321,0.0,0.0
2024-06-12 14:54:00-04:00,52.29999923706055,52.33000183105469,52.22999954223633,52.2400016784668,3196,0.0,0.0
2024-06-12 14:55:00-04:00,52.2599983215332,52.2599983215332,52.25,52.25,508,0.0,0.0
2024-06-12 14:56:00-04:00,52.16999816894531,52.400001525878906,52.16999816894531,52.400001525878906,2400,0.0,0.0
2024-06-12 14:57:00-04:00,52.279998779296875,52.279998779296875,52.279998779296875,52.279998779296875,321,0.0,0.0
2024-06-12 14:58:00-04:00,52.2599983215332,52.43000030517578,52.209999084472656,52.43000030517578,2749,0.0,0.0
2024-06-12 14:59:00-04:00,52.38970184326172,52.4452018737793,52.38970184326172,52.4452018737793,792,0.0,0.0
2024-06-12 15:00:00-04:00,52.47999954223633,52.5,52.31999969482422,52.43000030517578,2158,0.0,0.0
2024-06-12 15:01:00-04:00,52.52000045776367,52.52000045776367,52.5,52.5,2246,0.0,0.0
2024-06-12 15:02:00-04:00,52.5,52.52000045776367,52.3849983215332,52.3849983215332,4137,0.0,0.0
2024-06-12 15:04:00-04:00,52.39500045776367,52.39500045776367,52.18000030517578,52.18000030517578,4022,0.0,0.0
2024-06-12 15:05:00-04:00,52.38999938964844,52.38999938964844,52.16999816894531,52.25,2498,0.0,0.0
2024-06-12 15:06:00-04:00,52.22999954223633,52.25,52.220001220703125,52.25,1228,0.0,0.0
2024-06-12 15:07:00-04:00,52.36000061035156,52.369998931884766,52.25,52.25,2583,0.0,0.0
2024-06-12 15:08:00-04:00,52.400001525878906,52.40999984741211,52.349998474121094,52.349998474121094,1013,0.0,0.0
2024-06-12 15:09:00-04:00,52.459999084472656,52.5099983215332,52.459999084472656,52.505001068115234,2421,0.0,0.0
2024-06-12 15:10:00-04:00,52.505001068115234,52.505001068115234,52.505001068115234,52.505001068115234,833,0.0,0.0
2024-06-12 15:11:00-04:00,52.43000030517578,52.439998626708984,52.369998931884766,52.369998931884766,2370,0.0,0.0
2024-06-12 15:12:00-04:00,52.43000030517578,52.470001220703125,52.43000030517578,52.470001220703125,430,0.0,0.0
2024-06-12 15:13:00-04:00,52.39500045776367,52.45000076293945,52.39500045776367,52.45000076293945,1843,0.0,0.0
2024-06-12 15:14:00-04:00,52.380001068115234,52.439998626708984,52.380001068115234,52.439998626708984,941,0.0,0.0
2024-06-12 15:15:00-04:00,52.38999938964844,52.560001373291016,52.38999938964844,52.47999954223633,5553,0.0,0.0
2024-06-12 15:16:00-04:00,52.4900016784668,52.54999923706055,52.400001525878906,52.432498931884766,7381,0.0,0.0
2024-06-12 15:17:00-04:00,52.47999954223633,52.47999954223633,52.47999954223633,52.47999954223633,613,0.0,0.0
2024-06-12 15:18:00-04:00,52.474998474121094,52.474998474121094,52.38999938964844,52.439998626708984,6608,0.0,0.0
2024-06-12 15:19:00-04:00,52.34000015258789,52.347599029541016,52.2599983215332,52.2599983215332,841,0.0,0.0
2024-06-12 15:20:00-04:00,52.25,52.29999923706055,52.25,52.28499984741211,1640,0.0,0.0
2024-06-12 15:21:00-04:00,52.25,52.25,52.25,52.25,200,0.0,0.0
2024-06-12 15:22:00-04:00,52.27000045776367,52.34000015258789,52.25,52.275001525878906,3044,0.0,0.0
2024-06-12 15:23:00-04:00,52.26499938964844,52.27000045776367,52.26499938964844,52.26499938964844,499,0.0,0.0
2024-06-12 15:24:00-04:00,52.20000076293945,52.23500061035156,52.0,52.0,4476,0.0,0.0
2024-06-12 15:25:00-04:00,51.915000915527344,51.915000915527344,51.89500045776367,51.904998779296875,2267,0.0,0.0
2024-06-12 15:27:00-04:00,51.880001068115234,51.88999938964844,51.880001068115234,51.88999938964844,3301,0.0,0.0
2024-06-12 15:28:00-04:00,51.810001373291016,51.810001373291016,51.625,51.75,8701,0.0,0.0
2024-06-12 15:29:00-04:00,51.70000076293945,51.75,51.599998474121094,51.69499969482422,3617,0.0,0.0
2024-06-12 15:30:00-04:00,51.7599983215332,51.93000030517578,51.69499969482422,51.90999984741211,3544,0.0,0.0
2024-06-12 15:31:00-04:00,51.939998626708984,51.959999084472656,51.939998626708984,51.959999084472656,874,0.0,0.0
2024-06-12 15:32:00-04:00,51.90999984741211,51.95000076293945,51.90999984741211,51.92499923706055,583,0.0,0.0
2024-06-12 15:33:00-04:00,51.91999816894531,52.0,51.91999816894531,51.959999084472656,2662,0.0,0.0
2024-06-12 15:34:00-04:00,52.025001525878906,52.04999923706055,52.025001525878906,52.04999923706055,505,0.0,0.0
2024-06-12 15:35:00-04:00,52.03739929199219,52.09000015258789,52.03739929199219,52.08000183105469,1573,0.0,0.0
2024-06-12 15:36:00-04:00,52.150001525878906,52.27000045776367,52.150001525878906,52.27000045776367,1725,0.0,0.0
2024-06-12 15:37:00-04:00,52.244998931884766,52.244998931884766,52.244998931884766,52.244998931884766,1727,0.0,0.0
2024-06-12 15:38:00-04:00,52.11000061035156,52.11000061035156,52.02000045776367,52.03499984741211,2000,0.0,0.0
2024-06-12 15:39:00-04:00,52.0099983215332,52.02000045776367,52.0099983215332,52.02000045776367,650,0.0,0.0
2024-06-12 15:40:00-04:00,52.0,52.04050064086914,51.9900016784668,51.9900016784668,1993,0.0,0.0
2024-06-12 15:41:00-04:00,52.04999923706055,52.11000061035156,52.02000045776367,52.029998779296875,2458,0.0,0.0
2024-06-12 15:42:00-04:00,52.0099983215332,52.02000045776367,52.0,52.0099983215332,2836,0.0,0.0
2024-06-12 15:43:00-04:00,52.005001068115234,52.03900146484375,52.0,52.0,4279,0.0,0.0
2024-06-12 15:44:00-04:00,52.040000915527344,52.09000015258789,51.97999954223633,51.97999954223633,9674,0.0,0.0
2024-06-12 15:45:00-04:00,51.93000030517578,51.98500061035156,51.93000030517578,51.98500061035156,1393,0.0,0.0
2024-06-12 15:46:00-04:00,51.98500061035156,51.9900016784668,51.970001220703125,51.974998474121094,1383,0.0,0.0
2024-06-12 15:47:00-04:00,51.939998626708984,52.189998626708984,51.939998626708984,52.189998626708984,4085,0.0,0.0
2024-06-12 15:48:00-04:00,52.17499923706055,52.255001068115234,52.13999938964844,52.209999084472656,4709,0.0,0.0
2024-06-12 15:49:00-04:00,52.21500015258789,52.31999969482422,52.19499969482422,52.26499938964844,5503,0.0,0.0
2024-06-12 15:50:00-04:00,52.2400016784668,52.26499938964844,52.20000076293945,52.20500183105469,9670,0.0,0.0
2024-06-12 15:51:00-04:00,52.185001373291016,52.209999084472656,52.13999938964844,52.13999938964844,2902,0.0,0.0
2024-06-12 15:52:00-04:00,52.189998626708984,52.20000076293945,52.04499816894531,52.15999984741211,15011,0.0,0.0
2024-06-12 15:53:00-04:00,52.17499923706055,52.209999084472656,52.15999984741211,52.185001373291016,12285,0.0,0.0
2024-06-12 15:54:00-04:00,52.189998626708984,52.220001220703125,52.18000030517578,52.20000076293945,17194,0.0,0.0
2024-06-12 15:55:00-04:00,52.20000076293945,52.20000076293945,51.97999954223633,52.040000915527344,15961,0.0,0.0
2024-06-12 15:56:00-04:00,52.040000915527344,52.08000183105469,52.0,52.040000915527344,7066,0.0,0.0
2024-06-12 15:57:00-04:00,52.03499984741211,52.23500061035156,52.0,52.224998474121094,22367,0.0,0.0
2024-06-12 15:58:00-04:00,52.220001220703125,52.220001220703125,52.15999984741211,52.20500183105469,9359,0.0,0.0
2024-06-12 15:59:00-04:00,52.220001220703125,52.2400016784668,51.90999984741211,51.939998626708984,37474,0.0,0.0
2024-06-13 09:30:00-04:00,51.709999084472656,51.8307991027832,51.63999938964844,51.63999938964844,7862,0.0,0.0
2024-06-13 09:33:00-04:00,51.040000915527344,52.02000045776367,51.040000915527344,52.02000045776367,33220,0.0,0.0
2024-06-13 09:34:00-04:00,51.540000915527344,51.540000915527344,51.525001525878906,51.525001525878906,204,0.0,0.0
2024-06-13 09:35:00-04:00,51.16999816894531,52.0,51.16999816894531,51.619998931884766,7506,0.0,0.0
2024-06-13 09:37:00-04:00,51.41999816894531,51.41999816894531,51.41999816894531,51.41999816894531,1581,0.0,0.0
2024-06-13 09:38:00-04:00,51.720001220703125,51.84000015258789,51.720001220703125,51.84000015258789,2146,0.0,0.0
2024-06-13 09:39:00-04:00,51.73500061035156,52.11000061035156,51.73500061035156,52.060001373291016,2677,0.0,0.0
2024-06-13 09:41:00-04:00,52.04499816894531,52.279998779296875,52.029998779296875,52.029998779296875,1644,0.0,0.0
2024-06-13 09:42:00-04:00,52.095001220703125,52.095001220703125,52.095001220703125,52.095001220703125,200,0.0,0.0
2024-06-13 09:43:00-04:00,52.349998474121094,52.38999938964844,52.1150016784668,52.1150016784668,1408,0.0,0.0
2024-06-13 09:44:00-04:00,52.25,52.52000045776367,52.25,52.30500030517578,1813,0.0,0.0
2024-06-13 09:45:00-04:00,52.29999923706055,52.459999084472656,52.244998931884766,52.314998626708984,1794,0.0,0.0
2024-06-13 09:47:00-04:00,51.95000076293945,51.95000076293945,51.95000076293945,51.95000076293945,3403,0.0,0.0
2024-06-13 09:48:00-04:00,51.75,51.75,51.75,51.75,2422,0.0,0.0
2024-06-13 09:49:00-04:00,51.95000076293945,51.95000076293945,51.7599983215332,51.77000045776367,1030,0.0,0.0
2024-06-13 09:50:00-04:00,51.790000915527344,52.290000915527344,51.790000915527344,52.189998626708984,28477,0.0,0.0
2024-06-13 09:51:00-04:00,52.099998474121094,52.185001373291016,52.099998474121094,52.185001373291016,4984,0.0,0.0
2024-06-13 09:52:00-04:00,52.25,52.52000045776367,52.25,52.3849983215332,7798,0.0,0.0
2024-06-13 09:53:00-04:00,52.3849983215332,52.77000045776367,52.099998474121094,52.099998474121094,41803,0.0,0.0
2024-06-13 09:54:00-04:00,52.04999923706055,52.220001220703125,51.2599983215332,51.310001373291016,38428,0.0,0.0
2024-06-13 09:55:00-04:00,51.2599983215332,52.119998931884766,51.2599983215332,52.02000045776367,13709,0.0,0.0
2024-06-13 09:57:00-04:00,51.5099983215332,51.720001220703125,51.5099983215332,51.720001220703125,529,0.0,0.0
2024-06-13 09:58:00-04:00,51.73500061035156,51.75,51.73500061035156,51.7400016784668,1264,0.0,0.0
2024-06-13 09:59:00-04:00,51.939998626708984,51.939998626708984,51.939998626708984,51.939998626708984,224,0.0,0.0
2024-06-13 10:00:00-04:00,51.97999954223633,52.040000915527344,51.97999954223633,52.040000915527344,2535,0.0,0.0
2024-06-13 10:01:00-04:00,52.2400016784668,52.2400016784668,51.97999954223633,51.97999954223633,1828,0.0,0.0
2024-06-13 10:02:00-04:00,51.9900016784668,52.130001068115234,51.9900016784668,52.130001068115234,1905,0.0,0.0
2024-06-13 10:03:00-04:00,52.0099983215332,52.33000183105469,52.0099983215332,52.060001373291016,21300,0.0,0.0
2024-06-13 10:04:00-04:00,52.20500183105469,52.25,51.560001373291016,51.974998474121094,75965,0.0,0.0
2024-06-13 10:05:00-04:00,51.790000915527344,51.79999923706055,51.790000915527344,51.79999923706055,1660,0.0,0.0
2024-06-13 10:06:00-04:00,51.665000915527344,51.845001220703125,51.665000915527344,51.8203010559082,3126,0.0,0.0
2024-06-13 10:07:00-04:00,51.75,51.75,51.744998931884766,51.744998931884766,606,0.0,0.0
2024-06-13 10:08:00-04:00,51.72249984741211,51.724998474121094,51.59000015258789,51.724998474121094,1497,0.0,0.0
2024-06-13 10:10:00-04:00,51.86000061035156,51.869998931884766,51.86000061035156,51.869998931884766,548,0.0,0.0
2024-06-13 10:11:00-04:00,51.869998931884766,51.869998931884766,51.73500061035156,51.73500061035156,2633,0.0,0.0
2024-06-13 10:12:00-04:00,51.72999954223633,51.72999954223633,51.72999954223633,51.72999954223633,200,0.0,0.0
2024-06-13 10:13:00-04:00,51.83000183105469,52.0099983215332,51.83000183105469,51.939998626708984,1528,0.0,0.0
2024-06-13 10:14:00-04:00,52.13999938964844,52.13999938964844,52.099998474121094,52.099998474121094,1007,0.0,0.0
2024-06-13 10:15:00-04:00,51.959999084472656,51.9900016784668,51.959999084472656,51.9900016784668,370,0.0,0.0
2024-06-13 10:16:00-04:00,52.099998474121094,52.47639846801758,52.08000183105469,52.47639846801758,1762,0.0,0.0
2024-06-13 10:17:00-04:00,52.43000030517578,52.45000076293945,52.43000030517578,52.435001373291016,804,0.0,0.0
2024-06-13 10:18:00-04:00,52.65999984741211,52.65999984741211,52.619998931884766,52.619998931884766,224,0.0,0.0
2024-06-13 10:19:00-04:00,52.630001068115234,52.97999954223633,52.630001068115234,52.720001220703125,4991,0.0,0.0
2024-06-13 10:20:00-04:00,52.709999084472656,52.869998931884766,52.709999084472656,52.869998931884766,557,0.0,0.0
2024-06-13 10:21:00-04:00,52.869998931884766,52.869998931884766,52.869998931884766,52.869998931884766,768,0.0,0.0
2024-06-13 10:23:00-04:00,52.63240051269531,52.95000076293945,52.63240051269531,52.94499969482422,1772,0.0,0.0
2024-06-13 10:24:00-04:00,52.610599517822266,53.119998931884766,52.610599517822266,52.95000076293945,9281,0.0,0.0
2024-06-13 10:25:00-04:00,52.97999954223633,53.45000076293945,52.959999084472656,53.154998779296875,7392,0.0,0.0
2024-06-13 10:26:00-04:00,53.18000030517578,53.18000030517578,53.10499954223633,53.18000030517578,3333,0.0,0.0
2024-06-13 10:27:00-04:00,52.96500015258789,52.96500015258789,52.790000915527344,52.79330062866211,4293,0.0,0.0
2024-06-13 10:28:00-04:00,52.779998779296875,52.779998779296875,52.7599983215332,52.775001525878906,3602,0.0,0.0
2024-06-13 10:30:00-04:00,52.630001068115234,52.7599983215332,52.630001068115234,52.7599983215332,1051,0.0,0.0
2024-06-13 10:31:00-04:00,52.775001525878906,52.775001525878906,52.755001068115234,52.755001068115234,229,0.0,0.0
2024-06-13 10:32:00-04:00,52.650001525878906,52.84000015258789,52.650001525878906,52.78499984741211,1521,0.0,0.0
2024-06-13 10:33:00-04:00,52.79499816894531,52.81999969482422,52.77000045776367,52.77000045776367,1120,0.0,0.0
2024-06-13 10:34:00-04:00,52.95000076293945,52.970001220703125,52.834999084472656,52.970001220703125,1298,0.0,0.0
2024-06-13 10:35:00-04:00,52.974998474121094,52.974998474121094,52.974998474121094,52.974998474121094,353,0.0,0.0
2024-06-13 10:38:00-04:00,52.970001220703125,53.099998474121094,52.970001220703125,53.0,2969,0.0,0.0
2024-06-13 10:39:00-04:00,53.119998931884766,53.119998931884766,52.900001525878906,52.900001525878906,1562,0.0,0.0
2024-06-13 10:40:00-04:00,53.03499984741211,53.03499984741211,53.03499984741211,53.03499984741211,105,0.0,0.0
2024-06-13 10:41:00-04:00,53.04499816894531,53.18000030517578,52.970001220703125,52.97999954223633,5747,0.0,0.0
2024-06-13 10:43:00-04:00,53.089298248291016,53.089298248291016,52.79999923706055,52.94169998168945,914,0.0,0.0
2024-06-13 10:44:00-04:00,52.86000061035156,52.86000061035156,52.849998474121094,52.849998474121094,1330,0.0,0.0
2024-06-13 10:45:00-04:00,52.79999923706055,52.79999923706055,52.61000061035156,52.70000076293945,2597,0.0,0.0
2024-06-13 10:47:00-04:00,52.70000076293945,52.70000076293945,52.70000076293945,52.70000076293945,475,0.0,0.0
2024-06-13 10:48:00-04:00,52.81999969482422,52.81999969482422,52.63999938964844,52.63999938964844,240,0.0,0.0
2024-06-13 10:49:00-04:00,52.77000045776367,52.77000045776367,52.77000045776367,52.77000045776367,350,0.0,0.0
2024-06-13 10:52:00-04:00,52.77000045776367,52.81999969482422,52.77000045776367,52.77000045776367,670,0.0,0.0
2024-06-13 10:53:00-04:00,52.75,52.75,52.75,52.75,167,0.0,0.0
2024-06-13 10:54:00-04:00,52.83000183105469,52.95500183105469,52.810001373291016,52.8650016784668,5284,0.0,0.0
2024-06-13 10:56:00-04:00,52.8650016784668,52.945899963378906,52.8650016784668,52.945899963378906,356,0.0,0.0
2024-06-13 10:57:00-04:00,52.77000045776367,52.77000045776367,52.63999938964844,52.77000045776367,5666,0.0,0.0
2024-06-13 10:59:00-04:00,52.7400016784668,52.775001525878906,52.7400016784668,52.775001525878906,857,0.0,0.0
2024-06-13 11:00:00-04:00,52.83000183105469,52.83000183105469,52.83000183105469,52.83000183105469,112,0.0,0.0
2024-06-13 11:01:00-04:00,52.76250076293945,52.83000183105469,52.76250076293945,52.77000045776367,1940,0.0,0.0
2024-06-13 11:03:00-04:00,52.82500076293945,52.95000076293945,52.82500076293945,52.849998474121094,2510,0.0,0.0
2024-06-13 11:04:00-04:00,52.869998931884766,52.869998931884766,52.869998931884766,52.869998931884766,744,0.0,0.0
2024-06-13 11:05:00-04:00,52.875,52.875,52.84000015258789,52.875,444,0.0,0.0
2024-06-13 11:06:00-04:00,52.86000061035156,52.875,52.86000061035156,52.875,852,0.0,0.0
2024-06-13 11:08:00-04:00,52.89500045776367,52.89500045776367,52.89500045776367,52.89500045776367,402,0.0,0.0
2024-06-13 11:09:00-04:00,52.83000183105469,53.0,52.83000183105469,52.88999938964844,16042,0.0,0.0
2024-06-13 11:10:00-04:00,52.880001068115234,52.880001068115234,52.77000045776367,52.790000915527344,6253,0.0,0.0
2024-06-13 11:11:00-04:00,52.7599983215332,52.7599983215332,52.709999084472656,52.709999084472656,916,0.0,0.0
2024-06-13 11:12:00-04:00,52.67499923706055,52.67499923706055,52.67499923706055,52.67499923706055,1066,0.0,0.0
2024-06-13 11:13:00-04:00,52.68000030517578,52.68000030517578,52.67499923706055,52.67499923706055,731,0.0,0.0
2024-06-13 11:14:00-04:00,52.665000915527344,52.665000915527344,52.619998931884766,52.619998931884766,779,0.0,0.0
2024-06-13 11:15:00-04:00,52.619998931884766,52.73500061035156,52.560001373291016,52.73500061035156,734,0.0,0.0
2024-06-13 11:16:00-04:00,52.724998474121094,52.81999969482422,52.70500183105469,52.81999969482422,2644,0.0,0.0
2024-06-13 11:17:00-04:00,52.70500183105469,52.70500183105469,52.70500183105469,52.70500183105469,2082,0.0,0.0
2024-06-13 11:19:00-04:00,52.68000030517578,52.689998626708984,52.68000030517578,52.689998626708984,421,0.0,0.0
2024-06-13 11:20:00-04:00,52.619998931884766,52.7599983215332,52.619998931884766,52.7599983215332,304,0.0,0.0
2024-06-13 11:21:00-04:00,52.650001525878906,52.77000045776367,52.650001525878906,52.77000045776367,1160,0.0,0.0
2024-06-13 11:22:00-04:00,52.63999938964844,52.810001373291016,52.63999938964844,52.79999923706055,3164,0.0,0.0
2024-06-13 11:23:00-04:00,52.87110137939453,52.87110137939453,52.87110137939453,52.87110137939453,564,0.0,0.0
2024-06-13 11:24:00-04:00,52.79999923706055,52.79999923706055,52.79999923706055,52.79999923706055,405,0.0,0.0
2024-06-13 11:25:00-04:00,52.83000183105469,52.83000183105469,52.83000183105469,52.83000183105469,127,0.0,0.0
2024-06-13 11:28:00-04:00,52.86000061035156,52.88999938964844,52.79999923706055,52.82500076293945,2024,0.0,0.0
2024-06-13 11:29:00-04:00,52.83000183105469,52.88999938964844,52.77000045776367,52.834999084472656,1571,0.0,0.0
2024-06-13 11:30:00-04:00,52.90999984741211,53.0098991394043,52.81999969482422,52.900001525878906,2946,0.0,0.0
2024-06-13 11:31:00-04:00,52.875,52.96989822387695,52.875,52.91999816894531,7260,0.0,0.0
2024-06-13 11:33:00-04:00,52.959999084472656,52.959999084472656,52.959999084472656,52.959999084472656,531,0.0,0.0
2024-06-13 11:34:00-04:00,52.89500045776367,52.93000030517578,52.665000915527344,52.814998626708984,4220,0.0,0.0
2024-06-13 11:35:00-04:00,52.869998931884766,52.869998931884766,52.77000045776367,52.77000045776367,417,0.0,0.0
2024-06-13 11:37:00-04:00,52.7599983215332,52.80500030517578,52.7599983215332,52.80500030517578,5432,0.0,0.0
2024-06-13 11:38:00-04:00,52.810001373291016,52.810001373291016,52.7400016784668,52.7400016784668,0,0.0,0.0
2024-06-13 11:39:00-04:00,52.66999816894531,52.75,52.66999816894531,52.75,1107,0.0,0.0
2024-06-13 11:40:00-04:00,52.619998931884766,52.619998931884766,52.619998931884766,52.619998931884766,612,0.0,0.0
2024-06-13 11:44:00-04:00,52.81990051269531,52.81990051269531,52.81990051269531,52.81990051269531,594,0.0,0.0
2024-06-13 11:45:00-04:00,52.80390167236328,52.80390167236328,52.80390167236328,52.80390167236328,118,0.0,0.0
2024-06-13 11:47:00-04:00,52.65999984741211,52.65999984741211,52.36000061035156,52.43000030517578,12056,0.0,0.0
2024-06-13 11:49:00-04:00,52.279998779296875,52.279998779296875,52.279998779296875,52.279998779296875,200,0.0,0.0
2024-06-13 11:50:00-04:00,52.2849006652832,52.38999938964844,52.2849006652832,52.38999938964844,718,0.0,0.0
2024-06-13 11:51:00-04:00,52.25,52.25,52.25,52.25,310,0.0,0.0
2024-06-13 11:52:00-04:00,52.28499984741211,52.34000015258789,52.255001068115234,52.255001068115234,706,0.0,0.0
2024-06-13 11:53:00-04:00,52.209999084472656,52.209999084472656,52.209999084472656,52.209999084472656,350,0.0,0.0
2024-06-13 11:55:00-04:00,52.26499938964844,52.26499938964844,52.2400016784668,52.2400016784668,539,0.0,0.0
2024-06-13 11:56:00-04:00,52.238399505615234,52.238399505615234,52.0099983215332,52.0099983215332,7072,0.0,0.0
2024-06-13 11:57:00-04:00,52.072200775146484,52.099998474121094,51.91999816894531,51.939998626708984,3257,0.0,0.0
2024-06-13 12:00:00-04:00,51.95000076293945,52.06999969482422,51.78499984741211,51.78499984741211,5473,0.0,0.0
2024-06-13 12:01:00-04:00,51.75,51.75,51.529998779296875,51.529998779296875,25800,0.0,0.0
2024-06-13 12:02:00-04:00,51.529998779296875,51.650001525878906,51.15250015258789,51.560001373291016,18354,0.0,0.0
2024-06-13 12:03:00-04:00,51.720001220703125,51.7400016784668,51.4901008605957,51.4901008605957,1318,0.0,0.0
2024-06-13 12:04:00-04:00,51.65999984741211,51.70000076293945,51.599998474121094,51.70000076293945,725,0.0,0.0
2024-06-13 12:05:00-04:00,51.70500183105469,51.70500183105469,51.70500183105469,51.70500183105469,102,0.0,0.0
2024-06-13 12:06:00-04:00,51.810001373291016,52.040000915527344,51.810001373291016,52.01499938964844,2698,0.0,0.0
2024-06-13 12:07:00-04:00,52.040000915527344,52.040000915527344,52.0,52.0,275,0.0,0.0
2024-06-13 12:08:00-04:00,52.06999969482422,52.06999969482422,52.05500030517578,52.05500030517578,1053,0.0,0.0
2024-06-13 12:12:00-04:00,52.060001373291016,52.130001068115234,52.060001373291016,52.084999084472656,27607,0.0,0.0
2024-06-13 12:13:00-04:00,52.0,52.05500030517578,51.959999084472656,52.05500030517578,3803,0.0,0.0
2024-06-13 12:14:00-04:00,52.0099983215332,52.04999923706055,51.97999954223633,51.97999954223633,1406,0.0,0.0
2024-06-13 12:15:00-04:00,52.040000915527344,52.08000183105469,52.029998779296875,52.04999923706055,4032,0.0,0.0
2024-06-13 12:17:00-04:00,52.08000183105469,52.11000061035156,52.05500030517578,52.05500030517578,454,0.0,0.0
2024-06-13 12:18:00-04:00,52.060001373291016,52.060001373291016,52.060001373291016,52.060001373291016,329,0.0,0.0
2024-06-13 12:20:00-04:00,52.099998474121094,52.099998474121094,52.099998474121094,52.099998474121094,501,0.0,0.0
2024-06-13 12:24:00-04:00,52.04999923706055,52.04999923706055,51.91999816894531,51.91999816894531,3683,0.0,0.0
2024-06-13 12:25:00-04:00,51.93000030517578,51.93000030517578,51.86000061035156,51.86000061035156,3583,0.0,0.0
2024-06-13 12:27:00-04:00,51.619998931884766,51.619998931884766,51.619998931884766,51.619998931884766,623,0.0,0.0
2024-06-13 12:28:00-04:00,51.5099983215332,51.5099983215332,51.5099983215332,51.5099983215332,600,0.0,0.0
2024-06-13 12:30:00-04:00,51.380001068115234,51.439998626708984,51.33000183105469,51.33000183105469,15595,0.0,0.0
2024-06-13 12:31:00-04:00,51.34000015258789,51.42499923706055,51.34000015258789,51.42499923706055,348,0.0,0.0
2024-06-13 12:32:00-04:00,51.43000030517578,51.709999084472656,51.369998931884766,51.60499954223633,17489,0.0,0.0
2024-06-13 12:33:00-04:00,51.60499954223633,51.790000915527344,51.60499954223633,51.720001220703125,2824,0.0,0.0
2024-06-13 12:34:00-04:00,51.70500183105469,51.70500183105469,51.70500183105469,51.70500183105469,605,0.0,0.0
2024-06-13 12:35:00-04:00,51.779998779296875,51.79999923706055,51.779998779296875,51.79999923706055,1284,0.0,0.0
2024-06-13 12:37:00-04:00,51.84000015258789,51.849998474121094,51.83000183105469,51.849998474121094,1049,0.0,0.0
2024-06-13 12:39:00-04:00,51.90999984741211,51.90999984741211,51.90999984741211,51.90999984741211,1417,0.0,0.0
2024-06-13 12:40:00-04:00,51.849998474121094,51.849998474121094,51.837501525878906,51.837501525878906,783,0.0,0.0
2024-06-13 12:41:00-04:00,51.86000061035156,51.86000061035156,51.86000061035156,51.86000061035156,242,0.0,0.0
2024-06-13 12:43:00-04:00,51.834999084472656,51.95000076293945,51.834999084472656,51.95000076293945,2267,0.0,0.0
2024-06-13 12:44:00-04:00,51.97999954223633,52.060001373291016,51.849998474121094,51.86000061035156,4976,0.0,0.0
2024-06-13 12:49:00-04:00,51.97999954223633,51.97999954223633,51.97999954223633,51.97999954223633,368,0.0,0.0
2024-06-13 12:51:00-04:00,51.9900016784668,52.02000045776367,51.9900016784668,52.02000045776367,982,0.0,0.0
2024-06-13 12:52:00-04:00,51.970001220703125,52.005001068115234,51.970001220703125,51.974998474121094,1221,0.0,0.0
2024-06-13 12:53:00-04:00,51.974998474121094,51.974998474121094,51.974998474121094,51.974998474121094,0,0.0,0.0
2024-06-13 12:54:00-04:00,51.93000030517578,51.93000030517578,51.72999954223633,51.72999954223633,3453,0.0,0.0
2024-06-13 12:55:00-04:00,51.630001068115234,51.68000030517578,51.54999923706055,51.630001068115234,4481,0.0,0.0
2024-06-13 12:56:00-04:00,51.70000076293945,51.70000076293945,51.70000076293945,51.70000076293945,748,0.0,0.0
2024-06-13 12:57:00-04:00,51.77000045776367,51.77000045776367,51.77000045776367,51.77000045776367,110,0.0,0.0
2024-06-13 12:58:00-04:00,51.69499969482422,51.69499969482422,51.69499969482422,51.69499969482422,483,0.0,0.0
2024-06-13 13:01:00-04:00,51.779998779296875,51.779998779296875,51.779998779296875,51.779998779296875,200,0.0,0.0
2024-06-13 13:02:00-04:00,51.70500183105469,51.810001373291016,51.650001525878906,51.810001373291016,26471,0.0,0.0
2024-06-13 13:03:00-04:00,51.83000183105469,51.834999084472656,51.83000183105469,51.834999084472656,297,0.0,0.0
2024-06-13 13:04:00-04:00,51.84000015258789,51.84000015258789,51.84000015258789,51.84000015258789,322,0.0,0.0
2024-06-13 13:06:00-04:00,51.7599983215332,51.77000045776367,51.709999084472656,51.76499938964844,4765,0.0,0.0
2024-06-13 13:09:00-04:00,51.724998474121094,51.724998474121094,51.709999084472656,51.709999084472656,881,0.0,0.0
2024-06-13 13:10:00-04:00,51.779998779296875,51.790000915527344,51.73500061035156,51.73500061035156,2520,0.0,0.0
2024-06-13 13:12:00-04:00,51.7400016784668,51.7400016784668,51.470001220703125,51.52000045776367,2599,0.0,0.0
2024-06-13 13:13:00-04:00,51.459999084472656,51.459999084472656,51.459999084472656,51.459999084472656,329,0.0,0.0
2024-06-13 13:14:00-04:00,51.470001220703125,51.54999923706055,51.40999984741211,51.40999984741211,23629,0.0,0.0
2024-06-13 13:15:00-04:00,51.349998474121094,51.349998474121094,51.349998474121094,51.349998474121094,944,0.0,0.0
2024-06-13 13:16:00-04:00,51.26449966430664,51.26449966430664,51.26449966430664,51.26449966430664,124,0.0,0.0
2024-06-13 13:17:00-04:00,51.25,51.540000915527344,51.25,51.5098991394043,9179,0.0,0.0
2024-06-13 13:18:00-04:00,51.35499954223633,51.779998779296875,51.35499954223633,51.70000076293945,14943,0.0,0.0
2024-06-13 13:19:00-04:00,51.560001373291016,51.650001525878906,51.560001373291016,51.650001525878906,738,0.0,0.0
2024-06-13 13:21:00-04:00,51.56999969482422,51.56999969482422,51.54999923706055,51.560001373291016,5131,0.0,0.0
2024-06-13 13:24:00-04:00,51.40299987792969,51.40650177001953,51.40299987792969,51.40650177001953,303,0.0,0.0
2024-06-13 13:25:00-04:00,51.380001068115234,51.380001068115234,51.380001068115234,51.380001068115234,3194,0.0,0.0
2024-06-13 13:26:00-04:00,51.599998474121094,51.61000061035156,51.505001068115234,51.505001068115234,2643,0.0,0.0
2024-06-13 13:28:00-04:00,51.46500015258789,51.46500015258789,51.46500015258789,51.46500015258789,140,0.0,0.0
2024-06-13 13:30:00-04:00,51.5,51.5099983215332,51.400001525878906,51.400001525878906,5161,0.0,0.0
2024-06-13 13:31:00-04:00,51.380001068115234,51.380001068115234,51.220001220703125,51.220001220703125,1090,0.0,0.0
2024-06-13 13:32:00-04:00,51.20000076293945,51.20000076293945,51.20000076293945,51.20000076293945,589,0.0,0.0
2024-06-13 13:34:00-04:00,51.27000045776367,51.27000045776367,51.27000045776367,51.27000045776367,353,0.0,0.0
2024-06-13 13:37:00-04:00,51.220001220703125,51.380001068115234,51.20000076293945,51.380001068115234,2661,0.0,0.0
2024-06-13 13:38:00-04:00,51.34000015258789,51.34000015258789,51.34000015258789,51.34000015258789,419,0.0,0.0
2024-06-13 13:40:00-04:00,51.40599822998047,51.40599822998047,51.34000015258789,51.34000015258789,1264,0.0,0.0
2024-06-13 13:42:00-04:00,51.400001525878906,51.400001525878906,51.38999938964844,51.38999938964844,383,0.0,0.0
2024-06-13 13:43:00-04:00,51.43000030517578,51.470001220703125,51.41999816894531,51.42499923706055,1515,0.0,0.0
2024-06-13 13:45:00-04:00,51.5,51.5,51.470001220703125,51.470001220703125,941,0.0,0.0
2024-06-13 13:46:00-04:00,51.439998626708984,51.439998626708984,51.36000061035156,51.36000061035156,3322,0.0,0.0
2024-06-13 13:48:00-04:00,51.29999923706055,51.29999923706055,51.29999923706055,51.29999923706055,539,0.0,0.0
2024-06-13 13:52:00-04:00,51.41999816894531,51.560001373291016,51.41999816894531,51.560001373291016,2355,0.0,0.0
2024-06-13 13:53:00-04:00,51.56999969482422,51.56999969482422,51.56999969482422,51.56999969482422,712,0.0,0.0
2024-06-13 13:54:00-04:00,51.54499816894531,51.54499816894531,51.54499816894531,51.54499816894531,514,0.0,0.0
2024-06-13 13:56:00-04:00,51.439998626708984,51.439998626708984,51.439998626708984,51.439998626708984,850,0.0,0.0
2024-06-13 13:57:00-04:00,51.439998626708984,51.439998626708984,51.439998626708984,51.439998626708984,287,0.0,0.0
2024-06-13 13:59:00-04:00,51.459999084472656,51.459999084472656,51.459999084472656,51.459999084472656,537,0.0,0.0
2024-06-13 14:00:00-04:00,51.525001525878906,51.525001525878906,51.525001525878906,51.525001525878906,742,0.0,0.0
2024-06-13 14:01:00-04:00,51.47999954223633,51.47999954223633,51.43000030517578,51.43000030517578,658,0.0,0.0
2024-06-13 14:02:00-04:00,51.43000030517578,51.43000030517578,51.43000030517578,51.43000030517578,845,0.0,0.0
2024-06-13 14:06:00-04:00,51.38999938964844,51.38999938964844,51.38999938964844,51.38999938964844,539,0.0,0.0
2024-06-13 14:07:00-04:00,51.41999816894531,51.41999816894531,51.41999816894531,51.41999816894531,401,0.0,0.0
2024-06-13 14:08:00-04:00,51.40999984741211,51.40999984741211,51.40999984741211,51.40999984741211,572,0.0,0.0
2024-06-13 14:12:00-04:00,51.40999984741211,51.40999984741211,51.40999984741211,51.40999984741211,684,0.0,0.0
2024-06-13 14:13:00-04:00,51.439998626708984,51.470001220703125,51.439998626708984,51.470001220703125,1112,0.0,0.0
2024-06-13 14:14:00-04:00,51.56999969482422,51.56999969482422,51.56999969482422,51.56999969482422,764,0.0,0.0
2024-06-13 14:17:00-04:00,51.560001373291016,51.560001373291016,51.560001373291016,51.560001373291016,648,0.0,0.0
2024-06-13 14:20:00-04:00,51.56999969482422,51.619998931884766,51.56999969482422,51.619998931884766,1394,0.0,0.0
2024-06-13 14:21:00-04:00,51.61000061035156,51.630001068115234,51.61000061035156,51.630001068115234,321,0.0,0.0
2024-06-13 14:24:00-04:00,51.619998931884766,51.619998931884766,51.619998931884766,51.619998931884766,223,0.0,0.0
2024-06-13 14:26:00-04:00,51.584999084472656,51.584999084472656,51.540000915527344,51.540000915527344,1006,0.0,0.0
2024-06-13 14:27:00-04:00,51.5099983215332,51.5099983215332,51.5099983215332,51.5099983215332,237,0.0,0.0
2024-06-13 14:28:00-04:00,51.54499816894531,51.54499816894531,51.54499816894531,51.54499816894531,303,0.0,0.0
2024-06-13 14:29:00-04:00,51.529998779296875,51.529998779296875,51.529998779296875,51.529998779296875,489,0.0,0.0
2024-06-13 14:32:00-04:00,51.61000061035156,51.61000061035156,51.61000061035156,51.61000061035156,1232,0.0,0.0
2024-06-13 14:33:00-04:00,51.619998931884766,51.689998626708984,51.619998931884766,51.689998626708984,1048,0.0,0.0
2024-06-13 14:36:00-04:00,51.86000061035156,51.875,51.86000061035156,51.875,501,0.0,0.0
2024-06-13 14:37:00-04:00,51.87990188598633,51.87990188598633,51.82500076293945,51.82500076293945,450,0.0,0.0
2024-06-13 14:38:00-04:00,51.77000045776367,51.810001373291016,51.77000045776367,51.810001373291016,1697,0.0,0.0
2024-06-13 14:39:00-04:00,51.75,51.859901428222656,51.75,51.810001373291016,586,0.0,0.0
2024-06-13 14:41:00-04:00,51.86000061035156,51.970001220703125,51.86000061035156,51.970001220703125,2771,0.0,0.0
2024-06-13 14:42:00-04:00,51.849998474121094,51.8650016784668,51.79999923706055,51.79999923706055,1958,0.0,0.0
2024-06-13 14:45:00-04:00,51.845001220703125,51.88999938964844,51.845001220703125,51.88999938964844,404,0.0,0.0
2024-06-13 14:46:00-04:00,51.849998474121094,51.900001525878906,51.790000915527344,51.829200744628906,8815,0.0,0.0
2024-06-13 14:47:00-04:00,51.845001220703125,52.04999923706055,51.845001220703125,51.88999938964844,3510,0.0,0.0
2024-06-13 14:49:00-04:00,51.97100067138672,51.97100067138672,51.97100067138672,51.97100067138672,343,0.0,0.0
2024-06-13 14:50:00-04:00,51.88999938964844,51.88999938964844,51.88999938964844,51.88999938964844,1026,0.0,0.0
2024-06-13 14:51:00-04:00,51.869998931884766,51.869998931884766,51.869998931884766,51.869998931884766,376,0.0,0.0
2024-06-13 14:52:00-04:00,51.97890090942383,51.97890090942383,51.97890090942383,51.97890090942383,203,0.0,0.0
2024-06-13 14:53:00-04:00,51.97999954223633,52.040000915527344,51.937198638916016,52.040000915527344,3500,0.0,0.0
2024-06-13 14:54:00-04:00,51.939998626708984,51.939998626708984,51.93000030517578,51.93000030517578,2241,0.0,0.0
2024-06-13 14:55:00-04:00,51.869998931884766,51.904998779296875,51.869998931884766,51.89500045776367,1848,0.0,0.0
2024-06-13 14:56:00-04:00,51.89500045776367,51.89500045776367,51.89500045776367,51.89500045776367,462,0.0,0.0
2024-06-13 14:57:00-04:00,51.81999969482422,51.81999969482422,51.81999969482422,51.81999969482422,719,0.0,0.0
2024-06-13 14:58:00-04:00,51.85499954223633,51.939998626708984,51.85499954223633,51.939998626708984,1685,0.0,0.0
2024-06-13 15:00:00-04:00,51.95000076293945,51.98500061035156,51.91999816894531,51.91999816894531,1118,0.0,0.0
2024-06-13 15:01:00-04:00,51.95500183105469,51.95500183105469,51.95500183105469,51.95500183105469,1443,0.0,0.0
2024-06-13 15:02:00-04:00,51.96500015258789,51.96500015258789,51.95249938964844,51.95249938964844,494,0.0,0.0
2024-06-13 15:03:00-04:00,52.02000045776367,52.02000045776367,52.02000045776367,52.02000045776367,637,0.0,0.0
2024-06-13 15:04:00-04:00,52.02000045776367,52.06999969482422,52.0,52.06999969482422,2375,0.0,0.0
2024-06-13 15:05:00-04:00,51.95000076293945,51.9900016784668,51.95000076293945,51.9900016784668,2584,0.0,0.0
2024-06-13 15:08:00-04:00,52.060001373291016,52.060001373291016,51.9900016784668,52.05500030517578,5145,0.0,0.0
2024-06-13 15:09:00-04:00,52.0099983215332,52.0099983215332,52.005001068115234,52.005001068115234,934,0.0,0.0
2024-06-13 15:11:00-04:00,52.02000045776367,52.02000045776367,51.900001525878906,51.900001525878906,4180,0.0,0.0
2024-06-13 15:14:00-04:00,51.880001068115234,51.880001068115234,51.880001068115234,51.880001068115234,255,0.0,0.0
2024-06-13 15:15:00-04:00,51.93000030517578,51.93000030517578,51.93000030517578,51.93000030517578,2776,0.0,0.0
2024-06-13 15:18:00-04:00,51.95930099487305,51.95930099487305,51.95930099487305,51.95930099487305,170,0.0,0.0
2024-06-13 15:19:00-04:00,51.959999084472656,51.9900016784668,51.959999084472656,51.9900016784668,2140,0.0,0.0
2024-06-13 15:22:00-04:00,52.04999923706055,52.04999923706055,52.04999923706055,52.04999923706055,254,0.0,0.0
2024-06-13 15:23:00-04:00,52.02000045776367,52.02000045776367,52.02000045776367,52.02000045776367,912,0.0,0.0
2024-06-13 15:24:00-04:00,52.02000045776367,52.02000045776367,52.02000045776367,52.02000045776367,668,0.0,0.0
2024-06-13 15:26:00-04:00,52.04999923706055,52.04999923706055,51.9900016784668,51.9900016784668,1950,0.0,0.0
2024-06-13 15:27:00-04:00,52.0,52.0,52.0,52.0,403,0.0,0.0
2024-06-13 15:28:00-04:00,52.0099983215332,52.02000045776367,52.0099983215332,52.02000045776367,1659,0.0,0.0
2024-06-13 15:29:00-04:00,52.059898376464844,52.059898376464844,52.04999923706055,52.04999923706055,517,0.0,0.0
2024-06-13 15:30:00-04:00,52.0099983215332,52.04999923706055,51.9900016784668,52.03799819946289,745,0.0,0.0
2024-06-13 15:31:00-04:00,52.040000915527344,52.04100036621094,52.040000915527344,52.040000915527344,350,0.0,0.0
2024-06-13 15:32:00-04:00,52.040000915527344,52.04999923706055,51.939998626708984,51.970001220703125,9522,0.0,0.0
2024-06-13 15:33:00-04:00,51.96500015258789,52.00899887084961,51.96500015258789,52.00899887084961,454,0.0,0.0
2024-06-13 15:34:00-04:00,52.02000045776367,52.02000045776367,51.959999084472656,51.96500015258789,770,0.0,0.0
2024-06-13 15:35:00-04:00,51.96500015258789,51.974998474121094,51.93000030517578,51.93000030517578,1750,0.0,0.0
2024-06-13 15:36:00-04:00,51.959999084472656,51.959999084472656,51.959999084472656,51.959999084472656,1225,0.0,0.0
2024-06-13 15:37:00-04:00,51.869998931884766,51.97999954223633,51.68000030517578,51.92499923706055,11524,0.0,0.0
2024-06-13 15:39:00-04:00,51.904998779296875,51.904998779296875,51.904998779296875,51.904998779296875,355,0.0,0.0
2024-06-13 15:40:00-04:00,51.94900131225586,51.95199966430664,51.88999938964844,51.88999938964844,785,0.0,0.0
2024-06-13 15:41:00-04:00,51.91999816894531,51.91999816894531,51.880001068115234,51.91999816894531,961,0.0,0.0
2024-06-13 15:42:00-04:00,51.959999084472656,51.959999084472656,51.95199966430664,51.959999084472656,1676,0.0,0.0
2024-06-13 15:43:00-04:00,51.970001220703125,51.970001220703125,51.92499923706055,51.92499923706055,1153,0.0,0.0
2024-06-13 15:44:00-04:00,51.970001220703125,52.040000915527344,51.95000076293945,51.98500061035156,16155,0.0,0.0
2024-06-13 15:45:00-04:00,51.970001220703125,52.04999923706055,51.970001220703125,51.97999954223633,5686,0.0,0.0
2024-06-13 15:46:00-04:00,51.97999954223633,52.005001068115234,51.97999954223633,51.97999954223633,847,0.0,0.0
2024-06-13 15:47:00-04:00,52.02989959716797,52.02989959716797,51.959999084472656,52.01750183105469,4732,0.0,0.0
2024-06-13 15:48:00-04:00,51.9900016784668,51.9900016784668,51.85499954223633,51.95000076293945,2598,0.0,0.0
2024-06-13 15:49:00-04:00,51.869998931884766,51.880001068115234,51.83000183105469,51.834999084472656,2253,0.0,0.0
2024-06-13 15:50:00-04:00,51.85499954223633,52.0,51.85499954223633,51.959999084472656,5548,0.0,0.0
2024-06-13 15:51:00-04:00,51.992000579833984,51.992000579833984,51.992000579833984,51.992000579833984,332,0.0,0.0
2024-06-13 15:52:00-04:00,51.93000030517578,51.98500061035156,51.90999984741211,51.90999984741211,3904,0.0,0.0
2024-06-13 15:53:00-04:00,51.90999984741211,51.95000076293945,51.900001525878906,51.91999816894531,2012,0.0,0.0
2024-06-13 15:54:00-04:00,51.94499969482422,51.9900016784668,51.875,51.904998779296875,5197,0.0,0.0
2024-06-13 15:55:00-04:00,51.904998779296875,51.939998626708984,51.880001068115234,51.91460037231445,4193,0.0,0.0
2024-06-13 15:56:00-04:00,51.939998626708984,52.029998779296875,51.89500045776367,51.89500045776367,15951,0.0,0.0
2024-06-13 15:57:00-04:00,51.93000030517578,51.9900016784668,51.90999984741211,51.939998626708984,7839,0.0,0.0
2024-06-13 15:58:00-04:00,51.9640007019043,51.9640007019043,51.78499984741211,51.79499816894531,9894,0.0,0.0
2024-06-13 15:59:00-04:00,51.81999969482422,51.880001068115234,51.65999984741211,51.65999984741211,26432,0.0,0.0
2024-06-14 09:30:00-04:00,52.13999938964844,52.13999938964844,51.599998474121094,51.720001220703125,12001,0.0,0.0
2024-06-14 09:32:00-04:00,51.46269989013672,51.46269989013672,51.46269989013672,51.46269989013672,1154,0.0,0.0
2024-06-14 09:33:00-04:00,51.529998779296875,51.529998779296875,51.529998779296875,51.529998779296875,329,0.0,0.0
2024-06-14 09:34:00-04:00,51.790000915527344,51.790000915527344,51.505001068115234,51.505001068115234,401,0.0,0.0
2024-06-14 09:35:00-04:00,51.70989990234375,51.70989990234375,51.70989990234375,51.70989990234375,131,0.0,0.0
2024-06-14 09:36:00-04:00,51.61539840698242,51.61539840698242,51.61539840698242,51.61539840698242,247,0.0,0.0
2024-06-14 09:37:00-04:00,51.650001525878906,51.650001525878906,51.650001525878906,51.650001525878906,1046,0.0,0.0
2024-06-14 09:38:00-04:00,51.621299743652344,51.621299743652344,51.41999816894531,51.41999816894531,1520,0.0,0.0
2024-06-14 09:40:00-04:00,51.3849983215332,51.3849983215332,50.5,50.58000183105469,9714,0.0,0.0
2024-06-14 09:41:00-04:00,50.77000045776367,50.88999938964844,50.730098724365234,50.88999938964844,2459,0.0,0.0
2024-06-14 09:42:00-04:00,50.75,50.75,50.75,50.75,623,0.0,0.0
2024-06-14 09:44:00-04:00,50.630001068115234,50.68000030517578,50.52000045776367,50.529998779296875,10234,0.0,0.0
2024-06-14 09:45:00-04:00,50.620601654052734,50.620601654052734,50.620601654052734,50.620601654052734,293,0.0,0.0
2024-06-14 09:46:00-04:00,50.7599983215332,50.85459899902344,50.630001068115234,50.630001068115234,2325,0.0,0.0
2024-06-14 09:47:00-04:00,50.720001220703125,50.720001220703125,50.720001220703125,50.720001220703125,774,0.0,0.0
2024-06-14 09:48:00-04:00,50.61000061035156,50.85179901123047,50.599998474121094,50.85179901123047,1809,0.0,0.0
2024-06-14 09:49:00-04:00,50.69499969482422,50.69499969482422,50.689998626708984,50.69499969482422,1364,0.0,0.0
2024-06-14 09:50:00-04:00,50.8849983215332,50.93000030517578,50.8849983215332,50.91999816894531,1133,0.0,0.0
2024-06-14 09:51:00-04:00,51.04999923706055,51.11989974975586,50.935001373291016,50.935001373291016,5864,0.0,0.0
2024-06-14 09:52:00-04:00,50.95000076293945,50.95000076293945,50.95000076293945,50.95000076293945,223,0.0,0.0
2024-06-14 09:54:00-04:00,50.904998779296875,50.904998779296875,50.904998779296875,50.904998779296875,1590,0.0,0.0
2024-06-14 09:55:00-04:00,50.5,50.5,50.310001373291016,50.38999938964844,2853,0.0,0.0
2024-06-14 09:56:00-04:00,50.20000076293945,50.209999084472656,50.08000183105469,50.20500183105469,1480,0.0,0.0
2024-06-14 09:57:00-04:00,50.310001373291016,50.310001373291016,50.310001373291016,50.310001373291016,1181,0.0,0.0
2024-06-14 09:58:00-04:00,50.279998779296875,50.279998779296875,49.849998474121094,49.95000076293945,4375,0.0,0.0
2024-06-14 09:59:00-04:00,49.880001068115234,49.900001525878906,49.880001068115234,49.900001525878906,1786,0.0,0.0
2024-06-14 10:00:00-04:00,49.650001525878906,49.654998779296875,49.57500076293945,49.654998779296875,2123,0.0,0.0
2024-06-14 10:01:00-04:00,49.654998779296875,49.679100036621094,49.654998779296875,49.679100036621094,1295,0.0,0.0
2024-06-14 10:02:00-04:00,49.650001525878906,49.650001525878906,49.562400817871094,49.650001525878906,1086,0.0,0.0
2024-06-14 10:03:00-04:00,49.560001373291016,49.599998474121094,49.5,49.54199981689453,5868,0.0,0.0
2024-06-14 10:04:00-04:00,49.619998931884766,49.689998626708984,49.189998626708984,49.400001525878906,14896,0.0,0.0
2024-06-14 10:05:00-04:00,49.38999938964844,49.61000061035156,49.380001068115234,49.61000061035156,4514,0.0,0.0
2024-06-14 10:06:00-04:00,49.470001220703125,49.650001525878906,49.470001220703125,49.525001525878906,1704,0.0,0.0
2024-06-14 10:07:00-04:00,49.619998931884766,49.83700180053711,49.619998931884766,49.83700180053711,1266,0.0,0.0
2024-06-14 10:08:00-04:00,49.880001068115234,49.92539978027344,49.744998931884766,49.7599983215332,2419,0.0,0.0
2024-06-14 10:09:00-04:00,49.83000183105469,50.060001373291016,49.83000183105469,50.060001373291016,5971,0.0,0.0
2024-06-14 10:10:00-04:00,50.0,50.0,50.0,50.0,413,0.0,0.0
2024-06-14 10:11:00-04:00,49.970001220703125,50.005001068115234,49.79499816894531,49.79499816894531,1165,0.0,0.0
2024-06-14 10:12:00-04:00,49.79999923706055,49.8849983215332,49.79999923706055,49.8849983215332,582,0.0,0.0
2024-06-14 10:13:00-04:00,49.83000183105469,49.91999816894531,49.75,49.75,3898,0.0,0.0
2024-06-14 10:14:00-04:00,49.689998626708984,49.93000030517578,49.689998626708984,49.93000030517578,1556,0.0,0.0
2024-06-14 10:15:00-04:00,49.93000030517578,50.02000045776367,49.91999816894531,49.939998626708984,1683,0.0,0.0
2024-06-14 10:17:00-04:00,50.09000015258789,50.09000015258789,49.98500061035156,50.0,1605,0.0,0.0
2024-06-14 10:19:00-04:00,50.07500076293945,50.07500076293945,50.07500076293945,50.07500076293945,2500,0.0,0.0
2024-06-14 10:20:00-04:00,50.0,50.0099983215332,49.5,49.5,9987,0.0,0.0
2024-06-14 10:22:00-04:00,49.48500061035156,49.5,49.060001373291016,49.189998626708984,17825,0.0,0.0
2024-06-14 10:23:00-04:00,49.06999969482422,49.099998474121094,49.0099983215332,49.087501525878906,5999,0.0,0.0
2024-06-14 10:24:00-04:00,49.08000183105469,49.18000030517578,49.08000183105469,49.18000030517578,1729,0.0,0.0
2024-06-14 10:25:00-04:00,49.17499923706055,49.17499923706055,49.17499923706055,49.17499923706055,1432,0.0,0.0
2024-06-14 10:26:00-04:00,49.099998474121094,49.099998474121094,49.099998474121094,49.099998474121094,1740,0.0,0.0
2024-06-14 10:27:00-04:00,49.18730163574219,49.525001525878906,49.185001373291016,49.400001525878906,3479,0.0,0.0
2024-06-14 10:28:00-04:00,49.404998779296875,49.5099983215332,49.404998779296875,49.42599868774414,1166,0.0,0.0
2024-06-14 10:29:00-04:00,49.400001525878906,49.400001525878906,49.15999984741211,49.27000045776367,7476,0.0,0.0
2024-06-14 10:30:00-04:00,49.34749984741211,49.34749984741211,49.15999984741211,49.279998779296875,1935,0.0,0.0
2024-06-14 10:31:00-04:00,49.19499969482422,49.19499969482422,49.119998931884766,49.119998931884766,1294,0.0,0.0
2024-06-14 10:32:00-04:00,49.119998931884766,49.119998931884766,49.10499954223633,49.10499954223633,836,0.0,0.0
2024-06-14 10:33:00-04:00,49.130001068115234,49.20000076293945,49.10499954223633,49.10499954223633,4993,0.0,0.0
2024-06-14 10:34:00-04:00,49.20000076293945,49.209999084472656,49.0,49.06999969482422,33245,0.0,0.0
2024-06-14 10:35:00-04:00,49.13750076293945,49.16999816894531,49.13750076293945,49.16999816894531,925,0.0,0.0
2024-06-14 10:36:00-04:00,49.05160140991211,49.05160140991211,48.810001373291016,48.83000183105469,7466,0.0,0.0
2024-06-14 10:37:00-04:00,48.880001068115234,49.0,48.880001068115234,49.0,4016,0.0,0.0
2024-06-14 10:40:00-04:00,48.939998626708984,48.994998931884766,48.939998626708984,48.939998626708984,3421,0.0,0.0
2024-06-14 10:41:00-04:00,48.970001220703125,48.970001220703125,48.90999984741211,48.970001220703125,2189,0.0,0.0
2024-06-14 10:42:00-04:00,48.91999816894531,49.150001525878906,48.88999938964844,48.90999984741211,23794,0.0,0.0
2024-06-14 10:43:00-04:00,48.959999084472656,48.97999954223633,48.959999084472656,48.97999954223633,1323,0.0,0.0
2024-06-14 10:44:00-04:00,48.915000915527344,49.16999816894531,48.915000915527344,49.13999938964844,3167,0.0,0.0
2024-06-14 10:45:00-04:00,49.2400016784668,49.43000030517578,49.2400016784668,49.334999084472656,2247,0.0,0.0
2024-06-14 10:46:00-04:00,49.47999954223633,49.53499984741211,49.41999816894531,49.53499984741211,6316,0.0,0.0
2024-06-14 10:47:00-04:00,49.56999969482422,49.645301818847656,49.459999084472656,49.47999954223633,1880,0.0,0.0
2024-06-14 10:48:00-04:00,49.404998779296875,49.41999816894531,49.380001068115234,49.380001068115234,1749,0.0,0.0
2024-06-14 10:49:00-04:00,49.33000183105469,49.33000183105469,49.33000183105469,49.33000183105469,246,0.0,0.0
2024-06-14 10:50:00-04:00,49.36000061035156,49.36000061035156,49.36000061035156,49.36000061035156,349,0.0,0.0
2024-06-14 10:51:00-04:00,49.334999084472656,49.334999084472656,49.334999084472656,49.334999084472656,343,0.0,0.0
2024-06-14 10:52:00-04:00,49.25,49.25,49.25,49.25,977,0.0,0.0
2024-06-14 10:54:00-04:00,49.17499923706055,49.17499923706055,49.17499923706055,49.17499923706055,353,0.0,0.0
2024-06-14 10:55:00-04:00,49.07500076293945,49.07500076293945,49.07500076293945,49.07500076293945,243,0.0,0.0
2024-06-14 10:56:00-04:00,49.09000015258789,49.09000015258789,49.04999923706055,49.04999923706055,829,0.0,0.0
2024-06-14 10:57:00-04:00,49.04999923706055,49.04999923706055,49.04999923706055,49.04999923706055,343,0.0,0.0
2024-06-14 10:58:00-04:00,49.1255989074707,49.1255989074707,48.9275016784668,48.9275016784668,3120,0.0,0.0
2024-06-14 10:59:00-04:00,48.93000030517578,49.029998779296875,48.93000030517578,48.959999084472656,1684,0.0,0.0
2024-06-14 11:00:00-04:00,49.040000915527344,49.099998474121094,48.95669937133789,49.08000183105469,3057,0.0,0.0
2024-06-14 11:01:00-04:00,48.97999954223633,48.97999954223633,48.97999954223633,48.97999954223633,188,0.0,0.0
2024-06-14 11:02:00-04:00,49.08000183105469,49.08000183105469,49.08000183105469,49.08000183105469,777,0.0,0.0
2024-06-14 11:03:00-04:00,49.09000015258789,49.09000015258789,49.084999084472656,49.084999084472656,10376,0.0,0.0
2024-06-14 11:04:00-04:00,49.0099983215332,49.0099983215332,48.970001220703125,49.0,1893,0.0,0.0
2024-06-14 11:05:00-04:00,49.06999969482422,49.08000183105469,49.06999969482422,49.08000183105469,1144,0.0,0.0
2024-06-14 11:06:00-04:00,49.06999969482422,49.06999969482422,49.060001373291016,49.060001373291016,484,0.0,0.0
2024-06-14 11:07:00-04:00,49.08000183105469,49.08000183105469,49.08000183105469,49.08000183105469,519,0.0,0.0
2024-06-14 11:08:00-04:00,49.0,49.0,48.93000030517578,48.959999084472656,1360,0.0,0.0
2024-06-14 11:09:00-04:00,48.92499923706055,48.92499923706055,48.689998626708984,48.689998626708984,5236,0.0,0.0
2024-06-14 11:11:00-04:00,48.81999969482422,48.81999969482422,48.78499984741211,48.790000915527344,3423,0.0,0.0
2024-06-14 11:12:00-04:00,48.790000915527344,48.869998931884766,48.630001068115234,48.71500015258789,23425,0.0,0.0
2024-06-14 11:13:00-04:00,48.810001373291016,48.91999816894531,48.810001373291016,48.900001525878906,2656,0.0,0.0
2024-06-14 11:14:00-04:00,48.9900016784668,48.9900016784668,48.9900016784668,48.9900016784668,1092,0.0,0.0
2024-06-14 11:16:00-04:00,49.099998474121094,49.18000030517578,49.099998474121094,49.18000030517578,1863,0.0,0.0
2024-06-14 11:17:00-04:00,49.25,49.25,49.25,49.25,694,0.0,0.0
2024-06-14 11:18:00-04:00,49.25,49.25,49.16999816894531,49.16999816894531,908,0.0,0.0
2024-06-14 11:19:00-04:00,49.099998474121094,49.180301666259766,49.04999923706055,49.07500076293945,2130,0.0,0.0
2024-06-14 11:20:00-04:00,49.13999938964844,49.29750061035156,49.13999938964844,49.29750061035156,1553,0.0,0.0
2024-06-14 11:22:00-04:00,49.30500030517578,49.30500030517578,49.30500030517578,49.30500030517578,419,0.0,0.0
2024-06-14 11:23:00-04:00,49.27000045776367,49.27000045776367,49.27000045776367,49.27000045776367,635,0.0,0.0
2024-06-14 11:25:00-04:00,49.22999954223633,49.22999954223633,49.22999954223633,49.22999954223633,1268,0.0,0.0
2024-06-14 11:26:00-04:00,49.224998474121094,49.224998474121094,49.178199768066406,49.178199768066406,815,0.0,0.0
2024-06-14 11:27:00-04:00,49.150001525878906,49.150001525878906,49.150001525878906,49.150001525878906,893,0.0,0.0
2024-06-14 11:28:00-04:00,49.262298583984375,49.262298583984375,49.262298583984375,49.262298583984375,323,0.0,0.0
2024-06-14 11:29:00-04:00,49.290000915527344,49.400001525878906,49.279998779296875,49.310001373291016,4052,0.0,0.0
2024-06-14 11:30:00-04:00,49.34000015258789,49.34000015258789,49.34000015258789,49.34000015258789,240,0.0,0.0
2024-06-14 11:31:00-04:00,49.34000015258789,49.43000030517578,49.34000015258789,49.43000030517578,792,0.0,0.0
2024-06-14 11:32:00-04:00,49.369998931884766,49.369998931884766,49.369998931884766,49.369998931884766,203,0.0,0.0
2024-06-14 11:34:00-04:00,49.349998474121094,49.349998474121094,49.349998474121094,49.349998474121094,394,0.0,0.0
2024-06-14 11:35:00-04:00,49.35499954223633,49.39889907836914,49.35499954223633,49.39889907836914,1689,0.0,0.0
2024-06-14 11:36:00-04:00,49.35499954223633,49.35499954223633,49.32500076293945,49.33000183105469,2465,0.0,0.0
2024-06-14 11:38:00-04:00,49.369998931884766,49.369998931884766,49.369998931884766,49.369998931884766,686,0.0,0.0
2024-06-14 11:39:00-04:00,49.39500045776367,49.39500045776367,49.337501525878906,49.337501525878906,1909,0.0,0.0
2024-06-14 11:41:00-04:00,49.31999969482422,49.349998474121094,49.2599983215332,49.2599983215332,1563,0.0,0.0
2024-06-14 11:42:00-04:00,49.34379959106445,49.34379959106445,49.279998779296875,49.279998779296875,674,0.0,0.0
2024-06-14 11:43:00-04:00,49.279998779296875,49.279998779296875,49.26499938964844,49.26499938964844,260,0.0,0.0
2024-06-14 11:44:00-04:00,49.275001525878906,49.275001525878906,49.275001525878906,49.275001525878906,239,0.0,0.0
2024-06-14 11:45:00-04:00,49.255001068115234,49.255001068115234,49.209999084472656,49.21500015258789,708,0.0,0.0
2024-06-14 11:46:00-04:00,49.18000030517578,49.18000030517578,49.14500045776367,49.14500045776367,1366,0.0,0.0
2024-06-14 11:47:00-04:00,49.125,49.125,49.125,49.125,306,0.0,0.0
2024-06-14 11:48:00-04:00,49.02000045776367,49.03499984741211,49.02000045776367,49.03499984741211,945,0.0,0.0
2024-06-14 11:49:00-04:00,49.02750015258789,49.03499984741211,48.97999954223633,48.97999954223633,1337,0.0,0.0
2024-06-14 11:50:00-04:00,48.97999954223633,48.97999954223633,48.959999084472656,48.96500015258789,3503,0.0,0.0
2024-06-14 11:51:00-04:00,48.959999084472656,48.970001220703125,48.959999084472656,48.970001220703125,501,0.0,0.0
2024-06-14 11:53:00-04:00,48.959999084472656,48.98500061035156,48.959999084472656,48.97999954223633,760,0.0,0.0
2024-06-14 11:54:00-04:00,48.974998474121094,49.03670120239258,48.974998474121094,48.97999954223633,488,0.0,0.0
2024-06-14 11:55:00-04:00,48.970001220703125,49.029998779296875,48.869998931884766,48.880001068115234,5296,0.0,0.0
2024-06-14 11:56:00-04:00,48.89500045776367,48.89500045776367,48.89500045776367,48.89500045776367,605,0.0,0.0
2024-06-14 11:57:00-04:00,48.89500045776367,48.89500045776367,48.89500045776367,48.89500045776367,871,0.0,0.0
2024-06-14 11:59:00-04:00,48.8650016784668,48.8650016784668,48.849998474121094,48.849998474121094,3206,0.0,0.0
2024-06-14 12:00:00-04:00,48.75,48.75,48.70000076293945,48.724998474121094,1174,0.0,0.0
2024-06-14 12:01:00-04:00,48.724998474121094,48.79999923706055,48.724998474121094,48.79999923706055,774,0.0,0.0
2024-06-14 12:02:00-04:00,48.71500015258789,48.720001220703125,48.630001068115234,48.630001068115234,3513,0.0,0.0
2024-06-14 12:03:00-04:00,48.5,48.5,48.290000915527344,48.290000915527344,2860,0.0,0.0
2024-06-14 12:05:00-04:00,48.27000045776367,48.33000183105469,48.27000045776367,48.33000183105469,4302,0.0,0.0
2024-06-14 12:06:00-04:00,48.349998474121094,48.369998931884766,48.349998474121094,48.369998931884766,520,0.0,0.0
2024-06-14 12:07:00-04:00,48.400001525878906,48.400001525878906,48.38999938964844,48.38999938964844,3105,0.0,0.0
2024-06-14 12:08:00-04:00,48.29999923706055,48.29999923706055,48.283599853515625,48.283599853515625,1163,0.0,0.0
2024-06-14 12:10:00-04:00,48.2599983215332,48.459999084472656,48.2599983215332,48.459999084472656,5069,0.0,0.0
2024-06-14 12:11:00-04:00,48.5,48.5,48.5,48.5,1289,0.0,0.0
2024-06-14 12:12:00-04:00,48.56999969482422,48.599998474121094,48.53499984741211,48.599998474121094,912,0.0,0.0
2024-06-14 12:13:00-04:00,48.540000915527344,48.61000061035156,48.540000915527344,48.56999969482422,1677,0.0,0.0
2024-06-14 12:14:00-04:00,48.630001068115234,48.75,48.630001068115234,48.75,1226,0.0,0.0
2024-06-14 12:15:00-04:00,48.73500061035156,48.73500061035156,48.72999954223633,48.72999954223633,1064,0.0,0.0
2024-06-14 12:16:00-04:00,48.68000030517578,48.68000030517578,48.599998474121094,48.60499954223633,1571,0.0,0.0
2024-06-14 12:17:00-04:00,48.439998626708984,48.470001220703125,48.439998626708984,48.470001220703125,674,0.0,0.0
2024-06-14 12:18:00-04:00,48.415000915527344,48.5099983215332,48.415000915527344,48.5099983215332,1605,0.0,0.0
2024-06-14 12:20:00-04:00,48.40999984741211,48.499900817871094,48.40999984741211,48.459999084472656,841,0.0,0.0
2024-06-14 12:21:00-04:00,48.4900016784668,48.58000183105469,48.4900016784668,48.58000183105469,2975,0.0,0.0
2024-06-14 12:22:00-04:00,48.58000183105469,48.685001373291016,48.58000183105469,48.685001373291016,1220,0.0,0.0
2024-06-14 12:23:00-04:00,48.72999954223633,48.7599983215332,48.72999954223633,48.7599983215332,869,0.0,0.0
2024-06-14 12:24:00-04:00,48.79999923706055,48.86000061035156,48.79999923706055,48.86000061035156,394,0.0,0.0
2024-06-14 12:25:00-04:00,48.84000015258789,48.84000015258789,48.77000045776367,48.77000045776367,567,0.0,0.0
2024-06-14 12:26:00-04:00,48.709999084472656,48.724998474121094,48.709999084472656,48.724998474121094,1886,0.0,0.0
2024-06-14 12:27:00-04:00,48.6349983215332,48.6349983215332,48.6349983215332,48.6349983215332,1146,0.0,0.0
2024-06-14 12:28:00-04:00,48.35499954223633,48.35499954223633,48.35499954223633,48.35499954223633,626,0.0,0.0
2024-06-14 12:31:00-04:00,48.400001525878906,48.43000030517578,48.38999938964844,48.38999938964844,2666,0.0,0.0
2024-06-14 12:32:00-04:00,48.38999938964844,48.529998779296875,48.38949966430664,48.529998779296875,5473,0.0,0.0
2024-06-14 12:33:00-04:00,48.5099983215332,48.5099983215332,48.5,48.5,1456,0.0,0.0
2024-06-14 12:35:00-04:00,48.540000915527344,48.540000915527344,48.400001525878906,48.400001525878906,1032,0.0,0.0
2024-06-14 12:36:00-04:00,48.470001220703125,48.540000915527344,48.470001220703125,48.540000915527344,1126,0.0,0.0
2024-06-14 12:37:00-04:00,48.58000183105469,48.58000183105469,48.45009994506836,48.5,2517,0.0,0.0
2024-06-14 12:38:00-04:00,48.5,48.72999954223633,48.40999984741211,48.6150016784668,8434,0.0,0.0
2024-06-14 12:39:00-04:00,48.60499954223633,48.639400482177734,48.595001220703125,48.639400482177734,2513,0.0,0.0
2024-06-14 12:42:00-04:00,48.52009963989258,48.599998474121094,48.52009963989258,48.56999969482422,488,0.0,0.0
2024-06-14 12:43:00-04:00,48.599998474121094,48.69499969482422,48.599998474121094,48.69499969482422,2807,0.0,0.0
2024-06-14 12:45:00-04:00,48.71500015258789,48.71500015258789,48.71500015258789,48.71500015258789,309,0.0,0.0
2024-06-14 12:46:00-04:00,48.71500015258789,48.71500015258789,48.709999084472656,48.709999084472656,1813,0.0,0.0
2024-06-14 12:47:00-04:00,48.709999084472656,48.76219940185547,48.709999084472656,48.76219940185547,1281,0.0,0.0
2024-06-14 12:48:00-04:00,48.757999420166016,48.757999420166016,48.757999420166016,48.757999420166016,604,0.0,0.0
2024-06-14 12:49:00-04:00,48.709999084472656,48.75,48.709999084472656,48.71500015258789,1766,0.0,0.0
2024-06-14 12:50:00-04:00,48.7156982421875,48.790000915527344,48.7156982421875,48.790000915527344,3098,0.0,0.0
2024-06-14 12:52:00-04:00,48.880001068115234,48.92250061035156,48.880001068115234,48.915000915527344,1036,0.0,0.0
2024-06-14 12:53:00-04:00,48.86000061035156,48.86000061035156,48.7400016784668,48.7400016784668,2428,0.0,0.0
2024-06-14 12:54:00-04:00,48.720001220703125,48.7224006652832,48.66999816894531,48.69499969482422,946,0.0,0.0
2024-06-14 12:55:00-04:00,48.68000030517578,48.68000030517578,48.38999938964844,48.38999938964844,2760,0.0,0.0
2024-06-14 12:56:00-04:00,48.34000015258789,48.43000030517578,48.34000015258789,48.43000030517578,668,0.0,0.0
2024-06-14 12:57:00-04:00,48.39500045776367,48.39500045776367,48.39500045776367,48.39500045776367,301,0.0,0.0
2024-06-14 12:58:00-04:00,48.459999084472656,48.51259994506836,48.404998779296875,48.51259994506836,3622,0.0,0.0
2024-06-14 12:59:00-04:00,48.54999923706055,48.54999923706055,48.494998931884766,48.494998931884766,2355,0.0,0.0
2024-06-14 13:00:00-04:00,48.439998626708984,48.47999954223633,48.38750076293945,48.38750076293945,4486,0.0,0.0
2024-06-14 13:02:00-04:00,48.33000183105469,48.38990020751953,48.314998626708984,48.38990020751953,1272,0.0,0.0
2024-06-14 13:03:00-04:00,48.380001068115234,48.380001068115234,48.380001068115234,48.380001068115234,620,0.0,0.0
2024-06-14 13:04:00-04:00,48.304298400878906,48.304298400878906,48.279998779296875,48.279998779296875,459,0.0,0.0
2024-06-14 13:05:00-04:00,48.31999969482422,48.31999969482422,48.31999969482422,48.31999969482422,358,0.0,0.0
2024-06-14 13:06:00-04:00,48.16999816894531,48.192501068115234,48.11009979248047,48.192501068115234,2232,0.0,0.0
2024-06-14 13:07:00-04:00,48.185001373291016,48.20500183105469,48.185001373291016,48.19499969482422,1421,0.0,0.0
2024-06-14 13:08:00-04:00,48.189998626708984,48.279998779296875,48.18000030517578,48.279998779296875,7030,0.0,0.0
2024-06-14 13:11:00-04:00,48.244998931884766,48.244998931884766,47.68000030517578,47.744998931884766,43190,0.0,0.0
2024-06-14 13:12:00-04:00,47.744998931884766,47.744998931884766,47.73500061035156,47.7400016784668,469,0.0,0.0
2024-06-14 13:13:00-04:00,47.640098571777344,47.78799819946289,47.640098571777344,47.76499938964844,769,0.0,0.0
2024-06-14 13:14:00-04:00,47.76250076293945,47.779998779296875,47.58000183105469,47.779998779296875,1900,0.0,0.0
2024-06-14 13:16:00-04:00,47.529998779296875,47.7400016784668,47.512001037597656,47.7400016784668,13727,0.0,0.0
2024-06-14 13:17:00-04:00,47.68000030517578,47.78049850463867,47.68000030517578,47.78049850463867,2230,0.0,0.0
2024-06-14 13:19:00-04:00,47.720001220703125,47.720001220703125,47.720001220703125,47.720001220703125,401,0.0,0.0
2024-06-14 13:20:00-04:00,47.65999984741211,47.66999816894531,47.599998474121094,47.599998474121094,2124,0.0,0.0
2024-06-14 13:22:00-04:00,47.682498931884766,47.682498931884766,47.599998474121094,47.599998474121094,1084,0.0,0.0
2024-06-14 13:23:00-04:00,47.650001525878906,47.65999984741211,47.470001220703125,47.52000045776367,5957,0.0,0.0
2024-06-14 13:25:00-04:00,47.31119918823242,47.489898681640625,47.31119918823242,47.46200180053711,1056,0.0,0.0
2024-06-14 13:26:00-04:00,47.470001220703125,47.47999954223633,47.41270065307617,47.41270065307617,3461,0.0,0.0
2024-06-14 13:27:00-04:00,47.41999816894531,47.5,47.16999816894531,47.21500015258789,9523,0.0,0.0
2024-06-14 13:28:00-04:00,47.290000915527344,47.5,47.290000915527344,47.400001525878906,10118,0.0,0.0
2024-06-14 13:29:00-04:00,47.400001525878906,47.40999984741211,47.15810012817383,47.26499938964844,14967,0.0,0.0
2024-06-14 13:30:00-04:00,47.255001068115234,47.31999969482422,47.18000030517578,47.194400787353516,33408,0.0,0.0
2024-06-14 13:31:00-04:00,47.09000015258789,47.09000015258789,46.7599983215332,46.79999923706055,10287,0.0,0.0
2024-06-14 13:32:00-04:00,46.750099182128906,46.900001525878906,46.599998474121094,46.86000061035156,12837,0.0,0.0
2024-06-14 13:33:00-04:00,46.849998474121094,46.849998474121094,46.630001068115234,46.630001068115234,1099,0.0,0.0
2024-06-14 13:34:00-04:00,46.82500076293945,47.0,46.72999954223633,46.80500030517578,8025,0.0,0.0
2024-06-14 13:35:00-04:00,46.809898376464844,47.34000015258789,46.809898376464844,47.34000015258789,14247,0.0,0.0
2024-06-14 13:36:00-04:00,47.369998931884766,47.42900085449219,47.16999816894531,47.16999816894531,8686,0.0,0.0
2024-06-14 13:37:00-04:00,47.064998626708984,47.064998626708984,46.83000183105469,46.84000015258789,1072,0.0,0.0
2024-06-14 13:38:00-04:00,46.900001525878906,46.900001525878906,46.7599983215332,46.849998474121094,1417,0.0,0.0
2024-06-14 13:40:00-04:00,46.81999969482422,46.876800537109375,46.779998779296875,46.876800537109375,840,0.0,0.0
2024-06-14 13:41:00-04:00,46.814998626708984,46.959999084472656,46.81010055541992,46.904998779296875,4293,0.0,0.0
2024-06-14 13:42:00-04:00,46.91189956665039,46.91189956665039,46.903900146484375,46.903900146484375,1205,0.0,0.0
2024-06-14 13:43:00-04:00,46.810001373291016,46.912498474121094,46.810001373291016,46.83000183105469,2629,0.0,0.0
2024-06-14 13:44:00-04:00,46.82500076293945,46.82500076293945,46.77000045776367,46.77000045776367,870,0.0,0.0
2024-06-14 13:45:00-04:00,46.897300720214844,46.939998626708984,46.80500030517578,46.869998931884766,3629,0.0,0.0
2024-06-14 13:46:00-04:00,46.88999938964844,46.95000076293945,46.88999938964844,46.92499923706055,1285,0.0,0.0
2024-06-14 13:47:00-04:00,46.970001220703125,47.28990173339844,46.970001220703125,47.19499969482422,4626,0.0,0.0
2024-06-14 13:48:00-04:00,47.19499969482422,47.19499969482422,47.19499969482422,47.19499969482422,435,0.0,0.0
2024-06-14 13:49:00-04:00,47.19499969482422,47.19499969482422,47.19499969482422,47.19499969482422,358,0.0,0.0
2024-06-14 13:50:00-04:00,47.19499969482422,47.29999923706055,47.19499969482422,47.29999923706055,2098,0.0,0.0
2024-06-14 13:51:00-04:00,47.349998474121094,47.349998474121094,47.345001220703125,47.345001220703125,849,0.0,0.0
2024-06-14 13:52:00-04:00,47.349998474121094,47.5099983215332,47.349998474121094,47.46500015258789,3450,0.0,0.0
2024-06-14 13:53:00-04:00,47.46500015258789,47.5,47.44499969482422,47.459999084472656,20060,0.0,0.0
2024-06-14 13:54:00-04:00,47.44499969482422,47.44499969482422,47.400001525878906,47.415000915527344,3177,0.0,0.0
2024-06-14 13:55:00-04:00,47.45000076293945,47.45000076293945,47.345001220703125,47.3650016784668,9018,0.0,0.0
2024-06-14 13:56:00-04:00,47.310001373291016,47.32500076293945,47.30500030517578,47.32500076293945,1898,0.0,0.0
2024-06-14 13:57:00-04:00,47.2599983215332,47.380001068115234,47.25,47.380001068115234,5089,0.0,0.0
2024-06-14 13:58:00-04:00,47.31999969482422,47.38999938964844,47.31999969482422,47.38999938964844,676,0.0,0.0
2024-06-14 13:59:00-04:00,47.29499816894531,47.42499923706055,47.29499816894531,47.349998474121094,19051,0.0,0.0
2024-06-14 14:00:00-04:00,47.36000061035156,47.36000061035156,47.20500183105469,47.20500183105469,11173,0.0,0.0
2024-06-14 14:01:00-04:00,47.279998779296875,47.369998931884766,47.185001373291016,47.369998931884766,1962,0.0,0.0
2024-06-14 14:02:00-04:00,47.33000183105469,47.33000183105469,47.33000183105469,47.33000183105469,233,0.0,0.0
2024-06-14 14:03:00-04:00,47.40999984741211,47.459999084472656,47.33000183105469,47.459999084472656,3883,0.0,0.0
2024-06-14 14:04:00-04:00,47.40999984741211,47.43000030517578,47.40999984741211,47.43000030517578,273,0.0,0.0
2024-06-14 14:05:00-04:00,47.45000076293945,47.45000076293945,47.435001373291016,47.435001373291016,2508,0.0,0.0
2024-06-14 14:06:00-04:00,47.5,47.5099983215332,47.5,47.5,4781,0.0,0.0
2024-06-14 14:07:00-04:00,47.41999816894531,47.42499923706055,47.40999984741211,47.41999816894531,1033,0.0,0.0
2024-06-14 14:08:00-04:00,47.47999954223633,47.47999954223633,47.43000030517578,47.439998626708984,1124,0.0,0.0
2024-06-14 14:09:00-04:00,47.44499969482422,47.44499969482422,47.44499969482422,47.44499969482422,391,0.0,0.0
2024-06-14 14:10:00-04:00,47.4900016784668,47.4900016784668,47.45000076293945,47.45000076293945,981,0.0,0.0
2024-06-14 14:11:00-04:00,47.439998626708984,47.45000076293945,47.38999938964844,47.42499923706055,4562,0.0,0.0
2024-06-14 14:12:00-04:00,47.400001525878906,47.400001525878906,47.310001373291016,47.310001373291016,1986,0.0,0.0
2024-06-14 14:13:00-04:00,47.29999923706055,47.31999969482422,47.28499984741211,47.28499984741211,1384,0.0,0.0
2024-06-14 14:14:00-04:00,47.314701080322266,47.314701080322266,47.314701080322266,47.314701080322266,201,0.0,0.0
2024-06-14 14:15:00-04:00,47.36000061035156,47.36000061035156,47.290000915527344,47.29999923706055,611,0.0,0.0
2024-06-14 14:16:00-04:00,47.36000061035156,47.400001525878906,47.34000015258789,47.400001525878906,5121,0.0,0.0
2024-06-14 14:17:00-04:00,47.34000015258789,47.4900016784668,47.22999954223633,47.39500045776367,25043,0.0,0.0
2024-06-14 14:18:00-04:00,47.39500045776367,47.39500045776367,47.194400787353516,47.27000045776367,5281,0.0,0.0
2024-06-14 14:19:00-04:00,47.28499984741211,47.28499984741211,47.28499984741211,47.28499984741211,230,0.0,0.0
2024-06-14 14:20:00-04:00,47.279998779296875,47.349998474121094,47.279998779296875,47.349998474121094,840,0.0,0.0
2024-06-14 14:21:00-04:00,47.33000183105469,47.33000183105469,47.33000183105469,47.33000183105469,440,0.0,0.0
2024-06-14 14:22:00-04:00,47.36000061035156,47.5,47.29499816894531,47.5,7352,0.0,0.0
2024-06-14 14:23:00-04:00,47.5,47.59000015258789,47.5,47.59000015258789,2451,0.0,0.0
2024-06-14 14:24:00-04:00,47.630001068115234,47.630001068115234,47.630001068115234,47.630001068115234,507,0.0,0.0
2024-06-14 14:26:00-04:00,47.60499954223633,47.60499954223633,47.599998474121094,47.599998474121094,945,0.0,0.0
2024-06-14 14:27:00-04:00,47.54999923706055,47.65999984741211,47.54999923706055,47.65999984741211,2701,0.0,0.0
2024-06-14 14:28:00-04:00,47.7599983215332,47.779998779296875,47.7599983215332,47.779998779296875,1374,0.0,0.0
2024-06-14 14:29:00-04:00,47.75,47.75,47.75,47.75,867,0.0,0.0
2024-06-14 14:30:00-04:00,47.75,47.75,47.60499954223633,47.61000061035156,3032,0.0,0.0
2024-06-14 14:31:00-04:00,47.59000015258789,47.59000015258789,47.59000015258789,47.59000015258789,1073,0.0,0.0
2024-06-14 14:32:00-04:00,47.59000015258789,47.59000015258789,47.59000015258789,47.59000015258789,1341,0.0,0.0
2024-06-14 14:33:00-04:00,47.529998779296875,47.59000015258789,47.529998779296875,47.59000015258789,654,0.0,0.0
2024-06-14 14:34:00-04:00,47.50749969482422,47.54499816894531,47.5,47.5,1121,0.0,0.0
2024-06-14 14:35:00-04:00,47.470001220703125,47.470001220703125,47.470001220703125,47.470001220703125,450,0.0,0.0
2024-06-14 14:36:00-04:00,47.4900016784668,47.4900016784668,47.4900016784668,47.4900016784668,870,0.0,0.0
2024-06-14 14:37:00-04:00,47.540000915527344,47.630001068115234,47.540000915527344,47.630001068115234,5066,0.0,0.0
2024-06-14 14:38:00-04:00,47.63999938964844,47.650001525878906,47.63999938964844,47.650001525878906,1015,0.0,0.0
2024-06-14 14:39:00-04:00,47.6349983215332,47.6349983215332,47.6349983215332,47.6349983215332,500,0.0,0.0
2024-06-14 14:41:00-04:00,47.599998474121094,47.60110092163086,47.599998474121094,47.60110092163086,1008,0.0,0.0
2024-06-14 14:42:00-04:00,47.560001373291016,47.560001373291016,47.5,47.5,1673,0.0,0.0
2024-06-14 14:43:00-04:00,47.5,47.505001068115234,47.5,47.5,1652,0.0,0.0
2024-06-14 14:44:00-04:00,47.5099983215332,47.54999923706055,47.5099983215332,47.54999923706055,811,0.0,0.0
2024-06-14 14:45:00-04:00,47.560001373291016,47.560001373291016,47.560001373291016,47.560001373291016,1172,0.0,0.0
2024-06-14 14:46:00-04:00,47.52000045776367,47.665000915527344,47.52000045776367,47.665000915527344,3794,0.0,0.0
2024-06-14 14:47:00-04:00,47.65999984741211,47.65999984741211,47.650001525878906,47.650001525878906,875,0.0,0.0
2024-06-14 14:48:00-04:00,47.6150016784668,47.6150016784668,47.6150016784668,47.6150016784668,919,0.0,0.0
2024-06-14 14:49:00-04:00,47.6150016784668,47.689998626708984,47.6150016784668,47.689998626708984,2575,0.0,0.0
2024-06-14 14:50:00-04:00,47.66999816894531,47.709999084472656,47.66999816894531,47.709999084472656,361,0.0,0.0
2024-06-14 14:51:00-04:00,47.7400016784668,47.7400016784668,47.70000076293945,47.70000076293945,1624,0.0,0.0
2024-06-14 14:52:00-04:00,47.68000030517578,47.721500396728516,47.619998931884766,47.619998931884766,808,0.0,0.0
2024-06-14 14:53:00-04:00,47.650001525878906,47.65999984741211,47.599998474121094,47.599998474121094,3388,0.0,0.0
2024-06-14 14:54:00-04:00,47.599998474121094,47.599998474121094,47.584999084472656,47.584999084472656,3450,0.0,0.0
2024-06-14 14:55:00-04:00,47.599998474121094,47.65999984741211,47.599998474121094,47.63999938964844,1996,0.0,0.0
2024-06-14 14:56:00-04:00,47.630001068115234,47.70000076293945,47.630001068115234,47.68000030517578,1382,0.0,0.0
2024-06-14 14:57:00-04:00,47.64179992675781,47.79999923706055,47.64179992675781,47.79999923706055,2508,0.0,0.0
2024-06-14 14:58:00-04:00,47.7400016784668,47.779998779296875,47.7400016784668,47.7400016784668,986,0.0,0.0
2024-06-14 14:59:00-04:00,47.68000030517578,47.720001220703125,47.630001068115234,47.630001068115234,1976,0.0,0.0
2024-06-14 15:00:00-04:00,47.720001220703125,47.720001220703125,47.67499923706055,47.709999084472656,1316,0.0,0.0
2024-06-14 15:01:00-04:00,47.720001220703125,47.959999084472656,47.720001220703125,47.959999084472656,6757,0.0,0.0
2024-06-14 15:02:00-04:00,47.95000076293945,47.95000076293945,47.95000076293945,47.95000076293945,1375,0.0,0.0
2024-06-14 15:03:00-04:00,47.939998626708984,48.18000030517578,47.939998626708984,47.959999084472656,10020,0.0,0.0
2024-06-14 15:04:00-04:00,47.961299896240234,47.97999954223633,47.961299896240234,47.961299896240234,6530,0.0,0.0
2024-06-14 15:05:00-04:00,48.019901275634766,48.04999923706055,48.0,48.04999923706055,6414,0.0,0.0
2024-06-14 15:06:00-04:00,48.04999923706055,48.099998474121094,48.04999923706055,48.099998474121094,2544,0.0,0.0
2024-06-14 15:07:00-04:00,48.13999938964844,48.2599983215332,48.130001068115234,48.2599983215332,4620,0.0,0.0
2024-06-14 15:08:00-04:00,48.25,48.27000045776367,48.25,48.27000045776367,451,0.0,0.0
2024-06-14 15:09:00-04:00,48.27000045776367,48.279998779296875,48.2599983215332,48.279998779296875,2256,0.0,0.0
2024-06-14 15:10:00-04:00,48.25,48.37300109863281,48.25,48.279998779296875,5224,0.0,0.0
2024-06-14 15:11:00-04:00,48.314998626708984,48.3588981628418,48.290000915527344,48.290000915527344,2142,0.0,0.0
2024-06-14 15:12:00-04:00,48.22999954223633,48.40999984741211,48.22999954223633,48.349998474121094,7549,0.0,0.0
2024-06-14 15:13:00-04:00,48.345001220703125,48.345001220703125,48.310001373291016,48.310001373291016,698,0.0,0.0
2024-06-14 15:14:00-04:00,48.290000915527344,48.310001373291016,48.11000061035156,48.11000061035156,13820,0.0,0.0
2024-06-14 15:15:00-04:00,47.959999084472656,47.959999084472656,47.91999816894531,47.91999816894531,4309,0.0,0.0
2024-06-14 15:16:00-04:00,47.88999938964844,47.91999816894531,47.88999938964844,47.91999816894531,477,0.0,0.0
2024-06-14 15:17:00-04:00,47.91999816894531,47.95000076293945,47.86000061035156,47.86000061035156,2929,0.0,0.0
2024-06-14 15:18:00-04:00,47.880001068115234,47.880001068115234,47.875,47.875,626,0.0,0.0
2024-06-14 15:19:00-04:00,47.91999816894531,47.91999816894531,47.91999816894531,47.91999816894531,1368,0.0,0.0
2024-06-14 15:20:00-04:00,47.88999938964844,47.88999938964844,47.84000015258789,47.84000015258789,642,0.0,0.0
2024-06-14 15:21:00-04:00,47.880001068115234,47.891998291015625,47.880001068115234,47.880001068115234,1084,0.0,0.0
2024-06-14 15:22:00-04:00,47.90999984741211,48.36000061035156,47.90999984741211,48.209999084472656,17943,0.0,0.0
2024-06-14 15:23:00-04:00,48.22999954223633,48.33000183105469,48.22999954223633,48.33000183105469,3782,0.0,0.0
2024-06-14 15:24:00-04:00,48.244998931884766,48.380001068115234,48.244998931884766,48.31999969482422,13196,0.0,0.0
2024-06-14 15:25:00-04:00,48.30500030517578,48.30500030517578,48.30500030517578,48.30500030517578,269,0.0,0.0
2024-06-14 15:26:00-04:00,48.33000183105469,48.349998474121094,48.27000045776367,48.349998474121094,4637,0.0,0.0
2024-06-14 15:27:00-04:00,48.349998474121094,48.349998474121094,48.33000183105469,48.33000183105469,521,0.0,0.0
2024-06-14 15:28:00-04:00,48.32500076293945,48.32500076293945,47.95000076293945,47.95000076293945,7060,0.0,0.0
2024-06-14 15:29:00-04:00,48.15999984741211,48.15999984741211,48.0,48.04999923706055,1312,0.0,0.0
2024-06-14 15:30:00-04:00,47.93009948730469,48.0526008605957,47.80500030517578,47.80500030517578,2207,0.0,0.0
2024-06-14 15:31:00-04:00,47.779998779296875,47.90999984741211,47.779998779296875,47.90999984741211,4740,0.0,0.0
2024-06-14 15:32:00-04:00,47.93000030517578,48.0099983215332,47.93000030517578,47.9900016784668,3209,0.0,0.0
2024-06-14 15:33:00-04:00,48.06999969482422,48.06999969482422,48.01499938964844,48.01499938964844,482,0.0,0.0
2024-06-14 15:34:00-04:00,48.0,48.09000015258789,48.0,48.09000015258789,2573,0.0,0.0
2024-06-14 15:35:00-04:00,48.06999969482422,48.08000183105469,48.06999969482422,48.08000183105469,731,0.0,0.0
2024-06-14 15:36:00-04:00,48.0099983215332,48.13999938964844,48.0,48.09000015258789,6635,0.0,0.0
2024-06-14 15:37:00-04:00,48.09000015258789,48.13999938964844,48.09000015258789,48.130001068115234,1557,0.0,0.0
2024-06-14 15:38:00-04:00,48.16999816894531,48.18000030517578,48.040000915527344,48.040000915527344,2842,0.0,0.0
2024-06-14 15:39:00-04:00,48.0099983215332,48.060001373291016,48.0099983215332,48.02880096435547,1731,0.0,0.0
2024-06-14 15:40:00-04:00,47.97140121459961,47.97140121459961,47.939998626708984,47.939998626708984,764,0.0,0.0
2024-06-14 15:41:00-04:00,47.88999938964844,47.93000030517578,47.787498474121094,47.869998931884766,4161,0.0,0.0
2024-06-14 15:42:00-04:00,47.83000183105469,47.939998626708984,47.83000183105469,47.8849983215332,2665,0.0,0.0
2024-06-14 15:43:00-04:00,47.93000030517578,47.939998626708984,47.900001525878906,47.939998626708984,1991,0.0,0.0
2024-06-14 15:44:00-04:00,47.90999984741211,47.90999984741211,47.790000915527344,47.831600189208984,2578,0.0,0.0
2024-06-14 15:45:00-04:00,47.86000061035156,47.869998931884766,47.81999969482422,47.869998931884766,5479,0.0,0.0
2024-06-14 15:46:00-04:00,47.95000076293945,47.95000076293945,47.900001525878906,47.95000076293945,1014,0.0,0.0
2024-06-14 15:47:00-04:00,47.90999984741211,48.13999938964844,47.89500045776367,48.13999938964844,6355,0.0,0.0
2024-06-14 15:48:00-04:00,48.06999969482422,48.11000061035156,48.025001525878906,48.03010177612305,2890,0.0,0.0
2024-06-14 15:49:00-04:00,48.08000183105469,48.09000015258789,47.95500183105469,47.95500183105469,1681,0.0,0.0
2024-06-14 15:50:00-04:00,48.11000061035156,48.20000076293945,48.11000061035156,48.13999938964844,7381,0.0,0.0
2024-06-14 15:51:00-04:00,48.1349983215332,48.189998626708984,48.060001373291016,48.064998626708984,4547,0.0,0.0
2024-06-14 15:52:00-04:00,48.06999969482422,48.36000061035156,48.06999969482422,48.36000061035156,6867,0.0,0.0
2024-06-14 15:53:00-04:00,48.36000061035156,48.380001068115234,48.28499984741211,48.345001220703125,10985,0.0,0.0
2024-06-14 15:54:00-04:00,48.345001220703125,48.56999969482422,48.345001220703125,48.540000915527344,11765,0.0,0.0
2024-06-14 15:55:00-04:00,48.470001220703125,48.5099983215332,48.439998626708984,48.462501525878906,7157,0.0,0.0
2024-06-14 15:56:00-04:00,48.439998626708984,48.439998626708984,48.13999938964844,48.13999938964844,12532,0.0,0.0
2024-06-14 15:57:00-04:00,48.10499954223633,48.13999938964844,48.029998779296875,48.10499954223633,9420,0.0,0.0
2024-06-14 15:58:00-04:00,48.10499954223633,48.18000030517578,48.10499954223633,48.11000061035156,13682,0.0,0.0
2024-06-14 15:59:00-04:00,48.13999938964844,48.18000030517578,48.060001373291016,48.08000183105469,31979,0.0,0.0
