Datetime,Open,High,Low,Close,Volume,Dividends,Stock Splits
2024-06-10 09:30:00-04:00,207.52999877929688,207.52999877929688,207.52999877929688,207.52999877929688,0,0.0,0.0
2024-06-10 09:34:00-04:00,207.82000732421875,207.82000732421875,207.82000732421875,207.82000732421875,200,0.0,0.0
2024-06-10 09:35:00-04:00,209.47999572753906,209.47999572753906,209.47999572753906,209.47999572753906,778,0.0,0.0
2024-06-10 09:38:00-04:00,208.89999389648438,208.89999389648438,208.89999389648438,208.89999389648438,704,0.0,0.0
2024-06-10 09:43:00-04:00,209.22000122070312,209.77999877929688,209.14500427246094,209.14500427246094,746,0.0,0.0
2024-06-10 09:48:00-04:00,208.92999267578125,208.92999267578125,208.91000366210938,208.91000366210938,730,0.0,0.0
2024-06-10 09:49:00-04:00,209.0500030517578,209.0500030517578,209.0500030517578,209.0500030517578,939,0.0,0.0
2024-06-10 09:50:00-04:00,209.32000732421875,209.32000732421875,209.32000732421875,209.32000732421875,1261,0.0,0.0
2024-06-10 09:56:00-04:00,208.06500244140625,208.06500244140625,208.06500244140625,208.06500244140625,399,0.0,0.0
2024-06-10 09:57:00-04:00,208.66000366210938,209.25,208.66000366210938,209.25,1934,0.0,0.0
2024-06-10 10:00:00-04:00,209.74000549316406,209.74000549316406,209.74000549316406,209.74000549316406,1007,0.0,0.0
2024-06-10 10:03:00-04:00,208.8699951171875,208.8699951171875,208.8699951171875,208.8699951171875,408,0.0,0.0
2024-06-10 10:04:00-04:00,209.11500549316406,209.3000030517578,209.11500549316406,209.3000030517578,2821,0.0,0.0
2024-06-10 10:13:00-04:00,210.5500030517578,210.64999389648438,210.5500030517578,210.64999389648438,879,0.0,0.0
2024-06-10 10:21:00-04:00,209.92999267578125,209.92999267578125,209.92999267578125,209.92999267578125,268,0.0,0.0
2024-06-10 10:22:00-04:00,209.24000549316406,209.25999450683594,209.24000549316406,209.25999450683594,1169,0.0,0.0
2024-06-10 10:30:00-04:00,208.52999877929688,208.52999877929688,208.27999877929688,208.27999877929688,866,0.0,0.0
2024-06-10 10:32:00-04:00,208.67999267578125,208.8300018310547,208.67999267578125,208.8300018310547,813,0.0,0.0
2024-06-10 10:33:00-04:00,208.8300018310547,209.0500030517578,208.8300018310547,209.0500030517578,1197,0.0,0.0
2024-06-10 10:35:00-04:00,209.27000427246094,209.27000427246094,209.27000427246094,209.27000427246094,258,0.0,0.0
2024-06-10 10:37:00-04:00,209.09500122070312,209.09500122070312,209.09500122070312,209.09500122070312,328,0.0,0.0
2024-06-10 10:41:00-04:00,209.22000122070312,209.22000122070312,209.22000122070312,209.22000122070312,470,0.0,0.0
2024-06-10 10:47:00-04:00,209.02499389648438,209.02499389648438,209.02499389648438,209.02499389648438,411,0.0,0.0
2024-06-10 10:49:00-04:00,209.1999969482422,209.1999969482422,209.1999969482422,209.1999969482422,217,0.0,0.0
2024-06-10 10:51:00-04:00,208.86000061035156,208.86000061035156,208.66000366210938,208.66000366210938,1819,0.0,0.0
2024-06-10 10:54:00-04:00,209.3300018310547,209.3300018310547,209.3300018310547,209.3300018310547,432,0.0,0.0
2024-06-10 10:57:00-04:00,208.8800048828125,208.8800048828125,208.8800048828125,208.8800048828125,274,0.0,0.0
2024-06-10 11:01:00-04:00,209.38999938964844,209.38999938964844,209.38999938964844,209.38999938964844,206,0.0,0.0
2024-06-10 11:05:00-04:00,209.38999938964844,209.38999938964844,209.38999938964844,209.38999938964844,980,0.0,0.0
2024-06-10 11:06:00-04:00,209.38999938964844,209.38999938964844,209.38999938964844,209.38999938964844,709,0.0,0.0
2024-06-10 11:12:00-04:00,208.9499969482422,208.9499969482422,208.89999389648438,208.89999389648438,483,0.0,0.0
2024-06-10 11:16:00-04:00,208.69000244140625,208.69000244140625,208.69000244140625,208.69000244140625,624,0.0,0.0
2024-06-10 11:18:00-04:00,208.80499267578125,208.80499267578125,208.80499267578125,208.80499267578125,358,0.0,0.0
2024-06-10 11:19:00-04:00,209.16000366210938,209.16000366210938,209.16000366210938,209.16000366210938,227,0.0,0.0
2024-06-10 11:20:00-04:00,209.27000427246094,209.3000030517578,209.27000427246094,209.3000030517578,266,0.0,0.0
2024-06-10 11:22:00-04:00,208.9499969482422,208.9499969482422,208.9499969482422,208.9499969482422,1627,0.0,0.0
2024-06-10 11:24:00-04:00,208.89999389648438,208.89999389648438,208.89999389648438,208.89999389648438,923,0.0,0.0
2024-06-10 11:25:00-04:00,208.88999938964844,208.88999938964844,208.88999938964844,208.88999938964844,221,0.0,0.0
2024-06-10 11:26:00-04:00,208.47000122070312,208.47000122070312,208.47000122070312,208.47000122070312,851,0.0,0.0
2024-06-10 11:32:00-04:00,208.35000610351562,208.35000610351562,208.35000610351562,208.35000610351562,200,0.0,0.0
2024-06-10 11:33:00-04:00,208.32000732421875,208.32000732421875,208.32000732421875,208.32000732421875,209,0.0,0.0
2024-06-10 11:34:00-04:00,208.32000732421875,208.32000732421875,208.32000732421875,208.32000732421875,346,0.0,0.0
2024-06-10 11:36:00-04:00,208.14999389648438,208.14999389648438,208.14999389648438,208.14999389648438,201,0.0,0.0
2024-06-10 11:37:00-04:00,208.1199951171875,208.1199951171875,208.1199951171875,208.1199951171875,762,0.0,0.0
2024-06-10 11:40:00-04:00,208.07000732421875,208.35000610351562,208.07000732421875,208.35000610351562,1641,0.0,0.0
2024-06-10 11:41:00-04:00,208.5,208.69000244140625,208.5,208.69000244140625,712,0.0,0.0
2024-06-10 11:49:00-04:00,208.82000732421875,208.91000366210938,208.82000732421875,208.91000366210938,1065,0.0,0.0
2024-06-10 11:50:00-04:00,209.08999633789062,209.22999572753906,209.08999633789062,209.22999572753906,1000,0.0,0.0
2024-06-10 11:51:00-04:00,209.2899932861328,209.3000030517578,209.2899932861328,209.3000030517578,531,0.0,0.0
2024-06-10 11:52:00-04:00,209.4199981689453,209.44000244140625,209.4199981689453,209.44000244140625,215,0.0,0.0
2024-06-10 11:53:00-04:00,209.39999389648438,209.58999633789062,209.39999389648438,209.4199981689453,1614,0.0,0.0
2024-06-10 11:56:00-04:00,209.17999267578125,209.17999267578125,209.17999267578125,209.17999267578125,401,0.0,0.0
2024-06-10 11:59:00-04:00,209.08999633789062,209.08999633789062,209.08999633789062,209.08999633789062,539,0.0,0.0
2024-06-10 12:04:00-04:00,208.75,208.75,208.58999633789062,208.58999633789062,2190,0.0,0.0
2024-06-10 12:05:00-04:00,208.67999267578125,208.67999267578125,208.35890197753906,208.35890197753906,1152,0.0,0.0
2024-06-10 12:10:00-04:00,208.64999389648438,208.64999389648438,208.64999389648438,208.64999389648438,1624,0.0,0.0
2024-06-10 12:12:00-04:00,208.5,208.5,208.5,208.5,498,0.0,0.0
2024-06-10 12:13:00-04:00,208.2100067138672,208.2100067138672,208.2100067138672,208.2100067138672,489,0.0,0.0
2024-06-10 12:18:00-04:00,208.64999389648438,209.02999877929688,208.61000061035156,209.02999877929688,2671,0.0,0.0
2024-06-10 12:19:00-04:00,209.24000549316406,209.24000549316406,209.0,209.02000427246094,1824,0.0,0.0
2024-06-10 12:22:00-04:00,208.92999267578125,208.92999267578125,208.92999267578125,208.92999267578125,1157,0.0,0.0
2024-06-10 12:30:00-04:00,208.73500061035156,208.73500061035156,208.73500061035156,208.73500061035156,312,0.0,0.0
2024-06-10 12:31:00-04:00,208.50999450683594,208.50999450683594,208.5,208.5,1219,0.0,0.0
2024-06-10 12:35:00-04:00,208.3000030517578,208.3000030517578,208.3000030517578,208.3000030517578,182,0.0,0.0
2024-06-10 12:36:00-04:00,208.41000366210938,208.4499969482422,208.41000366210938,208.42999267578125,759,0.0,0.0
2024-06-10 12:37:00-04:00,208.13999938964844,208.13999938964844,208.13999938964844,208.13999938964844,726,0.0,0.0
2024-06-10 12:39:00-04:00,208.3699951171875,208.3699951171875,208.3699951171875,208.3699951171875,595,0.0,0.0
2024-06-10 12:45:00-04:00,207.97000122070312,207.97000122070312,207.97000122070312,207.97000122070312,476,0.0,0.0
2024-06-10 12:48:00-04:00,207.86500549316406,208.02999877929688,207.82000732421875,208.02999877929688,1266,0.0,0.0
2024-06-10 12:49:00-04:00,208.0,208.0,208.0,208.0,245,0.0,0.0
2024-06-10 12:50:00-04:00,208.0,208.0,208.0,208.0,382,0.0,0.0
2024-06-10 12:52:00-04:00,208.24000549316406,208.24000549316406,208.1300048828125,208.1300048828125,1354,0.0,0.0
2024-06-10 12:56:00-04:00,208.27999877929688,208.2801055908203,208.02999877929688,208.02999877929688,2308,0.0,0.0
2024-06-10 13:00:00-04:00,208.18499755859375,208.18499755859375,208.18499755859375,208.18499755859375,377,0.0,0.0
2024-06-10 13:03:00-04:00,207.8350067138672,207.8350067138672,207.8350067138672,207.8350067138672,255,0.0,0.0
2024-06-10 13:05:00-04:00,208.00999450683594,208.00999450683594,208.00999450683594,208.00999450683594,315,0.0,0.0
2024-06-10 13:07:00-04:00,208.14999389648438,208.5,208.14999389648438,208.1699981689453,2421,0.0,0.0
2024-06-10 13:08:00-04:00,208.0500030517578,208.5,208.0500030517578,208.1199951171875,840,0.0,0.0
2024-06-10 13:09:00-04:00,208.60000610351562,208.94000244140625,208.24000549316406,208.27000427246094,3230,0.0,0.0
2024-06-10 13:12:00-04:00,208.39999389648438,208.39999389648438,208.39999389648438,208.39999389648438,1501,0.0,0.0
2024-06-10 13:27:00-04:00,208.69000244140625,208.8699951171875,208.50999450683594,208.50999450683594,2071,0.0,0.0
2024-06-10 13:29:00-04:00,208.3300018310547,208.3300018310547,208.00999450683594,208.00999450683594,1357,0.0,0.0
2024-06-10 13:32:00-04:00,208.13999938964844,208.27000427246094,208.07000732421875,208.07000732421875,1534,0.0,0.0
2024-06-10 13:33:00-04:00,208.6199951171875,208.75999450683594,208.6199951171875,208.68499755859375,1490,0.0,0.0
2024-06-10 13:37:00-04:00,208.52999877929688,208.52999877929688,208.52999877929688,208.52999877929688,382,0.0,0.0
2024-06-10 13:38:00-04:00,208.5001983642578,208.5001983642578,208.5001983642578,208.5001983642578,841,0.0,0.0
2024-06-10 13:46:00-04:00,208.8300018310547,208.8300018310547,208.5,208.5,1006,0.0,0.0
2024-06-10 13:48:00-04:00,208.5749969482422,208.72000122070312,208.5,208.5,986,0.0,0.0
2024-06-10 13:50:00-04:00,208.52000427246094,208.52000427246094,208.52000427246094,208.52000427246094,535,0.0,0.0
2024-06-10 13:53:00-04:00,208.47000122070312,208.47000122070312,208.47000122070312,208.47000122070312,702,0.0,0.0
2024-06-10 13:58:00-04:00,208.47000122070312,208.47000122070312,208.33999633789062,208.33999633789062,854,0.0,0.0
2024-06-10 14:01:00-04:00,208.0399932861328,208.28500366210938,208.0399932861328,208.28500366210938,1173,0.0,0.0
2024-06-10 14:04:00-04:00,207.91000366210938,207.91000366210938,207.6999969482422,207.82000732421875,1993,0.0,0.0
2024-06-10 14:08:00-04:00,207.7949981689453,207.9499969482422,207.7949981689453,207.9499969482422,1268,0.0,0.0
2024-06-10 14:11:00-04:00,207.67999267578125,207.67999267578125,207.66000366210938,207.67999267578125,767,0.0,0.0
2024-06-10 14:12:00-04:00,207.67999267578125,207.67999267578125,207.67999267578125,207.67999267578125,161,0.0,0.0
2024-06-10 14:13:00-04:00,207.86000061035156,208.18499755859375,207.86000061035156,208.18499755859375,2432,0.0,0.0
2024-06-10 14:14:00-04:00,208.13999938964844,208.13999938964844,208.11439514160156,208.11439514160156,571,0.0,0.0
2024-06-10 14:16:00-04:00,208.09500122070312,208.09500122070312,208.09500122070312,208.09500122070312,192,0.0,0.0
2024-06-10 14:17:00-04:00,208.36000061035156,208.36000061035156,208.36000061035156,208.36000061035156,213,0.0,0.0
2024-06-10 14:19:00-04:00,208.2490997314453,208.2490997314453,208.2490997314453,208.2490997314453,200,0.0,0.0
2024-06-10 14:20:00-04:00,208.1284942626953,208.1284942626953,208.1284942626953,208.1284942626953,395,0.0,0.0
2024-06-10 14:21:00-04:00,207.9199981689453,207.9199981689453,207.89999389648438,207.89999389648438,378,0.0,0.0
2024-06-10 14:23:00-04:00,208.02999877929688,208.22000122070312,208.02999877929688,208.22000122070312,692,0.0,0.0
2024-06-10 14:24:00-04:00,208.27000427246094,208.27000427246094,208.27000427246094,208.27000427246094,269,0.0,0.0
2024-06-10 14:25:00-04:00,208.1300048828125,208.30999755859375,208.0,208.0,1217,0.0,0.0
2024-06-10 14:27:00-04:00,208.08999633789062,208.08999633789062,208.08999633789062,208.08999633789062,288,0.0,0.0
2024-06-10 14:28:00-04:00,208.02999877929688,208.14500427246094,208.02999877929688,208.14500427246094,666,0.0,0.0
2024-06-10 14:32:00-04:00,208.25,208.25,208.25,208.25,947,0.0,0.0
2024-06-10 14:35:00-04:00,208.42999267578125,208.52999877929688,208.42999267578125,208.48500061035156,1367,0.0,0.0
2024-06-10 14:36:00-04:00,208.8800048828125,208.8800048828125,208.8800048828125,208.8800048828125,282,0.0,0.0
2024-06-10 14:37:00-04:00,208.92999267578125,208.94000244140625,208.22999572753906,208.22999572753906,3297,0.0,0.0
2024-06-10 14:40:00-04:00,208.27999877929688,208.27999877929688,208.27999877929688,208.27999877929688,209,0.0,0.0
2024-06-10 14:44:00-04:00,208.77499389648438,208.77499389648438,208.77499389648438,208.77499389648438,266,0.0,0.0
2024-06-10 14:46:00-04:00,208.64999389648438,208.64999389648438,208.64999389648438,208.64999389648438,348,0.0,0.0
2024-06-10 14:50:00-04:00,208.66000366210938,208.66000366210938,208.66000366210938,208.66000366210938,493,0.0,0.0
2024-06-10 14:51:00-04:00,208.63999938964844,208.7550048828125,208.55999755859375,208.7550048828125,794,0.0,0.0
2024-06-10 14:52:00-04:00,208.4499969482422,208.4499969482422,208.4499969482422,208.4499969482422,726,0.0,0.0
2024-06-10 14:57:00-04:00,208.25,208.25,208.10000610351562,208.10000610351562,569,0.0,0.0
2024-06-10 14:58:00-04:00,208.10000610351562,208.10000610351562,208.10000610351562,208.10000610351562,260,0.0,0.0
2024-06-10 14:59:00-04:00,208.17999267578125,208.17999267578125,208.0500030517578,208.1649932861328,729,0.0,0.0
2024-06-10 15:00:00-04:00,208.17649841308594,208.17649841308594,208.05999755859375,208.05999755859375,1464,0.0,0.0
2024-06-10 15:02:00-04:00,208.52999877929688,208.6199951171875,208.1999969482422,208.1999969482422,1418,0.0,0.0
2024-06-10 15:07:00-04:00,208.7550048828125,208.7550048828125,208.6199951171875,208.6199951171875,1103,0.0,0.0
2024-06-10 15:10:00-04:00,208.47000122070312,208.47000122070312,208.38999938964844,208.38999938964844,420,0.0,0.0
2024-06-10 15:11:00-04:00,208.63999938964844,208.63999938964844,208.63999938964844,208.63999938964844,597,0.0,0.0
2024-06-10 15:14:00-04:00,208.60000610351562,208.60000610351562,208.60000610351562,208.60000610351562,1070,0.0,0.0
2024-06-10 15:17:00-04:00,208.5800018310547,208.5800018310547,208.5800018310547,208.5800018310547,338,0.0,0.0
2024-06-10 15:18:00-04:00,208.69500732421875,208.69500732421875,208.69500732421875,208.69500732421875,1276,0.0,0.0
2024-06-10 15:19:00-04:00,208.9499969482422,209.10000610351562,208.9499969482422,209.10000610351562,1537,0.0,0.0
2024-06-10 15:20:00-04:00,209.19000244140625,209.19000244140625,209.19000244140625,209.19000244140625,102,0.0,0.0
2024-06-10 15:21:00-04:00,209.19500732421875,209.5399932861328,209.19500732421875,209.5,1529,0.0,0.0
2024-06-10 15:22:00-04:00,209.35000610351562,209.35000610351562,209.35000610351562,209.35000610351562,1374,0.0,0.0
2024-06-10 15:25:00-04:00,209.0800018310547,209.0800018310547,208.99000549316406,208.99000549316406,566,0.0,0.0
2024-06-10 15:27:00-04:00,209.14999389648438,209.14999389648438,209.0399932861328,209.0399932861328,607,0.0,0.0
2024-06-10 15:28:00-04:00,209.2550048828125,209.2550048828125,209.08999633789062,209.08999633789062,808,0.0,0.0
2024-06-10 15:29:00-04:00,209.08999633789062,209.08999633789062,208.89999389648438,208.89999389648438,2484,0.0,0.0
2024-06-10 15:30:00-04:00,208.64999389648438,208.76499938964844,208.4720001220703,208.76499938964844,909,0.0,0.0
2024-06-10 15:31:00-04:00,208.6999969482422,208.6999969482422,208.6999969482422,208.6999969482422,784,0.0,0.0
2024-06-10 15:33:00-04:00,208.52000427246094,208.52000427246094,208.52000427246094,208.52000427246094,231,0.0,0.0
2024-06-10 15:34:00-04:00,208.61000061035156,208.64999389648438,208.4199981689453,208.55999755859375,3510,0.0,0.0
2024-06-10 15:35:00-04:00,208.58999633789062,208.72999572753906,208.57000732421875,208.57000732421875,1418,0.0,0.0
2024-06-10 15:36:00-04:00,208.55999755859375,208.55999755859375,208.42999267578125,208.42999267578125,1495,0.0,0.0
2024-06-10 15:37:00-04:00,208.41090393066406,208.52000427246094,208.4080047607422,208.52000427246094,2176,0.0,0.0
2024-06-10 15:39:00-04:00,208.5,208.6300048828125,208.42999267578125,208.6300048828125,2366,0.0,0.0
2024-06-10 15:40:00-04:00,208.57000732421875,208.63999938964844,208.57000732421875,208.63999938964844,961,0.0,0.0
2024-06-10 15:41:00-04:00,208.8000030517578,208.8000030517578,208.8000030517578,208.8000030517578,468,0.0,0.0
2024-06-10 15:42:00-04:00,208.8000030517578,208.8000030517578,208.7100067138672,208.7100067138672,687,0.0,0.0
2024-06-10 15:43:00-04:00,208.6300048828125,208.8000030517578,208.6300048828125,208.7449951171875,2483,0.0,0.0
2024-06-10 15:44:00-04:00,208.82000732421875,208.86000061035156,208.77999877929688,208.77999877929688,1180,0.0,0.0
2024-06-10 15:45:00-04:00,208.72500610351562,208.72500610351562,208.58999633789062,208.60000610351562,1033,0.0,0.0
2024-06-10 15:46:00-04:00,208.66000366210938,208.69000244140625,208.66000366210938,208.69000244140625,562,0.0,0.0
2024-06-10 15:49:00-04:00,208.75,208.75,208.57000732421875,208.6199951171875,3124,0.0,0.0
2024-06-10 15:50:00-04:00,208.55999755859375,208.55999755859375,207.94000244140625,208.13999938964844,1791,0.0,0.0
2024-06-10 15:51:00-04:00,208.1699981689453,208.5399932861328,208.11000061035156,208.5399932861328,2530,0.0,0.0
2024-06-10 15:52:00-04:00,208.5,208.5,208.36500549316406,208.5,802,0.0,0.0
2024-06-10 15:53:00-04:00,208.27999877929688,208.77999877929688,208.27999877929688,208.77999877929688,7526,0.0,0.0
2024-06-10 15:54:00-04:00,208.77999877929688,209.1300048828125,208.77000427246094,209.1300048828125,4022,0.0,0.0
2024-06-10 15:55:00-04:00,208.99000549316406,209.1699981689453,208.74000549316406,208.9600067138672,6308,0.0,0.0
2024-06-10 15:56:00-04:00,208.97000122070312,209.3800048828125,208.97000122070312,209.27000427246094,7713,0.0,0.0
2024-06-10 15:57:00-04:00,209.3800048828125,209.5,209.25,209.41000366210938,6302,0.0,0.0
2024-06-10 15:58:00-04:00,209.5399932861328,209.74000549316406,209.52999877929688,209.6300048828125,7580,0.0,0.0
2024-06-10 15:59:00-04:00,209.52999877929688,210.47000122070312,209.52999877929688,210.2899932861328,29113,0.0,0.0
2024-06-11 09:30:00-04:00,208.80999755859375,208.80999755859375,208.80999755859375,208.80999755859375,1335,0.0,0.0
2024-06-11 09:33:00-04:00,208.02499389648438,208.02499389648438,208.02499389648438,208.02499389648438,487,0.0,0.0
2024-06-11 09:37:00-04:00,205.8000030517578,205.8000030517578,205.8000030517578,205.8000030517578,1692,0.0,0.0
2024-06-11 09:43:00-04:00,206.55999755859375,206.55999755859375,206.25,206.25,499,0.0,0.0
2024-06-11 09:45:00-04:00,206.01499938964844,206.01499938964844,206.01499938964844,206.01499938964844,631,0.0,0.0
2024-06-11 09:47:00-04:00,205.25999450683594,206.01499938964844,205.1699981689453,206.01499938964844,1043,0.0,0.0
2024-06-11 09:49:00-04:00,205.64999389648438,206.05999755859375,205.63999938964844,206.05999755859375,2167,0.0,0.0
2024-06-11 09:50:00-04:00,205.64999389648438,206.05999755859375,205.64999389648438,206.05999755859375,2080,0.0,0.0
2024-06-11 09:51:00-04:00,206.47000122070312,206.47999572753906,206.47000122070312,206.47999572753906,812,0.0,0.0
2024-06-11 09:52:00-04:00,206.5500030517578,206.5500030517578,206.5500030517578,206.5500030517578,1110,0.0,0.0
2024-06-11 10:01:00-04:00,206.38259887695312,206.89999389648438,206.27999877929688,206.89999389648438,336,0.0,0.0
2024-06-11 10:02:00-04:00,206.50999450683594,206.7949981689453,206.50999450683594,206.7949981689453,1471,0.0,0.0
2024-06-11 10:07:00-04:00,207.5399932861328,207.5399932861328,207.39999389648438,207.39999389648438,923,0.0,0.0
2024-06-11 10:10:00-04:00,207.38999938964844,207.38999938964844,207.38999938964844,207.38999938964844,344,0.0,0.0
2024-06-11 10:11:00-04:00,208.07000732421875,208.07000732421875,208.07000732421875,208.07000732421875,230,0.0,0.0
2024-06-11 10:12:00-04:00,206.86000061035156,206.86000061035156,206.86000061035156,206.86000061035156,897,0.0,0.0
2024-06-11 10:14:00-04:00,206.69400024414062,206.69400024414062,206.69400024414062,206.69400024414062,1068,0.0,0.0
2024-06-11 10:19:00-04:00,206.69000244140625,206.69000244140625,206.69000244140625,206.69000244140625,207,0.0,0.0
2024-06-11 10:20:00-04:00,206.24000549316406,206.24000549316406,206.24000549316406,206.24000549316406,236,0.0,0.0
2024-06-11 10:22:00-04:00,206.2545928955078,206.49749755859375,206.2545928955078,206.49749755859375,1478,0.0,0.0
2024-06-11 10:26:00-04:00,207.32000732421875,207.32000732421875,207.32000732421875,207.32000732421875,186,0.0,0.0
2024-06-11 10:28:00-04:00,206.96749877929688,207.2899932861328,206.96749877929688,207.2899932861328,544,0.0,0.0
2024-06-11 10:30:00-04:00,207.10499572753906,207.10499572753906,207.10499572753906,207.10499572753906,312,0.0,0.0
2024-06-11 10:33:00-04:00,206.77000427246094,206.77000427246094,206.73500061035156,206.73500061035156,733,0.0,0.0
2024-06-11 10:36:00-04:00,207.02000427246094,207.02000427246094,207.02000427246094,207.02000427246094,1166,0.0,0.0
2024-06-11 10:45:00-04:00,207.97000122070312,208.03500366210938,207.97000122070312,208.03500366210938,531,0.0,0.0
2024-06-11 10:49:00-04:00,208.19000244140625,208.19000244140625,208.02999877929688,208.02999877929688,784,0.0,0.0
2024-06-11 10:50:00-04:00,208.1199951171875,208.13999938964844,208.1199951171875,208.13999938964844,1481,0.0,0.0
2024-06-11 10:52:00-04:00,207.80999755859375,207.93499755859375,207.80999755859375,207.93499755859375,516,0.0,0.0
2024-06-11 10:54:00-04:00,208.1999969482422,208.1999969482422,208.0,208.0,1045,0.0,0.0
2024-06-11 10:56:00-04:00,208.25999450683594,208.5500030517578,208.25999450683594,208.5500030517578,1379,0.0,0.0
2024-06-11 11:04:00-04:00,208.33999633789062,208.33999633789062,208.33999633789062,208.33999633789062,694,0.0,0.0
2024-06-11 11:05:00-04:00,208.07000732421875,208.0749969482422,208.07000732421875,208.0749969482422,2503,0.0,0.0
2024-06-11 11:17:00-04:00,208.22000122070312,208.22000122070312,208.22000122070312,208.22000122070312,433,0.0,0.0
2024-06-11 11:19:00-04:00,208.27999877929688,208.27999877929688,208.27999877929688,208.27999877929688,584,0.0,0.0
2024-06-11 11:22:00-04:00,207.88999938964844,208.02999877929688,207.77000427246094,207.77000427246094,918,0.0,0.0
2024-06-11 11:32:00-04:00,207.8000030517578,207.8000030517578,207.8000030517578,207.8000030517578,431,0.0,0.0
2024-06-11 11:39:00-04:00,207.26780700683594,207.26780700683594,207.26780700683594,207.26780700683594,572,0.0,0.0
2024-06-11 11:43:00-04:00,207.14999389648438,207.14999389648438,206.99000549316406,206.99000549316406,329,0.0,0.0
2024-06-11 11:44:00-04:00,206.99000549316406,206.99000549316406,206.99000549316406,206.99000549316406,500,0.0,0.0
2024-06-11 11:48:00-04:00,207.3300018310547,207.33999633789062,207.3300018310547,207.33999633789062,278,0.0,0.0
2024-06-11 11:49:00-04:00,207.11000061035156,207.11000061035156,207.11000061035156,207.11000061035156,645,0.0,0.0
2024-06-11 12:03:00-04:00,207.5,207.5,207.5,207.5,870,0.0,0.0
2024-06-11 12:04:00-04:00,207.42999267578125,207.6199951171875,207.42999267578125,207.6199951171875,428,0.0,0.0
2024-06-11 12:05:00-04:00,207.75,207.8000030517578,207.75,207.8000030517578,540,0.0,0.0
2024-06-11 12:06:00-04:00,207.82000732421875,207.82000732421875,207.82000732421875,207.82000732421875,196,0.0,0.0
2024-06-11 12:07:00-04:00,207.72000122070312,207.72000122070312,207.72000122070312,207.72000122070312,253,0.0,0.0
2024-06-11 12:09:00-04:00,208.00999450683594,208.02999877929688,208.00999450683594,208.02999877929688,415,0.0,0.0
2024-06-11 12:12:00-04:00,207.7899932861328,207.7899932861328,207.7899932861328,207.7899932861328,341,0.0,0.0
2024-06-11 12:15:00-04:00,207.67999267578125,207.67999267578125,207.52999877929688,207.52999877929688,1136,0.0,0.0
2024-06-11 12:16:00-04:00,207.5399932861328,207.5399932861328,207.5399932861328,207.5399932861328,754,0.0,0.0
2024-06-11 12:17:00-04:00,207.91000366210938,207.92999267578125,207.91000366210938,207.92999267578125,287,0.0,0.0
2024-06-11 12:18:00-04:00,207.92999267578125,207.92999267578125,207.92999267578125,207.92999267578125,348,0.0,0.0
2024-06-11 12:20:00-04:00,207.8000030517578,207.8000030517578,207.8000030517578,207.8000030517578,210,0.0,0.0
2024-06-11 12:21:00-04:00,207.77000427246094,207.77000427246094,207.77000427246094,207.77000427246094,1681,0.0,0.0
2024-06-11 12:30:00-04:00,208.07000732421875,208.07000732421875,208.07000732421875,208.07000732421875,6209,0.0,0.0
2024-06-11 12:39:00-04:00,207.72000122070312,207.72000122070312,207.72000122070312,207.72000122070312,368,0.0,0.0
2024-06-11 12:42:00-04:00,207.7100067138672,207.7100067138672,207.67999267578125,207.67999267578125,1071,0.0,0.0
2024-06-11 12:47:00-04:00,207.36000061035156,207.50999450683594,207.36000061035156,207.50999450683594,389,0.0,0.0
2024-06-11 12:52:00-04:00,207.65499877929688,207.65499877929688,207.65499877929688,207.65499877929688,369,0.0,0.0
2024-06-11 12:57:00-04:00,207.32000732421875,207.32000732421875,207.28500366210938,207.28500366210938,701,0.0,0.0
2024-06-11 12:59:00-04:00,207.2050018310547,207.2100067138672,207.2050018310547,207.2100067138672,1109,0.0,0.0
2024-06-11 13:03:00-04:00,207.3300018310547,207.33999633789062,207.3300018310547,207.33999633789062,643,0.0,0.0
2024-06-11 13:12:00-04:00,206.8000030517578,206.8000030517578,206.8000030517578,206.8000030517578,272,0.0,0.0
2024-06-11 13:16:00-04:00,206.98309326171875,206.98309326171875,206.58999633789062,206.77000427246094,733,0.0,0.0
2024-06-11 13:24:00-04:00,206.49000549316406,206.49000549316406,206.49000549316406,206.49000549316406,792,0.0,0.0
2024-06-11 13:32:00-04:00,206.88999938964844,206.88999938964844,206.88999938964844,206.88999938964844,751,0.0,0.0
2024-06-11 13:34:00-04:00,207.24989318847656,207.24989318847656,207.24989318847656,207.24989318847656,853,0.0,0.0
2024-06-11 13:38:00-04:00,206.86500549316406,206.86500549316406,206.86500549316406,206.86500549316406,1111,0.0,0.0
2024-06-11 13:47:00-04:00,207.27000427246094,207.27000427246094,207.27000427246094,207.27000427246094,509,0.0,0.0
2024-06-11 13:49:00-04:00,207.17999267578125,207.22000122070312,207.16000366210938,207.22000122070312,651,0.0,0.0
2024-06-11 13:50:00-04:00,207.5,207.5,207.5,207.5,400,0.0,0.0
2024-06-11 13:51:00-04:00,207.6300048828125,207.6300048828125,207.6300048828125,207.6300048828125,512,0.0,0.0
2024-06-11 13:52:00-04:00,207.75,207.75,207.75,207.75,443,0.0,0.0
2024-06-11 13:53:00-04:00,207.4600067138672,207.4600067138672,207.4600067138672,207.4600067138672,1273,0.0,0.0
2024-06-11 14:03:00-04:00,207.97000122070312,207.97000122070312,207.97000122070312,207.97000122070312,1229,0.0,0.0
2024-06-11 14:04:00-04:00,208.13999938964844,208.39999389648438,208.13999938964844,208.39999389648438,1600,0.0,0.0
2024-06-11 14:06:00-04:00,208.27000427246094,208.27000427246094,207.97000122070312,207.97000122070312,695,0.0,0.0
2024-06-11 14:07:00-04:00,207.8800048828125,207.8800048828125,207.8800048828125,207.8800048828125,3299,0.0,0.0
2024-06-11 14:32:00-04:00,209.14999389648438,209.14999389648438,209.14999389648438,209.14999389648438,527,0.0,0.0
2024-06-11 14:34:00-04:00,208.8800048828125,208.8800048828125,208.8800048828125,208.8800048828125,2399,0.0,0.0
2024-06-11 14:36:00-04:00,208.8699951171875,208.8699951171875,208.8699951171875,208.8699951171875,113,0.0,0.0
2024-06-11 14:37:00-04:00,208.8699951171875,208.8699951171875,208.64999389648438,208.64999389648438,1431,0.0,0.0
2024-06-11 14:49:00-04:00,208.6300048828125,208.6300048828125,208.24000549316406,208.43499755859375,2383,0.0,0.0
2024-06-11 14:58:00-04:00,208.0500030517578,208.0500030517578,208.0500030517578,208.0500030517578,214,0.0,0.0
2024-06-11 15:00:00-04:00,208.30999755859375,208.33999633789062,208.19000244140625,208.19000244140625,941,0.0,0.0
2024-06-11 15:06:00-04:00,208.13499450683594,208.13499450683594,208.0,208.0,1062,0.0,0.0
2024-06-11 15:07:00-04:00,208.05999755859375,208.07000732421875,207.8800048828125,207.8800048828125,1125,0.0,0.0
2024-06-11 15:09:00-04:00,207.6199951171875,207.6199951171875,207.6199951171875,207.6199951171875,197,0.0,0.0
2024-06-11 15:10:00-04:00,207.52999877929688,207.52999877929688,207.52999877929688,207.52999877929688,426,0.0,0.0
2024-06-11 15:14:00-04:00,207.30999755859375,207.30999755859375,207.30999755859375,207.30999755859375,698,0.0,0.0
2024-06-11 15:24:00-04:00,207.0500030517578,207.0500030517578,207.0500030517578,207.0500030517578,845,0.0,0.0
2024-06-11 15:29:00-04:00,207.00999450683594,207.00999450683594,206.99000549316406,206.9949951171875,1166,0.0,0.0
2024-06-11 15:30:00-04:00,206.80999755859375,207.25,206.80999755859375,207.25,2054,0.0,0.0
2024-06-11 15:31:00-04:00,207.1999969482422,207.27999877929688,207.1999969482422,207.22999572753906,1717,0.0,0.0
2024-06-11 15:32:00-04:00,206.94000244140625,207.0,206.88499450683594,207.0,803,0.0,0.0
2024-06-11 15:35:00-04:00,206.8000030517578,206.8000030517578,206.8000030517578,206.8000030517578,473,0.0,0.0
2024-06-11 15:39:00-04:00,206.89999389648438,206.89999389648438,206.75,206.75,747,0.0,0.0
2024-06-11 15:40:00-04:00,206.74000549316406,206.74000549316406,206.74000549316406,206.74000549316406,361,0.0,0.0
2024-06-11 15:41:00-04:00,206.82000732421875,206.82000732421875,206.72999572753906,206.72999572753906,618,0.0,0.0
2024-06-11 15:43:00-04:00,206.74000549316406,206.8300018310547,206.6300048828125,206.6300048828125,1599,0.0,0.0
2024-06-11 15:44:00-04:00,206.58999633789062,206.58999633789062,206.50999450683594,206.50999450683594,638,0.0,0.0
2024-06-11 15:46:00-04:00,206.25,206.25,206.25,206.25,1128,0.0,0.0
2024-06-11 15:48:00-04:00,206.14999389648438,206.14999389648438,206.0229949951172,206.0229949951172,2997,0.0,0.0
2024-06-11 15:50:00-04:00,206.19000244140625,206.3000030517578,206.19000244140625,206.2100067138672,1972,0.0,0.0
2024-06-11 15:52:00-04:00,206.17999267578125,206.4199981689453,206.17999267578125,206.4199981689453,1391,0.0,0.0
2024-06-11 15:53:00-04:00,206.6199951171875,206.99000549316406,206.6199951171875,206.91000366210938,3550,0.0,0.0
2024-06-11 15:54:00-04:00,206.98500061035156,207.02000427246094,206.98500061035156,207.02000427246094,480,0.0,0.0
2024-06-11 15:55:00-04:00,206.91000366210938,206.91000366210938,206.77000427246094,206.77000427246094,1248,0.0,0.0
2024-06-11 15:56:00-04:00,207.02999877929688,207.02999877929688,206.77000427246094,206.77000427246094,2483,0.0,0.0
2024-06-11 15:57:00-04:00,206.88999938964844,207.0399932861328,206.84500122070312,206.9600067138672,3913,0.0,0.0
2024-06-11 15:58:00-04:00,207.0399932861328,207.0399932861328,207.0399932861328,207.0399932861328,883,0.0,0.0
2024-06-11 15:59:00-04:00,207.16000366210938,207.16000366210938,206.85000610351562,207.0800018310547,10723,0.0,0.0
2024-06-12 09:34:00-04:00,215.0,215.0,215.0,215.0,475,0.0,0.0
2024-06-12 09:36:00-04:00,218.0,220.49000549316406,218.0,220.49000549316406,8297,0.0,0.0
2024-06-12 09:37:00-04:00,220.02000427246094,220.02999877929688,220.02000427246094,220.02999877929688,2052,0.0,0.0
2024-06-12 09:40:00-04:00,220.0050048828125,220.0050048828125,220.0050048828125,220.0050048828125,670,0.0,0.0
2024-06-12 09:42:00-04:00,220.57000732421875,222.02999877929688,220.57000732421875,222.02999877929688,1118,0.0,0.0
2024-06-12 09:43:00-04:00,221.35000610351562,221.7899932861328,221.3300018310547,221.3300018310547,3420,0.0,0.0
2024-06-12 09:46:00-04:00,222.4600067138672,222.4600067138672,221.51499938964844,221.51499938964844,1010,0.0,0.0
2024-06-12 09:47:00-04:00,224.5399932861328,224.5399932861328,224.52000427246094,224.52000427246094,2024,0.0,0.0
2024-06-12 09:49:00-04:00,222.83999633789062,222.83999633789062,222.83999633789062,222.83999633789062,736,0.0,0.0
2024-06-12 09:51:00-04:00,221.4600067138672,221.47000122070312,221.4199981689453,221.47000122070312,1133,0.0,0.0
2024-06-12 09:52:00-04:00,221.0,221.64999389648438,220.99000549316406,221.64999389648438,935,0.0,0.0
2024-06-12 09:53:00-04:00,220.66000366210938,220.66000366210938,220.66000366210938,220.66000366210938,513,0.0,0.0
2024-06-12 09:56:00-04:00,220.38999938964844,220.38999938964844,220.38999938964844,220.38999938964844,671,0.0,0.0
2024-06-12 09:59:00-04:00,220.19000244140625,220.19000244140625,220.18499755859375,220.18499755859375,1047,0.0,0.0
2024-06-12 10:02:00-04:00,220.88999938964844,221.50999450683594,220.8000030517578,221.1699981689453,3355,0.0,0.0
2024-06-12 10:03:00-04:00,221.92999267578125,221.9499969482422,221.92999267578125,221.9499969482422,628,0.0,0.0
2024-06-12 10:04:00-04:00,221.47000122070312,221.82000732421875,221.47000122070312,221.82000732421875,902,0.0,0.0
2024-06-12 10:06:00-04:00,221.22000122070312,221.22000122070312,221.22000122070312,221.22000122070312,382,0.0,0.0
2024-06-12 10:07:00-04:00,221.77000427246094,221.77000427246094,221.5,221.5,1669,0.0,0.0
2024-06-12 10:09:00-04:00,221.61000061035156,221.61000061035156,221.1199951171875,221.1199951171875,778,0.0,0.0
2024-06-12 10:10:00-04:00,221.02000427246094,221.02000427246094,221.02000427246094,221.02000427246094,451,0.0,0.0
2024-06-12 10:11:00-04:00,220.52999877929688,221.41000366210938,220.52999877929688,220.97000122070312,1215,0.0,0.0
2024-06-12 10:12:00-04:00,221.66000366210938,222.21499633789062,221.66000366210938,222.21499633789062,780,0.0,0.0
2024-06-12 10:13:00-04:00,222.25,222.25,222.25,222.25,903,0.0,0.0
2024-06-12 10:15:00-04:00,222.5500030517578,222.5500030517578,222.5500030517578,222.5500030517578,803,0.0,0.0
2024-06-12 10:17:00-04:00,222.4250030517578,222.47000122070312,222.4250030517578,222.47000122070312,378,0.0,0.0
2024-06-12 10:18:00-04:00,222.43499755859375,222.43499755859375,222.43499755859375,222.43499755859375,224,0.0,0.0
2024-06-12 10:19:00-04:00,222.07000732421875,222.08999633789062,222.02999877929688,222.0800018310547,2321,0.0,0.0
2024-06-12 10:20:00-04:00,221.72000122070312,221.72000122070312,221.72000122070312,221.72000122070312,1435,0.0,0.0
2024-06-12 10:22:00-04:00,222.92999267578125,223.2899932861328,222.92999267578125,223.2899932861328,1666,0.0,0.0
2024-06-12 10:23:00-04:00,223.25,223.39999389648438,222.94000244140625,223.3300018310547,1839,0.0,0.0
2024-06-12 10:24:00-04:00,222.75999450683594,222.75999450683594,222.75999450683594,222.75999450683594,2098,0.0,0.0
2024-06-12 10:25:00-04:00,224.00999450683594,224.00999450683594,224.00999450683594,224.00999450683594,313,0.0,0.0
2024-06-12 10:26:00-04:00,223.89999389648438,223.89999389648438,223.67999267578125,223.67999267578125,1541,0.0,0.0
2024-06-12 10:28:00-04:00,223.6699981689453,223.6699981689453,223.6699981689453,223.6699981689453,133,0.0,0.0
2024-06-12 10:30:00-04:00,223.08999633789062,223.08999633789062,222.02999877929688,222.02999877929688,459,0.0,0.0
2024-06-12 10:31:00-04:00,222.05999755859375,222.8300018310547,221.75999450683594,222.8300018310547,2064,0.0,0.0
2024-06-12 10:32:00-04:00,223.8800048828125,223.8800048828125,223.6999969482422,223.6999969482422,1884,0.0,0.0
2024-06-12 10:34:00-04:00,223.5500030517578,223.5500030517578,223.5500030517578,223.5500030517578,161,0.0,0.0
2024-06-12 10:35:00-04:00,223.66600036621094,223.66600036621094,223.66600036621094,223.66600036621094,213,0.0,0.0
2024-06-12 10:36:00-04:00,223.4759063720703,223.4759063720703,223.4759063720703,223.4759063720703,220,0.0,0.0
2024-06-12 10:37:00-04:00,222.8300018310547,223.6999969482422,222.8300018310547,223.6999969482422,787,0.0,0.0
2024-06-12 10:38:00-04:00,223.69500732421875,223.69500732421875,223.69500732421875,223.69500732421875,176,0.0,0.0
2024-06-12 10:39:00-04:00,223.0399932861328,223.47000122070312,222.80999755859375,222.8300018310547,1345,0.0,0.0
2024-06-12 10:41:00-04:00,222.42999267578125,222.42999267578125,222.42999267578125,222.42999267578125,218,0.0,0.0
2024-06-12 10:42:00-04:00,221.61000061035156,221.85000610351562,221.60000610351562,221.85000610351562,527,0.0,0.0
2024-06-12 10:44:00-04:00,221.47999572753906,221.50999450683594,221.47999572753906,221.50999450683594,641,0.0,0.0
2024-06-12 10:47:00-04:00,221.9600067138672,221.97000122070312,221.6750030517578,221.9600067138672,1274,0.0,0.0
2024-06-12 10:48:00-04:00,221.9600067138672,222.16000366210938,221.7949981689453,222.16000366210938,536,0.0,0.0
2024-06-12 10:49:00-04:00,221.97999572753906,221.97999572753906,221.94000244140625,221.94000244140625,342,0.0,0.0
2024-06-12 10:50:00-04:00,221.50999450683594,221.50999450683594,221.50999450683594,221.50999450683594,972,0.0,0.0
2024-06-12 10:51:00-04:00,221.0749969482422,221.0749969482422,221.0749969482422,221.0749969482422,380,0.0,0.0
2024-06-12 10:52:00-04:00,221.01499938964844,221.01499938964844,221.01499938964844,221.01499938964844,653,0.0,0.0
2024-06-12 10:54:00-04:00,221.14500427246094,221.44000244140625,221.14500427246094,221.44000244140625,945,0.0,0.0
2024-06-12 10:55:00-04:00,221.77999877929688,221.77999877929688,221.77999877929688,221.77999877929688,157,0.0,0.0
2024-06-12 10:56:00-04:00,221.6699981689453,221.6699981689453,221.6699981689453,221.6699981689453,207,0.0,0.0
2024-06-12 10:57:00-04:00,221.2899932861328,221.47000122070312,221.2899932861328,221.47000122070312,285,0.0,0.0
2024-06-12 10:58:00-04:00,221.00999450683594,221.00999450683594,221.00999450683594,221.00999450683594,442,0.0,0.0
2024-06-12 10:59:00-04:00,221.67999267578125,221.67999267578125,221.67999267578125,221.67999267578125,319,0.0,0.0
2024-06-12 11:00:00-04:00,221.4499969482422,221.4499969482422,221.4499969482422,221.4499969482422,239,0.0,0.0
2024-06-12 11:02:00-04:00,221.42999267578125,221.42999267578125,221.42999267578125,221.42999267578125,1015,0.0,0.0
2024-06-12 11:03:00-04:00,221.6699981689453,221.6699981689453,221.6699981689453,221.6699981689453,207,0.0,0.0
2024-06-12 11:06:00-04:00,221.80999755859375,221.80999755859375,221.67559814453125,221.67559814453125,445,0.0,0.0
2024-06-12 11:08:00-04:00,222.13999938964844,222.13999938964844,221.3699951171875,221.42999267578125,2198,0.0,0.0
2024-06-12 11:12:00-04:00,221.69000244140625,221.69000244140625,221.69000244140625,221.69000244140625,594,0.0,0.0
2024-06-12 11:13:00-04:00,221.97500610351562,221.97500610351562,221.9199981689453,221.9199981689453,445,0.0,0.0
2024-06-12 11:14:00-04:00,221.7100067138672,221.75999450683594,221.6199951171875,221.75999450683594,1946,0.0,0.0
2024-06-12 11:15:00-04:00,221.44700622558594,221.44700622558594,221.44700622558594,221.44700622558594,496,0.0,0.0
2024-06-12 11:16:00-04:00,221.83999633789062,222.10499572753906,221.8350067138672,222.10499572753906,927,0.0,0.0
2024-06-12 11:19:00-04:00,222.4149932861328,222.4149932861328,222.4149932861328,222.4149932861328,238,0.0,0.0
2024-06-12 11:21:00-04:00,222.7100067138672,222.7100067138672,222.7100067138672,222.7100067138672,182,0.0,0.0
2024-06-12 11:22:00-04:00,222.11500549316406,222.11500549316406,222.11500549316406,222.11500549316406,307,0.0,0.0
2024-06-12 11:23:00-04:00,222.48500061035156,222.48500061035156,222.48500061035156,222.48500061035156,313,0.0,0.0
2024-06-12 11:24:00-04:00,222.0800018310547,222.13999938964844,222.0800018310547,222.13999938964844,404,0.0,0.0
2024-06-12 11:26:00-04:00,222.1199951171875,222.1199951171875,222.0399932861328,222.0399932861328,462,0.0,0.0
2024-06-12 11:27:00-04:00,221.89999389648438,222.0,221.88999938964844,222.0,1097,0.0,0.0
2024-06-12 11:32:00-04:00,221.86000061035156,222.1199951171875,221.86000061035156,222.1199951171875,991,0.0,0.0
2024-06-12 11:34:00-04:00,221.86000061035156,221.86000061035156,221.47999572753906,221.47999572753906,1367,0.0,0.0
2024-06-12 11:35:00-04:00,221.44000244140625,221.44000244140625,221.44000244140625,221.44000244140625,479,0.0,0.0
2024-06-12 11:37:00-04:00,221.44000244140625,221.44000244140625,221.44000244140625,221.44000244140625,445,0.0,0.0
2024-06-12 11:38:00-04:00,221.2100067138672,221.2100067138672,221.11000061035156,221.11000061035156,715,0.0,0.0
2024-06-12 11:39:00-04:00,221.02499389648438,221.02499389648438,221.02499389648438,221.02499389648438,189,0.0,0.0
2024-06-12 11:40:00-04:00,221.27000427246094,221.27000427246094,220.89999389648438,221.00999450683594,1871,0.0,0.0
2024-06-12 11:41:00-04:00,221.0050048828125,221.0050048828125,221.0050048828125,221.0050048828125,217,0.0,0.0
2024-06-12 11:45:00-04:00,220.89999389648438,220.89999389648438,220.89999389648438,220.89999389648438,143,0.0,0.0
2024-06-12 11:47:00-04:00,220.89999389648438,220.89999389648438,220.7050018310547,220.7050018310547,586,0.0,0.0
2024-06-12 11:49:00-04:00,220.63999938964844,220.7899932861328,220.63999938964844,220.7899932861328,1540,0.0,0.0
2024-06-12 11:52:00-04:00,221.02000427246094,221.02000427246094,221.02000427246094,221.02000427246094,222,0.0,0.0
2024-06-12 11:58:00-04:00,221.1649932861328,221.1649932861328,221.1649932861328,221.1649932861328,218,0.0,0.0
2024-06-12 12:00:00-04:00,220.92999267578125,221.35499572753906,220.92999267578125,221.05999755859375,2337,0.0,0.0
2024-06-12 12:06:00-04:00,221.28500366210938,221.28500366210938,221.28500366210938,221.28500366210938,207,0.0,0.0
2024-06-12 12:08:00-04:00,221.3000030517578,221.3000030517578,221.3000030517578,221.3000030517578,404,0.0,0.0
2024-06-12 12:13:00-04:00,220.8925018310547,221.25,220.8925018310547,221.25,1357,0.0,0.0
2024-06-12 12:14:00-04:00,221.07000732421875,221.17999267578125,221.07000732421875,221.17999267578125,695,0.0,0.0
2024-06-12 12:18:00-04:00,221.25999450683594,221.25999450683594,221.25999450683594,221.25999450683594,759,0.0,0.0
2024-06-12 12:22:00-04:00,221.3699951171875,221.4199981689453,221.36000061035156,221.36000061035156,1096,0.0,0.0
2024-06-12 12:23:00-04:00,221.3000030517578,221.8699951171875,221.3000030517578,221.8699951171875,4741,0.0,0.0
2024-06-12 12:25:00-04:00,222.1199951171875,222.44900512695312,221.75999450683594,221.97000122070312,8262,0.0,0.0
2024-06-12 12:26:00-04:00,221.77999877929688,221.77999877929688,221.75999450683594,221.75999450683594,627,0.0,0.0
2024-06-12 12:28:00-04:00,221.9600067138672,222.11500549316406,221.9600067138672,222.11500549316406,1385,0.0,0.0
2024-06-12 12:31:00-04:00,222.36000061035156,222.51499938964844,222.1199951171875,222.1199951171875,2158,0.0,0.0
2024-06-12 12:39:00-04:00,222.5749969482422,222.5749969482422,222.10000610351562,222.10000610351562,1548,0.0,0.0
2024-06-12 12:49:00-04:00,222.25999450683594,222.27000427246094,222.25999450683594,222.27000427246094,380,0.0,0.0
2024-06-12 12:50:00-04:00,222.11500549316406,222.11500549316406,222.11500549316406,222.11500549316406,104,0.0,0.0
2024-06-12 12:51:00-04:00,222.11000061035156,222.7100067138672,222.11000061035156,222.7100067138672,1474,0.0,0.0
2024-06-12 12:54:00-04:00,222.5,222.7100067138672,222.33999633789062,222.56500244140625,1576,0.0,0.0
2024-06-12 12:56:00-04:00,222.3000030517578,222.3000030517578,222.3000030517578,222.3000030517578,858,0.0,0.0
2024-06-12 13:00:00-04:00,222.97999572753906,222.97999572753906,222.97999572753906,222.97999572753906,293,0.0,0.0
2024-06-12 13:01:00-04:00,223.22000122070312,223.22000122070312,223.22000122070312,223.22000122070312,520,0.0,0.0
2024-06-12 13:03:00-04:00,223.13499450683594,223.13499450683594,223.13499450683594,223.13499450683594,231,0.0,0.0
2024-06-12 13:04:00-04:00,223.125,223.125,223.125,223.125,529,0.0,0.0
2024-06-12 13:06:00-04:00,223.0800018310547,223.25,223.07000732421875,223.07000732421875,4435,0.0,0.0
2024-06-12 13:07:00-04:00,223.25,223.6999969482422,223.25,223.6999969482422,2028,0.0,0.0
2024-06-12 13:08:00-04:00,223.53500366210938,223.53500366210938,223.53500366210938,223.53500366210938,285,0.0,0.0
2024-06-12 13:09:00-04:00,223.33999633789062,223.50999450683594,223.33999633789062,223.50999450683594,447,0.0,0.0
2024-06-12 13:10:00-04:00,223.52999877929688,223.52999877929688,223.33999633789062,223.52999877929688,588,0.0,0.0
2024-06-12 13:11:00-04:00,223.375,223.375,223.0399932861328,223.19500732421875,1307,0.0,0.0
2024-06-12 13:13:00-04:00,222.9199981689453,222.9199981689453,222.9199981689453,222.9199981689453,1037,0.0,0.0
2024-06-12 13:14:00-04:00,222.81500244140625,222.91000366210938,222.81500244140625,222.91000366210938,989,0.0,0.0
2024-06-12 13:15:00-04:00,222.91000366210938,222.91000366210938,222.7373046875,222.7373046875,562,0.0,0.0
2024-06-12 13:17:00-04:00,222.69000244140625,222.69000244140625,222.69000244140625,222.69000244140625,511,0.0,0.0
2024-06-12 13:18:00-04:00,222.6999969482422,222.6999969482422,222.6999969482422,222.6999969482422,282,0.0,0.0
2024-06-12 13:19:00-04:00,222.47999572753906,222.47999572753906,222.47999572753906,222.47999572753906,1624,0.0,0.0
2024-06-12 13:20:00-04:00,222.25,222.25,222.25,222.25,480,0.0,0.0
2024-06-12 13:24:00-04:00,222.75,222.94000244140625,222.75,222.94000244140625,2061,0.0,0.0
2024-06-12 13:29:00-04:00,222.93499755859375,223.25999450683594,222.93499755859375,222.94000244140625,924,0.0,0.0
2024-06-12 13:30:00-04:00,222.5399932861328,222.77999877929688,222.5399932861328,222.64999389648438,997,0.0,0.0
2024-06-12 13:31:00-04:00,222.5800018310547,222.9199981689453,222.55999755859375,222.9199981689453,537,0.0,0.0
2024-06-12 13:32:00-04:00,222.74000549316406,222.74000549316406,222.55999755859375,222.55999755859375,1081,0.0,0.0
2024-06-12 13:35:00-04:00,222.8699951171875,222.88999938964844,222.8699951171875,222.88999938964844,623,0.0,0.0
2024-06-12 13:36:00-04:00,222.91000366210938,222.91000366210938,222.80999755859375,222.89999389648438,2194,0.0,0.0
2024-06-12 13:37:00-04:00,222.9199981689453,222.9199981689453,222.9199981689453,222.9199981689453,358,0.0,0.0
2024-06-12 13:38:00-04:00,222.94500732421875,222.94500732421875,222.94500732421875,222.94500732421875,881,0.0,0.0
2024-06-12 13:39:00-04:00,223.13999938964844,223.13999938964844,223.13999938964844,223.13999938964844,564,0.0,0.0
2024-06-12 13:43:00-04:00,223.25999450683594,223.25999450683594,223.25999450683594,223.25999450683594,160,0.0,0.0
2024-06-12 13:44:00-04:00,223.4199981689453,223.6999969482422,223.4199981689453,223.6999969482422,1590,0.0,0.0
2024-06-12 13:45:00-04:00,223.6999969482422,224.52000427246094,223.6999969482422,224.4199981689453,6203,0.0,0.0
2024-06-12 13:46:00-04:00,224.11500549316406,224.11500549316406,224.11500549316406,224.11500549316406,326,0.0,0.0
2024-06-12 13:49:00-04:00,224.52000427246094,224.52000427246094,224.52000427246094,224.52000427246094,639,0.0,0.0
2024-06-12 13:53:00-04:00,224.50999450683594,224.73500061035156,224.3000030517578,224.3000030517578,1195,0.0,0.0
2024-06-12 13:54:00-04:00,224.3000030517578,224.3000030517578,224.0,224.0,2356,0.0,0.0
2024-06-12 14:00:00-04:00,222.8699951171875,222.8699951171875,220.8699951171875,222.0500030517578,5577,0.0,0.0
2024-06-12 14:02:00-04:00,222.8800048828125,222.8800048828125,222.32000732421875,222.38999938964844,1974,0.0,0.0
2024-06-12 14:03:00-04:00,221.85000610351562,221.85000610351562,221.85000610351562,221.85000610351562,118,0.0,0.0
2024-06-12 14:04:00-04:00,221.84500122070312,221.84500122070312,221.84500122070312,221.84500122070312,164,0.0,0.0
2024-06-12 14:05:00-04:00,222.72000122070312,222.72000122070312,222.72000122070312,222.72000122070312,870,0.0,0.0
2024-06-12 14:07:00-04:00,222.3350067138672,222.33999633789062,222.3350067138672,222.33999633789062,483,0.0,0.0
2024-06-12 14:09:00-04:00,222.10000610351562,222.10000610351562,222.10000610351562,222.10000610351562,248,0.0,0.0
2024-06-12 14:10:00-04:00,222.52999877929688,222.52999877929688,222.52999877929688,222.52999877929688,294,0.0,0.0
2024-06-12 14:11:00-04:00,222.0399932861328,222.3800048828125,221.75,222.35000610351562,1838,0.0,0.0
2024-06-12 14:12:00-04:00,222.36000061035156,222.5850067138672,222.36000061035156,222.5850067138672,1054,0.0,0.0
2024-06-12 14:14:00-04:00,222.11000061035156,222.11000061035156,221.8000030517578,222.0,1478,0.0,0.0
2024-06-12 14:17:00-04:00,221.72999572753906,221.9199981689453,221.72999572753906,221.9199981689453,567,0.0,0.0
2024-06-12 14:18:00-04:00,222.1699981689453,222.30999755859375,222.02000427246094,222.30499267578125,2049,0.0,0.0
2024-06-12 14:19:00-04:00,222.22000122070312,222.22000122070312,222.22000122070312,222.22000122070312,1078,0.0,0.0
2024-06-12 14:21:00-04:00,222.2899932861328,222.2899932861328,220.77999877929688,220.99000549316406,7139,0.0,0.0
2024-06-12 14:23:00-04:00,221.32000732421875,221.32000732421875,221.32000732421875,221.32000732421875,767,0.0,0.0
2024-06-12 14:25:00-04:00,221.53500366210938,221.53500366210938,221.53500366210938,221.53500366210938,487,0.0,0.0
2024-06-12 14:26:00-04:00,221.5791015625,221.5791015625,221.07000732421875,221.07000732421875,1324,0.0,0.0
2024-06-12 14:27:00-04:00,221.4600067138672,221.4600067138672,221.17999267578125,221.17999267578125,1093,0.0,0.0
2024-06-12 14:29:00-04:00,222.0500030517578,222.0500030517578,222.0500030517578,222.0500030517578,499,0.0,0.0
2024-06-12 14:31:00-04:00,222.22999572753906,222.22999572753906,221.7100067138672,221.75999450683594,1202,0.0,0.0
2024-06-12 14:32:00-04:00,221.61500549316406,221.86000061035156,221.47999572753906,221.86000061035156,1736,0.0,0.0
2024-06-12 14:35:00-04:00,221.14999389648438,221.14999389648438,220.99000549316406,221.10499572753906,1593,0.0,0.0
2024-06-12 14:36:00-04:00,221.19000244140625,221.8000030517578,221.14999389648438,221.8000030517578,2527,0.0,0.0
2024-06-12 14:37:00-04:00,221.39999389648438,222.1699981689453,221.39999389648438,222.1699981689453,1385,0.0,0.0
2024-06-12 14:38:00-04:00,222.4199981689453,222.4199981689453,221.5,221.64999389648438,1411,0.0,0.0
2024-06-12 14:42:00-04:00,222.09500122070312,222.09500122070312,222.09500122070312,222.09500122070312,220,0.0,0.0
2024-06-12 14:43:00-04:00,222.44000244140625,222.44000244140625,221.7100067138672,221.7100067138672,950,0.0,0.0
2024-06-12 14:44:00-04:00,221.5,222.1300048828125,221.1699981689453,222.1300048828125,3004,0.0,0.0
2024-06-12 14:45:00-04:00,221.63999938964844,221.64999389648438,221.5,221.5749969482422,2622,0.0,0.0
2024-06-12 14:47:00-04:00,221.85000610351562,221.85000610351562,221.77000427246094,221.77000427246094,419,0.0,0.0
2024-06-12 14:49:00-04:00,221.4600067138672,221.64999389648438,221.4600067138672,221.64999389648438,1663,0.0,0.0
2024-06-12 14:50:00-04:00,221.35000610351562,221.35000610351562,221.0800018310547,221.3350067138672,949,0.0,0.0
2024-06-12 14:51:00-04:00,221.52000427246094,221.52000427246094,221.52000427246094,221.52000427246094,114,0.0,0.0
2024-06-12 14:52:00-04:00,221.44000244140625,221.44000244140625,221.44000244140625,221.44000244140625,679,0.0,0.0
2024-06-12 14:53:00-04:00,221.4149932861328,221.4149932861328,221.08999633789062,221.31500244140625,1255,0.0,0.0
2024-06-12 14:54:00-04:00,221.64999389648438,221.82000732421875,221.64999389648438,221.82000732421875,863,0.0,0.0
2024-06-12 14:55:00-04:00,222.3000030517578,222.3000030517578,222.3000030517578,222.3000030517578,206,0.0,0.0
2024-06-12 14:56:00-04:00,221.89999389648438,222.76499938964844,221.89999389648438,222.76499938964844,881,0.0,0.0
2024-06-12 14:57:00-04:00,223.16000366210938,223.16000366210938,223.16000366210938,223.16000366210938,1571,0.0,0.0
2024-06-12 14:58:00-04:00,222.67999267578125,222.75,222.67999267578125,222.75,449,0.0,0.0
2024-06-12 14:59:00-04:00,222.38999938964844,222.625,222.38999938964844,222.625,442,0.0,0.0
2024-06-12 15:00:00-04:00,222.4199981689453,222.4199981689453,222.4199981689453,222.4199981689453,682,0.0,0.0
2024-06-12 15:01:00-04:00,223.02000427246094,223.02000427246094,223.02000427246094,223.02000427246094,144,0.0,0.0
2024-06-12 15:02:00-04:00,223.3300018310547,223.3300018310547,222.6699981689453,222.6699981689453,983,0.0,0.0
2024-06-12 15:03:00-04:00,222.49000549316406,222.49000549316406,222.49000549316406,222.49000549316406,320,0.0,0.0
2024-06-12 15:04:00-04:00,222.59500122070312,222.59500122070312,222.27000427246094,222.27000427246094,738,0.0,0.0
2024-06-12 15:07:00-04:00,221.97999572753906,222.17999267578125,221.97999572753906,222.1699981689453,1335,0.0,0.0
2024-06-12 15:09:00-04:00,222.0576934814453,222.0576934814453,222.0576934814453,222.0576934814453,719,0.0,0.0
2024-06-12 15:11:00-04:00,221.9550018310547,221.9550018310547,221.9550018310547,221.9550018310547,1241,0.0,0.0
2024-06-12 15:15:00-04:00,221.64999389648438,221.64999389648438,221.64999389648438,221.64999389648438,894,0.0,0.0
2024-06-12 15:18:00-04:00,221.81500244140625,221.8524932861328,221.81500244140625,221.8524932861328,322,0.0,0.0
2024-06-12 15:19:00-04:00,222.05499267578125,222.41000366210938,222.05499267578125,222.0800018310547,551,0.0,0.0
2024-06-12 15:21:00-04:00,222.3300018310547,222.57000732421875,222.3300018310547,222.57000732421875,759,0.0,0.0
2024-06-12 15:22:00-04:00,222.8699951171875,222.8699951171875,222.08999633789062,222.10000610351562,1599,0.0,0.0
2024-06-12 15:23:00-04:00,221.88999938964844,221.88999938964844,221.8800048828125,221.8800048828125,397,0.0,0.0
2024-06-12 15:24:00-04:00,221.5,221.5399932861328,221.4550018310547,221.46499633789062,1449,0.0,0.0
2024-06-12 15:26:00-04:00,221.55999755859375,221.57000732421875,221.35000610351562,221.4499969482422,2513,0.0,0.0
2024-06-12 15:27:00-04:00,220.99000549316406,221.22000122070312,220.99000549316406,221.2100067138672,580,0.0,0.0
2024-06-12 15:28:00-04:00,221.17999267578125,221.17999267578125,220.3699951171875,221.0399932861328,3301,0.0,0.0
2024-06-12 15:29:00-04:00,221.19000244140625,221.27000427246094,220.94000244140625,221.27000427246094,1587,0.0,0.0
2024-06-12 15:30:00-04:00,220.66000366210938,220.6999969482422,220.66000366210938,220.6999969482422,592,0.0,0.0
2024-06-12 15:31:00-04:00,220.66000366210938,220.66000366210938,220.33999633789062,220.33999633789062,855,0.0,0.0
2024-06-12 15:33:00-04:00,220.00999450683594,220.00999450683594,220.00999450683594,220.00999450683594,238,0.0,0.0
2024-06-12 15:34:00-04:00,220.0,220.00999450683594,220.0,220.0,740,0.0,0.0
2024-06-12 15:35:00-04:00,220.0,220.0,220.0,220.0,1222,0.0,0.0
2024-06-12 15:36:00-04:00,220.49000549316406,220.5800018310547,220.49000549316406,220.5800018310547,557,0.0,0.0
2024-06-12 15:38:00-04:00,220.32000732421875,220.3300018310547,220.30999755859375,220.3300018310547,1498,0.0,0.0
2024-06-12 15:39:00-04:00,220.14999389648438,220.14999389648438,220.14999389648438,220.14999389648438,747,0.0,0.0
2024-06-12 15:40:00-04:00,220.07000732421875,220.33999633789062,220.07000732421875,220.33999633789062,1410,0.0,0.0
2024-06-12 15:41:00-04:00,220.0800018310547,220.0800018310547,220.0,220.00999450683594,540,0.0,0.0
2024-06-12 15:42:00-04:00,220.0,220.30999755859375,219.99000549316406,220.3000030517578,4684,0.0,0.0
2024-06-12 15:44:00-04:00,220.02000427246094,220.02000427246094,220.02000427246094,220.02000427246094,101,0.0,0.0
2024-06-12 15:45:00-04:00,220.19500732421875,220.19500732421875,220.07000732421875,220.07000732421875,904,0.0,0.0
2024-06-12 15:46:00-04:00,220.3800048828125,220.3800048828125,220.3800048828125,220.3800048828125,921,0.0,0.0
2024-06-12 15:47:00-04:00,220.38999938964844,220.75999450683594,220.38999938964844,220.75999450683594,1201,0.0,0.0
2024-06-12 15:48:00-04:00,220.88999938964844,220.88999938964844,220.88999938964844,220.88999938964844,603,0.0,0.0
2024-06-12 15:49:00-04:00,221.0399932861328,221.0399932861328,220.49000549316406,220.49000549316406,3074,0.0,0.0
2024-06-12 15:50:00-04:00,220.41000366210938,220.86000061035156,220.41000366210938,220.85000610351562,1063,0.0,0.0
2024-06-12 15:51:00-04:00,220.61000061035156,220.61000061035156,220.61000061035156,220.61000061035156,1524,0.0,0.0
2024-06-12 15:52:00-04:00,220.6699981689453,220.91000366210938,220.6699981689453,220.86000061035156,2630,0.0,0.0
2024-06-12 15:53:00-04:00,220.88999938964844,221.0399932861328,220.88999938964844,220.89999389648438,2095,0.0,0.0
2024-06-12 15:54:00-04:00,220.8800048828125,220.8800048828125,220.64999389648438,220.75,3735,0.0,0.0
2024-06-12 15:55:00-04:00,220.83999633789062,220.84500122070312,220.57000732421875,220.77000427246094,2303,0.0,0.0
2024-06-12 15:56:00-04:00,220.7949981689453,221.07000732421875,220.67999267578125,220.93499755859375,5519,0.0,0.0
2024-06-12 15:57:00-04:00,220.8000030517578,220.9199981689453,220.50999450683594,220.6699981689453,4735,0.0,0.0
2024-06-12 15:58:00-04:00,220.73500061035156,220.76499938964844,220.41000366210938,220.50999450683594,3195,0.0,0.0
2024-06-12 15:59:00-04:00,220.4199981689453,221.00999450683594,220.2100067138672,220.6199951171875,17808,0.0,0.0
2024-06-13 09:30:00-04:00,219.0,219.0,219.0,219.0,2087,0.0,0.0
2024-06-13 09:35:00-04:00,218.69000244140625,218.69000244140625,218.38999938964844,218.6750030517578,1007,0.0,0.0
2024-06-13 09:38:00-04:00,219.2100067138672,219.2100067138672,219.16000366210938,219.16000366210938,394,0.0,0.0
2024-06-13 09:39:00-04:00,220.10069274902344,220.1009979248047,220.10069274902344,220.10069274902344,521,0.0,0.0
2024-06-13 09:49:00-04:00,219.9770050048828,220.13999938964844,218.99000549316406,220.13999938964844,2702,0.0,0.0
2024-06-13 09:51:00-04:00,217.83999633789062,217.99000549316406,217.83999633789062,217.99000549316406,1218,0.0,0.0
2024-06-13 09:53:00-04:00,217.8300018310547,217.8300018310547,217.8300018310547,217.8300018310547,1186,0.0,0.0
2024-06-13 09:54:00-04:00,217.77999877929688,217.82000732421875,217.6999969482422,217.77999877929688,1597,0.0,0.0
2024-06-13 09:55:00-04:00,217.38999938964844,217.39999389648438,217.38999938964844,217.39999389648438,1100,0.0,0.0
2024-06-13 09:58:00-04:00,217.75999450683594,217.75999450683594,217.75999450683594,217.75999450683594,674,0.0,0.0
2024-06-13 10:00:00-04:00,218.6699981689453,218.6699981689453,217.9600067138672,218.33999633789062,832,0.0,0.0
2024-06-13 10:01:00-04:00,218.33999633789062,218.52999877929688,218.33999633789062,218.52999877929688,1105,0.0,0.0
2024-06-13 10:02:00-04:00,218.27000427246094,218.27000427246094,217.7899932861328,218.1999969482422,1319,0.0,0.0
2024-06-13 10:03:00-04:00,218.1999969482422,218.1999969482422,218.1999969482422,218.1999969482422,825,0.0,0.0
2024-06-13 10:05:00-04:00,219.52999877929688,219.8699951171875,219.4499969482422,219.4499969482422,4460,0.0,0.0
2024-06-13 10:13:00-04:00,219.5449981689453,219.5449981689453,219.5449981689453,219.5449981689453,245,0.0,0.0
2024-06-13 10:14:00-04:00,219.52499389648438,219.52499389648438,219.52499389648438,219.52499389648438,1028,0.0,0.0
2024-06-13 10:19:00-04:00,218.75999450683594,219.44500732421875,218.64999389648438,219.44500732421875,2085,0.0,0.0
2024-06-13 10:21:00-04:00,219.52000427246094,219.52000427246094,219.52000427246094,219.52000427246094,771,0.0,0.0
2024-06-13 10:26:00-04:00,219.3000030517578,219.3000030517578,219.3000030517578,219.3000030517578,372,0.0,0.0
2024-06-13 10:27:00-04:00,218.91000366210938,218.91000366210938,218.8800048828125,218.8800048828125,1570,0.0,0.0
2024-06-13 10:28:00-04:00,219.1699981689453,219.17999267578125,219.16000366210938,219.17999267578125,981,0.0,0.0
2024-06-13 10:30:00-04:00,219.27999877929688,219.30999755859375,219.16000366210938,219.16000366210938,1086,0.0,0.0
2024-06-13 10:31:00-04:00,218.97999572753906,219.14500427246094,218.97999572753906,219.14500427246094,829,0.0,0.0
2024-06-13 10:32:00-04:00,219.32000732421875,219.32000732421875,219.32000732421875,219.32000732421875,349,0.0,0.0
2024-06-13 10:33:00-04:00,219.0399932861328,219.0399932861328,219.0399932861328,219.0399932861328,237,0.0,0.0
2024-06-13 10:37:00-04:00,219.32000732421875,219.39999389648438,219.32000732421875,219.39999389648438,762,0.0,0.0
2024-06-13 10:38:00-04:00,219.52000427246094,219.52000427246094,219.52000427246094,219.52000427246094,586,0.0,0.0
2024-06-13 10:41:00-04:00,218.97999572753906,218.97999572753906,218.77000427246094,218.7899932861328,1728,0.0,0.0
2024-06-13 10:42:00-04:00,218.77000427246094,218.77000427246094,218.77000427246094,218.77000427246094,245,0.0,0.0
2024-06-13 10:43:00-04:00,218.77000427246094,218.97999572753906,218.66000366210938,218.97999572753906,4835,0.0,0.0
2024-06-13 10:45:00-04:00,218.99000549316406,219.0800018310547,218.1300048828125,219.0800018310547,1247,0.0,0.0
2024-06-13 10:50:00-04:00,218.7100067138672,218.7100067138672,218.7100067138672,218.7100067138672,1048,0.0,0.0
2024-06-13 10:58:00-04:00,219.5850067138672,219.5850067138672,219.5850067138672,219.5850067138672,589,0.0,0.0
2024-06-13 11:06:00-04:00,219.6300048828125,219.75,219.60499572753906,219.60499572753906,1583,0.0,0.0
2024-06-13 11:07:00-04:00,219.75,219.78500366210938,219.75,219.78500366210938,321,0.0,0.0
2024-06-13 11:09:00-04:00,219.5,219.5,219.5,219.5,253,0.0,0.0
2024-06-13 11:11:00-04:00,219.78500366210938,219.78500366210938,219.77499389648438,219.77499389648438,823,0.0,0.0
2024-06-13 11:12:00-04:00,219.5,219.5,219.5,219.5,588,0.0,0.0
2024-06-13 11:13:00-04:00,219.5,219.53250122070312,219.47000122070312,219.53250122070312,4874,0.0,0.0
2024-06-13 11:19:00-04:00,219.5500030517578,219.5800018310547,218.75,218.75,488,0.0,0.0
2024-06-13 11:20:00-04:00,219.5800018310547,219.5800018310547,219.5800018310547,219.5800018310547,846,0.0,0.0
2024-06-13 11:22:00-04:00,219.72999572753906,219.72999572753906,219.72999572753906,219.72999572753906,433,0.0,0.0
2024-06-13 11:25:00-04:00,219.81430053710938,219.86000061035156,219.14500427246094,219.14500427246094,3328,0.0,0.0
2024-06-13 11:26:00-04:00,219.91000366210938,220.05990600585938,219.91000366210938,220.05990600585938,1959,0.0,0.0
2024-06-13 11:32:00-04:00,219.75,219.94000244140625,219.75,219.94000244140625,1008,0.0,0.0
2024-06-13 11:41:00-04:00,220.0800018310547,220.25999450683594,220.0800018310547,220.25999450683594,2218,0.0,0.0
2024-06-13 11:52:00-04:00,220.13999938964844,220.13999938964844,220.13999938964844,220.13999938964844,264,0.0,0.0
2024-06-13 11:56:00-04:00,219.9071044921875,219.9071044921875,219.9071044921875,219.9071044921875,382,0.0,0.0
2024-06-13 11:58:00-04:00,219.88999938964844,219.88999938964844,219.88999938964844,219.88999938964844,486,0.0,0.0
2024-06-13 12:01:00-04:00,219.89999389648438,219.89999389648438,219.8800048828125,219.8800048828125,2287,0.0,0.0
2024-06-13 12:03:00-04:00,219.8800048828125,219.8800048828125,219.8800048828125,219.8800048828125,1564,0.0,0.0
2024-06-13 12:16:00-04:00,219.8800048828125,219.8800048828125,219.72000122070312,219.83999633789062,5173,0.0,0.0
2024-06-13 12:19:00-04:00,219.25999450683594,219.25999450683594,219.06500244140625,219.06500244140625,1395,0.0,0.0
2024-06-13 12:25:00-04:00,219.36000061035156,219.36000061035156,219.36000061035156,219.36000061035156,154,0.0,0.0
2024-06-13 12:26:00-04:00,219.22999572753906,219.22999572753906,219.22999572753906,219.22999572753906,315,0.0,0.0
2024-06-13 12:31:00-04:00,219.3800048828125,219.3800048828125,219.3800048828125,219.3800048828125,984,0.0,0.0
2024-06-13 12:32:00-04:00,219.47999572753906,219.6999969482422,219.47999572753906,219.6999969482422,1751,0.0,0.0
2024-06-13 12:41:00-04:00,219.92999267578125,219.92999267578125,219.92999267578125,219.92999267578125,388,0.0,0.0
2024-06-13 12:44:00-04:00,220.00999450683594,220.00999450683594,220.00999450683594,220.00999450683594,912,0.0,0.0
2024-06-13 12:49:00-04:00,219.83999633789062,219.83999633789062,219.83999633789062,219.83999633789062,1133,0.0,0.0
2024-06-13 12:54:00-04:00,220.25999450683594,220.25999450683594,220.22999572753906,220.22999572753906,502,0.0,0.0
2024-06-13 13:00:00-04:00,220.2899932861328,220.2899932861328,220.2899932861328,220.2899932861328,312,0.0,0.0
2024-06-13 13:02:00-04:00,220.5800018310547,220.6199951171875,220.5800018310547,220.6199951171875,993,0.0,0.0
2024-06-13 13:05:00-04:00,220.83999633789062,220.97000122070312,220.83999633789062,220.97000122070312,858,0.0,0.0
2024-06-13 13:16:00-04:00,220.4499969482422,220.4499969482422,220.4499969482422,220.4499969482422,805,0.0,0.0
2024-06-13 13:29:00-04:00,220.7899932861328,220.7899932861328,220.7899932861328,220.7899932861328,451,0.0,0.0
2024-06-13 13:33:00-04:00,220.75999450683594,220.75999450683594,220.75999450683594,220.75999450683594,914,0.0,0.0
2024-06-13 13:39:00-04:00,220.70030212402344,220.70030212402344,220.70030212402344,220.70030212402344,618,0.0,0.0
2024-06-13 13:40:00-04:00,220.6999969482422,220.6999969482422,220.6999969482422,220.6999969482422,238,0.0,0.0
2024-06-13 13:42:00-04:00,220.55999755859375,220.55999755859375,220.47999572753906,220.47999572753906,1026,0.0,0.0
2024-06-13 13:48:00-04:00,220.31500244140625,220.31500244140625,220.31500244140625,220.31500244140625,710,0.0,0.0
2024-06-13 13:52:00-04:00,220.57000732421875,220.57000732421875,220.57000732421875,220.57000732421875,291,0.0,0.0
2024-06-13 13:55:00-04:00,220.30099487304688,220.30099487304688,220.30099487304688,220.30099487304688,288,0.0,0.0
2024-06-13 13:57:00-04:00,220.38499450683594,220.38499450683594,220.38499450683594,220.38499450683594,366,0.0,0.0
2024-06-13 14:02:00-04:00,220.5500030517578,220.5500030517578,220.5500030517578,220.5500030517578,948,0.0,0.0
2024-06-13 14:04:00-04:00,220.00999450683594,220.00999450683594,220.00999450683594,220.00999450683594,581,0.0,0.0
2024-06-13 14:05:00-04:00,220.22500610351562,220.22500610351562,220.22500610351562,220.22500610351562,711,0.0,0.0
2024-06-13 14:13:00-04:00,220.38499450683594,220.38499450683594,220.38499450683594,220.38499450683594,237,0.0,0.0
2024-06-13 14:14:00-04:00,220.64990234375,220.64990234375,220.3699951171875,220.3699951171875,471,0.0,0.0
2024-06-13 14:19:00-04:00,220.4149932861328,220.4149932861328,220.4149932861328,220.4149932861328,225,0.0,0.0
2024-06-13 14:20:00-04:00,220.42999267578125,220.42999267578125,220.42999267578125,220.42999267578125,104,0.0,0.0
2024-06-13 14:22:00-04:00,220.6199951171875,220.67999267578125,220.42999267578125,220.5500030517578,4480,0.0,0.0
2024-06-13 14:23:00-04:00,220.6699981689453,220.6750030517578,220.6699981689453,220.6750030517578,330,0.0,0.0
2024-06-13 14:24:00-04:00,220.71499633789062,220.71499633789062,220.71499633789062,220.71499633789062,371,0.0,0.0
2024-06-13 14:25:00-04:00,220.72999572753906,220.72999572753906,220.72999572753906,220.72999572753906,519,0.0,0.0
2024-06-13 14:29:00-04:00,220.73500061035156,220.73500061035156,220.73500061035156,220.73500061035156,151,0.0,0.0
2024-06-13 14:30:00-04:00,220.7449951171875,220.7449951171875,220.7449951171875,220.7449951171875,349,0.0,0.0
2024-06-13 14:33:00-04:00,220.9199981689453,220.96499633789062,220.9199981689453,220.96499633789062,1878,0.0,0.0
2024-06-13 14:37:00-04:00,220.97000122070312,220.97000122070312,220.97000122070312,220.97000122070312,309,0.0,0.0
2024-06-13 14:38:00-04:00,221.0500030517578,221.0500030517578,221.0500030517578,221.0500030517578,270,0.0,0.0
2024-06-13 14:39:00-04:00,220.97000122070312,220.97000122070312,220.75,220.75,1364,0.0,0.0
2024-06-13 14:40:00-04:00,220.8699951171875,220.8699951171875,220.8699951171875,220.8699951171875,383,0.0,0.0
2024-06-13 14:43:00-04:00,221.13999938964844,221.13999938964844,221.13999938964844,221.13999938964844,1056,0.0,0.0
2024-06-13 14:46:00-04:00,221.23500061035156,221.23500061035156,221.23500061035156,221.23500061035156,202,0.0,0.0
2024-06-13 14:47:00-04:00,221.24000549316406,221.25,221.16000366210938,221.1649932861328,710,0.0,0.0
2024-06-13 14:51:00-04:00,220.92520141601562,220.92520141601562,220.92520141601562,220.92520141601562,776,0.0,0.0
2024-06-13 14:55:00-04:00,221.11000061035156,221.1540985107422,221.11000061035156,221.1540985107422,609,0.0,0.0
2024-06-13 14:56:00-04:00,221.38499450683594,221.38499450683594,221.38499450683594,221.38499450683594,813,0.0,0.0
2024-06-13 15:03:00-04:00,221.52000427246094,221.52000427246094,221.52000427246094,221.52000427246094,279,0.0,0.0
2024-06-13 15:04:00-04:00,221.42999267578125,221.61000061035156,221.41749572753906,221.41749572753906,1037,0.0,0.0
2024-06-13 15:07:00-04:00,221.52000427246094,221.52000427246094,221.52000427246094,221.52000427246094,969,0.0,0.0
2024-06-13 15:10:00-04:00,221.75,221.75,221.75,221.75,214,0.0,0.0
2024-06-13 15:13:00-04:00,221.69500732421875,221.69500732421875,221.44000244140625,221.44000244140625,2124,0.0,0.0
2024-06-13 15:17:00-04:00,221.47999572753906,221.47999572753906,221.47000122070312,221.47999572753906,1046,0.0,0.0
2024-06-13 15:19:00-04:00,221.64999389648438,221.66000366210938,221.57000732421875,221.57000732421875,620,0.0,0.0
2024-06-13 15:20:00-04:00,221.77000427246094,221.77000427246094,221.6699981689453,221.6699981689453,395,0.0,0.0
2024-06-13 15:21:00-04:00,221.7550048828125,221.7550048828125,221.7550048828125,221.7550048828125,508,0.0,0.0
2024-06-13 15:24:00-04:00,221.66000366210938,221.66000366210938,221.52999877929688,221.52999877929688,812,0.0,0.0
2024-06-13 15:25:00-04:00,221.22999572753906,221.22999572753906,221.22999572753906,221.22999572753906,598,0.0,0.0
2024-06-13 15:26:00-04:00,221.0399932861328,221.0399932861328,220.82000732421875,220.82000732421875,491,0.0,0.0
2024-06-13 15:27:00-04:00,221.02000427246094,221.02000427246094,221.02000427246094,221.02000427246094,329,0.0,0.0
2024-06-13 15:29:00-04:00,220.67999267578125,220.67999267578125,220.67999267578125,220.67999267578125,753,0.0,0.0
2024-06-13 15:30:00-04:00,220.14999389648438,220.14999389648438,220.14999389648438,220.14999389648438,1008,0.0,0.0
2024-06-13 15:31:00-04:00,220.3800048828125,220.61000061035156,220.3800048828125,220.61000061035156,981,0.0,0.0
2024-06-13 15:33:00-04:00,220.61000061035156,220.80999755859375,220.61000061035156,220.80999755859375,806,0.0,0.0
2024-06-13 15:34:00-04:00,220.8300018310547,220.8300018310547,220.8300018310547,220.8300018310547,354,0.0,0.0
2024-06-13 15:35:00-04:00,221.03500366210938,221.08999633789062,221.03500366210938,221.08999633789062,2213,0.0,0.0
2024-06-13 15:37:00-04:00,221.22999572753906,221.3699951171875,221.22999572753906,221.2949981689453,1084,0.0,0.0
2024-06-13 15:38:00-04:00,221.35000610351562,221.35000610351562,221.35000610351562,221.35000610351562,950,0.0,0.0
2024-06-13 15:40:00-04:00,221.4149932861328,221.4149932861328,221.4149932861328,221.4149932861328,574,0.0,0.0
2024-06-13 15:44:00-04:00,221.44000244140625,221.52999877929688,221.44000244140625,221.47999572753906,1466,0.0,0.0
2024-06-13 15:45:00-04:00,221.47999572753906,221.75999450683594,221.47999572753906,221.75999450683594,1959,0.0,0.0
2024-06-13 15:46:00-04:00,221.6300048828125,221.6300048828125,221.6300048828125,221.6300048828125,431,0.0,0.0
2024-06-13 15:47:00-04:00,221.4949951171875,221.4949951171875,221.4949951171875,221.4949951171875,705,0.0,0.0
2024-06-13 15:48:00-04:00,221.5500030517578,221.5500030517578,221.5449981689453,221.5449981689453,887,0.0,0.0
2024-06-13 15:49:00-04:00,221.47999572753906,221.58999633789062,221.47999572753906,221.58999633789062,438,0.0,0.0
2024-06-13 15:50:00-04:00,221.66000366210938,221.66000366210938,221.39999389648438,221.4499969482422,1950,0.0,0.0
2024-06-13 15:51:00-04:00,221.4600067138672,221.47500610351562,221.3000030517578,221.3000030517578,1572,0.0,0.0
2024-06-13 15:52:00-04:00,221.60000610351562,221.6699981689453,221.60000610351562,221.6300048828125,1344,0.0,0.0
2024-06-13 15:53:00-04:00,221.7100067138672,221.7100067138672,221.7100067138672,221.7100067138672,779,0.0,0.0
2024-06-13 15:54:00-04:00,221.66000366210938,221.66000366210938,221.52999877929688,221.53500366210938,1225,0.0,0.0
2024-06-13 15:55:00-04:00,221.43499755859375,221.69000244140625,221.43499755859375,221.69000244140625,4563,0.0,0.0
2024-06-13 15:56:00-04:00,221.6999969482422,221.6999969482422,221.61000061035156,221.64999389648438,1791,0.0,0.0
2024-06-13 15:57:00-04:00,221.64999389648438,221.8300018310547,221.55999755859375,221.55999755859375,5386,0.0,0.0
2024-06-13 15:58:00-04:00,221.55499267578125,221.67999267578125,221.47999572753906,221.57000732421875,4908,0.0,0.0
2024-06-13 15:59:00-04:00,221.58999633789062,221.9199981689453,221.47999572753906,221.91000366210938,9175,0.0,0.0
2024-06-14 09:31:00-04:00,217.19000244140625,217.19000244140625,217.19000244140625,217.19000244140625,2762,0.0,0.0
2024-06-14 09:35:00-04:00,218.0,218.0,218.0,218.0,333,0.0,0.0
2024-06-14 09:39:00-04:00,217.47000122070312,217.47000122070312,217.47000122070312,217.47000122070312,800,0.0,0.0
2024-06-14 09:46:00-04:00,217.32000732421875,217.32000732421875,216.8800048828125,216.8800048828125,2278,0.0,0.0
2024-06-14 09:55:00-04:00,217.91000366210938,217.91000366210938,217.91000366210938,217.91000366210938,975,0.0,0.0
2024-06-14 09:59:00-04:00,215.5491943359375,215.5491943359375,215.5491943359375,215.5491943359375,762,0.0,0.0
2024-06-14 10:02:00-04:00,214.16000366210938,214.30999755859375,214.16000366210938,214.30999755859375,769,0.0,0.0
2024-06-14 10:05:00-04:00,213.30999755859375,213.30999755859375,212.70460510253906,212.70460510253906,602,0.0,0.0
2024-06-14 10:06:00-04:00,214.27369689941406,214.27369689941406,214.27369689941406,214.27369689941406,560,0.0,0.0
2024-06-14 10:07:00-04:00,214.3800048828125,214.74000549316406,213.9600067138672,214.55999755859375,4118,0.0,0.0
2024-06-14 10:10:00-04:00,214.41600036621094,214.41600036621094,214.41600036621094,214.41600036621094,227,0.0,0.0
2024-06-14 10:11:00-04:00,213.4246063232422,213.4246063232422,213.3800048828125,213.3800048828125,423,0.0,0.0
2024-06-14 10:12:00-04:00,213.13999938964844,213.13999938964844,212.02000427246094,212.02000427246094,774,0.0,0.0
2024-06-14 10:13:00-04:00,212.25,212.25,212.25,212.25,451,0.0,0.0
2024-06-14 10:15:00-04:00,212.91000366210938,212.9600067138672,212.86000061035156,212.89999389648438,3675,0.0,0.0
2024-06-14 10:18:00-04:00,212.3699951171875,212.3699951171875,212.3699951171875,212.3699951171875,254,0.0,0.0
2024-06-14 10:21:00-04:00,212.8300018310547,212.8300018310547,212.8300018310547,212.8300018310547,802,0.0,0.0
2024-06-14 10:23:00-04:00,212.6699981689453,212.8000030517578,212.6300048828125,212.6300048828125,984,0.0,0.0
2024-06-14 10:24:00-04:00,212.72999572753906,212.86000061035156,212.72999572753906,212.86000061035156,421,0.0,0.0
2024-06-14 10:25:00-04:00,212.8000030517578,212.8000030517578,212.5,212.5,587,0.0,0.0
2024-06-14 10:28:00-04:00,212.65499877929688,212.65499877929688,212.65499877929688,212.65499877929688,270,0.0,0.0
2024-06-14 10:30:00-04:00,212.89190673828125,212.89190673828125,211.69000244140625,211.69000244140625,1779,0.0,0.0
2024-06-14 10:31:00-04:00,211.47999572753906,211.47999572753906,211.47999572753906,211.47999572753906,902,0.0,0.0
2024-06-14 10:32:00-04:00,211.77000427246094,212.0,211.77000427246094,212.0,1131,0.0,0.0
2024-06-14 10:41:00-04:00,211.92579650878906,211.92579650878906,211.92579650878906,211.92579650878906,307,0.0,0.0
2024-06-14 10:42:00-04:00,211.5800018310547,211.5800018310547,211.19000244140625,211.1999969482422,871,0.0,0.0
2024-06-14 10:44:00-04:00,211.8699951171875,211.89999389648438,211.8699951171875,211.89999389648438,1228,0.0,0.0
2024-06-14 10:49:00-04:00,211.8000030517578,211.8000030517578,211.8000030517578,211.8000030517578,574,0.0,0.0
2024-06-14 10:53:00-04:00,212.17999267578125,212.90989685058594,212.17999267578125,212.90989685058594,626,0.0,0.0
2024-06-14 10:54:00-04:00,212.80999755859375,212.80999755859375,212.38999938964844,212.49000549316406,1072,0.0,0.0
2024-06-14 10:58:00-04:00,212.1699981689453,212.1699981689453,212.16000366210938,212.16000366210938,945,0.0,0.0
2024-06-14 11:02:00-04:00,212.61000061035156,212.61000061035156,212.61000061035156,212.61000061035156,480,0.0,0.0
2024-06-14 11:06:00-04:00,212.13999938964844,212.13999938964844,212.08999633789062,212.13999938964844,823,0.0,0.0
2024-06-14 11:07:00-04:00,212.44000244140625,212.44000244140625,212.13499450683594,212.13499450683594,455,0.0,0.0
2024-06-14 11:08:00-04:00,212.08999633789062,212.08999633789062,212.08999633789062,212.08999633789062,131,0.0,0.0
2024-06-14 11:09:00-04:00,211.8300018310547,211.8300018310547,211.8300018310547,211.8300018310547,345,0.0,0.0
2024-06-14 11:12:00-04:00,211.6999969482422,211.6999969482422,211.6999969482422,211.6999969482422,717,0.0,0.0
2024-06-14 11:19:00-04:00,212.44000244140625,212.55999755859375,212.4199981689453,212.44000244140625,1253,0.0,0.0
2024-06-14 11:22:00-04:00,212.31500244140625,212.32000732421875,212.31500244140625,212.32000732421875,272,0.0,0.0
2024-06-14 11:24:00-04:00,212.74000549316406,212.74000549316406,212.16000366210938,212.16000366210938,729,0.0,0.0
2024-06-14 11:30:00-04:00,212.2100067138672,212.2100067138672,212.2100067138672,212.2100067138672,443,0.0,0.0
2024-06-14 11:37:00-04:00,212.0399932861328,212.0399932861328,212.0399932861328,212.0399932861328,755,0.0,0.0
2024-06-14 11:40:00-04:00,211.6300048828125,211.6300048828125,211.47999572753906,211.47999572753906,1456,0.0,0.0
2024-06-14 11:45:00-04:00,211.9600067138672,211.9600067138672,211.83999633789062,211.83999633789062,929,0.0,0.0
2024-06-14 11:48:00-04:00,211.91000366210938,211.91000366210938,211.88999938964844,211.88999938964844,494,0.0,0.0
2024-06-14 11:49:00-04:00,211.44000244140625,211.44000244140625,211.44000244140625,211.44000244140625,410,0.0,0.0
2024-06-14 11:53:00-04:00,211.7550048828125,211.7550048828125,211.60000610351562,211.60000610351562,626,0.0,0.0
2024-06-14 11:55:00-04:00,211.69500732421875,211.69500732421875,211.69500732421875,211.69500732421875,499,0.0,0.0
2024-06-14 11:57:00-04:00,211.77000427246094,211.77000427246094,211.77000427246094,211.77000427246094,278,0.0,0.0
2024-06-14 11:58:00-04:00,212.11000061035156,212.38999938964844,211.7100067138672,211.7100067138672,1330,0.0,0.0
2024-06-14 11:59:00-04:00,212.01499938964844,212.01499938964844,212.01499938964844,212.01499938964844,114,0.0,0.0
2024-06-14 12:00:00-04:00,211.77999877929688,211.77999877929688,211.77999877929688,211.77999877929688,155,0.0,0.0
2024-06-14 12:02:00-04:00,212.0800018310547,212.0800018310547,212.0800018310547,212.0800018310547,367,0.0,0.0
2024-06-14 12:03:00-04:00,211.7899932861328,211.7899932861328,211.7899932861328,211.7899932861328,1109,0.0,0.0
2024-06-14 12:06:00-04:00,212.45989990234375,212.45989990234375,212.45989990234375,212.45989990234375,514,0.0,0.0
2024-06-14 12:07:00-04:00,211.7100067138672,211.7100067138672,211.56500244140625,211.56500244140625,962,0.0,0.0
2024-06-14 12:11:00-04:00,211.88999938964844,211.88999938964844,211.88999938964844,211.88999938964844,665,0.0,0.0
2024-06-14 12:12:00-04:00,211.6999969482422,211.6999969482422,211.6999969482422,211.6999969482422,838,0.0,0.0
2024-06-14 12:15:00-04:00,212.17999267578125,212.44000244140625,212.1750030517578,212.44000244140625,1842,0.0,0.0
2024-06-14 12:16:00-04:00,212.23500061035156,212.23500061035156,212.23500061035156,212.23500061035156,320,0.0,0.0
2024-06-14 12:17:00-04:00,212.22999572753906,212.33999633789062,211.83999633789062,212.0,2238,0.0,0.0
2024-06-14 12:18:00-04:00,211.94000244140625,211.94000244140625,211.75999450683594,211.94000244140625,1068,0.0,0.0
2024-06-14 12:19:00-04:00,212.0054931640625,212.0054931640625,212.0054931640625,212.0054931640625,667,0.0,0.0
2024-06-14 12:20:00-04:00,211.77499389648438,211.77499389648438,211.77499389648438,211.77499389648438,118,0.0,0.0
2024-06-14 12:21:00-04:00,211.77999877929688,211.77999877929688,211.77999877929688,211.77999877929688,450,0.0,0.0
2024-06-14 12:24:00-04:00,211.5800018310547,211.5800018310547,211.41000366210938,211.41000366210938,1060,0.0,0.0
2024-06-14 12:25:00-04:00,211.17999267578125,211.17999267578125,211.03500366210938,211.03500366210938,1513,0.0,0.0
2024-06-14 12:27:00-04:00,211.0500030517578,211.05299377441406,211.0500030517578,211.0500030517578,2389,0.0,0.0
2024-06-14 12:33:00-04:00,210.5800018310547,210.74000549316406,210.5800018310547,210.74000549316406,665,0.0,0.0
2024-06-14 12:34:00-04:00,210.88999938964844,210.88999938964844,210.88999938964844,210.88999938964844,462,0.0,0.0
2024-06-14 12:35:00-04:00,211.0800018310547,211.0800018310547,210.9600067138672,210.9600067138672,643,0.0,0.0
2024-06-14 12:36:00-04:00,210.8800048828125,210.8800048828125,210.8800048828125,210.8800048828125,270,0.0,0.0
2024-06-14 12:38:00-04:00,211.16000366210938,211.16000366210938,211.16000366210938,211.16000366210938,217,0.0,0.0
2024-06-14 12:39:00-04:00,211.33999633789062,211.33999633789062,211.33999633789062,211.33999633789062,898,0.0,0.0
2024-06-14 12:45:00-04:00,211.66000366210938,211.66000366210938,211.66000366210938,211.66000366210938,382,0.0,0.0
2024-06-14 12:47:00-04:00,211.64869689941406,211.64869689941406,211.64869689941406,211.64869689941406,262,0.0,0.0
2024-06-14 12:48:00-04:00,211.50010681152344,211.50010681152344,211.50010681152344,211.50010681152344,459,0.0,0.0
2024-06-14 12:51:00-04:00,212.16000366210938,212.16000366210938,212.16000366210938,212.16000366210938,607,0.0,0.0
2024-06-14 12:54:00-04:00,211.92999267578125,211.92999267578125,211.83999633789062,211.83999633789062,552,0.0,0.0
2024-06-14 12:56:00-04:00,212.02000427246094,212.02000427246094,212.02000427246094,212.02000427246094,989,0.0,0.0
2024-06-14 13:03:00-04:00,212.30499267578125,212.30499267578125,212.30499267578125,212.30499267578125,394,0.0,0.0
2024-06-14 13:05:00-04:00,212.54359436035156,212.54359436035156,212.54359436035156,212.54359436035156,700,0.0,0.0
2024-06-14 13:12:00-04:00,212.8000030517578,212.8000030517578,212.8000030517578,212.8000030517578,885,0.0,0.0
2024-06-14 13:14:00-04:00,213.1199951171875,213.1199951171875,213.1199951171875,213.1199951171875,180,0.0,0.0
2024-06-14 13:15:00-04:00,213.1750030517578,213.1750030517578,213.1750030517578,213.1750030517578,107,0.0,0.0
2024-06-14 13:16:00-04:00,212.82000732421875,212.82000732421875,212.82000732421875,212.82000732421875,609,0.0,0.0
2024-06-14 13:20:00-04:00,213.27999877929688,213.47500610351562,213.27999877929688,213.47500610351562,1293,0.0,0.0
2024-06-14 13:22:00-04:00,213.47520446777344,213.47520446777344,213.02650451660156,213.02650451660156,918,0.0,0.0
2024-06-14 13:26:00-04:00,212.9199981689453,212.9199981689453,212.9199981689453,212.9199981689453,427,0.0,0.0
2024-06-14 13:29:00-04:00,213.13999938964844,213.3699951171875,213.13999938964844,213.3699951171875,471,0.0,0.0
2024-06-14 13:30:00-04:00,213.5699005126953,213.6999969482422,213.5699005126953,213.6999969482422,798,0.0,0.0
2024-06-14 13:31:00-04:00,213.64500427246094,213.64500427246094,213.64500427246094,213.64500427246094,508,0.0,0.0
2024-06-14 13:36:00-04:00,213.5399932861328,213.5399932861328,213.5399932861328,213.5399932861328,357,0.0,0.0
2024-06-14 13:38:00-04:00,213.77999877929688,213.77999877929688,213.77999877929688,213.77999877929688,201,0.0,0.0
2024-06-14 13:40:00-04:00,213.77499389648438,213.77499389648438,213.77499389648438,213.77499389648438,111,0.0,0.0
2024-06-14 13:41:00-04:00,213.5399932861328,213.5399932861328,213.5,213.5,2557,0.0,0.0
2024-06-14 14:00:00-04:00,213.0399932861328,213.0399932861328,213.0399932861328,213.0399932861328,366,0.0,0.0
2024-06-14 14:02:00-04:00,213.50999450683594,213.6199951171875,213.50999450683594,213.5399932861328,1007,0.0,0.0
2024-06-14 14:03:00-04:00,213.5,213.5,213.5,213.5,283,0.0,0.0
2024-06-14 14:04:00-04:00,213.94000244140625,214.2100067138672,213.94000244140625,214.2100067138672,1346,0.0,0.0
2024-06-14 14:05:00-04:00,214.82000732421875,214.82000732421875,214.82000732421875,214.82000732421875,619,0.0,0.0
2024-06-14 14:06:00-04:00,214.89999389648438,214.89999389648438,214.89999389648438,214.89999389648438,384,0.0,0.0
2024-06-14 14:07:00-04:00,214.47000122070312,214.47000122070312,214.47000122070312,214.47000122070312,535,0.0,0.0
2024-06-14 14:09:00-04:00,214.06619262695312,214.06619262695312,214.06619262695312,214.06619262695312,290,0.0,0.0
2024-06-14 14:16:00-04:00,214.0500030517578,214.0500030517578,214.0500030517578,214.0500030517578,659,0.0,0.0
2024-06-14 14:19:00-04:00,214.41000366210938,214.41000366210938,214.41000366210938,214.41000366210938,1126,0.0,0.0
2024-06-14 14:28:00-04:00,214.13999938964844,214.14999389648438,214.10000610351562,214.10000610351562,1560,0.0,0.0
2024-06-14 14:32:00-04:00,214.32000732421875,214.32000732421875,214.32000732421875,214.32000732421875,528,0.0,0.0
2024-06-14 14:33:00-04:00,214.38999938964844,214.38999938964844,214.38999938964844,214.38999938964844,150,0.0,0.0
2024-06-14 14:35:00-04:00,214.42999267578125,214.42999267578125,214.38999938964844,214.38999938964844,1891,0.0,0.0
2024-06-14 14:50:00-04:00,214.2899932861328,214.4600067138672,214.2899932861328,214.4600067138672,1631,0.0,0.0
2024-06-14 14:57:00-04:00,214.4499969482422,214.4499969482422,214.0399932861328,214.0399932861328,1355,0.0,0.0
2024-06-14 14:59:00-04:00,214.4499969482422,214.4499969482422,214.4499969482422,214.4499969482422,397,0.0,0.0
2024-06-14 15:04:00-04:00,214.61000061035156,214.99000549316406,214.61000061035156,214.99000549316406,815,0.0,0.0
2024-06-14 15:07:00-04:00,214.52000427246094,214.52000427246094,214.52000427246094,214.52000427246094,606,0.0,0.0
2024-06-14 15:11:00-04:00,214.25999450683594,214.25999450683594,214.25999450683594,214.25999450683594,720,0.0,0.0
2024-06-14 15:13:00-04:00,214.02110290527344,214.02110290527344,214.02110290527344,214.02110290527344,501,0.0,0.0
2024-06-14 15:14:00-04:00,214.1199951171875,214.1199951171875,214.1199951171875,214.1199951171875,360,0.0,0.0
2024-06-14 15:16:00-04:00,214.07000732421875,214.16000366210938,214.07000732421875,214.16000366210938,1343,0.0,0.0
2024-06-14 15:21:00-04:00,213.9600067138672,213.9600067138672,213.9199981689453,213.9199981689453,871,0.0,0.0
2024-06-14 15:22:00-04:00,213.89500427246094,213.89500427246094,213.89500427246094,213.89500427246094,560,0.0,0.0
2024-06-14 15:24:00-04:00,214.13999938964844,214.27000427246094,214.13999938964844,214.24000549316406,1506,0.0,0.0
2024-06-14 15:30:00-04:00,213.9199981689453,213.9199981689453,213.89999389648438,213.89999389648438,884,0.0,0.0
2024-06-14 15:31:00-04:00,213.9700927734375,213.9700927734375,213.7100067138672,213.7100067138672,902,0.0,0.0
2024-06-14 15:33:00-04:00,213.5800018310547,213.5800018310547,213.5800018310547,213.5800018310547,448,0.0,0.0
2024-06-14 15:34:00-04:00,213.5399932861328,213.5399932861328,213.5399932861328,213.5399932861328,470,0.0,0.0
2024-06-14 15:37:00-04:00,213.3300018310547,213.49000549316406,213.3300018310547,213.49000549316406,1587,0.0,0.0
2024-06-14 15:38:00-04:00,213.42999267578125,213.42999267578125,213.42999267578125,213.42999267578125,503,0.0,0.0
2024-06-14 15:40:00-04:00,213.55999755859375,213.6999969482422,213.55999755859375,213.6999969482422,964,0.0,0.0
2024-06-14 15:41:00-04:00,213.74000549316406,214.27000427246094,213.74000549316406,214.27000427246094,2300,0.0,0.0
2024-06-14 15:42:00-04:00,213.9600067138672,213.9600067138672,213.85000610351562,213.85000610351562,793,0.0,0.0
2024-06-14 15:43:00-04:00,213.85000610351562,213.86000061035156,213.77999877929688,213.77999877929688,1363,0.0,0.0
2024-06-14 15:44:00-04:00,213.8699951171875,213.8699951171875,213.86000061035156,213.86000061035156,712,0.0,0.0
2024-06-14 15:47:00-04:00,213.6199951171875,213.6300048828125,213.2100067138672,213.27000427246094,1457,0.0,0.0
2024-06-14 15:48:00-04:00,213.13999938964844,213.13999938964844,213.13999938964844,213.13999938964844,523,0.0,0.0
2024-06-14 15:49:00-04:00,213.41000366210938,213.4199981689453,213.38999938964844,213.39999389648438,1954,0.0,0.0
2024-06-14 15:51:00-04:00,213.1699981689453,213.1699981689453,213.1699981689453,213.1699981689453,1243,0.0,0.0
2024-06-14 15:52:00-04:00,213.5500030517578,213.75,213.52999877929688,213.52999877929688,1972,0.0,0.0
2024-06-14 15:54:00-04:00,213.9199981689453,214.19000244140625,213.9199981689453,214.19000244140625,1734,0.0,0.0
2024-06-14 15:55:00-04:00,213.89999389648438,213.89999389648438,213.89999389648438,213.89999389648438,427,0.0,0.0
2024-06-14 15:56:00-04:00,213.91000366210938,214.2899932861328,213.91000366210938,214.2899932861328,2761,0.0,0.0
2024-06-14 15:57:00-04:00,214.1199951171875,214.1300048828125,214.0,214.1300048828125,2835,0.0,0.0
2024-06-14 15:58:00-04:00,214.25999450683594,214.55999755859375,214.17999267578125,214.52999877929688,3651,0.0,0.0
2024-06-14 15:59:00-04:00,214.5500030517578,214.6999969482422,214.47000122070312,214.5,3950,0.0,0.0
