Datetime,Open,High,Low,Close,Volume,Dividends,Stock Splits
2024-06-10 09:30:00-04:00,1.909999966621399,1.909999966621399,1.850000023841858,1.850000023841858,12022,0.0,0.0
2024-06-10 09:31:00-04:00,1.8609999418258667,1.8609999418258667,1.8600000143051147,1.8600000143051147,684,0.0,0.0
2024-06-10 09:34:00-04:00,1.8600000143051147,1.8601000308990479,1.8600000143051147,1.8601000308990479,5959,0.0,0.0
2024-06-10 09:37:00-04:00,1.850000023841858,1.850600004196167,1.850000023841858,1.850600004196167,1009,0.0,0.0
2024-06-10 09:38:00-04:00,1.850000023841858,1.850000023841858,1.8450000286102295,1.8450000286102295,1853,0.0,0.0
2024-06-10 09:40:00-04:00,1.8450000286102295,1.850000023841858,1.8450000286102295,1.850000023841858,7920,0.0,0.0
2024-06-10 09:45:00-04:00,1.850000023841858,1.850000023841858,1.850000023841858,1.850000023841858,667,0.0,0.0
2024-06-10 09:46:00-04:00,1.8493000268936157,1.8493000268936157,1.8493000268936157,1.8493000268936157,112,0.0,0.0
2024-06-10 09:48:00-04:00,1.8450000286102295,1.850000023841858,1.8450000286102295,1.850000023841858,4272,0.0,0.0
2024-06-10 09:52:00-04:00,1.850000023841858,1.850000023841858,1.850000023841858,1.850000023841858,400,0.0,0.0
2024-06-10 09:53:00-04:00,1.850000023841858,1.8799999952316284,1.850000023841858,1.8700000047683716,7666,0.0,0.0
2024-06-10 09:54:00-04:00,1.8700000047683716,1.8700000047683716,1.8700000047683716,1.8700000047683716,200,0.0,0.0
2024-06-10 09:55:00-04:00,1.8899999856948853,1.8899999856948853,1.8899999856948853,1.8899999856948853,165,0.0,0.0
2024-06-10 09:56:00-04:00,1.8899999856948853,1.8899999856948853,1.8899999856948853,1.8899999856948853,204,0.0,0.0
2024-06-10 09:57:00-04:00,1.8702000379562378,1.870300054550171,1.8701000213623047,1.8702000379562378,2653,0.0,0.0
2024-06-10 10:00:00-04:00,1.8711999654769897,1.8711999654769897,1.8711999654769897,1.8711999654769897,701,0.0,0.0
2024-06-10 10:02:00-04:00,1.875,1.875,1.870300054550171,1.870300054550171,885,0.0,0.0
2024-06-10 10:05:00-04:00,1.872499942779541,1.872499942779541,1.872499942779541,1.872499942779541,448,0.0,0.0
2024-06-10 10:06:00-04:00,1.8700000047683716,1.8700000047683716,1.8700000047683716,1.8700000047683716,822,0.0,0.0
2024-06-10 10:07:00-04:00,1.875,1.875,1.875,1.875,150,0.0,0.0
2024-06-10 10:08:00-04:00,1.8700000047683716,1.875,1.8700000047683716,1.875,3161,0.0,0.0
2024-06-10 10:09:00-04:00,1.8700000047683716,1.8799999952316284,1.8700000047683716,1.8799999952316284,580,0.0,0.0
2024-06-10 10:11:00-04:00,1.8707000017166138,1.8707000017166138,1.8707000017166138,1.8707000017166138,2224,0.0,0.0
2024-06-10 10:30:00-04:00,1.8795000314712524,1.8795000314712524,1.8795000314712524,1.8795000314712524,678,0.0,0.0
2024-06-10 10:36:00-04:00,1.871000051498413,1.871000051498413,1.8700000047683716,1.8700000047683716,1373,0.0,0.0
2024-06-10 10:41:00-04:00,1.8704999685287476,1.8704999685287476,1.8704999685287476,1.8704999685287476,675,0.0,0.0
2024-06-10 10:52:00-04:00,1.860700011253357,1.860700011253357,1.860700011253357,1.860700011253357,426,0.0,0.0
2024-06-10 11:00:00-04:00,1.8650000095367432,1.8650000095367432,1.8609999418258667,1.8609999418258667,357,0.0,0.0
2024-06-10 11:01:00-04:00,1.8600000143051147,1.8600000143051147,1.8600000143051147,1.8600000143051147,229,0.0,0.0
2024-06-10 11:02:00-04:00,1.8602999448776245,1.8602999448776245,1.8602999448776245,1.8602999448776245,1803,0.0,0.0
2024-06-10 11:08:00-04:00,1.8650000095367432,1.8650000095367432,1.8609999418258667,1.8609999418258667,924,0.0,0.0
2024-06-10 11:17:00-04:00,1.8650000095367432,1.8650000095367432,1.8650000095367432,1.8650000095367432,2212,0.0,0.0
2024-06-10 11:19:00-04:00,1.8600000143051147,1.8600000143051147,1.8600000143051147,1.8600000143051147,730,0.0,0.0
2024-06-10 11:29:00-04:00,1.8700000047683716,1.8700000047683716,1.8700000047683716,1.8700000047683716,395,0.0,0.0
2024-06-10 11:32:00-04:00,1.8700000047683716,1.8700000047683716,1.8700000047683716,1.8700000047683716,1871,0.0,0.0
2024-06-10 11:41:00-04:00,1.8602999448776245,1.8602999448776245,1.8602999448776245,1.8602999448776245,947,0.0,0.0
2024-06-10 11:43:00-04:00,1.8674999475479126,1.8674999475479126,1.8674999475479126,1.8674999475479126,142,0.0,0.0
2024-06-10 11:46:00-04:00,1.8600000143051147,1.8600000143051147,1.8600000143051147,1.8600000143051147,2000,0.0,0.0
2024-06-10 11:48:00-04:00,1.8700000047683716,1.8700000047683716,1.8700000047683716,1.8700000047683716,97,0.0,0.0
2024-06-10 11:49:00-04:00,1.8700000047683716,1.8700000047683716,1.8700000047683716,1.8700000047683716,1022,0.0,0.0
2024-06-10 11:55:00-04:00,1.8700000047683716,1.8700000047683716,1.8700000047683716,1.8700000047683716,448,0.0,0.0
2024-06-10 11:56:00-04:00,1.8700000047683716,1.8700000047683716,1.8700000047683716,1.8700000047683716,1269,0.0,0.0
2024-06-10 11:57:00-04:00,1.8799999952316284,1.8799999952316284,1.8799999952316284,1.8799999952316284,200,0.0,0.0
2024-06-10 11:58:00-04:00,1.8624999523162842,1.8631999492645264,1.8624999523162842,1.8631999492645264,843,0.0,0.0
2024-06-10 12:00:00-04:00,1.8797999620437622,1.8949999809265137,1.879699945449829,1.8899999856948853,3146,0.0,0.0
2024-06-10 12:01:00-04:00,1.8899999856948853,1.8899999856948853,1.8899999856948853,1.8899999856948853,433,0.0,0.0
2024-06-10 12:02:00-04:00,1.8925000429153442,1.8925000429153442,1.8925000429153442,1.8925000429153442,235,0.0,0.0
2024-06-10 12:05:00-04:00,1.8986999988555908,1.8986999988555908,1.8986999988555908,1.8986999988555908,551,0.0,0.0
2024-06-10 12:09:00-04:00,1.8925000429153442,1.899999976158142,1.8899999856948853,1.8899999856948853,1862,0.0,0.0
2024-06-10 12:11:00-04:00,1.8949999809265137,1.899999976158142,1.8949999809265137,1.899999976158142,1198,0.0,0.0
2024-06-10 12:18:00-04:00,1.8916000127792358,1.8916000127792358,1.8899999856948853,1.8899999856948853,3474,0.0,0.0
2024-06-10 12:19:00-04:00,1.899999976158142,1.899999976158142,1.899999976158142,1.899999976158142,531,0.0,0.0
2024-06-10 12:20:00-04:00,1.8849999904632568,1.8949999809265137,1.8849999904632568,1.8913999795913696,8038,0.0,0.0
2024-06-10 12:22:00-04:00,1.8949999809265137,1.8997999429702759,1.8949999809265137,1.8997000455856323,3163,0.0,0.0
2024-06-10 12:24:00-04:00,1.8910000324249268,1.8910000324249268,1.8910000324249268,1.8910000324249268,3163,0.0,0.0
2024-06-10 12:26:00-04:00,1.8949999809265137,1.8949999809265137,1.8906999826431274,1.8906999826431274,364,0.0,0.0
2024-06-10 12:30:00-04:00,1.8949999809265137,1.8949999809265137,1.8949999809265137,1.8949999809265137,211,0.0,0.0
2024-06-10 12:31:00-04:00,1.8899999856948853,1.8899999856948853,1.8899999856948853,1.8899999856948853,393,0.0,0.0
2024-06-10 12:34:00-04:00,1.8899999856948853,1.8899999856948853,1.8899999856948853,1.8899999856948853,1437,0.0,0.0
2024-06-10 12:40:00-04:00,1.8806999921798706,1.8806999921798706,1.8806999921798706,1.8806999921798706,441,0.0,0.0
2024-06-10 12:42:00-04:00,1.8799999952316284,1.8799999952316284,1.8799999952316284,1.8799999952316284,753,0.0,0.0
2024-06-10 12:46:00-04:00,1.8799999952316284,1.8799999952316284,1.8799999952316284,1.8799999952316284,216,0.0,0.0
2024-06-10 12:47:00-04:00,1.8799999952316284,1.8799999952316284,1.8799999952316284,1.8799999952316284,334,0.0,0.0
2024-06-10 12:49:00-04:00,1.8710999488830566,1.8710999488830566,1.8710999488830566,1.8710999488830566,551,0.0,0.0
2024-06-10 12:50:00-04:00,1.8700000047683716,1.88510000705719,1.8700000047683716,1.88510000705719,2191,0.0,0.0
2024-06-10 13:02:00-04:00,1.8700000047683716,1.8700000047683716,1.8700000047683716,1.8700000047683716,1024,0.0,0.0
2024-06-10 13:04:00-04:00,1.8700000047683716,1.8700000047683716,1.8700000047683716,1.8700000047683716,568,0.0,0.0
2024-06-10 13:06:00-04:00,1.8600000143051147,1.8600000143051147,1.8600000143051147,1.8600000143051147,237,0.0,0.0
2024-06-10 13:07:00-04:00,1.8601000308990479,1.8601000308990479,1.8601000308990479,1.8601000308990479,1750,0.0,0.0
2024-06-10 13:08:00-04:00,1.8650000095367432,1.8650000095367432,1.8650000095367432,1.8650000095367432,459,0.0,0.0
2024-06-10 13:09:00-04:00,1.8600000143051147,1.8600000143051147,1.8600000143051147,1.8600000143051147,702,0.0,0.0
2024-06-10 13:13:00-04:00,1.8600000143051147,1.8600000143051147,1.8600000143051147,1.8600000143051147,1890,0.0,0.0
2024-06-10 13:20:00-04:00,1.8596999645233154,1.8700000047683716,1.8596999645233154,1.8700000047683716,3592,0.0,0.0
2024-06-10 13:21:00-04:00,1.8600000143051147,1.8600000143051147,1.8600000143051147,1.8600000143051147,585,0.0,0.0
2024-06-10 13:29:00-04:00,1.8693000078201294,1.8693000078201294,1.8693000078201294,1.8693000078201294,160,0.0,0.0
2024-06-10 13:31:00-04:00,1.8650000095367432,1.8700000047683716,1.8650000095367432,1.8700000047683716,11098,0.0,0.0
2024-06-10 13:34:00-04:00,1.8799999952316284,1.8799999952316284,1.8799999952316284,1.8799999952316284,201,0.0,0.0
2024-06-10 13:43:00-04:00,1.8600000143051147,1.8600000143051147,1.8600000143051147,1.8600000143051147,612,0.0,0.0
2024-06-10 13:45:00-04:00,1.8600000143051147,1.8600000143051147,1.8600000143051147,1.8600000143051147,200,0.0,0.0
2024-06-10 13:47:00-04:00,1.8600000143051147,1.8799999952316284,1.8600000143051147,1.8799999952316284,300,0.0,0.0
2024-06-10 13:52:00-04:00,1.8638999462127686,1.8638999462127686,1.8600000143051147,1.8600000143051147,2269,0.0,0.0
2024-06-10 13:54:00-04:00,1.8650000095367432,1.8650000095367432,1.8650000095367432,1.8650000095367432,657,0.0,0.0
2024-06-10 13:58:00-04:00,1.868499994277954,1.868499994277954,1.868499994277954,1.868499994277954,540,0.0,0.0
2024-06-10 13:59:00-04:00,1.8600000143051147,1.8600000143051147,1.8600000143051147,1.8600000143051147,355,0.0,0.0
2024-06-10 14:00:00-04:00,1.8650000095367432,1.8650000095367432,1.8650000095367432,1.8650000095367432,465,0.0,0.0
2024-06-10 14:02:00-04:00,1.8600000143051147,1.8600000143051147,1.8600000143051147,1.8600000143051147,238,0.0,0.0
2024-06-10 14:04:00-04:00,1.8600000143051147,1.8600000143051147,1.8600000143051147,1.8600000143051147,176,0.0,0.0
2024-06-10 14:05:00-04:00,1.861299991607666,1.861299991607666,1.861299991607666,1.861299991607666,928,0.0,0.0
2024-06-10 14:06:00-04:00,1.8600000143051147,1.8600000143051147,1.8600000143051147,1.8600000143051147,101,0.0,0.0
2024-06-10 14:07:00-04:00,1.850000023841858,1.850000023841858,1.850000023841858,1.850000023841858,131,0.0,0.0
2024-06-10 14:08:00-04:00,1.850000023841858,1.850000023841858,1.850000023841858,1.850000023841858,145,0.0,0.0
2024-06-10 14:09:00-04:00,1.850000023841858,1.850000023841858,1.850000023841858,1.850000023841858,216,0.0,0.0
2024-06-10 14:11:00-04:00,1.850000023841858,1.850000023841858,1.850000023841858,1.850000023841858,145,0.0,0.0
2024-06-10 14:12:00-04:00,1.850000023841858,1.850000023841858,1.850000023841858,1.850000023841858,601,0.0,0.0
2024-06-10 14:13:00-04:00,1.850000023841858,1.850000023841858,1.850000023841858,1.850000023841858,354,0.0,0.0
2024-06-10 14:15:00-04:00,1.8550000190734863,1.8550000190734863,1.8550000190734863,1.8550000190734863,590,0.0,0.0
2024-06-10 14:19:00-04:00,1.8588999509811401,1.8588999509811401,1.8588999509811401,1.8588999509811401,255,0.0,0.0
2024-06-10 14:20:00-04:00,1.8507000207901,1.8507000207901,1.8450000286102295,1.8450000286102295,676,0.0,0.0
2024-06-10 14:21:00-04:00,1.840000033378601,1.840000033378601,1.840000033378601,1.840000033378601,117,0.0,0.0
2024-06-10 14:22:00-04:00,1.840000033378601,1.840000033378601,1.840000033378601,1.840000033378601,200,0.0,0.0
2024-06-10 14:23:00-04:00,1.840000033378601,1.8550000190734863,1.840000033378601,1.8550000190734863,137,0.0,0.0
2024-06-10 14:24:00-04:00,1.840000033378601,1.840000033378601,1.840000033378601,1.840000033378601,232,0.0,0.0
2024-06-10 14:25:00-04:00,1.840000033378601,1.840000033378601,1.840000033378601,1.840000033378601,101,0.0,0.0
2024-06-10 14:26:00-04:00,1.840000033378601,1.840000033378601,1.840000033378601,1.840000033378601,200,0.0,0.0
2024-06-10 14:27:00-04:00,1.840000033378601,1.840000033378601,1.840000033378601,1.840000033378601,129,0.0,0.0
2024-06-10 14:28:00-04:00,1.840000033378601,1.840000033378601,1.840000033378601,1.840000033378601,200,0.0,0.0
2024-06-10 14:30:00-04:00,1.840000033378601,1.840000033378601,1.840000033378601,1.840000033378601,355,0.0,0.0
2024-06-10 14:31:00-04:00,1.840000033378601,1.840000033378601,1.840000033378601,1.840000033378601,13,0.0,0.0
2024-06-10 14:32:00-04:00,1.840000033378601,1.840000033378601,1.840000033378601,1.840000033378601,120,0.0,0.0
2024-06-10 14:33:00-04:00,1.840000033378601,1.850000023841858,1.840000033378601,1.850000023841858,1708,0.0,0.0
2024-06-10 14:36:00-04:00,1.850000023841858,1.850000023841858,1.850000023841858,1.850000023841858,512,0.0,0.0
2024-06-10 14:38:00-04:00,1.8597999811172485,1.8597999811172485,1.8597999811172485,1.8597999811172485,900,0.0,0.0
2024-06-10 14:46:00-04:00,1.850000023841858,1.850000023841858,1.850000023841858,1.850000023841858,300,0.0,0.0
2024-06-10 14:47:00-04:00,1.850000023841858,1.850000023841858,1.840000033378601,1.840000033378601,222,0.0,0.0
2024-06-10 14:48:00-04:00,1.840000033378601,1.840000033378601,1.840000033378601,1.840000033378601,111,0.0,0.0
2024-06-10 14:49:00-04:00,1.850000023841858,1.850000023841858,1.850000023841858,1.850000023841858,161,0.0,0.0
2024-06-10 14:50:00-04:00,1.850000023841858,1.850000023841858,1.850000023841858,1.850000023841858,181,0.0,0.0
2024-06-10 14:51:00-04:00,1.850000023841858,1.850000023841858,1.850000023841858,1.850000023841858,281,0.0,0.0
2024-06-10 14:52:00-04:00,1.850000023841858,1.850000023841858,1.850000023841858,1.850000023841858,108,0.0,0.0
2024-06-10 14:53:00-04:00,1.850000023841858,1.850000023841858,1.850000023841858,1.850000023841858,111,0.0,0.0
2024-06-10 14:54:00-04:00,1.850000023841858,1.850000023841858,1.850000023841858,1.850000023841858,111,0.0,0.0
2024-06-10 14:55:00-04:00,1.850000023841858,1.850000023841858,1.850000023841858,1.850000023841858,297,0.0,0.0
2024-06-10 14:56:00-04:00,1.850000023841858,1.850000023841858,1.850000023841858,1.850000023841858,113,0.0,0.0
2024-06-10 14:57:00-04:00,1.850000023841858,1.850000023841858,1.850000023841858,1.850000023841858,113,0.0,0.0
2024-06-10 14:58:00-04:00,1.850000023841858,1.850000023841858,1.850000023841858,1.850000023841858,1159,0.0,0.0
2024-06-10 15:03:00-04:00,1.850000023841858,1.850000023841858,1.850000023841858,1.850000023841858,1139,0.0,0.0
2024-06-10 15:07:00-04:00,1.850000023841858,1.850000023841858,1.850000023841858,1.850000023841858,1618,0.0,0.0
2024-06-10 15:08:00-04:00,1.850000023841858,1.850000023841858,1.850000023841858,1.850000023841858,0,0.0,0.0
2024-06-10 15:10:00-04:00,1.850000023841858,1.850000023841858,1.850000023841858,1.850000023841858,358,0.0,0.0
2024-06-10 15:14:00-04:00,1.850000023841858,1.850000023841858,1.850000023841858,1.850000023841858,630,0.0,0.0
2024-06-10 15:16:00-04:00,1.850000023841858,1.850000023841858,1.850000023841858,1.850000023841858,1099,0.0,0.0
2024-06-10 15:18:00-04:00,1.850000023841858,1.850000023841858,1.850000023841858,1.850000023841858,361,0.0,0.0
2024-06-10 15:20:00-04:00,1.850000023841858,1.850000023841858,1.850000023841858,1.850000023841858,265,0.0,0.0
2024-06-10 15:22:00-04:00,1.850000023841858,1.850000023841858,1.850000023841858,1.850000023841858,448,0.0,0.0
2024-06-10 15:25:00-04:00,1.850000023841858,1.850000023841858,1.850000023841858,1.850000023841858,724,0.0,0.0
2024-06-10 15:26:00-04:00,1.850000023841858,1.850000023841858,1.850000023841858,1.850000023841858,167,0.0,0.0
2024-06-10 15:27:00-04:00,1.850000023841858,1.850000023841858,1.850000023841858,1.850000023841858,252,0.0,0.0
2024-06-10 15:29:00-04:00,1.850000023841858,1.850000023841858,1.850000023841858,1.850000023841858,285,0.0,0.0
2024-06-10 15:30:00-04:00,1.850000023841858,1.850000023841858,1.850000023841858,1.850000023841858,893,0.0,0.0
2024-06-10 15:32:00-04:00,1.850000023841858,1.850000023841858,1.850000023841858,1.850000023841858,616,0.0,0.0
2024-06-10 15:33:00-04:00,1.850000023841858,1.850000023841858,1.850000023841858,1.850000023841858,54,0.0,0.0
2024-06-10 15:34:00-04:00,1.850000023841858,1.850000023841858,1.850000023841858,1.850000023841858,255,0.0,0.0
2024-06-10 15:38:00-04:00,1.850000023841858,1.850000023841858,1.850000023841858,1.850000023841858,1134,0.0,0.0
2024-06-10 15:39:00-04:00,1.850000023841858,1.850000023841858,1.850000023841858,1.850000023841858,698,0.0,0.0
2024-06-10 15:40:00-04:00,1.850000023841858,1.8600000143051147,1.850000023841858,1.8600000143051147,1790,0.0,0.0
2024-06-10 15:43:00-04:00,1.850000023841858,1.850000023841858,1.850000023841858,1.850000023841858,1502,0.0,0.0
2024-06-10 15:44:00-04:00,1.850000023841858,1.850000023841858,1.850000023841858,1.850000023841858,594,0.0,0.0
2024-06-10 15:45:00-04:00,1.8550000190734863,1.8600000143051147,1.8550000190734863,1.8600000143051147,4081,0.0,0.0
2024-06-10 15:46:00-04:00,1.8600000143051147,1.8600000143051147,1.850000023841858,1.850000023841858,832,0.0,0.0
2024-06-10 15:47:00-04:00,1.8550000190734863,1.8550000190734863,1.8550000190734863,1.8550000190734863,130,0.0,0.0
2024-06-10 15:49:00-04:00,1.850000023841858,1.850000023841858,1.850000023841858,1.850000023841858,484,0.0,0.0
2024-06-10 15:53:00-04:00,1.850000023841858,1.850000023841858,1.850000023841858,1.850000023841858,844,0.0,0.0
2024-06-10 15:54:00-04:00,1.850000023841858,1.8550000190734863,1.850000023841858,1.850000023841858,786,0.0,0.0
2024-06-10 15:55:00-04:00,1.8550000190734863,1.8550000190734863,1.850000023841858,1.850000023841858,1481,0.0,0.0
2024-06-10 15:56:00-04:00,1.8513000011444092,1.8513000011444092,1.850000023841858,1.850000023841858,3613,0.0,0.0
2024-06-10 15:57:00-04:00,1.850000023841858,1.850000023841858,1.850000023841858,1.850000023841858,932,0.0,0.0
2024-06-10 15:58:00-04:00,1.850000023841858,1.8589999675750732,1.8450000286102295,1.850000023841858,3152,0.0,0.0
2024-06-10 15:59:00-04:00,1.850000023841858,1.8600000143051147,1.850000023841858,1.850000023841858,3849,0.0,0.0
2024-06-11 09:30:00-04:00,1.840000033378601,1.840000033378601,1.840000033378601,1.840000033378601,3286,0.0,0.0
2024-06-11 09:31:00-04:00,1.8899999856948853,1.8899999856948853,1.8899999856948853,1.8899999856948853,527,0.0,0.0
2024-06-11 09:35:00-04:00,1.874400019645691,1.874400019645691,1.874400019645691,1.874400019645691,193,0.0,0.0
2024-06-11 09:36:00-04:00,1.850000023841858,1.8600000143051147,1.850000023841858,1.8600000143051147,325,0.0,0.0
2024-06-11 09:37:00-04:00,1.875100016593933,1.875100016593933,1.875100016593933,1.875100016593933,887,0.0,0.0
2024-06-11 09:41:00-04:00,1.8799999952316284,1.8799999952316284,1.8799999952316284,1.8799999952316284,233,0.0,0.0
2024-06-11 09:42:00-04:00,1.8767999410629272,1.8767999410629272,1.8767999410629272,1.8767999410629272,1034,0.0,0.0
2024-06-11 09:44:00-04:00,1.8700000047683716,1.8700000047683716,1.8700000047683716,1.8700000047683716,0,0.0,0.0
2024-06-11 09:45:00-04:00,1.850000023841858,1.850000023841858,1.850000023841858,1.850000023841858,216,0.0,0.0
2024-06-11 09:47:00-04:00,1.8600000143051147,1.8600000143051147,1.8600000143051147,1.8600000143051147,996,0.0,0.0
2024-06-11 09:50:00-04:00,1.840499997138977,1.840499997138977,1.840499997138977,1.840499997138977,510,0.0,0.0
2024-06-11 09:55:00-04:00,1.878999948501587,1.878999948501587,1.878999948501587,1.878999948501587,771,0.0,0.0
2024-06-11 09:58:00-04:00,1.842900037765503,1.842900037765503,1.842900037765503,1.842900037765503,1007,0.0,0.0
2024-06-11 10:03:00-04:00,1.8509999513626099,1.8509999513626099,1.8509999513626099,1.8509999513626099,836,0.0,0.0
2024-06-11 10:05:00-04:00,1.8550000190734863,1.8550000190734863,1.8550000190734863,1.8550000190734863,493,0.0,0.0
2024-06-11 10:08:00-04:00,1.850000023841858,1.850000023841858,1.850000023841858,1.850000023841858,319,0.0,0.0
2024-06-11 10:09:00-04:00,1.850000023841858,1.850000023841858,1.850000023841858,1.850000023841858,342,0.0,0.0
2024-06-11 10:12:00-04:00,1.850000023841858,1.850000023841858,1.850000023841858,1.850000023841858,2600,0.0,0.0
2024-06-11 10:13:00-04:00,1.850000023841858,1.850000023841858,1.850000023841858,1.850000023841858,0,0.0,0.0
2024-06-11 10:20:00-04:00,1.8513000011444092,1.8513000011444092,1.8513000011444092,1.8513000011444092,1064,0.0,0.0
2024-06-11 10:27:00-04:00,1.850000023841858,1.8502999544143677,1.850000023841858,1.8502999544143677,1387,0.0,0.0
2024-06-11 10:30:00-04:00,1.850000023841858,1.850000023841858,1.850000023841858,1.850000023841858,2385,0.0,0.0
2024-06-11 10:40:00-04:00,1.850000023841858,1.850000023841858,1.850000023841858,1.850000023841858,700,0.0,0.0
2024-06-11 10:41:00-04:00,1.8485000133514404,1.8485000133514404,1.8485000133514404,1.8485000133514404,1292,0.0,0.0
2024-06-11 10:42:00-04:00,1.8424999713897705,1.8424999713897705,1.8424999713897705,1.8424999713897705,0,0.0,0.0
2024-06-11 10:52:00-04:00,1.8494999408721924,1.8494999408721924,1.8494999408721924,1.8494999408721924,1967,0.0,0.0
2024-06-11 11:01:00-04:00,1.850000023841858,1.850000023841858,1.8450000286102295,1.8450000286102295,3137,0.0,0.0
2024-06-11 11:06:00-04:00,1.8420000076293945,1.8420000076293945,1.8401000499725342,1.8401000499725342,3192,0.0,0.0
2024-06-11 11:07:00-04:00,1.850000023841858,1.850000023841858,1.840000033378601,1.850000023841858,3878,0.0,0.0
2024-06-11 11:09:00-04:00,1.850000023841858,1.850000023841858,1.8450000286102295,1.8450000286102295,492,0.0,0.0
2024-06-11 11:13:00-04:00,1.8424999713897705,1.8424999713897705,1.8424999713897705,1.8424999713897705,133,0.0,0.0
2024-06-11 11:16:00-04:00,1.840000033378601,1.850000023841858,1.840000033378601,1.850000023841858,493,0.0,0.0
2024-06-11 11:20:00-04:00,1.8450000286102295,1.850000023841858,1.8450000286102295,1.847499966621399,10640,0.0,0.0
2024-06-11 11:25:00-04:00,1.8424999713897705,1.8424999713897705,1.8424999713897705,1.8424999713897705,139,0.0,0.0
2024-06-11 11:26:00-04:00,1.850000023841858,1.850000023841858,1.850000023841858,1.850000023841858,964,0.0,0.0
2024-06-11 11:28:00-04:00,1.850000023841858,1.850000023841858,1.850000023841858,1.850000023841858,290,0.0,0.0
2024-06-11 11:39:00-04:00,1.840999960899353,1.8450000286102295,1.840999960899353,1.8450000286102295,3209,0.0,0.0
2024-06-11 11:41:00-04:00,1.850000023841858,1.850000023841858,1.850000023841858,1.850000023841858,866,0.0,0.0
2024-06-11 11:50:00-04:00,1.847499966621399,1.850000023841858,1.847499966621399,1.850000023841858,1245,0.0,0.0
2024-06-11 11:52:00-04:00,1.8492000102996826,1.8492000102996826,1.8487999439239502,1.8487999439239502,1183,0.0,0.0
2024-06-11 12:00:00-04:00,1.8410999774932861,1.8410999774932861,1.8410999774932861,1.8410999774932861,1131,0.0,0.0
2024-06-11 12:05:00-04:00,1.847499966621399,1.847499966621399,1.8450000286102295,1.8450000286102295,846,0.0,0.0
2024-06-11 12:06:00-04:00,1.850000023841858,1.8650000095367432,1.850000023841858,1.8600000143051147,6066,0.0,0.0
2024-06-11 12:08:00-04:00,1.8660999536514282,1.8660999536514282,1.8660999536514282,1.8660999536514282,2554,0.0,0.0
2024-06-11 12:09:00-04:00,1.8650000095367432,1.8650000095367432,1.8650000095367432,1.8650000095367432,121,0.0,0.0
2024-06-11 12:10:00-04:00,1.8700000047683716,1.8700000047683716,1.8700000047683716,1.8700000047683716,282,0.0,0.0
2024-06-11 12:11:00-04:00,1.877500057220459,1.8777999877929688,1.877500057220459,1.8777999877929688,3816,0.0,0.0
2024-06-11 12:12:00-04:00,1.8798999786376953,1.8798999786376953,1.8798999786376953,1.8798999786376953,0,0.0,0.0
2024-06-11 12:17:00-04:00,1.8626999855041504,1.8626999855041504,1.8626999855041504,1.8626999855041504,302,0.0,0.0
2024-06-11 12:27:00-04:00,1.8600000143051147,1.8700000047683716,1.8600000143051147,1.8700000047683716,1000,0.0,0.0
2024-06-11 12:30:00-04:00,1.8798999786376953,1.8798999786376953,1.8798999786376953,1.8798999786376953,577,0.0,0.0
2024-06-11 12:31:00-04:00,1.8634999990463257,1.8634999990463257,1.8634999990463257,1.8634999990463257,0,0.0,0.0
2024-06-11 13:03:00-04:00,1.8700000047683716,1.8799999952316284,1.8700000047683716,1.875,1531,0.0,0.0
2024-06-11 13:07:00-04:00,1.877500057220459,1.877500057220459,1.877500057220459,1.877500057220459,40,0.0,0.0
2024-06-11 13:13:00-04:00,1.8797999620437622,1.8797999620437622,1.8797999620437622,1.8797999620437622,570,0.0,0.0
2024-06-11 13:19:00-04:00,1.875,1.875,1.875,1.875,170,0.0,0.0
2024-06-11 13:23:00-04:00,1.871000051498413,1.871000051498413,1.8705999851226807,1.871000051498413,1549,0.0,0.0
2024-06-11 13:26:00-04:00,1.875,1.875,1.875,1.875,325,0.0,0.0
2024-06-11 13:30:00-04:00,1.8700000047683716,1.8798999786376953,1.8700000047683716,1.8798999786376953,5081,0.0,0.0
2024-06-11 13:37:00-04:00,1.8799999952316284,1.8799999952316284,1.8799999952316284,1.8799999952316284,110,0.0,0.0
2024-06-11 13:40:00-04:00,1.8791999816894531,1.8791999816894531,1.8791999816894531,1.8791999816894531,1064,0.0,0.0
2024-06-11 13:44:00-04:00,1.8701000213623047,1.8701000213623047,1.8600000143051147,1.8600000143051147,3724,0.0,0.0
2024-06-11 13:49:00-04:00,1.8650000095367432,1.8650000095367432,1.850000023841858,1.8507000207901,14465,0.0,0.0
2024-06-11 13:51:00-04:00,1.8574999570846558,1.8574999570846558,1.8574999570846558,1.8574999570846558,400,0.0,0.0
2024-06-11 13:54:00-04:00,1.8550000190734863,1.8550000190734863,1.8550000190734863,1.8550000190734863,2722,0.0,0.0
2024-06-11 13:57:00-04:00,1.8600000143051147,1.8799999952316284,1.8600000143051147,1.8799999952316284,11342,0.0,0.0
2024-06-11 14:10:00-04:00,1.8650000095367432,1.8650000095367432,1.8650000095367432,1.8650000095367432,468,0.0,0.0
2024-06-11 14:20:00-04:00,1.8609999418258667,1.8609999418258667,1.850000023841858,1.850000023841858,10868,0.0,0.0
2024-06-11 14:33:00-04:00,1.8600000143051147,1.8600000143051147,1.8600000143051147,1.8600000143051147,350,0.0,0.0
2024-06-11 14:41:00-04:00,1.8600000143051147,1.8600000143051147,1.8600000143051147,1.8600000143051147,218,0.0,0.0
2024-06-11 14:51:00-04:00,1.8700000047683716,1.8700000047683716,1.8600000143051147,1.8600000143051147,418,0.0,0.0
2024-06-11 15:00:00-04:00,1.8700000047683716,1.8700000047683716,1.8700000047683716,1.8700000047683716,613,0.0,0.0
2024-06-11 15:09:00-04:00,1.8650000095367432,1.8650000095367432,1.8650000095367432,1.8650000095367432,111,0.0,0.0
2024-06-11 15:14:00-04:00,1.860700011253357,1.860700011253357,1.860700011253357,1.860700011253357,631,0.0,0.0
2024-06-11 15:26:00-04:00,1.8674999475479126,1.8674999475479126,1.8674999475479126,1.8674999475479126,502,0.0,0.0
2024-06-11 15:32:00-04:00,1.8609999418258667,1.8609999418258667,1.8609999418258667,1.8609999418258667,990,0.0,0.0
2024-06-11 15:43:00-04:00,1.860700011253357,1.860700011253357,1.860700011253357,1.860700011253357,409,0.0,0.0
2024-06-11 15:46:00-04:00,1.8650000095367432,1.8650000095367432,1.8600000143051147,1.8650000095367432,1168,0.0,0.0
2024-06-11 15:47:00-04:00,1.8650000095367432,1.8650000095367432,1.8650000095367432,1.8650000095367432,212,0.0,0.0
2024-06-11 15:49:00-04:00,1.8700000047683716,1.8700000047683716,1.8700000047683716,1.8700000047683716,546,0.0,0.0
2024-06-11 15:53:00-04:00,1.8650000095367432,1.8697999715805054,1.8650000095367432,1.8697999715805054,1474,0.0,0.0
2024-06-11 15:55:00-04:00,1.8601000308990479,1.8601000308990479,1.8601000308990479,1.8601000308990479,377,0.0,0.0
2024-06-11 15:57:00-04:00,1.861299991607666,1.8700000047683716,1.8600000143051147,1.8700000047683716,1419,0.0,0.0
2024-06-11 15:58:00-04:00,1.8700000047683716,1.8700000047683716,1.8700000047683716,1.8700000047683716,597,0.0,0.0
2024-06-11 15:59:00-04:00,1.8600000143051147,1.8700000047683716,1.8600000143051147,1.8700000047683716,1015,0.0,0.0
2024-06-12 09:32:00-04:00,1.8507000207901,1.8650000095367432,1.850100040435791,1.8600000143051147,3188,0.0,0.0
2024-06-12 09:33:00-04:00,1.8554999828338623,1.8554999828338623,1.850000023841858,1.850000023841858,790,0.0,0.0
2024-06-12 09:34:00-04:00,1.8509000539779663,1.8509000539779663,1.850000023841858,1.850000023841858,455,0.0,0.0
2024-06-12 09:36:00-04:00,1.850000023841858,1.850000023841858,1.850000023841858,1.850000023841858,3039,0.0,0.0
2024-06-12 09:41:00-04:00,1.8524999618530273,1.8524999618530273,1.850000023841858,1.850000023841858,1112,0.0,0.0
2024-06-12 09:42:00-04:00,1.8549000024795532,1.8549000024795532,1.8549000024795532,1.8549000024795532,259,0.0,0.0
2024-06-12 09:43:00-04:00,1.8700000047683716,1.8700000047683716,1.850000023841858,1.850000023841858,10639,0.0,0.0
2024-06-12 09:47:00-04:00,1.8550000190734863,1.8550000190734863,1.8300000429153442,1.850000023841858,21177,0.0,0.0
2024-06-12 09:50:00-04:00,1.850000023841858,1.850000023841858,1.850000023841858,1.850000023841858,604,0.0,0.0
2024-06-12 09:51:00-04:00,1.8300000429153442,1.850000023841858,1.8300000429153442,1.8300000429153442,11483,0.0,0.0
2024-06-12 09:54:00-04:00,1.840000033378601,1.840000033378601,1.8396999835968018,1.840000033378601,2894,0.0,0.0
2024-06-12 09:56:00-04:00,1.840000033378601,1.840000033378601,1.840000033378601,1.840000033378601,296,0.0,0.0
2024-06-12 09:58:00-04:00,1.8312000036239624,1.840000033378601,1.8312000036239624,1.8350000381469727,2901,0.0,0.0
2024-06-12 10:02:00-04:00,1.8300000429153442,1.850000023841858,1.8300000429153442,1.8450000286102295,73181,0.0,0.0
2024-06-12 10:03:00-04:00,1.8413000106811523,1.8413000106811523,1.8413000106811523,1.8413000106811523,1257,0.0,0.0
2024-06-12 10:15:00-04:00,1.8480000495910645,1.8480000495910645,1.8480000495910645,1.8480000495910645,245,0.0,0.0
2024-06-12 10:16:00-04:00,1.8450000286102295,1.8450000286102295,1.8450000286102295,1.8450000286102295,317,0.0,0.0
2024-06-12 10:24:00-04:00,1.8493000268936157,1.8493000268936157,1.8493000268936157,1.8493000268936157,109,0.0,0.0
2024-06-12 10:25:00-04:00,1.8408000469207764,1.8408000469207764,1.8408000469207764,1.8408000469207764,330,0.0,0.0
2024-06-12 10:27:00-04:00,1.8450000286102295,1.8450000286102295,1.8450000286102295,1.8450000286102295,506,0.0,0.0
2024-06-12 10:29:00-04:00,1.840000033378601,1.850000023841858,1.840000033378601,1.840000033378601,1263,0.0,0.0
2024-06-12 10:30:00-04:00,1.8487999439239502,1.8487999439239502,1.8487999439239502,1.8487999439239502,479,0.0,0.0
2024-06-12 10:40:00-04:00,1.850000023841858,1.850000023841858,1.850000023841858,1.850000023841858,157,0.0,0.0
2024-06-12 10:45:00-04:00,1.8450000286102295,1.8450000286102295,1.8450000286102295,1.8450000286102295,372,0.0,0.0
2024-06-12 10:50:00-04:00,1.8487000465393066,1.8487000465393066,1.8487000465393066,1.8487000465393066,575,0.0,0.0
2024-06-12 10:52:00-04:00,1.8499000072479248,1.8499000072479248,1.8499000072479248,1.8499000072479248,4662,0.0,0.0
2024-06-12 11:18:00-04:00,1.850000023841858,1.850000023841858,1.840000033378601,1.840000033378601,2204,0.0,0.0
2024-06-12 11:19:00-04:00,1.850000023841858,1.850000023841858,1.84089994430542,1.84089994430542,1435,0.0,0.0
2024-06-12 11:29:00-04:00,1.8450000286102295,1.8450000286102295,1.8450000286102295,1.8450000286102295,712,0.0,0.0
2024-06-12 11:33:00-04:00,1.856600046157837,1.856600046157837,1.8550000190734863,1.8550000190734863,2416,0.0,0.0
2024-06-12 11:40:00-04:00,1.840499997138977,1.840499997138977,1.840499997138977,1.840499997138977,241,0.0,0.0
2024-06-12 11:43:00-04:00,1.850000023841858,1.850000023841858,1.8447999954223633,1.850000023841858,2262,0.0,0.0
2024-06-12 11:46:00-04:00,1.8600000143051147,1.8600000143051147,1.8600000143051147,1.8600000143051147,754,0.0,0.0
2024-06-12 11:49:00-04:00,1.8595000505447388,1.8595000505447388,1.8595000505447388,1.8595000505447388,1088,0.0,0.0
2024-06-12 11:59:00-04:00,1.8594000339508057,1.8594000339508057,1.8594000339508057,1.8594000339508057,1004,0.0,0.0
2024-06-12 12:03:00-04:00,1.8600000143051147,1.8600000143051147,1.8600000143051147,1.8600000143051147,494,0.0,0.0
2024-06-12 12:04:00-04:00,1.8509999513626099,1.8509999513626099,1.8509999513626099,1.8509999513626099,2653,0.0,0.0
2024-06-12 12:06:00-04:00,1.8507000207901,1.8507000207901,1.8507000207901,1.8507000207901,110,0.0,0.0
2024-06-12 12:11:00-04:00,1.8600000143051147,1.8600000143051147,1.8600000143051147,1.8600000143051147,153,0.0,0.0
2024-06-12 12:18:00-04:00,1.8600000143051147,1.8600000143051147,1.8600000143051147,1.8600000143051147,1034,0.0,0.0
2024-06-12 12:29:00-04:00,1.8509000539779663,1.8509000539779663,1.8509000539779663,1.8509000539779663,728,0.0,0.0
2024-06-12 12:35:00-04:00,1.8676999807357788,1.8700000047683716,1.8676999807357788,1.8700000047683716,2547,0.0,0.0
2024-06-12 12:39:00-04:00,1.8700000047683716,1.8700000047683716,1.8600000143051147,1.8700000047683716,1993,0.0,0.0
2024-06-12 12:42:00-04:00,1.8681000471115112,1.8681000471115112,1.8681000471115112,1.8681000471115112,471,0.0,0.0
2024-06-12 12:53:00-04:00,1.8700000047683716,1.8700000047683716,1.8700000047683716,1.8700000047683716,521,0.0,0.0
2024-06-12 12:55:00-04:00,1.850100040435791,1.850100040435791,1.850100040435791,1.850100040435791,359,0.0,0.0
2024-06-12 12:58:00-04:00,1.8691999912261963,1.8691999912261963,1.8691999912261963,1.8691999912261963,358,0.0,0.0
2024-06-12 13:04:00-04:00,1.8700000047683716,1.8700000047683716,1.8700000047683716,1.8700000047683716,630,0.0,0.0
2024-06-12 13:07:00-04:00,1.860200047492981,1.8650000095367432,1.8601000308990479,1.8650000095367432,923,0.0,0.0
2024-06-12 13:15:00-04:00,1.8600000143051147,1.8600000143051147,1.8600000143051147,1.8600000143051147,961,0.0,0.0
2024-06-12 13:18:00-04:00,1.8600000143051147,1.8600000143051147,1.8600000143051147,1.8600000143051147,1133,0.0,0.0
2024-06-12 13:20:00-04:00,1.8650000095367432,1.8650000095367432,1.8650000095367432,1.8650000095367432,112,0.0,0.0
2024-06-12 13:21:00-04:00,1.8601000308990479,1.8601000308990479,1.8601000308990479,1.8601000308990479,3111,0.0,0.0
2024-06-12 13:24:00-04:00,1.8601000308990479,1.8601000308990479,1.8601000308990479,1.8601000308990479,2046,0.0,0.0
2024-06-12 13:25:00-04:00,1.8650000095367432,1.8650000095367432,1.8650000095367432,1.8650000095367432,541,0.0,0.0
2024-06-12 13:50:00-04:00,1.868899941444397,1.8698999881744385,1.868899941444397,1.8698999881744385,1342,0.0,0.0
2024-06-12 13:59:00-04:00,1.8600000143051147,1.8600000143051147,1.8600000143051147,1.8600000143051147,376,0.0,0.0
2024-06-12 14:05:00-04:00,1.8674999475479126,1.8674999475479126,1.8650000095367432,1.8650000095367432,546,0.0,0.0
2024-06-12 14:11:00-04:00,1.8650000095367432,1.8650000095367432,1.8650000095367432,1.8650000095367432,600,0.0,0.0
2024-06-12 14:12:00-04:00,1.8600000143051147,1.8600000143051147,1.8550000190734863,1.8550000190734863,1367,0.0,0.0
2024-06-12 14:21:00-04:00,1.8600000143051147,1.8600000143051147,1.8600000143051147,1.8600000143051147,662,0.0,0.0
2024-06-12 14:30:00-04:00,1.8550000190734863,1.8550000190734863,1.8550000190734863,1.8550000190734863,523,0.0,0.0
2024-06-12 14:37:00-04:00,1.850100040435791,1.850100040435791,1.850100040435791,1.850100040435791,407,0.0,0.0
2024-06-12 14:38:00-04:00,1.850000023841858,1.850000023841858,1.850000023841858,1.850000023841858,3472,0.0,0.0
2024-06-12 14:40:00-04:00,1.8502999544143677,1.8502999544143677,1.8502999544143677,1.8502999544143677,0,0.0,0.0
2024-06-12 14:46:00-04:00,1.850000023841858,1.850000023841858,1.850000023841858,1.850000023841858,6882,0.0,0.0
2024-06-12 15:10:00-04:00,1.8550000190734863,1.8550000190734863,1.8550000190734863,1.8550000190734863,405,0.0,0.0
2024-06-12 15:14:00-04:00,1.8507000207901,1.8507000207901,1.8507000207901,1.8507000207901,695,0.0,0.0
2024-06-12 15:23:00-04:00,1.850000023841858,1.850000023841858,1.850000023841858,1.850000023841858,482,0.0,0.0
2024-06-12 15:24:00-04:00,1.850000023841858,1.850000023841858,1.850000023841858,1.850000023841858,271,0.0,0.0
2024-06-12 15:25:00-04:00,1.850000023841858,1.850000023841858,1.850000023841858,1.850000023841858,307,0.0,0.0
2024-06-12 15:26:00-04:00,1.8600000143051147,1.8600000143051147,1.8600000143051147,1.8600000143051147,1376,0.0,0.0
2024-06-12 15:28:00-04:00,1.850000023841858,1.850000023841858,1.850000023841858,1.850000023841858,252,0.0,0.0
2024-06-12 15:32:00-04:00,1.8424999713897705,1.8424999713897705,1.8424999713897705,1.8424999713897705,4666,0.0,0.0
2024-06-12 15:33:00-04:00,1.850000023841858,1.850000023841858,1.850000023841858,1.850000023841858,1083,0.0,0.0
2024-06-12 15:45:00-04:00,1.850000023841858,1.8550000190734863,1.850000023841858,1.8550000190734863,828,0.0,0.0
2024-06-12 15:50:00-04:00,1.8450000286102295,1.8450000286102295,1.8450000286102295,1.8450000286102295,1363,0.0,0.0
2024-06-12 15:51:00-04:00,1.850000023841858,1.850000023841858,1.850000023841858,1.850000023841858,1850,0.0,0.0
2024-06-12 15:54:00-04:00,1.850000023841858,1.8600000143051147,1.850000023841858,1.850000023841858,11091,0.0,0.0
2024-06-12 15:55:00-04:00,1.8600000143051147,1.8600000143051147,1.8600000143051147,1.8600000143051147,0,0.0,0.0
2024-06-12 15:56:00-04:00,1.8600000143051147,1.8600000143051147,1.850000023841858,1.8600000143051147,755,0.0,0.0
2024-06-12 15:57:00-04:00,1.850000023841858,1.850000023841858,1.850000023841858,1.850000023841858,550,0.0,0.0
2024-06-12 15:58:00-04:00,1.8600000143051147,1.8600000143051147,1.8600000143051147,1.8600000143051147,1459,0.0,0.0
2024-06-12 15:59:00-04:00,1.8600000143051147,1.8600000143051147,1.8600000143051147,1.8600000143051147,2532,0.0,0.0
2024-06-13 09:30:00-04:00,1.840000033378601,1.850000023841858,1.840000033378601,1.850000023841858,3749,0.0,0.0
2024-06-13 09:38:00-04:00,1.8597999811172485,1.8597999811172485,1.8593000173568726,1.8593000173568726,2139,0.0,0.0
2024-06-13 09:40:00-04:00,1.8598999977111816,1.8598999977111816,1.8598999977111816,1.8598999977111816,278,0.0,0.0
2024-06-13 09:47:00-04:00,1.850000023841858,1.850000023841858,1.850000023841858,1.850000023841858,1654,0.0,0.0
2024-06-13 09:54:00-04:00,1.850000023841858,1.8507000207901,1.850000023841858,1.8507000207901,2224,0.0,0.0
2024-06-13 10:01:00-04:00,1.8600000143051147,1.8600000143051147,1.8600000143051147,1.8600000143051147,200,0.0,0.0
2024-06-13 10:07:00-04:00,1.8550000190734863,1.8550000190734863,1.850000023841858,1.850000023841858,1085,0.0,0.0
2024-06-13 10:10:00-04:00,1.850000023841858,1.850000023841858,1.850000023841858,1.850000023841858,375,0.0,0.0
2024-06-13 10:15:00-04:00,1.8550000190734863,1.8550000190734863,1.850000023841858,1.850100040435791,2272,0.0,0.0
2024-06-13 10:23:00-04:00,1.8550000190734863,1.8550000190734863,1.8550000190734863,1.8550000190734863,198,0.0,0.0
2024-06-13 10:24:00-04:00,1.8550000190734863,1.8550000190734863,1.8550000190734863,1.8550000190734863,439,0.0,0.0
2024-06-13 10:33:00-04:00,1.8593000173568726,1.8593000173568726,1.8593000173568726,1.8593000173568726,112,0.0,0.0
2024-06-13 10:45:00-04:00,1.850000023841858,1.8550000190734863,1.850000023841858,1.8550000190734863,3707,0.0,0.0
2024-06-13 10:55:00-04:00,1.854200005531311,1.854200005531311,1.854200005531311,1.854200005531311,801,0.0,0.0
2024-06-13 10:56:00-04:00,1.8600000143051147,1.8600000143051147,1.850000023841858,1.850000023841858,1217,0.0,0.0
2024-06-13 11:09:00-04:00,1.8509999513626099,1.8509999513626099,1.8509999513626099,1.8509999513626099,290,0.0,0.0
2024-06-13 11:12:00-04:00,1.850000023841858,1.8550000190734863,1.850000023841858,1.8550000190734863,3497,0.0,0.0
2024-06-13 11:18:00-04:00,1.850000023841858,1.850000023841858,1.850000023841858,1.850000023841858,134,0.0,0.0
2024-06-13 11:27:00-04:00,1.850000023841858,1.850000023841858,1.850000023841858,1.850000023841858,400,0.0,0.0
2024-06-13 11:30:00-04:00,1.8550000190734863,1.8550000190734863,1.8550000190734863,1.8550000190734863,0,0.0,0.0
2024-06-13 11:33:00-04:00,1.8507000207901,1.8507000207901,1.8507000207901,1.8507000207901,230,0.0,0.0
2024-06-13 11:36:00-04:00,1.850000023841858,1.850000023841858,1.850000023841858,1.850000023841858,1218,0.0,0.0
2024-06-13 11:44:00-04:00,1.8550000190734863,1.8550000190734863,1.8550000190734863,1.8550000190734863,165,0.0,0.0
2024-06-13 11:47:00-04:00,1.850000023841858,1.850000023841858,1.850000023841858,1.850000023841858,1574,0.0,0.0
2024-06-13 11:54:00-04:00,1.8600000143051147,1.8600000143051147,1.8600000143051147,1.8600000143051147,1610,0.0,0.0
2024-06-13 11:55:00-04:00,1.850000023841858,1.850000023841858,1.850000023841858,1.850000023841858,378,0.0,0.0
2024-06-13 12:08:00-04:00,1.850000023841858,1.850000023841858,1.850000023841858,1.850000023841858,2049,0.0,0.0
2024-06-13 12:09:00-04:00,1.850000023841858,1.850000023841858,1.850000023841858,1.850000023841858,200,0.0,0.0
2024-06-13 12:13:00-04:00,1.850000023841858,1.850000023841858,1.850000023841858,1.850000023841858,1255,0.0,0.0
2024-06-13 12:19:00-04:00,1.850000023841858,1.850000023841858,1.850000023841858,1.850000023841858,248,0.0,0.0
2024-06-13 12:20:00-04:00,1.8597999811172485,1.8597999811172485,1.8597999811172485,1.8597999811172485,1065,0.0,0.0
2024-06-13 12:23:00-04:00,1.850000023841858,1.850000023841858,1.850000023841858,1.850000023841858,1124,0.0,0.0
2024-06-13 12:26:00-04:00,1.850000023841858,1.850000023841858,1.850000023841858,1.850000023841858,753,0.0,0.0
2024-06-13 12:56:00-04:00,1.8450000286102295,1.8450000286102295,1.8450000286102295,1.8450000286102295,104,0.0,0.0
2024-06-13 13:11:00-04:00,1.8580000400543213,1.8580000400543213,1.850000023841858,1.850000023841858,504,0.0,0.0
2024-06-13 13:18:00-04:00,1.840000033378601,1.840000033378601,1.840000033378601,1.840000033378601,481,0.0,0.0
2024-06-13 13:30:00-04:00,1.850000023841858,1.850000023841858,1.850000023841858,1.850000023841858,449,0.0,0.0
2024-06-13 13:41:00-04:00,1.850000023841858,1.850000023841858,1.850000023841858,1.850000023841858,735,0.0,0.0
2024-06-13 14:04:00-04:00,1.850000023841858,1.850000023841858,1.850000023841858,1.850000023841858,756,0.0,0.0
2024-06-13 14:08:00-04:00,1.8450000286102295,1.8450000286102295,1.8450000286102295,1.8450000286102295,126,0.0,0.0
2024-06-13 14:09:00-04:00,1.850000023841858,1.850000023841858,1.8450000286102295,1.850000023841858,2628,0.0,0.0
2024-06-13 14:11:00-04:00,1.850000023841858,1.850000023841858,1.850000023841858,1.850000023841858,0,0.0,0.0
2024-06-13 14:34:00-04:00,1.8450000286102295,1.8450000286102295,1.8450000286102295,1.8450000286102295,253,0.0,0.0
2024-06-13 14:38:00-04:00,1.850000023841858,1.850000023841858,1.850000023841858,1.850000023841858,301,0.0,0.0
2024-06-13 14:42:00-04:00,1.850000023841858,1.850000023841858,1.850000023841858,1.850000023841858,382,0.0,0.0
2024-06-13 14:56:00-04:00,1.8424999713897705,1.8424999713897705,1.8424999713897705,1.8424999713897705,318,0.0,0.0
2024-06-13 14:58:00-04:00,1.8499000072479248,1.8499000072479248,1.8499000072479248,1.8499000072479248,990,0.0,0.0
2024-06-13 15:04:00-04:00,1.8424999713897705,1.8424999713897705,1.8424999713897705,1.8424999713897705,155,0.0,0.0
2024-06-13 15:14:00-04:00,1.8499000072479248,1.8499000072479248,1.8499000072479248,1.8499000072479248,465,0.0,0.0
2024-06-13 15:16:00-04:00,1.8401000499725342,1.8401000499725342,1.8401000499725342,1.8401000499725342,660,0.0,0.0
2024-06-13 15:21:00-04:00,1.840000033378601,1.850000023841858,1.840000033378601,1.847499966621399,3917,0.0,0.0
2024-06-13 15:22:00-04:00,1.850000023841858,1.850000023841858,1.850000023841858,1.850000023841858,1166,0.0,0.0
2024-06-13 15:23:00-04:00,1.850000023841858,1.850000023841858,1.850000023841858,1.850000023841858,0,0.0,0.0
2024-06-13 15:26:00-04:00,1.850000023841858,1.850000023841858,1.850000023841858,1.850000023841858,156,0.0,0.0
2024-06-13 15:30:00-04:00,1.850000023841858,1.850000023841858,1.850000023841858,1.850000023841858,501,0.0,0.0
2024-06-13 15:33:00-04:00,1.850000023841858,1.850000023841858,1.8450000286102295,1.850000023841858,651,0.0,0.0
2024-06-13 15:38:00-04:00,1.850000023841858,1.850000023841858,1.850000023841858,1.850000023841858,250,0.0,0.0
2024-06-13 15:39:00-04:00,1.8485000133514404,1.8600000143051147,1.8485000133514404,1.8600000143051147,3495,0.0,0.0
2024-06-13 15:42:00-04:00,1.8521000146865845,1.8521000146865845,1.8521000146865845,1.8521000146865845,653,0.0,0.0
2024-06-13 15:51:00-04:00,1.8550000190734863,1.8550000190734863,1.8550000190734863,1.8550000190734863,142,0.0,0.0
2024-06-13 15:54:00-04:00,1.8550000190734863,1.8550000190734863,1.8550000190734863,1.8550000190734863,489,0.0,0.0
2024-06-13 15:58:00-04:00,1.8550000190734863,1.8600000143051147,1.8550000190734863,1.8600000143051147,748,0.0,0.0
2024-06-13 15:59:00-04:00,1.8550000190734863,1.8600000143051147,1.847499966621399,1.8600000143051147,6306,0.0,0.0
2024-06-14 09:30:00-04:00,1.850000023841858,1.850000023841858,1.850000023841858,1.850000023841858,2877,0.0,0.0
2024-06-14 09:35:00-04:00,1.8600000143051147,1.8600000143051147,1.8600000143051147,1.8600000143051147,102,0.0,0.0
2024-06-14 09:38:00-04:00,1.850000023841858,1.850000023841858,1.840399980545044,1.850000023841858,383,0.0,0.0
2024-06-14 09:40:00-04:00,1.8450000286102295,1.8450000286102295,1.8450000286102295,1.8450000286102295,204,0.0,0.0
2024-06-14 09:43:00-04:00,1.850000023841858,1.850000023841858,1.850000023841858,1.850000023841858,280,0.0,0.0
2024-06-14 09:47:00-04:00,1.8450000286102295,1.850000023841858,1.8402999639511108,1.8406000137329102,1104,0.0,0.0
2024-06-14 09:48:00-04:00,1.850000023841858,1.850000023841858,1.8450000286102295,1.8450000286102295,340,0.0,0.0
2024-06-14 09:52:00-04:00,1.840000033378601,1.850000023841858,1.840000033378601,1.850000023841858,958,0.0,0.0
2024-06-14 10:02:00-04:00,1.840000033378601,1.8401000499725342,1.840000033378601,1.8401000499725342,1993,0.0,0.0
2024-06-14 10:08:00-04:00,1.8300000429153442,1.8300000429153442,1.8300000429153442,1.8300000429153442,3669,0.0,0.0
2024-06-14 10:20:00-04:00,1.840000033378601,1.840000033378601,1.840000033378601,1.840000033378601,632,0.0,0.0
2024-06-14 10:21:00-04:00,1.840000033378601,1.840000033378601,1.840000033378601,1.840000033378601,1576,0.0,0.0
2024-06-14 10:24:00-04:00,1.850000023841858,1.850000023841858,1.850000023841858,1.850000023841858,101,0.0,0.0
2024-06-14 10:25:00-04:00,1.850000023841858,1.8600000143051147,1.8492000102996826,1.8600000143051147,5829,0.0,0.0
2024-06-14 10:27:00-04:00,1.8524999618530273,1.8550000190734863,1.8524999618530273,1.8550000190734863,394,0.0,0.0
2024-06-14 10:37:00-04:00,1.850000023841858,1.850000023841858,1.850000023841858,1.850000023841858,167,0.0,0.0
2024-06-14 10:45:00-04:00,1.8550000190734863,1.8550000190734863,1.8550000190734863,1.8550000190734863,200,0.0,0.0
2024-06-14 10:47:00-04:00,1.8588999509811401,1.8588999509811401,1.8588999509811401,1.8588999509811401,2621,0.0,0.0
2024-06-14 10:49:00-04:00,1.8593000173568726,1.8593000173568726,1.8593000173568726,1.8593000173568726,714,0.0,0.0
2024-06-14 10:50:00-04:00,1.8550000190734863,1.8550000190734863,1.8550000190734863,1.8550000190734863,817,0.0,0.0
2024-06-14 10:54:00-04:00,1.850100040435791,1.850100040435791,1.850100040435791,1.850100040435791,1104,0.0,0.0
2024-06-14 10:55:00-04:00,1.850100040435791,1.8593000173568726,1.850100040435791,1.8593000173568726,1218,0.0,0.0
2024-06-14 10:56:00-04:00,1.850000023841858,1.850100040435791,1.850000023841858,1.850100040435791,960,0.0,0.0
2024-06-14 10:58:00-04:00,1.850000023841858,1.850000023841858,1.840000033378601,1.8450000286102295,2348,0.0,0.0
2024-06-14 11:00:00-04:00,1.8401000499725342,1.8401000499725342,1.8401000499725342,1.8401000499725342,200,0.0,0.0
2024-06-14 11:01:00-04:00,1.8450000286102295,1.8450000286102295,1.8450000286102295,1.8450000286102295,120,0.0,0.0
2024-06-14 11:02:00-04:00,1.8450000286102295,1.8450000286102295,1.8401999473571777,1.8401999473571777,665,0.0,0.0
2024-06-14 11:03:00-04:00,1.8499000072479248,1.8499000072479248,1.8499000072479248,1.8499000072479248,29,0.0,0.0
2024-06-14 11:11:00-04:00,1.847499966621399,1.847499966621399,1.847499966621399,1.847499966621399,196,0.0,0.0
2024-06-14 11:13:00-04:00,1.8489999771118164,1.8489999771118164,1.8489999771118164,1.8489999771118164,4223,0.0,0.0
2024-06-14 11:16:00-04:00,1.8450000286102295,1.8450000286102295,1.8450000286102295,1.8450000286102295,204,0.0,0.0
2024-06-14 11:22:00-04:00,1.8401000499725342,1.8401000499725342,1.8401000499725342,1.8401000499725342,522,0.0,0.0
2024-06-14 11:24:00-04:00,1.8450000286102295,1.8450000286102295,1.8450000286102295,1.8450000286102295,181,0.0,0.0
2024-06-14 11:27:00-04:00,1.850000023841858,1.850000023841858,1.850000023841858,1.850000023841858,1621,0.0,0.0
2024-06-14 11:35:00-04:00,1.840999960899353,1.850000023841858,1.840999960899353,1.850000023841858,5086,0.0,0.0
2024-06-14 11:36:00-04:00,1.850000023841858,1.850000023841858,1.850000023841858,1.850000023841858,358,0.0,0.0
2024-06-14 11:53:00-04:00,1.8450000286102295,1.8450000286102295,1.8450000286102295,1.8450000286102295,200,0.0,0.0
2024-06-14 11:54:00-04:00,1.8450000286102295,1.8450000286102295,1.8450000286102295,1.8450000286102295,627,0.0,0.0
2024-06-14 11:56:00-04:00,1.840000033378601,1.840000033378601,1.8350000381469727,1.837499976158142,3070,0.0,0.0
2024-06-14 12:00:00-04:00,1.840000033378601,1.840000033378601,1.840000033378601,1.840000033378601,103,0.0,0.0
2024-06-14 12:13:00-04:00,1.8350000381469727,1.8350000381469727,1.8300000429153442,1.8300000429153442,2922,0.0,0.0
2024-06-14 12:14:00-04:00,1.8350000381469727,1.8350000381469727,1.8350000381469727,1.8350000381469727,347,0.0,0.0
2024-06-14 12:16:00-04:00,1.8350000381469727,1.8350000381469727,1.8300000429153442,1.8300000429153442,3623,0.0,0.0
2024-06-14 12:17:00-04:00,1.8322999477386475,1.8322999477386475,1.8322999477386475,1.8322999477386475,3910,0.0,0.0
2024-06-14 12:19:00-04:00,1.8300000429153442,1.8300000429153442,1.8300000429153442,1.8300000429153442,911,0.0,0.0
2024-06-14 12:23:00-04:00,1.840000033378601,1.840000033378601,1.840000033378601,1.840000033378601,173,0.0,0.0
2024-06-14 12:27:00-04:00,1.8398000001907349,1.8398000001907349,1.8398000001907349,1.8398000001907349,808,0.0,0.0
2024-06-14 12:34:00-04:00,1.8350000381469727,1.8350000381469727,1.8350000381469727,1.8350000381469727,552,0.0,0.0
2024-06-14 12:35:00-04:00,1.8350000381469727,1.840000033378601,1.830199956893921,1.840000033378601,1417,0.0,0.0
2024-06-14 12:43:00-04:00,1.840000033378601,1.840000033378601,1.840000033378601,1.840000033378601,263,0.0,0.0
2024-06-14 12:54:00-04:00,1.8350000381469727,1.8350000381469727,1.8350000381469727,1.8350000381469727,400,0.0,0.0
2024-06-14 12:55:00-04:00,1.839900016784668,1.839900016784668,1.839900016784668,1.839900016784668,273,0.0,0.0
2024-06-14 12:57:00-04:00,1.8350000381469727,1.8350000381469727,1.8350000381469727,1.8350000381469727,106,0.0,0.0
2024-06-14 13:08:00-04:00,1.8350000381469727,1.8350000381469727,1.8350000381469727,1.8350000381469727,200,0.0,0.0
2024-06-14 13:11:00-04:00,1.8350000381469727,1.8350000381469727,1.8301000595092773,1.8301000595092773,1746,0.0,0.0
2024-06-14 13:14:00-04:00,1.8350000381469727,1.8350000381469727,1.8350000381469727,1.8350000381469727,0,0.0,0.0
2024-06-14 13:21:00-04:00,1.840000033378601,1.840000033378601,1.8350000381469727,1.8350000381469727,203,0.0,0.0
2024-06-14 13:27:00-04:00,1.8350000381469727,1.8350000381469727,1.8350000381469727,1.8350000381469727,124,0.0,0.0
2024-06-14 13:30:00-04:00,1.8350000381469727,1.8350000381469727,1.8350000381469727,1.8350000381469727,200,0.0,0.0
2024-06-14 13:31:00-04:00,1.840000033378601,1.840000033378601,1.840000033378601,1.840000033378601,1972,0.0,0.0
2024-06-14 13:33:00-04:00,1.8350000381469727,1.8350000381469727,1.8350000381469727,1.8350000381469727,130,0.0,0.0
2024-06-14 13:36:00-04:00,1.8350000381469727,1.8350000381469727,1.8350000381469727,1.8350000381469727,137,0.0,0.0
2024-06-14 13:42:00-04:00,1.840000033378601,1.840000033378601,1.840000033378601,1.840000033378601,2000,0.0,0.0
2024-06-14 13:43:00-04:00,1.8350000381469727,1.8350000381469727,1.8350000381469727,1.8350000381469727,0,0.0,0.0
2024-06-14 13:45:00-04:00,1.8350000381469727,1.8350000381469727,1.8350000381469727,1.8350000381469727,7,0.0,0.0
2024-06-14 13:46:00-04:00,1.8350000381469727,1.8350000381469727,1.8350000381469727,1.8350000381469727,425,0.0,0.0
2024-06-14 13:57:00-04:00,1.8300000429153442,1.8300000429153442,1.8300000429153442,1.8300000429153442,4630,0.0,0.0
2024-06-14 13:58:00-04:00,1.8300000429153442,1.8300000429153442,1.8300000429153442,1.8300000429153442,251,0.0,0.0
2024-06-14 13:59:00-04:00,1.8350000381469727,1.8350000381469727,1.8300000429153442,1.8300000429153442,2279,0.0,0.0
2024-06-14 14:01:00-04:00,1.8350000381469727,1.8350000381469727,1.8350000381469727,1.8350000381469727,449,0.0,0.0
2024-06-14 14:09:00-04:00,1.839900016784668,1.839900016784668,1.839900016784668,1.839900016784668,586,0.0,0.0
2024-06-14 14:20:00-04:00,1.8300000429153442,1.8300000429153442,1.8300000429153442,1.8300000429153442,1158,0.0,0.0
2024-06-14 14:25:00-04:00,1.8324999809265137,1.8324999809265137,1.8324999809265137,1.8324999809265137,377,0.0,0.0
2024-06-14 14:32:00-04:00,1.840000033378601,1.840000033378601,1.840000033378601,1.840000033378601,1074,0.0,0.0
2024-06-14 14:39:00-04:00,1.8300000429153442,1.840000033378601,1.8300000429153442,1.840000033378601,1859,0.0,0.0
2024-06-14 14:41:00-04:00,1.8350000381469727,1.8350000381469727,1.8350000381469727,1.8350000381469727,101,0.0,0.0
2024-06-14 14:42:00-04:00,1.8350000381469727,1.8350000381469727,1.8350000381469727,1.8350000381469727,643,0.0,0.0
2024-06-14 14:43:00-04:00,1.837499976158142,1.837499976158142,1.837499976158142,1.837499976158142,379,0.0,0.0
2024-06-14 14:52:00-04:00,1.8300000429153442,1.8314000368118286,1.8300000429153442,1.8314000368118286,1446,0.0,0.0
2024-06-14 14:53:00-04:00,1.8305000066757202,1.8350000381469727,1.8301000595092773,1.8301000595092773,595,0.0,0.0
2024-06-14 15:06:00-04:00,1.8300000429153442,1.8300000429153442,1.8300000429153442,1.8300000429153442,1509,0.0,0.0
2024-06-14 15:15:00-04:00,1.8350000381469727,1.8350000381469727,1.8350000381469727,1.8350000381469727,797,0.0,0.0
2024-06-14 15:24:00-04:00,1.8309999704360962,1.8309999704360962,1.8309999704360962,1.8309999704360962,299,0.0,0.0
2024-06-14 15:26:00-04:00,1.8300000429153442,1.8300000429153442,1.8300000429153442,1.8300000429153442,361,0.0,0.0
2024-06-14 15:29:00-04:00,1.8393000364303589,1.8393000364303589,1.8393000364303589,1.8393000364303589,272,0.0,0.0
2024-06-14 15:30:00-04:00,1.8307000398635864,1.8307000398635864,1.8307000398635864,1.8307000398635864,525,0.0,0.0
2024-06-14 15:35:00-04:00,1.8312000036239624,1.8312000036239624,1.8300000429153442,1.8300000429153442,1408,0.0,0.0
2024-06-14 15:36:00-04:00,1.8350000381469727,1.8350000381469727,1.8350000381469727,1.8350000381469727,604,0.0,0.0
2024-06-14 15:44:00-04:00,1.8350000381469727,1.8350000381469727,1.8350000381469727,1.8350000381469727,620,0.0,0.0
2024-06-14 15:47:00-04:00,1.8350000381469727,1.8350000381469727,1.8350000381469727,1.8350000381469727,414,0.0,0.0
2024-06-14 15:49:00-04:00,1.8350000381469727,1.8350000381469727,1.8350000381469727,1.8350000381469727,131,0.0,0.0
2024-06-14 15:50:00-04:00,1.8350000381469727,1.8350000381469727,1.8350000381469727,1.8350000381469727,172,0.0,0.0
2024-06-14 15:52:00-04:00,1.8350000381469727,1.8350000381469727,1.8350000381469727,1.8350000381469727,292,0.0,0.0
2024-06-14 15:54:00-04:00,1.840000033378601,1.840000033378601,1.840000033378601,1.840000033378601,458,0.0,0.0
2024-06-14 15:55:00-04:00,1.8350000381469727,1.8350000381469727,1.8350000381469727,1.8350000381469727,111,0.0,0.0
2024-06-14 15:56:00-04:00,1.840000033378601,1.840000033378601,1.840000033378601,1.840000033378601,404,0.0,0.0
2024-06-14 15:57:00-04:00,1.840000033378601,1.840000033378601,1.840000033378601,1.840000033378601,989,0.0,0.0
2024-06-14 15:58:00-04:00,1.840000033378601,1.840000033378601,1.8300000429153442,1.840000033378601,1414,0.0,0.0
2024-06-14 15:59:00-04:00,1.8350000381469727,1.840000033378601,1.8350000381469727,1.840000033378601,1430,0.0,0.0
