Datetime,Open,High,Low,Close,Volume,Dividends,Stock Splits
2024-06-10 09:30:00-04:00,13.130000114440918,13.130000114440918,13.130000114440918,13.130000114440918,0,0.0,0.0
2024-06-10 09:44:00-04:00,13.010000228881836,13.010000228881836,13.010000228881836,13.010000228881836,1283,0.0,0.0
2024-06-10 09:51:00-04:00,13.079999923706055,13.1899995803833,13.079999923706055,13.09000015258789,2880,0.0,0.0
2024-06-10 09:53:00-04:00,13.149999618530273,13.149999618530273,13.149999618530273,13.149999618530273,367,0.0,0.0
2024-06-10 09:57:00-04:00,13.180000305175781,13.204999923706055,13.149999618530273,13.204999923706055,1268,0.0,0.0
2024-06-10 09:58:00-04:00,13.149999618530273,13.204999923706055,13.149999618530273,13.149999618530273,4835,0.0,0.0
2024-06-10 10:01:00-04:00,13.270000457763672,13.3100004196167,13.270000457763672,13.3100004196167,775,0.0,0.0
2024-06-10 10:02:00-04:00,13.369999885559082,13.369999885559082,13.369999885559082,13.369999885559082,229,0.0,0.0
2024-06-10 10:05:00-04:00,13.25,13.25,13.25,13.25,429,0.0,0.0
2024-06-10 10:07:00-04:00,13.239999771118164,13.300000190734863,13.239999771118164,13.270000457763672,1179,0.0,0.0
2024-06-10 10:08:00-04:00,13.170000076293945,13.170000076293945,13.170000076293945,13.170000076293945,957,0.0,0.0
2024-06-10 10:11:00-04:00,13.204999923706055,13.25,13.199999809265137,13.25,1863,0.0,0.0
2024-06-10 10:12:00-04:00,13.180000305175781,13.1899995803833,13.180000305175781,13.1899995803833,305,0.0,0.0
2024-06-10 10:13:00-04:00,13.210000038146973,13.210000038146973,13.199999809265137,13.199999809265137,887,0.0,0.0
2024-06-10 10:16:00-04:00,13.199999809265137,13.199999809265137,13.199999809265137,13.199999809265137,412,0.0,0.0
2024-06-10 10:17:00-04:00,13.1899995803833,13.21500015258789,13.170000076293945,13.170000076293945,1451,0.0,0.0
2024-06-10 10:19:00-04:00,13.220000267028809,13.220000267028809,13.199999809265137,13.199999809265137,1636,0.0,0.0
2024-06-10 10:20:00-04:00,13.210000038146973,13.255000114440918,13.199999809265137,13.199999809265137,970,0.0,0.0
2024-06-10 10:22:00-04:00,13.199999809265137,13.265000343322754,13.199999809265137,13.210000038146973,914,0.0,0.0
2024-06-10 10:23:00-04:00,13.210000038146973,13.270000457763672,13.210000038146973,13.255000114440918,4593,0.0,0.0
2024-06-10 10:24:00-04:00,13.25,13.380000114440918,13.25,13.319999694824219,2918,0.0,0.0
2024-06-10 10:26:00-04:00,13.270000457763672,13.270000457763672,13.270000457763672,13.270000457763672,702,0.0,0.0
2024-06-10 10:28:00-04:00,13.329999923706055,13.329999923706055,13.329999923706055,13.329999923706055,200,0.0,0.0
2024-06-10 10:29:00-04:00,13.3100004196167,13.3100004196167,13.3100004196167,13.3100004196167,99,0.0,0.0
2024-06-10 10:30:00-04:00,13.359999656677246,13.359999656677246,13.359999656677246,13.359999656677246,456,0.0,0.0
2024-06-10 10:31:00-04:00,13.364999771118164,13.369999885559082,13.350000381469727,13.350000381469727,592,0.0,0.0
2024-06-10 10:33:00-04:00,13.359999656677246,13.369999885559082,13.3100004196167,13.369999885559082,574,0.0,0.0
2024-06-10 10:34:00-04:00,13.369999885559082,13.369999885559082,13.369999885559082,13.369999885559082,152,0.0,0.0
2024-06-10 10:36:00-04:00,13.350000381469727,13.350000381469727,13.350000381469727,13.350000381469727,228,0.0,0.0
2024-06-10 10:38:00-04:00,13.350000381469727,13.404999732971191,13.350000381469727,13.350000381469727,3561,0.0,0.0
2024-06-10 10:39:00-04:00,13.350000381469727,13.350000381469727,13.350000381469727,13.350000381469727,295,0.0,0.0
2024-06-10 10:42:00-04:00,13.399999618530273,13.399999618530273,13.399999618530273,13.399999618530273,264,0.0,0.0
2024-06-10 10:43:00-04:00,13.369999885559082,13.369999885559082,13.369999885559082,13.369999885559082,182,0.0,0.0
2024-06-10 10:45:00-04:00,13.425000190734863,13.425000190734863,13.399999618530273,13.399999618530273,2759,0.0,0.0
2024-06-10 10:46:00-04:00,13.420000076293945,13.420000076293945,13.399999618530273,13.399999618530273,1025,0.0,0.0
2024-06-10 10:48:00-04:00,13.399999618530273,13.425000190734863,13.399999618530273,13.420000076293945,4289,0.0,0.0
2024-06-10 10:51:00-04:00,13.460000038146973,13.460000038146973,13.449999809265137,13.449999809265137,1075,0.0,0.0
2024-06-10 10:53:00-04:00,13.449999809265137,13.460000038146973,13.444999694824219,13.449999809265137,4909,0.0,0.0
2024-06-10 10:55:00-04:00,13.449999809265137,13.449999809265137,13.449999809265137,13.449999809265137,708,0.0,0.0
2024-06-10 10:56:00-04:00,13.449999809265137,13.449999809265137,13.449999809265137,13.449999809265137,1008,0.0,0.0
2024-06-10 10:57:00-04:00,13.4399995803833,13.4399995803833,13.4399995803833,13.4399995803833,217,0.0,0.0
2024-06-10 10:59:00-04:00,13.454999923706055,13.454999923706055,13.454999923706055,13.454999923706055,544,0.0,0.0
2024-06-10 11:00:00-04:00,13.460000038146973,13.460000038146973,13.449999809265137,13.449999809265137,977,0.0,0.0
2024-06-10 11:02:00-04:00,13.4399995803833,13.4399995803833,13.4399995803833,13.4399995803833,627,0.0,0.0
2024-06-10 11:07:00-04:00,13.449999809265137,13.460000038146973,13.449999809265137,13.460000038146973,463,0.0,0.0
2024-06-10 11:08:00-04:00,13.449999809265137,13.470000267028809,13.449999809265137,13.457500457763672,1660,0.0,0.0
2024-06-10 11:10:00-04:00,13.449999809265137,13.449999809265137,13.4399995803833,13.449999809265137,1146,0.0,0.0
2024-06-10 11:11:00-04:00,13.4399995803833,13.4399995803833,13.4399995803833,13.4399995803833,1174,0.0,0.0
2024-06-10 11:20:00-04:00,13.430000305175781,13.46500015258789,13.430000305175781,13.46500015258789,1636,0.0,0.0
2024-06-10 11:22:00-04:00,13.470000267028809,13.470000267028809,13.470000267028809,13.470000267028809,753,0.0,0.0
2024-06-10 11:23:00-04:00,13.5,13.5,13.5,13.5,354,0.0,0.0
2024-06-10 11:24:00-04:00,13.460000038146973,13.460000038146973,13.460000038146973,13.460000038146973,343,0.0,0.0
2024-06-10 11:27:00-04:00,13.505000114440918,13.505000114440918,13.5,13.5,279,0.0,0.0
2024-06-10 11:29:00-04:00,13.5,13.5,13.5,13.5,477,0.0,0.0
2024-06-10 11:30:00-04:00,13.5,13.5,13.5,13.5,292,0.0,0.0
2024-06-10 11:31:00-04:00,13.5,13.5,13.5,13.5,400,0.0,0.0
2024-06-10 11:32:00-04:00,13.5,13.5,13.5,13.5,331,0.0,0.0
2024-06-10 11:35:00-04:00,13.53499984741211,13.53499984741211,13.5,13.5,1489,0.0,0.0
2024-06-10 11:36:00-04:00,13.5,13.5,13.5,13.5,533,0.0,0.0
2024-06-10 11:37:00-04:00,13.505000114440918,13.510000228881836,13.5,13.505000114440918,1467,0.0,0.0
2024-06-10 11:38:00-04:00,13.510000228881836,13.550000190734863,13.5,13.510000228881836,4639,0.0,0.0
2024-06-10 11:42:00-04:00,13.5,13.5,13.5,13.5,309,0.0,0.0
2024-06-10 11:43:00-04:00,13.5,13.5,13.5,13.5,504,0.0,0.0
2024-06-10 11:44:00-04:00,13.5,13.529999732971191,13.5,13.510000228881836,5143,0.0,0.0
2024-06-10 11:46:00-04:00,13.625,13.630000114440918,13.625,13.630000114440918,998,0.0,0.0
2024-06-10 11:47:00-04:00,13.635000228881836,13.649999618530273,13.600000381469727,13.649999618530273,774,0.0,0.0
2024-06-10 11:51:00-04:00,13.619999885559082,13.619999885559082,13.619999885559082,13.619999885559082,651,0.0,0.0
2024-06-10 11:55:00-04:00,13.609999656677246,13.612000465393066,13.609999656677246,13.609999656677246,2689,0.0,0.0
2024-06-10 12:00:00-04:00,13.649999618530273,13.654999732971191,13.649999618530273,13.654999732971191,656,0.0,0.0
2024-06-10 12:01:00-04:00,13.670000076293945,13.670000076293945,13.670000076293945,13.670000076293945,992,0.0,0.0
2024-06-10 12:10:00-04:00,13.625,13.625,13.625,13.625,1608,0.0,0.0
2024-06-10 12:12:00-04:00,13.609999656677246,13.609999656677246,13.59000015258789,13.59000015258789,2156,0.0,0.0
2024-06-10 12:19:00-04:00,13.600000381469727,13.600000381469727,13.585000038146973,13.585000038146973,872,0.0,0.0
2024-06-10 12:20:00-04:00,13.59000015258789,13.59000015258789,13.59000015258789,13.59000015258789,300,0.0,0.0
2024-06-10 12:21:00-04:00,13.59000015258789,13.59000015258789,13.59000015258789,13.59000015258789,533,0.0,0.0
2024-06-10 12:24:00-04:00,13.600000381469727,13.604999542236328,13.600000381469727,13.604999542236328,859,0.0,0.0
2024-06-10 12:30:00-04:00,13.59000015258789,13.59000015258789,13.59000015258789,13.59000015258789,235,0.0,0.0
2024-06-10 12:32:00-04:00,13.619999885559082,13.619999885559082,13.619999885559082,13.619999885559082,1529,0.0,0.0
2024-06-10 12:38:00-04:00,13.5600004196167,13.569999694824219,13.550000190734863,13.550000190734863,2417,0.0,0.0
2024-06-10 12:43:00-04:00,13.54010009765625,13.54010009765625,13.54010009765625,13.54010009765625,233,0.0,0.0
2024-06-10 12:44:00-04:00,13.539999961853027,13.550000190734863,13.5,13.510000228881836,5445,0.0,0.0
2024-06-10 12:46:00-04:00,13.510000228881836,13.510000228881836,13.510000228881836,13.510000228881836,799,0.0,0.0
2024-06-10 12:50:00-04:00,13.5,13.5,13.5,13.5,289,0.0,0.0
2024-06-10 12:53:00-04:00,13.5,13.5,13.5,13.5,675,0.0,0.0
2024-06-10 12:57:00-04:00,13.520000457763672,13.520000457763672,13.5,13.5,1968,0.0,0.0
2024-06-10 13:01:00-04:00,13.479999542236328,13.479999542236328,13.479999542236328,13.479999542236328,938,0.0,0.0
2024-06-10 13:07:00-04:00,13.489999771118164,13.489999771118164,13.489999771118164,13.489999771118164,430,0.0,0.0
2024-06-10 13:09:00-04:00,13.5,13.5,13.5,13.5,752,0.0,0.0
2024-06-10 13:13:00-04:00,13.489999771118164,13.489999771118164,13.489999771118164,13.489999771118164,813,0.0,0.0
2024-06-10 13:19:00-04:00,13.520000457763672,13.520000457763672,13.520000457763672,13.520000457763672,567,0.0,0.0
2024-06-10 13:23:00-04:00,13.539999961853027,13.539999961853027,13.539999961853027,13.539999961853027,1093,0.0,0.0
2024-06-10 13:25:00-04:00,13.545000076293945,13.545000076293945,13.545000076293945,13.545000076293945,158,0.0,0.0
2024-06-10 13:26:00-04:00,13.539999961853027,13.539999961853027,13.520000457763672,13.520000457763672,903,0.0,0.0
2024-06-10 13:28:00-04:00,13.539999961853027,13.539999961853027,13.520000457763672,13.520000457763672,1332,0.0,0.0
2024-06-10 13:40:00-04:00,13.53499984741211,13.53499984741211,13.53499984741211,13.53499984741211,245,0.0,0.0
2024-06-10 13:41:00-04:00,13.53499984741211,13.53499984741211,13.53499984741211,13.53499984741211,787,0.0,0.0
2024-06-10 13:43:00-04:00,13.545000076293945,13.545000076293945,13.520000457763672,13.520000457763672,1213,0.0,0.0
2024-06-10 13:45:00-04:00,13.520000457763672,13.520000457763672,13.5,13.5,2592,0.0,0.0
2024-06-10 13:48:00-04:00,13.479999542236328,13.479999542236328,13.479999542236328,13.479999542236328,923,0.0,0.0
2024-06-10 13:54:00-04:00,13.479999542236328,13.479999542236328,13.420000076293945,13.420000076293945,3541,0.0,0.0
2024-06-10 13:59:00-04:00,13.399999618530273,13.399999618530273,13.399999618530273,13.399999618530273,1210,0.0,0.0
2024-06-10 14:06:00-04:00,13.40999984741211,13.40999984741211,13.40999984741211,13.40999984741211,1040,0.0,0.0
2024-06-10 14:11:00-04:00,13.350000381469727,13.350000381469727,13.289999961853027,13.289999961853027,3141,0.0,0.0
2024-06-10 14:26:00-04:00,13.234999656677246,13.260000228881836,13.234999656677246,13.260000228881836,1447,0.0,0.0
2024-06-10 14:31:00-04:00,13.25,13.25,13.25,13.25,216,0.0,0.0
2024-06-10 14:32:00-04:00,13.270000457763672,13.300000190734863,13.270000457763672,13.300000190734863,1229,0.0,0.0
2024-06-10 14:33:00-04:00,13.289999961853027,13.289999961853027,13.289999961853027,13.289999961853027,1370,0.0,0.0
2024-06-10 14:45:00-04:00,13.364999771118164,13.364999771118164,13.364999771118164,13.364999771118164,200,0.0,0.0
2024-06-10 14:47:00-04:00,13.390000343322754,13.390000343322754,13.390000343322754,13.390000343322754,758,0.0,0.0
2024-06-10 14:51:00-04:00,13.390000343322754,13.390000343322754,13.390000343322754,13.390000343322754,1255,0.0,0.0
2024-06-10 14:54:00-04:00,13.390000343322754,13.390000343322754,13.390000343322754,13.390000343322754,155,0.0,0.0
2024-06-10 14:55:00-04:00,13.380000114440918,13.380000114440918,13.380000114440918,13.380000114440918,261,0.0,0.0
2024-06-10 14:56:00-04:00,13.390000343322754,13.390000343322754,13.390000343322754,13.390000343322754,531,0.0,0.0
2024-06-10 14:58:00-04:00,13.399999618530273,13.399999618530273,13.399999618530273,13.399999618530273,778,0.0,0.0
2024-06-10 15:01:00-04:00,13.40999984741211,13.430000305175781,13.40999984741211,13.430000305175781,908,0.0,0.0
2024-06-10 15:02:00-04:00,13.420000076293945,13.420000076293945,13.420000076293945,13.420000076293945,1265,0.0,0.0
2024-06-10 15:05:00-04:00,13.430000305175781,13.430000305175781,13.430000305175781,13.430000305175781,1802,0.0,0.0
2024-06-10 15:08:00-04:00,13.42199993133545,13.42199993133545,13.42199993133545,13.42199993133545,299,0.0,0.0
2024-06-10 15:11:00-04:00,13.460000038146973,13.460000038146973,13.460000038146973,13.460000038146973,594,0.0,0.0
2024-06-10 15:13:00-04:00,13.479999542236328,13.479999542236328,13.479999542236328,13.479999542236328,770,0.0,0.0
2024-06-10 15:19:00-04:00,13.5,13.5,13.5,13.5,207,0.0,0.0
2024-06-10 15:20:00-04:00,13.5,13.5,13.5,13.5,472,0.0,0.0
2024-06-10 15:21:00-04:00,13.505000114440918,13.505000114440918,13.505000114440918,13.505000114440918,788,0.0,0.0
2024-06-10 15:24:00-04:00,13.505000114440918,13.505000114440918,13.505000114440918,13.505000114440918,244,0.0,0.0
2024-06-10 15:26:00-04:00,13.489999771118164,13.489999771118164,13.489999771118164,13.489999771118164,974,0.0,0.0
2024-06-10 15:29:00-04:00,13.5,13.5,13.5,13.5,1370,0.0,0.0
2024-06-10 15:30:00-04:00,13.515000343322754,13.515000343322754,13.515000343322754,13.515000343322754,533,0.0,0.0
2024-06-10 15:31:00-04:00,13.510000228881836,13.510000228881836,13.510000228881836,13.510000228881836,1365,0.0,0.0
2024-06-10 15:32:00-04:00,13.510000228881836,13.510000228881836,13.5,13.5,2544,0.0,0.0
2024-06-10 15:33:00-04:00,13.470000267028809,13.479999542236328,13.470000267028809,13.470000267028809,1334,0.0,0.0
2024-06-10 15:38:00-04:00,13.470000267028809,13.470000267028809,13.470000267028809,13.470000267028809,1098,0.0,0.0
2024-06-10 15:41:00-04:00,13.489999771118164,13.489999771118164,13.470000267028809,13.470000267028809,1608,0.0,0.0
2024-06-10 15:42:00-04:00,13.470600128173828,13.470600128173828,13.470600128173828,13.470600128173828,495,0.0,0.0
2024-06-10 15:44:00-04:00,13.479999542236328,13.479999542236328,13.479999542236328,13.479999542236328,182,0.0,0.0
2024-06-10 15:45:00-04:00,13.475000381469727,13.475000381469727,13.449999809265137,13.449999809265137,2161,0.0,0.0
2024-06-10 15:46:00-04:00,13.4350004196167,13.4350004196167,13.420000076293945,13.420000076293945,472,0.0,0.0
2024-06-10 15:47:00-04:00,13.4399995803833,13.4399995803833,13.4399995803833,13.4399995803833,153,0.0,0.0
2024-06-10 15:48:00-04:00,13.449999809265137,13.449999809265137,13.449999809265137,13.449999809265137,591,0.0,0.0
2024-06-10 15:49:00-04:00,13.470000267028809,13.479999542236328,13.470000267028809,13.479999542236328,1640,0.0,0.0
2024-06-10 15:50:00-04:00,13.479999542236328,13.479999542236328,13.470000267028809,13.479999542236328,1850,0.0,0.0
2024-06-10 15:51:00-04:00,13.470000267028809,13.470000267028809,13.470000267028809,13.470000267028809,736,0.0,0.0
2024-06-10 15:52:00-04:00,13.460000038146973,13.460000038146973,13.460000038146973,13.460000038146973,418,0.0,0.0
2024-06-10 15:53:00-04:00,13.460000038146973,13.460000038146973,13.460000038146973,13.460000038146973,1248,0.0,0.0
2024-06-10 15:54:00-04:00,13.460000038146973,13.5,13.460000038146973,13.5,3187,0.0,0.0
2024-06-10 15:55:00-04:00,13.460000038146973,13.46500015258789,13.460000038146973,13.460000038146973,996,0.0,0.0
2024-06-10 15:56:00-04:00,13.46500015258789,13.470000267028809,13.46500015258789,13.470000267028809,824,0.0,0.0
2024-06-10 15:57:00-04:00,13.484999656677246,13.5,13.484999656677246,13.5,1846,0.0,0.0
2024-06-10 15:58:00-04:00,13.5,13.5,13.494999885559082,13.494999885559082,2504,0.0,0.0
2024-06-10 15:59:00-04:00,13.489999771118164,13.5,13.479999542236328,13.5,8427,0.0,0.0
2024-06-11 09:30:00-04:00,13.15999984741211,13.15999984741211,13.15999984741211,13.15999984741211,1151,0.0,0.0
2024-06-11 09:31:00-04:00,13.149999618530273,13.149999618530273,13.149999618530273,13.149999618530273,200,0.0,0.0
2024-06-11 09:33:00-04:00,13.140000343322754,13.140000343322754,13.140000343322754,13.140000343322754,669,0.0,0.0
2024-06-11 09:40:00-04:00,13.3100004196167,13.3100004196167,13.3100004196167,13.3100004196167,105,0.0,0.0
2024-06-11 09:42:00-04:00,13.289999961853027,13.3100004196167,13.255000114440918,13.255000114440918,1658,0.0,0.0
2024-06-11 09:43:00-04:00,13.289999961853027,13.289999961853027,13.289999961853027,13.289999961853027,139,0.0,0.0
2024-06-11 09:44:00-04:00,13.289999961853027,13.289999961853027,13.289999961853027,13.289999961853027,188,0.0,0.0
2024-06-11 09:46:00-04:00,13.210000038146973,13.210000038146973,13.210000038146973,13.210000038146973,231,0.0,0.0
2024-06-11 09:47:00-04:00,13.0,13.0,13.0,13.0,3770,0.0,0.0
2024-06-11 09:48:00-04:00,12.84000015258789,12.84000015258789,12.84000015258789,12.84000015258789,5391,0.0,0.0
2024-06-11 09:50:00-04:00,12.880000114440918,12.880000114440918,12.880000114440918,12.880000114440918,486,0.0,0.0
2024-06-11 09:51:00-04:00,12.880000114440918,12.890000343322754,12.880000114440918,12.890000343322754,486,0.0,0.0
2024-06-11 09:52:00-04:00,12.880000114440918,12.90999984741211,12.880000114440918,12.890000343322754,2533,0.0,0.0
2024-06-11 09:53:00-04:00,12.90999984741211,12.90999984741211,12.90999984741211,12.90999984741211,429,0.0,0.0
2024-06-11 09:55:00-04:00,12.890000343322754,12.890000343322754,12.890000343322754,12.890000343322754,268,0.0,0.0
2024-06-11 09:56:00-04:00,12.890000343322754,12.890000343322754,12.890000343322754,12.890000343322754,1151,0.0,0.0
2024-06-11 09:58:00-04:00,12.890000343322754,12.890000343322754,12.890000343322754,12.890000343322754,1222,0.0,0.0
2024-06-11 09:59:00-04:00,12.90999984741211,13.0,12.890000343322754,13.0,4225,0.0,0.0
2024-06-11 10:00:00-04:00,13.039999961853027,13.0600004196167,13.039999961853027,13.0600004196167,520,0.0,0.0
2024-06-11 10:01:00-04:00,13.050000190734863,13.050000190734863,13.050000190734863,13.050000190734863,200,0.0,0.0
2024-06-11 10:03:00-04:00,13.079999923706055,13.079999923706055,12.949999809265137,12.949999809265137,3730,0.0,0.0
2024-06-11 10:04:00-04:00,13.0,13.0,13.0,13.0,333,0.0,0.0
2024-06-11 10:05:00-04:00,12.930000305175781,12.930000305175781,12.930000305175781,12.930000305175781,351,0.0,0.0
2024-06-11 10:06:00-04:00,12.9399995803833,12.9399995803833,12.930000305175781,12.930000305175781,515,0.0,0.0
2024-06-11 10:07:00-04:00,12.930000305175781,12.930000305175781,12.930000305175781,12.930000305175781,1168,0.0,0.0
2024-06-11 10:11:00-04:00,12.90999984741211,12.90999984741211,12.90999984741211,12.90999984741211,167,0.0,0.0
2024-06-11 10:12:00-04:00,12.890000343322754,12.890000343322754,12.890000343322754,12.890000343322754,2254,0.0,0.0
2024-06-11 10:19:00-04:00,12.90999984741211,12.90999984741211,12.90999984741211,12.90999984741211,175,0.0,0.0
2024-06-11 10:20:00-04:00,12.9399995803833,12.9399995803833,12.899999618530273,12.899999618530273,1862,0.0,0.0
2024-06-11 10:21:00-04:00,12.899999618530273,12.899999618530273,12.829999923706055,12.835000038146973,3874,0.0,0.0
2024-06-11 10:22:00-04:00,12.819999694824219,12.819999694824219,12.819999694824219,12.819999694824219,165,0.0,0.0
2024-06-11 10:24:00-04:00,12.859999656677246,12.859999656677246,12.859999656677246,12.859999656677246,1051,0.0,0.0
2024-06-11 10:25:00-04:00,12.845000267028809,12.859999656677246,12.789999961853027,12.789999961853027,4157,0.0,0.0
2024-06-11 10:26:00-04:00,12.789999961853027,12.789999961853027,12.78499984741211,12.78499984741211,1102,0.0,0.0
2024-06-11 10:27:00-04:00,12.79640007019043,12.79640007019043,12.79640007019043,12.79640007019043,235,0.0,0.0
2024-06-11 10:30:00-04:00,12.78499984741211,12.78499984741211,12.78499984741211,12.78499984741211,348,0.0,0.0
2024-06-11 10:31:00-04:00,12.8100004196167,12.84000015258789,12.800000190734863,12.800000190734863,2872,0.0,0.0
2024-06-11 10:32:00-04:00,12.84000015258789,12.899999618530273,12.831000328063965,12.854999542236328,2272,0.0,0.0
2024-06-11 10:35:00-04:00,12.90999984741211,12.90999984741211,12.90999984741211,12.90999984741211,484,0.0,0.0
2024-06-11 10:38:00-04:00,12.949999809265137,12.970000267028809,12.949999809265137,12.970000267028809,1171,0.0,0.0
2024-06-11 10:39:00-04:00,13.020000457763672,13.020000457763672,12.930000305175781,12.930000305175781,200,0.0,0.0
2024-06-11 10:42:00-04:00,12.970000267028809,13.020000457763672,12.970000267028809,13.020000457763672,200,0.0,0.0
2024-06-11 10:43:00-04:00,13.020000457763672,13.020000457763672,13.020000457763672,13.020000457763672,101,0.0,0.0
2024-06-11 10:44:00-04:00,13.0,13.0,13.0,13.0,213,0.0,0.0
2024-06-11 10:47:00-04:00,12.970000267028809,12.970000267028809,12.970000267028809,12.970000267028809,440,0.0,0.0
2024-06-11 10:50:00-04:00,13.020000457763672,13.020000457763672,12.920000076293945,12.920000076293945,4032,0.0,0.0
2024-06-11 11:02:00-04:00,12.9399995803833,12.9399995803833,12.9399995803833,12.9399995803833,2348,0.0,0.0
2024-06-11 11:03:00-04:00,12.84000015258789,12.84000015258789,12.800000190734863,12.800000190734863,401,0.0,0.0
2024-06-11 11:04:00-04:00,12.819999694824219,12.819999694824219,12.819999694824219,12.819999694824219,300,0.0,0.0
2024-06-11 11:05:00-04:00,12.819999694824219,12.850000381469727,12.819999694824219,12.819999694824219,1463,0.0,0.0
2024-06-11 11:06:00-04:00,12.800000190734863,12.800000190734863,12.800000190734863,12.800000190734863,561,0.0,0.0
2024-06-11 11:09:00-04:00,12.800000190734863,12.829999923706055,12.779999732971191,12.8149995803833,4981,0.0,0.0
2024-06-11 11:10:00-04:00,12.84000015258789,12.850000381469727,12.84000015258789,12.850000381469727,1569,0.0,0.0
2024-06-11 11:11:00-04:00,12.859999656677246,12.869999885559082,12.859999656677246,12.869999885559082,1301,0.0,0.0
2024-06-11 11:12:00-04:00,12.875,12.875,12.869999885559082,12.869999885559082,727,0.0,0.0
2024-06-11 11:15:00-04:00,12.890000343322754,12.890000343322754,12.890000343322754,12.890000343322754,615,0.0,0.0
2024-06-11 11:16:00-04:00,12.960000038146973,12.960000038146973,12.960000038146973,12.960000038146973,1719,0.0,0.0
2024-06-11 11:17:00-04:00,13.0,13.0,13.0,13.0,200,0.0,0.0
2024-06-11 11:18:00-04:00,13.0,13.0,13.0,13.0,467,0.0,0.0
2024-06-11 11:19:00-04:00,12.979999542236328,13.0,12.979999542236328,13.0,1193,0.0,0.0
2024-06-11 11:21:00-04:00,13.0,13.0,13.0,13.0,471,0.0,0.0
2024-06-11 11:22:00-04:00,13.0,13.0,13.0,13.0,223,0.0,0.0
2024-06-11 11:24:00-04:00,13.0,13.0,13.0,13.0,593,0.0,0.0
2024-06-11 11:25:00-04:00,13.010000228881836,13.020000457763672,13.010000228881836,13.010000228881836,2150,0.0,0.0
2024-06-11 11:26:00-04:00,13.010000228881836,13.010000228881836,13.010000228881836,13.010000228881836,200,0.0,0.0
2024-06-11 11:27:00-04:00,13.0,13.0,13.0,13.0,103,0.0,0.0
2024-06-11 11:33:00-04:00,12.979999542236328,12.979999542236328,12.979999542236328,12.979999542236328,800,0.0,0.0
2024-06-11 11:41:00-04:00,12.989999771118164,13.0,12.979999542236328,12.979999542236328,2466,0.0,0.0
2024-06-11 11:46:00-04:00,12.949999809265137,12.949999809265137,12.8100004196167,12.8100004196167,3275,0.0,0.0
2024-06-11 11:47:00-04:00,12.84000015258789,12.850000381469727,12.824999809265137,12.850000381469727,2793,0.0,0.0
2024-06-11 11:48:00-04:00,12.829999923706055,12.850000381469727,12.829999923706055,12.850000381469727,2049,0.0,0.0
2024-06-11 11:49:00-04:00,12.880000114440918,12.979999542236328,12.880000114440918,12.979999542236328,4223,0.0,0.0
2024-06-11 11:50:00-04:00,12.949999809265137,12.975000381469727,12.949999809265137,12.960000038146973,2661,0.0,0.0
2024-06-11 11:52:00-04:00,12.944999694824219,12.944999694824219,12.944999694824219,12.944999694824219,460,0.0,0.0
2024-06-11 11:55:00-04:00,12.944999694824219,12.989999771118164,12.944999694824219,12.989999771118164,2348,0.0,0.0
2024-06-11 11:56:00-04:00,12.989999771118164,12.989999771118164,12.989999771118164,12.989999771118164,737,0.0,0.0
2024-06-11 11:58:00-04:00,13.0,13.0,13.0,13.0,104,0.0,0.0
2024-06-11 11:59:00-04:00,12.949999809265137,12.949999809265137,12.949999809265137,12.949999809265137,1161,0.0,0.0
2024-06-11 12:00:00-04:00,12.9399995803833,12.9399995803833,12.9399995803833,12.9399995803833,1751,0.0,0.0
2024-06-11 12:03:00-04:00,12.930000305175781,12.930000305175781,12.925000190734863,12.925000190734863,362,0.0,0.0
2024-06-11 12:04:00-04:00,12.930000305175781,12.949999809265137,12.930000305175781,12.949999809265137,828,0.0,0.0
2024-06-11 12:05:00-04:00,12.949999809265137,13.0,12.949999809265137,13.0,1696,0.0,0.0
2024-06-11 12:06:00-04:00,13.0,13.0,12.989999771118164,12.989999771118164,1282,0.0,0.0
2024-06-11 12:07:00-04:00,12.979999542236328,13.0,12.970000267028809,13.0,15034,0.0,0.0
2024-06-11 12:08:00-04:00,13.010000228881836,13.020000457763672,13.010000228881836,13.020000457763672,984,0.0,0.0
2024-06-11 12:12:00-04:00,13.020000457763672,13.050000190734863,13.020000457763672,13.039999961853027,1828,0.0,0.0
2024-06-11 12:16:00-04:00,13.020000457763672,13.020000457763672,13.0,13.020000457763672,1381,0.0,0.0
2024-06-11 12:17:00-04:00,12.994999885559082,12.994999885559082,12.970000267028809,12.970000267028809,324,0.0,0.0
2024-06-11 12:18:00-04:00,12.970000267028809,12.970000267028809,12.970000267028809,12.970000267028809,520,0.0,0.0
2024-06-11 12:20:00-04:00,12.979999542236328,12.979999542236328,12.970000267028809,12.970000267028809,674,0.0,0.0
2024-06-11 12:21:00-04:00,12.979999542236328,12.979999542236328,12.970000267028809,12.970000267028809,518,0.0,0.0
2024-06-11 12:22:00-04:00,12.979999542236328,12.979999542236328,12.970000267028809,12.970000267028809,0,0.0,0.0
2024-06-11 12:23:00-04:00,12.970000267028809,12.970000267028809,12.960000038146973,12.960000038146973,988,0.0,0.0
2024-06-11 12:24:00-04:00,12.9399995803833,12.9399995803833,12.9399995803833,12.9399995803833,224,0.0,0.0
2024-06-11 12:25:00-04:00,12.920000076293945,12.920000076293945,12.920000076293945,12.920000076293945,201,0.0,0.0
2024-06-11 12:26:00-04:00,12.920000076293945,12.920000076293945,12.920000076293945,12.920000076293945,1832,0.0,0.0
2024-06-11 12:27:00-04:00,12.920000076293945,12.9399995803833,12.885000228881836,12.899999618530273,3590,0.0,0.0
2024-06-11 12:28:00-04:00,12.920000076293945,12.920000076293945,12.920000076293945,12.920000076293945,358,0.0,0.0
2024-06-11 12:29:00-04:00,12.90999984741211,12.90999984741211,12.90999984741211,12.90999984741211,309,0.0,0.0
2024-06-11 12:33:00-04:00,12.899999618530273,12.899999618530273,12.899999618530273,12.899999618530273,292,0.0,0.0
2024-06-11 12:35:00-04:00,12.895000457763672,12.895000457763672,12.895000457763672,12.895000457763672,226,0.0,0.0
2024-06-11 12:37:00-04:00,12.920000076293945,12.930000305175781,12.920000076293945,12.930000305175781,1882,0.0,0.0
2024-06-11 12:38:00-04:00,12.925000190734863,12.925000190734863,12.90999984741211,12.90999984741211,567,0.0,0.0
2024-06-11 12:39:00-04:00,12.9399995803833,12.9399995803833,12.90999984741211,12.9399995803833,1116,0.0,0.0
2024-06-11 12:46:00-04:00,12.90999984741211,12.920000076293945,12.899999618530273,12.904999732971191,1528,0.0,0.0
2024-06-11 12:47:00-04:00,12.920000076293945,12.920000076293945,12.920000076293945,12.920000076293945,765,0.0,0.0
2024-06-11 12:49:00-04:00,12.90999984741211,12.90999984741211,12.90999984741211,12.90999984741211,141,0.0,0.0
2024-06-11 12:50:00-04:00,12.90999984741211,12.90999984741211,12.90999984741211,12.90999984741211,258,0.0,0.0
2024-06-11 12:51:00-04:00,12.920000076293945,12.920000076293945,12.90999984741211,12.90999984741211,1170,0.0,0.0
2024-06-11 12:52:00-04:00,12.90999984741211,12.90999984741211,12.90999984741211,12.90999984741211,223,0.0,0.0
2024-06-11 12:54:00-04:00,12.904999732971191,12.904999732971191,12.890000343322754,12.890000343322754,1422,0.0,0.0
2024-06-11 12:57:00-04:00,12.880000114440918,12.880000114440918,12.84000015258789,12.875,5103,0.0,0.0
2024-06-11 12:58:00-04:00,12.864999771118164,12.880000114440918,12.864999771118164,12.864999771118164,3021,0.0,0.0
2024-06-11 13:01:00-04:00,12.850000381469727,12.854999542236328,12.84000015258789,12.854999542236328,542,0.0,0.0
2024-06-11 13:02:00-04:00,12.869999885559082,12.869999885559082,12.869999885559082,12.869999885559082,2268,0.0,0.0
2024-06-11 13:03:00-04:00,12.849699974060059,12.849699974060059,12.849699974060059,12.849699974060059,983,0.0,0.0
2024-06-11 13:07:00-04:00,12.850000381469727,12.850000381469727,12.850000381469727,12.850000381469727,415,0.0,0.0
2024-06-11 13:10:00-04:00,12.854999542236328,12.859999656677246,12.84000015258789,12.845000267028809,1994,0.0,0.0
2024-06-11 13:11:00-04:00,12.859999656677246,12.859999656677246,12.859999656677246,12.859999656677246,263,0.0,0.0
2024-06-11 13:12:00-04:00,12.859999656677246,12.880000114440918,12.859999656677246,12.880000114440918,2309,0.0,0.0
2024-06-11 13:13:00-04:00,12.890000343322754,12.90999984741211,12.890000343322754,12.90999984741211,1650,0.0,0.0
2024-06-11 13:14:00-04:00,12.899999618530273,12.904999732971191,12.899999618530273,12.904999732971191,456,0.0,0.0
2024-06-11 13:16:00-04:00,12.920000076293945,12.930000305175781,12.920000076293945,12.930000305175781,1676,0.0,0.0
2024-06-11 13:22:00-04:00,12.914999961853027,12.914999961853027,12.914999961853027,12.914999961853027,211,0.0,0.0
2024-06-11 13:24:00-04:00,12.920000076293945,12.920000076293945,12.899999618530273,12.899999618530273,1932,0.0,0.0
2024-06-11 13:25:00-04:00,12.899999618530273,12.899999618530273,12.880000114440918,12.880000114440918,1370,0.0,0.0
2024-06-11 13:28:00-04:00,12.880000114440918,12.880000114440918,12.880000114440918,12.880000114440918,1640,0.0,0.0
2024-06-11 13:29:00-04:00,12.890000343322754,12.899999618530273,12.890000343322754,12.890000343322754,1805,0.0,0.0
2024-06-11 13:31:00-04:00,12.930000305175781,12.960000038146973,12.930000305175781,12.960000038146973,1011,0.0,0.0
2024-06-11 13:35:00-04:00,12.989999771118164,13.0,12.989999771118164,13.0,864,0.0,0.0
2024-06-11 13:38:00-04:00,13.0,13.0,13.0,13.0,751,0.0,0.0
2024-06-11 13:39:00-04:00,13.0,13.0,13.0,13.0,223,0.0,0.0
2024-06-11 13:40:00-04:00,13.0,13.0,12.979999542236328,12.979999542236328,1580,0.0,0.0
2024-06-11 13:42:00-04:00,13.0,13.0,13.0,13.0,1241,0.0,0.0
2024-06-11 13:43:00-04:00,12.989999771118164,12.989999771118164,12.9399995803833,12.9399995803833,1334,0.0,0.0
2024-06-11 13:45:00-04:00,12.930000305175781,12.930000305175781,12.930000305175781,12.930000305175781,394,0.0,0.0
2024-06-11 13:50:00-04:00,12.960000038146973,12.960000038146973,12.944999694824219,12.944999694824219,1105,0.0,0.0
2024-06-11 13:54:00-04:00,12.9399995803833,12.9399995803833,12.880000114440918,12.880000114440918,3066,0.0,0.0
2024-06-11 13:55:00-04:00,12.880000114440918,12.880000114440918,12.880000114440918,12.880000114440918,2483,0.0,0.0
2024-06-11 13:57:00-04:00,12.890000343322754,12.890000343322754,12.890000343322754,12.890000343322754,1000,0.0,0.0
2024-06-11 13:59:00-04:00,12.880000114440918,12.880000114440918,12.869999885559082,12.869999885559082,1440,0.0,0.0
2024-06-11 14:02:00-04:00,12.875,12.875,12.875,12.875,211,0.0,0.0
2024-06-11 14:03:00-04:00,12.875,12.880000114440918,12.869999885559082,12.869999885559082,2121,0.0,0.0
2024-06-11 14:06:00-04:00,12.859999656677246,12.859999656677246,12.859999656677246,12.859999656677246,838,0.0,0.0
2024-06-11 14:08:00-04:00,12.869999885559082,12.869999885559082,12.845000267028809,12.845000267028809,1497,0.0,0.0
2024-06-11 14:09:00-04:00,12.829999923706055,12.829999923706055,12.829999923706055,12.829999923706055,162,0.0,0.0
2024-06-11 14:10:00-04:00,12.845000267028809,12.845000267028809,12.845000267028809,12.845000267028809,408,0.0,0.0
2024-06-11 14:11:00-04:00,12.829999923706055,12.829999923706055,12.829999923706055,12.829999923706055,904,0.0,0.0
2024-06-11 14:12:00-04:00,12.850000381469727,12.850000381469727,12.850000381469727,12.850000381469727,442,0.0,0.0
2024-06-11 14:13:00-04:00,12.845000267028809,12.850000381469727,12.845000267028809,12.850000381469727,220,0.0,0.0
2024-06-11 14:14:00-04:00,12.845000267028809,12.859999656677246,12.845000267028809,12.845000267028809,6229,0.0,0.0
2024-06-11 14:15:00-04:00,12.819999694824219,12.824999809265137,12.800000190734863,12.824999809265137,1773,0.0,0.0
2024-06-11 14:16:00-04:00,12.8149995803833,12.8149995803833,12.8149995803833,12.8149995803833,839,0.0,0.0
2024-06-11 14:19:00-04:00,12.8149995803833,12.8149995803833,12.800000190734863,12.800000190734863,2342,0.0,0.0
2024-06-11 14:20:00-04:00,12.819999694824219,12.819999694824219,12.819999694824219,12.819999694824219,1554,0.0,0.0
2024-06-11 14:21:00-04:00,12.819999694824219,12.90999984741211,12.819999694824219,12.899999618530273,4068,0.0,0.0
2024-06-11 14:22:00-04:00,12.90999984741211,12.90999984741211,12.90999984741211,12.90999984741211,206,0.0,0.0
2024-06-11 14:25:00-04:00,12.899999618530273,12.90999984741211,12.899999618530273,12.90999984741211,1880,0.0,0.0
2024-06-11 14:26:00-04:00,12.920000076293945,12.930000305175781,12.920000076293945,12.930000305175781,931,0.0,0.0
2024-06-11 14:28:00-04:00,12.930000305175781,12.960000038146973,12.930000305175781,12.960000038146973,1165,0.0,0.0
2024-06-11 14:29:00-04:00,12.9399995803833,12.9399995803833,12.9399995803833,12.9399995803833,600,0.0,0.0
2024-06-11 14:33:00-04:00,13.0,13.0,13.0,13.0,1177,0.0,0.0
2024-06-11 14:34:00-04:00,13.0,13.0,13.0,13.0,730,0.0,0.0
2024-06-11 14:44:00-04:00,13.020000457763672,13.020000457763672,13.020000457763672,13.020000457763672,402,0.0,0.0
2024-06-11 14:45:00-04:00,13.020000457763672,13.020000457763672,13.020000457763672,13.020000457763672,233,0.0,0.0
2024-06-11 14:47:00-04:00,13.005000114440918,13.020000457763672,13.005000114440918,13.020000457763672,611,0.0,0.0
2024-06-11 14:50:00-04:00,13.020000457763672,13.020000457763672,13.020000457763672,13.020000457763672,300,0.0,0.0
2024-06-11 14:51:00-04:00,12.989999771118164,12.989999771118164,12.949999809265137,12.949999809265137,2278,0.0,0.0
2024-06-11 14:52:00-04:00,12.960000038146973,12.960000038146973,12.960000038146973,12.960000038146973,1102,0.0,0.0
2024-06-11 14:53:00-04:00,12.96500015258789,12.96500015258789,12.96500015258789,12.96500015258789,191,0.0,0.0
2024-06-11 14:54:00-04:00,12.96500015258789,12.979999542236328,12.96500015258789,12.979999542236328,1883,0.0,0.0
2024-06-11 14:57:00-04:00,12.979999542236328,12.979999542236328,12.949999809265137,12.949999809265137,1551,0.0,0.0
2024-06-11 14:59:00-04:00,12.9399995803833,12.949999809265137,12.9399995803833,12.949999809265137,1322,0.0,0.0
2024-06-11 15:00:00-04:00,12.949999809265137,12.970000267028809,12.949999809265137,12.970000267028809,412,0.0,0.0
2024-06-11 15:02:00-04:00,12.970000267028809,12.979999542236328,12.970000267028809,12.979999542236328,1373,0.0,0.0
2024-06-11 15:07:00-04:00,12.989999771118164,13.0,12.989999771118164,13.0,2881,0.0,0.0
2024-06-11 15:10:00-04:00,13.0,13.010000228881836,13.0,13.010000228881836,1393,0.0,0.0
2024-06-11 15:11:00-04:00,13.0,13.0,12.989999771118164,12.989999771118164,2920,0.0,0.0
2024-06-11 15:12:00-04:00,12.989999771118164,12.989999771118164,12.989999771118164,12.989999771118164,724,0.0,0.0
2024-06-11 15:13:00-04:00,12.979999542236328,12.979999542236328,12.979999542236328,12.979999542236328,405,0.0,0.0
2024-06-11 15:15:00-04:00,12.975000381469727,12.975000381469727,12.975000381469727,12.975000381469727,622,0.0,0.0
2024-06-11 15:17:00-04:00,12.970000267028809,12.970000267028809,12.90999984741211,12.90999984741211,1880,0.0,0.0
2024-06-11 15:20:00-04:00,12.899999618530273,12.899999618530273,12.899999618530273,12.899999618530273,2019,0.0,0.0
2024-06-11 15:24:00-04:00,12.899999618530273,12.899999618530273,12.899999618530273,12.899999618530273,265,0.0,0.0
2024-06-11 15:29:00-04:00,12.890000343322754,12.890000343322754,12.890000343322754,12.890000343322754,2077,0.0,0.0
2024-06-11 15:31:00-04:00,12.899999618530273,12.970000267028809,12.899999618530273,12.970000267028809,6730,0.0,0.0
2024-06-11 15:32:00-04:00,12.970000267028809,12.970000267028809,12.970000267028809,12.970000267028809,382,0.0,0.0
2024-06-11 15:33:00-04:00,12.970000267028809,12.979999542236328,12.949999809265137,12.949999809265137,2131,0.0,0.0
2024-06-11 15:35:00-04:00,12.960000038146973,12.960000038146973,12.960000038146973,12.960000038146973,653,0.0,0.0
2024-06-11 15:37:00-04:00,12.960000038146973,13.003700256347656,12.960000038146973,12.989999771118164,2240,0.0,0.0
2024-06-11 15:38:00-04:00,12.979999542236328,12.979999542236328,12.970000267028809,12.970000267028809,880,0.0,0.0
2024-06-11 15:39:00-04:00,12.970000267028809,12.979999542236328,12.970000267028809,12.970000267028809,611,0.0,0.0
2024-06-11 15:41:00-04:00,12.979999542236328,12.979999542236328,12.979999542236328,12.979999542236328,954,0.0,0.0
2024-06-11 15:42:00-04:00,12.986900329589844,12.986900329589844,12.986900329589844,12.986900329589844,1382,0.0,0.0
2024-06-11 15:43:00-04:00,12.979999542236328,12.984999656677246,12.979999542236328,12.984999656677246,999,0.0,0.0
2024-06-11 15:45:00-04:00,12.984999656677246,12.984999656677246,12.975000381469727,12.979999542236328,2019,0.0,0.0
2024-06-11 15:46:00-04:00,12.979999542236328,12.979999542236328,12.979999542236328,12.979999542236328,867,0.0,0.0
2024-06-11 15:47:00-04:00,12.989999771118164,12.989999771118164,12.989999771118164,12.989999771118164,2454,0.0,0.0
2024-06-11 15:48:00-04:00,13.0,13.0,13.0,13.0,1102,0.0,0.0
2024-06-11 15:49:00-04:00,13.0,13.005000114440918,12.989999771118164,12.989999771118164,2872,0.0,0.0
2024-06-11 15:50:00-04:00,13.0,13.0,13.0,13.0,1314,0.0,0.0
2024-06-11 15:51:00-04:00,13.0,13.039999961853027,13.0,13.039999961853027,3515,0.0,0.0
2024-06-11 15:52:00-04:00,13.0600004196167,13.069999694824219,13.0600004196167,13.0600004196167,1901,0.0,0.0
2024-06-11 15:53:00-04:00,13.069999694824219,13.069999694824219,13.055000305175781,13.055000305175781,972,0.0,0.0
2024-06-11 15:54:00-04:00,13.0600004196167,13.0600004196167,13.0600004196167,13.0600004196167,690,0.0,0.0
2024-06-11 15:55:00-04:00,13.050000190734863,13.050000190734863,13.024999618530273,13.029999732971191,6868,0.0,0.0
2024-06-11 15:56:00-04:00,13.024999618530273,13.024999618530273,13.024999618530273,13.024999618530273,300,0.0,0.0
2024-06-11 15:57:00-04:00,13.024999618530273,13.029999732971191,13.020000457763672,13.020000457763672,4363,0.0,0.0
2024-06-11 15:58:00-04:00,13.020000457763672,13.020000457763672,12.989999771118164,12.994999885559082,6541,0.0,0.0
2024-06-11 15:59:00-04:00,13.0,13.005000114440918,12.979999542236328,12.984999656677246,11537,0.0,0.0
2024-06-12 09:31:00-04:00,13.25,13.25,13.25,13.25,6157,0.0,0.0
2024-06-12 09:32:00-04:00,13.25,13.25,13.25,13.25,0,0.0,0.0
2024-06-12 09:37:00-04:00,13.25,13.25,13.239999771118164,13.239999771118164,464,0.0,0.0
2024-06-12 09:39:00-04:00,13.359999656677246,13.359999656677246,13.359999656677246,13.359999656677246,362,0.0,0.0
2024-06-12 09:41:00-04:00,13.347200393676758,13.347200393676758,13.347200393676758,13.347200393676758,465,0.0,0.0
2024-06-12 09:43:00-04:00,13.369999885559082,13.369999885559082,13.369999885559082,13.369999885559082,110,0.0,0.0
2024-06-12 09:44:00-04:00,13.399999618530273,13.399999618530273,13.399999618530273,13.399999618530273,104,0.0,0.0
2024-06-12 09:45:00-04:00,13.399999618530273,13.40999984741211,13.390000343322754,13.390000343322754,1010,0.0,0.0
2024-06-12 09:46:00-04:00,13.390000343322754,13.390000343322754,13.390000343322754,13.390000343322754,200,0.0,0.0
2024-06-12 09:47:00-04:00,13.390000343322754,13.390000343322754,13.390000343322754,13.390000343322754,34,0.0,0.0
2024-06-12 09:48:00-04:00,13.390000343322754,13.449999809265137,13.390000343322754,13.399999618530273,894,0.0,0.0
2024-06-12 09:50:00-04:00,13.454999923706055,13.454999923706055,13.399999618530273,13.399999618530273,300,0.0,0.0
2024-06-12 09:51:00-04:00,13.399999618530273,13.420000076293945,13.3100004196167,13.34000015258789,2140,0.0,0.0
2024-06-12 09:52:00-04:00,13.390000343322754,13.390000343322754,13.390000343322754,13.390000343322754,244,0.0,0.0
2024-06-12 09:54:00-04:00,13.399999618530273,13.399999618530273,13.399999618530273,13.399999618530273,410,0.0,0.0
2024-06-12 09:57:00-04:00,13.399999618530273,13.40999984741211,13.399999618530273,13.40999984741211,561,0.0,0.0
2024-06-12 09:58:00-04:00,13.399999618530273,13.399999618530273,13.399999618530273,13.399999618530273,531,0.0,0.0
2024-06-12 10:00:00-04:00,13.399999618530273,13.460000038146973,13.380000114440918,13.380000114440918,2197,0.0,0.0
2024-06-12 10:01:00-04:00,13.350000381469727,13.350000381469727,13.350000381469727,13.350000381469727,666,0.0,0.0
2024-06-12 10:03:00-04:00,13.40999984741211,13.40999984741211,13.399999618530273,13.399999618530273,416,0.0,0.0
2024-06-12 10:05:00-04:00,13.380000114440918,13.380000114440918,13.380000114440918,13.380000114440918,201,0.0,0.0
2024-06-12 10:06:00-04:00,13.369999885559082,13.369999885559082,13.369999885559082,13.369999885559082,109,0.0,0.0
2024-06-12 10:07:00-04:00,13.369999885559082,13.369999885559082,13.350000381469727,13.350000381469727,982,0.0,0.0
2024-06-12 10:10:00-04:00,13.3100004196167,13.3100004196167,13.3100004196167,13.3100004196167,200,0.0,0.0
2024-06-12 10:11:00-04:00,13.34000015258789,13.34000015258789,13.34000015258789,13.34000015258789,8,0.0,0.0
2024-06-12 10:12:00-04:00,13.34000015258789,13.34000015258789,13.34000015258789,13.34000015258789,200,0.0,0.0
2024-06-12 10:13:00-04:00,13.420000076293945,13.420000076293945,13.420000076293945,13.420000076293945,2,0.0,0.0
2024-06-12 10:14:00-04:00,13.359999656677246,13.359999656677246,13.359999656677246,13.359999656677246,260,0.0,0.0
2024-06-12 10:17:00-04:00,13.319999694824219,13.319999694824219,13.319999694824219,13.319999694824219,201,0.0,0.0
2024-06-12 10:20:00-04:00,13.3100004196167,13.3100004196167,13.3100004196167,13.3100004196167,212,0.0,0.0
2024-06-12 10:23:00-04:00,13.3100004196167,13.3100004196167,13.300000190734863,13.300000190734863,1318,0.0,0.0
2024-06-12 10:24:00-04:00,13.305000305175781,13.34000015258789,13.305000305175781,13.34000015258789,1322,0.0,0.0
2024-06-12 10:25:00-04:00,13.324999809265137,13.324999809265137,13.289999961853027,13.289999961853027,451,0.0,0.0
2024-06-12 10:28:00-04:00,13.324999809265137,13.324999809265137,13.300000190734863,13.300000190734863,235,0.0,0.0
2024-06-12 10:30:00-04:00,13.300000190734863,13.300000190734863,13.300000190734863,13.300000190734863,1616,0.0,0.0
2024-06-12 10:33:00-04:00,13.289999961853027,13.289999961853027,13.289999961853027,13.289999961853027,139,0.0,0.0
2024-06-12 10:36:00-04:00,13.34000015258789,13.34000015258789,13.289999961853027,13.289999961853027,861,0.0,0.0
2024-06-12 10:38:00-04:00,13.305000305175781,13.305000305175781,13.305000305175781,13.305000305175781,267,0.0,0.0
2024-06-12 10:40:00-04:00,13.289999961853027,13.289999961853027,13.279999732971191,13.279999732971191,795,0.0,0.0
2024-06-12 10:42:00-04:00,13.289999961853027,13.289999961853027,13.270000457763672,13.270000457763672,391,0.0,0.0
2024-06-12 10:44:00-04:00,13.270000457763672,13.270000457763672,13.270000457763672,13.270000457763672,200,0.0,0.0
2024-06-12 10:45:00-04:00,13.260000228881836,13.260000228881836,13.260000228881836,13.260000228881836,263,0.0,0.0
2024-06-12 10:47:00-04:00,13.260000228881836,13.289999961853027,13.260000228881836,13.289999961853027,808,0.0,0.0
2024-06-12 10:48:00-04:00,13.319999694824219,13.319999694824219,13.319999694824219,13.319999694824219,313,0.0,0.0
2024-06-12 10:49:00-04:00,13.322500228881836,13.322500228881836,13.322500228881836,13.322500228881836,316,0.0,0.0
2024-06-12 10:52:00-04:00,13.34000015258789,13.34000015258789,13.34000015258789,13.34000015258789,933,0.0,0.0
2024-06-12 10:55:00-04:00,13.359999656677246,13.395000457763672,13.34000015258789,13.395000457763672,823,0.0,0.0
2024-06-12 10:58:00-04:00,13.429400444030762,13.429400444030762,13.399999618530273,13.399999618530273,2746,0.0,0.0
2024-06-12 11:00:00-04:00,13.369999885559082,13.369999885559082,13.369999885559082,13.369999885559082,340,0.0,0.0
2024-06-12 11:01:00-04:00,13.430000305175781,13.430000305175781,13.399999618530273,13.399999618530273,1725,0.0,0.0
2024-06-12 11:04:00-04:00,13.399999618530273,13.399999618530273,13.399999618530273,13.399999618530273,710,0.0,0.0
2024-06-12 11:05:00-04:00,13.399999618530273,13.40999984741211,13.399999618530273,13.399999618530273,1480,0.0,0.0
2024-06-12 11:07:00-04:00,13.399999618530273,13.399999618530273,13.399999618530273,13.399999618530273,292,0.0,0.0
2024-06-12 11:11:00-04:00,13.399999618530273,13.399999618530273,13.399999618530273,13.399999618530273,435,0.0,0.0
2024-06-12 11:14:00-04:00,13.399999618530273,13.399999618530273,13.399999618530273,13.399999618530273,279,0.0,0.0
2024-06-12 11:15:00-04:00,13.399999618530273,13.399999618530273,13.390000343322754,13.399999618530273,2555,0.0,0.0
2024-06-12 11:16:00-04:00,13.399999618530273,13.430000305175781,13.390000343322754,13.390000343322754,1304,0.0,0.0
2024-06-12 11:17:00-04:00,13.399999618530273,13.399999618530273,13.399999618530273,13.399999618530273,310,0.0,0.0
2024-06-12 11:19:00-04:00,13.380000114440918,13.380000114440918,13.380000114440918,13.380000114440918,122,0.0,0.0
2024-06-12 11:20:00-04:00,13.380000114440918,13.380000114440918,13.380000114440918,13.380000114440918,460,0.0,0.0
2024-06-12 11:23:00-04:00,13.380000114440918,13.380000114440918,13.380000114440918,13.380000114440918,465,0.0,0.0
2024-06-12 11:26:00-04:00,13.395000457763672,13.40999984741211,13.380000114440918,13.380000114440918,2370,0.0,0.0
2024-06-12 11:27:00-04:00,13.395000457763672,13.395000457763672,13.395000457763672,13.395000457763672,382,0.0,0.0
2024-06-12 11:30:00-04:00,13.390000343322754,13.390000343322754,13.390000343322754,13.390000343322754,813,0.0,0.0
2024-06-12 11:34:00-04:00,13.369999885559082,13.375,13.369999885559082,13.375,685,0.0,0.0
2024-06-12 11:35:00-04:00,13.329999923706055,13.329999923706055,13.329999923706055,13.329999923706055,153,0.0,0.0
2024-06-12 11:39:00-04:00,13.329999923706055,13.369999885559082,13.329999923706055,13.350000381469727,1882,0.0,0.0
2024-06-12 11:42:00-04:00,13.34000015258789,13.350000381469727,13.25,13.25,1881,0.0,0.0
2024-06-12 11:43:00-04:00,13.260000228881836,13.260000228881836,13.260000228881836,13.260000228881836,262,0.0,0.0
2024-06-12 11:45:00-04:00,13.300000190734863,13.300000190734863,13.28499984741211,13.300000190734863,2208,0.0,0.0
2024-06-12 11:46:00-04:00,13.260000228881836,13.260000228881836,13.260000228881836,13.260000228881836,540,0.0,0.0
2024-06-12 11:50:00-04:00,13.1899995803833,13.1899995803833,13.1899995803833,13.1899995803833,231,0.0,0.0
2024-06-12 11:51:00-04:00,13.220000267028809,13.220000267028809,13.220000267028809,13.220000267028809,386,0.0,0.0
2024-06-12 11:53:00-04:00,13.210000038146973,13.210000038146973,13.210000038146973,13.210000038146973,207,0.0,0.0
2024-06-12 11:58:00-04:00,13.199999809265137,13.199999809265137,13.149999618530273,13.149999618530273,1398,0.0,0.0
2024-06-12 12:00:00-04:00,13.140000343322754,13.140000343322754,13.140000343322754,13.140000343322754,558,0.0,0.0
2024-06-12 12:05:00-04:00,13.140000343322754,13.140000343322754,13.140000343322754,13.140000343322754,220,0.0,0.0
2024-06-12 12:08:00-04:00,13.100000381469727,13.100000381469727,13.100000381469727,13.100000381469727,602,0.0,0.0
2024-06-12 12:10:00-04:00,13.029999732971191,13.029999732971191,13.029999732971191,13.029999732971191,354,0.0,0.0
2024-06-12 12:14:00-04:00,13.020000457763672,13.020000457763672,13.010000228881836,13.020000457763672,1880,0.0,0.0
2024-06-12 12:16:00-04:00,12.994999885559082,12.994999885559082,12.920000076293945,12.954999923706055,33535,0.0,0.0
2024-06-12 12:17:00-04:00,12.9350004196167,13.050000190734863,12.9350004196167,13.029999732971191,4111,0.0,0.0
2024-06-12 12:18:00-04:00,13.069999694824219,13.069999694824219,13.0600004196167,13.0600004196167,1104,0.0,0.0
2024-06-12 12:19:00-04:00,13.069999694824219,13.069999694824219,13.069999694824219,13.069999694824219,909,0.0,0.0
2024-06-12 12:23:00-04:00,13.140000343322754,13.140000343322754,13.140000343322754,13.140000343322754,373,0.0,0.0
2024-06-12 12:24:00-04:00,13.149999618530273,13.149999618530273,13.149999618530273,13.149999618530273,109,0.0,0.0
2024-06-12 12:25:00-04:00,13.149999618530273,13.149999618530273,13.149999618530273,13.149999618530273,326,0.0,0.0
2024-06-12 12:26:00-04:00,13.15999984741211,13.15999984741211,13.15999984741211,13.15999984741211,793,0.0,0.0
2024-06-12 12:31:00-04:00,13.130000114440918,13.130000114440918,13.050000190734863,13.050000190734863,2137,0.0,0.0
2024-06-12 12:36:00-04:00,13.020000457763672,13.020000457763672,13.010000228881836,13.010000228881836,1240,0.0,0.0
2024-06-12 12:37:00-04:00,13.020000457763672,13.020000457763672,13.020000457763672,13.020000457763672,122,0.0,0.0
2024-06-12 12:38:00-04:00,13.029999732971191,13.0600004196167,13.015000343322754,13.0600004196167,2194,0.0,0.0
2024-06-12 12:41:00-04:00,13.003899574279785,13.003899574279785,13.003899574279785,13.003899574279785,1343,0.0,0.0
2024-06-12 12:42:00-04:00,13.0,13.0,12.994999885559082,12.994999885559082,2218,0.0,0.0
2024-06-12 12:44:00-04:00,13.0,13.0,13.0,13.0,902,0.0,0.0
2024-06-12 12:47:00-04:00,13.020000457763672,13.020000457763672,13.020000457763672,13.020000457763672,748,0.0,0.0
2024-06-12 12:49:00-04:00,13.029999732971191,13.029999732971191,13.029999732971191,13.029999732971191,354,0.0,0.0
2024-06-12 12:50:00-04:00,13.029999732971191,13.029999732971191,13.010000228881836,13.010000228881836,1226,0.0,0.0
2024-06-12 12:53:00-04:00,13.010000228881836,13.010000228881836,13.010000228881836,13.010000228881836,1055,0.0,0.0
2024-06-12 12:57:00-04:00,13.0,13.0,12.920000076293945,12.920000076293945,3106,0.0,0.0
2024-06-12 12:58:00-04:00,12.9399995803833,12.9399995803833,12.9399995803833,12.9399995803833,978,0.0,0.0
2024-06-12 13:00:00-04:00,12.970000267028809,12.970000267028809,12.970000267028809,12.970000267028809,1161,0.0,0.0
2024-06-12 13:01:00-04:00,12.979999542236328,12.989999771118164,12.979999542236328,12.989999771118164,713,0.0,0.0
2024-06-12 13:04:00-04:00,12.949999809265137,12.949999809265137,12.949999809265137,12.949999809265137,394,0.0,0.0
2024-06-12 13:06:00-04:00,12.970000267028809,12.970000267028809,12.944999694824219,12.944999694824219,398,0.0,0.0
2024-06-12 13:07:00-04:00,12.9399995803833,12.9399995803833,12.9399995803833,12.9399995803833,336,0.0,0.0
2024-06-12 13:11:00-04:00,12.9399995803833,12.9399995803833,12.930000305175781,12.9399995803833,921,0.0,0.0
2024-06-12 13:15:00-04:00,12.9350004196167,12.9350004196167,12.9350004196167,12.9350004196167,584,0.0,0.0
2024-06-12 13:18:00-04:00,12.9350004196167,12.9350004196167,12.880000114440918,12.880000114440918,1367,0.0,0.0
2024-06-12 13:23:00-04:00,12.854999542236328,12.854999542236328,12.854999542236328,12.854999542236328,1580,0.0,0.0
2024-06-12 13:24:00-04:00,12.845000267028809,12.845000267028809,12.795000076293945,12.829999923706055,3170,0.0,0.0
2024-06-12 13:25:00-04:00,12.84000015258789,12.845000267028809,12.829999923706055,12.845000267028809,575,0.0,0.0
2024-06-12 13:27:00-04:00,12.869999885559082,12.869999885559082,12.869999885559082,12.869999885559082,432,0.0,0.0
2024-06-12 13:30:00-04:00,12.850000381469727,12.850000381469727,12.850000381469727,12.850000381469727,434,0.0,0.0
2024-06-12 13:32:00-04:00,12.819999694824219,12.819999694824219,12.779999732971191,12.779999732971191,1598,0.0,0.0
2024-06-12 13:35:00-04:00,12.8100004196167,12.8100004196167,12.8100004196167,12.8100004196167,501,0.0,0.0
2024-06-12 13:39:00-04:00,12.789999961853027,12.800000190734863,12.779999732971191,12.789999961853027,1442,0.0,0.0
2024-06-12 13:40:00-04:00,12.800000190734863,12.8100004196167,12.800000190734863,12.8100004196167,793,0.0,0.0
2024-06-12 13:44:00-04:00,12.8149995803833,12.8149995803833,12.8149995803833,12.8149995803833,300,0.0,0.0
2024-06-12 13:46:00-04:00,12.800000190734863,12.800000190734863,12.800000190734863,12.800000190734863,200,0.0,0.0
2024-06-12 13:47:00-04:00,12.800000190734863,12.800000190734863,12.800000190734863,12.800000190734863,233,0.0,0.0
2024-06-12 13:49:00-04:00,12.8100004196167,12.8100004196167,12.8100004196167,12.8100004196167,804,0.0,0.0
2024-06-12 13:51:00-04:00,12.800000190734863,12.800000190734863,12.800000190734863,12.800000190734863,767,0.0,0.0
2024-06-12 13:53:00-04:00,12.770000457763672,12.770000457763672,12.770000457763672,12.770000457763672,776,0.0,0.0
2024-06-12 13:55:00-04:00,12.760000228881836,12.760000228881836,12.760000228881836,12.760000228881836,590,0.0,0.0
2024-06-12 14:00:00-04:00,12.739999771118164,12.760000228881836,12.670000076293945,12.680000305175781,2723,0.0,0.0
2024-06-12 14:01:00-04:00,12.680000305175781,12.75,12.680000305175781,12.729999542236328,2811,0.0,0.0
2024-06-12 14:02:00-04:00,12.760000228881836,12.789999961853027,12.739999771118164,12.744999885559082,3347,0.0,0.0
2024-06-12 14:03:00-04:00,12.760000228881836,12.760000228881836,12.75,12.75,796,0.0,0.0
2024-06-12 14:04:00-04:00,12.710000038146973,12.742500305175781,12.710000038146973,12.720000267028809,1900,0.0,0.0
2024-06-12 14:05:00-04:00,12.717499732971191,12.717499732971191,12.717499732971191,12.717499732971191,0,0.0,0.0
2024-06-12 14:07:00-04:00,12.710000038146973,12.710000038146973,12.6899995803833,12.6899995803833,872,0.0,0.0
2024-06-12 14:08:00-04:00,12.6850004196167,12.6850004196167,12.6850004196167,12.6850004196167,684,0.0,0.0
2024-06-12 14:10:00-04:00,12.710000038146973,12.720000267028809,12.6899995803833,12.71500015258789,1329,0.0,0.0
2024-06-12 14:13:00-04:00,12.704999923706055,12.720000267028809,12.704999923706055,12.710000038146973,1771,0.0,0.0
2024-06-12 14:16:00-04:00,12.729999542236328,12.789999961853027,12.729999542236328,12.789999961853027,2955,0.0,0.0
2024-06-12 14:18:00-04:00,12.819999694824219,12.819999694824219,12.819999694824219,12.819999694824219,289,0.0,0.0
2024-06-12 14:19:00-04:00,12.800000190734863,12.800000190734863,12.765000343322754,12.765000343322754,1613,0.0,0.0
2024-06-12 14:20:00-04:00,12.760000228881836,12.760000228881836,12.760000228881836,12.760000228881836,125,0.0,0.0
2024-06-12 14:21:00-04:00,12.760000228881836,12.760000228881836,12.760000228881836,12.760000228881836,829,0.0,0.0
2024-06-12 14:27:00-04:00,12.760000228881836,12.760000228881836,12.760000228881836,12.760000228881836,1325,0.0,0.0
2024-06-12 14:31:00-04:00,12.739999771118164,12.760000228881836,12.739999771118164,12.760000228881836,575,0.0,0.0
2024-06-12 14:32:00-04:00,12.75,12.75,12.71500015258789,12.71500015258789,2204,0.0,0.0
2024-06-12 14:37:00-04:00,12.739999771118164,12.739999771118164,12.720000267028809,12.739999771118164,1514,0.0,0.0
2024-06-12 14:40:00-04:00,12.75,12.760000228881836,12.75,12.760000228881836,3218,0.0,0.0
2024-06-12 14:41:00-04:00,12.720000267028809,12.720000267028809,12.710000038146973,12.710000038146973,649,0.0,0.0
2024-06-12 14:42:00-04:00,12.720000267028809,12.720000267028809,12.720000267028809,12.720000267028809,831,0.0,0.0
2024-06-12 14:43:00-04:00,12.710000038146973,12.710000038146973,12.710000038146973,12.710000038146973,708,0.0,0.0
2024-06-12 14:44:00-04:00,12.710000038146973,12.710000038146973,12.680000305175781,12.680000305175781,799,0.0,0.0
2024-06-12 14:45:00-04:00,12.654999732971191,12.654999732971191,12.654999732971191,12.654999732971191,978,0.0,0.0
2024-06-12 14:47:00-04:00,12.6225004196167,12.649999618530273,12.6225004196167,12.649999618530273,943,0.0,0.0
2024-06-12 14:50:00-04:00,12.670000076293945,12.670000076293945,12.65999984741211,12.65999984741211,1272,0.0,0.0
2024-06-12 14:52:00-04:00,12.619999885559082,12.630000114440918,12.619999885559082,12.630000114440918,306,0.0,0.0
2024-06-12 14:53:00-04:00,12.609999656677246,12.619999885559082,12.609999656677246,12.619999885559082,369,0.0,0.0
2024-06-12 14:54:00-04:00,12.619999885559082,12.619999885559082,12.520000457763672,12.520000457763672,1256,0.0,0.0
2024-06-12 14:55:00-04:00,12.5600004196167,12.5600004196167,12.53499984741211,12.53499984741211,881,0.0,0.0
2024-06-12 14:56:00-04:00,12.5600004196167,12.5600004196167,12.5600004196167,12.5600004196167,386,0.0,0.0
2024-06-12 14:57:00-04:00,12.569999694824219,12.569999694824219,12.569999694824219,12.569999694824219,626,0.0,0.0
2024-06-12 14:59:00-04:00,12.5600004196167,12.5600004196167,12.550000190734863,12.550000190734863,748,0.0,0.0
2024-06-12 15:00:00-04:00,12.585000038146973,12.585000038146973,12.585000038146973,12.585000038146973,538,0.0,0.0
2024-06-12 15:01:00-04:00,12.609999656677246,12.710000038146973,12.609999656677246,12.710000038146973,3201,0.0,0.0
2024-06-12 15:03:00-04:00,12.680000305175781,12.680000305175781,12.680000305175781,12.680000305175781,729,0.0,0.0
2024-06-12 15:05:00-04:00,12.670000076293945,12.670000076293945,12.649999618530273,12.654999732971191,2262,0.0,0.0
2024-06-12 15:06:00-04:00,12.654999732971191,12.654999732971191,12.654999732971191,12.654999732971191,319,0.0,0.0
2024-06-12 15:08:00-04:00,12.670000076293945,12.670000076293945,12.670000076293945,12.670000076293945,1201,0.0,0.0
2024-06-12 15:09:00-04:00,12.6899995803833,12.710000038146973,12.6899995803833,12.710000038146973,1035,0.0,0.0
2024-06-12 15:11:00-04:00,12.720000267028809,12.75,12.720000267028809,12.75,2180,0.0,0.0
2024-06-12 15:12:00-04:00,12.729999542236328,12.729999542236328,12.710000038146973,12.710000038146973,876,0.0,0.0
2024-06-12 15:13:00-04:00,12.710000038146973,12.710000038146973,12.710000038146973,12.710000038146973,1559,0.0,0.0
2024-06-12 15:15:00-04:00,12.739999771118164,12.739999771118164,12.739999771118164,12.739999771118164,625,0.0,0.0
2024-06-12 15:16:00-04:00,12.729999542236328,12.729999542236328,12.729999542236328,12.729999542236328,1409,0.0,0.0
2024-06-12 15:17:00-04:00,12.710000038146973,12.710000038146973,12.710000038146973,12.710000038146973,811,0.0,0.0
2024-06-12 15:18:00-04:00,12.6899995803833,12.6899995803833,12.6850004196167,12.6899995803833,1787,0.0,0.0
2024-06-12 15:19:00-04:00,12.699999809265137,12.699999809265137,12.699999809265137,12.699999809265137,1388,0.0,0.0
2024-06-12 15:22:00-04:00,12.675000190734863,12.675000190734863,12.670000076293945,12.670000076293945,457,0.0,0.0
2024-06-12 15:23:00-04:00,12.640000343322754,12.640000343322754,12.640000343322754,12.640000343322754,1359,0.0,0.0
2024-06-12 15:25:00-04:00,12.569999694824219,12.574999809265137,12.569999694824219,12.574999809265137,674,0.0,0.0
2024-06-12 15:26:00-04:00,12.569999694824219,12.579999923706055,12.5600004196167,12.579999923706055,1954,0.0,0.0
2024-06-12 15:27:00-04:00,12.555000305175781,12.555000305175781,12.539999961853027,12.539999961853027,1465,0.0,0.0
2024-06-12 15:29:00-04:00,12.489999771118164,12.489999771118164,12.489999771118164,12.489999771118164,261,0.0,0.0
2024-06-12 15:30:00-04:00,12.454999923706055,12.460000038146973,12.454999923706055,12.460000038146973,1450,0.0,0.0
2024-06-12 15:32:00-04:00,12.460000038146973,12.460000038146973,12.449999809265137,12.460000038146973,1222,0.0,0.0
2024-06-12 15:33:00-04:00,12.475000381469727,12.475000381469727,12.470000267028809,12.470000267028809,339,0.0,0.0
2024-06-12 15:34:00-04:00,12.479999542236328,12.479999542236328,12.479999542236328,12.479999542236328,548,0.0,0.0
2024-06-12 15:35:00-04:00,12.449999809265137,12.46500015258789,12.449999809265137,12.46500015258789,1189,0.0,0.0
2024-06-12 15:36:00-04:00,12.479999542236328,12.520000457763672,12.479999542236328,12.520000457763672,2072,0.0,0.0
2024-06-12 15:37:00-04:00,12.529999732971191,12.529999732971191,12.505000114440918,12.507499694824219,2955,0.0,0.0
2024-06-12 15:40:00-04:00,12.449999809265137,12.449999809265137,12.449999809265137,12.449999809265137,995,0.0,0.0
2024-06-12 15:41:00-04:00,12.460000038146973,12.470000267028809,12.444999694824219,12.444999694824219,1821,0.0,0.0
2024-06-12 15:42:00-04:00,12.4399995803833,12.460000038146973,12.4399995803833,12.460000038146973,2372,0.0,0.0
2024-06-12 15:45:00-04:00,12.460000038146973,12.479999542236328,12.460000038146973,12.479999542236328,2773,0.0,0.0
2024-06-12 15:47:00-04:00,12.484999656677246,12.484999656677246,12.484999656677246,12.484999656677246,580,0.0,0.0
2024-06-12 15:49:00-04:00,12.489999771118164,12.489999771118164,12.489999771118164,12.489999771118164,806,0.0,0.0
2024-06-12 15:50:00-04:00,12.505000114440918,12.524999618530273,12.505000114440918,12.520000457763672,2224,0.0,0.0
2024-06-12 15:51:00-04:00,12.494999885559082,12.505000114440918,12.489999771118164,12.5,2835,0.0,0.0
2024-06-12 15:52:00-04:00,12.515000343322754,12.520000457763672,12.515000343322754,12.520000457763672,1102,0.0,0.0
2024-06-12 15:53:00-04:00,12.529999732971191,12.53499984741211,12.529999732971191,12.53499984741211,721,0.0,0.0
2024-06-12 15:54:00-04:00,12.539999961853027,12.539999961853027,12.524999618530273,12.539999961853027,2746,0.0,0.0
2024-06-12 15:55:00-04:00,12.579999923706055,12.59000015258789,12.579999923706055,12.579999923706055,1113,0.0,0.0
2024-06-12 15:56:00-04:00,12.59000015258789,12.59000015258789,12.579999923706055,12.59000015258789,1989,0.0,0.0
2024-06-12 15:57:00-04:00,12.579999923706055,12.600000381469727,12.579999923706055,12.600000381469727,3248,0.0,0.0
2024-06-12 15:58:00-04:00,12.609999656677246,12.614999771118164,12.604999542236328,12.609999656677246,4020,0.0,0.0
2024-06-12 15:59:00-04:00,12.604999542236328,12.619999885559082,12.600000381469727,12.600000381469727,5988,0.0,0.0
2024-06-13 09:30:00-04:00,12.489999771118164,12.489999771118164,12.489999771118164,12.489999771118164,1076,0.0,0.0
2024-06-13 09:32:00-04:00,12.59000015258789,12.59000015258789,12.59000015258789,12.59000015258789,361,0.0,0.0
2024-06-13 09:33:00-04:00,12.59000015258789,12.59000015258789,12.59000015258789,12.59000015258789,229,0.0,0.0
2024-06-13 09:39:00-04:00,12.770000457763672,12.770000457763672,12.770000457763672,12.770000457763672,690,0.0,0.0
2024-06-13 09:42:00-04:00,12.90999984741211,12.930000305175781,12.859999656677246,12.930000305175781,1836,0.0,0.0
2024-06-13 09:44:00-04:00,12.90999984741211,12.90999984741211,12.90999984741211,12.90999984741211,102,0.0,0.0
2024-06-13 09:45:00-04:00,13.039999961853027,13.039999961853027,12.949999809265137,12.949999809265137,1175,0.0,0.0
2024-06-13 09:46:00-04:00,12.9350004196167,12.9350004196167,12.9350004196167,12.9350004196167,467,0.0,0.0
2024-06-13 09:52:00-04:00,12.9399995803833,13.0,12.9399995803833,13.0,1947,0.0,0.0
2024-06-13 09:56:00-04:00,13.020000457763672,13.020000457763672,13.020000457763672,13.020000457763672,328,0.0,0.0
2024-06-13 09:57:00-04:00,13.015000343322754,13.015000343322754,13.015000343322754,13.015000343322754,390,0.0,0.0
2024-06-13 09:58:00-04:00,13.015000343322754,13.015000343322754,13.015000343322754,13.015000343322754,184,0.0,0.0
2024-06-13 09:59:00-04:00,12.9399995803833,12.9399995803833,12.9399995803833,12.9399995803833,273,0.0,0.0
2024-06-13 10:00:00-04:00,12.9399995803833,12.944999694824219,12.84000015258789,12.84000015258789,3415,0.0,0.0
2024-06-13 10:01:00-04:00,12.869999885559082,12.880000114440918,12.869999885559082,12.880000114440918,1558,0.0,0.0
2024-06-13 10:10:00-04:00,12.914999961853027,12.914999961853027,12.914999961853027,12.914999961853027,382,0.0,0.0
2024-06-13 10:11:00-04:00,12.880000114440918,12.880000114440918,12.859999656677246,12.859999656677246,1007,0.0,0.0
2024-06-13 10:12:00-04:00,12.84000015258789,12.84000015258789,12.84000015258789,12.84000015258789,401,0.0,0.0
2024-06-13 10:14:00-04:00,12.890000343322754,12.890000343322754,12.890000343322754,12.890000343322754,292,0.0,0.0
2024-06-13 10:15:00-04:00,12.850000381469727,12.850000381469727,12.850000381469727,12.850000381469727,205,0.0,0.0
2024-06-13 10:16:00-04:00,12.819999694824219,12.819999694824219,12.819999694824219,12.819999694824219,454,0.0,0.0
2024-06-13 10:17:00-04:00,12.789999961853027,12.789999961853027,12.789999961853027,12.789999961853027,437,0.0,0.0
2024-06-13 10:19:00-04:00,12.765000343322754,12.765000343322754,12.765000343322754,12.765000343322754,898,0.0,0.0
2024-06-13 10:22:00-04:00,12.8100004196167,12.8100004196167,12.8100004196167,12.8100004196167,705,0.0,0.0
2024-06-13 10:25:00-04:00,12.770000457763672,12.770000457763672,12.770000457763672,12.770000457763672,306,0.0,0.0
2024-06-13 10:26:00-04:00,12.739999771118164,12.739999771118164,12.720000267028809,12.739999771118164,1588,0.0,0.0
2024-06-13 10:28:00-04:00,12.694999694824219,12.75,12.694999694824219,12.734999656677246,15790,0.0,0.0
2024-06-13 10:29:00-04:00,12.710000038146973,12.710000038146973,12.710000038146973,12.710000038146973,221,0.0,0.0
2024-06-13 10:31:00-04:00,12.739999771118164,12.739999771118164,12.739999771118164,12.739999771118164,120,0.0,0.0
2024-06-13 10:32:00-04:00,12.710000038146973,12.710000038146973,12.699999809265137,12.704999923706055,1500,0.0,0.0
2024-06-13 10:37:00-04:00,12.6899995803833,12.710000038146973,12.6850004196167,12.710000038146973,1639,0.0,0.0
2024-06-13 10:49:00-04:00,12.760000228881836,12.760000228881836,12.760000228881836,12.760000228881836,325,0.0,0.0
2024-06-13 10:52:00-04:00,12.8100004196167,12.8100004196167,12.8100004196167,12.8100004196167,134,0.0,0.0
2024-06-13 10:53:00-04:00,12.859999656677246,12.859999656677246,12.859999656677246,12.859999656677246,300,0.0,0.0
2024-06-13 10:55:00-04:00,12.859999656677246,12.859999656677246,12.850000381469727,12.850000381469727,4489,0.0,0.0
2024-06-13 10:56:00-04:00,12.850000381469727,12.850000381469727,12.850000381469727,12.850000381469727,496,0.0,0.0
2024-06-13 10:57:00-04:00,12.829999923706055,12.829999923706055,12.819999694824219,12.819999694824219,3023,0.0,0.0
2024-06-13 11:23:00-04:00,12.710000038146973,12.710000038146973,12.710000038146973,12.710000038146973,200,0.0,0.0
2024-06-13 11:24:00-04:00,12.699999809265137,12.699999809265137,12.699999809265137,12.699999809265137,1032,0.0,0.0
2024-06-13 11:39:00-04:00,12.720000267028809,12.720000267028809,12.680000305175781,12.680000305175781,1046,0.0,0.0
2024-06-13 11:51:00-04:00,12.6850004196167,12.6850004196167,12.6850004196167,12.6850004196167,317,0.0,0.0
2024-06-13 11:52:00-04:00,12.710000038146973,12.710000038146973,12.710000038146973,12.710000038146973,613,0.0,0.0
2024-06-13 11:54:00-04:00,12.704999923706055,12.704999923706055,12.704999923706055,12.704999923706055,137,0.0,0.0
2024-06-13 12:00:00-04:00,12.71500015258789,12.71500015258789,12.71500015258789,12.71500015258789,200,0.0,0.0
2024-06-13 12:01:00-04:00,12.71500015258789,12.71500015258789,12.71500015258789,12.71500015258789,100,0.0,0.0
2024-06-13 12:02:00-04:00,12.694999694824219,12.694999694824219,12.694999694824219,12.694999694824219,255,0.0,0.0
2024-06-13 12:04:00-04:00,12.699999809265137,12.699999809265137,12.699999809265137,12.699999809265137,318,0.0,0.0
2024-06-13 12:09:00-04:00,12.6899995803833,12.6899995803833,12.6899995803833,12.6899995803833,505,0.0,0.0
2024-06-13 12:11:00-04:00,12.710000038146973,12.720000267028809,12.710000038146973,12.720000267028809,586,0.0,0.0
2024-06-13 12:12:00-04:00,12.760000228881836,12.760000228881836,12.729999542236328,12.729999542236328,2322,0.0,0.0
2024-06-13 12:13:00-04:00,12.739999771118164,12.739999771118164,12.739999771118164,12.739999771118164,509,0.0,0.0
2024-06-13 12:15:00-04:00,12.720000267028809,12.720000267028809,12.720000267028809,12.720000267028809,200,0.0,0.0
2024-06-13 12:16:00-04:00,12.729999542236328,12.729999542236328,12.729999542236328,12.729999542236328,248,0.0,0.0
2024-06-13 12:20:00-04:00,12.720000267028809,12.720000267028809,12.720000267028809,12.720000267028809,332,0.0,0.0
2024-06-13 12:21:00-04:00,12.720000267028809,12.720000267028809,12.720000267028809,12.720000267028809,818,0.0,0.0
2024-06-13 12:24:00-04:00,12.600000381469727,12.600000381469727,12.600000381469727,12.600000381469727,249,0.0,0.0
2024-06-13 12:25:00-04:00,12.609999656677246,12.609999656677246,12.609999656677246,12.609999656677246,546,0.0,0.0
2024-06-13 12:28:00-04:00,12.600000381469727,12.600000381469727,12.600000381469727,12.600000381469727,400,0.0,0.0
2024-06-13 12:29:00-04:00,12.625,12.625,12.625,12.625,17,0.0,0.0
2024-06-13 12:31:00-04:00,12.649999618530273,12.65999984741211,12.649999618530273,12.65999984741211,582,0.0,0.0
2024-06-13 12:38:00-04:00,12.649999618530273,12.65999984741211,12.649999618530273,12.65999984741211,759,0.0,0.0
2024-06-13 12:41:00-04:00,12.6899995803833,12.6899995803833,12.6899995803833,12.6899995803833,787,0.0,0.0
2024-06-13 12:46:00-04:00,12.725000381469727,12.725000381469727,12.725000381469727,12.725000381469727,1734,0.0,0.0
2024-06-13 12:52:00-04:00,12.760000228881836,12.760000228881836,12.760000228881836,12.760000228881836,139,0.0,0.0
2024-06-13 12:56:00-04:00,12.789999961853027,12.789999961853027,12.789999961853027,12.789999961853027,736,0.0,0.0
2024-06-13 12:57:00-04:00,12.75,12.760000228881836,12.75,12.760000228881836,1491,0.0,0.0
2024-06-13 12:58:00-04:00,12.7568998336792,12.800000190734863,12.7568998336792,12.800000190734863,6004,0.0,0.0
2024-06-13 13:02:00-04:00,12.800000190734863,12.800000190734863,12.800000190734863,12.800000190734863,1458,0.0,0.0
2024-06-13 13:04:00-04:00,12.760000228881836,12.760000228881836,12.760000228881836,12.760000228881836,1133,0.0,0.0
2024-06-13 13:13:00-04:00,12.729999542236328,12.770000457763672,12.729999542236328,12.770000457763672,1345,0.0,0.0
2024-06-13 13:15:00-04:00,12.760000228881836,12.760000228881836,12.760000228881836,12.760000228881836,755,0.0,0.0
2024-06-13 13:19:00-04:00,12.720000267028809,12.720000267028809,12.720000267028809,12.720000267028809,134,0.0,0.0
2024-06-13 13:22:00-04:00,12.710000038146973,12.710000038146973,12.710000038146973,12.710000038146973,299,0.0,0.0
2024-06-13 13:26:00-04:00,12.720000267028809,12.720000267028809,12.720000267028809,12.720000267028809,1103,0.0,0.0
2024-06-13 13:36:00-04:00,12.65999984741211,12.65999984741211,12.65999984741211,12.65999984741211,300,0.0,0.0
2024-06-13 13:37:00-04:00,12.649999618530273,12.649999618530273,12.649999618530273,12.649999618530273,1085,0.0,0.0
2024-06-13 13:52:00-04:00,12.729999542236328,12.729999542236328,12.729999542236328,12.729999542236328,1603,0.0,0.0
2024-06-13 13:57:00-04:00,12.760000228881836,12.8100004196167,12.760000228881836,12.8100004196167,2539,0.0,0.0
2024-06-13 13:58:00-04:00,12.774999618530273,12.774999618530273,12.774999618530273,12.774999618530273,329,0.0,0.0
2024-06-13 13:59:00-04:00,12.774999618530273,12.774999618530273,12.774999618530273,12.774999618530273,1139,0.0,0.0
2024-06-13 14:00:00-04:00,12.774999618530273,12.774999618530273,12.774999618530273,12.774999618530273,508,0.0,0.0
2024-06-13 14:04:00-04:00,12.739999771118164,12.739999771118164,12.739999771118164,12.739999771118164,1160,0.0,0.0
2024-06-13 14:06:00-04:00,12.739999771118164,12.739999771118164,12.739999771118164,12.739999771118164,252,0.0,0.0
2024-06-13 14:07:00-04:00,12.75,12.75,12.75,12.75,778,0.0,0.0
2024-06-13 14:11:00-04:00,12.760000228881836,12.770000457763672,12.760000228881836,12.770000457763672,464,0.0,0.0
2024-06-13 14:12:00-04:00,12.789999961853027,12.789999961853027,12.779999732971191,12.779999732971191,1371,0.0,0.0
2024-06-13 14:13:00-04:00,12.774999618530273,12.774999618530273,12.774999618530273,12.774999618530273,328,0.0,0.0
2024-06-13 14:15:00-04:00,12.760000228881836,12.760000228881836,12.75,12.75,756,0.0,0.0
2024-06-13 14:25:00-04:00,12.739999771118164,12.739999771118164,12.739999771118164,12.739999771118164,425,0.0,0.0
2024-06-13 14:27:00-04:00,12.75,12.75,12.729999542236328,12.729999542236328,1321,0.0,0.0
2024-06-13 14:29:00-04:00,12.739999771118164,12.739999771118164,12.739999771118164,12.739999771118164,515,0.0,0.0
2024-06-13 14:30:00-04:00,12.739999771118164,12.739999771118164,12.739999771118164,12.739999771118164,1908,0.0,0.0
2024-06-13 14:41:00-04:00,12.729999542236328,12.729999542236328,12.729999542236328,12.729999542236328,749,0.0,0.0
2024-06-13 14:47:00-04:00,12.699999809265137,12.699999809265137,12.699999809265137,12.699999809265137,536,0.0,0.0
2024-06-13 14:50:00-04:00,12.6899995803833,12.6899995803833,12.6899995803833,12.6899995803833,708,0.0,0.0
2024-06-13 14:51:00-04:00,12.710000038146973,12.710000038146973,12.710000038146973,12.710000038146973,746,0.0,0.0
2024-06-13 14:55:00-04:00,12.739999771118164,12.739999771118164,12.739999771118164,12.739999771118164,1424,0.0,0.0
2024-06-13 14:57:00-04:00,12.699999809265137,12.699999809265137,12.699999809265137,12.699999809265137,610,0.0,0.0
2024-06-13 14:59:00-04:00,12.699999809265137,12.699999809265137,12.680000305175781,12.680000305175781,1593,0.0,0.0
2024-06-13 15:02:00-04:00,12.680000305175781,12.680000305175781,12.680000305175781,12.680000305175781,1495,0.0,0.0
2024-06-13 15:12:00-04:00,12.680000305175781,12.680000305175781,12.680000305175781,12.680000305175781,570,0.0,0.0
2024-06-13 15:14:00-04:00,12.670000076293945,12.670000076293945,12.645000457763672,12.645000457763672,1279,0.0,0.0
2024-06-13 15:15:00-04:00,12.640000343322754,12.640000343322754,12.59000015258789,12.59000015258789,1458,0.0,0.0
2024-06-13 15:17:00-04:00,12.600000381469727,12.600000381469727,12.600000381469727,12.600000381469727,200,0.0,0.0
2024-06-13 15:18:00-04:00,12.619999885559082,12.619999885559082,12.600000381469727,12.619999885559082,485,0.0,0.0
2024-06-13 15:19:00-04:00,12.619999885559082,12.619999885559082,12.619999885559082,12.619999885559082,353,0.0,0.0
2024-06-13 15:20:00-04:00,12.625,12.625,12.625,12.625,224,0.0,0.0
2024-06-13 15:21:00-04:00,12.619999885559082,12.619999885559082,12.619999885559082,12.619999885559082,216,0.0,0.0
2024-06-13 15:22:00-04:00,12.630000114440918,12.630000114440918,12.630000114440918,12.630000114440918,366,0.0,0.0
2024-06-13 15:23:00-04:00,12.630000114440918,12.630000114440918,12.630000114440918,12.630000114440918,611,0.0,0.0
2024-06-13 15:24:00-04:00,12.630000114440918,12.630000114440918,12.625,12.625,1700,0.0,0.0
2024-06-13 15:29:00-04:00,12.600000381469727,12.609999656677246,12.59000015258789,12.600000381469727,2246,0.0,0.0
2024-06-13 15:33:00-04:00,12.630000114440918,12.65999984741211,12.630000114440918,12.65999984741211,979,0.0,0.0
2024-06-13 15:34:00-04:00,12.704999923706055,12.704999923706055,12.704999923706055,12.704999923706055,465,0.0,0.0
2024-06-13 15:37:00-04:00,12.710000038146973,12.710000038146973,12.710000038146973,12.710000038146973,1440,0.0,0.0
2024-06-13 15:39:00-04:00,12.739999771118164,12.739999771118164,12.739999771118164,12.739999771118164,502,0.0,0.0
2024-06-13 15:40:00-04:00,12.739999771118164,12.739999771118164,12.734999656677246,12.734999656677246,2832,0.0,0.0
2024-06-13 15:45:00-04:00,12.755000114440918,12.755000114440918,12.755000114440918,12.755000114440918,702,0.0,0.0
2024-06-13 15:47:00-04:00,12.755000114440918,12.755000114440918,12.755000114440918,12.755000114440918,1006,0.0,0.0
2024-06-13 15:48:00-04:00,12.75,12.75,12.739999771118164,12.739999771118164,1427,0.0,0.0
2024-06-13 15:50:00-04:00,12.739999771118164,12.75,12.739999771118164,12.739999771118164,1932,0.0,0.0
2024-06-13 15:51:00-04:00,12.744999885559082,12.744999885559082,12.744999885559082,12.744999885559082,647,0.0,0.0
2024-06-13 15:52:00-04:00,12.75,12.75,12.744999885559082,12.744999885559082,1831,0.0,0.0
2024-06-13 15:53:00-04:00,12.75,12.75,12.75,12.75,957,0.0,0.0
2024-06-13 15:54:00-04:00,12.75,12.75,12.75,12.75,1902,0.0,0.0
2024-06-13 15:55:00-04:00,12.760000228881836,12.760000228881836,12.739999771118164,12.739999771118164,3485,0.0,0.0
2024-06-13 15:56:00-04:00,12.744999885559082,12.755000114440918,12.744999885559082,12.744999885559082,3503,0.0,0.0
2024-06-13 15:57:00-04:00,12.75,12.75,12.729999542236328,12.734999656677246,1963,0.0,0.0
2024-06-13 15:58:00-04:00,12.729999542236328,12.734999656677246,12.729999542236328,12.734999656677246,777,0.0,0.0
2024-06-13 15:59:00-04:00,12.729999542236328,12.734999656677246,12.670000076293945,12.680000305175781,9069,0.0,0.0
2024-06-14 09:30:00-04:00,12.390000343322754,12.390000343322754,12.390000343322754,12.390000343322754,1358,0.0,0.0
2024-06-14 09:43:00-04:00,12.539999961853027,12.539999961853027,12.460000038146973,12.460000038146973,14901,0.0,0.0
2024-06-14 09:46:00-04:00,12.550000190734863,12.550000190734863,12.550000190734863,12.550000190734863,200,0.0,0.0
2024-06-14 09:47:00-04:00,12.520000457763672,12.520000457763672,12.520000457763672,12.520000457763672,97,0.0,0.0
2024-06-14 09:48:00-04:00,12.520000457763672,12.520000457763672,12.484999656677246,12.484999656677246,764,0.0,0.0
2024-06-14 09:50:00-04:00,12.4399995803833,12.4399995803833,12.4399995803833,12.4399995803833,200,0.0,0.0
2024-06-14 09:52:00-04:00,12.4350004196167,12.4350004196167,12.407500267028809,12.407500267028809,653,0.0,0.0
2024-06-14 09:55:00-04:00,12.449399948120117,12.479999542236328,12.449399948120117,12.479999542236328,1351,0.0,0.0
2024-06-14 09:57:00-04:00,12.529999732971191,12.539999961853027,12.529999732971191,12.539999961853027,466,0.0,0.0
2024-06-14 10:00:00-04:00,12.550000190734863,12.550000190734863,12.550000190734863,12.550000190734863,202,0.0,0.0
2024-06-14 10:01:00-04:00,12.550000190734863,12.550000190734863,12.550000190734863,12.550000190734863,112,0.0,0.0
2024-06-14 10:02:00-04:00,12.489999771118164,12.520000457763672,12.489999771118164,12.520000457763672,785,0.0,0.0
2024-06-14 10:06:00-04:00,12.470000267028809,12.470000267028809,12.470000267028809,12.470000267028809,871,0.0,0.0
2024-06-14 10:10:00-04:00,12.489999771118164,12.489999771118164,12.489999771118164,12.489999771118164,120,0.0,0.0
2024-06-14 10:12:00-04:00,12.460000038146973,12.460000038146973,12.460000038146973,12.460000038146973,626,0.0,0.0
2024-06-14 10:17:00-04:00,12.454999923706055,12.454999923706055,12.454999923706055,12.454999923706055,200,0.0,0.0
2024-06-14 10:20:00-04:00,12.489999771118164,12.489999771118164,12.489999771118164,12.489999771118164,1014,0.0,0.0
2024-06-14 10:32:00-04:00,12.491000175476074,12.520000457763672,12.491000175476074,12.520000457763672,594,0.0,0.0
2024-06-14 10:35:00-04:00,12.520000457763672,12.520000457763672,12.5,12.5,735,0.0,0.0
2024-06-14 10:37:00-04:00,12.479999542236328,12.505000114440918,12.470000267028809,12.489999771118164,1880,0.0,0.0
2024-06-14 10:45:00-04:00,12.545000076293945,12.545000076293945,12.545000076293945,12.545000076293945,126,0.0,0.0
2024-06-14 10:48:00-04:00,12.609999656677246,12.609999656677246,12.609999656677246,12.609999656677246,311,0.0,0.0
2024-06-14 10:50:00-04:00,12.609999656677246,12.635000228881836,12.609999656677246,12.609999656677246,802,0.0,0.0
2024-06-14 10:51:00-04:00,12.5600004196167,12.5600004196167,12.5600004196167,12.5600004196167,200,0.0,0.0
2024-06-14 10:53:00-04:00,12.604999542236328,12.604999542236328,12.510000228881836,12.510000228881836,381,0.0,0.0
2024-06-14 10:54:00-04:00,12.555000305175781,12.555000305175781,12.555000305175781,12.555000305175781,676,0.0,0.0
2024-06-14 10:57:00-04:00,12.604999542236328,12.604999542236328,12.604999542236328,12.604999542236328,213,0.0,0.0
2024-06-14 10:59:00-04:00,12.604999542236328,12.604999542236328,12.600000381469727,12.600000381469727,370,0.0,0.0
2024-06-14 11:03:00-04:00,12.600000381469727,12.600000381469727,12.600000381469727,12.600000381469727,1000,0.0,0.0
2024-06-14 11:05:00-04:00,12.515000343322754,12.515000343322754,12.515000343322754,12.515000343322754,326,0.0,0.0
2024-06-14 11:08:00-04:00,12.529999732971191,12.529999732971191,12.529999732971191,12.529999732971191,248,0.0,0.0
2024-06-14 11:16:00-04:00,12.550000190734863,12.550000190734863,12.550000190734863,12.550000190734863,277,0.0,0.0
2024-06-14 11:20:00-04:00,12.529999732971191,12.529999732971191,12.529999732971191,12.529999732971191,405,0.0,0.0
2024-06-14 11:24:00-04:00,12.550000190734863,12.550000190734863,12.550000190734863,12.550000190734863,123,0.0,0.0
2024-06-14 11:26:00-04:00,12.5600004196167,12.5600004196167,12.5600004196167,12.5600004196167,586,0.0,0.0
2024-06-14 11:31:00-04:00,12.569999694824219,12.569999694824219,12.569999694824219,12.569999694824219,385,0.0,0.0
2024-06-14 11:33:00-04:00,12.545000076293945,12.545000076293945,12.529999732971191,12.529999732971191,445,0.0,0.0
2024-06-14 11:34:00-04:00,12.539999961853027,12.539999961853027,12.539999961853027,12.539999961853027,17,0.0,0.0
2024-06-14 11:35:00-04:00,12.539999961853027,12.539999961853027,12.539999961853027,12.539999961853027,1045,0.0,0.0
2024-06-14 11:42:00-04:00,12.449999809265137,12.449999809265137,12.449999809265137,12.449999809265137,438,0.0,0.0
2024-06-14 11:54:00-04:00,12.460000038146973,12.460000038146973,12.460000038146973,12.460000038146973,420,0.0,0.0
2024-06-14 11:58:00-04:00,12.390000343322754,12.390000343322754,12.390000343322754,12.390000343322754,246,0.0,0.0
2024-06-14 12:00:00-04:00,12.380000114440918,12.380000114440918,12.369999885559082,12.380000114440918,767,0.0,0.0
2024-06-14 12:01:00-04:00,12.385000228881836,12.399999618530273,12.385000228881836,12.399999618530273,807,0.0,0.0
2024-06-14 12:10:00-04:00,12.420000076293945,12.420000076293945,12.404999732971191,12.404999732971191,614,0.0,0.0
2024-06-14 12:11:00-04:00,12.430000305175781,12.430000305175781,12.420000076293945,12.420000076293945,626,0.0,0.0
2024-06-14 12:14:00-04:00,12.4399995803833,12.4399995803833,12.4399995803833,12.4399995803833,204,0.0,0.0
2024-06-14 12:15:00-04:00,12.399999618530273,12.399999618530273,12.399999618530273,12.399999618530273,417,0.0,0.0
2024-06-14 12:20:00-04:00,12.404999732971191,12.404999732971191,12.404999732971191,12.404999732971191,417,0.0,0.0
2024-06-14 12:24:00-04:00,12.40999984741211,12.420000076293945,12.404999732971191,12.420000076293945,302,0.0,0.0
2024-06-14 12:25:00-04:00,12.411800384521484,12.411800384521484,12.411800384521484,12.411800384521484,369,0.0,0.0
2024-06-14 12:27:00-04:00,12.420000076293945,12.420000076293945,12.414999961853027,12.414999961853027,1360,0.0,0.0
2024-06-14 12:44:00-04:00,12.4399995803833,12.4399995803833,12.4399995803833,12.4399995803833,200,0.0,0.0
2024-06-14 12:46:00-04:00,12.425000190734863,12.425000190734863,12.404999732971191,12.420000076293945,1446,0.0,0.0
2024-06-14 12:53:00-04:00,12.425000190734863,12.425000190734863,12.425000190734863,12.425000190734863,203,0.0,0.0
2024-06-14 12:58:00-04:00,12.4399995803833,12.4399995803833,12.4399995803833,12.4399995803833,486,0.0,0.0
2024-06-14 12:59:00-04:00,12.4399995803833,12.4399995803833,12.4399995803833,12.4399995803833,119,0.0,0.0
2024-06-14 13:00:00-04:00,12.449999809265137,12.449999809265137,12.449999809265137,12.449999809265137,496,0.0,0.0
2024-06-14 13:01:00-04:00,12.489999771118164,12.489999771118164,12.489999771118164,12.489999771118164,214,0.0,0.0
2024-06-14 13:03:00-04:00,12.489999771118164,12.489999771118164,12.489999771118164,12.489999771118164,504,0.0,0.0
2024-06-14 13:07:00-04:00,12.520000457763672,12.520000457763672,12.520000457763672,12.520000457763672,784,0.0,0.0
2024-06-14 13:12:00-04:00,12.529999732971191,12.529999732971191,12.510000228881836,12.510000228881836,1746,0.0,0.0
2024-06-14 13:39:00-04:00,12.520000457763672,12.520000457763672,12.501299858093262,12.501299858093262,832,0.0,0.0
2024-06-14 13:40:00-04:00,12.510000228881836,12.529999732971191,12.5,12.520000457763672,2149,0.0,0.0
2024-06-14 13:41:00-04:00,12.489999771118164,12.489999771118164,12.489999771118164,12.489999771118164,311,0.0,0.0
2024-06-14 13:52:00-04:00,12.510000228881836,12.510000228881836,12.505000114440918,12.505000114440918,476,0.0,0.0
2024-06-14 13:57:00-04:00,12.486000061035156,12.486000061035156,12.486000061035156,12.486000061035156,385,0.0,0.0
2024-06-14 13:58:00-04:00,12.510000228881836,12.510000228881836,12.510000228881836,12.510000228881836,68,0.0,0.0
2024-06-14 14:01:00-04:00,12.484999656677246,12.484999656677246,12.484999656677246,12.484999656677246,535,0.0,0.0
2024-06-14 14:02:00-04:00,12.510000228881836,12.510000228881836,12.510000228881836,12.510000228881836,300,0.0,0.0
2024-06-14 14:03:00-04:00,12.449999809265137,12.449999809265137,12.449999809265137,12.449999809265137,872,0.0,0.0
2024-06-14 14:09:00-04:00,12.444999694824219,12.444999694824219,12.444999694824219,12.444999694824219,365,0.0,0.0
2024-06-14 14:10:00-04:00,12.479999542236328,12.479999542236328,12.479999542236328,12.479999542236328,109,0.0,0.0
2024-06-14 14:12:00-04:00,12.449999809265137,12.449999809265137,12.449999809265137,12.449999809265137,662,0.0,0.0
2024-06-14 14:17:00-04:00,12.4621000289917,12.4621000289917,12.4621000289917,12.4621000289917,442,0.0,0.0
2024-06-14 14:23:00-04:00,12.449999809265137,12.449999809265137,12.449999809265137,12.449999809265137,447,0.0,0.0
2024-06-14 14:26:00-04:00,12.449999809265137,12.449999809265137,12.449999809265137,12.449999809265137,369,0.0,0.0
2024-06-14 14:29:00-04:00,12.449999809265137,12.449999809265137,12.449999809265137,12.449999809265137,210,0.0,0.0
2024-06-14 14:31:00-04:00,12.47249984741211,12.47249984741211,12.4350004196167,12.4350004196167,1294,0.0,0.0
2024-06-14 14:32:00-04:00,12.460000038146973,12.460000038146973,12.460000038146973,12.460000038146973,200,0.0,0.0
2024-06-14 14:33:00-04:00,12.430000305175781,12.444999694824219,12.430000305175781,12.444999694824219,1266,0.0,0.0
2024-06-14 14:36:00-04:00,12.4399995803833,12.4399995803833,12.414999961853027,12.430000305175781,609,0.0,0.0
2024-06-14 14:37:00-04:00,12.420000076293945,12.420000076293945,12.420000076293945,12.420000076293945,101,0.0,0.0
2024-06-14 14:40:00-04:00,12.430000305175781,12.430000305175781,12.420000076293945,12.420000076293945,873,0.0,0.0
2024-06-14 14:45:00-04:00,12.399999618530273,12.399999618530273,12.399999618530273,12.399999618530273,570,0.0,0.0
2024-06-14 14:47:00-04:00,12.4399995803833,12.4399995803833,12.430000305175781,12.430000305175781,600,0.0,0.0
2024-06-14 14:48:00-04:00,12.4399995803833,12.4399995803833,12.4399995803833,12.4399995803833,376,0.0,0.0
2024-06-14 14:50:00-04:00,12.4350004196167,12.4350004196167,12.4350004196167,12.4350004196167,161,0.0,0.0
2024-06-14 14:52:00-04:00,12.430000305175781,12.4399995803833,12.430000305175781,12.4399995803833,629,0.0,0.0
2024-06-14 14:54:00-04:00,12.449999809265137,12.449999809265137,12.449999809265137,12.449999809265137,672,0.0,0.0
2024-06-14 14:55:00-04:00,12.449999809265137,12.449999809265137,12.449999809265137,12.449999809265137,135,0.0,0.0
2024-06-14 14:56:00-04:00,12.470000267028809,12.470000267028809,12.470000267028809,12.470000267028809,632,0.0,0.0
2024-06-14 14:59:00-04:00,12.449999809265137,12.449999809265137,12.449999809265137,12.449999809265137,104,0.0,0.0
2024-06-14 15:00:00-04:00,12.479999542236328,12.479999542236328,12.479999542236328,12.479999542236328,369,0.0,0.0
2024-06-14 15:06:00-04:00,12.479999542236328,12.479999542236328,12.479999542236328,12.479999542236328,711,0.0,0.0
2024-06-14 15:08:00-04:00,12.479999542236328,12.479999542236328,12.479999542236328,12.479999542236328,520,0.0,0.0
2024-06-14 15:11:00-04:00,12.5,12.510000228881836,12.5,12.510000228881836,777,0.0,0.0
2024-06-14 15:13:00-04:00,12.489999771118164,12.510000228881836,12.489999771118164,12.510000228881836,969,0.0,0.0
2024-06-14 15:14:00-04:00,12.489999771118164,12.510000228881836,12.489999771118164,12.510000228881836,725,0.0,0.0
2024-06-14 15:15:00-04:00,12.510000228881836,12.510000228881836,12.510000228881836,12.510000228881836,566,0.0,0.0
2024-06-14 15:18:00-04:00,12.510000228881836,12.510000228881836,12.510000228881836,12.510000228881836,338,0.0,0.0
2024-06-14 15:19:00-04:00,12.529999732971191,12.529999732971191,12.529999732971191,12.529999732971191,200,0.0,0.0
2024-06-14 15:20:00-04:00,12.489999771118164,12.520000457763672,12.489999771118164,12.520000457763672,205,0.0,0.0
2024-06-14 15:22:00-04:00,12.510000228881836,12.510000228881836,12.489999771118164,12.489999771118164,167,0.0,0.0
2024-06-14 15:23:00-04:00,12.529999732971191,12.529999732971191,12.529999732971191,12.529999732971191,228,0.0,0.0
2024-06-14 15:25:00-04:00,12.5,12.5,12.5,12.5,429,0.0,0.0
2024-06-14 15:26:00-04:00,12.529999732971191,12.529999732971191,12.529999732971191,12.529999732971191,883,0.0,0.0
2024-06-14 15:29:00-04:00,12.5600004196167,12.5600004196167,12.5600004196167,12.5600004196167,169,0.0,0.0
2024-06-14 15:30:00-04:00,12.5600004196167,12.5600004196167,12.5600004196167,12.5600004196167,354,0.0,0.0
2024-06-14 15:31:00-04:00,12.574999809265137,12.574999809265137,12.574999809265137,12.574999809265137,306,0.0,0.0
2024-06-14 15:32:00-04:00,12.600000381469727,12.600000381469727,12.600000381469727,12.600000381469727,355,0.0,0.0
2024-06-14 15:33:00-04:00,12.600000381469727,12.600000381469727,12.600000381469727,12.600000381469727,1544,0.0,0.0
2024-06-14 15:34:00-04:00,12.604999542236328,12.619999885559082,12.569999694824219,12.569999694824219,1354,0.0,0.0
2024-06-14 15:35:00-04:00,12.600000381469727,12.600000381469727,12.600000381469727,12.600000381469727,200,0.0,0.0
2024-06-14 15:36:00-04:00,12.569999694824219,12.569999694824219,12.569999694824219,12.569999694824219,152,0.0,0.0
2024-06-14 15:37:00-04:00,12.569999694824219,12.569999694824219,12.5600004196167,12.5600004196167,820,0.0,0.0
2024-06-14 15:39:00-04:00,12.550000190734863,12.550000190734863,12.550000190734863,12.550000190734863,434,0.0,0.0
2024-06-14 15:41:00-04:00,12.550000190734863,12.5649995803833,12.550000190734863,12.5649995803833,500,0.0,0.0
2024-06-14 15:43:00-04:00,12.539999961853027,12.539999961853027,12.529999732971191,12.529999732971191,720,0.0,0.0
2024-06-14 15:45:00-04:00,12.5600004196167,12.5600004196167,12.520000457763672,12.520000457763672,847,0.0,0.0
2024-06-14 15:47:00-04:00,12.539999961853027,12.539999961853027,12.529999732971191,12.529999732971191,967,0.0,0.0
2024-06-14 15:48:00-04:00,12.529999732971191,12.529999732971191,12.529999732971191,12.529999732971191,283,0.0,0.0
2024-06-14 15:49:00-04:00,12.529999732971191,12.529999732971191,12.529999732971191,12.529999732971191,403,0.0,0.0
2024-06-14 15:50:00-04:00,12.510000228881836,12.510000228881836,12.510000228881836,12.510000228881836,549,0.0,0.0
2024-06-14 15:52:00-04:00,12.539999961853027,12.539999961853027,12.539999961853027,12.539999961853027,1223,0.0,0.0
2024-06-14 15:53:00-04:00,12.539999961853027,12.545000076293945,12.539999961853027,12.545000076293945,1060,0.0,0.0
2024-06-14 15:54:00-04:00,12.5649995803833,12.569999694824219,12.5600004196167,12.569999694824219,1180,0.0,0.0
2024-06-14 15:55:00-04:00,12.550000190734863,12.550000190734863,12.550000190734863,12.550000190734863,975,0.0,0.0
2024-06-14 15:56:00-04:00,12.5600004196167,12.5600004196167,12.5600004196167,12.5600004196167,332,0.0,0.0
2024-06-14 15:57:00-04:00,12.550000190734863,12.569999694824219,12.550000190734863,12.569999694824219,1613,0.0,0.0
2024-06-14 15:58:00-04:00,12.569999694824219,12.569999694824219,12.5600004196167,12.569999694824219,1899,0.0,0.0
2024-06-14 15:59:00-04:00,12.579999923706055,12.585000038146973,12.579999923706055,12.579999923706055,1692,0.0,0.0
