Datetime,Open,High,Low,Close,Volume,Dividends,Stock Splits
2024-06-10 09:30:00-04:00,2.990000009536743,3.009999990463257,2.990000009536743,2.990000009536743,23916,0.0,0.0
2024-06-10 09:31:00-04:00,2.9800000190734863,2.9800000190734863,2.9800000190734863,2.9800000190734863,594,0.0,0.0
2024-06-10 09:33:00-04:00,2.9800000190734863,2.9800000190734863,2.9700000286102295,2.9700000286102295,747,0.0,0.0
2024-06-10 09:35:00-04:00,2.9800000190734863,2.9800000190734863,2.9600000381469727,2.9600000381469727,1019,0.0,0.0
2024-06-10 09:37:00-04:00,2.9700000286102295,2.9700000286102295,2.9700000286102295,2.9700000286102295,126,0.0,0.0
2024-06-10 09:38:00-04:00,2.9800000190734863,2.9800000190734863,2.9800000190734863,2.9800000190734863,521,0.0,0.0
2024-06-10 09:39:00-04:00,2.990000009536743,3.009999990463257,2.990000009536743,3.009999990463257,1207,0.0,0.0
2024-06-10 09:40:00-04:00,3.0199999809265137,3.0199999809265137,2.984999895095825,3.0,6213,0.0,0.0
2024-06-10 09:41:00-04:00,3.0,3.0,3.0,3.0,2300,0.0,0.0
2024-06-10 09:42:00-04:00,2.990000009536743,2.990000009536743,2.990000009536743,2.990000009536743,105,0.0,0.0
2024-06-10 09:46:00-04:00,2.994999885559082,2.994999885559082,2.994999885559082,2.994999885559082,100,0.0,0.0
2024-06-10 09:47:00-04:00,3.0,3.0000998973846436,3.0,3.0000998973846436,712,0.0,0.0
2024-06-10 09:48:00-04:00,2.994999885559082,2.994999885559082,2.994999885559082,2.994999885559082,101,0.0,0.0
2024-06-10 09:49:00-04:00,2.990600109100342,3.0,2.990600109100342,3.0,600,0.0,0.0
2024-06-10 09:50:00-04:00,3.0,3.0,2.994999885559082,3.0,711,0.0,0.0
2024-06-10 09:51:00-04:00,3.0,3.0,3.0,3.0,600,0.0,0.0
2024-06-10 09:52:00-04:00,3.0,3.0,2.994999885559082,2.994999885559082,1861,0.0,0.0
2024-06-10 09:54:00-04:00,2.990000009536743,2.990000009536743,2.990000009536743,2.990000009536743,1033,0.0,0.0
2024-06-10 10:01:00-04:00,2.9899001121520996,2.9899001121520996,2.9899001121520996,2.9899001121520996,1535,0.0,0.0
2024-06-10 10:02:00-04:00,2.990000009536743,2.990000009536743,2.990000009536743,2.990000009536743,425,0.0,0.0
2024-06-10 10:03:00-04:00,2.9835000038146973,2.9835000038146973,2.9835000038146973,2.9835000038146973,100,0.0,0.0
2024-06-10 10:04:00-04:00,2.9800000190734863,2.9800000190734863,2.9700000286102295,2.9749999046325684,532,0.0,0.0
2024-06-10 10:07:00-04:00,2.9809999465942383,2.9809999465942383,2.9809999465942383,2.9809999465942383,415,0.0,0.0
2024-06-10 10:10:00-04:00,2.98009991645813,2.98009991645813,2.98009991645813,2.98009991645813,656,0.0,0.0
2024-06-10 10:14:00-04:00,2.984999895095825,2.984999895095825,2.9820001125335693,2.984999895095825,750,0.0,0.0
2024-06-10 10:15:00-04:00,2.990000009536743,2.990000009536743,2.990000009536743,2.990000009536743,157,0.0,0.0
2024-06-10 10:17:00-04:00,3.0,3.0,3.0,3.0,218,0.0,0.0
2024-06-10 10:27:00-04:00,3.009999990463257,3.009999990463257,3.009999990463257,3.009999990463257,203,0.0,0.0
2024-06-10 10:32:00-04:00,3.003999948501587,3.009999990463257,3.003999948501587,3.009999990463257,2272,0.0,0.0
2024-06-10 10:34:00-04:00,3.009999990463257,3.009999990463257,3.009999990463257,3.009999990463257,420,0.0,0.0
2024-06-10 10:35:00-04:00,3.009999990463257,3.015000104904175,3.009999990463257,3.015000104904175,1785,0.0,0.0
2024-06-10 10:36:00-04:00,3.009999990463257,3.009999990463257,3.0,3.0,635,0.0,0.0
2024-06-10 10:39:00-04:00,3.009999990463257,3.009999990463257,3.005000114440918,3.005000114440918,626,0.0,0.0
2024-06-10 10:40:00-04:00,3.009999990463257,3.009999990463257,3.009999990463257,3.009999990463257,1407,0.0,0.0
2024-06-10 10:41:00-04:00,3.009999990463257,3.009999990463257,3.009999990463257,3.009999990463257,125,0.0,0.0
2024-06-10 10:42:00-04:00,3.009999990463257,3.015000104904175,3.009999990463257,3.015000104904175,2405,0.0,0.0
2024-06-10 10:43:00-04:00,3.015000104904175,3.0179998874664307,3.009999990463257,3.009999990463257,2875,0.0,0.0
2024-06-10 10:46:00-04:00,3.009999990463257,3.009999990463257,3.009999990463257,3.009999990463257,100,0.0,0.0
2024-06-10 10:50:00-04:00,3.009999990463257,3.009999990463257,3.009999990463257,3.009999990463257,850,0.0,0.0
2024-06-10 10:53:00-04:00,3.0099000930786133,3.009999990463257,3.0099000930786133,3.009999990463257,783,0.0,0.0
2024-06-10 10:55:00-04:00,3.0179998874664307,3.0179998874664307,3.0179998874664307,3.0179998874664307,330,0.0,0.0
2024-06-10 11:02:00-04:00,3.005000114440918,3.005000114440918,3.005000114440918,3.005000114440918,125,0.0,0.0
2024-06-10 11:16:00-04:00,3.005000114440918,3.009999990463257,3.005000114440918,3.009999990463257,238,0.0,0.0
2024-06-10 11:17:00-04:00,3.009999990463257,3.009999990463257,3.009999990463257,3.009999990463257,221,0.0,0.0
2024-06-10 11:19:00-04:00,3.005000114440918,3.005000114440918,3.0,3.0,1015,0.0,0.0
2024-06-10 11:21:00-04:00,3.005000114440918,3.005000114440918,3.005000114440918,3.005000114440918,134,0.0,0.0
2024-06-10 11:24:00-04:00,3.005000114440918,3.005000114440918,3.005000114440918,3.005000114440918,139,0.0,0.0
2024-06-10 11:29:00-04:00,3.005000114440918,3.005000114440918,3.005000114440918,3.005000114440918,434,0.0,0.0
2024-06-10 11:39:00-04:00,3.0,3.0000998973846436,2.9900999069213867,2.9900999069213867,4423,0.0,0.0
2024-06-10 11:43:00-04:00,2.9900999069213867,2.9999001026153564,2.990000009536743,2.9999001026153564,1200,0.0,0.0
2024-06-10 11:46:00-04:00,2.9999001026153564,2.9999001026153564,2.990000009536743,2.990000009536743,3501,0.0,0.0
2024-06-10 11:47:00-04:00,2.9899001121520996,2.9899001121520996,2.9899001121520996,2.9899001121520996,6001,0.0,0.0
2024-06-10 11:52:00-04:00,2.990000009536743,2.990000009536743,2.9899001121520996,2.990000009536743,2477,0.0,0.0
2024-06-10 11:58:00-04:00,2.999000072479248,2.999000072479248,2.999000072479248,2.999000072479248,167,0.0,0.0
2024-06-10 11:59:00-04:00,2.990000009536743,2.990000009536743,2.990000009536743,2.990000009536743,305,0.0,0.0
2024-06-10 12:00:00-04:00,2.994999885559082,2.994999885559082,2.994999885559082,2.994999885559082,250,0.0,0.0
2024-06-10 12:01:00-04:00,2.994999885559082,2.994999885559082,2.994999885559082,2.994999885559082,300,0.0,0.0
2024-06-10 12:03:00-04:00,3.0,3.0,3.0,3.0,528,0.0,0.0
2024-06-10 12:10:00-04:00,3.009999990463257,3.009999990463257,3.009999990463257,3.009999990463257,100,0.0,0.0
2024-06-10 12:11:00-04:00,3.009999990463257,3.015000104904175,3.009999990463257,3.015000104904175,680,0.0,0.0
2024-06-10 12:15:00-04:00,3.009999990463257,3.009999990463257,3.009999990463257,3.009999990463257,200,0.0,0.0
2024-06-10 12:20:00-04:00,3.0113000869750977,3.015000104904175,3.0113000869750977,3.015000104904175,3257,0.0,0.0
2024-06-10 12:27:00-04:00,3.0139999389648438,3.0139999389648438,3.0109000205993652,3.0109000205993652,2251,0.0,0.0
2024-06-10 12:29:00-04:00,3.015000104904175,3.015000104904175,3.015000104904175,3.015000104904175,100,0.0,0.0
2024-06-10 12:35:00-04:00,3.010999917984009,3.010999917984009,3.010999917984009,3.010999917984009,2004,0.0,0.0
2024-06-10 12:36:00-04:00,3.015000104904175,3.015000104904175,3.015000104904175,3.015000104904175,200,0.0,0.0
2024-06-10 12:40:00-04:00,3.0137999057769775,3.0137999057769775,3.0137999057769775,3.0137999057769775,1000,0.0,0.0
2024-06-10 12:45:00-04:00,3.009999990463257,3.009999990463257,3.009999990463257,3.009999990463257,93965,0.0,0.0
2024-06-10 12:46:00-04:00,3.009999990463257,3.009999990463257,3.009999990463257,3.009999990463257,690,0.0,0.0
2024-06-10 12:48:00-04:00,3.009999990463257,3.0136001110076904,3.005000114440918,3.005000114440918,656,0.0,0.0
2024-06-10 12:49:00-04:00,3.009200096130371,3.009200096130371,3.009200096130371,3.009200096130371,1001,0.0,0.0
2024-06-10 12:56:00-04:00,3.009999990463257,3.009999990463257,3.0099000930786133,3.0099000930786133,2763,0.0,0.0
2024-06-10 12:57:00-04:00,3.011199951171875,3.018899917602539,3.011199951171875,3.015000104904175,452,0.0,0.0
2024-06-10 13:00:00-04:00,3.009999990463257,3.009999990463257,3.009999990463257,3.009999990463257,305,0.0,0.0
2024-06-10 13:02:00-04:00,3.009999990463257,3.009999990463257,3.009999990463257,3.009999990463257,1001,0.0,0.0
2024-06-10 13:06:00-04:00,3.005000114440918,3.005000114440918,3.005000114440918,3.005000114440918,100,0.0,0.0
2024-06-10 13:07:00-04:00,3.005000114440918,3.005000114440918,3.000499963760376,3.000499963760376,3297,0.0,0.0
2024-06-10 13:15:00-04:00,3.005000114440918,3.009999990463257,3.005000114440918,3.009999990463257,200,0.0,0.0
2024-06-10 13:20:00-04:00,3.0009000301361084,3.0009000301361084,3.0009000301361084,3.0009000301361084,1000,0.0,0.0
2024-06-10 13:27:00-04:00,3.0,3.0,3.0,3.0,7715,0.0,0.0
2024-06-10 13:28:00-04:00,2.994999885559082,2.994999885559082,2.994999885559082,2.994999885559082,100,0.0,0.0
2024-06-10 13:29:00-04:00,2.990000009536743,2.990000009536743,2.990000009536743,2.990000009536743,2382,0.0,0.0
2024-06-10 13:42:00-04:00,2.990000009536743,2.9953999519348145,2.990000009536743,2.994999885559082,2898,0.0,0.0
2024-06-10 13:43:00-04:00,2.994999885559082,2.994999885559082,2.994999885559082,2.994999885559082,340,0.0,0.0
2024-06-10 13:45:00-04:00,3.0,3.0,3.0,3.0,100,0.0,0.0
2024-06-10 13:49:00-04:00,3.0,3.0,3.0,3.0,236,0.0,0.0
2024-06-10 13:56:00-04:00,3.005000114440918,3.005000114440918,3.005000114440918,3.005000114440918,182,0.0,0.0
2024-06-10 14:01:00-04:00,3.0,3.0,3.0,3.0,161,0.0,0.0
2024-06-10 14:04:00-04:00,3.0,3.0,3.0,3.0,711,0.0,0.0
2024-06-10 14:05:00-04:00,2.9999001026153564,2.9999001026153564,2.9999001026153564,2.9999001026153564,500,0.0,0.0
2024-06-10 14:07:00-04:00,3.0,3.0,3.0,3.0,251,0.0,0.0
2024-06-10 14:08:00-04:00,3.0,3.0,3.0,3.0,200,0.0,0.0
2024-06-10 14:09:00-04:00,3.0,3.0,3.0,3.0,168,0.0,0.0
2024-06-10 14:11:00-04:00,3.0088999271392822,3.0088999271392822,3.0088999271392822,3.0088999271392822,332,0.0,0.0
2024-06-10 14:13:00-04:00,3.005000114440918,3.005000114440918,3.005000114440918,3.005000114440918,100,0.0,0.0
2024-06-10 14:19:00-04:00,3.009999990463257,3.009999990463257,3.009999990463257,3.009999990463257,100,0.0,0.0
2024-06-10 14:20:00-04:00,3.007999897003174,3.009999990463257,3.007999897003174,3.009999990463257,5000,0.0,0.0
2024-06-10 14:22:00-04:00,3.0099000930786133,3.0099000930786133,3.0099000930786133,3.0099000930786133,375,0.0,0.0
2024-06-10 14:24:00-04:00,3.000499963760376,3.009999990463257,3.000499963760376,3.005000114440918,2733,0.0,0.0
2024-06-10 14:26:00-04:00,3.009999990463257,3.009999990463257,3.009999990463257,3.009999990463257,100,0.0,0.0
2024-06-10 14:27:00-04:00,3.006500005722046,3.006500005722046,3.006500005722046,3.006500005722046,100,0.0,0.0
2024-06-10 14:28:00-04:00,3.005000114440918,3.005000114440918,3.005000114440918,3.005000114440918,200,0.0,0.0
2024-06-10 14:29:00-04:00,3.009999990463257,3.009999990463257,3.009999990463257,3.009999990463257,109,0.0,0.0
2024-06-10 14:31:00-04:00,3.0099000930786133,3.009999990463257,3.0099000930786133,3.009999990463257,261,0.0,0.0
2024-06-10 14:32:00-04:00,3.009999990463257,3.009999990463257,3.009999990463257,3.009999990463257,336,0.0,0.0
2024-06-10 14:33:00-04:00,3.010499954223633,3.010499954223633,3.009999990463257,3.009999990463257,368,0.0,0.0
2024-06-10 14:34:00-04:00,3.009999990463257,3.009999990463257,3.009999990463257,3.009999990463257,100,0.0,0.0
2024-06-10 14:37:00-04:00,3.009999990463257,3.009999990463257,3.009999990463257,3.009999990463257,200,0.0,0.0
2024-06-10 14:39:00-04:00,3.009999990463257,3.009999990463257,3.009999990463257,3.009999990463257,100,0.0,0.0
2024-06-10 14:42:00-04:00,3.009999990463257,3.009999990463257,3.009999990463257,3.009999990463257,100,0.0,0.0
2024-06-10 14:43:00-04:00,3.003999948501587,3.003999948501587,3.003999948501587,3.003999948501587,863,0.0,0.0
2024-06-10 14:45:00-04:00,3.009999990463257,3.009999990463257,3.009999990463257,3.009999990463257,291,0.0,0.0
2024-06-10 14:49:00-04:00,3.009999990463257,3.009999990463257,3.009999990463257,3.009999990463257,110,0.0,0.0
2024-06-10 14:50:00-04:00,3.005000114440918,3.005000114440918,3.005000114440918,3.005000114440918,162,0.0,0.0
2024-06-10 14:52:00-04:00,3.005000114440918,3.005000114440918,3.005000114440918,3.005000114440918,100,0.0,0.0
2024-06-10 14:55:00-04:00,3.005000114440918,3.005000114440918,3.005000114440918,3.005000114440918,129,0.0,0.0
2024-06-10 14:57:00-04:00,3.009999990463257,3.009999990463257,3.009999990463257,3.009999990463257,104,0.0,0.0
2024-06-10 15:00:00-04:00,3.009999990463257,3.009999990463257,3.009999990463257,3.009999990463257,100,0.0,0.0
2024-06-10 15:02:00-04:00,3.009999990463257,3.009999990463257,3.009999990463257,3.009999990463257,100,0.0,0.0
2024-06-10 15:04:00-04:00,3.009999990463257,3.009999990463257,3.009999990463257,3.009999990463257,100,0.0,0.0
2024-06-10 15:05:00-04:00,3.007999897003174,3.009999990463257,3.007999897003174,3.009399890899658,2700,0.0,0.0
2024-06-10 15:06:00-04:00,3.005000114440918,3.009999990463257,3.005000114440918,3.009999990463257,417,0.0,0.0
2024-06-10 15:10:00-04:00,3.005000114440918,3.009999990463257,3.005000114440918,3.009999990463257,858,0.0,0.0
2024-06-10 15:15:00-04:00,3.009999990463257,3.009999990463257,3.009999990463257,3.009999990463257,150,0.0,0.0
2024-06-10 15:17:00-04:00,3.009999990463257,3.009999990463257,3.009999990463257,3.009999990463257,200,0.0,0.0
2024-06-10 15:20:00-04:00,3.0199999809265137,3.0199999809265137,3.0199999809265137,3.0199999809265137,100,0.0,0.0
2024-06-10 15:22:00-04:00,3.0199999809265137,3.0199999809265137,3.0199999809265137,3.0199999809265137,105,0.0,0.0
2024-06-10 15:24:00-04:00,3.0199999809265137,3.0199999809265137,3.0199999809265137,3.0199999809265137,214,0.0,0.0
2024-06-10 15:31:00-04:00,3.009999990463257,3.009999990463257,3.009999990463257,3.009999990463257,1140,0.0,0.0
2024-06-10 15:32:00-04:00,3.009999990463257,3.009999990463257,3.005000114440918,3.009999990463257,981,0.0,0.0
2024-06-10 15:34:00-04:00,3.0106000900268555,3.015000104904175,3.0106000900268555,3.015000104904175,600,0.0,0.0
2024-06-10 15:35:00-04:00,3.0197999477386475,3.0197999477386475,3.0197999477386475,3.0197999477386475,2155,0.0,0.0
2024-06-10 15:40:00-04:00,3.015000104904175,3.015000104904175,3.009999990463257,3.009999990463257,3020,0.0,0.0
2024-06-10 15:41:00-04:00,3.009999990463257,3.009999990463257,3.009999990463257,3.009999990463257,258,0.0,0.0
2024-06-10 15:42:00-04:00,3.009999990463257,3.009999990463257,3.009999990463257,3.009999990463257,986,0.0,0.0
2024-06-10 15:43:00-04:00,3.005000114440918,3.005000114440918,3.005000114440918,3.005000114440918,208,0.0,0.0
2024-06-10 15:44:00-04:00,3.005000114440918,3.005000114440918,3.005000114440918,3.005000114440918,100,0.0,0.0
2024-06-10 15:45:00-04:00,3.005000114440918,3.005000114440918,3.005000114440918,3.005000114440918,200,0.0,0.0
2024-06-10 15:47:00-04:00,3.005000114440918,3.009999990463257,3.005000114440918,3.009999990463257,2611,0.0,0.0
2024-06-10 15:48:00-04:00,3.009999990463257,3.009999990463257,3.009999990463257,3.009999990463257,100,0.0,0.0
2024-06-10 15:49:00-04:00,3.009999990463257,3.009999990463257,3.009999990463257,3.009999990463257,172,0.0,0.0
2024-06-10 15:51:00-04:00,3.009999990463257,3.015000104904175,3.009999990463257,3.015000104904175,733,0.0,0.0
2024-06-10 15:53:00-04:00,3.015000104904175,3.015000104904175,3.015000104904175,3.015000104904175,116,0.0,0.0
2024-06-10 15:56:00-04:00,3.015000104904175,3.015000104904175,3.015000104904175,3.015000104904175,225,0.0,0.0
2024-06-10 15:57:00-04:00,3.015000104904175,3.015000104904175,3.015000104904175,3.015000104904175,534,0.0,0.0
2024-06-10 15:58:00-04:00,3.015000104904175,3.0199999809265137,3.015000104904175,3.015000104904175,892,0.0,0.0
2024-06-10 15:59:00-04:00,3.015000104904175,3.0199999809265137,3.005000114440918,3.0199999809265137,7580,0.0,0.0
2024-06-11 09:30:00-04:00,3.0,3.0,3.0,3.0,2878,0.0,0.0
2024-06-11 09:35:00-04:00,2.9600000381469727,2.9600000381469727,2.9600000381469727,2.9600000381469727,22571,0.0,0.0
2024-06-11 09:36:00-04:00,2.993799924850464,2.993799924850464,2.993799924850464,2.993799924850464,124,0.0,0.0
2024-06-11 09:40:00-04:00,2.9700000286102295,2.9700000286102295,2.9700000286102295,2.9700000286102295,1264,0.0,0.0
2024-06-11 09:41:00-04:00,2.9600000381469727,2.9700000286102295,2.9600000381469727,2.9700000286102295,1237,0.0,0.0
2024-06-11 09:43:00-04:00,2.970099925994873,2.970099925994873,2.970099925994873,2.970099925994873,1502,0.0,0.0
2024-06-11 09:45:00-04:00,2.9700000286102295,2.9700000286102295,2.9700000286102295,2.9700000286102295,250,0.0,0.0
2024-06-11 09:47:00-04:00,2.9649999141693115,2.9649999141693115,2.9649999141693115,2.9649999141693115,1515,0.0,0.0
2024-06-11 09:54:00-04:00,2.9700000286102295,2.9700000286102295,2.9700000286102295,2.9700000286102295,105,0.0,0.0
2024-06-11 09:55:00-04:00,2.9700000286102295,2.9700000286102295,2.9700000286102295,2.9700000286102295,460,0.0,0.0
2024-06-11 09:57:00-04:00,2.9700000286102295,2.9700000286102295,2.9700000286102295,2.9700000286102295,682,0.0,0.0
2024-06-11 09:59:00-04:00,2.9600000381469727,2.9749999046325684,2.9600000381469727,2.9749999046325684,1855,0.0,0.0
2024-06-11 10:00:00-04:00,2.9749999046325684,2.9749999046325684,2.9749999046325684,2.9749999046325684,1013,0.0,0.0
2024-06-11 10:01:00-04:00,2.9700000286102295,2.9700000286102295,2.9700000286102295,2.9700000286102295,101,0.0,0.0
2024-06-11 10:02:00-04:00,2.9700000286102295,2.9749999046325684,2.9700000286102295,2.9749999046325684,300,0.0,0.0
2024-06-11 10:03:00-04:00,2.9749999046325684,2.9749999046325684,2.9749999046325684,2.9749999046325684,216,0.0,0.0
2024-06-11 10:04:00-04:00,2.9749999046325684,2.9749999046325684,2.9749999046325684,2.9749999046325684,275,0.0,0.0
2024-06-11 10:05:00-04:00,2.9749999046325684,2.9749999046325684,2.9749999046325684,2.9749999046325684,115,0.0,0.0
2024-06-11 10:08:00-04:00,2.9800000190734863,2.9800000190734863,2.9800000190734863,2.9800000190734863,399,0.0,0.0
2024-06-11 10:10:00-04:00,2.9800000190734863,2.984999895095825,2.9800000190734863,2.984999895095825,535,0.0,0.0
2024-06-11 10:11:00-04:00,2.984999895095825,2.990000009536743,2.984999895095825,2.990000009536743,952,0.0,0.0
2024-06-11 10:12:00-04:00,2.98009991645813,2.98009991645813,2.98009991645813,2.98009991645813,125,0.0,0.0
2024-06-11 10:13:00-04:00,2.984999895095825,2.984999895095825,2.984999895095825,2.984999895095825,100,0.0,0.0
2024-06-11 10:14:00-04:00,2.984999895095825,2.984999895095825,2.984999895095825,2.984999895095825,300,0.0,0.0
2024-06-11 10:15:00-04:00,2.984999895095825,2.984999895095825,2.984999895095825,2.984999895095825,1809,0.0,0.0
2024-06-11 10:17:00-04:00,2.984999895095825,2.984999895095825,2.984999895095825,2.984999895095825,100,0.0,0.0
2024-06-11 10:18:00-04:00,2.984999895095825,2.984999895095825,2.9749999046325684,2.9749999046325684,1006,0.0,0.0
2024-06-11 10:21:00-04:00,2.9649999141693115,2.9649999141693115,2.9649999141693115,2.9649999141693115,609,0.0,0.0
2024-06-11 10:22:00-04:00,2.9649999141693115,2.9649999141693115,2.9649999141693115,2.9649999141693115,202,0.0,0.0
2024-06-11 10:24:00-04:00,2.9649999141693115,2.9649999141693115,2.9649999141693115,2.9649999141693115,15558,0.0,0.0
2024-06-11 10:30:00-04:00,2.9774999618530273,2.9774999618530273,2.9749999046325684,2.9774999618530273,1145,0.0,0.0
2024-06-11 10:31:00-04:00,2.984999895095825,2.984999895095825,2.984999895095825,2.984999895095825,756,0.0,0.0
2024-06-11 10:32:00-04:00,2.984999895095825,2.984999895095825,2.9839999675750732,2.9839999675750732,1456,0.0,0.0
2024-06-11 10:34:00-04:00,2.98799991607666,2.98799991607666,2.98799991607666,2.98799991607666,101,0.0,0.0
2024-06-11 10:35:00-04:00,2.984999895095825,2.984999895095825,2.984999895095825,2.984999895095825,121,0.0,0.0
2024-06-11 10:38:00-04:00,2.984999895095825,2.984999895095825,2.984999895095825,2.984999895095825,604,0.0,0.0
2024-06-11 10:40:00-04:00,2.990000009536743,2.990000009536743,2.990000009536743,2.990000009536743,1410,0.0,0.0
2024-06-11 10:41:00-04:00,2.997999906539917,2.997999906539917,2.997999906539917,2.997999906539917,778,0.0,0.0
2024-06-11 10:49:00-04:00,2.994999885559082,2.994999885559082,2.994999885559082,2.994999885559082,126,0.0,0.0
2024-06-11 10:50:00-04:00,2.994999885559082,2.994999885559082,2.994999885559082,2.994999885559082,65494,0.0,0.0
2024-06-11 10:51:00-04:00,2.994999885559082,2.994999885559082,2.994999885559082,2.994999885559082,208,0.0,0.0
2024-06-11 10:53:00-04:00,2.984999895095825,2.984999895095825,2.984999895095825,2.984999895095825,135,0.0,0.0
2024-06-11 10:57:00-04:00,2.984999895095825,2.984999895095825,2.984999895095825,2.984999895095825,252,0.0,0.0
2024-06-11 10:58:00-04:00,2.984999895095825,2.984999895095825,2.984999895095825,2.984999895095825,268,0.0,0.0
2024-06-11 11:00:00-04:00,2.984999895095825,2.984999895095825,2.984999895095825,2.984999895095825,121,0.0,0.0
2024-06-11 11:07:00-04:00,2.9800000190734863,2.984999895095825,2.9800000190734863,2.984999895095825,400,0.0,0.0
2024-06-11 11:08:00-04:00,2.98799991607666,2.98799991607666,2.98799991607666,2.98799991607666,1314,0.0,0.0
2024-06-11 11:11:00-04:00,2.984999895095825,2.984999895095825,2.9800000190734863,2.984999895095825,986,0.0,0.0
2024-06-11 11:12:00-04:00,2.984999895095825,2.984999895095825,2.984999895095825,2.984999895095825,244,0.0,0.0
2024-06-11 11:17:00-04:00,2.984999895095825,2.984999895095825,2.984999895095825,2.984999895095825,265,0.0,0.0
2024-06-11 11:20:00-04:00,2.9816999435424805,2.9816999435424805,2.9816999435424805,2.9816999435424805,207,0.0,0.0
2024-06-11 11:23:00-04:00,2.984999895095825,2.984999895095825,2.984999895095825,2.984999895095825,4478,0.0,0.0
2024-06-11 11:24:00-04:00,2.984999895095825,2.984999895095825,2.984999895095825,2.984999895095825,467,0.0,0.0
2024-06-11 11:40:00-04:00,2.984999895095825,2.984999895095825,2.984999895095825,2.984999895095825,100,0.0,0.0
2024-06-11 11:41:00-04:00,2.980299949645996,2.980299949645996,2.980299949645996,2.980299949645996,121,0.0,0.0
2024-06-11 11:42:00-04:00,2.984999895095825,2.984999895095825,2.9800000190734863,2.984999895095825,1608,0.0,0.0
2024-06-11 11:43:00-04:00,2.984999895095825,2.984999895095825,2.9800000190734863,2.9800000190734863,401,0.0,0.0
2024-06-11 11:44:00-04:00,2.9800000190734863,2.9800000190734863,2.9800000190734863,2.9800000190734863,106,0.0,0.0
2024-06-11 11:47:00-04:00,2.9749999046325684,2.9749999046325684,2.9749999046325684,2.9749999046325684,126,0.0,0.0
2024-06-11 11:50:00-04:00,2.9749999046325684,2.9749999046325684,2.9707999229431152,2.9749999046325684,2271,0.0,0.0
2024-06-11 12:02:00-04:00,2.9749999046325684,2.9749999046325684,2.972399950027466,2.972399950027466,10756,0.0,0.0
2024-06-11 12:03:00-04:00,2.9749999046325684,2.9749999046325684,2.9700000286102295,2.9749999046325684,760,0.0,0.0
2024-06-11 12:06:00-04:00,2.9749999046325684,2.9749999046325684,2.9749999046325684,2.9749999046325684,331,0.0,0.0
2024-06-11 12:11:00-04:00,2.9749999046325684,2.9749999046325684,2.9749999046325684,2.9749999046325684,103,0.0,0.0
2024-06-11 12:12:00-04:00,2.9749999046325684,2.9749999046325684,2.9749999046325684,2.9749999046325684,203,0.0,0.0
2024-06-11 12:13:00-04:00,2.9798998832702637,2.9800000190734863,2.9798998832702637,2.9800000190734863,1302,0.0,0.0
2024-06-11 12:16:00-04:00,2.9749999046325684,2.9749999046325684,2.9749999046325684,2.9749999046325684,258,0.0,0.0
2024-06-11 12:19:00-04:00,2.9749999046325684,2.9779999256134033,2.9749999046325684,2.9779999256134033,536,0.0,0.0
2024-06-11 12:20:00-04:00,2.9779999256134033,2.9779999256134033,2.9749999046325684,2.9749999046325684,1107,0.0,0.0
2024-06-11 12:21:00-04:00,2.9749999046325684,2.9749999046325684,2.9700000286102295,2.9700000286102295,601,0.0,0.0
2024-06-11 12:22:00-04:00,2.9749999046325684,2.9749999046325684,2.9749999046325684,2.9749999046325684,100,0.0,0.0
2024-06-11 12:23:00-04:00,2.9749999046325684,2.9749999046325684,2.9749999046325684,2.9749999046325684,200,0.0,0.0
2024-06-11 12:24:00-04:00,2.9749999046325684,2.9749999046325684,2.9749999046325684,2.9749999046325684,432,0.0,0.0
2024-06-11 12:26:00-04:00,2.9739999771118164,2.9739999771118164,2.9739999771118164,2.9739999771118164,1961,0.0,0.0
2024-06-11 12:42:00-04:00,2.9749999046325684,2.9749999046325684,2.9749999046325684,2.9749999046325684,300,0.0,0.0
2024-06-11 12:43:00-04:00,2.9749999046325684,2.9749999046325684,2.9749999046325684,2.9749999046325684,122,0.0,0.0
2024-06-11 12:50:00-04:00,2.9749999046325684,2.9749999046325684,2.9749999046325684,2.9749999046325684,224,0.0,0.0
2024-06-11 12:58:00-04:00,2.9700000286102295,2.9700000286102295,2.9700000286102295,2.9700000286102295,1242,0.0,0.0
2024-06-11 12:59:00-04:00,2.9749999046325684,2.9749999046325684,2.9749999046325684,2.9749999046325684,221,0.0,0.0
2024-06-11 13:00:00-04:00,2.9800000190734863,2.9800000190734863,2.9800000190734863,2.9800000190734863,666,0.0,0.0
2024-06-11 13:01:00-04:00,2.9800000190734863,2.9800000190734863,2.9800000190734863,2.9800000190734863,1767,0.0,0.0
2024-06-11 13:03:00-04:00,2.990000009536743,2.990000009536743,2.990000009536743,2.990000009536743,530,0.0,0.0
2024-06-11 13:06:00-04:00,3.0,3.0,3.0,3.0,188,0.0,0.0
2024-06-11 13:12:00-04:00,2.994999885559082,2.994999885559082,2.990000009536743,2.990000009536743,300,0.0,0.0
2024-06-11 13:13:00-04:00,2.990000009536743,2.990000009536743,2.990000009536743,2.990000009536743,207,0.0,0.0
2024-06-11 13:49:00-04:00,2.984999895095825,2.984999895095825,2.984999895095825,2.984999895095825,115,0.0,0.0
2024-06-11 13:51:00-04:00,2.98009991645813,2.98009991645813,2.98009991645813,2.98009991645813,1007,0.0,0.0
2024-06-11 13:54:00-04:00,2.98799991607666,2.98799991607666,2.98799991607666,2.98799991607666,380,0.0,0.0
2024-06-11 14:00:00-04:00,2.990000009536743,2.990000009536743,2.990000009536743,2.990000009536743,133,0.0,0.0
2024-06-11 14:02:00-04:00,2.990000009536743,2.990000009536743,2.990000009536743,2.990000009536743,507,0.0,0.0
2024-06-11 14:10:00-04:00,2.990000009536743,2.990000009536743,2.9800000190734863,2.9800000190734863,1701,0.0,0.0
2024-06-11 14:11:00-04:00,2.984999895095825,2.98799991607666,2.984999895095825,2.984999895095825,2484,0.0,0.0
2024-06-11 14:13:00-04:00,2.984999895095825,2.990000009536743,2.984999895095825,2.990000009536743,570,0.0,0.0
2024-06-11 14:14:00-04:00,2.990000009536743,2.990000009536743,2.990000009536743,2.990000009536743,200,0.0,0.0
2024-06-11 14:15:00-04:00,2.990000009536743,2.990000009536743,2.990000009536743,2.990000009536743,107,0.0,0.0
2024-06-11 14:16:00-04:00,2.990000009536743,2.990000009536743,2.990000009536743,2.990000009536743,105,0.0,0.0
2024-06-11 14:17:00-04:00,2.990000009536743,2.990000009536743,2.990000009536743,2.990000009536743,1211,0.0,0.0
2024-06-11 14:18:00-04:00,2.994999885559082,2.994999885559082,2.994999885559082,2.994999885559082,419,0.0,0.0
2024-06-11 14:22:00-04:00,3.0,3.005000114440918,3.0,3.005000114440918,922,0.0,0.0
2024-06-11 14:29:00-04:00,3.009999990463257,3.009999990463257,3.009999990463257,3.009999990463257,331,0.0,0.0
2024-06-11 14:31:00-04:00,3.009999990463257,3.009999990463257,3.0011000633239746,3.0011000633239746,633,0.0,0.0
2024-06-11 14:32:00-04:00,3.009999990463257,3.009999990463257,3.009999990463257,3.009999990463257,646,0.0,0.0
2024-06-11 14:33:00-04:00,3.009999990463257,3.015000104904175,3.009999990463257,3.015000104904175,455,0.0,0.0
2024-06-11 14:34:00-04:00,3.009999990463257,3.009999990463257,3.009999990463257,3.009999990463257,567,0.0,0.0
2024-06-11 14:36:00-04:00,3.005000114440918,3.005000114440918,3.005000114440918,3.005000114440918,507,0.0,0.0
2024-06-11 14:39:00-04:00,3.005000114440918,3.005000114440918,3.005000114440918,3.005000114440918,175,0.0,0.0
2024-06-11 14:42:00-04:00,3.003999948501587,3.003999948501587,3.003999948501587,3.003999948501587,949,0.0,0.0
2024-06-11 14:45:00-04:00,3.007999897003174,3.007999897003174,3.007999897003174,3.007999897003174,388,0.0,0.0
2024-06-11 14:50:00-04:00,3.005000114440918,3.005000114440918,3.005000114440918,3.005000114440918,556,0.0,0.0
2024-06-11 15:00:00-04:00,3.009999990463257,3.015000104904175,3.009999990463257,3.009999990463257,3300,0.0,0.0
2024-06-11 15:01:00-04:00,3.005000114440918,3.009999990463257,3.005000114440918,3.009999990463257,1128,0.0,0.0
2024-06-11 15:03:00-04:00,3.005000114440918,3.005000114440918,3.005000114440918,3.005000114440918,735,0.0,0.0
2024-06-11 15:08:00-04:00,3.009999990463257,3.009999990463257,3.009999990463257,3.009999990463257,218,0.0,0.0
2024-06-11 15:12:00-04:00,3.005000114440918,3.005000114440918,3.005000114440918,3.005000114440918,591,0.0,0.0
2024-06-11 15:18:00-04:00,3.005000114440918,3.005000114440918,3.005000114440918,3.005000114440918,221,0.0,0.0
2024-06-11 15:19:00-04:00,3.005000114440918,3.005000114440918,3.005000114440918,3.005000114440918,138,0.0,0.0
2024-06-11 15:20:00-04:00,3.005000114440918,3.005000114440918,3.005000114440918,3.005000114440918,221,0.0,0.0
2024-06-11 15:23:00-04:00,3.009200096130371,3.009200096130371,3.009200096130371,3.009200096130371,453,0.0,0.0
2024-06-11 15:25:00-04:00,3.005000114440918,3.009999990463257,3.005000114440918,3.009999990463257,1532,0.0,0.0
2024-06-11 15:28:00-04:00,3.0000998973846436,3.005000114440918,3.0000998973846436,3.005000114440918,723,0.0,0.0
2024-06-11 15:30:00-04:00,3.005000114440918,3.005000114440918,3.0,3.005000114440918,1287,0.0,0.0
2024-06-11 15:35:00-04:00,3.0041000843048096,3.0041000843048096,3.0041000843048096,3.0041000843048096,206,0.0,0.0
2024-06-11 15:37:00-04:00,3.005000114440918,3.005000114440918,3.005000114440918,3.005000114440918,116,0.0,0.0
2024-06-11 15:40:00-04:00,3.009999990463257,3.009999990463257,3.009999990463257,3.009999990463257,939,0.0,0.0
2024-06-11 15:41:00-04:00,3.005000114440918,3.005000114440918,3.005000114440918,3.005000114440918,142,0.0,0.0
2024-06-11 15:43:00-04:00,3.005000114440918,3.005000114440918,3.0,3.005000114440918,1141,0.0,0.0
2024-06-11 15:46:00-04:00,3.005000114440918,3.005000114440918,3.005000114440918,3.005000114440918,201,0.0,0.0
2024-06-11 15:47:00-04:00,3.005000114440918,3.005000114440918,3.005000114440918,3.005000114440918,187,0.0,0.0
2024-06-11 15:48:00-04:00,3.005000114440918,3.005000114440918,3.005000114440918,3.005000114440918,693,0.0,0.0
2024-06-11 15:49:00-04:00,3.005000114440918,3.005000114440918,3.005000114440918,3.005000114440918,278,0.0,0.0
2024-06-11 15:50:00-04:00,3.009999990463257,3.009999990463257,3.005000114440918,3.009999990463257,498,0.0,0.0
2024-06-11 15:51:00-04:00,3.009999990463257,3.009999990463257,3.005000114440918,3.005000114440918,611,0.0,0.0
2024-06-11 15:52:00-04:00,3.009999990463257,3.009999990463257,3.009999990463257,3.009999990463257,118,0.0,0.0
2024-06-11 15:53:00-04:00,3.009999990463257,3.009999990463257,3.009999990463257,3.009999990463257,260,0.0,0.0
2024-06-11 15:54:00-04:00,3.009999990463257,3.009999990463257,3.0095999240875244,3.009999990463257,1375,0.0,0.0
2024-06-11 15:55:00-04:00,3.009999990463257,3.009999990463257,3.009999990463257,3.009999990463257,100,0.0,0.0
2024-06-11 15:56:00-04:00,3.009999990463257,3.009999990463257,3.009999990463257,3.009999990463257,346,0.0,0.0
2024-06-11 15:57:00-04:00,3.009999990463257,3.009999990463257,3.009999990463257,3.009999990463257,1461,0.0,0.0
2024-06-11 15:58:00-04:00,3.015000104904175,3.015000104904175,3.015000104904175,3.015000104904175,495,0.0,0.0
2024-06-11 15:59:00-04:00,3.015000104904175,3.0199999809265137,3.005000114440918,3.0190000534057617,6698,0.0,0.0
2024-06-12 09:30:00-04:00,3.069999933242798,3.069999933242798,3.0399999618530273,3.0399999618530273,13120,0.0,0.0
2024-06-12 09:35:00-04:00,3.0399999618530273,3.0399999618530273,3.0399999618530273,3.0399999618530273,315,0.0,0.0
2024-06-12 09:36:00-04:00,3.0299999713897705,3.0350000858306885,3.0299999713897705,3.0350000858306885,1651,0.0,0.0
2024-06-12 09:37:00-04:00,3.0299999713897705,3.0299999713897705,3.0201001167297363,3.0299999713897705,5976,0.0,0.0
2024-06-12 09:38:00-04:00,3.0299999713897705,3.0299999713897705,3.0199999809265137,3.0299999713897705,3400,0.0,0.0
2024-06-12 09:39:00-04:00,3.0299999713897705,3.0299999713897705,3.0299999713897705,3.0299999713897705,500,0.0,0.0
2024-06-12 09:40:00-04:00,3.0299999713897705,3.0299999713897705,3.0299999713897705,3.0299999713897705,400,0.0,0.0
2024-06-12 09:41:00-04:00,3.0299999713897705,3.0350000858306885,3.0299999713897705,3.0299999713897705,3096,0.0,0.0
2024-06-12 09:42:00-04:00,3.0350000858306885,3.0399999618530273,3.0350000858306885,3.0399999618530273,664,0.0,0.0
2024-06-12 09:43:00-04:00,3.049999952316284,3.049999952316284,3.0399999618530273,3.0399999618530273,3416,0.0,0.0
2024-06-12 09:45:00-04:00,3.040299892425537,3.0495998859405518,3.040299892425537,3.0495998859405518,642,0.0,0.0
2024-06-12 09:50:00-04:00,3.049999952316284,3.049999952316284,3.0399999618530273,3.0399999618530273,3653,0.0,0.0
2024-06-12 09:54:00-04:00,3.0399999618530273,3.0399999618530273,3.0399999618530273,3.0399999618530273,310,0.0,0.0
2024-06-12 09:55:00-04:00,3.0399999618530273,3.0450000762939453,3.0399999618530273,3.0450000762939453,626,0.0,0.0
2024-06-12 09:56:00-04:00,3.0450000762939453,3.0450000762939453,3.0450000762939453,3.0450000762939453,1105,0.0,0.0
2024-06-12 09:57:00-04:00,3.0450000762939453,3.0450000762939453,3.0450000762939453,3.0450000762939453,300,0.0,0.0
2024-06-12 09:58:00-04:00,3.0450000762939453,3.0450000762939453,3.0450000762939453,3.0450000762939453,807,0.0,0.0
2024-06-12 10:00:00-04:00,3.0450000762939453,3.0450000762939453,3.0450000762939453,3.0450000762939453,200,0.0,0.0
2024-06-12 10:01:00-04:00,3.0450000762939453,3.0450000762939453,3.0450000762939453,3.0450000762939453,100,0.0,0.0
2024-06-12 10:02:00-04:00,3.049999952316284,3.049999952316284,3.049999952316284,3.049999952316284,4928,0.0,0.0
2024-06-12 10:05:00-04:00,3.049999952316284,3.049999952316284,3.049999952316284,3.049999952316284,5100,0.0,0.0
2024-06-12 10:06:00-04:00,3.0592000484466553,3.0592000484466553,3.0592000484466553,3.0592000484466553,200,0.0,0.0
2024-06-12 10:07:00-04:00,3.049999952316284,3.049999952316284,3.049999952316284,3.049999952316284,998,0.0,0.0
2024-06-12 10:08:00-04:00,3.049999952316284,3.049999952316284,3.0399999618530273,3.049999952316284,9647,0.0,0.0
2024-06-12 10:09:00-04:00,3.049999952316284,3.049999952316284,3.049999952316284,3.049999952316284,500,0.0,0.0
2024-06-12 10:10:00-04:00,3.04010009765625,3.049999952316284,3.04010009765625,3.049999952316284,1404,0.0,0.0
2024-06-12 10:11:00-04:00,3.049999952316284,3.049999952316284,3.049999952316284,3.049999952316284,63208,0.0,0.0
2024-06-12 10:12:00-04:00,3.055000066757202,3.055000066757202,3.055000066757202,3.055000066757202,130,0.0,0.0
2024-06-12 10:13:00-04:00,3.059999942779541,3.059999942779541,3.0559000968933105,3.0559000968933105,1349,0.0,0.0
2024-06-12 10:25:00-04:00,3.059999942779541,3.069999933242798,3.059999942779541,3.069999933242798,980,0.0,0.0
2024-06-12 10:26:00-04:00,3.069999933242798,3.069999933242798,3.069999933242798,3.069999933242798,314,0.0,0.0
2024-06-12 10:30:00-04:00,3.059999942779541,3.059999942779541,3.059999942779541,3.059999942779541,991,0.0,0.0
2024-06-12 10:31:00-04:00,3.059999942779541,3.059999942779541,3.049999952316284,3.055000066757202,3697,0.0,0.0
2024-06-12 10:32:00-04:00,3.059999942779541,3.059999942779541,3.053999900817871,3.059999942779541,1495,0.0,0.0
2024-06-12 10:33:00-04:00,3.055000066757202,3.059999942779541,3.055000066757202,3.059999942779541,427,0.0,0.0
2024-06-12 10:35:00-04:00,3.059999942779541,3.059999942779541,3.059999942779541,3.059999942779541,7291,0.0,0.0
2024-06-12 10:45:00-04:00,3.049999952316284,3.049999952316284,3.049999952316284,3.049999952316284,1020,0.0,0.0
2024-06-12 10:49:00-04:00,3.0566999912261963,3.0566999912261963,3.0566999912261963,3.0566999912261963,135,0.0,0.0
2024-06-12 10:51:00-04:00,3.049999952316284,3.049999952316284,3.049999952316284,3.049999952316284,147,0.0,0.0
2024-06-12 11:02:00-04:00,3.055000066757202,3.055000066757202,3.055000066757202,3.055000066757202,180,0.0,0.0
2024-06-12 11:03:00-04:00,3.055000066757202,3.0899999141693115,3.055000066757202,3.075000047683716,30859,0.0,0.0
2024-06-12 11:04:00-04:00,3.075000047683716,3.075000047683716,3.075000047683716,3.075000047683716,500,0.0,0.0
2024-06-12 11:12:00-04:00,3.077899932861328,3.077899932861328,3.077899932861328,3.077899932861328,3765,0.0,0.0
2024-06-12 11:36:00-04:00,3.069999933242798,3.069999933242798,3.069999933242798,3.069999933242798,120,0.0,0.0
2024-06-12 11:38:00-04:00,3.0799999237060547,3.0799999237060547,3.0799999237060547,3.0799999237060547,158,0.0,0.0
2024-06-12 11:40:00-04:00,3.0799999237060547,3.0850000381469727,3.0799999237060547,3.0850000381469727,2332,0.0,0.0
2024-06-12 11:41:00-04:00,3.0899999141693115,3.0899999141693115,3.0850000381469727,3.089900016784668,514,0.0,0.0
2024-06-12 11:43:00-04:00,3.0810000896453857,3.0810000896453857,3.069999933242798,3.069999933242798,2404,0.0,0.0
2024-06-12 11:44:00-04:00,3.069999933242798,3.069999933242798,3.069999933242798,3.069999933242798,244,0.0,0.0
2024-06-12 11:47:00-04:00,3.069999933242798,3.069999933242798,3.069999933242798,3.069999933242798,263,0.0,0.0
2024-06-12 11:54:00-04:00,3.069999933242798,3.069999933242798,3.069999933242798,3.069999933242798,528,0.0,0.0
2024-06-12 12:07:00-04:00,3.069999933242798,3.069999933242798,3.065000057220459,3.065000057220459,484,0.0,0.0
2024-06-12 12:13:00-04:00,3.065000057220459,3.065000057220459,3.065000057220459,3.065000057220459,150,0.0,0.0
2024-06-12 12:18:00-04:00,3.065000057220459,3.065000057220459,3.065000057220459,3.065000057220459,442,0.0,0.0
2024-06-12 12:21:00-04:00,3.065000057220459,3.065000057220459,3.065000057220459,3.065000057220459,100,0.0,0.0
2024-06-12 12:22:00-04:00,3.063999891281128,3.065000057220459,3.063999891281128,3.065000057220459,1581,0.0,0.0
2024-06-12 12:23:00-04:00,3.065000057220459,3.065000057220459,3.065000057220459,3.065000057220459,100,0.0,0.0
2024-06-12 12:24:00-04:00,3.065000057220459,3.065000057220459,3.065000057220459,3.065000057220459,201,0.0,0.0
2024-06-12 12:30:00-04:00,3.059999942779541,3.059999942779541,3.059999942779541,3.059999942779541,576,0.0,0.0
2024-06-12 12:34:00-04:00,3.049999952316284,3.049999952316284,3.049999952316284,3.049999952316284,363,0.0,0.0
2024-06-12 12:38:00-04:00,3.055000066757202,3.055000066757202,3.055000066757202,3.055000066757202,100,0.0,0.0
2024-06-12 12:39:00-04:00,3.049999952316284,3.049999952316284,3.049999952316284,3.049999952316284,113,0.0,0.0
2024-06-12 12:40:00-04:00,3.055000066757202,3.055000066757202,3.055000066757202,3.055000066757202,100,0.0,0.0
2024-06-12 12:41:00-04:00,3.049999952316284,3.055000066757202,3.049999952316284,3.055000066757202,200,0.0,0.0
2024-06-12 12:42:00-04:00,3.049999952316284,3.049999952316284,3.049999952316284,3.049999952316284,100,0.0,0.0
2024-06-12 12:43:00-04:00,3.055000066757202,3.055000066757202,3.055000066757202,3.055000066757202,110,0.0,0.0
2024-06-12 12:45:00-04:00,3.055000066757202,3.055000066757202,3.055000066757202,3.055000066757202,125,0.0,0.0
2024-06-12 12:47:00-04:00,3.055000066757202,3.055000066757202,3.055000066757202,3.055000066757202,121,0.0,0.0
2024-06-12 12:51:00-04:00,3.055000066757202,3.055000066757202,3.055000066757202,3.055000066757202,215,0.0,0.0
2024-06-12 12:54:00-04:00,3.055000066757202,3.055000066757202,3.055000066757202,3.055000066757202,151,0.0,0.0
2024-06-12 12:55:00-04:00,3.055000066757202,3.055000066757202,3.049999952316284,3.049999952316284,1300,0.0,0.0
2024-06-12 12:56:00-04:00,3.055000066757202,3.055000066757202,3.055000066757202,3.055000066757202,100,0.0,0.0
2024-06-12 12:57:00-04:00,3.049999952316284,3.049999952316284,3.0399999618530273,3.0399999618530273,1491,0.0,0.0
2024-06-12 12:59:00-04:00,3.0450000762939453,3.0450000762939453,3.0450000762939453,3.0450000762939453,471,0.0,0.0
2024-06-12 13:00:00-04:00,3.0450000762939453,3.0450000762939453,3.0415000915527344,3.0450000762939453,1531,0.0,0.0
2024-06-12 13:01:00-04:00,3.0450000762939453,3.0450000762939453,3.0450000762939453,3.0450000762939453,1056,0.0,0.0
2024-06-12 13:02:00-04:00,3.0450000762939453,3.0450000762939453,3.0450000762939453,3.0450000762939453,226,0.0,0.0
2024-06-12 13:03:00-04:00,3.0450000762939453,3.0450000762939453,3.0450000762939453,3.0450000762939453,326,0.0,0.0
2024-06-12 13:04:00-04:00,3.0450000762939453,3.0450000762939453,3.0450000762939453,3.0450000762939453,226,0.0,0.0
2024-06-12 13:05:00-04:00,3.0450000762939453,3.0450000762939453,3.0450000762939453,3.0450000762939453,1726,0.0,0.0
2024-06-12 13:06:00-04:00,3.0450000762939453,3.0450000762939453,3.0450000762939453,3.0450000762939453,1994,0.0,0.0
2024-06-12 13:08:00-04:00,3.049999952316284,3.049999952316284,3.049999952316284,3.049999952316284,202,0.0,0.0
2024-06-12 13:10:00-04:00,3.049999952316284,3.049999952316284,3.049999952316284,3.049999952316284,120,0.0,0.0
2024-06-12 13:12:00-04:00,3.0443999767303467,3.0450000762939453,3.0443999767303467,3.0450000762939453,2232,0.0,0.0
2024-06-12 13:13:00-04:00,3.04010009765625,3.0450000762939453,3.04010009765625,3.0450000762939453,816,0.0,0.0
2024-06-12 13:14:00-04:00,3.0450000762939453,3.0450000762939453,3.0450000762939453,3.0450000762939453,614,0.0,0.0
2024-06-12 13:23:00-04:00,3.0450000762939453,3.0450000762939453,3.0450000762939453,3.0450000762939453,394,0.0,0.0
2024-06-12 13:27:00-04:00,3.0450000762939453,3.0450000762939453,3.0450000762939453,3.0450000762939453,600,0.0,0.0
2024-06-12 13:28:00-04:00,3.049999952316284,3.049999952316284,3.049999952316284,3.049999952316284,100,0.0,0.0
2024-06-12 13:30:00-04:00,3.0450000762939453,3.049999952316284,3.0450000762939453,3.0450000762939453,1068,0.0,0.0
2024-06-12 13:31:00-04:00,3.0450000762939453,3.049999952316284,3.0450000762939453,3.046099901199341,515,0.0,0.0
2024-06-12 13:32:00-04:00,3.0450000762939453,3.0450000762939453,3.0450000762939453,3.0450000762939453,803,0.0,0.0
2024-06-12 13:33:00-04:00,3.0450000762939453,3.0450000762939453,3.0399999618530273,3.0450000762939453,958,0.0,0.0
2024-06-12 13:34:00-04:00,3.04830002784729,3.049999952316284,3.04830002784729,3.049999952316284,5418,0.0,0.0
2024-06-12 13:37:00-04:00,3.059999942779541,3.059999942779541,3.059999942779541,3.059999942779541,127,0.0,0.0
2024-06-12 13:39:00-04:00,3.059999942779541,3.059999942779541,3.059999942779541,3.059999942779541,100,0.0,0.0
2024-06-12 13:41:00-04:00,3.059999942779541,3.059999942779541,3.059999942779541,3.059999942779541,100,0.0,0.0
2024-06-12 13:42:00-04:00,3.059999942779541,3.059999942779541,3.059999942779541,3.059999942779541,100,0.0,0.0
2024-06-12 13:44:00-04:00,3.059999942779541,3.059999942779541,3.059999942779541,3.059999942779541,100,0.0,0.0
2024-06-12 13:46:00-04:00,3.059999942779541,3.059999942779541,3.059999942779541,3.059999942779541,100,0.0,0.0
2024-06-12 13:48:00-04:00,3.059999942779541,3.059999942779541,3.059999942779541,3.059999942779541,102,0.0,0.0
2024-06-12 13:50:00-04:00,3.055000066757202,3.059999942779541,3.055000066757202,3.059999942779541,294,0.0,0.0
2024-06-12 13:52:00-04:00,3.055000066757202,3.055000066757202,3.055000066757202,3.055000066757202,258,0.0,0.0
2024-06-12 13:54:00-04:00,3.055000066757202,3.055000066757202,3.055000066757202,3.055000066757202,226,0.0,0.0
2024-06-12 13:56:00-04:00,3.055000066757202,3.055000066757202,3.055000066757202,3.055000066757202,122,0.0,0.0
2024-06-12 13:57:00-04:00,3.055000066757202,3.055000066757202,3.055000066757202,3.055000066757202,206,0.0,0.0
2024-06-12 13:59:00-04:00,3.049999952316284,3.049999952316284,3.049999952316284,3.049999952316284,478,0.0,0.0
2024-06-12 14:00:00-04:00,3.049999952316284,3.049999952316284,3.0399999618530273,3.0399999618530273,2875,0.0,0.0
2024-06-12 14:01:00-04:00,3.0250000953674316,3.0250000953674316,3.0250000953674316,3.0250000953674316,356,0.0,0.0
2024-06-12 14:02:00-04:00,3.0299999713897705,3.0299999713897705,3.0299999713897705,3.0299999713897705,272,0.0,0.0
2024-06-12 14:03:00-04:00,3.0299999713897705,3.0299999713897705,3.0299999713897705,3.0299999713897705,2253,0.0,0.0
2024-06-12 14:06:00-04:00,3.0399999618530273,3.0399999618530273,3.0399999618530273,3.0399999618530273,846,0.0,0.0
2024-06-12 14:09:00-04:00,3.0450000762939453,3.0450000762939453,3.0299999713897705,3.0299999713897705,1405,0.0,0.0
2024-06-12 14:10:00-04:00,3.0350000858306885,3.0350000858306885,3.0350000858306885,3.0350000858306885,218,0.0,0.0
2024-06-12 14:11:00-04:00,3.0299999713897705,3.0299999713897705,3.0299999713897705,3.0299999713897705,200,0.0,0.0
2024-06-12 14:12:00-04:00,3.035799980163574,3.035799980163574,3.035799980163574,3.035799980163574,311,0.0,0.0
2024-06-12 14:13:00-04:00,3.0299999713897705,3.0299999713897705,3.0299999713897705,3.0299999713897705,100,0.0,0.0
2024-06-12 14:14:00-04:00,3.0350000858306885,3.0350000858306885,3.0350000858306885,3.0350000858306885,100,0.0,0.0
2024-06-12 14:15:00-04:00,3.0299999713897705,3.0350000858306885,3.0299999713897705,3.0350000858306885,1297,0.0,0.0
2024-06-12 14:16:00-04:00,3.0399999618530273,3.0399999618530273,3.0399999618530273,3.0399999618530273,140,0.0,0.0
2024-06-12 14:17:00-04:00,3.0399999618530273,3.0399999618530273,3.0399999618530273,3.0399999618530273,1454,0.0,0.0
2024-06-12 14:19:00-04:00,3.0450000762939453,3.0450000762939453,3.0450000762939453,3.0450000762939453,305,0.0,0.0
2024-06-12 14:20:00-04:00,3.0450000762939453,3.0450000762939453,3.0450000762939453,3.0450000762939453,240,0.0,0.0
2024-06-12 14:21:00-04:00,3.0450000762939453,3.0450000762939453,3.0450000762939453,3.0450000762939453,211,0.0,0.0
2024-06-12 14:24:00-04:00,3.0450000762939453,3.0450000762939453,3.0450000762939453,3.0450000762939453,204,0.0,0.0
2024-06-12 14:28:00-04:00,3.049999952316284,3.055000066757202,3.049999952316284,3.055000066757202,1142,0.0,0.0
2024-06-12 14:30:00-04:00,3.055000066757202,3.059999942779541,3.055000066757202,3.059999942779541,288,0.0,0.0
2024-06-12 14:31:00-04:00,3.049999952316284,3.049999952316284,3.049999952316284,3.049999952316284,210,0.0,0.0
2024-06-12 14:33:00-04:00,3.0399999618530273,3.049999952316284,3.0399999618530273,3.049999952316284,1447,0.0,0.0
2024-06-12 14:35:00-04:00,3.049999952316284,3.049999952316284,3.0399999618530273,3.0399999618530273,1821,0.0,0.0
2024-06-12 14:36:00-04:00,3.0399999618530273,3.0399999618530273,3.0399999618530273,3.0399999618530273,100,0.0,0.0
2024-06-12 14:37:00-04:00,3.0399999618530273,3.0399999618530273,3.0399999618530273,3.0399999618530273,853,0.0,0.0
2024-06-12 14:38:00-04:00,3.049999952316284,3.049999952316284,3.049999952316284,3.049999952316284,175,0.0,0.0
2024-06-12 14:40:00-04:00,3.049999952316284,3.049999952316284,3.049999952316284,3.049999952316284,200,0.0,0.0
2024-06-12 14:41:00-04:00,3.0450000762939453,3.0450000762939453,3.0450000762939453,3.0450000762939453,200,0.0,0.0
2024-06-12 14:42:00-04:00,3.0450000762939453,3.0450000762939453,3.0450000762939453,3.0450000762939453,101,0.0,0.0
2024-06-12 14:44:00-04:00,3.0299999713897705,3.0350000858306885,3.0299999713897705,3.0350000858306885,3514,0.0,0.0
2024-06-12 14:45:00-04:00,3.0350000858306885,3.0399999618530273,3.0350000858306885,3.0399999618530273,2024,0.0,0.0
2024-06-12 14:50:00-04:00,3.0350000858306885,3.0350000858306885,3.0350000858306885,3.0350000858306885,247,0.0,0.0
2024-06-12 14:52:00-04:00,3.0299999713897705,3.0299999713897705,3.0299999713897705,3.0299999713897705,2810,0.0,0.0
2024-06-12 14:53:00-04:00,3.0299999713897705,3.0399999618530273,3.0299999713897705,3.0399999618530273,578,0.0,0.0
2024-06-12 14:55:00-04:00,3.0399999618530273,3.0399999618530273,3.0399999618530273,3.0399999618530273,100,0.0,0.0
2024-06-12 14:56:00-04:00,3.0399999618530273,3.0399999618530273,3.0399999618530273,3.0399999618530273,545,0.0,0.0
2024-06-12 14:57:00-04:00,3.049999952316284,3.049999952316284,3.049999952316284,3.049999952316284,300,0.0,0.0
2024-06-12 14:59:00-04:00,3.0490000247955322,3.049999952316284,3.0490000247955322,3.049999952316284,300,0.0,0.0
2024-06-12 15:00:00-04:00,3.0399999618530273,3.0450000762939453,3.0350000858306885,3.0350000858306885,1220,0.0,0.0
2024-06-12 15:01:00-04:00,3.0399999618530273,3.0399999618530273,3.0399999618530273,3.0399999618530273,200,0.0,0.0
2024-06-12 15:02:00-04:00,3.0299999713897705,3.0299999713897705,3.0299999713897705,3.0299999713897705,296,0.0,0.0
2024-06-12 15:03:00-04:00,3.0399999618530273,3.0399999618530273,3.0299999713897705,3.0399999618530273,1518,0.0,0.0
2024-06-12 15:06:00-04:00,3.0350000858306885,3.0350000858306885,3.0350000858306885,3.0350000858306885,230,0.0,0.0
2024-06-12 15:08:00-04:00,3.0371999740600586,3.0371999740600586,3.0371999740600586,3.0371999740600586,100,0.0,0.0
2024-06-12 15:12:00-04:00,3.0399999618530273,3.0399999618530273,3.0399999618530273,3.0399999618530273,573,0.0,0.0
2024-06-12 15:14:00-04:00,3.0350000858306885,3.0350000858306885,3.0350000858306885,3.0350000858306885,235,0.0,0.0
2024-06-12 15:18:00-04:00,3.0399999618530273,3.0399999618530273,3.0399999618530273,3.0399999618530273,300,0.0,0.0
2024-06-12 15:19:00-04:00,3.0350000858306885,3.0350000858306885,3.0350000858306885,3.0350000858306885,383,0.0,0.0
2024-06-12 15:21:00-04:00,3.0350000858306885,3.0350000858306885,3.0350000858306885,3.0350000858306885,1205,0.0,0.0
2024-06-12 15:22:00-04:00,3.0350000858306885,3.0350000858306885,3.0350000858306885,3.0350000858306885,1940,0.0,0.0
2024-06-12 15:23:00-04:00,3.0350000858306885,3.0350000858306885,3.0350000858306885,3.0350000858306885,1000,0.0,0.0
2024-06-12 15:24:00-04:00,3.0350000858306885,3.0399999618530273,3.0299999713897705,3.0299999713897705,14131,0.0,0.0
2024-06-12 15:25:00-04:00,3.0199999809265137,3.0199999809265137,3.009999990463257,3.015000104904175,2681,0.0,0.0
2024-06-12 15:27:00-04:00,3.0179998874664307,3.0199999809265137,3.015000104904175,3.015000104904175,4842,0.0,0.0
2024-06-12 15:28:00-04:00,3.015000104904175,3.015000104904175,3.009999990463257,3.015000104904175,965,0.0,0.0
2024-06-12 15:32:00-04:00,3.009999990463257,3.009999990463257,3.009999990463257,3.009999990463257,102,0.0,0.0
2024-06-12 15:33:00-04:00,3.009999990463257,3.009999990463257,3.009999990463257,3.009999990463257,278,0.0,0.0
2024-06-12 15:35:00-04:00,3.015000104904175,3.015000104904175,3.015000104904175,3.015000104904175,2096,0.0,0.0
2024-06-12 15:36:00-04:00,3.015000104904175,3.0199999809265137,3.015000104904175,3.0199999809265137,554,0.0,0.0
2024-06-12 15:37:00-04:00,3.015000104904175,3.0199999809265137,3.015000104904175,3.0199999809265137,893,0.0,0.0
2024-06-12 15:38:00-04:00,3.0199999809265137,3.0199999809265137,3.0199999809265137,3.0199999809265137,610,0.0,0.0
2024-06-12 15:39:00-04:00,3.0130999088287354,3.0199999809265137,3.0130999088287354,3.0199999809265137,3123,0.0,0.0
2024-06-12 15:40:00-04:00,3.0199999809265137,3.0250000953674316,3.015000104904175,3.0250000953674316,3435,0.0,0.0
2024-06-12 15:41:00-04:00,3.0250000953674316,3.0250000953674316,3.0250000953674316,3.0250000953674316,321,0.0,0.0
2024-06-12 15:42:00-04:00,3.0250000953674316,3.0250000953674316,3.0250000953674316,3.0250000953674316,146,0.0,0.0
2024-06-12 15:43:00-04:00,3.0250000953674316,3.0250000953674316,3.0250000953674316,3.0250000953674316,129,0.0,0.0
2024-06-12 15:44:00-04:00,3.0250000953674316,3.0250000953674316,3.0250000953674316,3.0250000953674316,104,0.0,0.0
2024-06-12 15:45:00-04:00,3.0209999084472656,3.0250000953674316,3.0199999809265137,3.0199999809265137,510,0.0,0.0
2024-06-12 15:46:00-04:00,3.0250000953674316,3.0250000953674316,3.0199999809265137,3.0199999809265137,3248,0.0,0.0
2024-06-12 15:47:00-04:00,3.0250000953674316,3.0250000953674316,3.0199999809265137,3.0199999809265137,361,0.0,0.0
2024-06-12 15:48:00-04:00,3.0250000953674316,3.0250000953674316,3.0250000953674316,3.0250000953674316,626,0.0,0.0
2024-06-12 15:49:00-04:00,3.0250000953674316,3.0250000953674316,3.0250000953674316,3.0250000953674316,936,0.0,0.0
2024-06-12 15:51:00-04:00,3.0250000953674316,3.0299999713897705,3.0250000953674316,3.0299999713897705,318,0.0,0.0
2024-06-12 15:52:00-04:00,3.0250000953674316,3.0299999713897705,3.0250000953674316,3.0299999713897705,1204,0.0,0.0
2024-06-12 15:53:00-04:00,3.0250000953674316,3.0299999713897705,3.0250000953674316,3.0250000953674316,3375,0.0,0.0
2024-06-12 15:54:00-04:00,3.0250000953674316,3.0299999713897705,3.0250000953674316,3.0250000953674316,1954,0.0,0.0
2024-06-12 15:55:00-04:00,3.0299999713897705,3.0299999713897705,3.0250000953674316,3.0299999713897705,658,0.0,0.0
2024-06-12 15:56:00-04:00,3.0250000953674316,3.0299999713897705,3.0250000953674316,3.0250000953674316,2218,0.0,0.0
2024-06-12 15:57:00-04:00,3.0299999713897705,3.0299999713897705,3.0250000953674316,3.0299999713897705,932,0.0,0.0
2024-06-12 15:58:00-04:00,3.0299999713897705,3.0299999713897705,3.0199999809265137,3.0250000953674316,2635,0.0,0.0
2024-06-12 15:59:00-04:00,3.0250000953674316,3.0399999618530273,3.0250000953674316,3.0350000858306885,9388,0.0,0.0
2024-06-13 09:30:00-04:00,3.0299999713897705,3.0299999713897705,3.0,3.0,4074,0.0,0.0
2024-06-13 09:33:00-04:00,3.0299999713897705,3.0299999713897705,3.0299999713897705,3.0299999713897705,878,0.0,0.0
2024-06-13 09:36:00-04:00,3.0299999713897705,3.0399999618530273,3.0299999713897705,3.0399999618530273,1269,0.0,0.0
2024-06-13 09:39:00-04:00,3.0399999618530273,3.0399999618530273,3.0399999618530273,3.0399999618530273,6821,0.0,0.0
2024-06-13 09:40:00-04:00,3.0399999618530273,3.0399999618530273,3.0399999618530273,3.0399999618530273,200,0.0,0.0
2024-06-13 09:42:00-04:00,3.0299999713897705,3.0299999713897705,3.0299999713897705,3.0299999713897705,2297,0.0,0.0
2024-06-13 09:45:00-04:00,3.0199999809265137,3.0199999809265137,3.0199999809265137,3.0199999809265137,913,0.0,0.0
2024-06-13 09:46:00-04:00,3.0100998878479004,3.0100998878479004,3.0100998878479004,3.0100998878479004,819,0.0,0.0
2024-06-13 09:49:00-04:00,3.0199999809265137,3.0199999809265137,3.009999990463257,3.015000104904175,3492,0.0,0.0
2024-06-13 09:50:00-04:00,3.015000104904175,3.015000104904175,3.009999990463257,3.009999990463257,1100,0.0,0.0
2024-06-13 09:51:00-04:00,3.015000104904175,3.015000104904175,3.009999990463257,3.015000104904175,2803,0.0,0.0
2024-06-13 09:52:00-04:00,3.015000104904175,3.015000104904175,3.015000104904175,3.015000104904175,4150,0.0,0.0
2024-06-13 09:53:00-04:00,3.012200117111206,3.012200117111206,3.0,3.0,6921,0.0,0.0
2024-06-13 09:54:00-04:00,3.005000114440918,3.005000114440918,3.005000114440918,3.005000114440918,901,0.0,0.0
2024-06-13 09:55:00-04:00,3.009999990463257,3.009999990463257,3.009999990463257,3.009999990463257,824,0.0,0.0
2024-06-13 10:00:00-04:00,2.990000009536743,2.9999001026153564,2.990000009536743,2.9999001026153564,1101,0.0,0.0
2024-06-13 10:01:00-04:00,3.0,3.009999990463257,3.0,3.009999990463257,10653,0.0,0.0
2024-06-13 10:02:00-04:00,3.015000104904175,3.015000104904175,3.015000104904175,3.015000104904175,524,0.0,0.0
2024-06-13 10:04:00-04:00,3.0199999809265137,3.0199999809265137,3.015000104904175,3.015000104904175,1500,0.0,0.0
2024-06-13 10:05:00-04:00,3.015000104904175,3.015000104904175,3.015000104904175,3.015000104904175,200,0.0,0.0
2024-06-13 10:06:00-04:00,3.009999990463257,3.015000104904175,3.009999990463257,3.015000104904175,600,0.0,0.0
2024-06-13 10:07:00-04:00,3.0199999809265137,3.0199999809265137,3.0199999809265137,3.0199999809265137,300,0.0,0.0
2024-06-13 10:08:00-04:00,3.015000104904175,3.015000104904175,3.015000104904175,3.015000104904175,102,0.0,0.0
2024-06-13 10:09:00-04:00,3.0199999809265137,3.0250000953674316,3.0199999809265137,3.0250000953674316,1316,0.0,0.0
2024-06-13 10:10:00-04:00,3.0250000953674316,3.0250000953674316,3.0250000953674316,3.0250000953674316,100,0.0,0.0
2024-06-13 10:11:00-04:00,3.0250000953674316,3.0250000953674316,3.0250000953674316,3.0250000953674316,1002,0.0,0.0
2024-06-13 10:12:00-04:00,3.0250000953674316,3.0250000953674316,3.0199999809265137,3.0199999809265137,2142,0.0,0.0
2024-06-13 10:13:00-04:00,3.0220000743865967,3.0250000953674316,3.0220000743865967,3.0220000743865967,9417,0.0,0.0
2024-06-13 10:14:00-04:00,3.0250000953674316,3.0250000953674316,3.0199999809265137,3.0250000953674316,4316,0.0,0.0
2024-06-13 10:16:00-04:00,3.0299999713897705,3.0299999713897705,3.0250000953674316,3.0250000953674316,400,0.0,0.0
2024-06-13 10:17:00-04:00,3.0201001167297363,3.0250000953674316,3.0199999809265137,3.0250000953674316,4413,0.0,0.0
2024-06-13 10:18:00-04:00,3.0250000953674316,3.0250000953674316,3.0250000953674316,3.0250000953674316,437,0.0,0.0
2024-06-13 10:22:00-04:00,3.0201001167297363,3.0201001167297363,3.0201001167297363,3.0201001167297363,1192,0.0,0.0
2024-06-13 10:23:00-04:00,3.0250000953674316,3.0250000953674316,3.0250000953674316,3.0250000953674316,405,0.0,0.0
2024-06-13 10:24:00-04:00,3.0250000953674316,3.0250000953674316,3.0199999809265137,3.0199999809265137,3100,0.0,0.0
2024-06-13 10:25:00-04:00,3.0199999809265137,3.0288000106811523,3.009999990463257,3.009999990463257,2003,0.0,0.0
2024-06-13 10:26:00-04:00,3.015000104904175,3.015000104904175,3.015000104904175,3.015000104904175,173,0.0,0.0
2024-06-13 10:28:00-04:00,3.0102999210357666,3.0102999210357666,3.0102999210357666,3.0102999210357666,1000,0.0,0.0
2024-06-13 10:29:00-04:00,3.0109000205993652,3.0109000205993652,3.0109000205993652,3.0109000205993652,405,0.0,0.0
2024-06-13 10:30:00-04:00,3.015000104904175,3.015000104904175,3.015000104904175,3.015000104904175,1176,0.0,0.0
2024-06-13 10:31:00-04:00,3.0139999389648438,3.0139999389648438,3.0139999389648438,3.0139999389648438,981,0.0,0.0
2024-06-13 10:33:00-04:00,3.0199999809265137,3.0199999809265137,3.015000104904175,3.015000104904175,1340,0.0,0.0
2024-06-13 10:34:00-04:00,3.015000104904175,3.015000104904175,3.015000104904175,3.015000104904175,816,0.0,0.0
2024-06-13 10:38:00-04:00,3.0136001110076904,3.0136001110076904,3.0136001110076904,3.0136001110076904,150,0.0,0.0
2024-06-13 10:41:00-04:00,3.015000104904175,3.015000104904175,3.015000104904175,3.015000104904175,216,0.0,0.0
2024-06-13 10:43:00-04:00,3.015000104904175,3.015000104904175,3.015000104904175,3.015000104904175,168,0.0,0.0
2024-06-13 10:47:00-04:00,3.015000104904175,3.015000104904175,3.015000104904175,3.015000104904175,119,0.0,0.0
2024-06-13 10:48:00-04:00,3.015000104904175,3.015000104904175,3.015000104904175,3.015000104904175,117,0.0,0.0
2024-06-13 10:49:00-04:00,3.0199999809265137,3.0199999809265137,3.009999990463257,3.015000104904175,5489,0.0,0.0
2024-06-13 10:50:00-04:00,3.015000104904175,3.015000104904175,3.0,3.005000114440918,1549,0.0,0.0
2024-06-13 10:52:00-04:00,3.005000114440918,3.005000114440918,3.005000114440918,3.005000114440918,905,0.0,0.0
2024-06-13 10:56:00-04:00,3.005000114440918,3.005000114440918,3.005000114440918,3.005000114440918,112,0.0,0.0
2024-06-13 10:57:00-04:00,3.005000114440918,3.005000114440918,3.005000114440918,3.005000114440918,4000,0.0,0.0
2024-06-13 10:58:00-04:00,3.005000114440918,3.0199999809265137,3.005000114440918,3.015000104904175,6217,0.0,0.0
2024-06-13 10:59:00-04:00,3.015000104904175,3.015000104904175,3.009999990463257,3.015000104904175,3740,0.0,0.0
2024-06-13 11:00:00-04:00,3.015000104904175,3.015000104904175,3.009999990463257,3.009999990463257,439,0.0,0.0
2024-06-13 11:05:00-04:00,3.005000114440918,3.005000114440918,3.005000114440918,3.005000114440918,200,0.0,0.0
2024-06-13 11:08:00-04:00,3.005000114440918,3.005000114440918,3.005000114440918,3.005000114440918,100,0.0,0.0
2024-06-13 11:09:00-04:00,3.005000114440918,3.005000114440918,3.005000114440918,3.005000114440918,200,0.0,0.0
2024-06-13 11:10:00-04:00,3.005000114440918,3.005000114440918,3.0,3.0,552,0.0,0.0
2024-06-13 11:15:00-04:00,2.994999885559082,2.994999885559082,2.994999885559082,2.994999885559082,2068,0.0,0.0
2024-06-13 11:17:00-04:00,2.994999885559082,2.994999885559082,2.994999885559082,2.994999885559082,400,0.0,0.0
2024-06-13 11:18:00-04:00,2.990000009536743,2.994999885559082,2.9800000190734863,2.984999895095825,1440,0.0,0.0
2024-06-13 11:19:00-04:00,2.9702999591827393,2.9702999591827393,2.9700000286102295,2.9700000286102295,2246,0.0,0.0
2024-06-13 11:22:00-04:00,2.9749999046325684,2.9749999046325684,2.9749999046325684,2.9749999046325684,540,0.0,0.0
2024-06-13 11:23:00-04:00,2.9749999046325684,2.9749999046325684,2.9600000381469727,2.9600000381469727,11025,0.0,0.0
2024-06-13 11:27:00-04:00,2.9690001010894775,2.9690001010894775,2.9690001010894775,2.9690001010894775,100,0.0,0.0
2024-06-13 11:29:00-04:00,2.9700000286102295,2.9700000286102295,2.9700000286102295,2.9700000286102295,509,0.0,0.0
2024-06-13 11:30:00-04:00,2.9649999141693115,2.9700000286102295,2.9649999141693115,2.9700000286102295,315,0.0,0.0
2024-06-13 11:31:00-04:00,2.9700000286102295,2.9700000286102295,2.9700000286102295,2.9700000286102295,110,0.0,0.0
2024-06-13 11:33:00-04:00,2.9700000286102295,2.9700000286102295,2.9700000286102295,2.9700000286102295,1605,0.0,0.0
2024-06-13 11:34:00-04:00,2.9700000286102295,2.9700000286102295,2.9700000286102295,2.9700000286102295,128,0.0,0.0
2024-06-13 11:43:00-04:00,2.9700000286102295,2.9700000286102295,2.9700000286102295,2.9700000286102295,100,0.0,0.0
2024-06-13 11:47:00-04:00,2.9600000381469727,2.9600000381469727,2.9600000381469727,2.9600000381469727,1884,0.0,0.0
2024-06-13 11:49:00-04:00,2.9600000381469727,2.9700000286102295,2.9549999237060547,2.9700000286102295,4784,0.0,0.0
2024-06-13 11:51:00-04:00,2.9695000648498535,2.9749999046325684,2.9695000648498535,2.9749999046325684,2723,0.0,0.0
2024-06-13 11:52:00-04:00,2.9749999046325684,2.9749999046325684,2.970099925994873,2.9746999740600586,680,0.0,0.0
2024-06-13 11:53:00-04:00,2.9749999046325684,2.9749999046325684,2.9749999046325684,2.9749999046325684,1476,0.0,0.0
2024-06-13 11:55:00-04:00,2.9800000190734863,2.984999895095825,2.9800000190734863,2.984999895095825,1412,0.0,0.0
2024-06-13 11:58:00-04:00,2.9800000190734863,2.9800000190734863,2.9800000190734863,2.9800000190734863,268,0.0,0.0
2024-06-13 12:16:00-04:00,2.9600000381469727,2.9649999141693115,2.9600000381469727,2.9649999141693115,749,0.0,0.0
2024-06-13 12:19:00-04:00,2.9600000381469727,2.9600000381469727,2.9600000381469727,2.9600000381469727,153,0.0,0.0
2024-06-13 12:22:00-04:00,2.9639999866485596,2.9639999866485596,2.9639999866485596,2.9639999866485596,1809,0.0,0.0
2024-06-13 12:23:00-04:00,2.969099998474121,2.969099998474121,2.969099998474121,2.969099998474121,235,0.0,0.0
2024-06-13 12:26:00-04:00,2.9649999141693115,2.9649999141693115,2.9600000381469727,2.9600000381469727,312,0.0,0.0
2024-06-13 12:28:00-04:00,2.9600000381469727,2.9600000381469727,2.9600000381469727,2.9600000381469727,594,0.0,0.0
2024-06-13 12:30:00-04:00,2.950000047683716,2.950000047683716,2.940000057220459,2.940000057220459,5161,0.0,0.0
2024-06-13 12:33:00-04:00,2.944999933242798,2.944999933242798,2.944999933242798,2.944999933242798,134,0.0,0.0
2024-06-13 12:35:00-04:00,2.944999933242798,2.9488000869750977,2.944999933242798,2.944999933242798,1906,0.0,0.0
2024-06-13 12:36:00-04:00,2.950000047683716,2.950000047683716,2.950000047683716,2.950000047683716,1533,0.0,0.0
2024-06-13 12:38:00-04:00,2.950000047683716,2.950000047683716,2.950000047683716,2.950000047683716,100,0.0,0.0
2024-06-13 12:40:00-04:00,2.950000047683716,2.950000047683716,2.950000047683716,2.950000047683716,200,0.0,0.0
2024-06-13 12:42:00-04:00,2.9600000381469727,2.9600000381469727,2.9600000381469727,2.9600000381469727,350,0.0,0.0
2024-06-13 12:46:00-04:00,2.950000047683716,2.950000047683716,2.950000047683716,2.950000047683716,120,0.0,0.0
2024-06-13 12:47:00-04:00,2.950000047683716,2.950000047683716,2.950000047683716,2.950000047683716,205,0.0,0.0
2024-06-13 12:48:00-04:00,2.950000047683716,2.950000047683716,2.950000047683716,2.950000047683716,100,0.0,0.0
2024-06-13 12:52:00-04:00,2.9600000381469727,2.9700000286102295,2.9600000381469727,2.9700000286102295,845,0.0,0.0
2024-06-13 12:54:00-04:00,2.9700000286102295,2.9700000286102295,2.969899892807007,2.969899892807007,1184,0.0,0.0
2024-06-13 13:02:00-04:00,2.9800000190734863,2.984999895095825,2.9800000190734863,2.984999895095825,2123,0.0,0.0
2024-06-13 13:03:00-04:00,2.990000009536743,2.990000009536743,2.990000009536743,2.990000009536743,379,0.0,0.0
2024-06-13 13:07:00-04:00,2.9800000190734863,2.9800000190734863,2.9800000190734863,2.9800000190734863,204,0.0,0.0
2024-06-13 13:08:00-04:00,2.984999895095825,2.984999895095825,2.984999895095825,2.984999895095825,133,0.0,0.0
2024-06-13 13:15:00-04:00,2.9800000190734863,2.9800000190734863,2.9800000190734863,2.9800000190734863,148,0.0,0.0
2024-06-13 13:22:00-04:00,2.984999895095825,2.984999895095825,2.984999895095825,2.984999895095825,589,0.0,0.0
2024-06-13 13:23:00-04:00,2.9800000190734863,2.9800000190734863,2.9800000190734863,2.9800000190734863,248,0.0,0.0
2024-06-13 13:30:00-04:00,2.9800000190734863,2.9800000190734863,2.9800000190734863,2.9800000190734863,480,0.0,0.0
2024-06-13 13:33:00-04:00,2.9749999046325684,2.9749999046325684,2.9700000286102295,2.9725000858306885,1127,0.0,0.0
2024-06-13 13:39:00-04:00,2.9800000190734863,2.9800000190734863,2.9800000190734863,2.9800000190734863,189,0.0,0.0
2024-06-13 13:44:00-04:00,2.972399950027466,2.9749999046325684,2.972399950027466,2.9749999046325684,2145,0.0,0.0
2024-06-13 13:45:00-04:00,2.9749999046325684,2.9749999046325684,2.9749999046325684,2.9749999046325684,300,0.0,0.0
2024-06-13 13:51:00-04:00,2.9749999046325684,2.9749999046325684,2.9749999046325684,2.9749999046325684,101,0.0,0.0
2024-06-13 13:55:00-04:00,2.9800000190734863,2.9800000190734863,2.9800000190734863,2.9800000190734863,419,0.0,0.0
2024-06-13 13:58:00-04:00,2.970599889755249,2.9800000190734863,2.9700000286102295,2.9749999046325684,3073,0.0,0.0
2024-06-13 14:00:00-04:00,2.9700000286102295,2.9700000286102295,2.9700000286102295,2.9700000286102295,108,0.0,0.0
2024-06-13 14:05:00-04:00,2.9700000286102295,2.9700000286102295,2.9700000286102295,2.9700000286102295,986,0.0,0.0
2024-06-13 14:09:00-04:00,2.9800000190734863,2.9800000190734863,2.9800000190734863,2.9800000190734863,200,0.0,0.0
2024-06-13 14:10:00-04:00,2.9749999046325684,2.9749999046325684,2.9700000286102295,2.9700000286102295,360,0.0,0.0
2024-06-13 14:12:00-04:00,2.9719998836517334,2.9719998836517334,2.9719998836517334,2.9719998836517334,1681,0.0,0.0
2024-06-13 14:17:00-04:00,2.970099925994873,2.970099925994873,2.970099925994873,2.970099925994873,369,0.0,0.0
2024-06-13 14:19:00-04:00,2.9700000286102295,2.9700000286102295,2.9700000286102295,2.9700000286102295,538,0.0,0.0
2024-06-13 14:34:00-04:00,2.9739999771118164,2.9739999771118164,2.9700000286102295,2.9700000286102295,2039,0.0,0.0
2024-06-13 14:40:00-04:00,2.9700000286102295,2.9700000286102295,2.9700000286102295,2.9700000286102295,400,0.0,0.0
2024-06-13 14:41:00-04:00,2.9600000381469727,2.9600000381469727,2.9600000381469727,2.9600000381469727,256,0.0,0.0
2024-06-13 14:42:00-04:00,2.9700000286102295,2.9700000286102295,2.9700000286102295,2.9700000286102295,302,0.0,0.0
2024-06-13 14:43:00-04:00,2.9649999141693115,2.9649999141693115,2.9649999141693115,2.9649999141693115,571,0.0,0.0
2024-06-13 14:47:00-04:00,2.9700000286102295,2.9700000286102295,2.9649999141693115,2.9649999141693115,980,0.0,0.0
2024-06-13 14:52:00-04:00,2.968400001525879,2.968400001525879,2.9649999141693115,2.9649999141693115,2527,0.0,0.0
2024-06-13 14:53:00-04:00,2.9688000679016113,2.9688000679016113,2.9688000679016113,2.9688000679016113,105,0.0,0.0
2024-06-13 14:54:00-04:00,2.9697000980377197,2.9697000980377197,2.9697000980377197,2.9697000980377197,105,0.0,0.0
2024-06-13 15:00:00-04:00,2.9600000381469727,2.9649999141693115,2.9600000381469727,2.9649999141693115,750,0.0,0.0
2024-06-13 15:07:00-04:00,2.9649999141693115,2.9649999141693115,2.9649999141693115,2.9649999141693115,195,0.0,0.0
2024-06-13 15:11:00-04:00,2.969899892807007,2.969899892807007,2.9649999141693115,2.9649999141693115,625,0.0,0.0
2024-06-13 15:12:00-04:00,2.9649999141693115,2.9649999141693115,2.9649999141693115,2.9649999141693115,100,0.0,0.0
2024-06-13 15:13:00-04:00,2.9649999141693115,2.9649999141693115,2.9649999141693115,2.9649999141693115,500,0.0,0.0
2024-06-13 15:14:00-04:00,2.9649999141693115,2.9649999141693115,2.9649999141693115,2.9649999141693115,105,0.0,0.0
2024-06-13 15:15:00-04:00,2.969099998474121,2.9697000980377197,2.969099998474121,2.9697000980377197,724,0.0,0.0
2024-06-13 15:16:00-04:00,2.9649999141693115,2.9649999141693115,2.960900068283081,2.960900068283081,614,0.0,0.0
2024-06-13 15:20:00-04:00,2.9649999141693115,2.9649999141693115,2.9649999141693115,2.9649999141693115,121,0.0,0.0
2024-06-13 15:21:00-04:00,2.9649999141693115,2.9649999141693115,2.9649999141693115,2.9649999141693115,456,0.0,0.0
2024-06-13 15:22:00-04:00,2.9700000286102295,2.9700000286102295,2.9700000286102295,2.9700000286102295,220,0.0,0.0
2024-06-13 15:23:00-04:00,2.9600000381469727,2.9649999141693115,2.9600000381469727,2.9649999141693115,426,0.0,0.0
2024-06-13 15:30:00-04:00,2.9649999141693115,2.9649999141693115,2.9649999141693115,2.9649999141693115,134,0.0,0.0
2024-06-13 15:34:00-04:00,2.9600000381469727,2.9600000381469727,2.9600000381469727,2.9600000381469727,150,0.0,0.0
2024-06-13 15:35:00-04:00,2.9600000381469727,2.9600000381469727,2.9600000381469727,2.9600000381469727,825,0.0,0.0
2024-06-13 15:36:00-04:00,2.9600000381469727,2.9600000381469727,2.9600000381469727,2.9600000381469727,867,0.0,0.0
2024-06-13 15:38:00-04:00,2.9700000286102295,2.9700000286102295,2.9649999141693115,2.9700000286102295,2376,0.0,0.0
2024-06-13 15:39:00-04:00,2.9700000286102295,2.9700000286102295,2.9649999141693115,2.9649999141693115,608,0.0,0.0
2024-06-13 15:40:00-04:00,2.9649999141693115,2.9649999141693115,2.9649999141693115,2.9649999141693115,357,0.0,0.0
2024-06-13 15:41:00-04:00,2.9649999141693115,2.9649999141693115,2.9549999237060547,2.9600000381469727,3063,0.0,0.0
2024-06-13 15:42:00-04:00,2.9600000381469727,2.9600000381469727,2.9537999629974365,2.9600000381469727,1077,0.0,0.0
2024-06-13 15:43:00-04:00,2.9549999237060547,2.9549999237060547,2.9549999237060547,2.9549999237060547,100,0.0,0.0
2024-06-13 15:45:00-04:00,2.9595999717712402,2.9600000381469727,2.9595999717712402,2.95989990234375,6400,0.0,0.0
2024-06-13 15:46:00-04:00,2.9600000381469727,2.9649999141693115,2.9600000381469727,2.9600000381469727,3228,0.0,0.0
2024-06-13 15:47:00-04:00,2.9549999237060547,2.9600000381469727,2.940000057220459,2.940000057220459,9573,0.0,0.0
2024-06-13 15:48:00-04:00,2.949899911880493,2.949899911880493,2.949899911880493,2.949899911880493,300,0.0,0.0
2024-06-13 15:49:00-04:00,2.944999933242798,2.950000047683716,2.944999933242798,2.944999933242798,2925,0.0,0.0
2024-06-13 15:50:00-04:00,2.944999933242798,2.944999933242798,2.944999933242798,2.944999933242798,1727,0.0,0.0
2024-06-13 15:51:00-04:00,2.944999933242798,2.944999933242798,2.944999933242798,2.944999933242798,288,0.0,0.0
2024-06-13 15:53:00-04:00,2.944999933242798,2.944999933242798,2.944999933242798,2.944999933242798,531,0.0,0.0
2024-06-13 15:54:00-04:00,2.940000057220459,2.944999933242798,2.940000057220459,2.940000057220459,1876,0.0,0.0
2024-06-13 15:55:00-04:00,2.944999933242798,2.944999933242798,2.944999933242798,2.944999933242798,735,0.0,0.0
2024-06-13 15:56:00-04:00,2.940000057220459,2.944999933242798,2.940000057220459,2.944999933242798,300,0.0,0.0
2024-06-13 15:57:00-04:00,2.944999933242798,2.944999933242798,2.944999933242798,2.944999933242798,942,0.0,0.0
2024-06-13 15:58:00-04:00,2.944999933242798,2.944999933242798,2.940000057220459,2.940000057220459,929,0.0,0.0
2024-06-13 15:59:00-04:00,2.940000057220459,2.944999933242798,2.940000057220459,2.940000057220459,3308,0.0,0.0
2024-06-14 09:30:00-04:00,2.9600000381469727,3.009999990463257,2.9600000381469727,3.009999990463257,6239,0.0,0.0
2024-06-14 09:32:00-04:00,2.9700000286102295,2.9700000286102295,2.9700000286102295,2.9700000286102295,318,0.0,0.0
2024-06-14 09:34:00-04:00,2.9649999141693115,2.9649999141693115,2.9649999141693115,2.9649999141693115,128,0.0,0.0
2024-06-14 09:35:00-04:00,2.9711999893188477,2.9800000190734863,2.9711999893188477,2.9711999893188477,236,0.0,0.0
2024-06-14 09:38:00-04:00,2.9700000286102295,2.9700000286102295,2.9519999027252197,2.9519999027252197,7306,0.0,0.0
2024-06-14 09:41:00-04:00,2.9690001010894775,2.9690001010894775,2.9690001010894775,2.9690001010894775,302,0.0,0.0
2024-06-14 09:43:00-04:00,2.9600000381469727,2.9600000381469727,2.9600000381469727,2.9600000381469727,306,0.0,0.0
2024-06-14 09:46:00-04:00,2.950000047683716,2.950000047683716,2.950000047683716,2.950000047683716,2229,0.0,0.0
2024-06-14 09:54:00-04:00,2.940000057220459,2.940000057220459,2.934999942779541,2.934999942779541,701,0.0,0.0
2024-06-14 09:55:00-04:00,2.934999942779541,2.940000057220459,2.934999942779541,2.9398999214172363,1150,0.0,0.0
2024-06-14 09:57:00-04:00,2.938999891281128,2.940000057220459,2.930000066757202,2.938999891281128,2582,0.0,0.0
2024-06-14 09:59:00-04:00,2.950000047683716,2.950000047683716,2.9465999603271484,2.9465999603271484,1078,0.0,0.0
2024-06-14 10:00:00-04:00,2.950000047683716,2.950000047683716,2.950000047683716,2.950000047683716,302,0.0,0.0
2024-06-14 10:03:00-04:00,2.950000047683716,2.950000047683716,2.940000057220459,2.940000057220459,1098,0.0,0.0
2024-06-14 10:04:00-04:00,2.9491000175476074,2.9491000175476074,2.940000057220459,2.940000057220459,1018,0.0,0.0
2024-06-14 10:05:00-04:00,2.940000057220459,2.940000057220459,2.940000057220459,2.940000057220459,101,0.0,0.0
2024-06-14 10:07:00-04:00,2.950000047683716,2.9600000381469727,2.950000047683716,2.9600000381469727,564,0.0,0.0
2024-06-14 10:08:00-04:00,2.969899892807007,2.9700000286102295,2.969899892807007,2.9700000286102295,887,0.0,0.0
2024-06-14 10:09:00-04:00,2.9600000381469727,2.9649999141693115,2.9600000381469727,2.9600000381469727,2196,0.0,0.0
2024-06-14 10:10:00-04:00,2.950000047683716,2.950000047683716,2.950000047683716,2.950000047683716,247,0.0,0.0
2024-06-14 10:11:00-04:00,2.944999933242798,2.944999933242798,2.944999933242798,2.944999933242798,101,0.0,0.0
2024-06-14 10:13:00-04:00,2.944999933242798,2.944999933242798,2.944999933242798,2.944999933242798,234,0.0,0.0
2024-06-14 10:16:00-04:00,2.944999933242798,2.944999933242798,2.9400999546051025,2.9400999546051025,2000,0.0,0.0
2024-06-14 10:17:00-04:00,2.950000047683716,2.950000047683716,2.949700117111206,2.949700117111206,235,0.0,0.0
2024-06-14 10:19:00-04:00,2.950000047683716,2.950000047683716,2.950000047683716,2.950000047683716,100,0.0,0.0
2024-06-14 10:21:00-04:00,2.944999933242798,2.944999933242798,2.944999933242798,2.944999933242798,100,0.0,0.0
2024-06-14 10:26:00-04:00,2.9400999546051025,2.9400999546051025,2.9400999546051025,2.9400999546051025,171,0.0,0.0
2024-06-14 10:27:00-04:00,2.950000047683716,2.950000047683716,2.950000047683716,2.950000047683716,200,0.0,0.0
2024-06-14 10:28:00-04:00,2.944999933242798,2.944999933242798,2.940000057220459,2.940000057220459,500,0.0,0.0
2024-06-14 10:30:00-04:00,2.934999942779541,2.934999942779541,2.9300999641418457,2.9300999641418457,1111,0.0,0.0
2024-06-14 10:34:00-04:00,2.934999942779541,2.9398999214172363,2.934999942779541,2.934999942779541,1446,0.0,0.0
2024-06-14 10:38:00-04:00,2.930000066757202,2.930000066757202,2.924999952316284,2.924999952316284,1427,0.0,0.0
2024-06-14 10:44:00-04:00,2.930000066757202,2.930000066757202,2.930000066757202,2.930000066757202,100,0.0,0.0
2024-06-14 10:47:00-04:00,2.924999952316284,2.940000057220459,2.924999952316284,2.930000066757202,3550,0.0,0.0
2024-06-14 10:49:00-04:00,2.930000066757202,2.930000066757202,2.9200000762939453,2.9200000762939453,4035,0.0,0.0
2024-06-14 10:50:00-04:00,2.9200000762939453,2.9200000762939453,2.9200000762939453,2.9200000762939453,100,0.0,0.0
2024-06-14 10:52:00-04:00,2.9200000762939453,2.930000066757202,2.9200000762939453,2.930000066757202,9390,0.0,0.0
2024-06-14 10:55:00-04:00,2.934999942779541,2.934999942779541,2.934999942779541,2.934999942779541,100,0.0,0.0
2024-06-14 10:56:00-04:00,2.940000057220459,2.940000057220459,2.940000057220459,2.940000057220459,100,0.0,0.0
2024-06-14 10:58:00-04:00,2.940000057220459,2.940000057220459,2.940000057220459,2.940000057220459,102,0.0,0.0
2024-06-14 10:59:00-04:00,2.940000057220459,2.940000057220459,2.940000057220459,2.940000057220459,100,0.0,0.0
2024-06-14 11:00:00-04:00,2.934999942779541,2.940000057220459,2.934999942779541,2.940000057220459,402,0.0,0.0
2024-06-14 11:01:00-04:00,2.940000057220459,2.940000057220459,2.940000057220459,2.940000057220459,120,0.0,0.0
2024-06-14 11:02:00-04:00,2.934999942779541,2.940000057220459,2.934999942779541,2.940000057220459,2100,0.0,0.0
2024-06-14 11:03:00-04:00,2.940000057220459,2.940000057220459,2.940000057220459,2.940000057220459,100,0.0,0.0
2024-06-14 11:04:00-04:00,2.934999942779541,2.940000057220459,2.934999942779541,2.940000057220459,200,0.0,0.0
2024-06-14 11:07:00-04:00,2.934999942779541,2.934999942779541,2.934999942779541,2.934999942779541,306,0.0,0.0
2024-06-14 11:19:00-04:00,2.930000066757202,2.930000066757202,2.930000066757202,2.930000066757202,113,0.0,0.0
2024-06-14 11:23:00-04:00,2.930000066757202,2.930000066757202,2.930000066757202,2.930000066757202,319,0.0,0.0
2024-06-14 11:24:00-04:00,2.934999942779541,2.934999942779541,2.934999942779541,2.934999942779541,100,0.0,0.0
2024-06-14 11:26:00-04:00,2.9300999641418457,2.9300999641418457,2.9300999641418457,2.9300999641418457,5147,0.0,0.0
2024-06-14 11:29:00-04:00,2.934999942779541,2.934999942779541,2.934999942779541,2.934999942779541,103,0.0,0.0
2024-06-14 11:31:00-04:00,2.930000066757202,2.930000066757202,2.930000066757202,2.930000066757202,300,0.0,0.0
2024-06-14 11:33:00-04:00,2.940000057220459,2.940000057220459,2.940000057220459,2.940000057220459,100,0.0,0.0
2024-06-14 11:34:00-04:00,2.930000066757202,2.930000066757202,2.930000066757202,2.930000066757202,252,0.0,0.0
2024-06-14 11:36:00-04:00,2.934999942779541,2.940000057220459,2.934999942779541,2.940000057220459,200,0.0,0.0
2024-06-14 11:37:00-04:00,2.930000066757202,2.930000066757202,2.930000066757202,2.930000066757202,375,0.0,0.0
2024-06-14 11:38:00-04:00,2.934999942779541,2.934999942779541,2.930000066757202,2.933000087738037,714,0.0,0.0
2024-06-14 11:40:00-04:00,2.924999952316284,2.924999952316284,2.9100000858306885,2.9200000762939453,5734,0.0,0.0
2024-06-14 11:46:00-04:00,2.9200000762939453,2.9200000762939453,2.9200000762939453,2.9200000762939453,100,0.0,0.0
2024-06-14 11:51:00-04:00,2.9149999618530273,2.9200000762939453,2.9149999618530273,2.9200000762939453,831,0.0,0.0
2024-06-14 11:53:00-04:00,2.9200000762939453,2.9200000762939453,2.9200000762939453,2.9200000762939453,2737,0.0,0.0
2024-06-14 11:55:00-04:00,2.9149999618530273,2.9149999618530273,2.9149999618530273,2.9149999618530273,100,0.0,0.0
2024-06-14 11:56:00-04:00,2.9149999618530273,2.9149999618530273,2.9149999618530273,2.9149999618530273,100,0.0,0.0
2024-06-14 11:57:00-04:00,2.9149999618530273,2.9200000762939453,2.9149999618530273,2.9200000762939453,1200,0.0,0.0
2024-06-14 12:01:00-04:00,2.9200000762939453,2.930000066757202,2.9200000762939453,2.924999952316284,1800,0.0,0.0
2024-06-14 12:04:00-04:00,2.930000066757202,2.940000057220459,2.930000066757202,2.940000057220459,2750,0.0,0.0
2024-06-14 12:06:00-04:00,2.940000057220459,2.940000057220459,2.940000057220459,2.940000057220459,200,0.0,0.0
2024-06-14 12:07:00-04:00,2.950000047683716,2.950000047683716,2.950000047683716,2.950000047683716,100,0.0,0.0
2024-06-14 12:09:00-04:00,2.9549999237060547,2.9549999237060547,2.9549999237060547,2.9549999237060547,116,0.0,0.0
2024-06-14 12:16:00-04:00,2.9600000381469727,2.9649999141693115,2.9600000381469727,2.9649999141693115,300,0.0,0.0
2024-06-14 12:18:00-04:00,2.941499948501587,2.941499948501587,2.941499948501587,2.941499948501587,1603,0.0,0.0
2024-06-14 12:21:00-04:00,2.950000047683716,2.950000047683716,2.950000047683716,2.950000047683716,100,0.0,0.0
2024-06-14 12:22:00-04:00,2.948899984359741,2.948899984359741,2.944999933242798,2.944999933242798,401,0.0,0.0
2024-06-14 12:26:00-04:00,2.950000047683716,2.950000047683716,2.950000047683716,2.950000047683716,100,0.0,0.0
2024-06-14 12:27:00-04:00,2.944999933242798,2.944999933242798,2.944999933242798,2.944999933242798,131,0.0,0.0
2024-06-14 12:30:00-04:00,2.940000057220459,2.940000057220459,2.940000057220459,2.940000057220459,500,0.0,0.0
2024-06-14 12:38:00-04:00,2.940000057220459,2.940000057220459,2.934999942779541,2.934999942779541,200,0.0,0.0
2024-06-14 12:40:00-04:00,2.940000057220459,2.940000057220459,2.940000057220459,2.940000057220459,102,0.0,0.0
2024-06-14 12:43:00-04:00,2.934999942779541,2.934999942779541,2.934999942779541,2.934999942779541,100,0.0,0.0
2024-06-14 12:44:00-04:00,2.930000066757202,2.930000066757202,2.930000066757202,2.930000066757202,101,0.0,0.0
2024-06-14 12:47:00-04:00,2.934999942779541,2.934999942779541,2.934999942779541,2.934999942779541,1000,0.0,0.0
2024-06-14 12:48:00-04:00,2.930000066757202,2.930000066757202,2.924999952316284,2.924999952316284,1681,0.0,0.0
2024-06-14 13:03:00-04:00,2.930000066757202,2.930000066757202,2.930000066757202,2.930000066757202,100,0.0,0.0
2024-06-14 13:04:00-04:00,2.930000066757202,2.940000057220459,2.930000066757202,2.940000057220459,1434,0.0,0.0
2024-06-14 13:11:00-04:00,2.940000057220459,2.950000047683716,2.940000057220459,2.944999933242798,2889,0.0,0.0
2024-06-14 13:12:00-04:00,2.944999933242798,2.944999933242798,2.944999933242798,2.944999933242798,265,0.0,0.0
2024-06-14 13:13:00-04:00,2.950000047683716,2.950000047683716,2.950000047683716,2.950000047683716,100,0.0,0.0
2024-06-14 13:15:00-04:00,2.940000057220459,2.940000057220459,2.940000057220459,2.940000057220459,100,0.0,0.0
2024-06-14 13:17:00-04:00,2.940000057220459,2.940000057220459,2.940000057220459,2.940000057220459,100,0.0,0.0
2024-06-14 13:19:00-04:00,2.944999933242798,2.944999933242798,2.944999933242798,2.944999933242798,101,0.0,0.0
2024-06-14 13:22:00-04:00,2.940000057220459,2.940000057220459,2.940000057220459,2.940000057220459,301,0.0,0.0
2024-06-14 13:30:00-04:00,2.940000057220459,2.944999933242798,2.940000057220459,2.944999933242798,747,0.0,0.0
2024-06-14 13:33:00-04:00,2.944999933242798,2.944999933242798,2.944999933242798,2.944999933242798,103,0.0,0.0
2024-06-14 13:34:00-04:00,2.944999933242798,2.944999933242798,2.944999933242798,2.944999933242798,501,0.0,0.0
2024-06-14 13:37:00-04:00,2.944999933242798,2.944999933242798,2.944999933242798,2.944999933242798,670,0.0,0.0
2024-06-14 13:39:00-04:00,2.944999933242798,2.944999933242798,2.940000057220459,2.940000057220459,200,0.0,0.0
2024-06-14 13:40:00-04:00,2.940000057220459,2.940000057220459,2.940000057220459,2.940000057220459,100,0.0,0.0
2024-06-14 13:44:00-04:00,2.940000057220459,2.944999933242798,2.940000057220459,2.944999933242798,300,0.0,0.0
2024-06-14 13:48:00-04:00,2.940000057220459,2.940000057220459,2.940000057220459,2.940000057220459,385,0.0,0.0
2024-06-14 14:04:00-04:00,2.934999942779541,2.934999942779541,2.934999942779541,2.934999942779541,136,0.0,0.0
2024-06-14 14:10:00-04:00,2.939199924468994,2.939199924468994,2.939199924468994,2.939199924468994,150,0.0,0.0
2024-06-14 14:12:00-04:00,2.939199924468994,2.939199924468994,2.939199924468994,2.939199924468994,100,0.0,0.0
2024-06-14 14:14:00-04:00,2.940000057220459,2.940000057220459,2.940000057220459,2.940000057220459,100,0.0,0.0
2024-06-14 14:16:00-04:00,2.930000066757202,2.930000066757202,2.9200000762939453,2.924999952316284,3941,0.0,0.0
2024-06-14 14:20:00-04:00,2.9274001121520996,2.9274001121520996,2.9274001121520996,2.9274001121520996,1107,0.0,0.0
2024-06-14 14:27:00-04:00,2.924999952316284,2.924999952316284,2.924999952316284,2.924999952316284,116,0.0,0.0
2024-06-14 14:29:00-04:00,2.930000066757202,2.930000066757202,2.924999952316284,2.930000066757202,1106,0.0,0.0
2024-06-14 14:31:00-04:00,2.924999952316284,2.924999952316284,2.924999952316284,2.924999952316284,126,0.0,0.0
2024-06-14 14:32:00-04:00,2.9291000366210938,2.9291000366210938,2.9291000366210938,2.9291000366210938,250,0.0,0.0
2024-06-14 14:36:00-04:00,2.924999952316284,2.924999952316284,2.924999952316284,2.924999952316284,122,0.0,0.0
2024-06-14 14:38:00-04:00,2.924999952316284,2.924999952316284,2.924999952316284,2.924999952316284,117,0.0,0.0
2024-06-14 14:40:00-04:00,2.924999952316284,2.924999952316284,2.920099973678589,2.920099973678589,1730,0.0,0.0
2024-06-14 14:41:00-04:00,2.924999952316284,2.924999952316284,2.924999952316284,2.924999952316284,700,0.0,0.0
2024-06-14 14:44:00-04:00,2.924999952316284,2.924999952316284,2.924999952316284,2.924999952316284,126,0.0,0.0
2024-06-14 14:45:00-04:00,2.924999952316284,2.924999952316284,2.920099973678589,2.924999952316284,1340,0.0,0.0
2024-06-14 14:46:00-04:00,2.924999952316284,2.924999952316284,2.924999952316284,2.924999952316284,200,0.0,0.0
2024-06-14 14:47:00-04:00,2.9200000762939453,2.9200000762939453,2.9200000762939453,2.9200000762939453,100,0.0,0.0
2024-06-14 14:50:00-04:00,2.930000066757202,2.930000066757202,2.930000066757202,2.930000066757202,200,0.0,0.0
2024-06-14 14:52:00-04:00,2.92930006980896,2.92930006980896,2.924999952316284,2.924999952316284,442,0.0,0.0
2024-06-14 14:55:00-04:00,2.930000066757202,2.930000066757202,2.930000066757202,2.930000066757202,200,0.0,0.0
2024-06-14 14:57:00-04:00,2.924999952316284,2.924999952316284,2.924999952316284,2.924999952316284,123,0.0,0.0
2024-06-14 14:59:00-04:00,2.930000066757202,2.930000066757202,2.930000066757202,2.930000066757202,556,0.0,0.0
2024-06-14 15:00:00-04:00,2.930000066757202,2.930000066757202,2.930000066757202,2.930000066757202,200,0.0,0.0
2024-06-14 15:03:00-04:00,2.930000066757202,2.930000066757202,2.930000066757202,2.930000066757202,100,0.0,0.0
2024-06-14 15:04:00-04:00,2.924999952316284,2.930000066757202,2.924999952316284,2.930000066757202,215,0.0,0.0
2024-06-14 15:05:00-04:00,2.930000066757202,2.930000066757202,2.930000066757202,2.930000066757202,199,0.0,0.0
2024-06-14 15:08:00-04:00,2.924999952316284,2.924999952316284,2.924999952316284,2.924999952316284,188,0.0,0.0
2024-06-14 15:09:00-04:00,2.924999952316284,2.924999952316284,2.924999952316284,2.924999952316284,260,0.0,0.0
2024-06-14 15:12:00-04:00,2.924999952316284,2.924999952316284,2.924999952316284,2.924999952316284,226,0.0,0.0
2024-06-14 15:15:00-04:00,2.924999952316284,2.930000066757202,2.924999952316284,2.930000066757202,1738,0.0,0.0
2024-06-14 15:18:00-04:00,2.930000066757202,2.930000066757202,2.930000066757202,2.930000066757202,814,0.0,0.0
2024-06-14 15:19:00-04:00,2.9398999214172363,2.940000057220459,2.9398999214172363,2.940000057220459,885,0.0,0.0
2024-06-14 15:23:00-04:00,2.940000057220459,2.940000057220459,2.940000057220459,2.940000057220459,336,0.0,0.0
2024-06-14 15:24:00-04:00,2.934999942779541,2.934999942779541,2.934999942779541,2.934999942779541,200,0.0,0.0
2024-06-14 15:27:00-04:00,2.934999942779541,2.934999942779541,2.9300999641418457,2.9300999641418457,3019,0.0,0.0
2024-06-14 15:29:00-04:00,2.940000057220459,2.940000057220459,2.940000057220459,2.940000057220459,261,0.0,0.0
2024-06-14 15:30:00-04:00,2.940000057220459,2.940000057220459,2.940000057220459,2.940000057220459,2008,0.0,0.0
2024-06-14 15:31:00-04:00,2.934999942779541,2.934999942779541,2.934999942779541,2.934999942779541,225,0.0,0.0
2024-06-14 15:32:00-04:00,2.940000057220459,2.940000057220459,2.940000057220459,2.940000057220459,203,0.0,0.0
2024-06-14 15:35:00-04:00,2.940000057220459,2.940000057220459,2.934999942779541,2.934999942779541,387,0.0,0.0
2024-06-14 15:36:00-04:00,2.934999942779541,2.934999942779541,2.930000066757202,2.930000066757202,2012,0.0,0.0
2024-06-14 15:38:00-04:00,2.934999942779541,2.934999942779541,2.930000066757202,2.930000066757202,667,0.0,0.0
2024-06-14 15:39:00-04:00,2.934999942779541,2.934999942779541,2.934999942779541,2.934999942779541,100,0.0,0.0
2024-06-14 15:40:00-04:00,2.930000066757202,2.934999942779541,2.930000066757202,2.934999942779541,1393,0.0,0.0
2024-06-14 15:42:00-04:00,2.934999942779541,2.934999942779541,2.9349000453948975,2.934999942779541,1088,0.0,0.0
2024-06-14 15:43:00-04:00,2.934999942779541,2.934999942779541,2.934999942779541,2.934999942779541,323,0.0,0.0
2024-06-14 15:44:00-04:00,2.930000066757202,2.930000066757202,2.930000066757202,2.930000066757202,100,0.0,0.0
2024-06-14 15:45:00-04:00,2.930000066757202,2.940000057220459,2.930000066757202,2.940000057220459,300,0.0,0.0
2024-06-14 15:46:00-04:00,2.934999942779541,2.934999942779541,2.9200000762939453,2.9200000762939453,1104,0.0,0.0
2024-06-14 15:47:00-04:00,2.930000066757202,2.930000066757202,2.930000066757202,2.930000066757202,436,0.0,0.0
2024-06-14 15:48:00-04:00,2.924999952316284,2.930000066757202,2.924999952316284,2.924999952316284,735,0.0,0.0
2024-06-14 15:49:00-04:00,2.924999952316284,2.924999952316284,2.924999952316284,2.924999952316284,171,0.0,0.0
2024-06-14 15:51:00-04:00,2.924999952316284,2.924999952316284,2.924999952316284,2.924999952316284,517,0.0,0.0
2024-06-14 15:52:00-04:00,2.930000066757202,2.930000066757202,2.930000066757202,2.930000066757202,177,0.0,0.0
2024-06-14 15:53:00-04:00,2.924999952316284,2.924999952316284,2.924999952316284,2.924999952316284,3472,0.0,0.0
2024-06-14 15:54:00-04:00,2.924999952316284,2.930000066757202,2.924999952316284,2.930000066757202,251,0.0,0.0
2024-06-14 15:55:00-04:00,2.924999952316284,2.930000066757202,2.924999952316284,2.930000066757202,1380,0.0,0.0
2024-06-14 15:56:00-04:00,2.930000066757202,2.930000066757202,2.924999952316284,2.930000066757202,2362,0.0,0.0
2024-06-14 15:57:00-04:00,2.930000066757202,2.930000066757202,2.924999952316284,2.930000066757202,934,0.0,0.0
2024-06-14 15:58:00-04:00,2.930000066757202,2.930000066757202,2.930000066757202,2.930000066757202,2123,0.0,0.0
2024-06-14 15:59:00-04:00,2.930000066757202,2.934999942779541,2.924999952316284,2.934999942779541,2316,0.0,0.0
